C.H.All.1	C.P.All.18	C.PH.All.4	C.PH.All.12	C.PH.All.6	C.H.MSI.4	C.H.All.8	C.P.Kidney.2	C.H.All.10	C.H.Lung.3	C.H.All.12	C.H.All.13	C.H.MSI.9	C.PH.Breast.5	C.PH.MSI.9	C.PH.All.29	C.H.MSI.6	C.PH.All.23	C.H.All.21	C.H.Colon.7	C.H.All.23	C.PH.All.32	C.PH.Prostate.7	C.PH.All.11	C.H.All.30	C.PH.All.34	C.H.All.32	C.H.Ovary.1	C.PH.Biliary.3	C.H.Kidney.1	C.H.Bladder.3	C.PH.Other.4	C.H.Bladder.9	C.H.Colon.13	C.PH.Other.3	C.PH.Breast.10	C.H.Prostate.2	C.PH.Liver.4	C.H.MSI.3	C.H.CNS.2	C.PH.CNS.2	C.PH.Colon.14	C.H.Colon.12	C.PH.MSI.8	C.PH.Lung.9	C.PH.MSI.16	C.PH.Prostate.13	C.PH.Skin.7	C.P.All.2	C.P.All.3	C.P.Other.12	C.P.All.10	C.P.All.11	C.P.Other.13	C.P.All.13	C.P.Other.8	C.P.Other.20	C.P.Other.25	C.P.Other.6	C.P.Other.10	C.P.Head.3	C.PH.Ovary.1	C.PH.Pancreas.6	C.P.Colon.6	C.PH.All.2	C.P.Other.7	C.P.Ovary.2	C.P.Uterus.5	C.PH.All.30	C.PH.Ovary.2
A[Del(C):R1]A	0.00228745774806103	0.00129156290614001	0.00242614376316468	0.00171727190631986	0.00464985478350165	0.00564888707244964	0.00459533357465173	0.0105959140753103	0.00139156481798764	0.00804813278362698	0.00312257022980555	0.00379357058543418	0.00226204268304345	0.00654697529720009	0.0288095737777911	0.0220598950908015	0.000451324546682637	0.00901855950154387	0.000802757503330802	0.00562668173299801	0.00233825744862014	0.00754913680856449	0.0045774187940393	0.00147763467250126	0.00130193008275204	0.00422066992367347	0.00217661467620021	0.00578834414549497	0.00350158507373592	0.00225640709857418	0.00515463336049817	0.0040871797813534	0.00474002470787341	0.0107719810003992	0.00767974271257641	0.00800215403859798	0.0291961357397786	0.00488612754812522	0.000199896348435354	0.00286256087522477	0.00121947562248065	0.00364266063595908	0.00687580350498555	0.000372570510748458	0.0035238834923753	0.00100569693191513	0.00380199924361935	0.00159284221921204	0.0121376658596305	0.00989756310272333	0.00216351479433064	0.000570849717695053	0.0128810500373329	0.00191165871658566	0.0257224179210634	0.0145223640031863	0.000985890764381518	0.00697742860738165	0.00116492430382089	0.00363453456032313	0.00584556644968477	0.0146143176520385	0.0153206018922936	0.00180086628884693	0.00260678259749103	7.62790722512793e-05	0.000506876867927616	0.0109738720312748	0.00573823884946917	0.00506519572863677
A[Del(C):R1]G	0.000106744780306596	0.000145807702830769	0.000163453771215473	0.000217492168553271	0.000720219794873279	0.00128206353872641	0.000540262821978356	0.0012021439389785	0.00034958982543489	0.00116061592395599	0.000475211266872256	0.00106609498046381	0.000402631968853369	0.000447521809224778	0.00266815619286767	0.00114129439349266	0.000152431405282361	0.00116452023542841	0.000143044456188547	0.000338356989872315	0.000134034774701193	0.00286444617265254	0.000143504996517527	0.000665995930088693	7.34043837881929e-06	6.91823897798082e-05	0.00278403038518813	0.000344364167204225	0.000499809008909213	0.0001642054015743	0.000331574789998446	0.000824294742774283	0.000793410145658088	0.000971496765000404	0.00134937271859733	0.00143667957668855	0.00370941136951692	0.000509804710464491	1.67777409737606e-05	0.000123227577596757	0.000901924596080252	0.000465560862496743	0.000793053478257998	6.3263963715116e-05	0.00156214541026854	0.000454010448842611	0.000129599616321518	0.000109916160688433	0.00163938407572879	0.00196853372929027	0.000418000067695865	2.99202658695522e-06	0.00288913996826502	0.000162119600468074	0.00177495652090374	0.00155138661853819	0.000130223938605443	0.00170550961298288	0.000408143908177963	7.00206764433712e-05	0.000801402391346195	0.00267342783331049	0.00176702080430253	8.23613633706267e-05	0.000295230015837605	2.62995957090462e-05	0.000131504931933965	0.00226291991191512	0.0004375036071371	0.0011738363648138
A[Del(C):R1]T	9.14250129870325e-05	0.0010842087068978	0.00173918284323857	0.000243327406399701	0.00395888109990617	0.00685430962163092	0.00313348895558707	0.0106171374781343	0.000160779066653269	0.0061822232193258	0.00310445371080335	0.0105939613867514	0.00132350739788587	0.00368862219517535	0.0075866877539272	0.016366371757029	2.44054121722959e-05	0.00796582289203584	0.00105339217088939	0.00422291180963457	0.000425829127464955	0.00238096247536212	0.0060059330992932	0.00203017671281944	0.00166734850787239	0.00443914059266449	0.00136139986965959	0.00741226720859501	0.00178580486461289	0.000489492512593971	0.00382330057326758	0.00221906512706824	0.00548642481378487	0.000442734408551189	0.00743926529730629	0.00409801579882438	0.00554077198615447	0.00460118702081972	0.00019727623810558	0.00149227242320468	0.000459203288842989	0.000376098765820549	0.00688270766909105	0.000256811746751456	0.0011261045365639	0.00044281750776117	0.000652703163979581	0.000260833564846533	0.00593128541311163	0.00968415159765345	0.00191700674662495	0.000182417104817592	0.0091965721802193	0.00339260430734089	0.0411839237577626	0.00514442709701526	0.000969746378901789	0.00756813812391025	0.000126331968760615	0.00465365533591781	0.00352184512741691	0.0173191735395905	0.0148615702620415	0.0105895076486926	0.00296457258124077	4.48376153147549e-05	0.000672744688684633	0.014147677175925	0.00306768156139232	0.000561235850477906
A[Del(C):R2]A	0.000294230268930906	0.000442640797491887	0.000459194309398643	0.000419871704761522	0.000855549505491377	0.00219737365191128	0.00216405501220781	0.00611875866543622	0.000681321897762632	0.00267406902020982	0.00197712869739031	0.00200223630799394	0.00198378200418583	0.00169315577412273	0.025813844537318	0.00995502092157155	0.000104439947293674	0.005726738699086	0.000572159226619119	0.00162401623202772	0.000683783129254641	0.0285939702760875	0.00136224926034499	0.00160041668686612	0.00378887773213522	0.000481765540265237	0.0021199667013114	0.00166566793812764	0.00147728743702211	0.000535265180523053	0.00268481922201755	0.00128046359782892	0.000824784461025094	0.00220587985223052	0.00546100236743189	0.00320643237231956	0.0292306458404791	0.00117930310921273	6.15725927496921e-05	0.000462676856722337	0.000880476189553595	0.000313687160638503	0.00344813552004995	0.000104892171461541	0.00127958824901055	0.00076419762249896	0.00123903815900774	0.000416286698176808	0.0178120676685435	0.00276113033976815	0.0015717703488483	2.55770014691333e-06	0.00397168102145123	0.00356601068890034	0.00566618799439675	0.0021216405161262	0.000703594344092737	0.00285515903150438	0.000306329918527328	0.000722411814935126	0.00218365656493297	0.00431254341789686	0.00476183162481084	0.00455198344011889	0.00107684885304662	0.00010670256425156	0.000194949442681489	0.00361051784686678	0.000548593864748715	0.00226360462767537
A[Del(C):R2]G	6.69152677735579e-06	5.59058821803024e-05	4.88558416137112e-05	2.73009177351117e-05	0.000154523011983347	0.000177580837521899	0.000160813971692699	0.000574735480227652	2.05613173225731e-05	0.000327207027134587	0.00043660406107606	0.000113521616997647	0.000251981282847651	0.000344371566803991	0.00450135926546336	0.000363712614052023	3.64618028377466e-05	0.00066309768465084	0.000261712956680926	7.67979196569904e-05	2.75822038761297e-05	0.00567497611697891	5.9221832331878e-05	0.000421236050030914	0.000106258190512811	2.19909785993385e-05	0.000404969479218723	0.000241627963406942	0.00016579478705849	9.68282335025078e-05	0.000199847324682579	9.87776016703485e-05	0.000492010984919309	8.00133508362166e-05	0.000193038885082508	0.000483279466101043	0.00320785226960383	0.000584369800593005	1.64434510351342e-05	3.0951981813942e-06	0.000392756889488777	3.34684897136278e-05	0.000884268282353566	9.26225998539583e-06	0.000982986826482929	9.16411305131833e-06	0.0001163762363453	2.72629374438837e-05	0.00191923502154177	0.000497380487582233	0.000176716238767695	1.68904726682956e-06	0.00065860235453365	6.40730269830375e-05	0.000822984665214496	0.000315249347432965	6.23678556316795e-05	0.000152796717528847	3.87378573106977e-05	3.74179452348859e-05	0.000215916257848811	0.00115723440976165	0.00054049743166807	0.000151531348749716	9.41706236363576e-05	2.72183659789783e-05	4.93472707583973e-06	0.000578417984339122	0.000383162206285597	0.000188546276625102
A[Del(C):R2]T	0.000157606483107461	0.000318424031910883	0.000944947845953433	0.000234400083441366	0.00226133088339482	0.00231998330150581	0.00209826223988865	0.00745526214268755	0.000765511836049985	0.002542629104254	0.000816416949405095	0.00193316359056369	0.000822541269872439	0.00408754539310501	0.0115860740451791	0.0124756793585777	0.000223804067498464	0.00656192080949314	0.000341182787827714	0.00139666052455525	0.000233520657835468	0.0111586662810979	0.00216843780721188	0.00119834235090337	0.000367734582861238	0.00117650552577972	0.0017955983175667	0.0030322847151332	0.00102159181964473	0.000564087774031414	0.00578660478610359	0.00127068104590281	0.000858318975155074	0.000570401874569439	0.00497994469896596	0.00277048023410168	0.00975890284011485	0.0028882391529729	0.000125638807744273	0.000465219340942768	0.00123898657752716	0.000320687834263756	0.00369614107850991	0.00010876335445684	0.00240714179665782	0.000568690812918208	0.000274697840245146	8.41635142215797e-05	0.00700300140372596	0.00192942732556238	0.000501775264619194	0.000385392327797167	0.00594307032761402	0.000690455835856997	0.0138148258511715	0.00180610312810308	0.000278909914105895	0.00133589067924354	9.04334359256178e-05	0.00121138670388644	0.00224209651976454	0.00782244317043581	0.00854620324266999	0.00225914507755182	0.00105240927442442	9.37600995110485e-05	6.48999780030382e-05	0.00643060987035274	0.00209910730769703	0.00156878773169457
A[Del(C):R3]A	0.000332826745386983	0.000221082352258469	0.000230284970152454	0.000583354621340233	0.000268639464104236	0.00104736046679302	0.000816238765920534	0.00458628614264642	0.000394637371287517	0.000797565946329218	0.000756037545790918	0.000488210814005252	0.00134281210703632	0.00197539269644549	0.0145978340315081	0.00404426137404317	0.000112955504778252	0.00384161623781499	0.000193773969276476	0.000941435351234416	0.000442901940686088	0.0182530994422467	0.00160274830494699	0.000555253170126382	0.000780830224247898	0.000559398095214883	0.000633640910143103	0.00145710164474525	0.000265433302475834	0.000897233895327653	0.00202718672498078	0.000597668784116911	0.00139819722155235	0.000680940049540312	0.00382998681684335	0.00148983006126322	0.0177846604410937	0.000906066140663615	2.48187692272053e-05	0.000407101467947482	0.00121944833443163	0.000890268038730576	0.00291172460975052	9.23449269126009e-05	0.00404965159085812	0.00093681993963824	0.000842369894104114	0.000506481663824341	0.0112689116878534	0.000595677880239915	0.000185131297756633	0.000390266435624304	0.00225421490626678	0.00069504266294242	0.0030548101628022	0.000494078239978049	0.00104759283505695	0.0052977453136982	0.000809404092980735	0.000621135688259906	0.00128993370730715	0.00390419477769356	0.00291802865462357	0.00309329707468149	0.000709412254200463	6.56701213821878e-05	6.37771889773556e-05	0.00167856823305922	0.00148110336941702	0.00101920743181773
A[Del(C):R3]G	8.30554276463123e-05	6.80208775276355e-05	7.42639622746042e-05	0.000167059456019992	0.000142989229828396	0.000157424735281863	9.61705141802801e-05	0.000724306905553037	0.000159071552411948	0.000179879211432294	9.73813482329629e-05	0.000662952671083184	0.0003681410585152	0.000166454230083012	0.0021368488387458	0.000356764566705716	5.91114299616759e-06	0.000589869167678637	8.17759998952553e-05	7.93551534178616e-05	4.02398293072948e-05	0.00253839463332769	0.000127712017506653	0.000351665702071188	3.34952042528647e-06	4.86900125868796e-05	0.00112868490551746	0.000103385468150566	0.000131110581157875	0.000109397671949591	0.000643062468669581	0.000145133773476859	0.000249142923996355	0.000320077753940258	0.000310806457856356	0.000516850058959343	0.00286880437117115	0.000142376462010436	1.40401774223069e-05	2.68342628047658e-05	4.38246067198622e-05	0.000211812149849235	0.000501418320345521	1.94273629847959e-05	0.000615495323260997	0.000337559158605127	0.000138090301939991	5.34380768850189e-05	0.00129595155087537	0.000170923571009469	0.000200272147387287	2.41292466689937e-06	0.000507079216009177	9.47972215735165e-06	0.000504051869136417	0.000406957039942456	6.19683846579279e-05	0.000125295469571922	8.52960133820935e-05	7.06117179617324e-05	0.000256303188999213	0.000633643307920746	0.000248963212470145	0.000118722401923836	0.00013831863096735	2.89306935794003e-05	1.04377794609756e-05	0.000853928979592293	0.000125546765463791	7.59513946051466e-05
A[Del(C):R3]T	0.000232696309446818	0.000349609330127916	0.000176474511498762	0.000188490641377943	0.000431069236072907	0.000306324953015568	0.000856241626404791	0.00536266100848761	0.000126925225271524	0.00118558633939321	0.000445345315218595	0.000489955808971911	0.000389243630274782	0.00169335066465289	0.0064846026612038	0.00304478101625598	0.000114535711321782	0.00317941180245327	0.000458908982809967	0.000733994860176278	0.000187876322091285	0.00736806753317596	0.000754179111330616	0.000678287916930983	0.000665948800299775	0.000424469891907043	0.00104588874915379	0.00115468560054008	0.00033053958421519	0.000554847370024524	0.00213006799880585	0.00054028969804236	0.000375771718149747	0.000391173375619603	0.00283838119240006	0.00133169259906538	0.00729089545665112	0.00083088051659364	2.53608610195724e-05	0.000429071847895771	0.00023145723175459	0.00031312269383916	0.0021022227089915	7.99584403823416e-05	0.000440053519781676	0.000638702573415334	0.000587298653330873	0.000284711702255079	0.00462432304846233	0.00126052084307951	0.00060363188940723	2.31640768022339e-06	0.00319478482336402	0.00036622921305728	0.00347420195324212	0.00103293571323991	0.000259998022510715	1.78839156655051e-05	0.000203940875818324	0.000248748939481233	0.00141883151090743	0.00323095991855442	0.00276819355718272	0.000693409574290355	0.000670498252666982	6.14697964136311e-05	0.000127817748219995	0.00310694737694902	0.000810047108143655	0.00113223438190939
A[Del(C):R4]A	0.000954686559702924	0.000419949046282275	0.000498224694697696	0.000701510160117533	0.000540844140184343	0.000990317900769836	0.00106566208045322	0.00280958868381172	0.000221265387104506	0.00127779716518771	0.000464878241142037	0.00180810561795313	0.00244848486084926	0.00296655278090892	0.00652038703957471	0.00202863176830208	8.50385225092228e-05	0.00192998209781043	0.000103461425384877	0.000978796392004261	0.000488717758329071	0.01117692023193	0.000770189087491382	0.000162897545255764	0.00062568328880431	0.000842106512899608	0.000672689888074615	0.000880532315922165	0.00102466580323879	0.00111350912904314	0.00138638038301998	0.000663074190422422	0.000432108330333343	0.00216366944792944	0.0021042151916745	0.000994819203191143	0.00784479180019338	0.00148373994709761	6.87282044089374e-05	0.000321513711092322	0.000992029733931426	0.000931362721255066	0.000873662542748661	0.000202957810493453	0.00257968557797039	0.000915912694853243	0.00108694305789477	0.00127756047933508	0.00508353960381111	0.00120073311350279	0.000228113792369275	2.36466617356138e-06	0.00155222486119736	0.000231039402689457	0.00245826455853464	0.000505356136930774	0.000504135967712208	3.61460410278637e-05	0.00125895393552698	0.00103984638676753	0.000947607009526969	0.00188615765794401	0.00226503559972454	0.00174488768145938	0.000783515210449743	0.000320941903636938	0.000190555317729126	0.00133603715019405	0.000513906486583863	0.00212485933998207
A[Del(C):R4]G	0.000268657665444069	9.41806156359951e-05	5.13892812364539e-05	0.000118116968253914	0.000278929625160808	0.000454109813313066	9.4477448794953e-05	0.000765052381728204	7.00436571075197e-05	0.000135559088653897	0.000308587854575046	0.000396501634090842	0.000329302125838652	0.00106773434549789	0.00169886361927379	0.000227048055655594	0.00011831064917577	0.000455759288623516	9.31084635301978e-05	0.000125123569725143	5.29257209855148e-05	0.00268707458113439	0.000214371116587743	0.000142150509520086	3.13572124920436e-06	0.000101988714568844	0.00107835254441638	0.000122468194360096	0.000328798811483273	0.000371489131054124	0.000264639871130042	5.30397144562991e-05	0.000316726285295119	0.000785882998814459	0.000522005310756158	0.000328835832599966	0.00167626816407778	0.000179031257622285	1.73288676293337e-05	6.47228048287966e-05	0.000327565740389306	0.00018359844973253	0.000277436712675799	3.26046490614942e-05	0.000552630534720758	0.000992990966540035	0.000106546369417897	0.000248814368164379	0.000902293245634544	0.000752120544884226	3.77582758351227e-05	5.64624372054452e-06	0.000474124283347518	1.14461041528395e-05	0.000551349914035409	0.00064317248083245	8.03008633992882e-05	2.14498928072674e-05	0.000281864793558743	8.97661131727229e-05	0.000219084373679734	0.000569659904112823	0.000499522984976718	2.23590172214103e-05	0.000104611633631378	0.000142459802243659	5.96048495115473e-06	0.000292572621432111	0.000249433622452699	0.00011975486720825
A[Del(C):R4]T	0.000524872020248876	0.000261460836651694	0.000224583055445977	0.000270572221555342	0.000382283686344824	0.000402564366082618	0.000536074161452033	0.00218439786708782	0.000279724034394175	0.000503000170586244	0.00170585304799775	0.000514337266422729	0.000316194304830283	0.000947221128571373	0.00310515383315991	0.000912688647715516	0.000109619513186355	0.00162751115876488	0.000162640691172165	0.000424932500037821	0.000152829944576202	0.00549259420225386	0.000364753819381547	0.000248275158537911	0.000240773505464475	0.000382395491392574	0.00107835254441638	0.000678639330936133	0.000320564680148173	0.000434392325738068	0.000965138775633593	0.00021243575828685	0.000270984933710872	0.00111322534704665	0.00129881275490081	0.000864124312219672	0.00260881597616138	0.00173144843791548	8.10065835060513e-05	0.000328477907000459	0.000424056281710248	0.000727056801633153	0.000925303149960912	8.6046135453388e-05	0.00111729900767263	0.000880408204326091	0.00069690166957142	0.000362455265764009	0.00267264424435444	0.000756087449375152	0.000113869199701613	3.95719645371496e-06	0.00146806378595154	0.000158916368390137	0.00163327624075034	0.000605727204113184	0.000470497632652236	0.000310131951419937	0.00104184603600451	0.00030733424741718	0.000894626163379262	0.00180153065850139	0.0014652297178595	0.00060095201659101	0.000381748620829885	0.000190169184455229	3.71490689978946e-06	0.00113854792539553	0.000515283857446001	0.000926035038354528
A[Del(C):R5]A	0.00223448802419301	0.000414527144813745	0.000256215864068833	0.000172957239686889	0.000585132380214706	0.000664992037144589	0.000387825123649327	0.000982501849115412	0.000151304734161495	0.000630129379407404	0.000204488690658469	0.000797947420587218	0.00114659006666883	0.00224916073936648	0.0069262308594759	0.00144833063982304	0.000126299471145838	0.000654293652359836	0.00018497085201082	0.000641476165378726	0.000326086963690715	0.00983640220402407	0.000901740851175808	0.000308609284608663	0.000176705019031868	0.000963717645252247	0.00108801851429884	0.000877133558177155	0.000280962100497062	0.00239541762080579	0.000740730004302092	0.000471918042955842	0.000611816294091243	0.00250032184046648	0.00117798424151552	0.000888444971924338	0.00809396580001039	0.000710641242169259	5.95216788019034e-05	0.000278125665156707	0.000206461378855839	0.00115823553081126	0.00150178724403696	0.000255962489743679	0.00059119652201672	0.00199604010594127	0.000690037329913688	0.00224237903287998	0.00383285687626044	0.000605106382461185	3.9916785389906e-05	2.75073412026528e-06	0.00104783159976984	0.000267763368357853	0.00257840475104518	0.000475998153704131	0.00122343923793491	0.000250590939143845	0.00339563122720094	0.00075288899931671	0.000854383237493902	0.00182083559093793	0.00185400092377789	0.00158025338853706	0.000607256200859133	0.00098090028002638	0.000322254311963826	0.00128019910088116	0.000585359071607304	0.000412830755181435
A[Del(C):R5]G	0.000604434284926623	4.44313164693235e-05	4.37705312598593e-05	9.78499114199879e-05	0.00012507663567778	2.55735526444726e-05	0.000115242644300636	0.000206361257252457	6.34151816846141e-05	7.82666458860473e-05	0.000298295297614006	4.89568032312653e-05	0.000328690087503631	0.000212554699127822	0.00096594668811552	7.28688509439739e-05	1.8143112166455e-05	0.000177953780616971	6.61783639513191e-05	2.18332862114613e-05	6.84796945315676e-05	0.00102758711632691	2.14716840860454e-05	0.000192375338000919	8.51989716687229e-05	8.83140612302456e-05	0.000618198464235276	6.62983591356539e-05	0.000146611747865897	0.000771906638019382	0.000162147257788422	6.73437095370903e-05	0.000117885132493734	0.00132557877259466	0.000108566603070282	7.57790256952768e-05	0.00130868945511947	0.000209018921118909	2.49633270385032e-05	2.26612723994932e-05	0.00019475480582793	0.000221522692549134	0.000233289981352043	4.65337630437392e-05	0.000234071021160466	0.00182398517291211	0.000594980307766838	0.000694534743549484	0.000294450004624831	0.000254950337339477	0.000448094070474148	1.83382274684352e-06	0.000222974423482436	3.0233647269643e-05	0.000334751452162828	0.000305500281304872	0.000113183442562973	3.6037981114477e-05	0.000963765670005566	8.51466892973323e-05	0.000374649334088235	0.000101916891486148	0.000177624668259421	5.65976441201157e-05	6.91174434372949e-05	0.000171670192259216	8.40151146254623e-05	0.000364714804006914	0.00016739764935181	0.000292767267921965
A[Del(C):R5]T	0.00238903846032744	0.000191192413607797	0.000185450461273255	0.000326113775231706	0.00019466996903203	4.56101523020579e-05	0.000360589401027443	0.000903419597182043	0.000372688698643871	0.000288791367173116	0.000253280536697896	0.000655875747051734	0.000550107705996165	0.000633057593943171	0.00304137711712492	0.000567802137297516	0.000226086588061341	0.000575130056499003	0.000327351974715265	0.000359512970328355	0.000183406486223677	0.00480342011311784	0.000418363149158559	0.00044476314260382	0.00010914447938992	0.000578875181784254	0.00043708668591979	0.000636775894591853	0.000160703717600463	0.00219392703350133	0.00042283416741611	0.000294356570209377	0.000223597716402454	0.00360415056331355	0.000569474087392504	0.000295619733858437	0.00287876985479589	0.00020772012914841	6.60990592159571e-05	0.000103523324888417	0.000456174315402202	0.00153738584485065	0.000597187513903589	0.000104383916311571	0.000559875590137629	0.000940602500372367	0.00137814458202337	0.00179292906434259	0.00197994085780866	0.000539999136260538	0.000194453556413523	1.78556425350553e-06	0.000719110602672899	7.64666840803978e-05	0.00105712577980003	0.000559507767878635	0.000293384438938591	0.00159507238150163	0.00199542142754926	0.000559243974148779	0.000538632056807825	0.00120606038851538	0.000773960461644333	0.000238535487614571	0.000295796266782576	0.000946985461000357	0.000443030370985712	0.000540615480669926	0.000234341404971844	0.000858725005183531
A[Del(C):R6]A	0.00450148000887343	0.000437087185022673	0.000105901797563379	0.000274962248398953	0.000231276438182343	0.000183794971809341	0.000277155641729231	0.000219121228299833	0.000244565841855865	0.000230737515904245	0.000755754264406669	0.00248753879705476	0.000536846875404041	0.00184132572901195	0.00241674148159481	0.000126365603778329	0.000350513221822254	0.000339147934103799	0.000131104453474707	0.000457212591830134	0.000728343925528389	0.0034786806634738	0.000185565664418866	0.00014729706102041	0.000326115009917253	0.00128952454154378	0.000775896259727923	0.000511569498393999	0.00024696176959827	0.0039750040164645	0.000394253402596929	0.000278751522274512	0.00169339009695624	0.0088774180990113	0.00010816734994705	0.000507063658042327	0.00421499357207852	8.74231306364505e-05	0.000114806006760138	0.000254828771702106	0.000806198120131761	0.00133098058001676	0.000494514156240018	0.000367978352396652	9.77525169322518e-05	0.00181635127761233	0.0015982452428428	0.00437476420521418	0.00103208445947158	0.000150372959778538	0.000101856624788036	2.89550960027924e-06	0.00057154212596905	0.000288693387380188	0.00106009342285087	0.00132562926676742	0.000522903905803334	0.00268696377631792	0.00336545785496178	0.00106888084247386	0.000648730627626263	0.000770327866048081	0.00101181845024486	0.00069728592335379	0.000600381750029609	0.00163939350241014	0.000759947969679318	0.000230169633504907	0.00124706216065872	0.000533110276476759
A[Del(C):R6]G	0.00113081230343744	5.81353023294974e-05	1.82602017252975e-05	0.000165895327495967	0.00022932076365189	1.93195841628804e-05	1.63041358455821e-05	4.51147995944194e-05	4.33993203002408e-06	3.10758711814385e-05	6.85945637573925e-05	0.000905070722707115	0.000118136149457721	0.000254899096136699	0.000342550648858781	7.62251111027832e-05	0.000206597374024471	0.000162077444589884	5.1498236004085e-05	2.15951889663813e-05	9.07403062955028e-05	0.000580102024325479	3.76250990408093e-05	0.000119933030498602	9.57820308847876e-05	4.04433111172356e-05	0.000657517011047972	2.58858874765369e-05	4.11430253622919e-05	0.000869568685755508	7.80164824085772e-05	4.38033771394795e-05	6.76519390372707e-05	0.00417745556997805	2.3271617652609e-05	5.6033703391081e-05	0.000629228017905538	0.000247867232058711	2.18553340955987e-05	3.52631507094554e-05	0.000510259228552119	0.00039925154444409	9.74566765063253e-05	4.71280805673463e-05	1.89486064748949e-06	0.00117818170139135	0.000579550730129105	0.000924327215389016	0.000145207318134883	1.54413746444797e-05	0.000210970846919691	2.02685672019547e-06	6.07773678566048e-05	1.96218928334391e-05	0.000173853873716786	0.000355264832495091	7.53020779709903e-05	1.19946503859279e-05	0.000851275143793286	2.83088084591487e-05	5.16847987623297e-05	5.58105127034018e-05	2.02839712377176e-05	0.000153712716283512	6.47799690253611e-05	0.000194206895216718	0.000141914988209121	0.00015990314767705	0.000210967303717368	1.71181255076478e-05
A[Del(C):R6]T	0.00214870071569955	0.000360306921770639	0.000239175466606338	0.000306712801968365	0.000154896345553636	0.000457416051427538	0.00011585449466266	0.000157545838603834	0.000392076099925536	0.000111246038320039	6.65576357087462e-05	0.00109895905233589	0.000438550968639921	0.00017270844436926	0.00101766961096666	0.000234750860071107	0.0003523275330389	0.000164300111717304	0.000161084647204785	0.000342198330620001	0.000357965637119183	0.00224460557795919	0.00022779183862097	9.64978406310591e-05	5.84740746584585e-05	0.000686815716553116	0.000603333665929986	0.000232430992698266	0.000126351087458308	0.00207181058324192	0.000207819604355193	0.000116245089696613	0.000319949439004953	0.00553812896177592	0.000189500050581136	0.000151243733273683	0.00112724383475206	7.94860685945146e-05	5.85097741228182e-05	0.000196738534404869	0.000578943247925651	0.000608180307910341	0.000189732961811281	0.000111549826780637	0.00330341088292035	0.000843253141842228	0.000834207791116079	0.00189860087032387	0.000763329570367085	7.23249664062011e-05	5.14601190959211e-05	1.1582038401117e-06	0.000196354289362431	6.57249555677331e-05	0.000939384048247427	0.000404342517662649	0.000297577084744183	0.000211905490151392	0.00197712543796421	0.000643688266279363	0.000374557694374118	0.00039123253952234	0.000142129191434777	0.000227201219820725	0.000379075462429676	0.000917269340800821	0.000325179108067765	0.000260902203281773	0.000276498371273671	0.000172672918657373
A[Del(C):R7]A	0.0054221174538722	0.000375569689198543	3.76832388329915e-05	0.000176383003445841	0.000200366396488623	4.39371161477466e-05	7.33864220177127e-05	5.30300757521497e-05	0.000172850243720385	0.000119704293624864	0.000656349477714786	0.000680548036996996	0.000449121380717681	0.00080849450573476	0.00060914170657272	7.74776866644441e-05	0.000369739068101869	9.04392499306253e-05	0.000121204046240022	0.000296527002509743	0.00100814773629148	0.00119824752693272	4.60916658044401e-05	0.00014858369889549	0.000369836941426045	0.000831205995858667	0.000545414866315593	0.000128650320158745	0.000127373446046894	0.00583438486745642	4.20890864998885e-05	0.00023335122603426	0.000114216223483603	0.00659104329528014	0.000245322896356617	0.000203427630556621	0.000651004445085516	0.000184673787183007	8.72677437078909e-05	0.000120298193603651	0.000508894826101314	0.0014391707639539	0.00024915776455904	0.00030275768754507	0.000461788686032291	0.00248352621728091	0.000689871657999182	0.00589630709283536	0.000132954852559397	3.11043958149567e-05	0.000368542044418873	0.000194916054592131	0.000124981643282916	0.000137629968835571	0.000177400569070231	0.000468619883202643	0.000147530748630414	0.00108767705819421	0.000758368134050415	0.00064658596051431	0.000357407976446394	0.000142837711774991	0.000114710776639442	0.000431866554782164	0.000366809692133063	0.00203448911061199	0.000572871911770518	0.000187461461420624	0.00026042315834847	0.000894607229805331
A[Del(C):R7]G	0.00121565384502241	6.68717292556113e-05	4.28690825052062e-05	0.000159797678389705	2.78442560834007e-05	6.32168661164768e-05	2.18317428833209e-05	4.32155882174928e-08	4.30435881666322e-06	3.86568514742168e-05	9.05825950109913e-05	0.000647683965124918	0.000173066590025866	2.73909781488383e-05	5.0774273141109e-05	5.6360547387725e-05	0.00010830267440008	4.27694132865417e-05	3.04947421336336e-05	1.29029058031577e-05	0.000200701660588309	0.000252691720709386	6.68277663315255e-06	6.55725802764387e-05	2.63685650501275e-06	8.31497334246652e-05	0.000517110133791272	1.03882296525252e-06	2.27543864243435e-05	0.00121881862225029	6.92384431971139e-05	1.52295253909777e-05	2.20820317992916e-05	0.00405347586635083	1.35080640026712e-05	2.48949401738358e-05	4.02310264850444e-06	1.41712635003292e-05	1.0055802748409e-05	0.000156169329670166	0.000344784499318467	0.000483454567145377	7.55919780907375e-05	4.41435024023467e-05	2.11778542954707e-06	0.00153119777863275	0.000562047492361462	0.00100770887479612	1.25419698815482e-05	1.62427120846238e-05	1.88322137968052e-05	8.68652880083773e-07	4.0958622957046e-05	2.13115558274296e-05	3.79641165894175e-05	0.000101700485290786	3.65138063034634e-05	7.29404415360479e-06	0.000219203037687337	5.34874218790261e-05	2.86439563556174e-05	3.38705274452306e-05	7.72181269279015e-05	1.06415362121676e-05	4.44070661599981e-05	0.000219938967343098	0.000115993809468053	3.08407830507281e-06	6.58253775695803e-05	1.60173806582979e-05
A[Del(C):R7]T	0.000923101634654865	3.93308381767748e-05	4.9708699264489e-05	0.000211941519596852	4.46220150766485e-05	3.16283501553135e-05	8.18831796136304e-05	3.60713691337483e-05	0.000115055629746786	3.29013598857507e-05	0.000341839693249967	0.0007398778658634	0.000236195794123565	0.000173895504871182	0.000157420531040093	0.000206674967674049	0.000190210046906383	7.36895809865374e-05	0.000130000964127322	5.79235118309891e-05	0.000266281238172048	0.000533248679691429	5.80007636240042e-05	0.000151455658438081	0.000148911126141193	0.000306490012037595	0.000603757274171847	2.38251788769871e-06	5.75214862645744e-05	0.000652540530232054	1.67882369800231e-05	5.43521467813995e-05	2.36593197849553e-05	0.00186691685875296	1.55829703855266e-05	8.88480421336015e-05	0.000461770983811367	9.88957930425215e-05	6.60629197631326e-05	0.000143346365775819	0.000107869657760657	0.00048887430529467	7.73429684617784e-05	9.19665772322718e-05	0.000202638626890346	0.000821107968089699	0.000151396517873462	0.00097991175083303	0.000146050097336977	1.62824947944182e-05	0.000303661626786691	2.21989069354742e-06	9.572448543895e-05	9.53548522886548e-05	0.000132978045264847	0.000318705834514743	9.66143942462821e-05	1.17785305591544e-05	0.000375885968602204	0.00027335609039785	0.000216308999480743	0.000152776698888305	0.000105938533487261	0.000108154560560784	7.97599871134903e-05	0.000743433127303464	0.000323557301697334	2.75943848348619e-05	6.28057568333561e-05	6.54891748688018e-05
A[Del(C):R8]A	0.00370908546937042	0.00041713478095573	0.000445809973613942	8.14995159153866e-05	2.88109675137514e-05	4.74425252329703e-05	8.02267833424657e-05	1.27645200566615e-05	0.000303949392692916	0.000448779372671894	0.000458227873407053	0.000647053828053625	0.00110710084326132	0.000411024128120893	0.000117216633393717	0.000432786268101905	0.00014353542770397	6.17337828092057e-05	0.000144358724400039	0.000734120265764099	0.00187739513455539	0.000279596022425292	4.90340000402806e-05	0.000129100325358553	0.000181764932865812	0.000753870186970101	0.000160663053185671	5.3273551631102e-05	0.000344037480715847	0.00409061796020054	3.69606640232129e-05	0.000280545685539751	4.09066210194952e-05	0.0035364694362325	0.000196335747994042	0.000834337353234384	0.000266853505951258	5.54006930527127e-05	7.55404912663501e-05	0.000114494697013537	0.00104207601582696	0.00127083005531557	0.000227147906319947	0.000405624957498584	0.000477393420776322	0.000768203698185559	0.000320953438775444	0.00387274542694576	1.36581698171463e-05	3.01155113143533e-05	0.000487885724875371	0.00019829414912579	6.53611407048142e-05	0.00014892513535123	0.000186168605356806	0.00178804519879764	5.85890761502448e-05	5.40839866500622e-05	0.000222361601177059	0.000523566113880994	0.000576727995105287	0.000316896806982024	0.00012172150152265	0.000218018841621029	0.000257699748472348	0.000962380147983449	0.000439745173466122	0.000157901202110599	0.000200160240029829	0.000473433445905926
A[Del(C):R8]G	0.000342415436320742	4.06491565414207e-06	2.54148228821172e-05	0.000107278651182345	2.04121983861264e-05	1.81245583383724e-05	1.98620876083116e-05	5.00391021465706e-08	4.0197731097764e-06	2.47174008111077e-05	3.35890784180742e-05	0.000205279268994464	0.000290973225107955	4.08207074093942e-05	2.01347315345498e-05	7.04654046739493e-05	0.000108010043558686	1.99054181048379e-05	3.66383260845242e-05	3.36006068530118e-05	0.000255449612300626	2.82342379104485e-05	5.70077258194081e-06	4.83178473445517e-05	9.80269222336498e-05	4.80762416906143e-05	0.000253202199112125	2.99226180208606e-07	2.520666547129e-05	0.000372690072450305	2.64478719222273e-05	2.65293401206719e-05	9.32657243696789e-06	0.00130309505618276	2.12088098492455e-05	1.83249825429963e-05	1.26229459246653e-05	4.32930656832868e-07	2.34996791991121e-05	7.53072771812428e-05	0.000119166910053324	0.000204117406990634	3.77869165563996e-05	6.47903529833965e-05	2.78655977571984e-06	0.000715694877812714	0.000307901253110884	0.000300916978751381	1.19500944113751e-06	3.46677899636828e-07	2.36184741139334e-05	1.10994534677371e-06	7.03206326389424e-06	2.05442895050965e-07	9.6037140414689e-06	2.51924731537307e-05	1.86095892366656e-05	4.91672605909656e-06	3.46723167546495e-05	4.79930607663099e-06	0	5.65056781536714e-06	3.70684713992795e-05	1.76867637875362e-07	1.03071759776185e-05	3.29993010402322e-05	0.000166325253323036	6.77595449833832e-05	9.00647502630911e-05	1.22830780385406e-05
A[Del(C):R8]T	0.000783432720345781	6.91228998452863e-05	0.000117134720335116	0.000118432545263438	2.00166131460852e-05	3.6886463783149e-05	4.98029431664048e-05	5.39739951790055e-06	8.34784740201352e-05	0.000107280566095776	9.7489264950772e-05	0.000739247728792107	0.000248449311622633	0.000247351517422983	2.21693085584439e-05	0.000162626060422307	0.000104674051966789	2.95469338430459e-05	4.15048380940592e-05	0.000189950745851583	0.000616899535473438	7.88121726384639e-05	3.75956756984509e-05	5.41536691350967e-05	8.76576621936672e-06	0.000259270886532514	0.000195552968378916	5.70054102182319e-05	0.000130447429640954	0.000621571176196839	3.09506458157964e-05	8.26225459691844e-05	0.000198292530893328	0.00127577098253129	7.79995419840762e-05	0.000179459101674615	0.000153726812211202	6.04371196938684e-05	1.34529113139093e-05	0.000301920001176175	0.000609069254039429	0.000502927065080979	0.000128711401004956	0.000103451844566897	0.000279993526264329	0.000740023620716308	0.000265569317755822	0.000478160065824211	1.66561477421535e-05	2.00504857363726e-05	9.87596328181294e-05	1.25472082678767e-06	3.78322906560752e-05	1.51524616880446e-05	4.21688259230924e-05	6.10424481429447e-05	3.5527724800689e-05	9.50927237803291e-06	0.000158775954914081	0.000166798524399137	0.00014289249708481	5.52092885301956e-05	6.09049360021855e-05	5.75409381887843e-05	4.33129143686081e-05	0.00021814045421293	0.000112195733010805	3.49709230031355e-05	4.65716165009853e-05	0.000170512578298836
A[Del(C):R(9,)]A	0	0	0	0	0	0	0	0	0	0	0	0	0	0	0	0	0	0	0	0	0	0	0	0	0	0	0	0	0	0	0	0	0	0	0	0	0	0	0	0	0	0	0	0	0	0	0	0	0	0	0	0	0	0	0	0	0	0	0	0	0	0	0	0	0	0	0	0	0	0
A[Del(C):R(9,)]G	0	0	0	0	0	0	0	0	0	0	0	0	0	0	0	0	0	0	0	0	0	0	0	0	0	0	0	0	0	0	0	0	0	0	0	0	0	0	0	0	0	0	0	0	0	0	0	0	0	0	0	0	0	0	0	0	0	0	0	0	0	0	0	0	0	0	0	0	0	0
A[Del(C):R(9,)]T	0	0	0	0	0	0	0	0	0	0	0	0	0	0	0	0	0	0	0	0	0	0	0	0	0	0	0	0	0	0	0	0	0	0	0	0	0	0	0	0	0	0	0	0	0	0	0	0	0	0	0	0	0	0	0	0	0	0	0	0	0	0	0	0	0	0	0	0	0	0
G[Del(C):R1]A	3.38122964774653e-05	0.000310102071711693	0.00105512733621315	0.000128769445530984	0.00201985576324267	0.00141116616196743	0.00184637580857322	0.00510156379700073	0.000371858656998784	0.00274687575234165	0.000823283150575697	0.00161218146086325	0.000761452193558143	0.00453871697044017	0.0161384739433134	0.0275175381053425	1.80260598298972e-05	0.00665097686738076	0.000462405432202805	0.00106830015154069	4.88063865813869e-05	0.00700760101200764	0.00192988070320552	0.00156156481817394	0.000228907651191918	0.000741939508204592	0.00188436349915658	0.00318841867765526	0.000701738645811583	0.000272520359519043	0.00380519468245344	0.00107888764805872	0.00186294855541508	0.00034677682897667	0.00540502828941276	0.00205897036574054	0.0162524119699927	0.00197114771158194	2.15300790201785e-05	2.96807397037265e-05	0.000754405403099196	6.62054218865506e-05	0.003280929548349	4.37684003587586e-05	0.00396538602324035	0.000302604858730211	0.000138772317988044	3.33041013520047e-05	0.00686419695582684	0.00173429881726515	0.00052752096554074	0.000384861484370449	0.00516606927768888	0.000121186151807206	0.00932729881872343	0.00215443282946614	0.000369730179813977	0.0035068143391831	3.30507516966729e-05	0.000842148505473694	0.00143327131157482	0.00588685361250101	0.00590463280306272	0.000118294971798971	0.000903893821844673	9.71619887229031e-06	0.000329628679391766	0.00472740508194423	0.000359017012796335	0.00258696643000824
G[Del(C):R1]G	0.000261829092824877	0.000120168766936124	6.04992754354301e-05	0.00029783106235585	0.000481911829049203	0.000550389060574266	0.000547257193582591	0.000611057044872133	0.00025897299326701	0.000527280116202666	0.000731931648950316	0.00169249970141197	0.000412934614159558	0.000839907315733396	0.00372907439579844	0.000786810156655611	0.000107161414118642	0.00107656455709984	0.000188721475916258	0.000407516148884967	0.000267187642494274	0.00464936276433957	0.000297344942038443	0.000323428595848433	6.39259536485524e-05	7.40175254857397e-05	0.00100587702521805	0.000232176932733938	0.000123000790732198	0.000366249790869745	0.000396139827870235	0.000186881259517481	0.000723975185419632	0.00121120132041699	0.000746179890160989	0.000973315590067758	0.00299566128679418	0.000575364842930882	2.1647532241858e-05	3.0620353437364e-05	0.000511214310267682	0.000318270373986492	0.0007909668057951	4.40817973042673e-05	0.00121081595374578	0.000578405116621763	0.000359844920705915	0.000175004359933245	0.00100694261884727	0.000625980938614728	5.18667948091411e-05	1.44775480013962e-06	0.00151818995460501	1.06411034212112e-05	0.000959680489467647	0.000637699709619634	7.45355255618993e-05	0.000317966295140475	6.01564695693169e-05	6.43048277223249e-05	0.000328057085153298	0.00164347445984212	0.000930823958064742	1.69350763265659e-05	0.000126138952728715	4.6203574654123e-05	6.88366703893823e-05	0.00244008307677319	0.00104285221484619	0.000408211741748181
G[Del(C):R1]T	5.64323903717733e-05	0.000415722210682338	0.00257540893204855	0.000321899068948941	0.00464616595113827	0.00368980156994526	0.00137497863068084	0.0081425969752682	0.000281621272440087	0.00456030015177118	0.00224532872032531	0.00170970729066653	0.000724946657033863	0.00392902852279604	0.0102054485964504	0.0809338049305303	2.69805635765669e-05	0.00642583821378057	0.000173440008268483	0.00236322207001682	0.00031179931801272	0.006415304702777	0.00640927931009559	0.000583352422291093	0.000709350033044444	0.00297887958849706	0.00188910020949738	0.00726502534482444	0.00246402926288699	0.000367593849634384	0.00464567771766506	0.000962225311091125	0.00553014312208315	0.000427945480283148	0.00763198357003226	0.00207381185276272	0.00882307010935494	0.0044289960675754	0.000100241807271876	0.00148378826390389	0.000349696348141366	0.000413392133979063	0.00173348953981941	0.000214850656239077	0.000832846985767144	0.000629641621111311	0.00018362798884076	7.85254183234057e-05	0.00516667559036884	0.00540276478580247	0.000149875641695172	3.28157754698314e-06	0.0063597008531628	0.00126849248099968	0.0297226395401719	0.00153709537387314	0.000971221902318349	0.00295424997208002	5.76490691015721e-05	0.00345993012734091	0.00435244131340342	0.0169717129381159	0.010690978399503	0.00326360587098564	0.00138715397956366	8.86475088408425e-05	0.000491185544753879	0.0101902456086016	0.00256149776955685	0.001371517794955
G[Del(C):R2]A	6.23912489946963e-05	0.000526859711388064	0.000886015214729157	0.000417946685003421	0.00190968280148344	0.000651846753075001	0.00208024198950026	0.00526147057142403	0.000638278309596	0.00265616646194512	0.00121027250063904	0.00292402989913154	0.00211120073505804	0.0062318727445629	0.0305209562949662	0.0320848568341194	2.63660388096386e-05	0.00585841081419491	0.000161363619230809	0.00127160456982447	0.000182175962268555	0.034376799990323	0.00150683188677639	0.00113106957057772	6.44604515887577e-05	0.000369098699211478	0.00252389641484556	0.00274844327720891	0.000927963114849477	0.000287945922840984	0.00270560781811986	0.00139714869373857	0.000855164399183747	0.000195678678947949	0.00645939529497011	0.00386334305681548	0.032582111801875	0.00205004210827879	1.76631575679601e-05	0.000455463939531766	0.00152807616880376	0.000322133811833232	0.00268742546496687	0.000116012079662802	0.00204745266080791	0.000624070940757413	0.000860212759296496	6.6549927811005e-05	0.0164083224060201	0.00102875245906165	0.000457666591108405	2.02685672019547e-06	0.00462812517565413	5.2224422464384e-05	0.00550084882158415	0.0013679712335192	0.000685168295573741	0.00193238140113834	0.000264188254510839	0.000771345892114727	0.00245450428570142	0.00503756810308109	0.00606808873741953	6.36870886049531e-05	0.00142992451396701	2.98234455762016e-05	0.000314727467013879	0.00295279756833231	0.000558188371181552	0.00219646947920006
G[Del(C):R2]G	7.54956928709493e-06	9.42362000949994e-05	6.03266932389073e-05	8.92907616394321e-05	0.000757241628525636	0.000286129016581382	0.000349226166393001	0.000838396058447218	5.74981705289255e-05	0.000189302232788103	0.000628223683135797	0.00257260730167938	0.00022468182294598	0.000972645484097624	0.00648759203469611	0.00306189954893202	1.91965831954749e-05	0.00102593514756028	7.97736006862365e-05	0.0001979576325763	5.61631484815311e-05	0.00618851214414516	0.00021167152492636	0.000628246893860876	1.0547426020051e-05	2.67970480623852e-05	0.000547147809123205	0.000155631488370385	7.09779357954247e-05	4.4721066395638e-05	0.000593143295356875	0.000274802845828184	0.000572075494626368	8.57465632401643e-05	0.000694894011694959	0.00103842670614231	0.00763296990936983	0.000550514623228675	1.28385406158933e-05	4.97995278827888e-05	0.000189078891632581	4.42704777048569e-05	0.000764438848049382	2.25434704378069e-05	0.00127000248338207	4.08172690128137e-05	0.000230954932418201	1.75455990354029e-05	0.00185971615292975	0.000394042057269177	0.000137080998102326	1.83382274684352e-06	0.00110458440458053	6.28781040220268e-05	0.000536185981860989	0.000536087852202739	8.135892165409e-05	0.000236543150403569	2.49936663825284e-05	4.47184704906687e-05	0.000208139973536545	0.00143402768556528	0.000665170507280205	2.18431532776072e-05	0.000185283805231896	6.37772920119207e-06	8.81597309054513e-06	0.000942555650885438	0.000238102686941527	0.00023745226740837
G[Del(C):R2]T	7.55438848153313e-05	0.000519363059569308	0.000649797103237991	0.000258839769623453	0.00227388329754288	0.00150119144074703	0.00156965914852496	0.00632037985501261	0.000344692579728879	0.000889296753720905	0.00057307824033536	0.000670078067197042	0.00117529211442159	0.00253836056881246	0.0192651742135159	0.0265445117151867	0.0001251582108644	0.00717160676742073	0.000735432254383605	0.000970739805369164	0.000292433169947202	0.0176085570124255	0.00124728490591511	0.000573955370667735	0.000136760206300526	0.000437198202454043	0.00173340492569353	0.00272687640912595	0.000345218719355363	0.000143577833033665	0.00564809946113741	0.000556975795724779	0.000394904907193232	0.000228903713549401	0.00713770820347147	0.00227117054404021	0.0182929370151538	0.00231151779398394	5.54469554959443e-05	0.000718058342385406	0.00085725405984089	0.000352103035828729	0.00306016867426332	0.000149272751345982	0.00333116501828652	0.000665128918180581	0.000626054836531163	0.00012028423540213	0.00703108492977132	0.00242281817567666	8.21172113232783e-05	2.26814918688541e-06	0.00409499202544978	0.000148652609061876	0.00917418554566352	0.00365392782784071	0.000287809839494074	0.00185257915510223	0.000118475729183769	0.000382826034892835	0.00211933857701014	0.00565315120048638	0.0052593868937279	0.000293909797239382	0.000810133309466319	7.15762693828838e-05	0.0001288296445024	0.00403768974543783	0.000891806429832063	0.00184499239020109
G[Del(C):R3]A	0.00013088103795111	0.00025570059499792	0.000222790211268507	0.000607832878045706	0.000255879367705156	0.000520314243990813	0.000873974810013731	0.00311550500928942	0.000119229553447793	0.00140145983716882	0.000702321999501452	0.000649768264668428	0.00079406873649531	0.000975179060989787	0.0211896996753684	0.0131424028479243	1.99866864672399e-05	0.0034113070852916	0.000475926276397449	0.000759619787225044	5.77290985683702e-05	0.0215490945350435	0.00230263767170856	0.000315800671303311	0.00015400667317115	0.000368559959779404	0.00300923593049729	0.00159289951856709	0.000374991459333784	0.00022606321721908	0.00204603201866587	0.000635293108488793	0.00143924099804886	0.000253338183214361	0.00324721034129954	0.00188980577321698	0.0225907179197149	0.000496672480540561	1.9958012822314e-05	4.66490583052983e-05	0.000237433314489116	0.000568024975258761	0.00296305675233782	3.48390231393176e-05	0.00134356766146108	0.000435733803113622	0.00114375471857773	0.000110615459404486	0.00984571977774883	0.000725585477451368	0.000238343250694117	2.60595864025132e-06	0.00246600338617263	0.000105631189753347	0.00312553021532751	0.000895739764455472	0.000275336268367738	0.00069493330299011	0.000285765429193641	0.00037918433808405	0.00098496983011149	0.00234386774218031	0.0042033596371607	4.02668655562907e-05	0.000565276148079035	2.13723852348973e-05	6.16702268550869e-05	0.00149579601350595	0.000408484639827968	0.0012340892861469
G[Del(C):R3]G	1.9681891285267e-05	0.000109849391286191	7.92202548698905e-05	0.00020360678013418	0.000419896425449493	0.000151887782294975	0.000261482214647242	0.000683700174161095	0.000111403446508405	0.000362007179027543	0.000165490286760215	0.00136128996232362	0.000262985222079385	0.000802559203225148	0.00509979741677644	0.00160630504142875	1.93428986161722e-05	0.000843026173562468	7.38779918695897e-05	0.000158074032401662	8.08961146545312e-05	0.00580296133509942	0.000342524484229773	0.000165447845329585	4.59668228576548e-06	2.36720889726996e-05	0.000908100541028596	0.000460644589988686	6.1797431983053e-05	8.49557144148666e-05	0.00118032397012627	8.27022022663726e-05	0.000226135092727218	9.82492411630722e-05	0.000710894383072955	0.000654644285442699	0.00403513504725134	0.000113067056542851	1.0516580771921e-05	0.000151885796472701	0.000109397788505559	0.000119281367442265	0.000285402357990689	1.99096370408377e-05	0.000835522083151835	0.000153812674215936	0.000195893232911413	8.00259968182685e-05	0.00192360331984881	0.000429869229061154	0.000178061396896038	2.36466617356138e-06	0.000988261775580072	4.5490926761285e-06	0.000236970574700527	0.000762465599090749	9.79027781075713e-05	0.00114170701488758	8.06829039212005e-05	4.11379581040746e-05	0.000213101609486627	0.000512341633912553	0.000645882176803212	1.49158374608222e-05	0.000180982724280835	1.38043200379703e-05	4.97631185456871e-06	0.000735651871260904	0.000194856773590574	0.000664633854971517
G[Del(C):R3]T	0.00011023719027603	0.000165703314080903	0.000146004538258302	0.000598326997236576	0.000589182184109628	0.000552261267699328	0.000906208009051463	0.00383943434707171	0.000278111382055149	0.000413572505679014	0.00128853910023007	0.000274351986424715	0.00116219704421186	0.00168670666930631	0.00881914968973663	0.00876482255230396	1.840647992371e-05	0.00283894341287861	0.000224690269138324	0.00034943660245162	0.000129009035974839	0.00909670783635344	0.000931649678683125	0.000626385864077277	8.01746910307932e-05	0.000263435470774685	0.00124390634730354	0.000940050096898753	0.000517721007694374	0.000331360265437668	0.00158946970490593	0.000317585863732253	0.001098478215407	0.00011588718909197	0.00233711889618271	0.00138176134811825	0.00759229597250147	0.000655182825028968	1.60188124644467e-05	4.04310262444617e-05	0.000407901756692715	0.000467305675430577	0.00214980791363455	5.30501461646006e-05	0.00201613172892882	0.000363160217392018	0.00140718410743784	8.79950884366179e-05	0.0038301918282874	0.0010023594727352	0.000471368434369203	1.9303397335195e-06	0.00169270185859582	1.25320165981088e-05	0.00309147799185056	0.00119102568329432	0.000127517612729215	2.19901923742011e-05	0.000201655462744435	0.000334419367432516	0.000671470368115161	0.00224599971973559	0.00220296417336363	8.48964661801736e-06	0.00037108298882905	7.39146616805161e-05	6.91693486192142e-06	0.00154252611226878	0.00021450491007696	0.00151966570687545
G[Del(C):R4]A	0.000529461549952131	0.000276007047901564	0.000216155012256561	0.00597803139400765	0.000261338444017725	0.000145394808648482	0.000427389002452612	0.00174743823110682	0.000644124174324967	0.00112664102537625	0.000498345913252576	0.00135649122616531	0.00103948335804013	0.000673045587269127	0.00677704493574601	0.00349261960264588	2.40249920784831e-05	0.00158107115809856	0.000193284218386344	0.000423606783823711	8.81379271499856e-05	0.00946833083094563	0.000530672046940588	0.000300246138420638	0.000149837589237549	0.000360201725052179	0.00272507181988917	0.000568151475338351	0.000234596756939019	0.00048889515314302	0.00146490875972382	0.000289421672940719	0.000460053758774993	0.000560155685152851	0.00136412088699792	0.00136859307332723	0.00701289537271961	0.000229611989362259	2.50898151233889e-05	3.49867937289737e-05	0.000316923401273026	0.00533459363452975	0.000715991756954262	4.66782828787147e-05	0.00121014717939961	0.00265793665403996	0.00670298349659776	0.000786317700031387	0.00396973612052425	0.000658744841752536	0.000772777703359598	3.08854357363119e-06	0.001169861663815	0.000230016380926346	0.00120153352790149	0.00155878704600815	0.000767416130115369	0.00320278777286952	0.00160627752611971	0.0006027852563565	0.0011740618344993	0.00123333623831076	0.00196259646308223	7.86029260657753e-05	0.000679584486731461	0.000205848446300689	7.00842137512519e-05	0.000471124523304748	0.000218795950070542	0.000980948832801538
G[Del(C):R4]G	0.000259139379929056	7.08266843495492e-05	3.09726398322742e-05	0.00260878747746105	0.000200205689984856	0.000640653344518775	0.000109771612467605	0.000372418292230495	7.11108535083453e-05	0.000100799135346398	0.000194762696465926	0.000171300339227022	0.000232855084878241	0.000960225642129748	0.00147570555627536	0.000331654173715326	2.14498406742121e-05	0.000491504197467037	0.00012003236373072	8.59062950931693e-05	0.000102444416992684	0.00221318679629967	0.000147973666638209	0.000349460037142478	1.99902229636778e-05	4.58732908636004e-05	0.000847216483721178	0.00028177508354776	0.000102491448505763	0.000170284778486577	8.03863634051925e-05	0.000108643603050656	0.00043622299464377	0.000707660769550405	0.000332142302790266	0.0001408239695347	0.0014556249747864	0.000284767355042766	1.23235534131445e-05	5.09049558047153e-05	0.000587047798483434	0.0023189892047824	0.000420600588608568	2.40000355161554e-05	0.00082582485513233	0.0010833769746278	0.00275610140254364	0.000334837822721016	0.000600457664490597	0.000552087396793776	0.000305820136341474	2.12337370687144e-06	0.000566572148851129	8.44412225780903e-06	0.00033815009437072	0.000842274999530272	5.60087095900651e-05	0.000211257130671072	0.00019550324068614	4.90552223355388e-05	0.00030796180498608	0.000397634637554215	0.000626929654156759	2.58226751298028e-05	0.00018651257369576	6.79906261170427e-05	6.73673415409581e-06	0.000192078561105412	0.00010541596055563	0.000538850609429443
G[Del(C):R4]T	0.000433344222880466	9.7698145204725e-05	7.93258148541714e-05	0.00161011247311889	0.000582978913064232	0.000272107380240487	0.000297957506349076	0.00186682015630532	0.000400993118741323	0.000800079540231658	0.000519875298455486	0.000583361511770573	0.000291279244275465	0.000489529577136095	0.00403896321954353	0.00313417958230427	0.000114916131415595	0.00141410822743022	0.000192199327174028	0.000348633313202442	6.34275739746294e-05	0.00536990951018039	0.000484900359984296	0.000514563247326952	0.000168651916732775	0.000132637377793035	0.000963169612470472	0.000436220958751282	0.000193902740416309	0.000638807485354473	0.000362591792482148	0.000225404562100487	0.000186565737608611	0.000509411749977751	0.00105647820767869	0.000663483005420879	0.00424581275291798	0.000524351180534075	2.41321196235404e-05	1.38454847221294e-05	0.00014195243098177	0.00164585772664021	0.00097791451349286	2.84022071186112e-05	0.00123355428151566	0.000895211771562836	0.00215851452332189	0.000769048906737755	0.00202642238250432	0.000882335037285521	0.000541347939790222	2.99202658695522e-06	0.00134623294039845	2.2233952499087e-05	0.00121146624893307	0.000834896729028784	0.000152817441066821	2.11797430238006e-05	0.000868072189928389	0.000261056797849094	0.00055025720911303	0.00123530430806524	0.00190875527425228	0.000264446596563311	0.000336761215933609	0.00012182893779299	6.84069610091827e-05	0.00100470614117363	0.000242022896318379	0.00084155544300068
G[Del(C):R5]A	0.00161437554436048	0.000319082586914304	0.000239081635509199	0.00636192030686091	0.000485205076172546	0.000707574790691227	0.000149787045219575	0.000779620583966785	0.000327510717675587	0.000573818255049256	0.000344942298886978	0.00178551762755138	0.00204937211242226	0.00126136694587865	0.00571012749663602	0.000918630352302882	8.67943075575895e-05	0.000695184951756452	0.000102066565254756	0.000237838921127198	0.000138662901552308	0.00725711972020664	0.000558370445853231	0.000255420593879877	0.000183118994314332	0.000440955859295826	0.00133274854857375	0.000885111041057056	0.000314085137201593	0.00116519316653892	0.000393959537353349	8.77812395013711e-05	0.00065755764567549	0.00189252827386186	0.00114531202759773	0.000597346219701798	0.00467861001582039	0.000344266458313497	2.594812712797e-05	0.000103827317566947	0.000785104458242313	0.00840307371516209	0.000472477080534017	7.3502138541189e-05	0.00114516460542982	0.00501130839515112	0.00783876387369056	0.00188812110206525	0.00268459755548032	0.000499471921468567	0.000479595796875116	3.37809453365912e-06	0.000818272480865348	9.87928762466505e-05	0.00184913443689516	0.00134479504449651	0.000229303536608661	0.00184242152324388	0.00259621022444676	0.000518014239411418	0.000595867603968136	0.00157789405432412	0.00124406785893882	0.000182144189071977	0.000492872335992207	0.00063304409897768	0.000124795920965688	0.000856724489167067	0.000605148476900063	0.000260146128508052
G[Del(C):R5]G	0.000576414057764571	3.86130736409364e-05	2.90189423454237e-05	0.00129320302733165	7.69932497507708e-05	4.41761213126482e-05	7.11118892506674e-05	0.000134455067467835	0.000236502580160738	9.25418729688615e-05	0.000308817177600391	0.000523789322492132	0.000293510634038563	0.000195103138017469	0.000891398802478697	0.000207659898884928	2.62197233889414e-05	0.000238700707188151	6.84845326997866e-05	1.48319558130533e-05	0.000186707983879684	0.00131462270957456	0.000147065220942894	0.000137945960749733	1.67476021264324e-05	3.26109725984843e-05	0.000421182121929933	0.000210418108233486	3.38000038780548e-05	0.000355347980889899	0.000107981257729782	5.70566677287886e-05	0.000180736629835506	0.000890501273483379	0.000193274807382599	0.000153800817502664	0.00048487614214131	9.49128309996591e-05	1.27210873942137e-05	6.11025283844873e-05	0.000452217548294867	0.00185451978757698	9.38276809186759e-05	3.24081670386623e-05	0.000665876324006012	0.00211599886158677	0.00154793344360566	0.00058868811288919	0.00032532242215193	0.000435757070110723	0.000275569719827337	8.68652880083773e-07	0.00019188934859721	1.22888392937628e-05	0.000412245758614612	0.000653918610541825	6.99937925089749e-05	1.50743579174499e-05	0.000662960066336768	3.99289539215883e-05	5.99192816451832e-05	0.000255186782079037	0.000226841135212628	1.26902530175572e-05	5.90223669843307e-05	9.04313866923743e-05	8.28923255997797e-06	0.00010146797979146	0.00016155853868839	9.80280156023896e-05
G[Del(C):R5]T	0.00167231581549202	0.000179099168700944	0.000121499541907368	0.00505884322554235	0.000317684616646095	0.00035850774735242	0.000337021637510776	0.000828335924411114	0.000887824401322384	0.000673936379065548	0.000382106118582478	0.000506484789072764	0.000464996125032291	0.000296995450652637	0.00273617622110457	0.000845226212657343	0.000169521046419796	0.000551928478810044	0.000213791761988308	0.000164346623416464	0.000208465456446043	0.00448908815603912	0.00034312766274812	8.517083219508e-05	3.29607063126594e-05	0.00020365026491545	0.00109460369696776	0.000165031707050524	0.000466886299225418	0.00154577336173719	0.000310378574364719	0.000377339466094413	8.71623056425455e-05	0.00267970726547551	0.000245093023346272	0.00033590680858251	0.00269894823916733	0.000768120002374769	1.57477665682632e-05	0.000223434618719394	0.000390191812881264	0.0066081003549906	0.000825587423701275	7.22923938551582e-05	0.0016080679153724	0.00316973431482532	0.0063980864275366	0.00185943042974276	0.00138493552441558	0.00031832419404194	0.0014498614831238	2.94376809361723e-06	0.000813900159223632	1.52614722037859e-05	0.00125469118729443	0.00015383583210761	0.000126877019636172	0.00258603581721471	0.00206470897858585	0.000122521805436685	0.0005201339259438	0.0013192643244407	0.00101514118035757	0.000104897248229912	0.00033684182940608	0.000511218413468831	0.000257742458562258	0.000616815661014561	0.000274402883979137	0.000248758048618048
G[Del(C):R6]A	0.00264177960664065	0.000245590265248156	0.000175898120473482	0.00981274789319211	0.000137413950351565	0.000190248111261684	0.000208298379155064	0.000230514222056749	0.000396356743266625	0.000253844608674373	0.000270034607137755	0.000290590134031124	0.000863713598701255	0.00105726340883168	0.00221565847685966	0.000334898023246807	0.000145583843593731	0.000231594545619482	0.000167748978937587	0.000146925071110198	0.00038821240588435	0.00358424915359843	0.000252279415298752	0.000144769736622929	0.000107077754021126	0.000510343064694102	0.000364264578159937	0.000239324486397034	0.000143731183464273	0.00196707978200288	0.000154629995267158	0.000132449456438894	0.000331744810028178	0.00451231684094293	0.000348802046750569	0.000346766145026289	0.00280971274419633	6.76093375753996e-05	1.97411761053672e-05	0.000461681971592603	0.000670549228472711	0.0149401829980584	0.000677660491059715	0.0001146740533255	0.0016924449453812	0.00694146317048704	0.0125221156128975	0.0026857101376519	0.00128542002756371	4.10046073095035e-05	0.00064045168282723	3.37809453365912e-06	0.000542623989067728	0.000101069518940787	0.000727750301855688	0.000637190099344756	0.000429575250287099	8.36924029180283e-05	0.00283785301640445	0.000502878437049907	0.000827964817052569	0.000788745053416372	0.000790356131686322	0.000258934221849529	0.000329245770599688	0.000882681298957538	0.000377340282186823	0.000609024305296482	0.00054356704972194	0.000164227016588996
G[Del(C):R6]G	0.00119544485434546	6.36961649455384e-05	2.73668448136616e-05	0.00200061798393852	0.000109186471066875	0.000412642417202636	7.99198104724775e-05	6.36611104536529e-05	0.00014829286876361	0.000148879008176423	6.08920080237698e-05	0.000543081211290195	0.00050243246985775	0.000487208608095023	0.000578567730388884	5.48563861363288e-05	0.000347440597987613	0.000113557178856725	9.77455985405572e-05	2.3167093108657e-05	0.000162195494433712	0.000670539607427512	2.10965364709758e-05	8.26664834739406e-05	3.81275197346439e-06	4.19993690502782e-05	0.000399770650795889	0.000108031942609277	4.24900518810372e-05	0.000997472055696003	0.000113251873066254	5.3623860635679e-05	8.36991298479361e-05	0.00443990899273413	0.000107399090149317	0.000194640903048901	0.000408658647011387	0.000152276143030014	1.5350232587194e-05	8.6223377910267e-05	0.00104450465218939	0.00317239124205833	0.000113097647489094	3.18820498866167e-05	0.000312874931617823	0.00355835804334117	0.00383359840011295	0.00092974192419734	0.00014799299290211	0.000116267810996233	2.77790794876462e-05	3.86067946703899e-07	0.000124336804479641	3.73151380806854e-07	0.000245590557841551	0.000231274436920529	5.11430811530178e-05	1.05358415552069e-05	0.000589203169103874	5.09825316345428e-05	0.000151873189068335	0.000203359379523126	9.42323903419382e-05	2.60879765866158e-06	5.63535131870203e-05	8.37495689239658e-05	2.10003132581382e-05	0.000111225209984702	0.000431264234855623	0.000359614371016133
G[Del(C):R6]T	0.00176147053609918	0.000174148526776146	0.000132363842511775	0.00383394508871673	0.000227063455375904	0.000222274803358501	6.16711638873118e-05	0.000161742299670217	0.000499898509622281	4.20831897288131e-05	0.000108618176474833	0.000266644925321971	0.000146927452801006	0.000818912290438199	0.00103056346112917	0.000362995327191927	0.000381736932599041	6.3468498819943e-05	0.000121055261159476	0.000129115166015841	0.000157231941450879	0.00157572839077486	8.97926850422599e-05	8.31259970007552e-05	2.77226264986476e-05	0.000532578740500982	0.00100737890898465	0.000117612826152937	0.00014234270997572	0.00112771508348605	0.000186955172060991	8.00318197320642e-05	0.000415238206660592	0.00185189795263955	5.30099260436218e-05	0.000120336572879395	0.00118445309259776	0.000156143656897721	6.02715724480112e-05	0.000262843124136074	0.000164901680204313	0.00532376701136512	0.000246563032713871	7.35297434534877e-05	0.0003584630495486	0.00156047823740648	0.0059965336023536	0.00196006145747916	0.000376643493830607	0.000171258882420593	0.000585362765059499	1.64078877349157e-06	0.000169026405336392	2.96131258723462e-05	0.000866587961614491	0.000368957839011367	0.000225208059418306	0.000159766581942292	0.00123319916950837	0.000344218664490564	0.000475741030147686	0.000276657060951891	0.000188971438112411	7.59499114976448e-05	0.000128807415198489	0.000345758457777528	0.000131948502907074	0.000191609636918675	0.000215941142941753	0.000316798482576932
G[Del(C):R7]A	0.00221069475765266	9.73634300928947e-05	6.44200748515795e-05	0.00404468741567738	3.06652733264446e-05	0.000230719652518358	6.65512991378401e-05	1.21549528123306e-05	0.000178186225724513	7.3920469411273e-05	0.000119180525230396	0.000763532242078111	0.000303902534935276	0.000674746450077852	0.000319252385677814	0.000378368818700859	0.000207504529632794	9.72984484851364e-05	0.000218627277106063	0.000119640976123022	0.000625038330208767	0.00091726583399259	5.57572337691759e-05	9.96225326133982e-05	0.000359325148602008	0.000457891339510618	0.00033896361316881	3.54103132503467e-05	6.04227741511027e-05	0.00206497206202739	4.19184550681322e-05	7.63145258632826e-05	2.05390326828815e-05	0.00417845665001083	0.000317696598876975	0.000134681768138099	0.000850609391169113	0.000255963035341486	2.81345640238505e-05	6.07985357059575e-05	0.000328056925271596	0.00587984499861653	7.99830627517933e-05	0.000147528770416053	0.000646370405575973	0.00210882918964981	0.00469353780075051	0.0023996046942058	0.000153199245339475	1.14801533978097e-05	0.00011214864860722	1.10994534677371e-06	7.24508724795704e-05	0.000140569060048443	0.000120005299644597	0.000238586236516598	0.00039734046189166	1.91266046694526e-05	0.000491190449302316	0.000368680196482367	0.000264969687677192	0.000105632268994008	4.97525812089821e-05	0.000112502556658553	0.000175775720083326	0.00096240616625658	0.000240346159460632	4.4277264555285e-05	0.000231251149832433	0.000151090089742082
G[Del(C):R7]G	0.000880199509167908	1.5238600271815e-05	2.64184805104392e-05	0.000998755651800154	1.15980647564582e-05	0.000239204335872365	2.75175509564461e-05	4.09410835744668e-08	5.60396687811306e-05	3.85362557178438e-05	0.000200145042766653	0.000276727118462667	0.000205326110600937	2.32274077316475e-05	8.74642739133877e-05	5.89513447032972e-05	0.000222077545534237	1.27624112477664e-05	4.99855876851978e-05	1.77919900103827e-05	0.000112386598290113	8.44374952416824e-05	6.56508326371893e-06	0.000174247529368084	0.00016811741879257	7.96739515429513e-05	0.000159084149738736	4.09996324655641e-05	2.88678144709567e-05	0.000795465001366242	3.17564053546456e-06	2.69769326477293e-05	6.75490724295101e-06	0.00217966778910195	6.00271021489055e-05	3.99254907249651e-05	3.54328306657272e-06	3.78525704290871e-05	1.91358402705573e-05	8.45652360273772e-06	0.000105086276761014	0.00154011927800421	4.27042055776646e-05	4.61976326410434e-05	0.000585957789638367	0.00136024322690806	0.00183437742258934	0.000731058532739981	2.99363536041621e-05	6.51299791776729e-06	2.32117984007133e-05	4.63281536044679e-06	2.4206794316964e-05	1.25907145681234e-05	2.88243024040113e-05	0.000138015756617932	3.54413526982562e-05	1.6263016964704e-05	0.000136668124651681	4.65026082417468e-05	5.5350387327034e-05	7.4631647563066e-05	2.22516872973742e-05	6.52936363156543e-06	1.74093794332469e-05	7.33064845460832e-05	0.000150356698291105	3.93174895032673e-06	0.000117300198891764	9.84497963390564e-05
G[Del(C):R7]T	0.000834323790112754	0.000128482268630683	3.23013551899693e-05	0.00166153750002656	4.66914203636141e-05	3.24250340383189e-05	2.86081951805337e-05	1.52892202104203e-05	0.000467965621762022	0.000112870534097063	0.000152432363905317	0.000172512141287201	0.000221621631270875	0.000152617002441199	0.000131513993386399	6.50536359011323e-05	0.000229012896475285	3.41944192747973e-05	0.000120894077322218	8.12633988141095e-05	0.000459188952239097	0.000315100706324116	3.85887135030471e-05	6.71119505912675e-05	0.000145561605715907	0.000262923769708085	0.000291635019600931	4.27215944460098e-05	2.75760505786215e-05	0.000547175034576378	1.78309846185339e-05	3.3011845448986e-05	3.95007773800993e-05	0.000687160273852099	5.05660129862644e-05	2.70809872272627e-05	0.000222377921626048	0.000160920325144777	2.04368605722382e-05	6.88128881399246e-05	0.000103694586261193	0.00167985105265684	0.000120573378399652	0.000111562817327601	0.0002078773592687	0.00142265547902117	0.00223150680765501	0.000528548423308667	5.77126834136437e-05	2.39094085864284e-05	9.81652606218847e-05	3.86067946703899e-06	0.000102047051266179	5.92849497147069e-06	4.51594994632415e-05	0.000275455432055568	0.000157737052067889	1.45880883072096e-05	0.000166084625586083	0.000158758891323292	0.000135980244362796	2.58150629370389e-05	8.95075152525831e-05	7.8116540061618e-07	7.99251273337931e-05	0.000237229735980598	0.00026586535200732	0.000188363238702809	0.000280524532255303	7.14558291923809e-05
G[Del(C):R8]A	0.00162320521217023	9.75048079560144e-05	9.2284559591137e-05	0.00238440521086649	2.83263755947009e-05	4.12682251396786e-05	9.36267253463852e-05	7.45810072448204e-06	0.000116087252934251	0.000151333486512014	9.19720227527831e-05	0.000773129714394735	0.000361319381239444	0.000720403986099557	5.22392505550912e-05	0.000108144376377074	9.94066968216896e-05	2.24467471860098e-05	0.000217529987137034	0.000341925559018842	0.00198592998558016	0.000144786232878739	7.97630032158389e-05	8.11041374827711e-05	6.30351237482103e-05	0.000601397464265162	0.000381170397994192	0.000204992516550835	0.000173510831270995	0.00174284597810233	3.71028568830099e-05	0.000234310894757527	0.000187834425770993	0.00126625531097646	0.000109607080906583	0.000300904059492451	0.000171812319530167	0.000120701067125004	1.903645677529e-05	0.00083155815426921	0.00113190827318797	0.00348756508185715	0.000506453551723385	0.000549974291545176	0.000452537307576901	0.00150110922733855	0.00406549214004669	0.00174813509658656	5.50685440849357e-05	2.94392052478486e-06	2.65277696008153e-05	1.9303397335195e-06	0.000166349188407892	6.84418330369785e-05	5.396372651873e-05	0.000271046195329453	0.000175680856348302	2.02612337600133e-05	0.000190940871200986	0.000352084533807388	0.000154648563267326	9.79337813386574e-05	0.000141551837620866	7.71142901136576e-05	0.000117592359336742	0.000344486814678259	0.000368981741662297	0.000193539440302551	0.000107523220250695	0.000560382001669532
G[Del(C):R8]G	0.000367842334475737	1.68710916656158e-05	5.44806807761102e-05	0.000625066889176977	4.88300530675869e-05	5.80782550710921e-05	2.00684823365972e-05	1.59215325011815e-08	2.52569814862057e-06	1.65216186230947e-05	4.93718983976512e-05	3.40274018498498e-05	7.34318494038874e-05	0.000101803726030547	1.36109719735437e-05	5.32772844667136e-05	0.000132298403394424	1.73431768329509e-05	3.83493545108066e-05	4.15965133649699e-05	0.00016689899794364	4.62671733344318e-05	3.38368437121648e-06	0.000201289900421121	5.23807981401182e-06	1.38355316131701e-05	0.00014086899533873	1.08060171494202e-05	4.32844521356819e-05	0.000123945863577948	6.35128107092913e-06	1.54381490264705e-05	1.27554593623237e-05	0.000931375100659612	6.86231428778781e-05	4.29528704821973e-05	4.13752116419585e-05	1.65956751785933e-06	1.67687061105545e-05	3.02887250607861e-05	4.51617211216512e-05	0.000878539554000386	0.000129491635056301	4.5338632723043e-05	2.67509738469104e-06	0.000979253393691999	0.00128051412280452	0.00041631583562331	5.48610659989239e-06	4.00782384957198e-05	2.69657280612061e-05	5.30843426717861e-07	3.38601535291289e-05	2.05442895050965e-07	1.59996099293125e-05	7.24532869065079e-05	2.7070456437478e-05	7.88837367723185e-06	5.89344818202811e-05	5.55676922335067e-06	0	6.14751717103284e-05	1.70201547794848e-05	1.62128668052415e-07	1.46708693344818e-05	3.79135023778157e-05	9.84173096586013e-07	0.000189607691352225	0.000142922828647678	9.53635958268602e-06
G[Del(C):R8]T	0.000533919681307033	4.24774018995411e-05	6.3684506072225e-05	0.00135579948037651	3.29003299326774e-05	4.81993749218254e-05	6.86194371765998e-05	5.90688855793835e-06	5.8589082405325e-05	2.744617537688e-05	7.37071182635974e-05	0.000279247666747841	0.000253893902644592	0.000185092851695287	1.8124741544177e-05	3.81660844215481e-05	0.000265855119406844	2.07956799381324e-05	9.25443200997931e-05	0.000153597573031785	0.000547259040396151	5.60937105637643e-05	1.09013483437887e-05	6.0471980128797e-05	2.81502248508118e-06	0.000349015277296347	0.000146876530405117	9.33077562322194e-05	8.66379825543763e-05	0.000414349671659822	4.33593427140744e-05	0.00014910900202225	9.67974779027954e-05	0.00113235409253787	5.3542263541264e-05	0.000237709574942577	0.000151696806287644	0.000109848938660393	1.64524858983403e-05	6.77627316140945e-05	0.000231429943705574	0.00159823900754115	0.000423639872413225	9.28613011544235e-05	0.000673009917031855	0.000884792536086102	0.00124287346382857	0.000277033985101752	1.75069687305273e-05	5.05808738814388e-06	2.6559052347986e-05	7.23877400069811e-07	1.93836097721459e-05	4.15791263310289e-05	3.49471224900591e-05	0.000636370291511258	0.000100803441214273	1.03197217284334e-05	0.000124830911145017	0.000178286511509645	5.56383978571179e-06	4.17709888462676e-05	4.37610625482912e-05	5.51679640472899e-05	5.51482243753317e-05	0.000125665006937716	0.000174212499688634	1.91176783823227e-05	6.64493147977279e-05	7.59616819401873e-05
G[Del(C):R(9,)]A	0	0	0	0	0	0	0	0	0	0	0	0	0	0	0	0	0	0	0	0	0	0	0	0	0	0	0	0	0	0	0	0	0	0	0	0	0	0	0	0	0	0	0	0	0	0	0	0	0	0	0	0	0	0	0	0	0	0	0	0	0	0	0	0	0	0	0	0	0	0
G[Del(C):R(9,)]G	0	0	0	0	0	0	0	0	0	0	0	0	0	0	0	0	0	0	0	0	0	0	0	0	0	0	0	0	0	0	0	0	0	0	0	0	0	0	0	0	0	0	0	0	0	0	0	0	0	0	0	0	0	0	0	0	0	0	0	0	0	0	0	0	0	0	0	0	0	0
G[Del(C):R(9,)]T	0	0	0	0	0	0	0	0	0	0	0	0	0	0	0	0	0	0	0	0	0	0	0	0	0	0	0	0	0	0	0	0	0	0	0	0	0	0	0	0	0	0	0	0	0	0	0	0	0	0	0	0	0	0	0	0	0	0	0	0	0	0	0	0	0	0	0	0	0	0
T[Del(C):R1]A	0.000243734147208127	0.000780260801484132	0.00113992216358626	0.000266406605029614	0.00156700708729774	0.0100770154309701	0.00328963547289139	0.00798293129833706	0.000699748822283554	0.0111881081385363	0.00323458778289137	0.000891207707138658	0.00335138166379051	0.203351720250873	0.0193000406759687	0.0252961542284941	9.65096514918847e-05	0.0112063739735908	0.000457532720814914	0.00220321494226372	0.000230288883588863	0.0172433223240626	0.00144393581456751	0.00162784964441695	0.000547432790358256	0.000783960507947249	0.00362728035537189	0.00230062024675331	0.00111044721508381	0.000679844835135916	0.00352610801676803	0.00261942905620704	0.00123542795920571	0.0013693963161916	0.00963233245676907	0.0051825385566176	0.0201276563688649	0.00384143701114372	0.000120073332009304	0.000648692740284518	0.00350310329244228	0.000292621945187487	0.0108081196163397	0.000196319640994803	0.00747299600652545	0.000310582623187644	0.000924151073501819	0.00039327297168116	0.0189763414025207	0.00873653313359534	0.000446905326081659	0.000380614736956706	0.0104273143161982	0.000833397970978885	0.00854859191423867	0.00911639605031653	0.000482924418889754	0.00758964204667421	0.000225644900440472	0.000910354451954892	0.00779936442883532	0.00756467770030138	0.0105728034999801	0.00208525471158069	0.00209908677442519	1.78225170946112e-05	0.000444125436825575	0.00866121008447435	0.0013093499318687	0.00324262972882431
T[Del(C):R1]G	9.29479537294172e-05	0.000107705764541112	5.65483160237719e-05	6.91324035532316e-05	0.000311602493580461	0.00178166400175908	0.00071635419432009	0.00128824531224024	0.000245087582318491	0.0010295448891373	0.000484977729833977	0.0023193406711018	0.00141262272962467	0.00494043950507585	0.00238791318479099	0.000523276823101382	1.95477402051483e-05	0.00108670099468497	0.000155362620982108	0.000359061047887451	0.000117041106971812	0.00612097944480983	0.000134122628222991	0.000310240557628855	0.000413273807366729	2.27095231618165e-05	0.00363336491011861	8.73740446209129e-05	0.000289272217943475	0.000142445339074572	0.000264042661118895	0.000747805731688589	0.000174770366585387	0.000596489479099342	0.00048685893733228	0.00138386940646599	0.00142473197554972	0.000606102919566015	2.1647532241858e-05	3.2140316830013e-05	0.000999533947410854	6.66831300317255e-05	0.00115927356798564	3.91470132762838e-05	0.000565783096862155	0.000421858682602526	0.000379733834042456	2.19793471448197e-05	0.0022346145791377	0.00183082303771486	0.000166236518465486	0.000196605101858961	0.00304953531980907	0.0010195334266072	0.00136156910803343	0.00171359778472857	7.35062580079085e-05	0.00021363444876558	3.33953606985636e-05	2.31411721609303e-05	0.00164371536935203	0.00298100096854396	0.0014452167494324	0.00147694794904803	0.000255451963104056	2.58426497871862e-05	7.4713985783079e-06	0.0022765728199674	0.000857660582091642	0.00104770334988034
T[Del(C):R1]T	0.00131748944749465	0.00192257822683974	0.00559574314450945	0.000915846558575557	0.0125738697025144	0.0198898504863357	0.00534524105611939	0.0116420906819072	0.000777938745250709	0.0157198909408593	0.00627391375449694	0.00152212033175069	0.00158458000016831	0.16689184790984	0.0219106078895709	0.069430622026294	0.000298307879717487	0.0102752925398393	0.002164221582248	0.00631841491007852	0.00279160470980123	0.0102485959400423	0.0112556017078661	0.000314973546955045	0.00411289038348766	0.00471036581653231	0.00368893460948269	0.0129955172135534	0.00787128383791922	0.00175135835027838	0.00665628475519352	0.00492218260636398	0.00884663113402583	0.00927511743419595	0.0120524839040045	0.0115529089098322	0.0155673772437886	0.00900393305956915	0.000255027083719084	0.00235389821695029	0.00158802801249214	0.00144108588091258	0.00743798935644626	0.000406581386518815	0.00836502952192889	0.00159734101110634	0.00326408738800296	0.00496643405012876	0.0116842120483297	0.018661307609818	0.00376434681530059	0.000175950466710302	0.0152156863032927	0.00640821670955112	0.0539330466169017	0.00201812315942063	0.00113929481597736	0.00495843718566384	0.000157338322268157	0.00491674590396052	0.0122465742980241	0.0249507045497141	0.023186140336555	0.00655011610107614	0.00288631372655639	0.000132564727743595	0.000490326125993479	0.0217672082506561	0.0173404634446803	0.00706037292309636
T[Del(C):R2]A	0.000201480730472499	0.000564081965196088	0.00125251780459729	0.000209185480380335	0.00170814201131345	0.00576715479488178	0.00230552550233535	0.00624004890003022	8.66444900092512e-05	0.00494038250651862	0.00128468107756839	0.00294715108243977	0.00176488904382526	0.0231736533799634	0.0307343225718647	0.0268728470989523	0.000105903101500646	0.00788621814853278	0.000518540803217249	0.00182112434288007	0.000235116758585832	0.0365242510386485	0.0014840471860376	0.000877601909186801	0.00396704371220365	0.000442234098023621	0.00225602196662899	0.00130714980802185	0.00287215757458191	0.000464689650390963	0.00457434429966694	0.00119169234434821	0.000459608003474697	0.00044087294081456	0.00736211870517639	0.00392330219172629	0.0273789113462088	0.00151874960621349	5.80851355521307e-05	0.000329251706545808	0.00146858822194866	0.000190644109326611	0.00486322605949796	0.000115542796153724	0.00222289446428723	0.000936424490106945	0.000168968785605483	0.000301465733993839	0.0256758055831259	0.00469012573876705	0.00121880711252048	2.89550960027924e-06	0.00668572715802492	0.00577516748836837	0.00590754752234541	0.00532897248742636	0.000262682755361334	0.00295581684082413	8.70740266985972e-05	0.000697186701354384	0.00347098508608163	0.00679696609881952	0.00906644615992758	0.00798101950839728	0.00158654396849522	0.000402840922884474	6.75059574700547e-05	0.00631745485698417	0.00239540097046372	0.0018671615972137
T[Del(C):R2]G	3.51134789757797e-05	0.000122485188847239	7.22164336906151e-05	6.59065052336448e-05	0.000420024990652506	0.00261937710473923	0.000216015656152786	0.000688237810923932	9.34508314989611e-05	0.000226601790847455	0.000607706017162346	0.000603574370134372	0.00134260809425798	0.00224657401051154	0.00520035428603996	0.00237181070776209	2.95557149808379e-05	0.000825787557683091	0.000106021768645945	0.000209748647361171	0.000128112053734965	0.00645793184843446	7.45403599472222e-05	0.000127423100985679	6.44960847847714e-06	4.39522149966554e-05	0.000872170860150784	0.000432325372631585	0.000126952068520517	0.000270050029289592	0.000114000755461185	0.000150087636530561	0.000122754151927739	0.000368559789365618	0.000795136792074835	0.000907637283406369	0.00554475817960437	0.000236495586805901	9.45046691359912e-06	0.000152106882057086	0.000273671843582502	8.15574192963957e-05	0.000510635969138151	3.64027602301199e-05	0.00163715959943092	6.42691455644051e-05	2.22580217139883e-05	0.000176956568848892	0.00262694920635692	0.00225575921076151	0.000657375649046618	2.21989069354742e-06	0.00134087326394955	7.16869922363549e-05	0.00106024805613623	0.00133429264144034	5.66816922215206e-05	0.00160993061959231	1.63361580221449e-05	0.000109046548293426	0.000480676483322305	0.00132822162520871	0.00132109157080693	0.00022712752497161	0.000243596304065447	9.34934122114576e-05	6.92247949908528e-05	0.000804024624796174	0.000271359718441851	0.000573508641181406
T[Del(C):R2]T	0.000220467603559882	0.00111140038257116	0.00208547991167109	0.000267966958021154	0.0042303440536612	0.0169659011331235	0.00352826863865955	0.00975513888500644	0.000667495775503047	0.00743789697477576	0.00299297574130658	0.00219912990673196	0.0033851075262099	0.0321395390683049	0.0229052824774367	0.0328103389642368	0.000107219940286921	0.00868474417607239	0.000940978843158306	0.00320223284082768	0.00025634094129109	0.0207187953813099	0.00381490552098566	0.000319729511957576	0.00120051800689709	0.00197255285905309	0.000739427441087743	0.0066916515257749	0.00197195011384688	0.000621029819194415	0.0089463197212709	0.0023199668966636	0.00220134540607845	0.00133605764547832	0.00964599780230513	0.0053589537354762	0.0208553581286623	0.00422787091543274	0.000119892634745182	0.000334419582080814	0.000861238114997242	0.000228455887221144	0.00481140400250633	0.000128759053871314	0.00460094457688653	0.000516388314039952	0.000303005648037208	0.00083936727762971	0.0141692880611432	0.00957289640809131	0.000785541064205273	0.000182658397284282	0.010619257838245	0.00169751175112396	0.0241960031507025	0.00536821247859194	0.000589928657291181	0.00287833788292584	0.000126541271160536	0.00225316284732986	0.00472233847374527	0.0138891003872363	0.0142197059964739	0.0025384780336363	0.00218500038704641	4.70491685308746e-05	0.000188462217199767	0.011286229646278	0.012869882570599	0.00325390464802886
T[Del(C):R3]A	0.000182303348604982	0.000215644742138481	0.000696834967344642	0.000459956997793605	0.00172489504622919	0.00313391539057826	0.00147989839550027	0.00602812875343021	0.00056251922287517	0.000324655599269363	0.00284105598181085	0.00367815855722265	0.00191366536242998	0.00676294943926628	0.0522528328421923	0.0109935184728158	3.07847645146946e-05	0.0055718082446276	0.000607780854653244	0.00121188666006636	0.000134110151360006	0.0431811294261732	0.00227662008122814	0.000273686256570756	0.00142988888963719	0.000416187364603146	0.00125249404166125	0.00181483501185012	0.000626781800914634	0.000275588049199445	0.00349716703003736	0.000804623430525813	0.000690577826766666	0.000300572927031312	0.00509010226523942	0.00289442555708981	0.0574251028391774	0.00306823728906211	2.57041858214049e-05	4.99377063730296e-05	0.000976775714531424	0.000471384403270994	0.00390487183222253	9.53960816307914e-05	0.00679731099210891	0.00088384689590257	0.000227710524092443	0.000510152982083617	0.016297982664836	0.00253206149677206	0.000334381284508389	2.21989069354742e-06	0.00359692482491076	0.0011504802122854	0.00319271673277898	0.00220698915868395	0.000552198443878456	0.000185268721501562	0.00032173795782659	0.000646800105991977	0.0020438536353527	0.00407310589091751	0.00546645071513135	0.00126302654103778	0.000703343546768104	0.000450955214471642	0.000330377205408888	0.00333583648671322	0.00149877962881445	0.00159358020914255
T[Del(C):R3]G	6.2253450153729e-05	5.43338086767237e-05	7.59612997996296e-05	1.98462874878926e-05	0.000316848942826508	0.000489721582883406	0.000137960732057711	0.000761137959237556	6.93677660536635e-05	0.000175977584020228	0.000170832164291764	0.00145319303056766	0.00102451392042941	0.0011552401935426	0.00666029135815028	0.000857516441245264	1.14711289826619e-05	0.000661649764398479	6.36800144738126e-05	0.000156698038371237	4.91135464660497e-05	0.00624690441495267	0.00025887392190483	0.000315823646979652	9.72786251173624e-06	5.72402197089721e-05	0.000197478460387373	0.000120526047077232	0.000451716708275855	0.00036713960755189	0.000627354897424014	5.27628139946449e-05	0.00024677699201786	0.000219607197353099	0.000444997852290415	0.000322246968616232	0.00591480980486956	0.000200446894113618	1.08328009841351e-05	4.17851754488217e-05	0.000228619274656915	6.1757166445046e-05	0.000402065493644649	2.29104533895424e-05	0.00110615276856975	0.000225148330970007	7.19623572646027e-05	0.000176388388642099	0.00183912918005416	0.00105575923576778	5.80920614961249e-05	1.06168685343572e-06	0.000861761528177791	6.26810465512637e-05	0.000731273966719824	0.000580069434621522	7.1822002010469e-05	2.44755703820961e-05	3.75116412303504e-05	6.34788380227518e-05	0.000336213019709765	0.00066235176219134	0.000947702720073473	0.000129481849894588	0.000105105488982141	4.5249029258636e-05	7.70150102060829e-05	0.000956966051854755	0.000128395686392315	0.000263540949071468
T[Del(C):R3]T	0.000377148274235817	0.000503295525843646	0.000942543424089256	0.00024148303409959	0.000718553392049605	0.00297226823071647	0.00108099081786209	0.00596715155845533	0.000207451122582708	0.00096865585528233	0.000437656249074698	0.00163346070504001	0.00199097345462233	0.00686168806877694	0.023519401009378	0.00814608234216556	9.51928127056097e-05	0.00521381842668961	0.000444160661700816	0.000877336914491583	0.000376775882325955	0.0201148602085039	0.000904182988591555	0.000935339783831052	0.00042285913709441	0.000372819854259871	0.000823417402496647	0.00105526346783304	0.000745078360573675	0.000680529309506797	0.00305697585420204	0.00084481951534977	0.000249451523819637	0.000509966402428345	0.00433992984384611	0.00176283779705984	0.0211548024569863	0.000698937683412877	0.00010912307780349	0.000573274920311083	0.000705123186576114	0.000580976649903277	0.00270693131625049	0.000170505800358787	0.00184670889456505	0.000609336147352198	0.000840390114725758	0.000615378013885198	0.00741775331437799	0.00414444904149443	0.000753538813849573	2.50944165357534e-06	0.0031763151721125	0.00121333735274671	0.00362625582379386	0.00121710443518697	0.000348910904290073	0.00342593149401313	0.000404116422603719	0.000582544225807405	0.0020193465575201	0.00364191073213238	0.00376736913717601	0.00166099346522717	0.000756944462065054	0.000115062560636907	0.000202171332587423	0.00283841613785996	0.000676100734900932	0.00112414853656744
T[Del(C):R4]A	0.00113122344096295	0.000659223225286615	0.000342563931210647	0.00167218997730363	0.000614803745625547	0.0014888030063663	0.000340983997218268	0.00277238916037503	0.000305894061689976	0.00113204655280897	0.000610983987465797	0.00250881804123152	0.00218478559404568	0.00378877821035995	0.0143379204023147	0.001862317568726	6.95290879153178e-05	0.00251002154003443	0.00027444028044599	0.000679052187156266	0.000123157922834483	0.017857339643222	0.000919998035109197	0.000174063723957358	0.00124121111674472	0.000630830752961286	0.00198210147350587	0.000787235851243916	0.00084939347575097	0.00182721677805481	0.000765528439050675	0.000438272740286359	8.84652826741807e-05	0.00130265674546571	0.0020426213234814	0.00166495724483089	0.015784514059212	0.000870969895416364	9.21465698391944e-05	5.07944130125227e-05	0.000886779728876314	0.00237126397165517	0.00209538205230878	0.000165109851913578	0.0033423112573894	0.00179884833748805	0.00233386720003304	0.0014856406972894	0.00761970186814395	0.00178710183965082	0.000366164555633895	2.07511521353346e-06	0.000858586265019119	0.00117336403516679	0.00298815992674462	0.000417725326620304	0.00128884451250214	0.000133021753379074	0.00215809590393258	0.00075698835560348	0.0016957929097463	0.00186304340672254	0.00274494622912462	0.00106393253666941	0.00100087652515661	0.00112045579253181	0.000312190795511411	0.00203724112927549	0.000734138669519198	0.00144322052018835
T[Del(C):R4]G	0.000339738147910582	6.46145168769141e-05	3.39299949474468e-05	0.000193988694166108	0.000163843989201818	0.000351496929181973	0.000307112212621965	0.000266749355524796	5.86483710942598e-05	5.72475149370436e-05	0.000674681830152603	7.15447936330175e-05	0.000727471315165825	0.000339127239810423	0.00176342302254255	0.000202505068688862	2.38786766577859e-05	0.000122927831934244	7.95070274169244e-05	8.77677301087098e-05	0.00023323799536492	0.0023386697356264	0.000115534431688069	0.000119427565619106	6.48524167449083e-06	8.0210663097615e-05	0.00151409138593025	0.000123038417835588	0.00010736146745815	0.000598603949806648	0.000100208048060883	7.47555383325997e-05	0.000309765644836647	0.000397404422418231	0.000389773886199781	9.47208280014563e-05	0.00179356559726078	0.000138133741573474	1.45461297618495e-05	0.000102887703833309	0.000189815668956016	0.000647079246718221	0.000372843006675102	5.67768093249238e-05	0.00137622614203251	0.000567005854045733	0.000209516986681022	0.000409653072856476	0.000851972572169041	0.000484155578197727	0.000649867789725632	2.55770014691333e-06	0.000429380509041169	4.78807726833064e-06	0.000237872053853443	0.000554921275404737	0.000223602977848097	0.000119676354075812	0.000555826835896212	0.000103300107361285	0.000108017040169195	0.000242692592229597	0.000354507024472384	1.0258322996771e-05	0.000157283146029704	0.000137532591769511	6.23771680934797e-05	0.000180445634165225	0.000512458481318539	0.000177045036049651
T[Del(C):R4]T	0.000715939525739205	0.000461873020307382	0.000178796831152943	0.000327614519232557	0.000849586057997756	0.000890095068287759	0.000424531954614872	0.00283871371576566	0.000125739451492829	0.00123754655803123	0.000661394584272361	0.000764598627891069	0.000460686355089851	0.000658163037692785	0.00786544324647584	0.00189717556897188	9.50464972849125e-05	0.0021522607603757	0.000259264202230269	0.000641655316218471	0.000258296965587286	0.0100222819278157	0.000448889866855404	0.000303210000668592	0.000282963209544679	0.00041481043584137	0.00145482474190994	0.000905610857289838	0.000275359851744742	0.000825214746522433	0.00111074426406564	0.000617954587800833	0.00017826783124925	0.00176283700280437	0.00239851918710395	0.00113669956519382	0.00854101001357631	0.000353112674734782	6.0867873419615e-05	0.000334447217778863	0.00012920891209125	0.000526026288979725	0.00162062777704351	0.000115830212005304	0.000467027418410644	0.000914090188317709	0.000532287294118891	0.000937749865744359	0.00430124589303964	0.00148338358334768	0.0003590946547733	1.10994534677371e-06	0.00151452014027743	0.000580447454625421	0.00139996093370999	0.00100964873937485	0.000540937681023781	4.74923319334712e-05	0.00148348467066686	0.000490035826832099	0.00128446150723556	0.00146505648937934	0.00228402936192913	0.0014942072827107	0.000705088084924762	0.000365413636985791	7.95655433014608e-06	0.00113236173323974	0.000862534355911512	0.000589875791231086
T[Del(C):R5]A	0.00275296632882083	0.000180987831949287	8.82481468588704e-05	0.000388643606463435	0.000268073282729427	0.00142379360151306	0.000284794342053748	0.000987282857875053	0.000396890341467038	0.000562186676115951	0.000359956212252165	0.00277042186998314	0.000991782620304423	0.00251107589458917	0.00839364238977672	0.000232871996728615	5.44878626676438e-05	0.00106144504321291	0.000471537116521333	0.000419359753109893	0.000221577226246556	0.00999260820694324	0.00043245325223044	0.000127216319898613	0.000556768687713842	0.000479532171277065	0.00159469248140427	0.000390806328683394	0.000249939043596113	0.00347691201677455	0.000561055106662703	0.000313250285271011	0.00115382045038224	0.0025836712228714	0.000666655927160938	0.000636392565017169	0.00847999910827376	0.00075521866880115	0.000130201413663362	0.000114135432938911	0.00146891567853685	0.00355634862819535	0.00178154651388886	0.000124017504229422	0.00127947678661952	0.00203011753946419	0.00150996420199928	0.00359017532700859	0.00399609227087676	0.000912927941117407	7.00420709153601e-05	2.60595864025132e-06	0.000938022017435515	0.000785923891373537	0.00177220602246637	0.00148549179429967	0.000325860349453321	0.00171053439895536	0.00334981514327472	0.00050843275889637	0.000905348009931022	0.00111687254007133	0.00126296146793079	0.000374988870235412	0.000519529959089946	0.00184779499176179	0.000191927615427182	0.00120672228792872	0.000911566404123495	0.000958193247691612
T[Del(C):R5]G	0.000611183792637063	7.55151126307832e-05	3.51849858716758e-05	0.000130431484447814	0.000187020339452733	2.58125578093743e-05	4.65928241437301e-05	0.000160743792131929	0.000327961311711492	2.54055060092357e-05	0.000141923973508658	0.000490731362290426	0.000282825464772986	0.000509727322989702	0.000998176191223129	8.881510136358e-05	0.000112370243095463	0.000123384912674157	4.72392630734475e-05	4.43808641581626e-05	9.3348338690431e-05	0.00133151405236913	0.000105111212657604	0.000195109443485465	0.000103086836067593	3.8811545760865e-05	0.000519035625799729	3.93792944708495e-05	4.86518347257592e-05	0.000944020829824495	7.36274628028456e-05	3.27463244583587e-05	8.51392623565855e-05	0.00105432396241525	0.000139206255633439	8.1583276033889e-05	0.00201808425240621	0.000143559805805779	2.4638071963083e-05	0.000174961604342917	0.000809718278454838	0.000496057064984227	7.12825458304038e-05	4.70225323732631e-05	0.000686162479173252	0.000948700619034977	0.000415021951832404	0.000854577024703854	0.00044420736543667	0.000130856699002262	8.85927399876283e-05	2.84725110694126e-06	0.000135412653626401	3.43425051706623e-05	0.000185849468576394	0.000332598253747275	5.14561800243366e-05	1.29131596497151e-05	0.000548938884189709	2.06668741275423e-05	9.84341443500398e-05	0.000305572186032024	0.000217090925396066	9.99302153995793e-06	5.77032018595897e-05	0.000302055889628105	5.17037415530398e-06	5.14914828127653e-05	0.000190854157410004	0.000160492713969239
T[Del(C):R5]T	0.00321689737640126	0.00012895473653222	0.000155692599037864	0.000520754661884165	0.000436147561591936	0.00188579058526788	0.000346086242531723	0.000967838117681824	6.36167632269923e-05	0.000382253078362155	0.000421859939505395	0.00138765877515313	0.00104006989477786	0.00133565567251389	0.00465914860200627	0.000574338012343618	0.000176836817454657	0.000492687229970342	0.000174958855965726	0.000306569851842267	0.000253079016380959	0.00788405971418126	0.000223632113595051	0.00018989396495612	0.00016608632661979	0.000463598462503094	0.000437702843362496	0.00055182953407452	0.000417868349599692	0.00370148805786054	0.000292955209277603	0.000202736655814938	0.000376388917796311	0.0062506300885659	0.000436298973635762	0.000661027542838706	0.00500898425257969	0.000211371177687701	2.38881783169752e-05	5.92509366152604e-05	0.000368143069276252	0.00289878657964568	0.00062399671880735	7.26041669822964e-05	0.000885122847159648	0.0013639226268949	0.00201148346039568	0.00362023545931668	0.00257095424849258	0.0011152855361087	0.000159072769363379	2.31640768022339e-06	0.000508021135019922	0.000363499757451602	0.00154213143427867	0.000498553947609582	0.000233640135918307	0.000191320076651219	0.00280327795126997	0.000471400275521285	0.000516625434031869	0.000739749980363925	0.000733145081820079	0.000410082357383849	0.000360233041558635	0.00135503491693721	0.000367997568565711	0.0005434109902447	0.000892342074056228	0.000685259961728027
T[Del(C):R6]A	0.00446527769315427	0.000596816378118415	0.000204927116150742	0.00059294465601857	0.000346950507185894	0.000372170875945963	0.000352757925931329	0.000293395177417844	0.000178707966187139	0.000322922330849336	0.000661408073862087	0.00203267677574566	0.00116674907932858	0.00153593226824123	0.00359224960317143	0.000676000042544746	0.000150090358551206	0.000338540484754459	0.000230654071116888	0.000387107978708378	0.000916770497229008	0.00461608168763307	0.00023110932047188	0.000163908475014756	0.000437183681891912	0.000902377057419106	0.00143741829415349	0.0002132861629419	0.000668650148248558	0.00447213152954093	0.000347490910771715	0.000556179232752897	0.000121348308288343	0.00516874936903211	9.8621570727966e-05	0.000186702598127322	0.00436997529704246	0.000234735002134781	0.000124572693885951	0.000247339497531054	0.00181217204711042	0.00738667573078242	0.000487537412222762	0.000482140902935442	0.00163760544899503	0.0041906130700506	0.00229055227798524	0.00545779337921847	0.00139338261672359	0.000318670871941577	0.000424569444601727	1.35123781346365e-06	0.000524503843942649	0.000541161741837104	0.000818970779935088	0.00114024191155434	0.000777442491672776	0.00158610340869053	0.00410565684936649	0.00073376397262837	0.00109498985260354	0.000929417418755051	0.000637528220597843	0.000264004427468623	0.000575156777042127	0.00320386088277181	0.000403594139157723	0.000340691457209505	0.000901389163864369	0.00013768569218411
T[Del(C):R6]G	0.00100280207467315	3.07079968842784e-05	1.42958378711909e-05	0.000185937974012009	6.8893641960927e-05	0.000388502895547573	7.03145979398791e-05	7.82429597200922e-05	5.22333349515193e-05	2.54646215760852e-05	6.78256571430028e-05	6.43224533543457e-05	0.000167877014976833	0.000298005337945317	0.000490054409711918	8.66311234611969e-05	9.15641902723188e-05	4.86965256263283e-05	0.000130949469015805	1.31502495431922e-05	7.97974998523324e-05	0.000438442679002407	8.16681646335456e-05	8.73075700947678e-05	5.61579169175689e-05	1.43519643937281e-05	0.000264408562601346	4.50250714559176e-05	4.04246112189611e-05	0.00106974010427245	1.12427154479432e-05	2.12568518782164e-05	1.54985689026084e-05	0.00182550461285639	1.6284687996055e-05	3.17650361568756e-05	0.000634432214909567	2.994437043094e-05	1.38052709789478e-05	2.04504165556403e-05	0.00032172609789986	0.0011261873123992	3.04563454693478e-05	3.03865131673759e-05	0.000637787801466756	0.00208606505141351	0.00064511539029517	0.000920228547914375	0.000189006102927691	8.11169452707613e-05	3.80085378124888e-05	1.20646233344968e-06	6.75420589337755e-05	1.1668317896466e-05	0.000124121177090941	8.80961066484022e-05	4.67201097409385e-05	1.06439014685937e-05	0.00113698349051422	2.81105709312512e-05	9.84472357377709e-06	0.000116651580793552	4.86450045047442e-05	6.73865700305128e-05	5.26327709722362e-05	0.000324758459076815	1.49843819353448e-05	4.67661698541157e-05	0.000128219100384348	0.000104817656729221
T[Del(C):R6]T	0.00243617319392957	0.000299630442978401	0.000113208894253049	0.000433132951983997	0.00016606915617705	0.000394159351116911	0.000220963891186759	0.000243033095611964	3.46127366001101e-05	9.91438994746123e-05	0.000187168057450112	0.000728729286909746	0.000383314508904265	0.00074113325158089	0.0018984427171252	9.99062832599962e-05	0.000334096631620027	0.000155663376952021	0.00013598956361931	0.000313379317470368	0.000898075201426925	0.00228141136995586	0.000143185017669379	0.000172960891493003	0.00069374269319045	0.000854395450007652	0.00230412075700025	0.000168712753644788	0.000194717864155857	0.00213224344769641	0.000230475666682836	0.000115706461401341	0.000497874381561668	0.004428696896367	6.55561529766894e-05	0.000146793650461139	0.00371974594512776	0.000272068055775669	9.58327940272905e-05	0.000742958106326801	0.000146182078579266	0.0024771545157096	0.000237000629340415	0.000632318121113799	0.000428795818287768	0.0012756170272109	0.00147598765353251	0.00250563100578619	0.000789248247545997	0.000255609593673212	4.37958460390818e-05	2.46118316023736e-06	0.000501698569192693	0.00019601348543934	0.000127184232168915	0.000290278443963963	0.00020406848734788	2.55561695159634e-05	0.00118788837117388	0.000806380092261067	0.000391668138138648	0.000330259953644301	0.000503140283361835	0.000307867601661713	0.000291927994086621	0.00148448720875753	0.00120473876296456	0.000498340161681092	0.000980723371043374	0.000622651240670609
T[Del(C):R7]A	0.00436218495863287	0.000259022370602331	5.21332277923387e-05	0.000177831151278439	7.97376223535567e-05	5.38159962970133e-05	2.79303404130172e-05	3.07876948479991e-05	3.53360586051141e-05	0.000107107948640575	0.000235771049233374	0.00048375138242379	0.00117654169268892	0.000302044887116039	0.000566862253513247	8.85528098998134e-05	0.000260529238093466	4.00846863261813e-05	0.000214200920959811	0.000138389400455268	0.000513659894730277	0.00115118277625618	4.40614551817103e-05	0.000160577001945351	0.000166727724148036	0.000574380729483298	0.000540408587093604	2.90870430270705e-05	0.000124119858917002	0.00445222577033686	3.14246220151195e-05	8.8665045084459e-05	5.65766342683714e-05	0.00333879400846241	4.42687023607468e-05	0.000268869607806828	0.000826249320086425	0.000163287012735463	9.3266892876753e-05	3.54013291996962e-05	0.000297658038667657	0.00314634757939033	0.000617146989635661	0.000149832968683809	0.000249006981558324	0.00227180597691706	0.000349335798929034	0.00519387610128378	0.000370993334790612	7.18987230869755e-05	0.000160855885952113	2.60595864025132e-06	8.74866260388513e-05	4.12185530866537e-05	0.000104597902297492	0.000692383107810845	0.000289386130363473	1.42639085670494e-05	0.00218512974017293	0.000491953346623553	0.000550636859357232	0.000132546444872689	6.75621789585087e-05	0.000324566854471111	0.00025621583445484	0.00294845738300933	0.000412521004991546	5.46296677547692e-05	0.000158156314934906	0.000254662978931384
T[Del(C):R7]G	0.00106305970063024	1.51781823815929e-05	2.76818492111984e-05	0.000220202624423968	2.51666384898717e-05	4.19852406343834e-05	9.13794324927177e-06	1.29737744838199e-05	5.03953855945419e-06	8.65924823211291e-06	2.82741800659773e-05	0.000143138059348442	0.000336825097039953	0.000221661402082869	0.000121748843239491	1.92703932563216e-05	0.000100313852430012	1.1287603893058e-05	3.80889806198506e-05	7.43533775533778e-06	0.000133889674632978	0.000221955204005159	3.75147615069653e-06	5.83352422291093e-05	3.88401836549176e-06	7.32746463943349e-05	0.000303688599573873	1.89585191158585e-05	1.17571237687409e-05	0.00105348072671689	7.90781890950608e-05	1.29270790865385e-05	1.97846775593032e-05	0.00384610349037132	9.89058873460249e-06	4.05801231939373e-05	0.000148227341618292	2.62644598478607e-05	1.15826946302429e-05	5.55477530768066e-05	0.000366915107070527	0.00108160300400705	9.41361455436261e-05	3.43989683609091e-05	1.11462391028793e-06	0.00128319934213704	0.000354791927313458	0.00092619686820624	3.62861480504756e-05	7.76103835645987e-05	3.3034581012336e-05	5.79101920055849e-07	1.80013130420911e-05	1.33705590268883e-05	3.16373121694981e-05	0.000150888955300709	7.69359502420107e-05	9.88748207488649e-06	0.000137926053216865	3.96854399212697e-05	9.44019969288652e-05	1.15735653342183e-05	1.51702660287897e-05	2.50562486990096e-07	1.38768657634052e-05	0.000270539630156329	5.71929323452661e-05	2.8856873029921e-06	0.000107017007027858	1.41347983458583e-05
T[Del(C):R7]T	0.00191193444594984	0.000312519995678381	6.17358352512926e-05	0.000616129046984992	5.94440995394426e-05	5.10276027064945e-05	4.76499423205835e-05	2.27268503931151e-05	0.000190731712303107	6.85740575454054e-05	0.000102305048483002	0.000288457362405208	0.000922239764487649	0.000179122114543826	0.000341716738638514	0.000182763621375163	0.000469643237353929	2.50747124858581e-05	8.88494905995602e-05	0.000278196404168257	0.000417528272913178	0.000456383364516942	0.000121849416541741	0.000158141580253233	0.000114917057144137	0.000685889652535623	0.000604334921774384	9.90099909871381e-05	4.31877425394643e-05	0.00150749257692212	0.000102672724297363	0.000118600640199178	9.12769699529725e-05	0.00497061398557128	8.00744483669316e-05	0.000295768621387481	0.000338014440871593	0.000109733490485238	1.9958012822314e-05	0.000313913894129078	0.000546252165204359	0.00177100119425858	0.000117570384550872	0.000213890979582105	0.000353001392388189	0.000796762031728223	0.000846395721626629	0.00166431151924084	0.000134135386785232	9.58024484291476e-05	2.40251498271534e-05	3.18506056030717e-06	0.000139276443854152	8.23364810818539e-05	0.000125924135396773	0.000654694104438378	0.000246844271077721	0.000149176710430391	0.000369904993962027	0.000374848809927624	0.000275979544759036	6.48664518123193e-05	0.000180093150382164	6.18447173770848e-05	0.000183765845718734	0.00117790088732052	0.000463365327784187	0.000228654647670836	0.000302050366626398	0.000101155365454748
T[Del(C):R8]A	0.00270809360460813	0.000103375010169992	7.0636385037013e-05	0.000104575208134083	9.0213213991398e-05	5.43338408209668e-05	2.36851046819866e-05	1.3239891527054e-05	7.15258743308886e-05	9.71528871831216e-05	0.000443969377066529	0.0010276081470325	0.000541054638957311	0.000197424107058542	9.07568874857925e-05	0.000450263444207985	0.000122085587029758	0.000114957299816023	6.1888394128901e-05	0.000222152242436782	0.00116791233347847	0.000115395027353962	1.77533091955021e-05	7.38208480827602e-05	0.000180268338633237	0.000506615826013477	0.000119419014364517	2.97532447113085e-05	0.000145016039528307	0.00356092813455303	6.60154050417171e-05	0.000104854239198704	0.000110444447865712	0.000875896327491634	8.19134324496956e-05	0.000150603280569381	0.000445198753635418	4.73481828356213e-05	3.7079078597907e-05	0.000459802744125328	0.000174397921261917	0.00224415290344782	0.00018198505623165	0.000338772355184638	1.11462391028793e-06	0.000992543936635093	0.000213948710394079	0.00274559244645499	1.91088925574088e-05	1.36682024365012e-05	0.000147904828623413	9.1691137342176e-07	8.41278721638004e-05	7.10371218540508e-05	0.000167329665102798	0.000659701579313262	9.67007663487149e-05	0.000147988051383137	0.000111653316612594	0.000277475025699721	0.000197549040862096	9.79948431687486e-05	7.42135305493839e-05	7.03196250252792e-05	0.000121691123951555	0.000812149012784028	0.000256051344227279	0.000184918449484862	5.17867899362575e-05	7.81528843038465e-05
T[Del(C):R8]G	0.000496588996390115	5.29864897247711e-06	1.72481663204453e-05	0.000107643317948907	7.01669319523097e-06	4.3698110982845e-05	1.28320945788902e-05	5.91371207186743e-08	4.41226423052448e-05	1.77488577908901e-05	4.39895520969237e-05	8.18693471857497e-05	8.37982487033075e-05	4.28581993156791e-05	9.73851419392644e-06	6.07659734016008e-05	9.7914279530578e-05	3.04820075135868e-06	2.42023731021967e-05	9.64293842573964e-06	0.000199243122240278	3.30216238361804e-05	1.91251725329627e-07	0.000217464776564994	2.95755526913593e-06	2.40114204594013e-05	6.076852778691e-05	9.54136310476497e-07	2.44744356713567e-05	0.000571865891882332	1.49397298026631e-05	2.1101332440849e-05	1.10067270303922e-05	0.000520772655538948	6.27916275627975e-06	9.01833033067757e-06	7.49256731785689e-06	2.66973905046935e-05	1.54947903984919e-05	7.97842602650451e-05	6.4618100070133e-05	0.000299757576719224	1.40805028800798e-05	3.72731268767139e-05	2.11778542954707e-06	0.000715075913328948	0.000145614568057175	0.000369831895970147	1.80457684112555e-06	2.61429235791706e-07	1.52034151249955e-05	3.37809453365912e-07	4.04902847476217e-06	3.3373988665422e-06	1.03209492799205e-05	4.44911926936599e-05	3.40378060337233e-05	2.32328813781486e-06	5.13255996251601e-05	1.93563038042195e-05	0	1.36355763657613e-05	1.40155584009672e-05	1.08331428198659e-05	7.43522318898786e-06	3.44026616472258e-05	5.54463716386486e-05	4.55036816590567e-05	5.07096152876629e-05	3.00904549939122e-05
T[Del(C):R8]T	0.000824635703293707	2.49864226802467e-05	2.96104133684582e-05	0.000159930922015949	1.20925463065097e-05	3.60499457059934e-05	6.33107971348594e-05	5.45881114326225e-08	5.31226652855406e-05	0.000101830110832253	0.000130592718138705	0.000243572214096147	0.000203324235213473	6.41367017456628e-05	1.56230108833766e-05	0.00037340133955034	7.74008575488281e-05	1.6210931078526e-05	0.000181276022510588	0.000153623578798844	0.000606154592759652	6.1321205432488e-05	1.36818541966579e-05	5.19480042063868e-05	0.000120511468918286	0.000215325431127228	0.000495159524894859	2.13579743345124e-05	4.99988612445045e-05	0.000620948926768765	3.07894939080266e-05	3.11607848286131e-05	1.43327473479874e-05	0.000890525624078771	5.83574981790277e-05	0.000230090314726092	1.86022360995068e-05	1.36661777340242e-05	4.73336483368506e-05	8.01158886416231e-05	0.000143889882461914	0.000912876701350195	0.000159848183146988	0.000122182589470744	1.89486064748949e-06	0.000864040032422047	0.000344898552818827	0.000896690347381688	2.45113645799941e-06	6.59256333735607e-07	2.25235779629563e-05	8.20394386745785e-07	2.33155536945519e-05	1.59490769953851e-05	3.69145842909493e-05	0.000196665252165799	2.40546305275329e-05	0.000103089157370948	0.000199712544506781	0.00014591505741704	2.51616472191484e-05	2.95727140195773e-05	2.42959911078558e-05	1.63602565034709e-06	5.59085737782898e-05	0.000318213237242343	5.5432510045739e-05	5.59462625867593e-05	4.24807073164321e-05	7.16821505632753e-05
T[Del(C):R(9,)]A	0	0	0	0	0	0	0	0	0	0	0	0	0	0	0	0	0	0	0	0	0	0	0	0	0	0	0	0	0	0	0	0	0	0	0	0	0	0	0	0	0	0	0	0	0	0	0	0	0	0	0	0	0	0	0	0	0	0	0	0	0	0	0	0	0	0	0	0	0	0
T[Del(C):R(9,)]G	0	0	0	0	0	0	0	0	0	0	0	0	0	0	0	0	0	0	0	0	0	0	0	0	0	0	0	0	0	0	0	0	0	0	0	0	0	0	0	0	0	0	0	0	0	0	0	0	0	0	0	0	0	0	0	0	0	0	0	0	0	0	0	0	0	0	0	0	0	0
T[Del(C):R(9,)]T	0	0	0	0	0	0	0	0	0	0	0	0	0	0	0	0	0	0	0	0	0	0	0	0	0	0	0	0	0	0	0	0	0	0	0	0	0	0	0	0	0	0	0	0	0	0	0	0	0	0	0	0	0	0	0	0	0	0	0	0	0	0	0	0	0	0	0	0	0	0
A[Del(T):R1]A	0.000975907957711457	0.00139636136180363	0.00424011836859926	0.000658475975252002	0.00344781711107368	0.01232438099654	0.00515267687000693	0.0138374061712815	0.000656029343063066	0.00752519647927641	0.00454073079771404	0.00964681689651482	0.00142080874235558	0.0029550542396291	0.0110394264310594	0.00247648641335303	0.000393120272329284	0.00886856830736864	0.0528451253444871	0.00525803842680796	0.00194275046657916	0.00920091179656749	0.00329989037009754	0.00348766171716988	0.000678349152512538	0.00357187893644592	0.004020273274298	0.00445649406316345	0.00206571697520816	0.00158778764312071	0.00640307718999115	0.00509849992361151	0.00402249582987344	0.00520552959056078	0.00784024851740529	0.008983464652646	0.00828183362093596	0.00527026691993302	0.000176324390330593	0.00152137281324939	0.00165837660285566	0.000704726623582469	0.00697644462512004	0.000412233898266564	0.000949436646783262	0.00100449338986336	0.00305667719583475	0.000912482843385875	0.00970436286688458	0.0131981469873034	0.0023145791804183	2.12337370687144e-06	0.00938292535177377	0.00036695035954603	0.0152645918630452	0.0035465108446839	0.000970948390660645	0.00353836783389203	0.000581044603838252	0.00400487040726997	0.00463817394202212	0.0101819239528641	0.0118002518169899	0.000497852922679497	0.00250736818486875	7.98874815061098e-05	0.00063143714181384	0.010081851979283	0.00653097464263186	0.00440574669052574
A[Del(T):R1]C	8.69970015973694e-05	0.000205258906809304	0.00152237436441265	0.000240168129893236	0.00150881649848768	0.00245784944745989	0.00124257798401912	0.00861549605911365	0.00019153803847262	0.00298600531411585	0.000374970125617353	0.000761496414617009	0.000606300475630291	0.000706495889174047	0.00115251309847575	0.00131446028844877	3.07555014305551e-05	0.00613148020891382	0.0242407844504911	0.00119168653602625	0.000284863468985911	0.00247982555019374	0.00146121099444968	0.00148746826197509	0.000286669061930103	0.00129990186621279	0.00559755930794582	0.00226993544883947	0.000337944776154138	0.000221085221794493	0.00212542303205248	0.00143806168523722	0.000380263560021963	0.000788951173833844	0.0046407973186499	0.00148059667116837	0.000442393654541048	0.00254902355232246	2.25961928785004e-05	0.000495425158909409	0.00064667218558362	0.000208427491242166	0.0043963467046579	7.55708831452203e-05	0.000741447825123534	0.000523042182240441	0.000416156804446776	8.53435808049185e-05	0.00556705039551033	0.00246917071583138	0.000123316589347186	4.15023042706691e-06	0.00386165998791041	0.000182089488409457	0.00655422063162696	0.00120892851382045	0.000527585993522711	0.00176802227287711	0.000227727353611407	0.00168642745252807	0.00178142367689533	0.00520104001636307	0.0047714345504912	0.000834004607431445	0.0010198500407523	3.14544660730898e-05	0.000193549421797613	0.0047672997089081	0.00103245718517724	0.000583446206830677
A[Del(T):R1]G	0.000160826307391484	0.000615008204864286	0.00107778922172743	0.000289952156351381	0.00107186540437691	0.00273513527293992	0.00260356472842456	0.0107999234947618	0.000874911324872395	0.00434048955724339	0.00120857281233354	0.00208643231513523	0.00107625666133598	0.00170640833017404	0.00268468482615242	0.0010807800057808	0.00013355671601242	0.00821431349193441	0.00562232162057503	0.00158696494883885	0.000128362681125518	0.0025456554699505	0.00098789607551901	0.00133323254669979	0.00011687688292489	0.000493127061437514	0.00501575264267039	0.00211360952989992	0.000710642836491904	0.000394139010235997	0.00362925471726471	0.00151809350496929	0.00121238583906732	0.000967419393083109	0.00648449984741574	0.00269247262205896	0.00306368493983265	0.00259083022275062	2.10693009966665e-05	0.000106729065862004	0.00245453272094949	0.000401534046814869	0.00623227371742768	6.67779066689022e-05	0.00167784337215643	0.00035263782116799	0.00024663577912627	0.000362751496470115	0.00558786897183076	0.0046249275606583	0.000550857894930137	2.12337370687144e-06	0.00609718854912728	5.01951497867377e-05	0.00784063796297823	0.00335503032314077	0.000134751276307962	0.000121351282733306	0.00020902755838611	0.000742658963926441	0.0016992490361073	0.00513566158459075	0.00732021009292586	6.88162501033386e-05	0.00143711398346323	1.08772643107531e-05	0.000190680072065313	0.00534771963881367	0.000536580130006739	0.00303941371243123
A[Del(T):R2]A	0.00100869203387558	0.000824771869568549	0.00334362423098609	0.000672270196979453	0.00121746055197408	0.149558915968174	0.00285445899827966	0.0136643800540773	0.00154952174304761	0.00577508012269734	0.00109088963156275	0.0026232606277949	0.00136626082574682	0.00334045912169358	0.00243354876792613	0.00143328902730908	0.000142745324432205	0.00798392089937174	0.079746868966765	0.00256435760732782	0.000560572442758989	0.00437346442578465	0.000539554218415031	0.0033152752175854	0.00338992846956599	0.00104673556664523	0.0024566967437504	0.00181253153484021	0.00135099161219021	0.00143776952850649	0.00536106895435134	0.00210659043543853	0.00150003516323542	0.00209414038122031	0.00674437128561133	0.0060920428423723	0.00271688610969185	0.00368298439074289	0.000191168670578244	0.00046563387641349	0.0013585082322177	0.00127515620598454	0.00602914976189797	0.000153756113866964	0.000733311070578432	0.0015705192168098	0.00215157839250121	0.000781801395823547	0.00776395060535431	0.176368374753035	0.0107556966977494	0.000189704137311628	0.00576601227149213	0.00128246259786314	0.0057253368710797	0.00266519526670432	0.000816615838963649	0.00266967419017605	0.000341154455209193	0.00129674998603833	0.0023048697239351	0.00620314919530982	0.00690390264490318	0.00383179315766024	0.00143000551876702	0.000156508043592231	0.000197998993121614	0.00507002634253761	0.00775260253194316	0.00565098744785671
A[Del(T):R2]C	0.000194477085555357	0.000307579020616018	0.000581622108945561	0.000743082171505599	0.000850169546226817	0.0036589300694788	0.00128820798199385	0.0127665784833635	0.000340388220912216	0.00284588723294652	0.00152050608516067	0.000962025419535568	0.00113492308590749	0.00073751891811235	0.000784019031412992	0.000560479387860114	0.000130630407598476	0.00676801443226362	0.026979372238053	0.000979073786852898	0.000150868267030595	0.00165791921634686	0.000637202935866985	0.000618780915208496	0.00126255540115692	0.00056128875292067	0.00204163768640736	0.000952103830761873	0.000864058795234541	0.000230506078135525	0.00325958172036468	0.00124102235124975	0.000292895521163896	0.000302326169899532	0.00623676328445049	0.00181415436540374	0.000766050417153299	0.00283612873291212	7.28300323045148e-05	0.000229127572517315	0.0013056512812735	0.000708939238234874	0.00450163293914457	8.07265064715933e-05	0.00147264111027242	0.000893733134184949	0.00102642310752544	0.000203578482469727	0.00707333486652669	0.00298115714115241	0.000896938926880395	0.000191200150605106	0.00363595242651924	0.000932693972682803	0.00366599328806	0.00194358711747766	0.000267184901200643	0.000150041189737485	0.000504148170606538	0.000629910758090483	0.0015611610783198	0.00341687909999071	0.00386511867269045	0.00248603677900626	0.000902086671282213	3.58011438280073e-05	0.000133154461490215	0.00433942442405694	0.00103420538665611	0.00087884703252305
A[Del(T):R2]G	0.00030504258345249	0.000492294636392008	0.000551493948987534	0.000205507255013763	0.000985516563699166	0.00339231980803105	0.00161002765246187	0.00853354338232078	0.000180403622690673	0.00211384498091327	0.00121867651503842	0.000633578589144425	0.00043759465874145	0.000270596642475555	0.00366576278448089	0.000824767478483549	0.000119598224877906	0.00575441050649493	0.0211894938192694	0.000984992121529753	0.000147338754981679	0.00440945534358119	0.000421743155611981	0.000756474143518481	0.000733901305097874	0.000783289956483488	0.00094930607000958	0.000696598547525634	0.00138365182439856	0.000507649750905154	0.00331700867667466	0.00149944255195623	0.00047476368368477	0.000451957872961315	0.0047127294230188	0.00163215472255893	0.00251137569183063	0.00195462419151282	7.42756104174936e-05	2.5507749298454e-05	0.00067895394756967	0.000317729471266059	0.00413756302930262	4.92666493613095e-05	0.00319306311580185	0.000907367546285691	0.000310910959557757	0.00036538357913748	0.00467347927127456	0.00149047627217959	0.000688314285998512	0.000192889197871936	0.00364150782639894	0.000348150238292795	0.00358403764682225	0.00176526783520746	0.000200977085848306	0.00493860819155738	0.00015130237932093	0.000819540861474266	0.0014658165014743	0.00330880905485691	0.00383458961693853	0.00175384897511173	0.00111668247429032	2.9730755478173e-05	6.83376530446344e-05	0.00351979905227897	0.00151855137550641	0.00140845961508599
A[Del(T):R3]A	0.00128291925739187	0.00126915149394103	0.00219496739758941	0.000566783321928965	0.00125583479266583	0.00638852838943183	0.00173529353719655	0.0160224249781369	0.000706460301870968	0.00539465962690752	0.000849007798183435	0.00112023829651265	0.00219869671536877	0.000915613428042572	0.00302272375436003	0.0018763796029161	0.000182835749703243	0.00694065452480177	0.0488090572620212	0.00305280601492634	0.000732904213386572	0.00487435837161029	0.0029128520467973	0.000866642511572274	0.0101420271490033	0.00291324395630833	0.00346815769579298	0.00349779596488302	0.00229059441772731	0.00136407030624547	0.00439135156863229	0.0028888038943554	0.00124859488499908	0.00300505286488556	0.0075274760403815	0.00320041778880499	0.00449664766667244	0.00459262942483633	0.000479055551777979	0.000236644482386415	0.00100681985649815	0.00187470027897438	0.0051640697937141	0.000657095965629429	0.000684936392871936	0.00135432867739652	0.00181244246110864	0.000926794185859535	0.00755941098804909	0.00749443736839489	0.00180626582164042	0.000187484246618081	0.00496988799385904	0.005863528896801	0.00951989622066709	0.0024727176815799	0.00136725598616071	0.00656539615763802	0.000276549781100134	0.00261952904896498	0.00405183686832221	0.00625069287563164	0.00634110050364871	0.0361148830181967	0.00186339450393718	0.0017010616881564	0.00110099860162865	0.00568070991803331	0.00387240165829566	0.00208345281644344
A[Del(T):R3]C	0.000262100172512026	0.000384184071986408	0.00101233197814141	0.00131561600783035	0.000217715281672181	0.00139144823586304	0.000695067249704325	0.0137791470093551	0.000239739742576576	0.00352091370306477	0.000652343069566124	0.000630621792117586	0.000836809413557618	0.00124715765449743	0.000996110880407333	0.000521927895573439	0.000105054472060602	0.00586757832027692	0.0312851070796306	0.00109696024055829	0.000287313210397332	0.00264144162592741	0.000206945400560041	0.00127066978002398	0.00825108033614504	0.000679363943028415	0.00221281392595921	0.00031367936929038	0.0005755257149193	0.000656031349523546	0.0022907933279963	0.000876317891152181	0.000954636408888319	0.00036771022414861	0.005957413133273	0.00115506945032494	0.000288076295152084	0.00341091633496722	0.000351338725496299	0.000382063525515847	0.000565462951711696	0.00104372481825377	0.00507208382805616	0.000220472315437786	0.00089236790257652	0.000818786851275575	0.00140969127574404	0.000246867015489816	0.00658201871706456	0.00142146463717484	0.000766239609200907	2.60595864025132e-06	0.00354468589172298	0.00610878997908256	0.00268363105669379	0.00465843615052984	0.00137478115558517	0.00326665118168108	0.000238103678649932	0.000873742917404478	0.00246916663996024	0.00322413978183961	0.0034326512092437	0.0320961997231815	0.0011948646287776	0.00168987383071014	0.000251851281575652	0.00281735062054812	0.000889863983744434	0.000570782497395633
A[Del(T):R3]G	0.000432594988745152	0.00027869926908986	0.000489712873742978	0.000355472956351162	0.000387871327860407	0.000800866473391157	0.000971036907512646	0.0118175141270052	0.000281526410537791	0.00268016738208602	0.000305525717707214	0.00179535746028004	0.000535431536754305	0.00147142350275616	0.0024458381868479	0.000785252466534058	9.75631225209047e-05	0.00468887364463212	0.0186883050264758	0.0012198906572614	9.96177922871983e-05	0.00389306917858763	0.00102029117545561	0.000175809875359253	0.00365268765697091	0.000865475772178997	0.00198884069553547	0.00134715578373804	0.000381367384855845	0.000662571191012598	0.00367464267811189	0.000684285524416531	0.000908072124441987	0.00103475420058525	0.00431029437338078	0.00149727680100955	0.00190019627204545	0.00369116678015703	0.000254846386454962	0.000234461262240611	0.000279184029483755	0.00015890115284589	0.00293615682254437	0.000118863504721419	0.000492440843565209	0.000642966550970169	0.000367648067879185	0.000527446056582668	0.00591520666562434	0.00181505771814776	0.00056312073182108	2.17163220020943e-06	0.00345846098280057	0.00215154893461088	0.00459772792378724	0.00290768112967215	0.000525091999064964	0.00240589994159902	0.00073819265119739	0.000904704682409812	0.00166587908878076	0.00336278771265757	0.00462444498256176	0.0204802407380793	0.00102943795671827	0.0012681875473686	0.000250354229541408	0.00318567253368377	0.000712342069935888	0.00136338051293784
A[Del(T):R4]A	0.00280537657433453	0.00279725044030051	0.00442048519507397	0.00110735622001129	0.00113672160448167	0.016982990002414	0.00135873630848484	0.0138492267719113	0.00131062389985391	0.00458401258794584	0.00182090575877195	0.00325989295813098	0.0012304903217613	0.00226974826628042	0.00260648371711821	0.000739024934266949	0.000185469427275793	0.00464110123867168	0.0929638320331501	0.00406896691513605	0.000687712137595267	0.00465796699026871	0.00253654956554008	0.00013470639038569	0.0169508182432984	0.00432844146865812	0.00363513636276639	0.00220732942785205	0.00328912099867413	0.00286824007122167	0.00311733198342384	0.0037515422834155	0.0019402356667126	0.00253052740123934	0.00439725896276833	0.00256310590237833	0.0015313626503344	0.0027470604657797	0.00131673192879639	0.0013844102937227	0.000141788702687674	0.000793279361031638	0.0048024222384269	0.0011754187894966	0.00162032877838557	0.00101130199918479	0.00207117505119248	0.00238821680886453	0.00590771815424085	0.0194509262003056	0.0032092657495024	0.000377719227356427	0.00429553864079881	0.00807469400538596	0.0104702954229436	0.00300497237823682	0.00186793706977561	0.00274288478149556	0.00566695761532533	0.00422315439925406	0.00428685346087068	0.00636049613732727	0.00490879173591304	0.0459810315059187	0.00306417091780509	0.0200412367188363	0.00149910354999414	0.00498154395560962	0.00223829239917609	0.00169806867115047
A[Del(T):R4]C	0.00166190899100247	0.000834735988023975	0.00255055039352804	0.00259392029390122	0.000390764044928208	0.00147780876878083	0.000907006348051227	0.00913766091352704	0.000816132518662478	0.00214634435494445	0.00163126910640196	0.00108000646811468	0.000799564330711854	0.00163982663814084	0.00118569739805177	0.00136181192698917	0.000206451058603774	0.00348419702393794	0.0931141235626369	0.00112269959298212	0.000243400653389376	0.00381993998474579	0.000933370944211092	0.000426451528560259	0.010359995409019	0.00223018724851528	0.00223476453485562	0.00145731618427069	0.000936749872448677	0.00199009056585303	0.00252665336430344	0.00220252696250917	0.00157903671799562	0.00114044660707313	0.00272154521024709	0.000699485427920235	0.000604019035254818	0.00325666314193767	0.000912828369166896	0.000215392630587379	0.0006403686462609	0.00104926344789211	0.00515570495888457	0.000463590401870722	0.000540815521271706	0.000829773470862428	0.00387548578249742	0.00170101984559251	0.00459493031961066	0.00137209429432	0.000330314527376189	0.000190331497725022	0.00278028279012523	0.00650698442952491	0.00475034439629208	0.000586893780911187	0.0041293098626454	0.00823286868110877	0.00469805875110755	0.00233162697403554	0.00230259182246989	0.00270076474493595	0.00321374574328963	0.0306337991373487	0.00185314015717696	0.00489709107071583	0.000871824886053201	0.00386090532703828	0.00130810794361267	0.000770984324621795
A[Del(T):R4]G	0.00147445324584383	0.000484052427807911	0.00142331218360856	0.000565247513815944	0.000554444855218509	0.00138842083710762	0.000944733628079463	0.00932431586255232	0.000848907305905611	0.00171573474289941	0.000903573188625648	0.0030848117964762	0.000371367010572707	0.00211915103842458	0.00303328593417692	0.00100206044932872	0.000144471846396433	0.00325684964467081	0.0442249765316333	0.00134789624388269	0.00014594994004305	0.00501134564339444	0.00200008847599047	0.000111271200518147	0.00529919074517529	0.00180279856505529	0.000981962414473015	0.0020115282362329	0.000310071688958562	0.00132483125731116	0.00250776067299843	0.00070640721609279	0.0013938082462879	0.00135772696975544	0.00462602495309033	0.000478222016701763	0.00138660477338546	0.0023406540271888	0.000366589574588226	6.60216826370602e-05	0.000189515500416839	0.000188715068139481	0.00407244070348225	0.00014272226803934	0.0028429597455804	0.00103172782714908	0.000438268482636283	0.00109215405100055	0.00445872658539434	0.00185717055808725	0.00107409312410848	2.36466617356138e-06	0.00244243793559768	0.00224323935648577	0.00768697195817492	0.00272590536032017	0.000912344919159995	0.000595085943020764	0.00403959974345192	0.00176420631370521	0.00211363073195939	0.00353753257918717	0.00373404168283626	0.0185175847774858	0.000886147900730241	0.0050603069503496	0.000308060040824332	0.00267937869637381	0.00071610335190557	0.000458804855478117
A[Del(T):R5]A	0.013307209223243	0.00260341051474318	0.00276951531203284	0.00446640349273902	0.00040067098278349	0.0105781694275747	0.00116890030446606	0.00977999467174542	0.00199614343679312	0.0033136427025771	0.000933101900536156	0.00320036924093494	0.00286509170501894	0.000951207525779322	0.00199082029990395	0.00255510961783882	0.00110734436692068	0.00372333091221947	0.0272299573105847	0.00551005973747765	0.000800187303459484	0.00591169899398822	0.00253430235776745	0.000255880107406692	0.0226296094256075	0.0108778582147144	0.00230989723302562	0.00249674889343759	0.00350646890834491	0.0118001701466391	0.00399252903547389	0.00372051805223921	0.00301183140862481	0.00351063616014336	0.00303276906909591	0.00110720801797251	0.00191289303636733	0.00441554635516979	0.00244917975277759	0.000781123005331313	0.00206008397242172	0.00511925972597797	0.00440425791503897	0.00189977006439586	0.00399269430904241	0.00150637042545057	0.00405816668022691	0.0132973544791423	0.00489073616940222	0.0106728428679521	0.00141416786860195	0.000572731798935234	0.0046347972476078	0.0103601162387515	0.0104364044128918	0.00377729782829803	0.00490033202803733	0.000471141222366176	0.0300852030746599	0.00966449186801149	0.00649425780314784	0.00688462270444743	0.00587946488986855	0.0713034217830212	0.0031686123239582	0.0628243012082533	0.00217505026664091	0.0041839399850626	0.000970634423788231	0.000527133334818139
A[Del(T):R5]C	0.00542348791229056	0.00191347445914107	0.00157432830778724	0.00843347298971817	0.000280959471923769	0.00106098376119241	0.000989953979664544	0.00535686557065718	0.000634685415046554	0.00188904030329804	0.000464500532629706	0.00118354283613644	0.00129554489645459	0.00138019701731737	0.000751631761506955	0.000308476172937584	0.000885852083069234	0.00165682407523564	0.020652950021306	0.00202423978592321	0.000395393917052755	0.00218273471681624	0.0012413487465943	0.000263531007628154	0.00898348504701034	0.00649629108961339	0.000774124807080142	0.000939197584574007	0.000821762162545939	0.00442799537760768	0.0020327038079409	0.0019100783502753	0.000720957764925319	0.00151437976115524	0.00213346955688584	0.000188503428240523	0.000945982760377695	0.0017303661112734	0.000711224431585585	0.000996874899993318	0.00122097646517653	0.00478138510943288	0.000758088105770996	0.000864105202957307	0.00423780010691473	0.00100454497023701	0.00624250669382184	0.00463511700219343	0.00270289101090899	0.00106957520255495	0.000357374103678907	0.000576930287855639	0.00196693485058137	0.00691739644315458	0.00569808522208844	0.00211590186129171	0.00493556824699231	0.00347461248499385	0.0137159118483577	0.00553651717960558	0.00371275683469934	0.00337382111564867	0.00231224311105995	0.0222699938436797	0.00218000861299385	0.00800871229681267	0.00161907563662727	0.00227419212794243	0.000919495115881183	0.000187147199059573
A[Del(T):R5]G	0.00755036445417724	0.00113933157322083	0.00150650685566439	0.00129644295129611	0.000231076173154572	0.000464068361850633	0.00111029782158966	0.00634823798788039	0.00039894173010418	0.00242836107815661	0.000885578075930985	0.00180194966348742	0.00109948861646949	0.0011714869768301	0.00157193715655858	0.00154838680391947	0.000658097499211945	0.00198348145657097	0.0363349905015605	0.00171623325992737	0.000337806149719659	0.00355043379616638	0.0024393421982235	0.000249653699118354	0.00520337308109449	0.00425303822694183	0.00145170544485624	0.00243803845856987	0.000997580208469554	0.00457704900560839	0.00141387100258072	0.00199614887596563	0.00115100876310345	0.00339435936152512	0.00204331094251243	0.000830884580537026	0.00139033260244508	0.00205861413528408	0.000562230502453498	0.000657646706452123	0.000170905050987856	0.000256824896039756	0.00178300718461288	0.000415278557711273	0.000278878902354041	0.00245235447814013	0.001061421299465	0.00609431546678209	0.00330094578965926	0.00146300915268869	0.000614987526630221	2.75073412026528e-06	0.0027359741509463	0.00229095242068332	0.00743047152854114	0.00174621284232073	0.00148306298133508	0.00818299903108079	0.0167923843998321	0.00401023138634231	0.00310443932099894	0.00414434156131473	0.00459200712440467	0.0209964142002487	0.00144468773660005	0.0105944310465425	0.00141628053235891	0.00316632039320808	0.000635385887664164	0.000404271692427611
A[Del(T):R6]A	0.0274736909803056	0.0031573531496022	0.00340429106195212	0.00458027770342043	0.00109918551001726	0.00508320168132167	0.000947472287062907	0.00369087962532176	0.00157521746083194	0.00272223638407878	0.00185164853375781	0.00163079474050762	0.00439673038920793	0.00120823270042693	0.00126991003678196	0.00453897519202907	0.00395329635181812	0.00129208758624556	0.0128436860968079	0.00839148948119832	0.00160415474635844	0.00360866462963235	0.00221821106872891	0.000295972662621263	0.0221464232876619	0.0251345096663093	0.00242057451367174	0.00240739318109492	0.00575953309491148	0.0218117652047068	0.00188183718369637	0.00412946968884631	0.00104248449191594	0.00179960910746791	0.00169189560259162	0.00104296186754288	0.0020843362639114	0.000969735809261836	0.00264064657384164	0.0022762142697369	0.00199298265989112	0.00348402083017019	0.00259504030979429	0.00385293939590599	0.00177481565235148	0.00139017703708132	0.00210765876796546	0.0248228074178344	0.00234245814986065	0.00684293297982493	0.00209882207318148	0.000958606711665781	0.00319725757920855	0.0117974743940588	0.00814569982435304	0.00176721764843308	0.00648479585762852	0.0041887804525668	0.0600219325236462	0.0215078821553863	0.00894424556008203	0.00592280493923319	0.00378928501664284	0.0625761387545485	0.00333643000726409	0.0554880734602005	0.0064133570531063	0.00496960442439349	0.000637216495946748	0.000943338335892908
A[Del(T):R6]C	0.00829312844445851	0.00186635817163028	0.00171368759370177	0.0150454705445714	0.000830180129565984	0.00108460543832352	0.00023221816616769	0.00240682849964326	0.000921725673655277	0.00202947524390569	0.000489793513366207	0.0012297367306705	0.00085976085112091	0.00261117875781099	0.0005474876710984	0.00110614733734794	0.00320755591560854	0.00112957994801811	0.0106780758538081	0.00411699436574192	0.000648674565996038	0.00129355898025059	0.00152300369132013	0.000156969820759856	0.0099449043086556	0.0114441220268824	0.00142817593251289	0.00110466966222937	0.00255310570883171	0.00536672708729355	0.0010345194116905	0.00292417129030695	0.000319983727874207	0.00563434628103462	0.00139448227223276	0.000558356593445111	0.00160636214191018	0.0018306039893521	0.000815757798880367	0.000842750611978715	0.000473938835311685	0.0114474059703842	0.00136107294012586	0.000755283391039129	0.00318715560907732	0.00126942738237324	0.0129210232098455	0.00767653708674408	0.00141094266124356	0.000753541355948311	0.000432139869417054	0.000579825797455918	0.00168354479808319	0.00639507255698001	0.00445347809904104	0.00148044000548784	0.00586732529617408	0.00657344662118533	0.0157025531459385	0.0102376907851735	0.0045052178082252	0.00245304159731961	0.00240631054316934	0.0246525335765892	0.00214184478634738	0.0118989270940651	0.00268001423474699	0.00232348327418666	0.00129737151432832	0.000387328451615654
A[Del(T):R6]G	0.0139125263996507	0.000644877601432282	0.00135200557644913	0.00375242804074526	0.00105270424431242	0.00150911844538294	0.0015015457451238	0.00338512478967371	0.00132396385486423	0.00224987462947929	0.000679133394762227	0.00150418566126003	0.000562973261830255	0.000996847344480103	0.00117505735929539	0.00179199669200147	0.00352558711403601	0.001021773621608	0.0122104629933812	0.00356487748341596	0.000313450066840723	0.00236273350888055	0.000780722644055691	0.000121426449460749	0.0053327928490162	0.00963394333997089	0.0019070457950162	0.00130069103915093	0.00173070111825375	0.010630185659504	0.00151142478392539	0.0021140288163331	0.000540083979612798	0.00630042705614243	0.00172917737529581	0.000918607694673404	0.000437337094331459	0.00190910874845779	0.000776609736608259	0.000748512881634481	0.000404327022271605	0.00194703557466101	0.00120687691760663	0.000437263434629624	0.00202660919368552	0.0019603636808353	0.00217259663605497	0.0107432047686889	0.0016177178951345	0.000721243478839523	0.00132357303279539	0.0011634157573922	0.00174504389609089	0.0041702727485031	0.00669806248770542	0.000989463741096001	0.00310332084970945	0.00249121324321785	0.0276186292598937	0.00909655114009253	0.00414839894422671	0.00359878698889639	0.00252553410574201	0.023883439392258	0.00158945074943457	0.0210942320075661	0.0016918628609959	0.00259096845162839	0.000507102039076894	0.000725884647803569
A[Del(T):R7]A	0.0371990572803284	0.00427460681737807	0.00453509317800757	0.00778636830604271	0.00154281952227697	0.00265375401429092	0.000878018889461357	0.00185955766298014	0.00156824511101321	0.00173336064031126	0.000382254504069465	0.00193195178850351	0.0060450898842049	0.00110637582243361	0.000501989365567087	0.0050571721253526	0.00475633390677273	0.0005102863321849	0.0077129813792496	0.010520560247857	0.00280028433206354	0.00194356913907968	0.00198801387187014	0.000898142163835412	0.0207767544992879	0.0323397663014723	0.00121579416398006	0.00154723082853488	0.00444685920630835	0.0292636687929573	0.00131159641829078	0.00541916962399205	0.00088112107320869	0.00235899098481164	0.000753063981891863	0.00155922110297427	0.000762802407675607	0.00102580032932169	0.00171334435381854	0.00323909726113098	0.00233986833898382	0.00939482045971845	0.000872437756737829	0.00517147666512433	0.000650160126870952	0.00177482907682634	0.00422313725029563	0.0328887082021873	0.00104507033595575	0.00190317642034234	0.000530868219488013	0.000570704942215039	0.00156875475344715	0.0135589459689379	0.00525435349451978	0.000844845207873133	0.00408631814865947	0.00782321354945964	0.0485301144884973	0.0265672195789505	0.00957689996357452	0.00564644379330405	0.00154616529638514	0.0279392206743176	0.00365721527652978	0.0359643190540893	0.0082275900563087	0.00381540164537922	0.000607338143398846	0.000872962676879796
A[Del(T):R7]C	0.020529396701667	0.00309697271847205	0.0020987821452458	0.0447824218893078	0.00114865344428441	0.000438813482759362	0.000616402570625177	0.00197208650568921	0.00131738281039247	0.00234949381811137	0.000721153466759135	0.00138465350604389	0.00550406074684488	0.00263878234381092	0.000606969851944998	0.00144678365547552	0.00632202596056952	0.000750724742839604	0.00624205487669883	0.00907204884703218	0.00203775143851407	0.001913095918992	0.00114927943043706	0.000322325763384078	0.0137701279007248	0.0247916456171583	0.00208565443372069	0.00110402039787608	0.00660171479791594	0.0146096076469078	0.00132100958560934	0.0060834424520293	0.000488924986686489	0.010555904639378	0.000618443087885842	0.001098383477759	0.000488530152803713	0.000564108645853227	0.00143313710634401	0.00235514182336246	0.00135539739462986	0.0374565140588474	0.00212566602048771	0.00325591171943851	0.00445537469420293	0.00192286474919379	0.039113175802868	0.019258375840659	0.00119096763935342	0.000862801726776475	0.000531619005420111	0.000182031036870888	0.0022601949560901	0.0122371473457407	0.00599760989581961	0.00106490821874636	0.00636947110669273	0.00924025722365663	0.0273331386722353	0.0222287105174752	0.0102484488800161	0.00451070314773452	0.00216171283249622	0.0241653811460012	0.00398910720392967	0.0168024219122553	0.0068342781834011	0.00521111841610828	0.0011835324011927	0.000369243316614185
A[Del(T):R7]G	0.0301477659666743	0.00255236464765234	0.00236719772749796	0.00741841252575924	0.000393112832290953	0.00030066849744623	0.000279770673413499	0.0014549960711344	0.000890907413146992	0.00154669259718197	0.00109874057278336	0.00301113423121726	0.00129921712646472	0.000717338889579668	0.000437362347956141	0.000771131550586787	0.00591705413916376	0.000705441883392844	0.00575884433073297	0.00523658887013711	0.00163941406293467	0.000994974851463904	0.00106843144147176	0.000330045590634563	0.00977201204159719	0.0194451833259886	0.00171673016490029	0.0012128314577093	0.00249006486775443	0.0220094849604771	0.000422075805497193	0.00353661821413078	0.000408791899240923	0.0129699063248017	0.00111620889463004	0.000646885590873618	0.00108239915844074	0.000384702181661687	0.00121432175435504	0.00086524607018992	0.000746928477668784	0.00521645833819811	0.0020445126066589	0.00147764224079777	0.0029486260922757	0.0019673958051092	0.00553689896514309	0.0243677339221221	0.000436466341963998	0.000616114826585719	0.000350710878531533	1.30297932012566e-06	0.000839120521307261	0.00639118172011047	0.004458771821512	0.000447083309846947	0.00236380290867988	0.0038677884798515	0.0345981750792673	0.0164121069610308	0.00716682784783241	0.00346094225599733	0.00130257500920364	0.0256785132659645	0.00248879147539483	0.0330036021860091	0.00496857708572512	0.00187685102186606	0.00059548333606404	0.000903680659311188
A[Del(T):R8]A	0.0583938608655539	0.00500188958764206	0.00560560881415145	0.00914445046012145	0.000812331818016875	0.000293617845081632	0.000312385231238519	0.000585998827219916	0.000629491725895869	0.00214401756623325	0.00112522063741576	0.00150593065622668	0.0109624736345361	0.000831597892219938	0.000374466667288992	0.00527890476420166	0.0076310222402951	0.000255055036145865	0.00575728828676559	0.0152819850341156	0.0069334428154177	0.000527759810079269	0.00131469010534042	0.000149112139451327	0.03055122523141	0.0472521082552046	0.000737116850677594	0.00115167075563006	0.00695694986830813	0.0451868947624824	0.00221392386799008	0.00783447752207588	0.000850878290527052	0.00291775598040544	0.000254445225293486	0.00302367883865307	0.000965212452853574	0.000593850981977645	0.00160063443532222	0.00484042014883371	0.00270956682705399	0.00543748939837362	0.000597051426569052	0.00796675495594482	0.00153918415771661	0.00146089372935162	0.00293382318763223	0.0460307406665086	0.000219791669162971	0.0012129691383867	0.000474340295350427	0.000753556373472673	0.000656430173957849	0.0209563408691744	0.00296163867327142	0.000783957858509499	0.00145420030377212	0.00634841185155745	0.00142919501079231	0.0357759474623757	0.00967271583037835	0.00446321113511509	0.000746318174961971	0.00203699932438036	0.00364431946889978	0.0358987676410783	0.0105596090010586	0.00258903864824451	0.00195144608783559	0.00198253405969463
A[Del(T):R8]C	0.0349764711603995	0.00433783172277988	0.00378813397368254	0.0722008079065982	0.000305839311114611	0.000817915508487472	0.000243153943699895	0.000807201227268117	0.00106461141398804	0.00215161509888475	0.00203663127767229	0.00196147128668949	0.00175170471802501	0.00230034607951654	0.000252191251748251	0.00458454431919325	0.0136063391799805	0.00046317017068546	0.00230982638169761	0.010871771599434	0.00383836790840259	0.000404246790693877	0.00179797953733059	0.000565523297450688	0.0129900816067892	0.0341649161313469	0.0020505719693266	0.000840718296623466	0.005963369292425	0.0256232234039907	0.00137156388702914	0.007638113370036	0.00154423351570326	0.00957271958858944	0.0010912737222973	0.0030629567867914	0.00109594483433066	0.000831876257104356	0.000882733239827318	0.00512885392936238	0.00286955665843541	0.0678165857913739	0.00188088119561179	0.00354977250613155	0.00249408246166028	0.00228107325071567	0.0679150282887831	0.0288656863949065	0.000259074186781198	0.000323666443642901	0.00104650174110386	0.000765669255300508	0.000664059892697949	0.0083014149145672	0.0044915540780071	0.000333285119769936	0.00259492025943963	0.000406197214420747	0.000702296232528049	0.0256041192603135	0.00986551269749406	0.00426785555239777	0.000647125254912755	0.00381939768403914	0.00292432141351588	0.00978740112899694	0.00881418494505978	0.00294491603488601	0.00229953831293907	0.00107149795582937
A[Del(T):R8]G	0.0376145369753262	0.00252962939556177	0.00195666154418691	0.00499919917074216	0.000730576710939108	0.00038065555929997	0.000235135979966041	0.00056699988993672	0.000724910941867464	0.000996409431606828	0.000624392639653574	0.00136424675935046	0.00116506597390728	0.00110201736148625	0.000263624222335692	0.00103959489308243	0.00531631228486512	0.000293927811229184	0.00231492227070632	0.006722176404106	0.00314421295089528	0.000359017428840736	0.00146164131083168	0.000124068652239933	0.0039492271141968	0.0209230794280775	0.00186310606738321	0.000798640320753754	0.00231071692156887	0.0287920161714662	0.000621373317788557	0.00315163932982032	0.000620285644796872	0.0113498341571586	0.000411829596613458	0.0012993060165571	0.000438813462275865	0.00119113654716616	0.00052550378352063	0.00366910872276039	0.0024758992633291	0.00155934328201676	0.000936870573396545	0.00286768597577995	0.00234594894398302	0.00402497129681157	0.00445144695447887	0.0259057831731868	0.000164245442973032	9.86668035343437e-05	0.000373015477264294	0.00077951944288851	0.000597400336733425	0.00269684049790972	0.00136897834545083	0.000607344662811709	0.000396951787430713	0.00407753277173516	0.000976791044610773	0.015036703176578	0.00496263089554937	0.00199582000772404	0.000460427883863301	0.00573375404052276	0.00172811453128891	0.0106099672078857	0.00669919696049644	0.00178723239556251	0.00120632376862088	0.000656928641026067
A[Del(T):R(9,)]A	0	0	0	0	0	0	0	0	0	0	0	0	0	0	0	0	0	0	0	0	0	0	0	0	0	0	0	0	0	0	0	0	0	0	0	0	0	0	0	0	0	0	0	0	0	0	0	0	0	0	0	0	0	0	0	0	0	0	0	0	0	0	0	0	0	0	0	0	0	0
A[Del(T):R(9,)]C	0	0	0	0	0	0	0	0	0	0	0	0	0	0	0	0	0	0	0	0	0	0	0	0	0	0	0	0	0	0	0	0	0	0	0	0	0	0	0	0	0	0	0	0	0	0	0	0	0	0	0	0	0	0	0	0	0	0	0	0	0	0	0	0	0	0	0	0	0	0
A[Del(T):R(9,)]G	0	0	0	0	0	0	0	0	0	0	0	0	0	0	0	0	0	0	0	0	0	0	0	0	0	0	0	0	0	0	0	0	0	0	0	0	0	0	0	0	0	0	0	0	0	0	0	0	0	0	0	0	0	0	0	0	0	0	0	0	0	0	0	0	0	0	0	0	0	0
C[Del(T):R1]A	0.000120800638584829	0.000561745001202298	0.00199782993805648	0.000439269171613646	0.00324270863652006	0.00787478200737251	0.00298251906951352	0.00673684165515066	9.78856254312807e-05	0.00465351121295678	0.0016526096373487	0.00337312374263418	0.00172865127407255	0.00246905040935693	0.00816834320594248	0.00317230819651671	0.000136921970688456	0.00686460087044584	0.000351758927303213	0.00182223565599242	0.000289271119109998	0.0104041331311179	0.00144959245213591	0.00431347645188468	8.55196704328461e-06	0.00137045104536732	0.00108917380950391	0.00183398548738347	0.000968028518996773	0.000495715006874705	0.0039199822384055	0.00150070946639722	0.00171722086108746	0.000593453771540479	0.00738238987511501	0.0042986216562115	0.00765275323982486	0.00505834736341334	9.44775645463728e-05	0.000685558761480767	0.000800413053740347	0.000244361640485374	0.0072664376625291	0.000167073048323526	0.0016285769953217	0.000768874243042972	0.000979775418797477	9.43276268097608e-05	0.00761837175669331	0.0113553436706962	0.00203428576576818	0.000189945429778318	0.00694600961297378	0.000207530865698625	0.00910476178067927	0.00614082596924329	0.000687338394647365	0.00364091669169604	0.000404264414199623	0.00174813316599573	0.00257596618107044	0.00559655158105565	0.00814496590746349	0.000150455403952641	0.00170338850091016	4.15674436106251e-05	0.000260431607586733	0.00536398770098429	0.000572980392448864	0.00300751268647016
C[Del(T):R1]C	0.00039441002631415	0.000302414499359834	0.00222630865958902	0.000791214678280564	0.003011795642277	0.00197824574989066	0.00346536120178047	0.00663129781620033	0.000828002114187216	0.00392131762507239	0.0038073422730733	0.0017896862266384	0.0014260493205992	0.00154704102846071	0.00247351089307621	0.00794558995899458	9.88506982230402e-05	0.00840036726108832	0.000495869676569008	0.00155382435510983	0.000394568542638753	0.00367269567615488	0.00124197031470162	0.000758518978712806	0.000299639545279084	0.00121046503685623	0.00282265575487778	0.00234326280032153	0.000361666258540658	0.000609773327040566	0.004348845383077	0.00105049966100366	0.00319942581231103	0.00224327154426571	0.00711432769860343	0.00240291946418555	0.00205281580829835	0.00406557964320799	0.000175710019632577	0.000419482260673059	0.00123120948355757	0.000691690332472776	0.0045301568444635	0.000177411899888571	0.00190567249941928	0.000581190456798712	0.000906700298507103	0.000371060524964323	0.00612360312362923	0.00334923245541437	0.00133649280737692	0.000190283239231684	0.00530153959982615	0.000124657717462353	0.0066692052846024	0.00638045358327812	0.000483870913178914	0.00625196837885979	0.000567765529354353	0.00155620130464914	0.00223590429336774	0.0048890422469799	0.00581645084503596	0.000178415229706771	0.000991006462037	7.72986633295933e-05	0.000390647411380099	0.00495923398564836	0.00180137152586527	0.00432866368906612
C[Del(T):R1]G	8.30919481041643e-05	0.000649528570621578	0.000454916616702306	0.000435769773219138	0.00226164240677136	0.00161551557795831	0.00341223708455993	0.00904418787071725	0.000180154610197147	0.00483915300984556	0.00184831660509546	0.00308049778114196	0.00149175418602344	0.00304381801745943	0.00499646631056392	0.00509653725646565	0.000138707018820962	0.0109882648035267	0.000231614974762083	0.00157620838567702	0.000187418408888996	0.0105533492815233	0.000486047870336273	0.00197335786522882	0.000169079515084939	0.000612530511249181	0.00429958514504481	0.00172681734865291	0.00147587824004865	0.000269197547573131	0.0045419527662052	0.00111027222915087	0.00118718352016595	0.00020282963712805	0.0100422988721408	0.00306625358207738	0.00389133680946626	0.00395648111768611	3.01312687924025e-05	0.00034757417435174	0.00158832818103132	0.000228677603781797	0.00731073862616533	0.000145195343417629	0.00118439936707196	0.000484047419763161	0.000672801928407831	0.000190218963248473	0.0112009537687196	0.00397342317208835	0.00154233328376061	0.000383703280530338	0.00943109079105792	3.20071645065115e-05	0.00801868338574908	0.011332779763633	0.000994941840948955	0.00893687901682336	0.000309410257887787	0.000961234193760155	0.00342585907257258	0.00597070559640785	0.0103269921680247	2.43635171173311e-05	0.00195339005408915	1.74045985824474e-05	0.000271437712357004	0.00642669615694806	0.000864865291216668	0.00408403086179938
C[Del(T):R2]A	0.000155542512489475	0.000378731961572767	0.00160488876101423	0.000240732662099164	0.00130915721061563	0.020726288895103	0.0010762269760879	0.0056540341512778	8.32057460510354e-05	0.00383265136866619	0.00164265432013082	0.00708453414838817	0.000648875392310197	0.00111867164315501	0.00816087079667144	0.00199581857089618	2.44932014247142e-05	0.00625413219909435	0.000951009437338469	0.000976929755835309	0.000106401691580364	0.00684496057790448	0.000337802037781249	0.000271618445700091	0.000132341689994829	0.000894498077719912	0.00182020610543478	0.00117650652858737	0.000510039502623376	0.000435363034845862	0.00199749685585518	0.000659827248022752	0.00118564052104954	0.000429173832539586	0.00575926864764492	0.00181476409528459	0.00755007184929147	0.00281352975262544	2.0418790845826e-05	0.00013701779092279	0.000334524192888412	0.000223799839447434	0.004810324376319	5.48363463721629e-05	0.000537471649540842	0.000867083274467232	0.000149690097154042	0.000226033741240749	0.00568511668495181	0.0234446897035874	0.00268077501879937	2.75073412026528e-06	0.00466146806011614	9.32081836709794e-05	0.00413900005760912	0.00123414314394266	0.000647855547322775	0.00502013939620767	0.000624006564129181	0.0010606955904732	0.00211514933293619	0.00387479585503655	0.00370585739053267	0.00138891208229557	0.000874432336949614	3.11032193858237e-05	8.35854052452628e-06	0.00215593305515668	0.0008515860234176	0.00051724720584407
C[Del(T):R2]C	0.000204320666694949	0.000226041452687898	0.000640398913526375	0.000423304481342908	0.00212200823426006	0.00419187175301525	0.00119191907895927	0.00731651735946296	0.000173383841920798	0.0033249385050907	0.00269495023548709	0.000619570157328746	0.00102012764569509	0.000687874984882696	0.00521940104134119	0.00180174429925696	3.27746542361767e-05	0.00701893582537816	0.00137253616866118	0.000944190228824941	0.000157243247949701	0.00517334417187769	0.000625680019415875	0.000896304109728154	0.000527371301002551	0.000434983760321703	0.00179467408140264	0.00130523024384692	0.000443821060527518	0.000702911621434599	0.00262316439800961	0.000403322591605794	0.000371519898362305	0.000465691608762371	0.00657463426463016	0.00240382460583037	0.0054807576292144	0.00455598906024637	0.000131493399101837	0.000130827394560001	0.000197183442190364	0.000194504333889862	0.004814143894175	7.86090473164467e-05	0.00164507342919396	0.000450795272218603	0.000443423640376019	0.000241287194484647	0.00596154022145246	0.00284159939519369	0.000794644343631968	3.08854357363119e-06	0.00350304573181939	0.000222838457735994	0.00402550580629891	0.00362160081083869	0.000604057693714146	0.00323293648870442	0.0010174062810238	0.000774313336590971	0.00175245243584644	0.00272020589222424	0.00393252767614731	0.00171981669379055	0.000893648084290248	9.09842749964042e-05	0.000135538655470677	0.00272223115282324	0.00236004845166887	0.00173455784853967
C[Del(T):R2]G	0.000108058010791006	0.000156825509291669	0.000813689869943649	0.000211415557914311	0.0014356060325948	0.000780869707927722	0.00155681972012324	0.00512714060171156	0.000458182988087788	0.00243868265612853	0.00128308930598071	0.00118766296314105	0.00113148037027299	0.000631675642911082	0.00906101848524483	0.00365079741395819	2.00159495513794e-05	0.00567879501232541	0.000163787576168042	0.000743277185298789	4.42668273043768e-05	0.00613450174403643	0.000206014887357956	0.000794958401389201	8.25977483597238e-05	0.000573145076181125	0.000425187145307524	0.00124734409241902	0.000497557056883003	0.000338733921160338	0.00202532873827943	0.000429654687562	0.000891922067023561	0.000428167341263386	0.00488866091669981	0.00133737868469841	0.00645862993719125	0.00245998414723383	1.77715759264335e-05	1.09437364270724e-05	0.000108879315574253	0.000201483585625197	0.00458205148136689	3.26468683391275e-05	0.000768087336579415	0.00040769127330743	0.000145236283852384	6.68121648295248e-05	0.00532473207462115	0.00128378236182071	0.000674018070541469	1.9303397335195e-06	0.0033081873286781	7.16618359634915e-05	0.00428511206191938	0.0019881004671398	0.000485155698202602	0.0041049259597787	0.000891803699414422	0.00089296828654521	0.00179905777616911	0.0028758055264883	0.00332797342796233	0.000665641355143923	0.00070353764522609	0.000137872455462282	0.000133293077419311	0.00302558903055028	0.000612329641224027	0.00117694313999607
C[Del(T):R3]A	0.00029427168388311	0.000408567524122238	0.00227371849697361	0.000314507554103627	0.00138914207374421	0.00622353515726142	0.00108290285024341	0.00749482715095298	0.000592448153049434	0.00314252205352923	0.00127050351876622	0.00241192234849954	0.000763454068945608	0.00146850014480366	0.00366890377801325	0.00137553137641027	2.34104673115548e-05	0.00420236845656457	0.00151514046898644	0.0013077866824876	0.000136216928973828	0.00341208968196409	0.00184004020523193	0.000571726730062685	0.000748902880619636	0.0014242121033989	0.001367638463767	0.0022881092049544	0.000990389159207945	0.000636063365376669	0.00340844816504807	0.00116493920796401	0.000513990150110841	0.000789113511136457	0.0036371536076122	0.00215120973492459	0.00262284147163323	0.00331031768134116	7.11856872010014e-05	0.00040638293979823	0.000315040525890915	0.000193471798795807	0.00331536871647579	0.000113717624305269	0.000556866105579852	0.000498128861768845	0.000460460235584468	0.000222716928580583	0.0044414206613208	0.00694756718982843	0.00234995996746845	0.000192406612938556	0.00387377387025268	0.00014044747139627	0.0100170126224519	0.0016450441242733	0.000799834459228477	0.00179363247234976	0.000270025465886423	0.00138009785332326	0.00222099320274203	0.00464474795597637	0.00470437313759578	0.00305367872379741	0.000974680277224128	0.000108382369010569	0.000187297843395355	0.00319824330899743	0.000815221078177069	0.00105923545246091
C[Del(T):R3]C	0.000258442102733778	0.000212205755827039	0.00124112067740556	0.000710945912702325	0.00153547399885096	0.000858785391685648	0.00125760184393595	0.00855269243691042	0.000134194018534925	0.00438107830544225	0.00133735792544895	0.000696107575449705	0.00110814640875031	0.00127120005899159	0.00234089662993973	0.000755560002258276	0.000115384340761826	0.00496129376562026	0.00109148115150924	0.00112465407085314	0.000145441147596063	0.00265492356581862	0.000782679296322525	0.000253513612743597	0.000383092490343137	0.000752126888356149	0.0015433588644588	0.000981360247098495	0.000377644065401467	0.000567808825611294	0.0030679247044064	0.000663722820270954	0.000310108533529182	0.00100762493169692	0.00653460006509157	0.00276745994422678	0.00251207696660422	0.00226808041808171	7.56218050352052e-05	0.000281386677526391	0.00140642604628997	0.000562373880698352	0.00520176598538081	0.00010593628667378	0.000613266075440421	0.00124576918432706	0.000457657619030728	0.000282463262633327	0.0042759995091937	0.00129381897117741	0.000815791480719411	3.18506056030717e-06	0.00367983991081582	0.000324897456742741	0.00558477521469269	0.00221368056316278	0.000442854961036141	0.00320678598966483	0.000982932695840788	0.000889018220248585	0.00196287031084819	0.00364620384849418	0.00472670141264398	0.0022136606166782	0.000697807827440134	0.000225641847584959	0.000247970035560946	0.00355298445626338	0.00174611187777235	0.00195843083369438
C[Del(T):R3]G	0.000154810597334173	0.000311353930397095	0.000456907176405889	0.000147525239130408	0.00220678215120089	0.0015112296576729	0.00134933958605848	0.00758768380300452	9.78026212667721e-05	0.00292837236568295	0.00152551072294907	0.00175856714973298	0.000826736282627062	0.00106755717228865	0.00510915073411186	0.00246657286660005	2.68927743241486e-05	0.0043020847526238	0.000863864775786835	0.0012977542354619	0.000184292161964729	0.00463547723109452	0.00151005006484684	0.000522443904311822	6.91284002665506e-05	0.00108130952457714	0.000653357948309705	0.00295124523228954	0.00100102721479188	0.000312767452526833	0.00367290792522237	0.000271817631262132	0.00024986299025068	0.000467958919755532	0.00423642044700343	0.00054524031112455	0.0035672740456693	0.00301201402776142	6.14551395280126e-05	0.000713719537791845	0.000386316909920977	5.15228585366479e-05	0.00463957106143113	0.000157978041630293	0.000795284159990441	0.000501928615960855	0.000156131973429781	0.000163699030690395	0.00410426072976541	0.00149694380414331	0.000333036126380046	0.000193854367738695	0.00350490685194266	0.000119186228114567	0.00888626494847372	0.000818788612948958	0.000351595637140692	0.00253459929844262	0.000774368139733293	0.00117175021150292	0.00266489597792771	0.0043543472861901	0.0040302595375654	0.00118672289426438	0.000874030834897408	0.000248614356617402	0.000321381031610517	0.00356266954427405	0.000806068036764147	0.00159024711258938
C[Del(T):R4]A	0.00223038982642271	0.000633955255237933	0.0020282044046445	0.00104290136902146	0.00173827571697359	0.00855076828210258	0.00122771756358257	0.0062499225246856	0.00027923786714491	0.00337745677467979	0.00102346866211153	0.00277522060614145	0.000707261299311482	0.001064669248978	0.00449472691317097	0.00133447473300027	0.000362628138655984	0.00259021481233332	0.000319360976014258	0.00165674882416687	0.000247821494428756	0.00441503838497592	0.00197395687005841	0.000166665556175644	0.00125631959185452	0.00178848242649581	0.00211195665455622	0.00251554933079787	0.000874662311676972	0.00222115044597954	0.00237598581006263	0.000787705950265847	0.00167219957575754	0.00265406879414951	0.00342986864517802	0.00087912650324146	0.00420403154009131	0.0027377524566578	0.000120543144896022	0.00104941036198287	0.000705887251948565	0.000633422791895398	0.00336542163811845	0.00021219408938492	0.00113123180655122	0.000998716388014874	0.00101348413100246	0.00153358150926767	0.00471878347845889	0.0123229160053383	0.000304725240190497	0.000190476273205036	0.00278517412836471	0.000248669757254545	0.0120413399915136	0.00572746556541216	0.000806891779764757	0.00136652566468868	0.00661526450605589	0.00184698394217532	0.00207205248452546	0.00469009341041491	0.00445402545424534	0.00599503175857414	0.00117234881632366	0.00438493599941429	0.000499849040322417	0.00345726981553226	0.00210414589512433	0.000574959155422138
C[Del(T):R4]C	0.00262957085523068	0.000240163530348408	0.00102702324706483	0.00246454073281849	0.00134477718907359	0.00190789856302128	0.00126366691541841	0.00654849447467097	0.000582333502717165	0.0029678166365076	0.00107363644630302	0.00191939751916004	0.000651234290059758	0.00357546166643238	0.00301070069496807	0.00152943223099707	0.000233080465170668	0.0026705325619579	0.000642472575933954	0.00109005310882723	0.000116179928644874	0.00340466356425352	0.00146638950270476	0.000388197027452946	0.00154847616597073	0.00152886815272178	0.000695218144573565	0.00188705579104311	0.0005810174384188	0.00230712042696217	0.000811428294193121	0.000425724976900717	0.000922953493698032	0.00122992151702997	0.00451240114379245	0.00198030339464062	0.00183752445280544	0.00340323903131939	0.000136299946327492	3.96019553030169e-05	0.00078106582698793	0.000533446831647373	0.00320470249603042	0.00015603108340405	0.000998480098835931	0.00143979735652992	0.00240019947340298	0.00191214492670631	0.00370896833355258	0.00136553583044818	0.000870505005521092	2.46118316023736e-06	0.00363915215510676	0.000292508755431135	0.00586513194117974	0.00330016966920178	0.00230608475122916	0.00724217539517916	0.00783998798545028	0.00133125922384227	0.00220627848293229	0.00357506681643787	0.0035045376504411	0.0050975021912058	0.000969800814174471	0.00203658683388316	0.000694354912030797	0.00225869959423449	0.00102845456899667	0.0012985394401766
C[Del(T):R4]G	0.00191685567177029	0.000305326641668539	0.000930863128050804	0.000508573389316508	0.00161153267847213	0.000575365100306484	0.00104210060307041	0.00595706640486815	0.000863195879938887	0.00148836208506024	0.00128635378669443	0.00119188003431048	0.000688772641274386	0.000785710031026218	0.00633857002452303	0.00306691520406568	0.000162556432394609	0.00188818460348284	0.000914067341714496	0.00134322907555438	0.000219513790211551	0.00616267256013413	0.00215762105097737	0.000135395660675912	0.000165088597131407	0.0020192589315733	0.0025375674081056	0.0034764775109874	0.000866428180341872	0.00161013262008283	0.00186666046579404	0.000527002269039971	0.00356875122304111	0.00192618891355866	0.00255745217659888	0.000515890561549947	0.00551785137381758	0.00222138163123134	6.63158959329039e-05	0.00120198705090678	0.000169213191948858	0.000204380896236627	0.00141984452366784	0.000172347210390946	0.00218800673589521	0.00185228560458654	0.00113379783651587	0.000986079177009327	0.00438856521681999	0.0014154290317746	8.91245466895314e-05	3.04028508029321e-06	0.00303340386454341	0.000148501671424696	0.0129138829796492	0.0030030225650112	0.000954595272600036	0.00293215171979243	0.0059957040323008	0.00210147442783492	0.00220957751264052	0.00450171296751955	0.00519436978464296	0.00219738879399367	0.00103123454143725	0.00187109598149251	0.000502233234302879	0.00421454630601996	0.000637575554162946	0.000403664739660212
C[Del(T):R5]A	0.00548666905737365	0.000641523200167152	0.00163521966316429	0.00186792486425578	0.00078674734261721	0.00241984762624054	0.00117466573690137	0.00353335425725971	0.000379222312164481	0.00205748892872432	0.00215040247742251	0.00244056934920219	0.000645011900320377	0.000782219718804147	0.00291805675265952	0.00043560723955915	0.000239313502092369	0.00143547949052231	0.000737471849862761	0.00151584611080176	0.000131298601986282	0.00475091646153009	0.000989426089321647	0.000309666165720337	0.00218720120451605	0.00270385209448443	0.00160509013824994	0.00124724811421027	0.000316468337965527	0.0044858334619471	0.00163159670950176	0.000786898007822939	0.000303387915155485	0.00184003921268367	0.00232642980120165	0.000742809335577987	0.00310018813725808	0.00275114444497583	0.000174246371793186	0.000266214679297949	0.000397204841478402	0.00131495593526348	0.00195024944626971	0.000122526838965292	0.00311626552838301	0.00172147777701725	0.00239048005441859	0.00476670171059732	0.00364062119196289	0.00439286933118337	0.00114607472534843	0.000189945429778318	0.00240129057933236	0.00141631912576921	0.00718682211194127	0.00117706679315637	0.0021131222767191	0.000871503201464039	0.018118805589766	0.00272958514022455	0.00215206704633786	0.00370990542847091	0.00272731337233853	0.00488717709183235	0.00127528635075491	0.00619131965720424	0.000509579878545	0.0024898611827498	0.00042830936232232	0.00102417621464237
C[Del(T):R5]C	0.00644095200954237	0.000549459627404539	0.000268769124421735	0.00690494418638388	0.00028606004911255	0.00164049161769053	0.000326906200446832	0.00328316557004079	0.000651535260441811	0.00156438233940601	0.000283092529992653	0.00119294642012344	0.000371711282136157	0.000698576246720923	0.00182227823403435	0.000595878029694573	0.00030129271429971	0.00139393095084608	0.000500314630850329	0.000761812362341145	0.000255187678411251	0.00462569297507369	0.000495058768933535	0.000158647045132729	0.00116623887233192	0.00230310363656708	0.00353019704830547	0.000441618321549007	0.00129668226608572	0.00519624318898999	0.00140472326193378	0.000614047636081603	0.000571183984025776	0.00209492501151628	0.00190827264751394	0.000441751661968269	0.0023662856320942	0.00147304655987383	0.00016550965907287	0.00100455762405071	0.000458084478833329	0.00221585887124392	0.00160894241125128	0.000341925810460171	0.000384879636222424	0.001579700523319	0.00211861796511008	0.0047989714325985	0.00324613779944978	0.00085998283762533	0.000529272799382303	0.00019134492608512	0.00121101426267222	0.000768121635610549	0.0050602755611206	0.00896564003682665	0.00297395703329074	0.000295543863112727	0.0178569175474887	0.00230497503972931	0.00195039421834047	0.00241698693518265	0.00158537822480752	0.00342156341057816	0.00115580074879773	0.002412700485694	0.00118110474705358	0.00180185922307955	0.00129524070983219	0.000566564690028965
C[Del(T):R5]G	0.00467871492032786	0.000457162841585668	0.000550629362449614	0.000718179639042876	0.000724699797716746	0.000269796996979771	0.000487333574907362	0.00294446226013387	0.000542313637686205	0.000837856752071155	0.000387272631447587	0.00131810133689881	0.00072085365066841	0.000481840259854985	0.00265745878436641	0.000865931179633858	0.000238786766577859	0.00107043728522035	0.000323892721592564	0.000858638767975653	0.000117681808571722	0.00431955780682405	0.00104464634709278	0.000159198461364907	0.00011552282147637	0.00231431712268838	0.00145709682247992	0.000827817696212585	0.000283048264644042	0.0031362428998929	0.00078946423711649	0.000270895894108954	0.00125486974807248	0.00339844755592925	0.00145792722308812	0.000193003140229414	0.00259335102194374	0.000790690120617656	6.32621121692361e-05	0.000503715868323858	0.00048321677197716	0.000221778684133656	0.00126928656922523	0.000177082264759357	0.001292963735934	0.00185897385970279	0.000676626188434363	0.0027927465473777	0.00247837720484268	0.000844120902905881	0.000632630996034536	1.64078877349157e-06	0.00134684981871161	8.35104404821451e-05	0.00543958113988486	0.00217003133527109	0.000829438497337317	5.20308482957142e-05	0.0113257101537406	0.00221128945247106	0.00114235449341461	0.00267718078732917	0.00229256595046338	0.00253878755200259	0.000670353461478565	0.00164627370951117	0.000835382758293699	0.00281439279106255	0.000272001314270795	0.00020205354753348
C[Del(T):R6]A	0.0105375172777251	0.00106908610897521	0.0019173094522691	0.00251134430974223	0.000852854581043596	0.00146322945372183	0.000541444615143362	0.00183148572667592	0.000154375888248315	0.0011323066613031	0.000849925090284812	0.0023685398347451	0.00134152427637305	0.000983665657712486	0.00160383883255257	0.00116886711451025	0.000736639617042212	0.000435877770165209	0.000522824573661311	0.00259785650273633	0.00022579266589067	0.00379663727324458	0.000682573729783644	0.000139324501330177	0.00961511907954894	0.00652759340532292	0.00211792567978244	0.000682280857091502	0.00156536224786314	0.00885531872583304	0.000574127370240034	0.00129331860693229	0.000167501126303633	0.0019985020650076	0.000768453375005519	0.00117173540040145	0.00181120819419642	0.0015334981105896	0.000453450749451841	0.000632028414361476	0.000886697864729266	0.000536511233000165	0.000599092736587105	0.000540638959733107	0.000994355990367866	0.00280029848530622	0.00131085969514501	0.00838576681581284	0.00133103464769843	0.00180271371162299	0.000431295235243443	0.000190814082658402	0.00164666316409102	0.00623508704699318	0.00451737783666126	0.000761313436730156	0.00218110431900891	0.00161419898617109	0.0280500903010892	0.00576439488898915	0.00353560417592228	0.00337751300783727	0.00252857994167866	0.0112656873672599	0.00137144687491316	0.0115375397848463	0.00185323952565019	0.00177673570799788	0.000485164170687211	0.000501240112520813
C[Del(T):R6]C	0.00528935504759236	0.000747283508643112	0.00048224827485454	0.0148237356184456	0.000835569978461546	0.000757009025631711	0.000589674977156687	0.00173676852982639	0.000721412909220314	0.0014223536431161	0.000621101179760398	0.00277056728623036	0.00135813856700914	0.000635006499244835	0.00130724339826471	0.000628894636807071	0.00076879974651146	0.000777537158792016	0.000923626783139595	0.00137490352192717	0.000938386638560093	0.00345871432369764	0.000188956704625672	0.000122000841369268	0.00430516710917751	0.00487214379271521	0.00108035505610518	0.000518525095639603	0.00127997913725328	0.00394957890483342	0.000436607915768438	0.00086960400324632	0.000437457393936898	0.000344969473674245	0.00142155284384582	0.00036831702403191	0.000872976365526853	0.00164025881056458	0.000184428662626481	0.000851455856863887	0.000851960178331766	0.00739693038948624	0.00133933525655584	0.000841373369588521	0.00202816966715992	0.00178163768614777	0.0091899950532023	0.00537804904438305	0.00187889902992093	0.000752745701752423	0.00089593787897093	2.94376809361723e-06	0.00179678303551785	0.00292939346968313	0.00440874959873485	0.00129013380327377	0.00364644302515726	0.00682555039911659	0.0128659876564184	0.00432263782235909	0.00345572052798719	0.00244441778808518	0.00286077636519919	0.0035706038734278	0.00126066400603492	0.00550831559538918	0.00149864611742812	0.00193151676071212	0.000650413356942098	0.000859373107291092
C[Del(T):R6]G	0.00518339941037502	0.000303284516979032	0.00072544507419539	0.000810040600104327	0.00058286023749222	0.000768999118070942	0.000511982553447332	0.00163419064493056	9.02492422964843e-05	0.000313593894400487	0.000165085599068431	0.000951264617241171	0.000873225694491374	0.00070440524530499	0.00141157027933484	0.000584235500435546	0.000440848362560717	0.000529657991517203	0.000232017934355229	0.00126145827532964	0.000244039470572816	0.00295307335128165	0.000513227682839849	0.000504660730824098	0.00126202090321671	0.00298802937137354	0.00111744003218806	0.000600959085398582	0.000414117398832109	0.00400628449521375	0.000369445488324359	0.000595013574210638	0.000522116612123934	0.000768810525822996	0.000944409065845509	0.00036097663252062	0.00114097405663502	0.00105251215084828	0.000229593943793863	0.000572197128087205	0.000375974739343874	0.000387150318829325	0.000562494316085661	0.000175512032395073	0.000788819341310771	0.00175613978810817	0.000483284303006355	0.00486817286804121	0.0013912193762144	0.000438610058727407	0.000123316589347186	2.02685672019547e-06	0.00130541761495324	0.000421904237616091	0.00580054786902008	0.00195225049215058	0.000714567199939303	0.00133956471629869	0.0134103070886503	0.00272468304431864	0.00213966950215652	0.00238272655143761	0.00221924201609666	0.00478547820005401	0.000641162383911062	0.00442205431831954	0.000496189579794266	0.00236745393446601	0.00063243101513086	0.000596562559007511
C[Del(T):R7]A	0.0260954962488704	0.00303700917078443	0.00363232576132856	0.00393052217286497	0.000464609919612901	0.000739641316982193	0.000137106865542215	0.00069883472805579	0.000757389285665923	0.000281070874142573	0.000683247719628698	0.00862420137397026	0.00422569117616682	0.00112637867775705	0.000542713688756332	0.00226555054761453	0.00172614154413335	0.000258726619344251	0.000520053451536137	0.00696334521922871	0.00167473368083795	0.00212488057048051	0.0002109359413674	0.000327679095971468	0.0261260811512544	0.0178893545430933	0.00185567366823056	0.000439693111597098	0.00342369240181094	0.0198562965970317	0.000652409279320232	0.0035935610871493	0.00120391648836169	0.00131963993294073	0.000275333422786197	0.00121216899936045	0.00113599131482266	0.000678662097651204	0.000704150133695195	0.00244794249740819	0.00206947106128325	0.00856273427400558	0.000773937744000055	0.00249505700757015	0.000669331658127904	0.00337892711688046	0.00337688511099491	0.0223870480087605	0.000857017988880815	0.000889967634321787	0.000817668445549657	0.000771556791487742	0.00107804815193087	0.0206314895322652	0.00261388815492913	0.000936730156130408	0.00135541940928982	0.000133021753379074	0.0357017293824324	0.0145899957101644	0.00442791316367314	0.00230475998853879	0.00100577980066058	0.00312993815366134	0.00262916457592756	0.0152886804076463	0.00458322480283651	0.00166643031084101	0.000276215833660925	0.000488380943719996
C[Del(T):R7]C	0.0232843569721866	0.00141598871762118	0.00112020087763409	0.0771796278153475	0.000622104765712058	0.000470601169691277	0.000135741726806397	0.00110782705494614	0.000509870867101107	0.00105437579183676	0.000703428145858995	0.00100851014656407	0.00374947434832581	0.00150529902036326	0.000644040951736858	0.0022500753512523	0.00567882337118455	0.000404197792869236	0.00083989797906217	0.00400507768034157	0.00144692092049109	0.00198015007192207	0.000658818058747028	0.000132362871398936	0.00925757559074761	0.0160381397289016	0.00161864560198948	0.000982071614998614	0.00122437111942815	0.0165648646897773	0.000512700054807764	0.00184719160022374	0.000579104712823348	0.00794309387068755	0.00106659866942363	0.00176305758341224	0.000977318669997697	0.000512099242945705	0.000264712457076042	0.000795769925296839	0.00837170055765038	0.0600842796488015	0.0011374814494818	0.000925051977857704	0.00147999762808032	0.00294494704647084	0.0586921528829484	0.0219983156224926	0.0012195320642183	0.000200925417438695	0.000826333766515961	0.000186084750311279	0.000596009302350209	0.00474223834646141	0.00402447930448975	0.000736298219324209	0.00722705611291033	0.00259840867729749	0.0290451329378062	0.014420152648917	0.00649433635147423	0.00243900677052633	0.000801043068609128	0.00800290687858436	0.00181305686896512	0.0104613052997845	0.00404639303263112	0.00292377837539159	0.00132973972958855	0.00165590088481883
C[Del(T):R7]G	0.0289801018857673	0.00130101105581294	0.000801508582868689	0.0040586183874423	0.000731498919029954	0.000627667397225787	0.000425663458709026	0.00089160809457081	0.000211885916515028	0.000451304789687705	0.00116922367910241	0.00170243647830545	0.000832601650004348	0.00037773328210429	0.000318344714356983	0.000920787565770187	0.00199278676681196	0.000422101615577069	0.000262078720003936	0.00351388653117715	0.000636067819809572	0.00148389552779242	0.000918986607715627	0.000213191300765618	0.00368743002308425	0.0144663549305808	0.00117019851321979	0.000531640235575916	0.00131955408559118	0.0220364656956784	0.000158753588201269	0.001277956321046	0.00125298386026353	0.00551517987842987	0.000939013099392135	0.000855129614830113	0.000350120658015716	0.000653306792182692	0.000389185767466726	0.000549231863009182	0.00106963694533322	0.000311445359858569	0.00116429972687453	0.000691732011472433	0.000788039104573569	0.00470101806074748	0.00130374408641694	0.0218757052476114	0.000857685457142016	0.000111562084751982	0.000562682773360689	2.21989069354742e-06	0.000459135713115306	0.00245050608131933	0.0025593486661777	0.000726903664691683	0.00288206071513985	0.00440003758323788	0.0399800501409058	0.0117565536843366	0.00516395025607802	0.00186980717867111	0.000701997432696113	0.0113668409171548	0.001401084065872	0.0116445025318292	0.00356725321211574	0.000986147564706262	0.000864547436402328	0.000768361054186428
C[Del(T):R8]A	0.048667921909692	0.00417438682943548	0.00423799711558181	0.00442832036051181	0.000280086711987928	0.00118486810499975	9.2679614512019e-05	0.000386249554964735	0.000953872000795702	0.00158107184623895	0.00112553089797946	0.00194852924068677	0.005390400127712	0.000877556622697355	0.000148604030603218	0.00593580570587459	0.0021803631361458	0.000303084363306525	0.000986860442371769	0.010531801674098	0.00313190959576054	0.000191407030866055	0.000753377325251349	0.000307276695380901	0.0111028762795123	0.0273666788270138	0.00131437935481307	0.000598864502137121	0.00309760836685006	0.0409802583964176	0.000121536977030421	0.00336153746606817	0.000732684558210036	0.000865482389529012	0.000215536193647637	0.00220885993148815	0.00127196480250238	0.000229395524033842	0.000297490940787838	0.0015401374522241	0.00473575904259771	0.0180555223917922	0.0005214050135445	0.00449085319512457	0.00424794318449835	0.00190747660438904	0.00186585784754421	0.038205116978495	0.000265255103715641	0.000322359297463943	0.00046232772043685	0.000571091010161743	0.00013873820441944	0.00835329972734793	0.000982398422135117	0.000720721870487733	0.000678780358831316	0.000891872495137439	0.000868909399528074	0.0204508233669681	0.00600962772073075	0.00160817602498552	0.000266566612428989	0.00122725506127749	0.00282341917360074	0.00937010055082001	0.00756870696053373	0.00130535868705412	0.00223120541405637	0.000576625703698724
C[Del(T):R8]C	0.0407150353695627	0.00184674531610638	0.00179425834614833	0.0972943696524205	0.000419256071842176	0.000280392892623743	0.000140187071131857	0.000467351567021111	8.34666162823483e-05	0.000823160622152372	0.000446384013627507	0.00281986339403848	0.00684803317655801	0.000615092230526016	0.000316224082715764	0.000936492936274089	0.00611709658234099	0.000178891841743328	0.00115591749014249	0.00572274819232844	0.00442914943159734	0.000607417606887673	0.000337430568083974	0.000184770389132137	0.00574635172195104	0.0236470859201864	0.000889846876788421	0.000568535388173336	0.0020346524713374	0.0285333221942389	0.000857811605058877	0.00291452908519018	0.000635269880660677	0.00857669636278593	0.000284830807687314	0.00102604540829053	0.000904238456749635	0.000353300278019409	0.000173803663496086	0.00102605819713218	0.00413733212767456	0.106670970281507	0.000483091892627891	0.00198789793500025	0.00228052052044911	0.0108177110566159	0.095866219001273	0.0362658887952649	0.000327707615962438	0.000279894096380559	0.000838627886154075	0.00038389631450369	0.000164973881800366	0.00191126879435627	0.00279404909264643	0.000804608153126277	0.0011004129745322	0.00781683801456983	0.000785385056965517	0.0189692695047684	0.00678203268825258	0.00142328550053307	0.000284635430258231	0.00222362416027851	0.00166955667009012	0.00317427648008	0.00648154222862893	0.00187255856200286	0.000953258360604344	0.0010697593962075
C[Del(T):R8]G	0.0510481845416476	0.00212527420674582	0.000707762939050679	0.00174765145310344	0.000493903006637953	4.18259038577824e-05	0.00017774462554597	0.000241108864683964	0.000450143441868235	0.000372931735781328	0.000921892051473738	0.00189341648298979	0.00182780148434597	0.00054480761841965	7.42016182480635e-05	0.00143703604822003	0.0025438984304101	0.000147819313796695	0.000453224152857427	0.00447037055295012	0.00279288234416811	0.000133010916312316	0.000484389129410818	0.000288505567810526	0.000508699506291379	0.0188285254082498	0.000591549654838228	0.000337024657123636	0.00157709864814698	0.0420924047992132	0.000278859157109734	0.00172306053710549	0.000316383396602583	0.0147610603644252	0.000244276369230571	0.0009079634179938	0.000606381223965866	0.000247246698117251	0.000148316314391628	0.00163227486951667	0.00269622297108512	0.00162845779655419	0.000541155822030282	0.00182582462343952	0.00404073459957582	0.00262501118219517	0.000575836918045578	0.0373626077128841	0.000217726538446389	8.89086731462054e-05	0.00036516350772443	0.000186856886204687	0.000190375987069741	0.00047709290756621	0.000481192463463198	0.00090446961003381	0.000580147016690667	0.000756959693274097	0.00299493552462826	0.0135989206500134	0.00422749710889793	0.000678007076013965	0.000143354595447976	0.00253426268826694	0.001315706963303	0.000633470148200198	0.00696992773161505	0.000612505165605717	0.000557758678562167	0.000581234429796937
C[Del(T):R(9,)]A	0	0	0	0	0	0	0	0	0	0	0	0	0	0	0	0	0	0	0	0	0	0	0	0	0	0	0	0	0	0	0	0	0	0	0	0	0	0	0	0	0	0	0	0	0	0	0	0	0	0	0	0	0	0	0	0	0	0	0	0	0	0	0	0	0	0	0	0	0	0
C[Del(T):R(9,)]C	0	0	0	0	0	0	0	0	0	0	0	0	0	0	0	0	0	0	0	0	0	0	0	0	0	0	0	0	0	0	0	0	0	0	0	0	0	0	0	0	0	0	0	0	0	0	0	0	0	0	0	0	0	0	0	0	0	0	0	0	0	0	0	0	0	0	0	0	0	0
C[Del(T):R(9,)]G	0	0	0	0	0	0	0	0	0	0	0	0	0	0	0	0	0	0	0	0	0	0	0	0	0	0	0	0	0	0	0	0	0	0	0	0	0	0	0	0	0	0	0	0	0	0	0	0	0	0	0	0	0	0	0	0	0	0	0	0	0	0	0	0	0	0	0	0	0	0
G[Del(T):R1]A	2.72450145567194e-05	0.000152789594224834	0.000899027577235916	7.90625601196118e-05	0.00127788619739037	0.00133807041570168	0.000979555666577061	0.00490950235043898	7.44547355642655e-05	0.00187951560316725	0.00120611770700339	0.0994231240528555	0.000432341329699186	0.00120169500900589	0.00361306867380565	0.00130267323124032	1.30220724420524e-05	0.00487314888175665	0.000726815118468632	0.00109946835231472	3.84628245757795e-05	0.00318072498719523	0.00103059302319885	0.00205804620822074	0.000130203698234008	0.000639589831456667	0.000845483540913567	0.00161211774342427	0.000607039227629639	0.000257405920911139	0.00221613259707893	0.000612204161775248	0.000480764235804142	0.000458248443437567	0.00364016615390568	0.00106602289148595	0.00114499715928353	0.00140132438105852	1.95153045252142e-05	1.43705629850445e-05	0.000479451021212938	3.40147479065407e-05	0.00382448050746713	3.03686511653003e-05	0.00202939575346124	0.000449901212408718	8.64282765996213e-05	2.82487543838745e-05	0.00341001010353945	0.00335473951909876	0.00168545185206689	0.000193854367738695	0.00258843363473256	0.000239953108707383	0.00626374036005406	0.00269825346366594	0.000388573693494732	0.00338303170839859	4.76871205315777e-05	0.0010178224421558	0.00113833543738117	0.0034982886106939	0.00320673501840642	2.79450867843071e-05	0.000790246435400994	8.61042226423049e-06	0.000131338592819049	0.00322428663690693	0.000333682806853432	0.000893311025590209
G[Del(T):R1]C	3.77128319758846e-05	0.000124166014553217	0.00105367127865219	0.000307975110006464	0.00235870666263872	0.00166463113934559	0.000604637023423925	0.00514409475932068	8.44152353053044e-05	0.0016970518591523	0.000499924195250534	0.00126841745243144	0.000275378998363563	0.000830463983680788	0.00123756784310404	0.00162510973351471	3.76030631191849e-05	0.00474018518991643	0.000713839819569325	0.00079167449570284	0.000102222055849186	0.00231107548146275	0.00149644176900608	0.000513942904065753	0.000274233076521326	0.000944679256162696	0.00265432924349845	0.00196361252696063	0.000572327390415818	0.000143148480928295	0.00289840237695651	0.000697148119833917	0.00042706786655307	6.4483082219577e-05	0.00329555626494904	0.000783942469594088	0.00121457099866363	0.00307878636606694	1.80968310018538e-05	0.000624843132868954	0.000311684095861934	0.000277212108674863	0.00424489057380735	5.50994049481857e-05	0.000326696268105393	0.000285910011126402	0.000142784339517684	0.000128952625736532	0.00255542555918682	0.00186156938914166	0.000315455222470072	1.97859822685748e-06	0.00189448747316306	0.000157721445429126	0.00439687573646158	0.000992610030619158	0.000169897524322906	0.00172182665990428	7.59894561653882e-05	0.00141838461735325	0.00141550629842373	0.00320171130194071	0.00271262619827648	0.000178931093650574	0.000411401073562641	1.26286193208714e-05	0.000261304887940041	0.00337544254494679	0.000542925453892996	0.000661413919103792
G[Del(T):R1]G	0.000411967707050953	0.000322346361344101	0.000967971651413821	0.000421659974482163	0.00239246986287624	0.00197242995754472	0.00127622870624148	0.00474987534008678	0.000146727647375732	0.00331190234028905	0.00105352346802136	0.300530013137873	0.000512875373949047	0.00130011472673991	0.00247758414496292	0.00336691240397048	0.000102186689814937	0.00616324682242847	0.000258383890503703	0.00142687518053709	0.000384081764981401	0.0025165314047885	0.000920593857791955	0.00122683218956587	0.000261155693584304	0.000590751783818815	0.00182174649904155	0.0025327012012785	0.00110304202314486	0.000585449596897176	0.00305441638272569	0.00156474933617951	0.00153963880722328	0.00187161111242018	0.00546389997722019	0.00239999843266335	0.00091413012197715	0.00221885620239982	6.92883659277167e-05	0.000487106813796912	0.000935106863683834	0.000508694908941442	0.00515365457637755	6.98923903035427e-05	0.00139339135025095	0.00193844202203524	0.000552673223198952	0.000248794943200045	0.00349053250955634	0.00279673586503413	0.000722756590633533	0.000192599646911908	0.00479686149090558	0.000660851095408938	0.00586382907349888	0.00363879461837369	0.000207649330761239	0.000976861617016108	0.000208862653464959	0.000984052312171919	0.00152064323329209	0.00443201323700232	0.00554476463603259	7.88534885527654e-06	0.000839792806094728	4.82638966576697e-05	6.81574523368088e-05	0.00430171209811597	0.00105055725099379	0.00264026511285387
G[Del(T):R2]A	6.88026600953316e-05	8.83055799907992e-05	0.00225475456201977	0.000572120079801151	0.000889567363727171	0.0761371268233107	0.00141888727566788	0.00464090837164869	0.000544886766785974	0.00260915303394106	0.000538990047097419	0.00263925641498927	0.000365743908369701	0.000846179247340568	0.00137461801687167	0.00282086439950454	1.0359131785363e-05	0.00386777938003664	0.00186972011344168	0.000771008579479392	5.80664091165581e-05	0.00258297632394158	0.000350023758613371	0.00205896523527437	5.80821095023079e-05	0.00205173876809923	0.00178731870193033	0.00107767720246376	0.000271526007037544	0.000134947233466287	0.00144648056509414	0.000962172206893	0.00030873697875904	0.000378199919519118	0.00419755980967555	0.00147833027211514	0.00110114903133469	0.00210733326519967	1.85937484781902e-05	0.000159236892153512	0.000378758120343516	0.00044789744316473	0.00548891933374254	3.03670273469298e-05	0.000730190123629626	0.000735690869329944	0.000471770104948132	0.00018929627744257	0.00350378859005951	0.0886239426089627	0.00390330477823316	2.89550960027924e-06	0.00238714431886485	0.000104184704063702	0.00325630062368868	0.00307540938101229	0.000273112186730094	0.000162414049820267	0.000192023324016741	0.00210858405769346	0.00123153302663877	0.00248346447989661	0.00327095679315587	0.000294189837666018	0.000477097923005465	0.000165448572696809	6.69099089749392e-05	0.00238979997551855	0.000607243964194597	0.0012418562241026
G[Del(T):R2]C	5.09893361535641e-05	0.0001859155150758	0.000388395395496943	0.000491430544876878	0.00152609368384648	0.00143080441968351	0.000637900100725133	0.00472835170264982	0.000154055729328068	0.00155008346609645	0.000911532046564067	0.00309033761387062	0.000498568977867929	0.00129557909258331	0.000557664654056791	0.000851018036408271	1.75578504836661e-05	0.00444174432876723	0.000562891155976756	0.000641152538055317	7.88157188712937e-05	0.000789130709769227	0.000282111006532379	0.000145918520439966	0.000170005978181295	0.00074636028095963	0.00243651758750177	0.00113832413883736	0.000198448091438536	0.000203799132682613	0.00188677601569331	0.000324800448363297	0.000347551978754068	9.76053031960408e-05	0.00428948481665477	0.000600080550989166	1.91927832772689e-05	0.0020391178247047	2.11957890815521e-05	0.000258034512675693	0.000394776205115969	0.00030186549068717	0.00377533483472139	5.49565089315807e-05	0.000204422025146807	0.000315637499805069	0.000552896880283536	0.000138495139465999	0.00257857142845655	0.001475608905205	0.000715686689772938	3.71590398702503e-06	0.00192946429876616	8.18249702002984e-05	0.00196595494887544	0.00228316481629392	0.00061694873000224	0.000742695784707048	0.000105915471022831	0.000847329602344795	0.000855770924593397	0.00121804259840483	0.00188048850283242	0.000209661845731418	0.000590530861959273	5.33862441802997e-05	0.000257520673075704	0.00197577598972176	0.000911283866510749	0.000724650167598691
G[Del(T):R2]G	9.99290086726306e-05	0.000163127095241833	0.000647218423621985	0.000642157137448353	0.000585120018175955	0.00218008561165007	0.00117935204969133	0.00380539865959347	0.000310945457987217	0.0013241721450698	0.000324316716195719	0.00233228271710452	0.000368459828481357	0.000874633264744859	0.00330345235634876	0.0012242802008962	2.45517275929931e-05	0.00458345031214492	0.000752133379674926	0.000719933830880061	0.000130635287388728	0.00292466614479099	0.000334168254999986	0.000961417176477778	0.000343931607924096	0.000810133645726316	0.00180788295658066	0.000591186245437429	0.000561661703518676	0.000171566612308409	0.00107309159479141	0.000470271812813953	0.000468317376265101	0.000147432032611378	0.00406009574948894	0.00153863917455449	0.00190672920019944	0.000952418582988521	2.33731911142265e-05	3.2831209281217e-05	0.000239234325724179	0.000357115758069577	0.0038924515948238	3.42365865238579e-05	0.00249542001035263	0.000537003270040948	0.00027685985872946	0.000241194925904056	0.00271321827284916	0.00195823569069777	0.000467927332180418	2.36466617356138e-06	0.00226166812441303	2.39026519323581e-05	0.00281295712436836	0.00145453850934297	0.000496520827347717	0.00378415010689016	0.000195348906593269	0.000768127591507501	0.000944177065941425	0.002480636847457	0.00255427807776316	2.66775353795337e-05	0.000569697757911265	3.26269145060473e-05	6.7533680655874e-05	0.00191952312285906	0.000777137362458998	0.00135065507949255
G[Del(T):R3]A	0.000218525618801113	0.000219661323480445	0.000899553701602014	0.00185811743208199	0.0005596344390863	0.00200318195542872	0.000811705415721084	0.005109940797601	6.95574898582547e-05	0.00249737495551938	0.00096491035311038	0.00077511706977343	0.00107291595209066	0.000528720291020461	0.00130338938076023	0.000655289722681216	0.000129635462737735	0.00357220946392702	0.00128208723844575	0.000976406173058507	0.000177346202855115	0.00288479880892452	0.00158170325932514	0.000125286363085992	0.00274617915038274	0.000913575672439401	0.00163932538616031	0.00125940911783611	0.000540330329724391	0.000345591109857707	0.00280401475662332	0.000961307367094957	0.000383383847124036	0.000486186693217257	0.00386625835815997	0.00112027939770495	0.000653514270591005	0.00225220629399784	0.000201567798128486	0.000246178798213032	0.000628934953723153	0.00123683565820445	0.00352811858280174	0.000115177437020359	0.000617724571081573	0.000712909537635766	0.000956219633753185	0.000237732426011379	0.00319417338486875	0.00351310312030172	0.00133987134407137	2.94376809361723e-06	0.00287094118426149	0.000855057521914258	0.00533722377519005	0.00181680494387551	0.000852471057986062	0.00148739067781175	0.00111695811342275	0.00117827614197377	0.00160715112341911	0.00299222695115304	0.00482012668591953	0.00717080359826008	0.000814096674753586	0.00218336404332446	0.000184844341450345	0.00293542933787743	0.000652620682041677	0.000650571067970943
G[Del(T):R3]C	0.000232077344161162	0.000161383434930023	0.000507287773348103	0.0055861969533368	0.000713462704491825	0.00118606313082426	0.00091411596544283	0.00586140756309641	0.000270024404884449	0.00177056797808632	0.000946240760929411	0.00363094674895804	0.000696703638032368	0.00086568601767813	0.000899895671479794	0.000586767415993946	0.000129664725821874	0.00331974753942982	0.000709890815556492	0.000617732900053213	0.000108497162695364	0.00181991966670323	0.0005684369068576	0.000445888950744515	0.00274079853778467	0.000610380961193979	0.0015738201480326	0.000897238170020982	0.000182566994173945	0.000434180760932523	0.00230223511344796	0.000452106383898039	0.000222569050324848	0.00108591480150373	0.0030679033439403	0.00076069947200441	0.000103456483704201	0.00153338266241444	0.000139597671397725	0.000108774107517568	0.00019783835536675	0.00233815644078667	0.00247091958820771	8.90761805327619e-05	0.00158087109196138	0.000606619581006779	0.00351461093472298	0.000713464371293741	0.00281450296268252	0.00182918058012477	0.000551733811850918	3.66764549368704e-06	0.00268922071641294	0.00114992258157026	0.00338478443346855	0.00251271100967356	0.000699210959894273	0.00189510073101991	0.00101552044525885	0.000709443164807605	0.00152068250745528	0.0024685794845459	0.0034170508735372	0.00459723207747534	0.000641973997221271	0.00380590258317205	0.000127554377954711	0.00218551135001235	0.000335695887344249	0.000426142566724041
G[Del(T):R3]G	0.000337671918295203	0.000258888242886038	0.000463006197719899	0.00222761603330092	0.00129920329701309	0.00138272454734413	0.000895089933637421	0.00496970621383523	7.14191546908061e-05	0.00202357787495678	0.000576086418844288	0.00152473782420068	0.0009350670679258	0.000781316135437012	0.00229994487669041	0.000460482105520852	2.83266654469813e-05	0.00342576836308031	0.00117542073445077	0.000936030197027539	0.000128347605793755	0.00228024863672219	0.001279334281579	0.000162047445231157	0.000956145548635233	0.000920961877927827	0.00118587201816863	0.00123456205332483	0.000190580075003404	0.000524655827774401	0.00271949532076003	0.000542186276546841	0.000457927848881272	0.000353619346281806	0.00266891638945746	0.000418607922731286	0.00169612531293003	0.00232084023412774	0.000126849479413893	3.69765639884414e-05	0.0002753637026215	0.00128605352138591	0.00301605823289544	0.000113365255718868	0.00164072639594384	0.00083279951944973	0.000501154780184488	0.000514902385863474	0.00296052893466066	0.00106163571032884	0.00046073230033114	2.99202658695522e-06	0.00257661858012839	0.000333182255939082	0.00603216549999143	0.00159742879902495	0.000568206073529334	0.00334731790702428	0.00129803217350826	0.000935827974289728	0.00180277573028474	0.00330500913019969	0.00296753379848374	0.00360216000781873	0.000778239332605851	0.00134289251409547	0.000312273965068869	0.00231013697041032	0.00107068805590195	0.000591079409430842
G[Del(T):R4]A	0.00166512203829431	0.000754433361771994	0.00102997557551408	0.0116677341000574	0.000825766881731774	0.00538996481047289	0.000836049516769018	0.00477685778866699	0.000197490622841669	0.0023339156839352	0.000614207999410343	0.00246679274578448	0.000946338773929105	0.0019011394044521	0.00160655569975669	0.000403414977047061	0.000141691853403185	0.00216791004976074	0.000425364146525134	0.00145546996618408	0.000102956978272612	0.00240973291587123	0.00166104330199458	0.000151501609790763	0.0037026453977821	0.00148357077904278	0.00132643293478601	0.00179663302685026	0.000352858777456554	0.00150719389719664	0.00220015011963775	0.000489833123509164	0.0020249977515074	0.000504560570251334	0.0023561862574619	0.00103032769722113	0.00111033942178861	0.00215261781190439	0.000363490616508527	0.000198921754550674	0.00079765696078972	0.00709330937492027	0.00272806114305958	0.000239214427070227	0.000546500103214174	0.00230112082260655	0.00819160363361141	0.00163722340647596	0.0033683938595429	0.00795911078528188	0.00110737796709818	2.50944165357534e-06	0.00284408688103677	0.00119634848313964	0.00945490088976979	0.0026578391531713	0.00114602104345432	0.000265016937580974	0.0049480736390621	0.00160280547903172	0.0025082313409498	0.00424038712298442	0.0038102229294453	0.00893096085245603	0.00134224992743261	0.0145078996754056	0.000677041782486629	0.00244419518117995	0.000574640300923748	0.00023871760961837
G[Del(T):R4]C	0.00157404604040448	0.000116171519319031	0.000552591437712995	0.00975666985859955	0.000319608149875795	0.00110440303281621	0.000549671068983454	0.0045376344883321	0.000122775017046091	0.00123672366934069	0.000231993964110056	0.00451352642542822	0.000752552136103045	0.00123208021439092	0.000940079079931569	0.000776329203878978	9.15349271881793e-05	0.00222325466039722	0.000499762886176636	0.000837591433835329	0.000127518462546813	0.00224636216998493	0.00141019091880021	0.000103321616504255	0.00259345527226808	0.00150270650624804	0.0058711717223476	0.00131046387911208	0.000381160150006807	0.00139454186073823	0.00154044160684795	0.000248315230434611	0.000716603078530117	0.000664138138719871	0.00173787020466072	0.000575046176462733	0.000101205022588983	0.00202497542324816	0.000251720323785645	0.000161889919166136	0.000600146062011164	0.0057477019284674	0.00231062685310123	0.000100621529147096	0.000315104179438399	0.00184343097377711	0.00598280768423671	0.00108938113734176	0.00237508046008217	0.00175043354770891	0.00100057866825716	2.02685672019547e-06	0.00168783323825456	0.000969170568334709	0.00487287975969066	0.00383093984897101	0.00134628915829515	0.00298418256808815	0.00533488350160767	0.00146547092498269	0.0016765485697816	0.00212789674621141	0.00212157495969849	0.00409195071400507	0.000756236941879491	0.00731050218049472	0.000372059015288242	0.00227132447618508	0.0004313878450612	0.000470306096053567
G[Del(T):R4]G	0.00146141243039414	0.00065488280405306	0.00125525063530146	0.0110719176932521	0.00141386367883904	0.00118502744177635	0.00116549845836077	0.00505041928559765	0.000317988954232666	0.00150854650420533	0.000701242832323361	0.00449505856203108	0.000737123669741054	0.000576149559134588	0.00243365121389914	0.000615410714414661	8.39850514802029e-05	0.00169578348653764	0.000494257838196423	0.00133144268401698	0.000165406540099143	0.00344853031806919	0.00236643851169496	0.000148285015103061	0.00126604745436626	0.00186143328846359	0.00336063822204073	0.0029230163473642	0.000597409714977685	0.00114235039003434	0.00166005424050912	0.000259463318883947	0.00116444999985084	0.00100847449691393	0.00244652030123793	0.000778903926547704	0.00207732351617547	0.00316364077480618	0.000164786870016381	0.000776701293643607	0.000577824437915991	0.00598285751176045	0.00233766287022922	0.00018411339830367	0.00140732414912955	0.00164010114085986	0.00726284688088631	0.00160945056371829	0.00286360771806256	0.00158669359743945	0.000489543710475422	1.39949630680163e-06	0.00253595528984818	0.000399133617962585	0.00915323767060287	0.00111150432344494	0.00058236749949071	0.00303253937932871	0.00451655551539392	0.0018315630204064	0.0019876784905986	0.00412461859019526	0.00347678342781522	0.00335762575948622	0.000964433365687094	0.00649303080471336	0.000308309549496706	0.00333493470943104	0.00054540354420479	0.00024012697451894
G[Del(T):R5]A	0.00496414865341079	0.000817294551474663	0.00203471393700849	0.0269618933537792	0.00073875543577696	0.0025550847153807	0.0011355041706649	0.00355706369365861	0.00041714335760715	0.0018561294849216	0.000704331948370646	0.00217406984012744	0.00204327723066934	0.00136607631254077	0.000776884693852872	0.0010162509528072	0.000232524466572018	0.00166851697730113	0.00147056693860612	0.00195024644376712	0.000203890093256097	0.00262399486180304	0.000974629826033164	0.000212019541272241	0.0044342661783351	0.00363243743955772	0.0009128372513694	0.00140819792450059	0.000582889459888441	0.00322831714776493	0.0022690188613994	0.00073243206633127	0.00162590960226523	0.000874386590577333	0.00224273787756665	0.000477702091997165	0.000765053868790826	0.00188880430065233	0.000446132510254886	0.000407294917833819	0.00102210116394717	0.0166536610624143	0.0027272627640303	0.0003626343661393	0.000411296222896248	0.00406102597799096	0.017726604926377	0.00502517514227718	0.00316558161793052	0.0029699895661887	0.000658032586737204	0.000386357497663927	0.00286667371445771	0.00174861252673378	0.00926935410762431	0.00257780818304705	0.00116411599891399	0.00197144505982764	0.0167027776026779	0.00371801336227154	0.00279554802748395	0.00512862068587485	0.00419425158617798	0.00996657982809556	0.00153256503079824	0.0235669647800833	0.000578569026456389	0.00313235946076099	0.000745728597842054	0.000925788142313553
G[Del(T):R5]C	0.00347092991622408	0.000579918702581102	0.000231997387675233	0.0199194943412799	0.000314136711524475	0.000560307774917683	0.000220072307868124	0.00241388628755056	0.000224466976306983	0.00125997500409393	0.000442836251529534	0.000716708210472762	0.000582328974175298	0.00136722793840084	0.000448102783766064	0.00107207085860634	0.000366315287257554	0.00117041647739142	0.000518757781459713	0.000809557794850899	0.000266952090435483	0.00220178047937104	0.000639468533228582	0.000172064840115715	0.00210257236398355	0.00254584394240778	0.00138077031926467	0.00105946957168691	0.000324964966776074	0.00220788408817302	0.000767661331947629	0.000205004963706296	0.000643944964581827	0.0010154847627651	0.00163726446689609	0.000263776708995872	0.000134940030118644	0.000563242784539561	0.000216348834333694	0.000444382024614453	0.00116820137837939	0.013484656621152	0.00162464688965683	0.000278197434691089	0.000626418637581819	0.00204039922727786	0.0161283403551441	0.00363394948413705	0.00235717622710944	0.000563834662671634	0.000554674390084971	0.000388191320410771	0.00159307513725521	0.00138261810555656	0.0043684265020263	0.00211997874349073	0.0018307682750287	0.00133345933119234	0.0103685216530901	0.00257436637956921	0.00161889409821389	0.00233295646284939	0.00207639407807722	0.0037419738755592	0.000918757224326997	0.00630369583114039	0.000966457980847465	0.00144437667287576	0.000531076532758456	0.000530209247995294
G[Del(T):R5]G	0.00470407781355672	0.000723913868705209	0.000765767312635405	0.00959970886688435	0.000839152497291669	0.000795648193957471	0.000713198555124171	0.00285067988469262	0.000604222886671877	0.00150577516643142	0.000291307690135868	0.00109134893539796	0.000388631591939761	0.000988821398101433	0.00123655362797128	0.000449690685297311	0.00038966722840083	0.000645699737794588	0.000393046787154809	0.00148631511754063	0.000430542053057234	0.00276135497697121	0.00221649715903653	0.000285449802857209	0.00155549590558543	0.00309744822877471	0.00130394318812723	0.00164353649234617	0.000548674986312311	0.00330520850959197	0.00129162306125131	0.00082025503055974	0.001934475136678	0.00109353924348312	0.00188558176167694	0.000886932463692778	0.00103563520380171	0.00163370712662451	5.45525040385387e-05	0.000538315762280157	0.00102526657763304	0.00542343449639832	0.000775579864503466	0.000272606628041419	0.000536914337585698	0.00152686502724639	0.0063121772562691	0.00392167205586402	0.00178810404611057	0.000972800919357964	0.000711651215387908	0.000387515701504039	0.00165558605549893	0.000436658391650465	0.0097237325013931	0.00514294258012757	0.00271671572038267	0.00181805401277517	0.0117019026763629	0.003055327332902	0.00217780471461717	0.00395192164350565	0.0030604583056962	0.00407187623710622	0.00102645212761659	0.0084002873074315	0.000984838453045677	0.00249539809526242	0.00139733685343806	0.000441295811238924
G[Del(T):R6]A	0.00804932050333555	0.000362886765683122	0.000627363093245331	0.0281635545034701	0.000572579966066649	0.00121482341900075	0.000485978913061305	0.00095104999891165	0.00161154956941115	0.000659701350568192	0.000162927264712249	0.00172643015909701	0.0013001224331686	0.000562454070060169	0.000531200810309946	0.000413039467901191	0.0006741629324045	0.000589953812260103	0.000334351072879297	0.00108108285290944	0.000483252950565132	0.00107051407419008	9.14183247075618e-05	0.000167952194050724	0.00347983102310852	0.00410423731426829	0.000822685715533433	0.000245986503239414	0.000520891700884652	0.00536658396992509	0.000813125128986698	0.000648197428633278	0.00054087262360563	0.000576259545572057	0.000914985320521285	0.000619142881295048	0.000408695556209997	0.000710814414431992	0.000393206281593448	0.000442585704241322	0.000110953207299477	0.0207970315978478	0.00105492179986278	0.000321628080828781	0.00166045523915594	0.00614224247428164	0.0187587519985486	0.00786455617278164	0.00120011436706775	0.00189205999457693	0.00114895273808814	0.000193516558285329	0.00181749476857046	0.00146346198111519	0.00408838891231967	0.0010977891599602	0.000957492336869136	0.00193130080200447	0.0221550987781323	0.00356234306058043	0.00210927129984494	0.00264646198972942	0.0016591499029483	0.005541852653428	0.00082635070522411	0.0159497152900865	0.000612086358111952	0.00117144476064964	0.000321951609724203	0.000299330587677902
G[Del(T):R6]C	0.00412720593232052	0.000629890339583791	0.000288048063773109	0.0157083786236016	0.000293699789060846	0.000539793164930294	0.000407446242793143	0.000933606822804284	0.000155265218582337	0.000488067578400064	0.000346466622526031	0.000638958990291624	0.000981505476595527	0.000932675208092592	0.00048581314642948	0.000144303128167755	0.00109499534541384	0.000216209148164895	0.000167990754693475	0.001172212839746	0.00118854857824499	0.00152623054873663	0.000273383307605318	0.000290573378681192	0.00163773732198502	0.00367563596011678	0.00151274354152433	0.000468537386213811	0.000689387448808934	0.00289140019493457	0.000328882605186291	0.00100684042383052	0.000228981068875263	0.000511105469168346	0.000634691480143421	0.000532133481980437	0.000581061513719315	0.000695806151661786	0.000125864679324426	0.00057932713818363	0.000273344386994308	0.0103702619327636	0.000574551653925626	0.000535601875147782	0.000723390917776869	0.00153847061131701	0.0100052969176746	0.00425237236118173	0.00111163702606316	0.000453494475434765	0.000336477228568831	3.47461152033509e-06	0.00142323787770548	0.00142785327687707	0.00287633703094419	0.00173604279379165	0.00163430773037011	0.00168405972017561	0.0097185763905303	0.0036570345197395	0.00225688978790067	0.00198274338195681	0.00117236405007031	0.0034460595784239	0.000885526472602656	0.00600940639604184	0.00111760478993442	0.00162227929510523	0.000701676275054722	0.000421492691285665
G[Del(T):R6]G	0.00431823014036082	0.000568986689524317	0.000606423678585665	0.0192956161255055	0.000497609145855589	0.000720879411537417	0.000763568298026629	0.0013247556607701	0.000769152161550579	0.00188887950895621	0.000916819965736712	0.000590680796214059	0.000612879887731768	0.00201787883202176	0.000631157346171655	0.000575135592508949	0.000636589132369454	0.000667709320612794	0.000646260396109528	0.0013343374148437	0.000433048326962765	0.00201557403715012	0.000650005767710686	0.000351367018278759	0.0023388560867503	0.00332614886334291	0.000820413634963454	0.000741928490938745	0.000375233233324328	0.00302710035020882	0.00102418673054526	0.000766543927312855	0.000257852296786759	0.00108229197403375	0.00121718968835892	0.000492248167255372	0.000875338554237901	0.000593201585992396	0.00018850338593244	0.000276688608858203	0.000415105801632966	0.0115659257896399	0.00126289953699097	0.000295335213773464	0.00153818099619735	0.00215564697546358	0.0120720844243312	0.00453101861832327	0.00123843830376146	0.000686121029335333	0.000553047687232091	2.50944165357534e-06	0.00164556396732338	0.00143872078675405	0.00515675686097194	0.000905909812984551	0.00148808695862659	0.000118757844812025	0.00945787228102018	0.00304191326018093	0.00212738978046476	0.00297755332367573	0.00180165614177175	0.00294334279570283	0.000887444760185415	0.0111958174116882	0.000610284351033696	0.00219835265851067	0.00171512103337426	0.000986092500321865
G[Del(T):R7]A	0.0142559373008226	0.0013265738651659	0.000805235017869337	0.0353985922418169	0.000597697156401515	0.000573373390598971	0.000147374217507689	0.000546670367437354	0.000863919201943891	0.000328514663473297	0.000428901505342437	0.00128092324969249	0.00120530749443491	0.000716134111756821	0.000177051228387455	0.0014762727100447	0.00240381604663459	0.000278176948346387	0.000464091663115663	0.00171048251797157	0.00116841547267605	0.00087238817491922	0.000364665549354472	0.0001305937443207	0.00460676648023735	0.00736835408358105	0.0022048423890442	0.000244371811021685	0.000740277419904301	0.00973549054184292	0.000430123921361699	0.00107610726397116	0.000194623621883197	0.00265615212286637	0.000292356124131256	0.000475655479296335	0.000780814096597352	0.000305966526205682	0.000399883045502769	0.00103954441777968	0.00221393399277451	0.0300592173550435	0.000442601374358693	0.000722764804351272	0.00246844611172366	0.00458644085741918	0.0245640422263913	0.0127049659105473	0.000495192290448862	0.000527103855042899	0.000147967394117755	1.9303397335195e-06	0.000334704541981527	0.00289885375442698	0.00150132469729465	0.000730670349332083	0.000965474558668967	0.00445493201923834	0.0192452351653267	0.00541895498343166	0.00246225438723822	0.00191975575568576	0.000299858718576053	0.00391287223065627	0.000901462895189411	0.00878177373264386	0.00194160718044929	0.00061759118947724	0.0004841752890426	0.000485274168537719
G[Del(T):R7]C	0.0125486514526892	0.000998205048524465	0.000699396891407587	0.0378515723368532	0.000161524870732077	0.000598070590972138	0.000363241101825873	0.000716812412754267	0.000189012340323999	0.000755352702353336	0.00130074717893222	0.00216364834240989	0.0018451425705049	0.00077130584911483	0.000293401168849543	0.000317640315508368	0.00488301379801238	0.000311240117685365	0.0004319912819878	0.00227384429397415	0.00142248192328746	0.00115111166695098	0.00039281265423808	0.000170939031975019	0.00268093476848168	0.00852904419343575	0.00129358404112173	0.000673038720166945	0.000850851027522536	0.00955282299973768	0.000141813678837462	0.00173517208743511	0.000762413007852871	0.00611101459707534	0.000299960081341896	0.00115394452232772	0.000546846686607722	0.000836277718782157	0.000195369881969089	0.000420891681273515	0.00112707828851212	0.0292851234386226	0.000828898882175005	0.000758371893579841	0.000188594365620718	0.00141177202018161	0.033925170844882	0.0125025480696966	0.000921969888303288	0.000287913154026257	0.000395883165446129	2.17163220020943e-06	0.00105460852356144	0.00161172886065982	0.0022537768439682	0.000863811572885968	0.00137796252802478	0.00416165741430673	0.0148049502901303	0.00716488918129387	0.00330680599254608	0.00159984343370999	0.000941139738964319	0.00392414754257082	0.00115408595153382	0.0063863396234563	0.00289272037794576	0.0016146322237523	0.00174414588688365	0.000875997440716789
G[Del(T):R7]G	0.013541821162479	0.000636107340487644	0.000737063374687518	0.0300702707950189	0.000482722778791288	4.97529084936859e-05	0.000255330184979767	0.000691449411479884	0.000674883146144318	0.000338476818798773	0.000189528735652186	0.00205890017232795	0.00166782996452983	0.00069230431511375	0.000246362075884224	0.000622187469376468	0.00406499354397838	0.000241726004111584	0.000265017225344725	0.00180787642723392	0.00168528075982235	0.00055209841118865	0.000162284444777778	0.000289355667835133	0.00157566429452917	0.00656274395639858	0.00230912703622224	0.000509503144017465	0.00113644828080974	0.00949445600338439	0.000560638007607299	0.000502433991092932	0.000436497305597798	0.00472203228532348	0.000282096528722152	0.000741533156757608	0.000432871081299633	0.000534106551334709	0.000216122962753542	0.000442613339939371	0.00211676125022816	0.0233151865397663	0.000774391368448511	0.0004155854593833	0.000713805152148393	0.00229580804412089	0.0183315310714114	0.0118993446522083	0.000692388148523622	0.000217219278721626	0.000116309253980933	0.000387177892050673	0.00112307153113837	0.00134800307409654	0.00282901924562579	0.000443316625206547	0.00030489352158776	0.00231005079842498	0.0156358258495111	0.00532385358864392	0.00209192521110125	0.00209233997284289	0.00119944076566966	0.00313129413888505	0.000866532999302618	0.0107811967156438	0.00150694921158101	0.000976751045425894	0.000464497721554886	0.000159803462521515
G[Del(T):R8]A	0.0250590204295599	0.00127924248996592	0.00139177153052753	0.0426249936893364	7.78412856091091e-05	0.00076429868316121	0.000132457221866422	0.000221029537695331	0.000348131323687095	0.000550242966989681	0.000371638196954998	0.00155663245442461	0.00298623704295719	0.000601910543758399	0.000105175133726622	0.00219733335548715	0.00312444875665252	0.000119707354564138	0.000510494010111037	0.00340871863128176	0.00260927987863152	0.000239123296528067	0.000224194835017655	0.000175120605069032	0.00769007129810557	0.0120001247793528	0.00121232827836484	0.000305470409554091	0.000578178320986983	0.016349877512378	0.000330408808548111	0.00138873167833569	0.00114980865267957	0.00318881598582172	0.000160850614344392	0.000453220728292896	0.000500341096358955	0.000256699017458102	0.000230199279628673	0.00264573118833888	0.00310971877782614	0.0414993270297216	0.000460356235271268	0.0018783145522663	0.000532455841944546	0.00327384070230324	0.030287890902261	0.021098847505211	0.000157998583391096	0.000137915288368638	0.00062102509683418	0.000577364614295681	0.000742574696471186	0.00443951614424775	0.00116075969161648	0.000932985628458481	0.00023498970001882	0.00331317097439407	0.00183318458345668	0.00829193193550211	0.00276020128061002	0.000929642877820003	0.000451202005571617	0.000576441109775449	0.000918704786437137	0.00638536556435596	0.00436292250672325	0.00108267380499135	0.00166631266077236	0.000485860546635036
G[Del(T):R8]C	0.0162927777366193	0.00111672561541533	0.000686689479966529	0.042763293560555	0.000307478517453032	0.000395314542747269	0.000120130113373997	0.000155448745322965	0.000699819968710276	0.0010967380070411	0.000491412264133343	0.00138373253647815	0.00189803288328964	0.000243099360401171	6.52048128986987e-05	0.00030283958291011	0.00484274779423651	0.000163705608009836	0.000380542641010564	0.00316088540492055	0.00302193693496891	0.000364675423286884	0.000355297892731115	0.000119427565619106	0.00247593699181495	0.0111256317122882	0.00116091764173903	0.000199425780443558	0.000449084825693076	0.0116856264719194	0.000576677362192392	0.00107116478038848	0.000233781510570761	0.00751867381549282	0.000309747832150817	0.000454040791349695	0.000118663073531576	0.000217432206883361	0.000126162829810228	0.00316080532856054	0.00158619971320806	0.0382665292713775	0.000621646944164346	0.00173953166759382	0.00168330502931684	0.00190159644179326	0.033182684548034	0.0153207801702816	0.000197813467261028	0.000137955071078432	0.000404704900148286	0.000193564816778667	0.00032226037634977	0.00153399178479983	0.000777213212749639	0.000616008037484628	0.000553134141654811	0.00115591689349793	0.00203655040621663	0.00871241453487638	0.00298594917064488	0.00116732370291826	0.000113856528649472	0.00123086610888411	0.000863099100171915	0.00303997340646285	0.0028930669177685	0.000839284116529608	0.000768637689275552	0.000282377059530905
G[Del(T):R8]G	0.0204982089836605	0.00103900766650705	0.000360428701883717	0.0244426000098081	0.000108390355771292	0.000754857979147596	0.000121008076735942	0.000236252797271104	0.000317419782818892	0.00057635785980111	0.000881962865884381	0.00213655244834427	0.000620759881295165	0.000614277233763502	2.98302184198138e-05	0.00150327267215162	0.00356482890986701	0.000159909547485766	0.000245526379793161	0.00243119305442782	0.00270909365023163	0.000105155287405227	0.000134593401700725	0.000164413939894252	0.000904940645963566	0.00848905309898107	0.00247868586248698	0.000122677088108543	0.000905920234740163	0.0148197475012625	0.000139064616881388	0.00097783035902599	0.000359175905431024	0.0163637949081493	0.000138444045125451	0.000669922981875569	0.000112905238548395	8.47678226078756e-05	0.00012019982009419	0.00107314942660625	0.00215316350761564	0.0232470574321651	0.00140549184611868	0.000899439490699631	0.00156738414264689	0.00446146161207202	0.0228442434998749	0.0152797546456065	0.000162307372479666	0.000130788500071185	0.00039513237951403	0.00019110363361843	0.000322512020760804	0.000329396236873142	0.000187655716952128	0.00040314604136511	0.000297281980060871	0.000793051704345267	0.000584406127230929	0.00609061064909435	0.00196174445150332	0.0005101903786678	0.000684829993780427	0.00164031469056557	0.000698679313863391	0.00256598551570215	0.00276305903786878	0.000480358722674322	0.000877020294765017	0.000749905575123496
G[Del(T):R(9,)]A	0	0	0	0	0	0	0	0	0	0	0	0	0	0	0	0	0	0	0	0	0	0	0	0	0	0	0	0	0	0	0	0	0	0	0	0	0	0	0	0	0	0	0	0	0	0	0	0	0	0	0	0	0	0	0	0	0	0	0	0	0	0	0	0	0	0	0	0	0	0
G[Del(T):R(9,)]C	0	0	0	0	0	0	0	0	0	0	0	0	0	0	0	0	0	0	0	0	0	0	0	0	0	0	0	0	0	0	0	0	0	0	0	0	0	0	0	0	0	0	0	0	0	0	0	0	0	0	0	0	0	0	0	0	0	0	0	0	0	0	0	0	0	0	0	0	0	0
G[Del(T):R(9,)]G	0	0	0	0	0	0	0	0	0	0	0	0	0	0	0	0	0	0	0	0	0	0	0	0	0	0	0	0	0	0	0	0	0	0	0	0	0	0	0	0	0	0	0	0	0	0	0	0	0	0	0	0	0	0	0	0	0	0	0	0	0	0	0	0	0	0	0	0	0	0
A[Ins(C):R0]A	0.000400698322056871	0.00138387177553692	0.302408653479103	0.000835991549520916	0.00159553372792022	0.00636865112655084	0.000659550593415594	0.000765454969050019	0.000746835899035537	0.00252170219358928	0.00281782690830245	0.00421246632159714	0.000299720272979298	0.000430052530793501	0.000729921410907577	0.00723544385017704	0.000311242162907121	0.000577220279751895	0.0030106661048542	0.00787355284537783	0.00106420535745067	0.00109494684708202	0.0024698247809068	0.000147802525899906	0.0424698522672637	0.00532605170503233	0.00134988542744902	0.00131509341623984	0.00275080775481371	0.000375222627622564	0.00132252630944717	0.0029144114973229	0.00801107996805512	0.00188942222013853	0.00138532364755742	0.00334936440020199	0.000326830953692723	0.00230739052172214	0.000564290451264493	0.00128804461462876	0.000128881455503057	0.0021529963352791	0.000778582858352246	0.000666809647121827	0.00128839377790182	0.0039785489605291	0.00166710953530613	0.000464829684049459	0.00134774547958728	0.00720182985461289	0.000515101714913943	0.000188690708951531	0.00137593397102299	0.0445140709515905	0.00168197256535732	0.000854084663726348	0.000237303752596498	0.00217259858859705	0.000158351007617271	0.00522026591449834	0.00223121757656001	0.00204826272564472	0.0023816610701346	0.00116986151278693	0.00163249208249302	5.06543255015637e-05	0.00100097334719252	0.00268845057583259	0.00169656184393699	0.00274686247854512
A[Ins(C):R0]G	9.25812431526353e-06	7.54885287590855e-05	0.0110351670322966	3.758872824562e-05	0.000353171085085542	0.000748604010666004	0.000413083857173369	0.000165165429157971	0.000227206113735769	0.000551292859456928	0.0069020160313252	0.00069290841801083	0.000130810443312117	0.00117191219253228	0.000603919010868887	0.000304579271190194	2.08645789914232e-05	6.95210843040195e-05	0.000420262058138068	0.0005519007455064	4.37278841938642e-05	0.000172409315139094	0.000324664515418221	0.000150123069210319	0.000318810204734447	7.61657236226683e-05	0.000620239485764241	0.000287398277424888	0.000297078063923896	7.17018015969024e-05	0.000259492489605394	0.000195643452208181	0.00086637685942966	7.06491940971592e-05	0.0002377612841742	0.00079114106345867	0.000874194369080987	0.000290597487888115	6.41655984898479e-05	2.210855843853e-05	1.74916394193223e-05	0.000148498683101635	0.000698227823552718	1.1819773918951e-05	0.000126063964253565	0.000100959984685443	3.69310309421403e-05	7.47909689300415e-05	0.000237618700987424	0.00042055439172501	3.96978061597106e-05	0.000200031454885958	0.000216038474403312	0.000222121503959388	0.0002437349584173	0.000157713301590374	5.93232390209236e-05	2.17200425907343e-05	3.46342617728456e-05	0.000140472091218964	4.95378111744315e-05	0.000145655950086895	0.000266083520462247	9.36808921946498e-05	0.000102538380344259	2.83924405540065e-06	1.17823539732128e-06	0.000353947583257625	0.000888533702484421	0.000779944593442205
A[Ins(C):R0]T	2.48553718145894e-05	0.000237480976022548	0.205318447119135	5.80065607618742e-05	0.0002231768303925	0.00131014664560234	0.000738589297459197	0.000217729231458301	0.000226008482219287	0.00113025416882209	0.000228459691601809	0.00132639006299044	0.000245835397900147	0.000729794166189392	0.00136915149975208	0.00353373512781305	0.000131713141711635	8.98278173068637e-05	0.0014988237051532	0.00112051048530163	0.000176032764575299	0.00141841154519609	0.00127059922681635	0.000146148277203373	0.00188984218378184	0.000929048377082036	0.00196373227974518	0.00040953901671985	0.000437099743590394	2.27369941018035e-05	9.08707169342188e-05	0.000354971219212571	0.0110323408157247	0.000151276721061595	0.000500379099914443	0.0013000055516142	0.000747485090252402	0.000632713723939342	0.000300842875037307	0.000437638914290701	0.000110134565828994	3.43799911296452e-05	0.000879196761019826	7.41175657036128e-05	0.000848897570075291	0.000710038230169405	0.000189942849982044	5.69054330187797e-05	0.000733393216762923	0.00061684228185053	0.00030766581842455	1.68904726682956e-06	0.000343464913040648	0.00144236425360709	0.000477731309927184	0.000299916725249691	9.56535046067173e-05	1.90725747127592e-05	7.81480192999308e-05	0.0008511254838975	0.00055591268861286	0.00059573800262564	0.000962442916424554	0.00236995265268073	0.000140930742271902	4.78736225607074e-06	8.77438831181614e-06	0.000706957318141777	0.00184932639942866	0.00235612891903101
A[Ins(C):R1]A	4.82416423246583e-05	0.000271880505999396	0.00767075586218367	0.00014026346150012	0.000597192785220463	0.00140981179936632	0.000600723905098308	0.000985072039362031	0.000435605855341433	0.00128573047425892	0.000501677841914931	0.00157427629242083	0.000213830893298002	0.000366234740824474	0.000672369312192407	0.000276134029589057	0.000257456614258824	0.00105613533840852	0.000199093035906006	0.000812637455576703	0.000476472820104907	0.000356002009925652	0.000372812137269955	0.00057191053547341	0.00063747787668484	0.000210249653968575	0.000791069136754566	0.000368471634930465	0.00036618397824968	0.000242322594774639	0.000514349491981408	0.000350260118207442	0.000168118325950197	0.000452555815359273	0.000829387870616315	0.0011095665854961	0.00121457099866363	0.000329792143353384	0.000192478725743131	0.00148329082133903	0.000123860454484094	0.000176067584331803	0.00124597027257458	0.00022140601100083	0.000980980503444411	0.000426294594736185	0.000179149324751926	9.71151091918038e-05	0.000669303396829616	0.000999455334920205	0.000242441290573488	0.0407818532236263	0.000932325067574607	0.000566032910274702	0.00084306725189114	0.000408530184704034	0.000236954665349166	0.000795483052396469	3.72114297072309e-05	0.000152902318431207	0.00033771852929884	0.000654719033429933	0.00121243122648266	0.000204576901142502	0.00038088535228489	2.62199147475831e-05	0.000400627758275056	0.000418298410114348	0.00104421192710753	0.000510704460758215
A[Ins(C):R1]G	2.65658093405854e-06	1.71248468045486e-05	0.000801739809500923	1.18762147917831e-05	5.29416671562652e-05	6.37347106404303e-07	0.000126159563431272	5.01300823322916e-05	1.90198114102695e-05	3.84298476975148e-05	0.000190567434061098	0.000181721836944568	4.10320700437072e-05	0.000207558414627193	0.000167312714193528	0.000254090840858632	1.22319691702874e-05	6.47013222535209e-05	5.66623181747126e-05	2.41454878560367e-05	1.20640342430131e-05	0.000213206837592501	6.28923942910889e-05	0.000262634956250866	3.7771187774507e-06	1.54551297050772e-05	0.00126558738731876	2.93580403223538e-05	3.12648308914932e-05	4.90581449093099e-05	1.22285859425352e-05	2.79593603130502e-05	5.71938339149354e-05	1.71482303993488e-05	9.02977480375605e-05	0.000143487401998713	0.000365585612233362	0.000179738377695112	8.34821360245276e-06	1.82395607117873e-06	6.21075995606515e-05	8.61909740856923e-06	0.000114113766253636	3.65034369690916e-06	0.000237526355282359	3.09482241883171e-07	9.91822528180696e-06	2.62576955395581e-05	2.16179298766208e-05	5.85771985501112e-05	1.04797203022089e-05	0.00600644511481926	0.000248355558384225	6.85508435527198e-06	7.62440798893457e-05	0.00016839296039433	2.45800608173324e-05	1.68573464883311e-05	3.27484260078976e-06	2.66813028288786e-05	0.000195611515477895	9.68863360993998e-05	0.000182691242544764	3.52261378768428e-06	2.738940559055e-05	5.69149724736671e-08	2.21785486554594e-07	0.000547252561466808	5.75729247972874e-05	0.000174339466933959
A[Ins(C):R1]T	1.20927895437962e-05	0.000120365729258248	0.00576290659517251	3.36615476826447e-05	0.000125672485945592	0.000423397649623208	0.000487276999702654	0.000776352120794756	0.000725444540067877	0.000508706005098557	0.00018417336853091	0.0010848536763554	9.58987566186208e-05	0.000381701961991315	0.000507117810975755	0.000287273387468614	0.000150236673971903	0.000459162000798423	0.000222501888578622	0.000342929959533281	6.23063461747867e-05	0.000265012849240044	8.64347460956071e-05	0.00106503747677446	0.000281965480056296	0.000345608443246593	0.000550690714418766	0.00036432198884644	0.000257634364323714	3.97617384538927e-05	0.000123631951831429	0.000160374678338863	0.000422781757896375	0.000107332013244267	0.000496174843541019	0.000718205080579904	0.00034561773578528	0.000647159176855666	0.000130969377035882	0.000224871675017898	2.06297650561742e-05	3.57649163128539e-05	0.000375310723674704	5.02360689285047e-05	2.22924782057587e-06	4.74023633817723e-05	2.68526561429768e-05	0.000112815336615401	0.000375197580657548	0.000540845939654733	0.00019514177685128	0.0363724264288411	0.000725115117925071	0.000369273122073749	0.000364835851338981	0.000466005360922836	0.000375182418780047	2.23684020710547e-05	4.11395494956539e-05	0.0004269913982069	0.000272549601173491	0.000309663328648137	0.0010590907666002	0.000351745514824625	0.000201824046207104	2.23513227614444e-05	0.000131948502907074	0.000324134826308587	0.000245619364680626	0.000541741350575867
A[Ins(C):R2]A	1.04828774017846e-05	4.15795920508409e-05	0.000923696778006842	0.000109203670940447	0.000181479673684406	0.000831737973857615	0.000489619632253144	0.00113507562056959	2.88973069867997e-05	0.000362513208279775	0.000309950303137386	0.00135809080488474	6.56793638269533e-05	0.000456734816105371	0.000602130304180206	9.66410221804528e-05	0.000292074842795786	0.000658509948335417	0.000397212769410105	0.000207000704641862	0.000154122654274844	0.000242488496349808	0.000139808689133752	0.00317209080262998	0.000191136463417411	0.000117376248360236	0.000706308978542279	0.000158561646625636	0.000240710184985632	8.72642597930191e-05	0.000241377119267266	7.58290017661356e-05	0.000143121740264353	0.000108059825484315	0.000846519459176801	0.000377930904478764	0.00102522680979365	0.000394731741878315	0.000106548141789746	0.000122011606882637	4.00315679066238e-05	6.02415677333366e-05	0.000744334212493804	4.1063118953487e-05	0.000125172265125335	7.15935586223068e-05	0.000111218317406988	2.82438981427908e-05	0.000431488476256972	0.000265111978069815	5.92495231414435e-05	0.015789262108816	0.000521139847475701	6.42533136052251e-05	0.000564319369585758	0.000635572640646232	0.000156718581026702	1.39397288268892e-05	2.67188255576378e-05	0.00010240314373197	0.000189393106305629	0.000449372795896916	0.000958095088723875	0.000274528051922207	6.23447377671994e-05	1.26172363263767e-05	6.30979709247821e-05	0.000374742567384811	0.00096462461331711	0.000564702682386606
A[Ins(C):R2]G	1.84673036870141e-06	2.36258117924453e-05	5.65818271298928e-05	6.22387991007233e-06	2.81607242754336e-05	2.23071487241506e-06	5.21424326499664e-05	8.8578308818002e-05	2.07628988649513e-05	7.01938240770813e-05	0.000911275744359271	7.05268799024664e-05	5.62310220300649e-05	0.000262145480394704	0.000295622197544308	9.88785289529924e-05	6.53737299675168e-05	6.75692798372887e-05	0.000126932271841055	7.45787608678953e-06	2.90162448100462e-05	0.00024140840366002	8.87113772105886e-06	0.00193324233433791	2.60122330899907e-06	2.7197215871404e-05	0.000405046498899061	2.72691028378786e-05	9.73313007647235e-06	2.44668475118476e-05	3.04766696164733e-05	4.39209650067573e-05	3.42888692535584e-05	3.75567349595078e-05	5.26590672383576e-05	8.33061174414005e-05	0.000399025346174142	3.51828313786177e-05	3.20737643817178e-06	0.000106010537712751	1.63728294096621e-06	1.21740600404869e-05	6.30537983354088e-05	4.46225288216475e-06	1.44901108337431e-06	8.76866352002317e-07	8.8079473347539e-05	8.62468416464864e-06	2.99476121049535e-05	5.99582269044022e-06	1.70803799552419e-05	0.00154793943230928	0.000113255712740985	4.06693077958032e-07	0.000147628726534687	0.000133739461702655	5.15605463147763e-05	1.5668687441077e-05	9.37843884900154e-06	4.1135510727187e-05	0.000140012391783971	4.69330620209048e-05	3.54660199974034e-05	5.60080853271978e-07	3.47909746114192e-05	1.28741667735435e-05	7.11931411840248e-05	9.92676432229282e-05	0.00013748986580258	0.00016789959519851
A[Ins(C):R2]T	8.73742541619849e-06	8.61087855023241e-05	0.000822184935345306	7.0082640993023e-05	0.000175335740425016	0.000406348614526893	0.000348311533916893	0.000844061849512996	5.15574438976631e-05	0.000475317532941966	0.000508301230470463	0.000564845176291025	6.91093286628008e-05	0.000969367779726644	0.00042130496614722	0.000151042412920452	0.000311534793748516	0.000473042716340138	4.68673003720817e-05	0.000180696160213935	0.000129193708788931	0.000251951799560688	0.000206150970316364	0.0018742867488476	0.000106222557316798	5.00324674326758e-05	0.000503131061809872	0.000149460654125706	0.000208657861667796	4.56046605835023e-05	0.000217592993585235	0.000116430954390052	0.000105232539739171	5.61172998915893e-05	0.000661229714258835	0.000728301073025568	0.00107571859349231	0.000621284354598955	5.55644087176239e-05	0.000580294387615316	5.92696424629767e-05	8.47942668630287e-05	0.00013177790227652	4.52428274391828e-05	2.67509738469104e-06	2.42943559878289e-05	4.31713397218964e-05	3.6489795502911e-05	0.000237691077063939	0.000324229084824279	2.44631082875443e-05	0.0188944066041555	0.000394968135832271	0.000149067687564122	0.000352705363613426	0.0012825782770245	9.91335805672386e-05	1.71815262284913e-05	2.73403902604346e-05	4.01210730072667e-05	0.000122705577203474	0.000284618584183019	0.00059505736708268	0.000245624932099408	7.66422806320868e-05	2.75956309393752e-06	0.000111987809117161	0.000415593078267793	0.000588796612562382	0.000681618245123636
A[Ins(C):R3]A	4.80842655062858e-05	0.000322137315443933	0.000378181210351282	0.000551106157378016	8.42571837210275e-05	2.25859880832025e-05	0.000628194310050831	0.000305436404998024	0.000167869993849866	0.000362901006398307	0.0100430130406966	0.000558349917248461	0.000146901951203714	0.000351050996792421	0.000841935837792062	0.000120049197099868	0.000623332955254286	0.000343477753400404	0.000132573706145102	0.000370280513702943	0.000357014006801669	0.000648805144386925	0.000164851631398549	0.00702065444376002	8.23126827916143e-06	0.000219836106447468	0.00133640698338982	4.15698559410559e-05	0.00031489335311284	1.24449885614688e-07	0.000313231911084643	0.000276050794484132	0.000299136095368044	0.000169355685329258	0.000738303714911783	0.000445825981017034	0.000807462537993868	0.000193750899954603	4.5056862808909e-05	0.000265136887074071	5.42213533949976e-05	0.000269804419141165	0.000414286136286058	0.000213645783008157	0.000986888010168937	0.000229601436561548	0.000615932282554798	8.17451061618978e-05	0.000236415649760007	0.000309367401093946	8.65593614215281e-05	0.0046823768331049	0.000436868677800062	0.000120406307348441	0.000204270569952956	0.000383359868518777	0.000559597653986865	1.75057059686515e-05	0.000186222053457304	0.000165500190960253	2.90105152120878e-05	0.000339541351818171	0.000196736257772972	8.16981097285941e-05	0.000252725192831379	2.91697364637897e-05	0.000330903945939455	0.0002052805805166	0.000231851542259519	0.00053580555825741
A[Ins(C):R3]G	1.59063536425886e-05	1.74885625036856e-05	2.14404056961743e-05	0.000189416333939215	4.29778639227272e-05	3.74441425012528e-06	0.000117700522638493	1.67653737237442e-05	2.64071820515399e-05	8.70630422332511e-05	0.00137781320503762	0.00063798954864348	6.87395555020589e-05	0.000129566767918793	0.000831760903753131	3.36589535543751e-05	3.47352808735194e-05	8.3428686948082e-05	9.12982450502179e-05	2.64912080448223e-05	9.08175673707861e-05	0.000479528482422839	2.02211920358133e-05	0.000785951936263636	3.2782540332591e-06	7.31184998337211e-06	0.000355445824761203	5.99694431353926e-05	2.25057046054982e-05	4.70980592108786e-05	0.000183125444370461	9.51930682968806e-05	9.1311258822226e-05	0.000102589058386259	0.000153954424034027	0.000127308290509243	0.000319965842751238	2.70581660520543e-05	5.52933628214403e-06	0.000115213225162789	9.79095198697793e-05	0.00018369270604817	2.50309970658119e-05	3.36195355430637e-05	0.000242542162878654	0.000220815579583642	0.000219667152643138	1.60741579870422e-06	0.000103140734106684	0.000212638583851015	1.61731802872895e-05	0.00116616649151247	5.81543243777019e-05	5.6182342728223e-07	4.88246373331272e-05	0.000143843039326315	5.81752098260877e-05	0.00165947608988013	4.46828911347267e-05	1.63484776093294e-05	8.41121661722311e-05	7.98406913762349e-05	3.82172876616538e-05	7.3694849114734e-08	4.7139315018183e-05	2.66362071176762e-06	0.000153309217580863	0.000149244140201623	8.61386546859731e-05	9.95505411884063e-05
A[Ins(C):R3]T	4.7009735746393e-05	9.48415873550247e-05	0.000172781587604235	0.000442985967503605	0.000100159710370684	0.000416426665646911	0.000284179348624796	0.000225164587136352	4.33993203002408e-05	0.000221104043130453	0.000661839740733323	0.000889753544666442	0.000139621245176692	0.000466195865478902	0.000559895927348856	0.000114605311004957	0.000354463738181079	0.000247610296251335	0.000114992269127215	0.000221088895517008	0.000558199962422851	0.000724002273698893	0.000132235856394258	0.00251002371319555	6.20017610638134e-05	8.66140240010526e-05	0.00168145515130535	0.000123083584051468	0.000107996987661866	0.000145369911386517	0.000104862494338236	0.000431611956578624	0.000227678091843628	0.000197304757595789	0.000172447102787348	0.000225819842266047	0.000574750040756983	0.000597487599495041	5.80128566464818e-05	0.000364818849933793	0.000355890735268021	9.31016757732888e-05	0.000289249093313597	0.00026212812809651	0.000885234309550677	0.000368627736998621	0.000836618317472153	0.000109527661401737	0.000316470023815428	0.000230569219479772	0.000180345037439505	0.00526693196290794	0.000382924154715283	3.02462254060747e-05	0.000172001564362437	0.000264487732661463	0.000161648988540574	1.32373393898754e-05	6.23023477099248e-05	6.30982709167262e-05	0.000252166310476189	0.000249094690261471	0.000358371760206321	0.000110114843547236	0.000148345225101468	8.24616644039903e-06	0.000406352596146746	0.000144176151875743	0.000472626564121602	0.000216568977275843
A[Ins(C):R4]A	0.000334055639968724	0.000509576569711134	9.16059596921881e-05	0.00112680277662045	0.000164575821895895	0.000396708739542528	0.000569697643761008	0.000112044373220101	6.18381025589496e-05	0.000489318463794599	0.00425146003562682	0.000233683909285079	0.000153634372888946	0.000423922337753722	0.0011014478787713	0.000103118015469383	0.0132674726656457	0.000141262844098248	0.000100541518179156	0.00042819998019239	0.000921717090463608	0.000943785761085796	0.000151728820706701	0.00158313897825789	0.000455392245054905	0.00042291180609659	0.000891079191673834	3.50376919693322e-05	0.000442411863554061	0.000370568201900575	9.18376283808379e-05	0.000376679456774854	0.0003473805344078	0.000380927186203015	0.000542724128135983	0.000779527836193222	0.00161673362671963	0.000139576843762917	0.000199345221779781	0.000949037506671948	0.000316459504439752	0.000712187867840962	0.000519327413570571	0.000361833823682638	0.000210218069480304	0.00137064526892692	0.00163512657221059	0.000427514327562319	0.00030942702739182	0.000232654970121849	9.96981152332526e-05	0.00214176019283322	0.000442265052392235	0.000373859949159173	6.79136228996235e-05	0.000302331834813242	0.000401122840210696	0.000623829879981636	0.00121919916453586	0.000427078280086411	0.000943535587942602	0.000410786416343099	0.000194797998540556	0.000401180019610789	0.000430686868532267	6.46700440087219e-05	0.00113816153221945	8.74182897350169e-05	0.000459494451329173	0.00047757924192731
A[Ins(C):R4]G	0.000147974871223237	6.52936139630104e-05	1.62009442541661e-05	0.000809244644758081	9.11131704124917e-05	7.84733624760298e-06	2.70052310471485e-05	2.30930456406423e-05	5.29685146943102e-05	0.000125194947473844	0.000495621016127897	0.000166307714739081	0.000107195964219219	0.00015304221814338	0.000219592943137822	6.52035167375704e-05	0.000824750763386076	7.83998029904337e-05	6.14234407521939e-05	3.25673110418394e-05	0.000358932342768459	0.000241431466137382	8.3062095477775e-05	0.000272560448430061	2.17362495683484e-06	3.43556231307098e-05	0.000564708296240334	9.37198979521293e-06	0.000202440816196663	9.77056051960914e-05	3.64203311559846e-05	3.02352545184266e-05	2.34192977001804e-05	0.000251400958069847	5.62281481884588e-05	0.000124269094281451	0.000201339678418273	6.61229423202734e-05	1.38233407053601e-05	0.000335856638379319	6.34174259134245e-05	0.000949997623294868	5.72474053951697e-05	0.000197662538787216	2.34071021160466e-06	0.00125960991792239	0.00143873908475423	0.000213208408538702	8.88746052468056e-05	0.000110004875825745	3.26904707934575e-05	0.000195832965965553	9.86411140640592e-05	2.65356751587256e-05	6.82327596800354e-05	0.000291452763293029	5.32124127738034e-05	2.04773535867868e-05	0.000234797123564306	3.42339079040868e-05	2.44547122816697e-05	3.88353239380345e-05	5.47307850126043e-05	1.7450940270369e-05	8.41373769341228e-05	6.09640662296508e-05	0.000506516466511965	0.000160444214046361	0.000108871160111505	4.84019113662759e-05
A[Ins(C):R4]T	0.000173783916437199	0.000166817419976598	5.7198431482518e-05	0.000507749382680526	9.79147641334503e-05	4.60881626318611e-05	0.000314182017832477	6.99364687637615e-05	1.29960806144983e-05	0.000140021131639696	0.00075522817040735	0.00077269346565307	0.000238325177497493	0.000274405866474261	0.000586406896243284	5.88014638668591e-05	0.0133789357531329	6.25234669633473e-05	3.42763629308518e-05	0.000160890745927196	0.000288762326663011	0.000688757042670392	1.58702152845643e-05	0.0012775624829262	0.000163556369702818	0.0001398775761079	0.000402196770726545	0.000108054525717217	0.000509169116257417	0.000198348227692689	9.0586331214625e-05	0.000173214514814196	7.02921819697947e-05	0.000242096325008414	3.82799055122719e-05	0.000540329385960203	0.000935537457171027	0.000152045246679703	0.000138531557539403	0.000157274757592093	6.48091164132457e-05	0.000157352350204808	9.00716704854587e-05	9.77457468129211e-05	1.78339825646069e-06	0.000955767130224643	0.000847577514616777	0.00013155071471631	0.000216150348335602	0.000131277259077231	2.70282935555476e-05	0.00194206654740063	0.000192172448559623	0.000258551979777711	9.51652718908831e-05	0.000482091320034189	0.000133966729710864	2.67988585199109e-05	0.0005122665667247	0.000127341914216861	0.000138415242480778	9.73090718461854e-05	0.000145717032992654	0.000423258996405563	0.000148227044185517	4.86671798911974e-05	0.000750147823492187	6.61904525123813e-05	0.00011936625518497	0.000256329527207969
A[Ins(C):R5]A	0.000337200540839216	0.000378954299408784	3.85595542580539e-05	0.000481559997301185	7.56260082648784e-05	8.46078283751712e-05	0.000465744895866489	4.98230242054831e-05	5.54823551051439e-05	0.000226965942739248	0.00543741080598963	0.00307700779120864	0.000309461883145051	0.000406577080568915	0.000618197930586428	8.18884655653355e-05	0.0137475628240374	3.64957560720498e-05	0.000164736081056525	0.000275582535625789	0.000622121253512705	0.000785171651155415	4.46388882754939e-05	0.000302222046585941	0.000559476810610882	0.000310151006722808	0.000331184625454642	5.67852249158143e-05	0.000537118189564306	0.00026732457679463	8.18651691470805e-05	0.00011337366984083	5.06446598875058e-05	0.000524890611781896	0.000239721254051882	0.000248460199857213	0.00112772365433399	8.60377525345853e-05	0.000525323086256508	0.00050473838915164	8.50568487831945e-05	0.000253550560165766	0.000204566481275798	0.000403285035226677	0.000269627523898651	0.000702679430195739	0.000806501924613392	0.000369001478744835	0.000466964012250471	0.000333009697200326	4.98959817373825e-05	0.00117248835413974	0.000596150852331416	0.000471642381779144	0.000186718047030299	0.00045118234901444	0.000829442096174919	1.68573464883311e-05	0.000699719064593664	0.000316296541579659	0.000300813907284907	0.000103852081793655	0.000219229491053717	0.000295634256708667	0.000503623668723484	0.00021479710611562	0.00155230434358143	0.000678389013842155	0.00037421518188197	0.000339070562939948
A[Ins(C):R5]G	4.36890095788199e-05	6.8394260089208e-05	1.2650442560653e-05	0.000215665328309244	5.99905016522495e-05	7.44501088668526e-05	5.16363988745251e-05	2.39482593864201e-05	7.61978230189473e-05	5.07637195649918e-05	0.000461316989454338	0.000308088555780121	7.08816896746328e-05	0.000262570696096885	0.000133024047028504	1.74771761060806e-05	0.000887432289612764	3.0532794262466e-05	1.58952061050288e-05	2.45898975197904e-05	8.20192268708442e-05	0.00029245527542773	2.84523720605768e-05	0.000180037399805947	9.12922481870632e-05	8.61983091318861e-06	0.000264447072441515	3.04307379495167e-06	7.93502236965493e-05	4.67184870597538e-05	2.36798509181805e-05	1.80250821065818e-05	2.56480742016617e-05	0.000184561279340672	6.78185873416688e-05	6.06846662031286e-05	7.9982233388157e-05	3.50962452472512e-05	1.96417926100999e-05	0.000108166122160508	7.53968794314939e-05	4.74537705466946e-05	3.6934102593302e-05	8.10642606926597e-05	0.000243322399615856	0.000468057503932531	0.000528556914843913	3.83303108736327e-05	0.000131597399035413	3.41847142018937e-05	2.8217037948037e-05	7.72135893407798e-07	5.91818723894241e-05	3.13489086999196e-05	6.82360497499366e-05	0.000288439415580709	8.70090966882352e-05	1.48582380906764e-05	0.000107604689381792	1.07880373206473e-05	3.26499210013299e-05	9.79431754663637e-05	4.45917450764695e-05	5.34140266383592e-05	7.04460004229061e-05	1.98486901146737e-05	0.000284772564736099	0.000131208594557922	5.24342719654673e-05	2.1778288281064e-05
A[Ins(C):R5]T	0.000179220193663229	0.000406313936816955	1.96626415164587e-05	0.000262791495064947	2.97109239348451e-05	0.000155313522991899	8.74024051395606e-05	6.47665197101635e-05	0.000232968974300227	0.000381503492974504	8.79116562452167e-05	0.000949228789780069	0.000107782500956947	0.000334857365467687	0.000317209612976079	7.85375582935418e-05	0.00512142014449643	2.89424719495226e-05	3.04513464851409e-05	0.000157813396825131	0.000487622912359813	0.000349369625810959	3.54073146105446e-05	0.000607362004067154	0.000301064873119632	0.000270164643982087	0.000406740931866504	7.00076346148436e-06	0.000200375375534587	0.000251979905898339	3.95485740715169e-05	6.43281497149664e-05	4.57070627149934e-05	0.000393070016438465	2.28602659498855e-05	4.7374593765399e-05	0.000796574324403879	0.000230607729872974	0.000460019095002689	0.000580487837501653	6.50819969034068e-05	0.000146709955293469	7.86221894064248e-05	0.000379133984602064	0.00020230423971726	0.000535180763505414	0.000367962844516748	0.000160367649306977	0.000112763535568764	5.48376238294385e-05	4.82067133901607e-05	0.000198101115152438	0.000244533708891646	3.45018282321303e-05	0.000129184594668817	0.000431750687663674	0.000708582333008231	1.65871967048642e-05	0.000496351127668054	0.000263457674575854	0.000526496340381108	6.38330977646213e-05	0.000191934794932792	0.000383286910245731	0.000431417085714933	0.000102814458560574	0.000917193879646525	0.000173538020183687	0.000174826034086927	3.29914834753766e-05
A[Ins(C):R6]A	0.000315853391975811	0.000981706131062618	7.92856015268263e-05	0.00159078864090232	4.79721275782475e-05	0.00039694774470743	0.000340050506340591	7.64847676310331e-05	2.9063315315817e-05	0.000256012967666412	0.00166376552805222	0.000717677652120906	0.000155304727511608	0.000171096168165156	0.000303121242768328	0.00026295522175654	0.00570328730952512	4.22147423232921e-05	8.72934466321803e-05	0.000464056731814315	0.00148661426902199	0.000250912066206284	4.27999293780937e-05	0.000105802989549054	0.000564928689600976	0.000483416908436577	0.000798270476866196	6.87825010090838e-05	0.000285928829045666	0.000322505656076183	8.02820886413414e-05	0.000769237068789217	0.000109930114826908	0.000465664552545269	0.000105366528794683	0.000363831491807689	0.000184915085036764	0.00047470846521724	0.000856233986043774	0.00126112744472985	6.10160776000074e-05	0.000654634747292354	0.000117688326907471	0.00138311490199521	2.56363499366225e-06	0.0014393331331671	0.00180388274552579	0.000374858105491775	0.000256677734469899	9.15229655041225e-05	4.86446718505516e-05	0.000194867796098793	0.000555164268884255	0.000169482002992758	0.000166355804412056	0.000907482957746129	0.00149062773797315	2.95543863112727e-05	0.000799573222681398	0.00053139404885606	0.000855849472919784	0.000168723230669828	0.000302810292665538	0.000153609543494752	0.000872122330503056	0.000466832865649724	0.00265301185175897	0.000120188876169621	0.000240969266470847	0.00045886657948836
A[Ins(C):R6]G	8.02192564195177e-05	0.000170276948370715	4.90719882481913e-05	0.000252061876741104	1.67802314009981e-05	1.60133460484081e-05	6.29608690168524e-05	3.42517654193276e-05	5.33835355168535e-05	8.46771379552057e-05	0.000139023711717539	0.000128257130049434	9.59880122091447e-05	0.000154778515593953	6.73971567210217e-05	6.25324261167636e-05	0.00183131306853051	1.37960709602493e-05	7.6301948806823e-05	7.22168593129392e-05	0.000472605997507803	8.77123670270887e-05	1.63557004334779e-05	0.000107526165274609	2.49432372095801e-06	3.93360900510653e-05	0.000293984119851249	6.31762444629113e-06	8.53116795205348e-05	7.14777918027959e-05	6.13040816204458e-05	9.43054695567838e-05	0.00014733927118254	9.8208656837419e-05	2.96536183345697e-05	7.49636892267014e-05	1.67936853676103e-05	6.55745634882851e-05	0.000153493291008734	0.000689344852113365	0.000108879315574253	0.000101601881692812	0.000118278038690464	0.000285959286502132	2.67509738469104e-06	0.000463982654414402	0.000112400110397137	3.03223693266138e-05	2.9276927129241e-05	0.000166831635144903	7.93643295722504e-05	1.5442717868156e-06	0.000128156906441588	1.9626085545583e-05	8.0840307541258e-05	0.00017608142845444	0.000102282563468434	0.000168573464883311	0.000382410283815915	0.000149163950235361	6.10320496023255e-05	9.29361053988813e-05	0.000125633368180171	1.98976092609782e-06	0.000216397474985056	4.18585230412761e-05	0.000539687258344786	2.48529818970195e-05	0.000107205365436356	0.000187929036522663
A[Ins(C):R6]T	0.000133284987676729	0.000422614683598874	0.000153128999419613	0.000380764700458966	5.9659199013715e-05	5.33778201613604e-05	8.30220175306171e-05	1.38221647156686e-05	9.68184290304552e-05	0.00017829018499538	0.000139320482691514	0.000512204494796813	0.000115203465769078	4.46476487290249e-05	0.000179321431149262	9.11168427803073e-05	0.00413730262488694	4.29227693517848e-05	0.000227765160802947	0.000143697466465121	0.000769075587534438	0.000193300075882854	2.24794335618208e-05	0.000368529848505283	0.000236782587510943	0.000156600129194583	0.00137044968209934	5.68924946785306e-05	0.000189412652020491	0.000176202370547556	9.14679269453659e-05	0.000166720630014855	0.000336819562677704	0.000402450406907783	3.7076096852831e-05	7.5852287812743e-05	0.000321516029092864	0.000160198774050056	0.000693163740036556	0.0013040180481006	5.55038916987545e-05	0.000114913444087953	0.00011345147455889	0.000645675651029624	2.67509738469104e-06	0.000802796935444944	0.000235461208492786	0.000301548290092262	0.000104078406386877	7.27682594581958e-05	0.000157508632004841	1.49601329347761e-06	0.0001304112209571	0.000108595437239082	0.000108608497506999	0.000465850262143525	0.000684459324566272	8.20174742605339e-05	0.000695659866534583	0.00032384669927798	0.000212826690344274	8.75062995846133e-06	0.000150813064105238	0.000108390384077951	0.000617387279445433	0.000214603595209209	0.000764078724366397	5.64512578647829e-05	0.000222215832424823	0.000112492008669549
A[Ins(C):R7]A	0.00119067159285425	0.00250147465871828	6.13052175376386e-05	0.00416987330894465	0.000113263471447049	0.000190965126756389	0.000765162880648205	4.45006833408024e-05	0.000294202332232042	0.00109495271692225	0.0019293755497598	0.00140816246601138	0.000253026848336646	0.000565838078356694	0.000189656180906082	0.000384091054920583	0.0102169131964453	0.000147670936824479	0.000133311432169477	0.0016469937719898	0.00674447730060657	0.000280118771912164	5.40984928437209e-05	0.0001583483613403	0.000224560401278248	0.00189138503781769	0.00147854680345413	0.000132528968947487	0.0017419263392433	0.00128240629130511	0.000384261984315199	0.00230894018923855	0.00124636610849759	0.0027208327154708	0.000232383465590064	0.000664960064240762	1.5870955402357e-05	0.000209336403600586	0.00120917188232756	0.00588029619498997	0.000150875623010036	0.00270555577711145	0.000291716810313199	0.00437918807723962	0.000449416360628095	0.00299549581264509	0.00496118906223197	0.00139045837204891	0.000327923135834729	0.000162245257030035	6.7570733888869e-05	2.60595864025132e-06	0.000421170610131185	6.07985187986538e-05	0.000116530985828978	0.00125452755493776	0.00312164253193801	0.00389901779482027	0.000953061649290395	0.00223394114925446	0.00266074600801696	0.000201945563303321	0.000543737682664511	0.000172843899113697	0.00239561912830348	0.000362532113236553	0.0056898789343723	7.64526779836469e-05	0.000749483993611471	0.00115619358521907
A[Ins(C):R7]G	0.000251581151151955	0.00065465442442802	2.64168049551331e-05	0.000941450373281668	2.24024866250838e-05	2.89594591472455e-05	0.000103270702371098	1.89921137692666e-06	9.16840285687054e-05	0.000325991611080161	0.000148034757654597	0.000257241341334975	0.000163860513403257	3.57712709459926e-05	2.46259629911218e-05	8.16047625535063e-05	0.00127262226614026	3.44314241029003e-05	6.85961215101963e-05	0.000291512512714696	0.00189367837727546	4.27366924249298e-05	2.54842924001728e-05	0.000117635462864529	0.000110284741662358	0.000161708352391804	0.000662176701708439	3.19042857426195e-05	0.000380082528791811	0.000357357846542576	0.000181058908141412	0.000577640915109598	0.000328898833880132	0.000474633688514635	3.63743792423026e-05	0.00022534245685546	1.56495002106962e-05	2.53120124028284e-05	0.000267368706858641	0.00205463124278674	0.000277765050934917	0.000952392590587718	8.71140390815244e-05	0.00115479792000948	3.67825890395018e-06	0.00113046985576769	0.000989541778157652	0.00047676632463319	2.94602798564142e-05	6.53970916577209e-05	0.000108363436199557	1.10994534677371e-06	0.00015868626658578	1.24271987945114e-05	4.53272930282004e-05	0.000542092390658906	0.000519301469364366	1.12922609489141e-05	0.00011994507431453	0.000223450404593862	0.000430680473577286	3.955397470757e-05	0.000154836866706272	2.73260500517434e-05	0.000570300793644645	0.000101550946171658	0.00158795636054508	0.0001142371461072	0.000236313282060801	0.00014572010085086
A[Ins(C):R7]T	0.000296724578552241	0.000652526506334398	4.10728872171241e-05	0.000896911938004069	4.21224108411381e-05	0.000169255490944493	0.000136703505286429	1.78776064941839e-05	0.000163079467783938	0.000227481430482175	0.00016585450568282	0.000329755576616137	0.000122050644642127	0.000226338774806863	3.23380958389945e-05	0.000271246843743773	0.00384499367741804	1.09818875811772e-05	8.28174954590793e-05	0.00030111384191314	0.00147602761729171	6.59702164940478e-05	2.73158954619835e-05	6.92946398436367e-05	0.00018358222586251	0.000378757479318015	0.0002709552354301	5.83999171335437e-05	0.000591047605112227	0.000123180496781418	4.4440008448531e-05	0.00053437616626539	6.55260291435501e-05	0.000756494535798093	2.59937980382795e-05	0.000131297530969983	2.76080805603791e-05	4.63668733468002e-05	0.000466939800218575	0.00201268025314963	3.38098927309522e-05	0.000228051013501691	0.000132730513618278	0.00100002042438746	3.3438717308638e-06	0.000855615238059672	0.000698320925639028	0.000462639519320711	3.45121299972122e-05	0.000130061044806374	0.00013601738469852	2.79899261360327e-06	0.000118484324392469	4.87360859606615e-05	5.34603458238534e-05	0.00032615057592165	0.000737290260554331	0.000202072038033199	0.000110287565598966	0.000350751937092076	0.0004370036138514	6.09584946864794e-05	4.86450045047442e-05	6.25079710191174e-05	0.000629824059875392	0.000116895222750559	0.00118608105890815	0.000127565414337894	0.000172365602375929	0.000121915207566788
A[Ins(C):R8]A	0.000636363330577535	0.00165072792978545	0.000123568852710336	0.0026121501258181	5.24743820914665e-05	0.000500317478527378	0.000103146027382946	5.31779185539464e-06	0.000613365202505616	0.000822432318368786	0.000459199123867335	0.00239311518052555	0.000353095116112598	0.0003690340775305	7.0644694065304e-05	0.000251660630153529	0.000775939939041484	0.000148332160378514	0.000129486415723766	0.00147119305294838	0.00584173063074971	4.54772834847828e-05	2.562773119417e-05	0.000210916708807886	9.73855247054034e-05	0.000771011834721634	0.000554426168915173	6.96406591108142e-05	0.00174132535818109	0.00082307420848986	6.93237589129921e-05	0.00144473764157299	0.000113393290621518	0.0025807599739112	0.000421520558786444	0.000915093476329139	1.79009613259142e-05	0.000197546258712838	0.000511219664791758	0.00395455784789986	0.000257817487104146	0.00232676427972819	0.000240829219685385	0.00269648842879533	0.00122798116196422	0.000871880249216421	0.00319190137365377	0.00147213549083563	0.000217847165240582	0.000171889722533047	0.000455414233312109	1.06168685343572e-06	0.000161113586633879	2.31395783221688e-05	0.000113464640681102	0.000709355345661116	0.000342645328026094	0.00261975051019137	0.000154890118438774	0.00100028698675597	0.00100112460257165	0.000214716879920098	0.000150930891414199	7.08207499992594e-05	0.00151495959626932	8.64766091764898e-05	0.00312510998307624	0.000398874127456083	0.000602523231581631	0.000543932552939526
A[Ins(C):R8]G	5.46123914722213e-05	7.49338925268468e-05	2.78309736334366e-05	0.000317375798479086	1.44536957080057e-05	0.000317837035124996	3.08397726995602e-05	0	6.96997827116981e-05	0.000132537100876551	8.4930456915741e-05	0.000239258198761907	0.000152346542225672	0.000311576805773267	1.62745672716932e-05	4.50873673327769e-05	0.000113189609451368	1.17118226189903e-05	3.90126879949088e-05	0.000124068313488454	0.000840410173018546	1.95742776610114e-05	1.18061161213097e-05	0.000174775969923921	8.01034246387658e-05	3.46064039704834e-05	0.000206451253146783	7.7347144695432e-07	0.000216615679870845	0.000283048819842046	4.540691989515e-06	5.19510783947273e-05	4.57413515842469e-05	0.000640983428123843	2.41124689272939e-05	0.000105927568679672	1.87498728939473e-05	3.05216113067172e-05	7.32637057384084e-05	0.000844740382238183	0.000271597951857278	8.70939067457425e-05	4.71587976615043e-05	0.000240000355161554	1.00316151925914e-06	0.000168513080705386	0.000681010971771643	0.00021136789316798	2.8853929170938e-06	7.04722287786338e-07	4.46717629598634e-05	1.44775480013962e-07	1.82756753513434e-05	6.98925114387669e-06	2.40898918162505e-05	0.000318993875104891	2.82832647091385e-05	8.69882302763238e-06	2.87399679245552e-05	6.50047775121854e-05	7.01436554631618e-05	5.86193568875992e-06	2.82549886889613e-05	8.25382310085021e-07	0.000137301570700604	5.58579801277276e-06	0.000110865020091478	0.000122749923651026	0.00023354088173573	1.52149685251269e-05
A[Ins(C):R8]T	0.000187896249650254	0.00039608639636016	0.000109046814872829	0.000780414931732383	2.39057105372404e-05	9.32120143116293e-05	4.35765275816281e-05	6.36861300047262e-08	6.49566875969177e-05	0.000126355977206768	8.97327508582448e-05	0.00171649338220353	0.00011126346898738	0.00035377946421475	6.08119295762122e-06	0.000103101956808336	0.000379571464372722	2.26120530745186e-05	6.9290451886079e-05	0.000333166816673132	0.00157311086942632	1.56036878085176e-05	0.000135270138574968	0.000159772853273425	9.60670964528971e-05	0.000207619496967068	0.00059505405029362	1.82245681077996e-05	0.000217658761944335	0.000182095072631411	2.90357819705312e-05	0.000458975791241267	0.000109964403696162	0.000316601030042631	3.65558579346807e-05	0.00029177701763263	1.24014907330045e-05	3.19791445180545e-05	0.000203194073505587	0.00178089965361969	5.17108528855161e-05	0.000633960481332343	0.000304699542028015	0.000605909962954175	0.000308082048803585	0.000498060087937316	0.000814034474326301	0.000381991923643729	6.82635070123813e-05	8.70673020071508e-06	4.54851143863035e-05	4.34326440041886e-07	4.27026585279622e-05	8.8005027900403e-06	6.7327990457218e-05	0.000198061141179594	4.46147897441391e-05	0.00146772377357536	8.69196926057259e-05	0.000159116208348885	0.000208611263494864	3.29170234830365e-05	0.000117880331250506	1.37219809051635e-05	0.000391996315021991	5.56270679536916e-05	0.000530386129502403	0.00015400552425156	0.000135877046929821	0.000236557269259833
A[Ins(C):R(9,)]A	0	0	0	0	0	0	0	0	0	0	0	0	0	0	0	0	0	0	0	0	0	0	0	0	0	0	0	0	0	0	0	0	0	0	0	0	0	0	0	0	0	0	0	0	0	0	0	0	0	0	0	0	0	0	0	0	0	0	0	0	0	0	0	0	0	0	0	0	0	0
A[Ins(C):R(9,)]G	0	0	0	0	0	0	0	0	0	0	0	0	0	0	0	0	0	0	0	0	0	0	0	0	0	0	0	0	0	0	0	0	0	0	0	0	0	0	0	0	0	0	0	0	0	0	0	0	0	0	0	0	0	0	0	0	0	0	0	0	0	0	0	0	0	0	0	0	0	0
A[Ins(C):R(9,)]T	0	0	0	0	0	0	0	0	0	0	0	0	0	0	0	0	0	0	0	0	0	0	0	0	0	0	0	0	0	0	0	0	0	0	0	0	0	0	0	0	0	0	0	0	0	0	0	0	0	0	0	0	0	0	0	0	0	0	0	0	0	0	0	0	0	0	0	0	0	0
G[Ins(C):R0]A	8.90873271849393e-06	1.71538473918552e-05	0.000164227877766866	0.000131202894915542	0.000445184211919127	0.00113901894753279	1.48342282121576e-05	0.000178327987527162	7.71701575174773e-05	0.00221271931340305	0.202250093243417	0.000400185512353789	0.000321511387865779	0.00034529286749205	0.000330709943298777	0.00022141146562812	4.67038822865518e-05	9.18901576388022e-05	0.000501976064249762	0.000423359440083676	4.79659368356225e-05	0.000388596977930635	0.000754002571276465	0.00075075320010964	0.00026653630618237	1.90917898613629e-05	0.000761108481102971	0.000335872918618682	0.000234189195069245	9.41712284446342e-05	7.72770795376332e-05	0.000122841389735196	0.000367782411613667	4.82006507674974e-05	0.0011665631824752	0.00186371264292845	0.000503478378240817	0.00107703045704691	7.55043518135256e-05	9.69736644510022e-05	1.96746833406106e-05	9.58426065883166e-05	0.000116599628231176	1.29564467783088e-05	0.000115697961887888	3.03636466203155e-05	0.000168190127607301	2.27126395484582e-05	0.000393347892290438	0.00120650728966724	0.000122722217150941	1.88208124018151e-06	0.000231394026068281	0.000605809170383855	0.00021457177881347	0.000188422859893866	5.27625580736326e-05	0.000193967544529194	7.05708495896464e-06	4.61501859699289e-05	9.94159984298713e-05	0.000360523136050295	0.000377353739680014	0.000322680266333774	2.73639693006929e-05	4.58734678137757e-06	6.60504902145402e-05	0.000162157590882512	0.00266222831470111	0.000175275614422659
G[Ins(C):R0]G	3.41319446085617e-05	1.3693110639934e-05	2.28797077040684e-05	7.1835846601494e-05	7.26739534110708e-05	0.000366912762318127	0.000325327333159897	0.000109524222075628	0.000329324951556991	0.000365357849356572	0.00128339956654441	0.00118586949609199	0.000381682406677542	0.000394298977168433	0.000643825815193546	0.000173904593364271	0.000138326598727149	8.69269977091153e-05	5.35006352131039e-05	0.000149850430951448	0.000258807642450744	0.000534949537396877	6.32932873307222e-05	0.000507785422806438	3.49205320934121e-06	1.59627750168561e-05	0.00082418759930003	0.000160752208095842	7.08328714010983e-05	7.49374986228842e-05	6.54940312224617e-05	0.000107274273370421	4.34439973442585e-05	0.000188960620241483	9.27174639359342e-05	0.000509233162036971	0.000395334426313129	0.000128652560188834	5.10198725249467e-05	0.000227939237501244	9.47441061839112e-05	9.75445757423139e-05	0.000317573403875201	3.30950422093886e-05	0.00103414806396515	0.000127008073377277	0.0001675578131336	2.08284180079831e-05	0.000191026199641108	0.000344666031170083	2.31805156535426e-05	2.12337370687144e-06	0.000233938430668736	6.54063094447969e-07	0.000230554938393277	0.000206480789199311	2.84092240251863e-05	1.72355561851846e-05	2.82579381550393e-05	2.34935944327482e-05	6.38336065767781e-05	0.000255966494678663	0.000197943987689827	1.91606607698308e-07	2.14095295089224e-05	3.05877323494194e-06	0.000140057534759226	7.76069529048438e-05	0.00070425443077103	0.00042911560655079
G[Ins(C):R0]T	1.13277424267318e-05	4.50753711790909e-05	0.00107122272048303	3.19118484853906e-05	0.000286969895164645	0.000705344075818812	0.000470408159498971	0.000201559777951029	6.57274405530696e-05	0.000309086923583882	0.00624303608361382	0.000402512172309334	0.000154463174800954	0.000567060573500465	0.000975129945135756	0.000128790461596416	0.000150558567897437	5.1426064423935e-05	0.000257987130288913	0.000242418247753445	5.32215743713556e-05	0.00227383726801555	0.000387781262694793	0.000589532879226749	0.0014012754332382	4.09509564290145e-05	0.00252524425925148	0.000324632176641412	0.000251866327692164	4.87345752067117e-05	7.50967890207471e-05	5.41624889309515e-05	0.000573789938089046	0.000146847618321971	0.000438694492375152	0.000690301667001731	0.000861239240368831	0.000888301552711573	0.000313816938601292	0.00011836369474028	6.01155719824759e-05	2.15547056356465e-05	0.000216397006891535	2.04211398275487e-05	0.000945089613533139	5.50190652236748e-05	0.000120449004243592	7.03280833741225e-05	0.000607426676480434	0.000102082433332405	3.33474084840437e-05	2.46118316023736e-06	0.000198498509448116	0.00130703608373852	0.000627153124558	0.000281415656574788	5.69588027168258e-05	2.57182593860436e-05	1.35095185403787e-05	4.24913575229308e-05	0.000102243738179786	0.00043497629518694	0.000700942878280908	0.000661809222989957	0.000104507540506732	4.55693792465592e-05	7.55456813576588e-06	0.000248205179148608	0.00132500133837479	0.000377308587286057
G[Ins(C):R1]A	9.35337870533111e-06	0.000147206981168313	0.000293935965118558	4.40615633520952e-05	0.00019303570750911	0.000612211729895483	0.000299126727246369	0.000624724543272076	0.000113952860132599	0.00136399948476764	0.0437506784420533	0.000688158153934925	0.00034360852191977	0.000298483705610271	0.000523177241704136	0.00064178974162776	0.000126153155725141	0.00065010723094242	0.000267552771092368	0.000445772365947602	3.55363257973666e-05	0.000396351735943613	0.000333892411165376	0.00204393914294754	5.91511053827185e-06	0.00014242121033989	0.000678889972341848	0.000296064545096968	0.00034311873955178	1.39943896373716e-05	0.000390006575850994	0.000132453249595903	0.000568200852400716	7.0898111294499e-05	0.000974595021677721	0.00115977004231334	0.000140365682314334	0.000183144098862198	5.04597110061674e-05	5.10984056910525e-05	9.35161439781866e-05	2.79148647523464e-05	0.000632797033107399	2.29023342976898e-05	0.000465912794500356	3.43697223069143e-05	0.000127191851164019	7.54562739585082e-05	0.000536539938783671	0.000423168684082927	3.3722801450093e-05	0.0252707048119171	0.00156634840376664	3.73109453685415e-05	0.00027013118923426	0.0015713500471323	0.000128428118642361	0.000320667792975144	2.86236888134878e-05	0.000224357157730726	0.00051024992820683	0.000887984618506212	0.00115113156899546	9.83826235681699e-05	0.000332653059457925	1.37669187703447e-05	6.58009815421663e-05	0.000744976248358698	0.000152882279496978	0.000355736045705807
G[Ins(C):R1]G	1.80117392127779e-06	5.12416210551572e-05	1.26219581204502e-05	5.83116185377481e-06	0.00011048942995126	2.50955423146694e-06	0.000124796520073407	6.2439701460348e-05	3.53242008673271e-05	0.000168283101839099	0.00594985334050602	3.8583777596126e-05	4.62726482873255e-05	0.000134970550800679	0.000473269661494656	8.92808025339411e-05	1.11199719729885e-06	0.000124355835814495	3.16044308593747e-05	3.00568876616756e-05	1.59968114165789e-05	0.00015020975880504	1.01804764560078e-05	0.000129674717267071	8.90829900342146e-07	7.561278904872e-06	0.000590394359633154	3.96615833201029e-05	3.74266137362152e-05	1.24449885614688e-08	5.15022538184447e-05	6.54623036606457e-05	8.84652826741807e-05	9.96480475872539e-06	7.96812445334459e-05	0.000376338044247403	1.50958622315442e-05	0.000132332470771913	3.7765728201572e-06	2.42917785843348e-05	1.05058988711998e-05	8.98112734818604e-06	4.57253444043828e-05	2.78484850542669e-06	0.000158945369607059	7.56512146825528e-07	1.62192804302155e-05	7.72142332308071e-07	3.6873198448881e-05	3.15306391341823e-05	1.84255380835851e-05	0.00388220275506773	0.000236510795759306	7.92422595196577e-06	5.31444991133426e-05	0.000567572904402785	1.22468443574498e-05	1.12382309922207e-05	4.92177764663561e-06	1.59446604228714e-05	8.73195561663473e-06	2.33491044141231e-05	0.000265111445163315	5.89558792917872e-07	5.79740005146834e-05	3.00511054660962e-06	1.85745344989473e-06	0.000248331427968114	5.6725311959049e-05	0.000150369976289236
G[Ins(C):R1]T	1.12087685640387e-05	6.30339848687043e-05	0.000440081250022568	4.19296653321943e-05	0.000208503090394721	0.000188455572524922	0.000365052556065496	0.000392879735999156	8.40832186472698e-05	0.000592666662383547	0.0140340430570707	0.000465816711933129	0.00018687570495978	0.000715354549636155	0.000680241260758169	0.000268334873207263	0.00015251919453478	0.000597538962578005	7.66057183462717e-05	0.000211993811917326	7.00173783713518e-05	0.000447019998707963	0.000272647724046357	0.00014667671775921	9.8454520585814e-05	8.53945937181642e-05	0.000330144859770075	0.000623779315972227	0.000121653764213453	2.20525197309227e-05	0.000155265123374251	0.000135389153120838	0.000493999739336016	9.74132040546155e-05	0.000881617438282711	0.000503849578050261	0.00117703434367712	0.000195742380976034	5.79947869200695e-05	0.0001714518706908	0.00031233900903832	8.19108804800452e-05	0.000193443609799653	3.72357790541921e-05	0.000490100133353605	5.18382755154311e-05	0.000102169869676342	7.16101310202189e-05	0.000537476002706608	0.000467446840084083	0.000130480338449293	0.03840092393781	0.000602695354548932	4.81700698212353e-05	0.000380891392456613	0.000139744000158821	0.000109933692208939	2.02072038033199e-05	2.53023345682711e-05	0.000106749685084391	0.000190505874262772	0.00058029875374026	0.000258418854014303	4.81079975020983e-05	0.000109064940994045	6.37285077498004e-06	0.000123631547161277	0.000415340580628782	0.000320921524677733	0.00042975342132331
G[Ins(C):R2]A	1.92240678136379e-06	4.43660651478836e-05	1.58105398678572e-05	6.62361078880374e-06	0.000206532581417766	0.000523739984687736	0.000596408474205881	0.000645367947412179	8.50792686213736e-05	0.000659445971319402	0.00484254687824656	0.000303919956693103	0.000194628190536714	0.000324138386308536	0.000484313337384675	0.000186296526805489	0.000186318056715837	0.000632100838918223	1.88833064726668e-05	0.000155966987363891	2.23454105050998e-05	0.000214229274088883	1.91325283685523e-05	0.00177997159746891	4.45414950171073e-06	4.23461360874854e-05	0.000817255828069584	0.000143001885254788	7.82656946532518e-05	1.22334237559238e-05	0.000286869354878294	0.000141188890187539	0.000279454284416501	3.61660454004568e-05	0.00065977788471981	0.000220332273338417	0.000533264101519194	0.000187329095211582	8.82706135237699e-06	0.000250904502579267	0.000220978620932406	1.74770488897259e-05	0.000533353481516836	7.92910510320615e-06	0.000296601422527619	1.0144140150615e-06	5.14411294543607e-05	1.49766475021264e-05	0.000347529010784212	0.000105793591831796	3.31284292538483e-05	0.0132787105098939	0.000570825638409857	6.53224552019189e-06	0.000154748437800784	0.000268631085765903	5.7588599297065e-05	0.00166520326528963	1.7463008316671e-05	9.46926828475104e-05	0.000238106160053002	0.000342833993579245	0.000381088865374093	1.44589293963108e-05	0.00017790180258784	1.39035147042815e-05	6.97792587072393e-05	0.000246690193314537	0.000302762596858529	0.00012415784660565
G[Ins(C):R2]G	2.0240616640446e-06	1.97880674055382e-05	3.91258919514977e-05	2.83318026328927e-06	5.20194590654191e-05	1.07552324205726e-06	0.000152956304372183	5.9544257049776e-05	0.000198794973998234	8.93921955671208e-05	0.00228428665545439	0.000263106463306246	2.74652202840725e-05	7.0461785315608e-05	0.00061200199813904	0.000130995851046862	7.22798178244255e-05	2.64718459893394e-05	3.81137781332749e-05	1.9878230434506e-05	3.29622128989042e-05	0.000163128589873996	2.36085543248245e-05	0.000725939469661653	3.84838516947807e-06	9.04027749631309e-06	0.000150650494741693	3.27906727292751e-05	6.52237148204769e-05	2.30232288387172e-07	2.97467462695158e-05	3.91150350764039e-05	7.8110044159606e-05	3.91422292816943e-05	5.4830762257148e-05	0.000174597805686616	0.000653218997002124	0.000159044292298501	5.5112665557318e-06	9.62275006037018e-05	8.15639785091333e-05	2.27007767462677e-05	8.13439360971619e-05	8.11584421581493e-06	0.00033906859350959	5.67384110119146e-07	1.88120458922469e-05	1.14607289575286e-06	7.64452203731707e-05	0.000101207213716928	0.000180345037439505	0.00194158396246725	0.000218135511161928	4.15078502245826e-07	3.38449490731725e-05	0.000284561946097945	1.5863676146823e-05	1.51824178308366e-05	1.22642749691294e-05	7.95519857322235e-06	6.29433922110642e-05	0.000144754113827086	0.000173677453409212	2.34349620184854e-06	2.9586709706664e-05	1.59361922926268e-07	7.48526017121756e-07	0.000199779739095272	7.10640958059145e-05	0.000123417158482723
G[Ins(C):R2]T	9.49343654369134e-06	8.96444404381207e-05	8.16699167273308e-05	2.51444748366922e-05	0.000396603872034316	0.00050657144700897	0.000207908638855966	0.000706308750312773	5.28499373164407e-05	0.000453920062365126	0.0027485848442382	0.000456655488358169	0.000166487177924389	0.000139506184957279	0.000593530989206104	4.62596495892031e-05	0.000172681459506856	0.000515492471854322	2.48099121810941e-05	0.000114027775779668	9.54475786383717e-05	0.000387065245059175	7.96784111065585e-05	0.000530990855910573	1.6676335734405e-05	9.2407669763046e-05	0.000703459250369762	0.000150047814932153	6.1983943347187e-05	1.51268835964653e-05	5.00329276005432e-05	6.19194950142763e-05	9.65231669487669e-05	1.06276820777283e-05	0.000558881781047373	0.000509486034506935	0.00048214486144416	0.000775912754197761	5.02428742892205e-05	0.000112808919432599	0.000117202170524164	6.94893976110036e-05	0.000465155581935934	3.75719094568879e-05	0.000137210203356445	8.32335296086905e-05	9.3781348405148e-05	2.04690561677894e-05	0.000556658879697788	0.000138620010656424	6.94164159719446e-05	0.017686544774399	0.000513386054060716	1.12867810913714e-05	0.000136422748451356	0.000578562760765362	8.60338116982649e-05	1.85322751458255e-05	1.95623748128519e-05	0.000136793683756865	6.14902481729136e-05	0.000257286369621405	0.000374031009567301	0.000101477807230989	0.000159366573832766	1.94502853073581e-05	0.000124005810169838	1.37070146892125e-06	0.000252541536192906	0.000219799200478608
G[Ins(C):R3]A	4.47093234012828e-05	0.000109809515478645	5.15132723291014e-05	0.000302981980433538	0.000134053948218965	3.62491166767447e-06	0.000474305562489947	0.000269581113805363	0.000131004287070235	8.51997195661552e-05	0.000833966905638796	0.000167567988881668	0.000197407864641602	0.000101626552821304	0.000796404749549387	0.000199164867191099	0.000222692070301165	0.000298205847958304	0.000160185737343151	0.000154532624834065	0.000109976429624568	0.000984066299671671	6.57611701710333e-05	0.00304220930427584	7.93551275224784e-05	4.68534316120417e-05	0.000276539162254626	0.000208013007237847	9.60809838421959e-05	0.000165008103336514	9.25865107757683e-05	7.50665772073345e-05	0.000120148197864469	0.000213638595860363	0.000166555094574808	0.000346189501263007	0.00122564375824667	0.000488461229082631	1.98405596006345e-05	0.000110819149173132	0.00016457422361612	7.88271994263269e-05	0.000191783344318303	6.82166097451751e-05	0.000120156457529039	0.000363899536080961	0.000592627766580841	5.33458083044287e-05	0.000132475562097138	5.35191111619673e-05	6.38168042283763e-05	0.00349323929876355	0.000318885894699029	3.41580258363308e-05	9.65964522978852e-05	0.000293712774077269	0.000168375216017528	0.00176764406318025	0.000135801316732814	7.79783223934812e-05	0.000270598984401559	2.90607340595814e-05	0.000341051145788984	0.000199447739644116	0.000218940712643227	1.16838307778085e-05	0.00028597852331924	0.000215723161444303	0.00030120275378816	0.000226712289625927
G[Ins(C):R3]G	5.05876111171921e-05	9.65236214188077e-06	1.57451932109213e-05	0.000137430281236831	5.73474977672242e-05	0.000117909214684796	0.000139727135671363	2.44918659961033e-05	0.000159107125625309	8.49798096574751e-05	0.000989366979283862	6.78609153700708e-05	0.000192231040391215	6.32154010576036e-05	0.00059096574204204	6.15260833578223e-05	5.38733379007155e-05	9.22347108762965e-05	2.74756448742151e-05	4.06059825929624e-05	0.000133403495183634	0.000242069528011064	1.48514320554045e-05	0.000827491959087673	2.44443724653885e-05	9.87170723464605e-06	0.000284433679489301	9.28560940734139e-05	3.17345632159787e-05	9.46503605042508e-05	0.000135756263010113	7.26693019776713e-05	5.65766342683714e-05	0.000142540268559307	5.63430846936316e-05	5.3396267162298e-05	0.000622252179368223	6.54302532693408e-05	5.03241880580756e-05	0.000159457977737898	1.04786108221837e-05	8.06416335023946e-05	7.90848863438501e-05	3.01737929608389e-05	0.000125952501862537	0.000476774587078907	0.000166464378497855	1.66763318814208e-05	7.03479380160344e-05	0.000110840312731427	1.64234422646557e-05	0.000789653726489488	0.000109086104652602	3.60573244375162e-07	2.46722341887548e-05	0.000333683945202449	3.34224048038897e-05	1.01576318583533e-05	0.000128611039337536	1.24363456544622e-05	0.000113148864159781	5.54300505312948e-05	8.33628210902423e-06	1.17911758583574e-07	1.39234337402204e-05	8.40064993711326e-06	0.000174642209068834	0.000151931436502534	0.000147461089052412	0.000385075525241751
G[Ins(C):R3]T	4.0505329253083e-05	7.33763193169213e-05	2.01183925597034e-05	0.000183101287337503	0.000171140064472829	2.3263169383757e-05	0.000205864597663656	0.000249836138999255	0.000137288888097319	0.000106755619862152	0.000422305095966358	0.000333390982796676	8.92683413225587e-05	0.000581783667188489	0.000421468879704029	0.000120723660863839	0.000206538847856192	0.000150049947472959	0.000125791586223533	0.000113683343842611	0.00013355236408479	0.000463115686033537	4.2056989983544e-05	0.0015142119492357	8.14574860872859e-05	2.23066515162503e-05	0.00100776400738634	0.000110527376036677	9.36563361084543e-05	9.83963020612529e-05	0.000160886481098223	0.00010906464347865	6.96406934539771e-05	0.000260313275983298	0.000374517577460535	0.000267404365457504	0.000734123960355535	0.000225369268925297	5.92958072217505e-05	0.000135608370322333	4.79178140722777e-05	3.8166310172679e-05	0.000289067643534215	7.48969985214582e-05	2.89802216674863e-06	0.000226351873021774	0.000316969029231556	9.852827534716e-05	0.000220759900231026	7.9747283404983e-05	0.000351711926440998	0.00490895045932675	0.000283288695721513	1.51231127030373e-05	6.73937918552411e-05	0.000271821689226006	9.99649120531542e-05	0.000229681345903511	0.000126162835508153	5.20116536157888e-05	0.00012373979683423	5.62191572586278e-05	0.000180829571063173	8.86843814246709e-05	0.000191104802333801	1.29099418990984e-05	0.000461299950440647	0.000139486910008381	0.000233517336934668	0.000209995370184865
G[Ins(C):R4]A	0.000383410968008086	0.000121866509651365	2.93708089596935e-05	0.000377991129186365	0.000219211088361086	9.66775892027027e-05	0.000360242615976364	5.19906271302868e-05	5.45693092955486e-05	0.000255159338881105	0.00141400577427284	0.00143588849714829	0.000666394989650177	0.00020187115461052	0.000693751835678167	9.89213520491175e-05	0.012693360217914	8.44663299349868e-05	5.75612280363464e-05	0.000178593738423641	0.000567576818779182	0.000733840342166907	5.070377471912e-05	0.000948780554490378	0.000270847922900026	0.000260835731934336	0.000688478922543965	2.05336908946924e-05	0.000290626152290522	0.00033019665900717	6.22994316390242e-05	9.51778956688447e-05	0.000310005666921422	0.00019882531699693	0.000184721111681848	0.000271906440740508	0.000149556072768257	0.000316097103575571	0.000172285806477458	0.00040787526749283	9.71727425463445e-05	0.000130765642627387	7.29881737565991e-05	0.000307880834504033	0.000268289975206306	0.00221578969113621	0.000708023777431976	0.000497560748953587	0.000194054736353977	8.11226285150177e-05	2.46195220233981e-05	0.00272144121480912	0.000346753765690411	9.5388393985806e-05	0.000157525256797358	0.000597728538494454	0.000286827356828901	0.00112528190805279	0.00118995179685392	0.000255700713530529	0.000857420439447514	9.82907581914985e-05	0.000335931549214608	0.000188010299061509	0.000200330740328726	5.9973745708609e-05	0.00184654437627482	0.000105580084198223	0.000187964033079621	0.000274239777513748
G[Ins(C):R4]G	5.31451726655282e-05	4.55840898147609e-05	2.7918102509351e-05	8.86771396764672e-05	2.68552929832977e-05	3.34607230862259e-06	0.000203256899802221	8.54758844849147e-06	2.08696185050338e-05	0.000279893292050931	0.00142147900698112	0.000257580645911826	0.000225370366072879	0.000270791533005721	0.000268861260475746	8.528754882027e-05	0.000632199669748538	3.59988425879178e-05	3.08915023484237e-05	3.15634884333347e-05	0.000184482488028231	0.000207733342965249	6.44297639293155e-05	0.000285426827180868	3.0288216611633e-06	1.99462022103489e-05	0.000848179229725407	2.37179091142708e-05	4.75880291673655e-05	4.62331325058565e-05	1.33092516769918e-05	4.15388624051299e-05	2.84254726111999e-05	0.000158700947034427	9.41571948954665e-05	0.000254867090194338	0.000778820999872405	7.53732273546023e-05	4.16868588330271e-05	0.000128063824755185	0.000191425663847966	9.36822089900708e-05	6.14026053430283e-05	6.73478669169516e-05	0.000216905812942032	0.000569069068991621	0.000218767001907651	4.54009978914978e-05	1.69504771199841e-05	3.3690271951592e-05	0.000122503237920746	0.000389349524250882	0.000148817961105857	2.22213743626553e-07	7.70205363860181e-05	0.000302309677844769	8.90388410954058e-05	1.95048143663061e-05	5.48795120925117e-05	2.30640797889701e-05	3.68522564630087e-05	8.48289731883047e-05	0.000116566556755585	5.89558792917872e-08	5.94352175350876e-05	9.90320521041808e-06	0.000196391048344093	8.97989817599854e-05	0.000238355793552945	0.000140319249954517
G[Ins(C):R4]T	0.000186058178771558	0.000203180531385664	3.3149186174829e-05	0.000258387442576468	4.55813092837484e-05	1.52963305537033e-05	0.000161982144901016	8.64470979674867e-05	0.000138083356529045	9.77724183237042e-05	0.000139306993101788	0.000540560663005021	0.000162967957498018	0.000507052007530145	0.000422788383836343	0.000169183347016472	0.0155988040528669	0.000123236535701941	0.000154128944689245	0.000112426398434725	0.000220674590757271	0.00045552044348898	3.6985141344514e-05	0.00107206803373473	6.16454291036765e-06	0.000176811307386579	0.000226938488116768	1.42442953333266e-05	0.000167611545901721	0.000249005553632148	3.11591953434986e-05	9.6312049614524e-05	3.97065105956206e-05	0.000150616549364302	0.000271988165556696	0.000376661815540721	0.000639414956721935	9.48695379339758e-05	0.000159257533734237	0.000563630061692274	7.97083911760382e-05	0.000349809822512991	0.000112888980242804	8.43557405296858e-05	0.000165075801113643	0.000742447898277726	0.00053762745216316	0.000105443562650347	0.000212745456024851	6.7545357986618e-05	8.92496776782145e-05	0.00174763307774187	0.000181522996887115	4.60779064614306e-05	8.86147427176852e-05	0.000263468512111708	0.000421762173854533	1.1130171078834e-05	0.000766034098718242	0.000207670942110905	0.000169271643362949	0.000157041632866987	7.14386974233412e-05	0.000175113700466431	0.000238094238905596	8.47187495980888e-05	0.000715258194138567	0.000228889109764205	0.000108070636875391	0.000235785719131784
G[Ins(C):R5]A	0.000235190995567718	0.000192493814963181	4.95897348377597e-05	0.000236307571143383	2.88035502905006e-05	3.67271270065479e-05	9.92947227069172e-05	6.26489558875064e-05	1.06956794838298e-05	0.00034845789110564	0.00210003234938512	0.00118039215077997	0.000197191101064615	0.00020943645064516	0.000576647892854757	0.000141803329931449	0.00560033977952256	0.000114793985564725	6.45851237138026e-05	0.000212637599128537	0.00066986482920483	0.000973753528544622	0.000131720947902986	0.000358075915770252	0.000202931051297941	0.000189114439636497	0.000423261653299067	7.08545011626038e-06	0.000306659221777741	0.000243604428596471	0.000117110039328744	0.000127082139271214	7.37896466336577e-05	0.000626048396283451	0.000155454647891018	9.98609926946491e-05	0.00034842283487965	8.680259669499e-05	0.000497233696548688	0.000682988641562288	8.94502246747872e-05	0.000282618993690205	8.24417072624258e-05	0.000629572244249264	0.000547726189515491	0.00068010441999615	0.000254063403293325	0.000399367554241202	0.000244381843248505	0.00021085972839878	4.74246447108914e-05	0.000391714190424444	0.000277902806313133	0.000233110602488542	0.000141904004906679	0.000204331563257436	0.000470116155866491	0.000107357523949724	0.00107881856499264	0.000281132630458275	9.83425046359222e-05	0.000194547687734573	0.000290167422413972	0.000648396760451076	0.000349607324966499	0.000157882133641953	0.000924318738402092	8.54163441685661e-05	0.000134929368687069	0.00016286908836363
G[Ins(C):R5]G	8.64405352395834e-05	7.40904587793464e-05	9.91928741179678e-06	4.16175947338865e-05	2.26101688761054e-05	6.80766378028096e-05	5.22262477680519e-05	3.44018827257673e-05	9.19211833244444e-05	8.98627554792428e-05	0.000626416078112495	0.000166550075151117	8.44612902329137e-05	0.000229811369708009	0.000219521230956718	8.81834606957339e-05	0.000941012996672085	5.88409297603011e-05	1.82385711236329e-05	3.70611075897569e-05	0.000169020850889225	0.000131188980600717	8.27531503830117e-06	0.000412803976813866	2.88628887710855e-06	2.0007038532666e-05	0.000175335302290115	3.60765149345847e-05	4.1384799352836e-05	0.000123777856232368	6.10576139967978e-05	6.12594856947171e-05	8.67508392115028e-05	0.000161761005188682	0.000105070113597132	0.000198131488452048	3.94928425128417e-06	2.68994248112155e-05	0.000113974799345175	8.00882529435749e-05	5.86420173356064e-05	0.000118158860410553	7.7460910818377e-05	0.00011219448267373	1.56047347440311e-06	0.00043342987975738	0.000144239491166768	0.00019231685939663	7.09912809183964e-05	8.23729422514128e-05	2.54328734498382e-05	6.75618906731823e-07	0.000138509277906625	4.15078502245826e-07	7.09404872086853e-05	0.000219243203039723	0.000218535814505373	2.36651210316955e-05	0.000154183987109746	3.50366475232275e-05	0.00013663481374935	5.3292886478101e-05	0.000153204958477156	1.62128668052415e-07	8.23713157629701e-05	3.05909846335607e-05	0.000333703987707207	4.41870868270665e-06	0.000311739052263484	0.000118057456926542
G[Ins(C):R5]T	0.000333928383115591	0.000677286966105214	2.60766672280056e-05	0.000340363830417359	3.69352993810977e-05	0.000205265602456336	0.000169714089544403	9.71827598825691e-05	2.69289225141658e-05	8.26459270782573e-05	0.00033527026305334	0.000330821962429095	0.00018937486149445	0.000105099147722451	0.000294476851566103	0.000169895280989553	0.00324612466050433	4.56005255819068e-05	3.87895103740893e-05	0.000172310167196081	0.000707044366164319	0.000296018428180161	2.43809170617327e-05	0.000143896660921982	7.56849083330688e-05	0.000352017887782262	0.000376818786055079	2.96177460636669e-05	0.00041055295942866	0.000594204646350169	4.66202989654171e-05	0.000376641525204764	0.000267213158092981	0.000550634602354601	5.4189537544079e-05	0.000103424840215263	0.000179046522457753	0.000229611989362259	0.000882046590223653	0.000577447910716355	0.000459558033480199	0.00034967379351201	9.81280406900404e-05	0.00109465331138412	0.000175999115434465	0.00114367443142137	0.00117429633601706	0.000730534058702942	0.00010704260880951	0.000395695881347772	5.62776621602201e-05	0.000587547156389996	0.000190311328436351	5.53731492844508e-05	5.30293466668022e-05	0.000308491472048718	0.0019616831904536	1.91266046694526e-05	0.00056087757764785	0.000403623843683865	0.000366859958388239	6.26917112483002e-05	0.000142417868341733	0.000315325520392124	0.000704728454918937	0.000127609872854244	0.00152140685298579	0.000133769642039327	0.000116334862048215	0.000277614023407082
G[Ins(C):R6]A	0.00048950892206118	0.00103153518184438	2.37459697972946e-05	0.00174098225896882	5.86010084966048e-05	0.00038953858459548	9.45769792476796e-05	8.78459183229477e-05	5.63716854391652e-05	0.000551612083517915	0.00203220669224212	0.000552097018617933	0.000170210411129101	0.000160536644894323	0.000314281707067575	0.000559944099158549	0.00836921280079671	0.000101852326967973	8.37164053207132e-05	0.000371675000723278	0.00234297037421242	0.000539027752143727	2.11222818955394e-05	8.79049376796267e-05	0.000284994301717459	0.000352921645148239	0.000520152411164634	7.30450626328102e-05	0.000543963847410853	0.000787456651226937	0.000103687033363915	0.000404077429850578	0.000168186903688704	0.000815893754824174	0.000532609715680781	0.000433021653519232	0.000328344230835738	0.000305230544089066	0.00128683556644734	0.00227966873199292	0.000506766358278058	0.0012875744755701	0.000228653939488821	0.00215710955211774	0.000170983307838169	0.000905218364050391	0.0021025284610129	0.00059365119127673	0.000429555230835374	0.000272625226976699	4.66112932844513e-05	1.59253028015358e-06	0.00034531030538823	0.000499054333775944	0.000155880221846781	0.000890111894463346	0.00184065428191965	1.35074891733422e-05	0.00156646567265588	0.00051571003407172	0.000765401075085707	0.000170085379187248	0.000236679715510911	0.000142054191153561	0.000970327932365816	0.000536408980285676	0.00206471198708	0.000405006212974941	0.00071783389478364	0.000367864813718737
G[Ins(C):R6]G	0.000312370017995949	0.00031894000069338	4.15319893709809e-05	0.000326124294465356	5.14582225061107e-05	0.000180528567889019	9.8591723403975e-05	0.000255069774182857	8.24705663082444e-05	0.000401794320139922	0.000141370900329887	0.00030585883998939	0.000272433563876273	0.000167694442547707	0.000120550225355324	6.6852205938389e-05	0.00165479814500139	2.54760273838645e-05	7.73062481005105e-05	0.000100738250906223	0.00121113519405829	0.000343780818796897	7.02592636340744e-05	0.000222657279417999	4.12988741798619e-05	0.000105140036064867	0.000841131928974453	0.000124071595023855	6.37039925942002e-05	0.000521208565942874	5.3502433379588e-05	0.000165992343869134	0.000182828250859973	0.000689370766789345	8.37887122709352e-05	0.000132212125791254	0.000310074177523723	0.000134064193399245	0.00042615642770616	0.00181024876494684	0.000310974606587515	9.76613250423679e-05	7.00577598195722e-05	0.00104944296031234	0.000587629725503799	0.00148437999281898	0.0004874288620676	0.000475100633941481	4.88056009304411e-05	0.0005003528243283	5.68094688621232e-05	6.27360413393836e-07	0.000303575778830496	1.03350354347067e-05	8.8545651249761e-05	0.000111648964135136	0.000921633519009121	1.25349499528616e-05	0.000186765394030838	0.000125702171702152	0.000381051022688736	1.58478934406058e-05	0.000200824865393935	5.18811737767727e-05	0.000370947589501503	0.000100934638326872	0.00190946214649178	0.000231071410787092	0.000190730547204427	6.77523885777456e-05
G[Ins(C):R6]T	0.00036681562016066	0.000636091631836186	3.81088298807274e-05	0.000526985554616671	0.00010904554382511	0.000405392593867287	4.10861708855127e-05	0.00013449600855141	0.000422752067580378	5.34948587534381e-05	4.85895021935354e-05	0.000677591239970157	0.000126258408195397	8.80550849933548e-05	7.51297787634956e-05	6.08087964977259e-05	0.0049049903742011	3.47182198612771e-05	0.000128165948133918	0.00021886569138637	0.000962625887617868	0.000268143580541937	2.00961428307901e-05	0.000424843231216408	0.000269386961863465	0.000241901440551861	0.000425418204348539	2.365015979045e-05	0.000518543039262224	0.000670952890808747	0.000104786658146344	0.000371479038515568	9.28542579386362e-05	0.000427496347079253	0.000127996921734223	8.15549165045472e-05	0.000305755801286337	0.000123904753985567	0.00123808344458713	0.00141787712405903	0.000269196603543861	0.000394691895175011	0.000175325849328313	0.00142726002821592	7.80236737201554e-07	0.00135094156619369	0.000992565290597402	0.000506064027091143	0.000144050909267887	0.000101928985737484	0.000468615552618175	1.1582038401117e-06	0.000111864678357769	7.48441044807095e-05	8.42718504481618e-05	0.000269672463284131	0.0018953026308964	2.17200425907343e-05	0.000636401917368969	0.000389743545665704	0.000142630669330188	2.46736764207179e-05	0.00030714633763532	0.00017095731097636	0.000774876263759211	0.000409325977462331	0.00227346757629951	5.76416038772672e-05	0.000394004587174729	4.86488074072516e-05
G[Ins(C):R7]A	0.00104216058624976	0.00210623169610562	8.18877389171169e-05	0.00270006988067171	8.85517559832249e-05	0.000348350027844102	9.68462735698445e-05	0.000113795741795231	0.000167490546240683	0.000564480360109711	0.00381339909886033	0.000783114963370617	0.000260486065544715	0.000183445140849335	7.97234561930734e-05	0.000153301331241054	0.00642175455131674	0.000175796837517512	0.000133664796735774	0.00100711551652041	0.0052451940996546	5.59956950349757e-05	0.000155005845461868	9.90021893521985e-05	0.000177061350992005	0.00115803561832426	0.0010614852344223	9.00275598038948e-05	0.00163027511041006	0.00119194366945179	0.000110863033021666	0.00126349680652784	0.000399156726980673	0.00086006302924345	0.000135328660906295	0.000409941723223269	3.14466372158329e-05	0.000225831061625918	0.00124550106727936	0.00648079227787849	0.00021786778334457	0.00191815672486235	0.000386660407375077	0.00417536152391795	0.000531787067598373	0.00149995726566043	0.00262840977443752	0.00150258412243042	0.000175195139171234	0.000268874285767513	0.000345486659754014	1.78556425350553e-06	0.000217616494564171	4.2635689791291e-05	0.000115494613810114	0.000198437809643634	0.00245319443586022	0.0044951843369749	0.000382308803864438	0.00133722959975963	0.00158142654652753	0.000252579911640526	0.000160168552436779	0.000155186613265807	0.0019341946557804	0.000439487660589233	0.00451720203580779	0.000110088970609149	0.000601192950321618	0.000165739254839973
G[Ins(C):R7]G	0.000345450022818547	0.00041191950867176	4.36080023951728e-05	0.000754558655418651	2.76316290168785e-05	0.000159575781765977	0.000117570609205461	8.17456968703521e-05	6.72333732520123e-06	0.000139113116532888	0.00200279938663915	0.000755631292645738	8.74704787134342e-05	0.000226905729076438	2.61032339218647e-05	0.00017572457494959	0.000976245749975975	8.45181125024715e-05	6.9805000289635e-05	0.000269063756682822	0.0025257097770056	7.74265021236294e-05	9.8935988680134e-05	9.00646512556552e-05	7.22641215157549e-05	0.000192300911007636	0.000311968215210239	5.04450173615829e-05	0.000365914572945931	0.000402825612251902	0.000137690085903352	0.000462731016680139	0.000133006523834553	0.000655642486549793	0.000139091319128266	0.000200189917623437	2.12227892008262e-05	4.13015846618556e-05	0.000467111462619491	0.00279667737107795	7.57516240687032e-05	0.000503321227855473	0.000107127949747411	0.00152359142922813	1.22608630131673e-06	0.00104269725327805	0.0013911222153264	0.000307691435063141	6.65473898203306e-05	0.000170753073681778	0.000271065004234745	1.44775480013962e-06	0.000199117135291908	1.96386636820147e-05	8.30018834663163e-05	0.000950046494182644	0.000438043315163114	2.09095932403337e-05	0.00013840808298638	0.00027770263175027	0.000304270033645914	0.00010674547312721	0.000243413546218059	0.000140373948593745	0.000432031078619328	0.000132250882323954	0.0018539741900744	0.000354145974259705	0.000582009823656209	9.91493351218208e-05
G[Ins(C):R7]T	0.000376504459978838	0.000731582107332196	2.44714852448128e-05	0.000494670468841332	3.244540690663e-05	2.38208481018608e-05	3.05506105421652e-05	4.59836603680553e-05	0.000168972763464052	0.000166781566441122	0.000146024808785403	0.000248419422336866	0.000137389855413594	0.000243063925759323	1.81083501884961e-05	4.81599244797571e-05	0.00320342982074488	9.38389746497166e-05	6.26819145584813e-05	0.00028674478875375	0.00170652943994172	4.59519861438176e-05	4.81071647559908e-06	6.10923233899967e-05	6.53512814890999e-05	0.000235697487593796	0.000315280061464786	4.49403848011415e-06	0.000372090171447256	0.00060590915809223	4.8838507578249e-05	0.000216790302533137	9.17227252532687e-05	0.000254558418605669	9.70729525530069e-05	0.000122472990756474	1.10358503844296e-05	0.00017979610178269	0.000559465834312426	0.00231504242549457	9.04325944393669e-05	0.000443872270049109	0.000246998512184389	0.00144618563132423	2.22924782057587e-06	0.00105459512613267	0.000468799055281311	0.000448672969963994	3.19162413861814e-05	6.46355369273712e-05	2.67467488310107e-05	1.68904726682956e-06	0.000194040558805424	6.70205036201973e-05	7.7125818622855e-05	0.000320146037465484	0.000763068734292918	0.000243188835076853	0.00023916498980913	0.000306854561547205	0.000567865125611342	2.94693786148075e-05	9.24885461693084e-05	9.79257155036585e-05	0.000745705535223594	0.000308758847243432	0.00185287912423454	0.00010146797979146	4.95029442332263e-05	4.720858050156e-05
G[Ins(C):R8]A	0.000613623509821403	0.00094583482127996	5.14931656654288e-05	0.0011622035042667	3.45222294168464e-05	0.00019259832871655	0.00018042042319085	7.76333924757612e-05	4.85100052864167e-05	0.000716646193802966	0.000745488686625081	0.000582052765545579	0.000200009027565442	0.00159732278524364	1.15456611577478e-05	0.000242566075113948	0.000869347703614588	9.06762547587283e-05	0.000214200920959811	0.000963343187311448	0.00455049077695443	3.2429686917222e-05	4.9541552695963e-05	0.000185046097248226	9.31808075757885e-05	0.000676771639738572	0.000459691962099077	3.11816262885307e-05	0.00131292947825028	0.000918353040916465	0.000134542883939846	0.00164522874843863	0.000176107632486276	0.00176293981642936	8.79929686443596e-05	0.000527520331874178	0.0001253067292814	0.000143372202521151	0.000494857527525479	0.00688811483141036	0.000400806863948528	0.00132845922357339	0.000258402630818577	0.00264399200469507	0.000265726340212643	0.000781889690659948	0.0015950394912971	0.00100680075771347	4.14602333427224e-05	0.000179033560563268	0.00012021959737728	4.10197193372893e-06	0.000359921409003891	4.4593686362491e-05	8.36730577261517e-05	0.00120828596173474	0.00024060028783935	0.00239763335822493	7.62727543632616e-05	0.000740023139018469	0.000726637476013959	0.000192213246999546	0.000184747329086142	0.00011008536560759	0.000899446775722586	0.000152021517619236	0.00249749864090547	0.000191375174825307	0.000402145202141977	0.000284712284585133
G[Ins(C):R8]G	0.000113020275064092	0.000106044272560004	1.5805513201939e-05	0.000290786682221013	2.08201456649189e-05	3.84798315491598e-05	2.43430533589578e-05	2.77489566449164e-07	1.80949078628873e-05	0.000100661987231307	4.80768977839423e-05	6.55342554145255e-05	9.79643859993171e-05	9.56380983489193e-05	9.99872696536104e-06	0.000190525307547848	0.000186493635220674	9.99801879896804e-06	3.94032488313428e-05	0.000118282319270636	0.00111540495294937	2.14250414693132e-05	2.76910430770531e-05	8.08743807193638e-05	6.34627221003745e-05	6.97819655341996e-05	0.000476790331134178	1.24207093671497e-07	0.000183755140641761	0.000149022515529308	1.78025460465745e-05	0.000160002948951985	7.01893153620341e-05	0.00056540188564896	3.82557083532882e-05	8.17936092098403e-05	1.39147678760199e-05	5.07106109370233e-05	0.00012178092115526	0.00152640251029416	3.62385290933854e-05	0.000208184352791595	4.47364431067483e-05	0.000425455027439267	3.00948455777742e-06	0.000553457409234403	0.000411816200286697	0.000190830849625019	4.07075221469588e-06	0.000105679926946669	6.76332993832106e-05	7.23877400069811e-07	3.33114289106243e-05	3.85729517238546e-07	1.99575640204009e-05	0.00024727176815799	7.79040375567782e-05	1.03737516851268e-05	4.01416633061299e-05	2.73518840960877e-05	4.55973034673745e-05	1.14937152487144e-05	2.64286654000584e-05	1.47389698229468e-07	0.000120470964693489	3.43636342375295e-05	0.00055883011815303	5.88319498897514e-05	0.000185338787761189	2.64693130596021e-05
G[Ins(C):R8]T	0.000207337934212741	0.000226882469719789	4.06238383951035e-05	0.000433858779105904	1.6434094315962e-05	5.47321827624695e-05	4.52025408724869e-05	2.82038575735216e-07	0.000126735501466933	7.99928204380524e-05	8.75204581431588e-05	0.000169652288425177	0.000215692509900358	0.000105860992522192	2.86807746026893e-05	6.05036819378342e-05	0.000524540783199525	8.13484218812449e-06	0.000121755790913715	0.000180110741502124	0.00113862096386376	5.27381201075909e-05	1.53553067932922e-05	0.000118738295328884	4.78910154423938e-05	0.00012898990229056	0.000340850595337098	1.66381047749955e-05	0.000256418586542693	0.000247219697773577	3.77569440380757e-05	0.000127176968196438	0.000165169483194391	0.000347942951933773	3.33194879206058e-05	8.64469353159997e-05	2.06691512216742e-05	3.31913503571866e-05	0.000215011674579189	0.000888625870738665	6.56550459327449e-05	0.000428541694529182	6.82614070036857e-05	0.000696184521444374	1.22608630131673e-06	0.000513602973863004	0.00106836847507999	0.000213256970949538	2.46239495879075e-05	1.47821183107441e-05	2.35871913667626e-05	5.79101920055849e-07	1.38526753212946e-05	1.32447776625714e-05	2.83439521984428e-05	0.000383337711550304	0.000153087353886923	0.000877230376873536	3.75412395495312e-05	0.000123664730443205	9.55671304369319e-06	3.54252555806309e-05	3.72039728045852e-05	2.84462117582873e-06	0.000259056089713034	3.87477132600726e-05	0.00110142831100885	0.000118727996972481	0.000126435581703888	0.00011676125271142
G[Ins(C):R(9,)]A	0	0	0	0	0	0	0	0	0	0	0	0	0	0	0	0	0	0	0	0	0	0	0	0	0	0	0	0	0	0	0	0	0	0	0	0	0	0	0	0	0	0	0	0	0	0	0	0	0	0	0	0	0	0	0	0	0	0	0	0	0	0	0	0	0	0	0	0	0	0
G[Ins(C):R(9,)]G	0	0	0	0	0	0	0	0	0	0	0	0	0	0	0	0	0	0	0	0	0	0	0	0	0	0	0	0	0	0	0	0	0	0	0	0	0	0	0	0	0	0	0	0	0	0	0	0	0	0	0	0	0	0	0	0	0	0	0	0	0	0	0	0	0	0	0	0	0	0
G[Ins(C):R(9,)]T	0	0	0	0	0	0	0	0	0	0	0	0	0	0	0	0	0	0	0	0	0	0	0	0	0	0	0	0	0	0	0	0	0	0	0	0	0	0	0	0	0	0	0	0	0	0	0	0	0	0	0	0	0	0	0	0	0	0	0	0	0	0	0	0	0	0	0	0	0	0
T[Ins(C):R0]A	2.4998065149908e-05	5.40728033909642e-05	0.00152620803495289	3.04040916621055e-05	0.000215200842990169	0.00145749332976419	0.000466697245145736	0.000169184478862198	0.0001493007764755	0.00107066567743781	0.000471420692159212	0.000679239290772001	0.00027470320603531	0.000301743692660327	0.000270787244768254	0.000303326695628533	0.000124894843107145	0.000260662490713294	7.94574323900756e-05	0.000399256717266804	0.000277753565643379	0.0004210612585639	0.000280650873167843	0.00431680792495409	0.000457637136403767	0.000102075913297498	0.00247032922717028	0.00023776060617217	0.00032093079504814	0.000147025094865192	0.000181400171004925	0.000189009220599508	0.000485496099761133	0.000114612841266458	0.000449292848010028	0.00101851595325029	0.000316976197663818	0.000261764306143046	0.00024549530303663	0.000802734121204976	0.000126889427924881	4.86855292169884e-05	0.000453588158500302	4.396325856322e-05	0.00040739503921024	0.000211995335689972	0.000132520964413988	6.4874524637129e-05	0.000434225900306522	0.00132631007859091	0.000357186407195883	1.10994534677371e-06	0.000516797233854733	0.00014329851565412	0.000409863748006177	0.000555430885679614	0.000124296653075992	1.78839156655051e-05	1.7832987306431e-05	5.36244749847331e-05	0.000228850548927124	0.000263486493907593	0.000661782972147562	0.000119356177626223	0.000116728308136674	2.36278442869252e-06	4.86541911129142e-06	0.000391605802561672	0.00218637611283399	0.00134498675788515
T[Ins(C):R0]G	2.0907397370919e-05	7.16278255738941e-05	0.000255193775332145	8.2870522701211e-05	0.000121103476423116	0.000544652936616627	0.00046003080019101	0.000171131454836628	0.000421246134881435	0.000115206781298955	0.000292805034595469	0.00104898433537407	0.000331316752024763	0.000130718393778867	0.00110709060296446	0.000226025654235605	0.000148656467428373	9.85691130257224e-05	4.54848389986724e-05	0.000135983578049277	0.000111602681038458	0.000612168477224249	0.000186106318334701	0.000746249967546857	9.18267461272684e-05	4.195813554293e-05	0.000272072020795006	3.9503501564521e-05	0.000105392736392291	7.09986597431794e-05	0.000215071440204836	0.000108799122488023	0.000317069173987655	0.000122037067239291	0.000147590571221304	0.000421966163664172	0.00108014769732553	0.000187531129518104	0.000138115953831921	4.69806866818762e-06	2.84068590257637e-05	8.94728076211535e-05	0.00010972268159258	1.57867621981098e-05	0.00229645964236623	7.97432576585636e-05	0.000231844038359388	3.58633404031139e-05	0.000200430264516385	0.000520892069070718	3.16894228839928e-05	2.12337370687144e-06	0.000211299171328838	1.54124098409662e-05	0.000110773363501958	0.000265883621675258	1.64358913254403e-05	2.72851281301513e-05	6.97040416707801e-06	7.00047684936016e-05	0.000340939010680687	0.000174472436826112	0.000234894631780145	0.000124323210456556	8.30823578963591e-05	2.18878722713017e-06	6.37633273844459e-07	4.09406886112004e-06	0.000732143247629178	0.000679457904765099
T[Ins(C):R0]T	0.000388658995451374	0.00262013418675666	0.0277054376787969	0.000544566700458419	0.00149997022355726	0.00941564830549321	0.00134082920850588	0.000483329962138368	0.000428277773389097	0.00262810312005033	0.000723810915935184	0.00118422144529014	0.00140091749646739	0.000265724379221395	0.00141245336362215	0.000645327999945101	0.000676503979135655	0.000358308479891742	0.00106557394935911	0.00257618965343405	0.00232784227878866	0.00387385621307195	0.000853957343185759	0.000505625709230409	0.00168081785596556	0.00311524420497072	0.00231998681114994	0.000907524775687776	0.00251838005596128	0.000490488111678888	0.000139405879744901	0.00246906451921483	0.00158983771181049	0.00180799653476958	0.00114289231169936	0.00268404275196212	0.00222625213256736	0.000822423937763505	0.000637635470771757	0.00271001182199891	0.00059981860542297	0.000521406658418875	0.000784734005873312	0.00251623971821347	0.00138380558462247	0.000911941006082409	0.000436114747747694	0.00121653209763624	0.0031955501386798	0.0105711014292751	0.000424037637899824	0.000188980259911559	0.00132424376245372	0.0026246881146254	0.00282578839698286	0.0003887440118577	0.00033273053043433	0.000560182590996848	8.41480214310097e-05	0.00397121897506514	0.00216988442503987	0.00271420774168373	0.00298063619524025	0.00258668920392716	0.00187568023193814	4.30082054852442e-05	0.00495100058591567	0.00199593972975142	0.00530560312995167	0.00107123048511832
T[Ins(C):R1]A	1.82124134811811e-05	0.000339834923847787	0.000538957444187693	0.000133608293010364	0.000314893268296054	0.000593728663809758	0.000537473873924061	0.00154502551391466	0.000373661033142401	0.0011652765952464	0.000337158805614999	0.000558349917248461	0.000119946762865492	0.000311328763280328	0.000259208800899145	8.30661007087774e-05	0.000494458332704177	0.00120034879303479	0.000423994083908437	0.000395091749195708	0.000160529670273945	0.000444290938886791	9.39634438215637e-05	0.00321840976613289	0.000242448265677119	0.000159603415639634	0.00361045155521797	0.000186784885773991	0.000493826829600323	0.000160577687408632	6.78354736471177e-05	0.000199838683860092	0.000507543842691171	6.01026806707374e-05	0.00131533336519696	0.000577487459280236	3.54697398643373e-05	0.000303080321826796	0.000192081191762062	0.000104352395829862	0.000105168140908063	7.41743649361039e-05	0.00128494568518594	6.52726270394383e-05	0.000376854344068351	0.000489669680490705	6.47169722035054e-05	8.32165472102585e-05	0.000778412744712964	0.000953892765717116	0.000559116540183221	0.0308898272592057	0.00142107093972158	8.34433570878428e-05	0.0011174689518571	0.00116671948887951	0.00018563164231608	7.25082018825009e-05	3.04186154552376e-05	0.000193867736464704	0.000431151763535605	0.000779505928817181	0.00150251616978036	8.01947348066535e-05	0.000483226112223336	1.56158423047036e-05	8.12289344506202e-05	0.000772047602369892	0.000802807081817036	0.000237760887459589
T[Ins(C):R1]G	3.51763544032156e-06	4.39926825863111e-05	4.35560601806853e-05	2.80162256233679e-06	4.26168923911896e-05	1.92797499687302e-05	0.000169902673560096	8.0767659873851e-05	0.00010411093776943	0.000110186687362097	0.00015741002251426	0.000142604866441963	3.2157514185901e-05	0.000321728830662843	0.00023079233690681	0.000133297592463589	1.43389112283273e-06	0.000162814350357936	4.64023469953746e-05	3.68455486761286e-05	1.64848752823928e-05	0.00013412175897192	1.77680208666813e-05	0.000375031964909709	5.63004497016236e-06	1.74539408727606e-05	0.000320902498129481	6.85058579368155e-05	6.85809193748882e-05	4.38374722077738e-05	6.99114894001527e-05	6.17791482049448e-05	9.85462102347269e-05	8.07357518328443e-06	9.34978223131597e-05	7.81706793364314e-05	0.000161957563501261	0.000193808624042181	1.0209395422913e-05	2.65026344281878e-05	1.92107865073368e-05	5.86852674307827e-06	0.000201300385246914	3.65846278876171e-06	0.000546611565605203	4.47029904942357e-07	1.03379274652242e-05	1.82983164033762e-05	1.95141985858969e-05	4.36188996674205e-05	1.87383655552928e-05	0.00445015696316251	0.000315885384603575	5.48406748421758e-06	4.31558468934387e-05	0.000279443686380696	3.74890912934337e-05	0.0014665891444848	5.16702086270508e-06	2.86954940073933e-05	0.000135207852486662	0.000184308088534656	0.00013068226836917	4.46443395937059e-05	0.000101113165457191	2.41969940116619e-06	6.9585196406504e-06	0.000163943109901239	0.000135047092692379	0.000248120233845528
T[Ins(C):R1]T	6.49514460399908e-05	0.000192664193413607	0.00235552078257012	9.44872630629404e-05	0.000648102133206016	0.00197848475505556	0.00109582085531834	0.00149788867969259	0.000244364260313487	0.00160495926449149	0.00137182382719922	0.000526358342859713	0.00043999180888695	0.000532600384302865	0.000887085827015155	0.000362331569201987	0.00137536495455385	0.000598281843257689	0.000219061233590989	0.00098714077579482	0.000334314326000149	0.00167083804741582	0.000237358102805246	0.00240888478594367	0.000181194801729593	0.000347709324243942	0.00217468918419176	0.000264194134016259	0.000381553896219979	3.35019092074739e-05	0.000458571972845069	0.000439820348346015	0.000504217822373576	0.000452374538704688	0.00054335325426956	0.00225403429843545	0.000949747498635928	0.000630635656786544	0.000229702362152336	0.000332733804499876	0.000261092052986078	0.000106672443036439	0.000319469554069748	0.000135247832079877	0.000913880144045077	0.000353050464157168	0.000244528984613458	0.000197420768775597	0.00101322807900334	0.00210436326701683	0.000433766572269934	0.0383359197472838	0.000979214809497273	0.00053550996586713	0.000805458462851048	0.000497401785248989	0.000681403911442712	9.44443643000087e-05	9.91226567708379e-05	0.000457735346669235	0.00082483597538484	0.00154787981630234	0.000884995026244177	0.000259921732827667	0.000285194812497689	2.4834441703367e-05	0.000339900119737826	0.00014942449565806	0.00297441471818477	0.0012871513602866
T[Ins(C):R2]A	2.33998244944263e-05	7.56552821360985e-05	0.000201629623308442	0.000147013303092734	0.000303725402488141	0.000244064107558698	0.00026964580714877	0.00133992888124372	0.000100672193811214	0.000793051881644591	0.000705073875805583	0.000217833538337927	0.000123669996070204	0.000403866330467509	0.000545750187396223	8.9553799771739e-05	0.000247594954903832	0.000766116115205824	0.00022882525450184	0.000235017584354187	7.0501673404225e-05	0.000182145524332092	0.000143100425560099	0.000686834868529734	1.31486493290501e-05	0.00019499190433146	0.000537212270359565	5.59722330299645e-05	0.000166540832515026	0.000134119641726949	0.000381067384731761	0.000179681847514474	3.08599823282026e-05	7.73401965865233e-05	0.000441797778014816	0.000579834210333266	0.000469521915519495	0.000837100287030139	0.000166611912384017	0.000160204141585198	0.000249576496301282	7.56385511120097e-05	0.000843804981551275	5.08385055439644e-05	0.000129519298375458	7.37943212312538e-05	0.000124971847509628	2.20181970734893e-05	0.000538178854827438	0.000420247496535168	0.000216288913938722	0.0194029546069512	0.000816484757028627	0.000111781898468444	0.000485055005527153	0.000264598517503828	7.35278510335167e-05	1.93967544529194e-05	1.75729449307711e-05	0.000213828542360167	0.00010373615638113	0.000570256431222176	0.000732874079009467	0.000417687665812489	0.000217766338706903	1.69248866715979e-05	6.07553617230492e-05	0.000346228369722121	0.000377240688818459	0.000164875118696558
T[Ins(C):R2]G	3.36402361760389e-06	3.21749432588707e-05	1.11591983382714e-05	2.01303067964649e-05	2.70431959723172e-05	0.000299314134845121	6.65167254016298e-05	0.000109474182973481	3.08894069350074e-05	5.96712531778726e-05	9.70980668487141e-05	0.000888008549699783	3.10991978982604e-05	0.000101644270142229	0.000211262036612994	0.000190552071982927	0.000182660171198406	0.000122349261324463	7.63267463202474e-05	1.52058609527785e-05	3.19879695837468e-05	7.28178503974532e-05	8.51437969496321e-06	0.000217878338739127	2.14511840002389e-05	1.33109873229697e-05	0.000737232380198102	3.1452623583814e-05	8.02413335474115e-05	2.48899771229376e-08	3.75957921303058e-05	2.84904022943047e-05	5.76395892152317e-05	1.62499639915571e-05	0.000100031055238769	0.000208771038543429	0.000197685667755869	7.01924904945023e-05	4.90593072092191e-06	0.000100151769726541	5.50127068164646e-05	1.7637713064112e-05	0.000216206484623184	7.75373271919094e-06	3.78972129497898e-06	3.1464027924789e-06	8.92944007205889e-05	3.63829581990696e-05	3.5329175483212e-05	2.14144643578945e-05	1.60793320457772e-05	0.00212969556949872	0.000215674988031818	1.08046191948232e-05	0.000127651422094879	0.00113869092376124	6.01509716692378e-05	1.65331667481709e-05	8.9978890309627e-06	1.01186797418821e-05	0.000147618488055732	0.000143119535606182	0.00018380471061445	1.96028298645192e-06	4.02488197596726e-05	2.17903037470611e-07	6.44286838441097e-05	0.000187010572779532	0.000203933294400043	9.74724995101943e-05
T[Ins(C):R2]T	3.36684736434502e-05	0.000104154400953857	0.000434133028686102	0.000180674850775379	0.000154268353985071	0.00142439111442532	0.000569232469855633	0.00134884266493974	0.000192842389629185	0.000640427311152585	0.000161591795329362	0.000297085393073688	0.000408369828244192	0.00025872603745633	0.000773837950615681	0.000463565368441863	0.00045381190883449	0.000681221583270483	4.46541222989556e-05	0.000371250817767238	0.000267014276179004	0.000417940136627574	5.30686758611767e-05	0.00221710681552761	0.000389257033253504	0.000130624371483478	0.00168919562917935	0.000259237141823369	0.000862843017453519	0.000205373423735638	0.000260175015332419	0.000302625652488912	0.000704430529945104	8.98482857528516e-05	0.000591148692552186	0.00086928338326576	0.000709653161677017	0.000591224535992859	0.000465277385388649	0.000262373317269255	0.000129454504532395	5.66662543059967e-05	0.000637596379772066	0.000123080561029637	0.000109567530381304	0.000249631814994542	0.000261179012021392	6.46705625116137e-05	0.000536993495529836	0.000783941029475481	6.80086923492599e-05	0.0239438857960825	0.000571547368560947	0.000432935263266685	0.000407863385506275	0.00132784496361471	0.000316643726356222	1.94507844096128e-05	0.000129437678108943	0.000202980544305773	0.000538972432888834	0.000531120495197539	0.000265294077492205	0.000353514191203379	0.000219661929292558	7.264952314953e-05	0.000200937650818463	0.000529884331011924	0.00108166581939719	0.000298250417498633
T[Ins(C):R3]A	5.79944870689684e-05	0.000174689871072536	9.75608832498782e-05	0.000382900104890084	0.000119840076062734	0.000167184112848679	0.000795189646702336	0.000394506006818919	6.93321928403027e-05	0.000240479761321041	0.00298604209218734	0.00270711733035934	0.0001832162257483	9.98371034079586e-05	0.0014228536788017	4.9894259872826e-05	0.000579321276708563	0.000514374167560374	0.000103256845899126	0.000263674205936181	0.000249204656117973	0.00134125602718147	8.78912015423481e-05	0.00229271976636494	0.000154648070699397	0.000269148677399392	0.000683087544920284	2.48752933962098e-05	0.000159950764315626	7.11355546173555e-05	0.000337234065818364	0.000214973380325845	0.000318612173104065	0.000160557003527636	0.000534212777463453	0.00045460798193653	0.00113266948694774	0.000449800521427456	0.0002786803555927	0.000476715791330803	0.000149565796657263	8.83374474554914e-05	0.00040215621853434	0.000161517965678007	0.000633440768216633	0.000285084725148047	0.000579365729824572	3.67423200392633e-05	0.000573816834903784	0.00020189725220653	0.000209406709561152	0.00918146790851213	0.000521330328314609	0.000106004341134154	0.000139837841008754	0.000194516026223924	0.000131213618945819	0.000165439727395095	0.000258412353939272	0.000259331397143319	0.000279985509404748	0.000282627029109274	0.000394709702290039	0.000199875169768982	0.00024709203294688	9.92434505733687e-05	0.000234385674509477	0.000151606796680947	0.000323458476992182	0.000559384130170588
T[Ins(C):R3]G	1.90877749709325e-05	2.73415120411037e-05	1.51620999644171e-05	0.000107464490976843	5.70310295751912e-05	2.74855939636856e-06	0.000140685771084466	9.39597868034014e-05	0.000230383987462672	3.10002032558712e-05	0.000189137537550128	0.000502364662068153	8.34412263412119e-05	0.000163477720167743	0.00063409754559692	2.4328871486106e-05	0.000231266153954022	0.000123492461083548	6.8571323996772e-05	3.78961816653408e-05	9.76542303251209e-05	0.000551337349435704	1.15082047799308e-05	0.000491013179077706	9.15773137551726e-06	3.44387661045431e-05	0.000840900869933438	2.36445140134649e-05	7.68288663665901e-05	4.93879371061888e-05	4.15392741086738e-05	5.47352556393045e-05	0.000135612477897823	0.000182123514179767	0.000109207827783351	0.000271367609683014	0.000928783073825373	0.000145623441936682	5.31882396944149e-05	2.48721282433463e-07	6.93116445009028e-06	6.42099728406746e-05	0.000186684605517656	2.72476722571778e-05	0.000322349234855271	0.000236805495414273	0.000238180989089273	3.13470361952742e-05	0.000142614646238364	9.82007775053237e-05	0.000200616257606165	0.00135635321375747	5.70393998343708e-05	3.01875274360601e-07	2.71792674534342e-05	0.00037214844247147	6.97274785264738e-05	0.0002330312032185	5.99471671693955e-05	5.37823307939848e-05	7.67940804305537e-05	7.99299355894452e-05	4.42205890532409e-05	8.10643340262074e-07	4.28660183221963e-05	1.37636664862034e-05	1.3459606715282e-05	5.7172679690531e-05	0.00013553564731442	0.000242266740207396
T[Ins(C):R3]T	5.41150355462163e-05	0.000234690877852092	0.000183846954845368	0.000646708459207944	2.77231081036381e-05	0.00056883229246584	0.00142511683431959	0.000554667525762234	8.50911263591606e-05	0.000456717410988444	9.65449936699426e-05	0.00556173520748378	6.72477120604449e-05	0.000520499454111625	0.000915387551517724	9.18876585105602e-05	0.000693886251114485	0.000312863302012289	9.64127321939967e-05	0.000305980387788914	0.000563472559706817	0.000982057942268062	6.18625773085448e-05	0.00266226054462922	0.000173711830566719	0.000138618264235938	0.000408589404194623	0.000216769607341687	0.000527474861255751	7.1334674434339e-05	0.000179873967643105	0.0002276956289339	2.71567844488183e-05	0.000156963937896469	0.000163669583365997	0.00109654719823412	0.000973738477732514	0.000207821146301671	0.000566341365212282	0.000666103230054861	0.00022108777312847	0.000188120610694252	0.000313191391703114	0.000368454131179212	9.96473775797413e-05	0.000352328338926107	0.000750590414665923	9.34777846201136e-05	0.000493352329748107	0.000228830146737332	6.43486109302795e-05	0.01054158528475	0.000543218149482669	0.00039061821959833	0.000161170654247837	0.0003371625892527	0.000498849275275801	0.00168600479861657	0.000224970481596281	0.000172651426225891	0.000467061440081975	0.000563661753572321	0.000697131164836004	0.000453665491150302	0.000380890439542861	0.000131336990480234	0.00056333513584867	0.00013373357094804	0.00170034667070774	0.000654634565312001
T[Ins(C):R4]A	0.0010008740203983	0.000684236231838559	0.000204260245138935	0.000942505803057968	0.000118903033525387	0.000165471242500217	0.000265969466531745	9.00885799009712e-05	6.36167632269923e-05	0.000782453642819815	0.0034380782439101	0.00263256726761708	0.000301237618018205	0.000988378465078328	0.00169434780078369	0.000367058168436801	0.0409923720503835	0.000313601203598946	0.000267267599687988	0.000716515517276546	0.00204240783161224	0.00140677075974761	0.000182685854785537	0.00141109711381851	0.000217362495683484	0.00110965722289947	0.000895161234731763	0.000113790635134046	0.000359669896161594	0.000759194082203841	0.000131765383411813	0.000558314780148942	0.000205561771175083	0.000318275809881255	0.000522525549674308	0.000852329111307615	0.00174624800464259	0.000833102893965382	0.000539218705867517	0.00376953684946741	7.57243360196871e-05	0.000783779823947432	0.000132113584368377	0.00103310085223152	0.000664873162486753	0.00411442885817369	0.00119398920425477	0.00133838004266732	0.000524784455600261	3.54066117170071e-05	3.18771193670174e-05	0.00214431789298013	0.000446495824052744	0.000133160537690176	0.000346595703806983	0.000399157787039981	0.000886814765215902	6.43496784218023e-05	0.00352913656003159	0.00100728036621236	0.00172362520006259	0.000292251312944425	0.00045798296720235	0.000166565097969122	0.000636055559562836	0.000126024384335335	0.00479364378320519	0.000112487698179761	0.000280241994642557	0.000319195431641405
T[Ins(C):R4]G	6.98263624138839e-05	1.37801124018538e-05	2.21441389247139e-05	0.00014441505238098	3.82802891972379e-05	1.07552324205726e-06	0.000210984653689704	5.76928102703529e-05	2.71660772699048e-05	5.58760337861355e-05	0.000765547706547843	0.000305471063330133	0.00015317534413768	0.000171840295643973	0.000294286302056313	4.18381649142804e-05	0.00116982105155839	2.89932586984018e-05	9.49620776586704e-05	4.03782876547063e-05	0.000161552908417331	0.000178557387229185	2.28840045192488e-05	0.000195752762423006	8.83346929179272e-05	1.01278957475145e-05	0.000418447923277924	2.67892117941478e-05	6.13346074868687e-05	0.000148941623103658	0.000114787555952061	3.05425002361525e-05	0.000344706002606023	0.000134599268839824	8.46840071533335e-05	6.67961447762764e-05	0.000322291122263677	1.8774759484652e-05	8.4132646175368e-05	0.000200690439225756	4.03863125438331e-05	0.00010362839247907	0.000153071033887053	7.10631633486812e-05	0.000195505033864504	0.000670080634050711	0.000303160275157414	2.17559600549695e-06	3.33991467761259e-05	2.12041843204099e-05	4.99272644845532e-05	0.000580887484309354	7.41599574378429e-05	1.82928030838236e-05	4.52154306515612e-05	0.000231695419321515	9.71902082625007e-05	1.24809199961682e-05	0.000391135445477283	1.77508245659381e-05	5.63453327945965e-05	8.24569559424523e-05	7.84022913829643e-05	3.7392766440816e-05	2.75909392717251e-05	4.22650585589452e-05	0.000310028387017504	0.000131893945292383	0.000128442775994439	4.5665480245462e-05
T[Ins(C):R4]T	0.000543088198725712	0.000535455968808863	0.000453051723646676	0.000798830603443763	5.75428179794945e-05	3.3181883727174e-05	0.000782864633587863	0.000165001664823673	0.000219937320472368	0.000465624944601324	0.000454140527720034	0.00169356608722493	0.00015502420994139	0.000264076668375443	0.00108232326453059	0.000247704846648967	0.046607167793471	7.64599483469686e-05	0.000179943156164027	0.000430482130728363	0.0011027284833535	0.000716159109522694	0.000100517493331898	0.00141654234911127	5.4447523508912e-05	0.000589086896464739	0.00223233841492497	2.20411133497056e-05	0.000450694349687269	0.000648091446821329	5.89342006238304e-05	0.00040169532724895	7.74585556437884e-05	0.000341065261546404	9.85973735689823e-05	0.000654767176736514	0.000499233820400652	0.000385986542610291	0.000469370178421021	0.00209251978481077	0.000269578636230086	0.00102828606218975	0.000278461903929309	0.000209708023459668	0.000602677148292686	0.00123008875073831	0.00104616015494035	0.000798875939473831	0.000165308567119185	0.000192804061396383	4.88010855864054e-05	0.00252662167720367	0.000141752694759952	0.000106012726558442	0.000141568417776761	0.000470924207923828	0.000461957591024194	1.8748394972599e-05	0.00168005767917482	0.000561665653579083	0.000606916735213173	0.000166388789934801	9.74608586074826e-05	0.000669222924810899	0.000406986507626063	9.00638785844015e-05	0.00212062965287757	0.000113587866464026	0.000327349255367707	0.000551308572163675
T[Ins(C):R5]A	0.00035635909772846	0.000466178399164608	0.000109586343681376	0.000704644891745479	7.98389910713172e-05	2.71669204104834e-05	0.000302790495595682	0.000137784942265225	2.35020362937369e-05	0.000549443724525876	0.00879762713800049	0.00494875725336241	0.000162100903190071	0.000384164669599781	0.000966061427605287	6.70288512099053e-05	0.0142551895446044	3.37054723395091e-05	9.20421704529494e-05	0.000322444927867382	0.000901859109699336	0.0014952518760201	0.000132018859244365	0.000237063028483635	0.000446875911207634	0.000411400221995931	0.000704537525894498	2.63601327432826e-05	0.000378051627271241	0.000522061047659334	0.000108948169176401	0.000282673646621778	0.000414003807367464	0.000563667582132712	0.000398297335451803	0.000419409079435191	0.000854484857023176	0.000334193605031185	0.000697870903766944	0.00111463060937654	6.64191113051958e-05	0.000371069977162262	0.000207805359837775	0.000748637102448627	0.000239978527884992	0.000947840946140857	0.000855676110037585	0.000233104428258615	0.000398721413882417	0.000270260997366061	0.00023117950159201	0.001161388900672	0.000213516787701075	0.000266170137743172	0.000179568725135091	0.000403345454081367	0.00148214167890913	0.00109232363446984	0.000896845984503436	0.000410779973703278	0.000476461056472895	9.33588411456669e-05	0.000141351531195631	0.000672553931990885	0.000497474347818654	0.000278224777582345	0.001837617510441	0.000350412616311459	0.000424960114371226	0.000321715828726365
T[Ins(C):R5]G	8.92352915141747e-05	4.28894519108558e-05	1.62646153557958e-05	0.000204988306153656	7.04215899505862e-05	4.59288258552601e-05	4.87500157454557e-05	2.34205743092381e-05	7.02452386498979e-05	4.77677426370598e-05	0.00174336759702613	0.000269165473607145	0.000223559752665108	0.000545569463219391	0.000225000041593065	0.000109134660474968	0.00172113755674551	7.55188997647948e-05	4.31290752233562e-05	3.84873794364982e-05	0.000210208541681092	0.00020240975444085	4.55436560530149e-05	0.000130869452436789	2.30546778208547e-05	6.68104491685803e-05	0.000452606151507955	8.24791559748589e-05	3.31437601894353e-05	0.000120137697078139	8.1362754375798e-05	5.28917813329496e-05	9.7140366595331e-05	0.000404990985693676	7.31601101873288e-05	8.0926280270805e-05	0.000310221814318163	0.000177111931710326	0.000110839701812652	6.35621055107737e-07	6.21894637076998e-05	0.000114172246696785	8.47824094164597e-05	0.000139002100152499	1.44901108337431e-06	0.000447184646063299	0.000227823733234023	0.000152976450377588	5.61332765883449e-05	0.000131595520755586	1.81752761062189e-05	1.97859822685748e-06	0.000220706128721866	2.4929866407613e-05	5.65266909717291e-05	5.30216255557411e-05	0.000273666407720704	1.51283878741433e-05	0.000170479975984431	4.49424054758864e-05	0.000113096498608857	8.82343444818551e-05	9.67244379264734e-05	7.86471429752441e-05	5.7181953581288e-05	2.74883055627105e-05	0.000523011762074463	0.000310590131530168	0.000223063445263061	0.000139393389800858
T[Ins(C):R5]T	0.000320186148975407	0.000792653719126487	2.97595377906964e-05	0.000941944777263257	4.98709367304453e-05	3.55321011820399e-05	0.000881327491247782	6.66247900035157e-05	0.000452633566803495	0.000192350231414862	0.000137998502898353	0.00100439001955945	0.000524529603911741	0.000224531608072593	0.0005699417794618	9.13791342440739e-05	0.0109684184602304	5.40470589935449e-05	0.000239909743002538	0.000450863139326023	0.00115255622366181	0.00043688596178047	4.35906817039758e-05	0.000272032007874224	7.45446460606308e-05	0.000570571023787977	0.00112132952604515	6.28996013906429e-05	0.000874586325565658	0.000498925813923564	9.22452479122557e-05	0.000399165291523973	6.45659408044505e-05	0.000714465408151598	0.000341633638401637	0.000261380328766494	0.000840164087962445	0.000249194886072999	0.000864952629037678	0.00110321706608265	6.70740244815823e-05	0.000341787324738642	0.000613853676139869	0.00117315518668811	0.000269181674334536	0.00123476537128232	0.00118203873682168	0.000551659274625989	0.000261943496125733	7.62407216988204e-05	0.000242222311343293	0.000778361239048398	9.49678046752159e-05	0.000140057549166887	0.000207333625030931	0.00038655047197888	0.00225474013517047	0.000171112872847899	0.000944674754133951	0.000782307693194396	0.000399680067430073	0.000249465758305872	0.000145940904879681	0.000345997316593676	0.000908333041416036	0.000207650211714998	0.0023776097238298	0.000275492959707527	0.000267115768050394	0.000645375963775413
T[Ins(C):R6]A	0.000438800831083032	0.00102036028886891	2.54265517692595e-05	0.00173953060472501	5.13889950891035e-05	0.000198772628809842	9.23810231538394e-05	9.89818930552027e-05	6.78618333547207e-05	0.00039667727667343	0.00356195314636519	0.000782048577557659	0.000408038307479389	0.000374473295054235	0.000513811630851951	0.00024889318756644	0.0115853720631422	6.92054098060839e-05	0.000220406498694262	0.000476633698670324	0.00166190080467504	0.00094765256979016	9.68579651260717e-05	0.000350999407457307	0.000309082342222711	0.0006608122445174	0.00107434752103879	7.78326815161479e-05	0.00073456464589916	0.000771925305502224	4.38522779613704e-05	0.000702223363911906	0.000142195940794507	0.000457306887082412	0.000147167120939088	0.000259392798418459	0.000704670419864649	0.000109300559828405	0.00128067378974077	0.00207220754674537	0.00019819310000396	0.000995469869024134	0.00059572684317956	0.00171029968928788	0.000588632887023058	0.00119790259758246	0.00121818282616991	0.000828120223279864	0.00034559737371987	9.86724867786e-05	8.59024237309418e-05	0.000192503129925232	0.000174807236667645	0.000178659849875749	0.000212502324845644	0.000314695423221141	0.00219870263487959	7.75329878549842e-05	0.00163947838357795	0.000700108869358207	0.000697221127782208	0.00014914117146595	0.000284653104354575	0.000444114638705033	0.00102514391966286	0.000460567340251409	0.0027009729632264	0.000267647497352517	0.000308160242502033	0.000321726116061405
T[Ins(C):R6]G	0.000141187337056683	0.000211344196712472	6.89373719566816e-05	0.00025353456945222	3.44604192230899e-05	1.44598124765476e-05	6.69033226337992e-05	6.61721635795535e-05	9.86563783874326e-06	0.000251170220430102	0.00168389199592361	0.000180413090719574	0.000155138967129206	5.98136754401541e-05	6.68459973862508e-05	0.000109910829092236	0.00262805906039514	3.75891649008612e-05	7.08402964751029e-05	6.55125725649465e-05	0.000483829582005051	5.12947933993514e-05	1.85219940146154e-05	8.13568699225191e-05	5.29509292763372e-05	6.59391378411728e-05	0.000608301435311806	5.11507394847164e-06	5.15185834707813e-05	0.000173856490203719	0.000119205014129752	9.13050823626957e-05	0.000315766196956019	0.000239087673666654	2.91999216036246e-05	0.000143867892350715	0.000357613225333573	0.000209422989731953	0.000219592350224691	0.000431973596190828	7.86168692153941e-05	0.000171727509434385	7.13823432090642e-05	0.000399920483562978	2.11778542954707e-06	0.000689320113421115	0.000292027122502557	5.34089394385167e-05	3.33911049898464e-05	0.000511975058832518	6.01254400622251e-05	1.68904726682956e-06	0.000219638387505603	2.78815357569166e-06	0.000163476993248546	0.000662138845845285	0.000516771486530605	1.05898715119003e-05	0.000183160741587748	7.08246397509557e-05	4.32408536757789e-05	0.000121339250519019	8.53717767080354e-05	1.10247494275642e-05	0.000249805498083324	7.91898665577897e-05	0.000737741697838039	9.76624796606388e-05	6.4989537131873e-05	2.37431692738289e-05
T[Ins(C):R6]T	0.000269566911894714	0.000469706803953578	4.69741930050207e-05	0.000615915155900758	4.73194119321795e-05	0.000199808317857749	7.46331718992345e-05	1.65606683058718e-05	9.84429391072674e-05	8.83564908359178e-05	7.36666494944189e-05	0.00120622777070301	0.000201398864617885	0.000552266610528745	0.000231767622569825	5.61303732460523e-05	0.00731480535308428	6.17188455301236e-05	0.000110448124792197	0.000250721022316708	0.00111566688683875	0.000397345344343293	7.11235743158525e-05	0.00014226538790179	7.02686625389885e-05	0.000458253653607973	0.0005558895428416	2.86579639762053e-05	0.000287773219202102	0.000396080428451586	0.000235063756292283	0.000349979424588778	0.000257989452263773	0.00054999337000928	9.70124596555475e-05	0.000318496420860785	0.000174691237021757	0.000255515673662759	0.00106571632434082	0.00145819760751129	4.65261235724564e-05	0.00016006329037395	0.00013705809085655	0.00101061908689179	0.000208211746441786	0.000593776067968628	0.000669110205912905	0.000296250131069947	8.25537612310984e-05	4.55114200047822e-05	2.36497568611042e-05	1.59253028015358e-06	0.000146811795940114	0.000126783422519308	9.16909580752644e-05	0.000247426866937301	0.00194658246787827	0.000159658522028905	0.00073741252407041	0.00045417686067463	0.000307045407844904	8.10854132973258e-05	0.000200011856962101	9.1425829811739e-05	0.000588798846283775	0.000407730732090998	0.00132863368039112	0.000310536024893237	0.000205387185865632	7.7484207526204e-05
T[Ins(C):R7]A	0.000870949667843085	0.00196766205652346	6.79957098746833e-05	0.00347453443256894	9.99841694204159e-05	0.000218849062661577	0.000245043974612723	0.000104308782929169	6.53005619927393e-05	0.00046824258190142	0.00259851315853496	0.00130763136709886	0.000116083270875671	0.000282254639643689	0.000114567380531789	0.000463816954131598	0.00768223263753913	9.78859814623666e-05	0.000272382086831767	0.00111813991515765	0.0049939523893322	0.000150949679953738	7.95496839837405e-05	0.000134775317414713	0.000100129280798457	0.00133371401819747	0.001201892111679	0.000132709633811009	0.00225271188732321	0.00102466435570281	0.00020488095191939	0.00146453033484575	9.96434540508407e-05	0.000810493333890583	0.000126133740492475	0.000180815632494796	0.000309705085537621	0.000309199075110034	0.00111070994310729	0.00655496649143976	0.000740379345904919	0.0020477795096626	0.000297740942988697	0.00401195668129341	0.000470148365359451	0.00122247204889641	0.00304546396842121	0.0017139228781519	0.000325217878930296	6.6630355661347e-05	0.000325590832553402	2.07511521353346e-06	0.000399677730885997	9.42144345855148e-05	0.000149671859943304	0.000413936485011431	0.00305703979815588	0.00349265849052944	0.00136653114075525	0.00154677033781268	0.00123619356067104	0.00014698052209349	0.000117432587476452	0.000164133167948336	0.00202941403721394	0.000461421064838514	0.00532852106881032	0.000186325222045071	0.000282260961333639	0.000166767988344038
T[Ins(C):R7]G	0.000259977467961824	0.000550052931086519	4.10242961132487e-05	0.00105073819809132	2.55276100214093e-05	4.98724110761367e-05	0.000139904195108319	1.75569013395172e-05	3.36996907905148e-05	0.000477568653727595	0.000187154567860386	0.000327235028330963	0.000193620877443659	0.000129371877388627	5.24912676486853e-05	7.78898589646488e-05	0.00111237761739267	3.58654028947841e-05	5.45049345067913e-05	0.000200511976807498	0.00172807774227987	7.56160976507111e-05	2.32628300521133e-05	0.0001022187840399	0.000158710255044957	0.000243287156782416	0.000614809598300391	2.51914569073736e-05	0.000234403337746584	0.000400853081564909	9.38378079419812e-05	0.000424829791846602	0.000413900940759704	0.000475269509616536	4.30709429910518e-05	0.000402187755242411	0.000171996865523217	0.000200634497398245	0.000285745618619885	0.00164482147643054	8.7812941733821e-05	0.0010532704124013	7.96110907040593e-05	0.00114356109688554	2.89802216674863e-06	0.00115610530147035	0.00139981170724229	0.000389718203207893	7.63631941531196e-05	7.34502487689567e-05	3.14391609066266e-05	1.88208124018151e-06	0.000216893016882448	2.44057773896258e-05	0.000102607410007294	0.00010112440411049	0.00017694044950878	0.000169437944190405	8.21120799045019e-05	0.000243753843253592	0.00031374819836322	0.000167591238281213	8.25792694856485e-05	7.14250477620002e-05	0.000457724861995253	0.000109045834975405	0.00125570784009339	6.11404997321451e-05	0.000141710271392975	0.000173897111527211
T[Ins(C):R7]T	0.000336568398068768	0.000880466289133074	5.27615610321062e-05	0.00100799153894558	3.97637338473924e-05	5.56882034220759e-05	8.06846234250077e-05	3.24731027884813e-05	2.14506476565944e-05	0.000256533184654688	7.12924817026193e-05	0.000338529023531839	0.000133959890577746	0.000210499489900613	4.15684780068125e-05	0.000182265802882708	0.00493943302423323	4.89534468265408e-05	5.33084544840649e-05	0.000479334831008926	0.00173674228921042	6.85378389736856e-05	2.00556857350472e-05	0.000139209622948473	0.000110391641250399	0.000377986209942862	0.000798308986706365	9.32964646782492e-05	0.00042043806172776	0.000296234285222922	6.58447736099608e-05	0.000653678540511226	0.000140378630724068	0.000526370586857385	8.18105945240148e-05	0.00022587656132473	0.000173177959878741	3.29315919630868e-05	0.000566440748707549	0.00230846512935911	5.1956445326661e-05	0.000527201279641735	0.000198134086596689	0.00126482135752184	2.00632303851828e-06	0.000855804366096379	0.000641752250430682	0.000448036802382029	0.00011230193703632	4.15501987581122e-05	6.50055486208657e-05	2.46118316023736e-06	4.29210998569847e-05	4.71093136488293e-05	5.64674697135083e-05	0.000759718135000105	0.000939951602400076	0.000169167794406938	0.000428771822481324	0.000460626922461963	0.000807070962233755	6.39834038079228e-05	6.81748809651084e-05	9.088048792829e-05	0.000820411135878718	0.000194449190385248	0.00142280934261936	0.000201024191744687	0.000188776328716267	0.000186324212256321
T[Ins(C):R8]A	0.000590436407581475	0.00110446199205805	8.23501921815858e-05	0.00229241801900123	3.94546828786102e-05	0.000409933692000417	0.000239201013193188	1.32239699945528e-05	3.45178746978144e-05	0.000892328199988946	0.00014474329776142	0.00191018782350268	0.000218064158448564	0.000730201664570648	2.30421482484529e-05	0.000345480680876737	0.000884944927460911	8.18174524444236e-05	0.000327252784661567	0.000991425948300325	0.00406695139508581	4.80583590762151e-05	8.60522426449478e-05	0.000108491143680919	7.34043837881929e-05	0.000973796871941908	0.000666566823487721	0.000116890166698849	0.00102264180954652	0.000677922084403169	0.000227413780435209	0.000951521022011838	0.000146070583020159	0.0025800970965922	0.000223557551850746	0.000234268618715777	2.52828010479407e-05	8.52729083741806e-05	0.000609844231549739	0.00511655604373095	0.000396959249037257	0.00171445061815814	0.000656331069493306	0.00248009514510426	0.000219246523153637	0.000605244104376187	0.00328484055649351	0.00104431036384396	0.00013002764235365	9.5143192095412e-05	0.000102888955444671	4.77759084046075e-06	0.000183267032458031	3.06193767868815e-05	0.000117666059944876	0.000577831580805755	0.000352203840695323	0.00261456363434881	0.000446628065609968	0.000959122107506135	0.000660303414380544	0.000217464662274204	0.000160056616493265	6.25227099889403e-05	0.00107569130619435	0.000223148971790613	0.00229288766796595	0.000156620678369896	0.000575517344763314	0.000417357182599323
T[Ins(C):R8]G	0.000103998968975518	8.13333554591703e-05	2.53176406743664e-05	0.000346096812757059	2.58564402521936e-05	0.000111734914591504	6.80767342869962e-05	2.27450464302594e-09	6.18381025589496e-05	8.6836038456549e-05	0.000165139557427335	0.000131456287488309	0.000112895571214103	0.0001350591374053	6.44385170206157e-06	5.43050387737174e-05	0.000247975374997644	1.8450527122239e-05	7.00591748022349e-05	8.53214542872932e-05	0.000751531670195723	2.8247691022243e-05	0.000124964612913937	0.000161243296559232	2.42305732893064e-06	7.00570809029e-05	0.00069452496745052	2.58745959225668e-05	0.000140297992798548	0.000198111772910021	7.9040270999115e-05	0.000222453485947516	0.000206178970821647	0.000368551672500488	6.76734043877664e-05	0.000133015645789271	3.05239072505795e-05	9.29646430439112e-05	0.000175466078326012	0.000866738397884521	0.000192871930445819	0.000413106151748656	0.000131542017563323	0.000264088076869717	2.56363499366225e-06	0.000356368801528471	0.000462064491956609	0.000155336583544266	1.83384894318303e-05	4.64321055743095e-06	1.55788080910448e-05	1.68904726682956e-06	8.46346560471327e-05	5.03125457267668e-07	2.34614884651301e-05	0.000408020574429157	9.93459119857192e-05	1.08059913386738e-05	8.08562655049738e-05	5.27348534860817e-05	0.000172806318050343	1.51104544156576e-05	0.0002357960106937	3.38996305927776e-07	0.00011744913345847	1.42092294135687e-05	0.000221785486554594	5.8976234254901e-06	0.000134117073050424	0.000130340534965083
T[Ins(C):R8]T	0.000181832724148126	0.000489491246285703	0.000137988681674174	0.000634926917519019	3.84978610792605e-05	3.42574069692313e-05	3.08345342546798e-05	3.13881640737579e-07	0.000246546084066286	0.000300058794214628	0.000123928860813995	0.000499795641700571	0.000180984835985202	0.000370540049809059	4.53139027799026e-05	5.73668901466663e-05	0.000559451642577881	5.38050750724145e-05	0.00022523581443366	0.000427753258904897	0.00144541904056424	4.46335811879557e-05	1.34317557866115e-05	0.000117061070956011	4.47552941931894e-05	0.000230382420900697	0.000221239031771735	3.65789890862558e-05	0.000402229026325644	0.000233293755573294	7.74003133494572e-05	0.000606806499351497	0.000187971581248007	0.000407999637035436	0.000100182287482417	5.3105581986545e-05	3.4288645508813e-05	7.36703667710597e-05	0.000201215438463447	0.000848029030305914	6.10706536980396e-05	0.000376269069845398	0.000161463086183492	0.000688305754710654	0.000284674946687538	0.000397839421940816	0.000832219728141997	0.000290519766591183	5.65434076886007e-05	1.24974541196948e-05	2.34933431252503e-05	4.82584933379874e-07	4.48346458992223e-05	1.11106871813277e-05	8.71901424504855e-05	0.000153503477580516	0.000225607530392058	3.9117688645999e-05	6.9687128345534e-05	0.000252187504008344	0.000232372132226786	7.05217166915396e-05	0.000145893773956096	9.90458772102025e-06	0.000461150151920159	7.38626251342545e-05	0.00111883847170338	8.17911994941823e-05	0.000118371487340093	6.19914809549795e-05
T[Ins(C):R(9,)]A	0	0	0	0	0	0	0	0	0	0	0	0	0	0	0	0	0	0	0	0	0	0	0	0	0	0	0	0	0	0	0	0	0	0	0	0	0	0	0	0	0	0	0	0	0	0	0	0	0	0	0	0	0	0	0	0	0	0	0	0	0	0	0	0	0	0	0	0	0	0
T[Ins(C):R(9,)]G	0	0	0	0	0	0	0	0	0	0	0	0	0	0	0	0	0	0	0	0	0	0	0	0	0	0	0	0	0	0	0	0	0	0	0	0	0	0	0	0	0	0	0	0	0	0	0	0	0	0	0	0	0	0	0	0	0	0	0	0	0	0	0	0	0	0	0	0	0	0
T[Ins(C):R(9,)]T	0	0	0	0	0	0	0	0	0	0	0	0	0	0	0	0	0	0	0	0	0	0	0	0	0	0	0	0	0	0	0	0	0	0	0	0	0	0	0	0	0	0	0	0	0	0	0	0	0	0	0	0	0	0	0	0	0	0	0	0	0	0	0	0	0	0	0	0	0	0
A[Ins(T):R0]A	0.000769626481279465	0.00282109617321336	0.0354818456808034	0.000228695152391402	0.00148200076402839	0.0227494676159952	0.00179861271584322	0.00238105608753313	0.00121343788095206	0.00583451254898514	0.000997420264350364	0.00227300136032052	0.00101538434859867	0.000704210354774823	0.00218067932383658	0.00108611683413539	0.000531973606570944	0.000994334835752746	0.00193403246450782	0.0075272305780081	0.00552207894930516	0.00126273790112937	0.00234564356448316	0.000751235689312795	0.00611472770234052	0.003390600891083	0.00129816671210186	0.00288726164171776	0.00541328510913923	0.00129770740474144	0.00175821471138892	0.00443876371135697	0.00412231072827055	0.0013969909520141	0.00201372991565481	0.00941452477205242	0.00122741539977995	0.00123646438693657	0.00267172650327068	0.00598619618991053	0.000686812905686308	0.000655473414282649	0.00259547578926481	0.00287356582209957	0.00209292931634765	0.00265286458396466	0.000820299633893233	0.000730835145650131	0.00232547068052378	0.0229044234548468	0.000327999604085552	0.000188787225938207	0.00234243200010988	0.00522237516304409	0.00381553683527716	0.00114356545682529	0.00125168291543043	0.000374211480058272	0.000145016964826322	0.00405646723050331	0.00319064610920815	0.00361529247127644	0.0029130563421854	0.00576822849093864	0.00333235667893913	0.000434448246312208	0.00245544256801755	0.00239250530736511	0.0147636615544331	0.00871826955091308
A[Ins(T):R0]C	1.76341101485969e-05	8.47070904491717e-05	0.00122207464024173	1.28124265867067e-05	0.000100953353258517	0.000715023784997327	0.000921929629826351	0.00111638829042249	0.0002349017855595	0.000754201131111108	0.000698936112480192	0.000840312020611105	0.000463555284785263	0.000244924244456365	0.00130232394264098	0.00037053754499697	0.000117023073473635	0.000244424672532421	0.000281532369285363	0.000365530126920037	0.000115177419082662	0.00139163985272502	0.000503654062819983	0.00102064847008418	1.52866410898712e-05	3.19167625649331e-05	0.000249466744615718	0.000191222466484254	0.000217831457651866	0.000166924631574981	0.000190936572135305	0.000106898750826534	0.00123642233641406	0.00015321935744953	0.000376386807992029	0.000772709732680642	0.000469374278725054	0.000334713121819385	0.000272446299980479	3.19468669436758e-05	8.11819458229078e-05	2.68544812013978e-05	0.000793180493103566	2.77510559520363e-05	0.000298161896002022	0.000112135732309002	6.81022016565943e-05	4.59060469642025e-05	0.000537619146502383	0.000655198497336579	8.11474461609844e-05	1.97859822685748e-06	0.00063643492846444	0.000108519968420492	0.00100575462836341	0.000289813147626032	9.45090742494828e-05	0.000123836660741201	2.07843625618878e-05	3.02287756274899e-05	0.000308302181067088	0.00102225018874916	0.000650978207915795	0.000179329045835794	0.000174982107839785	6.43627031573641e-06	7.00564905654325e-05	0.00022409165462298	0.00160263574629971	0.000256905617970246
A[Ins(T):R0]G	0.00023645904610427	0.000586238413898332	0.00135398273171026	7.18498722463618e-05	0.000686676638925535	0.00199868069148974	0.000489933938945965	0.00086706618947256	0.000509776005198812	0.000658010645356296	0.0171864927281197	0.00200485380044393	0.000355670777439145	0.000185571219360241	0.00299197562002208	0.000641099219202741	7.17823453940549e-05	0.000333951752620431	0.000189031444834063	0.000624935919622818	0.000356198054470019	0.00136084567982739	0.000912318542753654	0.000604765752640652	0.00382935704280676	0.00048232185463487	0.00130814076070567	0.000668561619017786	0.000592995612693181	0.000546832797390938	0.00064769795589896	0.000425880496338084	0.0020317869476196	0.000411024522107458	0.00085266553755867	0.00164886321192944	0.00340679285011245	0.00106769358588122	0.00603490012256876	0.000117147724026161	5.34027119245145e-05	6.87267783299174e-05	0.000747337206342584	0.000309983679293845	0.00147475889570197	0.000392732964949743	0.000252216161446574	0.000276499798582545	0.00105392434264951	0.00145987768510345	0.000557708816560536	2.02685672019547e-06	0.000443072411544303	0.00304892769290564	0.000638474255087871	0.00140840770098232	0.000788940777809141	5.24090579925677e-05	0.000301021248565687	0.000646942053851459	0.000429973538639807	0.000778951675282507	0.000646577357926084	0.00884597595245692	0.000957834018115563	0.000575660797587659	0.000776470988427635	0.000399938224649061	0.00463962665950748	0.00119607758317169
A[Ins(T):R1]A	6.20192674239976e-05	0.0012868551441339	0.0105059965066515	0.000128885157101143	0.00127239497977705	0.00395139272293008	0.00333900048206579	0.00646789967714999	0.00108250474030855	0.00683442162214946	0.0029151003398176	0.00185589909120662	0.000785079423449688	0.000397700702785882	0.00179895948165878	0.00095073696862272	0.000550145981821538	0.00123534783374281	0.00157569599676878	0.00240274794641791	0.000297098985127724	0.00127180914222509	0.000481946991995071	0.00749783626568061	0.00015767689236056	0.000314442671282707	0.00229018019485902	0.00113128950071396	0.002049455947387	0.000469729870758358	0.00131708506267894	0.00287828546996955	0.000935777530798862	0.000782200647666855	0.0020310066871692	0.0069705170764389	0.00114603061684461	0.00191698808641215	0.000626621972523499	0.000366394084722538	0.00106456136821623	0.000126628004589696	0.000852777673141738	0.000348440569762662	0.000786813018272253	0.000606069390354542	0.000230402692703179	0.000122367562827036	0.00687434247339709	0.00345812341536587	0.000655217139491834	0.0292292525034455	0.00560848112265422	0.000293129276828431	0.00176847508319847	0.00111768611764889	0.00132749962717842	0.00356414012323477	8.99746619783155e-05	0.000773017450528974	0.00225597339075949	0.00329893582663754	0.00542808025196804	0.000796243366745055	0.00188514879300555	6.31365920360743e-05	0.000132447520251822	0.00336303408954392	0.00144041206698131	0.0044986310386078
A[Ins(T):R1]C	1.31266573506166e-05	0.000263823176159378	0.00201868054828493	2.41696925183823e-05	0.000438889461786971	0.00181233633125478	0.000584143179363044	0.00185586614194451	0.000107431104349776	0.00107064676045641	0.00615217020721858	0.00189598550335737	0.000155483238692656	0.000397877875995124	0.000804311529745971	0.000455755506286037	0.000130249987504663	0.000505351055176166	0.000586281410514304	0.000429020606619607	3.58849428443765e-05	0.000495228263887031	0.000494485013757546	0.000821610185944446	0.000282642510780556	0.000289251702129492	0.000772468883952869	0.000537353761884805	0.000261378407262996	0.000163850719400298	0.000277162322316158	0.000391252766003281	0.000905706192463492	0.000127883915755068	0.000776051282926413	0.00126205104817848	0.000701680774777228	0.000345897163787567	0.000549653972870583	0.000130855030258049	6.44270837270203e-05	2.31806270804344e-05	0.000377433686093478	5.14165848838663e-05	0.000223482094012731	9.47187594741326e-05	0.000198207117317358	3.42025059524889e-05	0.00151142317244898	0.00172732547656262	0.000371889298366146	0.0325451900976853	0.000859954581504117	0.000119798364087576	0.00124511708388208	0.00057289057683629	0.000148887510406129	0.00015301283735562	4.79725328951068e-05	0.000333696167562223	0.000753933019433275	0.0013065963432287	0.00101557714140073	0.000295088914825218	0.000337025362020587	6.34699511605629e-05	1.13110598142843e-05	0.000774392223303573	0.00233063510894194	0.00046467892378633
A[Ins(T):R1]G	8.48788150419537e-05	0.000239072383250997	0.00290070459027508	0.000122237001433821	0.000920356257441128	0.00303405106584353	0.000877065492493134	0.00473157467572899	0.000710456359505171	0.000717915996178893	0.000805881579828984	0.00403786988076643	0.000336672087456198	0.0015972164813181	0.0106026500740688	0.000305708730350495	0.000105142261313021	0.00116927626508816	0.000244987033876181	0.000707737126129058	0.000233660104654272	0.00175825252411031	0.00076368285091238	0.00188795727627033	0.000578754369654286	0.000228616139676092	0.00128776905525619	0.000776949245577122	0.00030253524828189	0.000531948591071421	0.000765471561906757	0.00100874079549201	0.00160362183725042	0.000204434070802208	0.00139452461726098	0.000969683207017902	0.0113899203266966	0.000826854261485095	0.000832734306844662	0.000107392322615159	0.00036066614384584	3.59063007863137e-05	0.00137642359146161	0.000444655055852191	0.00115196381128258	0.000371928880912041	0.000122232738523115	0.000131341896349711	0.00533994713426201	0.00144579460583624	0.000293619864944873	0.0444187580570571	0.00173024405916695	0.000416864597619126	0.00192675705607309	0.00079286495983562	0.00129516047249254	0.00163975515568705	0.000376598442428199	0.000554062877277678	0.000533277679225811	0.00180734092648777	0.00217624093969117	0.00165866470799514	0.000860457247974606	0.000147105690139581	0.000681727000890094	0.00127812501313213	0.000915833899316015	0.000475532062254219
A[Ins(T):R2]A	0.000205367711986561	0.000733246016028912	0.00371966575721155	0.000214816776794744	0.000503444028146196	0.0023261576015991	0.00146388027874515	0.00983517415438523	0.000392787564192753	0.00309009600422443	0.00206232894610058	0.000751220333146683	0.000375855291696195	0.00231880752791957	0.000897547609778503	0.000846676845038583	0.000598517859904038	0.00142576328838869	0.000748134780635245	0.00186621660924379	0.00112437289093164	0.000421484070648871	0.000273592948919621	0.0173078986469394	0.000304592559524987	0.000641329074315797	0.00127151790270481	0.000204354543751523	0.00120141640598307	0.000772559999918859	0.000915712537568183	0.00212800280675412	0.000763990295838535	0.000506930694869483	0.0020865028712984	0.00326217066394666	0.000981083408255931	0.000689196743634137	0.000499826702288843	0.00180615868163571	0.000340718580015068	0.000187328000767281	0.00170530131659234	0.000845455648971986	0.000474606861000602	0.000684901394745339	0.000598177775716819	0.000159003045562458	0.00320428030186485	0.00117105521199618	0.000504309167140027	0.0167705503123507	0.00190387171265787	0.000553702143859501	0.000518353802996734	0.0020652288743941	0.000760391199117502	0.00149355009287479	0.000233596277471828	0.000914605545608695	0.00120133119514316	0.00170468189891282	0.00252776104188138	0.000511678076373421	0.00122768566057147	3.62759773126447e-05	0.00106698225262833	0.00184431489752483	0.00259254747595759	0.00154760610884587
A[Ins(T):R2]C	0.000101138325276967	0.000381651354028298	0.000985568333237924	6.48089985227419e-05	0.000102263729366153	0.0051028797732319	0.000628737012940435	0.00414914454629398	0.000384083984657131	0.00128098704117491	0.00220770625457913	0.000454280356320217	0.000318438445392027	0.00238845431647267	0.00040811197374354	0.00038057956103832	0.000237206560034329	0.000384088231950276	0.000390474045137029	0.000476254592377187	0.000264813277741666	0.000376940817497249	0.00033621685521169	0.000607155222980088	7.26917198679191e-05	0.000114066076467051	0.000630868201650925	0.000309253080134087	0.000506654666755759	0.000303551938497066	0.000179655938591416	0.000570251845256142	0.000761178608559743	0.000119934799170453	0.000830186376862778	0.000955437270111895	1.52804082245948e-05	0.000662513784151338	0.000283414623912706	0.000309657996629661	9.31886873899933e-05	5.48357538124904e-05	0.000827420066473038	0.00021254321033458	0.000817019326241056	0.000401432854638237	0.000232117397018324	0.000253889140096844	0.00231100672372142	0.00172284708008862	0.000312014120281287	0.020472218043841	0.00122550653420489	0.000329148866856652	0.000156965944914162	0.000890887388359899	0.000195427678266999	0.00245863317933175	0.000545310975924406	0.000161703085719104	0.00110970457241328	0.000644413675336072	0.00137421401305221	0.000257769843233517	0.000582593174213724	7.84532241997734e-05	0.00050221937270997	0.000639215808704037	0.0017596501383831	0.000829848455724416
A[Ins(T):R2]G	0.000549767301017406	0.00126384801153733	0.0010127994580718	0.000189570616032761	0.000551349400715187	0.00102369895546776	0.000188187989259424	0.00727695462570217	0.000103352042551065	0.000293761804033821	0.000588523820571783	0.00259611626164687	0.000281958410465039	0.00133813609744328	0.0175563630902633	0.000495029638319824	0.000227432689931755	0.000707342901110695	0.000159522403859049	0.000759493225825354	0.000675759283924003	0.00121567891607217	0.000181196298078643	0.0035570023083662	0.000284958668521446	0.00063829469375045	0.00380866170256856	0.00056969841823226	0.00101118863022303	0.00103334473522444	0.000975680006306538	0.000376668077303827	0.000470306130681807	0.000454287413253811	0.00129249729640606	0.000770722202332608	0.0161102377369464	0.000809984396890507	0.00105014022017347	0.000497580743357166	0.000110707614858332	0.000195691106591328	0.00106107294738385	0.00109495534160103	0.000853690452889529	0.00120808112464884	0.00181515119691083	0.000882213892711182	0.00318882398863561	0.000542226968009024	6.61630102661843e-05	0.0189553570812414	0.000895502849623932	0.000545379610253865	0.000331612725477127	0.000950378848709738	0.00295644868836009	0.00292820753295382	0.00186693723815107	0.000629642770321288	0.00136727762602241	0.00123740389560761	0.0010078771267601	0.00289265547848172	0.00142279687422153	0.000123394912607052	0.00143321939889452	0.00129497021276335	0.00175800200230874	0.000332003163767018
A[Ins(T):R3]A	0.000217015479043955	0.00137442120914838	0.00128367978217915	0.00013066641399935	0.000194086480802969	0.002532897069239	0.000635154107918856	0.0046751328430123	0.000180000459605917	0.00170813248100257	0.000677069487534128	0.00213626161584983	0.000788879161446277	0.000444368126100268	0.000770223656688038	0.000305077089682649	0.000374889370910411	0.000704756760192277	0.0011864866248164	0.00212002191553378	0.00115290860954176	0.000482249854751557	0.000396280930718577	0.00300151938147641	0.000797078961630139	0.000882112478455298	0.00154782600591842	0.000229320169579493	0.00244421070349068	0.00041500925605358	0.000494300298750042	0.00193402834362988	0.000581402067063336	0.000620661503458411	0.00113686721911241	0.00212155748370368	0.000801889249003738	0.000595900187086654	0.000920652560703394	0.00143445854288792	0.000566963794407582	0.000395040000886181	0.000305234818877193	0.000999526783602829	0.000885680159114792	0.00062885072204872	0.000645568226861489	0.000259391261244675	0.00187687893320751	0.00204030173775934	0.000367540996509408	0.0154548307499838	0.00141346044381843	0.000907571241516571	0.000316633037217172	0.00215465439915087	0.00151360271722028	0.0013720907502281	0.000339976864938929	0.000933078346356483	0.00119085808495829	0.000982625758083795	0.00108940184183054	0.00175392266996085	0.00142647848368268	0.000118700240449009	0.000746557670928584	0.00165212812314555	0.00169232966594607	0.00153454119334424
A[Ins(T):R3]C	0.000131786895905666	0.000502696180372642	0.000522206917793143	0.00010577089435906	0.000141186844578458	0.00390199832218374	0.000162303785416669	0.00296242629780449	6.65219089847953e-05	0.000437190356946721	0.000111842188419379	0.000746324652823557	0.00038100661434929	0.00282465475762687	0.000364316320283582	0.000147156216947094	0.000207797160474188	0.000376206327687942	0.000839433025685463	0.000383057436012345	0.00041765641323316	0.000277026478072541	0.000166885519939074	0.000214730671080447	0.000713911082134196	0.000304449291403427	0.00155448820826769	0.000226694883281437	0.000601464610190524	0.000333189678756204	0.000726406443558549	0.000408701288244501	0.000397545150125756	0.000421733372836493	0.000721535083736053	0.000544554955832125	0.000167715398484442	0.000297740843725858	0.000442590843878088	0.000383528217512399	0.000296211772069803	9.3389800192688e-05	0.000609208561787678	0.000538130160350668	0.000133420482061466	0.000467696441317	0.000285102036476173	0.00032097811066814	0.00152990641403384	0.00205374829366985	9.00317463574838e-05	0.0134513311405639	0.00101920355295346	0.000360971552028832	0.000120143482580445	0.00041098960820453	0.00170388045887972	0.00167984538355353	0.000118737885725084	0.000340126650334456	0.000702352951772794	0.000567889111040177	0.00114812108125149	0.00106766149603462	0.000708217531232254	9.25909033622323e-05	0.000707897688303537	0.00117683738879711	0.00290549319927551	0.000220858795987795
A[Ins(T):R3]G	0.000302699250156914	0.00101382065643127	0.000503671924997654	0.000132279363159143	0.000187539545080287	0.000611654051177379	0.000104470306248697	0.00314901528619512	0.000438677009428253	0.00016809393202518	0.000483197103990128	0.000884470087684058	0.000870930550735045	0.000188919793014918	0.00877261872879742	0.000434547367930052	0.000163873271180884	0.000489878025684297	0.000469770293689846	0.000590754517305472	0.000231558980289861	0.00418701390567832	0.000364573601409602	0.00124569521984161	0.000392713453266832	0.000581385694018538	0.00171726930266266	3.72960027633594e-05	0.00101174125648713	0.000722692930753053	0.000256184135734119	0.00096815780865314	0.000304622314448613	0.000385659318574183	0.00092308531949109	0.000526029093289624	0.00894073663452405	0.000569505848041743	0.00107275448277839	0.000156445686650648	9.87008732912462e-05	0.000110751170876856	0.000872755293851748	0.000787810096818839	0.00115642230692373	0.000735364193630178	0.000481152657706367	0.000567917969774212	0.00219629868423027	0.0010707914168258	0.000175402363386523	0.0124806115470703	0.000669929848091444	0.00111015051417325	0.000385168483328114	0.00083886282638544	0.00249534042300982	0.00193583931836671	0.000546752836901642	0.000699396682683908	0.00100094132314342	0.00116482016788452	0.000744904247254434	0.00273648135423777	0.00124060181723335	0.000226427274205096	0.0013313366910085	0.000680968096869204	0.000489967310103895	0.000224428501246902
A[Ins(T):R4]A	0.000590580983414621	0.00261715800148432	0.00108445290517958	0.000253744954125236	0.000261447229958736	0.00118602329663011	0.00061890445190003	0.00237844268169829	0.000504345161292388	0.000992469970231978	0.000657131873918902	0.000579968466002069	0.000410881735577508	0.000842706652439422	0.000452356340565262	0.000541412404310387	0.0081999843852183	0.00035892289997132	0.00341754370512146	0.00173749095182791	0.00107055207212272	0.000562047948297247	0.000311490213877246	0.000149433798920097	0.00414706261846479	0.00166193476456671	0.000668607845016686	0.00015061239263066	0.00275045545557034	0.000955719119072275	0.000363179522969308	0.00231785410820961	0.00044692112185088	0.000663780996654123	0.000630100069226257	0.00105613723221624	0.000581467514904027	0.000384846491880631	0.00608968753305066	0.00020483579393298	0.000146127502481234	0.000725048499453326	0.000556696995634391	0.00206493350231567	0.000974181297591654	0.00249776240040754	0.000432133099402381	0.000711754974432279	0.0014999877523595	0.000998062940077401	0.000269751128853573	0.00760495944814676	0.000748715519112668	0.00430147528962207	0.000510457635233964	0.000675388712992102	0.00617472720756999	0.00171663978406171	0.00223489297137848	0.00189707562862276	0.00193290412433174	0.000969760500189954	0.000699811736114878	0.00901834820453628	0.0031763347815588	0.00162394840502286	0.00387852914249511	0.000766059801216184	0.000730930690374476	0.000911344723916475
A[Ins(T):R4]C	0.000425332312126956	0.00325385743729614	0.000449221404217053	0.000310450636325625	9.24729946751334e-05	0.00324867770392518	0.000287382133824638	0.0016297098707838	0.000959575572671225	0.00097104412418305	0.000261846426173991	0.000970411089792012	0.000401586403364375	0.0033689308564188	0.000270252476789164	0.000396027992965471	0.0233676846825429	0.00019438180015149	0.00259498538732129	0.00178624194066398	0.0008974608816576	0.000110275157379595	0.00010510017890422	0.000271710348405454	0.0014205529922816	0.00182591231178094	0.00132450744277755	0.000221557226225025	0.00337128270848929	0.00115550474294381	0.000230001690483513	0.00194142879295436	0.000143018873656592	0.000334720578635947	0.000512913228268019	0.000804644926013568	0.00026471277243187	0.000890913567674465	0.00536172149994414	0.000612075440370703	9.93830745166488e-05	0.000474610539892668	0.000214990771101321	0.00196211007545816	0.00128036848574775	0.000970553504003505	0.000292162421232738	0.0010291054730109	0.00132641383730221	0.00169723269822529	0.000578324146946075	0.00567075903516022	0.000615604363328849	0.00236118873451789	0.000660925692093347	0.000796587330539074	0.00922305781873057	0.0050899461002555	0.0015299498034494	0.00189680152241135	0.00211854000235854	0.00098765161640669	0.000474514138649645	0.00515153525457672	0.00396820913951065	0.00162160838658316	0.00335863623882532	0.000991810726038384	0.00162822894505429	0.00075532700068992
A[Ins(T):R4]G	0.000430121010100353	0.00297316800290236	0.000531863143021891	0.000658518052186605	0.000285800446298773	0.000479444360792637	0.000401612710574392	0.00160290938257502	0.000459013029732874	0.000448509805687061	0.000678404956917016	0.000476432097980304	0.000965987754643012	0.000441621941357014	0.00253154039002559	0.00113914788579939	0.00293011261488248	0.00024607972305472	0.00131062297701885	0.00157285421963225	0.0013146066180273	0.00271970798660164	0.000267752415461478	0.00125086474701827	0.00131532816445319	0.00140382382391305	0.000931244954970251	0.000229568583766836	0.00218297736062201	0.00156473952430487	0.000207923879119044	0.00201011148691561	0.000938349195992879	0.000884713948645227	0.000604184911954675	0.000560535550616203	0.00307830098248227	0.000514682395864808	0.00465787855159795	0.000882297295885636	0.000179500786427929	0.000739034851380888	0.000570142424286632	0.00284510515751962	0.000439384745435504	0.00160261940267623	0.000560666893073905	0.000803945855165213	0.00212062225862542	0.00111363739527436	0.000226549655010736	0.00585139057572431	0.000710203439040675	0.0024085160691982	0.000609712464011982	0.000607366819780182	0.00892463500715006	0.00507460159255459	0.00177209576683317	0.00170330211616823	0.00161237458712381	0.00145741906355408	0.00059294825825227	0.00652283426793387	0.00365196640028589	0.00100005785976102	0.00310164230628018	0.00066179631184995	0.000421010473993046	0.000348020544425316
A[Ins(T):R5]A	0.00136528531433378	0.00910335323193728	0.00120077498119126	0.000872181219690976	0.000334964274412645	0.00124159199746973	0.000740152449411492	0.00174618497904851	0.000779907129723343	0.00139687956304932	0.000370532050597455	0.000971913724346635	0.000875367828663948	0.00323174564050259	0.000354670007465361	0.000459898640836146	0.011168958375838	0.000414361117556713	0.00110621707386168	0.00497569265802884	0.00551663675453886	0.000569695081415869	8.18667721944648e-05	0.000154741180154806	0.0195566738677792	0.00413266612768704	0.00248946861773434	0.000321786705040938	0.0103671927284165	0.00315038662939301	0.00112887859345174	0.00707598646709305	0.00031182297699186	0.00216371814912023	0.00113112039385377	0.00103082398898461	0.00044028983022027	0.000340615409774206	0.0302789165269169	0.000494651359364061	0.000142989376844382	0.00232686817589429	0.00110221668485882	0.00937567233184745	0.00100427614316943	0.00439150143194854	0.00188857975061882	0.00297791016365804	0.00289763894924026	0.00172235263783832	0.000754446013517525	0.004085419270514	0.00137047643285869	0.0229171004376772	0.00152565147414378	0.00154298912748694	0.0217668134759683	0.00545075815105382	0.00518168682985917	0.00517880857371043	0.00621077689321889	0.00224130265588242	0.000869111904996171	0.0122141548143364	0.0106405032944214	0.0156076546793777	0.0110206178580482	0.00122643513931729	0.00144072992179565	0.000692080464859981
A[Ins(T):R5]C	0.000632234636342432	0.0131232527244327	0.00185424825277072	0.00130105037563517	0.000698811216163799	0.00373879762875009	0.000227190306771536	0.000747500029397973	0.000315190528114945	0.00121298049307126	0.00196867072463203	0.00180354924220685	0.00132550927327333	0.00280128561132783	0.000382508676169943	0.000875357613668409	0.0017057744375723	7.9679429898469e-05	0.000213072634099001	0.00611228337596239	0.00493558447358039	0.00067005529540291	0.000435413976055255	0.000365152424083196	0.0089841620777346	0.00523587132062523	0.00123593481038852	0.000664315994725015	0.0108111588533384	0.00303815150005141	0.000420739192615102	0.00915015678957599	0.00101971668273157	0.00139774852609296	0.000392659397408592	0.000881978999234418	0.000357133405751642	0.00119162720191057	0.0218643057147624	0.00182149649405244	0.000761991480725673	0.00234184636132507	0.00107101639529401	0.00922636223267894	0.00113212350567945	0.00240608688297859	0.000958516950967679	0.00223128737824481	0.00303134972970993	0.0029846864358356	0.000400200184555695	0.00387259931489347	0.000959431015210358	0.014849538235648	0.00150775349388151	0.00156304118395495	0.0287209481405414	0.0155185922213828	0.00393814939029408	0.00711870595573595	0.00585222996603989	0.00362126713649768	0.000654819378187939	0.00923977174818641	0.0149561494563824	0.00941633339603141	0.00756296826106913	0.00279114497272782	0.000597308058146358	0.00149570650356577
A[Ins(T):R5]G	0.00113879108222918	0.0103179316623563	0.000853499388460013	0.00103417040509127	0.00035583881304807	0.000813693083907543	0.00186295234355258	0.00125214664905078	0.000607768350270175	0.00111310356056772	0.00166562709143442	0.0032836442785105	0.000762574263839016	0.00167855670168117	0.00259796840784198	0.000291496815323958	0.00330195862504239	0.000271773834713183	0.000549624486294712	0.0048076399238534	0.00484779327906095	0.00471430670059101	0.000193535712280198	0.000585420233161759	0.00453931284018344	0.00401917461648632	0.00157763262220934	0.000184537866533934	0.0084192196866033	0.00378921900472461	0.00139549020557097	0.00748998300252206	0.000783946417744106	0.00162728535512255	0.000575602017905135	0.000835786052524925	0.0019014880939968	0.00074824848522614	0.0216161360922168	0.00144009622528975	0.000409593615731713	0.00189411922218519	0.000892796421984542	0.00926757149528577	0.000226937428134623	0.00261421369064502	0.00187318054616541	0.00301556545702104	0.00478581015874148	0.0021964261407253	0.000237811443992214	0.00349029553066994	0.000935309849894371	0.00855361074273476	0.00146764425171654	0.00118353662795047	0.0229381631384611	6.58084872525232e-05	0.00407766106775277	0.00484057986415233	0.00525680746925461	0.00297802303006105	0.000830676636812938	0.0100060065723719	0.0113619273473474	0.00987561445790491	0.0072745639589907	0.00282620607345917	0.000683258354423834	0.00098664801641406
A[Ins(T):R6]A	0.00265252151574349	0.0258572160651552	0.00207633640636599	0.00102778523026522	0.000891834561634157	0.00150800308794673	0.000987428001543242	0.00100613850136574	0.00254071004465885	0.00461736559076233	0.00202052470753929	0.00168198125952961	0.000468885118619405	0.00362175702600736	0.000919534564504996	0.00271809432169118	0.00486024711855189	0.000546257291851864	0.00147026316906667	0.0130466760857706	0.013328596412838	0.00133162167726348	0.00111896603197232	0.000172133767144737	0.0358441801672829	0.00916876380904669	0.00499588156514311	0.00127983553896809	0.0196077462922111	0.00510257598258209	0.00084242633762885	0.0171530618623208	0.00128572973040068	0.0026109249503584	0.00206044253107292	0.00297590484818278	0.00106224673599961	0.00105580242384021	0.0517556537147265	0.00229746612153594	0.000857417788134987	0.00198116171639513	0.0030724256068606	0.0204421455419897	0.00171117062707404	0.00479798916320421	0.00172807679984463	0.00541783137134071	0.00474746853011796	0.00186105789715859	0.000120188314630109	0.00306369044956213	0.00325585927142809	0.0470510433354535	0.00178124384448484	0.00458815424653368	0.0365425250275223	0.0149030289247752	0.0102728049171908	0.0113573534743771	0.0138498372792871	0.00507596190301692	0.00232816747186609	0.00574504409140714	0.0246732712089808	0.0273310755120389	0.0191593135190272	0.00526311489419907	0.000830949005286603	0.00306810508985961
A[Ins(T):R6]C	0.00138193751361559	0.0295318188565267	0.0018140064409854	0.00207701216512204	0.000311211853155921	0.00174716758962495	0.00102276550301706	0.000875245308168881	0.00135613389748023	0.00490275190128491	0.00271004508639064	0.00205763989818536	0.000980727677878104	0.00810275096487644	0.000889423644119147	0.0015337520108187	0.0006099889888867	0.000590227662376608	0.00306310044699006	0.0144600716103817	0.0132682347844606	0.000960857759953028	0.000374695231180893	0.000286552635321564	0.016848159005583	0.0103596557731361	0.00192044721939507	0.000785649387911112	0.0250233938786293	0.00589068599570851	0.000493191194443626	0.0194273363896544	0.00130818893976176	0.00196358060559384	0.00259395964021559	0.00295304706753332	0.000330226599964855	0.00161040102626501	0.0361630157477124	0.0099645760095279	0.00142569140889534	0.00212825512351813	0.00243418508037173	0.0226871393919562	0.00194401556193319	0.00278511666199606	0.00341118471969497	0.00497666615009212	0.00695810571928463	0.00167918271446715	0.000553235383715115	0.00168750299504274	0.0041059735079424	0.0305766614355595	0.0010453604898335	0.00820328522257827	0.0512278373773675	0.0187014969701891	0.00804457579595927	0.0131383879515616	0.0145925117052716	0.00647073152889738	0.00243587930635322	0.00938599706779986	0.0308528468196211	0.0151424024238207	0.0166284361623953	0.0050408448296861	0.00142394247863832	0.00404307698100253
A[Ins(T):R6]G	0.00316990834813096	0.0346236332236175	0.00170189503545781	0.00253886613138401	0.000709620582847925	0.00163630902730475	0.00180506124149092	0.00103803615447953	0.0013458888120323	0.0035899583205223	0.000987518905491381	0.00250285597509543	0.00130282560248161	0.00371532219780815	0.00244051919192944	0.00276377585948269	0.00611001491597925	0.000181334584782558	0.00110128236869022	0.0148137014982952	0.0207023180612151	0.00427806841004979	0.000970698131910523	0.000971618376773062	0.00333391308543248	0.0104424317011581	0.00138404365567905	0.00129575098428899	0.0290474663615875	0.00880412004289115	0.000313734325855926	0.0207060247900031	0.00174934953157804	0.00244958872777822	0.0018507560006096	0.00257456551552651	0.00348880508942416	0.000991266893928324	0.0385139323282602	0.0139850449972726	0.000823444167109938	0.00334723028100332	0.00189603225219023	0.0335313216100857	0.000423780010691473	0.00283869147675762	0.00296040524631484	0.00712311014036363	0.00735387579760246	0.00128433363651358	0.000708554223418002	0.00167399061690811	0.00302519047057217	0.0124309890062895	0.00221463488235417	0.00534102587827564	0.0557113232437138	0.0295046247211581	0.012013067691745	0.0131634490908909	0.0144832248004925	0.00606440262615095	0.00134255970649971	0.00548919031425061	0.0335111445566408	0.0138124995325858	0.0248918445747825	0.00575467369071813	0.000960145214915031	0.0040374498087353
A[Ins(T):R7]A	0.00494153458350953	0.0380938338338631	0.00426210668088051	0.00112263716009472	0.000863891409240746	0.00057170035444466	0.00128244359724752	0.000762529956079088	0.000448969525827327	0.0073222551029048	0.000770147656644455	0.00217057985019412	0.000483816303834191	0.00244173030049179	0.000847185169448877	0.00363615191508338	0.0173300081105564	0.000516602809599427	0.00166876726402885	0.0207882045866575	0.0256111871624957	0.00140814297715065	0.00176342549964844	0.000166045212914444	0.0305337649653633	0.014359333024279	0.00271948789306464	0.00141219513460602	0.0271969351457918	0.00834850901165578	0.00109570973902311	0.0252470558074787	0.00211730338753798	0.00372171253224415	0.00239392777618678	0.00420511792467762	0.00222067884357723	0.00101408233954342	0.0403114002933909	0.0190175885189372	0.00134813877359158	0.00259825674379491	0.00187207180882277	0.0321325466037253	0.00276660800772568	0.00970713403161812	0.00303717485029872	0.0100470334718942	0.00575841756688969	0.00104416541748484	0.000655123291250322	0.00187098178671377	0.00280673341377392	0.0382509346603547	0.00185832689219898	0.00113142343810212	0.0308193655668213	0.00909113454318293	0.0131918249814516	0.0169743220507211	0.0175204267541046	0.00432705734520316	0.00188811782108768	0.000924457665234869	0.0315712200830744	0.0198635091473638	0.034260313035521	0.0069728485501306	0.00154997191252388	0.00398293722035487
A[Ins(T):R7]C	0.00235548858404711	0.0375084557707216	0.0037450336645451	0.00179510722251354	0.000503308045719932	0.00169331175913378	0.00184886406989138	0.00079810093419137	0.00275029556004321	0.0061353138347194	0.00317785056850325	0.00209588437120464	0.00135908212610897	0.00679046443866159	0.00101716147894055	0.00108413626593961	0.0150117865850297	0.000531504239211753	0.00230975198915734	0.0189917810992367	0.0189360846542441	0.00134139632391875	0.000752759435061823	0.000764354800503351	0.0164223066800234	0.0122094017281235	0.00180618852361321	0.00112007698762162	0.0300951145095846	0.00646559468729412	0.00080993052940326	0.0254004396974501	0.00282557427083948	0.000597753004438012	0.00215824139839544	0.00355867426980292	0.000848800840437216	0.000882500281910013	0.0286879132557724	0.0151731036563631	0.000915650484735352	0.00219994669141272	0.000662863261551075	0.0283572744404808	0.000983432676047044	0.00262714317097259	0.00190658276532856	0.00688125476567219	0.00678694755682571	0.00174341474105232	0.000992883112453155	0.00109271706465205	0.00346394473392435	0.0274036965465888	0.00355928974102577	0.00485111314837051	0.0384833997389648	0.0334436246839315	0.00846832013251117	0.0147132847682553	0.0188955723041534	0.00689086979937215	0.00364666095051043	0.00277477319783779	0.0344419754094441	0.0108213152666694	0.0238635084431863	0.0069855996809007	0.00226053046377931	0.0018250555348923
A[Ins(T):R7]G	0.00447851278237975	0.037588829690084	0.00253853163531777	0.00173340841074022	0.000619488958312285	0.000715621297909581	0.0015233083405347	0.000816251481242717	0.00241315635928462	0.00509003001706409	0.00176076916777285	0.0017647715762811	0.00165020836080068	0.00314757064879164	0.00212863267171074	0.00298376345716465	0.0165930173365045	0.000459822228533853	0.00220273831997442	0.0173066241530397	0.0262137199067994	0.0044437473255454	0.00153253685424425	0.000171122837385745	0.000765258517589917	0.010899168502463	0.000745203917113114	0.00101317420040935	0.0279216699520183	0.00966290514605815	0.000984903583145365	0.024249045853165	0.0035296276232228	0.00301896246609778	0.0022592463892833	0.00267216956234438	0.00206857603610487	0.00195815979187696	0.0241256325917584	0.0249238069986963	0.000463241920097373	0.00255837775352327	0.00156514950699732	0.0353988962276494	0.000800299967586737	0.00241712508293909	0.00183171286596436	0.00889517679301065	0.00770438509438186	0.000990930468535693	0.000948805721689536	0.00187875140414119	0.00346260787299073	0.00769897249203489	0.00372963311015802	0.00184239624246176	0.0312325697048598	0.0147563375923527	0.0111122111349925	0.0131674273020217	0.0132376054406551	0.00592483407081776	0.00259227738490324	0.00660572623421812	0.0317089200252069	0.00741904878985442	0.0283186659891305	0.00474001192834918	0.00241641470541172	0.00234947301325971
A[Ins(T):R8]A	0.00433016969458147	0.0404563485534284	0.00498583598644251	0.00123878703165593	0.00176032959410588	0.00143450899973948	0.00164969420478481	0.000468713995302284	0.00242102989717515	0.00700610978063909	0.00113183053638157	0.0029588328542999	0.00148032947043638	0.00246253043525682	0.000542836623923939	0.00250797209477905	0.0100890042556718	0.00061062302323534	0.00196236362359517	0.025227518474679	0.0355890574234556	0.00138492290619333	0.00156906225586441	0.000810145323450423	0.0130401462471884	0.0136421363243198	0.00151359075800805	0.00131247942149575	0.0324136925397603	0.0104510836066217	0.000367758133054769	0.0304960340627927	0.00292610923549091	0.00348369357915303	0.00290630261766741	0.00780704992990316	0.000564009463961434	0.00153380116204938	0.0365488134414768	0.0370133747382416	0.00134404556623916	0.00166990594026233	0.00174364165497586	0.0429272478284685	0.00406213537865335	0.00271668669962412	0.00113137902656407	0.00909577839969607	0.00553908267118739	0.000439974037348929	0.00022104389150868	0.000702981472454462	0.00195435612509093	0.0208690737586113	0.00214616523764126	0.00129587245810826	0.0165267403818492	0.0180813411272626	0.000539198923013571	0.0168210868890332	0.0132166854030608	0.00571846387336475	0.00213157849822932	0.000702680386308989	0.0339576692332207	0.013189048045683	0.0372316009220787	0.00628270036052875	0.00357927477127182	0.00367039769448477
A[Ins(T):R8]C	0.00325090206415668	0.0360491981768389	0.00292299450251142	0.00156989744287178	0.00032320550315242	0.00104114633250558	0.00111453677118683	0.000396771413443373	0.00107531895120965	0.00709586139885265	0.00255395704366954	0.00416515756916772	0.00138676410997003	0.00294357341567021	0.000581563250639572	0.00371244661371737	0.0163068243736208	0.000366956168661686	0.00247494062483386	0.0201283781741355	0.0281322556217349	0.00146461914046401	0.00182849154335626	0.000651842913462804	0.0167105079693821	0.0116362978854497	0.000691867788478849	0.00130790634213785	0.0305008181735457	0.00816385649387499	0.000885870996058803	0.0255232090172021	0.00105894314915764	0.000591716762402521	0.00214781847216319	0.00553228008893066	0.00223614379779487	0.00207015895279962	0.0320304060731917	0.0267539534662378	0.00172847960077803	0.000737373583817736	0.00258556863131052	0.0342280907061434	0.00125205703842644	0.00165947816789333	0.00105940286330659	0.0057791308517268	0.00555283573408264	0.00056430637194491	0.000259740649758926	0.00110236876331965	0.00153029160423286	0.0238099510668566	0.00141185453640267	0.000913155141675202	0.0162071923935487	0.019581320784984	0.00123856280777706	0.0142579454035591	0.0151954093844513	0.00563453673643626	0.00145204484198672	0.000612551585841669	0.0305504195077365	0.0130839943894911	0.0246140305296871	0.00574363593678419	0.00153008832802687	0.00508905205859604
A[Ins(T):R8]G	0.00406200524356818	0.0396035814502466	0.00267967538763323	0.00112232859590763	0.000722351010354001	0.00120494453885148	0.000972396807803583	0.0005451714688776	0.000732215308344226	0.00686894274856688	0.000780844901297279	0.00170359980828322	0.00174151682990664	0.00432681781218655	0.000865906146555947	0.00261769557282574	0.00970975468522461	0.000485609947141231	0.00374930343784791	0.0214326217153377	0.0356601149997186	0.000741794974983689	0.00139677387468478	0.000127147392869591	0.000735326632938421	0.0110477875821287	0.00190935638542635	0.00155852238250502	0.0293527232942201	0.0102945629854841	0.000472668025012937	0.0274966444689981	0.000821218418622724	0.00236555482308063	0.00204614201011353	0.00566000904579181	0.00131802748236783	0.00231472148084451	0.0273264135797897	0.0338643974884456	0.00164298614321057	0.00073177390179313	0.00168364528542304	0.0406726588357506	0.00208100284050757	0.00143221504160378	0.00310175100137489	0.00888076832571531	0.00468487448243265	0.000669031513856514	0.000378740219996545	0.00129873257271192	0.00140090443622622	0.00730925151283536	0.000811653664474921	0.00128743065312007	0.0125653522816836	0.00543292826534501	0.00032883732609867	0.0137750852857615	0.01373967325153	0.00482409594508208	0.00155961528370309	0.00150001443682094	0.0316328576919836	0.00876770922987458	0.0304831675835671	0.00645944870783702	0.00322709163698378	0.00527898712545163
A[Ins(T):R(9,)]A	0	0	0	0	0	0	0	0	0	0	0	0	0	0	0	0	0	0	0	0	0	0	0	0	0	0	0	0	0	0	0	0	0	0	0	0	0	0	0	0	0	0	0	0	0	0	0	0	0	0	0	0	0	0	0	0	0	0	0	0	0	0	0	0	0	0	0	0	0	0
A[Ins(T):R(9,)]C	0	0	0	0	0	0	0	0	0	0	0	0	0	0	0	0	0	0	0	0	0	0	0	0	0	0	0	0	0	0	0	0	0	0	0	0	0	0	0	0	0	0	0	0	0	0	0	0	0	0	0	0	0	0	0	0	0	0	0	0	0	0	0	0	0	0	0	0	0	0
A[Ins(T):R(9,)]G	0	0	0	0	0	0	0	0	0	0	0	0	0	0	0	0	0	0	0	0	0	0	0	0	0	0	0	0	0	0	0	0	0	0	0	0	0	0	0	0	0	0	0	0	0	0	0	0	0	0	0	0	0	0	0	0	0	0	0	0	0	0	0	0	0	0	0	0	0	0
C[Ins(T):R0]A	2.06980636125097e-05	9.11029283080819e-05	0.000752674523473956	1.91309795996364e-05	0.000617642069722843	0.00311344061478502	0.000895120316617727	0.00108334428696861	0.00152132404259024	0.0013203012577525	0.00120975989622944	0.00185386326374552	0.000325872161002804	0.00128587000071684	0.00217377856309491	0.000433450026091845	0.000133673768348978	0.000698322776182304	0.000189174030536253	0.000522031099367554	0.000205448505677054	0.000584437770069538	0.000644606584387919	0.00189328763318138	0.000153650341211013	7.98841748345136e-05	0.0011723165544291	0.000810022207155651	0.00049935309224133	6.85843319622544e-05	0.000913892468962782	0.000424105298857891	0.000228672469051981	0.000534728252320242	0.0011132144962058	0.00159243956500991	0.00210101922168318	0.000774758272446206	0.000246850532517548	0.000246869690664236	9.14695403019788e-05	2.09559638124341e-05	0.000851779699355135	4.66490541480455e-05	0.00103013541788811	0.000204877244126659	7.87604281565317e-05	2.87829409030814e-05	0.000591357579136686	0.00173212213471497	0.00115032917896365	2.65421713358931e-06	0.00112289503054452	0.000155591547660026	0.00104674231919199	0.000424904184405536	0.000186149874930677	0.000204503386084401	1.67441919937088e-05	0.000118788331994614	0.000407914550312926	0.00045891253258271	0.00123450028145115	0.000389506755511015	0.000274418826131628	1.35571464432275e-05	0.000137978295822777	0.000776358097778737	0.00375344743712927	0.00135096369954377
C[Ins(T):R0]C	5.26128022799332e-05	6.27234369129628e-05	5.43600407940748e-05	6.34029276247481e-05	0.000213185830673709	0.0154387776319846	0.000981117770840379	0.000751448569458266	9.61781111899598e-05	0.00131175551140873	0.000524124519219219	0.000710503783924641	0.000385341885889023	0.000811736775463892	0.00195729792861701	0.000314332231332699	0.00022351143665707	0.000281038931018522	0.000698899317731135	0.000799128904354022	0.000861540134900287	0.000540132829183991	0.000594575868625247	0.000615977882694927	9.73142583133761e-05	2.48218954644918e-05	0.00204914710524035	0.000253907528349465	0.000958502623769338	0.000139483431796942	0.000323488756037995	0.00046805660912072	0.000208544902800142	0.000339195676944644	0.000784290415560375	0.00221526209523705	0.00193817583741528	0.000574628860814266	0.000745746643896161	0.000286278196080915	0.000156442385009321	6.6107952287423e-05	0.000561206022652045	0.000157804293064648	0.000999483260355191	0.000298684750333024	0.000247290183188572	0.000206438808468026	0.000636997932987505	0.00645435820353036	0.000189980123568103	2.79899261360327e-06	0.000525195866072992	2.26154893041817e-05	0.000714606472600577	0.000211045124704736	9.95042608401793e-05	2.10176531537205e-05	2.17145954504271e-05	6.20972937696879e-05	0.000195703155192013	0.00110075221692724	0.000696041262228111	0.000161141157074277	0.000144272679431584	4.92347034738634e-05	0.000190638487286584	0.00021882527529502	0.0173950167487414	0.00134885479586044
C[Ins(T):R0]G	1.57207393568048e-05	5.32559535151616e-05	0.000105119313235455	2.28723203681137e-05	0.000193179107158624	0.00112854255447127	0.000530503599166275	0.000123155328401282	0.000278004662415067	0.000355111939310219	0.000235406830310768	0.00232564204181473	0.000298355937524147	0.000654513269582397	0.00151851772839447	6.57227467780879e-05	0.000122700111796687	7.28112689765086e-05	0.000110702299304797	0.000257794013051014	0.000184314774962373	0.000256375951467968	0.000201391744689892	0.00056936023539959	0.000285600066049692	1.55578754938793e-05	0.000754561808274217	7.40838855980627e-05	0.000339802981967176	0.000123392061586963	0.000205004185731214	0.000301335979105865	0.000352901042357623	0.000192442755382531	0.000138770706771732	0.000960686146334231	0.0023589776107694	4.40434788217971e-05	0.000474628468806981	0.000288489051924768	0.000239316189871227	2.03582930837176e-05	6.89236986984317e-05	6.09792512678067e-05	0.0008895813428008	8.92512398675299e-05	0.000116558475451258	8.40761018820731e-05	0.000204846813541101	0.000246863080762703	3.40669116689715e-05	0.000194578245138765	0.00058547868276069	9.46714402091996e-06	0.000356597516306491	0.000626687696288584	3.9878719460741e-05	1.25349499528616e-05	1.2646938952824e-05	1.42792204508432e-05	0.000198766539921087	0.000409358508931735	0.000438270458413096	5.61112581159585e-05	7.53180282493745e-05	8.7696215729497e-05	6.30425245531435e-05	0.000138999950276001	0.00186182868879268	0.000263294053030492
C[Ins(T):R1]A	1.33890775477593e-05	0.000304141242662382	0.000215027363535592	4.75784938026882e-05	0.000658431852786592	0.000876511608082517	0.0014614747848561	0.00408805362608695	0.000982128989942006	0.0028640097011199	0.000915524965123003	0.00020794523352686	0.000473819677695512	0.00183175837571287	0.001759777994823	0.000203623822075132	0.000886261766247186	0.00109515748628266	0.000184667082471372	0.000945970757009629	5.46141581429249e-05	0.000332076611535674	9.34595690836761e-05	0.0157866561407435	0.000128600204413392	7.75892935648872e-05	0.00285026731027906	0.000347356429006311	0.000537884958505746	0.00019174616126083	0.000837885645639335	0.000448506677896536	0.000824921616502108	6.03461866246568e-05	0.00318296688419771	0.00296490135079818	0.00175348220757017	0.000334164742987396	0.000305297062597923	0.000106977787144437	0.00033607961168233	4.7344518908112e-05	0.00113133937444971	7.80488299786204e-05	0.00134657714601885	9.44264706901318e-05	4.50296263629476e-05	0.000105968036687386	0.00258640573665006	0.0011573188106286	0.000152378261468834	0.0107057606790858	0.00479087619849037	0.000142443202376765	0.000875954790623077	0.000778906069697669	0.000468036027732902	0.00153855704680037	7.6334065167279e-05	0.000332001359067544	0.00129400512889152	0.00205615379291805	0.00411705113334642	0.000459266299683022	0.00088347278569235	6.9003712627074e-05	0.000274847664212781	0.00152690732974134	0.000660514076597771	0.00186652378244118
C[Ins(T):R1]C	4.26641777615711e-05	0.000389239841040193	0.000318105850408282	0.000123320482499856	0.000689467987275575	0.00527249377192375	0.000986992162929197	0.00170688836233096	0.000303249786163486	0.00205754804429117	0.0102361839655749	0.00117224884093557	0.000173143094817744	0.00667393761894302	0.00149952219607974	0.000261499236488284	0.000276945828295693	0.000954958176455058	0.000297229195282997	0.000515840570995474	0.000315690638023938	0.000601017769419714	0.00060328150004554	0.00151299423838964	0.00034639029844904	5.6653487178181e-05	0.00095334960322734	0.000494609584330855	0.000656381845185524	6.70784883463167e-05	0.000624586876419968	0.00044673906673036	0.000807194271098018	0.000219839880820178	0.00142813447108939	0.0013552640945366	0.00111362434046492	0.000756488598727859	0.000888163192614195	0.000279535085757164	2.67695760847975e-05	4.13421053530453e-05	0.00170098281184304	0.000119064858199363	0.000781239898720813	0.00035485577723482	0.000408406120046433	5.98531713565847e-05	0.00114776233838804	0.0026014254929207	0.000514914018430919	0.0212514961942628	0.00149352530726241	0.000297950895793913	0.000544197302070299	0.000928642862637785	0.000397797514267034	1.95588443229995e-05	4.21162940286203e-05	0.000226576928567801	0.000864411240495914	0.000862456076464216	0.00158688052299678	0.00102760097605585	0.000590692871559285	0.000147312210182557	0.000204430772231697	0.00094349349925891	0.00523827677131438	0.00134095412254922
C[Ins(T):R1]G	2.29035980671178e-05	0.000478255935420003	0.000397158549747568	7.33436034247792e-05	0.000663967573739419	0.00126728505269666	0.00136055300116935	0.00332656766763901	0.00171574351134509	0.00185350711837615	0.000515545140153397	0.00817830668790649	0.000393374889036175	0.000803657677122449	0.0197068188031437	0.000951502431465957	0.000125304526285097	0.00146629609308734	0.00026962956284166	0.000981143845910851	0.000104462627032401	0.00412953452459972	0.000276303574334389	0.00991901303846657	0.00019035253310511	0.000272099239031769	0.00113673346211281	0.000866728391193674	0.000957839472252418	0.000295431583460707	0.00110894315450821	0.000633658257817931	0.00136438839646834	7.14338243931218e-05	0.00185803329617396	0.00256969476636206	0.0206411740491277	0.000923614263287241	0.00042922828119624	0.000245266820177442	0.000723133298926742	4.52923018539529e-05	0.00183000267747294	0.000227638225906852	0.00120981279222652	0.000231870973002024	0.000135660447193891	3.42850620509118e-05	0.00285429372119362	0.00114553744528521	0.000935166443923079	0.0310991243448125	0.00405771544953474	9.96523822361495e-05	0.000949382570677035	0.000537727467869737	0.000520874161396163	0.00114289567393483	8.90380865928088e-05	0.000414564842059989	0.00149004866016454	0.00162610941477694	0.0037663145827608	0.000217753540164216	0.0010035246385945	0.000142492325085073	0.000483478499096106	0.00236391896751984	0.00261137743060707	0.00161957630479028
C[Ins(T):R2]A	0.000157019143785305	0.000524144531401484	0.000554129597483946	0.000174426425986788	0.000144578988011812	0.00177278097646357	0.00052395973382175	0.00240570716885424	0.000162012271383112	0.00186567310203378	0.000413482904285466	0.00098771562321138	0.000244649573626044	0.000932905533264607	0.000756733570962641	0.000926638271278287	0.000263894492769502	0.00102794371368752	0.000278290094405126	0.000659566354851394	0.000408096768479207	0.000377567348132251	6.13918038308103e-05	0.00298789480540636	0.000128707104001433	0.000145168308272073	0.000483606572844116	0.000473810541917864	0.000535135642841845	0.000733327173478828	0.000734151214655488	0.000638403497236141	0.000309662778228886	0.000360637728998106	0.00103126476801763	0.00202906996863788	0.000976211394039393	0.000258676067457639	0.000151713422957128	0.00081320805076523	0.000823307726864858	6.85789672894821e-05	0.00209610785142631	0.00025660065036329	0.000392793465985468	0.00045808529836074	0.000639358291266059	0.000170672592886586	0.00160668617271624	0.000835260725110245	4.93016095411378e-05	0.00822199254396626	0.00225182952695386	0.000152266726929916	0.000466357538278894	0.000488627625733706	0.000933408915640792	1.523644778753e-05	0.000383454681649866	0.000270993148012849	0.0016930568097105	0.00107023539307318	0.00176335637499382	0.000707956937505604	0.000639528591447166	4.11592819508854e-05	0.000402609966061137	0.00100618505591641	0.00100575149457247	0.000661516792454199
C[Ins(T):R2]C	0.00027659691178144	0.000292043164324311	0.00033731106532619	0.000153675484404924	0.000348624327232818	0.00605941827736231	0.000662012662509355	0.0021978083464631	0.000248870200672528	0.00103143895189916	0.00876322868419884	0.0028536969075587	0.000346923729567801	0.00294736492234799	0.000774553023507261	0.00117718014804555	0.000229949315167747	0.000721411826368845	0.000349229580933926	0.000725451098838261	0.000881935174358602	0.000349400375780775	0.000556884567064131	0.000550726961887259	0.000369872574622059	9.91746966821121e-05	0.00201348699324372	0.000462998878991459	0.00102441021359164	0.000859195787789524	0.000715021535250809	0.00087365509493189	0.000840968807312773	0.000341985172927877	0.00105558896208603	0.00219254138564608	0.000435749998791224	0.000178295275505669	0.000642008344563518	0.000814506928573493	0.000281421649503075	0.000258546144894679	0.0011489127855829	0.000839085409504471	0.000529111970213682	0.00092413116772103	0.00140584492612891	0.000461600283728799	0.00110915211410278	0.00336158782842765	0.000398448350714132	0.0186200088110357	0.00105341670767029	0.000361395015955366	0.000421865923005587	0.00195136421341167	0.000800824139568853	0.00161236196764351	0.000693979104838244	0.000234846615071083	0.00112881799850067	0.000712164124354239	0.0011458057746304	0.000638256349212888	0.000431082891998964	0.000199857738912317	0.00153946850854708	0.000279568993023003	0.00394955797137641	0.00177658161218074
C[Ins(T):R2]G	0.000920541437609571	0.000775104738732579	0.000425572616627509	0.000222955157229267	0.000140024812935837	0.00114877832509961	0.000391913206033947	0.00189586558059676	0.000354546359829836	0.00028809853272964	0.00101832912842587	0.00188973260472684	0.000366929732643804	0.000569665019676325	0.0161393467830034	0.00100487071501194	0.0006762406113784	0.000965864381822219	0.000244441488580844	0.000516416165306396	0.00160633313179813	0.00175402824700684	0.000384018752790712	0.000629671385794002	0.000107434085981263	0.00012878981838605	0.00138227220303127	0.000214917792490585	0.00066207389570576	0.00126358324610589	0.000604281736040967	0.00049138073156882	0.00010050067578218	0.000987257011462412	0.000908137524528887	0.00120676414572674	0.0177574214525194	0.000517279979805805	0.0004340438632851	0.000809228510246294	0.00016135423383222	0.000690439294101556	0.000771352084643854	0.00140120586246107	0.00110726739248003	0.00192566728282862	0.00439304484341665	0.00168469316306912	0.00220911729155983	0.000837090729760786	0.000420533970216697	0.0185913915244863	0.00121430486285262	9.04074519588561e-05	0.000357854323008732	0.00212356817238334	0.000802069337378926	1.75057059686515e-05	0.00293205389552866	0.000227823867092046	0.00112735176307479	0.000663371025047478	0.00137598142268664	0.000699732592344399	0.000799146788885749	0.000399500827071305	0.00230446209804551	0.000460411409192389	0.00199896538257933	0.000287942507787898
C[Ins(T):R3]A	7.29366253243513e-05	0.000786631263829149	0.000407888805927491	0.000111956203745746	0.000980633558392408	0.00135978005151358	0.000581777497655081	0.00211395873279795	0.000569859162565293	0.00116721558583906	0.000545910206626926	0.00124461765996951	0.000380050304450819	0.000288880917669346	0.000915340426370141	0.000684131077921511	0.000209465156270137	0.000509359225063202	0.000513612297424153	0.000706711921000971	0.000283913723084868	0.000531442118964738	0.000316918820542371	0.00152388470897515	0.00214793342250897	0.000203701637809851	0.00072560240846702	7.80980330344461e-05	0.00118551458523358	0.000398880550877916	9.15911607571899e-05	0.000796570558195789	0.000462934023792292	0.000142272412009996	0.000744685715593744	0.000697618425571903	0.00047103519266251	0.000771424706388593	0.00150154005567753	0.000199474468511637	9.98469713499226e-05	7.19936165424358e-05	0.00121186678653965	0.000321712519384048	0.000338957131118561	0.000359119754789655	0.000714283414601758	0.000267238946835932	0.00147240925049249	0.000970845883333782	0.00017327513657891	0.00923315275487711	0.00178475652970719	0.00333242211722739	0.000687539067523782	0.00109530757949123	0.00107837729189903	0.0016279766251279	0.000408194648153702	0.000341613431793688	0.000535398484038247	0.000818890809226037	0.00169137567194926	0.00276503073878482	0.00104393742459187	0.00027806866794356	0.000369619374936141	0.000958102291230308	0.00170822240666304	0.00100473315141553
C[Ins(T):R3]C	0.000148244068412558	0.000910480688637603	0.000269635386514962	0.000187775333489687	0.000162783326276958	0.00369661321714496	0.00104288741749144	0.00129833046582742	0.000303392079016929	0.00181527353436058	0.00122933329092206	0.00126352177210831	0.000471205763973026	0.00348942635602439	0.000817727854370804	0.00058941709506669	0.000108390463652499	0.000235876565623024	0.000130645699476356	0.00110559415522212	0.000745859576620049	0.000726337349531797	0.000454837059929596	0.000420225120271922	0.00158450132714057	0.000304333702391024	0.00173240366984913	0.00052489353207876	0.000617884518062614	0.000388171638220773	0.00014744451608542	0.00131221990830794	0.000431251108602004	0.00112090119583853	0.0010497634960607	0.00254334640030946	0.000934540908808554	0.000448949091135684	0.00171015504710678	0.000868617625351796	0.000198465980494121	6.56837988670436e-05	0.000385762230967134	0.00065763832096518	0.00113680492610266	0.00057343620729375	0.00214650330952015	0.000320443924148933	0.000964467512076069	0.00269656300177186	0.000611264879716899	0.0113139624706245	0.00146548617826908	0.0021527354721476	0.000335439076772169	0.00114267917808637	0.00129088505342212	0.00155536036333201	0.000771938963394812	0.00035278815466258	0.00073700585509698	0.000971517202071041	0.000865965915846899	0.00390660816848152	0.00096936213600632	0.000469798948786638	0.000825887567150581	0.000912219863112734	0.00374445332312352	0.00145563733358242
C[Ins(T):R3]G	0.000451130438853518	0.000759979724094382	0.000160900224929058	0.000137072627292703	0.000341842512773862	0.000677300803137022	0.000599695074523809	0.00221264494024956	0.000133767139974595	0.000199377890001929	0.000357204335948034	0.00155323940865611	0.000577062894334387	0.000790192513220045	0.00906116190960703	0.00125646175763426	0.000221199653010053	0.000505152887273676	0.000121433423239198	0.000475794001347263	0.000325450030923745	0.00265027071101083	0.000584917656496101	0.000551462183530162	0.0010078849492471	0.000496199295714525	0.000727758959516492	0.000190223163957897	0.000683971711420748	0.000691238222163941	0.000917257699977976	0.000855148281885171	0.00100085780464212	0.000620469404316986	0.000292162546859386	0.00109192932153964	0.00812452661645958	0.00153951584671957	0.00175018852597309	0.00012557661193085	0.000441684361374651	0.00031937038803379	0.000472849052581751	0.000728738832136383	0.00149649406195258	0.00120213218822153	0.0012867074912085	0.000691538442800842	0.00191539104770016	0.000849480202239611	5.26801462355812e-05	0.00781454608471363	0.00130247127830739	0.00184122534528033	0.000344187372639338	0.00102314233317487	0.00287991580792943	5.45702562603025e-05	0.00103309550435527	0.00031899966935204	0.000477495276103651	0.000917815671037714	0.00147713027606461	0.00572439479468519	0.00107192477865783	0.000231152843062481	0.0015304584731558	0.000535872132165633	0.00106536104466163	0.000619595902163535
C[Ins(T):R4]A	0.000273856371444279	0.00101308476652836	0.000163510740095878	0.000112853845017283	0.00010204121266863	0.00144235633598709	8.50974893922094e-05	0.000852848260949005	0.000432712567321417	0.000737977454944935	0.000258123299409578	0.00104088949761207	0.000363920544163284	0.000290670367082692	0.000320098589414841	0.000171190679647339	0.00178855970260279	0.000318001726016539	0.000390647627731	0.000860593245846674	0.00064647545197517	0.000561333011499024	0.000111334249566407	0.00155131766652598	0.012119918960135	0.000737796554654801	0.000588237808583682	5.95347183075424e-05	0.0010664650722897	0.000719058994093104	0.000128949964787834	0.000547974634142515	0.000178507853334025	0.000193947081053411	0.000655779304197748	0.000602864511452881	0.000134718574926983	0.000454100965951995	0.00844232977247088	0.000151775253680508	5.74686312279139e-05	0.000148057392169321	0.000321529009065739	0.000687886809571062	2.22924782057587e-06	0.00105609095696844	0.000784141738552125	0.000636478381393868	0.000726451546846437	0.00107845811332761	0.000772808986106769	0.00429220691446727	0.000438163597998508	0.0162853031603406	0.000146102134100551	0.000901212535668288	0.00312250625296234	0.000181756774316493	0.000964264613100328	0.000869165098936177	0.001432629833576	0.000238615540805042	0.000764316296405836	0.0131066583929951	0.00145907685010843	0.00259745299091181	0.00159799215381167	0.000203945950138967	0.00142086399589944	0.000376886806549391
C[Ins(T):R4]C	0.000288584281446901	0.00179905868371189	0.000180537733115926	0.000314083278346377	0.000101410748692314	0.00337941352912636	0.000191898903612659	0.000889515550299226	0.000133873859614677	0.000184520965741316	0.000605399297319177	0.00209438173665001	0.000613338916483034	0.00412363557582764	0.000491068624844674	0.000274255166246566	0.00926583369882925	0.000162741655599736	0.000210332508865607	0.000981640267108724	0.000842358659648861	0.000319651701856887	6.40435825608615e-05	0.000240922942108878	0.0112403847829292	0.00102275659222439	0.00106252500010686	0.000159803717562351	0.00204285206353099	0.000518483113447912	0.000146837826550287	0.00115201971519149	7.60527120043925e-05	0.000730985934314177	0.000654986847241031	0.00046649771461306	0.000123202904960622	0.00115365918330633	0.00958334264677149	0.000148873505385451	0.000151284943745278	0.000264166177714707	0.000422469521336208	0.000740574844239039	0.000107784132124843	0.000826867776480302	0.000353720582266314	0.000662575820977664	0.000538904223949852	0.00246530042649281	6.20962531339838e-05	0.00607096672041215	0.000768245921457917	0.0139181398110177	0.00056669150998449	0.000737915678022733	0.00407780329889464	0.00147183005028406	0.00117431754182949	0.00107436663776747	0.00116366727264082	0.000811502327784996	0.000402480413316048	0.00811259429200673	0.00220838377264824	0.00295353582469606	0.00170310461284564	0.000186361293136358	0.00141145196167483	0.000487228762195443
C[Ins(T):R4]G	0.000252452371146486	0.00136007437693625	6.20960796420927e-05	0.000208677050753879	7.98340462558167e-05	0.000249322221186533	0.000268450394027076	0.000838789547750461	0.000124280949745034	0.000475334085300684	0.000310611293033966	0.000456703960440576	0.000368600087266466	0.000966586160341542	0.0014506657115533	0.00022589718494723	0.00121140389412054	0.000102736613889635	0.000222278710957803	0.000601513392091041	0.000797694220469246	0.00157099289542319	0.000202645914657919	0.00022270323077068	0.00532153275907587	0.000458702490474845	0.000969639265618888	0.000153604654432746	0.00111912344743019	0.000725841512859105	9.00080802514508e-05	0.000640630080400401	0.0001493623144685	0.000663661949298873	0.000433776419811707	0.000200948535033329	0.00186756854047409	0.00101747362968861	0.00702334126190766	0.00105079214688528	2.1885015310915e-05	0.000355062469920922	0.000532654899866213	0.00119783722591988	0.000503698545059117	0.000670424503208359	0.00141516121012134	0.000439373268288711	0.00115503372154199	0.000597127107525282	0.000129979814494561	0.00467031220977041	0.000409876319655402	0.00759110239399671	0.000214397405108709	0.000937217609436812	0.00511524021424053	0.00132254527994028	0.000469738010393205	0.000608258814765672	0.000720091782148416	0.000649552263191443	0.000387946414755651	0.0105633017603474	0.00176030748238708	0.00160991479895293	0.00129514407192137	0.000270424971381647	0.00094487641142621	0.000564682107716525
C[Ins(T):R5]A	0.000395615577922831	0.00405733441727701	0.000631369345982089	0.000365006888450028	0.000212243843320861	0.000481914080829953	0.000205034827994609	0.000663441161305663	0.00033955817926713	0.00130087115324041	0.000470017774827694	0.00192836485440538	0.000507188517752809	0.000284079523698883	0.000541494581677564	0.000690902479996301	0.00197979395745405	0.000190883489390457	0.000415035982183879	0.00282203546128597	0.00158856120006651	0.000893672919651247	0.000353492035093868	0.000297259300496344	0.0310023771261393	0.0018240426088084	0.000579958192947316	0.000498284985148134	0.00396256517976376	0.000839638488265175	0.000361217261504111	0.00322392172978307	0.000219380185484267	0.000681711151727724	0.000510420920892694	0.00127571325143887	0.000882646575562707	0.000321609753939243	0.0189329172429479	8.81302410755902e-05	0.00072987344703372	0.000874492958994847	0.00107595182929321	0.00231454848604902	0.000242765087660712	0.00174590968066814	0.000418724719121631	0.000711172225502235	0.00145424928871607	0.00116354196308929	0.00040442335542375	0.00174777785322189	0.000716153780843249	0.0352260899060036	9.22996210069779e-05	0.000507173008345555	0.00749709489232886	3.87394789491454e-05	0.00122532178827497	0.00220163332696094	0.00223191142010975	0.000796622029498143	0.000326087077550877	0.00726044601272324	0.00476967454404875	0.00894611327644847	0.00218697123654322	0.000860187313930657	0.00138587642152104	0.00180225880044221
C[Ins(T):R5]C	0.000282361496628573	0.00554953426162433	0.000700620046781001	0.000467141634377119	0.000196912442861513	0.00153907375938394	0.000109392349058268	0.00044134260642811	0.000969251486705377	0.00138967219313903	0.00103880632563014	0.00114980626678103	0.000850988301652274	0.00224140055280167	0.000581854197202909	0.000334576850025868	0.00218285049829765	0.000345254293792571	0.000640488774860003	0.00268379631637371	0.00206205098889889	0.00102520399366617	0.000278146211149584	0.000172524353642529	0.0167994840598283	0.00216403045183203	0.00307231504869434	0.000112768749499749	0.00579386500156873	0.00128412992222087	0.000518567880155383	0.00345176529184032	0.000276128264098906	0.000602690764059156	0.000586466542288833	0.000647797822400778	0.000114676880081682	0.000741826680483119	0.0171852675135357	0.000229017029725123	5.96789631982183e-05	0.000908070700347057	0.000498623993743031	0.00339503722978716	0.000204867874710922	0.00163253601939161	0.000660826610187565	0.00134662108378636	0.00188492232784429	0.00130258821706494	0.000385309596902407	0.00154764988134926	0.000579914545227827	0.0260576850107606	0.000431199851315161	0.000683542477390143	0.0129189128841546	0.00685283552724674	0.000971478146317819	0.00275955082283662	0.00259181985161279	0.00142943395711688	0.000569818757503133	0.00562654277403065	0.00657188850963911	0.00639969187599862	0.00432581502250409	0.00145867886057122	0.00112338720687937	0.000373491985985975
C[Ins(T):R5]G	0.000403485171840588	0.00392339641315927	0.000298736431070382	0.000588084770071888	0.000195874031606405	0.00147649424037387	0.000377556723994877	0.000578488412888644	0.000108296719208224	0.000624399898668352	0.00023662089338612	0.00105169877198888	0.000463963310341943	0.000283831481205944	0.0015325815115687	0.000627288770702378	0.0010632156360384	9.89196411748496e-05	0.000397566133976402	0.00172055599631863	0.00163537575843876	0.00250802327251503	0.000123824458397549	0.000172202694173759	0.0075367772888547	0.001414561434802	0.00147511942767908	0.0002468615986721	0.00340469587398248	0.00122949642243603	0.000180224710030604	0.00231864687802449	0.000357735772922375	0.00143238589522714	0.000683527396262348	0.000317881964391714	0.00201358133017578	0.000122432789752335	0.0121386278330417	0.000320739911546974	0.000428968130533147	0.000574576860290229	0.000517494770798808	0.0029668947829447	0.000149471066369612	0.00147708996667684	0.00087957980610234	0.00103785156320264	0.00264011521885376	0.00117907995288613	0.000628939631868385	0.00175709174243612	0.000818632472175577	0.0117862546963617	0.000233140933335584	0.00174942560274931	0.00858015427194727	0.00283695093609872	0.00177682092707382	0.00164376722599989	0.00221897712903144	0.000835804936161313	0.000868811445358319	0.00728747728337852	0.0044510059654267	0.00395701996579999	0.00313524280749321	0.000982756882125247	0.000502652071676143	0.000357927248069466
C[Ins(T):R6]A	0.00097798134081858	0.0108621143912288	0.000689536248431502	0.000652308197921401	0.000445030922638611	0.00107269501427259	0.000232242263014139	0.000428700909622171	0.000799662120876404	0.00236893338111416	0.000477194236561998	0.0010700696912212	0.000268952595845841	0.000650190243276888	0.000526000652720175	0.00109378752122881	0.00831372999326832	0.000485909688541479	0.00103791232313422	0.00686290979103225	0.00506441637440702	0.000450904104270349	0.000130591827139982	0.00039966188994697	0.0162568261177359	0.00528319792363307	0.00330402875699209	0.000175961931293615	0.0091573142327644	0.0019138463434312	0.000875405601577749	0.00814228083388202	0.00104327313590877	0.00141305693372936	0.000909740586311559	0.00172874255290871	0.000272094612153896	0.00127011752999437	0.0165612837210684	0.0022025374987405	0.000158543564783561	0.00193159467640801	0.000509665212818454	0.00787650962618529	0.00139974470653959	0.00228217363202015	0.00176960798761291	0.00229761877520705	0.00241978475001006	0.000741879338734298	9.63508612859799e-05	0.00153905986953509	0.00162211210623952	0.0243920378719303	0.000928418245266881	0.0014045745454365	0.0180012345308554	0.00448005594910075	0.00332065234221901	0.00646052432352808	0.00641934888255056	0.0026475470114795	0.000861724132724286	0.00430186312222348	0.0112872217466923	0.00700628189577054	0.00638890520321366	0.00225653532875725	0.00033906279389614	0.000513049973147484
C[Ins(T):R6]C	0.000765943562529896	0.0214914217344227	0.00146347356873919	0.00186354535664582	0.000717608932289007	0.00157098094889831	0.000368333917938544	0.000748675948298417	0.00155773915533397	0.00384936452172587	0.00331394703925021	0.00161213298878085	0.000526607984091084	0.00361380194891239	0.00058062894336576	0.000575954584222343	0.00481617691383789	0.000214120916549214	0.000795671613869785	0.0103731196846531	0.00878282986797467	0.00076781329319427	0.000230631191158556	0.000347392226271813	0.00837116420671116	0.00736820334469353	0.00190485073412656	0.000845392999967102	0.016621989481215	0.00332571785074127	0.000543754975387411	0.0137928823464618	0.00162680111286582	0.00192532311461139	0.000939291366720448	0.0020324140298061	0.000490633977124491	0.000976172045026751	0.0186718910100599	0.00686763677915667	0.000810509631876305	0.00286655306188583	0.001355447996965	0.014653889073739	0.000814678616029451	0.00285469858604613	0.00149395753385935	0.00335461364076162	0.00458016720835871	0.000937081729206858	0.000358531565324226	0.0022926645015011	0.00188522206575124	0.0197685413260962	0.00212417441042194	0.00105706465190694	0.0365647946345995	0.0119854112633333	0.00480271840773085	0.00919308425035954	0.0115088745993774	0.00443245006394066	0.00170472550605459	0.00268604459950365	0.0223022943669633	0.00394850060749172	0.00965428064494277	0.00448363664702397	0.000972877066089403	0.00223897674758804
C[Ins(T):R6]G	0.00128850086345017	0.0176990306409898	0.0008323806893826	0.00174249352220332	0.00049753002880758	0.000530113455751779	0.000632284487813404	0.000597698879103641	0.00137988494626749	0.00331552021298024	0.00137288950478758	0.00109745641778127	0.000911274077651854	0.000886769629577948	0.00101783967128185	0.00111316497222545	0.00414058009031056	0.000314337113548392	0.000548744174568146	0.00784304692480493	0.00794408175028295	0.00121309591860763	0.000345562444328278	0.000308379527845256	0.000965089480834668	0.00571404548999635	0.00187007634845382	0.000444576708689182	0.0147317313448588	0.00388497696921083	0.00053979253436107	0.0108630402864264	0.000711734059096112	0.00102353398735299	0.0012030162024842	0.00128443617000558	0.000448336035517279	0.000932720238102625	0.0132850435555396	0.00534982897095549	0.00045674736443154	0.0023221018053875	0.00161572863300018	0.0136723379594977	0.0023300098220659	0.00303218665176613	0.000742864581052756	0.003728636472787	0.00475860157904334	0.000239946572502735	0.000207435896489394	0.00152183158741343	0.00171184780420198	0.00446124697128956	0.000825988499034249	0.00119381746132191	0.0300813519399091	0.0111015892317432	0.00407445599261862	0.00748169844833148	0.00976762839142872	0.0032401896490259	0.00174926422884203	0.00518589179323401	0.0174569014665956	0.00304184346984413	0.0109666685384438	0.00309028253277424	0.000466734477655792	0.00171466214257104
C[Ins(T):R7]A	0.00242232591641062	0.0149919212761851	0.00286713483971843	0.000339182169837249	0.000596767531087418	0.000309671025324191	0.000596942795583676	0.000235909347070007	0.0010425678794421	0.00362631912338008	0.000600232784454068	0.00184824050218628	0.000366687467469525	0.00173902591799552	0.000461596967330381	0.00203071939423819	0.0162683141548933	8.29984933105168e-05	0.00184481721058525	0.00936316953952318	0.00936958250875587	0.00039887515534164	0.000582306334861793	0.000638654875243226	0.00978184680369697	0.00700765755644069	0.00289031754405497	0.000279183671911614	0.0136976778029586	0.00347582308027542	0.000340068443490316	0.0111992429647587	0.00101635637354472	0.00148656867559593	0.000541816734674093	0.00277986014843146	0.000749404368580129	0.000677983839622166	0.0131157663585098	0.0083418630915359	0.00053476389656858	0.00134301646886727	0.00105824233082548	0.0127947907880693	0.000575145937708574	0.00468480462996438	0.000559106815878966	0.00376925407321106	0.00259142541964574	0.000226988775598277	0.00100057866825716	0.000944901299557793	0.00098747538679559	0.0141382823548452	0.00149403719246359	0.00251541415982725	0.0144007594583804	0.0116310287773815	0.00456618132583184	0.0079557810489216	0.00819079692199481	0.00223942383034115	0.000456539582667572	0.000601541575383928	0.0132497402982199	0.0052623729901939	0.0140145278642345	0.00260599206114959	0.000978298256533969	0.00113209035921882
C[Ins(T):R7]C	0.00127988128239797	0.0169721889213244	0.000907152344914936	0.0010296646666775	0.000333903611487784	0.00123597537609454	0.000348992531751338	0.000449767371625878	0.0015595296737398	0.003137490136479	0.00077752646222465	0.00446902905377842	0.000339579269547548	0.00423376644269256	0.00055033157130904	0.000852072555150353	0.0178681562278808	0.000101503790456057	0.000884998456602765	0.00820025809579553	0.00934945694085281	0.00040199819915108	0.000715053421829528	0.000258889921007327	0.00649104988544106	0.00546228045371948	0.0016443316653823	0.000533588028635765	0.013673106657691	0.00354674707008723	0.000174157814679268	0.0103599045612869	0.000569606696040112	0.000992146069892773	0.000924065304429932	0.00198202623604814	0.00120239096312228	0.000345738422546728	0.0156301055447299	0.00809695553543308	0.000513069897600777	0.00142350065147877	0.000793334725416041	0.0136715260503124	0.00355297517643382	0.00195558389954399	0.00315004436445363	0.00346447638279814	0.00383103621584675	0.000716901480227678	9.94478532558864e-05	0.00133550554463546	0.00149403209114575	0.0131403246249305	0.000828475791879522	0.00213830255641785	0.0170169920340953	0.005683140994792	0.0044320734557893	0.0068293819548348	0.0082421282532884	0.00299463184784587	0.00141402196938485	0.00115532888854151	0.0152978586176845	0.00591084917742229	0.0108207475498837	0.00347332145115515	0.000436850238907625	0.00145183101961738
C[Ins(T):R7]G	0.00247718340909997	0.0205083731178394	0.00170047416455828	0.00141770867682284	0.000207850374748653	0.000903479357522249	0.000751498921022317	0.000338077821130089	0.000756606674971984	0.00338853266728471	0.00116420555172429	0.00185119729921312	0.000643163034516667	0.00137877963164343	0.00101268049208128	0.00109298458817647	0.0176444106865506	0.000260954265564699	0.000564682776321668	0.0100107535927253	0.014405704369861	0.00226389157465318	0.000372642953051394	0.00084885933808455	0.000581070527395175	0.00652996940168897	0.00568251201535896	0.000367331187979481	0.0156151873219632	0.00567346494286235	0.000385105661949994	0.0126719361734877	0.002098238776233	0.000751670412288778	0.000455904721702334	0.00206687085795633	0.00167431197655144	0.00154781368430887	0.0137071162250766	0.0130272469743194	0.000677043784138543	0.00221849055042037	0.00107586110440352	0.0197272757425558	0.00218566602568361	0.00135114788768828	0.0022587349868042	0.00462480234613165	0.00485652962728363	0.000522960769980026	0.000286862791555986	0.000929506840182975	0.00154353439136352	0.00523642494143829	0.000964237236280746	0.00303384290815706	0.0205327216787334	0.0100531379221084	0.00541830636421875	0.00843642261957056	0.00848649209667686	0.00292301571527654	0.00225160328650293	0.0010337323875022	0.0179678910935341	0.00497642891620205	0.018357461953982	0.00349541499456869	0.000667971892334216	0.00124028226184138
C[Ins(T):R8]A	0.00236294327544371	0.0208218005902289	0.00274848206627604	0.000531144158319964	0.000584551364393396	0.000547321827624695	0.00117034087680816	0.000254182717372077	0.00187027355018464	0.00365883977901532	0.00072828945972426	0.00202831428832901	0.000219122474736205	0.00264337112993029	0.000497014589117928	0.00238754284270107	0.0064678731719205	0.000275628648534977	0.00156487188215904	0.0131356660869311	0.0194534361208398	0.000599614802046858	0.000623248915753512	0.00124406394682142	0.00540149365093058	0.0073871484514222	0.00156211315662118	0.00087838692066784	0.0171359733537984	0.00527544931868946	0.000668382277237419	0.0159529335367846	0.00171300333016927	0.00281302948086811	0.00175947221834345	0.00318914014930342	0.000737888698613768	0.000762232145441842	0.0200961829853252	0.0168035822055067	0.00210270790498487	0.00148910518935311	0.00292862665669999	0.0230714403666132	0.00202059022456997	0.00114609870898279	0.000974349663597379	0.00521547180538299	0.00388127807980672	0.00017584526053546	0.000203744532323243	2.36466617356138e-06	0.000975866540806015	0.00899121249461761	0.000938893827832155	0.000552018712534782	0.00973914192727931	0.0106267739723219	0.000199241085565544	0.00914199892889572	0.00906785444303895	0.0029881592938562	0.000875268381889408	0.000789522396505791	0.0177223792411787	0.00831336676146972	0.0209273874178404	0.00291174866644725	0.00146330349981401	0.00268834811683388
C[Ins(T):R8]C	0.00239641333381615	0.024130157381221	0.0020729283268735	0.000672810184306862	0.000411191077760836	0.000256731381298483	0.00127913290008314	0.00037645098896258	0.000441167134363513	0.00331845470971865	0.00109063332935795	0.0017068474378045	0.000290552448752628	0.00423243764362325	0.000302139810346933	0.00128872360767755	0.00726725284135768	0.000254417712238361	0.000640538369886852	0.0117572431178618	0.0219486937276849	0.00103026812932024	0.000985137637172909	0.000574070249049439	0.00654731470194667	0.00627232892859455	0.00129111941135091	0.000526056562137684	0.0175835453650935	0.00562285117438286	0.000222579223202113	0.0144998547429489	0.00386027518943486	0.00130828714424467	0.00152247314467724	0.0024004285521917	0.00145352115046563	0.000753342635954874	0.0311495340151848	0.0211900583782013	0.000352807185729202	0.00024916014382704	0.00327917855797796	0.0266917564142149	0.00210374116827745	0.000952517566684869	0.00269573331809594	0.00537072583282883	0.0036198010072852	0.00064183719008992	0.000115746164531859	0.000167794781336182	0.000587996874401662	0.0128219007157379	0.000712997628418913	0.000908901003728397	0.0100581320957516	0.0122743634717294	0.000241441946220395	0.00741138653403848	0.00834862669248079	0.00286395013732289	0.00131956570715588	0.000696460541043705	0.0195296213742825	0.0141277548174016	0.0197411400198174	0.00209859805555536	0.00109171944945074	0.003092496361241
C[Ins(T):R8]G	0.00333576468971732	0.0296589622647101	0.00183804228185064	0.00140042908234575	0.000450242758176154	0.0012222325791127	0.000746038366079046	0.000411062126115505	0.000832911217631014	0.00435439353856639	0.00169800210677714	0.00194125842832569	0.00109046105102793	0.00156908137569044	0.000705879389962588	0.00214731062632595	0.0063797327624925	0.000161965912906071	0.00219298669782028	0.0156489148492094	0.029228535631927	0.000709780412658983	0.00113497600813308	0.000293284508489398	0.000238564247311627	0.00859095326290298	0.00192930448263397	0.000535112388421733	0.0224075927201354	0.00804829855258747	0.000322436528875497	0.0185639266118037	0.00154581080368892	0.00239161266577172	0.00210401556511288	0.00499782348883831	0.000875154008244851	0.00129694479969612	0.0246400234935355	0.0299170801934344	0.000456856516627604	0.00100201639858312	0.000551788779102095	0.034578319099932	0.00233101298358516	0.000652698048131607	0.0015109609946849	0.00862557771300804	0.00369023740495031	0.000266879467033538	0.00010726854004858	0.000727545045563498	0.00118985341424715	0.00397004558735914	0.000503594549420156	0.00126261484843038	0.00985233256751749	0.0174374661333478	0.000293828857004753	0.0109766370783614	0.0110453478339828	0.00397718714997187	0.000589478244003354	0.000824733795412811	0.0236556489958924	0.0103465874812666	0.0295396505389852	0.00383439307494204	0.00157514130485935	0.00194760855723161
C[Ins(T):R(9,)]A	0	0	0	0	0	0	0	0	0	0	0	0	0	0	0	0	0	0	0	0	0	0	0	0	0	0	0	0	0	0	0	0	0	0	0	0	0	0	0	0	0	0	0	0	0	0	0	0	0	0	0	0	0	0	0	0	0	0	0	0	0	0	0	0	0	0	0	0	0	0
C[Ins(T):R(9,)]C	0	0	0	0	0	0	0	0	0	0	0	0	0	0	0	0	0	0	0	0	0	0	0	0	0	0	0	0	0	0	0	0	0	0	0	0	0	0	0	0	0	0	0	0	0	0	0	0	0	0	0	0	0	0	0	0	0	0	0	0	0	0	0	0	0	0	0	0	0	0
C[Ins(T):R(9,)]G	0	0	0	0	0	0	0	0	0	0	0	0	0	0	0	0	0	0	0	0	0	0	0	0	0	0	0	0	0	0	0	0	0	0	0	0	0	0	0	0	0	0	0	0	0	0	0	0	0	0	0	0	0	0	0	0	0	0	0	0	0	0	0	0	0	0	0	0	0	0
G[Ins(T):R0]A	1.63615416172594e-05	0.000112151312903653	0.000850119793407717	3.88685683398038e-05	0.00169432125198951	0.00161045663530122	6.3182979079779e-05	0.000540103872532939	0.000492949875279128	0.00224664455490664	0.0731303708548565	0.000638377325302737	0.000151760005487944	0.0012540851269788	0.00144513567793045	0.000609522538697452	0.000163639166507768	0.000219259340553464	0.00033004250492181	0.000485332338798829	3.64069262066562e-05	0.000352110216870812	0.00125126441296909	0.00164126743939993	0.00024255516526516	7.63671594454514e-05	0.000621009682567624	0.00131481677316757	0.000189986001769495	6.10302239054429e-05	0.000149842835653995	0.000274059387054428	0.00253939936804928	8.56816283191191e-05	0.00115842688776692	0.00158472577302895	0.00133234825142856	0.000273525588987006	0.000127256048258168	8.38190721800769e-05	0.000152431041803954	1.89980030739148e-05	0.000874823821336709	1.6035206408798e-05	0.00162367265011643	3.71550624838629e-05	0.000122056021814308	3.95006649748041e-05	0.000700439584946683	0.00102443887667108	0.000586082268244427	0.000195398639525511	0.000983961102694275	0.000115530183125088	0.00193588370997889	0.0003839137927306	7.95774970414136e-05	1.49662980040632e-05	1.36997934493981e-05	0.000178019747428894	0.000369360413444876	0.00174460224460093	0.00108275638160511	8.08285105090402e-05	0.000313907296488342	4.55319779789337e-07	7.11654179982055e-05	0.00112626571881217	0.00104484763673621	0.000544889275098307
G[Ins(T):R0]C	1.82914783899328e-05	6.70251906967754e-05	7.53782065531253e-05	3.30654577757646e-05	0.000475367365734272	0.000342335064527411	0.000373804949771575	0.000255574714213609	0.000239941324118954	0.000431543638001258	0.000417920979305364	0.00136371356644398	0.000118748187792742	0.000688140744696559	0.00140713641762316	0.00142326306992877	0.000182162698768036	4.35720430825544e-05	0.000345739330919444	0.000219723303793406	6.72303264117429e-05	0.000852769694176598	0.000438646865796884	0.000373768302710969	0.000164019601250996	0.000111568407456368	0.00119087829739062	0.000423924456477803	0.000174457203748268	7.20813737480271e-05	0.000391001925869573	5.57821669737777e-05	0.000295364319750152	9.80896094821695e-05	0.000230859044574089	0.000483255833159925	0.000993300352995885	0.000190749247400562	0.000212120518353231	0.000212131618217695	7.81529723821203e-05	3.40704448203279e-05	0.000370856131590864	2.10804100859763e-05	0.000275869417796264	7.99495791531524e-05	7.5041093675854e-05	4.34245077704325e-05	0.000790962756380792	0.000114903832374711	6.95415469606277e-05	4.39152289375685e-06	9.91461504167594e-05	2.51101530298005e-05	0.000319140070481851	0.000669184761819679	0.000107346127973557	1.13462909056075e-05	1.7380555856096e-05	0.000166477918026859	0.000146086795691195	0.000477052593183664	0.00030678107297754	1.20417383453475e-05	0.000136283336451249	3.33456693012862e-05	0.000149705203424351	0.000443872813837116	0.00123302945922566	0.00209335952008759
G[Ins(T):R0]G	0.000179011612903951	0.000141810455213676	0.000997774753642475	9.19906982764776e-05	0.000547653151128552	0.000141969067951558	0.00110847169970437	0.000688660868787535	0.000271056028071914	0.00138647049403846	0.000555285471486589	0.00430790785185691	0.000245720640712331	0.00044488192840707	0.00561459048004978	0.0038128078923737	0.000303370393273611	0.000676453603787469	0.00045612546192808	0.00210563379147855	0.00134785903106264	0.00118290905761386	0.000750008352551312	0.00178426804894462	0.00092354117428271	0.000312351253713274	0.000535132738990431	0.000825768279167006	0.00130565553504905	0.000241190100815546	0.000482431934718993	0.0010326945820036	0.00112854955374237	0.000838959179903765	0.000794677046054144	0.00284724002685335	0.00612393732419457	0.000406622903919324	0.000825831671355188	0.00150338197382004	0.000307727328754599	0.000152681307108154	0.0010222699120629	0.000524832711714551	0.00109556384142201	0.000548213404580272	0.000296144069578051	0.000429757910942988	0.00117612732695318	0.000223641344731292	0.000401138666970818	3.812420973701e-06	0.00046051800984536	8.47682541253143e-05	0.000673388476878919	0.000904824121529377	0.000344865810826137	2.73391580868446e-05	8.82748727910753e-05	0.000291158309878428	0.000434254422427872	0.00112883596170536	0.000643578652913015	0.000171974299894143	0.000260554874176919	7.08916635711291e-05	0.000250354229541408	0.000613443013979189	0.00215156512446356	0.00253185717619546
G[Ins(T):R1]A	1.20762235629149e-05	0.00139236532254434	0.000946434063509896	2.9944751792686e-05	0.000612375841214794	0.00128951253303251	0.00327152721662901	0.00342693018501253	0.00124622452593298	0.00702101872659853	0.00333762126921958	0.00266019635458918	0.000312764339994436	0.0020051755129191	0.00162821687628902	0.00470889188456668	0.000126475049650675	0.000832575057298008	0.00136969685337409	0.00270069717543285	3.81010166134773e-05	0.000105124537435411	0.000223437183951926	0.00381168768060318	0.000181408600905675	0.000228095651140712	0.000914300625295828	0.000476814095273921	0.00151124632095109	9.52850549208857e-05	0.000348391465550429	0.00170880205990881	0.00205565200062008	0.000127756751534687	0.00259664552486278	0.00463484514620499	0.00134319955581994	0.000627345383794615	0.000127915593272214	0.000136879612432549	0.000594142691227621	0.000101620090299243	0.00149481957250867	0.000117454030375815	0.000854359227235701	0.00012817722851328	7.47732574140681e-05	3.72716503173864e-05	0.00373424045111462	0.000415450838382815	0.00012025088012445	0.0140286474963663	0.0127936804958464	7.20643363293057e-05	0.00335209758900059	0.00801229215434154	0.000187089171544633	0.00505666364693239	4.69936741964847e-05	0.000326732156628489	0.00187903306381832	0.00696346761828679	0.00967275603501608	6.3436526117963e-05	0.0026040315649111	7.84613549101268e-06	0.000328616783109361	0.0068912557416385	0.00143604450638428	0.00409859772821694
G[Ins(T):R1]C	5.35834181597522e-06	5.87431063051316e-05	0.000244607616908541	7.03386090118597e-06	5.59777838735815e-05	0.000814888109732051	0.000217268692168164	0.000825049265201942	5.58499449765393e-05	0.00049063792324668	0.000688252357417094	0.000402560644391741	0.000118429417826586	0.00312016195332188	0.000743825378363917	0.00362311228231327	0.000157435392670206	0.000379905793807281	0.000158635892754127	0.000338974193410532	3.63353183807839e-05	0.00035644019699553	0.000212204823006606	0.000720264477605493	7.75734677217941e-05	0.000101192434705627	0.000383134399842818	0.000369075733067867	0.000155253441070771	2.42677276948641e-07	9.22547274362422e-05	0.000172122085595615	0.000212590989372062	6.45426058972018e-05	0.000267082191572743	0.00151640294025645	0.000904902822324617	0.000572983724318301	7.06526302718404e-05	0.0001218181569963	5.34299999735306e-05	2.67527272242865e-05	0.000272592003566287	1.97034121077828e-05	0.000375739720158063	1.24996438805036e-05	5.31613561666563e-05	2.55486843413381e-05	0.000682857023425128	0.000963838443165713	0.000106705450599506	0.0262147374585948	0.000753980828907428	8.23406737939978e-05	0.000817993629174445	0.000430775781050864	9.43399288822185e-05	1.45340583505162e-05	1.9987322109662e-05	0.000229738939506612	0.000134788928079267	0.000941329172686698	0.000956763640132611	0.000279730908269707	0.000198985747586592	2.22700156579106e-05	7.12347259627538e-05	0.000521461731196316	0.000644815580489565	0.000906345079086717
G[Ins(T):R1]G	0.000110456689522708	0.000315359636518819	0.000660550817192199	0.000113179941260459	0.000403244759251508	0.000490597935154712	0.00128534883877816	0.00194837024577638	0.000773480235842816	0.00126978582356827	0.000696791267713737	0.00239389073384406	0.000420648847340553	0.000691064102649055	0.0104391278608765	0.00810095215173666	0.000224096698339858	0.00085458563593482	0.000526816973322637	0.000920296707956416	0.000347490165960653	0.00161293777612536	0.0006079782010695	0.001654960942499	0.000102979936479552	0.000205850511905916	0.000646849785321119	0.00113755631316739	0.000762368654811723	0.00053117077928633	0.00056784244583701	0.000392709338294722	0.000266870269400445	0.000409154937505699	0.00180808431074178	0.00173833516370856	0.00953021344552647	0.000331350693717983	0.000587555224020246	0.000437528371498509	0.000261555949819352	0.000141730436981994	0.00129977013216149	0.000334779385811551	0.00267242228730635	0.0002982205269702	0.000309488942291574	9.57067992775312e-05	0.00142292653115731	0.00101458981437484	0.000389157374804412	0.0229705602439486	0.00302050883600855	0.000195673875755684	0.00113306717325847	0.00421376795024644	0.00043260547154745	0.00186657291388581	6.18795145787705e-05	0.000247680659469785	0.00040723379815091	0.0026135731486295	0.00276262032546884	8.29509221635446e-05	0.000606377670540223	6.28325034688578e-05	0.000259419711304327	0.00109859919179474	0.00046087182219131	0.0055396681953818
G[Ins(T):R2]A	2.88955886518034e-05	0.000216822890997811	0.000655644791256095	5.97457407254775e-05	0.000156360010941789	0.000526209704725052	0.000168957658103682	0.00218322194818738	0.000171723758630625	0.000964217458523271	0.00192588174602073	0.000820147634329713	0.000147896513498123	0.000756883949882518	0.00101279932940997	0.0014494815105314	0.000142101536581138	0.000655103252886087	0.000102184353443522	0.000418814787813508	6.51781968755602e-05	7.45763642963069e-05	4.06483474681354e-05	0.00495594528940047	0.000180410871417291	0.000137350840854332	0.000563514491195091	0.00026846234141697	0.000804161016034334	5.9692387635085e-05	0.000250031924666905	0.000149989014448328	0.000179605097150139	0.000102061462152766	0.000616156456361879	0.00108098726980195	0.00113019657064087	0.000257434999574718	2.01387100864364e-05	0.000207350642455363	0.000132319749679086	2.54920490026032e-05	0.000615849623713077	7.12385357326965e-05	0.00035010337022144	9.35324108802471e-05	0.0002095970614397	3.27067836987098e-05	0.000747377883103018	0.000379771430941504	0.000237874009486556	0.0118669565457844	0.00126737212556004	4.91805134479146e-05	0.000437977395311539	0.000443671136702114	0.00012734486852435	7.56419393707163e-05	0.000126463047031273	0.000185325167438452	0.000579712831507975	0.00142418263972903	0.001559285367238	0.000128509077886273	0.000335752764872661	1.05081300607096e-05	0.00025068690777124	0.00091351842239908	0.000411133429947462	0.000807401490665709
G[Ins(T):R2]C	5.23793725493328e-05	0.000145891079519276	0.000264583587267231	4.49977751470187e-05	0.000214093204318053	0.0011253956531334	8.15018208263414e-05	0.00148282690994647	0.000291439479327682	0.000253345673290163	0.00094296279062596	0.000227576426901773	0.000129458858655612	0.00238406042088346	0.000799265041115708	0.00268320955701022	0.000131888720216472	0.000619699909824244	0.000144470313210449	0.000281052993203282	7.69256491515589e-05	0.000383780763908201	0.000143571199037833	0.000364692910556381	0.00016850938394872	7.23587217638949e-05	0.000943837672705562	0.00041079802498752	0.000162762250434238	0.000293091925611151	0.000154032785256011	0.000190302687139564	0.000217974341844871	8.03623760368345e-05	0.00083019847544227	0.000428715731647509	0.000646944433238402	0.000121812255810875	0.000130806749498172	3.18639598495314e-05	0.000177781639339914	6.74104031944468e-05	0.000866123304415319	6.59075400223082e-05	0.000482966540327762	0.000275576742939081	0.000291905629765252	5.29718777409839e-05	0.000446999473632921	0.000508695826896609	0.000156132191129327	0.0145638824459779	0.000515759200659218	9.2449302772934e-06	0.000381500055388327	0.000660587858052179	0.000164646820262512	0.00134901995872003	6.30592190146909e-05	8.85301878444727e-05	8.62591537601293e-05	0.000634394838137254	0.000912466463328545	1.64192123827627e-05	0.000206075037233524	7.66254405123334e-05	0.000179396735436848	0.000351729211143449	0.000863776344167542	0.00147518327015967
G[Ins(T):R2]G	0.000477892780967287	0.000732227370399768	0.000465496072904685	7.05945770306965e-05	0.000277478321811406	0.000125716716738249	0.000321909771719961	0.00204166587722401	0.000432368692925595	0.000240735140569831	0.00142976161507297	0.00193713830132108	0.000409734163699343	0.000206672548580983	0.0152409898500382	0.00437493596943463	0.000320401508242767	0.000819862436980516	0.000131209842906761	0.000799755932293128	0.00104636935555906	0.00152369559809992	0.000190571310537589	0.000705491117718405	8.49851724926408e-05	0.000309496002319194	0.000972643033152082	0.000345357823953597	0.00168809363329159	0.00100800673851329	0.000252525039475345	0.000832362787732343	0.000251954611275147	0.000812609130067972	0.000918965753174109	0.00123118642707821	0.0161591424251049	0.000305331561242327	0.000342439385238273	0.00103202750791058	4.18598671907027e-05	0.000203838922421698	0.000631036970247389	0.0010140599580189	0.00249241052579485	0.00110578005024857	0.000360728504249951	0.000798463158981717	0.00101641262637004	8.31970126685823e-05	5.56520072168046e-05	0.014340300846343	0.000611981732328339	1.26955323717208e-05	0.000296251054179522	0.000994914355340343	0.000678218940165503	0.00158491474964328	0.00133374043143423	0.000260998060803791	0.000235631887771827	0.000729853266825289	0.00120031268775598	1.9381745317175e-05	0.000613388303352366	0.000209655244888142	0.00198474445758416	0.000799443596202674	0.000863152406939395	0.0037819741303357
G[Ins(T):R3]A	3.61462172839037e-05	0.000209550993730681	0.000354515667208678	5.95213304075932e-05	0.000259929171600078	0.000185667178934403	0.000281729851798747	0.00142897573801819	0.000158395661358092	0.000849039052696404	0.000283928884555673	0.000781176080074329	0.000412118563046196	0.000196183894593847	0.000682765529533031	0.00111879085647889	0.000158693705288202	0.000254747328196774	0.000198646680664367	0.000531465413750881	7.81109471113926e-05	0.000342224101574961	9.21244849241635e-05	0.00132153792744235	5.03140727713244e-05	0.000177202687726819	0.000390335739954448	0.000135820456929782	0.00046794319695551	0.00019208217595199	0.000312189163446133	0.000296567980745601	0.000224043471702751	6.92395651861367e-05	0.000587555414443101	0.000911976291395658	0.000949046223862336	0.000111349764937414	0.000129162404394659	0.000190603409438177	0.000246547522860495	4.84573860893601e-05	0.000274125254202068	6.68055115812009e-05	0.000457887502346283	0.000236478819714507	0.000304355874140438	9.96840607250803e-05	0.000996732766986782	0.000448783065946258	0.0003331925401159	0.00779673870067192	0.00111213723197282	0.000109111140832782	0.00024578796203562	0.00137506146343054	0.00012402674025589	2.03152637167067e-05	6.44799383353692e-05	0.000256337031521311	0.000216531553072172	0.000440438980448181	0.00101921211388219	0.000112458339749084	0.000432992179048389	4.23756362197512e-05	0.000378241285725951	0.000847400112069274	0.000736657963232851	0.000928658308789895
G[Ins(T):R3]C	0.000101618738722525	0.000247539346386721	0.000192683833529458	5.1225161468308e-05	0.000170949689076059	0.00156002654550698	0.000277351559567756	0.0010426443008863	0.00011037182332094	0.000623435132617368	0.000398455501330552	0.000486368874873779	0.000263329493642834	0.00344748945739677	0.000437116477620927	0.00119860775476917	0.000141808905739743	0.000287950907959123	9.13478400770667e-05	0.000312205012611138	7.43571895025076e-05	0.000189540892072845	0.000117844164063204	0.000685341449567586	6.20730274558408e-05	9.56840436993874e-05	0.000799964909833638	0.000246003440570369	0.000263671806259013	0.000168965609699062	0.000117005764564893	0.000244988631737752	0.000512172840040402	0.00025256708102695	0.000442451101307377	0.000333118121530571	0.000284533012085511	0.000316226982772621	0.000117254454688996	2.5673563486743e-05	5.68137180515274e-05	7.51287101319576e-05	0.000248477327886356	9.30236829914746e-05	0.000327810892015681	0.000507791585098753	0.00015183278724833	0.000252495398905823	0.000537061046534584	0.000761344450312268	0.00028461043375969	0.00511771670150689	0.000926250651097147	7.80557219829348e-05	0.000347836060159718	0.000539101199915059	0.000105287592865575	1.44800283938228e-05	0.00020445250390702	6.66102567504669e-05	0.00062097688563636	0.000764794724829043	0.000805815074622067	0.000102878009364169	0.000273913622282313	2.95030955882783e-05	0.000468674317868587	0.000234732626552764	0.000729217806097203	0.000456356469738441
G[Ins(T):R3]G	0.000240677723735524	0.000612504487493483	0.000769438454310954	0.000109470158192934	8.61658825042264e-05	0.000552141765116878	0.00037854469469931	0.00142831385716707	0.000154933201924302	0.000717015074940107	0.000351660114570593	0.000960862089557795	0.000282391937619013	0.000523475964026893	0.00763974042550796	0.00138327165103489	0.000201359281963511	0.000448462925701201	0.000306007515035228	0.000766411915675105	0.000564397808193746	0.00285738328896042	0.000141643970113358	0.00021482257378581	0.0001018040410111	0.000426083406366719	0.000361684418868605	0.000186039643211962	0.000779824736929002	0.000493306901588061	0.000137585811139501	0.000823043000961326	0.000242936638661461	0.000448613724527488	0.000590344137015977	0.000934581199575147	0.0060162362826502	0.00017930544703828	0.000428604875635018	0.000922451965149616	9.01597139492059e-05	7.39472929029715e-05	0.000951196033478791	0.000525347462138004	0.000886126008678908	0.000651185023837956	0.000259331770174641	0.000294574727896071	0.00126523353564484	0.000431540102872518	0.000168363745273099	0.0101069210352547	0.000687906695704684	0.000126636677594272	0.000444521344344934	0.00121477795349731	0.000988237206497609	0.00307635767420703	0.000426866959225474	0.000432143126555349	0.000301638664711965	0.000743944458384808	0.000562554703905658	0.000373013848279138	0.000626727876408483	0.000116916362597478	0.000758381609680526	0.000672184786140722	0.000432476792110326	0.00153357418385042
G[Ins(T):R4]A	0.000152182630367092	0.000295710530260792	0.000146205604895028	4.68491602695642e-05	0.000162592950880188	0.000415629981763906	0.000325246661108739	0.00073008187284168	2.8826160560078e-05	0.000304631974466104	0.000281230966610446	0.000265578539509013	7.28198110688663e-05	0.000507973308218204	0.000284892006331686	0.000595926205677714	0.00277610100305659	0.000214156766019011	0.000166285925645549	0.000449128265710173	0.000251484800047065	0.000264344037396545	0.000173873563749195	0.000641756591549225	0.000291978408136142	0.000378172774664634	0.000383403968724002	0.000147095073568962	0.000986624392783759	0.000320887807563192	5.29715800363462e-05	0.000110619837852324	0.000137909832137812	0.000270702863350527	0.000172900799518293	0.000304025971014155	0.000364035425891736	0.000166721595946337	0.000739051810260428	0.000228353772971967	0.000102002727222195	5.15967640568656e-05	0.000586400324519301	0.000174537741372766	2.78655977571984e-06	0.000769699529021328	0.000145901732708987	7.91567296642865e-05	0.000268438042725078	0.00027405172128504	0.000145934015551655	0.00453320983019718	0.000389856608733143	0.000578770369767862	0.000191607090903414	0.000649996827122115	0.000718875008548139	1.44259984371295e-05	0.000405693590182924	0.000458298243353389	0.00032121028936994	0.000202969523223312	0.000402586457894114	0.00109693309010299	0.000393154253201792	0.00015078077121931	0.000851559237219275	0.000332791888217564	0.000157420539901713	0.000462837490814053
G[Ins(T):R4]C	7.84835934226342e-05	0.000363915078174702	0.000272537448305035	0.000141287333575467	6.41490914881828e-05	0.00189698399382411	0.00010908537618828	0.000654861729792169	7.86286592652723e-05	0.000138044307084249	0.000117885524616687	0.000533047490231906	0.000139544740384814	0.00248067297188321	0.000258172047652326	0.000723191094474671	0.00446027928453398	0.000103348046513396	0.000246313700844385	0.000262009258938425	0.000332083176899285	6.68177625371019e-05	0.000242584423991658	0.000489473808762877	0.000251748529836691	0.000163828160244985	0.000935673586589703	4.84012460929882e-05	0.000271180615622481	0.000246006311388834	4.8364531378926e-05	0.00018677505112123	0.000113290424013757	0.000121547349709742	0.000256102730683872	0.000228121690730952	0.000187388001343642	0.000189681351780374	0.00057097625003702	0.000217824572015617	0.000263602553495559	0.000187209109278235	0.000411183345058618	0.000183428146951315	0.000192829936479813	0.000483720744063396	0.000610357422631644	0.000201728254616838	0.000268492726871778	0.00157645239128953	0.000225392193365417	0.00556454209132331	0.000178143272644478	0.000441513552313098	0.000113944990886671	0.000405339581243931	0.000938292538265846	0.000706981983332731	0.000224549762630782	0.00014754256304731	0.000515997047420777	0.000154331427023706	0.000120649273011101	0.000328973806448173	0.000378605086731088	0.000125539793998274	0.00025437409148521	0.000273617262960582	0.000961599106380621	0.000416472471785826
G[Ins(T):R4]G	0.000402417795572439	0.00115220541726935	0.000186661887759526	0.000116048185635918	6.67327575872019e-05	3.85594999374603e-05	7.82644618902889e-05	0.000765595988337887	4.08854798894071e-05	0.000355232535066592	0.000304959154938716	0.00154068513931264	0.000365756659168347	0.000297916751340696	0.00176884856127293	0.000908508042956297	0.00349676297615866	0.000173699643534382	0.000217734566622785	0.000703733971719667	0.00117333568408007	0.00170493976394178	0.000180806438792394	0.00036779462686238	0.000230653677796589	0.000567393339885617	0.00148956061774251	8.82604316075685e-05	0.00116117830612824	0.000690796425070009	7.50493914008148e-05	0.000341137575600891	0.000114524823306885	0.000531849470820572	0.000330073445697156	0.000311243471231631	0.00155406180747963	0.000228630679873438	0.000955608446447863	0.00179938793561391	0.000151394095941342	0.000311630659206361	0.000191982939075624	0.00145815642035164	0.000419544439832378	0.000994710312328275	0.000394716097511021	0.000565436430580442	0.000589649503730914	0.000302865769664691	8.49013758214771e-05	0.0023876854748836	0.00055019953435823	0.000249541841380476	0.000300847281831435	0.000729451716066071	0.00192986586721992	0.000102981097457561	0.00147335570301006	0.000699855565850338	0.000308223632740702	0.000651665941925371	0.00087963388368643	0.00176182275778595	0.0012513367142081	0.00016112140864674	0.00178535930517158	0.000479583194211643	0.000825015715418934	0.000182816231007458
G[Ins(T):R5]A	0.000381290898954843	0.0027164221784036	0.000480741950634404	0.000385273945283954	0.000157400894604647	0.000332097676630792	0.000143164603201845	0.000447445102385348	0.000394234208202761	0.000696721883152014	0.000466105793807115	0.000655827274969327	0.000336582831865674	0.000487545237192583	0.000263870092670906	0.00045411752285925	0.00132500318674986	0.000193393948094859	0.000342844221227148	0.0016458466287095	0.00156738601218948	0.00066967092078021	0.000305657036254692	0.000104700157084699	0.00827687877005895	0.00115101105097405	0.000832890823178256	0.00015603798431331	0.00193841951527258	0.000724385449197413	0.000133699206305051	0.00157116356468166	0.000300850538830721	0.000395978559776947	0.000322741706525084	0.000315655741338386	1.33242206982578e-05	0.000264809251762771	0.00738042616040305	0.000389110628518128	0.000373109494197183	0.000768446035144018	0.000768176713504661	0.00224448234717983	0.000400484370966455	0.00155676445050388	0.000484976917732899	0.000852377147492938	0.000987230592318894	0.000763896226983365	0.000391534863589391	0.00236157762998775	0.000523250864479375	0.0106884768757251	0.00045893514058189	0.000821713332787386	0.00409002855022648	5.32735372996616e-05	0.00170383147197397	0.00125197889694457	0.00180815629064221	0.000942855718438979	0.000822369811531154	0.00253299513686217	0.00259361364324072	0.0032890121861607	0.00266026146485072	0.000382407674283384	0.000600504264890549	0.000392996773223054
G[Ins(T):R5]C	0.000292270965192125	0.00333033198602365	0.000178196982353378	0.00049994761772283	7.80638023066323e-05	0.00359993562794225	0.000233118130998133	0.000291436828920199	0.000308775491972205	0.000385005499154667	0.000450336463417265	0.00108718033631094	0.000357940419598182	0.00141995468547131	0.000158959269554639	0.00041320005451166	0.00224839980677	0.000143883838667858	0.000205366806802375	0.00135036679175337	0.00236691000105141	0.000391499006332022	0.000125251490501932	0.000117612487188188	0.00751489850650229	0.00111970332759143	0.00239608225532417	0.000230398512983641	0.00203212420617914	0.000690541302804499	8.10404505602584e-05	0.00175820792995053	0.000229392535306306	0.000252880933145335	0.000113527020661948	0.000148273072575134	0.000282170823374463	0.000456222326170476	0.0087817334436719	0.00126626768456681	0.000290535857874454	0.00054913086835095	0.000289040426067308	0.00307444514507877	0.000629205197357539	0.00087466558939337	0.000572567658932643	0.000863405670994018	0.000600861362161829	0.00382230570731223	0.000455226536829084	0.00157100699212484	0.00036214077290676	0.00993608629607843	0.000125792532600727	0.00131435136981469	0.0060585999158491	0.00781078665942017	0.00163424582357991	0.00104449273178868	0.0020083105176628	0.000401462744594551	0.000276305039514655	0.00127206152953925	0.0033226137972688	0.00384625529865588	0.00216294909603077	0.000734930449435156	0.00060273513479119	0.000585729995209702
G[Ins(T):R5]G	0.000545982727385156	0.00302056583778159	0.000645298237241256	0.000743751896048035	0.000272701630037909	0.000491992131949971	0.000401071055373764	0.000506548105534377	0.000325317036185001	0.000874915118617761	0.000502986332118366	0.00169380844763697	0.00157765631650338	0.000910262797123458	0.0013565137645221	0.000837469879371674	0.000796745991864628	0.00014159246005666	0.000155864770628952	0.00153643112019436	0.00286780297419524	0.00249954589021138	7.6000493311758e-05	0.000176315340238749	0.00350277880134133	0.000847232311034388	0.00114281801685953	0.000136797176348198	0.00319577551483923	0.00140520099344112	0.000319839139303207	0.00174795881971231	0.000109552937265119	0.00111883951209535	0.000352020268895406	0.00034120058739297	0.00112366364248687	0.000383331234581716	0.00797929303315735	0.00105604292951443	0.000335342834358896	0.000805882929964984	0.000682949752128714	0.00419796020418035	0.000332380850047862	0.00116989445469203	0.000815257685295076	0.001180022877169	0.00189318928413965	0.00089847545097353	0.000219542319644483	0.00157240648843164	0.000883462363568208	0.00458003908446261	0.000516044173926124	0.00113439247187749	0.00722809977581473	0.00161176763811989	0.00158947413748764	0.0011573877802379	0.00180765881790843	0.000865462197330247	0.00149328440012323	0.00320226227858254	0.00329824583158574	0.00312844529196006	0.00316612643649593	0.00104445648377235	0.000678290401399715	0.000729145733011456
G[Ins(T):R6]A	0.00140205388539943	0.010556585953807	0.00213378952225503	0.00109283617116193	0.000126253501766902	0.000444071596387198	0.000137847581648296	0.000328841057774761	0.000266763526993037	0.00253523729377514	0.00061107841459388	0.00103967769555189	0.000740107356624282	0.00266521658662985	0.000301055931952533	0.00121710733229524	0.000631146198719518	0.000299500412145421	0.000482237243563954	0.00569071371055836	0.00848519570856938	0.000625129589501702	0.000593141480685275	0.000282210232493166	0.0184318407692152	0.00403176841116509	0.00339753064892277	0.000498414838018791	0.00725194867591334	0.00243116585044861	0.000169882549361374	0.0070059496160796	0.00104673631170338	0.00133303817164972	0.000236291306765938	0.000783881023947181	0.00110303140046381	0.000625916712627066	0.0196785916079384	0.00447969138221104	0.000884514820807978	0.00108653967853869	0.00128830250610451	0.0121365386637601	0.000248784056776267	0.00303287439008142	0.000720565141360141	0.00274224649634832	0.00204572427793243	0.000592455480746569	0.000221388001727558	0.000761470766380103	0.000576576761720362	0.0231484249447925	0.000629015304122053	0.00210393709831632	0.013954503595811	6.31069894178548e-05	0.00510839504907055	0.00460702546407791	0.00548830247850342	0.00155013910401572	0.00144223571851567	0.00136749635914283	0.0092218216205712	0.010606521412838	0.0106367903503796	0.000355570782365558	0.000474080455587192	0.000597786751877349
G[Ins(T):R6]C	0.00116145635607135	0.0192440828473456	0.00226829304889263	0.00242361390109434	0.00038185348739628	0.000934271189600407	0.000602275532471866	0.000645345202365749	0.000839919140663102	0.00321193555212389	0.00118553259308131	0.00492670245586714	0.000856585902257988	0.00514755498667994	0.000401147696498609	0.00211912232330156	0.000144384057144014	0.000293444839205528	0.00156905026317105	0.00881199291015291	0.0141322227763558	0.00073041172053242	0.000169033423931237	0.000502891603745862	0.0177691345897527	0.00541757589620351	0.00177984779293752	0.000453982573146306	0.0127473195087564	0.0037443921559262	0.000612035986661893	0.012610248061051	0.000259943917811226	0.00145070836544872	0.00107890292476686	0.00242882825753335	0.00104386595509177	0.0011731699249076	0.0228153244507016	0.0186851310714178	0.00151522349771718	0.00357339509709772	0.00145904674850342	0.0205919005673917	0.000795061235208383	0.00283258779920937	0.00338132511830369	0.00504125901274639	0.00331492241421308	0.00184600298312354	0.000388062478653435	0.000735748989430956	0.00102243473709236	0.0245416841537702	0.000917018153059382	0.00247832339460356	0.0289239369766089	0.0061931837859774	0.00653484164451035	0.00671938949537431	0.00799422973521254	0.0030209494966152	0.000676446580747818	0.0035632196495465	0.0172672766650039	0.00882182723798668	0.0145266028295032	0.00267510427205625	0.000801859403574283	0.00164036700890744
G[Ins(T):R6]G	0.0028721401127832	0.0219581958539849	0.00134226557345508	0.00270361486241204	0.000586346332420083	0.00123585587351209	0.000673792877356272	0.000778653919493499	0.000839100956755803	0.00370902653064786	0.000433703799284941	0.00144185056328438	0.0020523302977082	0.00151213790624001	0.000907351689395153	0.00182025993544408	0.000298132301212651	0.000350005344359292	0.00198160649401249	0.00930231373297972	0.0258918389606704	0.00144821403156716	0.00023942141468813	0.000153477517956065	0.00325021070799633	0.00542823847562827	0.000991512854834962	0.000418052848413333	0.0154294772659122	0.00670336863874954	0.00139640023987367	0.0137517834902697	0.00164826594501855	0.00129542732425601	0.000723410363557293	0.00238502932775912	0.00120766897852353	0.000846985537027823	0.0221146437044775	0.0374711048050133	0.000928748748263082	0.00548169775259772	0.00160751803048313	0.0332281206201255	0.000578712734221495	0.00628328040929095	0.00519763049621892	0.00836694888161351	0.00377869062059607	0.0017265866548093	0.000250981480551109	0.000730199262697087	0.00170160377963614	0.00807159139839947	0.00165361545287927	0.00146625954566516	0.0311252415710743	0.00824005466534898	0.00840756958239258	0.00677034143479775	0.00932093715065632	0.00196711155345345	0.000956822553787091	0.00256360797718443	0.018980625234367	0.00708456274891082	0.0216138828066915	0.00347225735396217	0.000529198834873747	0.00081795629641742
G[Ins(T):R7]A	0.00242947564315917	0.0190325187295127	0.00321616473885511	0.000557326530876872	0.000823482376970536	0.00026362269688648	0.000379156545061334	0.000310656393153768	0.000587207032947602	0.00373068410971884	0.000356354491795288	0.000874969559532248	0.000449656914260825	0.00117464065995461	0.000231935633965554	0.00260848325427182	0.00532529605169593	0.000187996611253185	0.00233009834892204	0.00971765010497251	0.0182884239043091	0.000257469497269551	0.000304252071657078	0.000529819096417196	0.0131925494265389	0.00652218573222807	0.00210413915700188	0.000728700435462731	0.0129571447934071	0.00361331531390253	0.000163796694962066	0.0130866078908643	0.000417226961077299	0.00251384724339585	0.000392508165164944	0.00225843002548342	0.000193588746710145	0.00066007494145118	0.0163568428364404	0.0194602571302726	0.000965887782973998	0.00121146571397438	0.00329809469747858	0.0210958769559554	0.00368940514305306	0.00262310270837022	0.000409756346149663	0.00552738817018895	0.00216821354982766	0.000274739393840058	0.000205621497153489	0.000546237886092679	0.00127892155550812	0.0164812998749314	0.00124951919740982	0.00245694192002717	0.0131647782714047	0.00843391414996479	0.00486301441223345	0.00750110002860812	0.00819300936652136	0.00251960838624678	0.00117287070749885	0.00475318511717194	0.0144886911045777	0.00807152528657668	0.0180980561042706	0.00234115810891749	0.00103801375822791	0.00066924258106973
G[Ins(T):R7]C	0.00178348559519176	0.019646056362929	0.0027981270944389	0.00120152439965349	0.000271519819133286	0.00134209366931086	0.000492422200264128	0.000375381971780357	0.000178684250711565	0.00331770748895367	0.000470543868827014	0.00213926688495907	0.000508820619979532	0.00272501254474908	0.000319992045602915	0.003154274320161	0.00139707816298531	0.000200107757132971	0.000793879993524873	0.00996305323687847	0.0178646525596297	0.000449030277984686	0.000235736141057739	0.000991859947629243	0.0118763660653814	0.00566443414510593	0.00092050070956306	0.000643381453664383	0.0135397095853654	0.00401859258890104	0.00030445387187318	0.0122971153636473	0.00255551513659845	0.000730939938745103	0.00109434676148823	0.000863148271751494	0.000214885354308191	0.000721147026108403	0.0170455794935059	0.0227187270157354	0.000510777701483425	0.00236925781166434	0.00162027394997372	0.0227547113458083	0.000577709572702236	0.00282428335905217	0.00226141334942206	0.00532047345009472	0.00292113704874904	0.000955722770367658	0.00041215019397493	0.000354169082607489	0.00193599656826925	0.0170227467211943	0.000888967017082142	0.00285596676525631	0.0173597201353863	0.0136441849637764	0.00576894919489105	0.00694801610208549	0.0107528076837439	0.00237071615916504	0.00158074172019988	0.00142145572766464	0.0167460475617515	0.00704084717162483	0.0178070458227251	0.00271635156494339	0.00092681754901152	0.00121052100156877
G[Ins(T):R7]G	0.00388740469957345	0.0271162028532453	0.0031423699320662	0.000941671277188336	0.000221470869044822	0.000461797812784068	0.00162331444405637	0.000611850846992549	0.000407728313804311	0.00351723198556139	0.00231447635726148	0.00375406583827232	0.001230681583741	0.00391038990118377	0.000762097642109222	0.00343937443550126	0.00587945107604457	0.00021466762096362	0.001089057194572	0.0125697459213558	0.0319433560238119	0.00122581679674589	0.000647942455827803	0.000134361755240579	0.000890331035597955	0.00696777731928446	0.00371454365319517	0.000860777742251412	0.0183666582282939	0.00832909482949989	0.000629620503656779	0.0161178751761623	0.00210221628506641	0.00249834403099632	0.000458251846123757	0.00152079157742208	0.00126078131532351	0.00176733838936692	0.0181865923678065	0.0422653733381066	0.00101781694025164	0.00314771965143959	0.0012325066989444	0.0372295370963759	0.00132027202173606	0.00255694228243876	0.0023890028131809	0.00950909793457074	0.00445313754393007	0.000719885183462257	0.000287332032763547	0.00111805277365449	0.00102587212984586	0.00527741708806918	0.00150007118066231	0.00230113411772547	0.0200949410787152	0.00419477777775977	0.00775461586210458	0.00860277939244148	0.00980047468324602	0.00254020031417909	0.00178206146029146	0.00235434408363823	0.0202950764276062	0.00691913043763472	0.0280041603076032	0.00420410372509226	0.000800652732519847	0.00124214426948374
G[Ins(T):R8]A	0.00249469553338935	0.0197496706279443	0.00279569418813452	0.000394776319681867	0.000471886215621909	0.000427102229679183	0.000742450031336011	0.000288448129819263	0.000848302561278477	0.0041041218747524	0.002743472289732	0.00186389698480381	0.00117147962562635	0.00238677117098487	0.000246284216944739	0.00128245537698223	0.000935804167695264	0.000510022440254449	0.0015488092928384	0.0129542827965608	0.0244418200595021	0.000352079466900996	0.000602674643609398	0.000716243734245866	0.00604887755610723	0.00626828128528306	0.0006589803849744	0.000653402707812879	0.0169232467812611	0.00592354076551078	0.000341528290184231	0.0156278334290176	0.000500308891278671	0.00209371559861181	0.00130484994606725	0.00370702769437785	0.000480631584301145	0.000213478106884287	0.0160325635262464	0.0335540485993648	0.0002995954901478	0.000721352152347948	0.00114856803100207	0.0276252278903237	0.00319952793448151	0.00242176731656734	0.000765263423894075	0.0054221534259052	0.00277600210669067	0.000288316664368457	0.00019636180399094	2.50944165357534e-06	0.000330038635193605	0.0075127154477544	0.000411169905756935	0.000805250705211993	0.00554832433118896	0.00527597124115077	0.000194856305995474	0.00782398490876927	0.00671724341037144	0.0017377445313753	0.000728502685846997	0.000385247193232183	0.0156338254387195	0.00534077092556327	0.0205187199356778	0.00138053084129706	0.00144649839805588	0.002327026048201
G[Ins(T):R8]C	0.00259559365194354	0.0210749672589109	0.00237590893953409	0.000785565849810071	0.000594903335643724	0.000834924709389637	0.000862228121214048	0.000267613667289146	0.000803124580310193	0.00357535204626513	0.000610201591261681	0.00130307499135258	0.00130639582610257	0.00282437128049209	0.000326157244258401	0.00081979999933303	0.00143409596442171	0.000333450855861877	0.00172111481486772	0.0114160567005334	0.024879816864116	0.0011259466604028	0.000431655144068968	0.000427209725879503	0.00653815697057115	0.00597858750587806	0.0010314090492502	0.000366190741028498	0.0146957899142073	0.00609699279358626	0.00032783985754778	0.0152737232564461	0.000980970260475052	0.00113708351928733	0.000915511608729181	0.00332538641814354	0.0013820280327578	0.00045209505390867	0.0180155624073147	0.0292962442367824	0.000260710020299853	0.000626261454095759	0.00141811167827473	0.027005523590312	0.000953672217642356	0.00154553712250667	0.00178906891517031	0.00484693166954111	0.00246994619610723	0.000295738981367239	0.000721943239207092	0.00016736045489614	0.000477112560728546	0.00940830769140465	0.000550807052501718	0.000792067308970594	0.00552223995625426	0.0107418577800787	0.000258103685753529	0.00694112061770461	0.00782709198804976	0.00294572132194278	0.000382520467177975	0.000634070481783171	0.0157933368037407	0.00722013909176931	0.0190989462819056	0.00264262225435195	0.000845075885923908	0.00176642801249561
G[Ins(T):R8]G	0.0039159659566111	0.0272982975409434	0.0021939402821868	0.00066125305293582	0.000569627911212841	0.000273342240259145	0.00113037782850499	0.000352636925350098	0.000520993425145267	0.00514919051174438	0.00136772299192247	0.00207591387325287	0.00134517100478588	0.00200907332352243	0.000287211383160536	0.00167635827380249	0.000934370276572431	0.000660852113695494	0.00213015599818125	0.0165123288539232	0.0423028017758477	0.00085465889544717	0.000835898766813289	0.000148836431335238	0.000738426720991612	0.00675252894749883	0.000706809606464477	0.000894409635751463	0.0197743147560393	0.00921534602242205	0.000476725261279143	0.0194857813528485	0.00170916297681287	0.00317189502764603	0.00196918294596575	0.00551185177462815	0.000435971453982885	0.00117690755957826	0.0197234677734832	0.0573234295834952	0.00080319643473999	0.00142736516042	0.00436657079586123	0.0408308690834079	0.00566630211033974	0.000894592807079069	0.00184357773624162	0.0109942578639928	0.00308931653357001	0.000659068786675147	0.000540597153858123	0.000349632784233719	0.000621718973010849	0.00414973684442229	0.000894204808364779	0.00108227928202914	0.00488912884658428	0.0121543629379135	0.000166983145989785	0.00870379609716661	0.0092778926677965	0.00261826081835497	0.000627795684877625	0.000450644002336598	0.0205453757810403	0.00677951801015682	0.0307056322881743	0.00355774584031331	0.00137573449846351	0.00345935301612576
G[Ins(T):R(9,)]A	0	0	0	0	0	0	0	0	0	0	0	0	0	0	0	0	0	0	0	0	0	0	0	0	0	0	0	0	0	0	0	0	0	0	0	0	0	0	0	0	0	0	0	0	0	0	0	0	0	0	0	0	0	0	0	0	0	0	0	0	0	0	0	0	0	0	0	0	0	0
G[Ins(T):R(9,)]C	0	0	0	0	0	0	0	0	0	0	0	0	0	0	0	0	0	0	0	0	0	0	0	0	0	0	0	0	0	0	0	0	0	0	0	0	0	0	0	0	0	0	0	0	0	0	0	0	0	0	0	0	0	0	0	0	0	0	0	0	0	0	0	0	0	0	0	0	0	0
G[Ins(T):R(9,)]G	0	0	0	0	0	0	0	0	0	0	0	0	0	0	0	0	0	0	0	0	0	0	0	0	0	0	0	0	0	0	0	0	0	0	0	0	0	0	0	0	0	0	0	0	0	0	0	0	0	0	0	0	0	0	0	0	0	0	0	0	0	0	0	0	0	0	0	0	0	0
Del2:U1:R1	8.62116235037688e-05	0.000619830760861813	0.00244952446190526	0.000155526869527469	0.00130950087529292	0.00524855342123943	0.00394336196328901	0.00645396151269752	0.0340276639599641	0.00750822085309991	0.00124935184207565	0.00279422166244507	0.00852608928160215	0.00177628544389915	0.00347287340866675	0.0630886927825424	3.07262383464157e-05	0.00788415481238224	0.00379617073821999	0.0027781596869147	0.000125602010996493	0.000488255708231248	0.00103219659535738	0.00510448303694328	0.000225486864374604	0.00295467484372452	0.0016101349273121	0.00231802617719828	0.00234095248604348	0.000492155740146125	0.00486131792930908	0.00333614227989318	0.000617782557341362	0.000296879753396867	0.00663333052303496	0.00647008954826255	0.00402018682181424	0.00252033468079633	1.92442586290307e-05	0.000793144533982264	0.0104792384473111	8.08215773777071e-05	0.00392910445025906	0.000175065482343182	0.038354877527354	0.000566111794235849	0.000220089616025131	0.000447726002952672	0.00286412882581348	0.00825442920657415	0.0139213855804429	2.99202658695522e-06	0.0094041491113016	0.000162371163196708	0.00620328532562036	0.00186459752487164	0.000799816465040471	0.00139116332494086	0.000225784435373753	0.00309995647413627	0.00379660717311695	0.00934044496356812	0.00832739203856309	0.000170411969092911	0.00162211211959365	3.13796635378387e-05	0.000315198761172808	0.0081273940045121	0.00023007979597959	0.00494202546619502
Del3:U1:R1	0.000665571037369125	0.000253279045957819	0.000444089178314631	0.000194377905811189	0.000783738422385146	0.00133500318275211	0.00124843037463944	0.00382313524679979	0.00103005796607686	0.00226404344854178	0.00064450561793524	0.000567074892081756	0.00178331394786912	0.000772227149802889	0.000300152358470622	0.00294414138747485	0.000125304526285097	0.00668737503322947	0.00154189698597135	0.000626699110629466	0.000410352414994185	0.000425837113250951	0.00112403052477576	0.00463922559104353	1.53222742858849e-05	0.000187443468650188	0.00294534810565668	0.00140688810424006	0.000677934269485448	0.000369031245813234	0.00410643499569521	0.00051623728944854	0.0021440144166865	0.00268498593343214	0.00434725553372844	0.00187244265137749	9.77355579196307e-05	0.00373258381299404	1.15465551774184e-05	0.000387535393729383	0.00329432242942008	0.000494647504627613	0.00419449289758387	4.15356500993057e-05	0.000507376803963068	0.0155013637249021	0.000591976123717115	0.000281273483567821	0.00160256395306936	0.0018272766932989	0.000617709125634078	2.94376809361723e-06	0.00267794564877411	9.89521993081186e-05	0.00159729274624142	0.00149976088199624	0.000202618155794529	0.00323282842879103	4.74291923215736e-05	0.000304894212660218	0.00165975231932262	0.00222591507469943	0.00226181891418989	1.55938300726777e-05	0.000488390070391856	6.44440102608979e-06	1.0215993974421e-05	0.00197559563426532	0.000592581439333126	0.0013595741989728
Del4:U1:R1	0.000251287481490877	0.000155901115571271	0.00023043912124061	9.70890201859115e-05	0.000623224766422925	0.000501791343710938	0.00102594209599251	0.00273834437487821	0.000701835784134058	0.00205700654569883	0.00137653169401364	0.0012580444267963	0.00137051959249468	0.00143914254403224	0.000350352934162899	0.000225618834822416	0.000157142761828812	0.00578086542356798	0.00305382617696934	0.000486183594240583	0.000130912296609866	0.000461303359687505	0.00143401279235713	0.00607341325958448	1.67119689304187e-05	0.000263872816336231	0.00105578577807726	0.0016849256834237	0.000860218042699041	0.000258718867204374	0.00357433035528716	0.000662247282194468	0.00112861813148087	0.0014881758148918	0.00414441679925752	0.00181093555882345	0.000414268845200127	0.00215739448015144	1.43925370873455e-05	3.81925347025606e-05	0.00391921875188884	7.14162966091416e-05	0.00437596989443324	3.16774487719323e-05	0.00295141265205142	0.00795400309863937	0.000203608021730279	5.39139885112214e-05	0.00126680650904111	0.00167932479557356	0.00101074556108767	2.26814918688541e-06	0.00223013393415534	2.80995567883993e-05	0.00122396851455746	0.0012385302237003	0.000155797278600752	0.00446881771810853	8.32769851808319e-05	0.000222631757024951	0.000604010447136872	0.00203627112162757	0.00186261410006297	7.41664961490683e-05	0.000265673829678769	2.98153148658482e-05	6.85317153453697e-05	0.00134471224764867	0.00042252322746129	0.0023087043044936
Del5:U1:R1	8.60444576966937e-05	8.07134679054917e-05	7.03800250751878e-05	5.07588087764547e-05	0.00092401542091151	0.00113176912419744	0.00734472927472223	0.00234552832500906	0.000666938461827061	0.000801514866194764	0.000316924421025797	0.00133778100235613	0.000268786835463439	0.000383243368911722	0.00022722516812675	0.00023705795437485	2.09231051597021e-05	0.00528900472304018	0.00191965610610003	0.000245582860651644	5.08208277881631e-05	0.000268991126584991	0.00134171912321441	0.00468598109239691	4.13345073758756e-05	7.89493233482416e-05	0.00124606289835301	0.00122345116421821	0.000346793704208049	1.89972750390821e-05	0.00460061206063342	0.000139231621170916	0.00140375201837143	0.000204407014585106	0.00369940079909787	0.00150104625511789	0.00010869758990684	0.0035319348845739	1.6353102403073e-05	4.09284688093287e-05	0.000345903309328128	3.35488218008209e-05	0.00457304249982055	2.1978381644869e-05	0.000741113437950447	0.00301081518361831	3.25379640091351e-05	2.2328996502846e-05	0.00102739609807061	0.00158669359743945	0.000145996581045996	4.87410782713673e-06	0.00129972241262297	1.93493665440857e-05	0.000501472454333912	0.000609582516627475	0.000123591280906125	0.0018022772654207	2.17653354261656e-05	0.0001183857384966	0.000218469078456372	0.00103455179898062	0.00075739394200435	8.77853042654711e-05	0.000167370787259479	3.30106840347269e-07	9.02389698419006e-06	0.00125983696984942	0.00035636822267684	0.00400573395480496
Del6:U1:R1	2.407488821534e-05	5.51603254149618e-05	0.000102931038005758	2.78689563522563e-05	0.00165177111460757	0.00183257210188312	0.00517744109433427	0.00198742349049713	0.000437467520173984	0.0011971824489864	0.000108793541141272	0.00136560397765786	0.000204382551501113	0.000773325623700191	0.000125053750328657	0.0001219762364255	2.1771734599746e-05	0.00457382771696021	0.000570361406895851	0.000301917131162318	6.55362360049218e-05	0.000245724930672944	0.00150768516370478	0.00233327183510633	2.88628887710855e-06	3.22750209074668e-05	0.00149452838712433	0.00122408349124054	0.000170063824948668	7.51739534055521e-05	0.00418991168391999	0.000171742769894719	0.00233990672673208	0.000146149567920736	0.00328300398872623	0.00127000116957062	3.32551879477293e-05	0.003414091159784	9.56792013527865e-06	0.000236091768425452	0.000448097052893435	2.03454399497667e-05	0.00350414906694532	1.94111248010908e-05	0.00108085080580621	0.00057773457176435	3.92449153480853e-05	2.28826079863876e-05	0.000981178343964923	0.00134394518551834	7.46719174966344e-05	1.44775480013962e-06	0.00110015965701985	1.8888168208257e-05	0.000297238075149868	0.000363374282956186	4.27505918666313e-05	0.000185754991111802	2.09682949739399e-05	4.68097540411436e-05	0.000264786408248957	0.00081782927279522	0.00121986612967813	8.03126465652371e-05	0.000112602150594322	3.50108387816587e-06	7.67932247195283e-06	0.00071940184463593	0.000320633100864721	0.00402346932041505
Del7:U1:R1	2.26577438508564e-06	6.6764185411016e-05	6.3612457194065e-05	5.36831557313845e-06	0.001365533052137	0.000318394713843099	0.00576067907042199	0.00152790759197124	0.000144842267067607	0.000744480167298378	0.000417826552177281	0.000945787271929158	0.000138575679687697	0.000405762083806401	0.000182472669278919	0.000150731945473544	2.76536145117741e-05	0.00424492177721373	0.00101708241185773	0.00024810715377424	1.69484417340924e-05	0.000374836366437965	0.00137485348462777	0.000915695580559729	6.93421994426327e-05	4.2859865031496e-05	0.00188551879436165	0.00112213769622117	0.000207545701311293	0.000116254860646961	0.00284950699223435	0.000180584618882606	0.000591311550277615	4.25323732845949e-05	0.00258845478654679	0.000542465803837282	0.000246184354729583	0.00188427295977748	1.01461513804702e-05	0.000152991224394628	0.00012178656275887	1.47189805627636e-05	0.00405503966963947	7.78783290497167e-06	0.000471597376442825	1.73653924612223e-06	2.90919881873937e-05	5.63275403298196e-05	0.00101565991517427	0.00106993893018735	0.000760108190755435	2.41292466689937e-06	0.00104374762068243	9.02271653366685e-06	0.000105259206347624	0.000539743752000774	0.000146890155537371	2.39893007718558e-05	9.71881951958072e-06	3.69321409226925e-05	0.000827912451501645	0.000780031999968736	0.000873660039122084	1.24396905305671e-05	9.74084676713936e-05	7.17616495789408e-06	6.14484413685323e-05	0.000919848898920019	0.000359487908817578	0.00340400715360704
Del8:U1:R1	3.25257974622048e-06	3.19961063038133e-05	7.72045618367162e-05	4.14457805842563e-06	0.0013871097545735	0.000561223961383139	0.00450816689953178	0.00143658168154447	0.000534973697996083	0.000905033317616238	0.000217303800898296	0.000948841013120811	0.000113571363542355	0.000652387191071491	0.000120279767986589	0.000195053849963084	1.4777857490419e-05	0.00332449659835933	0.00101407571335503	0.00010539443902178	1.29873983134718e-05	0.000303375358458644	0.00110846189875037	0.00133208376288275	5.59797509375005e-05	3.800850630628e-05	0.00073415159298457	0.00119870007791567	0.000185558083828389	3.73349656844063e-07	0.00381504390787537	8.01797528554137e-05	0.000888801779921487	1.0811664354023e-05	0.0017978670603609	0.000437351208332073	0.000439034917467526	0.00165329002333525	1.76179832519295e-05	2.51208495257797e-05	7.33502757552861e-05	4.606777426899e-06	0.00327103146288369	5.75481230509166e-06	0.000600113513299024	9.80027099296707e-06	2.13606321770765e-05	2.53544346979902e-05	0.000956165171921087	0.00163953640253492	0.00034373482591245	2.79899261360327e-06	0.000707255354864186	1.97141325006048e-05	0.000234134534445732	0.00046354593742234	0.000126761856832928	0.00105979760054043	5.58773982820357e-06	3.64965078366954e-05	0.000211425911857048	0.000277427379423811	0.000977872402533059	5.23233428714611e-06	6.29321203991295e-05	3.42953362705611e-06	2.19013167972662e-06	0.000692114064077011	0.000317277966713361	0.00253895543737351
Del9:U1:R1	3.46718449854664e-06	4.70872869234864e-05	0.000100028976215685	5.97843112488638e-06	0.00209744980807675	0.000700444469938329	0.00451079555117274	0.0013388917071265	0.000642428517821433	0.000558313424175973	0.000340369327969818	0.000513901017681065	0.000165530868025919	0.000455654059528994	8.73413387457808e-05	0.000106158455294269	1.2934283189634e-05	0.00265216468777992	0.000434148665655722	0.000193109001784501	8.62497418467212e-06	0.000432992246852517	0.00122128202710587	0.000313181444200468	7.39032485323845e-05	2.4496759119664e-05	0.00143707170559196	0.000657507187681023	0.000158866235272329	3.76647578812853e-05	0.00290919955477709	0.000119514791038337	0.000965951735741994	1.35524591464718e-05	0.00184026653219015	0.000118419941354715	1.07774859941587e-05	0.0028030095376644	1.48442802476514e-05	1.72446755820534e-05	5.71957507377529e-05	4.26509828270445e-06	0.00158904644294199	4.70257800100041e-06	0.000373287547555429	2.40708410353577e-06	3.73037927497806e-06	2.83653041698833e-05	0.000865843045143967	0.00129044312408914	0.000289021301110769	3.812420973701e-06	0.000720602993832781	4.23463926533621e-07	0.000195571625134305	0.0010901671628055	6.91840540486675e-05	0.00168930062597487	1.0668079899022e-05	1.85388799237531e-05	5.92254380954356e-05	0.000420391911922838	0.000866119091348549	8.69599219553861e-07	0.000105989889214094	3.83119071851313e-06	1.15051221150196e-05	0.000501640666533889	0.000204457166223676	0.00205568729916872
Del(10,):U1:R1	9.75510374170306e-06	0.000677047711259935	0.00100613577461965	1.07857209033141e-05	0.0529464834065627	0.00573313639307745	0.0205312486527047	0.00667525716743609	0.00338571615483255	0.00737961375510752	0.000578865274327871	0.00130477151423683	0.000750639516306104	0.00116840416298929	0.00105810503651203	0.0012538067256745	1.09151303840124e-05	0.0163300240130105	0.00200792285513412	0.0013291287486546	1.77794693975052e-05	0.00368916420686447	0.0139429201575685	0.00213492282125682	0.000361641306342898	0.000267068075176149	0.0171364552670274	0.0178165195762038	0.000189599163384625	0.00023639878021938	0.0280714584339605	0.00128063428989432	0.00488815262304878	2.31114206486647e-05	0.0156084015996185	0.00347692319988709	0.00147385811889981	0.026321823159891	8.51806903072777e-05	4.35262244258559e-05	0.000759590132412256	1.17531199035952e-05	0.0146839141214162	4.14804402747084e-05	0.00262661124459352	6.64355212575873e-05	2.07089893133497e-05	0.000115695087578034	0.00896566046281992	0.011432715358002	0.00186973851564991	0.00018222407084424	0.00842717638360541	4.55831664284507e-05	0.00158322111727418	0.00293557675297958	0.000248571713126377	0.000991990004890251	1.43826689562122e-05	0.000587960270859717	0.00361026436015266	0.00371587539662829	0.00811940327278429	2.72228772629827e-05	0.00125650889025489	2.70752654767588e-06	0.000316266103826852	0.00617791384033885	0.000760032064487327	0.0117942444520788
Del2:U(2,):R1	0.00352293918970054	0.00185256597565038	0.00171538158011618	0.000950346138539051	0.00328551837671577	0.00498289918045129	0.00708746819895957	0.0170177504844297	0.0536802279740208	0.0108082953507737	0.00538749932400294	0.00203146497368548	0.0129034384568677	0.00595835274413485	0.00491641502725723	0.0339359922218698	0.000567616043052786	0.0226702387556365	0.00390370515518482	0.00412545433071941	0.00173876803691602	0.00197075211239704	0.00378780662267357	0.0247251821913695	0.00101130573606442	0.00236706491797381	0.00109444965760709	0.00457670394672952	0.00199754361770304	0.00336266079928599	0.0133030615478286	0.00291543564971532	0.00112419486734717	0.0121533334589283	0.0163232159224468	0.0118221660978734	0.00576754210241513	0.0080275012561483	0.00025668949854901	0.000761197667038588	0.0128127759589232	0.00326234818439163	0.0162075751363577	0.000255377915130295	0.0399582640223032	0.0225424629838177	0.00370305721507732	0.00196199909767156	0.00773045817385734	0.0111850850392647	0.0650568210434786	2.70247562692729e-06	0.0132346331527339	0.000423799343505133	0.0112032670657324	0.00218556337017062	0.000741907569196884	0.00432720520161521	0.000508516036851362	0.00265229453073649	0.00605428244428148	0.011573095627833	0.0132370615879279	0.000661897656808895	0.0025882231064287	0.000191970949869538	0.00025110275555853	0.00992813502376174	0.00212919167725422	0.00886618085412759
Del3:U(2,):R1	0.000640845181405062	0.00049851405401147	0.00034031198487932	0.00024501399019505	0.00323116990954961	0.00122462263076172	0.0036066483463372	0.00906139222383709	0.00166237183356603	0.00473540046077936	0.00173779639646924	0.0024615577608845	0.00485680470596276	0.00115318498431539	0.000697530043162619	0.00433166323080016	0.000114272343564527	0.0160549809058156	0.00180039246528546	0.00152035493290398	0.000238090367776003	0.00163027114973603	0.00345904858474974	0.0142018858894654	0.000311469766355628	0.000293592711706381	0.00133971882964437	0.00390294821288547	0.00190023994825152	0.000774874767791292	0.0116312147794803	0.000796183656180875	0.00106922980993371	0.000734687224813752	0.0114975220627125	0.00646050875393326	0.000641149689056611	0.00671616872762344	0.000123732451607782	0.000216884958281979	0.00413190180592036	0.000402231329331705	0.0125310397065101	6.25007690809757e-05	0.000553076384284873	0.00834004780847286	0.00121980917213065	0.000190859987071521	0.00385148486999833	0.00371729071994355	0.00129028818980569	0.000191537960058472	0.00661397355026759	6.80854525047472e-05	0.0033968984708446	0.00157022004174018	0.000296418259036543	0.0101455831780107	0.00016687109521003	0.000611402470377825	0.0036817040630012	0.00570356008975864	0.00620369618730329	9.38282818928793e-05	0.00101222384972562	3.69540785561167e-05	6.64386148160107e-05	0.00401022160942248	0.000445132122681245	0.0034279354949116
Del4:U(2,):R1	0.000216209769973818	0.000402007349601924	0.00029201912984844	0.000115809749673166	0.00309702200983613	0.00135392442497349	0.00348489117198337	0.00625059577805993	0.00132076226566175	0.00420160107986453	0.00228296467566123	0.000711812530149635	0.00168634412416422	0.00193818632250464	0.000568009648410912	0.000553825749299667	2.80340346055869e-05	0.0128929391672976	0.00251709639765531	0.00116312180148786	0.000243798265264614	0.00157413323609065	0.00340574452214969	0.0156696410211402	0.000236675687922901	0.000340653662773438	0.00149861043018226	0.00302215054544501	0.00174077963974529	0.000468852499064775	0.00967690663490748	0.000843431219884491	0.00195720865699311	0.00154659018761536	0.00954654747888197	0.00642383988249437	0.00112624728638958	0.0049335767481141	0.000110487342147613	0.000401988863808572	0.00283945794037065	9.87795476960955e-05	0.0093046358168655	4.93868119207274e-05	0.00102500814790078	0.00295283884363886	0.000367907620545246	0.000100640740218569	0.00288265388468699	0.00238039275730307	0.0018683620747744	2.26814918688541e-06	0.00538073069795404	7.04878765632003e-05	0.00175995709222438	0.000626709853257057	0.000371572784665877	0.000143719684804361	4.44503329125918e-05	0.000508730115188216	0.00198241575273071	0.00419192751521123	0.00504570117756082	9.70413773142817e-05	0.000748428783548445	3.56824354568479e-05	6.50385939321348e-05	0.00297606342221268	0.00282153243868779	0.00411418304080353
Del5:U(2,):R1	9.62280179439181e-05	0.000119100578636997	0.000545225696587614	4.04850239108142e-05	0.0021343678006036	0.00169120054684382	0.0187912059413796	0.00540402060091639	0.001060828795634	0.00419406029815721	0.000360806056404912	0.0016495534363992	0.00078585722216711	0.000621027533035628	0.000483639242882298	0.000310745797032217	3.09018168512524e-05	0.0127601109067877	0.00153612536472183	0.000906872531000195	0.000177719317316239	0.000953814094992046	0.00405957900228477	0.00914875348914365	5.59441177414868e-05	0.000191071341337695	0.00339652939307837	0.00378675812253277	0.000349833148660603	0.000115937513438643	0.0107963531019927	0.000796794354459317	0.0031061257990721	0.000336484643991008	0.00794539727176911	0.00409524365483122	0.000417110853493107	0.00629785669596963	0.000109249565888375	0.000229348658101701	0.00102054574515325	7.99111470561855e-05	0.00988848677198447	4.75616400722728e-05	0.00222222568994105	0.000766862608470732	0.000299311164343706	5.416165680649e-05	0.00247430645262798	0.00232724874026202	0.000195360756081476	0.000195881224458891	0.00334173467422407	3.53571415094854e-05	0.0013763250715401	0.00220198168380907	0.000164258145801565	0.00456029043479041	6.14143981345008e-05	0.000436935090501317	0.00179938506086239	0.002408466461353	0.00305486150852053	0.000113077376481648	0.000362317252016769	6.01672566150195e-06	6.94604420703171e-05	0.00252003465061171	0.000843722059862833	0.012236383824791
Del6:U(2,):R1	3.50581335396535e-05	0.000141474531744041	0.000180577946443271	2.58738083698162e-05	0.00310363322816032	0.00277504913547848	0.0170354038924765	0.00455326943324826	0.000909903509081687	0.00314302808278146	0.000589103872930007	0.00131955549937103	0.000865983240860291	0.000793735977404888	0.000381305960446856	0.000839091804137414	3.92710589151332e-05	0.0110761617285576	0.00135774445190354	0.000678006177414531	9.677609224995e-05	0.000987318108979715	0.00314215918754972	0.00724926242335027	0.000125642649144256	0.000104300494816892	0.000787025603536805	0.00306139434126821	0.000174270692384134	0.000116578430349559	0.0110858577645392	0.00081408735726317	0.000640276055571696	0.000390789177336753	0.00782136263481848	0.00246093597133644	0.000303172157383628	0.00548370173375163	2.057238352033e-05	0.000269530963063729	0.000298585832334204	7.65446970555476e-05	0.00904349329437824	2.70284567771588e-05	0.00353313487083069	0.000689492047999939	8.38161827475641e-05	0.000104545158049863	0.0029033968682164	0.00209742970902409	0.000460951279561336	0.000388577388357474	0.00257241751648863	3.41999529577697e-05	0.00113596243477149	0.00240872835663006	0.000134715287931948	0.000229735375860204	1.94016982230133e-05	0.000153427280773603	0.000918544128763957	0.00198323657366139	0.00305839043642393	0.000112915247813595	0.000234801609015483	6.74035888295286e-06	1.07427345049882e-05	0.0020118651165548	0.000934087006339467	0.00863199995926215
Del7:U(2,):R1	1.44779142911405e-05	0.000158203037188733	0.000182452892830737	1.73812804023823e-05	0.00514150542667912	0.000506133270873317	0.0144941745627501	0.00408666845275935	0.000459345046390909	0.00236509796313697	0.000308790198420938	0.000655536442474884	0.000579574801667703	0.000302983905125022	0.000332267122088464	0.000121210773582263	1.92258462796144e-05	0.00892279461371117	0.00178346816237332	0.000547676831029968	5.31820016254788e-05	0.000506505815317057	0.00317609533504235	0.00329482686564215	6.28925909641555e-05	0.000131376714002798	0.00231047488062816	0.00322770763969435	0.000674362922253698	0.000231644794588899	0.00984361354373339	0.000413196179300119	0.000721677831179644	0.000268549188469195	0.00653213195487523	0.00233055067189361	0.000101131204191763	0.00447959123033726	1.55218949881102e-05	0.000143512179964108	0.000284723503434024	2.38339947229381e-05	0.00763503474436666	1.76655200527912e-05	0.000969165489995359	0.000157818749902535	4.51621638945531e-05	4.95142340893905e-05	0.00240762074408365	0.00216323031102401	0.000387499389204361	2.94376809361723e-06	0.00243460375577361	9.92079547488964e-05	0.000158969597483965	0.00176415998678381	0.000140782928127852	2.50158699490298e-05	1.07949298383683e-05	0.000217300146475262	0.000877764455981623	0.0010682673233187	0.00191960716940763	0.000190943354056276	0.000361386675135537	1.22107008087076e-05	8.01200070178473e-06	0.00134399082582293	0.000651896679409015	0.00815387548857769
Del8:U(2,):R1	1.27742537573232e-05	0.000141637660047641	0.000257504366099183	2.40820322379588e-05	0.00416783911332694	0.00103636622920755	0.013666621803577	0.00339998640301124	0.000415696713597142	0.00223222272121804	0.000772481355667076	0.000485350961143228	0.000174673190655297	0.000324262407555006	0.000181310931945034	0.000205722153785264	2.16546822631882e-05	0.00757967231975363	0.000323824528430647	0.00043621726922393	3.90262651004063e-05	0.000728138144639148	0.00284124666525032	0.00351640428827213	6.7489273249921e-05	0.000125411374620044	0.00215620446091057	0.00269693685377413	0.000254360053708918	0.000166968189034946	0.00856302464840232	0.000577132632070397	0.00296958752170443	0.000108281686464553	0.00509032608896002	0.00166076712437064	0.000666727763693433	0.00574464347164669	6.49335618623679e-05	9.72223857334357e-05	0.000278310811915239	2.45987561930162e-05	0.00544850139538509	1.62885220745978e-05	0.000701767213917283	0.00012681894534057	5.32414309253346e-05	7.83942998141458e-05	0.00201710677727811	0.0019035856139288	0.00022589271732015	1.44775480013962e-06	0.00223455343912412	3.96672495934117e-05	0.000993028637985746	0.000827407673684931	0.000114565396201898	0.00143584609912628	6.63002349649883e-06	0.000226953824608496	0.000923911597733703	0.00164491176138119	0.0020339291159275	8.71073116536156e-06	0.000248842832344118	1.87185213755538e-05	7.0694123839277e-05	0.00171793982919942	0.000474274700195955	0.00825751010177724
Del9:U(2,):R1	1.20400796046284e-05	0.00010015594497896	0.000158666709706097	3.47310031038121e-05	0.00413385586879965	0.000646986981388668	0.0114688930199894	0.00322978067156433	0.000544791904883678	0.00186565182042971	0.000445952346756271	0.000871964290423002	0.000503261271769757	0.00108773720082133	0.000233679264426112	0.000195171613477428	1.05347102901997e-05	0.0072431573300427	0.000805931585049123	0.000274577557205415	4.80733485744309e-05	0.000717957982756931	0.0025203373039006	0.00257773303137168	3.31032390967142e-05	7.91412957431087e-05	0.00301466581796114	0.00272148469210521	0.000217610407146226	0.000133652954655894	0.00903742742630478	0.0002788311785717	0.00156312668266197	0.000149355729647342	0.00450017552921591	0.00127194852391876	0.000532821191135872	0.0056630360428337	1.35974691252071e-05	2.26612723994932e-05	0.000390491981420441	2.3498742145719e-05	0.00626160507426485	1.97245217465994e-05	0.00104685477654243	6.17760941714573e-05	6.50372712382186e-05	9.30892853334177e-05	0.00212255389568977	0.00212424893866976	0.000921996407364184	2.75073412026528e-06	0.00223648970306458	1.76010055800806e-05	0.000704387515487593	0.000781077452608017	0.000135812933400365	0.00136603939507844	9.02537318448773e-06	0.000186603921862236	0.000851935147988189	0.00108447219361215	0.00202215816776225	9.84563184172846e-06	0.000230273949420925	3.49620545195384e-07	0.000129120737953503	0.00164150518676141	0.000755317218074626	0.0058418072255258
Del(10,):U(2,):R1	3.43228298882623e-05	0.00120260360457701	0.00203093723534866	0.000164008878261253	0.12567409301063	0.0142392505435376	0.0528580272697788	0.0169373922353916	0.00555842130727338	0.0178157931649224	0.00437408040623738	0.0011954184963262	0.00221559152357508	0.00329120496952426	0.00282572834394782	0.00192853278110952	2.90875056346069e-05	0.0427345158193314	0.00334060941972232	0.00353026149583575	0.000162206800932534	0.00874248932467712	0.032525691763743	0.00439850943002172	0.00013814990094506	0.00107298914356158	0.0138034671102281	0.0413318807953583	0.00118570800442601	0.000355708885558181	0.0744891989308348	0.00432804525142241	0.0113845560806972	0.00113460516980077	0.0384447789042974	0.0121866474955618	0.00323582944215031	0.064648063020619	0.000109629030143032	0.000488212241718839	0.00187125067323028	0.000106798832186956	0.0415770939830745	0.00018490582166848	0.00634544245887818	0.000522543571961851	0.000186356053032971	0.00080151287838228	0.0229061741795259	0.0193372499486902	0.00405752872178507	0.000363434713328383	0.0210367964680868	0.000107664655143137	0.004464763038802	0.00424562967091052	0.000525498667713919	0.0179231954440212	9.51205411844628e-05	0.00223799890013414	0.00840601933629387	0.00948420799692218	0.0184128735714094	7.60383453165825e-05	0.00274267108445819	1.9777139863564e-05	0.000378546240769964	0.0182900632638245	0.000584770451580749	0.0291350496140166
Del2:U1:R3	0.000629745597715014	0.00126363050713253	0.00157826753831176	0.000592548431551056	0.00156312046231434	0.00213009369799148	0.00261904014229008	0.00681975644740753	0.0325013952407167	0.0070522459336311	0.00299551178417509	0.00128194116342304	0.0398093577091201	0.00115336215752463	0.00204057216223446	0.0101880213875885	9.77094379416019e-05	0.00795284339233208	0.00439467732285252	0.003254466290826	0.00039292533147663	0.000924230702155919	0.00133372332992851	0.0036382902512597	0.000265502943497973	0.00270727041983951	0.00127521484736105	0.00173181386128469	0.00397901962677736	0.00336272302422879	0.00501375815453537	0.00518017797348546	0.00139113371448612	0.000896036975502481	0.00629471548021654	0.00780789362590108	0.00243165182283275	0.00344664754517783	6.08769082828211e-05	0.000384191474265555	0.0437057945544461	0.00096120448500555	0.00487008486115862	0.000207194352622116	0.0360848344716616	0.000925678578930446	0.00140491164101052	0.00128639398186633	0.00328161494380054	0.00385155736549962	0.0312213704208236	0.000187242954151391	0.00844566001510198	0.000251638197452424	0.00349584074298201	0.00356549936666521	0.00135758590952584	0.00156568008506044	0.00091715254562712	0.00315531613933433	0.00496003880077861	0.00710266980263943	0.00839153722556171	0.000451189344220047	0.00222077750704921	0.000216857428119166	0.000253625565468088	0.0073139908959812	0.000658035986285977	0.00404958886408327
Del2:U1:R4	0.000493214807284243	0.000439606611044934	0.000716717106606193	0.000399071673422621	0.0012325348220274	0.000846755465052266	0.00103478878170643	0.00402215212855992	0.013703560681819	0.00353950909577295	0.0016505457301206	0.000529363611968959	0.0203431469430088	0.00160410851915762	0.00122407775737864	0.00271548746571456	2.27374163763476e-05	0.0042535027461371	0.00830385652912577	0.00198569403798731	0.000332463829026291	0.000371640291450213	0.00102330706804735	0.000991928874658266	0.000265039711949795	0.00156169881203974	0.00191332289896377	0.00134215927110625	0.00102685558481029	0.00200520500446094	0.00338820938133697	0.000989069483243541	0.000231587022938533	0.000554314247880495	0.00347432487552089	0.00235743077912137	0.00164238551975367	0.00230209433668688	0.000110279540293873	0.000222025198118938	0.0263422725252543	0.00069688728296692	0.00310182047112056	0.000110057537698137	0.0109034740152186	0.000662240417256338	0.000597876805072132	0.00106564868716573	0.00208459344773589	0.00250624820135975	0.017694804392423	0.000193275265818639	0.00504697331757515	6.55111272483943e-05	0.00194216445342019	0.00154152676756773	0.000355475184074965	0.00523815027146541	0.00138145080778802	0.00183376443591682	0.00283737501128478	0.00355980135891506	0.00384694381028314	6.23605813208879e-05	0.00112549986633738	0.00016886672332937	0.000200702003738998	0.00413641632229145	0.000759561168466083	0.00195502572579592
Del2:U1:R(5,9)	0.0119396280145589	0.000802823258408669	0.00127148006399582	0.0105561666801745	0.000782756876508294	0.00295278930977698	0.00166089819069488	0.0036157095213744	0.0151556948244224	0.0027103210504246	0.00160213159259351	0.00173869359594603	0.0095477215215375	0.000988732811496812	0.00121360982785692	0.00245041785358684	0.00248352868783043	0.00301131164693747	0.00450437532286362	0.00157963421205768	0.000297458908673555	0.00250815972550609	0.00170026829527613	0.000381648959695839	0.000785177474161568	0.00181843687968645	0.001546362631992	0.00197439596100211	0.000716410873123455	0.00451920469877468	0.0019678638638735	0.000820770899912959	0.0019233312541706	0.00348399390316286	0.00270894453970631	0.00321981807016886	0.00179559560318433	0.00218515976627632	0.000117326733594644	0.000215337359191282	0.0115146016030801	0.0108995839795072	0.00326285715032251	0.000115763635452113	0.0126716019241084	0.307018986752733	0.0128561516105218	0.0026692669053425	0.00230619451881176	0.00453076756981924	0.0170138415520097	1.64078877349157e-06	0.00335779098567255	0.000211262379506694	0.00537245713376151	0.00190077985438795	0.00030721117300304	0.003058743908325	0.00179221416721349	0.00190645520054458	0.0019863300776623	0.00408163106181102	0.00411887156526987	0.000224754550830116	0.00127460035358384	0.00240931648404492	0.000565469821156758	0.00354019725440199	0.00045426750549337	0.00110798713321857
Del2:U2:R2	0.00249053031869639	0.00398107616459649	0.00252554775725121	0.00074232478668274	0.00594164580207947	0.00278743756985922	0.00766169814523105	0.014804896289753	0.202999810821651	0.0170632354465697	0.00623452415249663	0.00311350726926125	0.0860468010413832	0.00562877514030258	0.011579380225303	0.0116675968289219	0.000110731510383654	0.0158858650153222	0.00503496771760512	0.0115418991852413	0.000763865175993993	0.00627491955932818	0.00356134251237652	0.010049790588198	0.000275658404361874	0.0128004597214313	0.00273989810835429	0.00503418125582958	0.0118755792084509	0.00488796215483956	0.0137840715539496	0.0123438091264276	0.00129995961114091	0.00657986637199524	0.0144092145975435	0.0160921588092144	0.00918714244444529	0.0085929808490815	0.000231762310963331	0.000951994526363102	0.0786890188169927	0.00146954379057435	0.0136664617009959	0.000625837461997089	0.110537476108036	0.00132157514013055	0.000711629902771074	0.00323848149148606	0.00820962800932287	0.00244426105625584	0.273211688911098	0.0013331408784619	0.0264803141941245	0.000362577360779945	0.0125119483001048	0.00225808312798255	0.00178377465363005	0.0126751576904809	0.00573080118979831	0.0147453099185183	0.0203257016826727	0.0207149440346251	0.0217436571806905	0.0010975816047752	0.0077257733188193	0.000660455975863069	0.00108521024730454	0.0248548575937664	0.00312541341359678	0.00951080584244504
Del2:U2:R3	0.00198110080462543	0.00139039086589189	0.000706306881489724	0.00059239414945751	0.0014840775865386	0.00151214584413836	0.00282301994748578	0.00341985192656343	0.055303184687183	0.00485291984305347	0.00217674764615765	0.00198071470340514	0.0286829470563889	0.00256442274789198	0.0119809561459687	0.00107801791608072	0.000149417307615999	0.00316170913510374	0.000901129239085325	0.00363349225503816	0.000621290225849293	0.0142375915713441	0.00155024602842621	0.00311632883615103	0.000243374728773474	0.00367230550944949	0.00294415430061143	0.00103211013641727	0.00306311067231358	0.00255065640812155	0.00213376501316057	0.00461879452931627	0.000245199704032196	0.00746518367428185	0.00339834579631196	0.00513062407486341	0.00966017073383275	0.00232189369872604	0.000160161020054848	0.000620891228048067	0.0291141379682121	0.00147617386550402	0.00190828011229854	0.0001497728874041	0.0319820153202827	0.00130367675047497	0.000588800745355734	0.00221143506469465	0.00382602135792284	0.00141586095833809	0.0632315353115583	0.000186712110724673	0.00722414134579973	0.000217803010451174	0.00478809136826802	0.000728166611894641	0.000302658643437312	0.00164688710997057	0.00226361391181213	0.00408189058161195	0.00565803232043696	0.00622390082341314	0.0071674705523191	0.000206537184128953	0.00209316951074937	0.000509884976970877	0.000321367170017607	0.00681179112753236	0.0012546671314018	0.00414518906861606
Del2:U2:R4	0.00398258115423097	0.000755553509456711	0.000103215882407786	0.00109446665237781	0.000180673668757822	0.00049776809010176	0.00231480174052947	0.000807039737438462	0.0205718351359901	0.00256386578048901	0.00227748790223242	0.000823395263850995	0.00926736971170189	0.00191164577576016	0.00742145469298569	0.000513352570574376	0.00040646423869687	0.000518826472545452	0.000811356041110706	0.00190155035599485	0.000952463229593411	0.0113273644592548	0.000336077094335487	0.0008447696676959	0.000139005097649389	0.00111003778789352	0.00221947612830847	0.000873774320871039	0.00194765528171136	0.00334694900122713	0.000271626280308064	0.00121283160835915	0.00126961396185151	0.0257409900382282	0.00084236964641109	0.00475408042402828	0.00777717414833962	0.000555363446585203	0.000292937369731954	0.000912558385248374	0.010519815776198	0.00367910462618234	0.000946895673707426	0.000388730751171785	0.0155318383402982	0.00163759089600903	0.00242709630872316	0.00284273669309329	0.00156002772872243	0.00027288665621249	0.0203213351276283	1.88208124018151e-06	0.00222743574685925	0.000104058922699385	0.00112465446452122	0.00104671734763007	0.000197946864587956	0.000183053493277134	0.00282165005081862	0.00114889293506096	0.00273057547017457	0.00157174090067646	0.00263123698461135	0.000169704498541409	0.000776770680362258	0.00189426200143137	0.000685150814338781	0.00169326720275883	0.00269768089890048	0.00437329014847248
Del2:U2:R(5,9)	0.0283816573324279	0.000968078271744123	0.000169420423660305	0.00528368483200633	0.000610437473538592	0.00051254657613151	0.00449224517016246	0.000744029135312715	0.0141879967013671	0.00667840381812029	0.00221453198698055	0.00201163989198093	0.0141962674332107	0.00233941277215444	0.00619831329180032	0.0021233082809478	0.00218981511232284	0.000811310346796697	0.00134123550734125	0.00331594507996702	0.0106993718702846	0.00964167417641789	0.0010842464879894	0.00105858131172272	0.000726988465071219	0.00237967763950841	0.00193977915915998	0.00100444018341345	0.000285341663640059	0.01936583337533	0.000584279940429534	0.00183241725367383	0.00261696079030083	0.229450782142342	0.00210819562432732	0.0129250729205624	0.00849096114026097	0.00061784977138808	0.000801256843434548	0.0163914786762125	0.0148013925309717	0.0439950050536434	0.00214308519930843	0.00307672173843423	0.0111173703436029	0.00809464558411739	0.0221503045963745	0.0160468027810178	0.00102903501411438	0.000346734732079391	0.00433081480106894	1.39949630680163e-06	0.00216204839319495	0.000133881684178927	0.00126981563863004	0.151395995367244	0.000154030249338481	0.00224181096312126	0.00343131411513905	0.00159788747517604	0.00360267135526863	0.00530847595787669	0.00119027380103246	0.000590163090680613	0.000407949956020342	0.00743478171438821	0.00381175784944927	0.00442585075878156	0.00553457632028134	0.0096301595035867
Del3:U1:R4	2.51313459960895e-06	4.92562891824594e-05	0.000216575576638379	7.34242508827688e-06	0.000269603703126836	0.000653957965364965	0.000446079773785678	0.001146325320534	0.0006666301606446	0.000557873604358612	0.000244512303375909	0.000474396270519202	0.000273823400928717	0.000768984880073758	0.000113985487405116	0.000291180994990035	1.52168037525106e-06	0.00193716692904894	0.00133468276441886	0.000142739876331389	1.38372701415878e-05	9.27034715028518e-05	0.000133383366746236	0.000562812167642482	4.98864744191602e-06	5.75896905827266e-05	0.000709928903518178	0.000348666249266846	8.34327502225927e-05	6.44961532198119e-05	0.00150557591762574	0.000177531127490393	0.000128720415177858	1.44290805805817e-05	0.00099433990340845	0.000510242288622715	0.000364035425891736	0.000325029906128223	8.79995676275864e-06	1.17728073685172e-05	0.000173033518811112	1.29548879280036e-05	0.00148725311670843	4.38106196363919e-06	0.00124001910019533	1.15196167812069e-06	2.88766146985349e-05	7.97394785943303e-06	0.00036662664484083	0.000455659791496431	0.000724101748761876	1.1582038401117e-06	0.000415529581250506	2.56132784870682e-05	0.000238253701961977	0.00100009908596301	0.00011407235545051	0.00175710822162505	1.40211466290753e-05	0.000114233763606746	0.000194014366174703	0.000469433955613818	0.000154283078354153	7.01427573874038e-05	9.71098847612253e-05	5.54514446100585e-07	6.88921167610209e-06	0.000442502112368195	0.000101001310356472	0.000200644182632911
Del3:U1:R(5,9)	0.000161800311767393	0.000120357270753617	0.000506121586855094	0.000245890592999286	0.000498991221787983	0.000441801047320633	0.000404418421652304	0.00101934654982779	0.00394550809801672	0.00174687682351572	0.000252821890647207	0.000680838869491439	0.0021811516164315	0.000548191626716175	0.000160239844217211	0.000190600247966068	1.95770032892877e-05	0.00212150888602003	0.00292419097616503	0.000457386541516467	0.000109205703288206	6.74846525074869e-05	0.000928865494912461	0.000325519382395439	0.000161881609490175	0.00043421249094655	0.00146918891229303	0.00063277303870944	0.000462651800476747	0.000259683353817888	0.00175226157032543	0.000507057849486855	0.00160159879396446	0.000789062104323963	0.00134122432530956	0.00107329947405622	0.000128407101964651	0.000891173326068564	1.90997008177328e-05	5.8836401144538e-05	0.00247887366067186	0.000108678603027274	0.00209253329077247	4.09185991185115e-05	0.00633307013347398	0.0029472337763692	0.000183246943437394	0.000143948698202993	0.000734806962790864	0.0006782497360403	0.00336180042470709	0.000193564816778667	0.00202528315085924	1.77938703386999e-05	0.00036067062284412	0.00102624430876108	0.000128975141957769	2.82036373939385e-05	8.08604938362853e-05	0.000500259743780149	0.000462348540498784	0.00106877930327869	0.00206861158432031	3.48724026010921e-05	0.000372271450556679	3.81655543987705e-05	7.33278264921128e-06	0.000974370353400926	0.000416413351585656	0.0013485153138041
Del3:U3:R2	0.00188882226712344	0.00403282408757171	0.00173707499466357	0.00118415013207354	0.00273910637427785	0.00213742318971513	0.00658329616682883	0.00694922580069785	0.0118228523223818	0.0172844624500792	0.0033473877321813	0.00823967234423399	0.100755076794235	0.00295257381469971	0.00127978377966025	0.00403663886293289	0.000145876474435126	0.00793345181662767	0.00159873288674004	0.010897004706259	0.000164995737308613	0.000827347156631202	0.00426178356680731	0.00895536722138374	0.000443241325214238	0.012037021332879	0.00294500151709515	0.00494811138569222	0.00994651980052651	0.00620119468281143	0.00799285023966464	0.0124461257435873	0.00516746975198827	0.00585817695387737	0.00905689376968707	0.0134851287224739	0.000620148355047445	0.00849587450275389	0.00012206100191465	0.000162332090334907	0.103647459800542	0.00281473351017382	0.00784504471902393	0.000339863561129622	0.000795172697599412	0.00129262135705659	0.00100353001013918	0.00466968372622719	0.00635780728216236	0.00169278840121683	0.0295327277285453	0.000550967218439802	0.0292067975062074	0.000156920637409642	0.0133698702175996	0.00251718671730509	0.00338214799055052	0.0201367487397918	0.00458431029633008	0.0128462274408477	0.0182120971334888	0.0212425558231243	0.0232778276570233	0.000596913538859522	0.00824384245221638	0.000794202908892046	0.000992781145782913	0.0270102315470081	0.000409655993680811	0.00890330784628931
Del3:U3:R3	0.000930066876616328	0.000722694635680527	0.000516531811971563	0.000560380615046828	0.000809028681262531	0.000310069367265693	0.00173828887997913	0.00123494229593093	0.00154346243903848	0.00446332697591128	0.00145334141791425	0.00200727740456429	0.0321672175436708	0.0038261263228682	0.000482057477059089	0.000675175697944337	9.16227164405976e-05	0.000651890742064825	0.00121995706856096	0.0027749216799628	0.000123619604869713	0.000174411906923362	0.000398347920519255	0.000274099818744889	0.000142425884466702	0.00412441199066689	0.000779131086302131	0.000576174124434133	0.00217590374444152	0.00260798424792996	0.000921295977196209	0.00368771103726871	0.00208102576386771	0.00268685010679048	0.00131486152059678	0.00395391866694482	0.000400760078508818	0.00115165327126301	2.21986588974312e-05	7.6191619518784e-05	0.0330729789672723	0.00120381488599012	0.00102585354520571	7.97294819920995e-05	0.000232064698121948	0.000997478459047341	0.000954513213033765	0.00225277624504018	0.00167474059328536	0.000427664130289693	0.00614302434467181	0.000190814082658402	0.0076078361615238	8.81643509618711e-05	0.00296225391634293	0.00239570005916797	0.000579463237546408	0.000266691866238468	0.00155125213659695	0.00406373838723644	0.00392073971158311	0.00607389069513436	0.00657700845028592	0.000209882930278762	0.00180516340123117	0.000339214862085127	0.000380057154397117	0.00557386734564003	0.000244377376424597	0.00275198557139537
Del3:U3:R4	0.000454980899909728	0.000297207685580495	9.46521192385811e-05	0.000202681087572908	0.00018564568074359	0.000162125170191595	0.000699272673254265	0.000265457436887557	8.98223637361541e-05	0.00149765032292363	0.000480863404967506	0.000917673464132986	0.00739256878354576	0.000527302905346524	6.04943470598944e-05	0.000373197929843746	0.000101396586543172	0.000225040067558246	0.000231528183465097	0.000895889428711978	0.00020320981891031	7.83643762030181e-05	0.000351498603649086	0.000622870585597146	8.69449982733935e-06	0.000980496302947289	0.000327449170958235	0.000378267057999558	0.000405233931636691	0.000735268591694417	0.000154468843359388	0.00132252591590129	0.000536997981379978	0.002193691026426	0.000204211923243248	0.00142982838705841	0.000296491592435194	0.000312619227299014	1.55218949881102e-05	0.000126350411476199	0.00785445558855014	0.000637958877085567	0.000358018559699554	6.23107823316259e-05	0.000278767439963012	0.00105435441772231	0.000292308764757219	0.000579874035322277	0.000721377179704056	0.000133306177276745	0.0013150015600706	0.000194481728152089	0.00126856918404308	2.38858810837825e-05	0.000515366419526486	0.00575152803317377	0.000144432149455637	9.02300276779259e-05	0.000211205149011554	0.000966858265847915	0.000329902970823381	0.00112583453790319	0.000921521492022234	6.25079710191174e-05	0.000528818509490673	0.0001234144263119	6.62029677365465e-05	0.00156817265817413	0.000186727931023857	0.00168649541922973
Del3:U3:R(5,9)	0.00120381895768097	0.000164232742632897	0.000126976932202835	0.00032536340323128	7.08221200061279e-05	0.000214586803887499	0.000473482078954757	0.000218384288795492	0.000298008666061653	0.00151132730046993	0.000639973115787259	0.000956693490470776	0.00492707435730237	0.000401545361426437	1.32729002626248e-05	0.000646655515924981	0.000235333722649405	0.000154578930490658	0.000188820665969956	0.000855391514528797	0.0006448416628954	9.1623378813064e-05	0.000231705143154638	0.000771546187197999	6.81306707781674e-05	0.000669173183081172	0.000845637580274243	0.000112621959298137	0.000528524851157542	0.00117462024537423	0.00013453340441586	0.0016103354971132	0.000370559810023206	0.0102219632797946	0.000669341811808132	0.00106282535455267	0.000139701316739351	0.000220188532065197	5.32966580528883e-05	0.000136769069640356	0.00688379239699833	0.0024215893465454	0.00036851542943683	0.000176798096544517	8.43770300087966e-05	0.00299917521263192	0.00106640526289308	0.000987244674869415	4.98333412169645e-05	0.000260968893006942	0.000297749187571415	2.17163220020943e-06	0.00154539201642553	9.75560261642009e-05	0.00128322925361705	0.165182615075318	0.000288083351151778	0.0014340631105554	0.000486594253166669	0.000473896599946661	0.00170172330838848	0.00179921030895792	0.000476741074789017	6.44240370961005e-05	0.00035957287200496	0.000321672041426672	9.05162017000939e-06	0.00561221091567854	0.000201820148504712	0.00053722521049302
Del4:U1:R(5,9)	1.24067901814103e-05	7.47272633422872e-05	0.000130113571735755	2.24690830781654e-05	0.000461568858080084	9.67970917851535e-05	0.000518027718839249	0.000627660928766222	0.00380789905099916	0.000816534949419882	0.0003933699260038	0.000218899924150885	0.000762127985886396	0.000929131743907749	7.20236168619613e-05	0.000186542759608209	1.63580640339489e-05	0.00119144816633905	0.00149523426508502	0.000366837928050173	8.69733577713255e-05	6.23071263397142e-05	0.000406012701203619	0.000237246833894361	4.70358187380653e-06	0.000123368626108465	0.000622396036813713	0.000252219441030929	0.000196244494210435	4.73967389363538e-05	0.000781605711731714	0.000161975390596645	0.000356741395714022	0.000180767997702949	0.000656602007603195	0.000526525385053105	0.000143207690607314	0.000754381669531273	1.25765295829158e-05	1.01699368817238e-05	0.00137318920258836	3.97547433101101e-05	0.000877645365406106	1.21494090481647e-05	0.00463895325222735	0.00011254837529818	4.8547393347642e-05	6.31748402578345e-05	0.00019920308793013	0.000285099948119368	0.00168942476095758	1.49601329347761e-06	0.000771131094531647	2.92441672036832e-05	0.00040043769773937	0.000417082774534588	2.80457414274483e-05	2.33949712482287e-05	2.0486265204424e-05	0.000145822057095311	0.000530580853353207	0.000704714581083107	0.000631047718604962	1.15995692506591e-05	0.000150074501484212	5.85411145443433e-07	4.42184813818223e-06	0.000392976504030593	0.000442118388145287	0.000297520016710747
Del4:U2:R3	2.9318021164277e-06	4.46657378833852e-05	7.47984644172331e-05	1.41062923257583e-05	8.79979366471672e-05	1.75270454261183e-06	0.000355661072084016	0.000118992984904545	0.000781685790391386	0.000555336364229432	0.000260456998432199	0.000215894655041639	0.001508495984646	0.000130842415025337	3.57249597065646e-05	0.000116462762799386	2.05134219817499e-05	0.000462634420275714	0.000172274525137537	0.000198596796540034	1.53617630660798e-05	7.4634020489712e-05	0.000448165317049828	0.000478652265206394	3.31388722927278e-06	0.000103298047416934	0.000399385552394197	0.00021207232089011	0.000119298194762724	3.3477019230351e-05	0.000332977759548443	9.7768621905965e-05	0.000744514218102514	5.51946828884056e-05	0.00028645806662897	0.000598111926994026	2.35849779118746e-05	0.000256843327677046	9.37818800795017e-06	1.4121841702611e-05	0.00218798305816019	3.32971145942826e-05	0.0001803247907503	6.15914307934895e-06	0.000330820376573459	2.62716036443047e-05	5.16758313332453e-05	3.49600795615459e-05	0.000207971851689324	2.92573414316457e-05	0.000187665200277465	3.23331905364515e-06	0.000743717581504632	4.95997846623043e-06	0.000386899060096121	0.000605483477459982	0.000112524855281923	0.00310391295212065	1.84143828617681e-05	0.000120071981172173	0.000279435671120043	0.000552914871476262	0.000687333824095858	2.34349620184854e-05	0.000122370077226971	1.14122650520056e-05	5.35057486312959e-06	0.000640388119170878	0.00012494048683644	0.000520148234325535
Del4:U2:R4	0.000132593734474499	0.000130234387447124	0.000103152211306156	0.000107194497313139	9.69258010333473e-05	0.000166825605101326	0.000768872747312465	0.000232622687860835	0.00194528559942489	0.00126378914046706	0.000863509107139029	0.0005545690948207	0.0050210732449227	0.00114746228965687	8.81957381606488e-05	0.000455889328461428	1.63873271180884e-05	0.000219414688255918	0.000228806656366771	0.000406853868683847	0.000260754244664588	0.000107524956954174	0.000122334901690655	0.000393711189774721	6.20017610638134e-05	0.00056265824613194	0.00053293767810079	0.000146276435906128	0.000567788947221891	0.00014599216081459	0.000234968961052418	0.000564482453445512	0.000534769204878497	0.00106498681757521	0.000180728580449532	0.00101141898103252	0.000138815495972708	0.000332764933863637	1.72656235868909e-05	0.000140112989104184	0.00649788480781259	4.0394186724167e-05	0.000435034918558444	3.08038344885973e-05	0.000555305632105449	0.000944213126527671	0.000305162144124371	0.000158226046989066	0.000175677646348005	3.34856751583637e-05	0.000261398635358977	1.83382274684352e-06	0.00138520462102671	1.44732423207333e-05	0.000778835217210908	0.000825878842860298	8.45438929312992e-05	1.75597359253449e-05	3.64228459176281e-05	0.000563902556054372	0.000612127107530145	0.00130329430733992	0.00144782073296045	9.72772008314489e-06	0.000230945076145616	9.34381233810546e-06	7.00564905654325e-05	0.00117929022300465	0.000337043827205058	0.00141581505964005
Del4:U2:R(5,9)	0.00127120221441442	0.000128961986679047	5.3291036508817e-05	0.000198133272224534	0.000212453997979632	2.44183610141148e-05	0.000925579778218974	0.000132958443412724	0.00438846575078607	0.00292063295567101	0.00106864529810435	0.0014609000916704	0.00885868111349154	0.000987705206883208	0.000122879846781475	0.000675545047148416	0.000105844575332367	0.000202625186567612	0.000412878598515958	0.00108217740674968	0.000477482867333001	0.000131911604891393	0.000429518273830189	0.000745445818874932	0.000182441963590072	0.000994412273697744	0.00268852598156865	0.000774436874818767	0.000931071637585043	0.00116547317878155	0.000179892926691078	0.00132917152698099	0.000702338908920637	0.0152859699155591	0.000507783430563467	0.0039635372739799	9.37493644697364e-05	8.65717003446792e-05	7.18994413942847e-05	0.00083200032543798	0.0115033316388364	0.000280608549321386	0.00131072062634722	6.37105137670066e-05	0.00192060845981714	0.0181242429183199	0.00220911348721084	0.000306992136347088	0.000182780151990082	0.00023981585788484	0.000648115955884069	1.20646233344968e-06	0.00148774622346179	2.91100004150785e-05	0.000494280361529989	0.000851425827509596	0.000125498664834849	1.41558486536626e-05	0.00020717766343731	0.00075689535528175	0.000535110473508163	0.00172918178397097	0.00130503170859549	9.8898487511973e-06	9.56498417234299e-05	0.00013262652114228	0.000133071291932757	0.00107793045648705	0.00127175477077267	0.00230254219080424
Del4:U4:R2	0.000846354457228245	0.00160978030886633	0.000787236202771782	0.00058645428885601	0.00164172819432603	0.000634120536678131	0.00473869933413698	0.00455239147445605	0.0162301600185114	0.0151354389776452	0.00143340380429902	0.00187950499533892	0.0536265438985771	0.00385038133521345	0.000958711953501855	0.00124741002569081	7.86884332509636e-05	0.00324630790891325	0.00221453573698607	0.00527075409108829	0.000252954644893918	0.000284998407747344	0.003442733341412	0.00305891262097555	0.000115807887044479	0.00651141635125968	0.00130294193228283	0.00290483694547228	0.00980660864611283	0.00299231038468524	0.00295059663602597	0.00738652843825966	0.00373368068415072	0.00196821533558344	0.00483334016197324	0.0114752416121416	0.000561905639640656	0.00417597696070037	0.000107578116195243	0.000482298202336532	0.0741604579305742	0.000733961076753774	0.00341607334403306	0.000260187665143749	0.00731037237801444	0.000970450343256211	0.00120687019560767	0.0016860383418493	0.00578780707902684	6.31692599092351e-05	0.00878870012114557	0.000372024725142545	0.024582688155946	0.000165444421198185	0.00901807830899356	0.00725778090693258	0.00163413498616524	0.00633857839943926	0.00208586543430316	0.00618598737378195	0.00860964278106319	0.0155539934582489	0.0187190596164767	0.000599640248276768	0.00453093265807064	0.000320701234610478	0.000519754287740692	0.0184616173739874	0.000567347298794739	0.00552815666747131
Del4:U4:R3	0.000366940994515967	0.00014322906727609	0.00018176088848934	0.000288048175060581	0.000228794140801085	0.0003258437081492	0.00149072626106794	0.000703040287140745	0.00346153453024232	0.00448683841915866	0.000995140523686647	0.00210315518356571	0.0133059046653387	0.00201853437289596	0.00028711508394591	0.000376409662053133	0.000108887936082869	0.000273971606375467	0.000809818595278395	0.00160502219767324	0.000380233786548999	4.44548469884e-05	0.000431783871191786	0.000332825647471791	0.000115095223124205	0.00146678198196068	0.00155618264123513	0.000701736204582046	0.0031593436283784	0.001064233196834	0.000535318199039461	0.00182633302983146	0.00083949438593487	0.00215946491179177	0.000550400676823573	0.00365533063568195	0.000293649584142214	0.000438284565955701	6.42378773954968e-05	0.000624926039963099	0.0178237895519463	0.000408046301349988	0.00123862155650959	0.000104502455052618	0.00251069035792357	0.0015335876692784	0.000994042531835087	0.000499843182262925	0.000827704069534688	5.37293911994519e-05	0.00180642223537627	1.68904726682956e-06	0.0052065158741707	2.68710921302374e-05	0.00288180512711991	0.000996886325534435	0.000163646343409332	0.000317534055486928	0.000297465221932679	0.00134167158881067	0.0012641829476401	0.00334182001961701	0.00490253510580719	4.72826151920133e-05	0.000706240935846592	0.000110517493549367	0.00019282861896631	0.00475795729626466	0.00035869327178173	0.00296293766373901
Del4:U4:R4	0.000298165818888916	5.88192328468115e-05	8.15291700816229e-05	0.000231822871196914	0.000163287697458011	0.000792859800366953	0.000489912985166443	0.000423001000986748	0.00255201046876981	0.00183441988415179	0.000511700607081449	0.000957905292530956	0.00643354296496361	0.000364799637829613	0.00010229025512678	0.000141599920224854	0.000114477185153503	0.00035328258338991	0.000251601770582135	0.000856197115401714	0.000333347620350873	0.000207077984233545	0.000190409482154618	0.000335467850250975	5.77970439341985e-05	0.000705082160308377	0.00119168700403418	0.00023647901479656	0.00146491551653455	0.000414716798822385	0.000228210060450071	0.000772032625504821	0.000136023944328866	0.00212954073567678	0.00025333820526998	0.00261523308060258	2.99702692714276e-05	0.000541812717026334	5.99282476461787e-05	0.000673260875849335	0.00927166041420148	0.000515210376760049	0.0006308283030011	9.15411368191979e-05	0.00344207009736017	0.00105597060276326	0.000528833034701424	0.000247386633285772	0.000322096057496585	5.59401732151688e-05	0.000188290855220881	2.79899261360327e-06	0.00215394159859227	3.69922992456053e-05	0.00159317028865527	0.032035010314512	7.45679151003116e-05	1.36155490867289e-05	8.64228636766197e-05	0.000581615446278551	0.000719188476394971	0.00157169393003793	0.00230479053376814	6.58831951085722e-05	0.000324718502332667	9.81295432549555e-05	8.8991426480031e-06	0.00340025945575252	0.000493004589440916	0.00134346423229914
Del4:U4:R(5,9)	0.000923579036103899	5.96481663006585e-05	4.95411437338844e-05	0.000268577073572902	0.000137547460370079	0.000184631489886496	0.000548259831932689	0.000167164718739191	0.00113055229382127	0.00113735513071205	0.000325800571065594	0.00160917619175401	0.00872577953920144	0.000515272844438981	3.89683992119266e-05	0.000240071629764658	0.000196062663734272	6.77007278932113e-05	0.000441451533359202	0.000678083616809775	0.000913830807535303	3.97347266216407e-05	6.62687228267158e-05	0.000276719045847732	3.7771187774507e-06	0.000441020075413827	0.000862466380428159	7.88319840425049e-05	0.00065010262925968	0.00122592471071889	6.87170693778586e-05	0.000929581401872009	0.000225826492903936	0.00695544454407716	0.000312947906426416	0.00171250199577234	0.000117481979176052	0.000194631192290163	8.2515405661473e-05	0.000537293241452375	0.00775894741699378	0.00166032607109093	0.000467841038670795	0.000144665978628842	0.000215345339467629	0.00390972354862586	0.000819924110887018	0.00066770401156205	0.000311718936481485	0.000107720211634696	0.000215068886799062	2.75073412026528e-06	0.00113937424440598	6.56997992948697e-06	0.0010051492555016	0.0451359604762224	0.000126150054440696	0.000683749101954582	0.000180293932958522	0.000276355350773633	0.000717355682112619	0.00135427623840226	0.000834877180377415	2.38476531735279e-05	0.000142902250399593	0.000149905906785286	0.000186923580386794	0.00250378462398674	0.00014354087967556	0.000979055963154058
Del5:U1:R(5,9)	2.26765688291307e-06	1.51105143445442e-05	8.97494444130883e-05	2.48253914159505e-06	5.1567008447122e-05	7.49679533908061e-05	0.000123648252955636	0.000197374689407862	0.000439922071895883	0.000147701426084781	0.000829542320208624	0.000146385688869724	2.32957091267412e-05	0.000127245798877721	3.4360379346128e-06	0.000112282158040167	5.8526168278887e-07	0.000311678277871774	0.000224603477841339	2.43044119880682e-05	7.10048126018015e-06	4.76009532752018e-05	0.000120723973696532	9.68654514525108e-05	2.45869052494432e-06	3.47172612689278e-05	0.000399655121275381	0.000156433188702265	3.92364647511448e-05	1.15116144193586e-06	5.7919891557279e-05	1.78240447851069e-05	0.000163489328600966	1.59902243073763e-05	0.000101712757788138	5.04681457577619e-05	6.46280067663419e-05	4.74636310107768e-05	8.31207414962828e-07	9.86594420319401e-06	1.88287538211114e-05	1.27342424618466e-05	0.000373115181344176	1.72287129111237e-06	0.00108876463556925	4.12642989177561e-07	1.44686805335937e-06	1.85605534218959e-05	9.66558376508746e-05	2.42731362188343e-05	0.000334913091210293	3.86067946703899e-07	3.78270480641786e-05	6.27229736727026e-06	8.96280842472407e-05	0.000116922322631695	3.32316664110172e-05	1.19946503859279e-05	1.41564532310447e-05	1.58528837895855e-05	0	5.47207938894656e-05	4.30776641563146e-05	1.07594479707512e-05	1.10311319197041e-05	1.6261420706762e-07	6.09910088025135e-07	7.55689362471056e-06	9.89470264637972e-05	4.96981155813983e-05
Del5:U5:R2	0.000101850285955298	0.000204949567211367	7.40411134189e-05	0.000111700235726909	0.000167997634222251	1.62125170191594e-05	0.00146800712562189	0.000914933139685041	0.00680777627598211	0.00431853403571549	0.000439463854098	0.00122178730915572	0.00738943208707877	0.000592998731333518	0.000363007060748569	0.000183496966896307	2.03085803927738e-05	0.00118541350558988	0.000459578515672425	0.00101812404666976	0.000110389116831569	7.39805836311215e-05	0.00211655342088063	0.000875557073992476	6.44960847847714e-05	0.00105462806552716	0.000852376802303843	0.00167050072322685	0.00195681506203883	0.000651190248973134	0.00100330333920309	0.000993522649572061	0.00300408212417351	0.000180597543535205	0.00110349328758409	0.00282777120996024	0.000215143718698462	0.00204636219769571	1.81420053178843e-05	0.00027718605142307	0.0108608618128013	8.50256232741448e-05	0.00228818151539162	4.54165760048275e-05	0.00533581612093937	0.000629882329521664	6.53575702729317e-05	0.000180074275624626	0.000856065841385319	8.79766210881654e-05	0.00150932998549544	0.000192840939378598	0.00540406023189365	6.89743074792534e-05	0.00247346468147797	0.000803699717418887	0.000124149100734336	0.000484594681582825	8.24926297225408e-05	0.00106485123642839	0.00110376108238337	0.0030377602881457	0.00465812002746295	5.58754345987913e-05	0.00058352649038771	5.19812574312355e-05	6.05751610152236e-06	0.00479006056751045	9.58744299251832e-05	0.00320271486886657
Del5:U5:R3	7.19404074740793e-05	8.51360574697485e-05	5.85087157318466e-05	0.000123934104462821	0.000123078930215572	0.000172561729058965	0.000194799954387394	4.01154383890484e-05	0.00127674634299659	0.000933089565643005	0.000196894051642655	0.000318703941827297	0.00146664786348893	0.000594823615388712	6.10721423476468e-05	0.000120611250236511	2.5400357033037e-05	0.000188696671732834	0.000333941913907795	0.000345798106687	0.000384381387200182	5.05567941237669e-05	0.000314583342742673	0.000139485331064562	4.45414950171073e-06	0.000147838346862654	0.00116580839144051	3.15203729076348e-05	0.000144636108971737	0.000124244543303424	0.000205904740509928	0.000463796893799657	0.000424770512313082	0.000756394427794815	0.000272103102061868	0.000779894146780553	8.89511686504192e-06	0.00014050042916416	1.5585139030553e-05	0.000161475383695413	0.000995249723715326	6.92023442861004e-05	0.000183182624775574	6.52028028495063e-05	0.0021507782972916	0.000904960462182156	0.000336062717378464	9.39391275230649e-05	0.000224240385332805	3.46507402309137e-05	0.000257957533170192	2.17163220020943e-06	0.00085646301530102	1.25781364316917e-05	0.000552251393188325	0.00231606791447623	5.39465756444822e-05	1.29671896064085e-05	5.37251776444606e-05	0.000192427455166338	0.000153902354166654	0.000799614059172615	0.000859514870681259	6.17562835581471e-05	0.000180773755376471	2.23513227614444e-05	7.53238958711042e-05	0.000723748411136062	9.3113802000643e-05	0.000572644505037991
Del5:U5:R4	6.30670657147409e-05	4.46029032775542e-05	4.95143348489876e-05	8.18466506258639e-05	3.2425627644628e-05	0.000179851386588464	0.000138011021128562	3.20204763645191e-05	0.000663404855966549	0.000201290869745179	2.58055851460948e-05	0.000267565894887708	0.0015079732019015	0.00017880320276719	1.42871153953817e-05	5.53381459677369e-05	8.51555748457806e-06	2.84963452142699e-05	6.82985513491038e-05	0.000106657741394947	8.19721164590861e-05	5.43121341875485e-05	6.70374076458291e-05	8.77441079452416e-05	3.13572124920436e-06	0.00015305742735832	0.00051225789392996	6.75065554104585e-05	0.000251479489307293	4.66873745883501e-05	3.12350315353903e-05	0.000153057678468578	0.000241462217283558	0.000653207427010599	5.37418901028798e-05	0.00022244742156849	4.17812128266699e-05	5.43760904982082e-05	8.65539895146076e-06	1.22702499333842e-05	0.000578861383778603	9.77202352396428e-05	0.000186040458800848	3.83399755461397e-05	0.000166859199370104	0.000635263881838855	0.000135400894527831	0.000157449048415675	3.42306674774288e-05	2.04312631015475e-05	0.000187696483024636	1.30297932012566e-06	0.000285406702847716	4.93482219336705e-06	0.000127378346293083	0.000695950379734988	9.29903647817061e-05	1.30752495197953e-05	8.50190576811875e-05	0.000102609947078975	3.01363745569613e-05	0.000170587965019538	0.000361040548754298	1.64339513525857e-05	4.88396331632437e-05	1.32839545753539e-05	0.000192093954542098	0.000280019881664096	0.000117017661279018	8.87385520606792e-05
Del5:U5:R(5,9)	0.000118568749160637	1.35613996392499e-05	2.05423080521332e-05	8.46447667769837e-05	3.71355644088686e-05	0.000178696194958106	3.39629335372211e-05	2.54744520018905e-07	0.000245336594812017	0.000238384705631895	0.000157814710206044	0.000279538499242284	0.000858230755283357	0.000143262256993213	5.06902674432443e-06	0.000197173593221279	2.95264518966985e-05	1.64001366135662e-05	8.96368116507844e-05	4.59221392859013e-05	0.000143698062361013	6.07792372144806e-05	3.12365558312408e-05	3.51298091249737e-05	9.9024651722033e-05	0.000171445543758216	0.00146776404820677	3.57998718623164e-05	2.31412248092139e-05	0.000149028738023589	3.61264659124043e-05	5.88622104650539e-05	5.3422058297044e-05	0.00172795883333797	2.4469377022304e-05	8.01794793314722e-05	1.02238480150067e-05	4.26869627637208e-05	2.25781231520881e-05	0.000148127341538151	0.000141433958050464	0.000186299750051209	6.23642891737554e-05	3.71675786826306e-05	0.00021612557620483	0.000663443959308106	0.000153138834174359	0.000124994789253317	7.44846328782224e-05	2.40628561813496e-05	2.13661163176378e-05	8.20394386745785e-07	0.000121540755468152	1.81670217195067e-05	5.58522266419925e-05	0.000562521115590955	3.36275385471675e-05	1.73436160985714e-05	2.88351053790649e-05	8.25255486506868e-05	5.12527829672039e-05	5.41900256740571e-05	0.000183993234308789	1.41051941205601e-05	1.04347487544401e-05	2.03072621786044e-05	1.58022159170149e-05	5.20145136364326e-05	7.39012443339068e-05	5.98825772716455e-05
Del(6,):U1:R(7,9)	5.82821327369986e-07	3.4897373392278e-06	4.45647444749255e-05	2.85421873059092e-06	3.84805542250087e-05	1.59336776601076e-07	8.81169290212395e-05	3.60872906662495e-05	3.78973299670955e-05	8.49845389028231e-06	8.31363414821652e-05	7.03814636552448e-05	6.6176644974158e-06	9.79590673899916e-05	9.62992146254035e-08	5.23298234649444e-05	5.55998598649427e-07	0.000101129362660398	4.2924495737605e-05	5.53287141843649e-06	5.28578819925831e-06	2.31086023167404e-05	0.000147271184339403	0.000143230366308101	1.85292619271166e-06	6.09850333271547e-06	0.000108636259117157	8.44325948116924e-05	0	2.51886568484128e-05	5.27725100326305e-05	2.18296185865695e-05	0.000100912142213222	5.68451121316374e-06	2.98592941859314e-05	1.72331406633388e-05	1.82331441134054e-05	1.87891905065465e-05	1.4817175658033e-06	6.38384624912554e-06	2.39589070361388e-05	4.38077648826248e-07	6.98400200843132e-05	7.48580268805659e-07	4.45849564115174e-07	2.0632149458878e-07	4.97015743520393e-08	1.44715984294217e-06	7.07355521147075e-06	0.00013176033483902	4.72369482278668e-05	1.25472082678767e-06	1.51685658873265e-05	6.72930299095506e-06	2.14874465244376e-05	3.19725055064498e-05	9.8932045661562e-06	3.83612692522919e-06	4.41226372359473e-06	7.7373820302238e-06	1.12585934487344e-05	4.39034558356082e-05	2.25933864933625e-05	4.91102474500587e-05	5.10486771054456e-06	4.55319779789337e-08	5.60008353550351e-06	2.8676517573484e-06	4.97854818459724e-05	2.44118460514713e-05
Del(6,):U2:R(4,9)	0.000189440274368305	1.05380884125366e-05	4.60576642526131e-05	5.31291427591076e-05	0.000121358134421393	6.74392906964053e-05	0.000590316162810041	7.32981866261538e-05	0.000336226154948996	0.000639838520106764	0.000262493926480846	0.000331112794923538	0.000698884024600881	0.00018829968678257	4.54429847058899e-05	0.000138998417135251	2.02500542244949e-05	8.88389694316271e-05	0.000266796446932925	0.000207474587508283	0.000126131532024654	2.78556289070888e-05	0.000257542515663112	0.000444579337193094	2.49788704055938e-05	1.48035050971479e-05	0.00100580000553772	0.000186513888478708	0.000127200750339363	0.00010116531201618	0.00024010686305308	6.08536178947583e-05	0.000198292530893328	0.00241961855609416	0.000199009534061745	0.00125517386231311	2.05215144272336e-05	0.000120195981358699	1.59194289691794e-05	0.000190465230947936	4.95550970132439e-05	2.47690602178655e-05	0.000688910377381429	1.20308703071174e-05	2.67509738469104e-06	0.00186454454005669	0.000375950991994551	6.37721579111295e-05	4.41719236761784e-05	7.20635371704094e-06	4.50784386730835e-05	9.5551816809215e-06	2.49477473050085e-05	1.13203227885225e-07	3.7440995475134e-05	0.000165268827839646	1.81849263997044e-05	8.42867324416554e-06	3.76955736424025e-06	1.72393227964246e-05	3.87505076840162e-05	0.000159014399685319	3.88830119572862e-05	2.21084547344202e-07	1.35469766503359e-05	8.7811671816515e-08	7.20802831302432e-07	7.45950167823457e-05	0.00110775934517435	0.000988499736721378
Del(6,):U3:R(3,9)	5.71010536000737e-05	1.81144918463864e-05	6.84950253558852e-05	3.38754387668782e-05	7.87882177774578e-05	0.000171685376787659	7.04057468807971e-05	0.000104026744353434	0.000424827171693095	0.000604000298859931	8.44043629164218e-05	0.000419380456987037	0.000868456895797668	0.000268523715927422	6.08652014821752e-05	0.000164435336233595	4.24022089180537e-05	0.000208411888484026	0.000174816270263536	0.000279935323125649	0.00010032821729651	4.28654579235344e-05	0.000443222195533616	0.000225345433549864	8.75863958016398e-05	0.000197104952593272	0.00231667496489539	0.000102623288257582	0.000110228216203172	7.39979019864933e-05	8.44530791953844e-05	0.000169713430894925	2.38650530004767e-05	0.0005996036496878	0.000202639107909305	0.000433903162222938	0.000187646365733913	0.000253105693006389	1.98405596006345e-05	0.000138869382692017	0.000196010056082671	8.62723772673813e-05	0.000307883985656177	1.97115311996353e-05	0.00042121637569781	0.000909688663099815	0.000101783301875826	1.18152345566386e-05	3.06150803661541e-05	0.000123752643681835	0.000161637954631383	2.89550960027924e-07	0.00017858539789442	2.22213743626553e-07	7.60302253457707e-05	0.000404785657032108	6.72514782567337e-05	0.000182405133796813	3.34735848278272e-05	0.000101720325580323	9.17706279949168e-06	0.000332326661739697	2.46082334766037e-05	2.75618735689105e-06	1.83563920710022e-05	6.91272994244454e-06	3.34064389122858e-06	7.8256232548017e-05	0.000178393071447847	0.000347742786379219
Del(6,):U(4,):R(2,9)	0.000274444087266	0.000910641400225593	0.00098044616066734	0.000263559399121457	0.00227813336646558	0.00296605409642902	0.00265003182989117	0.000621356001895754	0.00105971416828203	0.00682903974094348	0.000936878985659473	0.00140535108523176	0.00550320644333558	0.000902378589312182	0.000650896636250403	0.00155023354993987	0.000257368825006406	0.00106876032668873	0.000497772885724329	0.00454425409297862	0.000361608214156319	0.00113721652434037	0.00399373324000445	0.00178054598937743	0.000214939438354553	0.0043549120284574	0.099892985005154	0.00377546656856263	0.00458460130263543	0.000314615533328211	0.00197277425729849	0.00463276472658027	0.00668948408041522	0.00290494486160757	0.000915789876057494	0.00887984838560768	0.000764610958407504	0.00416277257566697	0.00013507120493146	0.000855684118665255	0.000919661827940719	0.000266798927985648	0.00131528408829869	0.000174810542859012	0.000392793465985468	0.00314124475511418	0.000569778848371779	0.000352781633525282	0.000708621298307473	0.00444318877582902	0.00035261912610895	0.000382641593676902	0.00432132869786853	3.00910950567505e-05	0.00235322249680049	0.00231733086167919	0.000865610414068651	9.95772101858787e-05	7.20359663890959e-05	0.00384052537820068	0.00281256683153437	0.00245928399518047	0.0021172624801905	5.62144309047191e-05	0.00103739168889281	3.20203635136851e-05	0.00031224624188305	0.00234754269207536	0.00182517531973913	0.00752204794505082
Ins(2,4):M	0.00318322400826345	0.00274125393128488	0.0442934670442106	0.000884432620482972	0.00234727919401703	0.0378343184329547	0.0121555158965466	0.00342008620054166	0.00319976311085759	0.0205137874373476	0.0103129532207063	0.00367263273982823	0.00363587748318616	0.0239381380605224	0.00463904665318308	0.00946134021077967	0.00530721146569775	0.0013042266150463	0.00389662546510216	0.022700317907326	0.0232345611101233	0.00438576633558418	0.00559958202965246	0.0224988851053056	0.0391646951710142	0.00285362503639677	0.00578032700938858	0.00671238846464105	0.00819645603954433	0.00538179174594721	0.00266082654680782	0.0134242443825459	0.0097853575075805	0.0285231646091131	0.00593168550398354	0.0421655177791999	0.00558779430518378	0.00243250748154684	0.00411782863831547	0.0142008797990288	0.000582190525758568	0.00174201095063234	0.00455856280742583	0.00226196437575675	0.00147230672309933	0.00436062198159176	0.00606762894326561	0.00123606875551596	0.00274025797503543	0.00951948527857021	0.000369730788811363	0.000383027661623606	0.00404242455650316	0.00929645451682976	0.00243498073384417	0.00540594579590135	0.000136331166014962	6.5484307512363e-05	5.28879680447751e-05	0.00293347610873252	0.00308367638005744	0.00381022531824698	0.00406365179692508	0.000250739354627971	0.00102653313241659	0.000460949483638018	0.00325554757235616	0.00389187235890851	0.164975012932718	0.0358302530051749
Ins(5,):M	0.00371823591480996	0.001215332445689	0.0170201299455135	0.000656361609288186	0.00147195784374684	0.062448185671959	0.0787327830533475	0.00277542107506418	0.00536031408206679	0.0407969792361514	0.0186392271144962	0.00363395201806729	0.00635388872582034	0.0295632457153937	0.00473639286565261	0.0117769937808606	0.00756029336593007	0.000934900398103582	0.00735654192128753	0.0247235492473933	0.0212708370882294	0.000453073899015492	0.0133622652077965	0.00261619431356606	0.0411258393800195	0.000360050310205523	0.00405038796931028	0.0135874882219918	0.00490784622016449	0.00584578447697873	0.00532590939988556	0.01515560055403	0.0262331794666044	0.00926377546798672	0.0112339545084821	0.077449253085977	0.0074325160517182	0.00483719195288121	0.00471297314742886	0.0163948225956763	0.000174643513703062	0.000642875200821783	0.00842582010038237	0.000257360597360689	0.00376720589199116	0.00316492014661824	0.0102836008832588	0.00034575465267717	0.00181828326166038	0.00498988277382352	0.000406206472012484	0.000580839225816016	0.00563391643100561	0.00205452538288895	0.00191992029081849	0.00793797768208331	0.000219439122743316	0.00104769489024111	2.65496923051761e-05	0.0012599426613369	0.00246962483853082	0.00323025066191259	0.00457016783268866	0.000142540577157718	0.00015779343713699	9.321046349116e-05	0.000755886522956787	0.00424544119570762	0.243672515715198	0.102089115994383
Ins2:U1:R0	3.90347219503006e-05	0.000144805974210887	0.000333329945919023	8.26496187945437e-05	0.000176759847289164	0.00179441094388716	0.00203340191075818	0.000594539592154478	0.000531629815940162	0.00199653841467983	0.0491081769185053	0.000573618623206727	0.000381835416261298	0.000704830461007171	0.000594860737935718	0.000522479242936051	0.000285344333443714	0.000151955944283837	0.000310564058126959	0.000957776797348801	0.000755750878672778	0.000429911484251574	0.00158766884198831	0.0017413265098638	0.000992527041765206	6.1124280909347e-05	0.000902208535482716	0.000871837819365161	0.000450051921655252	0.000209673167283626	0.00038449897241486	0.00041494482468125	0.00410523487138228	0.000865568969423739	0.000719151663576155	0.00312024067276763	0.000743646533596949	0.000633882636712791	0.000744635355721809	0.000625865653696736	0.000419581041671607	3.76371894917005e-05	0.000246408800401396	6.95351502620302e-05	0.000866397165466811	0.000378668716401942	0.000516816298502531	5.8881923139845e-05	0.000356421618052112	0.000762839143551686	0.000163859029680507	1.78556425350553e-06	0.000758977018984832	2.95921623116267e-05	0.000338367238984196	0.000734813702436522	3.24471198139194e-05	1.523644778753e-05	6.17124954919646e-06	0.000115145411497386	8.3025580990551e-05	0.000271161496243678	0.000627347941103572	0.000147139135742478	0.000154260140812076	8.02988954499909e-06	6.97238123356006e-05	0.000541914039956272	0.006537561300729	0.00362534945434175
Ins3:U1:R0	3.87154503187698e-06	9.59919439848533e-06	3.24236707273107e-05	8.72395110775209e-06	3.41835095550611e-05	0.000390972615584889	0.000210544624319755	7.69555900921395e-05	0.000132996387018443	0.000464168337034153	0.00511761310235217	0.00103279465985007	5.02253958676702e-05	0.000227703008518027	2.77136846175151e-05	8.7835523039717e-05	0.000149622149204975	2.94304230662053e-05	9.62267508433138e-05	0.000174750663958151	3.35539196705859e-05	2.99312518696702e-05	0.00028827887467426	0.000102908054330122	9.10428158149674e-05	1.17332986975477e-05	0.000636336598954943	0.000253455866190659	0.000106615422001614	9.95599084917502e-08	3.89418845363834e-05	5.50652602990841e-05	0.00107653333908472	0.00011288394899363	0.000165653750402663	0.000723064013273791	9.11657205670272e-06	9.50138481529201e-05	0.000156529005045989	7.47269275222314e-05	0.000134011608718084	5.57933122918319e-06	6.76354052648162e-05	1.02121937321449e-05	2.00632303851828e-06	6.08648409036902e-06	9.51647088912798e-05	1.75164615889007e-05	3.34747395671534e-05	3.89415896444515e-05	1.83942553364143e-05	4.82584933379874e-07	8.76806019390233e-05	1.17395940029123e-07	2.45932725111271e-05	0.00015066738561598	1.06237685992336e-05	1.23728600827815e-05	1.55814008830346e-06	7.04110330569472e-06	3.46267205487239e-05	0.000119455727913896	9.02675013953846e-05	2.97727190423525e-06	1.81544670622908e-05	3.25228414135241e-08	4.65749521764648e-06	5.38180682008026e-05	0.00137546961945156	0.000614606544668817
Ins4:U1:R0	1.35389243748222e-06	3.54169672481879e-06	3.62137768295885e-05	1.60242992614257e-06	4.23671792084136e-05	2.75652623519861e-05	0.000295271231814436	1.6226316123347e-05	0.000348095750473734	6.06502069649001e-05	0.000531152595466535	3.28155997896699e-05	1.35158465650496e-05	2.29970825596327e-05	3.689079487937e-05	7.44211881785109e-05	8.77892524183305e-07	1.53724518127161e-05	7.13176486085222e-05	3.47864698309344e-05	1.19961952500814e-05	1.28112061746001e-05	2.62161980413381e-05	0.000151179950321993	2.5299569169717e-06	8.89021456793104e-06	0.000343199695587415	0.000103820192978416	1.25722475082893e-05	1.24449885614688e-08	2.0362017522919e-05	1.24756934024721e-05	7.43725574109682e-05	1.33468318964953e-05	8.94145517346541e-05	0.00018338925978256	9.8916652275155e-06	0.000130730627341632	3.18027184855343e-06	2.40706929999495e-05	1.88287538211114e-05	2.03400844772872e-06	7.41040898998013e-05	1.64168037258681e-06	7.80236737201554e-07	1.94286074071102e-06	6.70142894179997e-06	8.64410912898343e-06	1.37594963242684e-05	1.92548315404848e-05	6.69450789454536e-06	5.30843426717861e-07	3.00959725474122e-05	5.45052578706641e-08	2.61165748753615e-05	0.000101944211943989	3.99111089991533e-06	1.02116618150467e-05	3.48837333202266e-07	4.88374057925402e-06	0	4.53172720554133e-05	0.000100995677876327	0	4.98590413952075e-06	9.43162400992198e-08	5.54463716386486e-08	6.43688624023675e-05	0.000986350578497234	0.000370981876236055
Ins2:U2:R0	0.00016270767572021	0.000534399864087781	0.00276136205991362	0.000173577874472288	0.000381391147146982	0.00223278625051087	0.00614871163648858	0.000975564609954183	0.000481791744021607	0.00522053354244102	0.0410419283562764	0.00158988430295594	0.000955672358538177	0.00226769305705321	0.00132097320756694	0.00105813729370462	0.00181922741478092	0.000580108153707772	0.000734148983063893	0.00332610755582802	0.00243808629555201	0.000599912692379451	0.00316015891723748	0.00775171748924566	0.000935121962987158	0.000129418460383326	0.000859116024333444	0.00242559516609478	0.00137701340140105	0.000285531595060059	0.000517932752048291	0.00214919138180617	0.00609021751247078	0.00203288240007931	0.00119706975066394	0.00924035472260005	0.00118290290625614	0.000824934935573136	0.00151875147008518	0.00315497419627238	0.000238579412547793	0.000131557181459863	0.000976471987746769	0.000367760760735004	0.00191704166330422	0.000568536071797267	0.00161615437680099	0.000211707830043839	0.000558482756825985	0.00113403455891037	0.000152409544216005	1.64078877349157e-06	0.00168130621134337	0.000423510046367204	0.000469078426087148	0.00223098515554015	0.000118326181495326	0.000212769969458486	6.24122843240249e-05	0.000439435085992026	0.000646544365875172	0.000937209847687465	0.00179742025001459	0.000346645831265886	0.000658465713581982	3.37164296934004e-05	0.000383328490323797	0.000975163917409249	0.013171303113797	0.0103799004813495
Ins3:U3:R0	0.000105770775930688	0.000121251455528904	0.000841527545798309	0.000108330574547428	5.50506309672349e-05	0.0016216102096633	0.00249379311595696	0.00055703983410491	0.000802484262469698	0.00364765747839007	0.0139532808833804	0.000746130764493928	0.00109746123948474	0.0013592197093431	0.00027481337150738	0.000684098960599417	0.000773774470815165	0.0002287604458683	0.000372123885202987	0.00143027268952696	0.000843289561385201	0.000325838211409248	0.0019173059022651	0.00792787199975003	0.000393889348735283	5.71422056341279e-05	0.000924197654219298	0.00198595851226753	0.000237719095331187	0.000313184359643642	0.000263104188244236	0.000831031389622198	0.00393173319295927	0.00137185031508277	0.00122859864881975	0.00557715195423165	0.000515732232179381	0.000576144118113181	0.000425966695578831	0.000525437526989714	0.000234840949832586	5.22040746360452e-05	0.000234170012782048	4.69218556342914e-05	0.000480848754898215	0.000392268741586919	0.000730847844853863	8.94082545919742e-05	0.000286737931582766	0.000103417995732645	0.000169990448125979	4.92236632047471e-06	0.000795428760441485	2.27412706684986e-05	0.000183332565102011	0.00431229998904559	7.13397577718859e-05	2.30707915080685e-05	2.36786553446387e-06	0.000119653479724389	0.000404458423951919	0.000344252506862904	0.000746547938214446	7.05554485424463e-05	9.70159661525223e-05	2.13024611258583e-07	3.96441557216338e-06	0.000542617426236377	0.00633506423919375	0.00560379944202523
Ins4:U2:R0	2.79174427806747e-06	1.25753796708254e-05	1.58976687437716e-05	1.35382537086137e-05	1.99226616515754e-05	0.000420768592809291	0.00015525179091875	1.39791055360374e-05	1.29486496633505e-05	0.00030329832727798	0.000442175261632953	0.000184484745641778	1.85651628289738e-05	0.000383172499628025	1.17116236340172e-05	5.7928943283309e-05	4.22851565814959e-05	1.19428525354605e-05	3.45677337135883e-05	5.16231813313239e-05	2.95438814217368e-05	1.08066925172182e-05	9.2760764702664e-05	0.000623743661298093	0.000115594087868397	6.06740921242009e-06	0.000749517019212059	2.75457459101469e-05	0.000102263490171822	5.53801990985361e-07	2.42391428333818e-05	2.52093214815536e-05	0.000161569151922767	4.87580088398018e-05	3.19100034098032e-05	0.000337060096109074	1.04083940080574e-05	3.19791445180545e-05	4.63036739313532e-05	3.91045127381499e-05	4.86818794447286e-05	6.19521056433012e-06	5.12958526314246e-05	6.38160619610898e-06	2.00632303851828e-06	8.25285978355121e-06	3.92338705537848e-05	2.99338700399179e-05	2.05934063046093e-05	3.12578434098779e-07	1.01981755776719e-05	1.35123781346365e-06	4.73545850708266e-05	1.15383438200052e-05	1.06631165496405e-05	0.000155940744112539	7.04292518587402e-06	1.61549570513173e-05	1.47991595903992e-07	4.6084106793963e-06	4.79930274221633e-05	6.69331599077155e-05	2.94745013367125e-05	4.42169094688404e-08	1.03553092645788e-05	1.64240349138297e-07	3.1881663692223e-07	2.16606903180844e-05	0.000964618727116845	0.000264970888642119
Ins4:U4:R0	3.10446481715889e-05	0.000135636955190783	0.000669241922564664	9.77131613825272e-05	0.000106978610945895	0.00230882972714374	0.00347129950289683	0.000308249967241447	0.000202032136414072	0.00270679303339502	0.00805814131880354	0.00132382104262286	0.000171868014953117	0.00227970540063983	0.000297957965728839	0.000205491979643592	0.000372958007357208	0.000185213298250883	0.000197313814317807	0.00121947918823592	0.000372017730738388	0.000318143031462789	0.00140943694565228	0.00416615641518793	0.00103240058810452	3.56575204282946e-05	0.00083812816144126	0.00152919821684457	0.000653439110329188	0.00013522724570892	0.000386849894363503	0.000675030221314666	0.00311576097133235	0.000457480046871866	0.000879282412440781	0.00453053879728602	0.000122353993392589	0.000465299438942072	0.000320611155732293	0.000385158723697241	0.00014146124609948	2.93051454080346e-05	0.000525950330518031	3.0466080267531e-05	0.000583728541817791	0.000232421163654261	0.00067045767081756	4.3851856985798e-05	0.000154965221606459	0.000313476386691281	2.32743638950549e-05	2.46118316023736e-06	0.00093979750855781	0.000180529799491927	0.000152557251246616	0.000569456246722984	9.20114809541345e-05	1.2156740256008e-05	5.79915639378071e-06	4.69517019006258e-05	0.000287447600411468	0.000492717301133996	0.000733374845072554	0.000127374177209906	7.06937107533603e-05	8.51285373998992e-06	8.02031765753052e-05	0.000464054589412417	0.00780214079337798	0.00591126731172029
Ins(5,):R0	0.000230954245957321	0.00013239613955927	0.000490180353673366	0.000149601034570837	8.48110030570852e-05	0.00553217288358935	0.27124639302818	0.000829086510943313	0.000713302216574039	0.0102124340831576	0.0129700246882424	0.0019521161747849	0.00202250617967456	0.00192186866993343	0.00129364676872739	0.00255462785800741	0.000552750396309948	0.000112363192348761	0.00303850131367307	0.00501606112128266	0.00188239637586763	8.01767025490499e-05	0.00611172840466064	0.00128558099396911	0.0017241478223182	1.95162921993085e-05	0.00252089264731237	0.00863565626926639	0.000159108009262873	0.000760930158108166	0.00445403018123077	0.00212698624067571	0.0371296677823465	0.00216843134213942	0.00536974883161447	0.0271807584147811	0.00312122638046585	0.00144950956316402	0.000881585812200141	0.00254828771702106	0.000236341792528472	7.24316941912621e-05	0.00472289280012356	4.82647534267041e-05	0.000988337021252311	0.000212201657184561	0.00118180403494279	0.00010326796664485	0.000341851509670867	0.000233871184392706	3.45987183708746e-05	0.000192937456365274	0.000709904611302572	8.43531756230685e-05	0.000343068748872945	0.00166664716853441	5.6105878205302e-05	2.05313835434801e-05	9.38266718031308e-06	0.000188684192216716	0.000576361436248817	8.23630146653888e-05	0.000500029642405252	4.96113724240389e-05	1.18928351545542e-05	1.07683127920178e-05	6.70069401253069e-05	0.000804042660341817	0.0314699987583061	0.142404101848526
Ins2:U1:R1	5.15826994687676e-05	0.000218291045730208	0.00118545537902808	0.000150305823225443	0.000403969174722334	0.00818170447330033	0.00158950342542068	0.00284279872610454	0.00134272279604319	0.00275525833972091	0.0251649105716417	0.00358930923017026	0.000279637765111418	0.00483737784925969	0.00272295249490899	0.00161309250216459	0.000218390396932667	0.000505589055822874	0.000689990811033425	0.0015595762528775	0.000802318578487421	0.000452850961734326	0.000631296199888536	0.00523958001382676	0.000766042447902219	0.000155715298684438	0.000700802071398091	0.00107278795959469	0.000737341592876266	0.000370026844898151	0.000912508458460759	0.00124745554553694	0.00153528412082808	0.00123860656271977	0.001215592675866	0.00435803487018247	0.00201151441505361	0.000972723030793982	0.000352865617378133	0.00122895949220179	9.17151327431238e-05	0.000111489154984536	0.00189253934393711	0.000190993516739526	0.00285811863076032	0.000376244438840523	0.000277276799714302	0.000107672577307764	0.000947398016519148	0.00254767905198848	0.00127608582259016	1.83382274684352e-06	0.00156971764282548	0.000273587045525726	0.000446235470763435	0.000626554754477746	4.99122786933505e-05	1.523644778753e-05	1.88583576494801e-05	0.000160026632551081	0.000728116802827572	0.00101489458675509	0.00141911800049743	0.000170927833036714	0.000207522949117695	6.8541888279002e-06	0.000141013984669993	0.000492099862888371	0.0153652724249735	0.00542351389543778
Ins2:U1:R2	1.92986147276038e-05	0.000193485876720628	0.000200116596867082	9.84670397941697e-05	6.00918703700101e-05	0.000551703588981225	0.000672425643242503	0.00496196380003037	0.000133209826298608	0.00156522650970062	0.00270850727316186	0.000596303557773293	0.000388797352322163	0.00204344492611541	0.00128756967360869	0.00148560279211297	0.00023240741423546	0.00123549421907781	0.000129064857995552	0.000722332140508901	0.00024226058142483	0.000355583041586909	0.000187069932796939	0.00833486313044969	6.22511934359092e-05	0.000271876848475743	0.00190685324581536	0.000182132765538295	0.000765594610628411	0.000350307760522504	0.0005880148728802	0.000535453422855935	0.000290495300316147	0.000198311248871989	0.00170867633234684	0.00205238859163914	0.00112041563300918	0.00101877242165911	0.000210503277839336	0.000392924354848774	0.00011646539320073	8.91825410127625e-05	0.00115368491478066	8.04098618893437e-05	0.00034921167109321	0.0002249592029333	0.000400669241638965	2.64082390131528e-05	0.000594278355913409	0.00062203108385657	0.000485164125871514	1.01342836009773e-06	0.00101605100769301	0.000110922392478945	0.000326013026505362	0.000350567555178828	0.000142244056194007	1.19946503859279e-05	5.66321554211461e-05	0.000405934167465782	0.000988949611981741	0.00075385056605115	0.00135479018116992	0.000143631260924617	0.000302750548429498	1.1716353619222e-05	6.58841510996242e-05	0.000841051600002691	0.00200386858740052	0.000787505784697085
Ins2:U1:R3	3.09949502289449e-05	0.000218500091630376	0.000312782611200972	7.38415138175849e-05	0.000229825134832942	0.00180110308850441	0.000633377227415444	0.0028938363357894	0.00170541542173266	0.00117047640050648	0.00152928780807238	0.00176162089092463	0.00019067544295637	0.000668757995605467	0.00176448026498397	0.000332970983921175	0.00026447975445229	0.000639658106315172	0.00057547589403963	0.000924487103888637	0.000266458373320258	0.00100206464137961	0.000120378249423821	0.00582079569821817	0.000153899773583109	0.000253928781473941	0.000487650106061876	0.000441132784728291	0.000966377548032772	0.000244836482464056	0.00035079926464299	0.000579882670901893	0.000216431342728461	0.000172564552677574	0.0011973661658615	0.00212475029404873	0.00174550982067038	0.00108851755047488	0.000228464585893098	0.000368577304868343	0.00015196714497068	8.76048188202905e-05	0.000944691058887929	0.000154925263093732	0.0015499960096464	0.000182972778784483	0.000746429288413227	6.94248225325546e-05	0.000785235396192513	0.00100291643067232	0.000278447732567048	3.32983604032113e-06	0.00115436805723009	4.00068592770674e-05	0.000288144321943078	0.00136041570726993	0.00048789081477964	0.00136679581447215	5.26215831721479e-05	0.000421373444561359	0.00110560696805345	0.000807862103298786	0.00100476648580351	6.36428716954843e-05	0.000411806488890209	1.61996273080763e-05	0.000129786094413167	0.000886573317207391	0.00257175741661969	0.00204884622136668
Ins2:U1:R4	2.48440768276248e-05	0.000186615154244572	0.00028038072269264	0.000202891472245924	0.000141733246691265	0.000614960289291852	0.000646211417372286	0.00158003468938011	2.69526379897397e-05	0.000643794533840331	0.000501313622992326	0.000384771390148301	0.000237802394752995	0.00191575619421458	0.000539904620176515	0.000215914050663052	0.000699797394110652	0.000268676838850156	0.00318821010159442	0.000479894821859611	0.000257021215636877	0.000720836948680956	0.000165337116547463	0.00454247501797272	0.000190708865065247	0.000276317224045751	0.000865470147961353	0.00026100991579668	0.000489170953325276	6.07190991914062e-05	0.000327166811344742	0.000147087249336473	0.00103243785322464	6.11118775686479e-05	0.000536971253587599	0.0010329816765087	0.000725191934291882	0.000272082486797563	0.000292874125689511	0.000366117727742057	0.000178436552516301	0.000161769543905931	0.000197598809747511	0.000121161207715693	0.000120490844702126	0.000137410115396128	0.000238678004832793	3.55768221791756e-05	0.000386308112581341	0.000635562888430919	0.000216257631191552	2.60595864025132e-06	0.000507793956037739	3.14327629427976e-05	0.000172646418063063	0.000235816615457481	0.000124361432152817	1.4209878610356e-05	2.27230524682301e-05	0.000479535356295747	0.000316536663949942	0.000407803780796334	0.000446494804578607	8.40121279907967e-05	0.000322611986204966	5.18414092131574e-06	4.20006265162763e-06	0.000877898219752771	0.00094412297779222	0.000659109556054686
Ins2:U1:R(5,9)	0.00217345518563058	0.000731138640017966	0.000573725216788163	0.000618629118182671	8.92316681145457e-05	0.00115260240773803	0.000803805840841526	0.00133720629918602	0.000583116113411104	0.000543052149438109	0.000253523349312966	0.000836482726100937	0.000788318126305841	0.00163787773283917	0.000628770355000621	0.00126159517628227	0.0462120576314202	0.000173455667976041	0.00251169673910715	0.00142876724456717	0.0105014553772394	0.00124169723428276	0.00145710643819069	0.000576413768036193	0.00186849789936965	0.000500320618571937	0.00122946515724011	0.000696367070669246	0.000702028774600236	0.00126844301413914	0.00039990319889286	0.0013990642380281	0.00108534557848288	0.00465896153763664	0.000133713500544131	0.00181769694327735	0.000708398248924272	0.00101356282275522	0.0242161890256733	0.00866652727220571	0.000179964683261202	0.000718279182239189	0.000635083300327619	0.00847346423082609	0.000372953160382343	0.0570408783229818	0.00492101914536122	0.00161511294082188	0.000622278247381462	0.00152569533683614	0.000228676881818348	0.000579584504989228	0.000640564343348283	0.000922669197946745	0.000272230253831196	0.000334060613666489	0.00110503388201235	0.000102819007587481	0.000382389142159357	0.000501753867370043	0.000625166129710308	0.000332420603016761	0.000685825634541151	0.000559933463573749	0.000915466551074565	0.00551426402308371	0.00731465168568544	0.000111549849806288	0.0034189170174376	0.00111353200680548
Ins2:U2:R1	0.000164189578009957	0.00107799653942517	0.000898280279569419	0.00023033615284093	0.0014859961749528	0.00172812684482112	0.00369097264126507	0.00736633583465916	0.00239174128484138	0.0058761464604059	0.00220974318262777	0.0014925523614823	0.00152572231361711	0.00431689611246899	0.000807173870231752	0.00610390241682688	0.00142692650880754	0.00349901679642462	0.00345487636158187	0.00318539844095103	0.00117930174662511	0.00054294260767593	0.000318640086070338	0.0524749283675851	0.00073821292181553	0.00117216181236628	0.00455082334230831	0.000977346099662112	0.00287277927912902	0.00050711461639701	0.00121246903596436	0.00286303318563652	0.000720374854148008	0.00166860831550268	0.00431568429054441	0.00830316444632546	0.000397770433421397	0.0030991052448943	0.000379410045477707	0.00223760719956362	0.000813320300924964	0.0002024250776871	0.00303500158986297	0.000470363348294124	0.00357504472985752	0.000726165693663095	0.00061952460190102	8.12497695713606e-05	0.00233106293870256	0.00239984650239253	0.000541566919020417	3.23331905364515e-06	0.004888744904015	0.000367726011292651	0.000515122954353801	0.0014306089833922	0.000344351177049142	9.17428664653402e-05	5.73721134006661e-05	0.00165881981754722	0.00304582917812687	0.00295070020962714	0.00420778994397765	0.000250194012744522	0.00128746133306311	3.88973183305748e-05	0.000774364026305367	0.00291941377334582	0.00539596219022804	0.00543771041779388
Ins2:U2:R2	0.000491957675235091	0.000873700693786004	0.000163316375680377	0.000127717522165901	0.000720442311570802	0.000846675796663966	0.00123742964039072	0.00346874012936063	0.000325577906416314	0.00289790893177407	0.000392209821287352	0.00106367137634345	0.000956628668436648	0.000988413899720176	0.000452245698914416	0.00127297541407753	0.000767629223145882	0.00152134295396078	0.0030865898915813	0.00173807405891599	0.00141046876828915	0.000578141713749707	0.000145597731742768	0.0354388779231091	0.000405541403831759	0.000963286383322933	0.00312919408262417	0.000808300245175205	0.00203835506730687	0.000978761015393835	0.00079916179015464	0.00244454934546591	0.00047688959357849	0.0012944965903877	0.00189682134202489	0.00521525127371331	0.000355472491814186	0.00156474127299104	0.000367547270088074	0.00109600414889208	0.000142061583177835	0.000444684159677007	0.00128235095334077	0.000644264552865649	0.000217463124897176	0.00112983369782604	0.000332442786046491	0.000466364256231907	0.00100318227958296	0.00109333684679071	0.000275913830046215	2.55770014691333e-06	0.00299356366119096	0.00045049853443747	0.000481784676045406	0.000970741102736368	0.000476439313532092	0.00182313282870434	9.72706476563823e-05	0.00127377401181731	0.0023126590996351	0.00143129399440273	0.0021362326769333	0.000456067943231443	0.000938947377232925	2.77240961629586e-05	0.000696046026365776	0.00316733038376413	0.00254854224277239	0.00321683937987739
Ins2:U2:R3	0.00073409320528817	0.00057228188125703	0.000494504961918272	0.00022116338109741	0.000127034782615984	0.00021781337361367	0.00141394742214572	0.000627917947790884	0.000440384523669574	0.00227904934403085	0.000955440661122634	0.00066872084888964	0.000849547461405245	0.000670139946637555	0.000526039582189917	0.00212119389057662	0.0018218025661852	0.000441944297109762	0.00159358740270448	0.00112429808079739	0.00188477827828612	0.000580759304930296	0.000417826173160518	0.00878578375431282	0.000616240491860683	0.00037430358456527	0.00191062721015193	0.000443955673220825	0.000749699697707216	0.000962899877472243	0.000505012160854744	0.000783647272266259	0.000162529240261867	0.00222506000453424	0.00101239703330006	0.00323173379908062	0.000123055268166182	0.000729704622091799	0.000907868229266737	0.00137291384333466	0.000382114550372497	0.00039987170815722	0.00112257535010553	0.000708899019285477	0.000486087487276568	0.00125068651328142	0.000771255224802071	0.000771103096716159	0.000406877393527112	0.000373946105578754	0.000196987458934356	2.89550960027924e-06	0.000662527308333527	0.00135489170014897	0.000269131007984309	0.000123968238606089	0.000165730070380524	0.000148906560646924	0.000153909145574496	0.000463769354385673	0.000774146122090073	0.000578415231135138	0.000556574967975863	0.00257678461620614	0.000318499525126383	0.000184575255732102	0.000914088882834761	0.000672184786140722	0.00443989611209703	0.00302147260012033
Ins2:U2:R4	0.00290059444394426	0.00371433359598158	0.000970253757740657	0.000614102341301599	0.000125244759404797	0.000545688625664534	0.00158010984606125	0.000197304179763928	0.000603440275977938	0.00196748902512999	0.00172883930889109	0.00109847433151182	0.000557031389661091	0.000730857205444845	0.000360036127531402	0.00115827375110629	0.0213574571175839	0.00026914487359473	0.000990561471250358	0.00402811821205053	0.00913842490917419	0.000778994750968621	0.000296145940837338	0.00172078625521519	0.00369968784251296	0.00288286635269802	0.00102124245144554	0.000387701151341607	0.00319595511837507	0.00404126113556576	0.00050177964317536	0.00480838030978114	0.000487107676616051	0.00379061660033822	0.000517698216457053	0.00316859839688355	0.000324911675364996	0.000513802103529248	0.00361419825861685	0.00974824376520689	0.000666783477708488	0.00132851384939268	0.00115089966066714	0.00705463831522661	0.0002798820638733	0.00207327311874901	0.00104253470121123	0.0035762913337503	0.000255949148632974	0.000434233960650024	0.000171867412956225	0.000580839225816016	0.000841402796312889	0.00324473992816207	0.000146595644585724	0.000229524036411167	0.00176612595403295	0.000125727709225469	0.00224730312377785	0.00267985811293336	0.00284898707220225	0.000754968467248205	0.000381513043686354	0.00417998658075754	0.0025650212968037	0.00149595476263994	0.00959431539401557	0.000447750456150512	0.00198293137305598	0.00237291784981736
Ins2:U2:R(5,9)	0.0184964775088448	0.0265593384092151	0.00241719294671978	0.00803306888003311	0.00129275773000817	0.00335105158289137	0.00330657346056749	0.000461992834082142	0.0043775329165465	0.012445626299672	0.00303492836535485	0.00233829325532301	0.0021770458592674	0.00128255686170401	0.000421171786382312	0.00814425700769323	0.124125223994278	0.000711720519700363	0.0043129385192274	0.0344991217083849	0.0911247592905289	0.000739890398728209	0.00187123998188523	0.0035922010445202	0.00719216865020634	0.019822376635864	0.00265883489479824	0.0031140299201	0.0229372435473061	0.0311680382775989	0.00169312829969788	0.0389438878321596	0.00445727869200856	0.0180462614180517	0.00254876539652371	0.0218157711894374	0.000806392171234174	0.000666684349478828	0.0171149582080657	0.0951252507870509	0.00257080709780711	0.0118768966546367	0.00665238439163191	0.0593780267061029	0.00614291529437886	0.00491774159735511	0.00780464926529504	0.0227970070248053	0.00103200725832329	0.00394605835099406	0.000466175498338855	0.000916718339448408	0.00380013991953513	0.00598963729266514	0.00244772975471114	0.0150571002803122	0.00297901699895826	0.00219161713335312	0.00739546985716477	0.0177746461088738	0.018826266497505	0.00444245480994792	0.00164094558371375	0.00355218016114912	0.0169846595269876	0.00734606265529626	0.0608441313640427	0.00404165756547945	0.0283156311256031	0.013959872500827
Ins3:U1:R1	3.09783842480636e-06	1.02589577597105e-05	2.94411822825475e-05	6.69373901314258e-06	2.53891551873949e-05	0.000386431517451759	0.000254512987578433	0.000505222069327493	3.50633306360142e-05	0.000298800814952071	0.00383772082913655	0.00114413503313939	3.69518144768998e-05	0.000263669169994186	6.2393695399421e-05	0.000154259498016854	2.96435042332563e-05	3.3548132999844e-05	4.06927195294106e-05	0.000106330646635929	1.2599208520585e-05	3.28717177333273e-05	0.000137465855498464	0.000843276248733753	1.90637598673219e-05	2.59602106509574e-05	0.000584617883607782	4.72833822499448e-05	0.000117343279353468	1.5556235701836e-07	4.82792156630478e-05	0.00019571931534836	0.00013856132065363	5.98781140687894e-05	0.000188247847603728	0.000653642248739291	2.15549719883174e-05	6.49828915906135e-05	5.62871977741133e-05	4.57923516658053e-05	3.36188763878395e-05	6.21341917076055e-06	6.85245091837903e-05	5.52585391484958e-06	2.34071021160466e-06	1.35828317270947e-06	2.87137039826032e-05	1.47823978587784e-05	1.53196028624963e-05	7.09212050748848e-05	5.93746541301266e-05	1.88208124018151e-06	3.40611195518297e-05	3.1864612293619e-07	5.77736274642665e-05	0.000468287528675549	9.27420449872119e-06	8.3206133307788e-06	7.33615482552645e-07	2.41592809461819e-05	7.39663406806391e-06	0.000102743574724307	5.6704392437709e-05	1.98976092609782e-06	1.72579356767133e-05	3.25228414135241e-08	5.128789376575e-07	9.542607200082e-05	0.000681975162765945	0.000383100356913946
Ins3:U1:R2	6.81840713092406e-07	2.54637240130012e-05	0.000219635140627221	2.07579544042976e-06	5.18365008919001e-05	0.000948890338853556	0.000114652795407109	0.0010342968688464	8.40713609094828e-06	0.000166632595212661	0.000398361074202469	0.0010538800156972	2.44815334008446e-05	0.00216415303357209	9.32586181465929e-05	0.000236506607012238	3.21893925533879e-07	3.69727531840722e-05	0.00015053330524271	0.000130909563942961	6.05086128620978e-06	2.55224749472981e-05	7.76371667304442e-05	0.000738093602445899	0.000106044391336729	2.68376056105966e-05	0.000343276715267754	2.60044487932234e-05	3.13891718009158e-05	4.59282302861005e-05	7.38265328065612e-05	5.01569151294888e-05	6.58346289668321e-06	2.97564275689551e-05	4.65190381462344e-05	0.000266586665694817	0.000147452248447479	0.000185958148131611	4.73517180632629e-05	1.71341327898607e-06	1.92380745563529e-05	7.64975688977277e-06	0.000130262796618676	1.64817564606886e-06	2.00632303851828e-06	4.81416820707154e-07	4.61672401758943e-06	5.37100263857061e-06	1.53582034366381e-05	1.84080281462899e-05	2.56205699328628e-05	1.1582038401117e-06	4.22989789519285e-05	7.55107457115892e-06	3.48911913017395e-05	0.000167595309529304	1.23332164598826e-05	1.02656917717401e-05	2.95983191807984e-07	3.51761480058221e-05	6.65042496739197e-06	9.44955305981347e-05	0.000160740014885242	4.62951042138759e-05	3.40317991910699e-05	1.90258622269116e-07	7.42288300312408e-05	0.000138404777269759	0.00135885287610193	0.000163887534532655
Ins3:U1:R3	2.03648614970559e-06	4.52662917121927e-05	2.18676722992162e-05	1.86891717863017e-06	3.06677457341948e-05	3.01146507776033e-05	0.000176708461148638	0.000626837558085447	6.32136001422359e-05	0.000392170305856825	0.000203315096352295	0.000112503703267096	5.05824182297658e-05	0.00070281068642181	0.000126742059963792	0.000197302062509655	1.52168037525106e-06	0.000101240894344212	0.000126975667489547	0.000129857197235945	1.09880324384582e-05	3.14687503604713e-05	5.01998999812323e-05	0.00119776795899485	3.20698764123173e-06	4.40306262565307e-05	0.000157428226611463	3.4275512076348e-05	7.59032173742216e-05	2.36454782667907e-07	3.70554592630775e-05	0.000159202592823094	0.000162392084784853	1.48322182154039e-05	0.000325367098274819	0.0003203799662679	0.000330337327560685	0.000135334123325955	5.40736562886144e-05	2.17492943639039e-05	4.4042911111991e-05	1.29516746445159e-05	0.000119892941726968	3.41976148829657e-06	1.89486064748949e-06	2.0804084037702e-06	2.43372042410486e-05	1.21600276735812e-05	0.000132760241331433	0.000165257376485896	3.18771193670174e-05	1.59253028015358e-06	9.223816182775e-05	7.62654338974907e-06	9.72939471169298e-05	0.000126228249390329	2.64046714812252e-05	1.35074891733422e-05	4.32769709736387e-06	6.40062477420348e-05	0.000152540849842621	9.4204312639238e-05	8.58607600402255e-05	4.40695197706109e-05	6.21670750657362e-05	1.00820808381925e-07	9.93876211622777e-06	3.60710912874012e-07	0.000271000660225653	0.000485325605212922
Ins3:U1:R4	1.7134495225199e-06	2.64195350363146e-05	8.2464129942397e-05	4.91949493736985e-06	0.000113520601853076	0.000589824912783032	6.26476100130079e-05	0.000324005460903688	9.52176344292168e-06	7.99407987392248e-05	0.000130268967985278	0.000143719724337328	1.84121532452185e-05	0.000290510911194374	7.8094565222282e-05	0.000228113280171707	2.31178364701604e-05	6.50448796724098e-05	0.000131550808716346	7.2618503937528e-05	1.31758399605041e-05	7.16128359552878e-05	2.1129637731129e-05	0.00177461826488152	2.81502248508118e-06	5.06273114731091e-05	0.000336344944037308	0.000162598377169959	0.000112956808382169	2.32410161385429e-05	2.84954491033029e-05	2.56303619095482e-05	1.17953710232241e-05	2.08062309515607e-05	5.47642200699427e-05	0.00010035728445813	1.59078646009671e-05	0.000249772126948776	3.08992321649225e-06	4.38025814063376e-05	6.18347190704905e-05	3.37716094559697e-06	0.000116935310323034	2.73126249919982e-06	2.89802216674863e-06	1.68495887247504e-06	4.36959674511679e-05	6.53164425757456e-06	9.48303521654222e-05	9.56319511014574e-05	0.000137800501287254	4.9706248138127e-06	0.000128015356460381	2.66363002501791e-05	0.000151563650136467	0.000106863058944981	2.38279037586469e-05	8.91494285440585e-06	6.29598532288696e-06	6.17938190356225e-05	3.75330086250252e-05	0.000140695850657945	0.000185418944747222	3.22488659726076e-05	4.22211105424357e-05	3.17585546403062e-06	2.63370265283581e-07	0.000226111635735075	0.000207111842543437	0.000342136188782062
Ins3:U1:R(5,9)	9.45721728549173e-05	7.93238564303837e-05	0.00014636143153849	0.000153359907395399	4.03620565229547e-05	0.000190885458368089	8.70839076908357e-05	0.000385760536466485	3.67589871395482e-05	0.000178368217543621	0.000763308434653305	0.000285209732883926	9.91629610720667e-05	0.000108057940316795	7.82031579536681e-05	0.000268447283834591	0.00723289798057797	4.01623601774084e-05	0.000511864072727734	0.000345054919655027	0.000855621182767	0.000184709303065503	0.000539054021594938	0.000458226888939486	5.68349476418289e-05	0.000106623766370266	0.000729530412164273	0.000296719455227235	0.000123228749066139	9.39783311219315e-05	3.64298106799711e-05	0.000182003259603958	0.000233815799440015	0.00124649886124846	9.3382885807987e-05	0.000694234188403787	1.39516770746301e-05	4.57319083834453e-05	0.00171558499989366	0.000783858939438081	1.70550306350647e-05	4.21422129414883e-05	0.000303728785708319	0.000155168835849308	0.000248115282430094	0.00333857407123047	0.000568666085346008	9.81397760604642e-05	7.36000363874746e-05	0.000250403741934404	2.15538128006624e-05	6.27360413393836e-07	0.000399214635268469	7.15695962963258e-06	5.73327580975118e-05	0.000165711967209105	4.71591679283052e-05	1.85322751458255e-05	3.70570956143595e-05	0.000131137795769566	0.000517620379499431	0.000338320115216346	0.000171768651004036	5.67745117579911e-05	0.000116889535081614	0.000143546065146871	6.18504275629125e-05	0.000370720640706266	0.000703724672747131	0.000255537402409839
Ins3:U3:R1	4.31412027110399e-05	0.00116171760990592	0.00119202355582778	6.70986850474052e-05	0.00137301703039703	0.00412112622420437	0.00217868075031373	0.00362704110350595	0.000132996387018443	0.00514362182534716	0.0023569146065399	0.000833719817403727	0.000708714890357158	0.00345982071276003	0.000580891205056655	0.000975585070149343	0.000292074842795786	0.00194960370761271	0.000486533412764728	0.00307358520071298	0.000126227637264641	0.000729283581014795	0.000197055479609822	0.077166290363381	0.000475667533586693	0.00191288324220626	0.00470482419314472	0.000799921912129364	0.00279295932310798	0.000264568011828265	0.000918708067147905	0.00322094789468805	0.00104742208908845	0.000190289080501199	0.00322595918642207	0.00671732792506395	0.000598261200271637	0.0022393482534899	8.0139236638264e-05	0.000683071548656433	0.000396686368547096	8.0763738274928e-05	0.00192118119161264	0.000145844870765833	0.000394131014677813	0.000318371259608371	0.000142798145510559	6.28543283463104e-05	0.00215340862128705	0.00380146525062422	0.000748752553532445	0.000189221552378249	0.00517562477518565	0.000328272590018578	0.00144068212887658	0.000773477612421799	0.000350533980048289	0.00285775246942566	0.00010284147415934	0.00270691019336071	0.00433040850785201	0.00290418988335302	0.00422492203470065	7.07028382406758e-05	0.00160941119307672	5.36269132067598e-05	0.000574077870353658	0.00408326556927946	0.00144123024881822	0.0039031589371146
Ins3:U3:R2	3.36609436521406e-05	0.00011755871407853	0.000401030758059842	2.65330136786013e-05	0.000179731681404974	0.000700165630579277	0.000184396402855031	0.000950722470243054	4.26404250818759e-05	0.00074310868614747	0.000615152270691172	0.000301787185067186	9.67658109265674e-05	0.000580720627933036	0.000128120982760449	0.000676556742794373	0.000174495770723502	0.000324302270333379	0.000155269630306767	0.00063284802977425	0.000121633429909992	0.000223242858991205	0.000514003723494552	0.0144869451058248	8.60541683730513e-05	0.000306690771901241	0.000447137754203936	0.000510372593673165	0.000192762948746601	2.15796101655869e-05	5.68107872508631e-05	0.000532760281379573	0.000501783312656574	9.14743644006914e-05	0.000506555424745042	0.000931740520052748	0.000129514377922955	0.00127974302159796	2.25419836992637e-05	0.000349121773442437	0.00017731774250664	5.82514741599401e-05	0.000606051335626423	4.27746235160058e-05	0.000226714503352566	0.000130102895796108	0.00010273039298709	6.16402680753858e-05	0.000339799245812332	0.000507616010487904	0.000660410075522183	0.000193178748831963	0.00127037962577802	8.56151819783815e-06	0.000276152017153372	0.000272131886784627	0.000185444502760809	0.000871503201464039	1.65179762685413e-05	0.000474913485043469	0.00114404328243192	0.000586033868704984	0.000449964818827522	1.07741869405741e-05	0.000257127236286796	1.45897466581069e-05	0.000135261423612483	0.00151511208289036	0.000733367577284412	0.000351014158922147
Ins3:U3:R3	5.6136085213737e-05	0.000178741494790829	0.000212157137296334	8.40346512252358e-05	4.18628080273611e-05	4.06308780332743e-06	6.24244522611052e-05	3.60599966105332e-05	6.05693246157459e-05	9.82477074811741e-05	9.63291602343244e-05	0.000339934713921647	0.000129548114246136	0.000290989278859328	1.55164670714507e-05	7.97847809681871e-05	0.000583505897740504	5.48915131709877e-05	9.78447885942548e-05	0.000174736216309784	0.000149445532595501	7.59678004304819e-05	0.000198022771989855	0.000556401953943419	5.80821095023079e-06	0.000113971442187891	0.000424802046905833	7.69688776374325e-05	7.07016226633744e-05	7.41845768149154e-05	8.6273147800785e-05	3.87584783175616e-05	0.000134069478781413	9.47589891568936e-05	7.50414392983143e-05	0.000142858765764971	5.35183379846921e-06	0.000119315689023138	5.73713813588474e-05	0.000341411413687	0.000114200485132393	0.00012815538534086	5.88804534096119e-05	9.51671232405494e-05	3.12094694880622e-06	0.00038188389302595	4.7597541037803e-05	2.08041368025646e-05	5.54738501134238e-05	5.81395887423729e-05	0.000150501296638587	1.39949630680163e-06	0.000121189501811084	1.28255064481816e-05	5.79940621476438e-05	5.41737879163339e-05	5.89525587479828e-05	1.35074891733422e-05	8.36998183119862e-05	6.19761486137505e-05	0.000133649977346663	4.54910634179807e-05	8.23318321368294e-05	4.58824130588334e-05	9.22722937579481e-05	1.93023063789265e-06	0.000473858553616801	8.21699459527e-05	0.000218737088067886	4.69513971255437e-05
Ins3:U3:R4	0.00015625748516433	0.000180829537076905	0.000807488639755969	0.000131497433457765	0.000131811474389481	1.64515221840611e-05	0.000100611667749836	1.1311111589768e-05	8.77591173612246e-05	0.000124901734262271	0.000184402691556255	0.00188444914774446	8.23574084562787e-05	0.000144148123039423	6.26559570903157e-06	0.000337001707843955	0.00234575808770193	2.0216113509746e-05	0.00091315603309615	0.000520967174541845	0.000813331108339993	4.43952689218815e-05	0.000141680749291306	8.96051377288406e-05	9.06508506588168e-05	0.000176684903027987	0.000323521167260983	4.06157196305794e-05	0.000114255480102805	9.86763143038859e-05	0.000136448268261125	0.000169269631524876	0.000140378630724068	0.000478353918366182	5.22053705074126e-05	0.000107033590324001	1.48374978412732e-05	7.90098448719984e-05	8.18377909210141e-05	0.00137404690695464	0.000101429678192857	0.000269016093592177	0.000275123227988672	0.000582312634393907	1.6719358654319e-06	0.000990549495520735	0.00021167624396676	0.000314451322651649	1.83031055722004e-05	4.68299326722534e-05	0.000195861280036208	4.82584933379874e-07	0.00023930334970953	4.3776107494431e-05	0.000215091609857852	0.000212950623993409	5.58431630604023e-05	0.000717733944714711	0.000215627983563428	0.000143877616158093	0.000205731158194025	0.000101259302546704	0.000196170686689957	1.36335470862258e-05	0.000139131809587703	1.90470020738304e-05	0.00107474474465775	3.83435700385075e-05	8.3454547364885e-05	0.000131780761870775
Ins3:U3:R(5,9)	0.00107821493763969	0.00181370518865953	0.0018646886378827	0.000168311244824441	0.000163483017670281	2.82424436525407e-05	0.00011264856639589	5.55365798687643e-05	0.00082911674153919	0.000954472848483801	0.000533283950643264	0.00266402564909935	0.00033238781911105	0.000305889545756594	2.35912586637637e-05	0.000871867531334208	0.006374172776506	3.9362717837212e-05	0.000323068204271203	0.00309839701411168	0.00640677102495984	4.52370493455951e-05	0.000187408301234061	0.000701424423006096	0.00026382818328533	0.00195345701343691	0.00258454941311196	0.00024151504786724	0.00160021224164299	0.00167889740437923	0.000199619816106904	0.00275734065873884	0.000375257385110943	0.00642500740778932	0.000277317589822864	0.00127416293050153	0.000123571996946723	0.000207662405060832	0.000467816181949568	0.00962874700684663	0.000188096521868001	0.00205033621222433	0.00022194029765167	0.00472170008613155	0.000480625830116157	0.00460557717604229	0.000457207543662985	0.00211981236416851	3.89608461670458e-05	0.00054380122666803	0.000154317791793422	0.000191007116631754	0.000798707127907455	8.07600213157485e-05	0.000213509086235397	0.000687840929273893	0.000197583381990218	0.000819202203384858	0.000799275125323935	0.00183604416748764	0.00114912274087158	0.000438348787033519	0.000176381590149877	6.87720331938698e-05	0.00108053672374836	0.00036000021003251	0.00588864031510395	0.000281895578411041	0.000332917600818912	0.000894627804475413
Ins4:U1:R1	1.93633726528672e-06	4.43708985791014e-06	1.7238112988609e-05	2.94187901101447e-06	3.23341485578684e-05	3.0512992719106e-05	7.17415503252847e-05	3.8850813807526e-05	6.65574821981561e-05	9.34380649622998e-05	0.000151596009342296	0.000105911500059718	7.0894440473279e-06	0.000366039850294308	3.84910009777198e-05	3.47402367315353e-05	7.90103271764975e-07	2.18472643855139e-05	2.15490391657878e-05	1.87726963815011e-05	1.00345177044743e-05	2.22379937963243e-05	2.36011984892349e-05	0.0001785439808438	2.03109217278009e-06	1.51286414419757e-05	0.000154655518119284	1.91956417492313e-06	1.26896805894107e-05	3.11124714036719e-08	4.91228932978429e-05	2.02630447418687e-05	2.86654946959748e-05	1.28868762057586e-05	3.45051487108089e-05	5.36136902205847e-05	5.20419700402868e-06	0.000149317783541656	2.24968093832331e-06	3.49315223328774e-05	5.17927170325644e-05	1.24032742626111e-06	2.34160940293079e-05	1.22923050647697e-06	1.11462391028793e-06	3.09482241883171e-07	1.74038346189391e-05	3.89470534912624e-06	9.26896286578125e-06	6.18052812877131e-05	7.60170756249777e-05	2.41292466689937e-07	5.72403658570715e-05	5.45052578706641e-08	1.91416266849147e-05	0.000112069946536121	8.56883232885337e-06	6.86180450005784e-06	3.53065664513809e-06	5.95691534447722e-06	3.83970402152769e-05	3.53594966866865e-05	4.31247950798992e-05	0	5.55567703231898e-06	3.74012676255527e-08	9.70311503676351e-08	0	0.000349234147955	3.71578541668413e-05
Ins4:U1:R2	1.66826957466176e-06	1.04402114303768e-06	3.75324388554473e-06	2.96642388953307e-06	1.49704289278095e-05	0.000267924789854709	1.44046757319694e-05	0.000213471358766556	4.54151357240224e-06	9.76589164353532e-06	5.53208074668764e-05	0.000135479470328106	1.922820435858e-05	7.64148051461447e-05	7.03803834549491e-06	2.67965524003183e-05	5.88187991202815e-06	1.11362394650259e-05	2.74818442525712e-05	5.97207992877823e-06	7.27761640839059e-06	3.23701088507035e-05	2.72533708594719e-05	0.000126435146903028	2.28052454487589e-06	2.6051465134433e-06	0.000175604871171299	9.78977729210797e-06	1.66824053475378e-05	4.97799542458751e-08	2.35376580583836e-05	1.69136871029563e-05	1.77959231425968e-05	5.16232622309205e-06	0.000133907077816	4.56233928285457e-05	5.10823308764233e-05	1.60617273684994e-05	1.21970653282589e-06	5.5271396096325e-08	5.45760980322069e-08	2.8951684224385e-06	2.0267940357022e-05	1.41759343745627e-06	1.00316151925914e-06	2.40708410353577e-07	6.19889080112935e-06	3.25028215731945e-05	7.09285549854161e-07	2.08972891305675e-05	2.4087715321495e-06	3.86067946703899e-07	3.98087478010713e-06	1.30351420553765e-05	5.07657785748082e-06	3.906273541779e-05	5.38745988924548e-06	3.51194718506897e-06	1.90063492453841e-06	1.5296105547651e-06	0	3.48991844290755e-05	4.21232629537267e-06	1.54759183140941e-06	3.99584547277658e-06	1.78875627774382e-08	4.99017344747838e-07	0	0.000612829968246598	3.2652001419035e-05
Ins4:U1:R3	4.38960843398363e-06	2.59543172816045e-05	4.87888194014694e-05	8.50655361230168e-06	1.95567453045373e-05	0.00424469189445851	0.000208950041698178	0.00019669688702424	0.000108723597768554	0.000280635783570561	0.000402043732197704	0.000175662826643669	9.62047757861314e-05	0.00084421262471798	8.35754247780895e-05	4.04142969681189e-05	2.54296201171764e-05	2.83180936838898e-05	0.000103232048385702	0.000125321791460732	4.23711043352311e-05	4.33247855976612e-05	0.000150849798353743	4.4067347221517e-05	0.000726347067542972	5.57936671561001e-06	0.00168669248956836	1.97432821167829e-05	8.13880330454204e-05	9.62557640286803e-05	8.20263210548503e-05	6.60919677241332e-05	6.68632950444389e-05	1.59848130639559e-05	0.000209958748501886	0.000660034959311744	0.000180116889217446	4.74059069231991e-05	1.43292930449027e-05	4.22549823156405e-05	4.21054596318477e-05	1.11265296234892e-05	0.000126207394049478	6.46117329626403e-06	0.000289690754283834	7.84021679437365e-06	5.53178522538198e-05	1.48503852339502e-05	1.35568433100243e-05	0.000120206299265878	9.69765162293954e-06	1.1582038401117e-06	6.71925528073394e-05	1.17395940029123e-07	2.14249351963157e-05	0.000192256015439685	5.96687274306547e-06	7.88837367723185e-06	1.90486325584995e-06	3.93538203529966e-06	6.90439788937505e-05	5.02679773566576e-05	0.000122463813569107	4.42169094688404e-08	1.40455279315343e-05	2.92705572721717e-08	2.77231858193243e-08	0.000137593177715792	0.00664620289903015	0.000194687815644372
Ins4:U1:R4	1.61104164070812e-06	8.88263822045136e-06	2.06545702576383e-05	2.09332749651447e-06	2.59454469312029e-05	0.000641051686460278	0.000117519272445633	0.000112392372430484	7.1181999935067e-05	3.42279132058532e-05	0.000134936366030521	0.000416908380784271	7.11494564462045e-06	0.000193986946799244	1.924754940832e-05	8.84939281426413e-05	1.55094345939051e-06	3.29367003760824e-05	0.000126994265624616	2.70234594106443e-05	8.10675965533307e-06	3.07307510848868e-05	1.55355247652374e-05	0.000213535935910729	5.45187899009394e-06	1.18502396282238e-05	0.000104015078296859	1.83657125324263e-05	5.80326655588675e-05	2.98679725475251e-07	4.69710413529161e-05	3.77305327681332e-05	4.00151104189027e-05	1.26568983603903e-05	3.3948614054183e-05	0.000125977755924292	1.26229459246653e-05	4.22251700630991e-05	7.0923676168024e-06	8.01435243396712e-06	1.18157252239728e-05	7.83184295407708e-06	7.45123519034118e-05	2.01191096106337e-06	4.45849564115174e-07	3.43869157647967e-07	9.22240324087841e-07	5.14275930763677e-06	1.70694955569211e-05	1.35261213300926e-06	2.86862791555986e-05	6.22534564060037e-06	1.5811657159969e-05	1.13203227885225e-07	7.42831982282579e-05	0.000159330760288898	4.22143650640277e-06	1.29671896064085e-05	6.04651377550595e-07	9.86659992245682e-06	1.98334524125961e-05	4.88353728814398e-05	4.76140155513313e-05	1.76867637875362e-07	1.12295349805892e-05	6.03786550842074e-06	2.4535019450102e-06	7.73364197201882e-05	0.000609898640514357	6.06026907244912e-05
Ins4:U1:R(5,9)	5.66067096705926e-06	4.23251488161815e-05	9.68320166917479e-05	2.98220274000931e-05	2.70333063413162e-05	0.000685944823267631	0.000162073293841934	0.000130547468491117	5.06562558258548e-05	0.000168214527781553	0.000184024983043923	0.000514191850175508	3.61102617662457e-05	0.000371372763892497	4.69735275425957e-05	0.000138784301654625	0.00130094893158724	3.02878228855192e-05	9.33502392860855e-05	0.000307801947294963	0.00016748128263297	4.0901303601536e-05	0.000178070067953062	0.000164666672334	7.39388817283981e-05	1.93121525399779e-05	0.000187658451144241	8.1660518312024e-05	5.31142918083718e-05	1.08893649912852e-06	4.90091390100053e-05	0.000247750050040276	0.000330373255258035	0.000257469667565861	0.000225813936925979	0.000617131718005895	0.000203185138348779	5.54295550965015e-05	0.000202453214722685	0.00048804642753055	3.38371807799683e-05	1.02278813414226e-05	0.000128103544244025	1.61342593293992e-05	1.56047347440311e-06	0.000301040254062913	8.43435716754107e-05	1.52146033152276e-05	2.28241978185497e-05	6.99039043529997e-05	6.46301556548164e-05	1.44775480013962e-06	7.58760325186442e-05	1.199534944369e-05	2.83834330372567e-05	0.000323447425767952	1.76271065714926e-05	0.00131708825431425	5.86258136345385e-06	2.15418113648679e-05	4.76002857902307e-05	0.000129944271498031	9.40026270894633e-05	1.91606607698308e-07	6.70222758081453e-05	8.04452482363518e-06	7.34664424212094e-07	6.62625946949561e-05	0.00204251737834409	0.000788771126907085
Ins4:U2:R1	1.46383031060369e-06	4.73192916219392e-06	1.67857130559764e-05	1.12205158942149e-06	1.28045997385839e-05	0.000152644631983831	4.59160170651897e-05	3.97083020579468e-05	5.62056771101479e-05	0.0001508440096185	0.000112354792828972	0.000185405715207515	1.59002459119027e-05	0.000135165441330846	5.02067224506572e-05	0.000185788002539003	9.07155608322749e-07	2.02220884213789e-05	5.15974260577826e-05	1.82363996741364e-05	6.15827302501824e-06	1.39989237587439e-05	9.87263473658304e-05	7.68536373597364e-05	9.36796723199801e-05	8.42312680436349e-06	0.000169212237703221	1.14270526177777e-05	2.48681818845284e-05	4.91639273120824e-05	1.35462397766533e-05	1.15463699352767e-05	4.57413515842469e-05	2.52813292602579e-05	0.000102620151250029	0.00017578890591897	7.60329491368729e-06	1.756255364552e-05	5.13993367796036e-05	1.40942060045629e-06	3.63476812894498e-05	9.69126299897284e-06	0.000114249853588173	2.14831170418631e-06	2.22924782057587e-06	2.114795319535e-06	5.96418892224472e-07	1.01204064184278e-05	1.76436790972793e-06	3.13317255852103e-05	8.32121074742554e-06	2.89550960027924e-07	7.87087796734087e-06	3.94995411076559e-05	6.38273560823901e-06	3.89962645123712e-06	1.4557298097527e-05	6.64568467328436e-06	2.28329890823302e-06	5.42461087141896e-06	0	3.03853060661762e-05	2.38070077756657e-05	2.37150024451214e-05	8.01673590787396e-06	5.52888304029909e-08	0	0	0.000357574893731276	0.000210962379678686
Ins4:U2:R2	1.40050308368919e-05	4.65290256178343e-05	4.02585673383853e-05	1.0305342566593e-05	0.000138074083220884	0.00017622647492079	0.000237729010181811	0.000518368706164183	2.83518510485999e-05	0.000475445222566361	0.000113150678622814	0.000552969516101262	0.000142515676469396	0.000132047192848184	4.34063587625356e-05	7.43034246641667e-05	0.00015093898799125	0.000150807765431725	9.57431993315384e-05	0.000177786403832921	0.000136584390185541	4.43722064445195e-05	3.72168501655865e-05	0.0062014796795077	7.76447341138215e-05	0.000140113485846663	0.000204525761138326	0.000142787345729356	5.55527551987159e-05	7.2342718507818e-05	6.20529640153762e-05	5.71514966540126e-05	0.000143567495564649	0.000280240179879039	0.000328022736473285	0.000884914210521289	1.15156699663613e-05	7.90242758938928e-05	8.59215490901793e-06	0.000226004738637873	0.000184057890613618	1.51795511960039e-05	0.00032555719416803	1.1314766405722e-05	1.6719358654319e-06	0.000153296870479464	4.1503575782528e-05	1.9041321289182e-05	0.000163269170118697	0.000102025600889841	4.13870745069323e-05	3.23331905364515e-06	0.000323338602749825	7.90745510339019e-06	0.000100139857581428	0.000385021641154247	9.36885392763712e-05	0.000177812587477877	1.82177654557814e-05	0.000201507223419423	0.000217199213846457	0.00017512063163785	0.000204365576028227	2.87409911547463e-06	5.70735558537433e-05	1.21960655300715e-07	7.13872034847601e-06	0.000243028977548866	0.000775801194998719	0.000674201076559325
Ins4:U2:R3	3.50385555622483e-05	1.50404295918866e-05	2.72579337187686e-05	9.15874609865292e-06	3.53307067511806e-05	1.78457189793205e-05	0.000192422748100694	9.53358621124321e-05	4.99092183452769e-05	0.000170468013189856	0.00018857097478163	3.97955796563058e-05	0.000114259906669254	0.000238616878207344	8.64439120222505e-06	0.000110542469760083	0.000155299187528027	3.17935006169973e-05	0.000140130748361182	8.24856698659158e-05	0.000105487749592257	3.97020547787112e-05	2.2328638932234e-05	0.0020119340258049	8.24908487716828e-05	2.69139889930613e-05	0.000279812498669004	9.4939385780904e-05	0.000112956808382169	4.84670079526401e-05	3.97002464553003e-05	4.45430427562268e-05	5.78796113000066e-05	0.000395353561161887	0.000131445016889405	0.000293053196453008	6.53292815399344e-06	8.77406131181279e-05	1.54947903984919e-05	1.72170398840052e-05	7.01302859713859e-06	2.22144998451256e-05	0.000203114883040738	7.07660045868777e-06	1.00316151925914e-06	0.000396910975215166	5.75240499153353e-05	6.0508763902884e-06	3.22861635550395e-05	7.82582734098216e-06	2.00522409364653e-05	1.49601329347761e-06	7.9612253010246e-05	1.58736081767949e-05	2.43004562899244e-05	0.000104425792412958	2.66673866261249e-05	1.04818115985136e-05	7.15222241347435e-06	1.89329076026605e-05	1.23582700181457e-05	5.6087639470739e-05	8.59078909638101e-05	5.35908942762346e-05	1.33098321633608e-05	2.34164458177373e-07	6.80326980006219e-05	0.000189788046808662	0.000259552000709169	0.000421060623213958
Ins4:U2:R4	4.85202520031168e-05	9.89040862935579e-06	3.33418750350243e-05	1.82298319168823e-05	1.91166567249915e-05	1.07552324205726e-06	0.000114543835753598	3.51024301558193e-05	3.77906103270129e-05	9.11443809685397e-05	0.000155170750619722	0.000323745038397645	7.82261496948861e-05	5.01045835736836e-05	1.19882277611327e-05	4.59438292552801e-05	0.000821678139551434	2.69747343851042e-05	6.2533129477935e-05	5.57263134674111e-05	0.000321790494138377	2.90068309020761e-05	2.77609235151543e-05	0.00103452577859398	8.9724387562461e-05	8.90238183239445e-06	0.000256090437124811	5.79877754136338e-05	5.67961642929423e-05	0.00012734956794951	1.15934578354423e-05	4.23581843190654e-05	7.61212897428997e-06	0.000546976601802389	0.000174927311583181	0.000202241256912491	2.40278882951962e-05	1.93231383166403e-05	1.50069077853615e-05	0.000219399806804362	4.89820479839057e-05	2.20067075129195e-05	1.86439648315489e-05	1.82517184845458e-05	1.11462391028793e-06	0.000537776975645656	8.14167011857907e-05	2.41695118735677e-05	8.75750525840342e-06	3.13658250507484e-05	2.27425571931518e-05	4.82584933379874e-07	1.04851837930829e-05	1.42552212892506e-07	2.27014823179635e-05	4.5532570211888e-05	1.72096414097341e-05	1.46961482205963e-05	1.11205113493571e-05	9.53130928885231e-06	5.14622451709013e-05	4.17475035270018e-05	3.81642653726212e-05	1.91606607698308e-07	9.69592236597643e-06	5.93867084210949e-06	5.71929323452661e-05	3.94978449597044e-06	0.000368146509408193	0.000183783240501279
Ins4:U2:R(5,9)	0.000668606376866061	3.81285221613552e-05	0.000129664522913734	0.000115045352027872	0.000171394722471105	3.68466295889988e-05	0.00026872384084983	1.29874215116781e-05	7.6755136694934e-05	0.000349800996784461	0.000266864553552113	0.000598145496904767	0.000153430360110606	0.000534248095148817	4.30477978570155e-06	0.000296587410875836	0.0237458807819611	2.55059019420287e-05	0.000565972247019736	0.000611267288456235	0.00289193669593068	1.99797928879602e-05	0.000154358531929983	0.00112691097316004	0.000137508503416814	3.48788155026364e-05	0.0011278761988739	5.86822059827971e-05	0.000280858483072543	0.000620015552626655	0.000102350420481824	0.00024353585260332	0.000109312915180344	0.00503173398000506	7.02020075015669e-05	0.00120311285632399	2.62793494104143e-05	0.000297250188981447	0.000658650562589186	0.00271078562154426	3.33187078486623e-05	9.35376112331232e-05	0.00044936037864069	0.000544409465989434	2.34071021160466e-06	0.0127180523759837	0.000440844680906864	0.000107716283477518	5.44589766849476e-06	1.47878015550004e-05	1.95204342345622e-05	1.01342836009773e-06	1.93661344658241e-05	1.08758953012694e-05	2.32739544807643e-05	0.000154899366594311	8.31151544035568e-05	1.48042081339831e-05	4.94714763450487e-05	2.49497836808846e-05	2.25695524483932e-05	5.39222930344262e-05	5.17085145377425e-05	1.08920986991577e-05	1.26559238502661e-05	0.000117853020430187	0.00105348106113432	7.14207607490544e-05	0.00133771553094836	0.00063997511287907
Ins4:U4:R1	7.17649586765635e-05	0.00159922772016014	0.000372197802353389	0.000112780210381728	0.00164807733742869	0.00291259660787936	0.00246578943731562	0.00253565871712889	0.00162454565002565	0.00586959882022165	0.0010442561198795	0.000868910549231349	0.0010378767574107	0.00119352732405983	0.000540664769296217	0.00131808954584538	0.000124953369275424	0.0014146698691237	0.000211553786401758	0.00381052853696789	0.000261249846196283	0.00123481692853642	0.000817935816303483	0.134945038735842	0.000692210465761861	0.00234537474119037	0.00122753966523165	0.000989535332172874	0.00243869825650627	0.000326606279807187	0.000658599408483391	0.00381803632578259	0.000601461055576668	0.000567355344523736	0.00230276497971555	0.00924960701904779	0.000187166546151982	0.002148432815555	0.000137203432648103	0.00071394062337623	0.000814493687032656	0.000265179433107836	0.00229090326208236	0.000152299548788615	0.00109545237903098	0.000605398845497129	0.000104497560075163	4.862068572999e-05	0.00265451966643764	0.00429624281233705	0.00117604359713803	0.000388191320410771	0.00653007285708597	0.000163775721764914	0.00161823075109236	0.00165443867890582	0.000335566414464206	0.00126635412497918	4.77991713113336e-05	0.00303317734838055	0.00547510635967048	0.00399041877884625	0.00398400642743257	0.000116776857907207	0.00190081872154011	4.36456531769493e-06	0.000133417831755498	0.0040004102725923	0.00408289806599178	0.00403999078049034
Ins4:U4:R2	3.56481083587677e-05	0.000106182025349711	4.80498995115027e-05	2.01934221983699e-05	4.56999848557608e-05	0.000631730485029115	0.000166423298470571	0.000269203546034621	0.000212798962324623	0.000403106685723981	0.000142004911047015	0.000350840932463266	0.000174303417494555	0.000218029351293405	5.98038612018357e-05	0.000206219972277719	0.000167297052025199	6.18074733860109e-05	0.000116015166555971	0.000452956892527297	0.000483384859718055	0.000100217995376642	0.000583464878967155	0.00422667434666941	1.45383439735838e-05	0.000154539805745445	0.000768425350735109	0.000431111530579795	0.0001103801884258	9.85829768896749e-05	7.06698513190696e-05	0.000181472217622703	0.00025342903265305	0.000174956322269405	9.21125349613408e-05	0.000904368847649732	2.48398906646191e-05	0.000758927441428018	4.53369435682986e-05	0.000566504174289283	2.62238151044754e-05	4.79121989909431e-05	0.00093971026244388	5.59681477764092e-05	2.78655977571984e-06	0.000388211085526673	9.28425408896095e-05	6.81233499221234e-05	0.000152774639023916	0.000100746870932165	0.000131762931083295	8.20394386745785e-07	0.000438062241221841	4.85306430656105e-05	0.000209942650462546	0.000240979189111676	5.62606282221608e-05	1.45880883072096e-05	1.77082515327405e-05	0.000110111157239543	6.76562917942553e-05	0.000329156143638805	0.000279415680471238	2.16515466699088e-05	0.000118270921284621	1.15277211390236e-05	7.19000824224176e-05	0.000334739727147083	0.00165306871017489	0.00111115563241109
Ins4:U4:R3	5.4959524071598e-05	0.000177436468362032	0.000285462681935879	3.32092206356592e-05	2.69690237398095e-05	1.18307556626299e-05	0.000206566549277622	3.66195247527176e-07	8.21741228635706e-05	0.000109971506698764	0.000262736739095916	0.000934202444233839	0.000409428144531833	0.000416959430630505	2.21303790887018e-05	0.000220094655422271	0.000445998665369259	2.09111948963675e-05	0.000180941256079358	0.00048697185793546	0.000325727040144883	0.000107125207346566	0.000153428018727899	0.000150881266529563	6.57432466452504e-05	0.000269320371020154	0.00117039106242064	6.56039285664905e-05	0.000141106208709795	9.85145294525868e-05	2.38694413979098e-05	0.000177887684249235	0.000211253723471173	0.000453862630645307	8.96323261655077e-05	0.000185289348248457	3.66508342198615e-05	0.000179565205432379	6.44456792492376e-05	0.000843745497108449	0.000126207226699479	0.000127873687488436	7.06474716025652e-05	0.0001697231199042	0.000284340559514452	0.000740814519778898	3.76627485645454e-05	6.41120947869884e-05	4.87991675014175e-05	2.65578004098835e-05	0.00016639293220134	9.65169866759748e-07	0.000126554420851878	2.05820239143915e-05	0.000152014389712925	0.000130172189778512	0.000107029430264636	1.68573464883311e-05	6.10845882922005e-05	0.000207440888683468	0.000107493384659952	9.43874981295117e-05	0.000347667149187171	4.1549155930887e-05	0.000127486293436067	2.0063340868003e-05	0.000455880067612969	4.26360299017083e-05	0.000490679540336026	0.000308640625889694
Ins4:U4:R4	6.12173233495156e-05	0.000547525046559627	0.000906348078368034	8.70186071708536e-05	0.000242684127542032	2.5334547479571e-05	0.000186710747803167	1.50481227182596e-05	0.000114012148821534	0.000400217116816378	7.47997750314142e-05	0.00088461550393128	0.000623590558594638	0.000273573152390823	1.43158002678233e-05	0.000255429062612543	0.000974109544833796	2.96156453268236e-05	0.000147830376279453	0.00111507585789208	0.00116430556035427	7.16013047166068e-05	8.18299930165168e-05	0.000178130418669667	0.000123611556971476	0.000568924387330596	0.00156288335342456	0.00028337848421152	0.000547010199691708	0.000273267058832731	3.69891025951723e-05	0.000695957068533103	0.00051649323756635	0.000802032854802738	0.000169458753652856	0.000473880645418363	0.000135715123289457	0.000168395594486091	8.82615786605638e-05	0.00152347312630105	0.000255034106104503	0.000283983568077991	0.000205138048080853	0.000684941203046955	2.56363499366225e-06	0.00115641478371223	8.39183470948433e-05	0.000211566999052411	5.74842966833052e-05	0.000139313366455698	4.33891703258617e-05	5.79101920055849e-07	0.000590057213017003	6.97122248165793e-05	0.000191847266006198	0.000218201825521495	9.8705318892676e-05	1.48582380906764e-05	0.000146315062538965	0.000552705806793491	0.000598381150412504	0.000365365808882916	0.000392188197878264	5.00535415187273e-05	0.000432764817749821	2.98738559803925e-05	0.00115006864052885	0.000621577045064498	0.000358116424155706	0.000241196857363168
Ins4:U4:R(5,9)	0.000206173044557132	0.0017335246065458	0.0011206197664606	0.000101966438188678	0.000257864711128613	0.000226935404074082	0.000320778267625806	0.000185965774118444	6.32373156178098e-05	0.00145392608505908	0.000898973238529036	0.000562421572170665	0.00103290394593865	0.000742851831710539	2.84349042674755e-05	0.000663506404250231	0.00124236423714007	7.75623195432293e-05	0.000345497555163556	0.00294201104494516	0.00288090909074635	8.35553554825853e-05	0.000299742944440653	0.000122253573809016	0.000259623466155715	0.00162232423510609	0.00299298477794591	0.000206906434948773	0.00177292176483104	0.000545812308328898	6.86981103298856e-05	0.00219460685067446	0.000890139045822376	0.00270179596111772	0.000108028216282894	0.0016636196203636	0.000129108376738243	0.000528839228343243	0.000224570559851262	0.00589872920558809	0.000358974284806841	0.000827695769374144	0.000936017759433447	0.00206198951960993	2.00632303851828e-06	0.00345787947547643	0.000115299368901006	0.000974176530113182	0.000127697132689844	2.45118324776006e-05	2.69344453140353e-05	1.59253028015358e-06	0.00127289956494963	4.04932138857595e-05	0.000277774021614641	0.000793950651290794	7.67056246355232e-05	0.000566828275670132	0.000263357387408121	0.00183881582181287	0.00117610409098535	0.000705231258106956	0.000812955409545133	1.97796975023946e-05	0.00119070207777437	0.000144603057492811	0.00287633597512654	0.00131214005221615	0.00042792675930506	0.000533717229244157
Ins(5,):U1:R1	2.93857910860642e-06	1.02106234475329e-06	2.25596766406135e-05	6.45530305039052e-06	9.93907915603541e-06	0.000184591655692346	0.00125893031355761	3.1661104630921e-05	0.000160482623208595	0.000190122756855973	0.00134998418143261	7.46470069070779e-05	6.16246098574384e-05	0.000206353636804347	1.65839541101705e-05	0.000195626608873758	1.17637598240563e-05	1.47749606494311e-05	4.13064579866641e-05	3.61555289901444e-05	1.07468271302567e-05	9.2999439962331e-06	3.72242060011761e-05	0.000188676254110061	6.23580930239502e-06	6.10188312839975e-06	0.000190161590755235	4.01019539249382e-05	1.6178133881546e-05	3.48459679721126e-07	5.49717595974896e-05	2.73107304645179e-05	0.000413249452243886	3.06925726806899e-05	7.03169440067397e-05	0.000289283742344667	1.55018634162556e-05	1.53546072956724e-05	4.99627935298309e-06	1.21044357450952e-05	8.93410724787228e-05	5.7892657503811e-06	0.000125490667420917	4.11800338761638e-06	1.56047347440311e-06	1.90847382494622e-06	2.22690665082887e-05	1.3306100569334e-05	4.50340031653436e-07	1.02298396614146e-07	1.87696483024636e-06	1.9303397335195e-07	2.36790400660455e-06	5.86979700145613e-08	4.79034177608041e-06	3.34127084571908e-05	4.44816327528886e-06	1.08059913386738e-06	4.01691474596549e-08	2.94297070736806e-06	0	1.7726718981875e-05	7.65288371704769e-06	0	3.64952060318425e-06	1.30091365654096e-08	4.15847787289865e-08	0	0.000181795295201331	0.000705567161098278
Ins(5,):U1:R2	1.09900223164922e-06	1.03435428060215e-06	6.99711895805124e-06	2.31773781439877e-06	1.27057034285736e-05	3.07519978840076e-05	0.000395253238489654	0.000175466660686236	6.25969977773145e-05	6.6426980157432e-05	0.000670675422003941	7.80885247579886e-05	1.79403736953064e-05	0.000115109434044633	2.00179431253232e-06	6.15046718097598e-05	8.19366355904418e-07	1.23561172567326e-05	0.000103046067035019	4.35856655920702e-05	1.15062469677972e-05	1.46850324602639e-05	3.42781938475409e-06	0.0001444710528305	1.88855938872535e-06	5.68481634095955e-06	0.000485532064852573	3.99043517304609e-05	4.92804471011737e-05	6.0980443951197e-07	3.56335306651083e-05	0.000107486690162923	0.000152379734962814	3.85821655876796e-06	2.17532459263796e-05	5.93895810298552e-05	2.0632242023064e-05	8.51430291771307e-07	3.25255075420237e-06	4.00717621698356e-05	4.36608784257655e-07	3.54532278145448e-07	0.000126007799292157	2.11745915514659e-06	1.78339825646069e-06	3.78256073412764e-07	7.03001157223845e-06	1.03632184726127e-05	5.22716108169167e-07	1.47764350664877e-07	1.15746164531859e-06	4.82584933379874e-08	3.34652116062561e-06	2.93489850072806e-08	7.89616776276991e-06	3.4786440502513e-06	5.75814016218622e-07	2.5934379212817e-06	6.34249696731393e-08	2.32867910857439e-06	9.87090634923927e-06	4.32693522154298e-05	1.07281764809421e-05	0	3.1854061451769e-06	1.6261420706762e-08	1.52477522006284e-06	0	0.000126300199097781	0.000539663308897655
Ins(5,):U1:R3	7.39821646177017e-07	3.99603925928889e-06	3.2862666217495e-05	9.04654093971077e-07	3.82506203042348e-05	1.59336776601076e-06	0.000287407278360064	0.000188870316547588	0.00018290560536372	7.96097515648677e-05	0.000172356487930817	0.000336832500647587	5.43566546290627e-05	9.71086359856293e-05	1.53115751254392e-05	0.000125091616668605	2.63367757254992e-07	1.19338901680112e-05	7.0263754287986e-05	3.58694655524876e-05	3.80652127005411e-06	2.07658389913822e-05	3.44804793262549e-05	5.11668312108021e-05	2.26270794686905e-05	8.29266669095027e-06	0.000312430333292269	0.00012281823253317	2.64224432523114e-05	3.85794645405532e-07	3.30645796647773e-05	9.84324243825331e-06	1.30297703163522e-05	2.57115231121823e-05	3.98648194257067e-05	7.87756826290554e-05	3.35873707352205e-06	2.59758394099721e-06	2.77370300427813e-06	8.843423375412e-07	6.49728447073424e-05	4.66568762417393e-06	8.68237194345125e-05	6.47903529833965e-07	2.34071021160466e-06	1.30670279906228e-06	3.48822215994063e-05	5.4001400850728e-06	5.59708325054985e-07	2.50517406819531e-05	8.85301744932868e-06	3.86067946703899e-07	4.88434811694444e-06	6.28906821584585e-08	2.02339298920979e-06	5.11161262670684e-05	1.11923849402495e-06	5.40299566933688e-06	7.18816322962246e-08	2.0557965856043e-06	0	2.48568619109916e-05	1.64251268692294e-05	0	6.6067827947201e-06	1.46352786360858e-08	1.52477522006284e-07	0	0.000194803797788184	0.000137366784797849
Ins(5,):U1:R4	1.71985001513314e-06	2.0227909646355e-06	3.18137685959097e-05	2.13540443111778e-06	2.52185590526272e-05	0.000915270278990729	0.000117979207906128	0.000128445826200961	6.5383566157248e-05	0.000169623842895245	6.39541448916023e-05	0.000479631255419179	5.0263648263609e-05	0.000103469154197423	4.49328037603212e-05	0.000217734032248371	1.49241729111162e-06	1.06054681483077e-05	4.00851804505133e-05	2.70165245394284e-05	1.08467012031839e-05	1.49329540919056e-05	9.45960456822694e-05	6.09314936556116e-05	0.000133945183815445	5.97818260635509e-06	0.000191586454841494	4.09826951346088e-05	6.12793448604587e-05	1.05782402772485e-07	2.81541862397903e-05	2.4196548560161e-05	5.48279019364399e-05	7.04192162517908e-05	2.41185182170398e-05	0.000109838820434723	2.30682491313328e-05	5.25289196957213e-06	6.11660239054168e-06	1.18833501607099e-06	8.24917721756808e-05	9.25961191712204e-06	0.000178601017846166	2.64520012556273e-06	0.00030295477881626	6.3615794164874e-07	1.07493460529161e-05	1.69385688999406e-05	7.81500790644302e-06	3.27298036722703e-05	1.69552489665588e-05	2.41292466689937e-07	4.08922167930232e-06	3.35416971511779e-08	2.8327501848937e-06	1.2563001124156e-05	6.68664026333875e-06	7.24001419691142e-06	3.62156576833626e-06	2.06191502782336e-06	4.05440278031751e-05	3.16065426680012e-05	8.13008431834165e-07	1.47389698229468e-08	5.02073229024812e-06	8.61855297458388e-08	6.51494866754121e-07	2.54301193576179e-06	0.000896026835422459	8.31628164686449e-05
Ins(5,):U1:R(5,9)	3.28232321189376e-05	2.04429973355457e-05	2.60716405620875e-05	2.21324676013389e-05	2.9834544322358e-05	0.000368705301054889	0.000102663042764978	4.41617821489916e-05	0.000259174574809389	0.000317781641156104	0.000309694000932589	0.000642497452307349	0.000233033596059289	0.000118298551810992	3.51205284658307e-05	0.000187538396593119	0.000261173025944533	7.59610432256257e-05	6.52670553329731e-05	0.000194326071682895	0.000276692639170587	3.41920445623028e-05	0.000245203101461556	4.94206798089067e-05	0.000206850702859446	1.42404311361468e-05	0.000429115149004777	9.62040398255593e-05	0.00015684224158006	9.78362775759868e-05	7.21865751569034e-05	0.000122886907619303	0.000523865344455865	0.000949629930338439	0.000192064949433412	0.000563456582138403	4.08953920600268e-05	0.000124178943401561	0.000122621163433429	0.000188613639178709	4.95550970132439e-05	1.52770207951315e-05	0.000121507844763472	1.3560507212139e-05	4.01264607703656e-06	0.000270126416790361	0.000141359561052925	2.7661149212747e-05	6.9014609850889e-06	5.6610796037417e-05	8.67783406517235e-05	5.79101920055849e-07	4.78805917911129e-05	9.06045094296192e-06	5.63950881756829e-05	0.000187292854501746	1.9379740483358e-05	1.07519613819804e-05	1.01902784608177e-06	1.35829417263141e-05	6.81144903648434e-05	0.0001259752525421	6.07105209423991e-05	1.33240287199439e-05	1.79940227724231e-05	8.61855297458388e-08	3.4792598203252e-06	6.0184615813029e-05	0.00122188099592272	0.000776950978945374
Ins(5,):U2:R1	7.79805900031469e-06	7.45556765340565e-07	3.33753861411453e-05	7.80176495769631e-06	0.00010155662074958	0.000100939847976781	0.000171631360370609	0	0.000123522054526669	0.00017687614063634	7.0955241959466e-05	0.00010552372340046	3.12777090793082e-05	2.67177199537181e-05	7.33513166721158e-06	3.81607315345324e-05	1.75578504836661e-06	9.97710660825306e-06	0.000136714890886973	3.25505517697342e-05	4.28610526175153e-05	1.84230756660241e-05	6.46725065037724e-05	4.67555013533822e-05	7.69677033895614e-06	3.87189393591157e-06	0.000461232355705843	3.34342913055729e-05	3.39105291308749e-05	4.94937195089613e-05	1.84471536776538e-05	2.29523930612219e-05	9.69346333798096e-05	1.36958570971132e-05	3.64469707192538e-05	0.000114950625598574	8.37838808450007e-06	2.21804806517373e-05	9.19749074382782e-06	5.78967874109004e-05	1.0287594479071e-05	1.14500001612533e-05	8.24054173065493e-05	5.68985957027121e-06	1.89486064748949e-06	8.13250557837443e-06	3.17758732024038e-05	3.36246132635288e-05	1.2866858047241e-06	2.27329770253657e-08	8.1335142644009e-07	4.82584933379874e-08	9.99587521607233e-07	3.35416971511779e-08	4.42843408695346e-06	2.74746409064434e-06	3.81476785744837e-07	5.94329523627057e-07	2.32558222134844e-08	1.38276794150765e-07	0	2.3701384203111e-05	6.75150480349242e-06	0	4.29560236555367e-06	3.25228414135241e-09	5.54463716386486e-08	0	0.000256744283182505	0.000198123785547951
Ins(5,):U2:R2	3.51876493901802e-06	6.40429636354132e-07	2.20369033851269e-05	2.42293015090703e-06	1.81153315861372e-05	2.78839359051882e-07	5.67606456564775e-05	6.5685419585946e-05	1.77628912048526e-05	4.46157006126451e-05	5.43630465963209e-05	4.82297219951574e-05	1.12717060033055e-05	4.12282057906512e-05	5.53208254231041e-08	3.17212084547116e-05	6.32375248253374e-05	8.58893547222105e-06	6.54840335754364e-05	1.01624758609991e-05	3.27624647530499e-05	7.77589861722652e-06	1.09013483437887e-05	3.40729280133002e-05	2.95755526913593e-06	4.97303136985011e-06	3.83558008084679e-05	4.24167224888161e-05	9.65023613685726e-06	2.48899771229376e-08	3.4600262550584e-06	1.00291071316924e-05	2.01618551210923e-05	1.94696538267141e-05	1.23345017919599e-05	2.83051735771817e-05	1.00023928233459e-05	8.31226861119107e-06	3.85788658901226e-06	9.92397916909515e-05	2.56507660751373e-06	1.06948785416384e-05	5.31920028259714e-05	5.22057606119348e-06	1.56047347440311e-06	2.41911952405345e-05	3.67736426233589e-05	6.33739461422662e-06	1.25886122419694e-05	8.86586103989264e-07	1.9676847970416e-05	3.37809453365912e-07	3.63311618430321e-06	4.61198335828696e-08	5.33649337967199e-06	1.6839296039433e-06	1.02566871638942e-06	2.97164761813528e-06	5.49683070500541e-08	1.16250402162148e-07	0	1.36496675573208e-05	5.36703392319511e-06	0	2.60271944368201e-06	1.21960655300715e-07	0	0	4.39581435830837e-05	0.00011708016009768
Ins(5,):U2:R3	1.97492847074888e-05	3.79907693716489e-06	3.43941237672217e-05	1.16132339505124e-05	7.64715717154664e-06	7.56849688855109e-07	8.5473609734618e-05	2.85950723721221e-05	3.91305346969384e-06	9.66279409494981e-05	0.000178440292897303	3.73719755359461e-05	1.58364919186713e-05	0.000106675989284706	9.67704661012299e-06	2.35045268856967e-05	4.18462103194042e-05	3.25254272920213e-05	4.8962690256442e-05	2.4328684037324e-05	0.000106149179773341	8.53311662394605e-06	2.70547632985526e-05	6.90419074038887e-05	3.06445485717698e-06	7.55722315005087e-06	0.00023541065295398	1.73325353441589e-06	1.58396502947843e-05	4.35574599651407e-08	1.93477084563677e-05	3.89746882670724e-05	4.94788383328848e-05	0.000102524123465213	6.1823741203448e-05	9.27238444769744e-05	7.75093170812781e-06	4.35383930554921e-05	2.95440026840049e-06	0.000201519510167201	2.24034882422209e-05	3.68295842417861e-05	8.86472897173063e-05	8.14507294648413e-06	2.67509738469104e-06	0.000444244564765409	4.27820107228054e-05	2.33196696839205e-05	5.02611642470352e-06	8.63853126963898e-07	6.14393154433976e-05	3.86067946703899e-07	1.29544445763539e-05	1.46744925036403e-07	1.23640826885372e-05	8.06735222099679e-05	3.24615151643248e-06	7.99643359061858e-06	4.86258100827402e-08	7.51344704500619e-06	0	3.57634441780593e-05	9.1492905408584e-06	7.3694849114734e-08	6.72026778023623e-06	4.22796938375813e-08	5.54463716386486e-08	6.34129784832514e-05	0.000178657950459796	1.7262148198217e-05
Ins(5,):U2:R4	2.22469828249129e-05	2.18229419482182e-06	2.10097879825202e-05	8.91680372468391e-06	1.53165660128456e-05	3.18673553202151e-07	5.40838003226218e-05	0	0.000169399642024382	8.68265799658531e-05	4.63502302989972e-05	0.000569692384531744	2.92885844904896e-05	1.5892436869022e-05	3.03240080097015e-07	4.96373212960751e-05	0.000172359565581322	6.13324679111993e-06	9.20111735611689e-05	2.00296417893869e-05	6.8185725562197e-05	4.35112072896709e-06	1.2482852995553e-05	4.47566175117388e-05	4.66794867779285e-06	2.87553016818572e-06	8.71862781429431e-05	2.92564163366225e-05	4.18338081924177e-05	0	4.23734722194824e-06	1.67619608225978e-05	3.15457597132737e-06	6.26946662691243e-05	4.95073872807259e-05	3.23818559200587e-05	3.06346348464099e-06	7.89376897625263e-06	1.22693442339078e-05	2.08373163283145e-05	5.81235444043004e-05	2.01901312478601e-05	3.09371873847113e-05	9.45062291637513e-06	0.000331823538092718	0.000331816543672406	2.83492257706882e-05	4.81739115502897e-06	2.65057275773165e-06	1.85501092526984e-05	2.34620603780795e-06	4.82584933379874e-08	4.35135127412939e-06	1.67708485755889e-08	9.31418789016733e-06	7.22981881271973e-05	2.36803514169908e-06	1.99370540198531e-05	1.05708282788566e-08	9.44687478622928e-07	8.06429484234932e-06	3.8985629981336e-05	1.07811987699748e-05	0	6.33676679469897e-06	9.75685242405722e-09	4.57432566018851e-07	0	0.00017886396746909	0.00017466866165526
Ins(5,):U2:R(5,9)	0.000191398825107956	6.77767892511382e-06	3.59054746532759e-05	3.4496073552277e-05	2.0763280286663e-05	0.00026951815762072	0.000887054159190974	7.8311194859383e-06	0.000291984935265882	0.000825917772190232	0.000195221342516614	0.000148906237154898	0.000131307724459322	0.000490911528168184	6.47376592617925e-05	0.000177844318207786	0.0087114445698075	2.56672245561156e-05	0.000243307002341679	0.000460660378636317	0.000899433865702029	1.44178920974872e-05	6.14580063511167e-05	5.21318096171126e-05	4.48978269772442e-06	5.79432172113024e-06	0.00125434251398937	0.000130965088722623	0.000428817257457185	0.000118582073507955	0.000271180742680701	0.000153987001935773	0.000284563325935281	0.00073878624170473	0.000408399649327513	0.00177806686431636	0.000126081822452212	3.01319737155676e-05	0.000131240422932066	0.00110335524457289	0.000185613309407536	4.03877601571915e-05	0.00030422777260162	4.12108864252035e-05	2.22924782057587e-06	0.00286838457852052	0.000468743831309808	4.12489117649356e-05	1.16573733908004e-05	1.57539530785785e-05	6.193983939813e-06	1.1582038401117e-06	6.16354053970054e-06	5.53438002994435e-07	4.63899856062732e-06	0.000202603319716547	9.54771615642503e-06	5.8892652795772e-06	1.38012734008751e-05	2.75574637546481e-06	0	5.81637416938415e-05	2.495582403804e-05	2.65301456813042e-07	6.26906713092555e-06	7.48025352511053e-08	0	5.30786108294109e-05	0.00155036628794167	0.00226977702869976
Ins(5,):U(3,):R1	4.53422191708623e-05	0.00630129715264851	0.013399060564731	7.08715835168349e-05	0.012328228575303	0.0182712676754278	0.00787400393471958	0.0100107909323779	0.00250637003602784	0.0217985342285741	0.00218548890030018	0.00358072967158419	0.00236788706260617	0.00887862788278972	0.00251070492803568	0.00416638213841809	0.000224623433854368	0.00314224386882252	0.000402965792524561	0.0131129179756251	0.000222012526451201	0.00588556728526394	0.0148664048587471	0.00558694926442223	0.00152773764589077	0.00654745916839599	0.00552196449169379	0.00712893389059937	0.00997366756575045	0.000406117311726411	0.00320940659990434	0.0124257944220192	0.0157463059829654	0.00109317127893053	0.0120711580614502	0.0211200670320961	0.000680162711987521	0.0222958566717832	0.000252650914695875	0.0013076383245449	0.00231992077515305	0.000221921139701612	0.00876703641051111	0.000381766194180663	0.000932271438564828	0.00132351800087126	0.000271677089003972	0.000167855973058041	0.0145025493347103	0.020831454429102	0.0029174915666406	0.00133294784448855	0.0233847943532602	0.000992612021931239	0.0078354363624645	0.00338177378408761	0.000261146051705551	0.00411108537484174	5.15898703321315e-05	0.00868494640037813	0.014989350941564	0.0119893917000759	0.0210150484502654	0.000519887682564802	0.00850335404718162	5.49684804150677e-05	0.000837656059530884	0.0178192273092501	0.00539644485864982	0.0101093744317855
Ins(5,):U(3,):R2	3.74338457978606e-05	0.000321670889331418	0.000271895710622819	5.50366304611241e-05	0.000108647486177318	0.000451918932634801	0.000438432691949352	0.000231981277551501	0.000239051993784933	0.00118766957196899	0.000687186679828729	0.00231609304158052	9.09514467438668e-05	0.000135608374353951	8.25243290950506e-05	0.000325567941178538	0.000141545537982488	0.00011950221593141	0.000102773294387351	0.000852222856289056	0.000289286194441761	0.000153774833430585	0.00157244961815343	0.000603616968823615	0.000151476716254179	0.000249326851670225	0.00288808397332516	0.000587352762864568	0.000365831679006316	0.000120112807101016	0.000228238499022031	0.000464305176838857	0.000953264854118177	0.000267537285949575	0.000142769287293794	0.00126249771076562	0.000151438441897373	0.000733153636324568	0.000126189934399846	0.000442005354582311	0.000234840949832586	0.000162123005089581	0.000492182526574953	6.11237711027822e-05	0.000223816481185817	0.000406780020039663	0.00013587582068275	1.44327485007521e-05	0.00041544832934383	0.000152197281184824	0.000291961879344822	0.000391424639464416	0.000981612421524625	1.73326720028712e-05	0.000413742740419637	0.000802281671436619	0.000112737186700404	1.38316689135024e-05	1.12981012644419e-05	0.000235671381082213	0.00048157978907575	0.00086440066089943	0.000322893957478021	4.37157844948602e-05	0.00037729609612229	3.33359124488622e-07	0.000132752475295834	0.000774879183035953	0.00115394835865807	0.000624122329581422
Ins(5,):U(3,):R3	1.61830808232197e-05	0.000173961231316458	0.000272515666086056	1.87733256555083e-05	0.000211442783209777	1.49378228063508e-05	0.000140654340415184	3.36876882678571e-05	0.000134371884601729	0.000397961266785401	0.000108321405500858	0.000131020038746644	9.55672358538177e-05	0.000246784563153408	2.2704076537534e-05	9.79310679512232e-05	0.000167062947352083	5.59600265346622e-05	8.83473409527165e-05	0.000538714665795258	0.000160552283271589	5.23460579924366e-05	0.000153519966672769	0.000151593512496126	0.000100948844306772	0.00027179370550191	0.00243540080213686	4.82205812294661e-05	0.000435137920352836	4.42668243131444e-05	0.000302093470400551	0.00031402029614383	0.00013760123231453	0.000220253840941841	0.000237162404489352	0.000344157068326848	0.000177237971725856	0.00019735865542821	1.36516783044438e-05	0.000104186581641573	4.72629008958912e-05	7.58067129478672e-05	0.000103190489534811	2.54062622250181e-05	2.00632303851828e-06	0.000191431960062623	5.62842717551094e-05	3.05069064877943e-05	0.000186838037346731	0.000152947469426661	3.07822232160403e-05	1.68904726682956e-06	0.000240266239087862	7.47560575256877e-06	0.000167237543145565	0.00103984868740346	5.85854773126435e-05	0.000133453993032621	1.10338305574705e-05	0.000227344181222072	0.000486528333638101	0.000220231232883723	0.000479191882815415	1.88658813733719e-05	0.0002543312010402	3.03763338802315e-06	0.000191068196666783	0.000201637400296573	0.000387977118102812	0.000103161395787676
Ins(5,):U(3,):R4	1.32478902107026e-05	0.000403429586737752	0.000141214125638314	2.0063684983343e-05	5.66651132281531e-05	3.10706714372098e-06	0.000101123987659133	2.62614306083775e-05	0.000156818582232427	0.000276145365112673	0.000193427227083038	0.00130622567670905	0.000488495846937373	0.0001582511104951	2.56176400098174e-05	0.000195460669376273	0.000222253124039073	5.11054108329721e-05	0.000126690496085167	0.000499072052395375	0.000163267727405326	7.56641444785487e-05	0.000123099908591973	0.000100978097517501	1.43601779935154e-05	0.000188269490715426	0.00125187788421855	1.30473906124922e-05	0.000160461943609919	2.42988401662678e-05	8.87662626092244e-05	0.000170195161835063	0.000661775176593677	0.000249734295096354	6.40498798299518e-05	0.000394140738791688	6.38529135955291e-06	0.000203203219295454	1.42479792760476e-05	0.000161281933809076	0.000127544341101268	5.92422365686547e-05	0.000176369185559762	6.96877891888583e-05	0.000246108959391576	0.000147880931246508	3.54455061087294e-05	8.5625242787773e-05	4.82925349658074e-05	2.30285057266955e-05	1.63921595174849e-05	3.04028508029321e-06	0.000223968768412147	3.4883365037225e-06	0.000162726857311083	0.000521353468168236	3.47935619300103e-05	1.02656917717401e-05	3.2541237773632e-05	0.000164914044195667	0.000163092508353876	0.000370950617804339	0.000384823991068172	1.26607750779113e-05	0.000272685245145985	2.21805778440234e-06	0.000266198030237152	0.000302636455901296	0.000183967303099317	0.000220560463271616
Ins(5,):U(3,):R(5,9)	6.37244339560768e-05	0.000225643902970236	5.95492355769016e-05	4.51836149415167e-05	0.000314888323480554	0.000179453044646961	0.00046978478455821	9.40735120355527e-05	3.73400162911088e-05	0.000892997388205683	0.000271950128878866	0.000438817762032322	0.000290934972712016	0.000285550061335593	1.46784590122636e-05	0.000394229422928215	0.000842337876953881	4.44125139855752e-05	0.000268371089035373	0.000927778278186527	0.000595696081349354	9.0937270111544e-05	0.00010325386417123	0.000128801641566123	4.45414950171073e-05	0.000332338013471834	0.00192144847523946	0.000174731151910871	0.000532517575915669	9.9846143228664e-05	0.000128267439060809	0.000656800308729601	0.00036462783564234	0.00113885570150752	0.0002025725657221	0.00179030872781555	2.81248093409209e-05	7.76100357482388e-05	6.84571585127538e-05	0.000499266520938104	0.000206106634218629	0.0001247685845448	0.000302331622407074	0.000169628938438711	1.89486064748949e-06	0.00164850874176436	0.000159464740109943	5.73619196806474e-05	0.000221970993244723	0.00013606255074107	2.43066945516904e-05	2.46118316023736e-06	0.000869501341347718	2.27203071077791e-05	0.000452887992103569	0.00242000625358278	7.77924735911359e-05	1.2156740256008e-05	3.40740078740662e-05	0.000353951882372645	0.000344604599245391	0.00034405523018107	0.000641133736252064	4.91249864198817e-05	0.000303210358284606	8.20876517277347e-06	0.000575561060794992	0.000508782742608794	0.000477023555719964	0.00147122264616901
Del2:M1	0.00271716310264108	0.00249498819402404	0.00113124278710094	0.000723684704653475	0.00444450154058076	0.00391123985522661	0.00691594370286452	0.0166823861473387	0.229776918718931	0.0167964941858315	0.00606152016425896	0.00366153263295698	0.0509268683043962	0.00599667530929393	0.00918758228921559	0.033602469890586	0.00049852590139956	0.0194452971307224	0.00315438009390521	0.008680702506199	0.00268248003642125	0.00230351867638046	0.00324654585040175	0.0143976846032411	0.000420578612549534	0.00743840778468827	0.00488809252250968	0.00448059588511271	0.00808015584226436	0.00355828979697799	0.0113417669940777	0.00822939068459281	0.00130674880725311	0.014179508622788	0.0132856195201337	0.0186222211333213	0.00691390490204723	0.00840573834000128	0.000500757293199074	0.00115453655735808	0.0372825698487415	0.00304795683899625	0.0139362230880038	0.000976642311307215	0.220678034641619	0.0125093237972914	0.00445576270785178	0.00343246889781548	0.0079806011527965	0.00611090270338687	0.209924689288806	0.00017406838547012	0.0229887200305377	0.000576066070435048	0.0139523376127602	0.00260158261021851	0.00149397825578003	0.0139952175924132	0.00286512363919825	0.00841175550792019	0.0109120775068803	0.0174923777691763	0.020775705837572	0.000140757161809142	0.00493682970983575	0.000492854391064685	0.00123961453072527	0.018281081562094	0.00275549515790865	0.00957875369038856
Del3:M1	0.000420868909778137	0.000574485925892332	0.000403616139897072	0.000246125522550821	0.00269181168642317	0.00138216686862603	0.00330650012233917	0.00903708004370779	0.000958864108404008	0.00525821380475088	0.00134678714866751	0.00203374316155861	0.00519254598511778	0.000934252049654847	0.00082763847779938	0.00440062982710972	0.000121061379084878	0.0178981176630425	0.00249445006852049	0.00172245846265553	0.000345149720704511	0.00113826394518723	0.0029849318797398	0.0136446568111737	0.00026179709111255	0.000619321872697174	0.0022064598023313	0.00342395484769531	0.00229654205789469	0.00044872895256088	0.0124718684461237	0.00138405092258663	0.000428096532630677	0.0037169587548993	0.0126479396908558	0.0058428452947522	6.76545610523728e-05	0.0064010240714929	6.03799908064846e-05	0.000120519279188037	0.00565078190220569	0.000162813861039441	0.0143722741253268	5.08255149970003e-05	0.0010312500417984	0.00452947893145479	0.00036690530546248	0.000549634222094087	0.00386452543062921	0.00291745365628308	0.00345580507995526	0.000188304641004827	0.00805057129965609	3.8434592223106e-05	0.00527232714638979	0.00505088037612252	0.000147833050988929	0.00557038047517294	0.000234386975427086	0.000632677517661942	0.00337602015948033	0.00677173347180027	0.00773085004738749	7.90156172208178e-05	0.00111726163904399	5.07177450423201e-05	6.57039503917986e-06	0.00576255522416443	0.00073519229936673	0.00395442072762218
Del3:M2	0.00160004559439858	0.00200212683782174	0.00137362861767366	0.000662108617272754	0.00253826280309342	0.00314283825006792	0.00524597252563688	0.007851160146348	0.0124894943407642	0.0148106391363927	0.00266457167942384	0.00367583189726711	0.0641494209989843	0.00467129568291608	0.00113655611372037	0.00331053579792171	0.000206948531034145	0.0112401441741397	0.00374919804841586	0.00757469919357515	0.000792996370208729	0.000599574442711474	0.00403127742485378	0.00710564147054438	0.000535531302889685	0.00752515970435324	0.00378185885381083	0.00465362765815107	0.00900069304168998	0.00478456918987088	0.0100331755848907	0.00895969858299906	0.00551382162031846	0.00489191015564281	0.0102079465732537	0.0123353199648418	0.000364662882268109	0.00686088301518077	0.000327721593075507	0.00132687277038643	0.0680081216874526	0.00138646755928276	0.0105024856079478	0.00063235546893632	0.00105187058413872	0.00388830050010439	0.000823444639070287	0.00299448451447671	0.00477805626841077	0.00167388024757599	0.0189475532856238	0.000175226589310232	0.0225436711618484	0.000276819626588671	0.0077596002512429	0.0059671596503524	0.00105713335353817	0.0106761033227829	0.00250825881900102	0.00872861494618401	0.0131952155271818	0.0156913309082518	0.0171028577676449	0.000274867048228135	0.00485334780652487	0.000400266739986594	0.0010639188405953	0.0180210089939118	0.00228305106599528	0.00501356359406773
Del4:M1	0.00109382573912337	0.000392324778514932	0.000507716715506451	0.000182841812907449	0.00301357824826494	0.00204775641868287	0.00461426950520519	0.0068009462940097	0.0035025385875096	0.00661493025168266	0.00344447230944029	0.00197194125648944	0.0098161385838402	0.00279565150327393	0.000722094538569938	0.00123948240002064	8.2346318768394e-05	0.0170086923173766	0.00377465889532434	0.00226803633933082	0.00129343896781615	0.000843538937612451	0.00358892321791973	0.0205919499203778	7.33687505921792e-05	0.00116885502026878	0.00196057447285131	0.00426121228302693	0.00171265096290256	0.00139242621268278	0.012681005704313	0.00208210181378868	0.00204683976122192	0.0100131975086343	0.0115380704518795	0.00936876194487128	0.00137125054676364	0.00715732506693613	0.000183362548768159	0.00103421072805639	0.0176812913599842	0.000546729474491125	0.0143476241727977	0.000136015898169129	0.00240870227013223	0.00550703017281643	0.00167839731508119	0.000436998566398782	0.00342123804554292	0.00249955333962578	0.0022191042360531	1.78556425350553e-06	0.00758848400730304	9.44701900262925e-05	0.004000372962324	0.00256790401813964	0.000227155030560645	0.00415776725742481	0.000129972562019853	0.00144588823881637	0.00311355092685978	0.00654634955986962	0.00792628431339644	0.000128125864670877	0.000921419034228654	8.40471529228996e-05	0.000259641496790882	0.00527110464091923	0.00465008055117908	0.00792703975093127
Del4:M2	0.000558562707366689	0.000614031851758297	0.000778037404141586	0.000436435991350357	0.00161141400290012	0.000540231341065947	0.00466560312196563	0.00569869404994362	0.010696058931439	0.0111364647793366	0.00108976999561548	0.00119275253179381	0.0277826004131769	0.00342769920992442	0.000684687415986619	0.00085598551555879	0.000100313852430012	0.00987873267567401	0.00328306678982104	0.00348312922152267	0.00028195016112279	0.000203801190575025	0.00687880229577983	0.0140897645889226	3.5846995189768e-05	0.00364930464789969	0.00346403714289488	0.00504651163276497	0.00448350523544652	0.00204212306302853	0.00836560408186028	0.00398917598371288	0.0083501283072343	0.00225002748167612	0.0071822128281323	0.00894414180191954	0.000964437359682761	0.00845705505385787	9.70615354233225e-05	0.000681081778396965	0.043778517205074	0.00100796847069688	0.0102774697365356	0.00018249120375153	0.00312440228292811	0.00269866795576336	0.000926680331396623	0.00110239100720499	0.00367013454760875	0.000596348503062163	0.00732682606310819	0.000377622710369751	0.0155034713953308	0.000158501289887891	0.00768857093214688	0.00408895774683838	0.00115837225410221	0.00432374728438684	0.00139573622512407	0.00410759538106266	0.00593932696861481	0.0132306612792346	0.0132751610482806	7.2309385951377e-05	0.0023713697348639	0.000217166395112595	0.000509926418367742	0.0115720389380938	0.000959962742706799	0.0061741601586842
Del4:M3	0.000536326643029176	0.000830832992315629	0.00072743730945428	0.0003171303496939	0.000882941310956481	0.00130879228300124	0.00405142793810358	0.00428687262594313	0.0157874513782355	0.0113488433648001	0.0012687363825121	0.00212254401652859	0.0321211999113564	0.000892421454952773	0.000791559055026215	0.000767314942144632	8.86964080266533e-05	0.00444178416151145	0.00134308912146973	0.00384635408166935	0.000367389603887272	0.000170787254231299	0.00400568647283755	0.00340605211480762	0.000337125667485482	0.00414414458979	0.000896316529936837	0.0040587151999035	0.00641406364211227	0.0020335422434154	0.0034059076526197	0.00517796276979223	0.00647209264934766	0.00253719405313331	0.00370774881894726	0.0091298707228728	0.000320630208326221	0.00528609775095121	0.000218535271229575	0.000529914510073516	0.0490972854149007	0.000298013834879886	0.00426266357969786	0.000321610218826705	0.0101332688932097	0.00184396397097146	0.000463561061584321	0.00131473500483079	0.00391552643921396	0.000201544891062636	0.010538907259856	0.00037453416679612	0.0181293982997768	0.000208608392719607	0.00879764033554633	0.00223229241668005	0.00154590588353014	0.00156897591241874	0.000663306789504314	0.00409119306116181	0.0058009379089095	0.0113298816615157	0.0152306819814597	0.000144014474140013	0.00288834628177973	0.000162384921035655	0.000501761940143951	0.0107451813125127	0.000761591907557696	0.00521092611682267
Del5:M1	0.000106369786739374	0.000257550590796521	0.000149360675536314	9.20082303325623e-05	0.00426188950414673	0.00264040955925058	0.00726591372843053	0.00565034263024217	0.000588855258499988	0.00430488070439594	0.00152282629459357	0.000957129739212441	0.00184521907529678	0.000854559540137722	0.00048190585701904	0.000261729410629957	2.0454895813471e-05	0.01534966947466	0.00250223648773575	0.000987460935682621	0.000110536101316255	0.000544387856257283	0.0043448346285317	0.00734167059359268	0.000170576109317514	0.000335511641619374	0.00216259709437865	0.00484606396668712	0.00014547195619619	0.000393336308473782	0.0154884141305235	0.00155101052149305	0.0016178860068599	0.000919004998200505	0.00934227506274127	0.00417285896005138	0.000421650684922153	0.00878826143735691	6.02083284055684e-05	0.000137045426620838	0.0017892773739859	4.85837752398772e-05	0.0112141497876638	5.51724767748587e-05	0.00195438156429886	0.00104818196634253	0.000299694970945647	0.000123460217070868	0.00269615199400675	0.00245289390428122	0.000979556662158406	0.000192406612938556	0.00410044606855281	2.01250182907067e-05	0.00222766355916274	0.00137599205610641	0.000262520807669273	0.00187019292098427	4.35496983432332e-05	0.000440050601279263	0.00186583694498538	0.00250316396569682	0.00339584195792414	2.82840830902349e-05	0.000589122474156264	2.32831021679419e-05	0.000192620695072665	0.00251437148927959	0.00140256379927386	0.00694159535271697
Del5:M2	4.39815497412013e-05	0.000272694939159589	0.000454417301221104	0.000106419580434195	0.00117281134041218	0.000713271080454715	0.00319788096774524	0.00349212658610022	0.00363551125905246	0.00400149725070169	0.00108000353265376	0.000463102275318326	0.00238938490912378	0.000572127727284791	0.000331521315404982	0.000678730014922725	2.47858322661087e-05	0.00909617957856622	0.00114927175654476	0.00100823087497431	6.73509290658436e-05	0.00117593650195808	0.00926851467128029	0.00388275144752505	0.000141891386526497	0.000557073471743235	0.00313219785015736	0.00667646438568507	0.00094527413257243	6.56535371560285e-05	0.00989574144613494	0.00144529902881032	0.00767844364742635	0.000316176247434127	0.00580898171077701	0.00268618625972154	0.000308007262401555	0.00889646523952134	1.97140715157488e-05	0.000233355834318684	0.00356482885931671	7.57306652386578e-05	0.00700370745447225	3.91372703660607e-05	0.00188672389294439	0.000896518474361898	0.000181101492144531	1.83080288855436e-05	0.00193215173866395	0.0015866879141952	0.000831526702546309	0.000192358354445218	0.00398383334946741	5.18680419321527e-05	0.00302782829954283	0.000553769113044144	0.000151615429307965	0.00023832613897445	7.75306829284455e-05	0.000581012167875752	0.0012098536885561	0.00306148985473193	0.0030558748233776	6.54115480742379e-05	0.000494016577708239	7.09160557021892e-06	6.81990371155378e-06	0.00357285962756274	0.000464874438371881	0.00238286570280167
Del5:M3	0.0002729791274567	0.000142587429281932	0.000205667711596015	0.000172045572770484	0.000525127044115955	0.000605917927219741	0.00194454531331984	0.00179390636096384	0.0057873942239394	0.00326282932593595	0.00121914865067883	0.00219210145478292	0.00353155044866235	0.000384501298697341	0.000287838352515331	0.000580140541868577	2.96727673173957e-05	0.00414789120393346	0.000999389386029438	0.00091859824241445	0.000117363342188238	0.000213147259525982	0.00580557484950365	0.0018371121045283	0.000358220519525584	0.000666874246056725	0.0015681977113679	0.00422134180595838	0.0011208642201621	0.000464471863091138	0.00307042729873883	0.000970998883252852	0.00553463496395537	0.000388914181491573	0.00328432273389084	0.00171121636377551	0.000208721518140299	0.00537493512173332	2.21896240342251e-05	3.20297740378203e-05	0.00640024816843297	0.000106996984668699	0.00473630193881992	4.21202247126898e-05	0.00339436419399985	0.00134619617181814	0.00070543929556567	0.000111256483227534	0.00101979982675097	0.0006121990712931	0.000472776157991888	0.000389590816717572	0.00423301024724876	8.70407041073066e-06	0.00160684052909457	0.00124537672695844	0.000241046543701919	0.000750962368081133	5.85623886648653e-05	0.000673137552368145	0.00167546198459992	0.00259407563657498	0.00335599276203337	2.92273771589035e-05	0.000578162955175696	2.5240977221036e-05	6.73812031338677e-05	0.00453446081464792	0.00107221846797099	0.00204457697732481
Del5:M4	8.03371007835143e-05	6.30327765108999e-05	0.000206044711539875	6.62326014768205e-05	0.000394277336341324	0.00022805076151029	0.00151667646931619	0.00111392727639874	0.00474232436182426	0.00325087379369631	0.00078174870380893	0.000621266680212998	0.00427609508321554	0.00112528020385975	0.000209084035226892	0.000305740847672589	1.16467074874985e-05	0.00215325558316257	0.000371392358556967	0.00104837915606702	7.30663642203357e-05	9.56939060674599e-05	0.0029943363155411	0.00143655416320404	5.59441177414868e-06	0.000556676683729901	0.00149918807778479	0.00253715007354274	0.00152993890433429	0.000342411415280252	0.00212164070198188	0.000713185587667803	0.00415560522031576	0.00048621916067778	0.00190512096755631	0.00308121323380516	2.07429696188944e-05	0.00321625628063327	5.43627719112102e-05	4.16193612605327e-05	0.00505077228043961	2.70344250767103e-05	0.00206155074094292	4.04834157952145e-05	0.00441179289931067	0.00083567082691609	0.000113943620400625	3.02446694692746e-05	0.000704417052440537	0.000115483523288858	0.00129957916571541	2.17163220020943e-06	0.00409934512425454	7.99047080383935e-05	0.00166899652966717	0.000476906589411522	0.000257406859437731	0.0016898949554985	4.70634416631252e-05	0.000507923704503744	0.000868325565427509	0.00327288121344399	0.00241616090619852	5.92653976580691e-05	0.00039465068970046	1.16171589529108e-05	6.69376321607586e-05	0.00307186824067202	0.000399143240006549	0.00110410880790824
Del6:M1	0.000747329047512778	0.000234515665970448	0.000308531727389531	0.000108295510435259	0.00463480523752583	0.00229373256756078	0.00995630044230191	0.00483473255930879	0.0012841930023268	0.00447578853740315	0.000918317310196313	0.000778752475953969	0.00174057327080682	0.000490397725861382	0.000393958038113065	0.000730283669770401	0.000100723535607965	0.0130195654695326	0.00191383488982366	0.00148060771852993	0.000858717279027742	0.00071420264269315	0.0049809636124026	0.00754757860495829	0.000350986980734806	0.000129343428919135	0.00298204798333787	0.0042753662459285	0.000787368085433976	0.00048804267142656	0.0128515707794014	0.00116640715972648	0.00105616575074811	0.00466426185056695	0.00831058684444142	0.00582947377666757	0.000147341520851649	0.00772619595001452	6.16810111081655e-05	0.000529085439132071	0.000563661940476633	0.00048639043715866	0.0112689113310815	3.15361765736978e-05	0.00137511151812222	0.003584698420817	0.00104906217464279	0.000174450748449703	0.00250421063908703	0.0026341382468602	0.000426540257673486	1.44775480013962e-06	0.00321949490650305	3.86106861331496e-05	0.00109226372634436	0.00121309402389337	0.000107112203529468	0.0011227425000882	3.56765454411409e-05	0.000373351015272398	0.00153148290233343	0.00225044783920455	0.00308874864257785	8.1447547241604e-05	0.000372288277640738	1.17228581875047e-05	6.61336597719981e-05	0.00262860863538679	0.00508500011639961	0.00969545321908973
Del6:M2	3.47392384076881e-05	0.000114702156228829	8.83704623962118e-05	9.02725567801759e-05	0.00205809896632365	0.000170131843215799	0.00309277995273295	0.00278064106321992	0.000924701965839802	0.00306781180014484	0.000873761195330891	0.000447445792700802	0.000400744850653721	0.000519028916474915	0.000319844523401787	0.000229312326863211	3.40329668541728e-05	0.00845724144910281	0.00208768405706364	0.00084457947239724	0.000145052957803176	0.000752303777168314	0.0114479825539588	0.00715248887460312	0.000168972615496898	0.000217263405972594	0.00107785191649418	0.00862171684589026	0.000835971565361626	5.23685118666606e-05	0.00810873742039913	0.000790478748039398	0.0117502125824172	0.000206609390657221	0.00571032384431057	0.00293679469392639	0.000220790826085812	0.00866095096220426	2.0418790845826e-05	0.000156169329670166	0.000546361317400424	4.34371661870407e-05	0.00674627557997337	2.59307555586932e-05	0.000706448634340493	0.000438759851700924	0.000133992683254523	6.54038549152522e-05	0.00179183221822976	0.00101752236841111	0.000359782875211057	2.12337370687144e-06	0.00276657515984641	4.85180649291788e-05	0.000628702747481443	0.000722981881271973	0.000358714137916195	0.00135150533672793	1.51310835983553e-05	0.000442650939222364	0.000384376235172432	0.00185573947243086	0.00209766779871021	0.000102553752028064	0.000285776716544111	3.69134250043498e-07	7.056936950309e-05	0.00263961031822945	0.000741749526462546	0.00474402512866756
Del6:M3	6.9303404517426e-05	0.000111008206420651	0.000212388363928568	5.0495827935184e-05	0.00116516665564838	0.00018363563503274	0.00139966008757907	0.00118586530924836	0.000917480603527549	0.00144203676225431	0.000282984613274844	0.00123947961923434	0.000197471618634833	0.000608377365895738	0.000123529354250331	0.000308427996954443	2.86778224566546e-05	0.00387458380856785	0.000233084227432477	0.000511761710908643	0.00013029609242407	0.00046303496736277	0.00750220200616292	0.00401653881085711	8.33816786720249e-06	0.000199563415974018	0.000412555917732045	0.00551416827776911	0.000284664696466536	2.92457231194516e-07	0.00335966653461374	0.000458725442878676	0.00881271944233406	0.000854743776961165	0.00241079319599845	0.00133843980375461	0.000127779645588279	0.0056179535304355	1.80245520962048e-05	0.000117064816932016	0.000421109172416509	3.29040229142844e-05	0.0030197416634169	2.36298049276788e-05	0.000525322248918703	0.0010751756952179	0.000173229315006883	5.04514886185443e-05	0.000768313869503135	0.000491185751342821	0.000752131090226888	1.1582038401117e-06	0.00175158665077777	1.30225639189448e-05	0.000973525103611704	0.000319326229631985	0.000240089252899956	0.00139300034346843	4.48055127427614e-05	0.000301646543530341	0.000656598551652646	0.00189966171652188	0.00136226632392352	1.15995692506591e-05	0.000271699491082139	1.71118930097257e-05	7.8733847726881e-06	0.00123076367027177	0.000287699810379002	0.000699950276166081
Del6:M4	0.000131933354236639	0.000112772408815136	0.000253999104398933	6.41007034569196e-05	0.000637629013975925	0.000100103329899626	0.00166642789311058	0.00055272509879709	0.00036930924337459	0.00199003333770371	0.000406265973781984	0.000647005355971218	0.000589278159437516	0.000934500092147786	0.000157883586838079	0.000314316172671652	0.000135019870219392	0.00181198755124771	0.000577862654706727	0.000535465100724664	0.000114659204553323	0.00015593501881016	0.00416794517219077	0.00167444431603594	0.000158567722260902	0.000119873241411782	0.000850566839815894	0.00290918983952777	0.000355974208020421	0.000138058480606654	0.00184075292673904	0.000726529914025327	0.00513218650552635	0.000927170564521936	0.00123337758771904	0.00192826365829851	0.000297894141982379	0.00262025507639336	2.44212352461361e-05	2.59775561652727e-05	0.00140819976947602	0.000181578365513248	0.00223768404178948	2.26928617278939e-05	0.000769313422880732	0.00178832594126402	0.000178249174016439	2.22950028152601e-05	0.00048407371673879	0.00013944976431785	0.000736176889169794	3.04028508029321e-06	0.00108213912114081	3.3373988665422e-06	0.000567935156407126	0.000767517387902579	8.077950880027e-05	1.76137658820382e-05	2.49619538976919e-05	0.000164489424305664	0.000714344662934469	0.00132039631682932	0.000801973904349923	1.16585251299509e-05	0.000192222433777367	2.99860597832692e-06	6.61059365861788e-05	0.00115340921500594	0.000908028797763903	0.00237366882527532
Del6:M5	3.83389507532853e-05	3.4700411070154e-05	2.84157424352469e-05	4.72173334473431e-05	0.000232720324308494	3.10706714372098e-06	0.000230565960652429	0.000284781628334705	0.000446799559812315	0.000637707995077508	0.000142207254892907	0.000271637549809912	0.000236846084854525	0.000523068465645636	8.87059191062174e-05	9.30331763319082e-05	2.70098266607064e-05	0.000786777359632218	0.000213357805503382	9.50707274050104e-05	0.000139784129352151	7.13726018161001e-05	0.00246721713719029	0.000550290424036785	8.56978364129145e-05	5.64865252713775e-05	0.00100822612546837	0.00148800662796152	0.000365582997187471	2.23636444449594e-05	0.000834662607483938	0.000293518282510397	0.00283743821960121	0.000518191492427402	0.000589285511310439	0.000667181560705866	0.000149962073952968	0.00157331329999633	1.80516566858232e-05	0.000133535692968721	0.000539293712705253	1.67904773178491e-05	0.000965947900542586	1.71117979884469e-05	1.22608630131673e-06	0.000674688480763194	0.000223875219271611	1.69677063464428e-05	0.000253282492302684	0.000191513964950194	9.10327942669486e-05	1.25472082678767e-06	0.000584963161224197	1.06620669819307e-05	0.000192610562223266	0.000507682618620433	4.71231795522915e-05	1.92886945395327e-05	2.79873249511006e-05	9.61794643067421e-05	0.000398842218615283	0.000540021431199302	0.000550430273813522	2.57931971901569e-06	7.61429466958158e-05	2.74818009944278e-07	1.12556134426457e-05	0.000306910880218853	0.00040472924405855	0.000660662943645824
Del(7,):M1	0.000902917869448807	0.00218495983213841	0.00462451588913598	0.00020474285736847	0.234249510974436	0.0208228469817233	0.0431120598186235	0.0315834234738478	0.00867723164225945	0.032098683989823	0.00235967997243375	0.00270236706628344	0.00506185029899348	0.00333957325564737	0.00454921587729326	0.00203278025573921	0.000173120405768948	0.0854859316762163	0.0111608896395592	0.00707761224806533	0.00125303330985947	0.0138663337326435	0.0848138730117673	0.0210400675117274	0.000379778603113864	0.0025890600379044	0.0029415741413201	0.102641857218086	0.00560347143792946	0.00102800583513157	0.144114814326128	0.0115600784047071	0.0320720938563159	0.0143473248093641	0.0749653331840207	0.022467009968065	0.00529491981421238	0.107378477591264	0.000341526864054455	0.00127301079489056	0.00292074903838962	0.000642409274716063	0.0858085623538014	0.000300170944880846	0.00815235927984595	0.00834695957854158	0.00133516376500316	0.00192768489817414	0.0354418328672019	0.0278664810647913	0.00307859771457008	0.000341091030912895	0.0336342292739394	8.99714098958908e-05	0.00934741101602919	0.0137653933322769	0.000716377415252791	0.0123141295198558	0.000121909134208741	0.00424821064382955	0.0125953157757925	0.0212734765944698	0.0298978195096184	6.79613898536077e-05	0.00422673537173958	8.241288014187e-05	0.00054160015816632	0.0296438720996295	0.0082168000572845	0.0246293408889008
Del(7,):M2	6.89253989536795e-05	0.00197270090856798	0.00366819269820979	0.000163072666466329	0.156922028781946	0.00773329094975076	0.0182431325980847	0.0189754189051867	0.00785090146910019	0.0218084041636153	0.00346334424546715	0.0037256611979817	0.00236890712649787	0.00219965854470422	0.00279750652730419	0.00109620702615989	0.000119305594036511	0.0518503777526348	0.00666640852455192	0.00564044918607942	0.000232229832553296	0.0114953707630909	0.187433255906298	0.0191276870915068	0.000324333350116569	0.00377017966075229	0.00256556406190857	0.163254072063228	0.00358839575199783	0.000592748582688477	0.0915303401312927	0.00804945848871574	0.165490495588343	0.00165863809950053	0.0517317595146239	0.012097392966841	0.00372823506080809	0.10660389249108	0.000113017103845326	0.000358352096590523	0.00112732388095327	0.000188982841763458	0.0543109763979562	0.000310011284206144	0.00203808981996149	0.000727953813282864	0.0001870629198682	0.000775332882700061	0.0226169336440529	0.0141783304409504	0.0024489072967696	0.000534125004264844	0.0234143014079846	0.000274576525591686	0.00860401972186341	0.00512526131928617	0.000707700617795896	0.013662933358749	7.03552046927577e-05	0.00501624645870377	0.0120566313534337	0.0158224259603938	0.0198265597329637	9.66581640988851e-05	0.00382371183807325	4.87826359782154e-05	0.000712555183521183	0.0304286167261326	0.00125986464623627	0.00882964024006319
Del(7,):M3	0.000164233628459119	0.00102056450133786	0.00205226035217341	0.000118955000534763	0.0740843384122053	0.00127230416115959	0.00610092235153418	0.00909777974911622	0.00357527395109475	0.010821979422188	0.0020644063429184	0.00321941876932097	0.00148949729466305	0.00104737714375597	0.00163163447394849	0.00162824652530588	0.000119481172541348	0.0220289624440875	0.0042044246004823	0.00342595698740674	0.000254993583514808	0.0070864689189664	0.137580518263635	0.00904915393220659	0.000109322645369988	0.00282638253126319	0.00325589145678066	0.120166253001528	0.00280455065899749	0.000396677787902537	0.0449224688218219	0.00552084519761724	0.132298115795775	0.00233835520802783	0.0236145276911471	0.00601974731219784	0.00199996183588864	0.0692713006428934	0.000109538681510971	0.000337459508866112	0.00142806546915974	0.000159388500841528	0.0226200103397342	0.00017658375251961	0.00213963205818872	0.00166056135573992	0.000196823756831226	0.000148377590071326	0.012032395660517	0.0062599628337422	0.00170619231344111	0.000365365053061902	0.0142477780169856	3.71977421406563e-05	0.00434264880435076	0.00519944284973357	0.000346208177251447	0.0129062978452151	8.42156747319944e-05	0.00314019502123414	0.0071140957380516	0.00745905482543508	0.0126610745708006	8.83453851187431e-05	0.00199554033434752	3.44953517452543e-05	0.000290774634465983	0.0217339326689435	0.00101030152737773	0.00428617699534822
Del(7,):M4	3.33988999545634e-05	0.000474075017416635	0.00145117834390342	0.000105697259723504	0.0320544574311205	0.000719246209577256	0.00339566474033647	0.00380743889025827	0.00266920049131825	0.0058762552330489	0.00124341642259615	0.00185260298960293	0.000905969745415004	0.00120325413324722	0.00101788269859051	0.00127166930964571	3.0814027598834e-05	0.0097961175725266	0.00150846993787529	0.00209328278584299	0.000148797293329709	0.00365578511462918	0.0776141834221445	0.00223785385126328	4.650132079786e-05	0.00164511892911915	0.0116809202496254	0.0691736347928324	0.00182933799856741	0.000372534510093287	0.0169158313728809	0.00326335918320524	0.0824928817164651	0.000824343411425179	0.0102787958547581	0.00370917592872549	0.000733496503979162	0.0362742639955153	1.68590547426156e-05	0.000336519895132475	0.00125511381449568	0.000102069949987524	0.0123299116985536	4.04704252482504e-05	0.00158800468498722	0.000583408412865541	0.000220260810336788	0.000158260040676652	0.00493870703291685	0.00409735199634213	0.000562182249405956	0.000185023063457844	0.00663982302337881	2.9701172827368e-05	0.00304004103901592	0.00168776275948912	0.000223135128959919	0.00543130736664421	6.8078248281492e-05	0.00210766262029527	0.00390835525878951	0.00494433608265946	0.00620193466903431	0.000176749726116778	0.00113167736282482	3.42628134291476e-06	6.00484204846565e-05	0.01078419219774	0.000390943763036646	0.000916663276132493
Del(7,):M5	4.33034740237638e-05	0.000139013106896393	0.000853239677387576	5.1709046216246e-05	0.0118832940765667	0.00158874699948933	0.000800615627909396	0.00150576983828067	0.000673887096170214	0.00279558461480295	0.00125876757570449	0.0010734142649073	0.000533850437722167	0.000367598974535639	0.000452214965122514	0.000562459956055902	2.99653981587902e-05	0.00397371655492427	0.00145705229378983	0.000994131703886404	8.76913204465189e-05	0.00109755098515081	0.0371166195498426	0.00240598985072473	0.000362888468203377	0.00112717605584937	0.024175360872824	0.0335944055408694	0.00102264871737482	0.000165997479927151	0.00685623635463995	0.00150228741971295	0.0376266163644383	0.00101263844872595	0.004596008377371	0.00236447575886869	0.000319375295573476	0.0192490927433	2.78454484012548e-05	0.000261433703535617	0.000233312819087685	5.15260718201356e-05	0.00540420950423783	5.17007530987058e-05	0.000575591787272689	0.00109986550073702	3.58458799021208e-05	3.51931791335635e-05	0.00244160533290092	0.00194823318080661	0.00105985947414578	0.0001894145863516	0.00307565216510701	7.2009831071435e-05	0.00102702164020447	0.00065735294065513	0.000167838989214924	0.00375459572057889	3.4898532479817e-05	0.00138167029297355	0.00125549026618666	0.00226025061146612	0.00283083644599208	4.86828173251933e-05	0.000468800996581627	6.07689291811697e-06	0.000184456216848874	0.00532687054804955	0.000632313291125549	0.000275731441094642
Del(7,):M(6,)	0.000160879770329783	0.00147474511586216	0.00187803108478475	0.000156596324948637	0.0155093965105114	0.0102594162059842	0.00472746915600249	0.00169842493055426	0.00246012485865873	0.00960956407393586	0.00162112493492791	0.00159725205948184	0.00135764128586194	0.00123385194648334	0.0011555721352297	0.00403546122778945	0.000242473915179429	0.0029476011641964	0.0020924761765329	0.00573199988843642	0.000260541305603441	0.00351749481287408	0.0310030779317091	0.00114363726553609	0.000233789399045793	0.00374654474953212	0.247269642704548	0.0276580460601569	0.00451794075952829	0.000331951402394337	0.00655680663047959	0.00606040281635687	0.0363133869608963	0.00250022984932834	0.00444845410188818	0.0127182232401319	0.000794433590884491	0.0165616179669224	0.000142624350571774	8.73288058321935e-05	0.000750694228433006	0.000115980254205877	0.00501112577467262	0.000126940377296342	0.000767307099842214	0.00247171431171571	0.00052472713242023	0.000304238647652631	0.00332559868967778	0.0201700441457932	0.00109680439855446	0.000573745227295332	0.00884206462111391	4.72979856953047e-05	0.00104209016035176	0.00959844305641377	0.000321548942006884	0.00133875426694829	3.77780261029776e-05	0.00407747429001823	0.00561709555100185	0.00577338194393605	0.00499818731522211	4.88596849630686e-05	0.00216617048865653	3.30318238816457e-05	0.000319024560815874	0.0065544058556511	0.00188170638708942	0.00490954834947168
Complex(0,1)	0	0	0	0	0	0	0	0	0	0	0	0	0	0	0	0	0	0	0	0	0	0	0	0	0	0	0	0	0	0	0	0	0	0	0	0	0	0	0	0	0	0	0	0	0	0	0	0	0	0	0	0	0	0	0	0	0	0	0	0	0	0	0	0	0	0	0	0	0	0
Complex(2,5)	0	0	0	0	0	0	0	0	0	0	0	0	0	0	0	0	0	0	0	0	0	0	0	0	0	0	0	0	0	0	0	0	0	0	0	0	0	0	0	0	0	0	0	0	0	0	0	0	0	0	0	0	0	0	0	0	0	0	0	0	0	0	0	0	0	0	0	0	0	0
Complex(6,10)	0	0	0	0	0	0	0	0	0	0	0	0	0	0	0	0	0	0	0	0	0	0	0	0	0	0	0	0	0	0	0	0	0	0	0	0	0	0	0	0	0	0	0	0	0	0	0	0	0	0	0	0	0	0	0	0	0	0	0	0	0	0	0	0	0	0	0	0	0	0
Complex(11,20)	0	0	0	0	0	0	0	0	0	0	0	0	0	0	0	0	0	0	0	0	0	0	0	0	0	0	0	0	0	0	0	0	0	0	0	0	0	0	0	0	0	0	0	0	0	0	0	0	0	0	0	0	0	0	0	0	0	0	0	0	0	0	0	0	0	0	0	0	0	0
Complex(21,)	0	0	0	0	0	0	0	0	0	0	0	0	0	0	0	0	0	0	0	0	0	0	0	0	0	0	0	0	0	0	0	0	0	0	0	0	0	0	0	0	0	0	0	0	0	0	0	0	0	0	0	0	0	0	0	0	0	0	0	0	0	0	0	0	0	0	0	0	0	0
