	SP117290	SP84982	SP2997	SP111116	SP54113	SP67609	SP79466	SP103894	SP81137	SP102747	SP123958	SP122372	SP2293	SP124439	SP116365	SP23925	SP103507	SP116276	SP25350	SP2714	SP121790	SP78717	SP109007	SP85818	SP79192	SP93540	SP78674	SP117887	SP118044	SP38759	SP86836	SP107784	SP116578	SP56730	SP116797	SP5559	SP7692	SP79998	SP116726	SP78851	SP48850	SP62616	SP120767	SP103856	SP56079	SP99305	SP102617	SP116335	SP85130	SP85864	SP13539	SP116871	SP27825	SP111031	SP112907	SP135238	SP79243	SP117745	SP90989	SP52232	SP52667	SP99013	SP109544	SP102957	SP105375	SP92364	SP116968	SP102035	SP82445	SP116596	SP92460	SP117522	SP48008	SP57735	SP99317	SP101891	SP125746	SP97194	SP107007	SP43822	SP8831	SP8660	SP77956	SP116635	SP13365	SP116715	SP110242	SP124418	SP78718	SP102045	SP112257	SP102733	SP79458	SP106577	SP18310	SP29559	SP86929	SP96122	SP125762	SP111119	SP116520	SP9816	SP59803	SP125809	SP79371	SP125763	SP58245	SP5017	SP50611	SP107439	SP89687	SP107406	SP125696	SP111170	SP32958	SP111175	SP1305	SP117538	SP31126	SP122476	SP135287	SP102755	SP112947	SP78711	SP135192	SP123882	SP116919	SP975	SP25494	SP114914	SP99325	SP101740	SP99185	SP115085	SP54745	SP1174	SP125771	SP52284	SP69077	SP110847	SP107546	SP112817	SP102965	SP50406	SP116791	SP80213	SP135339	SP84922	SP101552	SP103140	SP30113	SP123975	SP117700	SP116469	SP32222	SP123836	SP97104	SP112182	SP103057	SP53810	SP77339	SP66159	SP50317	SP78013	SP111033	SP10084	SP102804	SP135451	SP1059	SP116872	SP107770	SP102133	SP102090	SP60001	SP77131	SP21017	SP114994	SP99081	SP112985	SP124273	SP124384	SP19750	SP106840	SP86660	SP90209	SP10944	SP101622	SP116904	SP116227	SP108998	SP124319	SP112290	SP109957	SP23622	SP123846	SP17172	SP102873	SP112865	SP111168	SP58101	SP963	SP127638	SP135455	SP57941	SP23078	SP98849	SP84743	SP103866	SP101528	SP102897	SP114906	SP33688	SP107363	SP112165	SP112215	SP49124	SP103523	SP61703	SP111038	SP82103	SP103706	SP107076	SP123878	SP79240	SP80216	SP102567	SP108033	SP116876	SP85339	SP59860	SP116593	SP114987	SP95550	SP116343	SP48263	SP111076	SP86989	SP102489	SP116648	SP122725	SP116888	SP79264	SP125579	SP79387	SP70106	SP13385	SP112799	CPCT02050439T	DRUP01010047T	CPCT02010461T	CPCT02230032T	CPCT02220023T	CPCT02210066T	CPCT02080139T	DRUP01030028T	CPCT02340014T	CPCT02070053T	CPCT02020535T	CPCT02020413T	DRUP01340015T	CPCT02010609T	CPCT02060291T	CPCT02070336T	CPCT02100089T	CPCT02010772T	CPCT02250003T	CPCT02060264T	CPCT02010648T	WIDE01010393T	CPCT02450014T	CPCT02080153T	CPCT02020750T	CPCT02100092T	DRUP01070059T	DRUP01080031T	DRUP01010095T	CPCT02040038T	CPCT02060224T	CPCT02020866T	CPCT02070447T	DRUP01010047TII	CPCT02020958T	CPCT02030471T	WIDE01010723T	DRUP01340003T	CPCT02020958TII	WIDE01010241T	WIDE01010040T	CPCT02070187T	DRUP01140006T	CPCT02030278T	CPCT02010613T	CPCT02100091T	CPCT02330076T	CPCT02010523T	CPCT02340081T	CPCT02240008T	CPCT02010721T	CPCT02180025T	CPCT02060246T	CPCT02130170T	CPCT02230030T	CPCT02190020T	CPCT02060104T	CPCT02100147T	DRUP01140001T	DRUP01050003T	WIDE01010366T	CPCT02120042T	CPCT02230060T	CPCT02080112T	WIDE01010299T	WIDE01010293T	CPCT02160034T	WIDE01010215T	CPCT02050349T	CPCT02020706T	CPCT02070434T	CPCT02080157T	DRUP01070009T	WIDE01010041T	CPCT02170020T	CPCT02360007T	CPCT02040340T	CPCT02190014T	CPCT02120105T	CPCT02010419T	CPCT02050442T	DRUP01010025T	CPCT02030276T	DRUP01030015T	CPCT02020399T	CPCT02020916T	CPCT02040148T	CPCT02120032T	CPCT02080275T	CPCT02020815T	CPCT02050424T	CPCT02390011T	CPCT02020717T	CPCT02020933T	CPCT02340026T	CPCT02380051T	CPCT02010441T	CPCT02020382T	DRUP01090026T	CPCT02390029T	CPCT02330016T	CPCT02040072T	CPCT02070350T	CPCT02010815T	CPCT02050192T	CPCT02140057T	CPCT02030250T	CPCT02210016T	CPCT02020561T	CPCT02090057T	CPCT02100067TII	CPCT02050211T	CPCT02120111T	WIDE01010071T	CPCT02010898T	DRUP01010106T	CPCT02010986T	CPCT02020810T	CPCT02030492T	CPCT02040134T	CPCT02030286T	WIDE01010618T	CPCT02050259T	CPCT02020592T	CPCT02010635T	CPCT02040255T	DRUP01070038T	CPCT02080088T	CPCT02020865T	CPCT02020922T	WIDE01010315T	CPCT02020350T	CPCT02050149T	DRUP01010001T	CPCT02011068T	DRUP01070015T	CPCT02070465T	CPCT02120195T	CPCT02110024T	CPCT02180078T	WIDE01010189T	WIDE01010565T	DRUP01330020T	CPCT02080297T	CPCT02070430T	CPCT02340010T	CPCT02020968T	CPCT02010955T	CPCT02100090T	CPCT02090032T	DRUP01050017T	CPCT02160021T	CPCT02010362T	CPCT02220079T	CPCT02100044T	CPCT02011108T	WIDE01010420T	CPCT02040329T	CPCT02010451T	CPCT02011050T	CPCT02090019T	WIDE01010078T	CPCT02060290T	CPCT02060277T	DRUP01070026T	WIDE01010214T	CPCT02040114T	CPCT02020586T	CPCT02100140T	CPCT02180068T	CPCT02140095T	CPCT02011004T	CPCT02010665T	CPCT02030246TII	DRUP01110006T	CPCT02100101T	WIDE01010534T	CPCT02100019T	CPCT02230089T	CPCT02011058T	CPCT02160027T	CPCT02220047T	CPCT02010953T	DRUP01070042T	WIDE01010208T	WIDE01010075T	WIDE01010443T	CPCT02120200T	WIDE01010461T	DRUP01050028T	CPCT02160058T	DRUP01080014T	CPCT02010940T	CPCT02110035T	CPCT02230120T	CPCT02180076T	CPCT02070030T	CPCT02100084T	CPCT02080302T	CPCT02070416T	CPCT02050385T	CPCT02270047T	WIDE01010501T	WIDE01010691T	CPCT02290051T	CPCT02010776TII	WIDE01010606T	CPCT02070029T	CPCT02120088T	CPCT02190037T	WIDE01010666T	CPCT02140107T	CPCT02100131T	CPCT02020574T	CPCT02050104T	WIDE01010385T	CPCT02070444TII	CPCT02020591T	CPCT02340110T	CPCT02070192T	CPCT02390028T	CPCT02020340T	CPCT02010554T	CPCT02020704T	WIDE01010708T	CPCT02020325T	CPCT02010370T	CPCT02010781T	WIDE01010159T	CPCT02080110T	WIDE01010686T	CPCT02110036T	CPCT02140059T	CPCT02230035T	CPCT02020544T	CPCT02380034T	CPCT02010715T	WIDE01010401T	DRUP01010022T	CPCT02080177T	CPCT02070433T	CPCT02330035T	DRUP01040010T	CPCT02060033TII	CPCT02050376T	CPCT02040115TII	WIDE01010119T	CPCT02380016T	CPCT02030447T	WIDE01010470T	CPCT02010919T	CPCT02100035T	CPCT02020351T	CPCT02040037T	DRUP01110007T	CPCT02390002T	WIDE01010545T	CPCT02080086T	CPCT02120177T	WIDE01010492T	CPCT02010533T	CPCT02020946T	WIDE01010510T
DEL:C:1:0	16	83	17	32	419	53	0	67	34	6	3	23	85	68	24	23	36	0	27	49	29	1	6	0	0	127	5	34	0	46	0	18	37	135	1	36	45	0	33	13	48	74	11	18	161	13	32	11	39	1	5	2	33	41	21	0	0	12	88	110	153	27	52	60	48	87	11	29	130	50	29	14	17	139	3	59	76	125	45	16	47	27	10	19	3	75	201	31	7	82	4	28	2	66	170	47	8	27	19	69	37	33	42	10	1	33	179	9	226	43	34	30	18	52	19	84	83	46	91	39	59	94	13	0	1	10	0	40	157	26	228	66	30	7	89	19	67	14	63	34	3	40	31	1	0	0	17	47	110	82	275	10	6	39	0	4	32	29	47	754	14	46	38	7	30	60	82	6	94	1	13	50	30	44	16	171	59	33	0	21	172	11	10	15	106	38	46	1	2	5	27	62	36	33	4	82	23	13	34	149	49	27	13	353	35	17	62	46	40	80	21	60	8	25	41	32	28	35	46	24	59	63	6	1	6	25	10	0	16	40	11	63	31	17	3	26	14	5	55	21	5	1	0	0	25	6	9	29	677	41	34	642	31	5	18	122	12	249	108	28	254	64	122	16	14	48	17	30	122	330	159	11	30	14	241	9	37	18	45	32	455	62	9	78	120	61	48	43	10	321	56	13	115	455	27	8	35	12	102	47	49	49	624	4	34	127	117	33	690	405	41	39	0	50	19	246	6	80	181	21	178	54	193	65	26	47	48	12	426	20	45	115	55	52	60	77	818	280	55	27	17	14	10	257	46	16	7	32	51	18	79	7	315	46	841	26	20	17	387	3	21	15	338	145	21	69	21	41	17	109	8	11	98	145	89	66	6	84	14	17	38	31	224	60	56	91	45	152	55	672	39	31	20	61	70	30	84	339	31	8	36	43	40	265	160	28	171	55	56	15	45	182	22	96	57	35	93	77	276	65	29	25	75	48	497	53	98	5	41	37	179	22	68	46	14	39	142	56	65	9	8	10	22	6	47	72	15	75	164	131	45	16	36	385	32	5	30	21	77	45	4	236	74	43	7	82	156	71	49	9	321	35	14	29	182	40	16	11	16	72	16	34	14	20	36	222	43	27	70	398	24	7	42	20	64	26	234	8	16	15	25	119	198	52	402	46	30	40	74	24
DEL:C:1:1	12	43	6	14	658	24	0	32	17	10	2	17	25	37	10	22	43	0	18	27	9	0	4	0	0	73	4	15	0	40	0	13	22	212	0	16	14	0	11	7	19	33	7	12	243	8	9	4	16	0	2	0	22	29	14	0	0	8	29	155	173	17	37	119	16	41	9	12	52	22	22	9	9	237	0	25	29	89	49	3	25	16	3	7	1	25	103	23	1	41	3	19	0	65	66	36	11	13	7	29	21	24	28	6	0	15	279	9	296	0	19	33	10	24	8	25	54	14	56	14	41	71	8	0	0	5	0	8	70	16	188	31	32	7	85	9	27	14	18	16	3	23	32	0	1	1	13	22	33	41	560	6	4	26	1	5	6	38	55	872	15	35	32	3	15	29	52	5	84	0	5	16	19	36	10	87	25	32	0	12	72	6	9	6	98	14	22	0	7	3	16	95	16	12	8	36	35	13	17	193	30	20	6	366	14	12	27	16	19	79	15	17	6	23	66	25	17	8	27	10	44	81	3	0	4	12	12	0	10	18	8	25	13	9	2	15	9	1	26	9	2	0	0	1	6	5	6	17	177	26	15	927	22	5	10	72	3	319	90	10	260	32	158	10	3	28	15	7	71	138	40	9	7	8	100	9	20	8	25	14	137	58	7	36	72	57	28	41	6	271	25	6	68	177	29	1	25	10	38	36	30	21	871	6	25	59	36	24	206	368	20	23	0	14	19	354	2	34	70	12	269	26	91	45	39	21	24	15	158	9	25	33	51	22	19	24	1083	179	43	17	13	12	5	91	36	12	12	19	22	19	33	6	265	21	211	16	10	11	99	1	11	7	407	252	16	48	19	16	13	48	2	13	78	55	120	83	2	46	11	12	20	11	91	35	42	35	35	172	39	300	18	14	14	39	36	20	38	103	23	5	28	11	19	101	320	33	59	41	29	7	12	89	17	59	72	15	49	65	330	31	20	20	25	22	143	27	61	4	18	23	82	5	28	24	14	49	46	29	39	4	6	6	19	1	26	50	13	46	265	145	21	13	15	96	18	8	13	13	51	23	3	110	27	23	8	33	88	95	35	4	117	18	8	6	238	21	17	5	10	31	10	26	9	10	18	94	23	12	43	561	15	4	72	14	31	14	194	4	10	12	10	25	375	15	583	28	8	24	36	14
DEL:C:1:2	8	73	1	11	580	20	0	17	8	4	0	12	6	11	3	10	27	1	7	8	9	0	3	0	0	103	2	7	0	21	0	5	13	170	0	6	10	0	5	6	8	9	2	5	229	6	6	0	14	1	2	1	8	9	10	0	0	5	58	125	149	6	31	55	11	54	5	9	24	11	28	6	2	160	1	13	63	69	41	2	21	10	2	2	1	13	204	11	1	18	2	14	0	36	146	24	5	7	2	10	7	9	7	4	0	12	179	5	263	1	8	17	6	13	5	15	35	12	43	7	72	60	6	0	0	4	0	8	27	5	286	17	31	1	62	7	10	8	11	9	3	13	9	2	0	0	3	9	12	39	464	6	3	9	0	1	12	25	40	844	3	25	10	9	7	6	25	2	48	0	5	13	5	7	8	136	13	18	0	8	59	4	3	4	106	8	11	0	0	1	10	62	3	2	5	35	16	3	4	144	18	6	0	303	6	12	19	12	4	60	5	13	1	16	43	19	17	4	17	4	34	40	1	0	3	6	4	0	7	6	0	16	6	5	0	13	3	1	12	5	2	0	0	0	7	1	3	7	148	8	10	827	14	1	10	26	4	238	52	8	164	11	91	4	2	17	5	2	29	85	13	4	6	6	92	3	8	3	11	6	122	59	5	20	25	60	12	15	5	202	16	3	38	237	6	1	14	2	28	23	14	23	764	4	3	24	22	3	199	316	12	15	1	13	15	331	2	20	60	5	228	10	107	29	18	13	19	7	165	8	16	23	41	12	19	19	1004	56	32	8	2	3	0	101	18	4	5	9	17	7	19	3	200	9	221	6	6	2	137	0	3	8	362	202	5	15	6	9	5	15	5	15	64	39	84	42	5	22	6	3	9	6	127	17	30	21	28	128	30	340	6	8	6	17	10	9	8	82	13	4	10	15	11	48	272	11	79	26	17	1	15	104	9	27	36	11	16	49	249	17	7	6	11	11	128	11	29	1	6	19	75	5	26	7	8	35	103	9	33	4	1	3	11	0	12	49	11	33	220	97	9	1	10	110	4	5	13	3	26	5	1	44	14	8	5	18	99	72	35	3	115	10	4	5	159	8	12	1	2	32	5	8	4	3	6	82	20	11	18	522	8	2	49	7	17	10	78	3	4	9	7	7	334	15	490	28	2	7	8	6
DEL:C:1:3	4	265	1	11	188	8	0	14	3	0	1	1	4	3	1	4	16	0	8	1	3	0	1	0	0	374	1	4	0	14	0	3	10	60	0	4	4	0	3	2	4	10	2	2	77	1	2	1	9	0	1	0	1	15	6	0	0	2	162	52	50	4	13	40	8	198	2	6	14	5	88	1	2	78	0	6	177	27	20	1	6	5	0	1	3	11	670	6	0	8	1	7	0	10	571	11	3	12	3	17	3	5	4	3	0	4	80	2	73	0	5	9	4	5	2	16	23	3	19	5	233	27	1	0	0	1	0	6	33	6	773	8	7	1	28	4	7	6	11	7	0	17	7	0	1	1	6	8	6	16	156	1	2	5	0	1	3	10	28	268	6	12	7	5	7	8	6	4	30	0	3	11	7	5	3	494	11	4	0	4	141	4	2	2	299	7	7	0	7	1	2	37	3	3	0	72	11	7	2	72	10	10	5	94	3	6	19	2	2	86	4	8	0	9	28	10	6	1	9	4	15	30	2	0	2	3	3	0	4	3	2	8	4	3	2	6	1	0	15	1	0	0	0	0	1	3	3	3	485	6	4	280	6	2	14	11	3	85	32	5	72	10	33	2	0	6	3	7	16	142	8	0	0	3	288	1	3	3	7	2	437	38	1	10	13	37	6	9	3	65	11	2	24	847	8	1	3	2	9	17	10	10	284	0	4	44	22	3	663	103	10	11	0	6	11	110	0	11	102	2	73	6	212	21	8	20	5	3	444	2	9	9	31	10	124	8	322	31	16	3	2	7	2	297	9	4	6	6	8	1	12	1	66	5	701	2	3	5	404	2	1	3	126	82	5	6	9	10	4	14	4	3	22	57	32	20	0	10	3	3	6	4	363	10	11	7	15	63	20	1590	4	8	4	20	19	4	7	137	10	2	11	6	7	26	105	13	176	8	15	1	3	258	6	14	20	12	23	27	82	3	6	3	10	6	281	2	24	0	2	8	219	2	102	6	4	17	271	8	105	6	3	2	7	3	4	22	5	15	95	40	5	2	8	299	4	2	7	4	12	5	1	26	5	9	4	6	223	26	9	3	300	5	1	3	61	4	11	0	4	19	3	4	5	1	4	210	7	7	11	183	3	2	13	5	32	9	82	2	3	4	1	4	147	6	178	18	3	4	7	5
DEL:C:1:4	3	643	2	10	135	4	0	10	3	1	0	0	2	5	0	6	8	0	3	5	5	0	0	0	0	1304	1	1	0	8	0	2	1	47	0	5	5	0	2	3	2	7	0	2	40	4	3	1	1	0	0	1	6	7	1	0	0	4	463	31	35	6	5	12	6	551	2	2	10	3	217	1	4	67	0	3	625	6	16	1	7	0	0	1	1	8	1584	4	1	10	0	6	0	10	1936	4	3	5	1	17	3	3	4	2	0	2	80	1	51	0	2	4	1	9	4	10	18	2	4	2	719	11	3	0	0	1	0	6	15	3	1824	10	3	1	13	2	5	4	6	6	0	7	3	0	0	0	4	12	10	5	117	8	2	3	0	0	2	7	9	176	3	4	8	2	5	6	6	2	16	0	0	28	1	5	0	1533	0	5	0	3	347	2	3	2	897	2	3	0	1	1	5	17	1	2	0	244	4	1	3	64	5	4	9	69	2	5	16	4	10	197	2	4	2	2	10	5	1	0	12	2	7	17	0	0	0	3	0	0	3	6	0	2	2	1	3	3	0	0	11	1	0	0	0	0	2	1	2	1	1307	6	10	222	2	0	12	4	2	58	6	1	47	2	22	3	0	3	1	4	8	314	2	0	2	4	704	3	5	0	9	4	1089	36	0	9	4	34	7	2	3	44	9	0	26	1424	3	2	4	1	8	11	5	8	256	0	0	73	22	5	1709	54	1	14	0	7	7	63	1	10	275	6	73	5	528	6	6	28	8	1	1441	1	8	14	17	15	118	5	252	29	13	6	1	2	2	861	5	0	2	3	4	0	7	0	41	3	2187	3	3	3	1052	0	2	2	80	61	2	8	4	8	1	14	0	2	17	134	19	5	1	12	1	0	0	4	793	8	6	6	3	46	5	2127	3	2	2	9	7	0	7	434	4	1	5	9	6	19	61	9	379	8	3	0	7	613	3	12	18	8	20	9	68	5	2	1	13	3	950	2	11	0	6	5	564	7	301	10	0	18	598	6	223	5	3	1	0	0	4	11	3	7	58	26	6	2	9	826	2	1	6	0	9	5	0	12	8	7	3	5	517	25	6	1	648	4	2	3	52	12	3	1	3	6	3	6	2	1	6	639	2	2	13	127	3	2	11	1	50	4	49	1	2	0	4	3	87	9	138	3	1	6	7	7
DEL:C:1:5+	5	1764	1	20	57	4	0	15	4	0	1	2	5	1	4	15	3	0	7	1	3	0	0	0	0	3768	1	0	0	3	1	9	4	19	0	5	6	0	12	3	3	5	1	0	38	1	0	4	14	1	4	1	6	32	1	0	0	8	1369	16	11	3	4	4	17	1576	4	5	5	1	575	5	2	37	0	4	1814	2	8	0	5	3	2	2	2	19	4163	2	0	6	0	1	1	2	5168	2	1	14	6	35	1	1	4	3	0	3	66	9	35	0	0	5	5	15	5	30	5	1	8	2	1722	2	2	0	0	0	0	6	14	8	4401	0	1	0	9	13	12	3	3	16	2	9	2	0	0	0	2	20	3	1	76	42	0	3	0	0	2	3	3	83	4	1	2	6	17	4	1	2	14	1	1	129	2	2	6	3715	3	3	0	3	924	5	2	2	3129	3	3	0	4	0	3	8	4	4	1	965	2	4	4	34	1	9	25	30	1	3	24	3	1	455	4	4	6	2	9	2	1	4	34	10	3	6	0	0	2	1	7	0	13	1	0	4	3	1	2	28	0	0	31	4	0	1	0	0	4	4	0	11	4416	4	21	108	3	1	16	5	0	34	1	2	36	2	14	12	4	0	3	4	6	1821	8	1	10	2	2453	2	4	2	3	6	3658	17	1	9	6	17	25	3	4	28	3	2	19	3815	4	2	6	5	3	13	8	22	163	4	8	445	105	23	6168	35	4	17	0	66	2	41	0	5	1078	7	23	6	1565	2	2	110	9	11	4784	0	12	23	12	36	342	6	127	15	3	10	2	1	1	2427	4	0	8	17	3	3	42	1	27	3	6963	24	1	2	3500	0	4	5	49	59	0	7	4	21	6	35	0	6	17	727	10	3	1	8	2	2	2	3	2710	9	8	17	1	47	6	5503	2	11	12	8	17	7	9	2124	10	2	7	21	15	16	38	10	1272	4	2	0	4	1922	11	12	18	8	37	6	29	4	2	4	116	6	3795	7	12	0	6	9	1594	13	789	35	2	13	2177	15	775	6	4	5	0	0	11	2	6	10	54	18	15	0	1	3925	7	2	6	0	12	31	1	17	5	9	1	10	1575	12	3	3	1942	4	1	0	27	25	8	0	4	6	7	2	2	1	3	2194	6	8	20	78	3	2	9	3	177	4	145	0	1	5	16	7	54	18	73	2	4	10	4	13
DEL:T:1:0	11	73	7	31	141	41	0	57	38	16	4	13	6	37	21	24	127	0	16	24	14	1	4	0	0	64	2	16	0	59	0	14	34	73	0	22	12	0	15	8	19	30	8	14	47	12	5	9	33	0	4	1	21	52	14	1	0	5	42	33	38	27	66	216	40	82	14	21	80	21	24	10	10	68	2	34	60	148	38	11	25	18	6	13	4	44	185	30	1	46	5	34	3	90	94	49	7	16	11	41	11	30	20	6	1	14	81	11	70	35	19	37	18	60	8	106	56	33	64	12	55	143	10	0	0	11	0	38	104	14	199	38	33	7	42	17	29	11	32	19	3	24	52	0	0	0	7	72	32	96	136	12	6	19	0	7	16	22	84	229	10	28	16	11	19	27	93	5	57	0	11	37	19	26	10	149	30	29	1	13	68	10	9	7	58	19	30	0	5	3	20	58	6	17	5	61	33	8	14	65	17	16	13	109	21	23	55	37	17	86	12	11	8	22	32	55	30	20	28	19	58	69	3	1	7	16	10	0	9	27	3	34	18	13	5	12	7	4	25	12	3	0	0	0	9	5	14	23	390	28	18	238	26	7	12	49	132	84	151	11	72	59	134	11	137	83	15	19	65	205	16	3	19	7	143	6	20	16	48	13	260	40	10	24	50	40	20	51	9	108	25	10	111	310	33	2	33	9	38	49	24	43	275	11	19	109	46	19	351	86	29	33	2	39	19	93	5	42	127	11	71	31	139	56	31	45	16	19	350	14	10	46	20	41	55	45	256	176	39	165	12	21	5	150	33	12	11	23	21	23	56	10	110	23	463	20	8	13	211	3	15	12	119	73	10	42	12	27	11	41	12	15	91	87	57	100	9	41	12	12	18	19	142	43	58	45	51	69	48	459	19	21	13	59	38	21	35	186	145	3	20	20	37	99	73	15	86	33	33	4	20	129	20	42	36	29	39	104	60	22	19	20	42	21	305	27	62	6	31	21	111	9	35	30	24	21	94	47	53	17	7	7	20	4	30	83	12	34	86	60	27	10	20	214	15	10	33	11	40	37	4	110	30	23	7	45	103	38	61	12	205	23	12	9	96	24	17	4	7	74	10	28	18	8	24	90	45	21	32	137	17	7	22	16	40	37	51	5	11	18	49	23	100	22	115	52	16	48	25	132
DEL:T:1:1	7	108	5	27	123	7	0	226	15	23	1	21	3	343	4	8	76	0	4	16	5	1	0	0	0	89	2	13	0	41	0	4	28	51	0	19	6	0	10	3	7	19	5	9	68	5	8	6	10	0	4	0	9	30	18	0	0	6	52	25	43	16	62	113	39	100	10	9	497	22	20	4	5	46	0	21	65	126	31	2	19	7	3	7	4	13	228	154	0	20	4	25	0	99	156	33	4	12	9	44	8	15	16	7	0	9	75	7	54	7	11	36	10	28	5	108	28	11	53	13	85	128	15	0	0	3	0	15	83	9	277	21	29	7	58	7	6	7	9	13	0	31	41	0	1	0	5	75	23	105	136	6	2	19	0	5	8	20	66	261	1	10	10	6	14	13	84	2	38	0	7	16	6	15	5	162	14	22	0	8	222	10	9	5	104	12	17	0	4	1	201	41	7	3	4	59	26	6	9	64	17	8	5	96	11	6	73	136	6	95	9	12	1	16	30	35	36	9	36	12	66	61	5	0	4	8	5	0	13	7	3	13	4	4	4	19	4	2	12	4	2	0	1	0	9	3	3	16	224	19	7	209	14	3	7	34	233	67	112	6	57	323	115	13	50	39	7	10	43	104	11	4	9	5	101	6	14	7	34	13	178	33	7	18	35	32	16	41	5	77	7	8	79	397	18	3	16	6	27	42	13	35	212	3	17	68	21	13	312	76	9	21	2	35	12	76	5	28	83	12	40	16	122	65	26	142	19	14	235	13	13	34	30	12	49	275	250	1379	34	232	7	8	4	125	9	8	12	10	12	10	38	9	76	15	303	12	4	14	173	1	67	8	85	43	40	23	9	30	6	29	10	15	52	51	41	90	16	24	8	8	24	6	158	25	52	97	44	36	37	497	8	24	12	36	29	10	41	174	246	4	9	18	82	49	59	13	70	22	26	2	12	123	11	25	37	22	25	73	54	11	9	13	12	19	288	24	55	4	17	20	83	6	36	23	13	23	93	14	42	5	8	7	12	1	15	66	16	29	64	48	32	5	17	198	7	8	23	12	17	10	3	90	19	20	4	22	122	29	64	3	139	7	5	0	46	13	12	2	7	88	6	16	11	4	11	77	40	16	14	108	9	12	13	11	34	19	119	1	14	8	39	12	67	11	141	51	10	32	19	20
DEL:T:1:2	7	214	4	25	76	21	0	47	26	10	2	17	4	27	3	13	55	1	5	21	8	1	6	0	0	180	1	9	0	45	0	7	21	42	0	12	8	0	12	4	23	32	8	13	26	5	4	7	17	0	4	0	16	24	15	0	0	4	111	20	27	14	107	79	46	217	6	12	58	12	49	5	7	34	2	26	133	165	31	6	22	8	3	6	5	31	368	11	1	35	2	15	0	117	350	39	2	18	6	40	12	8	13	4	0	16	39	5	39	5	6	28	9	22	6	76	40	29	40	16	148	165	9	0	0	7	0	16	58	11	506	30	34	8	18	11	18	4	17	7	1	53	48	0	0	0	5	36	23	113	69	14	2	14	0	4	13	22	77	113	9	23	13	8	16	17	87	1	34	0	8	48	11	22	5	360	23	29	1	5	115	12	9	6	918	16	23	0	7	0	11	39	5	8	4	111	35	2	7	39	13	19	5	61	15	12	43	14	15	142	8	8	1	20	24	48	24	15	24	17	97	63	4	0	5	11	5	0	17	14	2	22	5	8	2	16	2	2	21	6	0	0	0	0	2	4	5	17	395	15	14	135	17	3	9	26	179	45	86	9	50	49	146	4	12	17	10	14	56	187	9	3	15	8	204	5	11	5	34	10	351	14	2	15	26	14	18	24	3	70	34	5	96	1422	13	2	17	2	28	27	14	25	139	4	8	56	88	9	506	57	27	28	2	41	20	43	1	22	119	11	60	21	168	79	17	26	31	10	358	12	10	44	17	24	85	36	169	123	24	184	8	10	0	195	19	11	3	13	16	12	44	5	67	14	453	9	6	11	288	0	11	5	58	58	11	30	7	20	10	33	12	12	52	74	27	109	8	37	6	9	21	14	232	36	55	32	50	37	49	2306	18	15	9	43	38	13	22	186	195	1	13	24	22	81	52	14	141	23	30	3	11	182	17	47	28	16	57	109	46	27	12	8	25	18	365	23	53	3	20	26	129	3	75	25	19	23	147	21	61	6	6	6	23	2	11	82	20	20	48	49	22	1	16	317	18	6	27	13	19	15	1	63	20	16	3	27	161	23	69	5	239	17	5	9	50	20	19	5	8	98	6	21	12	6	15	127	46	9	31	65	7	6	19	12	39	15	631	4	6	15	32	8	57	24	82	66	11	33	10	14
DEL:T:1:3	12	963	4	28	110	28	0	59	32	24	1	12	1	54	8	11	28	0	17	30	16	0	2	0	0	1073	3	22	1	39	0	22	17	51	0	6	11	0	21	4	26	31	2	5	24	8	10	1	26	1	4	0	16	49	12	0	0	9	709	20	25	14	83	52	52	886	10	19	88	8	197	8	1	52	2	28	509	146	38	5	28	16	4	14	4	48	1807	27	1	41	4	18	0	105	1763	24	3	20	11	63	10	16	13	11	0	15	77	8	36	4	17	17	12	40	9	116	33	27	40	6	973	131	9	0	0	6	0	19	67	13	1832	44	13	6	40	11	35	11	31	26	2	99	50	0	3	0	9	84	47	90	84	21	1	13	0	2	15	20	61	116	4	27	30	3	35	39	67	0	50	0	4	92	13	23	8	1613	24	23	1	9	283	13	5	5	4888	13	21	1	3	3	34	26	6	9	4	410	30	10	19	48	11	28	7	93	16	7	52	33	14	217	10	17	5	19	22	35	25	14	47	25	72	47	4	0	7	6	10	0	25	12	7	26	22	11	5	18	1	2	50	6	0	0	0	0	18	3	3	44	1597	12	23	149	21	1	17	52	325	43	49	9	69	52	77	5	25	4	6	12	61	533	14	6	16	9	792	9	13	8	32	9	1534	12	6	23	53	12	20	19	3	113	21	3	48	4119	15	3	29	2	42	25	39	37	181	2	13	115	272	14	2465	62	25	26	0	82	16	60	2	26	348	15	63	27	505	70	20	81	35	13	1948	9	13	78	18	33	212	55	186	211	16	386	9	17	4	930	19	8	2	22	14	7	79	3	116	15	2178	13	5	5	1365	3	23	7	63	67	14	35	3	27	2	46	7	6	53	234	38	99	8	39	7	3	22	13	794	40	55	42	49	53	19	6710	13	28	12	33	51	9	20	635	418	2	10	31	38	116	46	21	480	18	13	3	12	677	8	52	37	38	82	91	42	40	14	14	47	14	1230	19	39	0	14	28	559	10	407	33	23	19	689	29	300	4	2	1	13	0	11	73	9	16	49	37	36	5	13	1255	19	10	42	4	16	20	0	81	18	30	6	20	621	23	47	7	950	19	5	13	63	27	23	2	7	68	10	24	10	6	16	573	41	13	28	94	12	5	11	9	80	13	992	0	4	12	61	13	63	27	87	50	19	55	24	20
DEL:T:1:4	12	2570	3	38	58	22	0	38	34	7	2	3	2	27	7	22	14	1	8	22	17	0	3	0	0	3369	2	17	0	24	0	24	10	39	0	8	17	0	31	9	13	14	3	6	26	6	8	15	45	1	3	0	9	88	18	0	0	10	1978	19	18	18	42	27	81	2380	10	7	47	15	534	9	10	40	1	25	1733	74	22	5	19	13	14	15	3	93	5047	14	4	30	6	12	0	57	5524	24	2	62	7	125	12	14	9	14	0	26	54	9	38	2	8	21	19	54	8	150	23	20	16	12	3064	78	3	0	1	8	0	17	55	17	5081	26	12	11	32	19	38	8	22	45	4	128	24	0	0	1	7	95	35	51	70	66	2	4	0	0	11	13	38	52	11	23	14	19	52	27	31	3	30	0	7	164	12	21	14	4677	15	19	0	4	938	26	11	4	10435	12	15	1	5	5	14	22	10	10	3	1267	20	7	5	47	13	39	37	138	24	3	61	18	8	412	11	16	3	17	17	20	14	20	72	24	45	34	1	0	8	5	8	0	32	17	4	16	19	13	2	38	5	0	94	7	0	1	0	0	11	4	2	39	4454	11	34	106	13	2	11	35	104	38	34	7	40	27	63	7	38	7	11	16	46	1725	2	1	13	2	2267	5	13	8	19	10	4304	17	5	16	36	19	28	18	1	62	19	5	23	8561	10	2	17	3	40	17	26	48	109	1	17	356	352	26	6888	67	9	40	2	130	16	36	1	19	919	10	46	27	1291	37	16	154	33	16	5750	9	7	48	24	42	443	28	112	113	16	126	6	7	6	2777	14	6	7	43	6	6	95	1	57	7	6809	20	2	11	3773	3	7	9	39	92	4	35	2	31	7	62	8	11	35	686	20	57	2	32	6	6	9	9	2509	17	29	47	37	39	25	11960	12	23	21	31	63	11	11	1945	200	5	15	48	36	76	50	10	1354	28	11	2	13	1854	9	36	29	35	184	53	31	22	11	15	81	12	3880	23	42	2	12	25	1475	16	1087	43	11	20	2048	27	828	5	2	5	15	0	13	49	15	28	51	31	30	2	7	3953	17	5	29	4	14	27	0	55	16	20	4	11	1725	19	33	6	2278	17	3	9	47	42	30	0	2	60	11	7	8	2	15	1871	30	11	34	51	7	4	7	7	213	16	1369	1	8	15	25	6	58	36	71	30	9	50	21	14
DEL:T:1:5+	104	37716	11	725	90	48	0	100	237	8	0	4	8	49	11	124	27	1	48	44	16	4	5	0	1	63020	13	16	0	22	0	112	24	97	2	35	139	0	355	24	36	52	4	4	20	11	24	62	551	1	11	0	78	1391	47	2	0	223	35706	13	28	15	50	21	628	33911	66	21	45	12	7528	46	33	89	0	62	29441	66	28	14	79	19	64	118	9	933	75859	20	27	43	0	14	2	60	89403	18	3	818	41	2051	27	20	32	94	0	139	125	46	36	9	97	31	89	674	29	1693	98	37	107	14	43576	60	6	0	0	5	0	79	150	66	75876	45	9	11	75	328	240	29	40	824	32	240	19	0	0	0	7	932	41	39	129	1443	11	14	0	4	18	17	29	69	42	40	101	148	694	77	18	1	86	0	48	3076	36	33	93	73463	67	30	0	28	12448	271	7	3	56596	45	28	0	11	16	20	25	35	48	3	27932	15	17	80	114	34	721	440	87	131	6	765	36	15	6591	47	58	39	15	20	39	9	26	1251	230	28	44	5	1	5	12	108	0	591	54	4	74	134	46	2	719	6	3	747	32	0	0	0	0	48	16	4	276	98787	39	621	154	28	3	51	202	103	54	32	15	69	31	114	109	44	23	47	34	111	49371	40	4	69	9	45729	37	38	20	26	46	86960	57	8	160	209	63	520	38	45	187	49	7	37	115359	52	7	40	19	143	207	94	786	353	2	75	7112	2156	354	133793	99	29	296	0	2328	117	67	3	38	20402	73	102	42	25204	48	30	2757	106	92	100380	30	52	568	112	867	7068	55	193	177	35	156	29	23	21	50958	50	12	25	679	33	48	1438	8	176	40	134791	286	6	46	68642	13	27	61	95	1045	15	257	29	619	67	1232	12	56	118	15406	39	43	3	67	6	24	27	98	42378	69	24	321	23	117	76	155905	25	143	222	115	823	67	35	47955	434	8	34	743	460	189	83	69	26774	46	12	10	25	33656	68	145	235	605	2415	52	19	44	25	102	2287	56	69367	62	101	8	38	123	24223	377	15723	873	14	63	44787	59	14994	31	8	20	14	1	87	42	39	155	86	163	517	7	43	77586	303	20	318	8	124	889	5	377	34	59	15	70	30707	36	19	69	37907	32	17	21	119	918	190	3	11	45	154	21	13	7	38	35307	34	57	279	100	71	9	33	85	4406	43	9680	6	42	39	147	52	84	890	70	36	34	282	51	176
INS:C:1:0	8	91	0	38	41	11	0	12	820	1	0	0	4	26	1	1	5	0	1	14	2	0	0	0	0	59	0	2	0	0	1	5	0	20	0	4	4	0	2	4	2	1	1	1	12	1	1	3	18	0	0	0	2	61	1	0	0	2	45	6	2	5	5	2	413	127	2	2	59	3	10	4	1	17	0	4	60	8	5	0	26	0	3	2	0	17	103	5	1	9	0	0	0	8	87	1	2	37	7	71	1	2	4	8	0	6	14	3	7	37	4	1	3	43	4	470	10	6	4	0	32	6	0	0	0	1	0	6	4	4	277	4	0	1	15	7	9	2	4	23	2	3	3	0	0	0	2	96	8	1	40	19	1	3	0	0	8	1	3	29	1	4	3	3	22	6	2	1	33	0	3	97	2	3	7	115	6	5	0	5	48	14	1	1	43	1	3	0	0	0	6	2	2	1	1	165	0	1	10	23	4	7	2	13	198	6	840	16	1	10	2	15	1	1	5	12	2	1	30	7	5	11	1	0	0	3	6	0	17	3	0	9	4	1	1	24	0	1	6	0	0	0	0	0	17	0	2	13	202	3	62	39	2	1	4	1572	9	21	10	88	31	21	7	3	17	32	0	7	6	375	2	0	6	2	84	3	2	8	2	9	138	7	1	24	1640	6	4	3	6	25	9	2	22	129	12	1	8	2	6	2	9	19	76	0	5	39	219	53	222	38	5	277	1	48	6	18	0	10	84	4	15	3	43	8	2	12	7	7	142	3	6	22	10	20	35	7	45	115	5	5	13	3	3	54	7	1	1	7	5	4	24	2	22	3	214	7	0	15	217	2	5	10	23	18	13	8	3	24	6	314	1	5	14	23	5	4	3	3	1	2	0	5	62	9	2	13	4	8	8	293	6	7	7	7	22	4	69	93	22	2	8	26	15	21	19	13	30	10	6	2	8	63	8	6	12	72	25	76	18	9	3	9	49	3	222	8	28	3	7	9	48	3	25	109	4	5	38	13	22	4	2	6	8	3	3	5	7	32	14	12	21	2	12	357	9	3	570	2	15	22	4	2028	8	21	6	18	44	5	1	1	81	5	3	1	20	22	8	5	4	7	2	3	4	3	1	37	3	5	47	37	8	3	98	10	683	6	657	2	0	1	549	50	25	12	29	5	5	796	11	4
INS:C:1:1	5	15	3	3	22	2	0	6	29	3	0	2	1	4	4	1	4	0	2	2	2	0	0	0	0	15	1	5	0	6	0	3	2	6	0	6	0	0	2	1	1	0	0	0	3	1	2	0	5	0	0	0	1	9	0	1	0	1	8	9	2	4	7	2	22	20	0	2	10	4	8	1	0	6	0	4	7	10	4	1	3	3	1229	1	0	2	26	2	1	4	1	3	0	9	14	1	1	6	6	7	3	1	3	0	0	2	4	0	12	1	0	5	2	7	2	25	6	4	9	0	7	19	1	0	0	0	0	6	9	3	40	4	0	0	4	0	3	2	1	4	0	0	1	1	0	0	1	7	3	11	15	5	0	3	0	3	4	2	2	20	3	5	1	0	4	1	5	1	6	0	0	17	3	1	1	17	2	1	0	2	21	3	2	0	21	3	4	0	1	3	5	1	4	4	1	8	2	0	2	9	1	2	2	11	3	2	33	5	0	12	1	6	4	4	3	1	2	0	6	1	10	3	0	0	0	1	2	0	0	2	0	3	0	3	0	4	0	0	4	1	0	1	0	0	2	1	1	3	44	2	7	16	2	2	3	47	3	10	13	32	12	3	7	2	4	37	1	1	10	410	1	3	3	4	22	5	4	3	3	2	33	4	0	3	52	7	4	3	1	13	5	2	4	53	6	3	4	3	11	1	6	5	43	0	3	18	56	5	55	14	4	12	0	6	6	8	2	4	29	3	12	3	17	12	2	4	4	2	41	3	1	5	5	11	9	5	38	27	5	4	7	1	0	12	10	1	1	3	1	3	5	0	11	0	56	11	0	6	26	0	5	3	10	9	3	2	3	4	6	12	1	3	9	10	10	14	4	5	1	2	4	2	16	5	5	7	8	5	4	89	5	5	5	9	2	5	7	19	8	2	5	2	10	11	13	1	16	5	3	2	3	16	5	8	5	8	7	32	9	2	1	3	18	1	41	7	12	2	2	1	15	2	10	6	2	4	14	6	8	3	2	1	4	0	3	8	4	10	7	10	7	1	7	63	2	0	16	3	8	4	0	54	5	1	5	5	15	6	3	1	16	6	0	1	10	6	3	1	0	7	1	2	1	3	2	17	5	7	9	19	5	11	27	1	24	5	31	2	0	1	19	12	10	6	30	3	1	36	4	2
INS:C:1:2	2	8	0	1	17	1	0	2	3	0	0	4	3	3	2	2	4	0	3	1	0	0	0	0	0	13	2	1	0	5	0	0	2	5	0	0	1	0	1	1	1	1	0	2	4	0	0	0	3	0	0	0	0	3	0	0	0	0	2	3	3	2	7	4	7	14	0	3	4	1	3	0	1	8	1	1	11	16	3	0	1	1	626	0	0	3	25	2	0	2	0	4	0	13	7	3	0	1	0	3	0	6	3	0	0	1	7	3	12	0	0	6	2	1	2	12	9	2	9	1	8	17	2	0	0	1	0	3	6	0	43	3	0	0	4	0	4	1	3	3	0	0	5	0	0	0	2	3	2	10	15	2	0	3	0	0	0	1	8	23	1	5	0	1	3	0	7	0	2	0	1	12	1	0	2	13	3	2	0	2	7	1	0	0	17	2	1	0	0	0	2	0	0	1	0	9	2	0	3	12	0	1	0	7	2	1	7	3	2	13	0	0	3	0	2	4	1	2	1	0	7	6	1	0	0	1	0	0	0	1	0	4	1	2	0	2	0	0	4	0	0	0	0	0	0	0	0	2	32	0	2	22	1	4	0	11	1	9	8	5	9	0	10	0	1	43	1	4	4	240	1	0	1	3	10	3	3	2	1	1	26	1	0	7	10	1	4	5	0	5	3	3	4	43	2	2	2	1	4	1	2	9	23	0	0	7	52	1	39	3	2	3	0	4	3	13	0	2	16	1	4	4	12	11	1	3	4	2	23	3	2	4	4	3	6	5	42	24	1	1	2	2	0	8	5	1	1	1	0	1	4	2	5	0	33	1	0	4	17	1	1	2	11	9	1	2	2	4	1	3	1	0	8	7	2	10	2	1	0	1	2	2	18	2	7	2	4	5	2	83	2	1	2	3	2	0	2	12	3	3	3	2	3	10	5	4	8	3	2	0	3	14	1	3	3	5	4	12	5	4	2	3	16	2	31	4	6	0	4	2	18	1	4	5	2	1	5	4	0	2	2	1	2	0	3	9	3	4	5	3	0	0	3	51	1	3	2	1	12	4	0	15	1	2	3	2	13	7	5	3	26	3	0	1	3	5	3	0	0	4	2	0	1	0	1	13	7	4	3	14	1	2	3	1	4	6	14	0	0	2	4	4	7	4	18	5	1	4	2	1
INS:C:1:3	3	35	0	2	32	2	0	5	8	0	1	0	1	1	0	2	4	0	0	0	0	0	0	0	0	28	0	0	0	4	0	2	0	7	0	0	0	0	0	3	0	0	0	0	8	0	0	0	3	0	1	0	1	5	2	0	0	0	14	1	7	1	4	4	4	30	1	0	2	0	8	0	1	8	0	1	31	9	1	0	2	0	225	0	0	0	77	0	1	1	0	1	0	2	53	0	0	2	1	3	1	0	1	0	0	3	7	0	6	0	1	2	2	2	1	3	6	2	5	0	27	1	1	0	0	1	0	2	4	3	119	1	1	1	4	1	5	1	1	1	0	0	1	1	0	0	0	2	1	5	31	0	0	1	0	0	0	2	3	26	0	3	4	4	1	0	4	0	2	0	0	40	2	2	3	43	0	3	0	3	17	0	0	0	37	2	0	0	0	0	2	2	0	0	0	10	1	2	2	9	0	0	0	14	1	2	4	1	0	10	3	0	1	0	2	6	3	1	7	1	2	6	2	0	1	0	0	0	0	1	0	0	2	1	0	4	0	0	0	0	0	0	0	0	2	0	0	3	71	2	5	39	0	1	3	6	0	10	5	8	7	4	9	1	2	94	1	1	3	413	1	0	0	7	39	1	1	2	2	0	54	4	0	4	6	2	3	3	3	11	3	1	1	121	5	0	4	0	2	0	1	4	44	1	2	14	84	1	78	8	1	0	1	4	1	20	0	2	36	1	7	1	20	2	1	6	1	2	64	3	2	3	1	4	15	1	59	6	1	0	2	0	0	32	2	1	0	4	2	0	3	0	11	0	77	1	2	5	30	0	3	1	16	4	1	3	3	1	3	2	2	0	8	7	6	6	1	5	1	1	2	2	63	2	2	4	3	11	5	191	2	3	0	6	1	2	1	29	3	0	2	4	1	3	7	1	24	1	1	0	0	62	2	1	2	9	4	5	16	1	2	2	19	0	47	1	5	1	0	1	48	1	10	2	0	1	25	1	11	3	1	1	3	0	2	1	2	3	8	10	3	0	2	126	0	3	3	0	3	3	0	3	0	3	0	3	45	0	0	1	68	0	1	1	6	1	0	0	1	1	2	1	0	1	3	18	6	0	3	22	2	4	10	0	5	3	12	1	1	0	3	4	18	4	21	0	0	2	0	5
INS:C:1:4	3	150	0	10	24	0	0	0	4	0	0	0	1	0	1	0	0	0	1	1	0	1	1	0	0	211	0	1	0	0	0	4	0	5	0	2	1	0	5	0	1	0	0	0	8	0	0	0	5	0	0	0	0	6	3	0	0	4	119	4	1	1	1	0	10	237	3	1	3	0	50	1	0	7	0	0	125	4	2	1	3	0	80	0	0	5	335	0	1	0	1	0	0	1	326	2	0	6	1	3	0	1	2	2	0	5	0	3	15	0	0	2	9	4	1	15	8	2	0	1	241	1	0	0	0	0	0	2	5	2	338	1	0	1	2	3	4	2	1	7	0	0	0	0	0	0	0	7	0	3	42	6	1	1	0	0	0	1	0	38	2	2	1	4	5	1	1	1	1	0	0	206	1	0	3	313	1	1	0	3	81	1	0	0	125	1	0	0	0	0	1	1	0	0	0	116	0	1	3	12	0	0	5	11	1	0	5	2	0	39	2	0	0	0	1	3	0	1	7	3	2	3	0	0	0	1	3	0	5	0	0	1	0	1	0	7	0	0	2	1	0	0	0	0	11	0	0	1	380	4	4	26	0	0	2	5	1	14	0	13	2	1	1	1	3	31	0	2	1	23042	2	2	0	16	179	4	2	1	0	0	352	7	0	1	5	8	5	1	7	11	1	1	2	304	2	1	0	0	1	1	0	3	49	0	1	34	131	3	534	9	0	1	0	10	2	8	1	3	161	4	11	0	78	3	2	8	3	1	465	1	1	6	2	10	45	0	54	3	2	0	1	0	0	356	2	0	1	5	0	1	8	1	11	3	520	5	1	0	245	0	2	4	8	8	1	2	1	8	1	3	1	1	6	42	7	2	0	2	1	3	1	3	171	2	0	6	0	6	1	431	1	1	0	2	5	2	2	118	2	0	4	5	3	2	15	2	114	0	3	0	2	109	2	1	3	7	16	5	9	1	0	0	75	1	190	0	1	0	1	3	134	2	43	5	0	4	130	0	38	1	0	1	1	0	0	2	0	1	5	8	3	1	2	772	2	1	6	0	6	9	0	3	0	4	1	3	89	1	0	2	162	0	0	1	4	7	1	0	0	1	2	0	3	0	1	122	3	1	1	23	1	2	13	3	17	2	31	1	0	0	4	1	8	14	28	2	0	2	1	2
INS:C:1:5+	22	692	2	37	26	4	0	8	16	0	0	0	0	7	0	3	1	0	5	6	1	3	0	0	1	942	6	4	0	2	0	26	2	14	0	8	5	0	20	10	3	1	1	0	13	3	1	2	13	0	0	0	0	48	16	1	0	23	589	6	9	7	4	1	40	1172	9	0	9	2	243	13	0	7	1	3	687	7	4	12	9	1	24	3	0	63	1979	6	2	0	0	2	0	3	1450	4	0	37	12	18	0	2	10	19	0	30	4	17	9	0	1	4	43	23	12	55	9	2	13	4	740	4	0	1	0	0	0	9	4	22	1551	3	1	2	9	14	34	7	2	31	8	1	1	0	0	0	3	25	0	2	37	14	0	1	0	2	1	1	4	35	6	5	4	16	27	3	1	1	9	0	7	1024	7	5	16	1455	2	4	0	20	326	19	4	0	1009	8	1	0	5	7	1	1	4	1	0	475	0	3	10	15	4	25	11	14	6	4	20	2	0	171	18	13	4	6	5	7	0	2	50	19	2	6	2	0	0	2	2	0	19	4	1	2	6	5	0	38	1	0	32	3	0	0	0	1	88	0	3	54	1562	7	25	43	3	1	8	12	3	23	5	24	16	1	8	3	5	10	2	2	5	23987	7	1	4	29	1155	27	2	5	6	22	1183	9	1	12	14	10	29	2	15	17	2	3	4	2502	72	3	3	6	2	8	4	39	56	1	0	299	1709	35	2407	10	2	12	2	53	21	15	3	3	790	16	12	1	447	3	13	67	6	23	1581	10	10	32	10	76	246	2	46	24	6	6	1	3	5	822	3	4	4	39	1	12	44	1	17	3	1916	56	1	18	1280	2	6	18	20	11	3	19	7	31	20	18	1	7	15	303	6	11	2	8	2	24	3	17	900	5	3	12	1	26	9	3697	5	25	16	22	22	4	1	932	11	2	2	40	19	8	14	27	536	7	3	2	1	813	15	7	12	68	101	18	10	6	3	10	683	7	1524	9	16	2	5	36	629	11	255	72	1	6	589	5	341	14	1	4	0	1	5	7	6	10	11	24	23	0	6	3942	5	3	20	0	14	39	0	17	4	9	2	10	657	9	0	14	1182	7	8	0	18	37	24	0	3	7	17	0	5	1	4	567	4	26	10	17	8	16	24	7	71	2	181	3	5	7	19	8	8	60	31	4	1	16	2	18
INS:T:1:0	5	36	2	6	65	15	0	25	90	0	2	3	3	55	1	2	6	0	2	5	2	0	0	0	0	72	0	6	0	5	0	8	1	31	0	3	6	0	10	1	2	7	0	1	32	3	1	2	2	1	1	0	2	17	3	0	0	3	44	26	24	6	4	11	31	103	4	5	97	2	6	1	0	26	0	8	41	14	7	0	11	6	3	0	0	23	124	22	3	12	0	10	0	21	112	1	0	11	3	8	2	10	7	0	0	5	25	1	32	55	3	4	1	16	3	34	13	6	10	0	31	17	0	0	0	2	0	5	5	4	127	14	4	1	21	2	5	2	3	7	2	4	1	0	0	0	5	11	9	10	51	6	0	3	0	0	5	6	8	124	2	9	1	3	4	2	4	0	14	0	2	63	4	5	3	82	12	2	0	3	38	8	1	1	142	2	4	0	0	1	15	11	3	0	3	45	2	0	6	29	5	6	1	52	21	4	45	12	2	23	4	5	6	5	6	5	2	5	15	6	8	9	1	0	0	5	1	0	6	4	0	14	2	1	0	4	1	1	12	1	0	0	0	0	3	0	0	20	183	9	11	141	9	2	11	114	0	62	10	41	35	50	24	2	21	35	3	4	12	571	3	5	7	5	128	10	12	7	6	17	134	13	5	17	120	12	16	10	6	41	6	5	6	110	30	4	7	7	9	8	18	17	161	0	5	67	703	24	229	66	4	31	2	24	12	54	2	8	96	10	30	8	83	10	5	23	11	15	202	6	27	10	17	32	15	25	138	243	9	8	9	2	4	94	9	3	4	12	6	10	23	4	37	12	307	14	2	9	185	2	11	8	56	30	23	16	3	25	15	36	4	3	32	66	14	16	2	9	2	4	5	9	115	24	7	19	7	21	15	183	3	9	11	10	12	4	20	143	13	2	7	21	22	22	30	19	59	11	6	3	11	106	9	16	9	31	32	47	37	6	4	9	85	0	290	9	23	3	11	14	87	4	43	35	5	1	82	13	35	3	5	4	7	1	9	11	6	16	24	15	17	3	10	481	13	4	50	7	13	28	4	203	5	16	5	14	95	15	9	12	115	8	9	2	28	22	12	3	1	11	6	10	4	6	8	89	5	5	25	64	8	6	54	5	30	16	206	5	3	6	50	33	38	23	70	7	5	62	4	11
INS:T:1:1	6	24	1	9	135	7	0	15	23	9	5	1	9	18	0	7	25	1	5	3	3	1	4	0	0	38	0	6	0	34	1	8	12	30	0	15	11	0	6	4	5	7	3	10	61	8	4	1	6	1	1	0	5	15	7	0	0	9	28	43	43	33	22	28	27	55	10	6	40	13	20	8	2	40	8	10	25	64	21	3	8	4	1264	2	3	18	66	8	2	20	0	23	0	54	54	7	8	11	9	15	2	7	9	3	0	12	75	13	89	10	5	14	5	22	8	17	27	9	31	4	28	49	8	0	0	7	0	10	22	7	145	16	8	4	43	3	14	6	14	6	2	6	14	0	1	0	6	8	8	33	151	15	8	7	0	12	8	11	15	277	5	13	6	6	11	17	22	4	24	1	6	37	8	11	4	53	11	16	0	8	25	9	2	7	87	7	12	0	1	3	6	32	12	4	7	16	11	5	6	45	12	8	4	105	26	16	34	13	10	44	9	8	6	9	12	9	8	12	16	11	32	17	1	0	1	7	4	0	5	8	1	10	6	13	1	7	5	0	7	1	1	1	0	0	7	3	1	20	70	12	15	273	10	1	12	60	8	140	21	24	44	17	27	6	4	159	6	7	16	455	9	4	5	6	43	8	8	8	12	10	66	11	6	30	58	11	12	4	9	59	12	3	28	62	28	3	6	7	13	6	11	15	320	4	8	21	298	22	65	128	5	10	4	18	15	103	2	11	90	10	41	10	74	38	5	19	11	9	73	17	127	12	52	14	15	19	339	89	10	9	5	4	2	41	14	10	10	8	1	14	5	11	61	11	89	15	3	13	56	4	11	11	107	39	8	23	8	14	7	26	8	6	40	26	37	37	28	13	3	10	6	11	51	9	18	19	24	65	24	72	6	10	18	20	11	10	9	35	13	4	11	12	12	30	81	19	32	11	12	4	6	41	7	13	17	21	14	46	83	12	6	11	19	7	86	9	22	1	17	12	32	11	14	27	4	10	28	10	33	9	5	4	10	2	14	41	6	32	56	32	8	7	15	139	11	6	25	3	32	14	1	126	14	16	12	14	30	25	16	3	39	17	8	6	57	15	17	3	1	24	6	10	6	7	6	43	19	9	13	180	13	14	28	13	29	9	52	3	6	10	22	16	80	10	137	18	3	24	8	8
INS:T:1:2	7	92	1	6	121	2	0	12	16	9	4	3	2	14	1	1	16	0	2	3	2	0	2	0	0	170	2	3	0	22	0	10	6	49	0	1	7	0	3	3	3	3	2	4	66	2	3	2	4	0	1	0	3	11	19	0	0	5	60	44	39	3	41	30	15	159	1	6	28	2	92	6	1	39	0	5	202	79	15	3	9	1	771	3	1	9	322	5	0	6	0	17	0	55	308	2	3	10	4	8	3	5	3	4	0	5	60	1	101	4	1	1	4	6	5	17	17	2	20	3	119	74	6	0	0	2	0	5	14	2	931	2	11	1	23	3	12	9	2	8	0	6	17	0	1	0	5	6	4	43	89	7	0	5	0	4	2	9	20	233	3	4	9	8	6	2	44	1	19	0	3	156	1	2	3	184	3	10	0	6	107	2	2	0	193	1	0	0	1	2	5	17	5	0	0	47	9	4	2	50	3	3	5	124	12	7	19	1	1	114	2	6	5	7	11	8	11	6	10	12	37	17	0	0	0	4	2	0	6	3	0	3	3	6	0	13	1	0	15	3	0	0	0	0	1	0	2	12	172	7	7	325	2	1	8	26	0	166	12	12	54	17	22	1	15	134	6	2	5	643	5	2	4	1	112	6	2	2	14	5	148	10	3	15	29	8	8	5	4	64	4	3	16	118	19	1	4	0	7	1	4	16	358	2	1	119	259	8	234	136	2	13	2	29	15	119	1	9	266	8	58	7	189	38	10	22	7	4	253	6	95	11	31	16	11	17	371	91	9	5	4	5	2	179	4	2	4	8	6	6	8	0	63	4	327	15	3	8	176	0	6	3	152	50	4	8	8	11	6	16	5	2	36	62	43	46	8	6	3	2	6	0	348	7	24	8	22	44	22	139	3	6	6	8	10	2	7	75	6	2	8	20	12	21	87	13	86	6	7	0	5	320	3	9	12	14	12	52	111	4	3	6	56	5	309	5	9	5	10	10	343	3	61	13	10	7	160	7	40	3	2	1	9	1	2	44	7	18	47	26	9	2	3	493	9	3	19	4	18	18	1	63	6	6	3	4	293	27	19	2	236	6	2	1	61	10	13	1	1	49	6	4	3	3	4	123	18	9	8	191	5	5	27	5	17	9	53	2	5	5	18	10	77	9	162	20	4	13	4	6
INS:T:1:3	11	60	3	14	75	5	0	7	10	3	2	0	6	16	1	3	8	0	1	2	0	0	1	0	0	123	2	4	1	13	0	16	1	26	0	8	3	0	4	4	3	4	1	0	32	1	1	0	4	0	1	0	1	8	12	0	0	6	48	20	22	8	26	20	14	123	5	2	19	2	39	6	1	15	2	1	138	52	10	6	4	5	502	1	1	29	258	10	1	8	0	11	0	37	191	3	0	7	3	13	0	2	2	11	0	7	41	4	42	2	2	3	3	9	4	22	8	3	20	1	77	38	5	1	0	3	0	0	12	5	558	6	8	1	15	2	9	0	2	7	1	5	10	0	0	0	4	9	2	23	78	6	2	3	0	4	2	10	18	163	4	5	5	6	6	3	24	1	3	1	4	115	2	5	9	161	9	1	0	2	75	7	2	0	250	4	3	0	0	1	2	13	7	4	3	43	10	1	1	32	3	9	4	72	10	3	16	8	1	86	3	6	1	2	12	7	5	4	20	4	19	21	2	0	0	2	3	0	4	5	1	10	5	2	1	5	1	2	6	1	0	0	0	0	3	3	2	13	128	6	10	145	4	1	5	13	2	65	13	4	48	13	14	4	16	28	1	4	6	471	5	3	2	5	81	5	3	2	9	15	125	2	3	15	14	4	7	7	4	42	5	1	11	96	24	0	5	3	6	3	5	15	210	0	0	59	530	11	175	74	3	7	1	22	11	53	1	3	131	8	45	3	119	18	3	11	5	11	178	5	56	8	16	24	30	20	224	75	8	6	4	4	0	112	6	3	4	11	1	12	6	1	41	2	232	16	2	7	124	3	9	3	74	54	8	4	2	9	5	12	4	3	15	41	28	34	8	8	0	4	7	4	184	3	12	5	12	27	13	106	1	8	2	6	9	4	3	66	8	1	3	13	5	14	50	7	80	4	6	0	2	197	6	10	11	13	17	24	59	7	0	5	41	8	274	3	9	5	8	6	165	3	38	15	7	5	77	2	28	3	3	4	2	0	3	24	2	20	43	19	5	0	4	366	7	5	9	4	16	12	1	31	1	6	3	4	180	13	13	7	136	4	3	1	45	9	14	1	2	28	10	2	4	6	2	84	8	6	8	117	7	1	20	3	15	6	151	1	3	4	8	4	43	14	93	21	2	10	5	4
INS:T:1:4	21	134	2	16	30	1	0	6	20	2	0	2	6	12	0	1	7	0	1	3	1	0	0	0	0	283	3	1	1	6	0	13	3	13	0	7	11	0	8	9	1	4	2	1	9	3	1	2	11	0	0	0	2	28	19	1	0	11	132	4	4	3	8	10	37	303	5	0	21	2	49	0	0	9	0	3	177	31	4	8	8	2	254	2	0	50	514	4	5	0	0	2	0	17	474	4	0	14	10	17	1	2	5	15	0	11	13	3	15	0	4	0	7	16	7	28	3	4	13	2	272	25	2	0	0	2	0	4	15	5	560	2	6	0	7	7	13	4	3	9	2	4	9	2	0	0	2	9	1	13	28	10	0	3	0	0	2	5	6	45	5	5	8	9	20	1	4	1	11	0	7	280	6	2	16	367	4	2	0	6	110	6	2	2	1173	3	6	0	4	0	13	10	4	1	0	140	3	3	6	3	3	14	6	23	10	4	15	10	2	86	8	5	1	4	7	4	4	5	28	12	17	12	1	0	0	2	10	0	11	5	0	3	2	5	1	16	0	0	25	5	0	0	0	0	6	0	1	58	319	4	13	51	1	1	7	4	4	30	10	6	17	11	6	1	4	13	1	2	9	10516	3	0	1	3	205	12	3	0	2	14	281	10	2	6	5	9	15	2	7	14	4	1	4	310	56	1	1	4	3	5	4	8	67	0	0	80	2927	20	389	16	3	12	1	23	12	28	0	0	199	9	13	3	211	13	5	17	5	11	515	5	24	10	8	31	68	16	65	61	1	8	2	2	0	295	9	0	3	19	1	8	11	0	14	6	468	14	1	15	275	2	6	7	25	19	2	9	1	10	3	10	1	4	9	51	17	14	2	2	4	7	3	11	197	1	6	9	11	15	4	286	2	4	7	8	16	3	4	166	16	3	10	44	10	6	24	16	194	3	2	1	1	208	6	6	6	42	46	12	28	3	2	4	97	3	356	4	12	1	9	11	154	5	65	36	3	4	169	8	56	2	1	2	4	1	1	13	1	7	15	25	5	2	8	894	1	3	10	1	13	16	0	23	5	3	4	10	190	7	7	8	163	5	1	1	17	10	18	0	0	14	6	3	1	1	5	151	12	11	16	45	4	1	2	3	23	2	751	2	3	7	19	9	22	27	27	9	2	9	1	8
INS:T:1:5+	804	4490	57	744	141	38	0	80	742	5	3	2	52	72	21	62	30	1	52	49	16	6	8	0	1	12701	177	37	0	26	0	800	25	233	2	69	185	1	285	321	34	44	7	3	59	67	5	35	367	4	7	0	83	829	1043	0	0	568	5700	23	44	156	61	9	960	13120	404	43	112	26	3118	228	21	87	3	19	8050	78	156	284	164	39	299	97	5	1443	22444	43	189	59	4	24	1	38	17078	60	26	984	274	570	25	31	86	447	5	579	114	251	103	34	88	123	199	711	273	837	166	69	212	19	8379	26	49	0	0	8	0	142	171	378	19768	56	43	6	173	328	505	144	34	388	162	125	7	1	2	1	79	369	29	24	325	256	6	25	0	15	36	77	5	155	239	55	67	397	586	41	19	9	154	0	143	12434	50	37	374	16713	174	116	1	210	3704	646	34	22	41961	94	23	0	100	38	36	166	128	51	7	6377	23	72	138	125	95	451	181	174	264	44	454	60	28	2738	298	209	136	128	100	132	10	129	1130	850	18	145	7	0	5	30	236	0	590	74	4	174	106	85	10	573	13	4	748	64	3	2	0	0	95	5	42	2958	10993	135	669	225	33	3	156	248	141	122	67	48	165	52	100	49	58	66	57	17	113	101662	135	12	57	39	9199	594	70	17	27	627	9059	107	54	226	270	115	393	48	347	155	85	17	65	9955	2092	23	55	82	70	80	115	527	407	2	76	3832	86827	1037	16650	178	43	395	2	1052	604	79	7	48	9144	400	120	27	6893	55	96	345	128	486	16646	131	227	465	86	1296	2202	88	322	278	66	98	26	21	21	9093	115	48	33	733	47	362	515	17	155	69	17688	1206	3	313	14799	26	49	350	202	171	19	248	61	623	483	520	20	136	223	3152	251	31	29	120	40	105	60	468	10544	71	76	80	27	333	94	10463	42	349	227	512	399	86	50	8296	477	12	227	1230	148	151	194	569	6083	74	36	15	86	9888	359	56	140	1865	1924	34	77	43	58	321	9117	53	17662	128	385	20	132	551	7071	184	2330	2078	16	210	6720	137	2904	133	23	92	28	4	75	83	193	297	154	352	408	29	142	45580	105	49	588	29	163	916	9	522	61	193	90	97	8426	128	34	361	8822	159	58	13	130	850	708	11	10	56	381	26	47	38	66	6308	215	388	243	230	104	127	52	150	839	57	11204	41	78	163	564	99	118	1101	183	19	27	349	49	304
DEL:repeats:2:0	6	51	3	13	30	15	0	305	5	2	0	9	1	18	2	53	28	0	7	6	1	0	1	0	0	148	2	13	0	18	0	2	14	13	0	83	12	0	10	1	4	8	4	5	19	4	1	9	14	0	0	0	12	8	10	0	0	7	47	7	19	7	17	35	15	87	5	9	28	7	25	3	8	11	2	7	78	49	7	0	10	9	0	6	3	23	174	10	0	18	0	8	0	28	180	18	3	11	3	20	3	13	9	4	0	4	19	3	22	8	7	26	4	16	5	19	27	12	39	3	61	55	0	0	0	2	0	13	39	5	189	9	3	4	15	4	8	4	7	5	1	24	8	0	0	0	6	10	14	23	22	11	2	17	0	3	8	3	27	58	3	12	7	2	10	13	29	1	13	0	4	9	6	10	6	146	11	2	0	6	50	3	3	1	73	9	4	0	1	3	16	9	10	7	5	76	9	3	4	11	10	5	4	45	5	6	13	9	1	28	4	10	7	5	7	11	7	9	18	4	24	15	3	0	2	5	4	0	5	15	2	11	13	5	0	6	6	0	12	4	0	0	0	0	2	25	3	7	499	9	9	52	5	3	92	49	9	14	51	8	29	16	82	20	6	124	6	5	25	175	6	1	8	4	233	3	13	7	11	9	356	3	7	10	48	5	15	22	4	16	12	3	55	269	23	3	13	3	13	38	95	18	60	2	13	51	23	10	654	31	11	9	4	21	11	29	1	15	103	4	10	15	124	27	5	18	16	9	404	13	10	11	15	13	11	17	48	55	15	21	9	3	0	151	22	5	6	10	3	5	14	6	17	12	618	8	3	10	264	2	86	8	33	73	3	21	12	11	3	36	5	8	32	83	18	30	2	14	0	2	13	5	138	18	18	15	21	16	26	450	3	12	200	33	11	7	14	249	31	1	9	7	15	29	11	9	119	10	20	3	14	93	5	19	6	19	20	28	19	8	8	5	18	7	409	11	18	2	13	14	110	19	41	13	9	6	145	13	44	9	5	5	7	2	13	14	6	18	17	34	5	2	11	404	12	7	14	4	22	10	3	70	11	11	6	11	72	13	28	3	178	14	8	2	19	12	6	3	1	26	5	11	9	6	9	110	8	14	11	30	13	7	15	15	19	24	33	4	8	7	5	12	15	14	32	15	5	11	75	6
DEL:repeats:2:1	5	117	9	28	48	14	0	1331	15	5	1	4	3	6	10	199	34	2	12	8	4	0	0	0	0	401	2	12	1	18	0	9	16	23	0	178	40	0	19	8	3	13	3	4	23	9	0	54	24	0	0	0	12	37	5	0	0	11	142	17	22	12	14	62	30	147	5	4	9	5	82	1	73	14	0	11	190	48	14	5	21	7	8	10	2	30	247	8	1	15	0	12	0	35	303	18	5	32	7	63	3	3	12	9	0	14	10	4	30	2	10	15	3	26	13	40	20	8	29	5	170	32	3	0	0	10	0	15	54	7	592	13	6	1	15	14	14	13	9	19	1	53	11	0	0	0	5	27	18	25	30	19	3	7	0	5	9	1	33	80	6	19	11	9	15	13	19	2	16	0	5	24	11	10	14	124	8	9	0	1	80	10	2	3	148	11	8	0	4	1	4	15	13	8	10	56	12	8	15	18	11	16	28	42	14	6	25	14	8	136	8	18	10	10	9	12	8	13	38	10	22	14	1	0	1	3	1	0	16	25	0	8	19	11	4	18	2	0	24	12	1	1	0	0	5	11	4	15	324	21	29	92	14	3	306	18	24	23	29	8	23	8	81	94	7	45	14	4	15	71	13	3	19	3	365	8	12	8	10	8	275	9	7	23	20	9	32	15	2	23	7	3	22	335	22	1	12	8	19	126	240	42	100	1	15	51	33	17	495	35	17	16	1	33	16	22	2	18	112	12	23	9	194	18	6	15	18	8	291	15	12	23	10	18	14	11	81	30	8	33	10	4	1	220	10	9	12	27	5	11	20	3	23	25	525	14	5	9	193	1	212	9	25	314	3	22	12	21	20	41	3	8	25	120	19	27	3	15	6	8	15	9	297	25	17	65	13	18	26	409	4	10	433	22	17	21	7	150	42	3	10	32	25	32	16	18	319	16	7	2	8	130	8	23	14	25	24	19	40	11	9	9	30	12	236	13	26	2	19	15	155	153	42	16	13	7	101	16	45	8	3	9	7	1	12	30	5	29	20	26	19	2	21	159	32	6	20	9	20	31	1	45	12	3	7	20	118	14	23	5	218	9	8	4	27	32	13	2	2	23	10	7	11	4	13	154	16	7	16	49	21	7	10	13	41	15	23	3	9	13	16	28	31	35	51	17	6	14	85	10
DEL:repeats:2:2	3	74	2	7	46	5	0	303	12	0	0	1	0	3	0	51	13	0	5	3	1	0	0	0	0	227	0	0	0	4	0	7	2	15	0	33	9	0	2	0	5	6	3	1	19	1	1	13	9	0	0	0	4	9	1	0	0	3	73	6	15	3	8	27	8	103	4	2	8	3	29	3	23	19	0	5	87	9	5	0	2	0	1	2	1	11	166	6	0	6	0	3	1	8	246	5	1	4	2	8	0	3	5	2	0	4	23	4	19	1	3	5	3	11	4	9	4	3	6	4	97	10	1	0	0	2	0	5	12	2	323	2	7	0	5	3	5	4	3	5	3	10	4	0	0	0	1	7	5	4	45	7	2	1	0	3	1	1	6	59	3	2	2	1	8	8	3	1	7	0	0	9	5	5	2	135	7	2	0	1	42	4	1	0	96	2	3	0	1	0	2	5	7	6	2	36	3	2	3	14	3	4	5	23	5	3	5	2	0	54	1	4	2	0	1	2	2	1	15	3	7	4	0	0	0	1	0	0	5	5	0	8	3	2	1	4	2	0	7	0	0	0	0	0	0	4	2	1	261	6	9	71	1	0	104	8	2	18	8	1	17	2	19	31	4	13	1	2	4	79	1	2	4	3	161	0	1	0	0	3	209	15	7	2	9	17	7	1	2	13	5	1	6	279	10	1	3	4	6	39	73	11	91	2	4	19	13	5	377	15	4	4	0	9	6	24	1	6	52	1	15	1	81	5	4	9	5	2	236	4	1	4	10	2	10	5	86	13	4	5	4	1	0	134	4	1	3	9	1	2	13	2	14	3	441	2	0	4	179	2	53	1	22	125	1	2	5	8	4	27	0	3	7	57	7	6	2	11	2	0	1	8	116	3	4	21	4	13	6	438	3	3	104	3	6	3	2	144	9	0	5	15	5	10	22	7	122	7	1	2	2	82	3	8	8	5	6	8	11	5	2	3	10	4	176	8	7	0	3	6	73	37	21	7	1	10	95	7	36	3	1	1	2	0	8	6	1	13	23	10	4	1	6	177	10	3	4	0	3	10	0	10	3	1	1	6	73	2	4	4	121	6	3	0	22	7	3	0	2	12	5	0	2	0	5	105	6	3	3	47	4	3	11	7	15	6	18	0	4	1	7	1	23	7	40	4	2	1	30	5
DEL:repeats:2:3	1	519	1	1	19	4	0	92	1	0	1	0	0	1	0	19	0	0	0	1	0	0	0	0	0	1184	0	1	0	1	0	0	2	6	0	13	3	0	5	0	1	0	0	0	5	0	0	2	3	0	1	0	0	7	1	0	0	2	394	2	3	2	1	10	3	341	1	0	0	0	63	0	4	10	0	3	331	5	2	1	2	0	0	0	0	2	1230	0	0	4	0	1	1	5	2041	2	0	2	0	4	1	0	0	0	0	1	29	0	6	0	0	1	0	3	1	2	1	0	3	2	705	1	0	0	0	1	0	2	1	3	1639	1	0	1	0	1	4	0	1	1	1	0	0	0	0	0	0	1	0	0	28	1	1	0	0	0	0	1	3	22	0	2	3	0	2	3	1	1	0	0	0	12	0	0	0	1157	0	1	0	0	68	0	0	0	479	2	0	0	0	0	1	1	3	1	0	198	1	0	1	14	8	1	3	12	0	1	2	4	0	48	2	1	3	0	2	2	0	0	1	0	0	1	0	0	0	0	2	0	3	4	0	0	1	0	1	5	0	0	2	1	0	0	0	0	0	3	1	1	1946	1	4	41	2	0	37	0	0	8	1	0	9	0	3	10	0	5	3	0	1	606	0	1	4	2	510	3	1	2	2	2	1941	13	0	5	0	15	4	0	0	7	3	1	1	1756	2	0	1	0	0	12	26	3	66	0	2	29	36	3	3349	8	2	2	0	7	1	15	1	1	170	1	9	1	200	5	2	23	4	1	2540	0	1	3	10	6	39	0	55	6	2	1	3	1	2	1020	2	1	0	4	3	2	5	0	7	2	3540	2	0	2	1155	0	15	1	11	52	0	3	1	7	5	13	1	2	2	113	3	0	1	7	2	0	2	2	585	3	0	11	1	11	2	2533	0	2	43	1	5	3	3	566	4	0	2	3	2	5	15	3	334	5	2	1	3	337	3	5	8	2	12	3	12	2	1	3	17	2	956	0	5	0	5	2	234	10	120	7	1	9	1122	3	133	0	1	1	0	0	16	2	3	2	22	5	4	1	4	1376	5	1	2	1	1	4	2	1	3	2	4	4	281	7	2	2	393	3	1	0	13	7	1	3	3	1	0	3	2	1	3	564	2	0	5	26	2	3	2	3	25	3	38	1	1	1	5	8	17	3	22	1	2	2	9	2
DEL:repeats:2:4	0	236	0	0	9	0	0	16	0	0	0	0	1	0	0	7	0	0	3	2	0	0	0	0	0	604	1	0	0	0	0	1	0	3	0	8	4	0	0	1	0	1	0	0	2	0	0	0	4	0	0	0	3	3	1	0	0	0	248	3	1	0	0	0	2	240	0	0	0	0	85	0	2	2	0	1	198	1	0	1	2	1	0	0	0	1	487	0	2	2	0	0	0	1	586	1	1	1	2	2	0	0	3	0	0	1	12	0	3	0	0	1	3	2	1	2	0	0	1	1	256	1	0	0	0	0	0	0	6	0	866	0	0	0	0	0	0	1	0	0	0	1	0	0	0	0	1	3	0	0	10	2	0	0	0	0	0	0	1	10	1	1	1	0	0	1	0	0	1	0	0	18	1	1	0	517	0	0	0	0	64	1	0	0	356	0	2	0	0	0	0	0	0	1	0	29	0	0	0	7	0	1	0	2	0	0	1	0	0	37	0	0	2	1	0	2	0	0	3	0	0	0	0	0	0	0	0	0	1	2	0	0	0	0	0	2	0	0	1	0	0	0	0	0	0	0	2	3	695	1	0	25	0	0	11	0	0	3	1	2	6	0	2	9	1	2	8	1	2	298	4	0	6	0	253	1	0	5	1	2	591	9	1	2	0	9	2	1	0	8	0	1	0	535	2	0	0	2	4	4	6	2	38	0	5	14	29	2	996	6	0	3	0	8	3	6	0	0	156	1	5	0	147	1	0	29	1	3	746	0	2	2	5	4	32	1	24	3	0	0	1	1	1	345	1	0	0	2	3	1	6	1	8	2	1051	4	1	2	529	0	8	1	9	12	0	2	1	2	1	5	1	1	3	57	1	1	1	5	2	1	1	2	335	1	0	7	0	4	3	694	1	0	16	1	4	6	2	173	2	0	0	2	2	2	5	2	135	0	0	2	1	208	0	1	5	3	5	1	5	0	2	2	42	1	225	1	0	0	0	2	182	5	46	2	0	7	205	0	111	0	1	1	0	0	10	2	4	3	4	0	0	0	2	408	2	0	1	0	0	3	0	2	2	0	0	0	200	4	1	0	267	0	0	0	4	1	1	2	0	2	1	1	0	2	1	234	3	2	2	7	2	0	1	1	24	0	16	1	0	1	0	2	7	3	11	1	1	0	2	1
DEL:repeats:2:5+	1	384	0	1	6	4	0	4	1	0	0	0	0	1	0	6	0	0	2	1	1	0	0	2	0	1387	0	0	0	0	10	0	0	5	0	1	1	2	0	0	6	1	2	0	1	0	0	0	10	5	1	0	4	6	7	1	0	1	527	0	0	1	0	0	3	384	0	1	0	1	156	0	6	5	0	1	325	0	0	0	4	0	0	1	0	2	1005	0	0	3	0	0	0	0	1210	4	2	1	1	7	1	1	5	2	0	8	18	0	0	0	0	4	5	1	3	3	2	0	3	1	448	1	37	0	0	0	0	1	4	0	1711	2	0	0	0	3	3	1	4	0	0	15	0	2	0	3	0	12	0	0	9	1	0	1	2	0	3	0	0	3	0	8	1	0	2	5	0	0	2	0	0	41	0	0	0	1308	3	0	11	0	124	0	0	6	618	0	0	0	1	0	0	0	2	4	0	56	0	16	0	13	2	3	0	6	0	0	8	0	0	62	1	0	4	1	0	0	0	11	6	0	1	0	0	0	1	0	1	0	8	3	0	2	2	0	1	1	5	0	3	2	0	0	0	0	0	0	0	4	2461	2	4	15	2	1	16	1	0	8	2	5	16	0	2	18	0	3	4	2	4	559	1	1	24	2	785	0	0	4	3	6	2071	15	1	12	1	20	7	5	1	14	2	2	2	1304	2	0	1	3	1	13	12	8	37	2	9	55	51	7	3020	6	3	4	1	16	3	6	2	3	476	2	9	3	469	1	2	75	2	7	1920	2	2	4	13	9	91	1	26	1	0	2	10	10	1	1139	1	0	8	1	1	6	9	1	9	8	3295	2	3	2	1519	0	7	0	9	40	1	1	2	6	2	16	2	5	7	164	0	2	0	14	2	0	1	1	981	2	0	11	0	4	3	1542	2	1	20	1	16	17	0	497	6	2	3	3	13	5	13	2	458	3	0	5	6	710	2	5	15	6	13	1	2	5	0	5	141	3	657	0	4	6	1	2	543	10	169	10	2	6	683	4	354	0	1	0	3	1	14	3	8	13	9	5	4	4	5	1142	6	2	4	2	3	6	0	1	3	6	2	2	590	5	1	0	807	3	4	2	5	6	2	5	2	3	6	0	4	7	2	794	3	3	2	19	4	1	0	2	129	3	20	1	1	3	1	2	10	5	14	2	12	2	9	2
DEL:repeats:3:0	4	3	0	2	4	9	0	12	7	4	0	3	2	7	5	13	10	1	4	5	1	0	1	0	0	33	0	7	0	6	0	1	17	5	0	5	4	0	4	1	1	6	1	2	4	1	1	1	2	0	0	0	3	3	5	0	0	2	12	3	8	4	9	8	9	11	3	2	4	2	2	2	2	6	0	5	14	24	2	0	9	4	1	0	2	4	24	1	0	8	0	1	0	18	35	18	1	3	3	9	0	7	3	2	0	3	5	3	3	1	2	10	0	1	3	5	9	5	16	0	13	25	1	0	0	2	0	10	24	1	32	8	3	0	6	1	3	0	2	0	0	7	6	0	0	0	1	3	4	12	4	1	2	7	0	2	2	2	6	4	1	10	3	0	3	3	20	0	7	0	3	1	5	5	0	23	6	5	0	4	12	2	0	3	4	4	0	0	1	0	3	1	0	0	1	11	5	2	1	1	4	1	2	4	2	3	6	3	1	17	0	2	1	5	6	7	7	8	6	3	14	12	1	0	1	1	2	0	2	8	0	5	1	0	0	0	0	0	3	2	0	1	0	0	5	2	0	2	238	4	4	9	10	0	7	4	4	6	56	1	5	6	77	4	4	84	1	3	14	55	4	0	3	2	87	2	4	4	6	7	162	2	2	6	4	1	5	15	3	6	11	3	21	94	10	2	13	1	3	14	2	5	11	1	1	10	8	2	334	2	6	3	2	7	6	3	1	6	51	3	3	5	32	12	3	5	9	3	188	4	5	2	4	6	6	8	5	14	6	15	7	1	3	77	11	3	3	3	3	2	6	2	4	3	329	0	2	7	103	1	7	1	4	18	4	9	5	5	1	5	0	3	20	25	7	11	0	8	0	1	5	3	50	5	14	5	6	6	32	136	0	5	8	14	1	3	3	103	4	0	1	2	8	16	6	0	41	11	12	1	7	33	3	10	9	3	9	11	3	8	0	3	6	1	180	11	20	1	10	3	33	4	7	0	1	4	70	1	16	3	1	1	6	1	1	13	5	9	6	13	5	2	6	178	2	2	2	2	3	5	0	7	2	8	0	13	27	5	5	1	56	3	0	3	5	5	3	1	0	13	2	4	4	3	3	53	7	6	5	3	4	2	5	5	1	11	10	0	4	2	1	9	2	4	3	7	2	5	2	3
DEL:repeats:3:1	6	114	4	19	7	9	0	175	10	3	0	2	10	6	6	219	3	0	21	9	0	0	1	0	0	409	2	14	0	11	0	5	8	9	0	23	26	0	13	6	6	8	4	2	5	4	3	35	34	0	1	1	12	31	9	0	0	4	136	4	8	11	7	5	29	138	7	4	4	7	71	3	65	9	1	11	176	18	9	4	14	6	3	7	2	34	236	1	2	14	0	6	0	9	326	8	5	26	11	51	2	4	17	5	0	12	4	5	10	2	9	10	7	16	5	29	13	11	14	3	175	15	9	0	0	9	0	20	32	10	527	15	7	2	19	16	7	2	8	13	1	13	3	2	0	0	2	21	8	9	4	16	2	3	0	13	6	3	2	6	4	13	9	8	15	24	8	3	15	0	5	19	12	6	5	135	8	4	0	3	90	12	2	7	139	17	8	0	1	1	6	4	11	8	11	13	8	6	8	11	9	18	10	15	16	3	18	4	3	154	11	8	6	12	2	9	3	7	14	15	5	6	2	0	2	1	8	0	19	13	0	6	17	5	2	22	2	0	16	4	1	1	0	0	1	3	3	13	312	16	12	25	5	3	24	13	4	8	13	1	3	6	34	97	6	44	21	4	8	42	7	6	19	4	373	10	10	5	6	10	284	2	7	21	13	4	27	9	4	9	7	6	10	330	24	2	6	7	18	89	21	28	27	1	10	9	14	11	447	12	7	13	0	21	15	7	2	7	83	14	7	9	161	7	7	8	7	8	243	12	5	21	12	18	4	12	15	15	7	8	8	3	2	180	17	5	6	20	5	6	19	3	10	14	479	10	3	9	129	1	11	6	10	283	2	21	13	20	20	32	1	6	12	26	9	15	3	16	8	3	14	7	224	12	9	42	11	11	13	432	3	7	52	7	7	22	3	56	22	2	6	21	13	32	7	14	445	8	10	2	13	135	8	24	9	16	31	10	4	11	6	10	6	17	64	6	14	3	15	10	168	116	56	15	8	9	105	13	55	4	3	5	6	0	12	10	5	15	1	34	12	2	15	42	24	6	7	7	9	19	1	21	6	4	8	14	118	7	9	5	183	9	3	0	12	11	10	1	2	5	4	8	7	2	10	127	8	3	8	8	10	6	5	22	26	4	19	7	7	2	4	14	6	26	2	8	2	7	14	10
DEL:repeats:3:2	2	58	0	6	2	2	0	35	1	0	0	0	4	2	0	52	0	0	3	2	0	0	0	0	0	145	1	3	0	0	0	1	0	0	0	3	5	0	7	3	2	3	0	1	0	2	0	7	4	0	0	0	4	11	1	0	0	1	53	1	4	2	2	1	13	52	2	1	1	0	33	0	19	1	0	7	61	4	1	1	5	0	1	1	1	7	78	1	0	1	0	2	0	3	115	1	0	4	0	9	1	3	3	4	0	3	3	0	2	2	1	1	2	5	0	7	0	1	3	0	64	1	0	0	0	0	0	3	6	0	202	1	3	0	2	2	2	2	2	6	2	1	0	0	0	0	1	8	0	3	2	5	0	1	0	1	2	2	1	1	2	1	2	1	4	5	4	0	3	0	2	6	3	6	2	53	1	1	0	1	38	2	0	1	42	3	0	0	0	1	0	1	0	4	3	3	1	1	2	3	1	2	1	3	2	0	4	1	0	60	0	2	1	0	2	4	0	5	8	4	0	1	0	0	0	3	0	0	3	1	2	0	7	1	0	3	2	0	8	2	1	0	0	0	0	1	1	4	151	7	3	11	1	0	1	6	2	2	0	0	0	1	3	27	2	1	8	1	0	30	3	0	2	1	133	5	2	1	2	2	120	1	3	4	6	0	4	1	0	2	1	0	1	126	2	2	6	1	5	41	0	4	2	0	3	1	4	4	185	4	2	2	0	6	3	0	1	2	22	4	1	0	53	2	0	1	4	2	119	2	3	6	0	5	4	1	3	2	0	3	3	1	1	72	2	2	2	4	1	2	6	0	2	4	189	3	2	1	64	1	4	0	0	71	0	4	6	7	4	13	1	1	0	9	0	2	1	4	1	1	4	3	72	3	1	15	2	2	4	188	1	1	8	2	3	6	1	31	4	0	3	4	5	5	2	2	108	0	1	0	1	45	2	3	3	6	7	0	1	4	1	3	1	3	47	3	3	1	1	3	74	35	14	2	0	0	42	3	16	4	1	1	1	0	4	3	2	5	1	9	5	0	4	32	7	0	2	0	1	5	1	3	2	0	1	3	42	2	0	6	71	0	2	0	3	6	6	1	1	3	1	0	3	0	1	58	6	0	2	4	6	2	2	2	9	4	6	1	7	2	2	3	1	6	2	1	3	0	1	2
DEL:repeats:3:3	1	27	0	0	0	0	0	6	1	0	0	0	1	0	1	12	1	0	1	0	1	0	0	0	0	43	0	0	0	0	0	0	0	1	0	0	2	0	2	0	0	1	1	0	0	0	0	1	1	0	0	0	0	2	0	0	0	0	15	0	0	0	0	0	1	29	0	1	0	0	12	0	5	1	0	0	17	0	0	0	1	0	1	1	0	4	33	0	0	0	1	2	0	1	44	1	1	2	1	5	0	0	0	1	0	1	0	0	0	0	1	1	1	1	0	2	0	0	1	0	18	0	0	0	0	0	0	0	2	1	71	1	0	0	0	1	1	1	0	1	0	0	1	0	0	0	0	2	1	0	0	1	0	0	0	0	0	1	0	0	0	0	1	2	1	4	0	0	0	0	0	1	0	0	1	29	0	1	0	0	9	1	0	0	16	1	0	0	0	0	0	1	1	1	0	1	1	0	0	1	1	1	2	2	1	0	2	1	0	12	1	0	0	1	1	1	0	0	1	1	0	1	0	0	0	0	1	0	3	2	0	0	0	2	0	0	2	0	2	0	0	0	0	0	0	1	0	2	68	0	0	0	2	0	0	0	0	0	0	1	0	0	0	11	1	1	1	0	0	12	0	0	1	1	36	0	1	0	0	2	62	0	0	1	0	0	1	1	0	1	0	0	0	38	0	0	0	0	2	7	0	4	3	0	0	3	4	3	76	1	0	1	1	3	0	1	0	2	10	0	2	1	17	2	3	0	1	1	49	1	2	1	0	2	4	0	0	1	0	0	1	0	0	19	0	0	0	0	0	0	2	0	1	2	66	1	1	1	35	0	0	0	0	20	1	1	1	3	2	5	0	0	0	4	1	0	0	1	0	0	2	0	24	0	0	2	0	0	0	58	0	1	1	1	1	2	0	15	2	0	0	0	3	3	1	0	30	2	0	0	0	14	1	2	0	1	0	1	0	2	1	0	1	0	27	0	3	0	1	1	23	14	4	0	0	0	18	0	6	0	0	1	1	0	6	2	0	3	1	1	1	0	1	23	1	0	0	0	0	1	0	1	2	2	0	0	12	1	0	0	18	0	0	0	1	2	1	0	0	0	0	0	0	0	2	17	0	0	1	1	0	0	1	2	1	0	1	0	0	0	1	0	0	2	1	0	0	1	0	2
DEL:repeats:3:4	0	11	0	0	0	0	0	2	0	0	0	0	0	0	0	3	0	0	0	0	4	0	0	0	0	41	0	0	0	0	0	0	0	0	0	1	0	1	0	0	0	0	1	0	1	0	0	0	1	0	0	0	1	0	1	0	0	0	14	1	1	0	0	0	2	10	0	1	0	0	5	0	3	1	0	0	16	0	0	0	1	0	0	1	0	0	29	0	0	0	0	0	0	0	27	1	1	0	3	0	0	0	0	1	0	4	0	1	1	0	0	0	2	0	1	0	1	0	0	0	10	1	16	0	0	0	0	0	3	0	57	0	0	0	2	0	8	1	2	1	0	3	0	0	0	0	0	2	0	0	1	1	0	0	0	0	0	0	0	0	0	1	0	1	0	3	0	0	1	0	0	0	0	0	0	23	0	1	4	0	4	1	0	1	19	0	0	0	0	0	0	0	3	0	1	1	0	0	0	5	0	3	0	0	0	0	0	0	0	1	0	0	1	0	0	0	0	2	2	0	3	0	0	0	0	0	0	0	0	4	0	0	2	1	0	1	0	0	0	0	0	0	0	0	0	0	0	0	62	1	1	0	0	0	0	0	0	0	0	0	0	0	1	6	0	2	1	0	1	12	0	0	1	0	22	0	0	0	0	0	40	1	1	0	0	1	1	0	0	0	0	0	0	31	0	0	0	1	0	2	1	0	1	0	0	2	1	0	68	1	0	1	0	2	1	0	0	0	16	0	0	0	18	0	0	4	1	0	34	0	1	0	1	0	0	0	0	1	0	0	0	0	0	16	0	1	0	1	1	0	3	0	0	0	62	0	0	0	25	0	2	1	0	2	0	0	1	1	1	0	0	0	0	2	0	1	0	1	0	0	0	0	11	0	0	3	1	1	0	50	0	0	0	0	1	0	0	12	0	0	0	0	1	0	1	1	17	0	0	0	0	12	0	0	1	0	1	0	0	0	0	0	1	0	17	1	0	0	1	0	13	5	0	2	0	0	10	1	8	0	0	1	0	0	0	1	1	0	0	2	2	0	1	12	0	0	1	0	0	1	0	0	0	1	0	0	6	0	0	0	13	1	1	0	1	2	0	0	0	1	1	0	1	0	0	10	0	1	1	0	0	0	0	1	3	0	2	0	0	1	1	1	0	2	1	0	0	0	0	0
DEL:repeats:3:5+	0	15	0	1	0	3	0	0	0	0	0	0	0	0	0	4	0	0	0	3	2	0	0	0	0	66	0	0	0	0	0	0	0	2	0	0	1	0	0	0	1	0	1	0	0	0	0	0	1	0	0	0	0	0	5	0	0	1	27	0	0	1	0	0	2	32	0	0	0	0	5	1	0	0	0	0	14	0	0	0	3	0	0	0	0	1	55	0	0	0	0	0	0	0	39	0	1	0	1	1	1	3	2	3	0	5	2	3	1	1	1	0	1	0	1	1	0	0	0	2	21	0	25	0	0	0	0	0	1	0	87	0	0	0	1	0	12	0	1	0	1	4	0	0	0	0	0	0	0	0	0	0	0	0	0	0	0	0	0	0	0	3	0	0	0	2	0	0	0	0	0	0	0	0	0	54	0	0	7	0	6	1	0	0	31	0	0	0	0	0	1	0	3	2	0	0	0	0	1	1	0	0	0	0	0	0	1	0	0	5	0	0	0	0	0	0	0	1	1	1	0	0	0	0	1	0	0	0	1	3	0	0	2	0	0	0	1	0	0	0	0	0	0	0	0	0	0	0	130	0	1	1	0	0	0	0	0	0	0	0	1	0	0	3	0	1	0	0	0	30	0	0	0	0	47	1	0	1	0	0	103	0	0	3	1	0	0	1	1	0	1	0	0	43	2	0	0	0	0	4	0	1	0	0	0	3	1	2	157	0	0	0	0	2	2	0	1	0	26	0	0	0	15	1	0	1	0	0	96	0	0	0	1	1	2	0	0	0	0	0	0	0	0	42	0	2	0	1	0	0	2	0	0	0	140	1	0	0	74	0	0	0	0	6	0	0	0	0	2	3	0	0	1	6	0	1	0	4	0	0	0	0	31	1	0	2	1	0	0	67	0	1	1	0	0	1	0	23	0	0	0	0	2	2	0	0	27	0	0	0	0	28	0	0	1	2	0	0	0	0	0	0	1	1	20	0	0	0	1	0	27	6	2	1	0	0	27	0	13	0	0	0	1	0	1	0	0	1	0	1	1	1	0	30	0	1	0	1	0	2	1	3	1	0	0	0	18	0	0	0	42	0	0	0	0	0	0	1	0	0	1	0	0	0	0	22	3	0	0	1	0	0	0	0	2	0	0	0	0	0	0	1	1	0	0	1	2	0	0	0
DEL:repeats:4:0	0	4	1	1	6	11	0	13	2	4	2	6	0	5	1	11	6	1	1	6	1	0	0	0	0	14	1	5	0	9	0	2	15	2	0	8	4	0	2	3	2	4	0	2	1	3	1	3	3	0	1	0	1	3	0	0	0	2	7	2	4	11	5	5	7	6	1	4	6	4	5	2	4	5	0	6	5	26	5	0	9	4	0	2	0	6	9	2	0	14	0	0	0	11	15	12	0	1	1	10	1	5	1	1	0	2	2	2	5	0	1	11	2	2	0	4	19	8	19	0	5	23	1	0	0	3	0	8	27	1	24	7	0	0	4	0	1	2	3	1	0	1	3	0	0	0	0	1	8	8	10	3	0	7	0	4	2	3	13	1	2	11	0	3	1	2	14	1	0	0	1	2	1	3	1	7	2	8	0	1	5	0	1	1	9	4	3	0	0	1	5	3	1	0	1	3	3	0	2	3	3	3	1	3	0	3	8	3	2	15	1	5	4	1	3	7	4	6	2	0	11	6	0	0	1	1	4	0	2	6	0	1	1	2	1	2	0	0	1	1	0	0	0	0	2	1	0	1	92	4	0	8	3	0	2	3	5	2	33	5	2	4	68	13	3	89	2	3	9	21	2	1	3	3	23	5	4	1	5	5	86	4	1	8	2	3	1	12	5	6	10	0	15	28	8	2	6	3	2	22	4	7	7	1	3	19	12	4	163	4	7	1	1	6	2	2	0	5	15	2	2	4	19	6	7	5	5	3	102	5	4	4	3	3	2	3	5	10	12	32	5	2	2	30	8	1	1	4	1	5	6	0	6	6	125	1	3	2	52	4	3	0	3	6	5	10	6	4	1	4	3	7	10	6	5	11	0	5	1	2	3	2	13	9	7	5	3	4	19	55	0	2	8	7	7	5	5	30	5	1	2	0	7	10	2	2	22	6	17	3	8	10	2	12	5	4	10	11	7	8	2	2	3	1	61	5	9	0	6	3	7	7	4	2	3	3	25	3	9	3	1	1	3	0	3	11	4	9	8	15	2	2	3	68	3	2	3	2	10	3	1	12	1	5	0	10	8	6	8	6	14	4	1	4	6	4	4	0	1	7	1	2	2	1	2	17	6	3	3	3	5	0	3	1	6	7	7	2	5	1	6	6	1	1	7	4	5	4	3	2
DEL:repeats:4:1	2	52	5	16	4	8	0	61	2	0	3	2	5	1	5	139	4	0	25	5	3	1	2	0	0	166	0	9	1	5	0	6	3	3	0	31	16	0	8	3	6	6	2	3	3	7	3	17	23	0	0	0	24	13	3	0	0	3	56	2	2	6	7	4	19	66	2	7	0	2	33	5	42	6	0	10	81	8	5	3	7	10	2	6	2	14	100	3	0	9	0	9	0	8	135	3	3	17	3	29	1	5	15	5	0	10	4	5	4	0	9	3	3	12	5	29	5	4	9	2	72	9	5	0	0	14	0	9	39	5	211	5	3	2	11	11	9	8	8	9	2	5	3	0	0	0	2	12	5	5	3	17	1	2	0	10	7	6	2	2	5	11	7	4	10	23	8	2	6	0	3	10	10	7	1	51	4	5	0	3	37	2	1	4	64	8	6	0	2	1	0	7	2	22	10	6	2	0	6	4	4	19	8	11	1	2	10	2	3	93	2	9	0	8	5	4	5	4	24	8	1	11	1	0	1	5	2	0	10	6	0	5	15	8	3	14	2	2	17	1	0	0	0	0	3	3	2	13	154	13	6	20	8	0	20	7	6	3	13	6	1	0	11	84	1	18	34	0	6	39	2	2	14	4	208	15	5	4	7	7	125	1	7	13	10	2	19	6	3	10	8	7	9	166	11	1	6	6	9	77	19	19	14	2	23	7	21	10	242	24	11	11	1	20	6	2	0	5	40	9	3	8	82	6	2	5	15	7	131	10	4	8	11	14	5	5	10	8	4	12	15	4	6	79	13	5	4	14	2	7	11	5	10	18	246	8	3	6	71	0	16	5	2	128	2	13	8	11	9	26	5	4	7	24	8	7	3	6	0	4	10	8	138	6	4	20	6	5	10	201	1	4	93	9	10	27	1	70	14	1	9	7	10	18	8	10	177	6	5	3	5	54	1	26	10	10	23	5	9	4	3	12	8	8	92	4	10	4	9	8	83	48	22	13	4	5	40	13	17	5	6	3	6	0	32	9	5	24	3	11	12	3	9	50	23	10	3	4	3	11	3	7	8	7	5	15	53	6	10	2	135	9	2	2	8	13	11	3	2	5	3	4	10	5	8	77	2	4	7	5	8	3	2	8	7	9	13	5	6	1	7	12	5	18	5	7	3	7	15	8
DEL:repeats:4:2	0	20	1	5	1	3	0	14	1	0	1	1	1	2	1	27	0	0	3	1	0	0	0	0	0	50	0	1	0	0	0	0	0	1	0	8	6	0	5	2	3	2	0	1	0	1	0	6	6	1	1	0	8	3	1	0	0	1	18	0	0	1	0	0	5	26	0	3	0	1	8	1	12	0	0	1	22	1	1	1	4	0	0	1	0	3	25	0	1	2	0	2	0	3	43	0	1	2	3	5	2	0	3	0	0	2	0	1	1	1	3	2	0	1	0	6	3	1	0	0	15	1	1	0	0	3	0	1	4	1	92	1	0	0	3	1	2	3	2	1	0	0	0	0	0	0	0	4	0	0	0	6	0	0	0	3	1	1	0	2	0	0	2	0	0	4	1	1	1	0	2	4	2	0	0	25	0	0	0	1	10	2	0	0	24	3	1	0	0	0	0	2	2	4	6	3	1	2	1	1	1	2	1	0	1	1	4	0	1	15	1	1	1	1	2	2	1	1	2	1	0	0	1	0	0	2	0	0	3	1	0	0	1	0	0	1	1	0	7	0	0	0	0	0	0	0	1	1	119	3	0	9	0	0	8	3	1	2	0	2	0	0	3	34	1	2	13	2	1	34	0	1	12	1	82	5	1	4	0	1	84	2	3	5	3	4	3	2	1	2	2	2	1	55	4	0	2	6	2	22	7	8	7	0	8	5	10	3	180	7	4	3	2	3	1	2	0	1	23	1	1	1	41	3	2	0	9	2	72	0	3	3	1	7	3	1	4	2	0	2	3	1	1	29	4	1	2	5	2	0	6	1	1	5	174	4	0	2	50	0	1	0	3	36	0	0	3	2	0	15	0	1	1	15	2	0	0	3	0	0	3	5	44	3	1	7	0	0	0	90	0	3	27	0	2	9	1	50	3	1	4	3	4	2	0	0	47	2	0	2	0	26	1	8	2	2	5	2	0	1	0	7	8	2	54	1	2	1	1	3	37	19	7	5	3	2	18	1	10	1	1	2	1	0	11	1	5	3	0	7	3	0	1	62	5	1	0	0	1	3	0	1	2	4	1	3	21	4	0	0	58	2	0	1	3	6	2	0	3	3	1	1	0	0	1	25	0	3	6	2	4	0	1	2	8	4	3	0	0	2	1	4	1	9	3	1	1	2	2	2
DEL:repeats:4:3	0	3	0	3	0	0	0	1	0	0	0	1	0	0	0	7	0	0	6	1	4	0	0	0	0	32	0	1	0	1	0	1	1	2	0	4	2	0	1	0	0	0	0	0	0	1	0	0	1	1	0	0	2	4	1	0	0	0	14	0	0	0	0	0	0	15	0	0	0	2	4	1	5	2	0	0	14	0	0	0	2	0	0	0	2	2	20	0	0	1	0	1	0	1	27	0	1	0	0	1	1	0	1	0	0	1	0	2	0	0	1	0	4	1	0	0	0	0	0	1	7	1	9	0	0	2	0	0	5	0	60	0	1	1	0	3	3	2	3	2	0	3	0	0	0	0	0	0	0	0	1	0	1	1	0	2	0	0	0	0	0	1	1	1	2	4	1	0	0	0	0	0	0	0	0	27	1	0	0	0	4	1	0	0	13	0	0	0	1	0	0	0	6	4	1	0	0	0	1	0	0	0	2	0	0	0	3	0	0	9	0	0	0	0	0	1	1	1	1	1	0	1	0	0	0	0	0	0	2	2	0	1	2	0	0	1	1	0	4	0	0	0	0	0	0	1	0	1	161	1	0	1	3	0	3	0	0	3	0	2	2	1	1	17	0	1	7	2	0	37	2	0	5	0	39	1	0	1	0	2	140	0	0	1	0	0	5	2	0	0	0	0	0	66	2	0	0	1	3	19	0	2	1	0	1	5	7	3	204	1	0	1	0	6	0	1	0	1	25	3	3	1	27	0	0	3	2	1	124	2	0	0	0	2	0	0	2	4	1	2	3	0	0	51	2	4	2	5	2	3	3	1	1	4	246	2	1	3	63	0	0	2	1	26	1	2	0	3	3	9	0	0	2	6	1	1	0	1	1	0	0	2	43	0	0	3	0	2	0	96	1	2	16	0	6	4	0	30	4	2	2	2	5	3	2	1	28	2	0	0	0	28	1	1	2	4	1	1	0	1	1	0	11	1	43	0	1	1	0	2	27	8	7	1	2	0	44	3	6	0	1	1	1	0	4	2	0	2	0	1	3	0	1	68	1	0	1	0	0	2	0	1	0	0	1	3	20	1	1	1	46	1	0	0	1	1	2	0	0	0	2	2	0	1	0	32	1	0	0	3	2	0	0	1	2	1	1	0	0	2	0	3	0	5	0	0	1	0	4	1
DEL:repeats:4:4	1	15	0	0	0	0	0	0	0	0	0	0	0	0	0	5	0	0	1	2	1	0	0	0	0	19	0	0	0	0	0	0	0	0	0	2	0	0	0	1	0	0	0	0	0	0	0	0	1	0	0	0	2	1	1	0	0	0	12	0	0	0	0	0	0	13	0	1	0	0	4	0	2	1	0	0	8	1	0	0	1	0	0	0	0	1	18	0	1	1	0	0	0	0	17	1	0	0	0	3	0	0	1	0	1	1	2	2	0	0	0	1	1	0	0	1	1	0	0	0	9	0	7	0	0	0	0	0	2	0	35	1	0	0	0	0	4	0	0	1	0	4	0	0	0	0	0	3	1	0	1	0	0	0	0	0	0	1	0	0	0	0	0	1	0	1	2	0	0	0	0	3	0	0	1	26	0	0	2	0	4	0	0	0	15	0	0	0	1	0	0	1	0	2	0	0	0	0	0	1	0	2	1	0	1	0	0	0	1	6	0	0	0	0	0	0	0	0	1	0	0	0	0	0	0	0	0	0	0	2	0	0	0	1	0	1	1	0	2	0	0	0	0	0	0	0	0	0	51	2	1	0	0	0	1	0	1	0	0	0	0	0	0	5	0	1	3	1	0	14	0	0	4	0	15	1	0	0	0	0	31	0	0	1	0	0	1	1	0	0	0	0	1	26	0	0	0	0	0	3	1	1	0	0	1	0	6	1	61	2	0	0	0	2	1	0	0	0	8	1	2	0	13	0	0	1	1	1	24	0	0	2	0	0	1	0	0	0	0	0	1	0	0	12	0	0	2	0	0	0	0	0	0	1	47	0	0	0	9	0	1	0	0	9	0	0	0	2	0	4	0	0	0	1	0	0	0	1	0	0	1	0	14	1	2	1	2	0	0	40	0	1	7	1	3	3	0	4	0	0	0	4	0	2	1	0	10	0	0	0	0	17	1	1	0	0	1	0	1	0	0	0	3	0	12	1	0	1	0	0	14	3	4	2	1	0	7	2	6	1	1	0	1	0	4	0	0	0	0	2	0	0	0	20	1	0	2	0	0	0	0	1	0	0	1	1	9	0	0	0	13	0	0	0	2	0	0	0	0	2	0	0	0	0	1	5	0	1	0	0	1	0	0	0	0	0	0	0	0	0	0	0	0	2	2	0	0	0	0	0
DEL:repeats:4:5+	1	12	0	2	0	0	0	1	0	0	0	0	0	0	0	2	0	0	2	1	0	0	0	0	0	34	0	0	0	0	0	0	0	0	0	0	0	0	0	0	0	0	0	0	0	0	0	0	1	0	0	0	0	1	1	0	0	1	21	0	0	0	0	0	0	16	0	0	0	0	5	0	0	0	0	0	12	0	0	0	0	0	0	0	0	0	14	0	0	0	0	0	0	0	22	1	0	0	0	1	0	0	1	0	0	3	0	0	0	0	0	0	1	0	0	0	0	1	1	0	14	0	1	0	0	0	0	0	0	0	37	0	0	0	0	0	2	0	0	0	0	1	0	0	0	0	0	0	1	0	0	0	0	0	0	0	0	0	0	0	0	0	0	0	0	0	0	0	0	0	0	0	0	0	0	19	0	0	0	0	3	0	0	0	13	0	0	0	0	0	0	0	0	0	0	0	0	1	0	0	0	0	0	0	0	0	0	0	0	2	0	0	0	0	0	1	0	0	0	0	0	0	0	0	0	1	0	0	0	0	0	0	0	0	0	0	0	0	0	0	0	0	0	0	1	0	0	0	116	1	0	0	0	0	0	0	0	0	0	0	0	0	0	2	0	0	2	0	0	22	0	0	0	0	63	0	0	1	0	0	86	0	0	0	0	0	0	1	1	0	0	0	0	40	0	0	0	0	0	0	0	1	0	0	1	1	2	0	136	1	0	0	0	2	0	0	0	1	25	0	0	0	23	1	0	0	0	0	61	0	0	3	0	0	1	1	0	1	0	1	1	0	1	46	0	0	0	1	0	0	0	0	0	1	119	0	0	0	55	0	0	0	0	21	0	2	0	0	0	3	0	0	0	1	0	1	0	1	0	0	0	1	29	0	0	1	0	0	0	52	0	2	3	0	0	2	0	8	0	0	1	0	1	1	0	0	17	1	0	0	0	18	0	1	0	0	1	0	0	0	0	0	3	0	8	1	0	0	1	0	26	2	7	2	0	0	16	0	14	0	0	0	0	0	0	0	0	0	0	0	2	0	1	34	0	0	0	0	0	0	0	0	0	1	0	0	11	0	0	1	33	0	0	0	0	2	1	0	2	1	0	1	0	0	0	23	1	1	0	0	1	0	0	0	4	0	0	0	0	0	0	0	0	2	0	0	0	0	0	1
DEL:repeats:5+:0	8	13	9	7	55	121	0	90	34	11	1	34	5	59	85	7	32	2	3	114	5	1	2	0	0	23	0	71	1	49	0	9	85	33	0	47	23	0	11	4	5	84	9	8	12	7	2	18	17	0	2	0	9	18	18	0	0	5	20	16	26	55	56	43	27	17	12	89	47	23	15	11	5	21	1	94	16	89	38	8	148	50	6	5	1	32	39	37	1	146	4	15	0	60	27	86	10	12	8	14	5	74	27	11	0	22	24	8	14	0	8	86	17	26	8	32	267	76	113	9	13	104	5	0	0	8	0	242	134	6	37	256	22	3	14	10	21	14	160	7	0	7	40	0	0	0	6	18	116	49	31	12	5	37	0	4	30	22	39	20	5	89	8	6	10	20	40	1	25	0	9	16	9	68	9	20	136	25	0	7	73	8	2	8	11	21	75	1	3	4	39	48	17	3	5	13	26	4	11	19	24	14	4	33	24	16	29	27	5	55	8	93	6	20	19	195	22	27	15	4	52	233	5	0	7	9	14	0	8	25	0	146	17	11	4	12	10	4	7	10	0	0	0	0	23	3	4	16	105	38	13	58	78	33	39	34	27	48	183	10	30	51	761	8	20	235	17	37	86	49	29	12	5	16	32	11	99	76	37	15	86	15	60	37	53	16	22	90	19	55	75	13	104	79	36	46	166	10	19	103	28	31	86	5	13	68	23	15	128	48	77	14	2	38	11	36	29	41	92	14	32	61	59	54	22	46	116	16	127	37	15	25	18	40	7	61	41	175	113	118	6	16	14	29	90	10	14	15	18	22	55	43	44	26	122	22	14	68	47	24	10	17	25	27	29	44	37	24	13	53	49	81	116	49	43	74	10	46	21	10	24	18	25	201	58	37	42	45	197	85	12	19	43	55	28	11	35	34	55	6	17	20	30	247	21	24	27	114	69	5	58	28	21	127	30	35	66	60	14	93	10	13	13	19	59	111	67	5	98	25	45	5	19	15	21	14	46	16	40	29	10	6	16	12	18	55	13	45	28	88	16	21	24	70	15	46	25	12	219	15	17	42	24	82	19	113	29	28	57	17	37	22	11	15	41	15	10	7	13	57	28	57	15	42	20	23	38	23	29	33	76	10	28	11	19	141	13	19	11	18	36	17	27	13	30	39	5	29	15	9
DEL:repeats:5+:1	2	9	5	7	2	4	0	12	4	1	3	1	2	1	1	14	1	0	3	8	2	0	1	0	0	22	1	4	0	4	0	13	0	1	1	12	6	0	8	3	1	2	1	0	2	1	0	2	10	0	0	0	10	11	3	0	0	2	5	0	3	3	0	0	7	14	2	6	0	1	4	2	11	3	0	5	14	5	1	0	18	4	3	3	0	5	22	3	0	9	0	2	0	5	38	1	1	3	2	11	2	2	3	5	0	4	3	1	3	0	2	2	1	8	1	7	8	7	2	4	15	4	2	0	0	6	0	5	14	1	33	8	1	2	3	5	3	2	5	6	1	2	0	0	0	0	1	12	6	1	4	7	1	1	0	1	1	1	1	0	1	7	4	0	3	2	3	1	3	0	1	3	3	5	0	23	4	1	0	2	19	2	0	3	9	2	4	0	2	1	0	1	1	9	1	2	1	0	2	3	1	6	1	1	3	1	4	5	1	18	1	3	0	1	2	4	1	1	12	4	0	4	0	0	0	1	3	0	7	2	0	4	3	3	1	12	1	1	15	0	0	0	0	0	2	5	0	3	55	15	4	4	8	1	6	4	0	6	2	0	1	7	17	24	1	13	13	15	3	39	7	1	4	1	35	7	8	3	0	5	53	1	10	13	5	0	9	3	0	7	11	3	9	37	15	1	4	2	3	13	8	11	13	1	10	7	8	13	100	10	15	3	3	2	3	1	2	4	31	5	6	4	21	5	1	7	12	7	41	5	3	11	11	9	12	9	6	18	2	4	10	1	1	24	20	3	2	12	6	1	17	4	7	8	99	5	1	1	33	0	5	7	1	34	2	12	4	6	5	19	1	1	9	12	4	3	1	12	1	1	5	9	27	12	1	16	0	5	4	48	2	3	44	1	13	15	2	35	7	1	3	8	19	24	3	7	32	6	4	1	7	11	1	26	2	8	17	3	1	8	1	5	5	7	64	7	1	2	9	6	17	6	11	11	2	2	28	6	9	3	3	1	2	0	5	9	1	15	2	7	7	1	3	30	6	3	5	1	4	8	2	11	3	8	3	11	13	4	8	4	32	3	0	1	2	11	4	0	2	4	4	4	1	1	4	12	5	5	6	4	4	2	6	4	10	3	6	1	4	6	6	2	2	19	2	3	5	8	9	5
DEL:repeats:5+:2	1	5	0	1	0	0	0	2	0	0	0	1	0	0	2	2	0	0	0	1	0	0	0	0	0	14	0	0	0	0	1	1	0	0	0	3	1	0	1	0	0	0	0	0	0	0	0	1	4	1	0	0	0	1	2	0	0	1	1	0	0	0	0	0	1	10	1	1	0	1	4	0	1	0	0	0	7	1	0	0	1	1	0	0	1	1	18	1	0	0	0	0	0	0	17	0	0	0	2	1	0	0	0	0	0	2	0	0	0	0	0	1	0	2	0	3	0	1	1	0	6	1	0	0	0	0	0	2	2	0	24	2	0	0	0	1	1	0	1	0	0	0	0	0	0	0	1	1	0	0	0	1	0	0	0	1	0	0	0	0	0	0	0	0	1	2	0	0	1	0	0	2	0	1	0	13	0	1	1	0	1	1	0	1	5	1	0	0	0	0	0	0	0	0	1	1	0	0	1	0	0	0	1	0	0	0	1	0	1	6	0	0	0	0	0	1	0	1	1	0	0	0	0	0	0	0	1	0	1	1	1	0	2	2	0	1	0	0	2	1	0	0	0	0	0	0	0	1	42	3	0	4	0	0	1	0	2	0	1	0	0	2	4	3	0	0	0	2	0	24	1	1	2	0	27	1	1	0	0	3	19	2	1	2	1	1	5	0	0	1	0	0	0	27	1	0	0	0	1	3	0	3	3	0	2	3	5	1	59	1	3	4	0	2	1	0	0	1	10	1	0	0	13	1	0	1	1	0	25	3	2	0	3	3	2	0	2	1	0	1	1	0	1	14	1	0	0	3	2	2	1	0	2	1	52	2	0	1	10	0	1	1	0	18	0	1	0	1	1	10	1	2	1	4	1	3	0	4	1	0	0	0	9	0	1	4	0	0	0	28	0	2	9	0	1	2	1	12	2	0	2	1	4	4	1	0	3	0	0	0	0	12	0	2	1	6	4	0	1	2	0	0	6	3	21	1	0	1	1	1	8	0	2	6	0	1	25	0	6	0	2	0	1	0	2	1	1	1	0	3	3	0	0	35	0	0	4	2	2	3	0	3	1	2	1	2	7	0	0	0	16	0	1	0	2	2	2	0	3	0	1	0	0	1	0	4	2	0	3	0	0	0	0	1	2	0	1	0	0	0	1	0	1	7	1	0	0	1	3	0
DEL:repeats:5+:3	0	6	0	0	0	1	0	1	0	0	0	0	0	0	0	0	0	0	2	1	0	0	0	0	0	12	0	0	0	0	0	0	0	0	0	1	0	0	1	0	0	1	0	0	0	0	0	0	0	0	0	0	1	0	0	0	0	0	6	0	0	0	0	0	1	7	0	0	0	1	0	0	0	0	0	0	8	0	0	0	2	0	0	0	0	2	11	0	0	0	0	0	0	0	10	0	0	0	0	0	0	0	0	0	0	3	0	0	0	0	0	0	0	0	0	0	0	1	0	0	3	0	0	0	0	1	0	1	1	0	22	0	0	1	0	0	1	0	0	0	0	0	0	0	0	0	0	0	0	0	0	1	0	0	0	0	0	0	0	0	0	0	0	0	1	0	0	0	1	0	0	4	0	0	0	11	0	0	0	0	4	0	0	0	2	0	0	0	0	0	0	0	0	1	0	0	0	0	0	0	0	1	0	0	0	0	2	0	0	2	0	0	0	0	0	0	1	0	0	0	0	0	0	0	0	1	0	0	0	0	0	0	0	0	0	1	0	0	2	0	0	0	0	0	0	0	0	0	34	2	1	0	0	0	0	0	0	0	1	0	0	0	0	1	0	0	0	0	1	7	0	0	0	0	19	0	0	0	0	0	24	0	1	0	1	0	1	0	1	0	1	0	0	11	0	0	2	0	1	2	0	1	1	0	1	3	1	0	47	1	2	0	0	2	0	0	0	0	9	2	0	0	3	0	0	0	3	0	19	0	0	0	0	2	1	0	0	1	0	0	0	0	0	5	0	0	0	2	0	0	1	0	0	1	29	0	0	0	6	0	0	0	0	11	0	0	0	0	0	1	0	0	0	1	0	0	0	0	0	0	0	0	2	0	0	2	0	0	1	15	0	1	3	0	2	0	0	0	1	0	0	1	2	2	0	1	2	1	0	0	0	2	0	3	1	1	2	0	0	0	0	1	1	0	10	0	0	0	1	0	4	1	2	1	0	0	8	0	1	0	0	0	0	0	0	0	0	0	0	0	0	1	1	14	0	0	0	1	0	1	0	0	0	0	0	0	2	0	0	0	10	1	1	0	0	0	0	0	0	0	0	0	0	0	0	5	0	0	0	0	0	0	0	0	0	1	0	0	0	0	0	1	0	3	1	0	0	0	1	1
DEL:repeats:5+:4	0	4	0	0	0	0	0	0	0	0	0	0	0	0	0	0	0	0	0	1	0	0	0	0	0	5	0	0	0	0	0	0	0	0	0	0	0	0	0	0	0	0	0	0	0	0	0	0	0	0	0	0	1	0	0	0	0	0	7	0	0	0	0	0	0	3	0	0	0	0	1	0	0	0	0	0	6	0	0	0	0	0	0	0	0	0	2	0	0	0	0	0	0	0	5	0	0	0	0	0	0	0	0	0	0	0	0	0	0	0	0	0	0	0	0	0	0	0	0	0	4	0	0	0	0	0	0	0	0	0	9	0	0	0	0	0	0	0	0	0	0	0	0	0	0	0	0	0	0	0	0	0	0	0	0	0	0	0	0	0	0	0	0	0	0	0	0	0	0	0	0	1	0	0	0	4	0	0	0	0	4	0	0	0	1	0	0	0	0	0	0	0	0	0	0	0	0	0	0	0	0	0	0	0	0	0	0	0	0	0	0	0	0	0	0	0	0	0	0	0	0	0	0	0	0	0	0	0	1	0	0	0	0	0	0	0	0	0	1	0	0	0	0	0	0	0	0	0	19	0	0	0	0	0	0	0	0	0	0	0	0	0	0	0	0	0	0	0	0	2	0	0	0	0	5	0	0	0	0	1	10	0	0	0	0	0	0	0	0	0	0	0	0	3	0	0	0	0	0	0	0	0	1	0	1	0	0	0	19	1	0	0	0	0	0	0	0	0	7	0	0	0	4	0	0	0	0	0	11	0	0	0	0	1	1	0	0	1	0	0	0	0	0	4	0	0	0	0	0	0	2	0	0	0	10	0	0	0	3	0	0	0	0	4	0	0	0	0	0	0	0	0	0	0	0	0	0	0	0	0	0	0	4	0	0	1	0	0	0	13	0	1	1	1	0	0	1	2	1	0	0	0	1	1	0	0	1	0	0	0	0	4	0	0	0	0	1	0	0	0	0	0	0	0	1	0	0	0	0	0	3	0	1	0	0	0	1	0	0	0	0	1	0	0	0	0	0	0	0	0	0	0	0	4	0	0	0	0	0	0	0	0	0	0	0	0	1	0	0	0	2	0	0	0	0	1	0	0	0	0	0	0	0	0	0	0	0	0	0	0	0	0	0	0	0	0	0	0	0	0	0	0	0	1	0	0	0	0	0	0
DEL:repeats:5+:5+	0	0	0	0	0	0	0	0	1	0	0	0	0	0	0	0	0	0	0	0	0	0	0	0	0	7	0	0	0	0	0	0	0	0	0	0	0	0	2	0	0	0	0	0	0	0	0	0	0	0	0	0	0	0	0	0	0	0	1	0	0	0	0	0	0	1	0	0	0	0	0	0	0	0	0	0	0	0	0	0	0	0	0	0	0	1	2	0	0	0	0	0	0	0	1	0	0	0	0	0	0	0	0	0	0	0	0	0	0	0	0	0	0	0	0	0	0	0	0	0	0	0	0	0	0	0	0	0	0	0	1	0	1	0	0	0	0	0	0	0	0	0	0	0	0	0	0	0	0	0	0	0	0	0	0	0	0	0	0	0	0	0	0	0	0	0	0	0	0	0	0	0	0	0	0	5	0	0	0	0	0	0	0	0	4	0	0	0	0	0	0	0	1	1	0	0	0	0	0	0	0	0	0	0	0	0	0	0	0	2	0	0	0	0	0	0	0	0	0	0	0	0	0	0	0	1	0	0	0	0	0	0	0	0	0	0	0	0	1	0	0	0	0	0	0	0	0	0	23	0	0	0	0	0	0	0	0	0	0	0	0	0	0	0	0	0	0	0	0	5	0	0	0	0	9	0	0	0	0	0	12	1	0	0	0	1	0	0	0	0	0	0	0	3	0	0	0	0	0	0	0	1	0	0	0	0	0	0	19	0	0	0	0	0	0	0	0	0	3	0	0	0	2	0	0	0	0	0	7	0	0	0	0	1	0	0	0	0	0	0	0	0	0	0	0	0	0	0	1	0	0	0	0	0	9	0	0	0	5	0	0	0	0	2	0	0	0	0	0	0	0	0	0	0	0	0	0	0	0	1	0	0	3	0	0	0	0	0	0	2	0	0	0	0	0	0	0	0	0	0	0	0	2	0	0	0	0	0	0	0	0	1	0	1	1	0	1	0	0	0	0	0	1	0	0	0	0	0	0	0	2	1	0	0	0	0	1	0	1	0	0	0	0	0	0	0	0	0	0	0	0	0	0	2	0	0	0	0	0	0	0	0	0	0	0	0	2	0	0	0	6	0	0	0	0	0	0	0	0	0	0	0	0	0	0	0	0	0	1	0	0	0	0	0	0	0	0	0	0	0	0	0	0	0	0	0	0	0	0	0
INS:repeats:2:0	3	16	0	7	10	5	0	9	38	2	0	1	9	21	0	2	4	0	1	1	0	0	2	0	0	42	0	4	0	2	0	6	5	10	0	5	3	0	3	0	3	2	1	2	9	3	1	0	6	0	0	0	2	10	1	0	0	5	20	4	5	11	4	6	15	56	3	2	13	3	6	5	0	7	0	5	25	13	5	0	7	4	1	1	0	11	85	4	1	5	0	2	0	19	64	3	0	2	1	12	0	3	1	2	0	2	11	2	2	7	2	2	0	13	1	36	8	5	4	5	14	9	0	0	0	1	0	2	6	4	86	3	0	1	5	3	4	2	1	3	2	1	3	0	0	0	1	9	3	5	10	5	0	1	0	1	3	1	4	13	1	7	1	2	7	6	3	0	2	0	2	52	1	2	1	62	9	2	0	4	22	4	0	1	55	2	2	0	0	3	2	4	8	2	2	38	4	2	2	6	2	4	2	9	8	0	53	6	0	15	2	4	7	2	1	3	0	2	8	3	5	8	1	0	0	2	0	0	4	0	0	8	1	3	0	7	1	0	1	0	0	0	0	0	2	0	1	12	359	8	23	44	10	5	3	71	2	18	5	44	28	23	13	4	12	79	7	4	8	958	17	3	8	10	221	10	7	8	10	9	177	11	10	21	71	14	11	4	6	28	10	4	15	210	18	7	11	3	4	5	3	11	85	2	6	82	436	21	467	43	17	23	3	29	8	23	2	8	113	6	22	8	113	10	3	19	10	7	168	10	8	17	7	27	24	24	66	105	11	7	7	1	6	76	9	7	4	8	8	15	19	4	28	8	496	13	2	12	251	3	9	18	18	14	4	11	8	13	11	35	2	10	16	119	6	18	2	16	2	8	7	9	111	10	1	18	4	17	14	388	4	10	13	13	12	4	24	394	13	6	6	8	10	16	9	5	64	15	2	1	9	94	9	13	11	28	29	47	13	10	4	8	114	4	694	5	8	4	8	10	121	1	23	23	4	6	65	10	36	5	4	4	4	3	16	11	6	30	26	10	8	3	10	652	4	5	41	2	7	18	4	88	10	22	4	7	71	15	9	8	213	2	11	4	16	29	8	3	3	13	11	10	3	7	7	57	11	9	13	36	16	15	48	8	26	17	143	3	3	4	37	27	14	17	34	6	7	39	11	8
INS:repeats:2:1	3	7	0	7	16	1	0	5	3	0	4	1	0	4	2	0	4	0	2	1	1	1	1	0	0	10	2	3	0	11	0	3	4	2	0	4	2	0	2	3	0	0	0	1	1	2	0	1	1	0	0	0	0	5	3	0	0	0	6	2	4	2	16	11	8	12	1	0	2	2	5	3	1	5	0	2	13	32	4	2	1	3	0	0	0	11	29	3	0	4	0	3	0	23	12	1	0	3	2	4	0	3	1	0	0	2	9	4	6	0	1	6	1	3	3	5	8	1	16	1	4	23	2	0	0	2	0	9	5	1	38	4	3	0	4	1	10	2	2	1	0	1	10	0	0	0	0	4	2	23	13	2	0	0	0	4	1	4	14	19	1	3	1	3	2	4	10	0	3	0	3	15	1	1	5	17	0	1	0	2	5	1	1	2	13	0	1	0	1	1	3	3	8	0	1	11	8	1	0	6	2	1	1	18	7	0	3	3	2	30	1	2	1	1	1	6	8	1	6	4	16	11	1	0	2	2	1	0	1	1	0	0	3	2	1	3	1	0	4	1	0	0	0	0	3	2	0	3	52	4	2	21	5	1	6	3	2	7	16	4	3	5	10	2	2	242	2	0	5	332	6	2	2	1	22	4	0	1	5	4	38	4	5	6	5	4	9	4	3	8	5	3	7	30	7	2	2	4	5	8	2	3	36	1	4	18	74	6	54	14	2	6	1	9	3	11	1	9	20	6	6	1	35	20	1	7	1	2	22	2	4	6	2	8	5	9	24	19	3	6	2	6	6	22	2	1	4	3	2	0	12	2	6	2	74	6	2	3	27	2	3	8	8	11	8	10	4	10	4	9	0	1	13	10	10	28	3	4	1	6	3	1	32	3	10	3	10	11	9	57	0	5	13	4	7	6	8	38	8	2	5	4	5	9	8	6	17	1	4	2	0	30	3	5	5	11	6	34	14	2	3	3	24	3	65	3	5	1	2	2	27	3	10	10	4	4	8	6	8	2	2	4	3	1	0	21	2	12	8	8	2	2	0	95	1	3	4	3	20	10	0	10	5	4	4	5	23	5	10	5	31	4	1	1	4	5	4	1	1	18	1	2	3	1	1	7	12	4	4	18	4	3	8	1	7	7	21	2	3	1	5	2	12	9	9	12	2	1	6	3
INS:repeats:2:2	4	10	0	2	7	2	0	3	4	1	0	1	1	2	0	0	1	0	0	0	1	0	0	0	0	18	0	0	0	2	0	2	0	6	0	1	0	0	2	1	0	1	0	2	1	0	0	0	3	0	0	0	0	4	1	0	0	0	17	1	1	2	10	3	4	20	0	1	4	0	2	1	0	1	0	0	14	15	0	3	2	1	1	0	0	5	48	1	0	1	0	2	0	5	30	1	0	4	1	2	0	0	1	1	0	0	2	1	2	0	3	2	2	3	0	3	4	0	7	0	16	4	0	0	0	1	0	3	3	1	26	1	1	0	3	1	6	1	3	3	0	0	2	0	0	0	0	0	1	10	9	1	0	0	0	1	1	2	5	3	3	3	0	1	4	1	2	1	3	0	0	12	1	2	2	28	0	0	0	1	12	2	0	0	20	0	1	0	0	0	1	3	2	0	0	8	3	0	1	4	1	2	0	3	3	0	4	1	0	8	0	1	2	0	4	4	3	1	5	6	6	1	0	0	0	0	1	0	3	0	0	0	3	0	0	3	0	0	1	1	0	0	0	0	0	0	1	1	64	1	4	12	3	0	0	3	3	3	1	1	9	2	6	1	1	155	0	1	2	398	1	0	1	1	30	0	1	2	5	1	48	6	0	2	3	6	2	3	0	3	1	0	4	38	3	1	2	2	2	1	2	5	14	0	1	14	87	0	84	8	2	5	1	5	2	4	2	1	27	2	1	0	36	8	2	4	3	3	36	4	1	2	4	3	7	2	7	8	0	5	0	0	1	24	1	0	0	3	1	3	5	2	3	0	104	3	1	2	46	0	0	1	1	4	1	4	0	3	0	0	3	1	8	22	0	8	0	3	1	5	0	1	12	1	8	1	3	4	5	81	2	4	1	1	1	1	3	85	14	0	3	2	4	4	2	3	19	1	1	0	0	16	0	3	4	7	1	13	6	3	1	3	16	1	113	2	3	1	3	1	24	0	12	5	3	1	12	1	9	0	2	2	1	0	1	13	2	5	1	0	5	1	1	144	1	2	4	1	5	6	1	7	3	3	1	5	17	2	1	0	33	1	1	1	3	3	4	0	1	14	0	2	1	1	4	21	3	1	2	6	3	0	0	2	0	1	17	1	1	2	3	6	6	4	3	1	2	2	2	1
INS:repeats:2:3	0	18	0	2	3	0	0	1	1	0	0	0	2	1	0	0	0	0	0	1	0	0	0	0	0	77	0	0	0	1	0	1	0	0	0	2	0	0	0	1	1	0	0	0	1	0	0	0	0	0	0	0	0	2	0	0	0	0	19	1	3	1	0	0	1	52	0	0	1	0	4	0	1	1	0	1	42	4	1	0	0	0	2	0	0	1	145	1	0	1	0	2	0	2	114	0	0	2	0	1	0	1	1	0	0	0	4	0	0	0	1	0	1	3	0	1	5	0	1	0	47	0	0	0	0	0	0	1	1	0	118	0	1	0	2	0	3	0	0	2	0	1	1	0	0	0	0	2	0	2	4	0	0	1	0	0	0	0	4	1	0	2	0	1	0	0	0	0	0	0	0	45	0	2	1	100	0	2	0	0	22	0	0	0	117	1	0	0	0	0	1	0	0	0	0	27	0	1	0	1	1	1	0	3	3	0	4	1	0	9	0	0	0	0	1	3	1	0	3	1	0	3	0	0	0	0	0	0	0	0	0	0	0	0	0	2	0	0	3	0	0	0	0	0	0	0	0	1	131	1	2	4	0	1	4	3	0	1	1	0	3	2	3	0	1	41	0	2	1	2721	0	1	0	1	69	1	0	1	0	1	92	1	1	4	4	2	0	1	0	2	3	0	1	107	1	1	0	0	1	2	1	2	9	0	2	17	538	2	226	1	0	0	0	3	0	6	0	0	51	0	1	1	42	2	0	3	1	0	136	0	0	3	1	3	5	0	8	5	2	2	0	0	0	74	0	2	0	1	0	0	3	0	3	2	211	0	1	0	117	0	0	2	4	4	1	2	0	7	1	7	0	0	3	27	1	2	0	5	1	3	2	1	53	1	0	2	2	2	6	193	1	1	2	2	4	0	2	107	7	1	0	4	0	0	2	1	47	2	1	0	1	39	1	2	3	1	4	3	4	1	0	1	45	0	176	0	4	0	5	1	47	3	15	1	2	1	57	2	13	3	0	2	1	0	1	3	0	0	3	2	4	0	2	622	1	2	1	1	3	6	0	6	3	1	2	1	36	1	1	1	79	0	1	2	3	4	1	0	3	1	1	1	1	1	0	45	1	2	2	4	2	0	0	1	5	3	38	2	3	2	2	1	6	3	5	2	0	3	2	1
INS:repeats:2:4	0	81	0	7	2	0	0	1	9	0	0	0	2	0	0	1	1	0	0	0	0	0	0	0	0	304	0	0	0	0	0	5	3	0	0	0	3	0	1	4	1	0	0	0	0	0	0	0	6	0	0	0	1	6	3	0	0	4	135	0	0	1	0	1	9	316	0	0	1	0	46	0	1	0	0	0	151	1	2	1	3	0	3	0	0	14	537	0	1	2	0	1	0	1	448	0	0	4	3	10	0	0	0	2	0	2	2	1	0	0	0	1	1	8	1	10	4	1	3	0	210	1	0	0	0	0	0	5	1	1	452	1	0	0	0	1	3	2	0	4	1	0	0	0	0	0	0	6	0	1	3	3	0	0	0	0	1	0	1	2	0	0	0	2	4	0	0	0	1	0	0	253	1	1	2	371	0	1	0	0	58	3	0	0	625	0	0	0	0	1	0	0	1	0	0	96	0	1	0	2	2	2	0	3	1	0	3	0	0	39	1	1	0	0	0	1	0	1	11	3	0	0	0	0	0	0	0	0	4	0	0	2	1	1	0	8	0	0	2	2	0	0	0	0	0	0	0	3	431	2	6	4	4	0	2	2	2	1	1	1	2	3	3	0	1	7	0	0	2	8696	1	1	2	0	280	2	0	0	0	1	360	1	0	3	3	1	0	2	5	5	0	0	1	300	11	0	0	2	1	1	1	5	4	0	1	52	2698	8	790	0	1	5	0	9	4	1	0	2	205	3	1	1	144	1	0	6	2	6	539	2	0	15	2	11	24	0	5	5	0	3	1	0	2	259	0	0	0	6	1	4	6	0	5	3	696	8	0	3	466	1	1	6	4	4	0	1	1	8	4	9	0	3	0	62	2	0	0	4	1	2	0	2	264	2	1	2	0	2	1	384	0	5	3	2	3	0	2	311	4	0	2	6	5	1	2	4	136	0	0	1	1	221	1	1	1	4	19	1	1	1	2	3	202	2	616	2	7	0	3	7	197	6	58	12	1	0	203	2	58	1	0	2	0	0	4	1	1	9	5	2	3	2	2	2192	2	1	6	0	5	7	0	10	1	1	0	1	169	0	0	2	257	0	1	0	3	12	3	1	3	0	3	0	0	0	0	151	1	3	3	2	2	0	1	0	21	1	118	1	0	2	2	2	2	8	2	2	1	4	0	4
INS:repeats:2:5+	11	362	2	47	4	0	0	4	9	0	0	0	1	8	3	2	0	0	5	4	0	1	0	0	0	1230	7	3	0	1	0	21	1	5	0	2	11	3	17	11	2	3	0	0	1	4	0	1	15	0	0	0	4	34	6	0	1	15	588	0	0	8	1	0	26	1257	8	2	4	1	280	10	3	3	0	2	665	1	1	2	4	5	5	4	1	55	1794	3	7	4	0	0	0	2	1391	5	1	47	7	38	0	1	4	13	0	23	0	16	0	1	5	7	10	46	9	39	9	2	11	2	602	1	2	0	0	0	0	7	1	9	1275	5	0	0	4	19	26	4	1	17	3	3	0	0	1	0	2	18	2	0	10	2	0	0	1	1	1	0	0	2	7	1	3	7	24	1	1	1	2	0	3	999	0	2	9	1090	5	2	3	12	335	18	2	1	1010	2	1	0	5	5	3	2	5	2	0	262	0	4	5	2	2	16	6	5	7	0	18	2	0	209	8	2	9	2	3	1	0	3	70	26	0	3	0	1	0	2	5	0	34	3	0	7	8	5	3	32	1	1	24	5	0	0	0	0	0	2	0	38	1730	14	45	6	4	0	14	12	12	2	4	7	10	7	8	3	4	15	4	3	4	21850	3	1	3	2	1485	17	3	3	1	26	1398	7	4	16	17	7	20	6	12	17	10	1	4	1525	39	3	6	3	4	16	8	67	16	1	6	265	1996	60	2732	16	8	44	4	75	29	2	1	4	1084	26	15	3	926	5	2	43	7	24	1913	12	18	60	7	82	160	8	11	21	4	13	4	0	11	1216	15	4	1	39	7	14	57	1	13	7	2949	49	0	7	2066	1	6	39	6	14	5	11	6	41	59	49	1	8	13	327	6	5	0	16	0	38	3	12	1291	2	4	14	1	22	8	2011	4	21	14	21	31	6	3	860	21	0	5	53	25	9	8	21	721	2	4	2	2	1107	13	7	18	32	98	0	3	9	3	9	780	0	1388	7	11	3	7	32	1051	13	324	130	1	7	852	7	340	18	3	7	0	2	6	10	2	25	10	23	27	1	8	5374	15	2	40	2	29	62	1	39	4	7	7	3	910	2	4	12	1272	13	4	1	7	56	38	0	3	3	14	3	4	6	3	822	1	12	15	7	19	42	1	11	70	3	336	3	3	8	22	8	5	72	7	3	1	15	5	10
INS:repeats:3:0	4	2	4	1	1	3	0	1	8	0	0	0	0	1	1	1	0	0	0	0	0	0	0	0	0	4	0	2	0	2	0	0	1	0	0	0	0	0	0	1	1	0	1	0	1	0	1	0	3	0	0	0	0	4	1	0	0	1	3	1	0	6	1	2	10	4	0	2	2	0	0	0	0	0	0	0	3	11	1	0	4	0	0	0	1	2	7	0	0	1	0	2	0	7	7	0	1	1	3	2	0	0	0	0	0	1	2	2	0	0	0	7	3	3	1	12	1	1	3	0	2	2	0	0	0	0	0	1	3	0	5	0	0	0	0	0	2	0	1	1	0	0	0	0	0	0	1	2	1	4	2	1	0	1	0	0	1	0	0	1	0	4	0	1	0	1	4	0	1	0	0	2	1	2	1	6	0	0	0	0	0	0	0	0	1	0	0	0	0	0	0	1	0	0	1	10	0	0	0	1	2	0	0	2	0	1	8	1	0	6	1	5	6	1	0	1	1	0	1	1	3	2	0	0	0	0	1	0	0	0	0	0	3	1	0	2	0	0	1	1	1	0	0	0	0	0	0	6	81	4	7	9	3	0	0	18	0	5	1	14	2	4	3	4	8	58	2	1	5	327	6	2	1	2	52	3	2	1	4	3	49	2	1	10	20	3	3	2	5	7	6	2	5	54	7	1	3	1	2	1	3	4	27	0	1	17	115	5	102	5	6	13	2	12	3	2	2	4	21	2	4	5	30	4	0	10	7	2	55	2	2	8	5	7	2	4	10	41	4	2	6	2	0	28	1	1	4	3	2	3	9	2	5	6	104	2	1	3	44	2	2	11	5	5	1	10	2	6	2	18	2	5	9	24	5	8	1	12	3	1	3	2	27	8	2	6	3	5	0	96	1	4	7	7	4	1	5	54	5	3	4	2	6	7	4	2	15	9	2	1	5	13	2	7	9	20	7	13	1	0	4	2	18	1	93	2	5	0	9	7	20	3	3	7	3	2	10	3	14	2	2	1	3	4	4	3	5	8	4	3	3	1	6	154	5	1	21	0	6	5	1	18	3	10	1	5	9	3	4	5	58	8	2	2	8	16	2	1	3	6	4	6	3	3	2	13	7	3	8	7	4	2	6	4	27	7	99	2	3	5	15	14	2	6	6	1	5	16	3	5
INS:repeats:3:1	0	7	2	5	8	1	0	7	5	0	1	0	2	5	1	0	5	1	2	3	0	0	0	0	0	7	0	1	0	4	0	3	2	2	0	1	3	0	5	1	1	0	1	2	3	1	0	1	2	0	0	0	0	16	2	0	0	3	0	1	0	0	6	3	5	6	1	0	7	1	1	0	0	1	0	0	3	9	1	1	1	0	1	2	0	7	9	4	1	1	1	2	0	10	0	2	1	6	1	9	1	3	1	1	0	4	2	0	2	0	3	3	1	10	2	5	9	1	6	0	3	8	1	0	0	1	0	3	7	1	4	2	0	0	2	0	9	1	3	2	0	0	2	0	0	0	1	5	1	6	2	1	0	0	0	0	0	2	4	2	2	3	1	1	3	0	5	0	1	0	0	9	2	0	3	5	3	3	0	0	4	2	1	0	9	4	1	0	0	0	3	1	6	0	1	9	4	0	2	0	2	0	2	1	4	1	9	2	0	4	0	0	2	0	1	5	2	3	11	2	4	7	1	0	0	0	1	0	4	3	0	2	0	4	0	1	1	0	6	1	0	0	0	0	2	0	0	2	19	4	2	8	1	0	1	2	1	0	6	2	4	2	6	1	3	351	3	2	3	68	5	1	0	7	8	2	3	2	3	5	13	4	4	3	4	4	2	2	2	1	1	3	1	5	6	1	3	2	2	2	3	2	10	0	0	3	22	3	12	6	0	4	0	6	1	3	1	2	3	1	5	2	13	8	2	4	1	5	15	4	2	8	2	2	1	9	5	25	0	4	1	2	0	4	4	1	2	5	2	1	6	3	2	4	13	1	0	0	7	0	1	1	5	4	0	5	0	5	5	3	0	0	6	6	3	11	1	10	1	0	2	3	4	3	7	2	2	7	0	14	1	3	0	4	2	2	3	17	3	0	3	6	10	6	1	3	8	3	3	1	0	3	1	3	4	13	7	11	3	1	4	2	9	0	20	3	5	1	2	4	4	2	2	13	3	5	5	3	4	0	1	4	1	1	0	9	1	10	4	4	3	1	2	21	3	4	6	1	14	4	0	6	1	4	1	3	3	1	3	1	10	2	3	0	4	5	0	0	1	8	2	1	1	0	2	8	8	2	6	4	2	1	3	1	5	2	9	0	1	2	5	4	3	6	3	6	4	3	2	3
INS:repeats:3:2	1	3	1	1	3	0	0	4	0	0	0	0	0	3	0	1	0	0	0	0	0	0	0	0	0	8	0	0	0	1	0	0	0	2	0	0	0	0	1	0	1	0	0	0	0	0	0	1	2	0	0	0	0	3	0	0	0	0	3	0	0	1	0	1	2	5	0	1	2	0	1	0	0	2	0	1	3	2	1	0	1	0	1	0	0	1	16	0	0	0	0	0	0	2	12	0	0	1	2	1	0	1	0	1	0	2	0	0	0	0	0	0	1	0	1	1	2	0	0	0	4	0	0	0	0	0	0	0	1	0	7	0	0	0	0	1	0	1	2	1	0	0	0	0	0	0	0	0	1	5	0	1	0	0	0	0	0	0	1	0	0	2	0	1	0	0	3	1	3	0	0	2	0	1	1	12	0	0	0	0	1	0	0	0	6	0	1	0	0	0	1	0	1	0	0	0	0	0	0	0	0	0	0	1	0	0	2	2	0	2	0	0	0	1	1	2	0	1	1	0	0	2	0	0	0	0	0	0	0	1	0	0	0	0	1	3	0	0	1	0	0	0	0	0	0	0	1	2	15	0	1	2	3	0	0	2	1	0	3	1	1	1	0	0	0	59	0	0	1	634	0	0	0	1	5	0	0	0	0	0	10	1	1	1	3	1	0	1	0	0	4	0	2	9	0	0	0	0	2	0	0	1	2	0	1	3	87	0	31	0	1	2	0	1	1	0	0	1	4	0	0	0	4	3	0	0	3	0	11	2	0	0	0	1	1	2	1	5	0	0	0	1	1	6	1	0	0	0	1	0	3	0	0	0	26	0	0	3	11	0	0	1	0	0	0	0	1	0	0	6	0	0	2	4	1	3	1	0	1	0	0	0	5	0	1	1	2	1	0	34	1	0	0	0	2	0	3	13	0	0	0	0	2	3	0	0	2	2	0	1	2	7	0	0	2	3	1	6	0	2	1	0	9	1	29	0	1	0	0	0	3	2	0	1	0	1	6	1	0	0	0	0	0	0	0	2	1	2	1	0	0	0	0	97	0	0	1	1	4	4	0	0	0	0	0	1	7	1	2	0	16	1	1	0	0	2	0	0	0	3	0	0	0	0	1	3	0	1	1	1	0	1	0	0	0	0	2	0	0	0	1	1	1	1	0	0	0	1	1	1
INS:repeats:3:3	0	4	0	0	0	0	0	0	0	0	1	0	1	1	0	0	0	0	0	1	0	0	0	0	0	7	0	1	0	0	0	0	0	0	0	1	0	0	0	0	0	0	0	0	0	0	0	0	0	0	0	0	0	0	0	0	0	1	2	0	0	0	0	0	2	8	0	0	0	0	0	0	0	0	0	0	3	0	0	0	1	0	0	0	0	0	13	0	0	0	0	0	0	0	5	0	0	1	0	0	0	0	0	0	0	0	0	0	0	0	0	0	0	0	0	0	0	0	0	0	3	0	0	0	0	0	0	1	0	0	10	0	0	0	0	0	0	0	0	0	0	0	0	0	0	0	0	0	1	0	1	0	0	0	0	0	0	0	0	0	0	0	0	0	0	0	0	0	0	0	0	9	0	0	0	9	0	0	0	0	2	0	0	0	8	0	1	0	0	0	0	1	0	0	0	1	1	0	0	0	0	0	0	0	1	0	1	0	0	0	0	0	0	0	0	0	1	0	2	0	0	0	0	0	0	0	0	0	0	0	0	0	0	0	0	0	0	0	0	0	0	0	0	0	0	0	0	0	13	1	0	0	0	0	0	0	0	0	0	0	0	0	0	0	0	4	0	0	0	571	0	0	0	0	11	0	0	0	0	0	7	0	0	0	0	0	0	0	0	0	0	0	0	7	1	0	0	1	0	0	0	0	1	0	0	1	143	1	25	0	1	0	0	2	0	0	0	0	5	0	1	0	3	0	0	0	0	0	11	0	0	1	0	1	2	0	0	0	0	0	0	0	0	5	0	0	0	0	0	0	0	0	0	1	23	0	0	0	11	0	0	1	0	0	0	0	0	2	0	0	0	0	0	1	0	0	0	0	0	0	0	0	8	0	0	0	0	0	0	20	0	0	0	0	0	0	1	10	0	0	0	0	1	2	0	0	7	1	0	0	3	4	0	1	0	0	1	0	0	0	0	0	7	0	25	0	0	0	0	0	4	0	0	0	0	0	3	0	1	0	0	0	0	0	0	0	0	0	0	0	1	0	0	111	0	0	1	0	0	1	0	1	1	0	0	0	4	0	0	0	7	0	0	1	1	0	0	0	0	1	0	1	1	0	0	7	0	0	0	0	0	2	0	0	1	0	2	0	0	1	0	0	0	0	0	0	0	0	0	0
INS:repeats:3:4	0	8	0	0	0	0	0	0	3	0	0	0	0	0	1	0	0	0	0	0	0	0	0	0	0	22	0	0	0	0	0	0	0	0	0	0	0	0	0	0	0	0	0	0	0	0	0	0	0	0	0	0	0	0	0	0	0	0	9	0	0	0	0	0	1	20	0	0	1	0	5	0	0	0	0	0	12	0	0	0	0	0	0	0	0	0	18	0	0	0	0	0	0	0	28	1	0	1	0	1	0	0	0	0	0	0	1	0	0	0	0	0	0	0	0	1	0	2	0	1	18	0	1	0	0	0	0	1	0	0	11	0	0	0	0	0	0	0	0	0	1	0	0	0	0	0	0	0	0	0	0	0	0	0	0	0	0	0	0	0	0	0	1	0	0	0	0	0	0	0	0	16	0	1	0	19	0	0	0	0	5	1	0	0	6	0	0	0	0	0	0	0	0	0	0	3	0	1	0	0	0	0	0	0	0	0	0	0	0	2	0	0	0	0	0	0	0	1	0	0	0	0	0	0	0	0	0	0	0	0	0	0	0	0	0	0	0	0	0	0	0	0	0	0	1	0	0	0	27	0	1	0	0	0	0	1	0	0	0	1	0	0	0	0	0	0	0	0	0	340	0	0	0	0	8	0	0	0	0	1	22	0	0	1	2	1	0	0	1	0	0	0	0	15	0	0	0	0	0	0	0	0	0	0	0	1	11	0	36	0	0	1	0	1	0	0	1	0	12	0	1	0	3	0	0	0	0	0	26	0	1	0	0	1	1	0	0	0	0	0	0	0	0	13	1	0	0	0	0	1	0	0	0	0	35	0	0	0	16	0	0	4	0	0	0	0	0	0	2	0	0	0	0	3	0	0	0	0	0	1	0	0	6	1	0	0	0	0	1	11	0	0	0	0	0	0	0	4	1	0	1	0	0	0	0	0	10	1	0	0	0	11	0	0	0	0	1	0	0	0	0	0	11	0	10	0	0	0	0	1	12	1	4	1	0	0	8	0	3	0	0	0	0	0	0	0	0	1	1	1	0	0	0	72	0	0	1	0	1	1	0	0	0	0	0	0	8	0	0	0	11	0	0	0	0	0	0	0	0	0	0	0	0	0	0	8	0	0	0	0	0	0	0	0	3	0	2	0	0	0	1	0	0	1	0	0	0	3	0	3
INS:repeats:3:5+	1	38	1	5	0	1	0	1	9	0	0	0	0	0	0	0	0	0	1	0	0	0	0	0	0	146	1	0	0	0	0	4	1	1	0	0	1	0	2	0	0	0	0	0	0	1	0	0	2	0	0	0	2	8	0	0	0	2	60	0	0	0	0	0	5	132	0	0	0	0	23	0	0	1	0	0	54	0	0	1	3	0	1	0	0	5	179	1	1	0	0	0	0	0	145	0	0	5	0	7	0	0	0	0	0	0	0	0	0	0	0	1	1	5	0	2	1	0	1	0	74	0	0	0	0	1	0	0	0	2	121	0	0	0	1	0	4	0	1	1	1	0	0	0	0	0	0	4	0	0	0	0	0	0	0	0	0	0	0	0	0	0	0	0	0	0	0	0	0	1	0	95	0	0	0	134	0	0	0	1	28	2	0	0	78	0	1	0	0	0	0	0	1	0	0	12	0	0	0	1	0	1	0	1	3	1	4	1	0	14	1	2	1	1	0	1	0	0	7	0	0	0	0	0	0	0	1	0	0	0	0	0	0	1	0	4	0	0	0	0	0	0	0	0	2	0	0	0	162	2	3	0	1	0	2	0	0	0	0	0	0	0	1	0	0	2	2	0	2	1087	1	0	1	0	115	1	0	0	1	4	130	0	0	5	0	0	0	0	2	1	0	0	0	81	7	0	1	2	0	0	0	12	1	0	2	6	78	2	265	1	2	5	1	7	0	0	0	0	81	0	1	0	50	1	0	0	1	1	116	0	1	1	1	4	5	0	1	0	0	0	0	1	1	69	1	0	0	4	0	0	3	0	1	0	196	1	0	0	133	0	1	1	0	0	0	4	1	6	5	6	1	2	0	8	0	0	0	1	0	1	0	2	85	0	1	2	0	1	1	107	0	3	2	0	2	3	1	42	2	0	0	1	1	2	1	0	45	2	0	1	0	85	0	0	0	3	5	0	0	1	0	2	69	0	50	0	1	0	0	1	68	0	11	15	0	1	55	0	25	0	0	1	0	0	1	0	1	2	1	1	1	0	0	496	0	0	3	0	1	5	0	6	0	0	0	0	72	0	0	0	67	1	0	0	0	8	4	0	0	1	0	1	0	0	0	54	0	2	0	0	3	1	0	0	2	0	8	2	1	1	5	1	0	2	0	0	0	1	0	2
INS:repeats:4:0	0	3	1	1	0	1	0	1	10	1	0	1	0	5	1	0	1	0	0	0	0	0	0	0	0	4	0	1	0	1	0	1	1	1	1	1	1	0	0	1	0	1	0	0	0	0	0	1	2	0	0	0	0	4	0	0	0	0	5	0	0	7	2	2	7	7	1	2	4	2	2	0	0	0	0	0	8	4	0	0	4	1	1	1	1	0	19	1	0	8	0	4	0	9	9	0	0	0	0	3	0	1	2	0	0	3	1	0	0	0	0	2	0	1	0	11	3	1	1	0	1	6	0	0	0	1	0	0	0	0	14	3	0	0	1	0	2	0	2	1	0	1	1	0	1	0	0	3	0	4	4	0	1	0	0	0	1	1	0	0	0	3	0	0	1	0	0	0	0	0	1	6	1	1	1	8	0	1	0	3	7	2	2	0	9	0	1	0	1	3	2	1	2	0	3	8	0	0	1	3	1	0	0	1	0	0	10	2	0	1	0	0	9	0	0	2	0	0	3	2	3	4	0	0	0	1	0	0	3	0	0	0	0	0	0	2	0	0	0	1	0	0	0	0	0	0	0	5	209	9	13	11	4	3	7	22	2	9	5	18	10	17	8	3	6	44	2	3	7	829	16	2	5	3	183	8	4	6	6	7	108	11	7	15	35	7	6	4	5	16	9	3	8	101	10	2	6	2	6	6	3	19	65	4	5	77	252	9	235	19	8	15	1	26	14	12	4	6	78	4	18	4	73	2	2	20	11	10	83	4	11	11	1	13	9	14	23	164	8	6	5	12	3	52	5	4	6	5	7	6	13	5	14	5	299	7	1	7	126	0	9	16	4	11	10	5	6	13	8	31	0	7	5	77	3	4	2	7	3	11	1	3	63	8	5	17	8	9	9	212	2	1	8	7	5	4	21	214	12	1	4	12	18	12	13	5	30	13	4	2	7	75	10	8	6	18	11	10	10	7	3	2	55	7	347	6	11	3	8	5	93	5	11	11	2	4	28	8	16	5	3	1	5	1	5	5	6	22	18	9	8	3	10	430	3	3	31	2	8	7	4	41	5	7	6	12	58	4	5	5	137	6	5	1	15	25	0	3	5	4	7	6	5	6	1	34	1	6	11	14	6	9	5	4	26	3	313	4	3	6	21	7	9	21	18	2	5	23	2	4
INS:repeats:4:1	4	10	2	3	1	0	0	8	6	1	0	0	0	7	1	2	3	1	0	3	0	0	0	0	0	10	2	1	0	4	0	3	3	4	0	0	5	0	4	0	0	4	1	1	0	1	0	0	0	0	0	0	2	10	0	0	0	1	3	0	3	1	4	2	8	3	1	1	1	1	5	1	1	3	1	2	2	7	2	1	5	3	2	1	0	4	16	1	1	1	0	3	0	8	2	1	0	5	2	6	0	2	1	1	0	7	3	3	1	1	2	1	4	5	3	5	12	3	9	4	5	4	2	0	0	0	0	11	1	1	3	2	1	0	6	4	9	3	1	5	4	1	3	0	0	0	1	11	2	7	2	1	0	0	0	1	0	0	2	2	2	0	0	2	2	1	6	1	1	0	0	3	1	1	3	11	0	1	0	1	5	1	0	1	1	2	2	1	0	0	1	1	10	1	0	0	0	0	1	2	3	0	0	3	3	0	6	3	0	4	2	4	0	1	3	8	1	2	13	6	3	3	0	0	0	0	0	0	1	1	0	0	0	5	0	2	0	0	5	0	0	0	0	1	1	1	0	2	44	0	6	12	0	0	3	2	0	0	4	2	6	6	6	2	2	581	0	0	4	130	3	0	1	3	11	2	1	3	2	2	20	5	0	6	2	5	3	2	2	4	3	0	5	11	16	1	2	3	1	2	2	7	12	0	1	14	23	5	31	4	0	3	0	5	2	4	1	3	9	2	6	7	15	4	0	2	7	2	11	8	3	4	3	5	5	5	2	24	3	1	3	3	0	9	3	3	5	6	1	4	8	1	5	1	40	2	1	1	21	1	3	3	3	5	3	8	4	5	4	6	0	2	6	9	6	6	2	8	2	3	1	0	2	3	0	3	1	3	2	30	3	3	5	2	5	2	5	57	1	0	5	5	7	9	2	5	11	3	3	0	4	7	1	1	4	17	8	4	3	3	3	3	11	4	92	4	7	0	3	4	9	1	4	10	3	1	5	3	5	2	2	6	1	0	0	8	2	14	4	4	6	3	2	54	3	5	3	0	14	8	3	9	3	2	1	0	4	2	1	7	9	4	2	1	2	7	2	2	0	6	1	2	1	1	0	3	2	2	12	2	7	2	2	0	3	7	11	0	0	1	3	5	3	7	0	2	2	3	2	1
INS:repeats:4:2	0	2	0	0	1	0	0	0	0	0	0	0	0	0	1	0	0	0	0	0	0	0	0	0	0	6	0	0	0	1	0	2	0	0	0	0	0	0	0	0	0	1	0	1	0	2	0	0	0	0	0	0	0	0	0	0	0	1	1	0	0	1	0	0	0	7	0	0	1	0	2	0	0	0	0	0	2	1	0	0	2	0	0	0	1	0	16	0	0	1	0	0	0	0	12	0	0	2	0	0	0	0	1	0	0	0	0	0	0	0	0	1	0	2	0	0	1	0	0	0	4	0	0	0	0	0	0	1	0	0	7	0	0	0	0	0	2	1	0	0	0	0	0	0	0	0	0	1	0	2	0	0	0	0	0	0	0	0	0	0	0	1	0	0	0	0	1	0	1	0	0	2	0	0	0	4	1	0	0	0	3	0	0	0	7	1	0	0	0	0	1	0	0	1	0	2	0	0	0	0	0	0	0	0	0	0	1	0	0	1	0	0	0	0	0	3	1	0	0	0	1	1	0	0	0	0	0	0	0	0	0	1	1	1	0	1	0	0	1	0	0	0	0	0	0	0	0	0	41	0	0	0	0	0	2	1	0	1	0	0	0	0	0	0	1	23	0	0	1	732	0	0	1	0	15	0	0	1	0	1	20	0	0	1	0	1	1	1	0	0	1	1	1	9	1	0	1	0	0	0	0	3	3	0	1	4	34	0	39	0	0	1	0	3	0	0	0	1	9	1	0	0	9	0	0	0	1	1	14	1	1	2	0	2	0	0	1	5	0	0	1	0	0	4	0	1	1	0	0	0	2	0	0	0	48	1	0	0	19	0	0	2	1	1	1	1	0	1	1	0	0	0	2	10	1	0	0	0	0	0	0	0	6	0	0	0	0	1	0	21	0	0	1	0	0	0	0	39	0	0	2	1	0	4	0	0	5	1	0	0	0	8	0	1	1	3	2	1	0	0	0	0	8	1	60	1	0	0	0	0	12	0	0	2	0	0	4	0	1	0	0	0	0	0	0	3	0	0	0	2	0	0	0	92	0	0	0	0	0	2	0	0	0	0	0	0	8	0	1	0	16	0	1	1	0	2	2	0	0	0	0	1	2	0	0	6	0	1	1	0	0	0	0	0	0	0	1	0	0	0	0	2	0	3	1	2	1	0	0	0
INS:repeats:4:3	0	6	0	0	0	0	0	1	2	0	0	0	0	0	0	0	0	0	0	0	0	0	0	0	0	19	1	1	0	0	0	1	0	0	0	0	0	0	0	0	0	0	0	0	0	0	0	0	0	0	0	0	0	1	0	0	0	0	4	1	0	0	0	0	2	15	0	0	0	0	2	0	0	0	0	0	9	0	0	0	0	0	0	0	0	0	31	0	0	0	0	0	0	0	29	0	0	0	0	0	0	0	0	0	0	0	0	0	0	0	0	0	0	3	0	0	0	0	0	0	5	0	0	0	0	0	0	1	0	0	19	0	0	0	0	0	1	0	0	0	0	0	0	0	0	0	0	0	0	0	2	0	0	0	0	1	0	0	0	0	0	0	0	0	1	0	0	0	2	0	0	19	0	0	0	12	0	1	0	1	2	0	0	0	13	0	0	0	0	0	0	0	0	0	0	4	0	0	0	0	0	0	0	1	0	0	1	0	0	1	0	0	0	0	0	0	0	0	0	1	0	0	0	0	0	0	0	0	0	0	0	0	0	0	0	1	0	0	0	1	0	0	0	0	0	0	0	0	55	0	0	1	0	0	0	0	0	0	1	0	1	0	0	1	0	0	0	0	0	2102	0	1	0	0	26	0	0	0	0	0	31	0	0	2	0	0	1	0	0	0	0	0	0	9	1	0	0	0	0	0	0	0	0	0	0	6	55	2	88	1	1	0	0	1	2	0	0	1	29	0	0	0	9	0	0	0	3	1	29	0	0	0	0	2	0	0	0	0	0	0	0	0	0	25	0	0	0	0	0	1	0	1	0	0	75	0	0	0	48	0	0	0	0	1	0	0	1	0	0	0	0	0	3	6	0	0	0	1	0	1	0	0	23	0	0	0	0	1	0	25	0	3	0	0	1	0	0	38	1	0	0	0	0	0	2	0	4	1	0	0	0	14	0	0	0	1	0	0	0	0	1	0	15	0	44	0	0	0	0	0	13	0	4	2	0	0	22	0	4	1	0	0	0	2	0	0	1	0	1	1	0	0	0	245	0	1	0	0	0	0	0	2	1	0	1	0	8	0	0	0	12	1	0	1	0	1	0	0	0	1	0	0	0	0	0	9	0	0	0	1	1	1	0	0	0	2	4	0	0	0	4	0	0	3	1	0	0	0	0	0
INS:repeats:4:4	1	2	0	2	1	1	0	0	2	0	0	0	0	0	0	0	0	0	1	0	0	0	0	0	0	23	0	0	0	0	0	0	0	1	0	0	1	0	1	1	2	0	0	0	0	0	0	0	0	0	0	0	0	1	0	0	0	0	8	0	0	1	0	0	4	21	0	0	0	0	9	0	0	0	0	0	7	0	0	1	1	0	0	0	0	1	18	0	0	0	0	0	0	0	12	0	0	0	1	2	0	0	0	0	0	2	0	2	0	0	1	1	0	3	0	1	0	0	0	0	9	0	0	0	0	0	0	1	1	0	14	1	0	0	0	0	0	0	0	1	1	0	0	0	0	0	0	0	0	0	0	0	0	0	0	0	0	0	0	0	0	1	0	0	0	0	0	0	0	0	1	26	0	0	0	19	0	0	0	0	4	1	0	0	12	0	1	0	0	0	0	2	1	0	1	4	0	1	1	0	0	0	0	0	0	0	3	0	0	3	0	0	1	0	0	0	0	0	1	0	0	0	0	0	0	0	0	0	0	0	0	0	1	0	0	0	0	0	0	0	0	0	0	0	0	0	0	0	53	0	4	0	0	0	2	0	1	0	0	0	1	0	0	0	0	0	1	0	1	1360	0	0	1	0	52	1	0	1	0	2	41	0	1	0	0	0	0	0	2	0	1	0	1	24	0	0	1	0	0	0	0	0	0	0	0	1	45	1	93	1	0	1	1	3	0	0	0	0	18	2	0	0	22	0	0	1	0	1	50	0	0	0	0	1	2	1	0	0	2	0	0	0	1	34	0	0	0	1	0	2	1	0	0	0	97	1	0	0	58	0	1	1	1	3	0	0	1	3	0	6	0	0	0	4	1	0	0	2	0	1	0	1	23	1	0	1	0	1	2	50	0	2	0	0	0	0	0	27	0	0	1	3	1	0	1	1	20	1	0	0	0	16	1	3	0	2	2	0	1	0	0	0	25	0	50	0	2	0	0	2	19	0	3	5	0	0	22	0	2	0	2	0	0	0	0	0	0	0	1	1	2	0	0	281	1	0	3	0	1	1	0	1	0	1	0	0	13	0	0	1	31	0	0	0	1	5	0	0	0	1	0	0	0	0	0	10	1	0	0	0	2	2	0	2	0	0	3	1	0	0	2	2	0	3	0	0	1	2	0	0
INS:repeats:4:5+	1	14	0	4	0	0	0	0	3	0	0	0	1	0	0	0	0	0	0	2	0	0	0	0	0	46	1	0	0	0	0	2	0	0	0	0	1	0	2	3	1	0	0	0	0	0	0	0	3	0	0	0	0	2	0	0	0	1	29	0	0	1	1	0	3	72	3	0	0	1	13	1	0	0	0	1	20	2	0	0	0	0	0	1	0	1	60	0	0	0	0	0	0	0	20	0	0	2	0	10	0	2	0	1	0	2	0	0	0	0	1	2	1	4	0	5	0	0	2	0	15	0	0	0	0	0	0	0	0	2	24	0	0	0	0	1	3	1	0	1	1	0	0	0	0	0	1	2	0	0	1	0	1	0	0	1	0	1	0	0	0	0	0	0	3	0	0	0	0	0	0	45	0	0	1	61	0	0	0	3	16	0	0	0	26	0	1	0	0	1	0	1	2	0	0	10	0	0	1	0	0	2	0	0	2	2	0	0	1	3	3	0	4	0	0	2	0	0	7	1	0	0	0	0	0	0	1	0	5	0	0	0	2	1	0	6	0	0	1	1	0	0	0	0	0	0	0	3	73	2	1	0	0	0	0	2	0	0	0	0	0	1	0	1	0	0	2	0	0	214	2	0	2	1	41	3	0	0	0	1	49	0	0	4	2	0	2	0	4	0	0	0	0	22	0	0	0	0	1	1	0	4	0	0	0	1	30	2	81	0	0	5	0	5	1	1	0	0	21	2	0	0	21	0	0	1	0	0	54	0	3	0	1	4	1	0	0	1	0	1	0	0	0	26	0	1	0	6	0	2	1	1	0	0	40	1	1	0	33	0	0	1	1	3	0	2	0	6	5	8	0	1	0	3	0	0	0	0	0	0	0	2	14	2	0	1	0	1	0	36	0	0	0	1	0	0	0	16	0	0	0	2	5	1	0	1	18	0	0	0	0	18	2	2	0	2	3	0	0	1	0	0	38	1	29	0	1	0	0	1	16	2	4	10	0	3	19	1	6	0	0	0	0	0	0	2	2	1	2	0	2	0	0	227	0	0	1	0	1	2	1	4	0	0	1	1	17	0	0	0	18	1	0	0	0	4	0	0	0	0	1	1	3	0	0	11	0	1	1	2	0	0	0	0	2	0	1	3	0	0	1	0	0	7	0	0	1	0	0	2
INS:repeats:5+:0	5	3	3	8	2	15	1	3	9	1	0	0	2	15	3	0	3	0	1	4	1	0	5	0	0	16	0	13	2	2	0	3	0	4	2	2	3	0	2	3	0	6	2	0	0	2	2	0	2	1	2	0	0	9	2	0	0	1	13	1	0	34	5	3	10	17	0	0	7	0	1	1	0	2	0	3	18	17	0	3	14	4	4	0	1	3	34	4	0	10	0	5	1	13	12	2	3	3	2	4	0	3	3	3	2	12	2	0	1	2	0	13	2	5	2	10	10	12	3	4	2	0	1	0	0	1	0	4	2	0	7	7	0	0	3	2	7	0	3	2	0	0	0	0	0	0	3	8	1	6	1	4	0	0	0	0	7	0	3	2	1	14	0	0	2	1	5	0	2	0	4	12	1	3	1	15	7	0	0	3	7	2	1	1	14	3	0	0	0	6	0	3	6	3	1	10	2	0	4	1	0	3	1	2	3	3	7	3	0	9	0	5	22	1	2	5	2	1	8	2	3	8	2	1	0	1	2	0	2	2	1	9	1	3	0	4	1	2	3	0	0	0	0	0	4	0	0	23	507	35	39	57	28	57	27	82	18	32	21	43	42	62	49	22	42	43	28	30	29	1975	71	25	19	23	407	22	48	140	18	22	319	23	117	40	125	25	20	13	40	80	26	19	34	410	24	122	52	20	17	55	17	37	149	11	31	169	546	35	539	92	48	52	7	72	33	60	57	16	260	21	31	54	209	22	22	98	69	20	342	33	23	47	21	81	38	46	59	338	51	66	27	45	26	234	47	15	25	23	21	30	91	88	55	38	592	38	17	147	367	50	18	33	36	40	38	54	61	53	23	94	75	134	44	172	13	18	10	31	16	14	13	16	178	39	11	54	16	35	18	607	8	15	31	17	32	18	36	557	22	11	21	32	45	43	22	28	143	40	14	10	27	170	13	32	45	61	120	26	14	73	12	20	182	20	831	30	35	7	79	29	236	18	117	58	10	23	351	20	125	68	24	10	10	32	29	27	15	80	33	23	33	66	45	1358	16	93	73	12	37	42	36	74	23	30	52	45	163	20	21	13	364	15	40	14	63	48	13	17	28	25	55	31	35	95	19	116	25	17	29	36	121	52	32	12	73	238	574	68	6	18	95	50	31	46	39	21	25	43	22	18
INS:repeats:5+:1	7	9	7	27	12	12	0	28	117	1	1	0	5	24	6	4	4	1	4	9	4	0	0	0	0	16	2	17	2	5	1	19	5	5	0	6	10	0	6	15	3	7	1	1	4	2	3	4	5	0	1	1	3	48	1	0	0	5	5	5	9	9	7	7	60	26	2	5	17	9	9	2	3	6	0	8	5	20	13	4	24	6	7	5	1	21	27	12	0	20	0	10	0	16	11	5	2	27	5	24	3	15	4	6	0	8	13	5	3	0	3	3	3	18	13	33	85	10	22	3	8	19	3	0	0	2	1	36	9	12	4	14	2	1	10	5	28	9	13	14	1	4	6	0	1	1	7	20	8	17	8	3	4	1	1	1	2	6	7	6	3	16	6	6	8	10	8	2	5	1	8	15	5	13	7	21	22	7	0	6	29	8	1	0	12	2	3	0	3	2	13	13	44	6	1	30	9	1	9	9	6	9	0	14	46	6	50	16	6	11	11	12	4	5	8	39	5	8	26	9	9	54	4	0	2	2	1	0	17	8	0	21	2	13	0	13	1	1	12	2	0	0	0	0	6	3	5	9	86	16	20	34	5	1	10	20	4	12	17	5	11	11	12	4	12	21	5	11	14	462	8	3	7	15	30	10	7	3	9	8	59	8	2	14	29	5	12	8	8	21	18	3	11	27	11	6	15	6	5	9	12	16	29	1	5	20	45	19	77	15	17	27	3	28	12	9	3	7	31	10	11	9	19	14	8	23	49	8	66	6	12	12	12	14	4	13	18	104	8	5	4	4	2	34	19	5	6	8	1	7	25	7	20	18	90	11	1	15	33	5	6	12	9	13	7	15	9	19	9	21	2	2	19	20	15	20	6	20	15	6	5	6	22	14	10	17	10	19	9	45	6	9	16	10	8	5	14	51	7	3	5	22	24	37	11	9	26	14	13	7	13	13	8	13	12	19	20	10	6	15	6	7	19	11	111	10	9	2	10	13	16	5	8	37	5	12	37	14	17	6	7	12	2	0	6	13	17	35	7	12	20	5	3	154	2	2	30	5	88	20	3	73	17	10	3	8	11	11	14	8	37	11	3	3	7	17	14	1	2	12	3	6	6	3	8	11	9	4	6	15	14	7	5	11	23	5	31	5	7	24	51	8	8	18	14	5	10	15	5	4
INS:repeats:5+:2	0	1	0	0	1	0	1	2	2	0	0	0	0	0	0	0	0	0	0	2	0	0	0	0	0	3	0	0	0	0	0	2	0	1	0	0	0	0	1	1	1	3	0	0	0	0	0	0	2	0	0	0	0	0	0	0	0	0	0	0	0	2	0	0	1	5	0	0	0	0	0	0	0	0	0	0	2	2	1	0	2	1	2	0	0	0	2	0	0	0	0	0	0	0	3	0	0	1	2	1	0	1	0	1	0	1	1	0	0	0	0	0	0	2	1	0	0	1	1	0	0	0	1	0	0	0	0	1	0	0	0	0	0	0	0	0	0	0	0	1	0	0	0	0	0	0	0	0	0	0	1	0	0	0	0	0	0	1	0	0	0	0	0	1	0	0	0	0	0	0	0	2	0	1	0	5	0	0	0	0	0	0	0	0	1	0	0	0	0	0	1	0	0	0	0	2	1	0	1	0	1	1	0	0	0	0	1	0	0	0	0	0	0	0	0	0	0	0	1	1	1	0	0	0	0	0	0	0	0	0	0	0	0	0	0	1	0	0	0	1	0	0	0	0	1	0	0	1	26	0	3	0	0	0	1	0	0	0	0	0	0	0	1	0	0	2	0	0	2	872	1	0	0	0	6	0	0	0	0	1	17	1	0	1	0	1	2	0	1	3	0	0	1	9	1	0	1	1	1	1	1	4	1	0	0	3	17	4	29	1	0	1	0	2	1	1	0	0	9	1	2	1	7	0	0	1	2	0	21	1	2	1	0	2	0	0	0	2	0	1	1	1	3	14	0	1	1	0	0	0	3	1	1	0	24	0	0	0	13	0	0	1	0	0	0	4	0	2	2	2	0	0	2	1	1	1	0	3	1	2	0	1	6	1	2	1	1	0	0	23	1	0	2	0	2	0	0	21	0	0	0	3	2	3	0	1	5	0	1	2	3	5	0	1	0	4	2	0	0	0	1	0	8	1	23	1	0	0	2	0	8	0	2	2	0	1	18	3	2	0	2	0	0	0	0	3	0	2	2	0	0	0	0	122	0	0	2	0	4	3	0	1	0	1	0	1	5	0	0	1	11	0	0	0	0	0	1	0	0	0	1	0	1	1	0	2	0	0	1	1	1	0	0	0	1	0	2	0	1	0	4	0	1	2	2	0	0	1	2	2
INS:repeats:5+:3	0	2	0	0	0	0	0	0	0	0	0	0	0	1	0	0	0	0	0	0	0	0	0	0	0	3	0	0	0	0	0	0	0	0	0	0	0	0	0	0	0	0	0	0	0	0	0	0	1	0	0	0	0	0	1	0	0	0	1	0	0	0	0	0	0	3	1	0	0	0	0	0	0	0	0	0	2	0	0	0	0	0	0	0	0	0	4	0	0	0	1	0	0	0	2	0	0	0	0	0	0	0	0	0	0	0	1	0	0	0	0	0	0	2	0	2	0	0	1	0	1	0	0	0	0	0	0	0	0	1	3	0	1	0	0	0	1	0	0	0	0	0	0	0	0	0	0	1	0	0	0	0	0	0	0	0	0	0	0	0	0	0	0	0	0	0	0	0	0	0	0	4	0	0	0	5	0	0	0	0	2	0	0	0	1	0	0	0	0	0	0	0	0	0	0	1	0	1	0	0	0	2	0	0	0	0	1	0	0	0	1	0	0	0	0	0	0	0	1	0	0	0	0	0	0	0	0	0	1	0	0	0	0	0	0	1	0	0	0	0	0	0	0	0	1	0	0	1	15	1	2	1	0	0	0	2	0	0	0	0	1	0	1	0	0	0	0	0	1	235	1	0	1	0	3	0	0	0	0	0	8	0	0	1	2	0	0	0	0	0	0	0	0	3	0	1	0	0	0	1	0	1	0	0	1	4	7	1	20	0	0	0	0	1	1	2	0	0	3	1	0	0	1	0	1	0	0	0	14	0	0	0	0	0	0	1	0	0	0	1	0	0	0	10	0	0	0	0	0	1	3	0	0	2	13	1	0	0	4	0	0	0	0	0	0	0	0	2	0	1	0	0	1	0	0	0	0	0	0	1	0	0	4	1	0	0	0	1	3	7	0	1	0	0	0	1	0	2	0	0	1	0	0	0	0	2	3	0	0	0	1	3	0	0	0	0	1	0	1	1	0	0	2	1	3	0	0	0	0	0	2	0	0	3	0	0	12	0	0	0	0	1	0	0	0	1	1	1	0	0	0	0	0	70	1	0	1	0	0	1	0	0	0	1	0	0	4	0	0	0	4	0	0	0	0	1	1	0	1	0	0	0	0	0	0	3	0	0	0	0	1	0	0	0	0	1	2	1	0	0	0	0	0	3	0	0	0	1	0	1
INS:repeats:5+:4	0	3	0	0	0	0	0	0	0	0	1	0	1	0	0	0	0	0	0	0	0	0	0	0	0	3	0	0	0	0	0	1	0	0	0	0	1	0	0	0	0	0	0	0	0	0	1	0	0	0	0	0	0	0	0	0	0	1	4	0	0	0	0	0	2	4	0	0	0	0	1	0	0	0	0	0	1	0	0	0	0	0	0	0	0	1	5	0	0	0	0	0	0	0	1	0	0	0	0	0	0	0	1	0	0	2	0	0	0	0	0	1	0	2	0	1	0	0	0	0	2	0	0	0	0	0	0	0	0	0	3	0	0	0	0	0	1	1	0	0	0	0	0	0	0	0	0	0	0	0	0	0	0	0	0	1	0	0	0	0	0	0	0	0	0	0	0	0	0	0	0	5	0	0	0	4	0	0	0	0	3	0	0	0	1	0	0	0	0	0	0	0	0	0	0	1	0	0	0	0	0	0	0	1	0	0	0	0	1	0	0	1	0	0	0	0	0	1	2	0	0	0	0	0	0	0	0	0	1	0	1	0	0	0	0	0	0	0	0	0	0	0	0	0	0	0	0	1	14	1	1	0	0	0	0	0	0	0	0	0	0	0	0	0	0	0	0	0	0	39	0	0	0	0	6	0	0	0	0	1	8	0	0	0	0	0	0	0	0	0	0	0	0	3	1	0	0	1	0	0	0	1	0	0	1	0	5	0	12	0	0	0	0	2	0	0	0	0	2	1	1	0	3	0	0	0	0	0	9	0	1	1	0	1	1	1	0	0	0	0	1	0	0	4	0	0	0	0	0	0	0	0	0	0	11	1	0	0	3	0	0	0	0	3	0	0	0	0	0	0	0	0	0	0	0	1	0	1	0	0	0	1	3	0	0	0	0	1	0	3	0	0	0	0	1	1	0	1	1	0	0	0	0	0	0	0	3	0	0	0	0	0	0	0	0	1	1	0	0	0	1	0	1	0	2	0	0	0	0	0	2	1	1	4	0	0	6	0	0	0	0	0	0	0	1	0	0	0	1	0	0	0	0	54	0	0	2	0	1	3	0	0	0	0	0	0	0	0	0	0	2	0	0	0	2	3	0	0	0	0	0	0	0	0	0	3	1	0	1	2	0	0	0	1	0	0	0	0	0	0	0	0	1	0	0	0	0	0	0	0
INS:repeats:5+:5+	0	2	0	1	0	0	0	0	0	0	0	0	0	1	1	0	0	0	0	0	0	0	0	0	0	4	0	0	0	0	0	0	0	0	0	0	0	0	0	0	1	0	0	0	0	0	0	0	0	0	1	0	1	0	0	0	0	0	2	0	0	0	0	0	0	3	0	0	0	0	3	0	0	0	0	0	1	1	0	0	0	0	0	0	0	0	2	0	0	0	0	0	0	0	0	0	0	0	0	0	0	0	0	0	0	3	0	0	0	0	0	0	1	0	0	1	1	0	0	0	0	0	0	0	0	0	0	0	0	0	4	0	0	0	0	0	0	1	0	0	0	0	0	0	0	0	1	0	0	0	0	0	0	0	0	0	0	0	0	0	0	0	0	0	0	0	0	0	0	0	0	5	0	0	0	3	0	0	0	0	0	0	0	0	1	0	0	0	0	0	0	0	1	0	0	0	0	0	0	0	0	0	0	0	0	0	1	0	0	0	0	0	0	0	0	0	0	0	0	0	0	0	0	0	0	0	0	0	1	0	0	0	0	0	0	0	0	0	1	0	0	0	0	0	0	0	0	0	7	0	1	0	0	0	0	0	0	0	0	0	1	0	0	1	0	0	0	1	0	9	0	0	0	0	3	0	0	0	0	1	1	0	0	1	0	0	0	0	0	0	0	0	0	0	0	0	0	0	0	0	0	1	0	0	0	0	2	2	1	0	1	0	0	0	1	0	0	0	0	0	0	0	1	0	0	0	0	0	3	0	1	0	0	1	1	0	0	1	0	0	0	0	0	0	0	0	0	1	0	0	1	0	0	0	4	0	0	0	1	0	0	0	0	1	0	0	0	0	1	0	0	0	0	0	0	0	0	2	0	0	0	0	1	2	0	0	0	1	0	3	0	1	0	0	0	0	0	2	0	0	0	0	1	0	0	0	0	0	0	0	0	1	0	0	1	0	0	0	0	0	0	0	3	0	2	0	0	0	0	1	1	0	0	2	0	0	0	0	0	0	0	0	0	0	0	0	0	0	0	0	0	0	0	6	0	0	0	0	0	0	0	0	0	0	0	0	1	0	0	0	1	0	0	0	0	0	0	0	0	0	0	0	0	0	0	0	0	0	0	0	0	0	1	0	0	0	0	0	0	0	1	0	0	0	1	0	0	0	0	0
DEL:MH:2:1	5	90	7	16	33	16	0	912	11	5	0	8	4	12	3	138	30	0	16	11	0	1	1	0	0	277	2	9	0	10	0	8	15	17	0	289	15	0	14	2	2	6	3	1	23	5	2	26	34	2	1	1	13	22	2	1	0	5	88	13	21	4	18	46	11	101	5	9	19	11	52	5	51	11	1	12	163	52	12	3	11	8	2	2	1	32	230	2	0	21	0	14	1	33	219	16	3	21	8	41	3	7	14	9	0	9	20	4	35	3	13	21	7	23	6	27	25	10	34	3	112	49	6	0	0	8	0	25	55	4	393	16	5	4	15	15	10	5	9	22	2	49	11	0	0	1	5	14	7	26	25	27	2	13	0	6	4	3	28	50	5	8	12	5	12	17	20	5	13	1	2	24	2	9	5	128	12	4	0	8	80	7	4	2	110	13	5	0	3	2	6	11	7	19	11	34	15	0	10	19	4	10	25	51	6	2	14	8	2	134	3	13	6	8	8	10	13	12	28	11	26	18	4	0	1	4	6	0	15	17	0	12	13	10	0	12	2	0	16	9	0	0	0	0	4	28	1	13	489	26	21	84	10	2	360	22	6	23	59	6	9	15	78	67	6	72	11	8	26	185	9	5	14	4	337	9	6	4	16	8	370	11	4	14	23	10	27	26	9	25	14	3	35	322	25	5	18	10	20	93	296	29	84	2	16	43	56	13	617	45	11	17	0	20	16	29	2	18	109	14	20	3	174	17	10	14	17	8	286	15	14	16	14	20	13	18	73	34	12	32	11	7	5	208	12	5	5	22	5	9	22	5	28	17	650	11	8	7	255	4	173	13	37	254	7	20	16	21	10	41	5	13	30	79	24	32	4	20	4	5	18	9	212	11	21	42	16	16	29	422	3	15	551	24	20	14	14	254	20	0	7	12	25	42	21	20	302	12	19	4	7	148	10	25	13	22	35	28	23	11	5	5	29	13	389	11	27	6	9	12	125	84	38	12	11	7	138	18	30	11	6	8	10	0	17	30	13	17	18	34	7	8	14	290	28	4	14	4	19	18	0	44	7	10	5	13	135	19	20	8	237	11	9	1	16	24	17	1	8	33	11	15	11	3	19	167	21	6	14	34	22	7	12	20	28	12	24	8	7	6	11	17	21	23	55	17	5	11	152	11
DEL:MH:3:1	1	12	2	2	6	5	0	19	4	0	0	7	0	8	4	8	7	0	2	9	3	0	2	0	0	11	1	6	0	5	0	2	10	6	0	8	5	0	1	0	4	2	0	1	4	2	2	1	2	0	0	0	3	2	3	0	0	1	7	0	2	8	7	8	5	7	1	5	2	3	4	3	3	1	0	3	11	25	4	1	5	4	1	1	0	2	14	2	1	13	0	4	0	18	16	10	0	5	2	5	3	3	4	1	0	3	4	0	3	0	2	14	1	4	1	5	11	6	15	0	7	19	1	0	0	1	0	4	25	2	24	6	1	0	3	2	6	1	4	5	0	8	5	1	0	0	0	2	2	12	6	2	0	8	0	2	4	2	8	3	0	4	1	1	3	3	11	0	3	0	1	0	5	5	0	9	6	4	0	2	11	0	2	0	7	4	2	0	0	1	0	6	3	2	0	5	7	2	2	2	3	0	2	4	4	2	7	4	1	12	2	4	0	5	3	6	3	5	2	0	13	10	1	0	2	2	1	0	1	6	0	8	2	6	0	2	0	0	0	2	0	0	0	0	4	0	1	3	71	10	0	13	6	0	5	2	8	2	26	2	4	4	70	9	2	65	4	3	19	23	1	1	4	1	26	3	7	1	4	4	58	3	1	4	2	2	2	11	2	6	3	2	13	53	8	1	6	0	4	17	2	6	9	1	3	18	2	3	94	6	9	1	0	7	4	2	1	12	8	3	2	1	15	9	3	3	10	2	45	3	1	2	6	3	2	8	6	13	9	19	0	0	0	31	11	0	3	1	2	5	1	0	7	4	111	3	1	2	21	0	2	3	6	10	4	4	1	6	2	8	3	5	20	14	6	12	3	3	0	0	8	4	20	2	12	5	7	6	20	60	0	7	5	13	6	3	4	25	6	0	3	2	4	14	1	2	23	5	11	1	2	23	1	6	1	1	2	7	5	8	0	1	1	2	39	3	4	1	7	2	15	7	7	1	5	1	17	3	3	2	1	2	5	0	1	9	1	8	4	10	2	0	2	50	7	4	1	1	6	2	2	9	2	1	0	8	11	2	11	1	30	1	3	2	3	1	3	2	3	12	2	5	3	1	3	15	7	3	3	3	3	2	3	0	4	1	5	1	3	1	4	6	2	1	4	3	0	3	5	2
DEL:MH:3:2	2	57	2	14	8	12	0	85	5	2	0	3	4	1	5	119	2	0	15	5	3	0	2	0	0	198	1	8	0	7	0	7	7	0	0	17	8	0	4	2	1	5	5	1	7	2	2	25	16	1	1	0	6	13	4	0	0	5	61	1	3	7	8	7	23	77	2	9	4	1	31	7	27	5	0	11	92	17	3	1	9	10	2	3	1	14	139	1	0	12	0	6	0	16	144	6	1	15	4	29	2	4	7	0	0	2	2	1	3	2	4	10	2	10	5	13	7	9	13	3	85	16	1	0	0	7	0	7	27	5	275	4	0	2	10	10	8	5	5	8	2	7	4	0	0	0	3	5	11	9	7	14	3	1	0	4	3	2	6	8	4	8	5	4	6	6	4	3	5	0	5	14	1	6	2	72	7	2	0	3	36	8	3	5	59	8	7	0	0	2	3	6	8	7	4	10	1	1	7	4	5	13	5	6	5	2	14	0	0	85	4	7	1	3	7	7	4	11	15	5	7	8	3	0	0	1	3	0	6	10	1	6	7	0	1	8	4	1	6	3	1	1	0	1	2	0	1	4	226	8	9	16	6	0	21	4	5	4	22	1	4	2	50	40	3	30	9	2	8	67	4	2	8	4	189	6	5	4	6	7	189	3	3	8	5	2	9	10	0	7	9	1	13	162	5	1	6	4	8	61	25	17	19	0	6	6	28	12	318	6	10	10	0	7	8	4	0	7	56	4	5	7	97	9	1	6	15	6	155	12	4	10	6	15	4	3	11	18	3	14	7	3	0	133	13	3	1	12	3	3	13	0	6	7	303	3	2	3	102	1	11	4	1	144	2	9	11	10	7	13	1	3	11	21	5	11	1	10	4	2	8	5	129	6	4	22	6	7	13	230	1	3	44	9	12	15	4	60	19	0	5	13	12	18	3	9	206	8	5	3	8	54	2	15	2	12	15	8	7	8	3	5	11	7	72	6	15	4	6	5	96	67	16	3	4	1	73	8	38	4	2	3	3	1	13	12	9	9	5	18	6	6	3	85	12	3	7	3	6	18	2	18	6	7	1	16	51	6	10	4	105	5	4	2	6	10	7	0	0	13	3	5	4	1	10	77	9	2	8	6	7	1	5	6	16	8	14	4	8	3	5	17	4	17	3	6	2	8	3	3
DEL:MH:4:1	1	9	0	4	4	10	0	16	0	1	0	4	2	3	3	33	4	0	3	5	1	0	2	0	0	32	1	7	0	6	0	2	14	3	0	5	7	0	3	0	3	4	0	2	0	2	0	5	2	0	1	0	6	3	1	0	0	1	14	1	4	3	6	7	5	11	1	2	2	7	7	1	8	4	0	4	13	17	4	3	6	5	0	1	0	4	19	3	0	14	0	4	0	9	30	8	1	2	1	4	1	1	2	1	0	0	1	0	1	0	3	12	1	5	1	4	4	8	13	1	15	14	1	0	0	3	0	10	18	1	42	13	1	0	3	1	4	2	4	2	0	4	8	0	0	0	0	3	4	11	4	3	0	8	0	0	6	0	7	1	1	11	2	0	2	3	7	1	1	0	1	4	3	2	2	12	3	0	0	1	7	2	2	1	11	2	3	0	2	0	3	6	5	2	2	2	1	1	0	7	1	3	5	4	0	0	4	2	1	22	1	5	4	1	6	5	4	4	5	0	8	7	0	0	0	0	1	0	3	1	0	3	3	3	0	1	2	0	4	1	0	0	0	0	2	1	1	6	149	6	4	7	9	0	1	4	4	2	30	4	5	4	52	14	0	103	3	1	10	33	4	1	4	0	80	3	4	5	5	6	107	2	0	6	6	1	4	9	3	6	4	1	19	50	10	2	5	0	10	22	6	6	7	2	8	18	15	3	220	5	4	5	1	6	1	1	1	6	40	0	3	4	38	8	1	5	6	2	85	7	4	5	3	8	4	4	5	12	4	14	2	2	2	55	12	3	3	8	1	4	4	3	5	6	211	0	2	4	91	2	6	3	2	17	4	8	3	2	2	11	5	2	22	27	2	10	1	3	2	0	7	2	48	6	10	3	6	4	15	107	2	7	19	11	5	4	10	86	15	1	7	3	2	13	7	5	62	10	11	1	3	39	3	12	2	4	4	11	2	10	3	4	11	5	92	6	8	0	7	1	39	9	10	2	3	2	32	11	14	2	2	2	3	0	5	8	3	8	1	8	7	1	8	77	2	2	3	1	9	1	0	5	3	5	2	14	20	2	6	3	70	5	4	2	2	8	5	1	4	5	1	3	4	0	3	26	3	7	3	1	6	1	5	5	7	3	4	2	1	2	5	5	1	7	6	7	3	1	4	1
DEL:MH:4:2	2	22	1	8	6	8	0	31	4	3	1	0	2	1	3	73	5	0	14	9	2	0	2	0	0	46	0	16	0	5	0	3	10	5	0	19	9	0	5	1	9	10	2	1	2	2	1	13	11	0	1	0	8	9	4	0	0	4	21	4	2	8	6	3	6	10	1	5	1	1	10	3	16	3	0	5	19	10	1	0	18	7	0	2	0	10	35	0	0	18	3	3	0	6	42	11	2	4	1	15	3	3	4	2	0	4	5	2	6	0	2	7	1	7	1	8	4	7	14	0	32	11	4	0	0	6	0	4	27	0	83	8	1	0	2	4	2	3	6	2	0	6	2	0	0	0	4	4	8	8	2	7	1	5	0	6	3	3	5	1	4	8	8	1	3	7	8	1	5	0	2	8	4	5	3	16	8	2	0	2	14	3	1	1	24	6	2	0	0	1	0	2	4	7	9	3	5	1	2	2	4	8	6	4	2	1	6	0	2	32	0	6	1	3	1	5	1	5	6	3	9	6	0	0	0	4	0	0	4	3	0	8	8	4	2	4	4	2	8	3	0	0	0	0	5	3	3	2	82	5	9	10	3	2	10	3	8	3	16	3	3	1	43	31	2	67	15	3	12	12	5	1	7	2	88	4	8	1	2	2	65	3	4	9	3	3	13	9	3	5	5	3	14	61	8	1	7	1	6	34	12	11	13	2	10	5	9	2	107	10	13	5	1	8	5	5	0	7	20	2	3	7	39	4	1	1	10	2	37	4	3	8	3	5	2	5	9	4	6	14	2	2	1	33	17	4	0	10	0	4	7	1	5	12	114	6	2	3	43	1	2	4	0	55	0	3	1	5	4	10	2	5	14	17	6	5	1	4	0	2	9	5	56	12	4	8	7	4	12	78	1	5	34	5	3	17	3	16	8	1	4	2	7	22	3	3	65	11	5	2	11	19	2	26	1	6	5	8	5	13	1	6	3	3	18	10	7	0	15	3	30	15	9	5	5	4	27	8	3	3	3	4	1	1	16	5	4	6	3	11	2	1	7	25	10	1	4	2	3	12	0	6	3	5	3	8	24	4	9	2	53	6	2	0	3	5	3	1	2	10	2	4	5	3	4	31	4	1	1	1	4	1	2	5	7	8	5	3	6	4	1	8	2	10	5	7	3	5	4	2
DEL:MH:4:3	4	40	3	5	0	12	0	55	7	1	3	3	2	0	3	101	3	0	20	6	1	1	0	0	0	95	1	6	0	6	0	1	7	1	0	39	10	0	2	5	6	6	6	1	4	1	1	19	13	0	2	0	14	14	4	0	0	2	32	1	4	9	2	4	15	46	2	3	2	3	18	2	34	4	2	7	65	8	1	2	9	12	4	2	0	18	85	3	1	8	0	3	2	8	78	6	3	3	2	23	0	5	7	3	0	3	3	2	4	0	8	3	3	13	3	12	7	3	4	2	34	2	2	0	0	10	0	7	29	3	102	7	4	5	7	5	2	3	1	3	2	2	4	0	0	0	0	7	9	9	2	14	1	3	0	7	4	3	5	4	5	8	3	5	9	25	4	0	5	0	0	8	1	3	2	37	8	2	0	6	23	0	0	6	26	5	2	0	0	1	0	4	7	19	6	5	2	5	1	3	1	9	13	6	4	3	11	2	5	40	2	13	9	6	1	4	2	2	11	2	5	7	2	0	0	0	3	0	7	6	0	6	12	7	3	11	6	1	9	6	1	0	0	0	2	7	1	10	132	5	6	10	6	1	22	7	4	2	9	2	6	3	15	55	1	15	27	4	7	42	1	0	15	0	114	10	5	4	4	8	87	6	4	9	7	7	13	7	4	3	7	11	8	78	11	2	3	3	6	50	32	7	11	2	20	18	24	5	191	11	12	8	2	12	7	4	3	5	28	4	0	8	51	6	4	4	11	2	85	9	2	5	11	9	4	3	5	7	6	5	9	1	1	51	18	3	3	8	6	8	9	3	3	10	170	12	2	10	52	2	8	0	4	69	0	11	6	6	5	18	3	2	7	15	4	7	3	8	3	1	5	4	77	7	2	21	8	3	7	114	2	6	65	6	8	19	2	42	8	4	6	6	16	14	5	12	92	8	4	1	12	30	4	21	9	3	11	3	3	9	4	6	8	9	71	1	6	1	11	9	48	37	16	5	4	3	31	14	16	1	3	5	1	0	22	8	2	11	0	13	4	6	7	52	12	2	10	1	3	12	0	10	5	8	2	17	25	1	8	3	82	8	3	0	9	6	6	1	3	9	5	5	6	1	4	44	2	5	6	6	4	1	8	9	6	9	7	4	1	1	2	9	3	18	3	5	3	4	17	5
DEL:MH:5+:1	11	6	16	9	39	135	0	65	22	12	3	27	6	44	137	14	24	1	2	139	8	0	0	0	0	20	2	77	0	24	1	13	75	22	0	46	20	0	8	6	4	136	4	6	14	10	3	18	16	0	1	0	3	12	12	0	0	6	18	4	14	62	28	27	31	17	8	103	38	25	16	9	1	23	2	142	15	91	27	9	183	81	3	5	0	23	28	28	0	206	0	15	1	53	19	76	4	8	8	15	9	114	24	12	0	7	19	6	15	2	16	68	8	25	9	33	195	85	94	12	10	90	7	0	0	5	0	170	90	10	19	314	19	2	19	15	12	9	235	8	0	6	19	0	0	0	10	18	194	47	19	5	5	36	0	4	40	15	32	18	5	89	12	7	16	16	33	2	25	1	8	13	7	74	6	21	164	20	0	6	62	2	5	3	18	10	131	0	2	2	25	52	12	1	4	11	21	5	6	31	29	10	4	24	8	12	31	23	13	31	8	126	3	12	18	156	20	30	23	4	46	186	3	0	2	6	8	0	5	28	1	158	11	9	3	14	5	6	7	7	2	0	0	0	38	2	4	17	287	30	11	69	68	10	30	26	36	42	174	12	29	53	741	6	7	240	14	18	89	61	14	8	3	10	90	11	113	30	28	14	195	9	23	37	29	10	22	91	10	47	114	9	99	136	25	14	216	9	38	70	20	23	89	5	4	74	37	19	406	40	99	14	1	26	12	36	17	45	119	14	28	67	61	45	18	38	140	10	188	29	10	16	20	20	10	58	26	154	98	109	12	6	5	75	147	9	13	13	11	5	29	16	44	13	403	17	9	26	120	7	15	10	23	28	18	43	28	21	11	45	24	41	94	86	46	57	11	41	12	9	23	16	69	272	32	23	28	44	236	167	14	12	36	43	29	3	33	133	53	3	17	15	23	299	18	24	35	168	64	6	86	36	7	195	22	28	44	42	14	113	9	16	22	21	175	152	55	6	102	10	51	10	22	11	19	12	103	20	26	14	10	7	16	4	8	52	17	38	25	92	12	11	25	130	17	21	27	9	210	10	8	42	23	103	9	151	38	14	67	9	95	18	10	18	40	13	10	7	16	44	15	70	14	24	25	53	21	18	35	15	32	12	27	11	21	57	20	12	9	8	22	10	15	17	23	23	8	36	12	8
DEL:MH:5+:2	9	9	8	15	39	264	0	55	19	5	1	12	7	27	99	15	11	1	3	146	7	0	1	0	0	14	3	129	0	17	0	9	61	20	1	23	22	0	5	2	7	269	4	4	10	5	3	20	9	0	1	0	2	11	7	0	0	4	12	8	17	45	21	20	19	8	8	183	17	15	10	6	4	10	1	159	4	47	22	3	318	139	3	3	1	15	31	22	1	332	0	8	0	33	8	46	2	8	4	16	6	82	22	2	0	12	16	6	11	1	15	40	5	21	5	41	117	184	63	12	7	57	5	0	0	1	0	115	66	10	17	387	9	4	12	12	20	9	256	5	1	3	12	0	0	0	4	24	227	22	25	10	4	24	0	3	50	9	24	18	8	190	11	7	12	16	27	1	24	0	6	13	7	163	4	12	198	12	0	3	38	7	1	2	6	16	145	0	4	0	27	31	8	5	4	11	10	4	8	16	12	7	4	18	11	10	20	13	14	25	8	170	2	10	15	105	16	21	16	8	26	140	2	0	6	3	7	0	8	26	0	197	20	8	1	11	5	1	8	6	1	1	0	0	63	2	3	7	48	32	6	50	178	4	29	10	14	27	105	5	19	41	457	4	3	228	5	18	49	19	13	6	6	4	23	8	194	12	19	12	35	12	9	37	12	10	15	53	3	47	267	4	102	40	26	7	202	0	39	33	19	28	76	5	5	33	12	15	55	22	204	17	0	11	10	45	8	36	52	13	20	127	22	27	16	21	290	11	26	18	11	18	17	17	4	42	20	93	57	62	7	8	4	13	283	7	8	8	12	8	27	7	45	12	49	17	6	13	15	4	9	12	12	21	19	35	19	14	11	24	5	17	75	28	27	43	7	35	10	3	16	4	16	302	28	13	19	21	139	55	7	9	39	28	27	4	34	28	41	5	20	12	24	455	9	12	9	232	51	3	148	7	5	336	19	31	79	22	13	238	8	8	6	19	44	163	44	4	249	9	18	7	9	13	10	16	20	13	14	7	8	7	6	2	7	27	14	30	28	69	9	4	14	39	16	13	22	7	122	9	4	19	32	202	8	186	8	12	29	5	21	28	6	8	31	13	7	2	4	20	4	123	11	8	17	12	16	14	40	22	27	3	19	10	18	39	18	1	7	6	16	13	22	14	11	13	3	37	8	13
DEL:MH:5+:3	5	12	2	7	35	206	0	34	5	0	1	5	3	10	77	8	5	0	1	105	3	0	0	0	0	13	0	115	0	11	0	5	32	7	0	22	13	0	6	6	2	206	4	1	6	3	2	19	12	0	0	0	6	8	3	0	0	1	14	5	8	29	12	8	10	11	4	150	15	9	8	2	8	11	0	132	11	35	8	4	295	101	5	2	1	8	32	10	0	288	0	4	0	23	11	19	1	7	1	15	3	55	9	6	1	5	15	4	6	0	10	21	8	22	5	35	74	132	34	7	10	31	2	0	0	4	0	63	39	2	22	280	6	1	11	9	13	5	159	3	0	3	11	0	0	0	2	12	164	12	20	9	2	13	0	2	47	5	9	4	3	130	5	4	21	9	20	1	20	0	5	5	5	141	3	10	110	11	0	5	11	9	0	1	12	10	118	0	3	0	11	23	4	3	2	7	10	0	6	14	8	5	2	14	9	3	13	4	10	18	2	135	0	6	14	63	6	11	12	4	14	69	1	0	1	1	3	1	10	21	0	113	20	4	1	11	1	2	5	5	0	1	0	0	47	1	1	10	89	20	7	42	135	4	11	13	8	10	53	5	14	13	224	16	4	137	11	11	28	29	4	0	5	6	40	3	152	5	10	3	58	6	1	27	15	7	7	25	8	47	193	4	77	53	15	4	120	4	37	24	13	12	69	1	3	16	19	11	95	18	150	4	1	13	9	30	4	22	54	7	15	94	24	15	5	10	241	7	63	13	11	11	9	9	4	13	10	52	24	37	8	3	3	38	244	5	5	5	5	9	12	8	46	8	109	8	2	6	44	3	7	8	13	18	3	23	7	9	6	22	5	9	43	16	16	22	3	27	8	5	18	6	28	199	7	12	10	18	65	75	2	6	38	9	18	3	13	35	24	3	11	9	16	334	10	16	24	154	26	2	128	20	5	230	17	16	48	15	4	176	4	10	5	9	71	99	18	3	186	5	19	4	12	8	6	5	37	7	17	4	6	5	7	0	10	11	4	20	10	55	6	2	12	58	16	3	7	6	48	12	5	22	20	158	2	149	24	6	12	5	33	11	2	3	17	8	6	1	3	16	6	127	6	3	5	27	11	12	32	8	6	3	4	7	13	15	8	1	7	4	12	11	19	10	16	11	1	28	7	9
DEL:MH:5+:4	4	6	3	3	8	112	0	19	1	1	0	5	1	6	38	13	2	0	2	66	1	0	0	0	0	14	1	62	0	6	0	4	18	7	1	12	6	0	2	1	5	110	0	0	3	2	0	11	12	0	3	0	3	6	1	0	0	2	2	6	6	28	4	3	7	5	4	77	2	2	1	1	2	6	0	55	12	12	5	1	163	63	1	2	0	5	17	4	1	155	0	3	0	12	19	10	3	6	4	9	2	30	15	3	0	3	8	1	3	0	8	6	4	13	2	15	26	96	22	3	7	14	0	0	0	4	0	25	16	3	15	149	3	0	5	9	6	2	94	3	0	2	5	0	0	0	2	8	94	6	7	3	0	4	0	4	32	1	1	5	1	92	5	2	14	13	5	1	7	0	5	4	6	84	1	15	50	6	0	0	9	1	3	1	3	7	59	0	2	0	3	3	2	4	0	6	1	2	5	3	4	6	3	9	3	2	9	1	4	16	4	80	1	1	2	26	3	4	8	4	10	27	0	0	1	4	1	0	5	9	0	53	9	3	1	5	1	1	8	5	0	0	0	0	30	4	1	3	41	8	6	20	83	2	10	4	4	4	32	3	13	9	90	9	1	52	12	13	14	22	5	0	4	2	21	3	88	5	7	9	20	0	3	17	5	0	10	9	5	19	131	1	42	27	4	2	68	3	16	12	10	10	50	2	9	14	9	6	48	13	67	10	0	9	2	13	2	12	17	4	5	58	23	8	4	3	128	4	18	11	2	6	7	8	4	15	8	24	10	12	1	0	1	9	107	4	7	2	3	5	16	2	19	4	45	9	5	3	14	0	8	2	7	20	3	17	3	6	2	13	2	1	12	10	7	6	2	22	1	2	3	6	16	120	3	5	4	13	27	33	1	4	28	6	6	5	5	18	10	0	2	4	6	195	4	5	13	101	14	1	78	8	0	135	8	16	37	10	3	85	7	1	2	3	28	54	6	2	118	5	6	7	8	2	1	2	10	2	4	3	1	3	0	3	8	6	2	13	2	19	2	1	5	20	6	2	3	0	19	6	0	20	10	81	3	83	5	3	8	1	16	8	2	2	11	7	2	1	4	7	5	76	2	0	5	8	3	2	30	4	10	0	7	4	7	3	3	1	4	3	2	9	6	14	3	1	0	19	9	2
DEL:MH:5+:5+	3	6	4	7	20	104	0	26	7	1	1	2	1	9	28	3	3	0	1	64	1	0	0	0	0	7	1	54	1	3	0	2	6	5	0	7	5	0	3	0	3	120	1	0	6	3	0	6	7	0	0	1	1	13	1	0	0	1	10	2	8	20	8	2	14	6	2	76	8	2	1	3	0	4	0	39	8	16	8	4	133	53	4	2	0	7	15	5	0	117	1	4	0	5	17	5	0	7	2	10	2	26	5	5	0	11	5	6	5	1	4	9	2	28	0	25	35	61	8	2	2	4	1	0	0	2	0	52	7	2	16	114	2	1	1	5	2	3	67	11	0	1	1	0	0	1	0	22	63	4	13	0	0	2	0	3	15	3	3	4	2	71	1	5	16	6	1	1	7	0	2	7	4	60	3	15	44	9	0	0	38	3	0	1	7	4	54	0	2	0	13	9	4	2	2	4	4	1	3	6	4	6	1	2	2	6	11	8	3	5	1	90	0	2	6	19	2	10	12	3	1	25	0	0	1	0	1	0	6	10	2	45	4	2	1	6	3	0	14	3	0	0	0	0	26	0	0	6	104	25	7	26	80	1	8	11	6	9	9	6	11	13	52	2	2	50	3	46	13	50	7	3	4	2	22	7	68	3	4	6	59	7	2	16	13	6	5	4	2	26	96	2	31	20	10	2	49	2	20	8	6	21	33	1	2	14	18	19	97	18	73	8	4	5	6	8	6	13	33	13	7	52	19	5	1	26	97	4	52	2	4	21	4	13	10	18	11	75	12	22	6	1	3	26	114	5	2	6	7	4	10	3	26	8	99	5	1	4	21	0	4	6	11	11	4	22	4	13	8	17	2	7	15	12	4	9	2	12	2	9	4	4	12	106	7	31	2	18	21	38	1	7	15	5	17	1	7	50	9	0	7	9	15	151	7	10	13	93	11	2	48	17	4	103	9	13	40	5	7	92	5	3	5	5	74	36	9	1	92	7	8	4	9	13	2	2	32	6	8	4	4	2	5	1	5	5	1	14	4	23	11	4	5	52	5	4	9	4	53	10	1	23	8	77	3	75	12	1	9	6	29	11	4	12	9	11	11	3	0	11	2	56	5	2	4	16	5	9	21	6	6	1	3	11	7	7	13	2	5	5	11	8	8	15	9	2	4	25	3	5
