	SP90989	SP117290	SP116797	SP84743	SP84982	SP9816	SP124439	SP107363	SP97194	SP5559	SP28659	SP107439	SP102581	SP23925	SP2293	SP53810	SP52667	SP79243	SP116578	SP121761	SP80754	SP96116	SP102133	SP30113	SP67609	SP116276	SP50097	SP116919	SP114898	SP81312	SP92364	SP125584	SP22031	SP26649	SP84384	SP112907	SP102045	SP85818	SP80615	SP79427	SP111031	SP112290	SP54113	SP29559	SP103894	SP93227	SP77956	SP21400	SP116520	SP112985	SP82103	SP49229	SP114980	SP96118	SP110847	SP16886	SP19295	SP105018	SP99013	SP112947	SP80217	SP116545	SP23502	SP25350	SP125778	SP99325	SP94741	SP49114	SP1305	SP2155	SP90125	SP56553	SP94933	SP62616	SP90629	SP18787	SP116365	SP107784	SP48189	SP102973	SP57189	SP27825	SP17905	SP55235	SP123975	SP111119	SP25494	SP21017	SP98953	SP33688	SP107012	SP5052	SP23775	SP56704	SP59448	SP116676	SP111170	SP63546	SP116819	SP116589	SP93540	SP101670	SP94348	SP103080	SP107076	SP110242	SP125752	SP84392	SP96126	SP95126	SP24135	SP90209	SP59803	SP92659	SP1365	SP57735	SP125746	SP102957	SP3631	SP18310	SP112817	SP112777	DRUP01010025T	CPCT02050439T	CPCT02340026T	CPCT02340014T	DRUP01330020T	CPCT02070336T	CPCT02050424T	CPCT02340081T	CPCT02020865T	DRUP01030028T	CPCT02020597TII	DRUP01340014T	WIDE01010510T	CPCT02100089T	CPCT02080153T	CPCT02020815T	CPCT02120078T	CPCT02450014T	CPCT02020413T	CPCT02070357T	CPCT02070053T	CPCT02010605T	CPCT02100101T	CPCT02040317T	CPCT02030278T	CPCT02250003T	DRUP01030015T	CPCT02050117T	CPCT02070466TII	WIDE01010470T	CPCT02210064T	CPCT02010648T	DRUP01050003T	CPCT02100090T	CPCT02050149T	WIDE01010075T	CPCT02030532T	CPCT02050104T	CPCT02150052T	CPCT02100092T	CPCT02340022T	DRUP01070080T	CPCT02340010T	CPCT02100141T	CPCT02060054T	CPCT02050370T	CPCT02010373T	WIDE01010071T	CPCT02130184T	CPCT02070373T	CPCT02140057T	CPCT02070069TII	DRUP01070015T	CPCT02100044T	CPCT02010408T	CPCT02060291T	DRUP01230001T	WIDE01010539T	CPCT02010486T	CPCT02160034T	WIDE01010016T	CPCT02080120T	CPCT02220045T	CPCT02310006T	CPCT02010786T	CPCT02050170T	CPCT02010530T	DRUP01050017T	CPCT02140107T	CPCT02220047T	CPCT02020476T	CPCT02050385T	CPCT02040113T	CPCT02080273T	CPCT02080045T	CPCT02070436T	CPCT02130170T	DRUP01010022T	CPCT02240008T	CPCT02020436T	CPCT02010523T	CPCT02060033T	CPCT02060246T	CPCT02010772T	CPCT02040329T	CPCT02030430T	CPCT02010715T	CPCT02080110T	CPCT02010662T	CPCT02140012T	CPCT02090019T	CPCT02220023T	CPCT02080294T	CPCT02060224T	DRUP01070038T	WIDE01010565T	WIDE01010404T	CPCT02010579T	DRUP01020002T	CPCT02050390T	CPCT02050349T	CPCT02130140T	CPCT02380029T	DRUP01010078T	DRUP01070009T	CPCT02080157T	CPCT02050192T	WIDE01010208T	CPCT02360007T	CPCT02060265T	CPCT02070192T	CPCT02070058T	CPCT02010505T	CPCT02050211T	CPCT02030451T	CPCT02050089T	CPCT02120032T	WIDE01010228T	CPCT02040299T	CPCT02080078T	CPCT02160058T	CPCT02180009T	CPCT02190055T	CPCT02040280TII	CPCT02130146T	DRUP01010106T	CPCT02020789T	CPCT02020599T	CPCT02060225T	CPCT02010635T	WIDE01010028T	CPCT02110059T	CPCT02180068T	CPCT02020428T	CPCT02390002T	DRUP01340015T	CPCT02010794T	CPCT02090032T	CPCT02370012T	CPCT02070353T
A[Del(C):R1]A	34	4	0	11	30	5	11	3	17	9	10	13	0	2	2	210	32	0	9	10	4	3	8	58	8	0	6	0	3	12	29	0	3	5	109	4	13	0	28	0	11	13	108	11	16	25	3	13	5	0	5	1	3	12	8	14	5	19	2	4	0	2	9	5	10	93	35	15	22	3	1	46	31	9	12	8	5	4	3	10	83	8	39	87	3	10	21	69	6	4	22	11	10	31	14	11	10	6	0	5	48	8	32	19	19	81	2	61	3	12	11	30	8	9	5	25	25	10	6	82	8	57	169	5	3	15	235	16	32	4	13	3	5	2	3	3	6	225	18	151	19	25	2	4	27	49	9	9	2	2	2	30	16	3	30	7	6	23	24	30	42	7	19	158	8	15	7	16	143	5	6	8	65	4	83	9	2	13	118	13	2	12	8	4	22	3	128	56	46	140	8	5	9	5	63	186	15	16	11	73	3	5	12	7	11	3	39	43	5	3	8	7	3	159	5	1	55	10	2	13	9	13	74	120	150	222	1	67	1	3	62	20	69	6	1	160	2	15	20	13	31	3	5	17	9	180	40	71	5	8	15	3	9	5	16	1	44	8	21	19	16	15
A[Del(C):R1]G	13	0	0	2	6	0	1	0	1	0	3	0	0	1	1	24	5	0	0	2	0	0	2	9	1	0	3	0	0	2	11	0	2	0	31	1	1	0	4	0	0	3	9	1	4	5	0	2	1	0	0	0	1	3	1	1	0	1	1	0	0	0	1	0	1	24	9	1	3	0	1	3	1	0	0	0	0	0	1	2	11	1	2	6	0	1	1	12	1	0	1	1	4	4	0	1	0	1	0	1	9	3	11	2	1	5	0	9	0	1	2	4	2	0	2	2	4	1	0	20	0	0	18	0	0	3	24	1	6	0	2	2	0	0	1	1	0	19	0	15	1	5	1	1	1	7	1	2	1	0	0	0	3	0	1	2	0	0	3	3	0	0	0	21	1	3	0	2	15	0	1	4	5	2	6	0	1	7	16	2	0	0	1	1	1	1	12	1	7	6	1	2	1	4	8	10	2	5	0	5	2	0	0	2	2	0	3	2	0	1	1	0	1	11	1	0	3	0	0	1	0	3	12	11	24	22	0	9	0	0	5	0	4	0	1	10	1	1	3	0	1	0	2	0	6	23	5	7	1	1	1	0	1	1	0	0	9	2	2	5	2	0
A[Del(C):R1]T	7	2	0	4	13	7	5	1	17	6	15	9	1	2	1	48	20	0	3	9	3	3	11	27	12	0	6	0	3	7	8	0	2	7	8	4	13	0	73	0	4	6	23	7	12	38	1	10	10	0	4	4	6	2	7	20	12	43	3	2	0	2	18	7	12	20	4	7	15	9	8	21	9	15	18	2	2	4	1	6	32	3	139	32	4	12	29	14	5	1	6	17	12	13	11	19	7	11	0	7	5	16	3	15	7	25	1	9	2	13	7	11	5	15	8	9	9	9	3	5	4	1	17	7	3	6	27	18	40	2	13	0	2	1	7	0	0	68	15	9	11	43	2	5	12	9	7	11	4	3	1	56	8	7	23	5	2	3	18	22	40	7	3	23	2	8	6	18	29	3	2	11	40	5	15	3	2	7	37	5	3	11	2	1	25	1	14	4	25	18	6	10	11	6	18	15	15	33	8	8	9	2	2	5	7	5	8	15	1	4	5	8	11	38	4	1	11	4	2	3	5	19	16	26	15	55	2	10	1	4	14	16	13	2	2	16	5	6	8	6	17	2	6	15	11	38	26	27	10	6	12	2	13	4	21	1	13	3	26	10	23	8
A[Del(C):R2]A	4	3	0	5	7	0	3	2	20	1	4	0	0	2	2	154	28	0	4	3	2	4	3	85	3	0	13	0	5	21	8	0	6	0	23	1	5	0	39	0	4	21	89	4	8	36	0	22	2	0	1	5	2	2	1	20	13	7	2	1	0	0	4	3	2	30	5	7	3	2	0	63	4	2	3	3	0	1	0	10	103	3	92	69	0	3	9	11	4	1	15	1	6	58	3	2	3	1	0	2	5	1	5	5	15	27	1	9	1	3	6	14	3	6	1	35	4	9	2	4	2	2	29	2	1	3	60	14	13	0	15	2	4	1	2	1	2	184	17	28	11	4	0	4	5	55	0	5	0	0	11	50	6	0	3	3	1	5	10	15	14	1	30	34	3	5	21	3	151	3	7	9	38	4	22	1	1	3	27	4	2	1	1	2	2	0	22	11	21	26	4	2	8	2	60	40	6	5	4	12	3	2	8	2	2	1	51	10	2	1	4	4	3	144	4	0	14	4	1	2	1	5	49	24	31	223	0	12	1	1	13	20	14	0	2	35	5	4	3	2	11	0	6	2	8	171	11	65	3	3	4	3	5	2	1	1	74	2	10	5	6	2
A[Del(C):R2]G	1	0	0	0	0	0	0	0	0	0	0	0	0	0	0	30	1	0	0	0	0	0	0	12	0	0	2	0	0	1	2	0	0	0	2	0	1	0	3	0	3	1	18	0	1	3	0	0	0	0	0	1	0	2	0	0	0	0	0	0	0	0	0	0	0	3	1	1	0	0	0	12	1	1	0	1	0	0	1	0	13	0	2	12	0	1	1	0	1	0	1	0	1	4	1	1	1	0	0	1	3	0	0	1	2	1	0	1	0	0	1	3	0	0	0	6	0	2	2	0	0	0	1	0	0	0	3	1	1	0	2	0	0	1	0	0	0	29	0	3	4	0	0	0	0	15	0	1	1	0	3	0	0	0	0	0	0	1	0	1	0	0	1	1	0	0	7	0	22	0	2	0	2	0	1	0	1	0	3	0	0	0	1	0	3	0	3	3	2	2	0	1	0	0	14	2	1	0	0	1	0	0	0	0	2	0	11	0	0	0	1	0	0	25	0	1	0	0	0	0	0	1	12	1	5	40	0	3	0	0	4	3	1	1	0	0	0	1	1	0	1	0	1	0	0	16	2	11	0	0	0	0	0	0	0	0	14	0	0	0	0	2
A[Del(C):R2]T	4	3	0	4	5	3	3	0	15	3	6	0	0	5	3	68	10	0	3	5	1	0	1	46	3	0	15	0	6	2	5	0	2	4	24	1	4	0	17	0	4	7	43	4	4	22	2	6	4	0	1	1	1	0	1	4	2	14	2	1	0	0	9	5	6	24	11	12	6	3	4	28	11	6	5	0	1	2	1	6	61	5	33	26	0	7	17	15	3	1	5	7	7	29	4	1	3	3	1	1	12	2	6	8	5	12	2	15	5	3	7	13	7	1	3	16	5	4	2	12	0	3	20	1	1	11	35	27	16	0	11	1	1	2	4	0	1	71	17	41	10	13	0	2	4	25	4	6	4	0	2	7	4	1	10	7	3	3	6	11	19	1	5	23	3	2	7	10	60	2	2	8	19	1	7	2	4	6	15	3	0	4	4	1	12	0	19	2	18	12	3	3	8	6	30	17	8	7	6	10	4	1	0	2	7	0	30	10	3	1	1	2	7	74	0	0	4	6	5	1	4	11	22	12	17	96	2	5	0	0	19	10	8	1	0	8	3	1	2	3	13	1	3	13	7	60	15	38	3	2	7	5	3	1	8	0	28	1	11	1	13	4
A[Del(C):R3]A	9	0	0	1	19	1	1	0	7	0	4	0	0	4	0	86	15	0	2	3	1	0	1	40	3	0	14	0	3	6	5	0	0	0	31	1	3	0	14	0	1	16	58	1	1	41	2	2	0	0	2	1	4	6	2	10	3	7	0	1	0	0	4	1	0	51	12	7	4	4	0	25	7	2	0	3	0	2	1	9	84	0	49	43	1	0	5	31	4	2	22	0	4	28	1	4	1	2	1	0	19	3	11	3	8	55	1	32	1	1	2	17	4	1	1	15	16	10	0	37	5	1	35	1	0	2	52	10	7	1	6	1	0	0	0	0	0	105	5	16	12	0	0	2	3	39	2	3	4	1	4	17	2	0	2	3	1	4	5	5	13	2	5	32	2	2	6	1	89	0	4	9	15	1	25	2	0	1	24	2	1	2	1	0	6	0	28	11	17	14	3	1	4	6	41	36	4	5	3	11	2	1	2	2	0	0	21	5	0	2	1	1	7	112	0	0	8	3	0	3	0	4	32	22	17	106	0	8	0	1	28	4	18	1	0	32	0	1	8	2	5	5	2	7	5	107	13	32	0	2	2	1	2	0	3	0	41	1	3	1	5	1
A[Del(C):R3]G	3	0	0	1	3	0	0	0	2	0	0	0	0	0	0	9	3	0	0	0	0	1	0	7	0	0	1	0	0	0	3	0	0	0	10	1	0	0	1	0	0	1	12	2	1	9	0	0	0	0	0	0	0	0	0	0	0	1	0	0	0	0	0	0	0	17	7	2	0	0	0	7	2	0	0	1	1	0	0	4	7	0	2	12	0	0	0	9	0	0	8	1	0	3	1	0	0	1	0	0	9	1	9	0	1	13	0	5	0	1	1	3	0	0	0	3	6	0	0	3	0	0	10	0	0	1	13	3	1	0	1	0	0	0	0	0	0	15	0	5	0	0	0	0	0	7	1	1	1	0	3	1	0	1	2	0	0	1	1	0	2	0	0	6	1	0	1	1	15	0	0	1	1	1	0	0	0	0	5	0	0	0	0	0	0	1	8	0	4	0	1	0	0	0	6	7	1	1	0	2	0	0	0	0	1	0	2	0	0	0	0	0	0	10	0	0	2	0	0	1	0	0	6	5	8	20	0	5	0	0	2	3	7	0	0	7	2	0	0	0	3	0	0	0	1	14	1	4	0	1	1	0	1	0	0	1	7	0	0	0	1	0
A[Del(C):R3]T	11	3	0	2	11	1	4	0	14	3	12	0	0	0	0	37	7	0	3	0	0	1	2	26	2	0	7	0	5	4	15	0	0	5	22	4	3	0	10	0	2	8	28	2	3	27	0	5	2	0	0	1	0	0	1	2	1	7	3	0	0	0	5	1	2	31	6	6	1	4	3	18	3	1	3	1	1	0	1	2	31	3	14	29	0	2	3	14	2	2	11	1	2	13	2	3	1	0	0	0	13	3	8	5	5	33	1	29	0	0	1	9	1	3	3	7	4	7	0	27	1	1	22	0	2	1	27	9	2	0	4	2	1	0	0	0	1	40	2	19	5	3	0	0	3	18	1	3	1	0	2	8	1	0	2	2	1	1	2	4	8	1	7	31	0	2	3	0	39	2	2	3	8	2	18	3	3	2	15	1	0	2	1	1	1	1	19	3	8	13	1	0	2	3	23	13	3	5	1	14	2	1	1	1	6	0	8	4	1	1	2	3	1	32	0	0	7	4	1	0	2	6	20	15	15	38	0	7	0	1	16	6	13	1	0	19	0	0	1	1	3	3	0	5	4	45	3	13	0	3	4	2	1	0	2	1	14	1	5	2	2	2
A[Del(C):R4]A	26	1	0	6	49	1	0	0	1	1	2	0	0	2	1	29	7	0	0	0	0	0	3	20	1	0	9	0	2	3	45	0	4	1	96	1	2	0	9	0	5	6	33	1	1	91	0	3	0	0	1	1	0	4	1	1	1	4	1	0	0	0	3	2	1	118	36	3	1	1	1	15	22	1	1	1	0	1	0	7	33	0	22	15	1	3	10	81	1	0	21	1	1	20	4	2	2	1	0	0	76	0	53	5	8	110	0	82	2	0	4	48	1	1	0	12	37	4	0	101	3	0	80	1	0	5	95	5	6	1	6	0	1	0	1	1	2	40	1	27	3	2	0	3	3	14	2	0	2	0	2	17	3	2	3	1	1	22	9	6	3	0	5	127	0	1	7	3	36	0	2	2	12	2	50	3	0	1	29	4	0	3	2	1	1	0	77	10	13	31	0	1	4	3	10	52	0	5	4	28	0	1	3	0	1	0	17	8	0	2	0	0	0	33	1	1	11	4	1	3	3	3	20	53	50	40	0	17	0	0	37	9	28	0	0	78	1	5	12	2	7	0	2	1	6	47	9	17	3	3	0	0	0	0	5	1	22	2	0	0	1	1
A[Del(C):R4]G	12	0	0	0	14	0	0	0	5	0	1	0	0	0	1	8	3	0	0	0	0	0	0	4	0	0	4	0	0	1	15	0	0	0	31	1	0	0	1	0	1	0	7	0	0	25	0	0	1	0	1	0	0	2	0	0	0	3	0	1	0	0	0	1	0	34	11	0	1	0	0	6	5	1	0	0	0	0	0	0	6	0	0	4	0	0	0	26	0	0	9	0	0	4	0	0	0	0	0	0	29	0	15	1	2	24	0	26	0	0	0	11	0	0	0	4	9	0	0	31	0	0	22	0	0	0	29	0	2	0	0	0	0	0	0	1	0	11	0	19	1	0	1	0	0	7	0	0	0	0	0	0	1	0	2	0	0	3	1	1	3	0	0	40	0	0	0	3	12	0	0	1	3	0	17	0	0	0	12	0	0	0	1	0	0	0	26	1	2	6	0	0	0	1	7	9	0	1	0	8	0	1	0	0	0	0	5	0	0	1	0	0	0	13	0	0	2	2	0	0	0	0	3	8	26	19	0	9	0	0	13	0	6	0	0	31	0	0	1	1	0	0	0	1	1	10	1	1	0	0	1	0	1	0	1	0	4	1	1	1	3	0
A[Del(C):R4]T	17	1	0	3	25	1	0	0	6	1	1	0	0	1	0	17	6	0	2	0	0	0	0	10	1	0	6	0	1	1	22	0	1	0	59	2	2	0	6	0	4	4	9	0	0	50	0	2	0	0	0	1	1	4	1	4	0	3	0	0	0	0	2	2	0	74	29	2	3	2	1	6	16	0	2	0	0	0	0	3	12	0	10	11	0	2	4	42	0	0	24	0	0	11	0	1	0	2	0	2	35	1	27	2	3	72	1	47	2	0	1	26	0	0	2	6	19	4	0	61	2	0	40	0	1	1	44	6	2	0	2	0	0	0	0	0	0	25	2	21	3	1	0	1	3	10	5	1	1	0	0	6	1	0	5	0	0	16	3	4	5	0	2	78	1	2	5	1	21	0	2	0	5	2	31	1	1	0	17	1	1	1	2	0	0	0	30	1	4	15	1	0	3	0	10	21	2	1	1	18	0	1	0	2	3	0	6	3	0	1	1	1	4	17	0	0	5	1	0	2	1	4	8	28	32	22	0	7	0	0	14	3	19	0	0	37	1	1	1	1	3	0	1	2	3	15	5	10	1	1	0	0	0	2	1	0	13	1	4	1	2	0
A[Del(C):R5]A	84	0	0	5	92	1	0	1	3	0	1	0	0	0	1	30	7	0	1	1	3	0	5	29	2	0	7	0	0	6	75	0	1	0	248	0	1	0	14	0	3	4	21	0	0	169	0	1	2	0	0	0	0	30	1	4	2	0	2	0	0	0	1	1	3	266	99	5	1	2	0	15	61	0	0	1	0	0	1	1	27	2	22	20	2	5	2	201	3	1	48	0	3	14	3	4	1	0	0	0	179	0	112	2	5	233	0	239	6	1	2	134	0	3	1	17	89	1	1	248	0	1	202	0	0	0	134	4	4	0	0	2	1	0	3	0	1	64	1	50	0	3	0	0	3	18	2	1	1	1	3	10	1	1	4	0	0	59	12	5	8	0	1	254	0	0	5	1	40	0	3	0	5	0	108	3	0	0	59	4	0	2	0	0	6	2	141	19	4	75	1	0	5	2	14	118	0	0	0	78	1	0	1	1	0	0	8	7	0	0	1	2	3	46	2	0	23	2	1	1	2	1	13	105	129	37	2	37	0	0	83	4	63	0	0	152	1	5	8	0	7	1	2	1	2	48	7	18	0	1	2	0	1	2	4	0	24	0	1	0	6	0
A[Del(C):R5]G	15	0	0	0	15	0	1	0	0	0	0	0	0	1	0	5	1	0	0	0	0	0	1	2	0	0	0	0	0	2	21	0	0	0	74	0	0	0	1	0	0	1	2	0	1	33	0	1	0	0	0	0	0	4	1	0	0	1	0	0	0	0	1	0	0	69	25	0	2	0	1	2	12	1	0	0	0	0	0	1	5	0	1	3	0	3	1	38	0	0	12	0	0	1	0	0	1	0	0	0	52	0	25	0	0	63	0	58	0	0	0	24	0	0	0	0	23	1	0	65	0	0	59	0	0	0	42	2	0	1	0	0	0	0	0	0	0	10	0	11	0	0	0	0	0	5	0	0	0	0	0	1	0	0	1	0	0	12	3	0	0	0	1	71	0	0	0	0	5	0	0	0	1	0	24	0	0	0	14	1	0	0	0	0	0	1	41	6	1	19	2	0	0	0	4	24	0	1	1	24	1	0	0	0	0	0	2	4	0	0	0	0	0	8	0	0	3	0	0	1	0	1	3	27	39	11	0	12	0	1	24	1	20	0	0	36	0	1	2	0	1	0	0	0	0	8	0	1	0	1	1	0	1	0	1	0	1	0	1	1	1	0
A[Del(C):R5]T	77	1	0	0	83	0	1	1	2	1	0	0	0	0	1	13	1	0	0	1	1	1	7	9	0	0	3	0	0	3	88	0	0	1	353	0	0	0	7	0	1	2	16	2	0	142	0	0	0	0	0	1	1	22	1	0	2	3	1	0	0	0	2	1	0	266	116	3	2	2	0	4	45	0	1	1	0	1	0	0	9	1	3	11	2	4	2	198	1	0	58	1	1	9	1	1	2	0	0	0	206	0	129	1	1	222	2	271	1	0	3	126	0	2	0	3	94	2	0	290	1	0	234	0	0	1	190	2	0	0	2	1	0	0	1	0	0	17	1	72	0	0	0	0	2	6	2	1	1	0	1	2	1	0	3	0	0	55	6	4	0	0	2	300	1	5	3	0	19	0	1	1	5	0	98	0	0	0	50	1	0	2	3	0	0	0	132	11	2	71	3	0	0	0	11	99	1	1	2	105	2	0	0	1	2	0	8	12	0	1	1	1	2	18	1	0	17	1	1	0	0	1	7	90	142	32	0	38	0	1	72	1	63	1	0	154	0	5	2	4	4	0	2	0	0	17	8	8	0	0	0	1	0	0	3	0	7	0	1	0	1	0
A[Del(C):R6]A	154	1	0	5	184	0	0	1	0	0	0	0	0	0	1	13	1	0	0	0	1	1	12	10	0	0	3	0	2	3	174	0	1	1	483	1	1	0	12	0	5	1	6	1	0	270	0	6	0	0	1	0	2	51	1	3	3	0	0	0	0	0	5	1	0	447	211	0	1	1	1	12	116	0	0	1	0	0	1	2	16	1	13	11	0	2	0	380	1	1	105	1	1	6	5	0	1	1	0	0	391	0	209	0	1	407	1	491	2	2	1	240	1	0	0	9	157	1	0	572	0	0	386	1	0	0	304	3	1	0	0	1	0	1	4	1	3	16	0	137	0	2	0	1	8	8	1	0	3	0	0	15	4	0	5	0	0	77	14	1	5	0	5	506	1	3	1	1	10	1	1	1	1	0	213	4	0	1	98	3	0	2	0	0	3	0	281	45	1	151	0	0	2	0	5	186	1	0	0	153	0	1	0	0	1	0	4	21	0	0	2	1	1	11	1	0	50	0	0	2	2	2	5	157	294	21	1	64	1	0	116	4	91	0	0	292	0	4	9	1	4	1	2	1	0	26	22	8	0	1	0	0	0	0	1	0	7	0	0	0	2	1
A[Del(C):R6]G	50	1	0	0	51	0	0	0	0	0	0	0	0	0	0	0	0	0	0	0	0	0	2	3	0	0	0	0	0	1	42	0	0	0	126	0	0	0	1	0	0	0	2	0	1	45	0	0	0	0	0	0	0	7	0	0	0	0	0	0	0	0	0	0	0	109	51	1	0	0	0	4	17	0	0	0	0	0	1	0	2	0	2	5	0	2	0	80	0	0	25	1	0	3	0	0	0	0	0	0	86	0	42	0	0	91	0	114	1	0	0	41	1	0	1	0	39	1	0	131	0	0	110	0	0	0	78	0	0	0	0	0	0	0	1	0	1	5	0	36	0	0	0	1	0	1	0	0	0	0	0	0	2	0	1	0	0	16	2	0	0	0	1	120	0	1	0	0	2	0	0	0	2	0	46	0	0	0	19	0	0	1	0	0	0	0	68	13	0	30	1	0	0	0	2	51	0	0	0	42	0	2	0	0	1	0	2	1	0	0	0	0	0	2	0	0	22	0	0	0	0	0	1	43	76	6	0	27	0	0	25	0	22	0	0	54	0	0	2	0	0	0	1	0	0	4	6	0	0	0	0	0	0	0	1	0	3	0	0	1	0	0
A[Del(C):R6]T	73	1	0	1	75	0	0	0	0	0	0	0	0	1	0	4	1	0	1	0	0	0	5	5	2	0	0	0	2	2	108	0	0	0	281	0	0	0	7	0	3	1	6	0	0	129	0	1	0	0	0	0	0	23	0	1	0	0	0	0	0	0	1	0	0	253	87	1	1	0	0	4	36	1	0	0	0	1	1	0	9	0	3	7	0	2	2	156	0	0	47	0	1	3	2	0	1	0	0	0	212	0	120	0	1	164	0	200	1	1	0	126	0	0	0	1	69	1	0	269	0	0	190	0	0	0	151	1	2	0	0	1	0	0	0	0	0	5	1	99	0	0	0	0	3	4	0	0	0	0	0	6	3	0	3	1	0	37	7	2	1	0	0	213	1	5	0	0	8	1	0	0	1	0	93	1	0	0	47	1	0	2	1	1	0	0	117	20	1	85	0	0	1	1	4	86	0	0	0	69	1	0	1	0	0	1	5	11	0	1	0	0	0	5	0	0	33	0	1	2	0	0	1	75	177	12	0	37	0	1	57	3	59	1	0	125	0	2	5	1	1	0	0	0	1	7	6	4	0	1	0	0	0	0	1	0	4	0	0	1	0	0
A[Del(C):R7]A	141	1	0	0	169	1	0	0	0	1	1	0	0	2	0	6	0	0	1	0	0	1	10	4	0	0	0	0	0	8	163	0	1	0	455	0	0	0	7	0	3	1	0	0	1	225	1	1	0	0	2	0	1	44	0	1	0	0	1	0	0	0	2	0	0	458	197	0	0	0	0	2	71	0	0	1	1	2	0	0	7	1	7	0	5	2	3	321	0	0	105	1	1	6	1	1	2	0	0	0	440	1	238	0	0	427	0	495	2	0	1	360	0	1	0	1	232	0	1	602	1	0	464	0	0	0	328	0	0	0	0	2	0	0	0	0	1	4	0	161	0	0	0	2	6	4	0	0	0	0	0	14	5	1	10	0	0	73	13	0	0	0	5	504	0	5	2	0	6	0	0	0	3	0	252	0	1	1	146	2	0	3	0	0	0	0	317	59	1	194	0	0	3	0	0	374	0	1	0	225	0	0	1	0	0	0	2	35	0	0	0	1	0	5	0	0	65	1	1	0	0	0	0	173	301	8	1	80	0	2	175	1	142	0	0	339	0	2	10	2	0	0	2	2	0	4	29	0	0	0	0	0	1	0	4	0	0	0	0	0	1	1
A[Del(C):R7]G	44	0	0	0	31	0	0	0	0	0	0	0	0	0	0	0	0	0	0	0	0	0	2	1	0	0	0	0	0	0	39	0	0	0	130	0	0	0	0	0	0	0	0	0	0	32	0	2	0	0	0	0	0	10	0	0	0	0	0	0	0	0	0	0	0	104	55	0	0	0	0	0	11	0	0	0	0	0	0	0	0	0	0	0	2	0	0	80	0	0	19	0	0	0	0	0	0	0	0	0	92	0	56	0	0	104	1	118	1	0	0	58	1	1	0	0	52	0	0	105	0	0	100	0	0	0	98	1	0	0	0	0	0	0	0	1	0	1	0	31	0	0	0	0	3	1	0	0	0	0	0	0	0	0	0	0	0	21	2	1	0	0	0	122	0	0	0	0	0	0	0	0	0	0	47	1	0	0	30	1	0	0	0	0	0	0	54	11	0	40	0	0	0	0	0	55	0	0	0	48	0	0	0	0	0	0	0	7	0	0	0	0	0	2	0	0	16	0	0	0	0	0	0	36	72	1	0	21	0	0	34	1	30	0	0	79	0	0	1	0	0	0	0	0	0	0	6	0	0	0	0	0	0	0	0	0	1	0	0	0	0	0
A[Del(C):R7]T	28	0	0	1	26	0	0	0	0	1	1	0	0	0	0	0	0	0	0	0	0	0	5	3	0	0	0	0	0	2	37	0	1	0	100	0	0	0	3	0	0	0	0	0	0	72	0	1	0	0	0	0	0	4	0	1	0	0	1	0	0	0	0	0	0	76	23	0	0	0	0	1	21	2	0	0	0	0	0	1	0	0	2	0	2	0	0	67	0	0	16	0	0	1	1	0	0	0	0	0	74	0	42	1	0	74	0	80	1	0	0	80	0	0	0	1	29	0	0	111	0	0	87	0	0	0	54	0	0	0	0	0	0	0	0	0	0	1	0	41	0	0	0	2	2	1	0	0	0	0	0	5	1	0	2	0	0	19	7	0	1	1	1	108	1	0	0	0	2	0	1	0	1	0	30	0	0	0	13	2	0	2	1	0	0	0	47	15	1	30	2	0	0	0	0	41	0	0	0	27	0	0	0	0	0	0	1	3	0	0	1	0	0	1	0	0	13	0	0	0	0	0	0	32	54	0	0	15	0	1	22	1	28	0	0	44	0	2	3	0	0	1	0	0	0	3	4	1	0	0	0	0	0	2	1	0	2	0	0	0	0	0
A[Del(C):R8]A	73	0	0	0	60	0	0	1	0	0	1	0	0	1	0	1	0	0	0	0	0	0	6	0	0	0	0	0	0	4	76	0	1	0	128	0	0	0	1	0	2	0	0	0	3	103	1	3	0	0	0	0	0	15	1	1	2	1	0	1	0	0	0	0	0	162	104	0	0	0	0	2	61	0	0	0	0	2	0	0	2	0	5	1	6	1	0	135	0	1	29	0	0	0	1	0	1	0	1	0	173	0	114	0	0	184	1	146	1	0	0	150	0	3	0	0	106	0	0	186	1	0	271	0	0	0	153	0	0	0	0	1	0	1	1	3	0	3	2	91	0	2	0	1	5	3	0	0	1	0	0	8	7	0	8	2	1	48	17	3	3	1	3	294	0	1	1	0	1	1	0	0	1	0	156	1	1	0	136	1	0	5	1	0	0	1	226	55	1	147	0	0	1	0	0	284	0	1	1	141	0	1	0	0	1	0	2	43	0	1	2	1	0	1	0	0	59	0	0	1	0	0	0	128	165	3	0	79	0	2	121	2	87	0	0	213	0	3	5	3	0	0	0	0	0	2	26	0	0	1	2	0	1	1	1	0	0	0	0	0	3	2
A[Del(C):R8]G	5	0	0	0	4	0	0	0	0	0	0	0	0	0	0	0	0	0	0	0	0	0	3	0	0	0	0	0	0	0	4	0	0	0	9	0	0	0	0	0	0	0	0	0	0	4	0	0	0	0	0	0	0	0	0	0	0	0	0	0	0	0	0	0	0	7	5	0	0	0	0	0	1	0	0	0	0	0	0	0	0	0	0	0	0	0	0	6	0	0	2	0	0	1	0	0	0	0	0	0	9	0	4	0	0	13	0	14	0	0	0	6	0	0	0	0	7	0	0	20	0	0	29	0	0	0	25	0	0	0	0	0	0	0	0	0	0	0	0	18	0	0	0	1	1	0	0	0	0	0	0	1	0	0	0	0	0	8	3	0	0	0	1	31	0	1	0	0	0	0	0	0	0	0	15	2	0	0	8	0	0	0	0	1	0	0	20	8	0	14	0	1	0	0	0	20	0	0	0	12	0	0	0	0	0	0	0	4	0	0	1	0	0	1	0	0	8	0	0	0	0	0	0	14	22	0	1	5	0	0	12	0	13	0	0	27	0	1	1	0	0	0	0	0	0	0	2	0	0	0	0	0	0	0	1	0	0	0	0	0	0	0
A[Del(C):R8]T	15	0	0	0	11	0	0	0	0	0	0	0	0	0	0	0	0	0	0	0	0	0	2	0	0	0	0	0	0	1	15	0	0	0	35	0	0	0	1	0	0	0	0	0	0	21	0	0	0	0	1	0	0	3	0	0	0	0	0	0	0	0	1	0	0	21	19	0	0	0	0	0	13	0	0	1	0	1	0	0	0	0	1	0	0	1	0	24	0	0	3	0	0	0	0	0	1	0	0	0	33	0	13	0	0	34	0	34	1	0	0	32	0	0	0	0	17	0	0	37	0	0	56	0	0	1	37	0	0	1	0	0	1	0	0	2	0	0	0	30	0	0	0	0	4	0	0	0	0	0	0	0	1	0	4	0	0	12	3	1	1	0	0	74	0	0	0	0	0	1	0	2	0	0	27	0	0	0	23	0	0	1	0	0	0	0	46	9	0	25	0	0	0	0	0	34	0	1	0	24	0	0	0	0	0	0	0	11	0	0	1	1	0	0	0	0	16	0	0	1	1	0	0	22	48	1	0	17	0	0	16	0	23	0	0	48	0	2	3	0	1	2	0	0	0	1	9	0	0	0	0	0	0	1	0	0	0	0	0	0	0	0
A[Del(C):R(9,)]A	0	0	0	0	0	0	0	0	0	0	0	0	0	0	0	0	0	0	0	0	0	0	0	0	0	0	0	0	0	0	0	0	0	0	0	0	0	0	0	0	0	0	0	0	0	0	0	0	0	0	0	0	0	0	0	0	0	0	0	0	0	0	0	0	0	0	0	0	0	0	0	0	0	0	0	0	0	0	0	0	0	0	0	0	0	0	0	0	0	0	0	0	0	0	0	0	0	0	0	0	0	0	0	0	0	0	0	0	0	0	0	0	0	0	0	0	0	0	0	0	0	0	0	0	0	0	0	0	0	0	0	0	0	0	0	0	0	0	0	0	0	0	0	0	0	0	0	0	0	0	0	0	0	0	0	0	0	0	0	0	0	0	0	0	0	0	0	0	0	0	0	0	0	0	0	0	0	0	0	0	0	0	0	0	0	0	0	0	0	0	0	0	0	0	0	0	0	0	0	0	0	0	0	0	0	0	0	0	0	0	0	0	0	0	0	0	0	0	0	0	0	0	0	0	0	0	0	0	0	0	0	0	0	0	0	0	0	0	0	0	0	0	0	0	0	0	0	0	0	0	0	0	0	0	0	0	0	0	0	0	0	0
A[Del(C):R(9,)]G	0	0	0	0	0	0	0	0	0	0	0	0	0	0	0	0	0	0	0	0	0	0	0	0	0	0	0	0	0	0	0	0	0	0	0	0	0	0	0	0	0	0	0	0	0	0	0	0	0	0	0	0	0	0	0	0	0	0	0	0	0	0	0	0	0	0	0	0	0	0	0	0	0	0	0	0	0	0	0	0	0	0	0	0	0	0	0	0	0	0	0	0	0	0	0	0	0	0	0	0	0	0	0	0	0	0	0	0	0	0	0	0	0	0	0	0	0	0	0	0	0	0	0	0	0	0	0	0	0	0	0	0	0	0	0	0	0	0	0	0	0	0	0	0	0	0	0	0	0	0	0	0	0	0	0	0	0	0	0	0	0	0	0	0	0	0	0	0	0	0	0	0	0	0	0	0	0	0	0	0	0	0	0	0	0	0	0	0	0	0	0	0	0	0	0	0	0	0	0	0	0	0	0	0	0	0	0	0	0	0	0	0	0	0	0	0	0	0	0	0	0	0	0	0	0	0	0	0	0	0	0	0	0	0	0	0	0	0	0	0	0	0	0	0	0	0	0	0	0	0	0	0	0	0	0	0	0	0	0	0	0	0
A[Del(C):R(9,)]T	0	0	0	0	0	0	0	0	0	0	0	0	0	0	0	0	0	0	0	0	0	0	0	0	0	0	0	0	0	0	0	0	0	0	0	0	0	0	0	0	0	0	0	0	0	0	0	0	0	0	0	0	0	0	0	0	0	0	0	0	0	0	0	0	0	0	0	0	0	0	0	0	0	0	0	0	0	0	0	0	0	0	0	0	0	0	0	0	0	0	0	0	0	0	0	0	0	0	0	0	0	0	0	0	0	0	0	0	0	0	0	0	0	0	0	0	0	0	0	0	0	0	0	0	0	0	0	0	0	0	0	0	0	0	0	0	0	0	0	0	0	0	0	0	0	0	0	0	0	0	0	0	0	0	0	0	0	0	0	0	0	0	0	0	0	0	0	0	0	0	0	0	0	0	0	0	0	0	0	0	0	0	0	0	0	0	0	0	0	0	0	0	0	0	0	0	0	0	0	0	0	0	0	0	0	0	0	0	0	0	0	0	0	0	0	0	0	0	0	0	0	0	0	0	0	0	0	0	0	0	0	0	0	0	0	0	0	0	0	0	0	0	0	0	0	0	0	0	0	0	0	0	0	0	0	0	0	0	0	0	0	0
G[Del(C):R1]A	2	0	0	3	2	2	2	0	15	2	5	2	0	2	0	111	20	0	6	2	1	2	5	31	2	0	8	0	1	2	0	0	2	5	6	2	5	0	2	0	2	5	61	6	4	3	2	2	0	0	4	3	2	0	5	1	2	14	1	1	0	0	5	1	3	0	0	6	1	0	2	26	2	4	2	0	2	1	0	5	60	1	3	46	2	4	12	6	2	2	5	7	5	18	4	4	4	1	0	3	5	5	6	5	2	2	1	8	2	3	6	1	3	1	2	21	0	5	1	3	3	3	5	2	2	12	20	16	10	0	7	4	1	1	3	2	4	123	22	2	16	15	2	4	0	28	6	8	5	0	5	3	3	3	0	2	0	1	1	20	15	2	3	8	1	3	5	6	74	0	2	4	18	1	2	1	0	1	15	4	1	2	2	4	12	0	4	1	27	5	3	4	5	5	30	5	5	5	5	3	1	4	0	0	7	0	20	4	1	1	1	1	7	101	0	1	4	4	3	1	1	6	39	11	4	106	2	8	3	2	5	11	3	1	1	8	1	2	1	1	12	3	4	4	2	97	9	60	1	3	10	1	0	3	1	0	30	0	7	2	5	1
G[Del(C):R1]G	6	0	0	0	3	1	0	0	5	0	0	0	0	1	1	18	7	0	0	0	0	1	1	20	1	0	0	0	2	1	5	0	0	0	12	1	2	0	0	0	1	1	12	1	0	5	0	0	0	0	0	0	1	0	0	0	0	1	0	0	0	0	0	1	1	7	2	2	2	1	1	7	4	1	4	0	0	1	0	0	15	0	0	13	0	2	0	6	0	0	1	1	0	7	0	0	1	0	0	0	6	1	2	0	1	8	0	6	0	0	0	5	0	0	0	6	5	0	0	2	0	0	19	0	0	0	43	4	3	0	1	0	1	0	1	0	0	29	0	16	3	6	0	0	0	8	1	1	2	0	0	0	0	1	0	1	1	2	2	2	5	1	1	36	0	0	1	3	21	1	1	0	6	0	18	3	1	1	12	0	0	2	0	0	0	0	16	4	6	10	0	0	0	1	13	29	0	2	1	18	1	0	0	0	0	0	6	5	1	0	1	1	2	23	0	0	5	0	0	0	1	0	7	20	20	25	1	7	0	0	10	2	9	0	0	22	1	1	4	0	1	1	1	1	2	18	2	14	1	0	1	1	1	0	0	0	9	1	4	0	3	0
G[Del(C):R1]T	2	1	0	9	6	5	7	0	20	1	6	5	0	2	3	70	22	0	8	7	3	1	8	33	11	0	17	0	0	4	3	0	1	2	7	3	16	0	23	0	5	2	47	1	1	13	0	11	6	0	2	3	2	1	4	7	5	24	6	1	0	2	8	5	12	12	2	10	11	7	4	30	9	9	15	4	5	1	1	11	44	3	52	35	0	13	26	9	4	5	1	13	4	14	9	11	4	12	0	2	3	19	4	9	7	10	0	6	6	10	11	15	5	3	7	15	1	6	4	4	4	4	22	4	0	27	45	15	23	0	7	1	0	0	3	1	1	76	45	9	16	36	0	4	9	13	8	5	6	0	5	20	2	4	14	6	2	0	8	61	29	5	4	16	1	10	4	6	41	1	6	9	38	3	11	11	3	8	38	8	0	6	2	2	22	1	16	2	40	16	17	8	5	4	17	15	7	26	3	28	5	3	2	2	6	0	15	7	4	2	4	2	11	68	2	3	9	10	10	6	12	11	18	19	8	79	2	7	0	3	13	16	6	10	0	17	4	2	4	4	15	2	14	20	8	54	20	26	7	3	7	0	4	4	13	3	13	4	5	7	9	8
G[Del(C):R2]A	0	1	0	3	4	4	2	0	11	2	4	0	0	5	3	153	31	0	4	2	0	3	5	111	4	0	18	0	2	1	6	0	1	2	21	2	7	0	5	0	5	14	128	9	2	6	0	2	1	0	1	2	1	2	2	0	1	10	0	2	0	0	3	1	11	22	7	13	11	7	1	51	4	4	2	2	1	3	0	6	143	3	1	82	1	5	6	4	4	1	8	6	5	59	7	2	3	1	0	2	10	4	3	11	14	8	1	12	1	2	9	4	2	2	8	50	3	14	0	6	4	1	14	1	1	16	56	13	5	1	7	2	5	0	2	3	2	193	22	1	8	9	0	2	3	98	4	5	5	1	4	2	2	1	2	1	3	2	1	22	9	1	0	26	2	4	13	5	178	2	13	10	49	0	7	1	1	1	16	0	0	0	3	0	5	0	5	5	24	10	10	2	1	9	69	15	5	6	4	6	1	4	3	0	7	0	68	3	1	4	2	2	8	185	1	0	6	6	2	2	5	10	62	19	2	238	3	7	1	2	7	21	15	6	1	4	4	3	3	2	24	0	4	6	4	197	6	79	4	1	4	2	4	1	8	1	75	0	8	5	9	1
G[Del(C):R2]G	0	0	0	0	0	1	0	0	1	0	0	0	0	0	1	44	10	0	0	1	0	0	0	27	0	0	0	0	1	2	1	0	0	0	2	1	0	0	1	0	2	3	46	0	1	2	0	0	1	0	0	0	0	0	0	1	1	1	0	0	0	0	0	0	2	6	3	2	6	0	0	9	0	3	1	1	1	0	0	1	21	0	0	22	0	1	1	1	0	0	2	1	1	9	0	0	0	0	0	0	4	1	2	2	1	3	0	3	0	0	1	0	0	0	0	12	0	1	0	2	0	1	4	0	0	1	13	4	2	0	3	0	0	0	2	0	1	58	3	2	4	2	0	1	0	18	0	2	0	1	1	0	0	0	1	0	0	0	2	0	4	0	0	5	0	1	6	2	36	0	2	3	17	0	1	0	2	0	3	2	0	0	0	0	1	0	5	1	6	0	2	2	0	2	15	7	2	2	0	4	2	0	1	0	0	0	14	1	0	0	0	1	0	31	0	0	1	1	0	0	0	0	16	2	2	57	0	3	0	1	2	5	6	1	0	2	0	1	0	0	8	0	1	4	0	45	2	11	0	1	0	0	0	0	0	0	11	0	1	0	0	1
G[Del(C):R2]T	7	0	0	1	10	2	2	0	8	2	4	0	0	3	1	117	29	0	3	6	3	0	2	69	3	0	18	0	6	1	6	0	1	2	23	4	5	0	5	0	1	6	95	6	0	11	0	2	2	0	0	1	1	0	1	1	2	9	6	1	0	0	2	4	9	31	4	12	9	3	1	45	5	3	2	0	2	3	1	9	85	3	5	58	1	5	8	15	4	1	9	3	7	44	1	1	5	5	0	5	5	2	10	2	8	11	0	2	1	1	10	8	5	2	3	24	3	11	0	6	1	1	15	2	2	8	34	35	11	0	14	1	0	1	0	1	1	137	25	20	13	10	0	1	5	42	3	3	4	0	3	2	2	3	3	4	0	5	6	18	14	0	1	18	2	5	9	3	121	0	7	8	19	1	13	3	0	1	32	1	0	2	1	1	8	0	11	1	24	8	9	3	4	4	44	16	8	10	3	13	2	1	3	1	5	0	27	5	1	2	1	1	5	128	0	2	1	10	2	1	2	8	38	7	1	169	1	6	2	0	5	17	14	3	0	9	1	1	2	0	14	3	2	4	7	111	11	50	1	3	8	0	6	3	8	0	33	0	12	3	11	0
G[Del(C):R3]A	7	0	0	0	4	2	1	1	7	1	5	0	0	1	0	136	20	0	0	2	0	0	1	65	2	0	14	0	6	4	4	0	0	0	37	2	2	0	5	0	1	11	85	1	1	2	0	0	0	0	1	1	2	0	1	1	0	14	0	0	0	0	2	0	1	50	9	10	5	6	3	41	3	1	1	0	1	1	0	7	89	0	0	62	0	3	1	14	7	3	14	3	2	39	2	1	3	1	0	4	6	9	9	3	7	12	1	17	0	0	2	7	0	1	3	24	7	3	0	15	1	0	10	1	0	4	59	11	3	0	2	3	1	1	0	1	2	136	7	6	4	4	0	3	0	50	5	1	3	0	7	4	2	1	1	1	1	4	1	14	12	0	2	36	0	2	13	4	122	0	8	0	33	1	22	1	1	1	4	2	0	1	1	0	5	2	16	1	24	5	5	1	1	5	62	8	2	14	4	10	1	2	0	1	2	1	40	4	1	2	0	3	1	112	2	0	2	4	2	2	1	3	36	13	13	150	2	9	0	1	8	16	9	0	0	10	4	1	0	1	18	1	2	4	5	133	4	58	0	3	2	2	1	0	1	0	55	2	4	2	4	1
G[Del(C):R3]G	4	1	0	1	2	0	0	0	3	0	0	0	0	0	1	28	5	0	1	0	0	0	0	22	0	0	5	0	1	0	4	0	0	0	7	1	0	0	1	0	0	1	30	0	1	2	0	0	0	0	0	0	1	0	0	0	0	4	0	0	0	0	1	0	0	16	2	2	2	0	1	15	0	1	0	1	0	0	1	1	34	0	0	19	0	0	0	2	4	0	3	0	0	10	0	0	1	0	0	0	4	1	2	1	0	2	0	4	0	0	0	2	0	0	0	8	1	1	0	3	0	0	13	0	0	1	27	5	1	0	3	0	0	0	1	0	0	35	1	3	2	4	1	1	1	13	3	0	1	0	1	0	0	0	0	0	0	1	0	2	2	1	0	4	0	0	1	0	38	0	1	1	12	1	4	2	0	1	4	0	1	1	1	1	0	0	3	1	4	2	3	0	3	0	13	7	1	4	0	2	1	1	0	1	1	0	9	2	0	0	0	0	3	33	0	0	0	4	0	0	1	0	6	1	4	39	0	0	0	0	2	5	2	0	0	4	0	0	1	1	7	0	0	1	0	24	0	14	2	0	0	0	2	0	1	0	10	0	1	0	0	0
G[Del(C):R3]T	6	0	0	3	8	0	1	0	8	2	3	0	0	0	0	53	11	0	1	2	0	0	0	27	3	0	6	0	1	1	1	0	1	0	19	0	2	0	1	0	2	5	48	6	2	8	0	0	2	0	0	0	0	0	2	0	0	5	0	1	0	0	1	4	4	30	13	4	3	2	2	29	4	1	0	1	0	0	1	7	35	2	0	33	2	0	4	14	3	2	4	0	2	26	3	0	1	1	0	2	5	2	10	3	1	8	0	14	0	0	2	10	2	1	3	13	6	3	0	16	1	0	17	2	1	2	55	8	3	0	3	1	0	2	0	2	1	63	7	6	6	3	0	0	0	20	1	3	1	1	2	2	2	0	1	0	0	2	5	1	11	1	0	22	1	2	5	5	46	0	1	1	11	2	24	1	0	0	14	1	0	3	0	0	1	2	17	1	15	6	4	1	2	3	14	22	2	3	2	9	2	0	0	1	2	1	18	6	0	1	0	0	1	62	0	0	1	3	0	0	3	1	21	4	11	75	0	4	0	0	13	5	18	4	0	15	0	2	2	0	6	0	0	4	5	44	8	17	3	1	1	2	1	0	2	0	15	0	5	0	2	1
G[Del(C):R4]A	17	0	0	3	40	0	0	0	5	0	0	0	0	0	0	36	3	0	2	0	1	1	1	23	2	0	7	0	0	5	13	0	0	0	168	0	0	0	4	0	0	8	20	1	3	35	0	5	0	0	2	0	2	12	0	1	2	3	0	0	0	0	1	1	2	127	23	4	5	0	0	16	4	4	0	1	0	1	0	1	38	0	2	21	0	2	2	96	0	2	26	0	2	15	2	1	1	1	0	0	33	2	19	1	2	85	0	54	1	1	2	20	0	2	2	10	25	2	1	54	2	0	48	0	1	2	656	5	1	0	0	4	0	0	2	0	0	44	1	6	9	1	0	0	0	11	0	1	2	0	1	4	1	1	0	0	0	6	4	4	3	0	1	83	1	1	1	3	35	0	3	2	13	0	61	2	0	3	15	1	0	1	1	2	3	0	70	12	10	10	1	0	3	1	18	97	0	2	0	34	0	2	1	0	3	0	15	2	0	0	2	3	1	41	0	0	7	4	1	0	1	3	13	42	32	49	1	10	0	1	16	3	52	0	0	47	2	2	52	0	2	0	2	2	2	43	14	15	0	1	1	0	0	0	4	1	21	0	3	2	4	2
G[Del(C):R4]G	9	0	0	2	26	1	1	0	0	1	0	0	0	1	0	8	3	0	0	0	0	0	0	3	0	0	1	0	0	0	14	0	0	1	78	0	1	0	1	0	1	1	7	2	1	12	0	0	0	0	0	1	0	1	1	0	0	2	0	0	0	0	0	0	0	55	13	0	1	0	0	6	1	0	1	0	0	0	0	2	13	0	0	7	0	1	1	38	0	0	9	0	1	5	0	0	0	0	0	0	22	0	15	0	2	51	0	31	0	1	0	11	0	0	0	2	9	1	0	26	0	0	25	0	0	0	343	0	3	0	0	0	0	0	0	0	1	8	2	5	1	0	1	0	0	6	0	1	1	0	0	1	0	0	1	0	0	6	1	1	0	0	0	30	0	1	4	0	5	0	2	1	2	0	19	0	0	0	8	1	0	1	1	0	3	0	33	9	0	3	0	0	3	2	1	49	1	2	0	10	0	0	1	1	1	0	1	0	0	1	0	0	0	10	0	0	2	0	0	1	0	0	3	19	20	9	0	4	0	0	5	3	12	0	0	17	1	1	16	1	2	0	0	0	0	9	6	2	0	0	0	0	1	0	0	0	1	0	2	0	0	0
G[Del(C):R4]T	8	1	0	3	28	2	1	0	3	0	1	0	0	0	0	25	2	0	2	1	1	0	1	13	1	0	3	0	2	0	13	0	0	0	92	1	1	0	1	0	1	4	11	2	3	24	0	1	0	0	0	0	0	7	1	0	0	5	1	0	0	0	0	0	2	83	21	3	4	3	1	14	3	1	1	0	1	0	1	4	16	0	4	15	0	3	6	41	1	2	20	2	3	10	1	0	1	0	0	2	36	0	14	1	2	48	0	35	0	0	1	16	2	0	0	11	18	6	0	45	0	0	36	0	1	0	181	3	1	0	4	4	0	1	0	0	0	30	3	14	2	6	0	0	0	12	2	2	0	1	1	4	2	2	0	1	1	12	2	3	4	0	2	70	1	0	2	0	31	1	1	2	5	2	52	0	0	1	19	0	0	0	2	0	2	0	42	6	8	6	3	0	2	1	10	47	2	2	2	15	2	0	0	0	1	0	4	1	0	0	1	0	1	27	1	1	3	0	0	1	1	0	13	30	24	28	0	14	0	0	23	4	20	0	0	39	0	1	9	0	3	1	2	0	3	25	8	16	0	0	2	0	0	0	1	0	14	0	0	0	3	0
G[Del(C):R5]A	48	0	0	2	108	1	0	0	0	2	0	0	0	1	0	33	5	0	0	0	0	0	2	20	0	0	3	0	3	7	54	0	0	0	286	0	5	0	4	0	0	3	18	1	2	85	0	2	0	0	0	1	1	29	0	0	0	2	0	0	0	0	1	0	0	218	73	4	5	0	0	17	9	0	0	0	0	0	0	0	22	2	3	25	0	2	2	235	1	1	39	0	2	18	2	0	1	1	0	1	101	0	68	2	4	155	2	165	6	1	1	83	1	0	0	8	58	1	1	185	2	0	138	1	2	1	607	2	4	0	1	2	1	0	1	0	0	34	1	23	1	2	0	0	1	12	1	1	1	0	2	6	0	2	3	0	0	30	0	1	3	0	1	229	1	2	5	2	37	0	2	1	8	1	121	1	0	0	37	0	1	0	0	0	2	0	149	20	6	49	0	1	2	1	10	183	1	0	0	74	0	1	2	0	3	0	6	5	0	1	2	0	1	40	0	0	16	0	0	2	0	1	11	102	67	42	1	37	0	2	36	3	70	0	0	132	0	2	41	0	8	1	1	1	1	28	17	10	1	1	0	1	2	1	3	0	12	0	1	2	1	0
G[Del(C):R5]G	14	0	0	2	29	0	1	0	0	0	0	0	0	1	0	7	0	0	0	0	0	0	0	3	1	0	0	0	0	0	27	0	1	0	102	0	0	0	1	0	0	0	6	0	1	19	0	0	0	0	0	0	0	5	0	0	0	0	0	0	0	0	1	0	0	54	30	0	0	0	1	5	7	0	0	0	0	0	0	1	5	0	0	6	0	0	1	73	0	0	7	0	0	3	0	0	0	0	0	0	41	0	24	0	0	72	0	66	0	0	0	25	0	0	0	2	25	1	0	75	0	0	66	0	0	0	174	1	0	0	0	2	0	0	1	0	0	9	1	6	0	1	0	0	1	1	1	0	1	0	0	0	0	0	1	0	0	3	0	0	1	0	0	76	0	0	2	0	9	0	0	0	3	0	26	0	0	0	18	0	0	0	0	0	0	0	43	5	0	9	1	0	1	0	1	53	0	2	0	28	0	0	0	0	0	0	0	4	0	0	0	0	0	1	0	0	2	0	0	0	0	1	3	35	37	0	0	11	0	0	11	1	15	0	0	37	0	1	13	0	0	0	0	1	0	3	5	3	0	1	0	0	0	0	0	0	3	0	1	0	2	0
G[Del(C):R5]T	50	0	0	1	97	0	1	0	0	1	0	0	0	1	0	11	3	0	0	0	0	0	4	8	0	0	3	0	1	1	61	0	0	0	341	0	1	0	0	0	1	2	12	1	6	82	0	0	1	0	0	0	2	17	0	0	0	1	0	0	0	0	3	0	0	203	75	3	4	0	0	2	18	3	2	0	0	1	0	0	6	1	2	7	0	0	1	200	0	0	48	1	0	9	1	0	2	2	0	1	95	0	62	3	1	150	0	191	1	0	1	72	2	2	1	9	61	2	0	182	0	0	153	0	0	1	503	2	2	1	0	2	0	0	0	0	0	17	0	35	1	4	0	0	2	8	0	0	0	1	0	4	0	0	1	0	0	36	3	0	2	1	0	196	0	1	2	0	12	0	0	0	4	0	99	1	0	0	33	0	0	1	1	0	1	0	124	29	6	43	1	3	1	1	8	164	1	0	1	64	0	0	0	0	1	0	10	3	0	1	0	0	1	15	0	0	15	2	0	0	0	1	5	83	96	21	2	32	0	0	49	2	68	0	0	113	0	0	27	1	3	1	1	3	0	16	13	7	0	0	1	0	1	1	1	0	4	1	1	1	1	0
G[Del(C):R6]A	64	0	0	0	158	0	0	1	0	0	0	0	0	1	0	14	3	0	1	0	1	0	6	11	0	0	2	0	1	2	78	0	0	0	532	0	0	0	2	0	2	3	12	0	4	106	0	2	0	0	0	0	0	45	0	2	1	3	0	0	0	0	2	3	1	307	84	5	2	0	1	7	25	1	0	0	0	1	1	0	15	0	5	9	1	1	1	351	2	0	66	0	1	6	1	1	1	0	0	0	150	0	112	0	0	257	0	252	1	1	0	139	0	2	0	5	86	0	0	278	2	0	244	0	0	0	861	1	1	0	0	4	0	0	1	0	0	15	1	47	0	0	0	2	7	5	1	0	1	1	0	2	5	1	1	1	0	55	5	1	5	0	2	275	1	0	3	1	12	0	1	0	0	0	166	3	0	0	66	3	0	1	0	1	0	0	214	39	3	76	0	0	2	2	2	293	2	1	0	99	2	2	1	0	1	0	5	10	0	0	0	1	1	17	0	1	16	0	0	2	0	0	6	159	152	15	0	55	0	0	56	0	101	1	0	170	0	1	59	0	1	1	4	1	1	17	37	6	0	1	3	0	2	0	2	0	4	0	0	1	2	0
G[Del(C):R6]G	29	0	0	0	70	0	0	0	1	0	0	0	0	0	1	5	1	0	0	0	0	1	0	5	0	0	0	0	0	0	32	0	0	0	191	0	0	0	0	0	0	0	2	0	0	26	0	0	0	0	0	0	0	6	1	0	0	0	0	0	0	0	0	0	0	102	32	0	0	0	0	2	12	0	0	0	1	0	0	0	1	0	0	3	0	1	0	98	0	1	16	1	0	0	0	1	0	0	0	0	50	0	46	0	0	108	0	137	0	0	0	30	0	0	1	2	34	0	0	112	0	0	115	1	0	0	246	1	2	0	1	0	0	0	0	0	0	8	0	75	0	1	0	1	1	3	0	0	0	0	1	0	0	0	0	0	0	12	0	0	0	0	0	111	1	0	0	0	7	0	0	0	0	1	50	1	0	0	26	0	0	1	0	0	0	0	72	11	2	38	0	0	0	0	0	119	1	0	1	48	0	1	0	0	3	0	3	1	0	0	1	0	0	3	0	0	11	0	0	0	0	0	1	54	57	2	0	26	0	0	28	0	25	1	0	61	0	1	12	0	0	0	0	0	0	2	4	2	0	0	0	0	0	0	1	0	0	0	0	0	1	0
G[Del(C):R6]T	46	0	0	0	90	0	0	1	0	0	0	0	0	0	0	7	2	0	0	1	1	0	2	5	1	0	1	0	0	2	45	0	0	1	339	0	1	0	2	0	1	1	7	0	3	68	0	0	0	0	0	0	0	15	0	1	0	0	0	0	0	0	1	2	0	174	41	0	0	0	0	4	27	1	1	0	0	1	0	0	5	0	1	2	6	3	1	153	1	1	21	0	0	3	0	0	2	0	0	0	128	0	73	0	1	146	0	165	1	1	0	56	0	0	0	2	53	1	0	186	2	0	164	0	0	1	370	1	1	0	0	3	0	0	0	0	0	5	1	86	0	1	0	0	4	0	0	0	1	0	0	5	0	0	5	0	0	34	4	0	2	0	0	151	1	1	0	0	5	0	0	1	3	0	102	1	0	0	39	3	0	5	0	0	0	0	132	20	0	67	0	0	2	1	2	127	0	1	1	73	1	0	0	0	0	1	1	11	0	0	0	0	0	7	0	0	29	1	0	0	0	1	2	87	98	10	0	25	0	0	31	0	54	0	0	101	1	0	26	1	0	0	0	0	0	7	13	4	0	0	1	0	1	1	0	0	6	0	0	2	0	0
G[Del(C):R7]A	50	0	0	2	94	0	0	0	0	1	2	0	0	1	1	1	0	0	0	0	0	0	4	4	0	0	0	0	0	4	63	0	0	0	310	0	0	0	2	0	1	1	4	0	0	97	0	3	0	0	0	0	0	14	0	2	2	0	1	0	0	0	1	0	0	207	83	0	0	0	0	3	21	0	1	0	1	0	0	0	3	0	3	0	3	0	0	176	0	0	40	0	0	1	1	2	0	0	0	0	145	0	75	0	1	205	0	248	0	1	0	146	0	0	1	2	92	0	0	215	0	0	198	0	0	0	510	0	1	0	0	2	1	0	1	0	1	4	0	62	0	1	0	0	1	0	0	0	0	0	0	4	1	0	2	0	0	34	4	0	1	0	4	223	0	1	2	0	4	0	0	0	0	1	135	0	0	0	65	0	0	3	0	0	0	0	156	26	1	79	0	0	2	0	0	239	0	0	1	108	0	0	0	0	0	0	2	5	0	0	0	1	0	3	0	0	29	0	0	0	0	0	1	87	130	3	0	43	0	1	66	0	84	0	0	130	0	3	29	0	1	0	0	0	0	5	21	2	0	0	0	0	0	0	0	0	3	0	0	0	0	0
G[Del(C):R7]G	23	0	0	0	42	0	0	0	0	0	0	0	0	0	0	1	0	0	0	0	0	0	2	1	0	0	0	0	0	1	35	0	0	0	94	0	0	0	0	0	0	0	0	0	0	23	0	1	0	0	0	0	0	2	0	0	0	0	0	0	0	0	0	0	0	74	37	0	0	0	0	0	8	0	0	0	0	0	0	0	1	0	0	0	1	0	0	61	0	0	5	0	0	0	1	0	0	0	0	0	44	0	35	0	0	68	0	72	0	0	0	21	0	0	0	1	31	0	0	81	0	0	83	0	0	0	157	0	1	0	0	0	0	0	0	0	0	2	0	45	0	0	0	0	0	1	0	0	1	0	0	2	0	0	0	0	0	15	2	0	1	0	1	70	0	0	0	0	0	0	0	0	0	0	41	0	0	0	13	0	0	1	0	0	0	0	65	15	1	24	0	0	2	0	0	63	1	0	0	24	0	0	0	0	0	0	1	5	0	0	1	0	0	0	0	0	5	0	0	0	0	0	0	31	62	2	0	15	0	0	23	0	25	0	0	47	0	1	8	0	0	0	0	0	0	0	6	0	0	0	0	1	0	0	0	0	0	0	0	0	0	0
G[Del(C):R7]T	24	0	0	1	35	0	0	0	0	0	0	0	0	0	0	0	0	0	0	0	0	0	4	0	0	0	1	0	0	1	24	0	0	0	116	0	1	0	0	0	0	0	0	0	0	38	0	1	0	0	1	0	0	5	1	0	0	0	0	0	0	0	0	0	0	82	21	0	0	0	0	1	13	0	0	2	0	0	0	0	1	0	0	2	0	0	0	64	0	0	11	0	0	1	1	0	0	0	0	0	56	0	33	0	0	58	0	80	0	0	0	31	0	0	0	0	18	0	0	86	0	0	74	0	0	0	197	0	0	0	0	0	0	0	0	0	0	1	0	49	0	0	0	0	1	0	0	0	0	0	0	3	1	0	1	0	0	9	1	0	1	0	2	86	1	0	1	0	1	0	0	0	0	0	46	0	0	0	18	0	0	1	0	0	1	0	54	10	1	33	0	0	1	0	1	52	0	0	2	38	0	0	0	0	0	0	0	6	0	0	0	0	0	2	0	0	9	0	0	0	0	0	1	26	52	4	0	21	0	0	15	0	18	0	0	45	0	1	15	0	1	0	0	0	0	1	16	1	0	0	0	0	1	1	1	0	0	0	0	0	2	0
G[Del(C):R8]A	25	1	0	0	55	0	0	0	0	0	0	0	0	0	0	0	0	0	0	0	0	0	6	1	0	0	0	0	0	2	32	0	1	0	107	0	1	0	3	0	3	0	0	0	0	44	0	2	0	0	0	0	0	5	2	0	0	0	0	0	0	0	0	0	0	67	46	0	0	0	0	0	25	0	0	0	0	0	2	0	0	0	1	0	1	1	0	111	0	0	15	0	0	0	0	0	0	0	0	0	86	0	47	0	0	96	0	87	1	0	0	65	0	0	0	0	42	0	0	101	0	0	131	1	0	0	254	0	0	0	0	0	0	0	0	0	0	0	1	54	0	0	0	1	11	1	0	0	0	0	1	7	3	0	3	1	0	16	5	0	3	0	0	165	2	2	0	0	0	0	0	1	2	0	102	0	1	0	67	2	0	4	0	0	1	0	120	23	0	84	1	1	2	1	1	209	1	0	0	77	0	0	0	0	3	0	0	16	0	2	0	0	0	1	0	0	19	0	0	0	0	0	1	86	81	0	0	42	0	1	54	1	68	0	0	117	0	2	20	2	1	0	0	0	0	1	40	0	0	1	0	0	1	0	2	1	1	0	0	0	1	1
G[Del(C):R8]G	4	0	0	0	8	0	0	0	0	0	0	0	0	0	0	0	0	0	0	0	0	0	0	0	0	0	0	0	0	0	6	0	0	0	27	0	0	0	0	0	0	0	0	0	0	5	0	0	0	0	0	0	0	0	0	0	0	0	0	0	0	0	0	0	0	12	10	0	0	0	0	0	4	0	0	0	0	0	0	0	0	0	0	0	1	0	0	11	0	0	1	0	0	0	0	0	0	0	0	0	9	0	5	0	0	12	0	14	0	0	0	6	0	0	0	0	4	0	0	11	0	0	27	0	1	0	62	0	0	0	0	0	0	0	0	0	0	0	0	14	0	0	0	0	0	1	0	0	0	0	0	0	0	0	3	0	0	8	3	0	0	0	0	31	0	0	0	0	0	0	0	0	0	0	16	0	1	0	7	0	0	1	0	0	0	0	27	8	0	14	0	0	0	0	0	41	0	0	0	14	0	0	0	0	0	0	0	3	0	0	0	0	0	0	0	0	3	0	0	0	1	0	0	12	18	0	0	11	0	0	4	0	17	0	0	16	0	1	3	2	0	0	0	0	0	0	8	0	0	0	0	0	1	0	0	0	0	0	0	0	0	0
G[Del(C):R8]T	7	0	0	1	23	0	0	0	0	0	0	0	0	0	0	0	0	0	0	0	0	0	3	0	0	0	0	0	0	1	8	0	1	0	42	0	0	0	1	0	0	0	0	0	0	16	0	0	0	0	0	0	0	2	0	0	1	0	0	0	0	0	0	0	0	25	21	0	0	0	0	0	10	0	0	0	0	0	0	0	0	0	1	0	0	1	1	27	0	0	4	0	0	0	1	0	1	1	0	0	19	0	9	0	0	21	0	35	0	0	0	17	0	0	0	0	6	0	0	19	0	0	48	2	0	0	119	0	0	0	0	0	0	0	0	0	0	0	0	35	0	0	0	0	1	0	0	0	0	0	0	0	3	0	2	0	0	9	1	0	1	1	0	51	0	1	0	0	0	0	0	1	0	0	25	0	1	0	20	0	0	0	0	0	0	0	45	3	0	31	0	0	1	0	2	62	0	0	0	20	0	0	0	1	0	0	0	10	0	0	1	0	0	0	0	0	7	0	0	1	0	0	0	34	39	1	0	13	0	0	10	0	16	0	0	45	0	0	13	1	0	0	0	0	0	1	20	0	0	0	0	0	1	0	0	0	0	0	1	0	0	1
G[Del(C):R(9,)]A	0	0	0	0	0	0	0	0	0	0	0	0	0	0	0	0	0	0	0	0	0	0	0	0	0	0	0	0	0	0	0	0	0	0	0	0	0	0	0	0	0	0	0	0	0	0	0	0	0	0	0	0	0	0	0	0	0	0	0	0	0	0	0	0	0	0	0	0	0	0	0	0	0	0	0	0	0	0	0	0	0	0	0	0	0	0	0	0	0	0	0	0	0	0	0	0	0	0	0	0	0	0	0	0	0	0	0	0	0	0	0	0	0	0	0	0	0	0	0	0	0	0	0	0	0	0	0	0	0	0	0	0	0	0	0	0	0	0	0	0	0	0	0	0	0	0	0	0	0	0	0	0	0	0	0	0	0	0	0	0	0	0	0	0	0	0	0	0	0	0	0	0	0	0	0	0	0	0	0	0	0	0	0	0	0	0	0	0	0	0	0	0	0	0	0	0	0	0	0	0	0	0	0	0	0	0	0	0	0	0	0	0	0	0	0	0	0	0	0	0	0	0	0	0	0	0	0	0	0	0	0	0	0	0	0	0	0	0	0	0	0	0	0	0	0	0	0	0	0	0	0	0	0	0	0	0	0	0	0	0	0	0
G[Del(C):R(9,)]G	0	0	0	0	0	0	0	0	0	0	0	0	0	0	0	0	0	0	0	0	0	0	0	0	0	0	0	0	0	0	0	0	0	0	0	0	0	0	0	0	0	0	0	0	0	0	0	0	0	0	0	0	0	0	0	0	0	0	0	0	0	0	0	0	0	0	0	0	0	0	0	0	0	0	0	0	0	0	0	0	0	0	0	0	0	0	0	0	0	0	0	0	0	0	0	0	0	0	0	0	0	0	0	0	0	0	0	0	0	0	0	0	0	0	0	0	0	0	0	0	0	0	0	0	0	0	0	0	0	0	0	0	0	0	0	0	0	0	0	0	0	0	0	0	0	0	0	0	0	0	0	0	0	0	0	0	0	0	0	0	0	0	0	0	0	0	0	0	0	0	0	0	0	0	0	0	0	0	0	0	0	0	0	0	0	0	0	0	0	0	0	0	0	0	0	0	0	0	0	0	0	0	0	0	0	0	0	0	0	0	0	0	0	0	0	0	0	0	0	0	0	0	0	0	0	0	0	0	0	0	0	0	0	0	0	0	0	0	0	0	0	0	0	0	0	0	0	0	0	0	0	0	0	0	0	0	0	0	0	0	0	0
G[Del(C):R(9,)]T	0	0	0	0	0	0	0	0	0	0	0	0	0	0	0	0	0	0	0	0	0	0	0	0	0	0	0	0	0	0	0	0	0	0	0	0	0	0	0	0	0	0	0	0	0	0	0	0	0	0	0	0	0	0	0	0	0	0	0	0	0	0	0	0	0	0	0	0	0	0	0	0	0	0	0	0	0	0	0	0	0	0	0	0	0	0	0	0	0	0	0	0	0	0	0	0	0	0	0	0	0	0	0	0	0	0	0	0	0	0	0	0	0	0	0	0	0	0	0	0	0	0	0	0	0	0	0	0	0	0	0	0	0	0	0	0	0	0	0	0	0	0	0	0	0	0	0	0	0	0	0	0	0	0	0	0	0	0	0	0	0	0	0	0	0	0	0	0	0	0	0	0	0	0	0	0	0	0	0	0	0	0	0	0	0	0	0	0	0	0	0	0	0	0	0	0	0	0	0	0	0	0	0	0	0	0	0	0	0	0	0	0	0	0	0	0	0	0	0	0	0	0	0	0	0	0	0	0	0	0	0	0	0	0	0	0	0	0	0	0	0	0	0	0	0	0	0	0	0	0	0	0	0	0	0	0	0	0	0	0	0	0
T[Del(C):R1]A	6	4	1	16	2	2	7	0	22	6	17	7	0	4	40	138	19	0	5	4	1	2	7	44	5	0	15	0	3	8	10	0	2	1	18	3	5	0	10	0	4	18	62	8	4	10	2	4	1	0	5	1	6	1	3	5	2	14	5	3	0	0	8	4	6	17	7	13	8	1	2	62	5	3	15	5	2	1	4	11	64	3	32	50	0	8	10	9	6	16	23	2	8	30	2	2	11	1	0	1	7	0	4	7	10	15	1	9	1	6	12	5	5	4	5	19	10	15	26	12	13	8	23	7	1	16	48	21	54	0	6	3	4	4	0	4	63	137	25	17	13	17	1	1	6	42	8	8	7	0	6	14	5	2	11	2	0	15	6	26	17	0	4	26	2	4	14	9	108	5	7	9	30	4	14	5	0	13	65	3	0	6	3	3	6	4	14	6	36	15	9	3	5	24	55	45	11	6	5	14	0	144	5	0	6	0	36	7	3	2	8	4	3	102	1	2	9	9	3	8	6	7	39	31	21	100	3	12	1	2	22	23	11	1	1	26	6	2	1	1	15	1	3	14	11	119	12	51	5	5	11	4	14	1	4	1	37	3	19	18	8	4
T[Del(C):R1]G	0	2	0	1	2	1	5	0	4	0	0	0	1	0	1	12	3	0	0	0	0	0	0	7	1	0	0	0	0	10	3	0	0	0	2	0	4	0	12	0	0	1	21	2	1	3	1	7	1	0	0	0	0	1	0	2	0	3	1	1	0	1	0	1	0	3	3	1	1	1	0	8	4	0	0	0	1	0	0	0	11	0	29	4	0	1	3	2	1	1	3	0	0	5	1	1	1	0	0	0	2	0	1	0	3	1	0	2	0	1	0	4	1	2	1	2	1	4	1	2	0	0	4	0	0	0	17	1	11	0	2	1	0	0	1	0	2	11	2	5	4	0	1	3	0	12	1	1	2	0	7	11	0	0	4	0	0	2	1	0	2	0	2	5	1	3	2	4	15	2	0	4	6	0	5	0	1	1	11	0	0	2	0	0	0	0	7	1	4	2	4	1	0	2	9	13	1	0	0	4	1	3	0	2	0	1	7	1	1	1	1	1	1	14	0	0	1	2	1	1	1	1	4	11	7	16	1	7	0	1	5	1	4	0	0	7	0	2	0	1	5	0	0	0	1	7	1	2	1	1	0	0	0	1	2	0	8	1	1	0	3	0
T[Del(C):R1]T	18	3	0	16	19	10	30	4	24	12	20	7	2	9	36	123	25	0	6	18	2	7	8	46	12	0	13	0	9	61	18	0	6	3	30	3	23	0	98	0	14	13	76	10	25	25	1	21	13	0	4	4	4	4	6	29	7	68	8	1	0	0	21	3	12	52	19	19	20	9	12	87	20	33	40	8	7	6	1	15	75	14	130	57	1	18	55	44	13	31	11	39	17	27	12	8	14	7	1	14	42	16	21	16	13	54	4	24	10	12	12	31	13	10	9	40	21	10	30	40	8	6	149	4	5	43	213	30	101	2	15	4	9	4	5	5	83	130	42	106	25	113	3	13	20	31	15	3	16	2	11	100	5	10	34	5	6	22	30	72	49	8	22	112	4	8	13	24	122	4	6	17	107	5	70	11	3	13	543	15	0	9	13	2	44	3	81	40	58	127	29	8	18	24	45	187	13	43	16	69	13	65	6	10	8	5	26	28	4	2	7	7	16	126	6	10	48	16	20	11	18	29	37	92	119	145	9	54	1	7	57	25	37	12	1	121	7	11	19	16	24	1	21	32	21	99	63	80	12	7	21	0	29	2	36	1	35	6	32	23	20	10
T[Del(C):R2]A	2	2	0	3	9	3	12	2	10	3	7	0	0	4	5	155	34	0	4	2	2	2	1	98	4	0	30	0	8	59	5	0	7	1	24	3	8	0	63	0	5	30	130	7	6	85	0	27	4	0	2	1	1	1	6	31	9	11	4	1	0	0	6	2	9	29	13	12	10	1	1	81	4	5	5	2	0	2	0	6	126	3	154	91	2	1	7	14	12	5	17	4	8	70	5	0	4	5	0	1	10	1	8	5	21	16	5	9	2	3	4	38	4	6	6	50	7	37	4	15	10	2	33	6	0	9	40	21	32	0	11	2	6	0	3	2	17	217	27	13	20	9	0	1	3	90	2	4	7	0	11	97	3	0	4	1	2	5	11	20	7	0	12	30	0	3	23	10	170	0	8	6	55	4	18	1	4	4	50	3	1	1	3	3	3	1	9	7	36	21	8	2	4	10	85	26	13	7	1	20	8	17	8	1	8	1	63	5	1	3	3	1	2	179	3	2	12	7	2	0	1	5	79	17	14	255	6	11	1	1	12	24	15	1	0	14	5	3	2	2	17	4	1	3	13	157	7	84	3	1	8	1	6	0	5	0	70	1	10	9	4	1
T[Del(C):R2]G	6	0	0	0	0	1	2	2	1	1	1	0	0	0	1	21	3	0	0	1	0	1	1	21	0	0	3	0	1	2	2	0	0	0	3	0	0	0	1	0	0	2	16	0	4	13	0	1	1	0	2	0	1	0	2	0	1	0	1	0	0	0	0	0	0	6	8	4	0	0	0	9	0	1	0	0	0	0	0	2	23	0	5	8	0	0	1	3	1	0	1	1	1	16	0	0	0	1	0	0	9	1	4	0	2	1	0	1	1	0	1	7	1	0	1	5	0	2	0	5	2	0	6	2	0	0	10	1	13	0	2	0	1	0	0	0	1	37	5	0	2	2	0	0	1	7	2	0	0	0	1	1	1	0	0	0	0	1	2	4	1	0	0	3	0	0	2	3	48	1	1	3	13	1	2	0	1	9	9	0	0	0	0	1	2	0	3	2	5	4	0	0	1	3	15	6	1	0	1	3	0	2	1	3	1	0	11	0	0	0	0	0	2	24	0	1	0	0	0	0	0	3	20	5	11	40	0	6	0	0	8	2	1	2	0	1	2	0	0	2	1	0	0	1	2	30	2	7	1	1	1	1	1	0	0	0	8	2	4	0	0	0
T[Del(C):R2]T	5	3	0	11	8	10	13	0	23	4	5	0	0	3	9	130	27	0	4	12	4	2	3	91	7	0	36	0	8	17	6	1	1	2	25	2	11	0	26	0	5	11	93	6	6	19	1	12	6	0	3	1	2	1	3	6	4	47	2	2	0	0	12	3	8	37	11	14	9	3	3	55	10	8	16	3	5	2	0	12	86	5	44	74	2	6	20	24	9	8	14	11	16	38	7	4	5	8	0	2	15	11	12	13	13	24	5	12	2	10	13	11	6	4	8	39	7	39	6	16	4	0	36	3	7	24	49	42	86	0	18	2	2	3	1	3	15	157	37	30	18	34	3	2	4	43	10	2	4	4	6	35	2	2	13	4	3	6	11	19	30	4	4	37	4	7	11	15	122	3	4	12	53	2	20	3	2	8	154	7	1	6	3	2	23	2	23	6	40	20	15	3	7	10	67	42	12	11	11	25	5	13	5	5	4	1	45	14	2	6	6	5	14	137	2	2	17	5	5	2	8	13	56	31	23	189	0	17	1	0	21	24	14	7	1	26	4	2	6	5	16	4	11	17	13	126	17	62	15	4	10	1	14	2	19	2	62	4	19	15	12	3
T[Del(C):R3]A	1	1	0	8	11	3	0	0	15	0	5	1	0	3	2	319	49	0	3	1	3	1	5	161	6	0	17	0	10	21	5	0	0	1	31	1	3	0	14	0	1	13	203	5	3	72	0	9	1	0	1	2	0	4	1	6	0	6	2	2	0	0	2	1	6	38	8	15	13	12	2	98	1	2	4	2	0	1	1	8	218	2	30	164	1	3	6	18	7	2	13	0	4	108	2	4	2	2	0	1	14	2	9	10	12	34	2	20	1	4	9	32	0	4	4	59	8	12	0	14	4	2	18	1	0	6	47	20	18	0	9	2	0	0	2	1	4	374	7	10	14	10	1	0	0	125	2	1	1	1	4	32	1	0	4	2	0	5	4	6	13	0	6	34	1	1	22	4	291	0	7	3	75	2	10	4	2	3	36	1	4	4	0	1	2	0	23	7	41	11	5	1	6	7	115	22	7	5	2	16	4	5	2	2	4	0	110	3	0	5	3	4	11	307	0	3	7	7	2	0	2	1	129	19	14	461	2	10	3	1	9	29	13	0	0	20	5	2	5	0	26	2	5	4	5	343	13	146	3	1	1	6	4	0	5	0	112	3	3	2	7	1
T[Del(C):R3]G	6	0	0	0	2	0	0	0	3	0	2	0	0	0	0	43	8	0	0	0	0	0	1	32	1	0	2	0	2	1	6	0	0	0	8	0	1	0	1	0	0	1	31	0	0	6	0	1	0	0	0	0	0	0	1	0	0	0	0	0	0	0	1	0	2	11	9	2	1	0	1	14	0	1	3	0	0	0	0	2	34	0	2	27	0	0	2	5	0	0	3	2	0	23	0	0	0	0	0	0	8	0	6	1	1	11	0	3	0	1	0	6	0	0	0	7	4	1	0	3	0	0	5	0	0	0	7	5	3	0	1	0	1	0	0	0	0	55	1	1	3	0	0	0	0	11	0	1	0	0	4	1	0	0	0	0	0	2	1	2	1	0	0	8	0	0	1	0	37	0	3	1	16	0	3	0	0	1	7	0	0	0	0	0	0	0	3	4	9	1	2	0	2	1	21	6	3	0	0	4	0	0	0	2	1	0	13	0	0	0	0	0	0	35	0	0	1	0	0	1	2	0	18	6	13	53	0	3	0	0	12	2	2	0	0	2	0	0	0	0	4	0	0	1	1	32	0	18	1	1	2	1	0	0	0	0	18	1	2	0	0	0
T[Del(C):R3]T	11	3	0	3	13	2	4	0	10	0	7	0	1	2	3	133	31	0	3	1	0	0	3	84	3	1	9	0	3	16	11	0	0	1	30	0	4	0	15	0	2	6	85	7	5	30	0	8	2	0	0	1	2	5	1	7	1	7	1	2	0	0	5	0	5	42	15	9	6	1	0	67	9	0	1	4	0	1	0	8	93	1	34	63	2	2	6	29	1	2	15	2	3	52	4	0	4	2	0	0	25	5	19	6	5	36	2	25	2	2	3	20	0	6	2	24	11	18	0	28	1	0	35	2	0	9	53	20	18	0	13	1	1	2	3	0	5	181	8	19	6	10	2	2	4	53	1	4	4	3	2	13	2	0	10	1	0	6	15	10	9	1	2	46	1	2	11	6	129	1	3	7	29	0	21	2	1	2	36	3	0	0	0	0	4	1	26	5	24	30	2	2	5	8	50	44	4	8	2	14	2	3	1	2	6	0	51	3	1	1	2	0	2	124	1	0	11	5	1	1	1	8	63	27	15	190	1	14	0	1	17	12	17	2	0	28	2	3	2	1	12	4	0	4	5	128	12	60	1	3	3	1	1	1	2	0	62	0	3	1	3	1
T[Del(C):R4]A	27	1	0	2	49	0	1	0	1	0	3	0	0	0	1	91	20	0	1	2	1	1	5	55	1	0	9	0	4	25	31	0	2	1	145	1	1	0	16	0	2	6	54	2	2	131	0	5	1	0	0	0	0	17	1	4	4	3	2	0	0	0	2	1	4	160	41	5	5	2	1	33	10	1	1	0	0	0	2	6	63	0	29	37	0	4	4	91	1	1	43	2	1	27	0	1	1	1	0	0	77	0	40	4	6	136	0	109	0	2	1	101	1	0	3	15	29	10	2	123	6	1	100	2	3	1	138	9	9	0	5	4	1	0	2	0	3	94	2	21	8	3	0	1	0	40	1	0	0	2	4	35	0	1	7	1	1	16	4	3	5	0	4	116	1	4	5	2	76	0	2	4	16	2	69	0	0	4	49	2	0	0	1	1	2	0	92	16	14	33	3	0	2	4	33	101	3	4	2	55	0	3	2	1	3	0	38	8	0	3	3	1	2	85	4	0	8	2	0	2	2	3	25	78	54	106	0	18	0	1	59	11	52	0	1	81	2	7	25	2	9	2	1	2	5	91	3	39	0	2	3	1	2	1	5	1	43	0	3	0	4	1
T[Del(C):R4]G	20	0	0	0	10	0	0	0	1	1	0	0	0	0	1	10	0	0	0	0	0	0	1	2	1	0	1	0	0	0	14	0	0	0	42	0	0	0	1	0	0	2	9	1	2	18	0	0	0	0	0	0	0	6	0	0	0	0	0	0	0	0	0	0	0	38	22	1	2	0	0	6	0	0	0	0	0	0	0	2	3	0	0	9	0	0	0	30	0	0	2	0	0	3	2	1	0	0	0	0	25	1	12	0	1	50	0	26	1	0	0	19	0	0	0	0	7	1	0	36	0	0	31	0	0	0	39	0	2	0	0	0	0	1	0	0	1	13	0	11	0	0	0	1	1	5	0	0	0	1	0	0	0	0	1	0	0	7	1	0	1	0	0	35	0	0	3	1	13	0	1	1	1	0	18	0	0	0	14	0	0	0	0	0	1	0	32	6	3	7	0	0	0	1	3	30	0	1	0	9	0	0	0	0	0	0	9	1	0	1	0	0	0	11	0	0	4	0	0	0	0	0	2	22	21	18	0	6	0	0	22	1	9	0	0	26	0	3	3	0	7	1	0	0	0	10	2	2	0	0	0	0	1	0	0	0	4	0	1	0	2	0
T[Del(C):R4]T	26	0	0	0	24	0	0	0	5	0	2	0	0	0	0	44	6	0	3	2	0	0	0	26	1	0	4	0	2	12	31	0	1	0	67	0	1	0	9	0	1	6	38	2	2	72	0	4	1	0	0	0	0	13	2	3	2	7	0	0	0	0	3	1	0	84	33	5	1	0	1	15	11	2	1	1	0	1	0	2	29	1	28	25	0	2	6	49	1	3	13	2	3	15	2	1	0	0	0	3	41	1	32	3	4	94	0	65	3	1	3	47	0	0	1	18	24	12	0	94	4	0	62	0	1	2	65	5	5	0	3	2	2	0	0	0	1	57	0	18	5	6	1	1	3	20	1	1	3	0	1	15	2	1	3	1	0	14	6	4	2	0	0	72	0	1	9	1	43	0	2	6	9	0	46	0	0	1	37	0	0	0	0	0	0	0	44	8	8	26	4	1	1	2	12	41	2	5	1	33	1	1	1	0	5	0	10	8	1	2	2	1	0	43	0	1	15	7	0	1	1	4	23	28	30	65	1	17	1	0	23	5	25	1	0	48	0	3	5	0	10	0	0	3	2	50	6	24	1	0	3	2	1	0	6	1	25	1	1	3	3	2
T[Del(C):R5]A	72	1	0	2	83	1	1	0	0	0	1	0	0	1	0	46	8	0	0	0	0	0	3	28	0	0	7	0	1	15	79	0	1	0	277	1	3	0	9	0	2	4	32	0	0	211	0	8	0	0	0	1	1	38	2	6	2	2	3	2	0	0	2	0	2	351	143	3	3	2	1	23	31	2	2	1	0	0	0	0	38	0	14	32	1	2	3	268	1	1	88	1	1	17	4	2	2	1	0	2	266	0	133	1	5	296	1	290	0	1	2	211	0	1	1	17	116	1	3	392	3	0	234	0	0	0	194	5	8	0	2	3	0	0	1	2	1	57	3	31	3	1	2	0	2	17	1	0	2	0	4	15	1	1	5	0	0	41	9	2	4	1	5	331	0	0	4	2	47	2	2	1	7	1	141	3	0	1	88	1	0	0	0	1	3	0	207	35	8	66	1	1	3	0	15	178	3	0	1	124	0	2	0	1	3	0	15	16	1	0	0	0	0	60	0	0	19	0	1	1	2	2	9	143	139	79	1	44	0	2	114	3	105	1	0	176	0	2	11	1	4	0	0	4	1	46	8	18	4	1	1	0	0	0	6	0	20	0	3	2	2	1
T[Del(C):R5]G	22	1	0	1	25	0	0	0	0	0	1	0	0	1	0	5	2	0	0	0	0	0	0	3	0	0	1	0	0	4	28	0	0	0	82	0	0	0	0	0	0	0	3	0	0	40	0	0	0	0	0	0	0	7	0	1	0	1	0	0	0	0	0	0	2	53	38	0	0	0	0	3	7	0	0	0	0	0	0	0	4	0	0	2	0	0	0	54	0	1	9	0	0	3	0	0	0	0	0	0	58	0	27	1	0	79	0	68	0	0	0	39	0	0	0	2	29	1	0	75	0	0	70	0	0	0	43	1	0	0	0	0	0	0	0	1	0	8	0	13	0	0	0	0	1	3	0	0	1	0	1	0	1	0	0	0	0	9	0	0	1	0	1	59	0	0	0	0	6	0	0	0	1	0	29	0	0	0	21	1	0	0	0	0	0	0	48	12	0	17	0	0	0	0	0	48	0	0	0	19	0	0	0	0	1	0	1	0	0	0	0	0	1	6	0	0	3	0	0	0	2	0	2	25	34	6	0	12	0	0	31	0	19	0	0	42	1	1	2	0	0	0	0	0	0	12	2	4	0	0	0	0	0	0	0	0	1	0	0	0	0	0
T[Del(C):R5]T	81	0	0	3	111	0	0	0	1	1	0	0	0	0	0	26	8	0	0	1	0	0	6	15	1	0	6	0	1	12	118	0	0	0	426	0	0	0	7	0	0	1	25	0	0	188	0	6	0	0	2	0	0	44	1	2	1	3	0	1	0	1	1	1	1	344	160	2	1	0	0	7	42	1	1	2	0	0	0	0	13	0	11	14	3	1	3	266	2	0	83	1	0	22	2	0	0	1	0	1	306	0	163	3	1	314	0	302	1	1	0	183	1	0	1	9	130	2	0	424	1	0	285	0	0	1	240	3	11	0	0	0	0	0	0	0	0	36	2	73	1	1	0	0	1	14	2	0	1	0	1	11	2	0	4	0	0	56	5	0	4	0	2	348	0	0	3	3	23	0	0	2	7	2	147	1	1	1	77	1	0	2	0	0	1	1	209	33	5	85	0	1	2	3	15	167	1	0	0	123	0	0	0	0	1	0	11	25	0	0	1	1	0	28	1	0	36	0	1	0	1	1	10	131	167	39	0	52	0	1	108	2	94	3	0	210	0	4	12	0	3	0	0	0	2	30	7	11	0	1	0	0	2	0	2	0	15	0	2	1	1	0
T[Del(C):R6]A	108	0	0	4	152	0	1	0	0	0	1	0	0	5	0	12	1	0	1	0	0	1	6	13	0	0	1	0	0	17	149	0	0	1	457	0	0	0	9	0	1	0	8	1	2	305	0	7	1	0	1	0	1	77	2	5	3	0	0	0	0	0	3	1	0	475	202	0	1	0	0	11	110	0	2	0	0	0	0	1	13	3	11	12	0	6	2	446	0	0	111	1	1	8	2	2	0	0	0	0	355	2	198	0	1	459	0	446	2	1	1	412	0	2	0	7	178	0	0	567	2	0	359	3	0	1	269	3	2	0	0	0	0	0	2	1	1	26	0	89	0	0	0	0	8	11	0	0	0	0	0	16	3	0	8	0	0	58	19	2	1	1	5	431	2	2	1	0	17	0	1	1	2	0	243	3	0	0	138	3	1	4	0	0	2	1	295	53	0	155	0	0	2	4	8	346	0	2	0	164	0	0	0	0	1	0	7	28	0	0	0	0	0	22	0	1	40	1	0	1	0	1	8	201	235	25	1	85	0	0	144	1	130	0	0	324	0	4	21	0	3	0	1	2	2	27	18	13	0	1	2	1	0	1	2	1	11	0	3	2	0	3
T[Del(C):R6]G	24	0	0	0	36	0	0	0	0	0	0	0	0	0	0	2	1	0	0	0	0	0	0	1	0	0	0	0	0	1	44	0	0	0	121	0	0	0	0	0	1	0	1	0	0	49	0	0	0	0	0	0	0	10	0	0	0	0	0	0	0	0	0	0	1	108	51	0	0	0	0	0	8	0	0	0	0	0	0	0	1	0	1	0	1	0	0	66	0	0	27	0	0	1	0	0	0	0	0	0	84	1	58	0	0	114	0	102	0	0	0	53	0	0	0	0	43	0	1	123	0	0	110	1	0	0	76	0	2	1	0	0	0	0	0	1	0	3	0	20	0	0	0	0	0	0	0	0	0	0	0	3	0	0	0	0	0	12	3	0	0	0	0	86	0	0	0	1	5	0	0	1	1	0	30	0	0	0	22	0	0	0	1	0	0	0	77	11	0	35	1	0	0	0	1	69	0	1	0	38	0	0	0	0	0	0	0	6	0	0	0	0	0	1	0	0	12	0	0	0	0	2	1	40	61	4	0	10	0	0	34	0	29	0	0	67	0	0	4	0	0	0	0	0	0	4	3	1	0	0	0	1	1	0	0	0	1	0	0	0	0	0
T[Del(C):R6]T	81	0	0	3	80	0	0	0	1	0	0	0	0	0	1	12	0	0	0	0	0	0	19	8	1	0	2	0	0	8	100	0	0	1	267	0	1	0	3	0	3	0	3	0	0	170	0	7	0	0	1	0	0	21	1	1	0	0	0	0	0	0	1	0	1	233	103	0	0	0	0	12	66	0	2	1	0	0	0	1	5	0	7	4	1	2	1	194	0	0	52	0	0	3	2	0	2	0	0	1	211	0	121	0	1	199	2	237	2	0	0	179	0	1	0	2	86	0	1	285	0	0	254	0	0	1	189	2	2	0	2	0	0	0	0	0	0	16	0	122	1	1	0	1	12	3	0	0	0	1	1	10	2	1	9	0	0	35	14	1	3	1	7	231	0	2	3	0	14	0	1	1	8	0	101	0	0	0	78	4	0	2	0	0	0	0	128	25	4	100	0	1	4	0	7	144	2	0	0	81	0	2	1	0	0	0	2	25	0	1	0	0	1	11	0	0	25	0	0	0	1	0	5	92	169	18	1	56	0	0	65	4	60	0	0	141	0	1	10	2	1	0	1	1	0	22	11	4	0	0	0	0	0	2	3	0	7	0	0	1	0	0
T[Del(C):R7]A	114	0	0	1	115	0	0	0	0	0	0	0	0	1	0	4	1	0	0	1	0	0	7	1	0	0	0	0	0	5	101	0	0	1	376	0	0	0	3	0	2	0	1	0	0	255	0	2	0	0	1	0	0	39	1	0	0	0	0	0	0	0	1	0	0	369	193	0	0	0	0	2	52	0	0	2	1	0	0	0	6	1	5	1	4	2	1	299	0	0	77	0	0	2	3	0	0	0	0	0	360	0	197	0	0	382	1	403	2	0	0	414	0	0	0	1	197	0	0	480	1	0	399	0	0	0	233	0	0	0	0	0	0	0	1	0	1	7	2	103	0	0	0	0	1	0	0	0	2	0	1	10	1	0	6	0	0	49	6	1	1	1	2	455	0	0	0	0	7	0	0	1	0	0	236	0	0	0	143	1	0	7	0	0	1	0	274	69	0	147	0	0	2	0	2	320	1	1	0	194	0	0	0	0	0	0	0	24	0	0	0	0	0	6	0	0	60	0	0	1	0	0	5	132	206	3	0	57	0	2	125	2	123	0	0	298	0	4	16	0	1	1	1	0	0	4	13	1	0	0	1	0	0	0	1	0	0	0	0	0	2	0
T[Del(C):R7]G	29	0	0	0	43	0	0	0	0	0	0	0	0	1	0	1	0	0	0	0	0	0	1	0	0	0	0	0	0	0	26	0	0	0	93	0	0	0	0	0	0	0	3	0	0	35	0	1	0	0	0	0	0	5	1	0	0	0	0	0	0	0	0	0	0	99	58	0	0	0	0	3	13	0	0	0	0	0	0	0	0	0	0	2	1	0	0	67	0	0	18	0	0	1	0	0	0	0	0	0	86	0	41	0	0	94	0	88	1	0	0	54	0	1	0	1	44	0	0	93	0	0	90	0	0	0	68	1	0	0	0	0	0	0	0	0	0	0	0	18	0	0	0	0	1	0	0	0	1	0	0	1	0	0	2	0	0	12	3	0	0	0	0	105	0	0	0	0	2	0	0	0	0	0	39	0	0	0	19	1	0	0	0	0	1	0	61	13	0	40	1	0	0	0	0	60	0	0	0	46	0	1	0	0	0	0	0	7	0	0	0	0	0	1	0	0	11	0	0	0	0	0	1	35	54	0	0	21	0	1	36	0	26	0	0	70	0	0	4	0	0	1	0	0	0	1	2	1	0	0	0	0	0	1	0	0	0	0	0	0	0	1
T[Del(C):R7]T	59	0	0	2	69	0	0	0	0	0	0	0	0	0	0	0	0	0	0	0	0	0	8	0	0	0	0	0	0	9	53	0	0	0	194	0	0	0	4	0	2	0	0	0	0	104	0	1	0	0	0	0	0	5	2	1	1	2	0	0	0	0	1	0	0	153	64	0	0	0	0	0	56	0	2	0	0	1	0	0	3	0	1	2	2	7	1	116	0	0	23	0	0	0	1	0	0	0	0	0	150	0	79	0	0	145	0	138	2	0	0	160	1	0	0	2	57	0	0	167	0	1	174	0	0	0	161	0	0	0	0	0	0	0	0	1	0	3	0	105	0	1	0	0	5	0	1	0	0	0	0	2	2	0	4	0	1	19	5	0	2	0	1	175	1	0	0	1	4	0	0	0	1	0	101	0	0	0	48	2	0	3	0	0	0	0	119	18	1	98	1	0	3	0	0	114	0	0	0	72	0	0	0	0	0	0	0	13	0	0	0	1	0	4	0	0	25	0	0	0	0	0	0	75	107	4	1	41	0	0	41	1	48	0	0	99	0	0	8	0	1	0	2	0	0	2	10	0	0	0	0	0	1	0	1	0	2	0	0	0	1	0
T[Del(C):R8]A	52	0	0	1	36	0	0	0	0	0	0	0	0	0	0	0	0	0	0	0	0	0	4	0	0	0	0	0	0	4	53	0	0	0	163	0	0	0	2	0	1	0	1	0	1	71	0	2	0	0	0	0	0	13	2	1	0	0	0	1	0	0	1	0	0	164	116	0	0	0	0	0	44	0	1	0	0	0	0	0	2	0	1	0	2	1	1	128	0	0	30	0	0	0	2	0	0	0	0	0	201	0	70	0	0	178	0	158	0	0	0	156	0	0	0	0	80	0	0	209	0	0	216	0	0	0	131	0	0	0	0	1	0	0	1	0	0	2	0	60	0	0	0	0	10	1	0	0	0	0	0	11	3	0	4	0	0	22	7	0	0	2	2	240	0	2	0	1	2	0	0	0	0	0	139	0	0	0	125	1	0	4	0	0	0	0	172	33	1	109	1	1	1	0	1	224	0	0	1	136	1	0	0	0	1	0	0	27	0	0	0	0	0	1	0	0	38	1	1	0	0	0	0	118	126	1	1	45	0	0	92	1	90	0	0	183	0	2	6	0	0	0	0	0	0	3	10	1	0	0	1	0	0	1	3	0	1	0	0	0	0	0
T[Del(C):R8]G	11	0	0	0	8	0	0	0	0	0	0	0	0	0	0	0	0	0	0	0	0	0	1	0	0	0	0	0	0	0	10	0	0	1	15	0	0	0	0	0	0	0	1	0	0	7	0	0	0	0	0	0	0	1	0	0	0	0	0	0	0	0	0	0	0	22	20	0	0	0	0	0	3	0	0	0	0	0	0	0	1	0	0	0	0	0	0	13	0	0	1	0	0	1	0	0	0	0	0	0	14	0	15	0	0	24	0	24	0	1	0	9	0	0	0	0	12	0	0	26	0	0	45	0	0	0	31	0	0	0	0	0	0	0	0	0	0	0	0	18	0	1	0	0	1	0	0	0	0	0	0	0	1	0	0	0	0	8	2	0	0	0	0	42	0	0	0	0	0	0	0	0	0	0	11	0	0	0	16	0	0	0	0	0	0	0	38	7	0	18	0	0	0	0	0	26	0	0	0	22	0	0	0	0	0	0	0	7	0	0	0	0	0	0	0	0	7	0	0	0	0	0	1	30	30	2	0	14	0	0	18	0	11	0	0	31	0	2	4	0	0	0	0	0	0	0	1	0	0	0	0	0	0	0	0	0	0	0	0	0	0	1
T[Del(C):R8]T	15	0	0	0	15	0	0	1	0	0	0	0	0	0	0	0	0	0	0	0	0	0	1	0	0	0	0	0	0	2	26	0	0	0	45	0	0	0	0	0	1	0	0	0	0	27	0	1	0	0	0	0	0	5	0	0	1	0	0	0	0	0	0	0	0	39	25	0	0	0	0	0	17	0	0	0	0	0	0	0	0	0	0	0	0	0	0	36	0	0	11	0	0	0	0	0	1	0	0	0	47	0	22	0	0	45	2	46	0	0	0	47	0	0	0	0	15	0	0	48	0	0	74	0	0	0	49	0	0	0	0	0	0	0	0	0	0	0	0	32	0	0	0	2	1	0	0	0	0	0	0	6	1	0	5	1	0	11	2	0	0	0	0	62	0	0	0	0	0	0	0	0	0	0	46	0	0	0	37	3	0	2	1	0	0	0	58	13	0	43	1	0	0	0	2	56	0	0	0	23	0	0	0	0	0	0	0	8	0	0	0	0	0	0	0	0	14	0	0	0	0	0	0	35	49	0	0	16	0	1	15	0	19	0	0	57	0	1	5	0	0	0	0	0	0	0	6	0	1	0	0	0	0	0	0	0	0	0	0	0	1	0
T[Del(C):R(9,)]A	0	0	0	0	0	0	0	0	0	0	0	0	0	0	0	0	0	0	0	0	0	0	0	0	0	0	0	0	0	0	0	0	0	0	0	0	0	0	0	0	0	0	0	0	0	0	0	0	0	0	0	0	0	0	0	0	0	0	0	0	0	0	0	0	0	0	0	0	0	0	0	0	0	0	0	0	0	0	0	0	0	0	0	0	0	0	0	0	0	0	0	0	0	0	0	0	0	0	0	0	0	0	0	0	0	0	0	0	0	0	0	0	0	0	0	0	0	0	0	0	0	0	0	0	0	0	0	0	0	0	0	0	0	0	0	0	0	0	0	0	0	0	0	0	0	0	0	0	0	0	0	0	0	0	0	0	0	0	0	0	0	0	0	0	0	0	0	0	0	0	0	0	0	0	0	0	0	0	0	0	0	0	0	0	0	0	0	0	0	0	0	0	0	0	0	0	0	0	0	0	0	0	0	0	0	0	0	0	0	0	0	0	0	0	0	0	0	0	0	0	0	0	0	0	0	0	0	0	0	0	0	0	0	0	0	0	0	0	0	0	0	0	0	0	0	0	0	0	0	0	0	0	0	0	0	0	0	0	0	0	0	0
T[Del(C):R(9,)]G	0	0	0	0	0	0	0	0	0	0	0	0	0	0	0	0	0	0	0	0	0	0	0	0	0	0	0	0	0	0	0	0	0	0	0	0	0	0	0	0	0	0	0	0	0	0	0	0	0	0	0	0	0	0	0	0	0	0	0	0	0	0	0	0	0	0	0	0	0	0	0	0	0	0	0	0	0	0	0	0	0	0	0	0	0	0	0	0	0	0	0	0	0	0	0	0	0	0	0	0	0	0	0	0	0	0	0	0	0	0	0	0	0	0	0	0	0	0	0	0	0	0	0	0	0	0	0	0	0	0	0	0	0	0	0	0	0	0	0	0	0	0	0	0	0	0	0	0	0	0	0	0	0	0	0	0	0	0	0	0	0	0	0	0	0	0	0	0	0	0	0	0	0	0	0	0	0	0	0	0	0	0	0	0	0	0	0	0	0	0	0	0	0	0	0	0	0	0	0	0	0	0	0	0	0	0	0	0	0	0	0	0	0	0	0	0	0	0	0	0	0	0	0	0	0	0	0	0	0	0	0	0	0	0	0	0	0	0	0	0	0	0	0	0	0	0	0	0	0	0	0	0	0	0	0	0	0	0	0	0	0	0
T[Del(C):R(9,)]T	0	0	0	0	0	0	0	0	0	0	0	0	0	0	0	0	0	0	0	0	0	0	0	0	0	0	0	0	0	0	0	0	0	0	0	0	0	0	0	0	0	0	0	0	0	0	0	0	0	0	0	0	0	0	0	0	0	0	0	0	0	0	0	0	0	0	0	0	0	0	0	0	0	0	0	0	0	0	0	0	0	0	0	0	0	0	0	0	0	0	0	0	0	0	0	0	0	0	0	0	0	0	0	0	0	0	0	0	0	0	0	0	0	0	0	0	0	0	0	0	0	0	0	0	0	0	0	0	0	0	0	0	0	0	0	0	0	0	0	0	0	0	0	0	0	0	0	0	0	0	0	0	0	0	0	0	0	0	0	0	0	0	0	0	0	0	0	0	0	0	0	0	0	0	0	0	0	0	0	0	0	0	0	0	0	0	0	0	0	0	0	0	0	0	0	0	0	0	0	0	0	0	0	0	0	0	0	0	0	0	0	0	0	0	0	0	0	0	0	0	0	0	0	0	0	0	0	0	0	0	0	0	0	0	0	0	0	0	0	0	0	0	0	0	0	0	0	0	0	0	0	0	0	0	0	0	0	0	0	0	0	0
A[Del(T):R1]A	12	8	0	9	18	6	9	4	28	4	14	12	0	7	2	68	9	0	6	2	20	2	10	33	8	0	8	0	7	3	24	0	1	3	32	3	7	0	29	0	12	12	26	11	14	17	0	2	2	0	6	1	3	6	5	6	4	19	6	0	0	2	8	5	10	56	14	8	10	2	1	27	30	7	7	3	2	3	0	45	53	3	8	28	2	7	12	26	8	1	10	9	9	21	9	5	13	4	0	3	26	4	11	11	9	56	3	25	3	8	15	22	2	5	2	16	22	53	4	30	7	12	85	5	6	10	130	33	59	0	21	4	4	3	4	2	5	72	6	110	23	22	76	5	16	20	3	18	2	6	5	18	15	7	18	5	1	10	25	23	26	5	13	88	2	14	10	19	70	9	13	9	33	7	55	5	1	16	138	10	2	19	3	6	18	3	67	20	25	88	5	5	12	8	19	108	11	13	4	37	2	4	7	6	11	97	15	26	2	2	128	57	8	55	4	5	25	10	3	11	5	13	23	68	114	112	0	39	2	2	49	13	42	2	2	93	6	8	8	8	18	3	9	13	15	54	41	24	11	7	14	2	9	15	17	3	27	2	20	9	17	4
A[Del(T):R1]C	2	1	0	3	4	0	4	2	20	3	2	4	0	3	0	5	2	0	5	1	13	0	3	5	5	0	5	0	2	2	4	0	1	0	10	1	4	0	5	0	5	8	5	1	0	8	0	2	0	0	1	1	2	2	3	1	1	10	1	1	0	0	11	0	3	13	2	2	7	2	2	5	2	4	4	4	1	1	0	7	2	2	11	4	1	6	7	10	3	3	5	7	3	5	4	4	6	2	0	1	6	6	1	8	9	8	1	8	4	3	2	5	3	0	1	5	3	6	0	5	2	1	16	2	1	7	33	10	15	1	13	0	2	0	2	0	0	9	5	8	14	9	42	1	4	2	2	7	2	0	4	6	0	0	0	1	2	3	3	7	15	1	3	27	1	3	4	4	5	0	4	6	9	4	9	5	0	2	19	4	0	2	2	3	6	0	11	2	15	10	3	2	4	2	4	12	6	5	1	5	4	1	1	2	3	0	3	6	2	0	1	30	5	9	1	1	5	5	1	1	2	3	4	23	7	10	0	9	0	2	6	6	9	1	0	10	4	5	0	3	7	0	5	1	10	4	18	6	0	3	2	2	4	5	1	1	5	3	5	4	10	0
A[Del(T):R1]G	7	0	0	3	3	2	4	1	21	1	11	9	1	2	0	18	3	0	3	1	4	1	3	16	2	0	4	0	3	1	8	0	0	1	9	0	2	0	6	0	3	3	11	9	5	5	0	0	2	0	4	1	1	2	0	3	2	5	2	0	0	0	3	4	6	20	6	4	8	0	1	8	5	3	6	4	1	1	2	15	13	2	1	7	1	4	18	9	1	0	7	1	8	5	4	1	5	2	1	0	7	4	10	11	3	20	1	12	3	2	7	1	3	0	4	4	3	25	3	14	3	1	15	1	0	8	43	17	12	0	14	2	3	0	3	1	1	23	0	23	16	7	9	2	1	11	2	5	0	3	6	2	2	1	1	6	3	3	3	7	14	2	1	17	4	2	4	5	20	2	6	11	5	2	11	1	0	7	21	3	1	3	3	0	5	1	19	4	11	16	2	4	4	2	8	19	6	3	2	6	3	3	7	1	7	1	3	4	1	2	0	7	4	18	0	2	13	3	0	2	0	3	7	9	23	18	2	15	2	1	10	6	5	4	0	10	5	2	3	3	3	3	9	3	8	20	9	8	3	4	5	2	1	1	2	2	4	1	6	2	6	3
A[Del(T):R2]A	19	0	0	5	21	2	212	0	21	1	5	4	0	1	0	11	4	0	6	2	29	3	3	11	2	0	7	0	3	9	23	0	5	1	49	5	2	0	22	0	5	4	10	7	126	56	1	10	0	0	6	1	2	6	1	4	7	10	4	3	0	0	7	0	5	88	22	7	5	3	3	6	17	2	2	2	2	0	1	29	12	2	53	7	1	6	19	67	5	4	21	5	3	4	7	5	1	3	0	3	40	3	18	12	7	84	3	65	0	3	8	37	3	7	4	5	32	35	2	50	10	3	84	5	2	10	85	28	782	2	13	2	4	0	6	5	3	18	5	52	17	9	130	3	5	5	1	14	2	1	9	57	6	3	11	3	2	9	26	5	12	3	26	127	6	2	8	214	13	39	10	9	3	5	74	6	2	194	248	13	1	21	5	2	9	2	61	17	8	68	5	4	9	5	5	91	7	11	4	27	2	5	8	6	5	21	5	11	1	2	12	88	4	17	1	2	18	11	2	7	3	5	5	71	60	19	2	28	3	0	41	10	47	2	2	57	10	7	10	3	3	1	2	6	15	18	13	4	96	1	6	5	7	21	6	2	7	2	129	19	6	3
A[Del(T):R2]C	3	0	0	7	7	4	3	0	29	5	4	0	0	3	0	4	2	0	1	1	7	0	2	1	1	0	6	0	1	6	7	0	2	3	14	0	3	0	22	0	3	9	7	6	4	15	1	3	1	0	0	0	0	3	1	6	1	3	1	1	0	0	4	1	1	31	5	3	4	1	1	1	7	0	3	1	0	1	0	12	4	2	35	4	0	1	11	17	4	0	8	1	4	3	0	1	1	1	0	2	9	3	3	15	4	14	1	11	3	5	7	8	2	4	4	4	2	8	1	10	0	1	18	3	1	2	63	14	19	0	18	0	1	0	2	0	0	2	2	14	10	2	48	1	2	5	1	3	0	0	6	24	4	0	3	1	1	3	9	5	1	1	7	22	1	2	8	2	4	1	6	7	4	6	18	4	1	3	13	1	0	1	2	3	2	0	20	5	9	20	2	2	1	1	3	28	6	3	2	6	0	0	1	1	5	0	0	2	1	1	2	44	2	3	0	1	5	3	0	1	3	6	3	19	16	7	0	7	1	0	10	2	10	1	2	20	6	0	4	1	1	1	4	2	17	6	7	2	3	1	8	1	2	7	0	0	1	0	5	3	1	0
A[Del(T):R2]G	6	2	0	4	9	0	1	0	16	2	5	0	0	1	0	25	3	0	3	0	6	1	1	13	2	0	3	0	2	3	9	0	0	2	19	2	4	0	8	0	2	9	11	4	4	25	1	5	1	0	1	1	3	3	1	2	3	8	3	1	0	0	3	1	1	30	10	4	3	1	1	16	7	4	1	4	0	1	0	13	15	1	28	14	0	3	8	29	3	1	6	2	4	5	1	2	3	2	0	0	10	0	4	11	4	25	1	20	0	0	4	8	0	3	1	3	10	13	0	37	2	0	33	1	0	3	33	18	17	0	11	0	2	2	3	2	1	33	0	12	21	0	41	2	0	3	1	3	1	0	2	9	1	0	1	2	0	6	6	2	5	0	8	20	0	1	5	4	19	1	8	10	11	2	19	2	2	1	17	2	0	5	1	3	1	1	20	6	13	24	1	3	0	2	14	14	2	1	2	8	0	1	2	0	3	0	5	6	0	0	1	38	2	21	0	0	8	2	0	3	6	1	5	16	14	24	0	11	0	1	16	6	11	0	0	28	3	3	1	1	2	1	2	1	8	16	4	9	2	0	2	2	0	4	3	0	13	0	5	3	2	0
A[Del(T):R3]A	38	3	0	9	36	2	6	0	28	3	8	1	0	2	0	17	1	0	4	4	17	1	18	10	2	0	7	0	4	36	41	0	13	1	69	2	5	0	142	0	5	9	8	6	10	560	1	37	0	0	5	0	4	8	0	40	14	18	6	2	0	0	6	1	4	118	54	14	9	6	3	9	40	8	9	1	1	3	2	16	8	2	472	12	6	8	8	115	4	2	36	6	4	7	6	6	9	8	0	1	58	6	34	18	11	105	0	67	7	2	5	178	2	22	3	3	47	14	1	98	9	0	102	3	3	5	121	29	36	0	25	3	2	0	0	1	0	21	5	64	14	13	69	6	4	9	7	4	3	0	9	204	9	3	32	2	0	13	58	12	34	3	50	131	3	4	7	15	16	2	4	8	20	4	63	10	2	16	34	9	3	21	0	2	12	1	59	10	16	69	1	3	12	5	8	105	9	15	4	37	5	3	2	3	6	6	10	16	2	3	9	48	3	16	0	1	22	5	4	8	7	5	10	80	70	26	3	29	2	0	39	10	46	4	0	84	3	9	6	3	6	4	4	15	10	29	17	6	4	5	6	2	8	11	15	1	8	2	14	5	6	2
A[Del(T):R3]C	12	0	0	4	18	0	3	0	28	3	4	0	0	1	1	3	3	0	5	0	8	3	4	4	1	0	6	0	2	58	25	0	9	0	41	1	2	0	117	0	1	5	3	4	3	533	0	41	1	1	1	2	2	3	1	36	7	8	3	2	0	1	5	2	0	46	15	4	5	1	2	4	12	0	4	2	1	2	1	16	7	0	449	3	1	2	10	27	2	2	22	0	7	0	3	4	2	0	0	1	14	1	15	10	11	33	0	31	2	3	3	138	1	18	7	2	11	18	0	37	0	2	31	3	0	3	139	8	7	0	22	1	1	0	3	0	0	9	1	18	11	4	61	2	4	6	1	5	0	1	5	172	2	0	10	2	0	9	48	5	4	1	36	32	0	2	7	4	6	1	5	8	2	3	23	2	1	1	21	3	0	5	4	2	3	0	30	3	9	14	0	3	3	5	4	24	6	3	2	10	2	2	1	1	3	0	5	7	0	4	1	49	0	12	1	1	7	5	0	2	0	6	3	25	21	7	1	10	1	1	23	1	17	1	0	27	4	2	6	4	2	3	3	5	15	3	9	3	1	2	1	2	0	2	5	0	3	0	4	0	3	0
A[Del(T):R3]G	14	2	0	3	26	1	2	0	20	0	8	0	0	1	0	12	2	0	1	3	9	3	4	8	3	0	2	0	3	16	18	0	6	0	33	4	3	0	65	0	0	6	9	3	4	408	0	17	2	0	2	1	2	5	0	16	4	8	1	2	0	0	4	0	3	51	13	5	8	1	1	11	14	3	2	2	0	0	1	15	7	3	267	7	0	5	10	29	3	0	17	3	5	9	1	2	1	2	0	0	32	2	8	11	9	35	0	30	0	5	3	104	0	6	2	3	17	12	0	62	4	1	42	1	0	1	43	15	5	0	9	1	1	2	1	0	1	16	1	27	9	5	37	1	2	4	4	0	0	0	3	87	0	1	10	0	2	9	29	2	13	1	13	51	1	3	5	3	11	1	3	7	5	1	23	5	0	0	11	1	0	3	1	1	3	1	37	4	5	20	3	3	4	0	6	17	8	2	0	18	0	2	2	2	4	1	6	4	0	1	1	28	2	12	1	1	10	11	1	2	2	4	1	27	26	23	4	14	0	0	21	6	16	1	1	18	2	1	8	2	3	2	0	2	8	13	6	5	5	2	3	0	4	2	6	0	7	0	2	1	0	2
A[Del(T):R4]A	94	3	0	13	102	1	21	0	30	1	2	0	0	0	0	15	2	0	3	3	37	0	24	11	6	0	3	0	3	99	134	0	22	1	171	1	5	0	203	0	13	4	12	6	23	2562	2	83	2	0	11	0	2	34	5	55	21	15	2	2	0	0	6	2	6	279	106	9	5	5	2	3	98	4	8	3	2	5	0	7	9	5	637	7	5	8	13	226	4	4	57	10	2	8	6	10	9	4	0	2	195	3	97	15	7	277	0	203	14	4	4	1394	3	41	1	2	88	15	3	234	25	3	279	7	3	11	245	14	89	2	13	2	3	2	10	0	2	21	3	94	14	14	133	6	15	4	3	0	3	1	3	381	12	3	94	1	0	47	134	11	27	2	72	403	3	11	3	28	12	9	3	5	13	5	115	10	2	18	72	12	1	30	5	2	11	0	188	23	5	112	4	0	11	2	12	140	8	5	5	87	4	2	7	2	6	5	6	24	3	7	5	109	2	14	1	0	34	4	0	3	3	5	6	133	140	25	3	62	1	2	87	5	77	1	0	175	3	16	21	11	7	0	4	12	10	12	38	7	11	3	2	3	4	29	19	1	8	2	22	3	10	5
A[Del(T):R4]C	62	1	0	8	78	1	1	0	21	0	1	0	0	0	1	2	2	0	1	2	42	0	14	10	2	0	3	0	3	93	95	0	14	0	156	1	5	0	115	0	2	2	4	2	2	855	1	51	1	0	4	0	5	27	1	35	10	3	4	0	0	0	12	1	4	190	51	3	4	4	1	4	61	2	5	6	1	4	2	6	8	2	439	10	2	7	8	137	6	4	32	0	1	4	8	6	2	2	0	0	113	0	59	14	8	174	0	115	5	5	3	430	1	22	1	6	52	5	0	165	12	0	201	5	1	8	328	8	8	1	19	3	1	0	2	1	1	7	3	73	5	8	144	5	4	2	1	2	3	1	5	213	3	1	64	0	0	41	72	7	16	1	53	230	1	5	7	2	10	2	2	6	5	2	71	4	1	2	35	4	0	19	4	1	2	0	127	23	6	58	1	1	3	2	5	70	6	9	6	59	3	1	2	0	3	1	5	12	0	3	2	107	1	6	0	0	22	3	3	1	2	6	5	101	97	5	3	44	0	1	63	5	59	0	0	129	3	14	18	1	3	1	1	1	7	5	27	3	2	2	1	1	1	18	4	0	6	0	2	1	5	2
A[Del(T):R4]G	50	4	0	2	61	1	2	1	22	1	4	0	1	1	0	10	1	0	3	4	27	2	5	14	2	0	4	0	2	29	66	0	10	0	117	2	5	0	66	0	4	3	16	7	6	809	0	26	1	0	1	2	1	27	3	14	5	17	3	2	0	0	9	0	3	150	54	8	3	4	1	11	32	7	4	0	2	1	0	11	21	1	244	8	5	8	6	100	1	1	40	5	3	13	3	3	4	1	0	2	100	1	49	10	3	136	1	123	2	3	5	370	4	7	1	8	44	9	0	164	3	2	176	1	3	5	119	10	9	0	19	3	1	2	1	0	0	21	2	52	8	9	43	1	0	10	1	0	1	0	0	113	1	1	29	2	2	35	31	13	20	3	27	222	2	4	6	4	17	3	5	4	12	1	52	3	0	2	28	4	0	8	5	3	3	1	97	11	10	57	3	2	8	1	13	49	0	6	1	36	3	1	0	1	1	2	4	10	1	1	3	59	2	17	1	3	24	3	0	1	2	3	9	56	85	41	1	21	0	1	46	4	51	0	0	109	1	6	12	4	3	1	4	4	10	10	16	12	2	3	6	1	2	13	4	0	8	1	2	0	5	2
A[Del(T):R5]A	437	2	0	11	497	2	12	1	21	3	1	0	0	4	1	8	1	0	1	7	15	4	35	12	4	0	4	0	4	129	500	0	32	4	1041	2	8	0	303	0	24	5	14	6	9	6437	3	96	2	0	9	0	0	203	12	87	49	14	6	1	0	2	26	1	3	1236	445	5	7	3	5	8	270	2	3	12	0	7	1	5	11	4	970	8	26	35	12	990	4	2	282	4	2	8	32	5	10	4	1	0	792	4	406	14	5	1164	5	1091	19	8	2	4595	4	70	5	8	426	9	4	1291	40	0	1259	8	1	1	1028	19	56	0	13	4	0	1	3	3	0	14	6	521	8	16	36	9	21	10	4	1	1	0	4	626	32	3	197	2	1	230	232	16	25	3	68	1842	8	10	6	14	10	2	6	4	7	2	602	17	0	13	238	18	0	44	11	1	11	0	840	139	5	387	3	2	14	6	10	749	5	4	6	437	7	1	2	0	4	14	8	58	0	7	32	31	6	14	2	4	164	4	0	7	4	7	7	632	656	21	0	253	0	5	357	5	402	1	1	836	6	34	58	7	9	4	5	10	10	14	78	3	11	6	1	4	8	15	46	0	5	1	13	4	17	2
A[Del(T):R5]C	200	1	0	10	268	3	0	0	11	0	1	1	0	4	0	5	2	0	1	2	17	1	26	8	3	0	3	0	3	68	240	0	13	0	536	0	1	0	149	0	12	3	5	1	2	1031	3	62	2	0	5	0	2	77	5	40	19	10	2	0	0	0	11	0	5	494	157	2	1	1	1	5	137	0	3	6	0	4	2	4	10	2	330	5	9	14	7	431	2	2	113	1	0	1	26	11	5	0	0	1	314	1	171	8	4	454	2	378	12	2	2	737	2	29	0	3	132	2	0	424	13	0	595	8	0	9	1086	9	6	1	9	1	0	0	2	0	1	6	1	257	1	6	24	4	10	3	1	1	0	0	5	193	18	0	35	2	0	111	71	3	12	1	55	666	1	11	4	3	5	0	3	1	6	3	217	7	1	0	83	12	0	14	3	2	1	0	328	50	2	169	0	0	8	3	4	210	4	5	4	129	0	3	1	0	1	6	4	20	0	5	14	26	1	4	1	0	83	4	2	2	2	5	1	267	332	8	2	91	0	1	138	3	129	2	1	389	1	23	58	3	4	0	0	3	1	7	58	2	2	2	1	0	1	16	42	0	2	0	8	0	9	3
A[Del(T):R5]G	259	3	0	6	301	4	1	0	16	2	1	1	0	1	0	4	4	0	2	6	16	3	23	4	4	1	6	0	5	47	280	0	6	0	549	3	4	0	86	0	11	3	5	5	3	1426	0	22	0	0	2	2	5	127	4	21	12	23	2	1	0	0	5	0	7	600	274	2	4	8	1	9	147	4	3	4	1	1	0	9	13	1	272	7	6	13	8	556	1	4	153	3	3	8	8	3	5	4	0	3	497	1	257	6	8	638	1	675	8	3	0	929	2	12	1	1	256	3	0	859	7	2	741	4	2	5	598	6	4	1	12	0	0	1	1	0	0	7	3	254	7	13	39	1	11	2	5	1	1	0	1	143	10	5	40	0	2	121	58	6	28	1	26	989	2	9	3	3	6	1	7	6	6	3	293	4	2	3	85	15	0	21	4	0	12	0	497	62	2	331	2	1	6	4	5	220	4	15	1	247	2	2	1	1	0	7	8	43	1	5	10	40	4	11	1	1	94	5	3	1	2	4	1	312	419	17	3	108	0	1	140	6	185	1	0	443	0	10	29	3	3	2	3	4	2	10	41	7	1	3	1	0	5	13	15	0	9	0	3	2	9	1
A[Del(T):R6]A	942	4	1	32	1028	2	10	0	6	2	5	0	0	7	0	8	1	0	4	4	18	16	103	4	4	0	3	0	5	177	1176	0	47	1	2138	3	3	0	307	0	57	0	7	1	13	5855	5	113	1	0	7	0	3	414	27	81	54	25	1	1	0	0	23	2	3	2253	855	2	6	1	4	13	647	5	7	22	3	9	2	2	15	4	869	5	61	106	15	1860	0	3	481	1	2	4	67	20	22	4	0	1	1726	2	918	4	3	2213	4	2078	41	13	2	4649	3	41	6	4	899	2	0	2489	33	2	2829	9	2	7	2079	9	29	0	1	3	1	0	5	2	0	13	5	1227	3	7	19	19	47	7	4	1	0	2	3	663	59	0	182	2	1	430	311	17	41	1	84	2929	7	29	3	3	12	1	2	6	10	0	1077	18	0	9	428	37	0	61	14	1	4	3	1759	276	5	930	3	2	17	5	9	1120	4	7	2	960	2	2	0	3	4	0	4	115	0	8	15	27	1	9	0	2	404	3	2	14	2	12	4	1161	1429	17	2	432	0	11	655	10	678	2	0	1749	0	50	85	11	8	4	2	3	8	15	149	0	9	11	4	2	3	29	93	2	7	4	10	1	35	4
A[Del(T):R6]C	260	1	0	18	370	1	1	0	2	1	1	0	0	1	0	1	1	0	1	2	0	4	42	0	2	0	3	0	3	70	302	0	18	1	1002	3	3	0	153	0	19	2	3	1	2	1335	3	59	0	0	0	1	3	88	10	30	23	8	1	0	0	0	10	0	4	810	213	1	1	0	1	2	193	4	1	11	0	6	0	3	8	1	356	4	16	33	3	614	1	3	180	3	4	1	31	7	16	1	0	1	472	1	276	3	2	599	3	646	16	5	3	1135	2	20	2	4	213	2	1	774	16	0	851	4	2	4	2104	7	6	0	2	1	0	0	3	1	2	6	4	662	2	4	18	4	17	1	1	0	0	1	1	209	32	0	59	0	1	128	82	6	23	1	65	938	2	18	3	3	5	4	2	1	3	0	326	9	0	0	120	11	0	30	1	1	4	1	488	65	5	337	1	2	11	10	7	435	1	6	5	246	2	2	2	0	2	2	4	49	0	3	4	12	1	4	1	1	121	0	2	3	0	1	3	357	530	11	0	158	0	0	145	2	221	2	2	484	2	22	73	9	5	2	3	3	7	11	77	3	1	3	2	1	5	12	29	0	2	0	4	2	21	0
A[Del(T):R6]G	442	2	0	11	548	2	2	0	9	1	1	0	1	1	0	4	1	0	1	0	9	6	27	9	2	0	1	0	0	52	446	0	10	0	1362	1	3	0	140	0	28	3	4	3	5	2258	6	40	3	0	2	0	1	211	16	33	19	13	2	1	0	0	10	1	2	1199	454	4	6	0	0	2	258	0	7	9	1	1	0	11	12	3	313	6	23	51	4	865	3	1	262	2	1	2	25	4	14	1	0	1	939	1	451	3	4	1124	1	1092	12	3	2	1887	1	16	0	5	433	2	0	1565	6	2	1406	8	1	2	1232	8	8	0	2	2	1	0	0	2	0	13	4	800	3	10	13	3	18	9	4	0	0	1	0	166	16	0	63	1	0	200	83	9	17	1	33	1589	3	16	0	1	13	2	5	0	6	0	498	13	1	1	166	13	0	22	7	2	7	0	861	92	3	627	1	4	6	2	4	435	0	8	3	450	3	0	1	3	2	1	5	57	1	2	12	18	1	10	3	0	189	4	3	8	2	4	2	517	812	13	2	197	0	3	305	3	362	1	0	830	1	17	35	4	4	2	4	6	4	4	71	2	2	4	3	2	4	6	42	1	4	0	2	2	19	1
A[Del(T):R7]A	1277	5	0	50	1408	0	2	4	4	0	6	1	0	1	0	3	3	0	1	0	14	14	129	7	0	0	3	0	4	235	1400	0	41	1	2809	3	1	0	241	0	46	0	2	1	4	4097	3	143	0	0	10	0	6	346	39	61	63	14	0	0	0	0	26	3	2	3040	1159	1	8	0	2	9	802	2	6	19	0	6	0	1	14	5	485	4	53	109	9	2466	0	2	640	2	3	2	67	17	30	1	0	3	2458	0	1286	2	2	2866	11	2755	47	11	4	3572	0	32	2	4	1140	3	0	3476	21	1	3688	23	1	12	2736	6	15	3	2	2	0	1	2	3	0	5	10	1600	1	13	9	18	66	2	2	3	0	3	3	644	85	3	138	1	1	557	250	13	36	1	99	3422	12	39	0	7	11	1	3	12	5	1	1428	30	0	1	595	37	0	91	9	0	6	1	2359	378	4	1292	7	2	26	7	6	1677	6	9	4	1139	2	2	2	4	8	2	2	171	0	12	21	25	4	10	1	3	498	3	6	15	4	4	2	1427	1874	11	4	548	0	19	840	5	921	2	0	2367	2	86	121	10	7	3	1	9	3	7	205	4	5	8	5	2	6	26	127	0	3	0	5	1	33	1
A[Del(T):R7]C	627	3	0	43	995	3	0	0	4	0	5	0	1	2	0	5	3	0	0	0	14	10	108	4	3	0	6	0	2	148	711	0	31	0	2399	3	1	0	213	0	42	3	3	3	4	2061	1	134	3	0	8	1	6	199	38	58	44	15	0	0	0	0	31	3	6	1908	563	0	7	1	2	4	490	3	10	19	2	3	1	1	10	4	426	1	33	69	7	1589	4	6	433	1	4	1	63	15	17	0	0	5	1142	1	582	1	2	1521	3	1624	34	8	2	1761	4	29	3	3	545	1	2	1902	16	0	2031	13	1	4	5697	5	3	0	2	3	1	2	8	1	4	5	4	1430	1	11	9	24	46	5	3	1	0	1	2	410	51	6	100	2	0	305	192	11	27	3	72	1961	5	37	1	7	9	2	2	5	8	3	919	12	0	0	317	42	0	74	8	1	6	1	1273	200	5	784	5	1	22	6	3	1257	6	5	2	638	4	1	6	2	7	0	3	128	0	6	13	18	0	3	2	1	298	2	4	15	2	6	4	951	1193	12	2	367	1	8	419	5	637	1	1	1253	3	58	232	13	5	1	4	4	1	5	185	2	2	4	4	1	5	16	89	0	5	1	7	2	39	6
A[Del(T):R7]G	986	2	0	27	1137	1	1	2	5	0	2	3	0	2	0	1	2	0	2	0	5	5	80	7	3	0	0	0	1	94	1004	0	27	0	2566	2	3	0	178	0	34	1	3	0	2	3880	0	92	1	0	10	0	4	276	27	45	30	13	0	0	0	0	20	0	0	2554	1006	1	4	0	1	4	608	0	3	18	0	5	0	0	9	2	384	3	54	68	8	2053	3	4	515	0	2	1	36	8	24	2	0	3	2042	1	968	3	1	2435	5	2459	27	8	3	3026	0	11	2	5	929	1	0	3234	14	3	3003	4	1	5	2511	2	2	0	2	1	1	0	2	1	0	2	3	1533	1	9	10	7	38	2	0	1	5	1	2	349	48	0	97	1	0	415	147	12	19	2	53	2914	5	21	1	2	9	2	2	0	2	2	1101	20	0	0	417	28	0	64	6	2	2	0	1923	240	1	1236	1	3	20	6	3	1107	3	8	2	989	1	2	3	1	2	2	2	149	1	3	12	16	3	3	0	0	425	1	3	11	1	3	2	1225	1652	10	3	474	0	7	638	7	769	1	0	1650	1	33	82	6	5	1	0	2	1	8	117	4	2	4	3	2	6	23	63	0	2	1	2	1	11	2
A[Del(T):R8]A	1972	4	0	40	1849	0	5	1	2	0	8	0	0	2	0	0	0	0	1	0	18	30	166	5	1	0	0	0	5	424	1913	0	42	1	3065	3	2	0	244	0	99	0	2	0	4	4317	4	195	1	0	9	1	5	114	47	79	100	3	0	0	0	1	25	3	3	4263	1747	2	8	3	1	8	1309	1	9	48	0	4	2	0	16	2	278	0	111	124	5	3802	2	3	815	2	3	4	94	17	44	0	0	0	3668	1	1896	1	1	4148	9	3547	66	8	5	3876	4	48	0	1	1654	0	1	4697	0	0	5335	12	0	16	4145	12	3	0	4	2	7	3	11	9	0	5	6	2555	1	12	2	31	114	3	5	0	4	0	1	954	136	0	178	2	0	789	285	33	59	5	153	4863	11	84	6	9	15	0	3	6	12	2	2015	44	1	1	865	73	1	143	25	0	3	1	3550	546	6	2388	10	0	40	6	4	2786	3	10	4	1746	3	2	5	8	10	1	4	371	1	13	22	32	2	4	3	1	891	6	12	33	4	12	3	2376	2847	12	3	1108	0	20	1339	6	1418	1	2	3582	0	107	209	26	13	5	4	6	2	9	330	3	2	13	11	2	7	46	165	0	0	0	5	1	46	2
A[Del(T):R8]C	1039	7	0	37	1576	0	2	0	2	2	6	1	0	8	0	0	0	0	1	0	10	10	141	5	3	0	1	0	1	140	1071	1	26	3	2784	3	1	0	139	0	67	0	1	1	5	1696	4	83	3	0	13	2	0	55	34	45	43	3	0	0	0	0	31	6	1	2660	862	1	2	1	3	5	860	0	3	27	0	9	3	1	13	10	149	1	63	82	9	2653	1	2	629	2	5	2	50	21	30	1	0	1	1827	1	905	0	1	2255	9	2295	35	14	7	1412	1	21	4	1	834	1	0	2789	0	0	3214	16	2	17	8413	4	6	0	1	2	4	2	9	3	2	4	10	2807	1	9	1	27	82	4	0	2	4	2	2	454	76	2	64	8	0	496	162	7	42	6	80	2849	12	50	4	3	3	0	5	7	5	1	1431	28	0	1	530	41	0	105	14	1	3	1	2280	340	4	1495	5	2	14	6	5	2211	3	12	6	1038	0	3	2	2	5	1	2	229	0	10	28	19	2	2	0	0	494	3	5	16	1	5	4	1626	1977	8	2	646	0	9	723	4	1099	1	0	2117	1	92	463	17	12	2	1	4	1	9	302	0	1	7	6	4	9	32	101	1	5	1	0	0	30	6
A[Del(T):R8]G	1284	1	0	18	1193	0	2	2	1	1	4	0	0	4	0	2	1	0	1	0	3	9	108	4	1	0	2	0	4	70	1194	0	11	0	1911	3	0	0	83	0	49	1	1	0	1	1861	4	41	1	0	12	1	3	78	22	15	27	2	1	0	0	0	20	1	1	2710	1230	0	1	0	2	6	814	0	4	16	1	4	0	0	8	2	97	1	61	75	2	2360	2	1	490	0	5	0	30	14	19	2	0	0	2370	0	1158	0	1	2798	2	2258	30	6	0	1739	0	8	2	1	1114	0	0	3470	0	1	3548	8	2	7	2938	2	3	0	0	2	2	1	6	4	3	5	5	1601	0	5	3	14	71	3	1	0	1	0	2	200	53	0	49	1	2	514	104	9	38	4	37	3230	6	36	1	0	6	0	2	3	3	1	1227	32	0	1	414	28	0	70	5	1	4	1	2350	315	2	1677	2	1	14	0	4	1281	4	7	3	1117	2	1	3	4	5	2	0	205	0	6	10	14	4	3	0	0	576	5	2	15	1	5	1	1474	2045	4	2	604	0	12	847	2	850	1	0	2165	1	64	106	12	8	2	1	3	0	4	170	4	0	5	5	1	4	23	54	0	3	0	1	0	16	3
A[Del(T):R(9,)]A	0	0	0	0	0	0	0	0	0	0	0	0	0	0	0	0	0	0	0	0	0	0	0	0	0	0	0	0	0	0	0	0	0	0	0	0	0	0	0	0	0	0	0	0	0	0	0	0	0	0	0	0	0	0	0	0	0	0	0	0	0	0	0	0	0	0	0	0	0	0	0	0	0	0	0	0	0	0	0	0	0	0	0	0	0	0	0	0	0	0	0	0	0	0	0	0	0	0	0	0	0	0	0	0	0	0	0	0	0	0	0	0	0	0	0	0	0	0	0	0	0	0	0	0	0	0	0	0	0	0	0	0	0	0	0	0	0	0	0	0	0	0	0	0	0	0	0	0	0	0	0	0	0	0	0	0	0	0	0	0	0	0	0	0	0	0	0	0	0	0	0	0	0	0	0	0	0	0	0	0	0	0	0	0	0	0	0	0	0	0	0	0	0	0	0	0	0	0	0	0	0	0	0	0	0	0	0	0	0	0	0	0	0	0	0	0	0	0	0	0	0	0	0	0	0	0	0	0	0	0	0	0	0	0	0	0	0	0	0	0	0	0	0	0	0	0	0	0	0	0	0	0	0	0	0	0	0	0	0	0	0	0
A[Del(T):R(9,)]C	0	0	0	0	0	0	0	0	0	0	0	0	0	0	0	0	0	0	0	0	0	0	0	0	0	0	0	0	0	0	0	0	0	0	0	0	0	0	0	0	0	0	0	0	0	0	0	0	0	0	0	0	0	0	0	0	0	0	0	0	0	0	0	0	0	0	0	0	0	0	0	0	0	0	0	0	0	0	0	0	0	0	0	0	0	0	0	0	0	0	0	0	0	0	0	0	0	0	0	0	0	0	0	0	0	0	0	0	0	0	0	0	0	0	0	0	0	0	0	0	0	0	0	0	0	0	0	0	0	0	0	0	0	0	0	0	0	0	0	0	0	0	0	0	0	0	0	0	0	0	0	0	0	0	0	0	0	0	0	0	0	0	0	0	0	0	0	0	0	0	0	0	0	0	0	0	0	0	0	0	0	0	0	0	0	0	0	0	0	0	0	0	0	0	0	0	0	0	0	0	0	0	0	0	0	0	0	0	0	0	0	0	0	0	0	0	0	0	0	0	0	0	0	0	0	0	0	0	0	0	0	0	0	0	0	0	0	0	0	0	0	0	0	0	0	0	0	0	0	0	0	0	0	0	0	0	0	0	0	0	0	0
A[Del(T):R(9,)]G	0	0	0	0	0	0	0	0	0	0	0	0	0	0	0	0	0	0	0	0	0	0	0	0	0	0	0	0	0	0	0	0	0	0	0	0	0	0	0	0	0	0	0	0	0	0	0	0	0	0	0	0	0	0	0	0	0	0	0	0	0	0	0	0	0	0	0	0	0	0	0	0	0	0	0	0	0	0	0	0	0	0	0	0	0	0	0	0	0	0	0	0	0	0	0	0	0	0	0	0	0	0	0	0	0	0	0	0	0	0	0	0	0	0	0	0	0	0	0	0	0	0	0	0	0	0	0	0	0	0	0	0	0	0	0	0	0	0	0	0	0	0	0	0	0	0	0	0	0	0	0	0	0	0	0	0	0	0	0	0	0	0	0	0	0	0	0	0	0	0	0	0	0	0	0	0	0	0	0	0	0	0	0	0	0	0	0	0	0	0	0	0	0	0	0	0	0	0	0	0	0	0	0	0	0	0	0	0	0	0	0	0	0	0	0	0	0	0	0	0	0	0	0	0	0	0	0	0	0	0	0	0	0	0	0	0	0	0	0	0	0	0	0	0	0	0	0	0	0	0	0	0	0	0	0	0	0	0	0	0	0	0
C[Del(T):R1]A	1	0	0	8	5	6	11	0	13	7	9	5	0	1	0	39	5	0	5	3	0	1	4	27	7	0	5	0	4	3	11	0	1	3	11	3	5	0	10	0	4	7	34	1	8	6	1	2	1	1	1	2	2	1	1	3	4	7	6	2	0	0	3	0	10	19	6	7	6	4	2	21	7	3	6	1	3	0	1	33	38	1	4	22	3	2	13	11	0	2	9	5	3	10	3	5	1	4	1	1	5	4	6	3	13	8	1	11	3	5	7	8	2	3	3	15	3	47	1	4	4	2	18	2	1	5	28	15	44	0	11	1	3	2	2	4	1	47	2	14	11	4	1	0	5	17	5	19	2	2	5	1	4	1	5	1	1	2	6	9	14	2	0	19	0	5	13	10	61	0	7	7	16	4	9	0	2	14	17	6	0	2	2	2	1	2	8	5	16	15	7	3	5	6	25	13	3	5	6	6	7	5	5	4	2	14	19	8	1	2	12	4	8	47	2	3	9	7	2	4	5	4	17	17	20	56	3	11	1	0	14	13	9	3	0	21	5	3	7	5	8	6	2	8	9	46	16	29	5	2	3	0	5	1	7	1	22	1	16	2	10	1
C[Del(T):R1]C	9	1	0	9	18	4	0	0	11	2	4	1	0	1	2	15	2	0	1	4	0	1	6	10	8	0	9	0	1	3	15	0	0	4	33	3	8	0	11	0	5	9	10	8	9	15	1	4	0	0	2	1	4	0	3	0	2	11	3	1	0	0	30	2	4	32	13	8	7	0	1	6	13	3	7	2	2	0	2	6	9	2	4	10	2	9	17	16	0	0	2	1	7	8	5	2	5	0	0	1	8	6	10	4	10	28	2	18	3	3	13	10	1	0	1	7	15	3	2	14	1	7	47	3	3	4	81	13	12	0	10	0	2	1	3	2	2	21	2	18	19	12	2	5	4	8	2	5	0	2	2	7	5	2	11	2	1	5	16	26	13	1	5	32	5	6	4	6	13	1	7	6	13	1	28	6	1	6	28	14	2	3	15	0	5	4	43	9	16	20	5	6	2	3	10	53	8	3	4	12	2	0	3	0	6	1	10	7	0	2	9	2	3	15	0	3	12	5	0	2	4	8	13	30	28	20	1	21	1	2	17	5	16	5	4	34	3	1	11	4	4	0	9	6	5	14	15	14	4	2	4	1	8	1	1	1	6	0	3	2	8	3
C[Del(T):R1]G	4	1	0	6	9	4	1	0	23	3	8	1	1	3	0	26	7	0	8	3	0	0	4	26	3	0	16	0	2	2	9	0	0	4	13	3	5	0	6	0	2	12	26	9	9	3	2	1	3	0	1	5	5	0	0	1	3	6	5	5	0	0	6	3	2	18	6	7	10	2	1	17	10	2	4	4	6	5	1	12	25	4	0	23	0	3	11	4	6	0	6	3	6	12	3	2	5	3	0	0	6	4	7	8	13	11	4	8	0	3	13	4	4	1	3	10	4	19	1	12	1	1	19	4	5	4	33	19	9	1	11	3	1	1	4	0	4	40	3	14	27	9	0	2	3	11	4	10	1	4	8	2	2	5	2	2	3	3	5	7	5	5	3	11	1	4	15	3	29	0	7	13	10	2	6	0	3	6	14	2	1	2	3	0	5	0	10	5	11	4	8	3	7	5	12	6	8	5	2	5	3	5	5	3	11	2	9	4	1	3	5	0	2	39	1	1	7	1	7	2	2	16	9	10	15	35	3	11	2	1	11	9	6	3	3	4	6	4	10	1	5	1	4	2	7	25	8	17	0	4	10	5	0	3	3	2	15	1	5	3	9	1
C[Del(T):R2]A	2	1	0	10	13	1	22	0	12	3	3	1	0	1	0	71	8	0	2	1	0	0	0	32	1	0	6	0	4	0	20	0	0	1	16	5	3	0	10	0	3	4	21	4	21	16	0	0	1	0	1	1	3	1	2	0	4	4	1	1	0	0	2	1	2	21	6	9	1	0	0	22	6	3	2	0	0	1	0	16	27	0	16	25	1	1	11	15	1	1	9	1	4	14	0	4	6	1	0	1	8	1	2	9	7	19	1	16	2	2	5	7	2	4	2	12	5	9	0	11	8	0	22	0	1	2	31	12	108	0	8	0	3	1	1	0	1	49	3	4	11	1	2	2	1	11	1	1	2	1	8	4	2	3	0	0	2	8	3	6	13	0	1	31	0	3	5	26	35	8	6	7	10	5	11	0	1	19	46	3	0	3	1	4	5	0	6	4	17	11	2	3	3	5	11	11	7	4	2	12	1	0	0	3	6	14	12	5	2	0	10	1	2	43	0	0	3	1	2	2	2	7	16	14	7	80	5	11	0	0	14	4	13	2	0	15	4	4	2	3	6	1	2	7	9	45	6	20	14	1	3	1	0	2	2	1	14	1	13	4	6	0
C[Del(T):R2]C	7	1	0	1	10	2	3	0	11	2	8	0	0	0	0	42	9	0	4	2	0	1	2	19	0	0	7	0	2	2	17	0	0	0	20	1	3	0	9	0	1	2	25	3	5	33	0	2	0	0	1	1	2	2	0	2	3	7	2	3	0	0	2	0	3	41	8	8	5	1	2	17	6	4	2	1	1	0	0	4	18	2	24	19	2	2	8	11	4	1	15	2	5	15	1	3	2	2	1	1	5	0	3	5	9	33	2	13	0	1	4	12	4	1	3	7	5	6	2	12	0	2	25	2	1	6	56	18	22	0	9	1	1	4	0	1	1	39	4	9	18	4	3	1	1	6	2	4	3	0	1	11	4	1	3	2	0	0	17	4	6	0	5	24	0	1	5	4	20	2	6	10	14	2	3	2	0	1	32	3	0	0	2	3	4	0	18	2	11	17	3	1	0	4	8	21	7	5	0	9	4	2	1	1	6	2	13	3	0	2	1	3	4	35	2	1	6	5	1	2	1	5	9	16	18	52	0	10	2	1	19	5	11	1	0	14	4	4	4	0	11	3	0	0	5	34	10	9	6	1	6	3	1	1	2	1	7	1	5	0	4	1
C[Del(T):R2]G	11	1	0	4	9	1	2	0	11	2	4	0	0	1	2	74	7	0	5	0	1	0	2	37	0	0	2	0	2	1	16	0	0	0	15	0	0	0	2	0	1	5	31	3	3	36	0	3	2	0	0	2	2	1	0	0	1	7	1	3	0	0	3	0	2	25	4	9	2	1	1	26	1	2	1	0	0	0	0	7	31	0	10	30	1	4	7	5	7	0	7	1	5	17	0	5	3	1	0	1	11	1	4	5	13	22	0	22	0	4	6	10	3	2	1	7	3	9	1	16	4	0	20	0	1	5	22	5	5	0	10	1	0	0	1	0	1	64	1	1	10	4	0	0	0	16	1	3	0	3	2	3	1	1	1	0	0	2	3	8	9	1	0	17	2	2	8	3	46	0	3	1	17	2	8	0	0	4	9	3	0	2	2	2	4	0	10	1	9	8	2	1	3	3	17	7	7	1	2	6	3	1	0	0	4	0	16	0	0	1	2	0	3	49	0	1	5	8	0	0	0	6	23	14	21	76	1	9	1	3	8	11	7	2	0	12	1	2	1	0	4	1	1	3	6	40	7	30	0	2	2	1	2	1	3	1	14	1	6	3	4	0
C[Del(T):R3]A	11	2	0	13	15	1	6	0	22	2	6	1	1	1	1	22	6	0	5	2	3	0	3	10	1	0	5	0	2	1	28	0	0	2	14	3	3	0	9	0	2	4	11	6	10	75	1	5	3	0	2	2	2	3	1	2	3	8	0	0	0	0	13	0	5	73	10	8	4	6	1	9	9	4	3	1	0	0	0	8	19	3	42	13	1	6	2	28	1	0	16	3	2	4	3	3	2	2	0	2	20	7	3	10	7	25	2	26	1	1	5	15	3	1	4	10	7	5	1	28	16	1	33	1	3	4	40	14	35	1	5	0	2	1	2	1	2	29	2	11	9	11	3	2	4	10	6	3	2	3	2	17	3	3	6	1	1	3	3	11	17	1	4	53	3	3	5	11	21	2	4	2	8	3	19	2	1	6	24	1	0	2	3	1	8	0	19	5	13	18	2	4	6	0	8	21	6	9	1	6	4	3	1	1	3	0	6	7	0	3	9	2	1	24	0	0	7	4	0	1	3	10	6	19	28	35	0	10	0	1	24	6	16	1	0	22	2	6	3	2	5	2	2	5	6	17	7	14	5	1	1	2	2	0	8	0	12	1	6	3	6	2
C[Del(T):R3]C	6	0	0	2	17	2	2	0	18	1	4	2	0	5	1	10	1	0	1	2	0	1	4	5	2	1	5	0	1	3	22	0	2	3	32	2	5	0	9	0	2	6	7	4	4	53	0	5	1	0	2	1	2	3	2	1	1	8	1	0	0	0	3	2	3	36	7	8	3	2	0	13	10	2	4	3	0	0	0	9	7	1	32	7	1	3	2	27	1	2	15	3	7	1	2	2	2	0	1	4	12	4	9	10	2	30	0	20	4	2	3	25	3	1	3	1	15	8	0	35	8	0	33	6	1	8	94	18	5	0	13	2	3	1	1	1	2	18	1	31	9	13	2	3	2	6	2	1	1	1	6	7	1	2	3	1	2	9	7	15	6	1	5	37	1	2	5	3	19	1	2	5	7	3	25	2	2	5	12	3	1	0	0	1	2	2	25	2	12	10	2	1	2	1	5	23	5	5	2	9	3	1	1	3	3	0	4	2	2	1	0	2	5	10	1	0	7	5	1	1	1	1	5	24	29	14	0	11	0	1	15	7	9	1	0	26	2	2	5	3	3	4	0	6	7	16	5	3	1	3	6	2	4	0	8	0	7	2	2	2	6	3
C[Del(T):R3]G	7	0	0	6	11	0	2	1	12	0	3	0	0	1	0	27	6	0	1	2	0	1	5	18	6	0	8	0	4	1	25	0	0	0	13	1	6	0	8	0	5	3	26	4	3	44	1	3	1	0	1	0	2	2	0	1	2	11	1	0	0	0	3	0	6	33	9	8	5	1	1	9	6	8	6	1	0	0	0	5	14	0	16	17	0	4	4	14	0	0	8	8	4	11	5	4	1	2	0	2	14	2	7	3	8	20	1	12	0	3	6	22	1	1	2	10	4	6	1	12	4	1	24	1	0	0	18	16	10	0	8	0	0	1	3	0	3	56	1	2	5	8	0	1	6	5	5	3	3	0	2	5	1	3	5	2	1	5	5	6	21	4	0	44	0	2	7	2	20	1	3	7	12	1	13	0	1	4	11	3	0	1	3	2	9	1	18	0	9	5	5	3	5	2	12	8	6	11	4	5	1	2	1	0	5	0	10	4	2	1	0	2	5	28	0	1	1	9	1	2	4	7	9	16	17	39	0	7	1	0	8	7	10	3	0	14	2	4	4	2	5	5	5	7	9	23	7	9	1	0	1	1	2	0	4	0	9	1	4	1	3	0
C[Del(T):R4]A	100	1	0	7	109	2	21	1	12	1	9	1	0	2	0	28	3	0	1	6	0	5	8	8	5	0	5	0	1	11	139	0	1	2	173	2	2	0	31	0	3	5	21	2	4	606	1	3	2	1	3	1	1	21	2	3	7	13	0	0	0	0	8	1	9	215	100	6	3	0	2	8	41	3	5	1	0	1	0	4	23	0	70	12	1	9	8	169	1	2	35	4	3	3	5	13	4	4	0	4	122	5	66	1	8	228	0	176	1	6	1	304	0	5	2	7	66	5	1	234	16	1	246	5	2	5	209	10	46	0	9	1	1	1	0	0	2	29	3	98	1	11	1	1	8	10	1	0	0	0	2	40	5	0	14	1	1	49	15	14	13	1	6	290	1	2	3	10	20	3	4	4	17	2	96	3	0	14	42	4	1	6	0	0	14	1	174	14	13	69	3	1	4	5	9	85	2	13	7	67	3	0	0	2	5	6	8	6	0	2	2	7	1	23	1	0	27	0	1	1	1	7	11	116	163	40	3	41	0	1	74	10	62	2	0	148	4	8	10	6	11	0	1	13	3	26	25	10	9	0	2	0	3	1	9	0	8	0	14	4	4	2
C[Del(T):R4]C	125	1	0	1	133	3	0	1	19	1	5	1	0	2	0	16	4	0	0	0	1	2	11	7	3	0	2	0	1	12	167	0	0	0	211	1	4	0	23	0	3	1	12	3	5	329	0	6	0	0	0	3	4	35	2	4	2	11	2	0	0	0	6	3	2	244	101	3	3	1	0	8	55	2	4	3	2	0	1	11	12	1	66	11	2	3	8	211	3	0	54	1	1	4	1	6	4	2	0	2	170	1	79	6	2	291	0	249	1	3	0	214	0	2	4	9	61	5	1	274	14	0	314	5	1	8	369	3	12	0	13	2	1	0	1	1	2	21	1	66	5	9	1	1	0	10	1	2	2	0	5	31	9	2	8	0	0	55	8	7	9	0	12	367	2	6	5	4	16	0	3	5	16	2	84	2	0	0	26	3	0	5	3	3	4	0	173	22	6	76	1	2	4	0	8	82	3	2	4	86	5	1	0	1	2	4	2	11	1	4	4	1	3	20	1	2	31	3	0	3	1	5	8	131	177	33	1	40	1	1	71	6	76	2	0	184	1	3	20	4	4	0	4	4	4	12	28	7	2	2	3	0	3	2	10	0	6	1	4	1	4	3
C[Del(T):R4]G	75	0	0	5	96	3	0	0	10	1	2	0	0	0	0	27	8	0	1	2	1	1	8	18	4	0	6	0	3	4	100	0	2	0	144	2	11	0	16	0	4	3	20	1	0	297	0	6	2	0	2	1	2	25	3	2	1	21	0	3	0	0	8	3	3	194	73	4	3	4	2	10	30	4	5	0	0	1	0	8	27	1	30	16	2	10	7	163	3	1	39	13	2	16	3	4	4	2	0	4	128	5	74	10	4	203	1	181	5	2	5	148	0	1	1	12	61	5	0	210	8	0	230	10	3	3	155	12	4	0	10	3	0	2	3	0	2	59	3	41	4	17	2	0	9	16	3	0	1	1	2	11	3	1	8	4	0	59	5	8	20	2	1	306	1	3	3	2	31	5	7	6	26	4	72	0	0	1	26	3	0	1	3	0	15	1	150	6	11	62	2	2	3	2	20	36	3	9	5	57	5	0	1	2	2	0	10	6	0	2	0	4	3	37	0	1	25	2	1	2	1	9	16	102	113	49	1	29	1	1	50	4	60	4	1	131	3	0	6	2	16	2	4	4	8	34	15	18	4	2	7	0	3	2	7	1	17	3	3	1	7	0
C[Del(T):R5]A	222	2	0	8	223	1	6	1	6	1	2	0	0	1	1	9	2	0	1	2	1	1	8	9	2	0	3	0	1	30	288	0	2	0	391	2	5	0	27	0	2	2	5	1	6	768	1	21	0	0	1	0	1	119	3	12	9	8	1	0	0	0	8	0	2	525	206	5	3	4	2	4	97	4	3	3	0	1	0	4	11	0	83	10	3	6	3	388	2	0	109	1	1	4	1	5	8	0	0	0	391	2	159	3	2	527	2	452	3	1	2	527	0	4	4	8	170	5	1	587	20	0	606	3	1	9	443	9	13	0	4	2	1	1	1	0	1	25	1	119	3	8	1	2	4	8	2	1	2	0	3	82	7	1	14	1	0	105	21	2	13	3	8	778	1	7	4	5	10	1	3	0	8	0	217	9	0	8	70	4	1	7	3	1	4	0	378	54	1	152	2	3	3	3	12	177	2	8	3	192	0	3	0	2	0	3	11	17	0	0	3	8	4	18	0	0	49	1	1	2	0	6	7	247	352	28	0	87	1	0	139	0	142	1	1	351	1	14	34	5	5	3	6	6	7	19	21	9	4	2	3	2	3	1	8	0	18	3	3	1	8	0
C[Del(T):R5]C	263	1	0	5	304	0	1	1	5	0	1	0	0	1	0	6	2	0	1	1	1	4	19	6	1	0	4	0	2	22	359	0	3	0	502	2	3	0	21	0	5	3	4	3	3	433	1	20	1	0	0	1	0	105	1	3	2	6	1	0	0	0	8	1	2	539	242	2	1	2	1	10	141	1	0	2	2	1	1	2	14	0	52	5	5	6	8	521	2	3	116	2	4	1	7	7	6	0	0	1	400	0	214	3	1	594	2	521	4	3	0	341	0	3	2	8	178	2	3	637	12	0	709	5	1	1	1140	2	10	0	4	1	1	0	2	1	0	8	2	140	4	7	1	0	9	7	1	0	0	1	4	59	1	1	7	1	0	162	17	1	7	0	6	826	3	1	4	2	17	1	1	1	4	1	236	2	2	0	57	7	1	5	3	1	1	0	423	44	3	203	3	0	6	2	12	196	2	5	1	205	3	1	2	0	3	3	4	19	0	1	3	0	1	13	0	0	82	4	0	1	2	3	5	276	428	16	0	91	0	1	160	4	188	0	0	464	0	6	54	1	4	2	2	2	3	14	40	8	0	0	2	2	1	3	15	0	9	0	2	1	5	0
C[Del(T):R5]G	175	1	0	5	172	2	0	0	6	0	0	0	0	1	0	8	6	0	2	0	2	1	13	15	2	0	2	0	1	5	218	0	1	0	303	2	2	0	18	0	6	3	5	2	4	296	0	2	0	0	2	0	0	67	3	0	1	5	0	0	0	0	2	2	1	394	180	1	2	3	2	11	96	1	1	1	0	1	0	3	14	2	27	8	2	7	2	358	0	0	85	5	2	9	0	2	4	1	1	3	312	3	159	3	3	428	0	421	5	3	0	254	0	1	0	8	143	3	0	584	5	0	516	4	0	1	360	3	2	0	4	1	1	0	2	1	0	30	0	97	2	4	0	0	5	6	1	0	2	0	0	10	5	0	5	2	0	81	5	6	10	2	2	648	2	1	2	1	19	0	2	0	7	0	144	1	1	0	35	3	0	10	3	1	3	1	308	30	2	164	1	1	8	3	5	137	3	3	1	158	2	0	0	0	2	2	6	17	0	2	4	2	6	22	0	0	53	1	0	4	1	0	7	194	306	25	2	57	0	1	93	5	120	0	2	302	0	7	12	1	8	1	4	2	3	16	27	5	3	2	2	1	2	0	7	0	8	1	2	1	3	0
C[Del(T):R6]A	450	2	0	12	473	1	4	0	3	1	4	0	0	1	0	9	0	0	0	0	1	2	30	7	0	0	2	0	2	101	505	0	17	2	750	1	3	0	75	0	14	0	10	0	3	1314	1	66	0	0	2	0	1	185	12	22	22	7	0	0	0	0	14	1	0	883	399	0	3	1	0	5	211	2	6	3	0	1	0	2	13	1	217	4	10	34	3	732	1	0	175	2	4	5	13	4	7	0	0	0	752	4	338	5	4	1011	2	901	11	2	1	1142	0	9	3	10	341	3	1	1195	20	2	1193	2	0	4	871	2	8	0	1	1	0	0	2	0	1	17	6	315	3	7	1	6	12	5	0	0	1	1	0	262	16	0	42	1	0	173	38	10	13	0	36	1122	1	14	2	2	7	1	1	3	3	0	420	3	0	0	111	10	0	15	3	0	3	0	740	82	6	341	5	0	8	5	5	399	1	0	2	385	2	2	1	0	4	2	3	28	0	0	8	2	0	8	0	1	126	1	1	3	2	4	5	438	614	18	2	162	1	3	264	3	283	1	0	717	1	24	45	7	4	3	1	5	2	12	34	4	2	1	2	1	3	5	22	1	5	1	4	0	5	4
C[Del(T):R6]C	211	2	0	6	293	1	1	1	3	3	0	0	0	1	1	2	1	0	1	1	2	2	24	7	3	0	2	0	2	50	233	0	3	0	609	1	0	0	49	0	10	3	4	0	3	581	0	29	0	0	3	0	5	59	6	12	11	7	2	0	0	1	16	0	1	504	162	2	1	1	3	2	107	3	3	5	1	0	1	2	6	1	78	3	15	17	1	436	1	0	105	1	1	4	10	4	2	0	0	1	299	1	173	1	3	516	3	448	3	2	2	571	2	8	2	3	161	0	0	536	15	0	592	2	0	3	2213	1	4	0	4	4	1	0	3	1	0	10	1	236	3	3	1	4	13	3	0	0	0	0	0	95	13	1	15	1	0	83	25	4	4	1	30	511	3	6	1	5	8	0	1	0	3	1	254	3	0	1	93	8	0	9	2	1	1	0	399	56	3	242	2	0	5	2	6	330	1	1	0	149	0	1	2	1	2	4	5	34	1	0	6	4	1	12	0	1	77	2	0	3	0	2	4	223	250	11	1	87	0	0	111	5	190	1	0	374	0	10	86	2	4	1	1	4	2	6	94	4	1	1	0	1	2	6	20	0	5	1	1	2	5	1
C[Del(T):R6]G	182	0	0	6	199	1	1	0	3	1	0	1	0	0	0	7	0	0	0	3	2	0	8	8	2	0	1	0	0	10	199	0	2	0	411	1	2	0	9	0	13	1	4	1	0	557	0	19	2	0	2	1	1	97	3	4	4	5	0	0	0	1	6	0	3	429	203	0	2	0	1	3	113	5	3	1	0	1	0	3	8	2	72	6	9	9	1	373	2	1	89	2	2	3	9	3	3	2	0	0	397	2	144	1	2	455	2	466	1	2	0	465	0	0	3	4	171	3	0	632	4	0	576	4	1	1	420	2	4	0	3	0	0	0	1	1	1	9	0	164	0	7	0	0	8	5	0	2	1	0	2	45	12	1	17	2	1	76	18	4	9	1	7	578	0	6	6	0	10	1	2	1	6	0	189	2	0	1	67	3	0	7	3	1	1	1	292	46	4	230	0	2	0	2	6	166	2	2	0	170	1	0	0	1	0	1	3	24	0	0	6	2	0	7	1	1	79	1	0	2	1	1	3	219	266	20	0	67	0	2	122	3	133	1	0	294	0	5	13	0	3	1	1	2	3	7	21	3	0	0	1	0	2	3	9	0	5	0	2	0	3	0
C[Del(T):R7]A	816	3	0	25	958	0	3	2	3	0	2	0	0	5	0	0	0	0	1	1	6	12	71	3	2	0	1	0	0	305	858	0	41	0	1814	0	2	0	170	0	27	2	6	0	5	1709	4	185	0	0	9	1	0	281	18	68	86	10	0	0	0	0	20	1	4	2148	871	1	2	0	2	3	519	1	3	19	0	4	1	0	12	2	298	5	29	54	5	1868	2	0	471	1	1	4	26	9	21	2	0	1	1799	1	766	2	1	2133	5	2183	26	4	2	1988	0	30	0	7	866	0	0	2795	24	0	2472	10	0	5	1935	3	4	0	3	1	2	1	6	3	2	11	4	898	1	6	1	14	50	3	2	1	3	0	5	698	45	2	80	2	0	365	112	17	13	2	100	2314	5	26	0	1	6	1	0	5	1	1	1083	25	1	1	377	30	0	60	9	1	1	2	1662	246	2	965	2	1	15	1	5	1221	1	3	3	863	2	3	3	1	0	4	3	116	0	3	9	13	0	1	1	0	295	3	3	19	1	2	2	1028	1383	12	4	373	0	9	573	2	698	0	0	1704	0	42	84	10	4	2	2	3	3	8	90	3	2	9	2	2	4	12	43	0	1	0	1	0	18	3
C[Del(T):R7]C	816	3	0	21	1314	2	0	4	0	1	4	0	0	17	0	6	0	0	0	0	6	8	63	7	2	0	1	0	2	110	814	0	5	2	2753	3	1	0	78	0	23	0	2	1	5	1473	1	65	2	0	5	0	2	225	18	24	23	9	1	1	0	0	24	4	4	2246	730	0	6	2	1	8	426	0	3	13	0	1	5	1	6	2	147	2	32	48	4	2196	1	0	520	1	7	5	39	4	19	0	0	1	1402	2	649	2	2	1891	5	1937	19	6	3	1396	1	5	4	3	610	1	0	2296	16	2	2342	4	0	1	10136	2	3	0	0	2	0	1	3	8	1	8	5	1351	1	11	0	8	35	3	1	0	1	0	4	296	29	1	19	3	1	335	59	8	19	5	50	2165	6	23	2	1	13	0	2	4	6	4	1165	12	0	0	365	23	0	39	1	2	3	0	1617	269	4	1008	2	0	14	5	4	1733	2	2	3	730	1	1	1	2	9	2	0	136	0	2	14	10	0	3	0	1	280	1	1	11	2	2	3	1072	1315	6	0	438	0	17	461	2	706	2	0	1537	0	33	377	7	4	3	3	1	1	7	215	4	1	3	10	0	2	7	50	0	3	0	2	1	17	3
C[Del(T):R7]G	1037	8	0	22	1040	1	0	1	5	1	2	0	0	3	0	2	3	0	0	0	2	4	59	2	2	0	0	0	0	51	942	0	9	3	2170	0	1	0	54	0	34	0	4	0	3	1791	0	40	1	0	3	0	4	324	20	25	17	4	0	0	0	0	17	2	2	2364	1014	4	1	2	1	5	574	1	3	13	0	2	0	1	13	1	168	4	23	56	4	1976	0	1	484	3	2	1	27	8	9	0	0	1	2215	1	907	0	0	2586	2	2433	25	5	0	1792	0	11	2	7	1011	0	0	3423	12	1	2867	3	0	3	2432	0	4	0	3	2	0	0	2	0	2	4	3	850	0	8	0	11	27	2	0	0	2	0	2	184	34	0	30	1	0	408	61	8	20	1	24	2797	2	29	3	0	5	0	0	2	4	1	1021	9	0	1	332	16	0	41	4	1	2	0	1933	236	3	1307	3	0	5	2	3	996	2	2	3	982	0	1	0	4	3	2	2	116	1	4	6	7	3	6	2	1	382	1	3	11	1	3	1	1096	1531	3	3	422	0	6	640	6	708	1	0	1760	1	28	81	4	3	2	0	4	2	3	101	3	0	3	2	1	4	13	42	1	4	0	1	2	15	2
C[Del(T):R8]A	1545	3	0	35	1481	0	0	2	0	0	4	0	0	3	0	0	1	0	0	0	14	17	122	3	0	0	1	0	2	188	1403	1	30	3	2379	3	2	0	105	0	43	1	1	0	3	1866	3	98	0	0	10	1	1	109	28	30	49	4	1	0	0	0	28	0	2	3397	1660	2	2	0	1	1	1011	4	1	17	0	2	2	1	9	2	114	2	47	51	9	3451	2	1	826	0	3	1	39	15	24	2	1	0	3203	0	1494	0	1	3585	8	3183	47	5	3	2114	1	25	0	0	1646	0	0	4607	0	2	4151	11	1	7	3504	0	7	0	1	4	2	2	4	10	2	5	12	1540	0	5	1	16	81	0	0	1	3	1	4	463	71	1	68	4	2	622	107	17	34	3	55	4008	10	40	0	3	6	1	1	10	4	3	1879	24	0	2	767	43	1	83	9	1	3	0	2985	436	2	1932	3	2	18	2	6	2430	2	5	4	1686	1	3	0	2	8	0	5	274	0	7	18	22	2	3	0	0	598	1	4	22	2	5	1	1956	2588	11	4	817	0	11	1201	4	1286	0	1	2972	0	89	163	15	4	4	4	2	1	10	144	4	0	8	7	4	5	25	63	1	1	2	1	3	24	1
C[Del(T):R8]C	1333	8	0	25	1975	1	2	0	1	3	5	0	0	9	0	1	1	0	2	0	10	4	102	3	1	0	1	0	1	90	1171	0	14	6	3315	0	0	0	57	0	51	0	2	1	3	1228	2	29	1	0	9	1	6	83	27	10	11	5	0	0	0	0	24	3	1	3126	1153	0	1	1	0	3	765	1	7	22	0	3	1	1	6	2	48	1	52	73	1	3534	1	4	758	0	2	5	27	10	23	0	0	1	2206	1	1133	0	0	2995	8	2889	25	4	4	1284	1	8	0	1	1142	1	0	3627	0	0	3607	3	0	7	11078	3	2	0	1	1	1	0	6	6	1	9	2	1854	0	7	0	14	57	2	1	0	0	0	6	231	59	2	23	2	1	563	71	7	24	0	49	3312	4	37	5	6	7	0	2	7	5	1	1821	20	0	2	648	29	0	88	8	1	1	0	2914	512	2	1749	1	0	25	8	2	3076	3	3	1	1313	1	1	2	0	7	1	3	245	0	6	22	18	2	6	1	0	442	3	1	15	1	1	0	2078	2118	6	1	730	0	14	802	4	1337	1	1	2648	1	58	501	14	8	6	0	1	1	7	284	4	0	2	5	2	2	15	72	1	1	0	1	0	16	5
C[Del(T):R8]G	1940	4	0	20	1521	0	0	1	0	1	0	0	0	6	0	1	0	0	0	1	9	6	114	6	0	0	0	0	1	27	1595	0	10	1	2560	2	1	0	28	0	37	0	0	0	2	1318	1	24	0	0	11	1	1	166	36	7	7	3	0	0	0	0	23	1	0	3788	1919	1	1	1	1	2	999	0	4	9	1	3	0	0	1	3	36	4	47	53	3	3411	3	1	761	0	2	2	24	10	21	1	0	1	3812	0	1678	0	0	4018	3	3442	19	6	0	1605	0	3	2	1	1645	0	0	5161	0	19	4643	2	0	1	3881	1	0	0	2	2	0	1	5	4	2	2	6	1406	1	4	0	14	69	2	0	1	1	1	0	109	55	1	17	0	0	690	57	8	22	2	10	4201	3	32	3	2	1	0	2	6	2	1	1636	19	0	0	609	31	0	57	5	0	1	0	3262	441	1	2350	1	1	16	5	0	1739	1	2	0	1736	0	0	1	2	2	0	1	255	1	3	10	11	2	0	0	0	676	2	1	13	1	0	1	1921	2886	3	4	770	0	12	1245	1	1190	1	0	3030	0	62	116	16	8	6	1	2	0	5	157	0	2	3	3	1	7	13	54	0	1	0	2	1	18	2
C[Del(T):R(9,)]A	0	0	0	0	0	0	0	0	0	0	0	0	0	0	0	0	0	0	0	0	0	0	0	0	0	0	0	0	0	0	0	0	0	0	0	0	0	0	0	0	0	0	0	0	0	0	0	0	0	0	0	0	0	0	0	0	0	0	0	0	0	0	0	0	0	0	0	0	0	0	0	0	0	0	0	0	0	0	0	0	0	0	0	0	0	0	0	0	0	0	0	0	0	0	0	0	0	0	0	0	0	0	0	0	0	0	0	0	0	0	0	0	0	0	0	0	0	0	0	0	0	0	0	0	0	0	0	0	0	0	0	0	0	0	0	0	0	0	0	0	0	0	0	0	0	0	0	0	0	0	0	0	0	0	0	0	0	0	0	0	0	0	0	0	0	0	0	0	0	0	0	0	0	0	0	0	0	0	0	0	0	0	0	0	0	0	0	0	0	0	0	0	0	0	0	0	0	0	0	0	0	0	0	0	0	0	0	0	0	0	0	0	0	0	0	0	0	0	0	0	0	0	0	0	0	0	0	0	0	0	0	0	0	0	0	0	0	0	0	0	0	0	0	0	0	0	0	0	0	0	0	0	0	0	0	0	0	0	0	0	0	0
C[Del(T):R(9,)]C	0	0	0	0	0	0	0	0	0	0	0	0	0	0	0	0	0	0	0	0	0	0	0	0	0	0	0	0	0	0	0	0	0	0	0	0	0	0	0	0	0	0	0	0	0	0	0	0	0	0	0	0	0	0	0	0	0	0	0	0	0	0	0	0	0	0	0	0	0	0	0	0	0	0	0	0	0	0	0	0	0	0	0	0	0	0	0	0	0	0	0	0	0	0	0	0	0	0	0	0	0	0	0	0	0	0	0	0	0	0	0	0	0	0	0	0	0	0	0	0	0	0	0	0	0	0	0	0	0	0	0	0	0	0	0	0	0	0	0	0	0	0	0	0	0	0	0	0	0	0	0	0	0	0	0	0	0	0	0	0	0	0	0	0	0	0	0	0	0	0	0	0	0	0	0	0	0	0	0	0	0	0	0	0	0	0	0	0	0	0	0	0	0	0	0	0	0	0	0	0	0	0	0	0	0	0	0	0	0	0	0	0	0	0	0	0	0	0	0	0	0	0	0	0	0	0	0	0	0	0	0	0	0	0	0	0	0	0	0	0	0	0	0	0	0	0	0	0	0	0	0	0	0	0	0	0	0	0	0	0	0	0
C[Del(T):R(9,)]G	0	0	0	0	0	0	0	0	0	0	0	0	0	0	0	0	0	0	0	0	0	0	0	0	0	0	0	0	0	0	0	0	0	0	0	0	0	0	0	0	0	0	0	0	0	0	0	0	0	0	0	0	0	0	0	0	0	0	0	0	0	0	0	0	0	0	0	0	0	0	0	0	0	0	0	0	0	0	0	0	0	0	0	0	0	0	0	0	0	0	0	0	0	0	0	0	0	0	0	0	0	0	0	0	0	0	0	0	0	0	0	0	0	0	0	0	0	0	0	0	0	0	0	0	0	0	0	0	0	0	0	0	0	0	0	0	0	0	0	0	0	0	0	0	0	0	0	0	0	0	0	0	0	0	0	0	0	0	0	0	0	0	0	0	0	0	0	0	0	0	0	0	0	0	0	0	0	0	0	0	0	0	0	0	0	0	0	0	0	0	0	0	0	0	0	0	0	0	0	0	0	0	0	0	0	0	0	0	0	0	0	0	0	0	0	0	0	0	0	0	0	0	0	0	0	0	0	0	0	0	0	0	0	0	0	0	0	0	0	0	0	0	0	0	0	0	0	0	0	0	0	0	0	0	0	0	0	0	0	0	0	0
G[Del(T):R1]A	2	0	0	4	2	2	2	0	9	2	4	3	0	2	0	30	3	0	0	1	0	1	2	8	2	0	2	0	3	0	2	0	0	1	0	0	7	0	2	0	6	2	11	1	4	2	1	13	0	0	0	2	2	2	2	1	0	10	0	0	0	0	4	0	2	9	2	3	2	0	3	13	1	1	4	2	2	1	1	17	10	3	1	7	1	1	7	17	2	1	3	3	5	6	4	1	7	4	0	1	1	5	2	4	2	12	0	4	1	2	6	1	2	2	5	2	0	38	1	3	6	2	28	3	3	2	12	10	7	0	2	1	1	0	28	1	1	24	3	2	13	2	0	1	0	13	2	10	2	2	1	3	2	1	1	1	0	0	2	5	7	0	1	54	0	5	7	8	14	1	3	1	13	1	4	3	0	1	11	1	2	2	1	1	12	0	5	0	16	1	3	3	2	3	12	8	7	3	1	2	3	0	1	1	2	21	7	3	1	2	29	3	0	33	2	0	3	4	0	2	3	5	11	6	8	33	1	4	1	1	8	2	4	4	0	4	2	3	1	1	4	3	3	1	6	8	2	9	0	1	4	2	3	3	2	1	9	1	8	4	6	2
G[Del(T):R1]C	1	0	0	7	9	2	1	1	14	0	4	0	0	3	0	11	0	0	1	1	0	0	4	3	4	0	1	0	2	3	3	0	0	1	5	0	4	0	8	0	4	2	6	3	3	2	0	1	2	0	0	2	1	0	2	2	1	5	2	1	0	0	13	1	4	3	0	1	1	0	2	3	1	3	4	2	1	1	0	4	6	1	4	8	1	5	4	4	1	1	0	3	3	4	2	1	5	2	0	0	0	5	0	7	6	4	0	6	0	3	3	2	1	0	2	4	1	5	1	2	0	0	11	1	2	2	33	9	9	0	7	1	0	0	2	0	1	10	1	2	12	15	2	0	5	2	1	3	0	0	0	6	3	1	0	0	1	0	5	19	5	0	1	6	0	4	1	2	4	0	2	4	4	0	5	0	1	4	9	4	0	1	5	0	10	0	4	3	6	3	3	1	1	4	5	5	7	3	0	5	4	0	2	0	1	0	4	1	0	1	5	2	1	9	1	0	4	6	0	2	0	7	3	11	11	9	1	3	1	0	4	3	2	3	0	6	2	2	7	1	3	0	3	2	4	8	10	6	0	2	3	0	2	0	2	1	3	0	0	7	7	0
G[Del(T):R1]G	4	0	0	6	5	4	5	0	9	0	4	0	2	2	2	17	7	0	5	1	2	1	1	8	2	0	5	0	1	3	6	0	0	1	18	1	4	0	5	0	11	3	12	6	5	10	1	37	1	0	4	0	2	1	3	1	1	6	2	0	0	2	8	1	4	29	3	3	5	0	2	8	3	4	4	3	3	2	0	8	11	3	0	14	1	4	15	52	0	3	0	2	7	2	1	3	13	3	0	1	5	5	6	9	4	38	0	11	1	2	5	5	2	1	3	5	9	20	2	10	0	0	111	2	0	7	66	8	9	0	11	0	4	1	84	1	1	10	4	14	16	5	0	3	4	6	4	6	1	3	0	6	3	1	8	3	0	9	2	7	15	3	3	106	0	6	0	0	8	2	1	12	7	0	15	0	1	3	31	11	0	5	4	2	6	0	29	6	12	29	4	4	3	1	8	48	4	5	4	12	5	1	2	4	6	1	3	6	0	3	3	1	2	13	1	1	9	7	0	5	2	7	6	30	19	18	0	14	0	0	20	3	10	1	1	29	2	2	8	3	2	1	3	4	9	7	13	6	2	1	0	1	2	1	4	3	9	2	5	2	3	0
G[Del(T):R2]A	0	1	0	23	18	1	99	0	7	2	2	0	0	0	0	11	3	0	3	2	3	1	1	6	0	0	4	0	0	3	2	0	0	0	11	2	2	0	28	0	13	2	5	3	57	21	0	0	1	0	1	1	0	0	5	1	2	1	3	1	0	0	39	0	1	16	6	5	4	0	3	6	1	2	2	1	0	1	1	21	6	2	4	5	1	19	5	7	0	1	4	1	2	2	3	1	7	0	0	0	0	1	4	3	5	13	0	12	1	3	4	12	1	1	1	0	3	17	0	8	4	2	9	1	0	3	68	7	407	1	7	3	1	0	1	4	3	8	3	5	7	9	6	0	1	4	0	8	1	0	3	4	4	1	0	1	1	0	3	39	7	3	0	6	1	16	5	87	5	15	0	2	8	0	8	2	0	95	113	21	0	1	36	1	4	1	6	3	3	10	1	1	1	3	6	4	5	2	0	2	2	1	4	0	3	11	3	2	0	2	27	3	3	13	1	1	2	3	1	1	0	4	7	18	8	9	3	2	0	0	3	6	10	1	0	7	2	5	15	2	5	0	1	2	1	7	3	1	52	0	1	1	3	3	5	0	5	0	54	7	1	0
G[Del(T):R2]C	2	0	0	9	7	1	0	1	11	1	2	2	0	1	0	4	1	0	2	0	2	0	4	2	1	0	3	0	1	1	4	0	0	1	11	1	1	0	10	0	1	1	2	3	4	7	0	0	1	0	2	0	1	1	0	0	5	5	0	1	0	0	6	0	1	10	2	3	2	0	0	5	2	1	0	0	0	0	0	2	1	0	3	1	0	1	5	3	1	3	8	1	1	0	3	0	2	2	0	0	4	0	4	2	10	11	0	11	0	0	5	7	0	0	0	1	1	3	0	6	0	0	8	2	0	1	71	8	7	0	8	0	2	0	2	1	0	1	0	4	7	6	1	0	2	3	0	0	2	1	2	4	4	1	1	1	2	3	0	5	9	1	1	9	1	3	2	6	2	0	0	2	4	5	5	1	0	5	18	7	1	1	14	0	5	0	9	1	5	9	1	1	2	2	2	9	3	3	1	2	3	0	1	0	7	0	0	1	0	2	3	2	2	4	1	1	2	3	0	2	1	2	4	11	7	1	0	3	1	1	5	1	7	0	0	5	0	4	4	0	4	0	1	3	3	0	5	4	1	2	3	1	2	1	0	0	0	0	2	0	3	0
G[Del(T):R2]G	2	1	0	10	14	3	1	0	8	1	3	0	0	0	1	19	6	0	2	2	0	0	1	15	0	0	2	0	2	1	2	0	0	0	10	2	2	0	9	0	1	5	11	0	2	6	0	0	1	0	0	0	2	2	3	2	0	10	1	1	1	0	16	1	1	15	5	2	2	1	1	9	1	1	1	1	1	0	0	9	15	0	0	7	0	7	9	8	0	1	3	1	3	7	0	1	3	1	0	1	2	2	1	2	2	7	1	11	1	1	5	3	1	1	2	7	4	13	0	6	3	1	16	2	2	2	68	5	12	0	6	0	1	0	4	0	1	36	0	3	11	7	2	1	0	5	0	3	2	0	2	3	0	0	1	0	0	5	2	16	9	0	4	23	1	4	4	3	12	1	3	2	5	4	12	1	0	1	15	10	1	1	14	0	1	2	10	7	6	7	0	1	1	4	4	12	8	2	0	5	1	2	1	0	3	2	5	0	0	2	6	4	0	24	0	0	2	1	1	1	2	3	4	15	5	31	1	2	1	0	6	3	6	1	0	15	2	5	8	2	3	1	1	2	3	12	6	6	2	1	5	0	1	1	4	0	6	1	10	2	5	0
G[Del(T):R3]A	6	0	0	2	22	0	4	0	16	1	5	0	0	2	0	8	3	0	1	2	0	0	3	4	3	0	6	0	4	12	20	0	2	2	37	0	4	0	27	0	4	0	4	3	7	347	0	7	1	0	1	0	1	4	0	9	1	14	1	0	0	0	2	0	4	43	9	4	4	4	0	3	6	3	4	1	0	0	1	8	7	4	91	5	1	3	8	33	2	2	14	2	3	1	3	2	1	2	0	0	11	4	5	4	5	32	2	31	2	1	3	137	1	6	0	4	12	5	0	20	3	2	31	2	2	1	201	16	12	1	8	1	0	0	0	0	1	4	2	12	10	11	3	0	2	3	5	0	1	1	1	68	1	1	5	2	3	8	24	6	15	1	8	25	0	5	2	4	4	1	3	3	4	0	19	0	2	9	15	3	1	1	2	1	3	0	32	4	2	17	1	1	2	2	3	20	3	12	1	7	1	0	1	0	1	4	3	3	0	2	12	1	1	11	0	1	6	3	0	2	1	2	4	40	11	11	0	12	0	0	9	4	10	2	1	26	1	2	13	3	2	0	2	3	5	5	16	5	1	3	5	1	0	0	3	0	8	0	6	3	3	0
G[Del(T):R3]C	13	0	0	2	41	1	2	0	13	2	4	1	1	0	0	6	2	0	1	1	2	2	2	1	2	0	4	0	1	27	23	0	3	1	71	2	4	0	25	0	3	3	2	5	3	448	0	15	3	0	1	1	1	5	1	3	2	6	0	2	0	0	8	0	2	65	20	4	1	1	0	7	3	1	0	1	1	2	0	4	3	1	75	1	3	5	9	47	4	0	11	1	4	3	2	3	4	0	0	2	6	2	6	5	4	39	0	28	2	2	1	228	1	0	2	1	12	7	0	29	5	0	27	0	0	1	1332	16	6	0	12	0	0	0	1	1	0	2	0	15	9	8	4	0	1	0	2	1	0	1	0	46	2	1	10	3	0	10	13	1	3	1	17	39	1	4	5	0	5	1	3	4	4	1	28	1	0	4	24	4	0	0	3	2	5	0	39	4	1	7	2	1	2	2	1	35	7	2	0	16	1	1	2	0	1	1	3	2	0	3	2	1	1	10	0	0	5	3	0	1	2	7	2	43	22	12	1	14	0	0	11	2	23	0	0	40	2	3	28	1	6	0	2	3	7	1	24	4	3	1	4	2	3	1	5	0	0	1	3	0	0	0
G[Del(T):R3]G	4	0	0	2	28	1	0	0	8	0	2	0	0	0	1	8	3	0	2	1	1	1	5	9	1	0	5	0	1	8	15	0	2	2	49	0	3	0	12	0	2	3	6	4	3	259	0	6	0	0	2	0	2	7	2	3	1	11	1	1	0	0	4	0	2	41	7	7	1	1	3	6	4	3	2	2	0	0	0	6	7	2	51	4	1	4	5	40	3	0	12	4	4	4	2	1	0	2	0	1	13	2	13	4	6	49	0	31	2	2	2	71	1	1	3	0	8	4	2	29	4	1	35	0	1	3	318	14	7	0	7	1	1	0	3	0	0	14	0	7	10	8	0	0	0	3	2	0	0	1	1	25	1	0	7	0	0	9	8	5	11	2	5	35	0	2	3	1	12	1	2	5	5	0	19	2	0	4	15	2	0	8	3	0	8	1	32	8	7	26	3	1	1	3	5	27	3	6	0	19	0	1	2	0	1	0	5	4	0	1	0	1	5	12	0	0	9	4	2	1	1	5	3	32	21	22	2	12	1	0	18	7	14	0	0	31	0	2	12	1	1	2	3	4	5	11	18	9	2	2	1	0	3	2	3	0	3	2	2	7	0	1
G[Del(T):R4]A	65	1	0	5	146	2	7	1	10	0	3	0	0	3	0	5	1	0	3	3	2	3	11	5	4	0	3	0	4	26	68	0	1	1	273	2	6	0	45	0	9	3	8	1	10	1303	0	19	0	0	1	3	0	32	4	11	7	6	0	0	0	2	8	3	1	203	54	4	6	2	1	8	23	3	4	3	1	4	1	4	13	1	122	4	2	7	7	207	1	1	63	7	4	6	8	2	4	3	0	1	93	2	39	10	6	172	0	184	0	2	2	1035	2	8	1	5	52	1	0	190	13	0	183	4	0	4	1903	8	30	0	9	0	2	0	3	2	2	8	1	48	3	11	1	0	3	6	1	0	1	1	1	94	3	3	30	0	0	46	36	6	9	1	12	248	1	5	2	8	13	1	2	0	6	1	118	4	1	9	46	3	1	6	6	2	8	0	153	26	4	82	0	3	6	2	6	150	4	7	3	63	3	0	1	3	2	3	5	12	0	0	0	2	1	13	1	1	22	1	0	1	5	3	1	135	107	13	0	33	0	1	39	4	92	1	1	172	0	7	49	2	6	0	4	9	4	8	31	3	7	0	2	1	3	0	12	0	3	1	8	5	6	4
G[Del(T):R4]C	65	0	0	5	121	1	2	0	11	0	2	1	1	1	0	3	0	0	2	3	1	1	6	3	0	0	1	0	3	31	54	0	1	1	219	1	0	0	22	0	6	1	5	2	6	671	0	17	2	0	0	0	2	19	1	6	3	19	1	2	0	0	8	1	1	176	49	1	2	4	1	6	22	1	1	0	0	4	0	5	6	3	71	3	1	7	4	200	4	2	39	2	2	4	1	0	3	1	0	1	72	1	45	4	7	157	0	171	1	2	1	535	0	0	3	0	45	4	1	150	5	1	171	2	1	3	1305	5	6	0	5	1	1	0	0	1	1	6	2	28	5	10	0	0	2	2	4	0	0	0	1	68	2	0	17	0	0	41	25	4	9	3	11	225	0	8	3	4	1	0	2	1	9	4	99	1	0	3	35	4	0	5	7	0	2	0	144	12	6	48	2	0	4	1	3	117	5	8	2	65	1	0	3	0	2	3	2	4	0	4	3	3	1	5	0	1	30	1	0	1	2	3	1	128	94	9	2	42	0	1	41	3	72	0	0	152	1	6	39	3	3	1	4	6	5	1	39	2	2	3	3	0	4	0	2	0	1	0	2	3	5	1
G[Del(T):R4]G	73	1	0	6	117	2	0	1	11	1	1	1	0	2	0	10	4	0	3	1	2	2	5	8	2	0	0	0	2	10	63	0	2	1	206	0	3	0	24	0	5	4	12	0	3	633	0	11	0	0	3	2	2	19	5	4	1	12	2	0	0	0	11	3	1	181	64	3	4	2	0	6	37	5	2	1	0	2	0	4	14	2	47	11	1	4	6	200	2	2	40	4	5	7	5	2	6	2	0	5	80	2	51	5	2	169	1	154	2	2	2	458	3	2	2	3	40	3	1	142	3	2	148	5	3	5	2077	7	7	0	2	2	2	1	0	0	2	14	1	33	4	18	0	3	6	5	6	0	2	0	0	41	4	1	8	1	0	34	16	11	19	3	5	240	1	6	1	4	6	0	2	3	12	0	87	4	0	3	30	6	1	2	6	1	8	0	142	22	6	71	0	3	2	1	4	112	5	9	6	53	2	0	1	2	2	1	4	6	1	0	5	3	4	14	0	0	19	2	1	3	3	7	3	114	90	28	1	36	0	1	34	5	72	0	0	165	1	6	37	4	5	0	3	3	4	14	30	1	1	1	3	0	3	2	15	0	6	1	3	2	3	4
G[Del(T):R5]A	142	1	0	7	320	1	5	0	3	2	1	0	0	4	0	3	0	0	1	2	4	1	9	4	1	0	2	0	0	37	209	0	2	0	652	2	1	0	50	0	10	0	7	3	4	2005	2	35	3	0	2	0	1	95	8	17	11	16	2	1	0	0	6	1	6	545	157	4	1	1	2	6	82	2	8	5	1	5	1	2	10	0	147	2	6	15	6	552	3	0	113	2	1	2	13	4	4	3	0	1	231	3	130	8	4	489	3	513	7	0	3	1810	0	7	2	1	174	2	1	410	11	0	505	3	1	6	3833	11	14	0	5	0	2	1	2	0	0	7	1	104	4	14	2	3	8	3	2	1	1	0	3	137	7	2	40	0	3	102	45	8	11	0	16	774	2	6	2	5	6	0	4	5	3	3	360	1	0	2	91	8	0	12	5	2	2	0	460	62	0	176	2	3	5	4	6	488	3	6	4	207	1	1	0	1	2	0	2	27	0	4	5	2	3	7	0	1	55	1	0	4	3	6	3	369	242	5	2	95	0	4	95	3	222	0	0	386	1	10	74	5	6	0	2	8	5	6	65	1	6	1	3	1	4	5	22	1	1	1	2	1	3	3
G[Del(T):R5]C	132	0	0	5	278	0	1	0	3	0	1	0	0	2	0	3	1	0	1	0	1	2	15	4	1	0	3	0	1	30	117	0	0	1	439	0	1	0	33	0	9	1	7	2	3	619	2	20	2	0	2	0	1	50	5	8	6	9	2	0	0	0	3	1	5	344	82	3	2	0	1	5	70	0	2	4	2	2	1	5	3	0	61	4	4	14	6	409	0	0	91	3	1	7	6	6	5	0	0	3	152	2	75	5	2	305	1	342	2	1	3	518	1	3	0	2	101	1	0	279	13	0	357	3	0	0	2109	0	3	0	5	1	0	0	1	1	0	5	1	106	5	4	1	2	6	2	1	0	0	0	4	59	5	3	10	3	0	84	26	4	5	0	13	465	0	6	2	3	6	0	3	1	6	1	216	5	1	1	54	3	0	13	2	0	3	1	287	54	4	145	0	2	2	3	2	282	3	7	4	141	1	0	3	2	4	2	1	18	0	1	3	0	2	7	0	1	40	3	1	2	2	1	1	238	191	1	0	72	0	2	64	2	160	1	1	305	0	12	83	2	3	2	0	5	1	1	71	1	2	3	3	0	2	0	16	0	1	1	2	0	2	0
G[Del(T):R5]G	148	1	0	4	207	1	1	0	3	0	4	0	0	4	0	6	0	0	0	1	3	3	16	8	4	0	4	0	1	24	169	0	2	0	408	5	5	0	28	0	9	2	6	1	4	811	2	10	2	0	1	1	1	75	4	4	2	17	2	0	0	0	6	2	3	404	139	1	2	9	3	4	106	0	5	5	1	2	0	1	16	0	54	7	5	15	3	472	1	5	88	7	0	3	7	5	7	3	0	2	280	0	120	5	5	448	1	462	3	3	1	724	0	1	1	1	153	0	1	453	7	1	462	1	1	3	1363	4	5	0	1	1	0	0	0	1	0	10	1	127	0	8	0	1	7	8	2	2	0	1	4	60	9	1	4	0	0	91	11	9	14	3	7	620	2	6	0	1	9	2	3	1	10	0	224	2	0	0	53	7	0	4	4	1	9	0	311	34	4	218	1	0	3	0	7	227	1	12	2	155	1	2	1	1	1	1	6	20	1	5	4	2	1	10	1	1	66	2	1	3	1	3	4	273	212	16	1	65	0	1	105	3	177	1	0	297	2	13	41	7	5	1	5	7	3	7	47	3	1	3	2	1	3	6	13	0	5	0	4	1	6	1
G[Del(T):R6]A	268	2	0	9	509	1	1	0	4	0	0	0	0	0	0	5	1	0	2	1	4	3	10	4	3	0	0	0	2	38	277	0	3	0	906	0	2	0	44	0	5	3	4	1	6	1382	1	20	2	0	2	0	1	132	6	7	11	8	1	0	0	0	7	0	0	716	234	0	3	3	2	3	114	1	3	4	0	1	0	0	4	1	80	1	11	24	4	794	0	1	169	0	3	0	10	3	3	0	1	0	432	3	250	1	2	715	0	788	7	3	2	1424	2	3	1	1	251	0	0	743	7	1	830	6	0	4	3675	4	6	0	0	5	0	0	1	0	0	9	2	261	1	6	0	1	11	1	0	0	1	0	1	133	9	0	28	2	0	139	51	2	5	0	12	1023	2	3	0	2	6	2	0	1	3	0	535	5	1	0	140	11	0	20	1	0	0	0	702	91	0	301	1	1	9	0	0	695	1	4	6	342	2	0	1	0	1	1	0	42	0	2	4	0	0	1	0	0	112	2	3	1	1	2	3	513	396	9	1	146	1	1	162	2	317	4	0	637	0	14	82	2	3	0	1	1	1	3	79	0	3	3	1	1	1	3	15	0	3	0	3	1	9	0
G[Del(T):R6]C	140	1	0	3	259	0	0	2	1	1	0	0	0	1	1	2	1	0	0	0	1	2	18	2	0	0	3	0	1	31	141	0	0	0	563	0	0	0	27	0	5	2	1	0	1	542	0	17	2	0	2	0	1	52	12	10	5	7	0	1	0	0	10	1	0	391	122	1	0	1	1	6	98	2	5	1	0	1	0	0	4	0	60	2	7	23	1	376	0	0	98	1	1	1	9	1	3	3	0	1	215	1	109	3	3	384	1	388	2	2	2	579	1	4	1	2	121	0	0	365	6	0	419	2	2	0	1946	2	3	0	2	0	2	0	2	0	0	4	0	247	1	3	0	2	8	7	1	1	2	0	1	55	11	1	9	0	1	66	25	4	9	0	10	476	1	9	2	3	7	0	0	4	3	1	200	5	0	0	76	4	0	8	3	0	3	1	303	64	2	247	0	0	2	0	4	301	1	1	3	120	0	1	1	1	1	4	2	28	0	2	3	2	0	3	0	1	61	1	0	2	1	1	0	229	219	7	0	99	0	4	86	0	145	0	2	282	1	12	52	3	2	1	1	3	0	4	112	0	0	2	0	1	2	6	13	0	2	0	0	1	5	0
G[Del(T):R6]G	134	0	1	7	238	1	1	2	3	1	2	0	0	2	0	1	1	0	0	1	3	2	10	4	3	0	0	0	1	27	155	0	3	2	549	2	1	0	31	0	10	1	4	0	3	953	0	20	0	0	4	0	0	60	9	12	6	5	1	0	0	0	6	2	2	410	104	0	2	1	0	6	66	0	1	3	0	2	1	0	5	1	56	1	10	9	3	414	0	1	97	1	0	0	8	6	2	0	0	3	201	0	123	3	0	386	1	375	6	4	0	921	1	3	0	1	144	0	1	372	5	0	445	1	1	4	2700	6	4	1	0	1	3	0	1	0	0	6	1	184	1	12	1	6	6	4	1	1	0	0	1	85	7	0	12	1	0	58	29	6	9	1	9	538	2	6	3	1	5	0	0	0	3	2	241	6	1	0	68	7	0	8	4	1	3	1	339	57	3	198	0	0	4	3	3	313	1	3	0	164	0	2	0	1	0	1	1	24	0	0	6	3	3	4	0	1	68	1	0	5	2	2	2	252	222	2	1	84	0	1	94	0	151	1	0	315	2	9	57	2	2	2	2	2	2	6	99	3	1	0	2	0	1	1	14	0	2	0	0	2	10	2
G[Del(T):R7]A	438	2	0	13	805	1	0	1	0	0	0	0	0	5	0	0	0	0	0	0	2	3	31	1	0	0	0	0	2	64	410	0	10	4	1611	0	0	0	49	0	11	0	1	0	1	1014	0	32	0	0	3	0	3	127	17	11	12	3	0	1	0	0	10	0	1	1297	368	1	0	0	0	4	224	1	1	10	0	0	0	0	2	2	79	5	19	25	5	1225	1	3	262	1	0	0	10	5	6	0	1	0	789	1	383	1	2	1169	1	1233	8	2	2	1030	1	7	2	2	435	0	0	1309	13	0	1442	4	0	2	4419	3	3	0	1	1	2	1	3	1	1	0	1	682	1	5	1	0	24	4	0	0	0	1	1	152	23	1	42	0	0	214	50	4	9	1	26	1468	3	13	1	3	0	1	0	2	1	1	691	9	2	1	251	17	0	20	2	0	2	0	1058	158	1	582	3	0	4	2	2	965	1	6	1	498	0	2	0	1	4	1	3	71	0	1	3	4	2	4	0	1	162	0	0	4	2	0	2	771	796	6	0	250	0	2	278	1	501	0	0	933	0	20	133	3	3	1	1	2	1	5	131	1	4	1	0	1	4	8	18	0	3	1	3	1	11	0
G[Del(T):R7]C	420	1	0	17	719	1	1	1	2	2	3	0	0	2	1	2	0	0	0	1	5	3	46	1	0	0	1	0	2	52	427	0	8	0	1573	0	0	0	32	0	20	1	4	0	2	796	0	19	0	0	1	0	3	113	11	12	6	7	1	0	0	1	16	0	0	1250	368	1	3	0	0	3	289	1	2	4	0	2	3	0	7	3	66	1	19	28	5	1032	2	5	305	0	2	3	18	5	8	1	0	0	698	0	407	0	3	925	4	1058	8	2	2	807	2	5	0	3	349	0	0	1157	8	0	1298	1	0	1	4425	0	3	0	1	0	0	0	1	0	1	2	3	960	1	6	1	1	18	1	1	0	3	0	0	120	27	1	21	3	1	183	32	3	6	2	16	1278	1	12	1	2	4	0	0	3	5	1	564	5	1	1	219	18	0	29	5	0	3	0	821	140	1	568	1	0	7	2	4	787	2	8	2	346	0	2	0	2	4	1	3	90	0	1	6	7	1	2	1	0	168	1	2	6	1	2	2	661	810	7	1	212	0	4	256	2	393	2	0	814	1	14	181	3	1	2	1	3	1	4	186	0	2	3	2	0	0	3	35	0	0	2	0	0	12	3
G[Del(T):R7]G	505	0	0	5	666	0	0	1	0	1	1	0	0	3	0	1	0	0	0	2	3	4	25	3	2	0	1	0	0	23	410	0	6	1	1449	1	1	0	28	0	11	0	3	0	0	1216	2	25	0	0	1	0	2	123	5	11	12	5	0	0	0	0	8	1	0	1176	401	0	4	0	1	3	228	3	0	7	0	0	1	0	3	2	58	2	17	30	1	1134	1	1	265	3	4	0	9	4	2	1	0	1	852	0	420	3	0	1098	1	1172	10	3	1	1122	2	7	1	1	450	0	0	1349	3	0	1433	2	3	2	4562	2	0	0	0	0	1	0	2	1	0	3	2	844	0	4	0	6	16	2	1	1	0	1	1	82	16	1	26	1	2	220	24	5	6	0	13	1265	3	16	0	0	5	0	1	2	6	0	593	6	0	0	210	6	0	28	2	0	1	0	919	130	1	633	2	0	6	1	0	772	1	2	2	427	0	1	0	0	5	1	0	61	0	4	6	5	0	4	0	0	170	1	2	7	0	0	1	680	730	2	1	248	2	1	292	5	411	1	0	871	0	16	82	3	4	1	0	3	3	3	205	0	1	1	1	1	2	7	16	0	1	0	3	0	6	1
G[Del(T):R8]A	849	0	0	15	1110	0	2	0	1	1	0	0	0	5	0	1	1	0	0	0	2	6	71	2	1	0	0	0	1	116	670	0	12	2	1771	0	1	0	55	0	33	0	2	0	4	1069	3	54	0	0	6	1	3	46	13	17	26	1	0	0	0	0	14	0	3	1860	653	0	1	0	0	2	404	1	6	10	0	3	1	0	1	1	60	0	32	30	3	1917	0	2	462	0	3	2	17	1	8	1	0	0	1341	2	665	0	0	1625	1	1715	11	3	1	1034	0	5	1	0	701	0	0	1919	0	1	2390	3	0	3	5316	1	4	0	0	0	0	0	3	3	1	0	2	1052	1	6	0	3	54	0	1	0	0	0	0	296	30	1	35	2	0	360	57	6	13	2	34	2074	5	25	0	1	2	1	1	5	3	1	987	10	0	0	405	25	0	39	5	0	0	0	1712	274	1	1030	4	1	13	3	1	1610	0	3	1	892	0	0	0	2	7	0	1	126	0	4	4	15	1	5	0	0	281	0	3	10	0	4	0	1364	1399	2	0	484	1	5	465	0	793	0	0	1675	1	37	199	2	2	1	0	0	1	4	193	0	1	4	4	2	2	12	45	0	3	0	1	1	9	5
G[Del(T):R8]C	560	3	0	9	810	0	0	0	0	1	2	1	0	3	1	0	0	0	0	0	2	4	46	0	2	0	0	0	1	42	505	0	7	1	1384	0	0	0	30	0	23	0	1	1	2	626	1	19	0	0	0	0	1	41	17	11	8	2	0	1	0	0	14	0	0	1326	458	1	2	1	1	1	345	0	6	8	0	1	1	0	7	3	35	4	23	25	3	1281	1	0	288	0	1	3	15	10	10	1	0	0	831	0	429	1	0	1120	2	1137	14	3	5	598	0	5	3	1	407	0	0	1294	0	0	1558	4	0	3	4678	2	2	0	0	1	1	1	2	3	1	0	0	1110	1	6	1	4	46	0	0	0	0	0	2	128	23	0	17	1	0	264	37	2	9	3	17	1319	5	27	0	1	1	0	2	3	0	0	657	14	0	0	274	17	0	39	3	0	0	1	1092	183	1	749	4	0	6	1	2	1102	1	2	2	503	0	0	0	0	1	1	0	91	0	3	10	7	2	1	0	0	209	4	3	15	1	1	0	837	917	5	4	334	1	5	319	3	522	1	1	1014	1	41	207	11	2	0	2	0	0	1	256	1	1	3	1	0	4	5	28	0	0	0	0	0	10	1
G[Del(T):R8]G	670	0	0	6	720	0	1	0	0	1	1	0	0	4	0	0	0	0	1	0	1	9	43	1	0	0	0	0	2	26	566	0	3	0	1296	1	1	0	15	0	23	0	0	1	2	665	1	15	0	0	1	0	1	38	15	2	3	4	0	0	0	0	9	1	0	1471	621	0	1	2	0	1	326	1	0	10	0	0	1	0	2	1	25	0	17	22	2	1415	0	0	333	0	0	0	12	0	12	0	0	0	1152	0	543	0	0	1470	2	1324	11	2	0	715	0	4	0	0	560	0	0	1675	0	0	1995	4	0	1	3934	0	4	0	0	0	1	0	3	3	1	2	2	950	0	2	0	11	34	0	0	0	1	0	0	56	26	0	17	3	0	279	25	4	8	1	12	1643	1	9	1	3	1	0	0	2	0	1	690	11	0	0	314	16	0	31	5	0	2	1	1296	203	1	924	2	1	4	1	3	926	3	2	1	635	0	0	1	2	3	1	0	131	0	1	6	5	0	0	1	0	270	1	2	11	0	1	1	961	1183	5	0	362	0	4	436	2	582	0	0	1311	0	21	109	11	6	0	1	1	0	1	213	2	2	4	2	0	4	4	23	0	1	0	1	0	15	0
G[Del(T):R(9,)]A	0	0	0	0	0	0	0	0	0	0	0	0	0	0	0	0	0	0	0	0	0	0	0	0	0	0	0	0	0	0	0	0	0	0	0	0	0	0	0	0	0	0	0	0	0	0	0	0	0	0	0	0	0	0	0	0	0	0	0	0	0	0	0	0	0	0	0	0	0	0	0	0	0	0	0	0	0	0	0	0	0	0	0	0	0	0	0	0	0	0	0	0	0	0	0	0	0	0	0	0	0	0	0	0	0	0	0	0	0	0	0	0	0	0	0	0	0	0	0	0	0	0	0	0	0	0	0	0	0	0	0	0	0	0	0	0	0	0	0	0	0	0	0	0	0	0	0	0	0	0	0	0	0	0	0	0	0	0	0	0	0	0	0	0	0	0	0	0	0	0	0	0	0	0	0	0	0	0	0	0	0	0	0	0	0	0	0	0	0	0	0	0	0	0	0	0	0	0	0	0	0	0	0	0	0	0	0	0	0	0	0	0	0	0	0	0	0	0	0	0	0	0	0	0	0	0	0	0	0	0	0	0	0	0	0	0	0	0	0	0	0	0	0	0	0	0	0	0	0	0	0	0	0	0	0	0	0	0	0	0	0	0
G[Del(T):R(9,)]C	0	0	0	0	0	0	0	0	0	0	0	0	0	0	0	0	0	0	0	0	0	0	0	0	0	0	0	0	0	0	0	0	0	0	0	0	0	0	0	0	0	0	0	0	0	0	0	0	0	0	0	0	0	0	0	0	0	0	0	0	0	0	0	0	0	0	0	0	0	0	0	0	0	0	0	0	0	0	0	0	0	0	0	0	0	0	0	0	0	0	0	0	0	0	0	0	0	0	0	0	0	0	0	0	0	0	0	0	0	0	0	0	0	0	0	0	0	0	0	0	0	0	0	0	0	0	0	0	0	0	0	0	0	0	0	0	0	0	0	0	0	0	0	0	0	0	0	0	0	0	0	0	0	0	0	0	0	0	0	0	0	0	0	0	0	0	0	0	0	0	0	0	0	0	0	0	0	0	0	0	0	0	0	0	0	0	0	0	0	0	0	0	0	0	0	0	0	0	0	0	0	0	0	0	0	0	0	0	0	0	0	0	0	0	0	0	0	0	0	0	0	0	0	0	0	0	0	0	0	0	0	0	0	0	0	0	0	0	0	0	0	0	0	0	0	0	0	0	0	0	0	0	0	0	0	0	0	0	0	0	0	0
G[Del(T):R(9,)]G	0	0	0	0	0	0	0	0	0	0	0	0	0	0	0	0	0	0	0	0	0	0	0	0	0	0	0	0	0	0	0	0	0	0	0	0	0	0	0	0	0	0	0	0	0	0	0	0	0	0	0	0	0	0	0	0	0	0	0	0	0	0	0	0	0	0	0	0	0	0	0	0	0	0	0	0	0	0	0	0	0	0	0	0	0	0	0	0	0	0	0	0	0	0	0	0	0	0	0	0	0	0	0	0	0	0	0	0	0	0	0	0	0	0	0	0	0	0	0	0	0	0	0	0	0	0	0	0	0	0	0	0	0	0	0	0	0	0	0	0	0	0	0	0	0	0	0	0	0	0	0	0	0	0	0	0	0	0	0	0	0	0	0	0	0	0	0	0	0	0	0	0	0	0	0	0	0	0	0	0	0	0	0	0	0	0	0	0	0	0	0	0	0	0	0	0	0	0	0	0	0	0	0	0	0	0	0	0	0	0	0	0	0	0	0	0	0	0	0	0	0	0	0	0	0	0	0	0	0	0	0	0	0	0	0	0	0	0	0	0	0	0	0	0	0	0	0	0	0	0	0	0	0	0	0	0	0	0	0	0	0	0
A[Ins(C):R0]A	9	2	0	486	52	2	5	0	2	3	0	11	0	0	0	4	0	0	0	0	6	12	16	6	3	0	0	0	2	388	25	0	94	0	22	0	1	0	935	0	37	0	10	0	2	14	1	273	0	0	4	0	1	0	13	430	69	48	1	0	0	0	111	1	7	136	7	3	4	0	0	1	24	0	6	7	1	1	0	0	6	0	543	2	0	47	2	36	1	5	0	2	0	1	6	6	26	2	0	0	13	2	8	2	2	29	2	28	9	0	1	9	1	72	2	5	9	0	0	23	1	3	62	4	1	823	90	4	33	0	1	1	2	1	2	1	2	3	30	80	2	2	3	23	12	3	4	0	0	2	1	557	19	0	48	0	0	6	61	1092	6	2	348	39	3	31	4	3	7	0	0	0	2	0	25	15	0	7	71	39	0	30	17	3	4	0	38	6	6	41	6	0	8	18	1	78	1	0	2	16	3	1	2	3	0	5	3	11	1	2	143	24	6	6	1	1	9	6	2	12	10	0	0	117	26	7	2	39	0	1	10	9	21	1	0	121	0	31	21	5	3	0	2	3	1	3	158	7	2	1	0	1	0	17	8	2	2	4	2	29	23	0
A[Ins(C):R0]G	0	0	0	12	3	0	1	0	1	0	0	1	1	0	3	3	0	0	0	0	1	0	0	0	1	0	1	0	0	4	0	0	1	0	1	0	0	0	5	0	1	0	2	0	0	1	1	2	0	0	0	0	0	0	0	3	0	4	0	0	0	0	4	0	1	18	0	0	0	0	0	0	0	0	2	0	0	0	0	0	0	0	3	0	0	2	0	0	0	2	0	0	0	1	0	0	0	0	0	0	0	0	0	1	1	0	0	0	0	0	0	0	0	1	0	2	0	0	0	2	0	0	4	1	0	21	5	1	3	0	0	1	1	3	0	0	0	6	4	6	1	0	0	0	0	0	0	0	0	0	0	2	0	0	9	1	0	1	3	47	2	0	4	1	0	0	0	1	6	0	0	0	2	0	1	1	0	0	10	1	0	0	1	0	0	0	1	0	1	1	0	0	0	1	2	3	0	0	1	0	0	0	1	0	0	0	2	0	0	0	8	1	1	1	2	0	0	0	0	2	0	0	1	9	0	8	0	2	1	0	2	0	1	0	0	8	0	1	0	0	1	0	2	0	0	5	12	2	1	0	1	0	1	0	0	0	1	3	1	0	2	0
A[Ins(C):R0]T	1	0	0	303	18	0	2	0	0	0	0	8	0	0	0	6	0	0	0	0	3	5	0	5	0	0	1	0	0	8	1	0	4	1	2	0	0	0	141	0	12	0	6	0	2	6	0	7	1	0	1	0	0	0	4	15	3	25	0	0	0	0	41	0	3	45	0	1	0	0	0	4	4	0	0	4	0	0	0	0	5	0	33	2	0	12	0	4	1	3	0	0	0	2	0	0	8	0	0	0	0	1	0	0	1	5	0	9	7	1	1	0	0	4	0	0	0	0	1	3	0	0	16	0	1	623	6	0	6	1	1	1	2	0	0	1	0	7	11	22	0	0	3	11	4	3	1	0	2	0	0	45	8	0	29	0	0	0	24	765	2	2	16	7	1	5	1	1	8	0	1	0	9	1	9	5	1	2	15	8	0	10	13	0	0	1	5	1	5	6	0	2	0	9	2	9	3	3	1	1	3	1	3	2	0	1	2	6	0	0	122	15	0	6	0	0	2	1	1	4	6	0	4	65	3	20	0	10	1	0	1	1	3	2	0	34	0	7	1	0	1	0	1	2	1	5	45	4	1	0	0	0	2	10	3	0	3	1	0	35	13	0
A[Ins(C):R1]A	1	2	0	18	2	0	2	0	3	2	1	1	0	0	0	5	0	0	0	0	2	0	6	5	1	0	0	0	1	5	5	0	1	0	2	0	0	0	20	0	2	1	3	0	0	2	224	7	1	0	0	0	0	0	0	2	2	2	1	0	0	0	1	0	0	6	3	1	2	2	0	3	16	0	0	1	1	1	0	3	3	1	8	0	1	2	3	7	0	2	3	0	0	1	0	1	1	0	0	0	3	1	1	2	2	6	1	0	2	0	1	6	0	1	0	0	2	1	1	2	0	1	8	1	1	19	21	2	7	2	4	2	1	0	2	0	0	7	1	49	2	0	0	0	11	0	1	2	0	1	2	9	0	0	9	1	1	1	16	16	2	1	6	8	0	4	0	3	3	0	2	1	0	0	6	0	0	1	12	2	0	1	1	1	1	0	6	6	3	4	1	0	0	1	2	13	1	3	2	4	1	1	1	3	0	0	4	1	1	1	7	1	1	2	1	0	2	1	1	1	0	1	0	11	9	4	0	3	0	1	8	2	1	1	0	4	0	1	1	1	2	0	1	1	0	7	19	0	1	0	1	0	1	3	1	0	4	0	1	4	5	0
A[Ins(C):R1]G	0	0	0	1	0	0	0	2	0	0	0	0	0	0	0	1	0	0	0	0	0	0	0	3	0	0	0	0	0	0	0	0	0	0	0	0	0	0	0	0	0	0	3	0	0	0	33	0	0	0	0	0	0	0	0	0	0	0	0	0	0	0	0	0	0	0	2	0	1	0	0	0	0	0	1	0	0	0	0	0	3	0	0	0	0	0	0	0	0	0	0	0	0	1	0	0	0	0	0	0	0	0	0	0	0	0	0	0	0	0	0	0	0	1	0	1	0	0	0	0	0	0	1	1	0	4	1	0	0	0	0	0	0	1	0	0	0	1	0	5	1	0	0	1	0	0	0	0	0	0	0	0	0	1	0	0	0	0	2	0	0	0	0	0	0	0	0	0	2	0	0	0	1	0	0	0	0	0	1	0	0	0	0	0	0	0	2	0	0	1	0	0	0	1	0	0	0	0	0	0	0	0	0	0	0	0	0	0	0	0	2	0	0	0	0	1	0	0	0	0	0	1	1	0	2	0	0	2	0	0	1	0	0	0	0	1	0	0	0	1	0	0	0	2	0	2	1	1	0	0	0	0	0	0	0	0	0	0	0	0	1	0
A[Ins(C):R1]T	1	0	0	6	0	0	0	0	4	0	1	0	0	0	0	2	0	0	0	1	1	2	2	1	0	0	0	0	0	0	1	0	0	0	1	0	0	0	9	0	3	0	3	0	1	3	199	5	0	0	0	0	0	0	2	4	3	2	0	0	0	0	2	0	0	6	2	0	0	0	0	2	4	0	0	0	1	0	0	2	4	0	9	1	0	2	0	1	0	0	0	3	0	1	1	0	1	1	0	0	1	0	1	1	0	1	0	3	2	0	0	4	0	1	0	1	1	0	0	4	0	0	3	0	0	14	7	0	2	0	3	0	0	0	0	0	0	0	0	33	2	1	1	0	2	1	1	3	0	1	1	7	1	0	6	0	1	2	11	21	0	0	1	2	3	1	2	0	3	2	1	1	0	0	1	0	1	0	8	2	0	1	1	0	1	0	0	1	3	3	2	1	0	1	0	7	0	1	0	0	0	1	1	0	0	0	2	1	0	0	9	2	1	6	1	0	0	1	0	0	0	0	1	2	1	6	0	4	0	0	1	0	2	0	1	4	0	1	4	0	0	0	0	0	0	2	8	1	0	1	0	0	0	0	1	0	0	0	2	0	1	0
A[Ins(C):R2]A	0	0	0	3	3	1	1	1	3	0	0	0	0	0	1	4	0	0	0	0	0	1	1	1	0	0	0	0	1	0	3	0	1	0	2	0	0	0	5	0	0	0	1	1	0	5	86	0	0	0	0	0	0	0	0	0	0	0	0	0	0	0	2	1	0	8	2	2	0	1	0	1	3	0	1	1	1	0	0	0	2	0	3	1	0	0	2	2	0	0	2	0	0	0	0	0	0	0	0	0	2	0	0	1	0	4	0	3	0	0	0	1	1	0	0	0	2	0	1	0	0	2	1	0	2	5	13	1	5	0	1	0	0	0	0	0	0	5	0	20	0	0	0	0	1	2	1	11	0	0	1	3	0	0	8	0	0	0	6	2	1	0	1	5	0	1	0	1	2	0	1	0	1	0	3	0	1	0	2	1	0	0	0	0	1	0	2	1	2	2	2	1	1	0	1	3	1	1	0	1	0	0	0	0	0	0	2	2	0	0	0	0	0	4	1	0	2	1	0	1	1	0	2	4	2	8	0	2	0	1	2	1	1	0	0	4	0	0	1	0	2	0	1	1	2	6	16	0	0	1	0	0	0	1	0	0	0	0	0	0	0	0
A[Ins(C):R2]G	0	0	0	0	0	0	0	0	0	0	0	0	0	0	0	1	0	0	0	0	0	0	1	1	1	0	0	0	0	0	0	0	0	0	1	0	0	0	0	0	0	0	0	0	0	2	8	0	0	0	0	0	0	0	0	0	0	0	0	0	0	0	0	0	0	0	0	0	0	0	0	1	3	0	1	0	0	0	0	0	2	0	0	1	0	0	0	0	0	0	1	0	0	1	1	0	0	0	0	0	0	0	0	0	0	0	0	1	0	0	0	1	0	0	0	1	0	0	0	1	0	0	0	0	0	0	0	0	0	0	0	0	1	0	0	0	0	1	0	3	0	0	0	0	1	0	0	7	0	0	1	0	0	0	0	0	0	0	1	0	0	0	0	1	0	0	1	0	1	0	0	0	0	0	0	0	0	0	1	0	0	0	0	0	0	0	1	1	0	2	0	0	1	0	1	1	0	0	0	1	0	0	0	0	0	0	0	0	0	1	0	0	0	1	0	0	0	0	0	0	0	0	1	2	1	1	0	1	0	0	1	0	1	0	0	1	0	0	0	0	1	0	0	0	1	2	2	2	0	0	0	0	0	0	0	0	1	0	0	0	0	0
A[Ins(C):R2]T	0	0	0	0	0	0	1	1	2	0	0	0	0	0	1	2	0	0	0	0	0	0	2	5	0	0	0	0	1	0	1	0	1	0	2	0	0	0	5	0	0	0	2	0	0	0	103	0	0	0	0	0	0	0	0	1	0	0	0	0	0	0	1	0	0	3	1	1	0	1	0	0	5	0	0	0	1	0	0	0	2	0	3	1	0	0	1	3	0	0	4	1	1	0	1	0	0	1	0	0	1	0	0	1	2	4	0	4	0	0	1	1	0	0	0	0	0	0	0	2	0	0	2	0	0	4	13	3	2	0	2	0	1	0	0	0	0	5	0	26	0	0	0	0	5	0	1	5	1	0	1	3	0	0	4	0	0	0	8	4	2	0	0	5	0	1	0	0	3	0	1	2	0	0	2	0	1	0	2	0	0	1	0	0	0	0	1	1	1	2	1	2	1	0	1	2	0	1	0	1	1	0	0	1	0	0	2	1	0	0	0	0	0	1	1	1	1	0	0	0	0	0	4	3	2	2	0	6	0	0	2	1	0	0	0	2	0	0	2	0	0	0	1	1	1	6	10	2	1	1	0	0	0	0	1	0	1	0	0	0	1	0
A[Ins(C):R3]A	3	2	0	0	6	0	0	0	1	0	0	0	0	0	1	4	1	0	0	0	0	2	5	3	0	0	0	0	0	2	4	0	1	0	15	0	0	0	0	0	1	0	1	0	0	4	26	2	0	0	0	0	0	2	0	2	1	0	1	0	0	0	0	0	0	13	6	0	0	0	0	2	12	0	0	0	0	2	0	0	4	0	3	3	0	1	1	7	2	0	6	0	1	2	1	0	0	0	0	0	4	0	7	0	0	7	0	11	0	0	0	7	0	1	0	2	5	0	0	8	0	0	10	1	0	3	49	2	0	0	1	1	0	3	0	0	0	6	0	75	1	0	0	1	2	2	0	37	0	0	1	1	0	0	3	1	0	1	12	0	3	0	0	15	0	0	0	1	3	0	1	1	1	0	6	0	0	0	0	1	0	1	2	1	0	0	6	2	0	5	0	0	0	1	0	16	2	0	0	4	0	0	0	0	0	0	1	3	0	0	0	0	0	6	1	0	2	2	0	0	0	0	2	9	7	5	0	4	0	0	0	1	5	0	1	8	1	0	2	0	0	0	0	0	0	5	40	3	0	0	0	0	0	1	0	0	2	5	1	0	2	0
A[Ins(C):R3]G	1	0	0	0	2	0	1	0	0	0	0	0	0	0	0	3	0	0	0	0	0	0	2	3	0	0	0	0	0	0	3	0	0	0	7	0	0	0	0	0	0	0	5	0	0	1	6	0	0	0	0	0	1	0	0	0	0	0	0	0	0	0	0	0	0	8	1	0	0	0	0	3	1	0	0	0	0	0	0	0	2	0	0	4	0	0	0	4	0	0	1	0	0	2	0	0	0	0	0	0	3	0	4	0	0	7	0	3	0	0	0	0	0	0	0	2	2	0	0	2	0	0	4	0	0	0	6	1	0	0	0	0	0	0	0	1	1	5	0	9	0	0	0	0	1	0	0	4	0	0	0	0	0	0	2	0	0	0	3	0	0	0	0	6	0	0	0	0	5	0	0	0	1	0	8	0	0	0	0	0	0	0	0	0	0	0	5	0	0	1	0	0	0	0	0	6	1	0	0	1	0	0	0	0	0	1	1	0	0	0	0	0	0	4	0	0	0	0	0	0	0	0	3	1	3	14	0	2	0	0	1	0	4	0	0	0	0	0	0	0	0	0	0	0	1	2	3	1	0	0	0	0	0	0	0	0	1	0	0	0	0	0
A[Ins(C):R3]T	2	1	0	0	5	0	0	0	1	0	0	0	0	1	0	4	0	0	0	0	0	0	7	2	0	0	1	0	0	0	3	0	0	0	11	0	0	0	2	0	0	0	2	0	1	2	29	0	0	0	0	0	0	0	0	1	0	0	0	0	0	0	0	0	1	9	4	0	0	1	0	1	15	0	0	0	0	0	0	0	0	0	2	2	0	1	0	6	0	0	2	0	0	1	1	0	0	0	0	0	4	0	5	0	1	13	0	5	1	0	0	2	0	0	0	0	6	0	0	6	0	0	4	1	0	0	39	1	2	0	0	0	0	1	1	0	0	3	0	46	1	0	0	0	3	2	0	11	1	0	2	1	1	0	5	1	0	0	5	1	0	0	1	11	0	1	2	0	4	0	1	1	0	0	8	1	0	0	6	0	0	0	0	0	1	0	6	2	2	11	0	0	0	0	1	8	0	0	0	3	1	1	0	0	0	0	1	1	0	0	1	0	0	5	0	0	1	0	0	1	0	0	3	4	4	6	0	7	0	0	4	1	5	1	0	5	0	0	2	1	0	0	0	0	0	3	34	0	0	1	0	0	1	0	2	0	0	0	0	0	1	0
A[Ins(C):R4]A	17	0	0	1	24	0	0	0	1	1	1	0	0	0	0	8	1	0	0	0	0	0	20	5	0	0	1	0	0	2	23	0	1	0	72	1	0	0	10	0	0	0	7	0	0	17	12	2	0	0	0	0	0	5	1	4	2	1	0	0	0	0	0	0	0	42	17	1	2	0	0	5	70	0	0	3	0	0	0	0	6	0	9	4	0	1	0	32	0	0	11	0	0	5	0	0	1	1	0	0	19	0	18	0	0	36	0	39	1	0	0	17	1	1	0	2	18	0	0	49	0	0	54	0	0	0	78	0	2	0	0	0	0	1	0	0	0	12	0	1940	0	1	0	0	8	3	0	6	0	0	0	6	2	0	8	2	0	3	35	0	1	0	4	40	0	1	0	1	10	0	0	0	1	0	22	0	0	0	8	2	0	0	3	0	0	0	41	6	2	16	0	0	0	0	2	33	1	0	0	15	0	1	0	0	1	0	3	4	0	0	2	1	0	6	0	0	7	0	0	1	0	0	2	17	16	8	0	24	0	0	10	0	20	0	0	35	0	2	10	3	0	0	0	1	0	10	67	1	0	0	0	0	0	0	4	0	3	4	1	0	0	0
A[Ins(C):R4]G	2	0	0	0	8	0	0	0	0	0	0	0	0	0	0	0	0	0	0	0	0	0	9	2	0	0	0	0	0	1	9	0	0	0	37	0	0	0	1	0	0	0	4	0	0	10	1	0	0	0	0	0	0	1	0	0	1	0	0	0	0	0	0	0	0	57	6	0	1	0	0	2	22	0	0	0	0	0	0	0	0	0	0	1	0	0	1	12	0	0	14	0	0	0	0	0	0	0	0	0	8	0	6	0	0	23	0	15	0	0	0	6	0	0	0	0	11	0	0	15	0	0	17	0	0	0	23	0	0	0	0	1	0	0	0	0	0	1	0	103	0	0	0	0	3	1	0	2	0	0	0	0	1	0	0	0	0	1	5	0	1	0	0	22	0	1	0	0	1	0	0	0	1	0	36	0	0	0	3	0	0	0	0	0	0	0	21	3	1	5	1	0	1	0	0	34	0	0	0	7	0	0	0	0	0	0	1	0	0	0	0	0	0	2	0	0	2	0	0	0	0	0	0	5	6	4	0	13	0	0	2	0	12	0	0	11	0	0	3	0	1	0	0	0	0	1	15	0	0	0	0	0	0	0	0	0	2	1	0	0	0	0
A[Ins(C):R4]T	7	0	0	0	8	0	0	0	1	0	0	0	0	0	0	4	0	0	0	0	2	0	12	3	0	0	0	0	0	3	9	0	0	0	23	0	0	0	4	0	0	0	0	0	0	9	11	2	0	0	0	0	0	5	0	2	0	0	1	0	0	0	0	0	0	28	7	0	1	0	0	0	19	0	0	1	1	0	0	0	2	0	8	2	1	1	0	12	0	0	7	0	1	1	0	0	0	0	0	0	12	0	10	0	1	14	0	17	0	0	0	9	1	1	0	0	7	0	0	13	0	0	22	0	0	0	23	0	0	0	1	0	0	0	0	0	0	5	0	2228	0	1	0	2	2	0	0	4	0	0	0	7	1	0	13	0	0	0	22	0	0	0	0	17	0	0	0	0	7	0	0	0	0	0	13	0	0	0	7	1	0	3	1	0	0	0	16	3	0	4	0	0	0	1	1	12	0	0	0	3	0	0	0	0	0	0	0	2	0	0	0	0	0	3	0	0	2	1	0	1	1	2	1	8	10	7	0	12	1	1	4	0	10	0	0	15	1	1	4	0	0	0	0	0	0	6	24	0	0	0	0	0	0	0	2	0	2	1	0	0	2	1
A[Ins(C):R5]A	12	2	0	1	24	0	1	0	0	0	0	0	0	0	0	3	0	0	0	0	0	0	25	4	0	0	0	0	0	5	27	0	0	0	52	0	0	0	9	0	0	0	2	0	0	31	6	6	0	0	0	1	0	4	2	4	2	0	0	0	0	0	0	1	0	49	19	0	0	0	0	2	66	0	0	0	0	0	0	0	4	0	11	4	1	0	0	35	0	0	15	0	0	1	1	1	2	0	0	0	28	1	21	0	1	37	0	37	1	0	0	27	1	2	0	0	11	0	0	36	0	0	37	0	0	0	54	0	0	1	0	0	0	2	1	0	1	6	2	2188	0	0	1	1	4	0	0	1	0	1	3	15	1	0	29	0	1	5	75	0	2	0	4	45	0	1	0	0	2	0	1	0	2	0	16	2	0	0	5	1	0	0	0	0	0	0	15	5	2	11	2	0	0	0	1	28	0	0	0	14	0	0	1	0	0	0	0	3	0	3	1	0	0	3	0	1	0	0	0	0	1	0	2	16	20	8	0	20	0	0	4	2	12	0	0	28	0	2	5	0	2	0	0	0	0	6	36	1	0	0	0	0	1	0	6	1	0	6	0	0	1	0
A[Ins(C):R5]G	2	1	0	0	2	0	0	1	0	0	0	0	0	0	0	2	1	0	0	0	0	0	5	3	0	0	0	0	0	0	7	0	0	0	20	0	0	0	1	0	0	0	0	0	0	4	0	0	0	0	0	0	0	1	0	0	1	0	0	0	0	0	0	0	0	14	1	0	0	0	0	0	8	0	0	0	0	0	0	0	2	0	1	0	0	0	0	2	0	0	3	0	0	2	0	0	0	0	0	0	5	0	4	0	0	6	0	8	0	0	0	3	3	1	0	1	5	0	0	13	0	0	4	0	0	0	10	0	0	0	0	0	0	0	0	0	0	1	0	143	0	0	0	0	1	0	0	0	1	0	1	1	1	0	2	0	1	1	4	0	0	0	1	7	0	0	0	0	0	0	0	0	0	0	6	0	0	0	6	0	0	0	0	0	0	0	6	1	0	2	0	0	0	0	0	13	0	0	0	3	0	1	2	0	0	0	0	1	0	0	0	0	0	1	0	0	1	0	0	0	0	0	1	4	1	3	0	4	0	0	0	2	5	0	0	4	0	0	1	0	0	0	1	0	0	0	3	0	0	0	0	0	0	0	0	0	0	0	0	0	0	0
A[Ins(C):R5]T	10	0	0	1	6	0	0	0	0	0	0	0	0	0	0	1	0	0	0	0	0	0	15	1	0	0	0	0	0	1	16	0	0	0	30	1	0	0	3	0	1	0	2	0	0	26	1	0	0	0	0	0	0	3	1	1	0	0	0	0	0	0	1	0	1	39	13	0	0	0	0	1	33	0	0	0	0	0	0	1	1	0	6	2	0	1	0	19	0	0	9	0	0	2	2	0	0	0	0	0	19	0	15	0	0	37	1	16	2	0	0	11	0	1	0	0	10	0	0	17	0	0	25	0	0	0	28	0	1	1	0	0	0	0	0	0	0	2	1	794	0	0	0	0	6	0	0	3	0	1	1	8	0	0	26	0	1	4	54	0	1	0	3	18	1	1	0	0	2	1	1	0	0	0	9	2	0	0	4	0	0	1	0	0	0	0	15	5	0	6	0	0	0	0	0	6	0	0	0	8	0	1	3	0	0	0	0	2	0	1	0	0	0	1	0	0	2	0	0	1	0	0	1	12	8	1	0	11	0	0	5	0	11	0	0	13	0	3	4	0	0	0	0	0	0	4	16	0	0	0	0	0	0	0	2	0	0	0	0	0	1	1
A[Ins(C):R6]A	18	0	0	1	21	1	0	0	0	0	1	0	0	0	0	1	2	0	0	0	1	0	45	2	0	0	0	0	2	4	33	0	0	0	59	2	0	0	6	0	2	0	0	0	0	55	1	2	0	0	1	1	0	1	1	2	5	2	0	0	0	0	0	0	0	49	16	0	0	0	0	1	72	0	0	0	0	0	0	1	2	0	4	3	0	1	0	46	0	0	10	0	0	1	4	3	2	0	0	0	30	0	20	0	0	69	2	62	4	0	0	44	0	1	0	0	19	0	0	41	0	0	54	1	0	1	169	0	2	0	0	0	3	1	0	0	0	2	0	870	0	0	0	0	12	0	0	0	0	1	1	13	0	0	59	0	1	5	110	2	1	0	5	46	0	0	0	2	2	0	2	0	1	0	32	2	0	0	14	2	0	3	2	1	0	0	44	8	3	16	0	0	2	0	2	52	0	1	0	16	0	0	2	2	0	1	0	6	0	0	2	1	0	2	1	1	5	1	0	0	0	0	0	23	10	3	0	22	0	0	7	0	15	0	1	42	0	2	10	0	1	0	0	0	1	1	62	1	1	0	0	0	1	1	1	0	1	1	0	0	0	0
A[Ins(C):R6]G	5	0	0	0	7	0	0	0	0	0	0	0	0	0	0	1	0	0	0	0	0	0	9	0	0	0	0	0	0	1	12	0	0	0	22	0	0	0	0	0	0	0	1	0	0	7	0	0	0	0	0	0	0	2	2	1	0	1	0	0	0	1	0	0	0	13	8	0	0	0	0	0	27	0	0	1	0	0	0	0	0	0	0	1	1	0	0	12	0	0	4	0	0	0	0	0	0	0	0	0	7	1	6	0	0	22	0	10	0	0	0	6	0	1	0	0	10	0	0	13	0	0	15	0	0	1	24	0	0	0	0	0	0	0	0	0	0	0	0	274	0	0	0	0	6	1	0	0	0	0	0	1	0	0	6	0	2	2	18	0	0	0	0	8	1	0	0	0	1	0	0	0	0	0	8	1	0	0	2	0	0	0	0	0	0	0	10	1	0	2	0	0	1	0	0	7	0	0	0	4	0	0	1	0	0	0	1	0	0	0	0	1	0	1	0	0	5	0	0	0	0	1	0	7	6	1	0	3	0	0	1	0	3	0	1	11	0	0	2	0	0	0	0	0	0	0	18	0	0	1	0	0	0	0	0	0	1	0	0	0	0	0
A[Ins(C):R6]T	9	1	0	0	13	0	0	0	0	1	0	0	0	0	0	1	0	0	0	0	0	0	13	1	0	0	0	0	0	2	26	0	0	0	18	0	0	0	7	0	1	0	1	0	0	34	0	2	0	0	1	0	0	5	0	1	0	0	0	0	0	0	0	0	0	31	8	0	0	0	0	1	35	0	0	1	0	0	0	0	1	0	2	0	0	0	0	17	0	0	2	0	0	0	0	2	0	0	0	1	21	0	10	0	1	44	0	29	0	0	2	17	0	0	0	0	10	0	0	33	0	0	19	3	0	3	42	0	0	0	0	1	0	0	0	0	0	2	0	641	0	0	0	0	11	2	0	1	0	0	0	10	0	0	47	0	0	5	71	1	0	0	2	18	0	0	0	0	3	0	0	0	0	0	15	1	0	0	5	0	0	2	0	0	0	0	15	5	0	3	0	0	3	0	2	13	0	1	0	4	0	0	1	0	0	0	0	5	0	1	1	2	0	0	0	0	2	0	0	1	1	0	1	7	5	2	1	7	0	0	3	0	5	0	0	16	0	2	1	0	0	0	0	0	0	2	23	0	0	0	0	1	0	0	0	0	0	0	1	0	0	0
A[Ins(C):R7]A	65	3	0	2	80	0	2	0	0	0	0	0	0	0	0	2	0	0	0	1	0	4	93	1	0	0	0	0	3	3	104	0	1	0	149	2	0	0	11	0	6	0	1	0	0	58	0	3	0	0	1	2	2	8	3	3	1	2	0	0	0	0	0	1	0	118	56	0	1	0	0	1	206	0	0	5	0	3	0	0	0	0	3	1	2	1	0	145	1	2	18	0	0	0	11	2	2	0	0	0	79	0	52	0	0	178	1	137	5	0	0	83	0	0	1	1	54	0	0	121	0	0	150	2	0	0	416	2	1	0	1	1	2	1	4	0	1	0	1	1636	0	1	0	2	54	0	0	0	1	1	1	13	5	0	114	1	1	19	190	2	0	0	6	98	3	1	3	1	3	0	4	0	0	1	74	4	0	0	40	6	0	6	0	0	0	3	110	25	1	118	1	0	4	0	1	149	1	0	0	46	0	1	7	1	1	0	0	31	1	3	10	2	1	3	3	0	35	1	4	1	0	0	0	65	40	0	1	69	0	1	39	0	58	0	0	115	1	2	17	4	2	0	0	0	0	0	184	1	0	1	2	0	2	1	11	0	0	0	0	0	0	0
A[Ins(C):R7]G	6	0	0	1	18	0	0	0	0	1	0	0	0	0	0	0	0	0	0	0	0	1	27	0	0	0	0	0	1	0	26	0	0	0	28	0	0	0	4	0	1	0	0	0	0	14	0	1	0	0	1	2	0	0	0	0	0	0	0	0	0	0	1	0	0	27	13	0	0	1	0	0	37	0	0	1	0	1	0	0	0	0	0	0	1	1	0	39	0	1	13	0	0	0	0	1	0	0	0	0	13	0	16	0	0	37	0	44	2	0	0	21	0	0	1	0	15	0	0	32	0	0	34	3	0	0	84	0	0	0	0	0	0	0	0	0	0	0	0	216	0	0	0	0	19	0	0	0	0	0	0	2	0	0	27	0	0	10	41	0	0	0	1	16	0	1	0	0	1	1	0	0	0	0	21	1	1	0	9	1	0	2	0	0	0	0	32	6	0	28	0	0	4	0	0	45	0	0	0	8	0	0	1	0	0	0	0	8	0	0	3	1	0	1	1	0	8	0	0	0	0	0	0	16	13	1	0	19	0	0	14	0	14	0	0	26	1	3	5	1	0	1	0	0	0	0	58	0	0	0	0	0	1	0	0	0	0	0	0	0	0	0
A[Ins(C):R7]T	14	1	0	0	17	0	0	0	0	1	0	0	0	0	0	1	0	0	0	0	0	1	18	2	0	0	0	0	0	1	25	0	1	0	48	2	0	0	1	0	0	0	0	0	0	18	0	2	0	0	1	0	0	1	1	1	1	0	1	0	0	0	0	0	1	37	16	0	1	0	0	0	61	0	0	2	0	0	0	0	0	0	1	0	0	0	0	33	0	0	9	0	0	1	1	1	0	0	0	0	25	0	15	0	0	36	0	34	0	0	0	24	0	0	0	0	20	0	0	45	0	0	32	3	0	0	106	0	1	0	1	0	0	0	0	0	0	0	1	603	0	0	0	0	15	0	0	0	0	1	0	5	0	0	35	0	0	5	54	1	2	0	4	22	1	0	0	0	0	0	1	0	0	0	21	0	0	0	11	3	0	0	0	0	0	0	22	10	1	27	0	0	2	0	0	37	0	0	0	9	0	0	2	0	0	0	0	5	0	0	0	0	0	0	0	0	11	0	0	0	0	0	0	28	13	0	0	22	0	0	4	0	18	0	0	29	0	2	6	0	1	0	1	0	1	0	39	0	0	0	0	0	1	0	1	0	0	0	0	0	0	0
A[Ins(C):R8]A	37	1	0	1	35	0	1	0	0	0	0	0	0	0	0	0	0	0	0	0	1	0	50	1	0	0	0	0	1	2	57	0	0	0	51	0	0	0	2	0	5	0	0	0	2	21	0	1	0	0	1	0	2	2	1	0	1	1	1	0	0	0	1	0	0	48	44	0	0	0	0	0	74	0	1	2	0	1	0	0	0	0	1	0	0	0	0	88	1	0	15	0	0	0	2	3	1	0	0	1	25	0	33	0	0	62	0	51	5	0	0	26	0	0	0	0	27	0	0	46	0	0	77	1	0	1	188	0	2	0	0	1	0	0	2	1	0	1	2	258	0	1	0	2	35	0	0	0	0	0	0	4	3	0	56	0	2	19	89	0	0	0	5	40	3	0	1	1	2	0	2	0	0	1	39	0	0	0	30	8	0	3	0	0	0	0	54	27	2	85	2	0	1	0	0	148	1	0	0	32	0	0	6	0	1	0	0	37	0	1	4	3	0	1	1	0	22	0	1	3	0	0	0	64	30	1	2	49	0	1	18	0	39	0	0	84	0	3	12	5	1	0	0	0	0	0	121	0	0	0	0	0	1	0	5	0	0	0	0	0	1	0
A[Ins(C):R8]G	4	0	0	0	0	0	0	0	0	0	0	0	0	0	0	0	0	0	0	0	0	0	2	0	0	0	0	0	0	0	4	0	0	0	6	0	0	0	0	0	0	0	0	0	0	1	0	0	0	0	0	0	0	0	0	0	1	0	0	0	0	0	0	0	0	4	1	0	0	0	0	0	7	0	0	0	0	1	0	0	0	0	0	0	0	0	0	4	0	0	0	0	0	0	0	0	0	0	0	0	1	0	3	0	0	10	0	4	1	0	0	1	0	0	0	0	3	0	0	1	0	0	6	0	0	0	18	0	1	0	0	1	0	0	0	0	0	0	0	29	0	0	0	0	9	0	0	0	0	0	0	2	0	0	12	0	0	1	8	0	0	0	0	2	0	2	0	0	0	0	0	1	0	0	9	0	0	0	5	1	0	0	0	0	0	0	10	6	0	5	0	0	0	0	0	18	0	0	0	8	1	1	0	0	0	0	0	6	0	2	0	1	0	0	0	0	1	0	0	0	0	0	0	8	5	0	0	4	0	0	9	0	8	0	0	11	0	1	3	0	0	0	0	0	0	0	17	0	0	0	0	0	1	0	1	0	0	0	0	0	0	0
A[Ins(C):R8]T	9	0	0	0	7	0	0	0	0	0	0	0	0	0	0	0	0	0	0	0	0	0	9	0	0	0	0	0	0	0	19	0	0	0	15	0	0	0	0	0	1	0	0	0	0	7	0	1	0	0	0	0	1	1	0	0	0	0	0	0	0	0	0	0	0	9	10	0	0	0	0	0	12	0	0	1	0	0	0	0	0	0	0	0	0	0	0	21	0	0	1	0	0	0	0	0	1	0	0	0	4	0	5	0	0	16	0	14	0	0	0	9	0	0	0	0	7	0	0	12	0	0	21	2	0	0	53	0	0	0	0	0	1	0	1	0	0	0	1	86	0	0	0	0	15	0	0	0	0	0	0	3	0	0	26	0	0	4	23	1	1	0	1	8	0	2	0	0	0	0	0	0	0	0	14	0	0	0	5	3	0	0	0	0	0	0	13	10	0	26	0	0	0	0	0	24	1	0	0	10	0	1	0	0	0	0	0	8	0	0	1	0	0	0	0	0	3	0	0	0	0	0	0	15	12	0	0	11	0	0	6	0	10	0	0	24	0	0	3	2	0	0	0	0	0	0	28	0	0	1	0	0	0	0	2	0	0	0	0	0	0	0
A[Ins(C):R(9,)]A	0	0	0	0	0	0	0	0	0	0	0	0	0	0	0	0	0	0	0	0	0	0	0	0	0	0	0	0	0	0	0	0	0	0	0	0	0	0	0	0	0	0	0	0	0	0	0	0	0	0	0	0	0	0	0	0	0	0	0	0	0	0	0	0	0	0	0	0	0	0	0	0	0	0	0	0	0	0	0	0	0	0	0	0	0	0	0	0	0	0	0	0	0	0	0	0	0	0	0	0	0	0	0	0	0	0	0	0	0	0	0	0	0	0	0	0	0	0	0	0	0	0	0	0	0	0	0	0	0	0	0	0	0	0	0	0	0	0	0	0	0	0	0	0	0	0	0	0	0	0	0	0	0	0	0	0	0	0	0	0	0	0	0	0	0	0	0	0	0	0	0	0	0	0	0	0	0	0	0	0	0	0	0	0	0	0	0	0	0	0	0	0	0	0	0	0	0	0	0	0	0	0	0	0	0	0	0	0	0	0	0	0	0	0	0	0	0	0	0	0	0	0	0	0	0	0	0	0	0	0	0	0	0	0	0	0	0	0	0	0	0	0	0	0	0	0	0	0	0	0	0	0	0	0	0	0	0	0	0	0	0	0
A[Ins(C):R(9,)]G	0	0	0	0	0	0	0	0	0	0	0	0	0	0	0	0	0	0	0	0	0	0	0	0	0	0	0	0	0	0	0	0	0	0	0	0	0	0	0	0	0	0	0	0	0	0	0	0	0	0	0	0	0	0	0	0	0	0	0	0	0	0	0	0	0	0	0	0	0	0	0	0	0	0	0	0	0	0	0	0	0	0	0	0	0	0	0	0	0	0	0	0	0	0	0	0	0	0	0	0	0	0	0	0	0	0	0	0	0	0	0	0	0	0	0	0	0	0	0	0	0	0	0	0	0	0	0	0	0	0	0	0	0	0	0	0	0	0	0	0	0	0	0	0	0	0	0	0	0	0	0	0	0	0	0	0	0	0	0	0	0	0	0	0	0	0	0	0	0	0	0	0	0	0	0	0	0	0	0	0	0	0	0	0	0	0	0	0	0	0	0	0	0	0	0	0	0	0	0	0	0	0	0	0	0	0	0	0	0	0	0	0	0	0	0	0	0	0	0	0	0	0	0	0	0	0	0	0	0	0	0	0	0	0	0	0	0	0	0	0	0	0	0	0	0	0	0	0	0	0	0	0	0	0	0	0	0	0	0	0	0	0
A[Ins(C):R(9,)]T	0	0	0	0	0	0	0	0	0	0	0	0	0	0	0	0	0	0	0	0	0	0	0	0	0	0	0	0	0	0	0	0	0	0	0	0	0	0	0	0	0	0	0	0	0	0	0	0	0	0	0	0	0	0	0	0	0	0	0	0	0	0	0	0	0	0	0	0	0	0	0	0	0	0	0	0	0	0	0	0	0	0	0	0	0	0	0	0	0	0	0	0	0	0	0	0	0	0	0	0	0	0	0	0	0	0	0	0	0	0	0	0	0	0	0	0	0	0	0	0	0	0	0	0	0	0	0	0	0	0	0	0	0	0	0	0	0	0	0	0	0	0	0	0	0	0	0	0	0	0	0	0	0	0	0	0	0	0	0	0	0	0	0	0	0	0	0	0	0	0	0	0	0	0	0	0	0	0	0	0	0	0	0	0	0	0	0	0	0	0	0	0	0	0	0	0	0	0	0	0	0	0	0	0	0	0	0	0	0	0	0	0	0	0	0	0	0	0	0	0	0	0	0	0	0	0	0	0	0	0	0	0	0	0	0	0	0	0	0	0	0	0	0	0	0	0	0	0	0	0	0	0	0	0	0	0	0	0	0	0	0	0
G[Ins(C):R0]A	0	0	0	0	0	0	3	0	1	0	0	2	0	0	0	1	0	0	0	0	0	0	1	2	3	0	0	0	0	3	0	0	3	0	0	0	0	0	8	0	0	1	3	0	1	0	0	6	0	0	0	0	0	0	0	2	1	0	0	0	0	0	1	0	0	1	0	0	0	2	0	0	0	0	0	0	0	0	0	1	3	0	11	0	0	0	0	0	0	1	1	1	0	0	0	0	0	0	0	0	0	0	0	0	2	0	0	0	0	0	0	1	0	1	0	0	0	0	0	0	0	0	4	1	0	1	51	0	6	0	0	0	0	65	0	0	0	3	1	9	0	0	0	0	1	0	0	4	2	1	1	4	1	0	10	0	0	2	5	1	4	0	3	4	0	0	2	1	1	3	3	0	1	0	1	0	0	4	10	0	0	0	2	0	1	1	1	1	2	1	3	1	1	0	1	2	0	4	0	1	0	1	0	1	0	1	1	6	1	0	0	1	0	3	0	2	0	0	1	1	0	0	1	1	0	5	0	1	0	0	3	0	0	0	0	3	1	0	1	1	0	0	5	1	1	3	6	0	0	0	1	0	3	0	1	0	1	75	1	1	1	0
G[Ins(C):R0]G	1	0	0	0	1	0	0	0	1	0	1	0	0	0	0	2	0	0	0	0	0	0	2	6	0	0	1	0	0	0	2	0	0	0	1	0	0	0	0	0	0	0	2	0	0	1	0	0	0	0	0	0	0	0	0	0	0	0	0	0	0	0	0	0	0	1	0	1	1	0	0	1	2	0	0	0	0	0	0	0	4	0	0	1	0	0	1	2	0	0	0	0	0	2	0	0	0	2	0	0	0	1	0	1	0	1	0	1	1	0	0	0	0	0	0	3	2	0	0	0	0	0	2	0	0	0	12	0	2	0	0	0	0	1	1	0	0	5	0	19	0	1	0	0	2	2	0	1	0	1	0	1	0	0	10	0	0	1	2	0	1	0	0	5	1	0	0	0	4	0	1	0	1	0	3	1	0	1	5	0	0	0	1	0	0	1	3	1	0	3	0	0	1	0	3	6	0	0	1	1	1	0	0	0	0	0	1	3	0	1	1	0	0	3	0	1	1	1	0	0	1	1	2	2	3	5	0	2	0	0	3	0	2	0	0	4	0	0	0	1	0	0	1	0	0	2	4	2	0	0	0	0	0	0	1	0	5	2	1	0	3	1
G[Ins(C):R0]T	1	2	0	3	0	0	0	0	1	0	0	2	0	0	1	8	0	0	0	0	0	0	0	6	1	0	1	0	1	7	1	0	2	1	2	0	3	0	19	0	1	0	2	0	0	6	0	9	0	0	0	0	0	0	0	7	3	0	2	0	0	0	0	0	2	2	1	0	1	0	1	3	0	0	0	0	0	0	0	0	6	0	22	1	1	0	0	0	1	1	0	0	0	3	1	1	0	1	0	0	0	1	0	0	3	0	0	1	0	0	0	4	1	6	0	1	0	0	0	0	1	1	4	2	0	4	4	0	4	0	1	0	0	0	0	0	0	4	0	20	0	0	0	2	1	5	0	2	0	0	1	12	1	1	24	0	0	0	35	6	1	0	15	5	0	2	1	0	5	0	0	0	2	0	0	0	0	0	5	1	0	0	0	0	0	0	9	0	0	0	2	1	1	0	0	4	0	3	1	3	0	1	0	1	0	1	3	2	0	0	0	0	2	3	0	1	1	0	0	0	0	0	1	4	0	4	0	1	0	1	2	3	4	0	0	3	0	0	1	1	1	0	1	1	0	5	5	1	0	0	0	1	0	0	0	0	5	1	2	0	0	0
G[Ins(C):R1]A	0	0	0	1	2	0	0	1	0	0	1	0	0	0	1	3	0	0	0	0	0	1	1	2	0	0	1	0	1	1	1	0	1	0	0	0	0	0	1	0	1	0	4	0	0	2	138	0	1	0	1	0	1	0	0	0	0	1	0	0	0	0	0	0	0	2	3	1	1	0	0	1	5	0	0	0	1	0	0	0	2	0	2	2	0	0	2	1	1	0	2	2	0	1	0	2	2	0	0	0	1	2	0	1	0	5	2	2	0	0	2	2	0	0	0	0	0	0	0	0	0	0	6	1	0	1	11	2	3	0	0	0	1	12	0	0	1	5	1	19	1	1	1	2	0	2	0	9	0	0	0	1	1	0	5	3	0	2	4	2	2	0	0	1	0	1	1	0	4	1	1	0	4	0	3	0	0	0	2	0	0	0	0	0	1	1	2	1	1	1	1	0	2	1	3	5	0	3	2	1	0	0	2	0	0	1	2	1	1	1	0	0	1	1	2	0	0	0	0	1	0	0	1	3	2	5	0	1	0	0	0	3	3	0	0	1	0	0	0	0	0	0	0	1	1	1	4	2	0	0	2	0	2	0	2	0	1	24	1	0	1	0
G[Ins(C):R1]G	1	0	0	0	1	0	0	0	0	0	0	0	0	0	0	1	0	0	1	0	0	0	0	2	0	0	0	0	0	0	0	0	1	0	0	0	0	0	0	0	0	0	0	0	0	1	21	0	0	0	0	0	0	0	0	0	0	0	0	0	0	0	0	0	0	0	0	0	1	0	0	1	0	0	0	0	0	0	0	0	1	0	0	2	0	0	1	0	1	1	0	0	0	2	0	0	0	0	0	0	1	0	0	0	0	0	0	0	0	0	0	0	0	0	0	0	0	0	0	0	0	0	0	0	0	0	1	0	0	0	0	0	0	2	0	0	0	3	0	4	1	0	0	0	0	0	0	0	0	0	0	1	0	0	0	0	0	0	1	0	0	0	0	1	0	0	0	0	3	0	0	0	0	0	0	0	0	0	0	0	0	0	1	0	0	0	0	0	0	0	1	0	0	0	0	1	0	0	0	0	0	1	0	1	0	0	0	0	0	0	0	0	0	3	1	0	0	0	0	0	0	0	1	1	0	6	0	0	0	0	0	0	1	0	0	1	0	0	0	0	0	0	0	0	0	0	1	3	0	0	0	1	0	0	0	0	0	3	0	0	0	0
G[Ins(C):R1]T	1	0	0	0	0	0	0	0	0	0	0	0	0	1	0	3	1	0	0	0	0	0	2	1	0	0	0	0	0	0	2	0	0	1	4	0	2	0	2	0	1	0	2	0	1	1	211	2	0	0	0	0	0	0	0	0	0	1	1	0	0	0	1	1	0	2	2	1	0	0	0	1	4	0	0	1	0	0	0	0	3	0	1	3	2	1	1	2	0	2	1	0	2	1	0	1	0	0	0	0	2	0	1	0	0	1	0	3	0	0	1	1	2	0	1	1	2	0	0	0	0	0	3	0	0	0	3	1	1	0	0	0	2	1	0	0	0	7	2	27	1	0	0	0	1	0	3	0	1	0	1	2	0	0	5	1	0	1	5	5	0	0	0	2	0	0	0	1	4	1	1	0	1	1	1	1	0	1	3	1	0	1	0	0	1	0	3	3	3	1	1	1	0	2	3	1	0	0	0	2	0	0	1	1	1	0	1	0	0	1	1	0	1	4	0	0	3	0	0	1	1	0	0	4	1	7	0	3	0	0	1	0	2	0	0	2	1	0	1	1	1	0	1	0	1	7	4	2	0	0	1	0	0	0	0	0	1	5	1	0	2	0
G[Ins(C):R2]A	1	0	0	0	1	0	0	0	0	0	0	0	0	1	0	2	0	0	0	0	0	0	1	1	0	0	1	0	1	0	2	0	0	0	0	0	1	0	1	0	1	0	1	0	0	0	72	0	0	0	0	0	1	1	0	0	0	0	1	1	0	0	0	0	0	3	1	0	2	0	0	1	0	0	0	0	0	0	0	1	1	0	0	1	1	2	0	0	0	0	2	0	0	1	0	0	0	0	0	0	4	0	1	1	0	0	0	3	0	1	0	3	1	0	1	2	0	0	0	0	0	0	5	0	0	0	4	1	3	0	0	0	0	2	0	0	0	4	0	15	1	1	0	2	2	0	1	7	0	0	1	0	0	2	0	0	0	1	4	0	0	1	0	2	0	1	0	1	6	0	0	0	1	0	2	0	1	0	1	0	0	0	1	1	0	0	1	0	1	0	2	0	3	0	3	4	0	2	1	2	0	1	0	0	0	0	0	1	0	0	0	0	0	3	0	0	1	1	1	0	0	0	2	1	1	3	1	1	0	0	0	0	1	0	0	3	0	0	0	0	0	0	1	0	0	3	4	4	0	0	0	0	0	0	0	0	1	2	0	0	2	0
G[Ins(C):R2]G	0	1	0	1	1	0	0	0	0	0	0	0	0	0	0	2	0	0	0	0	0	0	0	1	0	0	0	0	0	0	0	0	0	0	1	0	0	0	0	0	1	0	1	0	1	0	11	0	0	0	0	0	0	0	0	0	0	0	0	0	0	0	0	0	0	1	1	0	1	0	0	2	1	0	0	0	0	0	0	0	3	0	0	1	0	0	0	1	0	0	0	0	0	2	0	0	0	0	0	0	0	0	3	0	0	1	0	0	0	0	0	0	0	0	1	0	1	0	0	1	0	0	1	0	0	0	3	0	0	0	0	0	0	0	0	0	0	5	0	7	0	0	0	0	1	0	0	3	0	0	0	0	0	0	2	0	0	0	1	1	0	0	0	1	1	0	0	1	2	0	0	0	2	0	2	0	0	0	0	0	0	0	0	0	0	0	0	0	1	0	0	0	0	0	2	4	0	0	0	1	0	1	0	0	0	0	0	0	0	0	0	0	0	2	0	0	0	0	0	0	1	0	1	2	1	7	0	2	1	0	0	0	1	0	0	0	0	0	0	0	0	0	0	0	1	4	3	1	1	0	0	0	0	0	0	0	1	1	0	0	0	0
G[Ins(C):R2]T	0	0	0	0	0	1	0	1	3	0	1	0	0	0	0	3	1	0	1	0	0	0	2	3	0	0	0	0	0	0	1	0	0	0	4	0	0	0	0	0	0	0	5	1	0	4	97	0	0	0	0	0	0	0	0	0	0	1	1	0	0	0	0	1	0	5	1	0	4	0	0	1	4	0	0	1	0	0	0	0	2	0	2	2	0	0	2	2	0	0	2	0	0	2	0	0	0	0	0	0	1	0	2	0	2	4	0	2	0	0	1	2	1	1	0	1	3	0	0	1	0	0	0	0	0	0	7	0	3	0	3	0	0	1	0	0	0	8	0	26	2	0	0	1	1	0	0	1	0	1	0	0	0	0	4	0	0	1	9	0	1	0	0	8	0	0	0	2	3	0	1	0	0	0	2	0	0	0	2	0	0	0	0	1	1	0	3	0	0	1	2	0	0	0	1	3	0	2	0	1	0	1	1	0	0	0	0	0	0	0	0	0	0	6	0	0	1	0	1	0	0	0	2	2	2	4	0	2	0	0	0	0	0	0	0	1	0	0	0	0	0	0	1	0	0	3	4	0	0	0	0	0	0	0	1	0	2	1	4	0	1	2
G[Ins(C):R3]A	1	0	0	0	4	0	0	0	1	0	0	0	0	0	0	0	1	0	0	0	0	0	4	4	0	0	0	0	0	1	5	0	0	0	6	1	0	0	0	0	1	0	4	0	0	6	19	0	0	0	0	0	1	0	0	1	0	0	0	0	0	0	0	0	0	16	3	0	1	0	0	6	13	0	0	0	0	0	0	0	6	0	4	0	0	0	0	9	0	0	4	0	0	2	0	1	0	0	0	0	2	0	4	0	3	9	0	6	0	0	0	1	0	0	1	1	3	0	0	9	0	0	6	0	0	2	9	0	0	0	2	0	1	0	0	0	0	10	0	30	1	1	0	0	1	0	1	16	0	0	0	1	0	0	3	0	0	1	3	0	0	0	1	8	0	2	0	0	3	0	0	0	2	0	4	0	0	1	0	0	0	0	0	0	0	1	6	1	1	1	0	0	0	0	1	4	0	2	0	3	1	0	0	0	0	0	0	0	1	0	0	0	1	4	1	0	1	0	0	0	0	0	3	2	6	5	1	1	0	0	2	0	6	0	0	1	0	0	1	0	0	0	0	0	0	8	6	3	1	0	0	0	0	1	0	0	2	0	1	0	0	1
G[Ins(C):R3]G	0	0	0	0	7	0	0	0	1	0	0	0	0	0	0	4	0	0	0	0	0	0	3	1	0	0	0	0	0	0	2	0	0	0	11	0	0	0	0	0	0	0	1	0	0	2	4	0	0	0	0	0	0	2	0	0	0	0	0	1	0	0	0	0	0	12	0	0	2	0	0	0	9	0	0	0	0	0	0	0	0	0	0	1	0	0	2	4	1	0	4	0	0	1	0	0	0	0	0	0	1	0	3	0	0	2	0	2	0	0	0	1	0	0	0	0	2	0	0	10	0	0	1	0	0	0	8	1	0	0	0	2	0	0	0	0	0	3	0	8	0	0	0	0	1	1	1	3	0	0	0	0	0	1	0	0	0	1	6	0	0	0	0	13	0	0	0	1	6	0	0	0	0	0	7	0	0	0	0	0	0	0	0	0	0	1	5	0	0	1	0	0	0	0	2	5	0	0	0	0	0	0	0	0	0	0	0	0	0	0	0	0	0	0	0	0	0	0	0	0	0	0	1	3	3	7	0	4	0	1	1	0	3	0	0	1	0	0	1	1	0	0	0	0	1	4	2	0	0	0	0	0	0	0	0	0	1	1	2	0	0	0
G[Ins(C):R3]T	0	0	0	0	3	0	0	0	1	0	0	0	0	0	0	1	1	0	0	0	0	1	6	1	1	0	2	0	0	0	2	0	0	0	12	0	0	0	0	0	1	0	2	0	2	5	27	0	0	0	1	0	0	3	0	1	0	0	0	0	0	0	1	0	0	9	5	0	1	1	0	3	12	0	0	1	0	0	0	0	2	0	2	0	0	0	0	2	0	0	2	0	0	0	0	0	0	0	0	0	1	1	2	0	0	10	0	11	0	0	0	1	0	0	0	0	2	2	0	5	0	0	6	0	0	0	10	1	0	0	1	0	0	0	1	0	0	4	0	27	0	0	0	0	1	0	1	6	0	0	1	1	1	0	8	0	0	2	4	0	0	0	1	14	0	0	0	0	4	0	1	0	2	0	3	0	0	1	2	0	0	1	0	0	1	0	2	2	2	1	1	0	0	0	3	4	0	2	0	2	1	1	0	0	0	1	1	0	0	0	0	1	0	1	0	0	1	1	1	0	0	0	0	2	3	3	0	2	0	0	4	1	4	0	0	3	0	0	0	0	1	0	0	0	0	4	7	1	1	1	0	0	1	0	1	0	3	0	2	0	1	1
G[Ins(C):R4]A	16	0	0	0	15	1	0	0	0	0	0	0	0	0	0	3	0	0	0	0	0	1	31	5	0	0	0	0	0	0	36	0	0	0	65	0	0	0	7	0	2	0	2	0	0	16	15	2	0	0	0	0	1	6	0	1	0	1	0	0	0	0	1	1	0	35	17	3	0	0	0	3	72	0	0	2	0	0	0	0	1	0	3	1	0	0	1	37	0	0	9	1	1	2	0	0	1	0	0	0	36	0	21	0	1	49	0	42	0	1	0	14	0	0	0	1	12	0	0	51	0	0	57	0	0	0	40	0	0	0	0	1	0	0	1	0	0	4	0	1939	0	1	0	1	4	2	0	5	0	0	0	6	1	0	9	0	0	7	27	0	0	0	2	39	0	0	0	1	3	0	0	0	4	0	15	0	0	1	4	1	0	1	2	0	0	1	34	8	0	16	2	0	0	0	2	32	0	0	0	14	0	0	0	0	0	0	2	3	0	0	0	0	0	3	0	0	3	0	0	0	0	0	2	19	11	9	1	15	0	0	8	1	9	0	0	34	0	0	3	1	0	0	0	0	0	1	31	1	0	0	1	0	1	0	2	0	0	3	1	0	2	0
G[Ins(C):R4]G	3	0	0	0	3	0	0	0	0	1	0	0	0	0	0	3	0	0	0	0	0	0	3	3	0	0	0	0	0	0	4	0	0	0	9	0	0	0	0	0	0	0	0	0	0	2	2	0	0	0	0	0	0	0	1	0	0	0	0	0	0	0	0	0	0	10	3	0	1	0	0	0	14	0	0	0	0	1	0	0	1	0	0	2	0	0	0	7	0	0	5	0	0	0	0	0	0	0	0	1	5	0	4	0	0	10	0	10	0	0	0	2	0	0	0	0	2	0	0	10	0	0	4	0	0	1	9	0	0	0	0	0	0	1	0	0	0	1	0	100	0	0	0	0	1	1	0	1	0	0	0	0	0	0	1	0	0	0	7	0	0	0	0	11	0	0	0	1	2	0	0	0	1	0	7	0	0	0	0	0	1	1	0	0	0	0	1	0	0	4	0	0	0	0	0	7	0	0	0	4	0	1	0	0	0	1	2	0	0	1	0	0	0	0	0	0	2	0	0	0	0	0	0	4	2	0	0	5	0	0	1	1	5	0	1	6	0	0	0	1	2	0	0	0	1	5	2	0	0	0	0	0	0	0	0	0	0	3	0	1	0	0
G[Ins(C):R4]T	5	0	0	1	5	0	0	0	0	0	0	0	0	0	0	4	0	0	0	0	0	0	12	2	0	0	0	0	0	1	18	0	0	1	27	1	0	0	4	0	0	0	1	1	0	17	10	0	0	0	0	0	0	5	1	0	1	0	0	0	0	0	0	0	0	22	4	0	1	0	1	2	29	0	0	0	0	0	0	0	1	0	2	3	0	0	0	21	1	0	4	0	0	0	1	0	0	0	0	0	17	0	10	1	0	17	0	26	0	1	0	10	0	0	0	0	11	0	0	21	0	0	27	1	0	0	29	0	0	0	0	0	0	0	1	0	0	4	0	2613	0	1	0	1	4	3	0	2	0	0	0	1	0	0	7	0	0	8	30	1	1	0	0	28	0	0	0	1	3	0	0	0	0	0	12	0	0	0	3	1	0	0	0	0	0	0	18	2	0	6	1	0	0	0	2	12	0	0	0	6	0	0	1	0	0	0	1	0	0	0	0	1	0	1	0	0	4	0	0	0	0	0	0	10	10	2	2	13	0	0	8	0	5	0	0	12	1	1	4	0	0	0	0	1	0	4	16	1	2	1	0	0	0	0	1	0	0	0	0	1	1	0
G[Ins(C):R5]A	5	0	0	0	6	0	1	0	0	0	0	0	0	0	0	6	1	0	1	1	0	0	16	2	0	0	0	0	0	3	23	0	0	0	31	0	0	0	9	0	1	0	4	0	0	39	2	2	0	0	0	0	0	2	1	4	0	0	0	0	0	0	2	0	1	41	15	0	0	0	0	1	54	0	0	0	0	0	0	0	1	0	12	0	0	0	1	28	0	0	11	0	0	3	0	0	0	0	0	0	18	0	8	0	0	33	0	33	0	0	0	16	1	0	0	3	17	0	0	29	0	0	32	0	1	1	42	2	0	0	0	0	1	2	1	0	0	4	1	879	1	1	0	0	7	4	0	1	1	0	0	5	0	0	43	0	0	5	56	0	1	0	3	30	0	0	0	1	7	0	1	0	1	0	11	0	0	0	9	0	0	0	0	0	0	0	20	6	0	11	0	0	1	0	2	23	0	1	0	12	0	0	0	0	0	0	3	4	0	0	0	0	0	2	0	0	4	0	2	0	0	0	1	9	13	0	1	12	0	1	3	0	7	0	0	19	0	0	2	1	1	0	0	0	0	2	20	4	0	0	0	0	0	0	1	0	1	1	0	0	0	0
G[Ins(C):R5]G	2	0	0	0	2	0	0	0	0	0	0	0	0	0	0	1	0	0	0	0	0	0	6	0	0	0	0	0	0	0	4	0	0	0	12	0	0	0	0	0	0	0	0	0	0	4	0	0	0	0	1	0	0	1	0	0	0	0	0	0	0	0	0	0	0	21	4	0	0	0	0	0	15	0	0	0	0	1	0	0	2	0	0	0	0	1	0	8	0	0	1	0	0	0	0	0	0	0	0	0	3	0	3	0	0	10	0	9	0	0	0	5	0	0	1	0	2	0	0	13	0	0	5	0	0	0	8	0	0	0	1	1	0	0	0	0	0	2	0	125	0	0	0	0	1	0	0	2	0	0	0	1	0	0	7	0	1	1	9	0	0	0	0	8	0	0	0	0	4	0	0	0	0	0	5	0	0	0	3	0	0	1	0	0	0	0	2	2	0	3	1	0	0	0	0	6	0	0	0	5	0	0	0	0	0	0	0	0	0	0	0	0	0	0	0	0	2	1	0	0	0	0	1	3	5	3	0	2	0	0	3	0	0	1	0	7	0	0	2	0	0	0	0	0	1	0	6	0	0	0	0	0	0	0	1	0	1	2	0	0	0	0
G[Ins(C):R5]T	8	3	0	0	7	1	0	0	0	0	0	0	0	1	0	2	1	0	0	0	1	0	23	1	0	0	1	0	0	0	28	0	2	0	26	0	0	0	5	0	1	0	1	0	0	28	3	0	0	0	0	0	0	3	0	2	2	0	1	0	0	0	1	0	0	49	22	0	0	0	0	0	57	0	0	0	0	0	0	1	0	0	6	2	1	0	0	32	0	1	9	0	0	0	3	2	0	0	0	1	23	0	9	0	0	79	1	44	1	0	0	24	1	2	0	1	29	0	0	55	0	0	41	1	0	0	48	0	1	0	0	0	2	0	0	0	0	2	0	512	0	0	0	1	6	2	0	0	1	0	0	4	0	0	54	1	0	2	95	1	0	0	1	32	0	0	0	0	1	0	1	0	2	0	18	1	0	0	14	1	0	0	1	0	0	0	41	8	0	14	0	1	0	0	0	21	0	0	0	12	0	2	5	0	1	0	0	4	0	0	1	1	1	2	0	0	4	0	0	1	0	0	0	16	14	4	2	23	0	0	13	0	13	0	0	36	0	2	6	0	0	0	0	0	0	1	21	1	0	0	0	0	0	1	2	0	0	0	0	0	1	0
G[Ins(C):R6]A	26	1	0	0	28	0	0	0	0	0	0	0	0	0	0	1	0	0	0	0	0	1	34	0	1	0	0	0	0	3	59	0	3	0	84	1	0	0	16	0	0	0	2	0	0	65	0	5	0	0	1	1	0	9	2	5	4	0	0	0	0	0	0	0	0	94	41	1	0	0	0	0	105	0	0	1	0	1	0	0	4	0	6	1	1	0	0	71	0	0	17	0	0	0	2	2	0	0	0	0	62	1	23	0	0	107	0	67	3	1	0	64	0	2	0	0	47	0	0	78	0	0	59	1	0	0	185	0	2	0	0	0	0	0	0	0	0	2	0	1284	0	1	0	0	19	0	0	0	0	0	0	12	1	0	91	0	0	12	163	0	0	0	5	61	0	2	0	1	4	0	0	0	2	0	45	0	0	0	20	3	0	2	0	0	1	0	66	12	0	24	1	0	1	0	2	57	0	0	1	25	2	0	4	0	2	1	2	6	0	2	3	0	0	2	0	0	7	1	2	0	0	1	2	38	28	2	1	26	0	1	20	0	28	0	0	45	0	1	13	1	0	1	0	0	1	2	91	0	0	0	0	1	2	0	6	0	0	2	1	0	2	0
G[Ins(C):R6]G	10	0	0	1	14	0	0	0	0	0	0	0	0	1	0	0	0	0	0	0	0	0	32	2	0	0	0	0	0	0	26	0	0	0	30	0	0	0	3	0	0	0	1	0	0	12	0	0	0	0	0	1	0	3	0	0	0	0	0	0	0	0	1	0	0	32	15	0	0	0	0	0	60	0	0	0	0	1	0	0	5	0	0	0	0	0	0	28	1	0	8	0	0	0	1	0	0	0	0	0	19	0	14	0	1	54	0	40	0	1	0	20	0	0	0	0	20	0	0	49	0	0	38	0	0	0	43	0	1	0	2	0	0	0	0	0	1	0	1	283	0	0	0	0	13	1	0	0	0	0	0	0	0	0	26	2	5	7	62	1	0	0	1	18	0	0	0	1	0	0	0	0	1	0	13	1	0	0	10	4	0	1	1	0	1	0	46	6	0	13	0	0	1	1	0	22	0	0	0	13	0	0	4	0	0	0	0	2	0	0	1	1	0	1	0	0	6	0	0	0	0	0	0	19	19	0	0	15	0	0	12	0	8	0	0	32	0	1	3	1	1	0	0	0	1	2	19	0	1	0	0	0	0	0	3	0	0	0	0	0	1	0
G[Ins(C):R6]T	14	1	0	3	18	0	0	0	0	2	0	0	0	0	0	0	0	0	0	0	0	0	36	0	0	0	0	0	2	0	34	0	0	0	40	0	0	0	6	0	0	0	0	2	1	47	0	3	0	0	0	0	0	9	1	2	1	0	0	0	0	0	0	0	0	58	33	0	1	0	0	0	89	0	0	1	0	0	0	1	1	0	3	0	1	0	0	41	2	0	12	0	0	0	1	0	0	0	0	0	46	0	23	0	0	80	0	55	2	0	0	45	0	1	0	0	19	0	0	61	0	0	47	1	0	0	71	1	2	0	3	0	0	0	0	1	0	1	1	769	0	0	0	2	13	0	0	1	0	0	0	4	0	0	60	0	0	3	127	0	0	0	7	43	1	2	0	3	1	1	1	0	0	2	32	1	0	0	5	0	0	1	0	0	0	0	40	13	0	16	0	0	1	1	0	27	0	0	1	15	0	0	2	0	0	0	2	3	0	2	0	0	0	1	1	0	3	0	1	0	0	0	1	24	13	1	0	24	0	1	23	0	17	0	0	34	0	1	11	0	0	0	0	0	0	2	40	0	0	0	0	0	1	0	4	0	0	0	1	0	4	0
G[Ins(C):R7]A	60	1	0	0	66	0	0	0	1	0	0	0	0	1	0	0	1	0	1	0	1	3	77	2	0	0	0	0	0	2	98	0	0	0	133	1	0	0	7	0	3	0	0	0	2	75	0	6	0	0	2	3	3	5	3	1	2	1	1	0	0	0	0	0	0	132	78	0	0	0	0	3	179	0	0	2	0	2	0	0	1	0	3	0	0	2	0	122	1	0	32	0	0	0	6	2	1	0	0	0	76	0	47	0	0	173	0	137	2	0	0	76	1	1	0	0	72	0	0	111	0	0	124	5	0	0	295	0	2	0	1	1	1	1	2	0	0	1	0	1075	0	0	0	2	56	0	0	0	0	0	1	9	6	1	111	0	0	12	180	0	2	1	6	102	0	1	0	0	0	0	1	0	0	0	83	5	0	0	36	9	0	2	0	0	0	0	99	23	0	74	0	1	3	0	2	98	1	0	1	57	0	1	5	2	0	0	1	25	0	1	2	3	1	3	1	0	19	1	1	4	0	1	0	71	47	0	0	69	0	0	30	0	54	1	0	121	0	8	12	3	0	1	1	0	1	0	154	1	0	2	0	0	0	1	6	0	0	1	0	1	2	0
G[Ins(C):R7]G	9	0	0	1	24	0	0	1	1	1	0	0	0	0	0	0	0	0	0	1	0	0	32	0	0	0	0	0	0	0	29	0	1	0	33	0	0	0	2	0	0	0	0	1	0	20	0	0	0	0	0	0	0	1	0	0	0	0	0	0	0	0	0	0	0	38	25	1	1	0	0	0	53	0	1	1	0	1	0	1	1	0	2	0	0	0	0	55	0	0	5	0	0	0	0	1	2	0	0	0	24	0	17	0	0	65	0	46	1	0	0	23	0	0	0	1	24	0	0	32	0	0	45	2	1	0	81	0	1	0	0	0	1	0	0	0	0	1	2	209	0	2	0	1	24	0	0	0	0	0	0	3	0	0	37	0	1	9	73	0	0	0	1	27	0	1	0	0	1	0	0	0	0	0	28	0	1	0	8	1	0	2	1	1	1	0	37	16	0	31	0	0	0	0	0	42	0	0	0	26	0	0	1	0	0	1	0	13	0	0	0	3	0	0	1	0	9	0	0	1	0	0	0	25	13	0	1	21	0	0	12	0	13	0	1	35	0	2	3	1	0	0	0	0	0	0	66	0	0	0	0	1	0	2	4	0	0	2	0	0	0	2
G[Ins(C):R7]T	21	0	0	1	15	0	0	0	0	0	0	0	0	0	0	0	1	0	0	0	1	0	31	0	0	0	0	0	1	2	38	0	0	0	40	1	0	0	4	0	1	0	0	1	0	36	0	3	0	0	0	0	0	2	0	1	0	0	0	0	0	0	0	0	0	41	18	0	0	1	0	0	57	0	0	0	0	3	0	0	0	0	2	0	1	1	0	39	0	1	4	0	0	0	1	2	0	0	0	0	30	0	18	0	0	68	0	51	2	0	0	35	0	0	0	0	21	0	0	40	0	0	50	2	0	0	68	0	0	0	0	0	1	0	0	0	0	0	0	545	0	0	0	1	21	0	0	0	0	0	0	2	0	0	60	0	0	7	68	1	0	0	2	30	1	0	1	0	1	0	1	0	0	0	31	0	0	0	6	3	0	0	0	0	0	0	34	11	2	19	1	0	1	0	0	37	0	1	0	30	0	0	3	1	0	0	0	6	0	0	1	0	0	0	0	0	7	0	0	1	0	1	0	15	22	0	0	22	0	0	16	0	22	0	0	31	0	3	3	0	0	0	0	0	0	0	37	0	0	1	0	1	0	0	6	0	0	0	1	0	1	0
G[Ins(C):R8]A	32	0	0	0	32	0	0	0	0	0	1	0	0	0	0	0	1	0	0	0	0	0	42	0	0	0	0	0	0	2	60	0	0	0	28	0	0	0	3	0	3	0	0	0	0	25	0	1	0	0	0	0	2	2	4	1	2	1	0	0	0	0	1	1	0	57	46	0	1	0	0	0	81	0	0	0	0	1	1	0	0	0	2	0	0	1	0	78	0	1	11	0	0	0	1	0	2	0	0	0	40	0	31	0	0	83	0	58	2	1	0	36	0	1	0	0	24	0	0	53	1	0	67	0	1	0	110	0	1	0	0	0	0	0	2	0	0	1	0	246	0	1	0	1	63	1	0	0	0	0	0	4	2	0	56	0	1	8	85	1	1	0	3	41	0	2	0	0	0	0	0	1	0	0	38	3	0	0	28	7	0	5	0	0	0	0	63	17	0	49	1	1	0	1	0	87	0	0	0	23	0	0	2	0	0	0	1	22	0	1	3	1	0	0	2	0	16	0	1	0	0	0	0	50	31	0	0	37	0	1	23	0	31	0	1	59	0	3	12	3	1	1	0	0	0	1	85	0	0	0	0	0	0	0	3	0	0	0	0	0	2	0
G[Ins(C):R8]G	5	1	0	0	3	0	0	0	0	0	0	0	0	0	0	0	0	0	0	0	0	0	9	0	0	0	0	0	0	0	8	0	0	0	9	1	0	0	0	0	1	0	0	0	0	3	0	0	0	0	0	0	0	0	0	0	0	0	0	0	0	0	0	0	1	3	10	0	0	0	0	0	9	0	0	0	0	0	0	0	1	0	0	0	0	0	0	11	0	0	1	0	0	0	0	0	0	0	0	0	6	0	4	0	0	15	0	14	0	0	0	7	0	0	1	0	5	1	0	4	0	0	15	0	0	0	28	0	0	0	0	0	0	0	0	0	0	0	0	48	0	0	0	0	14	0	0	0	0	0	0	1	2	0	15	0	0	1	15	0	0	0	2	9	0	1	0	0	0	0	0	0	0	0	10	0	0	0	3	1	0	2	1	0	0	0	11	5	0	13	0	0	1	0	0	30	0	0	0	1	0	0	0	0	0	0	0	8	0	0	0	0	0	0	0	0	3	0	0	1	0	0	0	11	6	0	0	5	0	0	3	0	6	0	0	10	0	0	2	1	0	0	0	0	0	0	14	0	0	0	0	0	0	0	1	0	0	0	0	0	0	0
G[Ins(C):R8]T	6	0	0	0	12	0	0	0	0	0	0	0	0	0	0	0	0	0	0	0	0	0	19	0	0	0	0	0	0	0	11	0	0	0	13	1	0	0	0	0	1	0	0	0	0	4	0	0	0	0	0	1	1	1	1	2	0	0	0	0	0	0	0	0	0	15	13	0	0	0	1	1	29	0	0	1	0	1	0	0	0	0	0	0	0	0	0	20	1	0	4	0	0	0	1	0	0	0	0	0	14	0	10	0	0	22	0	15	0	0	0	10	0	0	0	0	6	0	0	9	0	0	27	1	0	0	49	0	0	0	1	0	0	0	0	0	0	0	0	102	0	1	0	0	9	0	0	0	0	0	0	0	1	0	19	0	0	5	28	1	0	0	1	11	1	2	0	0	0	0	0	0	0	0	19	2	0	0	7	1	0	0	0	0	0	0	14	5	0	14	0	0	1	0	0	24	0	0	0	9	0	1	0	0	0	0	0	7	0	0	0	1	0	1	1	1	4	0	0	1	0	1	0	12	16	0	0	15	0	0	7	0	6	0	1	21	0	2	3	0	0	0	0	0	0	0	25	1	0	0	0	0	0	0	2	0	0	1	0	0	0	0
G[Ins(C):R(9,)]A	0	0	0	0	0	0	0	0	0	0	0	0	0	0	0	0	0	0	0	0	0	0	0	0	0	0	0	0	0	0	0	0	0	0	0	0	0	0	0	0	0	0	0	0	0	0	0	0	0	0	0	0	0	0	0	0	0	0	0	0	0	0	0	0	0	0	0	0	0	0	0	0	0	0	0	0	0	0	0	0	0	0	0	0	0	0	0	0	0	0	0	0	0	0	0	0	0	0	0	0	0	0	0	0	0	0	0	0	0	0	0	0	0	0	0	0	0	0	0	0	0	0	0	0	0	0	0	0	0	0	0	0	0	0	0	0	0	0	0	0	0	0	0	0	0	0	0	0	0	0	0	0	0	0	0	0	0	0	0	0	0	0	0	0	0	0	0	0	0	0	0	0	0	0	0	0	0	0	0	0	0	0	0	0	0	0	0	0	0	0	0	0	0	0	0	0	0	0	0	0	0	0	0	0	0	0	0	0	0	0	0	0	0	0	0	0	0	0	0	0	0	0	0	0	0	0	0	0	0	0	0	0	0	0	0	0	0	0	0	0	0	0	0	0	0	0	0	0	0	0	0	0	0	0	0	0	0	0	0	0	0	0
G[Ins(C):R(9,)]G	0	0	0	0	0	0	0	0	0	0	0	0	0	0	0	0	0	0	0	0	0	0	0	0	0	0	0	0	0	0	0	0	0	0	0	0	0	0	0	0	0	0	0	0	0	0	0	0	0	0	0	0	0	0	0	0	0	0	0	0	0	0	0	0	0	0	0	0	0	0	0	0	0	0	0	0	0	0	0	0	0	0	0	0	0	0	0	0	0	0	0	0	0	0	0	0	0	0	0	0	0	0	0	0	0	0	0	0	0	0	0	0	0	0	0	0	0	0	0	0	0	0	0	0	0	0	0	0	0	0	0	0	0	0	0	0	0	0	0	0	0	0	0	0	0	0	0	0	0	0	0	0	0	0	0	0	0	0	0	0	0	0	0	0	0	0	0	0	0	0	0	0	0	0	0	0	0	0	0	0	0	0	0	0	0	0	0	0	0	0	0	0	0	0	0	0	0	0	0	0	0	0	0	0	0	0	0	0	0	0	0	0	0	0	0	0	0	0	0	0	0	0	0	0	0	0	0	0	0	0	0	0	0	0	0	0	0	0	0	0	0	0	0	0	0	0	0	0	0	0	0	0	0	0	0	0	0	0	0	0	0	0
G[Ins(C):R(9,)]T	0	0	0	0	0	0	0	0	0	0	0	0	0	0	0	0	0	0	0	0	0	0	0	0	0	0	0	0	0	0	0	0	0	0	0	0	0	0	0	0	0	0	0	0	0	0	0	0	0	0	0	0	0	0	0	0	0	0	0	0	0	0	0	0	0	0	0	0	0	0	0	0	0	0	0	0	0	0	0	0	0	0	0	0	0	0	0	0	0	0	0	0	0	0	0	0	0	0	0	0	0	0	0	0	0	0	0	0	0	0	0	0	0	0	0	0	0	0	0	0	0	0	0	0	0	0	0	0	0	0	0	0	0	0	0	0	0	0	0	0	0	0	0	0	0	0	0	0	0	0	0	0	0	0	0	0	0	0	0	0	0	0	0	0	0	0	0	0	0	0	0	0	0	0	0	0	0	0	0	0	0	0	0	0	0	0	0	0	0	0	0	0	0	0	0	0	0	0	0	0	0	0	0	0	0	0	0	0	0	0	0	0	0	0	0	0	0	0	0	0	0	0	0	0	0	0	0	0	0	0	0	0	0	0	0	0	0	0	0	0	0	0	0	0	0	0	0	0	0	0	0	0	0	0	0	0	0	0	0	0	0	0
T[Ins(C):R0]A	0	0	0	3	2	0	0	0	1	0	0	3	0	0	0	1	0	0	0	0	0	0	0	5	2	0	0	0	0	0	1	0	2	0	0	0	1	0	9	0	1	0	1	0	3	1	0	0	0	0	0	0	0	0	0	2	0	0	0	0	0	0	1	0	2	5	1	0	1	0	0	1	2	0	0	0	0	1	0	0	0	0	2	1	0	2	0	0	0	0	1	0	0	1	0	0	0	0	0	0	1	1	0	0	0	2	0	2	0	1	0	0	0	0	0	0	0	0	0	2	0	0	5	1	1	2	8	1	7	0	0	0	0	0	0	0	0	1	1	32	4	0	0	0	6	1	1	21	1	0	1	7	0	2	23	0	1	2	17	3	1	2	5	1	1	1	0	1	1	0	0	1	0	1	4	0	0	1	6	1	1	0	1	0	2	0	5	2	1	2	0	0	3	1	1	2	0	1	0	0	0	1	1	0	0	0	3	2	0	1	0	1	0	2	0	0	0	0	1	0	1	0	3	8	5	1	0	1	0	0	5	0	1	0	0	5	0	1	1	1	1	0	0	0	0	2	6	1	0	0	1	1	0	1	2	1	0	0	0	0	6	0
T[Ins(C):R0]G	1	0	0	1	0	0	1	1	0	0	0	0	0	0	0	1	0	0	0	0	0	0	0	2	0	0	0	0	0	0	0	0	0	0	0	0	0	0	1	0	0	0	3	0	0	1	0	0	0	0	0	0	0	0	0	0	0	2	0	0	0	0	0	0	0	2	1	0	1	0	0	1	0	0	0	0	0	0	0	0	3	0	2	2	1	0	0	1	0	0	1	1	0	1	0	0	1	0	0	0	0	0	0	0	0	0	0	0	0	0	0	0	0	0	0	3	0	1	0	1	0	0	1	1	0	1	5	1	3	0	0	1	0	0	1	0	0	7	0	23	0	0	0	0	0	2	0	2	1	0	0	1	0	0	8	0	0	2	7	1	1	0	1	4	0	0	0	1	8	0	2	0	1	0	0	0	0	0	4	1	1	1	0	0	0	0	2	1	2	1	3	0	0	0	0	6	0	1	1	1	0	0	1	0	0	0	2	1	0	0	1	0	0	11	0	0	2	0	0	0	0	0	1	1	1	3	0	1	0	0	2	1	1	0	0	2	0	0	1	0	0	0	1	0	1	7	3	2	0	0	0	0	3	1	0	0	3	0	0	0	5	0
T[Ins(C):R0]T	32	4	0	32	15	0	14	0	1	1	2	10	0	1	0	3	2	0	0	1	1	4	78	8	1	0	0	0	3	9	97	0	7	0	24	1	4	0	68	0	9	1	12	1	4	17	1	15	0	0	2	0	1	1	6	28	8	8	2	0	0	0	17	0	3	67	40	5	2	0	2	7	217	1	4	6	0	3	0	0	12	2	55	5	17	8	1	72	4	3	25	2	1	6	7	7	8	1	0	1	45	0	34	0	2	66	0	23	12	0	0	29	2	4	0	3	49	1	0	56	1	0	44	3	0	97	112	0	51	0	1	0	1	0	0	1	0	9	3	164	3	2	3	3	23	3	3	2	0	1	3	28	6	4	58	3	1	11	58	113	4	0	21	39	1	7	5	12	6	2	2	2	4	1	19	4	1	6	47	14	0	7	4	1	0	1	31	13	4	38	1	3	1	3	5	47	5	1	2	14	1	2	4	5	2	9	2	19	1	4	15	3	1	4	3	3	8	0	1	5	4	1	5	44	26	12	2	27	0	1	15	3	11	3	0	37	0	6	9	4	0	3	0	4	2	14	74	4	6	1	3	2	1	3	10	0	5	2	6	4	4	2
T[Ins(C):R1]A	2	2	0	1	6	0	1	0	1	2	1	0	0	0	0	1	0	0	1	0	0	0	1	0	1	0	1	0	1	1	3	0	1	0	1	0	1	0	4	0	1	0	3	1	2	3	169	0	1	0	0	0	0	0	1	1	1	1	1	1	0	0	2	1	1	9	4	3	0	0	1	1	6	0	0	2	0	0	0	4	3	0	1	0	0	2	2	1	1	0	0	1	1	1	2	0	2	0	0	0	4	0	2	2	0	5	0	6	0	0	2	2	0	1	1	0	0	0	0	4	0	0	7	0	0	1	21	0	3	0	3	0	1	0	0	1	0	3	2	72	0	1	1	0	1	1	0	14	0	1	3	3	0	0	10	0	0	1	20	0	3	2	3	5	2	1	0	1	6	1	1	0	1	0	5	0	0	0	3	0	2	0	2	0	1	0	3	0	1	6	1	0	3	2	2	4	2	1	1	2	1	0	0	0	0	1	0	3	0	0	0	0	0	0	0	0	3	0	0	1	0	2	0	2	2	2	1	4	0	0	5	0	1	0	0	3	1	1	1	0	0	0	1	0	2	0	14	0	0	0	2	2	0	0	1	0	0	0	1	0	2	0
T[Ins(C):R1]G	0	0	0	0	0	1	0	0	0	0	0	0	0	0	0	1	0	0	0	0	0	0	0	0	0	0	0	0	0	0	2	0	0	0	1	0	0	0	0	0	0	0	0	0	0	1	24	0	0	0	0	0	1	0	0	0	0	0	1	0	0	0	0	0	0	0	2	0	0	0	0	2	2	0	0	0	0	0	0	0	1	0	1	0	0	0	0	1	0	0	0	0	0	3	0	0	0	0	0	0	0	0	0	0	0	0	1	1	0	0	0	0	1	0	0	1	0	0	0	0	0	0	1	0	0	0	1	0	0	0	0	0	0	0	0	0	0	3	0	8	1	0	0	0	0	0	0	1	0	0	0	1	0	0	1	0	0	2	2	0	0	0	0	0	0	0	0	0	1	0	0	0	0	1	0	0	0	0	1	0	0	0	0	0	0	0	0	0	0	0	0	0	0	0	0	0	1	0	0	1	0	0	0	0	0	0	1	1	0	0	0	0	0	0	0	0	0	0	0	0	0	0	2	0	0	1	0	0	0	0	0	0	1	0	0	0	0	1	0	0	0	0	0	0	0	1	1	0	0	1	0	0	0	0	0	0	2	0	0	0	2	0
T[Ins(C):R1]T	2	1	0	6	4	0	1	1	2	2	1	0	0	0	0	3	1	0	0	0	0	1	5	1	0	0	3	0	0	6	6	0	1	0	0	0	1	0	8	0	1	0	4	0	2	3	210	3	0	0	0	0	0	0	1	3	1	1	0	0	0	0	0	0	1	15	0	1	1	0	1	5	16	0	0	0	1	2	1	2	2	0	8	1	2	0	0	4	0	1	2	0	2	4	1	0	1	0	1	0	3	0	2	4	1	8	0	3	1	0	2	6	0	5	1	2	2	1	1	4	0	1	12	0	0	8	23	2	11	1	4	1	3	0	0	1	0	9	0	193	4	1	0	0	3	2	0	8	0	2	2	7	0	0	20	0	0	1	25	10	4	0	0	6	0	4	3	4	6	0	2	2	4	1	0	1	0	1	15	3	1	3	3	0	0	0	11	7	3	3	1	0	1	2	8	12	0	2	1	7	2	0	1	1	0	2	3	4	1	0	1	0	1	0	0	2	2	2	0	0	1	1	2	9	4	8	2	12	0	1	1	0	4	1	0	10	2	2	2	1	1	1	3	1	1	6	21	1	2	0	1	0	6	0	2	2	2	0	2	3	3	0
T[Ins(C):R2]A	1	0	0	0	1	1	0	0	4	0	0	0	1	0	1	4	1	0	0	0	0	0	1	0	0	0	0	0	0	0	4	0	1	0	2	0	1	0	3	0	1	0	5	0	1	5	106	0	0	0	0	1	0	0	2	0	2	1	0	0	0	0	0	0	1	7	2	2	1	0	0	1	10	0	2	0	0	0	1	1	1	0	6	1	0	0	0	1	0	0	1	0	0	0	0	1	1	0	0	0	3	0	1	1	1	6	0	1	0	0	0	2	0	2	0	1	5	2	0	1	0	0	5	0	0	1	18	3	1	1	0	0	1	0	0	0	1	4	0	48	4	2	1	1	1	0	0	2	0	1	0	1	1	0	5	0	0	1	18	1	1	0	0	5	1	0	0	0	3	0	2	1	0	0	3	2	2	0	2	0	0	2	0	0	0	0	1	0	0	3	1	0	0	1	1	6	2	0	0	1	1	1	1	1	0	1	0	1	0	0	0	0	0	2	0	0	0	0	0	1	0	0	0	3	2	8	0	1	0	0	3	0	3	0	0	2	1	2	2	1	0	0	0	1	2	3	5	0	0	1	0	0	1	0	1	0	0	0	0	0	0	0
T[Ins(C):R2]G	0	0	0	0	1	0	0	0	0	0	0	0	0	0	0	2	1	0	1	0	0	0	1	0	0	0	0	0	0	0	0	0	0	0	2	0	0	0	0	0	0	0	2	0	0	0	12	1	0	0	0	0	0	0	0	0	0	0	0	0	0	0	0	0	0	2	2	0	0	0	0	0	3	0	0	0	0	0	0	0	1	0	0	2	0	0	0	0	1	0	1	0	0	0	0	0	0	0	0	0	0	0	0	0	0	2	0	1	0	0	0	0	0	0	0	1	0	0	0	0	0	0	2	1	0	0	3	0	1	0	1	0	0	0	0	0	0	3	0	17	0	0	0	0	1	1	0	0	0	0	0	0	0	0	0	0	0	0	2	0	1	0	0	1	0	0	0	0	2	0	0	0	0	0	3	0	0	0	2	1	0	0	0	0	0	0	2	1	0	0	2	0	0	0	1	0	0	0	0	0	0	1	0	0	1	0	0	0	0	1	2	0	0	0	0	0	0	0	0	0	0	0	0	0	0	1	0	1	0	0	0	0	3	0	0	0	0	0	0	0	0	0	0	0	0	1	2	0	0	1	0	0	0	0	0	0	1	1	0	0	0	0
T[Ins(C):R2]T	0	1	0	3	1	3	1	0	4	0	0	0	0	1	0	3	0	0	0	0	0	0	3	3	0	0	2	0	0	1	3	0	1	0	5	0	0	0	7	0	0	0	0	1	0	11	131	5	0	0	0	0	0	0	1	4	0	2	0	1	0	0	0	1	0	14	3	0	1	0	1	2	11	1	0	0	0	0	0	1	3	0	8	1	1	1	1	4	0	0	1	0	0	1	1	1	0	1	1	0	2	0	1	1	1	4	0	6	1	0	1	7	0	0	1	2	0	2	0	1	0	0	7	1	0	1	22	2	9	1	3	0	0	0	1	0	0	7	1	78	1	0	0	1	3	1	0	7	1	0	2	7	1	2	29	0	1	1	55	7	1	0	3	10	0	0	1	0	7	1	1	1	1	0	1	0	0	0	5	0	0	1	0	0	0	0	4	3	0	2	2	1	1	3	1	7	1	2	1	5	0	0	0	1	0	0	1	1	0	1	0	0	3	3	0	1	2	0	0	0	1	1	1	4	1	6	0	0	1	0	4	1	3	0	0	4	0	0	1	1	3	0	0	0	1	4	22	2	0	0	1	0	0	0	1	0	0	0	1	2	1	1
T[Ins(C):R3]A	3	0	0	0	3	0	0	0	2	0	1	0	0	0	0	4	0	0	0	0	1	2	4	5	1	0	1	0	1	0	5	0	0	0	11	0	0	0	2	0	0	2	7	0	1	13	50	1	0	0	0	0	0	1	1	2	2	0	0	0	0	0	1	0	0	21	1	1	2	0	0	5	14	0	0	0	0	0	0	0	6	0	4	5	0	1	0	6	0	0	5	0	1	3	1	1	2	0	0	0	3	0	2	1	1	14	0	15	1	0	0	9	1	0	0	1	5	1	0	6	0	0	12	0	0	0	26	2	1	0	1	0	0	2	2	0	0	10	0	97	2	2	0	0	4	0	0	9	0	0	0	3	0	0	19	0	1	1	32	1	1	0	1	15	0	2	0	0	12	0	2	2	3	0	15	2	0	2	3	0	0	2	0	0	1	0	10	0	1	3	0	0	1	0	2	8	0	0	0	4	0	0	3	0	0	0	0	1	0	0	0	0	0	7	0	1	1	1	1	0	0	1	8	6	3	10	0	4	0	0	3	0	8	0	0	6	0	1	2	0	3	0	0	1	2	7	15	3	0	0	0	0	0	0	1	0	6	2	0	0	0	0
T[Ins(C):R3]G	2	0	0	0	1	0	0	0	0	0	0	0	0	0	0	1	2	0	0	0	0	0	0	4	0	0	0	0	0	0	0	0	0	0	5	0	0	0	0	0	0	0	6	0	1	2	7	0	0	0	0	0	0	0	0	0	0	0	0	0	0	0	0	0	0	11	1	0	0	0	0	2	8	0	0	0	0	0	0	0	2	0	0	1	0	0	1	2	0	0	1	0	0	0	0	0	0	0	0	0	3	0	1	0	0	5	0	5	0	0	0	2	0	0	0	1	2	1	0	1	0	0	3	0	0	0	9	0	0	0	0	0	0	0	1	0	0	5	0	17	0	0	0	0	0	1	0	1	0	1	0	1	0	0	1	0	0	1	9	0	0	0	0	4	0	1	0	0	3	1	0	0	1	0	4	0	0	0	1	0	0	0	1	0	0	0	3	1	0	0	0	0	0	1	1	4	0	0	0	0	1	0	1	0	0	0	1	0	0	0	0	1	0	5	1	0	0	0	0	0	0	0	0	3	0	5	0	1	0	0	2	0	4	0	0	0	0	2	0	0	0	0	0	0	0	6	6	1	2	0	0	0	0	0	0	0	1	0	0	0	1	0
T[Ins(C):R3]T	2	0	0	4	4	0	0	1	2	0	1	0	0	1	0	5	2	0	0	0	0	0	9	8	0	0	0	0	0	3	6	0	1	0	9	1	1	0	9	0	2	0	4	0	0	16	57	2	1	0	0	0	1	1	0	5	0	0	0	0	0	0	0	0	2	20	7	0	0	1	0	6	17	0	0	0	0	0	0	3	5	1	10	4	0	0	0	3	0	0	8	0	0	4	0	1	0	0	0	0	7	0	3	1	1	10	0	9	0	0	0	14	0	1	0	1	4	0	0	6	0	0	18	1	0	1	35	1	3	0	1	0	0	0	0	0	0	13	1	104	0	0	0	0	6	0	0	7	1	1	0	4	0	0	43	0	0	3	57	1	0	0	3	15	0	0	1	2	4	2	0	2	1	1	8	1	0	0	1	1	0	0	0	0	1	1	6	6	3	6	2	0	0	1	1	18	1	0	1	1	0	1	1	0	0	0	2	0	0	0	0	0	0	7	1	1	1	1	0	0	0	1	0	9	8	4	0	11	0	0	3	2	6	0	1	6	0	0	7	1	0	1	1	0	0	6	25	4	0	0	0	0	0	0	0	0	2	0	1	1	1	1
T[Ins(C):R4]A	48	1	0	3	51	0	0	0	1	0	0	0	0	0	0	10	0	0	0	1	0	3	80	14	0	0	2	0	0	5	94	0	1	0	160	0	0	0	4	1	2	1	7	1	0	42	12	5	0	0	1	1	0	24	3	1	2	2	0	0	0	0	4	0	1	76	47	0	2	1	0	11	175	0	1	2	0	1	0	0	3	0	4	7	5	1	1	122	0	0	25	1	0	4	0	0	2	0	0	0	72	0	50	0	0	122	0	116	0	0	1	37	0	1	1	3	41	0	0	99	0	0	197	0	0	0	131	1	1	1	1	0	2	0	0	0	1	18	0	6173	0	1	0	0	33	2	1	5	0	1	0	11	0	0	50	0	1	14	78	1	1	0	1	80	0	2	3	0	12	1	1	0	4	0	36	2	0	0	20	3	0	4	1	0	0	0	83	16	2	38	1	0	0	0	0	68	1	1	0	50	0	0	1	1	0	1	5	12	0	0	0	2	0	9	0	0	11	0	1	1	0	0	1	54	42	16	1	50	0	1	22	0	14	0	0	87	1	2	15	3	3	0	0	0	0	10	114	5	0	1	0	1	0	1	5	0	1	1	0	0	3	0
T[Ins(C):R4]G	2	0	0	0	2	0	0	0	0	0	0	0	0	0	1	1	0	0	0	0	0	0	5	1	0	0	0	0	0	0	4	0	0	0	12	0	0	0	2	0	0	0	1	0	0	6	3	0	0	0	0	0	0	1	0	0	0	0	0	0	0	0	0	0	0	19	0	0	0	0	1	0	8	0	0	0	0	0	0	0	1	0	0	1	0	0	1	1	0	0	1	0	0	1	0	0	0	0	0	0	5	0	3	0	0	4	0	9	0	0	0	4	0	0	0	0	6	0	0	2	0	0	10	0	0	0	8	0	0	0	0	0	0	0	0	0	0	3	0	160	0	0	0	0	2	1	0	1	0	0	0	0	0	0	3	0	2	1	8	0	0	0	1	14	0	0	0	0	0	0	0	0	0	1	9	0	0	0	0	0	0	0	0	0	1	0	5	1	0	5	0	0	0	0	0	9	0	0	0	4	0	0	0	0	0	0	0	0	0	0	0	0	0	0	0	0	0	0	1	0	0	0	0	1	6	1	0	8	0	0	5	0	2	0	0	4	0	1	1	0	1	0	0	0	0	2	9	0	0	0	0	0	0	0	0	0	0	0	0	0	0	0
T[Ins(C):R4]T	19	2	0	0	34	0	0	0	1	0	0	0	0	0	0	5	0	0	0	0	0	0	34	7	0	0	0	0	0	0	40	0	0	0	83	1	0	0	6	0	2	0	2	0	0	26	14	3	0	0	2	0	0	7	1	1	1	0	0	0	0	0	2	0	1	49	28	2	0	0	0	4	84	0	0	1	0	2	0	0	0	0	10	3	0	0	1	69	1	0	13	0	0	4	0	1	0	0	0	0	37	0	24	0	1	60	1	60	2	0	0	26	0	0	0	1	17	0	0	66	0	0	77	0	0	4	90	0	0	0	0	0	0	2	0	1	1	6	0	7786	0	2	1	0	18	0	0	5	1	0	1	0	2	2	40	0	0	9	74	1	0	0	1	31	0	1	1	0	8	1	0	1	0	0	21	3	0	0	13	1	0	1	1	0	1	0	49	13	0	24	1	1	0	0	4	47	0	0	0	19	0	0	0	0	0	1	1	5	0	0	0	0	0	2	0	1	11	0	0	2	0	0	2	28	24	13	0	21	0	0	18	1	12	0	0	41	0	3	5	1	1	0	0	0	0	3	53	0	1	1	0	0	0	1	2	0	0	0	2	0	4	1
T[Ins(C):R5]A	13	0	0	2	17	0	0	0	0	0	0	0	0	0	0	4	0	0	0	0	0	0	31	7	0	0	0	0	0	3	32	0	4	0	49	0	0	0	3	0	0	1	4	0	1	38	6	3	0	0	1	0	1	4	1	2	1	0	2	0	0	0	0	0	1	50	16	0	2	0	1	5	77	0	0	2	0	0	0	1	2	0	13	2	0	1	0	38	0	1	8	1	0	2	5	1	0	0	0	0	24	0	16	0	0	53	0	38	1	0	0	34	0	0	0	0	13	0	0	51	0	0	54	1	0	0	72	0	0	0	1	0	1	2	0	0	0	7	0	2246	0	0	0	2	10	4	0	0	0	0	1	9	2	0	62	0	1	4	72	0	0	0	4	45	0	1	0	0	10	0	0	0	0	0	18	1	0	0	3	4	0	4	0	0	0	0	35	6	4	11	1	0	0	0	1	23	0	0	0	19	0	0	1	0	0	0	1	3	0	0	0	1	0	8	2	2	9	0	1	0	0	0	3	22	27	9	0	13	0	0	14	0	22	0	0	30	0	1	7	0	1	0	0	0	1	5	46	1	0	0	0	0	0	0	2	0	2	6	0	0	2	0
T[Ins(C):R5]G	3	0	0	0	1	0	0	0	1	0	0	0	0	0	0	1	0	0	0	0	0	0	8	0	0	0	0	0	0	0	6	0	0	0	6	0	0	0	1	0	0	0	1	0	0	4	0	1	0	0	0	0	0	1	0	0	0	0	0	0	0	0	0	0	2	9	4	0	0	0	0	1	11	0	1	0	0	0	0	0	0	0	1	0	0	0	0	8	0	0	5	0	0	1	0	1	1	0	0	0	5	0	3	0	0	7	0	8	2	0	0	5	0	0	0	0	1	0	0	10	0	0	9	0	0	0	18	0	0	0	0	1	0	2	0	0	0	1	0	243	1	0	0	0	0	0	0	0	0	0	0	0	1	0	5	0	2	4	6	0	0	0	0	7	0	1	0	0	2	1	0	0	2	0	8	0	0	0	1	1	0	0	0	0	1	0	6	3	0	3	0	0	1	0	0	8	0	0	0	1	0	0	0	0	0	0	0	0	0	0	0	0	0	2	1	0	2	0	0	0	0	0	0	0	2	1	0	5	0	0	1	0	3	0	0	2	0	0	1	0	0	0	0	1	0	2	14	1	0	0	0	0	0	0	0	0	0	0	0	0	0	0
T[Ins(C):R5]T	18	0	0	1	13	0	0	1	2	0	0	0	0	0	0	3	0	0	0	0	1	1	38	2	0	0	0	0	0	4	42	0	0	0	66	1	0	0	5	0	0	0	1	0	1	36	4	0	0	0	1	0	1	2	1	4	3	1	0	0	0	0	1	0	1	58	22	0	0	0	0	4	78	0	1	2	0	1	0	0	2	0	8	1	1	1	1	33	0	1	12	0	0	2	3	2	0	0	0	0	39	0	17	0	0	81	0	55	6	0	0	33	1	2	0	0	22	0	0	66	0	0	47	2	0	0	125	0	0	0	0	0	1	0	1	0	0	1	0	1678	0	0	0	0	11	0	0	0	1	1	1	2	1	0	63	0	0	7	100	0	1	0	2	37	1	0	0	0	5	1	1	0	1	0	24	2	0	0	12	4	0	0	0	0	0	1	34	8	1	15	0	0	0	1	2	32	0	1	0	11	0	0	3	0	0	0	1	6	0	0	0	1	2	3	0	0	7	0	0	1	0	1	0	26	15	6	0	25	1	0	13	1	15	0	0	35	0	2	10	0	0	0	0	0	0	5	50	3	0	1	0	1	0	1	2	0	1	0	0	0	0	0
T[Ins(C):R6]A	17	3	0	1	28	0	0	0	0	0	0	0	0	0	0	3	0	0	0	0	1	1	45	1	0	0	0	0	0	1	47	0	0	0	64	0	0	0	8	0	3	0	1	0	0	62	1	6	0	0	1	0	0	11	0	4	1	2	0	0	0	0	0	0	3	69	36	0	0	0	0	3	102	0	0	0	0	1	0	0	2	0	9	1	2	0	1	58	2	0	15	0	0	1	1	1	0	0	0	0	39	0	32	0	0	70	0	68	2	0	0	55	0	1	1	0	25	0	0	67	0	0	77	1	0	0	189	0	1	0	0	0	0	4	1	0	1	3	1	1783	1	0	0	2	19	0	0	1	0	0	0	10	2	1	108	0	0	12	134	0	2	0	6	32	0	4	1	0	8	0	0	0	2	0	44	0	0	0	16	3	0	3	0	0	0	0	44	5	2	30	1	1	1	1	0	43	0	0	0	20	0	0	3	1	1	1	1	5	0	0	1	2	0	2	1	0	9	0	0	2	0	0	2	34	18	12	0	33	0	1	22	0	26	0	0	45	0	3	17	1	0	0	0	0	1	4	74	2	0	0	0	0	0	1	3	0	0	1	0	0	2	0
T[Ins(C):R6]G	7	1	0	0	9	0	1	0	1	0	0	0	0	0	0	0	1	0	0	0	0	0	11	0	0	0	0	0	0	0	12	0	0	0	15	0	0	0	1	0	0	0	2	0	0	10	0	0	0	0	1	0	0	1	0	0	0	2	0	0	0	0	0	0	0	34	13	0	0	0	0	1	25	0	0	0	0	0	0	0	1	0	0	0	0	0	0	17	0	1	4	0	0	0	0	0	0	0	0	0	9	0	10	0	1	30	0	23	0	0	0	13	1	0	0	0	13	0	0	21	0	0	26	0	0	1	36	1	0	0	0	0	0	0	0	0	0	0	0	382	0	0	0	0	4	0	0	0	1	0	0	1	1	0	20	0	1	4	21	0	0	0	1	9	0	0	1	0	0	0	1	0	0	0	10	0	0	0	4	1	0	0	2	0	0	0	12	1	0	3	2	0	1	0	0	15	0	1	0	2	0	0	1	0	0	0	0	1	0	1	0	0	0	0	0	0	1	0	0	0	0	0	0	7	10	2	2	7	0	0	7	0	10	0	0	11	0	0	6	0	0	0	1	0	0	2	24	0	0	0	0	0	0	0	1	0	0	0	0	0	0	0
T[Ins(C):R6]T	15	0	0	0	18	0	0	0	0	0	0	0	0	0	0	2	0	0	0	0	0	1	20	1	0	0	0	0	0	0	30	0	2	0	35	0	0	0	4	0	0	0	2	0	0	42	0	4	0	0	0	0	0	5	0	3	2	0	0	0	0	0	1	0	1	35	21	0	0	0	0	1	51	0	0	1	0	1	0	0	0	0	3	4	1	0	0	21	0	0	14	0	0	1	4	1	1	1	0	0	29	0	10	0	0	52	1	21	3	0	0	44	0	0	0	0	17	0	0	34	0	0	40	2	0	0	79	1	1	0	0	1	0	0	0	0	1	4	0	1132	1	0	0	0	14	0	0	0	0	0	0	4	1	0	85	0	0	6	117	0	0	0	2	10	0	1	0	1	2	0	1	0	0	0	15	1	0	0	9	0	0	3	0	0	0	0	24	4	0	17	0	0	1	0	1	32	1	0	0	11	0	2	0	0	0	0	0	7	0	2	0	0	0	0	0	0	8	0	0	0	0	0	0	13	15	1	0	12	0	0	12	0	10	0	0	23	0	0	9	0	0	0	0	0	1	1	50	0	0	0	0	0	0	0	3	0	0	0	0	0	1	0
T[Ins(C):R7]A	52	0	0	2	69	0	1	0	1	1	0	0	0	0	0	0	0	0	0	0	1	0	90	2	1	0	0	0	1	6	103	0	1	1	124	1	0	0	13	0	9	0	0	0	1	63	0	2	0	0	2	0	1	8	3	1	1	1	1	0	0	0	1	1	0	121	57	0	0	0	0	0	139	0	0	4	0	0	1	0	0	0	3	0	0	2	0	115	1	2	24	0	0	2	4	4	1	0	0	0	79	0	53	0	1	162	3	112	3	1	0	82	0	2	1	0	41	0	1	110	0	0	111	8	0	0	345	1	1	1	0	0	0	1	1	0	0	0	0	1233	0	2	0	0	55	1	0	0	1	0	0	9	5	0	107	0	0	24	151	0	0	2	3	70	1	4	0	0	2	0	0	0	1	0	58	1	0	1	29	6	0	1	1	2	0	1	82	26	0	75	0	0	6	2	1	118	2	0	0	36	0	1	4	0	1	0	0	16	0	1	4	2	1	1	0	0	12	1	0	2	0	1	0	73	36	2	1	61	0	2	33	1	59	0	0	87	0	6	14	3	1	0	0	1	1	2	160	1	0	0	0	1	0	0	5	0	1	1	1	0	3	0
T[Ins(C):R7]G	8	0	0	0	17	0	0	0	0	0	0	0	0	0	0	0	0	0	0	0	0	0	19	0	0	0	0	0	0	1	18	0	0	0	33	0	0	0	3	0	1	0	0	0	0	19	0	0	0	0	0	0	0	1	0	0	1	0	0	0	0	0	0	0	0	40	16	0	0	0	0	1	43	0	0	0	0	1	0	0	1	0	1	0	0	1	0	45	1	0	4	0	0	0	0	1	0	0	0	0	19	0	9	0	0	36	0	32	1	0	1	15	1	1	0	0	20	0	0	34	0	0	26	1	0	0	88	0	0	0	0	0	0	1	0	0	0	0	0	197	0	0	0	1	14	0	0	0	0	0	0	6	1	0	23	0	0	9	52	0	0	0	1	17	0	1	1	0	1	0	0	1	1	0	20	1	0	0	7	1	0	1	0	0	0	0	31	8	0	12	0	0	1	1	0	39	1	0	0	14	0	1	2	0	0	0	0	6	0	0	1	1	0	0	0	0	5	1	0	2	1	0	0	22	12	1	0	15	0	0	12	0	17	0	0	28	0	0	6	2	0	0	0	0	0	1	57	0	0	0	0	0	1	2	1	0	0	0	0	0	3	0
T[Ins(C):R7]T	17	1	0	0	21	0	0	1	0	0	1	0	0	0	0	0	0	0	0	0	0	1	24	1	1	0	0	0	0	1	31	0	1	0	41	1	0	0	5	0	2	0	0	0	0	26	0	1	0	0	1	0	0	0	0	1	0	0	0	0	0	0	0	0	1	44	25	0	1	0	0	0	57	0	1	0	0	0	0	0	1	0	1	1	0	0	0	43	1	0	15	0	0	0	0	0	2	0	0	0	26	0	18	0	0	57	1	30	1	0	0	33	0	0	0	0	17	0	1	51	0	0	45	1	0	0	122	0	0	0	0	0	0	0	0	0	0	2	0	761	0	1	0	1	22	1	1	0	1	0	0	8	1	0	53	0	0	2	68	1	1	0	1	33	0	1	1	0	0	0	0	0	0	2	23	2	0	0	9	1	0	2	0	0	0	0	27	10	0	21	0	0	2	0	0	35	0	1	0	13	0	0	1	0	0	0	0	14	0	1	1	1	1	0	1	0	11	0	0	0	1	0	0	18	25	0	2	20	0	1	8	0	20	0	0	36	0	1	3	1	1	3	1	1	0	1	50	0	0	1	0	0	0	1	4	0	0	0	0	0	0	0
T[Ins(C):R8]A	34	0	0	0	29	0	0	0	0	1	0	0	0	0	0	0	0	0	0	0	0	2	38	0	0	0	1	0	1	1	51	0	2	0	35	1	0	0	4	0	1	0	0	0	0	28	0	2	0	0	1	0	2	5	2	0	0	0	0	0	0	0	1	0	0	46	38	0	1	0	0	0	91	1	1	6	0	2	0	0	1	0	1	0	0	3	0	53	1	1	17	0	0	1	3	0	2	0	0	0	39	0	26	0	0	55	1	45	4	0	0	37	0	0	0	0	26	0	0	38	0	0	57	3	0	1	213	0	2	0	0	0	0	0	1	1	2	0	1	238	0	1	0	3	43	0	0	0	1	0	2	6	3	0	56	0	2	17	107	0	0	0	2	37	0	2	0	0	0	0	0	1	0	0	50	2	0	0	28	8	0	2	1	0	0	0	49	18	0	61	1	0	2	0	0	84	0	0	0	22	0	1	1	1	1	0	0	19	0	0	2	4	0	1	0	0	24	1	0	1	1	1	0	37	47	0	0	35	0	1	19	0	25	0	0	63	0	4	16	4	0	1	0	0	0	0	96	2	0	1	0	0	0	2	8	1	0	0	0	0	3	0
T[Ins(C):R8]G	2	0	0	0	4	0	0	0	0	0	0	0	0	0	0	0	0	0	0	0	0	0	4	0	0	0	0	0	0	0	5	0	0	0	3	0	0	0	0	0	1	0	0	0	0	2	0	0	0	0	0	1	0	1	0	0	0	0	0	0	0	0	0	0	0	3	5	0	0	0	0	0	14	0	0	0	0	1	1	0	0	0	0	0	1	0	0	7	0	0	3	0	0	0	0	0	1	0	1	0	1	0	2	0	1	6	0	9	1	0	0	3	0	0	0	0	2	0	0	5	0	0	11	0	0	0	34	0	0	0	0	0	0	0	0	0	0	0	0	35	0	0	0	0	9	0	0	0	0	0	0	1	0	0	18	0	0	1	18	0	0	0	0	5	0	0	0	0	0	0	1	0	0	0	5	1	1	0	4	1	0	0	1	0	0	0	11	1	0	10	0	0	0	1	0	16	0	0	0	7	0	0	0	0	0	0	0	7	0	1	0	0	0	0	1	0	8	1	0	1	0	0	0	12	6	0	0	8	0	0	5	0	9	0	0	15	0	0	1	0	0	1	0	0	0	0	16	0	0	0	0	1	1	1	0	0	0	0	0	0	0	0
T[Ins(C):R8]T	7	1	0	1	5	0	0	0	0	0	0	0	0	0	0	0	0	0	0	0	0	0	20	0	1	0	0	0	0	0	9	0	0	0	13	0	0	0	0	0	1	0	0	0	0	6	0	2	0	0	1	0	0	1	0	0	0	1	0	0	0	0	0	0	0	16	3	0	0	0	1	0	22	0	0	1	0	0	0	0	0	0	0	0	0	0	0	12	1	1	3	0	0	0	0	2	1	0	0	0	12	0	10	0	0	13	0	10	0	0	0	14	0	0	0	0	8	0	0	12	0	0	13	0	0	1	67	0	0	0	0	0	0	0	1	0	0	0	0	112	0	1	1	1	7	0	0	0	1	1	1	2	1	0	24	0	0	4	35	1	0	0	0	11	1	1	0	1	0	0	0	1	1	0	6	2	1	0	14	3	0	0	0	0	0	0	12	9	0	16	0	0	2	0	1	36	0	0	0	6	0	1	2	0	0	1	1	7	0	0	2	1	0	1	0	0	7	0	0	0	0	0	0	12	14	1	1	13	0	0	8	1	8	0	0	17	0	1	4	2	1	0	0	0	0	0	36	0	0	0	1	0	0	0	0	0	0	0	1	0	2	0
T[Ins(C):R(9,)]A	0	0	0	0	0	0	0	0	0	0	0	0	0	0	0	0	0	0	0	0	0	0	0	0	0	0	0	0	0	0	0	0	0	0	0	0	0	0	0	0	0	0	0	0	0	0	0	0	0	0	0	0	0	0	0	0	0	0	0	0	0	0	0	0	0	0	0	0	0	0	0	0	0	0	0	0	0	0	0	0	0	0	0	0	0	0	0	0	0	0	0	0	0	0	0	0	0	0	0	0	0	0	0	0	0	0	0	0	0	0	0	0	0	0	0	0	0	0	0	0	0	0	0	0	0	0	0	0	0	0	0	0	0	0	0	0	0	0	0	0	0	0	0	0	0	0	0	0	0	0	0	0	0	0	0	0	0	0	0	0	0	0	0	0	0	0	0	0	0	0	0	0	0	0	0	0	0	0	0	0	0	0	0	0	0	0	0	0	0	0	0	0	0	0	0	0	0	0	0	0	0	0	0	0	0	0	0	0	0	0	0	0	0	0	0	0	0	0	0	0	0	0	0	0	0	0	0	0	0	0	0	0	0	0	0	0	0	0	0	0	0	0	0	0	0	0	0	0	0	0	0	0	0	0	0	0	0	0	0	0	0	0
T[Ins(C):R(9,)]G	0	0	0	0	0	0	0	0	0	0	0	0	0	0	0	0	0	0	0	0	0	0	0	0	0	0	0	0	0	0	0	0	0	0	0	0	0	0	0	0	0	0	0	0	0	0	0	0	0	0	0	0	0	0	0	0	0	0	0	0	0	0	0	0	0	0	0	0	0	0	0	0	0	0	0	0	0	0	0	0	0	0	0	0	0	0	0	0	0	0	0	0	0	0	0	0	0	0	0	0	0	0	0	0	0	0	0	0	0	0	0	0	0	0	0	0	0	0	0	0	0	0	0	0	0	0	0	0	0	0	0	0	0	0	0	0	0	0	0	0	0	0	0	0	0	0	0	0	0	0	0	0	0	0	0	0	0	0	0	0	0	0	0	0	0	0	0	0	0	0	0	0	0	0	0	0	0	0	0	0	0	0	0	0	0	0	0	0	0	0	0	0	0	0	0	0	0	0	0	0	0	0	0	0	0	0	0	0	0	0	0	0	0	0	0	0	0	0	0	0	0	0	0	0	0	0	0	0	0	0	0	0	0	0	0	0	0	0	0	0	0	0	0	0	0	0	0	0	0	0	0	0	0	0	0	0	0	0	0	0	0	0
T[Ins(C):R(9,)]T	0	0	0	0	0	0	0	0	0	0	0	0	0	0	0	0	0	0	0	0	0	0	0	0	0	0	0	0	0	0	0	0	0	0	0	0	0	0	0	0	0	0	0	0	0	0	0	0	0	0	0	0	0	0	0	0	0	0	0	0	0	0	0	0	0	0	0	0	0	0	0	0	0	0	0	0	0	0	0	0	0	0	0	0	0	0	0	0	0	0	0	0	0	0	0	0	0	0	0	0	0	0	0	0	0	0	0	0	0	0	0	0	0	0	0	0	0	0	0	0	0	0	0	0	0	0	0	0	0	0	0	0	0	0	0	0	0	0	0	0	0	0	0	0	0	0	0	0	0	0	0	0	0	0	0	0	0	0	0	0	0	0	0	0	0	0	0	0	0	0	0	0	0	0	0	0	0	0	0	0	0	0	0	0	0	0	0	0	0	0	0	0	0	0	0	0	0	0	0	0	0	0	0	0	0	0	0	0	0	0	0	0	0	0	0	0	0	0	0	0	0	0	0	0	0	0	0	0	0	0	0	0	0	0	0	0	0	0	0	0	0	0	0	0	0	0	0	0	0	0	0	0	0	0	0	0	0	0	0	0	0	0
A[Ins(T):R0]A	18	3	0	40	6	3	40	1	2	0	1	17	0	1	0	10	2	0	0	3	2	6	38	6	4	0	3	0	4	20	47	0	13	0	14	2	6	0	87	0	10	3	5	0	9	68	1	33	0	0	1	1	0	2	3	44	11	8	2	0	0	0	10	1	7	53	31	4	5	3	3	2	87	1	2	3	1	4	0	3	9	1	120	7	1	4	1	46	1	1	17	3	2	3	8	5	9	1	0	1	41	0	29	1	2	52	2	23	8	0	3	63	2	27	0	2	25	4	0	48	3	0	105	12	1	96	91	8	114	0	6	5	5	0	6	1	2	19	11	295	2	9	0	11	53	4	1	4	3	2	3	131	13	1	263	2	1	16	232	170	7	5	58	67	5	17	6	18	14	4	4	2	3	2	70	7	0	20	107	17	2	14	5	1	6	2	68	35	8	93	3	2	18	7	10	101	1	4	6	53	3	4	19	4	7	17	5	31	0	5	31	10	3	14	5	3	41	7	5	12	6	4	8	71	62	23	4	63	1	3	35	3	46	5	4	113	2	15	10	17	6	2	4	5	4	10	95	10	6	5	4	0	9	4	22	0	7	1	10	12	19	2
A[Ins(T):R0]C	1	0	0	1	1	1	2	1	2	0	0	4	0	0	0	13	0	0	0	1	0	1	1	3	2	0	1	0	0	1	4	0	0	0	2	0	0	0	2	0	1	0	5	0	0	4	0	2	0	0	0	0	0	0	0	1	0	2	0	0	0	0	1	0	1	4	0	2	2	0	0	2	1	1	0	0	0	0	0	0	5	0	4	3	1	0	1	0	1	0	1	1	0	3	0	0	1	2	0	0	1	0	1	3	0	2	0	0	2	1	0	0	0	0	0	0	0	0	0	1	1	0	4	0	0	5	5	1	4	1	3	0	0	0	0	0	1	8	0	18	1	2	0	0	0	3	0	4	1	1	1	1	0	0	32	0	0	0	25	7	2	0	0	6	1	0	1	1	9	1	1	0	1	0	2	1	0	1	7	1	0	1	0	0	0	1	0	5	1	4	2	0	0	1	5	1	0	3	0	2	0	0	0	0	0	2	4	4	0	0	1	0	0	8	0	0	2	0	0	3	1	1	3	1	2	13	1	3	0	0	6	1	1	0	0	2	0	0	0	2	1	2	1	0	1	3	6	4	0	0	0	0	2	0	3	0	2	1	0	1	1	0
A[Ins(T):R0]G	15	1	0	1	19	1	2	0	1	0	0	8	0	0	0	23	1	0	0	0	0	1	11	8	3	0	0	0	1	12	29	0	8	0	19	0	1	0	94	0	1	2	4	1	4	192	0	17	1	0	2	0	0	1	2	27	3	1	1	0	0	0	1	0	3	36	14	2	3	1	0	1	33	1	0	1	0	2	0	2	12	0	138	6	3	0	0	14	0	1	9	0	0	5	2	0	2	0	0	0	16	0	4	0	3	43	1	28	3	0	0	52	0	10	0	5	4	0	0	40	0	0	36	3	0	4	25	3	12	2	1	1	1	3	0	0	0	21	1	31	1	1	0	0	3	6	2	2	1	1	1	41	3	0	183	0	0	16	924	6	5	0	41	28	2	0	2	1	18	0	2	1	10	2	8	6	1	3	20	2	0	2	2	0	0	1	23	3	4	9	2	2	1	1	11	12	1	3	1	13	2	0	2	0	0	1	5	0	1	2	4	1	1	20	1	1	4	2	1	0	3	0	4	13	23	20	0	13	0	0	18	5	13	0	0	29	0	3	2	3	1	1	2	1	2	20	27	11	0	0	0	0	2	1	1	0	4	14	3	1	0	0
A[Ins(T):R1]A	2	4	0	13	5	0	2	2	14	2	1	4	1	1	1	9	3	0	2	0	1	1	2	6	1	1	1	0	1	1	10	0	4	1	4	3	0	0	27	0	8	8	3	2	5	14	160	4	1	0	3	3	4	0	1	1	2	3	10	1	0	0	6	0	1	24	6	4	5	1	0	5	18	1	3	5	0	2	0	7	4	0	13	8	4	2	1	3	3	1	11	3	3	4	6	0	5	0	0	0	6	2	7	12	1	7	1	6	3	1	3	13	3	2	2	5	3	4	1	10	2	0	12	5	1	37	18	6	18	1	11	3	2	1	0	3	2	9	9	102	5	4	4	3	4	4	1	29	0	1	2	6	5	3	57	3	1	1	41	56	3	0	3	16	3	2	3	6	7	3	35	3	2	1	10	3	1	4	22	5	0	5	5	20	2	3	8	7	4	10	2	3	6	5	2	16	4	4	1	10	1	0	6	1	4	2	3	4	4	3	9	1	2	13	3	3	3	2	0	4	3	3	7	11	13	19	1	20	0	2	13	3	6	4	2	18	2	4	5	7	2	0	1	3	10	9	16	5	5	3	1	1	5	4	3	2	2	3	2	1	10	4
A[Ins(T):R1]C	0	0	0	7	1	0	1	0	7	0	1	1	0	0	0	6	0	0	1	0	0	0	0	1	3	0	3	0	0	0	9	0	1	1	2	0	2	0	8	0	0	6	6	0	2	12	178	1	0	0	2	1	0	0	0	0	3	0	3	2	0	0	1	0	1	9	3	1	2	0	0	2	9	0	2	0	0	1	1	2	0	0	5	2	1	2	3	4	1	2	2	1	3	3	1	1	1	0	0	0	1	0	1	2	0	7	1	1	1	0	1	6	0	2	1	1	3	0	1	4	0	0	5	0	1	4	6	0	9	0	0	0	1	2	0	0	0	7	1	29	1	0	0	0	2	5	0	3	0	0	3	8	0	0	39	1	0	2	46	9	0	0	1	2	0	0	2	3	4	1	7	0	0	1	2	1	1	2	37	1	0	2	0	1	1	1	3	1	1	0	1	1	0	4	1	1	0	0	1	0	0	2	0	3	0	0	2	0	0	2	0	2	2	4	0	0	0	1	0	0	3	1	0	4	2	5	1	6	1	2	6	3	0	2	1	7	0	0	1	1	3	0	0	1	2	4	4	1	1	0	1	0	0	0	1	0	3	3	3	2	1	2
A[Ins(T):R1]G	10	0	0	6	4	0	3	1	17	2	0	2	0	1	0	57	11	0	2	0	1	0	11	43	0	0	6	0	0	3	19	0	0	0	10	0	3	0	21	0	2	9	28	0	1	34	243	3	0	0	0	1	1	2	1	6	0	2	14	1	0	0	2	0	1	33	9	4	3	0	2	13	18	0	1	1	0	0	0	5	37	0	24	41	1	1	3	15	1	1	13	3	2	35	3	6	0	2	0	1	9	1	6	8	5	18	1	5	1	1	0	20	0	4	0	8	4	4	1	14	1	1	21	1	0	8	10	2	16	0	8	0	2	0	1	1	0	74	0	30	3	0	0	0	1	10	1	6	0	0	2	15	0	0	45	0	1	4	87	22	3	1	6	26	2	2	0	2	48	3	31	0	12	1	4	4	1	3	20	1	0	1	0	20	1	1	10	1	13	1	3	0	1	3	15	8	2	2	2	5	1	1	5	0	1	0	24	3	0	3	5	1	1	70	1	0	4	2	0	1	0	1	22	10	10	92	0	32	0	1	15	9	10	1	0	10	0	0	4	2	5	2	1	2	3	69	8	24	1	2	2	0	3	0	4	3	21	1	3	3	2	0
A[Ins(T):R2]A	6	2	0	5	3	1	1	0	24	0	0	0	0	0	0	2	0	0	1	0	0	1	16	1	0	0	1	0	3	0	24	0	3	1	16	3	0	0	13	0	0	6	2	1	3	12	92	6	0	0	2	1	1	2	3	6	4	1	2	3	0	0	3	0	1	41	19	1	2	0	2	0	39	1	2	1	1	2	0	5	5	1	13	5	2	3	2	16	2	2	15	3	3	2	3	2	2	1	0	0	13	0	14	7	2	28	0	22	5	0	1	10	0	4	2	0	8	7	1	22	0	0	22	3	3	9	27	4	11	0	15	2	1	1	0	1	1	5	3	126	2	1	0	4	15	1	0	79	0	0	2	12	4	0	53	0	0	8	50	18	2	0	5	36	1	5	4	1	5	3	8	1	3	3	20	2	0	2	22	7	0	12	0	4	1	2	21	9	3	18	3	2	11	3	0	23	2	0	1	15	1	3	9	4	1	13	2	6	1	2	11	1	0	7	1	1	7	3	3	2	2	3	2	13	22	4	2	28	0	0	24	0	18	0	0	19	1	1	1	1	0	2	1	0	3	7	25	3	3	2	0	1	4	3	2	0	0	1	3	1	5	0
A[Ins(T):R2]C	4	0	0	2	6	0	1	3	6	1	0	1	0	0	1	1	1	0	1	0	1	1	8	2	0	0	1	0	1	3	7	0	3	0	4	1	0	0	8	0	0	4	2	0	1	14	112	2	1	0	0	1	2	0	0	1	2	1	1	2	0	0	1	0	0	44	10	1	1	0	1	0	18	0	0	1	0	1	0	6	2	0	6	2	0	1	3	8	0	0	11	0	1	3	1	0	0	0	0	0	3	1	5	8	3	14	0	12	2	1	0	10	0	1	0	1	11	5	0	11	3	1	8	1	0	3	5	0	24	0	4	0	1	0	0	0	1	3	5	42	2	0	0	2	2	0	1	2	0	0	0	3	1	1	22	1	0	1	32	6	2	0	0	30	1	1	2	3	2	0	8	0	0	1	7	3	1	2	73	1	0	0	1	3	1	1	15	2	0	3	2	1	1	1	3	11	1	0	0	4	1	2	0	0	0	0	1	2	0	2	1	2	0	3	0	0	4	0	0	1	2	0	0	4	8	2	1	7	0	0	7	2	12	0	0	7	2	2	0	0	1	1	0	1	1	0	11	0	2	1	0	0	0	1	0	0	1	2	1	2	3	0
A[Ins(T):R2]G	16	2	0	3	18	0	2	0	21	0	0	0	0	0	0	92	7	0	1	1	2	2	23	21	0	0	6	0	0	2	37	0	0	0	45	3	0	0	30	0	2	4	37	0	0	73	103	6	1	0	3	2	2	11	1	10	1	5	0	0	0	0	2	0	0	129	25	3	2	0	0	19	72	1	0	0	0	5	0	8	59	0	39	57	0	3	1	34	3	0	47	1	0	17	6	2	0	0	0	1	33	1	12	11	5	59	2	47	0	0	0	34	2	4	0	10	39	10	0	57	0	0	48	4	1	4	27	5	5	0	11	1	1	1	1	0	1	129	1	75	3	4	0	1	6	20	0	15	2	0	2	13	2	0	53	0	0	15	132	5	1	1	4	82	1	2	1	1	78	0	8	1	21	1	56	5	0	1	19	2	0	7	1	3	3	2	36	7	27	11	0	0	4	0	13	30	1	0	0	20	0	2	4	1	0	0	24	6	0	1	1	0	0	94	1	0	12	1	0	3	1	0	34	15	26	115	1	38	0	0	34	15	33	2	0	33	1	6	3	2	5	0	2	1	6	99	26	48	1	2	1	0	1	0	2	1	22	0	0	0	3	2
A[Ins(T):R3]A	13	2	0	3	9	0	2	0	12	2	0	1	0	1	0	6	0	0	0	0	2	1	12	5	0	0	1	0	0	4	19	0	1	1	10	1	1	0	24	0	2	2	4	0	1	27	84	2	0	0	0	1	1	4	1	9	8	1	1	1	0	0	0	0	1	29	11	2	1	0	0	1	41	0	0	2	0	6	0	3	4	0	31	1	2	1	1	24	4	1	23	0	0	0	4	3	0	0	0	0	20	1	13	1	2	34	1	17	5	0	0	27	0	4	0	0	10	3	1	21	0	0	31	4	1	2	17	2	14	0	7	0	1	1	0	2	0	8	1	121	2	1	2	1	13	0	2	10	2	2	3	24	3	0	61	1	0	8	101	3	3	1	7	29	0	3	4	3	6	2	5	1	1	0	14	3	1	5	16	2	0	7	1	3	0	1	15	6	3	19	1	2	7	1	5	16	1	3	1	7	0	1	4	2	0	8	4	8	0	0	9	4	0	4	0	0	8	3	1	2	0	0	1	17	8	8	3	12	1	0	15	2	18	0	0	20	1	4	3	3	2	1	0	0	6	5	13	2	1	1	0	1	3	2	2	0	2	0	2	0	4	1
A[Ins(T):R3]C	3	0	0	2	1	1	4	0	4	0	2	1	0	0	2	1	0	0	0	0	1	0	11	1	0	0	1	0	2	3	14	0	2	0	16	2	0	0	8	0	0	2	2	0	0	24	73	2	0	0	0	2	1	2	0	5	2	1	1	0	0	0	0	0	1	65	11	0	2	0	0	1	34	0	0	2	0	1	1	3	0	0	19	0	0	2	1	17	2	0	21	0	2	1	2	1	0	0	0	0	9	0	10	0	1	20	0	15	2	0	0	18	0	1	2	0	7	4	0	21	0	0	7	2	1	2	8	5	20	0	5	0	2	0	1	0	0	3	0	45	1	1	0	0	3	1	0	0	1	0	1	17	1	0	32	0	1	1	45	4	1	0	5	33	0	0	0	2	1	1	3	1	0	0	22	2	1	0	32	2	0	1	0	3	1	0	16	4	1	1	0	3	1	2	0	11	1	0	0	6	3	0	1	0	1	0	0	1	0	0	0	3	0	1	0	1	2	0	0	0	0	0	1	8	9	6	1	12	0	1	11	1	10	2	0	11	1	0	5	0	0	0	1	1	4	1	10	1	2	1	2	0	1	0	2	0	0	0	2	0	1	0
A[Ins(T):R3]G	7	3	0	4	9	0	2	0	8	1	0	0	0	0	0	43	4	0	0	1	1	0	21	26	2	0	3	0	1	6	27	0	1	0	14	1	4	0	42	0	1	4	17	0	0	65	68	8	0	0	1	1	1	1	1	9	3	2	3	0	0	0	2	0	0	91	19	3	0	0	1	16	44	1	0	0	0	3	0	3	30	0	44	16	0	4	1	38	0	0	26	0	0	17	6	1	2	1	0	1	18	2	8	5	3	29	1	31	5	0	0	35	0	2	0	7	21	2	0	19	1	0	32	2	1	2	17	1	3	0	6	1	0	0	1	0	0	57	1	46	3	0	0	0	2	7	0	4	1	1	1	20	0	0	63	1	0	5	120	1	1	0	2	38	1	2	2	3	40	1	7	0	13	0	20	2	0	1	11	1	0	5	0	2	0	0	33	6	10	8	0	0	4	4	10	25	1	0	0	14	0	0	7	0	0	0	20	2	1	4	2	1	1	42	0	0	7	1	0	0	0	1	14	12	13	72	1	23	0	0	21	4	22	0	0	13	0	5	5	0	6	1	0	1	2	55	9	24	1	1	2	1	1	1	3	0	16	1	1	2	1	1
A[Ins(T):R4]A	29	3	0	5	23	1	1	0	7	2	2	0	0	0	2	1	0	0	1	0	3	1	64	1	0	0	2	0	2	20	68	0	12	0	80	2	0	0	95	0	4	4	1	1	0	232	41	17	0	0	4	3	1	11	4	34	22	4	1	0	0	0	1	0	4	91	41	1	0	1	0	2	123	0	0	4	0	2	0	4	3	0	152	2	3	3	5	72	0	0	33	2	1	2	10	6	2	0	0	0	51	0	35	5	0	98	1	65	5	0	0	183	2	14	1	0	30	0	1	92	0	0	113	12	0	2	56	3	7	1	5	3	2	0	4	0	0	5	2	1354	1	2	2	2	10	3	1	0	1	1	1	119	6	0	371	1	2	12	632	2	5	0	17	66	1	2	0	3	1	2	3	1	1	5	26	3	1	1	21	2	1	4	1	0	0	1	52	9	2	32	2	1	5	0	3	46	0	4	0	24	0	0	13	2	1	3	1	7	0	1	4	4	0	5	0	0	9	0	2	3	1	1	3	42	25	5	1	50	0	0	29	2	28	0	0	56	0	3	10	3	1	1	1	0	0	4	67	0	2	0	0	1	2	2	6	1	1	1	3	0	2	1
A[Ins(T):R4]C	14	5	0	3	18	0	1	0	7	1	2	0	0	0	2	2	1	0	0	0	5	1	52	1	0	0	2	0	2	13	32	0	13	0	63	6	0	0	52	0	10	4	1	2	3	202	31	15	0	0	2	3	3	11	3	24	19	5	0	1	0	0	3	1	1	87	23	2	2	1	0	1	114	2	1	4	0	2	0	1	2	0	98	0	0	4	1	69	3	1	38	0	0	0	13	8	2	2	0	3	58	0	27	2	0	91	1	42	5	1	0	188	1	11	3	1	24	3	1	66	1	1	80	18	0	1	56	1	17	0	2	0	0	0	1	0	2	1	2	4077	2	1	2	5	14	0	1	0	1	1	2	57	7	0	365	0	2	10	471	4	1	0	17	61	3	3	0	1	3	1	2	0	2	1	36	12	0	1	39	6	1	4	0	2	1	0	55	12	0	19	4	2	6	1	0	47	1	1	1	18	0	2	11	1	0	0	0	7	1	3	0	4	1	3	1	0	8	1	1	6	2	3	0	34	24	3	3	31	0	1	33	3	28	0	0	46	0	9	9	1	3	0	0	2	0	2	32	0	3	0	0	1	2	3	10	0	0	0	2	2	6	0
A[Ins(T):R4]G	20	2	0	2	20	1	1	0	4	0	0	0	0	0	1	15	0	0	0	0	3	1	47	12	0	0	1	0	1	14	48	0	4	0	69	3	0	0	84	0	4	0	8	0	1	198	32	14	0	0	3	7	3	15	1	23	7	5	2	0	0	0	3	0	0	103	32	8	1	1	0	4	102	0	1	1	0	3	0	0	12	1	96	8	4	3	2	60	2	2	42	2	0	9	14	6	1	0	0	1	52	1	22	0	5	91	2	88	9	0	0	130	0	8	0	1	38	2	0	80	2	0	58	9	0	0	68	1	3	0	1	0	3	0	0	0	0	22	0	624	3	1	0	3	14	4	0	4	0	0	1	50	3	0	283	0	1	6	406	6	2	0	18	86	2	2	3	2	8	0	1	0	1	0	41	9	1	2	17	7	0	3	3	0	0	1	52	9	5	30	0	0	0	0	11	50	0	1	2	20	1	1	10	0	2	0	9	7	0	6	2	1	0	17	2	0	9	0	0	3	2	1	5	37	30	26	2	35	0	1	48	2	47	0	0	52	0	8	25	2	1	0	0	0	3	19	38	14	1	2	0	1	0	3	10	0	6	1	0	0	0	1
A[Ins(T):R5]A	55	5	0	7	81	1	2	0	1	1	1	1	0	0	0	3	1	0	0	1	6	4	168	7	0	0	4	0	3	134	139	0	60	0	193	15	2	0	335	0	6	4	2	0	3	1106	22	154	2	0	10	10	5	59	4	146	82	8	1	0	0	0	4	1	1	307	92	1	2	0	1	6	305	0	0	10	0	9	0	1	6	2	416	3	1	7	3	201	9	3	94	1	0	3	23	18	10	0	0	2	155	1	83	2	1	314	3	167	25	0	0	1471	2	69	0	0	98	0	1	233	7	0	255	38	0	2	161	4	7	1	2	3	2	0	1	0	1	4	1	2773	1	3	1	4	60	3	0	0	3	2	3	440	9	0	2593	0	1	18	2530	11	4	0	121	143	3	13	2	0	6	1	4	0	3	5	142	29	1	3	96	15	1	10	3	1	4	3	171	34	2	75	1	0	13	2	4	173	2	1	4	80	1	3	20	2	1	1	4	25	0	13	6	10	0	1	0	1	27	1	3	10	1	2	0	123	62	5	4	107	0	0	94	3	95	2	0	164	0	25	35	5	2	2	5	2	4	4	146	3	1	3	2	1	5	7	19	2	3	1	7	1	11	3
A[Ins(T):R5]C	36	13	0	6	52	0	3	3	3	2	3	0	0	1	0	2	2	0	1	2	8	12	115	3	0	0	4	0	7	91	88	0	48	2	142	17	0	0	227	0	11	2	2	1	2	778	21	137	0	0	16	15	11	41	11	114	45	13	5	3	0	0	7	0	3	258	83	2	4	2	4	7	225	1	2	22	0	6	2	1	10	1	308	3	2	18	3	170	10	5	95	1	0	3	30	30	7	1	0	0	96	1	58	2	2	249	8	144	20	0	1	924	0	45	1	2	66	0	1	187	2	0	131	63	0	10	162	3	21	1	0	2	4	0	4	1	2	4	10	1093	0	0	0	10	58	0	1	1	2	0	2	237	18	0	1602	0	3	29	1724	10	3	1	100	125	1	17	1	4	3	1	3	2	2	5	113	26	0	2	82	13	0	9	6	1	2	1	153	21	4	45	3	3	26	5	2	135	1	3	3	75	1	1	51	2	0	0	0	27	0	9	9	6	0	4	1	0	23	0	1	20	2	0	1	95	66	1	4	88	0	2	92	6	96	2	0	119	0	28	43	12	2	2	3	0	4	4	96	4	0	1	1	1	2	9	41	0	2	0	3	1	15	0
A[Ins(T):R5]G	36	9	0	9	61	0	2	0	3	1	0	0	0	0	2	10	5	0	0	0	5	4	113	16	1	0	5	0	7	49	94	0	32	1	162	11	1	0	178	0	10	6	13	0	1	831	19	86	1	0	11	9	0	40	2	69	39	8	2	4	0	0	5	1	2	306	79	3	3	1	4	12	270	1	3	16	0	7	0	1	16	2	243	7	4	9	2	197	6	5	90	0	0	7	28	22	5	1	0	1	119	0	76	3	2	241	3	187	22	1	1	963	2	21	5	1	80	0	0	219	4	0	165	41	0	3	172	6	5	0	1	1	0	1	7	1	3	25	2	1393	2	3	0	7	55	4	0	2	2	1	4	189	9	0	1664	3	1	18	1876	7	3	0	40	228	2	14	2	0	10	0	8	0	3	3	95	21	2	2	110	19	0	16	0	0	3	0	167	26	5	73	2	1	20	3	7	143	0	7	4	70	1	4	47	0	2	1	11	38	2	9	10	5	0	18	0	0	19	5	1	11	3	4	4	105	55	23	7	101	1	1	98	7	94	1	1	142	2	19	29	11	5	2	0	2	1	13	97	3	2	3	2	2	6	4	31	0	12	1	3	0	7	1
A[Ins(T):R6]A	132	28	0	21	151	1	1	2	6	1	3	0	0	2	1	4	1	0	1	2	7	15	297	8	1	0	8	0	12	337	309	1	150	2	348	42	0	0	611	0	19	3	5	1	0	1873	17	431	1	0	28	23	11	86	17	279	132	22	9	3	0	0	12	3	7	544	204	1	5	2	3	6	704	0	5	41	0	22	1	1	13	1	708	5	6	10	1	400	17	5	159	1	5	1	51	33	23	2	0	2	318	3	175	5	6	560	12	381	44	6	1	2651	0	115	8	2	188	1	4	504	14	1	479	87	1	6	270	4	10	0	3	8	10	0	10	1	3	8	9	2719	3	2	3	21	141	4	1	0	3	3	8	687	24	1	4784	1	4	46	3947	17	7	3	304	306	8	27	9	2	8	1	5	2	4	10	245	27	2	0	151	38	2	26	8	3	9	3	321	51	3	162	3	3	47	12	7	341	1	4	7	168	5	5	73	1	0	1	3	62	1	22	16	14	8	5	0	0	67	3	1	21	5	2	0	193	140	16	16	194	0	6	153	6	179	1	2	380	1	26	54	21	6	5	4	4	3	11	291	11	5	11	7	3	6	7	52	0	3	1	10	3	26	5
A[Ins(T):R6]C	90	35	0	12	83	1	5	4	5	4	6	0	0	3	5	6	2	0	1	4	19	13	254	7	1	0	8	0	14	234	236	0	98	1	259	56	3	0	432	0	28	5	1	1	2	1331	10	284	0	1	26	25	15	76	12	212	119	19	5	2	0	0	14	2	10	569	168	2	8	1	2	10	546	2	3	33	0	35	2	1	16	2	538	8	5	21	11	357	20	9	177	1	3	1	71	50	26	1	2	3	261	1	122	1	3	544	11	308	51	1	2	1519	3	102	8	3	198	1	4	372	7	2	322	138	0	5	246	2	11	0	1	3	7	1	9	2	6	11	21	1459	2	11	8	25	162	4	2	1	1	1	11	441	29	0	2956	0	2	51	2852	14	10	2	204	224	7	26	3	4	8	4	5	6	6	12	222	61	1	2	149	41	1	25	7	7	2	4	301	51	4	123	5	7	51	5	6	295	3	7	4	138	0	4	61	3	1	0	4	62	0	32	28	17	2	7	3	1	66	0	2	31	3	6	3	172	103	10	12	189	0	7	178	8	225	5	1	254	0	57	89	17	9	8	2	0	7	6	225	5	1	5	4	4	7	12	51	0	7	2	10	3	19	7
A[Ins(T):R6]G	136	37	0	26	147	2	5	5	3	1	6	3	0	1	0	8	1	0	0	0	22	20	386	22	0	0	7	0	12	131	366	0	49	1	461	45	0	0	267	0	29	11	11	3	4	1239	10	165	2	0	29	38	21	110	16	118	52	24	7	2	0	0	18	2	13	827	333	5	7	2	3	10	865	0	5	34	2	27	2	4	28	2	266	13	6	35	8	530	21	10	266	0	3	12	66	54	24	1	1	1	422	1	202	5	8	840	20	468	70	2	1	1624	4	53	6	2	350	0	2	666	12	2	504	133	1	7	416	0	11	0	1	3	13	2	15	1	4	34	18	3068	4	11	6	31	199	9	4	4	13	3	12	284	26	0	3203	3	5	74	3082	12	14	2	115	401	5	33	8	6	12	2	12	3	3	19	338	42	1	3	242	45	0	25	9	2	4	5	505	87	11	218	8	6	48	6	8	482	2	5	8	234	0	4	74	6	4	4	14	126	0	23	21	15	2	14	4	0	88	4	3	35	6	5	4	257	162	24	16	288	0	9	244	9	334	3	2	482	0	63	112	18	11	15	8	4	3	26	279	13	7	12	3	3	5	8	65	0	8	2	10	1	41	3
A[Ins(T):R7]A	300	31	0	28	283	0	3	2	3	1	1	0	0	2	0	3	0	0	1	4	20	33	541	10	1	0	12	0	14	347	556	0	132	3	559	53	2	0	462	0	45	8	4	2	4	1467	11	392	1	0	42	20	8	124	20	251	137	11	7	1	0	0	25	0	7	772	388	7	7	0	4	7	1143	1	6	56	1	24	2	0	11	1	506	0	11	32	3	673	21	7	250	2	5	6	62	32	26	3	0	5	574	3	354	1	5	992	20	649	67	4	4	2268	3	127	5	2	334	0	2	852	13	0	937	99	1	8	441	5	4	1	0	6	5	2	7	2	5	10	15	4578	3	12	1	36	246	4	1	0	8	2	8	625	45	1	3514	3	2	97	3335	25	12	4	310	430	5	33	6	2	7	1	8	2	5	11	384	48	1	0	259	50	1	53	14	5	3	4	574	107	6	346	10	6	68	13	5	548	1	5	2	259	0	11	64	1	6	2	7	122	2	31	31	21	5	9	0	0	98	4	10	37	6	11	1	341	243	10	14	320	1	7	233	6	273	1	2	619	1	42	92	31	6	5	3	4	7	19	526	4	0	9	0	4	4	16	60	1	1	0	5	2	58	1
A[Ins(T):R7]C	122	32	0	19	132	0	2	8	3	2	7	3	0	2	1	6	4	0	3	3	17	19	369	16	2	0	11	0	10	232	321	0	100	2	330	49	3	0	379	0	26	7	5	3	5	971	6	245	1	0	28	26	23	85	14	190	102	21	8	3	0	0	22	2	5	644	270	4	5	2	4	9	739	3	4	56	0	33	3	2	15	3	407	4	9	28	2	476	29	6	197	7	5	7	53	48	36	1	0	1	370	2	196	2	6	714	15	375	69	5	3	1264	4	91	9	4	220	0	4	556	11	1	484	149	2	11	341	3	11	1	0	10	10	2	13	0	6	6	23	4038	1	9	5	33	184	4	4	3	10	2	14	456	36	0	2330	2	2	60	2327	23	7	1	207	321	15	32	7	6	7	3	9	4	4	17	332	48	2	3	184	40	1	38	9	6	3	2	408	77	5	202	8	3	74	6	8	376	3	7	0	182	3	8	66	2	1	1	7	114	2	35	26	22	2	10	2	2	70	4	8	35	7	8	5	241	148	8	18	226	2	2	190	6	276	2	2	398	1	55	66	25	7	1	6	5	5	12	288	8	3	6	2	3	10	9	76	1	4	0	11	4	36	5
A[Ins(T):R7]G	212	31	0	16	191	0	2	6	1	0	2	3	0	2	1	12	1	0	1	1	12	24	454	16	2	1	14	0	14	95	473	0	46	0	478	30	0	0	186	0	36	5	11	3	5	849	11	127	1	0	36	22	11	94	17	66	43	15	4	0	0	0	16	5	8	875	307	6	11	6	2	13	1140	4	2	38	0	30	2	2	24	3	203	11	12	25	11	712	23	7	293	3	2	11	55	28	36	2	0	2	570	2	293	3	7	1005	17	650	73	1	4	1121	4	46	6	8	344	0	1	766	10	1	650	130	0	7	440	5	5	0	1	6	10	2	8	1	6	19	24	4363	4	10	1	31	248	7	2	0	5	3	8	206	37	0	2066	3	4	79	2089	19	12	1	81	406	10	33	8	3	18	1	8	3	10	12	376	53	2	1	237	60	1	37	15	8	5	2	576	97	7	315	6	2	65	11	9	528	6	6	1	236	1	10	91	6	1	2	5	165	1	25	22	16	2	14	2	2	106	1	3	33	7	4	5	337	215	22	11	353	0	9	269	11	338	2	1	565	2	42	81	20	11	2	8	2	5	18	411	13	2	6	5	4	4	14	62	0	3	2	6	1	45	4
A[Ins(T):R8]A	289	24	0	15	196	0	1	5	1	4	4	2	0	3	2	2	1	0	3	2	15	25	589	10	0	0	11	0	16	178	617	1	85	4	402	36	5	0	309	0	39	6	1	2	1	1153	4	205	2	0	36	18	16	16	11	153	84	4	8	0	0	0	14	2	4	855	420	2	4	2	4	9	1310	1	2	56	1	23	5	3	20	5	254	4	11	16	3	729	20	15	232	4	2	8	52	37	25	2	0	4	591	1	373	2	8	960	23	575	59	3	1	1513	6	94	9	2	370	0	3	701	2	0	832	146	0	10	411	2	10	0	1	7	7	2	18	0	10	11	26	3886	3	9	4	41	386	6	4	3	10	5	10	428	57	0	3215	3	3	113	3051	27	19	0	212	385	9	47	4	3	9	5	7	4	8	11	459	47	4	4	312	54	2	49	12	7	4	3	549	140	3	355	6	6	93	10	5	658	5	7	8	303	2	12	71	4	6	2	5	195	1	33	25	22	3	8	4	0	113	3	16	53	4	6	1	365	248	8	15	402	1	9	307	10	328	4	2	633	1	50	98	34	2	8	5	6	6	10	599	11	4	11	5	7	9	8	77	0	4	1	8	2	51	7
A[Ins(T):R8]C	178	32	0	19	144	1	2	7	0	4	6	0	0	4	1	1	0	0	0	1	18	22	388	11	1	0	10	0	16	197	446	1	88	3	322	34	1	0	348	0	30	5	2	2	1	1140	6	214	2	0	32	13	16	15	15	189	89	7	3	0	0	0	14	1	4	655	328	2	6	0	3	7	884	2	5	48	0	28	2	1	14	1	286	2	10	25	3	544	22	8	211	2	1	4	48	22	23	1	1	0	408	4	281	2	9	770	21	408	65	2	3	1383	2	108	4	5	273	0	1	568	0	0	586	123	2	9	335	5	7	2	3	7	8	2	15	2	5	4	23	4523	3	6	2	42	289	3	5	3	9	1	14	446	37	0	2789	2	3	93	2696	17	16	4	220	366	8	33	8	5	7	1	7	3	3	18	383	53	2	1	216	49	1	28	5	6	5	3	472	88	9	260	6	3	69	10	3	490	1	3	1	232	1	12	73	6	2	1	7	152	1	29	28	25	5	8	3	1	118	1	5	37	6	6	0	283	203	6	11	291	1	6	241	6	304	1	0	548	4	63	79	24	7	8	5	2	2	20	465	9	2	15	5	8	8	14	85	1	2	2	4	1	30	3
A[Ins(T):R8]G	228	35	1	12	183	0	1	4	4	2	3	1	0	2	3	8	0	0	0	0	19	30	479	14	2	0	8	0	17	75	593	0	47	3	366	31	3	0	156	0	33	7	1	4	2	845	7	108	0	0	39	23	4	9	18	73	47	5	12	0	0	0	14	2	3	813	430	5	8	0	6	12	1226	2	3	62	0	40	2	2	16	3	122	2	7	13	2	652	23	7	287	1	2	6	44	18	35	0	0	2	617	5	330	1	8	916	15	469	90	3	2	1161	5	46	7	1	329	0	3	669	0	1	636	126	1	7	386	2	9	0	2	6	9	0	9	4	6	9	22	3634	1	6	13	34	334	5	3	0	6	3	9	211	46	0	2473	1	6	94	2424	26	19	1	97	383	7	41	8	4	11	1	7	6	8	9	422	47	0	1	263	57	2	38	11	5	3	7	532	147	10	380	12	9	64	10	5	614	2	10	0	299	3	6	92	6	2	0	10	179	1	32	23	23	4	8	1	0	141	2	8	29	9	6	1	297	242	8	17	376	0	7	303	10	354	2	0	625	0	39	76	30	8	7	3	3	3	15	549	7	0	18	3	3	12	13	81	0	5	1	0	0	27	2
A[Ins(T):R(9,)]A	0	0	0	0	0	0	0	0	0	0	0	0	0	0	0	0	0	0	0	0	0	0	0	0	0	0	0	0	0	0	0	0	0	0	0	0	0	0	0	0	0	0	0	0	0	0	0	0	0	0	0	0	0	0	0	0	0	0	0	0	0	0	0	0	0	0	0	0	0	0	0	0	0	0	0	0	0	0	0	0	0	0	0	0	0	0	0	0	0	0	0	0	0	0	0	0	0	0	0	0	0	0	0	0	0	0	0	0	0	0	0	0	0	0	0	0	0	0	0	0	0	0	0	0	0	0	0	0	0	0	0	0	0	0	0	0	0	0	0	0	0	0	0	0	0	0	0	0	0	0	0	0	0	0	0	0	0	0	0	0	0	0	0	0	0	0	0	0	0	0	0	0	0	0	0	0	0	0	0	0	0	0	0	0	0	0	0	0	0	0	0	0	0	0	0	0	0	0	0	0	0	0	0	0	0	0	0	0	0	0	0	0	0	0	0	0	0	0	0	0	0	0	0	0	0	0	0	0	0	0	0	0	0	0	0	0	0	0	0	0	0	0	0	0	0	0	0	0	0	0	0	0	0	0	0	0	0	0	0	0	0	0
A[Ins(T):R(9,)]C	0	0	0	0	0	0	0	0	0	0	0	0	0	0	0	0	0	0	0	0	0	0	0	0	0	0	0	0	0	0	0	0	0	0	0	0	0	0	0	0	0	0	0	0	0	0	0	0	0	0	0	0	0	0	0	0	0	0	0	0	0	0	0	0	0	0	0	0	0	0	0	0	0	0	0	0	0	0	0	0	0	0	0	0	0	0	0	0	0	0	0	0	0	0	0	0	0	0	0	0	0	0	0	0	0	0	0	0	0	0	0	0	0	0	0	0	0	0	0	0	0	0	0	0	0	0	0	0	0	0	0	0	0	0	0	0	0	0	0	0	0	0	0	0	0	0	0	0	0	0	0	0	0	0	0	0	0	0	0	0	0	0	0	0	0	0	0	0	0	0	0	0	0	0	0	0	0	0	0	0	0	0	0	0	0	0	0	0	0	0	0	0	0	0	0	0	0	0	0	0	0	0	0	0	0	0	0	0	0	0	0	0	0	0	0	0	0	0	0	0	0	0	0	0	0	0	0	0	0	0	0	0	0	0	0	0	0	0	0	0	0	0	0	0	0	0	0	0	0	0	0	0	0	0	0	0	0	0	0	0	0	0
A[Ins(T):R(9,)]G	0	0	0	0	0	0	0	0	0	0	0	0	0	0	0	0	0	0	0	0	0	0	0	0	0	0	0	0	0	0	0	0	0	0	0	0	0	0	0	0	0	0	0	0	0	0	0	0	0	0	0	0	0	0	0	0	0	0	0	0	0	0	0	0	0	0	0	0	0	0	0	0	0	0	0	0	0	0	0	0	0	0	0	0	0	0	0	0	0	0	0	0	0	0	0	0	0	0	0	0	0	0	0	0	0	0	0	0	0	0	0	0	0	0	0	0	0	0	0	0	0	0	0	0	0	0	0	0	0	0	0	0	0	0	0	0	0	0	0	0	0	0	0	0	0	0	0	0	0	0	0	0	0	0	0	0	0	0	0	0	0	0	0	0	0	0	0	0	0	0	0	0	0	0	0	0	0	0	0	0	0	0	0	0	0	0	0	0	0	0	0	0	0	0	0	0	0	0	0	0	0	0	0	0	0	0	0	0	0	0	0	0	0	0	0	0	0	0	0	0	0	0	0	0	0	0	0	0	0	0	0	0	0	0	0	0	0	0	0	0	0	0	0	0	0	0	0	0	0	0	0	0	0	0	0	0	0	0	0	0	0	0
C[Ins(T):R0]A	0	0	0	2	0	3	4	1	2	0	0	4	0	0	1	10	4	0	1	0	0	0	2	3	1	0	1	0	0	0	1	0	0	0	0	0	1	0	1	0	1	2	5	0	6	1	0	1	0	0	1	1	0	0	0	3	0	0	1	0	0	0	1	0	2	2	2	2	0	0	0	0	2	2	0	0	0	0	0	5	10	1	6	4	0	1	2	0	0	0	2	1	0	2	0	0	2	1	0	0	0	0	0	1	2	1	1	0	1	0	2	3	0	0	0	2	1	3	2	6	0	0	7	1	0	1	5	5	16	0	5	1	0	0	0	0	0	21	3	23	3	0	0	0	3	4	0	6	2	1	0	2	0	0	24	0	1	2	20	5	0	0	2	3	2	2	1	5	13	2	1	1	4	0	4	1	0	6	18	1	2	2	0	1	2	0	6	0	0	5	0	2	0	2	4	3	1	1	4	1	1	1	1	1	0	0	7	3	0	3	0	2	1	19	0	0	4	0	0	3	1	0	9	4	1	21	1	1	0	0	3	3	2	1	1	3	2	2	0	3	4	0	2	2	1	13	8	3	2	1	1	1	1	1	0	0	8	0	2	2	4	0
C[Ins(T):R0]C	1	0	0	0	1	0	7	1	3	0	1	4	0	1	0	7	3	0	0	0	0	0	3	5	0	0	1	0	1	0	3	0	0	0	1	1	0	0	0	0	0	1	6	0	2	6	0	0	0	0	1	1	0	0	0	0	0	0	1	0	0	0	2	0	1	8	2	1	1	0	0	2	6	0	0	0	0	0	0	1	2	0	2	9	0	0	0	4	1	2	1	0	0	3	0	0	0	0	0	1	5	1	1	0	1	9	0	6	0	0	1	5	1	1	0	0	1	1	1	0	0	0	11	1	0	0	9	1	80	0	1	0	1	0	1	0	0	6	1	72	1	1	0	2	5	2	0	2	0	0	3	5	0	1	69	0	1	1	70	0	2	1	1	9	0	2	0	10	15	2	1	0	7	4	6	1	0	18	69	2	0	2	0	0	0	1	10	5	2	12	0	0	0	1	7	11	1	1	2	4	0	0	3	3	0	1	1	14	1	0	1	2	1	11	1	0	5	1	4	2	2	0	9	11	8	21	1	4	1	1	4	2	7	0	0	11	0	4	2	1	1	0	0	1	0	12	12	5	7	0	0	0	2	0	0	2	0	1	9	0	1	0
C[Ins(T):R0]G	1	0	0	0	2	0	0	0	1	0	1	0	0	0	0	6	1	0	0	0	0	0	1	3	1	0	0	0	0	0	3	0	0	0	2	0	0	0	1	0	0	1	6	0	0	9	1	0	1	0	0	0	0	0	0	0	0	0	0	0	0	0	0	0	0	3	3	0	0	0	0	1	4	0	1	0	0	0	0	0	6	0	1	3	0	0	0	3	0	0	1	0	0	0	0	0	0	0	0	0	2	0	0	0	0	3	0	1	0	0	0	7	0	0	1	2	0	0	0	1	0	0	3	0	0	0	7	1	6	0	0	0	0	0	1	0	0	10	1	14	0	0	0	0	3	3	0	2	1	0	0	3	0	0	35	2	0	2	48	0	1	0	3	3	0	0	0	3	6	0	0	0	2	0	1	2	0	0	9	2	0	1	0	0	0	1	2	2	1	1	1	1	1	1	5	4	0	0	1	0	1	1	0	1	0	0	0	0	1	1	0	0	0	8	1	0	3	0	0	0	0	0	2	4	2	13	1	3	0	0	4	0	4	0	0	2	1	0	0	2	0	0	0	1	1	15	3	2	1	0	0	1	0	0	1	2	1	0	0	0	4	0
C[Ins(T):R1]A	2	0	0	4	3	2	1	0	5	2	0	0	0	1	0	8	2	0	0	0	1	2	4	2	0	0	0	0	2	0	0	0	1	0	6	2	1	0	3	0	0	2	2	1	0	5	59	0	1	0	1	3	1	0	1	2	1	3	1	0	0	0	0	2	4	9	4	3	3	1	2	5	8	0	2	0	0	0	0	9	8	0	6	5	1	2	3	2	1	0	3	2	0	6	0	3	2	1	1	1	4	0	0	10	0	4	0	7	2	0	1	10	0	1	1	1	0	5	0	5	0	0	1	0	1	2	3	6	3	0	3	2	2	0	0	0	0	14	2	138	3	1	1	1	1	4	1	63	0	2	3	3	0	0	22	0	3	1	30	0	3	0	2	4	1	2	1	2	11	0	7	1	6	1	1	0	0	1	14	1	0	3	1	2	2	1	2	4	2	3	2	2	2	1	5	4	2	0	3	1	0	2	4	1	0	0	4	0	1	2	1	0	0	11	2	0	3	2	1	2	4	1	7	8	3	5	1	5	1	0	7	3	0	1	2	2	1	1	0	1	0	1	2	0	4	11	8	2	1	4	1	0	4	0	2	1	4	2	4	0	2	3
C[Ins(T):R1]C	2	1	0	0	4	0	3	1	2	1	1	0	0	0	5	14	0	0	3	0	1	1	3	4	2	0	1	0	3	1	4	0	0	0	4	0	0	0	6	0	2	0	4	0	3	24	116	2	0	0	1	0	0	0	0	5	1	1	0	0	0	0	0	0	2	13	5	3	3	1	0	1	13	0	3	0	0	0	0	0	8	0	16	1	0	1	3	7	0	2	8	0	1	2	3	3	4	0	0	1	2	2	1	1	0	6	0	9	1	0	1	14	1	0	0	1	2	4	1	3	0	0	5	1	0	2	9	4	22	0	0	1	1	4	0	0	2	6	0	60	2	2	0	0	3	1	1	4	2	0	1	5	0	2	64	1	2	1	80	4	2	0	6	12	0	1	1	5	4	1	2	1	2	1	8	0	0	3	43	0	0	1	0	0	0	2	8	2	1	9	0	4	1	1	4	3	0	0	0	1	2	9	1	1	0	0	2	2	0	1	4	0	0	7	1	2	4	1	3	1	0	2	3	7	7	11	1	4	1	0	3	0	6	0	0	6	0	0	1	0	0	1	3	1	4	7	7	3	5	1	0	1	1	0	1	0	1	6	5	0	0	0
C[Ins(T):R1]G	5	1	0	1	1	4	1	0	6	5	1	0	0	3	1	101	16	0	0	0	0	2	7	62	0	0	4	0	2	0	4	0	1	0	7	0	2	0	8	0	0	2	53	1	2	17	170	1	0	0	1	1	1	0	1	2	2	3	1	0	0	0	1	0	4	19	0	6	7	0	0	38	8	0	2	1	0	3	0	5	72	1	4	52	1	3	3	6	2	1	4	1	3	33	1	2	1	0	0	0	7	2	1	6	2	12	0	4	2	1	0	13	1	1	1	15	1	4	3	8	0	0	10	0	1	1	9	5	7	0	5	2	5	0	2	1	2	149	2	26	1	1	0	3	2	32	4	32	3	1	3	7	0	0	30	1	1	1	37	5	1	0	1	16	3	1	4	4	85	2	5	1	27	0	7	1	0	2	25	2	3	1	0	0	5	0	8	1	14	3	3	3	2	4	19	7	1	1	0	3	0	2	6	1	0	1	33	1	1	1	1	0	0	102	2	0	4	0	4	2	1	1	39	6	3	183	0	4	2	0	9	12	3	1	0	1	3	1	1	4	11	0	1	3	2	124	10	40	5	2	1	1	2	0	1	1	30	1	3	0	4	2
C[Ins(T):R2]A	3	2	0	1	7	1	1	0	6	0	0	1	0	1	0	6	1	0	0	0	0	0	6	2	1	0	0	0	5	2	8	0	1	0	11	3	1	0	6	0	2	0	1	0	0	11	45	1	0	0	1	1	0	2	0	1	1	1	0	0	0	1	0	1	0	67	12	0	3	0	1	2	33	0	1	0	0	0	1	3	2	1	12	2	0	0	0	12	2	1	30	0	1	1	0	1	0	0	0	2	6	0	6	3	1	22	1	26	1	0	0	13	0	1	0	2	14	1	0	24	1	0	22	0	0	0	14	2	9	0	2	0	3	1	0	0	0	3	0	48	2	2	0	0	6	1	0	6	1	0	1	3	2	0	10	0	0	2	22	6	3	1	2	43	0	1	1	2	8	0	7	2	1	2	27	1	0	1	44	2	0	3	0	0	0	0	15	1	2	3	0	2	2	3	4	12	0	4	0	14	1	2	1	1	0	0	1	0	0	1	1	0	0	2	0	0	5	3	1	2	1	0	1	12	11	10	0	15	0	1	22	0	26	1	0	10	3	0	1	4	1	1	1	1	2	6	13	2	3	1	0	0	2	0	2	1	0	0	1	0	3	0
C[Ins(T):R2]C	5	1	0	3	5	1	6	1	8	0	1	1	0	0	0	8	1	0	1	0	0	0	25	4	0	0	2	0	0	1	18	0	1	0	44	1	1	0	11	0	3	0	4	0	3	27	101	4	0	0	1	0	1	8	2	5	1	2	0	0	0	0	0	1	1	147	18	2	1	1	0	5	70	1	1	2	0	1	1	1	3	0	13	2	3	0	2	19	2	0	51	0	0	2	1	0	1	0	0	0	18	2	20	0	2	36	0	33	2	0	1	31	0	0	0	1	29	1	0	42	2	0	29	1	0	1	12	2	27	1	4	1	3	6	1	0	2	8	1	72	1	0	0	3	7	0	2	2	0	0	0	10	0	0	50	0	1	9	73	4	0	0	3	94	1	4	1	6	1	2	0	0	2	2	61	2	0	7	89	3	0	3	1	2	1	0	30	1	0	6	3	0	2	1	0	39	1	0	0	11	0	3	2	1	0	2	2	4	1	1	2	0	0	9	0	0	8	2	0	2	2	1	2	16	13	8	1	38	0	0	24	3	43	0	0	19	0	2	1	1	3	0	0	2	1	3	12	2	1	0	0	1	1	0	1	1	1	3	1	1	2	0
C[Ins(T):R2]G	12	0	0	2	35	1	1	0	3	0	1	0	0	0	0	64	15	0	1	0	4	0	37	23	0	0	3	0	1	0	35	0	1	0	85	6	0	0	10	0	0	2	43	1	3	57	101	3	0	0	1	1	0	24	1	1	1	1	0	0	0	0	2	0	0	366	52	0	3	1	0	19	226	0	0	3	0	0	0	0	46	0	9	55	2	0	5	61	2	0	125	0	3	22	1	0	1	1	0	0	67	0	47	2	3	106	0	80	1	2	2	63	1	2	0	11	78	0	0	95	0	0	69	0	0	2	29	5	5	0	3	1	0	2	2	0	0	111	1	159	0	1	0	3	9	21	0	2	1	0	2	6	0	0	24	1	1	13	86	3	3	1	2	256	0	3	2	1	69	0	2	0	19	1	142	3	0	1	99	1	0	2	0	3	0	1	73	16	20	15	0	2	2	3	30	78	1	0	2	34	0	0	0	0	0	0	30	6	0	3	0	2	0	101	0	1	18	2	2	0	0	0	39	37	31	118	0	97	0	0	36	3	102	0	0	49	0	3	4	1	2	0	0	2	3	110	30	42	3	2	1	0	1	0	3	0	25	2	2	1	1	0
C[Ins(T):R3]A	5	0	0	1	5	1	1	0	10	1	1	0	0	0	1	9	1	0	0	0	1	0	6	6	1	0	1	0	0	11	7	0	5	0	13	1	0	0	56	0	1	1	2	3	1	33	50	24	0	0	0	1	1	7	1	22	6	1	1	1	0	0	0	0	0	43	10	0	1	0	1	2	37	0	1	3	0	1	0	2	1	0	69	1	1	4	1	14	2	1	29	2	1	3	2	0	1	1	0	0	5	0	12	1	6	28	0	14	2	0	0	35	0	4	0	0	19	2	0	16	1	0	19	0	0	2	9	0	6	0	6	1	1	0	0	0	0	7	1	60	2	2	0	2	3	1	0	6	1	3	1	29	2	0	88	0	0	1	154	2	2	0	21	27	1	0	2	3	3	1	1	0	0	3	15	2	1	3	43	4	0	1	2	1	1	0	11	1	0	8	1	0	2	0	2	13	0	0	0	5	0	1	6	0	1	4	3	2	0	1	5	1	0	3	0	0	2	0	1	2	0	0	1	10	9	8	1	8	0	1	11	0	18	0	0	12	2	0	5	1	0	1	0	0	2	3	2	2	1	0	1	1	1	0	1	0	1	0	1	1	2	1
C[Ins(T):R3]C	4	3	0	2	14	0	4	0	4	2	0	0	0	1	2	6	0	0	1	1	1	0	13	2	0	0	0	0	4	18	13	0	5	2	14	2	0	0	44	0	1	0	1	0	2	64	62	6	0	0	0	2	1	8	2	15	4	0	1	2	0	0	0	1	1	85	12	0	0	1	0	2	41	2	1	0	1	0	0	2	1	0	72	4	1	0	1	13	1	2	16	0	0	1	2	1	1	0	0	0	16	1	14	1	0	20	0	25	3	0	1	54	0	5	1	0	17	3	2	21	2	0	21	0	1	2	18	0	17	0	2	2	3	1	1	0	4	9	1	48	2	4	0	1	9	1	1	1	0	1	4	30	1	3	112	1	0	5	188	3	3	0	14	53	0	1	0	2	2	0	3	0	0	0	29	2	1	3	100	1	1	4	1	0	0	0	11	4	0	6	3	1	2	3	0	24	0	2	2	14	1	2	1	2	0	1	0	2	4	2	0	1	0	2	0	1	2	0	2	3	2	4	5	10	9	12	1	22	0	0	13	4	39	0	0	15	1	2	7	4	2	0	1	1	2	6	15	2	0	1	0	0	2	0	4	0	2	2	2	0	6	2
C[Ins(T):R3]G	9	1	0	3	12	0	0	1	6	0	2	0	0	1	0	53	11	0	0	0	2	0	25	12	0	0	2	0	3	5	19	0	5	0	38	3	2	0	43	0	1	1	22	0	0	73	43	8	0	0	1	0	0	7	1	22	2	1	0	0	0	0	0	0	0	163	24	1	3	0	1	17	73	0	0	1	0	3	0	3	32	1	88	24	1	1	1	33	1	1	49	1	2	14	3	3	0	0	0	0	27	1	19	0	6	70	1	37	2	1	1	52	0	7	0	3	35	3	1	47	0	0	28	4	0	0	22	5	4	0	2	0	2	1	0	1	0	65	1	77	2	0	0	0	2	21	0	2	0	0	1	27	1	1	117	0	1	8	187	3	4	0	6	99	0	2	3	3	40	0	4	1	15	2	55	2	1	0	69	0	0	1	0	1	1	0	44	4	11	5	1	1	2	1	8	31	0	1	1	18	1	1	1	2	0	1	11	4	1	2	0	2	1	54	0	0	9	1	2	0	0	1	19	20	20	94	0	33	0	0	24	4	40	0	0	23	0	4	3	1	5	1	0	1	2	47	13	25	1	2	1	0	0	0	1	0	11	0	1	0	3	0
C[Ins(T):R4]A	12	2	0	2	16	0	2	0	3	3	0	0	0	0	0	3	0	0	0	0	0	0	25	2	1	0	0	0	1	67	25	0	26	0	39	4	0	0	251	0	2	1	2	1	1	345	23	112	0	0	0	0	0	9	0	101	52	0	0	0	0	0	4	0	1	43	9	1	0	0	0	3	47	0	1	2	0	2	0	1	1	0	351	0	0	0	0	26	1	0	24	0	1	0	4	4	2	0	0	0	22	0	13	1	2	59	0	36	3	1	1	208	0	31	0	1	16	1	0	43	0	0	55	3	1	0	21	0	6	0	0	2	1	0	0	0	0	4	1	522	1	0	0	0	8	1	1	5	0	0	0	208	2	0	591	0	1	6	959	0	1	0	75	40	1	2	1	1	1	1	2	0	3	0	16	4	0	1	46	3	0	1	0	0	0	0	21	5	0	13	2	0	1	0	0	41	1	0	0	17	0	0	4	0	0	1	1	3	0	1	4	0	0	1	0	0	3	1	1	2	0	0	0	21	8	5	1	10	0	0	23	0	20	0	0	18	0	4	5	2	0	0	1	0	2	1	21	1	0	0	0	0	2	0	3	0	2	0	2	0	1	0
C[Ins(T):R4]C	14	5	0	1	15	0	2	1	3	0	0	0	0	0	1	4	1	0	1	0	0	0	26	1	0	0	1	0	0	74	32	0	27	1	40	2	0	0	235	0	1	0	3	0	0	339	33	99	0	0	1	2	1	8	0	97	38	0	0	0	0	0	3	0	1	65	19	1	0	0	0	2	79	0	0	5	0	1	0	1	9	0	279	0	1	4	1	22	2	0	18	0	0	1	8	3	3	0	0	0	22	0	20	3	0	38	0	38	4	0	0	235	1	16	0	0	12	3	1	56	0	0	70	5	1	0	33	1	15	0	2	0	0	0	0	1	1	5	0	1749	0	2	0	1	13	0	1	0	3	0	1	189	6	0	716	0	0	6	953	4	4	0	82	37	0	2	0	2	2	2	1	0	0	0	23	6	1	2	48	5	0	5	1	0	0	0	31	5	2	18	0	2	3	2	1	35	0	2	0	24	0	5	7	0	0	0	0	7	0	4	2	4	0	4	0	0	8	1	1	0	0	0	1	22	16	4	2	22	0	0	15	0	17	0	0	28	0	10	6	0	0	1	4	0	0	1	25	1	3	1	0	0	0	0	7	0	1	1	3	1	3	0
C[Ins(T):R4]G	14	2	0	0	13	0	1	0	2	0	0	0	0	0	0	9	0	0	0	0	0	2	20	5	0	0	1	0	0	32	26	0	13	0	31	1	0	0	153	0	3	0	4	0	0	262	26	51	0	0	1	3	1	9	0	49	19	1	0	0	0	0	0	0	1	77	23	2	0	0	0	4	56	0	0	0	0	3	0	1	7	1	213	2	1	1	1	36	0	0	30	0	0	5	3	3	3	0	0	0	19	0	14	0	3	48	2	40	1	1	1	147	0	14	1	5	21	0	0	47	0	0	25	4	0	0	17	0	1	0	1	1	0	0	1	0	0	8	0	412	2	3	0	0	18	1	0	1	0	0	2	103	4	1	453	0	0	9	729	1	0	1	36	48	0	2	1	2	11	0	0	0	3	1	24	3	0	0	47	2	0	3	1	0	0	0	22	6	2	22	0	2	2	0	1	25	0	3	1	21	0	0	5	0	0	0	3	2	0	0	2	1	0	7	0	0	3	0	2	0	0	0	11	23	8	15	0	22	0	1	23	1	21	1	1	21	0	5	6	2	3	0	1	1	1	11	17	3	1	1	1	0	0	0	3	0	5	1	1	1	1	0
C[Ins(T):R5]A	20	5	0	2	20	0	2	0	2	1	0	0	0	0	0	4	0	0	1	0	2	3	35	4	0	0	2	0	2	249	38	0	69	0	59	7	0	0	457	0	4	1	2	0	2	807	10	261	0	0	3	7	0	10	4	211	100	1	1	0	0	0	1	0	1	82	38	1	2	0	2	5	110	0	1	7	0	2	1	1	5	0	532	4	2	5	2	71	2	1	31	0	0	3	13	5	8	0	0	0	42	0	17	3	2	87	4	70	3	0	0	655	2	66	0	0	30	0	0	68	0	1	81	15	0	0	61	1	3	0	1	1	2	1	3	3	0	0	2	907	0	1	0	5	18	0	0	1	2	3	3	474	9	0	1577	0	1	10	1708	5	2	0	227	46	2	5	0	1	2	0	3	1	1	0	42	5	0	1	50	8	1	10	2	1	2	0	60	12	0	32	2	2	6	2	2	82	1	1	2	32	0	1	7	1	1	0	0	5	0	1	1	6	2	4	0	0	12	2	5	6	1	0	2	37	21	7	2	35	0	2	22	0	27	0	0	49	1	7	9	5	2	2	2	0	2	6	42	3	0	1	0	1	1	2	5	0	1	1	0	2	8	0
C[Ins(T):R5]C	15	6	0	8	18	0	1	0	3	2	2	1	0	0	3	4	0	0	0	0	1	3	65	3	0	0	2	0	1	210	45	0	53	0	53	22	1	0	358	0	4	0	4	0	1	643	8	246	0	0	4	10	6	16	8	144	52	4	0	1	0	0	4	0	0	108	22	1	4	0	1	4	84	0	2	4	0	6	0	0	4	0	432	3	1	7	3	79	8	2	45	1	1	2	13	13	7	1	0	0	50	0	19	1	3	111	2	62	6	1	1	498	1	30	1	1	36	0	1	73	1	0	59	16	0	3	63	3	9	0	1	1	0	0	2	0	2	7	3	923	1	2	1	4	22	3	1	0	0	1	2	271	2	0	1288	0	0	12	1580	8	2	0	141	58	3	7	1	1	3	3	1	1	1	3	44	13	2	0	70	9	0	4	3	0	0	0	56	12	1	26	0	1	10	1	2	59	0	1	6	27	0	2	16	0	0	0	0	17	0	4	8	8	0	6	0	0	15	1	2	4	1	0	2	35	17	6	2	33	0	2	38	3	27	0	0	51	0	11	15	4	1	0	0	1	2	1	51	1	2	2	0	1	2	3	8	0	6	2	1	0	2	1
C[Ins(T):R5]G	16	3	0	7	22	0	1	0	2	0	0	0	0	1	1	10	0	0	0	0	1	0	48	10	0	0	5	0	1	91	34	0	34	0	65	7	1	0	201	0	3	2	4	0	4	536	10	105	0	0	5	6	3	13	3	73	33	2	0	0	0	0	6	1	2	126	24	1	6	0	0	3	104	0	1	4	0	9	0	0	12	0	259	5	2	4	0	75	6	0	41	0	0	4	8	7	1	0	0	0	45	0	26	0	2	107	2	70	7	0	0	302	0	14	0	5	33	0	0	83	0	1	72	10	0	2	63	1	6	0	0	0	1	0	1	1	1	7	3	566	0	1	0	3	17	4	3	0	2	0	2	148	3	0	862	1	2	14	1128	4	2	0	62	80	0	3	4	3	6	1	3	0	3	4	50	7	0	1	63	7	0	3	1	1	2	0	54	11	2	25	0	1	6	0	4	57	1	2	1	36	0	0	8	0	0	0	1	11	1	4	3	2	0	6	1	0	8	0	2	4	0	0	2	50	19	19	2	43	0	0	40	2	38	0	0	59	1	6	7	3	0	0	2	0	0	12	36	9	1	1	0	1	4	4	11	0	6	1	1	1	5	0
C[Ins(T):R6]A	58	8	0	6	63	2	1	1	2	1	3	1	0	0	2	2	2	0	0	1	4	4	100	8	0	0	5	0	5	161	112	0	69	1	127	22	1	0	305	0	15	2	1	1	0	649	8	242	0	0	15	9	3	34	6	158	61	9	3	2	0	0	8	1	2	216	80	0	0	1	1	7	281	1	0	16	1	13	2	0	3	2	386	2	9	12	5	190	8	1	80	0	2	1	23	10	10	1	0	2	119	1	81	1	3	272	7	165	26	1	0	638	4	48	5	3	69	1	0	200	2	0	210	24	0	2	126	3	6	0	0	1	2	1	0	0	1	4	6	1943	1	5	1	11	53	1	1	1	5	3	7	242	10	0	1249	1	1	22	1364	5	3	2	173	103	4	12	4	0	2	0	3	1	2	6	94	21	1	1	76	18	1	16	5	2	0	2	151	17	1	80	1	2	22	3	2	127	1	0	1	61	0	2	24	3	0	0	4	18	1	11	10	10	1	4	3	0	30	1	2	15	4	0	1	73	56	6	8	96	0	0	54	4	89	0	1	145	1	11	29	13	2	4	3	0	1	3	131	3	0	2	3	2	4	4	23	0	0	0	2	4	15	0
C[Ins(T):R6]C	48	20	0	7	73	0	1	4	4	2	3	2	0	2	2	7	1	0	3	5	5	10	146	8	2	0	5	0	11	198	143	0	40	1	167	35	1	0	286	0	16	8	5	1	2	580	13	204	0	0	22	23	9	55	10	157	58	7	3	0	0	0	12	1	4	351	112	4	7	0	4	16	378	1	1	23	0	23	1	0	10	2	337	13	2	20	8	210	16	2	121	2	3	4	49	46	20	1	0	4	142	2	80	4	3	391	18	180	34	3	5	480	3	34	1	2	134	0	2	279	2	2	218	79	0	4	212	1	10	0	1	2	11	2	5	1	4	7	11	1740	1	3	2	17	86	4	1	1	4	2	12	200	18	0	1254	1	1	27	1512	8	7	0	156	154	7	21	4	3	1	0	6	1	3	12	150	37	0	1	99	34	0	15	10	3	0	1	205	29	4	85	3	4	44	9	0	209	2	3	4	84	1	10	61	3	2	1	6	39	1	15	19	7	2	1	2	0	35	0	1	21	3	3	3	126	63	9	11	140	0	0	100	5	147	5	0	179	2	21	53	15	4	6	7	1	1	6	155	3	3	10	1	1	2	4	36	0	1	0	2	1	14	1
C[Ins(T):R6]G	73	11	0	10	63	0	1	1	0	3	3	0	0	1	1	5	4	0	0	2	11	14	169	6	0	0	6	0	9	61	138	0	21	1	175	35	1	0	94	0	14	4	4	3	0	452	9	67	1	0	20	12	9	53	7	59	20	9	2	1	0	0	7	2	4	338	132	2	4	0	4	6	413	0	3	15	1	13	1	2	6	1	155	11	4	12	2	296	14	5	134	0	1	4	27	27	13	0	0	2	204	1	95	1	5	374	8	205	28	1	0	443	2	10	4	3	140	0	2	320	4	0	221	67	0	5	220	3	3	1	1	2	1	0	4	0	0	15	13	1447	1	6	0	17	75	6	1	1	3	0	4	101	11	0	907	0	0	33	1098	10	5	2	62	151	6	18	3	1	5	2	5	2	1	6	162	25	1	0	101	28	0	14	1	2	0	1	214	40	4	102	3	2	31	7	3	188	1	3	2	83	1	5	49	1	1	0	2	49	0	17	11	8	2	9	1	0	32	1	1	13	3	3	3	149	88	14	8	118	0	4	99	3	142	0	0	196	0	31	48	8	3	1	1	4	1	5	132	4	0	6	3	3	4	7	33	0	4	0	4	1	20	1
C[Ins(T):R7]A	125	9	0	12	125	1	0	3	1	1	4	0	0	0	1	1	2	0	0	4	11	11	227	4	0	0	6	0	6	128	224	0	42	0	247	30	2	0	203	0	24	0	2	0	5	513	5	160	0	0	14	13	9	47	11	89	39	7	2	1	0	0	11	1	5	317	198	2	5	0	3	6	571	1	1	12	0	19	0	1	6	0	182	0	5	12	2	294	7	4	96	1	1	1	19	18	15	0	0	2	278	3	184	1	3	415	6	299	33	1	0	563	2	29	4	1	146	0	2	375	3	0	393	34	0	7	192	1	2	1	0	3	6	1	5	2	1	5	14	3125	1	9	4	14	99	4	1	2	4	1	10	197	20	1	1043	2	0	48	1153	12	7	0	117	210	4	18	4	3	4	0	6	1	3	3	115	24	0	0	120	22	0	31	2	5	0	0	270	34	3	154	2	0	27	2	4	239	2	3	3	131	1	5	18	1	0	1	3	52	1	7	13	7	2	2	0	1	42	3	3	21	0	1	1	141	99	5	7	142	0	5	110	2	112	0	1	300	0	16	32	7	2	1	0	2	0	7	202	1	2	2	1	2	6	4	32	0	1	0	3	0	17	2
C[Ins(T):R7]C	69	13	0	8	74	0	2	3	5	2	2	0	0	2	3	0	0	0	0	1	5	8	168	4	1	0	6	0	5	114	191	0	39	0	177	33	3	0	200	0	12	4	4	3	0	607	7	148	1	0	10	14	5	36	7	88	40	9	1	1	0	0	7	0	2	305	130	2	2	1	2	5	417	0	4	26	0	13	1	2	13	2	196	1	2	10	3	251	9	5	104	0	0	2	28	11	10	1	0	1	171	1	94	1	0	382	7	182	29	2	0	581	1	29	3	1	117	0	0	280	3	0	238	56	0	3	152	0	7	0	0	2	2	0	8	1	4	6	6	3634	1	2	3	10	100	1	0	1	4	2	8	158	13	0	1186	0	1	39	1350	7	11	0	112	161	6	14	2	1	4	0	6	1	2	5	161	18	0	0	110	20	0	19	5	2	4	2	182	38	2	95	2	3	29	2	4	190	1	7	1	94	1	13	30	1	0	0	2	46	1	12	14	8	2	2	1	0	37	2	4	8	0	6	1	100	88	7	6	131	0	0	105	7	131	1	0	210	0	18	44	17	4	2	4	1	0	10	155	4	2	4	2	3	3	6	24	0	0	1	4	2	21	2
C[Ins(T):R7]G	127	27	1	12	117	0	1	2	1	0	3	1	0	1	1	6	5	0	2	3	10	13	291	9	1	0	3	0	7	74	298	0	26	6	279	34	1	0	131	0	16	8	8	1	2	561	5	79	0	0	14	13	8	42	11	45	16	8	5	0	0	0	14	0	7	485	223	3	4	1	3	3	624	1	5	24	0	14	0	0	13	1	98	5	2	14	5	379	18	8	145	1	4	3	48	29	14	1	0	0	299	2	165	4	4	562	7	339	34	3	0	617	1	16	7	2	195	0	1	432	1	0	415	60	1	8	234	2	5	1	0	4	5	4	8	2	1	8	11	3685	0	4	3	21	133	6	0	3	2	0	3	96	16	1	1102	2	1	63	1272	12	8	2	58	218	3	16	10	5	6	1	2	2	1	9	218	26	3	1	134	35	1	25	2	3	4	2	259	53	4	176	3	2	33	5	6	314	3	3	3	140	3	4	41	3	2	1	7	74	1	21	16	7	0	5	0	0	50	1	4	19	3	5	2	186	128	10	13	199	1	4	162	6	183	2	1	315	1	26	55	16	2	3	1	2	1	13	282	4	0	4	2	2	8	8	32	0	3	0	3	2	19	3
C[Ins(T):R8]A	158	20	0	15	106	0	2	2	1	2	3	1	0	3	0	3	0	0	0	1	13	23	337	7	1	0	3	0	6	95	343	0	28	1	198	25	3	0	173	0	36	3	1	2	0	773	0	79	1	0	16	17	6	5	11	70	40	4	3	0	0	0	7	3	6	454	274	7	6	1	4	8	736	1	2	27	0	18	2	2	9	3	125	1	7	10	3	401	15	0	141	1	3	4	28	13	19	1	0	2	302	1	180	1	4	562	7	247	41	0	1	812	2	31	8	3	182	1	0	397	1	0	414	69	0	8	219	3	4	0	0	5	4	1	4	2	1	7	17	2221	2	10	4	22	176	1	2	5	4	0	11	176	27	0	1818	1	1	66	1697	12	14	2	114	211	10	26	4	4	4	0	6	2	2	10	226	27	1	0	184	40	1	16	9	4	2	2	317	81	6	211	4	6	42	8	2	313	2	5	1	156	2	6	56	2	6	2	2	92	1	14	13	9	1	3	5	1	68	3	8	24	5	5	1	181	133	8	5	235	0	5	154	6	193	2	1	350	2	29	48	23	5	7	3	1	2	8	384	2	3	6	1	5	4	7	42	6	2	3	2	2	24	4
C[Ins(T):R8]C	155	16	0	4	111	2	0	7	1	1	3	0	0	0	3	1	1	0	0	4	11	11	319	14	1	0	7	0	13	126	351	0	49	2	183	17	0	0	209	0	20	2	4	0	0	1184	1	119	0	0	27	16	10	8	6	96	43	2	4	1	0	0	3	1	5	488	237	2	5	1	2	7	698	0	1	22	2	18	1	0	10	2	168	0	8	14	0	420	9	6	158	0	3	3	34	16	15	0	0	2	338	2	196	1	5	572	8	292	50	4	0	1265	2	42	7	1	190	1	0	384	1	0	438	69	0	4	214	1	2	2	2	3	6	2	8	1	4	4	14	2805	2	6	1	22	246	4	1	2	5	3	18	234	26	0	2834	1	3	74	2576	11	8	1	118	195	4	14	4	4	4	1	6	6	4	4	262	31	1	1	195	37	0	24	7	2	2	2	290	73	5	191	0	4	44	9	2	341	1	7	1	135	1	8	60	3	1	0	6	116	3	18	17	10	1	5	2	0	92	1	2	33	3	3	4	175	149	8	10	224	1	5	166	6	201	4	0	348	0	23	58	17	3	4	1	5	3	12	407	4	0	7	5	4	1	7	61	0	2	1	6	0	21	2
C[Ins(T):R8]G	223	18	0	9	146	1	2	3	1	2	2	2	0	0	2	3	0	0	0	0	12	24	477	9	2	0	8	0	7	66	536	0	24	3	289	31	1	0	132	0	32	3	3	0	0	906	4	71	0	0	22	13	13	12	8	39	25	4	6	1	0	0	11	1	3	631	391	1	2	4	2	11	1148	0	0	33	0	22	1	1	10	2	73	1	8	18	2	563	13	9	190	1	0	3	38	16	28	3	0	1	439	2	299	0	7	772	13	356	52	5	2	1142	3	22	5	1	299	0	1	550	0	0	511	84	0	4	359	2	7	0	0	4	8	3	9	0	5	9	19	2739	1	7	5	31	298	5	4	1	9	4	12	107	31	3	2268	2	1	77	2362	16	10	1	62	250	5	27	10	2	4	1	8	7	6	6	297	38	2	2	198	48	0	36	4	5	1	5	389	129	8	282	0	3	53	4	5	516	2	5	3	191	2	9	63	3	2	3	6	144	2	19	22	16	1	5	0	2	127	0	9	29	5	6	0	236	190	10	13	285	1	3	241	7	271	0	1	464	1	36	72	17	10	3	5	3	3	10	526	6	2	10	5	5	8	6	67	0	1	2	2	0	31	1
C[Ins(T):R(9,)]A	0	0	0	0	0	0	0	0	0	0	0	0	0	0	0	0	0	0	0	0	0	0	0	0	0	0	0	0	0	0	0	0	0	0	0	0	0	0	0	0	0	0	0	0	0	0	0	0	0	0	0	0	0	0	0	0	0	0	0	0	0	0	0	0	0	0	0	0	0	0	0	0	0	0	0	0	0	0	0	0	0	0	0	0	0	0	0	0	0	0	0	0	0	0	0	0	0	0	0	0	0	0	0	0	0	0	0	0	0	0	0	0	0	0	0	0	0	0	0	0	0	0	0	0	0	0	0	0	0	0	0	0	0	0	0	0	0	0	0	0	0	0	0	0	0	0	0	0	0	0	0	0	0	0	0	0	0	0	0	0	0	0	0	0	0	0	0	0	0	0	0	0	0	0	0	0	0	0	0	0	0	0	0	0	0	0	0	0	0	0	0	0	0	0	0	0	0	0	0	0	0	0	0	0	0	0	0	0	0	0	0	0	0	0	0	0	0	0	0	0	0	0	0	0	0	0	0	0	0	0	0	0	0	0	0	0	0	0	0	0	0	0	0	0	0	0	0	0	0	0	0	0	0	0	0	0	0	0	0	0	0	0
C[Ins(T):R(9,)]C	0	0	0	0	0	0	0	0	0	0	0	0	0	0	0	0	0	0	0	0	0	0	0	0	0	0	0	0	0	0	0	0	0	0	0	0	0	0	0	0	0	0	0	0	0	0	0	0	0	0	0	0	0	0	0	0	0	0	0	0	0	0	0	0	0	0	0	0	0	0	0	0	0	0	0	0	0	0	0	0	0	0	0	0	0	0	0	0	0	0	0	0	0	0	0	0	0	0	0	0	0	0	0	0	0	0	0	0	0	0	0	0	0	0	0	0	0	0	0	0	0	0	0	0	0	0	0	0	0	0	0	0	0	0	0	0	0	0	0	0	0	0	0	0	0	0	0	0	0	0	0	0	0	0	0	0	0	0	0	0	0	0	0	0	0	0	0	0	0	0	0	0	0	0	0	0	0	0	0	0	0	0	0	0	0	0	0	0	0	0	0	0	0	0	0	0	0	0	0	0	0	0	0	0	0	0	0	0	0	0	0	0	0	0	0	0	0	0	0	0	0	0	0	0	0	0	0	0	0	0	0	0	0	0	0	0	0	0	0	0	0	0	0	0	0	0	0	0	0	0	0	0	0	0	0	0	0	0	0	0	0	0
C[Ins(T):R(9,)]G	0	0	0	0	0	0	0	0	0	0	0	0	0	0	0	0	0	0	0	0	0	0	0	0	0	0	0	0	0	0	0	0	0	0	0	0	0	0	0	0	0	0	0	0	0	0	0	0	0	0	0	0	0	0	0	0	0	0	0	0	0	0	0	0	0	0	0	0	0	0	0	0	0	0	0	0	0	0	0	0	0	0	0	0	0	0	0	0	0	0	0	0	0	0	0	0	0	0	0	0	0	0	0	0	0	0	0	0	0	0	0	0	0	0	0	0	0	0	0	0	0	0	0	0	0	0	0	0	0	0	0	0	0	0	0	0	0	0	0	0	0	0	0	0	0	0	0	0	0	0	0	0	0	0	0	0	0	0	0	0	0	0	0	0	0	0	0	0	0	0	0	0	0	0	0	0	0	0	0	0	0	0	0	0	0	0	0	0	0	0	0	0	0	0	0	0	0	0	0	0	0	0	0	0	0	0	0	0	0	0	0	0	0	0	0	0	0	0	0	0	0	0	0	0	0	0	0	0	0	0	0	0	0	0	0	0	0	0	0	0	0	0	0	0	0	0	0	0	0	0	0	0	0	0	0	0	0	0	0	0	0	0
G[Ins(T):R0]A	1	0	0	1	2	1	0	1	1	3	1	8	0	0	1	10	4	0	0	1	0	1	1	6	2	0	2	0	1	2	1	0	0	0	0	0	2	0	2	0	3	0	6	0	2	0	1	1	0	0	0	0	0	0	1	0	2	2	0	0	0	0	1	1	0	4	0	0	1	1	2	1	1	1	1	0	0	0	1	1	11	0	2	10	0	2	0	0	0	0	1	2	1	2	0	1	0	0	0	1	1	3	0	2	0	2	0	0	0	1	1	0	4	0	1	7	0	1	0	0	0	0	3	2	0	3	14	1	9	0	0	4	1	22	1	0	0	12	0	17	1	0	0	0	1	5	1	8	4	0	2	4	1	0	13	0	1	0	8	6	3	0	3	4	0	0	1	0	6	0	6	0	4	1	1	0	0	2	7	2	0	0	5	0	2	0	1	2	3	3	1	3	1	1	3	3	0	3	2	1	0	1	0	1	0	0	1	2	2	1	2	2	0	8	4	1	1	1	0	0	2	1	3	3	1	11	0	2	0	0	2	3	3	0	0	3	2	0	0	3	1	0	3	3	4	8	8	4	1	0	0	1	2	1	0	0	4	22	1	3	2	2
G[Ins(T):R0]C	0	0	0	0	0	0	0	1	1	0	0	7	0	0	0	7	3	0	0	1	1	0	2	1	0	0	3	0	1	0	1	0	0	1	1	0	1	0	1	0	1	0	12	0	0	4	0	1	0	0	1	0	0	0	1	1	0	4	1	0	0	0	1	0	1	0	0	0	0	0	1	1	0	1	0	0	0	2	0	0	4	0	0	4	0	0	0	1	0	0	0	0	0	1	0	1	0	0	0	0	0	1	0	2	0	2	1	1	0	0	0	3	0	0	0	2	1	0	0	0	0	0	4	1	0	1	8	2	1	1	0	0	0	0	0	0	0	12	2	13	0	1	0	1	2	1	1	1	13	1	0	4	0	1	21	0	0	1	23	2	1	0	1	4	1	0	0	1	8	0	0	0	0	1	2	0	0	0	4	1	0	0	0	0	1	0	2	1	1	4	3	0	2	1	4	4	0	1	0	4	0	0	0	0	0	0	1	0	0	0	1	1	4	6	0	1	2	1	0	0	0	0	3	1	0	11	0	2	0	0	3	2	5	0	0	5	0	0	0	0	1	0	1	0	1	6	9	3	0	0	0	0	1	0	2	0	0	2	0	1	1	0
G[Ins(T):R0]G	7	1	0	0	5	1	0	0	1	0	0	3	0	0	1	38	6	0	0	0	1	1	4	16	2	0	6	0	1	1	14	0	0	0	8	0	1	0	4	0	0	2	16	0	2	12	0	0	0	0	0	0	0	1	0	2	1	3	0	0	0	0	2	0	1	17	3	3	1	1	1	12	25	0	0	1	0	0	0	1	21	0	3	14	1	1	1	14	0	1	5	2	0	4	0	0	2	1	0	0	6	0	6	0	1	10	0	11	1	0	0	9	0	1	1	6	9	2	0	16	0	2	29	0	1	4	19	2	1	0	0	0	1	1	2	1	0	29	2	88	1	2	0	2	15	10	1	6	2	0	3	15	7	1	63	0	0	5	98	7	5	1	11	23	0	1	1	0	40	2	2	0	6	2	21	3	0	0	15	3	0	2	2	0	1	1	21	12	7	12	1	1	1	1	5	32	2	1	2	11	0	1	5	2	1	0	6	7	1	0	3	2	1	47	1	1	4	3	0	5	1	0	13	13	16	54	2	5	2	0	8	3	14	2	0	17	0	2	1	7	5	0	0	2	2	37	18	14	2	0	0	0	0	0	3	2	12	0	0	0	4	0
G[Ins(T):R1]A	1	0	0	2	1	0	0	1	8	2	4	0	0	1	0	9	4	0	2	1	3	0	5	9	1	0	18	0	6	1	2	0	0	2	2	2	6	0	3	0	2	3	8	0	0	2	76	1	0	0	2	4	3	0	2	3	2	3	2	3	0	0	1	3	1	11	3	2	2	2	4	3	13	2	5	1	0	2	1	3	1	3	1	5	5	1	6	3	7	0	2	1	8	2	2	6	1	1	1	1	0	3	2	4	2	7	1	5	4	3	6	1	3	3	2	3	3	3	4	0	2	0	8	5	0	2	4	1	7	0	4	4	4	2	5	1	3	4	5	17	3	3	3	3	1	3	2	14	37	2	7	4	5	0	6	2	0	2	12	10	5	4	3	4	5	3	1	3	10	0	2	1	2	2	5	2	0	0	13	1	1	2	0	1	2	3	3	1	11	2	5	2	2	6	4	3	1	4	4	7	1	4	5	5	1	1	2	2	0	4	2	5	1	12	1	1	4	5	3	4	5	5	3	8	4	15	6	7	4	2	4	2	2	1	0	3	3	0	2	4	7	2	1	1	7	10	7	8	2	3	1	2	2	1	0	0	7	8	0	2	4	5
G[Ins(T):R1]C	2	0	0	0	0	0	4	0	2	0	0	1	0	0	2	4	0	0	1	0	3	0	1	1	0	0	10	0	2	0	3	0	0	0	1	0	3	0	2	0	0	0	3	0	0	3	142	0	0	0	0	0	0	0	0	1	1	0	1	0	0	0	1	0	1	6	1	0	1	0	0	2	5	2	0	0	0	0	0	2	2	0	3	6	0	1	0	2	0	0	3	0	0	0	1	0	5	0	0	0	1	0	0	4	3	1	0	2	1	1	0	3	1	0	0	1	2	2	2	1	0	0	1	4	0	2	6	0	4	0	1	0	1	0	0	0	0	6	0	13	3	2	0	2	1	1	0	2	14	0	1	1	1	0	8	0	1	0	5	5	2	0	1	2	0	1	1	4	3	0	1	0	0	0	0	0	1	1	16	0	0	0	1	1	0	1	2	0	1	1	6	1	0	3	1	2	0	0	0	0	0	4	0	1	0	0	2	0	0	0	4	0	0	1	0	0	1	1	0	0	1	3	2	0	0	5	0	2	0	0	0	2	1	0	1	0	1	1	0	0	1	0	0	3	1	5	2	1	0	0	0	0	0	0	0	0	0	0	7	1	0	0
G[Ins(T):R1]G	4	0	0	1	5	1	3	1	3	1	2	2	0	0	0	69	7	0	1	1	1	1	4	23	0	0	54	0	1	1	4	0	1	0	7	0	3	0	6	0	1	2	28	3	2	11	120	2	0	0	1	0	1	0	0	3	3	3	1	1	0	0	2	0	0	21	3	4	1	1	1	14	17	2	1	1	0	0	0	2	26	1	2	21	2	2	0	11	2	1	9	1	0	18	0	0	3	1	0	0	8	1	5	1	4	4	0	12	1	2	3	7	0	0	0	5	7	2	1	9	1	9	10	4	0	2	7	3	3	2	5	0	1	0	0	0	0	70	1	40	0	1	0	1	4	8	2	6	71	0	1	3	2	2	27	2	1	2	78	15	2	0	1	13	4	3	2	1	33	1	1	4	10	2	14	1	0	1	8	5	0	3	1	1	1	1	8	7	14	6	10	1	4	5	14	8	0	1	0	16	1	1	1	1	0	0	9	2	1	1	9	2	5	53	1	2	3	10	0	0	4	2	20	8	11	87	0	10	2	4	17	9	2	0	0	9	1	0	1	1	5	0	1	2	4	60	16	23	0	0	0	1	3	1	2	0	12	0	6	0	1	0
G[Ins(T):R2]A	1	0	0	1	1	1	2	0	4	0	1	1	0	0	0	4	0	0	0	0	0	1	4	1	0	0	5	0	1	0	4	0	0	0	5	1	0	0	2	0	1	1	1	0	1	2	64	0	0	0	0	0	0	0	0	0	1	1	0	0	0	0	0	0	0	13	1	1	1	0	0	1	7	0	1	1	0	1	0	4	1	1	1	2	0	0	0	3	0	1	8	0	0	1	1	0	0	0	0	0	3	0	5	2	0	8	0	5	2	1	1	2	0	1	2	1	4	3	0	4	0	0	4	0	0	4	1	2	3	0	4	2	0	1	1	0	0	6	0	28	0	0	0	0	2	1	0	25	16	1	0	2	0	1	4	0	0	1	5	6	0	0	1	10	0	1	0	0	3	0	1	1	1	0	1	1	0	2	3	1	0	0	0	0	0	0	4	0	2	3	3	0	2	0	2	3	0	1	0	2	1	0	1	0	0	0	1	0	0	1	4	0	2	8	0	0	2	3	0	0	0	0	2	2	0	6	0	6	0	0	2	0	8	0	0	5	0	0	1	0	5	1	1	0	0	7	5	3	2	1	0	0	1	0	0	0	0	1	1	1	0	0
G[Ins(T):R2]C	2	0	0	1	3	0	0	0	4	0	0	0	0	0	1	3	2	0	1	0	0	1	3	2	0	0	20	0	2	0	4	0	0	0	4	1	3	0	0	0	0	0	2	0	1	10	76	0	1	0	3	0	1	1	1	1	0	0	0	0	0	0	0	0	1	26	2	1	1	0	0	2	16	0	1	0	0	0	0	3	1	0	0	1	0	1	1	5	0	0	12	1	1	0	0	1	0	0	0	0	4	0	4	3	0	3	0	6	1	0	1	6	0	0	0	0	0	0	0	11	0	0	5	0	1	2	2	1	6	0	2	1	0	0	0	0	0	6	5	20	1	0	0	1	0	0	1	1	43	1	0	1	1	0	9	0	0	3	10	5	0	1	3	16	0	0	0	1	4	1	1	0	1	0	6	0	0	1	11	1	0	1	0	0	0	0	5	0	6	1	3	2	0	3	3	4	0	1	1	1	0	2	0	0	0	0	4	0	0	0	1	0	2	6	0	0	0	3	1	0	1	0	1	4	5	5	1	6	0	0	8	2	8	1	0	3	0	1	0	2	2	0	1	0	1	4	1	3	0	1	0	0	0	0	0	0	0	0	0	0	0	0
G[Ins(T):R2]G	11	0	0	1	14	0	0	1	3	0	0	0	0	0	0	53	12	0	0	0	1	1	34	33	1	0	38	0	0	0	22	0	0	0	29	0	1	0	2	0	3	0	29	0	0	27	77	0	0	0	1	2	1	10	0	2	1	5	0	1	0	0	0	0	0	98	27	1	3	0	2	21	109	0	1	1	0	0	0	0	55	0	0	51	0	0	0	26	2	2	34	0	0	23	1	1	2	0	0	1	23	1	14	4	1	46	0	40	1	2	1	24	0	0	0	13	19	3	0	42	0	3	46	3	0	1	22	1	1	0	1	0	0	0	1	0	0	100	3	73	1	0	0	1	9	24	0	2	32	0	2	3	3	0	34	0	0	9	45	10	3	0	1	80	2	1	1	2	82	0	4	0	15	0	28	3	1	0	20	2	0	1	1	0	1	0	31	6	24	15	4	1	3	4	20	19	1	0	0	22	0	1	2	0	0	0	22	5	1	2	4	0	2	95	1	0	6	5	0	2	2	0	38	20	17	110	2	31	0	2	32	8	43	1	0	31	1	0	0	2	6	0	1	2	4	100	27	49	0	3	1	0	1	1	2	0	28	3	3	1	0	0
G[Ins(T):R3]A	2	0	0	0	1	0	1	0	5	0	0	0	0	0	0	7	0	0	0	0	0	0	6	4	0	0	9	0	0	2	3	0	0	0	4	0	0	0	1	0	0	2	1	0	2	2	41	0	0	0	1	0	0	1	1	1	1	0	0	1	0	0	0	0	0	12	2	1	0	0	1	2	13	0	0	0	0	0	0	0	2	0	2	2	0	0	3	4	4	0	8	0	0	0	0	0	2	0	0	0	3	0	1	2	0	6	1	8	0	1	0	8	0	2	0	0	2	1	1	4	0	0	8	0	0	0	1	1	1	0	5	0	1	1	1	1	0	2	0	18	0	0	0	1	2	0	1	3	14	0	0	0	1	0	11	0	0	1	7	4	0	1	2	11	0	3	0	4	1	1	1	0	0	0	6	0	1	0	6	1	1	0	0	0	0	0	3	2	3	7	4	0	1	2	0	4	0	0	1	2	0	0	2	0	1	2	0	2	0	1	7	0	1	2	0	0	0	3	0	1	1	0	2	5	5	8	0	4	0	1	7	3	9	1	0	4	0	1	1	2	3	1	0	0	1	6	8	2	1	3	0	0	0	1	1	1	1	0	4	0	3	0
G[Ins(T):R3]C	0	0	0	0	3	0	1	0	1	1	0	0	0	0	1	1	1	0	0	0	0	0	8	0	2	0	11	0	0	0	8	0	2	0	4	2	0	0	2	0	0	0	2	0	1	12	27	0	0	0	0	1	0	1	0	2	1	2	0	0	0	0	0	0	0	26	4	0	0	0	0	1	14	0	0	0	0	1	0	0	1	0	2	0	1	0	1	4	2	1	17	0	2	0	0	0	1	0	0	0	3	0	4	0	1	19	0	9	1	0	0	2	1	0	0	0	10	0	1	10	1	0	7	0	0	0	3	0	7	0	0	0	0	1	0	0	1	2	1	21	1	1	0	1	0	0	0	2	22	0	0	1	3	0	11	0	1	4	10	5	1	0	2	17	0	0	0	1	2	1	1	0	2	0	8	0	1	0	15	0	0	2	0	0	0	0	8	2	4	3	1	1	0	3	0	8	2	0	0	4	0	1	0	1	0	0	1	0	0	1	1	1	1	4	0	0	3	0	1	0	2	0	1	3	8	2	0	5	0	0	6	2	8	0	0	4	1	0	0	1	0	0	0	1	0	2	3	0	0	1	1	0	1	0	1	0	0	0	2	0	2	0
G[Ins(T):R3]G	5	2	0	1	6	0	1	0	2	1	0	0	0	0	0	37	5	0	0	0	1	0	13	22	0	0	11	0	0	4	13	0	0	0	17	0	1	0	2	0	2	1	24	0	0	23	54	1	0	0	1	3	2	4	0	2	2	0	1	0	0	0	0	0	0	44	18	1	1	0	1	12	37	1	0	0	0	1	0	0	24	0	8	19	0	1	2	14	1	0	24	0	0	15	2	1	2	0	0	1	22	0	8	2	2	32	0	27	0	0	1	19	1	0	0	5	17	2	0	32	0	0	25	1	0	3	11	0	3	0	1	1	4	0	0	0	0	71	2	35	0	0	0	0	7	17	1	0	15	0	2	3	0	0	35	1	1	5	44	6	2	0	2	41	0	1	3	1	42	2	1	0	10	0	15	0	0	1	21	0	0	1	2	1	0	0	15	4	4	9	5	0	3	4	7	17	0	2	0	14	0	1	2	0	0	0	11	3	0	3	4	0	0	33	1	0	8	5	1	2	1	0	9	15	9	86	1	12	0	0	11	5	16	0	1	22	0	3	1	3	3	1	0	1	3	37	10	16	0	0	1	0	0	0	2	0	10	1	0	0	3	0
G[Ins(T):R4]A	7	0	0	2	3	0	0	0	1	0	0	0	0	0	0	1	0	0	1	0	2	1	14	1	0	0	2	0	1	4	15	0	2	0	18	0	0	0	9	0	0	0	0	0	1	14	25	6	1	0	0	0	0	5	1	1	1	0	0	1	0	0	0	0	3	19	11	1	0	0	0	0	25	0	1	1	0	0	0	0	2	0	20	1	1	1	3	14	2	0	12	0	0	1	3	3	2	0	0	0	15	0	5	0	1	14	0	14	0	0	1	25	0	1	0	0	12	0	0	17	0	0	23	0	0	0	6	0	2	0	0	0	0	0	0	0	0	0	1	429	0	1	0	0	3	1	0	2	8	0	1	7	2	0	35	1	0	3	105	4	0	0	2	8	0	1	0	2	1	0	0	0	2	0	6	0	0	0	3	4	0	2	0	0	1	0	14	1	2	6	1	1	0	2	0	15	0	0	0	11	0	0	1	2	1	0	2	1	0	0	1	1	0	1	1	0	2	0	0	3	0	0	0	9	5	5	0	7	0	0	10	0	5	0	0	13	0	0	0	4	1	1	1	0	0	2	10	0	0	1	1	0	1	0	2	0	0	0	0	0	1	0
G[Ins(T):R4]C	7	1	0	0	1	0	4	0	1	1	0	0	0	1	0	0	0	0	0	0	0	0	4	0	0	0	3	0	0	6	13	0	0	0	5	1	0	0	11	0	2	0	1	0	0	11	30	3	0	0	0	0	1	2	0	3	0	0	0	0	0	0	2	0	1	19	7	0	0	0	0	0	14	0	0	0	0	0	0	1	1	0	9	3	0	1	1	13	0	1	7	0	0	2	0	3	1	0	0	0	9	0	4	0	1	22	0	8	2	0	0	22	0	1	0	0	7	1	0	12	0	0	16	1	0	1	10	0	10	0	1	0	1	0	1	0	0	1	0	755	0	0	0	0	2	0	0	0	3	0	1	6	0	1	37	1	0	2	60	1	3	0	2	11	0	1	0	1	2	0	0	0	0	1	6	1	0	4	13	2	0	0	0	0	1	0	12	3	0	5	2	0	1	2	0	17	0	2	0	4	0	1	0	0	1	0	0	1	0	1	0	2	0	4	0	0	0	0	0	0	1	1	0	6	7	5	0	3	0	1	8	0	6	0	0	2	1	1	2	2	1	0	0	0	0	1	7	0	2	0	0	0	0	0	1	0	0	0	1	0	1	0
G[Ins(T):R4]G	15	1	0	0	25	0	0	0	3	0	2	0	0	0	0	10	2	0	0	0	3	0	28	5	0	0	5	0	0	2	44	0	2	0	44	0	0	0	17	0	2	1	10	0	0	61	13	6	0	0	1	2	0	13	0	2	0	0	0	0	0	0	1	0	0	56	31	3	0	0	1	3	91	2	0	2	0	0	0	1	5	0	23	3	0	0	1	55	2	1	19	1	0	4	3	4	0	0	0	0	35	0	27	1	0	53	2	37	2	0	0	35	1	1	0	1	17	0	0	61	1	0	75	6	0	0	19	0	0	0	2	1	1	0	1	0	0	19	1	594	1	1	0	1	15	1	0	1	8	0	1	12	3	0	76	0	1	11	80	1	4	0	5	49	0	2	1	2	5	0	0	1	2	2	19	6	0	0	14	2	1	1	0	0	0	0	31	7	0	21	2	1	4	0	4	29	1	1	0	12	0	0	5	0	0	0	8	2	0	2	1	1	2	9	0	0	9	1	0	0	1	0	8	18	22	20	0	19	0	1	22	2	18	0	0	39	0	4	5	2	0	0	0	0	3	9	24	6	0	1	1	1	0	0	4	0	7	2	1	0	3	0
G[Ins(T):R5]A	15	5	0	6	21	0	0	0	0	1	0	0	0	1	0	1	0	0	0	0	1	2	44	1	1	0	5	0	2	60	41	0	31	1	65	5	0	0	112	0	5	0	2	0	1	274	13	63	0	0	1	4	0	16	0	72	46	2	1	2	0	0	3	1	1	71	33	0	2	1	0	1	77	1	0	6	0	1	0	2	1	0	160	2	3	4	2	54	0	0	32	0	1	0	1	2	1	0	0	0	43	0	22	0	0	75	2	61	3	0	1	280	0	45	3	1	27	1	0	75	3	1	73	3	0	0	52	0	2	0	2	0	1	0	0	0	0	3	1	460	0	1	1	0	19	2	0	0	3	0	1	166	0	0	650	1	1	8	638	5	2	0	48	41	1	2	1	0	3	2	4	0	0	1	34	6	1	2	18	5	0	2	1	1	1	0	41	7	0	26	2	2	10	2	2	57	0	0	0	24	0	2	9	0	0	0	2	8	0	0	1	2	0	1	0	0	8	1	1	2	0	1	0	25	14	2	0	32	0	0	23	1	20	0	0	51	0	3	9	2	0	0	0	1	0	0	36	0	0	1	0	0	1	2	6	0	2	2	2	0	4	1
G[Ins(T):R5]C	9	5	0	0	21	0	2	3	0	1	1	0	0	1	0	3	0	0	0	0	2	5	34	4	0	0	3	0	0	61	24	0	43	3	44	6	0	0	140	0	1	0	1	0	3	290	8	76	0	0	2	2	6	8	3	56	40	4	0	2	0	0	1	0	0	94	37	1	2	0	2	0	65	0	0	7	0	2	0	1	1	0	149	4	1	2	2	62	0	1	32	0	0	0	4	4	0	0	0	1	28	1	23	0	1	67	1	49	7	0	0	348	1	21	1	1	22	1	0	64	2	0	54	4	0	0	53	0	18	0	0	0	2	0	0	0	0	1	1	687	1	1	0	0	30	0	4	0	1	0	0	155	2	0	751	0	1	12	785	4	1	0	50	54	1	1	1	7	1	1	1	1	0	3	52	3	0	4	29	7	0	6	0	2	0	0	60	13	3	21	0	3	3	1	2	52	0	0	1	22	0	1	8	0	0	1	2	18	0	5	7	1	1	0	0	0	10	0	0	8	1	0	0	24	15	0	0	27	0	0	20	1	31	0	0	49	0	5	5	4	0	0	0	1	1	2	46	1	3	0	0	0	1	4	10	0	0	0	1	0	3	1
G[Ins(T):R5]G	27	4	0	0	20	0	2	2	2	1	1	0	0	1	0	14	1	0	0	0	0	1	52	5	0	0	7	0	2	22	45	0	18	0	74	2	0	0	78	0	4	0	6	0	1	304	9	39	0	0	0	2	1	14	0	40	17	4	1	0	0	1	3	0	1	137	53	2	2	2	1	2	100	1	3	1	0	1	1	0	11	1	102	2	1	2	3	79	1	0	54	0	0	5	7	4	2	0	0	2	56	1	34	1	3	134	1	69	7	0	0	295	2	12	2	5	43	0	0	85	0	1	84	11	0	1	83	2	2	0	1	2	1	0	2	0	0	9	1	455	0	1	0	5	29	7	0	0	3	0	1	84	1	0	632	0	1	13	753	6	0	0	29	89	1	4	1	2	6	0	0	1	0	1	65	5	1	1	47	3	0	3	0	1	0	0	59	18	2	28	3	0	4	1	5	77	1	0	1	31	1	1	21	0	0	0	5	24	1	1	1	0	1	5	2	0	12	1	0	5	0	1	2	44	26	17	3	59	0	0	37	1	50	0	1	66	1	3	14	5	5	0	1	2	1	7	54	6	1	1	0	0	0	1	9	0	3	0	2	0	5	0
G[Ins(T):R6]A	64	3	0	7	72	1	2	2	0	1	1	0	0	1	0	3	0	0	2	0	4	8	174	5	2	0	2	0	6	205	131	0	68	0	200	21	1	0	256	0	11	5	1	3	1	747	4	215	0	0	8	8	0	46	10	138	65	9	0	1	0	0	12	1	6	292	114	1	2	0	1	3	401	1	0	9	0	6	1	1	2	2	328	4	3	10	5	235	7	5	93	0	0	0	13	11	15	0	0	0	179	1	98	0	2	304	7	203	16	0	3	1055	0	69	2	0	135	0	0	270	0	0	250	19	0	6	190	0	3	0	0	3	4	0	4	0	2	4	7	840	2	2	1	9	91	3	1	1	6	0	4	315	8	0	1847	1	2	21	1630	4	7	1	158	168	2	9	6	0	3	0	3	1	2	3	167	10	0	0	84	13	1	19	1	1	1	1	160	27	2	89	1	0	20	4	0	190	2	3	1	96	1	8	37	0	0	3	3	48	0	8	11	6	0	2	1	0	23	2	1	18	2	5	1	101	83	3	3	134	0	3	70	1	108	1	0	166	1	13	31	7	0	0	0	3	1	8	190	0	1	6	2	0	1	4	11	0	3	0	1	2	17	1
G[Ins(T):R6]C	61	18	0	9	62	3	2	2	4	1	3	1	1	4	1	2	1	0	0	0	6	9	226	3	1	0	3	0	12	201	189	0	62	1	240	25	1	0	299	0	18	1	3	1	3	765	4	251	0	0	20	19	6	67	7	160	81	5	4	2	0	0	9	0	3	400	179	4	7	1	2	9	440	0	1	18	1	15	0	3	7	3	385	4	1	14	8	331	10	9	141	2	2	3	37	32	9	1	0	1	193	0	108	1	2	475	12	237	28	2	0	928	2	62	7	2	190	0	1	335	4	0	246	50	0	5	261	2	5	1	0	3	4	1	8	1	1	9	8	578	0	3	1	14	193	2	1	2	3	1	7	332	21	0	1972	1	2	28	1918	7	2	0	188	172	5	15	5	3	6	1	1	4	3	6	239	23	2	0	141	21	0	16	4	4	3	1	249	56	4	105	2	6	34	7	0	294	1	5	2	107	1	11	51	1	2	2	1	78	1	15	13	10	0	3	2	0	49	3	3	18	3	7	1	140	74	3	6	180	1	4	98	5	173	3	0	261	0	26	41	17	3	3	2	2	0	9	204	3	2	8	3	4	1	5	42	0	0	3	3	1	27	1
G[Ins(T):R6]G	123	19	0	13	179	0	2	4	2	0	4	1	0	2	0	4	2	0	1	1	7	14	347	7	1	0	8	0	7	94	343	0	43	2	433	23	0	0	155	0	15	1	5	3	2	760	4	109	2	0	23	22	7	94	9	69	48	10	1	2	0	0	5	0	2	761	309	4	2	0	1	7	892	2	5	36	0	19	3	3	7	2	169	5	7	16	8	593	9	4	285	1	2	3	32	17	17	1	0	5	425	0	205	2	1	850	11	475	38	3	1	933	1	22	3	3	355	0	1	671	4	1	502	40	1	2	459	4	7	1	0	3	2	0	8	0	1	20	7	1213	4	6	7	18	359	3	0	0	2	1	3	186	18	0	1982	2	3	69	2167	7	7	3	77	225	5	16	7	5	4	3	1	7	4	6	399	28	1	0	290	35	0	21	2	2	0	1	357	91	3	234	9	3	24	6	2	572	1	4	1	183	4	4	67	1	2	1	5	157	0	15	15	13	1	4	1	0	76	6	6	16	4	1	2	240	156	15	9	270	1	4	186	2	277	0	0	453	1	34	49	21	9	3	1	1	2	10	361	3	2	4	1	2	2	5	37	0	1	0	0	0	23	2
G[Ins(T):R7]A	175	11	0	9	153	1	2	3	1	2	5	0	0	2	2	1	2	0	1	3	6	14	290	5	1	0	6	0	4	132	315	0	65	2	298	28	2	0	197	0	28	2	3	1	1	647	3	144	1	0	21	12	5	42	16	86	65	8	1	1	0	0	6	1	3	472	237	2	1	0	1	5	694	1	3	23	0	16	0	0	5	2	271	1	6	10	3	435	9	2	133	2	2	1	29	11	13	1	0	1	350	0	211	2	4	574	11	338	29	1	2	982	0	62	4	4	192	0	0	453	1	1	463	39	1	9	222	1	2	2	0	1	5	2	4	1	4	2	7	1897	1	7	4	19	194	3	2	2	2	3	0	282	18	1	1504	2	1	50	1461	13	7	1	126	230	2	10	6	2	2	0	2	5	3	8	255	23	0	0	157	22	2	29	2	2	2	0	276	67	2	185	2	5	21	13	1	328	2	0	5	143	0	2	32	5	2	1	3	91	0	11	14	13	2	8	2	0	48	1	0	15	5	5	1	176	140	2	5	196	0	2	110	2	144	0	2	355	0	11	38	12	3	2	4	2	3	3	345	2	1	7	1	5	2	7	25	0	3	0	0	0	18	2
G[Ins(T):R7]C	97	25	0	10	91	3	0	3	2	1	1	1	0	1	1	5	0	0	0	3	9	10	282	4	0	0	7	0	5	127	232	0	54	3	249	16	3	0	272	0	19	3	3	2	2	647	2	171	2	0	17	15	10	53	7	117	49	4	3	5	0	0	8	3	6	439	190	3	6	4	0	5	606	1	6	19	1	21	1	1	7	5	238	2	1	8	9	374	20	4	140	0	1	3	33	17	8	2	0	1	278	0	142	3	1	495	9	290	30	2	2	796	2	50	6	1	209	1	2	412	3	0	345	52	2	5	242	0	7	0	0	5	5	0	5	1	1	4	17	1374	0	4	0	15	225	3	2	4	5	3	7	262	17	0	1450	1	3	44	1543	7	6	1	149	238	0	16	4	3	6	2	5	2	2	5	259	25	1	3	175	22	0	28	4	1	0	2	245	76	1	153	2	3	42	3	4	322	3	0	1	152	1	7	51	3	1	1	6	93	0	14	11	12	2	0	1	0	47	4	1	23	5	5	3	156	116	4	12	190	0	8	115	5	195	2	1	324	0	22	35	10	4	4	2	1	1	3	298	4	1	5	5	3	4	8	32	0	4	2	1	0	16	1
G[Ins(T):R7]G	204	17	0	12	197	1	0	2	3	2	3	1	0	4	0	3	2	0	0	1	8	18	454	9	4	0	8	0	10	74	501	0	25	3	467	29	3	0	126	1	15	6	3	1	1	733	6	79	0	0	36	22	4	64	6	58	30	12	5	2	0	0	11	0	3	896	377	3	4	0	3	12	1148	0	3	33	0	28	0	2	23	4	112	6	8	14	10	694	12	1	258	1	3	4	26	24	18	3	0	1	508	2	313	1	3	1004	9	512	37	1	2	982	1	26	5	1	372	0	2	749	2	0	594	67	0	4	386	1	3	0	2	4	4	1	6	0	3	7	16	2742	2	9	3	21	389	7	1	0	4	1	7	141	32	1	1685	3	1	90	1806	12	6	1	59	294	3	15	2	4	8	0	4	2	3	7	385	32	1	3	317	25	1	24	1	4	3	0	428	135	3	299	4	2	46	7	7	657	4	1	2	209	1	10	75	4	5	0	5	174	0	16	12	7	1	8	1	2	105	4	10	19	3	2	0	257	207	7	8	305	1	10	222	3	290	0	1	539	0	27	58	16	3	2	3	1	2	11	445	3	1	7	4	2	4	9	41	1	2	1	5	0	12	5
G[Ins(T):R8]A	147	16	0	9	104	0	1	4	0	3	1	0	0	1	3	1	0	0	1	1	5	16	335	6	0	0	5	0	9	74	390	0	34	1	184	22	4	0	128	0	17	6	0	0	0	469	0	72	0	0	20	11	5	5	6	67	46	6	1	0	0	0	4	1	4	450	278	1	4	1	0	2	797	0	0	26	1	21	2	0	6	6	92	3	6	11	5	448	9	1	131	1	2	1	20	12	18	0	0	0	393	1	218	1	1	571	8	268	33	2	4	707	3	37	4	1	220	0	1	425	0	0	441	44	0	9	201	2	3	1	1	1	11	2	6	1	4	3	10	1419	1	8	2	17	303	1	2	3	3	1	7	203	19	1	1477	3	3	48	1455	11	6	0	94	199	5	19	2	1	2	1	4	0	7	7	299	27	0	0	188	28	0	25	6	2	3	1	295	89	2	233	2	3	38	8	2	450	2	3	1	175	2	2	37	1	0	3	7	161	1	5	8	11	1	3	0	0	86	1	3	14	0	12	1	199	178	3	11	242	1	5	169	2	203	2	1	441	0	27	65	11	3	3	4	0	5	6	366	4	1	7	5	2	1	8	46	2	2	2	6	0	29	0
G[Ins(T):R8]C	142	22	0	11	111	1	0	6	0	1	1	0	0	0	0	1	1	0	1	0	10	21	300	4	2	0	4	0	7	71	354	0	37	0	219	18	0	0	167	0	15	3	4	2	3	634	1	99	1	0	23	9	9	5	10	65	46	3	5	0	0	0	3	1	3	526	294	1	0	1	2	5	730	1	0	30	0	23	1	0	7	2	112	0	8	6	3	445	10	5	136	0	2	2	21	8	15	0	0	1	343	1	228	0	0	542	6	286	34	3	4	810	1	48	3	3	227	0	1	384	3	0	421	43	0	6	223	1	5	1	0	2	5	1	7	1	3	4	6	1576	2	3	4	20	279	3	1	1	3	0	7	203	28	0	1584	4	4	48	1709	11	4	1	102	228	4	21	6	1	8	1	8	3	2	15	297	17	0	0	193	31	0	17	8	4	1	2	313	87	2	201	0	3	41	6	4	424	2	3	2	171	1	4	42	1	1	1	3	132	1	14	9	11	1	7	2	0	80	1	3	27	3	4	1	195	178	4	3	245	1	4	160	1	231	0	1	388	1	25	58	19	8	4	2	2	4	12	397	3	2	5	3	3	5	6	39	0	2	0	3	2	21	1
G[Ins(T):R8]G	279	29	0	8	150	2	3	6	2	0	3	2	1	1	3	1	0	0	1	1	9	21	491	7	0	0	6	0	8	68	650	0	26	3	262	16	2	0	109	0	31	3	1	2	3	622	2	55	0	0	20	9	8	11	9	47	26	4	4	0	0	0	11	3	7	726	485	2	2	1	2	8	1291	1	3	33	2	30	1	1	13	2	56	1	12	15	4	727	11	3	195	1	1	3	21	13	28	0	0	0	507	4	382	1	2	829	8	404	66	3	0	914	3	40	4	4	333	0	1	679	2	0	635	88	1	6	373	3	2	1	1	3	6	4	9	2	5	1	19	1955	4	8	2	31	508	4	2	0	2	3	7	136	28	0	1909	3	0	86	2042	13	6	1	77	267	4	20	3	0	7	1	7	3	4	9	412	35	0	0	334	60	1	30	5	6	3	3	428	192	4	387	2	3	56	7	4	728	1	4	1	218	0	17	67	3	7	3	5	241	2	16	17	12	3	4	4	0	137	2	11	35	4	6	4	283	282	6	15	367	0	10	252	3	279	3	1	608	2	28	54	29	5	4	4	2	9	7	606	3	0	12	4	3	5	8	59	1	2	1	5	0	25	5
G[Ins(T):R(9,)]A	0	0	0	0	0	0	0	0	0	0	0	0	0	0	0	0	0	0	0	0	0	0	0	0	0	0	0	0	0	0	0	0	0	0	0	0	0	0	0	0	0	0	0	0	0	0	0	0	0	0	0	0	0	0	0	0	0	0	0	0	0	0	0	0	0	0	0	0	0	0	0	0	0	0	0	0	0	0	0	0	0	0	0	0	0	0	0	0	0	0	0	0	0	0	0	0	0	0	0	0	0	0	0	0	0	0	0	0	0	0	0	0	0	0	0	0	0	0	0	0	0	0	0	0	0	0	0	0	0	0	0	0	0	0	0	0	0	0	0	0	0	0	0	0	0	0	0	0	0	0	0	0	0	0	0	0	0	0	0	0	0	0	0	0	0	0	0	0	0	0	0	0	0	0	0	0	0	0	0	0	0	0	0	0	0	0	0	0	0	0	0	0	0	0	0	0	0	0	0	0	0	0	0	0	0	0	0	0	0	0	0	0	0	0	0	0	0	0	0	0	0	0	0	0	0	0	0	0	0	0	0	0	0	0	0	0	0	0	0	0	0	0	0	0	0	0	0	0	0	0	0	0	0	0	0	0	0	0	0	0	0	0
G[Ins(T):R(9,)]C	0	0	0	0	0	0	0	0	0	0	0	0	0	0	0	0	0	0	0	0	0	0	0	0	0	0	0	0	0	0	0	0	0	0	0	0	0	0	0	0	0	0	0	0	0	0	0	0	0	0	0	0	0	0	0	0	0	0	0	0	0	0	0	0	0	0	0	0	0	0	0	0	0	0	0	0	0	0	0	0	0	0	0	0	0	0	0	0	0	0	0	0	0	0	0	0	0	0	0	0	0	0	0	0	0	0	0	0	0	0	0	0	0	0	0	0	0	0	0	0	0	0	0	0	0	0	0	0	0	0	0	0	0	0	0	0	0	0	0	0	0	0	0	0	0	0	0	0	0	0	0	0	0	0	0	0	0	0	0	0	0	0	0	0	0	0	0	0	0	0	0	0	0	0	0	0	0	0	0	0	0	0	0	0	0	0	0	0	0	0	0	0	0	0	0	0	0	0	0	0	0	0	0	0	0	0	0	0	0	0	0	0	0	0	0	0	0	0	0	0	0	0	0	0	0	0	0	0	0	0	0	0	0	0	0	0	0	0	0	0	0	0	0	0	0	0	0	0	0	0	0	0	0	0	0	0	0	0	0	0	0	0
G[Ins(T):R(9,)]G	0	0	0	0	0	0	0	0	0	0	0	0	0	0	0	0	0	0	0	0	0	0	0	0	0	0	0	0	0	0	0	0	0	0	0	0	0	0	0	0	0	0	0	0	0	0	0	0	0	0	0	0	0	0	0	0	0	0	0	0	0	0	0	0	0	0	0	0	0	0	0	0	0	0	0	0	0	0	0	0	0	0	0	0	0	0	0	0	0	0	0	0	0	0	0	0	0	0	0	0	0	0	0	0	0	0	0	0	0	0	0	0	0	0	0	0	0	0	0	0	0	0	0	0	0	0	0	0	0	0	0	0	0	0	0	0	0	0	0	0	0	0	0	0	0	0	0	0	0	0	0	0	0	0	0	0	0	0	0	0	0	0	0	0	0	0	0	0	0	0	0	0	0	0	0	0	0	0	0	0	0	0	0	0	0	0	0	0	0	0	0	0	0	0	0	0	0	0	0	0	0	0	0	0	0	0	0	0	0	0	0	0	0	0	0	0	0	0	0	0	0	0	0	0	0	0	0	0	0	0	0	0	0	0	0	0	0	0	0	0	0	0	0	0	0	0	0	0	0	0	0	0	0	0	0	0	0	0	0	0	0	0
Del2:U1:R1	3	0	0	3	8	1	4	2	14	36	11	1	0	23	0	20	7	0	2	0	8	2	5	10	7	0	10	0	3	0	12	0	1	6	18	2	2	0	6	0	6	3	8	1	42	8	0	2	0	0	2	2	2	2	2	4	6	8	3	0	0	0	5	4	5	24	9	4	9	0	1	5	10	2	7	4	0	0	4	9	15	6	3	17	8	9	13	9	4	1	6	1	7	7	1	12	6	3	0	1	13	1	13	9	5	7	0	12	6	6	10	4	5	3	7	4	15	6	0	19	5	3	20	4	1	32	36	23	28	0	9	16	6	1	4	12	0	26	57	9	6	18	5	2	7	6	7	21	6	0	4	6	5	2	4	1	1	8	4	38	5	5	3	18	108	10	3	10	19	23	2	13	6	3	7	1	1	7	52	3	1	11	0	0	4	0	13	8	19	19	10	4	6	7	9	23	6	6	17	19	1	3	8	4	20	2	4	13	1	2	5	4	5	25	2	2	9	4	1	4	1	8	10	31	21	22	1	15	3	5	16	7	10	4	2	9	6	5	2	4	4	1	5	12	7	26	9	15	17	5	15	2	7	4	8	2	4	1	19	1	36	4
Del3:U1:R1	6	0	0	2	1	0	1	0	5	1	12	0	1	7	1	3	2	0	6	0	2	1	0	2	5	0	3	0	0	0	6	0	0	1	6	1	1	0	6	0	1	0	1	7	4	4	0	2	0	0	1	0	2	0	0	3	2	4	1	0	0	0	4	1	2	16	8	0	1	0	1	4	2	1	0	1	0	1	1	2	2	1	0	2	1	2	9	13	2	0	0	3	2	2	0	0	0	0	0	3	19	1	5	3	3	15	0	15	1	2	4	0	0	1	3	2	5	2	0	25	3	1	96	1	0	3	72	22	6	0	2	0	2	0	2	0	3	2	1	23	18	3	2	0	4	2	3	21	1	1	0	1	0	1	3	0	0	4	2	4	6	2	0	79	4	3	5	2	2	4	4	10	3	3	18	0	1	4	18	2	1	1	1	0	2	1	51	3	4	55	0	1	1	3	1	54	2	7	0	26	7	0	2	2	5	1	3	4	1	0	1	4	2	1	2	2	10	10	0	0	7	2	0	23	28	4	1	21	1	2	11	4	10	0	1	56	4	1	0	1	2	0	0	3	2	1	4	2	1	1	1	1	0	3	3	0	2	1	4	0	3	0
Del4:U1:R1	4	0	0	2	1	0	2	2	5	4	6	0	0	6	0	0	2	0	1	0	1	0	1	1	1	1	1	0	0	0	4	0	1	1	4	0	1	0	1	0	0	1	0	5	4	5	0	0	1	0	0	2	3	1	1	0	2	4	4	0	0	0	1	0	3	8	1	2	5	0	2	2	2	1	1	1	1	0	0	2	2	1	1	0	1	4	10	3	0	3	0	0	3	1	0	1	0	0	0	1	5	0	2	0	4	3	1	1	0	0	3	3	1	1	2	2	1	2	0	5	0	2	57	0	1	2	34	24	3	1	2	1	1	0	1	9	1	1	0	15	11	5	3	0	0	0	5	23	3	0	3	0	0	2	1	1	0	1	3	4	3	2	0	42	3	3	3	1	6	1	0	3	2	1	3	0	0	3	9	2	0	2	0	0	1	1	25	1	7	15	2	2	1	4	0	21	5	3	0	8	0	1	2	0	12	0	1	2	0	2	2	3	1	3	0	1	3	4	0	2	7	2	0	16	12	1	0	6	0	3	6	3	5	2	0	25	0	0	1	2	2	0	0	2	4	3	11	1	1	1	4	2	5	0	5	0	0	1	3	2	2	2
Del5:U1:R1	2	1	0	0	1	2	1	0	3	2	5	0	0	0	1	1	0	0	4	0	0	1	0	0	6	0	2	0	0	0	2	0	0	0	0	0	3	0	1	0	0	0	1	0	0	0	0	0	1	0	1	0	2	0	0	0	0	5	0	0	0	0	1	0	7	2	0	1	4	0	0	0	1	1	1	0	0	0	0	3	0	0	1	1	0	0	9	1	0	2	2	4	2	2	0	2	0	0	0	3	5	0	0	1	5	3	1	1	1	0	7	0	1	0	1	1	0	1	0	1	1	0	40	1	2	1	13	22	7	3	4	0	3	0	0	0	2	1	0	4	14	1	3	0	0	1	0	20	2	0	1	0	0	1	0	0	1	3	4	0	6	0	1	22	3	1	1	2	1	0	2	1	1	0	0	0	1	2	9	0	0	0	1	1	4	1	10	0	7	4	3	4	1	0	0	9	5	4	0	3	1	0	2	1	2	0	0	1	0	0	1	2	1	3	1	4	2	5	2	1	3	1	1	6	4	0	1	4	2	0	0	3	0	1	1	6	0	0	0	0	0	0	1	3	1	1	3	1	4	1	3	4	4	2	2	0	1	1	1	0	2	0
Del6:U1:R1	0	0	0	1	1	0	0	0	10	1	3	0	0	0	0	0	0	0	4	1	0	0	0	2	2	0	0	0	0	0	1	0	0	0	0	0	6	0	2	0	0	0	1	5	0	0	0	0	0	0	0	0	0	0	0	0	0	5	1	0	0	0	0	0	5	2	0	0	4	0	1	0	1	2	0	0	3	1	0	0	3	0	1	1	0	1	3	2	0	1	0	1	3	0	0	0	1	0	1	0	1	0	0	0	7	4	2	2	0	0	0	1	0	0	2	1	0	3	0	1	0	0	14	0	0	0	3	30	11	2	4	1	3	0	0	1	1	1	1	3	6	5	0	0	2	1	0	11	0	0	2	1	2	1	0	1	0	0	1	1	1	1	0	7	0	2	2	3	0	1	1	3	2	0	2	0	0	4	7	2	0	3	2	0	4	1	4	0	6	1	3	3	0	2	0	5	3	5	1	0	5	2	4	1	8	2	1	2	2	2	1	1	4	1	1	3	3	5	0	0	1	4	1	0	0	1	0	4	0	0	2	4	3	0	0	1	0	0	1	0	0	1	1	0	0	0	5	0	2	2	5	2	1	0	0	0	0	0	5	1	0	0
Del7:U1:R1	0	0	0	0	0	0	1	0	3	2	0	0	0	0	0	2	1	0	2	0	1	0	1	1	2	0	2	0	0	0	0	0	0	0	1	1	4	0	1	0	0	1	1	3	3	1	0	0	0	0	0	0	0	0	0	0	1	2	1	0	0	0	0	0	3	3	0	1	6	1	0	0	1	0	1	1	2	0	0	2	0	0	0	0	0	0	3	1	2	2	0	3	2	0	1	0	0	0	0	0	1	1	1	2	1	3	0	1	0	0	4	1	1	0	1	2	1	1	0	2	0	0	4	0	0	0	4	14	2	3	1	0	0	0	0	1	1	2	0	0	8	1	2	1	1	1	2	3	0	1	1	0	2	0	2	0	0	0	1	1	6	0	1	1	1	0	0	1	2	0	0	2	1	0	2	0	0	1	4	0	1	1	0	0	2	1	1	1	4	0	4	3	2	1	0	4	3	2	0	0	6	0	2	0	1	0	1	1	2	0	0	2	3	0	0	3	1	2	0	2	3	3	0	2	2	0	0	2	3	0	5	3	1	0	0	0	4	0	0	1	1	0	1	2	0	2	3	0	1	1	1	2	0	1	2	0	1	0	2	1	2	0
Del8:U1:R1	1	0	0	0	0	1	0	0	1	2	2	0	0	0	0	1	0	0	1	0	0	0	0	0	2	0	1	0	1	1	0	0	0	0	0	1	3	0	0	0	0	0	0	2	2	1	0	0	0	0	0	1	2	0	0	1	0	3	0	0	0	0	0	0	1	1	0	1	6	0	0	0	1	2	1	0	1	0	0	0	2	0	0	0	0	0	4	0	1	2	1	0	4	0	0	0	1	0	0	0	1	4	0	1	4	2	0	0	0	1	5	0	0	0	2	0	0	0	0	1	0	0	4	0	0	2	0	18	3	4	2	2	1	0	0	0	1	0	0	0	1	3	0	0	0	0	2	6	1	0	1	1	0	1	0	0	1	0	2	0	2	0	1	1	1	1	0	3	0	0	3	4	1	0	2	3	0	2	11	0	0	1	0	0	1	2	0	0	2	1	1	0	1	0	2	0	1	2	1	0	0	1	0	1	1	1	0	1	0	0	0	0	2	0	0	1	2	5	0	1	2	1	0	8	0	2	0	3	2	0	0	0	0	1	0	0	2	0	0	0	1	1	1	0	0	3	3	2	1	1	0	3	1	1	4	0	0	1	2	1	0	0
Del9:U1:R1	0	0	0	1	0	0	3	0	0	2	2	0	0	0	0	0	0	0	3	0	0	0	0	0	3	0	1	0	0	0	0	0	0	0	1	1	4	0	0	0	0	0	2	1	2	0	0	0	0	0	0	1	1	0	0	0	0	1	2	1	0	0	0	0	3	0	0	2	2	0	0	0	0	3	0	0	1	0	0	3	0	0	0	0	0	1	4	0	0	3	2	2	1	2	0	0	0	0	0	0	0	3	0	0	4	2	1	0	0	0	1	1	0	0	3	0	0	1	0	0	0	0	1	0	1	2	0	8	3	0	1	1	0	0	0	0	1	0	0	0	3	1	0	1	0	1	2	2	0	0	0	0	1	0	0	0	0	0	4	1	3	0	1	0	2	0	2	3	1	0	0	0	0	1	0	0	0	2	5	0	0	4	0	0	1	0	1	0	1	0	1	4	1	0	1	0	1	2	2	0	0	1	1	0	0	0	0	0	2	0	2	0	0	2	0	5	2	3	0	1	2	1	2	4	0	1	0	1	0	0	1	1	0	2	1	0	0	1	0	0	0	0	0	1	1	0	4	1	1	0	1	0	1	0	1	0	0	1	1	0	3	2
Del(10,):U1:R1	0	0	0	8	1	12	9	2	10	7	15	0	0	3	1	3	4	0	7	3	4	3	5	6	19	1	6	0	4	0	0	0	2	0	1	6	29	0	8	0	7	9	12	18	23	1	1	1	0	0	1	2	1	1	0	2	1	44	11	0	0	0	6	1	36	5	3	13	62	6	3	6	5	14	4	5	26	0	0	7	9	1	0	5	0	2	12	2	2	16	3	41	16	4	2	0	5	3	0	7	5	18	0	12	52	4	4	1	2	2	11	0	2	3	8	4	3	7	2	6	1	0	7	4	3	4	7	114	30	12	14	12	4	0	3	0	2	5	2	4	20	13	5	2	0	11	18	22	2	3	6	3	1	12	5	0	0	5	5	8	54	0	9	0	8	4	8	12	10	2	7	12	4	2	0	3	3	9	68	0	2	6	0	3	50	5	1	0	16	4	45	22	4	6	5	3	17	17	8	0	34	2	6	2	11	6	5	1	9	1	4	3	26	7	2	9	9	31	2	9	27	6	4	17	2	4	2	8	3	0	9	11	5	29	1	3	7	0	2	1	10	3	3	21	5	11	23	3	6	7	8	7	6	4	4	1	3	0	22	6	8	0
Del2:U(2,):R1	44	6	0	10	43	12	14	5	35	47	17	7	0	30	1	38	12	0	12	3	4	3	4	12	8	0	17	0	4	3	75	0	6	2	86	8	16	0	19	0	2	6	22	17	263	57	0	5	3	0	2	6	2	12	3	3	3	17	4	0	0	0	6	3	12	165	70	7	18	6	3	11	52	6	8	8	2	2	8	13	24	6	11	23	3	11	26	137	7	9	16	10	15	7	4	11	10	2	0	1	135	6	61	14	10	167	1	98	6	3	9	69	4	3	3	7	63	29	4	161	19	2	384	3	2	17	414	59	27	3	21	76	10	3	2	8	6	22	34	166	45	17	4	4	11	5	5	103	4	4	10	27	9	3	19	6	1	33	28	32	32	3	12	247	92	7	10	8	23	63	12	32	11	5	131	6	5	9	124	10	4	10	4	1	10	5	204	46	34	230	12	9	12	11	9	310	18	13	78	91	12	12	15	6	18	4	7	30	5	4	6	9	5	27	4	5	74	22	3	11	12	21	19	181	201	35	3	88	3	14	108	15	62	3	6	255	14	17	9	12	14	2	8	20	18	39	52	18	71	9	11	6	14	9	12	2	11	7	52	13	62	2
Del3:U(2,):R1	6	4	0	4	2	7	6	1	19	4	12	1	0	6	1	1	6	0	11	1	1	1	1	2	4	1	6	0	0	1	5	0	1	0	9	4	7	0	3	0	2	1	3	11	8	8	1	1	0	0	2	1	6	2	0	2	2	4	3	1	0	0	1	3	16	16	4	2	8	1	2	6	4	5	2	5	5	0	3	7	6	2	2	3	0	7	15	10	5	2	2	4	12	5	1	3	1	2	0	0	14	7	6	8	9	9	0	5	2	2	9	4	3	3	5	4	9	6	2	10	4	2	92	1	1	1	64	55	8	2	9	7	6	1	1	4	1	3	3	32	38	5	2	2	2	4	8	63	4	1	6	9	2	2	5	3	1	3	8	3	11	1	2	75	4	2	5	9	7	3	4	19	1	5	32	2	0	2	24	1	0	6	1	1	5	0	64	7	9	48	3	9	4	6	5	40	14	4	2	27	6	2	8	3	9	3	3	5	2	3	5	2	9	8	0	2	15	22	0	6	6	6	3	36	39	4	2	30	1	2	21	4	17	5	2	47	10	3	6	2	2	3	1	6	8	6	12	2	5	4	4	2	12	1	6	2	0	0	11	3	8	2
Del4:U(2,):R1	3	0	0	6	3	5	3	2	21	4	8	0	0	5	0	1	2	0	14	2	0	2	1	9	10	0	3	0	1	1	2	0	0	0	4	0	13	0	2	0	3	2	6	7	9	3	0	0	0	0	0	0	0	1	0	4	0	6	7	1	0	0	3	1	10	16	2	3	14	2	0	2	3	3	1	4	0	2	0	8	4	0	2	3	2	6	17	4	2	2	3	2	7	1	2	2	2	1	0	2	9	4	3	8	2	6	0	5	1	1	8	6	0	2	7	3	4	3	1	10	1	0	45	1	1	1	21	44	7	1	9	1	3	1	1	4	1	4	0	6	22	6	2	1	3	3	5	66	1	3	2	7	2	1	11	4	2	3	9	8	13	1	1	42	5	2	0	7	10	2	2	14	4	1	10	0	2	1	23	3	1	4	4	1	3	0	21	2	5	15	8	4	1	5	1	17	14	5	4	9	6	4	6	4	10	3	1	1	1	2	2	1	5	5	1	0	3	15	3	5	5	5	2	17	14	2	2	9	0	4	13	4	3	7	3	27	3	3	1	5	4	5	3	5	5	8	9	2	4	4	3	5	5	2	5	2	1	4	3	3	8	1
Del5:U(2,):R1	3	0	0	2	2	1	8	1	9	3	4	0	0	0	0	0	2	0	10	0	2	1	1	2	6	0	2	0	3	0	2	0	0	3	2	1	3	0	3	0	2	0	6	7	1	1	1	0	1	0	0	2	3	2	1	0	1	6	5	1	0	0	0	0	10	4	1	4	6	3	2	0	4	3	0	3	0	0	0	5	1	2	1	5	1	0	5	4	2	3	3	7	3	2	1	3	1	0	0	1	2	5	0	5	7	1	2	2	1	1	5	1	0	1	4	2	0	7	0	1	1	1	22	1	2	4	8	55	11	2	6	3	2	0	0	1	4	4	2	7	12	12	1	0	2	0	4	43	0	1	4	1	3	4	4	1	1	2	18	3	12	1	3	18	3	6	7	7	4	0	2	10	1	7	6	2	6	5	25	4	1	1	1	5	3	3	18	2	6	7	6	7	2	2	4	13	12	9	1	8	11	0	4	1	14	1	0	2	7	1	2	9	9	7	1	7	4	21	0	0	3	9	3	14	8	2	2	12	4	1	4	12	4	4	2	15	3	3	0	4	3	2	3	5	2	4	13	3	2	3	10	11	8	2	6	0	3	1	6	5	4	1
Del6:U(2,):R1	0	0	0	1	1	4	3	1	11	2	4	0	0	0	0	0	2	0	9	1	1	1	0	2	6	0	4	0	1	0	2	0	1	0	1	2	10	0	2	0	0	7	4	3	3	1	2	0	0	0	0	0	0	0	0	0	0	6	3	0	0	0	2	0	10	3	3	1	4	0	0	2	1	7	2	0	3	0	0	2	0	0	1	0	2	1	15	2	3	4	1	3	11	1	1	1	0	0	0	1	1	5	1	5	4	3	0	1	1	1	4	1	0	0	4	0	1	2	1	0	0	0	9	4	1	3	8	62	16	2	7	3	4	0	1	1	2	3	1	9	21	9	4	2	2	5	6	34	2	0	2	2	2	1	2	1	0	3	5	2	16	0	2	17	4	2	2	3	1	1	2	7	5	5	2	3	2	5	26	2	1	1	0	1	5	8	6	2	12	2	13	5	3	2	1	6	7	4	2	3	5	1	4	2	12	2	0	2	2	1	7	4	5	7	1	3	2	5	2	1	5	7	3	10	5	3	1	7	4	1	5	7	1	2	2	4	7	0	2	4	4	0	0	5	3	3	10	3	0	1	9	10	5	6	5	1	1	1	5	2	7	0
Del7:U(2,):R1	2	0	0	0	0	5	6	1	6	2	4	0	0	0	0	1	1	0	6	0	1	1	0	2	6	0	3	0	1	1	0	0	0	1	3	0	8	0	1	0	0	4	2	8	3	1	0	1	0	0	0	1	0	0	0	0	1	8	1	0	0	0	3	0	7	1	1	5	15	2	1	0	1	3	0	0	7	1	0	3	1	0	3	1	1	1	12	0	1	6	3	3	4	0	0	1	3	1	0	1	0	7	0	3	6	0	0	1	0	1	4	2	4	2	4	2	1	2	2	1	0	0	3	1	0	3	6	41	3	1	6	1	5	0	0	2	1	5	0	8	16	9	3	1	1	0	1	15	1	1	4	1	9	1	2	1	0	0	3	5	10	0	3	7	1	0	2	2	3	0	1	7	3	3	3	2	0	0	15	1	0	3	1	4	7	3	4	1	11	5	6	4	0	2	3	2	6	9	2	3	5	1	2	2	6	0	1	3	6	0	2	1	6	4	2	9	3	11	2	0	6	6	2	11	4	4	0	5	3	1	7	6	2	3	4	4	2	2	0	2	3	1	0	6	2	1	8	0	3	5	2	10	3	3	4	1	2	1	4	2	6	0
Del8:U(2,):R1	1	1	0	1	0	1	1	1	3	0	8	0	0	0	0	0	2	0	3	0	1	1	1	1	3	0	2	0	0	1	2	0	0	0	0	1	4	0	1	0	0	2	2	6	2	2	0	2	0	0	1	0	0	0	1	0	1	6	4	0	0	0	1	1	7	3	1	3	12	1	1	1	0	5	1	0	1	1	0	5	2	2	0	2	0	0	12	1	0	4	0	3	2	4	0	3	1	2	0	2	1	7	0	2	12	1	1	2	0	0	2	2	2	0	5	0	0	2	0	3	1	0	5	0	1	0	5	32	6	1	5	2	3	0	0	0	2	1	1	3	10	9	1	1	1	3	2	18	2	0	1	1	2	1	3	1	1	1	9	6	14	1	3	11	1	3	3	2	3	1	2	10	5	1	2	1	0	2	18	1	0	0	0	1	5	3	1	0	4	1	6	3	6	2	2	1	6	8	1	0	10	0	4	2	6	3	1	3	1	0	6	2	2	1	1	4	3	9	0	0	8	2	3	6	1	3	0	9	2	0	6	7	1	7	1	2	3	3	1	0	2	1	0	3	6	5	6	2	1	2	3	5	1	2	7	0	0	0	4	1	3	1
Del9:U(2,):R1	2	1	0	0	0	2	0	0	5	2	8	0	0	0	0	2	1	0	2	1	0	0	2	0	5	0	2	0	0	0	0	0	0	0	1	1	7	0	1	0	1	3	1	5	6	0	0	1	0	0	0	1	1	0	0	0	1	6	2	1	0	0	0	0	10	2	0	2	11	0	2	1	3	4	1	0	1	0	1	3	5	1	0	1	0	1	10	1	1	3	1	4	1	3	0	2	1	0	0	3	0	3	0	4	11	0	0	0	1	1	2	0	1	1	3	1	1	3	3	0	0	0	3	0	1	2	5	44	4	3	5	0	2	1	2	1	0	3	2	4	10	6	1	1	0	0	1	13	0	0	3	0	3	4	1	1	1	0	3	3	21	0	1	4	2	1	4	4	1	1	1	3	2	2	0	2	1	4	13	1	0	4	0	1	5	3	4	1	8	1	5	7	3	5	0	4	8	2	1	0	5	1	2	1	4	1	2	1	1	1	0	1	3	2	0	4	4	15	0	3	1	2	4	10	3	3	0	5	7	0	6	4	1	1	2	2	6	1	0	1	0	1	0	3	0	4	7	0	2	0	2	5	1	2	8	1	2	1	6	2	2	0
Del(10,):U(2,):R1	9	5	0	15	7	46	27	0	28	22	25	0	0	4	3	10	13	0	34	2	16	2	6	15	61	1	13	0	7	4	8	0	1	3	5	4	65	0	11	0	8	22	23	28	45	6	2	0	3	0	1	2	13	4	5	5	6	135	25	2	0	0	12	1	81	11	3	32	135	19	8	9	12	40	10	5	40	6	2	12	14	3	1	29	8	7	45	6	14	47	8	96	28	8	7	9	13	3	0	5	6	55	5	17	120	16	4	6	4	4	20	2	16	7	14	8	9	14	7	11	3	1	15	5	5	13	26	321	79	13	19	14	22	5	3	1	12	16	4	7	62	40	7	7	4	15	37	48	5	4	11	3	6	11	4	5	5	5	21	12	119	2	8	21	17	9	38	30	29	4	19	17	19	8	6	4	3	15	125	4	1	14	4	8	98	18	11	8	59	8	126	36	10	23	12	12	40	44	9	6	84	12	5	15	38	4	10	8	10	4	4	12	53	24	2	24	14	85	7	15	48	33	13	47	13	22	8	32	13	2	14	25	11	67	3	10	16	5	1	13	17	7	6	68	21	26	60	10	12	10	18	22	24	5	23	1	14	3	33	14	18	2
Del2:U1:R3	27	1	0	5	33	1	3	2	14	44	4	0	0	82	0	11	7	0	3	2	5	2	4	9	7	0	2	0	2	2	24	1	1	8	98	2	6	0	10	0	7	3	7	1	117	31	1	4	0	0	3	1	1	12	8	4	1	8	1	3	0	0	6	3	4	142	42	5	5	3	6	7	16	0	6	4	2	0	16	8	15	5	8	6	13	7	14	26	5	4	43	4	11	3	9	5	6	1	0	0	98	2	40	8	3	53	2	43	4	1	8	37	3	10	3	5	55	5	2	72	9	0	38	1	3	9	135	25	13	0	8	21	7	2	3	29	5	10	11	33	12	3	4	3	8	2	6	14	3	6	3	8	8	1	4	6	3	15	10	18	20	4	5	77	79	8	3	9	14	28	0	26	7	1	63	3	3	7	69	10	1	3	2	0	3	2	43	43	10	30	2	4	9	3	5	95	9	9	26	45	4	3	9	7	33	5	6	31	1	4	3	15	1	22	1	1	13	7	3	4	1	7	5	71	77	11	3	23	2	33	74	6	38	2	1	49	4	3	4	6	2	0	6	6	5	17	11	5	23	8	12	4	4	3	6	1	6	1	21	2	26	4
Del2:U1:R4	24	0	0	4	17	1	0	2	10	14	2	0	0	54	2	12	2	0	3	1	10	2	3	2	4	1	2	0	0	2	19	0	0	1	81	1	1	0	2	0	6	1	6	3	69	19	1	2	0	0	1	1	4	8	1	2	1	4	4	1	0	0	6	2	1	114	13	7	0	1	1	5	15	1	3	0	3	4	11	3	5	0	1	1	2	3	15	14	1	1	24	0	2	1	1	4	2	2	0	0	75	2	29	4	0	38	0	28	2	1	6	21	0	2	5	2	42	3	1	37	13	1	40	2	0	2	76	18	4	0	3	9	3	1	0	14	3	8	6	10	6	2	14	1	4	4	3	4	3	1	4	4	3	1	5	2	0	3	6	5	7	1	4	45	38	3	2	2	7	11	3	8	3	1	58	5	1	1	45	5	1	4	0	2	2	2	32	26	6	16	3	3	0	3	3	55	5	4	5	29	3	2	4	5	27	1	0	16	1	1	3	9	3	8	0	0	17	8	1	3	1	2	6	40	53	15	2	17	1	20	41	5	27	2	0	32	1	1	2	6	6	1	2	2	6	11	6	2	14	5	2	1	4	2	3	1	5	1	12	1	8	1
Del2:U1:R(5,9)	272	0	0	6	404	1	3	0	9	15	4	1	0	23	0	7	7	0	1	2	1	2	9	6	1	0	1	0	2	6	228	0	1	2	1100	1	4	0	11	1	2	1	6	1	70	422	0	3	1	0	0	1	2	36	0	3	4	6	2	1	0	0	7	1	4	1196	240	2	1	3	2	5	158	2	4	5	0	2	6	3	9	1	4	5	2	6	10	976	2	4	72	4	4	7	4	4	6	2	0	0	903	2	236	2	2	1060	0	1182	2	1	3	339	2	3	1	4	264	1	1	1773	7	1	2197	1	0	6	2439	6	18	0	4	6	5	1	4	5	1	10	8	497	6	4	9	4	4	7	4	2	1	3	2	36	7	3	9	3	0	95	10	6	19	0	5	2762	36	2	4	6	5	11	0	12	4	0	465	4	1	4	100	9	0	4	0	0	7	1	1309	47	6	467	3	2	6	4	7	700	3	9	10	451	2	3	4	1	10	2	9	13	0	2	3	7	9	9	1	0	76	5	0	1	2	1	2	490	503	10	2	98	1	11	137	6	194	0	2	956	5	4	23	4	6	2	5	8	3	12	46	2	27	3	2	2	3	3	7	1	2	0	9	0	20	0
Del2:U2:R2	113	5	0	17	97	2	4	8	30	154	31	1	0	131	1	63	17	0	12	2	14	13	17	28	10	1	10	0	13	8	118	1	6	11	246	3	13	0	14	1	30	14	39	14	1223	96	7	3	3	0	9	1	8	40	18	10	8	26	7	2	0	1	18	10	12	439	126	12	20	2	6	27	58	12	14	11	7	4	28	31	39	12	16	33	16	55	32	103	7	16	45	12	18	22	28	33	23	8	0	3	296	8	149	22	12	188	6	194	20	17	19	118	12	19	7	10	135	58	0	247	38	4	230	13	4	14	296	62	16	1	20	294	22	6	9	77	9	68	23	53	19	16	2	14	23	24	3	40	8	8	14	17	30	1	23	17	8	36	28	38	37	18	9	287	379	20	10	6	76	193	10	57	19	10	222	27	9	4	211	20	4	28	15	12	6	2	185	79	24	123	16	15	20	25	30	223	15	17	233	112	8	10	17	14	96	5	11	93	3	12	11	22	9	78	5	8	96	16	8	21	12	18	16	268	248	98	8	84	1	124	134	12	79	9	2	151	20	9	12	18	19	3	13	22	16	62	32	22	478	34	18	6	20	13	20	0	25	7	150	6	138	7
Del2:U2:R3	62	3	0	3	58	2	2	2	8	32	7	1	0	43	0	57	11	0	2	1	3	6	5	41	4	0	10	0	5	7	87	0	4	4	192	1	5	0	4	0	9	4	45	5	279	73	1	4	0	0	3	0	1	12	5	2	8	7	2	0	0	0	5	4	5	250	76	4	3	2	1	23	30	4	1	4	0	6	12	19	44	3	6	28	7	7	9	88	1	2	23	2	8	28	7	10	8	2	0	1	167	2	83	3	4	105	2	129	6	5	3	64	3	3	4	18	62	27	1	168	5	0	156	0	1	4	181	15	8	1	6	102	5	1	3	30	1	82	3	55	6	3	1	1	10	22	3	13	1	1	1	13	13	1	11	2	0	18	17	6	9	4	3	217	90	5	7	6	51	50	8	10	11	5	88	12	1	1	78	7	0	7	2	2	2	2	114	39	11	123	1	3	5	10	24	126	6	3	66	78	3	6	7	4	34	3	21	30	0	1	6	8	4	70	2	0	49	3	1	9	5	5	22	143	186	98	1	48	2	36	66	9	58	4	1	130	6	5	8	5	10	1	5	8	2	60	20	21	110	13	7	3	9	3	3	0	23	1	40	2	36	5
Del2:U2:R4	138	1	0	2	134	0	1	3	5	9	5	0	0	18	0	22	3	0	2	0	1	1	11	26	4	0	2	0	4	4	139	0	1	1	443	1	2	0	5	0	6	1	17	2	85	210	0	0	0	0	0	1	0	29	1	3	0	4	2	0	0	0	5	0	3	555	159	1	1	2	1	14	47	0	0	1	0	0	3	5	34	0	3	21	0	4	1	235	0	0	53	1	2	22	3	1	1	2	0	0	371	1	135	0	1	252	0	314	2	2	2	181	0	2	1	9	105	10	2	365	0	0	444	1	1	0	388	2	3	0	0	36	3	0	1	9	0	54	2	141	1	1	0	0	16	15	2	4	1	1	2	9	4	0	34	3	0	31	32	1	10	4	2	484	37	12	3	0	42	15	1	11	7	2	165	2	0	0	138	12	0	6	3	2	1	0	232	32	4	131	1	4	7	2	23	195	1	8	25	153	0	3	2	2	10	0	12	37	1	1	0	3	3	39	0	2	52	2	0	2	3	5	15	186	485	76	1	87	0	9	97	5	114	0	0	258	2	7	18	3	9	0	1	6	1	48	29	11	48	4	5	1	4	5	9	1	16	0	16	3	23	5
Del2:U2:R(5,9)	775	1	0	9	620	1	1	6	1	9	11	0	0	13	1	13	1	0	0	1	2	1	59	19	4	0	0	0	1	14	624	0	2	4	1262	8	5	2	4	0	9	0	15	5	20	775	0	4	1	11	0	0	1	122	0	2	2	6	1	37	5	0	3	5	8	2577	925	0	2	0	2	6	276	2	4	2	0	1	3	1	25	7	10	5	3	9	10	1825	0	0	239	0	8	19	4	2	3	2	0	3	1991	0	783	0	0	1492	2	1635	6	1	16	974	8	2	2	7	523	0	0	1796	16	22	2666	7	11	1	2236	4	4	0	3	27	2	1	3	27	5	50	6	857	3	9	0	3	183	17	2	5	4	3	6	36	25	3	80	23	1	215	155	3	29	30	15	3645	36	12	4	3	35	15	3	30	17	2	1316	5	2	0	1328	11	4	24	5	4	6	3	2281	227	4	670	3	1	12	16	21	1726	5	8	18	1028	1	2	4	3	17	1	18	178	9	3	5	3	3	40	4	9	221	6	6	3	5	17	12	1856	3658	91	3	632	2	15	616	2	790	0	9	2048	2	31	123	15	10	3	4	5	7	55	159	18	17	5	17	6	17	1	18	3	17	7	16	2	21	11
Del3:U1:R4	1	0	0	2	0	0	0	0	2	2	1	0	0	0	0	0	0	0	2	0	1	0	0	1	0	0	0	0	0	0	1	0	0	0	2	2	1	0	2	0	0	0	2	0	3	0	0	0	0	0	0	1	1	0	0	0	0	0	0	1	0	0	1	0	6	1	0	0	0	0	0	0	0	0	0	0	0	0	0	0	0	0	0	0	0	0	1	0	0	0	1	0	0	1	0	1	0	0	1	0	1	0	1	1	0	2	0	0	0	1	1	0	1	0	0	0	1	0	0	1	0	0	1	1	0	0	1	6	4	0	3	0	1	0	0	0	0	1	0	0	2	3	1	0	0	0	0	2	0	2	0	0	0	0	0	1	0	1	0	1	1	0	0	0	1	0	0	0	3	2	1	1	0	0	0	0	0	0	2	0	0	1	0	0	0	0	0	0	2	1	0	2	0	0	1	2	1	5	0	0	2	0	0	0	1	0	1	0	0	1	0	2	0	2	0	0	0	2	0	1	2	2	0	2	0	0	0	0	0	0	2	1	0	0	0	1	4	0	0	0	1	0	1	2	1	2	1	0	2	0	1	3	3	1	0	0	0	0	1	0	3	0
Del3:U1:R(5,9)	2	0	0	4	8	1	0	0	1	8	4	0	0	3	0	2	1	0	1	0	3	1	0	2	1	0	0	0	1	1	2	0	0	1	17	1	1	0	2	0	1	1	0	2	13	6	1	0	0	0	0	0	0	0	1	0	0	2	0	1	0	0	0	1	3	26	7	0	1	1	0	0	3	1	0	0	1	0	3	1	1	1	0	2	0	4	4	16	2	1	1	0	4	0	0	0	0	1	0	0	10	0	7	1	3	18	0	14	2	0	2	5	2	0	0	0	5	1	1	19	0	0	24	2	0	1	45	8	2	0	0	3	2	0	1	3	0	1	0	6	5	2	4	2	0	0	2	1	0	0	2	3	1	0	1	2	0	1	2	4	3	0	1	41	14	2	2	0	0	1	0	6	1	0	12	0	0	0	9	3	1	1	1	1	3	1	23	1	2	3	1	0	0	3	0	14	2	2	3	9	3	0	1	1	3	1	0	2	0	2	0	3	0	1	0	1	0	3	0	0	2	0	0	8	13	1	0	3	0	4	6	1	6	1	0	13	2	0	1	1	0	0	0	5	0	1	4	2	4	0	1	2	2	0	3	1	0	0	3	0	4	0
Del3:U3:R2	126	6	0	15	98	4	5	6	18	20	24	2	0	194	10	4	7	0	8	7	9	5	16	4	9	0	6	0	11	8	121	1	9	11	370	7	13	0	12	0	29	4	7	7	151	104	3	3	2	0	15	2	15	39	11	7	6	30	10	8	0	0	23	20	9	465	143	10	11	8	9	16	45	7	23	20	5	5	30	10	13	9	11	14	15	43	26	119	7	8	55	7	16	7	28	26	16	6	0	5	374	6	149	11	6	209	7	201	14	27	18	122	14	9	11	9	161	5	5	292	12	3	215	12	3	10	379	29	13	1	15	22	20	4	7	87	6	12	15	34	12	9	3	13	4	6	5	41	3	10	13	16	22	4	12	20	1	51	12	20	34	18	9	225	38	17	2	3	15	9	5	54	9	5	196	18	4	4	183	24	3	19	7	7	11	2	187	94	16	55	9	14	15	13	6	241	4	11	19	110	3	9	23	10	78	3	7	24	2	10	12	12	6	23	0	5	23	11	4	16	7	14	6	274	224	10	14	75	3	97	134	9	103	8	1	109	14	4	4	26	15	3	12	18	20	9	21	7	31	33	13	5	18	6	29	5	6	1	16	3	31	10
Del3:U3:R3	52	2	0	3	56	3	2	1	4	2	2	2	2	52	4	1	4	0	0	0	1	3	6	1	2	0	2	0	2	4	52	0	2	1	143	1	1	0	4	0	11	1	2	1	34	48	1	1	1	0	4	0	0	14	6	2	2	8	2	0	0	0	6	3	2	190	40	0	0	2	0	1	16	3	2	9	0	1	18	5	0	4	4	3	5	9	6	45	2	2	20	3	4	1	6	6	5	0	0	2	141	1	50	0	0	71	1	78	6	4	4	42	3	2	1	1	60	1	0	104	1	1	102	4	1	6	158	3	2	2	2	1	4	1	2	27	3	3	3	26	0	4	2	3	1	3	1	1	3	2	3	6	8	1	4	6	1	14	2	2	10	2	1	99	8	10	1	3	6	4	1	18	2	3	67	4	0	1	55	11	0	6	2	1	3	0	66	49	1	30	1	1	3	5	2	128	1	5	0	54	6	2	2	6	40	2	2	13	0	5	4	4	0	11	1	1	9	4	0	7	1	5	0	100	133	5	4	22	0	34	53	4	41	2	0	55	3	1	3	2	4	3	3	9	2	4	3	0	8	13	3	1	8	1	7	0	1	0	4	1	4	3
Del3:U3:R4	15	1	0	2	27	0	0	0	0	0	4	0	0	12	1	0	0	0	0	0	0	0	1	0	0	0	0	0	1	0	29	0	2	1	46	0	0	0	1	0	2	1	0	1	6	19	1	0	0	0	1	0	0	2	1	1	0	2	0	0	0	0	0	1	0	71	22	1	0	2	0	1	8	1	1	2	1	0	1	1	0	0	1	0	1	5	2	29	0	0	6	1	1	0	0	1	1	0	0	0	43	0	14	0	1	33	0	28	0	1	0	16	0	1	0	1	17	0	1	44	0	1	49	2	0	0	58	0	1	0	0	0	1	1	2	11	0	0	0	12	0	0	0	1	1	0	0	1	2	0	1	1	4	0	4	2	0	4	3	1	5	1	0	48	1	2	1	0	0	0	0	2	1	0	24	0	0	0	20	0	0	3	0	1	1	0	30	14	3	15	0	1	1	3	0	44	1	1	0	17	0	1	0	0	7	1	1	4	0	1	0	3	2	0	1	0	4	0	0	1	1	1	1	36	57	2	0	10	0	14	17	1	12	0	1	35	1	0	4	2	0	0	0	2	3	2	1	0	2	2	3	0	0	3	0	0	0	1	0	0	0	0
Del3:U3:R(5,9)	41	0	0	1	26	3	0	1	0	1	4	1	0	7	0	0	1	0	0	1	0	3	0	1	3	0	1	0	0	1	42	0	0	0	62	6	0	0	3	0	0	0	0	1	2	30	0	1	1	11	1	0	1	9	1	3	0	2	1	41	1	0	2	0	5	144	53	0	1	0	2	0	10	0	8	0	0	0	0	0	1	1	1	0	1	1	4	77	0	0	13	0	2	0	1	0	0	1	0	3	107	0	59	0	0	84	2	79	1	3	1	50	2	1	1	1	30	0	1	66	7	2	130	0	0	0	117	1	1	0	2	0	1	0	0	9	0	0	1	42	0	0	0	1	2	0	1	3	1	0	0	2	1	0	2	1	0	2	6	3	3	1	0	137	1	4	0	0	0	2	1	1	0	1	42	0	0	0	53	4	0	4	1	2	0	2	101	19	1	35	0	2	1	1	0	92	1	1	1	32	0	0	2	0	6	0	1	5	0	0	1	2	0	1	0	1	8	0	1	6	1	4	0	84	189	0	0	42	0	11	33	0	24	1	0	99	0	1	2	1	3	0	1	3	1	1	13	0	2	3	2	0	1	0	1	0	1	0	1	0	1	3
Del4:U1:R(5,9)	1	0	0	0	3	0	0	1	2	7	1	0	0	5	0	0	1	0	1	0	0	0	0	0	2	0	0	0	0	1	1	0	0	0	4	0	0	0	1	0	0	0	2	0	4	0	0	0	0	0	0	0	0	0	0	0	1	0	0	0	0	0	1	2	1	4	2	3	1	1	0	0	0	0	1	0	1	2	0	0	0	1	0	2	0	2	1	1	0	0	1	0	0	0	0	0	1	0	0	0	0	1	0	0	0	2	0	3	0	0	0	0	1	1	1	0	0	0	0	1	0	0	3	0	0	0	4	4	0	0	1	2	0	0	0	0	0	1	2	4	4	2	5	0	0	0	1	1	1	0	0	1	0	0	3	0	0	1	1	1	1	1	0	4	11	0	2	1	1	1	1	1	0	0	1	0	2	0	7	0	1	1	1	0	0	0	2	4	1	3	0	1	1	1	0	1	3	3	7	1	0	0	0	0	2	0	0	1	1	0	0	1	0	1	1	0	0	2	0	1	0	0	0	2	2	0	0	1	0	1	2	1	1	0	0	2	1	1	0	0	2	0	0	1	0	1	4	0	1	1	2	0	2	0	1	0	0	1	2	0	4	0
Del4:U2:R3	1	0	0	1	2	0	0	0	0	3	0	0	0	7	0	0	0	0	0	1	0	0	0	0	2	0	0	0	0	0	1	0	0	0	5	0	0	0	0	0	0	0	0	0	0	2	0	0	0	0	0	0	2	0	0	0	0	0	0	0	0	0	1	1	1	4	1	0	1	1	0	0	0	0	1	0	0	0	0	0	0	0	0	1	0	1	1	0	0	0	3	1	2	1	1	1	0	0	0	1	3	2	1	0	0	2	0	2	0	1	1	1	0	0	1	1	3	0	0	2	0	0	3	0	1	0	0	2	0	0	0	0	1	0	0	2	0	0	0	0	0	1	0	1	0	0	0	1	1	0	0	1	0	1	0	1	0	0	1	0	3	0	0	2	3	0	0	0	1	1	0	1	1	0	2	0	0	0	1	0	0	1	0	0	1	0	2	2	1	2	0	0	1	0	0	3	0	3	0	5	0	0	0	0	0	0	0	0	0	0	0	0	0	0	1	0	0	0	1	0	0	1	0	2	1	0	1	1	0	2	0	0	0	0	0	4	0	0	0	0	1	1	1	2	2	0	3	0	2	0	2	1	1	0	0	0	1	0	0	1	2	0
Del4:U2:R4	4	0	0	2	4	2	0	0	0	2	2	0	0	11	0	0	0	0	0	0	0	0	1	0	1	0	0	0	1	1	1	0	0	1	18	0	0	0	1	0	3	0	0	0	1	0	0	0	0	0	0	1	0	1	1	0	0	0	1	0	0	0	1	0	0	6	5	0	1	1	1	0	0	0	1	0	0	1	3	0	1	1	0	0	0	1	4	6	1	3	2	1	1	0	2	0	0	0	0	1	13	0	4	0	0	6	1	8	0	2	3	4	1	1	0	0	4	0	0	12	1	0	13	0	0	1	19	1	1	0	0	2	1	1	1	6	1	0	0	3	2	0	0	0	2	0	1	1	1	0	0	0	1	0	1	0	0	2	1	2	3	0	1	5	7	1	1	1	2	0	2	2	1	0	8	0	0	0	7	1	0	2	0	1	0	1	12	8	0	22	1	1	1	2	0	25	1	0	1	10	0	0	1	1	6	0	0	7	1	1	1	1	0	1	0	0	4	0	0	0	2	0	0	10	12	1	1	3	0	4	3	0	5	1	0	7	3	1	0	3	0	2	2	2	1	1	1	0	4	2	2	1	4	2	2	0	0	1	2	0	2	0
Del4:U2:R(5,9)	10	0	0	1	11	0	1	1	0	1	1	0	0	12	0	0	0	0	0	0	0	0	2	0	0	0	0	0	0	1	13	0	1	0	21	0	0	0	0	0	2	1	1	0	4	10	0	0	0	0	1	1	0	2	0	1	1	1	0	0	0	0	1	0	0	60	12	0	0	0	0	2	2	1	0	0	0	1	4	0	0	2	0	1	1	2	4	18	0	1	3	0	0	1	3	2	1	0	0	0	22	0	4	0	0	14	0	20	0	2	2	16	0	2	0	0	6	0	0	26	0	0	139	0	0	0	95	1	0	0	2	5	0	0	1	13	1	1	0	23	0	2	1	2	8	1	1	2	0	1	0	3	2	1	9	2	1	12	3	0	7	2	3	256	17	2	1	0	1	2	1	7	2	0	52	3	1	1	46	7	1	2	0	2	3	0	108	17	0	44	0	0	1	3	1	93	2	1	4	33	0	4	1	1	17	1	2	14	1	1	2	0	1	4	0	3	13	0	1	1	3	2	1	62	134	0	0	21	1	10	33	2	16	0	0	73	4	0	1	6	1	3	0	3	0	1	8	1	3	2	1	1	2	2	5	0	1	4	1	0	11	0
Del4:U4:R2	47	2	0	8	42	3	1	0	8	26	30	0	0	113	4	2	1	0	3	3	10	5	8	3	7	0	9	0	8	1	58	0	2	24	168	3	9	0	7	0	9	7	4	3	52	39	2	6	1	0	7	5	4	19	7	4	2	14	5	5	0	0	9	24	1	184	56	8	4	2	0	4	26	5	12	10	5	3	23	6	9	20	10	7	16	26	30	41	5	5	43	4	19	3	17	16	10	3	0	2	145	3	66	8	10	86	7	68	6	21	28	53	13	11	5	6	72	4	2	114	4	1	110	12	4	6	164	10	5	1	5	15	23	1	7	71	1	9	5	28	9	6	4	4	6	3	6	14	3	6	12	10	16	0	12	26	3	16	14	5	44	14	2	94	71	7	6	4	9	15	6	38	7	3	113	7	9	0	72	12	3	17	7	1	9	5	74	33	9	30	2	8	6	19	7	117	6	12	16	61	6	7	8	6	63	1	5	23	3	10	7	13	5	16	0	2	18	10	3	15	6	22	2	112	106	10	8	33	5	38	73	6	44	1	3	50	13	8	3	11	10	5	10	17	7	8	15	2	9	23	29	2	12	7	17	0	5	4	9	1	37	22
Del4:U4:R3	13	0	0	3	13	0	1	0	1	8	4	1	0	24	1	2	0	0	0	1	1	0	3	0	3	0	0	0	0	0	19	0	1	11	33	1	2	0	1	0	2	1	0	0	12	12	0	0	2	0	1	0	0	3	1	2	2	2	1	1	0	0	5	3	0	58	15	0	3	2	0	5	5	2	5	0	1	0	7	0	2	6	1	3	5	4	4	15	2	1	13	2	3	0	1	6	1	2	0	0	36	0	17	2	0	19	0	20	1	3	6	15	3	1	2	0	20	0	2	26	0	0	36	1	1	3	61	2	2	0	0	6	5	2	1	27	0	4	4	25	0	3	1	2	5	3	2	1	3	0	2	2	2	2	8	9	0	4	3	1	8	10	2	29	18	3	3	0	2	0	0	12	1	0	28	1	2	0	24	7	3	1	0	1	2	1	27	15	1	31	1	1	1	3	1	47	0	0	4	17	2	5	4	3	16	0	0	7	0	1	3	4	2	7	2	4	8	0	1	5	1	5	1	43	46	2	1	14	1	15	26	0	15	0	0	27	2	2	3	6	4	2	1	6	1	3	5	2	4	10	7	1	4	1	3	0	0	0	1	1	7	1
Del4:U4:R4	12	0	0	3	3	0	0	0	0	4	2	0	0	6	0	0	0	0	1	1	0	1	0	1	0	0	1	0	3	1	13	0	0	6	25	1	1	0	1	0	4	0	0	0	1	11	0	0	1	0	1	0	0	0	2	0	1	2	0	9	0	0	2	6	3	48	11	0	0	3	0	0	1	0	3	0	0	1	1	0	1	2	0	0	0	1	5	20	0	0	4	0	8	0	1	0	1	1	0	0	26	0	11	0	1	16	2	22	0	4	5	10	1	0	1	2	13	0	0	24	3	1	26	1	0	0	44	1	4	0	1	2	7	0	1	13	1	1	3	28	0	0	0	0	6	1	0	1	0	0	1	1	3	1	5	3	0	2	2	1	6	5	1	34	13	0	0	0	2	0	0	6	0	2	19	1	1	0	14	5	0	6	0	0	0	0	18	3	3	20	0	0	1	1	0	26	1	0	0	9	0	1	2	1	13	0	1	7	0	2	0	1	2	1	1	0	2	0	0	0	0	2	1	23	31	0	3	16	0	5	13	0	12	0	1	25	0	1	0	1	1	0	3	2	3	0	2	1	2	3	5	0	3	0	1	0	0	1	2	0	4	4
Del4:U4:R(5,9)	33	2	0	0	27	0	0	0	1	2	2	0	0	7	0	0	0	0	0	0	0	1	3	1	0	0	0	0	0	0	29	0	0	3	32	2	1	0	1	1	2	1	0	2	1	13	0	0	0	2	0	0	1	2	1	0	0	0	0	8	0	0	1	3	1	72	31	0	1	0	1	1	6	0	4	0	0	0	2	0	1	2	0	0	0	4	2	45	1	0	9	0	2	0	0	2	0	1	1	0	53	0	21	1	0	32	1	40	0	0	6	28	2	0	0	1	20	0	0	39	5	0	85	0	0	0	92	0	1	0	1	1	1	0	1	7	0	0	2	36	0	0	1	0	6	0	0	1	0	0	2	0	5	1	8	5	0	11	13	1	2	4	0	86	10	0	2	0	1	1	2	3	0	0	43	4	1	0	37	1	0	4	0	0	0	0	74	19	1	12	0	1	1	0	0	95	1	1	1	28	0	2	0	1	3	0	1	7	0	1	1	1	1	0	1	1	2	0	0	2	1	3	0	67	99	1	1	33	0	5	36	0	20	0	1	64	0	1	2	1	2	2	2	4	1	1	8	0	0	4	5	0	2	0	2	1	0	0	1	0	1	4
Del5:U1:R(5,9)	1	0	0	0	0	1	0	0	0	2	1	0	0	0	0	0	0	0	0	0	0	0	0	0	1	0	0	0	0	0	0	0	0	0	1	0	0	0	1	0	0	1	0	0	0	0	0	0	0	0	0	0	0	0	0	0	0	0	0	0	0	0	0	0	0	0	0	0	0	1	0	0	0	1	0	0	0	0	0	0	0	0	0	0	0	1	0	1	0	0	0	0	0	1	0	0	0	1	0	0	0	1	0	0	0	1	0	0	0	0	0	0	0	0	0	0	0	0	0	0	0	0	0	0	0	0	0	0	0	0	0	0	0	1	0	0	0	0	0	1	0	0	1	0	0	1	1	0	0	0	1	0	0	0	0	0	0	0	0	0	2	0	0	0	1	0	0	0	0	1	0	1	0	0	0	0	0	0	1	0	0	0	0	0	0	0	0	0	0	1	0	0	0	0	0	0	0	0	0	0	0	0	0	1	0	0	0	0	0	0	0	0	0	0	0	0	0	0	0	0	0	0	1	0	0	0	0	0	0	0	0	0	0	0	1	0	0	0	0	0	0	0	0	0	0	0	0	0	0	0	1	0	0	0	0	0	0	2	0	0	1	0
Del5:U5:R2	2	0	0	1	4	0	1	0	2	6	4	0	0	14	0	0	0	0	0	0	0	2	0	2	2	0	1	0	4	2	5	0	0	11	14	2	2	0	0	0	2	0	1	0	10	8	1	2	2	0	2	0	0	0	0	0	2	7	1	2	0	0	4	3	3	16	7	2	1	3	2	0	2	0	4	1	0	3	6	0	1	8	1	5	5	7	11	5	1	1	5	5	4	1	4	2	0	0	0	0	12	3	5	0	2	8	0	8	3	6	3	4	2	3	2	1	7	0	1	13	0	0	16	2	1	1	14	6	0	0	0	3	8	0	0	19	1	5	1	6	2	3	0	1	2	0	4	4	1	2	0	0	1	1	2	12	0	3	3	1	15	3	1	16	33	4	0	2	3	2	0	6	3	0	15	2	1	1	6	1	2	0	0	1	3	1	10	2	0	3	2	5	5	4	0	21	2	8	3	8	3	3	3	1	10	0	1	3	0	1	1	2	3	0	0	3	4	1	2	4	4	3	0	14	12	2	1	10	1	2	14	1	4	1	0	14	2	0	1	3	2	3	1	9	5	2	7	1	2	10	6	0	2	0	3	0	1	0	3	1	5	5
Del5:U5:R3	0	1	0	0	3	0	0	0	1	3	2	0	0	2	0	0	0	0	0	0	0	0	1	0	0	0	0	0	0	0	7	0	0	0	4	1	0	0	0	0	1	0	0	0	1	5	0	0	0	1	0	0	0	0	0	0	1	2	0	0	0	0	0	0	1	12	3	1	0	0	0	0	2	0	0	0	2	1	0	0	1	0	1	0	1	1	2	5	0	0	3	0	0	0	0	0	0	0	0	0	6	0	6	0	0	10	0	5	0	0	2	2	0	0	1	0	3	0	1	5	0	0	15	0	0	0	16	1	1	0	1	1	0	0	0	2	1	1	2	6	0	1	2	1	1	0	0	0	1	0	0	0	0	0	0	0	0	1	2	1	4	0	0	5	8	1	0	0	0	1	0	0	0	1	3	1	1	0	8	1	0	1	0	0	0	0	6	4	1	4	0	0	1	0	0	12	1	3	0	4	0	0	0	0	1	0	0	1	0	2	0	0	0	0	0	0	1	0	0	1	0	0	0	9	10	0	0	2	0	0	4	0	5	0	0	3	1	1	0	0	0	1	0	4	0	0	2	0	0	0	2	1	2	0	1	0	0	0	1	1	4	1
Del5:U5:R4	5	0	0	0	4	0	0	0	0	1	1	0	0	0	0	0	0	0	0	0	0	0	3	0	1	0	0	0	0	0	6	0	0	0	5	0	0	0	0	0	0	0	0	0	1	3	0	0	0	0	0	0	0	2	0	0	0	0	0	0	0	0	0	2	0	17	9	0	0	0	0	0	6	0	0	0	0	0	0	0	1	1	0	0	1	0	1	8	0	0	3	0	0	0	1	1	0	0	0	0	9	0	6	0	0	6	0	10	1	0	1	2	0	0	0	0	5	0	0	7	0	0	12	0	0	0	10	0	1	0	0	0	3	0	0	1	0	0	0	3	0	0	0	0	0	0	0	0	0	1	1	0	2	0	0	0	0	1	0	0	1	0	0	6	2	0	0	0	0	0	0	0	0	0	0	0	0	0	3	0	0	1	0	0	0	0	2	3	0	0	0	0	0	0	0	12	0	2	0	0	0	1	0	0	2	0	0	2	0	0	0	1	1	0	0	0	1	0	0	0	0	0	0	7	8	0	1	4	0	1	1	0	1	0	0	3	0	1	1	0	0	0	0	2	0	0	0	0	1	1	0	0	0	0	1	0	0	0	1	0	1	0
Del5:U5:R(5,9)	8	0	0	0	4	0	0	0	0	0	1	0	0	0	0	0	0	0	0	0	0	0	0	0	0	0	0	0	0	0	4	0	0	0	1	0	0	0	0	0	0	0	0	0	0	1	0	1	0	0	0	0	0	0	0	0	0	0	0	0	0	0	0	0	0	9	5	0	0	0	0	0	2	0	0	0	0	0	0	0	0	1	0	0	0	0	0	9	0	0	1	0	0	0	0	0	0	0	0	0	12	0	4	0	0	3	0	4	0	0	0	5	0	0	0	0	4	0	0	6	0	0	14	0	0	0	13	0	1	0	0	0	0	0	0	0	0	0	0	7	0	0	0	0	1	0	0	0	0	0	0	0	0	0	0	0	1	1	4	0	0	0	1	4	1	0	1	1	0	0	0	0	0	0	7	0	0	0	4	0	0	0	0	0	0	0	9	1	0	2	0	0	0	0	0	18	0	0	0	0	0	0	0	0	0	0	0	0	0	0	0	0	0	0	0	0	0	0	0	0	0	0	0	9	9	0	0	10	0	1	6	0	3	0	0	8	0	1	1	0	0	0	0	0	1	0	4	0	0	0	0	0	0	0	1	0	0	0	0	1	2	0
Del(6,):U1:R(7,9)	0	0	0	1	0	0	1	0	0	0	0	0	0	0	0	0	0	0	0	0	0	0	0	0	0	0	0	0	0	0	1	0	0	0	0	0	0	0	0	0	0	0	0	0	0	0	0	0	0	0	0	0	0	0	0	0	0	0	0	0	0	0	0	0	0	0	0	0	1	0	0	0	0	0	0	0	0	0	0	0	0	0	1	0	0	0	0	0	0	0	0	0	0	0	0	0	0	0	0	0	0	1	0	0	0	0	0	0	0	0	0	0	0	0	0	0	0	1	0	0	0	0	1	0	0	0	0	0	0	0	0	0	0	0	0	0	0	0	0	0	0	0	0	0	0	0	0	0	0	0	0	0	0	0	0	0	0	0	0	1	1	0	0	0	0	0	0	0	0	0	0	0	0	0	0	0	0	0	0	0	0	0	1	0	0	0	0	0	0	0	0	0	0	0	0	0	0	0	0	0	0	0	0	0	0	0	0	0	0	0	0	0	0	0	0	0	0	0	0	0	0	0	0	0	0	0	0	0	0	0	1	0	0	0	0	0	0	0	0	0	0	0	0	0	0	0	0	0	0	0	0	0	0	0	0	0	0	0	0	0	0	0
Del(6,):U2:R(4,9)	0	0	0	0	0	1	0	0	0	0	0	0	0	0	0	0	0	0	0	0	0	0	0	0	0	0	1	0	0	0	2	0	0	0	1	0	0	0	0	0	0	0	0	0	0	0	0	0	0	0	0	0	0	0	0	0	0	0	0	0	0	0	0	0	1	1	0	0	0	0	0	0	1	0	1	0	0	0	0	0	0	0	0	0	0	0	0	0	0	0	0	0	0	0	0	0	0	0	0	0	2	0	0	0	1	1	0	0	0	0	0	0	0	0	0	1	0	0	0	0	0	0	13	2	0	0	18	1	0	0	1	1	0	0	0	0	1	0	0	3	0	0	0	2	2	0	1	2	0	0	0	0	0	2	1	0	0	0	4	1	1	0	0	29	2	0	0	0	0	0	0	0	0	1	7	0	1	0	3	0	1	1	1	0	0	1	11	3	1	28	1	0	1	0	0	17	0	2	0	0	0	0	0	1	0	0	0	4	0	0	0	0	0	0	0	0	4	1	0	0	0	0	0	4	15	1	1	5	2	0	4	0	3	0	0	9	0	1	1	2	0	0	1	0	0	0	3	0	0	0	1	0	0	1	0	0	0	0	1	0	2	1
Del(6,):U3:R(3,9)	2	1	0	1	1	0	0	0	0	1	0	0	0	0	0	0	0	0	0	0	0	0	0	0	0	0	0	0	0	0	1	0	0	0	0	0	0	0	0	0	1	0	0	0	0	1	0	0	0	0	0	0	0	0	0	0	0	0	0	0	0	0	0	0	1	1	0	0	0	0	0	0	0	0	1	0	0	0	0	0	0	0	0	0	0	0	0	3	1	0	0	0	0	0	0	0	0	1	0	0	3	0	1	0	0	0	0	0	0	0	1	1	0	0	0	0	2	0	0	2	1	0	4	0	0	1	7	1	1	0	1	0	1	0	0	1	0	0	0	5	1	1	0	0	1	0	0	0	0	0	1	1	0	0	0	2	0	1	2	0	3	1	1	10	0	0	0	0	0	0	0	1	0	1	2	0	2	0	3	3	0	0	0	0	0	0	5	0	0	2	0	0	0	1	0	5	0	4	1	2	0	0	1	0	0	0	1	0	0	1	0	0	0	1	0	0	0	0	0	0	2	0	0	6	5	0	1	4	0	1	3	0	1	0	0	5	2	0	1	1	2	0	0	0	1	1	2	0	0	1	2	0	3	0	2	0	0	0	0	0	0	0
Del(6,):U(4,):R(2,9)	3	1	1	5	8	2	0	0	3	4	4	0	0	0	2	0	2	0	0	0	1	1	5	2	3	0	0	0	4	1	9	0	1	1	19	1	5	0	4	0	6	1	0	1	2	7	2	0	0	0	1	1	0	0	5	2	2	8	2	0	0	0	9	0	9	30	11	2	7	8	2	5	9	3	3	0	1	9	0	1	10	2	1	2	2	4	3	23	2	2	3	3	0	3	9	7	10	1	0	0	15	2	12	1	2	28	0	25	2	2	2	7	1	3	3	2	14	0	0	34	1	0	29	0	0	3	29	11	17	1	2	0	9	2	5	1	3	2	3	42	1	21	0	4	6	3	7	9	3	1	2	6	7	15	10	1	1	8	6	7	32	2	4	77	8	5	3	7	3	3	3	5	6	0	7	7	6	8	21	13	1	2	2	5	5	3	12	8	1	9	3	5	5	10	7	41	5	10	3	7	3	5	12	5	4	1	2	3	2	2	5	6	3	7	2	0	6	3	1	6	3	2	1	36	34	5	4	23	1	3	12	3	7	12	2	15	4	7	9	5	5	2	4	10	1	7	26	1	3	7	3	2	5	3	16	1	1	0	5	1	10	1
Ins(2,4):M	23	5	1	63	18	2	20	7	9	1	5	1	0	2	7	6	1	0	2	2	0	8	49	9	6	0	4	0	7	77	49	0	19	2	21	0	7	0	183	0	13	3	5	1	5	43	2	46	0	0	4	0	0	1	3	89	23	3	8	0	0	0	12	0	11	77	44	7	5	2	3	8	128	1	3	11	1	4	0	1	21	1	82	2	1	15	7	62	3	3	14	3	0	6	2	0	11	3	1	1	44	4	37	2	9	91	1	34	10	3	3	56	1	32	3	2	25	2	0	58	1	3	234	18	12	90	512	10	196	6	11	6	15	9	15	6	21	51	12	1403	5	26	2	30	133	25	14	91	14	5	11	486	35	4	411	3	16	28	452	125	33	6	346	173	17	36	6	40	48	13	9	6	22	10	158	17	15	27	313	51	13	49	11	8	16	8	176	147	20	579	14	13	24	41	16	548	8	19	6	87	10	29	22	16	9	13	17	193	7	4	39	20	19	30	16	10	191	15	30	44	15	10	18	158	186	56	8	167	8	5	167	5	108	8	8	351	2	27	24	54	10	10	10	9	15	41	353	14	24	14	8	13	18	13	28	7	12	13	30	27	57	7
Ins(5,):M	12	4	2	5	3	1	15	10	11	4	0	2	1	0	3	2	0	0	0	2	1	8	12	1	10	0	2	0	12	11	14	1	8	0	10	2	4	0	40	0	9	2	1	2	3	9	3	14	0	0	1	0	1	0	1	21	3	6	24	1	0	0	4	1	11	7	7	3	9	4	6	9	34	5	5	1	2	4	0	3	7	0	13	0	4	3	2	16	3	4	4	9	1	2	1	3	3	1	0	3	14	2	8	1	6	31	1	6	3	1	3	13	1	16	1	2	16	2	1	13	0	0	303	24	33	52	548	22	306	27	13	19	21	6	15	9	46	44	22	1786	12	34	12	24	159	25	20	20	19	12	24	539	40	17	480	12	10	103	492	68	63	14	376	206	27	43	17	40	40	14	18	15	33	12	161	23	29	49	357	65	20	38	11	8	33	35	228	141	22	494	35	34	42	49	23	508	12	53	15	98	19	31	18	38	16	13	19	203	31	9	43	31	27	46	26	34	147	15	36	46	27	20	33	218	151	59	11	220	26	14	179	23	134	18	33	335	11	36	28	62	18	12	18	24	24	59	471	25	29	15	25	41	23	26	44	6	21	25	48	28	50	15
Ins2:U1:R0	0	0	0	0	1	0	0	1	2	0	0	0	0	1	0	2	0	0	1	0	0	0	1	2	0	0	0	0	0	0	2	0	2	0	4	0	0	0	0	0	1	0	2	0	1	2	0	0	0	0	0	0	0	0	0	0	0	0	5	0	0	0	0	1	4	4	5	1	0	0	0	2	4	0	1	0	0	0	0	1	2	1	3	2	1	0	0	0	2	1	0	0	1	3	0	0	0	1	0	0	0	0	2	0	1	1	0	0	0	0	1	1	0	0	0	0	3	1	0	1	0	0	7	0	0	3	31	1	9	1	2	0	0	8	0	1	0	6	3	63	1	0	0	2	7	6	2	6	2	1	1	10	3	1	77	0	0	0	56	0	5	2	11	3	1	2	0	4	5	0	2	0	5	1	7	1	0	1	23	4	0	1	1	1	0	3	5	2	1	11	1	2	3	4	0	12	1	0	0	1	2	3	2	3	1	1	1	5	1	1	3	1	1	7	3	0	6	1	3	1	4	1	5	6	1	4	0	6	1	0	5	3	3	0	0	8	0	2	0	3	2	0	0	3	0	5	18	1	2	3	0	0	0	1	0	2	0	17	1	4	3	0
Ins3:U1:R0	0	0	0	0	0	0	0	2	0	0	0	0	0	0	0	0	0	0	0	0	0	0	0	0	1	0	0	0	0	0	0	0	0	0	0	0	0	0	0	0	1	0	0	0	0	0	0	0	0	0	0	0	0	0	0	0	0	0	1	0	0	0	1	0	0	0	0	0	1	0	0	0	0	0	0	0	0	0	0	0	0	0	0	0	0	0	0	0	0	3	0	0	0	0	0	0	0	0	0	0	0	0	0	0	0	0	0	0	0	0	0	0	0	0	0	0	0	0	0	2	0	0	0	1	1	0	4	0	2	0	0	0	0	0	0	0	0	0	0	15	0	0	0	0	1	0	0	0	0	1	0	0	0	0	18	0	1	0	6	1	0	0	1	0	0	0	0	0	0	0	0	1	1	0	0	0	0	0	4	0	0	0	0	0	0	0	0	1	0	0	0	1	2	2	0	2	1	0	0	1	0	0	0	0	0	0	0	1	1	0	0	0	1	0	0	0	1	0	0	1	1	0	0	2	2	1	0	0	0	0	0	0	0	0	0	1	0	1	0	0	0	0	0	0	1	0	2	1	2	0	0	0	0	0	1	0	0	1	0	1	1	0
Ins4:U1:R0	0	0	0	0	0	0	1	2	0	0	0	0	0	0	0	0	0	0	0	0	0	0	0	0	0	0	0	0	0	0	0	0	0	0	0	0	0	0	0	0	0	0	0	0	0	0	0	0	0	0	0	0	0	0	0	0	0	0	1	0	0	0	0	0	0	0	0	0	0	0	0	0	0	0	0	0	0	0	0	0	0	0	0	0	0	0	0	0	0	0	0	0	0	0	0	0	0	0	0	0	0	0	0	0	0	0	0	0	0	0	0	0	0	0	0	0	0	0	0	0	0	0	0	0	0	0	0	0	0	0	0	1	0	0	0	0	0	0	0	0	0	0	0	0	0	0	0	0	0	0	0	1	0	0	2	0	0	0	1	0	0	0	0	0	2	0	0	2	0	0	0	0	0	0	0	0	0	1	4	0	0	1	0	0	0	0	0	0	0	1	0	0	0	0	0	0	1	1	0	1	0	0	0	0	0	0	0	0	1	0	0	0	0	0	0	0	1	0	0	1	1	0	0	0	0	1	0	0	0	0	0	0	1	0	0	0	1	0	0	0	0	0	0	0	0	0	0	0	0	0	0	0	0	0	0	0	0	0	0	0	1	0
Ins2:U2:R0	4	1	0	3	0	0	1	1	3	0	0	5	0	0	0	2	1	0	1	0	0	2	6	1	1	0	0	0	0	3	10	0	0	0	5	1	2	0	13	0	4	3	2	2	1	12	0	2	0	0	1	0	0	1	1	5	3	1	5	0	0	0	1	0	8	14	1	1	2	0	0	1	21	1	0	1	0	2	0	0	5	0	9	1	2	0	1	8	0	0	0	0	0	2	0	0	4	0	0	0	4	2	2	0	1	13	0	3	3	0	1	4	1	2	1	1	5	0	2	11	0	3	33	3	1	9	55	4	12	2	5	1	4	13	1	2	3	5	4	360	1	4	1	3	28	3	3	33	1	3	4	22	6	0	151	3	3	2	132	14	6	2	13	21	1	4	3	7	5	3	4	3	5	3	17	2	2	3	36	9	0	6	0	4	5	6	19	11	7	34	1	1	5	8	10	49	3	2	1	7	6	1	1	3	1	5	3	15	4	1	4	3	6	5	2	1	9	3	5	7	5	2	2	16	18	7	3	19	1	0	12	1	14	1	3	33	2	4	4	4	4	1	3	5	1	9	66	5	4	2	2	3	4	1	8	8	4	18	2	9	14	2
Ins3:U3:R0	1	1	0	2	0	0	0	3	2	0	1	0	0	0	0	0	0	0	0	0	0	1	0	0	0	0	1	0	1	0	0	0	0	0	0	1	1	0	3	0	0	0	0	0	1	0	0	0	0	0	0	0	0	0	1	0	0	0	1	0	0	0	0	0	2	2	0	0	0	1	0	0	4	0	0	0	0	0	0	0	5	0	1	0	1	0	0	2	0	0	0	1	0	0	1	0	0	0	0	0	1	1	0	0	0	0	0	0	1	0	1	0	0	0	1	0	0	0	0	3	0	73	13	1	0	3	29	1	6	0	3	0	0	4	2	1	0	2	0	136	1	5	0	3	6	1	3	30	1	0	1	9	2	1	37	1	0	1	45	1	2	0	3	8	4	0	2	2	4	1	1	3	2	1	12	1	2	0	13	2	0	1	1	1	4	1	10	5	1	20	1	4	1	1	5	20	0	5	0	1	1	3	1	3	0	1	2	5	0	0	1	2	3	1	1	1	7	0	0	0	2	0	1	10	8	3	1	5	1	2	11	0	2	0	1	13	1	1	1	6	2	1	0	3	1	4	28	1	2	0	2	2	3	1	3	1	1	10	4	3	12	3
Ins4:U2:R0	0	0	0	0	0	0	0	0	0	0	0	0	0	0	0	0	0	0	0	0	0	0	0	0	0	0	0	0	0	0	0	0	0	0	0	0	0	0	0	0	0	0	0	0	0	0	0	0	0	0	0	0	0	0	0	0	1	0	1	0	0	0	0	0	0	0	0	0	0	0	0	0	0	0	0	0	0	0	0	0	0	0	0	0	0	0	0	0	0	0	0	0	0	0	0	0	0	0	0	0	0	0	0	0	0	0	0	0	0	0	0	0	0	0	1	0	0	0	0	0	0	0	0	0	0	0	1	0	1	0	0	0	0	0	0	0	1	0	0	4	0	0	0	0	0	0	0	3	0	0	0	2	0	0	7	0	0	0	5	0	0	0	0	0	0	0	0	0	0	0	0	0	0	0	0	0	0	0	3	1	0	0	0	0	0	0	0	1	1	1	0	0	0	0	0	1	1	0	0	0	0	0	0	1	0	1	0	0	1	0	0	0	0	0	0	0	0	0	0	0	0	0	0	0	0	1	0	3	0	0	0	0	0	1	0	0	0	0	0	0	0	0	1	0	0	0	2	0	0	0	0	0	0	0	0	0	0	0	1	0	0	0
Ins4:U4:R0	0	0	0	1	0	1	0	4	0	0	0	0	0	0	0	0	0	0	0	1	0	0	1	1	0	0	0	0	0	1	0	0	0	0	0	0	2	0	3	0	0	0	0	0	0	0	0	3	0	0	0	0	0	1	0	0	0	0	1	0	0	0	0	0	7	0	2	0	1	0	0	1	1	0	0	0	1	0	0	0	0	0	2	0	0	0	0	0	0	0	2	0	0	0	0	0	0	0	0	0	0	0	0	0	0	1	0	0	3	0	0	2	1	0	0	0	0	0	0	0	0	0	8	0	1	0	15	3	12	0	0	1	0	2	0	1	2	0	1	69	1	0	0	0	4	2	3	15	2	2	0	14	2	1	31	1	0	2	23	4	6	3	11	6	0	1	0	4	2	2	2	1	1	0	4	1	2	1	13	3	1	2	2	1	1	1	3	3	1	10	0	3	1	1	1	11	0	5	0	2	1	1	2	1	1	3	0	3	0	0	3	0	4	0	2	1	1	0	0	2	0	3	2	6	7	4	0	4	0	1	4	1	6	0	0	7	1	1	1	2	0	1	2	1	1	1	15	0	0	3	1	2	1	0	3	0	3	7	2	2	8	1
Ins(5,):R0	1	1	0	2	0	1	1	12	3	0	0	0	0	0	0	0	0	0	0	0	1	0	1	0	4	0	0	0	2	0	3	0	0	0	0	0	6	0	3	0	1	1	1	0	0	2	1	1	0	0	1	0	0	0	1	1	1	1	10	0	0	0	0	0	11	0	0	2	1	1	2	0	2	1	1	0	1	0	0	1	0	0	0	0	0	1	0	0	0	1	0	1	0	0	0	0	2	1	0	0	2	1	1	0	2	3	0	1	2	0	0	1	2	1	0	0	2	1	0	0	0	0	41	0	13	29	56	27	30	96	5	9	25	6	3	13	25	16	5	180	9	25	9	6	23	3	9	21	6	10	8	33	22	14	54	6	3	13	113	8	24	5	62	27	5	16	20	21	20	3	3	12	24	5	20	12	10	12	169	6	5	33	0	8	30	57	28	8	6	53	3	44	11	31	5	64	10	24	1	17	34	8	5	8	38	29	4	19	65	4	30	20	13	10	5	105	26	4	5	5	16	21	27	47	21	31	9	42	61	4	29	19	30	14	30	36	13	6	10	18	13	9	3	10	3	27	79	10	19	17	23	93	7	25	74	1	11	17	16	8	31	4
Ins2:U1:R1	0	0	0	2	1	1	4	3	5	5	0	1	0	0	2	5	3	0	3	0	0	1	2	3	1	0	1	0	0	6	5	0	0	0	4	0	2	0	8	0	1	0	2	0	3	1	0	1	0	0	0	0	0	0	0	1	0	1	0	0	0	0	0	0	0	9	4	3	2	0	2	2	11	0	1	2	0	1	0	1	5	0	5	1	1	2	1	4	0	2	2	0	0	2	0	0	1	0	0	0	1	0	3	4	3	5	0	2	1	0	0	2	0	1	1	4	2	4	0	4	1	1	10	0	0	5	38	5	43	1	7	0	0	4	0	0	7	31	2	55	1	3	1	2	9	5	0	23	2	0	1	8	3	1	40	0	0	3	25	1	1	1	12	9	3	1	3	6	16	1	3	0	10	0	7	0	1	7	38	2	1	5	2	2	3	2	6	2	1	7	2	1	0	4	2	18	2	2	2	4	0	5	4	2	0	0	3	4	0	4	2	4	3	19	1	2	2	3	1	2	0	3	7	7	7	19	0	7	0	1	13	2	2	2	1	9	0	0	6	4	3	2	5	2	5	12	33	5	5	1	4	0	1	2	4	0	5	7	6	4	7	1
Ins2:U1:R2	0	1	0	0	1	0	2	0	8	1	0	0	0	0	0	5	2	0	0	0	0	0	1	7	0	0	0	0	1	0	3	0	0	0	1	0	0	0	3	0	0	0	5	0	1	2	0	1	0	0	1	0	0	1	0	1	1	0	0	0	0	0	0	0	0	6	1	0	1	0	1	0	6	0	1	4	1	1	0	6	3	0	2	6	0	1	2	4	2	0	1	0	0	2	1	0	1	0	1	0	1	0	1	2	0	7	0	1	0	0	0	2	1	2	0	2	3	6	0	2	1	0	4	0	0	0	11	2	2	0	6	0	0	0	0	0	1	8	2	49	4	0	1	0	3	2	1	25	0	0	1	1	1	0	23	1	2	0	24	5	2	0	2	6	1	0	0	4	8	0	1	0	2	1	4	0	1	2	10	0	1	4	1	0	0	0	5	0	5	3	7	1	1	2	1	4	0	2	0	0	1	3	0	1	3	0	2	4	0	2	1	1	1	2	2	0	1	2	0	0	1	1	2	3	0	11	1	6	0	2	10	0	3	0	0	3	2	0	1	2	2	0	3	0	5	7	2	3	0	1	1	0	0	0	1	1	3	0	1	2	6	0
Ins2:U1:R3	1	0	0	2	1	0	1	0	8	1	0	0	0	0	0	11	1	0	0	0	1	0	2	2	1	0	1	0	0	0	1	0	1	0	4	1	1	0	3	0	2	1	7	0	1	3	0	0	0	0	0	0	1	1	0	2	0	1	0	1	0	0	1	0	0	13	5	1	0	1	0	3	10	0	0	4	0	1	0	3	12	0	1	5	0	0	0	6	2	0	16	0	0	3	3	1	0	0	0	1	4	1	0	2	2	4	0	4	0	0	0	3	0	0	1	2	4	1	0	2	0	0	3	0	1	0	4	0	9	0	5	2	3	0	2	0	1	15	0	38	3	1	0	4	3	6	2	16	0	0	0	3	0	0	23	3	2	3	20	0	1	1	2	9	5	3	1	1	9	2	2	0	3	0	10	0	0	1	17	1	0	1	2	1	1	0	4	4	4	1	4	0	2	3	1	9	0	2	0	1	1	0	3	4	1	0	4	2	1	1	0	3	0	9	0	0	2	4	0	0	2	0	7	4	0	16	1	1	0	0	7	2	11	1	0	6	1	1	0	1	3	0	1	1	6	11	13	4	2	1	0	1	4	0	0	0	6	1	1	2	5	0
Ins2:U1:R4	4	2	0	1	1	0	1	1	5	0	1	0	0	0	0	0	0	0	0	0	3	1	0	5	1	0	0	0	2	0	0	0	2	0	3	0	0	0	0	0	1	1	3	0	1	1	0	0	0	0	2	0	0	0	1	0	0	2	0	0	0	0	1	0	0	8	2	1	0	0	0	3	5	0	1	1	0	1	0	2	1	0	1	0	0	0	0	5	0	0	7	0	1	0	0	0	0	0	0	1	2	0	0	2	0	8	1	2	0	0	0	1	1	1	0	0	4	2	0	2	0	0	2	0	0	2	18	1	3	0	1	0	1	0	0	0	0	3	1	102	0	1	2	0	3	2	0	13	0	1	0	3	0	0	26	0	0	3	16	1	1	1	1	1	0	1	1	1	5	0	0	1	1	0	0	0	0	0	11	1	0	1	0	0	0	1	3	1	1	3	1	0	0	1	0	15	1	1	0	1	0	0	1	1	0	0	1	1	0	0	1	4	1	4	0	0	0	0	0	1	1	0	1	1	1	6	0	4	0	0	2	1	3	0	0	2	0	0	4	1	0	2	0	0	1	5	6	0	0	0	0	0	0	1	0	0	4	1	0	0	0	0
Ins2:U1:R(5,9)	54	1	0	3	35	1	0	1	6	0	0	0	0	0	3	0	2	0	0	0	0	3	124	2	0	0	0	0	2	9	161	0	2	0	110	1	0	0	19	0	1	0	6	0	2	397	3	19	0	0	0	0	0	8	0	8	6	2	0	0	0	0	2	0	4	333	77	1	3	4	0	1	705	1	1	3	0	1	0	0	4	1	20	1	2	1	1	234	2	0	27	1	0	5	3	1	3	0	0	1	185	1	70	1	0	351	0	156	2	0	0	512	0	3	1	1	75	0	0	272	0	0	371	0	0	2	294	1	7	0	0	1	0	0	0	0	0	4	2	7627	0	1	2	1	150	3	2	1	0	0	1	37	7	0	2846	0	0	8	2332	4	14	0	20	145	1	8	1	3	6	0	3	1	4	0	124	3	0	5	88	4	0	3	0	0	8	0	168	52	3	179	1	5	9	4	2	314	1	4	0	64	0	3	5	3	1	0	1	49	1	3	4	3	1	5	0	0	20	3	2	4	4	1	2	56	34	8	0	90	0	2	40	0	65	1	1	272	1	6	6	12	2	1	1	2	1	5	237	4	1	1	1	0	0	1	5	1	0	0	0	2	5	2
Ins2:U2:R1	5	2	0	1	5	3	1	1	16	2	2	0	0	0	0	3	1	0	4	0	7	5	12	4	0	0	3	0	3	2	8	0	2	2	16	2	3	0	6	0	3	2	4	1	3	6	0	2	0	0	3	1	0	0	1	9	3	2	2	1	0	0	1	2	3	19	17	6	7	0	2	4	31	0	3	5	1	1	0	7	1	0	8	2	2	3	3	7	4	2	5	0	2	6	4	1	2	4	0	1	5	1	5	11	9	18	2	16	2	1	0	8	0	2	1	1	6	4	1	8	0	0	15	3	5	3	42	8	8	2	17	4	1	1	1	2	4	1	4	245	9	4	1	2	18	5	2	201	4	2	5	17	3	0	28	2	2	7	44	5	5	1	7	22	7	4	0	5	6	1	3	6	1	1	18	4	0	2	32	3	1	4	3	1	4	2	21	11	8	34	9	1	3	7	3	28	2	8	2	6	0	2	4	4	4	2	2	9	0	1	6	5	0	10	5	1	7	3	1	3	1	6	2	22	18	8	4	13	2	1	18	2	9	1	2	18	5	3	4	11	3	1	2	3	11	4	33	1	2	7	0	0	5	3	5	3	3	3	5	4	17	0
Ins2:U2:R2	10	1	0	2	9	0	1	0	6	1	0	0	0	0	0	3	1	0	0	0	3	1	11	4	1	0	1	0	1	4	18	0	0	0	10	1	1	0	11	0	3	2	2	1	1	4	0	2	0	0	4	0	1	0	2	4	3	2	2	0	0	0	3	0	2	12	13	0	4	2	2	0	50	0	3	4	0	0	0	4	3	0	10	2	1	2	3	19	1	1	5	2	0	1	6	3	2	0	0	3	13	0	12	4	1	34	2	17	2	0	2	12	0	2	1	0	8	1	0	25	0	0	25	1	0	1	41	4	4	1	7	0	2	1	1	1	1	2	2	160	1	2	0	0	11	2	1	141	1	2	1	12	2	1	27	1	5	8	38	5	4	0	4	18	1	1	3	5	6	0	4	1	1	0	11	1	1	0	16	9	1	4	0	1	5	1	18	12	5	80	3	1	5	2	2	44	2	6	2	20	2	1	2	3	0	1	1	16	0	1	0	5	0	6	3	2	21	3	0	3	2	5	2	21	18	5	2	19	2	0	33	0	12	2	1	41	1	5	3	5	2	0	0	1	4	3	37	1	3	3	0	1	4	2	1	2	2	0	2	2	4	0
Ins2:U2:R3	10	0	0	3	9	0	1	0	2	2	0	0	0	0	1	1	1	0	0	0	1	1	15	2	0	0	0	0	2	9	21	0	4	1	19	0	1	0	24	0	1	0	0	0	0	47	0	4	0	0	1	1	0	2	2	5	4	2	1	0	0	0	2	0	0	23	23	0	2	0	0	2	47	0	1	1	0	1	0	0	1	0	39	0	0	1	0	29	0	0	11	1	0	0	1	0	1	0	0	0	31	0	18	2	3	43	1	24	2	0	0	25	1	5	0	1	19	0	0	31	1	0	44	1	0	2	80	3	1	1	2	3	2	0	1	0	0	7	1	333	1	1	0	0	15	0	1	41	0	0	1	25	2	2	85	0	3	14	84	4	2	0	2	36	1	4	0	1	7	0	1	2	1	0	23	3	0	0	25	3	0	1	3	1	3	1	47	18	2	78	3	3	2	0	5	72	0	4	1	24	0	1	1	1	2	1	1	25	1	1	2	2	1	2	4	1	26	5	0	2	4	0	5	31	31	7	0	31	0	3	31	1	20	1	0	62	1	3	3	3	2	0	2	2	0	1	34	1	0	1	2	0	0	1	3	1	6	0	3	1	3	0
Ins2:U2:R4	93	0	0	2	55	0	0	0	1	0	3	0	0	1	1	2	0	0	3	0	3	5	160	3	0	0	0	0	3	23	188	0	8	0	185	2	2	0	59	0	6	0	1	0	1	198	3	13	0	0	3	1	0	21	4	20	16	3	1	0	0	0	2	0	1	220	133	0	4	0	0	0	347	0	1	7	0	5	0	0	8	0	78	0	1	9	1	212	6	1	77	0	0	1	8	3	8	0	0	0	168	0	97	0	0	294	3	220	7	0	0	212	0	19	1	0	101	1	0	262	0	0	269	3	0	1	225	3	3	0	0	2	3	0	4	0	1	4	2	3593	1	3	1	4	84	1	0	7	0	3	1	96	11	0	339	0	2	52	375	9	2	2	28	194	3	8	2	3	2	1	1	0	4	0	171	5	1	2	89	11	1	8	1	2	2	0	245	70	2	163	5	2	4	7	1	260	2	3	1	108	0	3	6	1	1	1	2	51	0	3	6	2	0	3	1	0	44	1	2	6	2	1	1	105	110	8	3	139	0	4	116	1	122	0	1	252	0	12	20	9	4	1	2	2	1	3	170	3	1	0	3	3	4	1	15	0	2	1	4	2	7	0
Ins2:U2:R(5,9)	588	11	0	18	362	1	8	9	1	2	3	1	0	2	1	2	0	1	1	1	13	28	999	10	0	0	2	0	16	52	1257	0	29	2	807	6	4	0	154	0	34	2	4	5	4	904	5	44	0	3	26	16	2	99	17	59	39	11	8	2	1	1	12	5	8	1275	926	1	9	0	3	8	2442	3	7	43	3	21	5	2	14	4	123	1	2	38	1	1090	24	2	454	1	2	3	52	11	46	1	1	0	1230	3	776	1	3	1794	18	1047	63	3	4	1010	4	54	8	3	665	0	2	1391	3	2	1913	38	0	12	2011	8	21	3	5	14	9	2	10	3	3	11	22	21850	4	20	12	52	780	14	10	15	18	0	11	336	100	3	1996	6	38	324	2108	39	37	3	131	1278	14	58	9	13	12	6	8	10	13	14	1291	53	5	7	693	132	0	75	22	8	10	8	1485	632	8	860	29	7	86	25	13	2293	6	15	8	822	6	14	39	16	16	4	8	366	6	38	31	33	2	6	16	3	327	8	29	78	15	10	2	856	866	12	26	1084	1	13	926	10	910	5	9	2066	7	81	160	63	17	15	7	3	2	14	1648	6	15	21	8	8	14	18	98	1	5	7	11	3	81	4
Ins3:U1:R1	0	0	0	0	0	0	0	0	3	0	0	0	0	0	0	0	0	0	0	0	0	0	0	0	0	0	0	0	0	0	0	0	0	0	0	0	0	0	0	0	0	0	0	0	0	0	0	0	0	0	0	0	0	0	0	0	0	0	1	0	0	0	0	0	0	0	0	0	0	0	0	0	0	0	0	0	0	0	0	1	0	0	0	0	0	0	0	0	0	0	0	0	0	0	0	0	0	0	0	0	0	1	0	1	0	0	0	0	1	0	0	0	0	0	0	0	0	2	0	0	0	0	1	0	0	0	1	0	2	0	2	0	0	1	0	0	0	1	0	2	0	0	0	0	0	0	0	3	0	0	0	0	0	0	8	0	0	0	2	0	0	0	0	0	0	0	0	0	1	0	0	0	0	0	0	0	0	0	2	1	0	0	0	1	0	0	1	1	0	0	0	0	0	0	0	1	0	0	0	0	0	0	2	1	0	0	0	1	0	0	0	0	0	1	0	0	0	0	0	0	0	0	0	0	1	0	0	0	0	0	0	0	1	0	0	1	0	2	0	1	1	0	1	0	1	0	2	0	0	0	0	1	2	0	0	0	0	1	0	0	2	0
Ins3:U1:R2	0	0	0	0	0	0	0	0	2	0	0	0	0	0	0	0	0	0	0	0	0	0	1	0	0	0	0	0	1	0	0	0	0	0	0	0	0	0	0	0	0	0	0	0	0	0	0	0	0	0	0	0	0	0	0	0	0	0	0	0	0	0	1	0	0	0	0	0	0	0	0	1	0	0	0	0	0	0	0	2	0	0	1	0	0	0	0	0	0	0	0	1	0	0	0	0	1	0	1	0	0	0	0	1	0	0	0	0	0	0	0	0	0	0	0	0	0	0	0	0	0	0	0	0	0	0	3	0	6	0	1	0	0	0	0	0	3	1	1	4	0	0	0	0	0	0	0	3	0	1	0	1	0	0	6	0	0	1	2	1	2	0	2	0	0	0	0	1	0	0	0	0	1	0	0	0	0	2	1	0	0	0	1	1	0	0	0	0	0	1	1	0	1	0	1	1	0	0	0	0	0	0	1	0	0	2	0	0	0	0	1	0	0	1	0	0	0	0	0	0	0	0	0	0	1	0	0	0	0	0	2	0	0	0	1	0	0	0	0	0	0	0	0	0	2	1	0	0	0	0	0	1	0	0	0	0	0	0	0	0	0	0
Ins3:U1:R3	0	0	0	0	0	0	0	0	2	0	0	0	0	0	0	0	0	0	0	0	0	0	0	0	0	0	0	0	0	0	0	0	0	0	0	0	0	0	0	0	1	1	1	0	0	0	0	0	0	0	0	0	0	0	0	0	0	0	0	0	0	0	0	0	0	1	1	0	0	0	0	0	0	0	0	0	0	0	0	2	0	0	1	0	0	0	0	0	0	0	0	0	0	0	0	0	0	0	0	0	0	0	1	1	0	0	0	0	0	0	0	0	0	0	1	0	0	0	0	0	0	0	0	0	0	0	1	0	0	1	2	0	0	0	0	0	0	0	0	9	1	0	0	1	0	0	0	4	0	0	0	0	0	0	8	2	0	0	1	0	1	0	0	1	0	0	0	0	2	0	1	0	0	0	0	1	0	0	4	0	0	0	0	0	0	0	0	0	0	0	0	0	0	0	0	1	0	1	0	1	0	1	0	0	0	0	0	0	0	0	0	0	0	0	0	1	0	0	0	0	0	0	1	0	0	0	0	0	1	0	0	0	0	1	0	2	0	0	0	1	0	0	0	0	0	2	0	1	1	0	0	0	1	1	0	0	1	0	0	0	0	1
Ins3:U1:R4	0	0	0	1	0	1	0	0	0	0	0	0	0	0	0	0	0	0	0	0	0	0	0	0	0	0	1	0	0	0	1	0	0	0	0	0	0	0	1	0	0	0	2	0	1	1	0	0	0	0	0	0	0	0	0	0	1	0	0	0	0	0	1	0	0	0	0	0	0	0	0	0	0	0	0	0	0	0	0	0	1	0	0	0	0	1	1	0	0	0	0	0	1	0	0	0	0	0	0	1	0	0	0	0	1	1	0	0	0	0	0	0	0	0	0	0	0	0	0	0	0	0	1	0	0	0	1	0	3	0	1	0	0	0	0	0	0	2	1	7	0	0	0	0	0	0	0	4	0	0	0	0	0	0	3	0	0	0	0	0	0	0	0	0	0	0	0	0	0	0	0	0	0	1	0	0	0	0	0	0	0	0	0	0	1	0	0	0	0	1	1	0	1	0	0	0	0	0	0	1	0	0	0	0	0	0	0	0	0	0	0	0	1	0	0	0	1	0	1	0	0	0	0	1	0	1	0	0	0	0	1	0	0	0	0	0	0	0	0	1	0	0	0	1	0	0	4	0	0	0	0	0	0	0	0	0	0	0	0	0	0	0
Ins3:U1:R(5,9)	0	0	0	1	3	0	1	0	1	0	0	0	0	0	0	1	0	0	0	0	0	0	1	0	0	0	0	0	2	0	6	0	0	0	4	0	0	0	1	0	0	1	3	0	0	16	0	0	0	0	0	0	0	0	0	0	0	4	0	0	0	0	0	0	1	10	3	0	2	0	0	1	46	0	0	0	0	0	0	0	0	0	1	0	0	0	0	11	0	0	0	0	0	0	1	0	1	1	0	0	8	0	2	0	0	20	0	8	0	0	0	11	0	0	0	0	2	0	0	11	0	0	12	0	0	0	40	0	1	0	1	0	1	0	0	0	0	0	0	1109	0	0	1	0	12	1	1	1	0	0	0	1	0	0	227	0	0	0	144	0	2	0	1	4	0	2	0	0	0	0	0	0	0	0	8	0	0	0	11	1	0	1	0	0	5	0	7	3	2	18	0	0	0	0	0	22	0	2	0	5	0	1	2	0	0	0	0	5	0	0	0	0	0	1	0	0	4	0	0	0	0	0	0	7	2	0	0	4	0	0	3	0	3	0	0	16	1	0	1	1	0	1	0	0	0	0	19	0	0	0	0	0	2	0	2	0	0	1	0	1	1	0
Ins3:U3:R1	0	0	0	8	7	2	5	1	6	1	2	0	0	0	2	1	0	0	2	0	6	3	9	1	1	1	0	0	0	5	5	0	3	1	4	2	1	0	3	0	14	0	5	2	6	4	1	7	1	0	2	1	2	0	2	4	3	3	0	1	0	0	5	2	0	3	6	6	8	1	2	2	8	0	2	5	1	3	1	4	4	0	3	2	1	8	6	5	7	0	2	2	1	0	6	6	9	0	0	2	6	0	5	1	6	7	3	4	4	2	6	9	1	0	0	1	3	3	1	0	0	0	13	2	1	2	11	6	20	0	7	0	1	1	2	1	5	3	5	38	5	1	1	2	6	1	1	337	1	3	1	9	3	2	7	0	0	2	5	6	4	0	4	7	0	5	2	3	5	1	4	1	2	0	1	5	1	1	20	8	1	6	3	1	2	0	7	2	4	13	13	2	5	9	2	8	2	1	3	5	3	4	5	3	2	3	0	2	0	0	3	4	2	7	1	1	3	0	1	6	1	0	2	9	6	8	1	3	0	2	9	1	3	3	1	2	4	5	1	8	3	4	2	2	7	5	9	4	2	9	3	0	9	3	6	2	2	2	6	3	8	0
Ins3:U3:R2	3	1	0	2	1	1	3	0	2	0	0	0	1	1	0	0	0	0	0	0	0	1	2	0	0	0	0	0	0	0	2	0	0	0	1	0	0	0	1	0	3	0	0	0	4	2	1	0	0	0	0	1	1	0	1	1	0	1	1	0	0	0	1	0	1	3	1	1	1	0	0	1	6	0	2	0	0	0	0	0	0	0	0	1	1	1	1	3	0	0	1	1	0	1	0	1	0	0	0	3	5	2	1	3	2	5	0	1	1	0	0	2	0	0	1	2	1	1	0	2	0	0	2	2	1	2	5	0	4	0	2	0	1	0	1	0	0	1	0	12	3	0	0	1	3	0	3	59	0	1	0	2	3	0	1	0	0	0	3	0	10	0	0	8	0	2	0	1	1	0	0	0	0	0	1	0	0	1	9	2	1	0	1	1	2	0	3	3	1	1	4	0	2	2	0	4	1	3	0	1	0	1	0	0	0	0	0	1	0	0	1	2	2	1	1	0	2	0	1	0	0	0	0	4	2	1	0	1	0	2	1	1	5	0	0	2	2	0	0	1	2	0	1	4	1	1	4	0	0	0	1	0	1	0	0	0	1	0	0	2	1	0
Ins3:U3:R3	2	0	0	0	3	0	0	0	0	1	0	0	0	0	1	0	0	0	0	0	0	0	8	1	0	0	0	0	0	0	5	0	0	0	3	0	0	0	0	0	0	0	0	0	0	0	0	0	0	0	0	0	0	1	0	0	1	0	0	0	0	0	0	0	1	4	5	0	0	0	0	0	11	0	0	2	0	0	0	0	0	0	1	0	0	0	0	7	1	0	1	0	0	0	0	1	0	0	0	0	3	1	6	0	0	5	0	8	0	0	0	1	0	0	0	0	3	0	0	4	0	0	8	0	0	0	10	0	0	0	0	0	0	0	0	0	0	0	1	92	0	0	0	0	3	0	0	3	0	0	0	1	1	0	5	0	0	0	2	1	2	0	0	2	0	0	0	0	0	0	1	0	0	0	4	0	1	0	1	1	0	2	0	0	0	0	2	0	0	4	0	0	1	0	1	5	0	0	0	4	0	0	0	0	0	0	0	1	0	0	0	0	1	0	0	0	1	0	0	0	0	0	0	4	4	0	0	4	0	0	3	0	3	0	0	5	0	1	2	0	0	0	0	2	0	0	4	0	1	0	0	0	0	0	1	0	0	0	0	1	2	0
Ins3:U3:R4	9	0	0	0	8	0	0	0	0	0	0	0	0	0	0	0	0	0	0	0	0	1	16	0	0	0	0	0	0	2	20	0	0	0	9	0	0	0	1	0	0	0	0	1	0	5	0	1	0	0	0	0	1	1	0	0	1	0	0	1	0	0	1	0	0	11	16	0	0	0	0	0	40	0	0	2	1	0	0	0	0	0	0	0	0	1	0	19	0	0	6	1	0	0	0	0	0	0	0	0	22	0	13	0	0	18	0	20	0	0	0	6	0	0	0	0	12	0	0	28	0	0	26	0	0	1	11	0	0	0	0	0	1	0	3	0	0	0	0	340	0	0	0	0	11	0	0	0	1	1	0	2	1	0	11	0	1	4	12	0	1	0	0	5	0	1	0	0	0	0	0	0	0	0	6	0	0	0	6	1	0	1	0	1	0	0	19	8	0	4	1	0	0	1	1	23	0	0	0	8	0	0	0	0	0	0	0	1	0	0	0	1	1	0	1	0	3	1	0	2	0	0	0	17	8	0	0	12	0	1	3	0	8	0	0	16	0	0	1	1	0	0	0	0	0	0	24	0	1	0	0	0	1	0	1	0	0	1	0	0	0	0
Ins3:U3:R(5,9)	60	1	0	4	38	0	0	1	0	0	0	0	0	0	0	0	0	0	1	1	1	2	95	0	1	0	0	0	1	5	132	0	1	0	84	0	0	0	3	0	8	0	0	0	1	44	1	3	0	0	0	0	0	11	1	2	1	1	0	0	0	0	3	1	0	121	116	0	1	0	0	2	291	0	0	5	0	4	0	0	1	2	1	0	0	7	0	134	1	2	33	0	0	0	3	0	5	0	0	0	146	0	98	0	0	179	1	122	3	0	0	78	0	1	1	1	54	0	1	145	0	1	116	0	1	0	107	1	0	0	0	2	1	0	2	0	1	1	2	1087	0	3	0	1	69	0	0	2	1	0	0	8	6	0	78	3	1	11	90	6	1	1	6	52	2	2	0	2	0	1	1	0	1	1	85	1	0	0	59	7	0	7	0	1	0	0	105	61	0	42	1	0	1	2	1	159	0	0	0	54	1	1	7	2	0	0	1	9	0	4	2	2	2	0	0	0	8	1	1	7	0	1	0	75	64	1	0	81	0	0	50	1	72	0	0	133	1	5	5	6	0	0	0	0	0	1	139	0	3	1	0	2	0	3	5	0	0	0	0	1	4	0
Ins4:U1:R1	0	0	0	0	0	0	0	0	0	0	0	0	0	0	0	0	0	0	0	0	0	0	0	0	0	0	0	0	0	0	0	0	0	0	0	0	0	0	0	0	0	0	0	0	0	0	0	0	0	0	0	0	0	0	0	0	0	0	0	0	0	0	0	0	0	0	0	0	0	0	0	0	0	0	0	0	0	0	0	0	0	0	0	0	0	0	0	0	0	0	0	0	0	0	0	0	0	0	0	0	0	0	0	0	0	0	0	0	0	0	0	0	0	0	0	0	0	1	0	0	0	0	2	0	0	0	1	0	0	0	0	1	0	0	0	0	0	0	0	3	0	0	0	0	0	0	0	0	0	0	0	0	0	0	3	0	0	0	1	0	0	0	0	0	0	0	0	0	0	0	0	0	0	0	0	0	0	0	0	0	0	1	0	0	0	0	0	0	0	0	0	0	0	0	0	2	0	0	0	1	0	1	0	0	0	0	0	1	0	0	0	0	0	0	0	0	0	1	0	0	0	0	1	0	0	0	0	0	0	0	0	0	0	0	0	0	0	0	0	1	0	0	0	0	0	0	0	0	0	0	0	0	0	0	0	0	0	0	0	0	1	0
Ins4:U1:R2	0	0	0	0	0	0	0	0	2	0	0	0	0	0	0	0	0	0	0	0	0	0	0	0	0	0	0	0	0	0	0	0	0	0	0	0	0	0	0	0	0	0	0	0	0	0	0	0	0	0	0	0	0	0	0	1	0	0	0	0	0	0	0	0	0	0	0	0	0	0	0	0	0	0	0	0	0	0	0	0	0	0	0	0	0	0	0	0	0	0	0	0	0	0	0	0	0	0	0	0	0	0	0	0	0	0	0	0	0	0	0	0	0	0	0	0	0	0	0	0	0	0	0	0	0	0	1	0	1	0	0	0	0	0	0	0	0	0	0	3	0	0	0	0	0	0	0	0	0	0	0	0	0	0	3	0	0	0	0	0	0	0	0	0	0	0	0	1	0	0	0	0	0	0	0	0	0	0	8	0	0	0	0	0	0	0	0	2	0	0	1	0	0	0	0	0	0	0	0	0	0	0	0	0	0	0	0	0	0	0	0	0	0	0	0	0	0	0	0	0	0	0	0	0	0	0	0	0	0	0	0	0	0	0	0	0	0	0	0	0	0	0	0	0	0	0	0	0	0	0	0	0	0	0	0	0	0	0	0	0	0	0
Ins4:U1:R3	0	0	0	0	0	0	0	0	0	0	0	0	0	0	0	0	0	0	0	0	0	0	0	1	0	0	0	0	0	0	1	0	0	0	0	0	0	0	0	0	0	0	0	0	0	0	0	0	0	0	0	0	0	0	0	0	0	0	0	0	0	0	0	0	0	0	0	0	0	0	0	0	0	1	0	0	0	0	0	0	0	0	0	0	0	0	0	0	0	0	0	0	0	0	0	0	0	0	0	0	0	0	0	0	0	0	0	0	0	0	0	0	0	0	0	0	0	0	0	0	0	0	0	0	1	1	4	0	21	0	0	1	0	0	0	0	2	1	0	0	1	0	0	0	0	0	0	0	0	0	0	2	0	0	4	0	0	0	1	0	0	0	9	0	0	0	0	1	1	0	0	0	0	0	0	0	0	1	13	1	0	1	0	0	0	0	1	0	0	1	0	0	0	0	0	6	0	0	0	0	0	3	0	0	0	0	1	0	1	0	0	0	0	0	0	0	1	0	4	0	0	1	1	0	0	1	0	1	1	0	3	0	1	0	0	0	0	0	0	0	1	0	0	0	0	1	2	0	0	1	0	0	1	0	0	0	0	2	1	0	1	0
Ins4:U1:R4	1	0	0	0	0	0	0	0	0	0	0	0	0	0	0	0	0	0	0	0	0	0	0	0	0	0	0	0	1	0	0	0	0	0	0	0	0	0	0	0	0	0	0	0	0	2	0	0	0	0	0	0	0	0	0	0	0	0	0	0	0	0	1	0	0	0	0	0	0	0	0	1	0	0	0	0	0	0	0	0	0	0	0	0	0	0	0	0	0	1	0	0	0	0	0	0	0	0	0	0	0	0	0	0	0	0	0	0	0	0	0	0	0	0	0	0	0	0	0	0	0	0	0	0	0	0	4	1	4	0	0	1	0	0	0	0	0	0	0	3	0	0	0	0	0	0	0	0	0	0	0	0	0	0	0	0	0	0	0	0	0	0	0	0	0	0	0	1	0	1	0	0	0	0	0	1	0	0	1	1	0	0	0	0	0	0	0	0	0	1	0	0	0	0	0	2	1	0	0	0	0	0	0	0	0	0	0	0	0	0	0	0	0	0	0	1	0	0	0	0	0	0	0	1	0	0	0	1	0	0	0	0	0	1	0	0	0	0	0	0	0	0	0	1	0	0	0	0	0	0	0	0	0	0	1	0	0	0	0	1	0	0
Ins4:U1:R(5,9)	0	0	0	1	0	0	0	0	1	0	0	0	0	0	0	0	0	0	0	0	0	0	0	0	0	0	0	0	0	0	0	0	0	0	0	0	0	0	0	0	0	0	0	0	0	1	0	1	0	0	0	0	1	0	0	0	0	0	0	0	0	0	0	0	0	0	0	0	1	0	0	0	3	0	0	0	0	0	0	0	0	0	0	0	0	0	0	0	0	1	0	0	0	0	0	0	0	0	0	0	0	0	0	0	0	1	0	0	1	0	1	1	0	0	0	0	1	0	0	1	0	0	0	1	0	0	11	0	3	0	0	0	1	0	0	0	0	0	0	193	0	0	0	1	4	0	0	0	0	0	1	0	0	0	27	0	0	0	12	2	2	0	1	1	0	0	0	1	0	0	0	0	0	0	0	1	0	1	3	0	0	0	1	0	0	0	1	0	0	1	1	1	0	1	0	1	0	0	0	0	0	0	1	1	0	0	0	1	1	1	0	0	1	0	0	0	0	0	1	0	1	0	0	1	0	2	0	1	0	0	0	0	0	0	0	2	0	0	0	0	0	0	0	0	0	1	0	0	1	1	0	0	0	0	0	0	0	0	2	0	0	0
Ins4:U2:R1	0	0	0	0	1	0	1	0	0	0	0	0	0	0	0	0	0	0	0	0	0	0	0	0	0	0	0	0	0	0	0	0	0	0	0	0	0	0	2	0	0	0	0	0	0	0	0	0	0	0	1	0	0	0	0	1	0	0	0	0	0	0	0	0	0	0	0	0	1	0	0	0	1	0	0	0	0	0	0	0	0	0	0	0	0	0	0	0	0	0	0	0	0	0	0	0	0	0	0	0	0	0	0	0	0	1	0	0	0	0	0	0	0	0	0	0	1	0	0	1	0	0	0	0	0	0	1	0	1	0	0	0	0	0	0	0	0	1	0	3	0	0	0	0	0	0	0	0	0	0	0	0	0	0	6	1	0	0	1	0	0	0	2	1	0	1	0	0	0	0	0	0	0	0	0	0	0	2	1	0	0	0	0	0	0	0	1	1	0	0	0	0	0	0	0	3	0	0	0	0	0	1	0	0	0	0	0	0	0	0	0	0	0	1	0	0	1	0	0	0	1	0	0	0	0	0	0	0	1	0	2	0	0	0	0	0	0	0	0	0	0	0	0	0	0	0	1	0	0	0	0	0	0	0	0	0	0	0	0	0	2	0
Ins4:U2:R2	0	1	0	0	0	0	0	0	1	0	0	0	0	0	0	0	0	0	0	0	0	0	0	0	0	0	0	0	0	0	0	0	0	0	0	0	0	0	0	0	0	0	0	0	0	0	0	0	0	0	0	1	0	1	0	1	0	0	0	0	0	0	0	0	1	0	0	0	0	0	0	0	0	0	0	1	0	0	0	1	0	0	0	1	0	0	0	0	0	0	0	0	0	0	1	1	0	0	0	0	1	0	1	1	0	2	0	0	2	1	0	0	0	0	0	0	0	0	0	0	0	0	0	0	1	0	6	0	1	0	3	0	0	0	0	1	0	0	1	12	0	0	0	0	2	0	0	20	0	0	0	1	1	0	1	1	0	0	4	0	1	0	1	0	0	1	0	1	0	0	1	0	0	0	0	0	0	2	2	0	0	0	0	0	0	0	2	3	1	6	0	1	0	0	0	4	1	0	0	0	1	2	1	0	0	1	0	1	0	0	1	0	0	0	0	0	0	1	0	0	0	0	0	0	2	1	0	0	0	0	3	1	0	0	1	2	0	0	0	2	0	2	1	0	1	0	4	1	0	0	0	1	1	0	0	0	0	0	0	0	0	0
Ins4:U2:R3	0	0	0	0	0	0	0	0	1	0	0	0	0	0	0	0	0	0	0	0	0	0	1	0	0	0	0	0	0	0	0	0	0	0	0	0	0	0	0	0	1	0	0	0	0	0	0	0	0	0	0	0	0	0	0	0	0	0	0	0	0	0	0	0	0	0	0	0	0	0	0	0	2	0	0	0	0	0	0	1	0	0	1	0	0	0	0	2	0	0	0	0	0	0	1	0	0	0	0	1	1	0	0	0	0	2	0	1	0	0	0	0	0	1	0	0	0	0	0	0	0	0	2	0	0	0	3	0	0	0	1	0	0	0	0	0	0	0	0	16	0	0	0	0	0	0	0	9	1	0	0	0	0	0	3	0	1	1	2	0	2	0	1	0	0	0	0	0	0	0	0	0	1	0	0	0	0	0	1	0	0	0	0	0	0	0	5	0	0	19	0	0	0	0	2	8	0	0	0	2	0	0	0	1	0	0	0	1	0	0	0	0	0	0	0	0	5	0	0	0	0	0	0	0	0	0	0	0	0	1	2	0	2	0	1	3	0	0	0	0	0	1	0	0	0	0	4	0	0	0	0	0	0	0	2	0	0	1	0	0	0	0
Ins4:U2:R4	0	0	0	0	1	0	0	0	0	0	0	0	0	0	0	0	0	0	0	0	0	0	1	0	0	0	0	0	0	0	0	0	0	0	2	0	0	0	0	0	0	0	0	0	0	2	0	0	0	0	0	0	0	0	0	0	0	0	0	0	0	0	0	0	0	2	0	0	0	1	0	0	0	0	0	1	0	0	0	0	0	0	0	0	0	0	0	0	0	0	0	0	0	0	0	0	0	0	0	0	1	0	0	0	0	1	0	2	0	0	0	0	0	0	0	0	0	0	0	3	0	0	4	0	0	0	5	0	0	0	0	1	1	0	0	0	0	0	0	134	0	0	0	1	2	0	0	6	0	0	0	0	0	0	4	0	0	0	3	0	0	0	2	2	0	0	0	0	0	0	0	0	0	0	1	0	0	0	0	0	0	0	0	0	0	0	6	1	0	16	0	0	0	0	0	4	0	0	0	2	0	0	0	0	0	0	0	1	0	0	0	0	0	0	0	0	6	0	0	0	0	0	0	1	2	0	0	3	0	0	2	0	3	0	0	6	0	0	0	0	0	0	0	0	0	0	1	0	0	0	0	0	0	0	1	0	0	0	0	0	0	0
Ins4:U2:R(5,9)	3	0	0	0	1	0	0	0	0	0	0	0	0	0	0	0	0	0	0	0	0	0	19	0	0	0	0	0	0	1	18	0	0	0	8	0	0	0	1	0	0	0	0	0	0	11	0	0	0	0	0	0	0	0	0	0	0	0	0	0	0	0	0	0	0	21	19	1	0	0	0	0	72	0	0	0	0	1	0	0	0	0	0	0	0	0	0	12	0	0	3	0	0	0	0	0	1	0	0	0	22	0	8	0	0	43	0	14	2	0	0	14	0	0	0	0	6	0	0	30	0	0	60	0	0	1	61	0	0	0	0	1	0	0	0	0	0	0	2	3711	1	0	1	0	26	2	0	3	0	0	1	4	0	0	93	0	2	4	93	1	2	0	2	52	0	1	1	0	0	0	1	0	0	0	43	0	0	0	15	4	0	3	1	0	0	0	54	22	1	63	0	0	1	0	0	116	1	0	0	11	0	0	0	3	0	0	1	24	0	0	1	1	0	0	2	1	8	2	2	0	0	0	0	16	21	0	0	35	0	0	22	0	16	0	2	91	0	0	1	1	0	0	0	0	1	0	54	0	0	0	0	0	0	1	0	0	0	0	0	0	0	0
Ins4:U4:R1	2	3	0	5	10	2	7	0	4	0	1	1	0	2	0	1	3	0	3	1	4	5	2	2	0	1	3	0	3	4	3	0	1	0	2	0	1	0	5	0	8	1	1	1	8	1	2	2	0	0	6	2	1	0	5	1	4	5	1	2	0	0	3	0	2	2	4	8	11	1	0	4	14	4	8	10	1	3	0	3	3	2	3	1	1	6	1	9	3	2	5	3	2	3	9	9	5	1	0	8	8	0	11	3	3	11	2	4	1	1	2	1	1	5	4	3	1	2	0	2	1	1	8	1	2	2	10	5	17	1	2	2	2	1	1	1	3	2	2	25	4	0	0	4	5	3	3	532	2	2	4	10	10	0	11	1	2	3	12	7	9	1	9	5	5	5	5	8	9	2	0	1	4	0	1	4	6	3	12	3	2	5	2	0	3	2	6	4	6	30	13	1	2	13	2	14	3	9	2	1	1	6	14	6	2	1	2	4	0	2	7	1	2	12	1	2	4	1	1	1	4	2	4	5	11	6	2	7	1	0	10	3	2	4	0	15	3	2	4	12	0	0	2	1	3	2	11	2	8	4	2	1	8	1	5	3	3	1	7	4	10	0
Ins4:U4:R2	1	0	0	1	1	0	0	0	1	0	0	0	0	0	0	0	0	0	0	0	0	0	1	0	0	0	0	0	4	2	2	0	0	0	1	0	1	0	1	0	0	0	1	0	0	0	0	0	0	0	0	0	0	0	0	0	0	3	1	0	0	0	1	0	0	1	3	0	1	1	1	0	8	1	1	0	1	2	0	1	0	0	0	0	0	0	0	1	1	0	0	1	1	0	1	0	2	0	0	0	2	0	2	0	1	4	0	4	0	0	0	3	1	1	0	0	2	0	0	3	0	0	6	0	0	0	6	0	4	0	0	1	2	0	0	0	0	1	0	15	0	2	0	2	4	1	1	14	1	0	0	0	1	0	4	0	0	0	6	0	5	1	0	2	1	0	0	0	1	0	0	0	0	0	1	0	0	0	4	1	0	2	0	0	2	0	2	2	1	10	0	0	2	0	0	10	0	3	0	3	1	0	1	0	0	1	0	6	0	1	2	1	1	0	0	0	1	0	0	0	1	0	0	3	3	2	1	4	0	0	4	0	3	0	1	3	1	0	0	2	1	0	0	0	1	0	10	1	1	0	0	0	1	0	1	0	0	0	1	0	1	0
Ins4:U4:R3	3	0	0	1	5	0	0	0	0	0	0	0	0	0	0	0	0	0	0	1	1	0	7	2	0	0	0	0	0	1	7	0	0	0	1	0	0	0	0	0	1	0	0	0	1	2	0	0	0	0	1	0	0	0	0	0	1	1	0	0	0	0	0	0	0	2	0	0	0	0	0	0	8	0	0	0	0	0	0	0	1	0	1	0	0	0	0	5	0	0	0	0	0	0	0	0	2	0	0	0	4	1	3	0	0	6	0	6	2	0	0	4	0	0	0	0	4	0	0	5	0	0	7	0	0	0	5	0	0	0	0	0	0	0	0	1	0	0	0	67	0	1	0	2	6	0	0	0	0	0	1	1	0	0	2	0	0	1	8	1	3	0	1	6	0	2	0	0	1	0	0	0	0	0	1	0	0	0	1	2	0	0	0	0	1	0	3	2	0	9	0	0	0	0	0	10	0	1	0	4	0	2	1	0	0	0	2	2	0	0	1	1	1	1	0	0	2	0	1	1	0	0	0	5	6	0	0	5	1	0	3	1	2	0	0	5	0	1	0	1	0	1	0	1	0	0	7	0	0	0	0	0	0	0	0	0	0	0	0	0	0	0
Ins4:U4:R4	6	1	0	3	2	0	0	1	0	0	0	0	0	0	0	0	0	0	0	0	0	0	19	0	1	0	0	0	0	1	16	0	1	0	9	0	0	0	2	0	1	2	1	0	0	2	0	2	0	0	0	0	0	1	1	0	2	1	1	0	0	0	3	1	0	14	10	0	0	0	0	0	36	0	0	2	0	0	1	0	3	0	1	0	0	2	1	17	0	0	0	1	1	0	2	1	3	0	0	0	19	0	15	0	0	10	0	11	2	0	0	10	0	0	0	0	6	0	0	11	0	0	16	0	0	0	15	0	0	0	0	1	0	0	0	0	0	0	0	148	0	1	0	0	10	0	1	0	0	0	0	3	2	0	12	0	0	2	11	1	2	1	1	5	0	0	0	0	0	1	0	0	0	0	6	3	0	0	13	2	1	2	0	0	0	0	12	8	0	6	1	0	1	0	0	17	0	0	0	5	1	0	0	0	0	0	0	1	0	0	0	0	1	0	0	1	3	0	0	0	0	2	0	7	10	0	2	9	0	0	9	0	5	0	0	19	0	0	1	1	0	0	0	0	0	1	17	1	0	1	1	0	0	0	2	0	0	0	0	0	1	0
Ins4:U4:R(5,9)	29	1	0	0	14	2	0	4	2	0	0	0	0	0	1	0	0	0	0	0	2	4	45	1	0	0	0	0	1	4	72	0	2	1	9	0	0	0	5	0	2	1	0	0	0	13	0	0	0	0	1	0	0	2	1	0	6	0	1	0	0	0	1	0	1	24	42	0	0	0	2	1	128	0	1	4	0	2	0	0	2	0	0	1	0	10	0	61	0	0	5	0	1	1	5	2	4	2	0	1	46	0	35	0	0	60	3	24	1	1	0	26	0	2	0	0	20	0	0	20	0	0	54	3	0	2	36	0	1	0	0	0	2	1	2	1	2	0	4	214	0	3	0	5	38	0	0	0	3	0	0	1	6	0	30	0	0	4	29	4	1	2	7	18	0	2	0	0	0	0	1	2	0	0	14	2	0	1	26	7	0	5	1	1	0	0	30	16	0	16	1	0	4	1	0	53	1	0	0	11	0	0	0	0	1	0	0	5	0	0	1	2	0	0	1	0	3	0	0	4	0	0	1	22	32	1	2	21	1	2	21	2	17	0	0	33	1	0	1	5	1	0	1	1	0	1	53	1	1	0	5	1	0	2	3	0	0	0	0	0	3	0
Ins(5,):U1:R1	0	0	0	0	0	0	0	0	1	0	0	0	0	0	0	0	0	0	0	0	0	0	0	0	0	0	0	0	0	0	0	0	0	0	0	0	0	0	0	0	0	0	0	0	0	0	0	0	0	0	0	0	0	0	0	0	0	0	0	0	0	0	0	0	0	0	0	0	0	0	0	0	0	0	0	0	0	0	0	0	0	0	0	0	0	0	0	0	0	0	0	0	0	0	0	0	0	0	0	0	0	0	0	0	0	0	0	0	0	0	0	0	0	0	0	0	0	0	0	0	0	0	0	0	0	1	1	0	1	0	0	0	0	0	0	0	0	0	0	0	0	0	0	0	0	0	0	1	0	1	0	0	0	0	2	0	1	0	2	0	1	1	0	0	1	1	0	0	0	1	0	0	0	1	0	0	0	0	2	0	0	0	0	0	0	0	0	1	0	1	0	0	0	0	0	0	0	0	0	0	0	0	0	1	0	0	0	0	0	0	0	0	0	1	0	2	0	0	0	0	0	0	0	0	0	0	0	2	1	0	0	0	0	0	0	1	0	1	0	0	0	0	0	0	1	0	0	0	0	0	0	0	0	0	0	0	0	0	0	0	1	0
Ins(5,):U1:R2	0	0	0	0	0	0	0	0	0	0	0	0	0	0	0	0	0	0	0	0	0	0	0	0	0	0	0	0	0	0	0	0	0	0	0	0	0	0	0	0	0	0	0	0	0	0	0	0	0	0	0	0	0	0	0	0	0	0	0	0	0	0	0	0	0	0	0	0	0	0	0	0	0	0	0	0	0	0	0	0	0	0	0	0	0	0	0	0	0	0	0	0	0	0	0	0	0	0	0	0	0	0	0	0	0	0	0	0	0	0	0	0	0	0	0	0	0	0	0	0	0	0	0	0	0	0	1	0	0	0	0	1	0	0	0	0	0	0	0	1	0	0	0	0	0	0	0	1	0	0	0	0	0	0	3	0	0	0	0	0	0	0	0	0	0	0	0	0	0	0	0	0	0	0	0	0	0	0	2	0	0	0	0	0	0	1	0	0	0	0	0	0	0	1	0	1	0	0	0	0	0	0	0	2	0	0	0	0	0	0	0	1	0	0	0	0	0	0	0	0	0	0	1	0	0	0	0	0	0	0	0	0	0	0	0	0	0	0	0	0	0	0	0	0	1	0	0	0	0	0	0	1	0	0	1	0	0	1	0	0	0	0
Ins(5,):U1:R3	0	0	0	0	0	0	0	0	0	0	0	0	0	0	0	0	0	0	0	0	0	0	0	0	0	0	0	0	0	0	0	0	0	0	0	0	0	0	0	0	0	0	0	0	0	0	0	0	0	0	0	0	0	0	0	0	0	0	0	0	0	0	0	0	0	0	0	0	0	0	0	0	0	0	0	0	0	0	0	1	0	0	0	0	0	0	0	0	0	0	0	0	0	0	0	0	0	0	0	0	0	0	0	0	0	0	0	0	0	0	0	0	0	0	0	0	0	0	0	0	0	0	0	0	0	0	0	0	0	0	0	0	0	0	0	0	0	0	0	2	0	0	0	0	0	0	0	0	0	0	0	0	1	0	2	0	0	0	0	0	0	0	0	0	0	0	0	0	0	0	0	0	0	0	0	0	0	1	1	0	0	1	0	0	0	0	0	0	0	1	0	0	0	0	0	0	0	0	1	0	0	0	0	0	1	0	0	0	0	0	0	0	1	0	0	0	0	0	0	0	0	0	0	0	0	0	1	0	0	0	0	0	0	0	1	0	0	0	0	1	0	0	0	0	0	0	0	0	0	0	0	0	0	0	0	0	1	0	1	0	0	0
Ins(5,):U1:R4	0	0	0	0	0	1	0	0	1	0	0	0	0	0	0	0	0	0	0	0	0	0	0	0	0	0	0	0	0	0	0	0	0	0	0	0	0	0	0	0	0	0	0	0	0	0	0	0	0	0	0	0	0	0	0	0	0	0	0	0	0	0	0	0	0	0	0	0	0	0	0	0	0	0	0	0	0	0	0	1	0	0	0	0	0	0	0	0	0	0	0	0	0	0	0	0	0	0	0	0	0	0	0	0	0	1	0	0	0	0	0	0	0	0	0	0	0	0	0	0	0	0	0	0	0	0	2	0	4	0	0	0	0	0	0	0	0	0	0	2	0	0	0	0	0	0	0	0	0	0	0	2	0	0	3	0	0	0	2	0	1	0	0	0	0	0	0	0	1	0	1	0	0	0	0	0	0	0	1	1	1	0	0	0	0	0	1	1	0	1	0	0	2	0	1	1	0	0	0	1	0	0	0	0	0	0	0	0	0	0	0	0	0	0	0	0	1	0	0	0	0	0	0	0	0	0	0	0	0	0	0	0	0	0	0	1	0	0	0	0	0	0	0	0	0	0	1	1	1	0	0	0	0	0	0	0	0	0	0	0	0	0
Ins(5,):U1:R(5,9)	0	0	0	0	0	0	0	0	0	0	0	0	0	0	0	0	0	0	0	0	0	0	0	0	0	0	0	0	0	0	0	0	0	0	0	0	0	0	1	0	0	0	0	0	0	0	0	0	0	0	0	0	0	0	0	0	0	0	0	0	0	0	0	0	0	0	0	0	0	0	0	0	2	1	0	0	0	0	0	1	0	0	0	0	0	0	0	0	0	0	0	0	0	0	0	0	0	0	0	0	0	0	0	0	0	1	0	0	1	0	0	0	0	0	0	0	1	0	0	0	0	0	3	0	0	0	5	0	2	0	0	1	1	0	0	0	0	0	0	38	1	1	0	0	2	0	0	0	0	0	1	1	1	0	12	0	0	0	6	1	0	1	3	0	1	1	0	0	1	0	1	0	0	0	0	0	0	1	3	0	0	0	0	0	0	0	1	6	0	11	1	1	0	0	2	10	0	0	0	1	0	0	0	2	0	0	0	2	0	0	0	0	0	0	0	0	2	0	0	1	0	0	0	3	2	1	0	4	1	0	4	0	0	0	0	2	0	1	0	0	0	1	0	0	0	0	0	0	2	0	0	0	0	0	2	0	0	1	3	0	1	0
Ins(5,):U2:R1	0	0	0	0	0	0	0	0	0	0	0	0	0	0	0	0	0	0	0	0	0	0	0	0	1	0	0	0	0	0	0	0	0	0	0	0	0	0	0	0	0	0	0	0	0	0	0	0	0	0	0	0	0	0	0	0	0	0	0	0	0	0	0	0	0	0	0	0	0	0	0	0	0	0	0	0	0	0	0	0	0	0	0	0	0	0	0	0	0	0	0	0	0	0	0	0	0	0	0	0	0	0	0	0	0	0	0	0	0	0	0	0	0	0	0	0	0	0	0	0	0	0	0	0	0	0	1	0	0	0	0	1	0	0	0	0	0	0	0	3	0	0	0	0	0	0	0	0	0	0	0	0	1	0	1	0	0	1	2	0	0	0	0	0	0	0	0	0	0	0	0	0	0	0	0	0	0	0	1	0	0	0	0	0	0	0	0	1	0	2	0	0	0	0	0	1	0	0	0	0	0	0	1	0	0	0	0	3	0	0	0	0	0	0	0	0	1	0	0	0	0	0	0	1	1	0	0	0	0	0	1	0	0	1	0	2	1	1	0	0	0	0	0	0	0	0	1	0	1	1	0	0	0	0	1	0	0	0	0	0	0	0
Ins(5,):U2:R2	0	0	0	0	0	0	0	0	0	0	0	0	0	0	0	0	0	0	0	0	0	0	0	0	0	0	0	0	0	0	0	0	0	0	0	0	0	0	0	0	0	0	0	0	0	0	0	0	0	0	0	0	0	0	0	0	0	0	0	0	0	0	0	0	0	0	0	0	0	0	0	0	0	0	0	0	0	0	0	1	0	0	0	0	0	0	0	0	0	0	0	0	0	0	0	0	0	0	0	0	0	0	0	0	0	0	0	0	0	0	0	0	0	0	0	0	0	0	0	0	0	0	1	0	0	0	3	0	0	0	0	0	0	0	0	0	0	0	0	5	0	0	0	0	1	0	0	0	0	0	0	0	0	0	3	0	0	1	0	0	0	0	0	2	0	0	0	0	0	0	0	0	0	0	0	0	0	0	1	0	0	0	0	0	0	0	0	0	0	4	0	0	0	0	0	1	0	0	0	0	0	0	0	0	0	0	0	1	0	0	0	0	0	0	0	0	0	0	0	0	0	0	0	0	1	0	0	1	0	0	0	0	1	0	0	0	0	0	0	0	0	0	0	0	0	0	4	0	0	0	0	0	0	0	0	0	0	0	0	0	0	0
Ins(5,):U2:R3	0	0	0	0	0	0	0	0	0	0	0	0	0	0	0	0	0	0	0	0	0	0	0	0	0	0	0	0	0	0	0	0	0	0	0	0	0	0	0	0	0	0	0	0	0	0	0	0	0	0	0	0	0	0	0	0	0	0	1	0	0	0	0	0	0	0	0	0	0	0	0	0	0	0	0	0	0	0	0	0	0	0	0	0	0	0	0	0	0	0	0	0	0	0	0	0	0	0	0	0	0	0	0	0	0	0	0	0	0	0	0	0	0	0	0	0	0	1	0	0	0	0	3	0	0	0	5	0	0	0	0	0	0	0	0	0	0	0	0	7	0	0	0	0	2	0	0	0	0	0	0	0	0	0	1	0	0	0	3	0	0	0	0	1	0	0	0	0	0	0	0	0	0	0	2	0	0	0	1	0	0	0	0	0	0	0	0	1	0	9	0	0	0	0	0	1	0	0	0	1	0	0	0	0	0	0	0	5	0	0	0	0	0	0	0	0	0	0	0	0	0	0	0	1	0	0	0	3	0	0	0	0	1	0	0	1	0	0	0	1	0	0	0	0	0	0	0	0	0	0	0	0	0	0	0	0	0	0	0	0	0	0
Ins(5,):U2:R4	0	0	0	0	0	0	0	0	0	0	0	0	0	0	0	0	0	0	0	0	0	0	0	0	0	0	0	0	0	0	0	0	0	0	0	0	0	0	0	0	0	0	0	0	0	0	0	0	0	0	0	0	0	0	0	0	0	0	0	0	0	0	0	0	0	0	0	0	0	0	0	0	0	0	0	0	0	0	0	0	0	0	0	0	0	0	0	0	0	0	0	0	0	0	0	0	0	0	0	0	0	0	0	0	0	0	0	0	0	0	0	0	0	0	0	0	0	0	0	0	0	0	7	0	0	0	2	0	0	0	0	0	0	0	0	0	0	0	0	23	0	0	0	0	0	0	1	0	0	0	0	0	0	0	1	0	0	0	1	0	1	0	0	1	1	0	0	0	0	0	0	0	0	0	0	0	1	0	0	0	0	0	0	0	0	0	5	0	0	9	0	0	0	0	0	2	0	0	0	0	0	0	0	0	0	0	0	0	1	0	0	0	0	0	0	0	1	0	0	0	0	0	0	0	0	0	0	1	0	0	0	0	0	0	0	2	0	0	0	0	0	0	0	0	0	0	2	0	0	0	0	0	0	0	0	0	0	0	0	0	0	0
Ins(5,):U2:R(5,9)	1	0	0	1	2	0	0	0	0	0	0	0	0	0	0	0	0	0	0	0	0	0	0	0	0	0	0	0	0	0	3	0	0	0	0	0	0	0	0	0	0	0	0	0	0	0	0	0	0	0	0	0	0	1	0	0	0	0	0	0	0	0	0	0	0	0	0	0	0	0	0	0	4	0	0	0	0	1	0	0	0	0	0	0	0	0	0	1	0	0	0	0	0	0	0	0	0	0	0	0	1	0	0	0	0	1	0	0	0	0	0	0	0	0	0	0	0	0	0	0	0	0	20	1	1	0	21	0	1	0	0	0	0	0	0	1	1	0	1	1327	0	0	0	0	9	1	0	0	1	0	0	1	1	1	17	0	2	2	9	0	3	0	0	19	2	1	0	0	0	0	0	0	0	1	9	1	2	0	8	1	0	2	1	0	0	0	23	2	1	18	0	0	2	0	1	26	0	0	0	3	0	0	0	0	1	0	1	5	0	0	0	1	0	1	1	0	1	3	0	0	0	0	1	6	4	3	0	10	1	0	3	2	7	1	2	15	0	2	0	2	0	0	1	0	0	1	18	1	1	0	0	1	2	0	1	2	0	0	0	0	1	0
Ins(5,):U(3,):R1	5	7	0	50	9	14	23	4	21	4	1	0	0	4	4	6	9	0	5	1	21	14	13	8	11	0	16	1	29	9	26	0	12	1	2	1	19	0	24	0	47	13	12	5	28	5	7	16	3	0	9	9	3	0	14	5	15	34	8	3	1	0	19	4	14	4	6	17	84	18	9	12	13	6	8	13	6	17	2	11	17	3	18	6	3	24	9	19	29	12	7	16	3	6	18	13	16	6	0	0	15	1	8	12	54	23	11	14	18	12	4	12	4	16	10	6	4	6	1	10	4	6	43	8	3	20	18	12	97	5	20	6	14	2	4	3	8	16	27	47	16	8	1	11	10	7	14	21	10	22	8	29	18	8	21	5	6	5	19	70	76	5	21	24	10	22	24	19	26	6	14	11	18	5	14	19	7	9	42	29	0	26	22	6	35	7	26	6	11	16	85	10	22	33	9	25	5	42	12	7	14	11	10	11	8	12	9	16	1	14	16	16	13	33	3	2	13	5	8	10	19	13	8	29	17	15	10	15	4	4	14	13	6	15	5	12	11	6	4	38	14	2	12	8	21	11	41	8	19	25	9	0	22	7	18	1	6	4	22	14	15	2
Ins(5,):U(3,):R2	0	0	0	0	0	1	0	0	1	0	0	0	0	0	0	0	0	0	0	0	1	1	2	1	0	1	0	0	2	0	1	0	0	0	0	0	0	0	0	0	0	0	1	0	2	0	2	1	0	0	1	0	0	0	0	0	0	4	1	0	0	0	1	0	1	0	1	2	0	4	0	0	2	2	0	0	0	2	0	0	0	0	1	0	0	0	0	5	0	0	2	1	1	0	0	2	4	0	0	0	2	0	2	0	0	3	0	4	1	0	0	0	0	0	0	0	2	0	0	3	0	0	4	0	0	0	15	1	3	0	1	1	0	0	1	0	0	1	1	20	0	0	0	0	4	2	0	2	1	2	2	2	0	0	5	0	1	2	6	1	8	0	2	5	1	0	1	1	1	0	1	0	1	1	3	0	0	0	2	1	0	0	0	1	4	1	0	1	0	5	5	2	3	2	0	6	1	4	1	1	1	0	0	1	2	0	0	2	0	1	0	0	0	0	0	0	0	0	0	1	2	1	1	4	2	0	1	3	0	0	4	0	2	0	0	6	0	3	0	1	0	0	3	0	0	1	7	0	0	2	1	0	0	0	1	0	1	0	0	0	1	0
Ins(5,):U(3,):R3	0	0	0	1	0	0	1	0	0	0	0	0	0	0	0	0	0	0	0	0	0	0	3	0	0	0	0	0	0	0	2	0	0	0	0	1	0	0	0	0	0	0	0	0	0	0	0	0	0	0	0	0	0	1	0	0	0	0	0	0	0	0	0	0	0	2	4	0	1	0	1	0	2	0	1	1	0	0	0	0	0	0	0	1	0	0	0	1	1	0	0	1	0	0	2	0	1	0	0	0	2	0	0	0	0	4	1	0	0	0	0	1	0	1	0	0	2	0	0	1	0	0	6	0	0	2	3	1	0	1	0	0	1	0	0	0	0	0	1	18	0	1	0	2	1	0	0	0	0	0	0	2	1	0	2	0	0	0	4	0	0	1	0	3	1	0	0	1	0	0	1	0	0	0	0	0	0	0	2	2	0	1	0	0	1	0	4	1	0	4	0	0	1	1	0	7	1	1	0	1	0	1	1	0	0	0	0	1	0	0	2	0	0	1	0	0	0	3	0	1	0	1	0	2	1	0	1	0	0	0	1	0	0	0	0	0	0	0	0	1	0	0	0	2	0	1	3	0	0	1	0	0	0	0	0	0	0	0	0	0	1	0
Ins(5,):U(3,):R4	3	0	0	0	3	1	0	0	1	0	0	0	0	0	0	0	0	0	0	0	0	0	4	0	1	0	0	0	1	0	1	0	0	0	1	0	1	0	1	0	0	0	0	0	0	0	0	0	0	0	0	1	0	0	0	0	0	0	1	0	0	0	0	0	1	3	6	0	0	0	1	0	12	1	0	1	0	1	0	0	1	0	0	0	0	0	0	3	0	1	0	0	0	0	1	0	1	0	0	0	2	0	4	0	0	2	1	3	0	0	0	1	1	0	0	0	1	0	0	0	0	0	4	0	0	0	2	0	0	0	1	0	0	0	0	0	1	0	1	19	0	0	0	0	1	0	0	0	1	0	0	0	1	1	1	1	0	1	4	0	3	0	0	1	0	0	1	0	0	0	0	0	0	0	2	0	0	0	1	2	0	3	1	0	0	0	3	2	0	2	0	0	0	0	0	4	0	0	0	0	0	0	2	0	0	0	0	0	1	0	1	1	0	0	0	0	1	0	1	0	0	0	0	2	4	0	1	2	1	1	1	0	1	0	0	2	0	0	1	0	0	0	0	1	0	0	3	0	0	1	0	0	2	0	0	0	0	0	1	0	0	0
Ins(5,):U(3,):R(5,9)	3	0	0	1	3	0	1	0	1	0	0	0	1	0	1	0	0	0	0	0	0	0	8	0	0	0	0	0	0	0	8	0	0	0	0	0	0	0	1	0	0	0	0	0	0	1	0	1	0	0	0	2	0	0	1	0	0	0	0	1	0	0	0	0	0	5	2	0	1	0	0	0	20	0	0	1	1	0	0	0	2	1	1	0	0	1	0	8	2	0	0	0	0	0	0	0	2	0	0	2	7	0	4	0	0	5	0	4	1	0	1	2	0	0	0	0	1	0	0	2	0	0	20	2	0	0	5	0	1	0	0	0	3	0	2	1	0	0	0	114	0	1	0	0	3	0	0	0	1	0	1	0	2	1	14	1	0	0	3	0	0	0	1	7	0	2	0	0	1	0	1	0	0	0	3	2	1	1	5	3	0	1	0	0	0	0	6	2	0	4	1	0	4	1	1	19	0	0	0	5	0	0	0	1	0	0	0	2	0	1	0	0	0	0	1	0	0	0	0	2	1	0	1	8	6	0	0	2	1	1	4	0	2	1	1	6	1	1	1	5	1	0	0	0	1	0	6	0	0	0	0	0	1	0	2	1	1	0	0	0	2	0
Del2:M1	61	4	0	9	57	6	9	4	38	245	27	3	1	56	4	39	14	0	12	4	10	7	20	16	9	0	11	0	8	9	77	0	9	9	130	0	15	0	22	0	15	8	26	15	795	73	1	6	3	0	8	9	9	28	14	6	6	21	3	3	0	0	9	13	5	251	70	10	20	3	9	20	86	6	17	10	1	8	20	26	23	8	5	31	14	34	41	102	11	9	28	7	26	11	18	15	17	6	0	5	179	6	62	20	15	177	7	87	11	17	33	73	11	6	6	6	108	41	9	147	40	5	248	12	4	13	287	53	21	5	24	339	17	4	8	38	4	63	24	152	47	22	2	14	21	12	8	58	11	6	14	16	15	7	52	8	2	23	54	26	36	10	11	280	472	18	12	16	56	145	7	51	21	8	149	9	2	8	192	23	4	17	0	9	16	7	188	68	35	224	17	5	9	14	16	296	21	12	270	122	14	21	16	14	60	1	15	76	2	13	14	18	11	62	4	3	66	22	6	14	5	24	24	232	203	77	11	86	3	51	100	21	97	11	4	206	16	12	9	24	17	3	12	16	18	48	57	32	267	27	23	9	27	6	29	5	15	5	126	12	228	8
Del3:M1	6	1	0	5	12	3	8	0	23	6	12	0	0	8	0	3	2	0	8	1	0	3	0	5	5	0	2	0	2	1	6	0	0	4	18	1	12	0	4	1	2	6	4	10	16	7	1	1	3	0	0	1	3	2	5	0	0	8	8	0	0	0	3	2	9	23	7	4	11	0	1	7	1	2	0	4	4	2	1	10	2	3	1	4	2	5	24	9	3	4	3	4	15	8	1	3	4	4	0	4	10	7	3	10	10	12	0	10	4	3	8	7	3	2	11	1	10	8	2	15	8	1	44	2	0	2	59	64	9	1	9	5	3	2	2	9	1	5	4	23	24	13	7	1	1	3	3	63	1	1	5	5	4	3	2	2	0	6	6	8	17	4	4	65	4	3	4	4	12	0	3	15	7	1	20	2	0	4	20	2	4	6	2	2	6	1	35	12	19	24	6	5	3	8	2	41	15	7	2	15	4	1	8	3	16	2	0	6	1	2	1	6	5	11	0	1	14	18	0	3	9	3	2	36	36	12	3	8	0	7	13	4	11	8	2	20	10	2	2	6	7	3	2	10	11	1	13	6	5	6	11	2	6	3	2	1	2	2	5	4	7	4
Del3:M2	70	2	0	14	67	3	2	1	16	13	23	2	0	141	4	8	3	0	6	3	6	4	17	6	11	0	5	0	6	3	92	0	5	5	222	5	12	0	10	0	14	5	8	5	97	58	1	4	2	0	5	7	8	22	9	7	14	22	8	1	0	0	15	15	15	323	91	8	8	6	4	13	42	5	10	11	5	7	23	3	6	8	7	11	15	33	29	80	11	6	35	9	16	3	16	12	10	4	0	1	227	3	91	7	6	155	5	106	11	18	13	71	8	13	6	5	103	6	2	170	8	1	176	3	3	6	268	47	18	2	11	20	15	5	5	47	5	13	9	73	18	11	2	12	13	2	9	32	6	5	8	14	15	2	29	15	4	20	27	16	32	9	9	191	44	15	6	6	9	12	6	39	6	3	150	16	2	4	144	14	4	8	9	4	8	6	135	69	8	59	5	7	9	8	4	235	10	20	24	89	6	8	5	10	70	5	3	18	1	6	10	15	10	17	4	3	24	12	4	10	13	11	5	196	205	10	4	61	0	83	118	10	61	7	0	118	14	8	4	12	10	4	9	18	9	6	20	2	19	22	17	2	15	11	14	0	4	1	8	4	21	4
Del4:M1	14	1	0	4	9	1	3	3	16	5	12	0	0	32	2	1	4	0	13	1	3	4	4	4	10	0	4	0	0	2	11	0	1	1	31	1	14	0	4	0	3	6	3	8	15	12	0	1	1	0	0	2	3	2	2	1	1	13	3	1	0	0	4	3	18	41	12	3	4	4	2	3	2	4	3	1	3	1	8	6	4	6	2	5	3	4	18	12	2	5	10	8	10	0	1	3	5	1	0	1	32	1	13	11	7	19	1	15	2	3	12	11	1	5	6	4	13	7	3	29	4	2	85	6	2	4	106	49	12	2	10	1	8	0	1	14	4	5	1	33	29	20	4	3	11	4	4	103	3	1	2	4	3	1	15	4	0	10	21	5	16	3	2	100	19	5	7	7	2	5	2	26	5	0	48	3	2	4	85	4	1	6	0	2	7	1	88	17	18	86	9	7	3	7	3	94	12	19	5	26	5	5	10	6	22	0	7	18	0	5	2	3	10	7	1	5	27	14	1	5	7	9	1	61	97	6	0	40	3	9	38	6	20	5	1	90	8	2	4	5	4	3	11	11	3	11	19	2	2	8	13	2	13	3	4	2	1	4	5	10	8	4
Del4:M2	22	2	0	8	27	4	1	4	11	18	18	0	1	80	2	2	1	0	10	3	1	2	8	2	6	0	6	0	6	4	23	0	2	16	75	4	18	0	8	0	12	3	5	11	38	22	2	4	3	0	3	5	3	8	2	3	4	18	8	4	0	1	14	14	15	101	26	4	3	6	3	10	15	10	7	4	4	3	18	4	7	9	2	10	11	20	31	24	7	8	19	9	22	1	4	6	8	6	0	1	63	8	37	5	6	43	2	33	6	14	19	28	5	7	3	3	23	3	2	49	6	0	44	4	1	3	105	41	5	2	4	12	10	1	3	36	5	8	4	26	14	10	5	1	6	3	6	66	2	3	6	3	7	5	14	21	2	8	13	9	43	8	0	67	41	10	6	3	5	3	1	28	4	4	66	4	5	3	54	10	2	8	6	3	10	4	42	26	8	17	4	16	13	8	7	86	6	20	14	37	7	9	11	4	44	2	4	10	4	4	5	7	12	10	1	1	22	14	3	6	10	13	6	72	74	3	4	22	2	18	46	9	27	6	2	54	11	5	3	6	4	3	9	21	3	9	21	1	15	14	19	5	10	7	8	0	1	3	12	4	21	6
Del4:M3	31	4	0	8	32	4	0	6	6	32	27	0	0	90	3	3	5	0	7	1	6	2	8	2	10	0	8	0	6	5	34	0	0	28	82	4	8	0	11	0	11	3	0	6	51	28	2	3	0	0	2	1	1	14	4	3	7	25	9	2	0	0	16	18	15	84	40	3	6	3	1	4	24	6	3	1	1	1	19	10	2	15	4	2	11	16	24	31	5	11	23	6	20	2	7	5	12	6	0	1	81	3	33	4	8	77	2	42	2	8	21	24	7	5	0	3	60	4	4	72	2	1	75	9	1	7	88	14	8	1	7	19	21	2	4	53	1	6	1	27	10	5	3	3	5	3	5	16	2	2	7	8	12	1	19	14	1	16	17	6	26	14	8	66	54	13	4	0	6	6	3	28	4	0	69	4	6	1	48	5	4	11	2	4	6	3	40	30	8	39	2	9	10	10	0	85	6	12	25	36	3	4	9	4	41	1	6	15	0	5	1	4	7	10	3	4	10	4	2	2	6	12	3	75	69	4	1	25	2	34	44	5	23	6	1	38	11	4	4	4	6	1	13	17	11	5	15	3	21	15	22	1	10	3	8	1	3	1	8	0	21	10
Del5:M1	2	1	0	1	2	6	3	0	9	1	6	0	0	4	2	0	1	0	9	3	3	0	3	2	7	0	2	0	1	0	3	0	0	0	1	2	14	0	5	0	4	3	4	11	7	2	1	1	1	0	0	1	1	1	0	0	0	10	6	0	0	0	4	1	3	3	9	5	8	2	1	1	0	3	2	5	3	3	1	7	2	0	0	4	1	2	12	3	0	10	3	7	8	0	2	1	3	2	0	3	5	7	5	10	5	4	2	0	1	0	10	4	3	2	8	3	1	5	0	5	1	1	14	1	0	1	11	72	15	0	4	3	2	1	3	2	2	3	0	10	19	15	5	0	1	8	6	34	2	0	3	4	1	1	5	0	0	4	5	3	15	0	3	23	2	2	3	7	3	1	4	10	5	0	10	3	1	4	15	2	2	7	2	1	5	4	10	4	13	1	12	4	6	5	3	15	15	18	1	4	6	1	3	0	7	1	2	1	1	2	4	4	5	7	2	1	14	24	1	2	3	9	5	14	7	4	2	13	0	4	11	8	6	4	1	10	5	1	2	4	2	1	2	4	8	4	10	5	3	2	11	7	10	2	4	3	1	1	7	4	6	1
Del5:M2	3	1	0	3	1	4	1	2	6	4	5	0	0	11	1	2	2	0	7	1	1	1	0	2	12	0	3	0	3	1	1	0	0	3	10	1	23	0	1	0	1	0	3	5	5	3	1	2	0	0	0	2	0	2	0	0	0	29	6	0	0	0	4	0	12	4	3	6	8	7	1	4	1	4	1	1	0	3	1	2	1	2	1	3	4	0	5	3	1	2	1	4	9	4	2	2	2	2	0	0	2	5	4	1	3	7	0	8	2	2	4	0	2	2	6	0	1	3	0	4	1	0	8	2	1	0	12	42	6	1	5	2	4	1	0	2	2	4	0	3	8	4	1	0	2	2	7	18	2	0	0	3	2	2	3	3	1	2	5	4	45	3	1	10	15	5	1	3	2	2	2	10	2	1	8	2	2	2	11	2	0	1	3	0	5	0	13	0	19	2	8	10	3	1	1	10	7	42	7	3	6	2	3	4	6	1	1	2	1	3	1	0	8	5	1	2	2	15	0	4	7	5	2	11	3	2	0	10	1	4	2	3	1	1	2	2	5	1	0	1	4	4	3	7	3	3	29	3	4	2	5	2	5	6	9	2	2	3	4	3	8	2
Del5:M3	5	0	0	1	6	1	2	0	4	6	8	0	0	5	0	1	2	0	4	0	1	2	1	1	10	0	1	0	0	0	6	0	0	2	5	2	15	0	1	0	3	2	4	2	3	3	2	0	0	0	1	1	1	2	1	0	1	7	1	0	0	0	1	0	10	11	5	3	1	3	0	2	3	1	3	1	3	1	5	1	0	2	0	2	4	2	10	2	0	2	2	9	3	2	4	6	1	2	0	1	10	5	4	3	3	12	1	5	1	5	6	4	1	0	1	1	6	2	0	6	0	0	29	2	0	0	32	11	4	1	7	4	3	0	1	14	2	1	0	9	4	3	2	2	0	1	4	9	2	0	3	6	1	1	1	1	2	3	1	3	19	0	3	30	24	1	1	1	3	0	1	5	4	3	15	2	0	0	13	1	0	4	0	2	7	0	15	5	1	9	3	12	1	1	2	19	2	24	7	13	2	2	0	0	8	2	3	10	0	1	2	1	5	7	1	1	5	3	1	1	7	5	0	22	18	1	1	13	1	1	9	2	11	2	1	16	0	1	2	3	4	0	1	8	2	2	18	1	6	2	8	1	1	4	4	0	4	2	5	2	3	2
Del5:M4	1	0	1	2	4	1	0	1	0	7	8	0	0	9	0	1	1	0	3	0	0	0	1	0	6	0	2	0	1	1	3	0	0	2	7	0	8	0	0	0	2	0	0	1	7	1	0	2	0	0	1	1	1	1	1	1	0	9	3	0	0	1	0	2	4	8	2	2	4	1	0	0	5	1	3	0	1	0	4	3	1	3	1	2	2	2	6	8	0	2	1	1	0	0	1	1	2	1	0	0	11	3	3	2	1	9	1	4	0	4	8	3	3	1	2	0	10	0	0	12	1	0	7	0	0	1	13	8	2	0	3	3	5	0	0	10	4	0	0	9	6	1	0	0	0	0	2	7	0	1	1	0	1	2	5	6	0	6	1	3	17	4	0	14	19	0	1	3	1	2	1	0	1	0	14	0	1	0	1	1	1	3	2	0	3	1	7	4	2	2	0	6	4	3	0	14	0	9	6	2	6	1	1	5	6	1	0	3	0	0	0	0	5	4	0	0	3	0	0	1	5	2	1	16	5	1	1	3	1	2	4	2	2	2	0	5	1	0	2	1	3	1	0	11	3	0	5	3	2	3	5	0	4	2	2	2	2	1	2	0	7	3
Del6:M1	3	2	0	0	0	2	2	0	18	4	4	0	0	2	0	3	2	0	8	0	1	0	1	4	6	0	1	0	1	1	3	0	0	1	0	2	16	0	2	0	1	1	1	6	3	1	0	0	0	0	0	1	1	1	1	0	1	15	0	0	0	0	1	0	14	2	0	1	6	1	0	1	0	2	2	1	0	2	1	1	3	0	1	3	0	0	11	2	4	2	1	4	7	2	1	0	2	1	0	2	1	3	2	3	5	2	0	2	2	4	3	2	2	3	8	1	1	3	1	2	0	0	83	1	1	3	52	64	15	0	8	4	7	4	1	1	2	4	2	12	26	6	6	0	7	2	5	37	0	0	3	7	2	1	7	2	2	5	5	2	23	0	6	109	4	2	2	5	3	3	4	13	0	4	32	2	1	3	52	2	0	4	3	1	6	6	60	12	15	57	9	7	3	5	3	50	13	18	5	24	8	1	2	3	5	1	1	26	4	2	3	3	8	7	0	5	22	15	2	3	8	13	0	62	72	4	3	36	3	1	12	10	14	8	2	49	7	1	3	4	1	3	0	7	5	2	19	5	2	3	6	4	6	1	7	0	2	2	9	3	5	0
Del6:M2	0	0	0	1	3	3	0	0	5	2	7	0	0	1	0	2	1	0	8	1	0	0	1	2	17	0	1	0	1	0	0	0	2	0	1	0	26	0	0	0	0	2	5	2	2	0	0	1	1	0	1	1	1	0	1	0	0	19	7	0	0	0	0	0	30	3	2	2	6	9	0	2	1	8	0	0	8	0	1	1	1	0	2	4	0	3	10	2	0	10	3	11	4	0	1	2	1	2	0	1	2	3	0	2	6	4	0	1	0	3	6	0	2	0	2	1	1	6	1	1	0	1	12	0	1	0	11	33	2	1	9	1	0	1	2	1	2	2	0	2	13	6	1	0	1	0	8	34	0	0	3	2	1	1	2	1	1	1	2	3	43	0	1	8	2	1	1	0	1	1	4	4	3	0	1	1	1	4	10	3	0	2	0	0	12	1	1	0	12	6	6	18	0	3	1	7	8	33	2	2	9	2	3	2	4	0	0	2	2	0	2	5	12	4	0	2	2	12	2	3	13	5	7	6	9	5	3	10	4	0	2	4	3	7	2	4	2	1	0	0	2	0	2	11	1	2	18	0	3	4	7	1	3	2	8	0	3	1	6	2	1	0
Del6:M3	1	0	0	1	0	5	0	0	5	4	4	0	0	1	1	0	2	0	5	1	2	0	0	2	11	0	0	0	0	1	1	0	0	2	5	0	15	0	1	0	0	1	5	1	4	1	0	0	1	0	1	0	1	0	0	0	1	22	3	0	0	0	2	1	17	1	1	3	0	2	0	3	1	3	0	0	3	0	0	0	2	1	0	1	1	0	2	0	0	5	1	5	1	1	2	2	2	1	0	0	0	8	0	1	5	6	1	3	0	0	4	3	0	0	2	0	2	0	0	1	0	0	7	2	1	1	8	16	2	0	5	2	0	0	2	0	0	0	0	0	7	6	0	2	1	1	4	17	0	0	1	0	0	0	1	1	1	1	2	2	40	3	0	18	4	3	1	3	1	0	0	3	3	0	3	0	1	0	6	0	1	0	4	0	5	1	11	1	9	8	2	10	2	3	2	7	1	16	0	5	7	3	0	1	5	0	0	1	0	1	2	2	3	0	1	0	3	2	0	2	9	1	1	6	4	1	0	8	2	0	0	1	7	3	0	7	1	1	0	2	2	0	0	7	4	1	13	2	0	1	2	0	4	0	3	0	4	0	0	0	2	0
Del6:M4	0	0	0	0	0	1	0	0	2	2	1	0	0	3	1	0	0	0	1	0	0	0	1	1	6	0	2	0	0	0	0	0	0	0	4	0	6	0	1	0	0	0	0	1	3	0	0	0	0	0	1	0	0	0	0	0	0	10	2	0	0	0	0	0	14	3	2	1	0	5	0	0	1	0	2	1	1	1	2	0	0	0	0	2	1	3	2	6	0	1	1	5	2	1	1	0	0	1	0	1	1	1	1	1	0	4	0	2	0	0	1	1	2	0	1	1	2	1	0	4	1	0	19	2	0	1	8	10	1	2	0	0	3	0	0	2	1	0	0	19	7	3	1	0	0	3	1	9	0	0	2	5	0	3	2	0	0	1	3	3	20	0	1	27	4	1	1	0	1	2	0	3	1	1	4	0	1	1	6	1	0	3	0	2	3	0	12	1	3	13	3	8	0	0	1	12	0	18	2	7	1	2	0	0	1	0	0	6	0	2	0	0	8	0	1	0	2	4	1	0	5	3	1	6	18	0	1	4	0	0	4	4	3	2	1	10	0	0	1	5	0	0	1	3	0	2	13	0	0	1	4	0	3	3	1	0	1	1	0	2	0	1
Del6:M5	0	0	0	0	0	0	2	0	2	1	2	0	0	0	0	0	0	0	1	0	0	0	0	1	5	0	0	0	1	0	0	0	0	1	2	0	4	0	0	0	2	0	0	0	0	0	0	1	0	0	0	0	0	1	0	0	0	2	1	0	0	0	1	0	4	4	0	0	0	0	0	0	2	1	0	0	0	0	1	1	0	0	0	1	0	1	3	0	0	3	0	1	0	1	0	0	1	1	0	0	1	0	0	0	1	1	0	1	2	0	0	0	2	0	0	1	0	0	0	3	0	0	3	1	0	0	3	5	0	0	4	0	0	0	0	0	3	0	1	3	1	1	0	0	1	0	0	2	0	0	2	0	0	0	2	1	0	0	0	2	15	0	1	9	2	0	1	0	2	0	1	0	1	0	2	0	0	1	1	1	0	0	0	0	2	0	5	0	2	12	1	4	1	1	0	7	0	10	1	0	1	0	0	0	1	0	0	0	0	1	0	2	2	2	0	0	1	3	0	3	2	0	1	3	1	0	0	1	0	0	1	2	1	2	1	0	1	0	1	0	0	0	0	0	1	1	5	0	1	0	1	1	0	1	0	0	0	0	1	1	0	0
Del(7,):M1	13	8	0	29	4	106	38	3	64	41	53	2	1	8	4	15	11	0	58	12	16	8	9	13	121	1	29	0	12	3	10	0	3	3	11	8	176	0	21	0	7	48	34	59	55	9	2	4	8	0	4	5	10	3	7	4	7	351	56	7	0	0	24	1	185	14	13	53	180	34	6	15	16	131	18	11	134	8	5	29	26	3	1	39	4	13	67	16	22	114	8	240	48	11	9	12	20	6	0	10	14	109	4	36	176	22	6	13	13	8	48	12	19	6	22	19	13	18	8	12	5	3	91	15	5	22	104	605	124	14	45	23	34	6	4	3	10	19	6	39	129	76	25	3	14	28	103	169	8	6	20	9	13	16	25	1	7	13	26	37	307	3	15	146	30	13	63	42	45	11	32	58	39	12	27	10	9	46	230	21	4	15	5	10	253	15	81	29	110	75	189	91	21	28	27	93	81	148	14	25	202	13	20	11	58	5	15	34	19	6	26	17	155	55	6	24	50	197	6	27	118	50	30	119	64	35	9	70	13	5	37	58	18	142	12	61	40	11	5	17	43	10	18	107	35	43	156	13	23	28	33	30	44	16	33	4	12	7	54	26	58	4
Del(7,):M2	10	8	1	16	6	78	26	0	37	18	33	1	0	5	6	14	15	0	47	9	6	7	12	21	244	1	24	0	4	9	7	0	5	3	8	6	297	0	39	0	10	32	32	39	51	9	3	2	5	0	7	5	12	1	4	6	7	806	32	5	0	0	19	3	321	11	9	28	109	109	6	19	6	266	17	11	92	6	3	16	18	2	3	29	6	12	52	7	21	161	11	217	35	10	14	13	19	6	1	16	11	184	12	22	137	20	5	14	9	22	27	6	18	7	16	10	2	12	4	4	2	1	14	7	6	10	40	398	87	6	29	26	25	2	11	2	10	16	6	17	88	81	12	10	4	18	258	183	10	4	17	13	6	14	11	0	1	6	12	13	694	3	5	30	22	20	34	31	23	7	28	28	41	10	8	9	10	36	120	16	3	8	10	8	359	12	19	9	68	24	110	234	24	26	21	24	56	333	10	8	193	15	22	10	26	2	9	16	5	4	6	22	222	43	2	8	25	115	6	16	254	39	37	82	9	27	10	40	6	3	20	36	5	135	7	13	23	9	4	21	28	6	9	286	22	32	362	11	23	16	13	15	43	6	63	3	18	3	43	30	27	3
Del(7,):M3	7	5	0	11	6	45	8	0	25	10	15	0	1	0	2	3	4	0	23	2	5	4	5	17	177	0	17	0	7	4	4	1	3	2	2	2	252	0	17	0	7	17	25	17	25	5	2	0	2	0	2	1	12	2	3	0	3	623	27	2	0	0	11	0	247	11	5	13	68	83	4	13	10	194	13	7	71	4	1	7	11	1	1	24	4	13	26	8	8	128	6	136	11	2	4	8	18	5	0	10	2	138	5	12	56	13	7	8	2	13	15	5	8	3	7	9	3	5	1	4	3	1	19	4	2	11	25	185	44	2	10	8	7	0	6	2	1	8	4	16	39	59	6	3	3	13	180	102	8	4	11	2	4	11	13	1	2	8	14	16	600	2	3	29	11	7	11	12	17	5	13	17	40	3	10	7	2	14	78	5	0	10	6	3	267	5	15	6	38	15	41	155	8	16	14	25	31	275	6	9	106	5	13	7	10	2	6	5	3	5	8	9	140	33	2	4	8	59	6	7	183	17	28	45	21	11	6	26	1	5	14	13	7	98	4	17	9	6	2	11	15	4	5	258	13	17	268	8	8	13	6	7	21	6	41	0	11	1	13	10	24	2
Del(7,):M4	1	4	0	7	1	29	6	0	10	3	5	0	0	1	0	4	5	0	13	4	3	1	1	6	98	0	3	0	2	0	2	0	0	0	5	1	138	0	9	0	4	2	8	7	9	2	1	0	2	0	3	3	7	2	2	2	0	323	23	0	0	0	9	0	136	5	6	10	22	59	3	6	2	108	6	1	36	3	0	6	3	0	2	4	0	4	8	3	3	77	5	61	5	6	6	3	12	6	0	6	3	89	4	1	25	5	2	6	2	6	6	0	10	1	4	4	2	2	0	6	0	0	7	3	0	5	19	70	22	1	5	6	8	3	2	2	2	9	1	6	19	24	2	3	3	10	127	39	2	4	3	1	4	10	4	0	3	3	2	16	341	0	2	17	8	9	9	7	4	4	6	5	18	3	4	4	1	6	30	4	0	5	3	1	135	1	4	3	16	9	18	105	2	11	6	9	13	134	2	5	61	5	3	5	6	0	4	3	0	2	0	3	91	16	0	5	5	22	2	4	107	12	11	18	6	6	3	11	1	4	15	7	0	43	1	5	6	1	3	5	7	4	1	135	8	7	167	3	5	4	4	1	11	1	33	1	3	1	12	4	15	1
Del(7,):M5	2	0	0	3	1	14	1	0	9	4	2	0	0	2	0	2	5	0	1	0	2	0	3	0	52	0	3	0	0	3	4	0	0	1	0	0	53	0	11	0	5	4	9	4	8	0	1	1	2	0	1	1	2	0	3	0	0	155	7	0	0	0	3	1	71	6	3	2	8	18	2	2	4	54	0	4	15	1	0	0	5	1	0	3	0	5	3	3	0	47	1	32	4	2	2	1	9	2	0	1	2	26	0	4	14	3	1	6	2	4	1	2	2	2	3	1	3	1	1	3	1	1	3	2	0	0	11	29	18	0	2	3	4	0	1	0	0	5	0	5	1	13	3	1	2	0	54	27	0	0	2	2	1	9	1	1	1	1	1	9	130	1	4	11	2	1	5	7	4	0	2	5	10	1	3	3	2	3	11	8	0	1	1	0	84	0	5	1	7	11	12	49	2	3	2	6	5	71	1	3	28	0	2	1	1	1	0	2	0	3	0	3	43	9	0	0	2	7	1	0	47	6	2	9	3	2	1	9	2	1	7	2	0	25	2	4	5	0	2	5	5	1	1	56	4	3	64	5	3	2	2	0	5	2	16	0	2	2	7	2	3	1
Del(7,):M(6,)	7	3	0	8	5	10	6	0	5	2	2	1	0	1	1	2	3	0	4	0	3	5	5	12	47	0	4	0	7	5	3	3	4	0	6	1	57	0	7	0	6	5	12	1	18	6	3	0	0	0	2	4	2	0	8	1	2	133	10	1	0	0	8	0	60	6	5	5	26	17	4	6	8	64	4	4	12	2	2	0	10	0	1	1	0	4	1	12	8	37	4	27	2	7	1	4	17	7	0	2	4	26	4	3	9	9	3	17	5	5	1	4	1	1	2	2	3	1	2	11	0	3	30	1	1	8	18	17	56	1	2	5	10	0	5	0	4	4	9	35	6	33	3	2	1	11	41	18	4	1	6	8	7	34	14	0	7	7	12	13	155	3	6	75	9	12	9	19	11	4	6	8	12	3	4	6	5	9	30	17	3	2	6	7	58	1	22	8	10	20	38	35	2	10	3	32	6	76	5	6	19	10	8	5	4	1	7	6	2	4	9	6	41	15	2	3	9	10	3	8	52	6	5	35	32	10	11	23	1	2	9	6	10	16	4	11	4	10	7	15	7	2	5	63	4	8	71	6	9	6	4	6	9	3	25	2	6	4	4	3	10	2
Complex(0,1)	0	0	0	0	0	0	0	0	0	0	0	0	0	0	0	0	0	0	0	0	0	0	0	0	0	0	0	0	0	0	0	0	0	0	0	0	0	0	0	0	0	0	0	0	0	0	0	0	0	0	0	0	0	0	0	0	0	0	0	0	0	0	0	0	0	0	0	0	0	0	0	0	0	0	0	0	0	0	0	0	0	0	0	0	0	0	0	0	0	0	0	0	0	0	0	0	0	0	0	0	0	0	0	0	0	0	0	0	0	0	0	0	0	0	0	0	0	0	0	0	0	0	0	0	0	0	0	0	0	0	0	0	0	0	0	0	0	0	0	0	0	0	0	0	0	0	0	0	0	0	0	0	0	0	0	0	0	0	0	0	0	0	0	0	0	0	0	0	0	0	0	0	0	0	0	0	0	0	0	0	0	0	0	0	0	0	0	0	0	0	0	0	0	0	0	0	0	0	0	0	0	0	0	0	0	0	0	0	0	0	0	0	0	0	0	0	0	0	0	0	0	0	0	0	0	0	0	0	0	0	0	0	0	0	0	0	0	0	0	0	0	0	0	0	0	0	0	0	0	0	0	0	0	0	0	0	0	0	0	0	0	0
Complex(2,5)	0	0	0	0	0	0	0	0	0	0	0	0	0	0	0	0	0	0	0	0	0	0	0	0	0	0	0	0	0	0	0	0	0	0	0	0	0	0	0	0	0	0	0	0	0	0	0	0	0	0	0	0	0	0	0	0	0	0	0	0	0	0	0	0	0	0	0	0	0	0	0	0	0	0	0	0	0	0	0	0	0	0	0	0	0	0	0	0	0	0	0	0	0	0	0	0	0	0	0	0	0	0	0	0	0	0	0	0	0	0	0	0	0	0	0	0	0	0	0	0	0	0	0	0	0	0	0	0	0	0	0	0	0	0	0	0	0	0	0	0	0	0	0	0	0	0	0	0	0	0	0	0	0	0	0	0	0	0	0	0	0	0	0	0	0	0	0	0	0	0	0	0	0	0	0	0	0	0	0	0	0	0	0	0	0	0	0	0	0	0	0	0	0	0	0	0	0	0	0	0	0	0	0	0	0	0	0	0	0	0	0	0	0	0	0	0	0	0	0	0	0	0	0	0	0	0	0	0	0	0	0	0	0	0	0	0	0	0	0	0	0	0	0	0	0	0	0	0	0	0	0	0	0	0	0	0	0	0	0	0	0	0
Complex(6,10)	0	0	0	0	0	0	0	0	0	0	0	0	0	0	0	0	0	0	0	0	0	0	0	0	0	0	0	0	0	0	0	0	0	0	0	0	0	0	0	0	0	0	0	0	0	0	0	0	0	0	0	0	0	0	0	0	0	0	0	0	0	0	0	0	0	0	0	0	0	0	0	0	0	0	0	0	0	0	0	0	0	0	0	0	0	0	0	0	0	0	0	0	0	0	0	0	0	0	0	0	0	0	0	0	0	0	0	0	0	0	0	0	0	0	0	0	0	0	0	0	0	0	0	0	0	0	0	0	0	0	0	0	0	0	0	0	0	0	0	0	0	0	0	0	0	0	0	0	0	0	0	0	0	0	0	0	0	0	0	0	0	0	0	0	0	0	0	0	0	0	0	0	0	0	0	0	0	0	0	0	0	0	0	0	0	0	0	0	0	0	0	0	0	0	0	0	0	0	0	0	0	0	0	0	0	0	0	0	0	0	0	0	0	0	0	0	0	0	0	0	0	0	0	0	0	0	0	0	0	0	0	0	0	0	0	0	0	0	0	0	0	0	0	0	0	0	0	0	0	0	0	0	0	0	0	0	0	0	0	0	0	0
Complex(11,20)	0	0	0	0	0	0	0	0	0	0	0	0	0	0	0	0	0	0	0	0	0	0	0	0	0	0	0	0	0	0	0	0	0	0	0	0	0	0	0	0	0	0	0	0	0	0	0	0	0	0	0	0	0	0	0	0	0	0	0	0	0	0	0	0	0	0	0	0	0	0	0	0	0	0	0	0	0	0	0	0	0	0	0	0	0	0	0	0	0	0	0	0	0	0	0	0	0	0	0	0	0	0	0	0	0	0	0	0	0	0	0	0	0	0	0	0	0	0	0	0	0	0	0	0	0	0	0	0	0	0	0	0	0	0	0	0	0	0	0	0	0	0	0	0	0	0	0	0	0	0	0	0	0	0	0	0	0	0	0	0	0	0	0	0	0	0	0	0	0	0	0	0	0	0	0	0	0	0	0	0	0	0	0	0	0	0	0	0	0	0	0	0	0	0	0	0	0	0	0	0	0	0	0	0	0	0	0	0	0	0	0	0	0	0	0	0	0	0	0	0	0	0	0	0	0	0	0	0	0	0	0	0	0	0	0	0	0	0	0	0	0	0	0	0	0	0	0	0	0	0	0	0	0	0	0	0	0	0	0	0	0	0
Complex(21,)	0	0	0	0	0	0	0	0	0	0	0	0	0	0	0	0	0	0	0	0	0	0	0	0	0	0	0	0	0	0	0	0	0	0	0	0	0	0	0	0	0	0	0	0	0	0	0	0	0	0	0	0	0	0	0	0	0	0	0	0	0	0	0	0	0	0	0	0	0	0	0	0	0	0	0	0	0	0	0	0	0	0	0	0	0	0	0	0	0	0	0	0	0	0	0	0	0	0	0	0	0	0	0	0	0	0	0	0	0	0	0	0	0	0	0	0	0	0	0	0	0	0	0	0	0	0	0	0	0	0	0	0	0	0	0	0	0	0	0	0	0	0	0	0	0	0	0	0	0	0	0	0	0	0	0	0	0	0	0	0	0	0	0	0	0	0	0	0	0	0	0	0	0	0	0	0	0	0	0	0	0	0	0	0	0	0	0	0	0	0	0	0	0	0	0	0	0	0	0	0	0	0	0	0	0	0	0	0	0	0	0	0	0	0	0	0	0	0	0	0	0	0	0	0	0	0	0	0	0	0	0	0	0	0	0	0	0	0	0	0	0	0	0	0	0	0	0	0	0	0	0	0	0	0	0	0	0	0	0	0	0	0
