	SP111031	SP56079	SP90989	SP117290	SP114951	SP124439	SP50097	SP23483	SP84982	SP81137	SP103894	SP97194	SP8564	SP77956	SP1132	SP19983	SP62616	SP2293	SP975	SP80754	SP23925	SP29559	SP102617	SP79354	SP81312	SP109957	SP102133	SP125696	SP107371	SP79345	SP107363	SP96116	SP84719	SP48008	SP53810	SP105018	SP5559	SP111038	SP86836	SP116578	SP16886	SP107784	SP116365	SP17172	SP48850	SP112290	SP102035	SP21400	SP93227	SP39298	SP116676	SP123850	SP54113	SP112947	SP114980	SP111113	SP101540	SP96118	SP112907	SP89909	SP112777	SP17905	SP79466	SP111019	SP99297	SP107357	SP99013	SP49114	SP90209	SP57735	SP85130	SP94917	SP121774	SP48189	SP57189	SP6813	SP11948	SP121761	SP82445	SP111119	SP84384	SP95454	SP23639	SP78851	SP107439	SP77131	SP18946	SP8831	SP84743	SP92364	SP78013	SP55235	SP111054	SP111024	SP98845	SP30113	SP33688	SP32742	SP123836	SP102957	SP49651	SP50147	SP49124	SP107012	SP49229	SP107007	SP98953	SP106631	SP5017	SP67609	SP49469	SP94741	SP56638	SP116670	SP10084	SP124401	SP111070	SP107080	SP63546	SP116826	SP125778	SP59400	SP62110	SP82103	SP25494	SP125732	SP49417	SP112985	SP112817	SP21017	SP99313	SP68348	SP124336	SP59803	SP111175	SP107359	SP92659	SP8795	SP78674	SP59448	SP107457	SP99325	SP70106	SP1114	SP78901	SP123975	SP56704	SP53618	SP117710	SP124409	SP29331	SP96126	SP116919	SP124348	SP127638	SP94348	SP102795	SP102973	SP107915	SP84439	SP79243	SP125763	SP98359	SP80615	SP135182	SP79228	SP22031	SP26649	SP19215	SP102045	SP85818	SP23498	SP24135	SP114982	SP116648	SP19295	SP80217	SP111049	SP82796	SP111091	SP102597	SP125807	SP102897	SP2155	SP125809	SP90125	SP2154	SP123846	SP94933	SP110861	SP125689	SP92460	SP11171	SP28659	SP116419	SP116820	SP2147	SP112865	SP117228	SP102090	SP102881	SP114978	SP99197	SP125768	SP99301	SP101654	SP111036	SP125746	SP93540	CPCT02160034T	CPCT02080086T	DRUP01010022T	CPCT02050439T	CPCT02070158T	CPCT02050424T	DRUP01030015T	CPCT02250003T	DRUP01330020T	CPCT02340014T	DRUP01030028T	CPCT02020865T	CPCT02020597TII	DRUP01340014T	CPCT02120078T	CPCT02050252T	CPCT02030278T	CPCT02080153T	CPCT02070336T	CPCT02070053T	CPCT02100089T	CPCT02020413T	CPCT02070357T	CPCT02340081T	CPCT02340022T	CPCT02050117T	CPCT02100101T	CPCT02450014T	CPCT02190019T	WIDE01010510T	CPCT02050376T	CPCT02010605T	DRUP01170001T	DRUP01230001T	CPCT02010441T	DRUP01050003T	CPCT02020815T	CPCT02150052T	CPCT02120032T	CPCT02130170T	CPCT02330059T	CPCT02100092T	CPCT02180068T	CPCT02010447T	CPCT02010523T	CPCT02240008T	DRUP01070038T	CPCT02180025T	CPCT02080088T	WIDE01010470T	CPCT02011102T	CPCT02070373T	CPCT02010373T	CPCT02060291T	WIDE01010214T	CPCT02160021T	CPCT02230039T	CPCT02011036T	CPCT02020436T	CPCT02210004T	CPCT02230098T	CPCT02220071T	CPCT02330076T	CPCT02010576T	WIDE01010075T	WIDE01010218T	CPCT02010408T	CPCT02050089T	CPCT02060054T	CPCT02030265TII	CPCT02130184T	CPCT02170031T	DRUP01080031T	DRUP01020002T	CPCT02310006T	CPCT02160024T	CPCT02230072T	WIDE01010657T	CPCT02030532T	CPCT02070237T	CPCT02080273T	CPCT02060224T	WIDE01010040T	CPCT02020325T	CPCT02070447T	CPCT02070434T	CPCT02200005T	CPCT02040329T	CPCT02100035T	CPCT02070465T	CPCT02110035T	CPCT02010772T	CPCT02140061T	CPCT02330016T	WIDE01010069T	CPCT02290057T	CPCT02030430T	CPCT02100090T	CPCT02140095T	CPCT02011068T	DRUP01050028T	CPCT02020561T	CPCT02220023T	DRUP01070080T	CPCT02060013T	CPCT02050192T	WIDE01010451T	CPCT02020734T	CPCT02040258T	CPCT02210064T	CPCT02050349T	CPCT02050104T	WIDE01010401T	CPCT02020982T	CPCT02080130T	CPCT02050443T	CPCT02450007T	CPCT02080157T	CPCT02020533T	CPCT02060264T	CPCT02010794T	CPCT02020591T	CPCT02040038T	CPCT02020964T	CPCT02070131T	CPCT02070244T	WIDE01010026T	CPCT02010458T	CPCT02040093T	CPCT02050380T	WIDE01010208T	CPCT02011058T	CPCT02030392T	CPCT02010811T	CPCT02050447T	CPCT02230015T	CPCT02010715T	CPCT02080116T	CPCT02450002T	CPCT02010697T	CPCT02030289T	DRUP01010095T	CPCT02340010T	CPCT02010408TII	DRUP01340003T	DRUP01110006T	CPCT02220045T	DRUP01010001T	CPCT02340078T	CPCT02010955T	CPCT02080110T	DRUP01060007T	CPCT02020975T	CPCT02040280TII	CPCT02110024T	CPCT02010598T	WIDE01010443T	CPCT02130146T	CPCT02060041T	CPCT02020789T	CPCT02010648T	CPCT02070394T	CPCT02050170T	CPCT02020330T	CPCT02060225T	CPCT02010635T	WIDE01010556T	WIDE01010618T	CPCT02020599T	CPCT02180001T	CPCT02020428T	CPCT02360007T	CPCT02260008T	DRUP01030018T	CPCT02370012T	DRUP01070059T	CPCT02020872T	CPCT02020476T	CPCT02040169T	CPCT02030277T	CPCT02010867T	CPCT02020914T	DRUP01010018T	CPCT02060050T	CPCT02070353T	CPCT02050315T	CPCT02100044T	CPCT02110011T	CPCT02080048T	CPCT02020559T	CPCT02030356T	CPCT02100091T	CPCT02010639T	CPCT02340058T	WIDE01010596T	CPCT02390002T	CPCT02010585T	CPCT02050149T	CPCT02160027T	CPCT02110041T	CPCT02030451T	CPCT02020968T	DRUP01340015T	CPCT02020802T	DRUP01340013T	WIDE01010016T	CPCT02140091TII	CPCT02010530T	CPCT02140107T	CPCT02220047T	DRUP01220003T	CPCT02011052T	WIDE01010606T	CPCT02070436T	CPCT02060246T	CPCT02080162T	CPCT02090019T	CPCT02140057T	CPCT02080294T	WIDE01010228T	DRUP01070009T	CPCT02230086T	CPCT02070058T	CPCT02010919T	CPCT02010505T	CPCT02150017T	WIDE01010267T	CPCT02040299TII	CPCT02100151T	CPCT02160058T	DRUP01210005T	CPCT02190055T	CPCT02011070T	DRUP01010106T	CPCT02010468T	CPCT02380035T	CPCT02380029T
[Del(C):R1]A	17	97	42	8	9	20	29	0	34	12	24	54	8	7	48	8	16	42	14	6	8	25	9	0	22	10	20	7	6	0	3	7	3	11	459	47	17	11	0	20	20	6	9	28	14	36	8	19	38	45	17	2	231	8	11	22	6	13	9	18	68	74	0	10	0	6	8	34	36	65	14	29	18	7	207	16	8	16	45	22	133	23	13	1	22	6	40	11	30	39	3	183	16	10	21	133	22	7	2	30	9	31	13	50	5	23	14	5	4	15	10	42	53	6	13	51	10	25	8	3	19	13	12	14	43	8	24	0	24	84	8	19	6	16	24	6	14	4	2	20	2	110	10	11	0	5	79	142	14	17	16	6	0	7	7	42	39	26	4	112	0	12	12	40	9	0	7	11	45	23	0	10	29	11	21	9	0	9	11	11	4	8	36	4	5	5	14	2	38	15	12	12	3	32	8	0	20	4	4	11	14	8	23	7	3	14	6	35	60	20	242	90	14	9	96	14	25	303	43	10	26	10	7	65	22	23	73	53	5	9	48	57	4	26	2	33	170	23	6	3	9	5	198	137	41	485	74	22	21	19	9	21	16	17	4	68	26	52	47	11	21	325	27	6	11	34	43	153	170	17	42	231	5	39	16	2	19	26	23	15	7	123	16	7	24	175	94	31	17	236	4	19	4	19	23	33	95	9	15	5	3	7	17	178	5	54	11	31	11	67	12	362	192	31	5	42	6	21	24	152	76	9	13	19	180	19	87	5	3	47	4	12	78	32	15	23	7	12	49	7	26	75	39	10	19	9	27	17	0	120	4	11	4	47	8	40	14	2	22	6	4	7	396	33	13	21	61	29	11	8	44	63	17	36	8	27	6	16	18	2	89	11	390	29	3	151	19	57	38	698	12	360	25	20	11	15	12	81	18	16	65	25	9	11	111	19	6	4	34	9	22	11	7	26	13	31	109	20	12	58	183	192	27	24	37	13	113	6	15	6	137	8	3	3	14	7	59	5	12	26	22	19	182	20	84	175
[Del(C):R1]T	23	47	27	6	8	42	36	0	38	20	38	61	10	2	42	19	57	40	24	8	13	18	22	0	72	22	27	9	14	0	5	11	11	4	241	135	19	34	0	17	56	11	14	51	34	21	20	42	76	49	38	2	146	4	12	43	6	7	10	13	11	321	0	11	0	4	17	36	57	64	23	34	40	3	151	17	10	34	78	43	45	10	21	9	21	9	100	32	29	29	3	124	22	14	18	106	37	17	1	25	13	17	14	18	11	20	22	5	5	35	18	25	50	14	45	87	17	15	30	2	36	15	28	10	110	9	15	0	16	67	8	34	14	23	59	7	28	12	2	32	2	84	15	10	2	5	54	100	11	41	28	18	0	8	20	28	37	32	14	45	0	20	11	194	17	0	9	12	27	52	0	28	30	11	33	24	0	24	14	18	0	15	40	25	5	24	25	2	38	21	18	9	17	41	9	2	29	9	3	18	13	9	54	7	1	29	16	31	50	26	127	105	15	10	164	26	19	285	76	5	35	11	5	102	27	30	84	63	5	6	52	192	4	29	5	41	124	17	15	2	22	102	618	84	71	274	118	31	27	54	20	70	21	10	27	68	74	31	176	8	37	192	28	15	18	68	37	70	115	12	21	177	9	25	18	8	19	23	31	14	9	99	35	5	30	626	55	56	38	217	14	21	10	12	52	24	49	5	43	3	10	15	14	139	6	50	16	42	19	53	13	232	151	24	2	52	4	60	15	71	155	21	18	34	123	33	71	15	11	63	2	25	71	40	29	26	13	19	60	14	67	54	47	7	15	9	47	31	6	55	5	7	9	70	16	91	19	4	48	8	2	11	191	48	9	24	109	63	29	21	98	46	15	40	2	32	10	16	34	5	84	16	305	52	7	93	34	44	69	469	11	279	50	26	11	25	10	189	16	21	33	36	14	19	61	20	10	1	43	16	36	13	11	35	17	47	123	52	26	68	124	156	102	21	213	38	185	12	26	13	129	24	2	3	24	18	66	21	41	43	40	22	133	35	66	142
[Del(C):R2]A	14	142	6	6	3	17	61	0	20	10	16	41	4	0	55	5	11	10	2	4	11	20	2	0	81	4	9	5	7	0	4	9	3	4	462	28	6	10	0	12	51	6	1	13	5	65	7	51	127	19	4	4	347	4	4	11	2	5	6	5	5	247	0	5	0	4	6	32	56	135	4	21	5	0	372	7	3	7	16	9	68	9	6	3	0	3	109	4	11	19	2	242	6	1	23	294	7	6	3	60	4	48	9	40	8	28	20	13	4	11	10	25	100	2	3	18	6	20	7	0	22	5	3	4	22	3	16	0	16	29	4	13	5	9	7	2	14	8	3	15	2	81	1	29	0	3	187	198	9	14	6	4	0	2	9	16	18	22	2	64	0	8	14	107	4	0	14	3	22	20	0	13	19	5	6	23	0	9	4	7	2	2	29	10	3	2	11	4	12	7	14	6	4	15	2	1	7	3	0	9	8	5	19	2	0	5	7	14	25	2	333	38	9	7	50	12	14	156	28	6	33	15	1	66	13	6	21	48	0	6	39	22	1	42	1	11	42	11	7	2	7	5	93	38	9	594	30	8	9	10	2	14	7	19	12	32	12	70	149	4	25	499	8	7	8	13	45	23	34	3	14	85	2	12	8	6	10	57	2	28	7	48	7	1	18	85	137	22	14	81	2	19	5	7	13	9	182	4	13	1	2	2	5	72	3	18	5	25	2	22	9	508	90	22	3	21	1	18	11	190	57	7	11	13	52	8	30	3	4	28	4	9	119	17	28	11	4	12	16	4	25	30	49	4	14	4	17	7	3	22	6	5	4	33	11	10	10	1	11	8	3	8	525	15	9	16	24	17	10	1	62	23	11	16	6	20	3	5	4	2	32	6	97	19	3	381	13	37	20	943	6	112	27	4	9	3	6	63	8	11	26	11	6	7	219	18	6	2	24	14	20	3	2	12	7	16	81	22	6	16	347	48	18	17	13	13	142	8	6	9	28	7	2	3	14	6	58	2	11	12	25	14	228	10	28	47
[Del(C):R2]T	10	84	16	6	10	18	69	0	23	6	10	46	5	3	69	4	17	13	5	8	11	16	6	0	20	12	6	5	8	0	0	2	1	4	315	70	9	15	0	10	11	7	8	21	13	24	5	20	52	37	6	1	231	4	4	16	3	1	7	8	4	82	0	9	0	3	10	38	32	79	12	14	12	2	232	4	6	23	31	18	72	11	16	4	0	7	35	17	16	17	1	158	19	8	19	206	10	6	1	54	7	13	14	28	3	20	16	9	5	13	7	26	64	8	24	33	13	18	16	2	23	16	9	4	45	5	10	0	5	54	5	8	6	18	17	2	7	6	1	12	1	92	5	22	0	3	111	104	8	24	14	8	0	1	11	28	28	27	2	56	0	7	9	48	14	0	4	8	26	20	0	9	30	5	20	8	0	13	6	7	2	4	43	9	3	8	17	3	26	6	6	11	12	15	4	1	15	9	4	9	10	4	19	7	1	9	8	15	32	12	199	48	6	6	113	12	11	118	43	4	43	3	6	79	19	17	17	104	3	4	41	57	0	10	4	13	91	14	5	0	5	22	201	47	26	365	63	10	20	12	5	35	17	8	11	22	24	46	44	9	28	303	15	10	14	33	36	15	42	3	13	76	2	14	9	6	4	27	16	13	10	40	14	2	26	194	85	23	12	75	4	20	2	4	21	10	102	6	18	4	1	8	12	79	4	29	15	33	7	23	6	339	78	23	3	22	3	21	8	116	48	11	14	18	38	10	28	8	11	42	4	11	80	17	30	11	4	6	24	0	32	29	39	7	17	6	36	8	3	17	3	9	5	38	8	43	9	2	21	9	0	7	297	18	12	7	43	44	19	6	73	9	12	25	6	22	10	9	13	2	45	9	97	36	5	284	19	38	32	560	8	78	32	7	4	8	2	65	4	16	29	10	10	6	123	17	6	2	14	8	17	5	6	15	8	15	82	27	9	25	177	44	28	16	40	26	91	2	8	3	26	11	2	1	4	7	49	9	16	20	27	8	150	19	28	41
[Del(C):R3]A	3	153	17	1	1	2	45	0	34	3	5	29	2	2	32	7	5	2	3	4	8	7	4	0	31	2	7	3	4	0	1	1	3	1	541	27	1	9	0	5	17	4	1	7	4	40	2	11	115	26	9	3	346	3	6	8	0	10	4	10	3	79	0	2	0	2	2	32	56	98	7	25	6	2	391	10	5	6	14	6	99	12	3	5	1	2	29	12	9	14	4	269	7	1	26	266	7	1	1	25	4	30	13	49	4	23	18	9	1	11	5	29	112	3	5	16	4	7	5	1	7	4	3	4	12	2	8	0	10	63	3	9	5	4	9	1	6	5	0	5	2	139	4	34	0	2	175	186	6	11	2	2	0	0	2	29	22	24	2	117	0	6	7	33	5	0	0	1	50	8	0	6	13	3	5	3	0	4	2	2	1	3	28	22	3	5	15	2	11	5	6	12	1	14	3	1	5	0	0	4	6	3	23	1	3	3	5	31	39	7	321	37	3	7	28	8	5	158	12	6	17	1	1	19	3	9	6	41	1	2	30	14	1	13	2	3	32	9	2	0	5	4	64	47	7	615	38	13	9	16	2	9	3	4	7	17	14	55	53	6	12	502	5	3	8	9	35	8	54	2	3	126	1	13	3	3	4	41	5	19	7	37	3	2	15	65	152	10	13	66	3	9	3	1	13	13	171	0	10	0	1	4	3	103	1	12	6	17	3	48	3	531	102	12	3	12	2	11	5	197	25	4	4	9	47	9	27	3	0	10	2	4	109	16	18	14	1	3	12	3	11	10	63	4	11	1	7	4	3	8	0	3	3	11	4	13	3	0	6	9	2	5	583	11	2	4	30	5	3	1	36	19	8	5	9	14	2	6	4	0	45	2	109	16	3	504	11	20	17	854	3	119	15	3	7	7	0	73	6	10	23	6	3	3	208	14	2	0	11	9	9	6	5	10	2	6	82	13	3	9	255	51	24	6	18	19	123	2	3	4	42	1	2	0	2	1	56	4	9	11	15	2	236	10	41	44
[Del(C):R3]T	6	51	28	6	2	9	22	0	32	5	10	32	2	0	19	5	2	3	3	0	2	15	1	0	21	1	5	3	2	0	0	1	2	1	223	19	5	5	0	7	9	1	1	23	4	19	6	13	65	24	3	2	161	3	2	5	2	5	4	10	1	48	0	1	0	1	4	19	39	44	5	25	5	2	159	2	5	3	9	4	71	18	3	1	0	5	14	8	8	27	5	125	3	0	20	137	6	3	0	28	1	12	6	30	2	12	6	5	4	8	3	34	38	0	1	17	2	7	3	2	11	4	4	0	13	4	5	0	3	57	3	3	2	3	4	1	10	3	2	9	0	103	2	12	0	4	91	70	4	5	2	2	0	0	4	37	22	17	1	91	0	5	6	26	1	0	1	6	54	9	0	3	6	2	6	2	0	5	3	0	1	3	25	7	1	5	6	3	16	1	3	10	1	22	1	0	8	1	0	0	8	4	4	3	0	2	3	21	43	5	113	37	4	2	23	6	10	135	12	4	20	2	4	17	6	3	7	37	2	2	17	16	0	9	4	7	44	5	3	0	2	3	65	41	13	284	28	5	5	5	3	6	7	2	6	19	11	19	23	2	11	214	4	5	4	10	20	4	50	3	12	81	1	9	2	4	5	19	3	6	2	42	6	4	14	57	57	22	9	79	0	6	1	4	7	10	77	2	6	1	1	3	6	76	1	13	3	28	2	36	1	218	99	10	0	10	0	2	5	104	15	2	3	9	63	2	25	3	5	13	2	4	40	17	13	3	3	2	4	2	17	16	32	0	5	2	10	1	2	10	2	2	5	12	1	6	4	1	3	3	1	2	217	7	3	3	23	6	4	0	19	9	11	8	5	8	2	7	4	1	46	6	112	7	3	220	9	22	12	404	3	98	12	4	2	6	4	36	4	11	8	3	3	5	91	12	1	1	6	2	6	1	1	10	1	10	47	7	3	8	142	50	16	14	21	4	48	1	2	1	24	7	1	0	2	3	22	5	0	15	14	3	90	2	20	41
[Del(C):R(4,5)]A	12	81	274	3	5	2	42	0	421	4	8	10	2	0	13	7	8	3	4	5	4	5	4	0	61	2	19	4	6	0	1	2	13	4	265	14	3	10	0	4	16	2	0	135	2	31	4	24	722	19	10	2	178	2	4	15	3	130	3	126	2	92	0	5	0	2	8	24	597	79	7	222	4	3	221	3	2	3	10	18	1220	235	6	5	0	1	65	7	20	297	4	150	11	8	106	175	6	5	1	19	2	26	11	265	3	19	7	15	2	6	10	415	49	9	10	28	4	13	5	0	12	6	2	3	23	44	15	0	16	972	5	8	0	3	18	1	7	3	0	15	0	1240	2	39	0	4	111	102	3	9	5	15	0	2	9	425	13	15	3	1546	0	3	9	56	10	0	8	2	637	12	0	9	12	5	17	11	0	6	4	3	0	5	114	7	1	3	3	0	137	8	10	123	1	7	1	0	5	4	3	4	6	3	10	4	13	1	2	354	732	6	188	393	4	2	32	8	3	1824	9	15	14	4	0	9	16	7	7	30	2	3	24	12	1	17	3	9	158	4	10	1	4	0	277	476	22	333	26	149	7	12	1	27	3	9	1	84	11	32	87	3	10	271	9	7	6	19	22	9	528	7	60	1080	1	174	7	0	23	27	1	14	2	460	10	2	6	256	97	38	8	729	1	7	3	3	11	72	99	3	15	4	0	7	4	809	3	46	2	17	3	436	3	305	1140	8	0	20	3	5	6	91	21	3	6	10	394	4	163	5	2	11	4	3	58	126	8	6	1	4	15	6	16	113	37	5	3	1	8	4	0	9	1	3	1	10	3	17	2	1	14	6	0	2	303	6	3	10	58	15	8	8	27	112	15	7	2	12	2	9	12	3	345	2	1394	18	1	233	19	58	10	469	2	1179	10	5	3	12	3	244	5	5	23	5	9	6	142	10	2	0	9	6	16	2	4	9	4	39	55	6	3	6	222	540	11	13	62	7	61	7	5	5	272	1	2	1	5	4	44	3	8	17	17	12	117	5	180	471
[Del(C):R(4,5)]T	8	26	259	3	3	3	25	0	368	1	11	17	3	0	14	3	7	1	4	2	2	7	1	0	29	1	18	1	5	0	1	1	7	2	136	22	4	9	0	7	9	3	1	138	3	19	3	13	558	18	3	0	111	1	4	10	2	107	3	135	0	58	0	0	1	2	2	18	470	56	3	171	2	1	85	3	3	5	8	12	1338	218	2	0	0	2	23	5	10	333	3	83	4	4	100	81	5	1	0	28	7	14	4	246	2	15	5	1	1	4	4	434	27	4	2	17	4	7	5	0	3	3	5	2	22	43	8	0	8	796	3	7	2	5	7	2	4	2	2	7	1	1054	1	16	1	5	76	56	3	8	1	8	0	0	5	427	12	9	0	1205	0	2	4	30	7	0	2	1	570	5	0	5	9	2	7	5	0	3	3	1	0	0	133	7	3	3	7	0	135	4	5	148	2	4	2	0	0	3	1	4	5	3	11	3	18	4	4	346	719	6	100	358	0	4	21	6	5	1223	6	9	11	2	1	8	6	12	1	21	1	0	12	18	1	8	2	11	233	2	1	3	2	2	233	525	16	182	17	56	7	12	1	14	6	1	5	91	5	10	42	2	11	149	3	2	8	12	11	2	490	6	62	831	1	189	4	2	14	24	2	6	5	398	4	1	8	255	68	25	4	539	2	3	0	3	7	92	49	0	3	2	0	8	4	926	0	52	2	13	4	327	1	148	1064	6	1	11	3	6	8	66	15	6	4	7	439	4	160	6	2	9	2	2	29	147	11	6	4	5	6	2	17	82	29	1	4	1	11	3	2	6	3	3	2	7	1	4	3	1	8	5	2	3	153	6	3	4	47	9	2	3	15	88	9	6	3	4	2	2	1	1	289	3	1418	11	5	133	9	59	12	250	1	971	15	2	3	3	1	188	6	8	19	3	0	4	78	3	1	0	7	1	11	3	2	5	8	32	33	12	5	4	113	430	9	13	31	8	35	3	6	3	230	5	1	0	3	3	30	1	6	7	10	4	76	3	168	491
[Del(C):R(1,5)]G	8	69	131	4	4	11	23	0	137	4	18	26	8	1	26	0	10	8	9	0	6	9	3	0	26	5	7	2	4	0	2	3	9	3	272	18	3	8	0	1	5	1	3	53	2	18	3	12	195	19	4	1	229	2	4	2	5	31	6	70	1	43	0	1	1	0	3	18	163	61	4	61	7	3	205	2	6	4	19	10	486	91	5	3	0	2	17	10	10	156	1	154	1	10	46	174	2	5	2	17	3	18	7	71	2	11	8	9	0	6	9	183	53	1	6	17	10	8	3	0	8	1	7	3	12	16	9	0	2	299	5	9	4	4	5	2	2	1	1	5	1	396	1	20	0	0	100	97	6	18	1	2	0	1	0	155	17	18	0	509	0	3	7	29	3	0	3	1	199	10	0	6	6	2	4	2	0	4	3	4	0	2	54	2	1	6	5	1	44	6	8	53	4	8	3	0	3	4	2	3	7	4	12	4	7	4	1	123	281	6	168	141	2	1	48	11	10	827	6	5	17	3	2	15	4	10	6	29	5	3	25	20	1	6	2	6	115	16	7	6	7	1	157	212	14	347	23	46	3	5	2	5	7	3	8	29	8	29	16	4	20	297	20	2	4	10	26	7	199	3	57	453	3	50	3	7	13	30	2	14	1	178	7	3	14	151	90	18	10	300	2	6	1	5	8	40	94	6	7	1	1	4	4	310	2	20	3	21	5	148	5	255	400	15	0	9	0	10	6	117	16	7	5	10	158	0	97	4	3	21	3	3	66	56	18	11	4	11	12	3	12	77	27	3	7	2	20	2	0	9	1	3	6	6	3	11	9	2	9	5	3	4	261	16	2	4	31	18	7	2	19	56	12	8	3	10	3	8	3	1	156	8	558	17	5	289	11	33	13	475	7	427	10	3	3	5	4	81	9	7	45	6	4	6	108	7	1	0	10	8	9	8	7	8	5	22	53	16	6	16	193	205	21	10	26	10	89	1	6	2	112	4	3	1	4	4	45	2	5	12	14	9	101	7	114	271
Del(C):R(6,9)	32	38	1369	5	5	1	10	0	1764	4	15	2	3	2	5	13	5	5	6	4	15	2	0	0	83	4	129	5	3	0	6	4	39	2	83	6	5	34	1	4	20	9	4	965	3	8	5	45	2366	6	7	0	57	2	4	24	1	430	1	576	1	71	0	3	0	2	3	7	3129	37	14	694	4	6	93	5	4	2	5	35	5268	1114	9	3	0	6	100	5	24	1576	6	61	16	16	400	76	4	4	0	4	2	3	2	884	0	8	4	3	9	4	3	2005	22	6	4	5	8	3	4	0	3	11	1	10	14	183	5	0	9	3715	2	2	1	4	30	3	11	4	1	25	3	4401	4	11	3	42	47	32	2	4	6	23	0	1	9	2105	3	5	2	4713	0	3	4	64	36	0	6	8	2265	6	0	9	3	4	31	18	0	13	2	5	0	7	455	1	3	2	2	1	895	10	6	575	1	6	2	1	2	4	0	2	1	5	5	6	45	6	12	1814	3768	66	73	2194	11	7	15	12	0	5503	5	16	3	4	4	11	32	3	8	14	0	12	1	12	2	44	3	116	1821	6	13	2	19	1	1639	2427	105	127	36	342	8	37	10	37	8	4	6	727	3	10	145	8	16	112	2	11	10	42	24	10	2291	59	489	3815	4	789	28	5	56	15	2	5	12	2453	7	3	2	1637	42	176	21	4071	2	3	1	6	5	614	38	1	9	4	4	23	17	5241	7	432	7	6	3	2177	24	108	5232	12	1	89	4	13	61	41	17	3	2	24	2455	5	1078	6	3	4	1	4	30	714	4	15	2	10	47	13	12	962	20	5	2	1	8	11	2	22	2	12	5	6	4	9	2	0	17	8	1	8	147	17	26	35	427	10	2	4	18	715	4	16	6	40	6	9	32	2	1565	5	7921	17	2	79	41	271	27	170	1	6117	4	12	2	21	14	983	6	2	19	11	4	13	54	7	2	0	10	1	8	2	13	26	9	240	19	12	6	7	67	3925	9	13	243	4	27	1	19	7	1187	3	0	0	2	2	23	10	15	8	5	7	49	13	1012	3173
A[Del(T):R(1,4)]A	35	16	163	14	7	248	25	0	177	35	173	107	9	4	9	17	21	2	12	103	10	30	5	0	147	3	55	6	7	0	4	6	5	1	111	62	9	26	0	19	105	11	7	149	15	29	8	132	3195	105	26	3	56	7	11	43	4	54	11	69	18	1170	0	7	0	4	18	38	1631	26	19	98	10	3	82	5	9	11	347	29	321	104	11	0	17	6	379	14	36	222	8	54	26	22	38	65	11	6	2	117	10	31	26	124	2	23	21	15	9	18	16	196	32	12	22	470	18	11	19	0	25	16	15	28	52	25	18	0	51	434	18	18	3	10	62	8	75	10	1	28	2	541	8	11	1	14	40	38	9	190	9	24	0	2	11	160	85	97	6	442	0	18	19	396	29	0	41	6	289	19	0	23	32	10	27	46	0	16	44	16	1	11	121	16	8	9	13	4	185	15	16	59	9	29	4	0	22	9	3	6	20	9	30	12	10	12	9	189	319	91	69	188	20	11	966	10	36	581	36	11	72	13	5	19	40	14	10	104	408	8	68	58	4	161	8	40	320	18	20	14	20	7	492	275	155	132	99	45	17	38	13	57	13	24	13	99	25	29	660	12	31	111	244	11	452	57	28	14	205	15	71	517	73	79	28	7	40	28	5	30	13	249	18	6	52	492	44	243	19	444	8	24	6	4	23	50	36	8	28	5	129	12	13	490	6	77	11	84	7	228	13	102	749	34	8	72	4	41	42	44	51	11	9	16	354	10	158	9	9	185	3	14	40	72	50	21	10	8	51	4	31	107	20	4	27	8	260	18	2	17	6	14	6	40	8	50	21	2	32	14	3	15	113	89	26	35	109	288	122	16	14	70	22	28	12	36	3	16	29	7	216	20	835	39	6	74	44	73	65	185	89	707	56	14	14	31	16	253	6	38	67	18	6	23	50	30	3	3	27	22	35	8	15	40	13	30	54	15	12	20	72	535	44	28	61	17	69	6	25	8	138	9	5	4	16	11	35	11	19	32	50	15	41	14	166	384
A[Del(T):R(1,4)]C	11	10	79	2	9	11	20	0	107	15	9	98	4	2	4	12	6	2	11	70	7	13	2	0	159	5	23	5	5	0	2	3	6	4	14	24	11	23	0	12	78	8	3	78	5	24	4	97	1411	83	15	3	19	4	9	35	2	35	3	30	4	934	0	6	0	1	9	12	581	17	9	45	8	3	21	2	4	4	12	16	221	32	4	2	4	1	272	11	22	131	3	21	16	16	30	20	9	3	0	37	11	17	21	67	3	21	15	8	2	9	9	73	9	7	7	26	6	11	5	0	8	11	4	6	36	32	12	1	14	191	9	6	9	7	43	2	44	3	1	15	1	280	4	6	0	4	12	15	8	8	6	14	0	4	7	78	58	41	2	257	0	5	17	259	15	0	26	3	195	14	0	10	15	7	16	19	0	7	5	11	1	1	77	8	4	6	10	2	82	11	9	20	6	11	3	0	9	3	0	7	16	8	17	12	9	7	6	68	142	27	16	80	13	6	49	5	17	563	20	4	72	5	0	11	13	5	1	40	295	1	40	23	2	99	2	14	113	4	9	3	9	1	88	134	77	27	36	28	11	24	4	10	7	5	9	39	8	12	415	4	27	25	8	5	325	22	14	4	88	7	21	377	58	56	6	3	21	26	2	17	8	95	7	0	38	101	15	132	11	134	3	16	2	8	14	13	13	6	15	2	1	1	12	168	1	27	4	58	5	86	6	30	311	18	2	12	2	15	9	15	24	8	6	14	135	8	70	6	3	16	3	2	25	26	33	13	1	9	19	4	21	37	13	1	19	3	10	5	0	11	1	3	3	22	5	13	16	2	15	8	3	6	18	12	4	13	61	14	6	1	14	33	13	12	6	21	3	8	10	1	102	6	287	19	2	18	11	44	27	37	5	212	35	2	3	15	2	103	7	37	20	4	6	9	15	14	3	0	10	17	18	3	9	12	12	18	39	6	8	4	20	200	20	14	10	8	20	2	9	4	64	3	1	2	7	2	13	3	13	20	49	2	14	7	43	141
A[Del(T):R(1,4)]G	9	14	77	8	6	9	13	0	99	11	19	79	3	1	8	11	17	0	8	46	5	23	2	0	49	1	13	4	4	0	2	7	5	3	65	38	4	6	0	10	35	3	3	69	3	21	4	48	1247	70	8	1	47	5	7	25	5	37	8	32	4	540	0	8	0	3	9	21	483	18	7	23	9	3	56	5	3	8	24	20	178	38	10	6	9	3	145	6	12	101	4	36	16	5	17	51	2	5	1	59	5	13	12	70	5	17	8	7	3	9	8	83	20	5	13	26	7	11	7	0	13	8	6	8	42	30	18	0	12	167	6	12	7	7	22	1	16	3	0	9	1	251	2	5	0	6	32	27	9	18	5	5	0	2	9	71	56	54	0	215	0	3	9	145	16	1	16	3	163	14	0	9	19	5	6	14	0	9	6	13	3	6	61	6	2	4	12	0	58	5	9	26	3	28	2	1	11	1	1	8	13	5	23	4	2	4	5	74	149	19	45	68	4	7	43	2	8	238	17	6	53	7	6	3	16	8	3	60	130	3	54	21	0	49	3	3	114	5	8	4	6	5	77	126	41	93	52	24	5	14	6	15	14	11	6	55	12	15	211	7	32	67	10	8	163	26	15	7	100	5	25	196	26	53	7	2	12	20	3	22	6	99	10	4	36	75	33	69	10	99	6	13	4	6	16	26	18	3	13	4	4	9	3	188	3	24	10	56	4	77	4	68	310	17	2	10	2	14	4	22	24	8	2	14	121	4	61	5	5	15	1	5	31	48	34	15	3	4	18	3	21	30	16	2	18	2	19	5	3	14	2	7	1	16	5	12	6	1	12	4	0	6	59	15	7	14	35	10	12	3	8	25	13	16	5	19	0	9	14	2	93	4	360	13	3	39	16	36	27	121	3	222	36	7	1	11	4	79	13	18	23	6	4	9	32	13	7	0	8	11	21	2	6	15	10	11	39	9	12	16	49	166	12	15	23	10	33	2	10	7	38	5	0	1	5	6	11	1	15	9	34	7	34	8	55	148
C[Del(T):R(1,4)]A	12	37	114	4	3	60	21	0	142	12	43	59	3	3	8	11	13	1	19	3	5	13	6	1	15	1	15	6	4	0	1	6	5	3	160	32	13	15	0	13	8	2	3	66	14	20	4	10	703	46	25	3	87	3	8	34	4	26	13	30	4	132	0	7	1	2	7	30	334	44	9	53	9	1	107	1	4	12	103	18	214	61	7	3	8	7	46	13	38	198	5	72	16	12	36	77	5	8	3	66	7	16	27	69	6	16	3	9	3	14	15	122	33	6	22	129	13	8	11	3	26	7	10	7	34	31	13	2	44	223	14	13	8	7	34	1	13	8	1	11	0	328	8	16	0	6	31	54	10	46	8	7	0	2	14	77	33	61	5	329	0	6	7	60	17	0	2	8	250	13	0	13	18	7	13	18	0	3	16	5	2	11	56	10	1	5	13	2	63	9	8	26	7	27	2	1	12	2	1	10	10	7	34	13	9	10	7	81	155	13	89	91	8	7	233	6	23	308	16	2	33	9	5	10	26	13	6	51	7	5	32	27	1	11	6	18	127	7	5	1	5	2	129	159	25	154	57	22	16	16	4	26	9	6	15	46	20	22	62	6	20	137	53	7	12	39	28	8	91	1	30	259	1	62	6	4	21	26	8	21	8	163	11	3	17	138	50	27	7	130	3	18	6	8	12	22	45	3	11	3	34	7	9	234	5	26	3	27	9	110	6	137	393	23	1	22	0	29	14	50	40	8	6	13	131	7	73	6	3	49	2	7	44	46	24	18	5	4	24	2	28	21	20	2	17	3	68	9	4	14	6	4	3	16	4	28	11	0	19	7	0	5	134	23	7	8	54	69	33	7	22	28	8	9	3	18	6	4	10	2	126	3	353	26	3	96	18	35	29	250	29	291	25	5	7	5	2	111	3	16	85	9	6	6	56	12	5	2	12	15	15	3	7	12	6	9	59	14	11	14	98	196	31	16	17	12	51	3	16	11	62	8	1	0	6	10	31	4	7	26	27	9	73	5	74	218
C[Del(T):R(1,4)]C	11	24	147	3	6	5	23	1	178	12	23	59	5	1	6	9	11	3	9	1	8	18	2	0	20	2	23	6	6	0	1	5	13	2	83	37	6	15	0	6	7	0	5	84	7	18	10	17	430	47	13	2	54	4	12	36	4	40	7	61	9	126	0	14	0	4	8	27	261	24	8	50	5	3	46	2	6	8	22	17	296	61	2	1	4	3	33	15	13	221	3	47	18	12	41	41	3	7	5	22	3	14	32	86	6	14	8	5	2	13	4	129	20	9	8	28	3	11	4	0	12	4	7	5	35	49	10	0	23	265	4	6	2	8	25	0	4	6	0	9	0	353	4	6	0	7	28	32	9	10	9	8	0	1	4	101	35	30	1	380	0	3	5	52	14	0	2	7	327	20	0	4	20	12	9	8	0	12	7	12	0	3	69	4	1	3	9	3	84	9	4	43	6	21	2	2	8	1	4	6	14	12	35	10	11	5	7	96	195	8	46	116	16	6	51	6	12	600	26	5	45	7	6	8	15	7	7	52	8	5	51	38	0	27	3	7	124	14	5	4	10	1	98	198	25	99	34	40	10	26	2	21	14	5	14	56	14	15	56	9	26	68	12	6	11	60	27	4	148	6	44	424	3	69	10	3	10	19	0	18	8	182	7	6	30	97	31	48	8	179	6	14	5	3	11	31	29	4	19	4	7	7	11	272	1	23	5	45	6	134	5	80	460	13	4	16	4	30	19	35	52	10	6	17	181	7	82	1	3	14	4	3	27	69	23	8	8	12	21	5	22	34	14	5	19	3	17	4	1	20	4	8	3	23	9	15	6	1	21	9	2	11	76	18	9	8	58	14	13	7	19	35	12	19	6	26	6	8	15	2	122	4	508	22	6	61	8	47	28	122	6	357	32	10	2	12	6	158	13	18	28	11	5	6	26	8	3	2	9	10	23	4	3	27	20	23	45	11	10	10	68	241	15	17	17	15	50	4	11	2	104	9	2	4	5	7	32	1	13	14	21	8	33	10	61	252
C[Del(T):R(1,4)]G	12	32	97	2	7	5	32	1	125	6	15	56	6	3	9	8	16	2	9	2	5	17	2	1	8	3	19	5	7	0	1	2	5	5	154	45	6	9	0	15	4	6	6	45	8	23	10	13	380	37	15	2	103	11	11	26	2	28	6	36	2	56	0	7	0	3	7	28	184	39	7	50	11	1	97	4	3	7	13	21	185	58	4	2	1	1	16	10	21	150	2	86	12	13	28	99	1	4	2	39	11	26	18	60	8	18	16	11	4	13	10	92	34	7	9	24	9	11	8	2	13	4	7	4	29	23	14	0	17	186	8	11	5	8	43	3	5	9	3	11	0	270	6	10	0	3	56	57	10	16	6	5	0	2	3	92	44	32	1	284	0	6	8	32	15	0	2	4	249	22	0	18	30	11	10	7	0	9	10	5	2	4	46	8	3	5	12	1	47	6	14	39	5	17	4	1	12	3	1	2	12	11	29	6	4	12	7	72	159	6	82	73	15	6	28	5	16	228	12	7	39	1	4	8	13	13	10	52	2	0	46	38	1	4	8	18	58	11	11	1	3	5	60	142	16	219	55	21	13	10	12	17	13	7	12	38	22	27	21	10	27	126	15	6	16	27	22	8	82	3	29	182	4	69	10	4	10	33	2	20	6	110	7	2	25	51	56	18	5	57	4	17	1	7	17	19	45	4	21	2	2	10	5	187	1	14	8	41	12	97	8	153	378	13	5	20	2	19	7	57	29	6	12	15	124	8	56	7	8	18	2	7	42	49	19	8	5	8	17	5	22	18	21	3	19	3	6	5	3	19	3	4	3	12	10	33	6	2	20	7	3	9	122	13	9	9	37	8	5	10	20	12	11	20	7	10	5	8	6	4	77	6	351	23	2	105	18	34	43	247	9	248	21	1	6	0	8	130	6	18	31	12	7	9	55	16	4	2	14	12	25	6	5	18	11	10	40	17	9	13	95	159	26	22	9	13	65	1	5	5	64	12	0	4	10	8	28	9	14	27	30	9	74	8	61	166
G[Del(T):R(1,4)]A	32	11	73	2	2	112	15	0	188	10	78	42	2	1	5	6	9	0	9	5	7	8	3	0	41	2	17	10	1	1	1	5	6	2	54	31	5	15	0	7	22	6	3	44	7	7	9	39	1673	30	6	1	28	1	3	62	3	38	4	20	6	218	0	15	0	5	4	16	1185	11	12	42	9	4	36	3	3	8	174	30	321	39	4	2	3	5	111	9	34	92	0	21	28	16	40	23	5	2	2	61	3	14	10	84	6	8	5	7	1	9	8	71	9	3	7	237	4	7	9	2	8	7	4	3	27	17	4	0	26	264	7	2	5	6	73	0	17	3	1	18	1	271	2	8	0	5	15	25	4	79	3	4	0	4	9	50	28	50	2	357	0	6	8	102	20	0	3	4	179	19	0	18	15	3	10	10	0	14	31	26	3	3	36	6	3	7	14	2	31	10	8	23	4	14	3	0	5	1	0	4	5	3	19	5	5	6	1	67	105	10	24	74	10	3	456	5	18	2184	10	5	26	4	0	9	16	8	7	41	10	7	33	33	2	21	4	6	67	4	32	3	1	0	185	125	36	44	38	78	5	20	5	22	3	7	9	33	10	18	169	9	6	36	114	1	12	102	14	1	54	5	14	1376	1	54	7	3	17	16	5	8	4	112	9	1	13	190	17	65	5	182	3	10	1	4	5	10	18	3	10	0	39	3	4	131	2	20	4	25	3	91	3	70	333	12	1	8	0	21	10	23	56	4	7	12	150	7	51	3	2	76	1	5	23	42	10	7	3	8	29	2	21	14	2	6	13	1	150	9	2	16	1	2	3	11	6	27	10	2	12	6	2	0	28	32	5	10	52	140	60	6	11	33	8	12	5	24	2	4	26	1	59	2	292	16	5	26	11	34	41	78	36	270	25	6	3	9	8	84	5	12	36	6	2	1	25	9	4	3	8	5	14	2	6	30	45	10	25	5	8	9	31	139	24	8	7	5	31	4	8	4	72	8	0	2	9	2	17	2	10	12	16	3	18	8	70	134
G[Del(T):R(1,4)]C	14	5	81	0	4	5	9	0	178	3	16	49	2	0	2	9	6	0	4	5	5	13	0	0	62	2	16	5	3	0	2	3	7	0	24	35	3	12	0	6	11	7	2	57	10	7	5	33	1128	35	4	1	15	6	5	46	4	25	4	15	1	153	0	18	1	3	3	9	772	6	7	21	5	0	16	1	4	5	14	18	306	37	2	0	4	1	59	9	23	84	0	13	14	16	48	9	6	0	2	19	6	6	12	58	3	11	10	2	1	7	7	71	7	9	2	21	3	4	5	1	8	4	4	3	22	37	4	0	10	254	4	10	1	2	57	3	0	2	0	8	1	254	2	6	0	5	11	3	6	5	2	3	0	0	7	55	28	15	1	307	0	4	0	65	25	0	4	4	236	9	0	11	10	6	13	11	0	4	2	14	0	0	37	5	4	3	11	0	28	3	8	25	1	12	2	0	7	4	0	3	7	4	14	4	7	3	5	59	82	7	13	88	5	3	28	2	4	2741	7	2	32	3	0	3	12	7	2	38	7	3	33	39	0	30	2	10	49	3	5	0	0	2	86	112	28	19	26	78	3	9	5	9	8	8	9	41	8	7	124	7	11	12	16	5	6	67	11	1	57	2	16	1529	3	54	4	1	15	11	3	7	3	101	5	0	20	84	10	43	7	166	2	8	0	4	9	14	9	4	13	0	4	4	6	137	1	8	4	21	3	102	0	28	279	9	2	8	0	8	11	10	29	3	3	6	161	4	62	2	3	7	1	9	17	35	18	8	2	5	13	2	20	16	6	2	12	0	9	1	2	11	1	2	1	6	4	22	3	0	12	10	1	3	10	5	4	3	78	5	6	3	10	20	4	13	3	18	0	8	14	1	61	3	264	15	0	10	9	34	25	29	4	264	15	1	2	3	2	48	2	12	13	5	1	2	4	12	3	0	7	5	5	1	3	23	29	9	18	8	3	9	24	156	16	11	4	5	21	2	5	4	80	3	0	0	4	3	16	2	10	9	19	3	16	13	60	134
G[Del(T):R(1,4)]G	19	16	83	2	6	6	12	0	164	7	13	36	1	1	9	6	13	4	7	5	4	10	5	0	22	5	12	2	4	1	1	4	3	3	54	39	2	14	0	12	10	4	4	49	6	15	7	54	908	34	7	3	41	2	8	43	2	29	3	27	4	98	0	21	0	4	6	15	537	15	8	27	3	0	47	2	6	5	14	19	283	25	4	3	1	1	34	7	24	86	3	36	16	16	42	40	6	2	1	40	3	12	15	55	2	10	5	6	6	5	10	79	19	1	6	22	9	7	8	0	8	2	4	9	35	24	8	0	10	300	6	6	1	7	47	1	5	3	1	8	0	266	2	5	0	3	20	26	6	3	5	6	0	1	7	71	33	27	3	334	0	3	5	50	8	0	4	4	211	12	0	10	14	7	4	3	1	5	7	8	1	4	37	4	2	6	9	3	45	5	3	29	2	10	4	0	12	2	1	3	11	9	21	4	12	8	4	61	100	16	41	89	9	1	35	5	9	2529	17	3	26	8	2	5	12	12	4	34	2	1	41	38	0	17	4	10	57	4	91	0	7	1	91	129	24	74	54	65	10	14	8	26	5	6	8	39	16	18	75	7	22	38	11	7	7	83	7	4	64	7	18	1388	2	57	10	1	15	8	2	8	1	129	8	3	18	86	25	28	16	199	1	15	2	1	11	17	17	0	14	3	4	5	5	179	2	16	4	20	3	98	9	63	404	12	2	15	3	11	8	16	39	8	3	14	179	13	64	6	2	20	3	6	18	51	19	8	4	8	31	1	23	26	11	2	18	1	13	2	4	15	2	2	2	18	4	23	6	0	13	6	4	2	44	9	8	11	67	8	7	2	10	43	9	9	1	21	4	5	12	3	78	7	375	11	2	32	7	45	40	100	4	324	20	5	2	7	8	77	2	13	31	5	1	10	24	12	0	1	12	5	15	6	6	19	27	13	31	7	9	8	39	192	22	12	14	11	29	1	10	4	69	2	1	1	8	1	13	3	10	14	21	3	22	6	71	135
A[Del(T):R(5,7)]A	127	4	2656	11	3	24	10	0	2933	26	26	31	5	11	8	81	9	1	15	47	12	8	4	0	541	2	267	12	4	0	5	34	33	6	19	53	5	114	0	6	229	22	3	1981	12	5	5	352	16389	22	42	2	23	2	9	103	6	963	8	790	3	2324	0	14	0	5	7	8	12816	16	55	868	14	3	40	6	2	11	28	250	5988	1486	3	6	1	12	1255	17	93	3076	16	17	65	45	352	23	7	7	0	14	4	9	9	1403	0	7	4	3	9	8	8	2459	7	33	20	40	60	6	9	0	8	34	10	26	36	598	5	0	94	5316	1	13	6	7	207	5	143	7	3	166	0	6529	8	5	5	140	14	13	4	20	7	107	0	2	54	2610	20	8	8	6028	0	19	5	851	166	1	120	6	5184	12	0	60	8	8	136	166	0	50	5	19	0	16	528	4	8	11	9	1	1719	19	15	769	2	12	3	2	11	4	0	7	10	12	20	56	91	18	57	2465	4976	196	13	2536	40	6	100	1	5	5843	20	9	16	1	2	21	87	10	0	34	64	8	12	36	3	251	5	134	3348	5	10	1	46	7	1261	3700	517	32	102	264	12	85	5	266	6	4	11	1066	27	12	1933	15	22	33	23	10	108	125	32	5	1977	94	630	4846	21	1217	112	0	170	9	2	11	28	2552	10	4	15	1265	28	793	48	3546	9	9	3	6	5	539	14	4	12	1	16	53	59	4615	1	344	5	26	6	2786	31	33	8193	17	0	195	10	62	176	13	46	3	15	54	2738	9	1233	6	2	28	6	6	14	801	21	20	1	19	160	35	25	560	6	10	4	0	28	30	2	17	5	27	0	22	13	21	7	1	87	27	1	5	36	31	91	85	432	19	25	6	30	793	10	10	8	90	8	25	95	2	1852	6	8684	85	0	22	57	591	120	32	8	7081	20	7	4	65	41	862	14	9	6	4	10	28	15	13	3	2	59	8	15	5	34	122	34	159	14	13	6	13	21	5534	20	16	282	11	22	3	28	6	1580	5	2	1	12	6	37	9	8	30	21	9	7	17	1286	3959
A[Del(T):R(5,7)]C	73	4	1087	5	3	1	12	0	1633	24	8	17	3	7	5	45	7	0	9	31	7	5	3	0	286	4	176	10	7	0	0	15	26	7	11	33	1	67	0	2	128	13	2	1006	3	8	4	255	4427	18	33	0	11	0	11	57	5	364	6	278	0	1112	0	12	0	3	3	3	3633	10	31	364	6	3	28	2	0	4	4	116	3937	567	4	2	1	5	552	9	71	1253	11	10	35	34	211	12	11	2	0	5	2	5	5	726	2	4	7	1	4	8	6	933	12	24	8	10	25	6	1	0	15	35	7	13	17	327	2	0	45	2634	4	3	5	8	131	4	78	13	1	120	2	3212	6	4	1	58	3	4	1	6	7	62	0	2	25	1029	21	8	3	3154	0	10	3	515	93	0	62	1	2327	5	0	49	7	12	79	86	0	33	3	15	2	14	266	2	7	4	8	0	820	14	9	301	2	7	2	0	6	3	1	4	6	16	10	24	46	14	30	890	1928	118	12	1013	25	8	15	0	2	8887	17	5	13	1	2	9	58	5	7	21	51	2	4	21	1	192	2	73	2349	4	13	0	32	3	520	1616	194	17	62	363	11	56	5	160	6	9	6	502	9	7	812	12	7	19	0	5	88	76	16	6	870	53	226	5577	31	544	44	1	103	8	2	7	18	1265	4	2	12	539	14	345	35	1902	2	5	3	3	8	235	11	1	4	1	8	29	33	2573	3	197	4	9	8	1208	17	11	3565	12	1	110	5	34	101	8	20	2	8	30	1534	5	616	4	1	19	0	4	9	393	4	8	1	13	90	9	9	240	3	6	6	0	11	14	1	10	3	8	0	18	8	11	2	0	49	14	1	3	23	19	56	48	320	6	5	6	20	315	3	7	2	63	9	9	56	0	702	5	4245	69	1	6	41	333	67	15	5	3412	13	9	3	28	22	408	13	6	4	4	7	19	9	6	1	1	42	6	7	1	25	69	12	65	12	6	3	20	12	2613	16	10	115	2	17	4	25	4	713	5	0	4	3	5	16	4	7	19	9	8	7	10	683	2055
A[Del(T):R(5,7)]G	73	5	1687	7	3	4	7	0	1986	22	10	30	4	6	5	39	4	0	8	30	4	8	1	0	193	4	130	7	6	0	2	14	29	1	9	49	3	58	0	5	99	7	2	1395	6	7	1	154	7564	18	15	2	12	2	10	62	2	614	6	487	7	969	0	7	0	6	4	7	5842	11	28	503	3	0	34	5	4	6	6	132	4477	910	4	2	4	5	528	3	44	1730	9	16	34	30	336	20	9	4	0	6	3	7	3	930	2	1	7	3	2	9	8	1734	3	15	15	11	30	4	7	1	9	23	5	14	20	411	3	0	27	3474	1	12	0	3	124	3	39	7	1	69	1	4353	4	4	1	83	11	8	1	5	3	47	0	3	38	1676	16	20	3	4269	0	13	2	404	87	0	43	0	3206	10	0	29	5	8	49	61	0	25	2	10	1	14	404	8	13	2	11	1	1013	13	11	466	3	4	2	0	6	4	0	3	11	12	8	25	65	7	29	1618	3478	107	11	1686	16	5	14	6	2	4341	12	3	16	2	1	10	48	9	0	16	62	3	11	32	1	112	2	67	2587	5	3	1	11	5	668	2544	200	22	64	146	6	49	4	120	4	5	6	708	10	2	658	4	6	28	4	5	131	77	11	4	1230	69	409	3617	23	736	44	3	60	4	1	14	14	1867	5	0	8	672	14	288	22	1762	1	1	1	5	4	393	15	0	8	0	10	20	32	3615	5	249	2	13	6	1748	23	24	5492	12	0	91	5	29	74	5	27	3	2	21	1953	4	779	6	3	7	1	4	12	527	10	9	1	11	80	11	14	334	9	5	8	3	7	13	3	13	2	10	2	12	7	21	6	0	32	10	0	2	22	16	42	33	229	0	5	5	14	394	6	7	4	44	2	11	40	1	1083	4	6894	39	3	11	32	363	70	37	2	4466	16	4	2	37	13	560	8	14	9	2	3	12	15	7	2	0	27	2	12	1	20	69	17	89	6	4	8	13	14	3220	31	4	155	8	14	4	13	8	853	3	1	0	6	6	16	4	7	25	7	6	13	14	792	2883
C[Del(T):R(5,7)]A	43	7	1488	7	4	13	6	0	1654	23	14	12	3	6	1	38	7	1	4	8	7	1	5	0	436	4	109	9	3	1	3	15	31	2	18	25	2	34	0	2	102	6	0	946	0	4	2	272	3791	7	18	0	21	0	2	55	3	585	3	458	2	598	0	5	0	3	1	6	3657	25	20	474	2	1	36	1	2	3	16	94	2955	720	4	3	0	5	564	7	45	1651	12	19	29	24	193	19	0	5	0	8	1	2	7	755	1	5	5	2	3	4	7	1476	12	11	7	16	26	4	2	1	6	10	10	12	11	283	6	0	64	2988	1	5	1	0	89	2	43	3	2	40	1	3556	3	3	2	42	13	9	0	9	5	40	0	1	29	1263	6	6	2	3630	0	10	2	272	61	0	60	2	2871	10	0	29	5	1	43	117	0	23	4	8	1	13	290	5	5	4	3	0	827	12	4	390	4	8	0	0	3	2	1	3	3	2	8	14	46	4	16	1377	2942	82	17	1440	15	6	25	6	2	3249	18	4	8	3	2	11	57	4	4	14	3	3	7	21	0	144	1	66	1332	4	9	1	22	0	558	2023	136	53	39	163	8	46	5	73	4	4	4	470	7	9	1042	4	8	23	9	1	13	65	13	8	1045	30	372	2575	4	643	31	1	80	6	3	4	6	1572	3	2	6	577	25	171	17	1797	1	5	2	9	5	353	17	4	4	0	9	19	27	2585	3	161	4	12	6	1627	14	27	4214	7	2	95	4	28	68	14	29	6	7	23	1474	2	622	2	2	8	1	1	11	460	10	6	2	5	54	12	5	325	4	7	5	0	13	13	0	7	3	7	1	18	7	8	2	1	27	3	0	6	39	16	22	39	145	9	8	3	11	382	4	7	5	62	6	12	32	1	976	2	5452	31	1	18	26	241	51	45	3	3887	6	7	4	37	10	372	4	2	6	1	8	6	24	9	0	0	10	2	11	4	16	57	15	86	9	9	4	10	18	2764	11	4	146	4	12	1	22	6	725	2	1	1	2	5	14	3	9	7	12	5	16	9	689	2349
C[Del(T):R(5,7)]C	38	4	1290	6	1	2	7	0	1911	11	11	8	0	2	2	27	4	1	2	9	19	4	3	0	182	1	106	6	3	0	6	14	14	3	14	22	4	43	0	2	39	2	3	947	1	6	3	114	2487	13	15	2	10	1	7	41	3	389	6	338	2	277	0	5	0	1	4	4	2308	14	24	403	7	7	26	2	3	2	4	71	3864	577	6	0	0	5	297	4	32	1406	6	10	25	27	263	20	3	5	2	3	1	12	4	741	1	9	4	3	0	6	6	1134	7	13	9	14	18	4	0	0	7	18	2	8	13	313	8	0	43	3153	4	5	0	3	80	3	16	6	2	56	0	3289	2	3	0	52	10	11	2	2	8	26	0	0	24	1036	11	5	0	3330	0	10	2	148	68	0	11	2	2691	4	0	25	5	7	46	36	0	20	1	7	1	3	278	5	6	5	3	0	674	5	6	266	3	5	2	0	1	0	2	3	2	4	9	7	38	3	26	949	2101	53	13	1084	11	4	17	1	0	13489	5	7	8	2	1	8	39	2	1	5	2	10	8	21	0	86	1	57	1727	0	8	0	12	0	515	1673	41	26	30	517	4	28	6	85	3	5	4	439	7	5	450	11	5	38	1	4	14	43	10	3	833	49	268	7819	4	580	20	2	49	7	1	4	7	1497	4	0	6	533	24	101	17	2259	2	2	1	1	5	241	9	4	6	1	9	22	17	2269	1	189	5	9	10	1449	7	28	3502	6	0	72	3	26	43	12	13	1	6	15	1709	1	616	4	6	5	1	4	12	426	10	10	3	7	72	18	11	290	4	5	4	1	5	8	2	5	2	12	2	4	3	5	0	0	23	3	0	4	27	17	28	23	349	4	2	3	10	369	4	12	3	50	2	4	32	0	732	5	4418	27	0	19	25	322	55	28	0	3844	9	4	3	17	7	386	3	5	3	2	3	7	17	10	1	0	14	0	8	1	10	38	6	60	10	7	0	7	20	2775	8	14	77	2	13	0	10	1	723	3	0	0	4	3	16	2	6	10	6	5	16	5	768	1993
C[Del(T):R(5,7)]G	53	5	1394	9	0	1	3	0	1411	8	7	14	3	0	4	23	7	0	5	6	4	3	1	0	66	4	80	3	3	0	1	5	15	3	17	14	2	36	0	2	29	4	0	1075	4	4	2	61	2644	13	13	1	13	0	5	24	2	488	3	437	1	267	0	3	0	4	0	5	2511	19	22	376	4	0	35	1	1	3	4	72	2884	659	4	3	1	6	178	1	33	1359	4	18	27	20	195	25	2	2	1	6	1	4	5	658	1	3	2	0	2	6	3	1397	10	3	3	5	15	2	3	0	6	11	2	7	7	290	5	0	21	2707	2	7	0	0	59	1	12	5	0	36	2	3187	3	2	1	34	13	12	1	4	2	31	0	1	17	1210	6	7	2	3315	0	4	1	81	44	0	12	3	2659	5	0	21	0	4	28	22	0	13	1	4	0	5	273	5	3	4	8	0	783	5	5	321	0	2	2	0	4	2	0	4	1	3	7	15	41	8	18	1325	2924	58	12	1310	11	5	10	5	2	3212	5	3	10	1	0	3	27	1	3	5	0	2	2	19	0	33	0	40	1111	0	5	0	11	1	434	1883	52	43	39	106	4	32	4	58	0	0	3	514	12	1	239	6	3	34	2	3	7	51	7	1	924	41	310	2467	1	565	25	1	40	11	0	4	9	1584	3	2	8	440	20	84	15	1299	2	1	2	0	5	347	11	1	3	0	5	19	15	2371	1	157	5	11	5	1475	8	35	4023	6	0	61	1	17	51	11	18	6	2	14	1346	5	546	5	3	5	0	1	12	412	8	10	2	3	50	9	1	242	8	2	5	1	2	10	1	10	1	4	1	4	3	6	3	0	26	6	1	0	26	13	17	24	149	2	3	1	10	312	3	5	2	39	3	5	29	1	855	2	5474	21	0	23	13	273	54	36	0	3509	3	2	0	12	15	380	1	3	4	5	4	2	17	5	1	2	13	1	5	1	7	35	10	61	9	4	3	8	20	2480	7	5	92	9	17	3	5	5	614	2	0	2	1	2	17	4	5	11	8	4	11	7	592	2103
G[Del(T):R(5,7)]A	26	3	848	5	1	6	2	0	1634	7	11	7	1	3	5	12	4	0	4	10	9	4	5	0	139	2	50	5	1	0	1	7	14	1	8	27	2	18	0	3	35	6	1	684	1	3	1	87	4401	4	12	0	12	2	5	30	5	354	2	175	1	306	0	4	0	3	3	5	4264	4	15	283	4	1	16	0	1	3	10	64	3169	498	3	2	0	3	252	5	29	896	5	8	18	18	233	9	4	3	0	2	2	4	1	544	0	3	4	2	1	4	2	759	4	4	11	11	14	2	3	0	7	10	8	7	15	254	3	0	31	2571	1	2	1	3	63	1	17	2	0	33	0	2558	2	3	0	36	2	3	0	5	2	22	0	0	12	763	7	2	2	2990	0	6	2	143	28	0	15	4	2083	3	0	14	7	5	25	34	0	9	2	6	0	3	188	4	0	4	7	1	420	6	5	236	1	1	0	3	8	2	0	2	3	5	9	11	54	9	8	860	1452	52	8	1047	13	2	23	2	1	11927	12	6	6	4	2	4	30	2	1	18	3	1	6	25	0	54	1	43	1047	2	6	2	4	1	482	1366	110	16	25	289	11	16	1	55	1	1	3	329	11	8	422	7	8	12	3	1	12	42	5	3	605	35	177	8392	0	455	11	3	44	3	1	4	7	1141	6	0	7	504	6	146	13	2148	2	4	1	0	6	137	5	2	3	1	2	13	18	1657	0	140	2	4	2	1165	5	12	3265	6	1	47	2	17	39	8	14	5	7	7	1436	5	491	1	4	8	1	0	6	350	5	5	0	5	33	7	14	207	5	6	6	0	10	5	2	3	0	7	3	11	4	4	2	0	13	7	0	1	14	15	15	19	275	1	13	3	13	311	2	4	3	40	1	5	22	1	535	4	3085	23	0	4	18	274	47	19	7	3134	3	3	0	15	8	292	2	6	4	1	2	3	7	7	3	0	15	1	2	2	8	30	8	38	1	6	4	8	4	2168	16	7	85	5	7	0	10	3	658	4	0	0	1	5	15	2	4	10	7	4	2	5	612	1434
G[Del(T):R(5,7)]C	34	5	692	2	3	2	7	0	1256	7	6	6	0	2	0	17	3	2	6	7	5	2	2	0	113	1	79	2	3	0	3	7	9	1	7	23	3	30	0	1	30	5	2	633	2	4	2	56	1957	7	12	0	12	1	5	28	1	215	0	178	0	187	0	6	1	2	3	5	1904	7	14	213	3	4	14	0	0	1	4	65	2575	295	0	2	0	2	157	5	25	685	7	7	15	32	210	7	5	5	0	1	0	5	5	494	0	7	2	3	2	1	6	572	3	4	2	3	10	1	4	0	5	6	8	5	12	229	2	0	27	1817	2	3	0	4	62	3	12	2	0	33	0	1985	1	2	1	30	11	7	2	2	2	12	0	0	17	591	5	5	1	2120	0	8	2	92	40	1	8	1	1526	1	0	19	7	5	30	17	0	19	0	4	0	5	155	1	4	2	1	1	457	4	4	156	0	4	1	0	1	2	0	2	1	4	6	11	22	7	12	571	1065	50	6	607	6	3	9	5	1	8480	1	1	8	2	0	4	17	3	1	2	2	1	7	13	0	39	0	32	1313	1	4	0	5	0	349	975	40	11	20	316	9	22	2	64	0	4	1	269	4	1	234	7	8	17	2	1	8	31	3	3	447	30	107	5683	3	333	13	2	38	5	2	3	5	828	4	2	2	342	4	83	5	1370	2	4	1	2	2	132	6	3	1	2	7	12	11	1467	4	136	6	2	6	760	6	12	2219	6	0	43	3	18	43	3	11	2	2	9	1088	2	383	2	4	2	0	2	6	239	6	6	0	6	28	10	3	156	2	4	6	0	2	6	1	9	1	2	2	1	0	9	0	1	12	4	1	2	9	12	10	11	369	0	4	5	9	258	4	5	1	44	1	8	15	0	406	2	2385	19	1	4	11	225	32	11	0	2193	3	3	1	15	9	244	5	3	3	2	2	4	3	5	2	0	5	2	10	3	9	24	10	32	7	1	2	3	9	1604	16	9	51	3	14	1	8	1	464	3	1	3	3	4	6	5	2	11	2	4	1	3	447	1220
G[Del(T):R(5,7)]G	30	7	787	1	1	2	5	0	1111	7	7	6	1	4	3	18	3	0	10	9	9	1	1	0	74	1	51	4	1	0	3	9	13	2	8	27	2	27	0	0	27	4	1	624	4	3	1	55	2980	11	15	0	13	0	3	26	1	258	8	186	1	168	0	2	0	4	3	1	2767	3	15	216	3	2	24	6	3	4	7	54	2406	391	4	2	0	3	151	2	16	734	3	10	17	20	252	15	7	6	0	0	2	3	8	450	1	2	2	1	2	9	6	644	4	7	3	9	15	3	4	0	5	6	5	6	7	209	3	0	15	2020	2	1	2	3	66	2	11	2	0	24	0	1990	0	1	0	32	3	6	3	6	7	19	0	2	18	663	7	1	5	2064	0	5	6	87	35	0	11	3	1601	7	0	14	2	2	27	20	0	11	4	10	0	4	135	10	4	4	6	1	400	2	0	178	0	7	0	0	5	0	1	3	2	2	6	10	35	4	15	747	1333	40	14	746	4	3	9	0	4	8625	9	2	1	4	0	4	16	4	0	12	1	2	1	24	1	29	2	29	1155	0	3	3	13	1	331	1115	42	19	29	180	4	19	4	43	1	1	1	304	10	3	227	2	3	19	0	3	5	39	8	5	491	24	153	5936	5	369	17	1	38	3	0	4	7	890	3	1	2	361	13	64	10	1312	2	6	0	3	7	151	7	1	4	1	3	10	12	1580	0	105	2	4	2	870	4	18	2423	7	2	31	0	13	32	7	20	2	5	15	1108	6	397	3	4	7	0	4	12	235	8	7	0	2	36	3	7	171	4	3	2	1	3	1	0	2	4	7	1	9	2	13	5	0	15	9	0	0	16	17	9	14	351	4	3	2	11	221	4	5	2	24	2	4	21	0	491	0	2830	22	0	6	13	215	36	17	0	2324	5	4	1	14	9	297	5	5	4	0	1	6	8	7	2	0	6	4	5	0	12	25	10	41	8	3	0	6	12	1788	17	6	60	4	19	1	12	3	469	3	0	0	1	5	11	5	7	8	8	0	6	6	459	1164
A[Del(T):R(8,)]A	227	1	4866	9	0	7	1	0	3866	25	8	2	2	6	9	99	4	1	7	37	6	1	1	0	631	4	446	9	7	0	3	50	32	5	1	15	3	175	0	3	112	12	1	3835	4	0	0	299	7479	1	33	0	7	0	8	168	3	268	3	900	4	402	0	4	0	11	1	2	7137	6	81	1205	3	5	35	4	1	0	2	298	6073	2361	8	5	1	10	862	14	87	4850	19	2	33	92	452	9	6	0	0	0	1	2	4	1854	1	1	5	0	11	1	4	4306	2	19	7	14	80	1	2	0	5	38	8	26	12	420	2	0	0	8554	1	10	1	5	201	4	87	12	1	180	1	9211	4	5	1	242	9	1	1	4	7	134	0	0	127	4668	1	0	9	5198	0	17	8	382	141	0	86	3	5679	4	0	74	13	7	107	163	0	73	3	1	1	10	806	3	16	4	3	0	3211	32	18	1081	2	12	0	0	1	0	1	3	0	8	2	39	29	6	79	3576	8448	331	6	4326	35	7	15	6	2	10150	30	7	6	9	6	14	205	13	1	18	5	18	1	25	0	255	0	352	6278	2	29	1	74	8	2335	6570	375	12	183	536	10	162	12	421	4	9	5	2335	21	4	1564	15	28	32	4	14	64	227	21	6	3283	189	1440	8409	17	2001	159	2	318	8	6	5	46	5549	8	3	2	2428	17	619	91	6743	3	2	0	7	1	1052	9	8	13	0	1	119	114	6876	5	960	7	3	10	5401	54	13	10595	18	0	489	6	74	315	4	63	4	13	99	4798	4	2821	8	6	11	2	4	6	1375	4	16	2	19	262	53	15	1190	7	19	2	2	17	69	1	25	5	28	2	36	18	5	1	0	162	28	1	10	23	41	152	132	862	2	13	1	34	1393	4	18	6	182	5	22	149	0	3473	18	15697	95	1	3	92	1066	227	19	6	13292	0	6	1	105	87	2254	14	2	5	7	10	34	2	12	2	1	85	5	15	0	73	191	49	354	13	20	2	12	11	10416	27	27	594	4	27	5	58	7	2500	3	1	3	1	7	41	15	7	35	5	9	15	12	2930	7414
A[Del(T):R(8,)]C	159	0	2574	15	4	2	5	0	3288	29	5	2	1	8	4	83	2	1	7	28	9	1	0	0	238	7	344	10	6	0	2	32	19	5	1	7	3	143	0	1	63	20	0	2368	3	0	2	129	3091	1	40	0	1	0	3	125	6	114	4	454	7	243	0	2	0	7	0	1	2796	5	56	659	2	4	25	4	0	2	2	189	5457	1071	8	2	1	8	415	6	78	2587	14	2	25	57	350	11	3	2	1	2	1	2	1	1364	2	1	5	2	8	5	1	2198	5	17	7	4	67	2	2	1	3	20	3	30	14	386	1	0	1	5911	0	2	1	2	151	6	34	6	0	119	0	5771	4	1	3	149	8	2	1	2	7	100	0	0	72	2148	2	2	9	3904	0	8	6	224	112	0	46	7	3036	2	0	51	10	1	61	67	0	39	0	3	0	14	486	3	8	3	1	0	2087	15	11	488	1	14	0	0	5	0	0	5	0	3	4	22	24	6	43	1870	4260	280	6	2545	29	9	12	9	3	16074	30	2	3	5	3	25	131	4	7	9	7	7	2	23	1	139	3	270	6466	1	19	1	65	5	1350	4054	168	14	113	922	13	113	9	275	6	6	2	1270	19	3	769	14	16	16	1	11	35	160	27	4	1859	135	657	11350	16	1329	111	0	230	4	4	6	31	3383	4	2	2	1373	11	349	69	4970	0	5	2	6	2	682	8	4	8	2	2	67	87	5352	10	633	13	4	10	3599	39	7	6510	16	0	276	8	60	216	6	33	3	8	63	3740	5	1800	10	4	5	2	5	4	888	2	20	3	16	182	41	7	672	7	12	6	0	11	44	3	21	8	28	0	33	13	9	4	0	92	28	0	2	16	41	105	103	796	3	3	2	27	859	9	13	6	170	4	17	103	1	1837	15	10679	68	2	1	45	753	196	11	3	8656	0	9	2	94	47	1124	8	2	4	2	11	26	9	8	4	0	62	1	17	1	35	135	35	187	8	15	3	14	6	6810	27	21	308	6	16	1	48	8	1510	3	1	1	2	4	33	9	2	32	1	5	5	21	1897	4839
A[Del(T):R(8,)]G	99	0	2980	4	2	3	3	0	2346	9	1	1	1	4	0	44	0	2	3	8	7	0	2	0	101	2	237	7	5	0	3	23	13	2	2	8	1	84	0	1	26	7	1	2409	2	1	2	58	3285	0	24	1	3	0	5	74	2	164	5	583	59	156	0	0	0	0	2	0	3236	3	27	669	0	1	14	4	1	1	1	157	3575	1178	0	1	0	9	196	4	41	2828	10	1	22	45	379	6	5	3	0	0	1	0	4	1054	3	2	4	1	3	4	2	2858	1	14	0	6	46	1	2	0	2	5	1	26	3	254	3	0	0	5134	0	8	0	0	92	3	19	7	2	66	0	5508	3	1	0	124	2	1	0	1	3	59	0	0	45	2693	3	0	5	2897	0	5	0	126	78	0	21	0	3203	2	0	32	2	4	35	39	0	22	1	2	0	2	462	1	6	3	3	0	1871	20	9	584	2	5	1	0	2	0	0	3	0	4	4	15	16	4	29	2180	5081	181	3	2636	22	2	5	2	1	6617	12	3	0	3	2	9	99	3	4	2	3	5	0	11	0	75	0	209	3584	1	13	1	30	6	1197	4168	113	7	89	270	6	64	4	174	0	3	4	1389	12	0	372	7	10	16	1	4	27	88	6	3	2002	140	847	5154	7	1208	63	0	164	2	2	3	23	3832	3	1	2	1194	11	243	42	3240	0	2	1	3	3	743	4	1	6	0	3	49	52	4755	1	571	1	2	4	3282	13	4	6720	8	0	207	5	44	161	1	23	1	4	37	3257	4	1526	8	3	2	1	2	2	783	2	7	0	13	119	29	5	724	4	13	1	0	6	26	3	8	5	20	0	13	5	4	1	0	58	12	0	1	7	26	51	62	454	0	1	3	18	776	6	8	2	91	3	10	53	0	2088	3	11607	46	1	3	37	553	122	6	2	8043	0	5	0	59	33	1179	6	1	1	8	6	17	4	6	2	2	53	1	6	0	27	84	12	195	7	9	2	8	1	6242	13	12	280	5	8	0	31	4	1345	1	0	0	1	1	19	4	4	21	1	3	8	10	1589	4747
C[Del(T):R(8,)]A	115	1	3227	6	3	0	2	0	2665	13	3	0	2	3	2	72	5	0	3	27	5	0	1	0	317	3	257	4	2	0	4	29	18	2	0	7	1	124	0	0	56	8	0	2353	1	1	0	166	3177	1	22	0	2	0	4	90	0	251	5	641	9	172	0	4	0	4	2	2	3818	1	47	929	0	2	16	0	0	0	2	124	4139	1559	4	1	0	9	377	4	58	2943	10	4	24	52	356	5	2	0	0	0	0	2	1	1654	2	1	3	0	3	0	1	3565	4	11	1	3	54	4	3	0	2	10	1	21	14	249	0	0	0	6669	0	6	0	1	113	4	38	3	1	71	0	6436	6	1	0	96	2	1	0	1	5	92	0	0	64	3078	1	2	8	4602	0	16	5	163	56	0	50	4	3501	3	0	39	6	1	50	78	0	40	0	3	0	8	675	0	14	1	3	0	2069	11	8	654	0	6	0	1	4	0	1	1	0	6	1	23	37	3	27	3022	6274	209	1	3496	22	3	12	3	3	7353	24	4	2	2	3	21	127	2	6	5	2	15	0	16	0	110	2	202	3260	2	16	2	36	7	1874	4638	177	7	66	356	8	74	6	164	3	2	2	1389	10	1	810	3	26	10	2	4	35	115	7	3	2656	139	957	5777	11	1330	90	0	189	0	1	2	17	4248	5	2	1	1892	14	288	42	5308	1	1	0	5	0	866	9	2	3	0	1	61	46	6050	3	697	7	0	12	4702	23	9	7464	12	0	316	9	64	159	2	31	0	6	57	3645	8	1898	7	5	4	1	1	1	1170	0	9	0	6	154	28	9	1300	4	5	2	0	5	25	2	10	1	23	0	24	9	4	0	0	62	18	2	4	19	15	81	89	429	0	4	1	22	1087	3	10	9	128	7	20	49	2	2777	3	12411	56	0	0	53	629	108	5	3	9450	1	7	0	72	55	1429	6	2	1	3	6	21	2	6	2	0	48	1	7	3	42	109	22	248	8	8	3	7	9	6810	8	15	430	3	11	0	34	8	1783	1	0	1	0	6	20	14	8	10	1	5	8	14	2028	5519
C[Del(T):R(8,)]C	130	0	3264	13	1	3	3	0	4313	21	9	1	1	4	4	65	3	0	3	19	15	1	1	0	182	3	289	6	4	0	2	33	28	2	2	10	5	126	0	2	27	8	0	2395	1	0	0	57	2428	0	19	0	4	0	11	122	1	207	2	487	19	77	0	3	0	5	0	2	2685	1	65	808	1	3	15	1	0	1	2	169	6590	1336	3	0	0	10	188	4	75	2809	11	2	27	66	553	4	5	0	0	1	0	2	1	1670	1	0	5	0	0	2	1	2878	2	11	3	2	44	3	2	0	1	20	2	19	5	371	0	0	0	8187	0	7	0	1	158	4	20	9	0	58	0	6717	3	0	0	106	5	1	1	3	7	70	0	0	78	2672	2	1	5	5577	0	9	4	114	73	0	30	7	3696	0	0	40	6	7	38	30	0	38	4	6	0	8	571	1	7	3	0	0	1935	11	3	563	0	11	0	0	1	1	0	0	1	10	1	33	41	5	34	2708	5129	244	7	3516	23	6	5	6	0	21829	14	2	1	1	0	14	124	3	1	7	0	14	1	16	0	88	0	206	4540	1	17	0	34	7	1870	4708	83	14	64	1430	5	90	5	216	4	2	1	1315	7	0	451	11	19	18	4	4	25	133	8	4	2078	159	875	16556	8	1523	87	1	205	10	0	4	19	4886	1	1	1	1895	15	203	47	8171	0	4	1	1	1	762	3	4	5	0	1	55	80	5880	4	688	4	2	5	5003	21	12	7634	7	1	260	11	64	180	2	18	5	4	61	5106	5	2194	6	5	2	2	4	1	1212	0	12	0	9	181	37	6	1098	7	7	1	0	8	22	0	14	1	13	1	13	5	4	0	1	73	23	0	4	12	32	60	80	777	2	0	4	27	1367	4	12	6	137	10	9	96	1	2220	9	13178	57	0	2	55	813	174	6	2	11435	2	8	2	65	39	1235	6	1	1	3	7	9	3	14	1	2	29	1	8	0	35	120	32	230	8	4	2	8	7	7654	6	30	317	2	12	3	40	5	2054	1	0	2	1	5	28	0	2	11	4	9	9	10	2858	5573
C[Del(T):R(8,)]G	89	0	4199	7	3	0	0	0	2965	13	3	0	4	1	2	30	1	0	1	20	9	1	0	0	53	0	210	4	1	0	1	18	13	0	2	8	1	93	0	1	22	5	1	2894	0	0	1	46	2565	0	11	0	1	0	6	76	0	361	3	885	109	65	0	2	0	3	0	1	3299	2	34	1003	0	2	10	3	1	1	0	116	4796	1859	1	1	1	3	128	4	30	3483	8	4	20	27	560	9	1	0	0	0	0	0	0	1594	1	0	4	0	2	0	1	4510	0	7	0	2	37	0	1	0	1	8	1	16	5	377	1	0	0	7284	1	1	2	0	85	3	8	3	1	49	0	7461	5	1	0	100	2	1	0	1	0	52	0	0	61	3759	0	1	4	4724	0	10	2	44	49	0	18	1	4333	2	0	31	0	4	25	20	0	20	1	4	0	2	685	2	2	2	2	0	2192	13	10	780	0	3	0	0	3	3	0	1	0	2	0	19	37	3	25	3369	7894	132	2	4009	12	5	3	2	1	8772	9	3	2	2	2	13	74	1	2	4	0	9	1	12	0	35	2	174	3129	3	15	0	33	2	1669	5328	61	4	55	319	2	49	2	141	1	5	0	1663	2	2	214	7	13	6	0	3	21	117	3	1	2822	205	1267	6905	6	1645	49	0	171	3	1	4	21	5665	1	1	3	1649	8	152	28	4607	1	0	1	0	1	1301	3	2	0	0	0	43	36	6821	1	694	0	2	8	5064	16	2	8431	8	0	186	5	27	141	4	19	2	1	44	4447	2	1948	8	3	5	0	3	3	1319	0	7	1	5	112	41	3	1196	2	7	3	1	4	25	0	13	1	15	0	10	4	1	0	0	65	10	2	4	10	19	51	52	380	0	5	1	14	1148	1	5	2	80	3	9	43	0	3101	2	14771	54	1	0	42	739	116	3	0	10676	1	4	1	55	30	1691	2	2	3	6	6	6	2	8	2	0	26	1	4	0	23	80	14	328	1	13	4	4	3	7048	4	11	305	2	6	0	35	6	1847	1	0	0	2	2	13	2	2	15	0	2	4	13	2219	6754
G[Del(T):R(8,)]A	65	0	1902	3	1	3	0	0	2180	10	5	2	1	6	2	22	1	0	3	10	5	0	0	0	176	2	169	5	4	0	3	17	12	1	1	4	2	62	0	1	33	6	1	1376	2	0	0	86	1836	0	7	0	2	0	3	45	1	119	0	293	6	92	0	1	0	3	0	0	1908	1	26	452	0	3	6	0	0	0	0	86	3286	739	4	0	0	3	217	3	30	1552	9	1	13	32	271	3	3	0	0	0	0	0	1	874	3	3	1	0	1	1	0	1550	0	6	5	2	19	2	1	0	3	6	1	9	4	209	0	0	0	3946	0	1	0	1	72	1	15	4	1	34	0	3622	2	0	0	83	2	1	0	0	4	39	0	0	21	1509	0	0	3	2883	0	6	3	92	46	0	26	4	2259	2	0	21	3	3	23	39	0	22	1	3	0	5	317	0	1	0	0	0	1029	4	4	346	0	2	0	0	3	0	0	0	0	1	0	7	21	9	17	1500	2752	135	2	2155	10	5	9	3	0	10830	6	0	0	1	0	5	49	2	1	2	0	9	1	10	1	74	1	169	2543	1	8	0	22	6	1051	3006	103	3	32	468	2	40	4	112	1	0	2	787	6	0	506	3	13	6	2	2	17	82	4	1	1336	92	482	8834	6	932	44	0	105	0	1	3	9	2767	0	0	1	1096	6	188	31	3934	0	1	0	2	1	421	1	2	2	1	1	38	33	3223	0	397	7	0	3	2736	7	7	4486	8	1	133	1	40	91	0	18	2	4	23	2812	4	1402	6	2	1	0	1	1	716	1	6	0	3	104	20	5	554	3	5	1	0	2	11	1	11	0	13	0	6	6	0	0	0	34	10	0	3	11	11	40	34	571	3	8	2	14	701	2	6	4	65	2	8	35	0	1315	1	6915	39	0	1	35	602	85	1	3	6110	0	6	1	32	17	767	1	2	1	4	5	5	3	3	1	0	23	1	5	0	20	70	13	109	1	6	2	4	3	4522	7	11	222	1	12	1	7	1	1158	0	0	0	2	3	15	4	0	9	4	4	1	9	1447	3448
G[Del(T):R(8,)]C	47	0	1278	4	0	2	0	0	1709	12	2	0	2	3	0	24	1	1	3	8	10	1	2	0	80	1	141	4	1	0	0	9	10	0	1	4	2	50	0	1	15	1	0	1157	3	0	2	30	1153	0	19	0	1	1	3	52	0	81	0	226	3	49	0	1	0	1	0	1	1130	1	23	287	2	2	12	0	0	0	0	67	2733	538	5	1	1	5	100	4	26	1231	8	5	10	28	230	1	1	1	0	0	0	0	0	655	0	1	1	1	2	2	1	1110	1	7	2	1	19	0	1	0	2	6	1	5	6	216	0	0	0	2852	1	3	0	0	53	1	12	4	0	35	0	2780	1	0	0	56	3	0	0	1	0	25	0	1	27	1038	1	0	2	2135	0	6	0	48	45	0	11	1	1575	0	0	21	6	3	25	12	0	23	1	0	0	3	243	2	0	2	1	1	884	11	5	220	0	3	1	0	2	1	0	4	0	2	2	9	15	2	8	993	1988	107	4	1415	11	5	2	1	0	10054	8	1	0	2	1	3	54	0	1	2	1	4	1	12	0	40	0	136	3110	0	6	0	16	1	812	2097	47	2	29	570	3	44	3	103	2	0	1	648	6	1	236	5	7	3	0	1	14	60	5	1	898	80	321	7885	5	681	32	1	103	1	0	3	10	2019	2	1	1	822	5	111	14	2951	0	2	1	2	1	316	1	2	4	0	1	28	28	2845	1	342	1	0	3	1875	12	5	3193	6	1	79	3	32	69	2	14	4	5	21	2131	2	991	5	1	1	1	2	4	499	1	8	0	11	73	14	3	396	5	6	0	0	5	14	1	7	0	12	1	8	3	2	2	0	36	5	2	2	7	16	38	28	650	3	2	2	13	532	1	3	1	57	5	5	38	0	902	6	5651	25	0	1	18	463	73	4	1	4679	1	1	0	37	12	617	1	1	0	2	3	10	1	2	0	0	21	2	8	0	14	50	10	95	4	6	0	2	3	3520	5	13	180	2	3	1	25	5	822	3	0	1	0	1	6	3	5	5	0	3	3	9	1068	2605
G[Del(T):R(8,)]G	51	0	1465	2	2	1	1	0	1425	4	2	1	0	2	1	16	1	0	3	3	4	1	0	0	38	0	99	1	1	0	0	13	4	0	0	5	1	39	0	1	5	0	0	1121	0	1	0	23	1109	0	1	0	0	0	3	38	1	76	1	265	19	34	0	0	0	1	0	0	1320	0	13	328	1	2	2	3	0	0	0	52	2290	630	0	0	0	4	56	2	13	1218	5	1	5	18	270	1	0	1	0	0	0	1	0	659	0	0	0	0	0	0	1	1370	1	3	1	2	11	0	0	0	1	2	1	4	4	132	0	0	0	2923	0	3	0	0	37	2	6	1	0	22	0	2792	2	1	0	46	1	1	0	0	1	23	0	0	31	1216	0	0	3	1846	0	3	1	28	22	0	4	0	1722	1	0	10	0	3	14	10	0	7	0	0	0	5	241	2	4	0	2	0	755	4	3	263	0	1	0	0	0	0	0	0	1	0	1	4	10	2	10	1154	2364	83	4	1611	10	5	5	1	1	8133	5	0	0	1	0	6	44	0	2	1	1	3	1	4	1	22	0	109	2217	1	6	0	19	2	849	2271	49	3	31	296	2	36	1	69	1	2	1	695	3	0	110	3	7	5	0	1	10	40	3	0	1155	97	406	6138	2	719	26	0	68	2	0	0	6	2451	0	1	1	862	5	77	16	2525	0	2	0	1	0	476	0	5	0	0	3	14	22	2960	2	376	3	2	1	2085	6	1	3595	3	0	82	2	23	71	1	15	2	2	16	2242	1	1058	6	0	1	0	3	1	518	0	6	0	1	63	16	1	473	1	4	0	0	2	15	0	8	0	7	0	3	7	3	1	0	20	3	0	1	3	11	22	40	520	0	3	0	12	526	2	3	1	64	1	6	31	0	1150	1	6425	29	0	2	18	442	63	1	0	4909	0	1	2	32	14	659	2	0	1	0	1	9	1	5	1	0	12	0	1	0	9	58	9	102	5	4	2	2	0	3571	5	9	132	1	3	2	27	2	859	0	0	0	2	3	12	1	1	9	0	2	2	8	994	2955
A[Ins(C):R0]A	37	4	9	2	1	5	0	0	52	490	2	2	1	1	0	96	0	0	3	6	0	0	0	0	388	1	16	2	0	0	0	12	4	0	4	48	3	15	0	0	430	1	1	56	0	0	0	273	14	2	6	0	10	0	1	82	0	0	0	1	3	543	0	6	0	1	1	3	9	5	8	13	1	0	6	0	1	0	18	47	22	5	0	1	11	4	212	15	486	25	2	2	11	23	1	6	5	1	0	0	1	3	5	0	0	0	1	2	3	3	2	7	3	1	2	23	8	5	2	0	7	0	1	4	2	3	1	0	1	36	1	1	1	1	289	0	72	2	0	6	0	136	4	2	0	0	1	0	1	4	0	9	0	2	1	8	0	0	0	220	0	2	3	935	14	0	94	0	14	1	0	10	1	1	1	69	0	12	2	26	0	1	1	0	3	0	2	0	24	20	5	1	1	0	0	0	0	1	1	1	0	1	5	3	0	1	8	9	13	30	5	16	4	1	33	0	0	90	823	1	1	2	1	30	228	4	2	4	3	1	2	2	0	348	2	12	80	8	2	1	23	0	71	23	48	3	6	21	2	43	2	8	0	2	3	9	2	0	557	2	0	7	7	4	11	79	3	1	5	2	8	54	3	6	37	0	31	4	0	0	9	27	10	0	0	75	2	61	2	78	1	0	1	0	2	2	3	0	3	2	5	10	4	39	2	11	0	3	1	13	3	6	39	2	0	65	0	407	19	0	1092	0	1	21	38	1	39	4	0	2	2	1	6	9	1	13	2	8	12	1	9	9	3	1	1	1	5	3	0	0	2	3	0	854	5	4	0	0	10	2	1	0	3	5	23	54	158	10	2	0	7	6	1	0	1	172	3	1	10	2	10	2	99	23	0	2	8	6	16	12	1	192	2	0	0	15	15	14	2	0	4	2	2	10	2	4	0	0	23	0	2	4	22	57	17	7	6	6	0	2	15	139	0	0	5	6	2	1	5	2	68	1	0	0	0	1	5	1	2	2	1	5	7	1	95	26
A[Ins(C):R0]T	12	1	1	0	0	2	1	0	18	267	2	0	0	0	0	41	0	0	2	3	0	0	0	0	8	1	0	0	0	0	0	5	3	0	6	25	0	6	0	0	15	0	0	16	0	0	0	7	6	0	0	0	6	0	0	16	1	0	0	0	0	33	0	6	0	0	0	1	0	0	3	4	0	0	5	0	0	0	1	12	2	0	0	2	8	0	20	4	303	1	0	2	2	5	1	5	3	2	0	0	0	1	3	0	0	0	1	1	0	0	0	0	5	0	1	1	0	2	0	0	3	0	0	1	0	0	0	0	0	4	0	0	0	0	137	0	4	2	0	0	0	45	10	1	0	0	2	1	0	3	0	7	0	0	0	0	1	0	0	82	0	2	0	141	4	0	4	1	6	0	0	7	1	0	0	3	0	4	1	26	0	1	1	0	0	0	1	0	4	12	2	0	0	0	0	0	0	0	0	1	2	0	1	2	0	0	0	0	0	10	5	1	0	1	6	2	0	6	623	1	1	2	0	11	127	1	0	0	3	1	0	0	1	16	0	4	22	6	0	0	11	1	15	5	29	7	2	1	1	14	2	3	0	3	3	2	1	0	45	1	0	8	2	1	6	27	1	1	1	1	1	4	0	0	21	1	7	1	0	1	2	8	6	1	0	16	5	24	0	9	0	1	1	0	0	0	2	0	1	0	1	5	0	6	0	6	0	0	0	1	0	6	7	1	1	56	0	267	8	4	765	0	2	10	7	2	10	1	0	0	0	1	6	1	1	4	0	6	6	0	5	2	4	1	0	0	0	0	0	3	0	1	1	647	1	0	0	1	8	0	0	0	5	0	8	40	45	1	1	0	1	1	1	0	0	107	0	0	0	0	1	0	17	13	0	9	0	0	0	17	1	48	0	0	0	5	11	3	0	0	1	0	1	6	3	2	0	0	19	0	0	1	11	26	13	5	5	0	2	0	5	22	3	0	3	0	9	0	0	0	15	2	0	0	0	0	3	1	1	4	1	1	4	3	22	3
Ins(C):R(0,3)	29	22	59	16	5	27	15	0	79	103	21	41	3	2082	13	23	2	9	12	6	6	5	3	0	43	4	150	7	8	0	9	14	10	3	88	26	7	23	1	4	69	9	6	120	4	5	7	60	121	33	17	1	96	4	7	28	7	11	3	18	5	172	0	2	1	4	11	19	109	34	18	29	4	2	94	7	7	2	56	25	143	22	8	6	19	9	67	13	95	165	6	50	13	18	48	90	13	9	3	12	6	8	15	83	1	13	12	5	3	13	12	102	39	6	4	42	13	12	7	0	14	8	8	4	21	17	8	0	2	148	7	7	12	10	84	3	26	7	3	18	0	298	7	7	1	26	51	49	11	35	5	21	0	5	9	80	22	18	5	182	0	8	9	188	15	0	26	2	79	15	0	20	11	6	13	24	0	14	12	16	2	4	43	9	5	6	9	2	415	20	11	28	9	11	1	3	4	2	5	6	8	6	8	6	3	6	7	100	102	22	88	68	17	11	133	9	206	560	190	8	32	14	94	17	75	15	3	29	7	4	34	13	5	70	12	86	1336	50	10	19	14	16	162	78	334	174	36	43	15	32	6	29	9	20	12	36	20	23	112	5	17	136	19	11	19	44	21	16	79	19	33	288	7	43	25	7	19	19	2	27	16	120	11	7	17	153	41	448	11	216	14	13	2	12	16	16	39	1	14	5	18	16	11	257	8	55	11	122	10	68	17	104	223	21	3	40	13	99	14	55	243	7	10	19	175	9	116	5	3	31	12	8	39	50	26	14	7	10	29	6	37	54	30	7	8	6	39	10	3	15	10	10	12	207	11	14	8	6	9	12	4	13	141	21	17	28	389	50	16	13	20	57	7	14	7	64	13	9	16	3	81	13	327	49	16	68	21	22	38	264	13	272	22	9	10	14	13	102	14	12	26	11	8	16	55	16	6	6	19	7	23	128	19	41	21	75	38	32	11	23	117	436	32	4	40	13	38	16	17	7	65	6	5	3	9	6	86	4	21	18	21	10	49	16	90	105
Ins(C):R(4,6)	15	17	313	16	5	3	4	0	384	10	3	8	4	104	5	19	0	1	4	6	2	4	1	0	39	2	618	44	1	0	2	8	10	0	70	12	5	27	0	1	44	10	1	254	1	2	1	48	689	4	17	0	49	0	3	13	1	121	8	129	0	121	0	2	1	3	4	7	591	12	8	135	3	0	45	4	1	2	9	8	1147	238	0	4	0	7	64	5	16	701	8	45	27	11	120	69	4	8	2	0	3	9	10	248	5	4	7	2	9	1	4	436	17	12	3	15	16	5	2	0	12	6	5	11	8	113	3	0	0	827	0	2	14	10	39	2	17	8	4	28	2	1083	92	3	2	15	33	27	0	7	2	30	0	20	5	390	5	5	9	1079	0	16	7	125	32	0	13	1	720	0	0	12	3	3	16	29	0	12	4	2	1	3	133	1	10	3	0	0	1458	7	9	154	0	2	1	1	0	2	2	5	0	1	10	5	15	3	15	415	637	31	53	317	14	8	14	6	41	1674	12	6	9	10	17	7	26	1	6	6	2	2	4	9	3	56	5	232	39268	7	6	11	12	23	200	708	924	94	12	155	2	24	0	53	2	35	2	119	2	10	131	4	1	100	1	5	4	25	13	8	317	14	95	1188	1	132	10	0	30	6	1	11	6	563	3	2	4	203	27	1580	11	682	5	2	6	6	5	70	26	2	3	0	6	4	19	738	2	84	5	16	8	345	24	57	756	1	2	18	6	9	18	23	8	3	5	9	481	1	425	3	1	7	3	3	14	166	5	14	2	15	27	6	7	158	16	4	2	0	15	9	2	9	12	4	0	12	5	5	2	1	15	13	6	5	83	15	12	28	944	3	5	3	22	151	13	1	4	20	6	5	15	1	241	11	1388	27	40	38	15	56	13	124	3	1041	2	3	6	20	9	200	5	1	4	4	1	7	15	4	19	1	19	3	7	32	5	22	14	83	17	14	3	8	73	2282	6	5	94	3	25	6	13	11	230	1	3	3	3	3	22	4	2	15	8	5	22	8	188	356
Ins(C):R(7,)	39	4	395	9	3	4	1	0	458	10	5	3	0	0	1	17	1	0	7	4	1	2	0	0	21	2	612	8	6	0	2	12	8	0	3	7	5	30	0	1	11	20	0	337	3	0	0	25	428	0	19	0	1	0	14	15	2	39	11	92	0	20	0	2	0	2	4	1	543	2	10	147	3	3	6	0	0	2	3	13	808	283	2	6	0	12	36	7	9	708	12	2	15	28	110	10	9	7	0	1	4	1	0	182	9	2	9	1	11	3	5	488	4	15	1	10	10	1	0	1	3	10	1	11	1	59	3	0	1	941	2	2	4	2	31	1	5	11	2	33	1	806	7	4	3	5	4	6	0	2	1	31	0	3	20	373	5	1	7	680	0	19	2	60	19	0	7	1	417	0	0	18	1	15	18	10	0	18	1	2	1	10	77	2	11	2	0	0	1194	11	15	139	2	2	2	0	1	2	0	3	0	9	3	11	5	2	10	397	516	32	6	372	41	17	13	5	0	2454	5	4	4	6	4	9	27	2	3	3	2	2	1	12	1	39	3	526	7761	1	14	7	19	22	309	470	916	6	7	136	2	34	4	64	3	39	1	226	1	3	81	7	6	12	1	12	9	30	21	9	355	29	141	1618	2	166	39	4	46	8	1	10	19	771	3	5	0	310	6	1389	11	1135	1	1	2	16	1	65	3	3	4	1	2	5	25	594	11	278	1	7	12	374	37	12	587	7	0	31	9	12	36	0	12	2	4	24	826	3	526	6	1	3	0	1	7	198	10	24	1	16	35	7	10	326	1	9	2	1	4	8	1	4	19	12	4	7	5	1	2	2	12	12	1	13	5	3	18	49	1328	3	1	1	17	259	8	4	4	28	15	8	27	1	284	13	1519	19	5	3	33	134	26	11	3	1319	8	2	5	25	17	352	7	3	2	4	1	10	1	19	8	1	17	2	17	5	17	28	6	93	6	6	3	6	5	2432	2	4	136	4	3	12	34	9	293	1	1	3	3	3	13	0	3	11	3	10	6	8	283	414
A[Ins(T):R(0,4)]A	24	5	68	14	4	46	8	1	46	104	18	59	5	378	7	27	3	3	4	8	3	4	1	0	45	4	132	4	3	0	3	10	5	1	28	17	6	18	0	4	94	16	2	83	3	23	5	62	353	38	16	1	15	5	7	24	4	19	11	20	0	329	0	7	2	6	16	12	296	7	7	56	2	0	25	3	2	3	75	13	124	42	1	6	22	7	114	9	66	168	6	23	16	14	17	19	5	5	4	18	3	10	4	99	9	12	10	34	4	5	7	108	14	12	9	58	12	5	2	2	14	13	5	10	10	21	2	0	5	161	5	4	6	7	42	5	51	9	2	31	3	238	4	4	2	12	11	7	2	44	2	26	0	6	7	98	35	22	4	184	0	13	12	246	27	0	33	3	109	7	0	18	7	5	17	47	0	13	3	17	0	12	61	5	11	5	6	4	308	10	12	29	4	4	2	0	4	1	1	4	9	6	10	10	4	3	10	76	131	42	22	109	36	14	164	6	122	209	146	13	44	11	3	26	66	5	5	23	8	7	12	17	2	90	6	95	1998	13	10	8	21	6	188	137	805	46	20	29	9	38	6	35	13	51	5	68	11	11	292	7	8	33	32	8	18	24	17	8	100	10	39	162	3	45	38	3	27	17	1	55	23	162	12	9	20	205	15	1056	10	202	7	11	5	18	3	19	15	4	14	3	43	9	9	243	6	56	7	45	8	120	18	43	214	9	2	50	7	109	31	21	249	4	8	18	144	8	173	6	7	20	7	6	19	50	32	15	7	21	37	5	19	78	12	11	14	5	30	20	3	17	12	10	5	153	10	9	12	2	14	11	3	13	35	18	13	48	216	66	17	4	16	66	10	5	4	38	18	11	25	3	116	16	410	40	2	23	47	37	31	68	12	344	40	8	6	18	12	164	8	13	17	16	6	17	12	17	4	3	30	6	9	6	16	32	12	51	20	11	10	12	23	616	15	13	43	5	10	9	31	11	75	9	5	6	10	15	18	2	7	11	23	5	20	13	69	130
A[Ins(T):R(0,4)]C	11	3	22	5	2	9	8	0	27	15	6	26	1	394	0	2	3	5	1	7	0	2	1	0	20	4	72	3	1	0	4	3	2	0	23	9	2	14	0	2	31	5	0	33	0	16	0	22	256	32	10	0	16	5	6	6	2	13	9	22	2	132	0	3	2	2	5	6	222	3	3	24	0	2	9	0	2	1	17	9	87	31	0	3	7	2	37	3	15	66	2	7	12	4	15	8	3	3	1	12	2	4	4	73	7	6	7	7	1	5	4	47	4	10	0	22	3	3	4	1	4	6	0	4	9	13	5	0	5	98	2	2	2	1	8	1	15	7	0	17	1	209	3	1	0	2	10	3	3	11	1	12	0	3	7	44	13	12	4	178	0	5	4	78	11	0	19	1	61	2	0	7	1	6	5	26	0	8	2	1	0	4	47	1	3	1	5	1	176	3	6	15	0	5	0	1	4	1	0	2	7	4	3	9	7	1	2	45	72	8	8	30	21	6	74	3	9	80	15	0	14	4	2	8	8	2	4	7	2	0	7	4	1	23	2	21	4211	8	2	0	7	2	188	59	490	22	6	15	2	4	0	16	2	12	4	16	5	3	86	7	1	19	6	2	4	5	7	6	54	1	12	97	1	14	6	3	11	5	0	21	1	40	8	3	14	185	5	619	3	71	1	0	4	7	1	8	7	1	1	0	2	6	5	180	2	14	2	13	1	46	4	19	132	1	1	8	0	15	9	4	30	1	2	8	61	1	59	1	1	8	1	1	4	41	10	6	3	1	13	4	4	30	5	4	9	1	10	12	0	7	6	5	3	15	1	4	2	0	3	7	1	3	10	3	5	10	63	23	8	1	17	24	4	3	1	6	1	2	10	0	63	3	149	12	2	12	8	10	5	43	6	114	20	2	1	19	4	145	1	4	0	7	3	8	6	4	3	0	7	3	3	6	2	7	1	22	3	9	7	2	21	201	4	1	26	3	3	1	4	7	54	4	0	1	3	0	9	3	2	3	8	2	6	4	40	45
A[Ins(T):R(0,4)]G	10	53	68	8	3	10	16	0	70	16	6	51	5	446	1	7	3	1	6	7	1	1	0	0	37	3	113	3	2	0	1	4	2	0	230	15	3	14	0	3	75	13	0	38	1	19	0	48	562	27	15	1	94	1	7	9	3	30	7	36	1	341	0	3	2	0	20	20	271	31	4	73	1	0	150	3	3	2	22	11	157	66	0	4	10	8	94	4	16	160	6	128	15	10	33	110	4	6	1	18	3	12	5	137	11	6	6	16	2	5	5	99	43	13	3	19	6	3	3	0	4	11	1	9	7	23	3	0	4	161	6	4	4	2	20	0	28	5	1	31	1	392	3	7	3	8	83	91	2	4	0	18	0	2	11	52	36	18	8	291	0	7	8	271	16	0	13	0	139	8	0	9	0	8	12	14	0	5	4	3	0	3	63	2	5	3	2	0	269	5	11	30	3	0	0	0	5	3	1	5	6	6	7	12	7	1	5	106	128	18	138	72	19	4	39	4	31	147	18	3	27	7	4	3	12	3	1	12	0	1	13	6	2	71	2	26	806	5	3	1	4	9	87	116	627	303	12	39	5	12	2	20	5	28	4	36	3	27	139	7	2	192	10	5	8	7	22	4	116	1	18	140	3	46	9	3	22	8	5	49	6	94	6	5	16	93	49	1669	4	125	1	3	1	9	2	17	82	0	4	0	1	2	9	366	2	18	1	24	7	100	12	243	260	9	0	9	0	11	8	79	40	2	5	5	113	4	141	4	2	7	3	4	44	65	24	8	1	6	8	2	11	33	36	6	6	2	10	14	0	9	4	8	3	18	1	4	6	1	11	16	2	7	262	10	0	11	108	7	4	0	4	26	10	5	2	13	3	7	13	4	136	1	279	6	1	84	10	22	10	612	4	202	19	4	6	26	5	358	3	5	4	5	2	9	69	6	2	2	12	1	7	17	4	7	6	34	59	5	2	6	141	367	6	3	33	3	57	5	9	4	80	3	1	0	1	1	21	2	5	9	16	4	121	5	56	102
C[Ins(T):R(0,4)]A	6	7	22	4	0	9	2	0	31	7	8	26	2	177	4	3	2	2	2	2	2	5	0	0	80	5	43	2	0	0	1	2	2	0	36	5	6	7	0	1	129	3	0	31	2	6	3	138	395	21	8	3	12	1	2	6	2	18	10	9	0	444	0	1	0	1	3	6	269	6	3	24	1	1	22	7	1	0	15	7	69	18	2	1	5	5	169	1	10	41	3	12	9	5	13	15	2	3	3	12	2	4	3	88	6	4	6	5	2	4	1	37	5	2	5	17	6	2	3	2	7	6	3	3	6	9	6	0	2	54	7	4	4	0	10	0	37	4	2	6	0	164	3	4	0	2	12	11	4	8	3	9	0	2	1	31	7	20	0	84	0	5	0	317	11	0	33	0	54	3	0	5	4	2	8	60	0	10	3	3	1	2	21	1	2	4	3	2	127	4	7	16	2	1	2	1	2	1	0	1	5	2	3	4	4	6	2	50	37	10	18	38	4	7	40	4	86	52	5	6	16	7	1	7	4	2	0	13	1	0	11	5	0	102	6	21	791	15	0	3	3	13	165	55	735	49	9	11	7	6	1	8	3	16	2	17	3	9	245	4	4	36	12	3	9	10	11	6	41	5	8	36	2	12	4	1	7	6	2	18	5	26	6	1	7	163	11	1185	4	73	0	1	2	5	2	10	16	4	3	1	5	2	8	209	3	8	0	14	2	41	7	36	117	7	1	7	2	9	6	18	13	3	1	5	52	1	39	6	0	10	2	0	9	26	10	9	3	1	9	2	9	26	8	5	3	1	13	6	2	8	2	5	1	5	1	5	2	1	3	8	1	5	34	5	3	7	52	10	7	0	8	11	7	3	2	12	3	6	8	2	66	2	137	12	2	23	7	6	7	74	4	103	14	4	0	8	4	64	4	10	13	8	6	5	15	6	5	1	8	8	3	2	6	5	3	13	4	5	6	5	24	157	5	1	16	1	14	2	11	4	22	3	1	3	5	1	5	0	6	3	11	6	10	5	25	32
C[Ins(T):R(0,4)]C	7	13	26	10	2	22	5	0	39	3	10	20	1	312	3	8	3	8	1	2	2	0	3	0	94	2	70	1	1	0	4	1	2	0	39	3	3	9	0	6	122	2	1	18	2	1	4	111	460	11	7	0	18	2	3	7	1	24	6	18	0	382	0	1	0	3	2	7	339	2	3	30	1	1	23	1	0	1	51	5	103	42	1	1	5	2	116	2	6	70	2	16	6	6	33	16	6	2	2	12	3	3	4	94	5	4	6	3	3	2	2	56	5	7	1	43	6	2	0	0	6	7	0	4	7	4	6	0	4	65	0	1	1	3	6	0	22	4	2	14	0	318	3	2	1	5	9	12	2	17	1	10	0	2	4	56	11	5	1	166	0	2	0	296	7	0	33	3	64	1	0	1	4	3	8	44	0	3	3	2	1	6	33	3	3	0	6	1	209	5	3	20	3	3	0	0	4	3	1	1	5	3	6	5	3	1	2	61	63	15	12	54	8	6	161	5	9	81	5	4	9	8	11	3	8	5	9	8	0	1	6	9	1	106	1	37	2001	14	3	3	7	19	349	65	1011	34	11	17	4	10	1	13	5	14	3	27	3	4	239	5	1	24	33	2	5	4	6	19	93	2	16	80	4	22	6	2	18	2	2	7	7	68	6	3	7	368	10	1364	4	112	3	4	3	7	2	17	5	3	3	2	4	3	7	299	3	29	2	18	6	46	11	33	205	4	2	7	5	5	7	20	15	5	1	5	91	1	90	2	0	20	2	4	8	48	12	3	3	8	5	1	4	40	6	3	3	6	31	10	2	8	5	1	3	6	3	1	1	0	5	8	5	5	29	9	8	12	71	84	16	6	7	17	3	0	2	7	5	3	6	3	59	1	216	12	6	16	8	10	8	77	9	127	7	2	5	11	3	127	3	6	6	3	6	4	5	7	4	4	10	1	5	13	5	6	3	24	5	6	7	4	25	248	5	0	39	1	11	2	6	6	61	0	0	0	3	0	12	3	8	11	7	2	13	5	54	53
C[Ins(T):R(0,4)]G	4	62	41	4	6	3	10	0	63	2	5	18	2	341	6	2	0	1	4	6	4	2	3	0	37	6	90	2	0	0	1	4	4	1	233	6	5	10	0	1	74	9	0	30	2	6	1	63	418	11	8	2	128	0	2	9	2	40	10	38	0	315	0	0	0	2	1	9	282	36	1	73	3	0	163	3	1	0	7	5	163	72	0	2	0	6	93	5	6	87	3	136	6	2	68	105	2	3	4	7	3	2	4	209	5	14	5	8	3	1	5	102	59	5	3	10	7	7	1	0	5	2	2	4	10	14	8	0	0	139	2	6	3	2	11	0	24	0	0	8	0	628	0	3	0	5	74	129	2	7	0	6	0	4	4	81	11	9	2	274	0	3	3	215	7	0	20	0	108	4	0	5	4	2	5	24	0	7	2	2	0	4	69	1	4	1	3	2	367	5	0	41	1	5	0	1	4	0	2	3	5	1	15	8	6	2	2	135	122	8	133	76	8	2	23	5	39	84	3	4	11	7	3	5	6	4	2	16	0	2	5	5	0	48	1	34	688	15	6	4	6	19	249	117	659	343	9	14	5	8	2	9	3	12	2	37	3	43	146	5	2	211	3	3	3	14	15	4	134	3	15	76	1	33	7	1	13	10	3	11	2	73	1	2	8	247	66	1087	6	145	1	1	1	2	3	29	77	2	2	2	2	2	7	566	1	13	4	9	3	83	4	272	422	5	2	6	2	11	5	110	12	4	4	4	150	5	159	5	1	7	7	1	55	91	20	7	2	5	8	1	5	36	42	3	5	3	9	5	2	6	2	3	1	4	4	6	2	0	5	7	1	3	307	5	5	12	73	10	11	2	9	29	5	4	2	8	0	7	4	3	96	1	316	13	1	86	9	12	10	724	3	215	13	2	3	11	4	154	4	7	5	3	5	4	72	4	3	1	11	4	10	4	6	6	1	7	48	5	9	3	113	320	5	0	32	1	66	3	10	1	67	2	0	1	1	1	22	2	2	4	9	3	112	5	73	64
G[Ins(T):R(0,4)]A	6	9	12	0	7	3	36	0	8	5	6	19	1	207	6	4	3	1	2	5	1	0	1	0	9	4	30	2	0	0	2	3	0	0	31	6	5	7	1	3	5	3	0	10	3	6	4	8	20	11	10	3	16	5	3	11	4	6	3	2	0	26	0	3	0	1	2	5	36	11	4	6	0	2	17	3	3	2	8	4	29	9	2	2	9	1	13	5	6	25	6	20	7	4	5	21	1	1	3	8	0	3	3	31	4	3	13	2	3	3	4	17	5	6	2	10	9	2	1	0	4	7	0	3	12	9	6	0	2	24	1	4	2	7	9	1	7	3	0	6	1	59	2	3	1	6	6	18	3	8	5	6	0	5	2	13	8	8	2	30	0	2	8	17	7	0	2	2	18	8	0	4	9	3	2	7	0	2	1	3	3	3	12	3	2	7	2	1	59	4	11	4	1	6	0	1	2	2	2	5	4	3	7	5	1	2	4	21	22	4	12	23	7	5	22	79	52	26	9	10	13	6	26	6	6	4	3	5	3	2	4	4	0	11	3	9	509	6	8	2	4	3	32	33	69	24	8	4	7	7	5	3	5	9	2	9	3	9	17	3	2	21	4	5	4	8	8	5	17	3	9	19	0	7	10	1	1	2	4	10	3	11	8	3	8	28	6	137	11	28	2	1	3	7	12	6	6	3	10	4	3	3	6	71	3	7	3	38	4	13	2	31	37	6	4	10	0	8	9	10	30	3	2	7	28	11	26	3	5	6	3	2	7	11	7	18	7	3	10	3	8	9	3	5	7	2	7	3	0	6	3	5	2	9	7	5	2	0	9	7	1	2	33	4	5	6	38	6	6	1	125	6	5	2	3	36	3	8	5	1	25	7	71	10	3	14	6	8	4	66	1	49	8	7	5	3	1	17	4	5	10	8	4	6	12	8	1	1	6	5	10	31	1	11	5	24	21	14	6	2	12	57	8	3	4	4	9	6	13	6	13	2	3	0	1	2	38	1	6	4	12	4	17	6	8	15
G[Ins(T):R(0,4)]C	3	2	11	1	0	9	47	0	7	1	2	9	3	275	12	2	3	4	1	4	1	0	1	0	6	0	18	1	0	0	1	1	2	1	15	6	2	4	0	2	8	3	0	9	1	0	1	4	40	5	5	0	20	0	2	7	1	4	4	3	0	14	0	0	0	2	2	1	36	3	2	13	0	0	9	3	2	1	8	3	15	8	2	0	8	2	8	3	1	29	1	14	2	0	9	4	2	1	1	3	1	2	1	39	1	4	2	1	3	2	3	14	3	1	1	6	2	2	0	0	4	2	1	4	3	3	1	0	1	25	1	5	5	2	7	0	1	1	0	1	1	77	0	1	0	1	3	8	1	3	1	5	0	1	1	12	6	6	0	30	0	1	3	16	1	0	2	1	16	7	0	2	1	2	2	2	0	1	0	1	0	2	6	0	1	1	2	0	49	0	2	9	0	0	2	0	2	0	0	0	2	0	3	1	1	1	2	20	17	3	9	13	6	0	28	95	6	29	6	1	4	2	1	8	2	2	1	3	0	0	5	4	1	9	2	5	822	4	1	3	5	2	59	18	86	27	7	2	1	2	1	4	0	0	0	6	3	2	13	6	0	19	6	0	1	5	9	8	32	1	2	20	1	10	1	2	3	1	3	3	3	19	5	1	3	59	9	108	2	35	1	0	1	3	2	3	8	2	2	0	0	1	3	83	2	1	1	5	1	10	5	21	50	4	0	1	1	9	5	7	18	1	3	3	22	3	18	3	1	10	1	3	9	12	2	6	1	0	7	1	9	6	4	1	0	0	7	2	1	4	2	1	2	6	3	2	0	0	1	2	3	1	18	3	1	3	22	10	2	2	128	6	2	1	0	52	1	2	2	0	25	5	50	4	3	8	3	2	3	30	1	40	3	0	3	1	4	35	1	4	3	1	4	2	0	2	2	0	0	3	1	2	3	3	1	8	12	15	4	4	9	64	4	1	12	7	3	0	5	1	14	1	0	1	1	2	16	0	2	5	3	2	7	2	9	20
G[Ins(T):R(0,4)]G	8	46	42	4	0	4	114	0	55	6	4	12	2	264	2	3	5	1	3	7	0	3	0	0	8	3	83	2	2	0	2	3	3	1	207	11	2	6	0	1	11	1	0	39	0	6	1	9	134	10	6	1	107	2	4	5	0	28	0	19	14	36	0	3	0	0	2	12	94	30	0	24	2	0	131	2	1	1	2	4	105	56	2	2	5	2	17	8	3	97	3	108	5	6	17	99	5	2	1	9	1	5	5	91	7	4	7	2	1	3	4	82	45	5	1	5	6	4	2	0	1	3	1	4	4	12	3	0	2	120	1	2	4	2	5	0	2	1	0	6	0	236	2	4	1	3	64	87	4	4	3	5	0	1	3	60	10	4	0	178	0	2	7	31	6	0	3	0	83	6	0	2	5	4	6	7	0	4	1	1	1	0	41	2	2	6	3	2	279	1	5	42	2	4	1	1	0	2	1	0	2	4	2	3	6	0	5	69	94	8	137	75	14	5	8	128	15	78	10	2	9	7	1	9	4	4	0	6	0	1	3	4	2	20	0	50	830	5	4	3	5	9	78	121	235	289	16	8	2	9	1	13	3	15	1	30	4	31	36	7	5	202	2	3	4	14	16	4	108	2	15	66	2	32	10	1	9	8	1	8	7	76	9	2	8	77	33	345	4	105	3	7	3	3	4	15	56	1	5	4	0	1	4	279	2	19	3	15	3	57	11	237	206	1	4	13	3	15	15	88	39	2	1	7	119	5	77	3	0	10	1	7	41	39	4	15	2	5	19	7	6	42	26	5	4	3	4	7	0	2	5	6	1	10	5	3	0	1	7	8	4	3	243	3	5	17	95	2	2	3	213	36	1	3	2	69	2	4	6	2	90	10	272	11	0	93	15	13	13	572	2	183	8	0	6	13	3	258	2	3	7	3	2	4	69	6	3	3	6	2	4	6	7	9	6	20	49	22	4	3	118	343	5	1	28	10	43	4	15	5	62	3	3	1	1	3	32	3	2	8	16	8	108	2	52	75
A[Ins(T):R(5,7)]A	70	5	487	64	25	6	24	0	515	61	7	10	7	50	9	67	1	1	16	33	4	3	0	0	818	8	1006	21	12	0	4	52	12	3	10	41	3	97	0	2	676	55	1	535	3	15	5	977	4446	8	83	1	11	4	24	56	11	269	110	166	1	1630	0	18	1	14	17	9	6390	4	21	318	6	3	30	8	8	7	11	49	1100	404	7	23	1	38	942	12	56	1004	33	8	55	30	85	25	15	13	1	1	6	9	11	503	53	14	47	8	20	2	16	684	12	56	5	22	46	8	5	3	15	57	4	80	7	137	17	0	34	1274	5	13	11	5	85	9	311	22	10	136	7	1623	10	7	13	18	10	7	2	9	3	136	0	4	36	612	11	2	18	1244	0	45	15	1408	76	0	342	5	871	4	0	53	5	24	77	351	0	73	9	22	2	41	202	2	40	8	6	2	2152	39	41	243	6	5	1	0	8	6	3	5	0	23	18	76	32	9	42	620	1047	89	10	507	224	33	21	14	0	872	16	17	5	17	2	25	94	2	9	13	5	3	7	17	2	735	7	447	10070	9	18	4	61	26	506	969	10891	22	23	181	13	67	7	131	5	157	6	192	5	19	1752	24	4	21	3	21	29	68	33	19	529	18	131	776	16	161	96	4	93	17	5	17	43	687	12	10	8	511	36	9812	18	1062	1	6	4	44	4	80	14	6	5	2	4	21	56	1020	12	209	4	2	24	586	81	15	879	5	1	112	9	47	78	1	53	4	16	30	530	8	621	21	6	22	6	5	13	234	17	43	4	43	96	13	33	470	15	37	6	3	17	32	4	48	33	16	4	16	25	16	3	2	29	66	3	18	34	11	27	125	963	5	6	2	35	192	13	9	8	64	34	23	81	3	480	11	2226	95	3	6	128	95	47	15	5	1611	10	9	10	104	27	329	12	4	2	12	1	53	7	18	7	0	44	2	31	2	54	64	25	124	11	14	9	16	15	3554	10	7	274	13	12	0	57	34	429	4	3	4	12	15	14	7	12	19	14	16	18	16	278	445
A[Ins(T):R(5,7)]C	65	4	248	80	21	10	23	0	267	63	9	11	9	37	11	59	6	6	21	44	6	5	0	1	557	16	738	20	11	0	15	44	19	3	14	53	8	97	0	5	516	74	0	327	3	14	2	666	3080	1	128	0	8	8	49	50	15	202	122	135	3	1253	0	14	0	12	18	8	3707	9	26	336	4	7	41	9	4	9	24	67	731	315	7	27	3	41	693	16	37	645	36	15	65	30	89	26	20	26	1	1	16	15	15	469	66	19	59	8	20	3	17	521	10	78	1	23	48	11	3	3	18	74	3	70	16	99	13	1	20	1003	6	10	15	7	87	15	238	31	17	154	8	1471	9	10	14	16	11	7	5	17	9	140	0	3	47	376	18	4	22	1163	0	58	25	1038	86	0	246	5	594	6	0	69	6	43	91	266	0	69	1	20	2	49	173	5	41	10	1	1	1510	26	47	192	5	16	2	3	13	7	2	7	7	43	28	84	20	9	51	484	727	72	9	395	350	37	43	13	5	749	26	15	1	21	3	54	96	7	14	8	13	3	3	20	2	511	3	404	6590	10	26	6	68	13	415	514	6888	21	20	198	7	63	4	168	6	178	4	159	7	27	1134	27	12	18	7	34	41	64	39	13	490	16	92	816	15	140	78	3	140	11	12	17	44	468	12	7	13	422	21	6903	22	806	3	3	3	55	9	46	11	11	5	3	1	13	59	831	12	203	2	4	50	482	78	21	670	7	2	100	17	33	83	9	47	8	34	41	462	9	503	31	7	24	8	6	17	268	20	50	5	55	89	11	27	416	16	33	5	2	13	35	5	63	46	23	2	28	34	7	6	0	29	76	2	27	22	7	25	173	609	12	4	0	37	149	21	7	8	63	29	12	71	1	460	7	1342	70	1	5	151	71	30	19	9	1226	13	12	4	135	37	272	8	4	11	13	2	50	13	25	7	0	51	1	48	2	59	65	22	106	13	16	13	30	19	2708	17	2	277	4	12	6	54	34	434	9	2	3	8	9	24	5	11	11	16	24	17	19	228	317
A[Ins(T):R(5,7)]G	75	14	384	77	30	9	26	0	399	76	10	7	4	40	14	53	5	3	10	39	3	6	2	0	275	14	953	22	9	0	11	48	22	3	30	47	2	93	0	1	253	64	2	502	2	22	2	378	2919	4	104	1	35	6	32	55	12	244	86	194	3	712	0	8	0	20	13	14	3708	11	32	387	6	4	68	5	3	1	9	69	1101	506	8	31	6	37	359	9	51	933	41	31	69	41	171	54	22	19	1	0	9	19	12	649	69	20	50	8	22	3	18	719	24	58	5	26	62	8	4	0	23	55	8	76	21	148	16	0	26	1439	10	8	13	10	90	10	120	19	14	149	10	2008	14	20	10	22	30	21	3	15	6	165	0	6	48	571	15	7	15	1610	0	68	21	631	89	0	127	2	841	1	0	48	6	29	77	134	0	63	6	6	0	45	281	9	50	9	5	1	2275	36	44	262	1	8	0	1	6	7	4	4	5	28	20	78	27	7	48	774	1111	78	25	540	304	33	21	20	6	1028	17	10	3	23	5	44	83	6	13	11	7	3	10	24	0	236	7	502	8824	11	30	10	69	34	589	775	6933	78	29	222	13	77	3	158	6	212	2	213	5	26	679	33	6	40	6	34	38	73	40	18	708	28	120	1076	8	171	78	5	124	18	5	28	46	687	16	7	9	575	47	7047	20	1153	2	1	5	56	1	93	30	5	5	4	7	24	63	1144	7	329	9	4	59	588	92	46	1035	7	1	114	18	36	72	13	38	5	33	40	637	18	742	22	5	19	11	7	24	350	25	52	2	42	91	19	48	545	16	30	2	3	17	31	3	44	55	17	5	18	31	12	1	1	31	57	2	18	57	4	33	154	787	6	11	0	37	210	19	10	9	61	29	21	71	0	611	12	2034	93	4	21	133	113	42	64	1	1845	8	8	6	116	39	466	15	4	6	17	4	56	23	32	10	1	49	4	48	5	47	54	24	142	23	16	9	19	29	3791	18	7	383	4	16	6	49	34	587	6	2	4	5	10	28	10	16	19	9	21	29	14	305	432
C[Ins(T):R(5,7)]A	43	4	203	22	10	3	13	0	208	26	7	5	4	23	4	37	2	3	3	17	0	1	0	0	538	4	362	8	6	0	4	18	10	1	7	17	3	47	0	1	458	34	1	243	0	3	2	663	1969	3	33	0	5	3	12	26	5	91	59	69	1	1100	0	2	0	6	6	3	1856	4	23	119	1	3	14	5	4	5	7	29	433	189	2	8	1	27	626	7	20	374	15	6	25	28	30	16	6	8	0	1	5	6	6	207	29	5	17	8	9	0	9	316	5	23	4	10	26	5	1	2	8	18	1	32	9	72	8	0	5	555	1	8	11	8	36	5	143	9	7	55	1	615	3	3	7	16	5	1	2	9	0	62	0	3	12	282	3	2	10	492	0	16	6	965	30	0	180	1	394	3	0	34	0	8	34	200	0	29	2	7	1	23	70	1	18	6	4	0	962	20	15	109	3	7	0	1	4	1	2	3	1	11	12	19	11	2	20	245	439	57	6	224	73	10	11	11	4	379	9	5	1	10	3	22	39	2	2	5	5	5	2	15	1	517	7	170	5975	6	8	5	30	6	246	447	3869	9	12	70	6	33	2	60	3	49	1	84	3	13	913	10	3	8	2	14	17	28	14	8	216	19	47	352	7	80	40	1	34	8	2	12	11	292	5	2	5	239	11	4225	11	448	1	1	2	16	1	44	7	1	0	0	1	17	21	418	7	75	3	0	21	233	29	10	359	6	0	58	8	21	39	4	22	2	11	18	213	5	273	7	1	5	3	5	11	96	9	16	2	8	43	7	7	142	6	12	2	2	6	13	0	17	12	10	1	9	7	2	1	0	13	19	0	2	16	3	18	70	375	7	2	1	23	63	4	4	5	35	14	5	37	0	186	4	889	40	1	7	55	34	19	15	2	665	10	2	3	50	18	159	5	0	0	10	2	27	2	13	2	3	28	2	18	1	25	34	9	58	4	5	4	7	17	1339	4	1	101	5	6	3	25	17	187	0	1	2	0	9	10	2	5	8	3	10	7	7	97	176
C[Ins(T):R(5,7)]C	32	7	132	39	19	4	13	0	165	45	3	12	7	28	5	39	1	8	4	11	4	4	1	0	522	8	379	12	4	0	7	21	10	0	11	20	6	41	0	3	389	42	0	185	8	12	5	598	1830	1	70	0	13	2	20	33	6	107	90	73	2	965	0	7	0	9	4	7	1559	4	17	179	2	2	27	5	1	6	7	37	397	190	2	10	3	32	526	10	23	379	19	17	42	16	44	15	9	13	2	0	6	7	8	270	47	10	33	3	14	3	13	264	7	43	2	9	38	4	3	0	6	35	5	36	14	51	9	0	6	540	3	11	6	5	53	5	93	17	6	90	3	764	3	2	11	5	8	8	2	12	4	69	0	3	24	193	4	2	5	613	0	35	19	844	46	0	132	1	314	5	0	27	6	19	57	150	0	40	2	7	1	30	98	1	25	7	2	1	879	19	32	84	2	7	0	0	4	3	0	5	1	14	16	38	16	8	27	287	363	38	13	205	151	17	26	8	2	427	10	5	2	13	2	20	55	2	10	4	6	2	3	7	0	409	5	208	6297	3	15	4	31	15	279	277	3728	20	20	112	11	35	0	68	1	107	2	87	1	19	629	18	3	8	1	20	19	29	20	25	302	13	31	437	10	78	41	2	50	7	3	13	27	253	4	3	4	276	15	4442	15	458	0	1	0	27	1	20	8	6	3	0	1	9	42	493	8	102	1	2	33	255	55	9	373	6	0	66	4	17	33	6	23	6	17	16	275	6	304	12	1	7	5	5	8	131	9	24	2	31	41	2	21	193	2	24	6	2	18	16	0	23	16	16	1	11	14	4	1	1	15	31	0	13	17	2	23	91	361	4	7	0	21	79	12	3	5	23	21	16	43	0	243	5	756	37	1	4	83	50	19	18	7	729	4	4	5	68	35	158	4	3	2	10	2	25	7	16	2	1	25	2	22	3	30	34	18	61	7	5	8	10	13	1424	11	2	153	4	6	3	36	19	223	6	2	0	2	9	11	0	11	6	3	10	8	7	97	168
C[Ins(T):R(5,7)]G	33	8	216	41	17	3	14	0	202	32	6	3	3	24	3	31	1	3	8	22	3	4	1	0	226	7	508	13	4	0	3	27	11	0	21	19	3	50	0	2	177	36	1	254	0	14	4	251	1549	4	63	0	16	1	20	22	4	108	76	87	1	512	0	3	1	3	7	6	1362	10	13	202	3	1	31	2	1	5	2	30	519	245	5	11	1	23	243	4	29	470	23	21	41	22	84	25	13	11	1	0	5	10	9	320	31	13	38	5	9	1	8	379	14	36	3	15	24	8	1	0	13	27	1	39	7	70	13	0	5	750	7	7	10	3	34	3	40	10	6	83	3	949	4	8	5	8	11	17	0	1	0	69	0	2	26	286	4	2	11	819	0	38	11	426	51	0	81	7	457	3	0	29	0	18	51	69	0	37	4	7	1	29	143	1	29	7	1	0	1141	21	25	137	3	6	0	1	4	6	1	1	3	10	16	44	10	6	18	368	548	42	13	259	137	18	14	7	4	517	15	6	1	7	4	27	28	4	2	6	3	3	1	11	2	182	0	225	5698	5	13	6	41	16	298	380	2871	30	15	110	6	31	4	76	1	98	4	90	2	19	345	23	4	17	2	15	15	37	22	9	358	13	55	578	9	110	33	4	63	17	2	10	24	331	6	3	8	306	19	3498	12	559	0	4	1	30	1	37	10	3	4	0	1	14	27	601	3	134	3	2	33	306	50	20	449	0	1	44	14	17	30	7	26	2	14	13	370	9	360	12	0	8	6	0	14	155	4	35	1	22	42	8	21	239	7	22	2	2	6	23	1	28	18	9	4	14	10	6	3	0	18	42	4	11	30	1	21	85	450	5	1	1	19	104	14	5	6	30	12	11	32	0	301	8	1001	44	1	9	70	59	27	34	7	808	11	4	4	58	24	187	4	1	4	5	3	29	13	14	3	0	26	2	20	1	22	26	4	70	10	6	5	8	28	1677	8	3	173	2	5	2	27	23	272	2	2	1	3	10	8	2	4	7	2	11	17	15	132	235
G[Ins(T):R(5,7)]A	44	1	254	19	10	4	13	0	246	29	3	1	3	20	8	34	3	2	10	11	4	4	0	0	397	4	508	9	6	0	5	24	9	1	5	19	4	34	0	3	296	23	0	304	1	7	1	422	1668	0	24	1	6	4	5	27	2	104	54	76	2	759	0	2	1	4	2	3	2317	5	15	161	3	1	8	4	5	3	7	24	563	231	1	14	0	16	458	9	22	487	15	7	20	12	64	11	7	6	1	1	7	3	2	258	24	2	16	2	3	4	6	384	8	26	1	6	23	7	1	0	10	23	4	30	10	89	6	0	4	724	2	4	9	0	40	7	176	9	4	43	3	835	2	4	0	12	1	4	1	6	2	48	0	3	12	331	4	3	7	533	0	23	7	565	32	0	164	3	472	3	0	20	6	7	23	176	0	18	2	8	0	18	106	1	13	2	0	0	1172	6	16	149	3	6	1	0	10	3	1	2	0	6	8	23	13	6	13	354	572	50	4	263	61	23	7	11	3	464	15	4	2	10	2	15	37	3	6	1	6	1	3	10	2	332	3	304	3197	7	8	2	28	11	259	417	4001	9	16	78	6	28	2	42	5	78	1	79	3	9	763	7	6	8	2	9	12	26	10	12	267	13	64	418	6	79	26	1	27	13	2	9	20	352	7	1	3	267	12	3729	7	575	0	5	0	20	1	32	8	4	2	0	4	12	15	460	8	147	4	0	15	245	29	11	439	3	0	62	5	24	26	2	22	2	8	16	254	2	362	3	3	3	2	4	5	114	3	17	3	18	27	5	14	345	6	13	0	0	6	16	1	18	18	5	1	15	8	4	3	0	14	19	2	6	11	3	12	81	571	2	2	1	25	101	7	3	5	33	19	14	27	0	203	10	1067	39	0	4	51	51	14	8	0	785	2	4	3	39	20	209	6	1	1	5	0	20	8	9	4	2	18	1	18	2	16	25	4	58	4	5	7	10	5	1807	3	2	173	2	5	3	21	8	207	1	3	2	6	0	4	4	4	2	4	8	2	2	116	237
G[Ins(T):R(5,7)]C	38	3	167	48	15	4	13	0	174	39	8	6	4	14	12	35	1	2	6	17	6	3	0	0	389	5	542	5	5	0	8	24	10	3	10	13	3	37	0	0	333	38	2	217	1	4	3	498	1702	2	53	0	7	9	22	18	10	128	47	91	0	772	0	6	0	11	7	8	2072	4	21	221	2	1	15	5	3	3	13	24	533	260	5	18	2	20	415	9	19	445	25	10	29	11	69	11	14	16	0	2	7	3	7	313	36	8	30	1	12	1	5	406	8	37	2	19	27	6	3	1	9	44	0	39	19	61	9	0	9	767	4	6	11	5	40	7	133	9	11	74	2	933	4	6	11	3	6	5	1	8	2	65	0	2	16	273	7	5	10	647	0	29	13	711	26	0	159	7	456	4	0	39	2	22	42	170	0	38	5	8	2	15	118	5	25	4	2	1	1111	16	20	143	1	5	0	0	14	3	0	2	2	13	9	44	17	8	16	421	499	50	3	281	106	18	30	9	6	556	10	8	0	11	1	26	37	7	2	2	1	2	1	8	1	387	4	448	2639	4	13	6	29	19	345	365	4173	14	9	81	4	31	1	84	0	110	2	106	8	11	749	13	7	13	7	19	15	37	22	19	358	8	45	556	4	84	30	3	53	10	1	7	28	322	9	3	4	339	14	4246	7	668	0	2	4	35	1	40	9	5	4	0	4	12	32	524	6	189	2	3	14	300	43	3	464	1	1	77	9	28	40	4	18	2	9	21	303	5	397	11	2	5	2	2	6	154	7	34	5	29	41	12	12	454	8	13	1	1	24	14	2	28	20	6	3	12	13	3	2	0	14	34	0	7	14	5	23	86	548	4	6	0	33	145	12	8	7	26	19	13	39	0	233	7	1054	46	0	3	79	43	26	17	3	890	5	3	3	51	15	222	12	1	3	6	0	30	4	15	6	0	28	0	25	5	31	28	8	79	8	4	12	10	12	2039	5	3	263	3	5	3	31	18	289	5	2	1	6	7	13	8	4	6	2	10	8	6	123	205
G[Ins(T):R(5,7)]G	34	8	354	40	16	4	23	0	396	46	4	7	6	19	8	45	3	0	11	15	7	4	0	0	190	6	853	13	10	0	8	33	7	0	21	26	3	57	0	1	167	48	0	437	2	7	5	227	1797	1	45	1	14	4	12	38	5	172	54	149	2	383	0	5	0	13	7	9	2210	9	22	371	2	4	41	4	2	2	5	32	974	519	3	23	2	20	262	10	25	889	33	13	35	25	166	21	5	17	1	0	9	4	9	597	46	6	22	3	11	5	13	739	17	30	4	16	22	12	4	0	6	29	0	59	21	114	8	0	6	1366	0	5	9	4	40	8	60	13	12	65	9	1794	3	10	12	16	12	14	2	3	3	82	0	7	25	552	4	5	10	1037	0	39	11	359	46	0	86	5	837	3	0	23	3	8	48	95	0	31	1	5	2	30	262	2	28	5	3	0	2140	23	22	238	1	8	1	0	4	4	0	2	1	12	11	45	26	4	18	770	989	48	18	423	118	20	12	9	0	928	7	9	3	7	1	24	65	1	4	7	10	0	6	16	1	165	2	777	4410	7	16	6	44	37	654	551	4299	36	13	121	4	32	4	87	2	163	6	193	4	16	411	14	10	18	4	15	19	29	18	15	702	21	88	775	4	172	57	3	64	10	1	5	45	716	7	1	7	651	23	4726	8	1306	2	1	2	22	1	62	15	5	5	0	1	14	42	913	7	355	5	1	30	465	66	17	608	6	2	79	12	36	51	4	25	3	11	24	530	6	634	16	2	7	4	3	10	245	9	36	2	23	53	14	16	836	9	20	3	1	15	24	2	34	28	9	4	7	20	3	5	0	29	32	2	18	28	2	20	111	860	7	4	1	46	244	5	5	4	43	23	12	35	1	445	12	2051	40	1	17	74	66	26	45	6	1765	4	7	8	65	30	409	10	2	3	4	2	29	6	22	5	1	26	2	26	1	28	36	3	109	8	16	5	13	24	3441	5	7	435	3	7	4	42	20	442	0	2	2	1	9	21	3	5	16	5	13	12	5	239	389
A[Ins(T):R(8,)]A	68	1	485	44	24	4	22	0	300	48	4	1	5	6	9	68	2	2	11	33	3	4	0	0	303	9	1041	13	13	0	8	47	8	2	3	4	6	101	0	3	254	41	2	522	0	13	1	349	1839	1	55	1	1	0	27	35	8	24	58	122	0	402	0	2	0	16	16	4	2605	2	26	273	3	6	26	5	7	4	3	32	614	391	6	31	2	17	472	14	31	1061	18	4	13	28	72	14	18	12	2	0	8	5	7	414	23	7	42	1	21	4	14	780	9	38	3	9	48	9	5	1	5	29	4	59	7	52	12	0	2	1277	4	8	12	10	57	16	184	21	18	71	17	1429	10	7	14	21	9	4	1	7	5	110	0	1	28	647	6	3	14	404	0	35	14	540	46	0	143	7	536	8	0	41	4	23	51	143	0	40	7	3	1	26	173	3	34	4	2	0	2292	37	32	205	2	5	0	0	9	8	2	6	2	19	15	43	4	2	24	601	1002	98	15	535	277	38	17	20	5	739	18	10	2	20	6	58	123	8	15	8	14	3	5	20	1	433	7	792	8028	11	27	12	80	24	587	785	6049	15	30	177	14	85	1	148	5	130	6	263	6	13	758	25	13	14	7	34	44	73	32	21	622	29	155	676	8	192	100	6	87	6	3	16	65	721	11	6	4	634	25	5699	32	1284	2	5	5	55	4	71	9	8	6	2	6	25	56	964	15	418	6	4	35	510	75	14	656	7	1	110	12	39	101	2	41	3	12	38	687	8	744	15	4	14	10	4	10	293	15	48	5	55	93	13	32	741	15	26	4	2	8	44	2	44	57	26	6	21	26	15	3	2	22	51	6	25	27	8	42	182	1218	5	9	0	40	284	14	9	19	66	50	26	73	40	528	13	1925	90	3	3	182	121	44	16	6	1791	7	11	8	82	56	482	11	3	4	11	4	55	6	29	14	1	42	5	45	3	50	54	27	129	13	10	9	16	9	3791	13	11	394	3	14	6	64	32	502	6	3	2	2	10	17	4	10	18	12	24	16	13	351	446
A[Ins(T):R(8,)]C	57	1	381	67	15	6	16	0	253	60	4	1	2	12	8	56	3	2	7	40	5	6	0	0	380	11	752	16	9	0	12	37	13	1	2	12	5	85	0	0	333	62	2	413	1	13	5	366	2006	2	34	0	3	2	24	41	12	23	53	101	0	470	0	2	0	19	8	5	2701	5	26	243	2	4	24	6	4	4	3	42	509	340	5	19	1	27	506	10	40	870	20	3	20	18	62	21	13	12	2	0	6	5	11	381	29	7	39	3	23	2	9	684	16	29	4	5	52	8	3	0	12	28	3	65	6	34	8	0	0	1053	4	4	14	4	38	12	205	23	16	85	7	1188	7	8	14	20	7	7	1	8	5	122	0	5	32	531	9	3	12	390	0	35	12	628	26	0	160	3	457	1	0	34	7	24	28	160	0	41	1	3	3	24	158	0	21	9	2	0	1725	29	25	200	2	8	0	1	7	5	1	3	4	19	13	31	5	5	25	446	754	68	15	434	239	35	17	19	6	626	19	12	3	15	7	46	113	9	11	8	9	5	4	22	3	453	2	677	8442	8	27	18	86	28	483	561	6189	10	35	155	7	80	8	166	3	142	1	247	6	19	858	17	6	22	2	29	42	75	40	28	560	22	108	627	19	174	89	8	110	17	9	16	48	599	16	7	8	510	27	5705	25	1102	3	1	6	56	2	60	12	6	4	2	4	20	60	774	15	359	7	1	23	509	100	10	637	14	1	121	19	34	94	3	37	5	13	34	709	12	602	15	2	12	8	6	13	272	13	62	4	54	86	10	30	661	8	22	3	3	15	38	3	35	50	14	8	21	33	9	7	1	32	66	4	25	33	2	44	182	1063	6	4	2	36	209	12	15	13	68	47	27	70	10	526	16	1569	73	5	2	157	112	39	12	5	1524	10	9	8	90	57	427	12	0	6	11	2	58	4	25	10	3	48	4	38	6	54	55	18	113	17	18	5	17	15	3111	13	6	339	7	12	8	64	29	441	3	7	0	5	11	23	10	9	25	14	16	15	14	246	402
A[Ins(T):R(8,)]G	50	1	389	54	21	1	10	0	254	35	2	4	3	8	8	35	3	5	5	27	4	5	0	0	117	4	772	17	8	0	6	47	12	1	8	6	5	83	0	0	116	66	1	457	3	11	3	149	1264	0	26	0	1	0	10	36	7	12	44	120	1	175	0	4	0	20	14	10	1881	2	30	189	2	3	27	8	7	0	7	20	479	385	5	21	2	19	213	14	15	930	24	2	15	21	90	20	15	6	0	1	9	6	9	438	28	10	37	0	24	2	8	716	13	27	1	5	39	5	2	2	8	25	1	54	4	39	2	0	0	1045	3	5	6	5	47	12	68	20	14	63	9	1177	5	8	10	14	7	5	2	8	7	130	0	2	32	556	4	3	10	364	0	28	16	243	29	0	66	5	435	4	0	25	2	9	30	70	0	49	4	2	2	22	185	0	18	7	4	0	1932	19	27	204	4	6	0	1	7	3	1	6	1	8	8	34	7	3	17	488	879	77	7	485	208	35	14	19	2	627	17	12	3	15	3	39	95	7	10	3	18	7	2	12	1	163	4	644	6883	5	20	3	80	27	477	538	4281	13	30	118	1	56	4	148	5	130	8	263	5	12	337	21	10	14	3	17	41	65	34	14	614	31	171	586	10	149	86	1	74	12	4	12	57	645	12	8	4	505	17	4216	28	1067	0	4	4	42	0	59	17	2	6	2	3	25	61	836	18	322	4	1	36	428	121	12	590	10	1	125	21	31	87	4	40	6	12	35	678	9	621	16	3	5	2	2	11	298	13	54	5	42	69	12	31	583	3	21	4	2	12	36	1	37	48	15	1	18	21	9	5	3	29	60	4	28	27	9	46	133	1011	3	1	0	30	268	8	6	6	69	32	25	58	13	518	12	1518	54	6	3	110	83	43	21	1	1463	5	8	8	72	37	467	16	1	3	7	4	41	8	17	11	1	46	2	31	4	56	47	18	123	13	14	13	10	12	3069	11	2	314	11	12	1	51	26	455	2	1	1	5	6	23	4	9	25	3	16	11	13	310	414
C[Ins(T):R(8,)]A	53	0	332	32	10	3	8	0	181	28	1	3	3	0	2	32	3	1	1	22	5	5	0	0	155	6	609	7	6	0	5	29	7	3	3	7	4	57	0	0	107	35	0	318	2	5	2	146	1206	0	20	0	2	1	12	19	2	7	35	88	0	185	0	1	0	5	7	9	1399	3	11	171	0	2	11	5	3	3	3	19	313	260	4	9	3	10	230	4	24	677	23	1	11	13	37	14	2	5	0	1	1	1	8	251	24	8	28	0	7	1	9	502	4	16	3	7	33	7	2	1	6	21	2	30	4	14	3	0	1	706	4	11	7	3	30	14	52	18	8	38	6	739	3	4	7	11	5	1	1	4	1	69	0	0	14	372	3	2	7	164	0	24	12	260	21	1	48	1	311	4	0	22	1	8	29	71	0	25	2	1	0	17	100	1	18	5	3	1	1422	14	14	138	2	4	0	0	4	2	0	2	3	11	7	23	3	3	14	310	558	36	11	258	127	26	6	12	6	383	17	9	0	7	1	28	69	4	5	5	8	2	5	19	0	196	1	375	4341	7	10	4	35	17	368	400	3289	10	16	88	3	40	2	87	2	80	3	154	1	4	301	10	6	7	1	19	14	46	23	16	342	26	90	345	11	129	41	4	48	6	6	8	34	477	6	5	4	364	18	3133	17	624	1	3	3	34	3	61	4	2	4	3	5	9	31	485	6	193	6	1	12	248	52	4	353	7	0	65	15	28	54	3	19	4	8	20	347	6	426	12	0	2	4	2	9	136	12	23	2	14	50	7	11	329	3	15	0	1	5	21	1	24	19	14	4	22	17	4	2	2	21	23	2	17	12	6	27	85	830	2	3	0	16	171	9	4	9	51	28	9	34	29	304	4	1071	46	1	3	68	60	30	6	2	966	4	5	7	47	20	264	5	0	0	6	1	25	2	13	3	0	22	2	19	3	30	23	15	80	9	7	8	12	8	1963	7	8	229	3	2	7	35	16	301	3	1	2	1	5	15	4	4	9	4	11	4	8	182	272
C[Ins(T):R(8,)]C	31	0	309	37	13	2	13	0	178	41	4	1	3	3	4	48	3	4	5	18	2	1	1	0	257	2	640	7	7	0	10	24	4	0	2	5	4	63	0	1	218	43	4	314	3	5	1	242	1983	0	20	0	8	1	14	19	4	15	35	84	1	310	0	1	0	10	9	3	2490	3	18	179	2	2	17	4	0	4	4	20	278	301	1	16	0	14	352	8	8	727	17	1	7	18	62	16	11	4	2	1	6	5	3	276	25	7	22	1	18	1	8	501	7	11	0	8	25	1	1	2	8	28	1	46	5	21	5	0	1	764	2	3	8	2	30	7	98	11	10	53	4	856	7	9	9	14	4	3	4	5	1	87	0	1	17	403	3	0	5	167	0	22	13	429	16	0	100	4	309	1	0	22	2	11	25	93	0	33	2	1	0	24	112	1	19	5	3	0	1374	14	17	142	0	3	0	0	6	1	0	0	5	10	8	22	2	2	14	328	627	44	8	249	131	27	6	13	6	359	8	11	2	10	3	22	68	6	9	2	7	1	3	11	3	285	4	573	5637	5	12	9	38	20	403	417	5851	8	17	95	1	43	4	116	6	118	1	204	1	9	445	10	9	9	1	16	19	35	23	16	447	22	98	342	6	128	60	3	58	7	1	16	29	449	6	6	1	404	18	5349	17	671	0	1	5	34	5	47	9	3	2	1	0	11	30	560	6	270	3	1	13	265	79	8	351	6	2	76	9	35	57	7	26	3	12	29	469	5	478	15	5	9	4	3	8	188	9	22	0	30	53	11	14	436	6	15	2	3	5	20	1	20	37	7	3	8	14	3	7	0	24	36	0	11	19	2	25	99	885	2	3	1	34	176	13	6	10	45	26	16	45	7	337	11	1078	47	1	6	109	63	30	10	1	961	3	6	1	53	28	342	3	3	6	9	4	44	4	12	6	3	25	0	21	2	43	34	15	78	10	5	6	13	9	2195	8	3	264	1	7	3	32	21	356	5	0	0	4	6	12	7	5	7	6	11	10	2	212	308
C[Ins(T):R(8,)]G	38	1	437	33	17	4	12	0	245	39	0	1	3	8	10	36	3	2	8	18	1	1	0	0	97	5	858	7	11	0	6	39	4	0	4	8	3	68	0	0	67	36	0	439	1	6	1	123	1438	0	21	0	3	3	20	20	7	21	40	129	0	118	0	2	0	11	8	2	1898	1	16	217	0	1	16	5	5	1	0	26	439	361	2	19	2	7	148	9	18	1024	17	1	5	14	139	12	17	8	1	0	5	6	10	309	21	8	24	0	12	3	5	698	11	15	0	8	28	6	5	2	5	10	5	33	3	29	7	0	0	980	4	2	9	6	34	3	38	20	8	48	7	969	2	6	8	17	3	2	0	3	3	102	0	5	16	581	7	1	7	233	0	36	11	210	17	0	44	3	393	3	0	18	4	19	27	51	0	16	5	3	1	22	178	4	24	3	2	0	2142	21	19	203	2	4	0	0	0	3	0	1	2	16	7	35	4	6	18	486	708	68	7	343	141	28	10	13	2	635	7	8	0	12	5	39	83	7	5	4	8	2	1	11	1	113	6	649	5976	5	22	9	56	24	444	475	4345	10	17	117	6	45	4	123	2	97	5	247	5	13	203	13	8	12	3	16	29	46	26	13	569	32	173	525	7	154	65	2	63	20	7	13	36	633	13	9	2	443	20	4527	16	1007	2	4	4	32	1	75	11	5	3	0	5	17	42	664	4	300	6	3	19	335	80	8	413	2	1	72	16	16	66	1	28	6	10	28	555	6	569	21	5	9	4	5	10	227	10	34	3	37	53	7	25	483	5	13	6	4	6	27	3	27	48	10	2	8	11	4	3	1	30	39	1	17	24	6	24	112	1066	2	3	5	23	288	8	10	7	35	25	20	41	5	476	8	1190	54	3	3	104	84	23	14	6	1255	3	6	5	72	28	448	3	1	2	13	2	36	1	19	3	0	17	1	30	3	41	37	5	149	12	4	5	18	9	2853	10	5	298	2	10	5	34	21	437	1	6	1	3	1	16	7	6	15	6	18	8	9	315	355
G[Ins(T):R(8,)]A	33	0	277	31	7	1	12	0	159	14	0	2	4	4	4	30	1	5	6	10	1	0	0	0	138	9	596	4	3	0	6	26	3	0	1	9	5	39	0	1	93	37	2	278	1	6	1	123	737	1	15	0	2	0	7	18	3	11	31	76	0	151	0	0	0	9	1	1	1113	2	13	161	1	3	8	3	1	1	2	16	245	286	5	10	1	11	161	7	12	676	11	3	13	14	36	9	6	4	0	0	3	2	1	224	20	5	16	0	10	0	6	523	2	9	0	4	26	1	0	0	6	17	2	30	7	23	3	0	0	745	2	4	7	3	37	9	64	5	8	32	6	703	4	5	7	13	1	1	0	2	2	58	0	3	19	381	0	0	7	184	0	16	4	206	22	1	52	1	293	4	0	18	4	6	15	78	0	20	6	2	0	9	125	1	13	0	1	0	1386	18	17	153	0	2	0	0	3	1	0	1	1	5	4	12	4	3	16	328	628	52	4	308	85	17	3	6	4	311	13	2	2	16	2	30	83	5	5	6	7	2	2	13	1	181	2	567	2609	3	14	7	38	28	401	439	2713	6	16	102	4	38	2	79	1	66	2	161	3	8	343	9	3	9	0	7	19	40	16	5	396	23	74	307	6	95	48	1	55	5	2	8	34	519	4	2	7	402	10	2638	9	797	0	1	4	21	2	49	10	0	5	3	5	12	31	512	6	278	7	2	18	294	53	4	334	6	2	52	11	28	49	3	16	2	12	25	370	4	451	4	6	10	1	0	5	148	5	23	2	17	43	10	14	506	4	10	1	2	7	16	1	19	27	11	1	16	11	6	2	0	17	12	3	17	20	3	17	89	780	6	3	1	20	219	7	6	7	37	29	8	31	25	322	6	1117	54	2	4	79	63	28	5	2	947	2	7	5	38	32	340	7	1	5	4	3	25	3	16	5	1	18	1	26	2	29	31	12	101	4	11	4	10	5	2079	6	1	286	1	11	2	26	20	243	3	2	2	3	3	11	2	6	7	6	9	8	6	194	318
G[Ins(T):R(8,)]C	24	0	241	36	13	0	6	0	154	30	5	1	1	1	5	31	2	0	4	18	2	2	0	0	126	5	546	3	4	0	10	27	3	0	2	3	2	36	0	1	107	29	1	259	0	5	0	164	1005	0	10	0	5	1	13	17	2	12	23	65	0	177	0	2	1	10	8	6	1391	5	18	131	1	1	13	1	3	2	2	13	280	289	4	15	1	8	235	4	15	577	18	0	9	15	56	8	7	7	0	0	4	2	2	222	17	5	15	2	6	3	4	508	4	9	0	9	22	5	0	0	10	8	4	40	5	10	3	0	4	732	0	4	6	1	31	9	91	12	3	29	5	767	2	5	9	12	3	0	0	3	2	56	0	3	23	369	1	0	4	188	0	9	3	281	18	0	63	1	290	0	0	8	5	11	20	79	0	23	2	1	0	12	105	1	13	2	0	0	1182	15	15	130	3	3	0	0	4	5	3	0	2	11	5	25	4	3	6	308	540	41	7	280	96	20	14	13	4	350	9	6	0	10	1	19	78	3	4	2	8	3	3	10	1	227	1	560	2837	6	13	8	43	26	365	369	3368	6	14	97	7	33	3	85	6	78	1	167	2	6	387	10	4	13	0	17	28	32	19	6	365	21	103	342	5	95	61	0	53	8	5	11	33	420	6	5	4	399	13	3377	15	806	0	2	3	26	5	41	4	4	3	1	2	6	33	535	4	266	8	1	15	317	54	9	365	3	1	77	7	29	62	2	20	1	5	13	486	5	466	10	4	7	5	3	12	167	9	30	1	36	39	7	11	551	4	16	0	2	10	13	1	43	30	10	0	10	15	2	5	0	15	21	4	17	18	3	21	107	800	1	3	2	19	184	8	4	4	30	20	12	29	13	294	10	1026	46	4	2	84	83	27	9	0	1061	3	3	7	35	40	290	12	0	4	6	2	33	4	12	5	1	23	2	21	1	25	30	15	92	3	2	4	9	7	2091	6	2	276	2	5	5	37	7	305	2	1	2	3	1	12	5	8	7	4	7	6	8	181	335
G[Ins(T):R(8,)]G	41	1	404	40	14	4	6	0	194	30	3	2	3	2	2	23	1	3	6	12	2	2	0	0	94	5	771	2	10	0	8	31	1	0	1	6	0	45	0	1	67	37	2	373	3	4	0	70	824	0	15	0	1	0	12	14	7	17	26	99	0	72	0	0	0	13	4	4	1302	4	19	182	3	1	16	0	3	1	3	21	318	358	2	16	3	7	115	8	9	952	9	1	5	20	97	7	9	5	0	0	3	2	2	270	15	2	17	0	10	0	8	690	7	15	3	3	16	8	0	1	10	12	1	32	6	23	4	0	2	993	2	5	10	5	28	7	49	12	5	33	4	948	3	4	7	18	3	4	1	5	1	88	0	2	24	555	1	1	7	226	0	23	7	139	16	0	34	3	324	2	0	15	1	11	23	35	0	23	1	1	1	13	149	1	18	4	2	0	1776	17	19	186	2	8	0	1	4	4	1	0	1	8	9	14	3	2	13	432	710	44	8	319	130	14	6	10	1	513	15	7	1	10	5	32	79	2	9	5	6	2	6	14	1	120	7	795	3209	5	12	8	45	22	516	414	3089	5	13	80	2	44	2	98	11	99	0	243	3	8	197	12	6	16	1	23	36	46	21	23	588	25	144	421	9	139	67	0	46	6	4	9	50	628	8	5	7	520	14	3256	16	1112	0	3	3	22	6	87	6	2	5	0	4	12	32	709	12	376	6	2	18	354	69	4	409	2	0	87	13	26	45	4	21	2	9	21	561	8	591	9	1	8	5	8	13	205	8	27	4	40	59	16	18	623	5	16	1	3	6	21	1	22	32	9	0	16	11	5	1	0	17	24	5	23	8	3	29	113	1036	5	1	0	14	336	4	6	4	43	26	15	38	10	426	19	1392	39	2	0	98	69	22	6	0	1282	1	7	6	55	21	482	5	0	3	6	2	44	3	14	2	2	22	2	25	2	31	34	6	133	9	5	6	6	10	2648	9	8	341	4	8	6	47	21	382	3	1	1	4	4	16	10	8	10	10	15	6	8	285	421
Del(2,4):R1	14	24	66	10	12	30	40	0	58	14	330	99	10	1	22	19	18	3	31	16	77	48	3	0	5	11	12	6	22	0	12	9	9	14	63	43	96	26	0	46	16	5	8	90	7	13	15	10	85	72	29	5	40	2	15	27	13	18	15	17	10	19	0	14	0	9	22	18	86	22	19	39	11	16	53	14	15	6	38	39	127	34	17	5	9	7	19	28	27	104	5	48	10	17	13	36	17	9	9	48	13	14	25	27	11	14	20	8	8	35	13	94	14	18	18	63	14	10	8	1	48	30	24	7	90	12	16	0	32	176	10	20	8	13	28	7	13	14	3	8	3	245	9	4	3	15	23	41	23	21	17	16	0	3	9	90	53	41	5	114	0	9	10	37	27	0	9	10	124	40	0	22	43	15	16	15	0	16	7	9	11	9	60	9	7	9	24	7	73	17	20	32	8	66	1	0	12	5	3	12	26	14	39	10	6	18	8	97	195	34	42	180	10	15	79	19	297	641	56	101	52	28	6	95	24	33	12	227	18	37	140	54	7	18	9	27	251	36	11	9	9	11	250	258	43	58	70	19	101	30	14	39	32	41	32	114	18	30	50	12	91	67	26	10	40	32	54	22	129	21	56	391	7	52	20	9	29	26	6	24	11	343	38	7	38	233	34	54	29	465	12	49	9	21	26	25	19	17	32	7	13	20	17	302	20	55	15	50	10	240	9	69	503	63	8	78	11	38	18	34	89	14	3	32	271	24	169	14	9	92	6	21	52	34	37	17	9	15	36	30	47	146	19	6	26	10	33	17	1	43	10	216	11	54	10	25	21	5	19	13	9	14	83	25	11	15	97	29	99	11	51	67	18	38	18	30	5	24	25	8	175	16	1101	119	9	25	25	92	50	81	8	875	45	11	14	9	9	150	55	36	91	31	25	19	18	23	5	3	25	37	54	14	10	32	10	49	78	35	29	21	40	650	38	74	27	27	27	9	26	9	82	21	6	14	18	14	27	10	17	53	44	21	40	26	117	315
Del(5,):R1	18	12	20	8	13	59	38	1	13	34	90	89	13	6	22	11	84	5	242	26	7	86	2	1	7	17	16	17	32	0	6	10	4	5	20	227	47	15	0	85	8	9	85	13	5	48	89	5	14	83	21	7	55	5	23	25	9	7	18	17	2	8	0	9	1	5	55	65	11	21	17	7	18	3	37	13	113	8	47	14	15	7	6	4	0	9	14	148	29	17	6	45	10	15	20	31	93	6	4	43	55	36	195	24	10	38	26	21	8	121	30	12	22	16	20	147	21	78	9	0	180	24	23	4	134	7	32	0	7	20	73	86	6	27	32	6	14	10	0	12	2	37	23	5	1	12	26	31	26	31	8	10	0	6	14	7	85	45	10	19	0	22	29	31	28	0	4	7	5	146	0	19	65	20	7	12	0	15	6	6	5	7	55	32	11	18	55	5	30	14	17	15	53	80	4	1	63	4	4	9	20	23	189	6	0	14	12	16	23	38	30	23	16	19	175	15	235	85	34	39	74	49	6	13	45	75	29	761	27	8	183	109	46	33	10	13	49	52	9	10	16	18	326	29	23	41	264	7	28	50	5	66	91	36	166	49	19	43	13	13	76	55	51	21	55	50	55	21	31	5	22	79	6	19	10	16	15	69	10	40	17	32	109	48	56	223	34	76	37	59	76	90	11	15	41	5	21	11	201	10	20	21	15	40	19	25	11	60	18	46	22	58	109	195	43	25	34	25	31	36	42	20	6	82	56	90	92	21	17	91	19	99	95	23	69	26	16	27	46	5	67	51	45	7	29	42	105	27	18	44	11	43	15	53	13	185	24	11	28	10	27	17	60	37	18	15	145	58	35	37	33	15	18	62	81	35	13	33	16	5	59	40	156	55	16	40	33	178	48	54	18	101	54	6	11	20	7	28	53	50	104	169	31	10	27	24	10	5	32	50	55	10	13	48	9	63	136	219	98	39	66	70	108	103	36	114	44	11	26	14	24	117	19	17	63	7	41	9	16	153	41	23	25	31	39	42
Del(2,8):U(1,2):R(2,4)	61	53	370	10	18	10	27	0	345	30	1777	69	38	10	15	43	17	3	32	34	346	25	2	0	24	26	41	5	16	0	17	24	25	134	165	49	260	59	0	24	21	15	12	102	7	23	9	13	431	54	55	6	116	7	17	50	19	102	10	162	5	34	0	18	0	9	17	29	426	46	40	245	9	73	138	18	19	7	19	78	1085	235	20	9	2	15	52	28	36	390	12	90	17	29	99	107	26	19	6	103	14	17	21	194	6	22	15	10	8	32	19	422	46	29	24	30	41	13	15	1	32	44	27	16	77	69	17	0	66	472	10	11	8	20	61	11	37	38	3	51	4	1511	4	21	0	38	78	68	24	18	11	34	0	2	26	442	44	66	7	968	0	20	15	38	43	0	12	26	480	28	0	34	43	15	38	18	0	28	4	16	14	13	303	12	13	16	15	17	166	39	26	164	11	52	2	1	13	8	5	18	17	18	29	20	37	26	27	407	1024	52	119	432	18	14	49	18	80	1096	30	464	40	43	11	45	57	18	19	131	22	167	48	29	2	24	19	63	295	54	17	10	21	5	551	553	78	223	90	44	356	55	31	43	28	40	20	231	34	29	52	20	116	196	13	12	53	41	56	24	591	38	148	900	13	106	59	14	26	26	8	25	34	755	26	9	41	532	77	95	52	724	11	26	14	15	36	86	51	15	35	8	14	43	42	815	13	214	32	33	22	322	15	220	1117	66	6	227	17	44	59	64	71	28	5	58	553	22	263	19	26	243	13	17	59	193	49	28	10	21	69	228	41	824	44	16	23	7	36	29	7	40	16	634	14	33	18	15	22	4	35	21	7	15	201	99	47	30	103	24	681	6	27	229	19	49	20	44	29	66	30	3	417	23	2054	238	9	85	43	135	68	285	9	1220	42	22	11	49	18	252	188	20	41	29	45	25	76	21	11	4	56	40	32	11	27	65	22	84	58	24	32	55	160	523	49	207	71	20	49	9	41	17	258	18	7	4	14	13	50	18	31	51	34	21	61	31	341	1062
Del(2,):U(1,2):R(5,)	14	6	1061	1	6	6	1	0	1046	9	111	13	5	1	6	8	7	1	6	6	56	8	0	0	23	4	70	10	11	0	8	4	17	15	22	15	42	18	10	3	6	6	2	284	9	4	6	7	1213	4	8	1	24	39	3	21	4	160	10	211	23	15	0	1	0	10	3	5	1334	11	23	416	9	16	35	3	3	3	9	24	2406	541	7	3	1	1	36	12	21	871	1	15	8	13	68	27	6	7	4	3	2	4	5	316	2	5	4	1	4	9	2	1186	11	1	12	16	17	1	6	0	17	9	8	1	29	23	4	11	23	2837	1	4	4	13	8	2	8	5	1	11	0	3864	2	9	0	6	28	12	1	11	10	10	0	0	7	1030	2	5	0	2436	0	10	2	19	21	0	4	7	1764	10	2	6	23	2	13	8	5	3	10	2	2	7	147	6	4	4	7	1	440	5	6	277	1	22	3	0	3	20	1	6	6	5	10	13	16	10	14	798	2928	33	32	1522	12	3	24	6	12	4837	8	44	11	9	3	16	24	12	8	24	20	48	18	19	0	24	7	197	1391	14	9	7	12	5	1494	2427	103	63	63	149	42	26	33	34	6	10	6	314	10	6	79	5	57	42	5	7	34	23	16	9	1316	32	364	3524	9	324	19	7	37	13	8	5	10	1553	12	6	14	1446	31	175	17	2551	13	12	6	13	9	289	29	2	9	4	5	34	19	2976	8	212	30	9	10	1989	15	55	6737	14	6	107	5	18	35	16	16	3	5	24	2499	6	760	9	18	31	5	4	17	401	12	8	10	13	37	41	15	871	13	7	7	11	15	13	4	10	5	117	5	8	13	19	7	2	27	8	5	11	70	38	16	20	224	8	52	8	9	299	9	25	11	29	8	11	11	5	799	11	10303	63	3	24	21	124	36	75	5	6769	10	12	4	12	10	384	30	8	21	10	15	12	20	16	2	10	28	14	10	14	13	26	9	122	14	8	4	22	50	2901	25	49	203	13	24	6	28	6	895	1	5	12	4	10	20	24	10	31	10	11	23	11	1173	4325
Del(3,):U(3,):R2	43	9	176	8	10	7	16	1	149	16	214	31	38	8	13	46	14	15	31	20	321	11	5	1	12	13	26	11	11	0	6	13	15	104	6	57	55	43	0	11	13	19	11	19	12	12	12	11	153	18	48	15	12	15	19	40	15	58	12	105	4	23	0	12	1	17	18	22	182	18	58	151	10	59	28	27	6	10	4	80	557	119	33	9	2	6	25	34	26	190	12	28	25	21	27	11	15	10	23	9	20	9	15	105	8	14	14	5	10	20	17	210	17	32	43	23	26	11	9	0	21	55	30	25	70	24	23	0	17	177	11	22	10	30	54	6	26	34	3	56	2	678	6	3	6	38	14	9	9	9	30	24	0	5	39	224	15	16	6	331	0	25	12	23	38	0	12	47	216	29	0	34	50	17	36	12	0	20	4	23	31	17	226	20	10	13	30	21	77	21	17	97	7	60	8	1	16	4	5	18	11	21	25	26	39	33	18	245	537	37	8	183	26	16	35	9	68	571	20	40	21	58	6	23	48	20	11	54	7	178	23	32	2	14	19	13	86	31	17	9	22	11	269	242	30	27	111	15	40	68	36	59	11	45	13	48	27	19	30	15	101	28	9	7	37	45	55	21	319	15	63	470	9	75	33	18	15	10	9	14	27	528	19	11	12	270	15	33	44	394	10	15	4	20	12	41	15	16	24	9	5	30	34	266	16	51	58	13	15	144	19	43	381	44	10	247	21	29	43	8	31	20	10	48	154	22	129	16	61	33	11	18	22	102	38	21	8	16	60	139	20	657	14	13	15	6	22	29	5	19	29	146	18	23	24	27	25	7	25	22	5	15	24	68	48	34	60	17	44	12	20	131	10	51	8	30	26	71	27	6	224	25	632	79	8	8	30	50	50	25	8	461	21	38	8	31	17	53	23	15	20	17	38	16	12	21	5	6	51	32	14	5	23	82	15	62	26	15	30	48	24	71	40	153	57	17	23	1	42	25	142	22	11	6	8	16	30	27	27	66	33	17	10	36	220	361
Del(3,):U(3,):R(3,)	26	1	183	8	3	3	4	0	167	4	59	7	10	2	2	18	7	7	7	2	110	5	0	0	6	16	20	12	6	1	2	8	12	44	3	20	23	15	1	1	8	4	4	8	6	4	8	3	148	5	19	3	2	59	2	19	3	32	13	69	5	8	0	2	0	10	4	2	175	6	21	89	23	29	12	6	3	3	1	25	365	99	22	5	4	4	15	21	16	205	6	6	3	12	27	4	4	6	7	1	4	5	10	73	0	2	7	1	10	10	6	196	3	10	25	11	14	2	7	0	14	23	12	8	26	5	5	14	17	267	2	4	2	11	20	1	5	24	1	12	0	639	1	2	0	14	1	3	1	3	21	10	0	0	11	197	4	7	6	265	0	25	5	11	16	0	5	22	184	5	0	6	27	2	29	6	1	11	2	4	19	12	116	10	12	3	9	11	61	8	12	77	1	24	2	1	8	4	1	5	3	3	5	32	14	9	2	183	445	27	10	166	8	9	15	11	8	591	10	11	9	25	5	16	31	6	5	11	6	98	2	16	3	8	3	29	214	8	9	2	8	5	234	256	37	10	56	19	8	21	25	25	6	12	10	38	12	4	15	8	45	13	5	5	14	32	24	15	284	6	70	402	2	44	30	9	13	9	4	4	9	451	8	3	8	238	5	39	30	505	7	8	5	10	7	45	7	7	9	7	3	15	21	411	9	48	29	5	11	161	11	24	489	22	1	136	8	21	28	4	12	7	3	30	301	3	169	14	34	11	5	5	5	93	6	10	8	11	28	88	8	386	11	10	6	1	9	27	1	14	13	66	8	12	9	7	10	3	18	14	3	12	14	41	24	22	49	5	20	13	10	133	5	29	4	17	12	39	11	1	201	21	1039	28	3	4	10	16	30	6	1	767	8	16	4	14	9	69	11	4	2	17	19	9	3	16	2	4	38	10	4	2	13	33	4	39	11	3	8	16	13	265	18	90	46	8	6	7	17	13	127	3	1	3	7	16	23	8	10	24	13	22	4	19	225	602
Ins(2,4):R0	19	8	28	7	3	22	5	0	19	53	8	16	1	2	4	13	2	7	3	0	3	3	1	0	81	7	57	3	15	0	20	11	2	0	10	4	1	11	0	4	94	6	2	52	3	6	5	51	57	7	0	1	9	0	0	23	3	3	2	5	79	97	0	5	0	10	23	9	63	3	11	11	2	0	33	3	2	3	15	15	30	15	1	2	6	4	76	14	69	61	2	5	6	7	6	13	7	7	1	3	2	3	5	16	0	4	5	4	3	8	1	52	7	2	5	29	10	3	4	0	32	1	2	5	8	5	2	0	1	72	2	9	3	3	56	1	34	0	0	3	2	97	2	3	1	5	11	6	1	4	0	17	0	1	4	41	11	2	2	33	0	6	6	202	6	1	21	2	12	12	0	5	6	0	2	27	0	12	10	3	2	6	15	3	2	3	5	4	158	13	6	8	6	6	1	1	13	2	1	2	2	0	3	2	0	0	6	33	49	60	43	100	23	9	238	20	178	647	105	9	21	19	36	20	97	25	27	19	3	11	9	35	9	385	12	179	2050	99	18	23	38	24	409	151	734	64	52	30	7	55	13	43	11	28	20	216	11	10	544	12	14	64	33	19	29	59	22	37	107	57	92	339	7	33	58	21	36	11	6	18	30	442	28	19	12	370	31	720	20	643	13	9	16	15	15	47	23	9	26	10	24	11	16	349	27	222	8	48	16	99	17	43	211	19	11	53	26	109	48	28	145	9	7	48	533	12	204	8	9	40	11	10	42	60	13	12	18	38	42	8	24	178	11	15	8	15	79	26	13	24	22	25	18	119	10	26	10	8	19	6	13	18	60	37	23	40	484	119	34	7	21	170	14	13	20	73	19	22	25	18	199	36	989	96	14	37	36	49	46	107	17	792	13	13	25	22	17	744	15	5	24	23	17	29	20	22	20	7	50	7	24	66	44	49	15	101	31	17	24	28	56	1205	32	12	116	34	36	24	69	12	123	10	8	12	8	17	51	10	16	38	19	22	22	14	165	222
Ins(5,):R0	10	0	13	5	5	16	2	0	3	9	3	14	1	4	3	2	6	3	4	2	0	2	2	2	11	8	13	2	16	0	22	8	0	0	2	7	4	8	0	0	22	4	3	10	0	3	2	15	11	8	3	2	2	1	1	9	1	0	2	5	0	13	1	1	1	6	34	5	14	2	2	6	0	0	7	1	0	2	8	4	10	4	1	3	2	1	20	14	7	17	0	0	2	8	1	1	5	3	0	3	5	4	6	4	0	0	3	1	0	14	1	7	4	1	1	16	3	7	2	0	22	4	2	2	2	0	0	0	0	16	0	14	2	3	10	0	17	3	0	1	1	7	4	3	1	4	2	3	1	7	0	5	0	0	3	9	7	4	3	3	0	12	4	43	1	0	8	0	4	10	0	4	3	1	3	4	0	2	1	1	1	2	9	5	3	8	17	1	36	4	1	1	3	0	0	0	3	0	4	1	2	0	5	4	1	1	1	18	16	71	37	115	24	28	336	25	41	604	81	28	18	46	12	27	108	29	71	49	21	22	21	59	123	438	22	182	1966	86	18	51	30	42	526	234	534	60	87	38	16	92	19	118	43	23	53	173	16	14	572	15	27	60	61	14	22	72	21	39	189	63	91	412	12	116	53	39	42	37	13	21	43	400	43	92	13	380	34	605	32	572	139	13	40	22	15	59	23	6	38	26	42	55	23	315	43	222	18	25	16	350	39	56	233	41	87	68	99	76	62	60	76	20	20	137	533	33	262	16	28	64	53	48	36	74	23	17	26	41	78	18	34	232	79	8	18	96	79	66	52	34	22	32	24	125	20	63	13	29	32	13	61	30	86	52	28	61	550	153	48	31	93	149	10	48	134	69	22	32	53	7	208	81	782	81	23	50	53	64	57	99	22	563	26	19	39	35	17	638	49	26	33	63	49	36	32	23	13	7	44	24	18	42	36	70	11	97	28	38	78	53	45	1359	77	54	127	40	57	31	80	20	108	32	68	63	28	20	37	17	21	80	27	35	35	18	126	172
Ins(2,4):R1	26	5	7	5	1	18	7	2	24	17	20	34	3	3	9	21	4	4	20	17	2	4	1	0	17	25	25	5	5	0	5	14	4	2	10	11	8	26	0	12	16	8	3	17	2	3	2	12	12	15	16	1	12	4	3	17	4	0	4	7	2	19	0	9	0	3	4	23	20	9	3	6	2	1	13	5	1	1	12	19	26	8	1	3	2	7	11	4	16	21	5	6	8	13	4	10	6	7	4	16	2	9	18	14	4	7	14	6	6	2	8	31	6	12	6	30	22	3	5	0	5	9	3	12	11	4	7	0	2	25	4	2	6	2	16	0	8	2	4	19	1	33	2	3	1	5	11	6	6	14	2	9	0	6	1	24	35	16	4	19	0	12	7	24	20	0	6	3	14	7	0	15	8	3	13	10	0	24	3	6	1	4	25	2	1	6	4	3	65	13	18	9	2	5	2	2	5	1	3	5	8	2	8	3	0	2	5	13	20	21	20	17	6	7	91	9	1096	104	12	7	35	4	8	13	25	6	19	24	3	4	19	8	4	34	7	38	371	33	4	6	10	9	105	30	103	39	19	15	9	23	3	20	22	29	4	17	5	19	44	4	8	37	15	6	11	23	24	19	19	6	20	59	3	15	16	8	12	10	6	10	18	43	7	6	20	104	9	90	8	74	6	6	8	14	12	11	7	3	8	4	6	10	13	53	14	21	4	41	2	16	9	50	44	9	4	27	12	14	19	16	19	4	2	17	62	7	30	5	5	24	5	5	17	7	10	14	1	19	18	4	12	23	11	4	14	0	30	14	2	22	6	15	7	17	10	12	7	4	12	7	1	7	23	10	11	27	89	33	17	3	13	21	15	9	2	19	12	21	9	8	52	17	136	47	10	25	10	12	14	50	13	99	24	1	12	13	9	87	10	15	11	13	21	11	13	6	4	1	22	12	11	14	15	21	10	13	19	37	5	24	30	146	20	8	21	7	17	8	37	7	26	10	3	4	5	7	14	3	12	9	27	9	12	11	22	43
Ins(5,):R1	47	4	5	7	7	23	16	1	9	117	28	22	5	7	8	20	6	4	36	21	4	5	3	2	9	42	13	3	1	0	4	14	4	3	6	34	4	26	1	5	5	17	6	29	3	13	3	16	5	17	13	1	12	3	3	25	11	0	1	1	6	18	0	3	0	6	8	17	12	6	5	2	2	2	17	8	10	1	16	24	2	5	4	15	0	7	21	21	50	26	6	6	9	13	2	8	12	7	1	6	4	15	38	7	9	13	29	3	5	12	11	6	7	8	9	44	33	13	6	0	14	9	5	9	9	2	5	0	4	19	15	8	5	4	33	3	16	7	2	18	4	4	6	6	0	3	6	6	5	25	7	18	1	1	9	8	21	11	3	16	0	8	6	24	33	0	12	1	5	19	0	18	4	2	12	15	1	18	7	14	0	8	11	18	6	9	23	1	13	21	11	8	4	1	2	0	12	1	2	5	11	2	39	5	0	3	9	4	15	26	16	7	8	3	98	10	22	20	21	7	20	14	2	27	31	14	8	12	1	3	16	8	5	21	23	10	50	10	4	8	11	7	45	20	24	16	77	4	12	25	6	19	12	11	14	14	5	12	29	10	11	26	9	7	7	34	26	11	22	2	12	10	2	6	29	7	8	24	1	14	10	14	19	7	6	45	10	23	6	26	4	7	2	7	6	1	9	6	13	2	12	15	8	18	4	19	5	11	5	18	9	34	24	8	5	33	7	67	19	8	70	7	10	26	29	5	17	10	5	22	2	7	15	7	10	11	7	10	17	4	9	9	9	6	8	1	31	11	5	7	8	11	8	29	5	35	5	1	8	14	4	4	11	16	13	33	42	18	20	8	5	8	8	9	0	15	7	26	5	1	15	8	62	16	13	7	22	10	26	19	7	39	7	2	5	19	13	24	3	8	11	20	8	16	6	7	7	1	33	12	8	4	15	28	22	18	11	85	10	17	22	52	42	8	11	13	18	3	38	10	11	16	3	5	7	6	21	2	12	39	22	8	8	18	11	18
Ins(2,):R(2,4)	20	3	146	7	5	10	3	1	100	19	13	44	3	6	9	14	5	3	16	13	2	2	0	0	42	7	254	6	2	1	2	11	11	2	22	20	6	29	0	3	35	14	3	103	6	7	2	24	271	38	13	2	24	2	4	24	5	30	5	52	0	138	0	7	0	4	10	5	283	7	10	50	1	1	34	4	2	1	9	18	249	116	0	7	0	7	98	14	19	289	7	16	12	12	39	28	4	6	3	13	6	5	15	127	5	7	14	4	6	5	2	224	10	7	2	15	14	6	0	0	8	10	1	13	9	13	5	0	2	338	9	9	8	5	19	2	32	12	0	27	4	325	7	4	2	3	8	8	1	10	2	19	0	3	8	176	25	25	7	228	0	8	8	107	25	0	16	1	171	7	0	17	2	4	10	30	0	17	7	7	1	3	72	9	5	6	10	2	592	6	16	61	2	4	0	2	7	4	0	2	8	3	14	7	5	5	12	172	283	32	18	189	7	9	73	6	368	492	12	14	33	17	1	15	46	11	10	16	4	3	15	13	4	58	11	169	5234	20	13	7	17	14	243	271	611	46	54	36	6	27	7	31	8	20	8	122	11	9	159	3	4	45	12	4	23	24	19	18	180	41	54	324	11	93	24	5	26	9	2	15	19	336	15	5	19	233	17	632	19	522	6	11	4	8	11	57	14	5	8	5	7	15	11	390	8	123	9	49	6	178	15	30	308	16	6	45	10	42	28	22	29	5	5	22	280	6	250	5	2	15	4	3	25	71	17	13	3	15	45	14	20	126	5	6	8	5	26	18	2	23	6	15	4	16	8	22	2	3	14	10	6	3	38	10	12	36	363	30	11	4	14	140	5	9	8	35	12	12	24	4	241	19	910	33	5	23	28	38	30	67	6	737	22	1	5	14	15	269	9	12	13	10	13	14	27	9	17	3	18	8	7	8	29	30	10	66	22	37	10	13	30	1305	31	10	86	12	15	12	35	14	142	6	8	7	11	11	17	5	13	28	23	13	17	9	121	206
Ins(2,):R(5,)	45	1	738	14	13	10	2	0	458	25	7	12	4	9	10	35	5	6	9	16	2	5	1	0	71	9	1291	13	6	1	15	37	11	3	3	18	2	87	0	2	69	30	4	338	4	4	2	68	1387	4	14	1	13	3	3	48	8	121	7	191	3	146	1	2	1	15	9	3	1654	5	24	209	3	5	23	5	11	2	7	57	1022	660	1	16	1	12	228	12	29	1657	8	3	21	32	97	13	5	7	3	0	1	1	4	522	18	1	29	1	16	1	6	1185	8	16	2	18	47	6	4	0	14	16	6	27	2	46	3	3	3	1551	1	4	20	4	50	21	60	29	10	64	6	1789	2	2	9	4	9	1	0	8	2	74	0	5	19	993	3	3	9	834	1	30	6	185	55	0	34	3	831	4	0	36	6	2	26	52	1	48	8	7	1	17	239	4	15	5	5	0	3713	33	22	333	2	3	0	3	7	5	0	0	4	6	6	25	24	11	23	825	1645	97	11	976	45	23	37	24	22	2591	17	19	6	18	3	33	132	13	7	10	16	6	6	29	3	172	0	1093	37270	13	16	45	60	33	911	1536	5340	16	62	175	8	95	7	118	3	54	7	373	6	10	389	11	13	20	16	15	30	91	41	19	933	39	229	1865	8	353	104	8	96	11	6	16	78	1854	21	8	5	931	24	4826	30	3013	4	7	6	35	6	208	12	6	9	7	4	38	51	1943	16	468	10	5	18	1147	57	13	1576	11	5	91	31	54	123	7	57	3	6	70	1481	5	1332	11	9	16	9	3	26	360	9	47	4	41	121	18	16	687	5	16	6	8	22	54	5	40	22	20	7	21	12	23	3	1	37	47	2	26	23	20	57	167	2174	13	24	5	48	796	13	14	12	103	74	24	67	5	1073	24	4551	98	5	15	107	143	60	31	13	3992	8	6	7	63	39	593	11	4	9	15	7	51	6	22	43	3	67	12	23	9	63	71	26	263	15	35	14	23	20	9056	21	19	427	6	18	21	95	28	671	8	8	15	8	22	23	7	10	22	5	26	12	18	570	1031
Del(2,5):M1	24	22	83	7	9	23	19	1	80	7	833	86	20	3	22	24	15	8	33	16	100	44	4	0	12	15	27	9	19	0	7	14	8	28	43	52	257	27	0	42	7	14	11	32	10	23	19	9	94	75	22	7	37	4	16	34	8	33	4	50	9	8	0	11	1	13	20	22	95	14	34	71	14	30	31	11	15	9	15	45	180	52	16	2	3	7	24	22	19	97	3	44	15	9	23	27	28	11	7	61	19	15	22	44	13	18	16	2	2	31	12	98	24	16	20	49	26	15	13	1	35	30	23	8	95	15	14	0	53	126	12	17	7	18	31	8	15	19	4	22	1	318	11	3	1	20	19	37	25	16	16	18	0	6	9	83	41	49	7	135	0	10	13	35	25	0	10	14	102	55	0	17	63	15	13	7	0	12	6	14	11	13	82	9	9	13	30	10	89	20	17	47	16	57	4	0	18	3	5	8	16	15	45	8	10	23	15	132	226	36	56	167	21	9	57	17	258	463	20	348	47	30	7	29	37	21	11	238	18	63	119	70	8	20	8	34	218	41	14	10	18	6	312	257	74	76	84	17	278	29	17	39	46	37	29	121	29	35	29	9	102	73	20	16	39	34	35	28	175	20	52	325	11	43	35	5	17	26	5	16	14	321	24	13	39	301	20	86	27	446	10	42	12	15	28	22	24	11	22	9	4	18	25	250	17	101	14	49	13	164	13	87	468	94	6	121	14	29	23	32	42	26	8	33	289	17	147	19	17	143	9	24	62	66	51	29	15	22	48	71	32	283	16	7	30	4	33	25	3	31	9	497	7	22	7	34	33	5	24	22	5	20	64	42	29	14	99	25	277	12	32	101	10	58	20	28	13	43	23	11	162	22	1027	249	5	29	21	92	56	78	6	706	43	17	13	17	18	169	123	21	60	31	31	15	19	29	2	7	32	39	46	12	24	32	4	61	85	44	21	35	45	379	56	105	46	31	38	7	39	16	102	28	9	8	20	14	34	15	27	52	40	21	45	36	149	343
Del(3,5):M2	27	10	95	5	4	4	14	0	95	12	140	33	20	4	9	28	19	7	17	8	232	21	4	1	8	11	25	6	5	0	7	7	8	54	12	69	35	26	0	23	10	13	9	16	13	8	18	10	83	20	20	5	16	5	11	30	8	32	10	50	1	10	0	9	0	9	22	18	99	8	28	80	5	42	14	17	11	7	5	53	307	79	21	3	2	6	14	45	25	116	7	24	15	20	29	10	16	16	11	12	33	5	14	55	14	6	19	8	1	29	4	120	8	24	26	18	23	14	12	0	42	29	15	8	65	6	13	0	15	107	5	16	3	15	28	7	22	23	2	22	3	428	9	4	0	30	8	14	13	9	16	19	0	1	22	132	15	9	3	217	0	8	14	19	29	0	7	24	136	53	0	22	36	9	19	18	0	19	4	15	16	3	149	19	2	8	39	12	58	20	13	54	10	46	3	1	29	4	4	7	14	9	27	13	17	31	20	127	292	17	10	129	9	8	29	10	116	385	9	34	20	29	7	13	26	22	12	130	8	85	40	25	5	10	8	21	102	24	8	2	13	3	209	185	46	25	120	7	45	36	20	31	18	19	19	48	18	15	20	13	77	16	9	6	30	29	32	19	187	4	35	283	2	30	31	9	14	13	7	9	12	328	30	10	19	202	6	45	32	331	6	28	9	10	14	22	8	15	26	7	8	17	27	169	13	30	39	22	13	120	13	32	268	52	3	142	9	28	24	13	29	16	8	45	113	17	93	14	29	24	8	34	35	61	32	12	9	16	36	105	27	359	9	10	18	6	18	14	4	23	13	100	9	10	13	23	21	3	19	13	3	11	18	37	9	10	70	14	38	9	14	95	9	41	9	26	16	38	25	2	166	14	495	50	5	7	25	42	40	18	1	365	23	12	6	22	8	61	20	13	37	31	34	11	7	15	7	5	37	30	17	7	8	27	18	46	35	17	33	33	21	124	82	120	32	30	12	6	19	8	77	14	8	4	23	10	23	17	21	92	15	15	6	19	102	282
Del(4,5):M(3,4)	16	5	37	4	3	2	11	0	42	5	61	10	8	4	2	14	8	3	8	7	104	9	1	0	6	10	10	2	8	0	7	4	5	41	5	41	45	18	0	14	4	2	5	6	10	5	9	5	32	18	12	10	4	2	3	18	6	17	6	23	1	5	0	1	1	13	13	8	31	4	21	22	9	28	3	12	7	1	3	20	94	33	23	8	0	3	10	29	11	43	7	6	7	1	16	3	15	7	10	6	13	2	9	26	3	3	5	4	2	26	7	47	3	15	28	6	5	10	9	0	29	20	8	4	40	2	5	0	3	41	4	11	2	11	18	6	6	10	2	12	1	103	5	2	0	17	4	4	6	2	11	3	0	0	14	40	12	14	1	55	0	5	6	12	14	0	0	32	31	31	0	13	35	4	12	8	0	14	0	8	12	8	49	7	4	1	23	7	32	10	6	16	6	43	3	0	12	5	2	4	3	4	24	10	9	13	3	76	102	18	5	51	11	4	14	4	32	133	8	26	17	29	2	1	13	11	7	33	5	77	20	9	2	11	3	5	45	9	5	2	5	3	62	73	25	7	62	8	38	27	18	14	11	10	11	18	7	7	14	8	33	10	1	5	13	17	22	7	71	8	14	92	3	25	13	7	5	6	1	5	8	126	18	4	13	56	1	19	21	118	5	6	3	11	6	10	9	6	11	5	4	8	9	74	8	28	21	10	4	42	14	21	110	23	4	70	7	7	14	4	12	4	8	21	45	15	41	9	37	15	2	23	5	26	15	8	6	9	18	37	10	167	6	3	8	0	5	6	5	9	13	97	5	8	8	16	8	3	13	6	1	5	7	20	9	6	38	7	29	4	4	39	2	35	2	10	8	20	15	3	57	16	212	31	3	4	15	25	19	9	1	153	10	15	5	6	3	32	9	5	24	11	20	3	9	8	3	2	18	12	6	4	7	14	4	36	11	5	27	16	11	71	45	55	16	17	9	4	8	3	33	10	3	2	11	4	14	13	14	55	16	10	7	12	46	92
Del(6,):M1	8	12	16	10	11	40	30	0	4	22	58	82	12	2	24	7	133	4	166	17	10	65	3	0	4	9	10	7	27	0	3	8	7	1	18	366	45	23	1	66	4	10	134	11	3	49	98	4	10	57	12	5	35	7	11	27	16	4	10	6	3	2	0	5	0	1	56	54	14	20	13	15	18	6	29	11	160	12	36	13	11	6	2	6	2	6	8	179	29	13	7	42	7	21	12	17	116	10	4	21	58	32	150	9	6	25	26	17	6	127	31	13	24	9	16	106	17	79	7	0	199	10	24	4	78	2	18	0	5	18	63	71	5	21	30	2	9	11	1	10	2	16	36	7	0	4	13	28	22	34	3	15	0	4	9	6	68	30	3	11	0	7	24	23	22	0	3	4	8	192	0	10	51	11	7	8	0	15	11	6	4	4	28	35	12	6	89	3	16	16	21	15	66	57	2	1	96	5	0	7	18	11	152	8	1	7	8	14	15	19	21	49	16	13	139	8	206	156	25	27	53	41	10	8	22	108	12	669	31	4	155	82	14	21	6	21	51	39	5	10	3	9	282	71	32	23	330	8	19	27	3	40	88	22	210	72	35	41	16	9	71	48	49	4	44	38	52	14	53	13	40	122	7	18	15	10	12	65	3	36	11	82	126	21	38	239	22	31	34	143	29	83	10	13	42	15	16	7	263	7	6	15	11	89	12	60	3	33	15	97	17	62	255	165	16	35	15	32	15	30	39	17	12	53	130	91	106	13	12	63	7	103	86	15	45	28	13	21	44	6	53	51	21	7	21	23	78	23	11	25	11	34	10	29	15	259	18	4	27	8	7	12	45	18	8	10	175	37	25	17	19	41	25	39	34	24	11	31	11	4	49	26	595	63	10	22	24	194	40	44	12	320	35	4	8	12	11	81	20	39	88	193	24	14	14	20	9	4	34	47	36	9	11	27	8	88	125	198	98	36	59	124	166	63	22	163	39	6	21	12	44	150	11	14	81	7	51	5	18	175	40	23	18	33	52	136
Del(6,):M2	10	9	10	8	6	26	25	0	9	18	53	42	10	3	15	9	274	6	113	6	6	41	2	0	9	8	13	4	13	0	0	7	5	1	16	825	20	14	0	55	6	6	100	10	5	34	181	3	9	37	15	3	37	5	13	26	7	1	6	2	2	5	0	6	0	1	39	30	6	11	11	10	12	4	19	10	164	10	18	15	9	7	4	2	1	3	8	311	17	7	5	33	20	26	12	23	171	5	2	18	101	11	105	14	6	19	21	13	7	261	20	11	17	8	12	68	13	43	8	0	351	27	11	8	62	3	16	0	2	9	45	126	8	20	42	2	7	11	2	15	0	14	62	1	0	6	10	18	10	26	4	9	0	4	7	12	27	17	2	10	0	11	16	39	15	0	7	3	4	323	0	14	33	10	8	7	0	10	6	4	0	6	18	118	2	6	182	4	7	9	21	8	69	40	1	1	194	3	1	6	11	10	136	10	0	15	4	3	13	10	9	10	7	7	89	10	217	51	10	27	38	25	3	6	18	266	12	431	13	3	101	87	7	6	4	5	19	9	13	3	10	8	130	11	13	18	737	4	12	28	3	71	44	25	202	27	37	24	15	9	32	24	40	5	36	68	35	17	26	4	9	29	7	7	13	11	10	35	2	32	9	20	267	13	27	114	22	14	20	31	10	49	5	12	36	2	9	7	306	7	2	12	7	23	4	18	1	17	4	18	16	47	38	94	10	21	4	19	7	44	16	15	8	32	19	204	50	15	1	49	6	180	72	7	20	30	9	14	31	3	40	13	19	6	14	7	49	12	2	22	7	24	15	12	7	371	14	3	25	4	3	9	34	10	7	12	380	31	26	15	12	9	14	20	16	24	10	20	10	3	22	12	69	28	5	24	24	119	22	30	11	46	24	3	9	10	2	12	17	21	93	143	16	9	21	14	2	3	29	25	26	4	8	37	10	151	80	116	252	20	41	45	366	30	10	234	44	2	21	13	16	142	1	9	146	9	37	2	11	415	23	13	11	33	32	18
Del(6,):M3	7	6	8	5	4	8	17	0	6	3	29	30	8	2	9	5	197	3	57	7	1	18	2	0	5	2	5	7	6	0	0	4	4	5	3	645	14	7	0	28	0	4	74	5	0	18	143	0	6	6	10	2	30	2	13	20	4	2	2	1	1	1	0	4	0	0	30	16	8	9	7	5	5	1	13	5	82	3	12	13	7	5	2	5	0	3	3	274	12	5	3	25	11	10	3	19	133	7	1	5	87	12	55	7	1	7	8	3	3	188	11	6	9	6	6	49	10	24	6	0	264	15	6	3	28	2	10	0	3	8	20	92	3	8	31	0	3	5	0	6	0	12	47	4	0	5	3	16	10	9	1	2	0	2	4	5	19	7	4	9	0	4	11	18	12	0	3	4	5	267	0	18	19	13	6	4	0	10	3	6	2	3	12	85	6	4	134	2	11	10	8	6	36	19	1	0	138	0	0	5	8	7	93	5	0	10	6	5	2	10	15	14	6	5	46	8	119	33	12	10	15	7	0	4	12	184	1	201	6	2	46	65	2	3	4	4	16	3	8	3	5	1	84	16	14	8	640	2	6	18	5	44	22	13	113	11	34	13	2	6	20	18	14	4	19	60	22	8	15	2	13	25	1	9	5	3	7	12	3	13	6	21	192	6	15	66	20	16	8	32	4	22	2	3	21	2	6	4	189	3	2	10	4	22	2	6	2	11	6	22	5	33	47	42	3	13	4	12	4	29	18	5	7	29	21	160	34	5	3	13	3	136	33	1	13	10	5	3	24	5	15	11	7	8	8	3	26	17	0	10	1	15	3	15	6	272	14	0	14	6	3	3	18	11	2	5	281	11	8	11	9	7	9	8	7	14	4	14	8	0	14	4	99	26	3	8	10	65	21	14	6	57	11	2	3	7	0	16	8	12	67	75	6	4	15	6	3	2	20	10	9	1	11	26	10	132	47	43	165	19	28	28	291	15	6	143	43	3	13	6	8	101	0	4	109	0	22	4	5	316	17	11	10	17	21	25
Del(6,):M(4,)	17	7	10	7	6	15	12	0	7	8	38	28	7	5	10	7	227	2	76	8	7	13	0	0	8	5	10	6	3	0	0	6	9	0	8	623	12	18	0	20	3	7	64	10	5	11	151	2	8	11	8	3	29	1	11	20	6	3	2	5	4	3	0	9	0	2	43	18	7	9	15	3	5	5	18	11	82	4	10	17	17	5	1	0	1	3	3	285	18	9	6	11	22	11	8	20	165	10	5	5	82	8	45	11	8	12	11	5	7	208	17	16	11	2	13	71	15	21	17	0	285	26	14	7	17	4	18	0	2	24	16	124	3	17	36	2	4	13	1	10	1	24	52	6	2	1	17	11	6	17	1	11	0	1	8	9	12	7	1	11	0	13	7	28	19	3	4	2	17	258	0	10	9	8	18	2	0	10	3	3	4	5	12	99	7	9	151	2	17	7	15	1	46	12	1	1	146	2	0	8	6	5	74	13	0	9	4	10	11	11	11	21	9	3	97	6	95	59	14	14	13	25	3	11	19	223	10	131	9	4	34	74	4	14	5	7	68	8	8	1	6	2	78	32	23	18	661	14	11	17	4	75	22	13	110	19	35	10	16	17	21	22	20	4	17	62	24	17	22	6	10	41	6	12	11	9	11	25	3	15	9	32	213	2	11	75	23	18	14	66	8	12	5	11	24	7	11	7	221	5	2	11	7	36	10	17	2	11	9	37	13	42	139	37	4	26	4	21	12	20	43	9	7	31	37	180	48	10	9	24	4	148	18	5	17	14	8	10	30	7	14	28	15	11	4	2	80	13	0	20	8	25	7	18	5	282	6	1	21	12	2	7	21	35	14	15	320	10	18	56	10	13	11	15	8	35	10	13	19	3	36	17	210	28	3	15	7	36	32	26	13	99	13	5	3	13	2	31	12	12	62	80	19	14	12	12	11	3	27	16	9	8	13	30	10	156	38	72	201	31	26	67	309	13	7	185	42	3	30	16	29	88	3	9	106	3	30	7	8	382	17	19	14	21	45	60
Complex	0	0	0	0	0	0	0	0	0	0	0	0	0	0	0	0	0	0	0	0	0	0	0	0	0	0	0	0	0	0	0	0	0	0	0	0	0	0	0	0	0	0	0	0	0	0	0	0	0	0	0	0	0	0	0	0	0	0	0	0	0	0	0	0	0	0	0	0	0	0	0	0	0	0	0	0	0	0	0	0	0	0	0	0	0	0	0	0	0	0	0	0	0	0	0	0	0	0	0	0	0	0	0	0	0	0	0	0	0	0	0	0	0	0	0	0	0	0	0	0	0	0	0	0	0	0	0	0	0	0	0	0	0	0	0	0	0	0	0	0	0	0	0	0	0	0	0	0	0	0	0	0	0	0	0	0	0	0	0	0	0	0	0	0	0	0	0	0	0	0	0	0	0	0	0	0	0	0	0	0	0	0	0	0	0	0	0	0	0	0	0	0	0	0	0	0	0	0	0	0	0	0	0	0	0	0	0	0	0	0	0	0	0	0	0	0	0	0	0	0	0	0	0	0	0	0	0	0	0	0	0	0	0	0	0	0	0	0	0	0	0	0	0	0	0	0	0	0	0	0	0	0	0	0	0	0	0	0	0	0	0	0	0	0	0	0	0	0	0	0	0	0	0	0	0	0	0	0	0	0	0	0	0	0	0	0	0	0	0	0	0	0	0	0	0	0	0	0	0	0	0	0	0	0	0	0	0	0	0	0	0	0	0	0	0	0	0	0	0	0	0	0	0	0	0	0	0	0	0	0	0	0	0	0	0	0	0	0	0	0	0	0	0	0	0	0	0	0	0	0	0	0	0	0	0	0	0	0	0	0	0	0	0	0	0	0	0	0	0	0	0	0	0	0	0	0	0	0	0	0	0	0	0	0	0	0	0	0	0	0	0	0	0	0	0	0	0	0	0	0	0	0	0	0	0	0	0	0	0	0	0	0	0	0	0	0	0	0	0	0	0	0	0	0	0	0	0	0	0	0	0	0	0	0	0	0	0	0	0	0	0	0	0	0	0	0
