	Colon::CPCT02170035T	Colon::DRUP01230004T	Colon::DRUP01050002T	Colon::CPCT02050279T	Colon::CPCT02030357T	Colon::CPCT02120042T	Colon::DRUP01030018T	Colon::DRUP01010018T	Colon::DRUP01340016T	Colon::DRUP01020053T	Colon::DRUP01040016T	Colon::DRUP01010025T	Colon::CPCT02100019T	Colon::DRUP01090003T	Colon::WIDE01010460T	Stomach::CPCT02030347T	Colon::DRUP01050017T	Colon::CPCT02010882T	Breast::DRUP01010037T	Pancreas::CPCT02210016T	Biliary::DRUP01050048T	Colon::DRUP01010047TII	Colon::CPCT02010786T	Colon::DRUP01050001T	Colon::DRUP01050028T	Colon::DRUP01010051T	Colon::DRUP01010047T	Biliary::DRUP01080031T	Other::CPCT02010441T	Stomach::DRUP01070085T	Colon::DRUP01340017T	Breast::DRUP01010148T	Colon::DRUP01070080T	Colon::DRUP01010123T	Colon::DRUP01010122T	Prostate::CPCT02220030T	Bladder::DRUP01010020T	Colon::DRUP01070001T	Lung::CPCT02020308T	Bladder::CPCT02080273T	Colon::CPCT02080048T	Colon::CPCT02050211T	Colon::WIDE01010606T	Prostate::DRUP01050049T	Prostate::CPCT02330125T	Uterus::DRUP01110002T	Prostate::CPCT02050443T	Prostate::CPCT02020704T	Breast::CPCT02020680T	Breast::CPCT02020514T	Bladder::CPCT02020986T	Prostate::DRUP01070038T	Colon::CPCT02250005T	Prostate::CPCT02070140T	Prostate::CPCT02020704TII	Prostate::CPCT02070023T	Biliary::DRUP01010142T	Uterus::DRUP01010022T	Esophagus::CPCT02130140T	Prostate::CPCT02070023TII	Breast::WIDE01010069T	Prostate::DRUP01070026TII	Prostate::DRUP01070015T	Prostate::DRUP01070008T	Lung::CPCT02011050T	Prostate::CPCT02070164T	Prostate::CPCT02010654T
A[Del(C):R1]A	197	329	323	132	317	277	339	301	137	346	164	169	163	209	276	194	140	315	109	363	152	217	128	187	60	182	305	103	110	98	298	170	158	242	223	192	138	135	110	186	64	160	171	142	132	159	156	130	97	78	113	55	127	87	135	288	51	73	120	286	135	170	83	237	62	55	107
A[Del(C):R1]G	16	29	11	14	23	18	28	12	20	30	12	18	4	22	15	11	6	25	2	20	10	12	12	10	9	12	20	4	11	5	47	21	21	15	25	7	7	12	7	10	4	10	11	10	6	13	9	4	4	5	8	3	10	8	4	16	3	5	11	16	20	12	6	16	6	1	4
A[Del(C):R1]T	29	38	32	21	22	27	22	29	16	41	18	17	19	20	34	39	18	26	18	35	13	22	14	17	6	18	42	18	10	23	29	34	23	23	24	22	9	19	21	15	72	16	16	13	13	13	13	20	12	14	19	11	9	9	20	30	10	8	26	26	28	14	15	21	8	11	12
A[Del(C):R2]A	37	59	75	27	58	48	61	58	44	78	27	29	28	47	55	40	26	55	16	61	36	39	22	34	8	27	41	25	19	27	32	39	34	54	62	37	26	24	17	40	39	35	20	27	33	28	34	37	20	14	22	14	25	17	39	53	9	12	24	49	31	31	22	48	12	10	15
A[Del(C):R2]G	0	6	4	1	1	6	1	4	2	3	2	1	1	2	3	2	2	6	1	4	3	2	3	4	0	2	3	1	2	1	2	2	1	2	1	1	2	1	5	2	0	0	1	3	1	6	5	1	2	0	4	0	2	0	1	8	3	1	1	7	1	0	1	7	2	0	1
A[Del(C):R2]T	24	25	31	16	25	22	25	21	27	41	30	20	22	15	34	25	12	29	6	37	13	22	19	17	6	14	36	13	8	15	38	30	23	23	15	18	14	8	14	17	26	8	15	12	21	21	11	11	2	13	10	4	17	8	11	23	6	10	12	24	26	16	7	21	8	7	8
A[Del(C):R3]A	32	54	58	50	50	41	56	62	39	69	38	35	22	27	59	49	14	43	18	57	33	27	28	39	23	34	38	20	22	25	64	50	32	55	41	41	32	48	18	36	48	32	20	20	25	18	22	29	14	12	16	8	11	18	33	44	22	11	22	47	45	26	25	41	12	9	30
A[Del(C):R3]G	12	16	8	12	13	10	14	15	6	13	1	10	6	7	11	8	0	8	6	12	8	6	8	9	10	6	6	7	1	9	18	10	6	6	10	7	2	10	2	7	5	7	3	3	3	10	4	3	6	2	4	2	2	1	3	12	9	2	5	15	8	14	0	9	4	2	6
A[Del(C):R3]T	23	26	29	28	34	23	37	32	29	33	21	22	21	19	33	20	13	25	3	38	11	24	19	21	10	13	26	15	13	15	41	36	31	27	29	25	11	18	16	13	12	19	10	16	24	21	17	16	15	13	13	7	8	13	16	39	11	14	15	35	26	22	18	29	14	4	14
A[Del(C):R4]A	82	127	106	78	127	105	129	104	94	167	102	80	65	58	105	96	31	102	23	125	63	62	77	114	44	73	74	65	59	55	112	83	127	94	97	85	48	95	53	52	91	78	64	34	37	61	38	63	23	18	52	11	21	36	60	95	32	28	53	95	79	74	50	86	29	23	35
A[Del(C):R4]G	28	51	31	30	50	34	53	26	24	49	43	22	14	18	39	23	6	30	6	37	17	27	26	19	10	25	20	9	12	10	39	25	40	37	21	18	8	15	12	9	13	31	21	9	16	29	9	8	5	6	15	2	4	14	9	25	9	8	8	22	23	21	17	18	8	5	12
A[Del(C):R4]T	49	71	57	45	72	48	69	59	43	74	67	40	37	31	91	52	15	50	8	61	51	47	30	43	15	51	51	30	24	26	77	51	78	61	55	34	31	58	26	21	46	37	33	22	37	29	20	28	14	12	23	5	17	22	31	64	17	18	28	53	50	56	31	45	20	11	21
A[Del(C):R5]A	177	264	254	201	342	210	356	235	194	321	278	202	190	148	309	223	75	222	55	285	141	139	141	182	82	177	158	115	110	97	243	185	254	248	210	149	128	174	103	118	57	152	165	81	122	135	81	75	50	51	121	23	35	83	77	178	97	78	105	177	170	139	108	153	48	26	75
A[Del(C):R5]G	60	77	74	54	91	61	91	57	63	106	85	59	44	54	101	44	19	76	12	74	51	34	41	50	16	50	43	33	44	24	77	47	71	83	56	36	26	35	32	24	13	36	46	23	21	39	23	24	23	18	29	3	16	20	24	39	23	24	27	49	46	35	24	46	11	6	16
A[Del(C):R5]T	167	314	260	183	319	234	340	220	213	290	277	234	148	123	317	196	71	234	55	276	192	150	132	171	70	174	178	109	156	99	275	291	300	264	214	148	127	160	106	99	43	154	106	120	138	169	121	95	89	73	168	17	69	90	106	168	82	105	90	224	269	171	98	172	60	31	83
A[Del(C):R6]A	394	577	475	381	705	451	736	442	451	647	540	386	313	315	590	380	151	488	96	581	326	285	281	361	146	312	332	198	180	174	526	501	506	537	376	230	219	273	189	186	70	292	321	193	209	256	192	137	114	104	244	50	100	161	143	336	160	153	157	393	461	254	213	337	85	71	121
A[Del(C):R6]G	98	175	130	79	183	114	189	98	85	163	137	110	65	83	134	75	30	111	32	142	99	80	68	90	22	79	97	68	57	45	128	133	120	119	84	61	59	71	60	51	9	54	68	55	60	71	56	39	36	30	82	22	36	35	41	62	35	42	43	101	117	67	46	75	23	22	24
A[Del(C):R6]T	171	298	219	168	353	196	373	180	188	307	247	190	123	146	287	154	85	222	46	237	139	146	117	163	70	163	172	94	119	87	259	256	213	240	171	139	103	129	75	86	24	125	126	118	131	130	117	78	60	43	177	33	65	80	79	159	64	69	75	177	237	170	93	143	40	33	71
A[Del(C):R7]A	433	669	607	467	722	568	763	565	573	867	605	464	386	408	714	378	194	594	165	656	458	312	317	442	213	456	358	234	218	284	562	598	504	729	474	372	308	313	215	374	82	339	415	224	231	318	232	144	143	139	311	65	121	159	146	383	209	225	173	452	517	344	252	385	113	64	167
A[Del(C):R7]G	126	209	130	111	194	137	197	142	123	165	135	100	67	89	134	91	40	150	23	141	107	74	54	79	50	88	90	72	69	45	141	143	122	152	100	77	57	80	49	55	27	79	63	54	57	87	51	33	41	26	95	16	27	36	32	85	41	48	36	96	130	74	47	79	27	21	34
A[Del(C):R7]T	74	111	86	54	139	104	140	104	98	119	79	87	65	54	119	80	30	98	23	103	58	62	47	74	32	67	70	48	32	38	104	100	108	114	85	64	44	58	23	41	7	44	57	49	29	46	48	24	25	23	48	13	28	29	26	52	32	27	32	73	94	70	30	52	15	20	24
A[Del(C):R8]A	291	418	380	269	361	366	363	347	407	577	392	271	277	318	350	196	147	397	148	346	312	161	226	274	140	269	207	155	168	217	322	355	294	491	315	300	212	208	168	284	109	213	300	139	187	238	144	105	96	106	200	59	63	103	116	254	150	141	128	297	306	179	156	269	93	81	103
A[Del(C):R8]G	31	53	42	27	53	41	49	40	43	51	34	29	29	35	36	31	14	44	16	41	28	24	20	24	13	24	35	19	16	14	32	27	31	37	33	28	22	23	17	20	8	27	29	15	15	21	15	15	11	12	25	8	14	13	17	28	14	12	14	37	25	26	15	30	14	3	14
A[Del(C):R8]T	55	101	92	63	98	66	100	64	50	95	78	56	55	57	78	52	25	68	29	86	57	44	46	53	36	52	55	31	41	31	94	80	74	83	55	48	41	33	33	34	11	48	65	35	32	34	36	30	25	21	40	16	17	30	32	55	20	24	22	60	73	54	27	50	18	23	25
A[Del(C):R(9,)]A	59	99	62	51	64	57	57	70	82	113	75	45	67	63	74	43	34	75	40	57	73	40	43	61	31	56	45	46	33	43	70	94	44	86	64	58	55	31	36	72	45	56	68	23	34	61	25	28	24	22	55	17	18	33	27	65	38	31	32	74	77	37	28	62	22	18	34
A[Del(C):R(9,)]G	9	17	8	3	16	7	12	11	9	16	9	5	8	5	11	7	3	16	3	11	10	4	4	5	0	6	8	3	3	5	14	11	5	11	7	11	7	5	4	9	3	5	7	8	5	7	7	9	1	7	14	2	5	4	7	7	6	6	6	8	11	5	7	12	3	3	7
A[Del(C):R(9,)]T	11	12	9	11	15	5	14	11	9	15	7	7	10	7	14	6	9	9	6	8	5	5	7	7	6	6	6	2	5	4	11	13	8	13	3	7	5	3	5	7	3	4	10	7	2	8	6	3	3	2	9	7	3	5	4	7	4	4	4	8	14	4	7	8	5	1	3
G[Del(C):R1]A	7	12	9	5	13	10	11	18	7	20	9	5	9	8	7	12	5	13	0	7	5	3	4	12	1	4	5	2	7	3	7	16	8	5	16	9	6	6	4	5	3	8	3	3	5	3	3	6	8	6	3	4	4	3	6	14	2	3	11	10	12	5	2	7	3	5	2
G[Del(C):R1]G	22	41	25	15	37	52	39	23	25	49	25	19	15	27	33	23	10	50	14	49	17	22	16	21	6	12	25	12	15	14	46	21	36	40	29	26	19	19	22	29	7	22	17	15	12	23	16	14	11	7	14	5	7	12	13	42	6	18	20	41	17	21	18	36	6	3	13
G[Del(C):R1]T	22	29	28	8	20	24	16	25	7	34	6	22	21	8	15	15	16	15	12	15	19	13	16	30	3	13	21	7	10	11	41	10	16	18	21	19	20	15	12	15	25	17	9	8	10	9	9	8	17	9	8	9	8	6	9	26	6	28	19	16	7	14	11	16	9	12	8
G[Del(C):R2]A	9	25	20	8	12	16	13	15	11	13	13	14	8	14	16	20	10	15	5	13	11	12	5	20	4	8	11	9	8	5	32	23	26	17	10	15	13	20	8	15	0	4	7	8	17	9	9	17	8	4	8	6	4	6	16	44	9	6	19	23	22	11	7	24	7	3	13
G[Del(C):R2]G	0	4	3	3	5	7	5	6	1	8	2	4	3	2	7	3	0	5	2	5	0	1	5	3	1	5	3	1	3	4	4	4	5	1	3	2	1	3	1	7	1	2	1	5	7	4	6	5	1	1	0	1	1	4	4	12	1	4	2	8	4	2	1	5	2	0	1
G[Del(C):R2]T	10	23	27	17	20	25	18	16	14	24	16	15	11	13	13	12	8	15	3	21	8	14	11	15	6	9	17	6	15	4	28	17	18	15	20	17	9	11	10	16	8	9	13	12	14	15	12	12	5	4	6	1	1	9	13	31	9	13	7	26	14	17	13	20	2	5	6
G[Del(C):R3]A	13	23	30	13	19	23	21	23	14	21	15	10	8	9	15	26	5	18	2	17	12	13	16	25	7	15	11	8	16	11	38	30	36	18	36	9	5	18	9	8	4	10	8	10	25	9	12	14	9	4	12	2	1	8	16	61	8	10	13	30	24	16	22	31	7	5	16
G[Del(C):R3]G	8	5	8	2	7	6	8	7	4	7	4	13	3	3	6	7	2	3	2	2	5	5	3	5	4	0	5	3	6	5	16	7	4	8	3	3	1	10	3	7	2	4	2	3	7	4	3	3	1	0	0	0	1	3	3	19	2	2	1	12	6	8	4	11	2	2	2
G[Del(C):R3]T	13	12	16	22	19	23	17	20	14	19	14	17	11	12	18	16	6	13	6	25	18	3	17	15	10	18	3	18	13	5	45	17	22	16	16	18	9	20	6	22	3	15	6	15	19	6	17	12	5	5	11	1	7	7	14	50	11	9	4	30	18	25	24	29	7	3	10
G[Del(C):R4]A	61	69	162	120	98	147	96	134	82	91	83	48	21	68	74	64	10	92	13	103	37	84	70	107	39	76	90	26	39	43	249	68	83	102	145	56	31	122	25	97	5	47	46	37	59	33	39	61	17	14	18	7	19	20	64	328	25	34	42	152	67	61	61	136	26	7	30
G[Del(C):R4]G	35	36	85	45	40	65	45	57	44	53	20	25	12	45	42	31	3	57	5	61	26	37	33	41	20	35	40	13	20	13	116	17	30	43	69	16	18	61	9	49	1	17	14	18	26	14	15	27	12	6	8	2	10	17	30	165	23	10	19	87	18	31	19	81	9	2	9
G[Del(C):R4]T	41	49	68	62	57	60	63	62	41	68	67	36	11	33	73	48	6	54	9	59	40	42	42	43	19	34	47	20	31	21	113	57	70	56	62	38	22	60	23	47	8	39	17	26	38	26	25	28	14	8	22	3	10	17	29	136	38	15	30	79	55	53	52	74	13	7	22
G[Del(C):R5]A	157	196	264	189	255	269	260	249	175	233	193	138	71	170	227	164	49	187	35	315	100	177	149	192	76	169	205	66	92	73	518	146	229	263	235	122	107	210	76	183	7	132	100	84	107	68	84	109	40	32	62	16	52	47	118	335	68	74	102	232	134	119	121	219	45	21	74
G[Del(C):R5]G	75	82	75	56	89	120	89	66	76	89	80	66	31	58	111	54	9	81	13	110	34	49	43	56	17	52	65	23	29	22	153	62	76	96	78	46	41	65	28	53	8	37	41	33	31	29	33	28	20	9	25	2	18	27	30	86	26	28	35	82	56	44	26	67	19	10	17
G[Del(C):R5]T	159	198	290	154	276	233	285	200	181	239	183	153	97	139	252	174	43	190	47	266	98	166	124	179	62	167	193	72	98	59	451	171	196	243	234	114	87	201	70	164	14	113	107	94	127	100	92	107	43	41	79	15	57	62	108	280	53	64	83	205	157	123	99	181	52	23	61
G[Del(C):R6]A	246	367	427	313	423	515	421	398	275	377	282	244	154	273	340	257	76	331	74	494	167	324	214	275	99	285	389	137	117	121	925	264	275	364	370	158	176	299	104	293	21	170	219	149	162	138	149	151	50	59	121	16	95	70	165	503	89	99	159	366	241	179	166	324	80	46	90
G[Del(C):R6]G	122	239	151	109	201	186	219	126	140	181	145	115	55	102	172	94	38	167	24	168	121	103	72	94	44	90	133	72	53	43	330	172	111	169	156	67	62	101	50	119	11	61	112	101	74	65	104	60	25	49	144	11	35	46	62	161	53	48	54	179	136	82	50	150	21	7	36
G[Del(C):R6]T	113	227	213	184	242	225	253	201	162	187	164	164	111	135	186	122	67	189	44	262	120	160	132	143	69	134	200	75	87	60	416	207	151	216	180	86	82	135	66	127	20	101	133	89	93	83	90	92	45	39	123	29	60	50	96	262	53	73	87	193	206	116	102	168	52	32	60
G[Del(C):R7]A	209	296	295	206	319	314	315	300	230	316	242	198	111	232	267	170	79	249	52	305	168	178	156	210	79	203	204	101	85	100	469	215	223	323	274	142	123	180	113	239	40	130	152	109	122	129	113	101	50	51	98	29	62	63	106	268	83	108	87	231	204	138	135	192	49	32	80
G[Del(C):R7]G	75	150	117	68	129	108	137	113	98	124	102	83	49	64	102	53	24	99	20	90	69	68	65	63	42	74	82	44	38	32	166	80	70	109	92	53	54	61	40	63	6	47	70	61	41	55	59	39	25	33	47	5	22	19	41	91	28	24	31	99	76	50	41	70	18	18	28
G[Del(C):R7]T	79	101	102	81	127	114	131	80	68	102	92	74	63	57	119	62	33	87	18	111	76	74	54	54	38	61	79	35	38	35	172	100	86	125	109	36	41	62	40	52	10	45	51	40	36	57	38	40	23	24	51	9	21	24	49	94	30	38	26	86	93	42	46	67	14	24	30
G[Del(C):R8]A	143	199	227	165	211	216	213	218	182	236	175	131	145	188	143	113	84	182	54	220	134	108	120	168	77	155	130	59	70	105	282	137	165	250	167	122	128	128	75	209	51	117	162	76	73	92	75	85	39	51	62	19	28	39	86	201	56	77	86	182	122	123	102	170	49	29	65
G[Del(C):R8]G	31	60	54	50	46	42	48	50	36	50	31	27	27	38	42	29	14	44	12	46	29	34	27	29	17	41	47	26	27	18	62	37	31	33	40	23	20	31	17	41	9	16	29	23	20	15	23	19	13	11	28	3	12	5	23	44	15	14	12	36	30	36	16	30	5	9	15
G[Del(C):R8]T	48	74	68	47	75	69	72	68	41	73	50	48	46	59	60	34	31	52	9	71	37	44	45	55	22	48	52	24	21	30	115	43	51	70	68	24	30	59	25	62	10	45	62	34	23	29	35	21	12	15	32	7	21	15	23	67	17	20	34	54	39	28	25	48	19	13	21
G[Del(C):R(9,)]A	51	82	64	66	72	70	71	62	80	84	64	47	55	78	55	36	45	71	30	67	68	45	51	54	41	62	59	28	36	48	82	62	43	82	62	56	62	37	37	68	32	49	66	28	38	40	30	42	24	19	41	18	23	22	45	71	26	31	40	66	58	52	39	63	20	19	36
G[Del(C):R(9,)]G	19	30	21	18	21	18	20	22	24	28	20	14	22	17	17	8	11	25	9	22	24	8	16	20	6	18	11	16	11	12	24	22	15	23	17	13	11	16	4	21	8	7	20	15	9	11	16	10	7	8	11	4	5	7	11	22	8	11	13	24	15	12	9	15	3	4	10
G[Del(C):R(9,)]T	16	18	18	9	9	11	8	10	10	18	8	7	11	13	10	5	10	10	4	16	11	7	4	14	5	8	11	11	3	7	9	18	7	16	13	3	8	7	3	13	6	8	13	5	4	4	6	7	4	3	10	3	3	7	8	9	3	5	8	9	14	5	8	9	4	4	9
T[Del(C):R1]A	34	45	34	18	40	38	40	41	21	44	25	23	39	25	34	33	15	40	28	47	19	18	14	27	6	31	21	18	20	21	42	38	26	39	35	32	18	21	17	45	14	26	18	21	21	20	21	25	14	6	18	9	27	9	25	45	16	14	31	36	31	20	14	30	23	14	20
T[Del(C):R1]G	23	17	8	7	18	19	14	21	10	20	13	4	10	12	20	11	2	22	7	17	9	7	7	17	7	17	12	3	10	4	9	5	5	6	10	10	9	7	8	13	10	7	9	7	5	14	7	7	5	2	3	1	5	4	8	18	3	4	11	19	6	8	5	14	2	3	4
T[Del(C):R1]T	172	311	270	105	277	225	267	225	157	307	137	149	217	181	239	174	127	307	80	288	109	141	81	164	44	116	226	74	64	90	207	124	112	203	167	140	103	100	97	187	92	121	131	81	93	124	101	107	76	67	115	48	85	83	109	230	48	69	92	243	104	116	70	199	52	47	61
T[Del(C):R2]A	31	43	32	20	24	27	23	39	33	43	20	33	36	20	51	33	21	37	5	25	28	13	9	24	10	24	19	14	11	15	42	25	30	27	22	26	26	23	23	26	24	14	21	7	23	12	9	10	7	8	14	12	10	6	11	22	13	20	17	32	19	14	18	25	5	13	9
T[Del(C):R2]G	5	4	6	1	12	13	11	7	6	10	6	6	3	3	4	3	4	6	20	3	6	7	3	3	0	3	9	10	1	4	9	3	3	7	5	3	1	4	7	6	3	1	2	0	1	23	0	3	7	2	5	0	7	4	3	2	3	3	5	4	3	2	2	2	3	3	1
T[Del(C):R2]T	32	45	46	15	54	42	54	41	34	58	34	36	31	41	56	34	20	38	22	42	28	27	23	23	11	19	38	21	24	35	51	46	37	39	36	30	23	15	23	42	31	26	16	13	36	36	15	21	22	16	31	17	19	28	21	47	10	25	31	45	39	34	20	36	18	9	14
T[Del(C):R3]A	30	28	33	35	36	22	32	34	26	38	26	18	15	21	20	14	11	10	11	26	23	19	23	12	18	34	23	9	9	20	45	33	34	25	21	25	11	16	11	22	21	20	23	12	14	15	13	8	6	4	6	7	6	13	10	40	13	16	19	31	34	35	10	25	8	9	13
T[Del(C):R3]G	3	8	8	9	10	9	11	12	7	11	8	5	0	7	6	8	1	9	17	1	10	7	3	3	5	7	8	3	6	9	6	5	8	9	7	1	1	4	9	6	5	2	4	3	4	11	2	2	2	2	4	1	1	5	1	11	3	4	6	9	4	5	3	8	2	1	3
T[Del(C):R3]T	37	41	48	42	56	42	58	46	40	51	43	35	42	38	51	31	30	42	17	43	44	18	26	36	16	29	28	9	15	27	65	39	46	56	55	42	25	38	14	44	21	28	34	29	24	28	29	28	19	15	18	11	11	14	30	51	20	14	27	47	32	35	21	37	23	12	12
T[Del(C):R4]A	109	145	137	145	141	97	153	149	136	170	148	100	59	81	136	89	33	113	24	129	90	81	92	90	69	97	84	69	55	85	203	109	116	154	144	102	47	123	44	101	43	81	57	39	51	64	39	52	31	21	54	8	34	25	54	171	36	55	78	127	106	85	69	105	37	24	49
T[Del(C):R4]G	24	28	39	38	52	34	52	44	34	56	42	31	14	27	53	20	7	34	14	32	33	20	32	32	20	29	29	24	17	39	59	35	35	44	37	18	20	36	25	30	3	26	13	8	15	36	8	10	9	6	16	4	9	18	10	37	11	9	22	27	33	21	18	25	9	3	5
T[Del(C):R4]T	77	93	81	61	130	73	134	85	65	104	86	62	48	39	106	54	26	81	16	94	58	37	44	64	35	59	50	32	40	32	115	68	72	90	65	79	28	53	32	41	32	48	34	33	37	42	38	23	20	23	47	15	18	25	27	102	25	33	28	85	60	48	46	68	25	9	26
T[Del(C):R5]A	238	323	289	293	390	236	400	308	336	352	372	234	162	217	318	202	66	307	67	363	197	150	207	261	126	223	183	119	121	145	466	268	331	338	247	220	180	212	140	178	41	176	108	112	145	136	113	84	64	65	94	19	50	85	86	271	113	124	143	266	253	185	141	236	71	26	105
T[Del(C):R5]G	68	89	80	57	95	68	97	70	64	101	90	70	35	58	113	54	17	71	22	69	44	26	48	58	23	76	43	32	35	29	92	65	59	75	66	40	22	53	32	48	6	42	20	18	40	43	18	19	21	10	34	3	11	23	23	57	25	19	25	60	65	44	29	46	11	6	26
T[Del(C):R5]T	282	404	314	275	507	278	527	345	302	393	352	285	172	255	384	272	85	288	83	429	221	198	209	229	126	247	239	135	176	166	463	347	348	361	280	202	173	222	131	167	45	210	133	144	182	187	143	107	84	84	186	36	72	107	117	299	84	123	131	332	335	223	147	267	62	30	99
T[Del(C):R6]A	420	527	540	456	712	444	724	523	494	667	543	359	318	405	522	330	155	460	126	663	306	264	295	404	207	399	315	156	187	227	820	469	431	598	465	337	308	332	224	346	61	324	295	138	244	268	138	142	132	109	173	40	88	104	146	464	159	164	201	420	427	276	243	369	111	65	151
T[Del(C):R6]G	85	127	120	88	167	123	174	134	104	146	144	110	48	89	144	83	35	114	24	137	77	68	77	73	43	80	91	48	39	44	170	113	86	146	103	72	52	68	47	69	11	67	40	47	57	60	45	34	34	24	64	12	24	31	34	98	28	38	40	101	106	70	30	86	19	15	44
T[Del(C):R6]T	169	302	259	223	418	259	417	269	249	324	271	254	204	163	295	172	100	285	85	306	187	170	128	169	84	199	187	81	104	117	396	271	231	277	213	171	124	159	131	144	37	141	146	112	123	165	106	95	55	71	125	25	74	90	96	245	68	81	92	244	243	178	101	196	46	58	87
T[Del(C):R7]A	330	510	449	414	571	437	597	504	480	599	511	399	268	408	436	296	147	472	148	569	300	229	274	382	171	347	264	155	173	268	545	411	455	657	401	347	280	261	197	320	65	298	228	142	188	266	145	97	118	102	165	60	62	126	113	338	173	194	132	334	373	243	236	298	119	70	137
T[Del(C):R7]G	92	171	131	81	161	114	175	134	95	152	113	90	60	71	124	74	40	115	26	134	64	59	61	70	34	69	80	48	62	50	157	127	105	116	103	60	56	57	33	60	14	70	60	41	52	68	43	30	25	27	48	11	36	26	33	76	41	46	35	91	106	72	39	80	19	18	37
T[Del(C):R7]T	167	279	197	138	260	167	278	186	164	258	175	174	119	143	203	142	98	189	51	216	139	141	119	116	56	146	172	91	85	80	314	214	175	227	163	118	102	78	67	114	16	99	123	91	75	106	91	62	46	40	119	25	63	55	62	144	72	72	75	157	188	122	101	131	25	44	66
T[Del(C):R8]A	210	300	288	233	281	301	280	297	298	347	283	216	189	258	316	176	109	291	104	301	202	159	172	218	112	240	202	93	108	177	297	248	240	396	240	215	181	174	135	224	63	183	179	89	122	185	90	61	65	82	118	38	48	70	64	174	114	136	118	188	220	186	139	165	66	46	80
T[Del(C):R8]G	53	59	51	39	54	48	50	51	46	66	38	45	30	39	49	36	18	47	19	56	42	23	38	35	31	35	36	23	22	28	52	33	42	55	45	40	19	26	22	26	8	31	22	15	25	34	16	11	24	15	29	7	7	19	12	35	21	22	30	30	31	26	11	29	8	11	4
T[Del(C):R8]T	57	111	76	69	108	84	100	91	89	114	79	74	62	64	85	57	43	83	33	88	58	48	58	46	43	66	54	44	35	47	119	81	62	116	80	55	55	45	42	56	22	57	62	29	44	60	30	31	20	31	39	14	22	26	30	64	34	23	35	81	67	55	46	63	21	18	32
T[Del(C):R(9,)]A	76	91	80	68	92	82	88	81	103	104	81	62	73	93	62	40	49	84	47	80	72	43	49	62	41	72	58	49	34	58	96	76	53	109	57	72	70	58	51	93	39	66	57	37	44	65	39	32	32	35	43	23	20	28	37	69	49	35	37	72	70	53	41	74	25	26	43
T[Del(C):R(9,)]G	11	16	16	9	18	14	19	14	15	21	14	16	18	17	18	11	7	22	3	23	19	9	7	11	5	10	18	12	5	9	20	20	9	25	14	13	7	13	6	14	5	7	7	11	7	14	13	7	5	6	10	3	7	7	5	12	7	6	10	11	17	11	9	10	4	3	5
T[Del(C):R(9,)]T	16	18	23	12	16	14	16	18	18	28	16	9	16	16	14	12	11	21	7	22	16	10	7	14	5	9	18	11	12	15	20	21	9	18	17	9	16	12	4	16	9	14	18	12	10	18	11	10	8	6	17	3	7	8	9	19	9	7	10	15	18	11	8	14	3	7	8
A[Del(T):R1]A	132	161	172	80	186	130	181	167	97	204	82	85	145	103	170	127	88	178	57	201	94	104	67	126	40	84	168	60	49	85	114	121	88	115	111	112	81	63	52	108	61	93	89	82	85	91	90	88	47	46	61	25	58	64	89	164	28	37	68	160	109	113	55	132	25	36	52
A[Del(T):R1]C	15	21	13	5	28	16	29	19	11	29	13	16	24	12	18	25	10	14	3	18	9	12	11	24	4	14	15	7	7	17	25	12	27	11	21	13	12	13	10	12	8	10	17	8	10	15	10	11	7	4	9	5	9	8	11	24	7	5	23	15	8	10	9	13	6	5	7
A[Del(T):R1]G	20	23	29	12	33	27	37	38	19	30	16	15	20	17	31	24	16	30	11	35	13	22	19	20	2	14	27	9	16	21	34	27	17	25	18	13	15	20	10	19	7	10	14	11	11	15	12	17	6	14	28	13	13	6	16	13	4	6	9	25	20	18	11	16	3	11	8
A[Del(T):R2]A	81	123	145	96	147	101	146	144	124	170	103	84	126	80	120	94	68	114	30	133	82	47	61	80	33	79	77	29	51	78	178	121	127	127	111	99	58	74	57	91	32	57	81	61	93	59	64	64	34	26	27	18	27	43	67	149	45	27	71	132	97	87	74	117	24	32	41
A[Del(T):R2]C	21	26	21	28	22	27	25	34	23	30	15	18	35	21	29	26	20	31	9	39	18	12	20	18	11	18	23	8	16	19	58	26	22	26	37	18	18	22	6	28	12	20	30	21	24	16	21	14	12	8	10	5	8	7	15	49	10	6	19	32	20	16	18	24	3	15	14
A[Del(T):R2]G	30	39	41	29	41	34	53	33	30	38	29	33	53	18	45	38	24	36	11	31	25	18	20	20	13	27	19	16	12	16	37	35	20	28	34	15	13	24	15	14	15	28	33	13	24	16	12	12	3	4	15	8	8	10	12	29	11	8	16	32	32	31	19	19	3	14	10
A[Del(T):R3]A	124	149	160	111	169	130	164	148	116	179	103	102	169	125	163	144	69	128	41	163	113	84	59	114	41	95	108	55	54	90	197	108	131	127	138	96	82	97	54	105	62	84	123	63	86	75	75	66	46	43	31	22	40	51	71	161	33	37	80	127	88	93	63	116	30	34	56
A[Del(T):R3]C	22	37	50	31	42	43	43	31	30	43	31	31	42	32	43	43	14	41	8	34	24	37	30	36	17	38	36	15	22	25	62	31	32	35	48	30	19	34	17	24	22	27	33	23	25	19	24	28	7	10	8	7	8	8	28	55	8	10	25	45	30	38	23	42	17	8	27
A[Del(T):R3]G	50	61	46	30	65	46	70	35	37	57	68	42	40	34	63	53	20	43	7	51	28	31	37	36	14	40	32	23	19	24	51	37	51	37	38	29	21	28	18	17	19	18	29	25	28	27	26	21	7	12	18	10	10	10	23	33	6	18	27	35	35	33	23	30	11	14	21
A[Del(T):R4]A	251	308	297	229	341	312	344	248	213	377	251	279	276	169	369	369	112	295	61	313	178	164	188	200	114	223	203	105	121	124	303	215	403	286	273	193	92	235	103	140	98	175	242	130	139	123	125	113	82	40	118	34	54	90	127	285	77	87	133	276	196	204	115	225	67	58	104
A[Del(T):R4]C	147	191	169	126	181	200	190	128	131	220	150	201	133	98	204	257	58	147	26	201	119	149	127	144	54	130	141	65	89	94	190	117	230	164	178	84	65	146	56	70	61	129	120	82	97	74	80	91	41	28	74	22	36	50	100	180	58	59	101	173	110	108	71	144	42	30	39
A[Del(T):R4]G	147	160	150	99	195	165	200	116	104	171	153	176	119	58	189	193	57	155	20	159	80	113	97	83	48	121	129	51	79	71	117	103	222	135	142	87	49	107	60	49	38	109	90	71	64	72	71	48	48	29	57	24	28	33	54	93	43	36	56	114	101	100	52	83	29	28	38
A[Del(T):R5]A	1064	1316	1463	1125	1431	1400	1467	1241	1009	1605	1210	1259	793	819	1603	1620	387	1330	272	1513	859	836	840	998	500	938	863	464	646	559	1405	885	1842	1467	1245	762	541	940	507	749	168	836	814	510	635	606	505	437	303	248	467	164	233	341	463	1001	383	437	632	1127	836	844	602	902	361	182	389
A[Del(T):R5]C	433	570	543	416	575	670	595	495	359	592	440	595	427	301	704	731	169	469	91	595	321	383	328	374	192	402	424	213	271	218	664	335	666	534	538	272	166	504	197	210	79	389	445	266	292	269	261	207	126	108	206	83	114	159	222	471	156	129	267	461	332	315	217	394	127	106	148
A[Del(T):R5]G	670	780	724	569	1008	792	1040	647	561	906	887	741	538	381	1096	920	331	778	91	896	397	533	497	532	258	535	539	292	380	284	659	524	989	744	657	382	305	498	285	220	123	443	482	275	392	317	282	241	182	120	288	94	136	164	257	389	211	247	312	528	506	433	293	405	154	107	206
A[Del(T):R6]A	2214	2770	2655	2273	2812	2974	2915	2428	2085	3265	2448	2829	1600	1707	3309	3328	930	2694	522	3232	1595	1843	1759	1916	951	1774	1942	850	1326	1234	2691	1715	2929	3052	2469	1294	955	1720	886	1120	288	1749	2018	957	1093	1151	952	720	562	611	1149	404	549	580	771	1610	727	960	1161	1869	1632	1451	1077	1464	666	379	694
A[Del(T):R6]C	566	840	829	626	944	1083	1003	788	617	880	599	851	587	571	942	948	337	846	126	1069	511	724	488	564	264	654	743	271	403	404	1307	706	938	834	941	353	279	534	219	435	110	484	617	376	383	370	378	312	169	138	444	121	259	183	330	707	224	246	357	765	674	474	326	626	181	161	217
A[Del(T):R6]G	1047	1477	1349	1106	1799	1473	1876	1153	1089	1536	1321	1406	882	834	1694	1586	627	1367	228	1760	818	936	861	961	463	1028	1033	502	708	598	1377	1128	1589	1339	1254	668	458	794	484	435	143	830	844	517	592	548	519	342	289	270	645	189	302	258	367	771	366	450	517	994	1041	790	498	762	279	240	328
A[Del(T):R7]A	2918	3751	3628	3089	4199	4116	4302	3412	3097	4499	3343	3688	2204	2416	4442	4273	1292	3751	757	4458	2131	2529	2359	2771	1335	2623	2858	1238	1728	1731	3884	2273	3422	4254	3523	1825	1402	2292	1334	1677	406	2367	2702	1294	1481	1580	1281	1021	801	783	1423	498	717	826	1077	2208	1013	1139	1427	2639	2147	1893	1428	2096	927	514	1000
A[Del(T):R7]C	1625	2150	2303	1808	2525	2759	2647	2129	1693	2273	1641	2031	1210	1624	2381	2341	784	2149	368	2779	1305	1800	1273	1590	752	1620	1874	781	942	1018	3688	1662	1961	2256	2480	916	747	1415	721	1257	219	1253	1551	912	1006	895	895	820	414	412	969	298	584	403	863	1942	553	638	951	1969	1567	1232	919	1612	457	344	607
A[Del(T):R7]G	2324	3216	2998	2324	3875	3357	3978	2666	2427	3539	2901	3003	1886	1916	3654	3375	1236	3105	500	3715	1724	2230	1923	2107	1027	2161	2443	1073	1456	1335	2988	2190	2914	3371	2737	1454	1062	1734	1087	1107	294	1650	1894	1155	1280	1283	1152	844	696	653	1363	425	687	585	904	1661	849	989	1225	2169	2068	1657	1101	1609	687	432	739
A[Del(T):R8]A	4743	5965	5728	4684	6173	6655	6251	5458	4983	7106	4994	5335	3769	3993	6680	6261	2388	6113	1272	6838	3146	3811	3550	4165	2175	3958	4340	2044	2639	2719	5693	3100	4863	6790	5068	2971	2350	3303	1978	2786	822	3582	4275	1885	2250	2462	1849	1540	1295	1236	2193	891	1069	1161	1646	3361	1633	1746	2376	3987	2820	2861	2015	3195	1372	877	1420
A[Del(T):R8]C	2762	3676	3745	3469	4201	4911	4326	3638	2966	3779	2768	3214	2171	2678	3879	3632	1495	3660	617	4757	2032	3236	2280	2634	1463	2848	3606	1226	1629	1762	6008	2420	2849	3875	3792	1502	1331	2561	1236	2211	376	2117	2667	1554	1633	1577	1538	1391	701	662	1604	494	1041	642	1471	3085	899	1038	1626	3148	2265	1961	1431	2650	800	661	975
A[Del(T):R8]G	3207	4031	3900	3010	5167	4328	5266	3363	3410	4426	3705	3548	2593	2483	4715	3891	1677	4051	700	4636	2058	2791	2350	2652	1360	2680	3307	1476	1770	1647	3369	2274	3230	4038	3148	1854	1451	2166	1325	1281	438	2165	2677	1353	1523	1612	1341	1039	958	775	1644	576	680	715	1098	1983	965	1117	1474	2635	2033	1908	1227	2049	814	642	970
A[Del(T):R(9,)]A	4458	5404	5273	3647	5497	5701	5431	4734	4778	6325	4083	4362	3548	3925	5431	4643	2510	5622	1652	5385	3134	3518	3157	3654	1925	3442	4430	2341	2418	2904	4441	2850	3143	5858	4119	2981	2346	2896	1913	2647	1132	3203	3805	2029	2202	2773	2061	1713	1470	1456	2648	1037	1274	1355	1821	2987	1654	1544	2309	3649	2429	2723	1681	3045	1389	947	1483
A[Del(T):R(9,)]C	3292	4049	3985	3062	4293	4632	4325	3635	3445	4535	2998	3315	2804	2928	4162	3689	2038	4154	1029	4296	2302	3122	2406	2775	1509	2818	3734	1707	1802	2131	4340	2311	2389	4380	3492	1935	1658	2324	1433	2040	779	2354	3053	1578	1666	1926	1588	1362	1018	948	1877	710	1053	902	1444	2574	1185	1145	1738	2875	2043	2011	1342	2409	977	749	1088
A[Del(T):R(9,)]G	2798	3630	3350	2214	3729	3504	3696	3004	2970	4098	2663	2672	2269	2312	3478	2726	1615	3579	981	3252	2029	2239	1887	2137	1151	2105	2857	1613	1497	1749	2725	2043	1912	3534	2510	1823	1410	1752	1205	1493	701	1877	2257	1345	1379	1779	1383	1035	944	866	1828	636	835	822	1110	1917	985	933	1344	2408	1663	1668	1033	1960	740	663	872
C[Del(T):R1]A	10	28	10	20	28	19	27	29	15	34	11	18	12	22	23	36	15	25	6	22	15	22	8	23	9	17	29	8	12	17	27	23	19	16	24	12	9	5	6	13	13	21	20	13	23	10	13	19	2	7	12	9	6	6	19	30	6	6	17	22	20	16	9	21	8	7	16
C[Del(T):R1]C	51	57	68	33	77	53	74	69	42	95	33	47	44	46	57	43	20	65	24	83	38	41	43	47	13	28	63	29	19	36	85	61	32	57	49	53	32	40	30	53	29	34	29	33	36	32	39	26	16	15	36	12	22	22	31	74	17	12	30	56	49	34	28	47	15	8	19
C[Del(T):R1]G	22	17	23	20	17	20	16	25	13	22	13	19	12	17	20	13	4	15	5	28	19	16	10	18	10	11	24	6	10	12	20	17	11	20	34	19	8	8	9	6	18	4	14	13	10	16	14	14	6	9	9	7	5	7	16	25	6	5	10	31	19	11	6	24	8	5	8
C[Del(T):R2]A	13	31	23	18	22	27	24	28	8	43	11	22	18	19	23	48	11	14	8	16	12	18	6	11	11	9	20	8	5	28	34	18	31	29	24	14	8	7	5	11	29	15	14	13	13	8	14	5	8	6	10	3	0	8	5	16	7	12	14	19	17	21	11	16	5	4	4
C[Del(T):R2]C	26	34	31	19	22	31	26	26	21	54	17	25	15	16	41	40	17	22	8	21	24	17	18	16	12	11	20	16	18	15	29	27	24	26	22	19	12	20	7	21	56	14	17	13	15	14	15	17	10	3	18	6	7	6	17	26	8	9	16	24	22	16	3	22	11	5	13
C[Del(T):R2]G	11	19	19	14	18	21	17	22	18	41	10	20	9	10	20	32	8	18	3	20	13	18	10	11	6	20	22	10	11	9	15	17	17	19	20	12	4	14	3	7	40	12	5	10	6	6	11	6	10	3	7	5	8	10	3	17	8	6	14	20	15	22	8	14	7	2	7
C[Del(T):R3]A	27	43	35	20	32	23	36	27	16	36	20	33	15	22	37	105	18	33	10	24	23	26	19	19	15	18	34	21	10	30	28	39	53	22	40	29	14	19	12	21	24	22	25	13	22	15	13	18	14	15	18	7	10	12	18	41	14	6	19	38	37	24	19	29	12	9	13
C[Del(T):R3]C	33	42	36	25	45	47	53	42	33	61	48	33	14	30	50	61	10	32	13	32	20	35	25	24	16	33	45	16	21	24	53	38	37	28	33	29	8	31	8	23	29	26	26	18	19	17	18	13	10	7	12	7	14	8	17	50	8	9	24	38	30	26	25	35	13	5	15
C[Del(T):R3]G	22	28	22	8	26	20	31	21	14	26	18	24	12	3	27	53	5	16	7	17	19	14	18	17	2	19	12	7	14	14	11	20	44	20	27	17	12	19	4	8	14	14	9	13	16	15	12	8	11	7	9	1	4	6	9	11	9	5	16	16	20	22	13	11	5	8	7
C[Del(T):R4]A	221	257	249	152	256	226	266	207	157	311	203	246	122	123	313	392	69	225	47	250	143	180	174	128	75	178	193	126	132	95	184	168	290	188	212	118	80	179	99	85	45	148	137	93	140	109	91	93	58	52	125	27	38	73	101	149	71	67	116	187	160	150	96	148	55	33	78
C[Del(T):R4]C	241	266	310	186	346	329	355	220	188	348	291	314	162	131	378	409	76	251	42	263	141	233	173	170	93	206	228	121	140	117	216	180	367	277	234	148	77	214	102	82	44	184	169	109	153	129	109	112	79	53	99	31	39	73	123	199	84	86	131	231	171	196	84	183	70	43	76
C[Del(T):R4]G	190	228	246	142	277	238	287	180	140	233	235	230	92	93	298	360	62	180	36	184	128	128	150	138	79	167	133	87	107	92	129	144	306	169	171	103	76	150	81	36	58	131	131	85	134	113	87	76	44	37	68	25	40	51	84	125	62	57	102	172	133	161	72	142	44	17	67
C[Del(T):R5]A	512	592	584	443	681	607	696	445	434	618	566	606	345	276	744	852	152	560	81	669	288	437	378	372	208	432	458	215	277	189	494	406	778	525	505	280	214	416	193	177	50	351	311	207	259	239	200	190	145	106	253	49	106	121	193	327	154	192	247	428	384	347	217	352	118	69	138
C[Del(T):R5]C	612	684	740	470	733	748	764	548	461	819	641	709	472	358	1044	980	203	623	82	633	313	536	423	411	204	503	528	283	333	223	532	466	826	645	545	367	212	557	242	196	71	464	495	300	363	321	294	237	173	119	257	82	123	178	252	445	200	205	276	536	437	442	236	439	129	113	186
C[Del(T):R5]G	425	503	465	351	618	510	640	399	317	525	536	516	293	226	668	617	164	471	62	527	224	336	308	301	160	370	348	194	233	151	317	324	648	377	346	232	146	344	169	137	45	302	315	174	240	221	177	152	122	88	170	53	99	99	158	253	141	158	194	343	318	313	144	269	95	66	113
C[Del(T):R6]A	976	1115	1088	899	1318	1236	1351	959	874	1268	1104	1193	523	658	1454	1482	341	1122	196	1307	539	862	740	782	376	783	899	374	561	474	832	607	1122	1126	931	520	382	735	410	399	92	717	664	360	418	469	356	313	268	195	471	126	159	210	332	508	323	385	438	733	566	593	420	571	240	133	267
C[Del(T):R6]C	506	548	701	507	589	773	604	573	455	640	464	592	376	367	725	681	242	580	107	680	342	469	399	397	244	434	530	206	213	311	801	316	511	671	568	277	217	408	222	330	72	374	470	230	260	232	231	220	153	91	211	77	128	103	245	509	170	149	223	460	280	341	254	393	109	112	164
C[Del(T):R6]G	448	508	573	457	656	506	675	453	419	563	554	576	322	324	710	646	230	512	84	617	273	365	292	336	186	410	391	197	255	237	460	362	578	534	421	255	166	269	209	166	48	294	336	188	230	215	189	149	136	92	215	79	95	121	153	277	189	170	219	350	343	302	189	283	110	89	131
C[Del(T):R7]A	2091	2661	2647	2381	3300	2886	3405	2483	2365	3028	2523	2472	1563	1780	3140	2873	965	2570	500	3471	1466	1934	1662	1931	1043	1947	2073	983	1185	1159	2900	1707	2314	2887	2361	1258	1089	1565	1031	1221	230	1704	1789	932	1122	1079	918	672	586	466	953	295	429	511	727	1488	733	863	1028	1842	1635	1374	1083	1479	615	326	657
C[Del(T):R7]C	1996	2692	3079	2359	3007	3724	3050	2723	2012	2918	2028	2342	1465	2034	2894	2726	1008	2770	409	3558	1431	2306	1617	1979	1001	2160	2512	1008	1127	1269	4621	1687	2165	2916	2903	1150	977	1724	1005	1733	243	1537	1810	1188	1166	1082	1184	1133	525	455	1060	280	724	445	1183	2320	737	730	1072	2392	1552	1361	1165	2025	563	421	754
C[Del(T):R7]G	2463	3113	2997	2496	4031	3141	4159	2657	2503	3435	3144	2867	1877	1826	3921	3340	1307	3094	507	3702	1533	2110	1933	2083	1129	2234	2331	1193	1395	1232	2439	1828	2797	3166	2428	1389	1011	1609	1195	996	287	1760	1829	989	1233	1302	980	782	687	545	1172	382	509	558	850	1407	828	982	1096	1987	1710	1519	1021	1524	597	437	720
C[Del(T):R8]A	3872	4757	4932	4492	6120	5134	6235	4361	4779	5510	4961	4151	2896	3501	5525	4650	1932	4849	954	6152	2706	3288	2985	3739	2125	3589	3607	1861	2138	2318	5283	3102	4008	5492	4027	2328	2417	2774	2098	2430	588	2972	3168	1649	2250	2000	1637	1304	1143	1014	1632	598	853	986	1404	2694	1495	1686	1956	3317	2911	2502	1879	2723	1220	666	1374
C[Del(T):R8]C	3717	4491	5162	4211	5174	6284	5231	4500	4026	4810	3508	3607	2315	3630	4749	4476	1749	4896	749	6336	2481	4222	2914	3636	1807	3784	4696	1831	1765	2113	7647	2658	3312	5129	4714	1976	1933	3025	1820	3076	410	2648	2870	1947	2063	1577	1938	1944	862	776	1613	442	1058	741	2065	3603	1255	1313	2078	3800	2464	2294	1821	3266	1013	585	1235
C[Del(T):R8]G	4289	5491	5379	4227	7035	5439	7126	4612	4719	5916	5149	4643	3370	3316	6229	5049	2350	5481	1014	5970	2790	3641	3262	3729	2079	3651	4274	2389	2242	2196	4249	3301	4201	5568	4124	2499	2080	2767	2143	1739	570	3030	2994	1741	2244	2242	1733	1339	1333	1076	2188	676	947	1088	1451	2421	1488	1736	1921	3360	2990	2549	1636	2620	1069	718	1260
C[Del(T):R(9,)]A	2673	3199	3238	2479	3311	3186	3299	2967	3157	3751	2692	2482	2052	2482	3354	2681	1512	3308	999	3243	2127	2049	1936	2283	1374	2284	2542	1473	1442	1865	2790	2079	1825	3492	2449	2039	1659	1740	1419	1813	619	1999	2116	1317	1520	1733	1337	1118	994	848	1477	547	705	840	1182	2046	1059	1043	1353	2402	1760	1732	1285	2074	883	556	1074
C[Del(T):R(9,)]C	3933	4535	4878	3784	4861	5219	4836	4421	4457	5093	3588	3480	2840	3915	4685	3973	2165	4881	1203	4935	2825	3527	2926	3382	2001	3539	4288	2225	1997	2738	5246	2657	2632	5199	4091	2607	2235	2827	2069	3353	752	2813	3221	2202	2264	2249	2241	2167	1220	1087	1924	731	1219	1105	2270	3645	1567	1451	2343	3872	2287	2529	1985	3410	1249	886	1610
C[Del(T):R(9,)]G	3077	3770	3741	2649	3876	3427	3825	3248	3467	4153	3181	2760	2378	2721	3742	2793	1793	3739	1083	3399	2369	2367	2181	2474	1529	2434	2939	1861	1646	2108	2814	2504	2063	3768	2680	2349	1763	1893	1682	1721	735	2139	2144	1666	1756	2035	1704	1317	1211	996	1852	614	808	975	1412	2220	1272	1199	1474	2813	2081	2045	1412	2403	898	672	1234
G[Del(T):R1]A	8	17	5	2	44	6	44	8	3	10	1	28	4	4	6	10	1	6	6	6	6	4	5	9	2	5	6	1	8	5	9	6	54	7	9	7	4	5	3	8	2	4	1	2	7	2	3	5	8	5	5	3	2	4	4	4	1	2	6	9	5	7	4	5	2	3	3
G[Del(T):R1]C	4	8	12	7	7	14	8	9	5	13	7	11	12	9	5	8	3	4	6	12	2	3	4	20	4	11	9	0	6	8	21	8	6	7	10	12	0	7	3	5	4	6	3	4	7	3	4	6	4	3	4	4	0	1	6	10	4	5	11	7	3	2	5	5	4	7	4
G[Del(T):R1]G	44	68	69	26	122	66	125	52	49	90	31	111	32	54	67	40	29	58	28	58	35	36	29	36	10	39	49	23	23	20	55	54	106	58	48	37	30	30	28	48	11	29	27	31	23	33	40	19	20	15	29	9	12	17	20	57	20	12	30	60	45	36	15	51	15	11	23
G[Del(T):R2]A	11	15	22	4	12	25	15	27	9	29	8	9	14	14	11	16	10	13	7	18	6	22	6	19	0	9	21	5	2	29	29	5	6	23	25	3	5	11	7	4	9	7	6	9	8	1	8	3	2	4	4	2	1	1	3	16	1	2	18	16	5	11	8	15	6	5	1
G[Del(T):R2]C	10	6	10	4	5	11	8	22	6	16	5	8	10	7	9	11	9	5	0	8	5	15	9	10	2	10	13	4	4	16	14	8	9	12	20	5	1	12	4	9	3	5	3	8	7	5	8	9	2	3	3	2	1	3	8	21	4	2	11	9	7	7	5	9	8	0	6
G[Del(T):R2]G	13	14	23	14	13	35	12	25	12	24	14	16	8	13	14	12	7	18	1	17	7	11	10	17	5	8	9	5	6	15	26	13	23	25	21	11	4	11	4	12	13	15	9	8	11	21	8	9	6	4	4	2	4	6	10	16	8	5	15	17	11	12	12	11	3	5	7
G[Del(T):R3]A	41	32	46	28	33	57	34	34	25	48	17	31	28	27	31	48	17	19	6	35	14	32	32	30	13	32	35	19	18	28	59	23	25	20	42	14	8	39	12	20	30	26	24	19	24	18	19	23	8	3	11	6	9	14	22	34	24	7	40	36	22	26	19	34	16	6	7
G[Del(T):R3]C	43	47	87	36	49	82	51	53	37	63	25	27	21	28	44	57	7	29	7	44	27	53	39	50	13	34	57	20	18	24	107	30	39	41	69	20	17	62	12	35	9	40	17	44	23	15	43	42	16	4	7	5	15	6	46	81	16	16	43	54	33	44	28	52	12	8	16
G[Del(T):R3]G	41	46	67	36	39	58	36	54	25	47	39	35	24	39	50	47	26	55	9	53	24	39	32	46	16	39	36	28	19	30	64	26	35	41	51	29	19	54	7	27	14	31	31	24	24	16	25	20	6	4	10	9	7	13	22	43	16	19	32	36	25	36	19	37	25	9	13
G[Del(T):R4]A	195	207	350	200	191	356	199	201	156	242	156	183	123	129	252	325	82	209	20	297	119	190	153	203	76	225	193	87	97	112	359	102	248	196	265	125	74	231	83	150	43	172	108	117	121	71	120	152	41	30	53	22	43	46	163	244	61	63	135	232	99	164	118	210	63	30	79
G[Del(T):R4]C	176	160	263	173	201	337	197	180	132	235	150	171	99	126	255	297	48	217	25	267	111	193	144	159	83	206	197	77	84	83	302	102	225	193	245	85	69	225	79	117	32	152	133	104	94	60	106	138	37	29	41	30	55	45	144	172	73	65	128	177	94	124	99	136	63	28	60
G[Del(T):R4]G	166	210	328	177	196	302	202	193	119	218	147	148	104	118	217	251	71	179	24	244	98	184	142	184	67	187	180	73	81	89	317	104	240	220	217	79	58	192	85	112	39	165	125	112	109	73	106	127	32	22	61	19	52	41	134	188	71	53	114	218	98	127	87	175	47	29	73
G[Del(T):R5]A	477	545	890	546	509	892	527	651	449	693	452	505	369	493	646	942	176	664	72	831	290	502	460	551	224	594	493	247	232	297	922	283	774	724	771	298	209	592	234	488	67	386	409	330	302	196	326	336	123	97	118	55	139	112	346	592	183	207	369	527	273	362	360	456	166	86	185
G[Del(T):R5]C	361	376	555	346	391	653	397	384	271	430	254	357	286	293	499	585	145	442	55	556	201	373	287	383	129	419	393	171	160	192	730	174	465	440	528	172	151	413	147	282	45	305	320	230	225	131	230	249	55	62	100	40	127	88	272	458	120	141	238	418	167	271	216	371	98	85	125
G[Del(T):R5]G	454	489	615	380	542	616	557	410	363	541	441	462	357	259	646	625	218	505	62	589	224	368	311	384	173	431	408	188	245	193	549	324	620	445	489	249	192	384	184	227	90	297	362	224	274	215	219	229	113	62	131	66	107	106	241	358	138	155	273	422	310	365	224	366	106	95	151
G[Del(T):R6]A	749	884	1175	876	797	1514	820	942	714	1080	673	830	450	740	1114	1391	301	1079	125	1279	483	807	702	816	373	841	851	332	422	509	1228	435	1023	1066	1055	403	313	759	340	695	80	637	633	406	372	312	403	411	154	150	251	112	219	150	445	689	288	342	513	739	408	540	535	590	241	123	278
G[Del(T):R6]C	367	409	581	420	409	692	417	491	362	516	314	419	313	330	518	682	247	507	75	570	250	345	303	345	151	386	364	166	209	255	727	270	476	544	518	228	141	331	159	301	67	282	362	219	230	165	221	232	105	75	182	61	143	81	239	384	149	120	229	369	248	285	200	298	103	112	136
G[Del(T):R6]G	424	464	714	452	482	673	504	518	342	530	349	445	345	374	564	698	198	582	75	598	308	394	339	402	194	419	379	173	233	253	757	302	538	541	622	265	170	359	195	313	53	315	365	227	216	166	223	272	93	95	180	68	134	90	293	412	153	164	252	459	290	283	241	374	125	103	142
G[Del(T):R7]A	1274	1610	1780	1388	1674	2293	1738	1541	1283	1697	1275	1442	812	1174	1770	1967	582	1650	243	2077	866	1329	1058	1231	568	1390	1450	562	712	746	2252	1049	1468	1818	1709	694	594	1197	584	965	145	933	1126	721	664	570	707	606	294	228	586	162	448	307	651	1109	448	498	771	1245	976	841	691	1017	362	231	444
G[Del(T):R7]C	1047	1402	1503	1165	1522	1946	1571	1318	986	1411	1023	1298	786	978	1463	1482	568	1410	212	1670	866	1231	821	1062	480	1118	1385	491	606	665	2229	1127	1278	1424	1496	513	501	917	507	787	132	814	922	638	628	581	637	624	262	238	736	168	453	244	651	1193	356	346	661	1243	1052	792	564	1016	278	235	357
G[Del(T):R7]G	1166	1602	1743	1261	1722	1994	1769	1396	1160	1692	1262	1433	931	1044	1614	1723	633	1618	223	1810	817	1252	919	1190	503	1242	1356	529	637	665	1970	1073	1265	1616	1508	664	501	976	535	772	154	871	1061	678	676	595	666	560	315	274	646	170	401	312	603	959	409	427	680	1171	980	772	593	884	292	261	371
G[Del(T):R8]A	2187	2711	2903	2391	2943	3589	3003	2624	2203	2935	2178	2390	1484	2024	2858	3148	1030	2857	431	3328	1472	2332	1712	2112	1085	2295	2504	1092	1223	1238	3536	1539	2074	3109	2651	1130	1053	1781	963	1610	292	1675	1836	1168	1120	1027	1167	952	541	497	967	281	689	511	997	1670	779	892	1364	1976	1423	1399	987	1606	715	404	722
G[Del(T):R8]C	1379	1866	1960	1587	2038	2424	2070	1710	1416	1829	1263	1558	999	1282	1845	1866	749	1809	286	2320	1029	1635	1092	1402	667	1488	1843	648	720	854	2820	1213	1319	1794	1868	665	667	1262	593	1102	209	1014	1282	794	772	723	783	695	362	330	812	209	533	337	727	1348	493	503	837	1432	1126	986	657	1188	370	336	446
G[Del(T):R8]G	1797	2540	2397	1803	2784	2791	2835	2022	1862	2527	1931	1995	1364	1551	2589	2215	924	2430	373	2623	1207	1840	1296	1647	814	1731	2081	916	912	988	2603	1409	1643	2329	1981	937	836	1295	829	926	215	1311	1474	948	946	913	944	810	499	388	961	270	602	491	852	1296	607	635	961	1609	1250	1156	690	1311	421	338	585
G[Del(T):R(9,)]A	2446	2757	2787	2179	2674	3056	2663	2538	2498	2986	2078	2175	1830	2328	2588	2463	1500	2906	831	2823	1767	2184	1798	2123	1170	2230	2553	1441	1293	1719	2904	1583	1520	2956	2386	1532	1415	1729	1175	1886	571	1807	1984	1404	1347	1416	1423	1313	813	761	1292	519	991	746	1374	1842	1055	936	1632	2110	1347	1625	1086	1850	822	583	970
G[Del(T):R(9,)]C	2283	2657	2723	2063	2762	3094	2754	2481	2284	2827	1954	2051	1781	2192	2513	2383	1533	2805	738	2760	1604	2214	1738	2014	1078	2162	2625	1410	1214	1598	3098	1607	1441	2825	2428	1339	1297	1705	1073	1823	563	1691	2021	1307	1249	1325	1316	1279	728	660	1216	504	980	673	1334	1851	947	837	1504	2039	1379	1474	1028	1775	729	634	888
G[Del(T):R(9,)]G	1636	2063	2028	1428	2033	2089	2008	1748	1724	2168	1494	1475	1283	1612	1799	1526	1087	2039	596	1859	1265	1431	1176	1348	746	1446	1828	1091	831	1197	2021	1294	1038	1999	1569	1100	985	1118	805	1195	408	1132	1297	1008	915	1017	1034	914	631	486	1010	351	697	529	959	1260	694	608	999	1491	1060	1062	718	1290	459	436	662
A[Ins(C):R0]A	46	113	148	39	98	77	99	192	67	99	37	62	101	157	77	57	41	74	19	89	36	51	38	85	13	67	74	27	23	171	496	45	39	85	136	34	37	53	17	78	14	121	139	37	20	42	38	27	19	14	14	9	13	15	33	56	14	16	117	53	39	32	25	44	10	22	24
A[Ins(C):R0]G	2	9	13	1	4	5	3	11	1	3	2	4	2	8	1	1	1	2	2	3	3	4	1	9	1	4	6	1	1	14	28	1	1	8	5	3	0	3	2	3	2	8	6	2	1	1	3	2	4	1	0	0	0	0	4	2	0	0	9	0	0	1	1	1	0	2	2
A[Ins(C):R0]T	6	20	36	2	19	11	17	48	6	13	3	16	12	26	6	12	6	7	2	14	5	7	5	13	1	10	11	8	5	71	114	7	7	18	37	2	3	16	2	9	3	34	22	5	5	3	7	5	5	0	2	2	1	3	4	9	5	1	65	5	6	9	9	2	0	3	0
A[Ins(C):R1]A	7	17	22	2	15	10	17	13	11	15	7	8	10	9	22	7	4	22	6	6	10	11	6	9	3	5	12	7	1	10	25	6	8	14	15	8	15	6	7	13	8	4	16	8	8	10	6	4	8	4	3	2	5	5	5	13	5	4	11	10	4	5	6	12	3	4	6
A[Ins(C):R1]G	0	0	0	1	1	2	1	1	0	0	0	1	0	1	1	0	1	0	0	1	1	0	2	2	1	0	1	0	0	0	0	2	0	1	0	1	0	0	0	0	0	1	0	1	1	0	0	0	1	0	0	0	2	0	0	1	0	0	0	1	2	0	0	1	0	0	0
A[Ins(C):R1]T	2	4	5	1	4	5	5	10	5	8	3	3	3	1	3	0	3	6	1	7	5	2	0	4	0	2	3	0	2	4	8	1	2	4	7	3	3	4	4	7	1	4	5	2	4	2	2	1	2	4	0	0	2	3	1	1	1	0	2	3	1	0	1	2	2	0	1
A[Ins(C):R2]A	2	5	5	2	4	1	6	8	8	5	3	1	6	2	8	5	2	5	0	4	3	5	2	4	0	2	5	2	0	2	8	5	5	5	3	4	3	3	3	3	2	4	8	4	5	3	5	4	0	1	2	2	3	2	4	7	1	1	4	5	6	3	3	4	1	0	3
A[Ins(C):R2]G	0	1	1	0	3	0	4	0	1	1	0	0	2	0	2	0	2	1	0	2	1	1	1	2	0	0	2	0	0	0	2	2	1	3	1	0	2	0	2	1	0	1	3	2	1	0	2	2	0	0	0	0	0	1	4	4	0	1	2	2	2	0	0	2	0	0	0
A[Ins(C):R2]T	2	4	6	1	6	5	6	2	3	1	1	2	4	4	6	2	2	2	1	4	4	5	1	4	2	4	5	1	2	3	6	3	5	6	4	5	2	5	0	2	0	2	7	4	3	4	5	3	0	0	2	1	0	1	3	2	1	1	3	3	3	3	2	1	1	2	3
A[Ins(C):R3]A	8	12	11	8	7	11	13	8	3	6	6	10	4	10	15	11	5	10	4	12	11	7	6	4	2	8	9	9	5	10	18	8	15	6	16	5	4	13	8	16	2	8	18	7	6	2	7	12	4	2	6	2	4	5	12	23	6	4	9	15	8	15	6	11	4	3	12
A[Ins(C):R3]G	3	3	8	6	4	3	7	7	1	4	0	4	4	5	5	7	1	4	4	7	6	6	5	3	1	6	8	2	2	2	12	12	6	0	3	7	1	1	3	6	0	0	6	2	7	2	3	5	0	1	3	0	1	4	6	16	4	1	1	12	13	6	8	9	1	0	3
A[Ins(C):R3]T	7	6	6	5	12	10	14	8	14	12	4	4	6	12	19	7	11	7	0	12	7	5	6	9	3	5	9	4	1	2	11	16	11	12	7	6	6	5	10	8	0	5	21	10	10	2	10	8	2	1	2	1	4	4	8	26	3	3	4	23	17	14	8	20	6	3	4
A[Ins(C):R4]A	35	39	47	33	67	66	71	53	46	41	49	54	19	38	71	41	16	65	7	89	27	51	41	39	11	45	55	26	35	19	60	32	40	62	44	16	13	32	10	33	16	35	86	21	25	26	21	28	11	7	21	7	8	24	34	55	16	15	17	45	29	30	22	33	7	6	8
A[Ins(C):R4]G	11	16	24	22	31	40	31	26	17	26	15	17	13	24	28	17	5	26	4	43	26	17	21	19	7	14	26	7	10	4	62	44	22	32	31	14	8	21	2	34	3	11	43	17	21	9	17	16	4	3	3	2	3	15	20	60	13	7	5	32	43	29	36	34	1	7	12
A[Ins(C):R4]T	18	19	28	18	27	37	30	28	13	27	28	22	18	27	39	23	4	31	6	21	12	12	16	16	8	24	18	9	18	13	20	24	17	32	22	12	7	12	8	12	3	15	29	15	16	12	15	12	3	4	4	2	3	6	14	30	11	3	8	18	21	16	13	13	3	6	10
A[Ins(C):R5]A	35	35	47	31	59	48	62	39	33	38	47	37	23	34	55	49	11	51	10	48	28	37	15	31	12	31	39	20	28	26	33	36	45	55	28	31	10	33	22	28	7	28	84	20	19	25	20	27	11	11	19	0	7	15	29	21	14	14	16	32	33	23	16	22	13	6	14
A[Ins(C):R5]G	5	9	12	3	10	8	10	7	7	17	3	4	5	3	12	11	2	5	1	9	12	3	6	6	2	9	4	3	5	5	8	9	7	3	8	7	2	7	1	13	2	4	12	9	10	6	9	7	0	0	0	1	0	4	7	15	2	3	4	16	9	10	6	14	1	1	3
A[Ins(C):R5]T	28	19	30	21	30	15	33	27	20	33	30	25	18	19	41	23	6	24	8	23	26	13	15	14	5	17	21	15	9	10	20	16	18	27	17	26	7	15	14	6	8	13	69	10	9	14	10	9	6	6	6	2	4	7	8	32	11	8	12	34	15	23	9	29	8	1	15
A[Ins(C):R6]A	45	48	67	50	58	67	60	54	49	70	41	54	36	56	82	53	16	69	9	53	40	34	44	37	18	47	33	26	15	31	67	34	46	63	65	49	25	26	28	52	6	42	113	19	23	32	19	39	6	6	14	5	15	15	44	56	24	16	23	58	32	37	32	52	11	17	12
A[Ins(C):R6]G	15	13	23	11	17	20	18	23	16	16	19	15	13	8	31	19	2	16	1	17	21	8	10	3	6	12	9	12	8	12	14	13	8	22	16	16	7	5	7	7	3	11	31	6	9	11	6	10	6	1	2	5	0	5	10	12	6	4	7	12	10	7	8	12	0	3	10
A[Ins(C):R6]T	27	19	30	23	33	25	33	23	34	38	17	19	13	16	37	37	3	26	5	21	30	15	15	14	10	24	24	17	9	10	21	16	18	32	21	32	7	9	11	13	2	16	61	16	14	12	16	6	10	1	6	2	4	7	9	29	11	4	7	24	15	17	15	19	7	6	5
A[Ins(C):R7]A	164	192	252	128	263	281	266	178	213	263	149	150	147	175	291	135	118	249	44	218	123	130	110	124	64	161	183	128	70	102	243	110	98	247	209	136	82	90	93	149	30	115	334	123	81	97	120	112	37	37	54	35	44	40	124	182	77	46	65	180	78	113	74	141	45	50	80
A[Ins(C):R7]G	28	40	62	28	58	73	52	41	53	57	33	34	39	45	67	33	28	58	8	59	35	27	32	30	13	39	44	27	11	29	61	18	16	61	59	27	22	24	22	45	9	26	92	26	34	24	27	23	9	6	6	8	8	14	28	40	23	8	16	36	14	31	21	37	8	10	20
A[Ins(C):R7]T	52	39	58	41	62	55	68	48	46	62	24	32	40	33	61	36	27	60	11	58	37	26	22	40	20	28	23	20	22	28	37	23	22	57	45	35	20	27	17	37	13	29	94	22	22	24	25	21	9	12	15	11	9	8	19	40	16	9	28	53	17	31	21	40	14	15	20
A[Ins(C):R8]A	109	129	133	80	117	160	115	121	129	158	66	77	126	120	141	71	85	147	39	92	100	75	54	73	28	83	100	81	38	90	137	66	40	116	110	102	67	64	57	148	48	84	187	83	65	68	90	76	29	28	33	22	34	39	82	117	51	32	64	138	47	74	39	99	29	52	49
A[Ins(C):R8]G	10	18	23	8	21	17	23	21	17	16	6	6	20	14	12	6	5	16	5	17	13	5	10	7	2	8	7	16	2	10	12	5	2	15	12	6	13	2	4	18	6	11	15	11	3	11	12	14	5	3	4	1	5	4	11	14	9	8	8	22	3	9	9	17	6	4	6
A[Ins(C):R8]T	31	25	26	20	29	60	31	34	34	32	18	21	32	24	46	24	26	36	4	31	28	18	13	31	8	23	23	17	8	24	40	17	8	32	23	26	14	12	16	24	15	24	51	27	15	27	27	25	8	8	11	3	5	14	23	22	12	10	15	35	16	20	14	25	10	13	23
A[Ins(C):R(9,)]A	403	398	554	339	552	389	522	512	683	643	441	304	516	467	598	238	261	494	210	363	524	207	238	398	145	390	273	270	198	414	437	389	166	584	439	623	315	226	323	510	237	368	1058	297	302	416	312	304	169	148	151	145	129	241	315	757	235	153	190	665	311	384	271	621	144	240	312
A[Ins(C):R(9,)]G	340	354	501	334	455	311	443	472	653	603	373	263	506	376	565	243	228	422	152	308	475	143	205	333	144	316	207	230	147	374	329	353	151	573	394	593	256	236	302	439	206	329	907	287	268	357	296	288	140	113	100	100	92	237	294	632	203	122	166	580	278	340	273	533	129	213	263
A[Ins(C):R(9,)]T	312	346	441	243	377	280	366	386	538	548	341	229	481	401	526	181	216	375	186	283	455	128	198	275	117	269	197	234	137	317	298	350	128	489	336	578	267	202	310	432	221	292	865	271	257	375	283	279	144	132	124	109	97	283	295	662	186	124	149	612	263	304	182	574	108	214	268
G[Ins(C):R0]A	3	3	7	1	2	8	2	6	2	6	2	4	5	2	3	2	1	2	2	3	1	3	1	2	1	2	6	0	1	1	10	4	4	3	5	3	3	2	3	2	2	3	8	4	5	1	10	6	1	3	3	0	3	2	50	7	2	1	1	1	2	2	1	2	2	2	1
G[Ins(C):R0]G	11	6	14	2	7	12	6	16	11	11	6	2	6	10	19	3	3	8	2	9	5	7	3	1	1	4	11	5	1	2	10	12	5	15	4	9	3	2	3	6	4	4	14	4	7	7	3	4	5	2	6	1	3	2	4	12	7	1	2	11	9	4	3	10	2	6	2
G[Ins(C):R0]T	3	5	2	1	6	4	6	4	2	9	1	4	3	1	10	5	0	4	1	4	2	2	9	2	0	1	3	2	2	6	7	9	5	6	2	1	0	1	3	4	5	3	9	2	5	3	3	0	3	1	0	1	4	0	1	7	1	3	4	7	8	8	0	5	0	1	5
G[Ins(C):R1]A	3	5	8	0	4	3	6	6	2	5	2	6	2	1	4	2	1	3	0	5	4	1	2	3	2	3	2	0	1	7	6	1	1	6	2	0	0	1	2	5	0	1	4	0	1	1	2	1	2	0	2	0	0	0	15	6	6	1	3	4	0	2	3	6	1	2	1
G[Ins(C):R1]G	1	0	0	0	0	1	0	0	3	0	2	0	0	1	1	0	0	2	1	0	0	0	0	0	0	0	0	0	0	1	3	0	1	1	2	2	0	0	0	1	0	1	1	1	0	0	1	0	1	0	0	0	0	1	2	2	0	0	1	1	1	0	0	0	1	1	0
G[Ins(C):R1]T	2	6	8	3	5	7	4	5	5	4	2	3	2	4	3	4	1	2	1	3	4	8	3	3	2	1	7	3	1	4	4	5	2	4	1	4	4	1	4	1	0	2	4	3	3	4	2	1	1	1	1	3	1	1	4	8	0	2	4	8	3	7	1	8	1	0	1
G[Ins(C):R2]A	1	1	3	0	5	1	3	1	2	4	1	5	4	1	7	1	0	3	0	1	3	2	1	3	1	1	0	1	1	0	6	3	2	4	0	1	1	1	0	4	2	3	3	1	0	1	1	1	0	0	1	1	0	0	4	2	0	2	1	3	3	3	2	1	0	0	1
G[Ins(C):R2]G	2	4	1	1	1	2	1	0	2	2	1	1	2	1	2	3	0	0	0	3	1	2	0	0	0	0	1	0	1	0	3	4	1	1	1	3	0	3	1	4	0	0	2	1	3	1	1	2	0	0	0	0	1	2	2	1	2	1	2	0	3	0	2	0	0	0	0
G[Ins(C):R2]T	1	2	10	2	0	7	0	0	1	0	3	0	0	1	10	7	1	2	1	5	2	3	3	2	0	7	5	1	1	4	3	6	8	4	5	3	0	1	3	3	1	1	1	6	4	0	5	3	1	0	1	1	1	0	3	3	1	1	2	4	5	4	2	3	1	1	4
G[Ins(C):R3]A	4	12	13	3	9	7	10	3	6	9	4	6	5	5	13	11	1	10	2	6	10	9	6	5	4	9	6	5	4	2	7	10	8	1	3	2	2	5	2	4	1	1	10	10	7	3	10	9	0	1	2	1	2	3	10	14	2	3	2	12	10	10	4	11	2	3	7
G[Ins(C):R3]G	1	5	4	8	16	11	17	1	2	8	6	1	5	3	11	6	1	3	3	11	3	5	5	2	4	3	6	6	3	5	15	12	13	8	2	4	3	12	5	5	1	1	11	2	9	4	2	4	4	3	2	0	1	4	4	10	3	0	3	11	12	10	7	7	1	2	2
G[Ins(C):R3]T	4	9	7	2	9	8	10	5	4	9	5	6	3	5	9	5	1	7	3	7	9	5	2	3	3	3	7	2	8	0	6	14	14	3	5	10	3	1	5	4	2	3	14	6	15	3	6	9	2	3	1	1	2	3	8	18	1	2	2	10	13	10	3	10	1	4	3
G[Ins(C):R4]A	51	40	40	43	65	55	67	34	45	63	55	57	24	47	79	56	16	47	13	58	44	43	34	38	31	36	39	23	49	20	37	29	39	83	42	15	10	25	20	32	7	34	101	19	21	35	19	11	4	9	14	3	7	6	13	34	18	14	19	22	29	21	15	19	17	6	9
G[Ins(C):R4]G	6	5	8	3	10	15	10	7	7	12	8	4	3	2	15	6	4	14	3	12	11	7	1	4	1	5	12	3	4	4	12	26	11	11	9	10	2	2	2	7	2	6	14	9	10	5	8	5	0	2	1	2	1	8	6	20	7	4	4	14	24	10	7	15	0	1	4
G[Ins(C):R4]T	10	23	23	17	29	27	26	17	27	23	29	27	13	21	38	17	6	18	6	25	23	18	18	21	12	19	17	7	24	10	28	17	28	37	29	13	11	17	13	12	7	12	52	10	9	21	9	13	8	4	10	4	7	4	14	20	13	6	10	27	18	21	12	19	6	3	5
G[Ins(C):R5]A	27	26	35	20	45	36	48	30	26	43	32	32	12	23	35	31	11	34	8	29	27	15	20	23	10	27	15	12	23	11	35	32	30	29	32	28	8	16	12	23	7	19	62	12	8	26	12	16	6	4	11	4	4	13	17	28	21	12	9	26	31	14	11	25	13	11	13
G[Ins(C):R5]G	8	12	13	6	10	16	10	11	10	15	15	5	6	8	17	14	3	10	3	5	12	5	2	8	2	9	5	6	7	6	12	14	8	6	8	8	8	8	4	6	0	7	32	3	7	8	3	8	6	1	6	2	1	3	8	5	6	5	3	8	11	4	5	8	2	0	3
G[Ins(C):R5]T	30	52	48	29	61	34	63	50	57	53	59	41	21	27	71	42	14	45	12	33	50	40	41	24	11	35	36	39	27	22	41	35	32	49	60	32	14	36	22	21	8	36	114	16	27	22	16	25	12	11	11	4	9	9	29	43	23	12	16	46	33	26	18	37	18	4	8
G[Ins(C):R6]A	60	73	118	62	92	79	86	79	71	112	65	59	53	59	133	72	24	84	16	71	83	53	66	45	21	74	59	47	44	43	96	48	61	83	75	65	28	50	44	57	18	45	170	51	40	40	52	50	23	19	16	7	11	28	55	70	37	25	38	90	42	57	45	75	19	20	33
G[Ins(C):R6]G	41	49	56	30	70	41	67	49	47	71	44	38	23	19	79	37	13	49	12	31	48	20	46	27	12	33	31	28	7	37	35	25	18	64	50	36	19	25	20	22	11	32	99	30	25	17	31	20	11	9	7	6	2	13	22	36	20	13	19	49	20	36	13	39	16	8	17
G[Ins(C):R6]T	53	48	75	49	65	42	65	52	65	67	52	47	23	42	77	58	16	51	9	37	56	26	40	43	31	41	32	24	17	35	43	40	43	51	64	52	17	41	22	27	8	34	138	24	28	36	25	20	19	13	15	3	8	13	24	56	28	15	24	58	38	29	32	48	21	7	13
G[Ins(C):R7]A	130	147	224	115	183	199	180	175	194	196	136	124	139	118	230	121	74	188	29	144	131	93	99	106	42	147	121	73	66	86	166	91	102	193	158	157	65	102	64	98	31	121	316	82	73	89	85	78	41	14	38	19	36	48	85	146	74	57	71	174	81	102	83	149	32	38	61
G[Ins(C):R7]G	46	60	81	36	65	75	63	62	71	82	45	45	39	44	82	45	31	56	9	56	40	25	37	42	11	39	45	32	19	38	51	33	27	68	53	51	16	30	27	42	12	35	121	36	26	31	41	33	15	13	13	9	6	21	45	58	31	26	25	54	30	36	28	47	12	17	25
G[Ins(C):R7]T	46	43	75	54	61	55	64	53	67	71	47	50	46	42	97	45	19	64	12	52	42	26	34	46	21	43	40	34	25	35	47	32	30	69	64	62	16	34	40	37	16	31	130	24	33	41	26	31	12	8	16	7	10	25	34	55	28	30	15	51	29	38	31	47	13	8	22
G[Ins(C):R8]A	80	115	118	62	107	106	114	83	123	127	66	67	95	98	134	49	49	116	23	114	86	52	63	55	23	81	91	44	29	67	103	76	41	111	100	77	64	40	51	87	27	59	173	64	40	57	63	55	27	17	34	16	20	41	56	85	41	23	50	112	60	56	38	94	28	20	38
G[Ins(C):R8]G	12	22	24	14	31	22	29	17	31	36	13	15	16	20	31	9	13	23	4	18	20	14	11	13	8	17	11	13	6	14	26	15	9	30	18	17	11	5	8	30	7	10	36	12	13	12	13	18	5	3	3	3	8	12	19	19	10	1	11	19	9	12	10	20	7	6	7
G[Ins(C):R8]T	28	35	37	23	26	40	30	23	30	38	23	27	33	21	36	15	14	45	5	38	25	14	14	20	8	16	25	16	9	20	35	18	11	42	31	34	11	14	15	24	14	21	51	16	23	20	15	24	18	7	10	4	2	8	25	37	18	9	12	41	15	24	19	37	3	14	12
G[Ins(C):R(9,)]A	268	291	338	166	360	257	345	303	363	388	251	220	313	341	376	149	190	311	184	230	320	151	177	254	75	215	233	199	129	275	254	257	85	364	265	380	218	169	191	296	187	243	679	195	184	304	202	223	125	108	122	92	97	185	230	479	139	84	137	381	185	239	151	355	92	142	178
G[Ins(C):R(9,)]G	241	260	304	161	310	194	297	298	407	434	274	194	370	245	381	139	172	271	132	183	341	110	130	214	72	210	164	161	127	271	169	256	90	361	243	430	185	161	189	260	177	218	639	225	189	300	239	215	125	107	87	105	82	227	221	458	141	71	108	423	195	271	174	395	89	157	193
G[Ins(C):R(9,)]T	304	335	379	185	334	310	329	379	480	497	262	234	426	381	435	168	202	350	192	249	406	138	165	269	94	251	200	251	143	330	284	310	95	406	297	509	255	192	226	410	224	263	948	237	234	353	254	271	151	143	144	116	113	275	282	601	181	107	134	521	228	294	164	483	96	179	230
T[Ins(C):R0]A	9	3	5	4	7	8	7	11	11	12	7	5	5	5	10	8	2	8	2	4	5	4	5	7	1	4	5	4	1	2	10	11	1	10	4	5	4	5	2	2	4	5	8	3	3	7	6	5	0	2	1	0	2	2	4	6	2	0	8	5	9	3	4	4	3	3	5
T[Ins(C):R0]G	3	6	11	3	7	7	7	3	5	4	3	1	6	4	11	5	1	8	4	4	5	4	2	1	0	1	8	1	1	4	9	3	4	5	7	3	3	2	5	6	5	2	9	4	3	5	5	5	1	2	3	2	1	1	5	7	0	1	1	9	3	3	0	11	3	2	2
T[Ins(C):R0]T	60	77	94	46	89	90	97	75	78	92	48	44	82	68	84	57	38	92	20	84	40	56	31	43	20	41	78	36	19	44	100	47	39	86	65	53	29	32	34	47	34	37	142	30	35	40	32	27	23	21	32	8	20	31	29	54	18	14	44	72	38	45	19	59	10	29	17
T[Ins(C):R1]A	7	4	4	7	9	8	9	2	6	7	6	7	10	3	11	11	6	6	3	11	7	4	3	8	3	6	8	3	2	7	10	5	5	8	11	3	3	5	3	4	5	3	14	2	3	2	1	2	3	1	0	3	0	2	3	7	1	2	2	4	4	4	5	2	1	1	3
T[Ins(C):R1]G	1	1	0	2	1	2	0	0	0	1	0	1	0	0	3	0	0	0	0	1	3	0	0	0	1	0	1	0	0	1	0	1	0	1	1	0	1	1	0	0	0	0	1	1	1	2	1	0	1	0	1	0	0	1	0	1	1	1	0	0	1	0	0	0	0	0	0
T[Ins(C):R1]T	9	20	12	6	16	17	19	20	9	26	11	12	14	11	17	13	3	13	13	22	6	7	11	8	2	14	10	9	5	11	20	17	6	11	15	9	6	6	5	12	5	10	18	5	6	13	9	7	6	6	6	2	2	3	7	14	4	7	9	20	11	6	0	15	7	3	7
T[Ins(C):R2]A	3	7	7	1	4	9	4	4	4	5	6	5	4	2	5	13	3	2	0	5	4	5	1	0	1	3	7	4	0	4	7	2	5	5	7	2	2	0	3	6	5	2	5	6	5	3	7	1	4	4	0	0	1	2	2	6	1	1	3	9	4	7	3	5	2	3	1
T[Ins(C):R2]G	0	1	2	2	1	3	1	3	1	2	1	2	0	1	2	0	0	0	1	2	1	0	2	1	0	1	0	1	0	0	3	5	1	0	0	0	2	1	1	0	0	0	4	1	2	1	1	4	0	0	0	0	0	1	4	1	1	0	0	2	4	4	3	2	1	1	1
T[Ins(C):R2]T	7	8	5	7	3	11	4	13	4	11	6	7	9	5	11	8	2	8	1	7	11	3	4	6	1	1	7	0	3	10	8	12	10	4	6	6	4	3	7	7	3	4	18	2	6	3	1	6	3	1	5	2	1	3	8	15	2	5	4	11	8	8	1	9	2	7	4
T[Ins(C):R3]A	9	6	6	7	14	13	14	6	9	14	5	12	5	7	12	10	3	5	3	6	9	8	10	9	4	4	11	4	2	4	10	13	15	5	8	3	4	6	2	8	2	6	15	6	12	8	6	5	3	3	3	1	1	9	6	30	3	4	6	22	12	17	15	22	5	3	8
T[Ins(C):R3]G	1	4	2	3	12	4	11	8	4	9	3	3	5	1	8	5	0	5	1	12	4	3	3	5	1	5	4	1	1	2	8	16	4	9	4	3	4	3	4	4	0	0	10	5	11	4	5	3	0	0	1	0	1	4	3	13	3	0	3	8	15	2	4	9	0	1	2
T[Ins(C):R3]T	6	5	18	9	12	11	13	12	4	16	7	18	10	14	15	12	6	18	0	4	12	6	6	12	3	10	11	6	6	12	11	23	15	10	24	14	3	6	10	18	6	6	21	12	11	8	12	13	2	1	2	1	3	5	13	30	4	1	9	26	23	18	8	17	4	4	7
T[Ins(C):R4]A	95	95	115	124	169	187	176	104	115	130	133	197	53	125	244	121	38	172	40	181	66	123	83	97	37	107	139	81	133	66	115	76	80	201	107	42	57	57	47	68	22	87	291	20	53	80	20	40	20	32	37	11	37	20	42	64	47	50	54	66	69	42	36	54	51	14	23
T[Ins(C):R4]G	6	7	6	5	13	15	13	9	9	11	10	10	5	5	22	8	5	8	2	10	8	12	5	5	2	10	12	2	5	6	12	10	14	8	12	11	2	4	2	9	1	4	18	3	3	6	3	6	4	1	2	0	2	3	6	24	1	4	1	15	9	8	9	13	4	2	3
T[Ins(C):R4]T	54	51	70	55	84	92	94	74	56	78	55	77	42	48	113	67	24	96	14	81	48	69	49	60	21	55	62	21	78	38	83	43	31	103	79	25	29	34	28	47	16	41	138	21	21	36	21	31	12	15	19	11	17	15	29	48	22	19	28	41	41	21	21	40	25	12	10
T[Ins(C):R5]A	43	28	48	32	59	51	64	52	30	61	40	54	20	38	84	45	11	72	12	73	32	30	35	44	10	46	35	30	29	23	44	42	45	63	42	20	12	28	20	23	13	30	103	22	24	37	23	19	6	3	17	9	8	21	24	38	15	19	22	39	37	35	18	31	14	10	17
T[Ins(C):R5]G	9	11	10	7	13	12	15	9	8	11	8	9	6	10	15	11	3	16	0	11	11	5	6	6	2	6	5	4	6	9	10	13	7	9	8	8	8	9	5	8	2	2	25	7	6	8	8	5	2	3	5	2	7	4	5	11	3	1	0	11	14	7	8	9	7	4	5
T[Ins(C):R5]T	52	55	65	37	74	57	74	44	49	74	65	47	27	27	86	40	15	57	16	34	53	36	34	42	15	44	44	33	39	32	57	37	37	55	60	27	14	39	19	32	8	35	117	35	31	22	34	23	17	14	13	7	6	12	25	50	22	11	26	46	33	35	24	35	17	13	9
T[Ins(C):R6]A	67	59	84	69	78	91	78	59	66	99	54	77	31	58	89	57	30	75	12	59	64	48	44	64	32	55	62	36	43	51	73	45	32	79	81	52	33	47	37	43	11	45	143	32	41	43	33	32	15	15	14	9	21	20	35	61	27	20	34	58	41	42	44	50	21	16	26
T[Ins(C):R6]G	16	16	21	19	29	31	29	29	18	39	14	26	16	15	35	17	3	22	3	23	21	14	12	13	9	22	17	16	12	11	19	13	9	24	27	23	4	7	13	15	1	11	46	9	23	26	9	8	8	0	4	1	1	6	9	24	11	2	7	23	11	10	10	20	5	6	4
T[Ins(C):R6]T	34	40	49	31	54	45	55	52	46	52	37	40	19	34	68	25	17	49	7	32	41	21	24	25	7	32	33	16	24	14	35	35	10	55	29	33	23	23	19	32	8	23	91	23	14	22	22	22	8	18	11	8	2	16	22	42	17	11	13	43	30	26	15	39	16	15	16
T[Ins(C):R7]A	128	151	179	112	157	162	163	143	155	188	114	111	103	96	223	121	75	153	20	142	119	96	82	95	44	138	116	78	66	86	162	84	70	175	160	121	64	97	80	118	25	87	299	74	60	62	71	82	44	30	33	12	29	38	84	133	55	36	73	129	75	93	58	117	39	33	51
T[Ins(C):R7]G	44	43	69	34	47	54	45	60	62	58	29	26	44	24	70	33	12	40	6	41	40	26	31	33	7	38	39	30	15	35	63	15	17	59	52	30	18	31	26	39	11	28	96	20	19	33	23	25	9	5	6	5	8	8	31	40	26	14	22	43	10	31	20	41	9	12	12
T[Ins(C):R7]T	52	47	75	37	72	71	69	65	54	74	55	45	42	40	94	55	21	45	10	61	32	34	27	52	17	42	40	20	23	23	60	29	33	74	55	39	12	36	27	35	8	36	116	27	30	22	28	23	16	14	17	11	11	13	25	53	19	13	18	64	28	37	23	49	19	17	24
T[Ins(C):R8]A	77	97	109	55	116	118	114	96	85	126	58	57	83	69	118	54	61	129	26	90	76	58	49	68	25	82	76	63	31	59	114	54	37	91	86	65	51	56	61	84	27	63	158	53	61	74	51	76	33	18	24	24	30	25	82	120	45	22	37	112	39	70	50	98	26	44	42
T[Ins(C):R8]G	9	14	25	7	22	24	19	18	19	23	8	11	17	26	14	8	10	20	6	17	19	8	11	10	10	11	14	12	6	7	22	8	5	20	23	12	8	21	9	16	5	15	32	14	9	11	15	9	3	4	4	8	4	5	10	17	7	7	12	17	5	9	5	18	2	3	10
T[Ins(C):R8]T	28	24	42	22	35	48	35	29	44	36	26	13	23	17	48	27	16	41	9	25	32	12	12	23	10	20	20	15	5	22	27	22	11	26	30	34	13	22	14	36	6	17	47	24	27	22	22	30	9	4	11	7	10	7	29	42	12	6	12	31	15	28	6	27	10	19	16
T[Ins(C):R(9,)]A	202	218	255	137	276	165	267	215	336	331	224	169	243	220	310	116	141	249	127	158	245	98	124	182	66	166	139	158	107	206	176	187	71	296	196	316	168	119	163	231	118	182	487	143	149	223	148	156	100	66	77	57	58	137	165	312	123	83	94	289	139	175	137	265	79	96	127
T[Ins(C):R(9,)]G	181	190	261	146	230	158	213	234	320	326	218	168	264	198	316	127	110	214	101	134	263	64	120	179	71	158	97	114	92	195	141	188	72	290	174	340	143	117	165	225	109	190	447	169	157	206	181	158	84	72	71	66	43	146	165	357	100	68	92	324	145	187	156	302	59	108	152
T[Ins(C):R(9,)]T	172	194	237	124	241	168	229	214	289	344	181	136	248	195	296	107	122	222	110	136	247	72	101	141	54	152	110	121	85	168	129	160	75	284	170	312	150	105	154	218	122	158	439	128	132	218	138	136	78	71	75	64	54	163	142	317	107	63	80	302	115	172	104	290	66	104	124
A[Ins(T):R0]A	133	157	178	107	164	144	161	162	178	200	128	105	179	139	210	93	93	167	52	197	109	80	68	118	54	113	114	74	50	128	178	105	67	192	126	138	97	64	70	101	58	113	276	72	85	103	80	64	41	43	41	41	28	47	61	143	38	53	71	132	86	94	70	112	27	68	61
A[Ins(T):R0]C	4	5	7	1	9	6	8	6	6	11	5	4	8	8	9	4	4	8	4	3	7	2	0	5	1	5	3	6	1	5	3	9	6	9	6	2	1	8	2	1	34	2	5	2	1	3	2	1	4	2	2	2	1	3	1	5	2	2	1	9	5	3	2	8	3	2	2
A[Ins(T):R0]G	40	27	42	24	34	16	37	29	23	49	41	36	31	17	41	39	9	29	4	25	32	14	23	24	10	21	14	15	23	13	24	44	28	26	27	28	9	32	16	12	159	29	55	20	28	28	21	12	15	10	16	4	3	18	21	37	15	13	13	32	45	40	8	30	13	3	14
A[Ins(T):R1]A	18	33	31	10	32	17	39	26	28	40	22	12	19	15	29	18	10	21	9	21	17	22	8	20	4	18	17	8	6	17	45	26	16	28	18	19	10	9	10	16	11	18	27	10	9	17	14	5	10	5	13	3	6	8	5	28	6	10	11	24	17	12	10	18	7	7	4
A[Ins(T):R1]C	5	7	2	2	9	3	7	7	3	5	4	5	7	3	7	9	0	2	1	3	3	4	3	3	3	4	3	3	2	2	5	7	2	1	4	5	2	1	2	1	21	7	7	3	2	1	4	7	4	1	3	0	2	1	9	5	1	0	4	5	7	1	2	4	2	1	2
A[Ins(T):R1]G	13	23	23	16	19	12	21	18	13	18	23	21	12	10	32	12	1	14	3	11	13	9	10	7	10	14	9	13	4	13	7	18	26	16	17	14	6	12	7	8	45	10	28	12	12	10	11	4	7	2	4	4	2	3	3	13	3	5	10	12	18	13	4	12	7	10	6
A[Ins(T):R2]A	27	40	44	28	45	36	49	29	30	49	36	22	42	16	42	30	18	33	6	37	29	19	21	31	14	33	24	25	14	21	40	48	36	29	36	36	21	15	17	23	23	19	47	17	26	20	19	22	8	8	18	7	6	16	21	49	12	15	13	45	44	33	20	39	7	1	20
A[Ins(T):R2]C	9	16	14	14	12	13	13	13	11	16	17	8	15	9	18	11	3	8	3	15	23	6	15	9	3	9	5	2	8	13	16	46	30	17	7	17	3	7	11	11	15	7	12	13	28	11	13	8	5	2	4	4	2	11	13	27	9	4	4	22	47	24	7	22	5	8	20
A[Ins(T):R2]G	43	53	52	69	78	38	81	61	34	75	76	48	63	31	88	42	11	46	6	54	74	24	36	34	38	53	31	16	33	26	56	158	82	52	57	59	23	41	31	30	76	33	77	40	85	46	38	38	15	10	18	12	6	42	40	165	30	20	15	115	155	64	56	103	18	13	37
A[Ins(T):R3]A	28	32	40	21	43	35	42	39	25	49	27	31	59	25	43	32	19	37	14	41	37	19	15	28	7	34	21	16	12	24	48	41	29	28	39	36	18	16	19	16	25	20	68	15	24	15	16	21	18	4	16	8	6	14	22	55	14	7	17	37	33	37	14	34	12	16	12
A[Ins(T):R3]C	14	22	21	19	29	12	32	18	19	22	25	7	20	10	25	25	1	14	3	18	19	8	16	10	4	11	5	5	9	10	20	46	33	12	16	16	11	20	18	11	28	11	25	10	19	19	10	8	5	6	7	2	4	7	9	41	6	6	8	24	45	18	22	21	10	8	11
A[Ins(T):R3]G	24	38	24	35	46	26	47	25	20	36	52	32	28	16	43	33	8	25	3	30	36	17	33	27	16	27	15	9	12	23	23	70	38	36	32	34	8	29	22	25	20	13	57	16	36	18	15	15	11	5	11	7	6	18	19	58	18	14	12	47	70	33	20	42	4	8	20
A[Ins(T):R4]A	61	99	87	78	120	86	119	88	85	108	101	113	50	72	105	76	32	96	16	115	87	63	52	70	41	84	65	39	55	60	115	66	66	117	95	51	34	56	23	46	47	56	198	16	44	44	15	27	14	24	29	9	16	29	32	75	32	24	42	62	63	45	26	48	45	12	29
A[Ins(T):R4]C	59	52	72	79	84	57	89	70	78	98	90	80	58	53	119	72	19	75	21	61	83	51	55	52	35	55	52	24	39	66	87	78	61	85	66	53	27	59	27	47	47	46	152	34	37	47	32	26	16	12	26	8	11	27	28	62	24	18	34	55	76	53	36	47	28	17	36
A[Ins(T):R4]G	71	75	80	73	91	61	93	69	74	103	63	58	65	51	90	73	30	66	9	83	79	26	52	55	26	74	37	41	44	48	102	80	86	95	61	55	34	66	32	50	58	52	150	29	45	50	28	15	18	15	24	9	11	20	20	88	34	20	37	77	78	70	41	71	37	20	36
A[Ins(T):R5]A	182	241	266	213	336	207	330	237	321	333	272	255	152	191	352	199	75	225	49	245	257	141	171	189	83	258	166	115	155	193	276	188	143	289	290	168	110	210	126	173	66	164	585	94	114	148	95	73	49	30	58	27	53	53	74	239	91	80	123	201	177	161	142	182	81	57	101
A[Ins(T):R5]C	153	195	231	210	194	127	190	223	239	258	175	131	119	112	260	168	45	143	29	140	192	87	153	115	76	177	93	74	78	130	196	146	125	215	219	180	94	154	123	135	61	119	439	77	109	95	75	80	52	20	33	23	19	58	80	217	84	75	95	188	142	130	113	151	75	46	105
A[Ins(T):R5]G	155	258	241	223	226	133	224	211	269	284	217	165	142	147	271	232	73	171	41	178	219	93	167	144	101	190	103	89	120	172	265	174	228	226	218	208	95	145	102	143	77	142	415	79	127	122	80	103	46	28	39	19	32	72	105	248	93	70	105	224	173	145	95	195	91	51	100
A[Ins(T):R6]A	420	449	508	499	674	440	697	482	634	644	489	479	358	414	663	412	162	533	113	568	480	287	321	371	211	437	335	211	272	332	520	353	306	633	520	428	240	323	236	341	98	380	1143	185	257	300	180	157	100	80	86	67	76	111	169	501	183	168	193	450	339	284	245	412	174	135	201
A[Ins(T):R6]C	306	385	423	413	494	284	496	425	590	619	429	322	318	235	600	330	123	353	88	334	426	155	301	269	169	375	179	173	178	333	412	306	224	522	442	415	203	323	246	295	79	254	1001	165	231	232	163	178	98	62	48	66	42	138	184	598	181	138	172	506	291	303	222	445	142	118	252
A[Ins(T):R6]G	469	587	729	573	764	440	771	736	948	975	700	504	566	440	906	440	218	556	101	567	661	224	505	490	213	545	264	290	286	468	712	454	401	821	721	675	312	481	389	482	168	482	1593	264	332	377	262	238	158	105	89	88	66	179	242	840	313	234	257	727	434	470	338	671	225	194	331
A[Ins(T):R7]A	746	787	892	762	1183	898	1199	892	1052	1122	963	937	650	783	1229	684	346	1006	226	979	678	640	574	707	292	712	732	361	542	583	861	539	430	1224	867	631	413	452	380	548	165	619	1826	257	333	525	255	273	166	144	204	98	159	196	274	743	298	259	341	704	504	463	384	600	221	208	321
A[Ins(T):R7]C	422	502	607	586	648	422	656	578	816	728	604	484	474	426	788	472	202	478	117	500	541	244	408	512	237	485	277	221	258	407	537	420	321	726	610	589	262	348	328	376	132	398	1268	221	288	327	224	225	128	85	82	70	86	184	234	688	239	182	241	592	398	406	332	544	150	165	295
A[Ins(T):R7]G	654	718	837	643	1023	687	1039	898	1186	1133	808	650	703	653	1142	616	315	720	161	814	721	374	576	590	274	700	431	308	369	555	757	560	406	1050	845	819	371	494	438	528	221	565	1783	302	385	510	295	286	165	127	162	106	115	259	312	910	323	236	337	831	537	532	376	747	234	226	410
A[Ins(T):R8]A	771	815	1020	747	1118	840	1122	1033	1246	1216	924	832	736	767	1353	670	355	995	227	857	796	436	549	721	283	791	567	373	463	642	890	622	385	1281	861	877	462	515	474	658	231	633	2140	354	451	591	354	336	182	186	164	113	145	297	352	921	337	303	365	889	549	523	459	782	261	253	407
A[Ins(T):R8]C	541	587	745	606	793	571	789	747	984	923	750	586	652	532	1037	594	260	662	156	589	644	291	472	542	254	563	318	274	307	509	652	401	366	995	716	781	329	447	373	490	195	548	1611	342	352	427	341	284	157	123	118	118	99	247	301	771	263	232	283	726	383	506	383	666	178	223	328
A[Ins(T):R8]G	674	712	977	625	992	727	989	908	1312	1237	825	636	830	639	1278	559	380	830	194	746	831	336	532	646	247	660	402	369	332	634	752	566	383	1274	847	946	450	548	483	614	262	625	1841	384	437	588	386	358	202	179	136	141	115	319	388	1031	326	299	297	1015	525	581	422	941	222	222	437
A[Ins(T):R(9,)]A	502	495	690	422	688	484	650	638	850	801	549	379	642	581	745	297	325	615	261	452	652	258	296	495	181	486	340	336	246	516	544	484	207	727	547	776	392	282	402	635	295	458	1317	370	376	518	389	378	210	184	188	180	161	300	392	943	293	191	236	828	387	478	337	773	179	299	389
A[Ins(T):R(9,)]C	423	441	624	416	567	387	552	588	813	751	465	328	630	468	704	302	284	525	189	383	591	178	255	415	179	393	258	286	183	466	410	439	188	713	491	738	319	294	376	547	257	410	1130	357	334	444	368	359	174	141	124	125	114	295	366	787	253	152	207	722	346	423	340	664	161	265	327
A[Ins(T):R(9,)]G	388	431	549	302	470	349	456	481	670	682	425	285	599	499	655	226	269	467	231	352	566	160	247	342	146	335	245	292	170	395	371	436	159	609	419	720	332	251	386	538	275	364	1077	338	320	467	353	348	179	164	154	136	121	352	367	825	232	154	186	762	327	379	227	715	135	267	334
C[Ins(T):R0]A	9	12	10	1	13	6	18	16	9	12	4	7	2	10	11	6	5	6	3	6	2	3	6	2	1	2	10	1	1	7	3	7	3	8	10	7	4	2	5	3	14	3	18	4	4	4	3	5	6	2	4	4	3	3	2	10	4	1	4	5	4	4	4	2	1	0	4
C[Ins(T):R0]C	20	16	13	8	21	12	19	14	24	35	13	11	26	13	27	5	12	19	5	22	20	6	10	7	5	9	9	11	2	9	17	20	9	19	11	26	14	7	7	11	30	11	32	19	9	17	19	6	11	7	9	5	2	6	5	19	4	4	11	26	13	11	6	24	1	9	10
C[Ins(T):R0]G	6	5	9	3	12	6	11	4	8	6	2	3	5	3	4	6	1	5	4	4	4	4	2	4	1	1	6	3	2	3	1	4	3	12	0	2	5	2	3	4	14	2	11	5	1	2	5	3	1	0	3	3	1	4	4	6	2	0	4	4	3	7	1	7	1	1	1
C[Ins(T):R1]A	3	3	4	4	6	2	6	5	6	8	4	1	5	5	7	8	3	2	2	8	5	5	2	3	1	2	4	2	4	3	11	7	4	7	6	3	3	0	5	4	10	2	8	1	5	1	2	1	0	1	3	3	1	1	2	6	3	1	8	7	8	4	1	6	3	2	3
C[Ins(T):R1]C	16	12	13	9	13	9	16	9	12	21	15	5	17	5	24	10	9	7	4	12	13	3	8	5	0	11	5	4	1	5	9	15	12	11	9	7	5	3	6	3	28	6	16	7	9	9	10	3	5	2	12	4	4	5	11	16	2	1	7	14	12	13	8	16	3	5	2
C[Ins(T):R1]G	6	3	8	12	15	5	12	12	3	6	5	10	7	2	11	6	3	9	5	7	6	6	8	4	4	7	9	2	7	5	6	9	16	6	12	14	3	5	4	7	52	1	10	7	7	9	8	5	5	2	9	4	0	5	5	18	3	3	6	11	9	6	7	9	1	1	5
C[Ins(T):R2]A	14	16	20	27	33	11	35	21	12	27	33	22	11	16	21	16	3	15	7	15	29	10	15	8	13	13	8	8	8	8	21	78	43	21	16	34	8	12	13	12	0	10	39	20	47	15	20	13	6	8	9	5	5	24	15	77	15	14	12	56	77	48	27	54	6	4	20
C[Ins(T):R2]C	21	21	48	38	55	24	59	40	15	44	59	29	30	28	62	35	6	42	6	37	59	20	30	33	23	26	21	10	20	15	46	132	94	41	41	61	14	27	34	39	32	19	73	25	96	34	24	31	9	8	10	8	4	39	38	142	20	11	16	103	126	76	61	98	7	3	38
C[Ins(T):R2]G	63	85	112	111	150	68	174	108	58	106	145	69	84	73	126	79	15	83	13	101	157	43	73	76	48	68	47	26	55	31	129	369	256	86	106	155	37	76	75	78	26	49	148	87	251	74	85	94	22	26	21	18	7	108	103	396	50	34	37	262	362	177	142	247	19	15	108
C[Ins(T):R3]A	16	12	18	16	22	7	26	24	12	17	24	19	23	11	19	16	8	12	2	16	28	7	11	9	6	19	5	7	15	8	20	69	27	19	10	18	7	9	15	13	18	12	25	14	30	19	14	11	3	5	5	2	1	12	11	65	8	5	10	33	66	29	15	32	5	5	14
C[Ins(T):R3]C	25	28	25	28	54	27	54	19	21	60	36	21	35	28	35	24	6	29	12	33	40	16	11	24	10	29	19	12	10	24	29	104	53	32	24	29	17	20	20	24	21	15	39	23	62	17	25	28	14	9	9	2	6	22	25	104	17	14	10	84	96	56	29	77	11	7	24
C[Ins(T):R3]G	34	43	54	54	72	28	73	52	31	62	58	28	58	28	63	44	5	46	6	50	97	28	44	30	20	34	31	19	27	22	55	135	99	48	52	58	20	45	49	31	41	23	78	32	87	35	32	33	13	11	21	9	2	39	31	154	21	18	20	119	136	66	55	109	23	11	35
C[Ins(T):R4]A	30	39	39	43	48	29	52	37	36	34	40	55	42	28	56	38	13	39	8	38	34	32	21	26	20	34	33	8	27	23	42	58	40	64	40	16	16	20	12	41	22	18	67	13	25	18	13	14	6	6	9	3	7	9	17	37	13	17	21	32	54	32	16	30	15	2	6
C[Ins(T):R4]C	22	43	54	29	65	38	68	45	50	53	54	70	30	40	58	52	18	55	8	54	38	29	31	38	8	24	34	31	32	31	61	56	37	67	48	40	19	35	15	35	16	28	88	12	28	30	13	23	5	9	15	8	14	15	23	41	14	24	22	40	52	43	23	39	18	12	19
C[Ins(T):R4]G	24	37	41	32	45	29	46	39	41	49	36	25	35	18	51	41	22	34	10	43	46	18	22	23	10	27	20	23	26	22	35	58	48	28	45	24	9	39	17	25	21	21	73	21	49	24	20	21	8	4	13	3	9	16	22	67	16	21	23	56	56	43	24	56	17	9	18
C[Ins(T):R5]A	47	75	77	73	99	65	98	98	87	110	91	81	74	66	96	71	32	77	13	96	63	40	60	66	33	77	49	32	44	39	112	62	46	102	90	73	32	44	43	82	26	49	180	32	35	40	31	29	16	11	12	12	15	23	33	79	29	32	37	60	60	51	42	56	33	28	26
C[Ins(T):R5]C	54	75	94	80	94	46	93	91	93	95	81	59	79	48	101	59	26	62	17	68	90	34	56	51	36	75	31	34	33	68	96	72	58	75	94	79	36	52	38	59	29	51	172	35	41	39	34	34	19	7	11	15	10	24	34	111	33	27	35	79	72	63	44	68	38	17	37
C[Ins(T):R5]G	66	85	82	73	111	55	108	70	83	118	70	72	59	51	108	92	25	78	13	64	68	43	54	51	23	57	45	28	39	59	97	74	80	90	86	72	35	69	28	57	31	59	154	35	40	40	33	39	13	9	9	8	7	30	40	99	29	36	50	68	73	71	50	65	32	28	37
C[Ins(T):R6]A	154	183	229	191	262	156	264	211	231	255	191	210	132	153	274	172	80	212	51	219	179	126	151	138	73	161	145	85	130	122	255	147	103	220	212	162	115	117	79	127	55	145	394	71	105	118	71	60	58	28	45	30	31	45	74	215	85	61	73	191	138	119	94	177	68	61	67
C[Ins(T):R6]C	202	262	293	294	315	159	313	324	352	357	308	218	182	178	350	201	85	232	46	230	262	99	205	201	111	284	100	112	108	215	310	225	154	322	321	327	121	225	163	209	60	179	579	116	146	131	116	109	63	32	33	35	41	81	116	394	120	84	126	302	216	203	150	276	118	98	148
C[Ins(T):R6]G	225	261	323	295	364	190	366	307	376	365	286	221	263	193	356	201	102	233	47	253	281	106	214	176	129	273	119	119	121	236	289	216	151	352	327	296	134	196	147	188	69	196	570	123	161	152	121	83	72	46	36	32	36	79	94	329	112	83	149	282	209	214	162	252	125	81	147
C[Ins(T):R7]A	330	332	397	354	533	378	527	356	400	466	418	393	282	330	531	312	154	461	96	461	300	271	270	296	127	299	302	175	273	250	399	242	210	537	386	267	157	206	127	239	78	300	765	111	135	237	111	112	59	81	91	42	74	97	121	268	127	131	141	277	220	208	115	247	99	84	110
C[Ins(T):R7]C	198	249	281	295	346	190	350	314	414	361	322	238	224	190	411	229	95	288	56	265	282	123	182	181	108	261	153	107	136	224	292	217	161	368	303	296	129	222	148	190	69	210	673	122	144	166	125	126	58	50	40	37	43	70	135	350	104	94	100	303	205	211	161	263	84	80	148
C[Ins(T):R7]G	353	405	495	404	524	352	527	431	546	542	483	415	352	346	622	361	176	412	100	420	393	226	259	338	154	393	263	184	220	313	443	349	218	571	386	448	205	271	236	314	87	315	953	217	225	297	216	180	88	75	76	50	68	151	184	484	184	140	186	478	319	308	218	415	148	119	203
C[Ins(T):R8]A	439	396	538	364	597	409	586	541	581	647	474	414	400	411	650	329	211	495	142	444	390	276	317	372	143	414	331	243	202	369	418	284	211	684	496	467	279	302	249	313	125	350	1060	195	236	336	188	178	101	118	125	68	86	167	183	478	180	156	181	457	256	314	226	425	141	109	224
C[Ins(T):R8]C	382	422	535	422	588	406	576	475	737	720	527	438	506	394	808	363	191	499	120	433	433	182	290	372	152	403	212	236	216	425	358	313	195	671	526	569	231	293	276	341	155	348	1205	213	259	322	216	257	130	114	76	92	79	190	271	604	191	135	175	544	276	323	262	492	161	166	260
C[Ins(T):R8]G	530	545	716	468	704	543	685	675	945	915	611	511	604	546	951	439	282	641	193	518	590	231	389	511	202	482	306	300	251	526	543	407	250	918	647	763	320	384	373	516	208	464	1508	279	387	494	285	318	193	152	105	127	100	274	342	771	292	191	236	721	352	474	297	631	183	227	314
C[Ins(T):R(9,)]A	334	362	421	207	448	320	429	377	452	483	313	274	390	425	468	186	236	387	229	286	399	188	220	316	93	268	290	248	161	342	316	320	106	453	330	473	271	211	238	369	233	302	846	243	229	379	251	278	156	134	152	114	121	230	286	596	173	105	171	475	230	298	188	442	114	177	222
C[Ins(T):R(9,)]C	300	324	378	200	386	241	370	371	507	540	341	241	461	305	474	173	214	338	164	228	425	137	162	266	90	261	204	200	158	337	210	319	112	449	302	535	230	201	235	324	221	272	796	280	235	374	298	268	156	133	108	131	102	283	275	570	175	88	135	527	243	337	217	492	111	195	240
C[Ins(T):R(9,)]G	378	417	472	230	416	386	410	472	598	619	326	292	530	474	542	209	251	436	239	310	506	172	206	335	117	313	249	312	178	411	354	386	118	505	370	634	318	239	281	511	279	328	1180	295	292	439	316	338	188	178	179	144	141	342	351	749	225	133	167	649	284	366	204	602	119	223	287
G[Ins(T):R0]A	1	7	3	3	3	1	5	6	5	7	3	3	4	6	4	4	3	2	2	7	4	1	1	8	0	0	3	1	4	3	5	8	4	4	2	2	0	4	2	3	2	3	6	5	1	5	6	2	7	4	4	1	1	1	10	6	0	1	3	5	10	3	1	5	1	4	3
G[Ins(T):R0]C	4	9	9	2	4	1	6	3	0	6	1	4	2	0	6	8	4	2	1	7	4	3	2	3	1	3	2	2	0	0	6	5	4	5	7	1	1	1	0	4	10	5	5	1	4	1	1	2	1	1	5	2	1	3	2	8	2	4	1	4	5	0	2	2	2	3	2
G[Ins(T):R0]G	26	38	52	23	49	37	46	36	26	43	47	29	33	29	44	25	12	42	9	36	31	21	21	22	9	22	22	15	11	14	28	48	23	37	38	45	28	18	28	32	102	17	73	26	24	28	30	20	16	6	23	4	13	17	16	43	8	11	13	38	40	31	21	35	10	10	20
G[Ins(T):R1]A	7	10	7	5	9	4	9	10	2	9	1	8	6	7	7	6	2	6	3	5	4	7	3	5	1	7	8	2	6	4	15	7	4	2	4	6	8	4	6	3	6	3	4	5	1	8	6	3	2	2	2	4	3	1	4	7	2	7	8	6	6	6	5	5	1	3	4
G[Ins(T):R1]C	1	2	5	1	3	0	3	3	0	5	2	1	2	2	4	6	1	4	1	5	1	3	2	2	1	1	4	1	0	1	4	6	2	1	2	3	0	1	5	2	2	0	5	1	4	4	1	2	2	2	0	1	1	1	2	7	1	0	0	4	6	0	0	2	3	0	1
G[Ins(T):R1]G	9	21	16	10	19	13	20	20	14	21	11	10	11	11	17	11	6	13	4	17	7	7	8	9	4	7	11	8	11	6	15	18	13	17	22	17	18	15	12	8	23	9	34	14	10	14	13	9	8	6	7	3	5	10	9	27	6	16	8	29	16	15	14	21	5	10	11
G[Ins(T):R2]A	2	4	8	4	10	3	10	5	2	7	7	4	10	4	3	2	3	1	2	6	12	1	4	1	1	5	5	1	2	2	6	13	10	2	4	7	5	5	5	3	0	5	3	5	10	6	5	4	0	1	4	2	0	3	4	14	2	2	2	11	14	18	1	12	1	2	3
G[Ins(T):R2]C	4	6	8	9	8	7	10	11	6	8	5	5	6	5	10	4	1	1	0	8	11	3	5	10	0	5	3	5	5	5	10	25	16	4	9	8	3	5	5	4	5	3	9	8	7	8	8	5	2	0	5	0	1	7	6	19	5	1	4	15	25	14	6	14	2	2	11
G[Ins(T):R2]G	41	53	48	45	69	34	77	47	31	63	71	46	48	30	74	48	15	43	14	54	63	22	31	36	20	33	28	19	34	27	62	124	80	39	41	57	26	52	34	19	64	31	85	26	52	34	26	21	10	16	20	6	8	38	20	96	13	22	20	80	122	62	28	71	21	9	31
G[Ins(T):R3]A	3	4	6	5	8	8	8	9	1	11	7	8	6	0	6	6	7	5	5	4	10	5	3	6	1	3	2	1	7	2	9	17	11	8	7	6	4	6	1	4	5	4	6	7	6	6	8	5	2	4	6	0	0	4	5	12	1	2	5	10	17	8	6	9	3	1	2
G[Ins(T):R3]C	9	7	18	7	20	10	17	10	4	14	16	7	11	12	10	10	3	10	2	13	11	3	8	13	4	7	6	5	4	1	14	33	17	3	8	13	4	8	7	8	6	4	18	5	14	12	5	3	3	1	3	3	0	6	3	33	4	4	3	19	32	19	8	18	4	2	7
G[Ins(T):R3]G	22	23	29	24	46	22	47	22	30	34	25	25	34	16	27	27	9	26	7	27	19	22	15	25	9	19	24	7	16	13	20	62	41	27	27	37	15	22	17	17	25	22	50	24	23	22	23	12	10	4	9	8	4	12	13	46	12	14	15	45	57	33	15	39	8	8	20
G[Ins(T):R4]A	14	17	17	15	36	20	39	19	17	21	31	23	17	12	33	16	6	14	8	21	20	15	14	15	10	9	20	6	14	13	14	28	8	28	15	6	15	9	6	15	4	13	38	3	13	9	3	5	4	4	9	2	3	5	5	12	6	11	9	15	24	14	6	11	6	2	2
G[Ins(T):R4]C	17	7	10	12	15	13	14	13	12	10	22	16	20	16	22	9	5	15	8	2	12	6	12	14	4	4	10	6	9	4	25	15	11	19	18	10	7	8	9	17	12	2	27	8	10	7	7	11	2	0	7	0	4	6	12	23	2	4	6	15	15	6	6	14	5	4	2
G[Ins(T):R4]G	47	55	43	40	79	56	82	58	56	68	55	75	39	36	72	46	21	62	14	51	43	41	31	47	15	41	48	27	49	27	59	48	49	80	51	36	17	43	22	29	44	39	101	26	40	41	27	21	18	15	12	9	8	18	20	47	16	12	18	52	44	38	19	38	23	12	28
G[Ins(T):R5]A	42	55	75	65	82	56	81	73	71	80	61	73	51	56	101	59	26	66	12	72	64	43	41	51	28	68	56	32	49	49	75	50	41	64	69	41	24	36	31	57	17	51	132	21	39	40	20	29	14	14	20	8	13	22	31	53	27	24	25	44	50	36	34	39	27	10	23
G[Ins(T):R5]C	48	47	66	59	67	48	68	61	78	66	70	54	48	51	80	53	21	47	16	46	57	27	60	53	22	52	31	28	28	52	72	40	54	81	68	57	25	43	42	52	16	49	147	16	21	33	15	37	20	7	10	10	11	20	38	56	28	22	24	50	38	50	52	44	27	23	21
G[Ins(T):R5]G	74	84	110	73	132	67	132	111	115	116	87	84	58	56	131	115	28	56	29	75	107	43	59	78	21	91	51	52	47	85	105	70	89	102	114	77	50	60	54	77	35	66	191	40	61	55	41	49	35	9	18	12	13	35	52	97	45	31	44	78	67	95	65	76	50	24	42
G[Ins(T):R6]A	171	206	261	214	363	213	366	255	313	356	274	250	178	207	353	210	89	262	61	256	245	131	160	222	96	224	154	106	140	172	265	163	168	346	296	244	154	147	125	190	55	166	620	97	121	127	93	114	64	34	51	23	41	70	118	208	83	96	101	214	149	166	167	180	93	74	76
G[Ins(T):R6]C	254	268	369	312	419	227	429	368	452	433	415	246	237	247	446	219	105	302	49	244	356	99	249	264	128	328	121	127	134	289	370	237	172	422	399	341	178	260	178	294	85	261	859	126	171	163	123	172	65	49	36	49	45	101	183	378	169	107	140	345	229	249	239	324	124	111	176
G[Ins(T):R6]G	461	542	758	541	843	478	854	772	985	873	750	502	462	438	875	428	234	566	151	485	679	270	357	467	235	602	304	312	234	564	734	429	225	893	691	608	308	388	351	572	178	453	1512	214	299	307	216	300	140	73	70	76	67	191	324	643	306	183	240	583	394	461	399	538	212	157	316
G[Ins(T):R7]A	375	374	486	364	613	423	620	457	565	649	499	463	335	427	640	350	185	485	116	476	398	268	276	389	121	419	309	214	228	313	462	278	230	663	488	434	247	268	213	328	137	355	1055	146	226	292	141	183	91	73	102	48	79	129	198	325	182	143	176	331	261	257	255	299	139	105	178
G[Ins(T):R7]C	316	292	467	368	564	339	557	461	626	545	504	345	299	314	572	306	153	403	95	337	441	188	245	371	150	395	193	167	203	320	436	273	238	552	465	421	220	267	232	322	121	324	1033	168	222	223	165	196	94	56	51	47	62	122	197	441	191	152	156	401	257	293	259	369	136	102	206
G[Ins(T):R7]G	565	630	846	605	1062	681	1065	882	1118	1060	886	594	629	630	1099	503	299	728	164	668	699	322	428	619	209	680	416	352	270	561	796	492	294	1044	793	758	434	412	417	657	196	539	1738	269	374	407	273	347	142	114	124	105	74	275	365	742	325	209	257	727	452	487	385	649	210	180	337
G[Ins(T):R8]A	452	412	577	411	654	483	666	576	756	804	562	441	428	451	766	321	233	610	139	441	530	223	295	437	190	397	286	256	260	434	497	344	199	752	540	529	273	289	344	450	160	441	1228	184	244	346	183	242	132	93	82	86	65	192	254	471	235	175	199	440	304	329	299	396	143	134	202
G[Ins(T):R8]C	417	422	588	381	620	415	621	612	773	731	589	421	494	419	847	369	201	599	102	454	515	205	313	381	180	484	256	234	199	419	456	331	228	813	556	547	298	354	297	424	138	388	1225	220	264	331	218	271	137	90	89	80	75	196	289	496	229	171	195	504	296	346	297	426	142	140	239
G[Ins(T):R8]G	649	699	953	606	964	723	947	859	1259	1233	844	635	804	703	1165	464	387	849	225	654	768	297	428	594	243	658	376	407	261	608	685	578	267	1222	807	899	464	438	504	728	280	608	1798	336	417	656	335	397	204	188	171	137	103	374	421	968	376	218	283	899	498	574	412	793	194	246	410
G[Ins(T):R(9,)]A	252	272	317	171	344	206	333	268	419	412	279	210	302	274	386	144	176	310	158	197	305	122	154	227	82	207	173	197	133	257	219	233	89	369	244	393	209	148	203	288	147	227	606	178	185	278	184	194	125	82	96	71	72	171	206	389	153	103	117	360	173	218	171	330	98	119	158
G[Ins(T):R(9,)]C	226	236	325	182	286	197	265	291	399	406	271	209	329	246	394	158	137	267	126	167	327	80	150	223	89	197	121	142	115	243	176	234	90	361	217	423	178	146	206	280	136	237	557	210	196	257	225	197	104	90	89	82	54	182	206	445	125	85	115	404	181	233	194	376	73	135	189
G[Ins(T):R(9,)]G	214	242	295	155	300	209	285	266	360	428	226	169	309	243	368	133	152	276	137	169	307	90	126	175	67	189	137	151	106	209	161	199	93	354	212	389	187	131	192	271	152	197	547	160	164	272	172	169	97	89	94	80	67	203	177	395	133	78	100	376	143	214	129	361	82	130	154
Del2:U1:R1	14	28	28	15	33	27	37	21	29	40	15	20	19	13	48	16	19	19	15	29	21	14	13	20	8	23	21	17	7	17	24	17	18	36	22	16	18	8	28	23	7	9	14	7	17	10	8	11	9	8	12	9	10	8	12	26	22	19	31	29	15	19	7	17	22	5	14
Del3:U1:R1	127	143	153	76	172	222	181	130	131	202	110	96	107	86	156	87	55	165	25	200	61	99	51	75	30	79	139	43	31	50	142	49	79	186	125	54	43	39	34	54	19	56	100	24	37	27	27	24	17	13	33	10	14	17	27	52	20	26	23	61	29	28	18	39	10	3	13
Del4:U1:R1	42	69	74	43	89	114	84	60	51	117	39	57	32	45	88	51	15	72	10	79	23	47	25	40	12	32	58	11	14	16	57	21	42	86	52	21	15	9	17	21	5	25	45	11	13	9	8	4	8	2	8	3	4	6	5	24	10	8	16	27	10	9	3	16	8	1	3
Del5:U1:R1	17	18	26	24	35	45	35	26	17	37	17	40	9	11	28	22	4	20	5	30	7	22	10	11	10	20	20	3	4	7	19	4	22	39	13	7	5	7	4	9	1	6	9	2	6	7	2	1	4	0	3	2	1	1	1	5	0	3	6	5	4	2	0	4	1	1	2
Del6:U1:R1	8	8	6	13	8	8	8	10	3	12	8	14	1	5	12	14	1	9	2	14	3	6	4	3	3	2	11	3	1	4	6	3	7	9	3	2	1	0	0	5	1	1	2	1	2	5	1	0	2	0	3	3	0	0	1	5	0	0	0	5	2	2	2	3	0	0	1
Del7:U1:R1	2	2	2	2	3	1	4	3	1	4	2	4	1	1	3	2	0	2	2	3	2	2	1	1	0	1	1	0	1	2	2	4	1	2	3	4	1	2	1	4	0	0	3	1	1	1	1	1	2	3	1	1	0	0	1	2	0	0	2	3	1	1	2	2	1	1	0
Del8:U1:R1	0	1	1	0	1	2	0	1	1	1	1	4	0	1	1	2	1	0	1	0	1	1	0	0	0	0	1	1	1	1	1	0	1	1	0	1	0	0	4	0	2	0	2	0	3	0	0	0	3	2	0	2	0	0	0	3	0	0	8	4	0	1	2	2	1	1	0
Del9:U1:R1	1	0	2	0	1	1	2	1	1	0	1	1	2	0	0	0	0	1	0	0	0	1	1	1	0	0	0	0	1	0	0	0	0	1	1	0	0	0	0	0	0	0	0	0	0	0	0	1	0	1	1	2	1	0	1	0	0	0	4	1	0	1	0	0	0	0	0
Del(10,):U1:R1	6	2	3	8	4	2	4	1	2	3	3	7	5	4	4	3	4	4	6	2	0	5	1	5	2	5	3	2	1	10	2	1	0	3	2	4	4	2	0	3	2	3	2	3	9	3	3	2	10	14	3	9	0	2	1	3	2	0	17	4	1	8	0	0	3	3	4
Del2:U(2,):R1	408	585	568	296	619	627	612	525	473	747	367	384	390	414	623	317	230	587	165	589	281	342	204	364	137	304	478	216	144	251	529	296	247	554	373	284	239	200	185	310	105	255	390	143	181	255	176	167	109	112	217	74	117	107	167	326	112	91	181	377	205	198	131	296	97	73	81
Del3:U(2,):R1	82	122	90	84	123	112	123	94	95	126	88	92	73	73	128	91	48	109	37	129	66	63	64	71	40	69	99	44	46	49	96	54	75	114	92	52	39	44	36	40	8	47	78	25	44	39	32	32	19	26	37	15	17	21	33	57	41	27	36	55	32	36	32	51	31	10	12
Del4:U(2,):R1	32	54	41	20	77	49	64	45	47	66	36	45	29	31	42	40	15	33	11	46	28	39	21	32	13	30	34	12	16	24	31	18	42	47	38	22	16	24	23	17	6	27	23	16	13	12	20	10	6	7	13	3	17	11	16	27	13	9	17	26	11	14	10	19	14	6	8
Del5:U(2,):R1	16	26	18	21	25	16	26	12	17	29	16	22	15	19	22	15	7	22	9	23	10	19	18	16	11	13	20	10	5	7	18	10	18	33	23	10	7	4	10	13	4	15	16	8	4	15	13	13	15	11	7	4	7	4	10	7	7	8	14	13	10	13	6	10	4	4	7
Del6:U(2,):R1	9	11	9	5	15	9	15	14	12	18	7	9	2	7	13	9	2	15	3	14	5	7	6	4	4	14	13	4	4	6	17	5	17	10	12	0	2	2	2	6	5	4	8	2	7	6	4	2	8	3	7	2	3	3	2	5	3	3	10	12	3	6	2	3	4	2	4
Del7:U(2,):R1	11	7	4	5	11	4	6	11	6	15	5	3	1	4	7	4	5	9	4	10	4	3	4	5	4	9	4	2	3	4	6	10	7	6	6	6	3	2	4	2	2	4	6	2	5	4	5	1	5	1	5	3	3	3	1	4	2	3	11	12	6	4	3	1	1	2	1
Del8:U(2,):R1	4	5	6	8	7	8	7	3	5	7	6	5	6	5	7	1	1	10	5	7	4	5	1	2	3	3	7	0	1	1	6	2	11	4	1	3	5	3	0	1	2	2	2	3	4	2	6	2	3	6	0	3	1	1	2	3	1	0	6	11	0	5	2	3	1	4	2
Del9:U(2,):R1	7	7	5	2	2	4	6	4	2	8	8	3	3	3	5	1	1	10	4	4	3	3	4	2	1	4	2	0	1	4	6	4	4	3	1	5	4	0	4	4	3	2	3	2	5	2	6	3	2	5	3	4	1	2	4	3	0	0	10	11	1	8	0	2	2	2	1
Del(10,):U(2,):R1	30	36	27	17	46	28	43	15	21	37	17	15	14	19	15	9	8	28	28	15	14	12	11	14	8	22	23	7	6	23	31	19	21	15	13	27	8	9	8	12	6	10	17	16	10	11	15	11	46	41	10	14	4	11	15	12	6	6	47	29	12	22	6	13	9	10	9
Del2:U1:R3	54	70	101	64	113	125	120	72	111	130	42	38	47	56	152	69	30	78	61	129	148	64	43	85	29	85	80	127	41	120	90	84	77	135	99	62	67	45	149	95	15	49	41	36	99	54	48	58	46	32	42	13	24	32	62	89	94	45	71	96	76	74	63	96	132	8	43
Del2:U1:R4	42	59	64	40	74	86	73	43	75	57	24	40	33	31	66	46	16	51	28	72	64	35	32	54	17	54	42	79	30	50	67	61	45	85	51	46	54	22	87	55	12	32	11	26	47	42	26	45	28	20	21	17	13	38	49	60	59	29	40	71	56	44	58	69	64	15	27
Del2:U1:R(5,9)	2609	3217	3193	2472	3449	3377	3386	2727	2791	3476	2468	2355	1913	2095	3009	2622	1325	2774	814	2932	1711	1906	1570	1834	1015	1850	2175	1192	1120	1400	2736	1488	1725	2601	2045	1452	1083	1316	925	1369	499	1256	2085	900	929	1035	847	774	515	466	830	322	484	463	734	1174	531	486	699	1167	782	771	549	944	365	289	448
Del2:U2:R2	285	371	339	198	458	389	485	328	320	422	206	230	184	201	426	282	123	285	176	418	385	224	185	277	80	280	264	255	181	255	343	170	287	472	262	199	151	130	363	223	81	151	128	105	188	217	111	160	106	73	117	96	83	95	162	237	203	112	268	273	145	178	222	241	236	72	133
Del2:U2:R3	208	276	241	137	373	254	388	232	206	280	170	156	129	156	250	203	123	258	84	292	198	145	114	195	65	165	179	130	99	136	280	160	217	304	200	140	97	124	120	126	66	130	111	90	145	148	96	96	72	44	141	49	71	65	102	143	96	78	143	190	137	140	88	137	103	38	72
Del2:U2:R4	387	743	476	278	905	481	952	527	377	634	435	444	176	384	497	443	131	522	144	579	346	338	232	335	126	358	425	137	195	218	650	442	484	497	465	208	151	307	173	195	61	258	220	254	252	300	263	132	131	93	361	52	191	105	137	289	143	153	186	352	382	348	165	276	86	42	146
Del2:U2:R(5,9)	3671	5468	4000	2042	6187	4073	6389	4516	2847	6083	3384	2691	898	3386	3162	3720	693	4650	1495	4411	2097	2721	2312	3143	895	2788	3244	1064	1513	1535	4914	2539	3678	4045	3804	1977	1130	2635	1237	1775	288	2086	1584	1970	1717	2132	2075	1108	862	455	2520	231	1358	828	1162	2355	1070	1042	1889	2609	2176	2471	1341	2063	602	180	1169
Del3:U1:R4	2	2	0	0	1	1	0	0	1	1	0	1	1	0	3	2	1	1	1	1	3	1	0	2	0	2	1	1	0	1	4	0	0	1	1	1	0	1	1	2	0	1	3	1	2	0	1	4	0	2	0	0	0	0	4	1	0	0	2	1	1	1	0	0	1	0	0
Del3:U1:R(5,9)	4552	6022	6145	5050	6779	7501	6548	4927	5088	7818	4984	4408	2358	3015	6202	7213	1454	5528	726	6306	2016	3580	2709	2904	1182	2840	3914	1119	1594	1886	4417	1515	2568	6074	3392	1698	990	1848	808	1702	268	1604	3401	743	831	961	746	642	324	331	657	180	319	295	583	1254	344	337	508	1136	587	621	388	904	291	130	294
Del3:U3:R2	221	321	334	213	396	395	404	298	284	382	217	215	52	173	427	299	55	249	175	432	462	242	187	240	92	312	276	334	162	299	272	166	225	422	251	210	161	125	423	241	28	109	31	90	223	181	93	163	103	63	104	23	76	138	171	186	311	110	274	216	156	165	196	199	392	14	123
Del3:U3:R3	118	165	139	95	178	161	178	138	123	133	95	102	37	88	174	106	30	115	45	149	169	105	66	98	34	95	134	132	68	88	147	89	99	193	101	75	67	62	157	128	14	55	24	55	80	91	57	68	39	39	83	9	26	63	72	103	106	54	100	127	81	79	67	110	108	5	60
Del3:U3:R4	78	103	68	40	88	76	93	68	48	62	56	49	27	51	75	66	15	59	20	66	60	62	30	49	18	54	68	36	19	37	79	46	48	69	50	26	34	23	46	44	3	35	23	26	31	40	26	18	16	14	32	4	16	20	18	53	40	17	36	51	38	48	24	41	30	5	20
Del3:U3:R(5,9)	168	291	200	104	271	235	271	194	151	302	158	135	39	171	187	179	37	259	71	216	114	156	104	145	37	151	204	75	59	103	243	107	140	192	160	98	47	108	77	97	19	102	42	77	99	104	81	58	35	17	101	8	65	38	57	104	52	37	88	119	83	110	43	97	44	5	57
Del4:U1:R(5,9)	705	946	1022	817	1271	1748	1235	790	799	1502	822	627	272	400	1314	1970	144	1001	50	1345	187	615	294	406	98	321	649	89	175	220	685	105	309	1275	535	173	74	220	68	161	14	178	471	48	80	62	54	48	25	18	34	8	18	18	39	119	20	16	36	114	33	44	26	77	21	11	12
Del4:U2:R3	5	5	8	3	4	4	4	2	4	3	0	3	0	3	3	0	2	0	2	5	4	3	2	3	2	3	2	4	2	3	4	3	2	5	4	3	3	1	7	3	1	4	0	1	8	3	1	1	4	1	1	0	0	1	2	5	2	5	2	5	3	1	2	7	8	0	1
Del4:U2:R4	28	37	21	10	28	29	32	15	25	58	11	13	23	14	39	6	22	25	12	39	25	12	12	6	3	15	17	22	5	15	13	19	5	33	11	16	12	4	21	25	16	7	9	6	15	15	7	14	9	3	1	4	5	10	15	24	12	10	10	25	15	9	8	20	12	9	9
Del4:U2:R(5,9)	663	906	592	289	1219	696	1207	672	505	1044	519	397	90	508	389	559	75	731	242	641	242	406	337	460	133	418	453	119	176	177	771	228	654	575	473	180	110	325	127	225	46	261	139	119	152	260	148	98	82	31	223	22	120	68	108	230	117	106	210	260	153	157	107	207	65	29	94
Del4:U4:R2	110	127	134	89	187	180	185	125	155	189	82	110	46	80	178	125	30	108	58	173	250	98	74	114	35	105	118	170	65	89	120	97	94	224	122	103	93	63	233	117	20	50	30	47	121	80	51	105	52	36	58	18	25	68	100	124	132	61	112	134	88	86	113	120	153	14	55
Del4:U4:R3	58	85	75	34	88	96	85	58	83	103	42	36	27	50	96	52	31	63	26	91	78	48	27	48	6	51	72	53	17	44	57	61	29	90	58	45	41	24	61	47	10	27	36	28	42	42	35	40	14	15	33	8	12	25	44	48	35	17	43	60	47	30	28	47	36	12	14
Del4:U4:R4	50	60	47	24	67	53	64	61	52	61	28	26	27	47	66	43	20	53	24	68	49	36	18	43	8	38	56	22	11	21	51	53	34	61	42	24	28	15	44	26	8	25	29	17	24	33	18	27	10	8	19	2	20	13	30	28	22	9	23	34	43	34	19	32	13	8	16
Del4:U4:R(5,9)	165	212	169	98	197	202	201	150	137	238	134	89	20	123	168	131	12	189	60	175	110	122	76	113	24	121	175	82	60	101	169	88	88	151	142	72	74	64	66	98	7	67	55	53	85	100	60	48	38	16	72	2	34	39	60	77	60	29	67	94	73	60	43	79	28	5	31
Del5:U1:R(5,9)	34	76	82	78	138	197	136	84	71	137	85	39	19	22	105	260	3	99	5	136	15	67	18	31	5	14	66	10	13	14	77	9	22	157	43	10	5	21	1	19	0	7	38	1	6	3	3	2	0	1	2	1	2	1	3	4	0	0	0	7	4	4	1	5	0	0	0
Del5:U5:R2	17	23	11	17	15	25	16	16	23	24	9	16	8	13	27	17	3	14	4	30	31	14	10	9	10	12	13	16	8	19	14	12	16	32	16	13	22	6	23	21	1	14	2	2	18	12	3	9	4	6	5	4	3	14	10	14	10	8	14	15	14	12	15	17	21	3	10
Del5:U5:R3	17	37	28	14	22	23	20	18	24	34	10	15	12	15	24	11	4	23	8	16	26	8	6	6	7	8	19	14	4	12	16	13	5	21	7	11	9	3	6	12	0	3	15	10	7	6	10	6	3	1	7	1	1	2	6	13	5	4	9	16	10	11	3	14	2	1	7
Del5:U5:R4	15	21	14	8	19	30	19	11	14	23	10	12	6	12	23	2	0	15	6	16	12	14	2	5	2	9	20	8	2	9	15	11	6	19	10	7	8	1	12	12	1	3	5	3	5	13	4	5	4	2	10	1	4	3	5	13	7	0	7	15	7	4	0	11	0	0	7
Del5:U5:R(5,9)	30	27	38	14	49	38	47	29	17	33	19	14	1	21	27	9	2	29	13	16	13	21	9	7	2	11	37	13	2	12	29	13	4	22	10	14	8	2	13	18	0	8	5	8	11	15	10	7	12	5	9	0	5	7	6	14	7	0	9	14	11	6	7	10	0	1	9
Del(6,):U1:R(7,9)	3	6	9	3	20	16	17	3	5	15	4	2	0	4	8	12	0	5	0	10	0	2	0	2	1	0	5	0	0	1	7	0	1	8	5	0	0	1	0	0	0	0	2	0	0	0	0	1	0	0	0	0	0	0	0	0	0	0	0	0	0	0	0	0	0	1	0
Del(6,):U2:R(4,9)	530	666	273	213	900	438	903	371	308	800	480	260	79	314	165	318	56	448	111	324	109	301	250	270	126	277	264	48	131	72	600	103	706	412	230	61	48	223	35	101	44	114	75	71	63	83	86	49	16	13	69	11	50	29	48	91	45	45	126	98	52	70	49	74	27	29	35
Del(6,):U3:R(3,9)	28	33	26	21	33	28	38	25	18	51	23	15	5	26	19	22	3	32	11	17	17	17	11	16	13	18	16	6	12	14	32	10	28	28	10	3	6	14	2	6	3	11	10	5	5	7	5	7	4	1	9	0	6	3	6	6	5	6	10	6	9	6	4	6	4	1	3
Del(6,):U(4,):R(2,9)	118	133	98	58	129	118	131	87	78	121	64	40	29	65	97	56	11	109	36	94	63	47	18	41	32	45	74	38	23	55	101	43	87	122	55	30	29	28	38	47	10	25	37	21	27	32	23	26	12	11	38	7	14	12	30	39	26	9	41	43	27	29	11	36	14	15	12
Ins(2,4):M	505	775	878	215	831	642	819	672	657	1128	320	234	981	528	908	249	579	731	319	743	562	280	176	334	77	327	531	376	120	339	497	572	173	525	472	536	409	151	309	548	675	351	987	331	320	454	426	319	213	181	293	191	177	279	313	547	183	87	158	568	289	331	158	458	82	229	207
Ins(5,):M	446	683	679	534	667	460	691	521	653	832	375	303	750	463	844	300	494	744	341	550	548	272	228	298	304	350	444	369	211	474	513	487	206	619	387	459	376	136	334	508	593	335	1265	382	318	450	474	329	277	166	331	147	172	232	299	576	164	98	218	609	288	352	161	448	136	238	171
Ins2:U1:R0	20	21	15	7	27	25	23	15	13	38	7	7	18	11	19	14	11	22	6	17	13	1	5	8	1	9	11	10	5	12	17	10	3	23	9	16	4	8	9	12	9	8	27	14	11	11	17	13	3	3	5	6	5	7	20	22	6	1	6	18	9	11	7	15	3	4	2
Ins3:U1:R0	4	1	3	0	7	3	5	3	5	2	1	0	5	2	1	2	0	3	1	3	3	1	0	0	0	1	1	0	1	0	0	3	0	2	0	1	2	0	0	2	4	1	3	3	3	1	2	3	1	2	3	1	1	1	2	6	0	1	2	2	3	0	0	2	0	2	2
Ins4:U1:R0	0	0	1	0	1	1	1	0	0	2	0	0	3	1	1	0	1	1	2	0	0	0	0	0	0	0	1	0	0	0	0	1	0	0	0	1	0	0	0	0	0	0	1	1	0	0	1	0	0	0	0	1	0	0	0	0	0	1	0	0	0	0	0	0	0	0	0
Ins2:U2:R0	62	66	64	26	70	64	77	63	72	93	38	33	57	52	82	25	34	65	32	56	37	31	19	29	15	40	46	25	19	35	43	43	21	59	43	35	33	25	26	49	29	33	110	41	34	39	50	32	17	27	24	9	15	22	43	56	16	7	16	58	31	31	17	50	13	26	18
Ins3:U3:R0	28	39	28	16	40	34	43	30	39	50	11	13	29	30	45	10	20	38	12	34	17	3	10	18	4	6	21	21	4	20	25	29	8	33	28	16	16	5	10	20	15	13	46	20	18	16	21	19	10	7	6	7	10	8	27	24	9	1	10	25	11	12	12	18	7	9	8
Ins4:U2:R0	1	1	1	0	3	0	3	1	2	4	0	0	2	0	0	0	1	0	0	2	6	0	0	0	0	0	1	1	0	1	1	2	0	2	1	3	0	2	1	1	1	0	1	5	2	0	5	1	1	1	1	0	1	1	1	2	0	0	0	2	0	1	0	3	0	2	0
Ins4:U4:R0	12	18	12	5	16	12	18	8	24	24	6	8	13	7	15	9	10	20	6	15	14	9	3	5	2	9	8	9	2	7	10	12	6	7	12	10	8	4	11	11	11	7	30	11	4	4	11	11	6	6	13	1	4	5	13	16	3	2	6	20	6	4	4	15	1	9	7
Ins(5,):R0	64	71	73	82	80	69	92	42	58	96	34	41	59	76	72	17	53	90	79	54	48	47	28	27	46	86	53	31	23	32	56	45	27	48	40	50	47	18	37	64	45	36	96	49	40	68	60	37	71	19	59	26	37	34	29	78	23	17	47	152	27	118	20	53	8	26	53
Ins2:U1:R1	25	37	35	9	32	21	34	25	18	36	7	10	22	21	33	9	7	26	14	30	14	9	6	8	4	11	27	12	4	15	27	18	9	17	20	21	13	7	8	18	16	9	28	22	13	22	21	8	4	5	11	2	4	8	9	26	4	4	7	20	8	9	7	15	3	6	13
Ins2:U1:R2	11	4	6	4	11	10	8	16	8	12	5	4	6	6	6	5	3	7	4	11	5	6	5	4	1	4	6	5	3	5	8	14	6	5	16	5	9	1	1	4	4	3	12	7	5	7	6	5	3	1	6	1	2	2	9	19	3	0	3	9	14	9	4	11	0	2	2
Ins2:U1:R3	4	5	14	3	13	7	14	6	8	11	5	3	10	5	14	3	1	10	4	9	21	6	4	9	1	7	8	1	3	5	7	28	9	8	12	16	8	5	6	9	3	6	16	13	12	5	12	8	2	2	4	2	3	7	7	36	5	1	4	31	22	14	10	27	5	2	3
Ins2:U1:R4	5	6	7	4	4	7	4	8	11	6	8	2	8	4	15	3	3	6	3	11	7	6	3	3	4	4	5	5	3	5	10	9	1	2	11	7	4	5	8	15	2	2	20	7	7	5	6	4	4	0	3	0	4	1	5	9	0	1	1	11	8	5	0	8	1	3	4
Ins2:U1:R(5,9)	549	581	860	444	989	683	941	758	1158	1119	636	445	778	556	1223	302	288	691	186	493	668	205	216	435	158	423	257	236	196	452	562	392	166	866	569	907	301	190	323	527	230	391	3020	291	272	449	309	340	103	99	80	64	93	271	328	739	170	94	85	597	222	235	179	500	97	156	185
Ins2:U2:R1	35	60	50	16	59	37	57	45	44	57	29	15	49	22	59	16	34	45	14	54	29	26	21	22	6	26	38	16	16	22	39	32	22	46	36	36	23	17	19	28	39	18	67	24	23	27	27	18	11	12	22	7	15	16	25	37	15	6	22	49	21	30	18	38	12	17	14
Ins2:U2:R2	52	61	71	35	76	66	70	57	64	89	38	25	101	43	111	48	80	81	18	82	42	38	18	37	7	37	53	23	21	30	53	47	18	66	45	48	46	19	22	44	36	41	105	29	30	34	31	25	23	21	28	21	12	21	23	48	26	20	21	49	35	25	11	46	17	25	11
Ins2:U2:R3	94	98	91	55	116	104	101	80	102	126	60	44	112	79	111	67	78	123	49	108	50	56	47	58	23	53	76	46	30	32	72	72	36	90	62	43	55	21	26	72	62	62	156	41	41	52	38	36	27	38	45	26	22	28	37	57	21	24	31	66	53	62	23	49	25	26	26
Ins2:U2:R4	313	362	427	282	459	359	475	401	363	465	326	269	245	312	481	285	163	420	99	424	288	228	245	318	101	280	288	177	158	220	295	242	194	480	327	240	197	165	178	260	94	252	670	132	173	221	129	136	87	91	102	44	65	131	149	249	122	108	105	283	202	227	171	259	87	64	110
Ins2:U2:R(5,9)	2317	2590	3420	2245	3064	2842	3135	2991	2898	3481	2422	1963	1453	2080	3876	2345	921	3422	809	3037	2316	1444	1542	2403	890	2056	1819	1605	1264	1833	2088	1973	1303	3714	2818	2529	1773	1232	1541	2435	482	2147	5629	1171	1513	1994	1235	1400	822	842	696	361	572	1114	1440	2207	1235	853	897	2511	1706	1954	1358	2129	759	437	916
Ins3:U1:R1	3	3	3	1	2	1	5	0	2	1	0	1	1	0	1	0	0	1	2	0	1	1	1	0	0	0	2	2	1	1	1	3	0	0	0	1	1	0	0	1	2	1	2	1	1	0	1	1	1	1	2	0	1	0	1	0	0	0	0	4	0	0	0	1	0	3	1
Ins3:U1:R2	0	0	1	0	3	1	3	2	0	1	1	0	1	0	0	0	1	1	0	0	0	0	0	0	0	1	2	0	1	1	3	1	0	1	0	0	1	0	0	1	0	0	3	1	2	1	1	0	1	0	0	0	0	0	0	0	0	0	0	0	1	0	0	0	0	1	0
Ins3:U1:R3	1	0	0	1	0	0	0	2	1	3	0	0	1	0	0	0	0	0	2	0	0	3	0	1	1	1	2	1	0	0	1	2	1	0	2	2	0	0	0	1	0	2	2	2	0	1	2	1	1	0	2	0	1	1	2	1	0	1	0	1	0	1	0	2	1	0	0
Ins3:U1:R4	1	0	1	1	2	1	2	0	0	3	1	1	2	0	1	0	1	0	2	2	2	0	0	1	0	2	1	0	0	2	0	0	0	0	0	0	1	0	1	0	1	0	0	0	0	0	2	0	0	2	0	1	0	0	1	4	0	1	1	4	0	0	0	4	1	0	2
Ins3:U1:R(5,9)	39	51	82	10	79	59	71	56	97	110	27	12	71	35	95	11	21	51	15	41	28	10	8	17	10	20	20	15	7	26	22	28	8	49	36	73	20	6	11	37	15	18	289	21	17	23	33	37	6	6	7	6	10	16	33	48	11	6	7	34	10	12	12	22	6	10	9
Ins3:U3:R1	15	11	25	14	18	8	14	11	3	20	4	13	13	9	18	3	13	13	3	8	14	7	7	8	3	4	12	6	3	7	14	14	7	7	14	10	8	9	7	8	7	2	16	4	4	8	4	7	3	1	5	3	3	3	6	7	9	5	9	12	8	5	1	7	5	10	2
Ins3:U3:R2	3	7	11	2	6	3	7	2	4	5	4	2	11	2	9	1	1	9	2	5	3	6	3	3	2	6	5	4	4	4	5	9	8	7	5	9	5	2	7	4	6	2	13	0	2	3	0	5	1	3	3	2	3	1	6	5	2	1	4	6	5	6	1	5	0	8	1
Ins3:U3:R3	5	11	8	8	6	10	6	12	5	7	6	8	6	5	15	11	4	7	1	11	6	6	2	14	1	4	10	8	2	6	10	6	2	10	5	10	7	1	7	5	2	5	13	2	3	4	3	1	5	3	5	1	0	3	1	3	1	4	4	6	3	6	4	6	5	0	2
Ins3:U3:R4	29	20	35	26	54	36	55	28	26	29	25	26	10	21	40	26	4	27	8	35	15	22	19	24	8	18	27	8	13	19	25	11	5	57	28	19	19	15	14	23	0	16	72	7	6	18	8	11	5	5	6	3	3	12	14	18	12	8	17	17	8	13	6	13	10	2	3
Ins3:U3:R(5,9)	235	222	271	145	332	273	327	254	227	227	159	118	52	186	315	174	44	288	73	198	141	130	109	155	55	169	166	120	69	133	199	139	53	275	189	148	112	78	88	163	24	140	505	60	96	125	62	70	57	63	42	8	37	67	78	89	70	54	76	102	112	116	88	91	46	12	50
Ins4:U1:R1	1	0	0	0	2	0	0	0	0	0	0	2	2	2	3	0	0	1	0	0	0	0	0	0	0	0	0	0	0	0	0	2	0	0	0	0	1	0	0	2	0	0	0	0	0	1	0	1	0	0	0	0	0	0	1	1	1	1	0	2	1	0	0	1	0	0	0
Ins4:U1:R2	0	0	0	0	0	0	0	0	0	1	0	0	0	0	0	0	0	1	1	1	0	0	0	0	0	0	0	1	0	0	2	1	0	0	0	0	0	0	0	0	1	0	0	0	0	1	0	0	0	0	0	0	0	0	0	1	0	0	0	1	0	1	0	0	0	0	0
Ins4:U1:R3	1	1	1	3	0	0	0	3	0	3	0	0	0	1	0	1	1	1	4	0	4	0	1	1	0	0	0	0	0	0	2	3	0	1	3	0	0	0	1	6	0	0	0	1	4	2	1	2	4	1	1	1	0	0	3	4	1	0	0	2	3	0	0	0	0	1	0
Ins4:U1:R4	0	0	1	0	1	1	0	1	0	1	0	0	0	1	2	0	1	1	0	0	1	1	0	0	0	0	1	0	0	1	1	2	0	1	0	0	1	1	0	2	0	0	0	0	0	0	0	0	0	0	0	0	0	0	0	0	0	0	1	0	1	1	0	0	0	0	0
Ins4:U1:R(5,9)	7	17	13	6	19	10	13	9	13	20	7	0	12	2	19	0	3	7	5	3	3	3	1	4	1	1	9	2	0	2	0	7	1	3	3	13	3	1	2	2	7	5	34	7	1	6	12	8	2	1	3	0	1	4	6	9	0	0	1	7	1	6	0	5	0	1	1
Ins4:U2:R1	0	3	1	0	1	1	0	0	3	1	0	0	2	1	1	0	0	3	2	1	1	0	1	0	0	1	1	0	0	1	3	2	1	0	0	1	1	0	3	3	3	0	2	0	0	0	0	0	1	1	1	1	0	0	0	0	0	0	0	0	0	0	0	0	0	1	0
Ins4:U2:R2	4	5	5	1	12	5	10	7	4	12	2	0	18	4	13	5	6	8	5	6	2	1	2	6	1	1	5	2	1	3	2	5	0	3	2	8	1	3	5	4	4	2	4	1	3	3	1	2	0	1	2	0	2	1	1	3	0	0	0	7	3	5	0	5	0	2	1
Ins4:U2:R3	6	11	10	2	16	4	19	6	7	15	3	2	24	3	22	3	19	8	3	10	6	3	5	4	0	8	11	2	2	2	4	4	0	10	1	4	3	2	1	8	4	3	12	2	1	5	4	2	2	1	5	5	2	3	2	2	1	2	0	6	0	3	0	4	2	1	0
Ins4:U2:R4	10	18	24	5	19	12	23	15	15	13	6	4	23	10	29	4	16	14	1	15	5	7	6	10	1	5	12	3	1	9	7	8	2	10	5	5	12	0	5	4	6	6	21	3	4	6	1	4	3	1	2	6	2	2	5	2	1	2	1	2	5	8	1	3	0	3	0
Ins4:U2:R(5,9)	219	264	389	156	284	254	294	269	286	372	170	90	132	160	417	183	101	366	64	229	221	79	84	176	72	130	125	140	85	155	142	224	73	245	219	243	209	53	111	227	38	174	878	63	133	199	75	111	73	63	50	18	32	111	114	189	72	28	31	167	129	117	96	134	43	22	53
Ins4:U4:R1	19	23	11	6	29	19	26	18	14	28	6	8	48	17	30	7	30	27	10	23	11	14	6	16	3	14	23	7	6	17	20	19	5	9	17	7	9	9	7	14	20	15	31	9	2	14	9	4	6	4	6	4	5	7	5	11	10	1	5	16	15	10	1	11	9	13	4
Ins4:U4:R2	9	10	11	5	10	6	9	7	6	15	9	6	14	5	18	3	10	15	3	13	9	5	2	7	2	7	12	6	2	8	7	4	2	8	6	8	6	5	6	10	9	3	22	3	5	9	2	4	3	1	3	1	0	2	5	6	1	3	3	10	1	6	1	6	2	7	2
Ins4:U4:R3	16	12	15	9	20	28	21	13	11	18	6	7	13	10	14	6	9	12	5	8	4	9	3	4	1	14	18	7	4	7	10	9	6	15	10	12	9	5	1	10	3	5	18	3	4	10	2	2	2	2	0	2	2	4	1	6	4	4	5	4	6	7	1	3	0	3	1
Ins4:U4:R4	32	17	35	12	37	27	29	31	20	31	17	16	16	31	31	18	6	49	15	19	17	18	12	24	5	27	20	19	12	16	21	10	5	21	30	15	4	11	6	17	7	19	60	6	7	17	6	6	9	3	1	3	3	6	5	10	5	5	7	6	9	12	6	7	8	3	7
Ins4:U4:R(5,9)	89	71	97	46	125	82	117	77	52	78	62	54	31	64	79	37	17	112	31	41	47	50	30	42	19	60	75	41	26	46	60	31	18	75	84	49	28	22	29	56	11	35	231	14	17	64	15	18	20	11	15	3	8	17	20	22	25	11	22	29	22	39	14	19	19	3	9
Ins(5,):U1:R1	0	1	1	1	1	0	1	1	0	2	0	0	0	0	2	0	1	1	3	0	0	2	0	0	0	0	3	0	0	1	0	1	0	0	0	1	0	0	0	0	0	1	0	0	0	0	1	1	0	0	0	0	1	0	3	0	0	0	0	2	1	1	0	1	0	0	0
Ins(5,):U1:R2	0	0	0	0	1	0	0	0	0	0	0	0	0	0	0	0	0	1	0	0	2	0	0	0	0	0	0	0	0	0	0	0	0	0	0	1	0	0	0	1	0	0	0	0	0	1	0	0	0	1	0	0	0	0	2	0	0	0	0	0	0	0	0	1	0	0	0
Ins(5,):U1:R3	0	1	0	0	0	1	2	0	1	1	0	0	3	2	2	0	1	3	1	0	1	0	0	0	0	0	2	0	0	0	1	0	0	0	0	1	1	0	0	0	0	0	1	1	1	2	2	1	0	1	1	0	0	1	0	4	0	0	0	4	0	1	0	2	0	0	0
Ins(5,):U1:R4	2	4	0	0	2	0	0	0	2	4	0	0	1	1	0	0	1	0	1	1	2	0	1	1	0	0	3	0	0	0	2	0	0	1	0	2	0	1	1	1	0	1	0	0	2	1	0	0	0	0	0	1	1	1	2	1	0	1	0	1	0	0	0	0	0	0	0
Ins(5,):U1:R(5,9)	11	34	18	3	29	13	18	7	15	46	6	4	16	9	18	4	13	14	7	14	12	3	1	4	1	8	17	8	0	5	10	15	0	7	2	10	12	0	2	13	5	2	19	12	1	4	16	7	4	4	12	3	4	2	9	11	0	1	3	11	5	0	0	10	0	3	1
Ins(5,):U2:R1	2	1	1	3	0	1	0	1	3	3	0	0	11	0	6	1	2	2	0	1	2	1	0	1	1	2	3	3	0	1	1	2	0	4	0	6	3	0	1	1	4	2	0	0	0	1	0	2	0	1	1	1	1	0	3	3	1	0	1	3	0	1	0	2	0	3	0
Ins(5,):U2:R2	2	0	4	2	2	3	1	2	1	4	2	1	3	1	9	1	4	2	2	1	0	0	0	1	2	3	1	3	1	1	2	1	2	2	0	0	0	0	3	1	2	0	3	1	1	3	1	2	1	0	2	0	0	0	2	0	2	0	0	2	2	0	0	1	1	1	1
Ins(5,):U2:R3	4	7	8	8	11	11	9	4	8	2	4	3	9	3	10	4	9	6	0	6	3	7	0	4	5	1	6	2	1	4	4	2	1	6	5	1	2	2	2	1	5	1	11	2	2	1	5	1	1	0	2	0	1	2	0	2	1	1	1	5	2	2	2	2	2	0	0
Ins(5,):U2:R4	5	5	3	8	4	7	8	6	7	8	7	7	12	2	13	3	9	12	0	5	2	4	5	0	2	3	3	4	3	3	5	0	1	9	5	3	4	0	1	2	5	2	18	3	2	0	1	2	0	1	4	1	1	2	0	0	1	0	0	7	0	0	0	3	2	2	1
Ins(5,):U2:R(5,9)	93	118	223	308	142	117	154	116	215	194	134	79	73	66	230	86	44	148	46	109	106	46	69	95	176	81	51	110	115	194	84	136	42	176	133	142	120	34	72	164	29	86	875	55	86	108	77	77	50	49	31	4	22	52	66	100	51	42	19	111	82	76	98	87	69	14	24
Ins(5,):U(3,):R1	49	48	40	30	63	37	61	37	27	46	14	43	51	32	27	18	16	54	17	38	34	32	26	16	17	20	46	11	20	20	45	23	24	31	34	13	23	22	15	25	20	12	52	24	13	16	28	9	26	17	16	13	18	9	10	23	16	7	29	26	17	18	14	24	16	11	12
Ins(5,):U(3,):R2	8	13	11	11	15	13	15	12	7	13	4	4	13	9	12	2	5	10	5	9	5	4	0	7	8	7	8	1	4	3	16	1	5	9	8	8	6	4	6	6	6	6	11	7	1	4	8	2	5	5	3	0	3	0	4	8	3	1	4	11	2	6	3	3	3	4	3
Ins(5,):U(3,):R3	7	10	12	4	9	13	9	8	6	6	6	6	3	8	3	4	4	6	7	4	6	3	4	2	1	2	12	0	1	7	10	3	3	5	4	3	2	3	4	7	4	0	16	4	4	4	5	2	2	0	2	0	0	1	2	4	1	1	2	5	1	5	0	4	1	3	3
Ins(5,):U(3,):R4	10	3	7	5	11	4	10	8	5	9	6	4	2	3	6	3	2	9	3	9	4	6	3	2	1	4	10	8	1	5	7	5	1	3	5	7	0	1	0	4	3	2	26	1	0	6	3	1	3	0	4	1	2	1	1	5	1	0	2	5	4	2	2	1	1	2	4
Ins(5,):U(3,):R(5,9)	50	46	53	53	85	29	83	50	42	87	57	39	11	31	39	22	4	70	22	31	22	31	26	24	33	37	43	22	19	26	43	19	16	46	42	24	12	12	12	35	4	18	185	7	12	26	9	7	10	2	11	0	8	3	9	17	14	9	11	10	12	5	6	17	8	3	4
Del2:M1	370	546	496	225	551	492	552	405	377	661	254	248	342	328	533	306	224	444	212	521	317	306	188	314	109	302	409	210	167	248	379	220	280	472	349	286	210	178	262	296	103	206	249	158	206	233	187	179	113	78	155	66	132	131	184	314	162	122	232	318	148	181	149	258	170	57	107
Del3:M1	69	73	79	36	129	93	132	73	83	150	47	44	38	49	77	55	24	102	26	110	72	57	35	46	17	50	70	25	31	34	85	41	65	94	54	50	24	24	41	41	11	20	47	26	39	26	37	26	16	11	30	14	18	21	22	40	24	15	36	57	33	43	20	36	22	3	15
Del3:M2	209	295	317	184	340	353	344	252	217	394	175	176	75	168	380	227	59	225	142	330	327	221	135	201	82	198	256	217	145	221	223	142	191	381	234	175	117	98	270	235	29	118	87	75	146	143	84	121	73	64	100	24	49	115	116	172	202	89	196	175	116	123	150	141	252	13	91
Del4:M1	167	239	212	90	314	220	315	200	176	297	110	85	92	167	190	118	86	203	91	210	130	107	88	138	32	122	148	80	55	89	195	82	100	199	125	87	69	57	74	94	51	90	77	55	69	98	59	70	53	32	86	27	45	36	71	95	52	26	61	131	57	73	48	91	62	27	43
Del4:M2	81	111	118	74	130	150	131	96	84	165	63	44	37	61	132	97	17	93	41	159	139	75	42	80	34	83	114	104	36	68	111	58	67	145	88	64	44	33	120	86	30	54	33	17	79	70	26	73	30	34	26	22	16	41	76	72	81	37	72	82	45	45	66	68	71	7	33
Del4:M3	76	115	106	60	144	150	142	98	102	159	49	75	49	63	133	84	39	90	44	125	163	79	40	75	22	77	103	97	48	64	72	59	66	147	66	74	72	25	134	85	20	38	44	27	85	60	30	62	38	29	31	10	19	54	60	75	68	36	75	90	50	42	69	81	81	11	37
Del5:M1	21	27	28	18	33	22	28	28	23	45	30	14	14	13	28	14	1	30	1	34	7	9	10	10	6	16	25	6	4	9	29	18	23	26	14	9	7	5	11	15	4	10	6	8	6	6	6	8	8	5	8	14	7	3	8	11	4	4	14	20	12	11	10	16	6	6	4
Del5:M2	10	13	17	8	19	22	20	17	13	24	7	8	7	3	19	11	2	17	5	14	15	7	13	11	4	13	9	7	4	7	13	10	10	21	10	5	8	5	10	10	2	2	4	5	12	4	3	7	7	15	4	2	4	6	5	11	5	3	11	15	8	3	8	10	5	2	4
Del5:M3	28	38	31	31	42	38	44	41	38	40	31	29	23	19	46	34	9	26	14	42	34	20	15	20	16	21	23	19	21	13	39	17	30	49	21	15	16	22	17	19	8	16	21	11	27	18	13	16	14	12	16	5	10	10	18	21	14	13	22	32	16	13	15	28	14	5	10
Del5:M4	15	22	12	14	26	17	26	14	24	31	13	7	8	9	35	20	2	15	8	20	13	6	7	11	4	7	16	10	4	5	11	13	14	23	6	15	8	4	24	14	4	5	6	1	12	13	2	10	8	6	10	3	2	3	10	14	15	2	16	14	8	11	14	8	10	4	10
Del6:M1	112	152	109	70	174	155	173	127	113	200	91	83	62	91	98	71	57	154	44	145	51	77	60	88	38	69	107	31	34	56	187	45	109	133	87	43	36	56	32	50	25	49	49	43	46	64	45	33	31	23	65	22	17	21	32	58	33	24	62	64	31	39	32	53	9	24	23
Del6:M2	11	6	11	7	16	8	14	11	15	17	5	12	10	6	13	6	6	17	5	10	7	10	1	3	6	12	13	1	4	7	7	11	8	13	8	6	4	6	4	7	2	4	10	5	4	9	5	5	14	17	3	2	2	4	5	6	6	2	6	6	6	4	1	6	0	3	3
Del6:M3	17	27	16	10	28	13	26	16	13	29	11	7	16	9	9	16	8	16	5	16	5	6	11	6	5	5	14	9	6	11	14	9	18	17	8	9	4	7	3	7	5	7	8	5	3	9	2	3	8	15	3	3	2	3	5	11	3	5	6	7	7	4	3	9	2	1	4
Del6:M4	17	46	22	19	44	32	40	23	13	34	29	19	12	19	24	14	13	30	5	27	9	13	12	20	15	11	37	7	9	12	38	5	27	37	16	13	8	14	8	12	4	10	14	8	7	8	8	7	10	14	14	2	1	1	8	11	4	7	6	8	4	14	4	7	4	2	6
Del6:M5	10	15	12	7	14	9	17	11	16	43	11	3	18	5	12	2	12	8	3	11	2	1	5	4	0	3	5	0	2	4	10	4	9	13	7	4	3	3	1	7	2	0	9	4	2	8	4	5	5	2	6	1	4	2	5	10	0	0	3	10	3	7	2	5	0	4	0
Del(7,):M1	246	325	187	113	431	229	422	193	160	329	149	91	99	154	150	92	75	243	78	224	71	108	81	132	59	155	154	51	37	72	280	84	146	180	121	77	55	55	44	93	56	61	75	79	73	81	85	54	111	90	59	50	48	31	52	100	37	25	119	113	58	57	27	83	20	66	28
Del(7,):M2	39	51	37	20	67	31	55	35	26	63	32	14	33	18	28	22	24	54	30	30	21	22	19	32	12	33	32	19	7	19	39	18	30	42	29	21	15	15	12	24	10	13	35	12	12	22	14	13	150	150	18	25	16	9	12	20	6	8	82	21	17	11	8	18	4	19	13
Del(7,):M3	45	67	48	25	71	40	73	41	34	90	42	19	29	34	44	29	15	42	27	48	15	31	15	23	17	28	49	12	10	27	43	24	29	58	32	28	21	20	12	25	11	17	20	12	13	15	19	12	115	125	7	8	15	9	9	26	11	9	45	27	15	7	10	22	8	13	10
Del(7,):M4	21	19	23	6	31	17	31	16	15	28	10	7	12	8	22	8	9	25	12	18	9	12	4	8	2	15	21	6	3	7	27	18	17	14	10	8	6	6	4	9	6	5	8	7	6	9	9	8	67	75	5	5	6	4	8	9	0	5	18	11	9	8	4	10	2	5	6
Del(7,):M5	18	24	22	8	25	18	31	19	17	43	6	3	16	13	20	6	11	16	5	21	9	11	5	5	5	10	17	3	1	5	13	10	11	13	6	4	5	3	5	6	2	4	8	4	6	8	3	1	31	30	11	2	4	2	1	6	1	3	9	4	8	3	3	1	3	8	4
Del(7,):M(6,)	59	78	51	27	86	48	93	31	36	114	31	32	33	30	56	27	20	52	16	51	21	36	22	26	15	21	47	16	17	23	70	31	77	65	27	21	20	15	19	34	17	11	35	11	15	21	14	16	27	36	19	9	11	15	15	30	8	6	36	27	13	11	4	28	7	11	10
Complex(0,1)	0	0	0	0	0	0	0	0	0	0	0	0	0	0	0	0	0	0	0	0	0	0	0	0	0	0	0	0	0	0	0	0	0	0	0	0	0	0	0	0	0	0	0	0	0	0	0	0	0	0	0	0	0	0	0	0	0	0	0	0	0	0	0	0	0	0	0
Complex(2,5)	0	0	0	0	0	0	0	0	0	0	0	0	0	0	0	0	0	0	0	0	0	0	0	0	0	0	0	0	0	0	0	0	0	0	0	0	0	0	0	0	0	0	0	0	0	0	0	0	0	0	0	0	0	0	0	0	0	0	0	0	0	0	0	0	0	0	0
Complex(6,10)	0	0	0	0	0	0	0	0	0	0	0	0	0	0	0	0	0	0	0	0	0	0	0	0	0	0	0	0	0	0	0	0	0	0	0	0	0	0	0	0	0	0	0	0	0	0	0	0	0	0	0	0	0	0	0	0	0	0	0	0	0	0	0	0	0	0	0
Complex(11,20)	0	0	0	0	0	0	0	0	0	0	0	0	0	0	0	0	0	0	0	0	0	0	0	0	0	0	0	0	0	0	0	0	0	0	0	0	0	0	0	0	0	0	0	0	0	0	0	0	0	0	0	0	0	0	0	0	0	0	0	0	0	0	0	0	0	0	0
Complex(21,)	0	0	0	0	0	0	0	0	0	0	0	0	0	0	0	0	0	0	0	0	0	0	0	0	0	0	0	0	0	0	0	0	0	0	0	0	0	0	0	0	0	0	0	0	0	0	0	0	0	0	0	0	0	0	0	0	0	0	0	0	0	0	0	0	0	0	0
