C.PH.Lung.2	C.PH.Breast.1	C.PH.Liver.2	C.PH.Esophagus.2	C.H.Lung.2	C.H.Ovary.2	C.H.Other.4	C.H.All.8	C.H.Colon.3	C.PH.Bladder.8	C.H.Skin.12	C.PH.CNS.3	C.PH.Skin.14	C.PH.Colon.4	C.PH.Skin.2	C.P.All.7	C.H.Lung.12	C.PH.Colon.8	C.H.All.19	C.PH.All.29	C.H.All.22	C.H.All.24	C.H.All.26	C.PH.Prostate.15	C.PH.Bladder.12	C.PH.Bladder.6	C.PH.Colon.7	C.H.Bladder.10	C.PH.MSI.22	C.P.Lymphoid.2	C.H.Colon.7	C.PH.Ovary.6	C.PH.Pancreas.5	C.H.Breast.12	C.H.Lung.10	C.P.All.20	C.H.MSI.18	C.H.MSI.20	C.P.CNS.2	C.PH.CNS.5	C.PH.Colon.6	C.P.Lung.3	C.PH.Kidney.1	C.H.Other.12	C.H.MSI.7	C.PH.MSI.13	C.PH.Other.12	C.PH.Prostate.5	C.H.Other.9	C.PH.All.11	C.P.Liver.1	C.P.All.10	C.P.Liver.6	C.PH.Pancreas.9	C.PH.Colon.13	C.P.Kidney.4	C.P.All.26	C.P.All.27	C.P.Ovary.2	C.PH.Lung.5	C.P.Colon.3	C.PH.Uterus.7	C.P.Prostate.3	C.PH.Kidney.6	C.PH.MSI.11
DEL:C:1:0	0.0167121316280325	0.00953812915286218	0.0487524481961863	0.0142909286550397	0.11085765571275	0.0367814878563612	0.0245449719288399	0.000541551862419714	0.0227191699784209	0.00555706834333544	0.0735267497216249	0.0585217753347349	0.0259600184567351	0.232188544541686	0.0487562634859092	0.0423809022345959	0.00997410120887495	0.0300003359518021	0.00875535349756713	0.0218479928270344	0.12923590413226	0.374865790221208	0.0348954448022948	0.00996693329855209	0.00590845606484972	0.0785413602577838	0.0157797107154669	0.0554716012681717	0.0274210347896055	0.0189655199250936	0.0400950088567999	0.154024592910114	0.0890249700071739	0.142125575221439	0.0228000044427715	0.00751776035274209	0.0132843805790635	0.0221755507710087	0.0783723405156729	0.00465160412942897	0.00987404872349221	0.0392336246468367	0.0565129893339758	0.0464243243644134	0.000617224075545182	0.00132183875418815	0.329222100818493	0.0503066615718399	0.050354663316466	0.039483947966625	0.0644930537428986	0.00162103771297375	0.0204287060278028	0.0246614130682204	0.0451619215363382	0.0351923357644502	0.00590397379941177	0.0627032990332087	0.0445707387170041	0.0451063985115122	0.00425580668281007	0.0795260002103369	0.0397599625991344	0.0380255977347356	0.00480632419095163
DEL:C:1:1	0.00529161290564348	0.00389633728050721	0.0447863615481098	0.00635597971609379	0.167940864748232	0.0171583365269615	0.0209682539634488	0.000692360865421088	0.00967232073553564	0.00224776648347136	0.0726557213671137	0.0495538859228342	0.00847823791061689	0.147761466543814	0.0298787997344955	0.0162732798098231	0.00508202437658644	0.0176434954131914	0.00511489823547345	0.00781700489411509	0.0578995852548191	0.0810108052766682	0.00675982313313631	0.00250639671969414	0.00513677919474281	0.11217564827185	0.0129586747691657	0.0219425624079745	0.0077780446198022	0.00858018986848925	0.027073948692635	0.0714297757188171	0.0553369994086982	0.0673491414120615	0.0110496206237184	0.00511326208594014	0.00658637969758916	0.00781097209090484	0.0380606142150532	0.00631025385234404	0.0057581927789744	0.0383913954630424	0.0433919561764535	0.00565398354949995	0.000428631240845083	0.00451820632510456	0.124620904279569	0.0408043529931112	0.0344198262988242	0.0226157720057179	0.0795936202791924	0.000415143804542058	0.0422027254223589	0.00516826914106725	0.0334251262759198	0.11949200650941	0.00137425450177252	0.0351638934868688	0.0209403306535547	0.0212295913477	0.00211313609479102	0.040714437848721	0.0171096019203637	0.0258922067131963	0.00492253076445718
DEL:C:1:2	0.00144828052842907	0.00220966361741823	0.0275445856147425	0.00329243271309785	0.149403928706553	0.0079756255123593	0.00977057955540433	0.000708404104822978	0.00430206957913083	0.00106436466524613	0.00697256861853166	0.0288965092215428	0.00277905609909048	0.0548323043601429	0.0112102498398798	0.00563241723601525	0.00469973118893204	0.0059450137553599	0.00322626021484301	0.00522766192636975	0.0253486304386643	0.0205098556586837	0.00339399178123824	0.00227774716966652	0.00559356097541654	0.0931936734983239	0.00573596579274665	0.0101220641930127	0.00774665903803291	0.00368805024456202	0.0193260323704822	0.031590138863918	0.0252551999461465	0.0287461718281364	0.0133271943440906	0.0115450804126665	0.0109479991252767	0.0047806942512663	0.0127786270299048	0.00328326323800066	0.00283145558201555	0.017803059572957	0.0317038455344136	0.00701427333162495	0.000359198136663503	0.00330402917285874	0.0303338898784981	0.0268142776781283	0.0194930736103637	0.0122032211881583	0.0501421161409901	0.000300263850637812	0.0112802226920023	0.00824460205073934	0.0139980132214374	0.0555831166233247	0.000848243720881855	0.0180804672311269	0.00990136554920726	0.00407163993417133	0.00692418304910971	0.0177907628089369	0.0102609879299109	0.00705924127610341	0.00452607194579638
DEL:C:1:3	0.00321865877104069	0.00358703604116911	0.01378199321132	0.00305868448984989	0.0503049611064738	0.00425338786762518	0.00445633513565549	0.00102341062167106	0.00180985425512931	0.000917793701230133	0.009015210265844	0.0157449861222233	0.00234912238041141	0.0159038035770529	0.00626922385911764	0.00515657409950246	0.00265116637995432	0.00517344444983626	0.00114483339129214	0.0101953743626891	0.016508844776008	0.0109125926065453	0.00662574020647757	0.00164031198932863	0.0248334246000967	0.061960967367986	0.00462023217741325	0.00556578960483254	0.0187202872780421	0.00378777489011253	0.0087758215735126	0.0140242965359047	0.0176182725726801	0.0164912642735257	0.00782310452095863	0.0501505628467604	0.0326908204508255	0.00935112268891729	0.00798650683350514	0.00299512064539214	0.00103459841938278	0.00814216808354224	0.0157059118412319	0.00604160754308096	0.000497818781439813	0.0078118711036173	0.0127855352385361	0.0145884012748309	0.0105861357754393	0.00685707287622134	0.02378723998742	2.90310352826614e-06	0.0117902488090135	0.00249494927633037	0.0111351594847482	0.0386731400334121	0.000809850794335576	0.00843608656160465	0.00614715176878051	0.00708729496733897	0.0287886985795221	0.0086692052358225	0.00663491341008007	0.00959451360296286	0.00351271000330413
DEL:C:1:4	0.00116746121604165	0.00752025000490871	0.00714274758601301	0.0028720715371322	0.0355976332116492	0.00328310303619904	0.00218052626273298	0.00153766217455963	0.00128690761470534	0.00252420870656369	0.00251723186654563	0.0060575453728847	0.00460700038469363	0.00567444685098081	0.00481480007382701	0.00190953367078931	0.00198082982236172	0.00664827286112019	0.000625624776433308	0.00389024063697994	0.0103804768388543	0.00741506503375418	0.010128714904768	0.00161744703432586	0.0670897709880901	0.0401343606731828	0.00359818301120395	0.00283033495701082	0.062738449466573	0.00336543859723666	0.00588250094643031	0.0139609767909256	0.00855061226351761	0.0123476181313002	0.00311339343457314	0.119272369198314	0.110424050109199	0.0307236017049943	0.00681090032939331	0.00363599913534247	0.00102689948319581	0.0103826936386066	0.00584412458752013	0.00278925375169626	0.00124500738532487	0.00887331900659609	0.00275205510411699	0.00428997722434448	0.00546513282045636	0.00389573175085607	0.0147605273313692	2.94918453665131e-06	0.0058317382668361	0.00331142385255096	0.00384163603687741	0.013049853213886	0.00185536586255558	0.00483259551830349	0.0038979261807629	0.00427297423600414	0.0700181745286391	0.00544134743856308	0.00086265528980842	0.00758282188621532	0.00180783915617489
DEL:C:1:5+	0.00557177661317779	0.0284261949714445	0.00531389641370686	0.00897201430745566	0.0189363741626593	0.00232106648653028	0.00123299784369172	0.000748237796289404	0.00152672426407151	0.00261377985124013	0.00361470087456858	0.00257080443946734	0.0066632848678462	0.00255558279973458	0.00235823325680799	0.00165640402053676	0.00492542398334796	0.00613186694815517	0.000143358676848956	0.00145594385411076	0.00646433454597386	0.0101497365364159	0.0488361682815915	0.00596139083345942	0.239186303167016	0.022480195418091	0.00201101703987577	0.00442359274001067	0.248650992895334	0.00642612385216218	0.00379858307754471	0.00740064798087761	0.00415732176556765	0.00929968269819321	0.00590477927406048	0.255941689573668	0.349247722485378	0.149444303222044	0.012322734928378	0.00742035281204392	0.00143466356333148	0.00541647190169573	0.00189556703767842	0.00910014933767516	0.00736021599773099	0.00464834352377471	0.00249791804097025	0.00249167162506666	0.00699910678921912	0.00773567554809471	0.00741486787444554	0.000300402093662967	0.00270045238584995	0.00806548514187925	0.000859520595442416	0.00605418380973492	0.0134491759906604	0.00449511332828151	0.00208690561672111	0.00371929522680244	0.0851228176164877	0.00436122995342571	0.00292095860665839	0.00914271474895413	0.0044103368721209
DEL:T:1:0	0.0121472291476582	0.00616274119330516	0.0412586143551845	0.011033873527227	0.0366837714575342	0.0190000963386268	0.0238035359863524	0.000435477588219948	0.0146011333635887	0.104626273714789	0.0198756780695233	0.0711553810340389	0.014409580873467	0.0312865523115532	0.0344008209024504	0.026451994182417	0.0066050661381015	0.462131779494035	0.0168488183779263	0.0346502801691729	0.0582648930952417	0.014222704780533	0.0211244512878678	0.0094080342680063	0.00777802187884291	0.0450119546671202	0.0163737257770419	0.0229950179651127	0.0137650519188929	0.0134525728222344	0.0505929445876022	0.0577209564237673	0.0648470098864924	0.0603499527346378	0.0064078578066728	0.00505222130575059	0.008617593304955	0.0122070115244771	0.0455064538011993	0.00683198920399058	0.0788456149855774	0.0214314518087068	0.0704174651689762	0.00597989911450454	0.000672046146309241	0.000796544464343499	0.0200474845061652	0.0655188297606114	0.0411177113674263	0.0308574715264502	0.0504356372182488	0.000950190392902345	0.0527303779052692	0.0130083655059642	0.00256321013557226	0.233364835129188	0.00495141852749883	0.0461981150819223	0.024125308371043	0.034726438653163	0.00413269674557461	0.0485046438835007	0.0235393205323806	0.0289349041223331	0.00643698821867001
DEL:T:1:1	0.0068895214645922	0.00442573135022823	0.0347065967123521	0.0112370122239236	0.0322213064442392	0.00825893605967844	0.0157726650261004	0.00175144440207089	0.0118887976176569	0.144339000145881	0.00679121570576342	0.057326280694467	0.00571018615839626	0.0181540658791675	0.288753908306571	0.013757976693276	0.00410706136783	0.0221846039154916	0.00802591414514205	0.0157174089993833	0.0322108529461802	0.00522485444225033	0.00411515456862267	0.00209502635534009	0.00706646648807522	0.0523542038674748	0.0151760489383386	0.0151033043277731	0.00431722792445288	0.00649159904525168	0.0445902672699322	0.0385192973128789	0.0375261027522594	0.0337830642222913	0.00571745485570186	0.00918603992304419	0.00467458752847891	0.00347501902127189	0.0208162008303443	0.00395384545802397	0.123666276507643	0.00737548026191613	0.0662425975391146	0.00816542644744577	0.000349191420499403	0.00354878609214733	0.0165543982720757	0.0480254950563747	0.0250753235422525	0.0183870493223665	0.040740658113252	0.00044196295142223	0.0284272676377402	0.0118269402279412	0.0192033684729564	0.110458307877792	0.00166965392399128	0.0264236247397152	0.0122187898117216	0.0322822142113266	0.00568185831400444	0.0274402654011671	0.00977441110081777	0.0108884382973475	0.0160476417935999
DEL:T:1:2	0.00896730807206881	0.00710351492887469	0.0356498447148016	0.00816902964172523	0.0200730043053562	0.0127364489777754	0.0109939532752445	0.000477315089221853	0.00921691650663846	0.124700837207274	0.0150823502535935	0.0448186618870999	0.00958417477103699	0.0127186822738192	0.0263065733805733	0.0120092451858599	0.00491707588379509	0.0161698934926136	0.00293456591481296	0.0132733770297635	0.0485238432356613	0.00541751741967876	0.00579614263691858	0.00584646958135858	0.00588341723698373	0.0303374398785731	0.0112714390847584	0.0171362574698076	0.00232658494613985	0.00955960431212649	0.0342291107892062	0.048454751244003	0.040313610957764	0.0650635106056074	0.00311376677671237	0.0158063700798001	0.00279381391475973	0.00287236883343637	0.0269700262494446	0.00284036585280197	0.0941136420635863	0.020972080942844	0.0826969217750249	0.0113691018768459	0.000364232190193909	0.0800180736404775	0.0103447461014067	0.0382155041448555	0.0235546084083745	0.0172614385987542	0.0393273466268614	0.000414821237483361	0.0185476276069218	0.00367935983616773	0.161586721417833	0.0423013251298908	0.00322244476327288	0.027718634405715	0.0166947504770181	0.0254767183509239	0.00900448367642091	0.0308369229825919	0.0157200297368294	0.00473171657099107	0.0103944676386092
DEL:T:1:3	0.010089036573922	0.0148955532531318	0.0366506506889189	0.0126214670676197	0.0251368526667219	0.0193846488391848	0.0124324381460209	0.00344787976530157	0.0147960980400921	0.256948491899332	0.0104523402541345	0.027931218036943	0.00987823537350358	0.0148967910083849	0.0474094380125373	0.013077603369212	0.00450084733210462	0.0219836194167343	0.000425166951664712	0.0245670271525194	0.0619467759945982	0.0145465966296845	0.012453167641539	0.0135481817290718	0.0117579223487948	0.0272441876766935	0.012488385417309	0.0166044006919152	0.00177084426916049	0.0169864190219682	0.0300446225129409	0.0572356814588143	0.0339086698327823	0.0743338529326842	0.00622492015845014	0.0327239133371699	0.00461282411083258	0.00165357819401683	0.0316254228876573	0.00195253613073107	0.208023817317173	0.0267469626165265	0.0658148190595633	0.0122753061307611	0.00118729994241534	0.280406738428452	0.00594010761527423	0.0272639492253595	0.021710586479321	0.0120301815841868	0.0351168603350204	0.000511268788033536	0.0113543422868522	0.0297408700753112	0.196745037607535	0.0120015354422236	0.0020082453885746	0.0242822129076877	0.0207344403168051	0.0265119937180539	0.107862532136958	0.0330150161715922	0.0176705035425047	0.00429216492108631	0.0298102503337675
DEL:T:1:4	0.0100729352987903	0.0334361586561525	0.0277552233579092	0.0187608703726247	0.015023713471077	0.0120072291462327	0.0101715763068652	0.00357201385155677	0.0113360181427345	0.0865311083069715	0.0106106483216339	0.0172281785567435	0.00384342098244669	0.00860863903130298	0.0236245413839595	0.00604660443304992	0.00901999713721269	0.0148568018774906	0.000955053378654312	0.00748245786860388	0.0471098142611489	0.00711325373446166	0.0129283777415234	0.00595184720006696	0.0116273526419005	0.0309923364986506	0.0117029321233815	0.0175763233149973	0.00341050012775094	0.0305520365977039	0.0140495944378535	0.0525019603289008	0.0285181034598166	0.0559967341350998	0.00687117540145714	0.1130555610248	0.0159615099869257	0.00231376253373113	0.0240427033578464	0.00730203021876978	0.0836731216888787	0.0203971389711934	0.0405311069025516	0.00444530146042461	0.00304425178616814	0.475094986326132	0.0116250394600591	0.0165172686404319	0.0156209407233716	0.00691613749338117	0.027998597556731	0.00231547850933836	0.0146070604147322	0.0222224378259088	0.217140163893765	0.00615139244065029	0.00643196883011192	0.0202900395648704	0.0129401222254914	0.0222807366679704	0.321236144327165	0.0285207485836162	0.0120333971190205	0.00350755208595239	0.0137328315124373
DEL:T:1:5+	0.0888820640106962	0.591759329262311	0.0468125747518816	0.335209911197702	0.0164614795628368	0.0238313529578322	0.0095136545505128	0.00681650056744823	0.0518910181421881	0.0195676377384073	0.0101530912489037	0.0207006428060855	0.0232936040749096	0.0361734442850642	0.0342479614910031	0.015950590103589	0.196788710075412	0.0130888421874408	0.00258887174707919	0.0235109760979995	0.0788504893178686	0.0339740915812544	0.0404670622577395	0.0149397627731095	0.0118511460073467	0.0550303895813639	0.0403714387634007	0.130834371152695	0.0191234176394343	0.395986789776366	0.0110715213285746	0.0768035744140952	0.0133170960620832	0.128515219732753	0.0153368017440305	0.0178236591930675	0.0138525675289916	0.0167349274012341	0.126778806617301	0.0615495093567406	0.077417066311048	0.0714102757365283	0.0339462349369784	0.0126957101660825	0.0228754759329268	0.0229763192512948	0.0407767938237769	0.0464108483585247	0.0243931479182652	0.0264912129913324	0.0372028081397566	0.00949356326650573	0.0133737274445208	0.01492342378986	0.0332578620214252	0.0071957094121527	0.0143329746994075	0.0316354940390828	0.0220894335995738	0.0422791270621352	0.0111852999948466	0.0831082187027174	0.0485458597125387	0.0463087002638641	0.0144786717051864
INS:C:1:0	0.00580560140957248	0.00235843113447316	0.00658410294774766	0.0142398351149373	0.00784856796085026	0.00365599057544154	0.00580658835985051	0.00192567372671305	0.554554290349537	0.00285254422765038	0.00604342717595107	0.00187840141190591	0.24356104332824	0.0207180414676154	0.0149422232704945	0.00414987185562849	0.00142770601214972	0.0177916341602191	0.00652898442333435	0.0114984891206871	0.0090244653827684	0.00355894854313064	0.00534578131805508	0.0407757701463616	0.00394099833626184	0.00596842351319846	0.0138365617904117	0.0113133743757099	0.00293390425643953	0.00646342856823133	0.00264326769816397	0.00887420240433073	0.00982688428619971	0.0139056894874234	0.00665669034246954	0.00131585347598211	0.00219100478315247	0.0069574759176916	0.00343905882556326	0.000496396921131247	0.00856175864434895	0.00823426182914816	0.00239076967129758	0.00518899865741144	0.00105506395089711	0.000527128438282288	0.0156223315500171	0.00262038899540845	0.0121706600259691	0.0124778609917291	0.00692608795482357	0.000493112870729777	0.00357301303415504	0.0211178835546049	0.0256366266557586	0.00265599065759098	0.0136379796672999	0.00376078757546136	0.00339648159264403	0.00752610555992058	0.000519093578304168	0.00586139651331384	0.00478345612668524	0.0156345246965376	0.0147859807867446
INS:C:1:1	0.00124740700204302	0.000592727180633103	0.00385756933307683	0.00231897924280288	0.0040236900520067	0.00205680849201359	0.00561572041473692	0.0017475771772986	0.0185577758736731	0.00148296140146132	0.00767426745780622	0.00456309632207424	0.0597672060987313	0.00164157453770246	0.00410071610710599	0.00316194029230393	0.00084166489882273	0.00464839977624543	0.00847637303316737	0.00345365751883063	0.0060023685072244	0.00277263927741933	0.00130213094422413	0.00831528824456992	0.0016156409777252	0.00450388428452907	0.00269112245501825	0.00583807302645431	0.0021250529776996	0.00151757204627106	0.00364963721137186	0.00599910795395292	0.00735327847015364	0.00456880901222654	0.00304535182969849	0.000953642891866912	0.00183693709646798	0.00298313483686333	0.00445407166083027	0.000348108023374637	0.00132280186417918	0.000817696186913567	0.00626148738489364	0.00399244518378007	0.00330540866078214	0.000487854370943129	0.00565100073826124	0.00524591107169634	0.00779113910506619	0.0074935588618841	0.00414481185662963	0.228937730456883	0.00570250957840903	0.00577428134937723	0.00181693660558734	0.00182047220254862	0.00401556787026107	0.00682472970072562	0.00234976755115502	0.0068377816713904	0.000389914769152363	0.00361219043455903	0.00140174524444687	0.00566268939134546	0.00273473528367425
INS:C:1:2	0.00128232888721885	0.000748413146206429	0.00269027618338946	0.000907803875558488	0.00372798815352059	0.000898651927563133	0.00352374113685045	0.000265932327905945	0.00301536740665574	0.000655014873088453	0.00184993330354203	0.0033978023596581	0.0133452159901108	0.00103609129261722	0.00245606328013425	0.00236425021480618	0.00128085638017761	0.00269945271851665	0.0114399862165734	0.00184868529220155	0.00337263142486866	0.000863689705461162	0.000263853858946506	0.00910204152236063	0.000868720010875622	0.00167611333270097	0.00179898678009193	0.00293710667666007	0.000567066056220976	0.000616390230341845	0.00454418972902546	0.00321540815239763	0.00394932243928667	0.00313051767735218	0.000344874801113642	0.000926903966475772	0.00087750580890873	0.00134322920745648	0.00330615960315166	0.000457174868714436	0.000323233022076758	0.000524651439318413	0.00653142107825815	0.00429770932248817	0.00191858830405192	0.000758143801022261	0.00176926484016328	0.00417763496753063	0.00415655904473507	0.00447181409819986	0.00293798976010678	0.116634442217503	0.00403919751761302	0.00414357115829681	0.00233402373754726	0.0023167876818607	0.00321240815086445	0.00420417255036038	0.00080102720772267	0.00419473950970254	0.000638225944080943	0.00239927911307919	0.00134644805922912	0.00394039893911248	0.00211257312327653
INS:C:1:3	0.00106939223153552	0.00101158972550913	0.00192061273467349	0.00140529148705315	0.00637081711660938	0.000549022586762225	0.00385353450804657	0.00052536822871916	0.000941463061213807	0.000402656108772769	0.000415475181369612	0.0017191130238566	0.0142622448959317	0.00045369279437827	0.00106262140828101	0.000617287237496342	0.000438105549705727	0.0102655672332876	0.0204670809838753	0.00171596002352248	0.00249295077046565	0.00149207903620515	0.00120000428093339	0.0186864341824317	0.00200791594762556	0.00616453173769053	0.00204265012822262	0.00285218168899188	0.00118873306104376	0.000498591675976895	0.00217304040094545	0.00204563729351274	0.00236086108717938	0.000714263175339636	0.00150232876826121	0.00370645295523071	0.00179629366580116	0.0022299041374566	0.00140434159069508	0.000744464094492128	0.000752766106347758	0.00128787677257236	0.00226529590557463	0.00350533376351675	0.00368179624852508	0.00119178889591979	0.000900386148110492	0.00146169845331881	0.00189655090885847	0.00405031386708481	0.00231883504816188	0.0419435789663053	0.0023483843103129	0.00706168413180915	0.00148595959789215	0.00598800841249331	0.00829891717411356	0.00253795924291315	0.000309050012097103	0.00147003619855394	0.00464534214746766	0.000993706257839827	5.28779333644726e-05	0.00521811756699368	0.00249180406353061
INS:C:1:4	0.00149433819458821	0.00217069620342431	0.00122312230875083	0.00232468680809113	0.00538821172226544	0.000126645356975365	0.00298246931153231	0.000232748220948974	0.000895513939419239	0.000351935930546893	0.00631929735264825	0.000992504094856615	0.00887393588347864	0.000731912214262244	0.000686355105998479	0.00111684910810473	0.000676716406031382	0.00708415699294341	0.00719035272342575	0.00131269991618571	0.00123157660210567	0.0012540268023592	0.00228417852663437	0.0433008564814493	0.00375242908459318	0.00429561261989177	0.00149366703596472	0.00168547298210593	0.00184643536345351	0.00148210785044778	0.000942325108204255	0.0013946347094623	0.00089204957629575	0.000604781806026787	0.00104153123291668	0.0117330548977647	0.00443501480360556	0.00926602464678479	0.00186418597975189	0.000314301568153453	0.000617196109754334	0.00134357216480262	0.00070731950789605	0.00264043236219455	0.221544030165031	0.00104499879397462	0.00223754873376814	0.000516157630941478	0.00175280706555988	0.00328137374623117	0.00190900432706052	0.0149059620253783	0.0020253659895297	0.0680965171463393	0.00232858192104829	0.000110941107140347	0.0505410114787236	0.00201949406295718	0.000299197234195084	0.00270731953715473	0.0158867689560676	0.00114370310522425	0.000795261845324288	0.00368258434267899	0.0012050084888104
INS:C:1:5+	0.0210308421340874	0.0116666917877208	0.00849151842574918	0.0168666274341659	0.00627648653451291	0.000916778586286889	0.00502284663571407	0.0021362396484731	0.00181151090630512	0.00181826663411374	0.0130103180789817	0.000634004283651226	0.0262822012789802	0.00401791178590652	0.0032873961374454	0.000392760529033371	0.000603755373353821	0.0159149434027865	0.00217521963942838	0.0025516691286076	0.00257369375455398	0.00148563613929506	0.0128378532664767	0.248677660004482	0.00593066564662914	0.00816963560872824	0.00529175608504734	0.0075027330524634	0.00550064702456216	0.0157047964125884	0.00324068993155409	0.000604568104399126	0.00328359770185171	0.00173581677773939	0.00240628342287167	0.0534177724109227	0.00305870325469491	0.061677741079399	0.00514071764329018	0.00153458331443345	0.00123410103432762	0.00474715600916968	0.00193016886789987	0.0031962999200085	0.210001559328776	0.00235009730448596	0.00277871525924274	0.00192242661772947	0.00727196457457443	0.0111024164879021	0.00688399699526904	0.00415102331634511	0.00182858594124303	0.428131952441475	0.00230154468539026	0.00198807329033374	0.223470066680253	0.00743468873596794	0.000318110204913276	0.0120696084872494	0.00618330910756531	0.00642038009176747	0.00163222698450029	0.0138685182956804	0.00731571882506595
INS:T:1:0	0.00803963860673715	0.00153104447454911	0.00774056650146111	0.00571354488224251	0.0201294764794414	0.00698764436734456	0.00784998031784684	0.00410364877124357	0.0423096995724288	0.0047543093864625	0.0604940547639039	0.00400544968809321	0.0779619766191253	0.00779144387602104	0.0295070456458557	0.00697683849973331	0.00182180870648867	0.0201620140897119	0.00775320010862412	0.00347297786376896	0.0128942169122446	0.00912502694966576	0.00705581596707672	0.00964423919446962	0.00396037867195472	0.00959141751151077	0.0100898720216566	0.0103155655264402	0.0126234802611427	0.00480031343954615	0.00583608571985233	0.00823512031356391	0.0100362477158406	0.0129708625702354	0.00689786936441208	0.000587109488079905	0.00541720823695914	0.0107795957791954	0.00419755682664408	0.000597717821391241	0.00439672734645536	0.0035105409546925	0.00795094588161784	0.0445972467879042	0.000653014968328436	0.00411291774732218	0.00760048130235897	0.00185334471745278	0.0160092173675126	0.0225000352871458	0.00803861322435595	0.000502421234423582	0.0135767019258065	0.00440179803523677	0.0261708984713995	0.011271984126555	0.0136003481389363	0.00706961316101833	0.00567040820393333	0.00755277358559314	0.000935610919454701	0.00655279299341016	0.00754917940609172	0.0222135138480249	0.0535303912469321
INS:T:1:1	0.00740910826387561	0.000765803617572734	0.0227499045832739	0.00425219407178341	0.0419361926072336	0.00443942737363461	0.015968704518762	0.00626375545048957	0.0206192487786295	0.00319475016482333	0.203368087631865	0.0107047029399956	0.0202446358012059	0.0179416825458738	0.0142439124332028	0.00643891804111783	0.00303375367409703	0.0259755267111012	0.0397799854908441	0.00788963538841736	0.0133947790839403	0.0108742373384975	0.00132174960505398	0.00453839532950488	0.00236510826605268	0.0170138516842207	0.0123316921170302	0.0194858448115721	0.00350382656666279	0.00340926927223474	0.00800639483963324	0.0199527383943665	0.0368135543739107	0.00609215790129325	0.00696451093626462	0.00188725163987447	0.00409312646146433	0.00192272718588577	0.0128757992790686	0.00189335842319341	0.00611098692063139	0.00126976204682044	0.0279845543873818	0.252191857978502	0.00204928952315235	0.00204097050907663	0.0129592590415795	0.00816912256286492	0.030667607187027	0.0200705743704482	0.0242919169290422	0.238157756857614	0.219239513732738	0.0164839798583036	0.00811162895564209	0.0188873450365749	0.00737511045176592	0.0321171680391352	0.00684101274718956	0.0257399721844904	0.0018892541796203	0.0193311713105095	0.00632332913170728	0.0198795707319584	0.00470901387986692
INS:T:1:2	0.00375783010254492	0.00279376903852913	0.0121267630182965	0.00425247995380469	0.0522489611565477	0.00219828119500976	0.0034320029287609	0.00182105444797217	0.00905400081805348	0.00208794616677595	0.123393123017392	0.0055748836304897	0.013707595246061	0.0131752621875149	0.0107571124196694	0.000926365008039534	0.00146639232715085	0.010880199054109	0.0307188665086169	0.0030793695939812	0.00608417844518918	0.0100051030239247	0.00226380161255708	0.00211729483325582	0.00537938704666459	0.0105461603697921	0.00487952057164186	0.00896811335614301	0.0124199887696078	0.00294815584709303	0.00799724090942724	0.00972543399290204	0.0141967100914696	0.00309334260961413	0.00346872181558522	0.0216396583336364	0.0265770175677238	0.00444011978187483	0.00421090645970404	0.000572740430688988	0.00280307667427039	0.00420734562685607	0.03418621122607	0.168928831005527	0.00320442063569046	0.00252105158426027	0.00636493891838193	0.00751685046023828	0.0127762974286032	0.0103451947713398	0.0146556673183406	0.144481794637774	0.0856345117921712	0.00483988814149042	0.00933999014515673	0.00793185664159859	0.0405453992087965	0.0100994294735919	0.00215431897755477	0.0064086541119399	0.0233340231549402	0.00804236956864448	0.00248205639940404	0.00458286334477007	0.00271003594642166
INS:T:1:3	0.00459739007622602	0.00248106451700891	0.010598694417533	0.00411572003990767	0.0276483316779816	0.00121672262511837	0.00428535872830586	0.000861408364130737	0.00479277490274004	0.00294363352732134	0.0581538340276845	0.00437431786035788	0.00167220220976455	0.00588925341127034	0.0118805686039864	0.00187248392275249	0.00562784077174266	0.00821626124038738	0.00733592840364084	0.00167426875286607	0.00485968154925354	0.0102512532107678	0.00359803955724058	0.00137726559394902	0.00321161869514888	0.00716987930259761	0.00672791983952796	0.00828192519234386	0.0092802681637246	0.00419900495796189	0.00391126084049633	0.00753423059113096	0.0109443810224502	0.00421133110825678	0.004401610485986	0.0120413385069759	0.0181893721123664	0.00342003708145363	0.00438625723090907	0.00113940882815864	0.0042997917996837	0.00264170972608761	0.0208131237012745	0.0827733750994772	0.00107341982901407	0.00331113285887116	0.0113575723193495	0.00290221074962381	0.00852009457833855	0.00796510566520529	0.0115116465580601	0.0938432362802783	0.0494187592636144	0.00552053239515877	0.0270741254456704	0.00550704735541703	0.0165921123255207	0.0108553914017145	0.0016720491313751	0.00753133617877709	0.0135912591596013	0.00812724181975493	0.00554703729297852	0.00524283097610031	0.00386085822399071
INS:T:1:4	0.0114794224430614	0.00343098436470379	0.00785417778941826	0.00721465470332604	0.0078435129681759	0.00100499933899639	0.00443389566470935	0.00201984001176249	0.00266208982174717	0.00517242307336125	0.0361473427289505	0.00339865831469882	0.00384678342176803	0.00353820439844022	0.0104593668090703	0.000885465355114525	0.00261125839184789	0.00251510583281652	0.00393622160912276	0.00198639484313822	0.00356342276978228	0.00694442487822252	0.00163077434571092	0.00565997107881431	0.00839706092258037	0.0068579023216683	0.00193574632757408	0.00592317130603373	0.0119693316701078	0.00870028118521763	0.00184267125257051	0.00371840004500049	0.00476829202860083	0.00136174975527076	0.00135924539340135	0.0133594937440819	0.0191815553451768	0.00335539319597766	0.00395557162503221	0.000373052592275704	0.00952757912396764	0.00119388288090856	0.0106460268529854	0.0374519352394217	0.0856431862857648	0.0285396117107758	0.00657103576693519	0.00349779451227203	0.00623462823305919	0.00366689172199161	0.00840920780995328	0.0472837687850383	0.0196852138670713	0.0202723024806946	0.0947680314016871	0.00353584230359585	0.0165011137063509	0.00526901522802883	0.00113231323076027	0.00864874116678273	0.0305955616719943	0.00347772048553754	0.00248691410352213	0.00771046571770882	0.00343676226144375
INS:T:1:5+	0.563137155039872	0.119533879191518	0.24218051474423	0.351258451335304	0.0273242712439731	0.0239145725784406	0.0316639350804789	0.0225929014600497	0.0588724565459632	0.0213360812858828	0.0183410249679209	0.0056828954665714	0.0104750683530421	0.0522232274511113	0.056008909594718	0.0189236296729625	0.0114806730070445	0.0143827365567287	0.00741503922783854	0.0182611432839955	0.0511979164889768	0.0800164121141147	0.0375052519885888	0.0170994074795443	0.00865749302484743	0.0893118794227279	0.142328975776672	0.186700062129333	0.0208416869075992	0.316792879378445	0.0156938422521251	0.0518810361988334	0.0375902050357324	0.0107891039444984	0.0200654599439819	0.0234097206580294	0.0172655665479842	0.0214408053789546	0.141447409013934	0.0084239122050953	0.0993814440554502	0.0188691681878391	0.0197338573693021	0.017094300067027	0.0162751564547003	0.013831546275929	0.020966221150661	0.0395182429889629	0.110817388707993	0.0996489714022783	0.156164927317646	0.037968999831067	0.0463363880432064	0.0106223790158571	0.0140189212532492	0.00204127311948876	0.0164266812658231	0.0699579558825002	0.0160112730903759	0.229470156855109	0.0143367052580286	0.125246529509655	0.129613280479208	0.213392673142995	0.0288640952516703
DEL:repeats:2:0	0.00482782853103159	0.00462191269996065	0.0104818608694542	0.00370458013336845	0.00662118432881932	0.0061438810056579	0.0115193698925923	0.0963306418469968	0.00583546415901841	0.00578672378977859	0.0427518617897094	0.0298836191846334	0.00773269341018443	0.0952238971101968	0.0119376922477873	0.00727298110061898	0.0214477156602	0.00598346157271303	0.0282952067572815	0.00806508545785308	0.0124062582690284	0.0100119728202223	0.0131828447906899	0.00298397604070837	0.0189377001426364	0.00632705971210423	0.00943793477655738	0.0136203319073122	0.0129027289082497	0.00286614226493706	0.0224677671577841	0.0174638250831675	0.0195021310361071	0.0057882965733342	0.080739157700933	0.000861355904921546	0.00481699919014201	0.0172824862687345	0.0192397356960317	0.0252939897964897	0.00808288714300078	0.00809947813544157	0.0231445098452233	0.0123230010914934	0.000968011659359104	0.000660497231818749	0.0654401206423955	0.0315539166909951	0.0155276458898932	0.0158104142270883	0.0118127951050075	4.10120974628073e-06	0.0113083112416356	0.00422790536955177	0.000933300170712648	0.0292009753302012	0.00288440704282244	0.0235335408727968	0.00559235675153462	0.0200341878049325	0.00103856646110311	0.0203023414715105	0.00834188759668199	0.0041143361913456	0.00475797732375971
DEL:repeats:2:1	0.00848759915058999	0.00859854773499531	0.0155777867967438	0.00817235191825445	0.0124554508406858	0.00617236202914904	0.0066215359587035	0.248152321687754	0.00325257013147538	0.0169001013989522	0.00369552482464209	0.0229710231763555	0.0071806420088802	0.0184872504353156	0.00643798555393549	0.0097493893240005	0.117419300629702	0.00447562456372926	0.010316938276726	0.0111096984347537	0.01115164219956	0.0107492346301492	0.0108387825286703	0.00147568431330874	0.00584140293259845	0.0122499466187375	0.0164024564726819	0.0205770878789096	0.0121088895691497	0.0113517083582715	0.0208393111146094	0.0160025817822705	0.0237141861271873	0.0117447552582141	0.148945219787917	0.0158821998757129	0.00765346361856446	0.0199855340620409	0.0251701289179325	0.12702752574099	0.017426215931807	0.00885683412865002	0.0201786311344583	0.00966994841322881	0.000245440805055663	0.00208263188073144	0.0141001924984383	0.0241278710170366	0.018300206928969	0.0162550112604328	0.0146522563597348	0.00139385834163483	0.00448247327903165	0.00391892870176811	0.00155853624530471	0.0620393267842758	0.00409413031911328	0.0345520607212568	0.00625102404356304	0.0231856376018109	0.0202414305913934	0.0297863507927693	0.0066055175800216	0.0145677544727691	0.00371734092955829
DEL:repeats:2:2	0.00205102462734213	0.00269681557424487	0.00438521022504169	0.00267137606123421	0.0106879496264587	0.00122634670723213	0.0042153914740404	0.0673056266461231	0.00135712077522533	0.00235803974170939	0.00338258250555581	0.00396313643891049	0.00170445105961926	0.0029026352947602	0.00199994877983572	0.00248742163288755	0.0366096064635738	0.00388824216685713	0.00306991623256383	0.00284037409322111	0.00663328049919708	0.00314888869452926	0.0126563018594119	0.00159000908832255	0.0100831501278607	0.0167191498400568	0.00454058094663447	0.00625411105181474	0.00694066401329526	0.00358440266157317	0.00231442144595349	0.00744659102370222	0.00912129389243129	0.00652705169159105	0.0458970958928351	0.00855773131686761	0.00505096120573139	0.00802564958536763	0.00780386281228971	0.0369597441264894	0.00276050540080082	0.00608832132229897	0.0046020519885044	0.00324801043585409	0.000344587103245982	0.00162560867162091	0.00318320521022528	0.00302472158110758	0.00587491806807371	0.00616166339572678	0.00515498645965716	0.000162389473549363	0.00348527636676426	0.0016687725342132	0.000521669714274847	0.0315854522255802	0.00162030147814844	0.00903873861792805	0.00167865885470568	0.00575889200269234	0.0084207238074946	0.00847482187721999	0.00445280583965924	0.00730863276104861	0.00244632246453687
DEL:repeats:2:3	0.000776935457929367	0.00506009947516613	0.00152111412283156	0.00158135703039549	0.00663818550165375	0.00135723683213165	0.00275498428707265	0.0248531475635973	0.000126740371616582	0.00107257650362556	0.00156671549501998	0.00205884642454659	0.00212506165108915	0.00108462297484221	0.000769051230161454	0.000263402447872958	0.0126289099845691	0.00284625832347253	0.00115813541148895	0.00138953121025024	0.00288142194051356	0.000912448183198631	0.0361000579839913	0.00326610970287289	0.0733322195534573	0.0148288684080244	0.00215811149912012	0.00219015280785123	0.0210852655919336	0.00142717620905247	0.000957554069848957	0.00153567707872611	0.00271484062186448	0.0024368631605173	0.0184792225299287	0.0279533329561225	0.0432558316480679	0.0073162804732297	0.0029873891319372	0.0113429847371404	0.00113449823129753	0.00323316185570798	0.000905575941265755	0.00149149189919121	0.00471819736682166	0.00230878529443832	0.00138468344657984	0.000315557610869765	0.0056923636986905	0.00547694311110319	0.00171775976503268	4.05512873789556e-06	0.00299981438061117	0.00142845734815924	0.00061154560992624	0.0068922973783946	0.00272797432528412	0.00246508878674204	0.00039347850229661	0.00104267024649034	0.0190270513712273	0.00170632841940776	0.000125724294724243	0.0055014373450137	0.00184838814156166
DEL:repeats:2:4	0.00114696643824215	0.00324022188184131	0.00067293119986538	0.000524301330063081	0.00318379782841146	0.000210327924623093	0.00188504169478223	0.00763140012936697	9.00711190733332e-05	0.000182316613432332	0.00098124283188418	0.00110213094044911	0.00364641260584615	0.000575189855715022	0.000232495077661287	0.00027829768519329	0.00322994532537759	0.00172833870767341	0.000599224338389639	0.000704884198203268	0.00195394023132994	0.00126800283153826	0.0816027440070484	0.00400872367622349	0.0532575868709401	0.00759141443795332	0.000723485713558364	0.00130819856461234	0.0320536462955199	0.000523149474686074	0.00106142552019733	0.00127733251921153	0.000914530845623323	0.00126386146603138	0.00826215487669302	0.0263684300709933	0.0383127967688883	0.0113145029669101	0.00448675622569165	0.00404075758756348	0.000440097282639507	0.000495811444706383	0.000173576136685833	0.00443587719842423	0.0021575830649528	0.0036772929366507	0.000608769061686319	0.000170621266342373	0.00292268501502451	0.00344048753014754	0.000672845290117854	3.04134655342167e-06	0.00112156617480733	0.00480705004153273	0.000383103881527416	0.00126263090455929	0.00578521875558142	0.000674457504655195	0.000176761016989047	0.000168862650944926	0.0299231265630741	0.000469616297885815	1.80483868419042e-06	0.00502388061607379	0.00155863336136944
DEL:repeats:2:5+	0.00192102863664136	0.00956233620806921	0.00053165050434227	0.00143158255787342	0.00292881963236238	0.000330694154853503	0.00611471168546739	0.00667661679350653	0.00018510344945154	0.00189631360224091	0.000675648144622769	0.00395462533878862	0.00421604039451195	0.00192605650392813	0.00034146340227301	0.000884718358643681	0.0115983382259456	0.00318919579004399	0.000682746546836277	0.00131976792848412	0.00444788407291889	0.00141557209827899	0.31120910839015	0.00919986376463332	0.170134308555598	0.00667648613778176	0.00303668671657501	0.00441683435547277	0.103760035871893	0.00100344637941902	0.00132000335699285	0.000730552345254986	0.000299732633626561	0.00211966013903589	0.00498757097350736	0.0289425689346379	0.0787423362500811	0.0331920647497658	0.00789313048639352	0.00525801972813439	0.00134427968313345	0.00110157800796288	0.000223572268044686	0.00143134052259745	0.00324272855523892	0.00161512782340586	0.0017411331829689	0.0012793960124276	0.00770746510653649	0.0129216854623754	0.000645306518093489	2.25796941087366e-06	0.00131530240687898	0.00287258742584373	0.000234800061360777	0.000183279899223088	0.0127015983386015	0.000639346417332423	0.000476474522203351	0.00251378276779935	0.029537517412511	0.00140281488801297	0.000967604739252939	0.0132249925779753	0.003411482616708
DEL:repeats:3:0	0.00215973721411576	0.00120700625520259	0.00508137812333183	0.000888038974933213	0.00100759766144294	0.00539933175877003	0.00289103382817728	0.00280452927323232	0.000846150979713563	0.00351411477003333	0.00163952384673909	0.0187484193094413	0.00133886220249863	0.00727366679895126	0.00320850923711849	0.00536670995287755	0.00638649977013316	0.00501480054328206	0.0184619824190728	0.00535405265572477	0.00350788358311969	0.00319484277167488	0.00297409762599176	0.00145619939513247	0.00666853302600176	0.00148263180092843	0.00188079834853496	0.00504917056396191	0.00462390989488421	0.00109205954131375	0.0182996500152869	0.00470105948235422	0.00815580479803583	0.00167881652115875	0.00177962864217424	0.000288401846750268	0.00178187916064884	0.00558146901534346	0.00477139201215963	0.00746394016401842	0.00325312666639819	0.00718542343065881	0.012484005579618	0.00465681467975497	0.000319723790077512	0.000292794140274217	0.00720923486999409	0.0196446908739638	0.00780907981995437	0.00707955977479197	0.00567517618485958	0.000170868379092235	0.00645289037583761	0.00541977913392497	0.000348448102770824	0.00325600255186172	0.000278925534265606	0.00951792949809848	0.00339358756636728	0.00722071640065808	0.000435031501084519	0.00571496521471933	0.00504926662396111	0.00332525910712289	0.00147253023855353
DEL:repeats:3:1	0.00634904272398959	0.00628162729163254	0.0121984821227075	0.00736368109690257	0.000703669354657291	0.00537740371801896	0.00459097196133236	0.01642172966797	0.00256447853571269	0.00275172493460547	0.00418848412343754	0.00851969197246603	0.00537134397769541	0.00515969117784781	0.00251136078529781	0.00375448087748411	0.108298945309247	0.0173526038131063	0.00939984542509592	0.00532286338447401	0.00792956209540093	0.0042480955082428	0.00774417288203275	0.0012529995341514	0.016140848923776	0.0031560748443502	0.0137528711471029	0.0174865521293979	0.0135722879859945	0.00854206480625338	0.00952801640622659	0.0140993225581147	0.0245095218327069	0.0117274621524825	0.0196354631351238	0.0179463021585988	0.00738861989415192	0.0222018385552321	0.0253639331755186	0.125774553480729	0.00596413058642046	0.00731391552964038	0.00763415518611797	0.00501559223660437	0.000273435053956459	0.00336467252516968	0.0127201832348999	0.0100463273235691	0.0201663139325808	0.0121028497373875	0.00935322936500061	0.000474127495275084	0.00384807789948059	0.00322037275721375	0.00125047214918413	0.00155706817039083	0.00230226045046116	0.0374560865089807	0.00450866025365471	0.0256288050792151	0.0232351374480059	0.0276255063269749	0.00539345320111853	0.01386381819947	0.0029484697835707
DEL:repeats:3:2	0.00113778987060249	0.00217208724074408	0.00285112860669467	0.0021817672071189	0.000290625610423972	0.000347092912655749	0.00100452896384488	0.00152838338772974	0.000615679766267938	0.00250840609321168	0.00224503550576088	0.00151095444801074	0.00119152622496339	0.00129499814269112	0.000339568599515069	0.000791043724282811	0.0304601338994446	0.00313011093341809	0.000285902944298107	0.000686330665919947	0.00191763229070934	0.00221747304315905	0.0039610875578823	0.000754543515091168	0.00814497509626863	0.000541087801084244	0.00261525929554548	0.0047694594924899	0.0056734836039562	0.00275791441585064	0.00118862045636894	0.0023957923330109	0.00519541499693542	0.00109239515634529	0.00283870695563473	0.00717473378468436	0.00420643541968698	0.00865247286743358	0.00551611387433193	0.0370058915789564	0.00175170016475549	0.00348507899751672	0.00113065921873649	0.0026086357217063	0.000176130482667508	0.000989945227378363	0.00137637378783935	0.000632940100303133	0.0051101512763728	0.00333925031030371	0.00204072732436598	0.000171651756234783	0.00166042844543441	0.00189192234983473	0.000340027607767156	0.001226623703119	0.000921199510388667	0.00890783377735807	0.000767127834601483	0.00627215857693902	0.00815747623665029	0.00512098135605013	0.000281190026914561	0.00333531630223991	0.00080920251606817
DEL:repeats:3:3	0.000428421618926148	0.000603107358279824	0.00075974449147207	0.000385569208036892	4.12997426764897e-05	0.000313076085834945	0.000474420113112088	7.53279227923252e-05	0.000100815310604065	0.000116621906396912	0.000561759851337369	0.000444434467274578	0.000502226164087956	0.000494912068691612	6.73480583376582e-05	0.000291200931924705	0.0060525984115942	0.000921254497354779	0.000736995261856602	0.000425314306088641	0.00070912449176543	0.00024776583683271	0.00315530644875796	0.000537028204021409	0.00359526446448525	0.00019081124249334	0.000922446229689243	0.000912716545273492	0.00263469504357232	0.000589176823849339	0.000373755135843166	0.00130099709255893	0.000278203064317558	0.00137191215161332	0.000767031425047879	0.00201119385732939	0.00262590317594427	0.00258666692334628	0.00213823020431393	0.00811272870805448	0.000431175368692125	0.00045687956325354	0.000204244772238723	0.00237327502200975	6.93717132848673e-06	0.000223533201653121	0.000541772438091095	0.00100684503166369	0.00143823302826094	0.00116408198300401	0.000607342751041725	0.000182849441272381	0.000479107352300687	0.00139487292774797	4.37063788285614e-05	0.000774208895833221	0.000599843331941205	0.00119576460392569	0.0001878862938821	0.00142097833657702	0.00119297414489364	0.00115549684352937	9.48884338007347e-05	0.00167950104587248	0.000335490263709855
DEL:repeats:3:4	0.000187976163666974	0.000380668300484808	0.000123975757687429	0.000274461853132877	1.24556723127187e-05	1.92938068933792e-05	0.000288244401383533	0.000361425977233661	6.62704181437836e-05	0.00066571096509527	0.000115558209609233	0.000264958460340373	0.000623885332260206	0.000362696653187197	0.000119053776047213	7.67044068437493e-05	0.00214360645185476	0.000820628933768969	0.000489007599616069	0.000627336101004696	0.000246233832090448	0.000195125858510267	0.00506131301991764	0.00148502912100552	0.00352425038771281	0.000550907926147733	0.000277319134900023	0.000578705349755542	0.00161418205836078	0.00020145808748365	0.000213735166039548	9.63342189781007e-05	0.000270695208615499	0.000268298618076469	0.000258352760347107	0.00120593034718458	0.00141704621062274	0.00150011732883444	0.00262707699107289	0.00306289766484044	0.000169067939821457	0.000645965208747935	0.000148238879381939	0.00115680767302105	8.04220746930762e-06	0.000323916436779451	0.000449673720383965	0.000402146634906363	0.000998144098092569	0.000652098053442361	0.000143117014664045	3.45607562888826e-06	0.000695912507265109	0.000947826976051323	0.000208163801655297	1.48137735655239e-05	0.000143096713004822	0.000887772310117389	7.73606672321555e-05	0.00103345568477421	0.00181758613305413	0.000995473794846795	1.22306621471202e-05	0.000467617457383731	0.000341764838371672
DEL:repeats:3:5+	9.40859474854736e-05	0.000394979452742272	3.75407313993619e-05	0.000114351549119047	1.53742052080138e-05	6.98528398948197e-05	0.000234561215129012	4.62663029688544e-05	0.000143350594487526	0.000193909797026818	0.00243874579932549	0.000189908968373915	0.0024418951380503	0.000179569055386381	0.000142141269185808	3.20442332236372e-05	0.00247762092827383	0.000845745330403265	0.00037424374169359	0.00036346919847757	0.000413318591840793	0.000289089697544477	0.0123854501451938	0.00100546154303453	0.00649297830633124	8.8817091168003e-05	0.000250198219957167	0.000541567100504361	0.00375271921193162	0.000101544131279282	0.000261838820973789	0.000298856595356915	0.000111465221063947	0.000728138536602891	4.66677674037405e-06	0.00147501183662613	0.00240918382791051	0.00317097764451828	0.00113773278475962	0.00222548222939065	0.00017885758560837	0.000606315494339887	5.86194535842583e-05	0.00119704517425747	0.000196512260375982	0.000362870255978705	0.000924536093825049	0.000196784364893271	0.000546704919729635	0.00056145157203132	5.54769497748041e-05	3.68648067081414e-06	0.000307051635725474	0.00231433972656311	4.94346067222129e-05	1.97877413320502e-05	0.000616501801271983	0.000415512523746115	5.74078830527181e-05	0.000800791873106565	0.00254929525788702	0.00108985417606369	3.15846769733324e-05	0.0011537472729966	0.000109533037449055
DEL:repeats:4:0	0.00171597444162676	0.000870744274534644	0.00424974921149474	0.0006407094665863	0.000585531061407098	0.00450830867678489	0.00285053178140489	0.00189102186117914	0.000724712766081837	0.010393772141773	0.00074077488125225	0.01568313125796	0.00292501653326698	0.000919587177584078	0.00330820463572241	0.00360731618814264	0.00422959065557626	0.00194964029160616	0.0215349526868859	0.00460074257137321	0.00271977299567553	0.00403318122120034	0.00273221027226777	0.00143512387139079	0.00226848951219695	0.00368023628114632	0.00273322809436908	0.00399000442695102	0.00152132059103069	0.000728435844281133	0.0152325205868249	0.00424088559839591	0.00656779814704852	0.00140096865691011	0.00533953927526637	0.000238990173284517	0.00102347548133728	0.00198737107136175	0.00422041754012695	0.00680093978006899	0.00483001671956191	0.00662851173382416	0.00874894880588096	0.00204473705366593	0.000164895948569162	0.000464825618337292	0.00264048062373683	0.014360633009192	0.00512760121182635	0.00699041050282408	0.00446159115509312	3.13350857019202e-06	0.00541345383855129	0.00322037275721375	0.00037267850676097	0.00382454869352249	0.000270227136844965	0.00771410806544561	0.00302455558754416	0.00671396970957525	0.000384604506225561	0.00406155624380467	0.00137826314114086	0.00231165556306841	0.00131076952761883
DEL:repeats:4:1	0.00526702677349978	0.00626992454308874	0.00970385877193659	0.00370247946723853	0.000453731776895818	0.00292918328480812	0.00538055375013888	0.0206526777787478	0.00157862683943193	0.00759229312757457	0.00133092331009478	0.00470923853270572	0.00229165523564663	0.00373768420057769	0.00104860902308834	0.00359153349347661	0.0492372269043095	0.00483120021714218	0.0041074511854317	0.000699416490576198	0.00651917945205899	0.00450634993464269	0.00294800640581479	0.00204392815155131	0.00348025561106694	0.00152820110491339	0.00778349912189455	0.0150876901290131	0.0077869787166233	0.00569334963873007	0.00449702960758442	0.00782284261879276	0.0223094134531088	0.00415939501789825	0.0230328766021161	0.00832810858955096	0.00407711541301982	0.0133820499571447	0.0403969279523005	0.0932936395222275	0.00363683302687549	0.00680201618164383	0.00478983132816003	0.00689831393396805	0.000130885391790564	0.00124416402352776	0.00256361628038727	0.00391198339395638	0.024987520764352	0.012650172667041	0.00773291617084884	0.000318788416008653	0.003648040433841	0.00416969237417224	0.00105147351215868	0.00176781302206387	0.00117603717487404	0.0325457283327202	0.00391904239259129	0.0196213599533917	0.0091858117278674	0.0212848634865649	0.00285275874488983	0.010373920955197	0.00143651490537905
DEL:repeats:4:2	0.00163919076135171	0.00242814164217303	0.00187613433713405	0.00116437732239078	0.000104740832412889	0.000931449443167627	0.00329128638133246	0.00505189739065709	0.0002224677086886	0.00100253435274221	0.000960201886203886	0.000547342873302181	0.00251434042161015	0.00110610851394823	0.000301003886609935	0.000423176693025682	0.0132722792395411	0.00477819448836407	0.000557893061349551	0.000511247332971409	0.00201312683567404	0.00176025723144411	0.00702993943306017	0.00124922184593355	0.0074870339188411	0.00121341214588599	0.00316084329696324	0.00432295196866901	0.00537145134934255	0.00167697161682194	0.00191358524353344	0.00181800123519496	0.00509177486491306	0.00265265795659599	0.00745778923772215	0.00169811424410385	0.00382718796450857	0.00684361079961971	0.0104814665295555	0.0239699255148608	0.00112400391737248	0.00132756871244836	0.000680432680434063	0.0031608974749288	0.000167167411747516	0.000329011293550654	0.00150413479097443	0.000426123782664497	0.00777180395337168	0.00507486262509333	0.00141805885318536	2.02756436894778e-06	0.000713481200857053	0.0015404054161968	7.94505208849471e-05	4.79014721863292e-05	0.000502292073865683	0.00656240175373873	0.000427043389968725	0.00530766498178148	0.00194757480855964	0.00532651848266212	0.000188989650728578	0.00546206772191744	0.00159548288655098
DEL:repeats:4:3	0.00104006294080234	0.000920691364852119	0.000712273594967518	0.000639076034949306	9.72672160713804e-05	0.000361737688013144	0.00260054421834607	0.0029958228867212	0.000133668582998279	0.00134246305742338	8.75036153688411e-05	0.000456821590222345	0.000836177523957762	0.000353388287523366	0.000178467858729752	0.000179068461690248	0.00866234102384848	0.00177409214358047	0.000439170268844687	0.000764462207529944	0.0010017838556145	0.000333743373478886	0.0136471378710274	0.000706030045346176	0.00445450650097093	0.000307835307761575	0.000558522090143805	0.00201591077890268	0.00478060531793976	0.000192013589307701	0.000632068121131823	0.000417393678146581	0.00183103911239634	0.00102309783245851	0.00562859942656514	0.00105597903103636	0.00313962519184748	0.00391527560171316	0.00755886363601468	0.0115840936886499	0.000639850316840051	0.000887368209036335	0.000394556266631958	0.000647733624791611	0.000173613455902305	0.000362550007838801	0.000650057678553143	0.000416121106045821	0.00340082103660142	0.00335133235073335	0.000545126461610509	1.61283529348119e-06	0.000510026117011131	0.00425999714905587	0.000203065678829948	4.88746397928234e-05	0.000166400111930147	0.00234719754463639	0.000264439833182799	0.00178515097925799	0.000554389399263589	0.00199056665499381	0.000375636851250015	0.00389612706513004	0.000844129772711693
DEL:repeats:4:4	0.000125357348827013	0.000243546754940214	0.000264544754018462	0.000113395670466404	2.82302308110028e-05	2.9602528994911e-05	0.000708438946425088	0.000970226708713483	5.9552020103615e-05	0.000765495152462096	7.48122513077115e-05	0.000333983966831581	0.00048740086344385	0.000260377877041104	4.43701008201005e-05	8.43339861827105e-05	0.00298119910699316	0.000812630081337664	0.000255385214288759	0.000531434509606721	0.000419124907029964	0.00023193772108011	0.00293731777570028	0.000397253739961042	0.00251590708246587	0.000354265643799824	0.000416448471066499	0.000359993031035912	0.00123094583821706	9.33038592070584e-05	0.000515103074412845	0.000572851527660358	0.000331064713126843	0.000363847852962138	0.000559826537775271	0.000558902889219485	0.000901134649633101	0.00192757638880078	0.00300439249843316	0.00449035062020404	0.000198698943845142	0.000320786880040401	0.000136362173912169	0.000190042291990353	0.000200011541488582	0.000399320316993254	0.000958380641403515	9.41227473045177e-05	0.0010387619389206	0.000982381406387891	0.000272281793015152	2.5805364695699e-06	0.000617253888234913	0.00172922449095348	3.74626104244812e-05	6.07689105388645e-05	0.000413992957343682	0.000799131764603743	0.000136804548670531	0.000676561771516061	0.00095402256466037	0.00106967987436347	1.0349021816794e-05	0.00196342728791966	0.00019516466043489
DEL:repeats:4:5+	0.00014381310051813	0.000380553076505139	0.000116323590389947	0.00018972994832413	1.5166042792461e-05	5.60231121419109e-05	0.000225580381338312	0.000116208189939702	5.67239111042727e-05	0.000401275967868664	4.64236738025531e-05	0.00023344962478484	0.000416789637695635	0.000124164442185994	4.4221328558692e-05	7.29311169782044e-05	0.00484298367231632	0.00222549404912042	6.76638476337742e-05	0.000151645537449571	0.000305642084694016	0.000244679025876808	0.0067900070937332	0.00146216416600275	0.00720043129027343	8.59397182304213e-05	0.000131116338569723	0.00065290416567701	0.00395239129404481	0.000144028597183234	0.000108324266307528	0.000172847152612506	0.000262626907346949	0.000899831938944686	0.000261526168530562	0.000256449873517424	0.00231790716712004	0.00466752187646798	0.000843443749252548	0.0010865657282498	0.000128022476700599	7.00098258663927e-05	1.82106627519278e-05	0.000357548305284135	0.000203081086324196	0.000170575804699874	9.33105429401183e-05	0.000119807669119499	0.000662318532259131	0.000778632271067369	7.25890415155423e-05	2.07364537733295e-06	0.000264438208715225	0.00284049564633963	2.74954938895275e-05	1.39487356930846e-05	0.000280863638730683	0.000287307221763484	5.10962880571818e-05	0.00019184872359562	0.000637036773232469	7.10671775905076e-05	1.31906827238172e-05	0.00063424344884502	0.000215185268604386
DEL:repeats:5+:0	0.0118442427900198	0.00316509250727149	0.0430956668799915	0.00410207074763185	0.00655850401681138	0.0729348152637551	0.159101487256348	0.0146486645439049	0.00533600349951169	0.0172950977257072	0.00988490268729614	0.112074457106478	0.0067186122784974	0.00730585238068593	0.0361199873792077	0.193960034258663	0.00249911332549668	0.00951687464571749	0.0516666073957603	0.145085421846229	0.0287206870991738	0.011791486497885	0.00127763388298304	0.0028032434833387	0.00248068296868831	0.011715823368059	0.120393152490809	0.0242079836611303	0.00262649161637971	0.00368046204251976	0.132561870553495	0.012656690851911	0.0453355521902033	0.0184039181022584	0.0261834175795426	0.000493058084941963	0.00218863277597551	0.00392778144080975	0.0103511547759585	0.0039959886507463	0.0138136036882913	0.0674507936065575	0.0531657835440208	0.00902819714605484	0.000186014417038184	0.000435275449064315	0.00913196872002085	0.116338360278495	0.0364257119595088	0.0463626585058421	0.0439936694495763	0.000995441943136589	0.0570198091559273	0.0149555155693641	0.000648148986166673	0.0152632688699902	0.00216779291686037	0.0455433573746798	0.106388674258706	0.040270654597857	0.000710468073125683	0.0314384798230927	0.0964403838646116	0.0195612108101472	0.0213808126408379
DEL:repeats:5+:1	0.00448863758307003	0.00359048274108269	0.00386844376049592	0.00281919721650957	0.000356825517647315	0.00553766815858414	0.00693089541031966	0.00864074579493549	0.00134464562362699	0.00145087312544087	0.00205366309504963	0.00198337703010733	0.00359261357670465	0.00170194157797478	0.00240200499886242	0.00199681095075885	0.0083690489842727	0.00326129211329148	0.00313353065568191	0.0447567376035608	0.00618006956669656	0.00297937679927009	0.00130280697723992	0.00164349320045945	0.00180208829482894	0.0012749159924268	0.00392337666497927	0.0107266438177896	0.00231383143989709	0.00301674940734196	0.00316007575415225	0.0027299567742248	0.00697713489948049	0.0067016518799258	0.00989720677545048	0.00103053133749524	0.00180144821985879	0.00237373951715356	0.0117063202423145	0.0137338888445065	0.00295716022467499	0.00574912413823098	0.00149283589585298	0.00264903712315142	0.000135244145457135	0.00041233403686027	0.0057104667336229	0.00258749238771913	0.0113994507804199	0.0108843542666029	0.00275132909501953	0.000540391985332968	0.00267054822654451	0.00219716741535047	0.000333440145689457	0.000540864929742705	0.000584384641564999	0.0114715525414328	0.00310696262220362	0.00711058302982742	0.00022275425315924	0.00791463454511506	0.0028507043008557	0.0119957573798207	0.00379854770798492
DEL:repeats:5+:2	0.00089979200679494	0.00117759909169571	0.000501515367291954	0.000476033865977171	0.000133230866954812	0.000146571640809825	0.000763648369882804	0.00128268060194949	0.000168230959903687	0.000686758113882879	0.00109279324231621	0.000345208282931578	0.00182305346477211	0.000863443998976922	0.000160795021962423	0.000334430958455338	0.00440263838858422	0.000569251664694505	0.000149036920164261	0.00370892278374931	0.00131728820134371	0.000427956784462722	0.00200637463505123	0.00107624349069526	0.00186107807573354	0.000561251209927146	0.00106618947261233	0.00164148671456965	0.00131955613679955	0.000443086843990731	0.000596760104622967	0.000404969147091982	0.000904368804313917	0.00169373650863822	0.0021371970760217	0.000249239827348668	0.0010929023067861	0.001826654631893	0.00172531567546044	0.00125664830199366	0.000180977413726417	0.000265007036874234	9.6100485131713e-05	0.00245489732594351	0.000178463336742574	0.000199048775684083	0.00176346539083398	0.00117597321554494	0.00191036284437594	0.00259656550629614	0.00041273947335116	2.71877949472543e-06	0.000302939813820976	0.000394057199492204	3.80354332138463e-05	0.000520644669474435	0.00066539279367076	0.00151276105492091	0.000173714290833367	0.000868727971607783	0.000299507030249913	0.00083112332797475	8.61714469643257e-05	0.00232771001356508	0.00109097806836675
DEL:repeats:5+:3	0.000237754624905527	0.000458588099257917	9.66201702376622e-05	0.000168086034589838	2.15200541214188e-05	0.000132494138585152	0.00051455636749693	0.000460391194673798	4.98262975015493e-05	0.000341929908992129	7.91540337496769e-05	0.00023020345566815	0.000540435701830497	7.55473061122825e-05	2.93081354974924e-05	1.80428378342297e-05	0.0028980800886808	0.000668064155062554	0.000203421370084553	0.000632487081665564	0.000243086209503804	0.000196603587159368	0.00133122777064697	0.000481357009232074	0.00194737008137336	0.00015763426059183	0.000540072447432237	0.000533739086583355	0.000647937899192633	0.000155502926258915	0.000350381990362385	0.000171599659129336	0.000239616915786836	0.000540503229830973	0.000291113533064533	0.000681473674088349	0.00084958910905677	0.00128117399421333	0.00111279640948042	0.000474110918126214	0.000148626740111723	0.000257828707322192	5.15314197643369e-05	0.000627573899121224	7.24412581204809e-06	0.000105565432299325	0.000452443606630796	0.000152889692277852	0.000536904911336527	0.000641639247976731	3.98259751838807e-05	1.75107831863672e-06	0.000134728917727891	0.000582876274248884	2.40585571533365e-05	1.42731248952493e-05	0.000762551816318826	0.000556771290796677	1.78077144516918e-05	9.57888535372788e-05	0.000577147668949885	0.000434920765430072	1.28642757277402e-06	0.000518627820556796	0.000250729101948781
DEL:repeats:5+:4	6.24249838399105e-05	0.000127751665110915	1.14992656861458e-05	3.30615630951136e-05	9.21824098541306e-06	1.41231448905236e-05	8.54566698483036e-05	0.000179143125095404	1.8651531839557e-05	0.000159061239198155	6.61286864237807e-05	2.78589140611449e-05	0.000915194848009337	5.34880054505883e-05	1.86472133365537e-05	1.82790674874025e-05	0.000761916793337954	0.000589728726918645	5.635260596982e-05	0.000271768406841856	0.000113028660706255	0.00018666668295452	0.000564514974928379	0.000324881186734906	0.00088512963817762	1.26103048817498e-05	4.73957736865451e-05	4.52232132474567e-05	0.00059237379517145	1.51764040845162e-05	9.85744202110833e-05	4.63588739856681e-05	7.33760714318117e-05	0.000292336375682287	0.000317434153880243	0.000155028022738673	0.00059733526889119	0.00116778285838125	0.000210509069988074	6.04905795850891e-05	8.91201365122718e-05	1.68901871812769e-06	3.08057403779377e-06	0.000341322184622604	3.56067200931177e-06	5.06574330393892e-05	0.00057310677625837	1.80926462936833e-05	0.000252159357453491	0.000221502324188911	3.02503492954748e-05	9.35444470219088e-06	0.000113315403653818	0.000674673690039682	2.39439925954635e-05	1.08129734054919e-07	0.000222858940811605	3.42795838760365e-05	5.86803820437536e-06	5.15938022811437e-05	0.000206054603916458	2.57968978689385e-05	2.8800617300911e-07	0.000174627947375162	0.000118854226397535
DEL:repeats:5+:5+	1.51454222588763e-05	2.53258967487403e-05	1.26424675379849e-05	1.39691778855325e-05	4.82819679449674e-06	6.22696369826872e-06	2.34359398639333e-05	2.34841372310875e-05	1.38913916536471e-05	0.000223168784193853	2.97245105642246e-05	4.03752377697752e-06	0.000236287781399872	7.97711677774436e-05	9.30725806812205e-06	2.401242501576e-05	0.000528939207442288	8.41479275773236e-05	3.77343021909513e-05	0.000233727831216933	5.38040284745e-05	2.9364110178371e-05	0.000984806527961166	0.000681176833386652	0.000944119419082218	0.00014287682514681	7.86638188269741e-05	3.20410768278096e-05	0.000334314567290637	4.08017045362997e-05	1.9218287466846e-05	2.65879924190703e-06	9.97487363908748e-05	0.000266266138807956	2.89340157903191e-06	3.85204135133909e-05	0.000144373129136359	0.000766866803844419	0.000181250768776792	0.000196897985312507	1.60443034758746e-05	0.000104508033184151	1.56670826122381e-06	0.000178897077798594	4.54292635670812e-06	2.04958809538678e-05	3.91246432364874e-05	3.97277039167125e-05	4.91714252601698e-05	3.73974169326146e-05	2.50766126750231e-05	4.60810083851768e-07	1.39908745321868e-05	0.000247032070136211	2.44022508269556e-05	1.29755680865903e-06	5.28594920177437e-05	5.43210950339983e-05	8.72570736710091e-08	7.72668101549441e-05	3.23741512023968e-05	1.6456379030392e-06	2.49605349941228e-06	3.57476851562892e-05	0.000186786471146568
INS:repeats:2:0	0.00742254531290855	0.00216014068493896	0.00375329139161104	0.00514227326202266	0.00757903436725332	0.00645808511737745	0.0177165110005628	0.00336375805416565	0.0210001430446167	0.00274013175101099	0.00385550280846527	0.00402321479271191	0.0987331398504234	0.00692788390396372	0.0138004304962439	0.00237371855468875	0.00190289160295887	0.0151817685889331	0.0184334102226297	0.00436183041981476	0.0100986543364754	0.0220389238848966	0.02122637696837	0.0304513482469837	0.00337033940060441	0.00533490010649441	0.00956376696510624	0.0144754318798938	0.0202583136337606	0.00263371610965933	0.0044692698590212	0.00447485993168373	0.00580586711218071	0.00910084036886251	0.00764212691896693	0.000573098419496125	0.00348990679015336	0.0324057646740891	0.00149505938468399	0.000528430999088407	0.00222957581278447	0.00323510422723382	0.00545358434972187	0.0123771701104696	0.00497346071535129	0.000522120921912877	0.00479675050794953	0.00130707171085742	0.0215631345247386	0.0314070760431377	0.00387389849167175	0.000161007043297808	0.00488858244245639	0.00322559700038883	0.00179247707248144	0.00178695198499159	0.0124362395355914	0.00476583604294298	0.00139330640953306	0.00163034634242704	0.000332957586099634	0.00379698947611514	0.00579714185361963	0.0299752931609203	0.0709786776896073
INS:repeats:2:1	0.00304604086367187	0.00154632584611365	0.00432073139902571	0.0022767719738112	0.00363960697038525	0.00117329688875138	0.00878162830185652	0.00438728354389926	0.00122818173463399	0.00381001697987354	0.00563296174355295	0.00598346488662472	0.00870168728733526	0.00671966339387175	0.00448280414590364	0.00166520836355636	0.0010184907690267	0.00405205866465024	0.0617855763208838	0.0049484587707423	0.0032911441806934	0.00648765566894375	0.00205283363372419	0.00620256640231465	0.00223043615233283	0.0041052918386946	0.00443660347595218	0.00606510335691291	0.00277119741507684	0.00123043511202752	0.00553003325045136	0.00502442491432492	0.00706179390335469	0.00132613027222426	0.00521204293471935	0.00137322908253526	0.00208631715870762	0.002936721037534	0.00183336382376255	0.00071846922795312	0.00412594842289301	0.00220585844587476	0.0158236277589375	0.00812674599819202	0.00238196679243615	0.000318588672270136	0.0089246600462346	0.00606681366405051	0.00884501393451352	0.0100059511351376	0.00416052855621345	2.99526554503649e-06	0.00429284886886449	0.00503542410032935	0.000784423527756644	0.00268388812897715	0.00386901025642576	0.00617138441029679	0.00134191199314084	0.0053437682540516	0.000462423436490726	0.00483628599882434	0.000113896841219336	0.00630867465760515	0.00678179967132835
INS:repeats:2:2	0.00165364447298296	0.000815870941608124	0.00215594139626763	0.00157034364591938	0.00125471040601536	0.000925496335464465	0.00249112184034842	0.00025107605848367	0.000559065132945711	0.00387502161645691	0.00122237874904564	0.00244333173878061	0.00183161240122643	0.00190093917625163	0.00208703286828024	0.000509317516825904	0.000881731251961323	0.00157070798909383	0.0409770768186237	0.00355110940537896	0.00238147256106458	0.00378276204048213	0.00101376175287395	0.00542635088639478	0.00177322998474612	0.00255907445550159	0.0016453574490211	0.00282750850618285	0.00310106154008485	0.000952206295774001	0.00194526810504209	0.00197770560292923	0.00331725615917517	0.00165174707659934	0.000631041550833379	0.000588697462653224	0.00272019046122858	0.00439425288512989	0.00105853064868184	0.000156100486438787	0.00786099238763317	0.0014537384106925	0.00600648097935622	0.000959307921534742	0.00313062877784231	0.000283012015273507	0.00112111145840483	0.00208813925349702	0.00309021997567806	0.00427549718669554	0.00196198372710519	0.00017607553303976	0.00244957784939112	0.00235762631287097	0.000841877653529969	0.000811729913550278	0.00565838827647992	0.00342051472318664	0.000721899584748676	0.00287267058831961	0.000319251366923699	0.00376777940333619	0.000261010394392389	0.00331543775912755	0.00229569640343557
INS:repeats:2:3	0.000779669995273222	0.000901171754731057	0.00087390776659788	0.000985510890875214	0.000760136204895631	0.000636897759287427	0.00322052447463888	0.000895460363115814	0.000630891233528697	0.000670748479395255	0.00268322154913462	0.000543466850476282	0.00212445029848527	0.00201547174891794	0.00109109413031059	0.000154309040203644	0.00105753906124421	0.000795725839866174	0.0094716491871787	0.00112481414586647	0.00148679588079313	0.000746082208041325	0.00140805800933336	0.00797847751609444	0.00253274109668086	0.00061294583054438	0.00157900336585994	0.00169228514689214	0.00376686763291968	0.000416746369957695	0.00129164769253918	0.000704480991551168	0.00123557098522122	0.00220101608294032	0.0003942492990268	0.00141766831036738	0.00258119996376303	0.0101844563868523	0.000375780086305449	0.000585967616566791	0.00276931666437941	0.00112036834120205	0.00111716867522189	0.000893665887949458	0.0252220815688566	0.00234235312219373	0.00137758561307234	0.000606718449498857	0.00262606727291326	0.00349448684030484	0.000691472427207708	0.000358187678177979	0.0019881993915358	0.00265913977611879	0.00457536474777524	0.00034050053253894	0.0156362807341549	0.000820357883411849	7.50992547395152e-05	0.001292388740662	0.000857566456787238	0.000660738855458229	0.000221111939224861	0.00339545731826627	0.00264776169963357
INS:repeats:2:4	0.00334359235209308	0.00236556834156166	0.00107368229020676	0.00346893022795251	0.000318232418757706	0.000401648939109587	0.00177389126309171	0.000301566953530508	0.000528712136204702	0.00142354633553958	0.00174439459187579	0.000306674156004105	0.00330176257540843	0.00147354175189289	0.000592935934993977	0.000161383160628388	0.000835443415416116	0.00170802162249789	0.00178794534733792	0.00123118439698945	0.00100969908880183	0.00064545873856183	0.0038763733125388	0.0409694263739502	0.0136076834401822	0.000245644815406117	0.0024183932896154	0.00228092191583601	0.00850436344277846	0.00125673877565564	0.000861429526076369	0.000558310037967653	0.000348882652363419	0.00121549073036734	0.000208138242620683	0.00190741410491147	0.00592755470418744	0.0288060518635742	0.000299506623721129	0.000780568075796304	0.00124207368458478	0.000469378301767685	0.000224053563107614	0.00132546098777575	0.076399129231521	0.00790934299201723	0.00179860832259065	0.000694244309589497	0.00121034777744729	0.00330116172215513	0.000660077788933313	0.000484633965186904	0.000964729539307202	0.00551605447243727	0.0068991922396718	0.000922671020690625	0.073456904874395	0.000934729473941599	9.09364136108034e-05	0.000307421783170468	0.00307746138964722	0.000257831842197465	0.000429801212187262	0.00469462118799666	0.00276190092773032
INS:repeats:2:5+	0.0262346305936686	0.0150978832216054	0.00419889073891451	0.0232752686336066	0.000643733485749535	0.00233695665462733	0.0049254197253217	0.00359136273853629	0.00205203567569895	0.00628253940957848	0.0130657593009329	0.000998108177859059	0.00641645125402939	0.00786964025144356	0.00460228462041489	0.00162760954119055	0.0014037023979882	0.0113862064589134	0.00321130675336326	0.00272160148089527	0.00492474400549566	0.00870279718467866	0.0256141098760754	0.188385159570544	0.0189186027315522	0.00202664057150992	0.00902731502816395	0.017267009204621	0.0506914343300542	0.0106555920495078	0.00614712070822617	0.00112290794712825	0.00148301299004964	0.00563268133101594	0.00316482131425207	0.0166677420248689	0.0187914057800888	0.133267471678103	0.00395043933798786	0.00165326694752063	0.00248053667292453	0.000941459033484374	0.000255203493723432	0.00871301704472025	0.181202168817599	0.00288400918064077	0.00632079385632306	0.00384215007309468	0.00376180878614689	0.0159408598305404	0.0024934174818619	0.000699141059219902	0.00688073345504326	0.0247091775772498	0.00929324780554453	0.000182955510020923	0.27428045160695	0.00300700122485014	0.000637856479957883	0.00404506870011343	0.0222686900982736	0.00591347790546743	0.00386321880268653	0.0169810938377241	0.0211901453633976
INS:repeats:3:0	0.00285630121796521	0.00072496757121287	0.000479881393032029	0.00163019373973963	0.00105834403813879	0.00361067392863215	0.007171927366649	0.00156316288444426	0.00782169275436945	0.00104987318575303	0.000783190755877604	0.00134530292248891	0.0316553793144873	0.00164554814166781	0.00483802816492693	0.000365594118918493	0.00168016249700209	0.00654898043960626	0.0131311525802345	0.000883334838897745	0.00404451683602151	0.00789428258313352	0.00436569331783251	0.00835405925522678	0.00209420795326538	0.00143792352899676	0.0053574758308334	0.00595575616092781	0.00521435737921691	0.000342021247975375	0.00094411285587559	0.00139709189359581	0.00220819782975597	0.00258150982756525	0.000809779099989705	3.44622562704645e-05	0.00141677251748694	0.00623694999283193	0.000722003317305623	0.000622235706876896	0.00130831248957011	0.00095450670308191	0.00327518719607288	0.00263412220415951	0.00231296342453156	0.000169091017869409	0.00368559332824424	0.000752415973320158	0.008594739793301	0.0146098491685608	0.000723138391734837	3.45607562888826e-06	0.00320743468664606	0.0032547034980786	0.000628501164491449	0.000755826841043884	0.000983403434648744	0.00123939005873387	0.000709618151629482	0.00170599866844937	3.288672484398e-05	0.000609053635392405	0.000253925442536365	0.0123348886945621	0.0356413612707863
INS:repeats:3:1	0.00251024637223715	0.00060130218259834	0.00373863711297104	0.00268036308371808	0.000684813353547192	0.000539118128272518	0.00363967209664023	0.000132902348362671	0.00104556981861309	0.00293618076643917	0.00157139126072671	0.00305446748775904	0.00417141165442866	0.0012916410272058	0.00405759830905775	0.00147102120406305	0.000763839797299998	0.00143979343763481	0.0776515609106291	0.00405262155159973	0.00338153646964606	0.00477437050549242	0.000254530998235513	0.00169021723894335	0.000556229780616015	0.00180976948547962	0.00289543294863345	0.00477344520644815	0.0010061320784326	0.00139964728480353	0.00249615923931999	0.00206704629783501	0.00477786190100979	0.00286965634374988	0.000317807496019473	0.000193484275663243	0.00142064983691082	0.000960360938204821	0.00217456850261132	0.000278296052252833	0.00121592525532645	0.00154878793905514	0.00518354925591383	0.00268148936447448	0.000515437968796235	0.000263564219141144	0.00545286731266762	0.0023639106081967	0.00409824977381105	0.00497440847007444	0.00281749899556201	0.000171467432201243	0.00311163457629971	0.00435179456484667	0.000380927154927828	0.00160291517763012	0.000607134296357446	0.00519962455683002	0.00052029211603181	0.00397178583281811	0.000226383274541649	0.00438518312734772	0.00108797211915921	0.00365744977799795	0.00307051570112569
INS:repeats:3:2	0.000343153081639067	0.000146139074388271	0.000716075861911012	0.000461691908011029	0.000106109061077776	0.000663989941660523	0.000803053039492561	4.95081349561893e-05	0.000252519098751163	0.00055957812956956	0.0015884244072298	0.000779694291619683	0.00107659193543383	0.000590614275408464	0.000554976120294569	0.000229008687288034	0.000110968640397965	0.0002898250864276	0.0138547100869943	0.000310625804642774	0.000584012741385005	0.000929740892234563	0.000577656508620456	0.00167967947707251	0.000951333996602924	0.000374385456083066	0.00104177346798592	0.00049401340983004	0.000731632783910734	0.00021829095978945	0.000891655704297265	0.000644613905303299	0.000429660835050782	0.000699263705430668	0.000509798691118461	8.90067768418931e-05	0.000666351554636312	0.00165602102556048	0.000289910242128508	0.000143693845590624	0.000306839296383623	0.000898473507108024	0.0010810772582033	0.000922184524263664	0.00587075006169785	0.000230112845254789	0.000981924674501578	0.000179901798502725	0.00092900651900765	0.000946550119105144	0.000523083310146174	0.000184324033540707	0.000394467901409404	0.00136725907096537	0.000117428671819857	0.000302330736417554	0.0023760930015117	0.00130623496253069	0.000410151874790579	0.0010721723306403	0.000168072897075141	0.000858032555167039	9.96117350380841e-05	0.000487917156070502	0.000665757760071146
INS:repeats:3:3	6.38350093500844e-05	8.64897910000994e-05	3.79750360244479e-05	0.000107344291117325	3.20516881481841e-05	4.9131069598382e-05	0.000208388139123812	5.11290509498568e-05	0.000150353114761013	5.54126572998344e-05	0.000410465432398113	4.55594182994144e-05	0.000442313608907652	8.16328409102097e-05	4.32616657296058e-05	8.62174388228725e-05	0.000228656482875073	0.000560506252702946	0.000665146254807165	0.000290705345452685	0.000116586984479559	0.000178450511665515	0.000358187871393069	0.00145182522982759	0.000691750668161829	3.8833635517437e-05	0.000190109714453809	0.000172019112018306	0.000320564693372664	5.69088860022987e-05	7.15430132917384e-05	0.000250645382562904	0.000218023899809929	0.000175417721895271	3.64008585749176e-06	0.000127446989619258	0.000367159341680427	0.000699889467341676	4.16554045427877e-05	5.42872591610078e-05	0.000206298877070556	0.00044100278730314	3.12099139767766e-05	6.86741874462766e-05	0.00540485454654842	0.000234974794287879	0.000628158265414136	0.00015571971785777	9.23678056574514e-05	0.00019378458619452	5.61476817536118e-05	2.94918453665131e-06	0.000489680608626538	0.000497049422086757	6.67338549610406e-05	3.76291474511118e-05	0.00278574829648116	9.6089905159742e-05	0.000174819547099867	0.000111840774913357	0.000391257712093311	8.6411227297549e-05	2.92614271777256e-05	0.000233202264664709	0.000412090851488797
INS:repeats:3:4	0.000186706760647033	8.34889577904537e-05	4.13373944122098e-05	9.41068200792041e-05	9.18416836496452e-06	2.11716765741137e-05	2.97427051663911e-05	7.35027969096917e-05	0.000353526738251628	0.000819458661812619	0.000314612235410108	8.77434667212755e-05	7.47378558244098e-05	0.00033675530625521	1.94188672638598e-05	0.000168776510314176	0.000112484419991576	0.000887872619874802	4.76203274052473e-05	0.000190903011418324	3.18630238094343e-05	9.05026701538698e-05	0.000546778243845191	0.00261853441205552	0.00172965959501323	5.37763563410144e-05	0.000378083028502807	5.53697534290346e-05	0.000443682525773458	4.92470631502058e-05	0.00039434734050187	8.13768981243394e-05	0.00019372382600242	0.00011770212344918	7.00016511056107e-06	0.000332544331859097	0.000539357939623477	0.00164377040766994	4.37737169239739e-05	6.73175142316971e-05	0.00058317403320041	0.000242965342602668	7.70643370789762e-06	0.00101232963904995	0.00317832950458774	0.000156572226945882	0.0004248313031077	2.79099074433303e-05	5.67122902240234e-05	3.62566234156531e-05	3.78373728346518e-05	1.33634924317013e-06	0.000228393016695279	0.00382414600416298	7.79038993536611e-05	8.06647816049696e-05	0.00476372233912504	0.000124788164530293	9.18962414211845e-05	0.000109587466123951	0.000613489140138136	2.87529511392126e-05	4.58889835661182e-06	0.000178098269308336	0.00017256893780881
INS:repeats:3:5+	0.00113998852224032	0.00120456651267655	0.000216572305721069	0.0018258214215688	3.07228559506911e-05	0.000177100063883431	0.000163307380741843	0.000721154459765291	0.000656532172307895	0.000523487444927202	0.00041079941566288	0.000117701893146449	0.0013784472835999	0.000834530078878846	0.000219556795498786	0.000133412292775677	0.000338245085135571	0.00249574860993276	0.000702156637531623	0.00107567145658414	0.0001626746112936	0.00058505575906944	0.00471747714673816	0.0196994511019019	0.00804665879476097	0.00016089310342644	0.000242191206675273	0.00133039785599901	0.00527118354896003	0.000836526969006438	0.000315371931798751	0.000249788518352242	0.000211087064119012	0.000519996763021286	0.000463130923714721	0.00236264952274346	0.006046109447513	0.0149830525827146	0.000620708178272393	0.000119143138303784	0.000609607823936161	0.000236167042262204	3.56286882340478e-05	0.00132046203141033	0.00967723122144556	0.000727662000796836	0.00203396209462607	0.000109512231233934	0.000210692390302052	0.000685231606919175	0.000154047586559891	0.000180130661777656	0.000538702069773666	0.0163645685857302	0.000190234448348168	1.64357195763477e-05	0.0343793429258276	0.000555808797080935	0.000193281689604091	0.000224579776010808	0.00363806318144679	0.000432985617155202	7.65328403742874e-05	0.00133147492539945	0.000455758989597626
INS:repeats:4:0	0.00466037755002686	0.00159094925458785	0.000977925125288619	0.00317083462146588	0.00389500202365012	0.0042691085058205	0.0125137701913614	0.000964853436010066	0.012597197396435	0.00225556427957956	0.00282416248686611	0.000511344311306649	0.0195669514398042	0.00373070140036823	0.020518789638254	0.000612205107660515	0.00189562943505515	0.00651559856212629	0.0094329873631713	0.00165979933146272	0.00708929028422891	0.0241017542668479	0.0134735983687579	0.0208677508896953	0.00456668610830269	0.0030845328899476	0.012288539222579	0.00981628762785866	0.018846294576701	0.000204481799316151	0.00259683591836681	0.000895838931302827	0.00201422021708193	0.00804585872754376	0.000658295526997163	0.000173706774159179	0.00449449744512019	0.0274760941588325	0.000942194070056031	0.000229949539106421	0.00165574882389577	0.00307713875162093	0.00189489865165631	0.0146890645043203	0.00670769215657625	0.000281410774573986	0.0107710489065831	0.000254741337028215	0.0133161548066973	0.0255337754487141	0.000711493271198251	0.000182158226146604	0.00120935624248258	0.000967977628298083	0.00196884920932698	0.000752366689554127	0.00215639501679194	0.00220300003937681	0.000693853706986253	0.000253462393826907	0.000143510368170473	0.00120872103978229	0.000204273178309595	0.0257211670113151	0.126615476292807
INS:repeats:4:1	0.00217079888324611	0.00173537165867033	0.00383410007153025	0.0027090633717485	0.000552306529776911	0.00054046132672471	0.00230505965039531	0.00179634505140729	0.000286591911193006	0.00118353983231564	0.00126913640611296	0.00103648080383545	0.00599033848912457	0.00202432842995284	0.00466312920561097	0.00125845282371881	0.00097037042282355	0.00161811452117003	0.141345049607939	0.00168542087604445	0.00337186434804913	0.00271340534548045	0.00106814586831985	0.00217455663361057	0.00102022613881045	0.00315436367938353	0.00217884715010799	0.0046547761007556	0.000733824792796209	0.00211794449184456	0.0029076722681105	0.00431124927122439	0.00465888882424378	0.00149836869693973	0.00116016069765699	0.000203116384059991	0.000462632630553222	0.00178148047842163	0.00188286693591886	0.00102295707755207	0.000809762693686555	0.00207208816339905	0.0034689962916801	0.00374725047156139	0.000836389576807993	0.000151040668165719	0.00426735599902396	0.00202272662776533	0.00561508541311051	0.00578615263398222	0.00346591818190891	0.000357496463052201	0.00287475091437307	0.00460852880087946	0.000364945399104541	0.00117180192795316	0.00136945538595424	0.00626423942533498	0.00102800467060938	0.00572414381302753	0.00037696715896597	0.0046902661097056	0.000113205626404114	0.0013726470943542	0.00593313624640436
INS:repeats:4:2	0.000524911450873037	0.000145749984717793	0.000297417411189482	0.000241098035918351	0.000108858828024912	0.000427045822465353	0.000538181510319937	0.000266685351871507	5.85116956185401e-05	0.00020087950859255	0.000280545942403918	0.000146852814816226	0.000435283053963024	0.000227618533750757	0.000336223675923399	0.000239964635527078	0.000376524175768263	0.00115967362549053	0.00573622474007445	0.000438950235475664	0.000469114195117267	0.000301042880394988	0.000902143220618272	0.00182541871200317	0.00116649816148516	0.00029248931876114	0.000501443695014731	0.000286786161916648	0.000992448629026309	3.74046300253512e-05	0.000898955673955215	0.000529000241585304	0.000301350523658131	0.000815273988594884	6.25348083210123e-06	0.000127847993299389	0.000598977427706011	0.0026532431979538	6.12746735765922e-05	4.72633937072861e-05	0.000251770354943379	0.000146437922861671	0.000326490861872007	0.000738698240621405	0.00681801159796821	0.000196748811770225	0.000294819767397071	0.000115738287509754	0.00156885046922058	0.00139455968725675	0.000182701998207299	2.62661747795508e-06	0.00058233010218892	0.000100006940780218	5.84852067941824e-05	0.000284921849234712	0.00164934997245238	0.000405392101658108	9.67608232783432e-05	0.00020075355214482	0.000131946706816355	0.000311619821806061	0.000485540006870291	0.00079000362648642	0.00142893463888009
INS:repeats:4:3	0.000281511023015048	0.000169168841107371	8.19406739097582e-05	0.000365139348348909	4.04324880091355e-05	5.13871213675977e-05	0.000258262039135648	9.81356147662129e-05	8.9948727957442e-05	0.000528110916955956	0.00345806272339306	5.31984132854558e-05	0.000986111750059492	0.000316435601799543	6.62755901675039e-05	0.000120042971323137	0.000601764498663705	0.00147648150745306	0.000289477296663917	0.000420863458721483	0.00013259020611528	0.000467862025671352	0.00184874017981537	0.00291140466178656	0.00331205693122145	0.000121776090271211	0.0004347604745363	0.000317805414026525	0.00109029193473247	4.54450741851659e-05	0.00018590920459961	0.000328872044618633	0.000305675471520303	0.000329477379521981	0.000275806505356106	0.000211208638325036	0.000729620284529559	0.00420163379490453	2.94289035507067e-06	0.000171658020200768	0.000494513969274198	8.1284025809895e-05	5.07287852677027e-06	0.000529315724004177	0.0198785565281238	0.000257595958352021	0.000651356062731345	3.1920736799697e-05	0.00033256928323541	0.000576835218554351	6.62946095033641e-05	1.75107831863672e-06	0.000473073120155126	0.000738857249047882	8.24864816685824e-05	4.00080016003201e-06	0.00591216459804394	0.000119212535253895	2.59080794574838e-05	5.32315164012791e-05	0.000266261503856824	3.69354284904353e-05	1.95844197646195e-06	0.000645648341800161	0.000307454158429021
INS:repeats:4:4	0.000627098393978283	0.000271394219939686	8.15343889379037e-05	0.000470457277474003	3.60227455845223e-05	0.000174185453649791	0.000480373699557608	0.000106699666984724	0.000253791092134174	0.000647286084025463	0.000191706393976011	0.000167573386839675	0.000339912047757643	0.000285067935474019	0.000156734029683973	0.000282581741876506	0.000779495311908641	0.00155444365581685	0.000188264306254854	0.000444851358951222	0.000107874252162575	0.000609848761959923	0.00239038422697308	0.00724978134144118	0.00272428105674039	0.000106571790089671	0.000782718462036826	0.000574253540311917	0.00160136212760634	0.00021422078073144	0.000331743065566805	0.000216484222634895	0.000378343055160512	0.000332792932295197	5.32012548402642e-06	0.000456021385045057	0.000943511470160013	0.00602340276371023	0.000172507398881292	0.000181504560556453	0.000156832338513722	0.000358409771986696	1.64340127273495e-05	0.000658632988670316	0.0129078657700322	0.000175030165191269	0.000565229912243945	0.000129907932827137	0.000379606207462423	0.000705375998769319	8.73940174799292e-05	1.42851125994048e-06	0.000736229722042975	0.000663478883235926	0.000105972216032554	1.52462925017436e-05	0.0056792228994795	0.000592440510569998	6.43520918323692e-05	5.88918900269006e-05	0.000421386790745573	0.000388690530265064	4.34697317128416e-05	0.000456515796442169	0.000446256454560655
INS:repeats:4:5+	0.00127590585996226	0.000531842161810798	0.000440721125675895	0.00154188264240017	3.18499143489654e-05	0.000135904297762319	0.000376803999760646	4.69427482260542e-05	0.000560324012994877	0.000702284699054065	0.000231784385747999	0.000309355071792018	0.00330864029220209	0.000535697969915033	8.17511750740283e-05	0.000424140765394036	0.00126716911668306	0.000664011403164026	0.000105466017274709	0.00054392022001122	0.000225625976515411	0.000544375531280393	0.00260522112448418	0.006056827167384	0.00299900085174453	0.000404990240964616	0.000609376797819091	0.0016126365991417	0.00074422022887429	0.00125407790924304	0.00113935807609217	0.000516550508642156	0.000935531692699786	0.00088740997067791	5.97347422767878e-06	0.000373534928042095	0.000947799329287601	0.00435866775697166	0.000302577465830768	0.000307868495121072	0.000445880220335168	0.000300645331826729	0.000129838269320309	0.00200867900775141	0.00168910913214145	0.000379202911113819	0.00273309869511525	0.000520012320955504	0.000244205614552567	0.00076782689541937	0.000366772424471863	2.25796941087366e-06	0.000393987298849138	0.00426074346950945	8.86729677937261e-05	2.48698388326314e-05	0.0154445699008177	0.000847193802870876	5.54518703179263e-05	0.000479238514194976	0.000659979569429735	0.0011237573643439	9.59636568466354e-05	0.000514416264812652	0.000933460855902761
INS:repeats:5+:0	0.0168929721504721	0.00408675075160518	0.00286443233804891	0.0094592353540276	0.00857872505121342	0.0191172088988202	0.329583885679839	0.00278324039230762	0.0179382189316982	0.0117688065245333	0.0438196062871682	0.0018283522671665	0.0359177296687432	0.0176698111261802	0.0405208932126359	0.00211534715996986	0.00492682664506145	0.0168830711753887	0.00691833998389098	0.00570020189010318	0.0340706578579013	0.0539034888588882	0.00849008852693452	0.0644439809596561	0.00707099328181371	0.00265181523703902	0.248588403354096	0.0346408080556406	0.0560939723508634	0.00119350375863683	0.0208606813205695	0.000963455598279477	0.0051454824692944	0.0111698361364118	0.00417891189993535	0.000289861500145945	0.0134022054740269	0.0442064275783577	0.00142251073984377	0.000246393261500414	0.00290594075132823	0.00841042648144887	0.00337119484981263	0.0181854657064628	0.00990947298370808	0.000436003285745915	0.00646482794115827	0.000866124449379489	0.0588583206788193	0.119162187404591	0.00264572756925056	0.000729001552653496	0.00148153749244653	0.00751395432668088	0.0011904976031376	0.00234414450457659	0.00378973255473524	0.00531904781556014	0.00210138301952769	0.000695494211344576	0.000155730123785817	0.00245468225581484	0.00767302206048564	0.122993448487038	0.369760974974602
INS:repeats:5+:1	0.00784948469477548	0.00190308934559897	0.0175872694655711	0.0103232451264675	0.00177437962448012	0.00655905321462111	0.0122553567898585	0.0037281833641435	0.00880538949278827	0.00194441151274898	0.00148789544453507	0.00553948262201316	0.0115010708605048	0.0057243152755536	0.018400416503477	0.0154870947548934	0.00314782174441029	0.0126495452119136	0.00516799320384405	0.0150732696993296	0.0118647541869737	0.00781520768119937	0.000888713916115421	0.00470202887704639	0.00215050995038776	0.00929161486986661	0.0136109950104159	0.0141221912578127	0.0020161167785427	0.00508325924625837	0.00864372688446399	0.0108799577092149	0.0256429542570462	0.00875911134056553	0.00138640603403032	0.000132700137828975	0.00121401151937916	0.0036511216534484	0.00818494578797894	0.00271925340642705	0.00165353581651979	0.0199947302615994	0.00998842212592182	0.0178841351727635	0.00383490514492549	0.000264874325168025	0.00717755429604596	0.00329104650559566	0.0238484918079214	0.0172272449868597	0.0144886196652367	0.00122428023077738	0.00242634872564493	0.00576532550393423	0.00128570075073009	0.00145985953947546	0.00144280341088851	0.0192136070960094	0.00668369551478354	0.0209735194519417	0.000211334112424766	0.0173488633198069	0.0157532848496062	0.0133102007737908	0.00838852601536582
INS:repeats:5+:2	0.000575584955258883	0.000366903209696211	0.000591693819251729	0.00049874826305105	8.21682537504275e-05	0.000479234950675764	0.00125632026178021	0.000523428234773983	0.000253677443240847	0.000603190582139293	0.00126846843958343	0.000156171419693491	0.000348012469759061	0.000201243813728848	0.000310579261720596	0.000243776232903948	0.000127302862287329	0.0025818162620936	0.000515883109809625	0.001728395724406	0.000725229845442278	0.000181629270181805	0.000375472391202181	0.0013665290063825	0.000935348756213909	0.000255116167992324	0.000654989245677531	0.00113896407433998	0.000886601169662584	8.76613499961486e-05	0.000629552031816612	0.00163314538268891	0.000248171641509323	0.000668958190527536	0.000235672225388889	8.26468584750143e-05	0.000608784765072304	0.00133148903197805	0.000148466685884072	0.000137129485353501	0.00032428711243216	0.000600868408973925	0.000228785107747026	0.00151509352924435	0.00819777200157652	8.6670792044978e-05	0.000973961251541939	8.79064497375942e-05	0.000913543071741896	0.00179929786771435	0.00039294445369519	0.000372472790777384	0.00272063769338112	0.00145607120494184	8.51214664996621e-05	0.000263836551094003	0.000522388371354751	0.00106725745480144	0.000263058262849675	0.000363154394894696	6.36308918661421e-05	0.000855945033012258	7.42287909902146e-05	0.00144624824253885	0.00167498501174579
INS:repeats:5+:3	0.000235734601836369	0.000197600775568933	0.000103535420655159	0.000316582224065228	3.34310968916554e-05	5.68120782230528e-05	0.000563244595631904	2.51305794608757e-05	0.000223385642057784	0.000280030589442999	0.000192374360505544	7.33537319801276e-05	0.000224366405624199	0.000107079776288905	0.000158385238299607	7.34291146254337e-05	6.09479138087906e-05	0.0001541112235098	8.23232168302589e-05	0.00141731983407441	0.000180261966077864	0.000212411999863313	0.000276104673462373	0.000855348142799001	0.000868154161658312	5.94439090968571e-05	7.81790893233617e-05	0.000546664272927733	0.000229828810416373	0.000251094289200126	9.46678604848339e-05	0.000100656342864234	0.000174034210062654	0.000263450189877279	6.62682297133115e-06	4.61795838038944e-05	0.000203810155128357	0.000515838517605232	4.59062461667787e-05	0.000138442357400926	0.000100959725973779	0.000599728321339189	3.02487520261808e-05	0.000434663353478581	0.0021911024945577	7.19393776093855e-05	0.000398344265872379	5.98013681163385e-05	0.000218030711372248	0.000683301184748068	0.000124796594207716	3.3639136121179e-06	0.000304168020363878	0.00208820462912725	7.99660613953757e-05	1.49219032995788e-05	0.000804244134990176	0.000154124289558614	8.3483205234738e-05	9.20449538820284e-05	7.97974645216772e-05	0.000209666458757587	1.36322921890979e-05	0.000556717130706829	0.000356018640927128
INS:repeats:5+:4	0.000152596305245925	4.89351231916845e-05	7.06543575881707e-05	0.000238904174768279	2.70568549443063e-05	1.00413864872606e-06	4.81206192577533e-05	4.7517088538771e-05	2.64058832535187e-05	3.35374239697628e-05	4.14139248310546e-05	2.12212249717939e-05	5.68557921609007e-05	0.000324773455895801	3.27936570504936e-05	5.08468366991526e-05	0.000528667724529999	0.000931759656881226	9.37475709108527e-05	0.000696065852670584	0.000193792288505024	0.000108984129791968	0.000221656608947409	0.00018928206228374	0.000256895544658871	9.33729316525072e-05	0.000129291122537602	0.000261401884713266	0.000137365890156376	0.000126354344193609	0.000162751250968156	0.000155369642903856	0.000248044748173513	0.000279130937753347	0.000308007264864687	5.8795159580818e-05	0.000280946003902317	0.000582268951523576	4.4001186709873e-05	2.91129376516408e-05	0.000244944974299559	0.000264500331258796	1.55542567666258e-05	0.000777706490292559	0.000212842238901447	2.81818363115682e-05	0.000312477792220619	3.50044888109181e-05	7.05320158912511e-05	0.000206471155294538	9.84459278242035e-05	4.19337176305109e-06	0.000849331524558898	0.000702287546822279	3.52286015459571e-05	2.32478928218076e-05	0.00143039031324313	0.000190032708953598	3.70842563101789e-05	0.00015305851610239	8.26678769145433e-05	7.25756790016268e-05	3.91688395292389e-06	6.72669683454585e-05	0.000295449047370863
INS:repeats:5+:5+	0.000214836959605395	9.20155322859745e-05	8.48519158804954e-05	0.000147326214154829	6.1937635359108e-06	6.73033709879893e-05	4.31004340769968e-05	4.72107737053221e-05	2.81849255452224e-05	7.70808694942902e-05	0.000199721992330408	0.000121044962833786	0.000922836755557845	7.25197983291612e-05	3.91728808308928e-05	0.000162085465002685	0.00010501863990364	0.000120622694664072	0.000152158822863512	0.000444517962144693	7.43825482504901e-05	0.00018764526770437	0.00022144192278699	0.000585342848070725	4.21557666896166e-05	3.29263016834626e-05	0.000206004054720408	0.000121752506595789	5.98484850246104e-05	0.000199628084496328	7.90416215798359e-05	5.18528856893243e-05	0.000365029829345171	0.000148439114398141	3.82675692710672e-06	5.46487815282627e-05	0.00015299446291417	3.51111459184223e-05	8.65238198114014e-05	0.000123442794259099	6.97097323434551e-05	0.000120595936474317	1.65425540471791e-05	0.000521694364299519	7.91942567588308e-06	1.11795714293824e-05	0.000339397624182007	9.12927217245996e-05	6.66213607137154e-05	9.85847764594493e-05	6.78871766389755e-05	1.79715932702189e-06	0.000105946164396407	0.00143218895042716	1.93041280016057e-05	1.70844979806772e-05	0.000808743306069818	0.000294073153919113	3.58553858559788e-05	3.99671935275587e-05	4.68492308407072e-05	0.000141113450185611	1.4880318938804e-05	5.93660897694455e-05	0.000181599973015702
DEL:MH:2:1	0.00846376173819158	0.00714158726963524	0.0133910153760257	0.00632535003926778	0.00963210353730654	0.0052624428835015	0.0104519498651513	0.293744680970548	0.0036631529852887	0.0172787430559936	0.0182271366746355	0.0269705457795441	0.0122915497773225	0.043832459110959	0.00752645409906122	0.00859934037274715	0.093426613655405	0.00813333980351619	0.0172458655828144	0.0141292066321226	0.0119861902703846	0.0170727573361166	0.0192329200452692	0.0052857811195517	0.014159527889364	0.00929072114039358	0.00918661150540665	0.0197425259856001	0.0147868269698264	0.00690706230966654	0.0194835528041898	0.016150957901102	0.0272064281964437	0.0137159081550551	0.264227952256634	0.0104291433113769	0.00479930036736005	0.0261382975170477	0.0302929190987215	0.0915312729075659	0.00899795986926601	0.00507013861354365	0.0227423256945228	0.0108245434334324	0.000855604927478934	0.0012946176622963	0.0420787269187327	0.0289218367623289	0.0187510852165495	0.0201149760495324	0.0138297215556631	0.000296393045933457	0.00723173352489083	0.0052212578932717	0.00115303499271312	0.0463874396500922	0.0054683386755414	0.033564758587611	0.0055613732189586	0.0233916256444768	0.0128501289312361	0.0263445143559508	0.00775750387123497	0.0133462011522918	0.00477466116390096
DEL:MH:3:1	0.00200389709007487	0.000940434743281524	0.00472256684994714	0.000890332328064259	0.000779276499432597	0.00367146343916509	0.00324858958023482	0.00158954424947505	0.000533891903073667	0.00374390823056689	0.00241603493732136	0.0175121779792161	0.00508920475100449	0.00493474612879263	0.00235552429376234	0.00449604406630504	0.00402889691266691	0.0034506516131819	0.0137626818248164	0.0067793906829962	0.00382273602220342	0.00179320072879475	0.00324075610839566	0.000964901101116585	0.00241249813800242	0.00169365004882433	0.00257004779678263	0.00441528070385486	0.00217493778597205	0.000325304065513602	0.0178592350658098	0.00463412326636839	0.0070739545147031	0.00136965257968911	0.00293885598448315	0.000751336535240785	0.00156214918812124	0.00266779080669881	0.00471699829960648	0.00545324380158644	0.00281287214376092	0.00542217233986941	0.00996543421692214	0.00204539265450074	0.00018374295385983	0.00043291725821593	0.00427583877565488	0.0159832818483369	0.00548950819904303	0.00526686906995445	0.00461863681248291	0.000172389052368946	0.00342616225185155	0.00522648213644678	0.000274783092058465	0.00298081237869195	0.00011190246018597	0.00824830346814051	0.00210989785563342	0.00588090364047472	0.000572175704626528	0.00549434307399614	0.00458563428665105	0.00180839149786625	0.00117352680784822
DEL:MH:3:2	0.00379179233424011	0.0040958484362608	0.00670184713455643	0.0035213133856311	0.000573111058868911	0.00456146282135901	0.00378167522419037	0.0143162618971405	0.00125956631363751	0.00529856795199649	0.00594657202916876	0.0108965499197825	0.00639031593021349	0.00341326476776943	0.00186677798755484	0.00434875168525915	0.0559922194807224	0.00346073016724534	0.00670191068589288	0.00501025386883239	0.00483480044561731	0.00658157353419777	0.00873422780144759	0.00211113123668986	0.0127518364990004	0.00207673301855963	0.00456070619750667	0.00976418054282723	0.00744585563688536	0.00503091485046583	0.0125140185074922	0.00762892668735338	0.014657692431576	0.00272625868630827	0.0136159744887849	0.00841859105993573	0.00330840262559299	0.0134719972021922	0.0140820857705536	0.0622803524037407	0.00617811092856712	0.0094709191090933	0.00777229258187946	0.00270886069932777	0.000473876331722027	0.000653626453544441	0.00861157634139748	0.0103710093272569	0.010999520072244	0.00797510368986027	0.00599879256784072	0.000327635969618607	0.00177096703429559	0.00258002980803892	0.000433225875596867	0.00191562636851695	0.00239665075244483	0.0220606578119447	0.00395323262262471	0.0141726928190305	0.00937223476131122	0.0153258105536161	0.0048487183254891	0.0069758356261464	0.00328624500799555
DEL:MH:4:1	0.00263729689185872	0.00128696668735477	0.00323690599434921	0.00101974494807522	0.000572410972995632	0.00387703148577799	0.0033806784727295	0.00375675998548068	0.000760534023036412	0.0042125350745559	0.00143011633973045	0.0134527708233674	0.0109742377541106	0.00161442462919576	0.0020714297642925	0.004148499169806	0.00686711501918807	0.00364987636440425	0.0205981782747606	0.00299021928791543	0.00330684752527219	0.00434276865702858	0.0127465522670199	0.0013991364204734	0.00274040775943373	0.000818906877519684	0.00441148132217237	0.00572465048276378	0.00754785047457158	0.000827240229708706	0.0172249322600888	0.00498668508622297	0.00704023261071174	0.003260596350537	0.00536744660017381	0.000980614399392528	0.00298745180834073	0.00916127457178621	0.00519509713898171	0.0196211681449715	0.00422632577850469	0.0036938417110773	0.00699768745291592	0.00344739503974047	0.000144084434583702	0.000399058295787878	0.00232203026429649	0.0154286553869264	0.00884224064120037	0.00809052731377894	0.00350685137043469	2.94918453665131e-06	0.00427987259973731	0.00292408353714101	0.000345583988823998	0.00394284262257857	0.000230911303410554	0.00866293892660719	0.00330723942054701	0.00653296164682213	0.000776559318471425	0.00443936727904408	0.00261620967479169	0.00181145751044799	0.00171372053624764
DEL:MH:4:2	0.00234454937175249	0.00266299149151734	0.00535236459562818	0.00178090520003188	0.000226878931872925	0.00458158471661854	0.00337820622073093	0.00925258414851368	0.000858560564642671	0.00495939832481257	0.00136498960310097	0.00885083352255862	0.00274054088504599	0.00156425101230613	0.00114674476523749	0.00237930506675703	0.0210568707608085	0.0017203398552421	0.0143116390052514	0.00418584691548859	0.00402685885801732	0.00460595541327502	0.00085095655862543	0.00131344254563696	0.00238180081796334	0.00135109008129331	0.00335629102027165	0.00779619991633706	0.00292450518803667	0.00196869407579233	0.0102024607684567	0.00747263717551749	0.0106114446326202	0.00261379104857297	0.0102171609887705	0.00313551995560729	0.0018849702418015	0.00483582203177373	0.0200203124832063	0.0391209284473575	0.00335784268120752	0.00777886015727298	0.0054486614295975	0.00271058165151915	8.84028912656716e-06	0.000620524441265254	0.00477000379387857	0.00841802819197317	0.0104570529939816	0.00600393129785944	0.00421858900378603	2.99526554503649e-06	0.00539390933443381	0.00447717640104873	0.000432423923691756	0.00225915453360942	0.000421791520548395	0.0161424946773243	0.00360204471536732	0.00994548165844007	0.00390239740841127	0.0108378207694924	0.00671774398543749	0.0058980985112201	0.000722446547333687
DEL:MH:4:3	0.0040308182624695	0.0035175259229991	0.00697909039541934	0.00246471988222295	0.000434333275782015	0.00461486474040489	0.00605179539481007	0.0191540452192168	0.00143111931811538	0.0026303415420894	0.001930089287086	0.00639661661967527	0.00462320122869646	0.00157440781261079	0.000928114935367485	0.00259092214390337	0.0312330909978823	0.00503533093118907	0.00361369286431677	0.0010118259681339	0.00555754978627349	0.00191662719325061	0.00295706890245889	0.00200098180128525	0.0046303441452501	0.00282420693307587	0.00592362792242296	0.00945419119155542	0.00452878999415697	0.00344468088176527	0.00568920900607685	0.00702895792761443	0.0162527310882561	0.00294854833233997	0.0225245712795546	0.00473753767780453	0.00244325862331805	0.00961567769907728	0.0334406033454095	0.0597128341841948	0.00255856265403878	0.00523181993033642	0.00454742856930018	0.00231205829405943	0.000296026903946575	0.000655606169318394	0.00372532388409723	0.00434208872985056	0.0173597099390711	0.00903349948958089	0.00548019540977391	0.000711398607450359	0.002961152574652	0.00284870517132906	0.000458200949213188	0.00297810913534058	0.00220920836346528	0.024172089958057	0.00289288466337461	0.0139882351031307	0.00399037554825261	0.0128117024846359	0.00477577596207166	0.00875262360970859	0.0024168718597658
DEL:MH:5+:1	0.0115275324374563	0.00353982593784696	0.0373432208637342	0.00466787282768248	0.005351521366274	0.102054816515668	0.0538246596137858	0.00971959940146081	0.00519387681618308	0.0127375964321701	0.00608818093342979	0.100884734510202	0.0133157182269735	0.00450922868910567	0.0319126440670321	0.231717098569172	0.00362556379931015	0.01030177537196	0.0503482143123765	0.0962850977445256	0.0267289319363611	0.00929562908028382	0.0190534926608554	0.0039484794904336	0.00285060689450491	0.0102323196359373	0.0467823215703067	0.0257099106313297	0.0115938671178308	0.00475261241340247	0.123999552400953	0.0186003042472793	0.0385115458237109	0.016053350150907	0.0219070633812683	0.000449043921010776	0.00745754494885177	0.0116114710702388	0.00874277278731183	0.00521062504722237	0.014674917806431	0.0807426953107351	0.0418280385696896	0.00509885354262516	0.000221989482511575	0.000471434375406224	0.00396344754237948	0.0978648218178812	0.028845382096991	0.0358460604931532	0.0367436685066755	0.00044569551310143	0.0559357299808208	0.0128583550947939	0.000453045544108901	0.00725983034444727	0.00110455803638823	0.0380786889527967	0.151066375605185	0.0420960902471387	0.000934626778062861	0.025590583635539	0.110446776872037	0.0219245674315307	0.012594304499668
DEL:MH:5+:2	0.00787750277580244	0.00413360850333733	0.0244887061940251	0.0040046429104156	0.0039483054440337	0.185997175697041	0.0202734502436076	0.0106509368894443	0.00325487807823218	0.00684529186322748	0.00567971940062027	0.059198561220327	0.0182120412314537	0.00341668292171812	0.0183044796480486	0.143139131744677	0.00169344253612821	0.00850459320769447	0.0491221209609705	0.0636654708445576	0.0235150484717581	0.00808517885386591	0.000288067717167464	0.00657238219627238	0.00154137326795323	0.00837070294188168	0.0231607766316957	0.0218058111876828	0.001420255696508	0.00374189334969763	0.0733564515592388	0.0188151755490471	0.0263053268955268	0.0228788470106187	0.017489119176691	0.00065957085307959	0.00197519774557139	0.00181589888106648	0.0109262410452965	0.00482155541596808	0.0110476065349758	0.141529761143195	0.0245617552808665	0.012849366611741	0.000134507454696588	0.000344441431200583	0.0109096297778698	0.0586999611954699	0.0189355559627726	0.0208177974059726	0.0237654732179771	0.000464266159480656	0.0431569351056247	0.00791995265343043	0.00067467068131428	0.00807588544735974	0.000472366818018013	0.0287532069407848	0.182233271650096	0.0284778197969105	0.00068206124190914	0.0264907018563375	0.144760753944096	0.0101250180107181	0.00220368139813482
DEL:MH:5+:3	0.00502074358459201	0.00332568133667538	0.0155400275120492	0.00283317521014026	0.00206903964611908	0.151451063482265	0.00639576637440612	0.00821827382401906	0.00308641982054184	0.00779117143185616	0.00520312528179838	0.0275263674527779	0.00414848593178314	0.00357135438789613	0.00866124640272555	0.0711115229594218	0.0033063451416108	0.00981688493757429	0.0302410796607315	0.0420699260794268	0.0144044716536757	0.00353984972130136	0.00221626918308202	0.009415589644442	0.00193760918237476	0.0077523402387995	0.011806089742928	0.0145275031114264	0.00269896075862372	0.00180270018413196	0.0357876460345687	0.0138048636923095	0.0193922837050748	0.0147340553676194	0.0177167645460864	0.000402519474041969	0.00163627441240136	0.00298517660651176	0.0105800888986044	0.00812040900953191	0.00703667043489409	0.111207188125861	0.0123460667002177	0.0116771523191019	0.000144452779963976	0.000510562875409062	0.00169863274086909	0.0238792093556508	0.0151446198066879	0.0139685289226838	0.0139257996984868	0.000872037002681085	0.0228135627324114	0.012248611284216	0.000443422121247567	0.00265036791142012	0.000842983151619504	0.0206697518785742	0.128655945045844	0.0183853891090857	0.000706336729574522	0.0205881186832837	0.092367266163036	0.00842681765734166	0.00340110962044626
DEL:MH:5+:4	0.00335659423152787	0.00254880285775241	0.0077655152006983	0.00185486930183655	0.00113938257156747	0.0836010172446142	0.00514678718743797	0.00654035774509398	0.00168753744812993	0.00299559583236091	0.00334016663093046	0.0121844392541628	0.00586531688163098	0.00258771955069856	0.00356715501815418	0.0306946404458902	0.0042505174633985	0.00471073749952673	0.0114468408290217	0.0336421882452721	0.00894796631094222	0.00417228474470244	0.000446309688559401	0.00458293228533635	0.000993206838683886	0.00177255982180953	0.00592123419647919	0.0101536212476057	0.00145333510332515	0.00205679715064749	0.0178898750745102	0.00901969290692343	0.0113123505474083	0.00782566968857728	0.0141883079882244	0.000362747929046569	0.00134944400607927	0.00174830172163475	0.00909489601588376	0.00694332075361219	0.00295823760984488	0.0612509548233941	0.00560757734723003	0.00413659541733378	0.00017428875576614	0.000223067386176897	0.00175636755732647	0.0116018947977611	0.00750309052768659	0.00714811962728918	0.00667439325189162	0.00016022366615526	0.00701476816907299	0.0107738820679346	0.000440958983253297	0.000897693052123938	0.00055342111546818	0.0120303342480972	0.0701930948867522	0.00951152226158548	0.000361128633441049	0.0100262317729222	0.0426137005650124	0.00445166496022851	0.00124570255106797
DEL:MH:5+:5+	0.00604701411952798	0.00340945584954588	0.00895030382186333	0.00353578757977448	0.00162727321523234	0.0719424328616761	0.00756729848346008	0.00189192804256143	0.00284557596002444	0.00824399566249317	0.00265850678754189	0.00876068369166626	0.00391464356079879	0.00461484354227371	0.0107902134304028	0.0230710498478662	0.00139648547723653	0.00423843192629964	0.0107752471664661	0.206696718276881	0.00960835752142399	0.00196398018685071	0.00290310502375253	0.00589597717958195	0.00270475925874318	0.00334340926121063	0.00911487752318687	0.0116918319586664	0.00214162589336402	0.00338391216187592	0.0135819991024845	0.00746884429129089	0.00872665561806392	0.00785782600862437	0.0026637028278707	0.000177331847427563	0.00226750201460956	0.00272018407428425	0.00302425345411448	0.0019873928835902	0.0043680456061219	0.0450425822731574	0.00362397330194303	0.00346403091092376	0.000284362633571244	0.000255063086700051	0.00535193958254871	0.00609631424104394	0.0126501904843523	0.0145754304173244	0.00689323894042427	0.000704993347284819	0.00616164522431644	0.014722663587846	0.000225233920778379	0.00106129333974903	0.000930290143236764	0.0121823626933517	0.050515526789096	0.00878893026979923	0.000264846800606055	0.0101417616486708	0.0373895757932117	0.015841328929798	0.00424669016186589
