rowname	InsDel1a	InsDel1b	InsDel1c	InsDel1d	InsDel2a	InsDel2b	InsDel2c	InsDel3a	InsDel3b	InsDel4a	InsDel4b	InsDel5a	InsDel5b	InsDel6	InsDel7	InsDel8	InsDel9	InsDel11	InsDel12	InsDel13	InsDel14	InsDel15	InsDel16	InsDel17	InsDel18	InsDel19a	InsDel19b	InsDel19c	InsDel_A_alpha	InsDel_A_beta	InsDel_B	InsDel_D	InsDel_E	InsDel_F	InsDel_G	InsDel_H	InsDel_J	InsDel_K_beta	InsDel_N	InsDel_O
A[Del(C):R1]A	0.001633073	0.00126681	0.003173396	0.004831192	0.00258477	0.0000622	0.00060548	0.01614575	0.022641006	0.009354898	0.01130816	0.01050024	0.01205024	0.004704889	0.000513879	0.00656275	0.027716636	0.00076491	0.007121114	0.00797728	0.00501433	0.00370218	0	0.001891383	0.000997538	0.009993422	0.005726958	0.00305114	0.021416125	0.006603794	0.010036575	0.003240783	0.003400884	0.00235753	0.000926394	0.001715945	0.000829605	0.000286092	0.001577833	0.001797581
A[Del(C):R1]G	0.000307181	0.00008589	0.000329607	0.00061094	0.00053269	0.00000371	0.00010591	0.00227447	0.003112263	0.001549243	0.00201804	0.00117319	0.001717488	0.000817902	0.000210833	0.000916982	0.002160416	0.00002861	0.001970465	0.00168152	0.0000588	0.001096942	0	0.00044984	0.000443749	0.001589492	0.00078868	0.00243478	0.001598294	0.000664262	0.0012789	0.000219305	0.000378129	0.00050291	0.001038374	0.001788025	0.00003693	3.80145852202567E-05	6.32921184840256E-05	0.000169086
A[Del(C):R1]T	0.000837819	0.00317204	0.002875783	0.00338986	0.004845875	0.00027178	0.00007891	0.00912754	0.007374799	0.004952353	0.00870521	0.01051907	0.006453326	0.008822208	0.000282949	0.006011194	0.041306447	0.00037409	0.001780884	0.00766358	0.00435206	0.001508296	0	0.002456197	0.0012165	0.006663673	0.004186926	0.00379308	0.015709871	0.004049513	0.009184915	0.00305897	0.002933874	0.00026019	0.002590465	0.000954938	0.000060375	0.001263229	9.8340507604573E-05	0.000815602
A[Del(C):R2]A	0.000882559	0.00297053	0.001099524	0.001680486	0.00057092	0.00027501	0.00015925	0.02083013	0.024184863	0.001346115	0.00320039	0.00656175	0.016634444	0.001749378	0.000198888	0.001909354	0.006414658	0.00007751	0.002704119	0.00157169	0.00010187	0.015631427	0	0.001081157	0.000398068	0.00331049	0.002412501	0.00072713	0.010565557	0.001734599	0.006265655	0.000768683	0.001270073	0.00074625	0.000773094	0.001611622	0.000160595	0.000573353	0.00025828	0.00056177
A[Del(C):R2]G	0.00007169375	0.00006981	0.000156968	0.000217947	0.000270225	0.00002335	0.0000061	0.00260207	0.004384885	0.000414458	0.00047093	0.00059413	0.00194552	0.000080574375	0.000032968125	0.000196487	0.000699321	0.0000097	0.000391992	0.000346545	0.00001347	0.004524887	0	0.000228636	0.000281506	0.000521954	0.000144316	0.0005136	0.000601445	0.000502478	0.000717485	0.000065055	0.000281224	0	0.000334675	0.000357024	0.00000707	4.20530501800789E-05	1.3613252085757E-05	3.86943474951941E-05
A[Del(C):R2]T	0.000618921	0.00066936	0.000709382	0.001532668	0.00155913	0.00014974	0.00011603	0.01005348	0.012149663	0.00223226	0.00377014	0.00802381	0.006905988	0.002423865	0.0000922959375	0.003594357	0.014854312	0.00035542	0.002149446	0.00183205	0.00155359	0.013986014	0	0.001310504	0.00021899	0.00418532	0.002533004	0.00093779	0.012646044	0.003317929	0.007208905	0.001693033	0.000790957	0.00101784	0.002520366	0.002051692	0.000071435	0.00049157	0.000139745	0.000392039
A[Del(C):R3]A	0.000194748	0.0010057	0.001552313	0.000871478	0.000601313	0.00025929	0.00017879	0.01346382	0.0143541	0.000660148	0.00307444	0.00478462	0.010485032	0.001744251	0.000328015	0.000976255	0.004234585	0.000386	0.00063618	0.00047562	0.00074492	0.015905663	0	0.000631426	0.000138387	0.002104176	0.000861368	0.00070979	0.004997096	0.001798994	0.00403869	0.00045484	0.0012715	0.00045827	0.002192248	0.000915852	0.000153535	0.000665021	0.000167922	0.000297528
A[Del(C):R3]G	0.000115108	0.00001823	4.88122517308261E-05	0.000215346	0.000110128	0.00002855	0.00002574	0.00169514	0.002268189	0.000162883	0.0003173	0.00085873	0.00130591	0.000333803	0.000110441	0.000232584	0.000533945	0.00000831	0.000588796	0.000163335	0.0001141	0.003839298	0	0.000222188	5.73522169394993E-05	0.000553051	0.000234874	0.00007685	0.000492712	0.000193686	0.000429465	0.000165663	0.000143521	0.00024633	0.000599643	0.000732888	0.000032135	9.71258619101637E-05	2.44120937499329E-05	4.05261503734755E-05
A[Del(C):R3]T	0.00028376	0.00041374	0.000623515	0.000980601	0.000505793	0.00015769	0.00006644	0.00665992	0.006742628	0.000947188	0.00279606	0.00566527	0.004629638	0.001263528	0.000247896	0.00121744	0.004546623	0.00003992	0.00044408	0.0008125	0.00034252	0.011380776	0	0.000643886	0.000414519	0.002115758	0.001472503	0.00016122	0.00293826	0.001395691	0.00321555	0.000516193	0.000569497	0	0.00122356	0.000791798	0.00003781	0.000255827	0.000150038	0.000250853
A[Del(C):R4]A	0.000597553	0.00055488	0.000436727	0.000680582	0.000422993	0.0004777	0.00035683	0.00671716	0.006636924	0.001043785	0.00118184	0.00296953	0.005048616	0.001064052	0.001001507	0.000839706	0.003081967	0.00007639	0.000508668	0.000709725	0.00025499	0.020293432	0	5.4645301446707E-06	0.0000597755127356002	0.001344357	0.001023513	0.00018121	0.002365133	0.002844253	0.00168215	0.000795098	0.0004718	0.00000084	0.003725505	0.000499402	0.00034334	0.000854845	0.000363465	0.000309566
A[Del(C):R4]G	0.000111271	0.00000516	8.72846197438627E-05	0.000119273	0.00006922	0.00009104	0.00008708	0.00156365	0.001674791	0.000231568	0.00027912	0.00077926	0.000895492	0.000390105	0.000325879	0.000283597	0.000672598	0.00001663	0.000628433	0.00058697	0.00003765	0.005073358	0	1.33880988544432E-05	0.000409797	0.000333433	0.000116713	0.00015053	0.00024348	0.000947382	0.000277605	0.000113605	0.000243897	0	0.000643968	0.001294106	0.00010253	8.99065210746514E-05	0.000116277	5.85734768855747E-05
A[Del(C):R4]T	0.000180892	0.00028158	0.000362974	0.000674649	0.000211923	0.0002423	0.00019339	0.00336787	0.003469613	0.000370135	0.00071855	0.0023986	0.002636643	0.000605117	0.000562247	0.000780967	0.002185897	0.0000407	0.000824286	0.000562025	0.00024759	0.009735363	0	0.000214264	0.000292271	0.001236898	0.000803279	0.00016128	0.001137928	0.00097484	0.00166571	0.00045461	0.001953355	0.0003216	0.002033659	0.001056637	0.00016888	0.000382656	0.000160345	0.00017116
A[Del(C):R5]A	0.000291972	0.00048154	0.001400119	0.001170279	0.00026278	0.00095335	0.00027453	0.00477876	0.007355913	0.000263083	0.00130619	0.00091043	0.003771257	0.000827287	0.002419158	0.000534442	0.002599804	0.00008423	0.000418274	0.00077458	0.00008902	0.013986014	0	0.000235412	0.000171479	0.000921409	0.000245101	0.00052953	0.001595184	0.0020344	0.00058565	0.00056484	0.000247565	0	0.000607708	0.001336285	0.000832555	0.00107183	0.000799179	0.000228643
A[Del(C):R5]G	0.000080916875	0.00004038	5.06123828742932E-05	0.000324391	0.00020478	0.00013552	0.00007239	0.00054765	0.00066982	0.0000533725	0.0000216	0.00030425	0.000322866	0.000212178	0.000684118	0.000140497	0.000278241	0.00001734	0.000240575	0.0001462	0.00006275	0.002193885	0	6.39350026926472E-06	3.0662032959403E-05	0.00010028	0.000155599	0.00014586	7.85418168281394E-05	0.000313311	0.000095585	0.000126228	0.000468161	0.00001568	0.000280404	0.000278477	0.000252645	7.02131571972174E-05	0.000200003	4.38099304144261E-05
A[Del(C):R5]T	0.000130249	0.00006244	0.00045125	0.000425158	0.000259748	0.00066904	0.00045462	0.00244315	0.003280226	0.000241408	0.00018447	0.00094838	0.001907442	0.000541858	0.002502091	0.000232715	0.001448628	0.00007093	0.000553009	0.00040389	0.0000324	0.00740436	0	0.000229565	0.000271115	0.000603609	0.000287179	0.00016253	0.000521528	0.000613115	0.000576615	0.000157508	0.000413681	0.00032417	0.001219498	0.000248998	0.00084904	0.000301669	0.000741726	0.000121701
A[Del(C):R6]A	0.0000997775	0.00036173	0.000362261	0.000492132	0.0004403	0.00115979	0.00057592	0.00162023	0.003004824	0.00018549	0.00072385	0.00020281	0.001073428	0.000297695	0.004565568	0.000302922	0.001215631	0.00017846	0.001003411	0.00028551	0.0001113	0.002331002	0	2.81969755465008E-05	0.000123591	0.000401081	0.000223028	0.00055819	0.000162969	0.001536081	0.00031969	0.00034356	0.000585861	0.00008119	0.000838848	0.000312548	0.00160986	0.000718644	0.001658625	0.000238509
A[Del(C):R6]G	0.00002241125	0.00002364	1.84100368633812E-05	3.5285909616847E-05	0.0000716925	0.00009419	0.00009607	0.00013326	0.000562936	0.00005522	0.00003843	0.0000849	0.000144303	0.00004458765625	0.001081207	0.000161631	0.000139165	0.00000385	0.000524019	0.000040555	0.00004072	0.000274236	0	1.80329494774133E-06	3.05707931374889E-05	6.78884630505797E-05	0.00001103125	0.00011082	0.000103824	0.000312758	0.000087195	0.0000086525	6.8248745456932E-05	0	0.000258311	0.000464347	0.000384085	0.000140348	0.000455364	4.04579218388737E-05
A[Del(C):R6]T	0.000185393	0.00007937	0.000208589	0.000319743	0.0000115325	0.00059235	0.00043236	0.00123458	0.001291516	0.000247138	0.00009815	0.00017841	0.000762587	0.000155647	0.002175096	0.000173843	0.000513191	0.00006676	0.000418607	0.00014404	0.00008743	0.001919649	0	6.17491906347789E-06	8.34399177822768E-05	0.000134846	0.000038725	0.00031267	0.000212546	0.000180432	0.00014411	0.00025036	7.68030603432694E-05	0.00021425	0.000320928	0.000423433	0.000690535	0.000317168	0.000673834	0.000112856
A[Del(C):R7]A	0.000149388	0.00017032	9.39372783175456E-05	0.000189546	0.0004988	0.00153747	0.00023984	0.00016303	0.000704195	0.000192948	0.00022614	0.00003038	0.000200821	0.00008830140625	0.005473498	0.000138695	0.000360595	0.00023822	0.00047483	0.00013691	0.00037115	0	0	5.13665833599046E-06	5.7259922863169E-05	0.000253149	0.000106911	0.00013387	7.14730533136068E-05	0.000602798	0.00012978	0.00000294	0.000482671	0.00010884	0.00049452	0.000257621	0.002251865	0.000638187	0.001861017	0.000248694
A[Del(C):R7]G	0.00002260375	0.00000647	4.57685517297947E-05	1.8616969879403E-05	0.0000322675	0.00010628	0.00020578	0.00001924	0.000114725	0.000038245	0.00001158	0.00000002	2.15576310231851E-05	0.00002673734375	0.001148732	3.40045980087141E-05	2.51093603191683E-05	0.00001245	0.000219426	0.00002674	0.00001286	0	0	5.95633785769107E-06	9.51739879621028E-06	1.72979881590914E-05	0.000006933125	0.00006433	6.34384377272688E-05	5.99812556398931E-05	0.000027155	0.00002609	0.000124853	0	0.000459547	0.000114446	0.00053387	7.07433031764991E-05	0.0003872	5.07844663890862E-05
A[Del(C):R7]T	0.000024911875	0.00010726	0.000100955	0.000169811	0.000119783	0.00051694	0.00008897	0.00010118	0.000506481	0.000107938	0.00004346	0.00004054	0.0001247	0.00004223078125	0.000866462	3.57079027934549E-05	8.57304667055991E-05	0.00001367	0.000698058	0.00002718	0.00001034	0	0	1.89619196020073E-05	0.000114203	4.25888142100655E-05	0.000025189375	0.0000441	0.000212254	0.000207375	0.00008327	0.000085435	0.000616696	0.0001753	0.000147377	0.00019857	0.00031579	0.000389548	0.000304401	7.47838862548766E-05
A[Del(C):R8]A	0.000322089	0.00010946	9.88680723192164E-05	0.000326151	0.000663345	0.0005858	0.00000559	0.00003253	0.000156808	0.000327405	0.00004437	0.00000656	2.47336316023824E-05	0.000179866	0.002481602	4.29838158008615E-05	0.000198697	0.00021901	0.001268319	0.00004376	0.00048958	0	0	1.00000901647474E-05	9.55514319547771E-05	0.000447552	0.000138386	0.00018457	0.000352833	0.000470003	0.000153195	0.000244248	0.000771396	0.00017125	0.000404974	0.000169467	0.001377505	0.000465188	0.001067343	0.000391474
A[Del(C):R8]G	0.000024764375	0	1.12703862895333E-05	1.66468030312854E-05	0.000022135	0.00002609	0.00003865	0.00000024	0.00000728125	0.0000305575	0.00000278	0.00000001	1.93417021576793E-06	0.00000573375	0.000112594	1.55593819231795E-05	1.64512668911296E-05	0.00001115	6.39696413199399E-05	0.000004205	0.00004118	0	0	1.36613253616768E-06	8.92803808961119E-06	3.13965282804892E-05	0.000032745625	0.0000411	9.25572856283499E-05	3.5024829185946E-05	0.000012415	0.00001869	3.97892473247188E-05	0	9.69170571496597E-05	5.81136142717289E-06	0.00019302	9.74533050150141E-06	0.00015442	5.38143771112768E-05
A[Del(C):R8]T	0.000120714	0.00000836	5.17689888746851E-05	7.06714344114079E-05	0.000302013	0.00015597	0.00002726	0.00003251	0.00001561125	0.000156468	0.00001417	0.00000469	1.82472474785874E-05	0.00002396890625	0.000366793	2.1617779641222E-05	3.13461225342809E-05	0.00002859	7.60411783892302E-05	0.00001386	0.00016281	0	0	2.84155567522877E-06	2.21920348070522E-05	6.79659605389607E-05	0.000034138125	0.00002794	0.000127163	0.000299073	0.00001566	0.0000765425	7.98694032995849E-05	0	7.09732921106348E-05	5.07556808518406E-05	0.00030011	7.00572319091934E-05	0.000306533	0.000148108
A[Del(C):R(9,)]A	0.000606598	0.00000374	4.7012120587359E-05	9.05944699541697E-05	0.000565378	0.00000414	0.00000818	0.00002756	0.0000525725	0.00030193	0.00018245	0.00000636	2.34130915753431E-05	0.000166865	0.000112248	6.24861383142636E-05	6.13137093917811E-05	0.00006332	0.00156122	0.00000594	0.00026145	0	0	7.65034220253898E-06	0.000225184	0.000514779	0.000311998	0.00031583	0.000173397	0.001117896	0.00006944	0.00015976	0.000320418	0.00010008	0.000140609	0.000162812	0.000409415	4.15852743160068E-05	0.000381876	0.000520508
A[Del(C):R(9,)]G	0.000045385	0.00001543	1.86187477205948E-05	1.85173547016892E-05	0.00005728	0.00000141	0.00001535	0.00000458	0.00000342125	0.0000795275	0.0001621	0.00000141	3.02503249327517E-06	0.0000044525	0.00000431625	1.14903255064618E-05	2.80765471912067E-05	0.00000811	0.000556907	0.000015195	0.00005193	0	0	9.2897012459402E-07	2.91140295743886E-05	1.95224192333539E-05	0.000013790625	0.00001151	5.03463659627404E-05	5.42366718028655E-05	0.000016535	0.000001045	4.99722618582345E-05	0	0.000113127	7.30169443833496E-05	0.000068115	8.91892647497409E-06	7.19804800463171E-05	4.42464757199653E-05
A[Del(C):R(9,)]T	0.000036745625	0	9.70505486043148E-06	5.31280947806982E-07	0.0000404525	0.00000465	0.00002576	0.00000028	0.0000097175	0.000065805	0.00001462	0.00000001	3.81641258112734E-06	0.00003278859375	0.0000254046875	1.95026779859367E-05	3.11826993532432E-05	0.00000609	0.001187335	0.00000417	0.00000418	0	0	1.02733166719809E-05	0.000244334	3.96351678049058E-05	0.000024609375	0.00006587	7.29112176622842E-05	5.87994329816145E-05	0.00007813	0.0000131075	6.07962958954905E-05	0	6.29789924183771E-05	0.000132021	0.000064405	7.34408106593146E-06	4.76562137291956E-05	6.16994134349303E-05
G[Del(C):R1]A	0.000361299	0.00011159	0.001388223	0.000702486	0.001176295	0.00000632	0.00010216	0.00833445	0.012381776	0.002012728	0.00445288	0.0052381	0.006587044	0.002183758	0.0000547346875	0.003229309	0.010935919	0.00044893	0.001005264	0.000625795	0.00264677	0.003153709	0	0.001801929	0.000824131	0.002243332	0.001645835	0.00113626	0.025624034	0.00393833	0.007251035	0.001682658	0.000726291	0.00042554	0.005747952	0.000702237	0.000025715	4.59511823806795E-05	2.46231417601213E-05	0.000264565
G[Del(C):R1]G	0.00004996125	0.00000203	0.000303561	0.000250842	0.000485235	0.00002598	0.00007939	0.00151891	0.004137266	0.000720423	0.00047844	0.00065457	0.001125806	0.000554766	0.0000556790625	0.000517356	0.001285897	0.00000739	0.000937588	0.000481095	0.00011431	0.001508296	0	0.000226286	0.00012597	0.001507765	0.000666907	0.00046862	0.00063301	0.000853974	0.00123083	0.000093325	0.000824966	0.00001134	0.0004097	0.000559765	0.0001329	1.2676725916353E-05	0.000203132	0.000127337
G[Del(C):R1]T	0.000757313	0.00098348	0.0043593	0.003779665	0.003357173	0.00014042	0.00014655	0.00759698	0.010434161	0.00330551	0.00272788	0.00826134	0.005382155	0.007845051	0.000131008	0.004951099	0.034716768	0.00010236	0.001079927	0.00455305	0.01204837	0.003839298	0	0.001106076	0.000216616	0.003918938	0.001870489	0.00175785	0.066481869	0.003411283	0.006739895	0.005373745	0.001829824	0.00023021	0.016554716	0.001693262	0.00001766	0.000396487	5.65451364440264E-05	0.000603618
G[Del(C):R2]A	0.000874054	0.00002491	0.001057268	0.001857646	0.001225473	0.00002529	0.00020072	0.0201557	0.032006983	0.002470828	0.00300995	0.00536101	0.015866382	0.002493156	0.000077073125	0.002110967	0.00728945	0.00003746	0.001626236	0.00064377	0.00136558	0.017551076	0	0.001039736	0.000123296	0.003582747	0.002170788	0.00141295	0.029690999	0.005450019	0.005566875	0.001561205	0.001599177	0.0006088	0.009658552	0.002156671	0.0000414	1.87578121492899E-05	4.17416260150949E-05	0.000432676
G[Del(C):R2]G	0.000052445625	0.0000286	0.000155342	0.000200415	0.000126188	0.00000316	0.00005117	0.00231408	0.006294408	0.000322313	0.00172231	0.00082975	0.001894327	0.000266852	0.000028313125	0.000568421	0.00108359	0.00001429	0.000319658	0.00014047	0.0000354	0.006033183	0	0.000443611	4.64773747668165E-05	0.000930611	0.000363728	0.00066429	0.002893581	0.000925024	0.001420335	0.0000930325	0.000611318	0.00000037	0.000399675	0.001817831	0.0000128	8.59148337012365E-06	1.82130500220999E-05	6.669178933772E-05
G[Del(C):R2]T	0.00022713	0.0000775	0.000662109	0.001697753	0.001638595	0.00006111	0.00011497	0.00959666	0.019856819	0.00174938	0.00268269	0.00676959	0.00701135	0.002392178	0.000135716	0.00345336	0.010402553	0.00006556	0.002126349	0.002026195	0.00212821	0.012203483	0	0.00064323	0.000468912	0.001961205	0.001792403	0.00105877	0.023091135	0.002488114	0.007837335	0.001388525	0.000691456	0.00050023	0.006691893	0.001329677	0.00002518	0.000146866	7.48748527574728E-05	0.000336837
G[Del(C):R3]A	0.00018796	0.0000942	0.000689607	0.000980158	0.000584663	0.00000522	0.00029243	0.01196504	0.019739629	0.000651798	0.00303832	0.00310744	0.009459759	0.002243422	0.000139835	0.00096603	0.003941414	0.00002374	0.000614555	0.000171745	0.00034883	0.028246264	0	0.000207379	0.000205633	0.002146801	0.000938549	0.00062434	0.013281002	0.001261878	0.003348025	0.00055399	0.000768366	0	0.004099789	0.002057034	0.000067465	6.28378910736811E-05	4.2429826048318E-05	0.000269514
G[Del(C):R3]G	0.00004236875	0	0.000134853	0.000103467	0.00013622	0.00000645	0.00011002	0.00308709	0.005214003	0.000520665	0.00125293	0.00067125	0.001975906	0.000723788	0.000050243125	0.000635465	0.000692686	0.00001424	0.000457055	0.000147445	0.00040922	0.007541478	0	6.17491906347789E-06	0.000370333	0.000583349	0.00017214	0.00021314	0.001452955	0.000750806	0.000998335	0.000101935	0.000280484	0.0000008	0.000999479	0.001581862	0.000027255	9.87007073192063E-06	5.07170653055309E-06	6.29419399365651E-05
G[Del(C):R3]T	0.000316908	0.00000533	0.000244435	0.000493073	0.000636033	0.00004798	0.00016987	0.00558456	0.008486128	0.000929713	0.00105055	0.0041765	0.003799825	0.000948986	0.00015176	0.00105779	0.003868357	0.00002807	0.000996852	0.00044949	0.00052175	0.021801728	0	0.00065017	0.00022296	0.000945107	0.000866807	0.00067246	0.008002387	0.001335314	0.002435155	0.000503545	0.000923064	0.0001104	0.001767203	0.001275969	0.000033625	8.18607762126119E-05	7.54830905011214E-05	0.000120301
G[Del(C):R4]A	0.000219473	0.00012705	0.00090197	0.001599587	0.000379825	0.0001631	0.0024558	0.00525984	0.006480025	0.000620978	0.00081979	0.00168551	0.004005906	0.000673212	0.000492536	0.000661612	0.001629902	0.00003598	0.001300399	0.000145955	0.00032769	0.020019196	0	0.000209018	0.000205023	0.000898511	0.000692587	0.00024128	0.003528618	0.000763754	0.001043855	0.000546388	0.00061323	0.00040662	0.00154286	0.002656167	0.00026772	0.000143171	0.000321304	0.000144941
G[Del(C):R4]G	0.000123398	0.00000329	5.55344805902468E-05	0.000338293	0.000475668	0.00003059	0.00125262	0.00089093	0.001109336	0.000151575	0.00010298	0.00040258	0.000677147	0.000329362	0.000204909	0.000263609	0.000599022	0.00000327	0.001190615	0.00022607	0.00002389	0.008364185	0	0.000220275	0.000365853	0.000372841	0.000252213	0.00019163	0.000442626	0.000988104	0.000385175	0.0000513825	0.000184678	0.00002048	0.000803352	0.000640937	0.0001148	7.25520365175777E-05	0.000237856	6.53738644242851E-05
G[Del(C):R4]T	0.000216624	0.00005333	0.000499393	0.000468878	0.00030054	0.00009037	0.00067009	0.00280601	0.003642839	0.000242078	0.00025144	0.00205352	0.002087626	0.000650642	0.000529473	0.000569912	0.001896606	0.00001945	0.000573683	0.000554725	0.00022697	0.014123132	0	0.000458419	0.000141196	0.000710584	0.00043738	0.00021804	0.00331369	0.000513107	0.001587985	0.00039335	0.00051879	0.00014078	0.001872959	0.000812231	0.000155705	0.000176461	0.000185003	0.000118583
G[Del(C):R5]A	0.000182919	0.0000932	0.000763134	0.000466232	0.000508983	0.00046838	0.00240263	0.00345605	0.005339619	0.000678958	0.00123037	0.00073605	0.002639911	0.000517274	0.001435979	0.00036825	0.002205219	0.00002394	0.001602188	0.000517925	0.00004008	0.014123132	0	0.000214647	0.00017506	0.000935746	0.000301085	0.00040763	0.001470361	0.001059162	0.000697825	0.000351945	0.000581685	0.0002349	0.002200061	0.00081898	0.00058945	0.000301185	0.001121771	0.000130882
G[Del(C):R5]G	0.000015265	0.00001321	8.2545144027971E-05	7.05496825275355E-05	0.000370598	0.00004037	0.00065343	0.00037793	0.001037186	0.0000924725	0.00017851	0.00013802	0.000352838	0.00025692	0.000590234	9.14630279879599E-05	0.000484272	0.0000074	0.000295135	0.00024901	0.00010257	0.0061703	0	3.27871808680242E-06	3.89456825040405E-05	0.000124662	0.00004954625	0.00003988	0.000276335	0.000236277	0.000275945	0.00011729	0.000206528	0.0000332	0.00041514	0.000770802	0.000237375	4.52027409981642E-05	0.000381168	4.19921775733945E-05
G[Del(C):R5]T	0.000345486	0.00000089	0.000281881	0.000561785	0.0001315	0.00042572	0.0019047	0.00181487	0.003078793	0.00036098	0.00091283	0.00078584	0.001458365	0.000166389	0.001472939	0.000342926	0.001390025	0.00003296	0.000114394	0.000220475	0.00014251	0.00987248	0	1.2131256921169E-05	0.000302363	0.000501515	0.000233078	0.00002853	0.000659359	0.000282931	0.000527885	0.000199325	0.000274185	0.0000404	0.000255164	0.000659074	0.000623145	0.000222053	0.000865611	0.000128808
G[Del(C):R6]A	0.00008062625	0.00009285	0.000890082	0.000758658	0.000099675	0.0007325	0.00316235	0.00212223	0.002529849	0.00022374	0.00017323	0.00025652	0.001320843	0.00027639	0.001854083	0.000189462	0.000766863	0.00003748	0.000509238	0.00010484	0.00038936	0.005210476	0	3.13664030304098E-05	0.000283167	0.000740438	0.000328892	0.00016979	0.000420666	0.000842601	0.000495545	0.0000679775	0.000680946	0.00008721	0.000277377	0.00014894	0.00107948	0.000269299	0.001787271	0.00015065
G[Del(C):R6]G	0.000034068125	0	8.98500240304463E-05	7.84746233323229E-05	0.0004319	0.00003735	0.00077105	0.0001543	0.000674704	0.000158773	0.00012501	0.0000603	0.000153319	0.0000686909375	0.000894283	0.00012035	0.000268451	0.00000995	0.000145761	0.000199595	0.00004162	0.001096942	0	9.01647473870666E-06	9.35036860231211E-05	0.000272335	0.000138484	0.00019225	4.1743914268253E-05	0.000466244	0.00015969	0.00009412	6.74088933692593E-05	0.00015507	0.000221266	0.000405436	0.0005204	5.27807099961316E-05	0.000583866	4.63502556770017E-05
G[Del(C):R6]T	0.000041559375	0.00002993	0.000446215	0.000407659	0.000219685	0.00019985	0.00136366	0.00071587	0.000960218	0.00010489	0.00023197	0.00016347	0.000417197	0.000139508	0.001399312	0.000237143	0.000824285	0.00002836	0.000494885	0.00008841	0.00011863	0.002605238	0	2.50821933640385E-05	9.45952052605757E-05	9.33726457617453E-05	0.000052645	0.00009044	0.000293216	0.000805122	0.000065945	0.0000561375	0.000117342	0.00048984	0.000225268	0.000463503	0.000501275	0.00010751	0.00089519	8.71344091404635E-05
G[Del(C):R7]A	0.000051363125	0.00015235	0.000483757	0.000196795	0.00026246	0.00069259	0.00186275	0.00017284	0.000627248	0.000138153	0.00015034	0.00000794	0.000203394	0.000071688125	0.001933279	3.07534375401738E-05	0.000159531	0.00001893	0.000143338	0.000045405	0.00004883	0.000137118	0	6.12027376203119E-06	8.84342474125763E-05	0.000117399	0.00008224875	0.00013363	0.000218176	0.000610584	0.0001562	0.000160698	9.01583957082565E-05	0.0000685	0.000365244	5.53485310120256E-05	0.000876585	0.000362152	0.000948511	0.000113812
G[Del(C):R7]G	0.000025039375	0.00000977	4.03072842993727E-05	1.6525051147413E-05	0.0000089625	0.00001352	0.00050316	0.00006628	0.00009532	0.000048805	0.00001927	0	3.73470393914331E-05	0.00001670015625	0.000646042	9.22013043990416E-06	4.11070445037442E-05	0.00001919	2.66144124362306E-05	0.00003061	0.00009275	0.000274236	0	2.81969755465008E-05	1.37913168245272E-05	3.6835545316646E-05	0.000050748125	0.00005632	6.03339132107511E-05	7.11869991815259E-05	0.00003493	0.0000396075	0.000196184	0	0.000349788	1.23725759417229E-05	0.000334935	6.83888313273363E-05	0.000244457	3.26568884728867E-05
G[Del(C):R7]T	0.000068351875	0.00000512	9.24328208884644E-05	0.000102371	0.000057905	0.00018386	0.00075903	0.00011303	0.000154589	0.00014609	0.00025976	0.00000324	7.98183501515769E-05	0.00003733953125	0.000476569	4.54116876516157E-05	4.12293339589425E-05	0.00001864	0.000648821	0.00003554	0.00002018	0	0	4.86343182875693E-06	0.000124182	7.33534860357856E-05	0.0000180275	0.00011065	8.14022248869479E-05	0.000296409	0.00008028	0.0000991475	0.000205578	0.00052365	0.000403043	0.000163562	0.00027534	9.74377124862117E-05	0.000408497	6.82721062092531E-05
G[Del(C):R8]A	0.000272101	0.00006055	0.000113669	7.84856916854023E-05	0.000204488	0.00025119	0.00095128	0.00010531	0.000139474	0.000341618	0.00010403	0.00000187	5.33696672595362E-05	0.0000942021875	0.000975653	2.98649965508543E-05	8.38627732080253E-05	0.00003958	0.000198087	0.0000211	0.00015888	0	0	6.01098315913777E-06	0.000139131	0.000145508	0.000150563	0.00014775	0.000131037	0.000525129	0.000070715	0.000126745	0.000230872	0.00025439	0.000432285	0.000393064	0.000652005	0.000196092	0.000775031	0.000470828
G[Del(C):R8]G	0.000066358125	0	5.83520771626302E-06	6.95092573380801E-06	0.00004885	0.00001511	0.00021581	0.00000412	0.00001160125	0.0000144425	0.00004546	0.00000001	5.39817870949099E-06	0.00000243859375	0.000136996	2.70172301857136E-05	2.60465422349151E-05	0.00000414	3.15095632950373E-05	0.000026785	0.00001948	0	0	1.13115773994684E-05	1.05505588847089E-05	6.49017693655621E-05	0.00003333875	0.00003334	3.41073146455711E-05	0.000176096	0.00000976	0.000020025	5.53944624178101E-05	0	0.00020034	1.52782566553094E-05	0.00020987	8.60707589892605E-06	0.000195389	3.9403622431266E-05
G[Del(C):R8]T	0.000180479	0.0000233	0.000104686	2.38855059451556E-05	0.00010287	0.00008504	0.00051384	0.00001148	0.0000151625	0.0000853375	0.00000343	0.00000339	1.32439103270472E-05	0.00005597140625	0.000149944	2.97957554268862E-05	2.38364382627861E-05	0.00002896	0.000195141	0.00000655	0.00011112	0	0	1.32241629501031E-05	0.000127998	0.000111011	0.000133921	0.00003319	4.76080161327864E-05	0.000161909	0.000008765	0.000150665	0.000262536	0	0.000107224	2.99472576771248E-05	0.00016199	5.81757249617628E-05	0.000284862	9.70883614705298E-05
G[Del(C):R(9,)]A	0.000496338	0.00001383	0.000113608	0.000129776	0.000788023	0.00002085	0.00044629	0.00005945	0.00001867625	0.000345353	0.00013073	0.00000028	3.41956754210013E-05	0.0000615746875	0.000166953	5.1367459688694E-05	0.000126048	0.00007957	0.000290953	0.00002069	0.00015201	0	0	9.94544486330068E-06	0.000371694	0.000269384	0.000163423	0.00028665	0.000112097	0.000566625	0.00003881	0.000248535	0.000517189	0	0.00058834	0.000408436	0.000372225	4.05093898286411E-05	0.000412539	0.000599821
G[Del(C):R(9,)]G	0.000091386875	0	2.62627828660422E-05	9.31401911624115E-05	0.000377913	0.0000043	0.00006675	0.00001173	0.00000379	0.0000516475	0.00001789	0.00001017	2.80988953251402E-05	0.00000374	0.0000155853125	1.23421137674846E-05	3.22788575607478E-05	0.00001815	0.000196757	0.000003085	0.00015856	0	0	4.0109651261883E-05	0.000113324	4.55065916614301E-05	0.000032881875	0.00003347	9.91378162274643E-05	0.000145368	0.000024855	0.00009055	0.00011108	0	8.15418568610283E-05	2.13239471722876E-05	0.000111365	6.84512014425459E-06	0.000124302	0.000118497
G[Del(C):R(9,)]T	0.000039146875	0.0000046	1.08268757179545E-05	3.95804306116201E-05	0.0000882675	0.00000675	0.00011993	0.00002675	0.00000105375	0.000276453	0.00000099	0.00000484	1.57038886363462E-05	0.00001470484375	0.0000341596875	2.73290383459175E-05	4.55550455060019E-05	0.00001875	0.000232543	0.00000337	0.00002273	0	0	3.78145486011213E-05	3.65881905086241E-05	5.57322417240169E-05	0.000039944375	0.00006256	0.000112776	0.000130656	0.00000394	0.000046375	4.68130741126006E-05	0.00005474	0.000181264	0.000148846	0.000058075	1.56860839752167E-05	9.46635531413522E-05	7.63862314138717E-05
T[Del(C):R1]A	0.000919878	0.00066931	0.001554878	0.008144747	0.002841555	0.00004	0.00006092	0.02167459	0.016329095	0.004772183	0.00438443	0.00818548	0.017858191	0.002443428	0.000286066	0.004443159	0.007777079	0.00046962	0.005939196	0.00705795	0.00198516	0.002605238	0	0.001746245	0.00067651	0.006015022	0.003956814	0.00682633	0.024425231	0.176897706	0.009913475	0.00239154	0.003199311	0.00094879	0.008361474	0.000858488	0.00010531	0.000274366	0.000148369	0.000620328
T[Del(C):R1]G	0.00027759	0.00075192	8.68498054580011E-05	0.001677652	0.00027278	0.00002823	0.00004222	0.00259408	0.002758966	0.001225153	0.00081282	0.00136214	0.002307192	0.000187229	0.000054911875	0.000537935	0.001654069	0.0001561	0.001110059	0.001680225	0.00009328	0.000685589	0	0.000217379	0.000401316	0.001747699	0.001059409	0.00257485	0.000695456	0.004874969	0.00133191	0.000164278	0.000447042	0.00022005	0.001061542	0.003554679	0.00005762	0.00012619	6.96052067887926E-05	0.000151811
T[Del(C):R1]T	0.002479349	0.00443672	0.002140191	0.01341387	0.007642878	0.00015682	0.000518	0.01656195	0.018162713	0.00913106	0.01036744	0.01180311	0.012019202	0.012603955	0.001312694	0.013956685	0.058195217	0.0005333	0.001124934	0.01707071	0.01098629	0.001919649	0	0.000519841	0.002128307	0.012754416	0.007721073	0.01096034	0.063467137	0.162710846	0.00586795	0.007902435	0.007358434	0.00108706	0.017973619	0.001775137	0.000815555	0.000445089	0.001249172	0.001743859
T[Del(C):R2]A	0.001161429	0.00482056	0.000550501	0.00356899	0.001281693	0.00066183	0.00013123	0.0312045	0.02860069	0.00265949	0.00668538	0.00660698	0.024039444	0.002119162	0.000216568	0.003483211	0.006734387	0.00008677	0.005900368	0.003960375	0.0022901	0.015631427	0	0.000841155	0.000366595	0.005131976	0.002494449	0.00581026	0.02683214	0.023530305	0.008040685	0.001706268	0.00108672	0.00003093	0.006145103	0.001850403	0.0000853	0.001424424	7.22911532041721E-05	0.000529799
T[Del(C):R2]G	0.000166069	0.00007569	7.28835705961257E-05	0.00032158	0.000145675	0.00007407	0.00001007	0.00338124	0.004845741	0.00073227	0.00075225	0.00081641	0.002474582	0.000314531	0.0000877971875	0.000682635	0.00122047	0.00001833	0.002296729	0.001950365	0.00016521	0.004113534	0	1.27870005385294E-05	8.13522454316951E-05	0.000978733	0.000441814	0.00028329	0.002595324	0.002458302	0.000539645	0.0000637225	0.000621102	0	0.000524879	0.000948049	0.000015465	0.000147116	9.7108301830802E-06	0.000110488
T[Del(C):R2]T	0.001113121	0.0013244	0.001794044	0.004159199	0.002763615	0.00010363	0.00012863	0.01809745	0.023419236	0.00639277	0.00675019	0.01033019	0.013698205	0.005222912	0.000382927	0.005769174	0.027099697	0.00033037	0.002055821	0.012298175	0.00260519	0.014808721	0	0.000351205	0.001417488	0.008809112	0.004595657	0.01515798	0.031941312	0.031734978	0.00936909	0.003753193	0.002794986	0.00134002	0.007064517	0.001357187	0.000087645	0.000309979	0.000151738	0.000701528
T[Del(C):R3]A	0.000315013	0.00120147	0.001121403	0.002193593	0.000777548	0.0005798	0.00018234	0.02127298	0.046306075	0.00141324	0.00278322	0.00654174	0.015706058	0.00177361	0.000212804	0.002434449	0.004442492	0.00007114	0.003456594	0.001525775	0.0001011	0.018785136	0	0.000195521	0.000611619	0.002817358	0.000449689	0.00270843	0.012278723	0.006887609	0.00526585	0.00095155	0.002321295	0.00039704	0.006231833	0.000894575	0.00006421	0.000819107	7.75922597457996E-05	0.000307123
T[Del(C):R3]G	0.000162495	0.00005645	6.07522520205863E-05	0.000214571	0.0000401225	0.00001879	0.00000203	0.00262612	0.006766129	0.000355138	0.00111106	0.00079136	0.001826473	0.00021289	0.000123103	0.000433855	0.00088171	0.00000047	0.0008855	0.000461075	0.00001427	0.008775538	0	0.000218363	8.9994694337144E-05	0.000586402	0.000202716	0.00002371	0.00097489	0.00131268	0.00113946	0.000125228	0.000102256	0	0.000270036	0.000250498	0.000035145	4.52962961709786E-05	1.67134293782765E-06	5.73469139297907E-05
T[Del(C):R3]T	0.000469792	0.00090386	0.00020198	0.00158822	0.000348548	0.0001854	0.00015426	0.01035382	0.023169161	0.002110223	0.00329253	0.00649557	0.007439925	0.001354495	0.000389069	0.001919992	0.004712352	0.00005463	0.001687877	0.003330235	0.00100864	0.018373783	0	0.000846784	0.000841349	0.002747047	0.001464174	0.00074437	0.008628508	0.00667864	0.00491058	0.000888758	0.000398225	0.00033067	0.002858641	0.001185237	0.00015364	0.000300889	0.000134854	0.000356203
T[Del(C):R4]A	0.000456023	0.00128428	0.000641342	0.001475799	0.00026857	0.00108742	0.00053716	0.00935475	0.014479	0.000797028	0.00058792	0.00300343	0.007482208	0.000860839	0.001146808	0.000812748	0.003260538	0.00005617	0.000417228	0.00150236	0.00053142	0.024269848	0	7.21317979096533E-06	0.00013645	0.001420968	0.000383776	0.00122572	0.002588643	0.00358001	0.002457485	0.000836723	0.000693809	0.0001142	0.002187431	0.00304356	0.0004641	0.001499705	0.000396876	0.000281752
T[Del(C):R4]G	0.000091423125	0.00000097	0.000218799	0.000120158	0.000100688	0.00007948	0.00014996	0.00122658	0.001740215	0.000222725	0.00029326	0.00028955	0.000928645	0.000171078	0.000405075	0.000169576	0.000314766	0.00003107	0.000415993	0.000496725	0.00006301	0.00863842	0	4.80878652731022E-06	6.76002219476174E-05	0.000273016	0.000226541	0.00042557	0.000212408	0.000323502	0.00008648	0.0000116475	0.000593715	0.00000565	0.000780726	0.001740456	0.000122725	6.74220945415874E-05	0.000106934	7.0509242528276E-05
T[Del(C):R4]T	0.000274948	0.0006754	0.000695842	0.001174452	0.000213635	0.00045314	0.00022349	0.0063953	0.007735259	0.00032491	0.00068047	0.00310671	0.004328271	0.000834438	0.000818671	0.00113884	0.002375852	0.00004699	0.000696727	0.001153035	0.00030143	0.017002605	0	0.000209401	0.000503522	0.000646851	0.000411799	0.00030675	0.001922911	0.000785769	0.00241851	0.000347625	0.000683196	0.00000491	0.002156772	0.001204123	0.00021524	0.000825936	0.000296924	0.000221392
T[Del(C):R5]A	0.00016741	0.00060775	0.000322206	0.000899791	0.000332533	0.00146724	0.00041678	0.00548328	0.007812073	0.00033104	0.00083009	0.00090976	0.003926373	0.000365299	0.003355553	0.000555934	0.00175185	0.00001841	0.001793479	0.0007484	0.00020806	0.013437543	0	4.80878652731022E-06	0.000952118	0.000804864	0.00030774	0.00053323	0.000445767	0.002319717	0.00121796	0.000167148	0.000338657	0	0.001367055	0.001634164	0.001030155	0.00107261	0.00107638	0.000186279
T[Del(C):R5]G	0.000013294375	0.00002052	2.70628411520276E-05	0.000110927	0.000131123	0.00017704	0.00012532	0.00053884	0.00068988	0.0000537775	0.00014114	0.00017372	0.000400577	0.0000671275	0.000759246	0.000187752	0.000173165	0.0000076	0.00047635	0.00009116	0.00001713	0.005484711	0	3.153033893475E-05	7.09156553259711E-05	7.19663320072144E-05	0.000034755	0.00005472	9.28703915197594E-05	0.0005972	0.00010872	0.0000232325	0.000168808	0.00017135	0.000256029	0.000341417	0.00026808	0.000144714	0.00016799	4.95476799770164E-05
T[Del(C):R5]T	0.000259933	0.00034454	0.000320197	0.000342233	0.000158035	0.00090293	0.00037933	0.00345537	0.005809003	0.000240948	0.00145761	0.00087821	0.002626811	0.00021641	0.003591772	0.000344381	0.001265193	0.00002225	0.001036536	0.001220885	0.00017933	0.008775538	0	7.10388918807191E-06	0.000140677	0.000500581	0.000288847	0.00026643	0.000591043	0.001326843	0.00057843	0.000223763	0.00058663	0	0.00061896	0.000590369	0.001246635	0.000601903	0.00127427	0.000161956
T[Del(C):R6]A	0.000385133	0.00043826	0.000870846	0.001155802	0.000285333	0.00246491	0.00027153	0.00145586	0.004077301	0.000446185	0.0004092	0.00026203	0.001359137	0.000308948	0.005066542	0.000364036	0.001088349	0.00007223	0.001277967	0.000504975	0.00043669	0.002605238	0	1.12022867965749E-05	0.0001369	0.000328338	0.00010048	0.00072286	0.000710522	0.001507149	0.000256295	0.00033273	0.000485498	0.00018364	0.000928726	0.000765741	0.00172254	0.001282298	0.00208277	0.000305812
T[Del(C):R6]G	0.00003139875	0.00000062	4.10551648710547E-05	9.36382670509805E-06	0.00001589	0.00020919	0.00012207	0.0002578	0.000350263	0.0000659075	0.00004791	0.00007861	0.000169478	0.00006791375	0.00107431	6.97871633081006E-05	0.000160164	0.00000666	2.91332764703738E-05	0.00007523	0.00002522	0.000411353	0	6.77601737939167E-06	7.69858116456914E-05	3.35964728137098E-05	0.000026054375	0.000036	8.05159760078737E-05	0.000262638	0.000104245	0.0000002425	0.000141949	0	4.13893553878397E-05	0.0002056	0.000447505	0.000114527	0.00042235	2.71462812782567E-05
T[Del(C):R6]T	0.0000451	0.00028641	0.000241583	0.000369196	0.00019725	0.00108858	0.00022363	0.00079767	0.001929835	0.000308258	0.00035734	0.00023675	0.000796959	0.000132962	0.002456764	0.000216807	0.000510878	0.00005786	0.000144098	0.000286375	0.00019256	0.000959824	0	6.9945985851785E-06	0.000100237	0.000290488	0.000294089	0.00036553	7.4391837047085E-05	0.00067592	0.000191625	0.000148223	0.000353605	0	0.00021293	0.001024534	0.00085945	0.000640463	0.000879212	0.000359144
T[Del(C):R7]A	0.000056599375	0.00006037	0.000185274	0.000383308	0.00025906	0.00216608	0.00009093	0.00046106	0.000644866	0.000232338	0.00055305	0.00001821	0.000369074	0.00003101046875	0.004568428	6.13158704084305E-05	9.11134261789637E-05	0.00003563	0.000497499	0.000147785	0.00018542	0.000137118	0	6.77601737939167E-06	8.50812233161628E-05	0.000133903	0.000029655625	0.00017117	9.24936030741649E-05	0.000299904	0.00003657	0.000126318	0.000269142	0	0.000714841	0.000363257	0.00180875	0.001082792	0.001605778	0.000120523
T[Del(C):R7]G	0.00000215875	0.00000248	4.36901394433761E-05	3.70457777564577E-05	0.0000225875	0.00018865	0.00006281	0.00003346	0.00007570625	0.000036455	0.00000826	0.00001206	3.95549453121419E-05	0.00000724375	0.000963828	4.38729759813194E-05	2.41432736231018E-05	0.0000082	2.8277813213495E-05	0.00005325	0.00003571	0	0	5.90169255624436E-06	1.08764189575598E-05	1.68517247511276E-05	0.00000694875	0.000026	2.30636983739928E-05	0.000259461	0.000003535	0.0000423425	9.46348360578151E-05	0	8.5725037580499E-05	0.000201945	0.000451935	7.74169055039272E-05	0.000404352	2.86611178105954E-05
T[Del(C):R7]T	0.000036744375	0.00009708	0.000149341	0.000217548	0.000311765	0.00083201	0.00042064	0.00009186	0.000298124	0.000147163	0.00004643	0.00002988	0.000140846	0.000122078	0.001483952	7.11484315617213E-05	5.78151192507901E-05	0.00004231	0.000771628	0.000154615	0.00010466	0.000137118	0	4.97272243165034E-06	9.55939723328464E-05	0.000107747	0.000113236	0.00025242	0.000162555	0.000208286	0.00002334	0.00010349	0.000147907	0.00021117	0.000207419	0.000382097	0.00056832	0.00022762	0.000655364	0.000140566
T[Del(C):R8]A	0.000108397	0.00008902	0.000173778	9.66599274416328E-05	0.000228633	0.00055701	0.00001677	0.00006898	0.00007194625	0.000156548	0.00009236	0.0000023	2.61482192356105E-05	0.0000060903125	0.002308451	6.2761826638588E-05	0.00010796	0.00004291	0.000522545	0.000042225	0.00011079	0	0	2.07652145497487E-06	4.24944693624182E-05	8.60539427144009E-05	0.000006923125	0.00015818	0.00038149	0.000190666	0.00002899	0.000034525	0.000708043	0.00004905	9.59517077528588E-05	4.62565623275777E-05	0.001158735	0.000400681	0.000989621	0.000225558
T[Del(C):R8]G	0.000023781875	0	1.44271380048887E-05	5.97691066282855E-07	0.0000070225	0.00000562	0.00003512	0.00000239	0.00000812875	0.00002123	0.00000325	0.00000002	2.39618422401718E-06	0.00001698140625	0.000274881	7.28597447659912E-06	2.69570428149824E-05	0.00000908	2.06261696380787E-05	0.000004925	0.00003672	0	0	1.01640260690875E-05	5.07872307972045E-05	8.60636738798106E-06	0.00000074875	0.00002832	3.73922730656128E-05	4.65200045300491E-05	0.00000074	0.000002595	0.000131355	0.00005581	3.45112409356331E-05	1.07322723130854E-05	0.000240275	2.78638489698928E-05	0.000209071	3.35591781306068E-05
T[Del(C):R8]T	0.0000840975	0.00001143	2.34017048650727E-05	2.74273789305354E-05	0.000188858	0.00020601	0.00002908	0.0000023	0.00001705125	0.00005878	0.00000044	0.00000001	6.26159135873025E-06	0.00002958140625	0.00057149	1.62027528276494E-05	3.27991436065006E-05	0.00002319	0.000202697	0.00001088	0.00004313	0	0	7.54105159964557E-06	0.000102518	6.04373692076397E-05	0.000055600625	0.00009043	0.000235769	8.04839250088995E-05	0.00000759	0.0000349675	8.30652962683991E-05	0	0.000141363	0.000155548	0.000340655	0.000153009	0.000319679	0.000105484
T[Del(C):R(9,)]A	0.000313709	0	1.79404374346507E-05	7.30068569111428E-05	0.000471675	0.00003688	0.00001337	0.00000116	0.00001272375	0.0002006	0.00003605	0.00000001	1.21294912549667E-05	0.000046199375	0.000231804	3.30399488671709E-05	3.1480640934999E-05	0.00005491	5.57476889066044E-05	0.00000794	0.00030111	0	0	9.12576534160007E-06	0.000100709	0.000216759	0.000123038	0.00011005	0.000122626	0.000298473	0.00004178	0.0001358	0.000259219	0	0.00012448	0.000138114	0.000490225	0.000109101	0.000498562	0.000440491
T[Del(C):R(9,)]G	0.000010929375	0.00000141	7.45271685966826E-06	3.09913886220739E-06	0.000177155	0.00000934	0.00003145	0.00000664	0.0000023025	0.0000419275	0.00000021	0.00000002	7.19230074364821E-06	0.0000074859375	0.0000448278125	1.0430927036652E-05	2.16574625156166E-05	0.00000877	6.39696413199399E-05	0.00001269	0.00003333	0	0	2.18581205786828E-07	5.73263997293676E-06	2.87418772562546E-05	0.00002275875	0.00002681	5.15775620103166E-05	0.000106973	0.000002315	0.000000845	6.89068525630138E-05	0.00000001	0.000222402	5.00526935824245E-05	0.000121805	5.98753106012247E-06	0.000153926	2.27103614444676E-05
T[Del(C):R(9,)]T	0.000081461875	0.00001029	2.10102262928338E-05	1.02160898922051E-05	0.000133865	0.0000162	0.0000186	0.0000156	0.00000127375	0.000088715	0.00011888	0.00000056	9.89455151003657E-06	0.00000182515625	0.000038563125	1.67655658427448E-05	2.24278860833658E-05	0.00001223	0.000748816	0.00000807	0.00021304	0	0	4.6448506229701E-06	7.52131332382125E-05	5.67208293945029E-05	0.000035171875	0.00007501	0.000174586	5.75295425260149E-05	0.000010585	0.000009135	7.12551171982642E-05	0.00008942	0.000204011	0.000215536	0.000092885	1.06341046432383E-05	0.000144433	0.000146859
A[Del(T):R1]A	0.001809797	0.00008186	0.002088613	0.003551336	0.003573218	0.00009818	0.00034248	0.0104153	0.010533413	0.003589478	0.00512702	0.01536556	0.00976278	0.004080413	0.000420868	0.006067468	0.01607978	0.00015227	0.002402996	0.01181807	0.00468731	0.000959824	0	0.004009599	0.049135723	0.007672011	0.005808508	0.00707454	0.004027476	0.002414175	0.01058689	0.008056805	0.004533177	0.00057774	0.001079039	0.004195803	0.00049995	0.000194766	0.000820728	0.001570549
A[Del(T):R1]C	0.000515546	0.00012329	0.000952443	0.001722369	0.001859035	0.00006039	0.00015326	0.00603957	0.001725074	0.001308563	0.00162732	0.00900669	0.005590167	0.002480053	0.00009989375	0.002060183	0.007154195	0.00009229	0.00193425	0.00271151	0.00237469	0.001508296	0	0.001547172	0.027263276	0.002383216	0.001663033	0.00125559	0.001881146	0.000695234	0.00669237	0.00167654	0.000483818	0.0003956	0.004238306	0.001922576	0.00007112	0.00025893	5.73395159109468E-05	0.000386444
A[Del(T):R1]G	0.000524869	0.00000201	0.000321641	0.000928757	0.00118604	0.00000303	0.00014084	0.00731608	0.002982384	0.002492305	0.00267539	0.01152935	0.005890669	0.001331386	0.000227567	0.002923307	0.00763269	0.00008021	0.0016951	0.003667805	0.00077199	0.002193885	0	0.001065747	0.006244739	0.003387079	0.00385207	0.00100121	0.001742365	0.00162732	0.00819845	0.00094491	0.001456509	0.00119225	0.000510398	0.001996343	0.000077805	1.96933638774341E-05	0.00013907	0.000440989
A[Del(T):R2]A	0.000991138	0.00114441	0.001153545	0.001695461	0.002411273	0.00039109	0.00019908	0.00918304	0.002482428	0.002395195	0.00125326	0.0146906	0.007527113	0.001196096	0.000927653	0.002298958	0.005628727	0.00029059	0.005286525	0.187427645	0.00650383	0.002056767	0	0.003112815	0.081924811	0.004975764	0.003554344	0.00759002	0.002165021	0.003374942	0.009025825	0.003240298	0.001441077	0.00174752	0.002087287	0.00285844	0.00041099	0.000953202	0.000437135	0.000802679
A[Del(T):R2]C	0.000499409	0.00076126	0.000456555	0.001775962	0.001675525	0.00010876	0.00024541	0.00735062	0.000722129	0.001600325	0.00162483	0.01370742	0.006844664	0.000598942	0.000146736	0.002255474	0.003782146	0.00022515	0.001672763	0.003366885	0.00207586	0.006307418	0	0.000656181	0.02940499	0.001605058	0.001979499	0.00175406	0.000746195	0.000612616	0.00661215	0.001132043	0.001309147	0.00032347	0.000635854	0.002638733	0.000079295	0.000336612	0.000166594	0.000313493
A[Del(T):R2]G	0.000858789	0.00030522	0.000239061	0.001215294	0.000465083	0.00015077	0.00009861	0.00639557	0.003695994	0.000685653	0.00125583	0.00908681	0.004717567	0.000650751	0.000189639	0.002008589	0.003333175	0.00021894	0.001980302	0.00205129	0.00110766	0.00740436	0	0.000665033	0.023564619	0.001072658	0.001423258	0.00104743	0.000812573	0.000253179	0.00613033	0.00075014	0.001256386	0.00000673	0.000603001	0.000968998	0.00010366	0.0004592	7.74192265945892E-05	0.00030968
A[Del(T):R3]A	0.000995175	0.01005071	0.001267144	0.003578266	0.001168618	0.00405748	0.00041339	0.00977103	0.003152678	0.002512998	0.00332133	0.01687802	0.007576091	0.003188594	0.000816265	0.003349818	0.010018143	0.00030476	0.002285608	0.007835385	0.00414694	0.005758947	0	0.000843887	0.046940811	0.003404604	0.002436448	0.00334862	0.001887678	0.000816555	0.00758622	0.003007435	0.000775684	0.00098052	0.000690667	0.001590485	0.00041962	0.011027083	0.000485892	0.000838453
A[Del(T):R3]C	0.00039171	0.0095967	0.001685158	0.002482621	0.001304995	0.0037601	0.00060198	0.00838452	0.001188534	0.001431068	0.00040176	0.01495351	0.006480054	0.000694342	0.00018781	0.001378376	0.003202283	0.00007731	0.003155947	0.002183125	0.00242819	0.018099548	0	0.00109919	0.036799787	0.001114739	0.001164855	0.00095963	0.000886005	0.000996468	0.00555685	0.000629095	0.000950138	0.0002089	0.000367979	0.002299659	0.000103295	0.009545902	8.65847401799154E-05	0.000410029
A[Del(T):R3]G	0.000342764	0.0049399	0.000987289	0.001051029	0.00135016	0.00280771	0.00018805	0.00652222	0.002474936	0.000904175	0.00104148	0.01263279	0.005648325	0.001142943	0.000362765	0.001765341	0.005689429	0.00005871	0.00287065	0.00210884	0.00137369	0.013848896	0	1.23498381269558E-05	0.021556364	0.001782494	0.001301204	0.00040539	0.001088685	0.001020292	0.005115985	0.000875408	0.000335839	0.00019882	0.000432969	0.002652465	0.00012801	0.00745167	0.000118543	0.000289671
A[Del(T):R4]A	0.001701138	0.01585337	0.002871887	0.004430795	0.003384358	0.02105285	0.00113088	0.00812125	0.003285121	0.001499023	0.00276921	0.01473249	0.005947527	0.002248918	0.002151329	0.002199004	0.010644586	0.00062196	0.002327716	0.02102754	0.00754381	0.006581654	0	1.38252612660169E-05	0.087992843	0.002111346	0.001706827	0.00520784	0.000768728	0.00177645	0.00539166	0.003194483	0.00154729	0.0013833	0.001569326	0.004514912	0.00106462	0.037075385	0.000859268	0.001203173
A[Del(T):R4]C	0.000777163	0.01001507	0.004471908	0.002541958	0.001586933	0.00696271	0.00133039	0.00540541	0.002238545	0.000761455	0.00191995	0.00985832	0.004629383	0.001590548	0.001175236	0.001210508	0.004905746	0.00040943	0.000637178	0.00183286	0.00459922	0.016317016	0	0.000433993	0.093695163	0.001033095	0.000943648	0.00172024	0.002087806	0.001419942	0.0039172	0.002326928	0.001487348	0.00062234	0.001799995	0.002916835	0.000691325	0.014715543	0.000541055	0.00046351
A[Del(T):R4]G	0.000244244	0.00526206	0.000933259	0.001977007	0.00145875	0.00618397	0.00051179	0.00555148	0.003787894	0.000836603	0.0008478	0.01005289	0.004445145	0.0024189	0.001068628	0.001606438	0.007893762	0.00014829	0.002384937	0.002107815	0.00390182	0.015768545	0	5.02736773309705E-06	0.036069002	0.001344807	0.001061204	0.00044532	0.001515724	0.001399239	0.0033412	0.001243603	0.000584834	0.00049583	0.000399876	0.000896309	0.0005458	0.011836928	0.000410364	0.000343648
A[Del(T):R5]A	0.001402999	0.02528849	0.004260467	0.00588646	0.004718295	0.05734815	0.00404579	0.00580704	0.003152249	0.002151193	0.00236296	0.01031173	0.005225933	0.001916894	0.010966231	0.001920524	0.011278327	0.00114942	0.003118496	0.011416325	0.00452467	0.005484711	0	0.000174756	0.023822029	0.001295463	0.001460459	0.00256538	0.00247498	0.000720952	0.00387742	0.003894533	0.000888713	0.00217309	0.000627216	0.002478077	0.00461606	0.086022859	0.003949753	0.001150745
A[Del(T):R5]C	0.000696216	0.00956323	0.003603202	0.003546876	0.002244148	0.00883733	0.00448453	0.00342488	0.001181283	0.001471093	0.00119516	0.00570373	0.002978074	0.001388142	0.003447534	0.00102352	0.004512506	0.00100231	0.000825855	0.001435455	0.0019838	0.011517894	0	0.000204155	0.017483353	0.000359744	0.000989998	0.00151016	0.000440365	0.001389436	0.00183187	0.002656018	0.000627926	0.00040546	0.000288066	0.000688974	0.00163622	0.014353921	0.001721423	0.000621567
A[Del(T):R5]G	0.000377443	0.00594055	0.001089801	0.003097113	0.002462343	0.0110724	0.0025068	0.00420513	0.002046539	0.000936725	0.00277867	0.00649631	0.003410394	0.003035234	0.006200457	0.001380449	0.008384147	0.0003401	0.000672774	0.00110002	0.00308267	0.012203483	0	0.000203718	0.030579758	0.001294055	0.000984058	0.00100641	0.001620694	0.001137957	0.00141045	0.001658355	0.001291689	0.00046391	0.001304308	0.000896168	0.002796955	0.017003294	0.002377129	0.00047531
A[Del(T):R6]A	0.001799364	0.02455006	0.007802481	0.008625324	0.009314048	0.05087473	0.00803134	0.00362965	0.001720459	0.00296743	0.00285743	0.00366436	0.002975524	0.002446643	0.020644069	0.002110443	0.008347938	0.00207608	0.001960056	0.006785505	0.00508466	0.003427945	0	0.000194428	0.011897456	0.001287214	0.000989834	0.00299631	0.00314681	0.001115121	0.0016235	0.0042153	0.001003826	0.00155013	0.000561612	0.003251457	0.008466675	0.071528917	0.008235771	0.001519022
A[Del(T):R6]C	0.000957734	0.00997567	0.003202399	0.004390926	0.00302048	0.01182356	0.00920591	0.00140776	0.000584901	0.00194534	0.00117969	0.00245131	0.0017089	0.001083044	0.004702507	0.001010223	0.003876052	0.00108243	0.00135724	0.001210595	0.00214842	0.007678596	0	9.01647473870666E-06	0.010653442	0.000444531	0.000310694	0.00143196	0.000970968	0.00284157	0.001270185	0.00332535	0.000669843	0.00076705	0.00053963	0.002659495	0.002143125	0.018104703	0.003263662	0.000663068
A[Del(T):R6]G	0.000718797	0.00814715	0.002756105	0.00392341	0.003550488	0.01943788	0.00484603	0.00210983	0.002042036	0.001024405	0.00358052	0.003126	0.001821635	0.001758281	0.0105264	0.001202484	0.006339331	0.00146916	0.001204207	0.001119885	0.00294608	0.00493624	0	7.59569690109228E-06	0.010370866	0.001361554	0.001179816	0.0008419	0.001268817	0.000868887	0.000988735	0.002160218	0.000578433	0.00099997	0.001257699	0.002067298	0.004671475	0.024804922	0.00495158	0.000749686
A[Del(T):R7]A	0.001524135	0.01837488	0.007472092	0.009374242	0.012720528	0.03238135	0.01024903	0.00220613	0.00130473	0.003232093	0.00290489	0.00160896	0.001809471	0.001580107	0.025546443	0.001347716	0.005306582	0.00206385	0.001096466	0.0035722	0.00479602	0.001782531	0	0.000626017	0.005496629	0.000693079	0.000628049	0.00109057	0.001829127	0.000913801	0.000472655	0.006774835	0.0010789	0.00239343	0.001215003	0.001324287	0.011314835	0.037867797	0.01228104	0.001948489
A[Del(T):R7]C	0.002829677	0.01464049	0.010376043	0.009871886	0.008990345	0.01688308	0.02509184	0.00188212	0.000952315	0.003702335	0.00104918	0.0018782	0.001581227	0.001171924	0.01056594	0.001146192	0.005914463	0.00133714	0.001359189	0.001685465	0.00342296	0.004113534	0	0.000200002	0.006119425	0.000989452	0.000670888	0.00155209	0.001113765	0.002329892	0.000823565	0.005174155	0.001225856	0.00143455	0.002310091	0.000797094	0.005307065	0.02105969	0.008769477	0.001589079
A[Del(T):R7]G	0.000582019	0.01156895	0.004409399	0.006128414	0.00751749	0.02989213	0.01002374	0.00124728	0.001132018	0.001666288	0.00246913	0.00110481	0.000835304	0.001516006	0.022470415	0.000547322	0.004106797	0.00097617	0.000350597	0.001470185	0.0020856	0.001371178	0	0.000212406	0.006171772	0.000427928	0.000203402	0.00113807	0.000480039	0.000620955	0.001161835	0.003762653	0.001047187	0.00085553	0.001098397	0.001359765	0.010014265	0.033493376	0.010702689	0.000895067
A[Del(T):R8]A	0.002517258	0.02065158	0.002576918	0.007036241	0.018346308	0.0300987	0.01576694	0.00018992	0.001355855	0.004647488	0.00147769	0.00036755	0.000677856	0.000608968	0.034691451	0.001139656	0.002925329	0.00265752	0.000593026	0.003429605	0.00736477	0	0	1.01093807676408E-05	0.003055584	0.000814003	0.000280571	0.00245728	0.001628697	0.00093982	0.00019068	0.007079553	0.001315135	0.00156329	0.00078862	0.000845694	0.018334055	0.024036741	0.020591943	0.003550072
A[Del(T):R8]C	0.002178327	0.00879962	0.010269096	0.009343018	0.0135628	0.00993649	0.03784164	0.00059812	0.000727993	0.003008755	0.00210766	0.00057635	0.000746682	0.00141303	0.013753379	0.000480378	0.004225898	0.00226626	0.000441419	0.001715925	0.00452981	0	0	0.000403064	0.001457887	0.000855061	0.000362005	0.00255486	0.002444115	0.002161691	0.000403905	0.00598558	0.002082818	0.00281296	0.001473918	0.000990603	0.00948426	0.00514424	0.016020071	0.0021718
A[Del(T):R8]G	0.000952336	0.00306793	0.002217266	0.003416911	0.007693905	0.01016422	0.01018515	0.00025761	0.000823598	0.001137403	0.00084789	0.00038062	0.00039395	0.000736234	0.023354198	0.000584982	0.001540899	0.00174705	0.001045614	0.001350185	0.00157878	0	0	9.18041064304678E-06	0.001994906	0.00032915	0.000147706	0.00176456	0.00078563	0.000799307	0.00021485	0.002537633	0.000754324	0.00095278	0.001267866	0.00088164	0.01359414	0.004530331	0.014402686	0.001802244
A[Del(T):R(9,)]A	0.003056028	0.00571199	0.000820782	0.002726921	0.06161703	0.01376724	0.03734348	0.00008947	0.000848528	0.011140383	0.0000691	0.00000001	0.000281719	0.003096277	0.046789357	0.000995225	0.002092311	0.00567575	0.001129449	0.003750245	0.01167535	0	0	0.000822466	0.002418402	0.003068096	0.000965089	0.01141435	0.00471893	0.002975621	0.00058082	0.00565227	0.002677764	0.0034609	0.004646317	0.004032194	0.062933835	0.006078529	0.065019789	0.014457255
A[Del(T):R(9,)]C	0.006512338	0.00206603	0.001703672	0.004419582	0.06146573	0.00421109	0.05762757	0.00019508	0.00129127	0.010265218	0.0003304	0.00007834	0.000177226	0.003046647	0.018442438	0.000614761	0.00193049	0.00534499	0.000621494	0.002458675	0.01241126	0	0	0.000583666	0.003659449	0.002643452	0.001434125	0.01017705	0.003023064	0.003657119	0.00020274	0.00808517	0.001228378	0.00675244	0.00680324	0.001382729	0.047282535	0.002173521	0.05439553	0.014138801
A[Del(T):R(9,)]G	0.00154608	0.00078958	0.000596017	0.000566379	0.027486928	0.00361371	0.02133561	0.00001976	0.000407259	0.002971005	0.00008049	0.00000395	7.54348167717792E-05	0.001386219	0.029733819	0.000360254	0.000213751	0.00275253	0.000362764	0.001025535	0.00403198	0	0	0.000397599	0.000951058	0.001520396	0.000446096	0.00378322	0.002642794	0.001141316	0.000411955	0.003109305	0.002881886	0.00355501	0.002381618	0.001706619	0.041759775	0.002567949	0.040251399	0.007014713
C[Del(T):R1]A	0.000982387	0.00006191	0.000638455	0.001928705	0.000852525	0.00003899	0.00009918	0.00865702	0.007876469	0.003023125	0.00392947	0.00772709	0.007526084	0.00223134	0.000164593	0.005267672	0.007506934	0.00028924	0.003379317	0.009235855	0.00137851	0.000685589	0	0.004277306	0.000599532	0.00410888	0.003495724	0.00299177	0.004209274	0.00219269	0.00701373	0.002420325	0.001138995	0.00000707	0.002631834	0.001512641	0.00009083	7.40956968690155E-05	7.8132332914729E-05	0.000436224
C[Del(T):R1]C	0.000508172	0.00011921	0.001289537	0.0010469	0.00075784	0.00005731	0.00027514	0.00766028	0.002833378	0.002084225	0.0040037	0.00681386	0.005906085	0.002507009	0.000207538	0.004246938	0.008797211	0.00027646	0.00368814	0.00245816	0.00215602	0.004387769	0	0.001043889	0.000963506	0.00441137	0.003628386	0.00235782	0.008451349	0.001072124	0.00838426	0.003362375	0.004621728	0.00119228	0.001125296	0.003379072	0.00012584	0.000127032	0.000271012	0.000487234
C[Del(T):R1]G	0.001212887	0.00001316	0.000290526	0.002386359	0.000375643	0.00000479	0.00011316	0.01213471	0.006078321	0.0028875	0.00690125	0.00930424	0.011036412	0.00168936	0.000163729	0.004569974	0.008426564	0.00050317	0.005272315	0.002763195	0.00152257	0.005896065	0	0.002192042	0.000224056	0.005389705	0.004628566	0.00187932	0.006189764	0.002047112	0.011356255	0.001573735	0.001255534	0.00032315	0.00167102	0.001793977	0.000032835	1.96933638774341E-05	0.000100321	0.000579623
C[Del(T):R2]A	0.000378236	0.00023539	0.000164586	0.001860026	0.000823623	0.00010513	0.00013536	0.00648497	0.007118949	0.002170518	0.00195432	0.00596522	0.005475601	0.001061841	0.000194137	0.002020758	0.004217146	0.00007656	0.001378627	0.024685805	0.00131952	0.003427945	0	0.000193772	0.001069621	0.002506294	0.001449729	0.002616	0.00299611	0.001134899	0.007025875	0.00204659	0.00235878	0	0.001667541	0.001770919	0.00013884	0.000483727	3.96416327708597E-05	0.000247714
C[Del(T):R2]C	0.000549964	0.00047138	0.000311371	0.001063348	0.000629468	0.00020857	0.00027224	0.00677812	0.004821513	0.001797433	0.00311474	0.00762889	0.005667706	0.001248742	0.000239994	0.002852721	0.004327855	0.00008988	0.001988334	0.00276034	0.00047012	0.017276841	0	0.000891647	0.002066895	0.002865733	0.002091541	0.00219178	0.002235481	0.000772487	0.00750785	0.00069891	0.002421856	0	0.001917013	0.001408927	0.000113185	0.000598254	5.62383958577898E-05	0.000274999
C[Del(T):R2]G	0.000275776	0.00016589	0.000312023	0.001203086	0.000421003	0.00023737	0.0000934	0.00605983	0.008259009	0.001390375	0.00217043	0.00535164	0.005136207	0.000871064	0.000150079	0.002145404	0.004098657	0.00005538	0.001294268	0.00075889	0.00075781	0.014123132	0	0.000648749	0.000258384	0.00235652	0.001805953	0.00125557	0.003669245	0.000562562	0.006217625	0.00114524	0.001037155	0.00071202	0.001015558	0.00035454	0.00006281	0.000523238	7.09501462822916E-05	0.00017918
C[Del(T):R3]A	0.000615156	0.00072822	0.000710721	0.001604203	0.001035603	0.00043681	0.00015429	0.00576805	0.004066425	0.001202995	0.00216183	0.00778099	0.004494663	0.002651237	0.000291422	0.002390048	0.009520335	0.00022886	0.00131114	0.006689475	0.00167266	0.008364185	0	0.000645962	0.001646528	0.002251757	0.001625508	0.0020612	0.002304459	0.001225437	0.00515917	0.002537418	0.000821994	0.00085781	0.003133102	0.001904955	0.000243715	0.001300043	6.85827381680039E-05	0.000313425
C[Del(T):R3]C	0.000492354	0.00059617	0.000455711	0.00154864	0.001185243	0.00038301	0.00034747	0.0059269	0.001901018	0.001777598	0.0026185	0.00898033	0.00437795	0.001393267	0.000320073	0.002493212	0.006327692	0.00004955	0.001547581	0.001215525	0.00103837	0.015357192	0	0.000192406	0.001338528	0.003792945	0.002345301	0.00243084	0.001467225	0.001128509	0.005095415	0.000965065	0.001632088	0.00013159	0.001967342	0.000704956	0.000184575	0.000936565	5.23032025249595E-05	0.000393246
C[Del(T):R3]G	0.000325906	0.00026518	0.000508585	0.002440052	0.001246858	0.00030597	0.00008547	0.0051698	0.00466908	0.001513053	0.00426066	0.00793451	0.004001408	0.002779206	0.000240217	0.002546021	0.010261582	0.00024319	0.000520787	0.00151561	0.00085401	0.02413273	0	0.00064006	0.000711553	0.002187934	0.00181913	0.00147521	0.003081673	0.000737742	0.00490994	0.001112545	0.001517015	0.00003613	0.002766772	0.001084053	0.000115315	0.000603197	5.03290515725137E-05	0.000356659
C[Del(T):R4]A	0.000486699	0.00167443	0.001858944	0.002051265	0.00142184	0.00449929	0.00080565	0.0057722	0.003887991	0.001512328	0.00250355	0.00637892	0.004876227	0.002313921	0.001954565	0.002294626	0.012612555	0.00038614	0.005912249	0.01251785	0.001289	0.006581654	0	8.90718413581325E-06	0.00045775	0.001784458	0.001457811	0.0018904	0.0021471	0.000778125	0.0032842	0.002480525	0.001156318	0.00043987	0.000935695	0.002168669	0.001026745	0.006394512	0.000683692	0.000443375
C[Del(T):R4]C	0.000622881	0.0013857	0.001568323	0.001612482	0.00112834	0.00227059	0.00140809	0.00399109	0.002995198	0.001115495	0.00258818	0.00680832	0.003728548	0.001568124	0.0022725	0.001490181	0.007539268	0.00017414	0.001815958	0.001377595	0.00125522	0.022075963	0	0.000414594	0.000598317	0.002497619	0.002009703	0.00114532	0.001881252	0.002636494	0.00255877	0.000996138	0.000813185	0.00083936	0.001657475	0.00077666	0.001124725	0.003136936	0.000757244	0.000336768
C[Del(T):R4]G	0.000407304	0.00050369	0.001706142	0.001992757	0.001190658	0.00196989	0.00057584	0.00443857	0.005977974	0.001108038	0.00172854	0.00628547	0.004286438	0.002677146	0.001592838	0.001645363	0.014013757	0.00009598	0.002374053	0.00124099	0.00063658	0.018099548	0	1.01093807676408E-05	0.000932696	0.001833118	0.001249578	0.00094964	0.003831785	0.000654937	0.002343365	0.001471603	0.000764963	0.00059211	0.000543019	0.001469103	0.00095981	0.002133042	0.000412065	0.000405559
C[Del(T):R5]A	0.00023192	0.00252555	0.001723473	0.002327365	0.001508758	0.00562898	0.00174646	0.00319874	0.003177769	0.001403985	0.00162056	0.0036887	0.00356389	0.001590935	0.004879983	0.001198173	0.006910839	0.00039267	0.001132633	0.004547015	0.00075782	0.00493624	0	0.000209619	0.00060869	0.001155158	0.001304709	0.00072329	0.00060214	0.000664463	0.001544335	0.001826245	0.001865102	0.00026208	0.001836306	0.000801546	0.002285235	0.006797703	0.00192879	0.000291084
C[Del(T):R5]C	0.000651182	0.00150192	0.002320352	0.001619366	0.000796595	0.00241492	0.00459255	0.00405058	0.002009084	0.000442508	0.0017985	0.00345711	0.003436681	0.001174604	0.005391813	0.000703631	0.004289348	0.0004105	0.004158074	0.001167735	0.00006592	0.021116139	0	8.30608581989947E-06	0.000594189	0.001103959	0.000539503	0.00076424	0.000933257	0.00054493	0.00118157	0.000694043	0.000362742	0.00088145	0.000656578	0.001997515	0.00269821	0.00247285	0.001588891	0.00037264
C[Del(T):R5]G	0.00019674	0.00044724	0.000515029	0.001114948	0.00077202	0.00172612	0.00154845	0.00351328	0.003352621	0.000661468	0.00074601	0.0031698	0.002633811	0.001160229	0.003843801	0.00079679	0.005700696	0.00020205	0.000981264	0.000684255	0.00072227	0.013437543	0	8.08750461411264E-06	0.000294237	0.000801219	0.000499548	0.00018922	0.001049918	0.000315005	0.00148818	0.001127155	0.000366088	0.00056772	0.001443167	0.002046583	0.00178089	0.001686722	0.001428272	0.000226468
C[Del(T):R6]A	0.000705972	0.00808953	0.002394583	0.003751663	0.002543425	0.01057292	0.00340957	0.00153036	0.002185976	0.001056673	0.00097184	0.00177119	0.001616937	0.000591165	0.008893139	0.000869074	0.004963219	0.00061758	0.000469222	0.0024405	0.00152662	0.005073358	0	1.49728125963977E-05	0.000544741	0.000655208	0.000531639	0.00091749	0.001516027	0.000816592	0.00045836	0.002436603	0.001248744	0.00002525	0.002173263	0.002234187	0.004044545	0.013577958	0.003781561	0.00045358
C[Del(T):R6]C	0.000611913	0.00338145	0.001824542	0.003482558	0.00196369	0.00507648	0.00890331	0.00158868	0.002072818	0.000980343	0.00301301	0.00161619	0.00209254	0.000499709	0.003363254	0.000677561	0.004540961	0.00030639	0.001226021	0.000877755	0.00054656	0.00863842	0	6.93995328373179E-06	0.000683112	0.000591439	0.000430132	0.00059058	0.000743282	0.000612764	0.000859605	0.0013032	0.000632719	0.00056208	0.000771907	0.001903127	0.001777545	0.005195852	0.001968624	0.000512525
C[Del(T):R6]G	0.000154403	0.00141946	0.000679954	0.001983349	0.001362283	0.00423988	0.00159306	0.00161201	0.001776916	0.00058976	0.00071031	0.00169465	0.001589539	0.000719097	0.004609101	0.000633467	0.005132784	0.0001601	0.001531137	0.00056914	0.00064058	0.006307418	0	0.000447928	0.000221608	0.000522159	0.000601226	0.00083792	0.000849886	0.000599333	0.00058325	0.001509903	0.000191317	0.00000414	0.000398458	0.001315711	0.001942925	0.004579604	0.001630409	0.000284496
C[Del(T):R7]A	0.001073926	0.01878299	0.002589371	0.003934811	0.00592265	0.01388201	0.00684186	0.00115865	0.001086485	0.001602643	0.00128497	0.00059256	0.001124455	0.000613434	0.019606893	0.000634172	0.002268249	0.00144583	0.000454774	0.00141462	0.00308756	0.001508296	0	0.00021104	0.000452259	0.000328866	0.000059345	0.00079145	0.000886297	0.000827063	0.000357895	0.004331658	0.000900076	0.00101278	0.00177574	0.000935301	0.008408495	0.011535041	0.010359486	0.001457763
C[Del(T):R7]C	0.00046091	0.00665722	0.011117784	0.005886217	0.005753085	0.01011343	0.04331156	0.00146781	0.001344006	0.001196458	0.00137183	0.00099487	0.001427183	0.000343326	0.012857562	0.000664774	0.004485113	0.00097792	0.000780373	0.000776765	0.0016858	0.00370218	0	7.15853448951862E-06	0.000513889	0.000739391	0.000375304	0.0020646	0.002092582	0.001265363	0.00034088	0.002607455	0.000572723	0.00106934	0.001516132	0.001612559	0.007803955	0.008271681	0.012116975	0.000616621
C[Del(T):R7]G	0.000391859	0.00411765	0.0012497	0.004510431	0.003832208	0.01154212	0.00876178	0.00090657	0.00097905	0.000919318	0.00158811	0.00072174	0.001052365	0.000600174	0.023083624	0.000586362	0.003255788	0.00077016	0.000615268	0.001127005	0.00128245	0.001645413	0	2.76505225320338E-05	0.000189818	0.000403261	0.000345928	0.00077059	0.000625978	0.000309645	0.0008446	0.002295235	0.000677807	0.00013673	0.00128482	0.001532793	0.010728185	0.008882814	0.010403835	0.000456521
C[Del(T):R8]A	0.000562653	0.00677234	0.002877131	0.004540338	0.00994109	0.00957792	0.01142392	0.00052224	0.00061969	0.002110308	0.00128771	0.00017421	0.000593893	0.000802708	0.033088955	0.000288557	0.000897587	0.00163167	0.000508573	0.001860655	0.0047054	0	0	0.000199947	0.000625211	0.000459796	0.000126061	0.00171653	0.002587311	0.0005863	0.00021211	0.005029215	0.001200592	0.00205323	0.000484595	0.001560585	0.016111735	0.001686114	0.018692948	0.001842739
C[Del(T):R8]C	0.000617264	0.00229221	0.00581638	0.005188634	0.009013273	0.00452715	0.04902857	0.00051671	0.000638546	0.001702573	0.00102256	0.00035842	0.000710026	0.000307846	0.020514198	0.000442462	0.002352758	0.00132547	0.000626817	0.00095212	0.00195402	0	0	9.07112004015337E-06	0.00064631	0.000339414	0.000120199	0.00091754	0.000514178	0.000574655	0.00016226	0.003405395	0.00035517	0.00002002	0.00081031	0.000800187	0.014712095	0.000577688	0.022052602	0.001085388
C[Del(T):R8]G	0.000227334	0.00025307	0.00070466	0.002726833	0.006569485	0.00156108	0.01186632	0.00007175	0.000523863	0.001467045	0.00127716	0.00006663	0.000337927	0.000224703	0.038334302	0.00038999	0.000464541	0.00110049	0.001004837	0.00115439	0.00083258	0	0	0.000226341	0.000297509	0.000199556	0.0000514725	0.00068616	0.000779528	0.000438918	0.000042475	0.001917518	0.001716998	0.00002559	0.000423597	0.000622191	0.019530775	0.000563982	0.017520744	0.00087061
C[Del(T):R(9,)]A	0.002600124	0.00296772	0.000469721	0.001237276	0.030492198	0.00322931	0.0202153	0.00000735	0.000438624	0.004469603	0.0001234	0.00000173	0.00017811	0.001359748	0.035114172	0.000645575	0.000351816	0.00277162	0.000756182	0.00115535	0.00673432	0	0	0.000837057	0.001251942	0.002563853	0.00129492	0.00577172	0.005156705	0.001980793	0.000116695	0.00642962	0.002030369	0.00292316	0.000517246	0.001659237	0.03896034	0.00094313	0.0385422	0.0074933
C[Del(T):R(9,)]C	0.00205706	0.00025657	0.002655576	0.004474216	0.047860773	0.00156998	0.07756382	0.00011637	0.000702665	0.004899315	0.00000207	0.00001551	0.000267195	0.000553586	0.026566038	0.000970556	0.000238371	0.00434997	0.000506292	0.000311885	0.00600196	0	0	0.000189565	0.000787544	0.00109316	0.000541201	0.0063727	0.001472367	0.00331451	0.000037925	0.006272398	0.000872594	0.00302823	0.003906528	0.001801428	0.056778605	0.000603478	0.061361816	0.007732881
C[Del(T):R(9,)]G	0.000197493	0.00004933	0.000172456	0.001558889	0.018287705	0	0.01982245	0.00000002	0.000234821	0.004244358	0.00009018	0.00000006	9.10786927245907E-05	0.000525635	0.049454742	0.000459342	0.000100624	0.00210174	0.000250888	0.00026042	0.00192102	0	0	0.00039208	0.000444757	0.00286999	0.000856409	0.00254146	0.000790566	0.000959816	0.000138525	0.001121505	0.002685903	0.00238391	0.000827154	0.000693333	0.04722831	0.000419751	0.038658954	0.001864997
G[Del(T):R1]A	0.000498562	0.00015562	0.0005982	0.000806462	0.0000930975	0.00000667	0.00002353	0.00420945	0.002864921	0.001176543	0.00187572	0.00567991	0.003245241	0.001140758	0.000075138125	0.002151114	0.005772014	0.00022201	0.002726694	0.00249463	0.00121153	0.00123406	0	0.002280239	0.000389273	0.002039961	0.001600599	0.00116104	0.001595317	0.000812125	0.005135745	0.002088478	0.001151432	0	0.000711513	0.000806608	0.00002602	4.147612661439E-05	2.14325153203781E-05	0.000257128
G[Del(T):R1]C	0.000412424	0.00017145	0.000939329	0.001300233	0.00100512	0.00001683	0.00011324	0.00297935	0.00126532	0.000671265	0.00131648	0.00556176	0.002550188	0.001711191	0.000064315	0.002826732	0.005733519	0.00003527	0.000970761	0.00140543	0.00087462	0.001645413	0	0.000649077	0.001126161	0.001207337	0.000810943	0.00114217	0.002583076	0.000606761	0.00513134	0.003121993	0.000769361	0.00009611	0.002149632	0.001054856	0.000008895	3.51455599206147E-05	4.4988619314702E-05	0.000240573
G[Del(T):R1]G	0.00081513	0.00041178	0.000437919	0.001106182	0.000877405	0.00005638	0.00011019	0.00497837	0.00232469	0.001361588	0.00462767	0.00513289	0.003467251	0.001703622	0.000136125	0.002992984	0.006982985	0.00023545	0.001779364	0.00178909	0.00196436	0.003976416	0	0.001318263	0.000272087	0.003598952	0.002067381	0.0006987	0.002998615	0.000970621	0.00647925	0.002122915	0.001812448	0.00011072	0.001002113	0.001612512	0.00024309	6.42256261370949E-05	0.000219017	0.000438285
G[Del(T):R2]A	0.000216587	0.00020403	0.000448624	0.0008542	0.001162493	0.00016984	0.00031876	0.00504935	0.001297528	0.001172653	0.00223907	0.00490601	0.003560886	0.000653603	0.000181824	0.001010612	0.003432435	0.00009086	0.004195905	0.095131145	0.00286901	0.003427945	0	0.001801164	0.002632949	0.000822783	0.001416168	0.00233301	0.004939972	0.000780574	0.00401261	0.008270263	0.00163828	0.00039773	0.001551065	0.001825752	0.000008995	0.000235681	5.90672257086385E-05	0.000161914
G[Del(T):R2]C	0.000085564375	0.00016125	0.000726949	0.000588925	0.00069931	0.00005542	0.00036927	0.0031761	0.000662805	0.000577165	0.00052243	0.00493595	0.002467847	0.000722541	0.000077293125	0.001673555	0.002766976	0.00005107	0.001611313	0.001874095	0.00039797	0.010832305	0	1.02186713705342E-05	0.000758695	0.000780914	0.000725674	0.00102581	0.001118547	0.001238063	0.00502241	0.001961078	0.000997738	0.00030487	0.000658057	0.000929396	0.000019965	0.000142141	2.56403669520854E-05	0.000127317
G[Del(T):R2]G	0.000277331	0.0000486	0.000390333	0.00061187	0.000621085	0.00004108	0.00031771	0.00380877	0.003967036	0.000542905	0.00102178	0.00414244	0.002607249	0.000658727	0.0000720015625	0.00106909	0.003629521	0.00005045	0.00091487	0.002019835	0.00034934	0.012340601	0	0.00065405	0.00090741	0.001545214	0.001454849	0.00070711	0.001810171	0.000836401	0.005271295	0.0029263	0.000548185	0.00020111	0.000920943	0.001097269	0.000025515	2.96725823109715E-05	5.16110699201179E-05	0.000138987
G[Del(T):R3]A	0.000432218	0.00249321	0.001194774	0.001581037	0.000705113	0.0027712	0.0010601	0.0038035	0.001184741	0.000907578	0.00162832	0.00546616	0.003154922	0.002086647	0.000182048	0.00164514	0.005369314	0.00004116	0.001468213	0.00385765	0.00113895	0.004113534	0	4.37162411573656E-06	0.001819966	0.001009398	0.000874478	0.00104391	0.001134765	0.00051664	0.00367717	0.001603755	0.000995005	0.00000291	0.00097264	0.001329115	0.00012546	0.005164417	8.52319355431796E-05	0.00026791
G[Del(T):R3]C	0.000206263	0.00228758	0.000976297	0.001372586	0.00082405	0.003632	0.00485096	0.00429992	0.000920619	0.000728503	0.00242574	0.0064632	0.002924322	0.001024927	0.000275698	0.001500814	0.003794684	0.00005146	0.002825072	0.00170708	0.00056869	0.012751954	0	0.000214483	0.001717	0.000817383	0.000963029	0.00057983	0.001120829	0.000762547	0.003561105	0.000889345	0.000534575	0.00024459	0.002401789	0.000704065	0.000118045	0.005406132	0.000115724	0.000169836
G[Del(T):R3]G	0.000181951	0.00110956	0.000464564	0.00206044	0.000636708	0.00181854	0.00157474	0.00332999	0.001935635	0.000908473	0.00137445	0.00530951	0.002979941	0.001258293	0.000223918	0.001740279	0.005999639	0.000059	0.001397779	0.00130442	0.00043552	0.017413959	0	1.33880988544432E-05	0.000864157	0.001204574	0.001127053	0.00096254	0.000587233	0.000616875	0.004308225	0.000500443	0.000969063	0	0.000707621	0.001009115	0.000116085	0.0030915	0.000191868	0.000192757
G[Del(T):R4]A	0.000305782	0.00374901	0.000905014	0.002749866	0.001316053	0.01244016	0.00825927	0.00403448	0.001510498	0.001014585	0.00120174	0.00484476	0.003427903	0.002607796	0.000882891	0.001277412	0.009599318	0.00014555	0.001223312	0.007501425	0.00106483	0.008364185	0	8.74324823147313E-06	0.000534548	0.00220741	0.001398622	0.00036548	0.000859587	0.001536704	0.002140395	0.001138885	0.000823451	0.00035969	0.000616486	0.00438336	0.00076048	0.016558704	0.001048033	0.000264726
G[Del(T):R4]C	0.000291695	0.00228095	0.001529546	0.001768026	0.001767765	0.00627731	0.00573241	0.00252041	0.000855143	0.000658233	0.00058351	0.00476677	0.002281043	0.001469592	0.000744713	0.000989422	0.005696651	0.00012049	0.004599778	0.00147454	0.00034739	0.016179899	0	6.55743617360484E-06	0.000384082	0.001401268	0.000863395	0.00034226	0.001055899	0.00108395	0.002214765	0.001980173	0.000264297	0.00003667	0.001090945	0.003126934	0.00068363	0.007910433	0.000894425	0.000264895
G[Del(T):R4]G	0.000219907	0.00132821	0.000594165	0.001858365	0.001109825	0.00565819	0.00838185	0.00251849	0.002474056	0.001260028	0.00147182	0.00513294	0.002809489	0.003431473	0.000770314	0.00174924	0.010847423	0.00013735	0.0008394	0.00144867	0.00157085	0.014945838	0	8.63395762857971E-06	0.000655016	0.001755078	0.001499484	0.00058507	0.000993055	0.000437267	0.00189364	0.002295065	0.000447532	0.00053579	0.001216421	0.003516952	0.0005778	0.006864969	0.000844086	0.000324207
G[Del(T):R5]A	0.000380456	0.00453995	0.002119085	0.002547559	0.002341353	0.02006999	0.0176459	0.00385642	0.001373019	0.001033983	0.00103386	0.00365612	0.003213673	0.00147317	0.002923563	0.001473729	0.009287772	0.00056765	0.00131095	0.003073135	0.00114665	0.004113534	0	0.000204155	0.001161698	0.001725515	0.001103508	0.00116786	0.00084675	0.001003915	0.001308475	0.00175155	0.000758	0.00059743	0.001244325	0.001022331	0.00249955	0.023951278	0.002615633	0.000392362
G[Del(T):R5]C	0.000300188	0.0021936	0.002482477	0.001432322	0.002035745	0.00579645	0.00984408	0.00318166	0.001019741	0.0005871	0.0013409	0.00252357	0.002430003	0.001591525	0.001841932	0.000579999	0.004506224	0.00057213	0.000864826	0.0007855	0.00066406	0.013300425	0	6.50279087215814E-06	0.000673747	0.001218068	0.00054304	0.00121487	0.001410876	0.000930775	0.000835635	0.00064575	0.00046166	0.00032271	0.000652254	0.001072712	0.00139674	0.006683379	0.001811268	0.000264421
G[Del(T):R5]G	0.000263136	0.001588	0.001966674	0.002318112	0.002014548	0.00740375	0.0064117	0.00230341	0.001847673	0.00101596	0.00193397	0.00270347	0.002107445	0.002108477	0.003271981	0.000978091	0.008734524	0.00061702	0.003319673	0.001038625	0.00059503	0.012066365	0	0.00042902	0.000265715	0.001315529	0.000925158	0.00072026	0.000502392	0.000860362	0.000668955	0.001157095	0.000440845	0.00042471	0.000794211	0.001391493	0.00169168	0.008066842	0.001612851	0.000381812
G[Del(T):R6]A	0.000303939	0.0030369	0.001902747	0.001912634	0.00242404	0.01352253	0.01693569	0.00128493	0.000671904	0.00060233	0.00120575	0.00091144	0.001309471	0.00050696	0.00535274	0.000789561	0.00370028	0.000408	0.000666168	0.001751285	0.00015556	0.00246812	0	1.10383508922348E-05	0.000179654	0.000529811	0.000365033	0.00034706	0.000259475	0.000497175	0.00053226	0.00089306	0.000215094	0.00103522	0.000485158	0.001440983	0.00400092	0.014763973	0.004103565	0.000314311
G[Del(T):R6]C	0.000686555	0.00196122	0.001977709	0.002063783	0.001546803	0.005302	0.00873401	0.00190911	0.000602436	0.000671498	0.00042881	0.00099278	0.001316488	0.000347666	0.002029738	0.000290547	0.002809084	0.00028649	0.002522999	0.000626545	0.00034785	0.005896065	0	0.000218909	0.000128867	0.000710169	0.000340537	0.00049803	0.000230743	0.000778355	0.00025372	0.000809798	0.000503552	0.00036246	0.000370996	0.002382143	0.001508645	0.005617318	0.001702003	0.000513916
G[Del(T):R6]G	0.000502163	0.00232903	0.001830551	0.002042753	0.002167983	0.00957516	0.01238808	0.00183863	0.000800155	0.000888478	0.0012482	0.00127256	0.001367252	0.000766269	0.002286299	0.000659544	0.005700601	0.00032182	0.000709369	0.000629785	0.00037906	0.005621829	0	0.000218909	0.000609035	0.000931732	0.000643194	0.00103071	0.000568139	0.001562269	0.000591065	0.001192833	0.000644949	0.00054133	0.000717476	0.000809888	0.001807675	0.010395539	0.001721533	0.000430115
G[Del(T):R7]A	0.000260129	0.00338348	0.002592989	0.002009227	0.00239052	0.00799857	0.02040938	0.00090674	0.000327979	0.00053686	0.00045083	0.00053108	0.000697472	0.000745428	0.008352268	0.000503327	0.00141016	0.00039111	0.000866917	0.000822355	0.00008656	0.000548471	0	8.57931232713301E-06	0.000517327	0.000619911	0.000333362	0.00049149	0.0008976	0.000620651	0.00014626	0.001381713	0.000408315	0.00044687	0.000530419	0.000781206	0.00540865	0.006195676	0.006652477	0.000473434
G[Del(T):R7]C	0.000633986	0.00240683	0.00275294	0.003009718	0.003428875	0.00574547	0.01992817	0.00109142	0.000418641	0.00054914	0.00127965	0.0006259	0.001050538	0.00091577	0.007226811	0.000210447	0.002471491	0.00048245	0.000500731	0.000698085	0.00104454	0.00246812	0	6.93995328373179E-06	0.000537055	0.00042673	0.000272006	0.00086031	0.000317818	0.000845557	0.000132615	0.001655258	0.001100355	0.00010987	0.001117834	0.000595243	0.003949295	0.004488278	0.005138609	0.000509465
G[Del(T):R7]G	0.000821766	0.00186607	0.001542625	0.001557162	0.002457008	0.00941962	0.02008958	0.00092312	0.000421371	0.00053513	0.0011909	0.00065221	0.000736766	0.000502785	0.008791318	0.000545999	0.002841745	0.00070532	0.000982785	0.000476905	0.00086812	0.001782531	0	0.000213171	0.000173882	0.000494087	0.000275373	0.00025979	0.00066579	0.00053396	0.000315605	0.001013295	0.000650371	0.00061316	0.000301149	0.002382096	0.00538843	0.006809554	0.005299056	0.000517219
G[Del(T):R8]A	0.000401511	0.00481214	0.00119894	0.001729851	0.005645093	0.00613355	0.02448632	0.00017268	0.000320855	0.000932623	0.00071424	0.00011572	0.000286262	0.000428764	0.013314345	0.000150143	0.001158785	0.00099986	0.000384721	0.00069088	0.00058105	0	0	1.16940945095953E-05	0.000247575	0.000270749	0.00005068	0.00083856	0.001278602	0.000363636	0.000015785	0.00128373	0.000413011	0.000609	0.000190395	0.000461722	0.010163535	0.001858863	0.010998952	0.001059457
G[Del(T):R8]C	0.000592703	0.00167346	0.003275595	0.00221905	0.00473218	0.003077	0.02169344	0.00040901	0.00006211375	0.001199485	0.00061231	0.00006197	0.000299439	0.000202891	0.007671514	0.000281725	0.000709777	0.00073857	0.000550301	0.0004604	0.00016341	0	0	1.01640260690875E-05	0.000478399	0.000470833	0.000435617	0.00102089	0.000305358	0.000231992	0.000242855	0.000989463	0.000590882	0.00086961	0.000605234	0.001381136	0.00530582	0.00105683	0.007852601	0.001237434
G[Del(T):R8]G	0.00045688	0.00046721	0.000596548	0.001032323	0.003339375	0.00285341	0.01647544	0.00016146	0.000132181	0.000796058	0.00067173	0.00015089	0.000209281	0.000145148	0.011316927	0.000172861	0.000423031	0.00062379	0.000301456	0.000402725	0.00115795	0	0	8.74324823147313E-06	0.000163148	0.00049506	0.000223669	0.00040486	0.000706261	0.000545661	0.000340565	0.000529198	0.001453745	0.00004638	0.000600508	0.001599577	0.008585945	0.000883909	0.008676551	0.000771299
G[Del(T):R(9,)]A	0.001266247	0.00207014	0.000583182	0.000370281	0.030343668	0.00237195	0.0456824	0.00000343	0.000257874	0.003746018	0.00000009	0	5.6897275053872E-05	0.000866412	0.013012195	0.000281234	0.00043724	0.00312864	0.000270754	0.000162565	0.00376114	0	0	0.000204209	0.001054841	0.000894781	0.000351328	0.00455978	0.002503186	0.000930724	0.000076075	0.001167025	0.000605351	0.0007578	0.001568723	0.000683163	0.035609765	0.001466852	0.035977526	0.009380677
G[Del(T):R(9,)]C	0.002419541	0.00026811	0.002001607	0.000492199	0.036375403	0.00082685	0.05292994	0.00005932	0.000233543	0.002986265	0.00000863	0.00000021	0.000109333	0.000520599	0.006606388	0.000360983	0.000141947	0.00318868	0.000371936	0.00011926	0.00481882	0	0	8.96182943725995E-06	0.00076656	0.001454421	0.000743448	0.00605802	0.000979194	0.001175196	0.00037508	0.002146818	0.001363115	0.00341709	0.003421942	0.001344112	0.034309485	0.000984044	0.036103734	0.009696085
G[Del(T):R(9,)]G	0.000916839	0.00002645	0.000179961	0.000375328	0.014967935	0.00024625	0.02759981	0.00000832	0.00000552625	0.001721515	0.00001554	0.00000173	7.94183655170416E-05	0.000116815	0.012083015	0.000127641	8.58160693242379E-05	0.00166327	0.00024509	0.000035375	0.00152255	0	0	0.000193882	0.00085887	0.000982047	0.000390776	0.00182749	0.000854668	0.00104768	0.00008693	0.001106595	0.001211076	0.00179319	0.00064433	0.000474938	0.025125885	0.000366721	0.023511241	0.004474359
A[Ins(C):R0]A	0.002075855	0.02990126	0.001405276	0.00234379	0.004689405	0.00012574	0.00037143	0.00152442	0.001334371	0.000377793	0.00236154	0.00064447	0.001385491	0.001331455	0.000307643	0.001903343	0.001397895	0.00060289	0.000616646	0.00359702	0.0920892	0	0.025806452	1.03279619734276E-05	0.001943552	0.00148323	0.000423644	0.00369205	0.0063558	0.000481868	0.001006815	0.222834405	0.002008398	0.00040112	0.001734079	0.002160233	0.0001294	0.000126549	0.00035801	0.001293372
A[Ins(C):R0]G	0.000260487	0.00008413	5.00036428740869E-05	9.76671475718502E-05	0.000215723	0.00000423	0.00000229	0.00024206	0.000396183	0.00016134	0.00026514	0.00015524	0.000214701	0.000131386	0.000069991875	0.000344107	0.000323963	0.00016182	0.000194903	0.000397955	0.00360508	0	0.06359447	1.64482357354588E-05	0.000280552	0.000811048	0.000702494	0.00122945	0.000234649	0.001152215	0.000143215	0.008023675	0.005299275	0.00012514	0.000194166	0.000354727	0.00000738	2.16424299777343E-05	9.99004276798788E-06	8.44099523192355E-05
A[Ins(C):R0]T	0.000388103	0.00069533	5.74650560194724E-05	0.000419911	0.00190554	0.00003828	0.00001026	0.00089763	0.001366785	0.0000408975	0.00054859	0.00021033	0.000703348	0.000636665	0.0000861621875	0.000273042	0.000563108	0.0001356	0.000430773	0.000213075	0.05373473	0	0.032258065	8.36073112134618E-06	0.001487228	0.001239243	0.000357619	0.00263254	0.003653675	0.000571127	0.000271455	0.136453363	0.000239231	0.00002087	0.000526407	0.000775864	0.00003153	9.6751641218906E-05	5.83973776763013E-05	0.000240856
A[Ins(C):R1]A	0.000495843	0.00035064	0.000253897	0.000231539	0.000557118	0.00001775	0.00005912	0.00080642	0.00073596	0.00067247	0.00091063	0.00105483	0.000591672	0.000310037	0.0000609971875	0.000609314	0.000784399	0.03619964	0.000562562	0.00126665	0.00282638	0	0.019354839	0.000442299	0.000128997	0.001204031	0.000761362	0.00087565	0.000312135	0.000309669	0.001084225	0.00616214	0.00063704	0.00017391	0.001235376	0.000521663	0.00002938	3.86382863723528E-05	1.56686761849835E-05	0.000415594
A[Ins(C):R1]G	0.00002827625	0	9.46155886034897E-06	0.000185605	0.0000361625	0	0.00000141	0.00005791	0.000233884	0.000119698	0.00035158	0.00002969	2.72490589170156E-05	0.00001773515625	0.00000915	7.37314824537536E-05	0.000104624	0.00479918	0.000113349	0.000055375	0.00012526	0	0.010138249	3.93446170416291E-06	2.24687497089937E-05	9.76636503673279E-05	0.000150243	0.00002489	0.000202993	0.000176811	0.00009188	0.000591605	0.000121349	0	0.000233645	0.000507697	0.000000675	9.82329314551342E-07	2.95729385705034E-06	1.77303107645546E-05
A[Ins(C):R1]T	0.000257503	0.00026295	0.000116878	0.000311674	0.000119793	0.00002597	0.00002338	0.0004601	0.000454553	0.000166763	0.00055562	0.00083994	0.000380321	0.000275937	0.00004180375	0.000149282	0.000393043	0.03181846	0.001944088	0.00077776	0.00200944	0	0.00921659	0.000694378	0.000560969	0.000705008	0.000642456	0.00005622	0.000296357	0.00041466	0.000415925	0.00469322	0.000254495	0.00079158	0.001185198	0.000330451	0.00000119	5.62890289766722E-05	2.30055439677454E-05	0.000101836
A[Ins(C):R2]A	0.000215289	0.00008799	7.47097905967445E-05	9.80102665173088E-05	0.000237178	0.00002888	0.0000478	0.00050196	0.00048665	0.0001875	0.0001297	0.00124112	0.000434721	0.000213081	0.000042953125	0.000229545	0.000628271	0.01427807	0.00061389	0.000592415	0.00011783	0	0.008294931	0.002437618	0.000197648	0.000618511	0.000672789	0.00118379	8.63217021977375E-05	0.00035263	0.000954525	0.000779428	0.000368511	0.00000818	0.000486144	0.000580855	0.000007745	6.71414290231441E-05	9.81045533074679E-06	8.01236601863587E-05
A[Ins(C):R2]G	0.00002373125	0	5.95347720201738E-05	0.000130496	0.000015065	0.00001138	0	0.00002123	0.000195888	0.00012711	0.00005303	0.00010268	3.07342173378808E-05	0.00004548046875	0.0000033065625	2.47379767043942E-05	0.000102557	0.00123235	9.0156322127731E-05	0.00002453	0.00003044	0	0.002764977	0.001559468	4.00075551042784E-05	7.66369603899868E-05	0.000143085	0.00013851	6.67074755087643E-05	0.000422421	0.000119325	0.000052295	0.000669761	0.00000678	9.52779743196748E-05	9.2185063929428E-05	0.000000925	1.24740230419218E-06	6.49267574200813E-06	2.52661830395904E-05
A[Ins(C):R2]T	0.000153365	0.00010605	4.91340143023637E-05	0.000137757	0.0000367175	0.00000009	0.00004963	0.00026668	0.000578138	0.00023798	0.00001908	0.00097247	0.00023824	0.000242548	0.0000235603125	0.000175693	0.000273626	0.0167273	0.001326158	0.000534595	0.00033943	0	0.006451613	0.001136568	5.03963057699221E-05	0.000451363	0.000635991	0.00041335	0.000123518	0.000790009	0.000567955	0.000616533	0.000461999	0.00006504	0.000963117	0.00087775	0.00000842	7.22401859415297E-05	1.42188681149934E-05	0.000123809
A[Ins(C):R3]A	0.000350756	0.00006684	0.000335738	4.79481055395801E-05	0.0000674975	0.00001727	0.0002225	0.00019026	0.001020383	0.000196045	0.00019185	0.00033732	0.000247098	0.00013292	0.000128164	0.000201923	0.000237512	0.00431881	0.000551061	0.00025536	0.00057831	0	0.001843318	0.008519968	9.37384090712255E-05	0.000663648	0.000866041	0.00127476	0.000142437	0.000289375	0.000487895	0.00035975	0.008580349	0.00016676	0.000490548	0.000491154	0.00001932	7.2021890538296E-05	2.36806354289071E-05	0.000185229
A[Ins(C):R3]G	0.00003936	0	2.50626954370641E-05	6.30564074928412E-05	0.0000305575	0.00000045	0.00000777	0.00011383	0.000646403	0.000011395	0.00007763	0.000015	9.0095694338647E-05	0.0000605121875	0.0000379859375	9.60776490915726E-05	7.24231505353855E-05	0.00093104	0.000135116	0.00005778	0.0000344	0	0.001843318	0.000879953	0.00013691	0.000155163	0.000140658	0.00008571	3.0588853526851E-05	0.000118617	0.00003159	0.00004919	0.001279117	0.00000611	8.9244540589669E-05	0.000407217	0.0000195	3.74220691257654E-06	1.97441312388707E-05	3.80305893367373E-05
A[Ins(C):R3]T	0.000244904	0.00003245	0.000110208	0.000214538	0.00016358	0.00000431	0.00018124	0.00022085	0.000608893	0.00026113	0.00027531	0.00024803	0.000273949	0.000064096875	0.0000511440625	0.000147814	0.000161748	0.00488331	0.000262532	0.000236695	0.00010533	0	0.000921659	0.002528657	5.15241210037294E-05	0.00034208	0.000282628	0.00034415	0.000190963	0.000500039	0.000130315	0.000173933	0.000788569	0.00002508	0.000646965	0.000945096	0.000015195	4.10707208655276E-05	2.80051533519608E-05	0.00020721
A[Ins(C):R4]A	0.000499851	0.0003109	0.000319415	0.000884295	0.00011718	0.00004839	0.00030028	0.00037234	0.001306158	0.00015906	0.00032206	0.00007678	0.000333163	0.000061930625	0.000295116	0.00013657	7.92113270212104E-05	0.00188543	0.000229027	0.000248255	0.00021303	0	0	0.001381652	7.57306037595076E-05	0.000585015	0.000485281	0.00100927	9.05618989305539E-05	0.000336863	0.00022083	0.00021986	0.003654463	0.00008156	0.000164361	0.000598383	0.000111235	0.000129792	0.000278058	0.000319968
A[Ins(C):R4]G	0.000173376	0.00001149	3.84549754416022E-05	3.69461625787439E-05	0.000006675	0.00004555	0.00008967	0.00012413	0.000300044	0.0000448025	0.00009797	0.00003531	7.63813363762566E-05	0.00003123796875	0.000233666	7.04632207401717E-05	8.58549796054374E-05	0.0001741	0.000134926	0.000048265	0.00007732	0	0	0.000468256	9.71575882893447E-05	6.75381206279781E-05	0.0000535375	0.00005697	7.56867156488462E-05	0.000186577	0.000073775	0.0000319525	0.000289012	0.0000066	0.000136868	0.00027215	0.00007311	3.75468093561846E-05	0.000142692	0.000102975
A[Ins(C):R4]T	0.000422032	0.00026071	0.000122218	9.75011222756605E-05	0.0000608575	0.00003174	0.00009005	0.00042284	0.000662251	0.00004594	0.000138	0.00008254	0.000185472	0.0000801565625	0.000116982	8.76260629364479E-05	3.82454712521043E-05	0.00167935	0.000812738	0.000059425	0.00008794	0	0.000921659	0.000906019	2.98403650179837E-05	0.00015381	0.000280511	0.00013579	6.24619718964324E-05	0.000242827	0.00010469	0.00007284	0.000515142	0.0000081	0.000211572	0.000507322	0.00006952	0.00023632	4.46477964411058E-05	0.000125012
A[Ins(C):R5]A	0.000452017	0.00048491	0.000187675	0.000265961	0.000039445	0.00016113	0.00022724	0.00091122	0.001055744	0.0001968	0.00038895	0.00001639	0.000510592	0.00007972765625	0.000329726	8.96589364662547E-05	0.000127271	0.00113634	0.000170712	0.00025935	0.00009129	0	0	0.000219565	0.000413804	0.000349234	0.000506541	0.00076972	7.59096045884936E-05	0.000303612	0.00011218	0.000110508	0.00436406	0.00001893	0.0002454	0.000460972	0.00012326	0.000226248	0.000141929	0.000258556
A[Ins(C):R5]G	0.00005788625	0.00002841	3.72027102983207E-05	2.09413240260585E-05	0.000004665	0.00002096	0.00004764	0.00017631	0.000187076	0.0000253225	0.00003632	0.00003279	0.000143274	0.000027349375	0.0000561559375	4.17637802578481E-05	3.14606299332393E-05	0.00002206	0.000288434	0.00001688	0.00010504	0	0	3.33336338824913E-06	1.01073705422013E-05	5.83699427680772E-05	0.000042793125	0.00003831	2.34511005786181E-05	0.000272915	0.00009329	0.0000046475	0.000539585	0.00008486	0.000270549	0.000142613	0.000030155	8.57589084132124E-06	2.05319564197604E-05	4.04793347296525E-05
A[Ins(C):R5]T	0.000198486	0.00016293	0.000388967	0.000434809	0.00016712	0.00011262	0.00010429	0.00018181	0.000282558	0.0000823875	0.00036159	0.00003852	0.000139296	0.0000385015625	0.000180387	5.53447115289336E-05	9.90922572694919E-05	0.00025049	0.000296085	0.00007428	0.00015198	0	0	0.000656837	1.43888503964766E-05	6.81017101485095E-05	0.000082051875	0.0000648	0.000100932	0.000339763	0.00002186	0.00010917	0.000105521	0.00017226	0.000210537	0.000189525	0.000075075	0.000275489	4.75919817260947E-05	0.000193057
A[Ins(C):R6]A	0.000535516	0.00025932	0.001052659	0.000842977	0.000104213	0.00038091	0.00074862	0.00018073	0.000415445	0.000317095	0.00051557	0.00002848	0.000281152	0.000137242	0.000257393	5.18051382070849E-05	0.000100805	0.00030071	0.000550015	0.00022992	0.00004977	0	0	8.90718413581325E-06	8.01117044820816E-05	0.000452878	0.000482352	0.00040923	0.000288079	0.000159593	0.00012483	0.000229213	0.001366803	0	0.000621192	0.000551658	0.00018099	0.000312007	0.000116012	0.000557621
A[Ins(C):R6]G	0.000159056	0.00000293	7.25792005960226E-05	4.1063589924248E-05	0.000037355	0.00002112	0.0001036	0.00005536	0.00005414	0.0000738975	0.00016483	0.0000234	2.97101140539726E-05	0.0000170996875	0.000099408125	2.48287100326706E-05	4.12293339589425E-05	0.00001639	0.000160637	0.000120985	0.00000263	0	0	7.59569690109228E-06	2.14726202725378E-05	6.35949366886378E-05	0.00005495	0.00012545	4.80007252169271E-05	0.000113337	0.00000139	0.000097055	0.000166331	0.00011222	0.000136496	0.000214411	0.000059985	9.6673678574894E-06	2.33201496972188E-05	0.000170427
A[Ins(C):R6]T	0.000358863	0.00018409	0.000470678	0.000200603	0.0000752425	0.00019655	0.00019322	0.00020356	0.00025777	0.0000964275	0.00004668	0.00000451	0.000114641	0.000136094	0.000183403	5.44943718317076E-05	3.3199363641695E-05	0.00005192	0.000313955	0.000075395	0.00018321	0	0	0.000224046	0.0001716	5.40542032321056E-05	0.0000334925	0.00015537	8.43740774155802E-05	7.77822753047558E-05	0.000121775	0.0000855775	0.000141741	0.00000122	0.000431773	0.00107468	0.00008543	0.000212433	4.49440501696933E-05	0.000359139
A[Ins(C):R7]A	0.002120394	0.00006217	0.003529422	0.002778821	0.00095136	0.00019677	0.00156138	0.00048166	0.00016191	0.000232218	0.00022239	0.00003744	0.000396336	0.000168051	0.000752585	0.000206541	6.83775930129622E-05	0.00015575	0.001562028	0.00013204	0.00075384	0	0	9.94544486330068E-06	7.55041667352788E-05	0.000723572	0.000582279	0.00098432	0.000514518	0.000527973	0.000301175	0.000564415	0.001612769	0.00043638	0.000934991	0.000760585	0.000391935	0.000143825	0.000674363	0.002309416
A[Ins(C):R7]G	0.000525438	0.00000249	0.000560215	0.000397199	0.00022117	0.00006318	0.00033024	0.00003441	0.00000776	0.000150273	0.00001846	0.00000023	3.30917607812849E-05	0.00003388890625	0.000289661	6.5043115437684E-05	2.72249678940986E-05	0.00004479	0.000495551	0.00010292	0.00031445	0	0	7.65034220253898E-06	0.000105632	0.000112016	0.000065654375	0.00016838	8.66507287276932E-05	5.55642348543243E-05	0.0001259	0.000160438	0.000400637	0.0000007	0.000622117	0.000379754	0.0001552	5.80509847313436E-05	0.000174556	0.000667622
A[Ins(C):R7]T	0.000561824	0.0000546	0.000317823	0.000388931	0.000221928	0.00007626	0.00043802	0.00010567	0.000118399	0.000111048	0.00014776	0.00000866	8.03779018270077E-05	0.00003205875	0.000210308	4.83530083980702E-05	3.02922097749357E-05	0.00003705	0.000485951	0.0000776	0.00020191	0	0	6.44814557071143E-06	5.7417205583744E-05	4.68600368322121E-05	0.000054436875	0.00006151	0.000220023	0.000352994	0.000006275	0.0000250575	0.00010955	0.00023874	0.000115279	0.000184276	0.00011863	7.73077578023104E-05	0.000129395	0.000589312
A[Ins(C):R8]A	0.001831633	0.00000756	0.001016918	0.000912696	0.000668195	0.00001603	0.0007413	0.00026314	0.000177268	0.00033689	0.00012284	0.00000002	0.000190821	0.000024559375	0.000447861	6.36790516280765E-05	4.46734497062542E-05	0.0000977	0.000575632	0.00005623	0.00055122	0	0	1.13115773994684E-05	7.60440722798807E-05	0.000313482	0.0002015	0.00047514	0.000135723	0.000353102	0.000218895	0.000205388	0.000361815	0.00079331	0.000294532	0.000548892	0.000262385	5.00520174557113E-05	0.000254019	0.001912968
A[Ins(C):R8]G	0.000263388	0.00000065	2.51148731513675E-05	6.99409231081733E-05	0.0000272175	0.00000169	0.00008131	0.00001294	0.00000419375	0.00003488	0.00000725	0.00000001	4.63800663328896E-06	0.000026904375	0.0000352409375	1.37668765781291E-05	2.14451235524996E-05	0.00001616	0.000132359	0.000011565	0.00001047	0	0	1.01093807676408E-05	2.0639163862687E-05	8.22104954012778E-05	0.00004508	0.00013758	4.11017818468878E-05	0.000273908	0.000051905	0.0000093475	6.16330611240797E-05	0	4.80764111052628E-05	0.000159672	0.000051325	6.54886209700895E-06	5.82676028128935E-05	0.000284726
A[Ins(C):R8]T	0.000475466	0.00000008	5.25690471606705E-05	0.000188206	0.000234905	0.00001862	0.00025106	0.00007539	0.00000017625	0.000128368	0.00002803	0	7.01498839894878E-05	0.0000040565625	0.0000767784375	2.75946570869889E-05	3.22821927277078E-05	0.00002713	0.000108929	0.00000465	0.0001029	0	0	1.22405475240624E-05	4.8031725148166E-05	7.6085055127459E-05	0.000059343125	0.00006396	0.000108839	0.000270856	0.000076975	0.00014036	8.98623543557855E-05	0	8.25373734264792E-05	0.000315922	0.000109725	2.77391087394736E-05	9.60871440672195E-05	0.000564419
A[Ins(C):R(9,)]A	0.000432585	0	3.79331982985682E-05	1.48758665385955E-05	0.000141413	0.00000875	0.00009162	0.00000923	0.0000401125	0.0000766275	0.00011117	0.00000001	8.38110957635649E-06	0.00006955203125	0.0000128528125	2.20800469527694E-05	1.40688459594029E-05	0.00002443	3.45036846941132E-05	0.0000083	0.00032715	0	0	1.56832015152049E-05	3.9403652990394E-05	0.000177755	0.000121413	0.00034375	0.000180604	0.000100843	0.00011604	0.0000127275	0.000223148	0.00011956	0.000198188	0.00016164	0.00002785	7.31289600832666E-06	3.45869673839864E-05	0.000547837
A[Ins(C):R(9,)]G	0.000017768125	0.00000158	2.72193742949378E-06	2.43503767744867E-07	0.00000858	0	0.00001064	0.00000021	0.0000025425	0.0000109875	0.00000065	0.00000008	1.66003109304555E-06	0.000000093125	0.000001821875	4.18295745037656E-06	8.1956169429252E-06	0.00000175	1.26893716437028E-05	0.000001445	0.00000108	0	0	1.63935904340121E-06	3.11178237198454E-06	1.29809735892302E-05	0.000028551875	0.00001398	5.42363086475395E-06	1.17736997731114E-05	0.000004665	0.0000041225	1.82591479253921E-05	0	6.38136174176946E-05	3.98359452669109E-06	0.00000158	6.68919485623057E-06	0	3.0337282066393E-05
A[Ins(C):R(9,)]T	0.000073016875	0	1.65925131484796E-05	2.45606754829936E-05	0.00009507	0.00000081	0.00001879	0.00002698	0.0000459225	0.0000089275	0.00000046	0.00000004	1.12429308474692E-05	0.00000137859375	0.000000504375	9.99528582476787E-06	3.32716255924939E-05	0.00000553	4.94742916894929E-05	0.000003345	0.00000062	0	0	7.26782509241204E-06	1.15656898706979E-05	1.78639973951689E-05	0.0000210975	0.00001144	3.82095325109867E-05	4.03750939588055E-05	0.000004635	0.0000381475	2.5510107057016E-05	0	7.77407936111246E-05	3.30872674805166E-05	0.000007995	4.05405748862459E-06	2.9690915719056E-06	5.62478807649955E-05
G[Ins(C):R0]A	0.000129172	0.00036714	7.02659885952387E-05	0.000118763	0.000138028	0.00000411	0.00004823	0.00010469	0.000891669	0.002206703	0.00224416	0.00006633	0.000322415	0.001719689	0.000454923	0.00035723	0.00020429	0.00000455	0.000237676	0.002783635	0.00032479	0	0.040552995	0.00093367	0.00031896	0.002357027	0.00126514	0.01236621	0.000205053	0.000510499	0.000348675	0.00055569	0.178192425	0.00000288	0.000571346	0.001478945	0.000006325	4.57952570926554E-05	1.03964085018911E-05	0.000153686
G[Ins(C):R0]G	0.000091851875	0	3.8185390584368E-05	6.05881647561546E-05	0.0000277325	0.00000375	0.00003179	0.0002463	0.0008736	0.000212355	0.00025206	0.00012041	0.000198437	0.00009067125	0.00004854125	9.55870236066668E-05	0.000411189	0.00000566	0.000255166	0.000224545	0.00004029	0	0.047926267	0.000220548	2.75832098489623E-05	0.000454225	0.000424301	0.0009889	0.000143917	0.00025943	0.00010403	0.000102833	0.000969593	0.0001056	0.000536785	0.001380901	0.000026265	4.52183335269666E-06	2.90538391168723E-05	0.000120834
G[Ins(C):R0]T	0.000205199	0.00093837	0.000123139	9.60843730815085E-05	0.000107198	0.00006228	0.00000065	0.00069112	0.001241795	0.0000988525	0.00027345	0.0002044	0.000585861	0.00061906	0.000062779375	0.000215711	0.000654548	0.00000822	0.000403541	0.00018686	0.00060382	0	0.023963134	0.000464103	0.000132077	0.00090121	0.000718053	0.00154829	0.000151724	0.000470072	0.00008301	0.000823608	0.006121892	0.00001727	0.001296002	0.001806021	0.000021685	3.84043984403168E-05	1.43958338378222E-05	0.000102103
G[Ins(C):R1]A	0.000249706	0.00002553	0.000244148	0.000502857	0.00014372	0.00001387	0.00002318	0.00089751	0.000517141	0.001140585	0.00166799	0.00055755	0.000538671	0.000750717	0.000184173	0.000313062	0.000624937	0.02242948	0.000994143	0.000706955	0.00056029	0	0.016589862	0.002079363	0.000471555	0.001250392	0.000713731	0.00342227	0.000398817	0.000381055	0.00054425	0.00028731	0.038219263	0.00015724	0.000751655	0.001613028	0.000006755	3.96206156869041E-05	1.7640205423017E-05	8.72988266419501E-05
G[Ins(C):R1]G	0.000076051875	0.00000828	5.71345971622176E-06	2.31992680542382E-05	0.000034945	0.00000334	0.00000515	0.00000629	0.000360685	0.000259375	0.00056865	0.00003112	2.96050092238013E-05	0.00002205109375	0.00001983625	8.21800336542179E-05	4.34372144864315E-05	0.0034341	0.000179125	0.000077345	0.00003426	0	0.011059908	8.74324823147313E-06	1.28475561076771E-05	0.000305305	0.000246594	0.00045249	7.65145888532509E-05	0.000134376	0.000150495	0.000016725	0.005574494	0	0.00013904	0.000231002	0.00000161	1.07588448736576E-06	0	3.03098094892053E-05
G[Ins(C):R1]T	0.000139653	0.0000408	0.000227556	0.00020555	0.000295345	0.00000427	0.00000223	0.00040799	0.000728431	0.00036236	0.00118268	0.00039997	0.000456483	0.000566118	0.000101721	0.000219614	0.000596973	0.02908475	0.000178887	0.00076817	0.00053531	0	0.017511521	4.97272243165034E-06	4.73548698194669E-05	0.000485529	0.00067718	0.00146148	0.000255388	0.00073598	0.000528425	0.000485498	0.012255595	0.00000138	0.001616176	0.000422964	0.00001546	9.54262762707018E-06	6.76271232647284E-06	8.52681353057328E-05
G[Ins(C):R2]A	0.000069846875	0.00000342	0.000236548	0.000376158	0.000007425	0.00000958	0.00001474	0.00050127	0.000475396	0.000209273	0.00033113	0.00069474	0.000309675	0.000307753	0.0000444484375	0.000206206	0.000146363	0.01121465	0.000385291	0.00027426	0.0001018	0	0.00921659	0.0015475	3.40822533341472E-05	0.000398744	0.0007431	0.00088718	0.000167061	0.000218753	0.000503575	0.0000228225	0.004217692	0.0000537	0.000466978	0.000255372	0.000005335	5.05197933197833E-06	2.97171328631788E-06	7.93342588439089E-05
G[Ins(C):R2]G	0.000079329375	0	1.82100222918849E-05	9.19558773829251E-05	0.000039975	0	0.00000571	0.00006186	0.000313356	0.000132033	0.00008466	0.00005494	7.07058457440915E-05	0.00003451734375	0.00001558	5.23502560687379E-05	7.0747784999169E-05	0.00196843	0.000415518	0.000048735	0.0000884	0	0	0.000660716	4.47278213092762E-05	0.000216588	0.000158669	0.00015452	0.00016057	9.31388840927182E-05	0.000049895	0.0000606225	0.002096848	0.00022728	0.000272309	0.000113368	0.000005315	1.07588448736576E-06	8.5245044115241E-06	3.0365568629085E-05
G[Ins(C):R2]T	0.000079525	0.00001375	7.56663820256401E-05	7.3228223972729E-05	0.0000121675	0.00002739	0.00001732	0.0003651	0.000628588	0.000268978	0.00028985	0.00079061	0.000481507	0.000204718	0.00004088375	0.000295542	0.000243712	0.01529763	0.000321702	0.00042824	0.00001954	0	0.005529954	0.000247926	3.81805250136584E-05	0.000385477	0.000291604	0.00052546	5.6725235140269E-05	0.000122447	0.00071872	0.00009334	0.002676404	0.00000114	0.00069658	0.000942097	0.0000182	4.16632369600188E-05	1.14673788393069E-05	6.55563214591073E-05
G[Ins(C):R3]A	0.000132497	0.00004627	0.000179952	0.000295193	0.00013239	0.00002616	0.00004738	0.00025753	0.000752675	0.000117645	0.00002766	0.00031293	0.000147931	0.000190062	0.0000788809375	0.000105577	0.000130152	0.00312881	0.000213771	0.00008941	0.00008122	0	0.000921659	0.003547027	8.64821926088751E-05	0.000392592	0.000437086	0.00039321	0.000210354	0.000183791	0.00026518	0.00003096	0.000719856	0.00007593	0.000291515	0.000311658	0.00002074	2.86278828812105E-05	1.29709320547487E-05	6.45365259321667E-05
G[Ins(C):R3]G	0.000040849375	0	2.21146545789223E-05	0.000104983	0.00002751	0.00001252	0.00000719	0.0000544	0.000495194	0.000132568	0.00024933	0.00001725	6.14287666659525E-05	0.000125998	0.0000731640625	0.000112562	3.57463194767793E-05	0.00054409	0.000503535	0.00003792	0.00002992	0	0	0.000718367	9.54593103827493E-06	0.000116103	0.0001481	0.00013597	4.98952812039302E-05	6.32968995767548E-05	0.00006095	0.0000030125	0.000985187	0.00000718	0.000130704	0.000268822	0.000014075	7.68711669958431E-06	3.81092406968828E-05	4.26107526138846E-05
G[Ins(C):R3]T	0.000142755	0.00003463	2.53409765800155E-05	9.4966469420498E-05	0.0000278075	0.00002078	0.00003212	0.00023927	0.000582165	0.000065275	0.00008459	0.00025187	0.00021948	0.000103521	0.00006903875	0.000142561	0.000171314	0.00449776	4.41514092022468E-05	0.00008815	0.00016542	0	0.001843318	0.001351979	7.52462900277459E-05	0.000173662	0.000218141	0.00016128	9.70256781803292E-05	0.00073546	0.000187565	0.00003586	0.000472157	0.00015181	0.001399897	0.000456707	0.00000953	5.28274875825389E-05	2.00469392534889E-05	6.78957185718431E-05
G[Ins(C):R4]A	0.000326078	0.00015103	0.000239461	0.000866231	0.0000529175	0.00001416	0.00014364	0.0002282	0.000880198	0.000261298	0.00005631	0.00004545	0.000188038	0.000114976	0.000338556	0.000190151	0.000148758	0.00252605	0.000542506	0.000059435	0.00007709	0	0.000921659	0.001150939	5.69365742112473E-05	0.000271197	0.000507578	0.00021838	0.000131924	0.00016196	0.000240455	0.000187193	0.001363907	0	0.000844842	0.00039536	0.000154195	9.72661946693853E-05	0.000187707	0.000172101
G[Ins(C):R4]G	0.000079293125	0	4.33944657289902E-05	3.84182535382924E-05	0.0000647275	0.00000351	0.00000474	0.00006507	0.000217123	0.00014532	0.00002303	0.00000019	2.21182395996796E-05	0.0000617171875	0.0000936440625	2.42364130543547E-05	6.35660588120696E-05	0.00035927	0.000380966	0.000033535	0.00014813	0	0	0.000224483	1.07711784338568E-05	0.000238362	0.000248206	0.00026045	6.83048462429042E-05	0.000274749	0.00008907	0.00002171	0.001116656	0.00012093	8.6167489387366E-05	0.000168483	0.00002818	8.70063107174046E-06	3.71523149364011E-05	5.33119633888026E-05
G[Ins(C):R4]T	0.000200528	0.00005324	0.000152055	0.000136561	0.000042345	0.00009107	0.00009734	0.00021161	0.000465973	0.00007821	0.00036604	0.00006462	0.000194991	0.00001491328125	0.000135567	4.06096457750216E-05	8.81362338060454E-05	0.00162379	9.49564215135512E-05	0.000030145	0.00000781	0	0	0.00046454	0.000100598	0.00015186	0.000201744	0.0001749	0.000167533	0.000445579	0.000192315	0.000045905	0.000227165	0.00001089	0.000220693	0.000169701	0.00005561	0.000165998	4.86550869202737E-05	0.00012535
G[Ins(C):R5]A	0.000322203	0.00032409	0.000250453	0.000157049	0.0000951375	0.00022509	0.00017188	0.00058991	0.000854698	0.000153903	0.00008454	0.00006111	0.000315386	0.0000815834375	0.000300657	5.5622448524525E-05	0.000102173	0.00045405	0.000118197	0.00007283	0.00017347	0	0	0.000262079	0.000106626	0.000309698	0.000143363	0.00035431	0.00011309	0.00022792	0.000090295	0.00003724	0.001913967	0	0.000907841	0.000766631	0.000105115	0.000264855	4.27667163502958E-05	0.000249839
G[Ins(C):R5]G	0.000040331875	0	0.000129183	0.000104895	0.000026845	0.00001829	0.00001161	0.00017559	0.000107574	0.0000432925	0.00019235	0.00004197	7.90519476205454E-05	0.00002426828125	0.000141229	4.65427041208894E-05	4.60831136079945E-05	0.00002925	0.000105792	0.000096535	0.0000404	0	0	0.000452572	2.5720937456222E-05	0.000129841	0.000209809	0.00020472	4.80962490482045E-05	0.000168254	0.000062825	0.0000087725	0.000427078	0.00002421	0.000153209	0.000239812	0.00005228	1.5077975351923E-05	1.32776726409853E-05	4.52694069492251E-05
G[Ins(C):R5]T	0.000390336	0.00012621	0.000879508	0.000353822	0.000035925	0.00016328	0.00020714	0.00005834	0.000248425	0.000109168	0.00048001	0.00006424	0.000112767	0.00003381140625	0.000433968	4.09630284412918E-05	3.2984801233938E-05	0.00054213	0.000361528	0.000268055	0.00011561	0	0	1.03279619734276E-05	3.07427693613661E-05	0.000222333	0.000143716	0.00008404	0.000155136	0.000136406	0.00011237	0.0000306825	0.000274986	0	0.000425005	0.00011229	0.000178815	0.00019946	3.63290966109456E-05	0.000227824
G[Ins(C):R6]A	0.000792049	0.00040993	0.001127352	0.000659563	0.00016721	0.00040298	0.00072205	0.00053183	0.000461916	0.000138785	0.00057141	0.0000484	0.000378123	0.000141787	0.000586097	0.00010868	6.47589368614129E-05	0.00010128	0.000971996	0.000390835	0.00017219	0	0	7.92356870977252E-06	8.39824071711622E-05	0.000268716	0.000145331	0.00054525	0.000558093	0.000190382	0.000077215	0.00008572	0.001916409	0.00001872	0.000335851	0.000779847	0.000247965	0.000360484	7.99400050019951E-05	0.0007764
G[Ins(C):R6]G	0.000205033	0.00000272	0.000460147	0.000300373	0.0000443	0.00005332	0.00018639	0.00005126	0.000251555	0.000239573	0.00033003	0.00027008	7.80523503815243E-05	0.00003260734375	0.000381484	5.1767650363631E-05	7.95882008876851E-05	0.00003519	0.000103464	0.000348635	0.00016906	0	0	7.54105159964557E-06	2.41351182694167E-05	0.000148119	0.000111373	0.00017308	7.76874092261576E-05	0.000154423	0.000098195	0.000109048	0.000112983	0	0.000576595	0.001232571	0.00019058	6.26195956704475E-05	6.49215139912568E-05	0.000374519
G[Ins(C):R6]T	0.000459748	0.00014381	0.000525386	7.305113032346E-05	0.0000622225	0.00026999	0.00027497	0.00011574	0.000179086	0.00006926	0.00019036	0.00013008	0.000142942	0.00006268875	0.000479481	0.000107217	3.27835794940208E-05	0.00008405	0.000184875	0.00017495	0.00011661	0	0	0.000235029	6.47229063755356E-05	0.000119879	0.0000463625	0.00017512	4.81970797589974E-05	9.48100742119405E-05	0.000097195	0.000147013	8.43167798375251E-05	0.00037093	0.000290902	0.000238406	0.00023566	0.000234543	7.61608036766954E-05	0.000398247
G[Ins(C):R7]A	0.001908935	0.00006838	0.001741101	0.001504687	0.000413753	0.00029496	0.00127317	0.00006274	0.000167631	0.000277508	0.00032616	0.00008189	0.000207981	0.000144174	0.000968113	0.000110792	5.26689566315822E-05	0.00011035	0.000271895	0.000238325	0.00005513	0	0	8.68860293002642E-06	0.000178074	0.000297656	0.000152932	0.00047177	0.000205965	0.000166125	0.00038196	0.000246958	0.003473698	0.00011757	0.000201557	0.00065898	0.00045482	0.000127718	0.000253473	0.002056514
G[Ins(C):R7]G	0.000579458	0.00002476	0.000208163	0.000259697	0.0000772	0.00008807	0.00035816	0.00009195	0.00001785375	0.0000356175	0.00014791	0.00007928	8.75392589325673E-05	0.000007688125	0.000313926	6.32508440699923E-05	6.0892366632507E-05	0.00005671	0.00032308	0.000132995	0.00005726	0	0	3.33336338824913E-06	3.35681945257668E-05	0.00017366	0.000087189375	0.00060186	0.000224566	0.000161062	0.000086715	0.000171963	0.00189996	0.0000019	8.56546475203156E-05	0.000216051	0.00017645	0.000137448	0.00012949	0.000820432
G[Ins(C):R7]T	0.000618004	0.0000609	0.000838557	0.000568626	0.0000680025	0.00020231	0.00026265	0.0001505	0.00000277125	0.000149313	0.00029322	0.00003017	6.10019778255947E-05	0.00003614640625	0.000364819	5.61693515601709E-05	3.71415309883597E-05	0.00006223	0.000191814	0.000005865	0.00018875	0	0	2.89620097667547E-05	4.51507386678497E-05	0.000108634	0.000035981875	0.00005237	5.35145730334431E-05	0.000309927	0.000067895	0.000067085	0.000253369	0.00036292	0.000109507	0.000185401	0.000194095	0.00019698	0.000111563	0.0006791
G[Ins(C):R8]A	0.001354013	0.00001461	0.00038615	0.000617703	0.000305038	0.00003439	0.00044283	0.00017394	0.0000526325	0.0000998	0.00012172	0.0000674	6.92767175522193E-05	0.0000712203125	0.000534957	8.81413048308082E-05	5.54816141011428E-05	0.00004669	0.000897286	0.000134795	0.00028926	0	0	1.33880988544432E-05	0.000147998	0.000318606	0.000187433	0.00020658	0.000288604	0.001494216	0.00011144	0.000180648	0.000931803	0.00000414	0.000444684	0.000319719	0.000218065	0.000116055	0.000403862	0.001899283
G[Ins(C):R8]G	0.000296041	0	3.9646366584863E-05	4.28234580638586E-05	0.000120578	0.00001342	0.00010792	0.00000072	0.0000035825	0.00004433	0.00004434	0.00000371	5.09451716170637E-06	0.0000120396875	0.00007458375	2.37392022611283E-05	1.44690659945973E-05	0.00002401	0.00016192	0.000121655	0.00008968	0	0	6.88530798228509E-06	5.30347331234758E-05	6.03803068986764E-05	0.00002167875	0.00007865	0.000134222	8.6926616591521E-05	0.000007055	0.0000037925	9.50712616346893E-05	0	5.24305391137503E-05	0.000198242	0.000067005	2.78950340274976E-05	5.10172516057368E-05	0.000397409
G[Ins(C):R8]T	0.000318084	0.00000116	0.000132514	1.91039774148927E-05	0.000101483	0.00000344	0.0001608	0.00000128	0.00007004	0.000017125	0.00000632	0.00000029	1.74756776870191E-05	0.00001550609375	0.000103508	2.57281469177218E-05	2.30649029727169E-05	0.00002685	0.000432579	0.00000406	0.00026846	0	0	1.6229654529672E-05	5.3208858481182E-05	5.22677118942022E-05	0.000024741875	0.00005047	4.78574394700109E-05	8.80989932353272E-05	0.0000238	0.0000312025	6.43079394765557E-05	0.00022493	4.9695382489481E-05	0.000150767	0.000069325	2.46673805654004E-05	0.000138077	0.000378501
G[Ins(C):R(9,)]A	0.00023595	0	4.13160534425717E-05	6.02450458106959E-05	0.0000275975	0.00000297	0.0000102	0.00000272	0.00000028875	0.000039475	0.00000058	0.00000003	1.26664889512593E-05	0.000008618125	0.0000227709375	1.81690004050127E-05	1.91271825153321E-05	0.00001878	4.76207879662554E-05	0.000010045	0.00005495	0	0	4.59020532152339E-06	2.50696418915143E-05	7.61843139945786E-05	0.000074231875	0.00004126	5.47563828400501E-05	0.000130655	0.00004217	0.0000509675	7.37717164767987E-05	0.00000702	7.40201761442877E-05	0.000224019	0.00003447	6.75156497144018E-06	3.18289238222692E-05	0.000255546
G[Ins(C):R(9,)]G	0.000043975625	0	8.72237457438421E-06	3.39798439534882E-06	0.000004675	0	0.00000155	0.00000581	0.00000304375	0.0000081925	0.00002729	0.00000655	8.36346192739922E-06	0.00002261453125	0.000003946875	1.40254757993717E-05	1.8703616311418E-05	0.00000226	0.000138395	0.00000457	0.00007905	0	0	2.67761977088864E-06	8.28785934436988E-05	4.14013996632941E-05	0.0000540725	0.00004846	4.43602058693525E-05	4.92958581411715E-05	0.000035275	0.00004096	0.000123436	0	9.48858011272244E-05	0.000133755	0.000007025	3.27443104850447E-07	3.06740586236605E-06	4.18209771470104E-05
G[Ins(C):R(9,)]T	0.0000724275	0	3.53243125833985E-05	8.32340151564271E-06	0.00002444	0	0.00000685	0.00003647	0.0000005625	0.00003053	0.00009519	0.00000082	1.13875916192617E-05	0.00000043890625	0.000006030625	1.24053815570981E-05	1.42433863636405E-05	0.00000221	7.68491159096157E-05	0.000001455	0.00011414	0	0	4.21861727168578E-05	7.0825925193985E-06	3.26924730898929E-05	0.0000074225	0.00002122	6.36347922693391E-05	3.60108941698835E-05	0.00000067	0.0000339825	0.000152258	0.00008114	9.52478071510248E-05	1.00292850436693E-05	0.00000449	5.41060749443358E-06	0	8.00711466072833E-05
T[Ins(C):R0]A	0.000213419	0.00013461	0.000146515	0.000188538	0.000196498	0.00000451	0.00002296	0.00028743	0.000457118	0.000344943	0.00101868	0.00010852	0.000381092	0.000326332	0.0000411990625	0.000438062	0.000307615	0.00001901	0.000538086	0.001062765	0.00088721	0	0.020276498	0.004673703	3.80743249075071E-05	0.000904876	0.001106664	0.00146046	0.000358772	0.000282035	0.000470605	0.001188058	0.000759376	0.00018925	0.000193995	0.001576566	0.00002143	4.42827817988224E-05	1.42817892608881E-05	0.000227533
T[Ins(C):R0]G	0.00009318	0.00002506	2.72106780092205E-05	0.00050672	0.000202508	0.00000369	0.00000358	0.0001282	0.001016175	0.00017429	0.00087535	0.00011684	0.000170248	0.00019519	0.000024060625	0.00019378	0.000266395	0.00000886	0.000234967	0.00040452	0.00024878	0	0.066359447	0.00046913	4.30496682869111E-05	0.00057487	0.000500404	0.00076365	0.000378189	0.000138256	0.000173425	0.000197635	0.000379244	0.0003132	0.000994994	0.000944955	0.00002702	3.96518007445089E-05	1.42739241176512E-05	6.2759534093841E-05
T[Ins(C):R0]T	0.00178728	0.00163279	0.001171285	0.002014772	0.000796278	0.00000855	0.00033078	0.00344472	0.002241883	0.001524808	0.00254483	0.00038637	0.003016486	0.000433625	0.000535682	0.001646205	0.002943169	0.00027261	0.000397553	0.009586465	0.0087803	0	0.033179724	0.000434758	0.001314287	0.003016092	0.001669303	0.00548094	0.000578604	0.000264351	0.000872995	0.020919288	0.001211759	0.00038307	0.000347465	0.003395944	0.00008922	0.0001471	8.55045938420566E-05	0.00135774
T[Ins(C):R1]A	0.000436262	0.00008139	0.000224825	0.000320318	0.00025715	0.00001276	0.00008797	0.00082029	0.000370739	0.000959025	0.00071226	0.00163283	0.000735672	0.000291981	0.0000653603125	0.000402633	0.001141848	0.02773691	0.000585897	0.00103784	0.00046992	0	0.021198157	0.003194018	0.000528253	0.000763882	0.000869614	0.00092169	0.00011456	0.000347356	0.00151299	0.00063111	0.000398062	0.00053775	0.001098296	0.003077678	0.00002666	3.0233913347858E-05	4.57620250663242E-05	0.000141471
T[Ins(C):R1]G	0.000061804375	0.0000175	7.32053331676633E-05	0.000113882	0.00002703	0.00000432	0.00000551	0.00000918	0.000239189	0.000102095	0.00004372	0.0001144	1.96122563701951E-05	0.00004186390625	0.000008224375	4.60013888185609E-05	6.29835163163977E-05	0.00351796	0.000285154	0.00006817	0.00004965	0	0.013824885	0.000249292	1.94893533608493E-05	0.000189207	0.000185576	0.00009333	4.83085242288211E-05	0.000225946	0.000155625	0.000069915	0.000225191	0.00007396	0.000246335	0.000109713	0.000001125	6.81393508664979E-06	3.02021500294503E-06	2.04531683411728E-05
T[Ins(C):R1]T	0.000577642	0.00029169	0.000667396	0.000874356	0.000908863	0.00002638	0.00004327	0.00124417	0.000899708	0.000885895	0.00039177	0.0015851	0.000892154	0.000518783	0.000112192	0.000628956	0.001066414	0.03256169	0.000587798	0.002324935	0.00114265	0	0.025806452	0.00184947	0.000217733	0.002578296	0.001883438	0.0031738	0.000441012	0.00044045	0.000593245	0.00206414	0.001956467	0.00029721	0.002519632	0.002177105	0.000037835	6.17931916439202E-05	8.44113389321364E-05	0.000307378
T[Ins(C):R2]A	0.000187154	0.00011373	0.000147898	0.0001007	0.000232775	0.00003317	0.00006973	0.00029724	0.000411811	0.000653123	0.00051529	0.00148821	0.000468337	0.0000925184375	0.00004337875	0.000294349	0.000415551	0.01721682	0.000358724	0.000560435	0.00022339	0	0.012903226	0.000468529	0.000609953	0.000717469	0.000456721	0.00042371	8.80570517992781E-05	0.000406096	0.00104319	0.000148985	0.000615753	0.00024447	0.00045473	0.001030204	0.000030405	0.000144153	9.59023132011538E-06	8.58764799555918E-05
T[Ins(C):R2]G	0.000081031875	0.00000496	1.37140425760757E-05	0.000129655	0.0000382475	0	0.00000786	0.00002827	0.000109828	0.000222105	0.00011487	0.00011837	2.55021977549732E-05	0.00006720296875	0.000007619375	3.03714263311638E-05	0.000154662	0.00198441	0.000187632	0.000061545	0.00000239	0	0.000921659	9.39899184883361E-06	2.78413058960584E-05	0.0001231	0.00009143375	0.00019147	0.000170096	9.56442337722252E-05	0.00012589	0.0000951425	6.79975422098369E-05	0.00015641	0.000203447	0.000418137	0.00000304	1.4033275922162E-06	6.52806888657389E-06	2.33543281961469E-05
T[Ins(C):R2]T	0.00055393	0.0003693	0.000164925	0.000481274	0.000241278	0.00009835	0.00009072	0.00069404	0.000638304	0.000367925	0.00007439	0.00145326	0.000533363	0.000337508	0.000073493125	0.000277997	0.000576559	0.02032373	0.000978222	0.0009487	0.00028516	0	0.00921659	0.001565643	5.71367738038761E-05	0.000946673	0.000826454	0.0008865	0.000434007	0.000268276	0.00122237	0.000389818	0.000305439	0.00021943	0.001942937	0.000966467	0.00002891	0.000225281	2.57373703853397E-05	0.00019294
T[Ins(C):R3]A	0.000216326	0.00012719	0.000203415	0.00027786	0.0000898125	0.00009402	0.00010336	0.000896	0.001593451	0.000283743	0.00055621	0.00037879	0.000561322	0.0000502075	0.0000774940625	0.000244813	0.000114524	0.0089375	0.000350217	0.00022943	0.00006391	0	0.002764977	0.002067669	7.71937145664487E-05	0.000494066	0.000703989	0.00056802	5.83385265129551E-05	0.000155563	0.000676365	0.000219248	0.002319715	0.00011491	0.000794664	0.000260386	0.00001452	0.000222692	1.16351685616927E-05	0.000154888
T[Ins(C):R3]G	0.000116324	0.0000004	1.33487985759519E-05	5.85405194364818E-05	0.0000475525	0.00000944	0.00002991	0.00011486	0.000795541	0.00005695	0.00000834	0.00012432	0.000120293	0.00000286953125	0.0000421578125	4.74668026289512E-05	2.80398603546472E-05	0.00105251	0.000549825	0.00004499	0.00011056	0	0	0.000252024	7.98833555496245E-05	0.000137535	0.000215937	0.00005625	2.99467211054858E-05	0.000187802	0.000211585	0.0000115475	0.000122276	0.00000288	0.000246164	0.001118359	0.000016645	1.50467902943182E-05	4.22620363259322E-05	2.51069139976727E-05
T[Ins(C):R3]T	0.000528967	0.00034083	0.000339668	0.000452685	0.000365218	0.0001236	0.00015691	0.00048969	0.001078323	0.0000578725	0.00003676	0.00068728	0.000449216	0.000152024	0.0000585540625	9.01075796591572E-05	0.000182796	0.010199	0.000240908	0.000384355	0.0001173	0	0	0.001652365	9.20725243209024E-05	0.000661664	0.001206562	0.00066251	0.000117622	0.000577376	0.000344905	0.000371103	7.76041397668273E-05	0.00002883	0.000385134	0.000273743	0.000033125	0.000172812	7.48499464705561E-06	0.000261781
T[Ins(C):R4]A	0.000646033	0.0001083	0.000502732	0.001601712	0.00051559	0.00006031	0.00040905	0.00072332	0.002126914	0.00070385	0.00056345	0.00004771	0.000571562	0.000192501	0.000824694	0.000114688	9.40594903269224E-05	0.00222064	0.000303072	0.00008569	0.00036669	0	0.001843318	0.001113234	0.000132869	0.000392907	0.000248228	0.00035344	0.000201396	0.000937125	0.000185605	0.000384395	0.003127958	0.00001238	0.000613721	0.000442929	0.000328715	0.000144496	0.00054133	0.000780021
T[Ins(C):R4]G	0.00008165125	0.00002004	3.62374225837079E-05	6.41521744476931E-05	0.000101225	0.00003527	0.0000267	0.00004136	0.00018666	0.00010566	0.00017844	0.00005947	4.0131015145309E-05	0.0000358903125	0.0000690709375	4.93663272660078E-05	4.61286942231138E-05	0.00061878	0.000434005	0.000015975	0.00000711	0	0.000921659	0.000228581	3.33471212869114E-05	0.000190011	0.000213153	0.00013265	4.54958780856513E-05	0.000202175	0.000028855	0.0000163925	0.000496399	0.00000213	0.000144591	0.000250779	0.000040185	2.28898322819265E-05	2.17169713341104E-05	5.98620316656289E-05
T[Ins(C):R4]T	0.000505103	0.00015899	0.000328989	0.00053521	0.000357913	0.00007963	0.00035202	0.00026596	0.001247243	0.00014854	0.00027023	0.00019567	0.000188694	0.00006558921875	0.000398243	6.73960374500933E-05	0.000146581	0.00229981	0.000392753	0.000149805	0.00017957	0	0	0.00112001	0.000418774	0.0004583	0.000644219	0.00025955	0.000362168	0.000220697	0.000170905	0.00029982	0.000558106	0.00008831	0.000620438	0.000426338	0.00013226	0.000243633	0.000226624	0.000478159
T[Ins(C):R5]A	0.000439654	0.00036565	0.000827704	0.000379501	0.000149283	0.00025499	0.00029194	0.0003767	0.001374133	0.000250105	0.00032944	0.00010308	0.000381559	0.0000859471875	0.000284215	0.000110443	8.42996800797792E-05	0.00106746	0.000385814	0.0001702	0.00002215	0	0	6.28420966637131E-06	0.00010269	0.000445419	0.000247243	0.00091466	6.91114919292472E-05	0.000380038	0.000038555	0.0001538	0.007282616	0	0.000172305	0.001144932	0.000141345	0.000467386	0.00025904	0.000371761
T[Ins(C):R5]G	0.00007622375	0.00002168	0.000149994	8.03230382965681E-05	0.00009973	0.00001607	0.00006551	0.00009961	0.0000860825	0.00007277	0.00031743	0.00002404	5.81102459271494E-05	0.0000521365625	0.000106848	6.61360543055894E-05	5.59863360344158E-05	0.00001275	3.37907986467142E-05	0.000097265	0.00002499	0	0	3.27871808680242E-06	1.50314315878564E-05	0.000165623	0.000085350625	0.00032554	9.06627296413468E-05	0.000358697	0.00007537	0.0000271625	0.001460512	0	0.000188947	0.00015611	0.0000491	8.45115061090202E-06	4.17809517312791E-05	4.50582759661454E-05
T[Ins(C):R5]T	0.000803794	0.00016367	0.001755737	0.000283538	0.00020382	0.00018732	0.00042615	0.00018202	0.000690541	0.000181908	0.00022412	0.00006304	0.000284219	0.0001017	0.000353915	6.70671407988748E-05	7.96871441741638E-05	0.00072034	0.000722629	0.0000651	0.00039605	0	0	2.46996762539116E-05	0.000288449	0.000406006	0.000604247	0.00007815	9.87185727457465E-05	0.000230709	0.00008789	0.000198155	0.000204092	0.00058884	0.000724716	0.000504604	0.000174705	0.000177116	3.65545640504015E-05	0.000473189
T[Ins(C):R6]A	0.000753879	0.00035064	0.000724801	0.000635877	0.00012729	0.00039799	0.00083181	0.00026945	0.000482834	0.000217458	0.00025123	0.00006999	0.000415942	0.000194438	0.000475171	8.26788368905101E-05	0.000117697	0.00023777	0.000288196	0.00012004	0.00022617	0	0	0.000220658	0.000238394	0.000343159	0.000217715	0.00043335	0.000268141	0.000367021	0.000042	0.000147768	0.003344122	0.00005734	0.000577108	0.000781253	0.000202185	0.000334086	0.000106088	0.000667796
T[Ins(C):R6]G	0.000146838	0.00000063	0.000207006	7.50545022308155E-05	0.00004781	0.00004536	0.00012499	0.000066	0.0000926625	0.000023175	0.0000765	0.00006154	4.03221247829525E-05	0.0000415125	0.000185008	7.92321204410105E-05	7.6603226458527E-05	0.00001834	0.000654382	0.00019077	0.00005487	0	0	7.86892340832581E-06	0.000145574	0.000165697	0.000066560625	0.00021889	6.13262996801337E-05	7.38996769910581E-05	0.000030875	0.00017011	0.002024547	0.00002513	0.000149438	0.001238851	0.000064115	5.27651174673292E-05	4.13837619978188E-05	0.000141883
T[Ins(C):R6]T	0.000445429	0.00013391	0.000441232	0.000246968	0.000156193	0.00032472	0.00031106	0.00000046	0.000249884	0.000094435	0.00006024	0.00000514	9.50472984303403E-05	0.00002987578125	0.000241202	8.22028027799703E-05	3.74316905138757E-05	0.00005295	0.000384721	0.00006898	0.00020784	0	0	7.10388918807191E-06	0.000155228	0.000162771	0.0000887125	0.00015717	6.48394539193383E-05	0.00046019	0.000052475	0.00008016	8.28782545686501E-05	0	0.000143998	0.000352946	0.000087305	0.000245239	5.00944081326147E-05	0.000413586
T[Ins(C):R7]A	0.002038524	0.00007865	0.002697249	0.00120199	0.000380163	0.00026595	0.00143759	0.00006586	0.000335228	0.000172695	0.00024298	0.00007696	0.000291853	0.000176847	0.000808082	0.000122783	0.000127748	0.00017331	0.000252219	0.00015804	0.00066201	0	0	1.51367485007378E-05	0.000219824	0.000266205	0.000294319	0.00023946	0.00052942	0.00021911	0.000203475	0.00060901	0.002029165	0.00005701	0.001268751	0.000792688	0.00031587	0.000145806	0.000379531	0.001960727
T[Ins(C):R7]G	0.000438723	0.0000381	0.000232965	0.000264179	0.0000674325	0.00009291	0.00037477	0.00016744	0.00002336375	0.0000507175	0.00015141	0.0000171	9.15431217781294E-05	0.0000379796875	0.000212681	3.74983427063859E-05	3.49436559617505E-05	0.00001911	0.000118767	0.00005289	0.0000586	0	0	4.29512069371117E-05	8.27044085152158E-05	0.000130493	0.000133126	0.00004766	6.12626171259487E-05	0.000177836	0.000077945	0.0000614975	9.85573861694888E-05	0.00000392	0.000102186	0.000402718	0.00012964	5.22661565456524E-05	8.45227617946583E-05	0.000548038
T[Ins(C):R7]T	0.000625536	0.00004751	0.000682789	0.000917566	0.000279298	0.00013341	0.00050393	0.00014291	0.00007224375	0.00007429	0.00006346	0.00003012	0.00012804	0.00015309	0.000306469	5.2332003509388E-05	4.48735597238514E-05	0.00005341	0.000524827	0.00002818	0.0003472	0	0	7.54105159964557E-06	5.82904772989804E-05	9.91497517277357E-05	0.00008489	0.00018247	0.000229783	0.000194027	0.00010286	0.0000666625	7.82352046827545E-05	0.00000092	0.000300214	0.00016628	0.000164705	0.000112703	0.000160357	0.000699317
T[Ins(C):R8]A	0.001245548	0.00000371	0.000204171	0.000573241	0.000705355	0.00008703	0.00093813	0.00004145	0.00001777625	0.000194085	0.00013351	0.00000198	0.000131918	0.000068195625	0.000325428	7.97233161529902E-05	6.51269169493277E-05	0.00008194	0.000889919	0.0000804	0.00034279	0	0	1.53553297065247E-05	0.000155748	0.000287405	0.000275379	0.00041809	0.000360979	0.000460715	0.000147605	0.00007013	0.00013576	0	0.00028691	0.000487592	0.000211035	7.76352009071608E-05	0.000260348	0.001721182
T[Ins(C):R8]G	0.000230586	0	7.82230900265065E-05	0.000147397	0.0000030275	0.00000758	0.00015625	0.00000788	0.00000043125	0.000071585	0.00000056	0.0000002	1.63339257317217E-05	0.00002297796875	0.00004339375	3.24532133396138E-05	1.91594224626116E-05	0.000032	0.000600725	0.00001167	0.0000028	0	0	5.08201303454375E-06	8.69608401679654E-05	0.000118816	0.0000587825	0.00016824	7.05814975550171E-05	0.000112828	0.00001695	0.000050385	0.000282234	0.00003689	8.29295466189296E-05	0.000455114	0.000045315	6.42412186658973E-06	6.03911914868392E-05	0.00024705
T[Ins(C):R8]T	0.000502224	0	0.00029076	0.000190951	0.00029034	0.00002816	0.00029376	0.00010414	0.00001310125	0.0000839875	0.00003598	0	6.69657691409984E-05	0.00003385515625	0.0000672884375	4.90163913655144E-05	6.05910898837913E-05	0.00001788	4.81910968041746E-05	0.000006235	0.00011521	0	0	6.39350026926472E-06	0.000392461	0.000126367	0.000028205625	0.00005772	9.87451071433236E-05	0.000271368	0.000016735	0.00012472	0.000118473	0.00026226	0.000297247	0.000128131	0.00012087	2.22661311298304E-05	6.92145713413631E-05	0.000462858
T[Ins(C):R(9,)]A	0.000408916	0.00000516	2.96021565814595E-05	0.000101253	0.000267723	0	0.00015618	0.00002219	0.0000005525	0.000034465	0.00001151	0.00000359	1.32144365203217E-05	0.0000220284375	0.0000220578125	3.38923493209135E-05	1.1780921424875E-05	0.00003134	0.000175275	0.00002602	0.00013471	0	0	8.96182943725995E-06	0.000405145	9.85516424103343E-05	0.000109503	0.00024206	0.000140277	0.000145287	0.000088855	0.0000698375	0.000541899	0.00023501	0.000110724	0.000273275	0.00004181	8.43555808209962E-06	3.2560382143295E-05	0.000586868
T[Ins(C):R(9,)]G	0.000075499375	0	8.07015314559177E-06	7.52648009393224E-07	0.0000151925	0.00000198	0.00000648	0.0000001	0.00000143	0.0000103825	0.00000128	0.00000002	1.1497951291722E-06	0.0000165753125	0.000001294375	7.85653070965744E-06	5.28179274224601E-06	0.00000576	2.89431735244007E-05	0.000011845	0.00000009	0	0	1.25137740312959E-05	4.41888222053729E-06	3.3641605329607E-05	0.00002511875	0.00002663	6.4823533280792E-05	8.03915391592366E-05	0.0000159	0.000005115	4.75902078361112E-05	0.00000163	4.65177740583447E-05	5.6895103004741E-05	0.000009915	1.04937718840167E-05	8.12731467806389E-08	5.83356837586446E-05
T[Ins(C):R(9,)]T	0.000190109	0	2.16798402930607E-05	9.17566470274975E-06	0.000031575	0	0.00004547	0.00000009	0.00000027	0.000003115	0.00000041	0.00000003	2.40374044947701E-06	0.000002035625	0.0000048190625	1.09784547718183E-05	6.53248035222849E-06	0.00000648	3.44561589576199E-05	0.000000155	0.00014192	0	0	5.61207245857681E-05	2.05992156004877E-05	7.57479340462579E-05	0.000072316875	0.00007437	5.10787153358677E-05	3.12878448743084E-05	0.00004709	0.000003845	3.99723514343639E-05	0.00004238	3.92776535823377E-05	9.89806075337833E-05	0.00001435	1.76195575467146E-06	1.07726245200531E-05	0.000144855
A[Ins(T):R0]A	0.004531589	0.00382987	0.001996598	0.00305367	0.004290233	0.00052938	0.00017656	0.0021395	0.001958346	0.001811515	0.00405738	0.00234087	0.002269882	0.002068014	0.000275924	0.002039387	0.00360959	0.00043604	0.000945525	0.01976978	0.01441707	0	0.021198157	0.000835909	0.001102575	0.006674982	0.00345174	0.00974682	0.000750106	0.000609486	0.001112265	0.02367596	0.001287989	0.00145766	0.001290572	0.002167591	0.00045108	0.000739507	0.000766304	0.0039508
A[Ins(T):R0]C	0.000254511	0.00007527	9.84071691762031E-05	0.000317595	0.0002217	0.00001556	0.00000595	0.00067264	0.00148218	0.00012577	0.0012515	0.00114993	0.000558008	0.000440928	0.00003535375	0.00016142	0.000964201	0.00000976	0.000177366	0.000658575	0.00031569	0	0.028571429	0.000894052	0.000143129	0.001065024	0.001239896	0.00083814	0.000453001	0.000220787	0.00045944	0.000852358	0.000782233	0.00028225	0.002391291	0.000407592	0.000015565	4.5623739275829E-05	9.67805875292672E-06	0.000109182
A[Ins(T):R0]G	0.000505504	0.00389564	0.000337581	0.000293998	0.000374675	0.00132715	0.00005383	0.00129781	0.002749811	0.00022877	0.00131298	0.00085512	0.001028486	0.001005003	0.000248639	0.000768535	0.000700056	0.00007811	0.001948032	0.0012019	0.00067653	0	0.015668203	0.000425687	0.000214747	0.001590827	0.000781546	0.0024741	0.000693185	0.000211043	0.00035247	0.000821333	0.015329246	0.00051508	0.0021131	0.000663526	0.00007984	0.002352725	8.53617104065874E-05	0.000301533
A[Ins(T):R1]A	0.001799664	0.00019131	0.00115998	0.002355401	0.000426113	0.00011384	0.00003566	0.00024646	0.002038699	0.003178618	0.00542542	0.00656748	0.006729559	0.00089903	0.000136505	0.0014217	0.001440631	0.02713439	0.002046601	0.004025385	0.00308094	0	0.000921659	0.006534212	0.002030574	0.006673139	0.004257294	0.0026955	0.001491053	0.000728187	0.00351196	0.007442168	0.002434287	0.00108968	0.00188945	0.002156109	0.000061335	0.000261222	7.58724150913448E-05	0.000712885
A[Ins(T):R1]C	0.00018825	0.00016715	0.00019778	0.001003125	0.00050333	0.00008982	0.00001498	0.00048534	0.000936786	0.000289873	0.00063207	0.00193016	0.001470159	0.000502999	0.0000529575	0.00037244	0.001043612	0.02901707	0.001627756	0.00242311	0.00105015	0	0.006451613	0.000651864	0.000433328	0.001481331	0.000781814	0.00223504	0.000351544	0.000442904	0.000630055	0.001422325	0.00626942	0.00010785	0.00217459	0.000854645	0.00001815	0.000150982	6.14267686796893E-06	0.00012259
A[Ins(T):R1]G	0.000453839	0.00066962	0.001003204	0.000612943	0.0000646425	0.00024549	0.00005249	0.00023034	0.011908221	0.000735155	0.00188499	0.004844	0.005468359	0.000491443	0.000170897	0.000831469	0.000969272	0.03967513	0.00275193	0.00189539	0.0008247	0	0.006451613	0.001379466	0.000147195	0.001416005	0.000556829	0.00089369	0.00036903	0.001920335	0.00204484	0.00175138	0.001199234	0.00062227	0.003334769	0.003062869	0.000037985	0.000362978	2.70154561613256E-05	0.000251343
A[Ins(T):R2]A	0.001305534	0.0003267	0.001100324	0.001016628	0.000696218	0.00003433	0.00006014	0.00307749	0.000916155	0.000855475	0.00106492	0.01061548	0.003143373	0.000201351	0.000273442	0.000711807	0.000385442	0.01499798	0.003326992	0.00189743	0.00199351	0	0.000921659	0.01787415	0.000507067	0.002584193	0.002225976	0.00225594	0.000847174	0.002275983	0.002616645	0.002975798	0.002311166	0.00030897	0.001406021	0.002867063	0.00011328	0.00020763	0.000119296	0.000961542
A[Ins(T):R2]C	0.000525882	0.00020312	0.000115026	0.001133045	0.000344965	0.00009503	0.00002183	0.00090361	0.00043308	0.000685693	0.00103123	0.00445489	0.0021727	0.000311007	0.000244855	0.000158201	0.000205742	0.0191194	0.001830596	0.00299726	0.00038725	0	0.001843318	0.000449895	0.00038906	0.00097422	0.000479834	0.00096966	0.000594514	0.002491759	0.00070733	0.00067507	0.002557764	0.00030402	0.000804216	0.000624018	0.00003074	0.000201876	2.3660972570815E-05	0.000242026
A[Ins(T):R2]G	0.000641026	0.00106073	0.001222515	0.001455555	0.000460405	0.00048134	0.00004866	0.00264968	0.012325423	0.000222348	0.00012291	0.00804495	0.003102906	0.000207391	0.000830208	0.000723598	0.000533544	0.01693384	0.001459801	0.000362485	0.00039513	0	0.001843318	0.003419703	0.000136755	0.000823681	0.000287552	0.00131519	0.000667356	0.000930282	0.000942855	0.000776088	0.000520662	0.0001159	0.001845487	0.001545963	0.00017088	0.000864855	4.83483463340371E-05	0.000421417
A[Ins(T):R3]A	0.001529546	0.00085342	0.000785796	0.00129368	0.000628495	0.00018445	0.000005	0.00125217	0.000782596	0.000832745	0.00129253	0.00497676	0.001752991	0.000329019	0.000194115	0.000318052	0.000222724	0.01372803	0.003030859	0.00301056	0.00128476	0	0	0.002317398	0.001440867	0.001768869	0.001361401	0.0003984	0.000259108	0.000464694	0.001218235	0.001321078	0.000869449	0.00000933	0.000952176	0.002027603	0.00007057	0.000438181	0.000126913	0.000962822
A[Ins(T):R3]C	0.000486659	0.00060068	0.000963914	0.000761824	0.000392983	0.00016601	0.00002392	0.00046849	0.000357605	0.000642725	0.00016446	0.00324118	0.001369623	0.000089845	0.000246521	0.000428801	0.00011265	0.01251993	0.000695967	0.002817	0.00025607	0	0.000921659	2.46450309524649E-05	0.000729709	0.000556017	0.000128779	0.00215461	0.000184812	0.002804018	0.00015823	0.00040167	0.000283841	0	0.000709884	0.001582049	0.000085085	0.000319881	4.72616457101476E-05	0.00020744
A[Ins(T):R3]G	0.000607572	0.00136157	0.001027588	0.000976395	0.000294438	0.00048457	0.000054	0.0011186	0.007409919	0.00040728	0.00080944	0.00340983	0.001997684	0.000200123	0.000430314	0.000358272	0.00040604	0.01149973	0.001782168	0.00083013	0.00009651	0	0	0.000935691	0.00040404	0.000347214	0.000191354	0.00037105	0.000461704	0.000232167	0.0005567	0.000638055	0.000481368	0.00023046	0.000651732	0.001440983	0.000122415	0.000913613	3.63068120384412E-05	0.000293457
A[Ins(T):R4]A	0.001797746	0.00494301	0.003459843	0.001798552	0.000671888	0.00208401	0.00024541	0.00106706	0.000503768	0.000598248	0.00025228	0.00261148	0.00155554	0.0003353	0.000506234	0.00037288	0.000243933	0.00669408	0.000811217	0.001514245	0.00124311	0	0.000921659	1.13115773994684E-05	0.001988885	0.000603908	0.000649615	0.00031238	0.000371078	0.000852621	0.000441295	0.000999548	0.000835023	0.0002302	0.000742203	0.000771552	0.00025442	0.003278501	0.000333115	0.00075
A[Ins(T):R4]C	0.002140037	0.00290458	0.005364434	0.002421468	0.000910943	0.00204794	0.00024666	0.00086608	0.000261255	0.00074214	0.00079939	0.00173469	0.001204141	0.000239944	0.000459683	0.000243099	0.000260597	0.00528259	0.000997613	0.001937935	0.00070777	0	0.000921659	1.50274578978444E-05	0.001837887	0.00067734	0.000492039	0.00153583	0.000228408	0.003064542	0.00016	0.000520985	0.000518766	0.00099603	0.000683015	0.000703643	0.000196645	0.002688744	0.000122619	0.00088372
A[Ins(T):R4]G	0.001752263	0.00323341	0.004679358	0.001645377	0.001028593	0.00167785	0.00028977	0.00213983	0.002624425	0.00073285	0.00160277	0.00159923	0.001997991	0.000315113	0.000563062	0.000290429	0.000460869	0.00559882	0.000589082	0.0009035	0.00155583	0	0	0.000884817	0.000609162	0.000449457	0.000425476	0.00045963	0.00126473	0.000418167	0.000484375	0.00063488	0.000562592	0.00073213	0.000937254	0.000610755	0.00021799	0.00230994	0.0001363	0.000897377
A[Ins(T):R5]A	0.006622371	0.01943158	0.011403648	0.007014071	0.001505733	0.01379073	0.0006148	0.00115518	0.001145256	0.000945198	0.00097598	0.00170109	0.002626125	0.00047304	0.001373318	0.000568138	0.000707439	0.00406562	0.002124115	0.001830535	0.00242947	0	0	1.07651243850013E-05	0.000796181	0.000818334	0.000396343	0.00098091	0.000434612	0.00241804	0.00055833	0.002176258	0.000573302	0.00102329	0.002228881	0.004163606	0.000594325	0.015215143	0.000494391	0.003045594
A[Ins(T):R5]C	0.007080538	0.01298464	0.018516427	0.006682773	0.002048903	0.00932784	0.0007938	0.00062863	0.000511009	0.000973595	0.00048568	0.00069643	0.002619326	0.000779954	0.000909149	0.00069725	0.0007168	0.0037945	0.002219832	0.003013245	0.00268946	0	0	0.00021563	0.000208003	0.000498057	0.000238899	0.00064805	0.001227948	0.002135349	0.00032584	0.00216509	0.002433429	0.00055571	0.002788673	0.001093754	0.000418995	0.009354254	0.000252205	0.003656343
A[Ins(T):R5]G	0.005924884	0.00902985	0.012303462	0.005394948	0.001393905	0.00966113	0.00079774	0.00213731	0.003720921	0.000514188	0.00087947	0.00115023	0.004403404	0.00070202	0.001478304	0.000568339	0.001004937	0.00331567	0.001421257	0.00210264	0.00209906	0	0	0.00042902	0.00037952	0.00138645	0.001063728	0.00037384	0.000406873	0.001269441	0.000345435	0.001650373	0.001562903	0.00097664	0.002973437	0.002743384	0.000696745	0.010991158	0.000304816	0.00329341
A[Ins(T):R6]A	0.013445234	0.03628361	0.02192431	0.015037985	0.00398576	0.02370419	0.00099342	0.00239863	0.001626058	0.001952515	0.00366129	0.00058355	0.004670749	0.000825077	0.002619128	0.000882664	0.000669534	0.00373225	0.006157577	0.001521485	0.00513368	0	0	1.35520347587833E-05	0.001255407	0.001081975	0.000606281	0.00079404	0.002910065	0.002941007	0.001109135	0.00397004	0.002214899	0.00295675	0.001312845	0.004282973	0.00103882	0.022488886	0.00140281	0.008214908
A[Ins(T):R6]C	0.017139912	0.02441313	0.033152215	0.016143503	0.003959375	0.01524768	0.00124962	0.00191487	0.002145763	0.002348845	0.00284867	0.00053572	0.006225079	0.001579313	0.002003817	0.000348038	0.001538243	0.00263829	0.008377124	0.00264348	0.00531059	0	0	0.000174045	0.003547459	0.002114108	0.001531759	0.00183407	0.001727432	0.007071873	0.001265665	0.00367044	0.002340516	0.00235756	0.002979219	0.0014011	0.000866865	0.013190203	0.00038993	0.009842231
A[Ins(T):R6]G	0.018164879	0.01177668	0.032020846	0.016985096	0.004117313	0.01384255	0.00197379	0.00276773	0.003734769	0.002013878	0.00327847	0.00057861	0.007070836	0.000963789	0.004234763	0.000580193	0.002216175	0.00293962	0.003720077	0.002032785	0.00505351	0	0	0.000839734	0.001991904	0.001975072	0.0014825	0.00044794	0.002716841	0.002764505	0.000618365	0.003751768	0.00174388	0.00139548	0.002659849	0.00119161	0.001341665	0.008833994	0.00042612	0.012088147
A[Ins(T):R7]A	0.019288478	0.02941083	0.021387671	0.019161145	0.005626468	0.01715789	0.00127331	0.00137367	0.001547005	0.002015843	0.00186408	0.00042648	0.005379813	0.001590516	0.004969774	0.001099727	0.001050253	0.00308085	0.001095848	0.001287095	0.01049781	0	0	9.78150895896056E-06	0.001017232	0.001680606	0.000879376	0.0008626	0.001896249	0.002888024	0.001307735	0.006889293	0.000956766	0.00104435	0.001629248	0.00156649	0.00167296	0.011635815	0.002252747	0.014949186
A[Ins(T):R7]C	0.020450491	0.02098065	0.028596092	0.021082634	0.00533369	0.01072284	0.0013915	0.00258358	0.002283694	0.002926373	0.00234632	0.00042807	0.006321587	0.0019558	0.002898532	0.001120791	0.002384375	0.00227046	0.002433555	0.001827025	0.00808739	0	0	0.000599732	0.002114297	0.00188075	0.001205678	0.00132496	0.001015524	0.005338906	0.001206695	0.00517415	0.003731963	0.00372403	0.002360923	0.001433625	0.001022205	0.00664499	0.000923576	0.013518793
A[Ins(T):R7]G	0.019446946	0.00706554	0.019761979	0.014215971	0.005473775	0.00784609	0.00171271	0.00397868	0.003024881	0.002239198	0.00412321	0.00032658	0.007313272	0.001088348	0.005484307	0.0008755	0.002443051	0.00314165	0.001548008	0.001502905	0.00668336	0	0	9.61757305462044E-06	0.001135951	0.001348318	0.000881074	0.00107384	0.001565121	0.002008137	0.000807575	0.004017178	0.001214226	0.00312017	0.002690861	0.00088717	0.00173939	0.003998486	0.001579356	0.01577228
A[Ins(T):R8]A	0.024194086	0.01458616	0.023715536	0.013975877	0.007172958	0.01107418	0.00109398	0.000534	0.001830558	0.00200178	0.00230193	0.00006176	0.004926908	0.001203607	0.004664805	0.001495212	0.001261202	0.00175702	0.001404481	0.000984785	0.01007607	0	0	0.000592738	0.001273366	0.002524743	0.001504231	0.00203191	0.001565153	0.001924659	0.00209797	0.005658695	0.001371589	0.00260678	0.002288914	0.002295863	0.001689685	0.004865181	0.001899097	0.022026236
A[Ins(T):R8]C	0.022004196	0.0172203	0.017473038	0.015924748	0.005533633	0.01165346	0.00114614	0.00156425	0.00139537	0.001736763	0.0022816	0.00003676	0.004832465	0.001139864	0.003104837	0.000897447	0.001258409	0.00199985	0.001003506	0.00050649	0.00710166	0	0	0.000626618	0.001240282	0.001963709	0.001253391	0.001482	0.001984853	0.002460166	0.00060253	0.00426549	0.001514642	0.00216695	0.004233741	0.001617808	0.00152131	0.006412989	0.001273118	0.017807216
A[Ins(T):R8]G	0.022202327	0.00490524	0.015330169	0.015883662	0.005561828	0.00749537	0.00121345	0.00082942	0.001873558	0.001603125	0.00111686	0.00012772	0.00432994	0.001922561	0.005024848	0.000833794	0.000593907	0.00219021	0.001534463	0.00082108	0.01083185	0	0	1.08744149878947E-05	0.00473497	0.003008214	0.001204619	0.00138839	0.001639353	0.003419549	0.00062069	0.003432218	0.002112682	0.00160859	0.002258354	0.003334269	0.001687535	0.002687591	0.00160806	0.020936441
A[Ins(T):R(9,)]A	0.04483087	0.00901678	0.009549644	0.008861589	0.01421307	0.00736934	0.00089025	0.00055182	0.001212821	0.001017288	0.00074396	0.00000235	0.003087209	0.002379367	0.00332841	0.001825866	0.000498667	0.00155826	0.001658838	0.000108285	0.02499415	0	0	0.000484485	0.006337364	0.012226087	0.007147106	0.00976341	0.002767283	0.001972885	0.000764245	0.00497753	0.004309587	0.00637631	0.005298471	0.001150743	0.001802145	0.000996768	0.002635354	0.052265523
A[Ins(T):R(9,)]C	0.041528217	0.01352669	0.010942841	0.008728979	0.011903315	0.01002584	0.00089974	0.00037116	0.002180916	0.00095908	0.00075144	0.00000612	0.003470783	0.002621432	0.002858799	0.000865793	0.000337173	0.0021962	0.004795727	0.000154735	0.02310509	0	0	0.00165078	0.005553361	0.012308425	0.007027895	0.009954	0.005065321	0.004162988	0.0004426	0.004997435	0.003350054	0.00435943	0.002661348	0.001383854	0.00178647	0.002954706	0.002485351	0.045272256
A[Ins(T):R(9,)]G	0.034706976	0.00142666	0.004466865	0.00438817	0.007963793	0.00412878	0.00013917	0.00006594	0.001200974	0.000781898	0.00062591	0.00005119	0.001513157	0.00106945	0.003062237	0.000851647	0.000203561	0.00103922	0.001640493	0.0000371	0.01862003	0	0	0.001452964	0.003745858	0.008920458	0.004651706	0.00678985	0.003630728	0.003214054	0.00048268	0.001669225	0.00258713	0.00459583	0.001866513	0.004264789	0.001475725	0.000856435	0.002289248	0.041658194
C[Ins(T):R0]A	0.000379396	0.00011456	0.000445806	0.00047056	0.000657445	0.00001717	0.0000036	0.00046355	0.001835969	0.000525033	0.00200316	0.00110022	0.000631872	0.000533389	0.0000275225	0.000576735	0.001007963	0.00001592	0.000434813	0.00199868	0.00029424	0	0.038709677	0.001354275	0.00012652	0.001642843	0.001269208	0.00253062	0.000483372	0.00134162	0.000891695	0.00055354	0.001118871	0.00128057	0.00102137	0.000777129	0.000032355	6.42879962523045E-05	1.86495654717443E-05	0.000223891
C[Ins(T):R0]C	0.000590378	0.00001012	0.0002436	0.000260261	0.001013135	0.00004223	0.0000106	0.00056835	0.001614418	0.000359473	0.00000003	0.00081673	0.000557635	0.000398858	0.000065345625	0.000261553	0.000654774	0.00001404	0.000659515	0.0098719	0.00028732	0	0.046082949	0.000453392	0.000274036	0.001875629	0.001374769	0.01622835	0.00025161	0.000836685	0.000334835	0.000157263	0.00056356	0.00000872	0.001786258	0.000942425	0.000038755	6.93867531706901E-05	9.4445950845133E-05	0.000438013
C[Ins(T):R0]G	0.000294158	0.00001485	2.51409620085192E-05	0.000195434	0.000325813	0.00007334	0.00001547	0.00024769	0.001186179	0.000403958	0.00040873	0.00010864	0.000204721	0.000071991875	0.000046835	0.000167838	0.000214429	0.00016905	0.000270707	0.000406075	0.00006369	0	0.008294931	0.000456398	5.79532748680724E-05	0.000856046	0.000447929	0.00166494	7.20196619036945E-05	0.000691322	0.000271205	0.000100758	0.000349557	0.00005306	0.000228898	0.000923866	0.000013725	0.000121092	1.40523892498137E-05	0.000128701
C[Ins(T):R1]A	0.000460083	0.00012801	0.000215546	0.001011282	0.000207955	0.00006404	0.00000756	0.00294031	0.001573598	0.00234568	0.00875294	0.00371382	0.002496751	0.000151549	0.0000865603125	0.000792622	0.000703603	0.01014507	0.001040101	0.001293585	0.00045851	0	0.008294931	0.014628438	0.000450046	0.003216149	0.002593828	0.00087744	0.000247523	0.00242699	0.00179596	0.00042748	0.001017217	0.00059512	0.000854837	0.003637537	0.000008375	0.000206617	2.98875442999769E-05	0.000221611
C[Ins(T):R1]C	0.000419864	0.00039231	0.000705834	0.000884461	0.00011167	0.00018655	0.00002645	0.00107875	0.001097908	0.000522785	0.00141623	0.00167324	0.001087518	0.000572793	0.0000969359375	0.000620354	0.000611874	0.01987836	0.000675816	0.00335505	0.00031113	0	0.011981567	0.000905801	0.000180839	0.00197541	0.001515259	0.00431788	0.000279805	0.006079738	0.00062688	0.000286083	0.009881211	0.00004694	0.00146536	0.000806748	0.000037805	0.000313488	4.11150362705603E-05	0.000282703
C[Ins(T):R1]G	0.000772869	0.00016011	0.000376584	0.001309176	0.000335073	0.00014473	0.00000974	0.00354845	0.016117741	0.001684128	0.00462067	0.00320531	0.002851135	0.000582727	0.00005778375	0.000844575	0.00076369	0.02915989	0.00103915	0.000934725	0.00046791	0	0.011981567	0.007342033	0.000359915	0.002886853	0.001589408	0.0018318	0.001018268	0.001049446	0.001330755	0.000486088	0.000563213	0.00120313	0.003543436	0.000894997	0.000014295	0.000170801	2.1807420481334E-05	0.000296857
C[Ins(T):R2]A	0.000472066	0.00021154	0.000434406	0.001869334	0.000144975	0.0000731	0.00000424	0.00164326	0.000699648	0.001169758	0.00186768	0.00247527	0.001508599	0.000805817	0.000321311	0.000481641	0.000423458	0.00733772	0.001082304	0.001303	0.00055755	0	0.004608295	0.001404275	0.000233176	0.001428544	0.00063812	0.0011631	0.000930275	0.001526338	0.00135016	0.000497535	0.000539492	0.00004477	0.000857894	0.000397844	0.00004702	0.000208628	2.01885118317519E-05	0.000285413
C[Ins(T):R2]C	0.000753778	0.00041762	0.000274985	0.000974491	0.000220423	0.00016371	0.00000219	0.00117427	0.000704825	0.000403265	0.00051024	0.00227533	0.001040527	0.000193625	0.00077649	0.000425669	0.000520831	0.01704463	0.001581134	0.00416221	0.00033371	0	0.011059908	0.000449567	0.000263511	0.00193342	0.001155194	0.00531464	0.001074563	0.00294032	0.001019555	0.000442095	0.007847256	0.00024193	0.001360831	0.002574902	0.000139225	0.000318961	5.913801199777E-05	0.000468283
C[Ins(T):R2]G	0.000352382	0.00022432	0.000246522	0.000693167	0.000153145	0.00029695	0	0.0021601	0.011232789	0.000246003	0.00147499	0.00191701	0.002153477	0.00026417	0.001934047	0.000408557	0.00027156	0.01698657	0.001520396	0.000779735	0.00030317	0	0.008294931	0.000443938	0.000290093	0.000777644	0.000120967	0.00128443	0.001298323	0.000621638	0.000944015	0.00033312	0.001101837	0.00000621	0.003104141	0.001158804	0.00032234	0.000353654	8.89901631531811E-05	0.000444823
C[Ins(T):R3]A	0.000838245	0.00259015	0.000874733	0.000579318	0.000086215	0.00030925	0.00001297	0.00153135	0.000849501	0.001064338	0.0024371	0.00222324	0.001430409	0.000137075	0.000217254	0.000993548	0.00035911	0.00875336	0.002716666	0.001224575	0.00087485	0	0	0.001373182	0.000167148	0.0009619	0.000561776	0.00091886	0.000489507	0.00045157	0.00051239	0.000491235	0.000488172	0.00050787	0.001603486	0.000587229	0.000039965	0.000420889	2.07456261443611E-05	0.000320619
C[Ins(T):R3]C	0.000851239	0.00205615	0.000341199	0.000706914	0.00024543	0.00057849	0.00000161	0.00057294	0.000646568	0.000874273	0.00185029	0.00124118	0.000899025	0.000378936	0.000374229	0.000268987	0.000472166	0.00989912	0.001639733	0.003160755	0.00072728	0	0.005529954	0.000214975	0.000109046	0.002637884	0.001264142	0.00368555	0.000433843	0.003433196	0.00022968	0.000365078	0.001235764	0.00004213	0.00072718	0.001102378	0.00008329	0.001118171	7.41853418670435E-05	0.000550408
C[Ins(T):R3]G	0.000481684	0.00214833	0.001244586	0.000600336	0.000574505	0.00056939	0.00004532	0.00190733	0.00745892	0.000633543	0.00122957	0.00220762	0.001852426	0.000326694	0.00073843	0.000554087	0.000269199	0.00713935	0.001116142	0.00079156	0.00010454	0	0.002764977	0.000441753	0.000135695	0.000840209	0.000421968	0.00011505	0.001285374	0.000919429	0.00040597	0.00021429	0.000388683	0.00000634	0.00115849	0.000405249	0.000172845	0.0011105	4.97155704000405E-05	0.000218498
C[Ins(T):R4]A	0.000842581	0.01286681	0.001808654	0.001496618	0.000139068	0.00312547	0.00005256	0.00084033	0.000458079	0.000207833	0.00079232	0.00089389	0.000786766	0.00016685	0.000253965	0.000158861	0.000203155	0.00385321	0.000938396	0.001040475	0.00055937	0	0.000921659	0.00116012	0.000243353	0.000558598	0.000233042	0.00082404	0.000164524	0.000310557	0.000375745	0.00032089	0.00027475	0.00036367	0.000841765	0.000844288	0.000069745	0.004275471	6.95475290717225E-05	0.000363839
C[Ins(T):R4]C	0.001308187	0.01152828	0.002594572	0.001230015	0.001258443	0.00308192	0.00015143	0.0003128	0.00039568	0.000218833	0.00045992	0.00085394	0.000550663	0.000305903	0.000266107	0.000194422	0.000339662	0.00565483	0.00072049	0.00254213	0.00092799	0	0	1.06011884806612E-05	0.000140334	0.000382898	0.000266788	0.00115842	0.000207616	0.003474237	0.000155115	0.00018975	0.000595295	0	0.000894125	0.001248271	0.0001289	0.004236833	0.000179022	0.000494741
C[Ins(T):R4]G	0.000652707	0.00680653	0.002646175	0.00067093	0.00042158	0.00223066	0.00004476	0.00071765	0.001533363	0.00023576	0.00004277	0.00095279	0.001024334	0.000359068	0.000340358	9.49292048614268E-05	0.000337297	0.00419573	0.001147224	0.00070518	0.00020904	0	0	0.00022492	8.68642228667694E-05	0.000628719	0.000357059	0.00030678	0.000215698	0.00080383	0.0001464	0.000227578	0.000377649	0.00000953	0.000991987	0.000963983	0.00012073	0.003515367	7.86081740805576E-05	0.00043662
C[Ins(T):R5]A	0.002726311	0.02650877	0.004240239	0.00260746	0.001349605	0.00797104	0.00024426	0.00059142	0.000967325	0.000480618	0.00101401	0.00059624	0.001341416	0.000143738	0.000234954	0.000285977	6.01741940137971E-05	0.00177059	0.000715547	0.00092399	0.00160533	0	0.000921659	0.000222625	0.00034981	0.00070477	0.000465871	0.00030678	0.000895807	0.00030908	0.00043774	0.00076222	0.000752622	0.00067181	0.002101053	0.00051857	0.00016519	0.009446874	0.000257168	0.0012692
C[Ins(T):R5]C	0.003745905	0.01938662	0.008175961	0.002800636	0.00132775	0.00644759	0.00027867	0.00041381	0.000893095	0.000639585	0.00072767	0.00039395	0.001624073	0.000130987	0.000449264	0.000407084	0.000272253	0.00145807	0.001056972	0.001516305	0.00077234	0	0.001843318	1.10383508922348E-05	0.000665751	0.000397038	0.000219248	0.00141409	0.000432856	0.002530935	0.000093665	0.00124769	0.001460432	0.00105564	0.000443417	0.005096517	0.00014312	0.006982303	9.80088607314198E-05	0.001444628
C[Ins(T):R5]G	0.002318677	0.01021937	0.004696255	0.002190029	0.000417245	0.00463356	0.00031895	0.00213236	0.001704296	0.000245295	0.00090513	0.00052121	0.002417808	0.000234392	0.000476435	0.000259084	0.000205835	0.00177815	0.001688447	0.001058025	0.00047	0	0	2.64483259002062E-05	0.000196369	0.000594045	0.000226168	0.00012165	0.000779533	0.000253286	0.00042173	0.000890095	0.000517153	0.0000026	0.000603836	0.001355172	0.00025733	0.005653757	9.82159761699898E-05	0.001047056
C[Ins(T):R6]A	0.006246824	0.01818833	0.011403622	0.006973295	0.001767198	0.00671593	0.0004768	0.00070907	0.001136431	0.000851058	0.00110549	0.00029597	0.002268496	0.000294336	0.001017723	0.000614572	0.000396097	0.00177324	0.001805455	0.000532445	0.00411888	0	0	0.000215084	0.000998441	0.000733827	0.000335026	0.00020504	0.000901909	0.000847648	0.000411295	0.001180438	0.000758668	0.00133444	0.002901529	0.001338347	0.00031675	0.005854683	0.000556745	0.003671515
C[Ins(T):R6]C	0.011239892	0.01569561	0.024936321	0.01244229	0.00239637	0.00546111	0.001003	0.00090787	0.001413671	0.00184136	0.00078876	0.00053227	0.004175088	0.000867671	0.00131414	0.000561905	0.000640589	0.00293884	0.000759604	0.001629095	0.00499242	0	0	0.000194701	0.000849636	0.000780951	0.000575116	0.00149239	0.000409357	0.002643271	0.000381805	0.00272086	0.002891508	0.00249114	0.00073445	0.005062914	0.000416115	0.002926	0.000260296	0.006522724
C[Ins(T):R6]G	0.009604333	0.00528169	0.017120673	0.011103938	0.00199159	0.00408131	0.00109659	0.00220414	0.00140405	0.00157829	0.002606	0.00031036	0.004357501	0.00072921	0.001786044	0.000452738	0.000276796	0.00210062	0.00091872	0.00044199	0.00241596	0	0	0.000202789	0.000552912	0.000918439	0.000399814	0.00091639	0.001028686	0.000892442	0.00029357	0.001590468	0.001597701	0.00178682	0.002395153	0.002901088	0.00061499	0.002678344	0.000336635	0.005469319
C[Ins(T):R7]A	0.009105105	0.01043794	0.010783073	0.00900291	0.002887328	0.00438437	0.00059057	0.00153994	0.000773875	0.001260465	0.00147361	0.00005722	0.002624922	0.00040034	0.002174895	0.000602322	0.000748181	0.00151143	0.001823467	0.000456115	0.00572968	0	0	0.000433119	0.001865276	0.001011181	0.000414278	0.00044311	0.001306899	0.001695857	0.00033184	0.004174563	0.001464491	0.00111692	0.00292709	0.002200163	0.000698615	0.002304716	0.001167916	0.006158576
C[Ins(T):R7]C	0.009247944	0.00992149	0.012827543	0.009477255	0.002232528	0.00577468	0.00060508	0.00218091	0.001075781	0.001196688	0.00119009	0.00028928	0.003600955	0.000613361	0.001516008	0.000570103	0.000649228	0.00169252	0.001386326	0.00071493	0.0031141	0	0	0.000193171	0.001076052	0.001190618	0.000363243	0.00079125	0.000891333	0.003165796	0.0002169	0.002130535	0.001072592	0.00199793	0.001756111	0.003010285	0.000496715	0.003764582	0.000546483	0.006413337
C[Ins(T):R7]G	0.011150188	0.00416331	0.015600197	0.009729403	0.002388845	0.00473818	0.00085591	0.00279502	0.00182833	0.000947485	0.00113984	0.00014699	0.004520661	0.000412224	0.002925768	0.000314156	0.000759469	0.00149681	0.00247457	0.00084355	0.00383671	0	0	0.000644924	0.000916673	0.001298405	0.000711792	0.00047089	0.000884636	0.000990122	0.00091879	0.0024159	0.00176002	0.0011173	0.000583081	0.00456848	0.00097536	0.001988406	0.000703936	0.008585013
C[Ins(T):R8]A	0.012559046	0.00653515	0.01100535	0.00927331	0.003579468	0.00671095	0.00049733	0.00142242	0.001139988	0.00084182	0.00061297	0.0000579	0.003366204	0.000870789	0.00257434	0.000583157	0.00063327	0.00054631	0.000584899	0.000375015	0.00588322	0	0	0.001087332	0.001669453	0.001281322	0.001067009	0.0013787	0.001959496	0.002185842	0.000557345	0.002835523	0.000697835	0.00257745	0.000830673	0.002719248	0.00082113	0.003850622	0.001204596	0.011304407
C[Ins(T):R8]C	0.013310824	0.00945222	0.011650101	0.008436498	0.003575498	0.01143377	0.0005179	0.00104204	0.001472503	0.000534623	0.00051664	0.00020473	0.003233015	0.000861219	0.002868529	0.000572894	0.001055075	0.00079179	0.001543256	0.000360325	0.00489189	0	0	0.000422572	0.000452332	0.001523498	0.000925801	0.00031724	0.000711769	0.002904217	0.000206305	0.001852893	0.001617249	0.00104002	0.000567817	0.00142444	0.000996065	0.008381857	0.000996339	0.012496954
C[Ins(T):R8]G	0.017956655	0.00259242	0.009380136	0.012085944	0.00238281	0.00790986	0.00107848	0.00085294	0.001238386	0.00071706	0.00122295	0.00014264	0.003308681	0.000876605	0.004469992	0.000582841	0.000479597	0.00147811	0.001873227	0.00046468	0.00762803	0	0	0.000191914	0.001935877	0.002448791	0.000825057	0.0010545	0.001475419	0.001161225	0.000447085	0.002177595	0.002178908	0.00118231	0.001215556	0.001557117	0.001125465	0.003746495	0.000838915	0.016551851
C[Ins(T):R(9,)]A	0.025581563	0.00295559	0.004125501	0.001561224	0.00960471	0.00365955	0.00000048	0.00023012	0.000936098	0.000455933	0.00013867	0.00000316	0.001111544	0.000698884	0.001953569	0.000584898	0.000141514	0.0007475	0.000640885	0.00008246	0.01465292	0	0	0.000804597	0.002674858	0.008697618	0.003727494	0.00481987	0.002406845	0.001912985	0.00044274	0.003242823	0.002414439	0.00338728	0.004985115	0.001597984	0.001060055	0.000702974	0.001853818	0.032995125
C[Ins(T):R(9,)]C	0.029050409	0.00934373	0.003883779	0.004049468	0.00758118	0.00884638	0.00000006	0.00011214	0.000691626	0.000491923	0.00036758	0.00001484	0.001956206	0.001270381	0.002077998	0.000499921	0.00038973	0.00107383	0.002398624	0.00006232	0.01474848	0	0	0.002593575	0.004598277	0.010030442	0.006412433	0.00615165	0.002057116	0.002467251	0.00125474	0.00258705	0.002191221	0.00270382	0.002146173	0.002622471	0.000857395	0.003252742	0.001301492	0.036342181
C[Ins(T):R(9,)]G	0.025606676	0.00121813	0.002431108	0.00383141	0.00917024	0.00426405	0.00025026	0.00020975	0.00051567	0.000567	0.00069549	0.00000001	0.000991405	0.000942728	0.003637342	0.000846588	0.000212884	0.001346	0.001216326	0.00004723	0.01119897	0	0	0.000579404	0.002118722	0.007974587	0.004711123	0.00470026	0.002952291	0.001042247	0.000137925	0.001018645	0.00092793	0.00319269	0.001509967	0.002815792	0.00131075	0.001278213	0.001725332	0.038325268
G[Ins(T):R0]A	0.000180243	0.00009087	0.000410334	0.000324214	0.000317085	0	0.00000302	0.00042982	0.00165748	0.001220248	0.00164935	0.00047889	0.000692989	0.001839444	0.000225994	0.001074831	0.001830471	0.00020026	0.000238056	0.001367265	0.00083502	0	0.04516129	0.001814661	0.000188358	0.002061707	0.000983256	0.00574091	0.000770437	0.00115578	0.00024117	0.000794035	0.065481927	0.00001069	0.007787524	0.001319835	0.000009845	3.16996110552838E-05	2.57662092438748E-05	0.000178485
G[Ins(T):R0]C	0.000151895	0.00003461	0.000169117	0.000178344	0.000289898	0.00003491	0.00002023	0.00128275	0.001579653	0.00009773	0.00004181	0.00031544	0.000785241	0.000412618	0.000015621875	0.000350042	0.000565474	0.00001603	0.000757085	0.000169335	0.00140517	0	0.070046083	0.000234975	0.000152384	0.000526806	0.000626057	0.00063098	0.001561634	0.000544089	0.0000257	0.000193893	0.000383296	0.00052426	0.023207563	0.000793485	0.000017985	1.37058328173116E-05	2.38156537211395E-05	9.92897552999235E-05
G[Ins(T):R0]G	0.000836353	0.00007619	0.000467251	0.000343362	0.000327728	0.0000662	0.00000926	0.00185943	0.004707638	0.000106418	0.00041394	0.00069672	0.001114512	0.000468004	0.000143221	0.00051827	0.000683464	0.00004889	0.00085898	0.00006377	0.00110523	0	0.026728111	0.001355531	0.0002712	0.001732641	0.001262776	0.00055693	0.002845841	0.000419746	0.000820015	0.000695295	0.000684628	0	0.011254083	0.000354212	0.000104455	0.000118566	0.000111656	0.000934053
G[Ins(T):R1]A	0.001431902	0.00002214	0.000832626	0.001447032	0.000336905	0.00000844	0.00000217	0.0055787	0.001629115	0.00564206	0.01459941	0.00298701	0.003856565	0.000768996	0.00007926375	0.000689438	0.003398168	0.01280008	0.002183095	0.000633655	0.00633229	0	0.010138249	0.003105055	0.001381058	0.006675849	0.004710856	0.00183799	0.005230073	0.001843826	0.001529035	0.001150278	0.002046928	0.00248666	0.049383424	0.002074234	0.00000769	2.51507489582748E-05	1.17950931408417E-05	0.000412891
G[Ins(T):R1]C	0.000155204	0.0000668	0.000364479	0.00013448	0.000079145	0.00002229	0.00000153	0.00138885	0.000553365	0.000227073	0.00096829	0.00081597	0.000677292	0.000313554	0.0000147953125	0.000130451	0.000867137	0.02304959	0.000430298	0.00124348	0.00265257	0	0.011981567	0.000434376	8.62627632240852E-05	0.000820441	0.000540154	0.00043266	0.003400977	0.002855846	0.0004089	0.00037605	0.000709881	0.00003408	0.021901385	0.000513931	0.0000118	4.6902326637626E-05	1.31387217771346E-05	7.61227198591518E-05
G[Ins(T):R1]G	0.000706535	0.00007118	0.00025728	0.000207377	0.000711198	0.00005962	0.00001778	0.0036043	0.008379056	0.001204523	0.0023773	0.00204307	0.001341823	0.001162015	0.000125293	0.000628142	0.00143731	0.02007493	0.004480251	0.000399815	0.00745146	0	0.011981567	0.001315914	0.000289702	0.002081572	0.001475046	0.00030752	0.008740473	0.00081994	0.00081596	0.000941073	0.000509039	0.0014214	0.096072256	0.000508119	0.00002288	0.000134033	4.19906888842614E-05	0.000393483
G[Ins(T):R2]A	0.000470388	0.00003248	0.00019311	0.00053169	0.000729265	0.00000838	0.00000174	0.00174376	0.000627363	0.000348783	0.00074023	0.00227927	0.000731216	0.000362116	0.0000931065625	0.000267218	0.000400627	0.0103084	0.000196566	0.00044665	0.00215099	0	0.000921659	0.00568098	0.000124225	0.001051286	0.000590501	0.00077297	0.001813021	0.000724021	0.000624865	0.000618455	0.002155038	0.00012571	0.026730887	0.000508072	0.00000346	3.08108369135469E-05	1.11973422548422E-05	0.000121992
G[Ins(T):R2]C	0.000198769	0.00000478	0.000107025	5.41242465578363E-05	0.000316683	0.00005923	0.00000301	0.00123822	0.000743701	0.000151193	0.00021708	0.00145128	0.000417863	0.000528468	0.000105145	0.000322694	0.000521956	0.01243173	0.001297025	0.000638895	0.00335672	0	0.001843318	0.000229401	7.79280057766862E-05	0.000243868	0.000237959	0.00086927	0.003189445	0.001978711	0.00057565	0.000337793	0.000849134	0.00065016	0.042532741	0.00090915	0.00001395	5.63669916206842E-05	3.13609477996775E-05	0.000116788
G[Ins(T):R2]G	0.000747777	0.00000122	0.000913153	0.000138421	0.00077577	0.00014042	0.00000522	0.00251063	0.013119608	0.00020118	0.00003096	0.00235588	0.000948755	0.000335231	0.000649461	0.000398805	0.000207029	0.01308021	0.002794798	0.00005715	0.00371657	0	0	0.00043902	9.37326223849174E-05	0.000922472	0.000643368	0.00022396	0.005584413	0.000207925	0.000502425	0.000673835	0.001313445	0.0007123	0.063725921	0.000715172	0.000203305	0.00011038	0.00013381	0.000593337
G[Ins(T):R3]A	0.000357506	0.00004395	0.000162142	0.000154326	0.000195278	0.00002479	0.00000001	0.00121102	0.00082501	0.00053215	0.00154941	0.00147047	0.000834825	0.000140758	0.0000575440625	0.000331316	0.000224835	0.00673365	0.000843962	0.000618035	0.00190615	0	0.000921659	0.000705799	0.00011801	0.000749557	0.000524116	0.00013266	0.001220221	0.000317481	0.000574975	0.000445623	0.000244135	0.00004732	0.015637102	0.000347229	0.000011175	0.000115541	1.03387307848209E-05	0.000157466
G[Ins(T):R3]C	0.000192873	0.00007713	5.49779183043439E-05	0.000679497	0.000251808	0.00006721	0.00000117	0.00079254	0.000301578	0.00043651	0.00110249	0.00103604	0.000440707	0.000299256	0.000184263	0.000169514	0.000309916	0.00450582	0.000674865	0.001027565	0.00152042	0	0.000921659	0.000449458	6.95113539169081E-05	0.000364733	0.000213571	0.0003599	0.001311027	0.003215151	0.000284085	0.000392133	0.000520111	0.00002365	0.017247656	0.00053666	0.00002409	0.000135468	2.14298936059659E-05	0.00011412
G[Ins(T):R3]G	0.000429672	0.00012389	0.000651395	0.000245574	0.000632073	0.00013433	0.00000217	0.00228675	0.006768479	0.00020636	0.00160165	0.00143475	0.001287812	0.000292851	0.000312427	0.000137879	0.000511575	0.00872002	0.001286949	0.00015028	0.00152531	0	0.000921659	1.7158624654266E-05	0.000179898	0.000578174	0.000375922	0.00017487	0.001602582	0.000421968	0.000464505	0.000640328	0.000651802	0.00000044	0.024721281	0.000221722	0.000095165	0.000228571	3.3868617635022E-05	0.000387299
G[Ins(T):R4]A	0.000584548	0.00049231	0.000369836	0.00020834	0.000083785	0.00013309	0.00000454	0.0002439	0.000198261	0.0000788025	0.0004958	0.00079534	0.000260054	0.00009479703125	0.000130368	0.000128525	0.000223435	0.00427362	0.000462853	0.000527515	0.00104168	0	0	0.00047607	0.000220191	0.000289532	0.000319954	0.00013384	0.000610509	0.000461273	0.000337955	0.000321225	0.000230673	0.00008532	0.006365423	0.000643796	0.000062615	0.0004021	2.63823121307603E-05	0.000161582
G[Ins(T):R4]C	0.000213021	0.00034969	0.00054864	0.000464328	0.00054967	0.00012057	0.00002094	0.00049578	0.000167106	0.00023204	0.00004743	0.00067806	0.000288877	0.000136978	0.000102237	0.000103276	0.000178916	0.00466589	0.00075238	0.001827615	0.00080965	0	0.000921659	1.10929961936815E-05	0.000122341	0.00024351	0.000145488	0.00035999	0.000801042	0.00221136	0.00011706	0.00025565	0.000121248	0.00000843	0.007737959	0.000829431	0.000030765	0.000187516	2.30579782559909E-06	0.000151167
G[Ins(T):R4]G	0.000910216	0.00064528	0.001424504	0.000370912	0.000230003	0.00032432	0.00002869	0.00145418	0.002386784	0.000264368	0.00004035	0.00084596	0.000696385	0.000284306	0.00047588	9.33942300927113E-05	0.000242063	0.00219733	0.001174171	0.00018034	0.00057297	0	0.000921659	0.00024104	0.00014051	0.000405278	0.000143225	0.00021574	0.001158847	0.000260492	0.0002553	0.00014364	0.00047229	0.00000245	0.009682314	0.000980808	0.0001583	0.000696019	0.000125842	0.000656816
G[Ins(T):R5]A	0.001561418	0.00810445	0.0017884	0.001767904	0.000834435	0.00302883	0.00019021	0.00053967	0.000276143	0.000147418	0.00053908	0.00042641	0.000912495	0.00008913609375	0.000394876	0.000207249	0.000357404	0.0022176	0.000711128	0.000799145	0.00128992	0	0	4.37162411573656E-06	0.000451044	0.000364855	0.000164121	0.00037992	0.000275523	0.000382037	0.000276725	0.000504755	0.000587412	0.00040286	0.005870008	0.000431119	0.00012203	0.003262752	0.000162853	0.00079267
G[Ins(T):R5]C	0.001738929	0.00766187	0.003414692	0.002329744	0.000809998	0.00351777	0.00020881	0.00052964	0.000384396	0.000415143	0.00010865	0.00032424	0.000587443	0.000152128	0.000329409	0.000259402	9.51111796416277E-05	0.00145056	0.002436502	0.003482835	0.00068032	0	0	1.24591287298492E-05	0.00014297	0.000325581	0.000117219	0.00024792	0.0004018	0.001469914	0.000130815	0.000503628	0.000619544	0.00033575	0.0028621	0.004185633	0.00011037	0.003608938	8.14304496453756E-05	0.001178832
G[Ins(T):R5]G	0.001993054	0.00421285	0.003163883	0.002005132	0.00043874	0.00305327	0.00028978	0.00158046	0.001645928	0.000276968	0.00117925	0.00037848	0.00185376	0.000317948	0.000731878	0.000297789	0.000334038	0.00159124	0.000866061	0.00104284	0.00085267	0	0	5.4645301446707E-06	0.000177499	0.000713506	0.000489474	0.00018664	0.000749018	0.000662088	0.000327765	0.000497598	0.000450653	0.00024461	0.007397141	0.002384673	0.00040698	0.003341728	9.6092387496044E-05	0.001303731
G[Ins(T):R6]A	0.005342546	0.01729058	0.009290416	0.006621133	0.001909655	0.00915982	0.00069483	0.00147094	0.000954349	0.000867165	0.00062147	0.00018453	0.002149855	0.000958089	0.001751909	0.000347301	0.000619497	0.00099603	0.002648514	0.000407785	0.00246469	0	0	0.000220057	0.000481389	0.000314093	0.000124931	0.0006743	0.001023803	0.00209428	0.00037542	0.0023871	0.000984855	0.00049742	0.002308633	0.003596295	0.000552605	0.007864388	0.000298141	0.004433877
G[Ins(T):R6]C	0.009533428	0.01898451	0.014940462	0.008815512	0.002961973	0.00850901	0.00127755	0.00110604	0.000924256	0.00102331	0.00161334	0.00042209	0.003303769	0.000782136	0.002145589	0.000405609	0.000990557	0.00131244	0.003942688	0.00146282	0.00351119	0	0	0.000422845	0.000904835	0.001571686	0.000576732	0.00039059	0.001295218	0.003805107	0.000257105	0.002624095	0.000838636	0.00140859	0.001666384	0.002051504	0.00069689	0.005886679	0.000107055	0.008804674
G[Ins(T):R6]G	0.010984704	0.0074037	0.016360114	0.01007675	0.002423308	0.00710537	0.00154909	0.00253796	0.001446796	0.000845368	0.00331733	0.0002639	0.003716261	0.000871114	0.005452394	0.000772601	0.000840528	0.00149451	0.002025214	0.00146643	0.00400073	0	0	1.1748739811042E-05	0.002592602	0.000673652	0.000355802	0.00048768	0.001015461	0.001759916	0.00035077	0.001858973	0.00064734	0.0012059	0.004598754	0.00132574	0.00143133	0.003362856	0.000197624	0.013679673
G[Ins(T):R7]A	0.009304652	0.01246819	0.008840027	0.008659282	0.002556023	0.00687992	0.00058381	0.00090849	0.00071239	0.001425793	0.00121687	0.00010627	0.002298176	0.000593072	0.003277255	0.000718107	0.0008503	0.00120923	0.002627698	0.00039169	0.00522468	0	0	0.00042913	0.001867021	0.000659143	0.00022728	0.00054081	0.001480375	0.001065854	0.000404545	0.003413608	0.000416364	0.00091723	0.001451423	0.00111475	0.000787405	0.004933679	0.000864915	0.00963448
G[Ins(T):R7]C	0.010508482	0.01285976	0.012664792	0.011735675	0.0030906	0.00664478	0.00088431	0.00064671	0.000672425	0.000977643	0.00155463	0.00014833	0.002682317	0.000621268	0.002788622	0.000467848	0.001101164	0.00100474	0.00258464	0.001059075	0.00458435	0	0	0.000913068	0.000368578	0.001031187	0.000369371	0.00032312	0.001635724	0.002145634	0.00025227	0.002884488	0.000443557	0.00000339	0.001509012	0.001177035	0.000939215	0.003530835	0.000285514	0.010392185
G[Ins(T):R7]G	0.013267388	0.00431519	0.014328713	0.009868898	0.00272749	0.00624053	0.00106665	0.00117817	0.001665545	0.00109651	0.00084046	0.00036266	0.004014609	0.00106002	0.006224647	0.000330064	0.001216142	0.00195347	0.004267383	0.00137741	0.00632361	0	0	1.04918978777677E-05	0.000969378	0.001040717	0.000564809	0.0004854	0.002344022	0.002180351	0.000583735	0.003082623	0.002141651	0.00062192	0.000711985	0.002188915	0.00172417	0.002403401	0.000674043	0.016789733
G[Ins(T):R8]A	0.012724743	0.00511665	0.006311599	0.006346771	0.002715785	0.00405205	0.00039725	0.00029296	0.000953601	0.00115744	0.00061404	0.00009178	0.00244412	0.000470106	0.003280736	0.000412548	0.000705382	0.00050799	0.001320693	0.000522845	0.00544154	0	0	0.000648093	0.000827856	0.001455937	0.000948487	0.00094712	0.000700492	0.00172714	0.000701915	0.002133348	0.002208395	0.00126624	0.001382843	0.000646373	0.001094515	0.001102189	0.000861352	0.014470536
G[Ins(T):R8]C	0.012312369	0.00667476	0.006458175	0.007951981	0.002485928	0.0056642	0.00071562	0.00050868	0.00128151	0.00069293	0.00032623	0.00007177	0.002161694	0.000348824	0.003145751	0.000638339	0.000603593	0.00063149	0.001988524	0.00034113	0.00561105	0	0	0.00020186	0.001673459	0.000797826	0.000568637	0.00071159	0.000514226	0.002169706	0.00061585	0.002245688	0.000626404	0.00120045	0.000748538	0.001218792	0.001133305	0.002512159	0.001015567	0.013759474
G[Ins(T):R8]G	0.016930458	0.00221089	0.009245874	0.008943971	0.003233355	0.00465159	0.00076506	0.00057766	0.000977886	0.001069605	0.00097573	0.0001008	0.002763975	0.000901884	0.006042747	0.000630179	0.000793189	0.00095915	0.00090508	0.000459815	0.00528783	0	0	1.20219663182755E-05	0.001044238	0.002197603	0.000742733	0.0009968	0.000860081	0.002142845	0.000411545	0.00204713	0.001147179	0.00051754	0.000411078	0.000626549	0.00173097	0.001041409	0.001289174	0.022576008
G[Ins(T):R(9,)]A	0.018682783	0.00281443	0.002219849	0.001845438	0.005706573	0.00205546	0	0.00029147	0.000410965	0.000884415	0.00027001	0.00000127	0.0010278	0.000705447	0.002098409	0.000834634	0.00023169	0.00120893	0.002208711	0.000045195	0.01189848	0	0	0.00126247	0.00443302	0.008292974	0.004654076	0.00369954	0.001759438	0.00101572	0.000699285	0.00183309	0.000904689	0.00332405	0.003114861	0.001332208	0.00092583	0.000499179	0.001132041	0.024790095
G[Ins(T):R(9,)]C	0.019600668	0.00425413	0.001395606	0.002833576	0.005399865	0.0038288	0.00000095	0.00005268	0.000434445	0.00051915	0.00020017	0.00000002	0.001147445	0.001053756	0.001848709	0.000357889	0.000379475	0.00053049	0.009212626	0.000032805	0.01018643	0	0	0.001471598	0.00228939	0.011416559	0.007952466	0.00532882	0.001372646	0.001093867	0.00093443	0.002107738	0.001642069	0.00238489	0.002727323	0.001395055	0.000909125	0.001097698	0.001063301	0.026172672
G[Ins(T):R(9,)]G	0.014440772	0.00032688	0.001753423	0.002079699	0.003697238	0.00150906	0.00001912	0.00028146	0.000199089	0.00029625	0.00051164	0.00000692	0.000636229	0.000523478	0.002424605	0.000633923	0.000131848	0.00043157	0.001357478	0.000109815	0.0089437	0	0	0.000847876	0.001662393	0.00540199	0.004068556	0.00382591	0.000643438	0.001653096	0.000351855	0.000904155	0.001072806	0.00194005	0.000712126	0.002138722	0.001034645	0.000357443	0.000980308	0.020687418
Del2:U1:R1	0.001236585	0.00003226	0.004335516	0.003016923	0.00294266	0.00000902	0.00013241	0.00426163	0.002854904	0.016741265	0.01015938	0.00611984	0.003167302	0.002440085	0.000259941	0.003648309	0.007798745	0.0001174	0.001306387	0.005897515	0.00886568	0	0	0.004128179	0.003070294	0.004668069	0.002875073	0.00218758	0.058076669	0.002897338	0.00715656	0.00402875	0.001807528	0.03527352	0.0054444	0.007194184	0.000013755	0.0001217	4.20693403166297E-05	0.000702034
Del3:U1:R1	0.000377441	0.00000786	0.000322971	0.001180606	0.001241578	0.00000086	0.000187	0.00168357	0.000234106	0.001644475	0.00279767	0.00376208	0.001522183	0.002194804	0.000172073	0.002263117	0.001067714	0.00002501	0.002376477	0.0011796	0.00051019	0	0	0.004699113	0.001454436	0.001657856	0.001418603	0.00177605	0.002731913	0.000992674	0.007066025	0.000632935	0.001779362	0.00131548	0.000660812	0.001546244	0.000696345	1.6512488001744E-05	0.000918878	0.000242829
Del4:U1:R1	0.000454566	0.00000073	0.000241739	0.000251484	0.000800698	0.00002411	0.00009598	0.00132873	0.000133638	0.002428885	0.00299246	0.00266803	0.00118329	0.001422169	0.0000628578125	0.001972389	0.001072384	0.0000053	0.001281959	0.001107955	0.00088209	0	0	0.005169883	0.003130086	0.001202863	0.001563618	0.00157793	0.000278616	0.001339964	0.00556366	0.000384755	0.001024044	0.00072138	0.000889127	0.001140808	0.000317965	1.24896155707242E-05	0.00036139	0.000152722
Del5:U1:R1	0.000328821	0.00000591	0.000294769	0.00017529	0.000108705	0	0.00003793	0.00105847	0.000144455	0.000332835	0.00104119	0.00228482	0.000951134	0.001473007	0.0000155009375	0.002041742	0.000552092	0.00000561	0.000402543	0.001199625	0.0002199	0	0	0.004559549	0.00157625	0.000842578	0.005121634	0.00012188	0.000205249	0.000340529	0.004650895	0.000124478	0.000362228	0.00084462	0.000993385	0.001023128	0.00012602	7.54678394036269E-06	0.000134946	9.00796940803985E-05
Del6:U1:R1	0.000224664	0.00000878	0.000113608	0.000147508	0.000324465	0.00000204	0.00001182	0.00077924	0.000190843	0.000136203	0.00149322	0.00201548	0.0009037	0.00132069	0.00002391625	0.002559155	0.00031458	0.00000243	0.000612702	0.00099263	0.00004591	0	0	0.002456525	0.000556755	0.000951171	0.004020173	0.00104732	0.000174936	0.000584424	0.0043041	0.000162223	0.000183599	0.00055518	0.000259568	0.001277609	0.000051035	1.45634219014437E-05	5.89636679893535E-05	0.000131548
Del7:U1:R1	0.000210334	0.00000043	0.000234295	0.00063073	0.0000280125	0.00000768	0.00000929	0.00095559	0.00009975625	0.000158648	0.00057063	0.00152034	0.000925485	0.001535212	0.0000374628125	0.001841604	0.000233382	0.00000095	0.000775287	0.000897555	0.00017669	0	0	0.000632629	0.001279791	0.000620166	0.003905568	0.00090047	0.000200319	0.000309094	0.003652945	0.00010093	0.000444416	0.00052188	0.000440883	0.002212957	0.00000661	4.70894369832548E-06	8.11682782041477E-06	0.000102995
Del8:U1:R1	0.000217344	0.00001624	0.000213007	0.000154492	0.000042525	0.00000382	0	0.00076502	0.00007775875	0.000200645	0.0005187	0.00150617	0.000839921	0.001153462	0.000019990625	0.002223877	0.000240165	0.00000159	0.000632235	0.000995945	0.00053093	0	0	0.00127564	0.000565582	0.000553807	0.003390953	0.00029094	0.000144342	0.000495793	0.00301698	0.00003815	0.000216677	0.0005516	0.000430767	0.000484405	0.00000392	1.12733983241368E-05	1.31085720613934E-09	6.14751170601073E-05
Del9:U1:R1	0.000259758	0	0.000210763	4.76713967125973E-05	0.0000807375	0.00000472	0	0.0005911	0.0000930075	0.000119355	0.0004084	0.00125083	0.000789158	0.00095088	0.0000141384375	0.002359068	0.000152893	0.0000023	0.000812167	0.000930475	0.00027622	0	0	0.000415359	0.000400083	0.000274044	0.002842596	0.0003388	0.000168727	0.00038347	0.002254495	0.000106773	0.000406314	0.00076742	0.000396859	0.000609771	0.000000065	8.2796327940756E-06	3.40822873596227E-08	6.13275512924938E-05
Del(10,):U1:R1	0.000434465	0.0000638	0.001305913	0.002332888	0.002493083	0.00000141	0.00001963	0.00447493	0.00101073	0.001118613	0.00535118	0.00661945	0.008098565	0.009570473	0.000127385	0.041400474	0.001032263	0.0002415	0.003030621	0.00826093	0.00120995	0	0	0.004894361	0.003073908	0.002963269	0.01356499	0.00166559	0.00161855	0.001388825	0.01763635	0.00166774	0.000547246	0.00364521	0.00050169	0.021063233	0.000003625	2.20010581401896E-05	3.58519445879108E-06	0.000278391
Del2:U(2,):R1	0.001924983	0.00019477	0.00372341	0.004004143	0.002923858	0.00020824	0.00077339	0.01009171	0.003801804	0.019758225	0.01253938	0.01693101	0.007879537	0.005355163	0.001341036	0.008259025	0.010573909	0.00020479	0.001465551	0.007260145	0.00473022	0	0	0.023011901	0.002864485	0.00977364	0.007563886	0.00132945	0.031605662	0.006878911	0.021259085	0.002934485	0.00485219	0.03891361	0.00310576	0.000896731	0.00200974	0.000323358	0.002428768	0.001235594
Del3:U(2,):R1	0.001224004	0.00007663	0.000665648	0.002153658	0.001442803	0.00002898	0.00006969	0.00456209	0.000807621	0.003831078	0.00304471	0.009262	0.003911988	0.003636988	0.000177256	0.006868051	0.00248928	0.00019554	0.001736258	0.001822345	0.00202368	0	0	0.014276194	0.001365605	0.004890844	0.004674232	0.00123353	0.004271958	0.002131896	0.014698935	0.00079477	0.001340457	0.00158118	0.00078856	0.000813028	0.000560725	0.000118129	0.000550004	0.00047618
Del4:U(2,):R1	0.000904649	0.00007115	0.001463394	0.001278605	0.001028023	0.00002419	0.00002884	0.00334556	0.000942278	0.003340265	0.0043026	0.00626235	0.002915346	0.003595494	0.000130398	0.005528814	0.000928552	0.00007606	0.000548019	0.0017569	0.00100043	0	0	0.015252924	0.001946793	0.004287521	0.004530232	0.00360643	0.000803589	0.003008079	0.0122281	0.000757145	0.002139871	0.00161912	0.000474168	0.001107767	0.00021387	4.92100209003815E-05	0.000192901	0.000405735
Del5:U(2,):R1	0.00062551	0.00000942	0.000574259	0.00056411	0.00074044	0.00000416	0.00001267	0.00192208	0.000333184	0.000922908	0.00225957	0.005555	0.002212561	0.004324353	0.000057408125	0.005114607	0.001160835	0.00019171	0.001862248	0.001132235	0.00092154	0	0	0.009641125	0.000807153	0.003959473	0.014160113	0.00031772	0.000381315	0.000755504	0.01246519	0.000609065	0.000673755	0.00154332	0.000309565	0.001305588	0.00008204	3.53170777374411E-05	0.000101909	0.000408927
Del6:U(2,):R1	0.000519492	0.00001667	0.000474087	0.000531248	0.000361723	0.00000284	0.0000225	0.00233529	0.000463696	0.000577005	0.0018992	0.00464903	0.002493214	0.003091524	0.0000504815625	0.005295105	0.000979003	0.00032993	0.001189712	0.00158224	0.00055161	0	0	0.007565533	0.001696336	0.002530151	0.011838673	0.00089912	0.001070971	0.00100016	0.0095541	0.000435168	0.000753409	0.00091047	0.000608291	0.000671822	0.000041935	3.82328806234903E-05	5.4264244905344E-05	0.00028351
Del7:U(2,):R1	0.000825943	0.00005012	0.000489818	0.000514999	0.000915648	0.00001152	0.00002072	0.00231431	0.000249449	0.000628883	0.00110504	0.00425795	0.00228502	0.003215426	0.0000275628125	0.006402076	0.000199005	0.00003366	0.001177355	0.001252035	0.00011124	0	0	0.003345932	0.001721546	0.00174669	0.009769519	0.00080547	0.000150954	0.000293864	0.00841209	0.000208033	0.000530005	0.00072204	0.000364389	0.000857973	0.000020685	4.96622042356512E-05	3.46761056740039E-05	0.000193272
Del8:U(2,):R1	0.00048912	0.00002261	0.000646638	0.00050661	0.0000449275	0.00001677	0.00000862	0.00088734	0.000177553	0.00013236	0.00049363	0.00350274	0.001763683	0.002744743	0.000051888125	0.005424966	0.00091392	0.00002599	0.00103435	0.00109716	0.00073167	0.000685589	0	0.004056102	0.000495721	0.001504878	0.009178831	0.00066232	0.000416261	0.000305509	0.007367165	0.000316693	0.000685816	0.00086132	0.001785565	0.001341393	0.00001014	1.7635150075517E-05	2.5372952082033E-05	0.000197016
Del9:U(2,):R1	0.000475385	0.00000472	0.000310049	0.00057882	0.0000530375	0	0.00002518	0.00133266	0.000200804	0.000416735	0.00149724	0.00315384	0.00191447	0.002704394	0.00004501125	0.005543133	0.00059201	0.00000949	0.000826045	0.001248765	0.00064997	0.000411353	0	0.00290336	0.000922992	0.001367489	0.007800369	0.00086306	0.000276695	0.001258494	0.006576005	0.000421843	0.000447992	0.0008106	0.000162219	0.001028939	0.00001081	1.13513609681488E-05	1.10085788171581E-05	0.000150552
Del(10,):U(2,):R1	0.001539646	0.00004382	0.005800023	0.007475223	0.00326904	0.00000808	0.00005195	0.014459	0.002528344	0.00420686	0.01936241	0.01628113	0.020899746	0.025990491	0.000451051	0.096981511	0.004327256	0.00047272	0.001991091	0.01435318	0.004022	0.000274236	0	0.010391569	0.003241527	0.01153219	0.038561716	0.00467513	0.003016383	0.004177589	0.046430005	0.00283939	0.003422722	0.00670524	0.001369318	0.026914711	0.000017045	3.86694714299576E-05	2.76879259080751E-05	0.000965722
Del2:U1:R3	0.001920481	0.00004274	0.003807164	0.004844142	0.003277815	0.00005992	0.00039243	0.00455645	0.002124866	0.023590633	0.00935492	0.00627521	0.003447561	0.001778173	0.00108279	0.003177636	0.002625529	0.00028875	0.003417671	0.003032305	0.0020975	0.000274236	0	0.002640188	0.004404815	0.005955075	0.002216248	0.00489686	0.01014046	0.002004092	0.0089256	0.001590003	0.003256596	0.03080744	0.001616035	0.001501393	0.00018773	0.000270873	0.000245118	0.000777278
Del2:U1:R4	0.000584406	0.00000678	0.001587316	0.00229893	0.00146277	0.00001973	0.00016861	0.00331077	0.001151451	0.011477575	0.00500137	0.00385084	0.002257938	0.00112851	0.000691176	0.002299285	0.001259151	0.00023369	0.001188286	0.00176682	0.00165028	0.000137118	0	0.000730881	0.008133937	0.002446229	0.001185613	0.00213838	0.002831501	0.001787361	0.00495126	0.001353945	0.001268422	0.01294454	0.001335038	0.002661791	0.000118305	0.000100244	0.000102754	0.000440884
Del2:U1:R(5,9)	0.00003311875	0.00011023	0.000503915	0.000502714	0.003899133	0.00304144	0.00000026	0.0033281	0.000895215	0.006714403	0.00274198	0.00355604	0.002432472	0.002796244	0.005218206	0.001442025	0.005249541	0.00000007	0.002013095	0.00199081	0.0021778	0	0	0.000328418	0.005593701	0.003068421	0.000422348	0.00342912	0.001450455	0.000624868	0.00127997	0.00024971	0.001210441	0.01266384	0.000285371	0.002434117	0.165891175	0.000911695	0.130993932	0.003170478
Del2:U2:R2	0.005069844	0.00001155	0.012249014	0.018263823	0.00933234	0.00008046	0.00093657	0.01224585	0.008956423	0.071789593	0.03235848	0.01356193	0.009079884	0.004575607	0.002423929	0.00865461	0.006742674	0.00169481	0.003622364	0.002909495	0.00274518	0	0	0.006691317	0.003190819	0.013353816	0.002849826	0.00397172	0.013165514	0.008997614	0.01411951	0.00431834	0.004812687	0.14445355	0.00333131	0.002215113	0.00070303	0.000430463	0.000898692	0.002383575
Del2:U2:R3	0.001690663	0.00003292	0.004304331	0.004935711	0.003563843	0.00015856	0.0005859	0.00549025	0.011191655	0.021906893	0.00965319	0.00341647	0.004484447	0.000912929	0.001564688	0.002187786	0.002941244	0.00035384	0.001603613	0.00093674	0.00190006	0	0	0.002321005	0.000753251	0.004465253	0.001712129	0.00104849	0.001887301	0.004365224	0.003087015	0.00082026	0.001964144	0.03826149	0.00419207	0.002775675	0.00074188	0.000264293	0.000999193	0.000882777
Del2:U2:R4	0.001138739	0.00003264	0.000501689	0.002396088	0.000989128	0.00095704	0.00107556	0.00195437	0.006737323	0.007222845	0.00403907	0.00064486	0.001872425	0.000930139	0.003400903	0.000416395	0.000799784	0.00010024	0.000769584	0.00023017	0.00086027	0	0	0.000696017	0.000402383	0.005248609	0.002790603	0.00197928	0.000821977	0.002023981	0.00038603	0.000242608	0.002552007	0.01449943	0.001258393	0.001041687	0.00210289	0.00059972	0.002120761	0.000783056
Del2:U2:R(5,9)	0.001967236	0.00003085	0.000355122	0.003016281	0.002761698	0.00278683	0.004758	0.00175619	0.006259141	0.01124891	0.00229956	0.00049882	0.001383805	0.001291612	0.019128415	0.000903402	0.004199169	0.00049457	0.203074763	0.00113539	0.00158531	0	0	0.000802958	0.000598278	0.018084869	0.007399614	0.0063612	0.002531928	0.001813344	0.00076612	0.0003437	0.002487902	0.01290564	0.000807475	0.001088787	0.01914966	0.00233849	0.018344988	0.004587667
Del3:U1:R4	0.000062130625	0.00000787	0.000102721	0.000107308	0.000205623	0	0.0000005	0.00032371	0.000189225	0.000384938	0.00031223	0.00127171	0.000337634	0.000569368	0.000024861875	0.000564083	0.000380376	0.00001228	0.000771533	0.000395555	0.00015896	0	0	0.000454867	0.000840037	0.000259844	0.000401001	0.00047941	0.000355757	0.000576676	0.001978325	0.00028061	0.000286677	0.00037002	0.000171933	0.002236577	0.000005165	4.10239432791203E-05	2.45785726151126E-06	4.12115481058907E-05
Del3:U1:R(5,9)	0.000282709	0.00000115	0.000265993	0.000156208	0.000132303	0.00000643	0.00006608	0.00104997	0.000141874	0.002830593	0.00302874	0.00092455	0.000747351	0.001092145	0.000108245	0.000764217	0.000464428	0.0001882	0.000734558	0.00036558	0.00054798	0	0	0.000183718	0.002664716	0.001252965	0.000631784	0.00056723	0.000225978	0.000504781	0.002096065	0.000372053	0.000673044	0.0051044	0.000456097	0.002218534	0.0355122	9.44907245425577E-05	0.029840093	0.000266551
Del3:U3:R2	0.005066891	0.0000274	0.01382772	0.016254264	0.008495858	0.00003277	0.00141632	0.00731509	0.001288146	0.061520713	0.03772875	0.00486514	0.007058109	0.004505271	0.003457158	0.004743512	0.007389659	0.00098419	0.003082377	0.0013827	0.00125123	0	0	0.008967021	0.001557789	0.014484123	0.006932146	0.01156252	0.004084153	0.006338719	0.00677683	0.004098523	0.003958841	0.01859212	0.003636119	0.002290145	0.000651565	0.00053236	0.001029105	0.00136306
Del3:U3:R3	0.001230623	0.00001109	0.003611011	0.003705574	0.00404726	0.00005337	0.00057193	0.00178703	0.00035539	0.017938315	0.00695276	0.00076477	0.00175617	0.000533657	0.001384986	0.000799244	0.001539121	0.00028615	0.003034138	0.000279785	0.00096914	0	0	0.000178581	0.001441697	0.004385769	0.001805168	0.00328799	0.000884402	0.003903384	0.00098679	0.00108923	0.001007629	0.00349164	0.000836636	0.000678805	0.00024587	0.000227542	0.000398219	0.000455133
Del3:U3:R4	0.000253595	0.0000033	0.000522438	0.000465059	0.000719878	0.00003242	0.00017833	0.00072251	0.0000293	0.0040599	0.00237947	0.00010342	0.000663673	0.000267227	0.000467818	0.000225641	0.000469832	0.00022329	0.002489873	0.000067235	0.00037044	0	0	0.000214374	8.87812153555821E-05	0.001040087	0.000657092	0.00118326	0.000381968	0.000574961	0.000353235	0.000182465	0.00059281	0.00053494	0.000272158	0.000691599	0.000191045	5.50728117300848E-05	0.000202999	0.000165847
Del3:U3:R(5,9)	0.000529778	0.00002034	0.000452703	0.001678958	0.000214188	0.00006072	0.00031487	0.00027756	0.000239469	0.005108493	0.00212058	0.00018089	0.000211425	0.000279333	0.001073221	0.000255068	0.001051047	0.00061552	0.168467805	0.00028352	0.00029526	0	0	0.0006817	0.000168211	0.001134493	0.00043836	0.00140814	0.000644467	0.000580605	0.00044789	0.000205065	0.000847583	0.0006203	0.00086435	0.001310321	0.00091282	0.000137885	0.000864261	0.000217118
Del4:U1:R(5,9)	0.000101339	0.00000063	5.5056184875799E-05	0.000296244	0.000538043	0	0.0002543	0.00008155	0.00005308875	0.001702905	0.00038827	0.00071737	0.000203598	0.000642836	0.0000449390625	0.000635141	0.000378029	0.0000015	0.00064212	0.00016119	0.00040835	0	0	0.000376779	0.002451632	0.000813802	0.000805772	0.00077202	0.000439479	0.000672389	0.000808575	0.00019557	0.000501823	0.00513522	0.00116758	0.000991493	0.006900365	1.35810925868924E-05	0.006350172	0.000118783
Del4:U2:R3	0.000100063	0.00000567	0.000294091	0.000196707	0.000194403	0.0000104	0.00000398	0.0002409	0.00001025125	0.0016711	0.00068806	0.00007023	0.000209804	0.000433548	0.0000312009375	0.000166049	0.000418232	0.00000365	0.000312434	0.00001409	0.00003987	0	0	0.000280986	0.000131559	0.000596103	0.000372785	0.00048786	7.39513660473055E-05	0.000122812	0.000373575	0.000105028	0.000259873	0.00103723	0.000542707	0.000515571	0.00000476	4.36590806467263E-06	1.14450942668025E-05	3.81445530551424E-05
Del4:U2:R4	0.000338178	0.00000013	0.000352	0.00061198	0.000543388	0.00000063	0.00004152	0.00034357	0.00006961375	0.003565483	0.00198351	0.00009586	0.000246988	0.00009770828125	0.00008981	0.000125296	0.000377688	0.00003824	0.001400869	0.000021075	0.00024719	0	0	0.000197215	0.00015245	0.001165433	0.000735221	0.00074765	0.00055286	0.001120561	0.00021058	0.000144145	0.000625816	0.00266903	0.000543813	0.000491154	0.000048025	1.24116529267122E-05	0.000159554	0.00018576
Del4:U2:R(5,9)	0.001324848	0.00000345	0.000380654	0.00025134	0.001338538	0.00010204	0.00000689	0.00043354	0.00007331	0.006331128	0.00273362	0.00000906	0.000208217	0.000332577	0.000212393	0.000296745	0.000330927	0.00002344	0.001448394	0.00006951	0.00042666	0	0	0.000553666	0.000578351	0.004246805	0.002424296	0.00210039	0.000700275	0.00142094	0.00040568	0.00013191	0.001312846	0.00674426	0.00019308	0.000726561	0.00340567	9.17932170597421E-05	0.003019425	0.000727716
Del4:U4:R2	0.005290473	0.00006898	0.008804928	0.008462077	0.003222093	0.00002972	0.0006588	0.00718276	0.000667546	0.045623765	0.04173645	0.00241981	0.006311825	0.003453846	0.001372865	0.002060169	0.006029014	0.00060942	0.0025662	0.00012612	0.00169781	0	0	0.002679915	0.003040784	0.014923216	0.006155993	0.00775791	0.002203682	0.004423638	0.00379312	0.002199233	0.001585112	0.0284406	0.001101745	0.001302729	0.00023786	0.000429481	0.000417145	0.001092332
Del4:U4:R3	0.001467443	0.00000063	0.001256335	0.001025992	0.001234815	0.00002739	0.00016638	0.00145661	0.000100945	0.012176093	0.01006696	0.00021229	0.000992788	0.000544121	0.000370093	0.000325366	0.00185096	0.00005054	0.00094562	0.00003382	0.00033296	0	0	0.000157433	0.000756236	0.004475789	0.002376491	0.00299877	0.000801732	0.002527275	0.00065907	0.000632583	0.001187447	0.00747096	0.000331658	0.00067843	0.00020011	6.34459996969748E-05	0.000325477	0.000510796
Del4:U4:R4	0.000757799	0.00000494	0.000507776	0.000663171	0.00047161	0.00002505	0.00014124	0.00071153	0.00009876875	0.006101345	0.00466523	0.00021951	0.000422384	0.000247115	0.000281751	0.000259361	0.000900137	0.00009195	0.02357172	0.00005248	0.00007106	0	0	0.000211204	0.000393755	0.002146445	0.001143424	0.0014934	0.000218601	0.000367779	0.00076065	0.000200818	0.000808545	0.00400107	0.000616305	0.0006542	0.00017553	0.000127375	0.000247523	0.000314865
Del4:U4:R(5,9)	0.000636975	0.00000215	0.000123165	0.000656685	0.00028903	0.00003828	0.00020741	0.00052891	0.000102788	0.005188283	0.00338135	0.00007146	0.00048085	0.000163932	0.000708313	0.000142737	0.000968332	0.00021511	0.039394748	0.000097245	0.0001467	0.000274236	0	0.000211641	0.00067578	0.001684912	0.000668252	0.00100084	0.00030686	0.000541366	0.000255425	0.00005751	0.000334292	0.00347129	0.000206032	0.000700269	0.00065036	9.90905205392664E-05	0.000662887	0.00033576
Del5:U1:R(5,9)	0.0000141625	0.00000242	1.6679476005652E-05	1.07252341338534E-05	0.00005929	0.00000017	0.00003594	0.00009227	0.00000724625	0.00028054	0.00059668	0.00017197	8.02508579912901E-05	0.00009195890625	0.0000679790625	5.5010356155052E-05	9.09099809944066E-05	0.00000194	8.77325095665743E-05	0.00008669	0.00012595	0	0	1.00547354661941E-05	0.000479404	0.000188081	0.000197231	0.00016991	0.000134683	0.000241273	0.000400825	0.0000731925	0.001024062	0.00043894	0.000158347	0.000466409	0.000678975	4.41268565107984E-06	0.000618738	2.24409946337221E-05
Del5:U5:R2	0.000987268	0.00001384	0.000831574	0.000929078	0.000563098	0.00002941	0.00006672	0.00127652	0.000301876	0.009871513	0.01065998	0.00041435	0.000977114	0.002325039	0.000193864	0.0005515	0.002039764	0.00020262	0.001070232	0.000008715	0.00008751	0	0	0.000754105	0.000222824	0.003571545	0.002045539	0.00151227	0.000277077	0.000855051	0.000900865	0.00020885	0.000456898	0.01136199	0.000507543	0.000685459	0.00003856	7.27079618056017E-05	9.62064320729782E-05	0.000255301
Del5:U5:R3	0.000146813	0.00000651	0.000307614	0.000157569	0.000240155	0.00001624	0.0000667	0.00051548	0.00006322125	0.00212917	0.00162607	0.00001073	0.000264886	0.000349121	0.000072679375	0.000156081	0.000480486	0.00000334	0.002942508	0.00000968	0.00012274	0	0	6.06562846058448E-06	0.000860312	0.000872732	0.000349955	0.00039494	0.000169921	0.000547129	0.00009819	0.000189663	0.00016785	0.00208079	0.000192064	0.000329842	0.00006821	6.82952761545219E-06	5.5365364958501E-05	0.000139709
Del5:U5:R4	0.000211917	0.00000016	0.000207241	6.39308073861068E-05	0.0000841175	0.00000099	0.00001193	0.00001083	0.00002624375	0.00101626	0.00097618	0.00000989	2.93244647184462E-05	0.000178209	0.000109685	3.72153747585751E-05	7.28767332419392E-05	0.00001126	0.000582475	0.00001436	0.00001643	0	0	3.77052579982279E-06	0.000112287	0.000267841	0.000150776	0.0002909	5.99252834880642E-05	0.000157019	0.000045975	0.0000549325	5.63461094625012E-05	0.00060578	6.30493824785605E-05	0.000260902	0.00002605	1.08368075176696E-05	4.90103292231375E-05	6.32438997098753E-05
Del5:U5:R(5,9)	0.000030041875	0.000014	6.02652600204213E-05	7.26526696126048E-05	0.00015234	0.00000059	0.00000342	0.0002738	0.00000394875	0.00065142	0.00016111	0.00000419	0.000131231	0.0000197225	0.000100217	3.59461894366934E-05	0.000151977	0.00001161	0.000689171	0.000027885	0.00004551	0	0	8.47002172423959E-06	6.76381496855797E-05	0.000224226	0.000108946	0.00043764	0.000165511	0.000150187	0.000060185	0.0000111175	0.00016257	0.00061039	4.17413056887567E-05	0.000804967	0.000067755	9.40229486784856E-06	5.27567591182837E-05	4.66232825710703E-05
Del(6,):U1:R(7,9)	0.000013595625	0.00001493	0.000274724	0.000282752	0.0000636625	0	0.0000069	0.00006517	0.000117515	0.000135533	0.00032719	0.00008365	8.31771911126477E-05	0.000295028	0.000270723	0.0001752	6.25510563339238E-05	0.00000386	0.000198895	0.000128995	0.00014273	0	0	1.85794024918804E-06	2.5501629540084E-05	3.90398823909515E-05	0.000113579	0.00003303	0.000113525	0.000133956	0.000098245	0.000069095	0.000167308	0.00032412	2.41940692573232E-05	0.00055222	0.000000475	4.1164276038342E-06	1.43198041198661E-05	7.5077432357935E-06
Del(6,):U2:R(4,9)	0.001072006	0	3.82897460129748E-05	3.25741631124156E-05	0.001046813	0.00000047	0.00000013	0.00002011	0.00008512875	0.001377885	0.00004485	0.00006436	2.01619204655906E-05	0.000527339	0.00006461375	0.000191821	2.42322114087006E-05	0.00001726	0.000272893	0.000064675	0.00061049	0	0	0.000402189	0.000464751	0.005154845	0.00425437	0.00389553	0.000312888	0.00075743	0.00010653	0.000087945	0.001364106	0.00156252	0.00073095	0.001057621	0.00215113	8.76300118695007E-06	0.00154171	0.000674268
Del(6,):U3:R(3,9)	0.000202731	0	0.000177204	3.35924515957123E-05	0.000315578	0.00000786	0.0000071	0.00001524	0.00000857375	0.001334803	0.00057318	0.00012373	2.03878592111575E-05	0.00052669	0.000018479375	0.000119476	0.000114725	0.00000617	0.000329258	0.00007009	0.00017992	0	0	1.25684193327426E-05	0.000202676	0.000803975	0.000626102	0.00023978	0.000329573	0.000433419	0.000242045	0.000159583	0.000238513	0.00098557	0.000118175	0.003809629	0.000109695	7.54678394036269E-06	6.4886120846691E-05	0.000134175
Del(6,):U(4,):R(2,9)	0.002641246	0.00000071	0.002140391	0.002313551	0.004393058	0.0000118	0.00007218	0.00060487	0.000313009	0.00850735	0.00544168	0.00038575	0.001174643	0.005642132	0.000409478	0.002831903	0.002213445	0.00044647	0.000826187	0.00234638	0.00281354	0	0	0.001989635	0.000382461	0.007314233	0.004259034	0.01014515	0.001837178	0.002225704	0.00093312	0.002264903	0.001419403	0.003586	0.001968136	0.066930715	0.00024629	4.53430737573858E-05	0.000324825	0.001252312
Ins(2,4):M	0.009877139	0.00759071	0.000347573	0.00100421	0.00732886	0.00028527	0.00028493	0.00285492	0.005023343	0.001818975	0.00642569	0.00318593	0.00240337	0.005180818	0.000615407	0.002720209	0.002227474	0.00084651	0.002056249	0.01913667	0.02347052	0	0	0.02063882	0.001475561	0.031258994	0.024703672	0.08041798	0.007648922	0.019952291	0.00085734	0.033620705	0.011214669	0.00382045	0.003995601	0.004710858	0.00183039	0.000207708	0.003394787	0.009685911
Ins(5,):M	0.014235889	0.0016428	0.001100202	0.000222396	0.01215281	0.00000333	0.00042919	0.00030391	0.003003354	0.003471168	0.00530021	0.00205093	0.001069987	0.006925371	0.000634527	0.002143585	0.000341082	0.0009635	0.000903797	0.017022795	0.01710504	0.000137118	0	0.003578557	0.005257036	0.065703717	0.086673892	0.12375356	0.009900721	0.020784745	0.00068278	0.010545858	0.01980706	0.00865645	0.00879551	0.004515615	0.00219776	8.33108813912353E-05	0.002544719	0.010719607
Ins2:U1:R0	0.00055389	0.0000443	9.0284838316308E-05	8.91445157007798E-05	0.000362295	0.00000759	0.00005434	0.00035484	0.00065432	0.000641183	0.00139771	0.00049827	0.000317975	0.000785557	0.000181484	0.000265343	0.000236749	0.00002377	0.000511757	0.001442065	0.00043897	0	0	0.001323509	0.000161938	0.003161661	0.002780436	0.00732102	0.000413077	0.000770062	0.00029216	0.000271533	0.045054939	0.00077141	0.000912175	0.001003538	0.0000632	4.7136214569662E-05	6.17099138362154E-05	0.000421085
Ins3:U1:R0	0.000101581	0	6.3656811450142E-06	4.103038486501E-05	0.000197805	0	0.00000519	0.00000289	0.00002043	0.000085045	0.00034972	0.0000622	2.64439997298954E-05	0.000227488	0.0000316625	4.84049440173659E-05	4.05834232910315E-05	0.00000479	0.000329543	0.000167845	0.00015198	0	0	3.71588049837608E-06	6.40459263770376E-05	0.000594295	0.000456873	0.00148269	7.57450913235157E-05	0.000159142	0.0000427	0.000026075	0.003614369	0.00009059	0.000129427	0.00079072	0.00000424	1.23960603979098E-05	1.0574685081926E-05	6.75541599048257E-05
Ins4:U1:R0	0.000016421875	0.00000101	0	1.31159983989849E-05	0.000129535	0	0	0.0000079	0.000003705	0.000027365	0.00038763	0.00000267	8.14576353372824E-06	0.000122958	0.0000002875	3.19623696776005E-05	2.90704269452728E-05	0.00001101	0.000136019	0.00018285	0.00005621	0	0	8.19679521700606E-07	8.35895949614672E-05	9.84159072898743E-05	0.000301723	0.00105937	5.29202025277166E-05	2.80094009855604E-05	0.00002562	0.00002496	0.000560227	0.00040527	0.000212689	0.000259637	0.000000105	6.14345634814649E-06	0	1.46459979731139E-05
Ins2:U2:R0	0.001876952	0.00027249	0.000168064	0.000238955	0.000503508	0.00006395	0.00005446	0.0002043	0.000737688	0.001742768	0.00123903	0.00088758	0.000479105	0.002000998	0.000313811	0.000447717	0.000659548	0.00002815	0.002411503	0.001572645	0.00180411	0	0	0.007540451	0.000628241	0.009461931	0.008853167	0.00974298	0.000743695	0.002419967	0.000589265	0.002153628	0.037499349	0.00036146	0.001512441	0.001460808	0.00016745	9.651775328687E-05	0.000230172	0.001825479
Ins3:U3:R0	0.000618499	0.0000066	0.000219051	0.000202894	0.00141259	0	0.00003299	0.00008484	0.000286645	0.000879078	0.00091754	0.00053865	0.00019731	0.00195293	0.0000950690625	0.000128254	0.000284217	0.00002086	0.000788785	0.000322565	0.00088915	0	0	0.006867712	0.000172881	0.004334776	0.004305392	0.00452041	0.000253855	0.001399006	0.00023074	0.000588203	0.016295276	0.00082565	0.001168435	0.00042348	0.0000918	1.67931535201872E-05	0.000155347	0.000562038
Ins4:U2:R0	0.000085250625	0.00001474	8.74846343153591E-06	5.60833450528745E-05	0.00010204	0	0.00000395	0.00001649	0.00000317875	0.0000631	0.00025525	0.00000537	1.60693867393182E-05	0.00002387875	0.0000024725	3.09270442838435E-05	2.26480071027228E-05	0.00000276	0.000128415	0.00012053	0.00005543	0	0	0.000689514	2.74939353911322E-05	0.000339717	0.000335226	0.00093669	5.94582780907077E-05	0.000325515	0.000043265	0.00000983	0.000488746	0.00000915	7.98022168022099E-05	0.000126866	0.000001685	1.87110345628827E-07	6.43368716773186E-06	2.98760640897018E-05
Ins4:U4:R0	0.000797639	0.00015827	9.33024494601876E-05	0.000203746	0.000409843	0.00000794	0.00001476	0.00004044	0.000218833	0.000444628	0.00166394	0.00022161	9.21985591058983E-05	0.001109375	0.000080528125	0.000229659	0.00010135	0.00000119	0.000865539	0.000716155	0.00045676	0	0	0.003379265	7.68325101254286E-05	0.003945861	0.004026514	0.00527289	0.000274987	0.002249476	0.00016588	0.000697895	0.006955492	0.00003672	0.000755486	0.000875032	0.00003996	5.58524381702049E-05	6.41848122414065E-05	0.000420855
Ins(5,):R0	0.008273644	0	0.000106721	7.97696206426025E-05	0.002646755	0.00000036	0.00020134	0.00000001	0.00028901	0.000081465	0.00000026	0.00000013	6.65634363719078E-05	0.000151161	0.0000101953125	0.000320087	3.65712174382077E-05	0.00017635	8.60691087893099E-05	0.00002732	0.00325025	0	0	0.003189919	0.004122917	0.022114966	0.169069742	0.0002879	0.002861761	0.001653116	0.00007062	0.000917955	0.014078061	0.00475405	0.00100341	0.000767709	0.00010353	2.40124943556995E-05	0.000238989	0.002056684
Ins2:U1:R1	0.000932628	0.00017244	9.19545251740166E-05	0.000634438	0.000433648	0.00000529	0.00009355	0.00095632	0.0019128	0.00095791	0.00244075	0.00304779	0.000887751	0.000779121	0.000126539	0.000566201	0.000741821	0.00001576	0.000629431	0.00424354	0.00069938	0	0	0.005262834	0.00062457	0.004036539	0.003045104	0.01164436	0.001389208	0.00421386	0.000661125	0.001011385	0.02439546	0.0012945	0.002935346	0.00121973	0.000052625	3.21829794481583E-05	0.000126026	0.000676628
Ins2:U1:R2	0.000504391	0.00005284	0.000182509	0.000737717	0.0002574	0.00001222	0.00001902	0.0010027	0.001089746	0.000446435	0.00029702	0.00565922	0.00068888	0.000234701	0.00008162375	0.000287689	0.000122226	0.00002192	0.000396175	0.00113346	0.00060205	0	0	0.005760434	0.000417034	0.00159763	0.001471319	0.00280559	0.001225709	0.002282672	0.001181115	0.000284993	0.002524363	0.00017878	0.000984113	0.002396718	0.000014285	5.68191749559538E-05	3.32066347459217E-05	0.000217462
Ins2:U1:R3	0.000539428	0.00001141	0.00050935	0.001059972	0.000523355	0.00001622	0.00000206	0.00101524	0.001229076	0.000760733	0.00066982	0.00311497	0.000796432	0.000388878	0.00009320125	0.000339304	0.00035037	0.00005354	0.001884015	0.0012322	0.00064525	0	0	0.003680908	0.000427364	0.002334555	0.001535606	0.00226354	0.000219678	0.00055433	0.00050033	0.0003767	0.001619606	0.00134015	0.001782136	0.000658605	0.000006335	2.28118696379145E-05	2.03825186982605E-05	0.000252873
Ins2:U1:R4	0.000323783	0.00000374	0.000131984	0.000328608	0.000125553	0.00000212	0.00006376	0.0007783	0.000747936	0.00027438	0.00028125	0.00173564	0.000483252	0.000454638	0.00004039625	0.000188318	0.000246808	0.0000161	0.000215814	0.0008166	0.00059221	0	0	0.00296948	0.001872192	0.000676656	0.00071146	0.00072099	0.000327657	0.001810908	0.00022749	0.000323648	0.00046814	0.00000372	0.000118024	0.001368857	0.000006535	3.90904697076225E-05	2.97839865806919E-05	0.000187499
Ins2:U1:R(5,9)	0.002662861	0.0008021	0.001651042	0.000277605	0.000524185	0.00404183	0.0002284	0.00067869	0.001005068	0.000321643	0.00109082	0.0013895	0.000572189	0.001065733	0.001053109	0.00027523	0.000589862	0.00055263	0.000378542	0.00111486	0.0011853	0	0	0.000207379	0.001544155	0.001848096	0.001004868	0.00233769	0.001059434	0.001287386	0.000069555	0.00046535	0.000396616	0.00078677	0.000253143	0.001366514	0.002707435	0.000727781	0.001938184	0.007895233
Ins2:U2:R1	0.002252991	0.00013361	0.001654616	0.002823183	0.00128591	0.00002113	0.00010979	0.00177936	0.000543479	0.00353185	0.00284177	0.00789132	0.002234554	0.00082641	0.000181398	0.001870279	0.000730645	0.00010792	0.002486166	0.00215405	0.0038276	0	0	0.045973092	0.001863793	0.00643035	0.006554674	0.003468	0.005651418	0.004570252	0.00412434	0.00166717	0.001643285	0.00286077	0.003223342	0.003608199	0.00006713	7.63877986029687E-05	0.000216963	0.001230147
Ins2:U2:R2	0.001269718	0.0002177	0.000845331	0.002266987	0.000727345	0.00000686	0.00005041	0.00108124	0.00036816	0.00111999	0.00115958	0.00377649	0.001064572	0.000599716	0.000233205	0.000833292	0.000470952	0.00010872	0.001318697	0.000895335	0.00132643	0	0	0.032191383	0.001235211	0.002657407	0.002713343	0.0017068	0.001111032	0.001886651	0.00200123	0.000286863	0.000775981	0.00088938	0.001396981	0.003569113	0.000196225	0.000102053	0.000331732	0.000860468
Ins2:U2:R3	0.00097273	0.00119827	0.000351504	0.000432684	0.000602925	0.00028573	0.00007556	0.00045316	0.000821694	0.00098478	0.00060846	0.00065622	0.000403082	0.000549256	0.000353304	0.000251253	0.000392127	0.00005872	0.00016211	0.000483345	0.00065808	0	0	0.009342215	0.000489664	0.002466018	0.002563888	0.00167786	0.001986323	0.000579138	0.000413835	0.000540563	0.001083395	0.00046574	0.000570994	0.0009271	0.00033204	0.000722199	0.000414654	0.000822768
Ins2:U2:R4	0.00310061	0.0029425	0.002142069	0.002867157	0.001948528	0.00125606	0.00057406	0.00021526	0.000615446	0.000451888	0.00064989	0.00014712	0.000363331	0.000450143	0.002105187	0.000313634	0.000258722	0.00075921	0.000331872	0.000381825	0.00094207	0	0	0.001587227	0.000677746	0.001820552	0.001451365	0.00130156	0.000846108	0.000637761	0.00035199	0.000949923	0.002062843	0.00087363	0.001291849	0.001067088	0.00122534	0.001757075	0.001440177	0.003846101
Ins2:U2:R(5,9)	0.027060691	0.00389375	0.007621103	0.015100764	0.015903015	0.00381452	0.00586672	0.0001628	0.001797065	0.002477615	0.00131049	0.00006914	0.001569664	0.002280548	0.013344769	0.001188273	0.002152745	0.00204805	0.01745549	0.00546896	0.01289487	0	0	0.003237516	0.004076026	0.012372404	0.008498354	0.01996427	0.002933754	0.00150406	0.00175071	0.002392085	0.003616579	0.00410183	0.003531821	0.004516084	0.01070689	0.004424458	0.010631744	0.039728809
Ins3:U1:R1	0.000234336	0	2.54279394371879E-05	2.26901238125898E-05	0.0000021725	0	0	0.00001727	0.00003051625	0.0000555	0.00011566	0.00060889	1.60617823433543E-05	0.0000815825	0.0000282440625	3.5490779694871E-05	2.98908780174213E-05	0.00000785	0.001122463	0.00013343	0.0001169	0	0	0.000696509	2.86689129661947E-05	0.000456104	0.000326994	0.00091263	0.000158644	0.000234109	0.00006091	0.000020735	0.003188551	0.00000829	0.000401465	0.001067463	0.00000221	9.15281440701013E-06	4.58800022148768E-08	3.26156169484198E-05
Ins3:U1:R2	0.00005943375	0.00001513	1.13486528609884E-05	2.84013940015149E-05	0.00011111	0	0.00000909	0.00000761	0.000036455	0.000033395	0.00000146	0.00120532	2.02601490032163E-05	0.000055239375	0.00000391	7.54362739899727E-05	3.05023252934127E-05	0.00000213	0.000225129	0.00026246	0.0000209	0	0	0.00072416	0.000109584	0.000144979	0.000219553	0.00106698	0.000242715	0.001653797	0.00001162	0.00021973	0.00038105	0.00000366	9.85460842567613E-05	0.000365038	0.00000074	7.17256324910504E-07	0	2.44183921081064E-05
Ins3:U1:R3	0.00006590875	0.00000843	1.54185145766532E-05	0.000142118	0.0000405325	0	0.00000028	0.00017168	0.00003130875	0.000192498	0.00010063	0.00064021	0.000115918	0.00005706234375	0.000005504375	7.91833820213296E-05	4.23555086690867E-05	0.00000711	0.000125515	0.00016205	0.00003757	0	0	0.000893615	0.000262115	0.000242826	0.000347114	0.00027956	0.000155587	0.000632184	0.00011356	0.000122735	0.000253917	0.00002823	7.60614878896063E-05	0.000263526	0.000000135	1.29417989059939E-06	9.17600044297535E-09	3.24808919345079E-05
Ins3:U1:R4	0.000081014375	0.0000124	0.000119313	4.07204709787893E-05	0.0000541025	0.00000786	0.00000025	0.00007397	0.00004677375	0.0000518575	0.00009658	0.00040814	9.17962735478101E-05	0.0000689025	0.000008083125	9.31593464642825E-05	0.000161979	0.00000098	0.000167291	0.00014443	0.00034106	0	0	0.000901975	7.34221476151383E-05	6.09026925879518E-05	0.000110749	0.00022581	0.000191536	0.000243287	0.000108425	0.000172468	0.000195921	0.00000895	0.000136335	0.000235735	0.00000111	5.16112703359515E-06	6.55559688790282E-06	2.75549757217949E-05
Ins3:U1:R(5,9)	0.000256616	0.00000284	9.3728567460332E-05	0.000485303	0.000103378	0.00011669	0.00005863	0.00009061	0.00005054	0.0000949075	0.0001542	0.00042559	8.71472232394445E-05	0.000513074	0.0000356875	7.80547590520269E-05	6.27211498488814E-05	0.00000818	0.000215862	0.000264235	0.00072798	0	0	0.00025033	0.000596618	0.000549146	0.000291291	0.00067499	0.000282655	0.000155649	0.000033355	0.00018523	0.00064072	0.00000068	0.000172053	0.0008142	0.00014876	2.36538661932442E-05	0.000179272	0.00024553
Ins3:U3:R1	0.001346047	0.00014757	0.001695524	0.004208985	0.00097468	0.00003159	0.00001438	0.00182932	0.00032129	0.002885903	0.00324135	0.00377534	0.00217353	0.00034067	0.000139189	0.001562689	0.001529769	0.00031249	0.001982489	0.0036221	0.00272655	0	0	0.077459004	0.000679419	0.004334572	0.00480165	0.00328187	0.000722765	0.004856182	0.00245671	0.00232948	0.002020063	0.00087469	0.000712317	0.001605951	0.00000017	6.90593100658396E-05	1.94308363666034E-05	0.000574816
Ins3:U3:R2	0.000117273	0.00000029	0.000405812	0.001131097	0.000323103	0.00000852	0.0000078	0.0003608	0.00009044	0.000702058	0.00035065	0.00105968	0.00040036	0.000551972	0.0000251065625	0.000182293	0.000418223	0.00022324	0.000392705	0.000593785	0.00067196	0	0	0.013530723	0.00016384	0.000832891	0.000736817	0.00011522	0.000561409	0.000697587	0.00056574	0.000451605	0.000774936	0.00009969	0.000670717	0.000358992	0.000002095	9.02807417659091E-06	1.54484521743521E-05	0.000148593
Ins3:U3:R3	0.000063835625	0.00001305	5.08384863029413E-05	0.000122084	0.0000840925	0	0.00002023	0.00004406	0.00005955875	0.000144768	0.00035525	0.00001875	6.2864398142988E-05	0.00007883296875	0.0000384778125	4.66645077700677E-05	5.36483839954885E-05	0.0000052	6.37795383739668E-05	0.000038785	0.00017907	0	0	0.000673012	4.03009386466737E-05	0.000123305	0.000141259	0.00008966	8.77757871849611E-05	0.000284042	0.000025645	0.00023821	0.000148372	0.0000018	6.96157695213835E-05	0.000208553	0.000028345	1.08835851040768E-05	3.16545798138527E-05	8.32636739016195E-05
Ins3:U3:R4	0.000206762	0.00000082	5.23081585891536E-05	0.000176086	0.000098805	0.00000033	0.00004264	0.00004079	0.000006425	0.0000757325	0.00015838	0.00000288	3.20770028452193E-05	0.0000544015625	0.000215033	0.000114818	9.46286921547545E-05	0.00002174	0.000284537	0.00003498	0.00048756	0	0	1.1748739811042E-05	0.000399675	5.75585200255687E-05	0.000049219375	0.00005717	0.000281323	0.000151266	0.00001612	0.00063462	0.000179676	0.00001164	0.000237486	0.000158406	0.000086295	1.24584305131194E-05	9.33854673653663E-05	0.000292449
Ins3:U3:R(5,9)	0.001466133	0.00000132	0.000540196	0.001409145	0.000742498	0.00000283	0.00014839	0.00004888	0.000028465	0.000610745	0.00096615	0.00000463	0.000130391	0.000257828	0.001422833	0.000284638	0.000240591	0.00033611	0.000544788	0.000464985	0.00162986	0	0	0.000436288	0.000252573	0.000670903	0.000109792	0.00048198	0.000520255	0.000398573	0.00017667	0.001845288	0.000711864	0.00072789	0.000269383	0.001686138	0.000743475	0.000105749	0.000614667	0.002548458
Ins4:U1:R1	0.000007310625	0	5.67867457335283E-06	2.06424784929171E-05	0.0000004175	0	0.00000183	0.00000326	0.0000061	0.000026575	0.00031166	0.00005055	1.71315897639035E-05	0.0000107134375	0.000006605	3.89948855889092E-05	1.73339744131972E-05	0.00000273	0.000225415	0.000130595	0.00000384	0	0	1.42077783761438E-06	2.95633968345981E-05	0.000106964	0.000142749	0.00054357	3.0307588912534E-05	0.000249603	0.00001902	0.0000090375	0.0002541	0.00000007	8.35831686063469E-05	0.000384253	0.00000021	8.12370750605158E-06	7.86514323683602E-09	1.05300405994898E-05
Ins4:U1:R2	0.00002533	0.0000099	1.39749311475926E-05	3.87392357775924E-07	0.00003705	0	0.00000384	0.00000527	0.00001081875	0.0000019475	0.00020242	0.00026289	2.41154089798752E-06	0.00000182578125	0.0000007675	1.73464817005866E-05	8.90711922771523E-06	0.00000003	0.000129935	0.000171925	0.00000719	0	0	1.19126757153821E-05	9.25992675286965E-06	3.60211356506368E-05	0.000062885625	0.00055659	1.88235016411764E-05	7.0701313729187E-05	0.00000554	0.00000096	6.00485248337621E-05	0.0000019	0.000168494	0.000121898	0.000000105	9.35551728144136E-08	3.08051443442744E-06	5.0538671054287E-06
Ins4:U1:R3	0.00012712	0.00002278	8.69628571723251E-08	5.20987379443222E-05	0.0000869075	0	0.0000002	0.00000618	0.00008475	0.000102045	0.00034251	0.00019939	1.1285819080364E-05	0.00002018421875	0.000007505625	5.03068893766923E-05	2.39509456617445E-05	0.00000039	3.3933375856194E-05	0.001133435	0.00010773	0	0	4.48091471862998E-06	9.16073031245237E-05	0.000931554	0.000628158	0.0060516	5.51597056832217E-05	0.000497626	0.000014565	0.00005898	0.000433465	0	4.3772561711192E-05	0.00066915	0.00000201	5.44179255203839E-06	7.86514323683602E-09	6.75458067505898E-05
Ins4:U1:R4	0.0000497	0	6.19175543066955E-06	2.71506701035526E-05	0.00011572	0.00000825	0.00001386	0.00002088	0.0000066875	0.00002005	0.00002412	0.00013603	1.75865401863162E-05	0.0000108065625	0.000001623125	3.17668521947836E-05	3.10326168400453E-05	0.00001144	8.97761162357849E-05	0.00010035	0.0000893	0	0	1.28416458399762E-05	9.53431472123154E-05	7.09849739416308E-05	0.000133651	0.00060988	9.08219360268092E-05	0.00024459	0.000022095	0.0000351675	0.000163098	0	4.74730677322622E-05	9.79026937206787E-05	0.00000147	5.11434944718794E-06	3.93257161841801E-09	1.47299733001768E-05
Ins4:U1:R(5,9)	0.000127662	0.00000255	2.01058125782416E-05	4.70515689401558E-05	0.0000523925	0.00000547	0.00001524	0.00003904	0.00004788875	0.0000933425	0.00001801	0.00014635	2.06256910075494E-05	0.0000364509375	0.0000061084375	3.91996677499865E-05	2.48203125159723E-05	0.00000695	6.13082000763168E-05	0.00029841	0.00007483	0	0	1.63935904340121E-05	4.11048160622667E-05	0.000374196	0.000354001	0.00139933	0.00011188	0.000357648	0.00003934	0.000088385	0.000273324	0	0.000272601	0.000287569	0.00001497	2.24532414754593E-06	8.5743169853574E-06	0.000142091
Ins4:U2:R1	0.0000296925	0.00004086	7.30488000247531E-06	3.32050592379364E-07	0.00008458	0.00000032	0.00000188	0.00000011	0.000013815	0.0000194775	0.00021836	0.00004698	1.86554366423254E-06	0.0000264628125	0.0000055175	1.93751366220201E-05	1.69615474360024E-05	0.0000013	1.21190628057836E-05	0.000041845	0.00018462	0	0	4.97272243165034E-06	1.45525036153193E-05	0.000167029	0.00018624	0.00033107	0.000177743	9.62001568994408E-05	0.00001689	0.0000074025	0.000342538	0.00000139	8.0214501440427E-05	5.89103331770671E-05	0.00000249	6.01871611772727E-06	2.31628468324821E-06	1.25175625691171E-05
Ins4:U2:R2	0.000115435	0.00000557	0.000242731	0.000191571	0.000201535	0	0.00000544	0.00022886	0.00001070125	0.00027883	0.00040849	0.00057061	0.000180804	0.00003027484375	0.000013576875	0.000123405	0.000171271	0.0000208	0.000293662	0.00015434	0.00014093	0	0	0.004563757	5.13604697562494E-05	0.000432128	0.000536229	0.00035821	0.000104201	0.000229938	0.00023462	0.00026722	0.000278923	0.00012838	0.000256572	0.000175841	0.00001973	6.48649198179934E-06	2.34197748448854E-05	9.79913405184402E-05
Ins4:U2:R3	0.00009725625	0.00000793	1.87839771492222E-05	2.75159257551699E-05	0.00000866	0	0.0000009	0.00002279	0.0000442075	0.000175985	0.00012844	0.00010812	3.38674232566811E-05	0.0000091878125	0.000011770625	3.29741362396478E-05	5.90235614126132E-05	0.0000175	7.25717996252216E-05	0.000016255	0.00032029	0	0	0.00216308	3.1167672648939E-05	0.000264464	0.000372619	0.00019934	8.27395585248325E-05	0.000170756	0.00003088	0.0000282475	0.000373333	0.000009	0.00013723	0.00018601	0.000029785	4.94283163036152E-06	4.23210249002085E-05	3.78821310532615E-05
Ins4:U2:R4	0.000087455	0	1.80447928632575E-05	3.94033369623512E-05	0.000124125	0.00000937	0.00000915	0.00002409	0.00001432	0.0000417575	0.00002235	0.00004065	1.33095100122082E-05	0.0000259409375	0.000010138125	2.01419003433062E-05	3.23733539579465E-05	0.00000686	2.27648277802758E-05	0.000027085	0.00002035	0	0	0.001362034	1.87415766363527E-05	0.000233294	0.000337721	0.00015691	4.03216705581218E-05	4.07273554018191E-05	0.00007173	0.0000188175	0.000342392	0.0000051	0.000209692	0.000406795	0.00005331	5.42620002323599E-06	6.60567163317734E-05	6.56155539112072E-05
Ins4:U2:R(5,9)	0.000737745	0	3.33850408684556E-05	1.99562406019998E-05	0.000585085	0.00006058	0.00002896	0	0.000011025	0.00012169	0.00002355	0.00000055	5.89196229204908E-06	0.00000858375	0.000103377	0.000108063	2.48903510221313E-05	0.00002661	0.000122902	0.00002909	0.00039473	0	0	0.000708258	0.000660478	0.001246923	0.001066485	0.00205179	0.000367746	0.000396496	0.000077975	0.0000101025	0.000852507	0.00000231	0.000235042	0.000604616	0.00127152	3.82016955658855E-05	0.001057516	0.001989819
Ins4:U4:R1	0.001381269	0.00006739	0.003182258	0.006256885	0.001868355	0.00000013	0.00000933	0.00322964	0.000292848	0.003852828	0.00414615	0.00239467	0.002944876	0.000899616	0.000151987	0.001783131	0.001119087	0.00047715	0.002504369	0.0040832	0.00393055	0	0	0.120813931	0.000388515	0.005250096	0.005920969	0.00311716	0.001441593	0.00330664	0.002551955	0.001764133	0.001175924	0.00247157	0.002621396	0.001548868	0.000001195	4.06965001742699E-05	9.71148561168327E-05	0.000750748
Ins4:U4:R2	0.000165344	0.00001543	8.26755883137295E-05	8.30458531540789E-05	0.000221525	0.0000003	0.00001424	0.00004189	0.00001969625	0.000374098	0.00039703	0.00030203	0.000134771	0.000470431	0.000031818125	6.07637266777958E-05	0.000163031	0.00001771	0.000285677	0.00022112	0.0003356	0	0	0.003148334	6.90720828972837E-05	0.00076864	0.000609605	0.00094977	0.000208014	0.000223211	0.000124395	0.000198818	0.000255994	0.00032199	0.000373118	0.000290474	0.000020825	1.02910690095855E-05	4.7067638843639E-05	0.000200467
Ins4:U4:R3	0.000156726	0.00000787	0.000244966	9.879611958594E-05	0.0000521225	0.00000934	0.00000235	0.0000157	0.000161619	0.00018697	0.00017223	0.00000003	6.07885246509337E-05	0.0000692234375	0.0000457796875	5.21993151508403E-05	0.000159981	0.00001528	0.00010104	0.000038825	0.00080571	0	0	3.71588049837608E-06	0.000165352	0.000146473	0.000184432	0.00036287	0.000122207	0.000351423	0.00002432	0.000331353	0.000346843	0.00007319	0.000215987	0.000422214	0.00002428	8.23285520766839E-06	1.75877711347715E-05	0.000206796
Ins4:U4:R4	0.000494728	0.00001724	0.000167308	0.000654129	0.000235688	0.00000004	0.00000862	0.00004937	0.00007863875	0.00049803	0.00060965	0.00000334	6.38778578746912E-05	0.000169229	0.000105558	0.000212612	0.000153579	0.00001985	0.000425973	0.000153395	0.00068915	0	0	1.03826072748743E-05	0.000122277	0.000388074	0.000204168	0.000253	0.000204713	0.000213884	0.000094955	0.000982853	0.000211229	0.00002901	0.000327626	0.000760304	0.000069545	3.88565817755864E-05	5.60863364218776E-05	0.000491216
Ins4:U4:R(5,9)	0.001706267	0	0.000757864	0.00212115	0.00041606	0.00000005	0.00003391	0.00038659	0.000171785	0.00148041	0.00217944	0.00016951	0.000372812	0.000120553	0.000434418	0.000211447	0.000326435	0.00012988	0.002423527	0.00012014	0.00152016	0	0	1.06011884806612E-05	0.000210206	0.000545539	0.000407559	0.00101999	0.000321915	0.000819687	0.000263815	0.001334398	0.000981411	0.0000012	0.000462221	0.000838945	0.000125155	6.45062916555381E-05	7.26857212232201E-05	0.001456195
Ins(5,):U1:R1	0.000020075625	0	1.48532560050331E-05	8.82147740421176E-06	0.000066195	0	0.0000002	0.00000011	0.00000123375	0.0000141025	0.00012398	0.00002109	1.5333800341706E-06	0.000017715625	0.00000997	1.96076609186946E-05	8.78705321715691E-06	0.00000363	4.19652253235564E-05	0.000006485	0.00022816	0	0	0.000244538	2.16126344675256E-05	0.000211849	0.000976181	0.00025203	0.000201561	0.000164613	0.000013205	0.000008115	0.001566555	0.00014053	7.07218990385512E-05	4.52723801503952E-05	0.00000127	5.09875691838554E-06	7.73405751622208E-08	2.07929166009373E-05
Ins(5,):U1:R2	0.0000635375	0	1.65229428627418E-07	2.02329494289826E-05	0.0000191975	0	0.00000063	0.00000015	0.00000478125	0.00000156	0.00000008	0.00022242	2.29093210793152E-06	0.0000082028125	0.0000144575	1.88678411824372E-05	1.12417360996825E-05	0.00000003	1.3259680481622E-05	0.00002441	0.00000488	0	0	0.000226559	3.02171298797138E-05	0.000113798	0.000337254	0.00039884	0.000111816	9.14694535466483E-05	0.000002415	0.0000001525	0.000704666	0.00003614	0.00011728	0.000129912	0	5.19231209119995E-06	0	1.6635086074843E-05
Ins(5,):U1:R3	0.000025073125	0	1.3914057147572E-07	1.28835629843193E-05	0.0000403125	0	0	0.00000014	0.000000725	0.0000413075	0.00000998	0.00018981	2.99967534219813E-06	0.00003368453125	0.00000894	3.58881719780125E-05	1.06658639379306E-05	0.00000052	2.26697763072892E-05	0.000076775	0.00001572	0	0	2.67761977088864E-06	0.000114054	0.000107437	0.000244878	0.00032418	0.000103113	8.29306161153211E-05	0.000024425	0.0000123575	0.000141629	0.00019479	6.97666053646336E-05	0.000119742	0.000000925	3.64865173976213E-06	3.93257161841801E-09	1.17016690450431E-05
Ins(5,):U1:R4	0.00005447	0.00000503	1.73230011487272E-05	4.83797713096733E-05	0.00007449	0	0.00000569	0.00001779	0.0000140525	0.0000857725	0.00001168	0.000155	9.5547644560283E-06	0.00003115671875	0.000001403125	2.70025071417767E-05	1.16152747991973E-05	0.00000152	2.20519417328768E-05	0.000289355	0.00018131	0	0	3.77052579982279E-06	3.89423526664804E-05	0.0001614	0.000213878	0.00138123	0.000107178	8.48324063834049E-05	0.00005624	0.0000247875	6.27267888954853E-05	0	8.54937559541821E-05	0.000231189	0.00000153	1.09147701616816E-06	3.21028929783523E-06	2.26810356145861E-05
Ins(5,):U1:R(5,9)	0.000162114	0.00000564	2.18885511502742E-05	4.08311545095824E-05	0.00008099	0	0.00000101	0.00000075	0.00001395	0.000199725	0.00001472	0.00005817	7.09881537481344E-06	0.00008522421875	0.0000072171875	5.79835112475529E-05	3.14773057680391E-05	0.00000335	4.09196591207045E-05	0.00018694	0.00035841	0	0	1.01640260690875E-05	4.08492871651238E-05	0.000672462	0.000629243	0.00115847	0.00017336	0.0002498	0.000121145	0.0000069225	0.000297542	0.00012719	0.000336857	0.000759695	0.000049305	7.34408106593146E-06	5.70367078963287E-05	9.90301048040603E-05
Ins(5,):U2:R1	0.000037055	0	4.10464685853375E-06	4.64870829331109E-06	0.000042375	0	0.00000081	0.00000006	0.00000396875	0.000027185	0.00000412	0.00000002	3.394079320387E-06	0.00002664453125	0.00000345	6.56184083967151E-05	1.03056659062556E-05	0.0000024	4.06345047017449E-05	0.000010265	0.00000242	0	0	2.18581205786828E-06	9.62453864734428E-05	9.40134070976616E-05	0.000182054	0.00014531	2.44116457709082E-05	2.76436521532857E-05	0.000050755	0.0000243425	0.000118288	0.00000001	3.45514638271665E-05	0.000326608	0.00000712	1.54366035143782E-05	3.17751786768175E-06	2.24909265664766E-05
Ins(5,):U2:R2	0.000024376875	0	5.80042257339409E-06	4.31665770093173E-07	0.0000180175	0	0.00000411	0.00003691	0.0000004	0.0000110075	0.00003523	0.00008534	1.51030861411583E-05	0.00001319375	0.0000035075	1.31027353963939E-05	1.03067776285756E-05	0.00000004	2.37628682466344E-05	0.000007485	0.00000376	0	0	1.42077783761438E-06	2.16789213992594E-05	4.50829392274546E-05	0.000108909	0.00004223	3.73922730656128E-05	2.89439989623686E-05	0.00000913	0.000021895	3.67437728403904E-05	0.00000003	1.41785692655136E-05	2.62448580582001E-05	0.000010305	3.11850576048045E-08	3.19455901136156E-06	1.8359841759785E-05
Ins(5,):U2:R3	0.00001545125	0	6.72222885942073E-06	3.2873008645557E-06	0.0000094125	0	0.00002062	0.00000001	0.0000010875	0.000105443	0.00020377	0.0000342	6.05822098187561E-06	0.0000037996875	0.0000037725	1.292008665936E-05	2.60020733421158E-05	0.00000295	2.60441035983113E-05	0.00000168	0.00000441	0	0	1.19126757153821E-05	1.44767611626249E-05	8.35509746804222E-05	0.000074791875	0.00013597	2.57065243726694E-05	8.91169064482438E-05	0.000039035	0.0000261525	0.000123594	0	5.37277273657016E-05	0.000191728	0.00003724	9.97921843353745E-07	2.38969268679201E-05	4.37528805404173E-05
Ins(5,):U2:R4	0.00003846875	0	0	1.60712486711612E-05	0.0000213	0	0.00001229	0.00000071	0.00000040125	0.00009012	0.00000053	0.00000009	5.04230605804942E-06	0.0000273375	0.000005105	1.68138271427244E-05	2.02389048353165E-05	0.00000262	3.02738941462123E-05	0.0000131	0.00001036	0	0	2.67761977088864E-06	2.4533580837845E-05	6.11941230219797E-05	0.000100005	0.0000941	4.07780621964475E-05	3.47698735751381E-05	0.000004695	0.00001424	2.6700082253387E-05	0.00020981	0.000144078	7.02987269416075E-05	0.00003256	1.93347357149788E-06	1.92696009302482E-05	1.5645641109373E-05
Ins(5,):U2:R(5,9)	0.001375119	0	7.76578314548863E-06	3.99014128509202E-05	0.000331358	0	0.00001876	0.00000721	0.00000016875	0.000107328	0.000012	0.00000004	6.60261937896539E-06	0.00005313890625	0.00003655	7.30738526171211E-05	1.17553518115153E-05	0.00000427	0.00011544	0.0000117	0.00076752	0	0	0.00042066	0.000104379	0.004308981	0.003543158	0.00175942	0.000235965	0.000332645	0.00005145	0.0000457275	0.000576131	0.00042439	0.000789364	0.000637281	0.000865765	8.2640402652732E-06	0.00051754	0.001429627
Ins(5,):U(3,):R1	0.005676424	0.00053417	0.006216592	0.015535452	0.003909438	0.00001457	0.00000784	0.0126434	0.001986761	0.012176433	0.01467371	0.00950111	0.014210692	0.00835965	0.000497669	0.011888268	0.007192413	0.0016304	0.00197669	0.019294665	0.01381089	0	0	0.004634468	0.000573009	0.017289529	0.010288017	0.01033642	0.003458324	0.009995864	0.00321607	0.017411863	0.002293989	0.00423181	0.003406768	0.003277936	0.000010335	9.52703509826778E-05	0.000153452	0.002249115
Ins(5,):U(3,):R2	0.000328961	0.00001059	0.000365383	0.000414831	0.000206825	0	0.00003254	0.00002131	0.00008991	0.000391125	0.00067435	0.00022194	0.000353624	0.000888243	0.0000229828125	0.000220422	0.000364101	0.00037633	0.001499865	0.000168865	0.00044427	0	0	0.000490933	7.59502186371139E-05	0.000986783	0.00078751	0.00067697	0.000213331	0.000120525	0.00025337	0.000273495	0.000663749	0.00031242	0.000227762	0.001244897	0.000014905	9.29314716623175E-06	2.86723796698857E-05	0.000263628
Ins(5,):U(3,):R3	0.000371085	0.00000093	8.13189677418412E-05	0.000545648	0.000187638	0.00000002	0.00000349	0.00021518	0.0000414375	0.000243363	0.00028236	0.00001855	0.000185938	0.000151416	0.0000236425	0.000255303	0.000112328	0.00000523	0.001455	0.000122415	0.00034168	0	0	4.97272243165034E-06	8.38879763241621E-05	0.000246431	0.000200315	0.00058623	7.76874092261576E-05	0.000199241	0.000093765	0.000345853	0.000148133	0.00032772	0.00056853	0.00066587	0.00002618	6.40852933778733E-06	9.80652275912837E-06	0.000108403
Ins(5,):U(3,):R4	0.000194231	0.00000023	0.000150828	0.000145814	0.000253725	0	0.00000385	0.00002126	0.0000123125	0.000281598	0.00063307	0.00002031	7.36749670872679E-05	0.00006328578125	0.000032180625	6.21618463834507E-05	0.000155848	0.00002458	0.00021263	0.000036605	0.00015264	0	0	1.16940945095953E-05	4.51218204392055E-05	0.000344658	0.000214742	0.00012365	0.000176846	0.000178107	0.000087615	0.000292468	0.000321633	0.00013156	0.000173481	0.000416871	0.000006055	5.73805059928403E-06	3.22719935579443E-05	0.000104497
Ins(5,):U(3,):R(5,9)	0.000496322	0.00000453	0.000104225	0.000549378	0.000368603	0.00000218	0.00000009	0.00071376	0.000120826	0.00126126	0.00258236	0.00001766	0.00043509	0.00007645828125	0.000046471875	0.000299613	0.000446359	0.00004242	0.003074297	0.000114595	0.0006128	0	0	1.0437252576321E-05	0.000205916	0.001336941	0.000905549	0.00079624	0.000245868	0.000333645	0.000249365	0.00022936	0.000781903	0.00005123	0.000281621	0.000988025	0.00017289	5.62890289766722E-06	0.000136392	0.000452882
Del2:M1	0.003760838	0.00001728	0.008463173	0.008054097	0.005481358	0.00019989	0.00045216	0.01170093	0.006758964	0.06409978	0.04182975	0.01493439	0.008677864	0.004116786	0.001601119	0.008258729	0.011108481	0.00057924	0.003815984	0.004691235	0.00314792	0	0	0.010269929	0.002882577	0.013877266	0.003447979	0.00103784	0.031149998	0.009418535	0.016895535	0.002904583	0.00479446	0.16548301	0.005423936	0.003129371	0.00144548	0.000249512	0.001776842	0.00213068
Del3:M1	0.001490143	0.00001499	0.001583176	0.002129407	0.00171388	0.00002856	0.00020351	0.00433682	0.000495225	0.004845938	0.00659712	0.00904299	0.003819818	0.003551726	0.000310836	0.006579497	0.003766155	0.00025225	0.003425465	0.001752615	0.00204426	0	0	0.014167997	0.003257659	0.004053003	0.004746753	0.00214602	0.004743597	0.001559034	0.01772509	0.000676435	0.001091442	0.0014632	0.001034251	0.001451247	0.000302235	6.31497416497292E-05	0.000466858	0.000450527
Del3:M2	0.004431703	0.00001234	0.007230422	0.011583397	0.004089785	0.00000701	0.00074211	0.00608967	0.000864291	0.04156639	0.02239645	0.00692764	0.005315735	0.005337371	0.002340578	0.005421841	0.004263652	0.00046255	0.004996999	0.001261085	0.00206254	0	0	0.006971046	0.002839845	0.010927844	0.005592154	0.01194534	0.003319591	0.007179725	0.011729835	0.00265221	0.002452839	0.01903033	0.001368946	0.004774315	0.0007715	0.000277282	0.000977675	0.001461882
Del4:M1	0.001317018	0.00001963	0.00168621	0.00167006	0.002449558	0.0000246	0.00001103	0.00277472	0.000601588	0.008628923	0.00724477	0.00670941	0.003084896	0.005402753	0.000308938	0.006488442	0.003164027	0.00006872	0.002815377	0.001304955	0.00141767	0	0	0.023868631	0.002896848	0.007859851	0.006351173	0.00512609	0.001509706	0.003641154	0.01691216	0.00067346	0.003564484	0.00695091	0.000699305	0.000891107	0.00082102	0.000145276	0.000925704	0.000828679
Del4:M2	0.002448845	0.00000942	0.00618519	0.005056234	0.00307531	0.00004063	0.00032811	0.00290703	0.000423316	0.025850068	0.02163336	0.00478855	0.003585944	0.006808186	0.000776689	0.004121736	0.005638101	0.00045306	0.004041161	0.000275115	0.00148985	0	0	0.014642864	0.003300555	0.009991477	0.005838031	0.00601093	0.001691939	0.004359514	0.00825741	0.00122469	0.001404685	0.01636114	0.00043123	0.003079647	0.000304365	0.000187672	0.000604582	0.000789943
Del4:M3	0.003545764	0.00006697	0.00765334	0.005176071	0.002068253	0.00001212	0.00024341	0.00598348	0.000382656	0.032361588	0.03252274	0.00273928	0.00447721	0.004955468	0.000894618	0.002021209	0.006068192	0.00047408	0.002188418	0.00016091	0.00095349	0	0	0.003243089	0.001710618	0.011263992	0.005098024	0.00525646	0.001578531	0.002005066	0.004835365	0.001583278	0.001155194	0.02340154	0.000468345	0.000722296	0.00023912	0.000173311	0.000263176	0.001012739
Del5:M1	0.000249089	0.00002906	0.001128178	0.000917412	0.000753005	0.00000719	0.00005539	0.00209858	0.000309038	0.00144585	0.00292018	0.00580223	0.002492088	0.005478645	0.000118131	0.007866453	0.00157512	0.00015829	0.001278395	0.00165175	0.00127223	0	0	0.007684277	0.002638146	0.002381893	0.006322701	0.00300717	0.000257787	0.001027354	0.0147916	0.000591115	0.002018708	0.00077376	0.00057926	0.000966795	0.000091325	2.92203989757018E-05	0.000146844	0.000342809
Del5:M2	0.000579485	0.00004393	0.001384336	0.000515066	0.000451233	0.00000366	0.00005296	0.00115161	0.000326566	0.00395786	0.00568058	0.00327317	0.001828299	0.010220815	0.000115266	0.004228735	0.002086787	0.00016708	0.000519741	0.000489025	0.00082279	0	0	0.004028288	0.0007992	0.002378165	0.003036364	0.00280848	0.000965879	0.000741885	0.007222925	0.000595883	0.001177066	0.0051139	0.001230388	0.00170151	0.000039535	3.5582150727082E-05	5.38264185984934E-05	0.000274454
Del5:M3	0.000412664	0.00000704	0.001406589	0.001471117	0.000443613	0.00000889	0.0001086	0.00050421	0.00009302875	0.00528008	0.00599496	0.00157581	0.001053953	0.006700335	0.000065915	0.001576736	0.000982625	0.00038955	0.001844854	0.000346465	0.00058406	0	0	0.001880072	0.000933224	0.001811211	0.001629734	0.00162078	0.000824355	0.00046937	0.003244735	0.000266293	0.00149813	0.0084887	0.00146177	0.000625143	0.000149885	3.84979536131312E-05	0.000160664	0.000225851
Del5:M4	0.00096696	0.00002144	0.000998847	0.000998233	0.000553188	0.00000195	0.00001297	0.00063523	0.0000866225	0.006590273	0.00794731	0.00078073	0.000740355	0.003198394	0.00008002	0.000943712	0.001407702	0.00001267	0.000315666	0.000025505	0.00007076	0	0	0.001461215	0.000221303	0.003215017	0.001893135	0.00126428	0.000302264	0.001156355	0.001077375	0.00032548	0.000799966	0.00697881	0.00024004	0.001344674	0.000056875	2.71465926449823E-05	4.36869381090057E-05	0.000239624
Del6:M1	0.00074863	0.0000161	0.000392707	0.000631782	0.001413918	0.00000391	0.00006436	0.00175577	0.000391964	0.001708578	0.0020356	0.00482029	0.002186185	0.005637753	0.000145915	0.007302997	0.000811653	0.00003197	0.001291369	0.001554115	0.00075355	0	0	0.008413136	0.00278016	0.004410943	0.009206237	0.00532438	0.000926204	0.000541132	0.01167577	0.000425275	0.001117425	0.00122053	0.000304578	0.001371434	0.00060851	2.1782762736956E-05	0.000683684	0.000602098
Del6:M2	0.000509345	0.00002025	0.00142026	0.000322366	0.000551995	0	0.00000378	0.00086435	0.00047392	0.00070884	0.00190507	0.00280735	0.001584663	0.011483248	0.000053056875	0.004073804	0.00035828	0.0000236	0.000397315	0.000447165	0.00030773	0	0	0.007916629	0.001430175	0.002350085	0.003589248	0.00153343	0.00040578	0.000897829	0.007361865	0.000338868	0.001079948	0.00089191	0.000774522	0.000654622	0.000027305	3.8996914534808E-05	3.60970748854589E-05	0.000241809
Del6:M3	0.000112649	0.00000157	0.001008873	0.000476526	0.000653515	0.00001487	0.00001318	0.00039701	0.000251933	0.00050711	0.0030022	0.00108973	0.000732528	0.007340178	0.0000478134375	0.001921445	0.000866555	0.0000254	0.000228219	0.000057825	0.00034574	0	0	0.003841401	0.000176119	0.001330698	0.001252965	0.00079339	0.000309895	0.000884389	0.00350771	0.0002937	0.000304376	0.00115535	0.000797027	0.000865284	0.000093835	1.2286912696293E-05	5.6748319310978E-05	0.000128283
Del6:M4	0.000325482	0.00000067	0.000199032	0.000744059	0.000256785	0.00000173	0.00003265	0.00027437	0.000131335	0.001138205	0.00125281	0.0005058	0.000447845	0.004838303	0.0000403696875	0.001023372	0.000536924	0.00000624	0.000462853	0.000015055	0.00076178	0	0	0.00199051	0.000605079	0.002107349	0.002103468	0.00091419	0.000275167	0.000810028	0.00110007	0.00015178	0.000535932	0.00056101	0.000864812	0.000427182	0.000113015	1.54521960431806E-05	0.000111799	0.000205832
Del6:M5	0.000246422	0.00000536	0.000138097	0.000465878	0.000117833	0	0.00000127	0.0000568	0.00008341875	0.000457485	0.00083544	0.00030379	0.000208307	0.002541193	0.0000244484375	0.000448272	0.000220679	0.00000759	0.000644449	0.00002668	0.00003572	0	0	0.000424758	8.10773304202723E-05	0.000490081	0.000459654	0.00037775	0.000145191	0.000483584	0.0006292	0.00001696	0.000227673	0.00079494	0.000130885	0.000341652	0.000040195	5.39501496563118E-06	4.51682067519431E-05	8.43541356808859E-05
Del(7,):M1	0.002290003	0.00009415	0.006192434	0.009141519	0.006298573	0.00003357	0.00017171	0.02064463	0.003448586	0.006735748	0.02849957	0.03077123	0.032525881	0.068505625	0.000674647	0.177852898	0.008029291	0.00066113	0.008980891	0.02440059	0.00712235	0	0	0.037810723	0.010817979	0.016115203	0.034794496	0.01608136	0.003250559	0.006928022	0.08400627	0.006224853	0.002364354	0.0091093	0.005381984	0.006587459	0.000798335	0.000117178	0.000997919	0.002322164
Del(7,):M2	0.000824931	0.0003675	0.009363291	0.012161984	0.00600865	0.00001076	0.00011076	0.00872227	0.003280044	0.001932825	0.02364553	0.01852378	0.020482473	0.156452137	0.000458765	0.119527016	0.008739315	0.00071774	0.002558833	0.00932053	0.00690845	0	0	0.041369608	0.005531216	0.011151324	0.015306508	0.01394303	0.002532607	0.005822517	0.0408103	0.003958673	0.003159767	0.00767549	0.008633069	0.004509101	0.00005878	0.0001021	0.000116193	0.00135949
Del(7,):M3	0.000400878	0.00003817	0.004119248	0.007453163	0.002701305	0.00001134	0.00001486	0.00381502	0.002376284	0.00115939	0.01941925	0.00810645	0.011028234	0.125048337	0.00018287	0.056501621	0.00433849	0.00034922	0.005399684	0.003159105	0.00422047	0	0	0.022971901	0.003226393	0.006223452	0.004412653	0.0073839	0.002553925	0.00217907	0.012133075	0.002334318	0.002856669	0.00346989	0.005917361	0.009059866	0.000152915	3.19958691025294E-05	0.000202687	0.000925588
Del(7,):M4	0.000561223	0.00000689	0.002346797	0.004743143	0.000475313	0.00000117	0.00003088	0.00112024	0.001274949	0.000636433	0.00751486	0.0034742	0.004690399	0.073681185	0.000163198	0.02498033	0.003062397	0.00019368	0.000677004	0.001196635	0.00094145	0	0	0.008729969	0.001263841	0.003159869	0.002525628	0.00418522	0.001590122	0.002126075	0.004720855	0.00128847	0.001326056	0.00239643	0.003546664	0.023119986	0.000035805	4.77131381353509E-05	6.74475358274873E-05	0.000582811
Del(7,):M5	0.000148379	0.00009115	0.00066197	0.001770162	0.000129733	0.0000009	0.00001303	0.0002605	0.000266788	0.000802623	0.00417654	0.00142511	0.002170786	0.036996539	0.0000884828125	0.009506052	0.001262509	0.00016677	0.000421696	0.000544675	0.00136814	0	0	0.006154263	0.00176808	0.001522476	0.001237103	0.00373999	0.000674021	0.000403878	0.0011732	0.000777845	0.000964077	0.00056201	0.001025945	0.034764595	0.00004752	1.64033403001272E-05	7.40254172878945E-05	0.000262256
Del(7,):M(6,)	0.002226073	0.00000246	0.001616231	0.005868706	0.003600873	0.00001847	0.00002222	0.00182664	0.00165509	0.004080038	0.00766229	0.00141646	0.003518544	0.034388305	0.000531442	0.01327968	0.001081766	0.00075089	0.001860823	0.01129832	0.00388049	0	0	0.003983916	0.001948389	0.009528092	0.005546197	0.01362953	0.004101326	0.002911577	0.000983725	0.00362169	0.002831407	0.00328839	0.002782258	0.266160681	0.000114115	2.4651788036598E-05	0.000215847	0.001173513
Complex(0,1)	0.000000064375	0	0	0	0.000000005	0	0	0.00000021	0.00000002	0.000000295	0.00000065	0.00000008	0	0.000000028125	0.0000000075	0	0	0.00000003	0	0.00000004	0.00000002	0	0	0	0	0	0.000000328125	0.00000008	0	0	0.000000125	0.0000000225	0	0.00000004	0	0	0	0	0	0
Complex(2,5)	0.000000064375	0	0	0	0.000000005	0	0	0.00000021	0.00000002	0.0000002925	0.00000065	0.00000008	0	0.000000028125	0.0000000075	0	0	0.00000003	0	0.00000004	0.00000002	0	0	0	0	0	0.000000328125	0.00000008	0	0	0.000000125	0.0000000225	0	0.00000004	0	0	0	0	0	0
Complex(6,10)	0.000000064375	0	0	0	0.000000005	0	0	0.00000021	0.00000002	0.0000002925	0.00000065	0.00000008	0	0.000000028125	0.0000000075	0	0	0.00000003	0	0.00000004	0.00000002	0	0	0	0	0	0.000000328125	0.00000008	0	0	0.000000125	0.0000000225	0	0.00000004	0	0	0	0	0	0
Complex(11,20)	0.000000064375	0	0	0	0.000000005	0	0	0.00000021	0.00000002	0.0000002925	0.00000065	0.00000008	0	0.000000028125	0.0000000075	0	0	0.00000003	0	0.00000004	0.00000002	0	0	0	0	0	0.000000328125	0.00000008	0	0	0.000000125	0.0000000225	0	0.00000004	0	0	0	0	0	0
Complex(21,)	0.000000064375	0	0	0	0.000000005	0	0	0.00000021	0.00000002	0.0000002925	0.00000065	0.00000008	0	0.000000028125	0.0000000075	0	0	0.00000003	0	0.00000004	0.00000002	0	0	0	0	0	0.000000328125	0.00000008	0	0	0.000000125	0.0000000225	0	0.00000004	0	0	0	0	0	0
