MutationType	SP18310	SP17172	SP96133	SP110242	SP114330	SP21017	SP22383	SP81312	SP22031	SP96112	SP19215	SP96120	SP16886	SP96124	SP19295	SP19670	SP17905	SP16934	SP20993	SP19983	SP18121	SP96122	SP119755	SP96126	SP19606	SP96118	SP21528	SP21400	SP23078	SP17430	SP96110	SP18946	SP21057	SP22750	SP19750	SP17016	SP16958	SP17329	SP96116	SP96129	SP21193	SP18787	SP96114	SP19582	SP17294	SP80367	SP82087	SP80615	SP80271	SP81172	SP81840	SP80657	SP81494	SP81711	SP80423	SP80754	SP81440	SP80950	SP82103	SP81137	DRUP01010006T	CPCT02020319T	CPCT02040021T	CPCT02110003T	CPCT02140012T	CPCT02040027T	CPCT02100013T	CPCT02050048T	CPCT02060015T	CPCT02010397T	CPCT02040040T	CPCT02110008T	CPCT02050057T	CPCT02050061T	CPCT02110011T	CPCT02020383T	CPCT02010414T	CPCT02210001T	CPCT02210003T	CPCT02330007T	CPCT02050068T	CPCT02050075T	CPCT02040058T	CPCT02330009T	DRUP01010007T	DRUP01070001T	CPCT02040021TII	CPCT02340048T	CPCT02330131T	CPCT02190027T	CPCT02050300T	DRUP01070063T	CPCT02060160T	CPCT02030443T	CPCT02020651T	DRUP01090009T	CPCT02070273T	CPCT02210041T	CPCT02010750TII	CPCT02160059T	DRUP01340003T	CPCT02080283T	DRUP01330002T	CPCT02330078T	CPCT02010730T	CPCT02050307T	DRUP01340004T	CPCT02120078T	CPCT02100139T	CPCT02230077T	CPCT02230078T	CPCT02010735T	DRUP01010051TII	CPCT02440004T	CPCT02220032T	CPCT02130031T	DRUP01020018T	CPCT02310005T	CPCT02250005T	CPCT02330080T	CPCT02100144T	CPCT02330085T	CPCT02010742T	DRUP01010123T	DRUP01220007T	CPCT02300033T	DRUP01010059T	DRUP01010070T	CPCT02160038T	CPCT02440024T	CPCT02030442T	CPCT02330089T	CPCT02210042T	DRUP01070039T	CPCT02220067T	CPCT02340057T	CPCT02010743T	CPCT02030454T	CPCT02320001T	CPCT02390017T	CPCT02370012T	CPCT02240007TII	CPCT02010747T	CPCT02010750T	CPCT02330092T	DRUP01340017T	CPCT02060259T	CPCT02080197T	CPCT02110059T	CPCT02220076T	CPCT02010751T	CPCT02220077T	DRUP01060010T	CPCT02140061T	CPCT02270018T	CPCT02310007T	CPCT02230087T	CPCT02150048T	DRUP01010122T	CPCT02330095T	CPCT02340075T	DRUP01010072T	CPCT02330087T	CPCT02240010T	CPCT02110062T	WIDE01010038T	CPCT02050325T	CPCT02050327T	CPCT02050329T	WIDE01010060T	WIDE01010100T	DRUP01340006T	CPCT02220036T	WIDE01010066T	WIDE01010077T	CPCT02040226T	CPCT02330098T	WIDE01010091T	CPCT02110064T	WIDE01010063T	WIDE01010097T	WIDE01010096T	CPCT02370022T	CPCT02020695T	CPCT02100201T	CPCT02050335T	CPCT02160040T	CPCT02240012T	WIDE01010128T	CPCT02220081T	CPCT02100165T	DRUP01230004T	DRUP01060002T	WIDE01010206T	WIDE01010001T	CPCT02120112T	CPCT02120119T	WIDE01010154T	CPCT02370020T	CPCT02230090T	CPCT02210048T	WIDE01010159T	WIDE01010179T	WIDE01010177T	WIDE01010166T	CPCT02130069T	WIDE01010168T	CPCT02340074T	CPCT02290032T	WIDE01010200T	DRUP01340016T	WIDE01010228T	WIDE01010227T	WIDE01010232T	WIDE01010196T	CPCT02050352T	CPCT02100173T	CPCT02210049T	WIDE01010236T	CPCT02210050T	WIDE01010218T	WIDE01010261T	CPCT02350002T	CPCT02130089T	WIDE01010251T	WIDE01010273T	WIDE01010252T	WIDE01010258T	WIDE01010291T	CPCT02120124T	WIDE01010269T	CPCT02060231T	WIDE01010300T	WIDE01010319T	WIDE01010327T	CPCT02230100T	WIDE01010338T	CPCT02380040T	WIDE01010299T	WIDE01010353T	CPCT02190017T	WIDE01010366T	CPCT02190037T	WIDE01010389T	CPCT02050354T	CPCT02040122T	DRUP01070080T	WIDE01010027T	CPCT02050358T	WIDE01010407T	DRUP01050026T	CPCT02060136T	CPCT02290036T	WIDE01010426T	WIDE01010379T	CPCT02390022T	WIDE01010429T	WIDE01010434T	CPCT02050355T	CPCT02010835T	DRUP01020053T	DRUP01040016T	CPCT02010841T	WIDE01010441T	CPCT02010786T	WIDE01010439T	CPCT02010839T	DRUP01050025T	WIDE01010446T	WIDE01010447T	WIDE01010425T	WIDE01010442T	WIDE01010451T	CPCT02160049T	WIDE01010456T	CPCT02330111T	CPCT02120136T	CPCT02030493T	CPCT02020757T	DRUP01030018T	CPCT02060239T	CPCT02330112T	DRUP01330008T	CPCT02330043T	CPCT02010873T	CPCT02010860T	CPCT02090050T	CPCT02380047T	CPCT02050375T	CPCT02390027T	DRUP01050028T	CPCT02310013T	CPCT02120145T	WIDE01010606T	CPCT02110071T	CPCT02320005T	CPCT02290044T	CPCT02020758T	DRUP01010047TII	CPCT02010880T	CPCT02010884T	WIDE01010460T	CPCT02010882T	CPCT02080244T	CPCT02010881T	CPCT02170033T	CPCT02120079T	CPCT02040258T	CPCT02040269T	CPCT02090059T	CPCT02330102T	CPCT02390033T	CPCT02030514T	CPCT02010898T	CPCT02110073T	CPCT02340095T	CPCT02050387T	CPCT02390034T	CPCT02130144T	CPCT02210064T	CPCT02410008T	CPCT02170037T	CPCT02170035T	CPCT02020802T	CPCT02230117T	CPCT02350009T	CPCT02210070T	CPCT02120160T	CPCT02180072T	CPCT02350012T	CPCT02050397T	CPCT02030528T	CPCT02100182T	DRUP01050031T	CPCT02370036T	CPCT02050398T	CPCT02120162T	CPCT02130137T	CPCT02300048T	CPCT02250011T	CPCT02050261T	DRUP01160001T	CPCT02150025T	DRUP01020033T	CPCT02460002T	CPCT02040264T	CPCT02370037T	CPCT02100188T	DRUP01220004T	CPCT02380011T	CPCT02160057T	CPCT02050220T	CPCT02220059T	DRUP01090023T	CPCT02120171T	CPCT02050269T	CPCT02230023T	CPCT02180045T	CPCT02090023T	CPCT02050238T	CPCT02070405T	CPCT02060135T	CPCT02230053T	CPCT02330052T	CPCT02330049T	DRUP01010047T	CPCT02370002TII	CPCT02190023T	CPCT02230055T	CPCT02030414T	DRUP01030026T	CPCT02050278T	CPCT02210027T	CPCT02230045T	CPCT02110046T	CPCT02010674T	CPCT02050279T	CPCT02220027T	CPCT02160034T	CPCT02070239T	CPCT02340024T	CPCT02030382T	CPCT02120054T	CPCT02310002T	CPCT02120066T	CPCT02440001T	CPCT02100120T	DRUP01010051T	CPCT02340036T	CPCT02040165T	CPCT02450004T	CPCT02330051T	CPCT02080126T	CPCT02240007T	CPCT02340014T	CPCT02170016T	CPCT02330055T	CPCT02180042T	CPCT02010666T	CPCT02340029T	CPCT02070232T	CPCT02080042T	CPCT02240009T	CPCT02230057T	CPCT02040183T	CPCT02050256T	CPCT02050258T	CPCT02330053T	DRUP01010041T	DRUP01010044T	CPCT02020611T	CPCT02050252T	CPCT02290017T	CPCT02050259T	CPCT02060155T	CPCT02050260T	CPCT02290016T	CPCT02050118T	CPCT02090004T	CPCT02050115T	CPCT02210007T	CPCT02050175T	CPCT02380005T	CPCT02010543T	CPCT02270001T	CPCT02100019T	CPCT02010576T	CPCT02330024T	CPCT02120021T	CPCT02120023T	CPCT02030343T	CPCT02330036T	CPCT02050184T	DRUP01070017T	CPCT02210018T	CPCT02020521T	CPCT02110033T	CPCT02220019T	CPCT02010579T	CPCT02010587T	CPCT02220020T	CPCT02060096T	CPCT02070167T	CPCT02080077T	CPCT02300017T	CPCT02010590T	CPCT02220022T	CPCT02120031T	CPCT02120030T	DRUP01010025T	CPCT02010604T	CPCT02100086T	CPCT02050199T	CPCT02220023T	CPCT02010605T	CPCT02060103T	CPCT02010607T	CPCT02010598T	CPCT02140047T	CPCT02070171T	CPCT02220024T	CPCT02160028T	CPCT02370005T	CPCT02230024T	CPCT02230032T	CPCT02070185T	CPCT02230027T	CPCT02030357T	CPCT02080062T	CPCT02330045T	CPCT02010614T	CPCT02380015T	CPCT02050187T	CPCT02050211T	CPCT02020554T	CPCT02030361T	CPCT02080131T	CPCT02380016T	CPCT02340017T	CPCT02010623T	CPCT02010624T	DRUP01090003T	CPCT02210023T	CPCT02210024T	CPCT02050227T	CPCT02070198T	CPCT02030371T	CPCT02040140T	CPCT02060124T	CPCT02220025T	CPCT02120042T	CPCT02120048T	CPCT02120044T	CPCT02120041T	CPCT02050234T	CPCT02050241T	CPCT02100106T	CPCT02210029T	CPCT02340022T	CPCT02040148T	CPCT02040152T	CPCT02040151T	CPCT02180008T	CPCT02110012T	CPCT02050093T	CPCT02040068T	CPCT02050085T	CPCT02110013T	CPCT02100042T	CPCT02040067T	CPCT02030306T	CPCT02050097T	CPCT02040062T	CPCT02190004T	CPCT02070066T	CPCT02230003T	CPCT02210008T	CPCT02050095T	CPCT02210009T	CPCT02230005T	CPCT02010473T	CPCT02010485T	CPCT02050104T	CPCT02010483T	CPCT02020442T	CPCT02050107T	CPCT02070070T	CPCT02050113T	CPCT02020454T	CPCT02010474T	CPCT02010471T	CPCT02040075T	CPCT02210011T	CPCT02080075T	CPCT02100013TII	CPCT02210012T	CPCT02010506T	CPCT02190007T	CPCT02010488T	CPCT02010512T	CPCT02080080T	DRUP01050001T	CPCT02030319T	CPCT02080084T	CPCT02010514T	CPCT02230012T	CPCT02100036T	CPCT02100057T	CPCT02230006T	CPCT02230011T	CPCT02030323T	CPCT02010533T	CPCT02010527T	CPCT02010529T	CPCT02370001T	CPCT02220009T	CPCT02050139T	CPCT02040091T	CPCT02030328T	CPCT02010497T	CPCT02060072T	CPCT02010541T	CPCT02300010T	CPCT02010545T	CPCT02370002T	CPCT02380002T	CPCT02020486T	CPCT02110026T	CPCT02160020T	CPCT02340006T	CPCT02160021T	CPCT02100058T	CPCT02050114T	DRUP01010018T	CPCT02050136T	CPCT02050128T	CPCT02040100T	CPCT02040102T	DRUP01050002T	CPCT02070122T	CPCT02330025T	CPCT02030331T	CPCT02020497T	CPCT02050148T	CPCT02120005T	CPCT02120004T	CPCT02220015T	DRUP01010049T	DRUP01050012T	CPCT02380028T	CPCT02330070T	CPCT02050280T	DRUP01270001T	CPCT02040188T	CPCT02390007T	CPCT02230067T	CPCT02230073T	CPCT02100131T	CPCT02130019T	CPCT02330073T	CPCT02010700T	CPCT02030435T	CPCT02340045T	DRUP01340001T	DRUP01090008T	CPCT02070262T	CPCT02180048T	CPCT02140056T	CPCT02050296T	CPCT02040205T	DRUP01050017T	CPCT02080174T	CPCT02040204T	CPCT02120091T	CPCT02100130T	CPCT02380023T	WIDE01010596T	WIDE01010479T	WIDE01010436T	WIDE01010443T	WIDE01010506T	WIDE01010471T	WIDE01010488T	WIDE01010384T	WIDE01010454T	WIDE01010494T	WIDE01010470T	WIDE01010455T	CPCT02080048T	WIDE01010482T	WIDE01010499T	WIDE01010496T	WIDE01010508T	WIDE01010535T	WIDE01010544T	WIDE01010541T	WIDE01010524T	WIDE01010562T	WIDE01010543T	WIDE01010569T	WIDE01010500T	WIDE01010575T	WIDE01010597T	WIDE01010678T	WIDE01010683T	WIDE01010402TII	WIDE01010697T	WIDE01010669T	WIDE01010714T	WIDE01010709T	WIDE01010715T	WIDE01010718T
1:Del:C:0	170	82	146	201	25	171	145	107	18	24	90	54	79	20	33	13	426	24	28	27	135	27	41	24	43	24	15	70	35	30	28	148	42	20	11	30	31	23	19	27	20	27	40	20	30	26	22	250	26	61	21	16	38	34	33	14	14	9	24	34	26	22	24	13	31	41	62	24	31	34	35	54	42	23	23	24	47	22	47	38	27	70	29	19	37	334	25	54	82	44	31	118	61	32	44	31	46	20	33	27	120	56	76	135	60	22	168	169	27	193	32	24	44	100	164	28	113	84	282	37	67	105	19	591	115	27	60	17	42	11	257	39	35	30	134	63	54	42	97	39	89	16	15	24	25	726	34	33	21	27	13	25	39	24	24	23	48	376	550	63	50	33	37	45	105	24	77	29	42	17	14	114	42	54	26	29	14	68	80	35	15	67	50	45	45	21	206	28	18	46	36	851	27	41	8	54	30	45	30	40	24	40	22	42	43	18	25	88	6	40	400	42	29	23	30	24	36	44	21	24	36	26	37	45	21	15	25	67	56	24	58	43	49	49	20	52	38	68	39	27	32	33	30	5	39	67	405	14	34	174	55	104	21	9	25	15	36	14	26	68	891	409	39	63	292	19	20	160	21	33	51	40	99	68	73	19	18	13	55	776	47	71	306	129	23	14	39	103	36	10	142	30	22	385	156	48	36	9	455	66	34	673	813	85	23	19	21	84	73	106	102	31	55	15	30	21	18	56	84	42	19	52	522	21	52	70	28	26	21	20	32	104	28	159	38	14	24	26	62	109	22	195	13	122	234	35	45	9	51	121	78	34	23	22	64	14	50	39	55	31	81	39	35	44	62	677	85	37	64	26	20	29	32	32	71	17	325	41	50	18	98	28	31	18	86	48	66	405	98	55	35	34	116	4	122	28	16	34	39	211	124	51	33	103	17	25	26	24	64	37	199	52	26	109	32	17	39	39	59	24	33	23	40	48	126	497	17	17	58	36	11	28	145	112	45	69	77	47	44	37	32	29	17	19	22	68	36	46	43	426	14	47	36	642	35	44	48	22	49	28	92	43	20	39	34	62	39	767	55	94	17	16	31	387	50	101	17	64	166	47	46	512	59	26	14	28	77	14	41	54	690	18	12	16	32	52	21	29	58	52	29	28	33	9	26	21	83	157	83	32	50	23	17	10	60	17	46	15	124	16	26	29	236	46	55	14	71	18	51	94	42	49	16	73	59	10	42	41	33	326	70	485	22	99	9	30	20	47	39	7	120	40	49	57	72	91	45	49	16	47	118	40	25	74	32	23	58	208	30	40	31	32	48	695	60	50	36	104	740	73	58	28	55	15	165	50	31	32	24	14	42	30	57	36	37	26	32	45	13	40	18	53	56	167	37	42	24	24	13	33	339	24	39	77	36	124	32	20	20	46	26	38	43	20	43	11	234	46	291	43	37	30	55	25	20	20	38	84	33	16	35	41	21	16	12	55	11	40	54	66	31	12
1:Del:C:1	66	36	64	103	13	87	63	106	18	4	51	18	63	13	33	5	336	11	22	9	104	13	17	13	18	8	15	72	14	10	15	146	21	10	6	9	21	8	12	13	11	12	15	12	12	10	13	160	13	24	13	10	18	15	19	12	9	9	10	17	9	10	16	12	16	19	28	19	12	15	22	23	19	14	9	24	19	13	27	24	13	32	22	7	17	109	18	21	42	22	16	50	49	11	20	22	11	10	22	17	72	21	48	78	22	16	113	153	7	127	20	19	16	57	78	20	52	47	86	20	35	58	20	185	40	13	37	7	21	7	193	13	10	21	73	22	32	19	39	18	55	11	8	17	16	238	14	35	9	19	7	9	31	10	12	19	14	189	174	27	16	16	19	21	62	9	43	14	26	10	8	58	22	12	12	14	9	38	28	16	10	37	35	27	25	8	141	17	7	34	15	234	12	20	2	26	16	43	14	21	11	21	10	15	21	17	19	52	8	33	172	16	20	8	15	13	11	17	12	16	17	9	9	18	12	6	10	33	29	11	31	27	27	18	16	24	26	39	23	15	16	24	13	12	15	31	177	3	22	133	42	50	15	11	23	7	7	14	9	62	278	150	20	40	100	9	14	117	14	7	21	19	45	46	40	10	4	9	21	211	25	36	149	66	6	12	11	82	18	9	46	15	7	96	100	22	20	7	137	29	26	239	206	31	20	18	17	41	30	46	54	14	34	7	12	11	18	20	36	20	10	26	148	9	31	41	14	18	7	14	15	42	18	119	18	10	19	15	33	45	9	131	18	58	157	9	18	5	16	45	32	17	8	17	29	12	35	33	34	27	51	32	22	36	28	177	43	14	20	14	13	18	13	14	58	8	108	24	14	20	67	12	30	13	62	19	36	111	48	21	16	17	72	4	72	14	8	15	12	122	70	33	20	84	9	13	7	18	35	20	138	32	8	48	17	15	21	28	40	17	15	13	44	19	99	143	4	12	24	25	7	14	114	54	18	31	35	22	8	27	17	13	9	8	10	40	16	23	19	158	11	21	17	927	13	13	25	21	24	16	38	21	12	27	15	32	27	211	18	48	10	10	20	99	26	52	7	31	94	25	30	157	36	14	19	14	44	10	37	27	206	4	11	9	13	21	12	12	53	22	12	19	9	3	15	14	28	89	52	18	39	10	12	19	29	19	12	19	59	5	18	32	110	17	31	6	38	14	24	41	22	22	14	36	31	9	21	19	31	215	49	143	9	69	5	10	6	33	25	6	104	24	26	30	37	48	9	31	11	26	65	18	16	43	10	13	30	114	10	15	23	13	19	207	25	20	8	65	244	64	30	11	65	12	68	28	13	18	12	12	28	10	31	19	9	11	14	23	9	14	9	26	18	86	14	19	24	16	5	16	103	16	16	42	14	78	14	10	15	24	7	9	20	13	27	9	194	25	132	32	17	25	27	12	10	8	18	47	10	11	27	24	11	10	8	31	4	21	34	37	16	14
1:Del:C:2	146	35	107	204	10	136	116	53	1	7	109	11	26	5	5	6	131	7	16	12	188	7	12	4	9	15	4	25	6	2	8	45	8	6	4	6	6	5	3	7	4	13	9	4	8	3	10	62	2	9	8	4	10	11	6	4	1	6	4	8	12	10	5	3	11	6	16	9	10	5	5	14	7	11	6	13	9	7	15	9	2	16	5	4	5	182	3	10	18	11	7	21	36	11	8	7	8	3	10	12	25	8	26	45	9	5	38	38	7	59	6	5	9	32	22	9	23	20	48	10	17	22	8	220	17	7	15	1	8	9	52	9	13	5	25	10	21	9	19	10	24	12	2	5	3	338	10	14	1	8	1	5	8	9	6	6	6	82	218	13	14	8	8	18	35	3	22	10	12	9	10	25	12	9	8	10	2	22	12	6	8	31	18	23	11	5	44	6	8	15	4	213	4	11	1	8	7	14	9	12	5	8	7	10	13	6	9	12	0	17	179	6	6	6	4	9	4	5	6	6	6	11	9	6	5	4	4	16	16	2	21	12	12	22	9	20	20	14	15	7	11	3	13	3	8	17	219	5	15	52	20	19	12	2	9	5	6	4	11	17	262	170	7	16	143	4	3	54	4	7	6	11	23	23	19	5	3	6	9	254	14	25	50	27	7	6	8	31	5	9	103	5	5	110	62	10	5	4	122	15	7	219	171	12	5	10	6	15	15	25	25	8	28	8	9	5	7	14	16	10	3	14	171	7	22	20	9	19	7	10	6	28	5	60	12	4	6	4	16	20	9	40	8	21	56	9	7	2	5	15	20	7	5	7	10	3	21	5	15	11	22	10	7	9	16	148	20	11	14	9	6	2	9	9	24	8	213	6	13	16	36	5	12	8	20	14	26	156	24	22	7	15	22	3	26	10	7	9	14	47	31	16	6	47	8	3	2	11	14	9	63	10	7	15	5	5	3	7	18	5	5	2	15	13	44	128	2	12	6	9	4	2	51	29	4	9	22	14	8	11	10	5	6	9	12	15	5	6	4	165	5	15	6	827	8	7	6	7	14	3	38	12	7	11	10	15	17	244	2	21	5	11	8	137	12	21	3	17	36	13	13	143	17	9	4	5	9	6	16	14	199	5	2	7	4	22	8	4	22	12	5	7	4	4	12	9	18	29	15	12	18	3	7	7	24	7	9	8	24	6	11	15	44	6	19	6	22	7	10	15	6	12	5	13	16	3	3	9	13	58	25	165	7	19	0	1	2	12	18	4	39	7	20	11	17	12	13	10	6	12	30	13	8	16	5	6	6	44	6	10	13	8	12	251	16	6	10	37	238	23	27	3	58	7	47	9	9	6	2	0	12	7	16	15	11	6	10	5	5	12	6	17	15	39	9	12	8	10	7	9	82	5	16	15	7	43	9	3	3	7	5	4	14	12	21	3	78	7	121	11	7	12	11	3	6	6	9	23	6	2	5	16	3	5	4	21	2	15	13	13	4	6
1:Del:C:3	571	72	340	670	6	494	418	47	8	6	341	6	13	8	9	5	95	4	5	4	471	12	13	9	6	66	11	20	3	2	5	51	9	6	4	6	11	4	2	5	2	3	8	5	7	2	4	48	2	4	4	6	11	8	3	3	2	3	4	3	3	6	3	2	6	8	16	5	7	6	3	8	7	1	1	8	3	6	10	5	1	9	5	6	8	623	3	9	6	7	8	15	11	3	9	5	11	1	2	4	13	7	9	18	6	3	19	11	6	15	4	3	4	19	21	6	10	12	142	12	6	12	9	681	14	2	5	4	7	2	14	11	4	7	8	9	11	9	11	6	22	4	5	2	4	1083	6	5	3	8	4	5	3	7	7	5	9	29	695	12	10	5	8	11	17	3	19	3	4	3	3	7	7	8	6	7	3	6	7	3	5	15	13	9	6	4	27	10	3	7	7	669	7	5	3	10	8	6	6	6	6	4	6	4	6	6	5	13	2	8	563	7	1	5	7	6	6	9	5	7	7	4	6	6	3	3	6	8	8	2	13	6	7	6	3	13	7	11	11	1	3	3	7	2	9	9	651	4	6	23	6	8	2	5	6	0	4	5	7	13	832	658	3	7	446	1	3	19	2	4	10	5	13	20	12	5	2	7	11	794	11	18	19	10	3	6	9	15	5	3	271	5	1	299	16	6	11	5	437	7	3	719	613	5	5	6	6	7	7	14	9	4	7	3	5	4	6	8	17	10	5	6	506	3	14	11	3	6	6	4	2	9	6	19	7	5	4	5	12	14	4	27	1	10	14	9	4	1	6	4	10	5	2	8	6	8	6	16	10	6	8	7	7	19	4	485	9	13	6	5	9	8	6	5	5	4	624	12	6	4	16	5	1	2	8	7	15	479	7	9	6	6	10	1	11	7	2	4	8	18	15	6	6	18	1	1	10	10	9	6	18	12	9	14	8	1	5	7	16	3	7	5	4	7	20	281	1	8	9	2	4	4	20	7	9	7	8	9	10	5	8	4	3	5	3	10	7	3	7	444	2	6	8	280	7	6	4	5	7	9	9	6	5	3	4	8	11	767	9	7	5	4	8	404	10	15	3	32	13	5	5	400	8	3	3	8	8	5	9	4	663	0	5	3	6	7	2	10	14	10	9	3	7	1	8	4	4	13	6	7	9	9	6	4	8	5	4	5	5	2	4	7	26	3	10	2	12	7	6	18	4	9	5	6	15	4	2	6	6	21	6	553	1	17	0	4	2	7	6	0	11	4	8	7	17	11	7	7	2	7	22	9	9	11	9	8	10	21	6	4	10	3	7	720	8	7	6	11	766	6	11	3	17	4	14	7	1	8	4	1	6	7	12	1	7	8	8	5	1	8	4	9	3	17	8	5	8	9	6	6	137	5	2	18	1	15	10	3	7	6	2	4	13	3	14	5	82	8	242	5	5	5	16	4	4	5	7	6	5	2	2	5	2	1	0	8	3	6	12	9	4	2
1:Del:C:4	1936	244	969	1584	6	1533	981	50	3	7	1039	7	13	1	7	3	56	6	6	6	1212	5	3	15	1	196	3	18	2	5	2	42	3	4	2	2	3	6	1	2	3	5	3	4	7	6	4	43	3	4	4	1	19	7	6	4	0	0	2	3	6	1	4	1	4	5	10	7	2	6	6	5	5	2	3	7	6	3	8	5	0	6	4	3	12	1332	7	4	2	5	4	10	8	2	4	3	5	7	4	4	4	6	10	4	5	4	12	9	3	13	2	4	4	6	8	5	6	11	380	8	5	6	2	1971	3	2	12	4	3	1	7	4	0	2	3	9	3	9	9	5	15	5	1	3	2	2738	5	7	4	6	1	3	10	8	2	3	5	18	1620	6	7	6	4	14	11	2	15	4	10	5	8	2	5	2	4	2	1	5	5	4	2	11	4	4	5	4	10	3	5	3	1	1947	2	7	6	15	13	3	2	9	4	12	8	2	7	4	9	2	4	7	1604	6	6	1	2	2	5	1	9	8	4	5	8	4	1	2	4	6	6	4	5	5	6	9	2	10	8	4	14	4	4	5	6	3	3	3	1864	2	8	8	6	9	2	1	3	1	3	6	7	13	2124	1910	7	9	1094	1	2	13	7	7	4	6	19	17	10	6	0	1	6	2445	9	16	8	7	1	3	2	6	10	1	598	4	1	826	15	7	6	1	1089	8	1	2132	1656	3	4	6	7	7	8	6	3	3	12	2	7	0	1	9	8	6	5	7	1383	5	10	8	2	6	2	2	2	11	4	16	4	4	5	5	5	9	4	8	4	5	12	5	6	1	1	5	6	3	3	2	8	3	8	9	7	4	7	8	3	4	9	1307	11	6	6	12	3	4	9	4	4	5	1462	6	7	1	7	2	6	5	8	4	14	1335	3	13	5	5	6	0	4	3	2	0	4	11	10	3	4	9	1	1	6	1	6	20	7	10	4	14	4	4	5	7	8	7	5	5	6	2	13	950	1	6	4	4	3	4	11	7	7	5	10	5	5	2	6	2	1	3	8	7	2	3	5	1441	7	7	6	222	0	2	4	1	2	5	13	5	4	4	10	4	7	2364	4	7	5	3	9	1052	10	4	5	50	10	4	2	1222	9	3	2	4	7	1	5	7	1709	4	4	5	5	6	5	7	13	15	5	4	2	3	8	2	8	10	4	10	5	2	5	2	10	4	8	4	7	5	6	3	12	5	3	0	8	9	1	7	5	8	2	8	10	2	0	12	3	5	3	1378	3	7	0	1	1	4	7	3	6	6	9	3	18	3	0	6	2	6	6	5	5	8	9	6	9	10	2	5	4	5	4	1750	9	11	1	12	1900	6	2	4	13	4	12	5	5	6	5	3	7	1	8	5	4	3	3	5	1	2	1	7	2	10	7	4	4	4	2	3	434	3	8	7	2	9	2	3	4	10	2	5	6	3	7	2	49	9	234	8	4	5	8	4	3	0	5	7	3	6	4	1	3	2	2	3	1	6	5	6	6	3
1:Del:C:5	5168	965	2274	4163	10	3715	2271	83	6	4	2265	7	20	13	18	9	71	9	14	13	2694	14	15	23	8	430	7	45	1	1	1	100	12	9	5	10	13	7	4	14	7	8	6	2	24	8	11	64	13	6	24	3	8	17	9	4	1	6	10	4	7	14	18	13	9	21	16	27	17	26	13	18	22	10	14	16	26	19	24	16	7	20	20	7	40	3681	24	15	17	20	17	21	16	13	19	17	17	12	19	12	6	11	22	13	17	7	38	11	10	16	8	8	16	41	25	17	16	14	1355	30	30	23	17	7244	13	6	17	15	7	3	20	26	10	5	18	6	11	16	31	23	17	9	7	18	11	8420	21	15	12	12	4	4	21	23	13	12	18	40	5288	18	33	17	12	14	21	4	23	18	21	14	21	20	6	16	17	15	5	13	9	6	12	16	28	13	10	11	17	14	13	7	18	7195	10	15	12	31	12	23	15	16	7	25	9	7	12	8	17	19	10	23	5715	19	15	17	12	19	8	17	14	22	28	24	32	20	6	9	13	12	16	10	19	16	8	28	13	44	17	16	17	9	9	23	6	6	17	12	5232	9	48	9	17	29	7	6	9	9	15	7	19	39	7842	6075	21	13	3519	4	18	24	11	14	35	31	89	28	18	18	1	3	32	7921	17	23	18	20	7	9	6	16	22	11	2177	15	5	3925	25	16	13	3	3658	9	8	6402	6065	13	11	11	16	13	18	14	12	18	16	5	13	5	8	27	18	61	7	16	4663	13	28	29	10	16	15	12	12	21	8	24	18	16	11	10	9	16	16	12	8	32	10	21	14	1	3	11	13	7	6	5	12	6	21	24	23	8	25	12	22	31	21	4416	17	17	14	27	19	11	21	15	7	15	4916	14	66	18	30	15	9	16	19	10	75	4494	18	15	15	15	7	2	5	12	14	7	13	42	7	24	17	9	1	2	12	17	41	56	15	32	9	35	14	8	13	23	20	34	19	14	14	10	17	3795	4	14	12	11	6	15	30	14	35	5	25	21	16	7	12	10	6	8	17	43	13	24	18	4784	9	10	16	108	19	18	12	26	15	9	31	13	19	16	21	14	21	7737	8	15	5	9	20	3500	20	19	5	177	16	29	19	4669	8	5	6	8	14	3	6	17	6168	12	7	13	14	11	15	15	44	36	13	8	16	1	21	13	21	26	9	10	18	18	16	7	21	12	21	18	7	4	11	16	17	16	14	12	8	10	15	34	13	14	6	13	14	4	7	27	13	13	24	4488	12	27	1	10	1	26	16	2	30	10	21	15	61	14	18	29	11	31	11	15	15	26	17	11	60	29	7	25	10	17	18	6117	27	28	13	30	6325	22	18	15	9	17	18	17	11	24	12	3	21	10	13	15	12	20	18	31	1	23	1	16	8	32	24	24	14	14	5	10	2124	8	11	13	6	9	13	11	7	35	15	8	29	4	15	3	145	44	983	20	14	34	32	11	15	12	21	33	13	1	15	2	17	8	9	17	2	25	19	22	16	7
1:Del:T:0	94	61	124	185	43	149	90	20	3	7	84	33	18	15	18	15	33	22	23	25	101	16	27	18	28	14	15	62	21	17	13	22	26	14	10	20	29	24	7	14	15	25	20	18	28	25	15	82	15	48	21	8	51	41	32	39	14	8	19	38	22	14	17	6	106	21	82	19	24	16	31	102	23	30	14	33	86	11	23	30	40	46	30	15	26	191	29	26	24	31	19	163	29	73	21	16	30	26	21	26	50	52	54	34	38	36	39	26	18	125	22	18	30	37	81	23	54	53	127	28	38	42	22	316	54	22	23	113	19	15	95	29	14	14	41	19	17	22	57	24	76	30	17	16	29	390	35	29	30	20	14	28	38	10	18	26	24	67	324	45	30	28	30	33	73	21	46	24	36	30	10	115	37	23	13	21	16	28	29	22	21	56	17	48	25	27	106	37	26	19	23	400	31	37	8	19	23	67	23	177	24	24	27	40	41	12	29	30	15	63	254	29	19	14	17	16	20	23	31	31	30	12	34	22	16	17	21	25	38	33	50	44	25	32	21	28	39	29	33	20	16	19	33	11	21	30	360	14	31	38	27	44	3	11	12	23	37	28	22	34	527	207	24	45	196	15	25	141	35	16	29	26	46	40	39	41	11	13	38	541	46	57	69	134	15	16	11	26	19	20	94	32	7	214	55	29	26	5	260	19	13	397	395	23	34	31	19	52	34	76	68	21	192	12	20	18	13	48	84	36	5	40	306	19	34	70	25	23	9	22	36	52	11	130	41	25	25	20	27	149	18	92	29	56	58	24	33	4	27	33	30	26	17	21	16	21	87	28	30	9	42	31	20	143	48	390	95	32	77	29	14	20	43	17	17	14	205	26	39	11	25	12	18	32	88	24	43	223	99	46	24	26	26	11	49	18	31	22	24	43	29	24	39	32	13	9	11	39	57	35	60	38	13	41	22	30	32	26	39	9	37	15	18	35	46	305	33	20	34	11	13	22	163	42	24	35	46	59	31	28	39	20	6	20	39	59	24	31	13	350	18	40	130	238	19	47	30	20	31	20	71	23	17	55	18	25	71	542	20	52	17	19	28	211	29	65	21	40	38	62	29	284	77	79	17	16	32	24	52	37	351	13	23	6	22	41	20	38	30	41	19	36	24	3	69	23	35	48	49	15	36	37	22	15	33	102	40	23	85	15	16	27	110	26	37	9	37	21	38	46	23	21	10	30	83	10	29	59	18	53	37	323	14	50	10	30	6	40	18	9	53	48	30	21	59	34	40	44	32	55	27	47	13	39	84	17	192	60	22	27	145	29	27	416	44	32	33	64	401	31	25	21	30	30	42	40	13	36	19	14	33	21	36	23	21	18	17	37	11	42	13	47	66	41	23	97	22	29	12	24	186	47	44	47	19	77	20	19	58	30	22	32	33	31	50	19	51	38	153	16	94	59	50	27	18	16	55	31	26	13	27	74	22	5	15	32	8	43	25	41	30	20
1:Del:T:1	156	59	117	228	12	162	124	26	7	9	100	24	17	5	26	8	173	18	17	19	171	12	28	7	22	19	6	23	11	15	9	53	18	9	10	15	18	19	6	16	19	10	18	19	23	14	12	120	14	38	23	8	41	50	18	48	5	6	12	15	15	9	25	11	183	15	100	7	12	18	12	27	8	32	7	23	16	13	9	29	46	41	19	11	30	195	25	26	16	20	13	50	16	69	26	14	16	12	15	15	35	42	41	13	44	35	22	18	12	99	24	13	16	25	115	28	32	45	64	20	27	36	13	315	29	10	17	14	12	8	29	12	11	10	50	13	17	23	50	27	32	37	9	15	9	420	30	20	41	15	20	34	21	12	9	16	20	35	314	21	18	12	44	32	65	19	33	17	42	40	11	144	38	26	8	10	14	15	26	16	15	33	22	30	17	33	97	40	8	10	25	307	23	56	5	25	21	70	17	16	16	13	21	37	21	9	34	32	7	90	251	12	11	3	8	18	21	21	14	12	15	12	32	9	14	12	14	14	21	11	46	25	25	29	9	20	35	24	21	20	17	13	23	7	16	22	279	7	16	28	27	35	6	8	9	28	22	35	16	33	445	212	18	65	160	6	19	38	28	14	25	19	37	31	17	35	2	13	24	326	39	15	47	204	12	15	12	29	22	16	93	22	6	198	40	25	16	8	178	23	19	312	271	18	16	40	18	48	26	54	55	8	44	8	11	13	11	38	38	26	4	30	216	11	24	51	14	21	14	31	19	57	16	46	35	23	24	6	28	45	11	81	42	45	39	22	36	2	12	27	18	21	20	15	14	9	85	22	17	11	14	12	15	31	40	224	72	24	107	19	11	16	31	14	23	10	226	21	35	14	35	9	4	7	109	12	25	191	132	53	16	17	22	22	34	15	17	20	16	24	12	20	15	16	6	9	11	31	48	34	34	29	13	29	25	32	16	15	22	19	16	10	26	31	23	288	36	17	20	9	5	25	50	39	21	29	27	56	19	15	15	12	6	15	58	45	14	9	18	235	5	27	17	209	10	23	14	9	15	6	66	11	17	48	7	18	45	302	11	30	7	7	54	173	24	74	35	34	34	53	29	198	59	32	4	26	47	22	32	23	312	15	15	7	13	22	9	37	52	12	12	17	19	7	63	10	23	43	33	13	21	33	23	11	26	162	32	22	37	10	14	29	90	13	13	8	35	11	50	14	17	19	10	23	97	5	27	81	17	39	36	202	7	31	7	27	5	19	13	9	47	32	22	23	29	20	38	30	43	32	10	38	12	29	61	15	40	38	26	15	246	24	28	361	28	22	22	30	335	11	16	16	17	15	16	22	22	16	14	9	25	12	17	8	13	8	10	10	7	15	15	24	57	39	14	151	15	24	7	16	174	74	44	19	16	34	14	12	43	23	7	13	20	26	34	14	119	19	209	24	26	39	40	18	14	10	62	26	10	3	19	15	31	10	10	22	5	31	20	30	19	22
1:Del:T:2	350	111	193	368	21	360	285	162	37	13	242	19	111	18	35	9	1495	18	8	15	308	18	24	20	18	40	12	136	15	11	11	407	17	11	12	16	20	18	12	13	18	14	21	27	19	14	14	414	15	38	21	9	48	66	27	40	8	6	17	26	21	12	30	10	134	10	84	18	14	20	14	18	21	20	18	24	24	18	22	20	46	42	17	19	30	383	30	24	21	29	20	62	28	58	21	9	27	18	20	18	26	33	46	22	41	46	24	13	7	84	14	13	12	29	86	21	33	35	117	18	17	16	18	371	40	14	10	13	22	8	27	15	9	21	31	16	15	28	28	26	27	16	9	19	22	632	29	26	18	12	8	22	29	17	14	12	30	41	486	28	23	26	39	19	62	25	40	30	46	12	12	109	16	30	9	7	17	20	8	26	18	42	14	30	12	20	65	35	15	10	30	485	23	43	6	30	23	72	12	15	27	20	17	28	27	13	29	16	4	75	333	21	14	15	16	20	12	16	16	14	19	16	23	19	24	6	13	16	33	14	49	30	25	24	10	22	28	17	28	23	23	9	27	4	22	23	447	7	20	35	23	36	10	7	9	12	31	32	13	37	560	369	25	49	291	9	17	46	26	14	25	16	43	38	29	30	8	26	25	518	28	35	41	173	14	15	11	28	19	15	147	23	7	317	31	25	27	9	351	22	15	508	396	20	18	17	11	35	30	39	44	9	33	5	11	10	8	33	21	20	4	31	403	12	26	40	18	19	10	14	23	37	5	46	35	26	18	7	35	53	13	61	24	31	16	27	25	2	17	26	23	13	10	12	10	12	82	23	19	11	26	21	21	28	39	395	45	19	96	23	8	16	31	11	16	22	325	21	41	10	24	7	12	12	77	22	40	348	96	55	15	16	19	10	26	18	13	20	21	27	15	21	21	18	9	8	21	42	36	32	34	45	14	33	26	27	13	14	33	19	16	15	12	21	27	365	31	17	26	11	6	27	52	40	13	17	33	43	20	11	19	4	10	15	53	37	20	11	15	358	11	26	12	135	15	29	19	19	25	8	55	29	15	27	14	19	49	500	13	29	5	7	44	288	26	54	16	39	18	43	29	340	32	19	11	9	31	23	26	25	506	8	8	14	21	29	12	32	138	24	14	13	25	7	46	9	23	52	29	11	24	31	24	16	38	117	29	20	29	11	6	34	63	16	15	8	16	12	38	35	10	18	11	38	72	4	22	44	20	37	45	372	12	32	6	23	4	24	22	10	38	33	25	19	43	30	37	33	34	39	27	36	8	19	42	13	53	26	27	24	195	23	27	445	26	14	21	40	549	15	25	17	19	28	15	26	20	18	14	7	19	9	19	20	13	15	15	15	12	16	15	41	57	29	23	112	18	23	5	13	186	73	26	27	8	39	17	10	54	25	7	15	30	12	23	21	631	18	223	18	23	38	45	15	14	12	61	34	8	4	29	14	27	6	12	17	9	37	24	29	23	18
1:Del:T:3	1763	410	1304	1807	19	1613	1549	315	53	17	1673	27	134	10	57	8	1726	19	26	30	1453	20	48	31	31	239	19	222	16	19	22	613	26	14	13	19	39	29	16	23	17	17	24	37	43	31	23	545	29	84	40	20	88	89	46	113	11	14	25	32	22	12	25	15	295	24	150	25	26	19	28	27	29	40	17	32	33	32	29	22	79	52	31	14	50	1679	29	14	19	35	17	85	35	119	32	20	39	23	26	19	53	55	59	31	74	68	35	19	19	91	31	23	20	33	176	31	59	53	385	37	23	58	12	1828	60	16	26	12	34	7	51	23	17	17	50	23	21	48	42	30	49	39	24	23	15	2117	61	40	67	21	34	43	26	19	16	20	27	44	1937	34	29	27	69	40	53	39	40	23	77	76	19	228	29	26	9	22	15	27	26	27	25	47	28	25	18	50	102	73	14	12	34	1987	21	68	16	28	22	110	23	33	31	27	33	40	39	13	68	37	9	126	1340	37	22	10	15	28	31	32	22	28	24	18	35	15	18	14	11	34	38	26	65	55	24	51	20	25	45	47	26	22	10	14	42	11	27	16	2531	20	32	42	27	47	11	10	8	30	44	54	16	45	2355	1736	31	75	1348	7	27	46	40	13	48	30	57	35	43	68	13	20	31	2240	35	53	38	347	8	19	10	30	25	29	689	30	8	1255	43	34	29	1	1534	35	22	2475	1858	31	15	36	12	53	38	43	94	8	45	7	18	20	14	46	56	42	13	45	1734	18	41	51	35	30	15	15	43	61	24	54	47	58	43	19	32	80	24	98	70	35	37	37	40	2	23	38	31	25	23	13	10	16	99	46	34	10	34	30	18	41	59	1597	81	19	71	34	17	34	32	16	19	17	1484	38	82	17	43	18	18	17	162	31	51	1643	220	102	21	24	24	12	52	28	8	20	22	40	19	20	26	22	13	10	28	64	68	58	58	51	19	46	30	55	24	22	37	22	24	18	19	53	35	1230	71	21	39	25	9	39	51	54	23	42	52	82	16	20	24	17	10	12	102	72	31	22	23	1948	15	45	27	149	17	32	22	31	47	17	83	31	23	54	23	24	75	2184	20	63	6	26	72	1365	39	102	36	80	37	85	37	1045	48	56	6	27	63	36	28	41	2465	25	20	10	20	41	11	48	199	33	21	29	33	10	123	13	36	63	26	19	27	77	28	17	61	277	34	24	36	27	16	21	81	20	17	9	41	12	70	63	17	32	9	36	141	12	46	112	30	57	77	1409	10	51	10	23	10	23	25	8	65	55	29	30	36	28	45	54	75	41	30	54	23	49	78	14	89	32	35	22	418	36	40	1673	35	32	52	44	2362	24	20	12	15	61	23	42	32	28	22	17	24	20	25	17	19	20	19	20	6	25	28	56	92	44	27	198	18	36	12	24	635	135	42	50	14	58	24	26	84	33	17	28	40	35	55	34	992	36	458	14	40	69	42	30	14	19	109	32	16	10	68	17	42	6	12	28	3	58	34	46	30	30
1:Del:T:4	5524	1267	4014	5047	34	4677	4124	392	61	12	4497	42	192	24	111	27	1996	31	32	53	4276	62	70	63	25	918	28	288	24	12	35	888	70	25	26	35	28	27	20	30	28	42	36	23	53	15	21	715	30	47	59	16	39	57	25	60	14	19	24	34	17	14	32	10	111	50	97	27	25	29	36	36	32	28	31	37	33	49	34	30	45	33	35	20	89	4648	42	28	18	31	26	58	33	82	44	19	47	28	30	26	36	51	54	22	65	40	64	16	35	61	29	25	21	47	73	27	38	43	1184	37	43	64	18	5901	46	10	17	29	28	4	43	41	22	17	38	45	21	47	63	45	62	30	17	30	19	6272	49	42	59	20	16	27	54	28	21	29	40	60	5624	43	45	27	42	55	49	21	37	33	65	33	30	82	35	26	24	27	26	31	23	24	20	25	45	29	38	40	76	34	28	19	40	5855	24	62	15	34	20	51	38	35	17	42	27	49	44	22	48	31	23	59	4224	34	31	14	21	26	23	25	23	31	43	15	46	23	17	21	12	28	57	21	40	50	33	48	22	54	43	34	40	15	18	26	29	17	23	19	7608	13	47	37	35	65	23	12	12	25	25	36	38	73	6729	5427	41	44	3832	5	25	63	25	14	54	51	106	43	33	39	6	18	47	6683	33	45	38	166	19	25	12	39	34	23	2048	45	6	3953	42	41	25	7	4304	29	16	7650	5842	29	32	30	16	60	32	41	55	22	36	9	27	14	13	66	48	94	16	29	5008	19	38	71	24	35	26	25	38	48	21	68	44	35	25	17	31	53	26	64	44	41	42	39	30	3	15	20	27	21	16	11	20	14	71	60	36	17	59	32	35	45	40	4454	49	35	47	34	19	42	38	24	14	23	4646	41	130	21	47	29	18	27	96	44	86	4624	81	45	35	42	25	14	35	25	22	21	36	67	21	47	30	16	8	11	26	45	78	99	39	65	21	62	34	21	24	35	63	37	32	28	16	47	44	3880	45	27	43	22	12	36	57	61	39	23	44	52	26	18	19	27	12	10	46	75	32	48	29	5750	21	27	23	106	22	51	31	37	36	18	76	42	36	41	34	32	50	6488	26	47	18	22	52	3773	49	56	40	213	38	71	48	3406	54	34	12	24	53	24	12	60	6888	23	15	16	42	36	14	45	201	42	29	16	26	6	82	18	40	79	35	34	29	56	28	11	61	118	37	24	41	16	13	12	55	27	34	10	34	13	37	86	17	30	15	33	90	11	29	78	42	35	32	4306	27	52	7	21	6	48	44	6	69	50	40	27	89	24	43	44	44	42	25	36	30	72	50	18	106	60	26	25	200	38	40	5220	44	61	49	70	6579	33	30	18	5	32	37	42	36	32	31	13	47	27	34	22	22	33	25	27	5	38	29	42	61	49	25	97	27	35	12	22	1945	47	39	35	17	35	14	28	49	43	23	32	40	20	45	15	1369	63	738	24	34	63	68	22	31	15	51	48	19	4	42	14	36	13	23	26	10	47	41	41	33	16
1:Del:T:5	89403	27932	51522	75859	230	73463	53851	3454	573	136	48655	413	885	502	906	259	5502	405	484	702	57787	818	852	897	183	4953	261	2012	131	86	352	5585	765	262	271	518	471	182	324	527	290	541	235	78	651	79	178	3099	369	274	740	110	169	457	288	257	58	245	230	237	433	484	421	208	534	876	779	366	677	637	436	499	624	214	437	311	641	608	586	264	209	599	561	257	2047	68976	630	347	198	301	470	433	423	443	560	396	455	563	491	260	209	427	709	375	617	323	1099	168	494	376	361	275	565	1231	718	518	497	403	25681	596	731	701	385	124777	361	155	536	370	239	10	494	604	330	275	436	546	463	556	953	489	743	339	229	466	188	129207	619	475	601	286	109	298	944	643	299	375	583	761	103105	536	848	329	188	598	436	195	530	469	623	259	379	551	457	590	363	504	264	273	260	197	251	353	447	286	531	193	424	319	528	245	363	116153	280	364	272	713	409	497	543	435	129	918	498	268	501	279	641	460	310	705	99067	404	612	452	321	477	432	372	348	509	935	377	715	415	196	207	258	315	749	269	364	615	345	492	316	1005	706	329	296	177	144	354	318	114	352	228	87916	209	939	652	518	886	248	235	134	148	293	376	427	1292	127594	97811	553	421	71260	119	381	846	351	361	995	843	2667	582	400	426	61	115	761	134118	389	526	615	666	238	215	124	346	634	172	44787	503	67	77586	732	604	357	112	86960	236	191	127085	118583	392	488	296	246	612	367	571	429	345	320	61	537	236	287	886	536	1936	124	464	92569	400	770	1000	293	550	260	300	387	569	349	904	382	417	227	373	187	396	452	367	184	797	373	475	651	5	139	241	242	296	146	141	436	153	620	879	477	163	1110	394	658	674	569	98787	443	530	265	667	542	280	380	478	194	361	95209	531	2328	357	833	576	127	456	694	489	1715	84852	530	313	565	399	176	126	202	408	376	314	296	1157	247	644	344	179	19	186	434	312	847	2224	500	1221	313	1232	311	223	309	420	621	596	436	388	229	308	505	69367	125	373	416	275	192	539	870	544	779	162	492	448	581	223	235	479	278	217	233	904	402	560	389	100380	129	273	404	154	463	967	335	853	466	347	654	468	457	257	621	375	468	132034	474	401	163	233	562	68642	772	383	230	4406	291	1047	730	81147	337	127	105	321	339	167	64	771	133793	302	206	184	881	223	252	414	1577	867	516	330	671	64	592	235	634	1092	250	382	379	432	280	188	613	449	549	479	398	107	211	184	377	460	434	183	396	158	422	1300	323	312	180	294	730	104	188	686	447	369	317	83498	337	767	143	249	98	755	781	7	846	282	452	441	1637	319	500	828	423	662	338	346	404	758	398	274	1562	965	242	507	434	463	488	105880	509	1131	419	1029	117794	476	572	348	18	327	525	390	343	451	356	143	489	359	425	293	258	353	698	889	20	727	178	442	395	902	490	556	431	661	168	377	47955	317	370	353	127	354	210	439	384	873	327	283	861	327	449	145	9680	1118	14018	371	510	753	999	290	305	157	319	750	432	28	295	119	452	216	183	378	114	712	532	459	476	200
1:Ins:C:0	87	165	123	103	15	115	50	419	113	4	40	116	487	10	84	10	671	150	96	151	196	37	76	29	85	1	29	312	198	13	45	271	69	36	14	12	14	23	21	19	14	17	64	26	139	300	73	1186	28	132	17	16	52	82	26	11	18	6	7	820	39	95	89	19	45	81	45	51	117	29	116	25	38	35	34	107	268	53	57	216	11	295	150	17	217	116	93	320	47	49	86	1017	77	247	191	80	171	124	140	26	1640	227	84	69	114	31	116	50	56	77	187	16	96	40	164	82	58	15	47	102	345	214	45	236	140	268	8	130	30	4	30	59	27	11	128	18	116	51	634	114	57	81	32	58	8	784	88	26	32	12	13	188	226	21	31	105	50	175	265	21	24	116	259	124	116	174	179	32	145	51	45	155	140	43	51	16	17	45	34	38	15	17	102	23	27	176	392	89	150	37	104	242	170	469	25	148	6	12	26	54	97	22	49	86	47	50	67	203	5	49	183	13	54	14	45	346	308	103	51	64	73	29	134	52	77	20	44	75	25	194	243	485	100	699	18	282	91	188	277	10	211	53	570	14	46	126	105	57	30	364	158	963	5	16	46	24	143	61	46	58	249	109	99	47	95	6	18	44	97	32	159	89	142	137	215	17	3	52	162	244	19	34	268	277	17	3	12	132	309	11	38	125	7	357	133	303	260	9	138	33	318	221	205	115	19	63	10	735	96	154	45	18	114	10	16	36	7	313	36	35	7	827	143	42	53	126	32	72	35	47	74	264	137	57	107	16	10	30	17	857	63	309	26	249	522	117	59	1	30	93	113	121	339	15	58	120	13	39	247	37	159	48	30	86	67	202	82	74	133	15	11	24	185	34	243	165	99	136	48	14	139	63	91	57	137	39	326	134	143	125	227	98	47	23	1572	108	50	160	23	122	26	46	127	91	0	68	72	136	315	221	90	402	37	314	45	15	85	41	466	137	51	82	65	80	497	222	6	40	16	48	5	66	64	538	128	14	52	442	24	76	107	73	15	46	13	322	36	130	84	142	17	93	103	39	39	92	317	38	12	33	464	127	56	142	62	94	37	239	53	34	128	7	58	217	207	317	32	683	212	289	40	281	177	379	12	47	286	15	2	96	222	19	77	52	21	49	19	265	413	20	19	91	55	4	44	52	127	123	217	26	35	31	66	39	584	89	101	129	122	9	19	82	2028	307	40	34	153	103	204	127	16	7	10	50	43	16	136	147	284	539	41	163	105	178	4	127	38	77	42	3	375	796	221	150	505	120	154	63	17	407	43	17	44	84	84	46	47	130	80	55	22	32	117	366	35	87	26	444	330	263	37	66	1	40	37	510	36	53	88	54	46	44	420	73	69	28	10	22	5	41	15	384	283	130	161	25	12	26	82	65	93	35	82	207	8	36	22	20	46	109	39	56	240	177	109	29	657	18	73	115	35	259	160	51	89	81	10	613	52	2	22	113	95	25	11	121	12	32	354	434	157	35
1:Ins:C:1	14	8	15	26	2	17	13	13	5	0	7	7	10	1	7	3	30	3	11	7	28	6	5	5	1	0	1	17	3	5	4	11	7	1	3	4	5	1	4	5	1	4	7	2	7	17	2	44	1	5	7	4	3	2	3	3	2	1	1	29	8	4	3	0	3	11	5	9	7	8	2	7	5	2	3	8	11	3	3	10	0	12	7	2	10	24	5	14	8	10	7	60	7	10	5	11	8	9	15	2	52	14	8	4	3	2	10	6	2	8	11	1	31	8	11	3	7	4	12	8	12	11	1	50	33	16	1	8	4	5	13	10	3	2	6	3	6	2	25	9	17	9	6	2	4	76	3	3	3	6	1	6	13	5	7	8	4	13	54	3	2	10	18	3	11	7	12	10	12	9	1	5	3	6	4	4	3	6	5	2	5	7	6	7	7	8	24	13	10	3	8	57	11	19	0	12	4	6	3	8	7	6	4	4	7	6	6	8	5	5	41	4	3	2	6	16	22	13	7	10	7	5	9	6	6	1	9	8	5	9	13	15	3	23	2	18	6	6	12	3	8	5	16	2	6	6	25	4	13	11	5	39	2	4	1	2	7	5	5	6	66	33	8	5	27	3	4	3	6	3	5	9	10	9	7	3	3	3	7	61	3	6	12	11	4	4	2	11	11	3	14	4	3	63	6	20	12	1	33	6	8	65	54	6	10	7	2	28	7	7	6	2	12	3	1	1	2	13	9	2	2	33	32	2	4	10	3	5	2	3	4	9	2	3	7	2	4	2	3	37	4	26	4	6	24	5	6	2	6	3	7	10	20	3	4	6	2	5	15	4	12	3	1	6	10	44	8	11	7	6	6	5	10	4	15	7	22	6	6	4	11	3	6	2	17	7	25	31	5	8	16	0	4	0	47	7	2	7	9	10	3	8	13	5	2	7	4	12	11	9	10	15	5	12	8	4	9	4	24	12	7	5	5	6	22	41	2	3	4	2	1	7	4	28	8	2	12	28	4	5	7	9	2	8	1	14	6	5	4	41	6	6	7	16	3	7	14	5	4	2	17	7	5	7	7	1	9	55	8	6	5	4	4	26	11	15	4	24	6	16	5	31	10	20	3	2	9	2	5	6	55	2	2	2	2	6	6	14	10	11	2	2	9	0	3	4	12	10	12	3	8	7	7	5	32	6	5	6	9	3	2	8	54	18	2	3	8	1	11	13	0	3	2	8	4	2	7	10	13	16	6	37	14	12	0	9	1	8	6	1	16	36	11	7	24	3	6	5	2	18	7	5	6	7	8	6	3	8	3	12	8	7	12	57	6	7	2	20	59	16	6	6	5	4	3	18	4	12	5	1	8	4	17	4	4	6	4	4	1	8	2	16	13	13	4	4	4	4	5	6	19	7	8	11	1	7	5	2	5	6	1	5	12	16	9	4	31	9	19	7	7	16	13	2	9	5	6	16	4	1	5	6	9	1	1	5	2	4	7	23	10	3
1:Ins:C:2	7	9	7	25	4	13	19	1	4	1	10	2	5	2	2	1	22	2	0	2	14	1	2	1	2	1	2	6	2	2	2	12	1	2	1	3	3	0	1	3	3	2	3	0	3	3	3	21	2	1	4	2	3	1	1	0	3	0	0	3	1	4	2	0	0	2	5	0	3	2	2	0	1	1	0	4	2	0	3	3	1	2	5	0	6	17	3	5	0	5	1	18	5	2	7	3	1	0	4	0	10	5	3	2	2	2	4	1	2	2	4	1	2	5	5	3	2	6	7	1	3	2	4	32	3	4	3	2	4	0	7	3	3	4	2	3	2	1	7	3	5	2	3	2	1	46	2	2	1	0	2	0	5	2	1	6	3	3	27	3	5	1	2	2	10	0	1	1	3	1	0	2	2	2	0	2	0	2	1	2	1	2	4	2	3	0	5	3	2	1	0	33	4	4	0	3	3	3	3	5	1	5	4	1	4	3	2	4	0	3	26	2	1	3	1	4	2	2	1	1	1	2	3	2	3	1	2	3	5	1	9	2	4	4	2	2	2	0	3	2	2	1	2	0	1	0	38	1	5	7	1	6	1	4	0	0	6	1	2	1	31	22	2	4	15	0	3	4	2	0	3	3	3	4	3	0	1	2	4	29	2	3	3	5	4	4	1	2	7	0	5	5	0	51	4	7	2	0	26	1	4	53	23	2	0	2	2	8	2	6	4	0	8	2	2	2	1	5	3	2	1	6	18	2	6	7	3	4	4	2	1	4	2	5	4	3	1	1	1	10	4	4	1	3	2	2	4	1	0	4	2	1	5	1	4	1	2	2	5	3	2	2	2	4	4	32	0	3	2	1	2	2	7	1	7	1	16	4	4	3	3	2	2	2	8	4	0	19	2	3	5	4	3	0	11	2	3	1	1	4	1	4	4	1	0	1	4	3	6	6	3	4	3	3	2	2	2	2	4	2	1	0	1	5	1	31	1	1	0	1	2	0	4	4	1	0	8	3	2	3	3	1	0	1	2	6	3	4	2	23	3	3	2	22	5	0	2	3	4	2	9	3	6	5	2	4	3	27	4	2	3	3	1	17	2	3	2	4	4	7	2	17	3	4	0	2	3	0	5	7	39	1	4	1	1	5	1	3	4	3	1	4	1	1	3	1	5	3	2	3	2	3	1	2	3	0	4	1	0	1	0	1	15	3	5	2	3	1	4	3	1	4	1	0	3	1	1	3	2	5	1	22	3	4	1	4	0	4	2	0	2	4	0	5	8	3	5	0	0	3	0	4	0	4	0	0	0	4	2	6	3	3	0	31	3	2	1	5	40	5	7	4	4	2	4	4	0	1	0	1	5	1	0	4	1	2	0	4	0	1	1	1	4	5	1	5	0	1	1	1	12	2	1	2	0	8	1	4	1	5	0	5	8	1	3	0	14	3	13	2	3	2	3	3	1	2	2	4	1	0	3	2	3	0	1	4	3	3	5	7	1	3
1:Ins:C:3	53	10	42	77	2	43	53	6	2	0	42	4	12	1	3	4	25	3	1	0	54	2	2	2	0	9	0	5	1	2	3	5	1	1	0	3	1	0	5	0	1	1	0	0	2	3	3	13	0	3	0	1	2	1	1	1	2	1	1	8	2	2	2	0	2	4	6	3	1	3	2	9	2	3	2	1	7	4	3	4	0	2	1	0	3	52	1	0	2	2	1	11	4	1	1	2	3	2	8	4	6	2	1	3	4	1	0	1	2	3	3	1	11	6	7	3	4	2	19	4	2	2	3	54	11	2	0	1	3	1	3	1	2	2	3	3	4	2	10	2	6	3	5	1	5	98	3	0	2	0	1	2	3	3	1	2	4	3	72	3	5	2	4	5	5	0	3	7	1	3	1	3	4	1	2	4	1	3	2	1	2	3	4	1	3	3	4	3	2	3	1	62	2	4	2	3	1	1	2	8	4	1	0	2	2	3	1	2	3	0	47	3	2	2	2	5	2	1	1	5	2	2	2	3	3	4	0	2	4	3	1	4	7	4	2	4	1	3	0	0	1	1	3	1	3	2	101	0	17	3	1	5	0	0	1	0	3	2	4	1	87	40	2	3	49	1	4	6	1	1	3	2	6	1	2	0	0	1	9	109	4	3	5	2	1	5	2	5	2	3	25	1	4	126	1	1	2	1	54	3	0	107	69	1	1	1	2	2	2	6	3	0	6	1	0	1	1	1	2	2	1	3	43	6	4	2	1	1	3	1	0	2	1	6	2	1	1	3	2	5	3	3	1	1	2	2	4	0	2	3	0	5	2	0	4	0	3	1	2	0	4	5	0	7	3	71	0	3	3	2	2	5	6	5	0	2	51	3	4	2	5	2	3	4	3	1	16	53	3	3	1	5	1	1	6	6	2	1	2	1	2	1	1	0	3	0	0	1	3	3	2	9	4	2	1	1	4	1	3	1	3	2	2	3	2	47	1	0	3	3	1	2	4	3	6	0	1	2	1	3	4	3	0	2	1	5	4	7	1	64	1	3	4	39	1	1	2	2	5	1	3	1	4	1	5	1	3	95	5	5	0	0	1	30	4	4	4	5	5	4	7	62	1	4	0	1	1	0	2	2	78	0	2	2	2	1	1	2	7	4	2	2	5	1	7	3	3	6	0	5	2	1	3	2	1	0	3	1	2	1	1	3	3	2	2	0	3	0	4	4	2	2	1	6	6	2	3	1	2	1	2	52	3	2	0	0	1	6	0	0	2	2	3	0	3	0	5	1	4	2	2	5	3	1	1	1	7	3	1	1	3	1	1	58	0	9	0	4	75	2	5	2	3	3	3	4	1	6	2	2	2	2	8	2	2	0	0	3	2	6	2	7	2	7	3	5	1	4	0	2	29	6	2	1	2	4	4	0	4	2	1	1	5	4	0	1	12	3	14	1	2	4	7	0	2	1	2	2	1	1	0	1	3	0	0	1	0	2	3	1	2	2
1:Ins:C:4	326	116	272	335	2	313	245	12	2	2	281	3	9	4	7	3	36	1	4	8	240	6	6	3	1	54	5	14	1	3	0	18	1	3	1	1	5	1	4	2	1	9	3	1	4	3	0	38	2	4	7	2	0	4	1	2	1	0	3	4	3	0	6	4	4	6	3	3	3	5	2	5	4	3	4	3	2	5	7	2	1	2	2	0	5	204	3	3	4	4	4	14	4	5	4	5	8	4	9	8	5	4	4	8	5	4	4	0	6	1	3	0	6	10	7	1	8	6	85	6	3	4	4	569	6	0	3	1	5	0	3	4	3	1	1	0	0	2	12	3	12	5	3	4	1	429	10	6	2	1	0	1	1	0	1	2	3	8	375	4	7	4	4	10	4	1	6	7	4	1	2	2	6	5	4	7	1	2	3	2	0	1	7	1	1	3	3	4	1	0	0	295	3	4	2	2	2	5	3	6	1	7	1	1	4	5	3	4	3	2	335	9	2	2	1	8	6	2	2	1	3	3	3	3	3	2	5	4	4	4	5	3	4	5	5	9	6	2	1	2	2	3	6	0	4	2	282	0	14	4	1	6	4	1	2	1	1	2	5	2	411	382	3	4	268	4	3	5	8	3	8	12	7	2	5	6	3	4	4	518	4	4	9	1	1	6	1	4	3	4	130	3	3	772	6	2	4	4	352	2	3	649	477	5	9	3	6	7	3	5	4	2	9	4	3	3	4	8	5	7	0	1	286	1	7	3	3	4	2	4	2	2	4	6	9	3	3	1	1	5	1	2	0	7	5	1	6	0	2	3	3	1	2	1	6	1	6	5	4	1	4	3	4	9	4	380	3	3	1	4	5	4	2	6	2	2	320	3	10	6	7	3	2	5	3	4	14	315	3	3	3	7	1	1	5	0	2	0	1	4	2	1	5	5	0	4	2	3	5	8	7	10	4	3	4	0	3	2	4	5	3	2	1	3	1	190	1	5	2	4	1	1	4	4	4	2	7	4	5	2	1	1	1	2	2	7	0	12	3	465	2	1	4	26	4	2	2	4	1	4	1	2	4	5	4	4	9	495	4	1	1	0	2	245	2	1	3	17	2	1	6	337	5	4	0	3	5	3	3	1	534	1	1	3	4	3	1	2	9	10	2	5	5	1	7	1	6	10	2	0	3	3	5	0	3	5	2	3	5	2	2	0	3	5	3	3	3	4	6	4	2	2	1	4	6	0	3	9	4	4	2	299	2	6	3	1	1	4	2	1	8	2	2	4	5	3	2	2	5	2	2	3	8	6	1	1	12	5	3	4	2	3	1	352	3	7	3	7	361	4	6	1	1	6	1	2	5	5	3	0	1	1	16	3	1	4	5	9	0	7	2	3	5	5	2	4	4	8	3	4	118	3	8	6	1	3	0	3	4	5	0	2	7	2	3	0	31	13	77	6	4	8	6	1	4	4	0	4	4	1	3	2	6	2	1	4	0	4	2	6	3	3
1:Ins:C:5	1450	475	828	1979	21	1455	835	48	18	8	856	28	46	27	32	14	105	11	23	28	1012	37	23	58	9	106	20	59	6	5	12	82	33	14	19	15	32	4	16	15	14	35	13	6	31	9	11	147	20	13	38	8	12	35	12	8	6	8	19	16	23	19	26	18	35	24	30	17	41	32	31	39	53	14	22	18	16	29	32	29	2	19	30	14	52	1156	28	26	17	10	20	46	16	11	29	24	25	21	16	18	14	38	16	30	31	11	58	16	25	12	13	22	43	48	36	33	31	23	425	18	35	19	27	2307	24	4	26	21	8	4	38	29	14	5	27	20	20	19	60	24	34	9	15	12	8	2109	49	33	14	25	6	2	19	9	20	29	39	32	2031	27	38	20	13	33	30	9	20	37	32	14	12	19	27	24	19	34	7	19	14	9	23	15	36	19	23	15	26	11	34	14	14	1933	22	23	9	32	24	43	22	35	9	37	25	17	20	30	36	26	14	30	2134	38	37	19	25	18	35	21	23	36	46	12	32	22	11	16	20	27	17	16	30	25	23	50	22	38	43	20	12	4	8	35	20	6	26	10	1061	4	136	23	17	29	20	11	6	14	21	15	29	39	2624	1589	20	6	1218	27	25	26	13	30	42	56	42	10	22	40	10	9	41	2389	18	43	22	22	20	11	7	29	26	13	589	35	14	3942	47	15	14	4	1183	17	14	2904	2307	13	25	15	11	14	23	15	20	11	31	18	27	7	18	30	60	47	11	20	1722	21	47	16	21	22	12	15	14	14	14	25	31	39	13	27	10	27	20	23	17	41	8	23	34	0	8	16	19	12	15	7	22	8	19	26	39	13	25	23	33	30	19	1562	26	39	16	41	28	22	16	22	12	10	1432	33	53	21	39	27	8	29	39	25	82	1615	14	14	18	18	13	5	12	11	6	11	14	66	19	39	18	14	13	3	38	15	21	49	25	43	15	18	22	12	16	18	14	21	28	22	23	24	37	1524	2	26	29	11	19	19	19	19	43	11	24	29	26	9	23	21	7	14	19	27	43	17	33	1581	11	10	25	43	27	32	12	26	19	27	22	26	19	30	25	24	29	2370	27	25	5	16	14	1280	35	15	12	71	16	21	29	1574	15	12	14	17	12	9	10	28	2407	15	12	7	28	10	19	11	86	76	26	15	44	10	27	8	37	45	19	20	26	17	32	4	23	25	24	19	17	7	15	6	17	22	22	11	14	23	19	12	12	18	11	23	28	4	4	19	27	18	16	1366	10	44	8	21	7	28	18	3	32	16	19	24	32	22	18	42	32	31	23	14	21	28	22	11	41	35	9	24	11	26	18	2008	20	70	15	25	2519	28	29	15	10	32	18	17	18	39	15	4	20	20	46	21	23	15	31	39	5	47	8	12	20	39	24	19	28	38	8	22	932	17	12	21	2	30	17	14	24	72	15	15	67	9	22	5	181	80	475	25	46	27	22	17	16	14	20	19	18	3	21	16	16	14	11	29	10	35	50	20	23	14
1:Ins:T:0	112	45	61	124	8	82	42	36	21	5	49	17	78	6	17	2	276	11	11	17	84	11	18	15	13	4	4	55	21	2	9	78	7	6	8	2	10	5	10	9	5	5	11	3	12	32	2	192	5	15	4	7	5	17	4	4	1	1	6	90	18	22	31	18	20	19	35	16	18	14	18	22	18	9	8	23	24	15	23	20	4	39	27	5	44	138	25	46	20	27	20	99	19	39	34	11	39	13	37	14	120	27	20	26	24	12	31	21	8	27	23	8	40	25	30	21	18	16	53	26	25	36	9	312	68	66	6	22	10	7	27	23	8	10	32	23	12	7	38	25	36	20	11	15	8	265	24	18	7	15	10	26	26	11	12	14	29	27	227	19	28	18	21	24	28	25	40	22	31	12	12	28	17	25	11	15	7	18	14	12	15	10	27	12	15	18	39	11	19	13	22	276	20	49	8	29	8	18	12	29	12	22	15	31	15	10	25	28	7	21	279	38	20	14	21	16	37	15	19	18	31	15	23	18	15	7	19	18	19	16	28	44	30	72	14	35	31	18	31	7	25	24	50	4	21	16	147	9	27	31	19	105	6	10	16	9	23	10	22	25	369	244	24	13	133	7	15	27	11	23	27	28	36	17	39	12	3	15	27	311	8	31	33	46	7	7	13	16	50	10	82	21	8	481	32	40	18	4	134	13	27	356	280	27	8	15	7	85	19	32	17	15	30	8	14	16	13	44	38	24	4	41	243	15	21	25	7	20	13	14	18	30	19	25	24	21	14	21	13	62	16	31	9	30	59	26	20	4	15	12	29	12	28	12	13	11	11	12	55	14	46	21	21	28	19	183	23	13	34	24	7	19	30	18	29	24	172	37	24	21	32	12	8	18	26	15	63	176	24	26	38	21	12	5	114	17	8	22	13	36	21	19	16	23	6	8	22	27	35	45	18	45	10	36	12	8	21	10	46	29	28	22	18	14	61	290	5	12	10	17	2	12	21	56	20	9	27	130	25	6	12	10	10	20	11	43	23	19	11	202	24	11	23	141	16	15	29	11	17	18	69	40	22	29	11	24	19	309	22	22	11	10	14	185	26	46	3	30	21	30	14	225	34	45	12	7	32	8	19	31	229	4	10	10	10	15	12	19	120	32	10	22	15	0	19	23	24	29	42	14	25	13	19	7	69	26	31	12	23	5	6	7	203	43	28	12	31	16	19	28	13	18	5	17	30	5	19	20	17	49	22	193	17	34	1	16	7	25	17	1	52	62	28	25	59	17	27	28	16	59	20	11	17	27	18	5	22	18	7	21	13	18	18	276	21	27	11	69	323	37	22	18	12	22	21	49	12	27	26	8	27	14	48	29	23	13	11	28	5	28	9	62	28	33	33	22	6	12	7	17	143	14	26	36	1	29	20	13	13	35	13	16	37	25	25	5	206	21	423	19	24	43	51	17	14	18	22	47	17	4	17	25	27	10	11	31	3	19	48	57	29	15
1:Ins:T:1	54	16	45	66	9	53	44	7	8	13	35	10	23	13	15	8	74	15	7	9	66	11	14	16	11	2	13	14	26	10	7	26	13	9	9	14	20	11	7	17	8	9	14	6	12	30	11	84	14	19	12	3	11	19	8	11	5	6	11	23	22	3	9	10	11	14	16	12	14	19	16	19	14	8	6	18	22	14	24	14	7	18	16	15	16	50	11	32	6	18	13	52	10	28	17	17	14	10	13	7	58	26	25	11	27	15	19	20	9	36	15	9	19	18	31	18	19	14	24	16	29	21	13	89	157	26	12	11	10	4	34	13	6	13	29	10	16	10	21	11	24	16	4	9	4	117	15	15	6	14	4	14	16	2	9	20	15	38	94	25	11	18	9	18	36	15	17	22	22	10	4	25	15	26	8	16	6	18	14	12	2	7	16	15	19	11	23	21	12	11	22	114	10	22	8	19	9	26	19	23	15	15	16	16	11	9	9	32	3	19	81	20	11	11	19	12	12	13	6	16	24	10	11	11	17	10	17	15	20	10	10	34	30	27	10	25	16	21	10	3	15	22	25	4	14	15	95	3	19	26	30	55	11	11	12	8	19	7	10	21	133	87	22	16	52	7	19	43	21	13	16	20	30	34	35	13	7	6	17	133	14	11	25	34	11	11	13	16	23	6	28	9	7	139	23	21	16	10	66	10	18	138	78	20	14	8	9	44	22	26	13	11	27	11	5	19	12	25	15	13	10	37	78	11	30	13	18	11	12	13	15	23	10	42	12	14	8	17	19	39	14	21	9	44	53	11	26	9	62	32	26	16	24	12	13	10	13	18	35	9	24	26	10	28	19	70	14	18	38	12	6	12	36	9	21	9	69	16	18	13	13	7	12	7	21	13	26	71	25	22	22	16	14	3	60	11	8	18	11	19	23	14	26	22	12	12	10	17	22	19	31	22	6	26	11	8	17	14	22	11	21	16	20	12	40	86	3	14	16	7	2	7	38	51	17	10	19	54	14	11	13	12	14	8	14	30	15	15	9	73	6	20	22	273	13	12	24	15	13	15	36	17	7	23	15	17	21	125	19	26	12	11	18	56	23	33	8	29	21	18	10	60	21	27	6	16	27	4	16	19	65	16	7	9	4	8	6	17	24	14	7	12	11	7	30	10	17	25	36	7	28	9	11	9	41	17	15	10	27	5	11	15	126	28	15	4	24	14	23	26	11	16	8	19	15	4	19	21	10	53	13	58	12	35	4	21	8	13	9	6	44	24	23	16	48	19	10	8	17	45	20	18	8	16	9	8	20	41	5	19	13	14	22	110	9	16	10	37	109	37	13	16	12	7	13	22	12	22	14	9	13	17	26	13	11	10	4	14	6	14	4	27	40	23	16	21	9	10	7	15	35	15	20	24	4	21	11	12	12	27	12	6	27	14	33	14	52	24	198	15	10	32	25	13	9	14	10	27	14	8	9	21	15	9	9	14	6	20	26	43	19	6
1:Ins:T:2	308	47	214	322	12	184	190	8	9	3	184	14	27	5	12	6	93	9	8	7	370	10	4	15	5	58	9	22	12	1	7	34	11	5	2	8	12	4	7	8	8	9	7	3	11	9	4	82	6	5	11	1	8	7	7	8	4	3	12	16	11	9	11	8	5	8	12	8	10	13	10	17	4	8	13	5	11	11	25	7	8	8	13	7	10	240	9	14	13	11	7	26	13	18	13	11	11	4	15	6	29	26	17	12	8	8	15	19	6	20	12	3	13	13	24	12	22	17	39	13	17	17	14	291	112	20	9	11	10	1	26	8	4	7	16	10	7	9	11	8	17	5	7	8	5	386	13	18	5	9	5	9	14	3	10	15	7	14	317	6	10	19	10	10	25	10	22	14	25	7	8	25	13	18	9	11	2	15	8	6	5	17	19	13	14	8	15	8	8	9	11	294	14	22	6	14	6	24	6	8	9	10	9	7	8	4	16	16	4	17	199	13	13	8	11	11	13	4	8	8	13	12	8	4	8	4	6	7	7	15	10	18	22	23	5	19	15	8	13	2	9	8	19	1	8	8	647	7	12	22	11	24	7	3	14	3	13	2	11	16	395	449	16	9	230	3	8	27	8	9	16	10	16	26	16	8	5	6	19	508	10	15	25	23	5	3	13	7	20	4	160	12	6	493	11	15	9	2	148	6	5	444	272	12	7	7	6	24	14	30	14	3	20	3	4	3	8	14	24	13	5	18	224	6	19	6	12	9	5	10	4	11	8	25	9	10	10	6	10	18	11	12	8	39	24	3	18	1	51	17	17	5	10	8	12	9	13	5	25	7	24	16	5	20	9	172	18	9	31	10	5	11	20	9	11	11	345	3	29	7	12	6	8	8	24	9	15	245	24	9	6	13	14	2	26	6	1	4	4	15	12	10	22	10	3	2	5	13	15	9	28	19	5	16	6	1	9	10	26	16	8	10	9	10	25	309	2	6	10	9	5	7	22	35	7	6	9	32	12	11	15	12	6	11	8	22	9	8	10	253	1	6	5	325	15	12	8	3	11	5	20	10	7	7	7	13	14	460	8	19	5	5	7	176	22	26	5	17	19	15	5	212	10	14	5	8	14	6	11	9	234	5	6	2	5	6	4	8	21	16	11	7	11	2	8	7	9	22	26	9	25	5	10	3	29	9	21	6	15	3	7	12	63	5	18	5	11	13	13	16	8	10	3	7	13	3	15	9	14	16	11	238	3	19	1	11	3	10	7	1	27	13	8	5	27	9	8	13	7	23	21	6	6	17	13	3	12	29	5	12	6	12	10	335	12	12	4	15	354	38	13	6	15	7	12	8	7	13	7	6	15	6	15	7	6	6	6	18	3	7	5	27	12	13	10	8	6	10	3	10	75	11	9	10	2	23	11	3	10	13	5	5	19	12	14	4	53	9	241	13	8	17	25	4	11	6	10	22	5	1	13	5	13	4	4	4	2	15	20	17	12	2
1:Ins:T:3	191	43	143	258	4	161	131	53	21	6	115	8	87	8	29	3	335	6	6	10	216	7	10	20	8	35	5	51	10	2	6	86	8	5	7	4	20	4	1	10	3	8	6	2	9	9	5	222	4	6	12	5	5	11	5	9	8	7	4	10	8	6	8	4	13	12	10	2	9	7	12	13	16	6	5	6	6	6	12	14	2	7	6	4	13	175	8	15	2	6	12	15	14	15	17	13	9	8	6	7	14	19	12	11	11	9	12	8	5	11	7	3	12	16	15	5	17	13	29	10	11	13	7	213	46	6	8	6	3	0	9	10	4	11	10	3	6	10	9	12	25	4	7	4	6	238	13	15	4	10	7	1	16	5	5	12	9	22	215	13	11	16	9	16	29	5	11	18	17	5	7	17	6	8	4	9	5	9	7	7	4	7	8	7	8	5	19	13	12	11	7	209	12	14	11	6	6	22	7	17	3	9	14	12	4	5	8	6	8	10	163	15	10	9	9	12	7	12	10	11	8	9	11	9	7	7	12	9	7	12	9	18	7	13	6	16	11	15	7	2	7	11	9	7	12	4	348	5	13	10	8	13	7	8	7	3	9	4	11	14	305	270	11	7	156	3	8	16	2	3	17	12	12	18	10	3	4	5	22	346	10	9	17	21	6	5	5	8	15	5	77	12	1	366	7	8	11	2	125	9	8	271	204	9	8	8	12	24	11	7	14	7	14	3	5	3	8	12	17	12	2	13	175	11	25	10	13	13	4	5	10	9	3	17	8	12	6	7	8	15	9	16	10	15	14	9	17	1	14	13	11	8	10	4	13	7	5	14	17	7	16	7	10	15	10	128	11	8	12	13	12	5	9	2	10	6	209	8	22	7	8	10	6	10	19	9	16	183	17	10	10	8	9	1	13	5	1	7	5	12	5	12	13	14	3	6	11	9	17	18	19	13	11	12	9	8	10	10	14	10	8	16	13	18	15	274	2	10	11	7	4	12	14	26	9	2	8	13	10	13	7	8	4	9	12	18	12	15	7	178	7	6	9	145	6	19	12	8	10	4	17	8	10	12	10	19	11	340	6	11	1	7	11	124	20	15	6	15	8	17	11	146	14	13	3	6	10	4	4	13	175	2	4	6	7	14	5	10	61	24	7	4	15	4	13	13	7	20	20	10	20	8	9	0	18	7	7	10	15	3	6	5	31	8	12	5	13	9	10	18	8	10	2	4	9	3	12	10	14	17	5	172	2	16	3	13	4	5	13	2	13	10	10	11	20	12	11	13	10	15	7	15	5	13	8	5	14	18	5	10	8	5	10	218	5	13	5	18	235	20	10	9	13	12	12	15	11	11	15	6	10	4	10	6	6	13	7	12	6	7	4	17	17	17	10	15	9	10	5	11	66	10	9	10	2	9	5	13	12	15	12	6	16	3	11	2	151	17	189	12	14	16	16	9	5	5	12	16	8	0	7	8	7	6	7	9	5	11	15	9	9	4
1:Ins:T:4	474	140	325	514	11	367	291	232	99	11	269	21	334	11	158	10	1241	16	17	15	459	14	21	31	3	83	8	323	10	3	10	437	16	12	6	13	20	10	6	9	9	19	18	4	16	14	4	907	12	11	20	12	6	21	5	16	3	5	12	20	13	11	10	11	18	12	15	13	13	16	7	10	13	9	8	14	8	13	20	9	3	15	10	8	19	335	10	22	8	3	13	15	8	22	12	11	17	10	10	15	5	17	18	21	14	11	20	7	8	17	9	8	21	20	22	12	17	7	83	14	12	17	8	583	33	4	7	7	8	1	19	18	6	1	11	14	7	12	18	6	18	12	5	8	5	540	15	15	8	7	6	5	16	8	12	8	10	21	439	11	22	13	13	20	22	9	16	20	17	17	10	25	8	8	14	19	3	7	5	3	8	9	13	14	13	13	11	16	15	7	2	424	13	14	6	25	12	26	15	15	13	10	15	10	8	8	16	8	3	18	449	18	15	11	10	15	6	10	13	16	15	17	12	8	8	12	17	14	11	8	12	17	11	16	11	20	22	9	12	3	8	20	10	4	12	8	406	6	25	15	7	26	3	5	7	3	12	4	11	15	544	492	22	14	290	4	13	10	11	8	20	21	17	22	21	19	6	7	19	602	14	13	23	20	8	6	6	7	22	3	169	18	4	894	27	14	12	4	281	8	8	606	456	3	15	6	1	15	15	10	17	8	19	7	5	9	14	15	29	33	10	15	345	7	20	13	11	15	8	7	8	7	5	9	13	23	15	11	11	13	8	7	10	26	16	11	24	2	6	12	7	1	5	5	10	8	9	23	28	8	16	10	15	22	15	319	12	11	8	21	10	11	23	14	7	10	401	16	23	12	18	6	8	7	20	8	28	352	28	16	12	7	12	5	4	3	7	16	7	23	6	15	18	9	2	9	15	12	18	16	20	17	12	10	10	9	12	11	19	10	14	13	12	19	12	356	5	10	17	9	7	11	12	19	18	2	15	30	17	7	11	11	11	7	15	17	14	11	12	515	2	7	7	51	12	16	14	8	13	11	20	11	8	10	13	16	23	583	7	7	5	6	10	275	19	32	8	23	8	22	10	326	15	6	4	6	12	3	3	12	389	7	7	6	14	9	8	10	254	31	9	4	21	5	13	7	14	18	22	10	17	15	13	4	14	28	10	6	16	5	5	8	23	14	6	10	8	8	14	13	8	12	7	18	14	2	8	16	10	17	12	340	6	14	7	14	1	16	11	4	17	9	13	21	27	8	13	15	14	15	17	19	11	16	14	7	17	23	4	12	16	8	14	438	9	22	8	26	443	22	14	11	6	8	17	12	8	14	13	3	17	10	14	14	5	12	10	16	1	13	5	17	23	15	16	20	11	10	7	16	166	20	10	15	1	15	12	10	15	36	7	5	27	11	13	3	751	15	271	14	14	24	14	11	6	7	13	20	7	1	4	8	13	1	3	14	3	17	21	7	10	10
1:Ins:T:5	17078	6377	9817	22444	574	16713	9381	5579	2227	306	8584	798	4627	691	2391	547	10146	527	887	759	23844	984	758	1658	297	1567	626	6412	264	227	413	6956	652	548	646	496	836	318	598	598	381	1105	596	186	876	300	427	9883	544	286	985	293	376	1001	324	407	196	271	850	742	698	602	648	577	513	722	700	528	675	831	739	649	1116	435	564	470	450	697	960	588	192	619	652	392	936	12246	837	699	312	438	593	551	461	427	890	424	768	444	654	704	270	710	633	997	549	469	1117	570	549	501	573	513	915	1154	711	706	691	439	3109	669	678	833	489	27496	530	322	403	557	379	127	813	875	301	94	650	611	416	505	849	547	1007	552	586	619	213	18859	723	700	320	587	374	256	567	273	479	716	881	889	20500	698	1125	636	302	797	1081	281	753	751	883	440	449	515	497	498	529	830	175	529	410	330	525	456	797	566	701	353	419	302	799	344	405	17499	634	542	280	1076	508	980	595	630	229	850	856	662	525	583	891	544	314	760	28081	732	858	487	567	644	513	439	572	1110	1096	796	621	436	322	362	685	483	431	466	521	831	528	1196	588	1060	1021	607	395	265	262	1037	588	197	471	507	9384	336	1800	714	440	921	673	351	253	283	624	450	694	721	27837	20803	548	250	12561	274	578	521	322	700	1131	982	1497	648	601	781	236	244	970	24306	495	615	719	739	395	324	331	627	909	312	6720	825	205	45580	1006	747	544	240	9059	408	326	28693	20065	538	433	269	459	525	472	505	502	342	833	350	509	195	589	829	1576	1067	258	456	16284	671	859	442	539	615	379	510	398	521	393	565	742	1148	447	735	509	474	484	378	400	783	436	517	683	23	167	481	351	398	271	366	604	334	289	909	1100	382	759	561	828	989	564	10993	610	667	482	1090	505	623	776	593	280	443	16539	748	1052	816	794	392	256	485	778	664	1593	17000	472	549	633	544	462	186	248	483	324	390	479	1224	329	944	660	372	145	314	1069	589	731	989	663	1325	671	520	554	469	406	562	527	630	968	604	487	766	777	17662	160	573	725	368	241	508	504	579	1014	311	478	960	1040	373	598	603	462	444	627	782	843	623	631	16646	361	358	542	225	902	620	347	477	542	695	703	840	446	564	669	722	991	24418	756	594	255	384	536	14799	866	772	361	839	347	998	840	16397	454	275	267	352	532	227	217	821	16650	262	257	415	680	343	500	435	5645	1296	535	394	1248	160	732	399	748	887	677	565	799	573	701	191	673	688	606	430	424	216	436	262	522	479	517	296	379	558	722	541	420	612	362	680	663	174	265	399	717	388	623	15527	275	1256	174	616	186	732	753	32	932	349	550	571	998	413	537	845	737	1029	778	433	410	743	576	240	1082	765	321	844	477	527	496	21574	498	1105	432	897	22299	853	663	613	259	817	919	539	442	1012	536	116	860	736	662	537	302	584	502	916	62	729	280	500	794	849	534	722	424	637	314	625	8296	755	543	682	68	591	680	536	610	2078	410	329	1652	391	508	193	11204	977	5953	586	947	1046	741	374	453	300	565	798	454	20	724	443	388	346	307	744	158	1067	1113	659	795	375
2:Del:R:0	180	76	102	174	12	146	74	3	7	7	99	11	7	10	9	5	14	7	7	11	113	11	10	12	13	14	9	7	5	6	5	16	10	7	3	11	12	2	5	9	5	12	11	4	11	6	11	25	8	7	4	6	6	8	13	12	3	9	4	5	12	20	13	4	13	8	31	12	9	11	9	13	11	12	5	13	20	10	22	3	13	34	13	8	15	208	13	18	24	13	9	16	36	14	15	12	16	9	7	9	48	27	29	51	26	10	47	91	11	93	11	14	12	45	51	4	32	32	127	7	22	29	8	590	17	10	42	7	8	2	109	13	11	17	45	9	16	22	25	18	98	12	7	8	7	553	6	32	13	10	4	4	16	13	7	9	16	180	395	12	9	17	12	9	54	17	21	17	11	7	9	53	14	9	4	22	4	38	22	8	5	21	26	17	18	4	93	13	10	17	16	613	12	12	8	16	10	33	10	16	3	12	11	12	6	7	10	34	9	16	502	16	17	6	7	11	6	12	7	9	10	13	5	7	8	2	7	22	16	5	20	17	16	13	11	18	16	24	9	2	8	10	14	4	8	11	265	3	20	73	15	35	7	10	11	7	11	6	5	49	787	382	16	21	217	6	10	79	6	4	18	11	60	49	32	9	6	5	24	649	18	20	83	60	5	8	17	49	19	7	145	13	3	404	65	17	15	2	356	17	13	671	606	27	13	9	15	21	17	42	19	12	25	8	6	12	3	17	13	14	1	10	422	5	17	33	7	15	9	9	7	34	5	84	12	6	7	9	19	16	11	81	4	47	113	6	15	2	5	31	22	17	11	7	22	6	22	18	21	18	36	14	6	16	22	499	32	8	30	16	9	5	13	13	28	8	311	16	21	10	38	12	19	15	52	7	19	327	40	14	14	13	44	5	49	8	7	5	9	63	70	25	18	59	1	9	9	7	18	13	61	15	11	36	11	5	9	19	20	5	9	11	23	11	49	409	3	11	20	15	9	12	81	36	10	6	17	12	15	17	6	15	12	8	6	23	11	20	8	404	5	16	5	52	6	11	20	9	18	9	36	15	12	15	9	33	14	652	12	29	5	6	16	264	28	31	5	19	43	17	11	427	14	7	7	17	25	9	23	28	654	7	8	9	7	13	16	5	15	13	13	7	9	3	24	4	29	68	50	16	25	8	6	6	22	14	11	7	45	5	9	17	70	11	31	5	27	14	16	22	12	19	6	8	26	4	13	18	15	128	30	384	6	27	1	13	2	15	7	1	53	11	11	15	27	32	18	18	18	16	53	11	7	12	12	4	23	88	4	13	31	17	14	546	20	19	8	42	596	35	17	12	9	11	68	12	16	11	7	5	29	8	23	14	11	12	17	10	5	18	4	16	16	44	6	24	7	16	10	14	249	7	21	13	6	44	12	7	14	13	4	14	18	16	16	8	33	16	112	16	8	25	32	13	14	5	17	32	8	4	17	19	7	5	6	16	3	16	18	36	13	8
2:Del:R:1	303	56	194	247	8	124	217	11	6	13	194	26	12	13	10	17	18	13	32	24	146	32	29	23	11	49	19	5	14	12	29	32	26	29	10	25	41	14	16	32	20	15	24	8	16	5	14	19	13	12	16	10	19	29	15	25	4	13	10	15	18	16	21	11	32	26	45	7	28	23	14	24	22	12	15	20	23	14	26	17	17	26	27	13	27	165	17	36	22	21	26	27	25	25	15	19	24	19	25	12	20	23	31	20	18	23	40	34	12	32	12	13	36	43	38	26	18	31	104	18	18	44	16	589	19	10	23	12	15	1	57	25	12	29	28	19	25	19	23	25	158	25	16	21	13	449	17	22	16	18	7	7	25	27	7	16	25	46	337	23	35	11	13	15	46	8	19	19	35	16	19	41	4	15	22	22	12	19	13	9	10	33	17	21	25	18	43	38	15	12	19	468	10	16	13	21	22	19	17	19	7	32	17	12	24	24	13	20	22	29	427	24	26	16	13	17	13	20	9	23	37	18	28	13	13	13	16	13	26	14	29	14	19	20	6	25	26	20	16	16	8	17	20	9	20	25	358	10	19	28	28	26	12	12	12	12	14	11	21	37	522	255	23	17	228	9	10	45	17	9	25	28	146	41	16	20	7	8	23	617	29	28	33	70	16	9	13	16	30	14	101	19	5	159	27	31	20	5	275	21	17	545	367	17	18	22	21	20	29	35	23	16	29	9	13	12	14	28	36	36	8	17	351	18	32	67	19	24	13	12	16	46	10	44	20	19	22	17	21	25	16	38	14	24	36	21	27	3	6	19	20	19	8	14	11	14	25	25	22	15	27	21	19	26	26	324	29	29	44	25	14	17	27	27	14	14	252	17	33	16	21	18	15	25	22	21	42	351	32	27	23	25	22	15	18	15	13	13	18	43	34	26	20	18	10	10	11	15	25	24	22	33	12	41	18	14	20	20	26	18	16	17	16	19	26	236	9	23	24	10	9	15	46	20	16	19	23	20	24	18	17	9	14	10	10	26	12	13	20	291	10	14	17	92	16	17	19	30	29	16	25	21	20	25	29	25	25	595	24	24	7	14	27	193	26	30	19	41	28	28	20	244	20	10	7	20	18	13	23	26	495	17	6	6	30	22	18	13	16	18	24	21	11	5	51	24	23	30	19	30	25	20	12	13	25	38	35	18	25	3	22	22	45	21	24	6	15	7	18	45	20	23	13	18	40	8	13	25	23	28	19	357	27	35	2	9	10	33	23	8	25	14	19	21	40	25	28	18	31	36	22	27	14	21	21	7	25	30	11	27	42	25	21	397	30	38	18	30	442	21	26	14	15	19	34	20	16	16	15	3	22	15	19	16	17	20	14	31	7	27	5	26	32	34	18	31	25	29	17	19	150	24	28	15	7	29	13	10	30	16	12	13	31	17	22	7	23	36	96	13	17	29	26	18	11	8	21	17	22	1	23	12	21	12	7	27	8	31	16	18	23	13
2:Del:R:2	246	36	119	166	6	135	129	7	5	4	177	7	5	5	10	1	7	6	6	8	120	4	6	6	2	18	10	6	5	2	9	10	10	3	4	3	11	5	7	8	4	5	9	2	5	2	4	8	7	1	0	2	6	9	8	3	2	7	3	12	6	7	9	1	10	3	7	9	5	8	9	14	3	2	3	3	5	6	11	8	4	7	3	4	6	168	10	8	3	13	8	9	3	3	9	2	6	3	13	6	9	8	8	7	7	10	4	6	4	14	4	5	7	14	13	12	10	10	87	2	7	8	3	421	9	2	6	4	4	3	12	9	8	9	8	14	3	6	5	7	41	4	6	11	2	428	10	5	5	5	1	5	10	10	6	1	10	8	283	9	10	4	1	4	13	3	7	5	7	8	5	7	8	4	2	15	3	5	3	5	5	10	9	5	6	7	6	10	7	0	9	401	9	3	3	7	6	8	6	6	3	7	6	5	4	4	6	5	3	12	268	6	11	6	6	6	5	3	3	3	9	6	9	7	7	7	12	4	5	4	6	2	5	9	1	10	3	7	4	6	3	5	4	1	9	1	327	4	9	4	5	9	9	5	2	5	1	5	8	13	413	229	8	14	161	2	6	14	8	5	3	13	38	12	11	4	3	1	6	546	7	10	12	18	3	1	2	8	8	1	95	2	2	177	8	8	8	2	209	2	6	386	373	5	9	2	2	13	7	10	9	8	7	1	4	5	3	14	15	16	3	8	292	7	12	15	3	16	3	4	6	6	1	20	7	1	6	9	4	8	2	5	4	7	8	2	6	2	2	0	16	2	3	2	8	2	7	2	3	3	7	9	5	9	7	261	11	6	8	6	6	4	4	12	3	10	218	11	9	4	17	4	4	10	9	3	9	243	5	4	10	9	3	5	8	5	2	8	10	4	6	6	5	7	3	7	4	8	10	8	9	15	5	27	3	6	5	9	7	2	5	5	3	4	12	176	2	7	5	4	3	4	15	3	9	5	4	4	10	4	10	9	4	5	8	12	6	6	9	236	4	7	3	71	3	6	6	9	8	8	8	6	2	3	9	4	5	516	2	2	5	2	3	179	6	7	6	15	4	7	7	211	3	3	1	2	6	2	3	11	377	6	3	2	4	5	9	3	5	2	3	2	5	0	11	9	5	9	4	13	4	6	4	7	4	4	9	4	5	2	1	5	10	5	9	4	6	8	7	13	7	6	3	4	5	0	7	5	5	8	7	271	8	6	1	1	3	10	7	1	7	1	8	8	12	5	8	3	1	16	7	6	3	14	9	2	9	9	3	5	9	7	9	322	5	14	5	13	363	6	5	6	4	6	5	5	6	5	3	3	9	4	7	5	4	6	8	10	1	3	7	8	3	17	7	5	5	8	3	5	144	4	2	5	3	13	3	4	14	7	4	2	5	4	10	4	18	15	72	4	5	12	6	2	2	7	4	9	8	2	6	5	2	1	2	7	3	8	12	4	5	3
2:Del:R:3	2041	198	540	1230	0	1157	694	9	1	2	1063	4	3	2	1	0	5	3	6	3	781	2	4	3	2	58	4	1	0	2	3	15	5	1	0	5	5	0	1	2	0	1	3	0	0	2	1	9	0	1	1	0	0	4	2	1	1	0	0	1	3	4	4	3	7	4	7	1	6	7	4	3	6	3	0	2	5	4	8	3	3	5	5	3	4	1312	6	2	3	1	1	5	6	1	3	3	4	1	4	2	0	3	5	3	3	2	5	2	1	6	1	3	5	9	5	4	3	1	319	5	2	4	4	2629	4	4	1	3	1	2	6	5	2	1	2	2	4	4	4	1	26	2	2	3	0	3349	0	6	5	2	1	1	1	3	2	5	4	6	2255	4	5	5	0	1	4	0	3	4	11	4	7	5	3	8	1	1	1	2	5	2	4	2	6	9	1	2	5	5	5	0	2	2856	5	2	1	4	4	2	3	4	2	7	2	6	5	0	5	6	6	5	2091	6	4	3	3	5	5	5	3	7	6	7	4	3	1	1	1	2	4	2	6	4	5	4	0	5	9	5	2	2	3	3	2	1	3	5	3110	0	2	4	2	1	3	2	0	0	3	1	5	2	2901	2449	6	1	1483	2	4	5	1	1	10	5	17	2	2	4	2	0	2	4103	4	7	5	6	0	2	3	1	3	3	1122	3	2	1376	5	0	3	0	1941	2	2	3009	2447	3	4	3	1	6	5	3	2	5	3	1	3	2	4	9	8	5	2	2	1860	1	7	9	1	7	0	1	4	3	1	5	3	5	2	4	2	3	3	3	1	4	3	4	6	1	2	3	5	1	0	3	6	3	1	4	4	0	6	4	3	6	3	1946	2	2	2	5	6	0	2	3	0	2	2428	3	7	6	6	3	3	2	4	2	5	1709	6	5	3	5	1	2	0	3	1	1	2	7	2	6	4	2	0	3	1	2	7	9	5	6	3	13	4	3	0	7	4	3	3	1	5	2	7	956	2	1	3	4	3	6	7	7	2	1	7	3	2	1	3	2	0	3	2	11	2	3	1	2540	2	4	2	41	1	5	3	2	4	6	4	8	0	4	4	4	3	3876	8	2	3	1	4	1155	4	7	1	25	4	3	4	1446	3	5	1	2	2	2	1	6	3349	1	4	5	3	10	1	2	2	6	2	3	6	0	4	8	1	6	3	2	9	0	2	3	6	3	2	2	4	1	4	1	1	3	8	2	1	0	5	5	3	1	2	2	6	1	0	5	5	5	2	1725	1	3	0	3	3	9	6	0	1	2	0	4	6	4	4	4	7	4	2	3	0	5	1	2	7	6	2	6	4	5	2	2432	5	6	1	8	2708	4	4	5	0	3	3	4	5	4	0	1	4	0	4	2	9	3	6	4	0	3	3	5	5	6	1	4	1	3	2	3	566	1	4	3	0	4	2	2	4	7	3	2	4	6	5	0	38	8	113	4	3	9	5	3	1	1	1	3	0	1	4	3	4	1	2	2	0	1	7	3	3	2
2:Del:R:4	586	29	322	487	0	517	339	7	2	0	307	1	0	2	0	1	5	0	0	3	470	1	1	4	0	61	0	0	0	0	1	8	0	1	1	3	1	0	0	1	1	2	2	0	1	0	1	2	1	0	1	0	1	0	1	2	0	0	0	0	2	1	2	1	0	4	5	1	2	1	0	1	0	1	3	2	5	0	3	2	1	4	1	0	5	595	2	1	0	2	1	4	5	0	2	4	3	3	5	2	0	2	1	1	1	0	5	1	1	3	1	0	1	3	2	1	4	3	279	5	0	4	2	1014	2	2	4	3	1	0	1	4	1	4	1	1	1	3	3	2	6	3	2	4	6	1282	2	2	0	2	0	0	5	5	0	4	0	3	877	2	1	0	1	2	3	1	4	1	6	3	0	4	2	2	0	2	0	1	0	1	0	1	0	2	1	5	4	0	3	2	1	1360	1	2	0	3	2	0	1	2	0	1	3	1	1	1	2	2	0	3	622	3	2	2	2	2	0	2	0	2	2	1	0	0	2	2	2	1	0	1	3	4	0	2	0	5	6	0	3	2	0	2	1	0	2	3	981	0	6	2	0	1	2	3	0	0	0	0	0	12	1231	807	4	2	496	0	2	3	4	2	2	5	16	0	3	1	1	1	4	1655	0	6	2	1	1	0	1	4	2	0	205	2	1	408	6	5	1	2	591	2	3	825	1047	1	6	0	0	1	0	2	0	2	2	1	0	3	2	3	3	6	0	0	834	1	5	5	2	3	2	4	1	3	0	3	3	4	3	0	2	2	6	1	3	2	2	1	0	1	1	0	2	0	0	1	2	0	6	4	0	1	5	3	0	2	1	695	6	1	2	2	1	3	3	3	3	1	550	3	8	1	3	1	0	0	3	7	4	664	1	1	1	3	2	2	0	2	0	3	0	6	1	2	0	0	3	0	0	1	2	5	4	4	0	5	2	2	2	2	3	1	0	1	3	3	1	225	1	1	1	3	2	3	4	0	4	1	2	2	1	0	2	3	0	0	1	4	2	4	5	746	1	1	2	25	0	2	1	2	4	0	2	1	3	0	0	1	3	1558	2	5	0	1	2	529	3	1	2	24	1	3	0	739	0	0	0	1	2	1	1	2	996	0	1	2	3	2	0	2	2	4	4	0	0	1	0	1	2	4	2	1	3	1	1	2	1	1	3	0	4	2	0	1	2	1	0	0	3	4	5	7	2	2	0	4	4	0	3	4	2	1	3	750	4	1	1	1	0	6	3	0	2	0	6	1	11	1	6	1	1	5	0	0	1	7	5	1	2	4	2	5	2	4	2	1091	3	1	3	3	898	3	4	4	1	0	1	3	1	0	1	2	4	1	1	3	3	0	4	3	0	4	1	1	0	3	4	1	2	2	0	3	173	2	3	1	1	1	1	2	2	2	3	2	3	3	1	1	16	3	76	0	1	3	3	1	0	1	3	3	3	1	0	0	0	0	0	1	0	0	5	2	0	0
2:Del:R:5	1210	56	616	1005	3	1308	585	7	0	0	446	3	2	3	2	1	5	0	0	0	786	1	2	2	0	61	0	4	0	0	1	10	3	0	0	2	2	1	1	1	1	0	3	0	2	0	1	2	1	0	1	0	1	2	0	0	1	1	0	1	5	4	5	3	3	8	7	6	3	5	2	10	4	2	4	5	2	0	3	0	1	3	4	2	16	1997	4	5	8	6	7	4	12	8	6	4	9	3	14	8	1	7	7	3	10	4	6	5	9	6	2	1	6	5	7	7	3	4	1031	8	5	7	6	2968	4	5	4	4	5	2	6	20	2	4	6	4	1	2	10	5	15	2	2	5	7	3582	5	10	1	4	2	2	15	19	0	3	5	11	2861	6	6	3	2	7	4	3	9	6	2	4	6	5	6	5	2	3	1	9	2	8	4	4	3	2	2	1	4	4	5	5	3	4029	6	8	3	6	5	9	1	3	0	6	7	3	4	3	10	1	3	4	2176	12	5	6	2	0	2	4	1	2	10	11	13	8	6	4	5	3	5	4	5	7	6	5	1	6	7	4	4	1	1	7	4	3	3	1	2664	4	11	5	4	4	4	6	2	4	2	3	4	12	4724	2528	7	1	1785	2	3	21	5	2	10	7	51	10	9	2	0	2	6	4663	6	5	3	11	2	4	0	5	6	2	683	4	7	1142	5	5	4	1	2071	0	2	2296	3520	5	6	4	8	4	1	7	6	2	4	0	4	7	0	12	11	19	0	6	2769	7	8	17	3	8	3	1	2	7	1	24	3	3	6	3	3	5	4	4	3	10	12	4	4	0	1	2	1	3	2	2	3	1	8	5	1	3	10	2	3	5	6	2461	5	5	6	2	4	5	4	4	1	6	1471	4	16	4	5	4	3	4	8	2	12	2085	6	2	4	3	3	1	1	0	0	0	3	9	5	7	1	3	3	3	1	3	9	18	4	4	0	16	2	3	4	6	2	5	3	4	3	6	6	657	3	1	2	4	1	3	10	8	6	1	7	6	2	0	2	4	4	0	2	9	4	5	5	1920	2	5	3	15	3	5	5	8	5	5	2	4	10	0	4	5	12	4556	1	4	4	2	7	1519	7	2	1	129	7	8	6	2584	3	2	5	7	4	1	5	8	3020	2	2	1	2	7	3	2	13	9	3	2	1	1	8	1	4	5	3	5	5	6	3	3	6	2	2	5	0	3	3	0	1	5	6	5	2	1	6	17	9	5	1	5	6	0	1	4	5	5	4	2338	1	4	0	7	1	19	7	0	6	2	5	5	27	5	5	9	3	6	9	1	4	5	3	1	11	7	2	10	6	7	8	3355	5	8	2	7	3031	2	7	1	2	3	2	2	7	6	8	1	4	4	3	2	3	5	5	6	0	7	2	3	11	9	10	17	4	5	4	4	497	8	4	3	0	5	3	7	3	10	9	2	9	2	3	0	20	9	193	10	3	15	15	6	3	3	1	8	6	1	2	3	2	2	2	8	0	6	6	3	6	2
3:Del:R:0	35	11	6	24	8	23	15	1	1	0	19	2	5	2	4	4	2	2	2	5	15	3	1	3	2	2	1	3	2	4	1	1	2	0	2	1	10	1	2	0	4	6	4	0	4	5	1	9	2	3	2	1	2	4	5	3	2	2	3	7	4	6	2	2	6	3	18	4	2	4	3	4	1	3	4	3	2	2	5	2	2	4	9	7	0	83	4	3	3	6	3	10	5	5	0	4	4	6	6	2	4	4	7	5	3	4	10	4	1	11	0	1	5	4	11	7	8	14	31	2	3	7	4	300	3	4	1	3	3	0	8	1	0	5	8	4	3	2	6	6	11	3	2	5	5	238	3	6	4	4	0	3	3	2	4	3	6	20	217	1	4	4	0	3	15	1	9	4	7	1	1	17	7	4	4	8	5	4	2	4	2	9	6	12	4	6	25	7	2	2	6	265	3	2	1	4	3	12	3	2	3	5	4	2	6	1	3	7	2	9	226	3	8	3	3	5	2	1	3	4	8	5	3	1	0	0	1	4	3	3	7	4	2	3	3	7	3	3	3	1	4	2	2	3	7	3	154	4	5	13	3	2	2	3	3	3	4	2	4	4	328	198	6	10	115	1	5	11	4	3	4	4	13	10	5	2	2	0	6	304	11	6	12	15	2	1	2	8	4	3	70	3	0	178	10	5	3	1	162	6	2	284	274	8	2	8	1	10	1	16	5	3	14	1	1	6	0	5	6	2	2	6	209	3	2	14	3	7	6	2	1	2	2	9	2	0	6	3	8	8	3	26	1	6	17	3	4	0	1	5	3	4	4	7	2	0	18	3	2	1	5	3	5	5	2	238	10	1	10	5	3	1	3	3	2	2	160	8	7	4	2	4	7	2	11	0	6	148	14	5	3	3	4	1	4	4	4	5	3	11	3	1	6	6	5	2	5	3	1	2	4	5	0	5	5	2	2	5	10	1	5	1	7	5	6	180	3	2	4	2	0	0	7	9	4	1	7	2	6	3	2	2	1	2	3	1	4	4	5	188	1	9	2	9	2	5	4	0	6	3	18	1	6	4	4	4	3	295	3	2	1	2	3	103	2	11	4	1	7	2	2	159	2	4	1	4	7	2	16	3	334	4	3	4	3	4	0	5	2	6	0	6	2	1	6	3	8	6	7	2	7	2	3	0	8	4	12	4	8	1	3	14	7	3	10	2	7	5	5	4	4	9	1	4	19	0	4	8	6	7	1	146	2	9	0	2	1	5	4	0	5	5	3	6	10	2	5	4	4	9	7	9	0	5	4	1	10	7	0	2	4	11	7	224	5	4	2	10	243	3	6	4	4	2	5	2	4	8	2	0	7	4	4	4	2	1	3	5	2	3	1	7	10	4	1	9	1	1	2	1	103	3	1	8	0	24	4	5	5	0	0	4	5	2	1	0	10	5	27	6	1	2	4	3	2	6	3	6	3	0	4	1	3	1	2	4	1	10	3	1	2	1
3:Del:R:1	326	13	171	236	15	135	198	9	9	9	165	21	7	14	8	6	13	14	15	30	142	26	22	19	10	44	14	3	16	10	15	14	21	14	12	19	32	11	5	32	7	23	18	8	21	7	16	14	12	6	17	6	8	30	12	12	6	13	15	10	22	16	12	9	18	18	26	14	35	24	11	25	22	12	11	10	18	13	29	9	12	21	19	13	25	141	16	15	8	15	33	17	20	14	29	18	14	8	15	13	13	23	18	14	16	9	22	15	8	21	13	10	28	35	26	11	14	26	83	7	22	41	11	479	9	10	9	13	14	2	31	17	9	16	11	24	12	7	20	29	37	11	20	14	6	302	5	19	9	19	3	4	22	18	8	14	22	24	279	22	24	18	7	12	26	4	25	19	21	10	8	17	10	18	13	25	9	22	19	12	11	20	12	10	18	11	12	22	10	2	15	364	23	14	11	15	21	11	17	28	5	11	15	13	12	8	12	22	15	22	317	29	26	15	14	14	13	22	10	18	20	16	11	9	11	7	15	8	25	9	15	15	14	10	10	10	21	13	13	11	7	11	7	3	20	12	258	6	29	5	9	17	11	13	7	5	9	11	19	22	430	244	8	12	217	6	15	41	11	11	15	26	139	29	26	15	7	4	19	447	21	22	17	40	7	8	7	13	21	8	105	28	10	42	29	18	14	4	284	15	13	479	279	8	15	20	7	11	19	19	14	8	27	6	17	13	14	17	31	27	9	16	254	14	18	42	10	16	12	4	12	21	7	41	12	14	15	12	19	17	17	10	15	26	24	15	15	1	3	10	13	11	8	7	21	9	23	33	14	9	28	18	14	27	18	312	19	24	26	19	17	11	16	15	17	9	247	20	21	11	16	12	10	15	19	20	35	352	13	19	11	20	7	3	13	22	12	12	22	27	15	17	18	17	2	13	16	12	22	31	14	23	17	32	23	19	13	17	16	13	14	18	4	10	21	64	4	7	28	13	9	20	44	17	22	8	10	11	17	7	14	12	15	10	13	22	16	15	17	243	5	14	14	25	14	11	10	32	22	10	17	20	17	9	12	15	15	439	18	9	15	18	11	129	20	13	4	26	13	27	11	195	7	10	6	16	19	12	15	21	447	9	11	7	22	15	11	14	11	18	21	8	15	2	16	11	28	15	19	16	18	12	11	14	19	16	13	8	17	6	12	11	21	21	13	5	23	11	17	29	23	19	15	14	21	8	9	20	23	28	19	272	22	13	10	23	4	19	11	1	12	7	16	14	29	15	23	21	24	29	6	12	12	28	18	7	24	14	7	30	22	11	16	328	25	26	10	28	372	19	11	11	8	18	17	17	21	16	15	5	25	18	19	14	9	12	12	19	9	21	8	14	19	18	12	20	15	27	7	13	56	9	17	16	5	30	13	13	16	15	18	10	21	13	13	8	19	26	30	7	15	35	22	17	8	12	14	19	19	2	16	11	13	9	6	22	5	15	14	16	19	4
3:Del:R:2	115	3	69	78	4	53	62	4	2	4	62	3	2	6	2	3	4	2	5	6	63	4	6	6	2	14	4	1	2	3	10	3	8	2	2	6	5	0	3	3	3	9	5	4	2	4	5	4	5	2	4	1	2	6	11	1	1	4	4	1	3	1	0	3	4	5	4	5	7	5	7	7	7	1	5	2	4	5	10	1	1	5	8	3	7	71	1	4	8	8	6	6	1	8	7	4	10	4	2	3	6	6	5	1	8	2	6	3	4	10	1	2	6	5	7	5	5	2	27	1	4	5	4	207	2	2	10	2	4	0	8	5	4	4	4	5	3	4	8	7	4	2	6	2	3	167	4	7	1	2	1	1	6	4	3	3	9	5	124	2	2	4	1	3	6	2	0	3	13	4	4	4	3	3	2	6	2	4	3	1	2	4	4	2	4	2	5	9	2	1	4	189	3	3	2	4	7	3	4	9	1	6	3	6	6	2	2	7	4	8	134	2	9	6	2	3	2	10	2	9	10	3	3	5	2	3	4	1	7	2	5	2	8	1	4	4	8	2	2	1	3	4	2	1	8	5	131	1	8	1	6	7	1	2	2	2	11	4	5	8	157	117	4	2	78	1	3	12	5	2	3	4	44	8	6	2	1	0	4	213	7	8	4	14	2	4	1	2	7	0	42	5	4	32	3	6	4	3	120	4	2	199	132	3	7	7	4	7	5	4	4	1	4	0	3	6	0	3	2	8	3	1	123	3	6	18	2	6	1	0	2	4	0	11	1	1	1	1	5	6	1	5	3	6	3	2	6	0	2	2	2	1	2	1	4	0	5	6	1	1	12	4	5	5	3	151	3	4	8	6	3	2	2	4	2	5	115	7	6	3	6	4	3	4	3	4	6	104	6	3	9	3	3	1	6	4	3	4	3	6	1	2	3	4	0	7	4	2	5	10	5	7	3	13	4	5	6	8	6	6	3	2	4	3	3	47	1	4	5	4	4	8	11	2	2	2	2	2	7	2	7	8	4	3	3	5	6	3	3	119	0	6	2	11	3	3	3	5	10	1	5	3	6	2	3	2	4	212	2	4	0	1	4	64	2	1	4	9	1	4	2	96	1	1	1	5	4	3	1	3	185	4	2	3	3	4	7	2	1	5	1	2	2	1	7	3	8	4	1	7	4	5	5	4	2	5	2	5	9	2	2	2	3	4	4	3	0	3	2	10	5	4	3	4	4	1	5	3	5	7	5	114	5	6	0	1	1	7	5	2	6	0	8	2	8	3	4	6	6	4	1	6	4	5	3	1	5	4	1	5	4	8	7	151	3	8	1	10	156	2	5	2	1	7	6	4	4	3	2	1	6	2	3	4	5	1	0	5	0	7	0	4	5	7	2	3	3	8	4	3	31	3	5	4	2	8	0	4	5	2	4	2	7	3	2	4	6	12	15	6	4	10	5	1	1	0	1	5	3	0	1	1	4	2	2	0	2	7	3	3	4	0
3:Del:R:3	44	1	17	33	0	29	19	0	2	0	17	2	1	1	0	1	1	1	0	2	23	2	1	0	0	2	0	0	1	1	2	1	0	1	1	2	3	2	0	3	1	2	1	1	1	0	0	1	1	0	2	1	0	2	3	0	0	1	1	1	1	1	1	3	3	1	2	1	0	1	1	2	2	0	0	1	1	1	1	1	0	3	0	1	1	23	4	1	3	1	3	1	3	1	2	2	1	1	0	0	0	0	2	2	2	1	2	0	1	2	1	1	3	0	4	1	2	2	16	2	1	4	2	69	1	1	1	0	1	1	4	2	1	2	1	1	2	2	1	3	0	2	1	1	2	79	1	4	3	2	1	0	0	2	1	0	2	3	50	1	5	3	2	1	1	1	4	2	4	0	0	1	1	1	2	4	0	3	0	0	0	0	0	1	0	0	0	2	1	1	1	103	0	2	1	0	3	1	2	2	0	2	1	0	0	1	1	2	0	4	48	2	1	2	0	2	0	2	1	0	2	1	3	0	2	0	1	1	1	1	1	1	1	0	0	4	2	0	1	0	1	3	0	0	2	0	48	1	3	2	0	0	0	0	0	1	1	0	1	1	62	56	0	1	30	1	2	3	0	1	2	3	17	2	1	1	0	0	0	93	1	3	1	3	0	0	0	0	0	0	18	1	0	23	2	2	1	0	62	0	3	75	59	0	2	0	1	1	2	1	0	1	1	0	1	2	1	2	1	4	0	2	78	0	1	7	0	0	0	3	2	1	0	1	3	0	0	2	1	1	0	1	0	2	1	2	1	0	0	2	1	0	0	0	1	1	3	1	2	0	3	1	0	0	2	68	1	1	0	2	0	3	0	0	2	2	40	2	3	3	1	0	0	1	1	3	0	54	1	1	1	0	1	1	0	0	0	3	2	2	0	4	2	0	1	1	3	0	3	1	1	2	2	5	3	1	0	2	1	0	2	0	0	0	1	27	0	1	1	1	0	0	3	3	0	0	0	0	1	0	1	3	0	0	1	3	2	4	1	49	1	0	2	0	1	1	0	3	1	3	1	2	2	0	0	3	1	88	2	0	0	2	1	35	1	0	0	1	2	0	0	51	1	1	0	0	2	0	1	4	76	0	0	0	3	0	1	1	0	2	1	2	1	0	4	1	3	0	0	2	1	0	2	3	2	0	3	0	3	0	2	0	1	1	0	0	1	1	2	7	1	1	0	0	2	0	1	1	0	2	0	49	1	1	0	1	0	2	2	0	3	1	2	2	4	0	2	3	1	3	1	2	1	1	1	0	3	3	0	2	2	0	0	68	1	3	2	1	68	4	2	0	1	2	1	2	1	3	0	1	0	0	2	3	3	1	2	1	1	0	0	3	2	1	0	0	1	1	0	3	15	0	3	1	0	2	1	0	2	0	1	0	2	0	2	0	1	2	3	1	0	3	1	1	0	0	2	3	0	0	2	0	1	0	0	3	0	2	2	0	1	0
3:Del:R:4	27	1	15	29	0	23	20	0	0	0	21	0	2	2	0	0	1	0	0	0	29	0	0	1	0	3	1	1	0	0	0	2	0	0	1	0	1	0	0	0	0	0	1	0	0	0	0	2	0	1	1	0	0	2	0	0	0	2	0	0	0	1	1	0	1	1	0	1	0	2	1	1	1	0	0	0	0	0	0	1	0	1	1	0	1	27	0	0	0	1	1	1	3	1	0	0	0	0	0	0	0	1	1	0	1	1	2	1	0	1	1	0	1	1	1	0	0	1	19	0	0	3	0	35	3	2	0	0	1	0	0	0	0	0	1	2	0	1	1	1	0	0	0	0	1	71	1	2	0	1	0	0	1	0	0	0	0	1	63	0	4	0	0	1	3	1	0	0	0	0	0	1	1	2	1	1	0	0	1	0	1	0	1	0	2	0	0	2	1	0	0	85	0	1	1	0	0	1	1	0	0	2	0	1	0	0	0	2	0	1	35	0	1	1	0	1	0	0	1	1	0	1	1	0	0	0	0	0	3	0	1	0	0	1	0	4	0	0	1	0	0	0	1	1	0	2	56	1	4	1	2	0	2	0	0	0	1	1	0	3	77	37	1	0	28	1	0	3	1	0	3	1	5	0	0	0	0	0	0	81	3	0	0	0	0	0	1	0	1	0	10	1	0	12	0	2	1	0	40	0	0	52	80	0	0	0	0	1	0	4	1	1	0	1	0	0	0	0	1	0	0	1	58	1	1	1	0	0	1	0	2	1	0	3	2	0	1	0	0	1	0	0	0	1	1	0	1	0	1	1	0	0	0	1	3	0	0	0	1	0	2	3	1	3	3	62	0	2	0	0	1	0	0	1	0	0	36	0	2	0	2	1	2	1	0	1	0	41	1	0	0	0	0	0	0	0	0	0	0	2	1	1	0	1	0	0	0	0	0	1	0	2	0	0	0	1	0	1	0	0	0	0	0	0	1	17	0	1	0	0	0	0	3	1	0	1	0	0	4	0	0	1	1	0	1	0	1	1	1	34	1	0	0	0	0	1	0	2	2	0	2	0	0	1	1	0	1	80	0	0	1	1	2	25	0	1	0	3	0	0	0	45	1	0	0	0	0	0	1	2	68	1	0	0	0	0	1	0	0	0	2	0	1	0	1	1	0	1	1	0	0	0	0	1	2	1	1	1	0	1	0	0	0	0	0	1	0	0	2	2	1	0	0	0	0	0	1	0	1	1	0	46	0	1	0	0	1	1	0	0	2	0	0	1	1	0	0	1	1	2	0	0	0	0	0	0	1	1	0	1	0	1	1	50	1	1	0	3	67	0	2	0	0	0	0	0	1	0	0	1	1	1	1	0	0	0	0	1	0	2	0	1	2	1	0	0	2	0	1	2	12	1	1	0	0	0	2	1	2	2	1	1	1	0	1	0	2	1	5	5	1	1	0	2	0	0	1	2	0	0	1	0	0	0	0	0	0	1	0	0	0	0
3:Del:R:5	39	0	31	55	1	54	22	1	0	2	27	0	1	0	0	0	0	0	0	0	32	0	1	0	0	6	0	0	0	0	1	0	0	0	1	0	0	0	3	1	2	0	1	0	0	0	0	1	0	0	0	0	0	0	1	0	0	0	1	0	0	0	2	0	1	1	1	0	0	0	0	1	1	1	0	0	0	1	1	0	0	1	0	1	0	79	1	0	1	1	1	1	1	1	2	0	1	0	0	0	1	0	1	4	0	0	2	0	0	0	0	1	0	0	0	0	1	2	40	1	0	2	0	151	0	0	0	2	3	1	0	0	0	1	1	1	2	0	0	1	1	0	0	0	0	170	0	0	0	0	0	1	1	0	0	0	1	1	94	1	1	0	0	0	0	0	1	1	2	1	0	0	0	0	1	1	0	0	0	1	1	1	0	0	0	0	0	0	0	1	0	192	3	2	0	0	1	1	1	1	0	0	2	0	0	1	1	1	0	0	110	1	1	0	0	1	0	1	0	0	0	0	0	1	1	0	1	0	1	0	1	2	2	0	1	0	3	0	0	0	0	2	0	1	0	0	81	0	0	0	0	1	0	0	0	0	2	0	0	2	212	110	0	0	73	0	0	1	0	0	1	0	10	2	1	1	0	0	1	183	0	1	2	1	0	1	1	0	0	0	27	0	1	30	1	1	0	0	103	1	0	130	164	0	0	0	1	0	1	2	1	0	0	0	1	0	1	1	0	1	0	1	104	1	2	2	0	0	0	0	0	2	2	2	1	1	1	0	0	1	0	0	1	0	0	1	0	0	0	0	0	0	0	1	1	0	0	0	2	0	0	1	0	1	0	130	1	3	0	0	0	0	1	0	1	0	66	0	2	1	2	2	0	0	0	1	1	102	1	0	0	0	0	0	0	0	0	0	0	2	0	0	0	1	0	1	1	0	0	1	1	0	0	3	0	0	1	0	0	1	0	0	0	0	0	20	0	1	1	0	1	0	1	0	1	0	2	1	2	0	0	0	0	0	1	0	0	1	1	96	0	0	0	1	1	0	0	2	1	0	1	1	1	0	1	0	0	182	2	2	1	1	1	74	1	2	0	2	0	0	1	121	0	0	1	0	0	1	0	0	157	0	0	0	1	2	1	2	0	1	0	1	0	0	3	1	1	0	4	0	1	0	1	0	0	1	0	0	0	0	1	1	3	2	2	0	2	0	0	1	0	2	0	1	1	0	0	1	0	0	1	95	1	0	0	1	0	3	0	1	0	0	1	1	4	0	0	0	1	0	0	0	0	2	1	0	2	0	1	1	0	1	1	137	0	2	1	1	125	1	1	1	0	0	0	0	1	0	0	0	0	0	0	0	0	0	1	2	0	0	0	1	0	1	2	1	0	2	0	0	23	1	0	0	1	0	1	0	1	1	1	0	1	1	0	0	0	5	14	1	1	1	2	0	2	1	1	2	1	0	0	0	0	0	0	0	1	0	1	1	0	1
4:Del:R:0	15	3	5	9	0	7	6	1	1	0	6	2	4	1	2	0	3	0	5	3	7	1	2	1	1	2	1	0	0	2	1	2	3	0	0	1	6	4	2	4	2	5	2	3	2	2	1	3	2	2	4	2	1	6	4	1	2	1	0	2	3	1	6	3	4	1	19	1	2	1	2	5	4	1	0	5	3	1	5	0	3	6	2	1	3	33	3	1	4	1	1	3	5	4	4	4	1	1	4	2	2	10	7	2	4	2	5	0	2	5	2	0	4	5	9	4	2	12	21	5	1	4	0	133	2	3	3	4	2	0	8	5	1	3	4	1	1	3	5	5	10	5	5	0	1	88	0	5	2	4	3	1	2	5	0	1	1	5	90	2	1	3	4	1	18	1	5	6	4	2	1	12	1	4	2	9	0	3	1	2	1	9	0	14	6	2	17	3	2	3	8	123	4	1	2	5	3	9	0	1	0	4	4	2	4	1	0	2	1	9	98	7	3	2	2	3	0	1	2	1	2	1	7	3	0	1	5	1	3	2	8	3	4	2	2	3	1	4	1	2	3	4	3	2	0	3	84	0	2	6	1	4	3	2	3	4	4	5	1	4	183	75	3	6	46	1	4	7	3	0	2	5	5	9	2	2	2	0	4	148	11	9	8	18	1	2	4	1	0	1	25	4	3	68	1	2	5	2	86	1	3	130	105	2	3	6	5	7	4	16	1	4	10	0	2	6	5	3	8	2	3	7	74	2	2	6	4	3	1	1	2	3	3	6	2	3	3	5	1	2	6	17	3	0	4	1	4	1	1	1	1	2	2	4	0	2	11	4	1	2	5	2	2	3	5	92	5	1	11	3	1	2	4	1	3	3	63	1	6	4	0	1	2	1	10	2	7	62	9	5	1	2	0	0	3	2	0	2	2	4	2	4	0	2	5	3	1	3	2	1	2	4	1	4	3	3	3	3	3	3	2	0	3	3	2	61	1	2	1	2	2	4	7	4	1	2	9	7	7	2	3	0	1	1	2	3	2	5	3	102	1	10	2	8	1	1	2	2	3	4	7	1	3	3	0	2	5	166	3	2	2	1	5	52	1	2	2	6	2	5	2	76	0	2	2	2	2	0	8	6	163	0	1	2	4	5	2	1	1	3	1	2	2	0	9	1	4	1	6	1	6	4	2	1	3	8	4	1	4	2	5	7	12	4	4	2	2	5	3	4	3	3	1	2	19	0	3	10	0	1	2	72	3	2	1	2	1	5	5	3	2	4	5	4	5	3	2	2	4	7	2	5	0	4	6	2	3	3	1	3	5	2	1	105	6	1	1	8	115	0	4	2	3	1	1	4	5	3	2	2	3	7	4	1	2	5	2	3	3	3	1	7	4	0	7	15	3	2	2	3	30	5	3	2	0	11	3	1	6	2	2	0	5	4	3	4	7	5	11	2	2	6	6	1	2	0	4	1	2	0	3	2	1	1	4	4	0	5	0	1	4	1
4:Del:R:1	135	6	74	100	9	51	70	4	2	8	67	7	5	6	4	4	10	8	4	16	57	17	10	6	7	21	9	6	1	8	4	11	11	5	2	9	19	10	5	16	5	10	7	7	7	7	8	8	8	5	3	10	3	10	19	10	3	8	8	2	6	9	7	8	15	6	13	8	5	13	4	16	14	3	7	10	6	5	20	3	7	14	16	6	16	71	12	11	10	15	17	9	9	13	13	5	14	6	8	9	10	14	16	12	9	6	20	5	9	14	6	4	8	15	18	9	10	15	37	20	12	13	3	290	10	5	6	4	5	1	27	10	6	23	8	7	5	7	9	18	42	6	8	7	4	150	6	15	9	11	2	4	20	9	6	2	13	8	159	13	16	15	4	5	16	4	10	9	18	6	7	7	7	11	3	10	2	7	6	3	8	10	6	5	6	6	10	14	6	9	8	198	8	5	5	6	12	6	12	9	3	13	8	8	15	5	7	13	8	14	211	15	12	7	2	11	8	8	4	6	11	17	10	7	6	0	2	6	24	4	14	9	14	8	1	8	11	3	11	5	2	10	3	5	2	6	114	6	14	7	13	10	2	4	7	2	8	5	12	24	299	108	11	11	97	7	5	35	13	8	14	10	123	25	14	4	2	3	13	257	14	19	15	16	8	5	0	8	13	9	40	9	5	50	8	20	12	3	125	4	7	261	164	13	8	8	7	12	12	7	5	5	8	5	2	13	4	9	16	18	4	12	159	8	10	46	4	4	7	8	9	29	5	34	3	6	2	7	9	8	14	10	5	20	11	9	8	4	3	3	8	8	7	4	11	7	11	13	8	12	20	7	8	16	14	154	7	14	12	10	12	6	9	9	7	5	110	9	20	9	7	10	3	11	8	14	12	134	7	8	11	11	6	3	7	13	3	7	5	17	6	11	13	6	3	10	10	9	13	20	15	17	4	26	12	8	10	10	15	6	14	7	2	6	8	92	2	15	15	3	3	16	40	15	4	5	8	7	16	6	8	7	6	7	6	13	12	6	12	131	5	10	6	20	5	12	8	16	20	5	11	7	12	8	6	0	11	257	14	7	3	8	14	71	13	14	3	7	14	7	7	117	6	5	4	8	14	4	5	18	242	8	2	4	10	14	8	6	4	14	15	8	9	3	10	13	15	5	8	8	8	6	9	14	18	11	12	12	9	4	2	4	7	11	13	2	12	5	4	40	13	13	7	5	12	5	9	6	8	18	9	135	16	9	0	9	2	19	8	4	8	7	12	7	35	9	16	12	11	11	9	4	10	14	7	4	16	10	6	10	14	14	11	171	18	13	6	25	182	12	9	8	7	13	8	9	7	13	6	7	8	4	6	5	10	8	10	11	4	18	4	12	4	8	7	15	10	12	7	7	70	8	9	14	5	16	4	5	9	13	9	8	16	11	10	4	13	27	49	10	9	33	18	7	10	6	8	14	8	8	5	7	5	6	7	12	3	12	11	5	7	3
4:Del:R:2	43	3	22	25	2	25	17	0	2	0	23	3	2	1	3	3	1	1	2	3	23	2	2	1	0	5	0	0	1	3	2	1	2	4	2	4	5	3	0	3	1	0	1	1	3	0	1	1	0	1	3	0	1	2	0	1	1	3	1	1	3	6	2	2	4	7	3	2	5	6	2	9	1	2	3	4	2	3	5	0	4	2	1	1	3	50	2	2	6	4	7	3	4	2	5	3	1	2	3	7	3	1	7	1	4	4	1	4	3	5	2	5	4	4	3	2	4	5	25	6	1	6	3	172	3	5	3	3	3	1	9	7	0	6	6	3	2	3	6	3	12	2	3	2	4	140	2	7	3	2	0	0	5	6	3	2	8	4	103	4	5	2	1	6	8	3	2	4	12	3	4	5	2	3	4	1	0	4	4	2	2	4	2	1	1	1	4	7	2	1	4	185	0	1	0	2	2	4	4	4	2	6	4	2	5	3	3	5	7	0	139	10	5	4	4	2	4	2	1	5	10	9	5	5	2	0	2	0	4	2	3	2	5	2	1	4	5	2	3	1	4	3	0	2	1	5	100	3	6	1	3	3	3	1	2	0	8	1	8	4	227	88	8	5	56	1	2	14	3	1	4	9	41	11	2	4	1	2	3	227	5	2	2	7	2	3	0	1	9	1	18	5	1	62	2	1	4	3	84	1	2	160	131	5	0	2	3	1	2	3	5	4	7	0	0	2	2	3	4	3	2	3	113	2	7	18	3	3	2	2	4	3	0	15	3	6	4	3	4	2	0	5	1	6	6	2	2	1	1	3	2	5	1	1	1	1	8	3	5	1	5	2	3	6	4	119	3	7	4	4	3	0	1	0	0	1	62	4	3	1	5	2	0	8	3	3	4	90	5	3	2	6	0	0	3	2	2	0	5	1	3	5	2	1	1	0	5	2	5	8	4	7	2	15	5	2	6	3	3	5	6	2	2	0	3	54	1	2	1	0	0	7	17	5	1	0	4	1	5	0	4	3	4	1	4	5	3	1	2	72	0	3	1	9	3	2	0	6	8	3	2	6	3	2	0	1	4	235	6	3	0	1	6	50	3	0	0	8	2	2	1	89	3	0	4	3	4	2	4	4	180	1	2	0	3	7	7	0	4	7	5	3	3	0	7	2	4	4	3	5	4	4	2	4	5	4	0	4	1	0	3	2	1	3	2	1	3	2	3	9	2	3	1	3	2	0	2	2	0	7	5	84	6	3	0	0	0	7	4	5	5	2	4	2	14	4	6	3	2	6	4	1	1	5	4	1	6	2	3	5	3	5	5	119	3	4	4	6	135	3	4	1	2	3	4	5	7	6	1	0	5	2	4	1	0	8	1	3	2	4	2	2	3	7	3	4	3	4	0	6	50	2	3	4	1	3	4	1	3	5	4	0	5	2	5	6	3	6	25	2	4	7	6	1	4	2	3	4	3	2	1	1	2	1	2	3	0	0	3	4	8	1
4:Del:R:3	27	0	12	20	0	27	19	2	0	1	14	0	0	1	1	0	0	1	1	3	11	0	3	0	0	0	0	0	0	0	2	5	0	0	1	1	1	0	1	1	0	0	0	0	0	1	0	1	0	0	1	0	0	1	1	0	1	1	1	0	0	1	0	1	1	2	2	3	1	2	1	2	4	0	0	4	2	1	0	0	1	5	4	4	2	79	0	3	0	2	1	3	2	0	3	0	2	2	2	0	0	2	2	0	2	2	1	3	2	1	1	0	1	2	4	2	1	1	36	2	2	2	1	185	1	2	1	1	3	0	2	5	1	1	5	1	1	0	2	5	7	0	2	0	1	260	0	3	0	2	0	0	2	3	0	3	2	4	155	1	2	1	0	1	2	2	2	2	2	2	1	1	0	3	1	0	0	1	1	0	2	3	2	3	3	2	1	4	0	1	3	259	1	0	0	5	3	5	1	4	1	1	3	2	3	0	0	2	3	3	152	2	2	0	1	2	2	3	1	1	1	1	2	0	3	1	1	0	2	0	2	1	4	1	1	7	2	0	1	0	0	3	1	1	5	0	208	0	3	2	1	2	1	3	1	0	3	1	2	3	280	143	4	2	91	2	1	3	1	0	4	1	13	2	2	3	1	0	0	395	2	3	1	3	1	3	1	1	3	0	44	1	1	68	3	2	4	1	140	1	1	171	224	1	0	1	1	3	3	0	0	1	1	2	2	3	0	1	1	4	0	2	177	4	4	13	1	0	1	1	1	4	2	3	1	1	1	2	2	2	1	0	1	2	2	2	1	0	0	0	1	3	0	0	0	1	4	1	0	1	4	3	0	0	1	161	5	1	2	2	0	1	1	1	2	1	107	2	6	3	2	1	1	3	3	1	3	134	0	0	0	0	1	0	0	2	1	0	2	1	1	0	0	1	0	0	0	2	3	1	1	6	2	9	1	2	1	2	6	5	2	0	3	1	1	43	1	1	1	0	0	4	3	6	3	2	1	0	1	0	0	0	1	1	1	5	3	3	1	124	1	1	0	1	0	0	2	2	7	3	2	2	1	0	0	1	0	399	1	0	1	2	4	63	1	4	0	2	0	3	2	143	2	2	1	2	0	1	3	2	204	0	0	2	3	3	2	1	2	2	0	0	2	0	2	0	1	3	1	1	2	0	0	1	4	1	2	0	0	1	1	0	1	1	1	1	3	2	2	8	1	4	0	0	3	0	3	0	0	1	3	143	2	2	0	1	1	5	1	0	4	0	3	1	4	1	3	2	2	1	1	0	1	3	3	1	2	2	1	3	4	2	1	218	6	2	0	5	183	1	2	1	3	1	1	2	1	2	0	0	2	0	1	1	3	5	2	2	2	3	0	3	3	2	3	2	1	2	1	2	30	3	0	0	0	1	1	1	1	1	0	2	5	1	2	0	1	4	13	1	6	7	1	2	1	1	2	4	2	2	1	2	2	2	3	1	0	3	1	1	0	1
4:Del:R:4	17	0	16	18	0	26	15	0	0	0	12	0	0	1	0	0	0	0	0	0	13	0	1	0	1	1	0	0	1	0	0	1	0	0	0	0	1	0	0	2	0	0	0	0	0	0	0	1	0	0	0	0	0	0	0	0	0	0	0	0	0	0	1	0	0	0	0	0	0	0	0	0	0	0	0	1	0	0	0	1	1	1	0	0	0	17	2	0	0	2	0	0	2	1	0	0	0	1	1	1	0	0	3	0	1	0	1	2	0	1	0	0	0	3	1	0	4	2	13	1	0	3	0	37	0	1	0	0	0	2	0	0	0	1	0	0	1	0	1	4	0	0	1	1	0	55	1	0	0	0	0	0	2	1	0	2	2	0	42	1	0	1	1	0	1	0	1	0	0	1	0	1	1	1	1	1	0	0	0	1	1	1	1	1	0	1	1	0	1	0	0	65	1	0	0	0	0	0	0	1	1	0	0	1	0	0	1	2	0	1	32	1	1	2	0	0	1	0	0	0	3	2	2	1	1	0	0	1	1	0	0	0	1	0	0	4	1	0	0	1	0	1	2	0	0	0	24	0	2	0	0	1	0	1	0	0	1	1	1	0	61	38	1	4	23	0	0	1	1	0	1	2	2	1	3	0	0	1	2	51	2	0	2	1	0	0	0	0	0	0	7	0	0	20	0	1	1	0	31	0	0	43	60	1	0	1	0	2	1	0	1	0	0	0	0	1	0	0	0	2	0	0	47	1	1	3	0	2	1	1	0	2	1	2	1	1	1	0	0	0	1	0	0	0	1	1	0	0	0	0	0	0	0	0	0	1	1	1	0	0	1	0	0	2	2	51	2	3	1	1	1	1	1	1	1	0	29	0	2	0	1	0	0	1	1	0	1	33	1	0	0	0	0	0	0	1	0	1	0	1	0	0	1	1	0	1	1	0	1	0	3	2	0	4	0	1	1	1	0	1	0	0	0	2	1	12	0	0	0	0	0	1	1	1	0	0	1	0	2	1	1	1	0	0	0	1	0	1	0	24	0	1	0	0	0	1	0	2	0	0	2	0	0	0	1	0	1	51	0	1	1	0	0	9	0	1	1	0	1	0	0	29	1	1	2	0	0	0	0	2	61	0	0	0	0	1	3	0	0	0	0	1	1	0	1	1	0	1	1	0	0	0	0	1	0	0	1	0	2	0	0	0	1	1	1	0	1	0	0	0	0	1	0	1	0	0	1	0	0	0	0	33	1	1	1	2	0	1	0	1	0	0	0	1	4	1	1	0	0	0	0	0	0	0	2	0	0	0	1	4	0	3	1	34	0	1	0	0	45	0	0	0	0	1	0	1	0	1	0	0	1	1	1	1	1	0	0	0	1	0	1	0	0	0	0	2	0	2	0	0	4	1	0	0	0	0	0	0	0	2	1	1	1	1	0	0	0	1	3	5	1	2	2	1	0	2	0	1	2	1	2	2	1	0	0	0	0	0	0	0	1	0
4:Del:R:5	22	0	12	14	0	19	10	0	0	0	9	0	0	0	0	0	0	0	0	0	6	0	0	0	0	1	0	0	0	0	0	0	0	0	0	0	0	0	1	0	0	0	0	0	0	0	0	0	0	0	0	0	0	0	2	0	0	0	0	0	0	0	1	0	1	1	0	0	1	2	2	3	0	0	0	1	0	0	1	0	0	0	0	0	2	45	1	0	0	0	0	1	0	2	0	0	0	0	1	0	0	1	0	2	0	0	0	0	1	1	0	0	1	1	0	0	0	1	18	0	0	0	0	111	1	1	0	0	0	0	1	0	0	0	1	1	0	0	3	1	1	0	0	1	0	109	1	0	0	1	0	1	1	0	0	0	1	1	97	0	0	0	0	0	1	0	0	0	1	0	1	0	0	0	0	0	0	0	0	1	0	1	0	0	0	0	1	0	1	2	0	133	0	0	0	1	0	0	1	0	1	2	0	0	0	0	1	1	0	0	100	0	0	0	0	0	0	1	0	1	2	0	0	0	0	0	0	0	0	0	1	1	0	0	0	0	0	0	0	0	1	0	0	0	0	0	62	0	2	0	0	0	0	0	0	0	1	0	1	1	162	93	0	0	51	0	0	1	0	0	1	1	1	1	0	0	0	0	0	143	0	2	0	0	0	1	0	1	0	0	16	0	0	34	1	2	1	0	86	0	0	113	123	0	0	0	0	0	0	1	0	1	2	0	0	0	0	0	0	3	0	1	114	0	2	7	0	1	0	0	0	0	0	1	0	0	0	1	0	1	1	0	0	0	0	0	0	0	0	1	0	0	1	0	0	0	0	0	1	0	0	0	1	2	0	116	1	0	0	0	0	0	0	0	0	0	67	0	2	1	0	0	0	0	0	1	1	84	0	0	0	0	1	0	0	0	0	1	0	0	0	0	0	1	0	0	0	3	1	1	1	1	1	3	0	1	0	0	1	1	1	0	0	0	0	8	0	0	0	0	0	0	1	0	0	0	0	0	0	0	0	0	0	0	0	0	0	0	1	61	0	0	0	0	0	0	0	1	0	1	0	1	0	0	0	1	2	139	1	1	0	1	0	55	1	1	0	4	0	1	0	91	0	0	0	0	1	0	0	1	136	0	1	0	0	0	0	0	0	0	0	0	0	0	0	1	0	0	1	1	0	0	0	0	0	2	0	0	1	0	0	0	0	1	1	0	0	0	0	4	0	1	0	1	0	0	0	0	0	0	2	77	0	0	0	0	0	2	1	0	0	0	2	1	3	0	2	2	1	1	0	3	0	0	2	0	2	0	1	0	0	2	0	110	0	0	0	0	116	1	1	0	0	0	0	1	2	0	0	1	0	0	0	0	0	0	0	0	0	0	0	2	0	0	1	1	1	0	0	1	8	0	0	3	1	0	0	0	1	2	2	0	1	0	0	0	0	4	3	0	1	2	3	0	0	0	0	1	2	0	0	0	1	0	0	0	1	0	0	0	1	0
5:Del:R:0	27	13	21	39	10	20	15	7	4	10	5	22	8	7	12	10	8	8	3	11	10	12	14	10	5	7	7	5	24	5	9	14	13	12	8	5	39	9	10	15	6	14	12	2	2	11	8	31	12	10	19	7	5	24	6	26	3	5	4	34	24	17	11	18	37	22	111	25	9	16	10	25	14	14	7	29	24	12	26	16	11	19	23	8	23	31	16	35	13	28	32	66	72	23	26	35	37	30	18	12	53	18	34	11	20	30	25	13	22	41	13	13	21	21	35	57	29	59	21	41	13	45	20	126	23	36	20	25	20	1	48	27	31	80	20	28	29	29	39	35	55	46	19	22	16	114	24	34	28	9	17	10	42	21	13	23	17	31	78	16	22	42	26	19	142	12	62	41	45	14	6	50	18	26	39	11	48	19	25	16	9	79	23	85	16	24	162	31	13	12	16	123	104	11	6	38	39	50	44	32	37	15	14	21	61	17	18	48	24	23	88	26	13	7	14	6	36	19	10	16	10	12	55	59	15	8	8	16	11	40	87	31	22	18	11	28	28	10	14	5	21	15	25	5	21	18	109	13	44	15	91	54	20	7	12	63	19	11	37	60	171	91	34	47	61	12	43	153	13	8	6	11	25	71	15	15	12	8	42	156	73	93	34	70	11	6	14	13	16	13	46	16	15	70	28	26	24	11	86	18	14	117	130	29	15	55	32	25	47	91	30	27	67	17	28	25	16	40	35	31	15	43	111	13	64	61	17	14	37	19	18	48	15	56	40	39	31	59	32	58	24	140	24	26	23	24	55	11	8	17	19	27	18	11	23	19	106	29	58	24	22	19	49	47	47	105	42	24	80	23	17	33	50	18	40	44	105	22	38	44	42	25	37	15	39	14	25	93	43	42	51	49	21	39	34	27	13	13	22	37	25	48	40	38	22	30	29	35	44	52	39	45	30	53	67	55	17	22	30	19	15	15	11	23	24	59	6	18	17	10	18	13	26	15	9	10	193	20	33	20	19	11	7	7	14	26	18	14	23	127	14	70	25	58	16	10	13	18	16	28	74	17	37	45	13	22	61	158	31	21	27	26	25	47	75	36	12	19	63	25	29	79	58	36	20	42	47	35	72	32	128	20	26	19	32	53	32	51	33	40	21	22	16	10	22	14	38	46	22	25	59	12	9	13	14	21	17	13	19	2	6	76	42	18	14	6	24	9	16	23	14	20	4	16	99	7	12	48	9	21	21	64	15	25	11	29	14	41	15	11	33	29	27	16	22	17	29	15	16	48	11	37	13	41	16	12	16	11	14	19	55	19	22	101	28	19	10	33	109	14	25	15	26	19	7	17	14	53	35	29	47	30	83	33	25	39	19	15	29	29	9	59	37	23	39	84	14	34	25	44	34	26	74	44	8	173	10	11	21	15	7	12	28	11	17	13	13	17	28	13	15	25	24	11	5	9	35	19	2	2	15	21	16	4	7	13	2	44	21	16	16	11
5:Del:R:1	38	2	14	22	0	23	7	3	1	3	13	5	2	2	4	0	2	0	8	6	3	3	4	4	1	0	1	2	3	1	1	3	3	4	2	5	4	2	3	8	2	1	3	3	2	0	3	4	4	2	4	0	5	8	8	1	0	4	4	4	5	3	8	3	8	11	9	4	8	9	9	4	10	5	2	7	8	9	11	9	4	10	9	7	7	23	11	7	7	8	12	17	5	6	8	2	6	7	6	9	5	5	8	14	8	6	8	4	7	6	5	1	4	12	15	5	8	5	13	12	3	18	4	117	5	6	2	5	2	6	10	22	4	5	8	6	4	2	11	9	19	2	1	4	2	95	7	9	4	5	0	5	8	7	6	4	4	12	55	7	11	7	6	6	13	5	9	12	16	2	6	16	7	10	4	5	3	6	8	4	2	3	4	2	6	1	8	14	7	8	4	123	9	3	5	3	7	6	4	7	4	11	1	7	5	7	8	3	7	7	81	12	3	4	5	7	4	6	6	13	9	11	12	7	7	1	4	6	20	10	6	14	7	0	3	9	7	1	3	4	5	13	5	5	9	7	87	2	12	13	8	6	5	3	1	3	13	3	6	5	151	40	8	8	33	8	2	12	9	4	12	11	27	10	7	5	3	0	7	84	10	17	8	23	4	4	2	4	6	2	28	4	1	30	10	14	5	0	53	8	2	98	94	2	12	4	3	10	9	19	2	8	7	7	1	5	5	11	13	9	2	7	95	3	11	18	3	6	5	4	3	15	4	8	5	8	5	5	5	11	6	5	3	6	8	3	14	1	3	6	5	5	2	1	3	6	3	5	7	3	19	7	2	9	6	55	10	7	7	11	1	4	6	3	8	4	53	9	2	6	10	10	3	8	11	8	12	37	16	4	5	7	3	1	4	1	3	4	3	6	4	3	9	8	3	7	5	6	8	12	5	17	4	19	5	0	7	10	23	15	17	6	4	6	5	64	5	10	9	7	7	12	8	12	11	0	11	5	9	4	4	8	0	3	4	9	4	9	5	41	4	6	8	4	6	5	5	7	7	4	5	7	9	4	4	10	8	99	5	6	4	1	4	33	15	10	2	10	6	6	2	57	7	3	3	5	4	0	5	12	100	5	9	2	8	7	2	1	6	9	6	6	8	4	12	6	7	10	10	5	8	5	4	4	19	4	6	2	8	3	2	9	11	3	5	4	5	3	8	14	8	10	0	2	10	2	1	10	5	6	7	38	8	6	1	5	1	13	11	0	4	8	7	4	24	8	8	7	10	14	4	9	3	7	8	6	5	4	7	9	7	11	9	71	12	11	5	18	76	6	9	5	3	5	6	10	7	18	8	3	11	3	5	9	2	7	7	8	6	8	4	9	6	10	4	11	3	2	3	8	35	8	4	8	1	25	6	4	9	11	2	1	11	4	3	5	6	18	22	10	8	13	14	8	1	3	8	6	6	4	8	7	10	2	2	4	4	7	9	3	16	0
5:Del:R:2	17	1	10	18	0	13	7	0	0	0	6	0	0	1	1	0	1	1	0	3	5	0	1	1	0	0	0	0	0	0	0	1	2	0	1	0	1	0	0	0	0	0	0	0	1	0	0	0	1	0	0	0	0	0	1	0	0	1	0	0	1	2	1	0	0	1	1	5	5	1	1	1	4	0	0	3	1	2	0	1	0	1	2	0	1	15	3	2	4	2	1	1	1	1	0	0	3	2	3	3	1	2	3	0	0	0	0	2	0	1	1	1	2	2	2	2	1	1	13	0	1	3	1	69	1	1	0	0	0	1	5	4	1	0	0	1	1	1	5	1	6	3	1	2	0	58	3	0	1	4	0	0	2	3	1	2	1	1	28	0	6	0	0	4	0	2	1	2	3	1	3	3	0	1	1	0	1	0	0	0	1	2	2	2	2	1	3	3	0	0	0	99	2	1	1	0	2	2	1	0	0	2	2	3	2	0	1	2	1	3	43	1	2	0	5	2	1	1	1	4	2	2	2	0	2	1	0	1	1	1	2	2	1	1	2	3	3	1	4	0	1	1	4	1	1	1	35	1	10	2	1	3	1	2	1	0	4	1	0	1	103	31	0	0	13	0	2	7	0	2	4	2	6	2	1	1	1	0	2	78	1	3	3	3	0	0	1	2	2	0	25	0	1	35	1	5	3	1	19	1	0	61	70	2	2	1	1	4	1	1	0	1	1	1	1	1	2	2	2	1	1	0	62	1	5	6	1	3	0	1	0	4	2	8	1	1	2	3	1	0	3	4	0	2	1	0	1	1	0	1	2	0	0	1	2	0	1	2	2	1	1	2	1	2	2	42	3	3	1	1	0	1	1	3	0	1	36	1	2	1	6	0	0	2	2	0	3	21	2	0	1	2	0	2	0	0	0	6	0	2	4	1	4	0	0	1	3	3	1	0	1	1	1	10	1	0	1	2	5	3	3	0	0	2	1	21	1	1	0	0	1	3	4	2	3	0	2	1	2	0	0	2	0	0	0	2	1	1	2	25	0	0	0	4	1	1	1	0	1	0	3	3	4	0	0	4	3	80	2	1	1	0	1	10	1	0	1	2	2	2	3	43	2	0	0	7	0	0	2	1	59	1	0	1	1	2	0	1	1	3	2	2	1	2	2	0	2	3	4	1	3	3	0	1	2	1	2	1	4	0	1	1	3	2	1	0	3	2	1	6	1	2	1	2	1	1	0	3	2	2	2	22	2	0	0	2	1	5	4	0	3	1	1	3	4	0	6	3	0	2	2	4	1	0	4	1	0	4	0	4	2	3	0	43	3	1	4	5	63	1	2	3	1	1	0	1	1	3	0	0	3	2	1	0	4	0	1	3	1	1	1	3	0	7	0	0	1	0	1	2	12	1	0	2	2	3	1	3	1	6	3	2	4	1	1	1	1	6	8	2	1	2	6	1	0	1	1	1	2	1	0	1	3	0	0	3	0	1	1	1	0	1
5:Del:R:3	10	0	9	11	1	11	7	0	0	0	4	0	0	0	0	0	0	0	1	0	6	0	0	1	0	2	0	0	0	0	0	1	0	0	0	0	0	0	0	1	0	0	0	0	0	0	0	0	1	0	0	0	0	0	1	0	0	0	0	0	1	1	0	0	1	4	2	0	0	1	2	0	0	0	0	0	0	0	0	1	1	1	1	1	0	5	0	0	1	1	0	0	0	1	2	0	0	0	1	0	1	0	0	0	0	1	0	0	0	1	0	1	0	0	1	0	0	0	5	0	1	0	1	36	0	0	2	0	0	0	1	1	0	0	0	1	0	0	0	0	1	0	0	0	0	30	0	0	0	0	1	0	0	0	0	0	2	0	19	1	0	0	0	0	3	0	0	0	2	0	1	0	0	0	0	0	0	0	1	0	0	0	0	0	0	0	0	1	0	0	1	43	1	0	1	0	0	0	1	0	0	0	0	1	1	0	0	0	0	0	28	0	0	0	1	1	1	1	0	2	2	3	4	1	0	0	1	0	2	1	0	0	0	0	2	1	0	1	0	2	2	0	0	0	0	0	22	0	3	0	0	1	0	1	0	0	0	0	0	3	50	26	2	0	4	0	1	2	1	0	3	0	3	2	0	0	0	0	0	39	0	1	0	0	0	0	0	0	0	0	8	1	0	14	1	2	0	0	24	0	0	47	34	0	0	0	0	1	1	1	0	0	0	0	0	0	1	2	0	2	0	0	37	0	2	3	0	0	1	0	1	2	0	2	1	0	1	0	1	0	0	0	0	1	0	0	1	0	0	0	0	0	0	0	0	1	1	0	2	0	2	0	0	1	0	34	2	2	2	1	0	1	0	0	1	1	20	0	2	1	0	0	0	1	0	0	1	28	1	0	1	0	0	0	0	1	0	0	0	1	0	1	0	1	0	0	1	0	1	1	0	3	1	1	0	2	2	1	0	0	1	1	0	0	1	10	0	0	0	1	0	0	1	1	1	0	0	0	0	0	1	0	0	0	0	1	0	2	0	19	0	0	1	0	0	0	0	0	0	0	0	1	4	1	1	1	0	38	0	1	0	0	0	6	1	0	0	0	0	0	0	25	0	0	0	0	0	0	2	0	47	1	0	1	0	1	0	1	0	2	0	1	0	1	1	0	0	0	0	0	0	0	1	1	1	1	1	0	2	0	0	1	0	0	0	0	0	0	1	5	1	0	0	1	2	0	0	0	1	0	0	19	1	0	0	1	0	2	0	0	2	0	1	0	1	0	0	0	2	1	1	0	0	0	1	0	0	0	0	1	1	0	0	29	2	1	0	2	33	0	0	0	0	0	0	1	0	1	1	0	3	0	1	0	0	1	1	1	0	0	0	0	1	1	0	0	0	0	0	0	0	0	1	0	0	0	1	0	1	1	0	0	1	0	1	0	0	0	2	0	1	2	2	0	0	0	0	2	0	0	0	0	1	0	0	0	0	1	0	0	2	0
5:Del:R:4	5	0	4	2	0	4	4	0	0	0	2	0	0	1	0	0	0	0	0	0	5	0	0	0	1	0	0	1	0	0	0	1	0	0	0	0	0	0	0	0	0	0	0	0	0	0	0	0	0	0	0	0	0	0	0	0	0	0	0	0	0	0	0	0	0	0	0	0	1	0	0	0	0	0	0	0	0	0	1	0	0	0	0	0	0	1	0	0	0	0	0	0	0	0	1	0	0	0	0	0	0	2	0	0	0	0	0	0	0	0	1	0	0	0	1	0	1	0	2	0	0	0	0	13	0	0	0	0	0	0	0	0	0	0	0	0	0	0	0	0	1	0	0	0	0	24	0	0	0	1	0	0	0	0	0	0	0	0	2	0	0	0	0	0	1	0	0	0	0	0	0	0	0	0	0	0	0	0	0	0	0	1	0	0	0	0	0	0	0	0	0	16	0	0	0	0	0	1	0	0	0	1	0	0	0	0	0	0	1	0	13	0	0	0	0	0	0	0	0	0	0	0	0	0	0	0	0	0	1	0	0	0	0	0	0	0	0	0	0	0	0	0	0	0	0	0	3	0	0	0	0	0	0	0	0	0	0	0	0	1	12	8	0	0	3	0	0	0	0	0	0	0	3	1	0	0	0	0	0	32	0	0	1	1	0	0	0	0	0	0	1	0	0	4	0	0	0	0	10	0	0	15	17	0	0	0	0	0	0	0	0	0	0	0	1	0	0	0	0	0	0	0	24	0	0	7	0	0	0	0	1	1	0	1	0	0	0	0	1	0	0	0	0	0	0	0	0	0	0	1	1	0	0	0	0	0	0	0	0	0	0	0	0	1	0	19	0	1	0	0	0	0	0	0	0	0	10	0	0	0	0	0	0	0	0	0	2	6	0	0	0	0	0	0	0	1	0	0	0	0	0	0	0	0	0	0	1	1	0	0	1	0	1	0	0	0	1	0	0	1	0	0	0	0	0	1	0	0	1	0	0	0	0	0	0	0	0	0	0	0	0	0	0	0	0	0	0	0	0	11	0	0	0	0	0	0	1	1	0	0	1	0	1	0	0	0	0	31	0	0	0	0	0	3	0	0	1	0	0	0	0	11	0	1	0	0	0	0	0	0	19	0	0	0	1	0	0	0	0	1	0	0	0	0	0	0	0	0	0	0	0	0	0	0	0	0	0	0	0	0	0	0	0	0	0	0	0	0	0	5	0	0	0	0	0	0	0	0	0	0	0	4	0	0	0	0	0	0	1	0	0	0	1	0	2	0	0	1	0	0	0	1	0	0	0	0	1	0	0	1	1	0	0	17	0	0	0	0	30	0	1	0	0	0	0	0	0	0	0	0	0	0	0	0	0	0	0	0	0	0	0	0	0	0	1	0	0	0	0	0	2	0	0	0	0	0	0	0	0	0	0	0	0	0	0	0	0	0	0	0	0	0	0	1	0	0	0	0	0	0	0	1	1	0	0	0	0	0	0	0	0	0
5:Del:R:5	1	0	1	2	0	5	1	0	0	0	0	0	0	0	0	0	0	1	0	0	1	0	0	0	0	0	0	0	0	0	0	0	0	0	0	0	0	0	0	1	0	0	0	0	0	0	0	0	0	0	0	0	0	0	0	0	0	0	0	1	0	0	0	0	0	0	0	0	0	0	0	0	0	0	0	0	0	0	0	0	0	0	0	0	0	0	0	0	0	0	0	0	0	0	0	0	0	0	0	0	0	0	1	1	0	0	0	0	0	0	0	0	0	0	0	0	0	0	3	0	0	0	0	12	0	0	0	0	0	0	2	1	0	0	0	0	0	0	0	0	1	0	0	0	0	10	0	0	0	0	0	0	0	0	0	0	0	1	9	0	0	0	0	1	0	0	0	0	0	0	0	0	0	0	0	0	0	0	0	0	0	0	0	0	0	0	0	0	0	0	0	14	0	0	0	0	0	0	0	0	0	0	0	0	0	0	0	1	0	0	7	0	0	0	0	0	1	0	0	0	0	0	0	0	0	0	0	0	0	0	0	0	0	0	0	0	0	0	0	0	0	0	0	0	0	0	2	0	0	0	0	0	0	0	0	0	0	0	0	0	23	15	0	0	6	0	0	0	0	0	0	0	0	0	0	0	0	0	1	19	0	0	0	0	0	0	0	0	0	0	1	0	0	2	0	0	0	0	12	0	0	17	16	0	0	0	0	0	0	0	0	0	0	0	0	0	0	0	0	0	0	1	9	1	1	3	0	1	0	0	0	1	0	0	0	0	0	0	0	0	0	0	0	0	0	0	0	0	0	0	0	0	0	0	0	0	0	0	0	0	0	0	0	0	1	23	0	0	0	0	0	0	0	0	0	0	7	0	0	0	1	0	0	0	0	0	0	6	0	0	0	0	0	0	0	0	0	0	0	0	0	0	0	1	0	0	0	0	0	0	0	0	0	0	0	0	0	0	0	2	1	0	0	0	0	0	0	0	0	0	0	0	0	0	0	0	0	0	0	0	0	0	0	0	0	0	0	0	0	7	0	0	0	0	0	0	0	0	0	0	0	0	0	0	0	0	0	20	1	0	0	1	1	5	0	0	0	0	0	0	0	10	0	0	0	1	0	0	0	0	19	0	0	0	0	1	0	0	1	1	0	0	0	0	0	0	0	0	0	0	0	1	0	0	1	0	0	0	0	0	0	0	0	0	0	0	0	0	0	3	0	1	0	0	0	0	0	0	0	0	0	3	0	0	0	0	0	1	0	0	0	0	0	0	0	1	0	0	0	0	0	0	0	0	0	0	0	0	0	1	0	0	0	15	1	1	0	0	17	0	0	0	0	0	0	0	0	1	0	0	0	0	0	0	0	0	2	0	0	2	0	0	0	0	0	0	0	0	0	0	0	0	0	0	0	0	0	0	0	0	0	0	0	0	1	0	0	0	0	0	0	0	1	0	0	0	0	0	1	0	0	0	0	0	0	0	0	0	0	0	0	0
2:Ins:R:0	64	38	36	85	7	62	19	78	19	2	11	12	83	5	21	8	84	7	4	12	46	2	5	8	11	2	4	39	8	5	3	45	1	1	4	2	13	2	6	3	2	11	8	2	8	11	2	163	5	8	4	10	3	6	0	0	3	1	3	38	19	16	18	11	12	25	20	12	15	20	21	17	19	5	9	15	22	8	18	20	3	36	23	10	18	129	16	30	14	17	21	95	12	27	24	10	32	16	53	12	71	20	16	31	27	15	31	15	13	14	15	10	38	18	33	22	30	11	109	19	17	23	12	395	67	17	7	11	14	5	30	26	5	7	16	10	17	9	50	31	47	19	17	12	16	357	17	9	6	12	11	17	12	11	11	23	18	34	305	9	19	15	17	31	24	11	17	29	31	9	15	25	18	11	15	14	3	14	6	11	5	7	22	12	22	12	42	20	18	9	12	536	19	30	12	21	12	20	16	25	9	29	28	10	18	10	21	30	9	21	481	33	21	7	12	36	15	26	21	26	36	21	22	13	11	3	24	5	16	22	26	31	20	50	15	45	33	15	23	8	21	21	41	3	19	9	136	14	21	38	19	40	12	15	5	11	23	11	17	22	801	218	16	9	115	8	12	30	19	14	38	37	34	26	39	11	5	8	26	543	15	24	27	34	7	7	7	27	20	9	65	34	14	652	18	21	25	3	177	10	23	616	494	13	10	11	10	49	19	24	19	13	13	18	7	10	9	27	28	28	7	41	383	23	25	20	16	21	9	6	11	27	17	24	23	19	7	17	14	41	17	30	20	20	52	13	14	4	7	24	17	23	17	12	16	11	20	19	39	5	34	14	11	31	17	359	20	21	19	25	13	15	22	21	16	21	164	25	29	20	20	9	15	17	23	17	44	221	11	12	34	20	10	3	71	9	6	11	9	33	8	19	14	15	8	12	15	27	31	16	24	40	13	35	19	11	10	7	28	25	23	20	13	24	33	694	5	15	15	10	7	11	20	24	24	8	35	28	25	8	19	21	2	12	6	38	6	20	18	168	16	12	20	44	18	10	28	9	16	25	35	20	19	19	23	22	16	573	22	16	8	13	13	251	19	32	6	26	23	40	19	358	14	20	6	11	16	6	6	25	467	9	13	14	12	16	15	15	128	27	12	13	15	1	26	13	17	21	27	15	17	12	9	11	30	19	9	22	11	5	4	10	88	29	19	8	22	13	26	18	9	18	5	24	22	3	9	14	34	32	13	220	10	22	2	13	5	29	15	3	39	39	30	21	40	15	20	25	16	31	15	13	13	24	24	11	34	28	8	16	13	8	20	472	17	34	19	48	588	19	14	16	6	20	14	42	19	32	16	2	21	9	35	14	11	17	9	18	6	16	7	23	28	29	18	20	9	21	14	16	394	13	19	20	4	20	16	11	25	23	13	11	31	30	19	6	143	37	422	27	19	37	32	13	9	11	11	27	21	4	10	18	17	3	7	26	4	21	35	31	19	12
2:Ins:R:1	12	11	13	29	3	17	10	2	3	3	7	1	12	2	4	2	11	2	3	3	15	3	4	2	3	2	1	3	7	1	0	4	3	4	1	2	22	2	5	4	3	13	4	2	2	1	5	12	3	1	13	2	5	5	5	8	3	1	4	3	3	6	3	4	9	9	8	5	4	5	5	7	9	2	1	3	5	7	9	10	3	11	8	3	10	23	5	11	7	9	2	13	8	9	8	3	7	9	6	8	5	6	8	6	10	12	8	6	5	5	6	4	12	6	15	5	15	7	20	9	9	7	3	59	12	5	3	1	2	1	20	5	6	0	12	7	8	5	8	10	28	3	5	6	3	54	4	11	3	9	4	1	8	4	2	4	6	10	64	4	3	4	6	6	7	3	8	18	13	5	5	15	5	4	3	5	1	5	3	3	3	11	7	8	4	2	17	12	6	4	4	69	5	5	3	9	5	8	10	7	3	5	3	4	7	2	7	8	4	4	60	14	5	5	2	4	4	2	5	3	9	7	7	4	3	2	5	5	6	6	10	6	7	9	3	11	6	11	6	5	4	6	4	2	4	7	37	4	9	13	10	8	2	3	3	4	12	1	7	5	80	39	3	7	30	2	8	9	3	3	4	15	9	8	9	5	1	2	10	79	6	8	15	15	3	3	10	4	8	1	8	6	6	95	12	4	4	4	38	6	5	79	62	5	3	4	2	9	10	11	13	5	12	8	2	5	6	8	8	4	2	3	50	3	13	9	2	5	5	0	6	12	1	12	5	11	6	2	1	11	7	11	6	12	13	11	21	1	4	12	9	6	4	14	5	2	8	5	10	5	8	9	2	9	9	52	10	9	7	2	7	3	10	2	5	3	23	9	9	6	13	8	8	4	13	2	11	37	15	3	12	7	7	1	3	5	1	7	3	8	8	3	9	7	3	3	7	6	5	10	15	5	7	9	5	2	5	8	8	6	9	1	10	9	11	65	1	3	3	2	1	3	11	10	6	4	13	18	3	4	4	6	2	8	5	4	2	7	3	22	5	3	5	21	6	5	7	4	7	3	12	4	6	8	2	7	7	83	13	8	2	3	4	27	13	11	4	7	3	5	2	33	10	2	6	4	9	3	5	5	54	2	1	4	4	3	4	5	11	8	4	2	7	1	14	3	5	7	12	9	15	7	6	2	8	11	8	5	7	1	4	5	10	7	8	1	4	8	7	6	6	6	2	6	9	2	6	10	4	9	3	35	2	17	3	6	3	4	8	1	12	1	9	7	10	7	7	8	12	10	6	14	2	7	6	3	7	7	3	7	8	7	6	67	5	16	4	13	70	7	10	6	8	6	5	9	6	10	2	2	7	3	10	5	1	5	1	10	3	6	4	4	7	12	5	7	6	11	4	10	38	8	8	5	0	8	4	11	7	10	4	2	6	3	6	7	21	8	46	8	8	10	9	5	6	10	6	8	5	3	3	8	7	3	2	7	1	8	8	14	9	3
2:Ins:R:2	30	8	12	48	1	28	19	4	2	0	11	3	5	0	4	3	11	3	1	4	14	4	2	2	1	0	5	4	3	2	5	6	2	2	2	4	12	2	2	4	1	7	2	0	2	3	0	13	3	3	3	1	5	6	3	6	1	3	6	4	2	4	3	1	10	7	5	1	1	3	1	3	6	7	2	1	4	1	6	2	5	7	2	1	4	28	4	5	3	4	1	2	6	5	3	0	3	4	7	3	3	4	7	4	5	6	3	3	1	4	2	3	4	8	15	3	10	3	16	2	1	2	2	75	1	1	4	2	1	0	6	1	5	1	2	2	2	5	2	1	6	9	0	5	1	75	5	2	3	1	1	4	3	1	4	3	4	8	63	6	3	4	2	5	5	1	5	8	8	6	3	10	2	5	0	4	2	2	4	4	2	1	3	8	1	5	6	6	5	2	4	74	7	3	2	4	5	9	3	5	0	3	5	0	3	8	2	1	1	6	86	8	6	5	2	4	2	3	2	3	5	5	8	4	4	1	1	4	2	4	8	3	5	7	4	6	4	6	5	1	2	0	4	1	2	3	22	0	6	5	1	7	0	2	1	0	1	3	5	1	107	57	4	1	23	2	5	5	4	3	2	1	14	6	5	3	2	1	6	81	1	6	5	11	0	1	4	1	7	2	12	2	3	144	3	2	5	3	48	3	1	133	94	2	2	3	2	8	3	10	12	4	4	1	1	1	3	6	11	6	1	5	60	7	3	3	2	7	1	4	4	6	1	5	7	5	4	4	2	1	4	5	6	9	2	3	5	0	0	3	4	3	1	3	3	2	7	9	4	1	2	6	1	4	5	64	4	0	8	1	5	2	6	3	4	2	41	3	5	4	5	3	3	4	14	4	7	45	10	8	5	2	3	3	3	4	2	1	1	3	4	3	5	5	2	0	1	5	6	1	6	6	1	0	1	4	3	8	2	2	1	0	4	4	4	113	2	2	1	1	1	4	3	3	4	1	3	9	5	0	2	1	1	0	3	7	2	8	2	36	3	2	5	12	1	2	4	2	1	4	7	5	6	1	4	5	6	91	5	7	1	1	7	46	5	12	3	0	1	14	3	55	3	3	1	1	3	0	1	7	84	0	2	2	1	6	1	3	6	3	4	3	3	3	11	5	3	7	6	3	9	6	2	4	1	9	3	4	4	1	1	1	7	2	4	0	6	1	8	5	2	5	1	5	5	1	6	2	5	4	3	43	2	4	2	5	1	3	5	1	7	2	2	4	6	3	3	6	8	2	5	9	1	7	2	1	7	2	0	4	14	4	2	77	2	9	5	4	90	4	3	1	3	3	5	3	3	1	0	0	5	1	3	4	1	3	1	6	2	4	1	5	3	5	3	16	4	3	3	2	85	6	3	6	2	5	3	3	8	5	1	2	6	0	5	0	17	3	38	5	4	7	5	1	2	0	10	3	2	0	7	1	3	1	3	4	1	3	3	1	5	3
2:Ins:R:3	114	27	35	145	0	100	47	13	5	0	61	0	6	3	6	3	45	1	2	2	113	2	1	2	2	6	0	12	3	2	0	30	2	1	0	1	5	1	3	0	0	1	1	0	1	0	1	28	2	0	3	0	1	0	0	1	0	0	1	1	2	3	1	0	4	4	4	1	2	3	1	2	2	0	2	4	0	2	6	1	1	3	1	0	2	55	3	2	3	3	4	4	0	4	0	3	7	3	2	4	4	6	3	5	2	0	4	2	1	5	3	1	2	4	4	4	4	3	38	2	3	4	2	252	1	5	4	0	1	0	4	7	0	1	7	2	3	4	5	5	6	2	1	2	0	210	3	1	1	4	3	2	2	2	3	4	3	5	177	2	2	3	2	5	2	4	1	2	5	2	3	8	1	6	1	2	1	1	1	6	2	2	3	1	3	1	8	2	4	2	1	182	5	1	1	1	4	5	2	4	1	4	1	2	3	1	3	3	2	4	300	6	5	2	0	0	2	3	2	2	4	4	6	1	0	0	6	1	3	2	5	3	4	3	1	3	7	2	0	1	1	2	1	0	3	4	76	1	7	3	5	2	1	1	0	1	3	3	6	4	318	174	5	3	104	3	0	5	1	0	4	5	8	5	4	4	0	1	6	267	1	2	3	5	2	0	3	1	4	2	57	5	1	622	5	4	1	0	92	1	2	335	258	6	1	5	2	3	2	2	7	2	2	2	1	2	1	4	8	5	0	0	177	5	4	4	3	1	0	2	1	5	1	5	2	3	1	2	1	4	4	5	2	5	1	1	2	2	0	2	2	1	0	3	0	3	2	4	2	1	5	3	2	4	1	131	2	2	3	6	0	3	0	3	0	2	156	3	3	1	2	1	1	1	6	0	9	126	7	4	1	2	2	0	3	3	1	0	2	5	2	2	4	4	0	4	5	2	4	4	4	7	0	7	4	6	3	4	3	3	1	2	6	2	2	176	3	1	1	0	1	3	2	3	3	2	5	7	3	0	1	1	0	2	2	5	4	1	0	136	2	1	1	4	0	4	1	1	2	1	3	1	1	4	2	2	4	286	0	6	2	3	4	117	3	5	0	5	3	7	2	148	2	0	0	3	2	1	4	3	226	0	0	1	1	1	0	2	8	3	1	2	0	0	5	0	3	5	4	4	4	4	2	0	6	7	4	3	3	1	2	2	6	2	4	0	3	2	0	3	2	6	0	1	3	0	1	5	4	4	3	118	2	5	1	1	1	2	1	4	4	3	5	3	8	4	1	3	0	2	3	2	0	3	3	1	3	6	0	2	7	3	1	207	2	6	6	5	233	5	2	3	1	2	0	3	4	2	2	2	2	0	2	4	2	5	3	6	0	3	0	0	7	3	4	2	0	5	3	3	107	2	3	0	1	6	0	1	7	1	2	1	2	0	3	3	38	5	79	3	3	4	2	1	2	2	5	5	2	0	3	1	1	1	1	5	1	3	6	2	3	1
2:Ins:R:4	448	96	220	537	5	371	179	28	9	2	200	6	26	9	19	1	92	5	6	2	401	4	9	9	0	25	3	22	1	1	5	75	10	2	3	2	7	2	6	7	0	8	3	0	5	3	2	72	5	2	3	1	2	9	0	3	2	2	3	9	8	11	6	4	2	4	5	5	4	7	9	6	12	3	4	7	3	5	12	6	2	12	10	9	7	276	11	5	6	3	9	3	7	6	9	4	9	3	11	5	3	7	8	7	10	8	13	3	10	8	2	5	6	12	8	6	9	9	102	6	5	13	8	999	3	2	2	1	5	1	7	8	5	1	9	8	6	8	7	7	7	5	3	7	0	570	6	4	2	11	6	2	7	6	4	3	10	5	633	4	9	6	3	7	10	2	4	9	11	10	5	4	4	5	8	12	2	3	2	1	2	5	6	3	7	6	7	6	7	3	1	690	12	4	2	5	6	10	4	7	0	12	9	5	7	4	8	10	3	8	989	16	10	6	8	9	3	9	6	10	9	4	17	6	4	0	6	2	6	1	5	6	3	7	6	13	10	6	5	3	5	8	6	1	3	2	296	3	17	9	4	12	4	1	6	7	5	6	4	14	1081	652	5	5	354	0	4	6	4	6	14	17	14	10	6	9	3	4	9	1008	4	9	6	12	1	2	3	4	11	0	203	12	4	2192	6	7	5	3	360	2	3	1189	798	3	2	5	7	8	5	9	9	2	7	6	2	0	5	9	11	11	4	5	623	5	16	3	6	8	3	5	7	9	6	12	13	11	4	8	4	3	2	6	3	11	4	5	7	0	1	4	4	3	1	3	7	3	5	7	8	3	12	5	4	11	6	431	9	15	4	9	5	2	7	9	3	4	538	8	9	8	11	7	2	4	12	6	15	522	4	4	8	3	5	2	2	5	4	5	4	15	4	15	7	5	1	4	8	7	6	12	2	11	6	9	2	5	2	6	6	6	7	6	7	9	5	616	3	11	9	4	2	7	7	7	9	2	3	6	8	1	2	4	3	3	5	9	8	8	10	539	3	7	2	4	4	4	2	5	8	5	6	8	4	7	6	9	11	1014	6	6	5	8	5	466	9	11	5	21	4	9	5	582	7	1	1	5	7	3	2	6	790	1	1	2	8	3	5	1	41	11	4	10	8	3	13	3	3	13	7	11	8	3	10	1	7	10	2	4	5	0	5	4	10	6	4	1	4	9	3	8	3	10	0	10	2	1	4	4	6	6	3	570	2	12	1	9	0	6	4	1	13	4	9	8	8	5	3	8	7	7	7	8	2	5	8	2	16	5	2	11	4	3	3	800	3	16	4	12	880	4	8	7	1	5	13	4	4	10	4	2	12	3	5	2	3	4	6	7	0	6	2	5	4	10	11	6	5	12	4	1	311	10	7	6	0	3	8	5	6	12	2	4	17	1	8	1	118	12	147	9	7	11	11	4	7	2	5	10	6	1	9	6	6	3	2	7	2	4	9	4	6	1
2:Ins:R:5	1391	262	933	1794	19	1090	612	52	29	12	603	34	59	34	39	20	123	16	29	26	647	47	37	63	13	99	18	44	7	8	17	197	20	15	18	23	21	10	28	18	7	43	23	3	26	1	6	154	15	21	37	10	6	21	9	13	7	7	26	9	30	48	52	26	33	45	48	40	39	67	42	62	63	26	33	35	29	65	52	23	7	29	56	20	50	1193	71	34	25	23	40	37	32	24	53	28	43	30	37	32	17	40	33	62	39	40	85	22	27	24	41	33	62	82	69	47	58	37	517	33	30	64	36	3595	40	17	32	30	16	11	58	48	14	10	24	24	35	42	70	30	81	33	30	34	18	2022	64	37	18	32	17	18	28	25	30	45	56	73	2719	42	87	37	16	50	48	13	41	48	78	28	38	27	39	46	37	66	5	28	29	23	28	18	50	31	30	15	50	14	54	24	16	2492	33	40	20	65	39	58	45	43	12	56	55	30	37	43	66	49	20	65	2756	63	55	43	45	48	30	32	26	47	82	45	47	31	17	31	38	24	48	23	29	44	33	34	35	75	78	45	44	16	12	60	40	16	41	27	1278	23	138	28	25	48	32	28	18	31	31	19	41	40	3329	2342	38	16	1485	23	35	43	22	35	61	81	78	35	31	43	13	12	78	3034	38	57	44	50	31	21	21	36	44	19	852	67	20	5374	70	37	37	23	1398	24	26	3725	3296	35	23	19	22	35	41	41	31	30	63	39	30	19	40	58	100	100	13	31	2230	42	71	37	36	45	26	34	27	43	23	43	45	44	28	46	36	31	44	38	33	35	25	33	56	1	8	38	32	24	13	17	37	9	30	42	40	21	72	40	42	61	31	1730	40	47	23	101	46	43	47	51	14	40	2166	48	75	45	54	24	9	27	56	41	106	1992	24	33	33	23	18	9	12	33	30	31	41	93	22	40	43	26	11	13	60	38	53	71	51	98	26	49	38	36	27	33	36	44	56	31	24	34	38	1388	4	35	52	28	14	34	31	45	70	18	42	49	78	27	24	35	25	21	40	62	41	59	42	1913	15	18	39	6	52	41	21	44	45	42	47	64	27	34	45	38	66	2963	49	43	7	35	27	2066	53	47	22	70	23	58	47	1984	37	9	8	28	28	8	7	57	2732	19	8	22	56	18	34	20	131	82	37	29	57	11	59	24	51	66	31	37	49	39	53	13	57	46	39	27	23	8	23	16	39	39	44	15	22	35	36	55	29	58	33	52	40	8	14	25	51	21	30	2315	22	53	11	34	14	47	69	3	70	15	41	32	57	28	46	51	58	78	46	19	27	43	44	13	64	54	30	49	21	23	28	2877	29	87	47	66	3275	42	52	44	8	54	56	31	30	58	19	6	61	37	34	44	14	31	40	62	4	63	15	37	22	54	53	42	20	44	17	26	860	51	37	40	4	46	41	29	57	130	28	17	104	21	30	7	336	65	442	30	62	53	55	32	22	27	43	42	42	2	35	24	29	16	17	44	8	56	72	38	36	13
3:Ins:R:0	7	10	7	7	0	6	0	2	0	2	0	4	2	3	2	0	3	4	3	2	2	1	0	6	3	0	1	1	0	1	1	7	3	1	0	1	2	0	3	2	1	1	3	0	6	1	2	12	5	3	3	2	1	1	3	0	1	0	1	8	9	9	15	1	7	10	8	3	8	8	16	5	5	8	2	4	7	6	9	16	2	13	10	2	11	22	13	15	4	4	6	41	0	17	9	5	9	10	21	9	20	8	10	12	6	4	20	3	7	6	12	3	15	10	17	16	9	2	28	14	4	10	9	85	17	17	5	13	7	0	5	7	10	6	9	8	5	6	22	15	29	5	6	10	1	82	14	6	2	5	1	7	6	1	5	3	6	14	93	14	16	15	13	10	8	5	10	12	16	1	6	18	14	10	10	4	2	6	5	2	3	5	18	3	6	8	19	4	11	7	11	105	4	12	0	14	8	7	3	14	4	16	6	7	11	4	12	17	4	16	91	11	8	8	9	16	14	17	10	6	11	5	13	9	2	1	7	6	5	13	20	5	5	14	11	23	12	17	13	4	15	5	21	1	7	8	31	2	11	16	12	19	2	3	5	7	11	7	20	12	145	43	6	8	38	1	7	8	7	5	23	20	9	10	6	3	4	4	10	169	1	13	11	22	4	2	8	14	12	3	10	7	8	154	14	10	13	2	49	6	13	114	101	4	11	3	5	15	9	12	4	7	7	11	6	10	6	18	11	6	3	12	81	9	11	6	5	4	5	7	3	15	10	7	13	8	3	10	2	30	13	14	4	6	22	7	9	1	1	4	7	6	8	7	8	10	6	10	23	3	15	2	4	14	7	81	12	14	11	11	1	5	12	12	6	11	42	8	12	5	13	2	8	3	10	7	41	43	12	2	14	9	3	1	18	7	3	7	3	22	4	6	9	5	2	6	5	13	20	10	7	17	9	18	8	4	11	7	10	21	6	11	6	6	18	93	2	5	5	3	3	6	11	10	12	0	18	19	7	6	12	9	2	4	6	15	3	8	6	55	6	8	13	9	11	7	6	3	2	8	9	8	4	13	7	11	6	166	16	7	10	4	5	44	13	10	1	27	12	21	5	73	7	6	1	4	9	9	1	6	102	7	3	7	5	7	8	16	46	7	4	5	9	1	11	6	6	13	10	7	7	7	9	6	12	7	9	11	9	5	3	7	18	13	6	7	13	7	11	7	5	8	1	17	6	3	6	9	20	15	5	54	6	12	3	5	6	8	10	1	12	16	23	12	21	8	10	6	11	24	7	8	7	7	12	9	7	10	6	14	5	7	12	85	4	12	4	14	91	16	8	3	0	5	8	18	8	12	11	5	7	4	10	6	6	3	4	5	2	8	3	17	22	18	9	7	2	8	5	9	54	4	4	7	2	9	8	3	20	7	7	7	11	17	4	5	99	13	52	17	6	17	25	4	9	7	4	14	4	0	4	8	8	6	3	19	0	6	11	7	15	7
3:Ins:R:1	0	9	16	9	1	5	4	5	3	3	5	5	5	3	4	5	4	4	7	7	5	6	7	4	3	0	5	8	4	4	1	7	4	4	2	1	29	2	3	6	3	6	3	2	5	1	0	4	3	7	10	0	2	4	4	6	2	1	2	5	5	5	4	2	4	8	4	8	2	9	3	9	2	3	2	6	1	2	1	4	1	4	12	2	5	9	4	4	0	4	2	8	3	7	3	2	0	11	3	3	4	7	3	8	3	14	8	6	3	4	2	2	2	9	4	3	8	7	4	4	1	5	2	8	8	2	2	3	2	3	7	3	3	4	4	3	7	5	4	2	8	4	1	2	2	18	3	1	4	1	1	3	6	4	1	3	6	10	18	4	8	3	4	3	11	1	5	13	3	3	4	6	5	6	4	4	3	2	2	0	2	4	8	5	2	5	3	6	5	2	2	17	3	4	0	7	5	6	4	7	0	5	4	2	4	3	3	5	2	4	6	11	2	3	0	5	10	4	4	4	4	7	3	1	0	0	1	5	8	9	8	4	3	1	5	9	10	1	4	7	5	3	6	0	4	3	9	2	7	1	3	12	2	2	5	1	9	1	1	4	36	5	1	3	8	3	3	2	5	4	8	6	7	3	5	1	3	3	7	17	1	3	8	6	4	2	1	2	8	2	5	7	4	21	3	9	2	2	13	2	2	25	18	4	3	5	3	4	2	5	11	2	3	1	4	2	1	5	9	4	0	9	20	1	3	6	4	6	0	6	8	6	4	2	6	6	0	2	5	7	5	1	3	3	8	2	17	2	0	8	4	7	2	4	3	4	1	6	5	0	8	2	5	9	3	19	2	2	5	5	5	4	8	2	2	6	16	5	6	7	7	3	4	3	4	6	7	7	5	4	11	2	2	0	2	6	1	6	1	8	2	7	4	5	4	4	3	9	7	9	6	12	6	3	0	6	1	6	14	6	1	4	3	11	6	20	0	3	4	0	2	1	2	4	7	3	5	3	7	2	13	2	1	3	1	7	0	2	5	15	0	5	2	8	3	2	2	2	6	2	9	6	5	8	2	2	4	20	6	1	0	6	4	7	15	5	2	5	3	5	5	13	2	4	1	3	7	2	2	2	12	2	0	5	4	8	4	1	5	2	6	5	2	2	9	0	3	16	5	3	5	3	4	6	6	3	5	2	4	0	1	5	6	6	4	6	3	2	4	0	5	3	0	12	3	1	2	8	8	3	6	11	4	4	0	3	1	7	2	1	5	3	6	7	8	3	5	2	5	6	4	4	3	4	2	1	2	4	3	3	3	6	3	16	0	5	3	4	31	3	9	3	2	2	2	7	3	1	4	2	1	6	5	6	2	2	6	4	0	11	4	2	9	9	2	2	4	5	0	2	17	6	6	4	2	5	2	2	2	13	2	0	4	2	5	2	9	4	10	3	9	8	9	2	8	1	8	2	3	3	12	1	3	1	2	5	2	9	6	4	3	1
3:Ins:R:2	12	0	4	16	0	12	5	0	0	1	4	4	1	0	0	0	1	2	1	3	8	1	0	1	0	0	1	0	0	0	1	0	1	0	0	4	3	0	1	2	0	0	1	0	2	0	0	2	1	1	2	1	1	2	0	0	0	0	0	0	1	2	1	0	2	1	0	0	0	4	2	1	1	2	2	2	1	1	0	1	1	1	2	0	2	4	3	1	1	2	4	1	2	0	2	1	2	0	1	0	3	1	0	4	2	0	3	0	1	1	2	0	1	3	3	0	3	1	8	1	2	2	2	27	0	1	0	0	0	0	1	2	1	1	4	1	0	1	1	2	2	2	2	1	0	17	1	1	0	1	2	2	0	2	0	2	0	1	19	0	2	2	0	1	5	1	1	3	3	0	0	2	0	2	1	0	1	1	0	0	2	0	2	2	1	2	6	1	1	0	2	33	1	1	0	1	1	2	1	0	0	2	1	0	4	1	2	1	0	1	43	1	1	1	1	2	2	1	0	2	2	2	1	0	0	0	0	0	2	0	2	2	0	1	1	3	1	2	2	1	0	0	1	0	1	2	11	0	2	0	3	1	1	0	0	0	1	0	1	0	45	17	1	0	7	0	1	1	1	0	1	2	1	1	4	0	1	0	2	33	1	2	2	0	0	0	1	0	0	1	6	1	0	97	2	0	2	0	10	1	4	51	36	2	0	1	1	4	3	0	5	0	2	1	2	1	2	3	1	3	1	1	21	4	1	1	2	3	3	1	1	2	1	1	2	0	0	1	1	2	0	5	3	3	1	2	2	0	0	0	1	1	1	1	0	2	0	3	2	0	1	2	1	0	0	15	1	0	3	0	3	0	1	2	1	0	8	3	1	2	2	0	0	1	1	0	1	15	1	2	1	3	0	1	2	2	1	0	2	3	1	3	2	0	2	2	1	2	1	1	2	0	0	6	2	1	0	1	0	0	1	1	2	3	0	29	1	0	1	0	0	2	0	1	0	1	3	2	0	0	2	0	0	0	0	1	3	2	1	11	1	0	0	2	1	0	0	0	0	0	2	1	1	3	1	1	1	37	1	0	0	0	0	11	2	1	1	0	1	3	1	15	1	0	0	1	0	0	1	2	31	0	0	1	0	4	1	0	0	1	0	1	0	0	0	0	0	4	4	0	3	2	1	0	2	1	2	1	2	0	1	0	0	0	2	2	4	0	1	0	0	1	0	2	0	0	0	1	2	0	1	9	0	0	0	0	0	4	0	0	3	1	1	0	2	0	0	2	1	2	1	4	0	1	1	0	1	2	1	3	0	0	2	31	1	2	1	2	49	0	3	1	0	1	1	0	0	2	0	0	1	2	0	1	0	0	0	4	0	0	2	2	0	3	1	0	2	1	0	2	13	3	1	1	0	1	1	1	2	1	0	0	1	0	1	0	2	3	8	1	2	1	1	1	0	0	0	1	0	1	4	1	3	2	0	3	0	0	0	0	1	1
3:Ins:R:3	5	1	6	13	0	9	4	0	0	0	6	0	0	0	1	0	1	0	0	0	6	1	0	0	1	1	0	0	1	0	1	0	0	0	0	0	1	0	0	0	0	2	0	0	1	0	1	0	1	0	1	0	0	1	0	0	0	0	0	0	1	0	1	0	0	0	0	0	0	0	1	0	1	1	0	1	0	0	1	0	1	0	0	1	0	2	1	0	0	0	0	1	0	1	0	0	1	0	2	1	0	0	0	0	0	0	1	1	0	0	0	0	2	0	0	0	1	1	3	2	0	0	0	23	1	2	1	0	0	0	0	0	1	0	0	0	0	1	1	0	2	0	0	1	0	16	0	0	0	0	0	2	0	2	0	2	1	0	10	0	1	0	0	0	0	0	1	1	1	0	0	1	0	0	0	1	0	0	0	0	0	0	1	0	0	0	0	2	1	0	0	24	2	0	0	0	0	0	0	1	0	0	0	0	1	0	0	0	0	1	25	1	0	0	0	0	0	0	1	2	0	0	0	0	0	0	0	0	1	0	0	0	1	0	0	1	1	0	0	0	0	1	1	0	0	0	3	0	1	0	0	2	0	0	1	0	0	0	0	0	37	13	0	0	4	0	0	0	0	1	0	2	0	1	1	0	0	0	2	26	0	0	0	0	0	0	0	0	1	0	3	1	0	111	0	0	0	0	7	0	1	41	21	0	0	0	0	1	0	0	0	0	0	1	0	0	0	0	1	1	0	0	17	2	0	0	0	0	0	0	0	0	0	0	0	0	1	1	0	1	0	1	0	0	0	1	1	0	1	0	1	0	1	0	0	0	0	0	0	1	0	0	0	0	1	13	0	0	0	1	0	0	0	0	0	1	10	0	2	1	1	0	0	1	0	0	0	9	1	1	1	2	1	0	0	0	1	0	0	1	0	0	0	0	0	0	0	0	0	0	1	4	0	0	0	0	0	0	0	0	0	0	1	0	1	25	0	0	0	0	0	0	0	0	0	0	0	1	0	0	0	0	0	1	0	0	0	0	1	11	0	0	0	0	0	1	0	0	0	0	1	1	0	0	0	1	0	27	0	1	0	0	1	11	2	0	0	1	0	0	0	12	1	1	0	1	1	1	0	0	25	0	1	0	0	0	0	0	0	1	0	0	0	0	0	1	0	0	0	0	0	0	0	0	0	1	0	1	2	0	0	0	1	1	0	0	0	0	1	0	0	2	0	1	0	0	0	0	1	0	0	15	0	0	0	0	0	0	0	0	1	0	0	0	0	0	1	0	0	2	0	1	0	1	1	0	1	1	0	0	0	1	0	20	1	2	0	1	23	0	0	0	0	2	0	1	0	0	0	0	0	0	1	1	0	0	0	1	0	0	0	0	0	0	0	1	0	0	0	0	10	1	0	0	0	0	1	0	1	0	0	0	0	0	0	0	2	0	4	0	0	0	2	0	0	0	1	0	0	0	2	0	0	0	0	0	0	0	0	0	0	0
3:Ins:R:4	28	3	17	18	0	19	16	2	0	0	9	1	0	1	1	1	0	0	0	0	6	1	1	0	0	1	1	1	0	1	0	1	0	0	1	0	0	0	1	0	2	2	1	0	1	0	0	1	1	0	2	0	0	1	0	0	0	0	0	3	0	0	0	1	1	1	5	0	1	1	1	1	0	0	0	1	0	0	1	0	1	0	1	0	0	15	1	1	1	0	1	1	0	1	0	2	0	1	1	0	2	2	1	3	0	0	2	0	1	0	1	1	1	4	0	2	2	0	3	0	2	0	1	57	2	1	0	0	2	0	0	0	1	0	0	0	0	0	0	0	0	1	0	0	1	25	0	1	0	0	0	1	0	0	1	0	2	3	28	1	1	2	0	0	0	2	1	1	1	0	1	1	2	1	0	0	2	0	0	0	0	0	2	1	0	3	2	1	0	1	0	20	1	0	1	2	0	0	0	2	0	0	0	0	0	0	0	1	0	1	26	1	2	1	0	1	1	1	0	0	1	1	2	1	1	0	0	0	1	2	1	0	1	1	0	2	1	1	1	0	2	0	1	0	0	0	5	0	0	1	0	3	0	0	1	0	0	1	0	0	29	25	2	1	19	0	1	1	0	1	2	1	0	0	2	1	0	0	2	55	0	1	0	2	1	0	0	1	2	1	8	1	0	72	1	2	1	1	22	1	0	40	27	0	0	0	1	3	0	0	4	0	1	4	0	0	0	0	0	1	0	0	29	1	0	1	0	1	0	0	0	2	0	1	1	2	0	0	0	1	1	2	1	2	0	2	2	0	0	0	0	0	0	1	0	0	0	1	0	0	0	1	3	0	1	27	0	1	1	0	0	0	1	1	0	1	26	0	1	0	2	0	0	0	0	1	1	18	2	1	0	2	1	1	1	1	0	1	0	2	1	2	1	1	0	0	3	3	5	0	1	2	0	0	0	0	1	1	1	2	2	3	1	3	4	10	0	2	0	0	0	2	2	0	1	0	1	1	2	0	2	3	0	0	1	5	0	0	0	26	0	1	1	0	0	0	0	0	0	0	1	0	1	0	1	2	1	54	3	0	0	1	1	16	0	1	0	3	1	5	1	21	0	0	0	1	1	0	0	1	36	0	0	1	1	0	0	2	0	1	0	0	0	0	2	0	1	3	0	1	0	1	0	0	1	0	0	0	2	0	1	0	0	2	2	0	1	1	2	2	0	0	0	0	5	0	1	0	0	0	1	24	0	0	0	1	0	1	0	0	0	3	0	1	0	2	0	1	0	2	0	1	0	0	0	0	3	0	0	1	1	0	0	28	0	0	0	3	35	2	0	1	0	2	1	2	3	3	3	0	2	0	2	0	0	0	1	1	0	2	1	1	2	2	0	3	0	1	2	0	4	0	0	0	0	1	0	0	0	1	1	0	1	0	0	0	2	0	0	1	0	1	2	0	0	1	0	1	0	0	0	0	1	0	1	1	0	0	1	0	2	2
3:Ins:R:5	145	12	89	179	3	134	69	5	1	0	53	4	2	4	1	1	1	1	2	5	65	5	6	3	1	11	0	3	3	1	3	10	0	5	2	1	5	1	2	5	1	5	1	0	4	0	0	3	2	2	1	0	1	2	3	1	2	2	0	9	2	4	6	3	2	4	4	3	1	5	6	3	4	2	0	2	3	3	5	7	1	6	4	0	7	76	5	5	4	6	3	11	2	5	5	5	3	7	5	0	0	1	6	4	0	0	4	2	2	2	5	0	4	7	7	5	5	1	36	5	1	5	4	271	3	3	5	3	2	0	10	3	0	0	5	2	1	2	8	6	4	1	2	5	1	198	10	0	3	0	3	5	5	3	1	8	3	16	186	5	3	3	2	7	6	1	5	3	6	1	4	6	4	8	5	5	0	1	0	0	1	0	3	3	3	5	2	2	3	0	1	217	2	4	2	7	5	5	3	5	2	8	8	1	1	2	6	5	2	3	218	6	7	2	2	2	4	4	2	3	6	4	7	3	2	1	3	0	4	0	5	5	3	3	2	9	2	2	5	1	2	2	3	0	2	2	52	1	8	4	3	4	2	2	0	0	3	5	4	4	221	158	6	2	105	0	4	2	2	3	4	6	3	2	5	2	0	3	8	321	1	5	9	4	1	1	1	3	4	0	55	5	1	496	7	7	4	0	130	1	1	308	275	2	5	2	0	3	3	2	4	3	2	1	5	0	3	2	9	6	0	6	231	8	3	4	3	0	3	1	4	2	3	2	6	4	0	0	3	10	6	2	4	3	6	5	5	0	2	6	1	4	2	1	1	0	3	4	5	1	7	3	1	4	5	162	1	4	3	6	3	4	5	4	2	7	142	7	7	1	5	2	3	5	4	5	14	168	5	2	3	4	1	0	0	2	1	4	1	4	0	3	4	1	0	2	5	5	7	9	3	6	5	6	2	0	2	1	2	7	4	5	1	2	7	50	2	3	4	2	1	6	1	1	5	1	0	3	7	1	2	3	1	3	2	9	2	9	4	116	5	2	4	0	1	2	2	3	7	0	5	5	6	7	3	4	5	326	9	0	1	1	2	133	2	2	0	2	5	10	4	177	1	4	2	1	2	3	0	3	265	0	0	1	2	0	0	1	6	4	3	2	1	0	7	1	3	7	0	0	4	1	0	1	2	7	2	2	3	1	1	2	6	5	3	1	3	2	6	7	1	2	0	4	4	1	1	0	3	2	2	154	1	6	0	3	0	3	4	0	6	1	1	2	12	4	2	6	2	5	4	6	3	0	1	2	8	5	4	5	2	1	2	247	3	9	3	8	266	2	5	0	0	5	7	6	1	5	2	0	5	3	4	2	0	2	3	5	0	4	1	5	3	5	1	2	0	6	1	6	42	2	4	2	0	2	3	7	2	15	6	4	18	0	2	0	8	8	24	1	4	4	9	1	3	3	1	7	4	0	2	1	7	2	3	6	1	7	3	3	6	2
4:Ins:R:0	9	8	10	19	2	8	3	7	2	0	3	1	11	1	4	2	16	3	3	4	1	0	4	5	4	1	0	11	0	0	2	24	3	1	2	2	4	1	3	2	1	1	0	2	2	2	0	37	2	0	0	0	1	1	1	0	1	0	2	10	17	19	19	6	10	16	18	10	18	18	25	24	13	10	7	15	12	12	11	20	4	40	23	3	20	51	27	28	13	8	11	51	14	21	22	13	26	18	22	14	35	16	16	13	13	10	17	5	9	13	16	5	17	10	37	19	13	13	81	21	13	7	13	189	24	21	6	18	11	2	21	20	9	12	20	9	11	9	45	15	33	11	5	17	8	191	14	10	10	5	5	10	19	0	15	11	8	28	190	13	16	13	15	13	17	6	20	17	14	3	11	14	13	11	13	9	4	12	7	5	10	3	21	6	8	13	44	7	6	9	9	319	16	23	8	22	14	11	8	10	11	25	14	8	12	9	19	35	8	14	261	29	13	9	15	22	16	24	10	14	12	6	21	12	7	3	14	14	11	23	23	13	17	27	5	38	21	18	15	11	22	9	31	3	12	14	53	5	13	33	14	44	6	3	4	11	12	3	17	12	431	130	14	8	69	4	16	23	17	8	20	34	15	14	24	11	7	6	27	318	6	19	29	29	7	4	15	15	16	5	28	37	9	430	30	18	23	9	108	4	14	374	317	12	11	8	11	49	16	24	8	8	17	16	6	15	2	22	20	16	5	23	196	18	25	8	9	15	7	9	15	21	20	9	21	11	8	12	7	35	20	28	7	19	23	26	13	4	4	8	17	16	9	15	10	17	4	11	23	9	28	10	7	14	18	209	21	17	13	15	14	11	14	16	16	23	76	14	26	12	15	6	10	12	19	16	50	140	11	14	22	17	11	7	22	13	7	15	6	27	8	9	16	7	5	5	10	20	38	22	15	40	11	31	14	6	17	12	41	30	14	14	11	18	21	347	3	8	3	5	4	20	12	27	16	5	21	16	25	7	25	13	6	9	7	48	13	14	5	83	12	6	10	11	11	12	10	14	14	9	13	16	20	20	13	12	17	296	21	6	13	3	9	126	21	19	1	26	17	38	22	223	21	15	8	5	22	5	1	10	235	3	8	5	9	10	18	20	236	13	9	10	12	3	21	13	13	20	6	9	15	5	11	13	33	25	13	17	5	2	7	13	41	21	17	6	20	11	25	19	11	7	3	18	12	3	7	19	24	27	9	129	9	12	2	8	3	17	19	5	37	23	29	15	24	14	7	11	14	41	7	6	10	18	20	3	18	19	7	21	12	9	14	263	9	35	11	22	360	19	18	5	4	10	13	26	11	22	9	9	20	11	20	11	3	14	7	7	5	17	1	23	38	18	29	17	4	8	11	8	214	15	13	20	2	11	8	8	16	11	14	10	23	7	17	4	313	27	291	16	13	27	30	5	8	17	11	20	13	1	6	11	19	4	3	26	2	9	29	21	21	12
4:Ins:R:1	2	0	14	16	1	11	11	4	1	5	4	7	2	4	4	1	4	6	4	7	2	5	2	4	1	1	1	3	3	2	2	3	7	1	1	3	26	1	5	0	3	11	5	1	5	3	6	5	5	5	3	2	1	5	4	4	0	0	6	6	0	4	6	0	2	6	3	4	5	4	5	7	6	1	7	6	2	3	6	6	4	4	4	3	12	16	7	7	2	10	4	6	5	8	7	1	6	6	5	7	2	3	10	4	5	11	4	3	0	3	5	6	5	11	8	4	7	3	9	7	3	5	5	23	5	9	7	0	4	1	9	5	3	3	5	2	6	3	5	5	10	8	3	4	1	27	5	1	1	2	1	2	3	3	5	3	8	23	22	6	6	7	5	3	8	1	6	24	8	4	5	3	5	6	6	10	1	4	5	3	4	7	9	7	5	0	10	6	7	0	2	42	1	4	1	4	5	5	4	6	4	7	5	4	3	2	5	7	1	5	27	15	9	4	4	4	2	6	1	10	5	1	6	6	3	3	2	4	7	3	6	3	1	5	3	9	5	4	3	2	8	5	3	4	2	6	6	0	14	2	8	8	3	1	2	4	2	2	6	1	61	14	7	4	14	1	4	5	5	1	8	11	11	6	4	4	3	1	9	58	3	6	10	7	6	3	4	4	6	2	5	3	2	54	9	11	5	2	20	2	3	74	45	2	5	4	3	5	4	6	18	3	7	3	3	0	2	5	12	11	0	4	32	7	7	8	6	3	1	3	6	6	1	4	4	4	5	6	7	5	3	8	3	7	8	12	14	0	4	2	5	5	3	4	5	1	8	5	7	3	6	5	3	10	9	44	8	8	5	4	1	3	5	5	1	3	11	4	5	5	5	4	1	6	10	4	13	24	2	2	6	5	3	2	2	5	1	5	2	5	3	10	10	2	1	2	1	14	6	9	5	12	5	6	3	2	5	10	5	10	3	3	7	10	4	92	1	2	2	1	2	6	8	2	2	3	8	5	1	0	4	5	3	1	4	7	0	4	4	11	4	3	3	12	5	3	5	4	13	5	4	6	3	6	6	6	10	62	7	1	0	2	2	21	13	5	3	3	5	13	7	26	5	3	2	3	6	0	3	4	31	0	3	1	8	5	7	3	11	5	3	5	3	2	7	4	5	5	8	3	9	2	5	2	4	5	3	4	2	1	3	7	9	1	4	1	6	2	5	7	4	5	1	2	3	2	6	7	5	2	5	26	3	5	2	2	3	7	6	1	9	3	8	6	8	4	6	4	7	4	3	6	5	2	7	2	5	12	2	4	1	5	5	34	10	12	2	5	32	6	19	4	1	6	4	10	6	3	4	2	7	3	5	2	2	3	7	8	1	8	3	7	12	5	6	5	6	9	6	3	57	13	6	5	2	7	6	4	8	10	3	1	10	1	8	0	11	8	29	7	6	6	7	3	6	4	10	3	3	3	5	1	4	2	1	11	1	3	7	1	10	2
4:Ins:R:2	12	2	2	16	1	4	3	3	0	0	6	0	0	0	0	0	0	1	0	0	2	2	0	1	0	0	2	0	0	0	0	1	0	0	0	0	2	1	0	1	0	1	1	0	0	0	0	1	0	0	0	0	0	0	0	0	0	0	0	0	1	1	0	1	1	0	3	0	1	0	1	1	3	0	0	0	1	1	1	0	1	2	1	0	1	9	1	1	2	0	1	2	1	0	2	0	0	0	0	0	0	1	2	1	0	4	3	0	1	1	2	0	1	1	1	3	1	3	3	0	1	2	0	38	0	0	0	0	1	0	1	1	0	1	2	0	0	1	1	0	1	0	1	1	1	25	1	0	0	0	0	0	1	1	2	1	3	1	22	3	1	3	0	3	1	0	0	1	0	1	0	1	0	1	1	3	0	1	0	0	1	0	1	3	0	0	1	0	2	0	1	50	2	2	0	0	1	2	1	2	0	2	1	1	1	0	1	1	1	0	48	2	0	1	1	0	0	0	0	1	0	1	1	0	1	0	1	1	2	2	0	1	2	0	0	1	0	1	1	1	1	0	0	0	1	0	9	0	0	2	1	1	2	0	2	0	0	0	1	0	62	25	0	1	11	1	2	1	1	0	1	2	1	2	5	0	0	0	4	59	1	2	1	2	0	0	1	2	1	1	4	1	0	92	2	2	1	0	20	1	2	82	49	1	0	1	0	1	2	2	2	1	0	2	1	1	0	0	1	1	1	1	34	6	1	0	0	0	1	1	0	1	0	1	2	1	3	1	0	3	1	1	1	0	0	1	3	0	0	0	1	0	0	1	1	1	1	2	0	2	1	0	1	0	1	41	5	0	1	2	2	1	0	0	0	0	21	1	3	0	3	0	0	1	0	0	5	22	0	0	2	0	0	0	1	0	0	1	0	2	1	0	3	0	0	0	0	2	1	0	1	2	2	0	1	2	1	0	0	0	0	1	2	3	1	60	0	1	1	0	0	0	0	0	1	1	3	3	0	0	4	1	1	0	1	3	1	0	0	14	1	0	1	0	3	1	1	0	0	0	1	2	1	2	0	1	0	61	1	0	0	1	2	19	1	1	0	0	1	2	2	27	1	1	0	1	0	1	0	1	39	0	1	0	1	2	1	0	4	2	3	0	0	0	1	0	2	1	2	3	0	2	0	2	0	1	0	1	0	1	2	1	0	0	1	1	1	1	1	0	1	1	0	2	3	0	0	4	1	0	1	29	1	2	0	2	0	1	1	0	3	0	0	1	1	1	0	3	1	2	1	1	0	0	4	0	2	0	1	3	0	0	0	42	0	0	1	2	60	1	3	1	1	0	0	0	1	0	2	0	1	2	0	0	0	1	1	2	0	2	0	0	1	1	0	0	0	0	0	0	39	0	1	0	0	2	0	0	1	2	1	0	1	0	1	0	1	1	26	1	0	4	0	0	0	0	0	0	1	0	2	0	1	1	0	2	0	2	0	0	2	0
4:Ins:R:3	29	4	11	31	0	12	5	1	0	0	8	0	0	0	1	0	1	0	0	0	11	0	1	3	0	0	0	0	0	0	0	0	0	0	0	0	0	0	0	0	0	0	0	0	3	0	0	1	0	0	0	0	0	1	1	1	0	0	1	2	2	2	3	0	1	2	0	1	1	1	2	1	0	0	1	1	1	0	0	1	0	1	3	0	0	18	1	2	1	0	0	0	0	1	0	0	1	0	1	1	0	2	2	1	0	2	1	2	0	1	0	2	2	3	1	1	1	0	8	1	2	0	2	98	0	1	1	0	0	1	0	1	0	2	3	0	0	0	2	2	0	3	0	0	2	51	2	0	1	0	0	1	1	2	0	0	0	4	61	0	2	2	0	4	2	0	2	0	1	2	2	2	0	1	0	2	0	2	0	3	0	0	2	1	0	0	0	1	1	0	1	81	0	0	0	1	1	2	0	2	1	1	1	0	0	1	1	4	0	2	67	2	2	1	2	2	2	1	2	1	2	2	1	2	1	0	3	0	0	1	0	1	0	0	0	3	1	0	0	1	0	2	0	0	1	0	38	1	6	0	2	2	0	1	0	0	1	1	4	3	138	50	1	0	30	1	0	2	1	1	0	1	2	1	0	0	0	0	3	106	0	1	0	2	1	0	0	1	2	0	22	1	0	245	3	3	0	1	31	0	0	114	123	1	1	0	0	3	0	1	1	2	2	0	1	1	1	0	1	0	0	1	68	2	1	0	4	0	2	0	3	0	1	2	1	0	0	0	0	0	2	0	1	2	0	2	0	0	0	3	0	1	0	1	0	0	1	1	1	0	3	1	0	3	1	55	3	0	2	2	1	0	0	1	0	1	41	0	1	0	3	1	0	1	4	1	3	46	3	1	0	0	0	0	0	0	0	0	0	2	0	2	2	0	0	0	1	1	1	0	1	4	2	0	0	0	0	0	1	1	1	1	3	1	0	44	0	0	0	1	0	0	1	0	0	0	2	2	1	0	0	0	1	0	0	1	0	0	0	29	1	1	2	1	2	1	1	0	0	0	2	2	0	3	0	0	3	99	1	1	0	0	1	48	1	2	0	0	1	0	1	53	1	0	0	1	0	0	0	0	88	0	0	2	3	0	1	0	2	2	1	0	2	0	0	0	0	1	1	1	0	1	0	0	3	0	0	1	0	0	0	0	2	1	1	1	0	0	3	6	0	0	0	0	0	0	0	1	0	1	0	49	0	2	1	0	0	2	0	0	2	0	2	0	3	0	0	0	1	1	0	0	1	1	3	0	1	1	1	3	1	3	0	90	0	1	2	2	118	2	1	0	0	0	0	1	0	2	0	0	1	0	1	0	0	2	0	0	0	1	0	1	2	3	1	2	1	1	0	1	38	0	1	1	1	0	0	0	0	2	0	0	1	0	2	0	4	1	12	5	1	0	1	0	0	1	2	1	0	0	2	0	0	1	0	1	0	1	5	0	3	0
4:Ins:R:4	12	4	13	18	1	19	7	1	1	1	11	2	0	0	2	0	1	2	2	2	5	0	0	2	0	1	0	2	0	2	1	1	0	1	1	1	0	1	0	2	0	2	2	0	1	0	1	2	1	1	1	0	1	2	0	0	1	0	0	2	2	1	0	0	1	2	4	1	1	2	3	1	0	2	1	1	0	3	0	2	0	1	1	1	2	21	3	2	2	1	3	4	1	2	1	1	0	0	6	1	0	0	2	1	0	3	6	0	4	4	2	0	0	2	5	3	1	1	13	2	1	2	0	90	2	3	1	0	0	1	4	3	0	2	1	0	2	2	7	3	1	1	2	6	0	64	5	2	0	3	0	1	1	1	5	0	2	1	93	2	1	1	0	0	0	1	2	4	1	1	0	0	1	1	1	3	2	0	1	0	0	0	2	1	1	1	0	0	3	0	0	98	2	0	2	1	1	3	0	2	0	5	1	1	1	1	5	0	3	1	81	1	3	1	0	2	2	2	2	4	1	2	2	2	0	0	2	1	2	2	0	1	0	3	1	4	2	1	1	1	1	1	3	1	1	0	20	1	6	2	2	7	1	2	0	0	2	0	1	1	139	72	1	2	36	1	4	1	3	1	4	1	1	9	5	2	0	0	1	133	1	2	2	2	1	1	1	1	4	0	22	3	1	281	2	0	0	0	41	1	0	146	148	2	1	1	0	4	3	2	0	3	4	1	3	0	0	6	2	2	0	1	103	0	1	8	1	1	1	4	0	2	2	2	1	2	3	0	0	2	1	0	0	1	5	0	2	0	1	1	2	1	2	1	3	2	0	1	4	1	2	1	1	1	2	53	5	0	1	2	1	2	1	2	1	2	59	5	3	1	2	1	1	1	1	1	6	64	0	1	1	0	1	0	0	0	1	1	1	7	0	1	1	2	1	1	3	3	4	3	1	4	1	6	0	0	1	0	3	0	6	3	0	0	3	50	0	1	1	1	0	0	0	1	5	0	1	1	0	1	3	6	1	0	0	4	1	1	3	50	0	0	1	0	0	4	0	3	1	1	2	3	4	4	4	3	2	131	2	2	1	0	2	58	2	2	0	0	0	4	2	76	3	1	0	1	0	0	0	2	93	1	1	0	4	1	1	2	1	1	0	3	1	0	2	0	2	4	1	2	2	2	2	2	2	3	1	1	2	0	1	0	1	2	0	0	0	1	2	5	2	1	2	2	4	0	0	1	2	1	1	65	0	4	0	4	1	3	1	0	2	2	3	1	2	2	1	5	1	7	3	1	2	3	5	0	1	2	2	3	0	1	2	96	0	4	0	4	138	2	0	3	1	1	0	5	0	4	3	0	3	3	2	2	3	5	0	1	0	2	1	2	3	3	3	1	0	3	1	3	27	3	1	2	0	3	0	1	3	5	7	0	4	0	0	0	3	0	11	5	3	2	1	1	1	0	1	0	2	1	0	1	1	1	0	3	0	0	2	0	4	1
4:Ins:R:5	20	10	33	60	1	61	22	4	2	0	20	2	0	2	6	4	0	2	3	2	15	2	8	1	1	2	2	0	2	0	1	1	3	1	0	2	2	0	4	1	0	4	1	0	2	1	0	5	3	0	2	0	0	2	1	2	0	1	1	3	4	3	6	2	2	5	3	1	1	3	4	1	3	3	3	3	5	1	3	0	1	8	3	1	3	21	7	5	1	4	2	5	1	3	9	2	3	3	0	1	2	3	3	3	2	2	5	4	2	4	2	1	3	8	9	5	4	1	7	3	3	3	3	73	2	4	2	1	3	2	4	2	1	0	2	1	2	0	6	4	3	5	3	0	2	59	3	2	2	2	0	2	1	3	3	6	12	5	81	1	6	5	1	4	3	1	4	4	4	3	4	2	10	1	3	3	1	1	2	1	3	3	3	1	2	8	4	2	1	1	2	68	3	3	2	7	5	3	3	1	0	4	5	0	5	5	5	2	1	6	48	5	3	6	2	1	6	2	2	8	7	6	4	2	4	0	3	2	3	2	2	1	2	4	1	13	5	3	5	0	4	2	1	0	4	6	18	0	7	4	3	6	4	0	0	1	1	1	3	3	75	60	1	0	30	1	3	1	2	3	5	9	4	3	3	2	2	0	4	117	1	0	12	7	3	3	1	5	5	1	19	11	2	227	7	3	2	1	49	0	1	74	108	2	2	6	2	5	4	5	0	0	1	1	2	1	3	7	3	6	1	2	88	3	10	6	1	2	0	3	4	3	4	1	3	5	1	6	3	3	6	2	4	1	1	0	4	0	0	1	2	3	0	0	1	1	2	1	6	0	6	7	1	1	3	73	5	7	4	4	1	1	5	2	2	4	44	1	5	4	2	1	1	3	4	3	11	60	2	2	2	7	2	0	2	3	2	1	1	7	2	2	6	3	0	0	1	3	3	2	3	13	4	8	0	2	2	0	4	7	6	5	2	3	3	29	1	3	3	3	3	1	1	4	7	0	3	3	4	1	5	0	1	1	2	2	1	1	3	54	3	5	3	0	5	1	2	5	5	6	10	5	4	4	1	2	5	121	4	1	0	1	4	33	4	4	0	2	4	5	6	63	2	3	1	2	6	0	3	3	81	0	2	2	1	3	1	3	7	4	4	2	5	1	3	4	7	6	3	9	5	5	1	0	6	3	3	4	4	2	0	3	4	3	3	3	5	1	1	8	1	2	2	1	4	1	1	1	3	2	1	38	4	4	0	3	0	0	1	0	6	0	4	1	3	4	3	6	7	12	0	2	2	2	6	3	4	4	1	5	0	5	1	76	4	6	2	8	95	1	6	0	1	8	1	0	2	7	4	0	1	0	3	2	0	0	2	2	0	3	1	3	4	4	4	6	1	4	1	1	16	3	1	2	0	2	1	1	2	10	1	1	9	1	4	1	1	9	10	2	5	5	2	3	4	2	5	3	1	1	6	0	4	2	0	4	0	1	6	2	6	1
5:Ins:R:0	12	10	9	34	6	15	5	11	8	2	4	4	22	4	4	0	13	2	1	2	5	3	5	5	3	1	0	15	3	0	1	20	0	0	2	1	8	1	8	1	2	1	3	2	1	4	0	43	1	3	1	2	2	5	3	1	1	0	2	9	43	42	38	23	52	58	60	74	58	38	62	80	52	32	18	29	55	32	42	66	16	68	62	21	69	153	51	66	33	52	57	113	97	42	67	52	77	56	45	26	125	43	45	35	48	52	68	27	37	81	57	36	53	55	87	111	77	40	210	82	52	78	43	667	49	86	41	64	28	21	95	65	59	114	42	47	78	59	108	64	81	82	55	39	50	566	33	72	50	33	56	30	89	55	30	51	51	58	422	58	68	64	54	69	55	22	53	56	86	34	17	58	34	28	39	38	83	28	41	17	23	27	51	59	27	66	95	45	33	26	40	762	205	42	21	87	84	38	94	67	72	48	46	34	45	43	40	122	81	29	708	80	51	22	32	57	104	59	35	61	49	41	72	116	27	18	39	27	29	63	50	74	37	59	23	71	58	36	52	28	49	35	73	19	31	36	233	8	77	71	193	124	37	21	23	108	39	22	78	113	929	410	84	23	252	16	57	263	36	22	53	55	66	72	51	59	29	32	100	776	53	77	76	107	42	17	42	57	46	17	351	64	31	1358	76	61	70	25	319	57	35	923	843	50	51	30	61	75	67	57	27	57	52	33	59	57	52	105	67	65	40	60	511	35	107	61	51	56	63	43	40	83	38	99	96	92	60	110	42	95	34	86	63	78	57	54	52	13	20	51	43	72	44	33	50	39	41	77	132	52	71	54	89	57	78	507	122	58	110	55	34	58	93	52	67	103	621	48	72	106	105	51	67	34	59	35	97	436	35	60	92	110	50	63	82	60	25	47	28	85	50	99	103	98	23	59	86	36	102	134	77	106	69	94	122	73	46	33	44	40	34	41	23	41	46	831	12	35	21	29	22	38	25	44	39	13	77	54	50	31	47	45	12	24	39	62	22	31	26	342	37	45	50	57	29	28	40	30	28	73	53	22	73	49	39	23	97	743	74	45	65	49	60	367	120	51	25	73	96	70	69	535	117	64	33	86	51	74	47	58	539	40	51	51	70	78	83	47	439	81	49	58	61	17	40	38	42	110	49	51	50	28	26	32	51	57	43	46	33	11	19	27	74	33	38	19	39	33	44	51	48	32	11	39	38	23	14	34	28	46	41	324	37	51	24	34	22	51	33	12	67	43	50	33	67	36	38	40	53	76	41	51	33	57	46	18	55	45	20	37	22	29	33	566	45	97	27	72	755	29	29	27	33	22	45	56	27	106	60	66	97	90	184	68	41	88	37	42	36	71	35	67	81	63	72	75	27	48	35	69	557	35	110	88	14	115	37	19	62	58	22	22	57	31	46	15	574	47	645	36	37	63	64	22	37	28	28	41	32	14	35	19	47	10	18	41	9	32	45	37	45	24
5:Ins:R:1	11	30	25	27	11	21	26	9	12	9	5	25	5	16	15	14	18	15	18	20	7	27	16	19	5	0	10	17	46	4	8	21	10	7	8	19	96	7	14	14	9	13	15	6	13	9	13	25	12	2	31	7	12	16	9	22	10	8	9	117	16	31	19	9	16	21	16	9	17	21	18	16	17	8	15	16	7	11	13	21	12	27	32	7	28	29	24	43	11	14	11	41	10	35	19	11	9	29	14	9	29	44	18	12	12	43	23	27	16	27	21	12	19	20	60	25	21	10	30	23	16	21	14	80	29	38	11	11	14	6	26	14	11	0	18	19	16	15	17	10	17	14	9	9	7	87	16	5	8	8	6	5	20	16	12	27	14	35	62	21	21	34	20	14	49	11	23	58	16	17	7	14	5	15	14	16	8	14	12	10	9	23	22	21	16	17	42	17	18	12	8	106	17	14	8	20	20	15	13	22	13	17	15	12	17	8	23	16	7	12	85	41	18	16	16	19	16	19	11	21	33	18	41	18	15	13	12	15	20	39	23	23	14	21	14	40	17	13	27	10	19	19	30	5	19	16	35	7	16	22	17	46	9	8	14	8	47	6	28	19	153	44	12	12	43	9	11	29	14	17	25	23	36	22	24	12	4	9	27	136	12	17	44	28	17	13	8	16	25	11	37	19	5	154	25	26	28	6	59	14	13	105	111	20	13	15	15	70	23	14	41	10	33	12	6	12	6	38	36	19	3	17	87	17	15	15	13	20	7	19	16	31	16	32	15	17	9	17	8	30	27	37	16	26	27	15	51	1	6	14	10	14	17	12	12	10	17	22	54	3	22	16	15	38	14	86	24	27	18	10	10	32	22	3	24	15	69	17	28	13	14	6	24	14	23	19	31	44	11	8	16	16	5	7	20	19	7	8	12	25	11	13	42	17	9	11	38	54	26	26	17	36	14	21	19	10	14	21	109	26	17	20	13	28	15	111	2	23	17	8	8	18	30	22	18	4	36	29	13	11	42	18	4	6	10	28	10	12	10	66	12	7	12	34	12	15	8	13	18	17	17	15	21	22	20	15	33	141	22	10	17	11	16	33	76	16	8	23	24	25	17	67	18	17	7	9	27	8	3	30	77	6	8	19	9	18	16	10	23	14	13	15	31	3	17	15	26	26	19	20	18	15	19	11	35	10	18	15	13	5	15	20	73	10	13	16	20	17	32	19	19	16	6	20	14	12	13	22	19	19	10	32	12	32	13	10	14	16	12	5	40	15	14	15	40	13	26	12	24	84	13	36	10	22	25	4	14	29	9	25	7	16	9	70	14	21	11	35	96	24	38	17	10	15	18	21	15	19	19	9	32	28	18	26	7	13	10	20	5	13	7	55	55	11	10	17	11	20	10	19	51	32	26	19	5	30	17	6	26	37	4	3	55	10	17	7	31	29	41	25	25	23	23	10	20	17	13	21	13	3	22	8	30	8	15	20	8	14	18	26	24	7
5:Ins:R:2	3	2	4	2	1	5	2	0	0	0	1	0	0	1	0	1	1	0	2	0	0	1	0	1	1	0	0	1	0	0	1	0	3	0	0	0	3	0	1	1	0	0	2	0	1	0	1	0	0	0	1	1	1	1	0	1	0	0	1	2	1	2	1	2	1	2	4	3	0	1	4	4	3	0	0	0	0	2	0	2	1	1	0	0	2	7	0	1	2	0	1	2	1	0	0	0	1	1	2	3	0	2	3	1	3	0	2	1	1	2	0	2	2	3	3	2	2	0	5	1	3	1	1	38	0	1	0	0	2	0	2	2	0	1	1	1	2	1	5	0	2	1	1	1	0	36	0	0	0	0	0	0	0	1	0	2	1	1	29	2	2	2	1	1	0	0	1	1	0	1	0	0	0	0	2	4	0	0	1	0	1	0	2	0	0	1	2	1	0	0	1	39	4	1	0	2	4	0	1	0	0	0	1	0	0	0	2	0	1	2	28	4	5	0	3	1	1	2	1	5	1	0	2	0	1	0	2	1	3	3	3	0	1	6	2	0	0	0	1	0	1	4	2	0	1	0	14	1	1	0	2	1	1	0	1	0	2	0	2	1	59	27	2	0	12	0	0	1	1	0	3	3	1	1	6	0	0	1	4	46	1	3	3	6	0	1	1	0	1	1	18	2	0	122	4	3	1	0	17	0	1	46	34	0	1	3	2	3	0	2	1	3	2	1	0	0	1	3	2	1	0	1	18	2	4	1	1	1	0	2	5	3	0	2	1	1	0	3	0	1	1	2	0	1	0	0	0	0	0	2	1	1	1	2	3	0	2	2	0	0	0	2	2	3	1	26	1	1	3	1	2	3	1	2	0	1	24	0	2	1	4	1	2	1	1	3	2	14	1	3	0	1	0	0	0	1	1	2	1	2	1	5	2	0	0	0	1	0	2	2	1	2	2	2	1	1	1	0	2	1	1	0	0	0	3	23	1	0	0	1	0	3	4	4	3	1	1	0	1	0	2	2	0	1	0	2	3	4	0	21	1	1	5	0	0	2	1	0	0	2	2	1	2	4	3	1	4	51	1	0	1	0	1	13	2	1	0	1	1	3	2	24	1	1	0	2	2	1	0	1	29	1	0	0	0	3	1	2	2	2	0	1	1	1	2	0	0	2	1	1	1	0	4	3	3	1	1	2	1	0	0	1	1	1	0	0	2	2	1	2	0	1	1	3	4	1	2	2	0	0	0	25	2	4	0	2	0	3	0	0	2	1	3	1	0	2	0	2	1	6	2	2	1	2	1	1	1	0	0	1	0	0	2	25	2	3	4	2	51	4	2	1	1	0	1	2	1	2	0	0	1	0	1	3	0	0	1	3	0	1	2	4	1	3	1	1	0	1	0	1	21	1	1	1	0	0	0	3	3	2	3	1	1	0	1	0	2	2	8	0	2	0	6	2	0	1	2	2	3	0	1	1	1	0	1	1	0	1	3	2	3	0
5:Ins:R:3	2	1	2	4	0	5	0	0	0	0	1	1	0	1	0	0	0	1	1	2	1	0	1	0	0	1	0	0	0	0	1	1	0	0	0	0	0	0	0	1	0	1	0	0	1	0	0	0	1	0	0	0	0	1	0	0	0	0	0	0	2	2	3	0	0	1	0	0	0	0	1	0	1	0	1	0	3	1	0	1	1	2	2	1	3	9	2	1	2	1	1	0	0	0	2	0	0	2	0	1	2	0	2	0	0	0	1	2	2	1	0	0	1	1	1	1	1	0	2	1	0	0	2	14	2	0	0	0	0	0	1	4	0	0	1	1	0	0	1	0	1	0	0	0	0	20	1	0	0	1	0	0	0	0	1	4	1	1	17	1	2	0	1	2	0	0	1	0	0	0	0	1	0	3	1	2	0	1	0	0	0	1	0	0	0	0	0	0	0	0	0	20	0	0	1	2	1	1	0	0	0	1	1	1	2	0	1	0	0	2	24	1	0	0	0	0	0	0	1	3	3	0	2	0	2	0	0	1	0	2	0	0	0	2	1	1	1	0	0	1	2	1	1	0	1	0	9	0	2	1	0	1	0	0	0	0	0	1	1	1	28	19	1	1	12	0	0	0	0	0	0	0	2	1	1	0	1	0	1	22	0	1	1	0	1	1	0	0	1	0	12	1	0	70	0	2	0	0	8	1	0	22	26	0	1	1	0	3	1	3	0	0	0	0	1	0	0	0	2	2	0	0	17	1	2	1	1	2	0	2	0	1	1	0	2	0	0	1	0	0	1	0	0	1	1	0	0	0	1	1	0	2	0	0	1	0	0	3	1	0	2	1	0	1	2	15	2	1	2	3	0	1	3	0	0	0	20	1	1	0	0	0	0	0	0	0	2	14	1	0	0	0	0	0	2	0	0	0	0	2	0	0	0	1	0	0	2	0	1	1	1	6	0	1	0	1	0	1	0	4	2	1	1	0	1	3	0	0	0	0	0	0	0	0	0	0	2	2	1	0	2	0	1	0	1	3	0	1	0	14	0	0	0	1	2	0	1	0	0	1	0	1	2	0	2	3	1	20	0	0	0	0	1	4	0	2	2	0	0	1	3	10	0	0	0	0	1	0	0	1	20	0	0	1	1	0	0	0	0	0	0	0	0	0	1	2	0	1	0	0	2	0	1	0	2	1	0	0	0	1	0	1	0	2	0	0	2	1	2	3	2	5	1	0	0	1	0	1	0	0	0	8	1	1	0	0	1	3	2	0	0	1	0	0	0	0	2	2	0	1	0	0	1	1	1	0	0	1	0	1	0	2	0	20	0	3	2	3	31	0	1	0	0	2	0	2	1	2	1	0	0	0	1	0	2	1	1	1	0	0	0	1	0	0	0	0	1	0	0	1	2	2	1	1	1	1	1	1	2	3	1	0	1	0	0	1	2	0	6	1	0	2	0	0	1	3	1	2	0	0	0	0	1	1	0	1	0	0	2	2	2	1
5:Ins:R:4	1	1	4	5	0	4	0	0	0	0	3	1	0	0	0	0	0	0	0	0	0	0	0	0	0	0	0	0	0	0	0	0	0	1	0	1	0	0	0	0	1	1	0	0	0	1	0	1	0	0	0	0	0	1	1	0	0	1	0	0	0	0	1	0	1	1	2	0	1	0	2	0	0	0	0	0	1	0	1	0	0	0	2	0	1	5	1	1	0	0	0	1	0	0	0	0	0	1	0	0	0	1	0	2	0	1	2	1	0	0	1	0	1	0	1	1	1	0	2	1	0	0	0	12	0	0	0	0	1	0	1	0	0	0	1	0	0	0	1	0	0	0	0	0	0	15	1	0	0	1	0	1	0	0	0	1	1	4	10	0	0	1	0	0	1	0	0	1	2	1	0	0	0	0	1	0	0	1	0	0	0	0	1	0	0	0	1	1	1	0	0	11	1	1	1	1	0	0	0	0	0	3	1	0	0	0	3	0	1	2	15	1	0	1	0	1	0	0	0	2	1	0	1	2	1	0	1	0	1	0	0	1	1	0	0	1	2	0	0	0	0	0	2	0	0	0	5	1	1	2	1	0	1	0	0	0	0	0	0	0	19	12	0	1	5	0	0	0	1	0	0	0	1	1	1	0	0	1	0	19	0	1	0	1	0	1	0	3	1	0	6	1	0	54	0	0	3	0	8	0	0	7	19	1	0	0	1	2	0	0	1	0	1	0	0	0	0	1	1	1	0	0	18	1	1	2	0	2	0	0	1	0	1	1	0	1	0	0	1	1	2	1	0	0	0	0	0	0	0	0	2	0	0	0	1	0	0	0	1	0	0	0	0	0	0	14	2	1	0	0	0	2	1	1	0	0	14	1	2	0	3	0	2	0	2	1	2	9	0	0	0	1	1	0	0	1	0	0	0	3	0	1	2	0	1	1	0	0	0	0	1	3	2	0	0	0	1	2	0	0	4	1	0	1	0	2	0	1	0	1	1	0	0	0	0	0	0	0	0	0	2	1	0	2	0	2	1	0	0	9	0	0	1	0	0	0	1	1	1	0	0	0	0	1	1	1	1	18	0	1	1	0	0	3	0	0	0	0	1	0	0	6	0	0	0	1	0	0	0	1	12	0	0	1	0	1	0	0	0	1	0	0	0	0	1	0	0	1	1	0	1	0	0	0	1	2	0	0	0	0	0	0	0	0	0	0	0	0	3	1	0	1	0	0	2	0	0	1	0	0	1	6	0	0	0	0	0	0	1	0	1	0	0	1	0	1	1	0	0	2	1	1	0	0	2	0	3	0	0	0	1	1	0	8	0	1	1	0	12	1	0	0	0	0	1	1	0	6	1	0	0	0	0	2	0	0	0	3	0	4	0	1	0	3	0	0	0	0	0	2	1	0	2	0	0	0	0	1	2	4	0	0	1	0	0	0	0	1	3	1	1	0	4	0	0	0	1	0	0	0	0	1	0	0	0	1	0	1	1	0	3	1
5:Ins:R:5	0	0	1	2	0	3	1	0	0	0	1	0	0	1	0	0	1	0	0	0	1	0	1	1	0	0	0	0	0	0	0	0	0	1	0	0	0	0	0	0	0	1	0	0	0	0	0	1	0	0	0	0	0	0	0	0	0	0	0	0	0	1	0	2	0	1	0	0	1	1	1	1	1	0	0	1	0	0	0	0	0	0	0	0	2	0	1	0	0	0	0	0	0	0	0	0	1	0	0	0	0	0	1	0	0	2	0	0	0	0	0	0	0	1	1	1	0	0	1	0	0	0	1	3	0	0	0	0	0	0	1	0	0	0	1	1	1	0	0	0	2	0	0	0	0	2	0	0	0	1	0	1	0	1	0	0	1	2	1	0	1	0	0	0	0	0	0	0	1	0	0	0	1	0	0	0	0	1	0	0	0	0	1	1	0	0	1	0	1	0	0	8	1	0	0	1	1	1	1	1	1	0	0	0	1	0	1	0	1	1	1	2	0	0	0	0	1	1	1	0	1	2	0	0	2	0	0	0	0	0	1	0	0	0	0	2	0	0	0	0	2	2	0	0	0	0	0	0	1	0	0	2	0	0	0	0	0	0	2	0	4	1	1	0	1	0	0	0	0	0	1	1	0	1	1	0	0	0	1	7	0	0	0	0	0	0	0	1	0	0	0	0	0	6	1	1	1	1	1	0	0	5	7	0	0	0	1	0	1	0	0	1	0	0	1	0	0	2	1	0	0	0	7	0	2	1	0	1	0	0	0	1	0	0	1	0	0	0	0	0	0	0	0	0	0	0	1	0	0	0	0	0	0	0	0	0	0	1	1	0	0	1	1	0	1	7	0	1	0	1	0	0	1	1	0	0	0	0	0	0	0	0	0	0	1	0	1	1	0	0	0	0	0	0	0	0	0	0	0	1	0	1	0	0	0	1	0	1	1	1	0	3	1	0	0	0	0	1	0	0	1	0	0	0	1	2	0	0	0	0	0	0	0	0	0	1	0	0	1	0	0	0	0	0	1	1	1	0	1	3	0	0	0	0	0	0	0	1	0	0	0	0	0	1	1	0	1	11	2	0	0	1	0	1	0	0	0	0	0	1	0	4	0	0	0	0	0	0	0	0	1	0	0	0	0	1	0	0	1	1	0	0	0	0	0	0	1	1	0	0	0	1	1	0	0	2	1	0	0	0	0	0	0	0	0	0	0	1	1	0	0	0	1	0	0	1	1	0	0	1	1	2	1	1	0	0	0	1	0	0	0	0	0	0	0	1	0	1	0	3	0	2	0	0	0	0	0	0	0	2	0	0	0	5	0	1	1	0	6	0	0	0	0	2	0	0	0	1	0	0	1	0	1	1	0	0	0	0	0	3	0	2	0	0	0	0	0	0	0	0	2	0	0	1	0	1	0	0	0	2	1	0	2	1	0	0	0	2	1	0	0	0	1	0	1	0	1	0	1	0	0	0	0	0	0	0	0	1	1	0	0	0
2:Del:M:1	219	34	150	230	13	128	132	11	10	10	112	20	10	9	7	13	13	17	20	30	117	21	24	15	13	40	11	10	6	11	21	26	16	19	7	21	17	9	9	22	11	14	14	1	14	8	23	32	8	6	5	4	8	16	20	15	9	12	11	11	17	16	21	10	33	21	22	14	19	15	12	16	24	6	18	25	21	16	13	12	13	14	18	6	28	223	22	17	22	16	19	23	31	15	21	23	16	13	17	11	23	19	25	39	32	14	40	35	16	60	13	11	16	31	50	15	32	26	156	14	22	42	10	607	19	11	21	12	16	4	64	22	14	23	22	16	22	15	18	24	254	13	11	15	10	469	22	19	9	16	7	6	24	14	9	11	25	102	448	30	20	16	4	12	50	8	20	19	32	12	12	47	15	13	5	14	7	17	23	14	5	30	23	26	17	17	61	17	14	10	16	616	12	14	11	20	16	21	15	24	9	24	20	15	16	18	11	23	14	19	488	30	18	17	10	17	12	12	15	18	31	22	17	16	13	5	13	22	26	11	30	13	23	10	5	28	19	30	17	12	7	13	14	7	14	21	357	10	21	40	19	25	15	9	11	14	17	10	19	34	791	296	22	17	231	8	13	53	16	17	19	21	100	38	30	17	9	3	22	672	22	20	58	44	12	14	12	30	26	8	138	21	15	290	42	20	18	7	370	22	17	685	522	30	14	10	13	29	17	32	28	12	43	13	8	19	11	19	32	23	4	14	424	17	20	51	9	19	12	11	11	31	19	56	12	11	19	10	24	20	14	53	13	33	56	9	14	2	4	26	20	19	9	12	23	14	22	19	18	12	34	17	14	11	29	489	24	19	50	20	21	15	21	21	16	14	289	16	20	8	31	10	8	15	25	23	31	387	33	19	22	20	30	3	22	22	10	13	17	49	30	22	15	26	6	9	15	16	30	26	39	30	11	41	11	17	10	19	21	14	13	20	14	17	33	389	8	11	21	9	8	23	58	32	17	14	17	14	18	11	16	10	9	11	19	34	14	15	20	286	7	19	12	84	17	13	27	23	31	8	24	21	19	15	21	25	12	664	13	30	8	4	18	255	17	30	5	28	38	18	11	384	14	9	4	12	18	11	15	28	617	9	3	7	19	18	13	11	16	20	11	11	7	5	30	12	44	37	27	20	27	20	12	14	24	22	15	9	28	5	8	18	44	17	25	9	18	11	19	35	18	17	9	12	23	5	16	18	13	56	26	399	16	22	4	10	4	36	22	8	45	11	22	20	30	38	14	33	21	33	31	16	13	32	11	6	24	47	7	25	20	22	22	477	17	27	14	32	597	27	19	14	12	18	32	29	17	13	17	7	14	13	22	11	11	13	17	18	5	24	11	30	17	31	15	22	21	17	10	17	254	18	15	13	2	37	18	17	26	12	6	9	28	9	12	2	24	34	118	21	17	34	31	6	12	16	17	39	22	4	20	13	16	9	7	21	5	17	26	25	29	7
3:Del:M:1	16	5	11	14	4	9	6	1	0	1	12	6	0	1	0	0	1	1	1	1	7	5	4	4	2	2	2	1	4	3	3	4	7	3	0	2	5	1	3	2	1	4	3	1	1	3	1	6	2	2	0	0	3	6	6	1	0	1	0	4	3	5	4	3	8	2	13	3	2	6	2	4	1	1	1	8	3	2	5	3	4	4	0	0	5	25	5	4	7	3	6	5	5	2	1	4	1	1	3	0	2	3	6	5	2	4	8	4	2	6	2	2	0	4	10	4	6	12	18	6	6	5	2	95	3	3	3	1	2	2	9	4	1	5	4	2	2	3	4	2	10	0	2	3	1	89	3	9	4	3	3	1	7	0	2	1	6	15	55	6	0	3	4	5	25	1	10	4	2	4	3	4	4	2	0	3	0	4	4	3	1	14	3	14	3	7	17	7	1	2	5	75	8	3	2	1	0	10	3	4	1	1	3	3	3	1	6	2	0	5	84	6	2	2	0	0	3	0	4	4	2	0	7	2	1	2	3	5	7	3	7	2	8	3	2	10	5	1	1	3	1	3	1	0	3	5	65	2	6	6	3	8	1	1	3	2	2	2	1	7	151	47	7	11	35	1	2	4	4	2	3	1	15	10	5	1	2	2	4	132	14	8	13	19	2	3	2	2	3	0	17	4	3	50	8	1	5	0	58	3	2	80	103	4	4	11	2	8	5	18	6	3	11	3	4	1	1	5	5	4	1	4	71	5	3	12	1	2	3	1	5	9	4	3	1	3	1	3	2	4	6	17	3	6	6	2	7	2	1	3	3	4	2	1	4	0	14	6	3	3	8	0	1	6	5	71	5	6	10	6	2	5	3	2	6	3	36	1	7	3	2	4	2	5	9	4	4	52	3	4	4	3	6	0	2	3	1	3	0	7	4	4	3	5	3	2	2	2	2	5	8	5	2	8	2	4	1	2	6	2	1	2	2	2	1	39	1	4	3	4	1	3	7	6	6	3	8	5	4	3	3	2	1	4	1	1	4	3	3	45	2	13	3	13	1	2	2	3	4	1	7	4	2	9	0	3	4	130	7	2	3	2	2	21	7	5	1	4	8	3	1	49	3	2	2	1	3	4	15	2	94	1	1	1	4	8	0	3	4	3	1	4	2	0	11	4	9	9	6	3	9	0	1	3	2	3	3	1	6	4	1	11	9	2	3	3	3	3	3	7	5	2	0	2	10	0	3	6	7	7	3	48	5	2	2	5	2	3	3	1	10	3	5	0	14	3	3	2	3	7	3	4	1	4	5	1	8	6	5	4	6	2	1	73	0	9	3	3	79	2	3	5	2	1	4	4	2	1	2	0	3	3	1	2	5	4	3	2	3	5	0	8	5	2	3	7	3	4	4	6	25	3	6	1	2	19	3	6	7	1	1	3	1	3	3	2	5	7	11	1	4	1	7	4	3	4	5	2	3	1	4	4	4	1	1	4	0	7	6	6	3	3
3:Del:M:2	144	10	90	139	5	72	81	3	5	5	77	11	7	6	12	12	5	12	7	18	83	15	11	8	6	17	9	4	5	4	12	9	12	6	8	12	16	4	5	13	4	8	5	4	8	4	7	10	7	3	5	4	5	20	7	6	2	6	5	5	11	14	8	4	12	7	24	6	8	10	8	10	11	4	4	9	11	3	19	3	6	12	9	8	17	85	10	11	12	5	12	21	10	11	12	10	11	5	4	7	5	9	14	7	10	11	12	9	6	8	8	7	7	17	17	14	8	12	44	7	10	18	11	339	8	6	11	4	9	0	21	7	9	11	8	12	6	5	13	14	19	8	4	3	5	201	9	14	8	10	5	2	10	9	5	7	24	21	210	7	11	9	4	5	27	4	9	10	9	5	5	16	7	12	9	10	11	12	4	6	8	14	7	17	5	5	21	11	5	6	10	274	8	8	5	11	9	6	10	8	4	10	7	5	8	6	7	14	8	13	195	10	17	9	4	7	9	11	8	10	17	11	10	7	5	5	8	4	10	8	9	8	10	7	4	13	12	8	10	12	1	12	7	5	15	12	167	6	18	9	5	8	8	4	5	5	8	6	10	12	368	155	5	13	116	2	7	14	4	4	12	8	80	20	5	7	0	1	15	320	19	19	13	30	3	8	4	12	7	5	73	13	3	85	6	12	14	4	189	8	5	349	208	6	10	5	6	17	15	17	6	2	21	4	2	8	5	12	18	11	8	7	188	4	7	37	7	8	7	5	7	27	4	16	12	4	7	4	12	18	9	18	3	15	9	4	10	0	1	6	5	6	5	4	11	4	11	15	2	3	10	8	7	16	13	226	14	11	14	11	10	8	9	6	4	6	157	11	7	6	12	7	3	9	8	9	23	167	17	9	13	5	7	2	4	8	4	11	12	12	3	9	14	9	6	5	7	9	16	15	5	12	6	13	3	7	10	9	14	8	8	6	3	7	10	72	1	6	15	7	7	4	28	6	11	4	16	9	9	8	6	5	10	3	8	15	11	7	7	155	4	8	6	16	13	5	9	6	17	4	11	7	14	10	9	7	13	318	11	9	7	6	11	102	11	13	6	16	13	9	6	154	3	4	4	13	13	3	5	10	318	4	2	3	9	15	8	8	8	15	11	5	10	2	22	17	10	11	11	9	18	6	6	2	8	15	14	5	5	4	9	6	18	10	15	3	14	4	4	26	11	11	3	6	20	2	4	11	11	9	11	178	15	13	4	8	2	15	8	3	4	8	7	7	13	11	15	7	12	11	8	9	4	13	14	8	8	17	6	12	19	18	6	235	21	10	9	14	294	4	15	6	4	10	4	14	12	9	8	5	19	3	9	9	11	6	5	18	3	12	6	9	14	13	5	11	9	10	3	6	60	6	8	3	1	23	6	15	13	3	11	5	7	8	7	3	14	22	29	4	9	16	18	5	9	3	15	11	8	2	9	2	8	2	4	10	2	17	6	8	11	0
4:Del:M:1	30	2	15	19	1	12	11	2	1	0	8	0	1	4	1	1	2	2	2	1	13	2	1	2	4	2	2	1	0	2	0	3	1	2	2	3	4	1	4	4	1	1	2	1	3	0	1	4	1	3	3	1	5	5	1	3	2	0	0	0	5	4	1	2	3	7	15	8	3	5	1	7	0	1	2	11	1	2	7	1	0	8	3	2	5	57	2	3	2	2	6	7	6	10	2	4	4	4	5	3	6	9	6	4	4	4	4	1	3	4	2	2	2	5	10	5	6	13	45	4	5	12	4	200	4	11	1	5	1	3	5	5	1	8	4	1	7	3	2	4	11	8	3	4	2	196	2	6	3	2	1	2	4	6	3	7	3	5	125	1	7	0	5	3	13	3	7	3	8	0	3	4	2	3	4	5	3	1	3	1	1	19	1	12	7	2	28	2	4	2	5	239	3	2	2	8	4	6	5	4	1	8	7	4	5	3	3	3	4	4	178	5	5	1	2	3	4	3	2	6	7	4	9	4	0	3	3	1	2	1	12	2	1	4	1	8	2	1	5	3	4	3	3	3	4	2	101	2	8	3	3	2	2	1	2	5	5	3	5	9	297	110	3	9	88	3	6	8	3	0	5	5	26	10	3	6	3	2	3	315	8	6	4	18	4	3	3	5	2	3	32	4	2	77	7	4	2	3	107	3	5	191	203	7	4	7	5	4	9	15	6	1	10	3	1	6	1	8	9	3	0	5	167	4	3	12	2	6	1	1	3	4	3	16	6	3	1	6	5	8	8	25	3	6	7	6	12	1	3	4	3	2	3	3	1	3	21	6	6	2	9	4	1	4	7	149	5	3	14	7	2	1	6	4	3	1	90	9	6	3	5	2	1	4	8	3	12	122	8	4	4	5	2	1	4	3	3	2	1	5	1	9	4	6	1	5	7	6	5	8	6	7	6	11	3	1	3	2	10	2	3	3	0	2	5	92	3	1	4	1	0	1	6	1	4	2	7	3	6	1	3	1	1	0	2	6	0	4	5	85	1	8	4	7	3	4	4	7	8	5	8	5	8	7	4	4	4	314	2	4	3	1	6	91	1	5	1	7	6	6	8	167	2	2	1	4	5	2	11	2	220	5	1	2	2	0	0	3	2	8	4	5	3	0	10	2	7	5	0	6	6	6	1	3	2	8	6	2	2	0	0	8	5	4	5	1	3	3	4	11	4	6	1	4	16	1	4	7	7	7	3	138	4	2	0	3	1	8	2	5	6	1	8	8	9	4	5	5	3	9	3	8	6	12	8	2	7	6	3	4	15	5	6	200	3	1	3	2	212	6	6	3	3	4	2	4	3	4	3	1	4	3	3	5	2	3	4	1	0	4	0	4	7	7	5	11	2	6	0	8	86	3	4	4	1	11	1	3	6	2	4	4	4	2	2	3	4	8	51	4	3	7	4	2	0	0	3	5	5	2	5	5	1	3	2	6	1	7	6	1	4	2
4:Del:M:2	42	3	32	35	3	16	35	3	2	1	35	4	3	2	4	3	2	2	4	3	18	4	2	5	2	7	1	4	2	3	5	4	12	3	3	9	6	3	2	8	6	3	7	2	4	0	2	6	3	2	2	2	7	3	5	0	1	3	3	4	2	8	4	1	5	3	13	4	4	7	2	3	3	2	1	9	5	6	8	1	8	7	10	3	13	24	5	10	4	3	8	7	7	7	4	2	7	5	4	2	3	9	6	3	4	7	4	4	5	3	3	1	4	7	8	3	4	7	13	4	2	11	5	116	5	2	2	1	1	0	10	7	4	8	5	4	3	5	12	3	22	4	2	6	3	70	5	6	5	5	4	3	5	4	4	1	7	7	70	9	8	3	1	6	15	1	6	3	9	1	3	9	2	7	3	4	3	2	2	6	2	9	1	3	3	1	20	4	4	3	0	73	5	8	3	6	3	8	2	1	5	5	5	5	7	3	1	2	2	2	64	3	4	2	0	5	0	1	5	5	6	1	3	7	3	3	7	5	6	3	7	3	6	5	1	7	5	3	5	3	2	2	4	3	6	6	52	2	7	1	10	2	4	4	2	1	11	1	4	11	118	44	6	7	33	4	3	12	4	2	12	2	39	18	4	4	1	2	5	95	4	11	4	26	3	2	0	3	10	4	27	4	2	25	2	4	7	4	65	3	4	103	60	6	5	5	5	5	7	9	2	3	9	4	0	5	1	7	11	3	2	4	54	1	4	24	11	5	3	0	2	14	6	15	7	2	2	2	3	7	5	19	1	4	2	4	2	2	1	3	7	5	2	1	5	1	11	2	6	1	10	0	0	5	7	82	11	8	4	9	7	3	1	4	4	1	64	5	8	4	7	5	3	6	6	3	9	68	7	5	9	6	4	3	3	3	6	2	3	4	5	5	4	4	3	2	3	4	7	12	8	10	2	10	2	0	2	4	5	6	2	2	5	5	5	18	2	3	4	5	1	2	9	3	5	5	7	5	5	2	7	2	9	2	2	5	5	8	5	37	2	7	4	10	2	2	5	2	12	3	10	4	8	8	9	5	8	91	4	3	4	3	4	43	5	6	2	7	8	4	4	36	5	2	5	6	8	5	5	5	107	0	4	3	2	3	3	4	0	5	0	2	5	2	11	10	8	7	2	5	5	2	3	4	7	5	2	9	5	2	4	6	6	5	4	2	5	0	2	16	4	1	3	6	14	1	1	7	4	7	3	54	3	6	2	2	1	6	8	2	6	5	4	5	12	6	11	5	4	9	2	2	8	8	8	2	7	8	1	5	8	12	5	63	7	2	3	8	89	5	6	3	7	7	3	5	5	2	3	0	4	4	6	4	4	6	4	12	1	7	2	17	3	7	4	9	4	5	4	7	16	3	5	7	3	15	2	3	6	5	3	6	11	2	2	1	5	14	20	2	5	7	8	1	2	2	6	5	4	4	3	1	2	1	2	4	1	6	2	6	9	1
4:Del:M:3	78	5	35	85	3	37	37	5	0	4	29	7	3	4	6	1	4	8	4	16	28	3	6	3	3	14	0	3	4	3	6	4	10	6	0	9	11	2	2	11	2	2	5	1	4	2	6	14	5	3	7	3	2	6	7	7	0	8	2	7	2	5	7	6	6	13	15	5	6	11	6	12	6	3	3	14	13	8	19	4	1	10	8	7	9	35	7	6	20	13	9	5	5	11	10	3	7	4	10	4	7	14	9	6	8	4	5	3	2	13	6	2	7	8	13	6	7	13	21	9	4	14	6	180	6	7	6	6	6	3	12	8	5	14	5	11	6	8	7	7	23	5	3	6	5	117	3	7	5	8	6	1	12	9	5	3	7	7	89	6	5	5	2	9	16	3	10	5	18	2	7	9	2	4	4	8	5	2	2	2	4	14	6	7	10	1	7	13	8	3	11	160	5	4	2	10	8	11	4	6	1	6	3	3	11	5	4	13	3	9	126	7	12	6	5	6	6	6	5	4	8	20	10	9	7	4	2	4	10	3	10	5	7	8	5	8	3	4	8	3	6	5	10	2	7	8	82	2	18	1	7	7	3	2	2	8	3	3	6	12	213	68	5	6	48	4	6	25	4	6	13	7	60	16	11	4	2	1	15	182	17	22	7	12	2	4	4	5	11	4	31	13	2	52	11	13	7	3	87	6	6	160	124	10	6	8	8	6	12	9	6	4	6	0	4	9	6	11	8	15	4	10	108	9	7	30	8	11	5	2	3	24	6	31	5	6	3	7	8	5	11	6	4	7	18	6	5	3	4	6	6	5	2	5	8	7	6	8	8	2	11	6	1	13	7	132	7	9	4	9	12	5	3	9	3	1	72	9	12	5	9	5	3	5	7	10	17	96	9	4	8	6	2	4	7	4	5	8	9	8	5	10	6	7	5	1	8	5	8	10	8	14	7	18	10	7	5	9	8	4	4	10	6	6	10	71	3	3	10	4	3	4	19	10	7	2	16	4	2	5	5	4	5	4	7	9	5	9	8	85	1	3	6	10	3	2	8	8	14	10	5	3	2	2	6	4	6	188	4	4	5	6	5	52	8	15	5	6	2	5	1	91	3	2	1	3	12	6	8	7	191	4	3	6	4	12	5	2	7	9	10	5	11	5	11	10	4	4	9	9	7	4	2	8	11	12	9	7	11	2	3	7	10	15	6	3	8	3	3	25	4	9	4	4	13	2	3	8	12	10	4	105	8	3	0	4	2	22	8	0	6	4	6	10	22	6	8	8	7	9	7	5	7	16	8	2	12	4	3	8	8	13	12	135	14	16	4	12	145	5	8	4	5	6	5	6	10	5	9	0	6	7	8	6	3	5	7	12	6	8	1	11	4	13	6	13	4	7	1	9	42	8	7	4	7	13	2	4	7	5	8	4	10	6	5	0	7	18	31	3	7	29	8	7	3	6	6	8	6	3	6	4	5	5	2	4	2	8	5	5	12	3
5:Del:M:1	19	11	26	28	10	21	16	4	3	8	10	11	4	4	8	7	3	6	8	8	8	8	13	16	10	5	11	5	8	3	9	8	7	7	2	5	35	1	8	17	13	17	8	8	11	8	4	28	8	10	17	5	9	34	10	20	6	4	4	22	17	15	8	4	24	19	108	24	15	18	12	22	13	16	11	22	14	4	22	16	23	16	21	7	19	116	14	29	19	21	21	68	60	35	26	23	31	31	16	16	29	33	24	11	18	28	12	8	14	40	14	11	13	18	39	44	32	57	72	27	17	26	16	339	11	25	8	15	19	10	40	27	9	42	17	8	14	23	20	29	69	32	20	12	13	496	24	19	19	9	10	9	25	18	8	11	17	34	222	20	23	26	19	28	114	18	60	29	33	13	7	33	17	18	17	12	18	17	18	23	15	63	19	66	20	24	112	29	10	10	14	505	46	12	8	35	19	44	21	23	11	13	15	12	74	11	9	36	13	24	296	25	23	10	11	15	20	17	10	16	18	13	25	53	11	10	13	19	19	23	76	14	29	9	7	28	36	13	14	15	13	19	27	7	14	9	278	12	24	17	42	35	7	8	19	26	10	14	30	40	574	270	14	48	151	14	37	61	22	7	17	11	42	63	18	12	9	8	23	623	64	127	26	55	13	13	16	13	16	7	103	25	8	130	24	25	23	7	195	19	10	276	428	26	19	60	10	35	30	89	16	11	96	10	6	18	10	34	29	16	9	37	379	11	30	56	17	16	38	9	13	50	12	44	16	23	16	29	21	56	37	105	14	24	16	16	52	9	7	11	14	17	15	17	12	18	94	27	38	10	33	20	17	21	27	287	33	16	64	27	13	19	34	23	20	13	201	15	26	18	30	15	35	16	51	14	26	240	31	22	16	27	20	19	26	20	25	16	10	12	9	16	30	33	12	20	17	21	23	32	29	26	10	45	31	24	11	27	38	20	9	18	14	28	18	175	7	8	20	6	11	9	28	27	10	12	294	27	32	22	18	9	11	10	16	24	32	17	22	188	8	62	15	69	3	14	9	9	18	18	65	17	32	36	11	9	25	638	22	11	18	16	15	120	41	30	10	21	49	24	18	259	24	21	16	24	34	18	55	24	406	13	20	18	20	33	12	46	24	20	16	11	10	5	42	16	29	35	18	24	67	14	11	11	24	21	20	16	15	8	9	62	42	16	18	9	30	10	14	38	14	15	3	15	99	7	5	59	18	17	14	230	11	23	14	27	11	39	10	6	25	36	24	9	30	18	26	12	15	44	7	34	10	44	18	8	15	16	16	22	53	18	16	348	40	22	11	29	324	12	33	10	19	14	10	15	14	22	15	7	22	18	35	36	13	17	13	10	24	20	14	44	32	33	22	54	16	21	14	11	133	14	43	25	11	189	14	6	44	11	12	15	22	6	19	9	20	18	85	15	24	28	29	9	8	10	31	16	9	5	17	26	15	4	7	23	5	37	28	16	17	5
5:Del:M:2	8	11	17	31	6	12	17	10	5	7	8	11	6	3	6	3	4	6	7	10	8	8	14	11	10	3	7	5	11	11	7	9	11	10	7	9	26	4	8	11	9	12	5	5	7	6	6	40	11	10	12	8	9	20	9	7	3	2	8	19	13	6	12	8	27	9	62	20	11	19	16	10	13	5	4	20	12	10	15	16	9	10	21	1	16	24	17	17	8	12	20	119	40	13	14	16	31	8	18	13	12	17	28	10	10	15	13	6	6	21	8	8	12	14	24	23	21	29	21	19	3	19	1	62	26	21	4	11	16	5	33	14	6	21	13	9	7	16	24	19	34	18	14	8	7	51	19	13	13	5	7	3	23	11	4	15	15	43	43	9	9	19	27	19	65	9	24	12	18	7	6	33	9	27	17	12	13	10	8	27	7	49	9	42	6	11	96	24	7	8	16	60	28	18	4	44	12	39	10	11	11	13	5	12	144	8	10	14	12	17	46	22	14	6	3	8	10	16	5	11	14	8	26	50	5	6	9	13	22	15	57	13	17	7	5	16	18	11	17	9	11	15	22	6	10	9	39	1	12	11	18	31	6	5	13	9	9	4	16	37	79	34	15	36	32	7	13	38	16	5	10	12	27	36	17	6	4	1	15	73	42	184	23	54	4	5	6	12	9	6	20	21	5	39	14	18	25	10	35	15	31	52	71	17	6	19	6	22	39	68	13	15	55	12	7	16	5	26	39	9	7	21	47	9	26	42	13	17	16	7	13	29	8	34	20	8	13	16	20	96	18	78	9	17	13	27	35	1	12	7	7	15	12	8	15	15	59	19	28	2	20	12	12	16	37	48	19	11	52	15	12	5	22	12	12	6	27	11	11	11	19	12	21	8	22	8	20	49	28	15	15	30	14	10	10	15	6	16	6	12	7	16	19	28	20	9	11	13	14	20	17	18	7	24	16	12	16	31	41	18	8	7	7	14	12	44	6	16	13	6	3	16	25	9	5	12	259	20	21	7	19	7	3	10	14	15	24	6	5	26	13	43	7	50	10	13	11	6	19	8	50	5	53	33	6	8	19	89	16	9	6	6	24	15	36	37	6	18	35	17	10	19	16	13	7	17	25	16	18	17	55	3	13	6	6	29	10	35	5	17	7	8	6	1	25	12	18	19	18	17	32	10	10	8	16	6	18	9	15	3	4	38	19	12	9	6	26	14	10	30	12	16	6	16	55	4	9	36	9	13	6	44	8	17	2	15	5	33	7	4	19	37	12	5	25	13	18	8	13	25	9	19	6	54	10	4	21	11	9	14	41	18	20	51	61	14	5	33	60	21	15	15	14	7	9	13	14	13	11	10	10	14	14	15	9	11	7	9	4	11	15	69	28	21	21	57	7	14	7	16	28	9	18	25	27	272	9	9	37	13	5	10	20	11	19	11	18	12	12	8	12	18	25	9	6	9	22	13	4	5	6	12	16	2	4	20	3	24	22	6	13	7
5:Del:M:3	11	7	12	32	5	10	10	5	5	2	8	6	0	9	6	5	3	3	3	7	11	7	4	3	6	4	4	0	9	5	5	4	17	3	9	4	16	3	6	6	6	8	8	4	6	4	3	20	5	5	5	2	5	10	8	7	2	4	4	5	8	10	6	3	12	8	33	11	8	10	6	7	11	4	0	7	4	5	20	5	9	10	12	3	10	50	14	25	9	15	13	111	23	12	11	20	23	13	11	11	15	15	32	5	6	9	17	4	6	13	9	3	5	10	23	6	17	20	27	10	10	12	5	133	17	10	12	14	13	1	25	8	1	13	8	10	4	4	8	7	30	13	4	7	6	100	11	16	11	5	4	4	12	13	7	9	12	22	65	10	8	14	27	14	37	9	22	19	13	2	3	19	6	13	15	8	11	9	6	19	7	26	7	16	5	7	47	16	6	4	6	138	10	3	3	32	11	36	3	21	8	8	6	9	112	6	8	12	8	17	88	15	11	8	6	8	5	12	6	5	11	7	13	46	7	5	3	6	9	9	23	10	10	10	7	13	13	13	4	18	8	11	7	3	7	6	83	7	13	9	14	18	0	1	6	12	12	1	11	14	184	92	14	21	42	6	10	25	13	2	7	9	18	30	9	3	6	4	20	154	22	183	7	40	4	6	5	4	12	5	37	10	7	58	13	7	7	2	58	8	10	104	99	9	8	13	12	15	28	36	10	9	26	8	4	9	4	14	24	5	4	13	97	11	19	21	12	5	10	3	11	24	4	21	9	3	3	10	8	87	6	41	6	19	11	12	19	1	5	5	12	6	6	5	7	17	33	17	22	4	15	6	12	12	20	89	10	12	28	7	3	4	12	3	4	4	72	9	13	6	14	5	11	5	17	8	11	61	17	8	3	11	9	3	13	7	7	9	7	17	8	13	12	33	4	5	3	17	8	16	17	14	12	22	7	8	7	21	19	10	6	8	4	8	5	71	2	5	15	6	11	7	22	14	9	3	178	11	12	6	8	7	3	1	7	10	29	3	16	63	6	16	8	42	7	12	3	4	8	9	33	8	32	21	7	12	14	150	12	7	6	4	13	44	18	14	2	13	19	8	11	67	11	8	9	6	17	6	12	12	95	3	10	8	5	27	11	21	8	9	8	4	6	5	18	8	17	19	19	8	25	5	5	8	12	15	17	6	8	3	1	21	22	11	5	4	22	4	8	28	5	7	5	8	26	1	6	20	10	12	10	50	3	18	3	9	2	18	11	2	17	28	15	6	17	0	11	8	10	20	2	20	6	32	8	2	10	7	8	9	24	15	17	107	51	11	4	28	96	14	14	6	10	2	8	9	9	8	9	3	5	3	6	10	6	6	11	12	6	6	7	41	24	18	11	45	8	9	8	5	35	6	15	17	20	215	7	6	27	8	2	4	17	9	16	5	8	5	26	4	4	27	25	5	4	10	13	12	5	2	11	6	12	3	3	15	3	13	18	9	14	2
5:Del:M:4	19	6	7	17	1	15	4	1	0	2	9	4	3	2	0	3	3	3	3	3	5	6	2	1	3	3	2	2	3	3	4	6	8	0	1	2	8	1	1	5	4	2	1	2	4	1	1	9	3	5	1	1	2	7	2	3	0	4	4	1	4	4	3	4	3	5	21	3	2	7	4	9	3	2	0	8	7	1	9	5	2	3	4	1	11	14	2	8	8	6	7	57	10	15	7	10	11	8	15	4	5	7	20	8	2	8	3	1	3	6	2	2	2	6	11	4	11	9	10	4	5	8	3	50	8	5	1	3	4	0	15	4	1	8	5	5	5	6	15	5	21	4	3	9	2	46	1	7	1	8	2	3	10	4	3	4	2	21	23	3	2	7	10	5	18	4	13	8	14	4	1	10	2	9	6	4	8	8	2	4	2	11	4	4	5	3	23	9	5	2	4	54	8	8	0	20	5	7	7	9	11	7	2	7	78	6	6	13	6	11	44	6	3	2	2	5	3	12	5	6	4	7	4	39	3	2	4	9	4	5	22	1	7	10	1	7	9	10	10	9	10	6	3	0	6	2	29	6	5	13	4	10	2	5	3	0	2	3	2	8	68	28	10	9	12	3	6	9	13	1	4	9	17	15	5	1	2	2	3	69	17	107	5	22	2	2	5	5	9	4	10	9	3	20	11	9	10	3	20	5	10	66	49	6	7	7	3	9	19	16	7	6	18	2	3	6	2	11	15	2	1	1	33	5	8	20	6	3	4	3	6	19	2	10	8	3	4	4	5	50	6	23	4	5	5	2	15	1	3	7	4	6	1	7	2	2	16	11	17	4	1	4	3	3	14	41	5	6	15	5	3	5	10	1	4	2	21	3	9	4	8	5	4	7	7	4	11	23	8	3	8	3	9	5	4	5	5	5	1	5	7	5	9	22	3	2	7	10	7	10	10	10	4	13	5	5	2	16	19	4	5	3	4	4	6	28	1	2	9	1	4	2	13	0	7	5	99	7	5	3	6	0	2	2	1	7	13	6	3	18	9	11	3	20	3	6	5	6	3	1	13	2	21	9	6	6	6	71	3	3	6	1	11	14	11	19	0	7	12	5	3	17	4	4	2	1	6	6	7	7	48	2	2	2	4	15	4	12	3	8	4	1	5	0	7	3	7	10	7	3	17	6	2	1	1	5	11	3	6	2	1	6	20	2	2	2	10	3	3	15	0	4	2	3	19	1	3	6	4	6	1	24	5	16	4	4	1	10	4	2	8	19	3	7	13	2	9	1	10	14	6	5	3	21	3	3	6	4	5	11	10	11	10	38	32	6	5	10	36	2	9	3	5	3	3	6	4	7	4	4	5	1	10	8	2	2	2	6	3	8	4	28	14	8	2	25	9	3	1	3	18	9	8	7	10	129	4	5	15	2	6	1	10	4	10	2	3	14	10	4	7	6	12	2	4	2	3	4	3	2	2	5	4	0	1	12	2	9	8	5	9	6
5:Del:M:5	17	4	9	15	2	15	7	8	4	3	10	10	1	5	2	2	1	1	4	5	4	7	11	10	3	1	1	2	2	0	4	2	4	4	3	3	9	3	5	5	2	8	6	2	4	2	5	19	2	5	8	2	2	9	3	6	2	3	3	7	8	6	15	5	11	10	27	12	11	16	14	9	11	5	1	9	7	7	17	13	7	14	15	3	8	33	14	11	11	9	8	71	23	9	4	8	17	13	9	21	13	22	13	15	5	14	9	10	5	11	5	6	4	3	18	10	12	11	20	12	10	9	2	113	11	7	7	7	5	2	22	17	5	5	6	9	7	4	17	15	12	10	10	5	4	120	7	11	10	6	1	6	12	8	1	6	13	22	45	12	9	15	4	12	17	9	16	8	14	7	13	18	9	10	7	14	14	5	6	11	1	13	9	10	14	3	23	18	7	4	6	147	11	7	4	17	10	24	7	10	9	11	5	7	58	6	13	8	9	10	81	24	8	7	7	7	9	6	8	17	10	13	32	21	7	1	5	7	9	14	17	22	11	7	8	17	13	10	8	7	7	19	9	1	4	4	125	2	19	11	12	12	2	3	7	10	11	3	8	12	211	73	14	15	39	6	13	14	13	3	9	7	19	23	9	2	6	3	8	174	7	87	14	30	6	0	11	13	16	5	32	19	4	52	35	21	8	6	59	7	9	101	97	7	8	7	5	13	26	21	5	8	13	6	2	5	4	20	14	9	3	14	108	9	21	17	13	7	7	8	12	18	4	17	14	7	12	10	7	59	12	19	2	12	10	6	15	1	3	11	14	8	3	12	8	15	13	8	17	3	16	8	7	16	21	104	14	7	14	7	6	4	8	4	8	9	59	15	5	8	14	10	11	7	17	6	23	40	11	9	8	8	6	3	11	4	5	6	8	12	6	13	10	24	3	2	7	12	17	10	13	11	6	17	5	5	5	12	20	14	8	8	9	14	6	74	4	10	9	1	6	18	15	10	10	2	96	14	11	1	14	3	4	3	5	16	6	9	8	52	5	19	8	26	4	11	8	9	5	9	16	10	20	4	7	8	14	158	7	14	5	5	10	21	11	33	5	7	6	13	14	66	4	8	8	11	7	7	6	19	97	5	8	3	4	19	5	7	10	13	6	2	10	2	10	8	9	18	11	6	12	2	8	3	14	7	15	7	14	1	4	15	23	10	6	2	20	7	12	16	10	6	6	8	22	4	5	8	4	8	8	47	13	17	3	10	3	17	9	3	20	25	11	8	16	13	16	12	7	11	8	16	4	17	12	8	9	17	2	13	9	7	17	78	26	15	12	17	106	8	12	8	5	8	6	6	9	11	9	4	10	8	5	15	5	10	8	10	8	9	9	28	18	17	6	26	6	3	10	8	50	6	11	15	14	104	10	8	33	13	8	7	18	6	11	2	13	13	25	17	5	13	22	7	6	6	12	12	6	3	18	9	9	2	7	8	1	15	12	9	14	7
