MutationType	SP53460	SP50827	SP50263	SP50317	SP54113	SP50406	SP51824	SP55387	SP52779	SP55235	SP50713	SP50611	SP50485	SP51037	SP55142	SP53387	SP54745	SP52284	SP53618	SP52232	SP50412	SP50321	SP53548	SP55004	SP56079	SP56168	SP54363	SP53810	SP50518	SP56303	SP55711	SP55509	SP55309	SP52607	SP52667	SP51446	SP50592	SP53073	SP56638	SP56537	SP57586	SP56541	SP56553	SP56771	SP57941	SP57818	SP56460	SP56474	SP56704	SP56533	SP56730	SP59245	SP57024	SP57933	SP56754	SP56827	SP57084	SP57538	SP57735	SP57669	SP56566	SP56569	SP58342	SP58349	SP56644	SP57629	SP56941	SP57619	SP58245	SP57251	SP56502	SP58668	SP58101	SP58991	SP56607	SP58326	SP57267	SP57066	SP57901	SP57651	SP57450	SP57846	SP58612	SP56821	SP58882	SP57189	CPCT02020306T	CPCT02110002T	CPCT02020308T	CPCT02020305T	CPCT02010356T	CPCT02020337T	CPCT02010373T	CPCT02020343T	CPCT02020353T	CPCT02020334T	CPCT02140018T	CPCT02140021T	CPCT02040039T	CPCT02010409T	CPCT02110010T	CPCT02070025T	CPCT02040045T	CPCT02040051T	CPCT02040054T	CPCT02140028T	CPCT02011006T	CPCT02040302T	CPCT02011015T	DRUP01040009T	CPCT02011018T	CPCT02270045T	CPCT02120088T	CPCT02011022T	CPCT02010722T	CPCT02011021T	CPCT02011019T	CPCT02011008T	CPCT02011017T	DRUP01010116T	CPCT02011029T	CPCT02020887T	CPCT02040214T	CPCT02190052T	CPCT02010699T	CPCT02040213T	CPCT02070276T	CPCT02040208T	DRUP01040010T	CPCT02040315T	CPCT02040313T	CPCT02040312T	CPCT02010727T	CPCT02010728T	CPCT02011031T	CPCT02011035T	CPCT02011038T	CPCT02010927T	CPCT02070447T	DRUP01020043T	DRUP01270007T	CPCT02011040T	CPCT02011032T	CPCT02010738T	CPCT02011044T	CPCT02011036T	CPCT02020906T	CPCT02011046T	CPCT02011047T	CPCT02011050T	CPCT02390011T	CPCT02080188T	CPCT02020912T	CPCT02120100T	CPCT02011053T	CPCT02011055T	DRUP01010119T	DRUP01010116TII	CPCT02040317T	CPCT02040320T	CPCT02010955T	CPCT02011057T	CPCT02011059T	CPCT02011052T	CPCT02011056T	CPCT02270046T	CPCT02011042T	CPCT02100145T	CPCT02130173T	CPCT02011067T	CPCT02190029T	CPCT02020925T	CPCT02011051T	DRUP01010066T	CPCT02011065T	CPCT02011080T	CPCT02010741T	CPCT02011082T	CPCT02011079T	CPCT02011077T	CPCT02270047T	CPCT02410018T	CPCT02011074T	CPCT02011089T	CPCT02011086T	CPCT02011088T	CPCT02011087T	CPCT02020671T	CPCT02011071T	CPCT02040216T	CPCT02140057T	CPCT02040221T	WIDE01010002T	CPCT02010500T	CPCT02010966TII	CPCT02010942TII	WIDE01010003T	CPCT02190031T	CPCT02011093T	CPCT02011097T	DRUP01060011T	CPCT02011069T	DRUP01060014T	DRUP01010064T	CPCT02120107T	CPCT02011102T	CPCT02040330T	CPCT02040299TII	WIDE01010034T	CPCT02040332T	CPCT02230086T	CPCT02011070T	WIDE01010026T	CPCT02390020T	CPCT02011106T	CPCT02410019T	CPCT02270022T	CPCT02011040TII	CPCT02010760T	WIDE01010057T	WIDE01010065T	CPCT02020964T	CPCT02050321T	CPCT02010779T	CPCT02011105T	CPCT02011107T	WIDE01010615T	WIDE01010130TII	WIDE01010041T	CPCT02040225T	WIDE01010058T	WIDE01010083T	CPCT02040234T	CPCT02011089TII	CPCT02010781T	WIDE01010088T	WIDE01010081T	DRUP01010078T	WIDE01010079T	WIDE01010089T	WIDE01010082T	WIDE01010075T	CPCT02270049T	WIDE01010099T	CPCT02040341T	WIDE01010104T	WIDE01010090T	CPCT02040338T	WIDE01010105T	CPCT02040340T	CPCT02100156T	WIDE01010115T	WIDE01010122T	CPCT02100149T	WIDE01010121T	CPCT02010776T	CPCT02050339T	CPCT02050439T	WIDE01010130T	WIDE01010134T	WIDE01010139T	CPCT02050344T	WIDE01010192T	WIDE01010005T	CPCT02011068T	WIDE01010151T	CPCT02050346T	CPCT02160045T	WIDE01010189T	CPCT02040215T	WIDE01010176T	WIDE01010175T	WIDE01010188T	CPCT02370019T	CPCT02010802T	CPCT02010807T	WIDE01010224T	CPCT02070320T	WIDE01010217T	CPCT02070321T	WIDE01010191T	WIDE01010256T	WIDE01010241T	WIDE01010253T	WIDE01010260T	CPCT02010797T	WIDE01010276T	WIDE01010019T	WIDE01010263T	CPCT02270029T	WIDE01010287T	WIDE01010194T	WIDE01010193T	CPCT02010780T	WIDE01010307T	CPCT02270026T	WIDE01010315T	WIDE01010316T	WIDE01010306T	CPCT02010722TII	WIDE01010313T	WIDE01010334T	WIDE01010333T	WIDE01010363T	WIDE01010343T	WIDE01010036T	CPCT02010782T	DRUP01080030T	WIDE01010368T	WIDE01010242T	WIDE01010399T	WIDE01010395T	DRUP01230005T	DRUP01340010T	WIDE01010419T	WIDE01010403T	WIDE01010398T	WIDE01010422T	WIDE01010390T	DRUP01010149T	WIDE01010449T	WIDE01010238TII	WIDE01010417T	CPCT02370031T	CPCT02010811T	CPCT02010842T	CPCT02010836T	CPCT02010683T	CPCT02010852T	CPCT02040255T	CPCT02010858T	CPCT02010849T	CPCT02390026T	CPCT02010870T	CPCT02010847T	CPCT02190039T	CPCT02120147T	CPCT02010865T	CPCT02190040T	CPCT02120140T	CPCT02120138T	CPCT02370034T	CPCT02390028T	CPCT02010874T	CPCT02010867T	DRUP01010086T	CPCT02190043T	CPCT02270034T	CPCT02390030T	DRUP01270004T	WIDE01010591T	CPCT02390032T	CPCT02010853T	CPCT02190045T	CPCT02030508T	CPCT02010567TII	CPCT02040215TII	DRUP01010090T	CPCT02020784T	CPCT02010904T	CPCT02330122T	CPCT02270036T	CPCT02010894T	CPCT02010897T	DRUP01010092T	CPCT02010903T	CPCT02410006T	CPCT02190047T	DRUP01140006T	CPCT02120152T	CPCT02010895T	CPCT02040286T	CPCT02010913T	CPCT02010911T	CPCT02100184T	CPCT02330123T	CPCT02010919T	CPCT02410013T	CPCT02120161T	CPCT02010924T	CPCT02030531T	CPCT02060261T	CPCT02060265T	CPCT02010918T	CPCT02010925T	CPCT02070380T	CPCT02010931T	DRUP01010096T	CPCT02010938T	CPCT02010894TII	CPCT02010945T	CPCT02120167T	DRUP01190001T	CPCT02010776TII	CPCT02070393T	CPCT02070396T	DRUP01010101T	CPCT02030546T	CPCT02240013T	CPCT02010953T	DRUP01010102T	CPCT02010967T	CPCT02390005T	CPCT02010966T	DRUP01010038T	CPCT02050412T	DRUP01020006T	CPCT02010954T	DRUP01010104T	CPCT02070399T	DRUP01050038T	CPCT02390006T	CPCT02120172T	CPCT02010655T	CPCT02010869T	CPCT02040298T	CPCT02040299T	CPCT02010981T	CPCT02010979T	CPCT02010977T	CPCT02010982T	CPCT02040173T	CPCT02010926T	CPCT02010965T	CPCT02070404T	CPCT02010986T	CPCT02270041T	CPCT02010980T	CPCT02040174T	CPCT02010972T	CPCT02010990T	CPCT02010976T	CPCT02080156T	CPCT02010985T	CPCT02010984T	DRUP01060026T	CPCT02270043T	CPCT02010989T	CPCT02040301T	DRUP01010111T	DRUP01010110T	CPCT02011001T	CPCT02040305T	CPCT02011004T	DRUP01090005T	CPCT02020872T	CPCT02011009T	CPCT02120070T	CPCT02040309T	CPCT02040115TII	CPCT02190020T	CPCT02040172T	CPCT02020630T	CPCT02010667T	CPCT02010676T	CPCT02230060T	CPCT02010660T	CPCT02040186T	CPCT02020458T	CPCT02110017T	CPCT02010567T	CPCT02080092T	CPCT02390002T	DRUP01010024T	CPCT02040113T	CPCT02080114T	CPCT02300015T	CPCT02010531T	CPCT02010478TII	CPCT02020535T	DRUP01010023T	CPCT02040121T	CPCT02010603T	CPCT02010606T	CPCT02010609T	CPCT02010450TII	CPCT02020555T	CPCT02040117T	CPCT02040136T	DRUP01010034T	CPCT02010612T	CPCT02040115T	CPCT02010621T	CPCT02010618T	CPCT02010507T	CPCT02120040T	CPCT02080138T	CPCT02040157T	CPCT02040149T	CPCT02180002T	CPCT02020417T	CPCT02010455T	DRUP01010010T	CPCT02010452T	CPCT02010451T	CPCT02010450T	CPCT02010453T	CPCT02010407T	CPCT02020429T	CPCT02010477T	CPCT02010478T	CPCT02010484T	CPCT02020452T	CPCT02190006T	CPCT02010481T	CPCT02110015T	DRUP01010016T	DRUP01010017T	CPCT02080088T	CPCT02020482T	CPCT02010524T	CPCT02010530T	CPCT02010536T	CPCT02040093T	CPCT02020485T	CPCT02040092T	CPCT02080089T	CPCT02040077T	CPCT02010498T	CPCT02190013T	CPCT02060086T	CPCT02040106T	CPCT02040104T	CPCT02230013T	CPCT02230017T	CPCT02180023T	DRUP01010054T	DRUP01010058T	CPCT02010690T	CPCT02020639T	CPCT02040194T	CPCT02010670T	CPCT02040198T	CPCT02050283T	CPCT02010702T	DRUP01010024TII	DRUP01070030T	CPCT02050294T	CPCT02120097T	CPCT02170019T	CPCT02010706T	CPCT02040202T	CPCT02040201T	WIDE01010634T	WIDE01010610T	WIDE01010630T	WIDE01010491T	WIDE01010495T	WIDE01010485T	WIDE01010474T	WIDE01010513T	WIDE01010523T	WIDE01010528T	WIDE01010457T	WIDE01010427T	WIDE01010472T	WIDE01010501T	WIDE01010480T	WIDE01010557T	WIDE01010589T	WIDE01010549T	WIDE01010593T	WIDE01010558T	WIDE01010657T	WIDE01010667T	WIDE01010675T	WIDE01010646T	WIDE01010666T	WIDE01010648T	WIDE01010677T	WIDE01010671T	WIDE01010679T	WIDE01010685T	WIDE01010689T	WIDE01010707T	WIDE01010708T
1:Del:C:0	163	191	25	38	419	1	66	27	168	330	38	226	8	5	655	132	89	14	264	110	6	57	8	2	161	43	148	754	16	53	34	273	4	9	153	26	12	72	118	150	93	140	290	44	353	228	75	47	149	86	135	154	77	211	103	131	159	102	139	184	69	108	197	161	166	103	5	148	179	159	169	200	149	96	61	271	190	186	107	61	46	154	94	105	56	395	145	228	298	79	59	222	568	15	165	185	30	21	89	92	34	3	465	181	54	158	496	19	896	114	211	45	5	19	127	40	109	38	175	351	30	10	150	274	225	95	180	14	398	169	57	30	228	57	63	90	9	89	32	21	18	13	25	158	58	85	83	72	34	171	55	522	50	16	94	252	16	370	199	171	70	42	11	337	52	104	20	137	42	40	66	298	38	69	26	14	36	105	346	6	164	270	69	35	93	249	152	974	20	11	315	115	146	39	22	33	9	60	8	123	17	193	17	40	107	21	155	133	2	125	283	45	54	123	46	292	74	13	119	10	308	164	47	72	103	233	20	11	178	285	37	61	178	33	182	144	39	770	16	16	72	68	59	8	30	233	11	14	121	65	90	99	258	233	37	17	161	29	16	47	553	41	12	28	31	29	167	131	152	23	43	4	83	59	32	140	282	254	411	18	7	80	48	24	194	219	317	313	154	670	184	22	33	525	143	435	84	29	94	114	24	67	163	228	17	100	259	24	24	46	15	36	259	24	19	58	245	405	349	12	39	290	17	79	89	24	70	388	275	98	9	14	390	307	486	40	272	12	30	58	52	202	71	143	1254	221	357	195	167	76	18	482	64	171	277	14	32	312	19	93	66	133	39	101	37	30	115	170	321	26	185	292	197	792	114	192	8	255	181	124	120	242	114	249	254	228	61	609	81	28	206	156	59	36	243	26	88	962	34	37	78	270	42	23	25	24	41	353	70	37	20	156	16	13	11	12	121	25	150	109	34	145	59	64	44	145	11	124	137	465	15	144	38	128	176	17	75	40	184	101	12	13	296	276	159	291	27	154	64	42	624	130	317	203	178	405	161	240	59	79	16	274	198	6	258	113	183	206	15	249	341	147	128	210	254	294	341	226	186	453	402	45	28	85	50	384	391	27	153	267	86	86	45	15	28	230	287	356	91	24	13	97	129	139	44	137	64	310	89	131	247	249	399	31	41	112	208	96	229	142	12	106	468	20	50	202	13	256	15	181	143	308	386	16	69	8	63	378	79	138	181	34	56	36	303	149	9	18	89	52	306	296	30	174	9	77	131	34	802	38	9	25	16	170	66	22	241	21	429	146	52	11	43	53	102	35
1:Del:C:1	165	235	13	32	658	0	109	37	208	442	64	296	7	7	741	178	85	14	334	155	7	54	6	0	243	32	163	872	10	26	15	344	2	9	173	22	8	113	184	226	135	213	353	39	366	258	70	33	327	113	212	207	100	281	132	190	210	196	237	269	64	163	319	190	240	104	11	187	279	212	265	306	193	119	85	431	273	268	138	62	57	219	173	190	68	661	181	260	108	88	81	355	908	12	165	239	12	16	91	97	46	8	521	185	90	223	605	6	1101	137	250	56	8	8	188	14	129	30	250	408	31	9	205	254	332	177	251	11	561	248	79	24	281	51	75	98	5	82	14	8	12	8	21	245	74	88	56	92	25	59	43	819	42	10	106	301	20	421	393	293	36	55	18	600	35	141	10	158	19	19	37	357	5	128	32	8	22	131	436	4	265	402	86	24	105	289	200	1356	14	12	265	124	154	14	18	25	6	29	12	166	15	195	8	36	144	13	245	118	10	177	58	24	24	147	48	393	82	8	167	10	457	223	72	41	74	291	13	8	269	337	29	59	253	22	238	135	17	1307	12	14	74	28	61	5	8	320	5	5	160	45	145	74	310	291	51	7	207	17	10	36	782	38	14	19	11	13	322	181	172	8	17	1	117	61	31	143	323	338	601	9	7	103	28	18	235	393	401	362	240	906	223	12	15	790	206	536	46	17	114	173	20	109	180	228	16	146	461	28	19	21	9	17	326	14	11	47	249	558	423	5	39	286	11	76	102	10	77	350	372	78	14	13	557	419	579	27	399	6	21	34	31	315	95	117	1667	329	425	193	228	43	16	596	34	284	484	12	10	386	13	121	18	187	20	184	28	17	172	176	271	13	345	309	233	915	142	320	4	296	219	135	159	344	126	354	374	305	73	735	115	12	276	283	73	15	364	12	78	893	19	23	86	295	34	13	12	18	47	500	83	15	12	130	10	6	12	6	105	11	136	146	21	240	29	23	61	252	8	192	206	617	13	203	42	170	222	10	51	21	350	106	12	11	466	330	206	762	15	198	75	72	871	204	476	258	215	368	288	310	62	100	8	334	375	5	399	164	220	203	8	319	424	166	158	412	260	295	350	296	282	707	527	80	28	135	28	419	588	16	243	472	64	132	56	15	33	245	575	423	116	12	11	60	155	182	16	226	70	459	120	178	348	176	560	24	27	140	276	152	316	191	10	190	504	12	44	223	17	256	13	278	279	304	450	13	102	9	46	609	47	181	265	33	44	39	269	146	2	10	89	33	368	328	39	171	0	62	145	15	1185	28	11	24	7	252	81	12	299	13	577	172	64	8	51	77	200	18
1:Del:C:2	171	224	14	10	580	2	89	40	177	452	46	263	4	4	603	125	62	8	280	125	4	48	2	0	229	16	161	844	6	13	8	285	3	2	149	15	4	101	163	168	113	175	314	34	303	223	62	6	302	84	170	175	82	211	76	159	193	140	160	227	41	121	266	156	217	54	4	181	179	142	188	256	144	101	93	370	247	203	87	46	29	198	123	178	50	625	147	202	88	97	69	286	806	12	143	224	6	9	87	83	34	4	465	144	87	193	518	9	1073	119	240	43	5	7	147	12	91	31	221	346	20	6	160	235	296	147	234	2	522	205	59	22	198	23	59	81	0	90	6	2	6	5	12	192	49	61	35	73	19	79	32	738	41	9	90	253	11	354	336	234	10	34	10	451	25	116	8	161	10	12	12	357	5	83	10	5	13	116	419	7	220	367	76	7	89	313	178	1232	5	4	200	102	126	11	11	7	4	14	2	120	4	178	4	29	124	9	206	90	4	161	72	6	18	114	35	339	55	6	136	7	372	166	54	21	82	263	4	2	228	305	14	53	197	5	159	117	15	1132	3	14	59	26	30	2	3	269	6	0	143	29	152	68	251	260	44	5	104	7	3	19	697	30	4	5	6	5	218	157	128	5	15	0	88	59	24	119	268	271	567	6	4	74	12	17	203	352	398	301	202	864	181	4	8	715	159	447	22	10	117	137	3	105	139	205	6	117	441	30	8	13	5	8	322	6	7	40	234	477	385	3	36	243	9	64	102	3	55	287	299	64	8	6	440	429	404	8	316	5	11	28	21	297	72	85	1402	297	387	166	192	26	9	587	22	255	386	5	5	373	3	107	16	149	9	169	17	7	127	137	202	8	305	301	201	811	118	283	3	269	171	101	148	281	82	292	290	262	64	631	78	8	222	238	47	10	340	6	65	850	9	19	75	274	30	6	5	8	43	376	56	7	5	75	5	5	5	2	84	5	111	124	9	225	20	17	46	202	6	189	172	567	7	171	30	115	189	9	47	8	244	102	2	11	409	249	168	825	11	146	50	49	764	219	467	271	196	316	246	252	47	73	1	265	334	2	345	127	214	164	1	238	394	119	126	359	164	283	304	232	236	652	437	57	24	85	27	294	490	3	236	367	54	116	45	7	11	239	521	393	101	6	2	40	143	151	8	164	76	367	84	131	290	146	475	7	8	104	221	120	264	154	2	168	450	8	57	204	10	166	13	222	219	306	385	7	80	5	30	555	35	154	189	25	25	28	264	119	5	3	60	9	313	260	20	183	0	49	97	9	1069	13	4	15	2	231	67	13	254	3	510	155	46	1	60	53	147	10
1:Del:C:3	43	71	8	7	188	0	36	12	80	144	15	73	0	4	271	43	28	6	109	52	1	19	0	0	77	11	50	268	4	3	2	89	1	2	50	9	3	36	43	61	40	64	117	14	94	94	29	6	110	34	60	62	39	79	35	71	80	60	78	73	19	46	72	53	72	34	2	68	80	69	65	101	72	49	35	129	96	84	25	11	13	57	55	63	21	213	57	67	249	27	32	126	272	3	36	82	5	8	28	39	8	0	133	54	44	61	168	3	404	56	99	14	2	2	53	6	33	16	72	132	9	2	62	82	110	38	92	2	183	64	24	17	117	23	17	27	0	24	2	5	4	5	5	55	21	29	19	36	7	176	16	249	8	2	39	95	2	133	125	86	19	16	6	199	16	52	1	62	8	11	10	133	6	28	7	3	4	51	135	3	95	107	30	12	24	107	65	429	6	3	66	32	55	9	5	8	2	4	0	59	5	65	3	13	45	4	70	50	0	46	200	11	11	44	15	114	18	6	61	4	159	57	29	14	26	87	11	5	73	111	10	29	95	10	61	26	4	356	2	3	33	102	23	5	8	96	2	5	46	21	42	32	87	73	13	3	61	3	11	9	237	15	3	8	4	2	87	62	63	2	9	0	31	15	15	48	73	102	188	2	1	38	6	8	78	111	140	97	77	287	66	2	4	197	48	185	10	6	34	40	3	31	50	56	7	50	140	9	8	12	4	12	96	2	6	20	94	138	118	5	13	92	8	25	34	6	40	97	115	22	2	4	175	134	173	5	92	1	5	9	12	107	26	43	466	108	126	61	71	20	2	171	19	79	125	2	2	133	4	26	8	71	3	57	7	7	57	52	65	6	115	97	60	280	29	79	2	96	74	42	55	134	39	124	101	90	24	204	41	10	70	98	20	8	98	3	41	874	7	8	32	87	8	6	8	8	18	146	23	4	0	35	1	4	8	0	43	2	32	47	5	61	7	6	18	82	4	66	52	196	2	57	5	35	73	3	24	1	87	42	8	1	155	82	77	253	8	70	23	13	284	55	147	86	71	103	107	100	29	34	1	96	147	0	104	61	74	58	2	85	119	40	60	107	72	110	89	81	72	192	171	19	11	32	16	112	236	4	67	134	16	38	22	6	13	92	187	129	40	1	2	26	54	56	5	72	19	142	32	56	126	62	172	5	15	58	64	43	95	56	3	55	160	2	22	94	4	70	0	107	70	85	132	3	40	1	13	202	18	51	66	12	21	6	81	44	2	2	50	5	117	110	10	48	2	19	40	6	399	12	1	8	7	116	23	3	75	4	153	47	16	3	18	27	67	5
1:Del:C:4	35	47	7	8	135	0	24	10	45	120	14	51	2	2	166	31	13	4	68	31	1	8	0	0	40	6	40	176	7	5	2	56	0	0	35	3	1	20	38	49	40	43	78	16	69	47	21	10	96	27	47	49	24	59	21	35	44	56	67	50	14	41	67	37	65	23	3	44	80	46	44	66	64	24	34	100	68	51	28	19	7	42	44	33	18	129	39	51	718	23	21	64	198	0	48	52	2	4	12	32	15	2	101	41	22	57	131	3	309	32	55	9	1	2	40	8	33	7	49	73	10	2	36	44	70	33	53	1	127	57	22	15	62	11	23	11	1	18	4	2	5	2	1	46	14	12	9	32	4	379	13	178	8	2	29	69	4	74	84	62	7	11	8	169	13	29	4	49	7	4	9	85	3	23	6	1	5	22	106	1	58	82	22	2	28	78	33	283	5	0	41	28	26	3	0	1	0	5	2	37	7	53	1	17	49	2	47	38	0	35	387	7	4	28	13	94	24	4	35	1	109	40	9	7	19	71	3	1	73	81	7	20	55	1	52	33	2	267	3	2	15	301	12	2	0	68	3	0	30	6	37	27	61	50	9	2	41	1	3	12	201	7	2	8	4	2	55	58	46	0	4	1	25	22	8	41	56	61	145	1	3	10	7	8	40	103	109	61	51	224	34	5	2	153	41	132	12	5	37	35	0	19	45	50	3	30	122	3	6	5	1	2	74	4	4	7	45	99	87	1	12	58	2	22	35	4	15	62	68	17	1	4	107	98	96	8	77	5	3	9	4	83	25	25	333	70	85	52	48	10	4	115	13	64	96	1	1	108	0	27	8	40	5	32	8	0	44	29	44	2	81	53	37	216	22	66	1	47	37	22	33	87	17	65	70	82	21	166	22	3	61	71	15	9	105	4	26	1355	7	5	28	71	14	0	4	1	15	103	17	2	2	37	2	1	2	1	30	2	35	35	5	47	8	6	17	61	4	48	37	135	2	56	11	25	47	2	11	3	67	14	1	2	72	68	50	157	6	38	13	11	256	44	107	61	72	54	50	69	12	31	1	60	87	0	78	39	60	49	1	58	83	39	41	89	47	79	69	67	48	144	100	16	8	25	7	73	153	3	43	104	14	29	5	3	9	66	122	79	25	3	0	13	41	47	3	45	21	111	19	34	67	32	110	7	4	29	48	30	93	36	0	35	100	1	6	52	4	47	0	62	50	64	88	3	22	2	9	134	10	32	51	8	11	11	56	28	0	3	19	10	80	73	7	48	3	18	26	2	293	4	2	6	5	66	21	4	58	0	103	37	4	1	9	13	41	4
1:Del:C:5	14	19	4	2	57	0	12	4	24	61	5	35	2	2	84	19	9	3	32	16	0	8	2	0	38	2	22	83	1	4	0	28	0	0	11	4	1	14	22	24	21	26	70	10	30	31	20	8	47	15	19	22	17	31	16	13	25	20	37	37	6	17	41	31	30	23	2	21	66	26	36	46	34	15	12	58	31	38	7	12	5	21	30	19	13	93	20	34	2435	14	7	48	112	2	20	33	4	3	7	25	7	0	49	22	10	17	90	8	175	26	39	15	2	4	28	15	29	10	29	48	5	2	21	41	39	21	23	3	78	18	18	6	34	6	7	10	1	20	6	1	3	0	4	38	4	24	18	16	4	1272	3	98	10	3	11	40	3	56	49	46	17	15	6	67	6	28	4	26	16	6	8	58	5	14	6	0	2	26	81	1	54	46	15	9	21	43	21	153	5	8	27	18	17	9	3	11	3	5	3	28	6	25	5	1	21	8	30	23	1	15	1187	7	15	35	7	58	16	0	16	4	69	30	16	2	17	29	5	4	23	47	13	9	37	7	27	18	4	148	2	7	14	789	1	2	3	22	1	2	17	2	18	12	36	21	9	0	32	11	5	6	118	7	0	6	3	7	42	43	47	0	2	1	16	11	4	18	32	45	77	5	0	8	25	16	29	57	53	33	43	139	33	3	3	79	30	94	8	5	16	23	3	5	44	32	27	24	69	5	15	28	5	5	33	7	6	9	16	71	48	3	6	26	3	13	20	9	13	54	47	17	3	4	69	90	59	8	31	0	4	15	4	32	12	11	170	40	50	35	18	18	2	69	15	34	49	4	0	69	5	16	34	34	1	20	2	6	17	26	28	3	55	28	25	113	27	40	0	47	27	17	20	40	22	48	38	49	9	94	16	11	38	52	8	1	50	8	20	3452	1	9	12	44	1	3	5	12	11	76	10	3	3	25	5	3	3	2	17	2	24	27	4	32	14	12	5	59	3	30	25	65	7	39	4	13	13	2	10	1	33	18	1	8	62	29	36	79	7	19	8	9	163	16	67	27	35	35	47	45	7	11	1	37	54	1	40	20	46	27	1	34	68	20	29	77	36	49	33	43	34	89	55	10	2	16	5	40	82	6	36	71	9	12	5	4	10	40	83	38	21	2	2	13	34	25	1	34	5	49	10	20	44	19	64	10	13	15	26	16	49	18	1	32	78	5	16	24	1	34	5	38	21	30	28	11	15	1	7	72	17	17	29	5	9	11	55	28	2	2	14	4	56	50	4	36	0	8	18	3	142	6	0	4	4	42	2	5	40	0	75	20	13	3	4	6	20	4
1:Del:T:0	46	68	14	16	141	0	28	15	50	123	21	70	5	8	217	47	42	11	83	33	6	16	8	1	47	18	53	229	10	33	10	75	1	6	38	15	10	32	54	67	33	49	108	26	109	75	44	19	73	32	73	69	27	83	57	42	60	75	68	87	19	42	88	81	73	55	5	58	81	70	67	79	65	47	32	100	80	91	53	28	23	60	47	55	33	167	43	69	151	28	29	75	224	24	58	75	14	12	27	40	24	9	140	50	32	77	133	9	333	75	83	25	10	16	67	24	52	15	68	141	24	15	59	80	91	48	77	13	137	72	43	22	85	66	36	28	5	56	13	7	13	12	12	75	25	56	47	30	21	86	39	226	11	16	42	90	20	150	90	78	38	22	13	179	32	31	6	49	18	17	26	98	9	43	26	8	18	36	103	7	86	107	21	23	42	104	58	357	10	10	110	50	62	19	18	23	11	21	10	60	3	61	6	23	41	23	64	54	7	70	81	22	34	49	22	112	33	12	51	17	116	86	33	47	35	69	14	8	71	115	25	27	69	23	96	47	26	311	17	9	32	35	37	6	14	93	13	9	46	56	48	35	73	71	26	6	74	23	16	27	170	19	5	21	19	16	71	77	69	11	17	6	44	32	28	46	87	123	163	9	13	32	20	22	50	114	127	96	108	221	63	15	24	164	69	138	41	12	35	63	14	45	77	79	14	43	120	17	21	41	13	24	81	17	16	35	69	134	119	8	19	129	20	49	37	16	28	100	118	91	6	12	142	145	169	44	80	5	9	24	18	105	38	63	359	91	133	90	59	32	11	138	39	74	153	10	14	117	12	56	46	67	18	69	17	10	43	66	108	14	100	84	73	233	49	90	5	76	73	44	61	92	60	101	65	131	36	178	41	11	71	71	31	20	74	16	53	462	16	21	47	89	20	24	15	29	20	181	35	10	18	59	14	6	10	13	54	10	61	55	14	66	32	30	24	73	11	60	70	175	12	55	22	48	62	12	27	23	74	53	5	11	116	60	69	133	25	60	22	22	275	49	153	82	88	86	79	114	52	44	7	80	100	6	103	39	99	76	10	84	106	61	53	96	72	128	91	94	80	167	123	24	12	47	32	138	140	18	52	120	31	32	22	13	15	91	125	105	40	17	9	59	53	53	9	66	25	105	57	46	117	128	123	29	31	43	81	42	129	62	12	37	147	17	30	75	19	68	10	88	79	94	121	13	49	9	32	156	31	52	69	26	21	14	91	67	4	8	37	27	89	133	22	39	4	62	60	18	270	15	15	14	8	72	32	18	74	11	139	45	14	12	22	28	48	23
1:Del:T:1	36	74	16	10	123	0	23	10	59	112	14	54	7	2	168	60	58	7	88	25	6	21	11	0	68	20	47	261	15	16	9	75	3	3	43	6	13	42	46	53	37	54	108	17	96	79	21	8	67	20	51	47	27	70	29	46	53	49	46	71	16	35	78	42	46	41	6	56	75	38	43	66	64	33	24	78	52	64	30	20	17	66	37	32	34	129	40	51	108	21	24	45	156	14	43	63	13	17	30	45	20	3	117	51	28	65	142	10	316	49	86	27	8	12	42	13	34	13	68	122	24	10	46	74	69	35	79	6	108	60	31	13	68	33	21	28	4	36	13	7	15	7	20	61	11	42	27	23	9	70	34	195	22	13	32	79	14	133	58	65	29	19	6	130	19	27	5	52	14	17	16	105	14	26	11	4	20	29	98	1	64	92	22	14	29	89	39	285	10	8	76	33	53	16	18	17	11	14	5	43	4	54	8	12	41	12	64	45	8	52	72	13	29	30	10	91	24	6	39	10	97	75	24	25	25	88	6	5	40	81	9	24	51	15	46	32	18	299	8	11	26	36	42	8	9	90	6	8	34	65	47	26	71	62	17	6	42	16	11	28	174	14	9	10	6	12	45	43	36	5	11	3	35	32	15	31	78	62	125	4	5	29	16	15	29	94	132	64	78	193	67	21	17	147	58	144	24	11	26	43	11	27	53	71	12	30	86	11	15	13	10	16	80	7	7	31	63	137	93	5	17	100	20	34	35	5	16	72	79	52	13	9	121	116	155	48	71	4	13	28	26	66	29	41	378	68	112	58	70	22	8	152	22	59	126	14	8	104	7	22	23	50	11	53	19	12	39	45	77	13	78	64	60	200	33	75	1	60	62	37	50	81	48	88	76	75	15	161	30	10	81	63	12	17	80	12	35	419	12	20	24	76	15	13	18	21	29	124	28	16	8	47	8	5	8	5	39	5	43	36	12	44	22	19	16	43	14	39	68	178	5	38	21	32	38	7	28	30	50	33	5	12	93	54	46	171	22	45	20	13	212	20	165	72	80	76	55	89	39	36	6	78	67	5	70	37	59	48	10	67	97	37	37	101	57	86	77	90	61	144	100	17	11	25	14	145	113	14	60	83	30	31	22	10	13	71	109	102	28	5	7	41	36	41	7	61	28	95	41	40	65	81	113	4	20	48	55	27	67	40	6	25	130	15	13	59	5	58	3	63	47	79	99	11	25	8	18	148	31	47	65	21	17	17	78	35	3	8	21	20	96	83	13	42	6	50	48	5	247	12	8	12	8	66	33	10	60	12	145	38	14	4	21	27	39	7
1:Del:T:2	26	38	14	13	76	0	22	6	35	69	11	39	2	4	163	31	18	4	55	20	2	17	6	0	26	16	25	113	7	14	10	40	0	4	27	9	8	29	34	51	37	24	71	13	61	41	26	13	40	29	42	49	23	67	27	22	37	44	34	51	16	32	49	43	47	38	6	35	39	51	45	49	39	34	17	69	44	35	37	19	11	37	32	27	27	79	38	46	144	20	19	45	114	16	46	39	13	12	26	27	11	5	87	33	19	33	98	9	228	34	55	24	6	14	27	12	30	16	35	99	24	9	33	44	54	35	41	2	65	33	38	8	45	36	23	27	3	28	10	4	15	9	12	48	15	38	51	26	11	141	24	115	9	11	30	68	11	99	46	38	38	11	15	92	23	31	14	36	26	20	17	54	10	36	23	6	12	26	72	7	48	65	19	21	36	70	32	187	13	3	67	37	35	13	9	20	10	11	9	45	9	42	7	15	30	22	39	41	4	36	119	9	22	31	13	71	14	11	47	7	72	55	20	25	21	41	11	6	60	71	19	26	49	16	50	36	16	189	2	18	27	75	30	6	9	52	9	8	25	79	22	21	48	54	13	6	39	17	13	17	128	17	6	9	14	10	32	35	37	5	11	1	19	20	19	27	51	81	83	5	5	24	18	15	36	60	95	67	77	119	53	20	21	96	38	97	37	21	25	28	15	15	50	56	13	25	56	9	10	18	8	18	55	11	9	14	35	77	61	8	12	98	9	21	28	4	24	65	69	52	11	13	78	117	91	20	75	4	12	16	19	58	23	35	197	54	77	58	38	16	19	73	46	57	96	13	6	84	12	29	32	45	4	37	17	12	35	46	70	8	56	64	40	145	37	53	4	52	44	25	46	65	50	76	44	90	22	107	28	7	49	48	20	16	54	13	40	546	18	26	32	51	15	9	9	13	20	101	38	11	6	39	6	4	10	9	33	8	35	28	15	37	21	31	12	58	11	39	31	112	11	30	16	44	36	8	30	17	46	33	7	7	82	46	36	75	14	49	18	19	139	32	93	50	72	57	39	76	28	38	10	61	57	5	52	34	65	55	8	45	78	59	37	59	50	84	70	77	61	98	72	20	5	38	26	105	68	20	36	108	32	25	16	4	14	57	82	59	23	15	5	55	26	39	13	23	20	54	27	34	54	74	58	17	17	44	54	27	87	29	5	23	86	7	18	46	11	49	7	52	36	53	59	14	26	10	25	96	33	28	42	23	31	6	66	50	5	8	34	15	58	101	17	47	2	45	49	9	171	25	5	11	12	64	19	9	43	13	95	42	18	4	16	21	38	17
1:Del:T:3	41	66	12	30	110	0	23	7	47	82	10	36	5	5	184	39	40	11	51	20	4	23	17	2	24	15	42	116	15	29	10	50	2	6	25	11	9	16	49	64	49	40	64	19	93	51	39	24	65	50	51	36	18	89	40	33	62	54	52	65	14	54	61	62	61	59	5	59	77	78	63	72	48	29	18	77	61	52	39	23	24	34	33	38	41	133	35	47	748	28	19	51	126	13	43	49	12	8	13	26	11	3	101	51	18	48	102	9	274	35	58	16	10	3	31	10	41	7	28	112	14	8	34	57	83	35	56	8	94	43	39	19	55	20	18	31	0	30	9	5	8	10	5	42	16	30	62	27	10	480	16	165	9	9	37	98	19	119	65	46	51	15	6	95	16	27	8	36	20	22	25	81	12	37	11	4	21	45	102	6	49	93	30	22	40	91	33	262	9	12	116	52	40	19	13	20	7	24	13	53	15	48	7	16	41	14	43	56	6	69	419	15	21	47	23	86	22	9	48	13	81	51	28	33	32	63	14	2	63	84	20	15	39	20	63	33	20	243	3	8	18	407	25	9	13	63	6	5	24	70	31	27	60	70	20	11	61	44	9	20	115	13	6	17	13	13	49	67	53	10	25	2	29	36	16	31	78	101	108	6	5	14	20	10	38	82	96	66	77	168	43	16	9	115	33	147	39	8	31	36	13	17	55	70	18	26	55	8	26	27	11	21	61	7	18	26	40	109	58	9	17	81	7	23	23	15	23	86	86	53	6	10	97	122	134	40	64	8	12	20	19	102	23	42	235	85	77	73	49	21	12	114	30	43	112	5	12	89	11	22	65	47	8	47	15	9	39	72	113	9	72	53	62	178	49	70	0	67	49	23	38	57	46	96	77	102	24	133	31	16	52	54	24	13	65	10	54	1330	19	28	29	75	13	15	18	17	32	123	34	11	14	44	6	4	11	6	58	16	40	47	6	49	22	17	15	67	6	36	48	122	8	29	19	51	45	9	37	30	76	39	10	7	98	42	50	82	23	63	21	11	181	43	115	59	75	62	47	126	19	33	4	78	63	3	80	28	103	68	6	43	80	51	35	118	69	61	60	88	57	110	71	21	5	41	23	108	96	12	46	105	28	33	7	10	21	39	97	92	35	16	6	36	50	50	9	50	14	97	38	37	81	67	77	16	24	35	55	43	101	49	7	27	116	9	26	41	12	67	9	73	56	78	77	14	45	9	19	106	30	45	44	16	18	13	100	46	5	8	42	19	79	125	17	43	4	24	37	10	172	19	8	18	8	79	16	11	55	4	127	26	13	4	11	16	44	19
1:Del:T:4	16	36	20	14	58	0	24	3	34	56	6	38	4	6	141	32	32	8	45	19	0	12	5	0	26	10	21	52	14	16	11	48	3	5	18	8	5	29	31	42	24	31	62	24	138	34	24	22	43	25	39	43	28	60	24	19	55	58	40	37	10	28	45	61	30	43	1	37	54	129	42	43	47	29	14	76	48	38	26	22	17	31	25	24	25	102	21	21	2158	19	23	46	88	9	23	28	11	3	13	21	11	3	59	32	16	32	63	15	187	27	42	11	5	13	35	16	18	11	32	65	20	5	30	33	38	25	46	4	51	27	24	10	46	11	22	18	0	35	10	3	7	6	17	45	12	37	52	23	11	1354	16	107	13	10	20	52	8	73	49	47	63	16	4	63	23	34	10	32	23	11	22	45	16	30	12	3	11	25	66	2	51	44	23	15	28	76	29	144	10	1	57	27	29	25	8	16	7	17	9	29	7	45	3	12	24	16	49	59	1	29	1256	8	23	44	13	67	23	7	30	13	58	43	18	32	14	27	8	6	46	47	18	18	39	11	47	15	14	137	8	7	35	1087	25	4	7	37	8	2	21	37	31	18	39	33	17	1	50	39	11	21	87	10	9	17	9	10	31	38	39	4	10	0	24	16	11	25	49	68	71	5	4	9	28	15	15	67	52	41	75	136	32	11	10	56	23	117	32	16	15	39	11	12	56	35	22	18	48	9	15	35	4	19	34	9	20	19	36	66	35	6	11	43	5	18	22	15	27	58	50	35	2	9	69	104	79	26	34	12	6	19	12	44	19	34	121	39	51	39	34	24	9	77	30	41	76	10	6	78	7	22	64	39	14	36	9	13	35	36	62	12	65	42	47	102	32	39	1	36	32	17	41	52	31	65	44	86	29	86	22	24	51	44	13	7	46	12	26	3090	17	25	41	40	11	5	12	27	17	107	15	13	4	47	5	3	3	4	47	5	27	35	10	40	30	16	5	92	6	37	20	75	4	28	9	26	22	13	26	21	45	24	4	3	59	31	47	65	9	37	15	7	109	22	90	28	56	67	26	75	13	17	8	55	58	1	63	34	87	52	9	38	46	41	35	50	40	54	42	55	40	60	46	8	7	37	19	101	63	13	35	55	24	14	19	10	10	34	56	49	17	12	11	34	26	53	14	38	12	49	20	30	47	23	52	17	24	33	33	25	83	44	3	21	90	11	22	33	8	45	12	39	45	45	43	8	17	2	15	55	37	26	31	6	17	3	47	44	1	9	32	23	47	97	14	41	3	25	31	14	106	19	3	10	8	58	8	13	36	4	75	19	10	5	20	10	32	17
1:Del:T:5	27	67	40	101	90	0	31	2	38	81	9	36	10	21	249	32	75	29	37	13	6	8	16	0	20	31	56	69	17	48	16	35	3	2	28	9	12	30	47	109	75	37	147	43	87	66	92	123	71	64	97	76	33	211	57	34	106	112	89	83	47	70	110	85	114	199	7	48	125	90	113	103	114	111	35	172	114	71	58	36	72	58	78	78	85	286	16	55	43244	51	72	76	247	16	169	90	73	40	52	93	46	4	143	200	33	88	120	231	716	51	92	46	20	32	92	156	66	73	205	300	189	10	154	99	71	101	58	38	100	34	101	23	195	48	107	37	1	86	46	12	62	5	57	299	62	152	270	24	112	26774	35	270	70	21	94	144	30	416	102	95	823	121	10	110	98	64	22	60	360	90	223	133	79	110	75	30	76	365	599	13	86	81	60	82	61	169	135	730	34	80	176	295	91	232	21	145	98	155	33	69	55	112	28	27	68	120	65	276	14	40	19421	79	149	118	88	241	144	7	129	27	139	74	87	146	151	151	57	11	102	95	109	85	92	49	119	71	37	292	53	58	196	15723	163	51	22	80	36	13	73	48	87	40	219	93	68	18	103	276	35	142	463	22	26	85	98	29	49	170	117	29	39	13	229	114	47	177	247	91	118	8	9	20	520	224	52	183	133	84	340	443	126	63	57	155	130	805	67	135	22	83	39	19	136	235	276	42	70	25	224	427	48	67	70	36	83	146	68	365	149	15	65	112	24	37	63	179	58	604	318	118	12	78	161	441	281	190	90	9	48	291	37	153	36	232	175	71	135	98	52	179	26	138	90	47	98	14	53	356	20	69	745	229	71	66	55	144	136	244	187	35	194	140	230	395	122	122	6	104	94	27	87	168	136	229	157	295	105	378	58	201	137	154	99	43	306	126	85	49896	87	123	236	147	21	17	54	223	40	343	131	57	40	118	45	27	27	11	226	54	152	121	29	265	308	143	17	1045	56	136	67	157	14	129	83	59	31	31	39	76	61	116	12	41	95	19	189	61	160	83	58	33	353	47	554	71	132	99	62	222	65	66	8	118	84	14	122	99	644	99	119	54	200	235	90	144	69	250	75	230	105	136	72	59	18	141	85	357	75	91	53	187	126	16	41	109	69	134	86	115	122	54	150	220	71	151	30	61	20	135	39	56	45	108	77	137	126	137	139	85	277	60	10	61	474	56	85	82	63	77	27	117	52	142	67	42	38	26	128	128	328	105	37	73	131	15	216	401	15	33	79	119	117	484	31	318	10	182	163	71	270	35	10	39	46	182	23	72	73	8	359	51	25	22	70	28	45	32
1:Ins:C:0	8	9	0	3	41	0	5	1	14	14	3	7	0	1	30	16	15	2	13	6	0	3	4	0	12	4	10	29	2	5	2	8	0	3	2	2	1	7	20	16	12	17	18	2	13	13	10	7	17	6	20	25	11	17	11	8	15	15	17	10	5	19	46	33	15	8	1	10	14	15	18	27	23	6	5	26	48	22	9	4	16	15	17	15	14	39	12	17	71	8	6	19	46	2	12	18	8	1	6	17	4	0	36	19	9	14	103	10	82	83	27	8	3	3	20	11	12	7	15	95	20	6	9	20	22	14	16	0	37	14	4	5	35	6	15	15	1	6	9	1	6	5	3	21	9	9	36	11	12	30	5	35	11	3	15	66	16	115	19	25	22	9	3	58	9	12	3	11	7	5	3	20	6	8	6	7	11	19	29	2	14	26	6	9	43	29	13	68	4	13	22	3	62	5	44	17	1	2	5	14	1	20	1	2	12	4	16	59	7	14	104	12	23	9	11	28	12	5	12	6	26	25	4	11	15	21	12	1	15	26	9	4	14	12	20	12	14	65	5	10	10	25	8	2	4	23	6	5	14	8	3	9	21	10	12	4	17	13	5	9	59	5	3	5	5	8	6	26	8	3	4	2	16	11	9	14	18	20	40	1	3	7	4	6	54	38	25	27	27	40	21	5	5	40	8	54	3	3	7	18	6	11	16	19	9	13	35	3	5	11	6	6	24	10	2	14	10	35	27	4	5	26	12	7	13	2	10	24	18	14	1	6	26	35	38	65	11	2	5	6	11	23	5	17	101	23	25	83	14	10	3	28	14	11	38	5	7	28	1	10	24	16	10	7	20	10	8	10	25	2	20	104	17	41	13	21	2	14	11	8	16	21	17	256	15	30	6	43	11	21	21	11	46	12	20	6	32	168	5	9	17	22	5	4	2	2	10	47	11	3	2	15	3	4	0	0	7	4	21	14	6	18	9	22	66	18	4	23	7	33	8	20	5	40	13	11	8	7	25	18	6	1	24	18	38	32	10	17	12	98	76	14	35	14	13	38	24	21	5	8	1	21	25	2	15	13	22	24	4	21	29	12	8	62	31	24	49	32	20	25	25	5	4	16	8	149	24	2	15	74	5	5	14	10	13	18	29	27	9	6	9	5	12	14	5	24	6	17	5	20	16	21	27	15	8	12	13	15	31	12	2	12	49	3	2	20	5	29	7	35	15	28	25	5	6	5	3	32	8	9	21	6	5	2	35	21	2	5	59	11	24	27	6	30	35	10	12	6	60	9	2	12	14	15	8	6	16	2	37	13	6	5	6	5	11	5
1:Ins:C:1	5	2	3	1	22	1	5	2	8	9	0	12	2	1	17	6	4	2	15	9	1	2	3	0	3	4	7	20	3	1	2	11	0	0	2	6	1	3	12	9	8	5	16	0	11	6	5	0	15	1	6	7	4	6	6	3	9	5	6	8	3	3	8	5	6	4	1	4	4	7	8	8	9	6	3	7	9	7	4	4	2	5	9	10	6	22	6	6	25	5	4	8	32	4	13	7	4	3	4	9	1	2	12	6	5	11	46	5	54	22	14	1	0	6	7	0	4	6	9	34	3	2	4	12	12	3	11	1	19	17	4	2	6	9	3	12	0	4	2	3	2	4	3	10	3	7	10	4	1	16	5	26	4	7	7	16	5	43	6	15	2	4	2	22	6	4	2	11	8	4	0	7	7	6	9	1	3	5	14	3	7	16	6	1	7	24	8	35	3	2	11	4	11	2	14	10	4	1	2	6	3	9	2	3	6	2	7	13	2	8	14	2	6	8	8	13	6	7	3	2	8	13	7	5	6	17	5	2	12	7	5	5	7	4	10	7	7	39	2	4	6	10	10	0	3	13	3	1	6	12	6	3	14	11	4	1	16	3	2	2	35	5	1	2	2	4	5	9	5	2	6	2	6	3	3	5	10	8	16	0	4	5	4	1	13	12	14	5	21	25	7	1	8	23	7	16	5	2	6	5	1	4	13	9	3	3	17	6	5	1	4	5	10	4	0	5	4	17	13	3	3	20	2	2	7	2	5	10	12	9	1	3	15	20	26	6	7	0	5	8	7	16	6	7	42	9	15	13	7	6	3	16	2	12	11	3	2	16	4	14	7	5	0	7	2	1	9	6	13	1	8	9	10	21	10	12	2	5	16	8	3	13	5	14	15	15	2	18	7	2	14	13	3	7	10	2	9	67	3	1	8	9	2	4	3	1	6	21	12	2	1	5	2	3	2	3	4	2	9	5	2	10	7	10	21	9	2	3	6	21	4	8	5	9	3	0	4	4	9	6	0	0	13	9	6	20	2	8	6	27	43	7	12	8	9	14	8	5	4	6	1	11	10	2	18	5	9	7	0	10	15	5	7	19	12	11	10	12	7	26	21	2	3	5	4	21	12	4	14	20	8	5	2	5	1	6	13	12	2	3	0	4	8	5	1	12	1	8	10	7	11	14	14	3	3	8	11	8	16	10	1	4	23	2	3	7	5	11	4	4	12	14	10	3	4	2	5	23	2	10	6	4	0	3	16	12	2	1	10	4	10	11	2	5	5	9	10	5	41	2	0	0	3	15	5	2	7	3	30	5	5	3	0	1	7	6
1:Ins:C:2	5	7	3	0	17	0	9	2	5	11	4	12	2	2	8	7	4	1	7	3	0	4	0	0	4	2	10	23	3	0	0	6	1	0	3	2	2	4	3	4	2	5	9	3	7	5	2	1	7	3	5	6	5	4	3	4	5	7	8	8	0	7	7	5	3	4	1	5	7	8	7	8	12	0	2	7	7	5	2	2	1	6	3	4	3	17	11	12	20	3	3	5	29	1	3	1	2	1	2	3	2	0	26	7	2	6	19	3	47	11	15	4	3	1	4	5	4	1	3	13	3	0	3	5	7	3	6	3	14	8	2	1	9	6	4	1	1	6	1	2	3	3	4	12	4	6	4	2	0	8	1	34	1	2	6	7	3	17	4	8	2	1	1	12	3	5	1	8	2	0	2	8	2	4	3	1	2	4	16	0	5	9	2	5	5	5	6	40	1	1	5	1	4	0	4	1	2	2	1	5	2	3	1	1	3	1	2	11	2	3	9	2	1	4	5	10	1	2	7	1	19	5	5	0	4	17	2	1	4	5	2	4	7	5	3	7	4	40	2	1	2	4	2	0	1	8	1	0	3	11	6	3	9	7	4	1	6	2	2	3	31	1	1	0	2	3	4	9	5	2	1	0	6	6	1	3	10	9	14	1	1	4	4	1	3	9	8	12	10	22	4	4	2	21	8	17	1	1	6	4	0	1	6	9	5	4	16	2	0	1	2	0	9	1	1	4	5	14	10	0	1	15	3	3	6	3	3	11	15	8	0	0	6	12	17	1	9	1	1	0	2	6	7	6	65	6	13	6	5	6	3	17	0	13	12	0	1	10	1	2	2	6	1	5	1	4	3	4	5	1	8	7	4	31	4	6	0	6	6	0	6	20	3	14	15	11	7	26	2	3	14	15	7	3	7	4	7	66	2	2	7	9	0	3	0	3	2	8	4	1	1	7	3	1	3	1	6	2	5	5	2	3	3	5	4	9	2	4	3	22	1	0	2	0	7	3	6	1	8	5	1	0	14	5	8	12	5	10	2	3	23	2	10	8	5	3	5	10	3	7	0	5	7	0	12	3	5	9	1	9	15	6	8	3	9	10	5	17	7	21	16	0	1	3	8	17	19	4	3	18	3	1	2	3	4	8	17	11	3	1	1	7	4	5	1	2	3	16	2	2	10	5	11	1	6	4	8	3	10	4	0	8	8	2	3	11	2	7	2	5	4	10	11	2	5	1	3	16	3	7	6	2	4	0	12	6	1	2	4	2	4	9	2	4	3	3	3	1	46	2	0	1	0	7	6	1	12	1	17	3	3	2	1	3	1	3
1:Ins:C:3	11	9	1	4	32	1	5	3	18	20	3	6	1	0	20	16	4	1	15	1	1	1	3	0	8	1	5	26	1	0	2	5	0	0	7	1	1	1	12	4	9	5	28	3	14	7	0	3	15	7	7	8	6	11	9	3	6	11	8	6	3	7	9	7	5	1	0	5	7	8	10	21	9	6	4	15	5	14	5	2	1	8	10	6	2	27	3	12	49	4	4	15	44	1	6	13	1	0	3	2	2	0	21	6	3	3	27	0	94	9	19	3	3	0	7	0	8	3	9	22	2	0	8	14	12	6	11	1	22	12	2	2	10	2	6	9	1	7	0	1	3	0	1	9	4	3	5	3	3	24	1	29	0	2	3	16	1	21	6	13	1	7	0	45	4	6	1	8	1	1	6	16	0	6	2	1	2	12	23	1	8	22	5	0	6	14	9	71	2	0	11	5	3	5	4	1	1	4	2	9	1	5	3	1	9	1	7	11	0	8	21	0	1	3	2	24	6	0	9	1	30	8	9	1	5	21	1	0	7	11	3	8	5	0	6	2	0	59	0	1	4	10	7	0	0	9	3	2	6	2	5	4	10	7	4	0	15	3	0	4	43	1	0	1	2	1	5	17	11	0	1	0	3	7	2	5	13	14	27	2	2	3	3	1	9	33	15	15	8	38	11	1	1	28	9	38	5	2	5	6	1	3	4	13	0	4	19	1	2	0	0	0	25	2	1	2	10	31	17	2	1	12	0	4	11	1	8	12	25	8	2	1	24	23	26	1	18	2	2	2	2	13	0	4	85	11	19	8	8	6	4	21	2	7	16	9	0	14	2	4	1	7	0	10	3	1	5	5	11	1	24	8	16	39	9	13	1	8	13	5	11	30	5	17	13	17	2	30	8	3	23	22	2	2	7	0	9	173	4	1	3	7	1	2	2	2	1	10	5	0	4	2	1	2	0	1	4	0	6	2	3	8	1	2	6	4	1	10	7	26	1	7	5	9	3	1	6	0	15	6	1	1	19	16	7	15	1	13	2	10	44	7	21	25	10	8	6	22	3	5	0	12	18	2	11	13	6	6	0	10	12	5	8	15	7	13	8	10	14	40	30	3	0	6	2	21	19	0	15	11	3	5	1	0	1	12	29	21	2	0	0	3	3	7	1	5	5	16	6	4	13	9	18	5	2	6	11	6	15	2	1	7	21	2	0	15	3	9	3	11	7	10	9	4	4	1	0	33	3	8	5	3	1	1	12	14	2	1	14	1	22	18	1	8	2	5	10	1	82	3	0	2	1	11	3	0	8	0	29	5	1	1	5	1	6	0
1:Ins:C:4	4	12	1	1	24	0	2	2	11	24	1	15	0	0	27	10	2	2	14	4	0	0	0	0	8	1	5	38	0	4	1	13	0	0	1	0	1	9	8	7	9	11	27	4	11	5	1	2	17	2	5	7	4	9	3	4	7	17	7	4	5	3	15	7	9	3	0	6	0	4	12	10	12	11	9	31	8	11	2	7	4	13	6	14	4	15	9	4	132	3	4	13	46	2	6	9	11	0	2	2	0	1	15	10	6	5	40	5	69	5	24	1	1	0	5	3	7	1	15	10	9	2	7	15	12	6	2	0	23	12	4	2	16	6	3	4	0	4	0	2	0	1	0	7	1	6	3	3	3	114	2	38	3	1	10	6	2	10	13	20	5	10	0	30	5	5	0	11	1	2	2	16	2	5	1	1	1	13	13	1	5	10	6	1	0	12	5	46	1	0	11	3	7	1	1	2	3	2	3	8	2	12	1	7	6	0	9	13	2	11	43	2	4	5	1	14	2	2	6	1	22	8	3	2	4	17	4	1	11	16	0	3	7	4	4	5	0	60	2	3	4	43	0	0	1	9	1	0	6	3	11	0	11	8	3	0	3	1	1	4	31	2	0	1	3	3	10	8	6	2	4	1	9	1	0	8	18	15	24	0	0	3	5	0	10	20	12	10	7	35	10	1	0	18	10	27	2	2	4	4	3	1	3	7	6	3	19	0	0	1	2	3	11	1	1	5	6	19	9	0	1	8	1	5	9	0	4	16	17	6	3	1	21	25	20	2	14	1	0	6	0	20	1	4	71	10	32	5	8	3	2	20	2	11	3	31	1	10	1	5	3	9	0	13	2	1	7	7	11	2	13	9	8	41	7	8	1	6	6	8	6	17	3	7	12	11	1	29	5	0	8	17	3	2	14	6	10	255	6	3	8	15	4	0	0	2	0	16	5	0	2	3	0	3	2	0	8	1	11	10	3	7	2	2	3	8	0	16	8	25	2	8	1	7	8	3	1	3	6	5	0	1	14	9	8	9	3	5	6	13	49	5	16	21	10	9	13	17	1	2	0	14	8	0	11	17	13	8	0	14	21	3	8	15	2	10	17	12	11	23	15	2	2	3	0	10	29	4	9	14	5	2	4	1	2	7	19	13	4	3	1	4	2	6	2	3	6	8	7	4	13	5	10	5	2	9	10	4	15	10	1	10	17	2	8	8	3	3	2	17	4	7	13	0	7	1	3	29	5	4	10	2	4	1	7	5	0	1	4	2	6	13	5	5	0	8	8	2	75	2	0	2	3	11	3	2	9	0	22	11	3	2	6	1	9	0
1:Ins:C:5	5	12	11	4	26	0	10	5	23	23	2	9	0	4	39	14	9	7	19	6	0	7	3	0	13	3	10	35	4	5	3	14	0	1	9	6	3	7	13	19	10	20	27	9	14	12	23	10	20	7	14	10	10	26	9	8	15	15	7	12	9	4	17	8	10	21	4	4	4	5	18	27	15	10	9	25	17	22	19	5	10	27	20	10	12	36	9	16	989	17	9	21	66	8	21	23	10	1	17	10	10	4	32	24	10	15	50	16	88	35	27	13	3	4	16	18	9	0	16	32	21	6	11	28	17	11	13	6	17	8	8	7	32	6	3	8	0	23	22	5	21	7	5	22	12	28	15	12	7	536	6	51	8	5	18	26	7	40	17	27	22	24	5	48	22	18	3	6	16	12	15	16	6	8	21	7	7	18	26	11	11	24	27	21	16	22	23	85	8	8	17	11	21	19	15	13	4	10	5	23	5	13	10	10	3	11	13	22	3	7	480	13	34	13	8	17	19	6	28	3	29	13	16	17	10	25	13	0	12	29	20	9	11	16	18	7	7	67	8	9	10	255	16	4	10	23	8	2	11	3	15	20	26	19	7	2	19	54	6	11	51	6	8	12	17	6	20	24	26	3	16	5	25	14	6	24	19	22	36	2	2	5	29	20	12	31	20	11	22	58	17	18	8	26	42	59	8	5	6	11	8	9	12	11	37	10	41	14	23	22	8	10	17	12	9	16	10	39	21	7	14	14	6	11	8	5	7	33	28	15	5	3	33	57	31	13	34	3	7	13	5	23	9	7	64	17	28	20	10	21	7	12	10	26	13	18	5	33	5	8	41	42	13	22	10	18	21	25	17	4	34	22	19	51	18	30	3	22	12	11	11	31	7	19	17	31	12	35	14	15	17	33	13	6	15	17	20	1726	8	36	15	15	6	10	9	17	19	28	20	8	16	11	4	2	9	0	16	6	23	11	14	17	25	19	15	11	12	28	24	26	3	17	9	15	11	8	9	4	20	15	3	5	28	10	31	32	18	12	12	24	56	14	32	17	18	10	17	26	7	7	1	16	8	3	18	23	36	12	2	23	26	18	16	21	16	25	18	26	27	26	22	7	4	5	25	32	20	10	22	48	11	6	2	13	27	14	33	17	9	6	3	6	17	24	6	13	5	28	6	3	23	18	33	26	18	6	17	13	37	19	3	7	34	18	10	15	11	15	5	16	16	14	10	9	11	5	12	25	26	7	17	7	20	6	25	42	4	11	18	13	23	35	4	12	3	15	24	15	80	16	0	8	5	22	1	6	16	0	47	17	4	3	8	11	24	7
1:Ins:T:0	28	31	3	1	65	0	14	5	28	60	8	32	0	2	62	24	21	2	42	26	0	9	2	0	32	6	32	124	3	4	3	49	0	2	24	1	1	19	27	19	15	23	22	7	52	44	8	12	23	13	31	30	8	29	12	12	24	24	26	37	10	15	47	36	22	18	5	30	25	30	26	31	29	14	15	46	47	33	13	8	7	28	14	13	13	80	23	44	133	11	17	41	129	9	25	44	2	4	13	24	8	2	81	30	13	38	117	5	151	53	43	17	4	3	25	15	16	7	34	88	7	7	33	50	30	24	50	5	64	43	17	7	29	10	18	22	3	22	17	4	6	6	7	38	20	17	19	12	9	59	9	90	16	9	22	48	8	90	38	51	12	11	7	63	15	20	5	20	7	10	16	60	8	11	17	2	9	14	69	2	24	43	19	7	18	73	29	158	8	10	37	19	36	13	20	9	7	7	3	29	7	29	10	7	12	7	25	43	4	31	91	8	23	15	6	62	15	4	67	2	55	29	8	6	20	40	6	1	30	68	7	20	30	6	28	30	9	187	3	4	12	43	19	0	7	47	4	3	23	10	19	20	50	30	13	5	23	20	4	14	201	6	3	2	9	8	23	30	21	4	12	1	31	12	11	21	68	34	65	0	6	15	16	14	38	43	74	57	33	113	50	7	6	109	39	77	9	5	20	17	4	13	20	46	13	14	42	4	14	19	5	10	55	10	5	17	40	105	53	4	13	82	5	14	19	4	14	65	45	32	4	5	78	60	105	17	49	3	5	10	12	46	15	33	280	28	92	37	29	46	9	103	17	31	50	5	3	49	4	16	28	20	8	16	13	8	28	26	41	1	46	46	50	134	17	45	5	42	31	18	29	53	22	75	46	52	11	106	18	9	60	32	9	10	42	7	22	345	9	14	19	56	7	7	6	5	15	81	23	5	4	13	6	5	4	7	20	2	22	13	5	32	13	24	41	30	7	31	47	87	6	42	18	26	46	6	13	10	42	28	5	4	38	37	36	58	11	23	8	54	161	18	54	35	25	66	25	33	15	21	2	53	38	2	54	22	30	43	5	62	53	20	29	66	35	51	53	49	34	91	76	9	12	11	19	81	73	12	20	56	27	11	7	9	19	37	62	59	6	5	2	11	30	23	2	34	15	55	14	20	44	27	70	23	15	20	39	22	57	25	2	33	94	3	5	40	15	34	10	27	17	53	67	1	18	4	16	86	16	27	40	9	9	9	74	22	5	10	34	5	47	54	9	37	6	11	15	5	159	10	2	10	6	26	15	8	61	7	89	41	9	8	12	14	23	8
1:Ins:T:1	53	89	9	6	135	0	36	6	81	141	18	89	7	5	155	65	43	6	118	43	5	26	3	1	61	9	66	277	9	10	11	104	3	5	43	6	6	35	43	42	35	54	83	11	105	84	12	10	103	25	30	38	28	47	33	35	45	41	40	51	13	28	87	55	58	16	2	56	75	51	34	105	45	38	22	105	63	78	27	10	17	59	33	39	15	158	60	97	57	21	28	62	205	14	49	80	17	9	33	62	16	4	178	62	31	49	206	8	438	41	107	32	6	5	32	15	27	17	67	114	9	10	55	74	60	36	48	3	180	79	22	15	55	13	19	39	0	26	10	4	12	11	13	76	15	28	23	25	8	32	10	271	32	9	38	120	18	116	68	77	11	30	12	125	13	40	8	52	19	26	14	120	10	21	18	7	19	38	153	5	56	94	26	10	34	130	62	425	15	10	61	26	56	7	18	13	8	14	6	36	9	60	9	11	32	14	54	51	9	38	40	9	24	20	14	115	28	6	119	7	105	53	19	13	45	97	6	10	41	88	15	36	42	13	57	45	8	422	7	18	25	14	13	9	8	110	7	4	43	38	36	31	83	97	12	6	57	20	17	19	349	17	7	14	11	7	56	50	65	5	12	0	47	28	18	46	133	62	155	5	6	30	12	14	65	124	139	109	48	271	98	23	12	240	59	177	13	11	49	30	13	31	39	83	6	26	111	9	10	14	6	7	99	11	8	18	77	234	119	11	10	109	10	29	39	10	20	130	94	40	11	9	136	130	232	14	108	9	4	11	14	82	25	49	702	58	167	63	80	141	12	225	11	68	98	7	6	109	12	23	16	47	27	42	15	9	32	46	59	7	63	98	78	242	53	74	3	69	95	37	33	122	43	103	97	89	10	278	22	27	96	98	11	15	96	10	26	422	10	12	15	104	10	17	9	10	14	101	52	9	15	26	6	6	9	6	34	6	44	38	10	51	13	30	22	39	12	40	72	216	8	53	12	62	66	5	21	6	67	46	5	12	89	83	53	110	17	34	11	28	320	29	111	87	50	128	69	73	16	31	3	70	80	4	65	20	54	44	11	140	120	48	47	98	44	95	104	73	46	310	161	25	10	21	48	127	144	12	48	110	20	31	17	10	19	75	109	146	25	7	11	14	45	34	5	58	20	111	37	50	76	61	148	8	38	47	61	34	92	36	7	47	165	9	4	77	36	42	11	60	39	111	114	8	44	10	17	206	28	64	63	15	15	20	97	28	1	13	31	17	102	79	7	50	6	11	32	2	320	10	7	10	9	58	16	8	105	3	215	73	20	12	12	27	40	17
1:Ins:T:2	56	81	2	9	121	0	23	18	66	177	16	101	4	0	166	48	23	9	134	44	3	25	2	0	66	8	48	233	1	5	2	111	2	4	39	3	4	17	65	48	34	52	69	12	124	87	14	9	71	15	49	51	23	63	21	55	47	30	39	53	19	42	84	52	46	24	2	41	60	44	50	73	50	35	22	92	68	41	20	14	6	42	40	44	22	174	62	119	225	18	21	71	252	5	49	87	1	1	27	61	9	2	180	85	31	58	268	5	380	64	107	22	3	8	39	9	17	16	76	125	11	7	61	125	76	40	56	0	191	92	11	3	77	5	18	42	0	23	5	3	6	2	8	86	29	27	12	19	6	86	9	276	18	4	39	122	7	135	68	56	10	10	4	152	7	48	2	72	12	11	8	162	3	33	15	0	10	33	189	3	47	90	27	8	35	138	64	469	7	6	63	38	62	5	6	13	0	8	6	42	12	77	3	7	29	6	64	46	3	66	90	6	17	31	10	133	20	4	132	4	137	62	12	9	33	124	9	1	58	135	5	28	47	8	61	72	6	378	2	7	12	61	16	4	5	120	5	6	59	38	50	43	103	113	10	1	50	12	5	9	357	8	2	8	0	3	66	63	44	1	5	1	47	15	12	42	147	83	161	2	2	34	8	19	88	90	181	152	47	281	86	11	7	292	64	199	6	5	54	32	2	47	40	81	7	36	143	9	7	9	3	7	123	11	4	21	94	239	138	2	6	113	8	26	47	5	16	168	88	36	2	3	161	132	282	12	135	1	6	13	5	93	27	66	830	75	241	66	95	98	2	286	6	71	122	9	1	116	8	25	13	52	19	40	2	5	35	64	64	7	42	125	70	327	26	78	2	105	95	52	40	120	33	110	106	72	17	323	23	13	110	89	11	3	110	1	16	1098	5	10	19	142	9	4	4	5	21	127	40	7	5	27	2	0	2	3	25	1	44	32	5	54	7	9	24	50	5	40	88	238	2	67	19	60	87	1	25	3	88	61	2	7	117	111	50	95	10	33	15	27	358	39	73	90	61	136	70	78	11	38	5	79	77	2	75	34	58	46	6	166	196	47	32	114	54	86	116	107	66	306	185	29	12	33	34	172	150	8	71	102	22	40	9	7	13	68	155	184	26	5	3	7	46	43	5	48	30	136	43	37	95	84	195	7	27	32	100	37	77	46	2	60	179	5	7	98	33	55	5	71	51	135	140	5	39	2	17	191	25	68	83	19	6	21	108	29	4	4	24	5	113	68	6	67	3	18	26	7	327	12	3	8	3	65	26	9	125	4	267	85	15	5	19	25	45	6
1:Ins:T:3	17	51	2	5	75	0	26	7	32	67	6	42	3	1	110	27	15	0	59	20	2	12	2	0	32	9	37	163	4	2	6	54	0	0	22	1	3	12	41	25	28	29	54	11	72	45	12	8	51	23	26	40	13	35	20	34	39	36	15	27	12	19	58	36	36	18	6	37	41	35	33	52	32	24	18	77	50	56	21	11	6	33	21	27	12	95	32	53	168	8	13	50	137	3	17	69	2	0	12	29	5	1	99	49	14	30	120	5	262	25	42	15	5	4	23	11	22	8	31	80	11	2	38	63	43	29	22	2	117	41	10	9	69	10	16	24	1	16	15	1	7	4	5	52	11	23	15	12	2	80	8	155	12	0	27	72	7	84	48	38	9	16	5	107	10	34	6	32	8	5	10	74	5	16	10	2	5	28	88	3	43	64	14	7	13	81	43	225	8	2	41	12	24	7	2	11	2	6	2	23	8	37	8	8	27	6	34	23	4	48	80	8	16	19	8	70	20	4	54	4	72	42	7	5	25	56	6	2	45	52	3	20	42	6	45	28	7	296	4	12	10	38	13	2	6	79	5	0	31	18	25	20	61	47	9	1	50	13	8	11	175	5	0	6	4	5	32	41	27	1	6	0	23	13	4	26	66	44	110	0	6	17	7	5	35	60	73	68	40	153	46	5	5	142	31	107	8	6	17	23	2	11	44	56	6	28	70	6	3	8	2	7	54	6	3	13	37	97	77	1	3	52	6	21	25	2	5	86	85	15	0	2	95	98	127	9	60	6	4	12	9	44	13	21	372	45	87	30	50	60	9	119	11	47	77	1	2	62	7	17	14	32	14	30	4	4	36	33	42	3	37	59	41	197	23	52	1	45	48	20	26	77	25	72	61	53	15	147	18	8	37	55	15	4	51	1	22	595	3	6	15	60	8	2	3	4	9	84	26	6	5	19	2	0	3	1	21	2	20	26	2	31	3	12	8	54	4	35	61	141	4	40	14	31	36	4	15	1	45	28	1	7	69	59	46	77	9	37	7	20	210	30	85	75	36	74	39	49	9	20	1	48	43	5	32	26	41	31	3	65	87	21	24	65	48	46	60	66	53	146	93	21	8	17	23	66	92	6	39	76	16	20	9	7	7	35	86	95	17	3	3	6	30	35	5	42	19	63	28	27	51	36	91	3	14	22	57	16	54	29	1	29	100	2	7	48	9	54	10	48	40	74	79	6	17	7	8	139	21	37	52	5	11	8	57	26	1	5	7	8	66	45	4	29	0	8	19	3	176	2	3	7	5	37	13	2	57	4	153	38	7	3	11	13	32	4
1:Ins:T:4	12	19	6	8	30	2	8	2	9	19	2	15	1	1	56	9	7	4	13	4	0	5	2	0	9	11	11	45	6	5	1	22	1	2	4	1	6	6	7	20	10	8	19	5	23	17	16	7	24	14	13	18	4	10	9	9	16	17	9	13	12	8	30	9	25	20	2	8	13	18	10	18	3	17	9	36	14	28	7	6	2	16	13	14	5	42	4	17	163	5	11	15	34	5	14	8	8	4	7	9	2	2	42	13	10	14	29	5	81	17	14	8	3	2	14	8	4	0	21	33	12	2	16	19	21	16	12	1	45	10	3	6	34	2	1	4	0	8	14	5	4	3	2	19	8	16	18	3	2	194	1	47	8	2	13	14	4	30	11	20	16	9	2	39	13	12	2	12	7	3	5	31	7	8	6	0	5	14	37	7	15	15	6	8	11	21	16	61	4	6	14	13	16	8	1	6	0	4	4	15	2	7	3	1	9	18	16	10	2	18	147	5	7	14	4	20	9	2	23	3	38	10	7	8	8	18	9	2	13	27	2	11	14	5	17	8	7	88	2	4	5	65	8	6	2	28	3	0	9	13	16	13	20	19	5	3	12	58	5	9	69	7	2	4	11	1	17	21	15	3	6	0	17	12	5	18	32	24	33	0	0	3	15	8	11	27	27	18	19	60	24	6	1	39	16	61	2	3	5	15	2	13	11	13	20	9	28	7	14	10	4	5	13	5	2	10	12	34	27	3	8	20	5	10	12	3	4	29	21	9	3	1	33	40	29	10	14	2	6	3	5	27	7	10	82	20	26	16	8	25	5	39	9	18	32	3	7	20	4	12	17	30	8	17	4	4	11	9	14	3	26	14	20	45	14	18	2	17	9	6	10	43	10	25	19	27	6	35	10	7	16	25	5	8	15	5	10	508	7	11	10	22	2	2	4	14	13	39	25	3	8	8	2	2	2	0	10	6	7	14	4	11	8	10	3	19	4	14	39	42	0	13	7	19	14	3	8	1	12	20	3	4	24	28	15	19	10	13	2	2	67	19	33	19	18	16	14	19	6	13	2	12	22	1	20	7	28	11	0	30	26	13	15	25	17	28	21	18	9	48	21	2	4	11	9	20	31	9	18	32	5	3	8	11	16	14	25	26	11	2	1	3	19	12	3	8	1	21	17	5	17	13	27	9	9	16	20	9	27	12	3	8	29	5	6	22	9	19	2	14	18	14	14	4	13	1	6	44	14	12	9	3	8	5	34	14	1	8	5	11	29	30	2	17	0	6	25	11	66	4	2	4	9	18	8	3	15	1	66	6	2	2	5	6	13	5
1:Ins:T:5	32	148	155	67	141	1	106	12	105	144	22	103	30	91	425	52	173	144	111	23	22	60	71	4	59	108	221	155	113	147	113	128	6	22	44	121	97	65	178	212	176	46	299	221	174	114	428	203	136	148	233	177	145	239	145	52	365	133	87	149	226	126	390	118	338	743	94	74	114	245	205	215	125	316	162	351	234	448	340	92	236	202	214	275	209	433	63	175	11169	128	152	192	267	96	226	140	148	62	170	193	132	27	182	152	182	220	239	232	592	575	110	172	49	74	163	404	123	80	308	254	224	22	189	194	124	177	40	69	230	94	66	138	1387	63	133	148	4	263	627	27	246	49	36	417	193	452	610	93	114	6083	66	496	131	42	270	169	113	308	165	360	399	446	44	246	318	238	54	189	191	276	313	301	222	106	312	94	180	219	357	204	154	125	306	298	169	393	372	380	259	212	155	149	326	352	183	172	74	223	86	351	117	139	139	139	86	296	165	278	120	103	6492	250	630	245	130	123	276	55	296	129	372	199	222	128	172	229	244	34	120	278	345	95	132	203	130	104	352	367	69	221	162	2330	279	98	107	271	176	52	215	55	325	322	313	181	89	68	249	2958	103	297	563	67	33	216	468	112	111	413	333	94	138	47	422	272	183	347	203	151	186	12	51	30	393	398	83	306	260	145	432	469	312	208	113	276	566	1136	120	223	70	170	142	98	194	181	669	135	161	118	544	516	183	181	148	188	179	285	130	252	265	128	92	95	205	100	138	71	133	443	390	223	69	69	243	693	199	263	243	83	126	215	114	330	128	149	334	124	299	356	132	357	168	116	269	191	126	79	148	438	86	185	956	644	298	216	106	390	336	227	155	72	576	353	175	330	256	248	41	208	139	66	204	259	209	234	196	243	125	338	337	346	169	359	161	142	103	170	189	23153	237	551	212	140	99	151	162	450	275	358	378	248	228	235	82	103	73	14	212	143	152	117	258	224	385	347	99	171	183	380	561	277	91	288	168	135	58	90	118	61	100	315	85	125	201	77	300	102	296	230	132	52	407	134	290	87	231	178	106	307	133	71	46	197	118	41	174	368	616	193	73	122	257	324	231	152	165	652	212	239	198	186	117	86	28	125	335	216	166	233	98	420	137	51	157	455	569	342	228	145	123	285	92	125	175	223	78	108	30	318	251	123	141	178	191	596	307	160	409	155	241	115	47	226	387	248	162	161	352	177	78	159	104	106	150	245	74	79	114	446	328	108	100	277	243	62	623	642	85	269	189	336	419	482	68	346	26	206	352	313	602	148	45	202	270	360	82	110	132	29	764	182	46	95	181	83	124	159
2:Del:R:0	8	26	4	7	30	0	10	3	31	40	8	22	3	3	53	12	15	4	32	7	5	15	2	0	19	8	26	58	2	8	5	36	0	2	19	5	4	10	11	12	17	16	16	4	45	35	15	14	14	14	13	19	8	32	17	14	7	13	11	18	5	12	22	17	21	11	3	11	19	12	18	15	11	13	11	33	18	16	12	6	9	13	17	11	10	39	9	17	213	10	11	13	42	4	17	17	6	5	12	14	8	4	34	21	9	19	41	5	84	9	16	15	7	8	17	13	9	5	16	58	4	3	20	24	15	13	14	6	30	16	11	4	24	25	19	14	1	17	9	5	13	4	10	21	10	30	37	7	6	119	15	48	7	11	14	22	9	72	11	17	11	11	4	29	8	7	3	22	18	6	10	22	2	18	10	4	10	22	41	2	17	11	11	11	13	33	16	79	5	5	17	11	25	8	14	11	6	10	4	14	9	23	8	6	16	8	12	20	5	12	57	15	8	16	10	23	11	5	18	8	31	26	13	16	13	27	7	0	10	26	8	9	13	8	19	12	7	57	5	13	13	41	13	2	2	16	5	5	13	27	16	5	25	30	10	4	13	7	8	22	40	7	2	10	5	7	17	17	16	2	9	2	10	16	8	8	33	25	29	3	3	5	15	6	11	27	27	32	21	47	24	5	10	37	18	35	14	13	16	15	10	13	22	30	11	15	18	6	5	13	5	9	20	12	5	8	21	45	24	7	7	65	7	2	12	19	9	29	24	32	2	12	33	33	48	13	19	5	7	9	9	19	13	17	67	16	35	13	22	11	3	30	17	20	42	6	4	19	7	9	9	12	8	19	9	10	7	13	16	3	24	23	19	63	15	12	4	21	17	8	4	39	22	22	18	21	11	51	9	9	22	14	6	11	17	9	17	302	7	14	18	22	7	11	9	18	14	57	13	4	11	22	10	4	6	4	18	4	15	18	10	11	14	10	6	73	8	10	13	36	4	8	6	16	16	7	6	7	17	12	6	10	20	19	12	19	11	18	4	15	60	5	63	18	15	31	14	16	14	9	9	22	15	2	18	12	23	20	8	14	37	12	8	34	29	42	37	19	22	35	25	14	4	19	7	34	26	9	11	25	10	7	3	9	9	23	24	29	13	12	9	25	17	22	6	6	8	29	18	9	21	53	31	7	10	10	27	9	22	11	4	9	254	4	7	19	8	26	8	15	11	25	27	12	8	5	16	27	15	15	10	7	7	7	25	22	2	3	10	9	25	28	3	28	2	13	34	10	51	8	4	3	8	24	5	15	16	4	42	16	9	3	6	6	10	14
2:Del:R:1	10	38	9	11	48	0	11	1	23	36	3	30	3	4	98	22	15	13	17	17	1	7	8	1	23	13	18	80	4	8	2	23	0	3	22	4	9	20	26	20	28	22	33	13	42	23	9	9	26	21	23	33	14	32	19	11	18	21	14	24	12	15	28	25	26	29	4	13	10	17	29	32	18	21	14	25	23	29	11	15	14	19	27	19	9	47	13	32	477	13	10	18	87	3	18	32	15	8	14	16	8	3	45	23	14	34	74	6	143	25	26	7	6	14	23	31	9	7	22	52	8	9	23	33	28	20	27	2	49	25	12	8	30	19	8	14	1	16	8	4	10	9	8	27	9	33	38	12	7	319	8	73	4	5	24	31	22	60	32	23	17	22	11	81	19	13	13	23	20	8	15	45	10	15	19	1	14	29	66	7	20	31	17	17	18	44	21	117	4	7	23	19	33	10	13	11	14	10	7	28	9	26	7	8	22	10	28	26	2	21	86	13	12	12	16	82	21	14	19	6	44	25	23	18	18	27	11	5	23	34	12	18	21	14	27	22	9	120	2	16	15	42	17	4	2	39	7	1	17	18	18	22	34	24	16	8	9	15	7	26	85	9	3	8	9	10	20	21	18	4	7	1	16	10	7	19	42	31	60	2	2	8	32	9	18	28	44	38	35	102	26	16	10	86	26	64	15	16	20	19	7	9	24	36	14	10	38	10	4	22	19	15	37	14	8	20	20	47	26	7	9	54	12	16	21	75	14	44	48	25	5	15	49	44	47	19	33	8	6	19	12	29	14	22	116	26	52	28	26	17	13	59	19	24	49	3	6	61	7	10	23	27	13	14	12	6	17	22	23	1	35	33	33	88	18	29	3	36	21	12	15	39	20	37	35	29	18	99	14	5	22	36	4	21	46	16	18	508	8	15	22	27	11	9	5	21	19	63	19	14	5	15	7	2	3	3	27	5	16	31	10	26	17	24	10	314	6	21	18	69	9	20	12	18	14	9	14	14	27	22	5	12	38	40	33	29	14	23	8	10	100	12	311	32	22	35	20	28	10	20	4	41	31	3	36	30	33	21	4	23	52	25	14	37	23	49	41	30	30	67	44	11	7	14	16	37	54	10	13	37	8	11	4	9	18	31	43	43	15	7	3	16	24	30	5	24	12	43	19	16	26	33	48	10	19	31	44	17	24	22	3	24	452	5	15	27	10	25	2	26	13	37	46	11	12	4	8	60	18	16	25	14	9	10	46	39	5	3	24	12	52	63	7	30	1	17	26	11	77	8	3	8	12	27	10	9	28	9	55	19	5	4	6	14	18	9
2:Del:R:2	5	17	2	2	46	0	7	3	16	31	0	19	2	1	49	14	5	4	25	6	2	6	0	0	19	2	5	59	3	3	2	19	0	0	15	2	0	6	15	19	9	10	27	2	23	14	10	4	32	12	15	17	15	29	9	7	15	11	19	12	9	9	16	12	19	11	0	14	23	17	20	37	14	15	12	35	16	16	10	4	8	14	14	12	9	49	8	12	150	8	5	26	52	6	16	17	1	3	10	5	4	0	28	9	6	21	39	2	143	11	26	2	3	2	17	5	11	5	17	37	7	3	8	16	21	10	14	2	47	12	5	3	21	8	3	11	1	12	3	1	5	0	2	13	3	13	7	12	3	122	4	78	5	2	11	32	5	37	25	21	6	5	4	38	7	12	2	18	6	3	3	37	1	13	7	3	1	13	31	2	23	27	6	4	6	34	9	107	1	0	14	11	16	3	5	3	2	2	0	14	1	20	5	6	18	5	12	12	1	10	53	2	6	21	7	45	11	0	11	3	36	17	7	6	10	26	2	1	15	21	4	7	20	4	22	9	4	101	2	3	8	21	11	2	2	24	0	3	7	5	8	7	23	17	6	0	19	1	2	14	75	5	2	4	8	3	16	24	13	3	5	2	10	9	4	10	28	31	53	2	3	1	7	4	13	33	35	24	21	103	21	3	2	46	13	47	11	6	7	19	3	5	22	17	6	6	39	4	1	4	4	4	20	3	1	9	9	40	29	1	4	23	5	9	11	21	9	29	29	7	1	4	32	46	37	4	17	2	1	7	3	24	2	16	101	22	20	17	17	6	1	39	9	21	27	3	4	35	4	10	8	18	1	19	8	5	17	15	13	1	33	18	17	59	20	18	0	16	19	11	13	30	12	30	26	37	9	58	5	0	14	25	4	6	27	4	7	287	2	6	15	12	4	4	2	3	7	45	14	4	2	19	2	2	7	3	12	2	8	18	1	22	6	7	1	125	3	14	9	57	3	21	0	9	11	2	4	7	19	17	1	1	25	11	20	29	3	8	14	11	91	15	112	25	13	15	21	26	7	13	1	27	23	3	26	14	32	20	3	18	33	19	8	37	17	32	24	12	22	56	39	10	2	12	4	24	53	4	15	36	5	5	5	1	7	23	31	35	12	3	5	10	13	15	1	20	4	32	7	4	20	14	44	4	3	10	31	12	38	10	5	9	156	3	5	12	4	14	2	13	19	35	18	1	7	4	5	50	8	19	19	3	5	5	21	18	3	2	13	4	36	29	1	23	2	14	10	2	92	3	2	7	2	30	8	4	25	0	56	10	2	0	7	3	12	6
2:Del:R:3	0	8	0	3	19	0	4	1	10	21	2	6	1	0	31	3	0	0	15	2	0	4	0	0	5	2	5	22	0	3	0	16	0	0	3	0	1	5	4	9	5	9	14	2	12	6	3	4	22	10	6	7	8	12	7	2	4	9	10	12	2	7	11	8	9	6	0	7	29	7	4	15	14	6	6	19	10	12	3	1	2	7	6	7	8	35	6	12	629	11	2	20	42	2	10	10	1	1	2	5	5	0	8	12	5	7	31	4	85	10	12	0	1	0	10	5	5	3	8	14	3	0	8	9	21	9	15	0	26	8	12	3	12	2	4	4	0	2	2	0	1	1	1	10	2	7	4	3	2	334	2	47	1	1	9	16	3	17	15	12	5	4	2	40	2	8	3	7	3	0	5	15	2	5	2	1	2	11	15	1	22	10	1	1	3	19	6	70	2	1	7	8	4	2	2	6	1	3	1	4	1	13	3	1	7	0	8	14	1	16	200	0	5	18	6	27	4	0	9	2	22	11	6	2	4	9	1	0	9	16	4	2	18	1	13	11	1	76	0	3	8	120	1	3	2	17	1	3	4	5	11	6	12	11	6	2	9	1	0	0	47	7	0	1	2	0	10	17	11	2	5	1	3	5	1	7	11	19	14	1	0	1	4	2	11	19	28	10	11	33	14	2	1	30	6	30	7	3	4	8	1	3	28	14	4	6	22	1	1	3	2	3	12	3	0	3	9	32	12	0	2	6	2	4	8	7	9	13	25	2	0	1	28	45	18	4	8	0	0	10	4	22	7	1	60	19	12	11	12	2	3	34	2	9	23	2	2	33	0	4	6	19	2	8	3	1	16	6	7	1	26	11	10	35	6	14	1	14	7	6	9	15	5	16	11	20	6	42	2	2	22	14	2	4	16	3	12	622	5	2	10	18	1	1	1	1	4	28	8	2	1	13	2	1	1	0	11	0	12	9	2	12	4	3	2	52	0	8	7	33	1	9	1	4	3	1	4	2	13	1	1	1	19	12	7	21	0	14	7	2	66	9	40	7	12	8	13	22	1	7	1	15	17	2	25	13	15	12	2	8	22	15	7	26	9	12	10	10	18	31	25	4	0	4	1	9	17	2	9	34	3	4	3	3	3	9	28	19	6	1	1	2	7	14	2	15	4	18	3	12	11	4	24	8	3	13	14	12	22	10	0	13	69	0	3	7	3	10	3	13	16	15	11	4	2	2	2	22	5	10	15	1	3	0	12	8	0	0	8	2	16	19	2	7	0	4	5	2	47	5	1	1	2	19	6	4	13	1	27	4	2	2	5	3	5	3
2:Del:R:4	3	7	0	1	9	0	1	0	3	5	0	3	0	0	19	2	0	1	6	3	0	2	0	0	2	0	4	10	0	0	0	5	0	0	1	1	0	1	3	2	4	4	2	2	2	3	0	1	13	1	3	5	3	1	3	3	5	3	2	3	1	2	6	4	3	6	0	3	12	1	2	9	7	2	2	10	4	7	3	1	1	6	5	5	3	10	1	1	302	2	3	5	18	1	9	3	1	3	4	0	4	0	1	5	1	3	11	2	49	5	5	0	0	0	6	0	3	1	4	11	5	0	4	5	6	4	5	0	7	7	5	1	8	1	2	0	0	3	2	1	0	1	2	6	2	1	0	1	0	135	0	16	2	1	3	12	0	11	5	3	4	5	0	16	1	8	2	2	1	2	1	10	1	3	0	0	0	7	14	0	4	6	3	0	3	11	4	28	0	0	8	3	3	6	0	1	1	1	1	6	1	8	1	2	5	1	13	6	0	9	200	4	3	12	3	7	4	1	4	0	17	3	1	0	2	4	3	3	5	12	2	2	8	0	4	4	0	56	0	1	6	46	3	0	0	6	3	0	2	1	6	1	0	1	4	0	8	3	2	3	23	3	0	3	2	0	2	8	4	2	1	0	5	3	1	2	8	6	22	2	1	1	2	0	4	13	11	5	5	29	4	0	1	16	1	19	5	0	4	6	2	0	7	4	2	1	16	1	2	2	1	0	11	1	2	2	5	16	12	2	1	3	0	2	3	4	2	5	13	3	1	0	11	23	4	0	6	1	0	0	2	1	4	1	40	6	6	7	5	2	2	14	3	5	10	3	2	15	0	1	4	7	0	7	1	0	4	2	8	0	13	4	2	18	4	11	1	6	5	0	6	12	1	12	3	12	4	17	3	1	4	12	2	2	7	0	2	509	2	2	8	4	1	0	2	1	2	12	4	1	0	4	0	1	0	0	6	3	4	6	1	6	0	0	0	12	1	3	3	23	0	5	1	2	3	0	1	0	4	2	0	1	8	5	7	8	2	5	0	1	38	6	22	7	3	6	7	12	3	3	0	5	7	0	9	6	6	7	0	3	6	5	8	11	6	5	2	12	6	19	14	0	0	4	0	8	14	0	4	14	0	3	0	3	2	4	10	9	4	3	0	1	4	3	0	6	1	7	1	3	5	2	10	3	1	7	10	2	10	1	0	5	31	0	5	1	1	5	0	8	5	8	4	2	1	0	1	8	3	2	6	1	2	2	2	3	0	0	2	1	16	12	0	8	0	2	0	0	31	1	0	0	1	10	2	1	9	0	12	5	2	0	7	0	5	0
2:Del:R:5	1	1	1	1	6	2	1	1	7	0	0	0	0	0	5	5	0	1	3	0	2	2	1	1	1	5	2	3	1	1	4	2	0	0	0	1	8	2	4	4	1	4	4	4	6	5	2	7	6	8	5	2	7	6	3	3	5	12	5	4	11	0	4	2	11	11	0	1	18	2	0	1	13	1	3	11	2	5	3	0	4	1	2	1	3	15	4	6	911	1	3	3	17	1	6	5	1	5	2	5	3	0	6	7	2	6	12	3	65	4	6	4	2	0	10	3	7	2	5	8	9	1	5	11	10	7	7	3	19	3	5	1	6	2	4	2	0	12	6	1	0	0	4	11	4	5	3	6	4	458	0	25	1	1	5	15	2	16	12	10	16	3	2	20	6	4	1	6	17	5	6	16	1	3	5	2	3	9	15	3	9	8	0	3	2	7	2	34	2	0	9	4	5	5	2	1	8	2	3	10	5	9	0	3	1	2	5	6	0	15	574	3	3	13	10	14	5	0	4	1	10	9	4	0	6	5	1	0	9	14	1	1	6	5	5	1	1	35	4	4	8	169	3	0	2	5	2	0	3	1	6	1	6	1	4	3	8	4	5	0	32	0	2	4	1	5	4	5	4	1	12	0	3	2	2	4	7	9	15	0	2	2	7	5	3	16	11	7	12	27	8	4	3	21	5	17	14	8	5	6	1	5	10	9	5	12	7	3	9	7	5	7	6	1	2	3	9	13	12	0	11	6	5	0	5	3	3	15	12	7	1	4	13	33	13	0	9	0	3	2	2	6	5	6	22	9	4	7	3	7	4	10	4	6	11	0	1	10	0	3	4	11	1	2	7	2	5	7	14	1	11	7	5	23	2	10	1	6	9	1	7	9	1	12	8	11	7	20	2	2	10	15	3	5	5	2	6	1686	6	2	13	9	3	0	3	4	2	11	2	4	2	7	3	9	3	1	4	2	8	7	6	8	4	5	1	40	2	5	6	16	0	2	3	0	7	1	2	0	15	2	3	3	7	2	10	10	4	2	6	0	37	9	43	8	5	6	12	8	2	9	0	4	10	1	12	7	5	6	0	8	9	8	22	7	16	18	11	12	16	28	10	1	1	3	5	11	11	1	10	16	1	2	1	1	2	8	10	8	2	2	0	5	9	5	0	6	2	12	0	2	3	2	7	5	2	6	9	6	16	7	2	6	25	0	3	3	4	13	3	11	5	11	11	4	7	0	2	19	4	8	7	3	3	1	12	12	1	2	8	0	3	12	3	9	0	6	5	2	40	7	1	3	2	15	2	1	6	2	16	5	1	1	7	4	11	3
3:Del:R:0	6	5	1	3	4	0	6	2	3	5	0	3	0	0	19	2	6	0	4	3	0	4	1	0	4	3	1	4	2	3	1	2	1	0	8	1	2	1	2	7	3	4	10	4	4	5	5	2	7	6	5	11	2	13	2	2	5	4	6	10	1	5	4	8	4	3	1	3	5	12	3	2	1	2	5	7	2	6	4	6	5	6	1	2	6	8	3	10	70	1	4	8	9	2	5	3	5	2	2	10	2	1	6	3	5	7	6	2	11	2	9	1	2	3	6	5	3	3	1	17	4	6	1	10	5	5	2	0	3	4	2	3	7	8	2	2	0	3	7	0	4	4	2	4	2	11	22	7	4	41	6	7	3	5	4	6	4	19	6	6	1	4	2	5	3	3	1	9	6	6	3	4	3	3	4	0	3	1	3	1	6	7	2	3	8	12	3	10	3	5	4	5	1	3	4	4	1	2	1	9	5	2	1	4	3	2	2	2	0	4	17	3	4	1	4	4	3	2	2	3	10	16	6	13	3	5	2	1	3	6	2	3	3	3	5	7	5	8	1	1	3	7	11	1	0	2	2	1	2	12	3	4	6	2	0	2	4	2	3	5	4	1	0	2	3	7	4	11	6	2	2	0	3	3	7	2	5	6	10	1	2	4	5	1	2	9	6	5	9	9	3	3	4	5	2	9	8	7	2	4	5	3	6	5	1	1	5	3	1	7	5	3	5	4	2	5	5	6	5	2	2	21	2	2	5	5	1	6	17	20	2	2	3	6	21	4	7	0	1	3	4	9	5	8	8	6	6	5	6	5	4	12	8	6	16	1	0	5	5	3	4	7	1	7	5	3	1	2	6	3	10	4	5	10	2	5	0	8	6	2	12	15	8	6	3	4	6	12	4	1	3	7	3	6	6	1	6	57	5	3	6	1	2	3	3	4	7	5	16	5	1	6	1	0	2	2	4	3	7	1	4	4	5	8	2	18	5	4	4	18	3	4	5	4	1	1	0	5	6	4	3	3	3	3	5	3	4	5	5	5	11	2	28	0	5	2	11	6	9	0	0	5	2	1	6	1	7	3	1	6	5	4	4	5	5	20	9	5	4	5	6	9	2	4	3	5	7	3	3	10	3	2	0	3	0	7	13	5	1	2	0	11	5	3	3	4	3	4	7	3	3	13	3	3	6	6	8	3	4	5	1	4	13	1	5	5	3	2	4	4	4	7	8	0	3	1	3	2	1	2	7	6	5	0	3	8	2	4	0	6	8	9	2	10	0	9	13	4	8	4	2	1	0	5	3	2	5	2	7	5	3	3	2	6	5	3
3:Del:R:1	4	8	9	9	7	2	4	0	9	15	5	10	4	4	19	11	19	2	5	4	5	5	3	0	5	15	5	6	13	11	8	8	4	4	8	5	7	8	10	5	7	9	18	4	15	14	8	11	8	7	9	17	11	18	5	3	7	13	9	10	5	3	8	9	10	17	2	3	4	7	15	4	11	10	5	10	8	12	8	11	8	2	11	9	7	14	4	5	462	4	7	4	17	12	10	10	11	12	7	26	2	6	12	10	3	14	9	7	36	11	11	8	6	13	10	22	9	12	7	15	13	4	7	9	6	14	5	4	8	10	10	9	12	12	8	7	4	15	10	5	9	6	22	9	6	28	37	4	11	445	7	14	11	12	7	15	19	16	6	6	7	16	5	13	16	5	10	16	30	5	11	20	6	7	19	0	7	17	30	3	1	8	7	13	10	13	6	29	5	8	10	15	11	7	7	18	8	10	7	6	6	11	11	6	9	5	3	18	7	1	101	10	5	6	6	61	11	7	13	7	16	12	13	16	8	11	10	0	7	7	12	6	6	8	12	7	9	12	9	9	18	56	8	4	7	6	7	2	3	7	8	7	17	9	10	7	5	13	5	20	23	9	4	8	7	9	9	18	11	5	4	0	7	13	8	10	14	9	30	4	1	4	27	9	5	13	14	9	27	28	10	5	23	3	18	35	16	13	6	12	7	2	8	20	11	5	1	10	4	12	10	9	7	12	10	17	8	13	8	9	5	20	15	9	3	64	8	20	11	12	2	19	9	12	14	16	12	0	3	11	8	6	7	13	16	6	10	8	3	12	8	6	12	10	10	5	10	22	4	7	23	14	5	5	6	11	11	9	9	10	21	6	16	14	10	6	7	10	10	11	13	15	10	10	10	13	13	26	11	6	13	12	5	15	20	8	8	373	10	10	20	5	5	7	3	17	18	31	9	5	2	7	10	6	9	0	17	6	10	17	10	10	28	22	12	283	6	11	12	18	7	14	3	7	2	2	10	7	7	16	1	15	4	4	7	5	13	5	5	5	27	2	210	5	8	12	4	10	10	6	1	7	6	4	6	11	26	9	4	8	12	11	2	15	3	33	12	11	11	15	7	3	3	6	3	21	7	9	2	17	7	7	4	10	14	11	6	10	10	11	4	17	7	15	9	6	4	13	9	2	7	19	0	8	17	14	10	5	15	3	3	5	71	4	4	9	8	3	5	6	5	9	6	5	5	8	4	9	20	5	3	7	10	1	20	20	0	8	6	13	12	32	4	15	4	19	34	10	10	7	2	6	9	6	3	8	16	7	11	7	8	6	7	7	1	9
3:Del:R:2	0	1	4	2	2	0	1	0	1	3	0	2	1	0	6	3	2	2	0	1	0	1	1	0	0	6	3	1	5	1	3	2	1	1	4	4	3	1	2	4	1	2	1	1	3	3	3	0	1	2	0	4	0	8	3	0	0	1	1	4	3	2	0	3	5	1	2	1	3	4	3	3	3	5	4	0	1	3	0	3	1	0	0	3	1	0	1	2	159	4	0	1	6	2	0	2	1	2	1	6	1	0	2	2	3	3	3	1	12	2	2	1	0	3	5	3	3	2	5	7	1	1	2	2	2	2	2	0	4	1	2	1	2	3	3	3	0	5	2	0	2	0	5	4	1	7	3	3	2	108	0	9	3	3	2	3	3	9	3	2	3	2	2	7	2	1	0	3	6	2	5	1	1	1	2	0	3	7	4	1	1	0	2	3	6	1	1	6	1	2	2	4	2	6	6	3	1	6	2	1	0	4	0	0	3	3	0	4	2	0	27	4	4	1	1	16	2	0	2	1	4	1	3	1	9	2	1	0	1	3	7	2	1	3	3	1	3	5	1	1	2	14	2	2	1	1	0	1	1	2	2	3	4	3	0	1	1	4	3	4	10	2	0	1	3	1	0	4	2	0	3	1	1	3	0	0	4	3	2	2	0	0	4	1	2	3	3	1	6	8	0	1	8	4	3	7	4	2	0	6	1	0	8	3	3	2	1	0	2	1	3	4	5	3	1	0	1	3	0	3	2	2	2	1	2	23	0	5	2	0	0	1	2	6	5	8	4	1	0	3	3	0	2	2	2	1	2	3	1	7	3	2	2	5	1	0	0	7	4	1	2	0	0	1	3	4	2	4	2	2	2	2	4	9	6	3	1	3	0	2	1	2	4	5	1	0	3	14	3	1	1	1	1	4	8	2	3	121	1	3	4	2	0	1	2	4	5	7	3	3	1	2	2	0	2	0	4	0	3	5	4	2	3	10	3	71	0	0	2	5	2	1	1	0	2	2	0	2	0	5	0	3	1	1	0	1	1	1	3	2	2	1	64	3	2	4	2	0	0	1	0	1	1	0	2	2	3	1	2	2	8	3	3	2	0	7	4	5	2	2	1	2	1	1	0	5	1	4	0	3	1	2	0	4	2	3	2	2	3	2	0	3	1	2	2	2	1	2	0	2	0	1	3	5	5	2	6	2	0	2	1	2	12	1	1	2	2	1	2	0	3	3	2	2	1	0	2	2	7	0	1	1	4	2	8	5	1	1	3	5	3	7	0	5	2	5	9	2	7	5	0	0	2	0	1	7	2	0	6	0	3	0	0	1	0	0
3:Del:R:3	1	0	0	1	0	0	0	0	0	0	0	0	0	0	0	0	0	1	2	0	0	1	0	0	0	0	0	0	0	0	0	0	0	0	0	2	0	0	0	0	0	1	1	0	2	0	0	0	0	0	1	1	1	1	0	1	0	0	1	0	0	1	1	0	2	1	0	1	0	0	0	0	1	1	0	1	2	0	1	0	1	0	0	1	1	0	0	0	46	0	0	0	0	0	0	2	1	0	0	1	2	0	0	2	0	0	0	1	2	0	0	0	0	1	1	2	1	0	0	2	0	0	0	0	0	1	0	0	1	1	0	1	3	0	1	2	0	0	2	1	0	0	2	1	0	1	0	2	1	30	0	0	1	0	0	1	0	3	0	0	1	0	0	1	2	0	0	1	1	0	1	1	1	0	0	0	1	1	0	0	1	0	1	1	0	0	0	0	2	0	1	1	3	1	0	0	3	1	0	2	2	0	0	1	0	0	0	0	2	0	13	2	0	0	1	1	1	0	1	0	0	0	1	2	0	4	2	0	2	0	0	0	0	0	1	0	2	2	1	1	0	4	0	0	1	0	0	0	0	2	0	1	1	1	0	0	1	2	0	0	0	0	0	1	0	1	1	2	0	0	0	0	1	0	0	0	2	0	2	0	1	0	1	0	0	0	0	3	0	3	0	1	1	0	1	2	1	1	1	0	1	0	0	3	1	1	0	1	1	0	1	0	0	0	0	1	0	0	0	0	0	0	1	2	1	3	0	2	0	0	0	1	2	3	0	1	1	0	0	0	1	0	1	4	1	0	1	2	1	0	2	0	0	0	0	1	0	3	0	0	3	1	0	0	0	2	0	1	1	2	0	0	0	3	0	0	0	1	1	2	1	4	1	3	0	1	0	1	0	0	0	2	0	1	3	0	1	49	0	1	1	1	1	0	1	0	1	0	0	0	0	0	2	1	0	0	0	0	1	1	3	0	0	1	0	20	0	0	0	0	0	0	0	0	0	0	1	0	0	0	0	0	1	0	0	0	2	0	2	1	3	2	9	0	1	1	1	0	1	1	0	0	0	0	0	3	5	0	1	0	2	0	2	1	0	1	0	1	0	0	0	1	1	0	0	2	0	1	1	0	3	0	0	1	0	1	2	0	2	1	0	1	0	1	1	0	0	1	1	0	0	3	0	0	3	1	0	0	2	0	1	0	3	0	0	1	0	0	0	1	0	1	0	0	0	0	1	1	0	0	1	0	1	2	2	1	0	1	0	3	0	3	0	0	0	0	1	0	3	1	0	2	0	1	1	0	3	0	1	2	0	0	0	0	0	0
3:Del:R:4	1	0	0	0	0	0	0	0	1	0	0	1	1	0	1	1	2	1	1	1	0	0	0	0	1	0	1	0	0	0	0	0	1	0	1	0	0	0	0	0	2	0	0	1	0	0	0	2	0	2	0	1	0	2	0	0	1	1	1	0	3	0	0	1	1	1	0	0	0	1	0	0	5	0	2	1	1	1	0	0	1	0	0	1	0	0	0	0	23	0	0	0	0	1	1	0	0	0	0	0	0	0	0	0	1	3	1	0	0	1	0	1	0	1	0	0	1	1	1	2	0	0	0	0	0	0	0	0	0	0	0	0	0	0	0	0	0	0	0	0	2	1	0	1	0	0	0	1	0	17	0	0	0	0	0	0	1	3	0	0	1	0	0	2	1	1	0	0	2	0	1	1	0	0	1	0	0	1	2	0	0	1	0	0	0	1	0	0	0	3	0	1	0	1	0	0	2	1	0	0	0	0	1	2	0	1	0	2	0	0	11	2	0	0	1	1	0	0	2	0	0	0	0	0	0	1	0	0	0	0	0	0	1	0	1	0	0	0	0	0	0	0	0	1	0	0	0	0	0	0	0	0	0	0	1	0	1	0	1	0	0	0	0	0	0	0	0	0	1	0	0	0	0	0	0	0	0	0	0	0	0	0	1	0	0	0	0	0	0	1	2	0	1	0	0	0	1	0	0	0	0	0	1	1	1	1	0	0	0	0	1	0	0	1	0	0	1	0	1	1	0	0	0	0	0	4	0	0	1	0	1	0	0	1	0	0	1	0	0	1	0	1	0	0	0	0	0	0	0	0	1	0	2	0	0	1	0	0	0	0	1	0	0	0	0	0	0	0	0	1	1	0	0	0	0	1	0	2	0	0	0	1	0	2	0	0	0	1	0	1	0	0	0	1	0	0	1	51	0	0	3	3	1	0	0	1	0	2	1	2	0	0	0	0	0	0	1	0	0	1	0	1	0	3	0	2	0	0	0	0	0	1	0	0	0	2	1	0	0	0	0	0	0	0	0	0	0	1	0	0	1	0	4	0	0	1	0	1	1	0	1	0	0	0	0	0	3	0	0	0	1	0	0	0	0	0	0	0	1	0	1	0	0	0	0	1	0	0	0	2	0	0	0	0	1	0	0	0	0	0	0	1	1	1	1	0	0	0	0	1	0	1	0	0	2	0	0	0	0	0	0	0	1	0	0	0	0	1	1	0	0	0	0	0	0	0	0	0	1	0	0	0	0	0	0	4	0	1	2	0	0	0	0	0	0	1	2	0	1	0	0	1	0	0	0	0	0	0	0	0	0	1	0	1	0	1
3:Del:R:5	0	0	0	0	0	0	0	0	0	0	0	1	0	0	2	2	1	0	0	0	0	0	0	0	0	1	0	0	0	0	0	0	0	0	0	0	0	1	0	0	1	0	0	2	0	2	1	0	0	2	2	0	0	1	0	0	3	0	0	4	3	0	0	3	4	1	0	0	2	0	1	0	1	1	0	1	3	1	0	0	0	0	0	0	2	1	0	0	45	0	0	0	0	1	0	0	1	0	1	0	0	0	0	1	0	0	0	0	3	0	0	0	1	0	0	1	0	0	0	0	1	0	1	0	0	0	0	1	1	1	0	0	0	0	0	0	0	0	0	0	0	0	0	0	0	0	0	1	0	27	0	0	0	0	2	0	0	0	0	0	0	0	0	0	1	0	0	1	0	0	3	0	0	0	1	0	1	1	1	0	0	0	0	0	1	0	0	0	0	0	0	0	0	0	0	0	0	3	0	0	0	0	0	0	0	0	0	2	1	0	25	0	0	0	0	1	0	1	0	0	2	0	0	0	0	0	0	0	0	2	1	0	2	1	0	0	0	0	1	1	0	2	1	0	0	1	0	0	0	1	0	1	0	0	0	0	1	0	0	0	0	0	0	0	0	0	0	0	0	0	1	0	1	0	0	0	0	0	0	0	0	0	0	0	0	1	0	1	0	0	0	0	1	0	0	0	4	1	0	0	0	0	0	0	2	0	0	0	1	0	0	1	0	1	0	0	2	1	0	0	1	1	0	0	0	0	0	0	0	1	0	0	0	0	0	0	1	0	0	0	0	0	0	0	0	0	0	0	0	3	0	0	0	0	0	0	0	0	2	0	2	0	0	0	0	0	1	0	0	1	0	0	0	1	0	0	0	0	0	2	0	0	0	0	0	2	1	0	0	1	0	0	0	0	0	0	0	76	0	0	1	0	0	0	0	1	0	0	0	0	1	0	0	0	0	1	2	0	0	0	0	0	0	0	0	6	0	0	0	1	0	0	0	0	0	0	0	3	0	0	1	0	0	0	0	0	0	0	0	0	0	0	7	0	1	0	0	0	0	0	0	0	1	1	0	0	0	0	0	0	1	1	1	0	1	1	1	0	1	0	0	0	0	0	0	3	0	0	0	0	0	0	1	0	0	1	0	1	0	0	0	0	0	0	0	0	0	0	0	0	0	0	0	0	1	0	0	2	1	0	0	1	0	0	0	0	0	1	1	1	0	1	0	0	0	0	0	0	1	0	1	0	0	0	0	2	0	0	0	1	0	1	0	0	0	0	1	0	2	0	0	0	0	0	0	0	1	1	1	0	2	0	0	0	0	0
4:Del:R:0	4	3	0	0	6	0	0	0	5	3	0	5	0	1	8	4	4	2	5	2	0	5	0	0	1	3	1	1	2	6	4	2	2	0	4	1	2	2	1	1	2	7	4	7	3	3	5	1	2	4	2	5	2	16	1	3	3	5	5	5	3	1	2	5	6	7	1	0	2	5	2	2	3	7	2	2	1	6	1	0	1	3	4	1	6	6	1	5	40	4	2	6	16	2	2	1	3	4	1	6	2	1	3	4	2	3	7	1	10	5	4	4	2	3	11	1	4	1	4	20	3	1	4	4	2	7	0	3	3	2	2	3	2	11	5	5	1	3	5	2	5	2	1	4	2	13	23	1	2	22	12	9	4	1	4	6	2	24	3	4	7	3	5	6	3	4	1	6	6	5	1	3	2	4	1	1	4	2	2	2	8	3	3	3	9	5	3	8	2	2	6	2	5	1	8	2	0	2	0	6	3	3	0	1	2	2	6	5	1	5	8	3	5	1	2	1	3	2	5	2	7	10	11	13	2	1	1	2	2	2	3	1	3	1	6	4	3	3	0	2	4	4	10	1	4	7	0	0	3	6	3	0	7	7	2	0	4	1	3	6	7	4	2	3	2	2	4	1	4	3	4	3	3	4	1	3	4	7	4	2	3	2	1	3	6	5	5	3	6	5	4	0	8	6	6	6	5	3	2	8	1	1	6	6	3	2	4	2	1	7	2	0	3	4	2	2	0	3	1	0	5	31	1	0	2	13	2	8	9	10	5	1	3	2	13	6	8	1	2	3	2	5	6	7	6	2	5	5	3	1	3	3	7	8	13	1	2	5	0	1	2	3	1	7	1	2	8	2	6	2	9	2	5	2	4	6	2	2	2	2	2	12	7	6	2	10	5	9	5	2	3	3	2	3	8	0	2	22	4	3	9	3	0	4	1	2	8	7	11	1	0	10	2	3	1	0	6	3	6	0	3	5	4	4	2	6	4	5	4	10	0	1	3	2	0	2	4	2	9	3	1	0	5	7	1	3	7	3	3	3	7	1	30	0	3	4	3	4	6	1	0	4	1	1	1	1	7	5	3	2	2	2	2	5	2	18	7	1	3	0	2	4	4	5	5	3	4	6	4	7	5	2	3	2	2	9	6	1	7	0	2	11	4	2	3	3	2	3	5	2	4	12	1	5	3	3	4	0	7	6	2	3	22	3	2	3	1	4	2	2	3	1	4	2	6	1	5	7	6	0	3	9	0	5	6	8	1	2	4	3	5	2	0	5	2	7	15	4	10	5	3	1	3	5	1	2	4	2	7	8	2	4	1	2	2	4
4:Del:R:1	5	15	4	7	4	0	4	1	8	8	4	4	3	6	26	9	11	8	4	2	2	3	2	1	3	4	6	2	3	11	13	11	3	0	2	5	6	2	5	1	5	6	5	4	11	5	7	1	3	7	3	7	3	17	3	4	3	8	6	7	2	4	8	7	17	11	1	4	4	6	15	4	4	8	3	4	5	3	2	4	2	6	4	5	8	10	1	1	270	5	3	3	12	8	6	3	4	8	10	11	4	2	4	4	4	12	6	6	24	6	6	12	10	15	12	10	7	2	6	12	5	1	2	3	2	3	2	2	5	11	3	3	7	1	9	4	1	8	7	9	6	4	8	12	11	27	19	13	7	177	4	12	8	6	5	7	9	10	4	8	10	8	4	10	21	4	12	6	27	7	10	15	8	2	15	2	5	17	28	4	3	2	9	17	4	7	5	11	7	5	10	14	5	7	10	6	8	12	2	10	1	8	11	3	8	6	7	12	0	4	47	3	10	5	2	19	6	4	8	9	12	5	12	5	9	7	4	0	3	5	14	2	6	9	8	6	8	11	2	8	13	22	4	5	4	4	8	4	2	6	7	7	11	8	7	2	2	13	2	11	11	9	2	6	8	1	3	6	5	2	7	1	11	15	6	3	5	10	12	6	1	0	19	5	4	4	9	8	27	15	7	4	23	5	22	13	6	10	4	13	4	4	12	18	13	6	3	7	11	10	6	2	8	11	5	8	6	6	4	6	0	24	11	5	9	32	1	14	5	7	2	8	9	15	12	13	11	3	6	14	5	5	6	5	6	1	6	8	9	6	2	4	11	6	3	8	6	13	3	3	9	10	7	3	11	5	5	6	10	4	21	5	21	13	6	0	5	9	3	4	3	20	9	8	7	6	14	27	10	4	7	6	8	9	14	6	7	146	9	8	20	8	3	8	7	10	16	18	4	7	6	10	3	2	2	3	12	3	7	7	9	13	12	18	5	128	6	2	8	8	8	9	5	5	4	4	4	5	2	9	4	15	4	9	6	4	19	3	2	2	14	0	101	5	8	24	3	11	9	3	6	9	5	4	7	11	19	3	4	3	16	8	5	6	1	25	1	4	5	5	2	3	2	1	4	12	1	9	5	13	9	2	2	10	10	14	4	3	5	2	4	17	3	8	8	4	2	8	8	7	5	9	12	8	10	9	8	7	8	3	3	2	73	2	4	7	7	0	3	7	5	5	6	6	8	4	1	5	16	5	5	5	3	5	8	15	2	2	2	16	8	18	7	12	4	21	11	10	11	6	4	6	6	4	5	10	3	4	14	5	4	3	4	5	2	9
4:Del:R:2	0	2	0	2	1	0	1	0	1	3	0	1	0	0	3	1	3	3	0	0	0	2	0	0	0	3	1	2	3	3	2	0	0	0	0	1	3	0	0	1	1	4	6	2	0	3	3	1	1	1	1	2	0	3	0	0	0	1	0	2	0	0	2	0	4	2	0	0	0	1	2	1	1	3	1	2	1	0	0	1	2	1	2	0	0	2	0	3	83	1	2	1	2	5	2	3	4	1	0	2	1	3	1	1	2	1	3	3	9	4	2	3	1	2	4	4	1	1	1	1	1	1	1	1	0	1	0	0	2	2	1	1	3	1	3	5	1	3	1	0	3	1	2	3	4	10	6	6	0	47	0	2	2	1	1	3	1	4	3	1	2	3	1	0	1	3	2	4	9	1	6	7	1	3	4	1	2	2	9	0	0	0	5	5	1	0	3	3	3	1	1	4	4	1	4	5	2	1	2	5	0	5	2	1	3	0	0	4	3	2	10	4	3	0	2	3	2	1	1	1	2	1	4	1	1	1	1	0	1	4	6	2	1	6	3	0	2	2	0	5	6	7	0	3	0	1	3	0	2	3	1	1	9	1	1	1	3	1	0	3	4	4	2	0	5	1	2	3	0	1	2	0	5	4	1	0	4	1	2	2	1	0	3	2	0	1	2	1	10	5	3	1	4	3	1	5	3	6	0	9	2	2	3	8	4	0	0	1	2	4	1	4	0	1	3	2	2	0	3	5	2	5	0	2	4	8	4	5	1	1	0	3	4	8	6	2	1	2	4	3	0	2	4	4	1	0	2	2	3	3	1	0	2	2	0	0	2	9	0	2	3	4	0	1	0	0	0	6	2	0	3	2	9	2	3	1	0	3	1	0	1	5	1	3	3	2	3	5	3	0	3	2	2	1	5	2	0	80	2	3	3	2	0	4	1	3	6	3	2	2	2	1	2	1	2	0	4	0	7	4	2	0	6	6	1	36	2	5	3	0	1	2	0	2	0	2	1	1	1	3	2	5	2	0	2	2	2	3	2	1	7	0	26	0	1	7	1	1	1	2	0	3	1	0	1	1	5	3	0	2	4	2	1	1	0	8	1	2	1	0	2	0	0	4	3	3	0	4	0	3	2	3	1	1	0	6	2	2	0	3	1	4	1	5	3	2	1	1	2	3	2	1	1	4	4	4	4	4	1	1	2	0	23	2	0	3	0	0	2	2	0	3	3	4	1	2	4	4	2	1	1	0	2	4	3	6	0	1	3	1	3	6	1	4	4	2	7	3	2	1	1	1	1	2	1	1	0	0	3	1	2	0	2	3	1	2
4:Del:R:3	1	1	1	1	0	0	0	0	0	0	0	0	0	0	1	0	0	2	0	0	1	0	0	0	0	1	0	0	0	0	2	0	0	1	0	0	1	0	0	0	0	0	0	0	0	0	0	1	0	1	2	2	0	2	0	0	1	1	2	0	0	0	0	2	1	2	1	1	0	0	1	0	0	3	1	1	2	0	1	0	0	0	1	0	1	1	0	0	68	0	2	1	3	0	1	0	1	0	2	0	1	0	1	1	2	1	1	2	4	0	2	1	0	2	1	2	1	1	0	3	0	0	0	0	0	1	0	0	3	0	0	1	3	1	0	2	0	0	2	0	2	2	0	2	2	3	5	0	1	28	1	4	1	0	1	3	2	4	1	3	6	2	0	1	3	2	0	1	5	1	1	2	2	2	1	0	1	1	5	0	0	0	1	0	0	3	0	3	2	2	1	1	1	0	3	0	0	1	1	2	3	3	1	2	1	2	2	1	0	0	16	4	2	1	0	2	2	1	1	0	0	0	2	0	2	0	0	0	3	1	4	1	1	0	1	3	2	0	0	2	2	7	2	2	0	0	0	0	0	0	0	1	4	2	1	0	0	1	1	3	8	0	0	4	2	1	1	2	2	1	0	0	3	3	0	0	1	1	4	1	0	0	5	0	0	1	0	1	5	4	1	1	4	1	2	2	1	4	0	1	0	0	1	1	1	1	1	0	0	1	0	0	0	2	0	3	0	0	0	2	1	1	1	0	1	5	3	3	2	2	2	0	2	2	2	1	1	0	0	2	0	1	1	0	0	0	0	0	0	1	1	0	4	0	1	0	2	3	2	0	0	2	1	1	2	0	1	3	0	2	1	0	2	2	1	1	0	1	1	4	0	5	0	4	1	0	2	5	0	1	1	2	1	1	0	0	1	70	0	2	5	0	2	1	1	1	3	3	1	0	3	1	0	0	0	1	1	1	1	1	2	0	4	4	1	26	1	0	2	2	0	0	1	1	0	1	2	0	2	1	1	2	1	0	3	2	3	2	0	0	1	1	21	0	0	1	1	1	4	4	0	1	0	0	1	2	3	1	0	3	3	1	1	1	2	2	0	4	0	0	0	2	0	2	1	1	1	0	1	4	2	1	0	1	1	0	2	2	0	0	1	6	0	2	0	1	1	2	1	0	1	3	1	0	1	0	1	2	0	0	0	0	17	0	1	0	1	0	0	0	3	3	1	2	1	1	1	0	1	0	0	2	2	1	1	4	1	1	0	3	0	4	1	1	0	2	1	1	3	4	2	2	0	1	0	1	0	0	2	2	0	0	0	0	1	1
4:Del:R:4	0	0	0	0	0	0	0	0	1	0	0	0	0	1	1	2	0	0	0	0	0	0	0	0	0	0	1	0	0	2	1	0	1	0	0	0	2	1	0	0	0	0	0	0	0	0	0	1	0	1	0	0	0	1	0	0	1	0	1	0	0	0	0	0	2	0	0	0	2	0	0	0	1	0	0	0	1	0	0	0	0	0	0	0	0	1	0	1	26	0	0	0	0	0	0	0	1	0	0	0	0	0	0	1	0	1	1	0	3	0	0	1	0	0	0	0	0	0	0	1	0	0	0	1	1	0	0	0	0	0	0	0	0	0	0	0	0	0	0	0	1	0	0	0	0	2	0	0	0	10	0	2	1	0	0	0	0	1	0	0	3	0	0	0	0	1	0	1	1	2	0	1	1	0	0	0	0	2	1	1	0	0	1	0	1	0	0	1	0	0	0	0	0	1	0	0	0	0	1	0	0	1	1	0	1	0	0	2	0	0	10	0	0	0	0	0	1	0	0	0	1	0	1	0	1	0	0	0	2	0	0	0	1	1	2	0	1	1	0	1	0	4	0	1	0	0	0	0	1	0	0	0	1	2	0	0	0	0	0	0	0	1	0	0	0	0	0	0	0	0	0	0	0	0	0	0	0	0	1	0	0	0	1	1	1	0	0	0	1	1	2	0	0	1	3	0	1	0	0	1	0	0	0	0	2	0	0	0	0	1	0	1	0	1	0	0	0	0	0	1	0	1	1	0	2	1	1	0	0	0	0	0	0	0	1	0	0	0	0	0	0	1	0	1	2	1	0	0	0	0	1	0	0	0	1	0	0	0	0	0	1	0	0	1	0	0	1	1	0	0	2	0	0	1	0	0	0	0	0	0	0	1	0	1	0	0	0	0	1	0	1	0	1	0	0	0	2	31	1	0	2	0	0	0	0	1	2	0	0	0	0	0	0	1	1	1	2	0	1	1	2	0	0	0	0	9	0	0	1	0	0	1	3	0	0	0	0	0	0	0	0	0	0	1	2	0	0	0	0	0	0	0	10	0	0	2	0	0	0	0	0	0	0	0	0	0	0	2	0	0	0	0	0	0	0	0	0	0	1	0	0	0	0	0	0	0	0	0	0	0	1	0	0	0	0	0	0	1	2	0	0	1	0	0	0	0	0	0	0	1	0	0	0	0	0	0	0	0	0	0	1	0	2	0	0	0	0	0	0	0	0	1	0	0	0	0	0	0	0	0	1	0	1	0	0	0	1	0	0	1	0	2	0	1	1	1	2	0	0	1	0	2	0	0	0	1	0	0	0	0	0	1	0	0	0	0
4:Del:R:5	0	0	0	0	0	0	0	0	0	0	0	0	0	0	0	0	0	0	0	0	0	0	0	0	0	0	0	0	0	1	0	0	0	0	0	0	0	0	0	0	0	0	1	0	0	0	0	0	0	0	0	0	0	0	0	0	0	0	0	0	0	0	0	0	0	1	0	0	0	0	0	0	0	0	0	0	0	0	0	0	0	0	0	0	0	0	0	1	36	0	0	0	1	1	0	0	1	0	0	1	0	0	0	0	0	0	0	1	2	0	0	0	0	0	0	0	0	0	1	0	1	1	0	1	0	0	0	0	0	0	0	0	0	0	0	1	0	0	0	0	0	0	0	2	0	2	0	0	0	17	0	0	1	0	0	0	0	1	0	0	0	1	1	0	0	0	0	0	1	0	1	0	0	0	0	0	0	0	1	0	0	0	1	0	0	1	1	0	1	0	0	0	0	0	0	1	0	1	0	2	0	0	0	0	2	0	0	1	1	0	8	0	1	0	0	0	0	0	0	1	0	1	1	0	0	0	0	0	0	1	0	0	0	0	0	0	0	0	0	0	1	7	0	0	0	0	1	0	0	1	0	0	1	0	0	0	1	0	0	0	1	0	0	0	1	0	0	0	0	0	1	0	1	0	0	0	0	0	0	2	0	0	0	0	0	0	0	0	2	1	0	0	0	0	0	1	1	0	0	0	1	0	0	2	3	0	0	1	0	1	0	1	0	0	1	0	1	0	2	0	0	0	0	0	1	0	0	0	1	0	0	0	0	0	2	2	0	0	1	0	0	0	0	1	0	0	0	0	0	2	0	1	0	0	0	0	0	0	0	1	1	0	0	0	0	0	0	1	0	0	0	0	0	0	1	0	0	0	2	0	0	0	0	0	0	0	0	1	0	0	0	0	0	1	1	1	0	43	0	0	0	0	0	0	0	1	1	0	1	1	0	1	0	0	0	0	0	0	1	0	0	1	0	0	0	21	0	0	1	0	0	0	0	0	0	0	0	1	1	0	0	0	0	0	0	0	0	0	0	0	0	0	13	0	0	1	0	0	0	0	0	0	0	0	0	0	0	0	0	0	0	0	0	0	0	0	0	0	1	1	1	0	0	1	0	1	0	0	0	0	0	0	0	0	0	0	0	0	0	0	0	2	0	0	0	0	1	0	0	0	1	1	1	1	1	0	0	0	0	0	0	0	1	0	0	1	0	0	0	0	0	0	0	0	0	0	0	0	0	0	0	0	0	0	1	1	1	0	0	1	0	1	0	0	0	2	0	0	0	0	0	0	0	0	0	0	0	0	0	0	0	0	1	0	0	0
5:Del:R:0	15	17	9	8	55	0	18	4	25	45	12	14	3	9	61	22	14	14	31	16	2	25	8	2	12	17	18	20	17	53	9	17	3	3	26	17	9	17	22	25	31	27	19	27	33	50	43	14	26	26	33	52	12	130	18	14	31	35	21	27	16	14	24	48	34	20	4	28	24	34	23	17	19	20	16	32	39	27	22	23	16	18	27	18	30	37	21	34	37	31	33	13	55	29	36	36	47	14	14	41	11	17	47	27	27	50	36	6	50	38	32	19	46	11	70	25	29	3	38	78	13	23	31	108	50	50	72	36	33	26	22	9	50	93	72	35	1	33	15	17	23	8	15	50	11	55	181	16	22	27	113	84	28	31	28	36	27	91	38	36	28	21	12	66	20	29	10	48	22	55	46	20	15	61	26	2	33	20	41	12	28	29	17	42	61	63	34	61	12	26	44	32	43	20	25	16	10	17	15	40	18	34	43	33	21	13	26	41	10	39	24	23	26	27	17	20	39	9	32	15	68	95	43	60	25	20	17	17	32	37	10	20	65	40	41	37	18	45	15	17	22	19	61	10	10	28	18	7	26	54	48	37	57	48	29	39	72	16	20	30	40	44	11	11	18	20	52	91	45	42	19	2	21	48	53	44	52	33	62	17	10	14	22	10	30	59	20	36	70	78	41	20	16	46	21	55	46	32	17	68	17	20	45	52	8	21	44	39	24	26	15	13	20	46	11	21	19	18	23	13	20	202	11	26	45	43	32	50	85	116	17	50	54	45	176	21	61	29	27	28	35	46	28	42	54	62	44	51	30	33	21	28	90	48	113	35	25	51	16	31	26	52	26	58	38	21	37	27	55	42	98	49	35	72	33	39	19	27	39	18	45	112	83	42	30	113	27	72	44	18	51	37	37	24	66	32	85	79	20	25	30	51	35	43	30	27	54	103	76	21	31	67	24	23	21	11	41	27	26	26	44	34	42	24	17	27	22	43	46	74	5	21	53	27	17	23	27	41	32	26	9	15	28	14	55	40	27	38	20	28	86	48	139	22	41	48	58	58	51	27	13	41	27	9	30	17	77	50	10	48	29	44	20	57	30	90	46	42	47	32	69	49	28	39	29	50	97	21	39	46	46	21	16	5	24	59	51	43	29	9	4	55	38	24	16	22	12	26	43	19	37	136	32	27	30	31	41	27	42	19	12	17	139	13	23	34	26	51	88	42	24	39	45	32	37	44	28	28	49	20	33	35	34	21	54	26	8	17	28	30	52	68	18	48	2	80	88	16	58	15	5	14	10	34	16	17	20	12	36	23	16	14	12	22	28	22
5:Del:R:1	4	3	1	4	2	0	2	0	4	7	0	3	0	0	8	4	3	2	1	0	0	0	3	0	2	3	2	0	2	4	4	1	2	0	3	1	2	0	3	1	0	3	3	1	1	1	2	4	4	2	1	10	0	12	1	1	3	2	3	1	1	2	5	2	1	4	1	1	3	7	2	2	3	8	2	1	4	2	7	1	3	2	5	3	3	10	1	5	46	0	0	3	6	5	7	7	2	9	0	4	6	2	3	5	1	4	2	5	18	5	5	4	3	0	6	7	4	3	1	13	1	1	2	6	2	6	4	0	4	2	0	0	13	5	2	8	1	4	5	5	9	3	2	7	1	9	14	4	2	32	2	4	5	1	7	6	3	13	1	8	13	9	1	6	10	5	8	5	14	5	7	2	7	5	7	3	4	7	2	1	2	3	9	3	4	4	1	8	2	7	7	10	12	11	7	5	4	7	1	9	5	5	4	3	6	7	6	10	2	1	20	11	7	3	2	4	2	4	4	8	6	8	0	8	5	7	2	4	6	8	5	2	3	4	2	5	9	6	1	5	6	11	4	2	0	5	5	1	0	5	6	2	6	5	8	4	3	3	4	10	15	8	3	4	9	5	0	6	5	3	4	2	3	11	4	2	4	7	9	4	1	1	9	6	5	6	4	5	14	9	3	5	1	7	8	19	12	6	2	4	3	1	10	10	6	2	3	3	7	6	2	2	1	8	4	3	4	2	7	1	5	22	2	2	4	5	4	7	4	9	1	10	8	19	13	8	5	6	3	7	4	9	4	5	6	1	9	6	7	8	0	7	12	5	5	5	3	9	3	6	7	9	4	2	1	2	2	4	7	0	7	3	9	12	4	5	1	6	5	3	2	11	4	12	3	6	6	11	6	4	6	7	9	3	11	4	9	60	9	6	17	10	3	5	6	7	13	15	4	6	3	8	2	1	2	3	6	7	4	6	4	2	2	4	3	34	6	4	4	4	4	3	3	3	4	3	4	0	4	2	0	4	4	1	9	1	6	5	4	6	13	1	18	0	9	10	4	4	5	2	1	5	2	3	5	5	11	7	2	6	3	3	7	2	1	20	3	16	4	5	2	6	1	6	7	6	6	2	0	14	6	2	5	2	7	10	3	2	4	0	4	7	6	13	8	3	5	9	4	2	2	2	8	3	1	2	7	2	6	4	2	4	34	0	4	6	6	2	1	4	3	4	6	9	1	3	5	2	7	3	1	2	5	1	9	23	4	4	2	5	6	17	3	11	2	5	7	4	7	9	1	6	5	6	1	8	2	1	11	5	4	1	8	6	3	3
5:Del:R:2	0	0	1	0	0	0	0	0	0	0	0	0	0	0	2	0	0	0	0	0	0	0	0	0	0	1	0	0	1	0	0	0	0	0	0	0	0	4	1	1	1	0	1	0	0	0	0	0	0	1	0	0	0	1	0	0	0	1	0	0	0	0	0	0	3	1	0	0	0	0	0	0	0	2	0	0	0	0	0	0	0	0	1	1	2	3	0	1	17	1	1	2	0	0	2	2	2	0	2	0	0	0	0	1	2	3	2	1	0	0	0	0	0	0	2	1	1	1	0	2	0	1	0	1	0	1	0	0	0	0	0	2	1	1	1	1	1	0	3	1	3	1	0	2	1	0	1	1	0	3	0	2	0	1	1	1	0	2	3	1	1	4	0	1	0	1	0	1	3	2	1	1	0	1	3	0	1	2	2	0	0	0	2	1	0	0	1	1	2	2	2	2	3	3	1	2	1	1	1	6	0	1	1	0	1	1	2	4	0	3	8	4	0	1	1	2	2	0	2	0	1	0	1	2	2	1	0	1	0	3	0	0	0	0	2	0	1	2	0	3	2	2	2	2	0	2	0	1	1	1	0	0	0	0	2	0	0	1	1	6	3	0	0	1	0	0	1	1	0	0	0	0	2	0	0	0	0	4	4	1	0	0	5	1	0	4	1	0	3	5	1	1	1	2	2	3	4	0	1	2	0	0	1	3	4	0	1	0	0	1	1	0	0	1	1	0	0	1	1	0	0	1	0	0	1	1	0	2	1	1	0	2	1	2	0	1	0	1	0	0	0	0	0	0	0	0	2	0	0	1	0	1	2	0	1	1	0	1	0	2	1	5	0	0	0	1	0	2	1	1	2	2	1	1	0	4	0	2	0	0	1	1	0	2	1	4	3	4	0	0	1	1	1	0	4	0	1	25	0	1	8	3	0	1	2	2	3	5	1	0	1	0	1	0	1	0	2	1	0	1	1	0	0	2	0	18	1	2	1	2	0	0	0	1	0	1	0	2	0	1	0	1	1	1	0	1	1	0	0	0	3	1	13	1	3	1	1	1	2	0	0	0	1	1	2	2	3	1	1	0	2	2	1	2	0	1	0	2	2	0	0	0	1	1	1	1	0	0	0	5	1	0	0	0	0	0	3	0	0	0	1	3	2	2	0	0	0	2	1	0	1	2	1	2	1	5	0	2	3	1	1	2	7	0	0	1	0	1	0	0	0	0	0	1	0	1	1	0	1	0	0	0	1	0	2	1	1	0	1	2	0	1	0	3	0	1	3	0	1	1	1	0	0	0	0	3	1	2	0	2	1	0	0	0	0	0
5:Del:R:3	0	0	0	0	0	0	0	0	0	0	0	0	0	0	0	0	0	0	0	0	0	0	0	0	0	0	0	0	0	0	0	0	0	0	0	0	0	0	0	0	0	0	0	0	0	0	0	0	0	0	0	1	0	1	0	0	0	1	0	0	0	0	0	0	0	1	0	0	0	0	1	0	0	0	0	0	0	0	0	0	0	0	0	1	0	1	0	0	17	1	0	0	0	0	0	0	1	0	0	0	0	0	0	0	0	0	0	0	5	0	0	1	0	0	0	0	0	0	0	0	0	0	0	1	0	1	1	0	0	0	0	0	1	0	0	0	0	0	0	0	0	0	0	1	0	0	0	0	0	2	0	0	1	0	0	1	0	0	0	0	2	1	0	0	1	0	0	1	0	0	0	0	0	0	0	0	0	2	0	0	0	0	0	0	0	0	0	0	0	0	0	1	0	1	0	0	0	0	0	1	0	0	0	0	0	1	1	1	0	0	4	3	0	0	0	1	0	0	0	0	0	1	0	0	0	0	0	0	0	0	0	0	1	0	0	0	1	0	0	1	0	2	0	0	0	1	0	0	0	0	0	0	0	0	0	1	0	0	0	0	2	0	0	1	0	0	0	0	0	0	0	0	0	1	0	0	0	0	0	0	1	1	1	0	0	2	0	0	0	2	0	0	0	0	1	1	0	0	0	0	0	0	2	1	2	0	1	0	0	0	0	0	1	0	1	0	1	1	0	0	0	1	0	1	0	0	0	0	2	0	0	1	0	0	0	0	1	0	0	0	0	0	0	1	0	0	0	0	0	0	0	0	0	0	0	0	0	0	0	2	0	0	0	0	0	0	0	1	0	0	0	0	1	1	0	2	0	0	0	0	0	2	0	0	0	0	0	0	0	0	0	1	0	1	0	0	1	20	0	0	2	2	0	0	0	0	1	0	0	0	1	0	0	0	0	0	1	0	0	0	0	0	0	0	0	11	0	1	0	0	0	0	1	0	0	0	1	1	1	0	0	1	0	0	0	0	1	1	0	0	1	1	12	0	0	1	0	0	0	0	0	0	0	0	0	0	0	0	1	0	0	1	1	0	0	0	0	0	1	0	0	0	0	0	1	1	0	0	0	3	0	0	0	0	1	1	0	0	0	0	1	1	0	2	1	0	0	1	0	0	0	0	0	1	0	1	0	0	0	0	0	0	1	0	0	0	0	0	0	0	0	0	0	0	0	0	0	1	1	0	0	0	0	0	0	2	0	0	0	0	0	0	0	1	0	2	0	1	0	0	0	0	0	0	0	0	0	1	0	1	0	0	1	0	0	1
5:Del:R:4	0	0	0	0	0	0	0	0	0	0	0	0	0	0	0	0	0	0	0	0	0	0	0	0	0	0	0	0	0	0	0	1	0	0	0	0	0	0	0	0	0	0	1	0	0	0	0	0	0	0	0	0	0	0	0	0	0	0	0	0	0	0	0	0	0	0	0	0	0	0	0	0	0	0	0	1	0	0	0	0	0	0	0	0	0	0	0	0	10	0	0	0	0	0	0	0	0	0	0	0	0	0	0	0	0	0	1	0	0	1	0	0	0	0	0	0	0	0	0	0	0	0	0	0	0	0	0	0	0	0	0	0	1	0	0	0	0	0	1	0	0	0	0	0	0	0	0	2	0	1	0	0	0	0	0	0	0	0	0	0	0	0	0	0	0	0	0	0	0	0	0	0	0	0	0	0	1	1	0	0	0	0	0	0	0	0	0	0	0	0	0	1	0	0	1	0	0	0	0	0	0	1	0	0	0	0	0	0	0	0	1	0	0	0	0	0	0	0	0	0	0	0	0	0	0	0	0	0	0	0	0	0	0	0	0	0	0	0	0	0	0	1	1	1	0	0	0	0	0	0	0	0	0	0	0	0	0	0	0	1	0	0	0	1	0	1	0	1	0	0	0	0	1	0	0	0	0	0	0	0	0	0	0	0	0	0	0	0	0	0	1	0	0	0	0	0	0	0	0	0	0	0	1	0	0	0	0	0	0	0	1	0	0	0	0	0	0	0	0	0	0	1	0	0	0	0	0	0	0	0	0	0	0	0	0	0	0	0	0	0	0	0	0	1	0	0	0	0	0	0	0	0	1	0	2	0	0	0	0	0	0	1	0	0	0	0	0	0	0	0	1	0	0	0	0	1	0	0	0	0	0	0	0	0	0	0	0	1	0	0	0	0	0	0	0	0	1	5	0	0	0	0	0	0	0	0	0	0	0	0	0	0	0	1	0	0	0	0	0	0	0	0	0	0	0	4	0	0	0	0	0	0	0	0	0	0	0	0	0	1	0	0	0	0	0	0	0	1	0	0	1	0	2	0	0	1	0	0	0	0	0	0	0	0	0	0	0	0	0	0	0	0	0	0	0	0	0	0	0	0	0	0	0	0	0	0	1	0	0	1	0	0	0	0	0	0	0	0	0	0	0	0	0	1	0	0	0	0	0	0	0	0	0	0	0	0	1	0	0	0	0	0	1	0	0	0	0	0	0	0	0	1	1	0	0	0	0	0	0	0	0	0	0	0	0	4	0	0	0	0	0	0	0	0	0	0	0	0	0	1	0	0	0	0	0	0	0	0	1	0	0	0	0	0	0	0
5:Del:R:5	0	0	0	0	0	0	0	0	0	0	0	0	0	0	0	1	0	0	0	0	0	0	0	0	0	0	0	0	0	0	0	0	0	0	0	0	0	0	0	0	0	0	0	0	0	0	0	0	0	0	0	1	0	0	0	0	0	0	0	0	0	0	0	0	0	0	0	0	0	0	0	0	0	0	0	0	0	0	0	0	0	0	0	0	0	0	0	0	3	0	0	0	0	0	0	0	0	0	0	0	0	0	0	0	0	0	0	0	0	0	0	0	0	0	0	0	0	0	0	0	0	0	0	0	0	0	0	0	0	0	1	0	0	0	0	0	0	0	0	0	0	0	0	0	0	0	0	0	0	0	0	1	0	0	0	0	0	0	0	0	0	0	0	0	0	0	0	1	0	0	0	0	0	0	0	0	0	2	0	0	0	0	0	0	0	0	1	0	0	0	0	0	0	0	0	0	0	0	1	0	0	0	0	0	0	0	0	0	0	0	3	0	0	0	0	0	0	0	0	0	0	0	0	0	0	0	0	0	0	0	0	0	0	0	0	0	0	0	0	0	1	0	0	0	0	0	0	0	1	0	0	0	0	0	0	0	0	0	0	0	0	0	0	0	0	0	0	0	0	0	1	0	0	0	0	0	0	0	0	0	0	0	0	0	0	0	0	0	0	0	0	0	0	0	0	0	0	0	0	0	0	0	1	0	0	0	0	0	0	0	0	0	0	0	0	0	0	0	0	0	0	0	0	0	0	0	0	0	0	0	0	0	0	0	0	0	0	0	0	0	0	0	0	0	0	0	0	0	0	0	0	0	0	0	0	0	0	1	0	0	1	0	0	0	0	0	0	0	0	0	0	0	0	0	0	0	0	0	0	0	0	0	0	0	0	0	0	0	0	0	0	1	0	0	0	0	0	4	0	0	0	0	0	1	0	0	0	0	0	0	0	0	0	0	0	0	0	0	1	0	0	0	0	0	0	2	0	0	0	0	0	0	0	0	0	0	0	0	0	0	0	0	0	0	0	0	0	0	0	0	0	0	3	0	0	0	0	0	0	0	0	0	0	0	0	0	0	0	0	0	0	0	0	0	0	0	0	0	0	0	1	0	0	0	0	0	0	0	0	0	0	0	0	0	0	0	0	0	0	0	0	0	0	0	0	0	1	0	0	0	0	0	0	0	0	0	0	0	0	0	0	0	0	0	0	0	0	0	0	0	0	0	0	0	0	0	0	0	0	0	0	0	0	0	0	1	0	0	0	1	0	1	0	0	0	0	0	0	0	0	0	0	0	0	0	1	0	0	0	0	1	1	0	1	0	0
2:Ins:R:0	3	6	2	1	10	0	1	0	6	4	1	2	0	0	20	10	5	2	7	4	0	3	5	0	9	4	5	13	0	1	0	7	2	2	5	3	1	3	7	7	3	7	11	2	9	7	4	0	13	7	10	8	2	11	6	1	7	8	7	13	2	6	20	12	5	9	0	5	11	7	5	4	6	8	2	15	11	3	4	2	5	6	7	3	7	29	8	26	203	10	11	16	47	7	23	17	8	2	8	13	9	3	24	17	7	22	69	6	91	52	14	9	5	6	17	10	22	7	19	56	8	3	16	25	26	16	10	5	36	20	14	6	26	12	13	11	3	12	9	2	6	6	6	22	8	14	28	2	5	64	11	45	6	6	8	27	5	68	25	24	12	15	8	40	13	14	5	15	15	17	12	28	11	3	6	5	3	17	34	4	26	23	10	7	15	28	18	52	6	10	28	7	25	6	28	12	9	4	4	15	0	16	8	8	8	5	22	36	6	19	76	13	6	14	9	24	10	5	17	4	36	18	18	8	17	12	3	0	22	30	5	3	14	7	16	9	5	54	4	7	6	23	11	1	0	17	3	2	10	10	12	13	17	15	17	3	22	12	1	14	64	12	7	4	9	9	14	30	17	4	10	3	16	8	7	14	31	22	30	3	3	3	11	6	46	34	37	26	27	38	19	11	8	44	16	25	16	10	16	13	8	6	23	12	15	13	30	3	8	17	4	13	26	9	5	9	20	28	24	4	10	26	8	9	11	11	10	31	22	16	1	8	34	26	47	9	19	4	6	6	5	25	15	14	79	21	25	28	11	14	11	36	15	12	20	9	8	24	5	6	33	18	5	10	12	5	10	16	28	10	23	25	27	51	25	27	3	17	17	8	14	28	9	53	20	27	10	54	12	13	18	23	7	10	17	14	13	296	9	10	18	23	6	5	6	11	7	51	10	9	8	16	3	5	6	8	12	4	21	6	11	12	8	18	31	14	8	17	14	40	2	18	7	12	11	7	13	9	18	11	1	4	33	13	22	30	8	25	10	48	85	8	33	16	17	43	21	26	5	11	5	16	14	2	18	14	23	27	3	18	25	11	15	29	28	27	22	18	32	29	29	5	3	3	9	49	24	7	16	35	7	10	4	11	5	19	32	20	9	6	2	12	11	13	4	17	4	37	6	11	11	17	33	25	12	14	27	16	25	27	2	16	50	9	7	16	10	22	8	28	24	17	25	7	12	7	5	28	13	12	12	7	8	4	26	26	5	9	31	5	33	36	3	18	22	15	10	6	82	11	2	5	9	14	3	6	30	2	49	7	4	6	9	7	19	2
2:Ins:R:1	2	7	4	1	16	0	5	3	4	13	1	6	1	0	14	10	4	2	5	2	0	2	0	0	1	2	5	19	1	3	4	5	0	0	4	1	2	4	4	7	7	4	7	1	18	8	6	1	11	4	2	8	1	7	3	3	10	7	5	4	3	5	4	6	6	2	0	4	9	10	3	3	6	4	1	4	6	9	5	3	2	2	2	5	5	16	6	13	26	4	5	8	23	5	3	12	2	4	6	3	6	2	15	11	3	5	23	2	35	12	7	4	3	1	6	4	4	1	19	16	3	2	9	19	8	6	8	1	18	9	4	7	7	5	2	4	1	3	4	2	4	1	4	11	1	11	7	5	3	17	3	18	3	7	9	9	8	18	13	9	7	2	6	15	8	7	3	6	6	2	5	7	6	8	3	2	4	4	16	1	8	14	2	1	7	17	8	40	6	9	6	7	10	2	4	3	2	5	1	8	2	9	4	2	7	2	7	9	1	7	14	6	2	10	4	10	5	0	2	5	3	13	1	5	8	7	6	4	6	18	3	1	7	1	4	5	0	35	2	2	2	10	8	3	0	12	9	0	4	20	11	9	9	7	11	0	8	3	7	5	29	3	0	2	1	6	8	18	11	3	1	0	6	3	5	1	9	3	14	0	0	3	9	5	9	10	15	8	11	28	12	6	4	21	10	16	4	5	1	8	4	1	11	8	6	7	16	2	5	4	3	5	3	6	7	5	5	14	13	4	0	14	3	3	4	1	5	11	13	13	3	1	14	16	13	4	17	3	5	5	4	7	5	10	39	6	22	11	10	15	4	22	6	5	11	3	4	9	0	2	7	6	5	10	8	3	3	5	8	5	10	15	9	25	5	13	2	13	9	3	6	65	4	11	7	14	3	21	4	4	20	8	4	0	12	1	6	97	1	2	5	6	3	3	3	4	2	15	6	4	2	2	1	1	1	2	8	2	5	6	6	5	5	3	1	11	5	9	8	17	0	10	2	7	9	3	6	2	12	11	4	1	13	14	3	12	6	6	5	8	36	8	10	5	5	14	5	11	9	3	2	14	12	2	5	5	14	7	2	7	22	7	10	12	3	12	8	7	9	21	9	4	4	6	12	16	11	3	8	9	8	4	3	2	6	9	10	9	7	7	2	8	10	4	3	6	3	10	10	5	11	17	16	4	3	5	5	3	10	10	1	9	29	2	5	8	5	4	1	17	9	8	11	3	2	4	1	17	7	11	10	6	2	2	13	5	3	4	4	4	15	8	1	8	1	5	8	2	30	4	0	6	1	4	2	4	6	3	26	10	2	1	4	3	3	4
2:Ins:R:2	1	3	1	0	7	0	1	1	2	3	1	2	1	0	4	6	3	1	2	1	1	1	0	0	1	2	5	3	1	1	0	3	0	0	1	1	1	1	1	3	2	5	4	3	3	3	2	1	3	5	6	1	4	6	0	3	6	2	1	3	0	3	2	5	1	2	1	2	2	5	3	6	4	5	1	4	4	2	2	0	0	3	1	3	2	5	1	0	32	0	1	3	12	1	3	1	1	0	0	5	0	0	4	2	1	2	10	1	24	3	0	2	2	1	5	5	0	1	4	5	1	2	5	4	4	4	5	0	6	4	1	1	2	6	1	2	0	2	1	0	3	1	2	6	1	4	6	1	2	19	0	11	2	1	1	2	1	6	4	5	1	2	2	3	2	5	0	2	2	3	3	6	0	1	2	1	2	2	6	0	1	3	2	7	6	7	4	10	0	6	3	0	0	1	6	2	1	3	0	4	3	2	1	1	4	2	1	2	2	1	13	2	2	2	0	5	4	1	3	0	7	6	3	2	3	6	1	1	1	4	0	0	4	6	3	4	0	14	3	3	1	12	4	1	1	3	0	0	4	8	1	2	6	5	2	2	3	1	1	5	14	2	1	2	1	2	3	6	4	2	1	0	2	1	1	2	3	4	6	0	0	3	2	3	1	6	8	1	6	12	4	4	2	6	3	8	3	0	0	2	0	1	7	4	1	3	4	1	5	3	0	2	3	3	2	1	3	5	2	1	2	9	2	5	2	1	1	5	6	8	0	0	4	9	6	1	3	1	3	3	5	10	2	5	19	4	6	6	7	1	0	9	2	3	5	5	2	9	2	1	2	5	0	4	3	3	2	6	3	1	1	10	3	7	4	4	1	5	5	5	4	43	1	7	5	13	4	8	1	1	6	7	1	1	5	1	0	64	2	1	3	4	0	3	3	1	1	7	4	2	1	4	0	2	4	1	2	2	3	2	2	4	5	3	1	4	4	1	2	14	0	3	2	3	5	3	1	1	4	0	0	1	2	6	2	6	5	3	3	0	14	3	10	4	1	8	4	4	4	2	2	2	6	2	2	2	6	5	1	3	8	2	0	5	9	5	2	0	5	4	2	1	1	2	2	11	7	1	3	8	3	2	1	1	3	2	7	5	4	1	2	1	5	5	0	2	1	4	0	3	2	7	2	2	3	3	1	3	16	1	2	4	6	2	1	4	1	10	2	3	2	2	3	2	2	1	1	3	4	3	5	2	2	4	2	2	0	1	2	1	6	7	1	4	0	7	0	3	3	1	0	0	1	2	2	1	3	1	7	2	2	2	1	0	3	1
2:Ins:R:3	2	3	0	0	3	0	1	0	2	0	1	0	0	0	3	1	2	0	1	1	0	0	0	0	1	0	1	1	1	0	0	4	0	0	3	0	0	0	3	3	1	0	2	0	3	4	0	0	2	0	0	3	0	1	1	0	5	0	1	0	2	1	1	4	2	2	0	2	4	2	1	3	1	0	0	3	4	1	4	1	1	0	4	1	0	4	0	3	64	2	1	2	11	0	4	0	4	0	0	2	0	0	3	3	0	3	4	1	14	3	5	0	2	1	3	1	0	0	2	7	0	1	3	1	2	2	2	0	4	1	0	1	5	2	0	4	0	1	1	2	0	1	1	3	1	4	1	0	2	47	2	9	1	1	2	3	1	7	3	1	4	1	1	9	0	2	0	0	2	2	2	2	0	3	3	1	2	3	6	2	3	5	2	4	1	3	3	13	1	0	3	3	1	1	2	1	2	1	2	3	0	4	0	0	1	1	0	5	1	1	40	2	1	1	0	5	4	2	2	1	5	1	0	0	1	2	1	0	1	7	1	3	5	1	3	3	0	12	0	2	6	15	1	0	0	2	2	0	3	2	2	2	2	1	3	2	1	1	3	0	8	3	1	0	1	2	2	4	2	0	0	1	1	0	1	1	2	2	2	1	0	0	0	4	1	3	10	2	2	3	2	1	1	4	1	9	5	0	1	4	0	0	3	2	2	2	2	0	1	3	0	2	1	1	2	2	1	5	2	0	4	5	0	1	1	0	2	0	3	3	0	1	1	13	6	2	2	1	2	1	1	0	1	2	15	2	1	2	3	3	1	1	0	5	3	1	0	3	0	1	7	3	3	0	0	1	0	1	2	2	3	1	2	4	1	1	2	1	0	3	0	8	1	7	1	5	1	2	3	2	1	2	2	2	1	1	4	106	4	1	4	0	0	1	2	0	1	9	1	0	1	5	1	1	0	0	4	0	2	1	2	1	1	1	2	4	0	2	0	4	2	5	1	1	1	1	2	0	2	1	0	2	4	4	0	3	0	5	3	0	9	4	10	0	2	1	2	5	1	2	0	2	6	2	6	0	2	3	0	1	2	0	1	1	3	6	4	1	3	2	4	1	1	2	1	2	2	1	3	4	2	0	1	2	1	3	6	2	2	0	1	2	1	1	1	2	0	3	1	1	1	4	5	1	1	0	0	1	4	0	3	2	3	1	3	4	2	3	2	3	2	0	3	0	2	2	0	10	3	0	0	1	3	0	2	2	0	0	1	0	4	8	1	1	0	1	2	1	7	3	1	6	0	5	5	2	2	1	1	1	0	0	0	0	1	0
2:Ins:R:4	1	1	0	0	2	0	1	0	0	0	0	0	0	1	0	0	0	2	1	0	0	0	0	0	0	0	1	2	0	0	0	1	0	0	0	1	1	0	0	2	3	0	0	0	3	0	4	0	2	1	0	0	1	4	2	0	4	1	0	3	1	0	3	0	4	9	0	1	2	2	4	3	2	4	0	4	0	2	4	0	1	5	1	1	2	8	0	1	290	1	4	0	3	0	5	1	1	1	2	0	1	2	2	2	4	2	3	1	16	3	0	0	1	0	1	6	0	1	1	4	2	0	1	2	0	1	2	1	2	1	1	1	6	1	3	1	0	2	1	0	2	1	1	4	0	3	4	4	1	136	0	6	0	0	2	3	1	5	1	3	3	2	0	5	8	5	0	0	3	1	1	2	2	0	2	0	2	4	3	1	5	3	1	4	4	4	2	3	2	1	5	3	1	0	6	3	2	1	0	5	1	2	3	2	3	1	1	5	0	3	111	4	3	4	3	2	1	0	4	1	4	0	1	2	1	3	4	0	1	4	3	1	1	4	3	4	0	8	0	1	1	58	3	0	0	1	0	0	3	1	1	1	5	0	1	2	3	3	1	4	9	2	1	3	2	1	4	12	2	1	2	0	3	0	3	1	0	2	3	0	0	0	0	2	2	1	2	0	9	5	3	0	1	3	1	8	4	3	1	0	2	0	3	1	5	0	2	0	3	7	1	1	1	2	1	3	1	3	3	0	0	3	0	2	0	2	3	3	1	0	0	0	3	13	4	4	1	0	2	0	0	3	0	1	5	0	3	2	2	4	1	2	4	0	4	2	1	6	0	0	17	10	1	4	0	1	3	2	5	1	2	6	0	1	1	5	1	1	1	1	2	3	1	8	1	7	0	6	2	5	3	5	2	2	1	1	2	473	1	7	2	1	1	1	2	4	0	13	5	4	2	1	0	1	3	2	4	0	4	2	2	4	5	2	2	4	2	2	0	2	2	4	0	0	1	1	1	2	2	1	0	1	1	1	2	3	4	6	3	1	4	2	5	2	1	0	1	5	1	1	0	1	2	0	2	2	5	2	1	1	2	7	1	2	2	1	0	2	6	2	5	0	0	1	6	4	6	1	1	7	0	1	0	2	4	0	4	1	0	1	3	3	4	6	0	0	1	1	2	2	0	2	2	8	2	5	4	2	7	1	1	0	2	2	0	0	2	2	0	4	1	2	2	0	0	0	2	0	4	2	0	5	2	0	9	12	0	4	2	3	4	6	0	6	1	4	2	2	9	0	1	1	1	4	0	0	1	0	7	2	0	1	0	0	1	0
2:Ins:R:5	0	6	2	3	4	0	0	0	2	1	0	0	3	3	5	1	4	4	0	0	2	2	3	0	1	4	4	2	2	5	2	2	2	0	0	1	4	1	7	1	8	0	8	14	5	2	15	6	3	8	5	6	4	8	3	2	6	2	3	5	8	0	12	3	12	41	4	0	0	6	3	1	2	22	4	14	6	17	14	4	13	5	4	4	6	14	2	16	1431	8	6	11	12	4	13	1	8	4	3	4	10	3	12	13	11	19	10	12	25	16	5	5	2	3	6	18	10	5	9	22	15	1	7	5	2	20	3	6	7	3	5	5	36	5	8	6	1	20	26	2	12	2	8	34	4	34	24	1	9	721	4	14	4	1	6	10	5	29	14	35	31	24	4	16	26	20	2	8	20	19	21	13	12	9	12	4	8	17	17	7	10	1	21	17	9	29	13	17	6	13	13	14	11	21	9	9	4	20	8	27	9	6	6	4	5	8	13	16	4	6	578	16	37	10	15	6	12	2	11	4	13	22	21	7	8	11	16	0	15	11	12	4	18	8	7	5	10	12	4	12	6	324	28	2	3	14	10	1	7	5	11	11	12	3	1	4	8	38	5	20	19	5	3	13	12	6	6	29	22	7	6	2	16	15	11	10	11	10	9	3	2	1	20	20	0	30	9	4	23	22	8	12	5	8	30	62	16	7	2	7	6	3	13	12	52	3	4	5	22	36	8	14	5	12	15	13	6	21	8	7	9	2	7	3	4	3	13	27	23	13	1	4	7	36	8	15	8	3	7	10	3	15	2	9	11	2	11	20	3	9	2	5	15	7	1	2	11	22	2	12	63	65	8	10	11	17	21	16	17	3	26	23	12	21	28	23	3	6	3	5	10	12	10	17	9	23	9	17	9	24	7	41	6	8	10	12	13	1887	12	32	22	5	2	7	5	23	14	21	19	11	6	11	6	12	8	2	17	7	5	5	26	12	30	14	3	14	9	25	6	4	9	22	2	10	2	3	12	3	1	8	1	8	16	3	14	9	21	10	9	1	16	7	23	0	10	16	5	22	16	3	0	13	5	1	13	13	42	17	11	2	5	41	13	6	10	31	8	16	8	8	6	7	1	6	16	8	2	21	4	23	9	2	11	18	21	11	12	5	4	3	15	11	12	24	9	9	0	6	6	13	7	8	10	31	13	6	9	11	25	10	2	11	26	13	9	7	10	9	6	9	7	8	5	8	5	3	5	6	28	6	5	22	21	2	19	60	0	9	16	13	26	36	1	24	2	10	23	21	19	11	1	7	4	16	0	3	5	2	39	15	2	5	5	1	10	13
3:Ins:R:0	0	1	2	0	1	0	1	0	0	2	0	0	0	0	4	2	0	0	0	1	0	1	0	0	1	1	0	1	0	0	0	0	0	0	0	1	0	2	0	3	1	1	1	0	2	2	1	0	0	1	0	2	0	2	0	0	1	1	0	1	0	0	9	2	0	1	0	0	2	2	0	2	1	1	0	1	2	1	0	0	2	1	0	1	0	5	3	4	43	2	2	6	9	4	4	4	2	0	2	4	2	2	7	9	3	4	14	2	17	12	5	4	1	1	2	3	3	4	3	9	4	3	3	12	5	3	2	1	7	3	3	3	9	3	5	1	1	4	3	1	1	1	1	7	6	5	6	4	3	15	4	3	6	1	3	10	4	9	3	3	4	4	2	9	5	1	2	4	4	0	8	3	1	4	7	6	3	4	9	2	4	1	2	4	7	1	7	13	2	2	5	3	4	3	9	3	2	3	6	10	3	7	4	2	2	2	5	8	1	11	21	2	3	4	2	3	4	2	9	0	7	11	3	1	6	2	4	1	4	9	0	2	3	5	8	3	6	8	0	2	1	3	6	0	3	6	3	4	6	4	5	6	4	4	6	3	13	6	1	5	7	5	0	0	2	2	2	10	5	1	5	0	2	3	0	2	7	7	7	1	3	2	3	3	6	7	8	6	8	10	6	1	1	11	4	9	12	4	5	5	2	4	8	12	7	5	4	2	2	4	1	6	3	7	2	0	7	5	7	4	3	8	6	7	1	1	0	6	8	9	4	1	6	10	5	7	4	3	2	3	2	3	3	9	16	4	3	8	2	6	3	6	8	3	4	4	3	4	3	5	11	4	4	2	5	3	2	4	7	4	6	5	7	9	7	6	2	5	2	3	6	5	0	19	4	11	2	9	6	5	2	8	2	6	4	4	2	74	2	7	6	2	2	3	2	1	1	12	2	1	4	6	2	1	4	1	5	0	3	2	4	4	2	9	8	5	1	5	4	5	3	4	3	7	5	4	2	3	3	5	3	2	3	1	16	8	4	4	7	6	27	1	20	2	4	5	4	3	0	6	1	4	2	1	10	3	9	2	2	5	3	0	8	4	2	14	7	4	5	8	3	2	2	4	6	17	3	1	4	8	2	3	2	6	2	7	7	5	0	6	2	8	4	2	5	3	1	10	5	1	2	3	10	6	7	5	12	5	10	7	1	3	7	4	3	3	4	4	2	6	3	4	7	5	3	3	0	6	7	3	5	7	1	2	7	7	2	3	8	4	5	12	1	6	2	3	3	3	9	8	1	7	3	4	2	1	5	0	8	4	0	1	2	0	7	8
3:Ins:R:1	1	4	3	1	8	0	2	0	2	2	2	2	0	1	10	1	2	1	1	1	0	3	1	0	3	3	2	2	0	2	3	1	0	1	0	0	0	2	4	2	0	1	2	1	1	2	1	1	0	3	2	4	2	2	0	1	4	0	1	3	3	5	4	4	4	3	0	0	2	1	0	4	0	4	2	0	2	9	3	1	2	2	2	0	2	6	2	2	9	1	1	2	8	0	4	2	3	0	3	6	2	2	3	1	2	4	7	2	7	6	3	3	4	3	6	4	1	1	8	8	0	0	2	1	1	2	2	0	4	1	2	2	4	5	4	3	0	3	5	4	4	0	0	2	3	2	4	1	0	8	0	4	3	3	0	1	6	9	1	8	2	3	4	5	3	2	1	5	2	3	5	1	3	0	5	2	2	1	4	4	4	4	0	1	2	3	3	5	1	3	2	9	2	0	5	3	3	3	2	6	2	6	2	3	0	0	5	3	1	2	1	5	7	3	1	1	0	0	2	1	4	5	0	3	9	6	2	1	5	3	1	0	1	1	4	5	3	9	2	0	0	2	4	0	0	5	4	0	2	8	2	4	5	3	1	1	3	2	3	1	12	0	1	1	3	5	2	13	7	1	2	0	4	0	4	2	3	3	9	1	1	1	2	1	0	8	1	1	5	8	2	3	1	1	6	8	10	7	1	4	2	0	2	4	4	1	3	1	1	3	4	3	2	1	6	2	1	1	3	1	0	6	5	1	1	3	1	2	6	6	1	3	3	2	6	1	7	0	0	7	1	5	1	12	10	1	4	9	2	4	1	5	3	1	5	2	2	3	0	2	7	2	1	4	1	3	1	0	1	1	1	11	5	8	2	4	0	4	1	3	1	61	2	4	1	11	2	5	2	3	7	5	4	2	3	1	5	16	4	4	6	1	2	3	4	4	2	2	4	3	3	5	1	0	2	0	4	4	4	1	4	1	3	1	0	4	4	4	3	5	4	2	5	2	3	3	4	1	1	1	2	0	6	3	1	4	3	2	3	3	10	2	5	1	7	6	1	4	4	0	1	4	3	1	3	1	4	5	2	0	2	6	2	4	4	8	8	4	5	2	3	4	2	0	7	4	3	1	2	7	3	2	0	1	3	5	4	3	0	1	2	4	5	2	1	5	2	5	3	1	3	5	6	5	3	0	5	4	8	2	0	1	3	1	2	2	4	4	3	7	3	1	5	1	1	0	4	3	3	3	3	4	3	3	7	11	1	2	4	4	5	7	0	1	1	5	4	1	16	2	0	2	0	3	0	3	4	1	5	3	1	0	0	1	7	2
3:Ins:R:2	1	1	1	0	3	0	0	0	1	1	1	0	0	0	3	1	0	1	2	0	0	0	0	0	0	1	1	0	0	1	0	0	0	0	0	0	2	1	1	1	0	0	2	0	1	0	0	0	1	1	2	0	0	2	0	1	0	0	2	0	0	0	0	0	0	1	0	0	0	0	2	0	0	1	0	0	0	1	0	1	0	1	3	0	0	0	0	0	11	0	0	1	1	0	0	0	0	0	1	2	0	1	1	1	0	1	2	0	2	0	1	0	0	2	0	1	0	1	0	1	0	1	0	0	0	2	0	0	1	0	1	0	0	1	1	0	0	0	0	0	0	0	0	1	0	1	0	1	1	2	0	1	0	0	0	2	0	1	1	3	2	1	1	0	1	1	0	1	1	1	1	0	0	0	0	0	2	0	0	0	1	3	0	1	0	2	0	0	0	0	0	2	0	0	1	1	0	1	0	0	1	0	2	0	0	0	0	2	1	0	5	1	2	2	1	0	1	0	0	0	1	2	0	0	0	0	0	0	0	0	0	0	1	0	0	1	1	1	0	0	0	0	0	0	1	1	0	0	0	3	1	1	0	0	1	0	0	2	0	2	2	0	0	1	0	1	1	0	1	0	0	0	1	0	1	1	1	1	1	0	0	0	0	0	0	1	0	0	2	1	1	0	2	0	1	4	0	1	1	0	0	1	2	0	1	0	1	0	0	0	0	0	0	0	1	0	1	0	0	1	0	3	1	0	0	0	0	1	0	2	0	0	0	0	1	0	0	0	1	0	0	1	1	0	3	0	0	2	0	2	1	1	0	0	1	0	0	0	0	0	1	1	0	1	0	0	0	0	0	0	1	0	2	1	1	1	0	1	1	0	1	10	1	1	0	2	0	2	0	0	0	0	0	0	0	0	2	7	1	0	0	0	0	1	0	3	1	1	2	1	0	1	0	0	0	0	2	0	0	1	0	0	0	1	0	0	0	1	0	1	0	2	2	0	0	1	2	0	0	1	0	0	2	0	1	0	0	0	0	0	2	1	1	0	1	0	1	1	3	0	0	0	1	0	0	1	2	1	0	0	3	0	0	0	1	2	2	2	0	1	1	0	0	0	0	0	0	1	2	0	0	1	0	2	0	1	1	0	0	0	0	1	0	0	0	1	0	1	1	0	0	2	2	0	1	0	0	0	2	1	0	0	2	0	0	1	1	3	0	2	0	0	0	1	0	1	0	1	0	1	0	0	0	0	1	0	0	0	1	0	1	1	0	0	0	2	0	0	3	0	0	1	1	3	0	2	0	1	0	0	0	1	1	0	0	1
3:Ins:R:3	0	0	0	0	0	0	0	0	0	0	0	0	0	0	3	0	0	0	0	0	0	0	0	0	0	0	1	0	0	0	0	0	0	0	0	0	0	0	0	0	0	0	0	1	0	0	0	2	0	0	0	0	0	1	0	0	0	0	0	0	0	0	0	0	0	0	0	0	0	0	0	0	0	0	1	0	1	0	0	0	0	0	0	0	0	0	1	1	8	0	0	0	0	0	0	0	0	0	0	0	0	0	0	0	0	0	0	0	0	0	0	0	0	0	0	0	0	0	0	1	0	0	0	1	1	0	1	0	0	0	0	0	0	0	0	0	0	0	0	0	0	0	0	0	0	0	0	0	0	7	0	0	1	0	1	0	0	1	0	1	0	0	0	0	1	1	1	1	0	0	1	0	0	0	0	0	0	0	0	0	0	0	0	0	0	0	0	1	0	0	0	0	0	0	0	0	0	0	0	0	0	0	0	0	0	0	0	0	0	0	2	0	1	0	0	0	0	0	0	0	0	0	0	1	0	0	1	0	1	1	0	0	0	0	1	0	0	0	0	0	0	0	1	0	0	0	0	0	0	0	0	0	0	1	0	0	0	0	0	0	0	0	0	0	0	0	0	1	0	0	0	0	0	0	0	0	0	0	0	0	0	0	0	0	0	0	0	0	0	0	0	0	0	1	0	0	0	0	1	0	0	0	1	0	0	0	0	0	0	0	0	0	0	0	0	0	0	0	0	0	0	0	0	0	0	0	0	0	0	0	0	0	0	0	0	1	0	0	0	0	0	0	0	0	0	0	0	0	0	0	0	0	3	0	0	0	0	0	0	0	2	0	0	2	0	0	0	0	0	0	0	0	0	0	0	0	0	0	0	1	0	0	0	0	0	0	1	0	0	0	0	0	0	0	1	0	0	8	1	0	1	0	0	1	0	0	1	0	0	0	0	0	0	0	0	1	0	0	1	1	0	0	0	0	0	0	0	0	0	0	0	0	0	0	0	0	0	0	0	0	0	0	2	0	0	1	1	0	0	0	1	0	1	0	0	0	0	0	0	0	0	0	0	0	1	0	0	0	0	0	0	0	0	0	0	1	0	1	0	0	0	0	0	0	0	0	0	0	1	0	0	0	0	0	0	1	0	0	0	0	0	0	0	1	0	0	0	0	0	1	0	0	0	0	0	1	0	0	0	0	0	0	0	0	0	0	0	1	0	0	0	0	1	0	0	0	0	0	1	0	0	0	0	0	0	0	0	0	1	0	0	2	0	1	0	0	0	0	1	0	1	0	0	0	0	0	1	0	0	0	0	0	0	1	0	0
3:Ins:R:4	0	0	0	1	0	0	0	0	0	0	0	0	0	0	0	0	0	0	0	0	0	0	0	0	0	0	1	0	0	0	0	0	0	0	0	0	0	0	0	0	0	0	0	0	0	0	0	0	0	0	0	0	0	1	0	0	0	0	0	0	0	0	1	1	0	0	0	0	1	0	0	0	0	1	1	0	0	1	0	0	0	0	0	0	1	0	0	0	14	0	0	0	0	0	0	0	0	0	0	2	0	0	0	0	0	0	0	0	0	0	0	0	0	0	0	0	0	0	0	0	0	0	0	0	0	0	0	0	0	0	0	0	0	0	1	0	0	1	1	0	0	0	0	1	0	1	0	0	0	10	0	1	0	0	1	0	0	0	0	0	0	0	0	0	0	2	0	0	0	0	0	0	0	0	0	0	0	0	0	0	1	0	0	0	0	0	0	0	0	0	0	0	1	0	0	1	0	0	0	1	0	0	0	0	1	0	1	0	0	0	6	0	0	1	0	0	0	0	0	0	0	1	0	0	0	0	0	0	1	0	0	0	0	0	0	0	0	0	0	0	0	4	1	0	0	1	0	0	0	0	0	0	0	0	0	0	0	0	0	0	0	1	0	0	0	1	0	0	0	0	0	0	0	0	0	0	1	0	0	0	0	0	0	0	0	0	0	1	0	0	1	0	0	0	0	0	0	0	0	0	0	0	0	0	0	0	0	0	0	0	0	0	0	1	0	0	0	0	0	0	1	0	0	0	0	0	0	0	0	0	0	0	0	0	0	1	0	0	0	0	0	0	0	0	0	0	0	0	0	0	0	0	1	0	0	0	0	0	0	0	0	2	0	0	0	1	1	0	0	0	0	0	0	0	0	0	0	0	0	0	0	0	0	0	0	0	1	0	1	0	0	0	0	0	0	0	0	6	0	1	1	0	0	0	0	0	0	0	1	0	0	0	0	0	0	0	0	0	0	0	0	0	0	0	0	0	0	1	0	0	1	0	0	0	0	0	0	0	0	0	0	0	0	0	0	0	0	0	0	0	0	0	0	0	0	0	0	0	0	0	0	0	0	0	1	0	0	0	0	0	0	0	0	0	0	0	0	0	0	0	1	0	0	0	0	0	0	0	0	1	0	0	0	3	0	0	0	0	0	0	0	0	0	1	0	0	0	0	0	0	0	0	0	0	1	1	0	0	0	0	0	0	0	0	0	0	0	0	0	0	0	0	0	0	1	0	0	0	0	0	0	1	0	0	0	1	0	0	0	0	0	1	0	0	0	0	1	0	0	0	0	0	0	0	0	0	0	0	1	0	0	0	0	0	0	0
3:Ins:R:5	0	2	0	0	0	0	0	0	0	0	0	0	0	0	0	0	1	0	0	0	0	0	0	0	0	0	0	0	0	0	0	0	0	0	0	0	1	1	1	1	0	1	2	0	1	0	3	0	0	1	1	1	0	0	0	0	0	1	1	0	0	0	0	1	1	2	0	0	0	1	1	0	1	1	2	0	1	0	0	0	0	0	0	0	0	1	0	1	86	0	0	0	0	1	2	0	0	1	1	1	1	0	1	0	0	0	0	1	1	0	0	1	0	0	1	4	2	0	0	0	0	1	1	1	0	1	0	0	0	0	0	0	1	0	1	0	0	1	4	0	1	0	0	1	1	1	1	0	0	45	0	0	0	1	0	0	0	1	0	2	2	0	0	0	0	2	0	0	0	2	3	1	0	1	1	0	0	2	4	1	1	0	0	0	0	1	1	0	0	1	1	0	1	0	0	0	0	3	0	2	0	0	0	2	0	0	0	0	2	0	29	3	1	0	0	1	2	0	1	0	1	0	1	0	0	0	1	0	1	0	1	0	0	0	0	0	1	1	0	2	2	11	1	0	1	0	1	0	0	1	2	0	0	1	1	0	1	0	0	1	0	0	0	0	2	0	0	3	1	0	0	0	0	0	0	1	0	0	0	0	0	0	0	3	0	2	1	0	3	1	0	0	0	0	1	2	1	0	0	2	1	0	0	1	2	0	1	2	1	3	0	0	2	1	1	0	0	1	1	0	1	0	0	1	0	0	0	0	0	0	0	0	1	5	0	2	0	1	1	0	0	1	0	0	1	0	1	1	0	1	0	0	0	1	1	1	1	2	1	0	7	5	1	0	1	0	1	0	1	0	3	0	0	0	2	2	2	0	1	0	1	2	1	3	0	2	2	3	0	3	0	1	1	0	1	0	3	82	1	1	5	0	1	0	1	2	2	0	2	0	0	2	0	0	0	0	0	1	1	1	1	2	0	0	1	0	1	2	0	0	1	0	0	0	0	0	0	0	1	0	0	1	0	0	2	0	1	0	0	0	1	0	2	0	0	1	0	0	0	1	0	2	0	0	1	0	2	1	1	0	0	1	0	1	0	2	0	2	1	0	2	0	0	1	1	1	0	0	0	4	0	0	0	1	0	1	0	0	0	0	1	1	2	1	0	0	0	0	0	0	0	0	1	0	0	0	0	2	2	0	0	0	2	1	1	0	0	0	0	1	0	2	0	0	0	0	2	2	1	0	1	0	0	0	1	3	1	0	2	0	1	2	0	2	0	1	1	0	3	0	0	0	0	2	0	0	0	0	1	0	0	2	1	0	0	1
4:Ins:R:0	0	0	1	0	0	0	3	0	1	0	1	0	0	0	1	0	1	0	0	0	0	0	0	0	0	1	0	0	0	2	0	0	0	0	0	1	1	0	1	1	0	0	3	0	1	1	1	0	0	1	1	6	1	2	1	0	2	1	0	1	0	0	1	6	2	1	0	2	1	0	1	3	3	1	0	0	2	2	3	1	1	1	1	0	0	3	4	14	132	3	4	7	25	7	10	6	1	4	9	11	3	0	11	11	6	9	27	6	31	21	7	5	3	1	10	10	7	3	7	18	8	4	10	18	13	8	9	4	14	9	10	7	8	6	10	5	1	10	7	1	3	3	3	11	2	11	9	2	4	30	8	22	8	2	4	19	1	25	14	17	5	7	5	24	7	9	3	5	9	11	10	10	4	9	7	5	3	14	21	3	18	15	4	5	14	12	7	37	4	3	14	11	12	4	15	14	11	2	1	19	4	9	7	7	4	6	13	13	1	5	34	9	4	10	11	12	8	3	7	2	16	18	8	13	10	6	6	3	18	15	5	5	9	2	15	2	6	35	3	5	8	11	6	3	0	10	4	2	7	2	3	9	16	11	5	3	21	5	4	11	22	10	1	5	3	4	13	21	9	2	7	2	8	2	5	4	15	16	22	4	1	3	6	5	7	30	16	13	16	25	10	4	6	27	3	15	7	7	3	8	10	2	13	11	8	10	21	4	9	10	3	8	12	12	5	7	8	20	7	1	5	12	5	3	3	6	11	12	6	5	2	0	13	33	25	8	14	1	8	6	4	7	4	12	45	10	17	15	9	10	7	16	7	12	10	8	3	20	3	7	24	11	3	12	12	3	5	5	16	5	15	18	13	30	14	17	4	9	8	5	7	15	2	28	4	26	6	33	8	8	13	12	9	10	14	6	12	160	4	5	8	15	2	4	2	3	9	20	8	6	4	10	3	6	3	2	5	4	13	4	7	3	5	11	7	11	1	11	10	18	4	12	5	7	8	4	3	3	16	10	3	5	12	10	11	14	4	13	4	5	65	9	25	6	11	19	12	10	3	7	4	8	9	3	5	12	14	8	6	9	11	4	14	13	10	13	10	21	19	17	18	3	3	9	10	25	17	6	13	25	2	4	2	3	5	8	17	11	5	2	5	10	16	12	3	9	4	18	3	7	8	12	17	14	5	6	15	9	27	9	1	8	12	3	6	11	6	11	4	24	11	13	19	3	6	5	4	12	10	2	6	2	9	1	21	20	2	6	13	3	20	28	2	15	4	8	9	5	52	13	0	8	3	16	4	3	14	2	20	13	4	7	4	4	7	6
4:Ins:R:1	3	5	0	0	1	0	3	0	2	2	0	1	0	0	3	4	6	3	2	0	3	1	2	0	0	4	6	2	2	6	1	1	0	0	3	0	2	0	1	1	4	2	5	3	3	3	3	3	3	4	4	8	2	4	2	2	6	3	3	8	2	1	5	3	6	4	0	2	3	4	1	2	2	2	4	3	2	2	4	1	1	1	1	0	3	3	2	3	14	2	0	0	9	3	4	3	1	0	3	4	1	5	6	1	5	3	5	1	14	4	3	1	5	2	4	2	4	1	4	0	2	1	0	3	5	2	1	2	2	3	1	1	1	1	2	2	0	6	2	1	3	0	1	3	1	8	4	6	2	11	3	5	0	0	2	6	2	2	3	6	5	3	1	8	4	4	1	6	5	4	5	3	6	3	5	1	2	3	5	3	4	2	2	2	7	5	2	3	5	3	5	3	7	3	9	7	3	6	1	4	2	8	2	2	4	2	2	2	2	5	6	1	7	2	2	3	3	0	5	0	7	5	3	3	10	4	4	0	6	3	1	1	0	1	2	8	5	9	3	1	2	4	6	0	2	1	1	1	1	4	1	3	4	3	2	1	7	2	1	2	5	3	1	5	0	0	1	6	3	4	7	1	1	6	3	2	4	1	6	0	1	2	3	1	5	4	4	1	6	1	2	4	2	5	6	5	8	4	1	6	0	2	2	4	6	3	8	2	0	2	2	3	7	5	2	3	3	1	4	1	4	6	2	4	4	0	2	1	8	6	0	3	11	4	3	4	5	4	1	3	1	5	2	8	6	5	4	13	2	10	2	3	2	4	4	3	3	6	2	1	3	3	1	3	2	2	5	0	4	1	2	3	4	6	2	2	0	0	3	1	2	111	4	1	1	49	4	5	3	3	3	5	3	2	2	2	8	21	1	4	7	1	1	5	4	2	1	2	5	7	1	3	0	1	1	0	0	4	2	2	3	3	8	5	1	5	1	3	1	10	2	4	8	0	1	4	3	0	1	3	2	1	3	3	6	4	4	2	4	2	12	5	8	2	2	4	6	1	6	1	1	4	3	2	5	4	2	2	0	0	5	7	3	3	6	7	7	3	6	7	5	3	1	2	10	4	5	1	3	6	2	0	4	5	5	8	5	3	3	0	0	6	3	3	5	1	2	1	6	1	1	7	0	5	1	3	3	6	40	3	0	2	6	0	1	5	4	3	0	10	0	4	1	1	3	3	0	6	2	1	1	2	3	0	6	8	2	1	4	0	3	2	1	1	2	9	4	1	8	3	1	3	0	5	2	0	3	0	2	8	4	3	1	0	5	4
4:Ins:R:2	0	1	0	0	1	0	0	0	1	0	0	0	0	0	2	0	0	1	0	0	0	0	0	0	0	1	0	0	0	0	0	0	0	0	0	0	0	0	0	0	0	0	0	2	0	1	0	0	0	0	0	0	0	0	0	0	1	1	0	0	0	0	2	0	0	1	0	0	0	1	0	0	0	0	0	2	0	0	0	0	0	0	0	1	0	0	0	0	13	0	0	2	1	0	0	0	1	0	0	0	0	0	0	0	0	1	0	1	3	0	1	0	0	0	0	1	0	0	0	1	1	0	0	0	0	0	0	0	0	0	0	1	0	1	0	0	1	1	1	0	1	0	1	1	0	1	3	0	0	5	0	0	0	0	0	1	0	1	2	0	0	1	0	0	0	1	1	0	1	1	0	1	0	0	1	0	0	0	1	0	0	0	0	0	1	0	0	2	1	0	0	2	1	1	0	1	2	0	0	3	1	0	0	1	0	0	0	1	0	1	5	0	1	1	0	0	2	0	1	0	1	1	0	0	2	0	2	0	0	2	0	0	2	0	0	0	0	2	0	1	0	0	0	0	0	0	0	0	1	0	1	0	3	1	0	0	1	0	0	0	2	1	0	0	0	0	0	2	1	0	0	1	0	0	0	1	0	0	0	0	0	0	1	0	0	1	1	1	0	0	1	2	0	1	0	1	0	0	0	0	0	0	0	0	1	0	0	0	1	1	0	0	2	0	0	0	1	3	0	0	0	0	1	0	0	0	0	0	0	2	0	1	3	1	1	0	0	0	0	2	1	1	0	0	1	0	0	2	2	0	0	1	1	1	0	1	0	0	0	0	2	2	1	0	0	2	0	0	0	1	1	0	0	1	0	1	0	1	1	1	1	9	0	0	0	0	0	0	0	2	0	0	0	0	1	1	1	11	0	0	0	1	1	1	0	0	0	0	0	0	0	1	0	0	0	0	1	1	0	3	0	2	0	0	1	1	1	3	0	0	0	0	0	0	0	0	1	0	0	1	0	0	1	0	1	2	1	0	0	0	3	1	1	0	1	0	0	2	0	0	0	1	0	0	0	0	2	0	0	1	0	0	0	0	0	1	0	2	0	0	0	0	0	0	0	0	1	0	0	1	0	0	0	0	0	0	1	0	0	0	1	0	1	0	0	0	0	1	1	0	1	1	2	0	0	1	2	1	1	0	0	2	0	1	0	0	0	0	1	1	0	2	1	0	1	0	0	0	0	0	0	1	0	0	1	1	0	1	0	0	0	3	0	0	0	1	2	1	0	0	0	0	0	0	0	0	0	0	0	0	0	0	1	0	1	0
4:Ins:R:3	0	0	0	0	0	0	0	0	0	0	0	0	0	0	0	1	0	0	0	1	0	0	0	0	0	0	0	0	0	0	0	0	0	0	0	0	0	0	0	0	0	0	0	0	1	0	1	0	0	0	0	0	0	0	0	0	1	0	0	0	0	0	2	0	0	0	0	0	0	0	0	0	0	0	0	0	0	0	0	0	0	0	0	0	0	1	0	0	32	1	1	1	1	0	0	1	0	0	0	0	1	0	0	0	1	0	1	0	2	0	1	0	1	0	0	0	0	0	1	1	0	0	0	0	0	0	0	0	1	0	0	0	0	0	0	0	0	0	0	0	0	0	0	2	0	1	1	0	1	4	0	0	0	0	1	0	0	1	0	0	1	0	1	1	0	1	0	0	0	0	0	0	0	0	0	0	0	0	0	0	1	0	0	0	0	1	0	0	0	0	0	0	0	1	0	0	0	0	0	0	0	0	0	0	1	0	1	0	0	0	6	0	0	0	1	0	0	0	0	0	0	2	1	0	1	1	0	0	0	0	0	0	0	0	0	1	0	0	0	0	1	4	0	0	0	0	1	0	0	0	0	0	0	0	0	0	0	0	0	0	0	1	0	0	0	0	0	0	1	0	0	0	0	1	0	0	0	0	0	0	0	0	1	0	0	1	1	0	1	0	0	0	0	1	0	2	1	0	0	0	1	0	0	0	2	0	0	0	0	0	0	0	0	0	0	0	0	0	1	0	0	1	0	0	0	0	1	0	1	3	0	1	0	1	0	0	0	0	0	0	0	0	0	0	2	0	0	0	0	0	0	0	0	0	0	1	0	1	1	0	5	0	1	0	1	0	0	0	0	0	1	0	0	0	0	1	0	0	0	0	0	1	1	1	0	1	0	0	1	2	0	1	0	0	0	0	1	23	0	0	0	0	0	0	0	0	0	0	0	0	1	0	0	0	0	0	0	0	0	0	0	1	0	2	0	1	0	0	0	1	0	0	1	0	0	0	0	0	0	1	0	0	0	0	0	0	1	0	0	0	0	1	4	0	0	1	0	1	0	0	0	0	0	0	0	1	0	0	0	0	0	0	1	0	1	1	0	0	0	1	0	0	0	0	1	1	0	0	0	2	0	1	0	0	0	2	0	0	0	0	0	0	0	1	0	1	0	0	0	0	0	1	1	0	0	0	0	0	2	0	0	0	1	0	0	0	0	1	1	1	1	0	0	0	0	0	0	0	0	0	0	0	0	0	1	4	0	0	0	0	1	1	0	1	0	0	1	1	0	2	0	0	0	0	1	0	0	0	1	0	0	0	0	1	1	1
4:Ins:R:4	0	0	0	0	1	0	0	0	0	0	0	0	0	0	0	0	0	0	0	0	0	0	0	0	0	0	0	0	0	0	0	0	0	0	0	0	1	0	0	0	0	0	0	0	0	1	0	0	0	0	1	1	0	1	1	0	1	0	0	0	0	0	0	0	1	3	0	0	0	0	1	0	0	1	0	1	0	0	0	0	3	0	0	0	0	3	0	1	27	1	0	0	0	0	0	1	0	0	1	0	1	1	0	0	0	0	1	1	0	0	0	0	0	1	0	0	0	0	1	2	0	0	0	0	0	0	0	0	0	0	1	0	3	0	1	0	0	0	2	0	1	0	0	2	0	1	1	0	0	20	2	0	0	0	0	1	0	2	1	0	0	1	0	1	0	0	0	0	1	0	2	0	0	0	1	0	0	0	1	0	1	0	1	0	0	1	0	0	1	0	0	1	0	0	1	0	0	0	0	1	0	0	0	1	0	0	0	0	0	0	4	1	0	0	2	0	0	0	0	0	0	1	0	0	1	0	1	0	0	0	0	0	0	0	1	0	1	0	0	1	1	3	0	0	0	0	0	0	0	0	0	0	0	0	0	0	1	0	0	0	1	0	0	0	1	0	1	3	1	0	0	0	1	0	0	0	1	1	1	0	0	0	0	1	0	0	1	0	1	0	1	0	0	0	1	2	2	0	0	1	1	0	1	2	0	0	0	0	0	0	0	0	0	1	0	1	0	0	1	0	0	0	0	0	0	1	0	2	0	0	0	0	0	2	1	0	1	0	0	0	0	1	0	0	0	0	0	0	0	0	0	0	2	0	0	0	0	1	0	0	4	0	0	0	0	0	1	1	0	1	2	1	0	1	0	0	1	0	1	0	1	2	0	2	0	0	0	2	1	0	0	3	0	0	1	0	0	27	0	2	0	0	0	0	0	0	1	0	2	0	1	0	0	1	0	0	0	0	0	0	2	0	0	0	0	3	0	1	0	0	0	0	0	0	0	0	1	0	0	0	0	1	0	1	0	1	0	0	1	0	0	0	0	0	0	1	0	0	1	0	0	0	0	0	0	0	0	1	0	0	0	0	0	3	1	1	0	0	0	0	0	0	1	0	3	0	0	0	0	2	0	0	0	0	1	1	1	0	0	0	0	2	0	1	0	1	0	0	1	0	0	0	0	3	1	0	0	1	0	1	0	0	0	0	1	0	0	1	0	1	0	0	1	0	0	0	0	0	0	0	1	0	0	0	0	2	0	1	1	0	1	2	1	1	0	1	1	1	2	0	0	0	0	1	0	0	0	0	1	0	0	1	0	0	0	0
4:Ins:R:5	0	0	0	0	0	0	0	1	1	1	0	0	0	0	2	0	0	1	0	0	0	0	0	0	0	0	1	0	0	0	2	1	0	0	0	0	1	0	0	1	1	0	1	2	0	0	1	0	1	0	0	2	0	0	1	0	1	1	0	1	0	1	1	1	1	3	0	0	0	1	0	0	0	2	1	1	1	0	0	1	1	0	1	3	0	2	0	2	26	1	1	1	0	0	0	0	1	1	0	0	1	0	0	3	0	0	0	1	0	2	1	1	0	0	0	2	1	0	1	0	0	0	1	0	0	0	0	0	2	0	2	0	4	0	0	0	0	2	1	1	0	0	0	5	0	1	0	0	1	18	0	0	0	0	0	2	0	0	0	3	0	1	1	0	2	1	1	0	0	2	5	1	0	0	1	0	0	3	6	0	2	0	1	2	2	1	1	1	2	3	0	2	0	1	0	0	0	0	1	2	0	1	2	0	1	0	0	1	0	2	6	0	3	1	0	0	0	0	0	2	2	1	0	0	0	0	1	0	0	2	0	0	1	0	0	1	1	1	2	1	0	4	1	0	0	0	1	0	1	0	0	0	0	0	1	0	1	3	0	0	1	1	0	0	2	0	1	2	1	0	0	1	1	0	2	2	2	2	1	0	0	0	2	0	0	3	0	0	1	1	0	0	1	0	1	2	0	0	0	0	0	0	2	1	1	0	0	1	1	0	0	0	0	1	0	0	1	0	0	0	2	1	1	1	0	0	0	0	0	0	0	0	0	1	1	6	1	1	0	0	0	0	0	0	0	0	0	0	1	1	0	1	1	0	0	0	0	1	0	0	5	2	0	1	0	0	1	0	0	0	1	0	0	1	1	2	3	1	0	0	0	1	2	3	0	0	1	3	1	0	1	3	0	0	0	0	2	29	0	1	3	0	0	1	2	2	1	1	2	0	0	1	0	1	0	1	1	0	0	1	0	0	2	0	1	3	0	1	0	2	0	0	0	1	0	0	2	1	2	0	0	0	1	0	0	0	0	2	0	0	0	0	4	0	3	0	0	0	0	0	0	0	0	0	0	0	2	1	0	0	0	0	1	0	0	1	1	0	1	0	1	0	0	0	1	2	0	1	0	2	0	0	1	0	1	0	0	2	0	1	1	1	3	6	1	0	0	1	0	0	1	0	2	4	0	0	0	1	0	1	0	1	0	2	0	0	1	0	0	1	0	0	0	1	2	1	1	0	1	0	0	0	0	0	1	12	1	0	0	0	1	3	0	4	1	3	0	0	1	1	1	0	2	0	0	0	0	0	2	1	0	0	0	0	0	1
5:Ins:R:0	3	3	0	0	2	0	0	0	2	0	0	1	0	0	9	2	3	0	3	1	1	1	1	0	0	2	3	2	4	3	1	0	0	0	0	1	2	1	4	0	3	3	8	2	2	3	5	1	2	0	4	17	2	10	1	0	2	1	2	4	1	1	3	6	3	2	0	1	2	5	6	6	1	4	1	4	9	6	2	4	2	1	3	2	2	6	20	27	373	35	29	32	58	27	63	47	60	12	21	56	27	21	36	20	44	68	70	15	86	57	27	14	93	25	52	31	43	7	24	43	15	17	65	130	67	52	90	73	36	17	23	14	96	63	32	20	8	20	22	10	13	18	25	69	11	22	73	16	22	143	51	84	10	43	20	26	20	50	28	32	32	33	16	45	30	26	15	39	38	94	70	27	16	111	25	12	44	28	42	12	33	39	16	25	36	35	19	88	11	33	55	35	35	21	31	25	20	34	10	60	27	34	69	56	34	15	27	33	11	31	107	32	18	46	24	22	66	18	34	4	26	37	59	65	31	22	21	13	31	66	17	7	61	25	63	22	25	90	14	19	20	117	25	10	9	19	10	11	16	22	70	21	37	51	45	68	77	23	24	42	90	89	6	19	16	23	81	136	35	75	23	10	15	74	60	43	34	52	39	22	13	15	20	21	26	110	41	44	55	146	31	15	26	81	36	71	31	18	15	82	13	12	38	43	23	26	28	8	25	27	13	36	37	81	11	24	30	46	37	6	17	35	13	36	82	62	32	47	62	44	17	122	67	60	123	22	67	39	37	46	34	50	20	40	99	81	45	66	35	46	17	45	53	40	81	68	27	40	36	55	61	49	47	51	80	45	49	52	80	82	54	76	42	86	37	65	68	29	47	25	40	58	41	60	58	172	44	97	81	27	81	48	51	45	91	37	57	465	24	29	38	67	60	52	44	29	49	69	30	24	33	57	29	35	35	14	28	29	48	26	98	35	42	24	26	40	13	33	47	55	13	29	78	37	12	5	32	33	43	23	12	25	35	14	104	52	42	42	18	32	149	90	116	31	51	92	100	70	19	26	16	35	31	11	29	28	41	33	14	32	43	49	25	41	42	29	32	75	47	83	63	44	29	65	60	75	116	30	62	59	39	19	20	18	28	37	56	31	13	13	15	26	30	37	21	23	14	51	13	24	25	28	39	41	31	21	31	39	44	48	17	26	53	28	25	36	45	79	123	48	33	49	58	44	42	87	39	55	60	23	41	27	52	12	42	53	6	16	28	30	43	47	12	48	6	25	23	17	126	24	9	15	15	34	9	17	37	12	70	20	11	21	19	9	25	15
5:Ins:R:1	8	8	9	6	12	0	8	0	2	6	2	3	1	1	37	5	10	9	6	5	1	7	3	0	4	10	4	6	5	13	13	3	2	1	9	6	4	5	7	8	8	14	13	9	14	9	9	7	6	6	5	25	8	37	4	6	15	10	6	7	5	6	11	14	19	15	0	3	13	7	12	8	9	9	5	10	16	19	11	2	4	6	8	13	10	18	1	11	34	11	9	19	30	10	9	13	13	6	5	14	6	3	10	9	3	11	12	7	31	20	10	10	2	4	16	9	10	5	9	12	1	5	4	14	10	5	13	4	15	8	5	4	12	10	14	8	1	13	8	7	6	5	9	7	5	27	18	11	3	26	8	26	6	7	3	16	13	18	8	18	8	19	8	22	11	13	5	15	8	13	18	10	20	9	21	2	3	17	7	1	7	13	10	19	18	17	5	19	7	12	20	16	14	12	7	6	4	14	6	11	13	18	4	8	5	11	11	25	4	14	12	13	13	6	4	8	11	5	5	4	19	15	15	13	24	8	9	8	11	11	13	0	5	14	7	14	9	17	9	5	10	8	15	3	3	11	2	7	8	14	5	11	17	15	11	2	24	9	11	10	18	12	1	8	6	12	10	21	19	7	14	3	12	24	8	7	7	4	24	2	4	5	12	10	17	32	14	17	17	16	14	11	8	15	14	26	20	9	5	14	4	11	10	13	5	9	10	12	10	18	7	15	8	15	5	4	4	13	13	4	3	25	12	8	7	10	6	14	7	19	4	15	21	16	14	15	14	5	8	10	18	7	11	17	20	9	13	16	8	37	5	6	24	9	20	8	8	14	4	14	23	19	8	6	9	5	5	10	21	4	19	13	14	28	10	19	5	12	7	6	8	31	16	16	10	30	4	35	10	16	9	15	5	3	10	7	18	41	10	13	11	13	4	8	10	9	10	20	5	10	8	15	10	4	4	6	17	14	20	4	12	9	6	13	7	13	2	9	4	19	6	3	22	13	3	3	10	7	15	9	6	3	14	6	26	7	5	12	5	5	29	6	25	8	6	15	8	20	11	9	1	8	8	5	13	10	17	21	3	12	7	11	10	10	11	22	20	10	15	9	9	4	3	11	19	12	20	1	8	20	11	11	13	9	9	15	13	13	7	10	2	6	7	9	12	8	4	13	15	6	7	11	7	12	14	16	11	18	24	17	3	8	15	11	3	9	9	10	11	16	8	9	2	4	7	10	6	13	15	6	5	13	6	3	8	28	2	11	9	18	7	25	4	12	3	11	12	5	27	7	1	12	8	11	5	7	8	5	20	17	2	5	4	4	18	11
5:Ins:R:2	0	0	1	0	1	0	0	0	0	0	0	0	0	0	1	0	0	0	0	0	0	0	0	0	0	0	0	0	0	0	1	0	0	1	0	1	0	0	1	0	0	1	0	0	0	1	0	1	0	0	1	0	0	1	0	0	1	0	0	0	1	0	1	1	0	0	0	0	1	0	0	0	0	0	1	0	0	1	1	0	0	0	0	0	0	0	0	0	14	1	0	0	2	0	1	0	0	0	1	2	2	1	1	1	0	0	0	1	2	1	0	0	0	0	1	0	1	1	0	2	1	0	0	0	1	2	1	1	1	0	1	1	2	1	1	0	0	0	1	0	1	0	0	3	0	0	1	0	0	5	0	3	0	2	1	0	0	1	2	0	2	1	1	0	1	0	0	1	1	4	4	0	1	0	0	1	0	2	0	1	2	0	1	0	1	0	0	0	0	0	1	2	2	1	2	0	0	2	1	6	0	0	0	0	2	0	0	0	0	1	4	0	0	1	1	0	0	0	0	0	1	1	1	0	1	1	0	1	2	3	1	2	1	0	0	1	0	2	0	0	0	2	0	0	0	2	1	0	1	0	0	0	2	1	1	0	3	1	1	2	2	1	0	0	1	0	0	2	0	0	1	0	1	0	1	1	0	0	1	1	0	1	2	1	1	0	0	0	3	1	0	0	0	1	2	0	3	1	0	1	1	0	2	0	2	1	1	1	0	0	2	0	0	2	0	1	0	1	0	0	0	1	0	2	0	0	2	0	0	2	1	0	2	2	3	2	1	0	2	0	1	0	0	1	2	1	0	1	0	3	0	1	0	0	1	1	1	0	1	2	5	0	1	2	1	2	0	0	3	0	2	2	1	0	0	3	0	0	1	0	1	1	0	3	2	1	0	2	0	2	0	0	0	0	2	2	0	14	0	0	0	0	0	1	0	0	1	1	2	1	1	0	1	0	1	0	0	0	0	0	0	0	2	2	0	0	1	0	0	3	0	0	1	1	0	0	0	0	2	0	0	0	1	0	1	1	1	0	0	0	1	0	1	0	0	1	1	0	0	0	1	0	1	0	0	0	1	0	1	0	1	1	1	1	0	0	1	1	2	2	0	0	1	0	1	2	1	0	1	2	1	1	0	0	1	2	0	1	0	0	1	0	2	0	0	1	0	1	1	0	0	1	1	3	0	0	0	2	1	0	0	0	1	0	0	0	0	0	0	1	0	0	0	0	0	1	0	1	0	0	0	0	0	0	0	0	1	0	2	3	1	0	0	0	0	1	0	0	1	1	0	0	0	0	0	0	0	0	3	1	0	1	0	0	1	0
5:Ins:R:3	0	0	0	0	0	0	0	0	0	1	0	0	0	0	0	0	0	0	0	0	0	0	0	0	0	0	0	0	0	0	0	0	0	0	0	1	0	0	0	0	0	0	0	0	0	0	0	0	0	0	0	2	0	1	0	0	0	1	0	0	2	0	0	0	1	0	0	0	1	0	0	0	0	1	0	0	0	0	0	0	0	1	1	0	0	0	0	0	5	0	0	1	0	0	0	1	0	0	0	0	1	0	1	1	0	1	0	0	1	1	0	0	0	0	0	0	0	0	1	0	0	0	0	1	0	1	0	0	0	1	1	0	1	1	0	1	1	0	0	0	0	0	0	2	0	1	0	0	0	3	0	0	0	0	0	0	0	0	0	0	0	0	0	0	0	0	0	0	0	0	0	0	0	1	0	0	0	0	1	0	0	0	0	0	0	0	0	0	0	0	0	1	1	1	0	1	0	0	0	0	0	0	0	0	0	0	1	1	0	1	0	2	1	2	0	0	0	0	1	0	0	0	0	0	0	0	0	0	0	1	0	0	0	0	0	0	0	0	0	1	0	0	0	0	0	0	0	0	0	0	0	0	0	0	1	0	1	1	0	0	1	0	0	2	0	0	0	0	1	0	1	0	0	0	1	0	0	0	0	0	0	1	0	0	0	1	0	0	1	0	0	0	0	0	0	0	0	0	1	0	0	0	0	1	1	0	1	0	1	1	0	0	0	0	0	1	0	0	0	0	0	2	0	0	0	0	0	0	1	1	0	0	0	2	0	0	1	0	0	1	0	0	0	0	0	1	0	0	0	0	0	0	0	0	2	1	1	0	0	1	2	0	1	0	0	0	0	1	0	0	0	0	0	0	0	1	1	0	0	0	0	0	0	1	0	0	0	0	0	0	0	1	0	0	0	0	1	5	0	0	1	0	0	0	0	0	0	1	0	0	0	0	0	1	1	0	1	0	0	0	1	0	1	0	0	0	0	0	0	0	1	0	0	0	1	0	0	0	0	1	0	0	0	1	1	0	0	0	0	0	0	0	0	0	0	0	0	0	0	0	0	0	0	0	0	0	1	0	0	0	0	1	0	0	1	1	1	0	1	0	1	1	0	1	0	0	0	0	0	0	0	0	0	0	2	1	0	1	0	0	0	1	1	0	0	0	1	0	0	0	1	0	2	0	0	0	1	1	1	0	0	0	0	0	0	0	0	1	0	0	1	0	1	1	0	0	0	0	0	0	0	1	0	0	0	0	0	0	0	0	0	0	0	3	0	0	0	0	1	0	0	0	0	0	1	0	0	0	0	0	0	0	0	0	0	0
5:Ins:R:4	0	0	0	0	0	0	0	0	0	0	0	0	0	0	0	0	0	1	0	0	0	0	0	0	0	0	0	0	0	0	0	0	0	0	0	0	0	0	0	2	0	0	0	3	1	0	0	1	0	0	0	1	1	1	0	0	0	0	0	0	0	0	0	0	1	0	0	0	0	0	0	0	0	0	0	0	0	0	0	0	0	0	0	0	0	1	0	0	3	0	0	0	0	0	0	1	0	0	1	1	0	0	0	0	0	0	0	1	0	1	0	0	0	0	1	0	0	0	0	1	0	0	0	0	0	0	0	1	2	0	0	0	0	1	0	0	0	1	1	0	0	0	0	0	0	0	0	1	0	3	0	0	0	0	0	0	0	1	0	0	1	1	0	0	0	0	0	1	0	1	0	0	0	0	1	0	0	0	0	0	1	0	0	0	0	1	0	0	0	0	0	0	0	0	1	0	0	0	0	0	0	0	0	0	0	0	0	1	0	0	0	0	1	0	1	0	0	0	0	1	0	1	0	1	1	2	0	0	1	0	0	0	0	0	2	0	0	0	0	0	0	1	0	0	0	0	0	0	0	0	0	0	1	0	0	0	1	1	0	0	0	0	0	0	1	0	1	0	1	0	0	0	1	0	0	0	0	0	0	0	0	0	0	0	0	1	0	0	0	1	0	0	0	0	0	0	1	0	0	1	0	0	0	0	0	0	0	0	0	0	0	0	0	0	0	0	1	1	0	0	0	0	0	0	0	0	0	0	0	0	0	1	0	2	0	0	0	0	0	0	0	0	0	0	0	0	1	2	0	1	0	1	1	0	1	0	0	1	1	0	1	0	0	0	1	0	0	0	0	0	0	0	0	0	0	0	0	0	0	0	1	0	0	2	0	0	1	0	0	0	0	1	0	0	0	0	0	4	1	0	0	0	0	1	0	0	0	1	0	1	1	0	0	0	0	0	0	0	0	0	0	0	0	0	0	3	0	0	0	0	0	0	0	0	0	0	0	0	0	0	0	0	1	0	1	0	0	1	0	0	0	0	1	0	0	0	0	0	0	0	0	0	1	0	0	0	0	0	0	0	0	0	0	0	0	0	0	0	1	1	0	0	0	1	0	0	0	0	0	0	0	0	0	0	0	0	0	0	0	0	0	0	1	2	0	0	0	0	0	0	0	0	0	0	0	0	0	1	0	0	0	0	1	0	0	0	0	0	0	0	0	0	0	0	0	0	0	0	1	0	0	0	0	0	0	1	0	0	0	0	0	0	0	0	0	0	0	0	1	0	0	0	0	0	0	0	0	0	0	0	0	0	1	0	0	0
5:Ins:R:5	0	0	0	0	0	0	0	0	0	0	0	0	0	0	0	0	0	1	0	0	0	0	0	0	0	0	0	0	0	0	0	0	0	0	0	0	0	0	0	0	0	0	0	0	0	1	0	0	0	0	0	0	0	0	0	0	0	0	0	0	0	0	0	0	2	0	0	0	0	0	0	0	0	0	0	0	1	0	0	0	1	0	0	0	0	2	0	1	3	0	0	0	0	0	0	0	0	0	0	0	0	0	0	0	0	0	0	0	1	0	0	0	0	0	0	0	0	0	0	0	0	0	0	0	0	1	1	0	0	0	0	0	1	0	0	0	0	0	1	0	0	0	0	1	0	0	0	0	0	0	0	0	0	0	1	0	0	0	0	0	0	0	0	0	0	0	0	0	0	1	0	0	0	1	1	0	0	1	0	0	0	0	0	0	0	0	0	0	1	0	0	1	0	0	0	0	0	0	0	0	0	0	0	0	0	0	0	0	0	0	1	1	1	0	0	0	0	0	0	0	1	0	0	0	0	0	0	0	0	0	0	0	0	0	0	0	0	0	0	0	0	0	0	1	0	0	0	0	0	0	0	0	0	0	0	0	0	0	0	0	0	0	0	0	0	0	0	1	1	0	0	0	0	0	0	0	0	0	0	0	0	0	0	0	0	0	1	1	0	0	0	1	0	0	0	0	2	0	0	0	0	0	0	0	2	0	0	0	1	0	0	0	0	0	1	0	0	0	0	0	0	0	0	0	0	0	0	0	0	0	0	0	0	1	0	0	0	0	0	0	0	0	0	0	0	0	0	0	0	1	0	0	2	0	0	0	0	0	0	1	2	0	0	0	2	1	0	0	0	0	0	0	0	0	0	1	0	0	0	0	0	0	0	0	0	1	0	0	1	0	0	0	0	0	0	0	0	4	0	1	1	0	0	0	0	0	0	0	0	0	0	1	0	0	0	0	0	0	0	0	0	0	0	0	0	1	0	1	0	0	0	0	1	0	0	0	0	0	0	0	0	1	0	0	0	0	0	0	0	1	0	0	0	0	0	0	0	0	0	0	0	0	0	0	0	0	1	0	1	0	0	0	0	0	1	2	0	0	0	0	0	1	0	0	0	1	0	0	0	1	0	0	1	0	0	0	0	0	0	0	1	0	0	1	0	0	0	0	0	0	0	0	0	0	0	0	0	0	0	0	0	0	0	0	0	0	0	1	0	1	0	0	0	0	0	0	0	1	1	0	0	0	0	0	0	1	0	0	0	0	0	0	0	2	0	0	0	0	0	0	0	1	0	1	0	0	0	0	0	0	0	0	0	0	0	0
2:Del:M:1	19	28	9	12	33	0	7	1	16	37	7	35	2	3	84	21	15	5	43	13	2	7	8	0	23	13	13	50	6	15	5	26	0	2	21	10	7	9	22	20	21	22	27	8	51	17	12	9	14	18	17	19	15	23	20	12	16	20	11	24	10	14	25	21	15	23	2	17	20	16	17	25	19	21	12	31	26	20	16	12	16	17	12	10	5	38	15	19	411	12	10	23	70	8	13	25	16	13	11	27	9	3	56	30	15	29	64	7	115	20	32	15	4	8	24	18	13	12	18	48	7	10	19	29	23	17	12	2	34	20	11	7	31	22	15	11	2	15	8	4	13	2	9	40	16	21	23	12	5	302	12	63	11	14	18	29	9	50	14	28	20	19	7	37	20	15	5	22	32	14	16	33	14	13	10	3	13	24	67	6	18	19	11	13	12	34	22	103	8	5	28	18	31	10	10	19	10	14	5	24	12	28	6	9	24	8	15	21	6	3	82	11	20	9	14	57	12	4	22	10	43	39	14	12	15	24	11	6	20	29	14	8	17	7	16	9	7	88	6	12	18	38	21	5	2	24	4	2	21	17	13	18	33	31	12	6	10	13	11	20	52	6	4	9	9	11	18	22	16	5	12	1	15	15	19	17	33	16	42	1	4	9	27	19	23	25	36	28	35	87	26	10	13	63	33	51	20	18	18	24	3	8	17	30	15	20	26	12	12	8	12	9	30	11	6	11	25	47	40	5	8	54	17	15	14	76	7	55	28	30	4	15	30	44	64	15	29	0	4	18	12	18	19	22	79	24	32	11	20	10	9	47	20	19	31	6	8	51	9	7	29	25	4	9	12	5	8	26	25	5	28	27	32	91	20	33	8	35	27	18	13	50	27	25	30	36	11	91	15	6	25	23	6	14	42	10	19	400	12	12	22	21	11	6	10	13	24	56	19	16	18	15	12	9	5	4	19	8	19	28	14	18	18	34	12	254	9	19	20	49	13	23	12	7	17	6	15	10	18	24	6	6	31	23	21	28	14	27	13	12	84	14	210	22	32	45	17	28	20	19	4	18	21	6	21	21	33	22	8	23	42	18	19	23	9	51	42	19	25	49	35	16	10	14	12	55	43	15	15	32	7	11	6	16	20	28	35	36	11	7	5	24	23	26	10	17	8	34	24	9	25	45	50	13	18	16	29	20	40	25	5	16	754	9	12	25	12	12	7	18	12	34	41	4	11	8	12	30	14	20	13	18	13	8	49	24	5	11	8	14	28	46	5	28	4	27	34	5	72	9	5	6	4	20	10	12	19	4	53	15	8	4	9	9	16	11
3:Del:M:1	3	0	3	1	6	1	2	0	4	4	1	3	0	0	7	2	3	1	4	0	0	0	2	0	4	3	5	3	3	5	5	3	0	2	2	2	1	2	2	6	9	7	7	2	4	7	7	2	9	3	6	8	1	11	3	1	8	1	1	2	5	2	7	5	6	10	0	2	4	2	2	8	2	1	1	2	4	5	2	4	6	2	3	4	1	2	0	4	42	3	5	2	15	4	3	4	5	2	3	6	2	2	10	3	3	5	10	3	11	2	4	5	4	1	4	4	4	0	3	21	1	4	0	2	5	3	3	3	3	2	3	1	3	11	2	2	0	5	4	1	1	1	0	5	2	7	9	2	4	23	9	8	5	5	5	8	2	20	3	6	6	7	1	7	8	2	2	7	5	2	2	4	3	4	5	3	1	2	7	1	4	2	2	3	2	9	2	4	1	1	7	3	2	3	2	2	0	3	0	7	2	3	4	4	3	2	1	8	4	6	5	2	6	0	5	4	2	1	3	1	4	13	3	7	7	4	1	0	2	5	0	1	2	2	3	6	2	12	1	5	8	7	7	0	0	5	1	0	2	9	2	0	6	7	8	1	9	3	1	3	2	0	1	0	4	4	5	10	6	1	3	0	4	3	5	4	5	6	11	2	0	1	2	5	4	5	4	3	10	10	6	3	1	3	4	4	3	1	0	4	3	4	5	6	2	2	9	1	5	3	0	3	5	1	1	2	3	3	6	2	1	41	2	3	3	5	3	4	3	20	1	4	7	3	18	3	7	1	4	2	3	2	2	1	6	5	7	10	7	6	0	1	11	5	15	1	2	6	2	2	5	2	3	10	1	3	3	2	6	2	8	7	2	10	3	7	1	4	2	5	2	7	5	3	2	7	4	9	4	4	3	5	1	2	2	3	3	44	2	2	4	3	3	2	2	3	2	5	7	2	4	2	0	4	4	1	8	2	9	3	1	1	5	3	1	10	2	3	0	9	1	3	2	9	6	1	5	4	4	3	3	3	3	5	2	2	3	2	3	3	9	4	24	0	5	6	5	6	8	1	0	4	2	1	3	3	8	6	2	2	7	5	4	12	4	11	4	1	5	6	9	4	1	4	4	5	7	3	3	8	9	1	1	1	2	6	4	6	3	3	1	11	5	4	4	2	2	4	6	2	4	21	5	3	7	3	1	2	6	6	2	1	16	1	2	6	2	4	5	2	2	7	8	3	2	3	3	7	7	2	2	4	1	3	3	8	2	3	3	8	4	11	3	8	2	11	10	4	7	3	3	1	3	6	2	0	4	1	9	4	2	1	0	2	2	1
3:Del:M:2	4	6	6	5	8	0	5	1	1	12	3	3	5	1	13	1	10	5	2	1	1	0	2	0	7	5	4	8	4	12	4	1	2	4	3	7	5	1	1	2	9	3	11	7	6	6	9	5	2	9	0	10	4	21	4	5	4	9	5	5	6	2	7	8	5	2	1	3	2	6	8	5	4	7	2	5	3	7	5	5	5	1	6	1	8	6	3	4	240	2	2	7	7	5	7	6	5	8	4	9	4	2	12	6	4	6	2	2	20	4	7	9	3	6	8	12	3	8	4	10	5	8	5	10	2	1	5	2	6	6	3	5	9	9	7	4	0	5	7	6	4	2	6	4	6	12	22	8	4	206	3	12	8	5	6	6	2	12	2	2	12	8	7	11	13	3	6	10	15	6	7	10	3	6	4	1	9	9	16	3	5	3	4	6	9	10	1	8	4	4	6	9	8	7	9	4	7	8	2	8	3	4	1	5	4	9	4	8	4	5	45	2	6	3	5	25	1	3	4	9	10	9	8	7	2	8	4	1	5	9	13	2	4	7	6	4	5	9	0	5	4	16	11	4	3	8	1	2	0	9	1	11	11	5	4	2	4	4	3	6	12	5	2	7	5	6	6	13	7	3	8	4	4	7	8	4	9	7	11	3	4	0	9	4	5	12	5	11	18	9	6	1	7	6	11	9	10	11	6	10	0	1	5	14	7	5	4	2	8	8	7	10	1	10	5	4	8	5	5	2	3	26	6	3	6	37	3	12	8	11	3	11	10	11	16	12	9	4	1	12	10	7	6	8	10	2	4	7	4	5	3	2	11	9	9	6	7	17	2	4	15	7	5	2	9	7	5	9	7	4	14	5	12	14	7	7	4	6	4	5	2	10	10	6	5	6	8	25	7	4	9	8	5	3	11	3	3	222	7	5	11	6	6	9	2	4	8	18	8	7	0	7	3	2	3	0	8	6	9	11	7	6	11	15	2	144	5	6	6	7	3	2	4	4	2	2	4	7	3	8	0	5	6	7	9	3	6	2	4	5	19	4	117	1	5	6	4	9	11	3	4	6	4	2	4	9	12	8	4	4	14	6	6	6	4	13	6	6	7	4	4	7	6	3	6	7	7	3	3	14	4	1	4	9	9	4	1	7	9	1	7	11	3	8	7	5	3	7	5	5	3	7	10	8	9	5	5	2	9	3	2	2	48	4	1	3	4	4	5	2	5	3	3	7	5	3	8	6	13	2	0	4	4	4	11	13	2	1	7	12	16	17	1	8	3	10	18	4	13	5	2	5	5	1	4	10	6	3	15	8	5	4	6	4	5	5
4:Del:M:1	5	6	2	2	4	0	4	0	1	5	3	1	0	1	7	1	3	2	3	1	0	3	6	1	0	5	5	1	3	2	2	3	0	1	4	2	2	0	2	0	4	1	3	2	4	2	3	2	0	5	3	6	1	7	4	1	4	6	4	6	2	3	1	3	8	7	0	4	1	5	3	4	7	2	1	4	2	3	5	2	3	0	5	2	3	4	1	1	75	1	3	3	2	1	7	0	6	2	2	2	4	2	5	5	0	7	6	3	11	4	3	4	2	3	6	1	2	6	3	15	5	2	1	7	10	5	4	0	1	5	0	2	4	11	11	1	0	3	6	0	5	3	1	3	0	7	15	1	2	62	4	8	2	2	6	4	5	14	4	4	5	5	2	8	7	2	1	8	9	4	0	6	4	3	6	1	4	4	9	1	1	2	3	2	11	8	3	12	3	2	5	4	4	2	3	4	5	0	1	8	1	5	2	0	4	2	3	5	1	4	27	5	3	1	2	4	3	2	4	3	8	9	8	16	1	2	1	0	3	6	3	1	2	1	2	2	2	6	1	6	5	10	6	2	3	3	0	1	2	8	0	1	4	4	4	2	3	6	1	2	7	5	2	5	2	4	8	6	4	2	0	1	1	2	1	2	3	2	9	3	1	0	4	2	3	7	1	0	8	5	4	1	5	3	7	9	3	3	2	8	4	2	2	3	8	1	1	2	5	6	2	0	2	4	2	4	4	2	3	2	1	23	0	4	1	5	1	5	10	22	4	2	6	9	11	7	5	2	3	0	1	6	2	5	6	6	4	9	9	2	3	5	8	7	16	3	5	6	3	4	7	9	1	3	3	3	1	2	6	1	10	4	3	8	6	6	2	3	3	1	1	8	6	8	4	5	0	7	4	0	2	10	2	8	7	3	6	79	10	1	3	5	1	2	3	3	6	11	8	3	2	6	2	1	2	0	4	5	6	2	2	2	2	4	2	17	6	3	2	12	4	7	3	3	0	0	1	0	3	6	2	8	3	2	5	6	5	5	4	5	7	2	28	1	3	5	3	6	10	2	2	6	1	1	3	1	8	9	3	2	6	2	3	4	5	13	5	5	5	4	4	2	1	4	4	4	4	3	5	16	2	2	0	4	5	4	4	10	3	0	1	11	2	8	2	3	1	1	2	0	4	18	4	5	7	3	6	5	5	4	4	1	22	3	0	5	4	6	2	1	2	2	2	2	1	0	1	1	8	0	1	3	3	3	12	4	2	5	0	5	6	10	3	6	2	11	8	2	8	2	2	5	2	1	0	3	2	1	11	10	3	1	2	4	1	5
4:Del:M:2	2	5	1	8	6	0	2	0	3	11	3	6	0	1	11	3	2	3	8	4	1	1	0	0	2	5	2	1	2	8	8	2	2	0	2	5	2	0	1	1	5	3	10	5	4	5	3	2	2	1	5	7	1	16	3	2	6	8	3	5	2	4	7	6	6	2	1	6	5	6	3	4	2	5	1	3	2	2	5	3	1	1	4	3	2	6	1	1	95	3	2	2	7	3	4	1	5	9	2	2	2	0	4	4	1	6	3	4	10	5	5	7	1	9	9	6	3	1	3	13	3	2	5	5	1	4	3	1	1	1	9	2	6	9	4	2	2	4	2	4	3	2	3	1	3	11	21	5	4	65	6	8	5	3	6	5	7	13	3	6	3	4	6	5	9	5	3	5	7	6	10	8	1	1	7	3	1	8	10	0	3	1	4	8	5	5	2	8	5	2	5	4	3	2	3	4	4	8	0	2	7	5	4	1	3	2	1	8	2	0	17	9	3	1	2	8	0	2	1	3	3	19	4	3	4	6	5	0	3	3	6	4	5	7	3	5	3	2	2	2	4	9	6	2	1	3	5	4	2	4	2	4	8	9	2	2	5	2	3	8	5	3	2	2	5	6	2	11	4	3	1	0	1	5	4	1	4	4	11	3	1	2	13	2	2	6	5	2	12	6	8	3	19	1	6	6	4	6	6	6	1	3	3	8	4	4	4	0	3	7	2	4	4	4	6	3	3	2	1	3	2	20	3	2	1	18	0	7	7	14	1	4	5	3	13	8	3	0	3	2	5	3	4	3	1	1	0	2	4	3	2	0	22	12	5	5	5	8	0	3	10	5	3	3	7	5	3	7	5	6	9	9	8	12	6	2	3	5	3	2	4	14	7	6	7	3	4	12	8	2	2	4	2	7	13	3	5	61	3	3	6	2	1	4	2	4	11	13	7	5	2	6	2	2	1	1	5	2	3	6	3	7	5	8	2	55	5	1	5	4	3	4	1	3	1	3	3	1	1	5	0	6	2	5	4	2	7	1	1	2	13	2	52	2	2	10	3	5	11	1	2	7	2	2	6	3	15	11	0	3	2	3	2	8	3	14	4	4	2	4	4	4	3	0	3	9	4	2	6	8	1	2	1	3	3	7	1	6	5	3	1	14	7	6	2	1	0	8	6	1	4	8	3	5	8	4	4	3	4	2	0	2	36	4	2	4	1	5	2	1	1	1	1	5	2	2	2	3	12	5	2	2	1	3	5	7	1	5	1	8	10	13	1	5	1	9	11	2	7	1	1	1	0	0	2	6	3	2	5	5	7	4	3	3	0	6
4:Del:M:3	1	12	5	3	0	0	4	1	2	4	5	4	3	0	14	4	7	3	4	1	1	2	1	1	4	11	1	4	6	7	6	2	2	1	4	3	7	5	1	6	4	5	4	1	6	3	3	1	2	4	1	5	1	14	2	5	4	6	4	3	2	0	1	7	6	8	4	2	3	5	11	2	3	5	2	3	2	7	4	4	3	3	6	6	2	3	3	3	167	5	5	1	5	4	4	2	4	5	1	6	2	1	8	4	3	15	2	0	18	3	5	9	2	10	8	11	7	3	0	3	4	1	6	11	1	2	1	1	6	4	3	3	6	3	9	3	1	12	8	0	9	2	7	8	6	15	22	9	7	92	6	5	3	3	7	5	10	5	3	4	8	6	4	5	16	1	1	8	20	8	10	11	3	4	8	2	6	14	24	1	0	1	13	6	7	7	5	16	9	5	3	12	8	5	5	5	4	6	1	12	3	4	4	1	4	3	2	8	3	1	28	9	6	4	1	15	4	2	3	8	5	3	5	8	6	3	2	3	0	4	5	2	3	4	9	2	7	5	7	14	7	16	6	5	6	1	8	3	3	6	5	6	11	7	3	1	4	10	7	9	7	7	3	8	4	1	4	6	3	2	3	1	9	9	5	2	4	3	14	4	2	4	13	1	3	9	6	8	13	10	3	2	17	5	13	7	8	8	2	3	5	1	8	19	20	2	4	4	3	5	7	2	3	3	4	3	3	5	6	2	2	17	4	3	2	27	2	7	7	7	3	14	5	15	14	5	8	5	2	2	9	2	1	9	5	1	13	3	5	7	2	3	15	7	4	8	2	9	3	5	18	10	2	4	6	6	4	8	3	1	14	6	5	7	5	2	4	3	4	5	1	16	6	4	4	8	5	15	9	3	5	5	7	7	12	4	9	114	8	9	7	8	1	9	6	5	15	11	5	11	5	3	5	1	1	1	7	1	6	8	4	6	6	17	3	69	9	1	8	6	5	3	3	6	1	1	6	6	1	7	0	4	2	3	4	2	11	1	5	8	11	1	80	3	4	11	1	3	7	3	3	10	3	2	1	4	21	6	1	2	11	8	3	8	6	15	4	3	3	5	8	9	2	2	5	9	6	4	1	6	6	5	5	5	12	10	2	4	6	4	2	9	3	13	10	5	1	8	4	4	5	10	10	6	4	10	5	9	12	2	4	3	70	3	0	12	6	5	3	3	1	10	5	6	1	4	6	5	12	2	4	4	2	7	10	10	2	4	4	12	10	17	5	7	2	12	13	4	14	1	3	9	5	0	0	6	5	1	9	3	5	2	3	5	1	8
5:Del:M:1	14	18	18	12	39	0	21	1	20	46	18	15	3	4	83	18	19	9	29	4	3	21	9	2	14	19	23	18	12	48	21	19	0	2	14	13	9	27	27	20	17	33	17	19	24	43	32	16	13	18	22	67	19	160	16	9	25	34	23	28	26	19	28	46	36	21	5	29	19	33	32	19	31	19	16	29	28	32	20	13	17	17	33	16	34	31	14	35	87	23	18	21	51	17	26	34	15	15	10	35	12	4	56	25	17	34	33	7	64	24	19	22	21	19	64	27	43	6	22	105	22	12	20	49	30	23	59	10	15	18	14	15	47	76	50	27	1	38	14	12	21	11	11	34	21	57	255	24	23	35	98	65	16	7	30	33	34	119	38	24	29	24	18	63	30	21	19	46	31	31	39	28	13	28	32	10	17	21	23	11	25	16	13	27	58	72	20	34	13	14	44	31	49	12	21	15	7	20	11	62	15	31	22	26	19	12	17	53	10	28	47	30	33	17	20	25	30	13	35	23	62	96	35	39	19	19	13	5	28	30	15	11	44	20	40	54	15	43	3	21	26	22	51	10	10	25	5	9	20	45	35	33	45	56	37	18	36	17	13	29	36	27	8	21	16	14	52	73	44	17	20	4	21	32	40	22	43	35	46	13	9	17	22	20	28	40	37	29	66	60	57	21	21	39	17	46	41	32	18	49	12	12	57	56	6	32	32	16	16	12	15	12	24	26	12	13	30	35	21	13	11	194	17	20	24	20	16	24	67	94	14	33	49	31	154	16	46	4	20	24	27	39	14	27	50	40	40	37	26	24	26	24	147	35	91	17	18	41	9	20	37	46	16	43	31	17	30	25	47	30	68	35	21	66	29	31	12	21	24	19	43	142	76	46	32	56	27	65	24	16	53	32	27	25	48	25	54	143	18	10	35	28	13	31	15	21	55	91	86	23	20	56	14	18	21	5	46	16	28	13	23	23	26	20	9	28	11	29	28	81	8	18	20	26	19	22	17	42	27	28	6	16	31	14	36	23	25	28	18	27	89	19	152	17	41	40	26	35	68	21	4	40	15	4	33	22	96	51	14	42	29	34	31	52	29	82	31	46	31	27	27	36	15	23	21	45	69	17	27	27	33	14	17	10	24	69	42	17	20	20	8	62	40	34	19	33	8	30	46	12	34	138	26	24	35	34	22	19	31	27	12	20	133	17	11	40	19	41	29	26	27	33	37	19	21	19	13	26	35	15	23	31	19	20	69	35	4	17	20	32	46	92	11	58	5	72	92	14	61	13	6	16	15	22	16	12	24	9	34	29	16	9	12	29	24	18
5:Del:M:2	14	21	8	11	39	0	16	1	8	35	13	11	0	4	137	12	12	9	18	8	3	6	6	0	10	11	13	18	16	40	6	10	2	2	17	7	3	8	23	12	15	28	25	11	18	32	39	15	15	20	20	90	7	303	18	6	22	23	10	34	15	15	21	67	31	32	4	30	16	23	17	25	16	19	12	23	19	27	18	26	18	16	30	9	18	20	6	22	24	12	13	18	25	13	20	11	12	5	6	24	10	3	43	11	16	32	33	3	42	21	13	10	13	9	74	27	39	11	21	51	13	9	9	20	18	19	55	8	22	14	6	15	27	45	89	20	2	42	12	9	11	2	18	17	12	39	503	14	19	9	57	39	12	7	17	23	19	62	16	35	27	18	14	46	46	16	15	29	18	19	30	20	11	16	19	3	12	20	20	5	28	22	18	22	153	33	12	28	2	8	45	20	40	10	9	9	12	22	12	53	11	29	10	11	17	10	29	38	6	32	16	14	32	11	17	19	24	4	23	8	36	79	13	44	9	21	10	7	20	29	4	9	22	20	31	18	18	33	6	10	13	9	49	7	6	15	15	6	13	27	17	34	45	26	34	7	31	7	13	25	26	12	4	9	4	16	19	36	21	16	16	1	13	18	18	13	39	34	32	5	5	12	15	3	27	41	24	21	87	21	45	14	16	20	25	23	35	15	7	61	5	9	56	65	6	15	26	16	10	17	7	11	6	11	5	6	13	20	20	11	14	119	7	22	18	18	12	27	68	75	6	20	41	26	100	18	28	4	12	18	22	28	12	33	32	19	32	63	27	17	16	28	206	26	56	11	21	31	3	15	14	32	10	30	33	10	16	39	47	4	129	31	19	44	20	11	1	13	12	9	21	154	40	37	27	43	14	55	11	13	20	26	16	14	26	8	43	80	18	9	25	14	10	14	8	8	37	136	52	27	13	65	15	16	11	0	31	18	23	9	14	14	38	18	2	21	7	21	19	58	9	15	16	18	13	17	5	24	19	22	6	8	35	13	26	24	36	14	13	19	76	19	177	13	50	22	15	49	34	13	6	61	22	4	22	19	123	76	8	27	26	22	17	50	19	52	13	34	22	28	21	24	12	17	11	60	71	16	22	35	30	8	12	7	12	40	27	12	17	11	9	40	28	16	8	16	9	34	27	13	27	98	20	13	39	31	19	7	29	20	2	22	126	10	11	20	18	22	17	35	11	33	31	5	27	10	19	29	12	10	11	25	15	9	97	24	5	7	14	33	42	138	14	57	1	51	69	12	40	14	4	8	11	24	4	8	17	7	43	18	12	9	11	15	21	28
5:Del:M:3	9	11	7	5	35	0	5	0	7	27	7	6	7	2	98	8	11	5	18	5	1	8	3	1	6	8	7	4	2	35	5	7	2	4	8	0	5	10	10	9	9	17	18	12	14	26	29	10	5	6	7	78	10	236	3	8	17	14	11	14	9	6	18	31	23	19	2	18	15	10	7	12	14	10	5	5	27	26	12	8	11	5	18	2	8	13	1	4	31	6	13	9	22	14	15	12	12	5	3	15	6	1	22	11	4	17	25	2	42	10	18	9	3	11	48	12	30	8	9	33	5	11	13	10	10	11	43	3	8	2	8	6	20	21	69	10	0	22	3	5	2	2	2	14	2	27	384	9	15	24	24	31	2	6	10	14	17	39	19	28	18	15	5	32	23	4	4	15	21	15	16	12	4	7	15	3	16	14	8	0	10	9	12	14	78	19	15	26	7	8	46	15	15	6	11	9	6	10	10	41	5	12	5	5	5	9	14	29	3	23	16	12	12	9	6	8	18	4	13	9	19	35	11	17	8	14	8	4	15	10	4	3	17	9	17	17	12	14	5	5	9	12	29	8	5	11	13	4	13	15	11	21	19	10	17	12	15	10	12	14	17	8	7	6	6	11	13	33	18	6	8	2	6	13	8	12	28	28	14	4	1	9	7	6	10	31	11	16	58	22	31	2	13	11	8	16	27	12	3	36	7	6	35	34	7	9	14	7	2	24	4	5	7	8	6	6	13	17	7	3	18	75	4	12	13	14	7	8	32	43	1	23	19	19	87	10	13	4	12	13	8	16	6	14	19	10	17	40	14	15	9	11	199	15	30	4	14	15	4	6	14	18	1	15	27	5	7	21	47	2	86	22	13	45	6	21	1	7	9	1	10	133	19	21	14	36	9	34	9	9	8	21	13	12	13	2	23	70	9	5	16	7	2	11	4	9	17	102	24	17	5	56	7	7	6	4	24	7	27	11	6	6	29	16	5	18	1	17	16	28	3	11	7	10	10	13	11	12	10	11	4	6	22	4	13	12	26	12	7	4	69	8	121	5	35	18	3	21	19	2	3	32	19	4	18	7	106	50	2	10	25	9	20	43	14	35	13	28	11	23	16	5	8	6	9	40	55	8	9	17	18	7	9	5	16	21	17	8	15	7	1	25	28	10	6	6	5	26	16	4	15	48	9	7	34	18	5	10	22	11	0	15	103	4	6	14	9	26	12	22	9	20	18	2	11	7	15	13	19	5	6	15	10	8	68	15	2	5	9	16	19	100	7	42	0	21	55	5	27	8	2	7	6	24	6	7	6	6	32	11	16	9	3	9	10	11
5:Del:M:4	6	6	1	5	8	0	7	1	3	8	0	3	1	1	47	4	5	2	6	6	2	0	1	1	3	4	6	5	1	20	2	4	0	0	6	3	4	4	6	11	5	10	6	6	9	10	16	11	7	4	7	20	5	146	1	3	6	5	6	8	3	5	9	24	9	5	0	19	8	4	7	11	3	7	4	3	20	17	13	8	5	5	17	7	3	4	3	11	32	3	4	7	6	6	4	6	4	8	1	6	2	2	6	4	2	11	15	1	19	3	4	3	2	7	27	10	19	2	6	19	4	4	3	6	7	5	17	2	4	5	5	4	11	8	49	8	0	8	9	7	2	1	2	2	3	11	193	3	9	13	10	13	9	3	6	9	11	28	12	9	6	6	0	14	20	1	3	8	11	7	11	8	4	2	5	3	5	9	8	2	2	6	2	8	59	20	3	20	3	5	19	5	8	2	4	5	2	12	3	26	0	7	2	3	9	6	9	14	1	8	15	9	6	1	2	6	9	2	6	5	10	4	5	7	8	5	6	3	5	6	6	3	7	7	11	8	5	7	2	5	8	8	8	4	2	5	12	4	2	8	8	7	10	11	10	2	11	3	5	9	15	3	2	2	6	3	2	19	13	3	7	0	3	6	9	6	19	16	8	1	0	1	10	3	3	22	9	7	26	20	16	4	5	5	10	9	22	3	2	23	0	6	24	20	5	5	4	4	10	14	5	4	0	3	5	4	10	8	7	4	3	34	4	6	8	7	3	7	18	12	6	10	19	9	38	5	7	1	6	7	4	10	3	10	12	6	5	19	7	7	4	11	111	8	10	3	6	9	1	8	9	10	5	6	12	4	5	15	19	3	55	6	2	20	14	9	1	4	8	4	8	55	11	21	10	21	8	18	10	6	5	5	6	5	8	3	14	39	6	5	9	7	2	2	1	10	9	60	13	16	5	25	4	3	1	1	10	7	11	2	4	5	16	3	2	20	2	7	11	15	5	2	4	5	2	5	4	12	6	6	1	2	12	3	12	7	11	1	5	7	50	3	64	5	19	13	2	16	9	4	2	31	6	0	8	9	53	29	1	4	10	7	11	26	13	18	7	18	7	15	9	7	1	3	3	18	24	0	8	17	9	4	3	1	5	11	8	7	7	3	2	11	8	15	5	6	0	12	7	2	6	20	7	5	19	13	6	6	11	3	5	12	68	4	4	3	3	12	2	9	2	15	9	3	8	1	5	8	3	3	1	6	4	3	38	13	1	1	6	4	12	65	8	26	0	11	19	4	7	4	1	5	1	5	3	3	3	0	16	3	3	3	1	3	8	8
5:Del:M:5	1	4	5	1	20	0	5	1	2	6	0	5	1	1	37	2	1	3	6	2	0	1	1	0	6	5	3	4	2	9	2	4	0	0	8	2	2	2	5	2	7	11	8	5	2	12	8	4	10	4	5	38	5	90	4	2	6	6	4	7	10	3	8	18	14	9	1	8	5	3	9	8	6	3	6	14	15	11	8	8	11	1	12	3	6	14	2	8	29	3	5	7	17	3	9	9	6	5	7	8	7	1	11	10	5	12	21	6	27	10	13	8	4	8	28	14	20	1	6	19	6	3	7	8	9	5	16	2	6	6	5	0	10	9	48	5	3	12	6	2	3	5	5	7	4	18	195	8	8	13	12	20	2	6	9	10	5	26	12	12	17	10	2	14	13	2	8	5	8	13	18	12	5	4	5	4	6	9	9	2	4	3	3	13	53	16	7	15	6	7	26	5	11	9	5	9	8	12	4	15	6	10	3	1	6	12	10	17	2	11	16	11	10	6	7	12	5	4	9	8	10	14	3	8	9	8	5	4	7	14	8	7	10	10	9	5	10	12	1	4	4	9	12	4	4	6	8	4	1	5	5	10	20	6	8	6	12	6	9	7	21	8	0	7	4	3	7	19	18	7	6	1	9	7	6	4	19	8	7	3	3	1	5	15	5	26	9	15	30	15	13	5	8	9	13	15	12	5	4	20	4	1	23	14	1	5	8	3	14	16	4	6	10	8	4	6	5	13	9	4	10	31	2	8	9	4	10	9	18	15	4	8	14	26	28	5	12	1	6	6	8	11	1	13	17	11	9	13	14	9	4	13	89	10	4	3	13	9	3	9	13	7	3	6	12	2	6	9	26	4	54	12	13	16	13	16	2	7	6	2	8	56	12	15	6	20	10	19	10	7	15	18	9	5	16	3	11	61	10	7	14	7	1	4	2	5	7	55	8	15	2	37	7	5	3	0	12	12	14	2	6	12	17	7	4	11	3	9	11	17	0	9	8	5	4	7	4	4	11	6	2	6	17	7	12	8	8	8	4	3	33	9	56	3	24	18	6	16	5	4	1	27	8	4	5	5	58	38	2	9	13	11	19	21	11	22	6	20	9	9	12	4	2	4	11	22	21	3	6	24	7	4	4	7	10	16	12	8	7	4	3	11	14	14	3	10	2	17	4	2	10	20	9	5	16	10	9	5	9	8	3	12	31	6	5	10	6	12	6	14	3	9	6	2	7	4	5	5	8	3	3	2	4	4	30	27	4	3	10	8	9	57	8	26	2	14	23	10	33	8	1	2	8	18	5	4	6	4	14	4	2	4	8	6	17	11
