MutationType	SP53460	SP50827	SP50263	SP50317	SP54113	SP50406	SP51824	SP55387	SP52779	SP55235	SP50713	SP50611	SP50485	SP51037	SP55142	SP53387	SP54745	SP52284	SP53618	SP52232	SP50412	SP50321	SP53548	SP55004	SP56079	SP56168	SP54363	SP53810	SP50518	SP56303	SP55711	SP55509	SP55309	SP52607	SP52667	SP51446	SP50592	SP53073	SP56638	SP56537	SP57586	SP56541	SP56553	SP56771	SP57941	SP57818	SP56460	SP56474	SP56704	SP56533	SP56730	SP59245	SP57024	SP57933	SP56754	SP56827	SP57084	SP57538	SP57735	SP57669	SP56566	SP56569	SP58342	SP58349	SP56644	SP57629	SP56941	SP57619	SP58245	SP57251	SP56502	SP58668	SP58101	SP58991	SP56607	SP58326	SP57267	SP57066	SP57901	SP57651	SP57450	SP57846	SP58612	SP56821	SP58882	SP57189	CPCT02020306T	CPCT02110002T	CPCT02020308T	CPCT02020305T	CPCT02010356T	CPCT02020337T	CPCT02010373T	CPCT02020343T	CPCT02020353T	CPCT02020334T	CPCT02140018T	CPCT02140021T	CPCT02040039T	CPCT02010409T	CPCT02110010T	CPCT02070025T	CPCT02040045T	CPCT02040051T	CPCT02040054T	CPCT02140028T	CPCT02011006T	CPCT02040302T	CPCT02011015T	DRUP01040009T	CPCT02011018T	CPCT02270045T	CPCT02120088T	CPCT02011022T	CPCT02010722T	CPCT02011021T	CPCT02011019T	CPCT02011008T	CPCT02011017T	DRUP01010116T	CPCT02011029T	CPCT02020887T	CPCT02040214T	CPCT02190052T	CPCT02010699T	CPCT02040213T	CPCT02070276T	CPCT02040208T	DRUP01040010T	CPCT02040315T	CPCT02040313T	CPCT02040312T	CPCT02010727T	CPCT02010728T	CPCT02011031T	CPCT02011035T	CPCT02011038T	CPCT02010927T	CPCT02070447T	DRUP01020043T	DRUP01270007T	CPCT02011040T	CPCT02011032T	CPCT02010738T	CPCT02011044T	CPCT02011036T	CPCT02020906T	CPCT02011046T	CPCT02011047T	CPCT02011050T	CPCT02390011T	CPCT02080188T	CPCT02020912T	CPCT02120100T	CPCT02011053T	CPCT02011055T	DRUP01010119T	DRUP01010116TII	CPCT02040317T	CPCT02040320T	CPCT02010955T	CPCT02011057T	CPCT02011059T	CPCT02011052T	CPCT02011056T	CPCT02270046T	CPCT02011042T	CPCT02100145T	CPCT02130173T	CPCT02011067T	CPCT02190029T	CPCT02020925T	CPCT02011051T	DRUP01010066T	CPCT02011065T	CPCT02011080T	CPCT02010741T	CPCT02011082T	CPCT02011079T	CPCT02011077T	CPCT02270047T	CPCT02410018T	CPCT02011074T	CPCT02011089T	CPCT02011086T	CPCT02011088T	CPCT02011087T	CPCT02020671T	CPCT02011071T	CPCT02040216T	CPCT02140057T	CPCT02040221T	WIDE01010002T	CPCT02010500T	CPCT02010966TII	CPCT02010942TII	WIDE01010003T	CPCT02190031T	CPCT02011093T	CPCT02011097T	DRUP01060011T	CPCT02011069T	DRUP01060014T	DRUP01010064T	CPCT02120107T	CPCT02011102T	CPCT02040330T	CPCT02040299TII	WIDE01010034T	CPCT02040332T	CPCT02230086T	CPCT02011070T	WIDE01010026T	CPCT02390020T	CPCT02011106T	CPCT02410019T	CPCT02270022T	CPCT02011040TII	CPCT02010760T	WIDE01010057T	WIDE01010065T	CPCT02020964T	CPCT02050321T	CPCT02010779T	CPCT02011105T	CPCT02011107T	WIDE01010615T	WIDE01010130TII	WIDE01010041T	CPCT02040225T	WIDE01010058T	WIDE01010083T	CPCT02040234T	CPCT02011089TII	CPCT02010781T	WIDE01010088T	WIDE01010081T	DRUP01010078T	WIDE01010079T	WIDE01010089T	WIDE01010082T	WIDE01010075T	CPCT02270049T	WIDE01010099T	CPCT02040341T	WIDE01010104T	WIDE01010090T	CPCT02040338T	WIDE01010105T	CPCT02040340T	CPCT02100156T	WIDE01010115T	WIDE01010122T	CPCT02100149T	WIDE01010121T	CPCT02010776T	CPCT02050339T	CPCT02050439T	WIDE01010130T	WIDE01010134T	WIDE01010139T	CPCT02050344T	WIDE01010192T	WIDE01010005T	CPCT02011068T	WIDE01010151T	CPCT02050346T	CPCT02160045T	WIDE01010189T	CPCT02040215T	WIDE01010176T	WIDE01010175T	WIDE01010188T	CPCT02370019T	CPCT02010802T	CPCT02010807T	WIDE01010224T	CPCT02070320T	WIDE01010217T	CPCT02070321T	WIDE01010191T	WIDE01010256T	WIDE01010241T	WIDE01010253T	WIDE01010260T	CPCT02010797T	WIDE01010276T	WIDE01010019T	WIDE01010263T	CPCT02270029T	WIDE01010287T	WIDE01010194T	WIDE01010193T	CPCT02010780T	WIDE01010307T	CPCT02270026T	WIDE01010315T	WIDE01010316T	WIDE01010306T	CPCT02010722TII	WIDE01010313T	WIDE01010334T	WIDE01010333T	WIDE01010363T	WIDE01010343T	WIDE01010036T	CPCT02010782T	DRUP01080030T	WIDE01010368T	WIDE01010242T	WIDE01010399T	WIDE01010395T	DRUP01230005T	DRUP01340010T	WIDE01010419T	WIDE01010403T	WIDE01010398T	WIDE01010422T	WIDE01010390T	DRUP01010149T	WIDE01010449T	WIDE01010238TII	WIDE01010417T	CPCT02370031T	CPCT02010811T	CPCT02010842T	CPCT02010836T	CPCT02010683T	CPCT02010852T	CPCT02040255T	CPCT02010858T	CPCT02010849T	CPCT02390026T	CPCT02010870T	CPCT02010847T	CPCT02190039T	CPCT02120147T	CPCT02010865T	CPCT02190040T	CPCT02120140T	CPCT02120138T	CPCT02370034T	CPCT02390028T	CPCT02010874T	CPCT02010867T	DRUP01010086T	CPCT02190043T	CPCT02270034T	CPCT02390030T	DRUP01270004T	WIDE01010591T	CPCT02390032T	CPCT02010853T	CPCT02190045T	CPCT02030508T	CPCT02010567TII	CPCT02040215TII	DRUP01010090T	CPCT02020784T	CPCT02010904T	CPCT02330122T	CPCT02270036T	CPCT02010894T	CPCT02010897T	DRUP01010092T	CPCT02010903T	CPCT02410006T	CPCT02190047T	DRUP01140006T	CPCT02120152T	CPCT02010895T	CPCT02040286T	CPCT02010913T	CPCT02010911T	CPCT02100184T	CPCT02330123T	CPCT02010919T	CPCT02410013T	CPCT02120161T	CPCT02010924T	CPCT02030531T	CPCT02060261T	CPCT02060265T	CPCT02010918T	CPCT02010925T	CPCT02070380T	CPCT02010931T	DRUP01010096T	CPCT02010938T	CPCT02010894TII	CPCT02010945T	CPCT02120167T	DRUP01190001T	CPCT02010776TII	CPCT02070393T	CPCT02070396T	DRUP01010101T	CPCT02030546T	CPCT02240013T	CPCT02010953T	DRUP01010102T	CPCT02010967T	CPCT02390005T	CPCT02010966T	DRUP01010038T	CPCT02050412T	DRUP01020006T	CPCT02010954T	DRUP01010104T	CPCT02070399T	DRUP01050038T	CPCT02390006T	CPCT02120172T	CPCT02010655T	CPCT02010869T	CPCT02040298T	CPCT02040299T	CPCT02010981T	CPCT02010979T	CPCT02010977T	CPCT02010982T	CPCT02040173T	CPCT02010926T	CPCT02010965T	CPCT02070404T	CPCT02010986T	CPCT02270041T	CPCT02010980T	CPCT02040174T	CPCT02010972T	CPCT02010990T	CPCT02010976T	CPCT02080156T	CPCT02010985T	CPCT02010984T	DRUP01060026T	CPCT02270043T	CPCT02010989T	CPCT02040301T	DRUP01010111T	DRUP01010110T	CPCT02011001T	CPCT02040305T	CPCT02011004T	DRUP01090005T	CPCT02020872T	CPCT02011009T	CPCT02120070T	CPCT02040309T	CPCT02040115TII	CPCT02190020T	CPCT02040172T	CPCT02020630T	CPCT02010667T	CPCT02010676T	CPCT02230060T	CPCT02010660T	CPCT02040186T	CPCT02020458T	CPCT02110017T	CPCT02010567T	CPCT02080092T	CPCT02390002T	DRUP01010024T	CPCT02040113T	CPCT02080114T	CPCT02300015T	CPCT02010531T	CPCT02010478TII	CPCT02020535T	DRUP01010023T	CPCT02040121T	CPCT02010603T	CPCT02010606T	CPCT02010609T	CPCT02010450TII	CPCT02020555T	CPCT02040117T	CPCT02040136T	DRUP01010034T	CPCT02010612T	CPCT02040115T	CPCT02010621T	CPCT02010618T	CPCT02010507T	CPCT02120040T	CPCT02080138T	CPCT02040157T	CPCT02040149T	CPCT02180002T	CPCT02020417T	CPCT02010455T	DRUP01010010T	CPCT02010452T	CPCT02010451T	CPCT02010450T	CPCT02010453T	CPCT02010407T	CPCT02020429T	CPCT02010477T	CPCT02010478T	CPCT02010484T	CPCT02020452T	CPCT02190006T	CPCT02010481T	CPCT02110015T	DRUP01010016T	DRUP01010017T	CPCT02080088T	CPCT02020482T	CPCT02010524T	CPCT02010530T	CPCT02010536T	CPCT02040093T	CPCT02020485T	CPCT02040092T	CPCT02080089T	CPCT02040077T	CPCT02010498T	CPCT02190013T	CPCT02060086T	CPCT02040106T	CPCT02040104T	CPCT02230013T	CPCT02230017T	CPCT02180023T	DRUP01010054T	DRUP01010058T	CPCT02010690T	CPCT02020639T	CPCT02040194T	CPCT02010670T	CPCT02040198T	CPCT02050283T	CPCT02010702T	DRUP01010024TII	DRUP01070030T	CPCT02050294T	CPCT02120097T	CPCT02170019T	CPCT02010706T	CPCT02040202T	CPCT02040201T	WIDE01010634T	WIDE01010610T	WIDE01010630T	WIDE01010491T	WIDE01010495T	WIDE01010485T	WIDE01010474T	WIDE01010513T	WIDE01010523T	WIDE01010528T	WIDE01010457T	WIDE01010427T	WIDE01010472T	WIDE01010501T	WIDE01010480T	WIDE01010557T	WIDE01010589T	WIDE01010549T	WIDE01010593T	WIDE01010558T	WIDE01010657T	WIDE01010667T	WIDE01010675T	WIDE01010646T	WIDE01010666T	WIDE01010648T	WIDE01010677T	WIDE01010671T	WIDE01010679T	WIDE01010685T	WIDE01010689T	WIDE01010707T	WIDE01010708T
A[Del(C):R1]A	38	44	2	9	108	0	15	7	34	87	12	31	2	1	136	24	18	3	72	22	2	13	1	1	43	4	29	210	3	10	7	56	0	1	32	1	2	25	26	30	18	31	46	8	97	53	12	5	31	13	27	34	14	38	17	32	29	21	25	31	14	24	35	30	20	23	0	22	40	28	39	35	29	17	10	62	43	34	16	16	3	38	23	20	5	83	40	60	110	19	10	40	143	1	37	47	2	2	21	25	3	0	121	55	14	40	143	6	250	28	54	13	3	2	27	5	22	10	40	54	5	2	39	80	69	19	33	4	96	49	3	8	47	5	9	31	3	19	4	2	2	1	3	38	19	13	11	17	6	62	4	134	11	1	19	53	1	61	49	39	13	7	1	80	9	20	2	34	6	8	6	79	2	16	11	5	2	21	94	3	41	61	13	7	17	65	50	240	1	4	65	18	32	7	9	5	3	9	2	26	3	45	4	10	24	4	39	29	2	25	45	5	4	22	7	77	7	1	39	1	83	35	10	11	16	57	0	0	38	79	3	16	64	8	41	35	5	222	2	2	12	23	8	3	2	61	1	2	40	17	22	19	55	56	4	1	25	5	2	10	122	6	0	6	5	8	34	30	26	2	9	1	24	11	7	34	84	53	104	6	0	18	10	4	52	41	77	81	34	172	39	5	5	147	39	108	15	2	35	30	2	18	27	63	3	14	68	3	3	2	5	4	65	4	3	12	54	105	72	1	11	76	6	22	23	3	9	104	69	19	1	1	95	73	115	12	72	1	9	14	7	38	17	34	307	67	98	36	36	10	2	128	13	45	77	4	2	87	3	16	17	25	1	19	5	5	19	31	66	4	31	86	56	201	24	45	3	76	47	24	22	50	20	56	58	42	9	163	12	3	49	37	10	5	69	3	11	291	7	7	12	77	10	7	6	5	3	58	10	3	3	18	2	1	0	0	31	5	31	21	5	33	11	14	5	42	1	24	19	108	3	29	7	34	60	2	14	6	38	21	1	4	89	94	39	62	6	32	16	13	145	29	58	63	43	108	30	42	12	21	4	49	44	0	63	22	45	48	4	63	96	37	20	46	37	65	74	47	49	138	123	15	9	20	11	102	96	4	35	55	29	24	12	0	1	51	74	103	24	2	5	18	31	21	8	21	17	79	29	33	67	46	97	5	4	26	48	21	45	28	2	27	115	4	10	53	2	37	1	37	34	79	106	3	15	0	22	100	18	39	47	7	12	8	68	19	0	3	13	11	77	55	5	37	1	21	33	8	189	7	1	5	5	41	19	6	67	2	108	38	13	2	12	12	24	7
A[Del(C):R1]G	2	5	0	0	9	0	1	2	5	6	1	8	1	0	9	3	0	0	9	2	0	3	0	0	5	1	3	24	0	2	0	8	0	0	5	1	0	1	5	5	2	2	3	2	8	1	2	0	4	2	5	2	2	2	2	5	3	3	2	7	3	4	6	2	1	1	0	5	2	1	5	4	2	2	0	6	3	16	2	3	1	2	5	3	2	11	7	7	7	1	2	6	15	0	3	3	0	0	1	2	2	0	8	5	1	7	10	0	18	1	7	1	0	0	3	1	6	0	4	15	1	1	1	6	6	6	1	0	11	0	2	1	2	1	4	1	1	2	1	0	0	0	1	2	1	3	2	4	1	6	1	13	1	1	1	6	1	15	7	9	0	3	0	8	2	4	1	1	2	3	6	4	1	1	0	0	1	2	14	0	4	10	5	1	5	6	3	23	0	0	5	4	3	0	0	0	0	4	0	5	2	1	1	1	3	1	4	1	0	3	4	1	2	4	0	12	2	0	2	0	4	6	1	1	1	5	1	0	1	4	0	0	3	0	8	2	0	22	1	0	1	0	3	0	1	12	0	1	2	1	1	5	2	6	0	1	4	0	0	0	5	2	0	0	1	2	8	4	6	0	1	0	1	1	0	4	7	5	12	2	0	1	1	0	4	7	4	4	2	20	6	1	0	12	3	12	4	0	0	3	0	1	4	3	1	2	8	2	0	0	0	0	5	1	1	1	3	9	11	0	1	4	1	2	0	1	3	12	2	4	0	0	9	8	12	1	9	0	0	1	0	5	1	4	24	6	4	8	2	1	1	6	0	3	5	1	1	5	1	1	2	2	1	4	1	1	2	4	4	0	7	3	5	15	0	4	2	3	2	2	3	7	0	12	7	6	1	13	0	1	5	4	0	3	8	2	4	26	1	0	2	8	1	0	0	1	1	10	2	1	1	5	0	0	1	1	1	0	6	2	1	3	1	1	0	3	0	7	2	9	0	5	1	3	5	1	0	0	4	2	0	1	9	5	3	14	0	2	2	0	11	4	7	7	2	6	4	10	0	0	0	5	9	0	8	8	5	3	0	4	8	4	2	5	4	6	8	5	4	11	11	1	0	1	0	7	14	0	3	5	1	2	1	1	2	4	6	7	4	0	0	2	4	6	1	2	1	10	1	7	4	7	13	0	0	4	8	0	7	4	1	3	13	2	0	2	0	5	0	2	5	3	15	0	5	0	0	15	3	4	2	3	1	1	8	0	0	0	3	1	7	6	0	1	0	2	5	0	28	1	1	2	0	5	0	0	6	0	12	5	1	0	0	1	3	1
A[Del(C):R1]T	18	14	4	6	23	0	10	4	11	32	2	24	0	2	49	11	4	1	16	9	0	8	0	0	11	1	12	48	3	12	4	20	0	2	20	4	0	4	11	13	9	5	21	7	32	15	12	7	13	7	11	13	7	29	8	8	17	10	9	13	8	6	11	18	15	14	0	13	12	19	14	29	17	9	5	30	13	13	13	5	7	10	4	8	7	32	7	18	21	0	5	11	29	3	14	11	5	1	5	8	5	0	26	19	6	11	27	1	76	6	16	6	2	3	10	3	8	1	13	33	3	0	10	15	14	4	10	3	23	8	8	1	12	7	4	8	0	11	4	5	0	2	3	7	3	9	11	5	3	8	6	37	2	5	7	27	4	37	9	15	17	3	1	30	6	12	4	7	10	5	10	26	8	3	2	0	6	9	29	2	12	15	4	2	7	24	13	87	3	0	40	4	7	3	4	2	1	8	0	7	2	14	3	5	7	5	12	18	0	5	10	4	9	5	9	22	5	2	7	1	17	24	3	15	9	20	1	2	14	18	3	1	12	2	20	10	4	55	7	1	4	3	10	2	6	16	1	0	12	7	8	8	13	15	4	3	10	7	2	3	31	4	0	6	4	4	8	9	21	4	4	0	3	3	6	14	31	27	23	3	0	7	8	1	12	19	29	21	8	33	18	6	4	29	14	28	19	2	6	6	2	4	11	22	4	13	22	2	4	9	1	6	19	2	1	4	12	18	34	0	5	21	4	7	8	2	9	26	26	9	0	1	33	15	54	2	11	4	4	5	4	18	6	14	89	13	20	19	9	5	2	37	12	11	24	0	6	28	2	8	18	13	5	9	11	5	5	24	41	5	10	23	12	68	14	4	1	19	9	7	12	21	16	21	17	12	5	52	4	3	15	12	6	4	19	6	16	48	5	5	5	18	7	2	3	2	8	30	10	5	1	9	1	3	1	4	17	2	16	13	2	11	9	4	7	7	0	8	13	26	1	16	4	11	9	1	7	8	6	7	1	1	16	16	12	18	2	21	5	7	58	13	35	10	16	26	15	33	4	5	0	32	13	1	18	4	19	18	2	12	21	13	12	16	13	18	23	22	19	33	33	8	1	6	4	35	24	7	14	18	8	0	3	0	1	15	18	25	8	5	2	20	5	21	3	7	4	17	6	15	19	25	24	5	3	8	13	6	14	11	1	9	28	4	2	15	2	14	4	12	7	33	24	2	7	2	6	27	10	8	7	5	5	2	26	16	0	3	12	11	14	24	6	17	0	7	8	5	47	1	2	1	1	15	6	1	19	8	26	7	6	0	6	2	13	11
A[Del(C):R2]A	18	41	2	1	89	0	22	5	34	69	8	59	2	1	113	30	15	2	64	18	1	10	1	0	37	2	22	154	2	4	1	61	0	2	28	3	0	18	26	26	12	27	63	10	70	35	13	4	58	18	37	35	15	30	26	36	36	38	35	38	7	25	58	28	40	14	2	30	48	35	47	68	30	23	6	70	52	47	20	10	7	35	28	25	9	103	29	53	17	17	14	58	151	3	32	43	2	2	12	13	14	1	86	21	12	35	109	1	200	25	28	13	0	2	34	4	22	5	30	62	7	2	36	31	57	32	50	0	95	43	9	4	52	5	10	20	0	12	2	2	3	1	4	37	10	11	10	12	2	12	5	147	7	1	19	44	2	63	55	58	2	9	0	111	4	23	1	28	2	6	3	50	0	28	3	3	2	17	63	2	42	54	15	3	19	51	29	216	2	2	38	21	31	0	1	5	0	1	2	17	4	38	1	3	16	0	41	14	2	26	6	3	2	23	8	63	18	2	21	1	76	37	5	1	7	52	0	1	36	45	3	9	35	4	36	14	2	223	2	2	16	5	7	0	2	59	1	0	22	6	22	6	49	44	9	2	30	2	1	4	149	3	2	1	1	2	46	35	22	2	1	0	16	9	4	24	59	54	98	0	1	22	1	4	31	75	61	53	41	135	32	0	1	142	28	75	4	0	20	34	4	17	28	29	5	27	72	5	3	4	1	0	51	1	0	5	36	97	71	0	6	45	0	13	15	0	13	55	60	6	1	0	91	66	88	2	74	0	3	6	6	46	14	17	273	55	70	29	39	4	3	95	5	50	61	2	2	62	2	23	1	27	1	29	3	0	30	21	39	2	52	53	43	143	21	51	1	47	37	30	20	60	20	59	50	43	11	103	17	1	40	57	14	3	65	1	10	165	0	4	13	51	3	1	2	3	8	77	10	4	3	21	4	2	2	1	11	1	23	18	4	42	4	4	10	34	1	33	42	110	3	36	5	30	37	2	10	1	61	18	1	0	71	53	45	120	2	27	13	16	144	31	69	36	28	51	51	64	14	13	2	43	74	3	60	26	44	24	1	72	65	26	22	67	37	36	59	40	52	134	107	17	6	28	3	62	119	3	38	61	10	18	4	1	4	30	107	68	25	0	2	6	32	21	1	33	14	83	24	24	60	21	87	2	3	25	47	21	44	42	1	28	69	2	8	28	2	35	1	50	61	45	72	3	20	3	10	93	6	26	47	2	7	4	39	23	1	3	15	5	65	47	4	24	0	8	23	2	176	4	1	3	0	43	12	2	51	4	107	24	9	1	4	10	27	4
A[Del(C):R2]G	3	6	0	0	18	0	3	1	5	12	3	2	0	0	15	4	2	0	9	4	0	0	0	0	2	0	8	30	0	0	0	7	0	0	1	1	0	3	7	7	6	10	12	1	12	12	0	1	4	2	7	6	0	10	2	11	5	4	6	3	2	5	4	2	7	2	0	6	9	5	5	8	8	3	2	7	6	8	2	1	2	8	3	12	2	13	4	3	5	3	0	11	22	0	7	5	0	1	3	2	1	1	14	5	4	4	21	0	37	1	6	3	0	0	4	0	2	1	7	8	1	0	9	4	9	8	11	0	9	4	5	1	8	0	4	2	0	6	0	0	0	1	0	5	2	2	0	3	0	2	0	18	2	0	1	6	1	9	15	9	0	3	1	23	1	2	0	0	0	0	0	11	0	3	0	0	1	6	13	0	10	6	2	2	2	8	3	49	1	1	2	4	5	1	0	2	0	0	0	4	0	8	0	0	6	0	6	1	0	4	1	0	0	9	2	11	3	1	5	0	20	5	2	0	0	8	1	0	4	9	1	0	7	2	3	3	0	40	0	0	0	1	1	0	0	7	0	0	1	0	1	3	13	8	2	0	9	0	0	1	22	2	0	0	1	0	5	3	9	1	0	0	6	0	2	5	5	5	16	1	0	1	0	0	2	15	11	11	9	34	7	0	0	22	4	11	1	0	4	6	0	4	3	3	1	5	20	1	0	1	0	0	10	0	1	0	8	14	12	0	2	4	0	4	9	0	2	8	9	2	0	1	15	17	14	0	19	0	0	0	0	7	4	2	37	9	10	4	5	0	0	18	0	11	15	0	1	9	0	1	0	7	0	2	0	0	4	2	2	1	26	8	5	26	4	11	0	11	8	7	5	13	3	7	7	8	3	18	3	0	9	15	0	0	8	0	2	19	0	0	3	7	0	0	1	0	3	13	3	1	0	4	0	0	1	0	1	1	0	9	0	7	1	0	0	6	0	10	6	24	0	11	1	6	3	0	0	0	13	4	0	1	14	8	10	17	0	8	5	0	24	9	19	3	7	3	7	7	2	5	0	11	14	0	14	8	4	8	0	4	18	4	6	13	7	9	7	9	15	26	18	0	1	2	0	11	15	0	4	13	1	1	2	1	0	8	16	16	2	0	0	1	3	6	0	4	4	10	1	3	7	2	17	1	0	2	9	3	7	6	0	4	13	0	0	4	0	7	0	2	9	3	9	0	1	0	2	10	2	6	4	0	0	1	10	4	0	1	3	0	12	6	0	5	0	0	3	2	46	2	0	0	0	12	1	0	6	0	16	3	2	1	0	3	4	0
A[Del(C):R2]T	13	12	2	4	43	0	6	1	15	26	9	18	2	1	56	9	5	1	24	10	1	4	1	0	15	3	7	68	1	2	2	31	0	3	10	1	0	11	14	12	14	22	28	1	20	13	8	5	29	5	12	8	4	37	10	7	13	15	16	16	4	10	28	17	16	7	0	15	22	19	24	31	15	8	7	32	30	36	12	7	7	17	16	11	5	61	11	22	14	7	3	34	60	0	15	14	1	3	1	7	4	0	38	18	7	16	38	0	91	7	16	1	1	1	15	1	12	1	13	36	2	1	10	19	23	15	18	1	42	16	7	2	19	8	4	7	2	5	2	0	0	1	2	16	5	7	8	5	2	8	4	50	5	1	12	24	0	36	25	21	3	5	1	40	2	6	2	14	4	0	10	23	0	10	7	1	4	14	36	0	19	26	3	3	6	20	17	93	0	1	19	8	14	2	2	0	2	7	0	17	1	6	0	3	16	0	8	14	1	25	6	2	1	13	3	25	5	1	15	1	29	17	7	8	4	19	2	1	23	27	0	3	30	2	23	9	3	96	1	2	4	3	14	0	0	19	1	0	14	10	12	5	21	18	6	0	13	1	2	1	65	4	1	1	1	1	21	13	16	0	3	0	4	5	2	17	27	27	31	2	1	7	5	3	19	27	26	31	20	68	13	2	0	54	15	46	4	7	6	14	0	3	13	18	2	12	32	3	4	4	2	1	35	3	0	4	20	46	42	1	1	27	1	8	9	0	4	26	27	9	2	2	30	26	51	3	27	0	3	2	2	20	5	10	118	23	28	19	9	2	0	37	5	8	34	1	2	32	1	13	5	15	1	15	3	2	8	14	18	1	32	29	13	80	10	17	2	23	12	8	11	19	10	34	25	25	9	57	4	0	24	17	8	1	23	1	9	60	4	3	11	22	2	1	2	4	2	41	7	2	1	12	2	2	4	0	13	2	8	13	4	20	4	1	4	17	0	9	15	47	0	16	9	14	10	1	5	6	16	6	2	3	32	26	9	70	2	9	3	5	70	11	35	23	22	41	18	25	2	5	1	30	28	0	30	11	14	17	1	20	23	8	18	35	18	24	23	18	13	63	47	5	2	10	2	31	43	2	12	38	8	5	1	2	2	18	42	25	8	3	1	14	8	11	0	21	1	31	10	12	22	18	37	0	4	13	20	12	27	14	0	11	42	1	2	13	0	17	3	21	15	19	26	2	8	0	5	50	5	14	18	2	2	3	19	12	0	0	5	5	28	26	7	14	0	9	17	1	97	3	0	2	1	20	5	2	29	1	47	7	9	2	4	4	17	0
A[Del(C):R3]A	18	23	2	2	58	0	8	3	19	43	6	22	1	0	57	19	8	0	29	9	1	5	0	0	30	2	17	86	0	1	1	34	0	0	15	1	1	12	21	28	15	14	25	4	35	16	11	2	28	9	17	23	10	19	7	25	29	18	15	18	8	16	21	21	20	6	0	24	22	11	19	20	16	12	14	49	26	17	10	4	1	22	15	25	8	84	16	27	18	11	4	34	89	3	20	19	1	1	6	4	5	0	54	12	11	22	70	1	108	14	28	4	1	1	19	1	13	0	24	20	5	0	16	18	28	15	32	0	57	21	8	3	25	1	8	9	0	11	0	0	0	0	1	17	5	5	2	10	2	12	3	72	4	3	9	27	2	21	39	19	1	2	1	48	4	7	1	15	2	5	2	39	3	5	1	0	3	10	49	1	25	37	12	2	9	34	14	120	2	0	15	11	12	2	0	0	0	2	0	13	0	28	1	2	17	0	26	6	1	17	19	2	1	11	1	35	6	0	18	1	40	19	10	3	6	20	1	0	26	25	2	4	21	2	9	15	2	106	0	3	7	4	5	0	0	26	1	0	11	5	22	9	27	29	6	1	14	1	1	5	65	9	0	0	0	0	27	21	14	0	2	0	12	9	2	10	31	35	69	2	0	6	1	2	23	38	39	34	20	91	19	0	1	63	19	47	0	1	10	19	0	8	13	22	2	12	55	3	1	2	0	1	43	1	0	9	26	33	33	0	2	30	1	8	12	0	7	35	30	6	1	0	36	51	45	0	37	1	2	2	3	40	5	5	141	29	38	12	13	2	0	49	2	26	48	0	0	52	0	13	5	14	2	23	3	2	14	28	15	1	46	36	17	84	11	25	0	29	19	11	16	26	4	19	30	31	7	73	14	1	29	28	3	1	17	0	8	115	2	2	9	28	2	1	2	3	4	43	7	0	0	12	2	1	0	0	5	2	7	10	4	28	2	1	5	17	0	19	12	75	1	14	2	15	21	2	7	2	20	7	0	1	33	30	28	54	0	17	5	7	89	33	55	25	23	23	29	30	5	4	0	25	41	1	41	20	12	17	0	26	26	13	13	42	21	35	24	26	23	58	44	8	7	5	5	39	61	1	28	31	4	12	1	1	1	30	63	40	8	1	1	3	15	18	0	13	7	40	5	9	31	17	44	2	2	13	20	15	34	13	0	23	54	1	6	20	0	19	2	26	20	31	40	2	8	1	4	66	1	21	19	3	5	3	34	18	0	1	8	2	33	30	3	21	0	6	10	0	100	2	0	3	0	27	6	1	28	0	53	15	3	0	9	7	15	0
A[Del(C):R3]G	3	2	0	0	12	1	0	2	5	12	3	3	0	0	15	6	2	0	7	2	0	1	0	0	5	1	3	9	0	0	0	5	0	0	3	0	0	1	4	2	2	5	7	1	7	6	0	0	3	1	3	3	1	2	0	1	7	2	3	1	1	2	4	1	3	1	0	3	7	4	4	2	1	0	3	5	3	2	2	0	0	6	2	3	0	7	1	4	2	1	2	4	15	1	1	0	0	0	0	1	3	0	13	3	3	4	8	1	18	2	5	0	0	0	0	0	2	1	3	3	0	0	5	3	4	2	1	0	8	3	0	0	3	0	2	1	0	3	0	0	0	0	0	5	0	1	3	3	0	4	3	16	0	0	0	4	0	3	7	2	0	1	0	10	2	1	1	5	1	0	0	6	0	2	0	0	0	2	3	1	2	6	0	0	1	4	5	19	0	0	1	3	1	0	0	0	0	0	0	3	0	3	1	0	3	0	5	2	0	4	3	1	1	1	1	7	0	0	1	0	5	1	0	1	0	4	0	0	4	10	0	1	3	0	1	2	0	20	0	0	0	1	0	0	0	6	0	0	5	0	2	0	8	5	2	0	3	0	0	0	14	1	1	0	1	0	3	0	1	0	0	0	0	0	0	5	6	4	17	0	0	1	0	1	2	3	9	2	2	14	6	0	0	9	4	4	1	2	0	0	0	2	2	2	0	2	7	0	0	1	0	1	6	0	1	1	4	8	7	0	1	6	0	0	0	0	1	1	4	2	2	0	3	5	4	0	5	0	0	1	0	3	3	0	23	4	4	0	6	0	0	7	1	4	8	0	0	6	0	3	1	1	0	3	0	0	4	0	1	0	7	5	3	11	0	3	0	1	0	0	0	6	3	3	6	7	2	7	4	0	7	4	2	0	8	1	1	34	1	0	2	6	0	0	0	0	0	7	4	0	1	2	0	0	0	0	3	0	3	3	0	2	1	0	1	4	0	5	2	7	0	1	1	1	3	1	3	0	5	0	0	0	5	4	4	14	0	0	0	2	15	1	4	8	6	0	7	1	1	0	0	5	7	0	6	0	4	3	0	2	5	3	6	4	5	3	8	2	5	15	11	2	0	2	0	6	11	0	4	7	0	2	0	0	1	3	8	4	5	0	0	1	2	3	0	2	1	7	4	1	5	4	4	1	1	1	2	2	6	2	0	3	7	0	1	3	1	5	0	4	9	3	6	0	2	0	0	5	0	3	4	1	0	1	5	2	0	1	1	0	3	3	1	1	0	1	3	0	17	1	0	0	0	2	3	0	4	0	10	1	2	0	1	1	2	2
A[Del(C):R3]T	6	10	2	1	28	0	5	0	8	29	0	14	2	0	43	6	2	1	12	4	1	3	0	0	4	0	7	37	0	3	1	9	0	0	7	1	1	5	8	3	8	5	18	1	13	9	2	1	13	4	10	10	2	6	4	8	8	2	7	7	3	3	13	13	17	4	0	12	10	12	10	16	9	4	3	12	12	11	3	1	0	7	6	6	3	31	3	9	16	6	1	17	39	0	9	7	0	0	5	4	0	0	17	5	3	8	20	0	55	5	11	1	0	1	8	2	4	4	7	16	2	2	2	9	15	8	6	0	27	8	2	2	13	2	1	5	0	6	2	0	0	0	2	7	3	5	6	3	3	14	3	43	4	0	4	7	1	18	18	10	0	2	0	26	2	4	0	6	3	0	2	18	1	5	4	1	2	10	21	1	20	17	5	0	8	16	5	63	0	1	8	6	3	1	0	1	1	1	0	4	0	1	0	3	8	2	9	1	0	9	8	2	2	3	1	10	6	0	7	1	27	10	0	5	1	15	0	0	9	13	3	2	10	0	11	8	1	38	0	3	4	1	1	0	1	9	0	0	5	3	9	1	7	13	2	1	10	0	0	1	41	0	0	0	1	1	8	6	6	0	0	0	6	3	0	6	8	20	24	0	2	2	1	1	4	17	24	18	7	35	12	0	0	27	6	22	4	1	5	4	0	7	9	12	0	4	14	0	4	3	1	2	15	1	1	3	10	21	19	0	4	10	1	2	8	1	5	18	18	5	1	1	28	30	22	2	15	3	0	2	2	15	5	7	72	14	17	6	10	2	2	19	1	12	9	1	0	22	0	10	4	6	1	8	0	0	4	7	8	0	17	18	10	39	6	14	0	15	6	3	6	16	6	10	13	14	5	25	5	2	11	17	3	1	13	1	9	48	2	1	6	16	3	0	0	1	4	21	3	3	0	5	0	1	0	1	3	0	4	5	0	13	1	3	4	5	0	8	11	26	1	7	2	6	8	1	6	0	21	7	0	0	11	2	11	30	1	6	4	3	36	14	19	25	10	13	8	13	4	6	1	8	14	0	23	8	9	3	0	11	23	7	8	16	8	14	12	11	11	38	25	4	1	6	4	12	21	0	8	9	2	5	2	1	1	13	25	21	7	1	0	2	6	7	1	4	3	6	3	3	14	8	23	1	0	5	13	4	15	10	0	8	13	2	4	10	2	10	1	8	7	10	16	0	9	0	2	34	3	7	7	1	3	0	19	8	0	0	7	0	18	14	1	14	0	6	3	2	42	1	0	2	0	10	2	1	13	1	16	5	5	0	3	1	10	3
A[Del(C):R4]A	6	11	2	2	33	0	6	0	11	15	1	8	0	2	47	6	0	1	11	9	0	3	0	0	9	4	4	29	1	0	1	6	0	1	7	1	0	6	7	11	6	11	15	4	16	14	7	0	20	6	15	11	6	15	5	16	14	10	12	8	3	9	13	5	11	3	1	7	9	10	20	18	9	6	6	14	13	12	5	1	1	9	7	11	5	33	9	8	53	4	4	11	36	0	2	11	2	2	4	4	1	0	18	9	5	11	33	0	71	5	10	3	1	1	7	2	5	2	13	10	3	1	9	11	12	7	14	1	29	7	3	1	23	6	4	7	0	1	1	0	1	1	0	6	2	3	4	3	1	29	4	37	0	0	5	13	1	12	14	6	1	3	2	23	5	6	1	9	2	2	4	26	1	3	1	2	2	4	17	2	11	22	4	1	2	9	8	69	3	0	12	5	4	0	0	0	0	1	0	12	2	8	0	3	9	1	8	9	0	16	31	4	0	5	1	19	4	1	6	2	25	10	5	5	7	17	1	0	11	20	1	3	19	1	13	6	1	40	1	1	5	22	3	2	1	20	1	1	5	3	3	6	11	7	3	1	12	1	0	2	30	2	2	1	1	0	15	8	7	0	1	0	2	3	5	9	6	14	28	1	0	9	1	0	11	15	19	13	11	38	10	0	3	22	6	25	2	1	3	4	1	3	11	11	3	6	20	1	2	3	1	1	15	0	1	2	12	12	17	0	2	6	1	3	5	1	6	9	10	7	1	0	19	17	27	1	8	0	2	1	2	14	4	10	54	12	15	10	11	7	0	28	5	15	25	0	0	24	0	2	2	11	1	9	2	1	10	8	12	2	19	16	10	42	3	11	0	17	12	11	14	27	9	11	15	13	3	29	6	1	13	13	3	1	12	0	7	151	3	3	3	10	1	0	0	1	2	29	5	0	0	4	0	1	0	0	7	0	4	11	0	8	1	2	3	19	1	11	7	22	1	5	0	1	9	1	2	0	16	5	1	0	19	10	19	32	3	10	8	2	38	10	18	14	8	11	16	12	4	4	0	12	22	0	10	14	12	9	0	10	23	8	7	8	5	13	13	9	10	35	16	3	2	4	6	12	41	1	9	20	3	10	3	0	2	13	27	22	7	0	0	3	7	4	0	15	0	27	2	6	15	13	26	1	1	4	13	2	13	10	0	12	27	1	7	12	1	7	0	14	20	13	17	1	5	1	1	38	1	6	12	2	3	1	14	5	0	0	10	0	20	16	0	6	0	4	8	1	44	0	1	1	2	15	4	2	11	0	21	7	3	1	4	5	12	2
A[Del(C):R4]G	0	3	1	0	7	0	0	0	7	4	0	4	0	0	7	3	1	1	8	0	0	0	0	0	4	1	0	8	0	0	0	1	0	0	3	2	0	2	2	2	0	0	6	0	2	2	1	0	4	1	0	4	0	3	0	2	4	2	4	1	0	1	2	1	4	1	0	1	2	1	0	8	2	1	2	7	3	2	0	0	0	2	4	1	1	6	2	2	12	1	1	3	12	0	4	2	0	1	0	1	0	0	7	2	1	2	2	0	15	2	2	2	0	0	2	0	2	0	1	2	0	0	1	1	5	0	3	0	4	0	2	1	5	0	2	0	0	1	0	1	0	0	1	3	1	2	1	1	0	8	0	10	0	0	0	1	0	2	7	2	2	0	0	9	1	2	0	1	0	0	0	2	0	2	0	0	1	2	5	0	5	5	0	0	2	6	1	15	0	0	3	1	6	0	1	1	0	0	0	3	1	1	0	0	3	1	3	1	0	1	10	1	1	2	1	3	0	0	0	0	3	2	0	1	1	0	1	0	4	5	0	1	5	0	0	0	0	19	0	0	1	3	1	0	0	3	0	0	1	3	2	0	8	4	0	0	2	0	0	0	7	1	0	1	0	0	1	2	1	0	0	0	0	0	0	1	1	2	6	0	0	0	0	1	2	4	5	4	5	11	3	0	0	6	0	5	0	1	0	1	1	0	1	1	0	1	7	1	0	0	0	0	2	0	0	0	1	9	1	0	0	1	0	2	1	0	3	4	6	1	0	0	7	5	7	0	3	0	0	0	1	3	2	1	21	5	5	8	2	0	0	3	1	3	6	0	0	6	0	2	0	1	0	0	0	0	4	2	3	0	1	5	3	7	1	2	0	5	4	0	5	2	0	3	3	6	1	6	3	0	1	5	1	0	1	0	0	28	0	0	1	4	0	1	0	0	1	6	0	0	0	1	0	0	0	0	0	0	0	2	0	1	0	0	0	6	0	3	3	7	0	3	0	2	2	0	0	0	4	4	0	0	5	4	8	7	1	3	0	0	11	2	3	1	3	3	3	3	0	0	0	3	4	0	7	3	2	2	0	3	1	1	1	2	3	4	6	4	2	5	3	0	2	4	2	5	9	0	2	3	2	1	0	1	1	4	8	2	1	0	0	2	0	2	0	5	0	6	2	4	4	2	5	0	1	1	1	1	6	2	0	1	5	0	1	4	0	2	0	2	1	3	8	0	4	0	0	3	1	1	3	1	0	0	1	0	0	0	1	1	6	4	0	2	0	1	0	0	15	1	0	2	1	7	0	0	0	0	3	1	1	0	2	0	1	0
A[Del(C):R4]T	3	4	0	1	9	0	6	2	3	11	4	4	0	0	18	2	3	0	4	2	1	2	0	0	4	0	3	17	0	1	1	5	0	0	6	0	0	5	6	8	4	8	6	1	4	3	1	1	11	1	2	7	3	6	4	4	6	5	6	7	4	5	3	4	13	1	0	8	8	0	1	5	4	2	3	5	9	10	1	3	0	3	6	5	1	12	4	4	26	1	0	6	21	0	4	5	0	0	0	3	2	0	7	2	2	3	12	0	39	4	3	2	0	0	6	0	4	1	8	17	1	0	4	5	6	0	6	0	14	1	4	0	9	3	1	1	0	1	0	1	0	0	1	1	0	1	1	2	0	20	2	16	2	0	2	4	0	16	10	10	2	3	0	12	3	4	0	6	3	0	0	15	3	3	0	0	0	4	9	0	11	7	2	2	1	11	1	26	0	0	5	1	5	0	0	2	0	0	0	4	0	9	0	3	4	0	4	4	0	1	16	0	1	5	1	12	2	0	3	0	7	3	2	1	3	5	3	1	5	6	1	3	4	2	4	1	0	22	0	0	3	16	0	0	1	9	0	0	0	2	2	1	5	2	1	1	6	0	1	1	16	1	0	3	0	1	4	9	3	0	2	0	2	2	1	1	3	7	6	0	0	0	0	1	4	5	8	5	7	12	6	0	0	17	2	9	2	1	1	5	0	0	4	4	0	4	13	0	0	1	1	1	3	0	1	1	7	8	8	2	1	7	0	1	2	0	5	9	15	0	0	0	14	5	14	1	8	0	0	1	0	5	2	1	34	6	6	5	2	1	0	7	4	4	13	0	0	11	0	1	1	6	0	4	0	0	6	6	5	1	13	7	7	21	3	1	0	6	5	4	7	7	3	11	6	10	2	16	4	1	3	7	0	1	4	2	2	58	0	0	4	8	2	0	0	1	2	4	3	1	0	1	1	0	0	0	3	0	2	4	0	1	0	0	3	3	0	4	4	21	0	3	1	5	3	1	1	0	4	3	2	0	15	5	2	9	0	3	0	1	20	3	9	5	5	9	5	5	1	2	0	4	13	0	10	2	5	1	0	6	10	7	5	8	9	9	5	7	6	10	13	1	0	3	0	8	18	1	1	9	4	2	1	0	1	6	12	5	2	1	0	4	3	3	0	4	2	8	4	4	9	4	11	1	3	1	3	2	9	7	0	1	11	0	1	6	1	6	0	8	7	7	6	0	3	0	0	10	4	5	2	2	1	0	5	4	0	0	3	1	5	5	0	3	0	0	1	0	27	1	0	1	1	10	1	0	7	1	9	2	1	0	2	1	9	0
A[Del(C):R5]A	2	13	1	2	21	0	4	1	8	20	4	10	0	0	33	2	3	1	17	9	0	3	0	0	12	1	5	30	3	0	0	16	0	0	7	1	0	3	9	7	10	12	15	2	9	9	4	4	14	5	11	5	5	12	4	7	9	10	17	7	4	5	11	10	7	4	1	10	25	4	7	18	19	2	8	22	15	17	3	5	4	11	8	6	2	27	6	13	103	2	4	16	40	0	16	9	0	1	1	4	1	1	20	6	3	14	18	0	74	3	9	1	1	0	8	1	9	3	4	14	3	0	7	7	11	8	12	1	23	19	3	3	8	2	6	2	1	3	1	1	0	0	1	8	4	5	1	5	1	48	1	29	0	0	3	17	0	13	18	9	3	3	4	33	2	7	1	11	3	0	2	13	2	5	2	0	0	4	18	0	7	18	3	0	10	13	5	55	1	0	5	8	2	1	0	0	0	1	1	6	0	14	0	2	12	1	11	9	0	5	42	0	1	4	0	19	6	0	6	0	28	4	3	3	7	17	0	1	18	23	2	2	13	0	8	5	0	37	0	0	4	59	5	0	0	12	1	0	6	3	7	3	17	10	1	1	4	0	2	1	40	0	0	1	0	0	11	12	10	0	0	0	4	4	0	7	6	9	19	0	0	1	1	1	6	17	26	13	15	54	6	0	0	30	9	25	3	1	8	8	0	3	9	7	0	4	24	0	1	1	0	0	14	1	1	1	13	22	18	0	2	14	1	5	3	0	4	6	14	4	0	1	22	19	18	1	18	1	2	2	0	11	2	2	61	11	16	11	9	1	1	24	3	19	19	0	0	13	0	4	0	6	4	9	1	0	17	4	5	1	20	10	3	36	4	11	1	10	5	9	5	14	4	13	14	15	7	43	2	1	12	16	3	1	20	1	3	203	0	1	9	15	2	0	1	0	3	16	4	1	0	8	0	0	0	0	7	0	11	10	1	13	1	1	0	10	0	10	7	30	0	16	1	2	10	1	5	1	13	3	0	0	17	12	13	29	0	6	2	3	47	10	22	15	11	10	12	12	0	8	1	12	24	0	14	7	11	9	0	17	26	9	12	13	16	10	13	14	12	25	15	4	1	4	1	10	28	0	8	16	0	4	1	0	3	9	16	16	5	0	0	2	8	8	0	6	5	21	6	7	8	4	17	1	2	7	14	2	17	9	0	6	14	0	2	13	1	17	0	10	9	18	14	1	3	1	0	30	0	6	8	2	2	5	7	11	0	0	4	2	22	14	0	10	0	4	5	1	56	0	1	4	1	15	5	0	9	0	17	6	1	1	2	3	8	1
A[Del(C):R5]G	0	1	0	1	2	0	0	0	3	3	0	2	1	0	2	1	0	0	1	0	0	0	0	0	1	0	3	5	0	0	0	2	0	0	1	0	0	0	1	1	0	3	2	0	3	3	0	2	1	0	0	0	1	4	0	0	2	0	0	0	0	0	2	0	1	1	0	2	2	4	2	2	3	0	0	2	1	3	2	1	0	0	1	1	1	5	1	0	32	1	0	2	5	0	2	2	0	0	0	1	1	1	2	3	3	1	5	0	15	3	1	0	0	0	1	1	0	0	0	4	0	0	0	1	1	0	0	0	3	2	1	0	1	0	0	0	0	0	0	0	0	0	0	2	0	0	1	1	0	11	0	8	0	0	2	3	0	3	5	3	0	0	0	6	0	0	0	0	1	0	1	5	0	0	1	0	0	0	2	0	1	1	1	0	0	5	0	4	0	0	1	3	0	0	0	0	0	0	0	0	0	1	0	0	0	0	0	2	0	1	16	0	0	0	1	4	0	0	0	0	3	1	0	0	1	0	0	0	1	0	0	0	3	0	1	0	0	11	0	0	0	12	1	0	0	2	0	0	0	0	0	0	0	0	1	0	2	0	0	1	8	0	0	3	0	0	1	3	1	0	0	0	0	1	1	2	4	0	3	0	0	0	0	1	2	7	1	1	2	7	1	0	0	2	1	3	0	0	2	1	0	0	1	1	0	1	4	0	0	1	0	0	2	0	0	0	2	4	2	0	0	0	0	1	1	0	0	1	4	0	0	0	2	1	2	1	1	0	0	2	0	3	1	1	6	1	0	1	2	0	0	5	2	1	4	0	0	1	0	1	0	0	0	0	0	0	1	0	1	0	1	2	1	5	0	3	0	1	2	1	2	3	1	2	0	1	1	6	2	0	2	1	0	0	2	0	2	50	1	0	1	3	0	0	0	0	1	1	1	0	0	1	0	0	0	0	1	0	1	0	0	2	0	0	0	1	0	1	1	4	0	2	0	1	0	0	0	0	1	0	0	0	2	2	1	4	0	1	0	1	3	0	5	1	3	2	0	4	0	0	0	2	1	0	4	0	4	0	0	0	4	3	2	4	1	1	2	0	1	1	4	1	1	0	0	2	3	0	1	3	0	1	0	0	0	1	3	1	3	0	0	0	1	1	0	0	1	1	2	0	2	1	3	0	1	1	3	2	1	0	0	1	2	0	0	1	0	1	0	4	0	1	2	0	0	0	1	3	0	0	6	0	0	0	2	1	0	1	0	0	2	5	1	0	0	1	4	0	8	0	0	0	0	1	0	0	6	0	2	1	0	0	1	0	3	0
A[Del(C):R5]T	2	1	0	0	16	0	2	1	2	11	1	8	0	0	18	1	1	1	2	3	0	0	0	0	2	0	6	13	0	2	1	6	0	0	1	0	1	1	4	4	4	1	4	2	8	4	1	2	9	5	5	4	3	7	2	1	6	11	3	5	2	5	6	7	9	2	1	4	2	4	5	7	5	1	0	10	6	6	3	1	1	3	7	0	1	9	3	2	106	4	1	9	19	0	6	3	0	1	1	2	0	0	7	3	2	5	14	0	30	1	3	1	0	0	2	2	1	0	3	6	2	0	2	1	8	5	5	0	10	3	2	0	7	1	3	1	0	1	1	0	0	0	0	5	3	3	1	3	0	60	2	16	1	0	2	4	1	6	6	7	1	1	0	17	1	0	1	3	0	2	1	14	0	4	0	1	0	1	11	0	7	8	2	0	2	3	0	20	0	0	5	2	2	0	0	0	0	1	0	5	0	6	0	3	4	0	3	4	0	1	54	0	0	4	1	10	2	1	1	1	5	7	1	0	2	7	0	0	6	6	0	2	3	0	3	5	0	32	0	1	0	55	1	0	0	4	0	0	0	2	1	3	2	0	0	0	7	0	0	2	18	2	1	1	1	0	5	7	4	0	0	0	4	1	1	5	2	4	11	0	0	2	1	1	4	10	5	4	3	22	0	1	0	20	7	18	2	3	5	2	0	2	6	6	0	4	11	0	1	1	0	0	6	1	1	0	1	5	9	1	3	2	0	4	7	1	2	4	5	3	0	1	12	6	12	2	6	1	0	3	0	9	3	2	25	8	4	8	3	0	0	8	2	5	8	0	0	13	0	2	3	2	1	1	1	0	1	3	5	0	10	3	4	19	1	4	0	9	3	2	6	7	1	4	4	8	1	11	2	0	7	4	1	0	10	0	1	143	1	0	2	3	2	0	0	0	0	15	2	0	0	2	0	0	1	0	4	1	5	3	1	2	2	0	2	7	0	4	4	13	0	5	1	2	2	0	1	0	6	1	0	0	7	4	4	13	3	3	1	0	22	7	7	0	7	5	5	8	1	2	0	4	7	0	11	4	6	4	0	2	5	3	3	15	2	13	6	6	7	14	11	0	1	5	2	7	17	0	9	10	0	4	0	0	0	12	11	5	1	1	0	3	4	3	0	3	1	9	0	1	3	2	7	2	0	2	5	0	10	2	0	3	7	0	1	2	1	2	0	4	6	3	8	0	6	0	3	10	1	2	4	0	1	0	3	1	0	0	4	2	5	5	1	2	1	1	1	1	34	1	0	0	0	5	1	0	7	0	8	3	0	0	0	2	3	0
A[Del(C):R6]A	3	1	1	1	6	0	2	1	3	11	1	6	0	0	14	0	1	0	6	1	0	0	0	0	6	0	3	13	0	0	0	4	0	0	1	0	0	1	3	3	3	3	12	4	7	5	4	1	6	3	1	2	2	6	2	4	1	3	9	5	0	2	5	4	6	3	0	0	4	6	5	4	3	2	3	3	5	2	2	3	0	6	4	4	1	16	3	6	189	2	0	10	10	0	3	6	0	2	0	5	0	0	9	2	0	4	13	1	18	4	5	2	0	0	3	0	3	1	6	15	1	0	6	3	5	3	3	1	15	1	3	1	5	0	2	0	0	0	0	0	0	0	1	6	0	2	1	5	1	85	1	16	2	1	0	3	0	15	8	1	3	1	1	7	1	4	0	3	2	1	1	8	0	2	0	0	0	2	13	1	4	5	4	0	2	5	2	29	0	0	1	1	3	0	0	1	0	0	0	4	1	3	1	0	1	1	5	2	0	2	66	0	1	2	1	6	1	0	3	0	6	2	2	0	2	3	0	1	2	5	0	0	6	0	2	5	0	21	0	0	4	77	0	1	0	2	0	0	2	0	3	3	3	1	2	0	3	1	1	0	20	2	0	0	0	2	7	4	5	0	0	0	1	1	0	1	5	9	13	0	0	1	0	3	3	10	6	4	9	15	2	0	0	8	2	13	2	0	2	2	1	1	6	6	1	4	8	1	0	2	0	0	4	0	1	0	1	4	12	0	0	1	0	1	4	0	0	14	6	1	0	0	7	13	7	0	4	0	1	0	1	3	2	1	22	5	11	4	2	0	1	12	0	6	14	1	0	12	1	2	2	6	0	3	0	2	2	5	1	0	7	3	2	17	1	3	0	5	5	3	1	6	4	15	7	4	1	16	3	0	7	7	0	0	4	1	0	251	0	1	1	7	0	0	0	0	0	8	0	0	0	5	1	0	0	0	4	1	4	5	0	6	2	0	1	1	0	3	5	13	0	8	0	1	2	0	2	0	11	0	0	0	8	3	5	8	0	1	0	3	18	0	15	5	4	4	5	5	1	4	0	6	7	1	5	3	5	5	1	4	14	5	2	9	4	7	3	8	5	11	4	3	0	2	1	6	17	1	3	6	0	3	1	0	1	6	13	5	2	0	1	4	4	2	0	1	0	13	1	3	4	1	7	1	0	0	9	3	5	2	0	5	2	0	3	4	0	3	1	5	3	4	9	1	3	1	1	10	0	1	5	0	2	0	6	3	0	0	0	1	6	8	0	4	0	0	3	0	20	1	0	0	0	4	1	1	6	0	16	1	0	1	0	1	3	0
A[Del(C):R6]G	0	0	0	0	2	0	0	1	0	5	0	1	0	0	1	1	1	0	3	0	0	0	0	0	1	0	0	0	0	0	0	0	0	0	0	0	0	0	0	0	1	0	4	0	2	0	0	0	3	0	1	0	1	2	0	0	0	0	0	0	0	0	2	1	1	0	0	1	0	1	0	1	0	0	1	0	1	1	0	0	0	0	1	0	0	2	0	0	60	0	1	1	2	0	1	0	0	0	0	0	0	0	3	0	0	0	3	0	4	0	1	0	0	0	0	0	1	0	0	1	0	0	0	2	2	0	0	0	0	0	0	1	0	0	0	1	0	0	0	0	1	0	0	1	0	0	0	0	0	23	1	2	0	0	1	1	0	1	1	1	0	0	0	2	0	1	0	1	0	0	0	0	0	0	0	0	0	0	0	0	1	2	0	0	1	0	1	2	0	0	2	0	1	0	0	0	1	0	0	1	0	1	0	0	1	0	0	0	0	0	22	0	0	0	0	0	0	0	1	0	2	2	2	0	0	1	0	0	1	3	0	0	0	0	0	0	0	6	0	0	0	16	1	0	0	1	0	0	1	0	0	0	1	0	0	0	2	0	0	0	2	0	0	0	0	0	0	1	0	0	0	0	0	1	0	1	2	0	2	0	0	0	0	0	0	0	0	1	1	3	0	0	0	1	0	1	0	0	0	0	0	0	2	0	0	0	1	0	0	0	0	0	0	0	0	1	0	2	0	0	0	0	0	0	0	0	0	1	1	0	0	0	0	1	0	0	0	0	1	0	0	2	0	0	6	2	2	1	0	0	0	1	0	0	0	0	0	0	0	0	0	0	0	0	0	0	0	0	2	0	3	1	1	2	0	1	0	3	0	0	0	1	0	0	1	0	0	4	0	0	2	0	0	0	1	1	1	61	0	0	0	2	0	0	0	0	0	3	0	0	0	1	0	0	0	0	0	0	0	0	0	0	0	0	0	1	1	0	0	2	0	1	0	0	1	0	0	0	2	1	0	0	2	1	0	1	0	1	0	0	4	0	0	0	0	0	0	0	0	0	0	1	3	0	2	0	0	1	0	0	1	1	3	1	1	1	1	1	1	3	1	0	0	0	0	0	1	0	0	0	0	0	0	0	0	1	3	1	0	0	0	0	1	0	0	1	1	1	1	2	1	0	0	0	0	1	0	1	0	3	0	0	0	0	0	0	0	1	0	1	0	1	0	0	0	0	0	1	0	1	0	0	0	1	0	2	0	0	0	0	0	1	0	0	0	0	0	0	3	0	0	0	0	1	0	0	1	0	1	1	0	0	0	0	0	0
A[Del(C):R6]T	1	2	0	0	6	0	1	0	2	7	1	2	0	0	4	1	2	1	2	1	0	0	0	0	2	0	2	4	0	0	0	2	0	0	1	1	1	2	1	4	1	0	4	0	4	0	2	0	3	0	1	0	0	2	2	1	4	2	1	4	0	2	4	3	1	0	1	3	6	1	4	4	2	2	1	5	3	4	2	1	1	2	1	1	4	9	1	1	75	2	0	1	8	0	0	1	0	0	0	0	0	0	1	1	1	0	3	0	9	2	3	1	0	0	3	0	1	0	0	4	0	1	1	2	1	1	3	0	7	1	0	1	3	0	0	0	0	1	0	0	0	0	0	1	1	2	2	0	0	40	0	8	0	0	0	4	0	5	4	2	0	0	0	5	1	3	0	1	1	0	0	2	0	0	0	0	0	1	3	0	6	5	1	2	0	3	2	14	0	0	1	1	0	1	0	0	0	0	0	2	1	1	0	1	0	0	0	1	0	0	38	1	1	4	1	4	0	0	0	0	4	2	0	0	1	1	0	0	0	2	1	3	4	2	4	0	0	12	0	0	3	37	0	0	0	1	0	0	1	0	1	1	4	2	0	0	3	0	0	0	2	1	0	0	0	0	1	3	3	0	0	0	0	0	0	0	1	1	4	1	0	0	1	0	1	3	5	1	1	3	3	0	0	4	3	4	1	1	0	2	0	0	4	0	0	0	4	0	2	3	0	0	5	0	0	1	0	4	4	0	1	0	0	2	0	2	0	3	2	1	0	0	3	6	6	1	4	0	0	2	0	3	0	0	7	1	3	3	3	1	0	10	3	0	1	0	0	2	0	2	1	0	0	2	1	0	0	1	1	0	6	3	1	8	1	6	0	2	0	1	1	3	3	4	0	5	1	9	1	0	1	2	1	0	2	0	0	134	0	0	1	6	1	0	1	0	0	4	1	0	0	0	1	0	1	0	1	0	1	3	0	3	1	0	1	2	0	1	0	4	0	3	1	1	2	0	2	0	1	2	0	0	7	2	0	5	1	0	0	0	6	3	4	1	4	0	1	4	0	0	0	2	4	0	4	3	2	3	0	3	7	0	2	6	1	2	0	3	2	2	2	0	0	0	0	3	3	0	2	8	0	1	2	0	0	3	7	4	2	0	0	1	1	0	0	4	0	1	0	0	4	1	1	0	0	0	0	0	3	0	0	2	12	0	2	1	0	1	2	1	2	1	0	0	2	0	1	8	1	1	0	0	0	1	2	0	0	0	1	0	3	2	0	1	0	0	2	0	9	0	0	0	0	4	0	1	3	0	3	0	0	0	0	0	3	1
A[Del(C):R7]A	0	0	0	0	0	0	1	1	0	0	1	7	0	0	5	1	0	0	0	1	0	2	0	0	0	0	1	6	0	1	0	0	0	0	0	0	0	1	0	1	0	1	2	1	1	1	1	0	6	0	2	0	0	1	0	0	1	0	1	0	0	1	1	0	4	3	0	1	1	0	3	2	2	2	1	2	2	1	0	0	1	0	0	0	0	7	0	1	215	0	0	2	6	0	1	0	0	0	0	4	1	0	1	0	2	1	7	1	10	0	4	1	1	0	0	1	1	0	0	1	1	0	0	4	2	0	1	0	7	0	2	0	3	1	0	0	0	2	0	0	0	0	0	1	0	0	1	1	1	113	0	3	3	0	0	3	0	0	4	5	1	1	0	4	0	0	0	0	1	1	0	4	0	1	1	0	0	0	7	0	3	3	1	0	0	2	0	3	0	1	3	0	1	2	0	0	0	0	0	2	1	2	0	0	1	0	1	1	0	1	89	0	0	2	2	2	1	0	0	1	1	2	1	0	1	2	0	0	2	1	0	0	2	0	1	0	0	8	0	1	0	73	0	1	0	0	1	0	0	0	1	0	2	0	1	0	1	0	0	0	6	0	0	2	0	0	0	5	3	0	0	0	0	0	0	1	0	3	1	0	0	1	2	2	1	4	1	1	4	11	3	0	0	3	0	9	2	0	0	0	0	0	2	4	1	1	6	0	0	2	1	0	0	1	0	1	2	3	2	0	1	3	0	2	0	0	1	3	0	3	0	1	2	5	0	1	1	0	0	0	0	2	0	0	6	3	0	1	0	0	0	3	0	3	1	0	0	7	1	1	1	2	0	1	0	0	1	2	3	0	0	1	1	5	0	1	0	5	2	0	0	2	1	0	2	3	1	1	2	0	5	4	0	0	4	0	1	291	0	1	1	1	0	0	0	1	0	1	0	0	0	1	1	0	0	0	0	0	0	2	0	2	1	0	0	3	0	1	1	3	0	2	1	1	0	0	0	0	2	0	0	0	3	3	1	1	1	2	0	0	4	2	2	0	0	2	2	2	0	0	0	1	0	0	0	1	2	1	0	1	5	2	1	3	3	3	1	1	0	3	4	0	0	1	0	1	7	0	3	1	1	0	0	0	0	1	4	2	0	0	0	0	2	0	0	2	0	2	2	1	4	1	1	1	4	0	3	0	5	1	0	1	3	0	0	2	0	3	0	3	0	1	0	1	1	0	0	2	1	1	0	0	1	1	1	4	0	0	1	0	3	2	1	0	0	0	1	0	8	0	0	0	0	2	0	0	2	0	6	0	1	0	0	0	1	0
A[Del(C):R7]G	1	0	0	0	0	0	0	0	0	0	0	0	0	0	0	0	0	0	0	0	0	0	0	0	1	0	0	0	0	0	0	0	0	0	0	0	0	0	0	0	1	0	0	0	0	1	0	0	0	0	0	0	0	0	0	0	0	0	0	1	0	0	0	1	1	2	0	1	0	0	0	1	0	0	0	0	0	1	1	0	0	0	0	0	1	0	0	0	49	0	0	0	0	0	0	0	0	0	0	0	0	0	0	0	0	0	1	0	2	0	0	0	0	0	0	0	0	0	0	0	0	0	0	2	0	0	0	0	0	1	1	0	0	0	0	0	0	0	0	0	0	0	0	0	0	0	0	1	0	27	0	0	0	0	0	0	0	0	1	1	0	0	0	1	0	0	0	1	0	0	0	0	0	0	0	0	0	0	1	0	0	0	0	0	0	0	0	0	0	0	0	0	1	0	0	1	0	0	0	0	0	0	0	0	0	0	1	0	0	1	23	0	0	1	0	0	0	0	0	0	0	0	0	0	1	0	0	0	0	0	0	1	1	0	1	0	0	1	0	0	0	21	0	0	0	1	0	0	0	0	0	0	0	0	0	0	0	0	0	0	2	0	0	0	0	0	0	0	0	0	1	0	0	0	0	0	0	0	2	0	0	0	0	0	0	0	0	0	2	1	0	0	0	2	2	0	0	0	0	0	0	0	0	0	0	1	0	0	1	1	0	0	0	0	0	0	1	1	0	0	0	0	0	0	0	0	1	0	1	0	0	0	3	3	1	0	0	0	0	0	0	0	0	0	0	0	0	0	0	2	0	0	0	0	0	0	0	0	0	0	0	0	0	0	0	0	1	0	0	0	0	0	0	0	0	0	0	0	0	0	0	0	1	0	0	0	0	0	0	0	0	0	0	0	0	0	1	44	0	0	0	0	0	0	0	0	0	1	0	0	1	0	0	0	0	0	0	0	0	1	0	0	0	0	0	0	0	0	0	0	0	0	0	0	0	0	0	0	0	0	0	0	0	0	1	0	0	0	0	0	1	0	1	1	1	0	0	0	0	0	0	0	1	0	0	1	0	0	0	0	0	0	0	1	1	0	0	0	0	0	0	0	0	0	0	1	1	0	1	1	0	0	0	0	1	0	1	0	0	0	0	0	1	0	0	0	0	0	1	0	0	0	0	0	1	0	1	0	0	0	0	0	0	0	0	0	0	1	0	1	0	1	0	0	0	0	0	0	1	0	0	0	0	1	1	0	0	0	0	0	0	1	0	0	0	0	1	0	2	0	0	0	0	0	0	0	0	0	0	0	0	0	0	0	0	0
A[Del(C):R7]T	0	0	0	0	0	0	1	0	0	0	0	0	0	0	1	1	0	0	1	0	0	0	0	0	0	1	0	0	0	0	0	0	0	0	0	0	0	0	0	0	1	1	1	0	1	0	1	0	1	1	0	1	1	1	0	0	1	1	1	2	0	1	0	1	0	0	0	0	0	0	0	0	2	0	1	1	0	1	0	0	0	1	0	0	0	0	0	0	23	0	0	0	2	0	0	0	0	0	0	0	0	0	2	0	0	0	1	0	0	0	0	0	0	0	1	0	0	0	0	0	0	0	0	1	1	0	0	0	1	0	0	0	0	0	2	0	0	0	0	0	0	0	0	0	0	0	1	0	0	15	0	1	0	0	0	2	0	0	1	0	1	1	0	0	0	0	0	1	0	0	1	0	0	0	0	0	0	1	2	0	1	1	0	0	0	0	1	3	0	0	1	0	0	0	0	0	0	0	0	0	0	0	0	0	1	0	0	1	0	0	20	0	1	1	0	2	0	0	0	0	1	1	0	0	1	1	0	0	0	0	0	0	0	0	0	0	0	0	0	0	0	19	0	0	0	0	0	0	1	0	0	0	2	0	0	0	1	0	0	0	1	0	0	0	0	0	0	2	1	0	0	0	0	0	0	1	0	1	0	0	0	0	0	0	1	0	2	0	0	2	0	0	0	1	0	0	0	0	0	1	0	0	0	1	0	0	2	0	0	1	0	0	1	0	1	0	1	0	1	0	0	0	1	0	1	0	0	0	0	0	0	1	0	1	1	0	1	0	0	0	1	1	0	0	1	1	4	0	0	0	0	0	0	3	0	1	0	0	0	0	1	0	0	0	0	0	1	0	1	0	0	0	1	0	0	0	0	0	0	1	0	1	1	0	0	1	0	0	0	0	1	1	0	0	2	0	0	50	0	1	0	0	0	0	0	0	0	0	0	0	0	1	0	1	0	0	0	0	1	0	0	0	0	0	0	1	0	0	0	1	0	0	0	0	0	0	0	0	0	0	0	0	3	0	0	1	0	1	0	0	2	1	1	0	0	1	2	1	0	1	0	0	2	0	0	0	1	0	0	0	0	0	1	1	0	0	0	0	0	3	2	0	0	0	0	3	3	0	0	0	0	0	0	0	0	0	1	0	1	0	0	0	1	1	0	0	0	0	0	0	0	1	2	0	1	0	0	0	1	0	0	0	1	0	1	0	0	0	0	0	0	0	1	0	1	0	0	1	0	1	0	0	0	0	0	0	0	0	0	1	2	1	0	0	0	0	0	0	1	0	0	0	0	0	0	0	1	0	1	0	0	0	0	0	1	0
A[Del(C):R8]A	0	0	0	0	0	0	0	0	0	1	0	0	0	0	0	0	0	1	0	0	0	0	0	0	0	0	0	1	0	0	0	0	0	0	0	0	0	0	0	0	0	0	2	0	0	0	0	1	0	0	0	0	0	0	0	0	0	0	0	1	1	0	1	0	0	2	0	0	0	0	0	1	1	0	0	3	0	1	0	0	1	0	0	0	0	2	0	1	168	0	0	1	1	0	0	0	0	0	0	3	2	0	0	0	1	0	1	0	2	0	1	1	0	0	1	0	0	1	0	2	0	0	1	0	1	0	0	0	2	0	0	0	3	1	0	0	0	3	2	0	0	0	0	0	0	0	1	0	0	93	0	0	0	0	0	1	1	3	3	1	1	0	0	1	0	1	1	0	1	0	0	0	3	0	1	0	0	2	2	0	1	1	0	2	1	4	0	1	1	0	1	2	0	1	0	0	0	0	0	0	0	0	1	0	1	0	0	0	0	0	87	0	3	0	0	2	0	0	0	0	0	1	1	0	0	0	0	0	0	1	1	0	0	2	0	0	1	3	0	0	0	48	0	0	1	1	0	0	0	0	0	0	0	0	0	0	1	0	0	1	3	0	0	0	1	1	0	0	0	0	1	0	1	1	0	0	2	1	2	1	0	0	2	1	1	2	2	2	1	2	0	0	0	1	1	3	0	1	0	0	0	0	1	0	1	0	0	0	2	0	2	0	1	1	0	0	0	1	1	0	0	0	0	0	1	0	0	0	0	0	0	0	0	3	1	0	3	0	0	1	0	0	0	3	3	1	0	0	0	1	0	1	0	2	0	0	0	0	1	2	0	0	0	0	0	0	0	2	1	2	2	0	0	0	3	1	0	0	1	0	0	0	2	3	2	3	0	1	2	0	0	2	1	0	2	0	1	226	0	0	0	0	0	0	0	0	2	5	0	1	0	0	0	0	0	0	0	0	0	1	0	1	4	3	0	2	0	1	0	2	0	1	0	1	0	0	0	0	0	0	0	0	2	0	4	0	1	0	1	1	3	2	1	1	1	0	1	0	1	0	0	1	0	0	0	0	1	0	0	0	0	0	1	3	0	0	0	0	1	1	0	1	0	0	0	2	1	1	1	1	0	0	0	0	0	0	2	2	1	1	0	0	1	1	1	1	0	0	0	0	0	1	1	0	2	0	0	0	4	1	0	1	2	1	0	0	0	0	0	2	0	1	0	0	0	0	0	2	1	1	0	0	0	0	0	1	0	0	1	0	1	1	1	3	0	1	1	0	3	1	0	0	0	4	0	1	0	0	2	2	0	0	0	0	0	0
A[Del(C):R8]G	0	0	0	0	0	0	0	0	0	0	0	0	0	0	1	0	0	0	0	0	0	0	0	0	0	0	0	0	0	0	0	0	0	0	0	0	0	0	0	0	0	0	0	0	0	0	0	0	1	0	0	0	0	0	0	0	0	0	0	0	0	0	0	0	0	0	0	0	0	0	0	0	0	0	0	0	0	0	0	0	0	0	0	0	0	0	0	0	17	0	0	0	0	0	0	0	0	0	0	0	0	0	0	0	0	0	0	0	0	0	0	0	0	0	0	0	0	0	0	0	0	0	0	0	0	0	0	0	0	0	0	0	0	0	0	0	0	0	0	0	0	0	0	0	0	0	0	0	0	14	0	0	1	0	0	0	0	1	0	0	0	0	0	0	0	0	0	0	0	1	1	1	0	0	0	0	0	0	0	0	0	0	0	0	0	0	0	1	0	0	0	0	0	0	0	0	0	1	0	0	0	0	0	0	0	0	0	0	0	0	15	0	0	0	0	0	0	0	0	0	0	0	0	0	0	0	0	0	0	0	0	0	0	0	0	0	0	0	0	1	0	8	0	0	0	0	0	0	0	0	0	0	0	0	0	0	0	0	0	0	0	0	0	0	0	0	0	0	0	0	0	0	0	0	0	0	0	0	1	0	0	0	1	0	0	0	0	0	0	1	0	0	0	0	0	0	0	1	0	0	0	0	0	0	0	0	0	0	0	0	0	0	0	0	0	0	0	0	0	0	1	0	0	0	0	0	1	0	0	0	0	0	0	0	0	0	0	0	0	0	0	0	0	0	0	0	0	0	0	0	0	0	0	0	1	0	0	0	0	0	1	0	0	1	0	0	0	0	0	0	0	0	0	0	1	0	0	0	0	0	0	0	0	0	0	0	0	0	0	0	0	0	0	0	0	0	0	18	0	0	0	0	0	0	0	0	0	0	0	0	0	0	0	0	0	0	0	0	0	0	0	0	0	0	0	1	0	0	0	0	0	0	0	0	0	0	0	0	0	0	0	0	0	1	0	0	0	0	0	0	0	0	0	0	0	0	0	0	0	0	0	0	0	0	0	0	0	0	0	1	0	0	0	0	0	1	0	0	0	0	0	0	0	0	0	0	0	0	0	0	1	0	0	0	0	0	0	0	0	0	0	1	0	0	0	0	0	0	0	0	0	0	0	0	0	0	0	0	0	0	0	0	0	0	0	0	0	0	0	1	0	0	0	0	1	0	0	0	0	0	0	0	0	0	0	0	0	0	1	0	0	0	0	0	0	0	1	0	1	0	0	0	0	0	0	0	0	0	0	0	0	0	0	0	0	0
A[Del(C):R8]T	0	0	0	0	0	0	0	0	0	0	0	0	0	0	0	0	0	0	0	0	0	0	0	0	0	0	0	0	0	0	0	0	0	0	0	0	0	0	0	0	0	0	0	0	0	0	0	0	0	0	1	0	0	0	1	1	0	0	0	0	0	0	0	0	0	0	0	0	0	0	0	0	0	0	0	0	0	0	0	0	0	0	1	0	0	0	0	0	33	0	1	0	0	0	0	0	0	0	0	0	0	0	0	0	0	1	0	0	0	0	0	0	0	0	0	1	0	1	0	1	0	0	0	0	0	0	0	0	0	0	0	0	0	0	0	1	0	0	0	0	0	0	0	0	0	0	1	0	0	18	0	0	0	0	0	0	1	2	0	1	0	0	1	0	0	0	0	0	0	0	0	0	0	0	0	0	0	1	1	0	0	0	0	0	0	0	0	0	0	0	0	0	0	1	0	0	1	0	0	1	0	0	1	0	1	0	0	1	0	0	7	0	0	0	0	0	0	0	0	0	0	0	0	0	0	0	0	0	0	0	0	0	0	0	0	0	0	1	0	0	0	12	0	0	0	0	0	0	0	0	0	0	0	0	0	0	0	0	0	0	1	0	0	0	0	0	0	0	0	0	0	0	0	0	0	0	1	0	0	0	0	0	1	1	0	0	1	0	0	0	0	0	0	0	0	0	0	0	0	0	0	0	1	0	1	0	0	0	0	0	0	0	0	0	1	0	0	0	0	0	0	0	0	0	0	0	0	1	0	0	0	0	0	0	0	1	0	0	0	0	0	2	1	0	0	0	0	0	0	0	0	0	0	0	0	0	0	2	0	0	0	1	0	0	0	1	0	1	0	0	1	0	1	2	0	0	0	0	0	0	0	0	0	1	0	0	0	0	0	0	0	1	0	0	0	0	1	35	0	0	0	1	0	0	0	1	0	1	0	0	0	1	0	1	0	0	1	0	2	0	0	0	0	2	0	0	0	0	0	0	2	0	0	0	0	0	0	0	0	0	0	0	1	1	0	0	0	1	0	0	0	1	0	0	0	0	0	0	0	0	0	0	0	0	0	0	0	0	0	0	0	0	0	0	0	1	0	0	0	1	0	0	0	0	0	0	1	0	1	0	0	0	0	0	0	1	1	0	0	0	0	0	0	0	0	0	0	0	0	0	0	0	0	0	0	0	0	0	0	1	0	0	1	0	0	0	0	0	0	0	1	0	0	0	1	0	0	1	0	0	0	1	0	0	2	1	0	0	0	0	1	0	0	0	0	0	0	0	0	0	0	0	0	1	0	0	0	0	1	0	0	0	0	0	0	0
A[Del(C):R(9,)]A	0	0	0	0	0	0	0	0	0	0	0	0	0	0	0	0	0	0	0	0	0	0	0	0	0	0	0	0	0	0	0	0	0	0	0	0	0	0	0	0	0	0	0	0	0	0	0	0	0	0	0	0	0	0	0	0	0	0	0	0	0	0	0	0	0	0	0	0	0	0	0	0	0	0	0	0	0	0	0	0	0	0	0	0	0	0	0	0	0	0	0	0	0	0	0	0	0	0	0	0	0	0	0	0	0	0	0	0	0	0	0	0	0	0	0	0	0	0	0	0	0	0	0	0	0	0	0	0	0	0	0	0	0	0	0	0	0	0	0	0	0	0	0	0	0	0	0	0	0	0	0	0	0	0	0	0	0	0	0	0	0	0	0	0	0	0	0	0	0	0	0	0	0	0	0	0	0	0	0	0	0	0	0	0	0	0	0	0	0	0	0	0	0	0	0	0	0	0	0	0	0	0	0	0	0	0	0	0	0	0	0	0	0	0	0	0	0	0	0	0	0	0	0	0	0	0	0	0	0	0	0	0	0	0	0	0	0	0	0	0	0	0	0	0	0	0	0	0	0	0	0	0	0	0	0	0	0	0	0	0	0	0	0	0	0	0	0	0	0	0	0	0	0	0	0	0	0	0	0	0	0	0	0	0	0	0	0	0	0	0	0	0	0	0	0	0	0	0	0	0	0	0	0	0	0	0	0	0	0	0	0	0	0	0	0	0	0	0	0	0	0	0	0	0	0	0	0	0	0	0	0	0	0	0	0	0	0	0	0	0	0	0	0	0	0	0	0	0	0	0	0	0	0	0	0	0	0	0	0	0	0	0	0	0	0	0	0	0	0	0	0	0	0	0	0	0	0	0	0	0	0	0	0	0	0	0	0	0	0	0	0	0	0	0	0	0	0	0	0	0	0	0	0	0	0	0	0	0	0	0	0	0	0	0	0	0	0	0	0	0	0	0	0	0	0	0	0	0	0	0	0	0	0	0	0	0	0	0	0	0	0	0	0	0	0	0	0	0	0	0	0	0	0	0	0	0	0	0	0	0	0	0	0	0	0	0	0	0	0	0	0	0	0	0	0	0	0	0	0	0	0	0	0	0	0	0	0	0	0	0	0	0	0	0	0	0	0	0	0	0	0	0	0	0	0	0	0	0	0	0	0	0	0	0	0	0	0	0	0	0	0	0	0	0	0	0	0	0	0	0	0	0	0	0	0	0	0	0	0	0	0	0	0	0	0	0	0	0	0	0	0	0	0	0	0	0	0	0	0	0	0	0	0	0	0	0	0	0	0	0	0	0	0	0	0	0
A[Del(C):R(9,)]G	0	0	0	0	0	0	0	0	0	0	0	0	0	0	0	0	0	0	0	0	0	0	0	0	0	0	0	0	0	0	0	0	0	0	0	0	0	0	0	0	0	0	0	0	0	0	0	0	0	0	0	0	0	0	0	0	0	0	0	0	0	0	0	0	0	0	0	0	0	0	0	0	0	0	0	0	0	0	0	0	0	0	0	0	0	0	0	0	0	0	0	0	0	0	0	0	0	0	0	0	0	0	0	0	0	0	0	0	0	0	0	0	0	0	0	0	0	0	0	0	0	0	0	0	0	0	0	0	0	0	0	0	0	0	0	0	0	0	0	0	0	0	0	0	0	0	0	0	0	0	0	0	0	0	0	0	0	0	0	0	0	0	0	0	0	0	0	0	0	0	0	0	0	0	0	0	0	0	0	0	0	0	0	0	0	0	0	0	0	0	0	0	0	0	0	0	0	0	0	0	0	0	0	0	0	0	0	0	0	0	0	0	0	0	0	0	0	0	0	0	0	0	0	0	0	0	0	0	0	0	0	0	0	0	0	0	0	0	0	0	0	0	0	0	0	0	0	0	0	0	0	0	0	0	0	0	0	0	0	0	0	0	0	0	0	0	0	0	0	0	0	0	0	0	0	0	0	0	0	0	0	0	0	0	0	0	0	0	0	0	0	0	0	0	0	0	0	0	0	0	0	0	0	0	0	0	0	0	0	0	0	0	0	0	0	0	0	0	0	0	0	0	0	0	0	0	0	0	0	0	0	0	0	0	0	0	0	0	0	0	0	0	0	0	0	0	0	0	0	0	0	0	0	0	0	0	0	0	0	0	0	0	0	0	0	0	0	0	0	0	0	0	0	0	0	0	0	0	0	0	0	0	0	0	0	0	0	0	0	0	0	0	0	0	0	0	0	0	0	0	0	0	0	0	0	0	0	0	0	0	0	0	0	0	0	0	0	0	0	0	0	0	0	0	0	0	0	0	0	0	0	0	0	0	0	0	0	0	0	0	0	0	0	0	0	0	0	0	0	0	0	0	0	0	0	0	0	0	0	0	0	0	0	0	0	0	0	0	0	0	0	0	0	0	0	0	0	0	0	0	0	0	0	0	0	0	0	0	0	0	0	0	0	0	0	0	0	0	0	0	0	0	0	0	0	0	0	0	0	0	0	0	0	0	0	0	0	0	0	0	0	0	0	0	0	0	0	0	0	0	0	0	0	0	0	0	0	0	0	0	0	0	0	0	0	0	0	0	0	0	0	0	0	0	0	0	0	0	0	0	0	0	0	0	0	0	0	0	0	0	0	0	0	0	0	0
A[Del(C):R(9,)]T	0	0	0	0	0	0	0	0	0	0	0	0	0	0	0	0	0	0	0	0	0	0	0	0	0	0	0	0	0	0	0	0	0	0	0	0	0	0	0	0	0	0	0	0	0	0	0	0	0	0	0	0	0	0	0	0	0	0	0	0	0	0	0	0	0	0	0	0	0	0	0	0	0	0	0	0	0	0	0	0	0	0	0	0	0	0	0	0	0	0	0	0	0	0	0	0	0	0	0	0	0	0	0	0	0	0	0	0	0	0	0	0	0	0	0	0	0	0	0	0	0	0	0	0	0	0	0	0	0	0	0	0	0	0	0	0	0	0	0	0	0	0	0	0	0	0	0	0	0	0	0	0	0	0	0	0	0	0	0	0	0	0	0	0	0	0	0	0	0	0	0	0	0	0	0	0	0	0	0	0	0	0	0	0	0	0	0	0	0	0	0	0	0	0	0	0	0	0	0	0	0	0	0	0	0	0	0	0	0	0	0	0	0	0	0	0	0	0	0	0	0	0	0	0	0	0	0	0	0	0	0	0	0	0	0	0	0	0	0	0	0	0	0	0	0	0	0	0	0	0	0	0	0	0	0	0	0	0	0	0	0	0	0	0	0	0	0	0	0	0	0	0	0	0	0	0	0	0	0	0	0	0	0	0	0	0	0	0	0	0	0	0	0	0	0	0	0	0	0	0	0	0	0	0	0	0	0	0	0	0	0	0	0	0	0	0	0	0	0	0	0	0	0	0	0	0	0	0	0	0	0	0	0	0	0	0	0	0	0	0	0	0	0	0	0	0	0	0	0	0	0	0	0	0	0	0	0	0	0	0	0	0	0	0	0	0	0	0	0	0	0	0	0	0	0	0	0	0	0	0	0	0	0	0	0	0	0	0	0	0	0	0	0	0	0	0	0	0	0	0	0	0	0	0	0	0	0	0	0	0	0	0	0	0	0	0	0	0	0	0	0	0	0	0	0	0	0	0	0	0	0	0	0	0	0	0	0	0	0	0	0	0	0	0	0	0	0	0	0	0	0	0	0	0	0	0	0	0	0	0	0	0	0	0	0	0	0	0	0	0	0	0	0	0	0	0	0	0	0	0	0	0	0	0	0	0	0	0	0	0	0	0	0	0	0	0	0	0	0	0	0	0	0	0	0	0	0	0	0	0	0	0	0	0	0	0	0	0	0	0	0	0	0	0	0	0	0	0	0	0	0	0	0	0	0	0	0	0	0	0	0	0	0	0	0	0	0	0	0	0	0	0	0	0	0	0	0	0	0	0	0	0	0	0	0	0	0	0	0	0	0	0	0	0	0	0
G[Del(C):R1]A	22	24	2	2	61	1	3	1	25	46	5	38	0	0	82	25	12	0	38	16	0	3	0	0	22	3	14	111	0	5	2	38	2	1	20	1	2	4	15	30	13	19	26	3	49	40	9	2	18	12	14	17	11	25	14	16	17	10	21	27	5	13	23	15	28	15	1	11	30	20	17	29	20	7	12	33	22	20	14	3	9	15	15	16	7	60	25	38	4	14	9	23	74	2	18	29	1	1	11	14	3	0	69	20	9	20	68	0	107	14	33	2	0	0	13	1	15	5	26	34	3	0	20	40	34	14	28	0	55	26	4	2	22	5	11	9	2	6	0	3	1	2	0	23	11	8	6	7	0	3	5	81	5	1	12	37	1	36	28	13	4	3	3	50	4	11	3	17	1	1	6	40	1	11	3	1	3	10	60	1	22	40	7	2	8	38	25	133	2	0	18	28	16	3	2	6	0	5	0	15	0	25	1	8	13	3	22	13	0	25	2	5	5	29	3	42	8	2	16	0	30	16	1	7	16	35	1	3	20	48	4	6	23	4	22	15	4	106	1	2	9	1	9	0	0	27	1	0	20	8	15	13	31	33	3	2	29	2	3	4	82	5	0	2	0	1	24	17	17	2	2	0	13	7	2	13	38	25	69	1	1	13	2	3	33	35	40	50	22	114	27	1	1	82	24	58	1	4	12	15	2	11	33	34	2	9	34	3	0	7	0	2	43	2	0	6	49	62	51	1	6	52	0	11	7	4	8	51	35	10	0	3	64	43	62	7	45	1	0	5	3	30	12	26	183	34	55	26	28	4	0	71	4	23	44	0	3	30	1	6	2	20	9	18	1	2	18	24	19	1	19	39	25	108	8	21	0	37	14	20	16	34	11	22	28	21	9	87	7	1	29	18	9	2	32	2	3	109	2	0	9	41	6	2	0	1	5	39	12	2	2	25	0	1	1	0	12	1	16	15	1	10	4	3	2	22	1	18	32	69	1	17	4	15	31	3	5	1	20	21	1	1	41	45	15	44	3	19	13	2	67	15	30	27	19	54	22	29	9	8	0	32	30	1	30	11	17	22	3	32	43	15	18	38	55	46	57	34	23	59	55	2	4	11	4	53	54	1	22	41	8	12	3	2	3	38	43	56	9	3	1	6	23	13	1	24	8	36	11	12	37	27	61	4	2	10	20	13	23	22	1	13	69	1	8	32	1	55	1	21	16	49	59	1	5	1	6	36	10	15	26	4	8	5	39	20	0	2	10	4	38	16	1	27	1	8	20	3	105	1	0	0	0	20	12	0	35	1	55	19	7	1	2	14	11	2
G[Del(C):R1]G	6	7	0	0	12	0	0	3	9	13	3	9	0	0	12	6	2	0	12	4	0	1	0	0	6	1	4	18	0	0	0	6	0	0	7	1	0	5	7	2	5	10	7	3	8	3	1	0	7	5	2	2	2	6	3	6	11	9	6	5	2	4	9	6	2	4	0	6	5	9	4	5	7	10	1	7	9	12	4	1	0	4	5	5	1	15	5	9	22	4	1	13	21	0	2	4	0	1	0	2	3	0	17	3	5	4	12	0	22	6	5	2	0	1	5	1	6	1	7	11	1	0	10	7	4	3	5	0	15	7	4	0	9	5	3	2	0	4	0	0	0	0	1	2	1	1	1	0	0	6	0	19	2	0	3	2	0	8	8	8	0	1	0	9	5	4	1	9	0	0	1	8	0	1	0	1	2	5	9	0	12	9	6	0	5	10	6	29	0	0	6	5	1	1	0	0	0	1	0	3	0	2	0	0	6	1	10	2	0	5	10	2	1	9	1	11	5	0	4	0	8	4	1	0	1	11	0	0	7	12	2	3	5	0	5	3	0	25	0	0	2	2	0	0	1	7	1	0	4	1	8	3	6	9	2	0	6	0	0	5	24	0	1	0	0	0	2	8	4	0	1	0	3	2	1	2	9	7	18	1	0	3	0	0	6	13	10	8	3	22	5	0	1	14	4	20	1	0	2	4	1	3	7	7	0	4	12	0	0	3	0	2	9	0	1	1	4	16	11	0	0	7	0	2	1	1	3	13	9	3	0	1	18	16	12	1	10	0	0	2	0	2	2	2	41	4	12	4	6	0	0	9	1	8	6	0	0	3	0	3	1	5	1	7	1	0	13	6	6	0	11	14	8	28	0	8	0	6	6	6	2	5	2	7	13	7	5	19	2	0	6	8	4	0	8	1	4	33	1	1	6	8	0	0	0	0	0	14	2	0	1	3	0	0	0	0	1	0	5	2	3	7	0	3	2	3	0	3	5	20	0	6	2	2	4	2	2	1	10	1	0	0	12	12	5	21	2	4	1	3	14	6	13	5	8	10	7	8	3	1	1	10	9	1	13	6	0	4	0	9	10	2	6	3	7	8	10	7	3	18	5	2	1	1	0	17	13	1	2	12	2	2	1	0	0	4	16	9	3	0	0	2	4	6	0	3	2	12	2	4	6	6	9	0	0	7	13	5	7	6	1	7	14	1	2	7	0	7	0	10	7	5	4	0	1	0	2	17	0	2	6	1	2	2	8	6	0	0	5	0	10	11	0	2	0	2	2	0	35	0	0	0	0	11	5	0	12	0	15	4	2	0	1	0	6	1
G[Del(C):R1]T	12	9	8	3	47	0	9	3	14	35	0	32	2	1	74	13	10	0	32	11	2	5	3	0	17	3	17	70	3	8	2	36	1	1	22	4	0	8	13	20	13	17	30	3	36	24	11	9	14	15	10	16	9	33	8	12	19	15	15	20	5	14	22	29	24	16	0	22	24	26	33	18	22	13	7	29	34	14	13	8	3	14	9	7	8	44	9	13	12	6	6	18	41	2	22	11	2	3	8	11	4	0	48	17	4	16	38	4	84	12	14	3	0	2	11	7	9	8	15	44	2	2	18	29	26	7	17	1	32	17	10	4	19	5	6	4	3	12	3	1	0	2	3	14	3	9	13	4	1	9	13	46	7	0	13	22	0	47	13	22	9	4	1	32	5	11	3	15	7	3	5	26	4	9	2	0	6	13	31	0	14	25	5	5	10	23	8	91	1	2	38	6	14	3	1	4	1	6	0	10	2	20	1	1	11	1	13	20	0	14	4	1	4	26	4	25	8	2	10	1	27	15	6	13	11	21	4	1	22	25	0	11	16	3	21	6	5	79	2	2	9	0	8	1	4	19	3	0	10	6	4	6	19	16	7	3	26	4	2	4	52	2	2	8	3	5	15	17	18	1	4	1	7	6	5	11	23	26	32	1	2	7	4	0	18	25	30	27	25	61	22	3	6	42	11	38	13	0	9	9	4	5	14	28	3	14	24	3	1	7	0	5	25	3	3	13	22	34	28	1	5	27	2	8	10	3	2	37	19	9	5	0	28	27	47	5	21	0	3	9	4	18	5	21	138	26	28	27	15	3	2	55	14	10	25	4	2	26	3	13	7	16	6	10	6	4	11	14	40	2	11	32	26	66	11	21	1	28	25	13	21	16	16	20	27	41	9	53	5	3	12	21	8	5	33	1	10	64	5	6	10	30	2	5	3	3	0	47	3	8	1	29	3	1	2	2	15	2	16	12	6	18	9	5	6	12	0	9	22	50	2	19	7	18	13	5	8	10	30	7	0	0	19	21	18	27	5	18	8	4	66	15	40	14	20	34	17	26	5	6	4	32	13	0	17	6	22	27	2	27	24	21	12	25	68	21	34	24	17	33	28	4	3	15	5	27	37	0	20	26	11	9	5	6	1	17	26	29	13	4	2	17	15	15	5	27	7	35	11	9	23	40	42	1	9	13	19	3	39	20	0	7	31	1	3	14	1	64	0	22	18	28	34	4	9	0	5	30	6	15	22	3	5	4	35	12	0	1	4	6	30	36	3	20	1	8	16	2	63	5	4	1	2	12	6	3	27	1	41	12	5	3	4	1	7	1
G[Del(C):R2]A	31	54	3	4	128	0	20	8	39	82	9	46	0	0	162	36	12	2	77	29	0	15	1	0	55	8	35	153	4	7	0	64	1	0	31	4	1	16	44	62	33	39	51	7	76	49	12	3	59	24	41	41	31	55	23	36	43	48	50	53	7	42	65	44	46	20	1	37	45	42	56	49	33	26	18	90	44	44	25	8	13	39	48	46	14	143	38	54	8	19	17	65	178	1	31	62	4	1	14	20	5	1	101	30	19	45	107	0	211	27	57	13	2	2	42	2	23	4	54	79	4	0	34	45	63	32	40	1	108	48	14	7	47	7	16	22	0	12	2	2	4	2	1	50	17	21	3	20	6	7	10	154	5	3	24	57	1	82	98	48	4	11	5	129	4	41	0	23	2	4	4	72	0	12	5	0	2	27	103	2	46	83	17	1	19	46	41	259	2	2	49	26	24	4	0	3	1	5	0	35	2	35	2	6	26	2	58	24	2	38	7	7	4	33	3	84	13	2	42	1	81	45	16	6	15	45	1	1	71	73	7	9	55	1	55	34	1	238	4	2	15	2	11	0	3	57	0	1	31	4	29	21	58	62	4	1	40	1	1	8	149	5	1	4	0	1	77	31	36	2	3	0	31	11	5	21	63	70	121	1	0	17	9	5	56	76	80	82	58	185	45	6	4	162	35	109	7	1	32	35	0	27	40	54	0	25	106	6	5	3	1	2	61	0	4	11	55	97	79	1	11	52	1	17	18	1	17	66	69	19	2	1	114	88	102	8	78	0	2	6	3	69	14	33	343	63	66	44	41	9	3	123	5	66	105	0	2	76	3	23	1	36	6	38	2	4	33	32	50	2	58	64	47	175	27	65	0	62	36	26	33	76	21	69	66	60	11	152	25	3	56	59	15	3	71	2	13	155	2	3	11	73	6	0	3	3	9	98	8	0	3	26	2	1	1	0	24	3	30	29	2	40	3	3	14	61	4	42	45	104	2	41	10	41	51	0	12	2	83	24	2	0	103	56	38	135	0	45	19	16	159	36	97	46	34	66	57	42	11	22	0	54	75	0	69	26	48	40	1	73	79	33	27	93	60	45	70	72	47	125	92	18	7	15	6	71	126	2	66	99	11	26	16	2	9	43	110	81	20	3	2	6	37	45	0	52	15	104	24	43	73	24	113	5	5	21	53	27	64	33	1	48	91	2	9	50	3	60	1	45	59	72	97	1	14	1	12	123	8	39	45	5	6	5	52	18	0	1	18	6	69	66	6	39	0	10	26	3	217	1	4	4	0	45	15	1	62	2	108	26	11	1	8	14	42	1
G[Del(C):R2]G	4	6	1	0	46	0	4	1	11	22	2	15	0	0	24	4	3	0	12	9	0	0	0	0	7	1	7	44	0	1	0	10	0	0	10	1	0	5	9	8	4	7	9	1	6	14	3	1	9	2	9	6	3	7	3	7	4	7	12	12	4	6	10	7	8	5	2	7	8	5	13	7	7	6	4	16	13	8	5	1	1	10	6	2	3	21	7	9	1	4	3	10	36	0	9	10	1	0	4	1	1	0	21	7	0	6	21	1	35	7	12	5	0	0	2	0	6	1	9	14	1	0	3	11	11	7	10	0	21	13	1	0	7	1	5	6	0	1	2	1	0	0	0	6	3	1	1	3	1	2	1	42	0	0	5	17	0	17	18	14	3	3	1	26	2	3	0	6	0	1	1	15	0	2	1	0	0	7	15	0	15	22	4	2	2	6	7	47	1	0	17	8	6	0	0	0	0	0	0	10	0	10	0	4	5	0	7	9	0	3	0	0	0	5	3	17	2	0	3	0	16	13	4	1	2	11	0	0	10	11	1	2	10	2	7	4	0	57	0	0	0	0	2	0	0	12	0	0	7	0	5	3	11	9	2	0	5	0	0	0	25	1	1	0	1	0	15	5	7	0	0	0	5	3	2	5	16	20	28	0	0	2	0	0	11	15	16	12	7	26	7	0	0	25	12	26	2	0	3	1	1	1	9	7	0	7	16	0	0	0	0	0	16	1	0	2	9	24	15	0	0	10	0	1	4	1	5	7	20	1	0	1	26	19	26	0	15	0	0	0	1	17	7	3	71	11	13	8	9	1	0	22	1	9	14	1	0	8	2	7	0	3	0	10	1	0	4	4	18	1	9	12	9	40	6	12	0	12	9	7	4	17	5	15	19	12	4	33	3	0	11	11	2	0	17	0	2	43	0	0	3	9	4	1	0	0	1	18	3	0	0	3	0	0	1	0	8	0	3	4	0	7	1	0	4	8	0	6	7	19	0	10	4	7	7	0	1	0	17	1	0	0	25	15	11	43	0	10	3	1	43	6	23	10	7	12	16	15	1	3	1	19	11	0	15	3	8	6	0	11	11	11	6	17	8	8	12	8	11	27	20	3	0	4	1	16	20	0	8	21	1	6	3	0	1	9	25	15	2	0	0	1	1	9	0	8	1	20	2	5	8	6	33	5	0	8	11	7	12	3	0	8	20	0	1	11	1	8	0	11	9	9	18	0	5	0	0	22	4	9	8	0	2	0	11	7	0	0	3	1	10	17	1	4	0	1	2	3	49	1	0	0	0	8	5	0	7	0	26	7	2	0	6	5	11	0
G[Del(C):R2]T	21	29	0	3	95	0	14	4	24	58	10	32	1	1	93	27	10	0	36	18	1	9	2	0	32	4	19	117	0	1	2	37	1	1	29	3	1	9	30	32	16	27	45	5	36	38	10	4	44	18	23	27	8	32	11	31	18	16	24	42	10	12	43	27	32	19	1	23	46	33	29	43	19	17	12	62	35	29	19	9	6	19	20	15	10	85	19	30	10	6	12	40	121	3	17	37	0	0	13	9	4	2	64	29	15	28	56	0	117	16	26	6	0	0	31	0	15	3	30	61	1	0	17	33	40	24	29	2	63	24	12	1	25	6	9	6	2	12	0	0	2	0	2	39	8	7	5	11	2	2	4	108	3	1	7	33	1	63	42	40	4	1	2	64	4	13	0	18	0	1	6	44	0	11	3	0	1	17	44	0	37	67	6	3	15	48	32	149	1	2	19	10	14	0	3	4	1	2	3	12	1	20	0	4	16	3	26	16	0	22	3	1	2	19	6	43	11	0	28	2	45	37	5	7	12	44	3	1	35	45	2	6	32	2	20	20	1	169	1	0	10	5	7	2	0	44	0	1	27	8	20	8	41	28	3	2	32	2	1	2	91	4	3	0	4	3	30	23	18	0	2	1	17	4	3	13	37	38	77	0	3	17	3	1	33	41	46	39	29	96	30	0	1	113	20	58	5	0	9	29	1	13	27	32	0	18	51	2	2	2	2	2	38	2	0	12	31	75	54	2	6	30	2	5	11	2	13	54	41	10	1	1	73	64	74	4	41	1	4	4	2	45	15	11	191	41	63	20	22	4	2	82	1	29	78	1	0	49	0	12	1	31	6	29	1	1	23	35	19	2	37	33	29	95	22	37	0	30	22	7	21	30	17	46	43	30	7	96	12	1	29	34	8	5	43	0	15	83	1	3	9	33	4	1	1	3	6	73	4	1	1	23	0	0	0	0	14	0	20	16	3	33	5	3	13	40	0	19	24	80	1	21	2	17	23	2	9	3	41	8	0	1	56	44	25	103	4	17	5	10	106	25	61	33	32	55	34	39	9	10	0	38	33	0	44	19	22	26	0	28	57	24	11	65	49	45	46	38	32	104	67	11	1	12	2	56	58	4	26	62	8	20	7	0	3	43	66	60	19	3	1	9	23	28	0	34	9	40	16	22	36	24	67	2	3	17	24	21	32	28	3	19	67	2	6	29	1	48	1	39	30	42	56	1	14	1	3	61	6	13	38	5	3	5	37	15	0	0	18	6	31	44	2	17	0	9	11	1	116	3	3	2	1	34	6	1	39	1	65	22	5	1	4	7	29	0
G[Del(C):R3]A	28	35	3	0	85	1	17	5	29	62	7	43	0	1	95	20	12	0	47	23	1	3	0	0	39	4	21	136	1	2	1	30	1	1	20	3	2	15	32	25	13	25	41	5	40	45	6	1	39	12	23	28	7	39	6	25	27	26	24	33	7	19	33	20	27	13	1	17	17	25	28	36	33	13	12	62	27	40	13	9	4	28	14	24	11	89	17	34	9	15	12	33	122	3	28	41	1	3	16	18	1	1	78	22	14	37	83	2	146	26	36	9	2	1	27	3	17	4	34	57	0	1	26	36	47	26	35	0	79	44	9	6	39	3	11	7	0	14	1	0	0	1	3	27	10	5	9	11	6	7	2	106	12	2	13	50	2	57	50	35	4	1	3	64	3	24	1	33	0	1	0	57	1	18	1	2	1	19	77	0	33	58	10	2	15	50	41	170	0	2	33	10	23	2	2	2	0	1	0	21	1	33	1	5	14	1	29	19	1	27	7	0	5	15	11	64	8	1	28	0	53	27	10	3	14	41	2	1	43	59	1	5	35	2	27	13	6	150	2	2	11	4	7	1	0	46	1	0	31	2	23	8	37	35	9	0	14	1	1	3	116	2	0	0	0	1	38	22	21	1	4	0	11	9	4	25	32	43	86	0	0	12	4	3	33	48	69	40	31	119	27	1	2	106	26	76	2	0	20	24	0	22	22	28	0	21	83	1	1	4	1	2	46	1	2	8	37	66	69	0	7	35	3	5	14	1	6	39	36	17	0	0	61	64	56	0	54	1	4	6	4	49	12	15	211	47	65	34	26	4	2	101	7	44	62	0	1	63	2	20	2	24	0	23	2	1	14	15	33	2	45	40	30	126	24	54	1	37	32	16	21	47	16	46	51	43	14	96	10	1	37	39	8	1	41	2	7	128	2	5	14	53	6	0	1	1	7	45	8	0	0	9	2	1	0	1	18	1	21	15	1	32	2	1	11	26	0	30	18	85	1	27	4	21	36	2	9	1	39	13	1	3	67	33	26	123	1	29	9	3	117	41	69	47	24	50	36	33	3	15	0	32	55	1	62	21	38	27	0	37	55	22	22	49	31	34	42	36	33	104	71	4	1	19	5	44	61	1	31	51	13	20	11	2	1	31	89	61	22	0	0	6	25	23	1	32	16	67	11	24	50	24	85	0	2	12	36	15	43	31	0	22	60	1	5	41	2	29	4	28	29	51	68	0	12	2	4	83	7	23	33	3	2	7	39	19	1	0	8	0	49	41	1	29	0	7	13	1	175	3	2	2	1	40	6	3	33	0	87	20	10	1	6	6	28	0
G[Del(C):R3]G	7	8	0	0	30	0	4	2	5	19	0	7	0	0	18	4	0	2	8	5	0	3	0	0	10	2	10	28	0	0	0	10	0	0	5	0	0	0	5	4	4	9	15	2	10	11	2	0	10	1	7	3	3	14	4	4	9	6	8	12	2	4	9	6	7	1	0	8	6	2	5	11	5	3	7	15	8	6	1	1	2	4	9	6	2	34	5	6	3	2	4	15	38	1	5	5	0	1	3	2	2	1	15	8	2	2	26	3	38	3	7	3	0	2	8	1	1	3	10	8	1	0	5	15	11	4	4	0	14	6	1	0	12	2	3	3	0	5	0	0	0	0	0	9	3	2	0	2	0	2	0	23	1	1	1	7	1	8	13	8	1	2	0	20	1	4	1	6	1	1	0	8	0	4	0	0	1	2	14	0	10	13	2	0	4	12	5	42	1	0	12	4	5	0	2	0	0	1	1	4	0	4	0	0	7	1	10	6	0	6	0	0	0	3	1	13	3	1	3	0	14	10	4	1	4	10	0	0	13	8	0	1	5	0	7	2	0	39	0	0	2	1	3	0	0	7	0	0	4	0	3	2	12	13	0	0	5	0	0	0	23	2	0	1	0	0	8	7	11	0	1	0	4	0	1	3	12	11	21	0	0	2	0	1	12	18	12	7	9	34	9	0	2	27	5	13	2	0	4	7	0	4	6	10	0	9	21	2	0	0	1	0	8	1	0	3	14	11	16	0	0	9	0	1	3	0	5	10	12	2	0	1	18	12	11	0	12	0	0	0	1	12	5	3	47	11	18	6	6	2	0	20	0	14	11	1	0	16	0	6	0	7	1	9	1	0	9	1	12	2	13	16	10	30	4	6	0	9	8	3	5	8	5	6	8	7	1	25	1	1	7	13	4	0	14	0	3	29	0	2	1	6	0	0	1	0	2	18	5	1	1	0	0	1	1	0	7	0	4	5	0	11	1	1	1	9	0	10	10	12	0	11	0	5	1	0	0	1	5	2	0	1	17	8	12	33	0	7	2	0	29	10	14	4	11	12	8	13	4	1	0	13	10	0	13	5	5	7	0	13	14	6	6	11	3	9	12	5	11	27	9	1	0	4	0	6	17	0	14	20	3	7	3	0	0	6	20	13	2	0	0	2	4	7	0	8	2	17	1	6	15	4	15	0	0	3	7	3	7	4	0	7	14	0	3	6	0	3	0	6	9	9	13	0	2	0	4	13	0	6	6	1	0	0	13	2	0	0	5	0	9	10	2	10	0	1	6	1	38	2	0	0	0	8	1	1	9	0	20	11	0	0	0	1	3	1
G[Del(C):R3]T	13	11	1	0	48	0	13	1	11	33	2	12	1	0	39	7	5	1	14	7	0	4	0	0	11	0	10	53	0	1	1	16	0	1	11	3	0	7	10	10	6	14	29	2	21	7	7	1	26	5	6	8	7	19	4	9	8	10	13	22	2	13	20	12	22	2	0	8	11	13	12	21	8	5	6	22	15	18	4	3	2	10	9	13	4	35	9	12	6	9	7	17	46	0	10	19	1	0	6	7	4	2	23	13	3	8	28	0	76	6	14	4	0	0	6	0	5	0	13	22	1	1	9	11	21	7	15	0	29	8	2	0	9	1	4	3	0	7	0	1	2	1	1	13	4	5	5	4	3	7	2	42	2	0	5	14	0	22	20	18	3	5	1	27	1	11	1	6	0	0	1	16	0	5	0	1	1	5	22	0	17	20	9	1	9	19	8	82	0	1	11	4	5	0	0	2	0	1	0	7	0	12	1	3	8	0	17	8	0	5	5	0	0	9	1	23	1	1	8	1	28	7	1	2	2	16	0	0	6	19	1	1	13	0	13	5	1	75	0	1	6	2	3	0	0	18	1	0	6	6	15	8	10	19	2	0	4	2	0	1	45	3	2	0	0	0	9	8	4	0	2	0	7	3	0	3	13	9	41	1	0	7	1	0	14	20	19	19	14	51	7	0	0	55	15	31	0	0	9	6	0	3	8	13	2	7	18	6	1	2	0	0	20	0	2	1	12	40	15	0	2	11	1	7	6	0	5	15	17	2	0	1	28	25	23	3	16	0	1	1	1	11	5	9	84	22	16	11	16	1	2	31	1	22	28	1	0	24	0	0	1	6	1	11	0	2	12	6	11	0	22	12	5	53	4	19	1	23	9	10	7	12	5	15	12	9	8	39	4	0	14	15	6	0	25	1	4	60	0	2	10	13	3	0	0	0	3	34	3	0	0	4	0	0	0	0	6	0	7	5	0	19	3	1	5	16	2	13	8	40	1	11	3	4	12	2	0	1	12	9	1	0	28	10	6	43	0	10	3	2	49	11	28	20	15	25	13	25	2	3	0	23	15	0	14	9	11	8	1	14	16	9	4	22	13	23	28	17	21	38	23	3	2	5	0	13	33	0	17	22	4	8	1	1	0	15	30	28	3	2	1	5	6	12	1	13	8	19	7	7	15	15	32	0	0	6	12	9	10	17	1	12	30	1	4	8	0	14	0	9	18	13	14	0	5	1	2	27	2	8	8	8	3	1	19	6	0	0	5	0	21	17	2	17	0	8	2	0	71	0	0	2	0	13	6	1	14	0	23	15	1	0	0	9	14	1
G[Del(C):R4]A	3	8	2	0	20	0	6	1	12	21	1	13	0	0	42	8	4	0	17	11	0	5	0	0	15	1	9	36	1	0	0	12	0	0	3	1	0	1	7	10	5	7	16	2	14	13	4	0	15	9	7	7	5	15	4	11	8	10	10	9	2	4	15	14	9	5	0	10	16	7	6	7	10	6	2	21	13	14	2	1	2	7	10	10	4	38	9	15	25	5	9	14	35	1	6	13	0	1	5	6	2	0	16	8	10	6	22	0	54	7	21	2	0	0	6	0	3	2	13	18	2	0	7	15	16	3	12	0	20	12	4	2	17	2	3	4	0	5	1	1	0	0	0	12	4	1	1	6	1	26	1	31	1	1	6	13	1	17	11	16	5	3	0	28	2	4	0	7	0	0	1	15	0	4	0	0	0	13	20	1	9	12	5	2	5	13	8	71	1	1	13	5	6	3	1	1	0	0	0	6	1	13	1	2	5	1	8	2	0	4	29	3	0	7	2	14	0	1	3	0	30	9	7	0	3	13	1	3	8	18	2	4	9	2	6	0	1	49	0	0	5	6	2	1	2	16	1	2	7	2	5	5	11	8	2	0	6	0	4	0	31	1	0	0	1	1	7	7	12	0	3	0	3	1	0	10	14	14	31	0	0	7	1	2	16	11	12	14	9	34	5	0	0	28	12	25	0	0	5	4	0	6	8	8	2	7	24	3	0	2	1	2	10	1	0	5	13	14	15	2	4	10	2	2	5	1	5	10	11	6	0	0	21	28	21	0	9	1	0	2	2	16	0	9	80	15	19	6	10	1	1	23	3	13	14	0	0	21	2	4	0	10	0	6	0	1	9	7	13	1	16	13	6	39	7	14	0	15	11	7	6	12	3	16	15	14	3	25	1	2	8	15	6	0	13	0	9	127	0	3	5	10	1	2	0	0	2	18	2	0	0	6	0	1	3	0	2	0	4	7	1	6	0	1	1	12	0	14	9	25	0	5	0	8	19	0	5	0	10	1	2	0	22	15	5	28	0	5	7	2	38	6	24	15	11	9	11	21	3	8	0	17	21	0	18	8	14	10	0	20	20	5	8	12	11	13	9	13	10	28	25	2	1	5	3	14	29	0	10	24	2	8	3	1	2	13	30	23	3	0	0	1	9	8	1	8	3	18	3	9	14	10	28	0	0	11	11	3	17	8	0	8	21	0	5	11	1	11	0	19	7	8	21	0	4	0	2	25	3	9	10	1	3	0	14	6	0	0	5	1	17	17	2	5	0	4	7	1	68	3	0	1	1	19	4	0	11	1	24	8	2	0	2	4	11	1
G[Del(C):R4]G	3	2	0	0	7	0	0	1	2	7	0	5	0	1	4	2	2	0	3	1	0	0	0	0	0	1	0	8	0	0	0	1	0	0	3	1	0	0	0	2	1	4	6	0	3	2	0	1	5	1	4	2	1	2	0	5	6	3	2	4	0	1	5	0	2	2	0	1	2	1	2	3	2	2	0	3	1	4	1	0	2	2	1	2	2	13	3	4	9	0	1	2	5	0	3	1	0	0	2	3	0	0	1	2	4	4	4	0	21	0	3	0	0	0	3	0	1	1	2	9	0	0	4	1	4	2	3	0	0	2	0	2	1	1	0	0	0	4	0	0	0	0	0	1	0	2	1	2	0	9	0	10	0	0	2	2	0	9	6	4	0	1	1	8	0	3	0	1	2	0	0	3	0	2	1	0	0	1	3	0	3	4	0	0	0	4	0	6	0	0	2	0	6	0	0	0	0	0	0	2	0	4	0	0	0	0	2	2	0	3	14	0	2	1	0	4	0	0	3	0	6	1	1	1	1	5	1	0	2	1	1	0	1	0	1	1	0	9	0	0	1	6	0	0	2	3	0	0	0	3	0	4	0	2	1	0	2	0	0	0	2	1	0	0	0	0	1	1	3	0	0	0	2	0	0	0	3	2	4	0	1	2	0	0	6	5	3	2	3	9	3	0	0	4	1	7	1	0	3	1	0	1	3	0	0	1	3	0	0	0	0	1	5	0	0	0	6	10	1	0	0	2	0	0	0	0	3	1	4	0	0	0	2	5	4	0	3	0	1	0	0	5	0	1	16	4	3	0	1	1	0	4	0	1	1	1	0	3	0	0	0	1	0	3	0	1	1	0	2	0	5	2	0	10	2	2	0	2	1	1	1	1	3	9	5	4	1	9	1	0	1	4	1	1	2	0	0	50	0	0	1	0	0	0	1	1	0	6	1	0	0	1	0	0	0	0	2	0	2	0	0	0	0	0	0	1	0	3	0	9	0	2	0	0	1	0	1	0	3	2	0	0	9	4	4	10	0	4	1	1	15	0	6	2	1	7	4	4	0	2	0	3	1	0	1	2	2	4	0	4	3	0	1	4	1	1	4	2	4	8	5	1	0	0	0	4	11	0	2	7	2	2	0	1	1	2	7	8	1	0	0	0	2	1	1	1	1	5	2	2	8	0	6	1	1	0	2	2	5	3	0	0	6	0	1	3	0	0	0	3	4	4	3	0	1	0	0	3	0	1	2	0	1	0	5	1	0	0	4	0	3	5	2	0	0	0	4	1	11	0	0	0	0	3	1	0	3	0	10	0	0	0	0	1	5	0
G[Del(C):R4]T	4	3	1	0	11	0	4	0	8	15	5	6	0	1	23	4	6	1	8	4	0	0	0	0	7	0	6	25	2	0	0	8	0	0	2	0	0	2	2	3	5	6	14	1	7	16	0	0	10	3	4	5	8	5	3	3	6	3	11	10	3	5	3	7	3	3	0	2	5	6	7	6	10	4	3	9	6	5	2	1	2	8	1	2	0	16	3	5	23	0	1	8	31	0	4	7	0	1	3	3	1	0	12	4	4	6	14	0	31	4	9	0	1	1	5	0	1	0	4	12	1	0	4	6	15	4	11	0	11	11	1	1	4	0	0	2	0	2	0	0	1	1	0	3	2	4	3	4	1	13	4	21	0	0	4	11	0	11	12	5	1	0	1	22	2	3	0	5	0	1	0	10	0	2	1	0	0	4	17	0	7	10	3	1	1	13	10	29	0	0	5	4	3	3	0	1	0	0	0	4	1	4	0	1	2	0	7	4	0	6	14	0	2	3	0	6	1	1	9	0	17	5	3	2	2	3	0	0	7	12	1	0	9	1	3	3	1	28	0	1	5	12	6	0	0	8	0	0	8	5	2	5	8	6	2	1	9	0	0	2	20	1	1	0	1	0	11	3	5	0	0	0	5	1	2	3	7	9	22	0	0	0	1	0	5	12	14	5	7	34	4	0	1	11	4	17	1	1	4	4	1	4	6	4	0	6	11	1	0	1	0	0	11	0	3	1	9	13	13	1	3	11	2	1	2	0	0	6	6	2	1	0	16	3	18	0	4	0	2	0	2	12	1	6	35	15	14	5	6	1	1	10	1	4	16	1	0	9	0	5	1	5	0	6	1	1	1	3	5	0	11	6	7	26	1	6	1	7	4	2	2	12	4	11	7	4	5	18	1	0	6	9	1	2	7	0	8	100	1	0	6	12	0	1	1	2	0	14	3	0	0	3	0	0	3	0	3	0	0	4	0	8	0	2	0	2	1	5	5	19	0	6	2	5	7	0	2	0	11	4	2	0	10	4	8	20	1	6	1	3	14	2	15	7	5	7	10	12	3	0	1	8	14	0	10	5	4	7	1	5	10	4	6	6	8	10	8	6	8	24	15	4	1	2	1	10	11	0	7	7	0	0	2	0	1	8	13	9	3	0	1	4	7	9	1	4	0	7	2	5	13	8	10	1	2	8	8	5	3	5	0	5	14	0	2	7	1	10	0	6	1	8	5	0	4	0	1	11	1	8	1	1	1	1	1	6	0	1	3	1	10	8	0	3	0	1	4	0	45	1	0	0	1	9	3	0	6	0	13	3	2	0	1	1	6	1
G[Del(C):R5]A	3	7	3	2	18	0	4	1	8	25	3	5	0	0	28	7	2	1	7	2	0	1	0	0	4	1	6	33	1	0	1	11	0	0	5	0	0	2	6	8	5	7	17	3	11	6	5	1	18	3	12	7	3	9	4	5	6	9	8	9	2	12	10	6	10	5	0	5	17	4	8	8	9	3	8	8	10	3	9	4	1	4	7	5	5	22	10	8	76	5	3	9	37	0	6	10	1	0	2	8	5	0	21	8	4	9	23	0	45	8	17	0	0	1	3	0	10	1	10	12	0	1	7	5	17	3	10	0	21	10	5	4	10	0	3	3	0	5	0	0	0	1	0	8	1	2	4	8	1	45	1	31	2	0	5	6	1	10	12	9	1	3	1	32	3	6	1	5	2	1	2	16	0	1	2	0	1	1	19	0	8	11	3	0	5	14	7	48	2	0	8	2	3	0	0	0	0	1	0	4	2	11	1	3	12	0	5	8	0	8	52	1	2	10	2	16	2	1	10	0	19	7	2	0	4	12	0	0	12	18	1	3	8	0	6	6	1	42	1	1	4	30	1	1	0	13	1	0	6	0	9	6	7	12	2	0	4	1	0	2	29	1	1	1	0	0	14	2	11	0	1	0	5	3	1	3	13	8	27	1	0	2	1	1	8	18	15	11	5	32	5	1	1	24	3	21	0	1	8	3	0	7	5	10	0	6	20	2	1	0	0	1	10	0	1	1	6	12	6	0	3	11	0	6	4	2	0	12	7	3	0	1	16	20	14	2	17	1	0	0	1	13	3	3	55	17	10	10	10	5	0	19	1	19	19	1	0	20	0	3	3	12	0	6	0	0	6	7	9	0	6	7	5	32	4	15	0	11	4	1	3	11	3	10	13	12	5	26	5	1	12	10	5	2	19	0	8	204	0	1	5	14	3	0	0	0	3	18	2	0	0	7	0	1	0	1	8	0	4	4	1	8	0	1	0	14	0	7	2	24	1	6	3	4	5	0	4	1	7	4	0	0	9	17	5	21	2	7	3	1	42	5	19	5	14	9	8	13	3	6	0	13	12	0	10	11	8	12	0	14	5	3	2	13	12	11	8	12	3	23	20	2	3	2	1	9	20	1	10	21	3	6	2	1	2	8	29	19	2	0	0	1	12	12	1	6	4	24	6	5	16	6	22	0	1	6	7	5	12	7	0	6	18	0	1	7	0	11	0	8	8	7	19	0	1	1	2	19	1	6	8	1	2	2	10	2	0	0	0	3	14	15	1	3	0	5	3	0	53	0	0	1	0	5	4	1	6	0	18	8	0	0	0	1	7	0
G[Del(C):R5]G	3	0	0	0	6	0	1	2	1	6	0	0	1	0	5	0	0	0	3	0	0	0	0	0	0	0	0	7	0	0	0	1	0	0	0	0	0	2	2	3	0	0	5	1	1	2	0	0	3	2	2	1	0	2	1	1	1	3	2	2	0	1	1	1	0	1	0	1	4	1	1	2	0	0	0	2	3	2	1	0	0	0	2	1	3	5	2	3	28	0	0	0	9	0	2	2	0	1	0	1	0	0	2	1	0	1	4	1	6	0	2	0	0	0	1	0	0	0	1	3	1	0	0	1	5	0	2	0	3	2	1	0	2	2	1	0	0	0	0	0	0	0	0	0	0	0	0	1	0	19	0	5	0	0	0	4	0	3	1	2	0	0	0	2	0	0	0	2	0	0	0	2	0	0	0	0	1	0	1	0	0	1	1	0	1	1	1	5	0	0	3	0	2	0	0	0	0	0	0	2	0	2	0	1	1	0	2	2	0	0	16	0	0	0	2	0	0	1	2	0	4	2	0	0	1	4	0	0	3	2	1	1	1	0	1	0	0	0	0	0	1	3	0	0	0	3	0	0	1	0	2	3	2	2	1	0	1	0	0	0	7	0	0	0	0	0	3	4	3	0	1	0	0	2	1	0	0	2	9	0	0	2	0	0	1	1	4	0	1	5	3	0	0	6	0	3	0	0	0	1	0	0	1	2	0	3	1	0	0	0	1	0	4	0	0	0	1	6	2	0	0	3	0	0	1	0	1	1	1	0	0	0	2	3	6	0	5	0	0	0	1	2	0	2	8	5	3	3	1	0	0	5	0	1	2	0	0	4	0	2	0	1	0	0	1	0	1	0	3	0	1	1	2	11	1	3	0	0	0	0	4	3	1	2	3	1	1	3	2	0	1	4	0	0	4	0	0	51	1	0	1	0	0	0	0	0	0	4	1	0	0	0	0	0	0	0	0	0	0	1	0	1	0	0	2	2	0	1	2	2	0	1	0	2	1	0	0	0	3	0	0	0	3	0	1	3	0	0	0	0	7	0	2	1	1	2	5	2	0	1	0	2	3	0	1	2	2	3	0	0	0	2	4	2	3	0	0	2	2	5	2	0	0	0	1	5	4	2	1	5	0	1	0	0	0	0	3	0	0	1	0	1	0	0	0	1	2	2	1	1	0	0	2	2	0	1	0	1	2	1	0	0	4	0	0	1	0	2	0	1	0	1	0	0	1	0	0	4	0	0	2	2	0	0	0	0	0	0	2	0	1	0	0	4	0	2	1	0	6	1	0	0	0	3	2	0	2	0	0	0	0	0	1	2	0	0
G[Del(C):R5]T	4	9	0	0	12	0	2	0	3	7	1	3	0	1	11	3	1	0	5	2	1	0	0	0	1	2	3	11	1	0	0	4	0	0	3	0	0	1	3	0	6	5	2	6	7	4	4	0	9	3	5	4	2	2	1	3	6	5	9	4	1	4	9	2	7	0	1	8	7	3	3	4	7	6	3	6	8	2	3	0	1	2	3	4	1	6	3	6	70	4	2	5	12	0	5	2	0	0	2	2	5	0	9	3	3	4	8	0	21	2	8	2	0	0	4	1	1	1	2	8	0	0	3	6	3	2	5	0	14	3	1	0	3	0	3	2	0	0	1	0	2	1	0	8	5	0	0	2	0	52	2	16	1	1	4	3	1	9	8	3	0	1	1	6	1	3	1	3	0	0	2	7	0	4	0	0	1	3	10	0	5	5	0	0	1	8	2	27	0	0	4	2	1	0	0	0	0	1	0	8	0	3	0	0	4	1	8	4	0	3	52	2	1	3	1	7	4	1	3	0	7	6	1	1	2	8	0	0	4	2	0	5	5	0	8	1	1	21	1	0	2	36	1	0	0	5	0	0	3	0	0	4	8	2	0	0	8	0	0	1	19	1	0	0	0	1	6	2	2	0	1	0	1	0	0	2	1	6	6	0	0	0	1	0	3	7	9	6	3	17	1	0	0	13	2	11	4	0	3	2	0	2	5	2	1	0	12	0	1	1	0	0	9	1	1	0	0	10	8	0	2	6	0	0	3	1	3	9	11	1	0	0	7	9	11	1	9	1	0	2	0	11	2	3	32	3	8	6	5	1	1	11	2	3	6	0	1	11	0	1	0	4	0	3	1	0	1	4	4	0	7	4	7	19	1	4	0	4	2	3	2	5	2	6	5	10	1	11	2	0	5	11	2	2	12	3	2	131	2	0	1	9	0	0	1	0	2	9	0	1	0	4	0	0	1	0	3	0	3	2	1	3	2	0	2	5	2	4	3	9	1	7	0	2	5	0	1	0	8	1	1	1	8	4	6	8	1	4	1	1	20	6	7	4	8	5	4	4	1	6	0	6	4	0	8	2	4	7	1	3	4	4	4	7	3	7	5	7	4	8	5	1	0	4	1	7	14	0	3	11	2	2	0	1	2	5	17	4	4	0	0	0	1	3	0	6	1	11	0	4	6	6	13	1	0	4	3	4	13	0	0	0	12	0	1	5	1	4	0	8	4	5	7	1	0	0	1	11	1	1	2	2	1	0	6	5	0	0	4	0	3	7	1	4	2	1	3	0	26	1	1	0	1	5	2	1	3	0	9	4	0	0	1	1	6	1
G[Del(C):R6]A	1	2	0	0	12	0	2	0	2	9	0	6	0	1	10	1	1	1	6	3	0	1	0	0	5	0	4	14	0	0	0	5	0	0	3	2	0	2	3	1	3	4	7	2	3	5	1	3	6	1	4	6	3	0	3	0	3	4	5	7	0	4	7	7	2	5	0	2	12	4	5	5	5	0	1	12	2	5	0	2	0	3	7	2	2	15	4	4	104	2	1	2	12	0	2	4	0	0	1	1	0	0	4	1	0	4	10	0	21	3	6	1	1	1	5	0	2	1	2	3	0	0	3	1	4	2	2	0	8	2	3	0	3	0	0	0	0	2	0	0	0	0	0	2	0	2	1	0	0	80	0	16	0	0	1	5	0	3	5	7	1	0	1	8	0	5	0	2	0	1	0	10	0	2	2	0	1	1	3	0	5	5	0	1	2	4	1	8	0	1	0	1	0	0	0	1	0	0	0	2	1	2	0	0	1	0	4	2	0	4	63	1	2	4	0	7	1	0	1	0	17	3	2	0	1	6	0	0	4	6	1	1	3	0	3	1	0	15	1	1	0	55	0	0	0	0	0	0	1	0	5	1	5	4	0	0	3	0	0	0	12	0	0	0	0	0	1	4	1	0	0	0	1	3	1	2	4	1	4	0	0	2	1	1	8	9	4	4	7	20	4	2	1	12	2	9	0	1	2	5	0	2	7	2	0	5	7	1	0	1	1	1	6	2	0	1	3	5	4	0	1	5	0	1	1	0	1	2	7	1	0	0	10	7	9	1	2	0	0	0	1	2	1	0	24	4	4	6	3	0	0	6	4	4	6	0	0	10	0	1	0	3	0	2	0	0	1	1	0	0	6	4	2	19	6	5	0	1	3	4	3	5	0	2	4	6	0	14	1	1	5	4	1	0	4	0	2	219	0	0	0	5	0	0	1	1	0	7	1	0	0	3	1	0	0	0	1	1	2	3	1	3	0	0	0	7	0	4	4	6	1	1	1	1	3	0	2	0	5	3	1	1	6	2	3	9	0	3	0	0	24	3	5	4	3	3	7	9	1	1	0	5	4	0	2	2	7	1	0	11	14	3	2	10	3	6	3	8	7	16	5	0	0	2	0	3	8	0	8	7	0	0	1	0	0	6	8	5	1	1	0	0	0	1	0	4	1	7	1	2	4	3	7	0	1	4	3	4	6	0	0	3	11	1	1	5	0	3	1	7	4	1	4	0	0	0	2	7	0	2	3	1	0	1	6	3	0	0	2	0	7	4	1	3	0	0	3	0	15	1	0	1	1	5	0	0	4	0	6	4	2	0	1	1	3	1
G[Del(C):R6]G	1	0	0	0	2	0	0	0	2	3	1	0	0	0	4	2	1	0	1	1	0	0	0	0	0	0	0	5	0	0	0	1	0	0	1	1	0	1	0	0	1	0	2	0	0	0	1	0	0	0	0	0	0	1	0	0	1	0	2	0	1	0	0	2	1	0	0	0	1	0	3	1	1	1	0	2	2	2	0	0	0	0	0	0	0	1	0	1	50	0	1	3	7	0	1	1	0	0	1	0	0	0	0	1	0	0	2	0	11	1	0	0	0	0	0	0	1	1	3	0	0	0	0	1	4	2	0	0	4	1	1	0	0	1	1	0	0	0	0	0	0	0	0	3	1	1	1	1	0	21	0	2	0	0	1	1	0	0	3	0	0	0	1	1	1	0	0	2	0	0	0	2	0	0	0	0	0	1	0	0	3	1	0	1	1	3	1	2	1	1	0	0	2	0	0	0	0	0	0	1	0	2	0	0	3	0	0	0	0	0	27	1	1	1	0	3	0	0	2	0	5	2	0	0	0	2	0	0	1	0	0	0	0	0	1	0	1	2	0	0	1	12	0	0	0	2	0	0	1	0	1	1	1	1	1	0	1	1	1	0	8	0	0	0	0	1	2	0	2	0	0	0	0	0	0	0	3	1	5	1	0	0	0	0	0	1	0	2	0	4	0	0	0	0	0	3	0	0	2	0	0	0	3	1	0	2	2	0	0	1	0	0	0	0	0	0	0	4	1	0	0	0	0	0	2	0	0	0	2	1	0	0	5	2	0	0	0	0	0	0	0	0	0	0	6	4	0	2	1	0	0	1	0	0	2	0	0	0	1	0	1	0	0	1	1	0	0	0	0	0	1	0	2	3	1	1	0	0	0	0	1	1	0	0	2	2	0	3	1	0	2	3	0	0	2	1	0	75	1	0	0	1	0	0	1	0	0	3	0	0	0	0	0	0	0	0	0	0	2	0	0	2	0	0	1	3	0	3	0	1	0	0	0	0	0	0	0	0	1	2	0	0	5	1	0	3	0	0	1	0	2	0	5	0	0	2	1	3	0	1	0	1	0	0	0	0	1	1	0	2	1	1	2	1	0	0	2	0	0	4	2	0	0	1	0	1	0	0	1	3	0	1	0	0	0	0	3	0	0	0	0	1	0	1	0	1	0	0	0	0	2	2	5	1	0	0	1	0	1	0	0	0	2	0	0	0	0	0	0	1	0	0	0	0	1	0	0	3	0	0	0	0	0	0	0	1	0	0	0	0	3	0	0	0	0	0	1	0	5	0	0	0	0	1	0	0	1	0	4	0	0	1	0	0	0	0
G[Del(C):R6]T	4	1	1	1	7	0	1	1	5	2	0	2	0	0	7	2	0	0	3	0	0	1	0	0	1	0	2	7	0	0	0	3	0	0	2	0	0	0	3	1	2	1	4	1	1	1	1	0	3	1	3	0	2	0	0	1	2	0	2	1	0	1	1	0	3	2	1	1	7	1	3	2	2	0	1	1	3	1	0	1	0	0	3	2	1	5	1	0	66	1	0	3	5	0	1	2	1	0	0	0	0	0	1	2	1	0	3	0	10	0	3	0	0	0	1	0	5	1	2	2	0	0	1	2	3	2	4	0	3	1	0	0	0	1	1	0	0	1	0	0	0	0	0	1	0	3	1	0	0	52	0	8	0	0	1	0	0	3	0	2	1	2	0	2	0	0	0	3	1	0	0	2	0	1	0	0	1	3	5	0	5	3	0	0	3	3	0	14	0	0	3	1	1	0	0	0	0	0	1	2	0	2	0	0	0	1	3	0	0	0	44	0	0	1	0	3	1	0	1	0	2	5	0	0	0	0	0	0	1	3	1	1	1	0	2	7	0	10	0	1	1	34	0	0	0	3	0	0	0	1	0	1	1	1	1	0	2	0	0	1	5	2	0	1	0	0	4	3	4	0	0	0	0	0	0	1	0	3	7	0	0	0	0	0	1	5	4	3	1	11	2	0	0	0	1	5	0	0	1	1	0	0	4	3	0	0	3	0	0	0	0	0	2	0	0	0	2	7	3	0	0	4	0	0	1	1	0	2	6	1	0	0	4	5	7	0	2	0	0	1	0	1	0	0	11	3	2	4	0	2	0	2	0	3	0	0	0	1	0	1	0	4	0	4	0	0	0	2	3	0	3	0	3	4	1	2	0	1	2	3	0	2	0	2	2	2	0	4	0	1	3	2	2	0	5	0	0	115	0	1	0	7	0	0	0	0	2	4	1	0	0	3	0	0	0	0	0	0	3	2	0	2	2	0	0	0	0	2	2	4	0	2	0	2	0	0	0	0	0	0	0	0	4	0	0	8	0	1	2	1	18	0	0	1	5	2	0	0	0	0	0	3	6	0	2	2	0	2	0	1	3	2	0	2	6	3	2	1	3	2	3	1	0	2	0	1	2	1	3	8	0	0	0	0	0	0	3	2	0	0	0	0	3	1	0	2	0	4	0	3	5	0	5	0	0	1	0	1	2	2	0	2	3	0	1	1	0	6	0	3	1	4	2	0	1	0	0	4	1	0	3	1	1	0	4	0	0	0	0	0	2	3	0	2	0	1	1	0	5	0	0	0	1	2	0	0	2	0	5	2	0	0	0	0	3	0
G[Del(C):R7]A	0	3	1	0	4	0	0	0	0	0	0	0	0	0	1	0	0	0	1	2	0	0	0	0	0	0	2	1	0	0	0	1	0	0	0	0	0	0	1	0	0	2	3	0	1	0	0	0	1	1	0	0	1	1	0	0	1	2	2	0	0	0	0	1	2	2	0	1	6	2	1	2	2	0	1	1	0	2	0	0	0	0	0	1	0	3	0	0	113	2	1	2	4	0	3	1	0	0	0	0	0	0	0	2	0	1	0	0	2	1	1	0	0	0	1	0	1	0	2	1	0	0	0	2	0	1	2	0	3	1	1	0	2	0	0	1	0	0	0	0	0	0	0	0	0	2	0	0	0	49	0	1	0	1	0	1	0	2	0	1	0	0	0	0	1	3	1	0	1	0	0	3	0	2	0	0	0	2	0	0	1	1	0	0	3	3	1	6	0	0	0	1	0	0	0	0	0	0	0	1	0	2	0	0	2	0	1	0	0	1	55	0	0	3	1	1	0	0	0	0	6	1	0	0	1	2	0	0	0	2	2	0	1	0	0	0	0	3	0	0	0	34	0	0	0	1	0	0	0	0	0	0	1	3	0	0	2	0	0	0	2	0	0	0	0	1	0	3	1	0	0	0	1	0	0	1	1	2	0	0	0	1	0	0	1	1	1	0	2	1	0	0	0	2	1	1	0	0	0	0	0	0	1	1	1	2	1	0	1	0	0	0	1	0	0	0	0	3	2	0	0	1	0	1	1	0	0	2	2	1	0	0	3	0	3	0	1	0	0	0	0	1	1	0	3	0	1	0	1	0	0	1	2	0	0	0	0	2	0	0	0	1	0	1	0	0	1	1	0	0	0	0	1	1	0	1	0	0	0	0	1	2	0	1	0	2	0	2	0	1	0	0	0	0	0	0	1	144	0	0	1	3	0	0	0	1	1	2	1	0	0	1	0	0	0	0	1	0	0	0	0	1	0	1	0	1	0	1	1	0	1	3	0	0	0	0	0	0	2	0	0	1	1	0	1	4	0	0	0	1	6	0	2	1	1	3	2	1	0	1	0	1	3	0	0	0	1	0	0	0	1	1	0	2	2	0	2	2	0	2	2	1	0	2	1	1	1	0	0	1	1	0	0	0	0	0	4	1	0	0	0	0	0	2	0	1	0	2	0	1	1	1	0	1	1	1	0	0	2	0	0	1	3	0	0	0	1	2	0	2	1	2	2	2	0	0	0	2	0	0	1	0	0	0	1	0	0	0	0	0	2	2	0	0	0	1	0	0	3	0	0	0	0	1	0	0	0	0	2	1	0	0	1	0	1	0
G[Del(C):R7]G	0	0	0	0	0	0	0	0	0	0	0	0	0	0	0	1	0	0	0	0	0	0	0	0	0	0	0	1	0	0	0	0	0	0	0	0	0	0	0	0	0	0	0	0	0	2	0	0	0	0	0	0	0	0	0	0	0	0	1	1	0	0	0	0	0	0	0	1	1	0	0	0	1	0	0	0	0	1	0	0	0	0	0	0	0	1	0	0	40	0	0	0	0	0	0	0	0	0	0	0	0	0	0	0	2	1	1	0	1	2	0	0	0	0	0	0	0	0	1	0	0	0	0	1	0	0	0	0	0	0	0	0	0	0	0	1	0	2	0	0	0	0	0	0	0	0	0	0	0	18	0	0	0	0	0	0	0	0	1	2	0	0	0	0	0	0	0	0	0	0	1	1	0	0	0	0	0	0	0	0	0	1	0	0	1	1	1	1	1	0	0	0	0	0	0	0	0	1	0	0	0	0	0	0	0	0	1	0	0	1	18	0	1	0	0	0	0	0	0	0	0	0	0	0	0	0	0	0	0	0	0	1	0	0	0	0	0	2	0	0	0	15	0	0	0	0	0	0	0	0	1	0	0	0	0	0	0	0	0	1	1	0	0	0	0	0	0	0	1	0	0	0	0	0	0	0	2	0	1	0	0	0	0	0	3	0	0	0	0	3	2	0	0	1	1	0	0	0	0	0	0	0	0	0	0	0	0	0	0	0	0	1	0	0	0	0	0	1	0	0	1	0	0	0	0	0	0	0	0	0	0	0	0	1	1	0	0	0	0	0	0	0	0	0	0	0	1	0	0	0	0	1	0	0	0	0	0	1	0	0	0	0	0	0	0	0	0	0	0	0	0	1	0	1	0	0	0	1	0	0	0	0	0	0	0	0	0	1	0	0	0	0	0	0	0	0	0	50	0	0	0	0	0	0	0	0	0	2	0	0	0	0	0	0	0	0	0	0	0	0	0	0	1	0	0	1	0	0	0	0	0	2	0	0	0	0	0	0	0	0	0	0	0	1	0	0	0	1	0	0	1	0	0	0	0	0	0	1	0	0	0	0	0	0	0	0	0	1	0	0	0	1	0	1	0	0	2	0	0	0	0	0	0	0	0	0	0	0	0	1	0	0	0	0	0	0	0	0	1	0	0	0	0	0	0	1	1	0	1	0	0	1	1	0	0	0	0	0	0	1	0	0	2	0	1	0	0	0	0	1	0	0	0	1	0	0	0	0	1	0	0	0	0	0	1	0	0	0	0	0	0	0	0	0	0	1	1	0	0	0	0	0	0	0	0	0	0	0	1	0	0	0	0	0	0	0
G[Del(C):R7]T	0	1	0	0	0	0	0	0	0	2	0	0	0	0	0	0	0	0	0	0	0	0	1	0	0	0	0	0	0	0	0	1	0	0	0	0	0	0	1	0	2	0	1	0	1	0	0	0	1	1	0	1	0	0	0	0	1	1	0	1	0	0	0	0	0	0	0	0	1	0	1	0	0	0	0	1	0	1	0	0	0	1	0	0	0	1	0	1	40	0	0	0	1	0	0	0	0	0	0	0	0	0	2	0	0	0	1	0	2	0	1	0	0	1	0	1	0	0	0	0	0	0	1	1	0	0	0	1	0	0	1	0	0	0	0	0	0	0	0	0	0	0	0	1	0	1	0	0	0	14	0	0	0	0	0	0	0	0	0	1	0	0	0	0	0	1	0	0	0	1	0	0	0	0	0	0	0	0	0	0	0	0	0	0	0	1	0	2	0	0	0	1	0	1	0	1	0	0	0	0	0	0	0	0	0	1	0	1	0	0	15	0	0	0	1	1	0	0	0	0	1	0	2	0	1	0	0	0	1	1	1	0	0	0	0	0	1	4	0	0	0	9	0	0	0	1	0	0	0	0	2	0	0	0	0	0	3	0	0	0	0	0	0	0	0	0	0	0	1	0	0	0	1	0	0	1	0	0	3	0	0	0	0	0	0	1	1	1	0	1	0	0	0	0	2	0	0	0	1	0	1	0	0	0	2	0	4	0	0	2	0	0	1	0	0	1	0	1	0	0	0	1	0	0	1	0	1	1	0	0	1	0	0	2	1	0	0	0	0	1	0	0	0	0	2	0	1	0	1	2	0	2	0	1	1	0	0	0	0	0	0	1	0	0	0	0	1	0	0	0	0	0	0	0	0	1	0	0	1	0	1	0	0	0	0	1	0	0	0	0	0	1	0	0	0	0	1	50	0	0	0	0	0	0	0	0	0	0	0	0	0	0	0	0	0	0	1	0	0	0	0	0	0	0	0	1	0	1	0	2	0	0	0	0	0	0	0	0	1	0	0	0	0	1	3	0	0	0	0	0	2	0	1	1	0	0	1	0	0	0	0	0	0	0	1	0	0	0	0	1	1	0	0	0	0	1	1	0	0	0	0	0	0	0	0	0	1	0	0	0	0	0	0	1	1	1	0	1	1	0	0	0	2	0	0	0	0	1	0	1	1	1	0	0	1	0	1	1	1	0	0	1	1	0	0	1	0	0	0	0	0	0	2	0	0	0	0	0	1	0	1	0	0	0	0	1	0	0	0	0	1	0	0	0	0	0	0	0	2	1	0	0	1	0	0	1	1	0	2	0	0	0	0	0	0	0
G[Del(C):R8]A	1	0	0	0	0	0	1	0	0	0	0	0	0	0	0	0	0	0	0	0	0	1	0	0	1	0	0	0	0	0	0	0	0	0	0	0	0	0	0	0	1	0	0	0	0	0	0	0	0	0	0	0	0	0	1	0	0	0	0	0	1	0	0	0	2	0	0	0	1	0	1	2	1	1	0	0	1	0	1	0	0	0	1	0	0	0	0	0	75	1	0	0	0	0	2	0	0	0	0	0	0	0	0	0	0	1	1	1	1	0	0	0	0	1	0	1	1	1	0	0	1	0	0	1	0	0	0	0	0	0	0	0	0	0	0	0	0	0	0	0	0	0	0	0	0	0	0	0	0	49	0	1	0	0	0	0	0	0	1	0	1	1	0	0	0	0	0	0	2	0	0	0	0	0	0	0	0	1	0	0	1	0	0	0	0	2	0	3	0	0	2	0	0	0	0	1	0	0	1	3	0	0	0	0	0	0	0	1	0	0	38	1	0	0	0	2	0	0	2	0	1	0	2	0	0	0	0	0	0	1	0	0	0	0	1	0	0	0	0	0	0	16	0	0	0	0	0	0	0	0	0	0	1	0	0	0	0	1	0	0	1	1	0	0	0	0	1	0	1	0	0	0	1	0	1	0	0	3	1	1	0	0	2	0	1	0	0	0	0	2	0	1	1	1	1	2	0	1	0	0	0	0	0	1	3	0	0	0	2	1	0	0	0	0	1	0	0	1	0	1	0	1	1	0	0	1	1	1	0	1	0	0	1	2	1	1	0	0	0	0	0	0	0	0	0	0	0	1	0	1	0	0	0	0	1	0	0	1	0	1	1	0	0	0	0	0	1	0	2	0	1	0	0	1	1	0	0	0	1	0	0	0	1	0	2	0	0	0	0	1	0	0	0	0	1	0	2	109	0	1	0	0	0	0	0	2	1	0	0	0	0	0	0	0	0	1	1	0	0	0	0	0	0	2	0	1	0	0	0	0	0	1	0	0	0	0	0	0	0	0	0	1	0	0	1	2	0	1	0	0	3	0	1	0	1	0	0	0	0	0	0	0	1	0	1	0	1	0	0	1	0	0	1	1	1	0	1	1	1	0	1	0	0	0	0	1	0	0	0	0	0	0	0	0	0	1	0	1	1	0	0	1	0	0	0	0	0	0	0	2	0	0	0	1	1	1	0	0	0	0	0	1	2	0	0	1	0	1	0	0	0	0	1	1	0	0	0	0	2	0	0	0	0	0	2	0	0	0	1	0	1	0	0	0	0	0	1	0	2	0	0	0	0	0	0	1	1	0	3	0	0	0	0	0	0	0
G[Del(C):R8]G	0	0	0	0	0	0	0	0	0	0	0	0	0	0	0	0	0	0	0	0	0	0	0	0	0	0	0	0	0	0	0	0	0	0	0	0	0	0	0	0	0	0	0	0	0	0	0	0	0	0	0	0	0	0	0	0	0	0	0	0	0	0	0	0	0	0	0	0	1	0	0	0	0	0	0	0	0	0	0	0	0	0	0	0	0	0	0	0	17	0	0	0	0	0	0	0	0	0	0	0	0	0	0	0	1	0	0	0	0	0	0	0	0	0	0	0	0	0	1	0	0	0	1	0	0	0	0	0	0	0	0	0	0	0	0	0	0	0	0	0	0	0	0	0	0	0	0	0	0	5	0	1	0	0	0	0	0	0	1	1	0	0	0	0	0	0	0	0	0	0	0	1	0	0	0	0	0	0	0	0	0	0	0	0	0	0	0	0	0	0	0	0	0	0	0	0	0	0	0	0	0	0	0	0	0	0	1	0	0	0	10	0	0	0	0	0	0	0	0	0	0	0	0	0	0	0	0	0	0	0	0	0	1	0	0	0	0	0	0	0	0	8	0	0	0	0	0	0	0	0	0	0	1	0	0	0	0	0	0	1	2	0	0	0	0	0	0	0	0	0	0	0	0	0	0	0	0	0	0	0	0	0	0	0	0	0	0	0	0	1	0	0	0	0	0	1	0	0	0	0	0	0	0	0	0	0	0	0	0	0	0	0	0	0	0	0	0	0	0	0	0	0	0	0	0	0	1	0	0	0	0	0	0	0	0	0	1	0	0	0	0	0	0	0	0	0	0	0	0	0	0	0	0	0	0	0	0	0	0	0	0	0	0	1	0	0	0	0	0	0	0	0	0	0	0	1	0	0	0	0	0	0	0	0	0	1	1	0	0	0	0	0	0	0	0	1	0	26	0	0	1	0	0	0	0	0	0	0	0	0	0	0	0	0	0	0	0	0	0	1	0	0	0	0	0	0	0	0	0	0	0	0	0	1	0	0	0	0	0	0	0	0	0	0	0	0	0	1	0	0	0	0	0	0	0	0	0	0	0	0	0	0	0	0	0	0	1	0	0	0	0	0	0	0	0	0	0	0	0	0	0	0	0	0	0	0	0	0	0	0	0	0	0	0	0	0	0	0	0	0	0	0	0	0	0	0	0	0	1	0	0	0	0	0	0	0	0	0	1	0	0	0	0	0	0	0	0	0	0	0	0	0	0	0	0	0	0	0	0	0	0	0	0	0	0	0	0	0	1	0	2	0	0	0	0	0	0	0	0	0	0	0	0	0	0	0	0	0	0	0	0	0	0	0	0	0
G[Del(C):R8]T	0	0	0	0	0	0	0	0	0	0	0	0	0	0	1	0	0	0	0	0	0	0	0	0	0	0	0	0	0	0	0	0	0	0	0	0	0	0	0	0	0	0	0	0	0	0	0	0	0	0	0	0	0	0	0	0	0	0	0	0	0	0	1	0	0	0	0	0	0	0	0	0	0	0	0	0	0	0	0	0	0	0	0	1	0	0	0	0	25	0	0	0	0	0	0	0	1	0	0	0	0	0	2	0	0	0	0	0	1	0	0	0	0	0	0	0	1	0	0	0	0	0	0	0	0	0	0	0	0	0	0	0	0	0	0	0	0	0	0	0	0	0	0	1	0	0	0	0	0	19	0	0	0	0	0	1	0	0	0	0	1	0	0	0	0	0	0	0	1	0	0	0	0	0	0	0	0	0	1	0	0	0	0	0	0	0	0	2	0	0	0	1	0	0	0	0	0	0	0	0	0	0	0	0	0	0	0	0	0	0	10	0	0	1	0	0	0	0	0	0	0	0	0	0	1	0	0	0	0	0	0	0	0	0	2	0	0	1	0	1	1	9	0	0	0	0	0	0	0	0	0	0	0	1	0	0	0	2	0	0	0	0	0	0	0	0	0	0	0	0	0	0	0	0	0	0	0	0	0	0	0	0	0	0	0	0	0	0	0	0	0	0	0	0	0	1	0	0	0	0	0	0	1	0	0	0	0	0	0	1	0	0	0	0	0	0	0	0	0	0	0	1	0	0	0	0	0	0	0	0	0	0	1	0	0	0	0	0	0	0	0	0	0	0	0	0	0	0	0	0	0	0	0	0	0	0	0	0	0	0	2	0	0	0	0	0	0	0	0	0	0	0	0	0	0	0	0	0	0	0	0	0	0	0	0	0	0	0	0	0	0	0	1	0	0	0	0	37	0	0	0	0	0	0	0	0	0	1	1	0	0	0	0	0	0	0	0	0	0	0	0	0	0	0	0	0	0	0	0	0	0	0	0	0	1	0	0	0	0	0	0	1	0	0	0	1	0	0	0	0	1	0	0	0	0	0	1	0	1	0	0	0	0	0	2	0	2	0	0	0	1	0	0	0	0	0	0	0	0	0	0	0	0	0	0	1	0	1	0	0	0	0	0	0	0	0	0	0	0	0	0	0	0	0	0	0	0	0	0	0	0	0	1	0	0	0	0	1	0	1	0	0	2	0	0	0	0	0	0	0	0	0	0	0	0	0	0	1	0	0	0	0	1	0	1	0	0	0	1	0	0	1	0	1	0	0	0	0	0	0	0	0	0	0	0	0	0	0	0	0	0	0	0	0	0	0
G[Del(C):R(9,)]A	0	0	0	0	0	0	0	0	0	0	0	0	0	0	0	0	0	0	0	0	0	0	0	0	0	0	0	0	0	0	0	0	0	0	0	0	0	0	0	0	0	0	0	0	0	0	0	0	0	0	0	0	0	0	0	0	0	0	0	0	0	0	0	0	0	0	0	0	0	0	0	0	0	0	0	0	0	0	0	0	0	0	0	0	0	0	0	0	0	0	0	0	0	0	0	0	0	0	0	0	0	0	0	0	0	0	0	0	0	0	0	0	0	0	0	0	0	0	0	0	0	0	0	0	0	0	0	0	0	0	0	0	0	0	0	0	0	0	0	0	0	0	0	0	0	0	0	0	0	0	0	0	0	0	0	0	0	0	0	0	0	0	0	0	0	0	0	0	0	0	0	0	0	0	0	0	0	0	0	0	0	0	0	0	0	0	0	0	0	0	0	0	0	0	0	0	0	0	0	0	0	0	0	0	0	0	0	0	0	0	0	0	0	0	0	0	0	0	0	0	0	0	0	0	0	0	0	0	0	0	0	0	0	0	0	0	0	0	0	0	0	0	0	0	0	0	0	0	0	0	0	0	0	0	0	0	0	0	0	0	0	0	0	0	0	0	0	0	0	0	0	0	0	0	0	0	0	0	0	0	0	0	0	0	0	0	0	0	0	0	0	0	0	0	0	0	0	0	0	0	0	0	0	0	0	0	0	0	0	0	0	0	0	0	0	0	0	0	0	0	0	0	0	0	0	0	0	0	0	0	0	0	0	0	0	0	0	0	0	0	0	0	0	0	0	0	0	0	0	0	0	0	0	0	0	0	0	0	0	0	0	0	0	0	0	0	0	0	0	0	0	0	0	0	0	0	0	0	0	0	0	0	0	0	0	0	0	0	0	0	0	0	0	0	0	0	0	0	0	0	0	0	0	0	0	0	0	0	0	0	0	0	0	0	0	0	0	0	0	0	0	0	0	0	0	0	0	0	0	0	0	0	0	0	0	0	0	0	0	0	0	0	0	0	0	0	0	0	0	0	0	0	0	0	0	0	0	0	0	0	0	0	0	0	0	0	0	0	0	0	0	0	0	0	0	0	0	0	0	0	0	0	0	0	0	0	0	0	0	0	0	0	0	0	0	0	0	0	0	0	0	0	0	0	0	0	0	0	0	0	0	0	0	0	0	0	0	0	0	0	0	0	0	0	0	0	0	0	0	0	0	0	0	0	0	0	0	0	0	0	0	0	0	0	0	0	0	0	0	0	0	0	0	0	0	0	0	0	0	0	0	0	0	0	0	0	0	0	0	0	0	0	0	0	0	0
G[Del(C):R(9,)]G	0	0	0	0	0	0	0	0	0	0	0	0	0	0	0	0	0	0	0	0	0	0	0	0	0	0	0	0	0	0	0	0	0	0	0	0	0	0	0	0	0	0	0	0	0	0	0	0	0	0	0	0	0	0	0	0	0	0	0	0	0	0	0	0	0	0	0	0	0	0	0	0	0	0	0	0	0	0	0	0	0	0	0	0	0	0	0	0	0	0	0	0	0	0	0	0	0	0	0	0	0	0	0	0	0	0	0	0	0	0	0	0	0	0	0	0	0	0	0	0	0	0	0	0	0	0	0	0	0	0	0	0	0	0	0	0	0	0	0	0	0	0	0	0	0	0	0	0	0	0	0	0	0	0	0	0	0	0	0	0	0	0	0	0	0	0	0	0	0	0	0	0	0	0	0	0	0	0	0	0	0	0	0	0	0	0	0	0	0	0	0	0	0	0	0	0	0	0	0	0	0	0	0	0	0	0	0	0	0	0	0	0	0	0	0	0	0	0	0	0	0	0	0	0	0	0	0	0	0	0	0	0	0	0	0	0	0	0	0	0	0	0	0	0	0	0	0	0	0	0	0	0	0	0	0	0	0	0	0	0	0	0	0	0	0	0	0	0	0	0	0	0	0	0	0	0	0	0	0	0	0	0	0	0	0	0	0	0	0	0	0	0	0	0	0	0	0	0	0	0	0	0	0	0	0	0	0	0	0	0	0	0	0	0	0	0	0	0	0	0	0	0	0	0	0	0	0	0	0	0	0	0	0	0	0	0	0	0	0	0	0	0	0	0	0	0	0	0	0	0	0	0	0	0	0	0	0	0	0	0	0	0	0	0	0	0	0	0	0	0	0	0	0	0	0	0	0	0	0	0	0	0	0	0	0	0	0	0	0	0	0	0	0	0	0	0	0	0	0	0	0	0	0	0	0	0	0	0	0	0	0	0	0	0	0	0	0	0	0	0	0	0	0	0	0	0	0	0	0	0	0	0	0	0	0	0	0	0	0	0	0	0	0	0	0	0	0	0	0	0	0	0	0	0	0	0	0	0	0	0	0	0	0	0	0	0	0	0	0	0	0	0	0	0	0	0	0	0	0	0	0	0	0	0	0	0	0	0	0	0	0	0	0	0	0	0	0	0	0	0	0	0	0	0	0	0	0	0	0	0	0	0	0	0	0	0	0	0	0	0	0	0	0	0	0	0	0	0	0	0	0	0	0	0	0	0	0	0	0	0	0	0	0	0	0	0	0	0	0	0	0	0	0	0	0	0	0	0	0	0	0	0	0	0	0	0	0	0	0	0	0	0	0	0	0	0
G[Del(C):R(9,)]T	0	0	0	0	0	0	0	0	0	0	0	0	0	0	0	0	0	0	0	0	0	0	0	0	0	0	0	0	0	0	0	0	0	0	0	0	0	0	0	0	0	0	0	0	0	0	0	0	0	0	0	0	0	0	0	0	0	0	0	0	0	0	0	0	0	0	0	0	0	0	0	0	0	0	0	0	0	0	0	0	0	0	0	0	0	0	0	0	0	0	0	0	0	0	0	0	0	0	0	0	0	0	0	0	0	0	0	0	0	0	0	0	0	0	0	0	0	0	0	0	0	0	0	0	0	0	0	0	0	0	0	0	0	0	0	0	0	0	0	0	0	0	0	0	0	0	0	0	0	0	0	0	0	0	0	0	0	0	0	0	0	0	0	0	0	0	0	0	0	0	0	0	0	0	0	0	0	0	0	0	0	0	0	0	0	0	0	0	0	0	0	0	0	0	0	0	0	0	0	0	0	0	0	0	0	0	0	0	0	0	0	0	0	0	0	0	0	0	0	0	0	0	0	0	0	0	0	0	0	0	0	0	0	0	0	0	0	0	0	0	0	0	0	0	0	0	0	0	0	0	0	0	0	0	0	0	0	0	0	0	0	0	0	0	0	0	0	0	0	0	0	0	0	0	0	0	0	0	0	0	0	0	0	0	0	0	0	0	0	0	0	0	0	0	0	0	0	0	0	0	0	0	0	0	0	0	0	0	0	0	0	0	0	0	0	0	0	0	0	0	0	0	0	0	0	0	0	0	0	0	0	0	0	0	0	0	0	0	0	0	0	0	0	0	0	0	0	0	0	0	0	0	0	0	0	0	0	0	0	0	0	0	0	0	0	0	0	0	0	0	0	0	0	0	0	0	0	0	0	0	0	0	0	0	0	0	0	0	0	0	0	0	0	0	0	0	0	0	0	0	0	0	0	0	0	0	0	0	0	0	0	0	0	0	0	0	0	0	0	0	0	0	0	0	0	0	0	0	0	0	0	0	0	0	0	0	0	0	0	0	0	0	0	0	0	0	0	0	0	0	0	0	0	0	0	0	0	0	0	0	0	0	0	0	0	0	0	0	0	0	0	0	0	0	0	0	0	0	0	0	0	0	0	0	0	0	0	0	0	0	0	0	0	0	0	0	0	0	0	0	0	0	0	0	0	0	0	0	0	0	0	0	0	0	0	0	0	0	0	0	0	0	0	0	0	0	0	0	0	0	0	0	0	0	0	0	0	0	0	0	0	0	0	0	0	0	0	0	0	0	0	0	0	0	0	0	0	0	0	0	0	0	0	0	0	0	0	0	0	0	0	0	0	0	0	0
T[Del(C):R1]A	23	47	3	7	62	0	16	4	36	50	6	30	0	1	148	18	17	2	32	20	1	7	0	1	32	17	31	138	2	2	9	41	0	2	19	6	3	8	12	28	16	22	62	7	40	49	16	5	30	6	27	25	13	24	18	25	24	10	19	37	14	18	37	19	36	7	2	30	26	19	18	36	20	17	9	43	28	35	23	12	8	36	16	26	10	64	25	48	17	17	15	54	108	2	36	40	10	4	21	14	6	1	75	25	5	19	89	5	143	19	34	11	0	4	23	3	10	3	42	61	7	2	21	42	28	20	30	2	68	26	11	7	64	14	7	16	0	16	15	4	8	1	3	31	11	22	11	14	7	23	6	84	5	4	17	44	5	64	42	18	5	9	1	53	8	20	3	30	4	9	9	47	7	16	1	1	6	17	52	0	24	38	16	6	13	27	13	166	6	2	30	18	34	11	3	7	2	10	3	30	5	37	1	9	26	4	18	17	0	20	90	9	14	14	8	37	16	1	13	2	78	27	12	7	16	38	7	2	28	50	14	10	20	5	31	30	4	100	2	3	18	15	6	1	10	41	1	4	11	9	16	19	61	49	6	4	26	7	4	13	100	8	4	1	6	1	37	12	29	3	8	0	15	18	3	28	36	35	56	1	0	12	12	5	37	32	55	61	19	113	21	2	4	93	18	64	7	9	11	19	6	14	24	37	2	18	39	7	6	3	5	3	34	6	1	7	42	68	55	3	5	52	3	14	9	2	9	54	58	22	1	4	59	47	83	4	51	1	4	10	14	30	17	15	208	28	59	29	40	30	2	74	5	31	39	1	5	55	5	14	3	18	6	13	4	2	16	24	29	4	50	39	32	123	26	41	0	36	31	28	11	51	23	44	54	21	7	78	26	6	36	27	11	6	33	3	24	136	2	1	10	34	10	3	8	5	9	64	12	4	7	24	5	1	3	0	15	4	21	19	5	32	14	11	12	25	5	16	24	74	4	20	2	17	24	0	14	3	32	18	4	5	48	38	30	45	2	16	9	6	93	24	54	30	34	87	28	31	11	19	0	39	37	2	55	32	26	33	1	43	55	7	24	30	26	60	52	33	19	82	76	7	3	18	7	61	69	7	26	46	7	17	12	1	12	50	40	59	12	3	0	11	25	19	11	25	12	59	12	24	42	36	66	3	7	25	40	23	21	21	1	20	87	1	11	38	3	27	4	22	25	42	56	3	9	3	9	84	15	24	33	4	9	5	47	28	4	3	13	8	72	67	9	30	2	13	20	5	162	6	0	7	6	33	10	2	34	3	73	28	5	4	6	12	13	2
T[Del(C):R1]G	5	6	0	2	21	0	2	0	6	4	3	6	0	0	10	2	6	1	1	1	0	0	2	0	6	1	2	12	0	3	3	3	0	0	3	0	3	1	3	5	5	4	8	4	7	4	0	3	5	6	9	7	6	6	3	6	8	5	2	5	0	6	4	3	3	5	0	3	3	3	10	11	3	4	2	9	6	17	4	0	1	6	6	3	2	11	2	2	8	5	1	15	15	0	2	5	1	2	2	2	0	0	9	3	1	5	9	0	14	4	5	1	0	0	1	1	3	2	4	8	1	0	1	3	11	4	8	0	11	7	5	1	12	1	3	1	0	1	0	1	1	1	1	2	2	1	3	2	2	2	2	12	1	1	3	4	0	9	12	7	0	3	0	13	1	3	1	3	1	3	4	6	0	2	0	0	1	5	8	0	3	8	1	0	6	13	0	26	0	0	6	1	2	4	0	0	0	3	2	4	0	5	0	0	0	0	10	5	0	3	3	1	2	4	0	7	1	0	5	1	7	5	6	0	5	7	0	0	9	4	1	2	6	0	3	4	2	16	0	2	1	2	3	0	0	10	1	1	0	3	2	5	6	6	2	1	2	0	1	1	15	2	0	1	0	0	9	5	7	0	0	0	3	2	1	2	2	4	21	0	0	0	1	0	4	7	13	5	7	12	5	1	0	9	1	12	1	0	2	2	0	1	11	5	0	3	13	0	0	1	0	0	11	0	1	1	4	11	2	1	1	4	0	1	2	0	3	7	6	2	1	1	11	9	9	0	8	2	2	0	1	7	1	0	22	11	1	6	4	1	2	10	0	3	10	0	0	8	0	4	1	6	2	4	0	2	2	1	6	0	14	8	3	17	3	7	1	3	2	1	6	8	1	8	8	5	6	10	2	2	3	5	1	0	4	0	1	32	0	1	8	5	0	1	0	0	3	14	1	0	0	10	1	0	1	0	5	0	5	0	0	5	0	1	1	9	1	6	4	11	0	6	0	5	4	0	2	2	4	2	0	0	6	5	4	12	0	7	3	0	10	8	16	4	4	8	8	10	3	2	0	7	8	0	9	6	3	7	0	7	7	6	4	3	8	7	3	10	5	14	11	0	0	2	1	3	13	0	5	9	1	1	1	0	0	4	13	10	2	0	0	1	4	4	0	9	1	3	3	4	8	4	12	0	2	3	3	3	6	4	1	4	7	0	1	6	0	8	0	8	8	4	7	1	1	0	3	5	2	2	5	1	1	1	9	6	0	1	3	2	7	11	0	5	0	0	3	1	25	0	0	0	0	5	0	0	5	0	11	1	2	0	1	1	1	1
T[Del(C):R1]T	37	35	6	9	76	0	10	3	28	57	6	48	3	0	135	30	20	7	52	25	1	17	2	0	19	12	36	123	5	11	7	65	1	2	25	8	2	16	26	17	12	30	87	7	76	39	12	16	27	20	30	38	13	48	30	21	31	19	40	39	18	19	50	39	37	18	2	36	37	34	29	33	29	17	15	52	32	25	18	13	14	29	11	17	14	75	25	33	97	13	10	42	122	5	31	35	9	7	20	14	8	2	92	34	9	36	100	3	182	24	43	6	0	7	34	18	30	8	24	91	7	3	30	52	33	18	48	4	87	29	10	6	41	14	16	18	0	18	5	5	6	4	10	39	7	19	25	19	14	52	18	96	16	3	19	57	4	93	31	40	22	9	4	62	12	19	2	21	11	8	19	62	15	10	7	6	9	23	49	0	32	64	12	12	22	43	34	179	7	3	107	31	37	7	3	9	2	14	1	23	3	44	6	6	17	2	27	28	0	25	115	17	13	10	14	59	22	5	23	4	54	32	7	18	28	39	6	3	39	45	10	12	29	11	31	39	15	145	1	4	16	22	12	1	6	40	2	6	22	13	14	21	65	43	9	2	33	4	2	7	122	12	5	4	12	8	30	29	24	11	14	2	14	9	7	32	52	72	76	3	4	19	10	11	28	40	59	56	34	123	41	3	12	97	29	95	23	12	17	26	7	10	32	29	2	23	39	4	10	14	4	14	48	6	8	13	55	82	85	5	5	47	1	12	29	8	24	84	51	20	1	3	73	69	92	8	45	3	8	12	19	54	10	27	242	32	80	40	27	22	7	92	15	37	47	4	13	70	4	28	15	28	8	17	8	9	29	42	110	10	32	48	30	166	28	41	0	47	45	23	27	50	25	59	42	73	10	134	23	9	51	24	10	11	37	8	15	223	11	16	16	49	6	3	5	7	12	77	18	14	4	33	4	6	2	5	24	11	34	25	11	26	11	22	9	22	3	33	16	98	4	26	11	23	26	3	23	9	40	22	5	1	56	40	33	48	7	35	7	7	160	16	64	43	32	72	30	51	12	17	7	68	35	1	45	18	46	44	3	52	77	42	30	44	36	63	80	44	47	65	60	6	7	11	18	79	71	7	26	55	19	19	7	5	8	47	51	58	16	7	3	20	18	34	15	19	12	59	14	23	41	58	75	13	14	16	44	22	67	26	4	16	104	6	13	35	4	39	5	47	23	65	81	2	17	2	10	64	15	29	33	6	13	8	63	42	5	5	26	9	51	70	6	35	4	16	24	10	148	17	1	9	2	28	8	10	36	6	88	32	11	1	11	10	24	9
T[Del(C):R2]A	36	55	3	9	130	0	27	9	42	91	10	63	1	0	147	36	17	5	57	38	1	6	0	0	50	6	34	155	1	6	5	82	0	0	34	3	2	29	30	43	28	44	81	6	85	52	13	7	70	19	44	51	19	46	31	28	47	36	50	51	13	32	54	23	51	21	3	37	45	35	57	47	46	18	22	78	46	54	23	12	9	50	26	44	6	126	45	50	23	18	20	59	170	1	28	45	1	4	21	26	9	2	97	35	12	46	140	3	198	32	56	7	2	3	32	1	26	8	54	77	7	3	52	61	65	34	47	2	108	51	20	1	64	8	16	20	0	17	3	1	3	2	7	44	14	13	7	21	8	5	6	152	9	1	25	62	8	81	90	52	5	9	4	107	9	31	3	35	6	2	7	74	1	34	5	1	3	21	78	0	51	67	23	3	19	61	42	292	2	2	55	31	33	3	4	3	1	8	4	38	4	44	4	8	29	2	56	20	4	32	15	4	5	22	10	80	12	1	20	3	120	37	22	1	20	65	1	2	49	67	9	15	51	2	45	23	5	255	1	4	15	5	10	1	2	74	1	2	32	7	26	12	68	73	13	2	35	6	2	8	149	8	3	3	1	1	71	38	31	2	1	0	12	17	7	38	58	65	121	2	1	22	4	2	54	67	88	69	42	184	39	2	3	131	53	110	8	0	24	31	7	20	25	40	2	28	87	5	2	2	0	8	58	1	5	5	53	110	87	0	7	61	3	13	16	3	13	70	62	16	3	5	105	74	125	3	88	1	6	6	7	65	17	12	327	65	87	34	62	14	4	128	4	69	78	4	3	74	3	20	0	40	3	27	7	5	35	32	56	2	71	47	46	194	25	83	1	52	49	23	32	60	24	69	91	73	17	136	30	1	51	50	10	3	82	2	16	176	6	6	18	48	8	2	1	2	10	96	23	1	2	20	2	1	2	2	17	2	21	21	5	49	2	5	7	45	3	36	37	110	2	33	7	27	57	0	5	3	63	24	1	1	87	61	40	126	4	44	15	13	181	48	82	58	43	72	64	53	16	21	2	60	70	1	85	43	43	49	1	63	95	34	34	73	45	67	65	46	63	116	92	15	5	32	4	79	112	2	42	92	11	33	7	6	8	59	123	90	22	1	2	6	23	30	5	38	11	100	22	32	77	36	112	5	6	27	53	34	73	33	1	45	95	1	8	50	6	47	3	57	59	59	91	4	19	3	9	133	7	36	57	11	9	8	51	22	1	3	16	3	83	53	11	36	0	10	40	1	254	4	1	8	2	49	16	3	59	4	111	43	10	2	11	13	42	2
T[Del(C):R2]G	8	0	0	3	16	0	2	0	8	8	2	12	0	0	22	3	2	0	11	8	0	2	0	0	8	0	6	21	1	0	0	10	0	2	3	1	0	2	4	6	4	3	9	2	3	6	2	0	16	4	11	5	0	10	2	3	7	5	5	10	0	8	14	7	6	1	0	7	8	9	3	8	7	4	1	12	6	8	2	2	3	12	7	7	3	23	5	9	7	4	2	14	48	0	4	1	0	0	3	2	1	0	14	4	2	10	19	0	43	4	9	2	0	0	10	1	5	2	9	12	0	0	6	10	13	3	9	0	24	5	6	1	14	1	3	3	1	2	1	0	0	0	0	12	5	4	0	1	0	3	2	32	3	1	2	18	1	14	7	10	1	2	0	27	0	8	0	5	0	1	0	11	0	8	1	0	0	3	13	0	4	13	1	1	3	10	6	42	0	0	13	3	4	1	0	1	0	0	0	9	0	6	0	2	4	0	9	1	0	6	3	2	2	3	1	19	4	0	8	0	11	6	3	2	1	9	1	0	6	7	1	2	7	1	7	3	0	40	0	1	3	1	1	0	0	15	0	0	7	0	8	1	16	10	0	0	8	2	0	1	20	0	0	1	0	1	9	6	5	0	0	0	3	1	0	4	10	12	29	0	0	2	0	0	6	9	16	10	6	37	7	0	0	19	6	21	2	2	3	9	1	4	6	5	1	4	12	0	0	0	0	0	12	0	0	3	3	15	7	0	2	10	2	4	1	0	0	12	16	0	0	0	25	11	18	0	14	0	0	2	1	10	3	4	56	13	18	6	6	1	2	10	0	5	13	0	0	18	0	3	2	4	1	5	3	0	2	2	13	0	10	14	6	36	8	9	0	8	4	3	7	13	2	12	16	2	0	20	2	1	12	7	3	0	10	0	4	29	0	1	3	8	2	0	1	1	2	10	3	0	0	3	0	0	0	0	1	0	8	7	0	7	0	0	1	7	0	10	3	23	0	5	0	2	7	0	5	2	12	1	0	0	12	11	5	37	0	11	3	0	26	9	16	5	4	12	6	14	1	7	0	12	8	0	15	8	8	4	0	7	17	8	6	11	10	11	8	15	4	12	18	0	1	8	0	8	16	3	8	16	3	0	3	1	1	9	22	3	0	0	0	0	3	2	1	4	1	11	1	5	11	5	19	0	0	6	8	2	4	8	0	6	18	0	1	8	0	10	0	11	8	10	10	1	3	0	2	25	1	11	17	2	1	1	8	7	0	0	0	1	11	8	2	2	0	3	4	0	47	1	0	3	1	10	5	0	5	0	12	6	2	0	5	4	6	2
T[Del(C):R2]T	31	32	2	8	93	0	11	8	30	74	11	49	1	4	109	29	19	4	44	21	3	8	1	0	37	8	25	130	1	5	5	42	0	1	27	5	4	20	20	30	18	34	55	6	58	39	9	8	38	21	28	28	20	54	24	31	37	27	39	44	17	23	43	35	34	15	2	25	48	29	31	45	28	14	13	64	41	34	30	12	9	29	19	28	16	86	23	30	23	10	10	64	122	4	22	22	3	5	20	17	7	1	86	36	19	33	94	1	169	18	40	6	3	0	18	5	18	5	44	59	8	3	38	40	51	22	37	5	91	44	5	7	45	15	8	12	0	15	2	2	0	1	5	36	10	22	22	16	4	18	11	116	8	2	11	40	6	56	43	41	14	12	4	73	9	14	4	29	5	4	6	57	4	20	7	3	9	19	71	0	41	64	15	6	20	39	23	209	5	2	53	13	23	3	8	7	1	6	3	24	3	28	1	6	26	6	34	19	1	21	17	5	8	20	12	51	14	1	25	2	59	26	8	15	13	38	4	2	35	53	5	13	26	6	42	25	5	189	3	3	11	6	8	2	1	33	2	1	19	10	22	15	33	39	12	0	35	3	3	11	112	11	3	9	2	4	48	27	28	1	7	0	23	11	6	16	48	47	80	3	1	13	6	3	23	68	57	55	28	141	43	2	6	122	33	80	13	7	13	14	6	20	29	40	5	20	65	6	3	5	3	4	45	6	1	5	34	80	56	1	4	47	2	11	19	3	10	52	68	15	5	2	78	54	81	7	43	4	3	8	9	36	16	25	251	49	70	29	35	8	2	81	13	37	86	3	0	58	2	19	8	24	2	29	8	5	33	34	56	2	50	49	35	126	19	35	0	51	42	24	26	56	24	43	57	52	11	120	19	5	44	33	13	0	45	6	7	163	6	3	15	44	5	7	1	2	6	74	22	6	2	18	0	0	1	3	16	2	23	29	3	35	9	7	8	34	0	27	27	100	5	30	4	26	27	5	4	4	44	20	6	5	66	56	23	111	3	27	9	11	118	29	74	44	38	56	35	51	6	14	2	67	62	1	67	20	29	29	4	41	59	18	28	38	26	50	60	50	45	100	66	11	5	24	10	85	79	0	39	70	11	23	13	2	5	26	64	65	18	2	3	17	25	30	9	32	14	60	20	32	54	40	75	4	6	21	51	25	53	24	4	21	89	4	9	30	4	24	4	42	29	45	71	1	18	1	3	92	8	27	31	6	14	12	42	38	0	2	11	6	59	61	6	30	0	12	19	2	183	9	2	2	2	31	16	3	41	1	85	34	14	0	9	17	22	9
T[Del(C):R3]A	63	89	5	3	203	0	22	15	61	164	14	95	0	2	214	42	22	3	110	50	1	20	0	0	84	6	72	319	3	5	2	121	0	0	49	6	0	44	59	58	39	69	98	14	114	78	21	0	108	35	73	71	34	66	29	62	74	49	59	77	14	45	106	47	69	15	1	75	69	45	71	99	43	36	26	136	96	69	37	17	13	78	45	63	13	218	68	69	11	30	24	103	291	3	43	86	1	2	38	27	15	0	167	50	31	69	191	0	359	37	84	18	1	0	48	2	32	13	74	138	5	2	59	93	97	55	82	1	191	76	23	3	69	9	18	31	0	27	0	1	3	3	3	75	13	25	7	24	3	8	13	281	11	1	38	92	4	145	125	88	1	10	2	143	8	46	0	58	2	2	1	124	0	25	2	1	2	38	141	3	74	137	22	0	30	111	60	446	0	0	75	48	52	1	4	1	1	2	0	42	3	66	0	13	34	5	73	31	1	56	16	0	8	47	9	123	21	3	41	2	130	63	15	3	41	103	1	0	83	118	6	28	73	0	66	53	1	461	1	3	16	5	7	1	1	101	2	0	49	4	48	23	88	91	15	3	29	1	0	5	230	6	1	4	3	1	77	53	47	2	3	0	34	22	10	50	97	92	205	2	1	27	1	6	76	126	150	119	73	339	67	1	0	271	51	147	6	1	52	48	3	39	46	69	0	40	156	12	0	0	2	2	107	1	0	12	79	183	148	2	13	88	1	26	37	1	16	118	111	17	4	1	179	150	150	1	119	0	3	11	7	108	21	34	502	97	147	59	77	12	2	242	5	75	135	1	2	118	0	33	3	53	2	51	4	0	45	57	78	2	92	110	83	318	42	108	1	95	60	36	51	116	29	123	117	93	19	249	29	3	75	76	14	5	129	0	22	260	2	5	24	92	13	4	1	1	16	141	17	2	1	24	0	0	3	0	26	2	34	53	3	75	6	4	13	88	3	72	70	214	1	67	12	39	67	1	18	3	93	45	0	1	158	106	55	327	4	45	18	24	261	73	172	85	70	131	99	78	17	32	0	95	112	0	115	36	92	55	0	91	170	36	48	144	57	106	110	88	100	226	152	26	7	24	10	109	182	0	81	140	16	32	15	2	5	89	191	143	35	1	0	10	58	45	2	59	28	146	39	48	115	41	190	1	2	48	80	48	93	53	1	58	183	3	19	74	4	59	3	97	85	114	150	2	26	1	10	223	14	53	74	6	6	9	80	43	1	1	15	3	122	86	5	61	0	9	42	1	390	2	0	2	1	85	26	2	102	2	201	55	16	0	25	19	55	1
T[Del(C):R3]G	5	9	0	0	31	0	3	2	10	27	5	13	0	1	19	8	0	1	9	6	0	3	0	0	10	0	6	43	1	0	0	10	2	0	8	0	0	1	4	7	6	12	14	1	12	9	1	0	23	6	15	12	2	9	6	6	11	6	7	15	0	3	11	9	9	1	0	8	13	5	8	21	6	4	6	13	12	10	4	2	0	12	5	3	3	34	4	7	9	6	3	9	37	0	2	8	0	0	2	6	1	0	38	10	3	12	23	0	62	5	11	0	0	0	6	0	4	4	15	14	0	0	11	15	19	6	16	0	27	5	2	1	6	0	1	7	0	5	1	0	0	0	1	10	2	3	0	3	1	2	1	39	0	0	4	10	0	15	11	15	0	1	1	24	0	4	0	5	0	0	2	14	0	5	0	0	0	9	22	0	5	28	3	1	3	18	13	56	1	0	16	2	7	2	0	0	1	1	1	2	0	8	0	0	6	0	8	4	0	9	3	0	0	7	1	16	5	0	9	1	20	6	5	0	2	9	0	1	5	16	1	2	6	1	7	5	0	53	0	1	2	2	1	0	0	11	0	0	12	0	8	4	11	8	2	0	5	0	1	2	42	1	0	0	0	1	15	10	5	1	1	0	2	3	1	4	13	21	22	0	0	3	0	2	9	29	22	9	13	43	11	0	0	27	10	24	3	0	5	5	0	4	6	10	0	5	15	1	1	0	0	0	22	0	0	1	10	28	18	1	3	14	0	6	4	0	1	15	16	3	0	1	27	18	18	0	15	0	0	0	0	10	4	2	74	19	13	8	9	0	1	30	1	19	17	0	1	21	0	3	0	13	0	8	3	1	3	3	16	0	16	10	9	33	3	10	0	10	10	5	7	12	2	14	9	8	1	26	2	0	10	9	1	0	17	1	3	26	0	0	1	15	0	0	0	0	0	15	1	0	0	5	0	0	0	0	4	0	7	7	0	14	1	0	1	9	0	12	17	23	1	12	3	4	10	0	2	0	12	3	0	1	14	9	5	54	1	6	1	1	31	7	28	10	11	11	9	11	2	4	0	14	18	0	21	4	11	11	0	7	20	4	6	21	5	13	13	12	5	35	18	2	0	6	1	14	23	0	17	26	3	5	2	0	1	12	22	23	4	0	0	0	4	7	0	12	1	19	5	6	13	9	19	1	0	5	12	5	8	6	0	6	20	0	4	8	0	6	1	8	10	23	17	0	5	0	1	16	3	5	5	0	2	0	8	4	0	0	2	0	15	8	1	7	0	2	5	1	62	0	0	1	0	12	2	2	5	0	21	6	2	0	4	2	5	1
T[Del(C):R3]T	28	37	1	4	85	0	17	10	29	63	9	54	0	0	103	13	11	0	44	19	0	6	2	0	36	1	15	133	1	1	2	50	0	0	31	1	0	16	20	31	20	22	67	4	51	42	12	1	52	11	16	17	16	37	16	19	20	21	24	42	4	16	49	27	43	11	2	26	24	25	31	30	23	24	16	56	48	30	13	9	7	31	18	35	6	93	24	34	14	17	12	54	129	1	25	39	2	2	11	14	3	0	60	21	17	31	69	2	211	21	44	4	1	2	25	3	13	2	41	68	6	0	27	35	54	24	43	1	90	34	12	7	22	5	11	15	0	12	2	0	1	0	1	29	9	10	3	13	1	23	5	116	7	2	16	42	1	65	53	39	0	10	2	89	4	15	3	27	1	3	4	75	0	14	2	0	3	21	70	1	34	51	13	1	10	49	27	234	1	0	29	14	18	3	3	1	1	5	0	24	0	23	0	3	27	0	29	13	1	28	11	1	1	18	9	48	5	0	21	1	55	23	9	3	12	45	0	0	39	37	0	9	31	0	18	14	4	190	0	1	11	6	3	0	1	45	1	0	20	9	22	13	51	47	6	0	20	2	0	2	121	6	0	0	1	1	33	30	19	1	2	0	12	10	6	13	56	36	82	1	1	14	4	1	30	53	54	53	33	138	23	2	3	130	23	83	4	5	12	24	0	16	27	39	2	17	72	5	0	1	0	0	55	1	1	2	42	87	60	0	4	40	2	9	18	0	9	36	55	10	0	1	60	74	75	2	43	0	1	5	3	49	12	10	248	54	69	30	29	3	0	88	4	39	68	1	1	51	1	19	0	25	2	33	4	1	22	20	28	1	47	54	34	117	24	44	0	50	27	17	35	38	12	56	44	50	7	91	9	0	32	37	6	2	76	0	8	150	0	2	8	45	3	1	0	2	7	52	8	1	2	14	1	1	1	0	12	0	24	21	1	31	3	6	5	28	1	20	24	85	1	21	3	20	31	0	2	0	37	16	0	4	76	47	21	147	4	26	8	7	137	29	78	47	26	51	37	48	9	8	0	50	62	0	50	24	32	33	0	37	65	19	13	50	21	46	55	35	27	111	84	7	6	14	2	51	81	1	36	61	9	25	10	0	1	40	73	60	15	1	0	11	23	29	3	21	10	46	9	27	32	24	63	1	1	11	39	19	48	18	0	29	69	0	11	34	1	21	2	36	32	52	61	3	11	0	3	88	5	28	33	2	4	7	47	17	3	0	9	4	43	51	4	23	0	9	13	3	174	2	2	3	0	34	15	2	46	0	79	27	7	0	12	7	15	1
T[Del(C):R4]A	16	25	2	2	54	0	7	6	23	37	2	21	0	0	81	11	7	1	28	19	0	4	0	0	27	2	20	91	0	2	0	33	0	0	20	3	1	14	12	15	11	19	33	2	21	27	9	2	27	6	12	20	6	21	12	22	21	18	15	23	2	15	13	13	20	8	0	23	24	26	22	36	22	20	11	46	28	20	9	1	4	12	18	19	6	63	19	21	44	12	9	44	76	1	11	32	2	1	6	7	1	0	44	21	7	17	50	2	92	19	31	4	0	0	13	1	8	2	18	36	1	0	25	26	29	12	23	1	62	18	7	8	36	6	3	5	0	2	0	1	0	2	2	23	6	10	3	12	3	37	1	74	2	1	12	30	0	36	40	26	3	3	0	65	2	24	0	18	1	5	3	37	2	10	1	1	0	15	38	0	28	25	10	5	8	37	25	109	0	0	16	9	15	1	1	0	1	1	0	17	0	17	0	2	13	0	22	10	0	12	49	2	3	13	7	37	8	2	20	2	44	20	6	3	5	22	1	0	20	31	1	10	27	3	24	11	1	106	1	0	8	16	8	1	1	24	0	2	16	2	12	5	27	29	1	0	16	2	1	2	73	6	0	0	0	0	29	14	16	2	3	0	11	5	3	16	25	33	50	1	0	12	1	3	21	35	52	38	22	90	22	1	0	71	13	64	2	1	11	12	0	11	11	17	2	14	38	3	3	4	0	5	27	0	1	6	28	39	35	0	1	34	1	10	10	2	7	39	33	4	0	2	60	41	51	2	34	0	0	3	4	26	11	9	132	29	38	17	27	7	0	59	1	27	29	0	2	37	1	7	3	19	1	20	3	2	13	16	16	1	27	26	16	76	8	27	1	23	26	10	14	40	11	37	33	24	6	57	15	2	24	25	6	1	42	0	7	215	3	1	8	26	2	1	3	1	9	35	6	1	0	9	0	1	2	0	9	2	8	8	4	22	3	1	8	26	0	15	11	55	0	19	0	8	18	1	8	1	22	12	0	1	43	29	19	83	2	26	2	3	91	16	49	25	22	29	32	27	11	13	0	31	43	0	33	17	23	13	1	19	30	8	17	35	18	39	28	22	21	49	60	6	5	11	2	36	78	1	24	43	2	10	6	1	1	32	58	36	15	0	1	7	16	16	2	14	7	43	12	15	32	14	57	1	6	17	19	20	26	13	2	21	52	0	3	33	0	18	0	38	21	26	38	0	9	0	7	66	5	13	23	5	7	3	24	15	0	0	12	1	33	36	3	21	2	6	8	1	101	4	0	2	1	30	5	0	21	0	41	16	3	1	5	7	13	0
T[Del(C):R4]G	0	3	0	0	9	0	1	0	2	9	1	3	0	0	9	2	2	1	4	1	0	0	0	0	3	0	2	10	0	0	0	3	0	0	0	0	0	2	0	0	4	2	6	0	5	3	1	0	3	1	4	0	3	2	1	2	1	1	0	3	1	1	0	3	3	3	0	4	2	3	2	5	2	1	1	4	5	2	2	0	0	3	1	2	0	3	2	4	25	0	3	8	13	0	0	1	0	0	0	2	0	0	9	2	3	1	4	1	12	3	6	0	0	0	4	1	2	3	4	6	0	0	1	5	3	4	2	0	7	1	2	2	7	2	1	2	0	0	0	0	0	0	0	2	0	3	1	2	0	9	1	5	2	0	1	4	0	8	5	3	1	2	0	0	0	2	0	4	0	0	0	4	0	1	0	0	0	2	7	0	4	2	2	0	0	3	1	15	0	1	1	0	2	1	0	1	0	0	0	2	0	2	0	1	5	0	2	7	0	0	16	0	0	0	0	4	1	0	3	0	9	3	0	0	0	7	0	0	2	3	1	1	4	0	1	0	0	18	0	0	0	7	1	0	0	2	0	0	1	0	3	0	6	2	1	0	1	0	0	0	8	0	0	0	1	0	2	3	5	0	0	0	2	2	0	0	4	2	12	0	0	1	0	1	2	2	6	6	4	13	2	0	0	7	3	5	0	0	0	3	0	1	1	2	0	5	2	0	1	1	0	0	9	0	0	0	2	10	4	0	1	3	2	0	0	0	0	3	5	0	0	0	4	3	12	0	4	0	0	0	0	3	2	1	19	3	6	0	3	0	0	9	0	1	5	0	0	4	0	1	0	3	1	1	0	0	4	1	1	0	4	4	0	14	0	6	0	3	4	0	1	9	1	5	5	3	0	8	0	1	2	3	0	2	7	0	2	38	0	0	0	6	1	0	1	0	1	3	2	1	0	2	0	0	0	0	7	0	1	4	0	1	1	0	0	4	0	2	4	6	0	6	0	1	3	0	0	0	2	2	0	0	5	4	2	14	1	1	1	0	14	3	3	1	1	5	4	3	4	2	0	2	4	0	3	1	1	5	0	1	5	0	2	5	3	5	5	3	2	1	4	0	0	1	0	4	4	0	3	3	0	1	1	0	0	4	10	5	0	0	0	1	2	0	0	3	1	3	2	0	2	3	7	0	1	5	0	1	3	3	0	3	9	0	0	7	0	2	0	5	3	2	9	0	3	0	0	7	0	1	2	0	0	0	3	0	0	0	1	0	5	5	1	0	0	0	1	0	12	0	0	0	0	3	2	0	1	0	4	2	0	0	0	1	2	0
T[Del(C):R4]T	8	12	0	2	38	0	6	2	12	25	1	9	0	0	40	5	3	1	26	5	0	5	0	0	8	2	6	44	0	0	0	20	1	1	6	1	2	4	7	10	4	7	15	4	22	14	6	2	15	6	12	6	7	10	6	6	14	8	18	8	4	5	18	6	7	8	1	12	12	15	5	13	11	7	7	20	18	15	3	4	2	11	7	11	2	29	6	4	32	4	4	30	43	1	2	10	1	2	8	10	1	0	19	4	8	11	27	0	69	12	14	1	0	0	7	2	7	5	9	22	1	1	7	12	20	6	18	0	36	12	1	0	15	3	3	6	0	8	0	1	2	1	1	4	6	3	4	4	1	25	3	45	1	0	7	17	0	22	20	14	4	1	2	32	1	4	0	11	0	3	2	21	0	1	3	0	1	6	19	0	17	20	4	1	5	11	11	89	2	1	9	7	8	1	2	2	1	2	0	9	0	7	2	1	4	1	14	11	0	3	21	1	2	8	3	15	2	1	14	0	18	4	5	1	4	15	3	1	14	15	2	7	17	1	9	4	0	65	0	1	5	14	2	1	1	11	0	0	8	1	13	6	11	13	2	0	7	0	5	2	50	2	0	3	0	0	17	15	11	0	0	0	4	1	4	8	10	19	29	0	0	7	2	0	11	22	21	10	9	46	11	1	0	31	7	28	2	1	7	6	0	5	5	9	0	6	22	0	2	0	1	2	14	1	0	5	16	23	24	0	1	18	0	6	9	2	11	16	25	2	0	2	32	27	19	1	19	0	0	2	1	23	4	5	75	19	20	10	9	2	0	28	4	11	16	0	0	18	1	4	1	15	0	8	1	1	9	9	8	1	19	18	11	45	4	10	0	18	7	7	5	24	5	21	12	12	3	36	10	3	12	17	2	0	10	1	6	107	0	1	4	11	1	1	2	2	1	31	1	1	0	8	0	1	0	0	10	0	11	7	0	14	2	0	3	9	2	9	9	32	1	8	2	5	11	0	5	0	15	9	1	0	27	7	10	50	0	12	3	1	43	13	20	16	15	23	22	13	3	3	0	16	25	0	12	9	11	7	0	17	17	7	13	27	14	16	11	15	9	32	30	2	0	2	2	19	35	1	9	18	1	4	6	2	4	10	22	19	8	0	0	4	8	13	0	18	5	25	3	11	29	8	22	0	0	11	7	7	13	5	1	4	15	1	2	11	0	14	0	12	6	14	25	2	7	0	2	39	3	7	11	0	5	1	14	7	2	1	11	0	18	14	2	8	0	3	7	2	76	2	0	1	0	20	3	1	15	2	28	8	4	1	2	7	8	1
T[Del(C):R5]A	12	10	2	0	32	0	6	3	12	32	3	10	0	1	37	12	5	1	22	13	0	3	0	0	14	0	12	46	1	2	0	11	0	0	8	0	0	4	8	13	7	6	23	1	20	11	5	1	17	7	9	13	9	13	6	11	8	10	17	13	5	5	13	6	16	8	0	8	12	14	10	16	12	5	11	23	16	11	4	5	0	13	13	5	2	38	8	11	140	2	6	11	47	0	9	20	0	1	2	11	2	0	23	10	5	11	34	2	66	9	8	2	0	1	13	1	6	1	19	17	2	1	12	17	16	14	11	0	30	12	5	4	21	3	4	1	0	7	0	1	2	0	0	13	1	1	2	8	0	71	2	43	3	0	8	19	0	20	17	18	1	2	2	41	5	5	0	9	1	1	0	16	0	4	1	0	1	7	27	0	20	26	7	0	4	20	14	71	2	0	7	11	10	2	0	1	0	1	1	6	2	9	0	7	9	0	11	6	0	9	69	2	0	4	3	24	1	0	7	0	29	8	1	2	0	15	1	0	19	17	3	6	12	0	17	9	0	79	0	0	2	41	1	1	0	17	0	0	10	1	11	6	15	14	2	1	12	0	0	4	49	1	0	1	1	1	10	15	7	0	1	0	6	7	2	14	19	16	46	0	1	0	2	2	7	25	34	16	12	46	11	2	1	35	12	33	2	0	7	11	0	4	8	13	1	6	27	0	0	1	0	0	16	1	0	2	15	19	24	0	2	18	1	3	10	0	4	15	18	3	1	0	18	18	18	1	12	0	1	0	2	21	10	7	87	16	27	4	12	1	2	28	3	11	25	0	0	25	0	3	1	7	0	9	1	0	9	5	7	1	18	13	11	65	3	15	0	9	14	5	4	25	3	18	17	15	2	43	5	1	12	13	3	3	23	0	8	296	1	2	2	18	6	0	1	0	6	20	3	0	1	12	0	0	0	0	4	1	7	7	1	13	2	2	4	10	1	10	13	36	0	8	4	10	15	1	0	1	19	5	0	0	14	18	16	40	0	13	3	3	71	11	23	23	22	14	12	18	4	6	0	14	20	0	15	7	17	7	0	16	22	11	9	20	8	19	24	16	10	44	26	5	1	5	1	17	40	0	4	19	6	5	2	0	0	15	24	23	6	1	0	4	7	12	2	9	4	24	3	8	16	8	27	1	0	5	11	8	17	12	0	12	26	0	0	20	0	8	0	15	13	13	22	1	6	0	1	38	1	8	14	0	3	3	19	6	0	2	4	2	22	15	3	13	0	3	8	0	67	0	0	1	2	13	6	1	15	0	30	7	3	0	1	1	7	1
T[Del(C):R5]G	0	2	1	1	3	0	1	0	1	2	0	1	0	0	6	0	0	0	0	1	0	0	0	0	2	1	2	5	0	0	0	1	0	0	2	1	0	3	0	2	2	3	3	0	1	1	0	0	3	1	1	0	0	0	0	0	1	2	2	1	0	1	2	2	3	0	0	2	1	0	4	3	3	0	0	4	0	1	0	0	0	1	2	2	1	4	1	3	32	1	0	1	6	0	0	0	0	0	2	0	0	0	4	1	1	3	2	0	11	1	2	0	0	0	1	0	1	0	0	0	1	0	1	1	2	1	0	0	6	1	0	1	2	0	0	1	0	1	0	0	0	0	0	0	0	1	0	0	0	11	1	2	0	0	0	4	0	0	3	2	1	0	0	8	0	2	0	5	0	0	0	0	0	1	0	0	0	1	1	0	0	1	0	0	1	2	1	9	0	0	1	0	2	0	0	0	0	0	0	0	0	2	0	0	1	0	0	0	0	1	13	1	0	1	0	3	2	0	0	0	1	1	0	0	2	0	0	0	2	1	0	0	0	0	1	1	0	6	0	0	0	9	0	0	0	2	0	0	1	0	1	0	2	1	0	0	1	0	0	0	7	1	0	0	0	0	0	3	0	0	0	0	3	1	1	3	2	2	4	0	0	1	0	0	0	2	4	0	0	6	4	0	0	7	4	4	0	0	2	1	0	0	2	2	0	1	1	0	0	0	0	0	6	0	0	1	1	1	4	0	0	2	0	1	0	0	0	0	0	1	0	0	0	3	3	0	1	0	0	0	0	0	2	0	10	2	2	0	1	0	0	2	0	0	2	0	0	4	0	2	0	0	0	0	0	0	1	0	2	0	3	3	1	4	1	2	0	0	0	0	0	3	0	1	3	5	0	2	0	0	4	4	0	0	1	0	0	62	0	0	0	1	0	0	0	0	0	2	1	0	0	1	0	0	0	0	0	0	2	1	0	0	0	0	1	0	0	1	1	5	0	0	0	1	0	0	0	0	1	0	0	0	4	1	1	6	0	0	1	0	10	0	6	5	1	2	0	0	1	0	0	0	1	0	0	1	0	1	0	0	1	3	1	1	0	3	2	0	2	3	0	0	0	1	0	2	3	0	1	3	0	0	0	0	0	2	3	3	0	0	0	0	3	0	0	3	0	2	0	3	1	0	2	0	0	0	2	1	5	1	0	2	4	0	0	1	1	0	0	2	2	3	2	0	1	0	1	2	1	0	1	0	1	0	1	0	0	0	0	0	2	1	0	2	0	0	0	0	9	0	0	0	0	0	0	0	3	0	6	2	0	0	1	0	1	0
T[Del(C):R5]T	9	4	0	2	25	0	4	2	7	14	2	12	0	0	26	5	1	0	11	1	0	1	0	0	4	1	3	26	1	1	0	4	0	0	8	1	0	4	5	11	6	6	7	1	9	7	2	0	22	1	2	15	1	10	3	7	5	6	9	9	0	8	13	3	12	2	0	4	10	12	4	6	6	7	4	23	9	6	3	3	0	8	1	9	2	13	5	5	131	4	5	11	23	0	2	4	1	0	2	3	1	0	13	6	1	9	23	0	41	5	5	3	0	0	7	2	5	1	10	9	1	0	4	5	7	0	8	0	17	5	4	3	8	3	3	1	0	1	1	0	1	0	0	2	0	0	0	4	2	62	4	28	1	1	5	9	1	10	14	9	0	1	0	24	1	6	0	11	0	0	1	12	1	4	0	0	1	5	17	1	10	11	5	2	4	12	3	44	0	0	7	0	4	0	0	0	0	0	0	6	3	5	0	1	6	0	7	3	0	7	73	1	0	2	3	11	7	0	6	0	13	4	1	1	0	8	2	0	8	12	0	1	10	1	7	6	0	39	1	0	2	56	2	0	0	10	1	0	3	0	6	2	8	9	2	0	2	0	1	1	24	1	0	1	2	0	5	10	8	0	0	1	2	3	1	5	9	14	20	0	2	2	1	2	9	16	11	10	10	35	3	1	0	16	3	14	1	0	2	6	0	1	8	7	1	5	22	1	2	0	0	1	7	0	0	2	6	20	14	0	0	2	0	2	6	0	1	14	8	2	0	1	28	19	12	0	8	1	0	0	0	13	2	5	49	7	15	9	5	2	0	13	0	5	11	0	0	17	0	9	1	8	0	4	3	0	7	6	8	0	15	10	3	25	7	9	0	3	7	1	7	16	2	9	11	15	3	21	2	0	6	8	1	1	14	0	2	215	1	1	7	8	1	0	1	1	0	18	3	0	1	2	2	0	0	0	3	0	2	7	0	5	1	2	6	12	1	10	4	12	0	11	2	1	9	0	0	0	9	0	0	1	8	10	3	33	0	4	2	2	34	5	16	7	5	5	4	8	2	2	0	7	15	0	15	5	8	6	0	6	16	1	4	14	2	15	9	10	7	21	17	3	1	4	0	14	24	0	6	16	3	6	0	1	2	14	16	8	4	0	0	2	5	8	0	11	3	17	1	5	15	5	17	0	0	3	3	7	16	4	0	5	13	1	1	2	0	2	0	10	8	13	14	0	4	0	0	17	5	9	6	1	1	1	8	2	0	0	1	1	9	11	0	10	0	1	1	0	34	1	0	0	1	19	1	1	7	0	13	6	0	0	2	3	6	1
T[Del(C):R6]A	1	7	1	0	8	0	1	0	4	12	0	5	0	0	23	2	1	0	4	4	0	1	0	0	12	0	5	12	0	2	0	6	0	0	1	0	0	2	3	7	2	7	11	1	2	12	6	2	8	4	4	4	3	6	5	1	5	3	7	8	2	1	9	6	3	2	0	5	13	6	5	10	8	3	1	12	5	8	0	2	2	4	5	1	2	13	4	11	224	3	0	14	17	1	1	7	1	0	4	7	1	0	5	5	1	2	13	1	39	5	6	1	0	0	3	1	2	1	5	8	1	1	1	10	6	3	4	0	13	6	2	0	3	1	1	2	1	4	0	0	1	0	2	7	1	2	0	6	0	111	0	19	2	1	4	7	1	9	11	5	1	4	0	20	0	4	0	3	0	0	2	10	0	2	0	0	0	4	14	0	7	6	2	1	0	7	6	31	0	1	2	1	3	0	1	0	0	1	0	3	0	5	0	0	4	1	9	7	1	3	110	0	0	9	0	16	5	0	2	1	14	3	1	0	1	2	2	2	8	8	0	2	15	1	7	4	1	25	0	1	1	58	0	0	0	6	0	0	7	0	2	3	7	6	2	0	6	3	1	0	25	0	0	0	0	0	12	9	8	0	0	0	3	2	1	2	6	8	15	0	0	2	2	0	4	11	14	6	0	22	8	0	0	19	4	20	1	0	4	3	0	1	4	6	2	5	15	1	0	1	0	0	8	2	0	1	2	17	9	0	0	4	0	1	4	0	1	7	8	3	0	0	16	16	8	0	6	0	0	1	1	6	4	2	33	6	9	3	3	2	1	9	2	6	11	1	0	12	0	3	2	9	1	2	0	2	5	3	2	0	6	5	3	19	3	9	0	14	4	2	6	7	1	8	7	7	1	19	5	1	2	9	1	0	6	2	3	350	0	0	1	3	0	0	0	1	1	14	0	1	0	1	0	0	0	1	3	0	4	2	0	7	1	1	1	11	1	5	9	14	0	8	1	2	2	0	3	0	5	7	0	1	9	7	6	19	1	3	1	1	29	1	9	5	9	6	7	11	3	1	1	6	11	0	8	3	8	7	0	6	6	0	5	15	6	12	8	4	6	21	16	1	0	2	1	3	17	0	7	15	2	4	1	1	0	9	14	9	6	0	0	0	6	4	0	6	0	3	0	2	9	0	20	3	0	4	1	4	7	3	0	6	14	1	2	2	0	6	0	5	5	6	4	1	0	0	0	14	1	1	6	0	0	3	10	4	0	0	1	0	9	6	1	11	0	1	0	1	23	0	0	0	0	5	1	0	7	0	7	3	5	0	1	2	4	1
T[Del(C):R6]G	1	0	0	0	1	0	0	0	1	0	0	0	0	0	1	1	0	0	0	0	0	0	0	0	2	0	0	2	0	1	0	0	0	0	1	0	0	0	1	1	0	0	0	0	3	0	0	0	1	0	0	1	1	3	0	0	0	0	0	2	0	1	1	1	2	0	0	0	0	1	0	1	0	1	0	1	0	3	0	0	0	1	2	0	0	1	2	1	47	0	0	1	5	0	0	0	0	0	0	0	0	0	2	0	0	0	2	0	5	0	2	0	0	0	1	0	0	0	1	0	0	0	0	0	0	1	1	0	2	0	0	0	2	0	0	0	0	0	1	0	0	0	0	1	0	0	0	0	0	19	0	4	0	0	0	3	0	0	0	4	0	0	0	3	0	0	0	2	0	0	0	4	0	0	0	0	0	0	0	0	1	2	1	0	1	1	0	4	0	0	1	2	1	0	0	0	0	0	0	0	0	1	1	0	1	0	0	0	0	2	25	0	0	0	0	0	1	0	0	0	1	1	0	0	1	2	0	0	0	1	0	0	0	0	0	0	0	4	0	0	0	12	0	0	1	0	0	0	0	0	1	0	0	0	0	0	0	1	0	0	3	0	0	0	0	0	0	1	0	0	0	0	0	0	0	0	0	1	2	0	0	0	0	0	0	0	3	2	0	0	1	0	0	3	1	2	0	0	0	0	0	0	0	0	0	0	4	0	0	0	0	0	0	0	0	0	0	1	1	0	0	0	0	0	0	0	0	2	2	0	0	0	1	1	2	0	0	0	0	1	0	3	0	0	9	0	2	2	1	0	0	2	0	2	1	0	0	4	0	0	0	3	0	1	0	0	0	1	1	0	1	0	0	2	0	0	0	3	1	0	1	0	0	0	2	0	1	1	0	0	2	4	0	0	2	0	0	72	0	0	1	0	0	0	0	0	1	2	0	0	2	0	0	0	0	0	0	0	0	1	0	0	0	0	0	2	0	0	0	3	0	0	0	0	0	0	0	0	1	0	0	0	0	2	2	3	0	0	0	0	5	0	0	0	1	1	2	1	0	0	0	2	1	0	1	0	0	1	0	0	0	1	2	3	0	1	0	0	2	3	0	0	0	0	0	1	3	0	1	1	0	0	0	0	0	1	1	1	0	0	0	0	2	0	0	1	0	1	0	0	2	0	3	0	0	0	0	1	0	0	0	1	3	0	0	1	0	0	0	0	0	2	1	0	1	0	0	1	1	2	1	0	0	1	1	1	0	0	0	0	0	0	0	0	0	0	0	0	6	0	0	1	0	0	0	0	1	0	1	2	1	0	0	0	0	0
T[Del(C):R6]T	0	1	0	0	3	0	1	0	3	4	1	3	1	0	8	3	0	0	2	2	0	2	0	0	5	0	1	12	1	0	0	4	0	0	0	0	0	3	3	4	3	5	12	0	2	1	2	1	3	1	1	5	3	1	1	3	3	2	2	2	1	3	4	2	1	0	0	1	7	2	3	4	1	3	1	10	4	3	1	1	0	2	4	4	1	5	3	0	131	0	0	5	14	1	1	5	0	0	1	4	0	0	8	1	0	1	17	0	21	0	4	4	0	0	1	0	4	1	2	4	0	0	1	2	3	4	2	0	9	3	1	1	2	0	0	3	0	0	0	0	0	0	0	3	0	2	2	2	0	46	0	11	1	0	1	3	0	4	3	6	0	3	0	6	1	4	0	6	0	0	0	2	1	1	0	0	0	0	7	0	6	3	3	0	1	1	1	11	0	0	8	0	2	0	0	1	1	0	1	2	0	2	0	0	1	1	3	2	0	0	47	0	1	3	0	2	1	0	1	0	1	0	1	1	2	3	2	0	1	5	1	0	1	0	2	1	0	18	0	0	1	35	0	0	0	2	0	0	0	0	0	1	5	1	1	0	2	0	0	0	12	0	0	0	0	0	6	4	5	0	0	0	3	1	0	2	2	5	7	0	0	1	0	1	0	5	2	4	6	18	3	0	0	10	1	3	0	0	1	1	0	1	2	2	1	3	7	1	0	0	0	1	1	1	1	0	1	6	4	0	1	4	0	4	3	3	3	1	6	0	0	0	7	8	4	0	5	0	1	2	0	2	2	1	13	3	6	5	1	0	0	6	0	3	3	1	0	9	0	3	1	1	0	0	0	0	0	4	8	0	6	5	4	13	4	1	0	5	5	0	0	4	4	3	3	6	0	10	0	0	7	5	1	0	6	1	1	179	0	0	0	2	0	0	1	0	0	9	2	0	0	3	0	0	1	0	1	0	1	1	2	1	0	0	0	3	0	1	1	6	0	3	0	2	1	1	0	0	1	1	0	1	4	3	1	8	0	3	0	1	17	0	7	5	2	6	7	2	0	1	0	2	7	0	7	2	2	2	0	2	7	2	1	6	4	4	3	4	3	8	9	1	0	1	0	6	9	0	3	7	2	3	0	0	1	4	9	2	2	0	0	1	2	6	0	3	1	5	1	2	4	4	5	0	0	0	2	0	5	1	0	2	5	0	1	4	0	4	0	2	2	3	1	0	0	0	0	9	0	3	3	1	1	0	6	0	0	0	2	1	3	4	0	2	0	1	0	0	16	1	0	0	0	5	0	0	6	0	6	2	1	0	0	0	0	0
T[Del(C):R7]A	0	0	0	0	1	0	0	0	0	1	0	1	0	0	1	2	1	0	2	0	0	0	1	0	2	0	1	4	0	0	0	1	0	0	1	0	0	0	1	0	0	1	2	0	1	2	1	0	2	1	1	1	0	3	0	1	1	1	1	1	0	1	2	1	0	2	0	1	3	1	0	3	1	0	0	2	0	1	0	2	0	1	0	2	0	6	0	1	197	0	0	1	7	0	2	2	0	1	0	1	1	0	3	0	1	1	6	0	5	4	1	0	0	0	4	1	0	0	2	2	0	0	2	3	4	1	0	0	2	1	3	0	4	0	0	1	0	2	1	0	0	0	0	4	0	0	0	0	0	119	0	1	0	0	0	1	0	3	0	0	2	1	0	1	0	1	0	1	0	0	0	3	1	1	0	0	0	2	7	0	4	1	1	0	1	1	0	4	0	0	0	1	0	0	1	0	0	0	0	1	0	2	1	0	1	0	1	1	0	0	90	1	1	0	0	2	0	0	1	1	4	2	1	0	0	2	0	0	0	4	0	0	1	0	0	0	0	3	0	0	0	49	0	0	0	1	0	1	0	0	0	0	1	0	1	0	0	0	0	0	4	0	0	0	0	0	3	0	6	0	0	0	0	1	0	3	1	2	3	0	0	0	1	0	2	1	2	2	4	5	1	0	0	4	2	2	0	0	1	4	0	0	0	1	0	1	1	0	1	0	0	0	1	0	0	0	2	2	1	0	0	0	0	1	0	0	0	2	2	0	0	0	1	1	2	0	0	0	0	0	0	1	0	0	11	4	1	1	0	3	0	2	1	1	1	0	0	3	0	0	3	1	0	0	0	0	2	0	0	0	5	1	1	5	1	2	0	2	1	1	0	1	2	3	0	3	0	4	0	1	0	3	0	1	3	0	0	289	0	0	0	3	0	1	1	0	0	3	0	0	0	2	0	0	0	0	1	0	1	1	0	1	0	1	0	5	0	0	1	1	1	2	0	0	1	0	0	0	1	1	0	0	3	1	2	4	1	0	2	0	4	0	4	1	2	3	2	1	0	0	0	1	0	0	2	0	2	0	0	0	3	1	2	2	1	2	3	4	0	4	1	0	1	0	0	3	6	0	1	2	0	0	0	0	0	1	1	0	0	0	0	1	4	3	0	3	1	4	0	0	2	0	2	1	0	1	1	0	3	1	0	2	2	1	0	0	0	1	0	1	1	2	1	1	1	0	0	3	1	1	5	0	1	1	4	1	1	0	0	1	5	4	0	2	0	1	1	0	8	0	0	1	0	1	0	0	1	0	3	0	0	0	1	1	1	0
T[Del(C):R7]G	0	0	0	0	3	0	1	0	0	2	0	0	0	0	1	0	0	0	0	1	0	0	0	0	0	1	0	1	0	0	0	0	0	0	0	0	0	0	0	0	0	1	3	0	1	1	0	0	1	1	0	0	0	0	0	0	0	0	1	0	0	0	1	0	0	0	0	0	1	0	0	1	1	0	0	1	0	0	0	0	0	0	1	0	0	0	1	1	33	0	0	2	2	0	0	1	0	0	0	0	0	0	1	1	0	0	1	0	1	0	0	0	0	0	0	0	0	0	0	0	0	0	0	1	1	0	0	0	0	0	0	0	0	0	0	0	0	1	0	0	0	0	0	0	0	1	0	0	0	19	0	0	0	0	1	0	0	1	0	0	1	0	0	0	0	0	0	0	0	0	0	0	0	0	0	0	0	0	1	0	0	2	0	0	0	0	1	0	0	0	0	0	0	0	0	0	0	0	0	0	0	0	0	0	1	0	0	0	0	0	19	0	0	0	0	3	0	0	0	0	1	0	0	0	1	0	0	0	0	0	0	0	0	0	1	0	0	0	0	0	0	12	0	0	0	0	0	0	0	0	0	0	0	0	0	0	0	0	0	0	1	0	0	0	0	0	0	0	0	0	0	0	0	1	0	0	0	0	1	0	0	0	0	0	0	1	2	0	1	3	0	0	0	1	0	1	0	0	0	0	0	0	1	1	0	0	2	0	0	0	0	0	0	0	0	0	0	0	1	0	0	0	0	0	0	0	0	1	0	0	0	0	1	0	0	0	0	0	0	0	0	0	1	0	5	1	0	0	0	0	0	2	0	0	3	0	0	0	0	0	1	0	0	0	0	0	0	0	0	0	0	0	0	0	0	1	0	0	0	0	2	0	0	1	0	1	0	0	0	0	1	1	0	0	2	0	0	47	0	0	0	0	0	0	0	0	0	0	0	0	0	0	0	0	0	0	0	0	0	0	0	0	0	0	0	0	0	0	0	0	0	0	0	0	0	0	0	0	0	0	0	0	0	0	1	0	0	0	0	0	3	1	3	0	0	0	0	1	0	0	0	0	0	0	0	0	1	0	0	0	2	0	0	2	0	1	0	0	1	3	1	0	0	0	0	1	0	0	0	1	0	0	0	0	0	1	0	0	0	0	0	0	0	1	0	0	0	1	0	0	0	0	0	0	0	1	0	0	1	0	0	1	0	0	0	1	0	0	0	1	0	0	0	0	1	0	0	0	0	0	0	0	0	0	0	0	0	0	0	0	0	1	0	0	0	0	0	0	3	0	0	0	0	1	0	0	0	0	0	0	1	0	0	0	0	0
T[Del(C):R7]T	0	0	0	0	0	0	0	0	1	2	0	1	1	0	1	0	0	0	0	0	0	0	0	0	0	0	1	0	0	0	0	0	0	0	0	0	0	1	2	2	0	0	0	0	0	0	0	0	0	0	0	0	0	1	0	1	1	1	2	0	0	0	2	0	1	0	0	0	1	0	0	1	0	0	0	1	2	0	0	0	0	0	0	1	1	3	0	1	67	1	0	0	4	0	1	0	0	0	0	0	0	0	3	1	0	0	1	0	4	0	1	0	0	0	3	1	2	1	1	1	0	0	0	1	1	0	0	0	1	0	0	1	1	0	0	0	0	0	1	0	0	0	0	1	1	0	0	0	1	25	1	2	0	0	0	1	0	1	0	2	0	0	0	5	0	0	0	0	1	0	0	1	0	0	0	0	0	0	3	0	1	1	0	0	1	0	0	3	0	1	1	1	0	0	0	1	0	0	0	1	0	0	0	0	0	0	0	1	0	0	36	0	0	1	0	0	1	0	0	0	0	0	0	0	2	0	0	0	1	1	0	0	0	0	0	0	0	4	0	0	0	19	0	0	0	0	0	1	0	0	1	1	0	1	0	0	0	0	0	0	4	0	0	0	1	0	3	0	1	0	0	0	0	0	0	0	0	2	1	0	0	0	1	0	0	0	2	0	2	2	2	0	0	3	0	3	0	0	1	3	0	0	1	2	2	0	1	0	0	1	1	0	0	0	1	0	1	1	0	0	0	0	0	0	0	0	0	2	1	1	0	0	1	0	0	0	1	0	0	1	0	0	0	0	5	1	0	2	0	1	0	0	1	0	1	0	0	0	0	0	2	0	0	0	0	0	0	1	1	0	2	2	0	2	0	1	0	2	1	0	0	2	1	1	1	0	0	2	0	0	0	1	0	0	0	0	0	81	0	0	0	0	0	0	0	2	0	2	0	1	0	1	0	0	0	0	1	0	1	0	0	0	0	0	0	5	0	3	0	1	0	1	0	0	0	1	0	0	0	0	0	1	1	0	0	1	0	0	0	0	4	1	2	0	1	0	2	2	0	1	0	2	2	0	0	2	2	0	0	0	1	0	1	3	0	1	0	2	1	2	1	1	0	1	0	0	0	1	0	1	0	0	0	0	1	0	6	1	1	0	0	0	0	1	0	1	0	2	1	0	0	1	1	0	0	0	1	0	0	0	0	0	2	0	1	1	0	0	0	1	0	1	0	0	1	0	2	2	1	0	1	0	0	0	0	3	0	0	0	0	3	1	0	0	0	0	0	0	3	0	0	0	1	0	0	0	0	0	1	1	0	0	0	1	0	0
T[Del(C):R8]A	0	1	0	0	1	0	0	0	1	0	0	0	0	0	0	0	1	0	1	0	0	0	0	0	0	0	0	0	0	0	0	0	0	0	0	0	0	1	0	0	0	0	0	0	0	0	0	0	0	0	0	1	0	0	0	0	0	0	0	0	0	0	0	0	0	0	0	2	0	0	1	1	1	0	0	0	0	0	0	0	0	0	0	0	0	2	1	1	135	0	1	0	2	0	0	2	0	0	0	0	1	0	0	1	0	0	2	0	2	0	0	1	0	0	0	0	2	0	0	1	0	0	2	0	0	0	0	0	1	0	0	0	1	1	0	0	0	1	0	0	0	0	0	0	0	2	1	0	0	66	0	2	0	0	0	0	0	1	1	0	1	0	1	0	0	0	0	0	0	0	0	0	0	1	0	0	0	2	2	0	1	1	0	0	1	0	2	2	0	1	0	0	0	0	1	0	0	0	0	0	1	0	0	0	0	1	0	0	0	0	80	1	1	1	0	0	1	0	1	0	1	0	1	0	0	0	0	0	1	2	1	0	0	0	0	0	0	1	0	0	0	22	0	0	1	0	0	0	0	0	0	0	0	0	0	0	1	0	0	0	0	0	0	0	0	0	1	1	1	0	0	0	1	0	0	1	0	1	1	0	0	0	2	3	2	1	0	0	0	2	0	0	0	2	0	0	0	0	1	0	0	0	0	0	3	0	1	0	1	3	0	0	1	0	0	1	0	1	1	1	0	0	0	0	0	0	0	2	1	1	0	0	1	0	0	0	0	0	0	1	0	0	0	0	0	0	0	0	1	0	0	4	0	0	1	0	0	0	0	0	1	0	0	0	0	1	0	0	0	0	0	0	0	2	0	0	0	1	0	0	0	0	1	1	1	0	0	0	0	1	0	0	0	0	1	0	0	163	0	0	0	3	0	1	0	0	1	0	1	0	0	0	0	0	0	0	0	0	0	1	0	1	0	0	0	2	0	0	0	1	0	0	0	0	0	0	0	0	0	0	0	1	2	0	2	0	0	0	0	0	1	0	1	0	0	2	0	0	0	0	0	1	1	0	1	0	0	2	0	1	0	0	0	1	1	0	0	0	0	0	0	0	0	1	0	0	1	0	0	1	0	0	0	1	1	1	0	0	0	0	0	0	0	0	0	1	0	1	0	0	1	1	1	1	0	0	0	0	0	0	0	0	0	0	1	0	0	1	0	0	0	0	0	0	0	0	0	0	0	1	0	0	0	0	3	0	0	0	0	0	1	3	0	1	0	1	0	0	3	1	0	0	0	4	0	0	1	0	1	0	0	1	0	0	0	0
T[Del(C):R8]G	0	0	0	0	1	0	0	0	0	0	0	1	0	0	0	0	0	0	0	0	0	0	0	0	0	0	0	0	0	0	0	0	0	0	0	0	0	0	0	0	0	0	0	0	0	0	0	0	1	0	0	0	0	0	0	0	0	0	0	0	0	0	0	0	0	0	0	0	0	0	0	0	0	0	0	0	0	0	0	0	0	0	0	0	0	1	0	1	22	0	0	0	0	0	0	0	0	0	0	0	0	0	0	0	0	0	0	0	0	0	0	0	0	0	1	0	0	0	0	0	0	0	0	0	1	0	1	0	0	0	0	0	0	0	0	0	0	0	0	0	0	0	0	0	0	0	0	0	0	8	0	0	0	0	0	0	0	0	0	0	0	0	0	0	0	0	0	0	0	0	0	0	0	0	0	0	0	0	0	0	0	0	0	0	0	0	0	1	0	0	0	0	0	0	0	0	0	0	0	0	0	0	0	0	0	0	0	0	0	0	16	0	0	0	0	0	0	0	0	0	0	0	0	0	0	0	0	0	0	0	0	0	0	0	0	0	0	2	0	0	0	8	0	0	0	0	0	0	0	0	0	0	0	0	0	0	0	0	0	0	0	0	0	0	0	0	0	1	0	0	0	0	0	0	0	0	0	0	0	0	0	0	1	0	0	0	0	0	0	0	0	0	0	0	0	0	0	0	0	1	0	0	0	0	0	0	0	0	1	0	0	0	0	0	0	0	0	0	0	0	0	0	0	0	0	0	0	1	0	0	0	0	0	0	0	0	0	0	0	1	0	0	0	2	0	1	0	0	1	0	0	0	0	0	0	0	0	0	0	0	0	0	0	0	0	0	0	0	0	0	0	1	0	0	0	0	0	0	0	0	1	1	0	0	0	0	0	0	0	0	0	0	0	0	0	0	0	31	0	0	0	0	0	0	0	0	0	0	0	0	0	0	0	0	0	0	0	0	0	0	0	0	0	0	0	0	0	0	0	0	0	0	0	0	0	0	0	0	0	0	0	0	0	0	0	0	0	0	0	0	1	0	0	0	0	0	1	0	0	0	0	1	0	0	0	0	0	0	0	0	0	0	0	0	0	0	0	0	0	0	0	0	1	0	0	0	0	0	0	0	0	0	0	0	0	0	0	0	0	0	0	0	0	0	0	0	0	1	0	0	0	0	0	0	0	0	0	0	0	0	0	0	0	0	0	0	0	0	0	0	0	0	0	0	0	0	0	0	0	0	0	0	0	0	0	0	1	0	0	0	0	0	0	0	0	0	0	0	1	0	0	0	0	0	0	0	0	0	0	0	0	0	0	0	0	1
T[Del(C):R8]T	0	0	0	0	0	0	0	0	0	0	0	0	0	0	0	0	0	0	0	0	0	0	0	0	0	0	0	0	0	0	0	0	0	0	0	0	0	0	0	0	0	0	0	0	0	0	0	0	0	0	0	0	0	2	1	0	0	0	0	0	0	0	0	0	0	0	0	1	0	0	1	0	0	0	0	0	0	0	0	0	0	0	0	0	0	0	0	0	42	0	0	0	0	0	0	0	0	0	0	0	0	0	0	0	0	0	0	0	2	1	0	1	0	0	0	1	0	0	1	0	0	0	0	0	0	1	0	0	0	0	0	0	0	0	0	0	0	0	1	0	0	0	1	0	0	0	0	0	0	21	0	0	0	0	0	0	0	0	0	0	0	0	0	0	0	0	0	0	0	0	0	0	0	0	0	0	0	1	1	0	0	0	0	0	0	0	0	0	0	0	0	0	0	0	0	2	0	0	0	0	0	0	0	0	0	1	0	1	0	0	20	0	0	0	0	1	0	0	0	0	0	0	0	0	0	0	0	0	0	0	0	0	0	0	0	0	0	0	0	0	0	11	0	0	0	0	0	0	0	0	0	0	0	0	0	0	0	0	0	0	0	1	0	0	0	0	0	0	0	0	0	0	1	0	0	0	0	0	0	0	0	0	1	1	0	1	0	0	0	0	0	0	0	0	0	1	0	0	0	0	1	0	0	0	1	0	0	0	1	1	0	0	0	0	0	1	0	1	1	0	0	0	0	0	1	0	1	0	0	0	2	0	0	3	1	0	0	0	0	0	0	1	0	0	1	0	1	0	0	1	0	0	0	0	0	0	0	0	0	0	1	0	0	0	0	0	0	0	1	0	1	0	0	1	1	0	0	0	0	0	0	0	0	0	0	0	0	0	0	0	0	0	0	0	0	0	0	47	0	0	1	0	0	1	0	0	0	0	0	0	0	0	0	0	0	0	0	0	0	1	0	0	0	0	0	1	0	0	0	0	0	0	0	0	0	0	1	0	0	0	0	0	0	0	0	1	0	0	0	0	2	0	0	0	0	0	0	1	0	0	0	1	0	0	2	0	0	0	0	0	1	0	0	0	0	0	0	2	0	0	0	0	0	0	0	0	0	0	0	1	0	0	0	0	1	0	0	1	0	0	0	2	1	0	0	0	0	0	0	0	0	0	0	0	0	0	0	0	0	0	0	1	0	0	0	0	0	0	0	0	0	0	0	0	0	0	0	1	1	0	0	0	0	1	0	0	0	0	1	0	0	0	0	1	0	0	1	0	0	0	0	0	0	0	0	0	0	0	0	0	0	0	0	0	0	0
T[Del(C):R(9,)]A	0	0	0	0	0	0	0	0	0	0	0	0	0	0	0	0	0	0	0	0	0	0	0	0	0	0	0	0	0	0	0	0	0	0	0	0	0	0	0	0	0	0	0	0	0	0	0	0	0	0	0	0	0	0	0	0	0	0	0	0	0	0	0	0	0	0	0	0	0	0	0	0	0	0	0	0	0	0	0	0	0	0	0	0	0	0	0	0	0	0	0	0	0	0	0	0	0	0	0	0	0	0	0	0	0	0	0	0	0	0	0	0	0	0	0	0	0	0	0	0	0	0	0	0	0	0	0	0	0	0	0	0	0	0	0	0	0	0	0	0	0	0	0	0	0	0	0	0	0	0	0	0	0	0	0	0	0	0	0	0	0	0	0	0	0	0	0	0	0	0	0	0	0	0	0	0	0	0	0	0	0	0	0	0	0	0	0	0	0	0	0	0	0	0	0	0	0	0	0	0	0	0	0	0	0	0	0	0	0	0	0	0	0	0	0	0	0	0	0	0	0	0	0	0	0	0	0	0	0	0	0	0	0	0	0	0	0	0	0	0	0	0	0	0	0	0	0	0	0	0	0	0	0	0	0	0	0	0	0	0	0	0	0	0	0	0	0	0	0	0	0	0	0	0	0	0	0	0	0	0	0	0	0	0	0	0	0	0	0	0	0	0	0	0	0	0	0	0	0	0	0	0	0	0	0	0	0	0	0	0	0	0	0	0	0	0	0	0	0	0	0	0	0	0	0	0	0	0	0	0	0	0	0	0	0	0	0	0	0	0	0	0	0	0	0	0	0	0	0	0	0	0	0	0	0	0	0	0	0	0	0	0	0	0	0	0	0	0	0	0	0	0	0	0	0	0	0	0	0	0	0	0	0	0	0	0	0	0	0	0	0	0	0	0	0	0	0	0	0	0	0	0	0	0	0	0	0	0	0	0	0	0	0	0	0	0	0	0	0	0	0	0	0	0	0	0	0	0	0	0	0	0	0	0	0	0	0	0	0	0	0	0	0	0	0	0	0	0	0	0	0	0	0	0	0	0	0	0	0	0	0	0	0	0	0	0	0	0	0	0	0	0	0	0	0	0	0	0	0	0	0	0	0	0	0	0	0	0	0	0	0	0	0	0	0	0	0	0	0	0	0	0	0	0	0	0	0	0	0	0	0	0	0	0	0	0	0	0	0	0	0	0	0	0	0	0	0	0	0	0	0	0	0	0	0	0	0	0	0	0	0	0	0	0	0	0	0	0	0	0	0	0	0	0	0	0	0	0	0	0	0	0	0	0	0	0	0	0	0	0	0	0	0	0	0	0
T[Del(C):R(9,)]G	0	0	0	0	0	0	0	0	0	0	0	0	0	0	0	0	0	0	0	0	0	0	0	0	0	0	0	0	0	0	0	0	0	0	0	0	0	0	0	0	0	0	0	0	0	0	0	0	0	0	0	0	0	0	0	0	0	0	0	0	0	0	0	0	0	0	0	0	0	0	0	0	0	0	0	0	0	0	0	0	0	0	0	0	0	0	0	0	0	0	0	0	0	0	0	0	0	0	0	0	0	0	0	0	0	0	0	0	0	0	0	0	0	0	0	0	0	0	0	0	0	0	0	0	0	0	0	0	0	0	0	0	0	0	0	0	0	0	0	0	0	0	0	0	0	0	0	0	0	0	0	0	0	0	0	0	0	0	0	0	0	0	0	0	0	0	0	0	0	0	0	0	0	0	0	0	0	0	0	0	0	0	0	0	0	0	0	0	0	0	0	0	0	0	0	0	0	0	0	0	0	0	0	0	0	0	0	0	0	0	0	0	0	0	0	0	0	0	0	0	0	0	0	0	0	0	0	0	0	0	0	0	0	0	0	0	0	0	0	0	0	0	0	0	0	0	0	0	0	0	0	0	0	0	0	0	0	0	0	0	0	0	0	0	0	0	0	0	0	0	0	0	0	0	0	0	0	0	0	0	0	0	0	0	0	0	0	0	0	0	0	0	0	0	0	0	0	0	0	0	0	0	0	0	0	0	0	0	0	0	0	0	0	0	0	0	0	0	0	0	0	0	0	0	0	0	0	0	0	0	0	0	0	0	0	0	0	0	0	0	0	0	0	0	0	0	0	0	0	0	0	0	0	0	0	0	0	0	0	0	0	0	0	0	0	0	0	0	0	0	0	0	0	0	0	0	0	0	0	0	0	0	0	0	0	0	0	0	0	0	0	0	0	0	0	0	0	0	0	0	0	0	0	0	0	0	0	0	0	0	0	0	0	0	0	0	0	0	0	0	0	0	0	0	0	0	0	0	0	0	0	0	0	0	0	0	0	0	0	0	0	0	0	0	0	0	0	0	0	0	0	0	0	0	0	0	0	0	0	0	0	0	0	0	0	0	0	0	0	0	0	0	0	0	0	0	0	0	0	0	0	0	0	0	0	0	0	0	0	0	0	0	0	0	0	0	0	0	0	0	0	0	0	0	0	0	0	0	0	0	0	0	0	0	0	0	0	0	0	0	0	0	0	0	0	0	0	0	0	0	0	0	0	0	0	0	0	0	0	0	0	0	0	0	0	0	0	0	0	0	0	0	0	0	0	0	0	0	0	0	0	0	0	0	0	0	0	0	0	0	0	0	0	0	0	0
T[Del(C):R(9,)]T	0	0	0	0	0	0	0	0	0	0	0	0	0	0	0	0	0	0	0	0	0	0	0	0	0	0	0	0	0	0	0	0	0	0	0	0	0	0	0	0	0	0	0	0	0	0	0	0	0	0	0	0	0	0	0	0	0	0	0	0	0	0	0	0	0	0	0	0	0	0	0	0	0	0	0	0	0	0	0	0	0	0	0	0	0	0	0	0	0	0	0	0	0	0	0	0	0	0	0	0	0	0	0	0	0	0	0	0	0	0	0	0	0	0	0	0	0	0	0	0	0	0	0	0	0	0	0	0	0	0	0	0	0	0	0	0	0	0	0	0	0	0	0	0	0	0	0	0	0	0	0	0	0	0	0	0	0	0	0	0	0	0	0	0	0	0	0	0	0	0	0	0	0	0	0	0	0	0	0	0	0	0	0	0	0	0	0	0	0	0	0	0	0	0	0	0	0	0	0	0	0	0	0	0	0	0	0	0	0	0	0	0	0	0	0	0	0	0	0	0	0	0	0	0	0	0	0	0	0	0	0	0	0	0	0	0	0	0	0	0	0	0	0	0	0	0	0	0	0	0	0	0	0	0	0	0	0	0	0	0	0	0	0	0	0	0	0	0	0	0	0	0	0	0	0	0	0	0	0	0	0	0	0	0	0	0	0	0	0	0	0	0	0	0	0	0	0	0	0	0	0	0	0	0	0	0	0	0	0	0	0	0	0	0	0	0	0	0	0	0	0	0	0	0	0	0	0	0	0	0	0	0	0	0	0	0	0	0	0	0	0	0	0	0	0	0	0	0	0	0	0	0	0	0	0	0	0	0	0	0	0	0	0	0	0	0	0	0	0	0	0	0	0	0	0	0	0	0	0	0	0	0	0	0	0	0	0	0	0	0	0	0	0	0	0	0	0	0	0	0	0	0	0	0	0	0	0	0	0	0	0	0	0	0	0	0	0	0	0	0	0	0	0	0	0	0	0	0	0	0	0	0	0	0	0	0	0	0	0	0	0	0	0	0	0	0	0	0	0	0	0	0	0	0	0	0	0	0	0	0	0	0	0	0	0	0	0	0	0	0	0	0	0	0	0	0	0	0	0	0	0	0	0	0	0	0	0	0	0	0	0	0	0	0	0	0	0	0	0	0	0	0	0	0	0	0	0	0	0	0	0	0	0	0	0	0	0	0	0	0	0	0	0	0	0	0	0	0	0	0	0	0	0	0	0	0	0	0	0	0	0	0	0	0	0	0	0	0	0	0	0	0	0	0	0	0	0	0	0	0	0	0	0	0	0	0	0	0	0	0	0	0	0	0	0	0
A[Del(T):R1]A	11	18	3	2	26	0	5	3	9	28	2	10	0	3	59	9	9	1	19	7	0	5	1	0	7	3	11	68	0	3	3	20	0	1	9	2	1	9	17	17	12	10	27	4	26	20	10	6	21	7	13	11	6	17	6	10	15	22	16	24	3	9	27	14	20	7	1	9	27	13	14	23	20	9	3	25	18	29	9	3	2	17	12	16	6	53	12	23	52	8	8	25	70	6	15	17	4	2	4	7	6	4	35	14	9	20	35	2	119	26	19	10	0	2	13	4	15	4	17	28	3	4	17	18	20	12	21	6	43	15	11	5	19	13	8	6	1	10	1	3	5	4	1	22	7	9	14	5	5	25	6	84	2	5	12	26	4	31	20	24	13	6	6	34	5	9	1	12	2	1	4	22	1	11	6	1	3	9	33	0	15	31	6	5	6	21	15	103	2	4	33	12	20	3	3	3	4	2	3	14	1	18	2	4	13	3	13	18	1	21	31	6	9	13	2	29	6	3	12	5	26	20	4	14	4	19	5	2	22	38	3	2	20	6	29	11	9	112	8	1	5	10	10	0	1	27	4	4	11	11	13	6	20	19	4	0	17	5	3	6	41	5	2	6	3	4	19	19	12	2	3	1	11	4	3	14	23	33	49	1	1	8	8	9	17	24	40	34	22	57	11	0	7	54	17	41	10	5	11	15	1	11	20	17	6	13	38	7	6	9	1	3	27	5	5	8	22	38	28	4	5	22	6	17	11	2	6	34	28	19	1	1	36	43	48	5	27	0	2	6	1	26	9	16	107	20	45	32	19	6	4	43	7	15	40	2	3	29	3	19	14	18	4	14	2	1	18	20	32	1	19	16	15	57	17	27	4	24	12	11	17	22	13	21	16	26	8	61	6	1	25	29	6	2	19	5	11	145	0	7	12	22	3	6	3	5	6	38	5	3	6	12	2	2	4	1	18	3	13	9	3	14	11	6	4	15	4	18	20	47	1	12	5	10	20	4	6	7	18	8	0	3	27	23	18	51	6	15	7	7	98	11	37	27	22	23	21	23	11	14	1	19	27	2	19	7	22	22	0	23	33	17	9	25	26	40	21	24	27	49	41	7	4	11	8	35	40	1	10	26	3	10	7	6	1	29	42	31	10	3	0	8	14	13	1	12	8	36	13	11	25	25	31	5	6	6	24	14	24	13	5	10	31	2	6	20	5	26	0	20	16	27	31	1	15	3	12	47	5	15	15	2	2	4	30	12	0	3	8	6	25	29	5	9	0	11	8	5	65	6	1	3	2	13	7	4	15	3	40	10	2	3	7	6	9	4
A[Del(T):R1]C	3	4	2	2	5	0	0	1	1	4	1	6	0	1	10	4	1	2	6	0	1	0	0	0	4	1	5	5	1	4	1	2	0	1	2	0	3	3	2	2	2	2	5	3	7	5	7	2	5	4	2	5	1	6	6	1	2	2	5	3	0	2	3	5	2	1	0	0	4	10	5	1	6	4	3	4	6	3	3	2	2	0	3	3	8	2	3	6	10	0	3	3	5	1	2	2	2	0	1	3	1	1	4	0	3	3	5	1	9	6	4	2	0	2	4	2	3	1	0	13	2	2	5	5	4	1	4	0	3	5	4	0	8	3	1	0	0	5	2	0	4	0	1	4	2	1	3	2	3	6	4	8	2	0	0	3	3	14	2	4	3	2	0	7	3	1	0	0	4	2	2	5	3	1	1	0	3	2	6	0	9	4	5	1	5	3	2	8	0	0	9	3	4	3	0	3	1	2	2	7	0	4	0	3	2	0	3	7	2	2	7	2	4	2	2	5	2	0	6	1	10	5	0	1	5	2	0	2	5	7	3	4	2	1	3	3	2	10	0	0	2	3	5	0	0	2	0	1	2	5	3	3	5	1	1	1	5	2	3	2	5	2	0	4	1	1	3	0	6	1	2	0	4	3	5	4	6	3	1	1	0	0	0	2	2	9	11	1	10	7	7	2	1	7	2	10	1	0	2	7	2	2	10	7	0	3	4	0	1	1	4	0	4	1	0	2	1	6	6	1	1	3	1	2	6	1	0	4	8	7	1	0	3	4	11	4	6	0	1	2	3	7	1	2	15	4	6	4	2	3	0	6	3	2	2	0	1	9	1	4	4	4	3	5	0	1	3	5	9	0	5	5	6	8	1	3	0	2	7	5	2	3	6	6	2	9	6	10	3	0	0	1	2	3	6	0	4	21	1	0	7	3	2	3	1	2	1	12	6	1	1	1	2	2	0	1	7	1	7	3	1	4	1	3	0	1	5	3	1	7	1	4	1	2	3	2	2	5	3	3	1	1	3	1	3	4	6	1	1	0	13	2	13	2	4	4	6	14	4	4	0	7	5	1	4	0	7	8	1	5	5	4	2	2	6	11	5	2	4	11	1	0	0	1	0	10	7	1	1	4	0	1	0	2	0	7	6	5	1	1	1	7	0	5	0	4	1	5	2	1	3	15	8	4	4	0	5	0	8	3	0	0	7	1	1	1	3	7	0	4	5	3	4	0	6	1	3	9	3	2	3	7	0	2	8	11	1	0	0	4	4	12	3	4	0	3	4	5	7	1	1	1	2	4	0	1	4	1	5	1	0	0	2	2	4	1
A[Del(T):R1]G	5	3	4	2	11	0	2	2	4	7	5	4	2	1	16	6	4	2	7	2	1	1	0	0	6	3	5	18	0	2	1	4	0	1	3	3	1	2	3	6	2	7	8	3	10	10	3	2	5	0	5	4	2	8	5	4	3	7	4	7	1	3	3	4	4	2	1	2	6	6	3	5	3	1	0	8	5	3	2	3	0	5	4	4	8	13	4	4	10	2	6	2	20	4	4	7	3	1	5	8	4	0	16	3	1	7	5	2	24	3	4	1	1	3	6	2	3	0	6	20	1	2	6	8	5	4	5	0	10	8	3	5	5	5	1	1	0	7	0	1	0	0	2	7	2	5	1	2	2	3	8	10	1	3	4	6	1	18	11	5	4	2	1	12	4	1	1	8	0	2	3	6	2	4	2	1	0	5	5	1	9	5	0	1	1	13	3	27	1	0	5	7	4	3	4	2	1	3	0	7	1	5	0	2	3	1	1	2	0	4	4	5	3	2	0	4	5	1	3	0	8	11	6	3	1	6	0	0	4	10	1	2	3	1	7	2	2	18	1	2	4	3	5	1	3	11	2	0	3	7	1	2	5	3	3	2	1	1	3	2	14	3	1	4	1	4	8	8	4	3	0	1	2	6	3	2	3	13	9	1	1	2	2	1	2	8	9	7	7	14	4	2	3	7	7	14	2	0	2	5	0	4	5	5	0	3	12	1	2	4	2	4	7	0	2	3	5	9	7	0	2	14	1	6	5	4	3	7	5	7	0	0	10	11	14	3	3	1	2	2	3	10	3	7	20	5	9	6	3	3	2	9	5	9	14	1	3	9	0	3	5	7	3	5	2	1	3	7	5	1	12	9	8	25	7	4	0	3	4	2	6	10	6	13	4	12	2	17	8	2	5	3	2	4	4	0	3	29	3	1	4	9	2	1	0	1	5	12	3	1	0	3	2	0	2	1	3	2	2	5	0	6	1	3	5	5	0	2	4	9	3	7	1	6	5	1	5	0	5	4	0	1	8	4	2	4	0	5	3	0	20	2	10	6	6	6	4	11	5	6	1	4	4	1	8	0	5	4	4	7	7	3	4	5	4	12	6	8	4	10	9	0	0	2	3	10	10	4	4	8	4	1	4	1	3	7	8	7	0	2	3	6	2	3	1	3	1	6	6	3	4	11	6	1	1	4	12	4	11	4	0	3	14	2	3	9	5	3	0	7	7	11	10	2	1	1	3	10	5	7	7	2	5	0	3	3	1	1	5	4	5	13	1	2	1	9	4	0	11	0	1	0	0	5	3	2	11	1	9	3	2	0	3	4	2	2
A[Del(T):R2]A	3	3	2	1	10	0	0	1	5	7	3	2	2	1	21	7	6	1	7	3	2	4	0	0	2	2	4	11	3	4	1	6	0	0	4	0	6	5	6	3	3	1	6	6	4	8	3	1	4	3	4	6	2	2	5	5	10	4	5	8	3	3	6	1	6	9	0	5	9	7	4	9	5	3	2	4	7	2	3	4	2	7	1	4	5	12	5	2	57	1	6	5	13	3	3	6	2	4	4	6	2	0	6	5	5	10	6	0	26	6	7	2	2	3	6	5	3	1	6	16	2	2	4	6	9	5	10	1	3	6	5	4	9	3	2	3	0	3	2	2	4	1	4	5	0	9	5	3	3	24	2	10	5	3	3	4	4	17	5	6	5	1	0	15	2	5	2	10	2	6	4	10	2	5	1	1	4	8	8	0	4	12	1	3	5	9	2	19	0	2	3	4	7	4	1	3	3	4	1	9	0	2	1	1	6	0	6	5	5	6	19	2	6	4	0	8	6	1	4	2	6	8	3	5	5	7	1	1	6	4	2	0	2	3	5	5	2	19	2	2	3	9	4	1	3	6	2	3	3	10	6	4	10	4	4	3	10	5	2	4	16	3	0	1	0	4	8	5	5	0	5	1	5	7	2	0	7	10	11	1	0	3	6	4	3	6	10	7	12	21	15	7	3	15	2	13	8	1	3	4	6	8	6	5	5	3	8	3	2	2	2	2	5	1	1	8	4	15	6	0	3	10	6	4	3	0	2	7	10	12	3	0	5	11	20	4	5	0	4	5	7	3	1	11	22	9	16	6	8	7	1	11	5	8	10	2	0	14	2	5	10	3	2	3	4	4	7	8	3	2	9	3	3	15	6	15	1	6	13	4	4	5	10	12	5	9	1	12	2	1	8	7	2	6	6	3	6	105	3	4	4	7	3	1	4	4	5	15	6	2	1	9	2	0	3	2	3	0	7	5	2	9	3	3	0	5	5	3	5	17	0	3	4	8	4	1	5	3	2	4	1	4	10	1	4	6	4	5	1	0	17	4	25	8	8	6	4	10	10	2	1	3	7	0	5	3	10	7	1	6	10	5	4	13	7	13	7	9	4	10	10	1	2	3	5	11	18	4	6	13	2	6	6	3	1	12	13	7	3	1	1	6	7	5	1	5	3	6	6	3	10	8	14	0	5	6	13	2	7	7	2	2	10	1	2	5	0	6	0	6	3	8	5	1	6	0	1	14	3	2	2	1	3	0	4	8	0	2	2	5	9	9	1	2	1	10	5	1	21	2	2	4	2	10	5	1	4	1	10	4	3	1	7	4	4	0
A[Del(T):R2]C	2	2	0	3	7	0	2	1	2	4	1	0	2	0	12	2	4	2	2	1	1	1	1	0	2	2	4	4	3	3	2	3	0	0	2	0	1	6	3	3	2	0	1	2	6	2	2	0	3	1	3	1	2	1	1	2	4	2	4	4	0	4	1	2	3	2	1	0	0	3	3	2	3	0	2	0	2	3	1	0	3	1	1	2	3	4	2	1	6	0	2	0	4	0	0	3	1	2	3	1	0	1	2	1	1	6	3	1	6	5	0	3	0	0	2	2	0	1	2	9	3	1	3	0	1	4	10	0	3	1	2	0	3	2	3	0	0	5	2	1	3	2	3	1	1	6	2	3	1	3	7	7	2	1	1	2	0	11	5	4	1	1	0	1	3	0	1	5	1	1	1	1	0	1	1	0	4	2	4	0	1	1	1	1	1	5	2	10	1	0	4	2	4	1	4	1	2	0	1	2	0	2	0	2	2	2	0	1	0	3	6	0	2	0	1	5	0	2	0	0	4	7	2	3	3	3	0	0	2	2	1	1	1	0	1	3	4	7	0	1	2	3	1	2	0	3	1	0	1	10	2	3	3	2	1	1	2	3	2	3	6	0	0	1	0	1	1	4	5	2	0	0	3	4	1	0	2	2	4	0	2	0	5	0	1	5	7	3	3	7	3	2	1	2	5	2	1	2	1	1	2	1	2	3	0	1	1	1	2	3	0	1	1	1	0	3	3	1	4	2	4	8	2	1	2	0	0	4	4	7	0	1	3	2	4	3	4	1	2	2	1	1	1	0	1	1	3	2	2	2	1	1	2	3	6	0	3	4	0	2	2	1	3	7	3	2	3	3	5	1	4	5	4	4	2	1	0	1	1	1	3	1	2	4	0	4	1	3	1	2	2	2	2	2	1	2	2	28	2	3	1	3	1	2	1	2	1	3	2	2	0	4	1	0	2	0	1	1	3	2	1	3	1	0	1	5	3	4	0	14	0	0	1	1	2	1	2	4	5	4	1	0	2	2	6	7	6	1	1	1	7	1	8	0	7	2	2	4	5	1	0	0	1	0	3	3	5	2	2	5	3	1	5	3	4	7	1	3	2	2	3	1	0	1	1	4	1	2	1	3	3	0	1	2	0	4	3	3	1	1	1	6	4	1	0	2	2	1	4	2	3	9	3	0	1	2	1	4	2	0	2	0	8	1	0	0	1	5	1	5	0	1	2	1	0	1	4	3	2	0	1	4	2	0	5	1	2	0	1	1	7	5	1	2	1	7	5	1	7	1	1	0	1	0	3	3	1	0	6	0	0	1	2	2	0	0
A[Del(T):R2]G	4	6	1	0	11	0	1	2	2	14	3	6	0	0	12	6	4	1	5	1	0	3	1	0	7	3	4	25	2	0	1	5	0	0	3	1	0	2	6	9	5	5	16	2	8	12	2	1	5	1	2	5	3	17	3	3	3	4	3	10	1	4	9	5	7	4	2	7	17	0	7	8	12	5	2	12	5	4	1	4	2	8	7	1	3	15	1	4	15	2	0	3	19	0	8	10	3	3	3	3	0	2	9	4	2	9	22	0	39	4	13	1	0	0	8	1	7	0	11	12	4	0	4	9	6	2	8	0	18	1	1	1	8	2	1	2	0	6	2	1	2	0	1	10	0	4	5	2	0	3	8	19	5	1	1	8	2	12	3	5	1	2	1	15	3	4	0	0	1	2	2	10	0	3	2	1	1	2	9	0	10	8	3	2	2	12	1	33	1	0	11	2	1	4	3	1	0	1	0	3	1	3	0	0	1	2	11	2	0	6	4	0	4	9	0	10	2	0	2	1	13	8	4	1	1	7	1	0	7	7	2	0	3	3	2	2	2	24	0	2	3	6	4	0	1	11	0	0	2	7	3	3	14	7	3	0	5	1	1	5	16	1	1	3	1	1	3	4	3	0	0	0	5	2	1	3	3	5	17	0	1	1	0	0	2	15	21	3	10	18	6	1	1	13	6	15	2	2	3	8	1	1	8	7	0	3	12	1	4	1	0	1	11	0	0	1	8	18	9	0	1	4	5	4	5	1	1	3	6	11	1	1	16	19	13	0	8	1	2	3	1	6	1	5	46	6	8	4	6	1	0	15	3	2	12	0	0	13	0	2	4	5	1	3	2	0	8	2	11	0	8	8	4	20	0	8	0	5	3	4	3	3	6	8	4	11	2	18	6	1	9	10	0	1	10	0	3	48	1	3	3	14	1	2	1	0	3	10	4	4	2	3	1	0	0	1	2	0	3	5	2	7	6	2	2	3	2	2	7	21	0	6	1	2	3	1	1	1	6	3	0	1	13	6	3	15	2	5	2	0	17	4	11	9	7	4	10	12	2	4	1	9	13	1	14	0	6	4	1	7	8	3	5	14	12	11	3	17	7	18	9	0	0	2	0	7	12	0	10	5	4	1	2	1	0	9	12	16	0	0	1	3	4	2	1	8	1	5	6	6	7	13	14	1	2	9	3	3	9	1	2	2	21	2	0	3	0	12	0	5	7	8	10	1	4	2	1	12	4	8	5	2	2	1	6	1	0	0	3	4	8	15	2	4	0	4	4	0	35	0	0	2	1	10	5	0	4	3	14	5	1	0	3	6	9	2
A[Del(T):R3]A	4	7	2	2	8	0	4	1	2	12	3	4	0	1	32	6	3	1	6	1	0	5	0	0	3	3	4	17	0	3	1	9	0	0	1	1	1	4	5	10	4	4	9	1	13	6	4	2	7	6	8	7	1	13	2	2	9	7	3	9	1	5	7	11	9	12	2	2	3	12	9	5	6	4	2	17	8	6	5	7	2	6	7	4	4	8	5	9	54	2	2	9	16	1	5	7	3	4	2	6	2	0	8	7	3	10	14	1	32	6	7	1	1	4	4	3	5	1	6	11	3	1	3	6	8	4	3	0	9	5	12	0	10	5	7	7	0	4	0	2	5	3	1	6	4	8	10	4	4	30	5	14	0	2	4	10	2	14	9	5	4	3	1	9	3	6	3	2	9	3	3	11	2	4	2	1	1	4	10	0	5	13	1	3	4	14	3	29	1	2	20	5	3	4	2	4	5	1	1	6	0	9	1	5	4	7	9	5	2	6	20	4	3	7	3	14	0	4	4	0	9	8	6	3	3	10	1	1	12	12	3	2	7	2	6	4	5	26	0	2	5	13	6	0	1	5	3	2	3	20	2	4	8	7	3	2	8	3	2	2	15	2	0	1	3	4	3	7	6	0	2	0	4	4	3	0	3	16	10	1	1	2	8	1	4	5	11	12	15	17	6	3	5	10	12	22	5	3	4	6	3	3	5	13	1	2	7	4	1	1	1	3	4	2	1	3	5	12	6	3	2	20	2	2	5	1	3	12	7	13	1	2	11	12	19	3	6	1	4	2	2	8	3	4	31	8	11	9	5	0	1	12	9	15	19	3	0	6	3	3	12	8	0	1	4	4	5	5	21	1	7	9	4	14	8	5	0	5	10	3	3	12	10	8	5	11	3	19	3	1	5	10	1	6	6	3	10	134	4	6	5	7	5	3	2	1	3	14	7	2	0	8	1	0	2	0	6	2	6	1	2	8	6	6	1	10	3	9	3	21	2	6	5	5	7	3	10	3	5	4	2	0	13	7	6	12	2	9	2	2	21	3	15	3	9	8	4	11	6	7	2	7	8	1	8	6	15	12	2	6	17	10	3	11	10	6	10	17	9	13	16	3	0	6	3	16	9	4	12	20	4	3	1	1	6	5	16	12	3	5	1	8	5	7	2	4	2	6	5	5	13	16	9	1	2	5	6	5	12	4	0	5	12	0	2	10	2	11	2	9	9	6	10	2	7	2	2	14	4	3	12	3	6	0	20	9	0	2	5	7	17	27	0	8	1	12	7	1	23	8	2	0	0	9	3	2	7	1	15	4	2	0	3	2	5	0
A[Del(T):R3]C	0	1	1	0	3	0	2	0	1	3	2	4	1	0	8	1	1	0	4	2	1	0	1	0	2	3	0	3	3	1	1	1	0	0	3	0	0	4	2	1	5	2	4	2	4	5	0	0	0	4	5	1	1	8	4	1	2	4	2	1	2	1	4	3	5	1	0	4	1	4	1	7	1	3	0	2	2	2	1	3	3	0	5	0	2	7	3	2	17	3	3	1	6	1	1	2	1	2	3	1	0	1	2	1	4	5	4	2	7	1	3	2	1	3	1	1	1	2	2	4	0	0	1	1	3	2	1	0	4	2	1	1	3	5	1	3	1	0	2	0	1	2	0	1	2	4	7	3	0	17	5	4	2	0	2	2	0	4	6	3	2	1	2	8	5	5	1	4	3	3	2	4	2	3	1	1	2	3	5	1	3	3	1	5	4	3	3	9	1	0	2	3	8	2	1	5	1	1	0	2	1	2	2	3	1	1	5	3	0	2	12	0	5	1	1	3	2	2	3	0	5	8	0	6	1	1	4	2	3	3	4	1	3	4	8	3	2	7	0	0	1	9	4	1	0	3	0	1	3	10	3	2	4	4	0	1	2	3	2	1	6	1	1	0	2	0	1	3	3	1	2	0	1	3	1	1	2	6	11	1	1	0	2	1	2	1	6	3	5	5	4	0	3	7	1	5	5	3	3	2	2	2	5	6	2	4	2	0	2	3	4	0	2	0	1	2	3	3	2	0	2	10	1	1	2	0	3	4	4	4	0	0	3	7	8	1	3	0	1	3	3	1	3	4	8	4	6	3	2	1	2	5	2	2	14	0	1	6	0	2	6	2	0	3	0	1	1	2	3	0	5	3	5	12	4	3	1	5	1	1	1	6	1	2	2	8	2	2	1	0	4	3	2	1	7	1	3	49	2	0	4	4	3	1	0	2	2	7	2	2	0	3	0	1	1	1	2	1	5	2	3	4	1	4	3	2	1	4	3	7	0	3	0	1	3	0	3	3	0	5	2	1	6	1	3	3	0	5	1	1	6	2	11	4	5	2	1	4	4	1	0	5	3	1	4	2	4	2	0	2	2	2	5	2	0	9	5	5	4	4	4	1	1	3	2	6	5	1	2	8	3	2	3	1	3	4	3	3	2	0	0	4	1	3	2	1	1	3	3	3	6	9	4	3	4	1	6	2	7	2	1	0	7	1	1	4	0	0	0	5	2	2	7	1	1	1	1	5	5	2	0	2	2	0	2	4	1	2	5	1	2	3	3	2	0	6	7	0	13	0	1	2	2	7	0	0	3	2	8	1	2	3	0	4	2	1
A[Del(T):R3]G	4	3	1	2	9	0	1	1	3	7	0	4	1	1	12	3	0	0	7	1	0	2	1	0	0	1	2	12	0	3	0	4	0	1	2	1	2	6	6	13	5	2	11	0	7	6	3	2	9	3	3	9	2	3	4	0	4	3	3	4	1	7	6	2	4	4	0	4	5	5	5	5	7	3	1	6	5	3	5	1	1	6	2	3	2	7	2	3	18	2	3	6	11	1	3	3	2	1	1	2	2	1	15	2	3	0	9	0	24	6	9	5	1	0	0	1	2	2	3	11	3	3	5	3	5	2	3	1	10	5	2	1	4	5	0	0	0	1	4	1	1	0	3	8	2	4	5	8	3	11	1	14	2	0	1	6	0	11	4	6	3	1	0	14	2	6	3	7	1	2	1	4	0	4	2	0	2	2	7	2	10	6	3	1	6	6	2	23	4	0	5	2	3	0	1	4	0	1	3	8	2	4	0	0	10	2	3	3	0	2	7	1	3	0	2	9	0	0	3	2	9	7	4	3	2	3	0	0	7	4	2	1	7	0	2	4	3	23	1	3	3	9	3	3	2	3	0	2	1	5	2	3	4	10	1	0	4	1	0	3	10	2	0	1	0	1	5	7	2	1	0	0	2	0	2	3	4	10	5	0	0	2	0	1	1	9	18	6	5	13	8	1	0	12	2	12	3	1	1	0	0	0	9	4	2	3	7	1	1	1	1	3	5	0	0	0	4	7	6	1	2	7	0	0	2	0	2	5	7	5	3	2	12	10	13	2	7	1	2	2	5	7	1	2	21	5	9	5	2	0	2	7	4	3	10	2	1	12	1	4	4	3	0	6	4	1	6	10	5	0	7	5	4	17	1	4	0	5	6	3	6	12	6	6	3	11	3	12	2	0	7	6	2	4	6	1	4	50	2	2	4	2	0	0	1	2	2	13	2	2	1	5	0	0	0	0	3	0	2	2	1	7	3	2	3	5	2	5	8	17	0	2	1	4	3	0	2	1	5	4	0	0	13	8	4	9	0	7	3	1	17	2	12	8	12	3	1	12	2	8	2	5	7	0	6	3	5	10	1	3	8	3	2	9	3	12	4	5	6	12	3	1	1	6	1	8	8	2	3	18	1	3	2	0	1	8	12	5	2	3	1	4	5	2	1	1	2	7	2	4	5	5	4	2	5	2	2	2	11	4	0	5	7	1	1	2	3	3	0	4	6	5	8	3	3	0	2	13	3	2	5	4	1	0	5	1	0	1	2	0	5	14	3	8	0	6	5	0	17	2	1	1	0	5	5	0	8	1	14	6	1	0	1	2	3	3
A[Del(T):R4]A	0	8	2	6	12	0	3	0	9	7	0	3	0	1	16	9	6	2	6	1	0	1	2	0	4	4	4	15	3	3	1	7	0	0	2	2	4	1	4	6	10	8	3	2	4	5	9	5	8	4	10	7	1	20	5	6	14	9	2	8	3	7	11	4	9	7	0	3	10	9	9	6	8	2	2	9	9	6	5	5	4	3	4	5	4	9	6	5	103	6	3	5	12	3	5	3	1	0	2	3	1	0	6	5	1	5	15	2	41	7	4	3	2	1	1	1	4	0	2	14	1	2	2	11	13	5	7	2	12	4	3	3	8	4	2	2	0	2	1	1	1	6	1	3	3	2	12	6	1	67	2	27	2	1	7	15	6	14	4	5	10	2	1	14	4	2	1	3	3	3	6	9	2	3	4	1	5	6	8	2	6	8	6	4	6	16	5	35	5	1	13	6	5	5	1	3	2	5	4	9	5	3	2	1	4	2	7	7	1	6	68	3	3	8	4	17	2	5	7	1	12	4	2	10	2	8	1	0	10	7	4	2	3	3	7	0	2	25	1	2	4	47	7	3	3	6	3	1	3	14	4	6	7	8	2	3	5	7	1	3	15	2	1	3	1	1	5	8	10	1	7	1	7	4	1	4	10	15	10	2	1	1	3	3	8	15	5	8	6	15	11	0	2	12	5	22	7	3	3	4	1	2	7	5	5	3	9	2	6	3	3	3	10	0	4	1	1	15	8	1	3	8	2	5	1	1	4	13	11	14	1	2	12	13	17	5	8	0	3	3	7	11	1	5	25	14	7	8	11	2	0	7	3	2	8	3	2	9	2	2	26	10	2	4	1	6	6	9	12	3	10	7	5	12	6	7	0	5	4	5	8	5	5	9	10	8	3	20	4	3	9	12	4	4	8	2	4	206	3	2	4	6	1	1	1	3	6	17	13	2	3	11	3	0	5	2	7	3	7	8	2	6	6	1	2	7	1	5	6	6	1	4	3	2	6	4	4	4	12	6	2	2	8	6	5	5	3	9	3	3	18	9	20	4	7	8	14	14	3	5	1	16	8	0	12	8	10	9	2	4	10	11	4	12	7	13	4	8	5	21	6	2	0	3	1	12	13	2	6	16	3	4	2	1	1	7	14	7	3	3	2	4	8	3	1	10	2	8	5	6	9	5	6	2	5	1	3	3	8	7	1	10	15	1	2	8	3	9	3	9	6	9	7	5	9	1	2	15	4	5	3	3	5	3	9	3	1	1	5	5	15	9	3	6	1	4	4	3	21	4	2	4	2	12	5	1	10	0	12	4	3	1	4	3	4	2
A[Del(T):R4]C	1	2	1	1	4	0	3	0	1	10	1	3	0	0	14	2	5	1	3	1	0	1	2	2	2	0	4	2	3	1	2	0	1	0	2	2	1	0	2	9	7	4	4	1	6	1	4	1	4	5	4	1	0	4	1	5	5	4	6	8	1	3	4	6	5	6	2	7	8	5	7	5	3	2	3	2	3	0	3	5	0	3	6	3	9	8	1	4	56	5	2	5	10	1	5	3	1	1	1	2	1	0	3	2	0	5	7	0	14	3	4	0	0	0	4	1	3	2	1	5	2	0	2	0	6	4	0	1	4	1	3	2	7	1	1	0	0	1	2	1	2	1	0	3	4	3	6	0	0	42	0	12	0	0	4	8	2	6	2	4	9	1	1	4	0	2	3	2	1	3	0	6	1	3	1	1	2	8	4	0	3	3	2	1	1	6	1	14	2	1	5	5	0	5	1	1	1	0	1	1	2	2	3	4	2	1	3	2	0	6	39	0	2	6	0	2	6	1	2	3	9	5	6	3	1	6	1	0	7	4	1	1	2	1	3	3	4	5	0	2	1	41	1	0	0	2	0	0	1	8	3	2	6	6	1	2	1	5	1	1	12	1	1	2	2	1	2	8	5	0	2	0	4	3	1	5	2	4	6	1	0	1	4	1	2	9	9	3	5	5	6	4	0	4	1	7	2	0	2	3	1	0	0	5	1	2	6	0	2	2	2	0	5	1	0	2	5	5	2	0	2	8	0	3	3	2	2	5	8	7	1	0	8	9	11	7	3	0	0	3	1	11	3	1	13	6	4	3	1	1	3	7	3	2	11	0	0	3	0	5	12	5	3	3	2	1	2	6	5	0	11	5	4	12	1	5	0	2	1	0	3	4	5	4	6	12	1	6	3	4	3	3	2	1	2	2	5	111	1	3	1	6	4	3	5	1	3	9	2	0	3	4	1	0	1	0	3	0	2	4	1	2	2	2	1	7	2	3	2	2	1	5	2	4	3	0	1	4	2	0	0	1	7	3	4	4	0	5	1	0	11	1	6	2	2	4	2	8	1	2	0	3	6	1	5	1	9	5	1	2	3	0	1	8	4	4	5	4	3	2	5	0	2	3	3	3	7	2	1	3	1	1	1	0	1	3	3	6	1	4	1	1	5	5	0	1	0	1	3	5	5	6	4	2	3	4	4	3	12	4	1	0	5	0	3	0	3	4	0	3	4	5	5	1	2	1	1	14	7	3	3	3	2	1	3	2	0	1	2	0	5	15	1	3	0	1	2	0	11	3	0	2	1	4	1	1	4	1	12	0	1	1	1	1	6	1
A[Del(T):R4]G	4	8	0	3	16	0	0	1	1	8	3	8	2	0	17	4	3	2	8	3	0	2	2	0	1	1	7	10	2	3	1	10	0	2	1	0	1	1	5	8	3	3	11	3	13	10	3	4	13	7	5	6	3	11	7	2	9	5	8	4	1	5	9	8	12	11	0	5	10	10	9	14	7	6	0	14	9	3	6	1	1	3	4	7	6	21	4	8	60	4	1	9	17	2	7	9	0	2	2	3	1	0	14	5	4	9	15	0	38	5	12	1	2	1	4	1	4	2	5	12	0	1	5	4	16	6	3	0	15	4	3	2	6	3	3	8	0	6	0	0	0	1	0	6	1	2	7	3	2	29	1	19	2	2	2	9	2	11	10	9	4	2	1	8	1	3	1	3	1	2	0	4	0	3	2	0	4	4	11	1	5	16	5	0	4	13	5	35	0	2	12	6	8	2	1	1	0	0	0	9	0	3	0	0	1	2	3	4	1	9	23	1	5	6	3	15	5	1	6	3	11	5	4	4	5	7	2	2	11	8	2	2	6	0	10	1	1	41	0	1	3	35	2	2	1	6	1	1	4	11	3	1	6	3	3	2	10	1	2	2	9	0	1	3	2	2	8	10	7	0	2	0	3	4	3	3	8	16	9	0	0	3	2	1	5	14	19	10	9	18	5	2	2	17	2	16	3	0	1	5	4	2	13	10	3	1	8	0	3	3	0	2	10	0	3	0	4	14	7	1	1	7	0	1	4	2	4	16	11	2	0	0	15	14	19	9	8	0	1	3	4	16	2	2	34	16	9	9	2	1	4	9	2	3	19	0	0	15	1	2	10	5	1	6	0	0	4	6	11	1	9	7	5	21	11	15	0	7	6	1	3	7	4	10	11	10	2	14	1	1	2	7	3	2	11	1	4	98	0	1	2	9	0	2	2	1	1	16	2	0	1	3	1	0	1	1	3	1	3	4	0	5	4	1	2	5	0	3	6	18	2	0	1	4	3	0	3	4	9	4	2	0	9	4	9	11	2	7	1	3	21	6	15	3	7	7	4	13	1	1	0	3	8	0	13	2	15	6	1	4	3	8	2	13	8	6	4	15	6	17	14	4	1	5	2	9	10	2	6	22	5	3	0	1	3	3	9	10	8	1	0	3	4	6	0	3	3	17	1	3	16	10	10	0	2	3	7	4	11	3	1	0	19	3	4	5	0	7	1	6	5	11	14	0	5	0	2	16	4	5	9	0	2	0	13	0	0	1	4	2	9	18	1	7	0	1	5	0	19	0	0	1	2	13	1	0	4	0	6	3	1	0	0	1	3	0
A[Del(T):R5]A	1	5	4	5	14	0	4	0	2	8	2	3	1	1	23	6	7	2	7	0	0	2	0	0	2	3	2	8	2	2	2	6	0	1	1	2	2	4	6	4	7	6	8	7	8	7	4	5	8	2	10	8	2	9	6	5	5	8	8	6	3	3	8	13	7	6	1	6	8	8	10	5	17	5	1	11	7	6	4	4	3	4	9	1	3	11	1	2	507	2	3	9	10	2	5	6	2	1	2	3	3	0	5	3	5	8	12	7	39	3	6	0	0	0	5	3	5	2	9	16	7	0	4	8	6	5	7	2	8	3	3	0	8	0	5	4	0	5	5	0	0	3	3	7	3	10	14	8	0	361	4	22	2	0	2	13	1	17	10	8	18	5	0	9	7	6	0	8	6	1	7	7	5	3	1	0	1	7	16	1	10	5	1	2	4	12	5	22	1	0	7	5	5	2	1	5	3	7	3	3	1	14	1	2	3	1	5	14	0	2	332	1	5	6	2	6	3	2	7	4	8	6	1	5	3	5	2	1	9	2	5	5	4	1	3	3	3	21	2	0	5	230	8	0	1	5	4	0	2	9	7	6	9	6	5	0	8	8	2	1	18	1	2	4	2	1	4	10	7	1	1	0	3	4	3	4	10	9	7	2	0	1	11	5	1	14	11	6	16	19	10	0	1	7	1	24	4	7	1	5	2	3	14	5	3	4	5	2	2	11	1	4	8	2	4	7	5	13	3	2	1	4	2	5	2	4	9	8	15	8	2	1	8	18	12	6	5	2	1	2	2	5	0	8	17	6	6	5	5	6	2	14	3	2	13	1	1	19	1	5	18	10	5	7	2	2	5	3	7	1	12	8	5	22	4	7	0	8	4	3	7	15	5	11	9	14	8	11	3	6	8	3	1	2	11	4	4	805	5	3	10	5	2	2	1	10	7	16	3	2	0	6	0	2	0	1	9	1	6	7	1	9	10	4	1	18	0	6	4	9	1	7	2	7	2	2	6	6	9	4	2	0	10	4	5	17	2	6	6	2	22	5	18	6	13	8	4	15	4	4	1	8	5	1	10	6	23	6	1	4	10	12	7	5	8	14	8	7	11	11	9	2	0	8	2	15	7	5	10	7	5	2	2	5	0	5	4	5	3	5	2	13	6	9	0	13	2	10	6	6	12	5	5	6	3	5	4	6	15	7	0	6	21	3	3	4	2	9	2	6	3	9	6	4	2	1	2	10	8	8	5	2	6	2	7	13	1	3	10	5	8	17	2	11	0	7	8	0	23	6	2	6	2	10	1	4	7	1	13	2	2	3	2	1	7	2
A[Del(T):R5]C	1	2	2	3	5	0	1	0	6	5	0	2	1	1	10	2	1	2	1	0	0	2	0	0	2	0	3	5	3	1	0	4	0	1	2	1	0	5	4	6	0	2	5	3	3	5	1	3	1	3	4	4	1	1	1	3	5	7	3	2	2	4	5	5	1	6	0	2	3	2	6	4	3	1	2	2	4	1	2	1	2	3	1	0	2	10	2	2	197	2	2	2	5	2	1	1	6	0	1	1	1	0	6	4	2	2	3	1	13	1	2	1	0	1	1	1	0	1	2	2	2	0	1	5	3	1	2	0	6	1	4	0	4	1	1	0	0	6	1	0	3	0	3	6	1	7	7	2	1	127	1	8	1	0	1	2	0	5	3	2	16	1	0	4	2	1	1	4	0	0	3	3	2	1	1	1	1	1	7	0	2	4	4	2	3	7	4	12	1	0	6	4	4	4	1	2	0	3	0	6	2	2	1	0	2	2	4	4	0	2	127	0	3	7	2	9	4	1	3	1	6	1	2	3	5	0	1	0	3	3	2	0	3	1	6	1	1	8	2	1	5	111	2	0	0	3	2	1	4	4	2	2	5	1	1	0	1	8	0	2	5	1	0	2	0	1	2	2	7	0	0	0	3	2	0	1	1	3	5	1	2	0	2	1	1	5	5	2	11	12	5	1	1	2	6	11	3	1	1	2	1	0	4	4	4	3	1	1	3	3	0	0	3	1	5	2	4	8	1	3	2	4	0	1	0	3	1	10	6	2	0	1	8	8	0	4	2	2	0	4	0	4	2	2	5	3	2	3	6	3	0	6	6	3	3	1	0	3	0	1	7	4	2	6	1	3	0	3	7	0	8	6	6	7	6	3	0	4	3	2	1	4	3	6	3	7	3	5	3	7	3	2	0	0	1	1	3	272	0	5	3	2	0	0	2	2	2	10	0	2	2	8	3	0	0	0	4	0	6	3	2	5	5	2	2	8	3	6	4	4	0	1	0	0	1	3	5	1	1	3	0	0	3	1	3	0	0	2	0	0	8	2	8	2	4	3	3	5	0	1	1	5	2	0	4	3	11	3	1	2	4	4	1	1	3	8	0	3	0	5	1	0	0	1	3	8	2	0	2	4	2	0	4	0	1	5	8	2	2	0	0	3	1	8	4	1	0	3	1	4	6	2	5	0	3	3	5	2	5	5	0	2	16	2	1	2	1	2	2	5	3	3	0	1	4	1	3	2	7	1	3	0	3	0	4	7	0	1	2	5	5	11	0	7	0	2	2	2	9	1	0	0	1	5	0	2	4	0	8	1	0	0	3	1	2	0
A[Del(T):R5]G	1	5	4	1	5	0	0	0	4	7	0	9	0	1	18	5	4	1	4	1	0	0	0	0	2	3	2	4	3	1	2	9	0	0	4	0	0	4	2	4	3	4	9	1	13	2	3	2	8	2	4	7	3	12	0	1	7	4	1	6	0	5	5	10	5	4	0	5	6	12	5	5	2	2	1	10	7	4	1	4	1	4	2	6	3	13	5	4	285	3	1	5	6	0	2	6	0	1	1	3	1	1	8	3	1	4	6	0	22	2	5	2	0	3	7	5	1	0	7	10	1	1	6	1	7	4	12	0	5	5	2	2	5	2	2	3	0	4	2	1	1	1	1	5	3	2	5	2	1	154	1	16	4	5	2	10	0	9	2	9	5	2	0	9	4	5	1	0	9	1	1	6	3	2	3	0	0	2	10	0	9	5	3	1	4	7	2	16	1	0	6	3	5	1	1	0	2	0	1	5	1	3	0	3	2	2	6	6	0	6	129	0	4	6	2	7	3	1	3	1	9	7	2	8	1	5	2	1	4	3	0	0	5	1	3	1	2	17	1	2	4	121	1	0	1	4	1	0	1	9	2	1	3	5	1	1	4	4	2	6	6	1	3	0	0	2	5	7	5	0	2	0	0	3	2	2	8	14	8	1	0	1	2	2	4	5	4	8	11	16	4	2	1	7	2	12	5	1	1	6	0	1	6	4	5	1	9	1	4	2	1	7	3	2	2	1	5	2	6	1	2	5	0	3	5	1	2	7	8	1	0	2	10	11	13	4	1	3	0	0	1	5	4	4	20	7	9	4	3	1	1	8	8	5	12	2	1	3	1	3	14	2	1	4	0	2	5	2	6	2	9	5	11	12	7	4	0	4	2	0	3	3	6	8	5	16	3	15	5	2	7	4	1	0	7	1	2	294	3	1	6	6	3	1	4	4	3	10	0	2	0	5	0	0	1	0	3	2	1	7	2	4	5	2	0	18	1	4	0	9	1	3	2	4	5	2	3	2	6	1	0	0	10	8	9	2	1	3	1	1	8	3	10	3	10	11	5	11	3	0	2	7	9	0	5	2	4	4	2	8	7	5	5	4	2	3	4	12	3	6	4	1	1	2	2	10	9	0	4	3	2	1	2	1	0	3	5	5	3	1	3	3	4	6	1	2	1	6	0	3	9	2	3	3	1	3	3	3	15	8	2	4	5	2	2	4	1	3	2	3	7	6	3	0	2	0	2	6	8	1	3	0	0	0	4	3	0	0	3	1	8	12	2	4	0	4	7	1	11	2	0	1	0	7	2	1	3	0	13	0	0	1	0	0	7	2
A[Del(T):R6]A	1	3	0	9	7	0	2	0	3	5	0	1	0	0	19	4	9	1	4	1	1	0	1	0	1	6	2	8	0	5	2	6	0	0	1	1	0	1	1	7	9	4	13	5	4	5	6	11	4	6	3	5	1	16	9	2	10	5	4	5	2	2	14	8	6	14	0	2	4	9	8	4	10	8	2	12	4	6	4	2	2	3	6	7	5	15	1	4	886	3	4	4	12	3	6	2	2	2	3	3	3	1	3	4	5	4	14	5	24	5	2	4	0	0	8	4	4	1	2	14	5	0	7	4	3	3	2	0	7	0	6	3	5	1	4	1	0	5	1	0	1	1	1	9	2	13	15	1	5	666	1	16	7	0	4	4	1	16	7	10	33	5	2	6	3	1	1	1	12	3	9	2	3	4	3	0	9	13	14	1	5	5	5	5	3	5	8	32	0	2	10	11	3	13	2	9	1	8	1	2	5	3	2	0	6	7	3	10	1	3	539	4	9	9	4	9	6	2	5	1	4	6	4	6	7	10	1	1	6	5	4	4	4	3	9	2	3	17	1	2	12	430	7	2	2	5	4	2	2	5	3	1	7	2	0	1	10	9	0	5	18	0	2	6	3	1	3	7	12	1	2	0	9	5	2	6	7	6	2	0	1	2	26	7	6	10	10	2	20	15	8	4	2	8	3	29	3	9	0	6	0	1	10	10	4	2	4	2	14	16	0	5	5	2	5	3	2	16	4	1	3	4	2	2	4	5	3	23	14	6	0	1	7	17	8	5	1	1	0	8	1	7	2	13	11	3	3	9	4	5	0	13	3	2	5	1	2	23	0	7	18	9	3	3	1	3	7	6	10	1	7	7	8	15	8	6	2	8	6	2	4	5	10	10	8	17	2	19	4	5	9	6	6	0	15	3	3	1243	5	6	4	5	0	2	2	9	4	15	4	3	1	7	3	1	2	1	8	1	5	3	1	11	9	9	0	37	1	8	4	2	0	3	1	3	1	1	2	2	3	3	3	1	3	1	9	4	6	2	1	3	19	6	21	1	4	3	5	10	2	4	0	5	7	0	9	2	23	10	2	3	6	18	7	7	7	7	6	11	5	10	5	5	2	4	9	13	1	2	1	5	8	1	3	4	1	6	6	7	8	1	3	6	4	6	1	4	0	8	3	2	4	5	4	6	2	5	9	5	15	3	1	7	16	5	5	8	3	6	1	7	5	7	8	1	3	0	8	14	8	3	1	4	3	1	12	19	0	1	4	7	5	16	4	16	0	6	9	2	15	2	0	1	2	9	2	4	1	1	8	1	0	0	5	1	5	1
A[Del(T):R6]C	1	4	2	5	3	0	1	0	1	4	0	1	0	0	7	1	5	1	2	0	0	0	1	0	1	2	4	1	1	2	0	0	0	0	1	0	1	0	4	1	4	0	2	1	4	2	4	3	1	1	7	3	3	7	1	2	2	6	4	2	0	4	3	1	6	11	0	0	3	5	4	2	1	3	1	7	1	1	1	2	1	3	2	2	2	8	0	1	219	0	3	2	5	0	6	5	2	2	0	4	1	1	1	0	0	1	4	3	17	2	2	2	0	0	2	4	2	4	2	9	6	0	5	2	1	0	2	1	6	1	0	0	4	1	0	0	0	4	2	1	1	0	1	4	0	4	12	0	1	181	1	6	4	2	0	3	0	15	1	2	13	3	0	2	3	2	0	2	1	0	4	5	1	5	4	3	1	7	11	0	3	2	1	2	5	3	3	14	1	0	3	4	2	1	0	2	2	5	1	1	0	1	0	1	4	1	3	6	0	1	164	6	4	2	1	6	4	0	3	1	4	4	3	6	5	2	2	0	5	4	2	1	2	2	2	5	2	11	1	2	5	128	3	1	0	3	0	1	1	4	1	0	2	2	0	0	2	4	0	1	7	1	1	3	3	0	3	5	2	0	2	0	3	3	1	3	3	2	3	1	1	0	6	0	1	4	2	2	3	11	2	1	0	3	2	18	2	1	2	1	0	0	3	2	5	3	0	0	4	5	0	2	4	0	1	3	1	11	5	0	0	4	0	0	1	2	3	11	8	2	0	1	3	13	4	1	3	0	0	3	4	6	1	5	6	1	7	2	1	4	1	0	4	2	6	2	1	8	1	3	7	9	1	2	2	1	5	5	4	0	5	3	7	6	5	1	0	2	2	1	1	5	2	7	9	4	6	9	0	3	5	3	3	2	4	5	5	372	2	3	10	0	1	0	1	3	1	7	1	0	0	3	1	0	0	0	5	0	3	4	1	4	6	4	1	12	0	4	2	4	1	5	3	3	2	2	2	3	1	4	0	0	2	0	5	2	4	2	3	2	1	2	5	2	4	4	2	7	0	2	1	1	2	1	7	3	7	2	3	3	3	6	3	2	0	8	4	1	2	7	2	2	1	7	1	6	3	3	4	2	1	2	1	3	7	3	1	6	4	1	3	7	1	4	1	4	0	3	4	1	2	5	1	3	2	0	3	2	5	6	0	3	14	2	3	1	2	2	0	1	2	0	1	0	0	1	0	1	6	2	2	2	2	1	6	9	0	1	4	4	3	4	2	9	0	5	3	2	5	1	0	0	3	4	1	1	5	0	7	3	0	0	1	1	4	1
A[Del(T):R6]G	4	4	1	2	4	0	2	1	3	6	1	4	0	1	14	0	1	0	2	0	1	0	0	0	2	0	1	4	1	2	0	2	1	0	1	0	0	1	1	7	4	4	2	3	6	6	1	4	2	5	4	3	2	6	0	1	4	7	5	3	0	3	5	8	2	13	0	6	6	7	5	5	6	4	3	10	8	3	4	1	3	2	3	3	4	12	1	3	484	0	0	3	13	0	5	0	2	2	1	5	1	0	4	4	1	4	5	3	20	3	5	3	1	1	3	3	4	3	5	12	2	0	4	3	4	2	1	1	5	2	3	2	5	5	4	1	0	5	2	2	2	0	3	5	3	5	6	3	2	279	3	6	0	0	1	9	1	15	9	5	4	2	1	4	2	2	1	3	10	2	1	3	0	2	2	0	4	3	13	2	5	4	1	6	5	5	0	16	1	1	6	5	6	4	0	6	1	2	1	2	1	3	0	0	2	2	0	4	1	4	231	4	2	4	2	3	4	0	5	0	4	3	2	3	3	2	1	0	3	5	0	2	5	4	0	3	2	13	0	0	1	200	2	1	2	3	0	1	0	5	2	1	4	4	2	0	7	8	1	3	15	3	2	1	1	1	3	2	4	1	4	0	4	0	1	4	2	3	9	1	0	0	6	2	3	5	6	3	3	6	5	0	1	4	6	18	3	0	3	2	0	2	5	2	5	4	3	1	2	11	1	0	4	3	2	4	4	8	3	1	1	5	1	3	3	1	0	6	9	3	1	1	6	7	11	3	2	0	1	4	0	10	1	4	11	3	1	2	3	3	1	4	0	0	7	0	2	8	0	3	11	4	1	3	3	1	2	5	7	0	5	2	3	10	4	6	0	4	2	3	3	2	3	10	4	14	1	11	1	4	6	6	1	2	7	3	3	526	0	3	3	5	0	0	1	3	0	11	2	1	0	3	2	1	1	1	4	2	3	4	1	6	5	1	1	10	2	1	4	1	0	5	3	2	2	2	2	1	3	1	1	2	3	4	4	6	4	3	4	2	15	2	8	4	5	7	3	6	2	2	0	4	4	0	4	0	10	2	0	3	6	5	2	7	3	5	7	8	10	11	4	2	1	3	4	10	3	0	2	7	3	0	3	2	3	3	7	4	3	1	0	6	2	5	1	2	1	3	1	3	5	3	3	3	2	3	4	2	12	3	0	1	11	1	1	2	1	5	1	3	0	4	4	2	5	0	3	5	9	2	1	4	2	0	3	9	0	2	3	2	3	10	0	2	0	3	3	1	10	1	0	1	1	3	3	1	2	0	8	3	0	0	2	0	3	1
A[Del(T):R7]A	0	3	1	9	2	0	0	0	2	4	1	0	2	2	9	0	5	3	2	0	0	2	2	0	1	3	4	3	1	2	2	2	0	0	3	0	2	1	0	3	10	3	9	3	3	2	7	6	2	6	2	7	1	15	4	1	4	5	4	1	3	2	5	0	3	14	1	2	4	6	8	3	6	10	1	10	5	2	5	2	4	1	4	1	7	14	0	0	1334	0	3	3	11	0	10	4	3	2	1	7	3	0	2	3	1	4	4	6	30	5	3	1	2	1	5	5	4	2	6	10	7	0	7	3	2	5	4	1	5	1	7	0	8	2	6	0	0	6	0	0	2	1	1	12	4	9	12	1	6	927	4	18	4	0	4	4	2	16	2	7	36	3	0	6	4	3	1	1	24	5	8	6	5	6	3	1	2	10	20	0	6	1	2	2	0	6	6	17	1	2	5	4	4	6	1	10	3	9	1	4	0	4	2	2	4	7	2	13	0	1	709	4	6	7	5	8	7	1	5	4	8	2	6	7	3	5	4	0	3	6	7	1	5	0	7	4	1	11	1	3	10	557	8	3	1	2	2	1	6	2	6	1	6	4	3	2	8	23	2	10	12	0	0	5	1	1	3	8	5	0	1	1	8	4	2	5	8	1	0	1	0	0	15	10	1	6	3	1	19	14	9	1	3	4	3	38	4	7	2	6	2	3	6	6	13	3	6	2	8	14	4	3	1	1	3	6	7	8	7	1	2	2	2	1	0	5	5	24	21	10	0	6	9	15	12	5	3	0	2	16	1	6	2	12	4	2	6	4	4	7	0	6	3	5	2	1	2	15	1	2	21	10	7	3	5	7	10	10	4	0	13	6	4	17	5	3	0	5	5	0	2	12	5	7	3	9	5	16	5	13	6	6	1	2	8	4	5	1677	3	6	14	5	2	0	4	8	1	17	3	6	1	4	2	0	1	1	7	2	6	6	1	10	17	8	0	52	3	7	4	5	0	7	4	2	2	0	2	4	3	4	0	0	4	2	6	1	7	2	2	0	12	2	20	2	1	2	2	9	4	1	0	4	3	0	6	1	34	3	3	2	10	14	2	4	4	9	7	12	8	1	3	1	1	7	0	15	3	2	3	3	7	0	2	1	2	3	5	3	4	2	5	5	4	6	2	2	1	5	3	3	3	4	3	7	6	6	7	6	8	2	0	0	11	1	9	0	3	4	2	3	3	8	4	2	2	3	4	2	17	6	0	2	9	0	16	13	2	0	4	7	5	21	0	15	0	9	11	4	10	0	1	1	4	9	0	1	4	0	16	0	2	2	4	2	0	1
A[Del(T):R7]C	3	5	1	5	3	0	3	1	0	1	0	1	0	0	9	2	4	1	1	0	1	0	0	0	1	2	2	5	1	2	1	0	0	1	3	0	1	0	4	2	3	2	4	0	2	2	7	2	1	2	5	1	1	12	2	0	5	7	3	3	3	3	6	3	4	6	0	5	3	5	2	8	2	11	5	7	5	3	1	1	2	3	3	3	3	10	1	3	721	0	5	4	9	0	7	1	4	0	1	5	1	0	4	5	3	3	6	5	22	2	4	2	2	0	7	7	4	1	11	5	10	0	2	4	6	7	3	2	3	2	5	0	8	2	2	0	0	6	0	0	1	0	0	14	3	5	12	4	3	457	4	10	2	0	3	4	0	9	5	5	20	3	0	6	2	2	0	4	13	2	11	6	2	5	6	2	1	7	18	1	4	6	3	3	5	6	4	27	4	2	8	9	1	3	1	2	6	6	0	5	2	2	2	2	2	9	2	6	1	1	422	2	1	2	2	7	6	0	6	3	6	4	3	8	8	5	0	0	4	3	5	4	4	3	7	4	1	12	2	2	11	305	6	4	0	5	6	0	0	2	3	1	8	8	2	0	1	13	3	4	18	1	1	4	5	3	1	4	3	0	2	0	7	1	0	11	3	4	2	0	0	0	18	7	1	5	2	2	11	14	6	2	2	4	3	34	4	7	1	3	2	0	3	5	12	0	7	0	10	10	2	5	3	2	5	7	0	10	3	0	0	4	2	1	2	2	3	17	9	4	0	5	5	12	8	6	1	1	3	11	3	3	5	7	4	6	6	2	2	9	2	6	3	1	4	1	3	12	0	4	33	12	6	4	5	7	4	4	8	0	8	3	7	11	7	2	0	4	1	2	2	5	5	3	4	12	2	10	3	9	4	10	1	3	7	8	4	1028	5	6	8	6	1	0	1	7	3	19	6	1	2	3	1	3	0	0	5	3	6	4	1	8	8	4	1	36	3	3	1	6	0	8	3	3	1	1	1	3	3	3	0	2	6	0	11	4	8	2	0	1	12	1	16	3	8	2	3	11	1	3	1	5	5	1	3	6	19	2	4	2	5	10	9	5	3	5	3	3	5	7	5	2	0	4	0	14	2	2	2	3	5	1	4	1	2	6	4	5	4	2	4	7	4	7	0	3	0	3	2	1	3	5	3	10	7	7	2	2	13	1	2	1	22	2	3	3	1	3	0	3	2	2	2	1	1	1	1	7	13	3	2	1	4	2	12	12	0	2	5	5	6	17	1	15	0	12	7	3	15	2	0	1	1	5	0	2	2	1	13	1	0	1	4	2	1	0
A[Del(T):R7]G	2	2	3	2	3	0	2	0	2	3	0	0	1	0	6	2	3	0	2	1	0	0	1	0	1	2	2	1	0	3	0	1	0	0	2	1	0	2	0	5	3	2	4	0	2	2	4	3	1	2	4	3	0	4	4	1	4	7	5	2	0	0	5	4	5	9	0	0	4	3	5	7	1	7	0	4	4	2	2	0	1	3	3	5	0	9	0	0	1087	3	3	3	9	2	7	3	1	0	3	1	3	0	4	4	2	3	0	6	16	0	2	2	3	1	2	5	2	2	6	12	5	2	1	3	3	1	3	2	2	1	2	1	2	0	2	1	0	4	1	0	1	0	1	7	2	4	4	1	0	687	0	8	3	0	4	9	2	19	2	3	23	1	0	1	4	0	2	1	13	2	5	5	2	2	3	1	1	11	16	0	2	1	2	2	1	7	6	12	1	0	2	13	2	2	0	2	0	4	1	5	3	3	0	0	3	0	1	6	0	1	493	2	3	5	6	7	2	0	4	0	3	2	2	3	3	4	0	0	2	4	6	7	0	1	4	1	1	10	1	1	2	415	2	2	1	3	1	1	2	1	2	0	2	1	3	1	1	4	1	6	10	1	0	2	5	1	0	6	5	3	2	0	6	1	1	5	5	3	6	0	0	0	12	4	2	8	4	3	6	13	5	1	1	2	5	23	1	0	1	1	3	0	2	5	8	0	3	0	3	12	0	0	0	1	3	2	0	8	4	1	0	1	0	0	1	4	1	15	8	3	0	1	5	6	7	3	3	0	0	9	1	4	2	3	6	3	4	5	0	8	0	3	6	0	4	1	3	13	0	3	26	8	1	1	0	4	4	5	2	1	7	5	7	14	3	4	1	2	1	2	3	2	7	9	6	4	4	10	1	6	2	6	1	0	9	4	0	1141	2	1	7	5	0	0	0	7	1	8	6	3	1	3	2	0	0	0	5	5	6	1	2	7	11	4	0	28	2	4	1	3	0	5	1	3	3	1	4	1	3	1	1	0	5	0	2	3	5	2	1	1	12	2	8	0	5	3	1	4	1	3	1	4	2	0	3	4	15	4	3	4	5	6	0	5	0	5	3	10	4	8	0	2	0	4	1	9	3	0	0	5	4	0	0	2	1	1	3	3	2	1	2	4	2	5	1	1	0	5	1	1	1	1	5	5	2	3	1	3	2	2	0	2	15	2	2	0	2	1	1	2	2	1	3	0	2	1	2	4	9	2	1	2	3	1	6	6	1	2	3	3	5	13	2	8	0	2	4	3	7	1	0	2	2	4	0	3	0	0	12	1	0	0	0	0	1	2
A[Del(T):R8]A	0	2	5	10	2	0	0	0	1	0	1	1	3	0	9	0	2	0	0	0	0	0	1	0	0	3	4	0	1	4	1	0	0	0	0	1	0	1	2	3	2	0	8	1	2	4	4	6	4	2	2	1	1	7	2	1	4	4	1	4	1	5	1	1	5	9	0	3	1	4	6	4	3	5	1	9	3	2	5	1	4	3	2	2	1	16	1	2	1978	3	2	2	15	0	4	5	2	1	1	1	2	0	7	9	1	6	6	17	36	1	3	1	4	1	8	8	5	4	9	17	8	0	5	4	4	4	4	2	7	1	4	1	7	1	6	2	0	1	4	2	8	0	2	23	4	6	14	0	4	1372	1	12	3	1	7	8	1	27	3	5	63	12	1	6	5	5	0	4	18	6	12	5	9	5	4	1	7	19	28	0	1	4	2	7	3	11	4	30	4	5	12	16	7	17	0	8	5	3	0	4	3	4	1	2	1	6	2	18	2	2	1032	4	9	4	5	12	14	0	11	0	8	3	2	5	10	3	2	1	10	2	6	4	2	4	7	0	3	12	3	0	13	789	11	1	0	1	3	1	3	3	6	3	15	3	6	2	4	12	4	11	28	1	1	3	5	0	2	10	6	1	1	0	12	5	1	12	9	4	4	0	0	3	27	13	4	5	3	8	23	18	7	4	2	7	8	54	4	10	0	6	1	1	2	15	13	0	2	1	20	39	3	4	2	1	2	4	4	14	7	1	6	6	2	1	3	20	0	44	27	4	1	0	6	20	11	11	6	0	4	16	1	9	2	9	12	4	7	6	5	11	2	4	3	1	2	0	4	28	0	2	37	14	4	2	1	7	5	9	12	2	9	9	10	26	6	2	1	6	4	1	6	8	6	7	3	13	3	10	2	12	4	6	8	2	15	5	3	2579	2	10	8	9	1	2	4	13	2	13	6	5	2	2	1	2	2	1	13	3	8	7	2	13	18	7	0	73	6	7	4	10	2	5	5	3	1	1	3	0	1	6	0	2	5	0	14	3	11	6	0	1	17	1	36	4	6	5	0	9	4	1	0	4	0	1	4	6	39	3	8	1	8	17	2	4	2	17	3	17	3	8	2	2	1	5	4	18	2	4	1	11	4	2	2	7	6	5	0	4	9	4	10	10	4	9	4	1	2	6	1	1	0	6	0	8	7	7	7	4	13	1	1	0	21	4	8	1	0	2	2	5	2	10	1	2	1	1	11	5	19	5	2	5	9	1	10	24	0	0	2	7	6	28	0	17	1	12	10	5	8	2	0	1	2	11	2	5	1	1	12	4	5	0	5	1	3	3
A[Del(T):R8]C	0	5	3	5	1	0	1	0	1	1	0	0	0	1	12	1	1	1	2	0	1	0	0	0	0	2	1	0	0	1	0	1	0	0	0	1	2	0	4	2	1	1	5	3	6	1	3	4	2	1	4	1	0	9	3	0	1	1	1	2	4	2	2	2	4	7	0	2	2	1	4	4	4	4	1	5	5	4	1	1	4	0	2	3	4	13	0	1	1236	1	1	1	3	0	4	7	3	2	3	3	2	0	3	13	0	2	5	9	26	3	3	2	0	5	2	9	0	0	8	12	9	0	10	1	2	8	0	2	3	2	2	3	6	3	5	2	0	1	2	0	4	0	1	10	3	8	17	0	10	800	0	12	6	1	2	5	0	24	4	3	39	4	1	1	3	0	1	4	12	5	9	3	2	8	3	0	0	17	26	0	2	2	3	2	4	5	5	26	1	1	5	13	1	18	3	4	3	6	2	3	2	6	3	0	1	6	0	10	0	1	631	2	7	7	3	9	5	0	6	0	5	1	2	12	4	5	2	2	5	2	4	6	1	1	8	0	2	8	2	4	9	496	8	1	1	3	2	0	2	4	1	2	7	1	2	0	3	16	3	6	16	1	1	1	3	1	1	11	9	1	1	1	15	8	3	11	14	4	2	0	1	0	17	11	1	3	3	2	17	15	3	3	4	4	1	30	1	8	0	1	1	0	4	14	10	5	0	0	8	13	3	3	2	2	4	3	1	18	3	1	4	14	0	1	3	7	1	22	17	7	0	1	8	14	15	7	8	0	1	20	1	5	1	10	7	3	3	5	1	4	1	3	7	2	2	1	4	8	1	0	27	10	3	4	4	7	4	7	5	1	6	7	14	18	6	4	1	5	4	0	4	7	4	9	3	7	3	17	3	7	3	6	1	3	7	5	6	1727	1	5	8	11	0	0	4	7	0	14	3	2	0	7	2	2	0	1	12	3	7	6	2	10	8	4	0	24	5	3	3	5	1	6	4	2	0	0	1	8	1	8	0	1	3	2	9	0	5	2	1	1	14	0	23	0	5	3	1	9	5	3	0	5	5	1	5	9	29	5	4	1	3	12	3	9	2	12	3	7	2	3	3	0	0	8	4	15	3	6	1	8	7	1	5	2	1	9	2	1	6	3	3	5	3	6	0	2	0	4	0	1	1	4	1	7	4	1	3	3	7	0	0	0	18	1	3	4	3	2	2	4	1	3	2	1	0	1	6	3	10	1	0	5	7	1	8	18	1	0	2	5	7	10	0	18	0	4	14	3	14	2	0	0	2	7	0	3	1	0	14	1	1	0	2	2	1	0
A[Del(T):R8]G	1	0	0	1	1	0	0	0	0	1	0	1	0	0	5	0	2	0	1	0	0	0	0	0	0	0	0	2	0	0	0	0	0	0	1	1	0	0	1	1	1	0	6	2	0	1	0	5	0	2	2	0	1	8	2	0	4	1	1	1	4	2	0	2	4	4	0	0	4	0	2	0	0	3	0	1	4	1	2	2	0	0	2	1	3	8	0	3	1325	2	1	1	6	1	5	4	1	1	3	4	0	0	3	2	0	1	1	7	20	2	1	0	0	0	2	4	1	2	3	8	8	1	5	3	3	2	0	1	2	2	2	2	3	0	6	4	0	2	2	1	1	1	0	13	0	2	7	1	2	814	1	5	2	1	1	6	0	13	3	3	16	4	0	1	4	2	0	0	8	3	3	2	1	3	2	2	1	10	13	0	2	1	1	1	0	4	1	17	0	3	3	5	2	9	0	6	4	4	1	1	2	2	2	1	0	4	3	7	1	0	556	0	3	2	3	3	2	1	9	0	2	1	0	3	1	3	3	0	1	1	0	3	2	0	1	0	0	4	1	0	1	514	4	1	0	2	1	0	1	2	2	1	8	3	1	0	4	8	0	3	9	0	1	1	2	0	1	5	3	2	1	1	7	0	1	6	4	1	1	1	0	1	14	7	1	3	3	1	5	9	3	0	2	4	4	25	2	4	0	4	1	1	2	5	7	2	1	1	6	10	0	4	2	1	4	7	1	11	4	0	3	2	0	1	1	5	1	17	6	2	1	2	2	11	4	3	2	0	1	12	0	5	0	5	5	3	4	3	0	7	1	2	2	1	4	0	2	11	0	2	23	2	2	4	0	5	3	10	5	1	7	3	6	7	3	5	0	2	2	0	2	2	2	4	6	5	1	12	4	9	2	5	0	1	11	3	1	1318	2	5	7	3	0	0	2	9	0	8	2	2	4	1	1	0	1	0	8	5	3	5	0	4	9	4	0	22	0	2	2	4	0	4	3	0	0	1	1	4	2	2	1	4	1	0	2	3	2	2	2	0	5	0	13	2	1	1	3	1	2	1	0	4	3	0	4	1	25	3	5	1	2	4	1	4	1	2	0	7	1	1	1	0	1	2	0	9	1	2	1	4	0	0	1	1	2	2	1	1	3	3	7	5	2	2	2	2	1	3	0	2	0	2	0	4	3	4	3	1	5	2	0	2	13	2	1	1	2	2	1	7	0	3	2	2	0	1	4	1	10	5	0	0	4	0	8	6	1	0	0	2	1	17	1	9	0	8	1	2	4	0	0	3	0	0	0	2	1	0	16	1	0	0	2	0	0	0
A[Del(T):R(9,)]A	0	0	0	0	0	0	0	0	0	0	0	0	0	0	0	0	0	0	0	0	0	0	0	0	0	0	0	0	0	0	0	0	0	0	0	0	0	0	0	0	0	0	0	0	0	0	0	0	0	0	0	0	0	0	0	0	0	0	0	0	0	0	0	0	0	0	0	0	0	0	0	0	0	0	0	0	0	0	0	0	0	0	0	0	0	0	0	0	0	0	0	0	0	0	0	0	0	0	0	0	0	0	0	0	0	0	0	0	0	0	0	0	0	0	0	0	0	0	0	0	0	0	0	0	0	0	0	0	0	0	0	0	0	0	0	0	0	0	0	0	0	0	0	0	0	0	0	0	0	0	0	0	0	0	0	0	0	0	0	0	0	0	0	0	0	0	0	0	0	0	0	0	0	0	0	0	0	0	0	0	0	0	0	0	0	0	0	0	0	0	0	0	0	0	0	0	0	0	0	0	0	0	0	0	0	0	0	0	0	0	0	0	0	0	0	0	0	0	0	0	0	0	0	0	0	0	0	0	0	0	0	0	0	0	0	0	0	0	0	0	0	0	0	0	0	0	0	0	0	0	0	0	0	0	0	0	0	0	0	0	0	0	0	0	0	0	0	0	0	0	0	0	0	0	0	0	0	0	0	0	0	0	0	0	0	0	0	0	0	0	0	0	0	0	0	0	0	0	0	0	0	0	0	0	0	0	0	0	0	0	0	0	0	0	0	0	0	0	0	0	0	0	0	0	0	0	0	0	0	0	0	0	0	0	0	0	0	0	0	0	0	0	0	0	0	0	0	0	0	0	0	0	0	0	0	0	0	0	0	0	0	0	0	0	0	0	0	0	0	0	0	0	0	0	0	0	0	0	0	0	0	0	0	0	0	0	0	0	0	0	0	0	0	0	0	0	0	0	0	0	0	0	0	0	0	0	0	0	0	0	0	0	0	0	0	0	0	0	0	0	0	0	0	0	0	0	0	0	0	0	0	0	0	0	0	0	0	0	0	0	0	0	0	0	0	0	0	0	0	0	0	0	0	0	0	0	0	0	0	0	0	0	0	0	0	0	0	0	0	0	0	0	0	0	0	0	0	0	0	0	0	0	0	0	0	0	0	0	0	0	0	0	0	0	0	0	0	0	0	0	0	0	0	0	0	0	0	0	0	0	0	0	0	0	0	0	0	0	0	0	0	0	0	0	0	0	0	0	0	0	0	0	0	0	0	0	0	0	0	0	0	0	0	0	0	0	0	0	0	0	0	0	0	0	0	0	0	0	0	0	0	0	0	0	0	0	0	0	0	0	0	0	0	0	0	0
A[Del(T):R(9,)]C	0	0	0	0	0	0	0	0	0	0	0	0	0	0	0	0	0	0	0	0	0	0	0	0	0	0	0	0	0	0	0	0	0	0	0	0	0	0	0	0	0	0	0	0	0	0	0	0	0	0	0	0	0	0	0	0	0	0	0	0	0	0	0	0	0	0	0	0	0	0	0	0	0	0	0	0	0	0	0	0	0	0	0	0	0	0	0	0	0	0	0	0	0	0	0	0	0	0	0	0	0	0	0	0	0	0	0	0	0	0	0	0	0	0	0	0	0	0	0	0	0	0	0	0	0	0	0	0	0	0	0	0	0	0	0	0	0	0	0	0	0	0	0	0	0	0	0	0	0	0	0	0	0	0	0	0	0	0	0	0	0	0	0	0	0	0	0	0	0	0	0	0	0	0	0	0	0	0	0	0	0	0	0	0	0	0	0	0	0	0	0	0	0	0	0	0	0	0	0	0	0	0	0	0	0	0	0	0	0	0	0	0	0	0	0	0	0	0	0	0	0	0	0	0	0	0	0	0	0	0	0	0	0	0	0	0	0	0	0	0	0	0	0	0	0	0	0	0	0	0	0	0	0	0	0	0	0	0	0	0	0	0	0	0	0	0	0	0	0	0	0	0	0	0	0	0	0	0	0	0	0	0	0	0	0	0	0	0	0	0	0	0	0	0	0	0	0	0	0	0	0	0	0	0	0	0	0	0	0	0	0	0	0	0	0	0	0	0	0	0	0	0	0	0	0	0	0	0	0	0	0	0	0	0	0	0	0	0	0	0	0	0	0	0	0	0	0	0	0	0	0	0	0	0	0	0	0	0	0	0	0	0	0	0	0	0	0	0	0	0	0	0	0	0	0	0	0	0	0	0	0	0	0	0	0	0	0	0	0	0	0	0	0	0	0	0	0	0	0	0	0	0	0	0	0	0	0	0	0	0	0	0	0	0	0	0	0	0	0	0	0	0	0	0	0	0	0	0	0	0	0	0	0	0	0	0	0	0	0	0	0	0	0	0	0	0	0	0	0	0	0	0	0	0	0	0	0	0	0	0	0	0	0	0	0	0	0	0	0	0	0	0	0	0	0	0	0	0	0	0	0	0	0	0	0	0	0	0	0	0	0	0	0	0	0	0	0	0	0	0	0	0	0	0	0	0	0	0	0	0	0	0	0	0	0	0	0	0	0	0	0	0	0	0	0	0	0	0	0	0	0	0	0	0	0	0	0	0	0	0	0	0	0	0	0	0	0	0	0	0	0	0	0	0	0	0	0	0	0	0	0	0	0	0	0	0	0	0	0	0	0	0	0	0	0	0
A[Del(T):R(9,)]G	0	0	0	0	0	0	0	0	0	0	0	0	0	0	0	0	0	0	0	0	0	0	0	0	0	0	0	0	0	0	0	0	0	0	0	0	0	0	0	0	0	0	0	0	0	0	0	0	0	0	0	0	0	0	0	0	0	0	0	0	0	0	0	0	0	0	0	0	0	0	0	0	0	0	0	0	0	0	0	0	0	0	0	0	0	0	0	0	0	0	0	0	0	0	0	0	0	0	0	0	0	0	0	0	0	0	0	0	0	0	0	0	0	0	0	0	0	0	0	0	0	0	0	0	0	0	0	0	0	0	0	0	0	0	0	0	0	0	0	0	0	0	0	0	0	0	0	0	0	0	0	0	0	0	0	0	0	0	0	0	0	0	0	0	0	0	0	0	0	0	0	0	0	0	0	0	0	0	0	0	0	0	0	0	0	0	0	0	0	0	0	0	0	0	0	0	0	0	0	0	0	0	0	0	0	0	0	0	0	0	0	0	0	0	0	0	0	0	0	0	0	0	0	0	0	0	0	0	0	0	0	0	0	0	0	0	0	0	0	0	0	0	0	0	0	0	0	0	0	0	0	0	0	0	0	0	0	0	0	0	0	0	0	0	0	0	0	0	0	0	0	0	0	0	0	0	0	0	0	0	0	0	0	0	0	0	0	0	0	0	0	0	0	0	0	0	0	0	0	0	0	0	0	0	0	0	0	0	0	0	0	0	0	0	0	0	0	0	0	0	0	0	0	0	0	0	0	0	0	0	0	0	0	0	0	0	0	0	0	0	0	0	0	0	0	0	0	0	0	0	0	0	0	0	0	0	0	0	0	0	0	0	0	0	0	0	0	0	0	0	0	0	0	0	0	0	0	0	0	0	0	0	0	0	0	0	0	0	0	0	0	0	0	0	0	0	0	0	0	0	0	0	0	0	0	0	0	0	0	0	0	0	0	0	0	0	0	0	0	0	0	0	0	0	0	0	0	0	0	0	0	0	0	0	0	0	0	0	0	0	0	0	0	0	0	0	0	0	0	0	0	0	0	0	0	0	0	0	0	0	0	0	0	0	0	0	0	0	0	0	0	0	0	0	0	0	0	0	0	0	0	0	0	0	0	0	0	0	0	0	0	0	0	0	0	0	0	0	0	0	0	0	0	0	0	0	0	0	0	0	0	0	0	0	0	0	0	0	0	0	0	0	0	0	0	0	0	0	0	0	0	0	0	0	0	0	0	0	0	0	0	0	0	0	0	0	0	0	0	0	0	0	0	0	0	0	0	0	0	0	0	0	0	0	0	0	0	0	0	0	0	0	0	0	0	0
C[Del(T):R1]A	9	12	2	0	34	0	4	3	12	22	2	13	1	1	29	11	6	0	21	8	1	3	3	0	10	4	10	39	2	7	1	15	1	1	5	3	3	8	10	15	7	7	21	4	22	12	3	1	10	4	14	16	6	16	8	13	13	14	15	10	4	9	14	15	13	14	1	15	12	16	11	16	7	15	6	19	12	15	12	4	5	10	10	13	2	38	4	13	6	2	2	16	61	2	10	16	0	2	7	6	5	0	32	13	6	16	28	1	61	13	14	3	1	1	11	3	8	2	12	26	6	4	6	17	25	5	19	1	30	13	7	2	14	14	3	5	1	5	3	0	2	0	2	20	6	12	7	8	3	8	4	48	1	3	8	16	1	27	17	16	2	4	4	43	4	5	2	9	5	2	6	20	1	8	6	3	4	3	30	2	9	17	4	2	8	17	11	83	0	1	16	10	6	3	4	1	0	3	1	7	0	11	0	4	10	3	11	7	1	13	4	2	5	7	4	25	7	0	10	5	26	11	5	5	7	21	2	2	14	20	4	4	12	3	15	14	1	56	1	3	12	2	2	2	1	19	1	1	11	3	9	6	13	16	4	1	11	2	3	2	36	0	0	1	4	2	15	18	11	2	3	0	10	6	4	10	14	19	44	1	1	9	1	3	7	20	25	16	21	50	7	0	4	36	14	24	9	0	4	9	4	11	13	13	4	10	25	2	2	6	1	2	13	5	3	5	11	32	27	0	2	18	4	7	5	0	3	14	18	12	4	2	38	33	37	7	13	1	2	5	2	21	9	15	70	25	27	13	13	4	2	30	4	19	30	1	3	24	1	12	7	9	2	8	3	1	9	14	16	4	8	14	11	47	6	18	0	13	13	7	7	21	13	20	13	26	4	41	5	2	9	12	4	1	11	3	8	67	2	2	6	16	3	4	1	4	2	36	6	2	2	16	1	0	0	1	8	1	10	6	2	15	6	1	7	24	1	11	13	35	2	7	3	16	15	2	2	2	13	9	1	2	30	16	13	30	3	11	1	8	41	14	22	24	11	17	11	18	9	5	1	13	22	1	25	5	18	9	2	23	20	14	11	16	11	14	26	18	13	37	27	7	2	12	5	18	27	1	14	24	6	8	3	0	3	11	20	22	11	5	2	4	9	12	0	19	9	22	8	11	20	16	28	2	4	9	11	6	29	18	3	6	29	1	5	16	2	11	2	18	16	16	23	1	5	3	4	28	5	9	13	6	5	1	19	9	1	2	4	2	21	15	4	7	0	10	11	3	54	0	4	2	1	21	7	2	25	3	35	18	3	3	4	5	6	5
C[Del(T):R1]C	1	6	0	2	10	0	3	1	7	10	3	5	1	1	17	2	7	2	4	4	0	4	1	0	3	1	6	15	0	6	0	2	0	2	2	0	0	4	4	2	1	4	6	4	6	5	6	2	8	5	9	5	0	9	6	3	3	2	7	6	2	4	4	6	6	6	0	2	6	1	2	8	8	5	2	10	6	9	4	1	3	4	0	4	2	9	4	6	30	4	4	5	13	2	5	6	2	2	3	1	2	1	8	6	2	10	12	1	25	7	5	2	2	2	6	1	5	2	12	9	3	1	4	7	5	6	8	3	4	9	4	0	5	7	5	2	0	7	1	1	1	1	1	2	2	7	3	1	3	15	6	10	3	3	3	11	3	15	8	4	3	1	0	21	2	4	0	3	0	3	2	7	1	6	3	0	0	3	3	3	12	5	1	4	5	11	6	20	1	0	13	4	4	0	2	4	3	1	1	4	0	3	3	2	3	5	6	5	2	10	19	2	4	3	4	9	3	1	5	4	10	6	3	5	2	1	2	2	5	8	2	1	5	4	11	2	3	20	2	0	2	5	2	1	2	6	1	0	4	6	1	6	6	3	3	1	5	3	3	4	11	3	0	0	2	1	4	5	9	2	2	1	4	3	5	5	9	11	14	1	4	1	3	2	6	9	11	6	7	15	9	4	2	12	4	8	5	1	3	7	2	2	2	6	1	5	4	3	2	7	1	5	5	3	2	4	2	7	13	0	3	14	1	4	4	3	1	9	10	9	0	2	7	14	19	7	5	1	0	1	1	9	5	4	21	6	6	9	6	3	1	10	6	3	15	3	2	5	2	3	6	5	2	11	5	3	2	6	14	2	9	8	6	19	4	11	1	5	13	3	6	6	5	10	3	13	2	13	6	1	8	8	4	4	3	1	7	74	4	3	2	6	2	3	2	5	0	17	4	2	4	4	1	1	2	3	4	2	9	5	2	3	5	4	1	6	1	4	4	17	1	4	1	4	5	1	4	1	7	8	2	2	8	4	5	10	3	1	3	2	21	5	17	7	12	6	4	8	6	2	2	11	6	1	10	6	8	9	1	6	7	4	9	7	4	5	7	8	5	7	5	2	2	6	4	14	9	2	2	8	3	2	2	1	2	2	10	10	3	3	1	8	5	3	1	3	3	9	2	5	11	16	10	6	4	8	6	3	13	4	0	2	15	4	3	6	2	3	3	5	5	7	9	2	8	1	3	12	3	2	8	0	2	2	7	4	0	0	2	2	7	15	1	7	1	5	5	2	12	2	2	2	0	8	2	0	2	0	9	2	1	0	2	4	9	1
C[Del(T):R1]G	8	13	1	2	26	0	7	2	5	23	5	14	1	1	38	2	6	2	11	5	1	2	1	0	8	2	7	26	5	3	3	10	0	0	7	6	1	2	5	13	3	8	17	4	13	9	8	1	12	8	15	13	3	15	6	5	10	15	10	17	3	10	14	12	11	14	1	11	13	13	17	9	11	5	11	19	16	13	9	8	5	6	7	7	2	25	2	8	9	6	4	11	29	6	11	13	0	2	4	3	3	1	19	7	6	5	25	0	35	4	13	4	2	4	12	4	5	3	9	22	5	0	9	8	16	10	11	3	23	8	4	6	14	11	8	4	1	10	3	2	1	1	4	9	2	7	8	7	5	8	3	17	2	2	9	10	3	23	11	16	6	1	0	27	2	6	1	7	3	1	6	13	0	6	2	1	2	7	7	0	15	24	0	5	8	14	8	46	0	1	10	5	8	3	1	2	2	6	1	6	0	6	1	5	2	4	14	5	1	9	6	4	3	12	5	13	4	1	3	0	20	15	10	6	2	8	4	0	5	9	4	5	15	5	15	7	2	35	3	1	3	3	4	0	5	12	1	2	6	5	6	8	11	11	4	1	18	4	0	6	36	2	1	2	4	2	10	12	11	0	3	2	7	4	4	3	7	21	18	0	4	5	0	2	5	14	12	14	20	31	8	1	5	13	11	13	5	4	5	9	2	10	5	5	3	3	16	3	3	2	2	5	8	0	3	6	12	18	20	1	2	20	5	6	3	4	5	13	19	14	0	2	19	13	14	9	12	1	1	1	2	13	7	11	51	16	18	10	4	5	0	15	5	11	22	1	0	15	2	7	3	11	2	12	1	1	2	4	11	4	16	10	9	27	6	16	0	9	6	7	9	8	9	11	13	21	5	9	6	2	14	7	7	4	16	4	8	38	4	3	5	11	4	2	2	7	2	23	5	0	2	10	2	0	0	3	5	0	10	9	3	11	1	5	2	14	0	10	6	28	2	10	3	3	6	2	4	1	13	8	0	1	20	5	17	14	1	17	2	1	31	6	19	8	14	8	20	17	6	4	1	9	15	0	12	12	18	14	0	9	11	6	7	18	11	10	6	12	14	19	20	3	4	7	5	16	17	3	10	21	4	5	5	2	1	8	21	10	12	2	0	3	14	1	3	12	1	11	12	6	17	11	16	4	7	11	8	7	24	9	1	8	17	4	6	8	0	11	4	13	17	9	17	5	4	0	3	20	5	7	10	2	4	4	10	8	0	0	7	2	8	18	4	2	1	14	12	1	51	2	4	3	1	11	3	4	3	2	11	4	3	3	2	5	11	3
C[Del(T):R2]A	6	21	5	0	21	0	4	0	12	25	2	8	0	0	28	13	5	1	17	5	1	4	0	0	12	4	8	71	3	2	1	21	1	0	8	3	4	10	8	10	6	11	22	1	21	22	1	2	14	2	2	8	3	12	6	6	8	14	12	19	5	7	19	7	5	10	1	7	12	11	7	10	11	5	7	23	6	13	6	2	3	14	7	5	10	27	13	15	5	3	7	13	35	1	8	14	1	1	9	5	4	0	34	9	3	9	32	2	57	3	21	4	1	2	12	0	1	2	11	24	2	1	8	17	10	5	10	1	27	8	6	0	16	5	1	5	1	3	3	1	1	0	5	16	5	8	3	8	1	5	1	43	3	0	9	17	4	25	11	18	3	0	2	23	1	6	0	11	3	0	0	25	2	3	1	1	1	3	20	0	12	24	3	3	4	18	11	58	2	1	10	10	11	3	2	3	2	0	1	8	1	12	1	2	13	2	10	8	0	13	7	3	3	4	4	17	5	0	6	4	20	15	7	5	3	17	4	1	7	14	0	6	10	3	12	7	2	80	1	0	5	8	8	1	2	23	1	3	10	5	8	2	13	11	4	0	5	0	2	2	34	0	3	3	2	2	7	2	9	1	0	1	6	3	4	7	23	11	27	1	1	6	2	4	4	27	23	14	14	41	17	2	3	39	12	35	1	1	6	13	1	2	11	14	1	7	23	3	0	1	1	5	23	1	0	4	8	35	23	1	5	18	2	7	6	2	5	8	10	4	4	2	35	20	35	4	8	1	0	5	3	8	4	8	108	10	20	10	17	1	2	32	1	13	22	2	1	23	2	2	2	6	1	11	3	1	2	12	10	2	12	15	14	48	11	11	0	16	12	11	10	20	4	21	21	9	4	41	5	1	20	19	1	1	19	1	7	58	2	2	6	20	2	1	1	4	3	24	2	1	0	7	0	1	1	0	6	1	8	9	1	6	3	2	2	8	1	7	17	39	1	11	3	2	4	1	6	4	12	7	1	0	21	8	6	46	4	6	8	4	60	3	37	11	17	18	13	16	3	13	1	25	14	1	11	16	12	10	0	17	23	9	5	19	7	14	24	11	10	35	21	5	4	4	3	18	29	1	11	13	9	7	3	2	2	13	23	21	4	0	0	8	5	8	2	9	6	22	4	6	8	17	16	0	2	11	9	5	9	10	0	7	19	3	5	15	1	7	1	8	14	14	29	2	2	2	1	38	3	15	13	1	0	4	17	10	0	1	4	3	26	14	3	13	0	2	9	1	65	2	3	2	1	17	8	0	21	3	34	6	4	0	1	4	7	0
C[Del(T):R2]C	7	14	4	2	25	0	2	2	10	19	2	13	1	1	25	6	4	1	16	2	0	2	1	0	15	3	10	42	0	1	0	12	1	1	9	1	0	7	7	7	7	19	17	2	14	11	3	1	15	5	12	6	6	9	7	11	5	11	7	6	1	8	12	6	3	5	0	13	7	4	7	9	5	9	3	6	9	16	6	5	0	8	9	8	4	18	5	11	7	2	1	6	20	4	6	9	1	2	2	5	5	0	16	10	6	4	19	2	46	7	14	7	0	2	4	0	9	4	6	15	0	1	7	12	8	5	11	1	12	12	2	2	10	5	1	3	1	7	2	1	3	2	1	6	3	8	2	1	0	11	5	35	3	2	4	7	0	18	6	13	5	4	1	19	1	5	0	5	2	2	1	17	4	1	2	0	1	4	18	1	8	15	2	2	4	10	11	43	2	2	14	4	9	1	2	3	2	1	1	7	1	12	2	2	5	2	10	14	0	5	11	2	0	6	3	14	3	1	4	1	14	8	2	3	5	14	0	0	2	16	1	4	10	3	8	4	1	52	2	1	3	0	6	2	0	16	0	0	9	7	12	4	3	15	1	0	3	2	1	4	24	3	2	0	1	1	3	5	2	0	1	0	4	4	2	6	11	11	13	1	0	6	0	3	5	9	15	11	6	26	5	6	3	18	5	25	4	1	5	5	1	4	5	9	2	7	11	1	1	0	2	2	10	1	1	3	13	14	10	0	1	13	3	3	3	1	3	9	4	6	1	1	17	14	20	4	10	1	3	3	1	12	6	4	50	8	19	15	8	3	0	29	4	10	18	4	0	8	1	1	2	9	2	14	2	1	9	4	13	5	9	9	12	40	2	9	0	9	8	2	8	6	5	13	15	16	3	27	3	3	9	6	1	0	9	2	0	43	3	2	4	6	2	1	0	2	4	20	3	2	1	6	1	1	1	1	11	0	5	5	1	4	3	5	3	5	1	5	14	22	3	2	5	3	6	0	4	4	6	3	0	2	16	8	9	38	1	10	3	3	31	3	24	8	12	8	8	18	4	2	2	9	7	2	8	3	9	4	2	6	11	5	5	21	10	10	8	10	11	17	16	3	1	2	1	19	9	1	11	11	5	6	3	0	3	10	16	21	5	2	1	1	4	6	2	16	4	19	6	6	11	11	16	3	3	6	10	2	15	8	0	3	21	5	1	13	0	10	0	8	6	12	12	3	3	0	3	18	4	5	11	5	0	4	11	3	1	1	5	3	8	7	3	6	1	9	7	1	26	2	0	2	0	4	3	4	8	2	19	9	1	0	2	5	4	2
C[Del(T):R2]G	10	17	2	0	31	0	6	3	16	30	2	17	0	0	37	16	6	0	22	8	1	1	2	0	15	1	7	74	1	1	1	17	0	0	7	1	1	6	10	11	5	8	26	1	25	15	2	0	17	2	14	13	6	15	2	13	9	9	7	13	3	6	22	7	13	6	0	12	18	3	10	21	13	6	7	19	15	16	8	4	3	14	8	6	4	31	8	12	3	7	4	8	46	3	12	12	0	1	4	10	4	0	33	8	3	12	39	1	84	14	13	6	3	1	5	2	9	3	18	24	2	2	10	16	14	8	15	3	25	18	4	5	8	5	7	9	1	8	1	0	1	1	3	14	1	4	3	4	2	7	6	53	0	2	11	23	2	26	16	7	6	7	0	34	4	2	2	16	3	3	0	24	1	2	2	0	1	6	24	0	17	17	4	0	6	20	9	75	1	2	17	6	10	0	1	1	1	0	0	5	1	9	1	2	10	0	17	3	1	13	10	4	4	3	1	24	7	1	10	0	18	10	5	2	8	18	0	2	7	19	0	5	15	0	9	9	1	76	1	4	1	2	8	0	1	15	1	1	8	7	8	5	20	17	1	1	13	0	2	5	57	2	1	1	1	2	8	7	4	0	3	0	6	7	2	10	15	11	34	1	0	9	0	0	11	25	26	13	17	49	12	1	1	42	13	29	2	1	5	6	0	8	9	13	2	6	17	1	4	1	4	0	18	2	3	5	20	29	32	0	1	20	1	7	8	0	3	25	24	3	1	2	32	34	30	3	16	0	0	0	2	22	9	8	91	13	32	9	17	3	1	40	4	12	23	2	0	27	0	2	2	17	1	9	0	0	5	6	17	1	16	14	10	44	9	18	0	7	9	9	10	25	11	15	21	14	1	39	4	0	17	12	4	3	20	1	9	63	0	1	3	15	2	1	0	1	4	27	3	0	1	8	0	1	0	0	4	0	10	5	2	10	2	4	5	11	1	14	13	37	1	10	1	4	10	2	4	5	10	6	1	2	19	19	11	36	1	11	2	4	48	2	39	24	19	19	11	12	7	6	1	17	14	0	17	4	5	11	3	21	31	9	7	18	11	14	24	27	15	38	26	5	0	2	1	27	31	2	15	23	2	3	4	1	1	11	22	18	5	0	3	4	9	9	0	16	5	23	6	10	15	9	26	0	1	8	14	10	12	7	0	2	24	1	3	5	2	11	0	19	8	24	26	0	5	1	3	30	5	10	18	2	3	4	17	6	0	1	4	0	19	11	3	9	0	9	10	1	46	2	1	0	2	13	4	1	14	1	35	5	1	0	4	5	7	0
C[Del(T):R3]A	7	9	2	4	11	0	3	0	7	13	1	7	0	1	22	7	3	2	9	5	0	4	0	0	9	1	7	22	0	0	1	6	0	1	6	2	1	3	6	6	5	4	9	2	5	5	7	3	4	4	7	9	5	9	3	6	5	9	10	11	2	9	12	6	10	6	1	3	4	6	7	6	10	5	5	14	5	7	7	3	2	6	3	6	4	19	8	10	12	1	5	5	21	3	10	5	3	2	6	7	1	0	18	9	3	3	18	2	31	5	7	3	1	1	8	2	10	1	5	22	5	4	7	6	7	6	13	0	9	4	4	1	5	4	5	3	0	5	0	0	3	2	2	9	0	6	5	2	0	12	4	19	0	1	10	17	0	21	10	5	5	2	2	14	3	4	2	3	2	2	0	10	0	7	2	2	2	0	13	1	5	8	2	3	6	11	10	26	2	0	8	7	6	1	1	2	0	1	2	8	0	6	0	2	2	1	3	7	0	6	11	1	6	5	1	10	0	2	12	1	15	10	2	3	7	3	1	0	13	15	1	4	4	2	7	7	0	35	0	2	5	3	6	0	1	8	0	0	9	9	5	1	6	6	2	0	7	1	2	3	30	2	0	2	1	2	5	7	5	0	2	0	5	4	2	7	14	14	14	1	0	2	1	5	10	7	17	18	11	23	5	2	3	21	9	17	3	2	2	8	2	2	4	6	2	1	12	3	4	2	0	4	9	1	0	1	4	8	13	1	2	11	0	5	4	0	7	6	8	9	1	1	13	16	15	4	13	0	2	2	2	8	5	2	34	6	13	7	6	3	2	16	6	6	13	3	1	15	1	4	3	3	0	8	2	1	5	9	8	0	6	13	7	23	9	9	1	10	11	6	12	6	6	18	3	11	4	18	7	1	8	7	3	1	12	2	4	59	0	2	6	11	2	1	0	2	1	15	10	1	2	7	2	2	2	1	5	0	3	3	1	5	2	4	2	7	2	6	1	17	2	0	1	9	4	1	2	1	7	9	0	1	8	6	2	9	3	5	3	3	19	6	9	10	8	11	5	10	3	3	2	6	12	0	8	4	10	9	1	9	9	12	6	6	5	18	16	9	7	17	14	2	2	6	3	22	13	4	1	17	7	4	2	1	1	12	9	9	3	1	2	12	2	7	0	4	1	8	4	4	7	13	4	1	1	2	8	6	10	6	0	2	11	0	3	10	1	4	1	4	3	8	9	3	1	0	4	17	5	6	9	5	3	1	5	5	0	0	7	1	7	15	2	11	0	1	4	0	18	4	0	2	2	5	1	1	6	0	13	7	4	0	3	2	5	4
C[Del(T):R3]C	3	2	2	0	7	0	3	0	4	7	0	3	0	0	20	1	5	0	5	1	0	1	0	0	4	2	2	10	1	3	2	6	0	1	1	1	1	5	3	2	3	4	13	1	6	2	2	1	1	1	2	6	3	4	4	2	5	4	1	8	1	0	5	7	5	4	0	4	9	3	5	7	2	2	2	6	6	5	4	0	0	2	0	1	5	7	7	6	8	2	0	3	19	4	4	6	1	2	4	1	1	1	7	3	1	2	11	1	21	2	11	3	0	2	5	1	0	2	2	6	4	1	4	9	4	5	4	0	5	4	5	2	5	3	0	3	1	2	0	0	2	1	3	8	5	4	6	2	0	13	3	14	1	2	3	8	1	7	6	3	7	0	3	13	3	2	2	7	2	3	4	8	0	5	6	1	1	4	6	0	2	6	3	3	5	4	2	24	1	1	7	3	5	2	2	1	2	0	1	1	1	3	1	0	2	1	7	7	0	4	12	1	2	4	2	6	1	2	6	2	6	5	1	5	3	6	2	1	4	8	0	2	10	3	2	6	4	14	1	4	3	9	1	1	0	9	2	0	1	8	6	2	5	6	2	1	3	6	2	1	11	1	3	2	2	1	1	2	5	0	2	1	2	4	3	2	11	8	8	1	1	4	1	2	3	6	5	7	13	13	7	3	3	9	4	5	7	3	4	4	1	1	4	5	1	4	6	0	0	5	1	3	7	3	2	2	6	12	6	1	1	15	3	4	4	2	2	5	9	5	2	2	10	16	6	4	9	0	0	2	2	9	5	7	21	4	9	10	6	1	4	3	6	9	11	3	0	13	1	7	2	10	2	3	2	1	5	6	6	1	9	5	6	21	3	5	1	7	7	3	5	2	7	7	7	12	2	8	6	2	5	5	3	1	6	1	4	41	2	5	3	4	0	2	3	3	5	14	7	1	0	1	1	1	1	1	3	0	4	4	2	2	2	6	0	8	0	3	2	7	2	2	0	6	5	1	5	4	7	5	0	2	7	8	6	5	4	8	1	5	23	3	6	2	11	7	4	8	2	5	2	8	7	0	5	5	1	6	0	8	7	6	2	5	6	10	5	2	10	12	8	7	0	6	9	7	5	4	3	13	4	5	2	0	2	6	6	8	3	3	0	5	4	10	3	4	4	10	1	7	5	12	12	2	0	11	6	2	11	3	1	2	8	1	2	4	1	6	1	10	1	9	5	2	2	0	5	12	3	4	5	5	7	0	8	6	0	1	3	1	6	7	0	6	0	1	1	2	11	5	0	1	2	6	4	2	4	2	7	4	2	1	2	2	7	4
C[Del(T):R3]G	4	9	2	0	26	0	6	0	4	17	3	6	0	1	28	5	3	1	13	6	0	5	0	0	4	3	4	27	0	2	0	9	0	0	6	1	1	1	7	11	8	3	9	4	12	8	2	2	11	6	8	7	3	13	5	6	4	6	10	5	5	2	6	7	8	5	2	8	9	9	9	9	5	7	2	14	6	8	3	2	2	8	9	4	4	14	7	4	4	4	4	9	20	2	10	9	2	0	4	1	2	0	17	6	2	5	18	1	49	8	8	3	0	3	2	0	2	3	4	12	3	0	7	8	15	7	9	0	11	7	6	1	9	2	3	7	0	5	2	1	0	1	1	9	1	8	10	4	0	5	2	19	3	0	8	16	1	12	5	7	6	2	2	14	3	4	1	5	4	5	2	8	1	5	2	0	0	5	17	0	12	14	3	2	5	20	6	43	2	0	12	9	3	2	1	2	0	2	2	7	4	7	0	2	8	4	4	6	0	8	5	1	0	6	2	16	4	1	9	2	15	10	3	1	1	9	2	1	9	15	3	5	7	2	13	3	1	39	0	3	6	5	3	1	1	13	0	1	4	6	0	5	9	6	3	1	5	1	3	3	32	3	0	1	3	0	5	4	5	1	1	0	2	1	3	5	9	10	16	0	0	11	1	2	6	20	23	10	10	25	11	6	3	14	7	19	6	5	6	1	3	5	12	11	2	5	12	1	1	2	1	1	16	2	1	3	8	16	9	0	2	15	0	4	5	1	4	16	15	3	2	4	19	27	20	1	17	0	1	0	1	9	2	7	45	15	10	12	10	7	1	15	4	8	12	0	1	15	2	3	2	10	0	2	2	0	4	8	12	1	7	10	4	29	8	16	0	9	8	4	12	10	7	14	12	14	1	24	0	0	10	11	4	1	8	1	4	61	3	5	3	10	2	1	2	0	2	16	3	0	0	4	0	0	1	2	5	1	7	5	2	3	3	4	0	12	0	5	4	18	3	11	5	11	12	2	2	1	11	2	1	0	18	10	8	27	4	5	0	4	24	10	17	12	12	16	11	14	0	6	0	15	9	0	12	9	11	4	3	9	18	7	5	7	13	11	11	14	13	20	16	4	1	5	3	23	18	2	5	13	5	2	0	1	0	8	24	13	6	1	1	10	3	5	1	5	3	9	1	5	11	9	11	1	0	9	12	4	12	5	1	4	15	2	5	6	0	13	0	12	5	13	9	1	3	1	3	20	3	6	6	2	2	3	10	8	2	0	6	0	6	13	2	6	0	3	11	0	50	1	0	0	1	15	2	1	7	2	24	6	4	0	2	6	8	3
C[Del(T):R4]A	12	13	0	6	21	0	2	1	12	12	2	4	0	2	25	7	8	1	7	5	2	4	1	0	6	4	7	28	2	4	2	8	1	1	3	1	0	3	9	8	6	4	8	2	15	10	4	4	3	6	4	0	5	5	7	6	11	6	7	12	3	5	10	14	14	9	0	11	12	11	8	7	3	3	3	18	5	8	6	1	1	5	2	4	3	23	6	6	99	1	5	3	20	1	3	9	3	0	1	3	3	1	23	10	4	10	13	3	43	4	9	2	1	0	6	0	1	1	7	20	3	0	6	9	8	4	10	0	16	7	10	5	10	4	0	5	0	4	2	1	1	1	1	9	3	2	5	4	2	55	3	31	0	2	5	12	1	20	10	6	9	0	0	18	3	5	0	9	1	5	2	18	2	6	0	0	2	8	13	0	5	7	4	4	4	14	6	44	1	0	17	11	7	2	3	0	1	1	3	12	3	6	0	4	7	0	2	9	0	12	40	3	4	6	3	15	4	1	4	1	9	8	5	2	2	12	2	0	10	15	1	2	9	4	6	9	4	40	2	1	2	49	1	2	1	11	1	0	5	6	4	3	11	13	0	1	7	5	2	3	16	4	1	2	2	1	9	9	5	1	6	0	2	8	2	2	18	13	23	0	0	1	1	2	4	11	21	10	13	37	6	1	2	19	6	20	6	2	8	7	0	5	11	12	3	2	7	0	3	5	1	2	6	1	3	5	12	16	12	0	2	13	2	4	5	1	5	15	15	4	0	2	9	17	21	5	7	2	2	3	1	8	5	8	38	8	16	10	7	3	0	27	7	9	16	0	1	11	3	5	2	7	1	6	2	1	5	13	18	2	9	12	15	31	9	9	0	16	11	4	7	8	10	20	17	16	9	24	4	2	8	6	6	1	10	1	10	155	3	2	9	13	3	3	4	3	7	17	3	2	1	2	0	2	1	0	11	1	5	9	1	7	1	4	2	10	1	7	9	14	1	7	3	16	9	1	4	4	6	9	3	0	9	10	8	11	4	11	3	2	28	5	14	13	13	7	9	12	1	6	0	12	8	1	9	7	19	8	1	7	14	7	9	17	14	4	9	8	7	25	9	7	0	5	5	14	11	3	6	12	4	11	0	1	4	4	15	15	6	2	1	7	8	10	4	8	3	15	6	8	13	13	14	1	1	4	7	9	15	12	2	2	17	1	2	8	3	12	1	16	9	12	13	1	9	1	4	13	2	6	7	5	4	2	20	14	1	0	7	4	13	20	3	8	0	5	5	3	21	3	1	4	1	7	3	3	8	0	24	4	1	0	2	3	8	4
C[Del(T):R4]C	4	11	0	1	12	0	4	0	4	11	2	5	1	0	18	6	3	1	7	1	0	3	2	0	2	0	4	16	3	5	1	4	0	1	4	0	0	2	6	9	6	5	8	2	9	6	7	3	4	7	9	2	3	9	3	3	7	3	9	6	1	7	6	9	3	5	1	6	4	8	6	10	10	2	2	5	6	12	2	2	3	5	1	2	7	12	3	7	102	5	3	6	16	2	6	3	3	1	1	2	3	1	11	7	4	3	17	1	24	5	10	3	0	0	5	1	4	0	4	11	2	2	4	8	7	4	5	0	14	6	3	3	4	2	0	3	0	3	0	1	1	0	1	6	1	8	5	3	1	70	5	12	1	0	7	11	1	11	10	4	6	2	0	15	1	2	0	4	5	1	2	12	1	5	0	1	1	1	13	1	5	14	4	6	6	11	4	22	0	2	16	7	6	2	1	6	1	2	3	7	0	8	0	1	5	1	7	6	0	9	62	3	2	1	3	10	0	0	5	2	8	8	1	1	4	8	4	0	3	17	2	3	6	5	10	5	3	33	0	1	1	55	2	0	1	10	1	0	4	7	3	4	11	12	3	2	10	5	1	1	15	2	1	2	1	2	6	7	6	1	0	1	3	5	2	5	15	16	13	1	1	3	1	1	3	9	9	12	10	17	1	2	0	12	4	21	4	3	7	4	0	1	8	8	2	7	2	0	3	3	1	2	8	0	1	5	7	20	6	2	4	11	1	3	3	0	1	4	8	2	2	0	15	15	13	1	16	1	1	2	3	10	1	6	30	7	11	10	4	4	3	9	2	6	19	1	1	11	0	2	4	4	0	6	5	0	4	6	16	2	9	3	13	27	1	7	0	10	6	5	6	8	6	8	6	10	1	14	4	2	5	4	3	3	2	0	7	152	4	6	3	12	2	0	0	2	3	15	2	1	3	6	0	0	1	2	4	2	2	2	0	7	1	2	2	7	1	1	6	20	0	4	3	8	4	3	6	1	14	5	0	2	18	2	4	8	3	7	4	0	16	6	12	10	7	12	1	10	4	5	2	10	6	1	8	2	11	9	1	10	13	6	4	16	8	12	14	10	8	17	9	3	1	5	3	13	11	1	2	14	4	3	2	2	4	9	11	16	7	3	1	4	7	5	1	8	1	9	6	4	12	6	12	1	3	3	6	9	8	2	1	5	13	0	3	8	0	10	0	8	8	13	9	1	6	2	0	10	1	9	10	2	2	1	12	3	0	2	4	1	8	9	1	2	0	6	5	2	23	2	2	2	1	13	0	0	12	1	12	4	1	0	0	0	8	5
C[Del(T):R4]G	9	10	2	4	20	0	5	4	8	16	1	10	1	1	31	3	4	0	11	4	1	8	2	0	5	2	7	27	2	3	1	10	0	1	8	1	0	3	12	15	12	8	10	0	32	11	4	3	16	5	9	11	2	20	6	4	7	7	12	14	2	18	11	10	10	9	0	11	21	18	14	16	8	5	2	14	16	12	12	4	5	7	8	5	3	27	6	9	81	2	3	13	31	3	8	16	1	3	2	6	0	0	24	10	3	7	14	1	58	4	8	0	0	0	6	3	12	2	3	27	1	0	9	11	18	6	18	3	17	17	8	2	7	1	4	7	0	4	1	0	0	0	0	10	1	3	11	5	0	44	1	33	2	2	7	18	3	30	16	6	2	1	0	20	3	7	1	6	3	2	5	21	1	6	1	1	0	7	32	0	9	19	4	1	7	14	5	61	0	4	26	6	6	1	2	3	1	3	0	10	1	15	2	2	6	2	12	14	1	12	43	0	1	7	4	13	3	0	10	1	14	7	3	3	6	11	0	0	8	14	1	2	8	1	12	7	0	49	0	1	2	59	4	1	2	17	0	1	3	8	4	6	10	20	3	0	9	10	0	5	30	1	0	3	4	3	14	14	9	1	4	0	7	5	1	7	15	20	24	1	1	2	0	0	9	11	23	15	20	37	7	5	1	31	8	30	7	0	6	6	4	5	6	9	2	4	12	3	2	2	1	4	10	3	4	4	10	30	17	0	2	16	0	3	5	1	3	18	17	6	0	1	17	22	25	2	13	2	2	2	0	18	1	13	60	19	15	14	14	5	0	31	3	10	12	1	2	18	0	3	5	8	0	6	4	0	10	14	26	1	10	9	4	33	10	12	0	13	9	2	5	13	4	26	12	22	3	32	9	1	10	13	2	0	15	0	13	137	1	5	4	16	1	2	1	2	3	18	5	2	0	8	0	1	1	1	16	2	11	9	0	8	1	2	2	12	0	8	10	31	0	2	1	5	11	0	9	7	12	6	2	0	31	8	8	28	3	13	6	1	49	9	26	19	18	16	11	31	3	3	1	19	17	0	20	2	12	19	0	8	22	11	5	24	14	8	10	21	16	16	18	1	0	7	4	28	26	1	11	14	5	4	1	1	3	6	24	23	3	1	0	8	10	6	1	16	0	26	8	1	13	11	16	3	2	12	15	8	23	13	0	7	26	3	5	7	1	11	1	18	13	14	13	1	3	1	1	15	4	8	6	0	1	4	15	14	1	1	9	0	21	21	5	8	0	3	6	0	36	1	1	3	0	17	2	1	9	1	32	6	2	1	3	3	6	4
C[Del(T):R5]A	8	9	1	1	5	0	3	0	6	10	1	6	1	0	20	8	6	1	4	7	0	1	0	0	4	1	5	9	2	5	1	7	1	0	2	4	2	7	7	9	5	5	4	3	10	4	2	1	4	4	1	6	3	5	1	3	7	8	8	8	2	5	9	2	4	6	0	7	12	14	8	7	8	6	3	12	6	8	3	5	2	5	1	2	2	11	3	4	193	3	5	11	10	0	3	4	0	0	2	3	0	2	13	7	4	3	9	1	28	3	7	5	2	2	8	2	2	1	2	16	2	0	3	5	2	2	6	0	13	5	3	5	8	3	4	4	0	2	1	0	1	0	3	7	0	3	3	4	2	118	2	26	0	0	4	5	1	16	8	6	4	2	0	8	2	5	3	5	2	1	1	9	2	8	0	0	0	5	11	0	3	12	2	4	3	7	3	27	1	0	8	3	4	2	1	5	0	1	0	3	1	5	0	0	3	1	7	5	0	3	102	2	1	4	0	14	2	0	3	0	6	7	2	3	1	3	0	0	5	10	3	4	3	2	6	1	2	28	1	1	6	105	4	1	1	4	0	0	4	2	4	3	5	7	2	0	8	3	1	2	20	1	1	3	1	1	5	2	5	0	1	0	3	3	1	4	4	10	11	0	0	3	5	1	4	9	8	9	8	28	2	3	2	10	1	15	7	4	7	8	1	4	8	3	2	3	9	0	0	5	1	3	6	1	2	2	11	14	6	0	0	3	0	1	4	1	5	6	5	1	0	0	11	21	15	2	4	1	2	2	2	3	5	5	22	2	15	7	2	3	2	12	3	11	15	4	0	9	0	2	4	6	0	8	0	1	10	3	9	1	13	6	7	15	5	9	1	4	6	3	8	7	0	16	6	9	5	15	1	2	8	7	3	2	7	0	3	257	5	2	6	6	0	0	2	2	0	15	2	3	0	4	0	0	0	1	5	0	3	3	0	6	1	0	1	9	1	5	2	11	1	3	0	2	4	1	3	1	6	4	0	2	12	4	3	9	1	9	1	2	17	1	10	3	8	12	2	9	2	3	2	5	18	0	12	7	13	7	1	5	6	4	5	7	7	11	9	8	8	6	11	2	0	8	2	15	11	1	6	6	4	4	1	1	3	11	13	14	2	1	1	2	2	6	2	4	4	7	5	4	4	1	15	1	2	3	5	2	9	8	0	4	18	0	4	4	3	9	2	9	9	9	4	1	3	0	2	7	2	6	3	0	3	0	8	6	0	1	6	1	6	13	2	6	3	3	4	1	12	2	0	0	0	7	0	1	4	2	15	3	1	0	3	5	0	3
C[Del(T):R5]C	3	8	6	0	4	0	3	1	4	5	1	5	1	0	15	2	5	0	9	5	0	1	0	0	3	0	3	6	1	2	1	7	0	0	2	0	0	2	4	4	1	7	10	2	13	1	1	5	1	6	6	4	4	5	5	1	5	14	8	4	0	5	1	6	4	8	0	4	6	2	0	9	5	4	2	9	9	4	0	2	3	8	5	2	2	14	2	1	242	1	3	5	17	0	2	2	0	1	3	3	2	0	6	5	1	3	7	1	17	4	7	2	1	2	3	3	1	2	1	5	1	1	3	4	8	2	5	0	4	2	1	0	4	1	2	3	0	4	0	0	1	0	0	5	0	2	4	4	2	129	3	6	0	0	0	6	3	5	7	2	4	1	0	13	1	3	3	4	1	2	2	8	0	2	0	1	3	1	6	1	9	5	3	0	3	8	2	19	3	0	4	3	3	2	2	1	0	1	2	4	1	4	0	2	2	1	10	6	0	2	135	1	3	5	2	11	3	0	2	1	6	5	8	2	1	8	0	1	7	3	2	4	5	0	9	3	3	16	0	2	1	162	4	1	3	8	0	0	0	6	4	0	6	4	1	0	3	5	1	4	16	0	1	2	2	0	7	4	4	1	2	0	4	0	0	3	3	5	14	1	0	0	2	2	1	7	4	5	4	20	4	2	2	11	3	16	2	1	0	3	2	0	7	4	3	2	8	1	3	2	0	0	1	1	1	0	3	6	8	0	3	5	0	2	1	3	3	4	1	9	0	1	6	11	8	2	9	0	1	5	1	7	1	4	13	9	5	3	7	3	0	12	1	4	10	0	1	8	0	5	2	4	3	2	0	1	4	5	5	2	4	7	3	15	1	3	0	6	4	1	5	10	4	7	5	10	2	7	1	0	4	6	2	0	6	2	4	287	0	2	2	5	2	0	1	2	2	13	2	0	0	9	0	0	1	0	4	2	4	5	0	5	0	3	0	8	0	3	4	10	0	4	2	3	0	0	3	1	5	5	0	0	5	1	7	13	1	4	4	1	11	3	7	3	3	6	2	7	1	3	0	6	9	0	12	3	7	7	1	5	7	4	6	10	5	2	6	2	6	9	2	2	1	2	0	16	8	1	4	13	1	3	1	3	2	1	8	5	0	1	1	3	4	3	4	3	3	5	1	2	4	3	7	1	3	6	3	6	9	3	0	1	5	2	4	4	0	3	0	2	5	5	6	0	1	0	2	6	2	2	6	1	1	1	6	3	0	0	3	1	7	13	1	3	0	0	4	0	7	3	0	2	0	9	2	0	4	1	9	5	3	0	1	1	7	1
C[Del(T):R5]G	2	4	0	2	5	0	4	1	9	8	0	4	0	0	13	2	3	0	9	3	0	4	0	0	3	0	3	8	0	0	1	7	1	0	6	0	1	3	5	9	4	4	11	2	17	6	4	2	9	3	2	5	4	9	7	3	9	6	8	7	0	2	10	11	4	4	0	9	5	5	3	3	3	2	1	11	6	7	5	0	4	3	2	7	3	14	4	2	169	4	3	5	19	1	2	4	1	0	2	3	1	0	10	2	0	6	12	1	29	8	2	0	0	2	4	0	6	3	7	7	0	1	6	3	4	3	6	1	9	4	0	0	4	0	4	3	0	3	0	0	1	1	3	4	1	3	4	0	2	95	3	13	2	1	3	8	1	8	6	7	4	4	2	10	1	5	0	4	0	2	0	5	2	7	1	0	1	2	6	0	5	7	4	1	2	9	6	18	0	0	7	3	2	1	0	1	0	1	0	3	0	7	0	0	3	2	9	9	0	7	79	3	3	7	1	8	2	1	4	1	11	9	0	5	0	0	0	1	6	7	1	2	7	1	7	1	0	25	1	0	2	81	1	1	0	4	0	0	4	2	8	2	4	2	2	0	10	4	2	1	8	3	0	2	3	1	2	5	2	0	1	0	3	1	1	3	9	11	11	0	1	2	3	1	4	12	10	5	9	18	1	1	0	10	2	16	2	0	3	6	1	2	6	5	1	1	6	1	0	5	1	0	6	0	1	4	3	10	6	0	0	5	1	2	3	2	2	8	5	4	0	2	12	9	13	2	7	0	2	0	0	12	4	1	20	4	7	7	8	2	2	11	2	8	7	2	0	15	1	1	2	8	1	3	1	2	2	6	7	0	6	3	6	17	0	6	0	6	5	4	3	6	5	5	7	12	0	11	3	1	7	11	2	2	9	0	0	179	0	1	2	6	0	1	1	2	1	16	2	2	0	4	0	0	0	1	8	0	3	5	2	1	1	0	1	12	1	4	2	17	0	2	0	5	3	1	1	2	9	2	0	0	8	10	9	15	1	5	1	0	18	3	11	3	7	13	2	5	1	1	2	7	8	0	5	5	8	8	1	6	6	5	2	8	4	6	3	6	6	10	11	0	3	10	1	14	9	1	4	8	2	2	1	0	1	4	11	8	1	1	1	2	2	7	1	9	0	5	1	7	7	2	6	0	3	2	7	3	11	3	0	1	12	0	5	6	1	3	1	7	6	6	12	0	1	0	2	8	4	3	7	0	0	0	7	2	0	1	1	0	4	8	0	6	0	3	0	2	18	0	1	0	1	11	3	0	7	0	5	2	2	0	4	0	6	0
C[Del(T):R6]A	1	5	1	4	10	0	3	0	0	4	2	3	0	1	7	4	1	2	3	0	0	1	1	0	3	1	7	9	1	0	0	1	0	0	0	1	0	3	4	4	1	0	5	1	3	5	1	4	5	1	0	5	5	7	2	4	4	8	10	8	0	2	5	3	4	5	1	2	9	6	4	4	7	2	3	4	8	4	0	1	3	5	2	2	5	13	4	1	410	1	1	8	7	0	3	3	1	1	0	0	2	0	5	4	1	2	4	4	19	3	4	0	0	1	5	3	2	2	7	8	2	0	3	4	3	2	4	1	5	2	1	1	8	2	3	1	0	3	2	0	0	1	1	1	2	7	1	3	1	240	1	9	2	0	2	3	2	9	5	3	5	3	1	9	0	6	1	4	2	3	1	2	1	3	1	1	0	4	6	2	2	4	3	1	2	6	2	18	1	1	3	4	1	4	0	4	1	1	1	5	2	4	0	0	2	0	4	6	0	1	191	1	1	8	0	7	2	0	5	0	4	2	1	1	4	6	1	0	4	6	1	2	5	0	7	4	0	18	0	2	0	173	0	0	0	5	1	0	2	1	5	3	2	5	3	1	3	2	0	3	15	1	0	2	4	2	2	4	4	1	0	0	3	4	1	4	11	6	8	0	0	2	3	1	2	7	8	3	9	19	4	3	1	9	2	14	2	4	0	5	0	0	2	6	4	0	2	0	2	2	0	1	2	2	1	0	2	5	6	1	0	3	2	2	0	2	4	8	5	1	0	3	6	8	10	2	3	2	2	2	0	10	1	3	13	3	7	5	4	4	1	6	2	3	8	0	1	9	2	2	5	6	2	1	1	0	4	5	3	0	6	3	4	17	1	5	0	3	5	2	4	5	3	5	4	11	3	12	0	2	6	9	0	1	6	0	2	388	1	2	2	2	1	0	0	1	1	15	2	3	0	12	2	0	0	0	4	1	5	4	0	2	4	1	0	15	1	7	1	5	1	5	1	5	4	0	1	3	3	1	0	2	4	2	6	5	2	6	0	0	12	2	10	8	7	8	2	6	4	1	0	3	5	0	5	1	15	4	1	2	11	2	5	8	5	4	1	7	3	7	3	0	0	5	1	10	10	1	5	7	3	0	0	1	3	3	6	3	3	0	1	4	5	5	0	3	1	4	2	3	1	6	1	2	5	1	4	6	11	1	0	3	9	1	3	1	0	5	1	4	2	8	4	1	1	0	0	4	5	1	1	2	3	0	5	5	1	0	5	3	4	6	0	2	1	5	4	1	6	2	0	0	0	11	0	0	3	1	7	4	0	0	1	2	2	2
C[Del(T):R6]C	3	2	1	1	4	0	2	0	3	3	1	2	0	0	12	3	2	2	1	1	0	0	0	0	0	2	1	2	0	1	2	2	0	1	1	0	1	2	2	6	0	2	2	2	2	4	3	2	4	1	4	2	5	6	1	2	10	6	3	2	3	3	5	7	2	7	0	3	9	2	7	7	3	0	2	6	5	8	2	0	1	5	2	2	1	6	1	1	222	0	2	4	8	1	3	4	0	0	3	0	1	0	6	3	0	3	4	1	19	2	3	1	0	0	7	4	4	1	0	6	2	0	4	3	0	1	3	0	5	4	4	0	2	3	1	1	0	2	0	0	0	0	0	3	2	4	1	0	2	109	2	15	1	0	2	9	1	5	3	3	6	2	0	7	3	2	1	5	4	1	1	3	0	2	2	0	0	6	4	0	6	5	1	0	2	6	0	14	2	0	3	4	5	2	1	2	1	1	0	3	1	0	0	1	3	2	1	4	0	0	113	2	2	3	3	8	5	0	2	0	4	3	4	2	3	1	0	0	4	2	2	1	5	0	4	4	1	11	2	0	1	83	0	0	2	5	0	0	1	1	1	1	2	0	1	1	3	2	2	1	12	0	2	1	2	1	1	3	3	2	0	0	2	2	2	2	5	2	5	0	0	2	3	3	0	9	4	4	6	10	2	1	1	7	4	5	1	0	1	6	1	1	4	5	0	1	3	1	2	4	1	0	0	0	2	3	3	5	5	0	0	3	0	2	0	0	3	3	4	3	0	0	5	10	11	2	6	0	0	3	0	4	0	4	10	0	3	1	3	3	2	7	3	2	5	1	2	8	0	0	7	3	0	4	5	0	5	4	3	0	8	2	2	3	3	5	0	5	4	3	4	4	5	5	3	10	3	11	3	0	1	9	5	2	7	1	2	276	0	1	2	6	1	1	0	3	1	7	2	1	1	2	0	0	0	0	4	3	4	3	0	5	0	2	0	10	0	3	5	11	0	1	0	4	4	0	2	5	6	2	0	0	6	1	4	1	2	6	2	0	14	4	11	4	1	2	7	9	2	4	1	7	5	0	6	0	8	1	0	3	7	2	2	7	3	5	5	5	6	7	7	0	1	1	2	6	2	1	4	4	2	0	2	2	0	4	4	4	3	1	0	4	4	2	0	4	1	6	3	4	4	3	3	2	1	2	7	1	10	4	0	3	11	0	2	3	1	3	0	6	4	1	3	2	1	0	1	8	2	5	1	1	2	1	3	3	0	0	3	2	4	8	1	6	0	4	2	1	14	1	1	1	1	5	1	1	4	0	5	2	1	1	2	0	4	3
C[Del(T):R6]G	2	5	1	1	4	0	2	0	2	6	0	3	0	1	11	2	2	0	1	1	0	0	0	0	2	1	4	7	1	1	0	2	0	0	0	1	0	1	3	6	2	1	3	1	12	1	1	2	3	1	4	2	1	4	2	2	2	4	4	4	0	3	5	6	1	5	0	2	4	10	4	6	3	2	1	3	3	0	1	2	3	1	1	3	2	8	0	1	209	2	1	2	10	0	3	0	1	1	1	0	2	0	3	5	1	5	3	1	16	1	4	0	0	0	2	1	1	0	2	4	1	0	1	1	6	1	6	0	9	1	6	1	6	1	2	1	0	1	0	0	0	0	1	3	1	1	3	0	0	110	0	8	1	0	2	3	0	4	5	0	8	1	0	7	2	0	1	2	1	1	2	1	0	4	1	0	1	4	3	1	3	5	0	0	2	5	2	18	0	0	6	2	0	1	0	1	0	1	0	2	0	2	0	1	2	3	6	5	0	3	83	1	4	3	3	3	1	0	4	0	3	2	4	1	1	2	0	0	3	5	1	1	6	0	3	2	0	20	1	0	2	76	1	0	0	2	0	0	1	3	2	0	4	3	1	0	5	4	0	1	8	1	0	1	1	2	4	4	1	1	1	0	0	1	1	3	5	6	6	0	0	0	1	1	3	3	9	2	6	9	0	1	0	8	2	9	3	1	1	2	0	2	8	4	1	4	8	1	1	1	0	1	2	0	1	0	4	8	3	0	0	1	0	2	3	1	2	4	3	3	0	3	4	6	8	3	2	1	0	1	2	4	0	4	13	6	4	7	1	1	0	3	2	2	2	1	1	4	0	5	3	8	2	3	0	0	2	0	7	1	9	0	4	12	2	4	0	4	3	2	2	3	3	4	0	6	0	8	2	1	3	0	3	1	5	0	2	201	0	1	1	3	1	0	0	1	1	10	2	2	0	4	0	0	1	1	3	1	3	1	1	2	1	1	0	7	0	9	1	5	0	5	0	1	2	0	1	0	4	4	0	0	3	1	2	5	1	3	2	0	12	3	10	3	2	5	1	6	0	1	0	5	5	0	6	3	4	4	0	1	6	5	2	6	3	7	3	2	3	4	4	0	0	5	2	5	4	2	3	5	3	1	1	2	0	4	5	6	0	2	0	1	0	3	1	2	1	5	0	3	3	4	2	1	0	1	4	2	5	3	1	1	6	1	2	1	1	3	0	1	4	4	3	0	1	0	3	3	3	2	2	3	1	1	2	3	0	1	3	1	1	8	3	1	0	1	2	1	11	0	0	2	1	3	0	0	2	0	5	2	0	0	0	2	3	0
C[Del(T):R7]A	2	1	4	1	6	0	0	0	0	5	0	1	1	2	13	1	3	1	2	0	0	0	0	0	0	1	0	0	0	1	1	0	0	0	0	0	0	0	1	1	2	0	3	0	4	2	3	4	4	4	2	4	1	3	1	1	3	6	7	3	0	4	5	3	5	6	1	0	9	1	7	5	7	4	2	6	1	0	5	2	0	6	4	1	2	12	0	0	1031	2	1	3	6	0	3	3	3	0	2	2	0	0	4	4	1	2	4	6	20	2	3	2	0	2	0	5	3	1	5	13	8	1	0	1	2	3	3	0	6	2	3	0	9	1	3	0	0	3	6	0	0	0	2	6	2	3	6	0	4	615	0	7	0	0	2	5	1	14	3	7	18	8	1	1	2	2	0	1	10	0	3	1	3	6	2	0	2	4	26	0	9	3	1	0	0	3	4	16	0	0	1	7	3	5	0	1	2	1	1	0	0	2	0	1	3	3	5	3	1	1	432	2	4	5	2	3	1	0	1	1	6	2	2	2	2	2	0	0	4	1	2	1	3	0	4	3	0	12	2	2	5	365	9	1	0	1	2	0	2	0	2	0	2	3	3	0	4	10	2	1	10	0	0	5	1	0	2	1	2	0	1	1	14	3	0	6	12	0	5	0	0	0	12	7	0	9	8	1	5	10	3	2	4	6	6	22	0	3	0	2	1	1	4	6	10	1	2	2	6	7	1	0	2	0	2	2	4	7	2	0	2	2	0	0	0	5	0	12	7	4	1	5	6	14	7	6	2	0	4	9	0	3	1	4	10	2	7	2	1	8	0	2	1	1	3	0	0	10	2	2	20	8	0	1	3	5	4	7	4	2	4	5	4	9	2	3	0	3	4	1	3	2	2	11	1	6	4	9	3	7	3	4	2	1	7	2	3	1127	2	2	9	4	1	0	0	8	2	14	7	2	2	3	0	0	0	0	4	0	3	4	0	8	8	1	0	28	0	4	1	7	0	6	1	1	0	0	1	1	2	2	2	2	4	0	3	4	5	2	3	1	14	2	17	2	3	4	2	9	2	2	0	6	1	0	5	4	20	0	2	0	4	4	4	5	4	10	1	3	2	3	3	3	0	6	5	8	2	4	4	5	1	1	1	1	2	7	4	5	5	2	3	4	1	10	0	2	0	2	2	2	2	2	2	2	7	9	5	4	6	2	0	2	8	0	1	1	5	5	0	4	0	5	1	1	1	0	1	6	7	1	0	1	4	0	6	9	0	2	0	5	4	9	1	4	0	3	5	0	9	0	0	1	0	7	0	2	3	0	9	2	2	0	0	1	3	1
C[Del(T):R7]C	0	4	2	3	2	0	1	0	2	2	0	1	0	1	14	1	2	1	1	2	0	1	0	0	1	0	3	6	1	0	2	1	0	0	0	1	0	0	1	3	1	1	8	3	2	3	4	4	5	3	3	3	1	3	3	3	6	3	3	6	2	3	3	6	4	4	0	2	8	1	0	4	5	5	0	8	7	4	1	4	6	2	4	6	3	6	1	1	1005	1	1	4	13	1	0	1	2	0	0	0	3	1	3	8	1	0	2	4	25	0	2	1	1	3	3	2	2	3	3	9	4	0	0	4	2	2	2	0	2	1	9	1	7	0	3	0	1	6	1	1	1	0	1	9	0	4	5	1	4	563	3	7	2	2	0	4	1	9	3	2	13	4	0	0	1	1	0	2	10	2	4	3	2	2	2	0	2	5	12	0	2	3	0	2	2	6	3	31	0	1	6	3	2	2	0	3	1	3	1	4	3	4	0	3	0	8	4	6	1	0	475	2	5	4	2	7	2	0	3	1	6	4	0	2	1	5	3	0	1	2	4	6	1	1	3	3	1	6	0	2	2	335	1	2	1	4	1	2	2	3	2	1	6	1	0	0	5	4	2	2	11	0	1	0	6	1	0	2	2	0	2	0	5	5	1	3	5	4	6	0	0	1	11	7	1	4	9	1	11	11	1	0	2	4	2	15	2	2	2	2	0	0	2	3	2	1	2	0	5	9	1	2	3	0	1	3	4	10	6	0	0	3	0	1	3	3	5	7	9	4	0	3	4	12	11	8	3	0	1	6	2	3	0	8	5	2	4	2	1	3	0	6	3	2	5	0	0	5	0	1	14	3	1	1	2	2	0	2	6	2	5	3	8	4	0	7	0	4	4	1	4	3	2	14	6	14	2	7	0	6	2	7	2	1	5	1	4	1226	3	0	6	3	2	0	1	4	2	9	3	1	3	3	1	0	3	0	4	0	3	6	3	3	8	3	0	21	1	4	2	6	0	4	2	2	0	2	0	3	4	3	0	0	3	0	4	5	1	1	1	3	17	3	18	1	2	5	1	7	5	4	0	3	3	0	4	2	13	3	2	3	8	10	2	3	1	8	1	8	4	2	2	3	1	2	4	15	3	1	0	6	1	0	0	2	4	5	1	4	3	2	2	11	1	2	1	3	0	14	1	4	2	4	4	4	4	3	2	3	14	3	0	4	11	2	0	1	1	2	2	7	1	5	1	0	1	1	6	4	5	3	2	1	2	0	4	15	0	2	5	0	2	11	3	4	2	7	4	1	3	0	1	0	0	10	1	4	3	0	8	1	0	1	2	1	0	0
C[Del(T):R7]G	0	3	0	4	4	0	0	0	4	4	0	2	1	0	10	2	1	1	2	1	0	0	0	0	0	1	1	2	1	2	0	1	1	0	3	0	0	1	2	2	2	3	5	1	2	3	2	5	1	1	0	0	1	4	1	0	0	3	7	4	2	0	6	5	3	4	1	1	8	4	2	5	2	1	1	3	2	4	5	1	1	2	2	0	0	13	0	1	1195	0	0	2	5	0	3	2	1	0	0	2	0	0	3	1	0	0	3	0	13	0	2	2	2	0	2	2	1	1	2	8	3	0	4	3	1	4	5	1	5	1	3	0	3	1	3	0	0	4	0	0	0	0	0	6	2	3	3	0	2	597	1	7	0	0	1	3	2	10	2	3	14	3	1	3	0	2	1	0	5	2	5	4	2	1	3	0	2	10	6	0	4	3	1	1	0	5	0	11	0	1	4	6	4	1	1	1	3	4	0	0	0	1	0	0	3	1	0	3	0	1	452	0	3	4	1	4	4	0	3	0	3	1	1	2	2	1	2	1	1	4	2	1	2	1	5	1	2	3	1	3	6	408	6	0	0	2	0	0	1	1	4	1	6	2	2	0	4	3	1	1	12	0	0	2	1	0	7	2	4	0	1	0	5	1	0	2	9	3	4	1	0	0	11	1	2	4	2	2	6	9	1	0	0	5	2	15	5	2	1	2	1	0	4	2	6	0	4	0	4	5	2	2	0	0	1	2	1	6	3	1	2	0	0	0	2	0	1	14	8	1	0	1	1	8	7	2	2	0	0	7	1	7	0	4	3	1	2	1	3	2	0	6	0	1	9	0	0	9	1	4	19	0	1	1	0	1	3	5	4	2	3	3	6	3	5	3	0	1	3	0	1	8	6	5	4	10	4	11	0	4	6	3	2	1	7	2	3	998	2	1	5	3	1	0	0	1	0	10	2	0	0	2	0	0	1	1	3	1	8	2	1	4	7	6	5	22	0	3	3	8	0	2	0	1	0	2	0	0	3	1	0	0	3	1	3	3	4	1	1	2	8	2	7	2	5	1	2	6	2	3	0	3	4	0	3	0	9	4	4	0	10	4	2	4	3	3	1	5	1	5	0	5	0	1	1	4	5	0	4	0	3	0	3	2	0	1	1	4	3	2	3	4	1	4	1	4	0	2	0	1	0	3	2	2	3	2	3	1	10	3	0	0	6	1	4	3	2	3	1	1	3	3	3	0	3	1	5	5	7	1	2	3	0	0	6	8	1	1	1	4	3	6	0	5	0	3	4	2	5	0	0	0	1	6	0	1	2	0	6	0	1	2	2	0	1	0
C[Del(T):R8]A	0	1	0	5	1	0	1	0	0	2	0	1	0	1	8	0	2	1	0	0	0	0	0	0	1	0	1	0	0	2	0	2	0	0	1	0	0	1	2	1	3	2	1	3	5	1	2	4	1	0	6	2	0	5	0	1	3	4	0	5	4	1	3	2	2	10	0	2	5	3	2	0	2	6	0	6	4	3	2	1	5	1	2	2	6	9	0	5	2098	3	6	0	6	1	3	2	6	0	2	4	0	0	2	10	0	5	2	3	21	1	1	1	0	0	0	5	1	0	14	8	13	1	3	2	2	4	0	0	3	0	4	0	7	3	4	2	0	1	3	0	4	0	6	12	0	4	9	0	4	1220	0	4	2	1	7	2	2	10	0	1	23	6	0	5	2	2	0	2	20	7	7	3	3	3	1	4	4	10	21	0	1	0	2	2	1	5	7	27	0	4	4	8	3	9	3	3	2	5	2	1	1	2	1	0	1	2	2	7	1	3	804	2	5	4	2	10	4	0	2	0	5	1	1	5	3	9	1	0	2	0	5	2	2	2	1	2	1	11	3	2	8	622	2	3	0	0	1	0	2	2	4	0	9	1	1	0	2	11	1	9	15	0	0	3	5	1	1	4	3	2	1	0	11	5	2	5	16	1	4	1	0	2	14	15	1	3	6	2	10	13	4	4	2	3	3	19	3	4	0	2	2	1	1	11	11	1	2	1	5	11	2	2	1	0	2	8	4	9	7	0	3	1	0	2	1	8	0	21	6	5	0	2	4	14	10	9	3	2	1	14	0	6	1	10	1	2	5	2	0	6	0	3	4	0	1	1	2	7	1	1	25	8	2	1	1	3	7	9	4	2	2	4	6	10	5	1	0	3	1	0	5	7	4	9	3	4	4	15	3	5	4	6	6	1	6	8	1	2124	4	4	8	8	0	1	1	10	2	11	6	2	2	1	1	1	3	1	4	1	6	6	0	5	10	3	0	37	1	7	2	4	1	4	3	1	0	1	1	3	0	2	0	2	2	0	4	0	9	3	1	3	15	0	12	1	3	0	1	7	2	2	0	3	1	0	6	2	14	2	6	2	5	9	1	3	1	10	0	7	2	2	1	4	1	4	4	9	0	3	1	8	2	1	2	2	3	4	4	4	3	2	6	7	4	5	0	2	0	3	0	0	0	2	1	1	6	4	5	2	3	1	2	3	21	1	4	2	3	2	0	9	1	6	2	3	0	1	6	2	15	5	1	3	4	1	6	9	1	1	0	3	7	32	0	14	0	4	9	2	8	2	0	3	2	5	1	3	3	0	7	3	0	0	2	0	0	1
C[Del(T):R8]C	1	2	1	3	2	0	1	0	2	1	0	0	0	2	2	0	4	0	1	1	0	0	0	0	0	0	2	1	0	1	0	1	0	0	1	0	1	0	0	1	1	0	3	0	3	0	5	3	5	3	1	1	2	7	3	1	2	2	1	1	2	1	4	0	3	6	0	1	5	0	3	2	2	2	1	1	2	1	2	2	0	0	4	3	1	6	1	0	1820	0	0	1	7	0	5	3	3	0	0	0	3	0	6	7	0	2	6	11	17	2	5	0	0	1	2	10	2	2	8	6	6	1	4	3	1	4	3	1	2	0	1	0	7	1	4	1	0	0	0	0	1	1	4	8	2	1	6	1	2	1013	0	6	1	0	3	0	2	11	2	3	24	1	0	2	4	4	1	0	7	1	5	4	1	3	1	1	1	7	20	1	2	6	2	1	0	4	2	33	0	4	5	13	1	5	1	1	3	5	1	2	2	2	0	0	2	2	1	12	0	0	768	2	4	2	2	8	3	1	5	1	5	1	1	4	5	8	2	0	2	3	5	1	0	1	0	3	0	6	2	2	5	563	5	0	0	2	2	0	1	0	2	0	6	2	2	1	3	3	0	3	14	1	1	1	2	3	2	5	5	0	0	0	7	1	2	4	8	3	5	0	0	1	16	9	2	4	2	1	9	11	3	2	1	8	6	19	2	5	0	1	1	1	5	10	9	0	1	1	7	16	1	2	1	1	2	5	0	17	4	0	0	5	0	2	4	9	0	20	6	2	0	0	7	12	9	11	4	0	2	7	0	1	2	7	1	1	6	5	2	4	1	2	1	0	2	0	0	7	1	1	27	5	1	2	1	3	3	11	5	3	6	8	10	12	5	3	0	2	2	0	2	9	4	4	1	8	2	10	0	4	4	0	3	4	11	1	3	2072	2	5	6	2	0	1	0	10	0	4	3	1	3	3	1	0	0	1	8	0	3	2	0	10	6	2	0	48	1	5	2	1	0	0	0	2	0	1	2	2	0	3	0	0	2	1	6	1	3	3	2	1	8	0	16	1	3	4	1	5	0	0	0	2	1	0	2	2	15	1	8	3	9	7	5	8	4	3	2	3	3	1	0	2	1	7	1	7	1	5	1	1	9	2	1	4	2	1	5	3	6	1	7	2	2	2	2	1	1	6	0	3	1	2	1	2	5	1	3	1	8	1	0	2	16	3	0	2	0	3	1	2	2	2	2	0	1	0	5	3	13	3	1	0	5	0	7	7	1	3	0	2	4	14	4	12	1	1	2	5	7	0	0	1	2	10	0	1	3	0	13	1	2	1	5	0	0	2
C[Del(T):R8]G	0	1	0	1	0	0	1	0	0	4	0	0	0	1	3	1	1	0	0	0	0	0	0	0	0	0	0	1	1	0	0	2	0	0	0	0	0	1	0	0	2	0	2	2	2	1	2	3	2	0	3	1	0	3	0	0	4	1	1	1	1	1	0	2	3	7	0	0	5	1	1	1	2	2	1	4	3	1	0	0	0	1	0	3	1	1	0	1	2143	1	1	0	1	0	5	1	0	0	3	1	0	0	5	3	0	3	2	3	16	1	2	0	0	0	1	2	0	2	10	5	3	0	5	2	4	1	0	1	1	1	1	0	6	0	5	0	0	1	0	0	0	0	2	6	1	2	4	0	2	1069	1	10	0	1	1	0	0	6	2	2	29	4	1	1	1	0	0	1	3	2	5	8	1	7	0	0	1	9	21	0	1	2	2	0	1	5	1	5	1	3	2	9	0	5	0	4	6	2	2	1	1	2	0	1	2	4	0	6	0	0	714	2	3	1	1	4	3	0	2	0	4	2	2	2	3	4	1	0	1	2	5	0	2	0	1	1	0	3	1	2	5	690	1	0	0	1	0	0	1	0	2	2	4	4	1	0	0	2	0	2	12	0	0	1	4	0	1	4	2	1	1	0	3	5	0	6	4	0	2	0	0	0	13	6	1	3	3	3	5	15	3	3	1	5	4	16	0	0	1	2	3	0	0	7	12	0	1	0	3	15	1	1	4	0	0	6	1	11	0	0	2	3	0	2	1	4	2	15	6	3	0	0	5	13	9	4	1	0	5	10	0	1	2	7	2	4	3	0	0	2	1	5	0	2	1	1	3	7	0	2	23	2	0	1	0	3	4	7	2	2	3	3	7	3	1	1	0	5	2	0	1	3	1	0	3	6	2	11	0	4	2	1	0	0	7	3	2	1636	2	4	5	3	1	0	3	6	0	5	1	2	1	4	1	0	2	0	8	2	3	1	0	2	5	1	0	33	0	2	2	3	1	2	3	1	0	0	1	0	1	3	1	0	2	0	5	0	0	1	3	0	12	0	10	3	4	0	0	4	1	1	1	4	1	0	0	2	18	2	2	0	2	4	2	1	0	4	2	9	3	3	2	0	1	8	1	14	1	1	2	3	3	1	0	4	0	3	0	3	0	2	4	6	0	1	1	3	0	2	0	0	0	1	3	1	1	5	1	0	4	1	1	0	17	2	3	0	2	0	1	0	0	2	1	1	1	0	1	2	14	3	1	0	3	0	6	9	0	0	2	2	0	15	2	7	0	4	4	4	4	1	0	1	2	5	0	1	1	0	7	0	1	0	1	0	0	0
C[Del(T):R(9,)]A	0	0	0	0	0	0	0	0	0	0	0	0	0	0	0	0	0	0	0	0	0	0	0	0	0	0	0	0	0	0	0	0	0	0	0	0	0	0	0	0	0	0	0	0	0	0	0	0	0	0	0	0	0	0	0	0	0	0	0	0	0	0	0	0	0	0	0	0	0	0	0	0	0	0	0	0	0	0	0	0	0	0	0	0	0	0	0	0	0	0	0	0	0	0	0	0	0	0	0	0	0	0	0	0	0	0	0	0	0	0	0	0	0	0	0	0	0	0	0	0	0	0	0	0	0	0	0	0	0	0	0	0	0	0	0	0	0	0	0	0	0	0	0	0	0	0	0	0	0	0	0	0	0	0	0	0	0	0	0	0	0	0	0	0	0	0	0	0	0	0	0	0	0	0	0	0	0	0	0	0	0	0	0	0	0	0	0	0	0	0	0	0	0	0	0	0	0	0	0	0	0	0	0	0	0	0	0	0	0	0	0	0	0	0	0	0	0	0	0	0	0	0	0	0	0	0	0	0	0	0	0	0	0	0	0	0	0	0	0	0	0	0	0	0	0	0	0	0	0	0	0	0	0	0	0	0	0	0	0	0	0	0	0	0	0	0	0	0	0	0	0	0	0	0	0	0	0	0	0	0	0	0	0	0	0	0	0	0	0	0	0	0	0	0	0	0	0	0	0	0	0	0	0	0	0	0	0	0	0	0	0	0	0	0	0	0	0	0	0	0	0	0	0	0	0	0	0	0	0	0	0	0	0	0	0	0	0	0	0	0	0	0	0	0	0	0	0	0	0	0	0	0	0	0	0	0	0	0	0	0	0	0	0	0	0	0	0	0	0	0	0	0	0	0	0	0	0	0	0	0	0	0	0	0	0	0	0	0	0	0	0	0	0	0	0	0	0	0	0	0	0	0	0	0	0	0	0	0	0	0	0	0	0	0	0	0	0	0	0	0	0	0	0	0	0	0	0	0	0	0	0	0	0	0	0	0	0	0	0	0	0	0	0	0	0	0	0	0	0	0	0	0	0	0	0	0	0	0	0	0	0	0	0	0	0	0	0	0	0	0	0	0	0	0	0	0	0	0	0	0	0	0	0	0	0	0	0	0	0	0	0	0	0	0	0	0	0	0	0	0	0	0	0	0	0	0	0	0	0	0	0	0	0	0	0	0	0	0	0	0	0	0	0	0	0	0	0	0	0	0	0	0	0	0	0	0	0	0	0	0	0	0	0	0	0	0	0	0	0	0	0	0	0	0	0	0	0	0	0	0	0	0	0	0	0	0	0	0	0	0	0	0	0	0	0	0
C[Del(T):R(9,)]C	0	0	0	0	0	0	0	0	0	0	0	0	0	0	0	0	0	0	0	0	0	0	0	0	0	0	0	0	0	0	0	0	0	0	0	0	0	0	0	0	0	0	0	0	0	0	0	0	0	0	0	0	0	0	0	0	0	0	0	0	0	0	0	0	0	0	0	0	0	0	0	0	0	0	0	0	0	0	0	0	0	0	0	0	0	0	0	0	0	0	0	0	0	0	0	0	0	0	0	0	0	0	0	0	0	0	0	0	0	0	0	0	0	0	0	0	0	0	0	0	0	0	0	0	0	0	0	0	0	0	0	0	0	0	0	0	0	0	0	0	0	0	0	0	0	0	0	0	0	0	0	0	0	0	0	0	0	0	0	0	0	0	0	0	0	0	0	0	0	0	0	0	0	0	0	0	0	0	0	0	0	0	0	0	0	0	0	0	0	0	0	0	0	0	0	0	0	0	0	0	0	0	0	0	0	0	0	0	0	0	0	0	0	0	0	0	0	0	0	0	0	0	0	0	0	0	0	0	0	0	0	0	0	0	0	0	0	0	0	0	0	0	0	0	0	0	0	0	0	0	0	0	0	0	0	0	0	0	0	0	0	0	0	0	0	0	0	0	0	0	0	0	0	0	0	0	0	0	0	0	0	0	0	0	0	0	0	0	0	0	0	0	0	0	0	0	0	0	0	0	0	0	0	0	0	0	0	0	0	0	0	0	0	0	0	0	0	0	0	0	0	0	0	0	0	0	0	0	0	0	0	0	0	0	0	0	0	0	0	0	0	0	0	0	0	0	0	0	0	0	0	0	0	0	0	0	0	0	0	0	0	0	0	0	0	0	0	0	0	0	0	0	0	0	0	0	0	0	0	0	0	0	0	0	0	0	0	0	0	0	0	0	0	0	0	0	0	0	0	0	0	0	0	0	0	0	0	0	0	0	0	0	0	0	0	0	0	0	0	0	0	0	0	0	0	0	0	0	0	0	0	0	0	0	0	0	0	0	0	0	0	0	0	0	0	0	0	0	0	0	0	0	0	0	0	0	0	0	0	0	0	0	0	0	0	0	0	0	0	0	0	0	0	0	0	0	0	0	0	0	0	0	0	0	0	0	0	0	0	0	0	0	0	0	0	0	0	0	0	0	0	0	0	0	0	0	0	0	0	0	0	0	0	0	0	0	0	0	0	0	0	0	0	0	0	0	0	0	0	0	0	0	0	0	0	0	0	0	0	0	0	0	0	0	0	0	0	0	0	0	0	0	0	0	0	0	0	0	0	0	0	0	0	0	0	0	0	0	0	0	0	0	0	0	0	0
C[Del(T):R(9,)]G	0	0	0	0	0	0	0	0	0	0	0	0	0	0	0	0	0	0	0	0	0	0	0	0	0	0	0	0	0	0	0	0	0	0	0	0	0	0	0	0	0	0	0	0	0	0	0	0	0	0	0	0	0	0	0	0	0	0	0	0	0	0	0	0	0	0	0	0	0	0	0	0	0	0	0	0	0	0	0	0	0	0	0	0	0	0	0	0	0	0	0	0	0	0	0	0	0	0	0	0	0	0	0	0	0	0	0	0	0	0	0	0	0	0	0	0	0	0	0	0	0	0	0	0	0	0	0	0	0	0	0	0	0	0	0	0	0	0	0	0	0	0	0	0	0	0	0	0	0	0	0	0	0	0	0	0	0	0	0	0	0	0	0	0	0	0	0	0	0	0	0	0	0	0	0	0	0	0	0	0	0	0	0	0	0	0	0	0	0	0	0	0	0	0	0	0	0	0	0	0	0	0	0	0	0	0	0	0	0	0	0	0	0	0	0	0	0	0	0	0	0	0	0	0	0	0	0	0	0	0	0	0	0	0	0	0	0	0	0	0	0	0	0	0	0	0	0	0	0	0	0	0	0	0	0	0	0	0	0	0	0	0	0	0	0	0	0	0	0	0	0	0	0	0	0	0	0	0	0	0	0	0	0	0	0	0	0	0	0	0	0	0	0	0	0	0	0	0	0	0	0	0	0	0	0	0	0	0	0	0	0	0	0	0	0	0	0	0	0	0	0	0	0	0	0	0	0	0	0	0	0	0	0	0	0	0	0	0	0	0	0	0	0	0	0	0	0	0	0	0	0	0	0	0	0	0	0	0	0	0	0	0	0	0	0	0	0	0	0	0	0	0	0	0	0	0	0	0	0	0	0	0	0	0	0	0	0	0	0	0	0	0	0	0	0	0	0	0	0	0	0	0	0	0	0	0	0	0	0	0	0	0	0	0	0	0	0	0	0	0	0	0	0	0	0	0	0	0	0	0	0	0	0	0	0	0	0	0	0	0	0	0	0	0	0	0	0	0	0	0	0	0	0	0	0	0	0	0	0	0	0	0	0	0	0	0	0	0	0	0	0	0	0	0	0	0	0	0	0	0	0	0	0	0	0	0	0	0	0	0	0	0	0	0	0	0	0	0	0	0	0	0	0	0	0	0	0	0	0	0	0	0	0	0	0	0	0	0	0	0	0	0	0	0	0	0	0	0	0	0	0	0	0	0	0	0	0	0	0	0	0	0	0	0	0	0	0	0	0	0	0	0	0	0	0	0	0	0	0	0	0	0	0	0	0	0	0	0	0	0	0	0	0	0	0	0
G[Del(T):R1]A	3	5	0	2	11	0	3	1	5	7	1	6	0	0	22	6	2	0	8	2	2	0	1	0	3	1	6	30	1	1	1	8	0	0	3	1	0	2	4	7	1	3	13	3	15	7	4	1	6	2	6	6	3	4	13	3	3	6	2	7	2	2	9	8	5	6	1	7	6	4	9	9	3	3	3	6	6	8	7	2	3	9	6	2	3	10	4	5	3	4	1	9	14	2	2	6	2	2	2	3	1	0	12	4	1	6	14	1	29	5	10	0	2	0	5	5	3	2	6	8	3	0	1	6	4	3	7	0	14	9	5	1	10	5	3	4	1	5	1	0	0	3	1	2	2	8	4	2	0	2	3	23	0	0	3	10	2	8	13	2	3	2	0	12	5	4	1	5	1	2	0	7	0	3	2	1	0	2	5	0	5	6	2	0	0	11	5	35	3	1	13	1	3	2	1	3	0	1	0	2	0	7	0	2	3	1	7	4	0	3	2	0	0	3	2	9	0	3	4	1	6	9	0	2	4	6	0	0	7	12	4	2	3	0	8	4	3	33	0	0	2	0	1	1	0	8	1	1	5	4	5	2	6	6	3	0	8	3	0	4	14	1	1	2	1	1	5	10	6	0	0	0	5	2	1	5	6	13	10	1	0	5	0	2	6	13	5	3	10	17	8	1	0	9	3	13	2	1	3	4	0	2	11	10	0	1	7	0	1	5	0	1	9	0	0	4	5	11	9	1	1	10	0	0	1	0	3	11	10	9	0	2	14	14	10	3	6	0	0	2	1	4	1	1	42	4	14	6	7	3	0	13	1	4	11	0	0	13	1	3	3	5	0	4	1	2	1	3	11	0	19	13	8	26	2	6	0	6	5	4	5	10	2	7	4	3	4	12	2	1	3	6	1	1	8	0	4	16	0	2	5	12	3	3	3	0	2	19	3	1	0	4	2	0	0	1	4	0	3	6	1	6	1	5	1	4	0	5	12	15	0	5	2	2	3	0	2	1	6	7	1	0	7	3	4	11	2	3	2	3	29	4	17	3	11	8	4	10	3	3	0	5	9	0	12	5	8	3	0	3	10	5	6	10	3	16	10	11	7	23	12	3	0	4	4	12	20	2	4	7	3	2	1	1	2	14	8	10	0	0	0	8	4	9	1	3	1	4	8	3	15	16	13	1	0	2	8	1	2	5	2	3	17	0	4	5	0	2	0	7	5	12	10	0	3	0	1	15	1	3	3	3	2	0	4	7	0	0	3	2	7	12	3	4	0	4	4	0	37	0	1	0	0	3	3	2	7	1	12	2	2	1	1	2	4	3
G[Del(T):R1]C	2	0	2	3	6	0	2	0	2	8	1	0	0	0	10	2	7	1	3	0	0	0	1	1	2	1	2	11	1	5	0	5	0	0	0	0	0	1	6	1	4	2	3	1	2	2	1	1	4	0	3	3	2	3	2	2	6	4	4	8	1	2	7	9	9	4	0	6	1	5	3	4	4	1	1	4	4	6	3	4	1	3	0	0	1	6	5	1	3	0	0	2	4	1	4	4	0	0	0	4	0	1	1	1	1	5	4	0	14	3	5	1	1	1	4	0	0	0	4	6	1	0	5	2	9	4	0	0	4	3	2	1	1	2	1	2	0	3	1	0	0	1	0	3	1	3	4	0	0	4	1	8	0	0	2	2	2	5	2	3	3	2	1	13	2	1	0	0	0	1	2	5	1	0	2	0	1	3	3	1	3	4	1	3	6	8	1	11	2	1	4	2	4	1	1	2	0	2	1	4	1	3	0	0	4	4	6	4	0	3	2	1	5	3	1	6	5	1	5	0	3	5	2	6	6	2	0	0	6	4	2	3	1	1	6	1	2	9	1	1	1	0	3	0	2	2	2	0	1	10	2	1	2	2	1	0	4	1	0	1	3	1	0	0	1	0	4	1	3	0	2	0	1	2	0	1	4	4	5	2	0	0	2	1	1	6	5	6	4	13	5	1	0	9	3	4	1	0	2	2	1	2	8	4	0	2	5	1	3	2	0	2	3	1	0	2	6	5	4	0	1	11	2	4	0	1	2	4	9	6	0	2	7	4	6	5	3	0	0	4	4	5	1	2	11	8	4	4	5	1	0	5	7	1	10	0	1	9	0	4	0	2	0	6	1	0	3	4	4	0	8	4	2	6	4	2	0	7	7	1	2	2	3	5	1	9	2	4	2	1	3	3	4	0	2	1	1	18	0	0	2	2	0	0	1	4	0	8	2	0	0	3	1	1	1	0	3	1	3	9	1	4	1	0	2	2	0	3	2	7	2	1	2	4	1	0	1	4	5	1	0	1	4	1	4	2	2	4	0	0	11	1	5	0	3	7	4	4	4	3	0	6	3	0	5	2	7	2	2	2	7	3	1	6	4	9	6	3	2	5	5	0	0	0	0	12	4	2	4	10	3	0	0	0	1	5	5	3	3	1	2	10	2	2	0	2	0	5	2	2	11	6	4	3	3	1	2	1	8	1	0	0	4	3	2	2	0	2	1	5	4	3	12	0	5	0	3	4	2	3	4	2	0	1	4	3	0	1	2	2	4	6	0	1	0	1	5	1	8	2	0	1	1	2	1	1	4	0	5	0	0	1	0	0	1	1
G[Del(T):R1]G	4	7	0	1	12	0	2	2	5	14	1	12	0	0	16	5	0	1	4	5	0	1	0	0	4	2	1	17	0	2	0	9	0	0	7	0	1	1	3	4	1	6	8	0	8	5	2	3	2	2	6	6	4	5	5	1	5	3	5	5	3	1	7	8	3	1	0	6	6	2	3	4	3	4	3	5	7	5	4	1	2	6	5	6	1	11	5	3	28	2	1	2	8	0	5	4	1	1	1	5	2	1	13	2	3	5	5	1	17	8	9	2	1	1	6	3	10	1	2	9	0	2	6	9	3	3	2	0	6	2	3	2	9	6	6	4	1	4	1	0	0	2	0	6	1	4	3	3	0	15	4	18	0	0	1	6	1	9	6	4	1	2	1	10	5	0	0	5	3	3	1	13	0	4	2	1	5	2	11	0	9	11	2	2	3	6	7	24	1	2	7	6	9	1	2	3	0	1	1	9	0	4	0	1	1	2	3	2	0	5	6	0	1	4	2	12	1	2	3	1	7	4	3	5	4	4	1	0	3	7	2	4	8	2	2	3	2	18	1	1	1	9	5	1	0	6	1	0	3	5	8	1	5	10	3	0	5	2	1	0	10	2	0	2	2	1	3	4	7	1	2	1	0	2	3	2	15	6	13	1	2	2	4	0	4	11	9	9	7	17	4	4	2	17	8	11	6	1	3	5	2	1	3	12	0	3	9	0	1	5	2	2	5	2	1	1	5	8	5	1	2	17	0	3	2	1	5	4	11	8	0	1	8	9	10	1	5	1	1	1	1	10	2	5	22	3	4	6	0	4	2	7	1	10	9	2	1	4	2	1	4	6	2	4	2	0	2	3	6	2	4	5	8	18	2	3	0	7	6	4	7	10	3	8	9	12	3	11	3	1	4	2	1	1	5	2	7	54	2	3	4	8	1	2	2	1	2	16	1	0	3	6	1	0	1	2	2	0	4	3	1	3	5	3	2	2	0	4	8	10	0	5	4	1	4	0	1	2	4	5	0	0	9	3	3	7	2	3	3	1	11	4	13	5	5	7	5	9	4	3	1	6	9	0	8	2	6	5	0	6	6	5	4	7	3	11	4	8	4	6	3	2	0	4	3	11	6	2	3	12	5	3	0	0	2	8	5	7	0	0	0	5	3	5	2	8	1	7	4	4	11	12	7	3	2	2	5	6	10	5	1	5	13	0	0	8	2	3	0	9	4	6	5	2	2	0	0	11	2	4	6	2	1	0	6	10	1	1	6	3	8	13	1	3	1	5	7	1	25	2	1	2	1	5	6	2	3	0	13	5	1	1	1	0	2	3
G[Del(T):R2]A	1	5	1	0	5	0	1	0	3	5	0	1	0	0	12	4	14	1	7	1	1	2	4	0	5	2	5	11	1	1	2	5	1	0	3	0	0	5	1	2	2	5	6	1	5	3	3	0	2	0	6	4	1	4	2	4	6	3	0	6	0	1	4	7	3	2	0	4	2	3	3	0	6	1	1	3	3	6	3	0	2	4	0	0	3	6	0	1	7	4	1	3	5	1	2	2	2	0	1	8	3	0	5	4	2	3	5	2	9	3	7	2	1	2	2	2	2	1	8	5	9	1	8	4	7	2	5	0	4	6	6	0	3	5	4	3	1	1	0	0	1	1	1	1	0	1	3	2	1	6	3	11	2	3	0	8	1	6	4	1	1	1	1	9	2	3	0	4	2	2	5	10	2	7	2	0	5	1	6	0	1	0	2	2	1	6	1	14	0	1	8	3	2	1	1	1	0	4	0	3	0	1	1	1	0	2	4	5	1	3	4	1	4	1	0	3	0	1	4	2	7	8	1	2	0	7	0	1	2	8	1	3	3	2	3	1	2	9	1	1	5	0	4	0	1	7	0	1	0	8	2	2	2	0	1	0	1	1	1	1	10	1	1	0	0	0	5	7	3	0	0	1	3	1	1	1	2	2	6	0	1	1	2	1	0	2	8	1	8	10	2	1	1	3	8	8	2	2	2	3	0	3	8	5	2	3	1	0	1	1	1	0	6	1	1	5	0	6	1	1	1	13	1	1	1	1	1	3	8	2	0	1	4	7	8	14	5	0	1	7	5	2	1	0	18	7	3	5	2	2	1	7	0	5	7	0	2	2	0	5	0	3	0	2	3	2	1	3	8	1	13	5	3	8	0	2	0	4	7	4	4	5	6	4	3	5	0	5	4	1	4	2	2	0	5	1	4	24	1	1	0	3	1	1	5	4	3	8	4	4	1	5	1	0	0	0	5	1	1	4	0	2	2	0	1	3	1	0	3	8	0	2	2	5	5	0	1	4	4	4	1	2	4	2	2	6	3	1	1	0	11	1	9	2	2	5	2	6	3	3	0	4	5	1	6	3	4	3	0	0	2	1	3	3	3	9	1	3	5	2	7	0	0	5	2	20	3	1	2	9	3	6	0	1	3	7	1	2	3	0	0	5	1	0	0	0	1	7	3	4	5	3	4	0	2	1	2	0	5	3	0	5	7	0	0	7	1	3	1	5	2	5	3	0	1	1	3	10	4	0	1	0	3	3	5	3	0	1	0	3	4	8	0	2	1	4	2	0	11	2	1	1	1	1	2	1	2	0	9	5	2	0	0	1	4	0
G[Del(T):R2]C	1	1	0	1	2	0	2	0	3	1	0	3	1	0	5	1	10	0	0	0	0	2	0	0	3	1	0	4	2	0	0	1	0	2	1	0	0	1	0	5	3	2	5	2	4	2	3	1	0	2	0	1	1	1	2	1	0	0	1	0	1	1	0	1	2	1	2	1	0	0	0	1	1	1	0	2	1	0	2	0	0	4	1	4	1	1	1	1	4	1	0	1	2	2	0	1	0	2	1	3	0	0	1	3	1	6	1	1	8	3	3	1	1	2	0	0	2	0	2	3	0	1	1	3	0	1	6	0	3	3	2	0	3	3	0	0	0	2	1	0	0	0	0	1	1	1	2	0	0	8	1	1	1	0	1	2	0	2	3	0	1	1	0	4	1	0	0	0	0	1	1	0	1	1	0	0	2	0	1	0	0	3	3	1	1	3	0	4	2	0	4	0	4	1	3	3	1	1	0	0	0	5	0	0	3	1	2	3	1	2	5	0	1	0	1	2	0	0	2	0	4	4	0	2	0	3	0	0	1	3	2	0	1	1	3	0	2	1	1	0	1	3	6	0	0	0	0	0	0	6	1	0	2	0	0	1	0	2	0	0	1	2	0	0	0	0	3	2	3	0	1	0	0	3	0	1	6	2	0	0	0	1	0	2	2	1	4	5	2	4	0	0	3	1	3	4	3	1	0	0	0	0	0	2	0	0	4	0	1	3	0	4	2	0	1	1	0	1	2	0	0	4	0	4	3	0	0	2	4	3	0	1	1	2	3	4	4	0	0	2	4	7	3	0	7	0	4	6	6	1	1	6	2	1	11	1	0	4	2	1	1	2	0	0	1	1	1	3	5	0	4	1	2	5	1	2	0	1	3	2	1	4	1	0	3	0	1	1	1	1	0	0	0	3	3	1	3	15	0	1	1	1	1	3	4	1	3	2	3	0	1	2	0	1	0	0	4	0	0	0	2	0	1	1	1	1	0	0	2	4	0	1	2	1	1	0	3	2	1	0	0	0	0	1	3	3	0	1	1	1	5	0	4	1	0	3	0	5	2	1	0	5	0	0	2	0	3	1	1	1	4	1	1	1	1	4	3	1	1	1	1	1	2	3	1	16	0	0	1	2	1	0	1	0	2	1	6	3	5	0	0	5	0	1	0	0	0	3	1	0	2	5	7	0	1	4	0	0	1	0	0	1	2	1	1	3	0	1	0	3	2	2	2	1	0	1	2	5	3	0	1	3	0	0	4	1	0	2	0	0	3	5	0	2	1	2	3	0	10	1	0	0	0	3	1	0	1	1	8	3	1	1	0	0	0	3
G[Del(T):R2]G	2	5	1	3	11	0	5	1	6	7	1	4	1	0	16	5	5	0	12	4	0	2	2	0	7	2	5	19	0	4	1	5	0	0	6	0	1	0	5	3	4	3	9	0	9	4	2	2	7	4	8	3	3	9	1	1	8	2	7	5	2	1	5	6	4	2	0	7	10	7	2	6	8	3	0	9	4	4	0	1	2	6	3	2	1	15	5	4	4	1	3	6	12	0	4	6	3	2	3	4	2	0	11	7	5	6	15	1	41	4	8	1	0	0	3	1	1	1	4	14	2	1	1	7	14	3	4	0	13	5	3	1	8	3	2	3	0	1	0	1	0	0	2	7	0	1	2	0	1	3	1	16	1	1	2	8	1	16	5	11	6	2	1	10	2	2	0	1	0	0	2	8	2	3	0	1	1	3	8	0	11	12	3	0	5	6	2	29	1	0	5	2	5	1	1	1	0	3	1	6	0	8	2	2	1	1	4	4	0	1	6	1	5	3	0	8	1	0	7	0	11	7	0	2	0	12	0	0	6	8	0	5	6	0	3	1	2	31	0	0	3	5	1	2	1	9	1	0	1	5	5	3	4	6	2	0	3	2	0	4	10	2	1	1	1	1	7	7	2	2	1	0	3	1	2	3	9	8	13	0	0	2	1	1	1	4	18	7	6	17	7	1	1	14	4	13	1	0	1	3	0	0	4	13	0	0	9	1	0	1	0	1	4	0	0	1	7	18	6	1	1	10	0	3	4	0	1	11	9	4	3	0	8	7	22	12	11	0	1	1	2	5	3	5	35	14	7	1	4	2	1	11	1	5	17	3	2	9	0	2	0	4	1	4	1	1	3	4	5	1	3	4	8	16	2	9	0	11	6	0	7	12	3	11	4	7	2	15	4	0	12	5	0	1	7	1	1	35	0	3	2	7	2	1	2	3	3	15	1	1	1	3	2	1	1	1	3	2	6	1	1	3	1	2	1	2	0	4	7	16	0	3	2	6	3	1	2	3	4	2	0	1	8	7	2	14	1	5	1	0	16	2	8	9	8	11	5	6	3	4	0	6	6	0	4	5	5	6	0	4	5	3	2	9	2	4	6	9	6	21	7	1	2	3	0	23	10	3	3	4	1	2	2	0	1	4	13	11	2	1	0	3	2	9	1	5	6	9	5	3	4	6	13	0	3	1	3	1	7	4	0	3	18	1	1	8	0	3	0	4	5	5	10	2	4	0	0	18	3	7	13	3	4	1	9	2	0	0	2	1	12	9	0	2	1	3	3	0	26	0	0	1	0	8	2	0	5	1	10	1	1	1	2	0	4	0
G[Del(T):R3]A	2	2	3	1	4	0	2	1	6	5	0	3	0	0	14	2	2	0	6	2	0	0	1	0	1	1	2	8	2	1	2	1	0	0	3	1	0	3	1	3	1	1	3	2	3	2	3	1	1	3	3	2	3	6	2	4	2	5	4	4	2	4	4	4	3	4	0	6	5	5	2	6	4	4	1	4	8	2	6	1	1	2	2	1	2	7	3	5	12	2	0	4	4	1	6	4	0	0	3	4	1	1	9	1	3	4	9	1	15	1	5	4	0	0	4	2	8	1	6	18	3	0	3	3	3	4	2	0	3	2	3	0	2	4	1	1	1	4	2	0	1	0	0	1	0	1	2	1	1	16	1	10	1	2	0	3	2	15	3	2	4	1	2	6	2	2	0	5	3	2	3	6	2	5	4	1	2	6	7	1	1	4	3	2	1	6	3	13	1	0	4	2	1	0	1	0	1	3	0	5	1	3	0	1	1	3	6	3	1	1	18	0	2	3	1	5	2	0	4	0	5	2	2	1	2	4	0	1	8	8	4	2	6	1	8	2	0	11	0	3	1	8	2	0	2	4	3	0	3	6	3	2	5	5	1	0	3	2	1	1	7	3	0	1	2	1	4	2	3	1	1	0	2	2	3	3	1	9	5	1	1	2	0	2	1	2	8	5	7	5	5	0	0	12	0	4	3	1	2	3	0	0	2	5	2	2	2	0	0	2	0	2	5	0	0	0	1	6	3	0	1	8	2	1	0	0	1	10	5	7	2	0	4	11	3	2	6	1	2	2	0	4	2	4	8	3	8	6	3	1	4	2	5	6	8	1	1	3	3	2	2	7	1	5	2	1	5	2	4	2	4	5	3	7	3	5	0	4	0	2	4	4	4	11	4	12	1	8	2	2	1	2	2	0	4	2	1	51	1	3	0	8	1	1	0	1	0	10	3	3	2	3	2	0	2	3	2	2	2	6	1	2	3	3	1	5	1	5	5	8	1	3	3	4	0	1	3	2	4	0	1	2	7	3	3	5	0	4	1	1	7	3	8	4	5	4	4	4	1	2	1	4	8	1	3	2	8	7	0	2	11	8	8	10	3	7	5	10	2	7	3	1	0	3	0	8	6	2	3	6	3	3	3	0	0	7	3	4	3	0	0	3	2	1	2	4	3	4	4	1	5	2	7	5	1	2	8	1	12	1	1	1	6	0	1	4	1	3	2	3	3	5	2	1	6	3	2	6	3	1	2	0	1	0	8	6	1	1	4	2	7	6	1	4	1	8	6	2	10	3	0	4	1	10	1	1	2	2	5	5	2	0	3	2	6	1
G[Del(T):R3]C	1	3	1	2	2	0	0	0	4	1	2	3	0	0	12	3	1	0	0	0	1	0	1	0	0	0	3	6	0	1	3	3	0	1	2	0	2	0	0	0	1	1	7	0	2	2	2	1	3	0	4	0	1	3	2	0	4	3	1	4	0	2	5	1	1	1	1	4	0	1	2	3	1	4	4	1	3	1	3	0	0	4	2	3	2	3	1	4	12	3	1	3	5	2	3	1	0	0	2	4	0	1	0	3	0	0	5	1	14	3	1	2	0	1	1	0	0	2	2	7	2	0	2	2	4	0	3	1	6	2	2	0	2	3	3	1	0	2	0	0	1	0	2	2	0	3	1	2	1	12	2	5	0	1	1	2	2	8	0	1	4	0	0	4	1	1	0	0	2	0	0	2	3	2	0	0	2	1	1	1	5	4	1	1	1	2	1	5	0	0	4	3	3	2	0	0	0	0	0	3	0	4	1	1	1	2	0	6	0	2	19	1	0	1	0	3	4	0	3	0	5	1	0	0	0	1	1	0	2	1	0	2	2	1	1	3	0	12	0	1	2	10	4	0	0	0	0	1	0	9	0	1	3	5	0	1	2	0	0	2	5	1	0	0	1	0	2	2	4	1	0	0	1	2	0	1	5	4	7	0	1	0	0	1	4	3	5	1	4	1	3	3	3	2	1	3	1	1	2	1	2	1	5	1	0	2	4	0	0	2	0	0	3	0	1	0	0	6	5	1	0	4	1	1	3	0	1	3	4	3	0	0	4	5	4	1	4	1	0	2	4	5	0	2	6	4	1	1	1	2	0	7	4	2	3	1	1	7	1	1	0	0	0	2	0	1	3	4	5	1	7	4	1	10	0	1	0	3	0	1	1	8	2	5	3	5	3	6	2	0	3	2	2	2	1	0	2	45	1	2	4	2	1	0	1	2	3	4	1	0	0	4	0	0	1	1	6	2	1	1	0	3	0	1	1	5	1	0	3	5	1	1	1	3	0	0	2	0	2	2	0	0	2	2	2	3	0	0	3	2	8	1	2	1	1	1	5	3	2	3	1	2	0	1	1	3	3	1	0	4	3	2	4	2	4	8	6	7	4	6	3	1	0	2	1	7	1	0	5	4	1	1	0	0	0	4	4	2	0	2	0	4	0	2	1	0	3	2	2	3	2	1	2	0	3	6	2	2	5	1	1	3	8	2	2	4	1	3	1	0	3	1	5	1	1	1	3	3	3	2	1	0	4	1	3	5	1	0	1	0	2	8	4	2	0	6	6	1	6	1	1	1	1	2	1	1	0	2	3	2	0	0	2	0	1	1
G[Del(T):R3]G	1	2	0	2	6	0	1	3	4	4	0	5	0	0	15	3	0	0	5	2	0	0	2	0	3	2	1	8	1	0	0	1	0	0	3	2	0	3	4	5	5	3	6	1	9	5	3	1	4	2	2	8	4	8	1	1	2	3	0	5	2	2	0	2	2	1	0	0	3	6	5	1	3	2	0	5	1	1	3	2	0	3	2	5	2	7	2	3	7	1	1	5	12	1	4	2	1	1	1	1	2	0	11	1	0	4	10	0	35	2	4	1	2	0	2	2	2	2	5	8	1	0	1	6	5	5	3	0	8	2	3	2	5	5	3	2	0	5	0	0	1	0	0	4	1	0	5	0	2	25	1	16	0	3	1	4	3	7	3	6	3	1	3	10	1	1	2	3	0	0	2	1	0	1	4	0	0	1	6	1	5	7	2	1	4	4	2	15	1	0	5	3	3	0	0	2	1	2	0	5	0	4	2	1	1	1	2	1	1	5	15	0	1	4	1	5	1	0	3	0	3	4	2	3	2	4	0	0	2	5	2	7	3	1	3	4	1	22	0	0	1	9	1	0	2	7	1	1	1	6	1	1	4	5	1	0	5	0	1	1	12	2	2	1	0	1	6	1	4	0	1	0	0	0	2	5	2	4	7	0	0	1	5	0	5	7	2	5	7	17	4	2	1	9	2	10	4	2	1	3	2	1	4	5	1	2	4	0	1	0	0	2	4	3	3	3	4	7	11	1	0	8	0	3	3	0	1	4	10	3	0	2	2	13	3	2	10	0	0	1	0	7	2	3	23	5	10	5	3	1	3	6	6	6	6	0	0	7	0	3	1	2	1	7	1	2	1	0	6	2	4	10	6	12	1	5	1	4	1	2	2	5	7	5	5	6	3	10	5	1	6	2	1	0	4	2	8	56	3	1	3	3	1	0	0	0	2	8	3	0	1	4	0	0	0	0	1	0	5	4	3	3	1	1	1	4	1	2	2	12	0	2	0	1	2	0	1	2	5	2	1	1	8	1	2	2	1	6	4	0	14	2	13	6	9	5	4	10	8	3	0	9	3	1	5	0	8	4	1	2	3	9	2	7	6	3	8	8	6	7	5	0	0	1	4	8	3	1	2	9	4	2	3	0	1	3	5	3	1	0	0	5	4	2	1	0	1	5	5	2	0	7	5	2	1	6	4	3	7	3	0	1	12	0	1	2	2	6	0	5	4	4	4	0	2	2	3	6	4	2	2	2	5	1	5	6	0	1	1	3	6	8	2	0	0	2	2	3	23	1	0	0	3	5	2	1	6	1	6	7	1	0	0	1	1	0
G[Del(T):R4]A	3	5	1	2	8	0	3	0	7	4	0	1	0	0	22	3	4	2	4	3	0	1	2	0	2	2	2	5	0	4	0	2	0	0	1	1	1	1	3	2	1	2	8	2	6	2	3	0	6	5	5	1	1	6	6	0	4	8	5	3	1	2	7	3	4	4	0	7	3	7	3	2	5	5	3	4	4	6	2	2	2	4	4	6	5	13	2	4	83	1	2	1	13	0	4	1	0	1	0	5	1	0	9	3	0	4	10	0	21	4	6	3	1	1	1	1	4	0	2	7	2	1	2	8	4	4	5	1	4	1	3	1	4	1	2	2	0	4	1	0	0	0	0	3	2	4	6	2	4	63	3	6	1	0	2	10	1	8	6	2	4	2	0	4	2	5	1	3	4	1	5	3	1	4	2	0	3	1	5	2	5	4	3	4	6	6	1	17	0	0	6	2	5	1	1	1	1	7	1	1	0	4	0	1	6	3	3	5	1	6	48	2	1	8	2	3	0	0	6	0	2	4	1	4	3	4	2	0	4	7	4	0	0	4	6	2	2	13	0	0	1	46	3	1	2	4	0	2	1	7	3	1	2	3	5	0	4	4	0	2	9	1	0	2	0	2	2	6	3	3	1	0	0	2	2	1	3	3	7	0	1	1	2	2	3	4	4	3	3	11	3	0	1	5	2	11	5	0	2	1	1	0	5	6	0	2	5	2	2	6	1	3	4	1	1	5	1	3	1	2	2	7	1	3	0	3	0	7	6	5	0	2	10	11	6	3	2	3	2	3	0	10	2	6	10	4	3	6	4	0	1	11	3	3	9	0	3	5	4	0	2	1	0	7	0	0	2	7	5	0	4	4	3	11	5	5	0	5	7	3	1	5	4	8	5	11	4	5	3	2	5	4	2	0	5	2	5	168	3	3	4	5	0	1	3	0	0	9	2	3	1	2	1	1	1	0	6	4	2	4	1	6	3	3	1	5	0	3	3	12	2	2	1	3	1	0	3	3	6	4	0	1	5	1	5	4	2	1	0	1	12	3	12	3	8	3	3	10	2	6	0	6	3	0	6	2	9	2	0	3	3	1	4	4	5	6	4	7	3	2	4	1	0	6	3	7	4	0	4	11	2	2	0	1	2	3	6	6	4	1	1	5	3	6	0	1	2	8	3	3	1	4	9	2	2	2	6	3	12	3	1	0	6	0	2	2	2	4	1	3	1	7	7	3	1	0	2	7	0	3	3	1	1	1	12	2	0	1	4	3	3	18	1	2	0	0	4	1	9	0	1	0	0	3	2	1	0	1	11	2	1	1	0	2	4	2
G[Del(T):R4]C	3	6	2	3	5	0	3	1	1	3	0	1	1	0	16	2	2	1	0	0	0	0	3	0	0	2	1	3	0	3	0	3	0	1	0	2	1	1	1	1	1	1	6	6	5	2	1	1	4	6	2	1	0	3	3	4	3	4	0	3	0	4	2	3	2	2	0	1	7	3	3	4	1	3	0	5	3	2	0	2	5	1	0	3	4	6	2	2	79	1	0	3	1	0	1	1	2	0	1	0	0	0	2	5	0	0	6	1	11	1	2	1	3	0	2	1	5	0	2	6	0	1	2	2	3	1	0	0	5	1	3	0	6	4	3	2	0	0	2	1	1	0	1	2	1	4	4	2	0	63	0	6	0	1	0	3	2	6	2	4	4	2	1	3	1	0	1	1	0	1	1	2	1	1	0	0	1	3	9	0	2	7	1	0	2	5	1	12	1	0	9	3	0	0	3	2	0	2	1	1	0	1	0	2	3	0	3	3	0	4	54	1	2	1	2	1	1	0	3	1	6	7	3	0	3	1	1	0	4	1	4	1	2	0	5	3	2	9	0	0	2	41	2	0	2	2	0	0	1	6	3	1	2	3	0	0	3	2	1	2	5	2	1	0	1	0	0	2	2	1	1	0	1	1	0	0	5	4	5	1	0	1	4	0	0	3	2	2	3	8	1	0	1	3	3	6	1	0	1	3	2	1	1	3	0	2	2	0	3	1	1	1	0	1	2	2	0	1	1	2	1	5	0	1	0	1	2	2	4	7	1	1	5	5	6	2	3	0	0	0	1	4	3	1	5	3	2	4	1	2	0	4	4	4	7	0	1	5	0	1	1	2	0	5	1	0	1	2	9	0	6	1	3	11	3	2	0	3	3	0	3	0	3	3	1	4	0	8	0	0	1	1	1	1	4	1	3	145	0	3	0	2	1	1	1	3	4	6	4	0	0	5	0	0	0	0	3	1	1	2	0	3	1	1	0	4	1	2	3	6	0	4	1	1	2	0	1	2	6	2	1	1	4	2	3	2	3	4	2	0	11	1	4	2	4	3	3	8	2	3	0	2	1	0	3	1	5	3	0	4	3	5	4	8	2	5	2	4	1	2	1	1	1	2	2	5	8	0	1	3	2	1	1	2	2	3	6	2	2	1	0	1	2	4	1	0	2	5	2	2	5	6	2	2	3	0	4	1	3	3	0	1	3	0	4	3	0	2	2	2	4	2	3	1	5	1	3	7	3	1	1	0	1	1	5	5	1	1	3	1	1	5	0	4	0	1	3	0	9	4	0	2	1	3	0	3	2	0	10	1	2	0	1	0	2	0
G[Del(T):R4]G	5	3	4	4	12	0	0	0	4	11	1	1	0	1	25	3	5	1	5	2	1	3	1	0	2	0	6	10	0	3	2	6	0	0	4	2	1	4	7	6	3	5	6	1	3	4	4	3	7	5	3	7	3	11	2	3	2	8	3	7	2	3	1	5	2	6	2	8	2	7	4	8	3	1	3	6	6	3	3	1	3	3	4	3	0	14	5	2	85	3	0	6	6	1	4	4	1	0	3	2	1	1	9	4	2	5	5	1	24	2	3	3	1	0	2	1	4	0	2	10	3	1	2	4	8	1	8	1	7	2	3	1	3	0	3	2	0	6	0	0	2	1	1	0	0	2	6	2	0	47	1	19	1	1	3	12	1	13	5	6	3	3	2	9	1	1	0	5	2	4	4	6	3	6	1	0	3	7	7	0	9	15	1	2	4	6	5	22	0	2	12	6	3	1	0	3	0	4	0	3	4	6	0	1	7	3	3	6	2	5	42	2	1	4	2	10	1	1	5	1	10	3	3	6	6	6	1	0	6	11	1	2	3	2	4	3	2	28	0	0	2	34	3	0	1	5	0	0	2	3	4	3	5	2	3	1	12	5	1	1	4	0	0	0	0	1	3	3	6	2	2	0	2	4	4	4	2	10	11	0	1	1	3	0	4	6	4	3	8	20	3	2	0	12	2	14	4	0	1	3	0	1	4	12	2	3	4	1	2	2	1	4	8	0	0	2	0	5	4	1	0	6	1	0	2	4	2	6	6	6	1	2	6	16	16	6	4	0	1	1	2	14	5	0	20	8	10	9	5	3	1	9	3	4	11	0	2	12	1	2	3	5	1	4	0	1	5	9	11	0	4	5	10	20	3	8	0	6	2	3	2	7	5	8	9	9	1	10	3	1	9	4	1	1	8	1	3	158	4	3	2	6	1	2	1	2	5	16	1	1	2	3	0	0	0	0	5	2	7	5	1	5	3	1	3	10	0	4	3	13	1	1	4	8	6	1	6	1	9	3	0	0	7	6	4	9	3	6	1	1	15	3	6	3	9	2	0	20	2	2	0	7	6	0	4	3	13	7	0	1	9	2	2	16	7	3	8	11	8	8	5	2	0	5	0	17	6	1	9	10	2	4	0	1	1	1	9	7	1	0	0	3	3	5	1	3	1	8	4	5	7	6	4	3	3	6	3	3	9	2	0	2	12	1	1	0	0	8	0	8	6	5	6	1	5	2	4	9	5	5	2	2	0	0	11	3	1	0	4	3	4	10	2	3	3	3	3	1	23	2	1	0	0	7	2	1	6	0	8	2	1	0	0	3	3	1
G[Del(T):R5]A	0	1	0	1	7	0	2	0	1	2	1	2	0	2	14	2	1	1	2	1	0	2	2	0	2	1	0	3	2	1	2	4	0	1	0	1	0	1	0	4	0	0	6	3	5	3	3	3	2	1	5	5	2	4	2	0	7	5	1	2	0	2	2	5	3	3	0	1	0	6	4	3	3	4	1	8	2	2	3	2	1	0	1	2	3	10	2	2	234	2	4	2	6	2	2	2	1	0	0	1	2	0	7	0	2	3	3	3	17	2	2	0	1	1	1	2	2	1	1	6	4	1	3	2	3	3	4	1	3	2	4	1	8	0	1	0	0	3	0	2	0	0	2	2	2	3	5	2	2	166	1	7	1	2	3	6	0	6	3	3	5	0	0	3	2	2	1	1	2	2	1	3	1	4	1	0	3	3	4	0	2	2	3	2	5	12	1	15	1	1	3	3	4	4	0	2	1	0	0	1	1	3	0	0	4	3	3	7	1	3	173	1	3	2	2	6	3	1	2	1	5	4	2	5	1	2	1	2	4	7	3	1	7	2	4	0	1	5	0	0	5	102	1	1	0	3	0	1	1	2	0	0	1	4	4	0	5	3	3	2	5	2	1	2	0	1	3	4	0	0	0	0	1	0	2	2	7	5	3	0	1	0	1	0	0	4	2	1	7	4	3	0	1	3	3	14	7	1	1	4	1	0	6	3	0	1	5	2	1	2	0	2	1	1	3	1	1	4	0	0	3	7	0	1	2	0	3	4	3	4	0	1	8	11	4	3	3	1	0	2	3	3	1	9	8	3	1	4	2	2	0	6	3	5	7	0	0	8	2	2	4	0	0	3	3	1	3	5	3	1	5	1	4	6	1	3	0	2	1	2	8	2	3	5	5	8	3	7	4	1	7	3	2	0	2	3	3	491	1	3	5	3	0	1	1	1	0	13	4	2	0	5	1	0	1	1	6	0	2	3	3	5	4	2	0	10	0	3	3	4	1	2	1	1	2	2	1	2	3	1	0	1	2	1	5	2	2	1	1	0	6	3	13	3	4	6	4	9	0	2	0	6	1	0	6	3	6	3	1	2	1	3	3	6	2	2	5	8	1	5	1	0	0	3	3	5	7	1	1	4	4	0	3	0	2	2	2	2	1	1	2	0	2	6	1	4	1	4	5	1	1	0	2	4	4	4	2	1	8	2	0	1	4	0	1	3	0	4	1	3	2	3	4	0	4	0	0	6	1	2	0	0	1	0	5	2	0	2	3	4	2	11	4	0	0	3	3	3	7	4	0	1	2	5	0	2	2	0	6	4	1	0	3	0	1	2
G[Del(T):R5]C	0	1	2	1	7	0	3	0	0	4	0	3	0	0	15	1	2	0	4	0	0	0	3	0	4	1	2	3	0	3	1	1	1	1	1	0	0	2	1	1	1	1	5	1	7	1	1	1	7	1	4	1	1	2	1	1	3	2	2	0	0	0	2	3	0	1	0	2	8	2	5	4	3	4	0	5	3	4	4	1	1	2	1	3	4	3	0	3	147	0	0	1	6	2	2	3	0	0	1	3	1	0	1	2	0	1	1	0	5	3	4	0	1	1	1	0	1	1	3	1	2	0	0	2	2	2	1	0	0	1	4	2	1	2	1	1	0	7	1	0	0	0	0	1	1	1	5	0	1	98	0	3	1	1	3	1	1	2	2	6	3	0	1	1	2	3	1	0	2	0	2	3	1	0	3	0	1	2	3	0	5	2	2	1	2	6	2	4	1	0	6	2	1	5	1	0	0	2	1	2	0	2	0	3	2	4	1	3	0	2	90	0	1	4	1	2	2	0	3	0	4	1	0	1	1	1	0	0	2	5	1	0	2	1	2	3	1	1	1	0	1	84	0	0	1	1	1	0	1	1	4	4	3	1	0	0	5	3	0	1	1	1	0	1	1	1	1	2	3	0	3	0	4	3	1	3	3	4	8	0	0	1	2	0	0	4	3	1	3	8	2	2	0	1	0	2	1	0	0	1	2	0	3	3	1	1	4	1	0	2	0	1	2	1	1	0	2	7	2	0	0	4	2	1	1	1	2	4	1	5	0	1	0	6	5	2	1	3	0	1	1	2	2	0	5	2	2	4	0	0	0	2	1	1	3	0	0	7	1	0	3	2	1	0	2	1	3	4	7	3	6	3	2	4	2	1	0	2	3	1	3	5	2	2	0	4	3	3	2	2	1	3	0	0	1	0	1	275	1	3	4	2	2	0	0	1	0	3	0	0	1	3	0	0	0	0	3	0	0	1	0	2	1	3	0	4	0	2	1	3	0	4	0	2	2	2	2	0	3	3	2	0	3	0	2	3	0	3	1	1	3	1	6	2	1	3	2	8	1	0	0	3	1	0	2	3	4	7	0	2	3	2	2	5	3	2	4	4	2	3	2	1	1	0	2	8	3	3	1	3	2	2	2	0	0	0	4	2	0	1	0	3	1	5	1	0	0	4	1	2	2	4	3	1	3	1	2	0	5	3	1	0	4	1	2	3	0	5	1	2	3	1	5	0	0	0	2	4	3	2	2	1	1	0	1	4	0	0	2	0	3	4	3	3	0	1	3	1	4	0	0	0	1	2	0	0	2	0	4	2	0	1	2	0	1	5
G[Del(T):R5]G	0	1	1	0	6	0	4	1	2	7	1	4	0	1	13	4	3	1	5	2	0	0	0	0	4	1	1	6	1	1	1	3	0	1	0	0	0	1	2	1	3	2	4	2	62	5	5	0	3	3	3	3	8	13	1	2	7	4	1	2	3	2	3	6	2	5	0	1	6	78	1	3	3	1	3	8	4	2	4	3	0	2	3	1	3	16	2	1	184	2	2	6	9	0	4	0	1	0	1	1	0	0	3	6	1	2	10	1	17	1	7	1	0	1	5	0	0	0	0	2	1	1	4	3	3	3	3	0	3	4	3	0	4	2	2	0	0	1	0	0	0	1	2	8	1	6	5	1	0	106	1	6	2	1	2	1	1	5	8	4	4	1	1	6	2	4	0	6	1	2	5	1	0	3	2	1	1	2	3	0	6	2	1	2	2	8	4	11	1	0	10	1	1	4	1	0	1	2	2	2	0	5	1	2	3	0	4	5	0	2	89	0	0	3	1	4	1	1	3	4	3	3	1	0	1	3	2	0	6	7	1	2	3	2	7	2	1	16	0	1	6	91	4	0	0	5	0	0	4	2	0	0	3	3	1	0	6	1	0	2	8	0	1	1	0	2	2	2	6	2	0	0	3	0	1	3	4	7	4	0	0	1	0	3	0	7	5	4	6	11	1	0	2	5	5	7	1	1	1	4	1	2	2	4	3	2	1	0	2	3	0	2	4	0	1	2	2	2	3	0	0	6	0	2	4	0	0	7	6	1	0	0	6	9	9	1	2	0	0	3	2	3	0	1	11	3	4	2	1	4	2	6	3	2	6	0	3	6	1	3	10	3	1	3	0	0	3	5	11	2	2	3	3	4	6	3	0	0	4	1	3	0	3	5	4	6	2	12	0	3	6	5	2	1	2	1	6	230	2	5	3	5	2	0	0	3	2	11	2	0	1	3	1	1	0	0	5	0	2	1	0	3	3	0	0	5	0	4	0	8	0	2	2	2	3	0	2	6	3	1	0	0	6	2	4	4	1	4	0	0	16	1	7	3	6	5	2	6	1	3	0	8	5	0	7	2	11	7	1	4	2	2	4	4	6	6	3	5	3	5	5	0	1	3	4	10	7	1	3	7	2	0	3	0	1	3	1	6	5	1	1	5	4	3	0	2	1	5	0	1	2	4	6	1	2	6	2	2	6	5	0	2	5	1	0	3	0	7	1	2	7	3	3	2	0	0	0	6	2	1	2	2	2	0	5	4	0	1	2	6	4	8	0	1	0	2	0	4	15	1	0	0	1	2	0	3	3	0	2	0	1	0	2	2	1	2
G[Del(T):R6]A	2	2	2	1	4	0	0	0	2	1	0	2	0	2	5	0	2	0	0	0	0	0	0	0	1	0	0	5	0	0	0	1	0	0	1	0	1	1	1	2	3	0	3	1	3	4	1	5	0	0	2	1	0	1	0	2	0	3	1	1	1	2	1	7	3	2	0	1	4	1	2	3	3	3	1	4	3	4	3	1	3	0	2	3	3	4	0	6	340	0	1	3	6	1	5	1	1	1	1	0	1	0	4	0	1	1	1	1	10	1	2	1	0	1	0	0	3	1	3	9	2	0	0	2	2	2	1	1	1	1	4	0	2	1	2	0	0	0	0	0	1	0	2	2	1	1	2	1	0	241	2	4	2	0	2	0	0	11	1	2	3	0	0	0	3	2	1	0	2	1	3	1	1	3	0	1	3	5	4	0	0	2	1	3	5	1	4	8	0	1	3	3	1	0	1	3	2	3	1	1	0	0	0	0	1	1	1	4	0	1	199	1	1	4	0	3	3	0	1	1	0	1	1	1	2	2	0	0	2	5	2	1	1	2	2	3	2	9	0	0	1	139	1	1	1	5	1	1	3	1	0	1	0	1	1	0	0	6	1	2	8	0	1	1	0	0	2	1	1	0	0	0	1	1	1	3	3	3	0	0	0	0	4	2	0	2	6	3	3	4	2	1	0	1	0	7	1	3	0	0	1	0	5	2	0	2	1	0	4	0	0	0	0	0	0	0	0	3	1	0	1	4	0	1	3	2	2	4	4	1	1	0	5	4	4	2	3	0	0	3	0	3	1	1	3	2	1	2	1	1	0	5	2	1	1	0	0	1	0	2	7	4	0	1	1	0	5	4	3	0	3	0	3	7	2	1	0	1	1	0	1	4	2	6	3	4	1	5	1	1	2	1	1	0	2	2	1	583	0	2	1	2	0	1	0	1	0	7	1	0	0	2	2	2	0	0	3	0	1	2	0	1	1	1	0	7	1	3	0	4	0	0	0	1	1	0	0	2	3	3	0	0	1	1	2	1	0	1	2	0	9	1	9	3	1	0	3	6	1	1	0	2	3	0	0	2	5	1	0	1	1	0	3	2	1	3	2	6	1	1	2	2	0	2	0	2	4	2	0	3	1	0	0	2	0	3	2	4	2	0	1	1	1	0	1	3	0	0	2	0	0	0	1	1	4	2	4	1	1	3	0	1	8	0	0	2	1	2	0	3	1	4	3	1	2	1	1	3	2	1	1	1	1	0	1	4	0	0	3	1	3	5	0	2	0	3	2	0	3	1	1	1	0	0	0	0	1	1	5	0	0	0	1	0	5	0
G[Del(T):R6]C	2	2	0	2	1	0	3	0	1	2	1	1	1	0	6	1	1	0	2	1	0	0	0	0	1	0	2	2	1	1	2	2	0	0	1	1	0	0	2	0	0	2	6	1	0	2	0	1	1	1	2	2	1	1	1	1	1	2	2	1	0	4	4	2	1	3	0	2	1	4	1	1	2	3	0	4	2	1	2	0	2	1	0	3	3	4	1	2	159	2	0	2	7	0	3	0	0	1	0	3	1	0	1	2	1	2	1	0	9	0	1	1	1	0	3	0	1	1	0	2	2	0	3	1	3	0	1	0	0	0	2	1	3	1	1	0	0	3	0	0	0	0	0	2	2	2	3	0	2	103	2	4	0	1	3	1	1	3	7	2	2	2	0	0	3	1	1	1	0	2	1	2	0	0	0	1	0	3	3	0	2	2	1	0	1	2	3	13	0	0	3	2	0	4	0	2	0	0	0	4	0	8	0	0	0	1	3	2	0	0	113	1	3	1	1	2	1	0	1	0	2	4	4	1	0	0	0	0	0	0	1	1	1	0	2	1	0	7	0	0	1	66	2	0	0	0	0	0	2	0	1	1	0	3	1	0	0	2	0	1	5	2	0	1	3	0	2	4	1	0	1	0	2	1	1	3	3	2	1	0	0	2	5	0	1	3	5	0	2	7	1	1	0	2	0	4	0	1	1	2	0	1	1	2	1	0	0	0	2	3	0	2	0	3	0	0	1	2	2	0	0	1	2	0	0	1	3	2	2	1	0	0	2	7	5	1	1	0	1	1	0	3	1	1	3	3	1	3	0	3	0	4	0	0	3	1	0	6	0	3	3	1	0	2	0	1	1	1	3	1	5	2	0	5	1	0	1	1	0	2	2	1	0	3	1	5	0	1	0	0	0	2	1	0	3	1	5	279	1	0	1	0	0	0	0	0	1	5	0	0	1	0	1	0	0	0	2	1	3	0	1	3	2	1	0	9	0	3	1	2	0	2	1	0	1	0	1	1	1	2	0	2	0	1	2	0	1	2	1	0	3	2	3	1	5	0	0	2	0	1	0	1	2	0	4	0	2	3	0	3	0	3	1	1	1	0	0	3	0	1	1	0	0	1	1	3	4	0	2	4	2	0	0	1	0	0	2	1	2	1	0	2	0	1	0	0	0	2	0	0	1	2	1	2	0	2	1	0	5	1	0	1	4	0	0	2	0	2	2	2	2	2	0	0	2	0	1	1	4	0	0	0	0	1	2	6	0	1	3	0	0	1	0	2	0	1	1	0	5	2	0	0	0	0	2	0	1	0	3	0	0	1	1	0	0	2
G[Del(T):R6]G	1	1	0	0	4	0	2	0	1	1	1	2	1	1	11	1	0	0	0	2	0	0	1	0	2	0	5	1	0	1	0	1	0	0	1	0	0	0	1	5	1	0	6	0	1	1	2	2	0	2	3	4	0	7	3	1	2	2	1	6	2	4	3	3	4	1	0	1	4	2	4	3	1	1	1	6	3	2	0	0	0	2	2	4	2	5	1	2	195	1	0	1	5	0	1	3	2	1	1	2	1	0	1	3	1	3	3	1	8	0	2	0	1	0	4	1	0	3	1	4	2	0	2	1	3	2	2	0	3	1	2	0	5	2	0	2	0	1	1	1	1	0	0	3	1	2	0	1	4	125	0	5	0	2	2	4	1	6	4	3	1	0	0	5	1	2	0	4	3	1	2	1	1	1	1	0	2	3	6	1	2	3	0	2	2	6	2	14	0	1	3	3	3	4	3	0	0	3	1	2	2	3	0	2	3	0	1	4	0	3	124	0	3	2	0	4	3	0	1	0	0	5	3	3	3	4	0	0	0	3	1	0	3	1	5	2	1	2	2	0	2	58	1	0	0	1	0	1	3	2	2	0	4	1	2	0	3	1	0	0	7	2	1	2	1	1	1	4	4	0	2	1	2	1	1	0	3	6	3	0	0	0	1	0	0	3	3	1	4	6	2	2	0	1	2	3	1	1	0	3	1	1	6	8	1	1	6	0	0	1	0	1	2	1	1	1	1	5	3	0	0	3	3	2	0	2	1	1	4	1	0	0	4	2	5	1	1	1	1	3	0	3	0	3	3	2	2	3	3	3	1	1	1	2	7	0	0	6	0	2	7	2	1	2	2	0	0	5	3	1	3	1	2	8	3	5	0	3	0	0	1	6	0	5	5	9	1	5	2	2	5	2	2	1	4	2	4	305	4	3	4	2	2	3	3	1	2	3	2	1	0	3	0	0	0	0	2	0	2	3	0	4	3	4	1	5	0	3	1	5	0	3	1	0	1	0	3	0	1	4	0	0	3	0	1	1	1	2	0	1	11	2	7	1	5	2	1	2	2	2	0	0	2	0	3	2	7	3	0	1	5	1	4	4	3	2	5	6	1	0	3	0	0	1	0	4	2	1	1	6	5	1	0	2	1	1	6	1	1	0	0	5	2	3	0	2	1	1	2	3	2	3	2	1	0	1	2	3	10	2	0	1	7	0	1	0	1	2	1	1	2	5	1	0	3	0	5	3	1	1	0	1	1	0	2	4	0	0	1	2	4	6	1	3	1	0	1	1	9	0	2	3	0	11	1	2	1	1	3	1	2	0	2	2	0	3
G[Del(T):R7]A	0	0	0	1	1	0	0	0	1	5	0	0	0	2	5	1	2	0	1	1	0	0	0	0	0	1	1	0	0	1	0	1	0	0	0	0	0	1	3	3	2	0	4	0	2	2	3	1	0	1	5	3	3	5	0	0	1	0	2	2	0	0	2	1	1	5	0	1	2	2	1	3	2	1	0	1	2	1	1	0	0	0	0	1	2	2	0	0	584	0	2	1	0	0	3	0	1	1	0	1	1	1	0	2	1	1	2	2	8	0	0	1	0	0	3	0	0	0	3	3	1	0	2	1	0	4	0	0	1	2	3	1	3	1	2	0	0	1	0	1	1	0	0	2	2	1	1	1	1	362	0	5	0	0	1	0	1	7	4	3	5	1	0	1	2	2	0	0	3	0	1	1	1	1	1	0	0	4	9	0	0	1	1	0	1	0	3	18	0	0	1	4	3	2	0	0	1	0	1	0	0	1	0	0	1	3	0	4	0	0	286	2	1	1	2	2	0	0	1	0	0	1	1	1	0	4	1	1	0	2	0	0	2	0	1	0	1	6	0	0	7	214	0	0	0	0	0	0	1	1	0	1	3	0	1	0	3	4	0	2	5	0	0	2	2	0	1	1	2	0	0	0	2	2	1	0	5	1	0	0	0	0	5	5	1	5	1	2	6	3	3	1	0	0	1	8	4	0	0	2	1	0	5	1	2	0	0	0	1	2	0	1	2	0	0	0	2	5	1	0	2	1	0	0	0	0	1	6	2	1	1	0	0	3	2	4	1	0	0	3	0	2	0	4	8	0	0	1	2	1	0	3	0	1	1	0	0	6	0	0	5	2	0	2	0	1	0	3	1	0	4	4	1	4	0	3	0	4	3	0	1	2	1	2	1	7	2	4	0	4	3	2	0	0	3	3	1	847	1	1	3	0	0	0	0	1	0	5	3	0	0	4	1	1	1	0	3	0	3	1	0	4	3	2	0	15	0	3	0	2	0	1	1	2	0	0	0	0	1	1	0	0	1	0	1	1	3	3	3	0	7	0	3	3	0	2	1	4	1	0	0	2	3	1	2	0	5	3	0	2	2	4	1	1	2	0	2	1	0	3	2	0	0	0	2	4	0	1	3	2	2	0	0	2	0	0	4	1	1	0	2	2	0	0	0	1	1	2	1	1	0	1	2	0	0	5	2	0	7	2	0	1	9	1	1	0	0	2	0	4	0	1	2	0	0	1	1	2	2	2	0	0	1	0	2	7	0	0	1	2	3	8	0	4	1	2	1	1	8	0	0	2	1	1	0	1	1	0	3	1	0	0	0	0	1	0
G[Del(T):R7]C	0	1	0	1	4	0	0	0	2	1	0	1	0	0	6	0	2	1	1	1	0	0	0	0	0	0	1	2	1	1	0	0	0	0	0	0	0	2	0	1	1	0	3	0	3	2	1	2	3	2	2	2	0	4	1	3	1	5	3	4	0	0	1	1	3	1	0	0	2	1	0	2	1	1	0	4	3	2	3	0	0	1	1	2	3	7	0	1	507	0	1	2	4	0	1	0	0	0	0	2	0	0	1	4	1	3	5	2	15	1	4	3	0	1	1	2	3	1	3	1	1	0	0	1	1	1	0	1	0	0	2	1	6	2	2	0	0	2	1	1	0	0	0	3	1	0	3	1	0	278	0	4	0	0	1	1	0	2	1	2	7	0	0	8	2	2	1	0	6	0	3	3	1	0	1	0	1	5	7	0	0	2	0	1	2	0	6	12	1	1	5	4	1	1	0	1	0	3	0	1	1	1	0	0	1	2	3	1	0	3	261	3	2	0	1	4	0	0	2	0	1	1	1	1	6	4	0	0	3	2	0	0	3	2	3	0	1	7	0	0	3	183	3	1	0	0	0	0	4	0	0	1	2	1	0	0	2	1	0	3	6	2	1	0	2	1	2	1	3	0	1	0	4	0	0	2	3	0	2	0	0	1	4	1	1	2	2	3	6	5	2	1	1	1	3	6	0	1	0	1	1	0	5	3	2	0	1	2	4	6	0	2	1	0	1	1	1	6	1	0	2	2	1	1	1	0	2	7	4	1	0	1	2	9	5	5	1	0	0	0	1	2	0	3	3	1	1	2	0	2	0	3	0	1	0	0	0	0	0	1	5	2	0	0	0	2	2	6	5	0	1	1	6	3	1	3	0	1	2	0	1	5	2	3	1	6	0	4	0	4	2	5	1	0	3	0	4	663	2	2	4	0	0	0	1	4	2	7	3	0	0	4	1	1	0	0	1	0	1	1	0	6	4	4	2	15	1	2	1	0	0	3	1	1	1	0	0	0	4	3	0	0	2	0	2	1	3	3	2	1	6	1	9	3	7	4	3	5	2	1	0	2	0	0	4	3	7	2	2	0	4	3	1	4	1	1	0	1	2	0	4	1	0	0	3	8	5	2	1	5	0	0	0	2	1	0	1	1	2	0	4	5	2	4	1	2	0	5	0	0	0	1	3	3	0	1	2	0	6	0	0	2	2	1	1	3	0	1	1	4	1	2	2	0	0	0	2	3	3	0	1	0	2	0	3	2	0	2	1	1	1	8	0	2	0	3	3	1	8	0	1	1	1	2	0	1	3	0	2	2	0	0	1	0	2	0
G[Del(T):R7]G	0	2	0	1	3	0	0	0	0	2	1	0	0	0	5	1	2	0	1	0	0	0	0	0	1	0	0	1	3	1	0	0	1	0	0	0	0	0	1	0	3	1	3	1	2	0	1	1	0	2	0	3	1	5	1	1	1	2	1	3	1	2	2	4	1	0	2	1	6	1	1	2	6	0	1	2	2	2	1	0	2	3	0	2	2	3	1	1	535	3	2	1	5	1	1	1	2	0	0	0	0	0	2	3	2	0	2	3	8	0	2	0	0	0	0	5	1	0	3	3	2	1	1	2	0	2	1	1	0	0	1	0	5	0	2	1	0	2	2	0	2	0	1	2	0	0	2	0	1	292	1	1	0	0	0	4	0	4	2	2	10	2	0	1	0	1	0	0	0	3	4	3	1	2	1	1	1	3	4	0	1	2	1	2	1	3	4	13	0	3	6	3	2	2	0	0	5	3	0	0	0	1	0	0	1	2	2	2	1	0	256	0	4	1	0	5	4	0	2	0	4	4	1	2	3	4	0	0	4	1	1	0	0	2	2	2	1	2	0	1	1	220	0	0	0	0	0	0	1	0	1	1	1	0	0	0	1	2	0	0	4	0	0	2	1	1	1	0	3	0	0	0	2	0	1	1	0	1	0	0	0	0	3	2	0	2	3	3	4	4	1	1	0	4	2	7	1	3	1	0	0	0	1	2	2	1	0	0	3	3	0	0	1	2	3	0	1	4	1	0	2	2	1	1	0	3	1	5	4	2	0	1	2	10	3	1	2	0	1	2	0	4	0	1	3	0	2	0	2	2	1	1	3	0	1	0	0	2	0	0	6	2	0	0	0	0	1	1	6	1	1	3	4	1	2	3	0	2	1	0	0	0	5	4	1	2	3	6	1	1	2	1	1	0	3	2	0	652	1	3	3	2	0	0	0	1	1	5	3	1	0	1	0	0	0	1	4	0	1	2	0	3	1	1	0	12	1	0	0	4	1	3	0	0	0	1	0	3	2	4	0	0	1	0	5	1	2	1	1	0	3	3	10	1	0	2	3	7	0	1	0	1	1	0	0	0	9	2	1	0	5	5	0	1	2	6	1	2	1	2	0	1	0	2	1	6	0	1	0	0	1	0	0	0	0	1	1	4	0	1	1	0	0	3	1	0	1	0	1	0	0	1	0	0	1	1	1	1	2	0	0	0	5	0	1	1	2	1	0	1	1	2	0	0	1	0	2	1	4	2	0	1	1	0	2	2	0	0	3	2	1	6	0	2	0	2	2	0	3	0	0	0	1	0	1	0	0	0	6	2	0	0	1	0	0	1
G[Del(T):R8]A	0	1	3	2	2	0	0	0	0	0	0	1	0	1	3	1	1	1	0	0	0	1	0	0	0	1	0	1	0	3	0	2	0	0	1	0	0	0	0	3	1	0	2	0	2	0	0	2	2	1	0	1	0	0	2	0	2	1	0	1	0	3	3	1	1	3	0	0	2	2	1	1	2	0	0	4	0	2	0	0	1	0	4	0	2	1	0	0	963	0	1	3	2	0	2	1	0	2	1	2	0	0	1	4	0	0	4	3	10	0	1	0	0	1	3	2	1	0	4	5	2	0	4	3	0	1	1	0	0	0	2	0	1	0	2	0	0	3	0	1	1	0	2	6	1	2	2	0	1	715	1	5	0	0	1	2	0	3	0	0	15	2	0	0	2	1	0	2	8	3	7	2	4	1	3	1	2	12	18	0	1	1	1	3	0	2	1	20	1	5	3	4	0	2	1	0	2	5	0	1	1	1	1	1	0	2	0	3	1	1	454	1	2	1	4	3	2	0	1	1	0	1	2	3	6	0	1	0	0	3	0	2	3	1	2	1	0	2	1	0	4	360	4	0	0	1	0	0	1	1	5	0	5	1	0	0	1	3	1	1	6	0	1	2	1	0	1	1	2	1	0	0	3	1	1	3	2	0	1	0	1	0	7	6	0	1	5	1	5	10	2	2	2	0	2	11	0	2	0	0	0	0	0	2	4	0	0	0	5	2	1	3	1	1	0	2	0	10	2	0	1	0	0	0	1	3	0	5	6	2	0	1	3	4	3	0	2	0	0	6	0	2	0	4	0	0	1	0	1	3	0	2	2	0	0	0	1	7	0	2	13	4	1	0	2	2	1	7	3	0	6	3	3	5	1	4	0	1	3	0	0	3	0	1	5	1	2	5	2	2	2	1	2	1	8	1	1	1241	1	4	5	2	0	1	0	2	0	6	4	0	0	6	0	1	0	0	2	1	2	0	1	2	5	5	1	20	2	4	0	5	0	1	0	0	0	0	1	1	0	2	0	1	1	0	2	0	2	0	0	0	4	0	12	1	2	1	1	7	0	1	0	3	3	2	1	2	10	2	4	0	0	3	1	3	0	4	1	6	2	1	1	1	0	3	1	10	1	4	1	2	2	0	0	4	3	2	0	0	1	3	5	3	2	2	0	1	1	3	0	2	1	1	1	2	3	2	2	2	1	0	0	2	5	0	3	0	0	0	1	0	1	4	0	0	0	1	0	5	9	0	0	2	2	0	2	5	0	0	0	0	0	8	1	3	1	2	2	1	5	0	0	0	1	3	1	0	1	0	6	0	0	0	2	2	0	0
G[Del(T):R8]C	0	1	0	2	1	0	0	0	0	4	0	1	0	0	2	0	0	1	0	0	0	0	0	0	0	0	0	0	0	2	1	0	0	0	0	0	0	0	0	1	1	0	1	0	1	1	0	2	3	0	0	0	0	5	1	1	1	1	1	0	1	1	0	1	1	3	0	0	0	1	1	2	3	2	1	2	1	2	0	0	1	1	1	2	0	7	0	0	593	1	1	2	1	0	3	2	0	0	0	1	1	0	2	7	0	1	0	6	5	0	1	2	0	1	0	2	2	1	5	2	2	1	3	0	1	0	0	1	1	0	0	1	2	0	1	1	0	0	0	0	0	0	2	4	1	4	1	0	6	370	1	3	2	0	1	0	0	2	0	0	12	3	0	2	1	3	2	1	5	0	1	5	0	0	2	1	0	1	8	0	3	0	0	0	0	4	1	13	0	0	0	5	5	1	1	2	1	0	1	1	0	2	0	0	0	2	2	2	2	1	289	2	3	1	1	2	1	0	3	0	1	0	0	3	3	1	6	0	3	0	1	3	2	0	2	2	2	5	0	3	1	264	1	2	1	1	0	0	0	0	0	1	2	2	3	1	1	4	0	1	7	0	0	1	0	0	0	2	1	0	0	0	1	1	2	4	2	2	2	0	0	0	14	3	1	5	0	0	0	13	0	4	2	0	2	18	0	1	0	1	0	1	3	3	3	0	1	0	3	5	0	2	0	2	0	4	0	9	2	1	1	3	1	0	2	3	0	6	3	2	0	4	1	11	4	2	2	0	1	3	0	1	0	5	2	2	2	1	0	2	0	1	0	1	0	0	0	0	1	0	6	4	1	1	0	0	2	4	0	0	1	1	2	5	1	2	0	2	1	0	0	1	3	2	1	5	0	10	0	3	0	4	1	0	7	3	0	863	1	1	2	4	0	1	0	7	1	2	3	1	2	2	0	0	1	0	2	0	3	2	1	5	2	3	0	14	1	2	1	1	0	2	2	1	0	1	0	1	1	1	1	1	1	0	2	1	4	0	0	0	4	0	11	0	2	2	0	1	2	2	0	1	0	0	2	2	12	1	3	0	3	2	1	2	1	5	0	2	3	2	1	1	1	1	0	4	0	5	0	4	1	1	0	2	1	1	1	3	1	0	5	5	0	3	0	1	1	0	0	0	0	1	0	6	2	3	5	0	5	2	0	1	9	0	0	4	0	1	1	3	0	0	0	2	0	0	5	1	3	2	1	0	2	0	2	4	0	0	0	0	3	7	0	5	0	2	2	0	6	0	1	0	3	1	0	1	1	0	4	0	1	1	2	0	1	0
G[Del(T):R8]G	0	0	1	3	0	0	0	0	0	0	0	0	0	2	0	0	0	1	0	0	1	0	2	0	0	0	1	0	0	0	0	2	0	0	0	0	1	1	1	0	1	0	1	0	0	0	0	0	0	1	2	1	0	3	0	1	1	1	0	0	1	1	1	0	3	2	0	2	1	1	3	1	1	1	0	2	1	0	0	0	0	0	2	0	0	2	0	0	829	0	0	1	1	0	6	2	0	0	1	3	1	0	3	6	2	0	0	3	10	2	2	0	0	0	1	5	2	2	0	4	1	0	0	0	0	2	0	0	1	0	0	0	4	0	0	1	0	1	0	0	0	0	1	2	1	1	4	0	4	421	0	3	1	0	1	4	1	4	0	1	6	1	0	0	0	0	1	0	5	0	2	1	1	2	0	1	1	2	7	0	1	1	3	1	0	2	2	12	0	0	0	4	1	5	0	2	1	2	1	0	0	3	0	0	1	2	0	6	0	0	339	0	2	1	1	0	1	0	1	0	1	1	2	3	1	1	1	0	2	0	1	0	0	1	1	0	1	5	1	0	3	279	3	2	1	1	2	0	0	1	0	1	4	2	0	1	1	4	2	1	7	0	0	2	0	0	0	1	0	0	0	0	8	1	1	3	5	2	0	0	0	0	8	4	0	0	3	0	1	8	1	2	1	1	0	12	2	0	0	1	0	0	0	2	3	1	1	0	0	6	1	1	2	0	0	2	0	3	1	0	2	1	1	0	1	2	0	7	3	0	0	1	2	5	5	3	0	0	0	4	0	2	0	2	0	0	1	1	0	1	2	1	3	0	0	0	0	4	2	0	4	6	3	0	0	2	1	2	0	0	2	2	4	5	0	1	0	2	0	1	1	4	2	4	3	2	2	6	0	0	1	1	1	0	2	3	2	845	1	1	2	0	0	0	0	5	2	4	2	0	1	2	2	0	0	0	6	0	2	2	0	1	4	3	0	7	0	0	0	4	1	0	0	0	0	1	0	0	1	2	0	0	1	0	2	2	1	0	0	0	1	0	6	0	0	1	0	3	1	2	0	2	1	0	3	2	7	1	1	1	1	1	1	0	0	1	0	2	0	1	1	0	0	1	0	4	1	2	0	0	0	0	0	1	1	0	2	1	2	0	1	3	1	2	1	0	1	3	0	0	0	1	3	0	1	4	0	2	2	1	0	0	7	1	0	1	0	0	0	0	1	1	1	2	0	1	0	0	6	3	2	1	2	0	1	1	1	1	0	1	1	8	0	6	0	3	4	1	0	0	0	2	0	1	0	0	2	1	6	1	0	0	0	0	0	1
G[Del(T):R(9,)]A	0	0	0	0	0	0	0	0	0	0	0	0	0	0	0	0	0	0	0	0	0	0	0	0	0	0	0	0	0	0	0	0	0	0	0	0	0	0	0	0	0	0	0	0	0	0	0	0	0	0	0	0	0	0	0	0	0	0	0	0	0	0	0	0	0	0	0	0	0	0	0	0	0	0	0	0	0	0	0	0	0	0	0	0	0	0	0	0	0	0	0	0	0	0	0	0	0	0	0	0	0	0	0	0	0	0	0	0	0	0	0	0	0	0	0	0	0	0	0	0	0	0	0	0	0	0	0	0	0	0	0	0	0	0	0	0	0	0	0	0	0	0	0	0	0	0	0	0	0	0	0	0	0	0	0	0	0	0	0	0	0	0	0	0	0	0	0	0	0	0	0	0	0	0	0	0	0	0	0	0	0	0	0	0	0	0	0	0	0	0	0	0	0	0	0	0	0	0	0	0	0	0	0	0	0	0	0	0	0	0	0	0	0	0	0	0	0	0	0	0	0	0	0	0	0	0	0	0	0	0	0	0	0	0	0	0	0	0	0	0	0	0	0	0	0	0	0	0	0	0	0	0	0	0	0	0	0	0	0	0	0	0	0	0	0	0	0	0	0	0	0	0	0	0	0	0	0	0	0	0	0	0	0	0	0	0	0	0	0	0	0	0	0	0	0	0	0	0	0	0	0	0	0	0	0	0	0	0	0	0	0	0	0	0	0	0	0	0	0	0	0	0	0	0	0	0	0	0	0	0	0	0	0	0	0	0	0	0	0	0	0	0	0	0	0	0	0	0	0	0	0	0	0	0	0	0	0	0	0	0	0	0	0	0	0	0	0	0	0	0	0	0	0	0	0	0	0	0	0	0	0	0	0	0	0	0	0	0	0	0	0	0	0	0	0	0	0	0	0	0	0	0	0	0	0	0	0	0	0	0	0	0	0	0	0	0	0	0	0	0	0	0	0	0	0	0	0	0	0	0	0	0	0	0	0	0	0	0	0	0	0	0	0	0	0	0	0	0	0	0	0	0	0	0	0	0	0	0	0	0	0	0	0	0	0	0	0	0	0	0	0	0	0	0	0	0	0	0	0	0	0	0	0	0	0	0	0	0	0	0	0	0	0	0	0	0	0	0	0	0	0	0	0	0	0	0	0	0	0	0	0	0	0	0	0	0	0	0	0	0	0	0	0	0	0	0	0	0	0	0	0	0	0	0	0	0	0	0	0	0	0	0	0	0	0	0	0	0	0	0	0	0	0	0	0	0	0	0	0	0	0	0	0	0	0	0	0	0	0	0	0	0	0	0	0	0
G[Del(T):R(9,)]C	0	0	0	0	0	0	0	0	0	0	0	0	0	0	0	0	0	0	0	0	0	0	0	0	0	0	0	0	0	0	0	0	0	0	0	0	0	0	0	0	0	0	0	0	0	0	0	0	0	0	0	0	0	0	0	0	0	0	0	0	0	0	0	0	0	0	0	0	0	0	0	0	0	0	0	0	0	0	0	0	0	0	0	0	0	0	0	0	0	0	0	0	0	0	0	0	0	0	0	0	0	0	0	0	0	0	0	0	0	0	0	0	0	0	0	0	0	0	0	0	0	0	0	0	0	0	0	0	0	0	0	0	0	0	0	0	0	0	0	0	0	0	0	0	0	0	0	0	0	0	0	0	0	0	0	0	0	0	0	0	0	0	0	0	0	0	0	0	0	0	0	0	0	0	0	0	0	0	0	0	0	0	0	0	0	0	0	0	0	0	0	0	0	0	0	0	0	0	0	0	0	0	0	0	0	0	0	0	0	0	0	0	0	0	0	0	0	0	0	0	0	0	0	0	0	0	0	0	0	0	0	0	0	0	0	0	0	0	0	0	0	0	0	0	0	0	0	0	0	0	0	0	0	0	0	0	0	0	0	0	0	0	0	0	0	0	0	0	0	0	0	0	0	0	0	0	0	0	0	0	0	0	0	0	0	0	0	0	0	0	0	0	0	0	0	0	0	0	0	0	0	0	0	0	0	0	0	0	0	0	0	0	0	0	0	0	0	0	0	0	0	0	0	0	0	0	0	0	0	0	0	0	0	0	0	0	0	0	0	0	0	0	0	0	0	0	0	0	0	0	0	0	0	0	0	0	0	0	0	0	0	0	0	0	0	0	0	0	0	0	0	0	0	0	0	0	0	0	0	0	0	0	0	0	0	0	0	0	0	0	0	0	0	0	0	0	0	0	0	0	0	0	0	0	0	0	0	0	0	0	0	0	0	0	0	0	0	0	0	0	0	0	0	0	0	0	0	0	0	0	0	0	0	0	0	0	0	0	0	0	0	0	0	0	0	0	0	0	0	0	0	0	0	0	0	0	0	0	0	0	0	0	0	0	0	0	0	0	0	0	0	0	0	0	0	0	0	0	0	0	0	0	0	0	0	0	0	0	0	0	0	0	0	0	0	0	0	0	0	0	0	0	0	0	0	0	0	0	0	0	0	0	0	0	0	0	0	0	0	0	0	0	0	0	0	0	0	0	0	0	0	0	0	0	0	0	0	0	0	0	0	0	0	0	0	0	0	0	0	0	0	0	0	0	0	0	0	0	0	0	0	0	0	0	0	0	0	0	0	0	0	0	0	0	0	0
G[Del(T):R(9,)]G	0	0	0	0	0	0	0	0	0	0	0	0	0	0	0	0	0	0	0	0	0	0	0	0	0	0	0	0	0	0	0	0	0	0	0	0	0	0	0	0	0	0	0	0	0	0	0	0	0	0	0	0	0	0	0	0	0	0	0	0	0	0	0	0	0	0	0	0	0	0	0	0	0	0	0	0	0	0	0	0	0	0	0	0	0	0	0	0	0	0	0	0	0	0	0	0	0	0	0	0	0	0	0	0	0	0	0	0	0	0	0	0	0	0	0	0	0	0	0	0	0	0	0	0	0	0	0	0	0	0	0	0	0	0	0	0	0	0	0	0	0	0	0	0	0	0	0	0	0	0	0	0	0	0	0	0	0	0	0	0	0	0	0	0	0	0	0	0	0	0	0	0	0	0	0	0	0	0	0	0	0	0	0	0	0	0	0	0	0	0	0	0	0	0	0	0	0	0	0	0	0	0	0	0	0	0	0	0	0	0	0	0	0	0	0	0	0	0	0	0	0	0	0	0	0	0	0	0	0	0	0	0	0	0	0	0	0	0	0	0	0	0	0	0	0	0	0	0	0	0	0	0	0	0	0	0	0	0	0	0	0	0	0	0	0	0	0	0	0	0	0	0	0	0	0	0	0	0	0	0	0	0	0	0	0	0	0	0	0	0	0	0	0	0	0	0	0	0	0	0	0	0	0	0	0	0	0	0	0	0	0	0	0	0	0	0	0	0	0	0	0	0	0	0	0	0	0	0	0	0	0	0	0	0	0	0	0	0	0	0	0	0	0	0	0	0	0	0	0	0	0	0	0	0	0	0	0	0	0	0	0	0	0	0	0	0	0	0	0	0	0	0	0	0	0	0	0	0	0	0	0	0	0	0	0	0	0	0	0	0	0	0	0	0	0	0	0	0	0	0	0	0	0	0	0	0	0	0	0	0	0	0	0	0	0	0	0	0	0	0	0	0	0	0	0	0	0	0	0	0	0	0	0	0	0	0	0	0	0	0	0	0	0	0	0	0	0	0	0	0	0	0	0	0	0	0	0	0	0	0	0	0	0	0	0	0	0	0	0	0	0	0	0	0	0	0	0	0	0	0	0	0	0	0	0	0	0	0	0	0	0	0	0	0	0	0	0	0	0	0	0	0	0	0	0	0	0	0	0	0	0	0	0	0	0	0	0	0	0	0	0	0	0	0	0	0	0	0	0	0	0	0	0	0	0	0	0	0	0	0	0	0	0	0	0	0	0	0	0	0	0	0	0	0	0	0	0	0	0	0	0	0	0	0	0	0	0	0	0	0	0	0	0	0	0	0
A[Ins(C):R0]A	1	0	0	1	10	0	2	0	2	2	0	1	0	1	7	3	7	2	0	1	0	0	3	0	4	2	3	4	0	1	1	2	0	0	0	0	0	2	3	2	1	4	1	1	3	1	2	1	1	0	5	5	2	1	2	0	2	4	5	4	3	3	22	11	2	2	0	1	1	4	3	9	4	1	0	2	24	3	3	0	5	4	1	1	1	6	3	2	17	1	1	2	7	1	0	1	2	1	3	9	0	0	10	12	1	2	9	2	10	6	4	1	1	0	6	1	4	0	2	18	8	0	4	3	2	4	2	0	2	0	1	0	11	2	4	1	0	1	0	0	0	1	1	7	1	3	9	1	3	10	0	4	1	0	3	27	12	28	3	4	10	2	0	15	0	0	1	1	2	3	2	2	2	2	2	2	1	4	2	0	2	2	0	2	12	5	0	14	2	8	2	1	30	0	1	3	0	1	0	3	0	5	0	0	1	2	2	5	0	0	68	5	13	2	2	4	2	1	2	2	4	6	0	4	1	2	2	0	1	6	2	1	2	3	3	2	2	7	1	2	2	6	4	0	2	3	2	0	0	1	1	1	3	0	0	2	4	4	2	1	15	1	2	0	1	0	1	5	1	0	1	0	3	2	1	2	5	5	9	1	1	1	1	1	1	12	1	2	7	5	3	1	2	6	0	8	0	0	1	6	2	2	2	4	4	2	4	1	1	2	1	1	2	1	0	3	1	4	13	0	1	3	3	0	3	1	3	6	2	2	0	1	2	8	6	33	1	0	0	2	5	4	0	6	12	2	5	30	1	4	1	3	3	1	5	1	1	7	0	3	11	1	5	1	8	2	1	2	2	0	5	46	3	4	5	2	0	2	2	1	1	1	9	97	4	7	2	8	2	11	8	1	29	7	2	2	13	46	2	4	5	3	1	1	1	1	1	17	4	1	1	4	0	1	0	0	3	1	3	5	0	3	3	3	1	2	1	5	1	3	1	5	3	11	2	1	0	0	1	5	1	1	4	2	8	2	5	2	2	2	15	0	3	1	2	9	5	1	0	2	0	4	2	1	1	2	4	4	0	3	5	1	0	27	2	6	26	5	0	1	2	2	0	5	2	88	1	1	2	34	0	0	1	3	6	5	5	2	2	4	3	0	3	0	0	2	2	7	0	3	2	6	5	8	4	3	2	3	7	3	0	3	8	0	2	3	2	1	1	13	4	10	2	2	0	2	3	2	6	1	2	1	1	0	6	7	0	3	3	5	2	10	1	13	1	6	3	1	6	3	0	4	6	2	1	0	2	0	5	1	1	0	1	1	0	3
A[Ins(C):R0]G	1	0	0	0	2	0	1	0	1	0	0	1	0	0	1	1	0	0	0	0	0	0	0	0	0	0	0	3	0	0	0	0	0	0	0	0	0	0	0	0	0	1	0	0	0	3	0	0	1	1	0	1	1	0	1	0	0	1	2	1	0	0	1	0	1	0	1	2	1	0	2	2	2	0	0	4	2	0	0	1	1	0	0	1	1	0	0	2	2	1	0	1	6	0	1	0	0	0	0	0	0	0	4	1	1	0	5	0	7	2	2	1	0	0	0	0	0	0	0	3	0	0	0	1	1	0	1	0	1	0	0	0	1	0	1	1	0	0	0	0	2	1	0	2	1	1	0	0	0	0	0	4	0	0	0	3	1	1	0	1	0	0	0	2	0	1	0	0	0	0	0	1	0	0	0	0	1	1	2	0	0	3	1	0	0	1	0	4	0	0	2	1	3	0	0	1	0	0	0	1	0	0	0	0	0	0	0	3	1	0	4	0	1	0	1	2	0	0	1	0	2	2	0	1	1	0	3	0	0	3	1	0	2	0	2	0	4	8	0	0	1	1	0	0	0	1	0	0	1	0	0	1	1	1	2	0	0	1	0	1	4	0	0	0	0	0	0	1	0	0	0	0	1	2	0	1	1	1	4	0	0	0	0	0	3	1	3	2	0	1	1	0	0	3	2	2	0	0	0	0	1	2	0	1	0	0	2	1	0	1	0	0	4	0	0	0	2	3	2	1	1	0	1	1	0	0	0	2	0	0	0	0	2	2	3	1	1	1	0	0	0	0	0	2	6	0	2	2	0	0	0	0	3	0	1	0	0	0	0	2	0	2	1	1	1	0	1	0	3	0	0	2	0	3	0	0	0	2	2	1	1	1	0	5	2	1	0	2	1	1	2	0	0	1	4	0	0	12	0	0	0	2	0	0	0	0	1	2	0	0	0	1	0	2	0	0	1	0	0	1	0	0	0	4	0	0	0	1	1	2	0	1	0	1	1	0	0	1	3	2	0	0	0	1	3	1	0	1	2	8	6	1	3	0	1	2	1	1	0	0	0	0	1	1	2	0	3	1	0	2	4	1	0	2	2	2	1	4	0	1	3	1	0	0	0	6	1	0	0	5	0	0	0	0	1	1	2	4	0	0	0	1	1	1	0	1	0	0	0	1	0	1	1	0	1	2	1	3	1	1	0	0	1	0	0	4	0	2	1	1	0	0	1	0	0	1	0	0	0	0	0	0	0	0	1	0	0	0	0	0	3	0	1	0	1	1	0	0	4	0	0	0	0	0	0	0	1	1	3	0	0	1	0	1	2	0
A[Ins(C):R0]T	3	2	0	1	6	0	0	0	1	2	0	1	0	0	5	4	3	0	1	0	0	0	0	0	1	0	1	6	0	2	0	0	0	0	0	0	0	3	5	4	3	3	4	0	3	0	1	1	2	0	5	9	1	6	0	3	1	1	0	1	0	6	12	6	3	1	0	0	2	1	2	3	4	0	3	3	10	2	0	1	1	0	1	5	0	5	2	3	2	0	0	3	8	0	2	5	0	0	0	4	0	0	9	2	2	1	8	0	19	0	4	0	0	0	4	1	0	0	1	7	5	1	2	5	3	0	3	0	3	5	0	0	7	0	2	3	0	1	0	0	0	0	0	3	2	1	5	1	2	0	0	10	0	0	4	19	1	10	3	7	8	1	0	5	3	1	0	0	1	1	0	1	0	0	1	0	3	1	2	0	1	4	1	0	18	5	3	15	1	2	9	1	15	1	1	0	0	0	1	3	1	5	1	0	5	1	3	3	1	0	15	1	4	2	2	3	1	1	3	1	2	6	0	2	1	7	2	0	1	7	0	0	2	0	4	1	0	20	0	0	0	0	2	1	1	6	1	1	2	0	1	0	1	2	2	2	5	0	1	2	13	0	0	1	0	2	0	3	0	1	1	1	1	1	1	4	1	2	9	0	0	1	0	0	1	9	2	4	0	6	7	1	0	5	1	11	0	1	1	2	0	3	4	4	0	0	9	1	0	1	2	2	1	3	0	7	1	5	3	0	0	4	0	2	4	0	1	3	3	4	0	1	4	4	6	27	1	0	2	1	3	3	1	2	17	3	4	30	0	1	0	8	1	3	7	1	1	4	0	1	5	2	2	0	8	2	1	3	9	0	2	40	2	7	2	4	0	1	3	0	1	5	1	128	1	4	2	11	2	8	2	1	12	0	5	2	8	24	0	0	4	2	2	2	0	1	0	6	2	0	0	4	1	0	0	0	1	1	1	2	2	1	0	1	1	1	1	3	1	5	1	6	2	20	1	0	1	1	7	5	0	0	3	0	6	9	0	3	2	1	12	4	6	3	4	14	6	4	0	2	0	6	3	0	2	1	3	3	2	2	5	1	2	14	7	3	4	3	2	5	9	1	1	4	1	37	3	0	2	13	0	0	4	2	0	3	1	2	2	0	3	1	3	3	2	4	0	3	0	7	3	5	4	6	2	0	2	1	3	0	0	2	7	1	0	4	0	8	0	5	3	5	1	1	0	0	0	3	0	0	5	1	2	0	11	5	0	0	2	1	4	1	2	4	0	2	1	2	4	2	0	4	5	5	1	0	0	0	9	1	0	1	1	0	1	0
A[Ins(C):R1]A	0	0	1	0	3	0	2	0	0	0	0	0	0	0	2	2	2	1	3	1	0	0	2	0	0	0	2	5	0	0	0	1	0	0	0	1	1	0	3	0	0	0	3	0	1	0	0	0	1	0	1	1	0	0	2	0	3	0	0	0	0	1	0	0	1	1	0	0	0	1	2	3	0	1	1	0	1	1	1	0	0	1	1	2	0	3	0	1	7	0	1	0	3	0	1	1	1	0	0	1	0	1	2	1	1	4	2	2	6	0	2	0	0	1	0	0	1	1	0	2	0	0	0	1	2	0	1	0	0	3	0	0	0	2	0	2	0	0	1	1	0	0	0	0	0	1	3	2	0	3	0	2	0	0	0	2	0	2	0	1	1	0	0	0	1	1	0	0	1	1	0	2	1	0	6	0	1	1	2	1	1	2	1	0	1	3	2	6	0	0	0	1	2	0	2	1	0	0	0	1	1	2	0	1	0	1	1	2	1	2	4	0	1	0	1	1	1	0	0	0	0	3	2	1	1	2	1	1	2	0	2	1	1	1	1	0	1	4	0	1	2	1	1	0	0	3	1	1	2	4	2	0	3	2	0	0	1	1	0	1	6	0	0	0	0	0	0	3	1	0	1	0	1	1	0	2	1	0	2	0	0	0	1	0	1	0	3	1	3	1	2	0	1	4	0	2	1	0	0	0	0	0	1	0	0	0	1	1	0	0	1	2	2	1	0	1	0	1	0	0	0	4	0	0	1	0	0	2	2	2	0	0	1	2	5	0	0	0	1	1	2	5	1	1	4	1	5	4	2	2	1	3	0	1	1	1	0	3	1	2	2	1	0	2	1	0	2	0	0	0	2	4	3	2	1	2	0	1	2	2	1	2	2	4	2	0	0	4	0	0	0	1	0	2	3	0	2	9	1	0	0	2	0	0	0	0	1	4	3	1	0	2	1	0	1	1	2	0	1	1	0	1	2	0	1	0	1	0	2	2	0	2	2	1	0	0	0	1	3	2	0	0	0	1	0	0	1	1	1	0	10	1	4	0	1	3	0	0	1	1	0	2	4	0	2	0	3	0	0	0	0	0	0	2	0	2	1	1	2	6	1	0	0	0	0	6	3	0	3	5	0	1	0	1	0	0	2	0	0	1	0	0	1	1	0	1	1	0	2	1	0	3	4	0	1	1	1	2	0	1	0	0	5	1	0	2	0	1	2	1	1	1	2	0	1	0	2	2	0	1	0	0	0	1	2	1	0	1	0	1	0	0	1	1	0	4	2	1	3	1	0	0	1	1	0	2	0	0	10	1	0	0	0	0	0	0
A[Ins(C):R1]G	0	0	1	0	3	0	0	0	0	0	0	0	0	0	0	0	0	1	1	0	0	0	0	0	1	0	0	1	0	0	0	0	0	0	0	0	0	0	1	0	1	0	0	0	0	0	0	0	1	0	0	0	0	1	0	1	0	0	1	0	0	0	0	0	0	1	0	0	0	0	0	0	0	0	0	0	0	0	0	0	0	0	0	3	0	3	0	0	0	1	0	2	2	0	0	0	0	0	0	1	0	0	0	0	1	1	1	0	3	1	1	0	0	0	0	0	0	0	0	1	0	0	0	0	1	0	0	0	3	0	0	1	0	0	1	0	0	0	0	0	0	0	0	0	0	1	0	0	0	0	0	1	0	1	0	0	0	2	0	0	0	0	0	1	1	0	0	0	0	0	0	2	0	0	0	0	0	0	1	0	0	2	0	0	1	2	0	3	0	0	1	0	1	0	0	0	0	0	0	0	0	0	0	0	1	0	0	0	0	0	2	0	0	0	0	0	1	0	0	0	0	1	0	0	0	1	0	0	0	0	0	0	0	0	1	0	0	0	0	0	0	0	0	0	0	0	0	0	0	0	0	0	2	0	2	0	0	1	0	0	1	0	0	0	0	0	0	0	1	0	0	0	0	0	0	0	1	1	0	0	0	0	0	0	0	1	1	0	0	0	1	0	0	0	0	0	0	0	0	0	0	1	1	0	0	1	0	0	0	0	0	0	0	0	0	0	2	2	1	0	0	0	0	0	0	0	0	0	0	1	0	0	0	1	0	0	0	0	0	0	0	2	0	0	2	1	0	1	0	0	0	0	0	0	1	0	0	0	0	0	0	0	0	0	0	0	2	0	1	0	0	0	1	1	0	0	0	0	0	1	0	1	0	1	1	1	0	0	0	0	0	2	0	0	0	0	0	2	0	0	1	0	0	0	0	0	0	1	0	0	0	0	0	0	0	1	0	0	0	0	0	1	0	0	0	0	0	0	1	0	0	0	0	0	0	0	0	0	0	0	0	0	0	0	0	0	0	0	0	0	3	0	0	1	0	0	2	0	0	0	0	0	0	0	0	0	1	2	0	1	1	1	1	1	2	1	0	0	0	0	2	0	0	0	0	0	0	0	0	0	1	0	0	0	0	1	0	0	0	1	0	0	1	0	0	0	0	1	1	1	0	0	0	0	0	0	1	1	1	1	0	0	1	0	0	0	1	2	0	0	1	1	1	0	0	0	0	0	0	0	0	0	0	0	0	2	0	0	0	0	2	1	0	0	0	0	1	0	2	0	0	0	0	0	1	0	0	0	0	0	0	0	0	0	0	0
A[Ins(C):R1]T	1	0	0	0	3	0	0	1	1	1	0	0	0	0	4	0	2	0	2	1	0	0	0	0	0	0	1	2	0	0	0	1	0	0	0	0	0	1	2	1	0	0	2	0	1	1	0	0	1	1	1	2	0	1	0	2	0	0	1	2	0	0	2	0	1	1	0	1	0	0	1	0	0	0	0	0	1	0	1	0	0	0	0	0	0	4	0	2	4	1	0	0	3	0	1	0	0	0	0	0	0	0	2	0	0	3	2	0	1	0	0	0	0	0	1	0	0	0	2	1	0	0	0	2	1	0	1	0	1	1	0	1	0	0	0	0	0	1	0	0	0	0	1	0	1	1	1	1	0	2	0	4	0	0	1	1	0	1	1	4	0	0	0	6	2	0	0	1	2	0	0	1	0	0	0	0	0	2	0	0	0	1	0	0	0	5	1	5	0	1	0	1	0	0	0	1	1	0	0	1	0	0	0	0	0	0	0	0	0	1	5	0	0	3	0	0	0	0	2	0	1	0	0	1	0	1	2	0	1	1	0	0	0	0	1	1	4	6	0	0	0	2	1	0	0	0	0	0	1	1	2	0	1	1	0	0	3	0	0	0	3	2	0	0	0	1	1	0	0	0	1	0	0	1	0	0	1	0	2	0	0	3	0	0	2	2	2	1	1	1	0	0	0	2	0	2	1	0	1	1	0	0	1	0	0	0	3	0	0	0	0	0	3	0	0	1	1	5	3	1	0	0	0	0	1	1	0	3	0	0	0	0	2	3	2	2	1	0	0	2	1	1	0	0	3	1	2	1	1	1	0	0	0	2	1	0	0	0	1	0	0	1	0	2	0	0	0	0	0	0	0	0	0	3	4	2	0	0	2	0	0	3	0	2	1	0	0	2	0	0	2	0	1	0	0	1	0	9	0	0	0	2	0	1	1	0	0	3	0	0	0	0	0	1	0	0	0	0	1	0	1	0	0	1	0	0	0	2	0	2	0	0	0	2	0	0	2	0	1	0	0	0	1	1	2	1	0	0	0	1	5	0	2	1	1	3	2	0	0	1	0	0	0	0	0	2	1	0	0	2	1	0	0	3	1	2	3	3	2	2	1	0	0	0	1	3	0	0	1	2	3	3	0	1	0	0	1	2	0	0	0	1	0	0	0	0	0	2	1	2	2	3	1	0	1	2	1	0	0	2	0	0	0	0	2	1	0	1	0	1	2	3	2	0	0	0	1	1	0	1	1	0	0	0	2	1	0	0	0	1	0	0	1	0	0	1	0	1	7	0	0	0	1	2	0	0	0	0	5	2	0	0	0	0	1	0
A[Ins(C):R2]A	0	2	1	0	1	0	0	0	1	1	1	2	1	0	0	0	2	0	0	1	0	0	0	0	1	1	1	4	0	0	0	0	0	0	0	1	0	1	0	1	1	0	1	0	1	0	0	0	0	1	2	1	0	0	0	1	1	0	0	2	0	1	0	2	0	1	0	2	1	1	2	2	2	0	2	2	1	0	0	1	0	1	0	0	0	2	2	3	3	1	1	1	2	0	1	0	0	0	0	1	0	0	6	2	0	1	2	1	7	1	1	0	1	0	2	1	0	0	1	3	0	0	1	2	0	0	1	1	3	0	0	0	1	0	0	0	0	0	0	0	0	0	0	1	1	3	0	0	0	1	0	6	1	0	2	3	0	3	2	2	0	0	0	1	1	2	0	3	0	0	0	0	0	2	0	1	0	1	2	0	0	1	0	0	1	0	0	6	0	0	1	0	0	0	0	0	0	0	0	0	0	0	0	0	1	0	1	3	0	0	0	1	0	0	0	2	0	0	0	0	3	1	1	0	1	2	1	0	1	0	0	0	3	0	0	0	0	8	0	0	1	0	1	0	0	2	0	0	0	1	0	1	0	2	2	1	0	0	0	0	4	0	1	0	1	0	0	1	0	0	0	0	2	0	0	1	1	2	2	0	0	0	1	0	0	2	0	2	1	2	0	1	0	3	1	2	0	0	0	2	0	0	3	1	0	0	2	0	0	0	1	0	0	0	0	0	2	2	0	0	0	0	1	1	1	0	0	1	4	2	0	0	1	3	2	0	3	1	0	0	0	0	0	2	8	0	4	0	0	0	1	2	0	1	0	0	0	1	0	0	2	0	0	0	0	1	0	0	1	0	2	2	0	4	2	2	0	0	2	0	0	5	1	4	2	2	1	3	0	0	6	2	0	1	1	0	2	8	0	1	0	0	0	0	0	0	1	2	0	1	1	0	0	0	0	0	2	0	0	1	0	1	0	0	0	0	0	0	1	3	0	0	1	0	1	0	1	0	0	2	1	0	0	1	1	3	0	0	0	0	7	0	1	0	1	0	1	2	1	1	0	0	0	0	1	1	0	1	0	0	0	2	2	1	0	3	1	4	0	2	1	0	0	1	0	6	1	2	1	1	1	0	0	0	1	2	5	2	2	0	0	1	0	0	0	0	0	1	0	0	1	2	3	0	1	0	1	1	3	0	0	0	1	0	0	3	1	0	2	0	1	4	3	0	0	0	0	1	1	0	0	0	1	0	3	1	0	0	0	0	0	1	0	1	0	1	0	0	4	0	0	0	0	2	2	0	3	0	2	1	0	0	0	0	0	1
A[Ins(C):R2]G	0	1	0	0	0	0	1	0	0	1	1	1	0	0	0	0	0	0	0	0	0	0	0	0	0	0	1	1	1	0	0	1	0	0	0	0	0	0	0	1	0	0	1	0	0	0	0	1	1	0	0	0	0	0	0	0	1	0	1	0	0	0	2	1	0	0	0	0	0	0	0	1	1	0	0	0	1	0	1	0	0	0	0	0	0	2	3	0	2	0	0	1	1	0	0	0	0	0	0	0	0	0	2	0	0	1	1	0	2	2	0	0	0	0	0	0	0	1	0	3	0	0	0	0	2	0	1	0	0	0	0	0	0	0	0	0	0	0	0	0	0	0	0	2	0	0	0	0	0	0	1	7	0	0	0	0	0	3	0	0	0	0	0	0	0	0	0	0	0	0	1	1	0	0	1	0	0	0	0	0	0	1	0	1	0	0	0	3	0	1	0	0	1	0	0	0	0	1	0	1	0	0	0	0	0	0	0	1	0	0	0	0	0	1	1	0	0	0	0	0	1	0	0	0	0	1	0	0	0	0	1	0	1	1	0	0	0	1	0	0	0	0	0	0	0	2	0	0	0	0	0	1	1	0	0	0	1	0	0	0	2	0	0	0	1	0	1	0	1	0	0	0	0	0	0	0	1	0	2	0	0	1	0	0	0	0	1	0	0	0	0	0	0	0	1	1	0	0	0	0	0	0	0	0	0	0	0	0	0	0	0	0	0	0	0	0	0	0	2	0	0	0	0	0	0	0	1	0	0	0	0	0	1	1	3	0	0	0	0	0	0	2	1	0	3	2	0	1	0	0	0	1	0	1	0	0	0	0	0	0	0	0	0	0	0	0	0	0	0	0	2	0	0	2	0	0	0	0	0	0	0	0	0	3	0	1	1	4	0	0	0	0	0	0	0	0	0	3	1	0	1	0	0	0	0	0	0	0	1	0	0	1	0	0	1	0	1	0	0	0	0	0	0	0	0	1	0	1	1	1	0	0	0	0	0	1	0	0	0	0	0	0	0	0	0	0	0	0	0	0	1	0	0	1	0	0	0	1	0	0	0	0	1	0	1	0	0	0	0	0	2	0	0	0	2	1	0	1	0	2	1	0	0	0	0	0	2	0	0	0	0	0	0	0	0	1	1	0	0	0	0	0	0	1	0	0	0	2	0	0	0	0	0	0	0	0	0	1	1	0	0	0	0	0	0	0	0	2	0	0	0	0	0	0	0	0	1	1	0	1	2	0	0	0	0	1	0	0	1	0	0	1	0	0	0	0	0	0	3	0	0	0	0	0	0	0	1	0	0	0	0	0	0	0	0	0
A[Ins(C):R2]T	3	0	1	0	2	0	0	0	0	1	1	2	0	0	0	1	0	0	1	0	0	0	0	0	1	0	1	2	0	0	0	1	0	0	0	0	0	0	0	0	0	0	0	0	1	0	0	0	0	0	0	1	2	0	1	0	0	1	0	1	0	0	0	0	1	1	0	1	0	1	1	1	3	0	0	3	1	0	0	0	1	0	2	0	1	2	1	0	0	0	0	1	3	0	0	0	0	0	0	0	1	0	1	1	1	0	1	2	4	2	1	1	0	0	0	1	0	0	1	2	0	0	0	0	1	1	0	0	1	2	1	0	4	0	2	0	1	2	0	1	1	0	1	0	0	0	0	0	0	1	0	2	0	0	0	1	0	2	0	0	1	0	0	4	1	0	0	1	0	0	0	2	0	0	0	0	1	1	1	0	1	2	0	1	1	0	0	3	0	0	0	0	0	0	0	0	0	0	0	1	1	0	0	0	0	1	0	2	0	0	1	0	0	0	1	2	0	0	1	0	2	0	0	0	1	2	0	0	1	1	0	1	0	1	1	1	1	2	0	0	1	0	0	0	0	0	0	0	0	3	2	0	1	1	0	0	1	0	1	1	3	0	0	0	0	0	1	2	0	0	0	0	1	1	1	2	2	1	3	0	1	0	2	0	1	1	1	3	2	4	0	0	0	3	0	0	0	0	0	0	0	0	0	1	0	3	1	0	0	0	0	0	2	0	0	1	1	1	2	0	0	0	0	0	0	0	0	3	2	2	0	0	0	2	2	0	1	0	0	0	0	0	0	1	5	1	1	1	0	1	0	1	0	2	1	0	0	0	0	1	0	2	0	1	0	0	1	1	0	0	0	3	0	2	1	1	0	0	0	0	2	1	1	2	1	4	0	3	0	0	0	0	1	0	1	1	0	7	1	0	0	1	0	0	0	0	0	0	1	0	0	1	1	0	0	0	0	0	0	2	0	0	0	3	0	0	1	1	1	2	1	0	0	0	1	0	2	0	1	0	0	0	1	0	1	1	0	0	0	0	2	1	1	0	1	0	0	1	0	0	0	0	1	0	1	1	0	1	0	1	3	0	0	0	1	0	2	1	1	2	3	0	0	0	0	0	2	0	1	3	0	1	0	0	0	0	0	1	1	0	1	0	1	0	0	0	0	2	0	1	2	1	0	0	1	0	3	0	4	0	0	2	0	0	0	2	0	1	0	1	0	1	3	0	0	0	2	1	1	0	0	1	0	0	3	1	0	0	1	0	0	0	2	0	1	0	1	0	6	0	0	0	0	0	0	0	3	0	3	1	0	1	0	1	0	0
A[Ins(C):R3]A	0	1	0	0	1	0	0	0	2	3	0	0	0	0	1	1	0	0	1	0	1	0	1	0	1	0	0	4	0	0	0	1	0	0	1	0	0	0	0	1	1	1	2	0	2	0	0	1	2	1	0	1	0	1	1	0	0	1	2	2	0	0	0	1	0	0	0	1	1	2	3	6	2	0	0	1	0	0	0	0	0	0	0	0	1	4	1	2	8	1	1	2	3	0	1	1	0	0	0	0	0	0	4	0	2	0	5	0	9	4	2	0	0	0	1	0	0	1	2	8	0	0	0	3	3	2	2	1	5	0	1	0	0	0	1	1	1	0	0	0	1	0	0	0	2	0	2	0	0	4	0	2	0	0	0	0	0	6	2	2	0	0	0	4	0	2	0	2	0	0	0	2	0	2	0	1	1	1	4	0	1	3	1	0	1	3	0	11	1	0	1	1	1	0	2	1	0	0	1	1	1	1	0	0	0	0	0	3	0	2	2	0	0	1	1	3	1	0	1	1	7	0	2	1	0	1	0	0	2	0	2	0	1	0	1	0	0	5	0	1	0	1	2	0	0	3	1	0	0	1	0	2	0	2	1	0	1	1	0	0	5	0	0	0	0	0	0	3	2	0	0	0	0	4	1	2	2	1	4	0	0	0	0	0	4	4	0	1	1	8	0	0	0	3	1	2	2	1	0	1	1	1	0	1	0	0	3	1	1	0	0	0	1	1	0	0	3	5	3	0	0	1	0	0	4	0	2	1	5	1	0	0	1	1	4	0	1	1	0	0	0	1	0	1	8	3	2	2	1	0	1	1	0	1	1	1	0	1	1	1	0	2	0	0	1	0	2	0	1	0	2	1	6	9	1	2	0	1	1	1	0	4	1	4	1	3	0	6	0	1	3	0	0	0	1	0	1	12	1	0	1	1	0	0	0	0	0	0	0	0	1	0	0	0	0	1	0	0	0	0	0	0	0	0	3	0	0	3	0	0	0	2	0	1	1	1	0	0	2	2	0	0	3	3	2	0	0	0	0	4	4	2	3	2	2	0	3	3	0	1	0	1	2	0	0	0	1	0	0	1	0	2	2	1	0	4	1	0	3	5	3	1	0	1	0	6	1	0	1	1	0	1	0	0	0	3	5	3	1	0	0	1	0	0	1	0	1	0	1	2	2	0	2	0	0	0	0	1	3	0	0	1	5	2	0	2	2	1	1	2	0	1	0	1	0	0	0	3	1	2	1	0	0	1	2	3	0	0	3	0	2	2	0	0	1	1	0	0	10	0	0	0	1	2	0	0	2	0	4	0	0	1	1	0	1	0
A[Ins(C):R3]G	3	1	0	0	5	0	0	0	2	4	1	0	0	0	0	4	0	0	2	0	0	0	0	0	1	0	0	3	0	0	0	0	0	0	0	0	0	0	1	1	0	0	3	0	2	0	0	0	2	0	0	0	1	2	1	0	0	0	2	0	0	2	0	1	0	0	0	0	0	1	1	1	0	0	1	1	0	1	0	0	0	2	2	0	0	2	1	2	3	0	0	2	5	0	1	3	0	0	0	0	2	0	2	1	0	0	3	0	7	0	2	0	1	0	1	0	2	0	0	0	1	0	1	2	1	1	0	0	1	2	0	1	0	1	0	0	0	0	0	0	0	0	0	3	0	0	0	0	0	1	0	4	0	0	1	2	0	0	0	2	1	0	0	1	0	0	0	1	0	0	0	0	0	0	1	0	0	1	2	0	0	3	0	0	1	2	1	9	0	0	1	1	0	0	0	0	1	0	0	0	0	0	0	0	1	0	2	3	0	1	1	0	0	0	0	2	1	0	0	0	5	0	0	0	1	3	1	0	0	1	0	2	1	0	2	0	0	14	0	0	1	0	0	0	0	1	0	0	1	0	1	1	0	1	0	0	5	0	0	0	2	0	0	0	0	0	1	1	0	0	0	0	0	1	0	1	1	0	3	0	0	0	0	0	0	5	2	2	0	4	0	0	0	9	1	4	0	1	2	1	0	0	0	4	0	1	2	0	0	0	0	0	3	0	0	0	0	1	1	0	0	0	0	0	1	0	0	0	3	0	0	0	2	1	1	0	3	0	1	0	0	3	0	0	11	1	2	0	1	0	1	1	0	0	3	1	0	1	0	0	0	1	0	1	0	0	0	1	1	0	1	2	2	6	1	0	0	1	1	0	0	1	0	1	1	2	1	5	2	0	4	4	0	0	1	0	1	14	0	0	1	1	0	0	0	0	0	1	1	0	0	0	0	0	0	0	0	0	1	0	0	1	0	0	1	0	0	0	1	3	0	2	1	1	0	0	1	0	2	1	0	0	4	3	1	3	0	1	1	0	9	1	3	3	1	1	1	1	0	1	0	4	1	0	0	0	1	0	0	1	3	0	1	1	1	1	2	0	2	1	4	0	0	1	1	4	2	0	1	0	0	2	0	0	0	1	3	2	0	0	0	0	0	2	0	2	1	2	0	0	3	0	1	0	0	0	2	1	2	0	0	0	2	0	0	3	0	1	0	1	1	1	0	1	0	0	0	1	1	1	0	0	0	0	1	1	0	0	1	0	0	0	0	2	0	0	0	0	7	0	0	0	0	0	0	0	0	0	4	0	0	0	0	0	1	0
A[Ins(C):R3]T	3	1	0	1	2	0	1	0	2	2	0	1	0	0	0	1	0	1	0	0	0	1	0	0	1	0	0	4	0	0	0	0	0	0	0	0	1	0	2	0	1	1	1	1	2	0	0	0	1	0	0	1	2	1	0	0	1	1	0	1	1	0	0	1	1	0	0	0	0	0	1	4	1	0	1	0	0	1	0	0	0	3	1	3	1	0	0	0	10	0	1	2	4	0	1	0	0	0	1	0	0	0	2	0	0	1	3	0	5	0	0	0	0	0	1	0	0	0	0	3	0	0	1	3	0	0	3	0	0	1	0	0	0	0	1	0	0	2	0	0	0	0	0	0	1	1	0	0	1	6	0	2	0	0	0	2	1	3	2	1	0	1	0	3	0	0	0	0	1	0	1	0	0	0	0	0	0	3	0	0	0	1	0	0	0	2	1	6	1	0	0	0	0	1	1	0	0	1	1	1	0	1	0	0	1	0	1	0	0	1	3	0	0	0	0	1	1	0	0	0	1	2	2	0	1	1	0	0	1	1	0	1	0	0	1	0	0	6	0	0	0	0	0	0	0	1	1	0	1	0	1	0	1	2	1	0	1	1	0	0	0	0	0	1	0	0	1	2	2	0	1	0	0	1	0	0	1	2	1	0	1	0	1	1	0	2	1	1	0	2	1	0	1	2	0	4	0	0	0	1	0	0	1	1	0	0	1	0	0	0	0	0	1	0	0	0	0	4	1	0	0	0	0	0	0	0	1	0	3	1	1	0	4	2	6	1	1	0	0	1	1	4	0	1	7	0	0	0	0	1	0	1	0	1	0	0	0	1	0	1	0	1	0	3	0	0	0	1	0	0	3	1	1	1	0	1	0	2	3	0	2	1	1	2	2	2	0	1	0	1	0	4	0	1	1	0	0	21	0	0	0	1	0	0	0	1	0	2	1	0	0	0	0	0	0	0	0	0	1	0	0	0	0	0	0	0	0	1	0	2	1	0	0	1	0	0	0	0	1	0	0	0	1	0	0	1	0	1	0	0	4	1	2	4	0	0	0	2	0	0	0	0	0	0	1	4	0	1	0	2	0	1	1	1	1	1	0	1	2	3	3	0	0	0	0	2	3	0	1	1	1	0	0	0	0	1	4	1	0	0	0	0	0	1	0	0	0	1	0	0	1	2	1	0	1	0	2	0	1	0	0	2	4	0	0	1	1	1	1	1	0	1	1	0	1	0	0	3	1	0	1	1	0	0	3	1	1	1	2	1	0	0	0	0	0	1	1	1	7	0	0	1	0	1	1	0	2	0	2	0	0	0	0	0	0	0
A[Ins(C):R4]A	1	1	0	0	7	0	0	1	1	4	0	0	0	0	5	0	2	0	3	1	0	0	0	0	3	0	1	8	0	0	0	4	0	0	1	0	0	2	1	4	1	1	5	1	2	1	1	0	5	0	2	2	0	1	0	0	2	2	2	1	0	1	1	1	1	1	0	1	0	0	1	0	3	2	1	8	0	1	0	0	0	5	1	3	0	6	0	1	10	0	1	5	10	1	1	1	2	0	0	0	0	1	2	3	0	0	9	1	10	1	5	1	0	0	2	0	1	0	4	2	2	0	2	0	1	1	1	0	4	3	0	0	3	1	1	0	0	0	0	1	0	0	0	1	0	3	0	2	1	7	0	4	0	0	1	0	0	3	3	5	1	0	0	7	0	0	0	1	1	0	0	1	0	1	0	0	0	4	3	1	0	3	0	1	0	1	0	8	0	0	1	0	0	0	0	0	0	0	0	1	1	2	0	1	4	0	1	1	0	0	3	1	1	0	1	4	0	1	0	1	6	2	1	0	0	5	0	0	0	4	0	0	1	0	1	1	0	8	1	0	0	3	0	0	0	3	0	0	0	1	3	0	2	1	1	0	0	0	0	1	5	0	0	1	0	0	3	0	2	1	0	1	0	0	0	1	2	1	3	0	0	2	0	0	2	4	4	2	0	4	1	1	0	2	2	3	0	1	0	2	2	0	0	1	0	0	7	0	0	0	0	0	3	0	0	0	2	4	2	0	0	3	0	3	0	0	1	4	4	1	0	1	5	4	1	1	0	0	0	1	0	2	1	2	12	1	3	1	1	0	0	1	0	2	0	6	0	0	0	0	1	1	0	2	0	0	1	1	1	0	3	1	3	9	1	2	0	0	0	0	0	6	0	2	2	2	0	4	1	0	1	0	0	0	1	1	4	37	1	0	0	4	0	0	0	0	0	5	3	0	0	0	0	0	0	0	0	0	1	1	0	3	0	0	3	0	0	4	0	6	1	1	0	2	2	2	0	0	1	1	0	0	1	0	0	1	1	2	0	3	9	1	1	6	2	1	3	1	0	0	0	0	3	0	2	3	2	2	0	0	1	0	0	3	0	2	4	3	3	6	2	0	1	1	0	2	4	1	0	3	0	0	1	0	0	1	3	0	0	0	0	0	0	2	0	1	0	2	0	1	1	2	4	0	0	1	4	0	2	0	0	3	2	0	0	2	0	0	0	2	0	1	2	0	1	0	0	5	1	2	2	0	0	0	0	1	0	0	2	0	0	2	0	0	0	2	5	1	14	0	0	1	1	1	0	0	1	0	7	0	0	0	3	0	3	0
A[Ins(C):R4]G	0	1	0	0	4	0	0	0	0	1	0	2	0	0	0	2	0	0	0	1	0	0	0	0	1	0	0	0	0	0	0	1	0	0	0	0	0	0	2	0	1	1	2	0	3	0	0	0	0	0	0	0	2	1	0	0	0	0	0	0	0	0	0	0	0	0	0	0	0	0	0	0	0	1	1	2	0	0	0	0	0	0	0	0	0	0	0	1	2	0	0	0	1	0	1	0	1	0	0	1	0	0	3	0	0	1	3	0	3	0	0	0	0	0	0	1	0	0	0	0	0	0	0	2	0	1	0	0	1	1	1	1	1	2	0	0	0	1	0	0	0	0	0	0	0	0	0	0	0	1	0	2	0	0	1	1	0	0	1	0	0	2	0	1	0	0	0	0	0	0	1	2	0	0	0	0	0	0	0	0	0	3	0	0	0	0	0	2	0	0	1	0	0	0	0	0	0	1	1	0	0	2	0	0	0	0	1	2	0	0	3	0	0	0	0	0	0	0	0	0	2	0	0	0	1	1	0	0	1	0	0	0	1	0	0	0	0	4	0	1	1	1	0	0	0	0	0	0	0	0	0	0	0	0	1	0	0	0	0	0	1	0	0	0	1	0	1	0	0	0	1	0	0	0	0	2	1	0	1	0	0	0	1	0	0	0	0	1	1	1	0	0	0	0	1	0	0	0	1	0	0	0	1	0	0	0	1	0	0	0	0	0	1	0	0	2	1	0	0	0	0	2	0	0	0	0	0	2	1	0	0	0	0	3	0	0	1	0	0	0	0	2	0	1	4	0	5	1	2	0	0	1	0	0	1	1	0	1	0	0	0	0	0	0	0	1	0	0	1	0	1	0	0	3	1	0	0	0	1	1	0	0	0	0	0	0	0	1	0	0	0	0	0	0	1	0	0	33	0	0	0	0	0	0	0	0	0	2	0	0	1	1	0	0	1	0	1	0	0	1	0	0	1	0	0	0	0	0	1	5	0	0	0	0	1	0	0	0	0	1	0	0	2	2	0	0	0	1	0	1	1	0	2	1	1	1	0	2	0	0	0	1	2	0	0	2	2	1	0	1	2	0	0	1	0	0	2	0	1	1	3	0	1	0	0	0	1	0	0	1	0	0	0	0	0	0	2	0	1	0	0	1	0	0	0	0	0	2	0	0	3	1	1	0	0	0	0	0	0	0	0	0	0	0	2	0	0	0	0	1	0	1	0	0	0	0	0	2	0	0	1	0	0	0	0	0	0	0	0	0	0	1	0	1	0	1	1	0	3	0	0	0	0	0	0	0	1	0	0	0	0	1	1	0	1	0
A[Ins(C):R4]T	0	1	0	0	0	0	0	0	1	2	1	0	0	0	3	0	0	0	0	0	0	0	0	0	1	0	0	4	0	1	0	0	0	0	0	0	0	3	1	1	2	1	0	2	0	1	0	0	1	0	0	1	0	1	0	2	2	2	0	0	1	0	2	1	0	0	0	0	0	0	2	1	1	0	0	1	1	0	0	1	0	0	0	1	1	2	0	1	8	1	0	1	7	0	1	3	3	0	0	0	0	0	1	0	0	0	3	1	6	0	4	0	0	0	0	0	0	0	0	0	0	0	0	3	1	2	0	0	2	0	1	0	2	0	1	0	0	0	0	0	0	1	0	0	0	0	0	0	0	3	0	3	1	0	1	1	0	0	0	4	0	0	0	1	0	0	0	3	0	1	0	0	0	2	0	0	0	1	1	0	1	0	0	0	0	1	0	2	0	0	0	0	1	0	0	0	0	0	0	1	0	1	0	1	1	0	0	1	1	4	4	0	0	0	0	0	0	1	2	0	2	1	0	0	2	2	0	0	2	1	0	0	2	0	1	0	0	7	0	0	0	0	0	0	0	2	1	0	0	0	1	0	0	1	0	0	0	0	0	0	2	0	0	0	1	0	0	2	0	0	0	0	1	0	0	0	1	2	1	0	0	0	0	0	2	2	2	0	1	6	0	0	0	2	0	3	1	0	0	0	0	0	0	2	1	0	1	0	0	0	0	0	1	0	0	1	0	2	1	0	0	2	0	0	1	0	1	0	0	0	0	0	2	1	0	0	1	0	0	0	0	1	0	0	8	1	5	0	1	0	0	3	0	0	1	4	0	1	0	2	0	1	0	1	1	0	0	1	0	0	2	0	0	4	1	1	0	0	0	1	1	1	0	0	1	1	0	2	0	0	1	6	0	1	1	0	0	23	0	0	0	2	0	0	0	1	0	5	0	0	0	0	0	0	0	0	0	0	1	0	1	0	1	0	0	1	0	1	2	0	0	1	0	0	2	0	0	0	0	0	0	0	0	2	1	2	0	0	1	0	2	1	4	1	1	1	0	1	0	0	0	0	2	0	1	3	0	0	0	0	4	1	2	0	0	1	2	1	1	3	0	0	0	1	0	0	5	0	2	0	0	0	0	0	0	1	0	1	1	0	1	0	0	0	0	0	1	0	0	0	2	0	2	3	0	1	0	1	2	1	0	1	0	0	0	2	0	0	1	3	0	0	1	0	1	0	0	3	0	1	0	0	1	0	0	0	0	0	1	0	1	0	0	1	0	0	0	0	5	0	0	0	0	2	1	0	2	0	2	0	0	1	0	1	1	0
A[Ins(C):R5]A	1	1	0	0	2	0	0	0	3	4	0	1	0	0	4	2	0	0	0	0	0	0	0	0	1	0	0	3	0	0	0	2	0	0	0	0	0	0	1	0	1	1	2	0	1	2	0	0	1	0	0	0	3	2	0	1	1	0	0	2	0	0	1	2	1	1	0	0	0	0	1	1	3	0	0	3	2	3	1	0	1	2	1	0	0	4	0	2	22	1	0	2	2	0	0	1	0	0	1	0	1	0	7	1	0	0	8	0	6	7	0	0	0	0	1	1	0	0	3	1	1	2	1	3	2	0	1	0	1	0	2	0	2	1	0	0	0	1	2	0	0	1	0	0	1	1	0	1	0	13	1	8	0	0	2	0	0	2	0	1	2	0	0	6	1	0	0	1	0	1	1	0	1	0	1	0	0	0	1	0	0	3	1	0	3	2	1	3	0	0	2	0	0	1	0	1	0	0	0	0	0	1	1	0	0	0	2	2	0	0	13	0	2	0	0	1	0	1	1	0	2	0	0	0	0	3	0	0	1	3	0	0	1	0	2	1	0	8	0	0	1	5	0	0	1	1	0	0	1	0	2	2	1	1	0	0	1	0	0	0	0	0	0	0	0	0	2	2	1	0	1	0	2	0	0	1	1	0	4	0	0	1	1	1	1	2	4	0	2	5	0	0	0	0	5	3	0	0	0	1	0	1	0	1	1	1	3	2	0	0	0	0	0	0	0	1	0	4	1	0	2	2	0	0	0	1	1	2	2	0	0	1	2	1	2	1	2	0	0	1	0	3	0	0	11	2	1	1	2	1	0	0	0	1	0	2	0	0	0	0	1	2	0	2	1	0	1	0	2	0	0	2	0	6	1	2	0	1	3	1	0	1	2	1	1	1	0	3	0	0	1	3	1	0	0	0	3	33	0	0	0	1	1	0	0	1	1	1	0	1	1	0	0	0	0	0	2	1	3	0	0	4	0	1	1	2	0	3	0	3	0	0	0	1	3	1	0	0	0	1	0	0	1	0	2	3	1	1	1	4	5	0	1	2	3	0	0	1	0	1	0	1	0	0	1	0	0	1	0	3	3	0	0	0	2	1	0	3	1	3	1	0	1	0	3	6	1	0	0	4	0	1	0	1	0	0	3	1	0	0	0	1	0	1	0	2	0	4	0	0	3	2	2	0	1	0	1	1	1	2	0	0	2	1	0	2	0	2	0	1	2	1	1	0	1	0	0	2	0	0	0	0	0	0	0	3	0	1	0	1	1	1	0	0	0	0	2	1	10	0	0	0	0	1	1	0	0	0	0	0	0	0	1	0	1	0
A[Ins(C):R5]G	0	0	0	0	0	0	0	0	0	0	0	0	0	0	1	0	0	0	0	0	0	0	0	0	1	0	0	2	0	0	0	0	0	0	1	0	0	0	1	0	1	1	0	0	0	0	0	0	2	0	0	0	0	1	0	0	2	0	1	0	0	0	0	0	0	0	1	0	0	0	0	0	0	0	0	0	0	0	0	0	0	1	0	0	0	2	0	0	1	0	0	1	0	0	0	3	0	0	0	0	0	0	0	0	0	0	0	0	2	2	1	1	0	0	0	0	0	0	1	1	0	0	0	1	0	0	0	0	0	0	0	0	1	0	0	0	0	1	0	1	0	0	1	0	0	0	0	1	0	1	0	1	0	0	0	0	0	1	0	0	0	0	0	1	0	1	0	0	0	0	0	0	0	0	0	0	0	0	0	0	0	0	0	0	0	2	0	0	0	0	0	0	0	0	0	0	0	0	0	0	0	0	0	0	0	0	0	0	0	1	1	0	0	1	0	0	0	0	1	0	1	0	1	0	0	0	0	0	0	0	0	0	0	0	1	0	0	3	0	0	0	1	0	0	0	0	0	0	0	0	0	0	0	0	0	0	0	0	0	0	1	0	0	0	0	0	0	0	0	0	0	0	0	0	0	0	0	1	1	0	0	0	0	0	1	1	0	1	0	1	0	0	0	0	2	2	1	0	1	0	0	0	0	1	0	0	3	0	0	0	0	1	0	0	0	0	0	0	0	0	0	0	0	1	0	0	0	1	0	0	0	0	0	1	1	0	3	0	0	0	0	0	0	0	1	0	1	0	1	1	0	1	0	0	0	0	0	1	0	0	0	0	0	0	0	0	1	0	0	0	1	1	0	0	0	1	0	0	0	0	0	0	2	1	0	1	0	1	0	0	1	1	2	0	1	0	0	7	0	0	0	1	0	0	0	0	0	0	0	0	0	0	0	0	0	0	0	0	0	0	0	0	0	0	0	0	0	0	0	0	0	0	0	0	0	0	0	0	0	1	0	0	0	0	0	0	0	0	0	0	0	0	0	1	0	0	1	0	0	1	0	0	0	0	0	1	0	0	0	0	2	0	1	0	1	0	0	0	0	2	0	0	0	0	0	0	1	0	1	1	0	0	0	0	0	0	0	0	0	0	0	0	0	1	0	0	0	0	0	0	0	0	0	0	0	1	0	0	1	0	0	0	1	0	0	0	0	1	0	0	0	1	1	0	0	0	0	1	1	0	1	0	0	0	1	0	0	0	0	0	0	1	0	0	0	0	1	0	1	0	0	0	0	0	0	0	0	0	0	0	0	0	0	0	1	0
A[Ins(C):R5]T	0	3	0	1	2	0	0	0	3	2	0	1	0	0	1	2	0	0	0	1	0	0	0	0	0	0	0	1	0	0	0	1	0	0	0	0	0	0	0	1	0	2	1	0	1	0	0	0	2	1	1	0	1	0	0	0	0	0	0	0	0	1	0	0	1	1	0	0	0	0	0	0	2	0	0	2	0	1	0	0	0	1	1	0	0	1	0	2	14	0	1	0	2	1	0	1	0	0	0	0	0	0	0	0	2	1	2	0	2	0	1	0	0	0	0	0	0	0	1	0	1	0	0	0	0	0	0	0	0	0	1	1	1	0	0	0	0	0	1	0	0	0	0	0	0	2	2	0	0	8	0	0	0	0	0	2	0	1	0	1	2	0	0	2	1	0	0	0	0	0	1	0	0	0	0	0	1	0	0	0	0	3	1	1	0	0	2	4	0	0	0	2	0	0	0	1	0	0	0	0	1	0	0	0	0	0	1	0	0	0	7	0	1	0	0	2	2	0	0	0	0	1	2	1	0	0	0	0	0	0	0	0	0	1	0	0	0	1	0	0	1	4	0	0	0	1	0	0	1	0	0	0	0	0	0	0	0	0	0	0	2	0	0	0	0	0	0	1	1	0	1	1	1	0	0	3	0	0	2	0	0	0	0	0	0	0	1	2	1	3	0	0	0	1	1	3	1	0	0	0	0	1	1	0	0	0	2	0	0	1	0	0	1	1	0	0	0	0	0	1	0	0	0	1	2	0	0	0	0	0	0	0	0	4	2	0	0	0	0	0	0	0	0	0	2	0	2	1	0	0	1	0	0	0	0	0	0	0	0	0	0	0	0	0	0	0	0	1	0	0	4	0	0	4	0	0	0	1	0	2	0	0	0	0	2	2	0	1	1	1	1	2	0	0	0	0	1	13	0	0	0	0	0	0	1	0	0	1	2	0	0	1	0	0	0	0	0	0	0	0	0	0	0	0	0	0	0	2	0	1	0	0	0	1	0	0	0	0	1	0	0	0	0	0	1	0	3	0	0	0	1	0	0	2	1	1	0	0	0	0	0	0	0	0	0	0	1	0	0	1	1	1	0	1	0	1	0	1	0	1	0	0	0	0	0	1	0	1	0	0	0	0	0	0	0	0	2	1	0	0	0	0	0	0	1	0	0	0	0	0	1	0	1	0	0	0	1	2	2	0	0	0	1	0	0	2	0	0	1	2	0	0	0	0	1	0	0	0	2	0	0	0	1	0	1	0	0	0	1	0	0	1	0	1	0	0	0	0	4	0	0	0	0	2	0	0	1	0	0	1	0	0	0	0	0	0
A[Ins(C):R6]A	0	1	0	0	0	0	3	0	0	3	0	0	0	0	0	0	0	1	2	0	0	0	1	0	1	1	0	1	1	0	0	0	0	0	2	0	0	0	0	1	0	0	1	0	1	0	1	0	1	0	1	1	0	1	1	1	1	2	0	0	1	0	1	0	0	2	0	0	0	0	2	1	0	0	1	2	0	0	1	1	1	1	1	0	1	2	0	0	28	2	0	0	2	0	0	0	0	0	3	0	0	0	5	0	0	0	3	0	6	1	2	0	0	0	0	1	0	0	0	1	1	0	0	1	0	0	2	0	1	0	0	0	1	1	0	0	0	2	1	0	0	0	0	2	1	1	1	0	0	11	1	2	0	1	0	1	1	1	0	2	2	0	0	2	0	1	0	2	0	0	0	1	0	1	1	0	0	1	1	1	0	0	1	1	0	0	1	6	0	0	1	0	0	2	1	1	0	0	0	0	0	0	1	0	0	0	1	1	0	1	18	0	0	0	1	1	0	0	2	0	2	1	1	0	1	2	0	0	2	1	3	0	2	1	2	0	0	3	0	2	0	5	0	0	0	0	0	0	0	0	0	0	1	0	0	0	2	1	0	0	4	0	0	0	0	0	3	1	0	1	0	1	0	0	1	3	2	1	3	0	0	0	3	1	0	0	0	0	1	1	0	0	0	1	1	1	0	0	0	0	1	0	1	0	1	0	4	0	0	1	0	0	1	0	0	0	2	1	2	0	0	1	0	1	2	0	0	2	0	0	0	0	1	0	2	1	1	0	0	0	0	2	1	0	4	0	2	1	0	2	2	0	0	1	2	0	1	1	0	1	2	1	0	1	1	1	0	4	1	0	0	0	1	4	1	0	1	1	0	0	2	1	0	0	1	0	0	1	1	1	0	0	0	1	0	2	0	63	0	0	0	1	0	1	0	1	0	1	1	0	1	0	0	0	0	0	1	1	1	0	0	1	0	1	1	0	0	3	0	0	0	0	0	1	1	0	0	0	1	1	0	0	0	0	0	3	1	1	0	2	5	0	2	0	0	1	1	3	0	1	0	1	1	0	2	0	1	0	0	2	2	2	0	4	0	0	0	1	2	0	2	0	0	1	1	2	0	0	1	1	0	0	0	1	1	0	1	1	2	1	0	0	1	1	0	0	0	0	1	0	2	3	4	1	0	0	0	1	0	1	0	0	0	1	0	0	0	0	0	1	2	1	0	0	0	0	1	0	0	0	1	1	2	1	0	0	0	1	0	0	1	1	0	0	0	0	2	0	2	1	0	1	0	0	0	0	2	0	4	2	0	0	0	0	1	0
A[Ins(C):R6]G	0	1	1	0	1	0	0	0	0	1	0	1	0	0	0	0	0	0	0	0	0	0	0	0	0	0	1	1	0	0	0	0	0	0	0	0	0	0	1	0	1	0	0	0	0	0	1	0	0	1	0	0	0	1	0	0	0	0	0	0	0	0	0	0	0	0	0	1	0	0	1	1	0	0	0	0	1	0	0	0	0	0	0	1	1	0	0	0	7	0	0	1	1	0	0	1	0	0	0	0	0	0	1	1	0	0	0	0	0	0	0	1	0	0	1	0	1	0	0	0	0	0	0	0	0	0	0	0	0	1	0	0	0	0	0	0	0	0	0	0	1	0	0	0	0	0	0	0	0	0	0	0	0	0	0	1	0	2	1	0	0	0	0	0	0	0	0	0	0	0	0	0	0	0	1	0	0	0	1	0	0	0	0	0	0	0	0	2	0	0	0	0	0	0	0	0	0	0	0	0	0	0	0	0	0	0	1	0	0	0	9	0	0	0	0	0	0	0	1	0	0	0	0	0	0	0	0	0	0	1	0	0	0	0	0	0	1	1	0	0	1	2	0	0	0	0	0	0	0	0	0	0	1	0	0	0	0	0	0	0	1	0	0	0	0	0	0	1	0	0	0	0	0	0	0	0	1	0	0	0	0	0	1	0	0	0	1	0	1	0	1	1	0	0	0	2	0	0	0	1	0	0	1	0	0	0	1	1	1	0	0	0	0	0	0	0	0	2	0	0	0	2	0	0	0	0	0	1	1	0	0	0	1	0	0	0	0	0	0	0	0	1	0	0	0	0	1	0	0	0	0	0	0	1	0	0	0	0	0	0	0	0	0	0	0	1	0	0	0	0	0	0	0	0	0	0	0	0	0	0	0	0	0	1	0	0	1	0	0	0	0	0	1	0	1	0	0	8	0	0	1	1	0	0	0	1	0	0	0	0	1	0	0	0	0	0	0	0	0	0	0	0	0	0	0	0	1	0	0	0	0	1	0	0	0	0	0	0	0	1	0	0	0	0	0	0	0	0	0	0	1	1	0	0	0	0	0	0	1	0	0	1	1	0	0	0	0	0	0	0	0	0	1	1	0	0	0	0	1	0	0	0	0	0	1	0	0	0	0	0	0	0	0	0	1	0	0	1	0	0	0	0	0	0	0	0	0	0	0	0	0	0	0	0	1	0	1	0	0	0	0	0	0	0	0	1	0	0	0	0	0	0	0	0	0	0	0	0	0	0	0	0	0	0	2	0	0	0	0	0	0	0	0	0	0	0	0	0	2	0	0	0	0	0	0	0	0	0	0	0	0	0	0	0	0	0
A[Ins(C):R6]T	1	2	0	0	1	0	0	0	0	0	0	0	0	0	3	0	0	1	1	0	0	0	0	0	0	0	0	1	1	0	0	0	0	0	0	1	0	0	0	1	0	0	1	1	0	0	0	2	0	0	0	0	0	0	0	0	0	0	0	0	1	0	0	0	0	1	0	0	0	0	0	0	1	1	0	0	0	1	0	1	0	2	1	0	0	1	0	0	11	1	0	0	3	0	0	0	0	0	1	1	0	0	0	0	0	0	1	0	1	1	0	0	0	0	0	0	0	0	0	0	0	0	0	0	0	0	0	0	0	0	0	0	2	1	0	1	0	0	1	0	0	0	0	0	0	0	0	0	0	7	0	2	0	0	0	0	0	0	2	0	1	0	0	1	0	0	1	0	1	0	0	0	0	0	0	1	0	0	0	1	0	2	0	0	0	0	1	1	0	0	0	0	1	0	0	0	0	0	1	0	0	0	0	0	0	0	0	0	0	0	5	0	2	0	0	0	1	0	1	0	2	0	2	0	1	1	0	0	0	0	1	0	0	0	1	0	0	2	0	0	0	5	0	0	0	0	0	0	2	0	0	0	0	0	0	0	1	3	0	0	1	0	1	0	0	1	0	0	0	0	0	0	1	0	0	1	0	0	0	0	0	0	0	1	0	0	1	0	0	2	1	0	0	0	0	4	0	0	1	0	0	1	0	0	0	0	0	1	0	0	0	0	0	0	0	0	0	0	0	0	2	0	0	0	0	0	0	0	1	0	0	0	1	0	0	0	1	0	0	0	0	0	0	0	0	0	1	0	0	0	0	0	0	0	0	0	0	0	0	0	0	1	0	0	0	0	0	0	0	0	1	0	0	0	0	0	0	0	0	0	0	1	0	0	0	0	1	1	0	0	0	1	0	0	0	2	0	21	0	2	1	0	0	0	1	0	0	1	0	0	0	0	0	0	0	0	0	0	0	0	0	0	0	0	0	0	0	0	2	0	0	0	1	2	0	0	0	0	0	1	0	0	0	0	0	2	0	0	0	0	0	1	1	1	0	0	0	0	1	0	0	0	0	0	2	0	0	1	0	0	0	0	0	0	0	1	1	0	1	2	1	0	0	0	0	1	0	0	1	0	0	1	0	0	0	0	0	1	1	0	0	0	0	0	0	1	0	0	0	0	1	0	0	0	0	1	0	0	0	0	0	0	0	0	1	0	0	0	0	0	1	0	0	0	0	1	0	1	1	0	0	1	0	0	0	2	0	2	0	1	1	1	0	0	0	0	1	1	4	1	0	0	0	0	0	0	1	0	2	1	0	0	0	0	0	1
A[Ins(C):R7]A	1	0	0	0	1	0	0	0	1	1	0	0	0	0	2	0	0	0	1	0	0	2	0	0	0	0	0	2	0	0	1	1	0	0	0	1	1	0	1	1	2	0	1	0	0	0	1	0	0	0	1	0	1	4	1	0	1	2	1	1	0	0	3	0	0	1	1	0	0	1	2	0	2	1	0	0	0	1	0	0	2	0	0	1	1	0	2	0	93	2	0	0	3	0	1	1	0	0	0	1	0	1	0	2	1	0	0	1	6	1	1	0	0	0	1	1	0	0	1	2	2	1	2	1	1	1	0	3	0	0	1	1	2	1	1	0	0	1	1	0	0	0	0	0	0	3	0	0	3	45	0	1	2	0	0	2	0	3	0	2	3	0	0	1	1	1	1	0	2	3	3	0	1	3	0	1	1	0	0	2	0	2	3	0	2	0	3	8	2	1	0	0	0	1	0	0	0	2	0	2	0	0	1	0	0	2	0	2	0	1	33	3	2	1	0	0	0	0	2	1	0	1	3	2	0	0	0	0	1	3	3	0	2	1	4	0	0	0	1	0	0	19	1	0	2	1	1	0	0	1	1	3	1	1	1	0	0	2	0	2	4	1	2	1	2	2	1	2	2	0	0	1	2	2	1	1	0	2	1	0	0	0	3	0	0	2	2	0	0	3	1	1	0	0	4	1	0	1	0	1	1	2	0	0	2	0	1	1	1	6	1	0	0	2	0	0	0	1	1	0	3	2	1	0	0	0	0	2	2	3	1	0	0	3	4	1	2	1	1	2	0	1	0	0	1	1	1	1	1	3	0	0	0	2	2	1	0	0	0	2	3	2	1	0	1	3	2	2	0	3	1	2	2	1	1	2	0	2	0	1	0	1	0	1	1	3	1	2	0	2	0	2	0	1	1	1	1	137	2	5	1	1	0	0	0	1	1	1	1	1	3	0	0	2	2	0	2	1	0	0	2	1	1	1	0	1	0	0	0	0	0	1	1	1	0	0	1	0	0	3	0	1	2	1	2	1	1	0	0	0	0	0	1	1	0	0	1	2	0	0	1	0	0	0	1	1	4	3	0	0	0	3	0	0	1	4	1	0	1	0	1	0	0	0	2	3	2	0	0	2	2	0	0	0	4	1	3	0	0	0	0	1	0	2	0	1	1	0	1	1	0	1	1	2	3	0	0	0	3	0	1	0	2	1	0	0	0	3	0	1	0	0	0	0	1	0	0	1	3	1	4	1	1	1	4	4	0	1	1	1	1	3	0	1	0	2	1	2	2	1	0	1	0	1	0	1	0	0	1	1	0	0	2	1	1	1
A[Ins(C):R7]G	0	0	0	0	0	0	0	0	0	0	0	0	0	0	0	0	1	0	0	0	0	0	0	0	0	0	0	0	0	0	0	0	0	0	0	3	0	0	0	0	0	0	0	0	0	0	0	1	0	0	0	0	1	1	0	0	0	0	0	1	1	0	0	0	0	0	0	0	0	0	0	0	0	0	0	0	0	1	1	0	0	0	0	0	0	0	0	0	22	0	0	0	1	0	1	0	0	0	1	0	0	0	0	0	0	0	0	1	0	0	0	0	0	0	0	0	0	0	0	1	0	0	0	0	0	1	0	0	0	0	0	0	1	0	0	0	0	2	0	0	0	0	0	0	0	2	0	2	0	8	0	0	0	0	2	0	0	2	0	0	0	1	0	0	1	1	0	0	0	1	0	1	0	0	0	0	1	0	0	1	0	0	0	0	0	0	0	1	1	0	0	0	0	0	0	0	0	0	0	1	0	0	0	0	0	1	0	0	0	0	10	2	1	0	0	0	0	0	0	1	0	0	0	0	0	0	0	0	1	0	1	0	1	0	0	1	0	1	0	0	0	10	0	0	1	1	0	0	0	0	0	0	1	0	0	1	1	3	0	0	0	0	0	2	0	0	0	0	0	0	1	0	0	0	0	0	0	0	0	0	0	0	0	0	0	2	0	0	0	1	0	1	1	0	0	1	0	0	0	0	1	0	0	0	0	0	0	0	0	0	1	0	0	0	1	0	0	2	0	0	0	0	0	0	0	0	0	1	0	1	0	0	0	0	2	0	0	0	0	1	0	0	0	0	0	0	0	0	0	0	0	0	0	0	0	0	1	0	1	0	1	0	0	0	0	0	0	0	0	0	0	0	0	0	0	2	0	0	0	0	0	0	0	0	0	0	0	0	1	1	0	0	0	1	0	1	1	42	0	0	0	0	0	0	0	0	0	0	0	0	1	0	0	0	0	0	0	0	0	0	0	0	0	0	0	0	0	0	0	0	0	1	0	0	0	0	0	0	0	0	0	0	0	1	2	0	1	1	1	0	0	1	1	0	0	0	0	0	0	0	0	0	0	0	0	0	0	0	0	1	0	1	0	0	0	0	0	0	1	0	0	0	0	0	0	0	0	0	0	0	0	0	0	0	0	0	1	1	0	0	0	0	1	0	0	0	0	0	0	1	0	0	1	0	2	0	0	0	0	0	0	0	0	0	0	1	1	0	0	0	1	0	0	0	0	0	0	0	0	0	0	0	1	0	0	2	1	1	0	0	0	0	0	0	0	1	0	0	1	1	0	0	1	1	0	1	0	0	0	0	0	0	0	1	1	0
A[Ins(C):R7]T	0	0	0	0	0	0	0	0	0	0	0	0	0	0	0	0	1	0	0	0	0	0	1	0	1	0	0	1	0	0	0	0	0	0	0	0	0	0	0	2	0	0	0	0	0	0	0	0	1	0	1	1	1	0	0	0	0	0	0	0	0	0	1	0	0	1	1	0	0	1	0	0	0	0	0	0	0	0	0	0	0	0	0	0	1	0	0	1	17	0	1	0	0	0	0	0	0	0	0	0	1	0	0	0	0	1	0	0	1	2	0	1	0	0	0	0	0	0	1	1	1	0	0	0	0	1	0	0	0	0	0	0	2	0	0	1	0	2	1	0	0	0	0	0	1	0	0	0	0	14	1	0	0	0	0	0	0	1	0	1	0	1	0	0	2	0	0	0	0	0	0	0	0	0	1	0	0	0	0	0	0	0	1	0	0	0	0	2	0	0	0	0	0	0	0	0	1	0	0	1	0	1	0	0	0	0	0	1	0	0	14	0	0	0	0	0	0	0	0	0	1	0	0	0	1	0	0	0	0	0	0	0	0	0	1	0	0	0	0	0	0	5	0	0	0	0	0	0	0	0	0	1	1	0	1	0	2	3	1	0	0	0	1	0	1	0	0	1	0	0	0	0	2	1	0	0	0	0	0	0	0	0	1	0	0	1	0	0	0	0	0	0	0	0	0	1	0	0	0	0	0	0	0	0	0	0	0	0	2	0	0	0	0	0	0	1	0	1	0	0	0	0	0	0	0	0	0	1	0	0	0	0	0	1	0	0	0	0	0	0	0	1	1	0	1	0	0	1	0	0	0	0	0	0	0	1	0	0	2	0	1	1	1	1	0	0	1	0	0	0	0	0	0	1	1	1	0	0	0	0	0	0	0	0	0	0	0	1	1	1	0	0	1	0	0	0	0	34	0	0	0	0	0	1	0	0	0	0	0	0	0	1	1	0	0	0	1	0	0	0	0	0	0	0	1	0	0	0	0	0	1	0	0	0	0	0	0	0	0	0	0	0	0	0	0	0	0	0	1	1	0	0	1	0	0	0	1	0	0	0	0	0	0	1	0	2	0	0	0	0	1	2	0	0	0	0	0	0	0	0	0	1	0	0	0	1	0	0	2	0	0	0	0	1	2	0	0	0	0	0	0	0	0	0	0	0	0	1	1	0	0	1	1	0	0	0	0	0	0	1	0	0	0	0	0	0	0	0	0	1	0	0	0	1	0	1	0	0	1	0	1	0	0	0	0	0	0	0	0	2	0	0	1	0	0	0	0	1	0	0	0	0	0	0	0	0	0	0	0	0	0	1	0	0	0	0
A[Ins(C):R8]A	0	0	1	0	0	0	0	0	1	0	0	0	0	1	0	0	0	1	0	0	0	0	0	0	0	0	0	0	0	0	0	0	0	0	0	0	0	0	0	0	0	1	0	0	0	1	0	0	0	0	2	0	0	0	0	0	0	0	0	0	0	0	0	0	1	2	0	0	0	0	0	1	0	0	0	0	0	1	2	0	0	0	0	0	1	0	0	0	57	0	0	1	2	0	4	0	0	0	1	0	1	0	1	2	0	0	1	1	4	1	0	2	0	0	1	3	1	0	0	1	0	0	1	1	0	1	0	0	1	0	0	0	2	0	0	0	0	1	2	1	1	0	0	1	2	2	1	0	1	29	0	2	0	0	1	1	0	1	0	0	1	1	0	1	0	2	1	0	2	1	0	0	1	0	4	2	1	1	1	0	1	0	2	2	0	0	2	2	2	1	0	0	2	1	0	0	0	0	1	0	2	0	0	0	0	0	0	1	0	0	26	0	3	4	1	1	0	0	1	0	1	1	0	2	1	0	1	0	0	0	2	1	0	1	1	1	0	1	0	1	0	19	2	0	0	1	0	0	1	0	0	1	2	0	1	0	1	1	0	0	1	0	0	1	1	0	1	0	0	0	1	0	0	1	1	1	0	1	0	0	0	0	2	2	1	2	0	0	0	0	1	1	1	2	1	1	0	0	0	0	0	0	0	0	3	2	0	2	2	2	1	0	0	1	1	2	1	1	0	0	2	1	1	0	0	0	1	2	1	1	0	0	1	5	1	1	2	0	0	0	1	0	0	1	1	0	2	0	0	3	0	1	1	1	0	1	0	2	0	1	1	2	2	2	1	1	1	1	0	0	0	2	1	1	1	1	0	0	0	0	1	2	0	1	0	2	1	0	1	0	1	2	0	1	0	0	1	111	1	2	1	1	0	1	1	2	1	0	0	0	1	0	0	0	0	0	1	0	1	1	1	0	1	2	0	1	1	2	1	3	0	0	0	1	0	0	1	1	0	1	0	0	0	0	1	1	0	0	0	0	1	0	1	0	0	0	1	0	0	1	0	1	0	0	0	1	1	0	1	0	0	0	0	0	1	0	2	1	0	0	0	0	0	0	1	1	0	2	1	1	1	0	0	1	2	0	2	0	0	1	0	1	2	1	0	0	0	0	0	0	0	2	0	2	0	0	1	0	2	1	0	0	4	1	0	2	1	0	0	0	0	2	0	1	0	0	1	0	2	0	0	0	4	2	0	0	0	1	1	0	1	1	1	1	0	0	1	0	2	2	0	0	1	0	0	1	0	0	1	0	0	0	1	0	0	1
A[Ins(C):R8]G	0	0	0	0	0	0	0	0	0	0	0	0	0	0	0	0	0	0	0	0	0	0	0	0	0	0	1	0	0	0	0	0	0	0	0	0	0	0	0	0	0	1	0	0	0	0	0	0	0	0	1	0	0	0	0	0	0	0	0	0	0	0	1	0	0	0	0	0	0	0	0	0	0	0	0	0	0	0	1	0	0	0	0	1	0	0	0	0	4	0	0	0	0	0	0	0	0	0	0	0	0	0	0	0	0	0	0	0	0	0	0	0	0	0	0	0	0	0	0	0	2	0	0	0	0	0	0	0	0	0	0	0	0	0	0	0	0	0	1	0	0	0	0	0	0	1	0	0	0	6	0	0	1	0	0	0	0	0	0	0	0	0	0	0	0	0	0	0	0	0	0	0	0	0	0	0	0	0	0	0	0	0	0	1	0	0	0	1	0	0	0	0	1	0	0	1	0	0	0	0	0	0	0	1	0	0	0	0	0	0	2	0	0	0	0	0	0	0	0	0	0	0	0	1	0	1	1	0	0	0	0	0	0	0	0	0	0	0	0	0	1	1	0	0	0	1	1	0	0	0	0	0	0	0	0	0	0	0	0	0	1	0	0	0	1	0	0	0	1	0	0	0	0	0	0	0	0	0	0	0	0	0	1	0	0	0	0	0	0	1	0	0	0	0	1	0	0	0	0	0	0	0	0	0	0	0	0	0	0	0	0	0	0	0	0	0	0	0	0	1	0	0	0	0	0	0	0	0	0	0	1	1	0	1	0	0	2	0	0	0	0	0	0	0	1	0	1	0	0	0	1	0	0	0	0	0	0	1	0	0	0	0	0	0	0	0	0	0	0	0	0	0	0	0	0	1	0	0	0	0	0	1	0	1	0	1	0	0	1	0	0	0	0	0	0	0	0	16	0	0	0	0	0	0	0	0	0	0	0	1	0	0	0	0	0	0	0	0	0	0	0	0	1	0	0	0	0	0	0	0	0	0	0	0	0	0	1	1	0	1	0	0	0	0	0	0	0	0	0	0	0	0	0	0	0	0	0	0	0	0	0	0	0	0	0	1	0	0	0	0	0	0	0	0	0	0	0	0	0	0	0	0	0	0	1	0	0	0	0	0	0	0	1	0	0	0	0	0	0	0	0	0	0	2	0	0	0	0	0	0	0	0	0	0	0	0	0	0	1	0	0	0	0	1	0	0	0	0	0	0	0	0	0	0	0	0	0	0	1	0	0	0	0	0	0	1	0	0	0	1	0	0	0	0	0	0	0	0	0	1	0	0	0	0	0	0	0	0	0	0	0	0	0	0	0	0
A[Ins(C):R8]T	0	0	0	1	0	0	0	0	0	0	0	0	0	0	0	0	0	0	0	0	0	0	0	0	0	0	0	0	0	0	0	0	0	1	0	0	0	0	0	0	0	0	0	0	0	0	0	0	0	0	0	0	0	0	0	0	0	0	0	0	0	0	0	0	0	1	0	0	0	0	0	0	0	1	0	0	0	0	0	0	0	0	0	0	0	0	0	0	16	0	0	0	0	0	0	0	0	0	0	0	0	0	0	1	0	0	0	1	1	0	0	0	0	0	0	0	0	0	0	0	0	0	0	0	0	0	0	0	0	0	0	0	0	0	0	0	0	1	1	0	2	0	0	0	0	0	0	0	0	10	0	0	0	0	0	0	0	0	0	1	0	1	0	0	0	0	0	0	0	0	0	0	1	0	0	0	0	1	0	1	0	0	0	0	0	0	1	0	0	0	0	0	1	1	1	0	0	0	1	0	0	0	0	0	0	0	0	0	0	0	7	1	0	0	0	0	0	0	0	0	1	0	1	0	0	1	1	0	0	3	0	0	0	0	1	0	1	0	0	0	1	4	0	0	1	0	0	0	1	0	0	0	1	0	0	0	0	2	1	0	0	0	0	1	0	0	0	0	0	0	0	0	0	0	0	0	0	1	0	0	0	0	2	0	0	0	0	0	1	0	0	0	0	0	0	0	0	0	0	0	0	0	0	0	3	0	0	1	1	0	0	0	0	1	0	0	0	2	0	0	0	1	0	0	0	0	0	0	0	0	0	0	0	1	0	0	0	0	0	0	0	1	0	0	0	0	0	0	0	0	0	0	0	0	0	1	0	1	0	0	2	0	1	0	0	1	1	1	0	0	0	0	0	1	1	1	0	1	0	0	0	0	0	0	0	0	0	0	0	1	0	0	0	0	0	0	0	36	0	1	0	0	0	0	0	0	1	0	0	1	0	0	0	0	1	0	0	0	0	1	0	0	0	0	0	0	1	0	0	0	0	0	0	0	0	0	1	0	0	0	0	0	0	0	0	0	1	0	0	0	0	0	0	1	0	0	0	1	0	0	0	0	0	0	0	0	1	0	0	0	1	0	0	0	0	1	0	0	0	0	0	0	0	0	0	0	0	0	0	1	0	0	0	0	0	1	0	0	0	0	0	0	0	2	1	0	0	0	0	0	0	0	0	2	0	0	0	0	0	0	0	1	1	1	0	0	0	0	0	0	0	0	0	0	0	0	0	0	0	0	0	0	0	0	0	2	0	0	0	1	0	1	0	1	0	1	0	1	0	0	0	0	1	0	0	0	0	0	0	0	0	0	0	1	1	0
A[Ins(C):R(9,)]A	0	0	0	0	0	0	0	0	0	0	0	0	0	0	0	0	0	0	0	0	0	0	0	0	0	0	0	0	0	0	0	0	0	0	0	0	0	0	0	0	0	0	0	0	0	0	0	0	0	0	0	0	0	0	0	0	0	0	0	0	0	0	0	0	0	0	0	0	0	0	0	0	0	0	0	0	0	0	0	0	0	0	0	0	0	0	0	0	0	0	0	0	0	0	0	0	0	0	0	0	0	0	0	0	0	0	0	0	0	0	0	0	0	0	0	0	0	0	0	0	0	0	0	0	0	0	0	0	0	0	0	0	0	0	0	0	0	0	0	0	0	0	0	0	0	0	0	0	0	0	0	0	0	0	0	0	0	0	0	0	0	0	0	0	0	0	0	0	0	0	0	0	0	0	0	0	0	0	0	0	0	0	0	0	0	0	0	0	0	0	0	0	0	0	0	0	0	0	0	0	0	0	0	0	0	0	0	0	0	0	0	0	0	0	0	0	0	0	0	0	0	0	0	0	0	0	0	0	0	0	0	0	0	0	0	0	0	0	0	0	0	0	0	0	0	0	0	0	0	0	0	0	0	0	0	0	0	0	0	0	0	0	0	0	0	0	0	0	0	0	0	0	0	0	0	0	0	0	0	0	0	0	0	0	0	0	0	0	0	0	0	0	0	0	0	0	0	0	0	0	0	0	0	0	0	0	0	0	0	0	0	0	0	0	0	0	0	0	0	0	0	0	0	0	0	0	0	0	0	0	0	0	0	0	0	0	0	0	0	0	0	0	0	0	0	0	0	0	0	0	0	0	0	0	0	0	0	0	0	0	0	0	0	0	0	0	0	0	0	0	0	0	0	0	0	0	0	0	0	0	0	0	0	0	0	0	0	0	0	0	0	0	0	0	0	0	0	0	0	0	0	0	0	0	0	0	0	0	0	0	0	0	0	0	0	0	0	0	0	0	0	0	0	0	0	0	0	0	0	0	0	0	0	0	0	0	0	0	0	0	0	0	0	0	0	0	0	0	0	0	0	0	0	0	0	0	0	0	0	0	0	0	0	0	0	0	0	0	0	0	0	0	0	0	0	0	0	0	0	0	0	0	0	0	0	0	0	0	0	0	0	0	0	0	0	0	0	0	0	0	0	0	0	0	0	0	0	0	0	0	0	0	0	0	0	0	0	0	0	0	0	0	0	0	0	0	0	0	0	0	0	0	0	0	0	0	0	0	0	0	0	0	0	0	0	0	0	0	0	0	0	0	0	0	0	0	0	0	0	0	0	0	0	0	0	0	0	0	0	0	0	0	0	0	0	0
A[Ins(C):R(9,)]G	0	0	0	0	0	0	0	0	0	0	0	0	0	0	0	0	0	0	0	0	0	0	0	0	0	0	0	0	0	0	0	0	0	0	0	0	0	0	0	0	0	0	0	0	0	0	0	0	0	0	0	0	0	0	0	0	0	0	0	0	0	0	0	0	0	0	0	0	0	0	0	0	0	0	0	0	0	0	0	0	0	0	0	0	0	0	0	0	0	0	0	0	0	0	0	0	0	0	0	0	0	0	0	0	0	0	0	0	0	0	0	0	0	0	0	0	0	0	0	0	0	0	0	0	0	0	0	0	0	0	0	0	0	0	0	0	0	0	0	0	0	0	0	0	0	0	0	0	0	0	0	0	0	0	0	0	0	0	0	0	0	0	0	0	0	0	0	0	0	0	0	0	0	0	0	0	0	0	0	0	0	0	0	0	0	0	0	0	0	0	0	0	0	0	0	0	0	0	0	0	0	0	0	0	0	0	0	0	0	0	0	0	0	0	0	0	0	0	0	0	0	0	0	0	0	0	0	0	0	0	0	0	0	0	0	0	0	0	0	0	0	0	0	0	0	0	0	0	0	0	0	0	0	0	0	0	0	0	0	0	0	0	0	0	0	0	0	0	0	0	0	0	0	0	0	0	0	0	0	0	0	0	0	0	0	0	0	0	0	0	0	0	0	0	0	0	0	0	0	0	0	0	0	0	0	0	0	0	0	0	0	0	0	0	0	0	0	0	0	0	0	0	0	0	0	0	0	0	0	0	0	0	0	0	0	0	0	0	0	0	0	0	0	0	0	0	0	0	0	0	0	0	0	0	0	0	0	0	0	0	0	0	0	0	0	0	0	0	0	0	0	0	0	0	0	0	0	0	0	0	0	0	0	0	0	0	0	0	0	0	0	0	0	0	0	0	0	0	0	0	0	0	0	0	0	0	0	0	0	0	0	0	0	0	0	0	0	0	0	0	0	0	0	0	0	0	0	0	0	0	0	0	0	0	0	0	0	0	0	0	0	0	0	0	0	0	0	0	0	0	0	0	0	0	0	0	0	0	0	0	0	0	0	0	0	0	0	0	0	0	0	0	0	0	0	0	0	0	0	0	0	0	0	0	0	0	0	0	0	0	0	0	0	0	0	0	0	0	0	0	0	0	0	0	0	0	0	0	0	0	0	0	0	0	0	0	0	0	0	0	0	0	0	0	0	0	0	0	0	0	0	0	0	0	0	0	0	0	0	0	0	0	0	0	0	0	0	0	0	0	0	0	0	0	0	0	0	0	0	0	0	0	0	0	0	0	0	0	0	0	0	0	0	0	0	0
A[Ins(C):R(9,)]T	0	0	0	0	0	0	0	0	0	0	0	0	0	0	0	0	0	0	0	0	0	0	0	0	0	0	0	0	0	0	0	0	0	0	0	0	0	0	0	0	0	0	0	0	0	0	0	0	0	0	0	0	0	0	0	0	0	0	0	0	0	0	0	0	0	0	0	0	0	0	0	0	0	0	0	0	0	0	0	0	0	0	0	0	0	0	0	0	0	0	0	0	0	0	0	0	0	0	0	0	0	0	0	0	0	0	0	0	0	0	0	0	0	0	0	0	0	0	0	0	0	0	0	0	0	0	0	0	0	0	0	0	0	0	0	0	0	0	0	0	0	0	0	0	0	0	0	0	0	0	0	0	0	0	0	0	0	0	0	0	0	0	0	0	0	0	0	0	0	0	0	0	0	0	0	0	0	0	0	0	0	0	0	0	0	0	0	0	0	0	0	0	0	0	0	0	0	0	0	0	0	0	0	0	0	0	0	0	0	0	0	0	0	0	0	0	0	0	0	0	0	0	0	0	0	0	0	0	0	0	0	0	0	0	0	0	0	0	0	0	0	0	0	0	0	0	0	0	0	0	0	0	0	0	0	0	0	0	0	0	0	0	0	0	0	0	0	0	0	0	0	0	0	0	0	0	0	0	0	0	0	0	0	0	0	0	0	0	0	0	0	0	0	0	0	0	0	0	0	0	0	0	0	0	0	0	0	0	0	0	0	0	0	0	0	0	0	0	0	0	0	0	0	0	0	0	0	0	0	0	0	0	0	0	0	0	0	0	0	0	0	0	0	0	0	0	0	0	0	0	0	0	0	0	0	0	0	0	0	0	0	0	0	0	0	0	0	0	0	0	0	0	0	0	0	0	0	0	0	0	0	0	0	0	0	0	0	0	0	0	0	0	0	0	0	0	0	0	0	0	0	0	0	0	0	0	0	0	0	0	0	0	0	0	0	0	0	0	0	0	0	0	0	0	0	0	0	0	0	0	0	0	0	0	0	0	0	0	0	0	0	0	0	0	0	0	0	0	0	0	0	0	0	0	0	0	0	0	0	0	0	0	0	0	0	0	0	0	0	0	0	0	0	0	0	0	0	0	0	0	0	0	0	0	0	0	0	0	0	0	0	0	0	0	0	0	0	0	0	0	0	0	0	0	0	0	0	0	0	0	0	0	0	0	0	0	0	0	0	0	0	0	0	0	0	0	0	0	0	0	0	0	0	0	0	0	0	0	0	0	0	0	0	0	0	0	0	0	0	0	0	0	0	0	0	0	0	0	0	0	0	0	0	0	0	0	0	0	0	0	0	0	0	0	0	0
G[Ins(C):R0]A	0	1	0	0	3	0	0	0	2	0	0	0	0	0	2	0	0	0	1	1	0	0	0	0	0	0	0	1	1	0	0	0	0	1	0	0	0	0	2	0	1	0	0	0	1	1	1	0	0	0	0	1	0	0	0	1	0	2	0	0	0	0	2	1	2	1	0	0	0	0	0	2	1	1	0	1	1	2	1	0	1	1	0	1	0	3	2	1	3	1	0	0	1	0	1	0	0	0	2	0	0	0	3	0	0	1	62	5	2	65	3	0	1	3	1	4	3	3	1	46	2	4	0	0	1	0	2	0	8	1	2	1	1	0	3	3	1	1	3	1	1	3	0	0	1	2	9	2	6	2	0	0	2	0	2	4	1	51	0	3	2	1	2	5	2	1	2	0	2	1	0	4	0	0	2	4	2	3	5	1	2	0	0	3	3	1	2	4	1	1	1	0	4	3	40	6	1	0	2	0	0	0	0	0	0	1	3	39	3	4	2	4	3	0	4	3	0	3	1	0	4	0	1	1	2	1	1	1	2	2	2	1	1	8	2	2	4	5	2	2	2	2	0	1	0	3	1	1	5	3	0	2	1	1	4	0	1	1	1	2	2	0	0	1	2	4	1	2	2	0	0	0	3	0	0	0	1	0	2	0	2	2	0	2	39	0	4	0	1	2	1	1	2	1	3	2	0	2	2	0	2	1	2	1	0	3	1	0	0	1	1	1	3	0	1	1	1	3	3	0	1	5	5	0	0	0	1	3	1	2	0	0	0	0	2	0	0	0	1	0	0	1	1	1	1	1	1	1	0	0	0	3	1	0	0	1	0	2	0	0	0	2	1	0	1	0	0	0	1	0	0	1	1	0	0	0	0	0	1	1	1	0	0	0	1	0	0	1	1	1	0	0	0	0	1	0	2	9	0	2	0	1	0	0	0	0	1	0	0	0	0	0	0	0	0	0	0	0	1	0	0	1	3	9	55	3	1	3	0	4	4	2	0	0	2	7	0	3	3	2	4	0	1	1	1	4	1	0	2	83	4	0	2	1	1	4	0	0	0	1	0	0	1	0	1	1	0	0	0	1	1	0	0	0	3	1	2	4	3	2	1	0	0	0	0	3	2	0	1	0	1	0	0	0	0	0	1	1	0	0	0	0	1	1	1	0	0	0	0	0	1	2	0	0	1	0	0	0	1	0	0	0	1	0	0	0	0	2	0	2	0	1	1	1	1	0	0	1	0	0	0	1	0	1	2	3	0	1	46	0	3	2	0	3	31	0	2	0	2	1	1	1	0	0	2	2	1	1	4	0	2	2	2	1	5	0
G[Ins(C):R0]G	1	1	0	0	2	0	0	0	2	1	2	1	0	0	4	1	0	0	1	0	0	0	0	0	1	0	1	2	0	1	0	2	0	0	0	0	0	0	0	0	1	1	1	1	2	0	1	0	2	0	0	0	0	1	0	0	2	0	3	0	0	0	2	2	1	0	0	1	0	0	1	2	1	0	0	2	1	1	0	1	0	0	0	0	0	4	1	0	3	1	1	3	4	0	1	3	1	0	0	1	0	0	1	0	0	0	5	1	6	1	1	0	0	0	0	0	2	1	1	4	0	0	0	1	3	1	0	0	1	0	0	0	0	0	0	0	0	0	1	0	0	0	0	1	2	0	2	2	0	2	0	0	0	0	2	1	0	3	2	2	0	2	0	5	1	2	0	1	0	0	0	1	0	0	0	0	0	1	2	0	0	2	1	0	2	2	1	4	0	0	1	0	1	1	0	0	0	0	0	0	0	2	0	1	0	0	0	0	0	1	1	0	0	0	0	1	0	0	1	1	2	2	1	0	1	3	0	0	0	2	0	0	1	0	0	1	0	5	0	1	0	1	1	0	0	2	1	0	1	0	0	2	2	2	1	0	0	0	0	0	2	1	0	0	0	0	1	3	0	0	0	1	2	1	1	1	2	3	2	0	0	1	0	0	2	3	0	1	1	4	1	0	1	1	0	5	0	0	0	0	0	0	2	1	1	1	3	0	0	0	0	0	2	1	0	0	1	4	1	0	0	3	0	1	0	0	0	0	2	1	0	0	1	2	3	0	2	0	0	1	0	3	1	0	11	3	2	1	2	0	0	2	1	3	4	0	0	0	0	1	0	0	0	0	0	0	1	0	1	0	0	1	1	4	0	2	0	1	0	1	1	3	0	3	1	2	0	2	2	0	1	1	0	0	1	0	1	8	0	0	0	5	1	0	0	0	1	1	1	0	0	1	0	0	0	0	0	0	2	1	1	2	0	1	0	2	0	1	2	5	0	0	0	0	0	0	1	0	1	0	0	0	1	3	1	0	0	1	0	0	7	2	0	1	0	0	3	4	0	0	0	1	5	0	3	1	0	3	1	4	2	1	0	1	0	2	1	2	1	6	2	0	2	0	0	1	1	0	1	4	0	1	2	1	0	2	2	1	1	0	1	0	1	3	1	0	0	0	0	0	0	0	3	0	0	2	1	0	3	0	0	0	5	0	0	1	1	0	0	1	0	3	1	1	0	0	0	5	0	0	2	0	0	0	0	0	0	0	2	0	3	1	1	1	0	0	0	0	10	0	0	2	0	2	1	0	3	0	0	2	2	1	0	0	0	0
G[Ins(C):R0]T	1	0	0	0	2	0	1	1	1	1	0	2	0	0	3	2	0	0	4	1	0	0	0	0	1	0	1	8	0	0	0	0	0	0	0	0	0	2	2	3	2	3	3	0	0	1	1	2	3	1	1	2	1	2	3	1	1	2	1	0	2	1	0	2	0	0	0	2	2	6	5	3	2	0	0	0	4	2	1	0	0	5	3	2	3	6	1	0	3	2	2	0	5	0	3	2	0	0	0	1	2	0	1	0	2	1	2	0	13	5	3	1	0	0	0	0	0	1	3	4	2	0	2	3	4	3	1	0	8	0	0	2	4	1	1	3	0	2	0	0	0	0	1	3	0	0	1	1	0	0	1	4	2	1	2	1	0	8	5	4	0	2	1	5	2	0	0	0	0	0	0	2	0	0	0	1	0	3	6	0	3	1	1	0	3	5	2	4	0	0	2	0	2	0	1	0	0	0	0	1	0	4	0	1	3	0	1	3	0	2	0	1	0	0	0	3	4	0	0	1	2	3	0	1	1	3	0	0	5	0	1	1	2	0	3	0	1	4	1	1	1	0	1	0	1	1	0	0	2	1	0	1	3	1	0	0	2	2	0	0	10	1	0	1	1	0	1	3	2	0	0	0	2	0	0	0	1	3	2	0	0	1	0	0	2	4	4	4	3	10	3	0	0	5	0	5	1	0	1	2	0	0	0	1	0	1	7	0	0	0	0	1	1	1	0	1	0	3	0	0	0	0	1	0	2	0	1	2	1	1	0	0	1	0	4	0	0	0	1	1	2	6	1	1	8	4	2	5	1	3	0	2	1	0	6	1	1	2	0	1	0	3	0	3	0	0	1	0	3	0	1	3	3	9	1	4	0	1	0	1	3	2	3	5	1	6	0	5	0	0	2	3	1	0	2	0	1	8	0	1	0	1	0	1	1	0	2	7	0	1	0	2	0	0	0	0	1	0	1	2	1	1	0	1	5	0	0	2	0	2	0	1	0	3	1	1	0	0	2	0	0	0	6	1	5	6	0	1	0	4	10	3	8	1	0	3	6	3	1	1	0	1	5	0	0	0	3	3	0	2	4	2	2	5	4	3	1	6	4	4	0	0	0	0	0	2	3	1	3	5	1	1	4	0	0	2	5	5	1	1	1	0	1	3	0	5	0	1	1	3	4	0	1	0	0	1	0	1	6	3	0	2	5	2	0	1	1	4	0	3	2	1	3	0	1	1	0	7	0	3	4	1	1	0	6	1	1	0	1	0	0	3	0	0	2	0	2	0	7	0	0	0	0	2	0	0	1	0	4	1	0	0	1	0	1	0
G[Ins(C):R1]A	0	0	0	0	4	0	0	0	1	2	0	6	0	0	1	2	0	0	2	1	1	0	0	0	1	0	0	3	1	1	0	4	0	0	0	0	0	1	0	2	2	0	1	0	3	0	1	0	1	0	1	0	0	2	0	0	2	0	0	1	0	0	0	2	0	1	0	1	0	1	2	2	0	2	0	4	2	1	0	0	0	0	4	0	0	2	2	0	2	2	1	0	4	1	5	0	1	1	2	0	1	1	2	0	1	1	21	1	9	11	4	1	0	0	2	0	1	2	1	15	0	1	0	2	1	0	3	0	3	2	2	0	1	0	0	3	0	2	0	0	0	2	1	2	0	2	1	0	0	1	1	1	1	0	3	2	2	20	2	2	0	0	1	2	0	2	1	2	2	0	0	0	1	0	0	0	0	1	1	1	1	2	1	0	2	3	1	3	0	0	4	0	2	1	7	2	1	0	0	1	0	3	0	0	2	0	0	8	0	0	0	2	2	2	0	4	2	3	0	1	5	2	0	1	1	6	0	0	2	1	0	0	1	2	3	1	0	5	0	2	2	2	1	0	0	1	1	0	0	4	0	0	1	2	1	1	4	1	0	0	2	0	0	1	1	2	1	1	1	0	1	1	1	0	1	0	1	1	1	0	1	0	3	0	3	1	2	0	6	3	0	0	0	4	3	2	2	0	3	1	1	1	2	1	1	1	2	0	1	0	1	3	0	1	0	0	0	2	2	0	2	2	0	0	1	0	0	1	1	1	0	2	1	2	2	0	1	0	0	2	1	3	1	2	5	1	1	1	0	0	1	1	0	2	1	0	0	2	1	3	0	0	0	1	0	1	1	3	4	0	0	0	1	4	1	1	0	0	4	2	0	1	3	1	3	0	0	5	1	0	1	2	0	1	1	0	1	9	0	0	0	2	0	1	1	1	2	1	1	0	0	0	0	1	1	0	0	0	0	1	0	1	0	9	10	3	0	0	1	6	1	1	0	1	1	0	0	0	2	0	0	0	2	5	0	1	0	1	1	18	5	1	1	0	0	1	1	0	0	1	0	1	1	0	3	1	0	0	0	1	0	1	2	2	2	0	2	1	2	3	0	0	0	0	0	1	1	0	1	3	0	0	1	0	0	0	1	2	0	0	0	1	2	1	0	2	0	0	0	1	0	1	0	0	0	0	2	2	0	0	1	1	3	0	0	0	1	2	0	0	0	3	1	1	0	0	2	1	0	2	3	0	0	0	5	2	0	0	3	0	0	2	0	1	2	3	1	1	6	0	0	0	0	0	1	0	1	3	1	0	3	3	0	0	1	3
G[Ins(C):R1]G	1	0	0	0	0	0	0	0	2	2	0	2	0	0	2	2	0	0	2	1	0	0	0	0	0	2	0	1	0	0	0	0	0	0	0	0	0	0	1	0	0	0	1	0	0	1	1	0	2	0	1	0	0	0	1	0	0	0	0	0	0	0	2	0	0	0	0	0	0	1	0	0	0	0	0	0	1	1	0	0	0	0	0	2	1	1	0	1	0	0	1	2	3	1	0	0	0	0	0	0	0	0	1	0	0	0	1	0	7	1	2	0	0	1	0	0	0	0	2	3	0	1	1	1	0	0	0	0	2	2	1	0	1	0	0	0	0	0	0	0	0	0	0	2	0	0	1	0	0	1	0	1	0	0	0	2	1	1	0	0	0	0	0	2	0	0	0	0	0	0	0	0	0	1	0	0	0	0	2	0	1	0	0	0	2	0	1	2	0	0	0	1	0	0	1	0	0	1	0	0	0	1	0	0	0	0	0	1	0	1	1	0	0	1	1	1	0	0	0	0	0	1	0	0	2	0	0	0	2	1	0	0	1	0	0	3	0	6	0	0	0	0	0	0	0	1	0	0	1	0	0	0	0	0	0	0	2	0	0	0	3	0	0	0	0	1	3	0	0	0	0	0	1	0	0	1	0	1	1	0	1	1	0	0	1	1	0	1	1	5	0	0	2	4	0	2	0	0	0	0	0	0	1	0	0	0	1	0	1	0	0	0	1	0	0	0	0	2	2	0	1	1	0	0	1	0	1	0	2	0	0	0	1	4	2	2	0	0	0	0	0	1	1	0	5	0	0	0	0	0	0	2	0	0	2	0	0	2	0	3	0	1	0	0	0	0	1	0	0	0	0	2	2	2	1	0	1	0	1	1	0	0	0	0	1	0	1	1	1	1	2	0	0	0	0	0	0	2	0	0	2	0	0	0	0	0	0	1	0	0	0	0	0	0	0	0	0	0	2	0	0	1	0	0	1	2	0	0	0	1	0	1	0	1	1	0	0	0	0	1	0	0	1	0	1	0	0	0	0	1	1	0	1	1	1	1	2	1	0	0	0	0	0	0	0	0	0	1	0	3	2	1	0	2	0	0	0	2	0	2	4	0	0	1	0	2	0	0	2	1	1	0	0	0	0	0	0	2	0	0	0	0	0	0	0	3	0	0	1	0	0	0	2	0	0	0	0	0	1	1	0	0	1	0	0	0	0	0	0	0	3	0	1	0	1	0	0	2	0	0	0	0	0	0	1	0	1	0	1	0	0	1	0	0	1	0	2	1	1	0	0	0	0	1	0	0	0	0	2	0	0	0	0	0	0	1
G[Ins(C):R1]T	0	0	0	0	2	0	1	1	1	3	0	2	0	0	3	0	0	0	3	2	0	1	0	0	0	0	2	3	0	0	0	3	0	0	1	1	0	0	0	0	1	0	1	0	1	0	1	0	1	0	0	1	1	1	0	0	0	1	1	0	2	1	0	0	0	0	0	1	1	1	1	0	4	0	1	1	0	2	0	1	0	0	2	2	2	3	3	1	4	0	0	1	4	0	1	0	0	0	0	2	0	0	1	1	0	0	6	0	14	7	0	0	0	2	1	0	0	1	1	2	0	0	1	2	0	0	1	0	3	1	0	0	0	0	1	1	0	0	0	1	0	0	0	1	1	0	1	0	0	1	0	3	0	1	0	0	1	5	0	3	1	0	1	4	0	0	1	2	0	1	0	0	2	1	0	1	0	0	4	1	0	1	2	0	1	3	1	2	0	0	1	0	0	0	4	1	1	0	0	0	0	1	0	1	0	1	2	2	0	2	0	0	0	0	1	1	0	0	0	0	2	2	0	0	1	4	0	0	1	0	1	1	2	0	1	0	1	7	0	0	0	1	1	0	2	3	0	0	0	0	0	1	2	0	0	0	2	0	0	0	6	0	1	0	1	0	0	1	0	1	0	0	0	0	0	1	1	1	3	0	1	0	0	0	4	1	1	0	2	4	1	1	1	2	2	3	0	1	1	0	0	1	0	2	0	0	2	0	1	1	1	0	1	0	0	1	0	3	4	0	0	3	0	0	1	0	0	0	4	0	0	0	2	4	2	1	2	0	2	1	0	2	0	2	7	0	2	0	0	2	0	2	1	1	0	0	1	3	0	1	1	0	0	1	0	0	0	2	1	0	1	1	0	3	1	2	0	1	2	0	1	0	0	0	2	3	0	2	0	1	2	0	0	1	1	0	1	8	0	0	0	1	0	2	0	0	3	4	1	0	0	0	0	1	0	0	1	1	2	0	0	1	1	0	8	1	0	1	0	1	1	1	1	1	0	0	1	0	0	0	0	0	5	0	1	4	0	0	0	7	4	2	1	2	2	2	0	2	0	0	0	0	1	0	3	0	0	1	0	0	3	0	0	0	1	2	1	1	0	3	4	1	0	1	0	2	4	0	2	1	0	1	0	0	0	3	1	1	1	0	0	0	3	2	1	1	0	2	0	1	1	3	0	0	1	1	2	0	3	1	0	1	3	0	0	1	1	1	0	0	1	4	1	0	1	0	0	4	1	1	2	1	0	0	0	1	0	0	2	1	2	1	0	1	2	1	1	1	6	0	0	0	0	4	0	0	2	0	3	0	1	0	0	0	0	0
G[Ins(C):R2]A	0	1	0	0	1	0	1	1	1	1	1	0	1	1	0	3	1	0	1	0	0	1	0	0	0	0	0	2	0	0	0	2	0	0	0	0	0	0	1	1	0	0	1	0	1	2	0	0	1	1	0	1	0	2	1	1	1	1	2	1	0	2	1	0	0	1	0	0	0	1	0	1	1	0	0	0	0	0	0	0	0	2	0	1	0	1	1	1	0	0	1	0	6	0	1	0	0	0	2	0	0	0	3	2	0	2	3	0	3	3	4	0	1	0	0	0	2	0	0	2	0	0	1	1	0	0	1	0	2	3	1	0	1	2	0	0	0	1	0	0	1	0	0	1	1	0	1	0	0	0	0	2	0	0	2	0	1	6	0	0	0	1	1	1	0	1	0	1	1	0	0	0	1	1	1	0	0	0	3	0	2	1	0	1	1	2	2	9	0	0	1	0	0	0	2	1	0	0	0	2	0	1	0	0	0	0	0	2	1	0	1	0	0	1	0	1	0	0	1	0	3	1	2	0	0	3	0	0	0	1	0	0	0	2	0	3	0	3	0	0	0	1	1	0	0	1	0	0	1	2	0	0	3	0	2	0	1	0	0	0	6	0	0	0	0	1	0	0	0	0	1	0	2	1	0	0	1	0	1	0	0	0	0	1	0	1	1	0	1	2	2	1	0	0	2	3	0	1	0	0	0	0	1	1	1	0	0	0	0	0	0	0	1	1	0	1	1	3	3	0	0	4	0	0	1	0	0	0	1	1	0	0	0	0	1	1	1	0	1	0	0	1	3	0	5	0	2	1	2	0	1	3	0	1	1	0	0	1	0	0	0	0	0	0	0	0	0	1	1	0	0	2	0	4	0	1	0	4	0	0	0	3	0	1	3	0	1	5	1	1	1	2	0	0	1	0	2	6	0	0	1	2	0	1	0	0	0	1	0	0	0	2	1	0	0	1	0	1	0	0	0	2	1	1	1	2	0	0	0	3	0	0	1	0	1	1	0	0	2	0	0	0	2	0	0	2	2	3	0	1	3	0	1	1	0	0	2	3	1	1	0	1	1	0	3	0	0	1	0	1	3	1	3	1	1	2	0	1	1	2	4	0	0	1	1	1	4	0	0	3	1	0	0	1	1	1	2	3	0	0	0	1	1	2	0	1	0	1	1	0	2	1	1	0	1	0	1	0	0	2	0	0	2	0	0	1	1	0	0	2	0	0	1	0	1	0	0	2	1	0	0	0	0	0	1	1	0	1	1	0	0	1	0	0	2	0	0	0	2	2	0	0	0	0	0	0	1	0	2	0	1	0	0	0	1	0
G[Ins(C):R2]G	0	0	0	0	1	0	0	0	1	1	0	1	0	0	1	0	0	0	3	0	0	0	0	0	1	0	0	2	0	0	0	0	0	0	0	0	0	0	0	0	0	1	2	0	1	2	0	0	2	0	0	0	0	0	1	0	1	1	0	1	0	1	1	2	2	1	0	0	3	0	1	1	0	0	0	0	0	1	0	0	0	1	0	1	0	3	1	2	1	0	0	0	2	0	0	0	0	0	0	0	0	0	4	0	0	1	3	0	6	0	1	1	0	0	0	0	0	0	0	0	0	0	0	1	0	0	1	1	2	1	0	0	1	0	0	0	0	1	0	0	0	0	1	0	0	1	0	0	0	0	0	3	0	1	0	0	0	0	0	0	0	0	0	0	0	1	0	0	0	0	0	0	0	0	0	0	0	0	1	0	0	0	0	0	1	1	1	5	0	0	2	0	0	0	0	0	0	0	0	0	0	0	0	0	0	0	0	0	0	1	0	0	0	0	0	1	1	0	2	1	2	0	1	0	0	2	0	0	2	0	0	2	0	0	1	1	0	7	0	1	0	0	0	0	1	1	0	0	0	0	0	0	0	1	0	0	0	0	0	0	0	1	0	0	0	0	1	1	0	0	0	0	0	1	0	0	0	1	1	0	0	0	0	0	1	1	1	1	0	3	0	0	0	4	0	1	0	0	0	0	0	0	2	0	0	0	1	0	0	0	0	0	2	0	0	1	0	4	1	0	1	1	1	0	0	0	2	0	1	0	0	0	1	2	1	0	2	0	0	0	0	0	0	0	9	0	1	0	0	0	0	4	0	1	1	0	0	2	0	0	0	2	0	0	0	0	0	1	2	0	1	0	0	3	1	0	0	0	1	0	1	2	0	0	4	2	0	4	0	0	1	2	0	0	0	0	1	2	0	0	1	2	0	0	0	0	0	1	0	0	0	0	0	0	1	0	0	0	1	0	0	0	0	0	1	0	0	0	0	3	0	0	0	0	1	1	0	0	1	2	0	0	2	1	0	2	0	1	1	2	3	0	1	3	0	2	1	0	0	1	0	3	1	0	2	0	1	1	0	2	1	0	0	0	2	0	0	2	1	3	0	0	0	0	0	2	1	0	0	4	0	0	0	0	0	0	0	1	0	0	0	1	0	1	1	0	0	0	0	0	1	1	1	0	0	1	2	0	1	0	0	0	2	0	0	1	0	2	0	2	0	1	1	0	0	0	0	3	0	1	1	0	0	0	1	0	0	0	1	0	0	2	0	0	0	0	0	0	3	0	0	0	0	1	2	1	1	0	5	0	0	0	0	0	0	0
G[Ins(C):R2]T	1	1	0	0	5	0	2	1	0	2	0	1	0	0	2	1	0	0	1	1	0	1	0	0	1	0	1	3	0	0	0	0	0	0	1	0	1	1	1	0	0	0	1	1	1	0	1	0	2	1	1	1	0	0	0	0	0	0	1	1	0	0	2	0	0	0	1	0	1	0	1	1	1	0	0	1	1	1	1	0	0	1	1	0	1	2	1	2	3	1	0	2	3	1	0	0	0	0	0	1	0	0	3	0	0	1	3	0	6	0	2	2	0	0	0	3	1	0	0	2	0	0	0	0	0	1	0	0	1	0	0	0	1	0	0	0	0	0	1	0	0	1	0	1	0	1	0	0	0	1	0	3	0	0	1	0	0	2	0	1	1	0	0	2	0	1	0	3	0	0	0	1	0	0	0	0	0	0	3	0	1	1	1	0	0	1	0	2	0	0	0	1	2	0	1	0	0	0	1	0	1	0	0	0	0	0	1	1	0	2	2	0	1	1	2	0	0	1	0	0	3	1	0	0	0	0	0	0	0	3	1	0	0	0	0	1	1	4	0	0	0	1	0	0	0	1	0	0	1	0	1	0	1	1	0	0	1	0	0	1	2	0	0	0	0	2	0	2	2	1	0	0	1	1	0	0	0	1	3	1	0	0	0	0	0	0	3	3	1	3	0	0	0	2	1	3	0	0	2	0	0	0	0	0	0	1	2	1	0	0	0	0	0	0	0	0	0	0	0	0	0	3	0	1	1	1	0	3	2	1	0	0	0	4	3	0	1	0	0	0	0	1	1	0	9	0	2	1	2	1	0	0	0	1	3	0	1	0	0	1	0	0	1	1	0	0	1	0	0	0	0	0	1	5	0	1	0	0	2	0	1	2	0	2	2	1	0	2	0	1	0	3	1	0	1	0	1	9	0	0	0	1	0	0	0	0	0	2	1	0	0	2	0	0	0	0	0	1	1	0	1	0	0	0	1	2	0	1	0	3	0	0	0	0	0	0	1	1	1	0	0	0	4	1	4	1	2	0	0	0	1	1	2	1	1	0	0	0	0	0	0	1	2	0	1	1	2	0	1	3	0	1	0	0	1	0	1	4	1	1	2	0	1	0	3	5	3	0	0	4	0	0	1	0	1	0	3	1	0	1	0	2	0	0	0	0	1	4	0	0	0	0	5	0	1	1	0	0	0	1	0	2	1	1	0	1	0	1	0	0	2	2	1	1	0	0	0	2	0	2	1	0	0	0	2	2	0	0	0	1	0	1	0	0	0	0	1	1	7	0	0	1	0	1	0	0	2	0	2	0	0	0	0	0	0	0
G[Ins(C):R3]A	1	0	0	0	4	0	0	0	2	0	0	1	0	0	4	3	2	0	1	0	0	0	0	0	1	0	0	0	0	0	0	0	0	0	1	0	0	0	0	1	1	0	6	0	1	1	0	0	2	1	3	1	0	3	1	0	2	2	1	0	0	0	0	1	0	0	0	0	2	1	1	2	1	1	0	1	0	6	0	2	1	0	1	0	0	6	1	1	2	1	0	2	3	0	1	1	0	0	0	0	0	0	2	0	0	0	2	0	9	0	3	0	0	0	1	0	1	1	0	2	1	0	2	1	1	0	3	0	3	4	0	0	0	0	0	1	0	0	0	0	0	0	0	0	0	1	0	1	1	2	0	2	0	0	0	1	0	2	0	0	0	0	0	6	0	3	0	0	0	0	2	5	0	2	0	0	0	0	3	0	0	1	0	0	3	1	0	4	0	0	2	1	0	1	0	0	0	0	0	2	0	0	1	0	1	1	1	0	0	1	1	0	0	0	0	6	1	0	1	0	2	1	1	0	0	1	0	0	1	3	1	0	1	0	0	1	0	5	0	0	1	1	1	0	0	0	0	0	0	0	2	0	0	0	0	0	2	0	0	0	2	1	0	0	1	0	1	1	1	0	0	0	0	1	0	2	2	1	3	0	0	0	1	0	1	2	0	0	0	2	0	0	0	2	2	4	1	0	0	0	0	1	2	1	0	0	2	0	0	0	0	0	3	0	0	0	1	0	3	0	0	2	0	0	1	0	1	3	0	0	0	0	5	5	3	0	1	0	0	0	0	1	0	1	8	1	4	1	1	0	0	2	0	2	4	0	0	1	0	1	0	0	0	2	1	0	1	2	2	0	1	2	1	8	1	2	0	0	3	0	1	2	0	2	0	0	0	3	1	0	4	4	0	0	2	0	0	14	0	1	0	1	0	0	1	0	0	1	2	0	0	0	0	0	0	0	0	0	0	0	0	1	0	0	0	1	0	3	2	5	0	0	3	2	0	0	0	0	0	1	0	0	1	0	0	1	0	3	1	1	4	0	4	1	1	0	1	2	0	0	0	2	2	1	1	2	0	0	0	0	0	0	1	1	2	1	1	2	1	4	5	0	0	2	0	0	1	0	1	0	0	1	0	0	0	0	3	2	0	0	0	0	1	0	0	1	0	1	1	0	0	1	2	0	0	0	1	0	0	0	0	0	1	0	0	2	0	2	0	2	1	0	1	0	1	0	0	5	0	0	0	0	0	0	1	0	1	0	2	0	4	4	0	0	0	0	3	0	13	1	0	0	0	2	1	0	1	0	2	1	0	0	2	0	1	0
G[Ins(C):R3]G	0	2	0	0	1	1	0	0	2	1	0	2	0	0	3	1	1	0	1	1	0	0	0	0	0	1	2	4	0	0	1	0	0	0	0	0	0	0	0	0	0	1	0	1	0	1	0	0	1	0	0	1	0	0	1	2	0	1	0	0	0	1	3	0	0	0	0	1	1	0	0	0	1	0	0	2	1	1	0	0	0	1	2	1	0	0	0	3	5	0	0	0	6	0	0	2	0	0	0	0	0	0	3	1	0	0	2	0	5	0	1	0	1	0	0	0	1	0	2	3	0	0	1	2	1	0	0	0	2	1	0	0	1	0	0	0	0	2	0	0	0	0	0	2	0	0	0	0	0	1	0	5	0	0	0	1	0	1	1	3	0	0	0	4	0	0	0	1	0	0	0	1	0	1	0	0	0	2	2	0	1	0	0	0	0	0	2	3	0	0	0	1	0	0	0	0	0	0	0	3	0	0	0	0	2	0	0	0	0	2	0	0	0	0	0	1	0	0	0	0	2	1	0	0	1	1	0	0	0	1	0	0	0	0	0	0	0	7	0	0	1	1	0	0	0	1	0	1	2	0	1	0	1	0	0	0	1	0	0	0	5	0	0	0	0	1	1	3	1	0	0	0	1	0	0	0	1	0	2	0	1	0	1	0	1	2	3	2	3	3	0	0	0	3	0	4	0	0	1	1	0	0	0	1	0	0	2	0	0	0	0	0	2	0	0	0	2	5	0	0	0	0	0	1	0	0	0	0	1	0	0	0	1	0	2	0	3	0	0	0	0	0	0	0	12	1	1	0	2	0	0	2	0	0	1	0	0	0	0	0	1	0	0	1	0	0	0	0	0	0	0	0	2	2	1	2	1	0	0	2	1	1	0	1	0	0	0	4	0	1	2	2	0	0	1	0	1	21	1	0	0	0	0	1	0	0	0	1	0	0	1	0	0	0	0	0	0	0	0	0	1	0	0	0	0	2	0	1	0	2	0	0	0	2	0	0	0	0	2	0	0	0	1	0	0	2	0	1	0	1	4	0	2	1	1	1	0	1	0	2	0	1	1	0	2	3	1	0	0	0	2	1	0	2	2	1	2	1	0	2	6	0	0	1	0	0	2	0	3	2	0	0	0	0	0	1	2	1	0	0	0	0	0	1	0	0	1	3	2	1	1	0	1	0	0	0	0	2	0	0	0	1	1	0	0	0	0	2	0	0	1	2	0	0	1	0	0	4	0	1	2	0	0	0	0	1	0	0	1	0	3	2	1	1	0	1	0	0	5	0	0	0	0	1	0	0	2	0	1	0	0	0	0	0	0	0
G[Ins(C):R3]T	0	0	0	1	2	0	2	1	1	0	1	0	0	0	1	1	0	0	2	0	0	0	0	0	1	0	0	1	0	0	0	1	0	0	1	0	0	0	3	1	0	1	3	0	1	0	0	0	0	0	1	0	2	0	0	0	0	0	0	0	0	0	1	0	1	0	0	1	1	0	2	0	1	1	0	2	2	1	2	0	0	0	0	0	0	2	0	2	5	0	0	0	4	1	0	1	0	0	0	0	0	0	2	2	1	1	2	0	10	0	3	0	0	0	0	0	1	0	1	1	0	0	1	0	1	0	0	0	1	0	0	0	0	1	1	1	0	0	0	0	1	0	0	0	0	0	0	0	0	1	0	2	0	0	0	1	0	2	0	0	0	0	0	3	0	0	0	0	0	1	1	2	0	0	1	0	0	0	2	0	1	3	1	0	0	2	0	3	0	0	2	0	0	0	1	0	0	1	0	0	0	0	0	0	2	0	0	1	0	0	3	0	0	0	0	1	1	0	1	0	2	1	0	0	0	1	0	0	0	0	0	0	0	0	0	0	0	3	0	0	0	2	0	0	0	0	0	1	0	0	0	0	3	0	0	0	1	0	0	0	4	0	0	0	0	0	0	1	0	0	0	0	1	0	0	0	0	0	2	1	0	2	0	0	0	2	0	1	0	1	4	0	0	2	1	1	1	0	0	0	0	0	0	1	0	0	1	0	1	0	0	0	1	0	1	1	0	2	1	0	0	1	0	0	0	0	2	2	3	1	0	0	2	0	5	0	3	0	0	0	0	0	0	0	5	2	3	1	2	3	0	2	1	0	2	0	0	2	0	0	0	0	0	0	0	0	1	0	3	0	2	0	1	5	1	1	0	1	0	0	1	4	1	1	2	1	0	2	0	0	2	3	1	0	0	0	3	24	0	0	0	0	0	1	0	0	0	0	0	0	0	0	0	0	0	0	1	0	1	0	0	0	1	0	1	0	0	0	2	2	0	0	0	1	0	0	0	0	3	0	0	0	0	2	3	1	1	0	0	0	5	0	2	0	1	2	1	1	0	0	0	0	3	0	3	0	0	0	0	0	2	0	1	2	0	0	0	1	2	2	1	0	0	1	1	0	0	0	1	2	1	0	0	0	0	0	3	1	0	0	0	1	0	1	0	0	0	0	0	0	0	2	2	0	1	0	0	0	1	0	0	0	0	0	0	1	0	0	1	1	0	1	0	0	0	0	0	1	0	1	0	0	0	0	1	0	0	0	2	0	0	1	0	0	0	0	1	0	3	0	0	1	0	0	0	0	0	0	0	1	0	0	1	0	3	0
G[Ins(C):R4]A	0	0	1	0	2	0	0	1	5	1	0	1	0	0	2	3	0	0	1	0	0	0	0	0	0	0	1	3	0	1	1	0	0	0	0	0	1	0	0	0	0	0	3	0	3	1	0	0	2	1	0	0	1	1	0	0	1	3	1	0	0	1	1	0	2	0	0	1	0	0	3	0	3	0	1	1	3	0	0	2	0	1	1	3	0	1	0	1	20	1	0	0	3	1	1	1	0	0	0	0	0	0	2	2	2	3	5	1	10	0	4	0	1	0	0	0	3	0	1	1	2	0	0	2	0	2	0	0	3	2	1	1	1	0	0	2	0	0	0	0	0	0	0	0	0	0	1	0	0	17	0	3	0	0	0	1	0	0	2	1	0	2	0	3	1	1	0	0	0	0	0	2	0	0	0	0	0	0	1	0	0	1	1	0	0	1	1	7	1	0	4	0	0	0	1	0	0	0	0	1	0	0	0	2	0	0	0	0	0	1	5	0	1	1	0	0	0	0	1	0	2	0	1	0	0	1	0	0	1	1	0	0	1	1	0	0	0	9	0	1	0	7	0	0	0	1	0	0	1	1	0	0	1	1	0	0	1	0	0	1	3	0	0	0	0	0	0	1	1	1	1	0	1	0	0	0	2	1	5	0	0	1	0	0	1	1	1	0	1	5	1	0	0	1	1	3	0	0	1	0	0	0	1	0	1	0	0	0	0	0	1	0	0	1	0	1	1	2	1	0	0	0	1	0	2	0	0	3	2	0	0	0	2	2	4	1	0	1	0	0	0	4	0	0	9	0	3	2	0	0	1	1	0	2	1	1	1	2	1	0	0	1	0	1	1	0	0	1	4	1	2	3	2	2	0	2	0	0	2	3	2	1	1	0	3	2	0	4	0	0	1	2	1	0	4	1	2	25	1	0	2	2	2	0	0	0	0	1	1	0	0	1	0	0	0	0	0	1	0	2	0	0	0	0	0	2	0	4	1	4	0	0	0	1	0	0	0	1	0	0	0	0	1	1	1	1	0	0	0	0	7	1	3	0	3	1	2	2	0	0	0	1	0	0	2	1	1	0	0	1	4	0	2	1	1	1	1	0	0	2	0	1	0	0	0	0	5	0	1	1	0	1	1	0	0	0	1	1	1	0	0	0	1	1	0	0	0	1	2	1	1	0	0	1	0	0	2	1	2	4	0	1	2	1	3	2	0	1	0	2	1	2	1	0	1	0	1	5	1	1	2	0	0	0	3	1	0	0	0	0	1	2	2	0	0	0	1	0	7	0	0	1	0	0	0	1	0	0	2	0	0	0	0	0	2	0
G[Ins(C):R4]G	0	0	0	0	0	0	0	0	0	2	0	0	0	0	0	0	0	0	0	0	0	0	0	0	1	0	0	3	0	0	0	1	0	0	0	0	0	1	0	0	1	1	0	1	0	0	0	0	0	1	0	0	0	1	0	0	0	0	0	0	0	0	2	0	0	1	0	0	0	1	1	0	0	0	0	1	0	1	1	0	0	1	0	0	0	1	1	0	2	0	1	1	2	0	0	0	0	0	0	0	0	0	0	0	0	0	2	0	1	0	3	0	0	0	2	1	0	0	0	0	0	0	2	0	0	0	0	0	2	0	0	0	0	0	0	1	0	1	0	1	0	0	0	1	0	0	0	0	0	0	0	1	0	0	0	0	0	0	1	2	0	0	0	0	2	1	0	0	0	0	0	0	1	0	0	0	0	0	0	0	1	0	1	0	0	0	1	3	0	0	1	0	0	0	0	1	1	0	1	1	0	1	0	0	0	0	1	2	0	1	1	1	0	0	0	2	0	0	0	0	0	0	0	1	0	0	1	0	1	1	0	0	0	0	0	0	0	0	0	1	0	0	0	0	0	0	0	0	1	0	1	0	1	0	0	0	0	0	0	0	3	0	0	0	0	0	1	0	0	0	0	0	0	0	0	0	1	3	1	0	0	0	1	0	1	2	0	2	1	1	2	0	0	2	0	1	0	0	0	2	0	0	0	1	0	0	2	0	0	0	0	0	0	0	0	0	0	1	0	0	0	0	0	0	0	0	0	1	0	0	0	0	1	1	3	0	2	0	0	0	0	0	0	0	1	0	3	0	0	0	0	3	0	0	0	0	0	0	0	1	0	1	0	0	0	0	0	0	1	1	0	0	0	0	0	0	0	1	1	0	1	1	1	0	0	0	0	2	0	0	0	2	0	0	0	2	1	12	0	0	0	0	0	0	0	0	0	0	0	0	0	0	0	1	0	0	2	0	2	1	1	0	0	2	0	1	0	0	0	0	0	1	0	0	0	0	0	0	0	0	0	0	3	0	0	0	0	0	1	2	0	0	0	0	0	0	1	1	0	0	0	1	0	0	0	0	1	1	0	0	0	0	0	1	0	0	0	1	0	1	1	0	0	0	0	0	1	0	1	2	1	0	0	0	0	0	1	0	0	2	0	0	0	0	0	1	0	0	0	0	0	0	0	0	0	1	0	0	1	0	0	0	1	0	0	0	0	0	0	0	0	0	1	0	0	0	0	0	0	0	1	1	1	0	0	0	0	0	0	0	0	0	1	0	0	0	0	0	2	0	0	0	1	3	0	1	1	0	1	1	0	0	1	0	0	0
G[Ins(C):R4]T	1	2	0	0	1	0	0	0	0	3	0	0	0	0	4	2	0	0	1	2	0	0	0	0	0	0	1	4	0	1	0	1	0	0	0	0	0	1	1	0	1	2	2	0	1	1	0	0	0	0	0	2	0	0	1	0	0	1	0	1	1	0	2	1	1	0	0	2	0	1	2	0	2	0	1	2	1	0	0	0	1	0	1	1	0	1	1	0	13	0	0	0	3	0	0	1	1	0	0	0	0	0	2	0	2	0	2	0	2	0	0	0	0	0	0	0	0	0	0	1	1	0	0	0	2	0	0	0	3	0	0	0	0	1	0	0	0	0	0	0	0	0	0	0	0	0	0	0	0	6	1	4	1	0	0	1	0	1	3	1	0	0	0	5	0	0	0	3	0	0	0	1	0	1	0	0	1	2	2	0	1	0	1	0	0	2	0	4	0	0	0	0	0	0	0	0	0	0	0	0	1	1	0	0	0	0	0	0	0	1	3	0	1	1	0	2	0	0	0	0	3	0	0	0	0	0	0	0	1	2	0	0	0	0	0	0	0	2	0	0	1	8	0	0	0	0	0	0	0	1	1	0	1	0	1	0	1	1	0	1	0	0	0	0	0	0	1	1	1	0	0	0	1	0	0	0	2	1	4	0	0	0	1	0	2	3	1	0	1	1	2	0	0	4	2	4	0	0	0	0	0	0	0	0	0	0	2	0	0	0	0	2	0	0	0	0	0	0	0	0	0	0	0	1	1	0	1	1	1	1	0	0	0	1	1	0	1	0	0	3	0	1	0	0	4	1	2	1	0	0	0	2	1	0	0	0	0	2	0	0	0	1	0	1	0	0	0	0	0	0	1	0	1	3	0	1	0	0	0	1	0	1	0	1	1	2	0	0	0	0	0	3	0	0	2	0	0	27	1	1	0	2	0	0	0	0	0	0	1	0	1	0	0	0	1	0	0	0	1	2	1	0	0	0	0	0	0	0	1	1	0	0	0	1	1	0	0	0	0	0	0	0	1	1	1	0	0	0	0	1	6	0	2	0	0	1	2	2	0	0	0	2	0	0	2	1	0	0	0	1	2	0	0	1	0	0	1	1	1	0	4	1	0	0	0	1	4	0	1	0	0	0	0	0	0	1	2	0	0	0	0	1	0	0	0	1	2	0	2	1	0	0	0	1	0	2	0	0	2	1	1	0	1	0	0	0	1	0	0	2	0	0	0	0	1	0	0	2	0	0	0	0	0	0	0	1	0	0	0	0	1	2	1	0	0	0	1	0	4	0	0	0	0	0	2	0	0	0	2	1	0	0	0	0	0	0
G[Ins(C):R5]A	1	1	1	1	4	0	1	0	2	0	0	2	0	0	3	2	0	0	3	0	0	0	0	0	0	0	0	6	1	0	0	1	0	0	1	0	0	1	2	1	1	3	1	0	2	0	0	0	3	0	0	0	0	0	1	1	1	1	3	3	0	0	0	0	1	1	0	0	2	0	2	3	2	2	1	1	1	1	1	0	1	3	0	0	0	1	0	1	12	1	0	2	7	0	0	2	1	1	1	0	2	0	3	0	0	3	3	0	8	1	2	1	0	0	0	0	1	0	0	1	0	0	0	5	0	1	1	0	2	0	0	1	0	0	0	0	0	0	0	0	0	0	0	1	1	0	2	1	0	13	0	2	0	0	1	0	0	0	4	3	0	2	2	4	1	4	0	0	0	1	0	0	0	1	1	0	0	0	5	0	2	1	3	0	1	1	0	5	0	0	1	0	0	0	0	0	0	0	0	1	0	2	0	2	1	0	0	1	0	0	12	0	1	0	0	1	1	0	0	0	1	0	0	1	0	0	1	0	0	0	0	0	0	0	1	1	0	0	0	0	0	5	1	0	0	2	0	0	0	0	2	0	1	2	1	0	0	0	0	0	1	1	0	0	0	0	1	2	2	0	0	0	0	0	0	3	1	1	3	0	0	1	0	0	0	4	2	2	0	2	0	1	0	3	5	3	0	0	1	1	0	0	1	0	0	0	1	0	0	0	0	0	0	0	0	0	1	5	3	0	0	1	0	1	1	0	0	4	1	0	0	0	1	2	4	0	4	0	0	0	0	1	0	1	6	0	1	1	0	2	0	1	1	0	0	2	0	5	0	0	0	0	1	0	1	0	0	1	1	0	1	3	1	7	0	0	0	1	3	1	1	1	0	0	2	0	1	4	2	1	2	3	0	1	2	0	2	25	2	1	1	1	2	0	1	0	1	1	1	0	0	1	0	0	0	0	1	0	1	0	0	0	0	1	2	0	0	0	1	0	0	3	0	1	2	0	0	0	1	1	0	0	4	1	2	1	1	0	1	0	4	1	1	1	2	1	2	4	0	0	0	0	1	0	2	1	1	0	0	1	1	1	2	1	2	0	0	2	1	2	1	0	0	1	0	1	1	0	2	6	0	0	0	0	1	0	1	1	1	0	0	0	1	0	0	3	0	2	0	0	3	0	2	0	1	1	2	2	1	1	0	1	3	0	1	0	1	2	0	2	1	0	0	0	0	0	0	2	0	1	2	0	0	0	0	3	0	0	0	0	0	2	0	1	0	0	1	0	5	0	0	0	0	1	0	0	2	0	1	0	0	0	0	1	1	1
G[Ins(C):R5]G	0	0	0	0	0	0	0	0	0	0	1	1	0	0	0	0	0	0	0	0	0	0	0	0	0	0	1	1	0	0	0	1	0	0	0	0	0	0	0	0	0	0	0	0	0	0	0	0	0	0	0	0	1	0	0	0	1	1	0	1	0	0	0	0	0	1	0	0	0	0	1	1	0	0	0	1	0	0	0	0	0	2	0	0	0	2	1	0	4	0	1	0	4	0	0	1	0	0	0	0	0	0	0	1	0	0	4	0	0	1	1	0	0	0	0	0	0	0	0	1	0	0	0	2	0	0	2	0	0	0	0	0	0	0	0	0	0	0	0	0	0	0	0	0	0	0	0	0	0	2	0	2	1	0	1	1	0	0	0	0	0	1	0	2	0	1	0	0	0	2	0	0	0	0	0	0	0	0	1	0	0	1	0	0	1	0	0	1	0	0	0	0	0	0	0	0	1	0	0	1	0	0	0	0	0	0	0	0	0	0	0	0	0	0	1	0	0	0	0	0	0	0	0	0	0	0	0	0	1	1	0	0	0	0	0	1	0	3	1	0	0	1	0	0	0	0	0	0	0	0	0	0	0	0	0	0	0	0	0	0	2	0	0	0	0	0	0	0	1	0	0	0	0	0	0	0	0	0	2	0	0	0	0	0	0	0	0	0	1	3	1	0	0	2	2	2	0	0	0	0	0	0	0	0	0	0	0	0	1	0	0	0	1	1	0	0	0	1	0	0	0	0	0	0	0	0	0	1	1	0	0	0	0	0	1	0	0	0	0	0	0	0	0	0	1	0	0	0	0	0	0	0	0	0	0	0	0	0	0	0	0	1	0	0	0	0	0	0	0	0	0	0	0	0	0	1	0	0	0	0	1	1	0	0	1	0	0	1	0	0	0	0	0	0	0	0	0	18	0	0	0	0	0	0	0	0	0	1	0	0	0	0	0	0	1	0	0	0	0	0	0	0	0	0	0	0	0	1	1	0	0	0	0	0	1	0	0	0	0	0	0	0	0	0	0	2	0	0	0	0	1	0	0	1	0	1	0	2	1	0	0	0	1	0	0	1	0	0	0	0	1	0	2	0	0	0	2	0	0	2	0	0	0	0	1	0	1	0	1	1	1	0	0	0	0	0	0	1	0	0	0	0	0	1	0	0	0	1	0	0	0	0	1	0	0	0	0	0	0	1	0	0	0	0	0	0	0	0	0	0	0	1	1	0	0	0	0	1	0	0	0	0	0	0	0	1	0	0	0	0	0	0	0	0	0	0	0	0	1	0	0	0	0	2	0	0	1	0	2	2	0	0	0	0	0	1
G[Ins(C):R5]T	0	0	0	0	1	0	1	1	0	2	0	0	0	0	2	0	0	0	1	0	0	0	0	0	1	0	0	2	0	0	0	2	0	0	1	0	0	0	0	0	0	0	0	0	0	1	1	0	0	1	1	1	0	0	0	2	0	0	1	1	1	0	1	1	0	1	0	0	0	0	0	1	2	0	0	0	1	0	2	0	0	2	1	1	0	0	0	2	22	2	0	0	1	0	0	0	0	0	0	0	0	0	2	0	0	0	3	1	3	1	1	1	0	0	0	0	0	0	0	2	1	0	0	1	0	0	0	0	1	1	1	1	0	0	0	0	0	0	0	0	0	0	0	0	0	0	0	0	0	18	0	5	0	0	1	2	1	2	2	0	0	1	0	4	0	0	0	0	0	0	0	0	0	0	0	0	0	3	0	0	0	1	1	0	2	1	1	3	0	0	2	1	0	0	1	0	0	0	0	0	0	0	1	0	0	0	1	0	0	1	14	0	0	1	0	1	1	0	1	0	0	0	1	0	0	2	0	0	0	1	0	0	0	0	0	0	0	4	0	0	1	2	1	0	0	1	0	0	1	0	1	0	1	0	0	0	0	1	0	0	2	0	0	0	0	0	2	0	1	0	0	0	0	1	0	2	1	1	1	0	0	0	0	1	0	0	3	1	0	1	0	0	0	3	0	2	1	0	0	0	0	0	0	0	0	0	0	1	1	1	0	1	0	1	0	1	0	1	2	1	1	0	0	0	0	0	0	1	1	0	0	0	2	3	0	0	2	0	1	0	0	0	0	0	0	0	0	0	0	1	0	0	0	2	2	0	0	0	0	0	0	1	1	0	0	0	1	1	2	0	2	0	0	0	1	2	0	0	0	1	0	1	0	1	0	1	0	0	0	1	0	1	0	0	0	0	0	37	0	1	0	1	0	0	0	0	3	1	0	0	0	3	0	0	0	0	0	0	0	2	0	0	1	0	1	0	0	0	1	1	0	0	0	0	0	0	0	0	0	1	0	0	2	0	0	0	0	2	0	0	7	3	0	0	1	1	0	2	0	0	0	1	0	0	0	1	1	1	0	0	0	1	0	0	1	1	1	3	2	2	1	0	2	0	1	1	3	1	0	2	2	0	0	1	0	1	1	0	0	0	0	1	0	1	0	0	1	2	0	0	1	0	1	2	2	0	1	0	1	0	0	1	1	1	0	1	1	1	0	0	0	1	1	0	0	0	0	5	1	1	0	0	0	0	2	1	0	0	1	1	0	1	0	1	0	1	1	0	1	0	0	0	0	1	0	1	0	0	6	0	0	0	0	0	2	0
G[Ins(C):R6]A	0	0	0	0	2	0	0	0	0	1	0	0	0	0	1	1	1	0	2	0	0	0	0	0	0	0	1	1	0	0	0	0	0	0	0	1	0	0	1	3	0	1	0	0	1	0	2	0	0	1	0	0	0	0	1	0	0	1	0	0	2	1	0	0	1	0	0	0	0	0	0	0	0	2	0	2	2	2	1	1	1	0	1	0	0	4	0	1	44	1	0	1	4	0	2	2	0	0	1	0	1	0	2	1	1	0	2	0	3	0	0	1	0	0	0	2	0	0	0	3	0	0	1	3	0	1	0	0	1	0	0	1	2	0	1	1	0	0	0	0	1	1	0	1	0	1	0	1	0	19	1	2	0	0	0	1	1	2	0	3	0	3	0	1	2	0	0	0	0	0	1	3	0	0	3	0	0	1	2	0	2	0	0	1	1	2	2	3	0	1	2	0	2	1	2	0	0	1	0	1	1	1	1	0	0	0	0	0	0	1	23	2	1	0	0	0	2	1	4	0	4	1	0	1	0	1	1	0	0	0	1	0	0	0	0	0	0	2	0	0	1	12	0	1	0	0	2	0	2	0	0	2	1	2	0	0	2	1	0	0	2	0	0	0	0	0	0	1	2	0	0	0	0	0	0	2	1	3	5	0	0	0	2	0	1	3	0	1	1	2	1	0	1	1	1	3	0	0	0	0	0	0	0	0	2	1	3	1	3	0	0	0	2	0	1	1	1	1	0	2	1	0	1	2	0	0	0	1	1	1	0	0	3	3	1	0	0	0	0	0	0	0	0	0	3	0	2	0	1	0	0	2	0	2	0	0	0	2	0	1	0	2	0	2	1	0	0	1	2	0	2	0	0	1	0	1	0	3	0	0	1	1	0	1	1	2	0	2	0	0	1	1	0	0	0	1	1	74	0	0	0	1	0	0	0	0	0	0	1	1	0	0	0	0	0	0	0	0	1	1	1	1	0	0	1	0	2	2	1	0	0	0	0	0	1	0	0	0	3	2	1	0	1	0	2	5	0	0	1	0	3	0	1	0	1	0	0	1	0	0	0	0	0	0	2	2	0	0	0	3	1	0	0	0	0	0	1	2	2	0	1	0	1	0	0	2	2	0	1	4	0	0	0	0	0	1	1	1	0	0	0	0	0	2	0	1	1	0	1	1	3	0	2	0	0	0	1	2	2	0	0	0	1	0	0	1	0	0	1	0	1	1	1	0	1	0	2	0	2	0	0	0	0	0	0	1	0	0	0	0	2	0	0	1	0	0	1	0	4	1	0	0	0	2	0	0	0	0	4	0	2	0	0	0	0	0
G[Ins(C):R6]G	0	0	1	0	1	0	0	0	0	0	0	0	0	0	1	0	0	1	0	0	0	1	0	0	0	0	0	0	0	0	0	1	0	0	0	0	0	0	0	0	0	1	0	0	0	0	0	0	0	1	0	1	0	0	0	0	0	0	0	0	0	1	0	0	0	1	0	0	0	0	1	1	1	0	0	2	0	1	0	0	0	0	0	0	0	5	0	0	20	0	0	0	0	1	0	0	0	0	1	0	0	0	0	0	0	0	0	0	1	0	0	0	0	1	1	0	0	0	1	0	1	0	0	0	1	0	0	0	0	0	0	0	0	1	0	0	0	0	0	0	0	0	1	0	1	0	0	0	0	16	1	2	0	0	0	2	1	0	1	1	1	1	0	4	0	1	0	0	0	0	0	0	0	0	0	0	1	1	0	1	0	0	1	1	0	0	1	1	0	0	1	1	0	1	0	0	0	0	0	0	0	0	0	1	0	2	0	1	0	0	8	1	0	0	0	0	1	0	2	0	0	0	0	0	0	2	0	0	0	1	0	1	0	1	0	0	2	0	0	1	0	7	0	0	0	0	0	0	0	0	1	0	3	0	1	0	0	0	1	0	0	0	0	0	0	0	0	1	1	0	1	0	0	0	1	0	1	0	1	0	0	0	0	0	0	0	0	0	0	3	0	1	1	1	1	0	0	0	0	1	0	0	1	1	0	0	0	0	1	1	0	2	0	0	1	0	0	0	1	0	1	0	0	0	0	0	1	1	0	0	0	0	0	1	0	0	1	0	0	0	0	0	0	0	0	1	0	1	0	0	0	0	0	0	0	0	0	2	0	0	1	2	0	0	0	0	1	0	1	0	0	1	1	2	0	0	0	0	0	0	1	1	0	0	0	0	0	0	0	0	1	1	0	0	1	1	1	33	0	1	0	0	1	0	0	1	0	0	0	0	0	0	0	0	0	0	1	0	0	0	0	0	0	0	1	1	0	0	1	0	0	1	1	0	0	0	0	0	0	0	0	1	1	0	2	1	2	0	0	0	1	0	1	0	0	0	1	0	0	0	0	0	0	0	0	0	0	0	0	0	1	0	0	0	0	2	0	1	0	0	1	0	0	0	0	0	0	0	0	2	0	0	0	0	1	1	1	0	1	0	0	0	0	0	0	0	0	0	0	0	0	0	0	1	0	0	0	0	0	1	0	0	2	0	1	1	0	0	0	1	0	0	0	0	1	0	0	1	1	0	0	0	0	0	0	0	0	0	1	0	0	1	0	0	0	0	1	0	1	0	0	0	0	0	0	0	1	0	0	0	0	0	0	1	2	0
G[Ins(C):R6]T	0	0	3	0	0	0	1	0	1	0	0	1	0	0	0	0	0	1	2	0	0	0	0	0	0	0	1	0	0	1	0	0	0	0	0	0	1	0	1	1	0	1	0	0	1	0	0	1	0	0	0	1	0	0	0	0	0	0	0	0	0	0	0	0	0	1	0	0	0	0	0	0	0	0	0	0	0	0	3	0	1	2	0	0	0	1	0	1	22	0	1	1	1	0	1	1	0	0	0	0	0	0	1	0	0	0	0	1	3	0	0	0	0	0	0	1	0	0	0	0	0	0	0	0	0	0	0	0	0	0	0	0	1	0	0	0	0	0	0	0	2	0	0	1	1	0	1	0	0	21	0	1	1	0	0	1	0	0	0	1	0	1	0	0	1	0	0	0	1	0	0	0	0	0	0	0	0	1	0	0	0	1	0	0	1	1	0	1	0	0	0	0	1	1	0	0	0	0	0	0	0	0	0	1	0	0	0	0	0	0	13	0	0	1	0	1	0	0	1	0	2	0	0	0	1	0	1	0	0	0	0	1	0	0	1	0	0	1	0	0	0	3	0	0	0	0	0	0	0	0	0	0	1	1	0	0	1	1	0	0	0	0	0	0	1	0	0	0	0	0	0	0	1	1	0	0	0	0	0	0	0	0	0	1	0	3	0	0	0	1	2	0	0	0	1	3	0	0	1	0	0	1	1	0	0	0	0	0	0	1	0	0	1	0	1	1	0	2	1	0	0	0	0	0	0	0	0	0	0	0	0	0	3	1	1	0	1	0	0	0	0	2	0	0	1	0	0	1	0	1	1	0	1	0	0	0	0	2	0	0	0	3	1	1	0	0	0	1	0	0	1	0	2	0	0	3	0	0	0	0	0	1	0	0	0	2	1	0	1	0	0	0	0	0	1	0	2	48	0	0	0	0	1	0	0	1	0	2	0	0	0	1	0	0	0	0	0	0	0	0	0	0	2	1	0	0	1	1	1	0	0	1	0	0	0	0	0	0	2	0	0	0	0	0	1	1	0	0	0	1	1	0	0	0	1	0	1	1	0	0	0	0	0	0	0	0	0	0	0	0	0	1	0	1	1	0	0	0	1	0	0	1	0	0	2	1	0	0	0	0	0	0	0	1	0	0	0	0	0	0	0	0	1	0	0	0	0	1	0	0	2	0	1	0	0	0	0	0	2	0	0	0	0	0	0	0	0	1	0	0	0	1	0	0	0	0	0	0	1	0	1	0	1	0	0	1	0	0	0	0	1	0	0	1	0	0	1	0	2	0	0	0	1	0	0	0	0	0	1	1	0	0	0	0	1	0
G[Ins(C):R7]A	0	1	0	1	0	0	0	0	0	0	0	0	0	0	0	0	0	0	1	0	0	0	0	0	0	0	1	0	0	1	1	1	0	0	1	0	0	0	0	2	0	0	3	2	1	0	2	1	0	0	0	0	0	2	0	0	0	1	0	1	0	0	2	0	1	0	0	0	0	0	0	1	0	0	0	0	0	1	0	0	1	2	0	0	0	1	0	0	64	2	1	0	0	0	2	0	0	0	0	0	1	0	0	1	0	2	2	0	1	2	2	0	0	0	0	0	0	0	2	2	1	0	0	0	0	0	0	0	0	0	1	0	3	0	0	1	0	2	2	0	0	0	0	1	1	4	0	1	0	32	0	1	1	1	0	0	1	2	0	2	0	1	0	2	1	1	0	0	2	0	1	4	0	0	0	0	0	2	0	1	0	1	3	0	1	0	1	5	0	0	0	0	2	3	3	1	0	1	0	1	0	1	0	0	0	0	0	1	0	0	30	0	2	0	1	0	1	0	2	0	0	0	1	1	0	1	1	0	0	3	2	0	0	0	0	0	0	0	1	0	0	12	2	0	0	1	0	0	0	0	1	2	1	2	0	0	1	5	1	0	2	1	1	0	0	1	0	2	2	0	2	0	0	0	1	0	3	1	1	0	0	0	0	1	1	0	0	0	0	1	0	1	1	1	4	4	0	1	0	0	1	0	0	1	0	1	0	1	0	2	0	2	1	1	1	0	1	0	0	0	0	0	0	0	1	0	0	2	1	0	0	0	1	0	0	2	1	0	0	1	0	0	0	1	1	0	1	2	0	0	0	0	1	2	0	0	0	0	0	1	4	3	0	1	0	0	1	0	0	0	2	3	0	3	2	2	0	2	0	0	0	0	0	1	1	0	0	1	0	0	1	1	0	0	1	0	0	121	0	1	0	0	0	0	2	1	0	1	0	0	1	0	0	0	0	0	0	0	1	0	1	1	2	2	2	1	0	4	2	1	0	1	0	1	0	0	0	0	1	0	0	0	0	0	1	0	1	1	0	2	0	1	0	0	0	1	0	0	0	0	0	0	0	0	2	0	4	0	0	0	0	2	1	1	0	0	1	1	0	0	1	1	0	0	1	2	0	1	0	2	0	3	0	1	1	0	0	0	1	0	0	1	1	0	0	0	0	1	0	0	1	0	0	3	0	0	0	1	0	0	0	0	2	1	1	0	2	0	0	0	0	0	1	2	1	0	0	2	0	1	0	0	0	0	3	3	1	1	2	2	0	1	1	0	1	3	2	0	3	0	0	0	0	2	0	0	0	0	2	1	0	0	0	1	0	0
G[Ins(C):R7]G	0	0	0	0	0	0	0	0	0	0	0	0	0	0	0	0	0	0	0	0	0	0	0	0	0	0	0	0	0	0	0	0	0	0	0	0	0	0	0	1	0	0	0	1	0	0	0	0	0	0	0	0	0	1	0	0	0	0	1	0	0	0	1	0	0	0	0	0	0	0	1	0	0	0	0	1	1	0	0	0	0	0	1	0	0	1	0	1	27	0	0	0	1	0	0	0	0	0	0	0	0	0	0	1	0	0	1	1	3	1	0	0	0	0	0	0	0	0	0	2	0	0	0	0	0	0	0	2	0	0	0	0	1	0	0	0	0	0	0	0	0	1	0	0	1	0	0	0	0	12	0	1	0	0	1	0	0	2	0	0	0	1	1	0	0	0	0	1	0	0	0	1	0	0	0	0	0	0	1	0	1	0	2	0	0	0	0	0	0	0	0	0	0	0	0	1	0	0	1	1	0	0	1	0	0	0	0	0	0	0	10	1	0	0	0	1	2	0	0	0	0	1	0	1	0	0	0	0	0	0	0	0	0	0	0	0	0	0	1	0	0	9	0	0	1	0	0	0	0	0	0	0	0	0	0	0	0	2	0	1	1	0	0	0	0	0	0	0	0	0	0	0	1	0	0	0	1	0	0	0	0	0	1	0	0	0	0	0	0	1	0	1	0	0	0	0	1	0	0	0	0	0	0	0	1	1	0	0	0	0	0	0	0	0	0	0	0	0	0	0	0	0	0	0	0	0	0	0	0	0	0	0	0	3	0	0	1	0	0	1	0	0	0	0	0	0	0	0	0	0	0	0	1	0	0	0	0	0	0	0	2	3	0	0	0	0	0	0	1	0	0	0	0	0	0	1	0	0	0	0	1	0	0	1	1	1	0	0	0	0	0	0	0	0	2	1	1	47	0	2	0	0	0	1	0	0	0	0	1	0	0	0	0	0	0	0	0	0	0	0	0	0	0	0	0	0	0	1	0	0	0	0	1	0	0	1	0	0	0	0	0	0	0	0	0	0	0	0	0	0	1	0	0	0	0	0	1	0	0	0	0	0	0	0	0	0	1	1	0	0	0	0	0	0	0	2	0	0	0	0	0	0	0	0	0	0	0	0	0	0	0	0	0	0	1	0	1	1	0	0	0	0	0	0	0	1	0	1	0	0	0	0	0	1	0	0	0	0	1	0	0	0	0	1	0	0	0	0	1	0	0	0	0	0	0	0	0	0	0	0	0	0	1	0	0	0	0	0	0	0	0	1	0	1	0	1	0	1	1	1	0	0	0	0	0	0	0	0	1	0	0	0	0	0	1	0
G[Ins(C):R7]T	0	0	0	0	0	0	0	0	1	0	0	0	0	1	1	0	0	0	0	0	0	0	0	0	0	0	0	0	0	1	0	0	0	0	1	0	0	0	0	0	0	0	0	0	0	0	0	1	0	0	0	0	0	0	0	0	3	0	0	0	0	0	0	0	0	1	0	0	0	0	0	0	1	0	1	1	1	0	1	1	0	0	1	1	0	0	0	0	40	1	0	1	1	0	0	0	2	0	0	0	0	0	1	0	1	0	0	0	1	0	0	1	1	1	0	0	0	0	1	0	0	0	0	0	0	0	0	0	0	0	0	0	0	0	0	0	0	0	2	0	2	0	0	0	0	0	0	0	1	13	0	0	1	0	0	0	0	0	0	1	0	0	0	0	1	0	0	0	1	0	0	0	0	0	1	0	0	0	1	0	0	0	0	0	0	0	1	0	0	0	0	0	0	1	0	0	0	0	0	0	0	0	0	0	0	0	0	0	0	0	10	1	1	1	0	0	1	0	0	0	0	0	0	1	0	0	0	0	0	0	2	0	0	0	0	0	0	0	0	1	0	7	0	0	0	0	1	0	0	0	0	0	0	0	0	0	0	2	1	1	0	0	0	0	2	0	0	0	0	0	1	0	0	0	0	0	0	0	0	0	0	0	3	0	0	0	0	0	1	1	0	0	1	0	0	1	0	0	0	0	0	0	0	1	0	0	0	0	0	0	1	1	0	1	0	0	0	1	0	0	1	1	0	0	0	0	0	1	0	0	0	0	0	1	0	0	0	0	0	0	0	0	0	0	1	0	0	0	0	0	0	0	0	0	1	0	0	1	0	0	1	1	0	0	0	0	1	0	0	0	0	1	0	0	1	0	0	0	1	0	0	0	0	0	0	0	0	0	0	0	0	0	0	0	0	1	0	35	0	0	0	0	0	0	0	1	0	0	1	0	0	0	0	0	0	0	0	0	1	0	0	0	1	1	0	0	1	0	2	0	0	1	0	0	0	0	0	1	0	0	0	0	0	0	2	0	1	0	1	0	0	0	0	0	0	0	0	0	1	0	0	0	0	0	0	2	1	0	0	1	0	0	0	0	0	0	0	0	0	0	0	0	0	0	0	1	0	0	0	2	0	0	0	0	1	0	0	0	0	0	0	0	0	0	0	0	0	0	0	0	1	2	0	0	0	0	0	0	0	0	0	1	0	0	1	0	0	0	0	0	0	0	0	1	0	0	0	0	1	0	0	1	0	1	2	0	1	0	1	0	0	0	0	0	0	0	0	1	0	0	0	0	0	0	0	0	0	0	0	0	0	0	0	0	0	0
G[Ins(C):R8]A	0	0	0	0	0	0	0	0	0	0	0	0	0	0	0	0	1	0	0	0	0	0	0	0	0	0	0	0	0	0	0	0	0	0	1	0	0	0	0	0	2	0	0	0	0	0	1	0	0	0	0	0	0	0	0	0	0	0	0	0	0	0	0	0	0	0	0	1	0	0	0	2	0	0	0	1	1	1	0	0	0	0	1	0	0	0	0	1	51	0	0	1	0	0	2	1	1	0	0	2	0	1	1	2	0	1	3	1	2	1	0	0	0	0	0	0	0	0	0	0	0	0	1	0	0	0	0	1	0	1	1	1	1	0	0	0	0	0	1	0	0	0	1	2	0	0	0	0	0	28	0	0	0	0	0	1	0	0	1	0	0	1	0	0	1	1	0	0	0	0	1	0	0	0	1	0	2	0	1	0	0	1	1	0	1	1	1	0	0	1	0	0	2	1	1	1	0	1	0	3	0	1	0	0	0	0	0	2	0	0	19	0	5	1	0	0	0	1	0	0	1	0	0	0	0	0	1	0	0	1	0	0	0	0	0	1	1	0	0	0	1	8	1	0	0	0	0	0	1	1	0	1	1	0	0	0	1	0	0	3	1	1	0	1	1	0	0	1	0	0	0	1	4	0	0	0	0	0	0	1	0	0	0	0	0	0	1	0	1	0	1	0	0	0	0	2	1	0	0	0	0	1	0	0	2	1	1	0	1	3	0	1	0	0	0	0	0	0	0	0	0	0	1	1	0	0	0	4	0	2	0	0	1	1	0	0	1	0	0	1	0	1	1	1	0	0	2	0	0	2	0	0	0	0	0	1	0	0	0	0	3	0	1	1	0	2	1	2	0	1	0	2	1	1	1	1	0	0	0	0	0	1	0	0	0	1	0	0	0	3	2	1	0	0	0	1	1	76	0	1	0	0	0	1	0	1	2	0	3	0	1	0	1	0	1	0	1	0	0	0	1	0	3	0	1	0	0	0	1	0	0	1	0	0	0	0	1	0	0	0	1	1	0	0	0	0	0	0	1	0	0	0	1	0	0	0	0	0	0	0	0	1	0	1	0	1	0	0	0	0	0	0	0	0	0	0	0	1	0	0	0	0	0	1	1	2	2	0	0	1	0	0	0	1	0	0	0	0	0	1	0	0	0	0	1	1	0	0	1	0	0	0	0	2	1	0	2	1	1	0	0	1	1	1	0	0	0	0	0	0	0	0	0	0	0	1	1	0	1	0	0	0	1	0	0	2	0	0	0	1	1	0	0	1	0	0	1	0	3	0	0	0	0	0	0	0	0	0	1	2	0	0	1	1	0	0
G[Ins(C):R8]G	0	0	0	0	0	0	0	0	0	0	0	1	0	0	0	0	0	0	0	0	0	0	0	0	0	0	0	0	0	0	0	0	0	0	0	0	0	0	0	0	0	0	0	0	0	0	0	0	0	1	0	1	0	0	0	0	0	0	0	0	0	0	0	0	0	0	0	0	0	0	0	0	0	0	0	0	0	1	0	0	1	0	0	0	0	1	0	0	8	0	0	0	0	0	0	0	0	0	0	0	0	0	0	0	0	0	0	1	0	0	0	1	0	0	0	0	0	0	0	0	0	0	0	0	0	0	1	0	0	0	0	0	0	0	0	0	0	0	0	0	0	0	0	1	0	1	0	0	1	7	0	0	0	0	0	0	0	0	0	1	1	0	0	0	0	0	0	0	0	0	0	0	0	0	0	0	0	0	0	0	0	0	0	0	0	0	0	1	0	0	0	0	0	0	0	0	1	0	0	0	0	1	0	0	1	0	0	0	0	0	7	0	0	0	0	0	1	0	0	0	1	0	0	0	0	1	0	0	0	0	0	0	0	0	0	0	1	0	1	0	0	1	0	0	0	0	0	0	0	0	0	0	0	0	0	0	0	0	0	0	1	0	0	0	0	0	0	0	0	0	1	0	0	0	0	1	0	0	0	0	0	0	0	0	0	0	0	0	0	1	0	0	0	0	2	1	0	0	0	0	0	0	0	0	0	0	0	0	0	0	0	0	0	0	1	0	0	0	0	0	0	0	0	0	0	0	0	0	0	0	1	0	0	0	0	0	0	0	0	2	0	0	0	0	0	0	0	0	0	0	0	0	0	1	0	0	0	0	0	0	0	0	0	0	0	0	0	0	0	0	0	0	0	0	0	0	0	0	0	0	0	0	0	0	1	0	0	0	0	0	0	1	0	0	0	0	0	24	0	0	0	0	0	0	0	0	0	0	0	0	1	0	0	0	1	0	0	0	0	2	0	0	1	0	0	0	0	1	1	0	0	0	0	0	0	1	0	0	0	0	0	0	0	0	0	0	0	0	0	0	0	0	0	0	0	0	0	0	0	0	0	0	0	0	0	0	1	0	0	0	0	0	0	0	0	0	0	0	1	0	0	0	0	0	1	0	0	0	0	0	0	0	0	0	1	0	0	0	0	0	0	0	0	0	0	0	0	0	0	0	0	0	0	0	0	0	0	0	0	0	0	1	0	1	0	0	0	0	0	0	0	0	0	0	0	0	0	0	0	0	0	0	0	0	0	0	0	0	0	0	1	1	0	0	0	1	0	1	0	0	0	0	0	0	0	0	0	0	0	0	0	0	0	0	0	0
G[Ins(C):R8]T	0	0	0	0	0	0	0	0	0	0	0	0	0	0	0	0	0	0	0	0	0	0	0	0	0	0	0	0	0	0	0	0	0	0	0	0	0	0	1	0	0	0	1	0	0	0	0	0	0	0	1	0	0	0	0	0	1	1	0	0	0	0	0	0	0	0	0	0	0	0	1	0	0	0	0	0	0	0	1	0	0	0	0	0	1	0	0	0	15	0	0	0	0	0	0	0	0	0	0	0	0	0	0	0	0	0	0	0	0	0	0	0	0	0	1	0	0	0	0	0	0	0	0	0	1	0	0	0	0	0	0	0	1	0	0	0	0	0	0	0	0	0	0	1	0	0	0	0	0	3	0	1	0	0	0	0	0	1	0	0	0	0	0	0	0	0	0	0	0	1	0	0	0	0	0	0	0	0	0	0	0	0	0	1	0	0	0	1	0	0	0	0	0	0	0	0	0	0	0	0	0	0	0	0	0	0	0	0	0	0	10	0	1	0	0	0	0	0	0	0	1	0	0	0	1	0	0	0	0	0	0	1	0	0	0	0	0	0	0	0	0	5	0	0	1	0	0	1	0	0	0	0	1	0	0	0	0	1	0	0	1	0	0	1	0	0	2	0	0	0	0	0	0	0	0	0	0	0	0	0	0	0	1	1	0	0	0	0	0	2	0	1	0	0	0	1	0	0	0	0	0	0	0	0	1	0	0	0	0	0	0	1	0	0	1	0	0	0	0	0	0	0	0	0	0	0	0	0	0	0	0	0	0	1	0	0	0	0	0	1	0	1	0	0	0	1	1	0	0	0	0	0	0	0	0	0	0	0	0	0	0	0	0	0	0	1	0	0	0	0	2	1	1	1	0	0	0	0	0	0	0	0	0	0	1	2	0	0	0	0	0	1	0	0	0	0	0	31	0	1	0	0	0	0	0	0	0	0	0	0	1	0	0	0	0	0	0	0	1	0	0	0	1	1	0	1	0	0	0	0	0	0	0	0	0	0	0	0	0	0	0	0	0	0	0	0	1	0	0	0	0	0	0	0	0	0	0	0	0	0	0	0	0	0	0	0	0	0	0	0	1	0	0	0	0	0	0	0	0	1	0	0	0	0	0	1	0	0	0	1	0	0	0	0	0	0	0	0	0	0	0	0	0	0	0	0	0	0	0	0	0	0	0	0	0	0	0	0	2	0	0	0	0	0	0	0	0	0	0	0	0	0	0	1	0	0	0	0	0	0	0	0	0	0	0	2	0	0	0	1	0	0	0	0	0	0	0	0	0	1	0	0	0	0	0	0	1	0	0	0	0	0	0	1	0	0
G[Ins(C):R(9,)]A	0	0	0	0	0	0	0	0	0	0	0	0	0	0	0	0	0	0	0	0	0	0	0	0	0	0	0	0	0	0	0	0	0	0	0	0	0	0	0	0	0	0	0	0	0	0	0	0	0	0	0	0	0	0	0	0	0	0	0	0	0	0	0	0	0	0	0	0	0	0	0	0	0	0	0	0	0	0	0	0	0	0	0	0	0	0	0	0	0	0	0	0	0	0	0	0	0	0	0	0	0	0	0	0	0	0	0	0	0	0	0	0	0	0	0	0	0	0	0	0	0	0	0	0	0	0	0	0	0	0	0	0	0	0	0	0	0	0	0	0	0	0	0	0	0	0	0	0	0	0	0	0	0	0	0	0	0	0	0	0	0	0	0	0	0	0	0	0	0	0	0	0	0	0	0	0	0	0	0	0	0	0	0	0	0	0	0	0	0	0	0	0	0	0	0	0	0	0	0	0	0	0	0	0	0	0	0	0	0	0	0	0	0	0	0	0	0	0	0	0	0	0	0	0	0	0	0	0	0	0	0	0	0	0	0	0	0	0	0	0	0	0	0	0	0	0	0	0	0	0	0	0	0	0	0	0	0	0	0	0	0	0	0	0	0	0	0	0	0	0	0	0	0	0	0	0	0	0	0	0	0	0	0	0	0	0	0	0	0	0	0	0	0	0	0	0	0	0	0	0	0	0	0	0	0	0	0	0	0	0	0	0	0	0	0	0	0	0	0	0	0	0	0	0	0	0	0	0	0	0	0	0	0	0	0	0	0	0	0	0	0	0	0	0	0	0	0	0	0	0	0	0	0	0	0	0	0	0	0	0	0	0	0	0	0	0	0	0	0	0	0	0	0	0	0	0	0	0	0	0	0	0	0	0	0	0	0	0	0	0	0	0	0	0	0	0	0	0	0	0	0	0	0	0	0	0	0	0	0	0	0	0	0	0	0	0	0	0	0	0	0	0	0	0	0	0	0	0	0	0	0	0	0	0	0	0	0	0	0	0	0	0	0	0	0	0	0	0	0	0	0	0	0	0	0	0	0	0	0	0	0	0	0	0	0	0	0	0	0	0	0	0	0	0	0	0	0	0	0	0	0	0	0	0	0	0	0	0	0	0	0	0	0	0	0	0	0	0	0	0	0	0	0	0	0	0	0	0	0	0	0	0	0	0	0	0	0	0	0	0	0	0	0	0	0	0	0	0	0	0	0	0	0	0	0	0	0	0	0	0	0	0	0	0	0	0	0	0	0	0	0	0	0	0	0	0	0	0	0	0	0	0	0	0	0	0	0	0	0	0	0	0	0	0	0	0
G[Ins(C):R(9,)]G	0	0	0	0	0	0	0	0	0	0	0	0	0	0	0	0	0	0	0	0	0	0	0	0	0	0	0	0	0	0	0	0	0	0	0	0	0	0	0	0	0	0	0	0	0	0	0	0	0	0	0	0	0	0	0	0	0	0	0	0	0	0	0	0	0	0	0	0	0	0	0	0	0	0	0	0	0	0	0	0	0	0	0	0	0	0	0	0	0	0	0	0	0	0	0	0	0	0	0	0	0	0	0	0	0	0	0	0	0	0	0	0	0	0	0	0	0	0	0	0	0	0	0	0	0	0	0	0	0	0	0	0	0	0	0	0	0	0	0	0	0	0	0	0	0	0	0	0	0	0	0	0	0	0	0	0	0	0	0	0	0	0	0	0	0	0	0	0	0	0	0	0	0	0	0	0	0	0	0	0	0	0	0	0	0	0	0	0	0	0	0	0	0	0	0	0	0	0	0	0	0	0	0	0	0	0	0	0	0	0	0	0	0	0	0	0	0	0	0	0	0	0	0	0	0	0	0	0	0	0	0	0	0	0	0	0	0	0	0	0	0	0	0	0	0	0	0	0	0	0	0	0	0	0	0	0	0	0	0	0	0	0	0	0	0	0	0	0	0	0	0	0	0	0	0	0	0	0	0	0	0	0	0	0	0	0	0	0	0	0	0	0	0	0	0	0	0	0	0	0	0	0	0	0	0	0	0	0	0	0	0	0	0	0	0	0	0	0	0	0	0	0	0	0	0	0	0	0	0	0	0	0	0	0	0	0	0	0	0	0	0	0	0	0	0	0	0	0	0	0	0	0	0	0	0	0	0	0	0	0	0	0	0	0	0	0	0	0	0	0	0	0	0	0	0	0	0	0	0	0	0	0	0	0	0	0	0	0	0	0	0	0	0	0	0	0	0	0	0	0	0	0	0	0	0	0	0	0	0	0	0	0	0	0	0	0	0	0	0	0	0	0	0	0	0	0	0	0	0	0	0	0	0	0	0	0	0	0	0	0	0	0	0	0	0	0	0	0	0	0	0	0	0	0	0	0	0	0	0	0	0	0	0	0	0	0	0	0	0	0	0	0	0	0	0	0	0	0	0	0	0	0	0	0	0	0	0	0	0	0	0	0	0	0	0	0	0	0	0	0	0	0	0	0	0	0	0	0	0	0	0	0	0	0	0	0	0	0	0	0	0	0	0	0	0	0	0	0	0	0	0	0	0	0	0	0	0	0	0	0	0	0	0	0	0	0	0	0	0	0	0	0	0	0	0	0	0	0	0	0	0	0	0	0	0	0	0	0	0	0	0	0	0	0	0	0
G[Ins(C):R(9,)]T	0	0	0	0	0	0	0	0	0	0	0	0	0	0	0	0	0	0	0	0	0	0	0	0	0	0	0	0	0	0	0	0	0	0	0	0	0	0	0	0	0	0	0	0	0	0	0	0	0	0	0	0	0	0	0	0	0	0	0	0	0	0	0	0	0	0	0	0	0	0	0	0	0	0	0	0	0	0	0	0	0	0	0	0	0	0	0	0	0	0	0	0	0	0	0	0	0	0	0	0	0	0	0	0	0	0	0	0	0	0	0	0	0	0	0	0	0	0	0	0	0	0	0	0	0	0	0	0	0	0	0	0	0	0	0	0	0	0	0	0	0	0	0	0	0	0	0	0	0	0	0	0	0	0	0	0	0	0	0	0	0	0	0	0	0	0	0	0	0	0	0	0	0	0	0	0	0	0	0	0	0	0	0	0	0	0	0	0	0	0	0	0	0	0	0	0	0	0	0	0	0	0	0	0	0	0	0	0	0	0	0	0	0	0	0	0	0	0	0	0	0	0	0	0	0	0	0	0	0	0	0	0	0	0	0	0	0	0	0	0	0	0	0	0	0	0	0	0	0	0	0	0	0	0	0	0	0	0	0	0	0	0	0	0	0	0	0	0	0	0	0	0	0	0	0	0	0	0	0	0	0	0	0	0	0	0	0	0	0	0	0	0	0	0	0	0	0	0	0	0	0	0	0	0	0	0	0	0	0	0	0	0	0	0	0	0	0	0	0	0	0	0	0	0	0	0	0	0	0	0	0	0	0	0	0	0	0	0	0	0	0	0	0	0	0	0	0	0	0	0	0	0	0	0	0	0	0	0	0	0	0	0	0	0	0	0	0	0	0	0	0	0	0	0	0	0	0	0	0	0	0	0	0	0	0	0	0	0	0	0	0	0	0	0	0	0	0	0	0	0	0	0	0	0	0	0	0	0	0	0	0	0	0	0	0	0	0	0	0	0	0	0	0	0	0	0	0	0	0	0	0	0	0	0	0	0	0	0	0	0	0	0	0	0	0	0	0	0	0	0	0	0	0	0	0	0	0	0	0	0	0	0	0	0	0	0	0	0	0	0	0	0	0	0	0	0	0	0	0	0	0	0	0	0	0	0	0	0	0	0	0	0	0	0	0	0	0	0	0	0	0	0	0	0	0	0	0	0	0	0	0	0	0	0	0	0	0	0	0	0	0	0	0	0	0	0	0	0	0	0	0	0	0	0	0	0	0	0	0	0	0	0	0	0	0	0	0	0	0	0	0	0	0	0	0	0	0	0	0	0	0	0	0	0	0	0	0	0	0	0	0	0	0	0	0	0
T[Ins(C):R0]A	0	0	0	0	1	0	0	0	0	1	0	0	0	0	2	1	1	0	0	0	0	0	0	0	0	1	1	1	0	0	0	0	0	0	0	0	0	0	0	1	0	0	1	0	0	2	1	1	1	0	2	0	0	0	1	0	0	0	0	1	0	1	1	0	1	0	0	0	0	0	1	2	0	2	0	1	1	1	0	0	0	1	3	0	1	0	0	0	2	1	1	0	1	0	0	0	1	0	0	1	0	0	2	0	0	0	2	0	3	1	0	3	1	0	1	1	0	1	2	0	0	0	0	1	0	1	0	0	0	2	0	1	2	1	1	1	0	0	2	0	2	0	0	0	0	0	1	0	0	3	0	3	0	1	0	0	1	0	1	0	0	1	0	3	0	0	0	0	0	0	0	1	0	0	0	0	0	1	2	1	0	1	0	1	2	0	0	3	0	0	0	0	2	0	0	2	0	0	1	2	0	0	0	0	0	0	0	1	2	1	1	0	0	1	0	1	3	0	0	1	0	0	1	1	2	1	0	0	0	2	1	0	1	0	1	0	1	1	0	1	2	2	0	0	0	0	1	1	0	0	0	1	0	0	1	0	2	1	0	0	0	1	1	0	0	0	0	2	0	0	0	0	1	0	2	0	1	1	1	0	0	0	1	0	0	1	1	3	2	1	1	0	0	1	0	3	0	0	0	1	0	1	0	1	1	1	1	0	0	3	0	0	1	0	1	0	0	0	1	0	1	1	0	0	1	0	0	0	0	2	0	0	2	0	2	0	1	0	0	1	0	1	0	2	7	0	3	2	1	0	0	0	0	0	1	0	2	4	0	0	1	1	0	0	0	0	0	1	1	0	1	0	1	0	1	0	0	1	0	0	0	0	0	1	1	0	0	0	1	0	1	0	0	1	0	1	0	3	2	0	1	0	0	0	0	0	0	1	0	0	0	1	0	1	0	0	1	0	1	0	1	0	0	1	1	0	1	2	0	0	0	1	0	0	1	0	1	1	1	2	0	0	1	1	2	1	1	2	0	0	5	0	2	2	1	1	1	1	0	0	0	2	0	0	1	2	1	3	0	0	0	0	0	1	1	2	1	1	0	0	1	0	0	0	3	2	1	0	0	1	1	0	0	0	0	1	2	1	1	0	0	0	0	0	1	1	1	2	0	0	1	1	0	0	0	0	2	2	0	0	0	0	2	0	0	0	0	1	1	0	2	2	1	0	0	0	0	2	2	1	0	2	0	0	3	0	1	0	0	1	2	0	1	2	0	0	0	0	4	0	1	0	1	0	0	2	0	0	2	0	0	0	0	1	1	1
T[Ins(C):R0]G	0	2	0	0	3	0	0	0	2	2	1	0	0	0	0	0	2	0	2	0	0	1	0	0	1	0	0	1	0	0	0	1	0	0	0	1	0	0	1	2	0	4	1	0	1	2	0	0	1	1	3	1	1	1	1	1	0	1	3	0	0	2	0	1	0	0	0	0	2	2	0	0	0	0	0	3	1	1	1	0	1	0	1	2	0	3	1	6	5	0	1	3	8	0	3	2	0	0	0	0	0	0	2	0	1	3	4	0	6	0	5	0	0	0	2	0	3	0	2	6	0	0	0	3	5	0	3	0	5	4	0	0	3	0	2	0	0	0	0	0	0	0	0	3	0	1	2	0	0	3	1	6	3	0	0	1	0	6	2	0	0	0	0	3	0	2	0	2	0	0	1	6	1	0	0	0	1	1	1	0	1	2	0	0	0	5	1	9	0	0	1	0	3	0	0	0	0	1	1	0	0	0	0	0	1	0	2	1	0	3	0	0	1	0	1	4	1	0	2	0	4	3	1	1	3	2	0	0	0	2	0	0	0	0	1	2	0	3	0	0	1	2	0	0	0	2	0	1	0	0	0	0	5	1	0	0	3	1	0	0	2	0	0	0	0	0	1	4	0	0	1	0	0	0	0	1	4	1	3	0	0	0	0	0	2	4	3	2	2	6	2	1	0	7	0	7	0	0	0	2	0	2	2	1	1	2	1	0	3	0	0	0	4	1	0	1	0	5	2	1	1	4	0	0	0	0	2	0	2	1	0	0	6	6	9	1	2	0	0	0	0	2	1	1	13	5	4	4	4	0	0	5	0	2	2	0	0	4	0	2	2	3	1	0	0	0	2	2	1	1	0	2	1	8	0	3	0	1	0	0	4	2	1	5	2	4	0	4	0	0	3	2	1	0	1	0	0	12	0	0	1	5	1	0	0	0	1	4	1	0	0	0	0	0	0	0	0	0	4	0	0	1	1	0	0	3	0	0	2	7	0	0	0	3	1	0	1	0	0	1	0	0	3	3	5	0	0	1	0	0	5	0	1	0	1	3	0	2	0	1	0	2	3	0	0	1	1	3	0	4	4	1	0	4	1	3	5	1	2	1	4	0	1	1	2	4	4	0	1	3	1	0	1	1	0	2	6	6	0	0	0	1	1	0	0	2	0	1	1	2	2	2	6	0	0	1	0	1	4	1	0	1	10	0	0	4	0	1	1	0	1	0	6	0	1	0	0	7	0	3	5	0	1	0	2	0	0	0	1	0	1	4	0	2	0	0	0	0	10	0	0	0	1	2	0	1	1	0	4	2	0	0	1	0	0	1
T[Ins(C):R0]T	1	3	0	1	12	0	1	0	3	5	0	1	0	0	6	4	2	0	4	3	0	2	1	0	4	1	3	3	1	1	1	3	0	2	2	1	1	0	7	4	4	1	7	0	3	3	3	2	6	3	4	6	5	6	3	2	9	4	3	3	0	6	6	10	5	4	0	4	6	2	4	4	9	2	2	10	4	10	3	1	7	4	8	3	8	12	2	3	34	1	0	7	6	1	1	5	4	0	1	1	2	0	4	4	2	6	6	2	16	3	5	2	0	0	6	4	0	1	3	7	3	1	1	3	3	5	4	0	9	2	1	1	6	2	1	3	0	1	3	0	1	0	1	2	2	1	7	4	1	10	3	4	3	1	2	10	0	8	3	4	2	0	0	15	1	5	0	7	2	0	0	2	3	6	1	0	3	4	7	0	5	11	2	3	3	5	4	11	0	2	4	0	2	0	1	5	0	0	0	4	0	4	0	0	2	0	5	4	0	3	13	1	1	4	1	7	1	0	2	0	6	3	0	0	3	2	4	0	6	2	2	1	3	1	4	4	2	12	1	3	1	11	0	0	0	5	0	1	3	3	1	1	5	2	2	0	0	3	1	3	11	1	0	2	1	2	1	3	3	2	1	0	3	5	4	5	2	4	8	0	0	1	2	3	4	4	7	9	11	5	2	1	0	11	2	11	2	0	2	5	1	0	4	5	2	3	7	0	1	3	2	1	6	3	0	1	4	8	2	2	0	6	2	3	3	1	2	8	7	1	1	4	8	13	3	3	3	1	1	0	1	3	0	2	26	5	2	8	5	2	2	5	4	2	12	1	2	5	1	0	5	2	0	2	2	6	1	2	4	1	11	9	5	6	4	6	2	5	3	3	4	7	3	12	2	6	2	10	2	0	2	3	3	3	4	1	7	46	1	2	6	3	0	0	0	0	3	9	3	1	1	2	2	0	0	0	0	2	8	3	1	9	2	2	3	7	0	6	0	5	2	4	0	2	4	2	4	1	7	1	1	0	5	6	7	9	3	6	4	0	12	4	10	5	3	2	2	5	4	1	1	5	5	0	5	5	7	4	1	3	4	5	4	8	11	2	8	6	8	5	3	1	0	6	0	6	8	0	5	9	1	3	2	3	6	2	5	5	2	1	1	2	1	3	0	9	3	3	3	4	3	4	7	1	0	3	5	4	6	4	2	4	10	0	0	3	1	10	3	10	3	6	9	0	3	1	0	5	0	1	3	0	0	1	4	5	0	1	4	4	6	6	0	5	0	1	4	3	13	3	0	1	1	2	3	1	7	0	6	6	1	0	0	1	1	0
T[Ins(C):R1]A	2	0	1	1	3	1	0	0	2	0	0	0	2	1	0	0	0	0	1	1	0	0	1	0	0	2	1	1	1	0	0	0	0	0	0	2	0	0	2	5	0	0	1	0	4	2	1	0	1	0	0	0	2	1	2	0	1	0	0	3	1	0	2	0	1	0	0	1	1	0	1	2	1	2	0	0	0	1	0	2	0	1	0	0	3	3	0	0	3	0	0	0	6	1	1	2	2	1	0	0	0	0	1	0	0	0	4	0	5	1	2	0	0	2	1	0	0	0	0	3	1	0	1	0	2	0	0	0	3	1	0	0	0	2	0	2	0	0	0	0	0	1	1	0	0	0	0	0	0	1	0	4	3	2	0	1	1	3	1	1	0	1	0	3	0	0	0	4	1	1	0	1	1	1	1	0	1	0	2	0	0	3	2	0	0	2	2	3	1	1	1	0	0	0	0	2	0	0	0	0	0	1	1	1	1	0	1	0	0	0	0	0	1	0	1	1	1	2	0	1	0	0	1	2	1	1	1	1	1	1	2	1	0	0	0	0	0	2	1	1	0	1	2	0	0	2	1	0	2	2	0	1	2	2	0	0	1	0	2	1	4	1	0	0	0	0	0	2	2	1	2	1	1	0	1	0	0	0	1	0	1	0	0	0	0	1	1	0	1	3	1	0	2	1	1	1	1	1	1	2	0	0	2	2	1	0	2	1	0	0	1	0	0	1	0	1	0	0	0	1	0	3	1	1	0	0	0	1	1	1	0	0	2	1	4	1	0	0	0	0	1	1	1	1	2	1	0	2	2	1	0	2	0	1	1	1	1	0	0	0	0	0	0	0	1	0	0	1	1	1	3	0	0	3	0	2	0	0	2	1	0	1	0	1	2	2	1	2	4	0	3	2	0	0	1	0	0	8	0	0	1	0	1	0	1	0	0	3	2	1	0	0	1	0	0	0	0	1	0	0	0	1	2	0	0	0	0	0	2	3	0	1	0	2	0	0	1	2	2	0	0	0	1	1	0	1	0	2	0	0	2	0	3	1	0	1	0	2	0	0	1	1	0	0	2	1	0	0	0	0	1	0	1	4	1	1	1	0	0	1	0	0	1	1	0	4	0	0	2	0	1	0	1	1	0	1	2	1	0	1	0	1	0	0	0	1	0	2	1	0	2	1	2	1	0	2	1	1	1	1	0	1	2	0	1	1	1	1	2	0	0	0	0	0	0	0	0	3	0	1	0	0	0	0	0	1	0	0	1	0	1	3	0	1	0	0	0	0	4	0	0	0	0	1	0	0	1	0	0	2	0	0	0	0	0	1
T[Ins(C):R1]G	1	1	0	0	0	0	0	0	1	0	0	0	0	0	1	0	0	0	1	0	0	0	0	0	0	0	0	1	0	0	1	0	0	0	0	1	0	0	1	0	0	2	2	0	0	0	0	0	3	0	0	2	0	0	0	0	0	3	1	1	0	0	0	0	0	0	0	0	0	0	0	0	0	0	0	0	2	0	0	0	0	0	0	0	0	1	0	0	0	0	0	0	1	0	1	0	0	0	0	1	0	0	1	0	0	0	0	1	0	0	1	0	0	0	0	0	0	0	1	0	1	0	1	2	0	0	0	1	1	0	0	0	0	1	0	0	0	0	0	0	0	0	0	0	0	0	0	0	0	0	0	3	0	0	0	2	0	0	0	0	0	0	0	1	0	0	0	0	0	0	0	0	0	1	0	0	0	0	0	0	1	0	0	0	0	2	0	3	0	0	0	0	1	0	0	0	0	0	0	1	1	0	1	0	0	0	2	0	0	0	1	0	0	0	1	0	0	0	1	0	0	1	0	0	0	1	0	0	1	0	0	0	0	0	0	0	1	1	1	0	0	2	0	0	0	1	0	0	0	0	0	0	0	2	0	0	3	0	0	0	3	0	0	0	0	0	0	0	0	0	0	0	0	0	0	0	1	1	0	0	0	0	0	0	0	0	1	0	1	1	2	0	1	0	0	0	0	0	0	0	0	1	1	0	0	0	3	1	0	0	0	0	0	0	0	1	0	0	0	0	0	1	0	0	0	0	1	1	0	1	0	0	1	0	1	0	0	0	0	0	2	0	0	0	2	0	0	1	0	0	0	2	0	0	0	0	0	0	0	1	0	1	0	0	0	0	0	0	0	0	0	0	0	1	0	1	0	1	0	0	1	0	0	0	2	0	0	0	0	0	1	0	1	0	0	0	0	0	0	0	0	1	0	0	0	0	0	0	1	0	0	1	0	0	0	0	0	0	1	0	0	0	1	0	0	0	0	0	0	2	0	0	0	0	0	0	0	0	0	2	0	0	0	0	1	0	0	0	1	0	1	0	0	1	0	1	1	0	0	0	0	2	2	0	0	1	1	0	0	0	2	0	0	1	2	1	0	1	1	1	2	0	0	1	1	0	0	0	0	1	0	0	0	0	0	1	3	0	0	0	0	0	0	0	0	1	0	0	0	0	1	0	2	0	0	1	0	0	0	2	0	0	2	0	0	1	0	2	0	0	0	0	1	0	0	0	0	4	0	0	0	1	0	0	0	0	0	0	0	0	0	0	0	0	0	0	0	0	1	0	0	0	0	1	0	0	0	0	2	0	0	0	0	1	0	1
T[Ins(C):R1]T	0	1	0	0	4	0	2	0	0	1	0	2	0	0	4	0	0	0	0	2	0	1	0	0	1	0	1	3	1	0	1	2	0	0	1	1	0	1	2	1	4	3	5	0	1	2	1	0	4	0	2	1	1	0	1	0	3	1	2	1	0	1	2	3	3	0	1	0	2	3	1	1	4	1	1	2	2	1	2	1	2	3	2	1	0	2	1	1	5	1	1	3	6	1	3	4	0	1	2	4	0	0	2	4	2	2	9	1	9	1	2	0	0	0	2	0	2	2	2	7	1	0	0	2	5	3	5	0	3	7	1	0	4	4	1	4	0	1	1	1	2	1	0	5	1	2	3	1	1	7	4	7	0	3	3	6	0	9	2	4	0	3	0	3	2	1	0	2	2	1	0	1	2	2	2	0	1	1	2	0	3	5	0	1	0	4	0	8	2	0	4	1	5	1	0	3	1	0	2	2	1	1	0	0	2	0	1	0	1	2	1	0	2	2	3	5	1	2	0	0	0	3	4	0	0	1	1	0	2	3	0	2	2	1	3	2	0	8	0	0	2	1	4	0	1	2	0	0	0	1	2	1	3	2	1	0	0	0	0	0	7	2	0	1	0	0	0	2	0	0	1	0	2	1	1	1	4	3	6	0	0	1	0	1	2	5	3	2	6	7	0	0	1	6	1	4	0	0	0	1	0	0	4	4	1	1	3	3	2	0	0	0	3	1	0	0	1	2	1	1	0	6	1	1	2	1	3	2	2	3	1	1	5	3	8	0	3	0	2	2	0	1	2	1	12	4	5	3	2	0	1	4	1	5	4	1	0	6	1	4	4	1	0	1	0	0	3	0	6	0	2	2	3	2	2	2	1	2	3	1	0	5	0	5	1	9	0	2	1	0	3	6	1	3	4	1	5	20	2	1	4	1	1	0	0	0	0	4	4	0	1	2	0	0	0	1	1	0	2	3	1	4	1	0	1	3	1	0	0	4	2	2	2	1	1	0	0	1	1	1	0	0	3	1	1	13	1	4	3	0	12	3	0	1	4	2	0	0	3	3	0	5	2	2	8	0	3	3	0	3	5	2	3	4	3	2	2	3	0	8	7	1	2	1	2	3	4	4	3	7	2	0	0	2	1	0	3	4	1	0	0	1	1	1	0	3	0	1	4	1	5	3	3	2	0	1	3	2	10	1	0	1	6	1	0	1	1	1	0	2	4	2	1	2	1	2	0	6	1	4	0	2	0	2	6	4	1	0	3	1	5	3	0	1	0	0	3	0	11	1	0	0	1	5	3	0	3	0	7	0	1	0	0	0	5	0
T[Ins(C):R2]A	0	2	0	0	5	0	2	0	1	1	0	4	0	0	2	2	1	1	0	1	0	1	0	0	0	1	3	4	2	0	0	0	1	0	1	0	1	0	1	0	1	1	1	1	2	0	1	0	0	0	1	1	1	1	0	0	0	1	1	0	0	2	0	0	0	0	0	0	1	1	1	0	2	0	0	1	0	2	0	0	0	0	0	1	1	1	2	3	3	0	1	0	3	0	0	1	1	1	0	0	1	0	2	2	1	0	3	0	9	2	3	0	1	1	1	0	0	0	1	0	2	0	1	0	1	1	1	1	3	0	0	0	0	3	0	1	0	1	0	1	1	0	1	2	1	0	2	2	0	2	0	4	0	0	1	0	1	0	0	3	0	0	0	3	1	0	1	0	0	0	0	1	0	0	0	0	0	0	3	0	0	1	0	2	0	0	1	5	1	0	0	0	0	0	1	0	0	0	0	0	0	0	0	1	0	0	0	0	1	0	0	0	0	0	0	0	0	1	3	0	1	1	1	0	0	0	0	1	0	0	0	1	2	1	0	1	1	8	1	0	0	1	0	0	0	1	0	0	0	1	2	1	0	1	0	0	1	0	1	0	3	0	0	0	0	0	0	1	1	0	0	0	0	2	0	0	1	2	1	0	0	0	1	0	1	1	0	1	3	3	0	1	1	3	1	2	0	0	2	1	0	0	0	0	2	0	8	0	0	1	0	0	2	0	0	1	0	1	0	0	0	4	0	0	0	1	0	2	3	0	0	0	1	0	2	0	0	0	0	0	1	1	0	1	8	1	1	0	1	0	1	1	0	3	2	0	0	1	1	0	0	0	0	1	1	2	1	0	0	1	3	0	0	5	0	0	0	0	0	0	0	3	0	1	1	0	3	0	0	1	1	1	2	0	2	1	1	13	0	0	3	1	0	2	0	2	1	0	0	0	0	1	0	0	0	0	0	0	1	0	0	0	1	1	1	1	1	0	0	3	0	0	0	0	0	0	2	0	1	1	0	0	4	1	0	0	1	2	0	0	2	0	0	0	2	0	1	0	1	3	0	0	0	0	1	0	0	2	0	0	4	0	1	1	1	1	1	3	2	5	2	0	0	0	0	2	0	1	0	2	0	0	1	1	1	1	2	3	0	0	0	0	0	1	0	0	0	3	0	0	0	0	1	1	2	0	0	0	0	0	0	0	1	0	1	3	0	1	0	0	0	0	2	0	1	0	0	3	0	1	1	1	2	0	0	0	0	1	0	1	1	1	0	1	0	1	1	0	5	0	0	0	0	2	2	0	1	0	0	0	2	0	1	1	0	0
T[Ins(C):R2]G	0	0	0	0	2	0	0	0	1	2	0	1	0	1	1	0	0	0	1	0	0	0	0	0	0	0	1	2	0	0	0	0	0	0	1	1	0	0	0	0	0	1	0	0	0	1	0	0	0	0	0	0	0	0	0	1	0	2	1	1	0	0	1	0	0	0	0	0	0	0	0	0	0	0	0	0	1	0	0	0	0	1	0	0	0	1	0	1	1	0	0	0	2	0	0	0	0	0	0	0	0	0	0	0	0	0	1	0	2	0	1	0	0	0	0	0	1	0	0	0	0	0	0	0	1	0	0	0	1	0	0	0	0	0	0	0	0	0	0	0	0	0	0	1	0	0	0	0	0	1	0	2	0	0	0	1	0	0	1	0	0	0	0	0	0	0	0	0	0	0	1	1	0	0	1	0	0	0	2	0	0	0	0	0	0	1	0	2	0	0	0	0	0	0	0	0	0	1	0	1	0	0	0	0	0	0	0	0	0	0	0	0	0	0	0	2	0	0	0	0	1	0	0	0	1	1	1	0	0	0	0	0	0	0	0	0	0	1	0	0	0	0	0	0	0	0	0	0	0	1	0	0	1	0	0	0	1	1	0	0	1	0	0	0	0	0	0	1	0	0	0	0	0	0	0	0	2	2	0	0	0	0	0	0	0	0	1	2	0	0	1	1	0	1	2	0	0	0	0	0	0	0	0	0	0	0	0	0	0	0	0	0	1	0	0	0	1	0	0	0	0	0	0	0	0	0	0	1	0	0	0	0	0	0	1	0	0	0	0	0	0	1	0	0	5	0	0	0	0	0	0	1	0	1	0	0	0	2	0	0	0	1	0	0	0	0	0	1	0	0	0	0	1	1	0	1	0	0	0	0	0	2	0	0	0	0	0	1	0	0	0	1	0	1	0	0	0	3	0	1	0	1	0	0	0	0	0	0	0	0	0	0	1	0	0	0	0	0	1	1	0	0	0	0	0	0	0	0	0	1	0	0	0	0	0	0	0	0	1	0	0	0	0	0	0	2	0	2	0	0	1	0	1	0	0	1	0	0	0	0	0	0	1	0	1	0	2	1	0	0	1	0	0	0	0	1	0	1	0	2	0	0	0	0	1	1	2	0	0	1	0	0	0	0	0	1	2	0	0	0	0	0	0	0	0	0	0	0	0	1	0	0	0	0	0	0	1	0	0	0	0	0	0	0	0	0	0	0	0	0	0	0	0	0	0	0	0	0	0	1	0	0	1	0	0	0	0	0	0	0	0	0	0	0	0	0	0	0	1	0	0	0	0	0	0	0	0	0	1	0	0	0	0	0	0	0
T[Ins(C):R2]T	1	0	1	0	0	0	3	0	0	1	0	0	0	0	2	0	0	0	0	0	0	1	0	0	0	0	2	3	0	0	0	2	0	0	0	0	0	2	0	1	0	2	2	1	0	0	0	0	1	0	1	1	2	1	0	1	1	1	2	1	0	1	0	0	0	0	0	2	1	4	1	1	2	0	0	0	2	1	0	1	0	0	0	1	0	3	0	0	7	1	0	0	7	0	1	0	1	0	0	1	0	0	5	0	0	0	2	0	8	1	2	0	0	0	1	0	0	0	0	1	1	0	0	1	2	0	1	0	1	2	0	1	1	1	2	0	0	1	0	0	0	2	1	4	1	1	1	0	0	2	0	5	0	1	0	2	1	1	1	2	0	0	0	1	0	0	0	0	1	0	0	2	1	1	0	0	1	2	1	0	1	2	1	0	1	0	2	5	0	0	1	0	1	0	0	0	2	0	0	0	0	2	1	0	2	0	0	2	0	0	5	1	0	1	1	2	0	0	0	0	3	1	0	0	1	6	0	0	0	0	0	0	1	0	1	0	1	6	1	0	0	1	0	0	0	0	1	0	1	3	1	0	2	1	0	0	0	1	0	1	10	0	0	0	0	0	1	1	1	1	0	0	0	0	0	0	2	0	1	0	0	3	0	0	0	3	0	0	2	5	1	0	1	5	0	5	1	0	2	1	0	1	0	6	2	0	2	1	0	0	1	0	1	0	1	0	0	3	2	0	0	3	1	1	3	1	0	1	2	2	0	0	2	0	2	0	1	0	0	0	1	0	2	2	13	2	2	2	0	4	0	4	0	2	4	0	0	3	0	0	0	1	0	2	0	1	0	0	1	0	0	0	2	5	0	0	0	2	1	0	2	2	1	1	2	1	1	4	1	0	5	4	3	1	1	2	0	15	0	0	1	1	0	0	0	1	0	2	1	0	0	0	0	1	1	0	3	0	1	1	1	0	1	0	0	3	0	1	0	3	0	0	0	0	3	0	0	0	1	0	0	0	1	1	2	1	0	2	1	0	3	0	3	2	0	0	0	3	0	1	0	0	0	0	1	0	0	2	0	2	1	2	2	0	1	2	0	0	1	2	3	0	0	1	3	0	4	1	1	0	1	0	0	1	0	2	2	0	0	0	0	2	2	0	0	1	2	3	1	0	4	0	0	0	0	2	0	1	1	1	0	4	1	1	2	0	0	0	0	0	1	2	0	1	3	1	0	3	0	1	1	0	0	0	2	0	1	0	0	0	3	2	0	2	0	1	0	0	15	0	0	0	0	1	0	0	0	1	2	1	0	1	0	1	0	2
T[Ins(C):R3]A	2	2	0	0	7	0	2	1	4	5	0	1	1	0	5	3	1	0	4	0	0	0	1	0	1	0	1	4	1	0	1	2	0	0	0	0	0	1	2	0	3	0	5	0	4	0	0	2	3	1	2	1	1	0	2	1	2	3	1	1	1	3	2	2	1	0	0	1	0	2	0	5	2	3	2	5	1	2	1	0	0	0	1	0	0	6	0	1	2	1	1	3	12	0	0	3	0	0	0	2	0	0	3	1	0	0	3	0	29	3	4	1	0	0	2	0	1	1	1	2	0	0	0	1	3	2	0	0	4	2	0	0	4	0	1	1	0	0	0	0	1	0	0	2	0	0	2	2	0	5	0	4	0	1	2	4	0	3	0	5	0	4	0	13	1	1	0	3	0	0	1	4	0	0	0	0	0	1	6	0	2	4	1	0	1	4	2	20	0	0	3	1	0	0	0	0	0	1	0	0	0	0	0	1	2	0	1	4	0	1	5	0	1	0	0	5	0	0	5	0	5	2	3	0	2	8	0	0	1	1	0	4	1	0	1	1	0	10	0	0	1	1	4	0	0	2	1	0	0	1	0	0	2	1	2	0	1	0	0	0	10	0	0	0	0	0	0	3	2	0	0	0	1	0	1	0	3	6	7	0	0	1	0	0	1	7	6	3	2	11	2	1	0	4	2	7	0	0	2	2	0	0	1	1	0	0	3	0	0	0	0	0	4	1	0	0	2	6	3	1	1	6	0	1	0	1	2	2	8	2	0	1	4	9	2	0	3	1	0	1	0	3	0	0	14	2	4	3	0	0	1	6	0	1	4	4	0	3	0	0	0	0	0	1	0	1	0	1	2	0	6	0	0	4	1	3	0	2	3	0	2	5	0	2	3	4	1	3	3	0	4	2	1	0	0	0	0	24	2	0	1	0	1	0	1	0	0	3	0	0	2	1	1	0	0	0	3	0	2	0	0	3	0	1	1	1	1	0	2	9	0	1	1	0	2	0	2	0	1	1	0	1	5	2	1	2	0	7	0	2	3	1	2	7	3	1	0	3	2	0	0	2	6	0	2	1	2	3	0	5	3	0	1	3	1	2	1	2	2	11	4	0	0	0	0	5	4	0	1	2	1	0	1	0	0	1	4	5	1	0	0	1	0	1	0	1	1	2	1	1	3	1	5	4	0	4	3	1	4	1	0	2	5	0	0	2	0	2	0	0	0	2	3	0	0	0	0	9	0	2	1	0	0	0	0	1	0	0	2	0	5	5	0	0	1	2	2	0	20	1	0	0	0	1	0	0	1	0	7	0	1	0	1	0	0	0
T[Ins(C):R3]G	0	0	0	0	6	0	0	0	1	1	0	0	0	0	1	1	0	0	1	0	0	0	0	0	1	0	1	1	0	0	0	0	0	0	2	1	0	0	4	0	1	0	2	1	1	2	0	0	0	0	0	1	0	1	1	0	0	1	1	2	0	0	1	0	2	0	0	0	0	2	2	1	1	1	0	0	0	1	2	0	0	2	0	1	0	2	0	1	4	0	1	2	3	0	0	2	0	0	0	0	0	0	2	1	0	0	3	0	12	0	0	0	0	0	0	0	0	0	1	1	0	0	1	0	0	0	2	0	4	0	1	1	3	0	0	3	0	0	0	1	0	0	0	1	1	1	1	0	0	0	1	3	0	0	0	1	0	2	1	0	0	1	0	3	0	0	0	0	0	0	0	1	0	0	0	0	1	1	1	0	1	3	1	0	0	0	0	5	0	0	1	0	1	0	0	0	0	0	0	0	0	0	0	0	0	0	1	0	0	0	0	0	0	0	0	2	1	0	0	0	3	1	0	0	0	3	0	0	2	4	0	0	0	0	1	0	0	5	0	0	0	1	0	0	0	0	0	0	0	0	0	0	1	0	0	0	1	0	0	2	5	0	0	0	0	0	0	2	0	0	0	0	0	0	0	0	2	0	0	0	0	0	0	0	2	1	2	1	0	2	1	0	0	0	1	6	1	0	0	0	0	1	0	1	0	2	2	0	0	0	0	0	5	0	0	0	0	6	2	0	0	0	0	2	1	0	0	1	0	0	0	0	2	3	1	0	1	0	0	0	0	1	0	0	7	0	1	0	0	0	0	0	0	0	1	0	0	0	0	1	0	1	0	1	0	0	0	0	1	0	2	2	0	2	1	0	0	1	2	0	2	0	0	1	1	2	0	5	0	0	1	1	0	0	1	0	0	15	0	0	0	2	0	0	0	0	0	1	0	0	0	1	0	0	0	0	0	0	0	1	0	0	0	0	0	0	0	0	0	3	0	0	0	0	0	0	1	0	3	0	0	0	1	2	0	2	0	0	0	1	4	1	3	5	1	0	0	2	0	0	0	1	1	0	1	0	1	1	0	1	1	1	0	2	0	0	0	0	1	6	2	1	0	0	0	0	2	0	1	0	0	1	0	0	0	1	2	2	0	0	0	0	0	1	0	0	0	4	0	0	2	0	1	0	0	0	0	1	2	0	0	0	2	0	0	2	0	0	0	1	1	1	1	0	1	0	0	1	0	0	0	1	0	0	0	3	0	0	0	0	2	0	0	1	0	0	2	0	4	0	0	0	0	2	1	0	0	0	2	1	0	0	0	0	0	0
T[Ins(C):R3]T	2	2	1	2	4	0	0	1	2	4	1	1	0	0	5	1	0	0	3	0	0	0	1	0	1	0	1	5	0	0	0	1	0	0	2	0	0	0	0	0	2	1	6	0	1	3	0	0	4	4	1	2	0	3	2	0	1	2	1	0	1	1	2	1	0	1	0	1	2	0	0	2	0	0	0	3	1	1	0	0	0	0	3	1	0	5	0	0	10	1	0	2	4	0	2	0	1	0	2	0	0	0	1	0	0	1	4	0	8	2	4	2	1	0	1	0	2	0	2	2	0	0	1	2	2	1	1	0	2	2	0	0	2	0	2	2	0	3	0	0	0	0	1	1	0	0	0	0	1	4	0	5	0	1	0	4	0	2	0	0	0	1	0	8	3	0	1	1	0	0	1	1	0	1	0	0	0	3	3	1	2	4	1	0	0	0	3	10	0	0	1	0	1	3	0	0	0	1	0	2	0	3	2	0	0	0	1	0	0	0	6	0	0	2	1	3	0	0	1	0	3	0	1	0	0	2	0	0	0	0	0	1	1	0	0	0	0	4	0	0	0	3	0	0	0	1	0	0	2	0	0	1	2	1	0	0	2	1	0	2	10	0	0	0	1	0	1	1	3	0	0	0	0	0	0	0	1	4	5	1	0	0	0	0	0	8	1	4	2	5	3	0	0	3	1	6	0	0	0	0	0	0	0	2	0	1	3	0	0	0	0	0	5	0	0	1	2	2	3	1	0	2	0	0	4	0	0	3	2	3	1	0	3	2	2	0	2	0	1	0	1	0	0	1	13	1	2	1	1	2	1	6	1	2	0	3	0	5	1	0	0	2	0	1	1	0	1	0	1	1	7	0	3	2	2	2	0	0	0	2	2	12	2	3	3	3	0	1	2	0	3	2	0	1	0	0	3	28	0	0	0	1	0	0	0	1	1	1	1	0	0	0	0	2	0	0	0	0	1	1	2	3	0	1	0	0	0	2	0	0	0	2	0	1	0	0	2	0	1	1	1	0	3	4	0	3	0	0	0	1	7	1	0	2	0	3	0	7	1	1	0	1	2	1	1	3	0	1	0	0	1	0	1	2	0	3	1	3	1	6	2	1	0	0	0	4	4	0	5	3	0	0	0	0	1	4	3	4	0	0	0	0	2	0	0	1	1	3	1	0	1	3	3	1	0	2	3	0	2	1	1	1	1	0	0	2	0	0	0	3	3	1	3	2	0	1	0	6	0	1	0	1	1	0	4	4	0	0	1	0	6	4	0	4	0	0	1	0	13	1	0	0	0	2	0	0	0	0	7	2	0	0	0	1	0	0
T[Ins(C):R4]A	1	3	0	1	7	0	2	0	2	7	0	11	0	0	8	3	0	1	8	0	0	0	0	0	2	1	2	10	0	0	0	4	0	0	0	0	0	1	1	1	0	4	11	0	1	1	0	2	4	0	1	1	1	2	1	1	2	5	3	1	2	0	1	2	1	0	0	2	0	1	2	5	1	5	3	10	2	4	1	0	2	5	3	4	2	3	3	0	47	0	2	4	12	0	2	1	0	0	0	1	0	0	1	2	2	1	8	2	24	1	6	0	0	0	0	1	2	1	6	3	2	2	2	2	1	0	1	0	7	4	0	0	5	1	0	0	0	1	0	0	0	0	0	3	0	2	0	0	1	51	0	10	0	1	4	1	1	3	2	5	3	6	0	8	1	3	0	2	0	0	1	9	1	0	0	1	0	5	5	0	2	2	3	0	0	4	2	10	0	0	4	1	4	0	0	1	2	1	0	1	0	3	0	1	1	0	4	5	1	4	10	0	1	2	0	4	2	0	2	0	5	3	1	1	0	4	1	0	3	6	0	0	1	0	2	2	0	16	1	0	1	14	0	0	1	2	0	0	2	0	3	0	4	3	0	0	0	0	0	1	7	1	0	0	1	2	2	3	2	0	2	0	2	0	0	3	8	3	7	0	0	0	2	0	1	7	2	2	2	11	3	0	0	3	3	3	1	1	1	0	0	1	0	0	1	2	2	0	0	0	1	0	6	0	0	1	2	6	5	0	0	0	0	0	2	0	1	3	5	3	1	0	7	9	6	0	5	0	0	0	0	4	0	1	12	1	7	0	3	1	0	3	0	3	0	3	0	3	0	1	1	0	0	3	0	0	3	2	4	0	1	5	1	11	2	2	0	3	1	2	1	3	0	2	4	3	0	10	2	0	3	1	1	1	3	1	0	42	1	2	4	3	0	0	0	1	0	2	0	0	0	1	0	1	0	0	3	0	3	1	0	2	0	0	0	2	0	5	2	8	1	4	1	2	2	0	1	1	3	1	0	0	5	2	3	2	2	0	1	5	10	1	3	5	1	3	3	6	1	0	0	5	1	0	0	5	3	2	0	8	6	0	3	3	1	4	2	3	3	5	2	0	0	0	0	2	5	1	2	4	1	1	1	1	1	4	5	9	0	0	0	2	0	0	0	0	1	2	2	0	4	2	1	0	1	3	4	2	3	4	0	2	6	0	2	1	2	1	0	6	1	2	4	0	2	1	2	5	2	0	2	1	1	0	3	2	0	0	1	1	2	4	0	2	0	4	0	1	26	2	0	0	0	1	0	0	2	0	3	3	1	0	1	0	2	0
T[Ins(C):R4]G	0	2	0	0	1	0	0	0	0	1	0	0	0	0	0	0	0	0	0	0	0	0	0	0	0	0	0	1	0	1	0	1	0	0	0	0	0	1	0	0	0	0	0	0	0	0	0	0	1	0	0	0	0	0	1	0	0	0	0	0	0	0	3	1	0	0	0	0	0	0	0	0	1	1	0	2	0	2	0	0	1	0	0	0	0	1	1	0	2	1	0	0	0	0	0	0	0	0	0	0	0	0	0	0	0	0	3	0	4	2	0	0	0	0	1	0	0	0	0	0	0	0	1	1	2	0	0	0	0	0	0	0	0	0	0	0	0	0	0	0	0	0	0	0	0	0	0	0	0	4	0	3	0	0	1	1	0	1	1	0	0	0	0	1	0	0	0	0	0	0	0	1	0	0	0	0	0	0	0	0	0	0	0	0	0	2	0	1	0	0	0	0	0	0	0	0	0	0	0	0	0	1	0	0	0	0	1	1	0	0	2	0	0	1	0	1	0	0	0	0	1	0	0	0	0	0	0	1	0	0	0	2	1	1	0	0	0	1	0	0	1	1	0	0	0	0	0	0	0	0	0	0	1	1	0	0	0	0	1	0	3	0	0	0	0	0	0	0	0	0	0	0	1	0	0	1	0	1	0	0	0	0	0	0	1	0	0	1	0	1	0	0	0	1	0	1	0	0	0	0	0	0	0	1	1	1	0	0	0	0	0	0	0	0	0	0	0	1	0	0	0	0	0	0	1	0	0	1	1	0	0	0	0	0	1	0	0	0	0	0	0	2	0	0	5	2	0	0	0	0	0	1	0	0	0	2	0	0	0	0	0	0	0	0	0	0	1	1	0	0	0	0	0	4	0	0	1	1	0	0	1	0	0	0	1	0	0	2	1	0	0	0	0	0	0	1	1	9	0	0	1	0	0	0	0	0	0	0	0	0	0	0	0	0	0	0	1	0	0	0	0	0	0	0	0	2	0	0	0	1	0	1	0	0	0	0	0	0	0	0	0	0	1	1	0	2	0	1	1	0	5	1	0	1	0	0	2	1	0	0	0	1	0	0	0	0	0	1	0	1	0	0	0	3	0	1	0	1	1	2	0	0	0	0	0	3	1	0	2	1	0	0	0	0	0	0	1	1	1	0	0	0	0	1	1	0	1	0	0	1	0	0	0	0	1	0	0	0	0	0	0	0	1	0	0	0	0	0	0	0	0	0	1	0	0	0	0	0	0	0	1	0	0	0	0	0	0	0	0	0	0	0	1	0	0	1	0	0	1	0	0	0	1	1	0	0	0	0	1	1	0	0	0	0	0	0
T[Ins(C):R4]T	1	2	0	0	2	0	0	0	2	3	0	1	0	0	5	0	0	1	1	0	0	0	0	0	0	0	0	5	0	0	0	1	0	0	0	0	0	0	2	1	3	1	4	0	1	0	0	0	4	0	2	1	0	2	0	1	0	4	1	1	1	1	3	1	4	1	0	0	0	1	1	4	1	2	2	4	1	3	0	4	0	1	0	2	1	0	3	0	28	0	0	2	8	0	0	2	4	0	2	0	0	0	4	3	0	0	5	0	9	1	2	0	0	0	0	0	1	0	4	3	2	0	0	5	5	0	0	0	1	2	1	0	4	1	1	1	0	1	0	0	0	0	0	2	1	1	2	1	1	25	1	8	1	0	2	0	1	2	0	2	1	0	0	4	1	0	0	2	0	1	0	0	0	1	1	0	0	1	1	0	0	1	0	0	0	1	1	9	0	0	0	2	2	1	0	0	0	0	1	3	0	1	1	2	0	0	1	1	0	0	12	0	0	0	0	1	0	0	1	0	1	2	0	0	1	4	2	0	2	1	0	1	0	2	0	2	0	13	0	0	0	9	0	0	0	1	0	0	2	0	2	0	1	1	0	0	1	0	0	0	7	1	0	0	0	1	2	1	0	0	0	0	3	1	0	1	1	3	2	0	0	0	0	0	0	1	2	2	0	5	1	0	0	3	1	9	0	0	1	0	1	0	1	2	2	0	4	0	0	1	0	1	0	0	1	0	0	3	0	0	1	1	0	1	2	0	0	1	3	1	2	0	4	4	4	0	4	0	0	2	0	4	0	0	16	4	4	0	1	2	1	5	1	4	0	14	0	1	0	1	1	4	0	5	0	0	2	1	0	0	3	0	1	5	2	0	0	1	1	0	0	4	1	2	0	1	1	4	1	0	2	3	1	0	2	0	2	47	2	0	1	2	2	0	0	0	0	1	0	0	0	0	0	1	0	0	1	0	3	2	0	2	0	0	0	0	0	2	1	0	0	0	0	1	0	1	0	1	2	2	0	1	0	0	2	1	0	1	2	1	9	0	1	7	2	1	0	1	0	2	0	3	0	0	4	2	4	1	0	2	2	2	1	2	0	1	5	2	1	3	3	0	0	1	0	2	3	2	0	2	3	0	1	0	1	0	4	1	0	1	0	0	1	2	1	0	1	1	1	0	2	0	2	0	0	1	0	0	3	0	0	3	4	1	1	1	0	1	1	1	2	1	3	0	1	0	0	7	1	0	1	0	1	1	1	0	0	1	0	1	1	2	0	1	0	0	0	0	13	0	0	0	0	3	0	0	2	0	4	5	2	0	0	0	0	0
T[Ins(C):R5]A	0	1	0	0	4	0	2	3	1	2	0	0	0	0	7	2	1	0	0	1	0	2	0	0	2	1	0	4	0	0	0	3	0	0	0	0	0	1	1	1	1	4	5	0	2	1	2	0	2	0	1	3	0	2	1	1	0	2	0	0	1	0	1	2	1	1	0	0	1	1	0	4	0	1	2	2	1	1	2	0	0	2	1	1	1	2	0	1	20	0	1	4	10	1	0	2	0	0	2	0	2	0	1	2	0	1	6	1	11	5	6	1	0	1	1	0	1	0	0	5	1	0	3	0	2	2	2	0	4	2	0	0	1	0	0	1	0	0	0	1	1	2	0	3	0	1	0	1	0	14	0	5	1	0	2	5	1	6	4	2	1	2	1	7	1	0	0	0	1	0	0	3	0	1	0	0	0	0	0	0	3	5	1	0	1	1	0	10	0	0	0	0	2	0	2	1	0	0	0	2	0	0	0	1	0	1	4	3	0	1	15	0	0	1	1	3	4	2	2	0	4	0	0	0	0	3	0	0	1	5	0	1	2	1	2	1	0	9	0	0	2	4	0	0	0	3	1	1	0	0	1	0	2	4	1	0	1	1	0	0	6	0	0	2	2	0	1	1	0	0	1	0	1	1	0	0	1	1	6	0	1	0	1	2	2	5	1	3	3	5	1	1	1	0	1	3	0	1	1	0	0	0	1	1	1	1	9	0	0	0	0	0	6	0	0	1	1	3	1	0	0	0	0	0	0	1	2	0	6	1	0	0	6	7	0	1	1	0	0	0	0	2	1	0	5	2	1	1	2	0	0	5	1	4	3	3	0	5	0	0	3	2	0	2	0	0	4	1	0	0	1	0	2	3	2	3	0	2	2	3	0	8	0	2	1	4	2	6	1	0	2	1	2	0	2	0	2	35	0	0	2	1	0	1	0	0	1	7	1	0	0	0	1	0	0	0	1	0	2	2	0	3	1	1	2	0	0	1	2	3	0	3	0	3	1	2	1	0	2	1	0	0	8	3	2	3	0	2	0	6	10	1	4	0	1	1	2	2	0	2	0	2	2	0	1	1	1	1	0	4	2	1	1	4	0	0	3	2	3	4	2	0	0	1	0	1	2	0	3	5	0	0	0	0	0	0	5	3	0	0	0	0	1	3	0	1	1	2	0	0	3	4	3	1	1	0	0	0	4	2	0	0	2	1	0	0	0	0	0	1	2	1	1	0	1	0	2	2	0	1	4	0	0	1	1	2	0	0	4	0	3	4	0	0	0	0	0	0	8	1	0	0	0	3	0	2	3	0	5	1	0	0	0	0	1	0
T[Ins(C):R5]G	0	0	0	0	1	0	1	1	1	0	0	0	0	0	0	1	0	0	0	0	0	0	0	0	0	0	0	1	0	0	0	0	0	0	0	0	0	1	0	1	0	0	1	0	0	1	1	0	1	0	0	0	1	0	0	0	0	0	0	0	0	0	1	0	1	0	0	0	0	0	0	0	0	1	1	0	0	0	0	0	0	1	0	0	0	0	0	0	5	0	0	1	2	0	1	1	0	0	0	0	1	0	0	0	0	0	0	0	1	1	1	0	0	0	0	0	0	0	0	0	1	0	0	0	0	0	1	0	1	1	0	0	1	0	0	0	0	0	0	0	0	0	0	0	0	0	0	1	0	7	0	2	0	0	1	0	0	0	0	1	0	0	0	2	0	0	0	0	0	0	0	0	0	0	0	0	0	0	0	0	1	0	1	0	0	0	0	1	0	0	2	1	0	1	0	0	0	0	0	1	0	0	0	0	0	1	0	0	0	0	5	0	0	0	0	1	0	0	1	0	0	0	0	1	0	1	0	0	0	1	0	1	0	0	0	0	0	1	1	1	0	4	0	0	0	1	0	0	0	0	0	0	0	0	0	0	0	0	0	0	0	0	0	0	0	0	0	0	0	0	0	0	0	0	0	0	2	2	1	0	0	2	0	0	0	0	1	0	0	1	1	0	0	3	0	3	0	0	0	1	0	0	0	1	0	1	1	0	0	0	0	0	0	0	0	0	0	1	1	0	0	0	0	0	0	1	0	0	1	1	0	0	0	1	1	0	0	0	0	0	0	1	1	0	2	0	1	1	0	0	0	0	0	1	0	1	0	1	0	0	1	1	0	1	0	1	0	0	1	0	1	0	0	0	0	0	0	1	0	0	0	1	0	0	1	0	0	0	0	0	0	1	1	0	0	0	0	13	0	0	1	0	0	0	0	0	0	0	0	0	0	0	0	0	0	0	0	0	0	0	0	0	0	0	0	0	0	1	1	3	0	0	0	0	0	0	0	0	0	0	0	0	0	0	0	2	0	0	0	3	3	0	1	1	2	0	1	1	0	0	0	0	0	0	0	0	0	1	0	0	0	0	1	0	1	0	0	1	0	2	1	0	0	0	0	0	0	0	2	1	1	0	0	0	0	1	1	1	0	0	0	0	0	2	0	1	0	1	0	0	0	0	2	1	0	0	0	0	0	2	0	0	0	0	0	1	0	1	0	0	0	0	0	0	0	0	0	2	1	0	0	0	0	0	0	1	0	0	1	0	0	1	0	0	0	0	0	0	3	0	0	0	0	1	0	0	1	0	1	0	0	0	0	0	1	0
T[Ins(C):R5]T	0	1	0	0	1	0	0	0	2	1	0	1	0	0	2	1	1	1	1	1	0	1	0	0	2	1	2	3	0	0	0	0	0	0	0	0	0	1	0	0	1	1	4	1	2	1	2	0	2	0	1	0	0	3	1	1	1	0	0	0	1	0	2	2	2	0	0	0	0	1	1	3	0	0	0	0	3	0	0	1	0	0	5	2	1	2	2	1	19	2	0	1	5	0	1	1	4	0	0	2	0	0	0	0	0	2	2	0	4	1	5	0	0	0	5	0	0	0	0	1	3	0	0	2	1	0	2	0	2	1	1	0	1	0	1	1	0	3	0	1	0	0	0	1	0	0	3	2	0	17	0	5	0	0	0	2	0	2	0	0	0	2	0	3	1	1	0	0	0	0	0	0	1	1	1	1	0	1	3	0	0	0	0	1	0	3	1	5	0	1	1	1	0	0	0	1	0	0	0	0	0	1	0	1	0	0	0	0	1	0	17	0	2	0	1	1	1	0	0	0	1	1	0	2	0	1	0	0	1	1	0	0	1	0	0	0	0	6	0	0	0	7	1	1	1	0	1	0	0	0	1	3	2	2	0	0	0	2	0	0	4	0	0	0	1	0	1	1	2	0	0	0	2	2	1	0	1	4	1	0	0	0	0	2	1	1	1	0	0	1	2	0	0	0	1	2	0	0	1	3	0	0	0	0	1	1	3	0	0	0	1	0	1	0	0	0	1	3	1	0	0	0	0	2	0	1	0	1	3	1	1	0	4	1	4	0	1	1	1	1	0	1	1	0	10	1	2	3	1	1	1	1	0	0	0	4	0	2	0	2	0	1	1	3	0	0	0	4	1	0	2	2	0	5	1	0	1	1	0	1	0	3	1	1	1	3	0	1	0	1	1	1	0	0	1	1	0	43	0	3	1	2	0	1	0	0	1	1	0	0	2	0	0	0	1	0	0	0	4	1	0	1	0	0	0	2	0	0	0	5	0	0	1	2	1	0	0	0	4	0	0	0	3	0	1	2	1	1	0	1	5	1	3	2	2	0	1	0	0	1	0	2	1	0	2	0	4	0	0	3	3	0	1	2	1	6	1	1	0	2	3	1	0	0	0	0	3	0	2	2	0	0	0	0	0	3	2	0	0	0	0	0	0	0	0	0	0	2	0	0	0	1	4	2	0	0	0	0	3	2	0	0	2	0	0	0	1	0	0	3	0	3	0	1	1	0	1	2	1	0	1	0	0	0	3	1	0	0	0	0	0	1	0	0	0	0	2	1	5	0	0	0	0	3	0	0	1	0	6	0	0	0	0	1	1	0
T[Ins(C):R6]A	0	0	1	0	1	0	0	0	2	1	0	0	0	0	5	1	0	0	1	2	0	1	0	0	0	0	0	3	0	0	0	0	0	0	0	0	0	1	1	1	0	1	3	2	1	0	1	1	1	1	1	0	0	2	1	0	0	2	0	0	0	0	2	0	0	1	0	1	0	1	1	3	0	0	0	3	1	2	0	0	0	1	1	2	2	2	2	0	37	0	0	1	8	0	2	1	0	0	1	1	0	0	2	1	1	0	2	0	5	2	0	1	0	0	2	3	0	0	0	2	1	1	0	0	6	1	1	0	1	0	0	0	2	1	0	1	0	1	1	1	0	0	0	1	0	0	0	1	1	21	0	3	0	0	3	1	0	3	0	1	0	0	1	4	0	0	0	0	1	0	0	2	0	1	2	0	0	2	2	0	1	2	0	2	0	2	1	5	1	0	2	0	0	0	0	1	0	0	0	1	0	1	0	0	1	0	0	1	0	0	12	0	0	0	1	1	0	0	2	0	2	0	0	0	0	0	0	0	2	1	1	1	0	2	0	0	1	12	0	1	0	12	0	0	1	3	0	0	0	0	1	0	1	2	0	1	0	1	0	1	3	0	0	0	0	1	2	3	4	0	0	0	1	1	0	1	1	1	2	0	1	0	1	2	2	1	0	1	2	6	2	1	0	5	0	0	0	0	0	1	0	0	3	1	2	0	3	0	1	0	0	0	1	0	0	0	0	1	2	1	0	3	0	0	2	0	0	1	5	0	0	0	2	2	2	0	2	0	1	1	0	1	0	1	6	6	1	0	0	1	0	0	0	3	1	0	0	1	1	0	1	1	0	1	0	0	0	0	2	0	4	2	4	2	1	0	0	0	1	0	0	1	0	1	0	1	1	4	0	0	2	2	0	0	0	1	0	48	0	2	1	0	0	0	0	0	0	5	1	0	1	1	0	0	0	0	0	0	1	0	0	2	1	2	1	1	0	1	2	4	1	2	0	0	0	1	0	0	2	0	1	0	2	2	1	3	1	1	1	1	2	0	4	1	1	0	1	4	0	0	0	1	0	0	0	2	5	0	0	3	1	1	2	3	1	1	1	2	3	1	1	0	0	1	2	1	0	1	3	4	1	0	0	2	1	1	1	1	0	0	0	0	2	1	1	0	0	4	1	0	0	2	2	1	2	0	0	1	2	1	0	0	3	1	0	0	1	2	1	1	3	0	1	0	1	0	0	3	0	1	0	0	2	0	1	2	0	0	1	0	4	3	0	0	1	1	1	0	2	1	0	0	0	0	0	0	0	0	1	1	1	0	1	0	0	0
T[Ins(C):R6]G	0	0	0	0	2	0	0	0	0	0	0	0	0	0	1	0	1	1	0	0	0	0	0	0	0	0	0	0	0	1	0	0	0	0	1	0	0	0	0	1	0	1	1	0	0	0	0	1	0	0	0	0	0	0	0	0	0	0	0	1	0	0	0	0	0	0	0	0	0	0	0	0	0	0	0	0	0	0	0	0	0	0	0	0	0	1	0	0	13	0	0	0	0	0	0	2	0	0	0	0	0	0	1	0	0	0	1	0	0	0	1	0	0	0	0	0	1	0	2	0	0	0	0	1	0	0	0	0	0	0	0	0	0	0	0	0	0	0	0	0	0	0	0	0	0	0	0	0	0	5	0	0	0	1	0	0	0	1	0	0	0	0	0	0	1	0	0	0	0	0	1	0	0	0	0	0	0	0	1	0	0	0	0	2	0	1	0	0	0	1	0	0	0	0	0	1	0	1	0	0	0	0	0	0	0	0	0	0	0	1	6	0	0	0	0	0	0	0	1	0	0	0	0	1	0	0	0	0	0	1	0	0	0	2	0	0	0	2	0	0	0	4	1	0	0	0	0	0	0	0	0	0	0	0	0	0	0	0	0	0	0	0	0	0	0	0	0	0	0	0	0	0	1	2	0	0	0	0	0	0	0	0	0	0	1	1	1	0	0	1	0	1	0	0	0	1	1	0	0	0	0	2	0	0	1	0	0	2	0	0	0	0	0	0	0	1	0	1	0	0	0	0	0	0	0	0	1	0	0	0	0	0	1	1	0	0	0	0	0	0	0	0	0	0	1	0	0	0	0	0	0	0	0	0	0	0	0	0	0	0	0	1	0	0	0	1	0	1	0	0	0	0	0	1	0	0	0	0	0	0	0	0	0	0	1	0	0	0	0	0	0	0	0	0	2	0	0	19	0	0	0	0	0	0	0	2	1	1	0	0	0	1	1	0	0	0	0	0	1	0	1	0	0	1	0	0	0	0	0	1	0	0	2	0	0	0	1	0	0	0	0	0	1	0	1	0	0	0	1	1	1	1	0	1	0	0	0	0	0	0	0	0	0	0	0	0	0	0	0	0	0	0	0	0	0	1	1	0	1	0	1	1	0	0	2	1	1	0	0	0	0	1	0	1	0	0	1	1	0	1	0	0	1	0	0	0	0	0	0	0	0	0	0	1	1	0	0	0	0	1	0	0	0	0	0	0	0	0	0	0	1	0	0	0	1	0	0	0	0	1	0	1	0	0	1	1	0	0	1	0	0	0	0	0	0	0	0	0	0	0	0	0	0	0	0	0	0	0	1	1	0	0	0	0	2	0
T[Ins(C):R6]T	1	0	0	0	2	0	1	0	0	4	0	0	0	0	1	1	0	0	0	0	0	0	0	0	1	0	0	2	0	0	0	0	0	0	0	0	0	0	0	0	0	1	1	0	1	0	1	0	1	0	1	0	0	0	1	1	1	0	0	1	0	1	0	0	0	0	0	0	0	0	0	1	0	1	2	0	0	0	1	0	1	1	2	0	1	0	0	0	19	0	0	2	2	0	0	0	1	0	1	0	0	0	1	0	1	1	0	0	6	1	0	0	0	0	0	0	0	0	2	3	0	1	1	1	1	0	0	0	2	0	0	0	1	0	0	0	0	0	0	0	1	0	0	0	1	1	0	0	0	16	0	1	0	0	1	0	0	3	0	0	1	0	0	0	2	1	0	1	0	0	1	0	0	0	1	1	0	0	1	0	0	0	1	1	0	0	0	2	0	0	0	2	1	0	0	0	0	2	0	0	0	0	1	0	0	0	1	0	0	0	9	0	1	1	0	1	0	0	0	0	0	2	0	0	0	1	0	0	0	0	0	1	0	0	0	0	0	1	0	0	0	6	0	0	0	1	0	0	0	0	0	0	0	0	0	0	1	2	0	0	1	0	0	0	1	0	2	0	0	0	0	0	1	0	0	1	0	2	2	0	0	0	0	1	0	0	0	0	0	1	0	0	0	1	0	1	0	0	0	0	0	0	0	0	2	0	1	0	2	0	0	0	1	0	0	0	1	1	0	0	0	0	0	0	0	0	0	0	0	0	0	0	1	1	0	0	0	0	0	0	0	0	0	0	0	1	2	2	0	0	0	0	3	1	0	0	0	1	1	0	3	1	0	1	0	1	2	0	0	0	2	0	0	4	1	0	0	1	0	0	0	1	0	3	0	1	0	1	0	0	0	1	2	0	0	0	0	35	0	0	0	0	0	1	1	0	0	1	3	0	0	0	0	0	0	0	0	0	0	0	0	0	0	0	0	0	0	1	1	0	0	0	0	0	0	0	0	0	0	0	0	0	2	0	1	1	0	0	0	1	0	0	2	1	0	1	0	0	0	0	0	0	0	1	1	3	0	0	0	0	1	0	2	0	0	1	0	1	1	2	2	1	0	0	1	1	0	0	0	1	1	0	0	0	1	1	1	1	0	0	0	0	1	1	0	0	0	1	0	0	1	0	0	0	0	1	0	0	2	0	0	0	1	1	1	0	1	0	0	1	1	0	1	0	0	1	0	0	1	0	0	0	0	0	0	2	0	0	0	0	2	0	0	1	0	0	1	0	7	1	0	0	0	0	0	0	0	0	2	1	0	0	0	0	1	1
T[Ins(C):R7]A	0	0	0	0	0	0	0	0	1	0	0	0	0	1	2	0	1	0	1	1	0	0	1	0	0	0	1	0	0	0	0	0	0	0	0	0	1	0	0	1	0	0	0	1	0	2	3	0	2	0	0	0	0	3	0	0	1	0	0	0	0	0	0	1	0	1	0	1	1	0	1	1	0	0	1	1	2	3	0	0	0	2	1	0	1	0	0	1	80	1	1	0	2	1	0	0	1	0	1	1	0	1	0	1	2	0	2	0	2	1	3	0	1	1	0	1	0	0	0	1	0	0	0	0	0	1	0	0	0	0	0	0	2	0	0	1	0	1	2	0	3	0	0	2	1	1	2	0	0	39	1	1	0	1	0	1	0	2	1	0	2	0	0	0	2	0	0	0	1	2	1	0	0	0	1	0	0	0	2	1	0	0	2	1	0	2	2	6	0	0	1	1	2	1	2	0	0	1	1	3	1	0	0	0	0	1	0	2	0	0	30	0	2	0	0	1	0	0	2	0	0	0	0	1	1	2	0	0	0	2	1	0	0	1	1	0	0	2	0	0	0	24	3	1	0	0	0	0	1	0	1	0	1	0	0	0	0	8	0	0	2	0	0	0	1	0	0	2	1	1	1	0	2	1	0	2	1	0	0	0	0	1	0	1	0	0	1	0	0	3	1	1	1	0	4	2	0	2	0	0	0	0	0	0	4	0	2	1	2	1	0	0	0	0	0	3	1	2	4	0	0	0	0	0	0	0	0	2	1	2	0	0	2	2	1	3	3	0	0	0	1	0	1	0	2	0	0	1	1	2	1	1	0	1	1	0	2	2	0	0	2	4	1	2	0	3	1	0	1	0	1	0	3	1	1	1	0	2	1	1	0	0	1	1	0	1	1	1	1	1	0	3	0	1	0	2	0	134	1	1	1	1	0	1	0	0	1	1	0	2	0	0	0	0	2	0	1	2	0	0	3	0	6	0	1	0	3	1	1	1	1	1	0	0	0	0	0	0	2	0	0	0	0	1	3	1	1	1	0	1	2	1	0	0	2	0	1	1	0	0	0	0	1	0	1	0	6	0	0	0	0	1	1	1	1	3	0	2	2	0	0	0	0	0	1	0	0	1	0	2	0	0	0	1	1	1	2	0	1	0	0	0	2	1	0	0	0	1	0	0	0	0	2	0	2	1	3	0	1	0	0	0	2	0	3	3	1	1	0	0	1	0	0	2	1	1	1	0	1	0	1	1	1	0	2	0	0	0	2	0	1	1	1	1	1	2	1	1	4	0	0	2	0	0	0	0	1	0	3	0	0	1	1	0	1	0
T[Ins(C):R7]G	0	0	1	0	0	0	0	0	0	0	1	0	0	0	1	0	0	0	3	0	0	0	0	0	0	0	0	0	0	0	0	1	0	0	0	0	0	0	0	0	0	0	1	0	0	1	1	1	0	0	1	1	0	1	0	0	1	0	0	0	1	0	0	0	0	1	0	0	0	0	0	0	0	0	0	0	0	0	1	0	0	0	1	0	0	1	1	0	26	0	0	1	1	1	0	1	0	0	0	1	0	0	0	1	0	1	3	1	0	0	0	0	0	0	0	1	2	0	0	0	0	0	0	1	0	0	0	0	0	0	0	0	0	0	0	0	0	0	0	0	0	1	0	2	0	1	0	0	0	9	0	0	0	0	0	0	0	0	0	0	1	0	0	0	1	0	0	0	0	0	1	0	1	0	2	0	0	0	0	0	0	1	1	0	1	0	0	2	0	0	1	0	0	0	0	0	1	0	0	1	0	0	2	0	0	1	0	0	0	0	16	1	1	0	0	0	0	1	0	0	0	1	0	1	0	0	1	0	1	0	1	0	0	0	0	0	0	1	0	1	0	9	0	1	0	1	0	0	0	0	0	0	0	0	0	0	0	1	0	0	1	0	1	1	0	0	0	0	0	0	1	0	2	0	0	0	0	0	0	0	0	0	2	0	0	1	0	0	0	1	0	1	0	0	1	1	0	0	0	0	0	0	0	0	0	0	0	0	0	0	0	0	1	0	0	0	0	0	0	1	0	0	1	1	0	0	0	0	0	0	0	0	0	1	0	0	1	0	0	0	0	0	0	0	0	0	0	0	0	1	0	0	0	2	0	0	0	0	0	0	1	1	0	0	0	0	1	0	1	0	1	0	0	1	0	0	0	0	0	0	0	0	0	0	0	0	0	1	0	0	0	1	1	0	0	0	1	47	0	2	0	0	0	0	1	0	1	0	0	0	0	0	0	0	0	0	0	0	1	0	0	0	0	1	0	0	0	0	0	0	0	0	0	1	0	0	0	0	1	0	0	0	0	0	1	0	1	1	2	0	0	0	1	0	0	2	0	0	0	0	0	0	0	0	0	0	0	0	0	0	0	0	0	0	1	0	0	0	1	0	0	0	0	0	0	0	0	0	0	0	1	0	0	1	0	0	0	0	0	0	0	0	0	0	0	0	0	0	0	0	0	0	0	1	0	0	0	0	0	1	0	0	0	1	0	0	0	1	0	0	0	0	1	0	0	0	1	0	1	0	0	0	1	0	0	0	0	0	1	0	2	1	0	0	0	0	1	0	1	0	0	1	0	2	0	0	1	0	0	0	1	0	0	0	1	0
T[Ins(C):R7]T	0	0	0	0	0	0	0	0	1	1	0	0	0	1	1	1	1	0	0	0	0	0	0	0	1	0	0	0	1	0	0	0	0	0	0	0	0	0	0	0	0	0	0	1	0	1	1	0	0	0	0	0	0	1	1	0	0	1	0	0	0	0	0	0	0	0	0	0	0	0	1	1	0	0	0	2	0	0	0	0	0	0	0	0	0	1	0	0	27	0	0	0	0	0	0	0	0	0	0	0	0	0	1	1	0	0	0	0	0	1	0	0	0	0	0	0	0	0	0	0	0	0	0	1	2	0	0	0	0	0	0	0	0	0	0	0	0	0	0	0	0	0	1	0	0	1	1	0	0	19	0	0	0	0	0	0	1	0	1	1	1	1	0	1	0	1	0	0	1	0	2	0	0	0	0	1	0	0	0	1	0	0	1	0	0	1	0	1	0	0	0	0	1	0	0	0	0	0	0	0	0	0	1	0	0	0	1	0	0	0	13	0	0	0	0	0	0	0	0	0	1	0	0	0	1	1	1	0	0	0	0	0	0	0	0	0	0	0	0	1	0	2	1	0	0	1	0	0	0	0	0	1	0	1	0	0	1	1	1	0	2	0	1	0	0	0	1	0	1	0	0	0	0	0	0	0	0	0	0	0	0	0	0	0	1	0	0	0	2	0	1	1	0	0	2	2	0	0	0	0	0	0	0	2	1	0	0	0	0	2	1	0	0	1	1	0	0	1	0	0	0	0	0	0	0	0	1	2	0	0	0	0	0	2	1	1	1	1	0	0	0	1	1	0	1	2	0	1	0	0	0	0	0	0	0	0	0	0	0	0	2	1	1	0	0	0	0	1	0	0	2	0	0	0	1	0	0	1	0	0	2	0	0	0	0	0	1	0	0	1	0	1	0	0	0	0	0	47	0	1	0	0	0	0	0	0	2	1	0	1	0	0	0	0	0	0	1	0	1	0	1	0	0	0	0	0	0	0	1	0	0	0	0	0	0	0	1	0	0	0	0	0	0	0	0	0	0	0	1	0	1	0	1	1	0	0	0	0	0	0	0	1	0	0	0	0	0	0	0	0	1	0	0	0	0	0	2	0	0	0	1	0	0	0	0	1	0	0	1	1	0	0	0	0	0	0	1	0	1	0	0	0	2	0	1	0	0	1	0	0	0	0	0	2	0	0	0	1	1	0	0	0	0	0	0	0	0	0	0	0	0	0	0	0	0	0	0	0	0	0	0	0	0	0	0	1	0	0	0	0	0	0	0	0	0	0	0	1	0	2	0	0	1	0	0	0	0	0	0	1	0	0	0	0	0	0
T[Ins(C):R8]A	0	0	0	0	0	0	0	0	1	0	0	0	0	0	0	0	0	0	0	0	0	0	0	0	1	0	1	0	0	1	0	0	0	0	0	0	0	0	2	0	0	0	0	0	0	0	1	1	1	0	0	0	0	1	0	0	0	0	0	0	0	0	0	0	0	0	1	0	0	0	0	0	1	0	0	0	0	1	0	0	0	1	0	0	0	1	1	0	61	1	1	0	0	0	2	0	0	0	0	0	0	1	1	3	0	1	1	1	1	0	0	1	0	0	1	2	1	0	0	0	4	0	1	1	0	1	0	0	0	1	0	0	1	0	0	0	0	1	2	0	4	0	1	1	0	0	1	0	0	26	0	0	0	0	0	2	0	0	0	0	2	0	0	0	1	0	0	0	2	0	0	0	0	0	0	0	0	1	1	1	0	0	0	3	1	1	1	0	0	1	0	1	1	1	0	1	0	0	0	1	0	3	0	0	0	2	0	1	1	0	24	0	3	0	0	0	1	0	0	0	1	2	3	0	0	0	1	0	1	0	0	1	0	2	0	0	0	0	2	0	0	17	2	0	0	0	1	0	0	0	2	2	0	0	0	0	0	3	0	0	2	1	0	0	1	0	0	0	2	0	2	1	0	0	0	1	0	0	0	1	0	0	2	1	0	0	0	0	3	1	0	1	0	1	1	2	0	0	0	1	1	0	0	1	4	0	2	0	3	0	1	1	0	1	0	1	0	1	1	0	0	0	1	0	0	0	0	0	0	2	1	1	0	2	0	2	0	0	1	1	0	1	1	1	1	0	1	0	1	0	0	0	0	1	0	1	0	2	0	0	3	2	1	1	1	1	0	1	0	0	2	0	0	0	0	1	1	0	1	0	0	0	0	0	0	0	1	0	1	0	1	1	0	0	0	2	0	88	1	7	2	1	0	0	0	1	2	0	1	0	1	0	0	0	0	0	0	0	1	1	0	3	2	0	0	0	1	2	0	0	0	0	1	0	1	1	0	0	0	0	0	1	0	1	0	0	0	0	0	0	1	1	2	0	1	0	1	0	2	0	0	2	0	0	0	3	1	3	0	0	3	1	0	1	1	0	1	0	0	0	0	0	0	0	1	0	1	2	0	0	1	0	0	0	1	2	1	0	1	1	0	1	0	0	1	1	1	2	0	0	0	0	1	1	0	0	2	0	1	2	1	1	1	1	0	0	0	0	0	0	0	1	0	0	0	0	0	0	1	0	1	1	2	0	0	2	0	1	0	1	0	3	0	0	0	1	2	3	0	0	0	2	0	0	0	0	0	0	0	1	0	0	0	1	1	0
T[Ins(C):R8]G	0	0	1	0	0	0	0	0	0	0	0	0	0	0	0	0	0	0	0	0	0	0	0	0	0	0	0	0	0	0	0	0	0	0	0	0	0	1	0	0	0	0	0	0	0	0	1	0	0	0	0	0	0	0	0	0	0	1	0	0	0	0	0	0	0	0	0	0	0	0	1	0	0	0	0	0	0	0	0	0	0	0	0	0	0	0	0	0	9	0	0	0	0	0	0	0	0	0	0	0	0	0	0	0	1	0	0	1	2	0	0	0	0	0	1	2	0	0	0	1	0	0	0	2	0	0	0	0	0	0	0	0	0	0	0	0	0	0	0	0	1	0	0	0	0	0	0	0	0	2	0	0	0	1	1	0	0	0	0	1	1	1	0	0	0	0	0	0	0	0	0	0	0	0	0	0	0	1	0	0	0	0	0	0	0	0	0	0	0	0	0	0	0	0	0	0	0	0	0	0	0	0	0	0	0	0	1	0	0	0	6	0	0	0	0	0	0	0	0	0	0	1	0	0	0	0	1	0	0	0	0	0	0	0	0	0	0	0	0	0	0	1	0	0	0	0	0	0	0	0	0	0	0	0	0	0	0	0	0	1	1	0	0	1	0	1	0	0	0	0	0	0	0	0	0	0	0	0	0	0	0	0	0	0	0	0	0	0	0	0	0	0	0	0	0	0	0	0	0	0	0	0	1	0	1	0	0	0	0	0	0	0	0	0	0	0	0	0	0	0	0	0	0	0	0	0	0	0	0	0	0	0	0	0	0	0	0	0	1	0	0	0	0	0	0	0	0	0	0	0	0	0	0	0	1	0	0	0	0	0	0	0	0	0	0	0	1	0	0	0	0	0	0	0	0	0	0	1	0	0	0	1	0	0	0	0	0	0	0	0	0	0	0	0	0	0	0	18	0	0	0	0	0	0	0	0	0	0	0	0	0	0	0	0	0	0	0	0	0	0	0	0	0	1	0	0	0	0	0	0	0	0	0	0	0	0	1	0	0	0	0	0	0	0	1	0	0	0	0	0	0	0	0	0	0	0	0	0	0	0	0	0	0	0	0	0	0	0	0	0	0	0	0	0	0	0	0	0	0	0	0	0	0	0	0	0	0	0	0	0	0	0	0	0	0	0	1	0	0	0	0	0	1	1	0	0	0	0	0	0	0	0	0	0	0	0	0	0	1	0	0	0	0	1	0	0	0	0	0	0	0	0	0	0	0	0	0	0	1	0	0	0	1	0	0	0	0	0	0	0	0	0	0	0	0	0	0	0	0	0	0	0	0	0	0	0	0	0	1	0	0	0	0	1	1	0
T[Ins(C):R8]T	0	0	1	0	0	0	0	0	2	0	0	0	0	0	0	0	0	0	0	0	0	0	0	0	1	0	0	0	0	0	1	0	0	0	0	0	0	1	0	0	0	0	0	0	0	0	0	0	0	0	0	0	0	0	0	0	0	0	0	0	0	0	0	0	0	1	0	0	0	0	1	1	0	0	0	0	0	0	0	0	0	1	0	0	0	0	0	1	14	0	0	0	0	1	1	1	0	0	0	0	0	0	0	0	0	0	0	0	1	1	0	0	0	0	0	0	0	0	0	0	0	0	0	1	0	0	0	0	0	0	0	0	0	0	0	0	0	1	1	0	2	0	0	0	0	1	0	0	0	10	0	0	0	0	0	0	0	0	0	1	0	0	0	0	0	0	0	0	1	0	0	1	0	0	0	0	0	0	0	0	0	0	0	2	0	0	0	1	2	0	1	0	0	1	1	0	0	0	0	0	0	0	0	0	0	0	0	1	0	0	7	1	3	0	0	0	0	0	0	0	0	0	0	0	1	1	0	0	0	0	1	0	0	2	0	0	0	1	0	0	0	4	0	0	1	2	0	0	0	0	0	0	0	0	1	0	0	0	0	0	1	1	1	0	0	0	0	1	0	0	1	0	0	1	0	0	0	0	0	0	0	0	0	0	0	0	0	0	2	0	0	0	0	1	1	0	0	0	0	0	0	0	1	0	0	0	0	0	0	1	0	0	0	0	0	1	0	0	0	0	1	0	0	0	0	0	0	0	0	0	0	0	0	2	1	0	0	0	0	0	1	1	0	0	1	0	0	0	0	0	0	0	0	0	0	0	0	1	0	0	0	0	0	0	2	0	0	0	1	0	0	0	0	0	0	1	0	0	0	0	1	0	1	0	0	1	0	1	1	0	0	0	1	0	0	0	1	37	0	1	0	0	0	1	1	2	0	0	2	0	0	0	0	0	0	0	1	0	0	0	1	0	1	0	0	0	1	0	0	0	0	0	0	0	0	1	0	0	0	0	0	0	1	0	1	0	0	0	0	0	0	0	1	0	0	0	0	1	1	0	0	1	0	0	1	0	0	0	0	0	0	0	0	0	0	0	0	0	1	0	1	0	0	0	1	1	0	0	0	0	0	0	0	0	3	0	0	0	0	0	0	0	0	0	0	0	0	0	0	0	0	0	1	0	0	0	0	0	1	0	0	0	1	0	0	0	1	0	0	0	0	0	0	0	0	0	1	0	0	0	0	0	1	0	1	0	0	1	0	0	0	4	0	0	0	0	0	0	1	0	0	0	0	0	0	0	0	0	1	0	0	0	0	0	1	1
T[Ins(C):R(9,)]A	0	0	0	0	0	0	0	0	0	0	0	0	0	0	0	0	0	0	0	0	0	0	0	0	0	0	0	0	0	0	0	0	0	0	0	0	0	0	0	0	0	0	0	0	0	0	0	0	0	0	0	0	0	0	0	0	0	0	0	0	0	0	0	0	0	0	0	0	0	0	0	0	0	0	0	0	0	0	0	0	0	0	0	0	0	0	0	0	0	0	0	0	0	0	0	0	0	0	0	0	0	0	0	0	0	0	0	0	0	0	0	0	0	0	0	0	0	0	0	0	0	0	0	0	0	0	0	0	0	0	0	0	0	0	0	0	0	0	0	0	0	0	0	0	0	0	0	0	0	0	0	0	0	0	0	0	0	0	0	0	0	0	0	0	0	0	0	0	0	0	0	0	0	0	0	0	0	0	0	0	0	0	0	0	0	0	0	0	0	0	0	0	0	0	0	0	0	0	0	0	0	0	0	0	0	0	0	0	0	0	0	0	0	0	0	0	0	0	0	0	0	0	0	0	0	0	0	0	0	0	0	0	0	0	0	0	0	0	0	0	0	0	0	0	0	0	0	0	0	0	0	0	0	0	0	0	0	0	0	0	0	0	0	0	0	0	0	0	0	0	0	0	0	0	0	0	0	0	0	0	0	0	0	0	0	0	0	0	0	0	0	0	0	0	0	0	0	0	0	0	0	0	0	0	0	0	0	0	0	0	0	0	0	0	0	0	0	0	0	0	0	0	0	0	0	0	0	0	0	0	0	0	0	0	0	0	0	0	0	0	0	0	0	0	0	0	0	0	0	0	0	0	0	0	0	0	0	0	0	0	0	0	0	0	0	0	0	0	0	0	0	0	0	0	0	0	0	0	0	0	0	0	0	0	0	0	0	0	0	0	0	0	0	0	0	0	0	0	0	0	0	0	0	0	0	0	0	0	0	0	0	0	0	0	0	0	0	0	0	0	0	0	0	0	0	0	0	0	0	0	0	0	0	0	0	0	0	0	0	0	0	0	0	0	0	0	0	0	0	0	0	0	0	0	0	0	0	0	0	0	0	0	0	0	0	0	0	0	0	0	0	0	0	0	0	0	0	0	0	0	0	0	0	0	0	0	0	0	0	0	0	0	0	0	0	0	0	0	0	0	0	0	0	0	0	0	0	0	0	0	0	0	0	0	0	0	0	0	0	0	0	0	0	0	0	0	0	0	0	0	0	0	0	0	0	0	0	0	0	0	0	0	0	0	0	0	0	0	0	0	0	0	0	0	0	0	0	0	0	0	0	0	0	0	0	0	0	0	0	0	0	0	0	0	0	0
T[Ins(C):R(9,)]G	0	0	0	0	0	0	0	0	0	0	0	0	0	0	0	0	0	0	0	0	0	0	0	0	0	0	0	0	0	0	0	0	0	0	0	0	0	0	0	0	0	0	0	0	0	0	0	0	0	0	0	0	0	0	0	0	0	0	0	0	0	0	0	0	0	0	0	0	0	0	0	0	0	0	0	0	0	0	0	0	0	0	0	0	0	0	0	0	0	0	0	0	0	0	0	0	0	0	0	0	0	0	0	0	0	0	0	0	0	0	0	0	0	0	0	0	0	0	0	0	0	0	0	0	0	0	0	0	0	0	0	0	0	0	0	0	0	0	0	0	0	0	0	0	0	0	0	0	0	0	0	0	0	0	0	0	0	0	0	0	0	0	0	0	0	0	0	0	0	0	0	0	0	0	0	0	0	0	0	0	0	0	0	0	0	0	0	0	0	0	0	0	0	0	0	0	0	0	0	0	0	0	0	0	0	0	0	0	0	0	0	0	0	0	0	0	0	0	0	0	0	0	0	0	0	0	0	0	0	0	0	0	0	0	0	0	0	0	0	0	0	0	0	0	0	0	0	0	0	0	0	0	0	0	0	0	0	0	0	0	0	0	0	0	0	0	0	0	0	0	0	0	0	0	0	0	0	0	0	0	0	0	0	0	0	0	0	0	0	0	0	0	0	0	0	0	0	0	0	0	0	0	0	0	0	0	0	0	0	0	0	0	0	0	0	0	0	0	0	0	0	0	0	0	0	0	0	0	0	0	0	0	0	0	0	0	0	0	0	0	0	0	0	0	0	0	0	0	0	0	0	0	0	0	0	0	0	0	0	0	0	0	0	0	0	0	0	0	0	0	0	0	0	0	0	0	0	0	0	0	0	0	0	0	0	0	0	0	0	0	0	0	0	0	0	0	0	0	0	0	0	0	0	0	0	0	0	0	0	0	0	0	0	0	0	0	0	0	0	0	0	0	0	0	0	0	0	0	0	0	0	0	0	0	0	0	0	0	0	0	0	0	0	0	0	0	0	0	0	0	0	0	0	0	0	0	0	0	0	0	0	0	0	0	0	0	0	0	0	0	0	0	0	0	0	0	0	0	0	0	0	0	0	0	0	0	0	0	0	0	0	0	0	0	0	0	0	0	0	0	0	0	0	0	0	0	0	0	0	0	0	0	0	0	0	0	0	0	0	0	0	0	0	0	0	0	0	0	0	0	0	0	0	0	0	0	0	0	0	0	0	0	0	0	0	0	0	0	0	0	0	0	0	0	0	0	0	0	0	0	0	0	0	0	0	0	0	0	0	0	0	0	0	0	0	0
T[Ins(C):R(9,)]T	0	0	0	0	0	0	0	0	0	0	0	0	0	0	0	0	0	0	0	0	0	0	0	0	0	0	0	0	0	0	0	0	0	0	0	0	0	0	0	0	0	0	0	0	0	0	0	0	0	0	0	0	0	0	0	0	0	0	0	0	0	0	0	0	0	0	0	0	0	0	0	0	0	0	0	0	0	0	0	0	0	0	0	0	0	0	0	0	0	0	0	0	0	0	0	0	0	0	0	0	0	0	0	0	0	0	0	0	0	0	0	0	0	0	0	0	0	0	0	0	0	0	0	0	0	0	0	0	0	0	0	0	0	0	0	0	0	0	0	0	0	0	0	0	0	0	0	0	0	0	0	0	0	0	0	0	0	0	0	0	0	0	0	0	0	0	0	0	0	0	0	0	0	0	0	0	0	0	0	0	0	0	0	0	0	0	0	0	0	0	0	0	0	0	0	0	0	0	0	0	0	0	0	0	0	0	0	0	0	0	0	0	0	0	0	0	0	0	0	0	0	0	0	0	0	0	0	0	0	0	0	0	0	0	0	0	0	0	0	0	0	0	0	0	0	0	0	0	0	0	0	0	0	0	0	0	0	0	0	0	0	0	0	0	0	0	0	0	0	0	0	0	0	0	0	0	0	0	0	0	0	0	0	0	0	0	0	0	0	0	0	0	0	0	0	0	0	0	0	0	0	0	0	0	0	0	0	0	0	0	0	0	0	0	0	0	0	0	0	0	0	0	0	0	0	0	0	0	0	0	0	0	0	0	0	0	0	0	0	0	0	0	0	0	0	0	0	0	0	0	0	0	0	0	0	0	0	0	0	0	0	0	0	0	0	0	0	0	0	0	0	0	0	0	0	0	0	0	0	0	0	0	0	0	0	0	0	0	0	0	0	0	0	0	0	0	0	0	0	0	0	0	0	0	0	0	0	0	0	0	0	0	0	0	0	0	0	0	0	0	0	0	0	0	0	0	0	0	0	0	0	0	0	0	0	0	0	0	0	0	0	0	0	0	0	0	0	0	0	0	0	0	0	0	0	0	0	0	0	0	0	0	0	0	0	0	0	0	0	0	0	0	0	0	0	0	0	0	0	0	0	0	0	0	0	0	0	0	0	0	0	0	0	0	0	0	0	0	0	0	0	0	0	0	0	0	0	0	0	0	0	0	0	0	0	0	0	0	0	0	0	0	0	0	0	0	0	0	0	0	0	0	0	0	0	0	0	0	0	0	0	0	0	0	0	0	0	0	0	0	0	0	0	0	0	0	0	0	0	0	0	0	0	0	0	0	0	0	0	0	0	0	0	0	0	0
A[Ins(T):R0]A	3	6	1	0	5	0	0	0	3	7	0	2	0	2	9	3	2	1	2	1	0	0	1	0	0	1	5	10	1	2	2	4	0	0	2	1	0	4	6	6	3	2	2	2	5	9	1	4	3	2	9	4	1	4	3	3	6	7	2	5	2	4	9	5	5	5	3	3	5	8	6	2	6	5	3	6	6	6	3	2	3	4	2	1	4	9	2	7	70	1	5	2	14	2	3	10	1	2	3	3	1	1	8	4	6	10	10	2	15	7	3	5	0	3	7	6	6	0	4	13	2	3	6	9	4	0	6	2	11	4	0	3	5	6	3	3	0	7	9	0	1	2	2	7	6	0	5	4	2	27	1	22	2	4	6	8	5	14	4	10	4	3	3	9	7	2	1	4	1	3	9	7	2	3	3	1	4	3	8	1	8	5	6	2	5	12	6	19	3	6	3	1	3	5	4	0	2	4	2	10	5	2	4	4	5	1	1	8	1	2	40	3	9	2	1	6	6	2	5	1	6	6	1	3	5	7	1	0	9	8	2	0	3	1	6	3	4	23	0	2	3	16	6	0	6	5	1	2	4	4	5	6	4	4	3	4	4	12	1	6	20	3	1	1	4	5	4	8	5	0	0	1	5	5	4	4	10	1	11	0	2	1	9	5	3	7	8	8	11	12	9	2	1	18	10	15	4	0	3	5	1	0	3	4	7	2	4	2	7	14	3	5	8	5	3	2	5	10	9	3	3	12	3	3	2	3	4	8	7	6	0	1	10	14	13	10	3	0	2	7	6	8	1	5	29	4	12	12	4	1	3	14	7	5	5	0	1	14	3	6	18	6	3	4	5	4	6	4	5	0	17	19	11	17	3	7	4	4	4	8	4	10	3	20	11	6	1	11	3	5	10	7	4	7	8	3	9	131	4	4	7	8	2	3	2	5	2	18	8	4	2	5	3	1	3	1	6	1	7	1	3	6	5	5	4	5	1	6	9	9	1	8	3	5	1	0	2	2	9	4	1	4	6	6	10	9	5	4	3	2	23	6	15	4	3	13	5	4	4	2	1	9	7	0	10	3	7	11	0	3	9	7	13	12	6	9	10	11	4	14	7	1	5	4	2	15	11	7	3	11	6	0	2	5	7	4	9	7	1	0	0	2	8	7	1	4	1	5	3	3	9	8	6	11	4	7	8	7	9	4	1	8	16	2	0	8	2	6	3	6	2	9	10	1	3	1	5	13	5	2	6	4	2	1	18	9	2	1	4	3	12	18	1	6	1	4	4	2	22	4	1	3	4	6	4	3	7	1	13	6	1	7	3	3	4	4
A[Ins(T):R0]C	0	3	0	0	5	0	0	1	2	3	0	1	0	0	6	1	2	0	0	0	0	2	0	0	0	1	3	13	0	0	0	1	0	0	0	0	0	1	2	3	1	3	2	1	4	1	1	2	3	2	3	1	0	3	0	1	5	2	0	4	0	0	2	4	2	1	0	0	1	4	0	2	3	1	0	3	3	2	2	0	0	3	2	1	1	5	1	1	2	1	1	8	9	1	1	1	0	0	0	0	1	0	1	1	1	1	3	0	13	3	3	1	0	0	3	0	2	0	1	5	0	1	1	3	1	4	5	0	8	2	3	1	1	1	3	1	0	2	0	0	0	0	0	1	1	1	1	1	0	3	0	3	0	1	1	1	1	6	3	4	0	0	0	5	0	3	0	2	2	0	0	2	1	1	0	0	0	2	3	0	1	2	1	0	1	6	1	8	1	2	1	1	4	0	0	1	0	0	0	2	2	1	1	0	0	0	3	0	0	2	4	0	0	2	1	1	1	0	1	0	4	3	0	0	1	1	0	0	0	2	0	1	3	0	0	1	1	13	0	0	0	0	1	0	0	3	0	0	1	1	0	1	3	1	2	1	0	0	0	0	9	0	1	0	0	0	2	3	4	0	2	0	0	0	0	2	3	1	5	0	1	0	1	0	2	4	9	6	1	10	4	0	1	2	1	4	0	0	0	2	1	0	1	5	0	0	4	0	0	1	0	1	3	0	0	0	1	4	3	0	0	3	0	0	1	0	1	4	0	1	0	0	4	6	1	1	1	0	0	0	0	5	1	1	11	1	6	1	5	2	0	4	1	1	3	0	0	0	0	1	0	1	0	2	2	2	2	2	0	0	1	2	5	10	3	3	0	2	0	0	3	3	1	3	2	4	1	7	1	0	2	3	1	1	3	1	0	14	0	0	2	3	1	0	0	0	0	4	0	0	0	1	0	0	1	1	1	0	1	0	1	2	1	0	0	1	1	4	3	2	0	1	1	0	2	0	0	0	2	4	0	0	2	1	1	6	1	1	1	1	15	1	5	3	3	6	2	3	1	2	0	4	2	1	5	0	3	4	1	3	2	3	0	2	1	2	1	1	1	7	5	1	0	1	2	6	4	2	3	4	2	0	1	0	0	2	4	1	0	0	1	1	5	2	0	2	1	4	0	4	2	1	4	0	0	0	1	2	4	1	0	1	3	0	0	2	2	1	0	3	3	1	6	0	1	1	2	11	0	3	2	0	0	1	5	3	0	0	1	0	2	1	0	1	0	0	0	0	14	0	0	0	0	2	0	1	5	1	5	1	0	1	2	2	0	0
A[Ins(T):R0]G	5	7	0	0	4	0	0	1	1	6	0	2	0	0	5	1	3	1	5	7	0	1	0	0	2	1	3	23	0	0	0	10	0	0	1	0	0	2	3	1	2	5	1	1	5	6	2	3	5	0	2	8	0	3	1	2	4	2	5	6	1	4	9	5	2	2	0	3	3	4	4	5	7	0	1	7	7	8	1	2	1	5	2	3	1	12	4	5	16	2	2	6	18	0	4	11	1	0	1	2	2	0	13	4	1	7	16	0	30	8	6	1	2	0	4	0	2	0	3	11	1	1	5	5	5	5	8	0	15	11	2	1	0	0	0	5	0	4	1	1	0	1	0	8	4	3	3	0	1	13	0	14	2	0	1	6	0	10	6	5	1	1	0	7	1	3	0	3	0	1	1	8	0	0	1	0	2	2	9	0	2	6	2	1	1	7	10	24	0	0	10	2	3	2	1	3	0	1	0	1	0	2	1	1	3	1	3	2	2	9	20	1	2	2	1	9	4	0	7	0	8	2	3	0	3	5	2	0	5	9	0	2	5	0	5	5	0	20	1	0	1	16	0	0	0	8	1	0	6	1	2	0	8	3	0	0	2	3	1	4	26	0	0	0	0	0	5	5	3	1	3	0	3	1	2	4	10	12	10	0	0	3	0	1	8	3	11	6	1	7	4	2	1	22	4	14	2	0	4	4	1	6	1	6	3	2	4	0	1	0	0	0	9	2	0	3	3	21	9	0	2	13	0	3	2	0	1	7	10	3	1	0	11	8	11	1	6	0	1	0	0	3	3	2	45	5	13	2	4	1	1	20	2	3	10	1	0	11	0	2	0	4	1	2	1	1	3	4	10	0	5	6	9	25	2	5	0	9	4	1	3	7	5	8	8	10	3	14	2	0	9	5	2	0	3	0	2	51	0	1	3	10	1	0	0	0	1	14	4	1	0	3	0	0	0	2	1	0	1	4	0	4	1	2	7	4	0	3	11	12	2	10	3	0	5	2	4	1	5	6	2	0	7	5	7	10	1	4	1	14	22	1	12	5	8	10	3	8	0	5	0	10	4	0	11	3	6	1	0	6	7	1	5	17	9	8	8	12	5	11	13	0	3	0	3	10	14	1	3	10	2	2	2	1	1	7	11	6	1	1	0	1	6	4	0	9	2	4	2	0	7	4	9	3	1	5	4	4	10	2	0	8	15	1	0	6	0	9	2	3	4	10	7	0	2	0	3	14	1	2	8	0	1	0	10	4	0	2	4	1	5	4	1	8	0	1	2	0	21	0	0	0	1	3	2	1	6	0	12	4	1	0	0	1	3	3
A[Ins(T):R1]A	1	3	1	0	3	0	3	1	2	8	1	2	1	2	9	6	7	1	4	0	0	2	0	0	3	0	4	9	2	1	1	5	1	0	3	1	0	2	3	1	1	1	5	3	3	11	1	1	4	3	2	3	4	3	4	3	1	2	5	3	1	0	6	4	2	1	0	3	3	3	3	4	3	6	0	5	6	6	4	0	0	1	4	2	1	4	3	5	10	2	2	5	7	3	3	3	2	3	2	5	5	2	6	2	3	2	9	3	19	6	7	4	1	2	3	1	1	5	3	4	2	4	4	1	4	3	3	2	10	6	3	4	4	2	2	4	0	1	4	1	4	4	4	6	1	6	3	3	1	7	0	11	6	2	0	10	1	4	4	12	0	2	2	7	6	1	2	4	3	10	6	2	2	1	8	2	5	3	5	1	3	2	7	5	2	5	3	17	5	3	2	3	5	4	0	1	2	4	1	1	1	4	2	7	1	2	0	3	1	7	3	0	1	1	2	2	3	1	5	2	7	3	4	2	2	5	0	4	4	5	2	1	1	5	6	4	0	19	1	0	2	1	2	1	1	4	0	0	3	11	3	5	5	9	0	1	1	5	4	2	8	3	2	2	2	1	4	5	13	1	5	0	5	4	2	5	2	3	6	3	3	1	1	1	1	11	4	2	4	11	1	6	5	12	3	9	2	1	6	3	3	2	5	4	0	3	4	2	3	3	0	2	4	4	2	2	6	4	6	2	1	6	0	4	6	3	2	3	6	0	1	2	4	13	6	5	5	1	1	1	4	9	3	4	20	3	7	4	6	3	2	3	4	5	3	2	1	8	1	1	5	5	2	3	3	3	4	2	4	0	10	6	4	9	6	4	0	0	3	1	5	7	3	11	4	7	2	16	3	4	5	12	1	3	3	3	6	34	2	1	2	10	4	3	2	2	3	8	3	4	4	3	1	0	1	0	2	1	6	3	2	4	2	8	1	3	5	6	4	6	2	4	1	2	2	1	0	0	7	4	1	7	6	2	2	7	6	4	2	4	8	2	5	3	5	4	1	0	1	0	1	0	2	0	2	0	6	2	2	2	6	11	2	3	4	6	3	3	3	4	1	1	2	1	1	6	9	3	2	10	0	5	1	2	5	8	6	7	2	1	1	1	2	3	1	5	1	7	2	4	3	4	6	7	3	3	3	3	5	2	1	3	7	1	0	5	3	2	2	3	2	1	3	0	1	1	3	8	6	4	6	0	4	2	5	4	0	1	3	4	3	7	2	4	0	2	4	1	13	4	2	3	2	5	1	3	1	0	13	1	1	5	2	2	2	5
A[Ins(T):R1]C	7	2	0	0	6	0	2	0	2	2	0	3	0	1	6	2	1	1	1	0	0	2	0	0	2	0	1	6	0	1	1	1	0	0	0	0	0	0	1	5	1	1	2	3	3	3	0	0	3	1	0	0	0	1	2	0	2	0	1	2	0	1	4	2	2	0	0	1	4	3	0	4	1	1	0	3	6	1	3	0	2	1	0	0	0	0	2	1	2	0	4	2	4	1	3	3	0	0	0	1	1	0	3	0	1	1	6	0	12	5	3	0	0	0	0	1	2	1	3	6	0	1	1	0	2	1	1	0	3	0	0	2	4	2	0	1	0	1	0	0	2	0	0	2	0	2	0	1	0	2	0	7	1	0	1	4	2	2	5	3	2	2	0	5	1	0	0	3	0	1	0	3	0	0	0	0	2	0	3	0	2	4	1	1	0	2	2	10	1	0	0	1	3	0	0	1	0	2	0	2	1	1	1	0	1	1	0	5	0	0	3	0	0	0	0	1	2	0	0	0	0	1	0	0	3	1	1	0	0	2	0	0	0	1	1	1	1	5	0	0	0	2	0	0	0	1	1	0	1	3	1	1	1	1	1	0	0	0	2	0	5	2	0	0	0	1	2	1	2	0	0	0	1	1	2	0	5	2	5	1	1	0	1	1	3	4	5	1	1	6	2	1	0	6	2	2	0	0	0	0	0	3	1	0	0	0	2	0	0	1	1	1	4	0	1	0	3	3	1	1	1	0	1	1	4	1	0	1	3	3	1	0	3	5	2	2	3	1	0	0	1	6	2	2	15	2	5	3	2	0	0	3	0	2	0	0	0	1	1	0	0	1	0	1	0	1	1	1	0	0	3	2	3	2	1	2	0	3	2	2	2	2	3	3	1	3	0	3	1	0	1	4	0	1	1	0	0	21	0	1	0	1	0	0	0	1	2	4	1	0	1	3	0	0	0	0	3	0	0	0	0	2	1	0	2	0	2	0	1	4	0	0	0	3	0	0	1	0	0	3	0	1	1	1	1	2	2	1	0	3	5	2	4	1	1	6	1	0	0	0	0	3	3	0	1	1	3	4	0	0	2	3	0	2	2	2	1	1	1	3	7	1	1	0	1	6	4	0	3	4	1	2	2	0	0	3	2	2	1	0	0	0	0	1	0	0	0	1	0	2	1	1	0	0	1	2	1	0	2	1	0	1	2	0	0	3	0	2	0	2	2	1	0	0	0	0	1	3	0	1	1	1	0	0	1	0	0	1	3	1	0	3	0	1	3	1	1	0	3	0	0	0	1	1	1	0	2	0	6	4	2	0	0	2	1	1
A[Ins(T):R1]G	12	22	2	1	28	0	5	1	14	41	5	21	0	1	28	17	6	0	23	11	1	3	0	0	14	1	15	57	1	1	1	23	0	0	11	0	1	8	11	9	8	11	13	2	24	10	4	3	35	7	10	13	7	10	9	8	13	7	8	10	2	9	20	9	13	4	1	14	16	11	7	27	9	4	2	18	10	22	6	3	4	11	10	13	1	37	15	23	7	7	3	10	48	0	8	15	2	0	6	6	0	1	29	13	6	11	55	0	80	12	19	4	1	1	10	1	7	1	20	23	4	0	13	13	9	6	10	0	42	16	0	1	14	3	6	7	0	9	1	0	0	0	0	14	4	4	4	3	0	7	0	55	4	0	8	16	0	23	10	11	0	1	0	33	0	10	0	8	2	2	0	31	0	7	0	0	1	7	37	0	10	16	5	0	8	19	9	88	2	0	12	0	9	0	3	2	1	0	0	7	1	17	1	0	8	2	9	5	0	5	8	0	2	5	7	37	3	0	8	1	18	7	4	1	9	18	0	0	6	19	1	4	16	0	10	7	1	92	1	3	3	4	1	0	2	24	1	0	6	5	8	4	7	23	1	0	14	1	0	2	66	1	0	1	1	0	9	12	18	0	3	0	6	4	1	9	26	12	36	0	0	4	0	3	13	28	32	22	4	51	13	2	1	55	13	37	1	0	8	8	0	2	7	19	0	4	22	0	1	1	0	1	22	0	0	2	19	64	27	1	1	26	1	5	8	1	6	27	17	2	0	1	33	33	32	4	25	1	2	0	3	16	6	9	167	9	39	12	18	3	1	58	2	10	19	1	0	19	0	6	0	11	2	7	0	0	7	7	12	0	21	25	15	60	9	18	0	9	14	9	5	20	9	20	19	10	0	57	3	1	18	23	2	0	14	0	2	78	4	0	1	20	0	0	1	2	1	22	6	0	2	1	0	0	1	1	5	0	4	17	1	15	0	0	1	9	1	8	13	38	2	10	2	7	16	0	4	0	15	8	0	1	18	22	11	23	3	6	1	6	67	7	15	23	4	31	10	10	1	9	0	18	21	0	15	2	13	4	2	16	27	9	6	20	8	22	29	16	11	68	32	8	0	6	7	33	31	0	14	20	5	2	3	1	0	19	31	35	8	0	2	1	10	5	0	8	4	19	7	12	11	13	34	0	1	7	6	6	12	4	0	7	33	1	1	16	1	9	0	7	10	44	25	1	10	2	4	34	3	20	16	3	1	6	14	3	0	1	6	1	25	14	2	14	0	2	5	0	76	0	1	2	1	11	4	1	18	0	53	18	0	0	4	5	2	1
A[Ins(T):R2]A	3	1	0	0	2	0	0	0	3	5	0	2	1	0	3	1	0	1	0	2	0	3	1	0	2	0	1	2	1	0	1	4	0	0	0	0	0	2	1	2	3	2	0	2	2	4	1	2	2	1	2	2	0	2	1	1	3	0	0	2	2	2	1	0	1	1	0	0	2	2	0	1	3	3	2	3	1	1	2	0	0	0	0	0	4	5	1	3	17	1	2	0	5	0	2	2	0	0	1	5	0	1	1	2	1	3	6	2	5	2	6	1	1	1	4	0	0	0	0	3	2	1	1	3	1	2	1	0	3	1	0	0	9	3	1	2	0	4	2	1	2	0	1	3	1	4	1	2	2	7	0	4	0	0	0	4	2	3	1	4	3	0	0	3	2	2	0	1	1	2	4	1	0	1	2	0	0	1	3	0	2	6	1	2	2	1	1	9	3	1	3	1	1	1	1	4	0	3	3	1	1	0	1	3	1	1	1	3	0	7	3	1	2	1	0	2	0	1	0	0	3	8	2	1	4	4	1	1	1	2	3	2	1	2	2	0	3	4	1	2	1	8	1	0	0	5	1	2	1	10	2	4	3	6	2	0	1	3	2	3	10	1	1	2	0	1	2	4	5	0	1	0	1	0	1	3	7	3	5	0	0	1	4	3	0	2	1	3	2	8	5	1	1	4	3	7	1	0	2	3	2	1	2	3	2	0	4	0	2	2	0	2	4	2	3	0	2	1	2	1	1	5	2	2	3	3	3	3	3	2	0	1	3	7	5	2	2	0	1	4	0	7	0	2	9	1	6	2	2	3	0	4	0	2	2	2	0	8	2	2	5	1	1	0	1	0	0	6	3	2	4	3	2	6	1	0	1	4	2	0	1	7	0	2	4	5	1	10	3	2	3	7	0	1	1	0	2	61	2	3	1	1	4	1	0	0	3	3	4	1	0	2	2	0	0	0	0	0	3	2	1	1	1	1	1	1	2	3	2	6	0	3	1	1	0	0	2	0	1	5	1	1	2	3	3	3	0	5	1	2	12	1	3	1	1	2	0	5	2	0	2	1	0	1	0	3	4	2	0	5	9	1	1	1	0	6	4	4	0	7	2	2	0	1	2	3	3	3	3	4	1	0	3	0	3	3	3	3	0	2	0	0	3	2	0	3	2	5	2	0	3	3	6	2	3	1	2	1	5	3	0	2	4	2	0	2	1	1	2	2	0	1	3	1	4	1	1	5	2	3	3	5	1	3	2	1	1	0	3	1	4	3	0	0	0	6	2	3	8	1	2	2	1	1	0	1	4	2	6	1	0	1	4	1	3	1
A[Ins(T):R2]C	0	1	0	0	2	0	0	0	1	2	1	0	0	0	2	1	0	1	2	1	0	0	1	0	0	1	0	1	0	1	1	1	1	1	1	0	1	0	0	1	2	0	0	0	0	0	0	1	3	0	1	0	0	2	0	0	1	1	1	1	2	2	1	0	0	0	0	1	1	2	0	1	1	1	0	0	1	1	0	1	0	0	4	0	0	2	1	3	11	0	1	2	2	0	0	1	0	0	1	0	0	0	2	0	1	2	2	1	9	1	2	0	0	0	1	0	2	1	2	4	0	0	2	0	3	2	1	0	1	2	1	0	1	1	0	0	0	1	1	0	1	0	1	2	4	1	0	0	0	5	0	4	0	0	1	4	0	3	0	2	0	0	0	2	0	1	0	2	2	3	0	4	0	3	0	0	0	0	2	0	1	1	1	2	3	0	2	3	0	1	0	2	1	1	0	0	0	2	0	0	1	1	0	0	0	0	0	2	0	2	4	1	1	0	0	2	0	0	1	0	2	0	1	1	0	0	2	0	0	2	1	0	0	2	1	1	2	2	0	1	0	1	1	0	0	1	0	1	1	2	0	2	3	0	0	0	1	1	0	1	5	0	0	1	0	1	1	3	4	0	1	0	1	2	1	1	1	1	0	0	0	0	0	0	1	1	1	0	1	2	3	0	0	1	1	2	2	1	1	0	0	1	1	2	1	1	0	0	1	0	1	1	0	2	0	2	1	1	0	0	0	2	0	0	0	0	0	4	1	1	0	1	0	2	2	2	2	0	1	0	1	4	3	3	6	3	2	2	1	0	0	1	0	1	3	4	0	2	0	2	1	1	0	0	0	0	0	0	0	1	6	3	0	2	0	1	0	2	2	1	0	2	2	3	2	0	2	4	0	0	1	5	0	0	0	0	1	34	0	1	2	1	0	0	1	1	2	1	2	0	1	0	0	0	0	0	1	0	0	0	0	0	1	1	0	2	0	0	2	5	0	2	1	1	0	0	2	0	0	2	0	0	1	2	0	3	1	0	2	1	5	1	0	1	0	2	0	2	0	2	1	3	1	0	3	1	1	2	1	0	2	0	1	0	0	1	2	2	3	2	2	1	0	2	1	1	4	1	0	1	1	0	0	1	0	0	1	1	1	0	0	2	0	0	3	0	1	2	0	0	2	0	0	0	1	0	1	0	0	1	0	1	4	0	2	0	0	0	0	1	0	2	1	0	5	0	0	2	1	1	0	3	0	1	0	1	2	0	0	1	2	0	0	0	2	2	0	0	4	0	0	0	0	0	1	0	3	0	4	0	1	1	0	1	0	1
A[Ins(T):R2]G	15	24	0	2	37	0	4	8	21	57	5	27	0	0	46	15	8	4	43	12	1	9	0	0	26	3	16	92	0	1	0	28	0	2	7	0	2	5	17	16	11	16	19	4	43	25	2	2	17	6	18	17	6	19	9	14	16	11	10	19	4	15	30	19	15	9	0	9	21	17	13	22	18	8	5	39	23	9	7	4	1	13	13	14	8	59	23	38	31	3	8	23	78	1	18	24	0	1	10	11	4	1	59	22	12	11	91	0	115	18	33	7	0	2	14	0	7	2	30	25	3	3	19	35	23	13	16	0	46	24	3	1	17	0	4	10	0	6	0	0	0	0	0	23	9	6	3	8	1	18	0	108	0	0	9	38	1	25	20	18	3	0	0	53	1	12	1	18	1	1	1	52	1	7	2	0	0	13	61	1	18	30	8	1	11	34	25	137	0	0	21	9	17	1	0	1	0	0	0	9	1	25	1	1	10	1	19	6	1	15	18	0	1	9	5	43	2	0	19	0	45	22	3	3	10	42	2	0	19	40	1	3	16	1	21	16	0	115	1	1	3	15	2	0	0	33	2	1	27	9	17	8	28	43	2	0	13	4	1	0	98	3	0	0	0	1	22	13	15	0	0	0	12	5	3	13	35	22	56	0	0	12	1	4	26	33	63	43	16	85	22	3	2	106	27	63	1	0	23	14	0	16	9	24	1	12	47	4	1	2	1	0	35	0	1	4	27	86	44	0	0	20	2	10	13	0	7	65	20	5	0	0	47	41	81	1	47	0	0	1	2	25	8	20	288	22	70	17	26	6	0	108	1	23	29	0	1	29	1	6	1	8	2	13	0	1	12	17	21	0	9	36	22	95	6	19	0	34	25	17	12	28	15	25	36	23	1	104	9	1	40	20	3	0	41	0	3	251	1	2	2	51	1	0	1	1	2	35	4	1	0	6	0	0	0	0	5	0	12	8	0	18	2	1	8	12	0	14	30	60	0	25	3	22	35	0	8	1	32	15	0	0	37	37	15	19	2	10	3	5	103	9	12	37	21	42	17	22	2	10	0	19	22	1	13	8	15	11	1	46	68	8	8	26	12	23	26	36	17	94	54	5	4	6	1	53	49	1	23	25	7	10	2	2	2	20	48	69	7	1	1	0	12	15	0	11	11	52	10	11	25	27	69	1	2	11	42	9	24	16	0	20	48	1	1	29	2	13	0	23	15	43	42	1	5	1	8	61	5	17	27	2	3	7	36	2	0	0	8	0	37	27	3	16	0	2	8	0	113	3	0	1	1	22	8	1	34	1	89	26	7	0	4	4	9	0
A[Ins(T):R3]A	0	2	0	1	4	0	1	0	2	1	0	2	0	0	6	0	2	0	1	0	0	2	0	0	0	0	1	6	2	1	2	2	0	0	0	0	0	1	4	2	0	1	1	0	0	1	0	1	0	0	1	2	0	0	0	2	2	1	0	1	2	0	5	2	2	3	0	1	0	2	0	1	1	4	0	3	2	6	2	1	1	3	0	1	1	4	3	0	19	0	2	4	6	0	1	2	0	0	0	0	1	0	1	1	1	2	8	2	5	0	3	1	0	1	2	1	0	0	0	3	2	1	0	1	2	1	0	0	5	1	1	0	5	1	2	2	0	1	3	0	3	1	1	4	2	3	1	3	1	12	0	4	1	0	1	4	0	3	0	3	3	0	1	2	0	0	0	2	1	0	3	0	0	0	2	0	2	3	1	1	2	1	0	0	0	3	2	6	2	0	1	1	2	2	1	1	0	2	1	2	3	2	2	2	2	0	1	2	2	2	8	1	2	0	0	3	0	1	1	1	3	2	2	1	1	1	1	1	0	1	0	2	1	0	1	3	2	8	0	2	3	8	3	0	0	2	1	0	1	3	1	3	0	0	0	0	2	4	1	1	7	1	0	1	0	2	1	5	4	0	0	0	0	2	0	0	5	1	3	0	0	1	1	1	0	1	3	1	1	5	1	0	1	6	4	3	0	2	1	1	0	0	4	3	1	2	1	0	0	2	1	1	4	2	1	0	2	2	3	0	0	0	0	0	1	0	1	1	3	4	0	0	1	4	5	2	0	0	0	1	0	1	1	1	4	2	2	1	1	1	2	1	1	3	3	0	1	3	1	0	2	3	1	3	0	1	2	0	1	0	2	3	4	3	2	0	0	3	4	0	1	5	2	2	1	2	0	5	0	1	1	3	0	1	2	0	1	50	0	1	0	0	0	0	0	0	3	7	1	1	0	2	0	0	0	0	2	0	2	2	0	0	1	2	1	4	3	4	2	1	0	2	3	1	0	1	1	1	3	1	1	2	2	0	4	3	2	2	0	0	4	3	3	2	1	4	1	1	0	1	0	1	2	0	5	2	1	2	1	1	2	0	1	1	1	2	2	3	0	2	2	0	1	0	2	3	5	4	2	0	2	0	1	2	1	2	4	2	0	1	2	1	3	3	1	0	0	5	1	1	0	3	7	1	0	0	3	1	2	1	0	1	5	0	0	2	0	3	1	2	0	3	3	1	1	1	2	4	4	2	1	1	3	0	4	4	1	0	0	2	3	2	0	0	0	0	1	0	12	0	0	1	1	3	0	0	0	0	5	1	0	0	0	1	0	0
A[Ins(T):R3]C	1	1	0	0	2	0	1	0	1	0	0	0	1	0	2	0	0	0	0	0	1	1	0	0	0	0	1	1	1	0	0	0	0	0	0	0	1	2	1	1	1	2	1	0	0	2	1	1	1	1	1	0	1	2	1	1	0	0	0	1	0	1	0	1	0	0	1	0	0	1	0	0	0	1	0	0	0	0	2	2	0	1	0	0	1	0	0	0	18	0	1	2	1	1	0	1	1	0	0	1	0	0	1	0	1	0	0	0	3	0	0	2	0	1	1	1	0	0	0	1	1	0	4	2	0	0	0	0	2	0	0	0	1	0	0	0	0	0	2	1	1	0	0	0	0	0	1	1	0	10	0	1	1	0	1	2	0	1	1	1	0	0	0	6	0	0	1	0	1	0	1	3	2	1	0	0	0	0	0	0	1	1	0	1	0	3	0	5	0	0	0	0	0	2	0	0	0	1	0	0	0	0	2	0	0	0	0	0	0	3	5	0	2	0	1	2	1	0	0	0	1	0	0	0	1	1	0	0	0	1	0	0	0	1	1	2	1	6	0	0	0	1	1	0	0	0	0	0	0	0	0	1	1	1	0	0	1	2	0	1	2	0	0	1	0	0	0	1	1	0	1	0	0	0	0	1	0	0	3	0	0	0	0	0	0	1	1	1	3	6	0	0	1	0	0	0	0	1	0	1	0	0	0	1	1	0	1	0	0	1	0	0	0	0	0	0	1	1	0	0	0	2	0	0	0	0	0	2	2	0	0	0	5	3	1	1	0	0	0	1	0	1	0	0	7	0	2	2	1	2	1	1	1	1	0	0	0	2	1	0	2	0	3	0	0	1	0	1	0	1	2	2	0	6	1	0	0	0	0	0	0	1	1	1	1	1	1	3	2	1	1	1	0	0	0	1	1	36	0	0	1	1	0	0	0	0	1	3	0	1	0	0	0	0	0	0	0	0	1	0	0	1	0	0	0	3	0	2	3	0	0	1	0	0	1	0	1	0	0	0	0	1	2	1	1	1	0	1	1	0	7	0	1	2	2	1	1	2	2	0	0	0	0	0	0	2	0	1	1	1	2	0	0	2	0	1	1	0	0	1	1	0	0	1	0	1	2	0	1	1	0	0	0	0	0	0	1	1	0	0	1	1	1	2	0	0	0	0	1	2	1	1	1	0	0	0	0	0	1	0	0	0	1	0	0	1	0	1	1	1	0	1	2	0	1	0	0	3	0	2	0	1	0	0	1	0	0	0	0	1	3	0	0	0	0	0	0	0	4	0	0	0	0	0	0	0	0	0	2	0	0	0	0	1	0	0
A[Ins(T):R3]G	7	16	0	1	17	0	8	3	6	16	4	10	0	0	28	11	6	0	18	6	0	3	0	0	9	2	11	43	0	0	1	19	0	0	4	0	0	2	12	8	13	8	16	6	24	15	4	1	17	5	9	13	3	9	8	4	13	11	7	9	3	4	15	10	10	3	2	10	15	11	14	21	7	6	7	23	17	20	5	2	2	9	5	7	4	30	11	16	22	2	4	16	40	0	2	18	0	0	3	2	2	0	26	15	6	11	27	0	97	9	10	4	0	0	11	2	10	2	11	28	2	0	12	10	9	11	6	0	32	15	3	2	27	3	4	8	0	4	2	0	1	0	0	11	3	5	1	4	1	4	0	44	1	0	7	23	2	29	7	10	3	3	0	37	1	4	1	10	3	2	0	20	1	5	0	0	1	6	39	1	13	23	4	1	6	14	16	59	3	1	13	4	7	0	0	2	1	0	0	7	0	13	0	1	4	1	16	6	0	15	17	2	1	9	1	21	4	0	4	0	19	8	0	1	9	13	3	0	16	9	0	3	19	1	13	4	0	72	0	1	2	5	2	1	0	21	1	0	11	6	11	5	21	14	0	0	13	2	0	3	44	1	0	0	2	0	7	6	7	0	1	0	6	4	1	7	18	13	38	0	0	7	1	1	8	18	25	17	5	44	11	1	0	37	9	35	1	1	5	10	0	6	6	10	0	9	19	0	1	0	0	2	11	0	0	2	10	26	24	0	0	14	2	6	8	0	1	33	26	3	0	0	21	26	33	1	14	0	1	2	5	13	3	7	89	10	27	9	12	1	0	49	1	17	27	0	0	18	2	5	2	12	0	11	0	1	10	8	13	0	16	14	7	64	4	16	0	12	8	5	12	17	4	26	18	18	3	54	6	1	11	16	3	0	14	0	8	113	0	2	3	19	1	0	0	0	1	24	6	1	0	5	0	0	0	0	6	0	5	6	0	14	0	1	3	17	0	11	17	44	0	8	2	13	10	0	2	0	16	14	0	0	22	19	14	25	1	10	4	4	56	8	30	18	14	16	14	18	0	3	0	16	16	0	10	4	12	6	0	12	27	2	6	25	14	11	22	24	16	48	28	4	2	6	0	22	34	0	10	28	5	5	3	0	4	10	30	31	6	0	0	0	9	9	0	13	5	19	5	10	17	10	24	0	2	9	18	3	17	9	0	12	27	0	3	15	0	15	2	18	15	19	25	1	5	0	2	41	4	12	22	0	3	3	18	4	0	0	2	0	23	10	2	7	0	0	6	0	46	0	0	0	0	6	2	2	20	1	57	11	2	0	1	2	10	1
A[Ins(T):R4]A	0	4	2	2	1	0	0	0	0	2	0	1	0	0	7	1	0	0	0	0	0	0	0	0	0	0	1	1	0	0	0	1	0	0	0	0	1	0	0	1	0	0	2	1	3	2	3	2	2	3	0	2	0	1	1	0	3	1	0	2	2	0	3	1	1	6	0	2	1	2	1	1	0	3	0	3	1	3	1	1	0	0	1	1	0	3	0	1	23	2	1	4	1	0	1	2	2	0	3	2	0	0	2	0	1	0	2	1	7	2	0	1	1	0	2	1	0	0	3	3	1	0	3	3	0	2	0	0	1	1	1	1	3	1	0	1	0	0	0	0	0	1	0	3	1	4	2	0	0	45	0	5	1	1	2	1	2	3	3	1	4	2	0	2	0	1	0	3	0	2	0	7	3	0	1	0	0	3	5	0	1	1	0	2	1	1	0	4	1	1	1	1	4	2	1	1	0	0	2	1	1	0	0	0	0	3	3	2	0	1	21	0	1	2	0	2	1	1	2	1	2	0	1	0	1	4	1	0	1	3	2	1	1	1	0	0	2	5	0	0	1	12	2	1	0	4	0	0	0	3	2	2	4	2	0	0	0	12	0	2	5	0	0	1	2	1	1	2	1	0	2	0	0	2	0	5	2	2	3	0	0	1	5	1	1	1	2	1	3	10	3	1	0	2	1	7	0	1	0	2	0	2	2	1	0	2	2	0	3	1	0	1	3	1	0	1	0	1	1	2	1	2	0	2	0	0	0	1	3	1	1	0	3	4	0	4	0	0	1	1	1	2	1	1	6	0	0	2	0	2	0	4	4	0	0	1	1	3	0	2	5	2	1	1	0	1	2	2	1	1	3	1	1	4	4	2	0	1	1	0	0	2	2	2	1	4	2	1	0	3	0	3	2	2	0	1	1	63	1	1	2	0	0	1	0	1	5	3	1	0	1	2	1	0	0	0	1	2	3	1	0	2	1	1	0	1	1	0	12	3	0	1	1	3	1	0	5	0	0	3	1	0	2	1	1	1	1	2	0	0	2	0	4	3	1	1	1	1	2	0	1	0	1	0	3	0	4	0	0	3	3	1	1	2	3	3	2	3	0	3	2	0	1	0	1	0	1	0	1	3	0	0	0	2	3	1	1	1	1	1	0	0	5	0	0	1	0	2	3	0	0	2	4	0	2	2	0	0	3	1	1	1	5	0	3	3	1	2	0	1	2	2	0	1	1	0	0	6	1	2	0	1	0	0	5	1	0	1	0	2	2	3	0	4	0	1	1	3	3	1	1	1	1	0	0	1	0	0	11	0	0	0	0	1	2	1
A[Ins(T):R4]C	0	1	0	1	1	0	2	0	2	0	0	0	0	0	5	1	1	0	0	0	0	1	1	0	1	2	4	2	1	0	1	1	0	0	1	0	1	0	0	2	0	0	1	1	2	2	4	0	0	2	1	2	0	1	0	0	0	4	1	0	1	3	3	0	6	1	1	0	2	2	0	2	1	0	1	5	1	1	3	2	1	3	0	0	0	2	0	3	27	0	2	0	3	2	1	1	0	2	0	0	0	0	6	0	1	1	3	3	3	2	1	0	1	0	0	1	1	0	2	0	2	0	1	1	0	0	1	0	1	0	0	0	6	0	0	0	0	3	4	1	2	2	1	0	1	3	4	0	0	28	0	4	0	0	2	1	0	0	0	1	1	2	0	3	4	0	1	0	3	0	2	0	0	0	1	0	1	0	3	1	1	0	2	1	0	1	0	3	0	0	2	1	3	2	0	0	0	2	0	1	0	0	1	0	0	6	3	2	0	2	38	1	3	0	0	0	1	1	1	0	4	0	0	1	0	1	1	0	2	1	0	0	1	0	1	1	2	3	1	2	1	10	1	2	0	1	1	0	1	2	1	1	4	2	0	0	0	18	0	2	3	3	1	0	1	0	0	1	2	1	0	0	4	4	2	1	0	0	3	0	0	0	4	0	1	2	0	0	0	5	4	2	0	0	1	10	0	0	1	0	1	2	1	1	6	2	0	0	1	2	2	0	0	0	0	1	0	1	1	0	1	3	0	1	0	0	0	3	2	1	0	0	2	2	3	1	1	1	2	1	1	6	2	1	4	0	2	2	0	3	1	0	1	2	0	0	2	1	3	1	6	3	1	0	0	1	0	1	2	0	3	1	0	1	2	2	0	0	1	1	0	2	3	0	3	2	1	5	2	0	1	2	2	1	0	0	1	76	0	2	2	2	0	0	1	4	1	3	5	1	4	2	0	0	1	0	3	2	0	3	0	0	3	1	0	0	1	3	5	2	0	1	3	1	0	1	1	0	2	1	1	0	0	1	1	0	3	0	0	0	5	1	2	1	0	0	0	1	2	2	0	3	0	0	0	0	4	0	0	1	1	2	0	1	1	1	2	1	0	2	1	0	0	1	1	1	2	3	0	4	1	0	1	2	3	2	0	2	0	0	0	0	0	2	1	0	0	0	2	0	0	0	3	1	3	0	0	0	1	0	1	1	5	0	0	0	2	2	2	0	1	0	2	2	0	0	1	1	4	1	0	0	3	0	3	1	0	2	0	0	5	1	0	3	0	1	3	4	4	1	0	1	2	2	0	1	0	0	7	0	0	0	0	0	1	0
A[Ins(T):R4]G	2	4	1	2	8	1	2	1	3	8	0	4	0	1	23	2	2	1	2	3	0	3	0	0	2	2	3	15	0	2	0	7	0	0	0	0	0	3	0	6	2	2	4	0	5	7	4	1	9	2	4	8	1	4	2	2	5	0	1	4	2	2	9	2	5	4	1	2	3	3	2	2	1	9	4	9	3	9	1	1	0	4	3	5	1	12	2	3	32	1	3	3	8	0	4	2	2	0	2	0	2	1	9	5	3	6	12	0	28	3	6	4	0	1	4	3	0	0	4	13	1	0	6	7	10	6	1	1	14	0	1	2	8	0	1	1	0	2	5	1	1	0	1	4	4	4	4	2	1	37	0	11	2	0	3	2	0	11	4	4	4	2	0	11	8	3	1	4	1	0	1	3	2	7	1	0	0	1	15	1	6	8	1	0	2	4	3	18	2	1	1	4	5	0	0	1	0	0	0	6	0	1	2	0	4	2	4	2	0	6	17	1	2	3	0	9	1	0	7	1	9	5	2	1	4	5	2	0	3	12	0	2	8	0	4	3	2	26	0	0	1	6	3	1	0	10	1	0	2	2	5	1	3	3	3	0	3	9	2	3	12	1	0	0	4	0	10	8	4	1	1	0	2	3	1	3	10	3	7	0	0	0	3	2	6	11	10	6	6	14	2	2	1	15	6	16	1	1	1	5	0	3	1	3	3	2	8	1	0	1	1	3	3	1	1	2	7	11	13	0	1	5	1	1	5	0	1	5	5	2	0	0	9	8	5	1	3	0	0	0	2	5	0	1	23	10	7	2	3	1	1	13	1	6	14	0	1	3	1	3	3	10	3	3	0	1	5	2	1	0	5	3	10	13	1	4	1	7	1	1	5	9	2	9	5	8	1	4	1	2	6	9	1	0	8	0	3	123	3	4	1	7	1	0	1	3	1	12	2	0	1	1	0	1	0	0	1	0	1	1	1	4	1	3	0	8	1	3	12	15	0	4	1	1	3	1	0	0	3	6	0	2	9	10	6	7	1	4	0	2	23	7	9	6	3	5	4	8	1	4	0	5	6	0	11	2	9	3	0	7	7	1	4	10	4	8	5	6	8	18	4	2	0	8	2	8	10	0	8	10	1	1	1	2	4	4	7	10	5	0	0	0	4	3	0	3	1	4	3	1	6	5	9	2	0	4	5	3	8	3	0	3	7	2	1	7	0	4	0	7	6	5	6	0	1	0	3	9	2	3	2	0	1	1	8	1	1	3	1	2	9	8	2	3	0	0	5	2	16	0	0	1	4	7	3	0	4	1	17	1	2	1	1	3	3	1
A[Ins(T):R5]A	2	2	1	3	2	0	3	1	1	3	0	1	0	1	10	1	9	0	3	0	2	5	2	0	0	3	5	3	0	2	1	4	0	0	1	3	0	1	1	4	4	1	6	5	4	2	10	5	3	3	4	3	3	4	4	1	6	3	0	2	2	0	4	2	9	8	0	1	3	5	4	2	0	4	6	3	4	4	4	0	0	2	4	8	1	6	2	0	126	5	4	3	6	1	1	2	3	0	3	2	2	1	4	0	2	1	1	0	12	3	2	2	0	0	2	2	0	2	5	2	0	0	3	0	1	2	1	1	2	2	1	2	21	2	1	2	0	4	10	1	2	0	0	4	2	5	8	0	3	81	1	14	0	0	5	3	3	1	3	6	2	9	1	2	8	2	1	0	3	5	1	7	7	0	3	1	3	1	7	1	2	1	1	3	1	5	12	4	6	3	3	4	2	5	2	1	1	0	1	2	1	4	4	2	2	7	2	2	3	3	79	0	7	6	2	3	2	0	4	0	2	3	3	1	1	6	3	1	0	5	2	1	2	2	0	1	1	5	0	1	2	18	2	1	0	6	4	0	7	3	10	5	8	4	1	0	0	38	3	6	10	1	0	2	5	0	2	2	5	2	2	0	7	3	0	7	4	1	3	0	0	0	0	3	1	3	5	1	7	3	3	2	2	4	5	16	1	1	0	3	2	1	3	2	9	1	1	0	3	6	4	3	2	0	4	0	1	0	5	2	1	0	4	3	1	0	0	3	3	0	0	1	4	7	6	4	2	1	0	6	1	3	2	1	3	1	7	2	6	8	0	0	3	0	6	0	2	3	0	0	6	11	2	3	2	6	5	4	4	0	7	4	0	4	2	2	0	0	4	2	1	4	3	2	2	3	0	3	3	3	0	5	0	2	2	4	3	239	4	12	1	3	0	1	4	3	3	4	5	1	4	0	2	1	0	0	2	0	2	4	3	3	5	6	1	3	2	5	5	4	2	3	0	3	1	0	0	0	4	3	1	0	1	1	2	0	1	0	1	0	4	0	3	0	5	4	1	2	1	2	0	2	3	0	4	6	10	2	1	3	8	5	1	3	0	13	3	6	3	3	1	0	0	0	7	4	2	2	5	6	1	0	3	2	4	6	5	4	1	3	1	2	0	3	1	2	0	4	8	2	3	2	3	6	6	4	2	2	3	2	0	2	6	3	2	7	5	1	0	0	1	1	5	6	0	1	1	7	6	3	2	1	2	0	6	3	1	6	3	2	4	5	0	4	2	4	5	1	7	2	0	0	3	6	2	1	2	0	6	4	0	0	0	1	2	2
A[Ins(T):R5]C	0	0	4	1	2	0	2	1	1	3	0	1	0	3	11	0	5	3	3	0	0	0	2	0	1	4	5	2	4	3	5	1	0	0	2	2	3	0	5	3	2	0	7	3	1	4	7	3	3	3	2	2	5	5	2	0	10	3	2	2	3	1	7	3	6	10	2	2	4	2	4	5	3	10	4	5	4	9	5	0	4	3	2	6	3	10	0	0	123	3	2	3	3	0	0	2	3	0	7	3	0	1	2	3	2	2	5	2	10	17	0	1	0	1	2	3	4	4	5	2	4	0	2	3	8	3	0	2	4	1	1	2	30	1	1	5	0	8	8	0	4	0	0	6	4	11	15	2	3	75	0	10	1	0	7	1	0	4	0	0	6	10	0	7	3	4	0	5	3	3	2	5	6	1	5	5	1	3	8	5	1	2	5	3	3	10	3	3	4	1	2	1	1	6	2	4	1	3	3	3	2	3	0	4	0	4	2	3	2	1	75	3	7	4	3	8	2	0	4	2	7	3	2	2	2	1	2	0	1	1	2	2	0	2	1	2	3	1	2	4	1	29	4	1	1	7	4	0	2	0	8	3	6	0	1	3	1	63	1	5	14	0	1	7	10	2	0	3	6	1	3	1	7	3	2	10	7	0	3	0	3	2	6	7	1	5	5	2	7	5	4	1	2	5	9	19	1	4	2	3	1	1	2	2	10	4	1	2	6	8	3	1	1	1	1	4	1	3	5	2	0	2	4	1	4	0	0	11	7	4	0	0	3	6	3	5	4	1	1	4	1	1	2	1	5	8	9	2	4	3	5	2	6	2	2	1	1	7	1	1	10	8	6	2	0	4	5	3	2	0	10	3	3	5	1	5	1	2	1	2	3	6	6	3	1	8	3	3	4	5	2	4	3	2	3	2	3	249	6	8	2	4	0	0	2	10	5	3	7	6	4	2	1	0	2	0	2	3	2	3	2	0	4	6	1	6	3	6	9	5	4	5	1	1	0	2	0	1	0	6	0	1	2	0	3	0	7	2	4	1	8	2	1	1	0	0	2	2	2	0	1	1	2	1	2	6	14	1	1	5	7	3	5	3	3	18	3	3	2	0	1	4	0	1	3	1	2	4	1	3	2	0	2	10	8	15	3	1	2	6	1	1	1	4	0	0	1	3	3	2	3	4	3	9	4	4	5	2	8	2	2	4	7	1	1	3	6	3	2	0	0	1	2	4	0	1	0	7	6	3	1	1	3	2	19	4	1	2	1	4	6	5	3	6	0	3	7	7	8	1	0	3	7	1	0	1	2	0	9	2	0	2	0	2	1	0
A[Ins(T):R5]G	1	3	2	2	13	0	3	3	4	7	1	6	1	0	24	5	8	2	8	2	2	4	1	0	4	4	5	10	2	4	3	10	1	3	5	0	2	2	4	8	4	5	12	3	6	3	6	2	7	4	4	7	1	9	4	0	9	1	1	4	6	4	9	5	9	7	0	6	5	6	6	9	5	5	0	12	11	12	4	2	1	5	6	5	6	16	1	7	102	5	2	12	10	1	7	7	2	2	10	7	2	0	9	4	6	8	7	4	46	7	4	2	1	3	14	8	2	2	7	10	3	0	5	7	6	10	4	3	12	4	0	1	28	3	3	7	0	2	8	0	6	0	0	6	3	9	14	4	2	91	2	18	1	2	4	3	1	12	4	7	7	5	1	10	8	4	1	7	1	7	2	11	2	3	2	2	4	6	9	2	7	10	2	2	4	16	10	28	1	1	3	4	4	7	4	3	1	1	2	3	0	2	2	1	1	5	3	4	1	2	105	2	16	6	4	9	2	0	5	4	14	9	2	2	5	7	4	0	3	5	3	4	5	1	12	1	2	23	3	5	6	18	3	2	1	12	4	2	9	3	3	2	7	6	1	1	5	41	0	5	24	0	0	6	10	0	5	10	6	2	0	0	13	7	3	8	4	7	14	0	0	2	8	6	3	7	15	9	10	13	10	1	3	15	8	21	0	2	4	13	2	2	6	8	3	7	9	2	6	4	7	2	3	2	3	2	2	12	6	1	1	6	1	1	4	4	2	9	11	6	1	0	18	20	9	3	11	2	2	0	1	6	1	5	17	5	5	10	5	7	6	13	2	11	12	0	3	20	0	5	10	9	7	5	3	4	11	4	3	0	11	11	6	18	4	9	0	8	6	2	5	7	7	9	9	7	1	11	3	5	16	8	5	2	6	6	5	280	2	8	3	3	2	2	3	5	4	14	10	5	6	7	0	3	0	0	5	3	6	3	2	7	7	1	2	3	4	5	11	13	2	6	2	3	4	2	5	0	7	9	3	0	12	2	9	13	3	3	3	3	24	8	12	6	5	2	13	9	2	2	0	5	12	3	7	9	13	4	0	7	12	7	3	12	6	16	12	12	7	11	6	3	3	4	7	7	12	2	4	13	5	3	2	6	11	13	11	8	1	3	0	1	9	6	2	6	3	11	5	4	8	5	12	5	6	6	7	8	7	1	1	5	5	2	4	6	10	6	1	9	5	9	8	3	2	3	0	23	5	4	4	6	8	2	16	3	0	2	3	1	8	2	3	6	0	2	16	2	22	1	1	0	3	10	2	3	9	0	22	5	2	0	2	1	7	2
A[Ins(T):R6]A	0	5	7	1	5	0	5	0	1	5	2	2	2	4	12	2	5	4	4	0	1	2	3	1	1	3	7	4	4	9	6	6	1	1	1	3	3	1	4	4	11	1	6	3	10	1	11	9	1	7	8	6	5	4	5	3	12	3	2	5	7	2	4	0	11	26	4	1	1	9	8	5	3	10	5	13	7	20	14	4	6	6	15	9	7	13	2	4	236	5	6	3	8	1	6	0	4	1	2	1	8	1	7	3	4	8	9	9	19	17	2	3	3	3	5	12	3	8	5	8	3	1	2	9	1	3	1	0	4	5	2	5	50	1	3	4	0	6	18	2	10	2	0	7	5	13	18	1	3	174	1	20	5	2	8	5	3	8	4	8	5	9	2	6	9	5	0	3	9	3	10	9	8	3	5	4	1	7	7	2	3	4	11	8	8	9	12	13	5	5	4	5	7	8	4	6	1	9	4	9	2	8	4	4	4	8	5	7	4	2	142	7	17	3	2	4	4	3	11	4	12	4	7	5	8	8	7	0	4	4	12	4	3	7	4	2	7	16	4	8	6	46	8	6	1	5	8	2	5	3	6	8	11	5	3	2	4	87	2	6	21	1	1	8	9	2	3	14	12	2	2	2	5	7	4	8	5	5	5	0	1	1	6	11	1	3	9	5	13	11	13	6	3	12	11	30	1	8	0	7	2	0	5	2	19	5	4	2	10	17	3	3	2	6	6	6	8	4	8	2	4	1	6	7	8	3	3	13	16	5	0	2	10	17	5	16	6	3	3	5	4	11	2	3	3	1	6	12	1	8	4	2	6	4	2	1	3	19	7	6	37	18	9	4	5	9	16	4	4	1	18	9	4	4	10	4	0	2	3	1	4	7	6	7	3	8	1	13	8	12	8	8	2	3	2	2	6	520	5	14	3	4	4	6	2	16	5	6	14	6	10	2	2	2	1	0	6	2	4	3	5	11	7	12	5	3	8	17	12	10	3	9	3	5	1	7	2	3	2	13	6	2	9	1	7	5	5	6	5	4	9	4	3	5	3	4	3	10	5	2	1	5	3	1	7	2	16	7	3	3	7	6	5	4	2	30	5	5	7	3	6	8	1	6	11	4	7	9	1	11	4	0	2	20	13	13	8	4	4	5	4	1	6	0	1	2	0	10	5	3	6	3	4	15	6	6	5	6	7	1	1	8	10	3	5	2	11	3	2	2	1	2	5	5	3	2	5	11	14	6	2	8	10	2	20	26	1	7	5	7	12	13	4	9	1	7	8	8	19	4	0	9	3	12	3	3	4	2	26	6	1	3	3	0	2	0
A[Ins(T):R6]C	1	12	2	3	1	0	6	1	2	8	2	6	1	3	19	1	12	12	1	0	0	2	5	0	3	10	11	6	3	2	4	10	1	2	2	6	5	1	3	7	9	0	10	6	3	4	18	7	1	7	9	4	6	6	6	0	19	4	3	6	9	5	19	4	11	24	5	2	4	15	11	8	5	7	5	19	15	15	8	5	9	8	6	14	6	16	1	5	246	3	2	5	8	2	7	7	7	0	10	10	4	2	0	2	3	7	6	5	12	15	7	4	1	2	7	13	4	2	17	5	5	0	7	6	4	4	1	1	6	3	2	2	58	1	2	5	0	6	21	1	11	2	2	13	6	16	26	5	6	142	3	21	3	4	4	5	1	5	4	11	9	11	2	8	16	8	1	7	1	9	6	12	7	0	7	0	10	5	15	10	1	4	10	8	8	5	20	12	11	5	6	5	10	11	4	11	3	6	2	12	2	2	3	3	4	13	1	12	7	0	175	9	22	6	2	3	8	1	6	0	13	7	5	5	4	12	7	0	2	8	19	5	3	6	4	4	10	10	1	2	7	51	8	3	3	11	9	2	13	2	4	5	15	3	5	2	8	138	1	7	21	7	2	2	26	3	2	13	9	5	3	0	20	11	4	9	7	4	3	1	1	2	12	20	4	9	8	3	15	11	9	12	3	5	22	30	6	10	2	7	2	4	4	4	18	9	2	6	17	17	4	7	2	2	3	9	4	11	11	6	5	5	7	3	8	2	2	20	11	9	2	2	6	17	14	6	6	3	3	6	5	4	3	2	6	4	13	14	7	18	6	1	4	5	2	1	5	13	4	3	28	17	11	6	2	9	21	11	6	1	24	9	3	8	7	10	0	10	4	3	4	6	8	6	2	5	2	11	13	15	6	9	2	4	4	7	8	612	8	13	2	7	3	7	5	7	7	13	18	11	15	8	4	2	3	0	9	4	7	5	10	6	11	4	9	5	7	13	24	9	2	12	5	7	2	6	1	2	1	13	5	2	3	1	6	2	13	1	4	1	7	3	6	1	6	4	2	12	6	3	0	4	7	2	6	7	25	6	3	3	4	12	6	4	7	26	1	8	5	8	5	4	0	0	9	7	3	9	1	11	8	2	7	19	16	18	6	1	3	11	5	3	5	5	5	3	0	11	11	6	1	4	5	23	11	8	9	3	6	1	2	3	12	8	0	4	9	6	1	4	2	4	4	12	1	4	3	12	4	4	3	9	4	2	20	23	0	6	5	12	11	19	0	11	1	10	9	17	13	6	3	5	10	10	5	5	3	2	29	5	1	1	7	3	2	7
A[Ins(T):R6]G	4	12	5	4	11	0	6	1	7	13	0	13	2	3	25	2	7	5	7	3	2	2	4	0	5	9	19	8	7	5	5	9	0	3	1	9	4	6	9	7	6	6	10	13	15	9	23	6	12	13	14	7	5	19	4	3	13	5	2	9	17	11	26	6	21	30	0	11	8	21	16	12	4	8	9	24	20	31	22	3	10	8	10	9	15	28	3	13	389	6	6	8	12	5	6	11	2	4	8	6	6	1	4	4	4	14	14	6	28	16	5	7	2	0	10	14	4	1	12	10	9	1	17	7	6	8	6	2	16	3	1	5	44	3	8	4	0	6	27	0	14	1	2	13	12	16	28	3	3	225	3	19	4	2	15	8	4	10	9	10	9	14	2	7	10	9	1	11	4	12	7	15	8	3	11	4	9	8	18	9	9	9	7	5	4	20	22	17	7	6	3	6	16	9	4	6	2	4	1	8	10	8	10	4	5	22	8	11	3	9	240	10	11	12	6	10	10	4	9	6	16	9	12	2	11	4	8	1	7	13	10	1	4	5	9	6	8	24	2	14	8	74	9	6	3	15	12	3	14	2	22	8	10	5	2	2	11	133	3	8	25	3	2	3	23	3	4	12	15	3	8	1	14	13	9	13	11	9	10	0	2	0	10	13	3	12	9	6	15	16	15	9	0	19	21	43	3	1	6	11	5	6	8	8	27	4	10	10	19	27	6	6	10	6	5	10	7	9	10	4	2	5	8	2	2	2	4	12	12	2	1	2	11	40	8	10	14	1	5	8	5	14	5	7	27	6	16	9	5	11	3	6	7	13	13	0	7	24	6	10	31	23	19	7	4	16	13	12	4	3	26	10	10	15	5	13	1	3	7	3	16	20	9	15	8	10	3	23	22	15	8	10	4	5	5	5	6	870	6	16	8	6	3	3	5	19	8	12	18	6	6	9	4	3	1	1	11	8	3	4	9	13	10	11	4	9	7	21	31	21	2	9	5	7	3	0	1	0	13	20	5	0	9	3	12	2	12	4	1	4	22	3	11	3	7	6	9	15	4	3	0	13	8	2	8	16	29	8	3	10	14	15	6	6	13	34	7	8	10	20	4	4	1	5	12	16	10	7	6	21	6	7	8	9	20	17	11	9	4	5	4	5	7	12	3	9	0	22	11	9	9	11	3	19	15	8	10	5	10	6	1	6	8	8	4	8	6	16	3	14	7	6	9	9	3	3	7	28	10	4	5	4	12	1	40	20	0	10	6	16	21	18	4	13	0	7	16	6	39	2	1	8	9	20	3	3	8	0	48	8	3	1	9	1	7	5
A[Ins(T):R7]A	0	4	9	2	4	0	1	0	5	0	0	2	2	4	10	2	4	2	0	0	3	4	2	0	4	5	11	3	3	6	3	8	0	0	0	7	3	2	7	7	13	3	7	9	8	5	21	6	6	11	15	13	10	10	4	1	17	8	2	6	10	3	14	2	15	49	4	1	1	13	7	11	7	13	9	12	6	14	20	5	18	8	12	13	6	11	1	6	380	2	7	5	7	2	7	1	13	2	6	3	5	0	10	5	6	12	9	11	16	15	1	4	2	3	3	18	6	0	10	5	4	0	9	9	5	3	2	6	9	5	4	8	55	2	8	6	0	15	16	1	5	2	3	18	4	15	27	9	1	221	2	22	7	3	8	8	3	4	4	13	22	17	3	7	11	13	3	7	10	8	10	15	7	3	8	6	7	7	13	9	8	5	7	12	5	12	16	18	10	10	5	3	28	13	8	10	1	8	4	13	7	3	4	5	4	9	4	5	4	5	208	9	19	6	3	3	15	2	15	6	12	6	10	8	10	6	5	1	0	8	8	3	5	8	5	7	9	10	4	5	9	97	13	1	1	7	3	2	6	1	10	8	7	8	4	1	7	99	4	9	14	4	1	10	10	2	3	18	12	4	4	2	16	9	5	10	5	4	6	0	3	0	14	14	3	10	6	10	5	15	10	9	3	8	17	41	3	10	2	4	3	1	7	5	27	3	4	5	18	25	6	3	4	14	4	19	3	6	7	1	5	5	6	4	6	1	2	15	11	7	5	3	10	22	3	12	4	2	3	14	6	17	4	3	9	5	4	8	4	18	4	3	4	12	2	1	7	8	2	7	34	16	11	5	3	12	17	5	5	2	25	10	13	13	3	7	3	4	5	6	11	9	6	2	6	6	1	10	7	9	4	13	3	5	2	4	7	708	9	24	8	2	1	5	6	16	6	12	12	7	8	4	4	5	4	0	6	6	6	1	7	10	15	14	2	3	2	9	23	12	6	11	5	2	1	2	6	1	3	10	2	5	3	1	7	1	10	6	5	0	19	4	8	3	6	6	5	10	5	2	1	11	1	1	5	14	21	14	4	0	10	18	9	2	5	21	13	6	8	3	1	0	0	4	4	8	6	9	4	14	2	1	8	20	22	8	5	4	6	13	4	3	5	5	3	2	0	8	6	5	6	6	7	22	13	10	4	6	6	3	2	10	14	6	8	6	12	6	3	7	1	3	3	5	1	3	6	12	11	1	3	9	7	2	24	25	6	9	4	10	13	17	1	13	0	13	18	8	17	4	3	7	8	18	1	3	6	0	25	5	1	3	10	5	5	9
A[Ins(T):R7]C	0	6	12	5	5	0	7	0	5	4	1	5	5	4	17	3	9	6	3	0	0	0	3	0	0	2	15	6	4	6	4	3	0	0	4	4	8	0	2	13	9	3	9	9	6	5	9	10	7	7	7	6	7	10	10	5	18	8	4	7	5	4	12	3	12	36	4	1	7	11	15	10	4	19	4	10	7	21	16	9	14	8	9	12	9	15	2	6	328	7	3	3	7	3	7	4	5	5	10	5	3	1	6	7	3	7	12	15	18	22	4	5	1	3	2	16	4	3	11	11	12	1	4	4	1	9	2	0	5	0	1	4	57	4	3	6	0	9	26	1	10	3	0	12	2	12	33	6	4	150	0	18	3	2	16	0	5	12	4	12	14	17	0	4	9	4	1	7	8	10	8	8	6	1	13	2	7	6	14	6	0	5	17	11	4	9	14	12	9	6	4	4	23	16	3	4	1	7	3	13	2	7	5	6	5	10	7	9	2	5	184	12	21	6	4	6	16	3	8	8	8	7	8	4	6	7	5	0	1	7	14	2	4	5	2	5	9	8	3	6	6	60	12	5	6	7	7	2	7	2	11	6	9	10	1	2	7	149	4	15	22	3	2	9	14	2	1	12	8	4	3	3	19	6	9	10	8	4	7	0	2	1	12	14	2	9	7	3	12	11	8	4	3	15	22	36	4	9	4	3	6	6	4	5	29	3	3	1	16	24	4	7	7	8	4	14	4	13	6	5	3	1	8	1	4	2	6	13	13	11	2	1	10	13	6	8	10	3	5	11	4	18	8	3	8	1	15	14	8	19	7	1	9	4	2	4	9	13	4	7	27	23	9	3	4	17	12	6	4	3	19	7	6	11	9	4	1	10	7	3	9	9	6	10	3	7	8	14	14	16	6	12	4	8	4	8	7	710	7	23	13	3	4	2	6	19	16	14	13	12	7	5	2	3	5	1	7	6	6	5	6	6	18	11	5	6	4	17	17	8	2	9	5	4	4	4	4	2	1	10	5	5	6	2	8	3	12	11	5	1	16	6	12	3	8	2	2	7	9	3	1	4	4	1	8	12	26	2	3	3	6	16	13	1	7	20	11	9	3	5	3	4	0	4	17	4	3	6	1	11	3	2	2	19	29	8	7	3	7	13	3	5	5	9	5	3	0	6	13	6	1	5	2	23	9	5	7	7	6	4	2	12	9	5	8	7	15	2	3	6	5	5	4	7	2	4	4	12	11	2	5	13	6	3	25	15	2	8	5	15	15	18	1	8	2	9	12	13	21	4	1	7	8	10	3	5	5	1	28	14	2	3	11	7	4	2
A[Ins(T):R7]G	3	3	7	1	11	0	7	0	7	11	3	3	1	2	31	3	12	11	6	3	0	1	3	1	5	7	12	12	2	13	10	5	1	1	1	9	7	1	11	11	7	5	13	15	16	7	26	10	11	5	11	4	8	10	8	2	11	7	8	5	6	7	18	10	17	28	2	5	15	8	9	17	2	16	6	18	11	15	17	5	8	9	8	10	10	24	2	4	438	7	4	7	18	2	8	4	8	1	7	5	4	2	10	10	8	8	13	8	25	22	5	3	2	3	9	19	5	7	14	16	15	1	9	5	6	3	1	2	11	13	1	5	48	0	5	9	0	9	21	1	10	1	4	16	7	15	20	4	5	234	2	13	3	1	11	8	2	18	7	19	15	23	1	12	13	6	1	7	10	10	9	13	13	9	16	2	2	14	20	12	6	9	13	8	5	16	20	14	12	5	10	6	12	12	5	6	2	5	3	10	5	9	5	3	3	6	8	13	2	5	242	9	25	15	5	5	14	0	13	5	19	6	4	3	8	13	14	2	7	10	12	4	8	8	4	3	12	22	3	9	8	79	4	6	4	12	5	2	8	1	11	20	9	7	3	6	13	130	3	12	25	1	2	10	26	5	4	12	9	2	4	1	19	14	10	20	6	11	8	1	3	0	8	15	3	10	18	8	21	18	9	7	6	11	20	46	6	10	2	9	1	5	14	9	26	6	14	3	15	21	8	7	9	7	2	16	4	10	9	6	2	2	9	2	10	5	9	15	16	7	5	3	6	26	10	12	13	3	5	11	1	18	5	4	20	6	9	20	5	11	6	7	12	5	12	1	2	17	2	7	32	27	9	14	6	16	6	11	10	3	19	10	8	13	9	16	1	9	14	2	7	15	11	14	5	10	5	21	17	15	6	10	9	8	4	5	9	859	6	20	11	4	3	5	5	14	8	18	15	7	8	5	3	2	3	0	11	3	7	4	7	12	10	7	6	14	6	14	13	16	1	18	8	4	2	3	5	2	6	18	3	5	6	5	13	6	4	9	5	2	23	15	8	4	11	10	5	12	2	4	1	9	3	0	9	11	31	5	4	6	12	8	12	3	11	25	13	10	17	4	9	3	0	11	17	6	7	5	4	18	7	5	12	17	14	18	7	13	4	14	4	2	8	7	6	4	0	22	10	7	6	7	10	18	10	8	7	8	10	3	1	6	10	5	5	7	13	14	4	10	7	7	8	11	4	4	5	30	15	4	1	10	4	2	22	30	1	13	12	14	16	26	2	14	0	8	13	12	25	6	2	4	5	17	7	7	8	0	35	7	2	3	9	6	6	7
A[Ins(T):R8]A	0	7	8	4	1	0	5	0	5	4	0	2	2	6	12	1	5	7	4	1	2	2	2	0	1	2	7	2	5	7	0	4	0	0	1	2	2	1	6	8	5	0	9	2	5	6	15	7	8	2	8	9	9	6	11	2	17	3	2	7	13	5	8	3	7	36	5	2	3	12	5	4	4	18	3	14	10	21	15	4	10	5	3	9	8	20	6	3	474	5	10	5	9	7	12	4	5	0	4	7	1	1	2	16	10	14	12	16	16	21	4	5	3	8	5	20	6	3	12	4	9	0	9	5	6	9	1	4	13	3	2	8	56	1	5	5	0	7	33	0	19	0	2	9	10	18	30	5	4	261	2	15	6	1	16	7	8	7	6	16	10	24	2	6	11	9	0	8	6	17	10	12	4	2	8	3	5	7	12	10	5	6	22	10	5	19	8	9	19	7	8	9	16	11	13	5	5	10	5	18	4	4	1	5	4	16	4	2	8	2	258	14	29	13	0	2	9	0	13	6	28	5	7	2	6	12	8	1	6	14	12	6	9	7	4	3	12	8	1	10	7	113	14	2	5	7	5	1	5	5	13	5	7	6	6	4	6	146	2	17	9	4	0	6	20	7	2	18	19	2	6	0	17	11	8	14	5	5	7	0	1	0	21	14	2	10	10	5	22	19	13	9	7	10	24	56	4	2	3	3	8	2	8	9	27	2	5	3	17	18	9	5	8	11	7	15	7	9	9	6	6	5	10	4	9	3	5	18	13	9	1	5	5	31	3	16	11	5	5	11	4	7	6	5	5	7	11	19	7	13	7	1	8	8	2	2	6	26	1	9	45	21	11	9	1	17	10	9	7	7	20	11	5	5	14	10	1	10	6	2	8	9	10	8	4	17	1	9	6	6	4	27	8	8	5	5	6	864	8	24	2	4	3	12	8	16	17	13	17	17	9	15	4	3	2	0	2	6	6	7	16	7	20	26	3	8	11	17	23	3	7	19	9	5	4	4	2	4	2	6	5	3	5	0	12	2	20	6	5	1	12	2	9	1	9	7	3	10	4	2	0	3	4	3	5	13	25	13	4	4	9	11	9	4	5	22	8	6	6	6	2	1	2	2	15	10	6	7	6	20	2	1	7	20	33	15	6	3	1	13	6	2	7	6	3	4	2	13	8	3	6	3	10	30	17	6	13	5	17	7	3	8	17	8	4	1	19	6	4	5	6	2	7	7	3	3	7	15	13	1	7	10	16	2	21	34	3	14	11	15	18	19	2	11	1	7	10	11	21	7	3	10	9	14	1	5	1	0	31	1	2	3	9	3	4	6
A[Ins(T):R8]C	0	8	10	0	2	0	1	0	8	2	0	2	0	6	22	2	3	2	6	0	0	1	0	0	0	1	6	1	4	9	3	1	1	0	0	4	1	3	11	8	2	0	7	11	10	4	17	6	4	4	11	8	6	8	5	2	13	4	5	9	11	5	19	1	15	27	3	2	4	10	11	10	5	2	3	10	3	13	11	6	7	5	11	13	12	14	4	4	373	4	9	7	7	2	8	7	7	8	7	8	5	0	8	6	7	10	8	2	15	22	4	13	3	2	4	16	7	3	11	7	7	2	5	8	6	6	1	1	4	3	2	2	65	3	4	6	0	5	28	2	7	5	0	15	6	18	24	3	9	178	4	16	4	0	9	6	3	10	3	15	11	15	2	6	13	9	0	5	6	10	9	7	9	5	17	5	8	10	14	5	5	3	10	7	4	19	14	11	7	9	3	4	14	15	11	8	1	13	1	10	2	4	3	7	3	8	6	9	3	3	206	9	24	3	3	1	7	4	15	5	5	7	10	5	6	4	10	1	1	5	25	1	6	4	6	5	13	6	2	15	5	93	15	5	5	7	8	5	6	3	15	12	7	7	4	4	14	123	4	15	16	2	2	12	13	8	0	8	15	4	3	1	13	9	6	10	5	7	2	0	0	0	18	15	3	14	7	6	12	15	7	11	3	8	21	36	3	10	0	5	4	3	10	5	27	8	10	4	26	17	6	5	6	6	8	7	9	3	12	8	3	2	4	3	5	6	10	15	9	5	5	3	10	26	6	11	7	3	8	6	11	12	6	9	4	5	12	11	6	17	8	0	7	9	1	4	7	13	7	6	33	22	15	4	6	15	10	12	2	3	23	9	4	18	17	7	3	8	1	0	7	6	6	7	4	5	3	7	13	10	5	15	7	5	3	10	7	816	11	24	6	4	4	8	5	15	8	13	12	12	4	10	2	9	2	0	7	8	4	4	5	5	13	8	6	6	11	17	26	6	1	14	11	2	3	5	2	3	0	11	1	6	6	1	6	1	9	12	3	4	9	3	13	0	11	11	3	6	9	2	4	5	2	0	3	12	25	7	3	1	6	11	8	3	7	20	6	10	2	5	3	6	0	6	10	5	5	8	3	16	8	3	5	14	22	9	6	0	4	14	4	2	7	9	2	2	1	9	15	5	3	9	4	16	17	4	9	4	5	4	2	6	9	8	9	3	18	7	2	3	2	3	5	7	4	1	5	15	12	3	2	12	12	0	21	29	1	10	11	12	21	20	4	19	1	5	8	3	12	6	1	6	12	19	2	5	3	2	25	5	0	2	10	1	1	8
A[Ins(T):R8]G	2	8	7	4	1	0	0	1	7	2	0	5	2	3	11	1	4	5	2	1	0	2	1	0	1	0	10	8	6	7	3	2	0	0	0	3	4	5	10	7	2	0	12	12	5	4	21	8	6	5	8	7	4	7	3	4	15	3	1	5	7	6	10	4	10	32	3	2	0	4	6	8	3	12	6	13	2	16	11	1	13	7	5	12	7	16	3	8	483	5	7	10	11	5	8	2	4	1	7	8	1	0	9	2	8	6	5	12	27	27	6	13	0	3	5	23	4	3	10	6	6	1	10	7	4	12	3	1	6	4	3	7	48	3	4	9	0	12	23	1	12	2	0	25	7	15	23	4	4	222	1	11	8	0	13	9	3	11	5	12	21	15	1	8	14	8	2	8	9	9	11	6	6	4	13	7	7	10	12	8	2	3	15	15	3	9	11	11	10	5	8	6	11	13	6	8	3	9	2	14	6	3	5	3	2	14	6	11	9	1	250	9	32	6	7	5	12	3	13	10	18	4	8	9	6	4	7	1	5	10	14	4	2	7	5	6	11	8	1	9	7	94	13	7	6	15	2	1	9	0	11	12	14	4	10	3	10	126	3	12	23	2	0	10	19	8	9	11	10	3	7	1	17	9	12	15	5	4	6	0	2	2	18	17	3	14	8	6	13	13	13	6	5	7	23	45	5	12	3	8	5	6	7	9	28	6	6	1	23	27	4	9	2	11	11	17	3	9	9	6	2	3	13	3	2	2	7	18	15	9	0	5	7	34	5	8	16	5	4	7	5	9	5	7	8	4	11	14	3	17	11	4	7	2	4	2	3	13	2	7	38	29	7	9	3	10	9	8	7	1	28	18	6	8	6	10	1	13	1	1	9	4	10	10	8	5	4	11	11	6	7	13	7	9	1	3	3	1041	12	30	7	3	3	4	7	20	10	21	12	6	10	12	4	4	3	2	8	0	8	4	14	8	19	16	3	8	10	11	18	8	0	11	6	1	1	2	7	2	2	11	4	8	4	1	13	2	10	7	5	0	8	5	10	2	11	7	1	14	5	4	2	10	5	2	5	17	20	9	3	7	12	9	6	6	2	22	6	7	9	7	4	3	0	3	19	5	3	9	2	9	3	3	7	17	24	9	5	3	6	14	3	8	7	16	6	2	2	8	9	7	5	10	4	19	9	7	7	3	6	5	1	8	13	13	8	7	9	2	1	3	3	4	3	13	1	3	2	13	15	3	3	10	11	6	31	17	3	9	6	11	14	17	0	15	0	7	17	15	24	7	5	5	12	9	3	6	5	1	31	5	0	3	6	3	6	12
A[Ins(T):R(9,)]A	0	0	0	0	0	0	0	0	0	0	0	0	0	0	0	0	0	0	0	0	0	0	0	0	0	0	0	0	0	0	0	0	0	0	0	0	0	0	0	0	0	0	0	0	0	0	0	0	0	0	0	0	0	0	0	0	0	0	0	0	0	0	0	0	0	0	0	0	0	0	0	0	0	0	0	0	0	0	0	0	0	0	0	0	0	0	0	0	0	0	0	0	0	0	0	0	0	0	0	0	0	0	0	0	0	0	0	0	0	0	0	0	0	0	0	0	0	0	0	0	0	0	0	0	0	0	0	0	0	0	0	0	0	0	0	0	0	0	0	0	0	0	0	0	0	0	0	0	0	0	0	0	0	0	0	0	0	0	0	0	0	0	0	0	0	0	0	0	0	0	0	0	0	0	0	0	0	0	0	0	0	0	0	0	0	0	0	0	0	0	0	0	0	0	0	0	0	0	0	0	0	0	0	0	0	0	0	0	0	0	0	0	0	0	0	0	0	0	0	0	0	0	0	0	0	0	0	0	0	0	0	0	0	0	0	0	0	0	0	0	0	0	0	0	0	0	0	0	0	0	0	0	0	0	0	0	0	0	0	0	0	0	0	0	0	0	0	0	0	0	0	0	0	0	0	0	0	0	0	0	0	0	0	0	0	0	0	0	0	0	0	0	0	0	0	0	0	0	0	0	0	0	0	0	0	0	0	0	0	0	0	0	0	0	0	0	0	0	0	0	0	0	0	0	0	0	0	0	0	0	0	0	0	0	0	0	0	0	0	0	0	0	0	0	0	0	0	0	0	0	0	0	0	0	0	0	0	0	0	0	0	0	0	0	0	0	0	0	0	0	0	0	0	0	0	0	0	0	0	0	0	0	0	0	0	0	0	0	0	0	0	0	0	0	0	0	0	0	0	0	0	0	0	0	0	0	0	0	0	0	0	0	0	0	0	0	0	0	0	0	0	0	0	0	0	0	0	0	0	0	0	0	0	0	0	0	0	0	0	0	0	0	0	0	0	0	0	0	0	0	0	0	0	0	0	0	0	0	0	0	0	0	0	0	0	0	0	0	0	0	0	0	0	0	0	0	0	0	0	0	0	0	0	0	0	0	0	0	0	0	0	0	0	0	0	0	0	0	0	0	0	0	0	0	0	0	0	0	0	0	0	0	0	0	0	0	0	0	0	0	0	0	0	0	0	0	0	0	0	0	0	0	0	0	0	0	0	0	0	0	0	0	0	0	0	0	0	0	0	0	0	0	0	0	0	0	0	0	0	0	0	0	0	0	0	0	0	0	0	0	0	0	0	0	0	0
A[Ins(T):R(9,)]C	0	0	0	0	0	0	0	0	0	0	0	0	0	0	0	0	0	0	0	0	0	0	0	0	0	0	0	0	0	0	0	0	0	0	0	0	0	0	0	0	0	0	0	0	0	0	0	0	0	0	0	0	0	0	0	0	0	0	0	0	0	0	0	0	0	0	0	0	0	0	0	0	0	0	0	0	0	0	0	0	0	0	0	0	0	0	0	0	0	0	0	0	0	0	0	0	0	0	0	0	0	0	0	0	0	0	0	0	0	0	0	0	0	0	0	0	0	0	0	0	0	0	0	0	0	0	0	0	0	0	0	0	0	0	0	0	0	0	0	0	0	0	0	0	0	0	0	0	0	0	0	0	0	0	0	0	0	0	0	0	0	0	0	0	0	0	0	0	0	0	0	0	0	0	0	0	0	0	0	0	0	0	0	0	0	0	0	0	0	0	0	0	0	0	0	0	0	0	0	0	0	0	0	0	0	0	0	0	0	0	0	0	0	0	0	0	0	0	0	0	0	0	0	0	0	0	0	0	0	0	0	0	0	0	0	0	0	0	0	0	0	0	0	0	0	0	0	0	0	0	0	0	0	0	0	0	0	0	0	0	0	0	0	0	0	0	0	0	0	0	0	0	0	0	0	0	0	0	0	0	0	0	0	0	0	0	0	0	0	0	0	0	0	0	0	0	0	0	0	0	0	0	0	0	0	0	0	0	0	0	0	0	0	0	0	0	0	0	0	0	0	0	0	0	0	0	0	0	0	0	0	0	0	0	0	0	0	0	0	0	0	0	0	0	0	0	0	0	0	0	0	0	0	0	0	0	0	0	0	0	0	0	0	0	0	0	0	0	0	0	0	0	0	0	0	0	0	0	0	0	0	0	0	0	0	0	0	0	0	0	0	0	0	0	0	0	0	0	0	0	0	0	0	0	0	0	0	0	0	0	0	0	0	0	0	0	0	0	0	0	0	0	0	0	0	0	0	0	0	0	0	0	0	0	0	0	0	0	0	0	0	0	0	0	0	0	0	0	0	0	0	0	0	0	0	0	0	0	0	0	0	0	0	0	0	0	0	0	0	0	0	0	0	0	0	0	0	0	0	0	0	0	0	0	0	0	0	0	0	0	0	0	0	0	0	0	0	0	0	0	0	0	0	0	0	0	0	0	0	0	0	0	0	0	0	0	0	0	0	0	0	0	0	0	0	0	0	0	0	0	0	0	0	0	0	0	0	0	0	0	0	0	0	0	0	0	0	0	0	0	0	0	0	0	0	0	0	0	0	0	0	0	0	0	0	0	0	0	0	0	0	0	0	0	0	0
A[Ins(T):R(9,)]G	0	0	0	0	0	0	0	0	0	0	0	0	0	0	0	0	0	0	0	0	0	0	0	0	0	0	0	0	0	0	0	0	0	0	0	0	0	0	0	0	0	0	0	0	0	0	0	0	0	0	0	0	0	0	0	0	0	0	0	0	0	0	0	0	0	0	0	0	0	0	0	0	0	0	0	0	0	0	0	0	0	0	0	0	0	0	0	0	0	0	0	0	0	0	0	0	0	0	0	0	0	0	0	0	0	0	0	0	0	0	0	0	0	0	0	0	0	0	0	0	0	0	0	0	0	0	0	0	0	0	0	0	0	0	0	0	0	0	0	0	0	0	0	0	0	0	0	0	0	0	0	0	0	0	0	0	0	0	0	0	0	0	0	0	0	0	0	0	0	0	0	0	0	0	0	0	0	0	0	0	0	0	0	0	0	0	0	0	0	0	0	0	0	0	0	0	0	0	0	0	0	0	0	0	0	0	0	0	0	0	0	0	0	0	0	0	0	0	0	0	0	0	0	0	0	0	0	0	0	0	0	0	0	0	0	0	0	0	0	0	0	0	0	0	0	0	0	0	0	0	0	0	0	0	0	0	0	0	0	0	0	0	0	0	0	0	0	0	0	0	0	0	0	0	0	0	0	0	0	0	0	0	0	0	0	0	0	0	0	0	0	0	0	0	0	0	0	0	0	0	0	0	0	0	0	0	0	0	0	0	0	0	0	0	0	0	0	0	0	0	0	0	0	0	0	0	0	0	0	0	0	0	0	0	0	0	0	0	0	0	0	0	0	0	0	0	0	0	0	0	0	0	0	0	0	0	0	0	0	0	0	0	0	0	0	0	0	0	0	0	0	0	0	0	0	0	0	0	0	0	0	0	0	0	0	0	0	0	0	0	0	0	0	0	0	0	0	0	0	0	0	0	0	0	0	0	0	0	0	0	0	0	0	0	0	0	0	0	0	0	0	0	0	0	0	0	0	0	0	0	0	0	0	0	0	0	0	0	0	0	0	0	0	0	0	0	0	0	0	0	0	0	0	0	0	0	0	0	0	0	0	0	0	0	0	0	0	0	0	0	0	0	0	0	0	0	0	0	0	0	0	0	0	0	0	0	0	0	0	0	0	0	0	0	0	0	0	0	0	0	0	0	0	0	0	0	0	0	0	0	0	0	0	0	0	0	0	0	0	0	0	0	0	0	0	0	0	0	0	0	0	0	0	0	0	0	0	0	0	0	0	0	0	0	0	0	0	0	0	0	0	0	0	0	0	0	0	0	0	0	0	0	0	0	0	0	0	0	0	0	0	0	0	0	0	0
C[Ins(T):R0]A	3	2	2	0	5	0	1	0	4	4	1	2	0	0	5	6	2	0	4	3	0	3	0	0	3	1	4	10	0	1	1	3	0	0	4	0	1	1	2	0	2	1	0	0	5	5	0	2	2	0	1	4	1	4	3	1	1	2	2	4	0	3	4	1	2	1	0	5	1	2	3	5	1	1	3	7	7	1	2	0	1	1	2	1	0	10	4	8	5	3	1	3	13	1	5	3	0	1	3	5	1	0	11	3	1	1	14	0	14	5	4	2	0	0	2	1	0	0	6	7	1	1	1	7	1	2	6	0	1	3	2	0	1	2	0	2	0	1	0	0	0	0	0	4	3	4	2	2	0	1	0	13	3	2	3	4	0	6	4	5	1	0	0	5	1	3	2	3	1	1	0	4	3	0	2	0	0	1	3	0	1	4	2	2	3	7	2	18	0	1	4	4	4	0	3	0	2	0	0	1	0	5	1	0	1	1	4	4	0	0	2	0	3	0	0	6	0	0	1	0	4	5	0	0	2	2	0	0	2	7	1	1	4	1	2	2	1	21	0	0	3	2	2	0	0	7	0	0	2	1	2	5	6	4	1	0	4	1	0	0	17	2	0	0	0	0	2	2	1	1	1	0	3	1	3	3	7	2	11	0	0	2	1	1	5	3	11	1	3	7	6	0	1	8	2	9	2	1	3	0	1	1	1	5	0	2	3	0	0	0	0	2	1	1	0	2	5	11	3	0	0	11	1	2	3	0	1	7	4	2	0	1	4	6	12	2	10	1	0	1	0	6	2	3	24	1	12	1	5	1	0	11	2	3	7	1	1	5	1	4	1	1	1	3	2	0	2	4	5	0	6	3	6	10	2	6	0	5	0	1	3	7	3	7	8	6	1	8	3	0	5	2	1	1	4	0	6	18	3	0	1	4	1	0	0	0	2	15	2	0	1	1	1	0	0	0	4	0	2	2	0	3	2	2	2	5	0	4	5	12	0	3	4	3	5	0	2	0	4	2	0	0	3	2	0	4	0	5	0	3	21	4	2	5	1	5	5	4	1	1	0	7	8	0	4	3	5	4	0	4	1	2	1	2	4	4	3	5	7	6	6	2	2	0	0	8	3	0	3	7	5	3	0	1	1	4	6	8	2	0	0	1	0	0	0	4	4	8	2	4	3	0	8	1	0	2	0	2	8	5	0	2	10	0	1	4	0	4	1	1	3	4	5	0	2	0	0	7	4	4	5	0	2	1	7	0	1	1	2	0	6	3	0	3	0	2	0	0	11	1	1	4	0	3	4	0	8	2	7	5	2	0	1	3	3	0
C[Ins(T):R0]C	2	2	0	0	6	0	2	1	4	9	0	2	0	0	3	0	2	0	3	2	0	0	0	0	5	0	0	7	0	0	0	5	0	1	3	0	0	5	0	2	2	3	2	1	3	3	0	0	3	2	1	1	0	4	0	1	1	1	0	3	1	0	2	2	1	0	0	5	1	2	1	2	0	1	1	5	3	3	0	2	1	1	1	1	2	2	1	5	7	0	2	5	15	2	3	4	0	0	0	3	0	0	8	1	0	2	4	1	21	0	2	0	0	0	2	0	1	0	4	3	0	0	2	6	4	3	6	1	5	2	1	0	4	0	2	1	0	3	1	1	2	1	0	1	2	2	0	2	2	1	2	4	1	1	2	4	0	4	2	8	2	1	1	5	2	2	1	4	0	1	3	5	1	3	1	0	0	1	9	0	2	8	3	1	1	3	3	16	0	0	7	4	3	0	0	0	0	1	1	4	0	1	1	1	1	1	1	1	0	3	3	0	2	1	0	8	1	1	1	0	4	4	0	0	1	3	1	1	1	11	0	4	3	2	3	1	1	21	0	0	0	1	2	0	0	1	0	0	1	0	1	1	4	5	2	0	6	1	0	2	15	0	0	0	1	1	1	3	0	1	2	0	1	0	2	2	4	5	3	0	1	1	0	0	1	2	6	3	3	15	5	0	0	10	6	5	0	1	2	1	0	1	3	3	1	1	7	0	3	0	1	1	6	1	1	1	4	6	8	0	1	2	0	2	2	1	0	2	5	2	0	1	13	6	13	1	4	0	0	0	2	3	0	2	24	4	8	6	2	4	0	10	3	2	3	0	1	5	0	0	1	2	1	1	2	1	2	3	8	0	3	1	5	12	0	7	0	4	3	1	4	4	2	5	2	3	1	8	2	1	7	4	0	0	6	2	1	34	0	3	2	5	1	0	1	0	3	1	1	0	0	1	0	1	0	1	1	1	1	2	0	2	2	3	1	6	3	2	4	7	2	1	1	1	7	0	3	2	6	2	0	0	3	3	3	2	0	1	0	0	17	2	2	6	2	1	2	2	2	2	0	2	0	0	7	7	1	4	1	5	6	0	0	5	2	4	8	1	2	13	13	1	1	3	2	8	3	0	2	5	0	3	1	0	0	1	6	7	0	1	0	2	1	4	0	4	1	4	2	1	1	2	10	3	0	1	3	1	5	2	0	3	9	0	0	7	1	0	0	5	1	4	6	0	2	0	2	5	0	2	7	0	1	1	7	1	0	0	2	0	5	6	0	3	0	0	0	2	17	2	0	1	0	3	1	0	4	0	8	7	1	0	2	0	4	0
C[Ins(T):R0]G	0	2	0	0	6	0	1	0	1	3	0	2	0	0	3	1	1	0	6	2	0	0	0	0	3	0	2	6	0	0	0	4	0	1	1	0	0	0	3	0	0	2	1	0	2	2	0	0	0	0	1	0	0	1	0	1	1	2	2	2	0	0	1	1	2	1	1	1	2	2	2	1	3	1	1	5	3	1	0	0	0	1	2	1	0	6	2	5	3	0	0	3	6	0	1	2	0	1	0	1	1	0	3	3	0	0	8	0	11	5	5	0	1	0	0	0	0	0	2	4	0	0	4	3	4	0	4	1	2	3	1	0	1	0	3	2	0	1	0	1	2	0	0	2	0	1	0	0	0	1	0	3	0	0	2	3	0	4	3	4	1	1	0	4	1	1	0	0	0	0	1	2	0	0	0	0	0	0	2	0	1	2	1	0	1	8	1	15	0	0	2	0	1	0	0	0	0	0	0	1	0	1	1	0	0	0	1	0	1	3	1	0	1	2	1	3	1	0	4	0	5	4	0	0	5	2	0	0	2	5	0	1	2	0	4	0	0	13	1	0	1	2	1	0	0	4	0	0	1	1	2	1	2	1	0	0	2	0	0	0	6	0	0	0	0	0	3	3	0	0	1	0	2	0	0	1	5	2	5	0	0	4	0	0	1	1	2	5	1	11	2	1	0	10	2	3	0	0	2	0	0	0	0	3	0	0	5	0	0	0	0	0	3	0	0	0	4	8	2	0	1	2	0	1	4	0	0	6	0	2	0	1	6	8	5	1	4	0	1	0	1	1	0	2	15	3	6	3	1	1	2	6	0	3	2	0	0	2	0	0	2	3	0	0	0	0	3	3	2	0	4	3	3	7	1	2	0	2	1	1	3	4	0	4	2	4	1	15	1	0	3	1	0	0	4	0	1	14	0	1	1	5	0	0	1	0	3	6	0	0	0	0	0	2	0	0	0	0	0	1	0	2	0	0	0	3	0	1	3	7	0	4	0	0	3	0	0	0	2	1	0	0	2	3	1	1	0	2	0	2	9	1	4	3	1	3	3	1	0	4	0	3	1	0	5	2	0	5	1	5	7	0	3	7	1	6	7	0	3	3	2	2	0	0	0	5	7	0	1	4	3	0	0	0	0	6	7	9	0	2	0	0	2	0	0	1	1	4	1	1	3	1	8	1	0	1	4	0	3	3	0	3	7	0	0	0	1	0	0	4	2	4	6	0	0	0	0	4	1	2	4	0	2	0	5	2	0	1	0	0	2	2	0	2	0	0	1	0	14	1	0	1	0	2	1	0	3	0	6	4	1	0	0	2	1	1
C[Ins(T):R1]A	3	4	2	0	2	0	3	0	3	5	1	5	0	0	4	4	3	0	4	2	1	3	0	0	2	0	8	8	1	1	2	7	0	1	2	1	1	1	3	5	3	2	5	0	1	4	0	2	6	0	0	1	3	0	2	0	0	3	1	1	2	1	3	3	5	0	0	0	1	5	4	7	0	3	3	3	3	4	1	1	0	5	1	2	4	8	4	6	5	1	0	1	11	0	1	5	4	0	3	2	1	0	8	5	2	2	5	0	18	0	4	2	0	0	1	3	1	0	2	5	0	0	1	3	4	1	2	0	9	3	1	0	1	2	1	1	0	2	2	0	3	1	2	6	0	4	4	3	0	3	0	10	2	1	0	2	2	5	4	2	0	3	1	6	2	3	1	5	1	1	3	6	3	0	0	3	2	2	6	3	3	4	0	0	1	3	7	15	2	3	6	4	1	0	3	4	0	3	0	3	1	2	0	0	2	0	1	0	1	1	2	3	4	1	0	4	1	0	1	0	8	2	2	1	2	7	0	1	1	4	2	0	1	0	1	4	1	5	1	3	4	1	3	1	2	5	0	1	6	7	4	0	8	4	1	0	1	0	1	3	9	1	0	2	2	0	2	0	1	1	0	0	0	0	1	1	5	4	2	0	0	1	1	0	1	1	6	5	3	11	5	3	0	11	4	11	2	0	4	2	0	2	1	4	1	0	3	1	2	1	0	0	4	1	2	1	1	6	4	2	2	4	2	1	2	0	1	5	6	1	1	0	6	2	10	1	2	1	0	2	3	2	0	2	25	4	9	4	3	1	1	7	2	8	2	2	1	3	0	2	1	2	0	5	2	0	0	0	4	1	2	6	4	11	2	2	0	0	3	2	0	10	3	4	2	9	1	14	1	0	3	1	1	0	4	2	1	19	0	0	1	3	0	3	2	0	2	4	1	0	1	0	1	1	1	0	0	1	1	1	3	2	3	3	1	3	2	1	3	4	0	4	0	7	2	2	0	0	5	4	1	0	6	1	1	9	0	0	1	1	15	1	6	2	1	3	6	5	4	1	1	4	4	1	5	0	3	4	0	7	8	4	4	3	2	6	5	1	3	10	11	0	2	1	3	2	6	2	1	2	0	0	1	1	2	4	4	8	3	1	0	0	3	3	1	2	0	6	1	4	4	2	2	0	1	1	2	0	8	1	0	3	10	0	0	5	2	2	1	1	0	2	3	1	1	1	2	4	3	1	6	1	1	0	2	5	0	2	2	0	7	4	1	3	0	1	2	0	14	0	0	1	1	3	1	0	3	1	7	9	4	1	0	2	1	1
C[Ins(T):R1]C	1	6	1	1	4	0	3	0	4	1	0	4	0	0	4	2	0	0	7	4	0	0	0	0	2	0	4	14	0	1	0	4	0	0	0	1	0	1	3	2	2	2	1	1	5	4	1	1	2	3	2	1	3	1	1	2	3	3	1	3	3	0	2	2	3	1	0	0	1	1	2	0	3	0	0	6	3	3	0	0	1	3	2	1	1	8	2	6	6	1	4	3	4	0	3	3	1	1	2	1	1	0	7	6	1	1	18	0	18	1	3	2	0	0	2	2	1	6	3	5	0	0	2	6	1	0	0	0	6	5	2	1	1	2	2	0	0	2	1	0	1	1	0	2	1	0	0	0	1	3	1	10	1	2	5	5	1	5	1	4	1	3	1	4	1	1	1	0	0	2	0	4	0	1	0	2	2	1	1	1	5	5	1	0	2	2	2	18	2	3	2	1	4	0	2	0	1	1	1	2	1	3	1	0	0	2	1	1	0	1	5	1	1	1	0	4	2	0	0	0	5	2	0	0	4	1	2	0	1	1	0	1	3	0	3	4	1	11	2	1	1	1	1	0	0	2	0	1	2	4	1	1	2	5	4	1	5	1	0	1	10	2	1	0	1	0	4	0	4	0	0	0	1	2	1	4	4	4	9	0	1	0	2	2	6	6	2	7	3	14	3	0	0	10	1	9	1	1	1	0	0	2	1	0	1	0	4	1	1	1	2	1	4	0	0	1	1	8	3	0	1	5	1	1	1	0	0	5	2	4	2	1	9	6	12	0	5	0	0	0	0	1	0	1	23	1	5	1	0	1	2	5	0	4	2	0	0	3	1	1	1	1	0	1	1	0	0	1	1	0	7	6	0	5	3	0	0	6	4	0	1	5	0	2	4	5	1	12	0	1	2	5	1	4	8	1	0	33	1	4	3	5	1	1	0	1	0	8	3	0	0	1	0	2	2	2	0	0	5	2	0	1	1	2	1	0	0	3	2	5	1	2	1	2	2	1	2	1	4	1	2	2	4	3	3	4	1	0	0	1	10	0	6	1	3	3	4	4	0	1	0	4	1	0	4	1	2	6	0	4	3	0	1	3	2	4	5	4	1	4	2	2	0	0	2	6	1	0	0	3	1	2	1	0	1	1	4	5	0	1	0	1	4	3	0	1	0	5	1	1	2	1	5	1	0	2	2	4	5	0	0	2	7	2	0	4	0	1	0	6	0	1	6	1	1	0	0	7	2	6	0	1	1	2	3	0	0	6	2	0	2	2	1	3	2	1	0	0	13	1	1	1	1	4	0	0	3	1	5	5	0	1	0	3	0	2
C[Ins(T):R1]G	17	25	0	3	53	0	7	3	37	52	8	29	1	0	54	22	15	1	51	13	1	8	0	0	22	3	19	101	1	0	2	35	0	1	16	1	0	12	18	14	12	25	38	1	46	32	1	1	33	8	7	11	8	18	7	13	15	14	15	20	3	7	31	19	14	4	0	18	33	18	9	34	13	14	8	40	21	23	7	2	6	17	12	16	3	72	19	38	4	6	7	28	85	3	20	31	2	0	13	13	8	0	72	21	9	22	65	0	187	11	51	9	1	0	9	1	8	3	26	39	2	0	16	31	21	13	21	0	77	24	7	3	20	2	6	20	0	7	0	0	1	0	0	26	4	3	2	9	1	1	1	117	8	1	14	35	1	40	32	24	1	8	2	41	0	12	1	20	1	2	2	43	2	9	1	0	4	8	75	0	19	38	6	2	13	37	16	177	2	1	27	10	14	0	2	1	1	0	2	9	1	22	1	1	15	2	25	12	1	14	6	1	2	5	3	40	5	0	15	2	35	23	5	2	11	40	2	1	19	34	3	6	11	2	21	14	0	183	0	2	6	1	2	3	1	41	1	0	11	3	11	6	32	35	4	0	14	0	1	4	110	4	0	1	1	1	24	12	15	0	1	0	7	6	1	14	45	23	61	0	0	15	1	2	19	44	68	38	20	92	24	4	2	91	15	62	0	4	16	11	4	15	11	23	0	12	54	3	1	1	3	1	40	1	1	8	26	91	44	2	1	31	0	9	10	1	6	53	30	3	1	1	37	43	88	0	35	0	0	3	1	30	9	16	300	21	72	16	32	3	1	90	0	29	41	0	1	47	1	7	0	13	0	17	2	1	12	18	27	1	12	25	25	90	19	33	0	29	18	14	15	33	12	40	40	33	1	112	3	2	40	28	1	1	42	1	11	131	0	0	1	38	1	2	1	1	1	35	9	1	3	8	1	2	1	1	11	0	11	7	1	12	1	4	2	14	1	10	31	97	1	19	3	18	29	0	8	1	22	17	0	1	38	25	21	37	1	15	7	9	125	6	42	38	17	39	35	35	6	13	0	26	30	0	19	12	16	15	3	30	44	8	20	43	20	22	34	28	20	145	65	11	4	9	4	47	59	4	15	46	5	15	4	1	3	18	47	58	5	1	3	1	16	11	1	24	6	40	15	20	36	14	59	0	2	22	30	14	33	13	1	20	56	1	0	26	0	20	1	29	16	42	49	2	7	1	2	86	7	16	27	0	4	6	46	6	0	0	12	3	41	30	0	16	0	1	12	1	124	0	0	2	1	22	6	0	51	1	75	24	7	1	3	4	20	3
C[Ins(T):R2]A	1	2	0	3	1	0	2	0	0	2	2	3	0	0	2	0	0	1	1	0	0	0	0	0	2	2	3	6	0	1	0	0	0	1	1	2	1	1	0	1	0	0	2	0	1	1	1	2	1	0	0	2	1	0	2	0	0	3	2	0	1	0	0	3	0	1	0	1	1	1	1	3	0	0	0	2	2	1	1	1	0	1	2	1	2	2	0	0	13	1	3	2	8	0	0	3	1	0	1	2	0	0	4	2	0	0	3	0	10	2	2	0	0	1	2	1	1	1	2	3	0	2	0	2	0	0	3	0	1	2	2	0	3	0	0	0	0	1	0	0	1	0	0	3	0	0	1	0	0	6	1	3	0	3	1	5	0	3	1	1	1	0	3	5	2	0	0	1	0	2	1	4	0	0	0	0	2	2	3	0	0	1	0	1	1	1	0	6	0	3	1	2	0	1	2	3	0	1	0	1	3	4	0	1	1	1	0	1	0	1	4	1	1	1	0	0	1	0	0	1	3	0	1	0	1	2	1	0	1	3	0	0	1	1	0	4	1	10	0	1	0	2	0	0	5	1	0	1	0	3	1	2	1	3	0	1	0	0	0	1	9	1	0	0	0	0	0	0	0	0	0	1	0	1	2	1	2	0	4	1	0	1	0	1	2	0	4	2	2	1	1	2	1	5	0	2	0	1	0	2	0	2	0	0	0	0	1	0	0	1	0	0	0	4	0	1	1	3	2	1	1	4	0	2	1	1	1	1	1	0	1	0	2	1	1	1	2	0	0	1	0	2	0	3	12	0	2	2	1	0	0	1	0	2	3	0	0	4	1	1	2	1	1	0	0	1	1	1	1	1	2	2	1	6	0	0	1	0	1	1	1	7	0	1	1	1	2	5	2	0	1	0	0	1	1	1	3	62	0	0	3	4	1	2	0	1	1	6	1	1	1	0	0	0	0	1	1	0	1	0	2	2	2	2	0	0	1	2	2	3	1	4	1	2	0	1	0	1	2	4	0	2	1	2	0	1	1	0	2	1	8	0	4	0	3	1	0	0	1	1	0	2	0	0	4	3	3	1	0	1	4	3	2	3	1	4	2	1	0	3	4	2	0	0	0	3	1	0	1	3	0	0	0	0	2	4	5	3	0	0	0	1	0	2	0	0	1	1	1	1	3	2	4	0	1	2	0	0	1	1	0	0	3	1	0	3	1	1	0	1	1	0	0	1	1	0	0	3	2	1	1	1	0	0	0	2	0	1	3	1	2	2	1	2	0	2	1	0	4	2	0	1	0	1	1	2	1	0	3	2	1	0	0	2	0	0
C[Ins(T):R2]C	1	1	1	0	4	0	1	0	1	2	0	1	1	0	3	1	0	1	2	1	0	0	0	0	1	1	1	8	0	0	0	2	0	0	1	0	0	0	1	1	0	0	5	1	3	0	1	0	2	0	1	2	0	0	0	0	0	1	1	2	0	1	2	2	2	1	0	1	0	0	0	1	2	2	0	5	2	2	1	0	0	1	2	0	0	3	1	2	34	0	1	2	1	1	2	3	0	0	1	2	0	0	2	2	0	1	4	1	10	5	2	0	2	2	0	1	1	2	3	5	1	0	1	3	1	3	3	0	5	4	2	1	1	0	0	1	0	1	2	0	0	0	0	2	1	3	1	1	0	7	2	5	1	0	0	2	0	7	0	2	1	0	0	7	0	1	0	2	0	2	0	3	0	2	1	0	0	1	2	0	1	0	0	0	0	3	0	7	1	0	2	3	1	0	0	1	0	0	0	2	1	4	0	0	1	0	3	8	1	2	17	1	0	1	0	1	0	1	4	0	3	1	0	0	1	2	1	0	1	2	0	1	2	1	0	2	0	8	0	0	0	9	2	0	0	3	0	0	0	4	2	0	4	0	2	0	0	1	0	0	5	1	0	2	0	0	2	2	3	0	2	0	0	1	1	1	1	3	6	1	0	1	1	2	2	1	4	4	2	3	1	0	1	4	3	2	0	1	0	0	0	1	1	5	1	0	5	0	0	0	0	0	5	2	0	3	3	5	1	0	0	3	1	1	2	0	0	0	0	3	0	1	0	1	2	1	2	0	0	1	0	0	1	2	13	1	7	3	3	1	1	4	3	2	1	0	0	4	0	0	1	3	0	0	0	1	0	0	2	0	0	5	3	2	2	2	0	4	2	0	3	1	3	4	0	1	0	4	1	0	0	1	0	0	3	0	0	115	0	2	0	1	1	0	1	1	1	7	0	2	2	3	0	0	0	2	3	0	2	2	0	2	0	0	2	1	0	1	3	2	0	4	0	0	0	0	1	1	0	3	0	0	3	1	1	5	3	0	0	3	8	1	7	0	1	3	2	3	1	1	0	2	1	0	0	3	6	2	0	1	1	1	1	1	1	0	0	2	2	9	5	1	0	1	0	3	3	1	3	3	1	3	0	1	0	0	0	4	0	0	0	1	1	0	1	2	0	1	1	1	1	0	2	3	0	2	0	2	1	2	0	2	4	0	1	3	1	2	1	3	1	1	0	1	3	0	1	3	0	2	0	0	0	0	2	3	0	1	1	0	5	3	0	4	0	1	1	0	6	2	0	1	1	2	1	1	4	0	5	2	0	0	3	2	0	1
C[Ins(T):R2]G	13	27	0	2	43	0	6	4	23	55	7	32	1	0	47	19	8	0	45	15	0	4	0	0	23	0	10	64	0	0	0	38	1	0	15	1	0	2	23	17	10	22	19	3	34	32	2	0	22	6	11	11	6	17	2	17	11	7	11	12	3	10	23	10	12	6	0	14	22	13	15	26	13	12	7	18	20	13	4	3	1	17	6	15	4	46	18	33	75	6	4	19	69	3	15	28	0	0	8	10	3	0	48	29	11	26	70	0	123	14	33	7	0	0	8	1	4	5	18	40	1	0	18	47	21	11	13	0	66	32	2	1	20	1	7	18	0	4	0	2	1	1	1	21	4	6	3	3	3	19	1	82	4	0	20	28	2	42	21	13	0	3	0	35	2	11	1	24	1	0	0	49	0	8	2	0	2	7	53	0	10	27	10	0	10	27	22	163	0	0	19	11	21	0	1	1	0	0	1	15	1	18	0	0	6	1	20	2	1	18	30	1	1	6	4	39	3	1	12	1	35	14	1	2	7	44	1	0	20	39	0	7	11	0	26	25	0	118	0	0	5	13	4	2	0	36	2	1	19	8	12	14	36	31	1	0	12	0	1	1	74	2	1	1	0	0	20	11	9	1	0	0	12	3	1	11	41	24	47	0	0	6	1	2	27	16	50	43	12	83	18	0	0	91	21	59	0	2	18	4	0	13	9	21	2	13	32	2	1	1	0	2	39	0	0	4	30	73	34	0	2	32	0	6	17	0	3	48	27	4	0	0	54	37	76	1	42	0	0	2	0	24	10	22	267	21	68	22	30	0	0	86	0	22	41	1	0	34	1	5	2	17	1	10	1	0	6	21	19	1	9	30	22	122	8	28	0	31	16	17	13	31	3	36	29	20	6	83	7	2	22	36	3	0	32	0	5	401	1	1	6	46	0	1	0	1	5	42	4	0	0	3	0	0	1	0	2	0	13	10	0	16	0	0	3	17	1	10	31	76	0	14	4	17	30	0	4	0	29	12	1	1	33	33	15	33	1	9	4	5	104	16	23	26	16	39	27	23	2	12	1	21	25	0	30	9	16	18	0	34	58	19	6	33	19	30	37	29	20	102	52	7	2	9	0	52	42	0	15	38	7	16	3	0	2	23	44	60	10	2	0	3	12	11	1	18	5	32	14	14	34	20	64	1	0	12	30	12	23	13	1	23	51	0	2	23	1	19	0	22	16	42	47	0	5	0	5	55	5	23	24	0	2	6	29	13	1	1	4	0	31	20	0	21	0	2	10	1	105	1	0	0	0	25	8	0	35	0	86	28	4	0	3	9	13	1
C[Ins(T):R3]A	0	2	1	0	2	0	3	0	4	1	0	3	0	0	3	0	1	0	2	2	0	0	0	0	0	1	2	9	0	0	1	1	0	0	1	1	1	1	0	0	1	0	2	0	5	1	0	0	3	4	1	1	0	2	1	1	4	2	0	1	0	0	1	3	1	1	0	0	2	0	1	3	0	2	0	3	2	1	5	1	0	3	0	0	0	1	0	2	15	0	0	2	3	1	2	3	0	0	0	1	0	0	4	2	1	1	6	1	17	2	0	1	0	1	0	0	0	0	2	5	1	0	1	0	1	0	0	1	4	0	2	1	3	1	0	1	0	1	1	0	0	0	1	3	0	3	2	0	0	5	1	9	2	0	1	0	1	7	1	0	0	0	1	6	2	2	0	2	2	0	0	3	0	0	1	1	0	1	3	0	0	2	1	1	0	3	1	7	0	0	0	1	2	0	0	1	1	0	0	0	0	4	1	1	2	0	1	0	0	1	6	2	1	0	1	2	0	0	1	2	3	1	0	0	2	1	0	0	0	3	0	0	3	0	0	0	0	8	1	0	2	1	3	1	0	2	1	0	1	1	0	4	4	1	0	0	0	0	0	2	5	1	0	0	0	0	1	1	2	0	2	0	0	0	0	1	3	1	3	0	1	1	1	0	1	3	1	1	4	5	2	2	1	5	2	1	0	0	0	1	0	0	1	2	1	1	2	1	0	0	0	1	2	1	0	1	1	2	3	0	0	2	0	2	0	1	0	4	1	0	0	1	4	7	6	0	2	1	1	1	0	1	1	1	10	1	4	2	1	1	2	1	0	1	3	0	0	2	1	2	0	0	0	2	0	0	1	0	0	0	1	2	2	6	3	2	0	2	1	3	0	6	0	5	2	2	1	2	1	0	3	5	1	0	1	0	2	45	0	0	1	3	2	1	1	1	1	2	2	1	0	3	0	0	1	0	0	0	1	8	0	0	1	1	0	1	0	0	6	6	0	0	0	0	2	0	2	0	1	0	0	0	2	1	1	7	1	3	0	1	10	3	4	2	1	2	0	2	1	1	0	0	1	2	2	2	2	2	0	0	5	0	1	2	3	4	2	0	0	1	3	1	0	0	3	1	5	0	1	1	1	1	0	0	0	1	2	0	2	1	0	0	1	3	0	0	0	1	3	0	2	0	1	0	3	1	2	0	2	2	0	1	3	0	1	3	1	3	1	0	0	1	3	1	2	3	0	5	0	1	1	0	0	1	1	4	0	1	0	3	4	1	0	0	0	1	1	0	2	1	2	2	1	2	0	0	1	0	1	2	0	0	0	2	0	1
C[Ins(T):R3]C	0	1	1	0	1	0	2	0	1	4	0	0	0	1	6	2	1	0	0	1	0	0	0	0	5	2	1	6	0	0	0	1	0	0	0	0	0	0	0	0	0	0	2	2	1	1	2	0	1	3	1	4	1	4	2	2	5	0	0	0	2	2	3	0	0	0	0	2	2	1	2	1	3	0	2	1	1	1	0	0	1	3	0	2	0	1	0	1	20	2	1	3	2	0	0	0	0	0	1	2	1	0	3	2	0	3	3	0	10	4	1	2	0	0	1	2	0	1	2	3	1	0	3	3	1	1	3	1	5	2	1	4	2	2	2	2	0	1	1	0	1	0	0	4	1	0	3	0	0	11	1	3	0	0	0	2	0	3	1	1	0	2	1	4	2	3	0	1	0	2	1	1	0	2	2	0	2	0	5	0	1	2	0	1	0	3	1	7	0	0	0	0	1	1	1	2	0	1	0	1	1	6	1	1	1	2	0	2	0	4	16	0	0	0	2	1	3	0	4	1	4	1	1	0	1	1	2	0	3	2	0	1	0	1	2	0	2	12	2	2	2	5	2	0	2	2	1	0	2	1	1	1	2	1	2	0	2	0	0	2	3	0	0	1	1	1	0	0	2	0	0	0	3	1	0	1	2	1	4	0	1	3	2	0	1	0	4	2	2	2	4	0	0	2	1	5	2	0	0	1	2	0	2	3	1	0	2	1	1	2	0	0	1	2	2	2	0	0	1	0	0	0	1	2	0	0	0	1	1	2	0	1	5	5	3	0	1	2	0	3	1	0	0	1	11	1	2	1	3	2	1	0	2	2	2	0	0	1	1	0	4	1	2	1	1	0	1	2	1	1	2	3	2	9	5	3	0	4	2	0	0	3	4	3	1	4	2	5	2	1	0	0	1	0	2	0	3	67	2	2	1	1	0	0	2	2	0	1	2	0	2	0	0	0	2	0	2	1	1	2	1	1	0	2	0	1	0	2	3	3	2	0	1	1	0	2	0	0	2	2	0	2	2	1	3	4	1	5	0	1	7	2	7	5	3	4	2	3	1	1	0	1	2	3	0	1	3	1	0	0	3	3	1	2	1	4	2	1	2	7	3	0	0	1	3	1	3	1	1	3	0	1	0	1	0	2	3	5	1	0	0	0	2	1	0	5	2	2	0	0	1	0	3	0	0	2	2	1	5	0	1	1	6	0	0	3	0	2	1	2	1	2	1	1	2	1	1	3	4	0	4	1	0	1	5	5	0	0	1	0	0	3	1	0	0	1	4	1	7	0	0	1	0	0	0	0	1	1	4	0	0	2	4	2	3	1
C[Ins(T):R3]G	5	13	0	2	22	0	4	1	8	24	1	11	1	0	36	8	3	0	20	3	0	1	1	0	11	4	9	53	0	1	1	19	0	0	11	0	1	2	13	7	3	8	17	2	23	14	4	2	14	6	11	15	4	6	5	7	6	11	3	4	0	7	16	11	11	4	3	10	11	12	6	16	15	5	5	17	14	16	5	4	1	8	7	9	3	32	10	21	49	3	3	11	40	1	7	19	0	0	3	5	0	0	26	14	3	5	39	1	77	4	13	1	3	1	4	0	3	2	9	20	1	0	5	19	13	8	6	0	30	10	2	1	17	1	5	5	0	2	2	0	1	0	2	16	1	3	3	3	0	23	1	48	3	0	6	21	1	20	21	9	1	3	1	28	2	10	4	6	0	0	1	26	0	5	1	0	0	9	17	0	13	13	2	2	3	21	16	63	0	0	15	2	7	0	0	0	0	0	1	5	1	5	0	0	8	1	8	5	1	13	11	0	3	5	2	18	4	0	7	0	20	13	1	1	4	16	0	0	14	20	2	4	9	2	17	10	0	94	1	2	1	8	1	0	2	24	1	0	11	0	6	3	17	14	2	0	12	4	1	0	40	0	0	2	1	1	13	8	3	0	0	0	4	4	1	8	11	14	34	0	0	2	0	2	13	15	20	19	12	48	12	1	1	51	7	36	1	1	4	5	0	2	11	16	2	10	19	1	1	1	0	1	14	0	0	3	11	38	26	0	2	18	0	6	10	0	1	33	27	2	0	0	35	26	37	3	21	1	0	2	1	15	2	4	127	13	17	7	13	2	0	40	2	12	15	0	0	22	0	2	3	8	1	5	2	0	7	9	15	0	4	17	12	53	1	13	0	12	11	6	4	11	4	18	19	9	2	37	4	1	10	18	3	0	11	0	4	162	1	1	2	16	0	0	0	0	1	19	4	1	1	4	0	0	0	0	5	0	3	4	0	9	1	1	1	16	1	4	16	37	0	10	4	6	10	1	4	0	11	8	0	0	21	18	11	13	0	7	1	9	68	7	18	27	8	23	9	12	0	9	0	17	11	0	8	9	10	7	0	18	30	11	9	11	10	13	14	20	13	50	24	9	3	5	2	21	20	0	7	18	4	4	1	1	0	10	25	26	5	1	0	1	7	10	1	17	4	19	7	11	17	11	33	1	1	3	16	7	9	5	0	7	31	1	1	13	0	10	2	9	15	24	22	1	0	1	1	42	7	7	13	0	3	1	16	4	0	3	1	1	16	14	0	11	0	2	3	0	51	0	1	2	1	15	5	0	21	0	43	7	2	0	3	2	10	1
C[Ins(T):R4]A	0	2	0	1	2	0	1	0	1	0	0	1	1	0	4	1	0	0	0	1	0	0	0	0	0	1	0	3	0	0	0	0	0	0	0	1	1	2	0	0	1	0	3	1	2	1	0	1	0	0	0	1	0	0	0	3	0	2	1	0	2	1	1	2	0	2	0	1	0	3	0	2	0	1	0	5	1	5	0	0	0	0	2	3	0	1	0	0	12	0	0	0	1	0	1	0	0	0	1	1	0	0	3	0	1	1	1	0	4	1	2	1	0	0	0	0	0	0	1	3	3	0	1	1	3	1	1	0	2	3	1	2	3	0	0	1	0	2	2	2	1	0	0	1	1	0	1	0	0	15	0	2	0	0	1	0	1	3	1	0	1	1	0	2	0	1	0	1	0	0	1	3	2	0	0	0	1	3	2	0	1	1	0	1	0	3	0	2	0	1	3	2	0	0	0	0	0	1	0	2	0	1	0	1	0	2	1	0	1	1	8	0	0	1	0	0	0	0	2	0	3	1	1	2	0	1	1	0	0	0	0	3	0	0	2	1	1	5	1	1	0	6	0	0	1	0	0	0	0	1	5	1	2	2	1	1	0	3	0	0	4	1	1	1	0	0	1	0	3	0	0	0	1	2	0	3	0	1	2	0	0	0	0	0	0	1	1	1	1	3	3	0	0	0	1	3	1	1	0	0	1	1	0	1	2	1	2	2	0	2	0	0	1	1	0	2	1	2	1	0	3	1	0	1	2	1	0	1	1	1	0	0	3	6	1	0	1	1	0	0	0	1	1	2	3	2	2	0	0	1	1	1	0	1	2	0	0	0	0	0	1	0	0	4	1	0	1	0	3	0	2	2	1	5	1	1	0	2	0	1	0	5	0	3	0	0	0	4	1	0	1	1	0	1	0	0	0	23	1	0	1	1	0	1	0	3	1	0	2	0	1	1	0	0	1	0	0	0	1	0	0	0	0	1	0	0	1	0	2	3	0	1	1	1	0	1	0	1	1	3	0	0	2	0	0	2	3	1	0	0	1	0	3	1	0	1	1	1	1	0	0	0	2	0	0	0	3	2	0	2	0	1	1	2	2	5	3	1	0	4	1	0	1	0	1	2	1	1	0	3	0	0	1	2	0	0	3	2	0	0	0	1	3	1	0	1	0	0	2	0	1	0	0	0	0	4	1	2	0	1	0	0	0	0	0	1	0	2	0	0	0	1	0	0	1	0	0	6	2	1	2	0	1	0	2	0	0	1	0	1	3	2	0	1	0	2	1	0	4	0	0	0	1	2	0	0	0	0	2	0	0	1	0	0	0	0
C[Ins(T):R4]C	2	3	1	0	3	1	0	0	0	0	1	1	0	0	3	0	2	1	0	0	0	1	1	0	0	3	0	4	3	2	0	0	0	1	1	0	0	1	1	1	0	0	2	0	1	0	1	1	1	1	2	2	1	2	0	1	1	2	0	1	3	0	3	0	1	1	0	0	1	0	1	2	0	2	0	5	0	1	0	1	0	1	1	0	0	9	1	3	15	0	2	0	2	0	0	0	2	0	0	0	0	0	1	1	2	0	2	1	8	1	1	0	0	1	0	2	2	0	3	0	3	1	0	1	2	0	1	0	4	1	0	0	5	0	0	0	0	0	2	0	0	0	0	1	0	1	4	0	0	18	0	4	0	0	1	1	0	0	0	2	1	2	0	5	0	1	0	0	0	1	0	2	0	0	0	0	2	2	1	1	2	1	1	1	0	2	3	8	1	1	0	1	0	0	0	0	0	0	1	2	0	1	0	0	0	0	0	0	0	0	20	0	0	2	1	1	1	0	0	1	7	0	0	2	1	1	0	0	2	1	0	2	0	1	1	0	0	4	0	0	0	6	1	0	0	2	0	0	2	0	1	1	0	2	0	0	1	5	0	1	4	0	0	0	3	0	0	3	1	1	1	0	3	1	2	1	3	3	0	0	0	0	1	2	1	2	2	1	1	4	3	0	0	3	3	4	0	0	0	0	0	0	1	1	6	1	1	1	4	0	0	1	2	0	1	0	0	2	2	0	0	1	1	1	1	1	0	2	1	0	0	0	4	6	2	0	1	0	2	0	1	2	1	1	6	2	4	1	0	3	2	6	0	1	2	0	1	1	0	0	1	6	0	2	1	1	1	2	0	0	1	1	1	1	0	1	0	1	0	1	0	6	0	0	1	0	0	5	1	0	1	0	0	1	0	1	1	55	0	0	0	0	1	0	1	0	0	4	2	0	0	1	0	1	0	0	0	1	0	0	1	0	1	1	1	2	0	2	0	3	0	1	0	5	1	0	0	0	0	1	0	1	1	1	0	1	1	0	1	0	11	2	4	0	2	0	1	2	0	2	0	1	1	1	1	2	3	0	0	2	2	1	1	1	0	2	1	2	0	3	2	0	0	0	0	2	3	2	2	2	0	0	2	0	1	1	2	1	1	1	0	0	0	0	0	0	0	3	0	1	1	2	1	1	0	1	5	2	1	0	0	0	1	1	0	3	0	1	0	1	0	2	0	0	0	1	0	1	1	0	0	0	0	0	5	5	0	0	0	2	4	4	0	1	0	0	4	1	5	1	0	0	0	1	2	1	2	0	2	1	0	0	1	0	0	0
C[Ins(T):R4]G	3	2	1	0	4	0	2	0	1	2	0	2	0	0	5	2	0	1	7	0	0	0	0	0	3	3	2	9	1	0	0	7	1	0	0	0	1	0	2	5	1	3	4	1	5	3	2	1	5	2	2	1	0	1	3	0	5	6	5	1	0	1	6	1	6	2	0	1	2	3	4	3	0	1	2	2	1	4	1	0	1	3	3	2	3	7	1	4	17	1	2	5	11	1	2	2	1	1	0	0	0	0	6	4	2	4	3	0	9	2	2	1	1	0	6	0	0	0	2	3	1	1	2	0	2	4	5	0	7	4	0	0	2	0	0	1	0	1	0	0	0	0	0	5	0	2	1	1	0	17	0	13	2	0	1	3	1	3	1	5	2	0	1	5	0	1	0	2	1	0	0	8	0	0	0	0	1	1	3	2	2	1	1	2	4	2	6	10	0	1	3	2	2	2	0	1	0	0	0	0	0	0	0	0	0	1	2	3	0	5	19	1	0	3	1	3	1	0	2	0	5	1	2	0	1	5	0	1	2	6	0	0	3	2	5	2	0	15	0	0	0	9	0	2	0	4	0	0	1	3	1	5	2	3	0	1	2	4	1	0	12	1	0	0	1	0	4	2	1	0	0	0	3	0	0	2	6	9	8	0	0	0	0	3	0	4	5	4	3	7	3	0	0	12	1	11	0	0	1	6	0	2	2	3	0	0	6	1	0	3	0	0	2	0	0	1	3	6	3	1	0	3	1	3	1	0	1	8	1	1	1	0	6	4	3	2	2	0	0	0	0	4	2	0	15	2	1	4	0	3	0	5	1	2	8	1	0	2	0	0	0	5	0	5	0	0	0	2	3	1	5	0	1	8	3	3	0	2	3	0	1	6	1	3	5	4	2	7	0	0	4	6	0	2	2	2	2	78	0	3	2	3	0	0	1	0	3	9	3	1	1	0	0	0	0	0	3	0	1	3	1	3	0	0	1	5	0	3	5	3	0	2	0	4	1	0	1	0	1	6	0	0	5	7	2	2	1	3	1	0	10	5	4	5	2	4	2	4	0	3	0	1	5	0	1	2	1	0	0	4	7	3	4	3	3	2	4	0	0	8	4	0	0	0	0	2	4	0	1	5	0	0	1	1	1	2	2	3	1	0	0	0	2	1	0	1	0	4	6	0	3	2	6	2	0	1	3	1	4	1	1	1	5	0	0	2	1	4	0	1	2	3	4	0	3	0	2	8	2	2	3	1	0	2	7	1	0	0	1	1	3	4	0	3	0	1	6	0	9	1	0	1	1	2	2	0	4	0	9	2	0	0	0	0	2	3
C[Ins(T):R5]A	1	1	2	0	2	0	1	1	2	4	0	3	0	0	5	1	4	1	0	0	0	2	0	0	2	2	4	4	2	2	1	0	0	0	0	1	2	1	2	1	1	0	5	0	2	2	5	6	3	3	1	3	1	1	1	0	1	2	0	0	2	3	0	0	3	4	1	1	2	2	0	3	5	1	3	2	2	3	4	0	3	2	2	6	0	5	0	2	43	1	0	2	2	0	2	1	2	1	1	4	3	0	3	2	1	0	3	2	11	4	0	0	0	3	2	2	0	1	4	4	4	1	2	1	1	2	0	0	4	2	1	0	8	1	3	0	0	1	5	0	3	0	1	3	0	3	1	2	0	33	1	9	0	0	2	1	2	4	0	2	1	1	0	5	1	1	0	3	0	0	4	2	0	0	0	0	2	3	5	0	2	1	1	3	4	4	3	7	1	0	1	3	4	1	0	0	0	2	0	0	3	4	0	0	1	3	1	3	2	1	24	2	5	4	0	2	3	0	5	0	5	3	1	0	1	3	1	0	2	3	0	1	0	1	0	1	1	7	1	2	0	10	1	1	3	2	2	0	1	1	0	1	4	1	1	0	0	15	0	2	6	1	0	2	0	1	2	3	4	0	1	0	2	3	1	5	2	8	4	0	0	1	3	3	2	4	2	2	1	6	1	0	2	3	6	8	0	1	0	3	0	0	1	3	7	0	9	0	2	3	3	1	4	2	0	0	1	2	5	2	0	2	1	4	2	0	2	2	1	1	0	0	2	3	2	0	2	0	2	2	0	3	1	0	7	1	5	1	2	2	2	1	2	3	2	1	0	8	0	0	6	1	1	2	0	2	1	1	1	1	5	0	1	2	1	2	0	4	0	0	0	2	0	1	0	2	1	6	1	1	1	1	4	1	0	0	1	93	2	7	4	1	1	0	1	2	1	3	1	0	5	1	1	2	0	1	2	1	2	1	0	0	0	0	0	1	4	1	7	3	0	2	0	1	0	0	0	0	2	4	0	3	1	0	4	3	2	1	2	0	3	1	5	4	0	1	2	1	0	1	1	1	1	0	2	7	6	0	1	1	3	2	2	4	0	6	2	2	1	2	2	0	0	0	8	1	2	1	2	4	0	0	1	2	4	4	4	0	2	2	1	1	0	0	0	1	2	5	2	0	3	0	2	0	3	0	4	0	2	3	0	0	2	0	3	6	3	0	0	4	0	0	4	2	1	0	0	7	4	3	2	2	2	0	6	2	1	3	3	1	4	6	0	2	0	1	1	2	5	1	0	2	1	3	1	0	1	0	5	3	0	0	3	0	0	1
C[Ins(T):R5]C	0	2	5	0	4	0	1	0	0	3	1	5	0	0	9	1	3	2	1	0	0	0	1	0	2	2	5	4	0	1	4	2	0	0	0	2	1	0	2	3	1	0	4	1	2	0	7	2	2	0	2	2	0	0	2	0	4	0	1	0	1	0	3	2	8	9	2	0	2	5	1	0	2	0	3	5	4	11	6	0	1	2	3	2	0	4	1	1	38	0	1	1	3	0	2	1	0	0	2	3	0	0	1	3	1	3	1	2	14	1	2	2	2	0	2	2	1	1	4	1	0	0	3	1	2	1	2	0	3	1	1	2	19	1	1	1	0	2	4	0	1	0	1	2	3	2	3	1	2	38	0	4	1	0	6	3	1	1	3	3	1	1	0	6	2	3	0	2	0	2	5	4	2	0	1	1	3	0	5	2	2	0	1	1	1	2	6	5	0	2	1	2	1	2	1	1	2	4	0	2	0	1	0	0	4	6	0	2	0	1	27	2	7	2	1	2	2	0	2	2	4	2	1	1	1	3	3	0	0	2	2	2	4	1	2	0	3	6	0	0	1	12	3	1	0	4	0	0	7	0	3	4	6	3	2	0	2	16	1	1	4	1	0	2	8	0	1	4	4	0	1	0	6	1	4	4	5	1	4	0	0	0	5	5	1	2	2	2	3	4	1	0	0	2	3	10	0	3	0	2	2	1	2	3	2	4	2	0	2	3	2	1	2	1	0	2	1	6	0	1	1	1	1	3	0	0	0	1	6	2	1	0	3	7	2	2	0	1	1	1	0	2	2	2	5	2	4	1	2	3	2	6	0	1	3	1	0	5	1	1	8	7	2	0	1	5	6	1	1	1	8	1	1	7	2	2	1	4	4	0	3	6	3	0	5	0	2	4	2	2	1	2	0	0	1	0	2	97	1	2	2	1	0	0	1	2	1	3	4	0	2	3	2	1	1	0	1	1	3	3	2	1	1	4	2	2	2	4	4	5	0	5	1	2	2	2	1	0	2	2	1	1	4	2	3	1	2	3	3	0	7	1	6	2	0	3	1	2	3	1	1	1	6	0	2	3	6	1	2	1	3	2	10	1	0	6	2	0	0	2	0	0	1	0	3	4	6	4	2	2	1	0	2	0	1	3	5	5	1	1	1	2	2	0	0	2	1	4	2	2	2	1	1	6	6	1	4	0	1	0	0	0	2	1	1	5	5	0	1	3	0	1	3	1	0	0	1	11	1	2	1	0	1	0	6	5	0	1	2	5	6	3	2	7	0	3	3	5	5	0	0	0	3	4	1	2	1	0	12	3	1	1	2	1	3	1
C[Ins(T):R5]G	1	4	2	1	4	0	2	1	4	5	0	1	0	0	10	1	5	0	5	2	0	2	0	0	1	1	3	10	0	1	2	1	0	0	0	0	1	1	6	4	4	2	3	4	1	5	2	0	4	0	1	3	1	1	2	2	6	6	5	3	4	2	3	7	7	5	0	3	1	8	6	6	2	5	1	4	2	4	6	2	2	8	2	4	3	12	0	3	28	3	0	2	6	1	1	4	0	1	1	3	1	0	2	0	2	4	4	1	18	5	3	2	0	0	3	2	1	2	4	5	2	0	0	3	3	3	2	0	6	4	1	1	12	1	1	2	1	0	5	0	0	1	0	2	1	0	5	3	0	32	1	11	0	0	1	1	1	5	4	6	3	2	1	7	0	3	1	5	0	2	0	3	1	1	4	1	2	4	4	1	2	4	1	0	1	2	6	16	0	1	3	1	1	3	4	0	0	1	0	2	1	0	1	2	2	2	2	1	2	5	28	0	3	4	1	4	0	1	6	2	8	4	2	0	1	4	1	0	1	5	1	1	5	0	2	1	3	19	0	1	0	14	2	1	1	8	3	0	2	1	3	3	5	2	0	0	4	10	0	3	9	1	0	1	4	1	5	4	8	0	0	0	4	1	1	4	4	5	3	0	0	1	0	1	4	7	4	3	7	6	5	0	0	7	5	20	1	0	0	2	2	1	2	1	4	3	6	1	2	5	0	1	4	1	1	2	2	6	8	0	0	2	2	1	0	0	3	2	5	4	1	0	1	6	1	1	4	0	1	2	1	2	3	2	19	3	1	7	2	3	0	5	0	2	3	0	0	10	0	1	4	4	5	1	0	1	8	1	3	0	8	2	4	12	4	4	0	6	3	1	1	5	2	5	4	4	1	5	2	3	5	5	1	0	2	2	2	102	1	3	1	1	2	2	0	1	5	9	1	2	3	3	0	0	0	0	0	1	2	3	0	3	1	0	2	3	0	2	5	8	0	5	1	3	2	2	1	1	2	3	3	0	6	4	3	4	1	2	2	1	10	3	4	1	3	6	5	4	1	0	0	4	6	1	4	2	6	1	0	6	7	5	3	5	3	7	1	3	5	5	3	1	0	1	2	5	8	0	2	11	2	1	2	3	3	1	8	5	2	0	0	1	5	2	0	3	0	6	1	2	5	2	8	1	2	2	4	3	6	3	1	2	2	1	0	1	5	3	0	3	5	3	5	0	3	1	0	13	2	4	4	1	2	1	10	3	0	3	3	0	7	3	1	2	0	1	3	0	19	2	0	2	1	3	1	0	4	0	16	2	2	1	0	1	0	1
C[Ins(T):R6]A	2	5	2	1	1	0	2	0	0	2	2	0	1	3	13	0	4	2	0	0	0	2	0	0	2	3	6	2	2	1	1	3	0	2	2	0	4	0	2	3	6	0	7	6	4	0	10	5	1	1	3	1	4	4	2	1	8	2	3	3	5	1	4	0	2	11	3	1	1	2	1	3	0	5	5	7	3	9	5	2	3	4	3	5	2	3	1	2	79	0	4	3	2	1	2	2	2	2	1	6	0	0	6	1	3	2	1	1	5	10	4	1	1	0	1	3	0	0	3	3	5	0	4	1	0	1	0	2	5	0	0	1	18	1	2	2	0	6	4	0	3	1	0	4	2	8	10	2	0	68	1	13	1	0	8	0	3	6	1	6	4	4	0	9	3	3	2	3	2	6	5	3	6	2	5	1	3	1	3	2	1	1	6	4	3	7	7	4	0	4	2	4	5	2	0	3	2	4	0	4	1	1	4	2	1	5	1	3	0	1	68	5	5	2	0	1	1	1	7	4	4	4	5	1	3	3	3	1	1	2	3	2	0	2	0	2	6	6	0	5	3	22	3	1	1	2	4	0	2	0	5	5	6	1	1	0	2	24	1	3	10	3	0	0	12	1	2	6	4	1	1	0	7	3	4	3	3	3	3	0	4	0	4	7	1	3	6	1	9	8	8	2	0	5	7	18	3	1	3	1	2	1	3	2	3	0	0	1	4	6	3	3	2	5	1	5	1	1	3	3	0	2	1	0	3	1	0	7	13	3	0	0	8	7	4	4	7	0	2	1	4	8	2	5	4	0	5	7	1	5	0	3	3	4	2	0	1	6	0	4	5	5	9	5	0	4	2	1	2	2	7	4	3	4	4	2	1	3	1	1	1	5	4	1	2	4	1	12	3	3	5	6	4	1	0	1	2	202	1	7	3	2	2	1	3	3	3	3	3	0	4	2	1	2	0	0	2	1	1	0	5	1	2	3	3	0	2	5	8	7	0	8	5	2	2	0	0	0	2	10	0	2	2	1	2	1	6	1	2	0	8	1	2	0	4	3	1	3	1	0	0	2	0	0	2	7	4	1	1	2	1	2	2	2	1	15	3	3	1	4	3	0	1	4	2	4	0	5	2	4	1	0	0	4	5	7	4	2	4	4	1	2	1	2	1	0	0	5	6	1	1	1	4	2	8	2	3	2	4	5	0	2	7	2	2	1	4	1	2	0	2	2	0	0	1	0	3	5	3	1	1	1	5	1	10	7	0	6	1	2	5	10	1	9	0	1	3	3	10	2	0	2	5	5	0	1	1	0	12	2	2	0	1	2	2	3
C[Ins(T):R6]C	0	1	1	6	5	0	3	1	3	13	1	3	2	3	20	2	6	5	3	1	0	3	3	0	1	5	6	7	1	5	4	4	0	1	1	4	6	2	3	6	3	0	16	1	5	4	14	5	4	2	4	3	0	3	5	3	9	2	2	2	10	3	9	4	4	22	2	1	1	10	5	4	1	7	7	12	6	15	11	2	3	5	6	2	4	10	0	3	163	1	5	5	1	4	5	3	5	0	7	2	3	0	4	3	4	5	6	8	9	12	5	7	0	2	3	3	3	7	4	3	3	1	4	8	0	1	0	2	1	1	0	5	25	2	3	4	0	5	13	0	4	2	0	9	1	16	19	1	4	118	1	17	7	1	8	3	5	5	4	3	9	14	0	1	10	3	0	4	4	4	5	9	4	1	11	2	4	4	8	12	4	4	7	7	5	7	12	6	7	3	3	6	9	6	7	5	2	6	4	8	0	2	5	6	1	8	2	5	3	2	111	5	9	8	5	3	5	1	8	5	14	4	7	4	3	9	4	1	5	3	9	1	1	4	3	2	13	9	0	4	3	27	4	3	3	5	1	1	8	0	6	4	8	6	0	1	5	79	5	9	10	0	0	9	17	4	1	8	7	2	3	1	13	7	4	11	4	1	5	0	2	1	6	7	2	5	3	5	13	8	7	7	5	5	18	31	1	6	3	4	3	3	2	0	20	4	3	1	17	7	8	5	6	3	6	4	4	9	10	3	3	1	4	2	1	3	2	8	14	4	0	1	8	9	4	2	4	2	5	7	1	8	2	3	5	0	10	6	0	5	6	1	11	4	3	1	5	9	1	6	24	14	7	5	6	14	8	7	3	1	12	9	4	5	10	7	1	5	2	3	7	8	5	4	5	6	3	6	7	13	3	6	4	1	4	5	5	388	4	3	3	2	5	2	1	11	6	4	14	8	8	7	2	1	2	0	4	5	2	4	6	3	9	6	1	1	5	10	17	7	5	6	6	3	1	3	1	1	2	10	5	1	3	2	5	1	5	7	6	1	8	0	8	1	8	5	1	8	7	2	1	2	1	1	0	13	12	1	1	2	3	2	1	8	2	26	11	6	1	4	1	2	0	1	9	5	7	2	4	10	3	2	5	12	25	9	9	1	2	5	0	2	7	2	0	2	0	11	7	3	3	4	4	20	5	5	7	5	6	2	1	2	7	6	4	3	12	2	1	4	1	2	5	13	1	1	5	7	4	3	4	2	0	1	19	7	1	7	2	5	8	10	1	6	1	1	7	8	8	4	2	6	8	5	6	5	4	1	22	0	1	0	2	2	3	3
C[Ins(T):R6]G	1	1	4	0	4	0	2	0	3	11	1	2	1	2	10	0	9	3	8	0	2	2	3	0	3	7	6	5	3	1	3	4	0	0	4	3	3	4	4	3	5	1	6	2	1	1	12	2	4	4	8	4	4	3	3	0	4	6	3	6	7	6	8	4	5	20	0	2	1	7	2	8	2	8	2	10	3	8	3	2	2	4	4	5	2	6	0	3	147	0	2	2	5	2	1	2	1	3	6	6	2	0	2	4	2	4	7	3	12	14	5	3	1	1	4	5	3	4	5	3	7	0	4	9	3	1	1	0	3	1	1	2	26	2	2	1	0	4	13	0	2	1	1	12	3	12	17	3	1	125	3	9	3	0	5	4	1	4	6	8	13	10	1	13	3	3	3	2	4	3	4	11	6	2	3	2	2	4	8	4	4	1	4	6	2	10	7	8	3	4	1	5	5	4	4	4	2	7	2	6	3	5	3	1	0	11	3	4	0	4	101	4	15	2	2	2	4	2	7	4	5	5	3	1	3	6	5	1	2	5	8	3	3	5	3	0	9	14	0	10	3	33	3	1	6	7	4	1	8	1	7	5	9	2	1	0	2	67	2	5	21	3	2	6	14	0	4	7	7	3	2	0	9	8	3	7	4	5	5	1	1	0	6	13	2	7	6	3	8	16	8	5	2	3	8	16	1	5	2	4	3	3	1	3	16	1	4	4	6	13	5	4	4	3	2	3	1	6	3	3	0	1	4	2	5	1	2	11	7	5	3	0	3	9	4	4	4	1	1	4	1	2	5	0	7	3	9	4	0	5	5	1	7	7	2	1	4	8	1	3	12	9	5	2	4	7	11	2	2	2	11	5	4	10	8	6	1	6	2	0	4	7	3	1	7	1	3	9	1	8	7	7	3	2	5	6	1	366	3	10	3	5	0	4	4	9	6	8	6	8	4	5	0	0	2	1	3	2	4	2	4	9	5	6	2	3	2	7	18	3	1	5	2	3	0	1	6	0	3	7	2	3	10	3	3	1	7	6	1	0	11	4	8	3	5	5	3	7	1	2	1	5	4	1	3	9	16	2	2	4	8	4	5	3	3	24	4	7	1	3	2	0	1	2	7	3	8	4	0	12	2	0	3	11	11	15	2	6	4	3	2	1	5	3	1	3	0	12	9	2	2	4	6	9	7	3	6	2	0	4	3	4	12	4	2	5	6	4	1	4	5	3	4	4	1	1	1	10	6	6	3	4	4	1	16	9	0	6	4	1	11	7	2	6	0	4	10	7	11	5	0	3	4	6	5	3	7	2	16	3	3	3	2	3	2	3
C[Ins(T):R7]A	0	4	4	2	2	0	0	0	0	0	0	2	0	3	6	0	2	4	1	1	0	0	3	0	0	3	1	1	1	2	2	4	0	0	2	3	5	0	1	5	2	0	6	3	5	1	8	2	1	2	4	1	3	4	3	2	3	5	1	6	4	1	5	2	2	11	1	1	1	5	5	3	0	4	4	5	5	6	1	1	6	8	3	6	1	6	0	4	127	3	5	3	4	1	3	1	1	0	5	8	3	0	2	0	1	3	4	9	12	9	0	6	2	1	1	6	0	1	3	3	3	1	4	2	0	6	0	0	4	1	1	1	17	0	3	2	0	5	7	0	5	2	1	12	7	3	8	3	2	99	0	14	1	0	3	6	4	2	4	1	8	8	1	3	6	6	1	3	4	5	10	7	4	4	5	4	3	0	7	2	3	1	2	7	2	3	4	3	4	4	3	1	4	6	3	2	2	6	2	7	1	1	1	3	0	2	0	4	2	0	95	3	6	2	3	4	2	2	3	1	4	4	3	5	3	2	5	1	8	6	2	2	3	6	1	4	4	5	0	3	2	48	5	0	3	4	2	2	3	1	5	7	9	7	0	0	4	34	4	4	3	1	1	1	9	2	2	3	7	1	5	2	4	2	4	7	4	4	0	0	1	0	2	6	2	1	5	1	5	12	8	3	1	4	9	18	2	4	0	1	5	0	2	3	16	1	1	1	8	8	1	3	2	1	1	9	3	8	3	3	2	2	5	5	1	0	2	8	7	2	2	1	6	13	6	6	1	0	2	6	0	6	4	1	4	0	3	4	2	12	3	1	2	3	3	2	1	4	1	2	24	7	5	3	1	7	5	7	3	3	3	3	4	6	5	3	0	3	1	2	3	4	2	3	2	3	4	9	1	5	1	8	4	0	2	3	3	258	5	10	6	1	2	2	0	4	3	3	4	2	2	4	2	2	0	0	2	3	1	1	4	4	8	0	2	2	3	6	9	10	0	2	1	5	2	2	2	1	0	5	2	1	6	2	3	3	8	3	1	0	11	0	5	6	7	1	1	2	1	0	0	0	1	0	4	5	7	2	1	1	4	5	1	1	2	12	4	6	4	5	3	0	0	4	5	2	1	8	1	7	4	0	1	9	11	5	2	0	0	2	1	5	2	1	1	2	1	7	5	3	1	3	3	6	8	3	1	0	4	1	0	4	4	4	1	3	11	4	1	6	5	1	3	3	1	0	3	7	11	1	0	7	3	1	10	14	0	8	1	5	8	7	1	2	0	5	3	2	11	2	2	1	5	3	2	2	1	1	14	2	1	1	2	0	2	3
C[Ins(T):R7]C	0	2	1	2	4	0	4	0	1	1	0	2	0	2	8	1	1	4	4	0	0	1	4	1	4	5	4	0	5	6	3	4	0	0	0	6	2	1	2	3	2	2	5	3	4	1	9	6	2	4	2	3	1	8	4	0	8	3	1	4	3	2	10	3	6	14	2	1	1	5	3	3	2	7	4	9	7	9	8	0	3	2	4	5	0	13	0	3	148	0	4	2	4	1	2	4	0	1	2	1	0	0	8	0	2	5	4	2	10	16	5	2	0	0	5	8	4	0	10	3	5	1	3	3	1	0	0	1	3	3	4	3	26	1	2	1	0	5	10	0	1	1	0	3	7	2	13	1	2	84	1	10	2	0	9	5	4	1	1	9	5	8	1	6	4	3	3	5	3	6	6	6	2	1	3	4	4	2	4	4	1	3	11	4	7	5	9	3	5	5	2	3	7	9	4	4	1	5	1	5	2	1	1	7	3	4	1	4	3	3	85	3	8	0	1	0	2	2	4	3	8	2	2	0	3	7	6	0	4	9	4	0	0	2	0	1	6	7	1	4	0	39	6	3	3	6	3	0	6	1	6	5	1	3	2	2	5	56	1	7	9	5	1	3	8	3	2	4	7	1	3	3	9	2	4	5	3	1	3	0	2	1	4	9	1	8	4	4	6	10	2	4	0	4	5	18	1	2	3	4	3	4	6	6	8	0	1	1	10	3	1	1	3	1	7	4	4	3	9	1	0	1	4	2	1	4	3	7	8	9	1	1	3	13	2	7	7	2	3	4	1	7	3	1	8	1	3	3	2	7	1	3	4	7	4	0	1	7	1	2	9	11	2	5	1	9	7	2	2	0	7	6	2	3	3	3	0	4	1	2	2	3	7	0	2	1	1	9	8	6	6	4	7	0	1	3	2	351	5	9	3	5	3	3	4	8	0	6	3	3	4	4	2	2	1	0	4	3	6	0	6	5	9	4	0	1	1	5	10	3	2	2	3	4	1	1	4	1	4	2	0	5	5	2	4	2	8	9	1	3	8	1	2	2	1	7	1	4	3	1	0	4	0	1	4	6	19	1	0	2	2	1	4	1	1	6	1	2	2	7	4	4	0	0	10	6	3	4	3	3	2	3	2	5	8	4	2	0	2	9	0	0	4	2	1	1	1	7	10	1	6	2	0	5	9	1	3	4	1	2	0	2	14	5	1	3	4	0	2	3	1	2	2	7	1	2	2	9	6	5	1	2	4	0	10	8	3	9	4	10	7	8	2	4	0	2	8	7	11	1	0	4	7	6	3	1	4	1	19	4	2	2	3	2	2	1
C[Ins(T):R7]G	0	3	1	3	8	0	2	0	1	5	0	4	2	4	13	1	7	5	4	0	1	3	3	0	4	1	1	6	2	2	1	3	0	0	5	3	0	4	4	6	7	0	3	6	7	2	9	11	3	4	6	5	4	11	6	0	13	7	2	4	7	5	12	6	7	21	1	2	3	7	10	8	8	7	1	9	4	10	12	2	4	4	8	7	7	13	3	4	236	4	2	2	6	3	6	2	5	2	3	4	3	0	7	3	3	4	3	7	18	10	2	2	0	1	8	6	6	1	8	4	4	1	3	1	3	3	2	1	9	2	4	3	26	0	7	4	0	6	12	0	3	1	1	4	4	10	13	1	2	148	2	13	1	2	5	6	4	7	6	5	2	7	2	8	2	6	0	3	8	4	3	8	4	2	7	3	5	3	7	7	4	3	7	6	9	6	12	12	2	8	1	2	6	3	4	3	1	5	4	6	3	5	2	3	3	10	7	3	4	2	143	7	17	9	1	2	4	1	5	5	11	5	4	1	3	4	6	0	3	11	9	2	3	5	3	4	6	10	1	3	1	63	4	1	0	7	9	0	7	1	6	3	5	4	1	2	5	60	1	4	11	1	0	5	15	2	2	5	4	4	2	1	12	7	6	10	5	4	4	3	1	1	6	11	4	11	8	2	9	16	5	1	4	11	6	31	0	6	2	7	4	1	7	5	7	3	8	3	13	10	4	7	7	5	3	5	3	5	3	4	0	1	9	1	2	3	7	12	11	5	1	2	6	15	4	6	6	2	4	2	2	7	1	9	8	3	13	8	2	4	1	1	10	4	2	3	5	7	2	7	19	16	1	3	1	9	9	4	1	2	13	8	7	11	3	4	1	3	2	2	2	8	6	6	5	3	4	8	7	5	2	9	2	4	2	4	7	473	4	12	8	4	1	1	7	9	3	5	7	7	3	5	1	4	0	0	2	5	3	2	6	6	9	6	2	4	2	15	8	6	2	5	2	3	1	3	1	1	6	7	3	1	4	1	5	4	4	5	4	0	10	2	4	2	4	2	2	8	2	4	2	6	3	0	6	5	9	5	1	4	11	8	5	4	5	13	3	4	5	4	2	0	2	2	6	9	7	3	2	6	2	1	2	10	16	7	13	2	1	4	1	4	3	1	0	1	0	9	9	3	4	4	5	12	6	4	6	2	6	3	0	4	12	1	5	7	8	6	1	4	5	4	5	5	2	0	3	14	6	3	2	6	2	2	15	17	7	8	8	5	10	10	3	7	0	2	4	5	9	2	1	5	7	10	4	1	1	0	14	6	1	1	1	2	4	3
C[Ins(T):R8]A	1	2	3	1	1	0	3	0	0	1	0	2	0	0	7	1	2	4	1	0	0	0	1	0	0	2	7	3	1	1	4	2	0	0	0	1	1	4	2	5	5	0	8	3	3	3	7	5	4	4	3	1	1	8	4	1	7	4	3	4	3	0	16	6	5	22	2	2	1	3	4	7	2	8	3	6	7	7	7	2	2	4	5	3	4	9	1	2	249	1	2	1	4	2	1	1	1	3	4	3	2	0	3	6	8	6	2	10	10	18	3	3	3	4	2	10	2	1	2	2	6	1	5	9	1	2	0	2	8	0	2	2	25	3	3	4	1	8	23	0	4	1	2	10	4	11	10	0	2	141	0	8	5	0	7	4	3	2	1	6	10	14	2	6	11	1	0	5	5	2	8	8	7	1	9	1	1	7	5	1	2	3	11	5	2	9	8	8	5	3	2	0	6	7	2	3	1	1	3	5	2	3	4	4	2	5	3	4	2	3	168	5	15	5	2	2	3	0	10	0	3	4	5	3	2	5	6	1	1	6	9	1	3	4	4	1	9	8	1	2	6	66	8	3	0	4	3	2	2	1	7	7	5	5	2	1	4	69	2	6	12	1	1	4	7	6	1	8	8	2	2	1	7	7	3	4	5	4	5	0	1	1	10	15	1	4	5	1	7	14	7	5	1	2	11	32	3	7	3	4	1	3	6	2	15	3	2	2	16	7	4	6	3	3	5	3	3	2	4	1	2	1	2	3	2	3	4	12	9	4	2	3	3	14	7	6	3	0	1	6	2	5	2	3	4	1	5	9	3	9	4	1	7	4	2	0	1	8	1	4	29	18	6	4	2	9	11	5	2	0	16	10	1	11	10	4	1	3	5	1	4	6	6	2	2	4	4	9	9	7	1	6	7	7	0	2	3	479	8	13	6	0	3	3	9	18	8	11	5	6	3	8	1	2	3	0	5	3	2	3	4	2	7	10	1	0	4	5	16	3	2	4	3	2	1	1	3	2	1	7	2	2	3	2	6	2	6	2	1	1	7	2	3	0	7	5	1	9	1	1	0	3	2	2	2	10	13	1	3	1	8	8	9	6	6	13	9	6	7	6	2	2	1	2	4	7	4	6	1	11	3	1	6	14	12	7	5	1	4	6	2	3	4	7	1	1	2	3	0	3	2	6	2	11	5	4	13	6	4	1	1	5	9	7	3	6	9	4	3	7	1	0	2	8	0	3	1	10	14	1	1	9	5	2	7	15	4	2	11	8	10	9	0	5	0	2	7	6	18	6	0	4	7	11	2	1	6	1	9	2	0	3	2	0	3	5
C[Ins(T):R8]C	0	1	2	2	4	0	1	0	1	0	0	1	0	1	5	1	0	7	0	1	0	1	1	0	0	0	1	1	1	5	2	0	0	1	1	2	4	2	3	4	1	1	7	10	3	2	6	5	3	0	6	6	5	3	5	0	6	0	1	1	3	1	8	3	8	18	3	1	1	4	0	1	6	7	4	14	4	9	3	5	9	1	3	6	6	10	0	2	276	3	8	7	4	3	6	3	1	2	4	4	4	0	1	7	5	1	7	6	8	15	1	1	0	0	2	7	2	2	7	4	6	0	1	6	2	4	1	3	2	3	1	5	33	0	2	2	0	11	20	0	6	0	0	6	2	9	17	1	3	161	0	8	7	1	6	4	2	6	4	6	11	9	0	3	3	3	3	2	3	7	6	7	4	5	7	1	4	7	8	3	2	3	9	8	1	10	11	5	8	8	4	3	6	8	8	4	0	7	2	9	7	7	4	3	0	4	3	6	2	0	168	5	11	8	3	2	7	1	3	5	8	4	7	2	1	5	9	1	1	5	12	0	4	5	5	2	7	8	1	6	7	74	3	3	1	5	6	4	4	2	10	5	6	5	2	2	3	69	3	8	7	1	0	3	7	2	2	4	6	3	3	2	10	3	5	6	1	3	4	0	1	0	5	9	2	2	4	4	6	16	9	3	0	3	22	24	3	2	2	1	3	0	4	7	15	1	5	3	20	14	5	5	2	6	6	7	4	5	11	2	2	0	7	3	4	1	1	8	8	8	2	0	3	15	2	13	5	5	2	1	5	7	3	3	4	2	1	14	3	5	4	2	9	8	1	2	4	12	2	2	23	18	13	6	3	8	4	3	3	0	18	10	1	6	7	2	0	3	1	3	5	6	6	3	5	4	6	8	4	9	1	8	2	3	4	1	7	626	3	13	7	3	2	5	6	8	3	9	9	6	3	4	1	1	1	0	3	3	4	3	7	5	8	6	2	0	4	8	16	5	3	7	2	1	0	2	6	5	0	6	1	3	7	1	7	2	12	9	3	3	8	3	4	2	5	3	2	6	2	2	1	2	2	0	2	16	11	4	2	3	5	10	4	5	3	12	5	3	3	2	0	2	0	3	4	5	2	8	2	9	2	1	4	15	8	6	5	3	4	7	3	2	1	7	0	1	0	7	5	2	4	5	2	19	8	2	6	3	4	2	0	4	9	6	3	3	6	3	2	2	1	1	4	7	0	0	5	11	3	2	2	6	8	0	9	7	2	8	2	10	11	12	0	7	0	5	9	8	16	2	1	5	3	10	1	2	3	0	10	4	1	1	7	1	1	5
C[Ins(T):R8]G	2	2	2	2	3	0	1	0	3	1	0	2	0	0	10	0	4	5	1	0	1	2	3	1	1	0	6	3	2	2	0	2	0	1	0	1	2	2	8	4	5	1	11	3	3	3	12	7	3	2	4	3	2	11	4	0	13	3	1	1	5	4	12	2	7	23	4	0	1	6	6	5	2	9	5	11	4	20	9	0	9	4	8	8	4	10	2	8	373	2	1	4	4	2	9	3	3	3	6	2	5	2	5	2	3	6	5	6	16	20	1	5	3	3	5	11	2	1	10	7	7	0	2	5	5	3	1	1	8	3	1	0	33	0	5	4	0	10	17	4	9	2	3	13	7	18	23	0	7	183	2	11	2	2	5	3	4	8	5	17	14	18	3	5	14	4	2	5	5	6	7	8	4	5	11	3	10	6	8	6	3	2	11	11	6	5	12	8	11	7	6	2	6	17	3	6	0	5	1	10	4	5	11	1	5	9	5	14	5	1	217	10	17	12	5	2	12	1	5	3	10	6	4	4	5	8	7	0	1	10	14	1	2	8	4	3	11	10	0	8	1	77	7	3	4	8	2	1	6	0	6	14	10	4	2	1	11	84	6	7	22	2	2	3	13	2	1	17	11	1	11	1	7	8	5	11	7	4	2	1	0	2	11	13	3	9	6	3	16	10	12	7	1	9	16	31	3	3	2	6	5	4	7	3	28	5	4	2	19	17	5	4	2	5	5	7	2	3	8	8	4	3	6	2	3	1	3	13	13	6	2	3	9	23	4	3	6	0	3	3	2	10	1	1	10	5	11	5	4	4	2	2	10	6	2	6	2	4	2	7	38	25	9	6	4	12	8	10	6	7	14	12	2	7	12	4	4	4	3	2	7	4	7	8	5	7	6	7	8	12	5	7	2	4	2	5	6	757	11	16	7	2	1	3	8	15	10	12	9	10	3	6	3	2	0	0	10	1	2	5	8	7	7	13	2	7	5	7	17	5	3	12	4	2	0	6	4	0	2	10	3	4	4	1	14	2	10	5	2	0	9	4	5	1	7	6	0	6	3	2	3	6	1	2	5	9	18	9	1	2	13	13	3	7	5	13	4	14	4	3	1	0	0	5	12	8	1	8	2	6	7	0	2	8	19	11	4	2	3	7	1	2	6	8	1	1	0	9	6	3	1	8	3	22	12	2	5	5	7	3	0	7	12	5	1	3	4	7	1	7	2	1	0	7	1	4	5	14	7	0	2	7	9	4	12	22	5	4	2	20	11	12	1	10	1	4	9	20	14	4	1	5	8	6	1	2	6	1	25	7	1	3	10	4	3	3
C[Ins(T):R(9,)]A	0	0	0	0	0	0	0	0	0	0	0	0	0	0	0	0	0	0	0	0	0	0	0	0	0	0	0	0	0	0	0	0	0	0	0	0	0	0	0	0	0	0	0	0	0	0	0	0	0	0	0	0	0	0	0	0	0	0	0	0	0	0	0	0	0	0	0	0	0	0	0	0	0	0	0	0	0	0	0	0	0	0	0	0	0	0	0	0	0	0	0	0	0	0	0	0	0	0	0	0	0	0	0	0	0	0	0	0	0	0	0	0	0	0	0	0	0	0	0	0	0	0	0	0	0	0	0	0	0	0	0	0	0	0	0	0	0	0	0	0	0	0	0	0	0	0	0	0	0	0	0	0	0	0	0	0	0	0	0	0	0	0	0	0	0	0	0	0	0	0	0	0	0	0	0	0	0	0	0	0	0	0	0	0	0	0	0	0	0	0	0	0	0	0	0	0	0	0	0	0	0	0	0	0	0	0	0	0	0	0	0	0	0	0	0	0	0	0	0	0	0	0	0	0	0	0	0	0	0	0	0	0	0	0	0	0	0	0	0	0	0	0	0	0	0	0	0	0	0	0	0	0	0	0	0	0	0	0	0	0	0	0	0	0	0	0	0	0	0	0	0	0	0	0	0	0	0	0	0	0	0	0	0	0	0	0	0	0	0	0	0	0	0	0	0	0	0	0	0	0	0	0	0	0	0	0	0	0	0	0	0	0	0	0	0	0	0	0	0	0	0	0	0	0	0	0	0	0	0	0	0	0	0	0	0	0	0	0	0	0	0	0	0	0	0	0	0	0	0	0	0	0	0	0	0	0	0	0	0	0	0	0	0	0	0	0	0	0	0	0	0	0	0	0	0	0	0	0	0	0	0	0	0	0	0	0	0	0	0	0	0	0	0	0	0	0	0	0	0	0	0	0	0	0	0	0	0	0	0	0	0	0	0	0	0	0	0	0	0	0	0	0	0	0	0	0	0	0	0	0	0	0	0	0	0	0	0	0	0	0	0	0	0	0	0	0	0	0	0	0	0	0	0	0	0	0	0	0	0	0	0	0	0	0	0	0	0	0	0	0	0	0	0	0	0	0	0	0	0	0	0	0	0	0	0	0	0	0	0	0	0	0	0	0	0	0	0	0	0	0	0	0	0	0	0	0	0	0	0	0	0	0	0	0	0	0	0	0	0	0	0	0	0	0	0	0	0	0	0	0	0	0	0	0	0	0	0	0	0	0	0	0	0	0	0	0	0	0	0	0	0	0	0	0	0	0	0	0	0	0	0	0	0	0	0	0	0	0	0	0	0	0	0	0	0	0
C[Ins(T):R(9,)]C	0	0	0	0	0	0	0	0	0	0	0	0	0	0	0	0	0	0	0	0	0	0	0	0	0	0	0	0	0	0	0	0	0	0	0	0	0	0	0	0	0	0	0	0	0	0	0	0	0	0	0	0	0	0	0	0	0	0	0	0	0	0	0	0	0	0	0	0	0	0	0	0	0	0	0	0	0	0	0	0	0	0	0	0	0	0	0	0	0	0	0	0	0	0	0	0	0	0	0	0	0	0	0	0	0	0	0	0	0	0	0	0	0	0	0	0	0	0	0	0	0	0	0	0	0	0	0	0	0	0	0	0	0	0	0	0	0	0	0	0	0	0	0	0	0	0	0	0	0	0	0	0	0	0	0	0	0	0	0	0	0	0	0	0	0	0	0	0	0	0	0	0	0	0	0	0	0	0	0	0	0	0	0	0	0	0	0	0	0	0	0	0	0	0	0	0	0	0	0	0	0	0	0	0	0	0	0	0	0	0	0	0	0	0	0	0	0	0	0	0	0	0	0	0	0	0	0	0	0	0	0	0	0	0	0	0	0	0	0	0	0	0	0	0	0	0	0	0	0	0	0	0	0	0	0	0	0	0	0	0	0	0	0	0	0	0	0	0	0	0	0	0	0	0	0	0	0	0	0	0	0	0	0	0	0	0	0	0	0	0	0	0	0	0	0	0	0	0	0	0	0	0	0	0	0	0	0	0	0	0	0	0	0	0	0	0	0	0	0	0	0	0	0	0	0	0	0	0	0	0	0	0	0	0	0	0	0	0	0	0	0	0	0	0	0	0	0	0	0	0	0	0	0	0	0	0	0	0	0	0	0	0	0	0	0	0	0	0	0	0	0	0	0	0	0	0	0	0	0	0	0	0	0	0	0	0	0	0	0	0	0	0	0	0	0	0	0	0	0	0	0	0	0	0	0	0	0	0	0	0	0	0	0	0	0	0	0	0	0	0	0	0	0	0	0	0	0	0	0	0	0	0	0	0	0	0	0	0	0	0	0	0	0	0	0	0	0	0	0	0	0	0	0	0	0	0	0	0	0	0	0	0	0	0	0	0	0	0	0	0	0	0	0	0	0	0	0	0	0	0	0	0	0	0	0	0	0	0	0	0	0	0	0	0	0	0	0	0	0	0	0	0	0	0	0	0	0	0	0	0	0	0	0	0	0	0	0	0	0	0	0	0	0	0	0	0	0	0	0	0	0	0	0	0	0	0	0	0	0	0	0	0	0	0	0	0	0	0	0	0	0	0	0	0	0	0	0	0	0	0	0	0	0	0	0	0	0	0	0	0	0	0	0	0	0	0
C[Ins(T):R(9,)]G	0	0	0	0	0	0	0	0	0	0	0	0	0	0	0	0	0	0	0	0	0	0	0	0	0	0	0	0	0	0	0	0	0	0	0	0	0	0	0	0	0	0	0	0	0	0	0	0	0	0	0	0	0	0	0	0	0	0	0	0	0	0	0	0	0	0	0	0	0	0	0	0	0	0	0	0	0	0	0	0	0	0	0	0	0	0	0	0	0	0	0	0	0	0	0	0	0	0	0	0	0	0	0	0	0	0	0	0	0	0	0	0	0	0	0	0	0	0	0	0	0	0	0	0	0	0	0	0	0	0	0	0	0	0	0	0	0	0	0	0	0	0	0	0	0	0	0	0	0	0	0	0	0	0	0	0	0	0	0	0	0	0	0	0	0	0	0	0	0	0	0	0	0	0	0	0	0	0	0	0	0	0	0	0	0	0	0	0	0	0	0	0	0	0	0	0	0	0	0	0	0	0	0	0	0	0	0	0	0	0	0	0	0	0	0	0	0	0	0	0	0	0	0	0	0	0	0	0	0	0	0	0	0	0	0	0	0	0	0	0	0	0	0	0	0	0	0	0	0	0	0	0	0	0	0	0	0	0	0	0	0	0	0	0	0	0	0	0	0	0	0	0	0	0	0	0	0	0	0	0	0	0	0	0	0	0	0	0	0	0	0	0	0	0	0	0	0	0	0	0	0	0	0	0	0	0	0	0	0	0	0	0	0	0	0	0	0	0	0	0	0	0	0	0	0	0	0	0	0	0	0	0	0	0	0	0	0	0	0	0	0	0	0	0	0	0	0	0	0	0	0	0	0	0	0	0	0	0	0	0	0	0	0	0	0	0	0	0	0	0	0	0	0	0	0	0	0	0	0	0	0	0	0	0	0	0	0	0	0	0	0	0	0	0	0	0	0	0	0	0	0	0	0	0	0	0	0	0	0	0	0	0	0	0	0	0	0	0	0	0	0	0	0	0	0	0	0	0	0	0	0	0	0	0	0	0	0	0	0	0	0	0	0	0	0	0	0	0	0	0	0	0	0	0	0	0	0	0	0	0	0	0	0	0	0	0	0	0	0	0	0	0	0	0	0	0	0	0	0	0	0	0	0	0	0	0	0	0	0	0	0	0	0	0	0	0	0	0	0	0	0	0	0	0	0	0	0	0	0	0	0	0	0	0	0	0	0	0	0	0	0	0	0	0	0	0	0	0	0	0	0	0	0	0	0	0	0	0	0	0	0	0	0	0	0	0	0	0	0	0	0	0	0	0	0	0	0	0	0	0	0	0	0	0	0	0	0	0	0	0	0	0	0	0	0	0
G[Ins(T):R0]A	3	3	0	1	6	0	3	0	2	10	2	3	0	0	6	3	2	0	8	1	0	1	0	0	5	2	2	10	2	0	0	6	0	0	4	0	0	0	1	0	2	2	1	2	7	4	1	1	2	1	3	2	1	2	1	1	0	2	7	1	1	1	1	5	2	1	1	2	2	1	5	4	2	0	1	2	3	6	2	2	0	3	0	0	1	11	0	4	2	1	1	3	6	2	1	3	0	0	1	1	0	0	7	2	1	3	30	1	11	21	5	3	0	0	2	6	1	2	2	19	2	1	3	2	3	1	3	1	4	4	4	1	2	1	1	3	2	1	3	1	1	1	4	1	2	0	3	0	4	1	1	4	1	0	3	3	0	22	5	3	1	2	2	6	1	1	0	1	0	2	0	3	0	0	3	0	0	0	6	1	1	3	3	0	3	5	2	12	4	0	4	2	5	4	9	2	2	0	0	4	0	4	0	0	1	0	0	21	0	5	3	0	2	1	1	3	2	0	15	0	4	1	0	0	0	3	0	0	3	5	4	1	5	1	3	6	0	11	1	1	2	0	2	0	0	5	2	1	4	1	0	3	5	1	1	0	2	2	1	1	19	0	1	0	1	2	2	0	1	0	1	0	5	0	0	1	7	3	6	0	2	1	1	4	10	2	9	4	2	11	3	1	1	2	7	6	1	1	3	1	0	0	3	5	0	3	3	1	1	1	1	1	7	1	0	3	3	7	5	1	0	5	1	0	1	0	2	5	6	3	1	0	5	1	8	1	3	2	0	1	2	6	0	1	25	3	5	3	3	8	2	2	0	3	5	2	0	1	0	0	4	1	0	0	0	0	1	2	3	0	4	2	1	5	2	2	0	3	2	1	2	8	3	6	0	3	1	9	1	0	5	2	1	0	1	1	2	11	0	1	1	0	0	1	1	0	2	4	2	0	0	0	0	0	0	0	1	0	1	0	1	0	1	10	26	3	1	3	2	5	1	6	3	3	5	4	1	4	3	6	1	0	3	1	1	7	3	2	3	30	13	0	3	2	1	6	1	1	2	0	0	4	4	1	3	0	3	4	0	9	3	3	1	1	2	3	1	0	2	7	3	0	1	0	5	6	6	0	0	2	4	1	0	1	2	2	2	6	0	0	0	0	2	0	1	1	1	3	0	3	3	3	3	2	2	0	4	2	3	1	0	2	10	0	1	1	1	3	0	1	1	7	4	0	1	2	2	4	0	3	1	2	0	1	4	1	2	3	15	0	4	8	3	7	5	0	2	0	10	1	0	1	0	2	1	2	5	3	5	1	1	0	2	1	2	0
G[Ins(T):R0]C	4	0	0	0	12	0	1	1	5	4	4	5	0	0	7	4	1	0	1	5	0	1	1	0	1	0	5	7	0	0	0	4	0	0	3	0	0	2	0	1	2	2	1	0	4	2	0	0	1	0	1	1	1	2	2	0	0	1	2	3	2	2	5	3	4	4	0	3	3	2	2	5	2	0	1	0	1	2	1	0	1	3	0	1	2	4	4	2	0	2	3	3	8	0	3	1	0	0	1	3	0	0	6	2	0	3	4	0	5	1	3	3	0	0	1	0	1	2	2	8	0	0	2	2	0	4	3	0	5	2	1	1	0	0	0	1	0	1	1	0	0	0	1	3	0	3	0	3	0	2	1	4	2	0	0	7	0	6	1	1	1	1	1	6	2	2	0	1	0	0	0	5	1	2	4	1	1	1	5	0	0	1	0	0	2	14	0	7	0	1	0	2	2	1	0	2	1	0	0	1	0	1	0	0	0	2	4	4	0	1	3	1	2	0	0	5	0	0	22	0	6	3	0	0	0	1	0	0	2	3	0	3	0	0	2	1	1	11	0	0	1	1	3	0	0	3	0	0	0	0	1	0	1	3	0	0	1	1	1	0	46	0	0	0	1	0	0	3	5	0	1	0	2	0	0	0	9	2	2	0	0	0	0	0	0	2	3	7	6	8	8	0	0	7	0	8	0	0	0	1	0	1	2	3	0	0	4	1	0	0	0	0	0	0	0	4	1	6	2	0	0	4	0	2	1	0	0	5	3	4	1	0	6	1	9	0	4	0	0	0	0	1	1	4	20	0	6	0	1	15	1	4	1	5	4	1	0	2	0	0	0	0	1	0	1	0	1	0	0	0	2	1	1	6	0	0	0	3	5	0	2	4	2	6	1	5	0	6	1	2	3	1	0	0	2	0	0	8	2	2	0	1	0	0	0	0	0	6	5	0	0	0	0	1	0	1	1	0	5	0	0	2	0	0	0	2	0	1	2	6	0	1	0	4	4	0	0	1	2	1	0	0	3	2	2	5	0	0	0	0	7	1	3	1	1	3	0	3	3	0	1	2	0	0	4	0	1	3	0	13	7	1	0	3	4	4	3	3	0	4	5	0	0	1	0	2	5	1	0	2	0	2	1	1	3	2	3	2	1	0	1	1	2	0	0	3	0	2	1	1	2	1	5	0	6	1	2	1	5	0	0	1	3	0	1	2	4	3	1	1	0	2	8	0	2	0	0	3	1	3	1	2	1	2	2	1	0	0	0	0	1	1	3	1	0	1	1	0	12	0	0	0	0	3	0	1	3	0	5	2	0	0	0	0	0	0
G[Ins(T):R0]G	8	6	0	0	16	0	6	1	6	14	1	13	0	0	18	5	6	0	13	5	0	1	0	0	13	0	8	38	0	1	0	12	0	0	6	0	0	4	10	6	1	3	12	0	17	12	3	0	4	6	10	9	4	6	2	2	6	5	6	9	3	1	14	10	2	3	0	8	7	5	3	5	5	5	4	11	14	4	2	0	0	7	3	4	2	21	5	7	28	1	2	8	40	1	4	9	0	0	4	6	2	1	24	10	3	11	28	1	31	3	12	2	1	0	4	2	3	3	10	18	1	0	9	13	8	5	9	0	13	12	3	0	15	0	6	4	1	2	2	0	0	1	0	11	2	3	5	0	0	10	4	23	5	1	4	12	2	18	10	11	1	2	0	16	0	3	1	2	3	2	2	24	0	2	3	0	2	4	24	0	8	12	1	1	1	11	4	39	0	0	6	3	11	1	3	1	0	1	0	5	0	12	1	1	1	1	8	3	0	6	15	3	2	5	1	21	0	1	11	1	14	1	4	3	3	16	2	0	6	18	0	7	5	1	3	11	1	54	0	1	1	5	2	0	1	11	0	0	4	1	6	3	17	8	4	0	2	0	0	1	43	1	0	1	2	0	4	3	2	1	1	0	10	5	0	4	13	6	12	0	0	3	4	3	8	19	15	17	5	32	9	1	1	30	7	13	0	2	3	3	0	4	6	12	2	4	8	0	2	3	0	0	18	0	1	2	14	32	12	0	6	30	0	1	3	0	5	21	10	9	1	1	19	10	33	0	14	0	1	1	1	13	7	13	87	7	24	9	4	13	0	32	1	6	11	0	0	9	0	3	2	2	1	4	0	0	8	4	8	1	4	9	9	42	4	13	1	10	12	5	5	6	3	16	12	11	2	28	4	1	16	7	0	1	11	0	1	64	0	2	2	20	1	3	1	0	2	13	1	0	1	2	2	0	0	1	5	0	4	3	0	11	1	2	1	1	1	7	8	27	0	8	3	10	14	0	1	0	9	2	1	0	9	14	11	14	1	4	0	2	34	2	8	6	5	19	4	7	2	5	0	12	12	0	5	4	4	7	2	14	11	3	6	17	6	11	12	16	10	26	22	2	0	2	5	21	20	1	5	11	5	0	0	0	5	9	14	13	1	1	0	3	4	6	0	6	4	21	3	3	14	7	17	2	2	3	13	3	10	7	1	5	21	0	2	10	4	8	3	3	1	12	15	0	5	0	2	25	4	6	6	1	0	2	16	1	0	2	6	1	10	11	1	6	0	3	5	1	38	1	0	0	1	2	2	0	20	0	28	11	2	0	2	2	6	0
G[Ins(T):R1]A	2	8	2	1	8	0	4	0	4	5	2	2	4	1	10	7	6	3	5	2	2	4	1	0	3	3	5	9	4	3	4	5	1	2	4	2	4	2	0	1	4	4	3	1	9	6	2	1	2	0	2	2	0	6	3	2	3	4	3	0	1	0	6	1	0	4	1	5	5	2	3	5	3	2	2	3	2	6	1	2	1	1	1	1	0	1	2	3	6	1	4	2	10	5	3	0	3	4	4	3	0	1	9	7	3	3	7	5	14	1	6	5	2	0	1	2	1	1	2	8	1	4	3	6	1	2	2	0	8	5	3	3	5	0	0	3	0	2	2	2	0	5	5	3	2	4	5	2	2	1	2	6	6	3	2	13	6	9	3	4	4	3	6	1	2	4	1	5	4	7	3	4	1	0	4	0	1	5	6	0	1	4	3	2	1	12	6	11	1	0	2	3	7	1	7	2	3	4	2	4	1	3	2	2	2	2	5	9	4	3	6	2	7	0	1	3	1	5	28	2	8	3	4	3	3	3	1	2	2	4	5	11	3	5	3	3	4	15	1	6	2	2	0	2	2	9	1	2	4	2	2	7	8	5	1	2	7	5	4	3	24	1	4	6	3	3	2	4	2	1	0	0	10	5	6	5	11	1	9	1	1	2	4	4	4	3	4	3	4	9	17	6	0	5	5	8	5	4	2	0	4	1	2	9	2	2	1	0	2	5	0	1	3	3	2	4	4	7	10	3	1	11	4	6	1	2	2	9	6	10	4	3	8	6	15	1	5	5	0	3	0	2	1	4	20	1	2	4	5	46	3	7	2	5	8	1	1	1	5	3	7	1	5	3	5	2	1	2	2	4	1	5	8	7	7	1	2	4	19	2	1	11	2	4	2	5	2	16	7	8	6	2	2	3	5	1	1	22	3	4	3	5	3	7	2	2	2	2	8	2	2	2	1	0	1	1	7	2	5	1	2	3	3	9	3	2	0	2	3	12	0	2	3	7	4	1	3	3	3	3	0	0	3	6	5	2	1	2	0	3	7	1	6	3	3	4	2	2	2	1	0	3	7	0	4	1	2	2	2	30	7	2	3	5	1	10	6	2	2	8	7	1	1	0	8	6	8	3	1	6	3	1	2	3	5	6	3	4	0	1	2	3	0	0	2	1	1	5	4	1	2	11	11	0	13	3	4	2	5	4	5	1	8	2	1	9	15	1	6	2	1	2	4	1	10	1	0	10	4	4	1	5	2	0	4	2	1	2	1	7	3	12	0	3	1	1	3	0	8	3	2	1	2	2	1	3	3	0	6	6	1	2	1	5	3	3
G[Ins(T):R1]C	2	1	1	0	3	0	1	0	2	6	0	2	0	0	5	0	2	0	3	0	0	1	1	0	1	0	2	4	0	2	0	5	1	0	0	0	0	2	1	1	0	0	2	0	1	3	0	0	0	0	0	1	1	1	2	1	0	2	1	3	1	2	2	0	4	1	0	1	1	1	1	3	0	1	2	3	0	1	1	0	0	3	1	0	0	2	0	2	5	1	1	2	3	0	1	0	2	1	1	3	0	0	5	0	2	1	4	0	10	0	2	1	0	1	0	0	1	0	0	3	0	0	1	2	2	0	1	0	1	2	0	0	0	0	1	0	0	0	0	0	0	0	1	1	0	1	2	0	0	3	1	4	0	0	1	2	1	3	1	1	0	1	0	1	0	1	1	1	0	0	0	3	0	1	2	0	0	1	2	0	2	1	1	0	4	12	3	4	0	0	0	0	2	0	0	0	0	0	0	3	0	1	0	0	0	2	1	3	0	2	1	1	2	2	0	4	1	0	7	0	1	0	0	1	2	1	0	1	0	0	0	1	0	0	1	0	0	5	0	1	0	0	0	0	0	6	0	0	3	0	1	0	2	1	0	0	4	4	1	0	15	1	0	1	0	0	1	1	1	1	0	0	1	0	0	2	5	0	2	0	0	0	1	1	2	0	1	4	2	7	4	0	1	3	1	3	0	0	1	0	1	1	1	3	1	1	1	0	0	0	0	0	0	1	0	0	2	4	1	0	1	4	1	0	0	0	1	4	3	2	0	1	2	1	8	0	5	0	1	0	0	2	0	0	6	2	2	4	0	16	1	4	1	0	1	0	1	2	0	2	0	1	3	0	1	0	0	0	0	0	1	3	3	3	1	2	0	3	4	0	0	5	2	3	2	4	1	3	3	1	0	3	0	2	0	0	0	14	0	2	2	4	0	0	0	0	1	2	3	0	0	1	0	1	1	0	1	1	1	0	1	4	1	1	0	0	0	2	1	4	1	0	0	3	1	0	1	0	1	2	1	0	2	1	0	1	1	3	0	1	10	0	1	3	1	3	1	0	0	1	0	2	0	0	1	0	4	2	1	4	1	2	1	1	1	2	0	3	0	6	0	1	0	1	3	2	1	0	0	1	1	1	0	1	0	2	1	1	0	1	0	2	0	1	0	1	0	1	0	0	2	1	3	0	3	1	1	0	4	3	0	2	3	0	0	0	0	0	0	1	1	1	4	1	0	0	1	5	0	0	1	1	0	0	2	1	0	0	0	0	4	0	0	1	0	1	1	0	4	1	0	0	0	1	1	0	0	0	4	1	0	0	0	0	0	1
G[Ins(T):R1]G	8	18	0	0	28	0	8	1	13	21	1	21	1	0	35	5	3	0	20	11	0	3	1	1	12	2	8	69	0	0	0	19	0	1	7	0	0	7	3	4	4	8	14	0	13	11	3	1	18	3	7	6	2	7	3	6	8	6	5	9	0	8	13	15	15	1	0	14	11	7	5	21	13	7	5	24	12	12	4	2	3	17	2	4	5	26	13	13	12	2	3	9	33	2	7	20	1	0	2	28	0	0	39	8	4	6	37	0	80	5	12	5	1	1	6	4	5	0	8	21	0	1	14	12	16	10	8	1	24	18	6	1	6	0	1	3	0	2	0	1	1	0	1	16	3	4	3	4	3	5	5	51	4	0	7	33	4	25	8	16	3	7	0	27	1	8	1	6	8	1	0	24	2	2	3	0	2	11	18	0	11	20	2	0	3	38	14	85	0	0	10	4	11	2	1	2	0	0	0	5	2	7	1	1	3	1	12	13	2	5	6	1	5	5	1	20	10	0	55	0	23	12	0	3	9	21	0	1	8	19	2	12	7	0	11	8	0	87	1	2	7	2	4	2	0	18	3	0	7	3	5	7	18	14	0	2	11	4	4	4	102	2	0	1	1	1	8	15	9	1	3	0	16	6	4	6	30	13	25	0	0	7	1	0	16	27	17	27	7	70	29	1	3	47	15	36	2	1	11	6	1	3	10	21	1	4	20	2	0	1	0	0	18	1	0	0	15	47	23	0	1	22	0	2	7	2	2	23	21	15	1	0	34	21	59	1	23	0	0	2	2	14	4	11	126	15	26	15	14	68	1	48	0	5	22	1	1	25	3	1	2	12	15	5	1	2	7	15	9	1	6	20	16	55	5	12	1	15	28	7	4	29	9	16	23	13	2	45	1	10	21	20	3	1	19	2	5	70	0	0	2	18	1	1	1	1	2	16	18	2	2	7	2	0	1	1	5	1	11	7	0	8	1	3	11	8	1	8	14	46	1	12	2	13	10	0	2	1	10	4	0	0	11	22	9	25	2	3	0	0	73	10	26	13	15	35	9	17	2	5	1	10	12	3	14	3	5	5	1	47	22	9	10	18	4	21	21	15	5	62	36	0	0	3	19	19	25	0	12	18	4	3	3	1	3	14	11	26	6	1	3	5	10	7	0	16	8	27	7	6	15	14	28	0	14	6	12	5	18	8	0	8	39	2	2	9	15	5	1	9	7	17	20	1	14	4	4	49	3	12	5	3	2	4	20	7	0	0	2	1	17	7	1	5	0	1	4	0	65	1	1	0	0	9	1	1	24	0	46	5	5	2	2	4	11	0
G[Ins(T):R2]A	1	1	0	0	1	0	0	1	2	2	1	0	0	0	4	0	0	0	2	0	1	0	0	0	1	1	0	4	0	0	0	4	0	0	0	0	0	1	2	0	1	0	1	0	2	1	1	1	1	0	2	0	2	2	0	0	0	0	1	0	1	0	3	3	1	2	0	1	0	0	0	0	0	0	1	1	0	0	0	0	0	0	0	2	1	1	0	1	5	1	1	1	3	0	0	2	0	0	1	3	0	0	4	5	2	0	5	0	9	2	1	0	0	1	0	2	0	1	1	4	0	1	0	3	1	0	0	0	2	2	0	0	0	0	0	1	0	0	0	0	0	1	1	2	2	2	1	2	0	1	2	5	0	0	1	3	1	3	1	1	1	0	0	2	0	6	0	2	3	0	1	3	2	1	3	0	1	0	2	1	0	1	1	1	1	14	5	6	1	0	1	0	2	0	0	2	0	1	2	1	0	4	0	0	0	1	2	6	0	2	0	1	6	0	0	4	2	1	26	1	2	2	1	1	1	1	1	0	0	4	0	1	1	0	1	1	0	6	0	1	1	1	1	1	0	1	0	0	3	0	0	0	1	2	0	0	1	0	0	1	21	0	0	0	0	0	0	5	1	0	0	0	3	0	0	1	4	0	1	0	1	0	0	1	3	0	4	2	1	8	11	1	1	2	2	4	1	0	0	0	0	0	5	4	0	1	2	0	0	1	0	1	1	0	0	2	1	5	2	0	0	6	0	0	1	1	0	4	4	5	1	0	3	1	9	1	2	1	2	2	1	1	0	4	13	1	1	3	2	15	0	3	1	0	1	1	0	0	0	1	0	1	3	2	0	2	2	0	2	0	1	1	0	4	2	2	0	0	5	1	1	7	0	2	2	0	0	6	0	2	3	2	0	0	1	0	1	15	0	0	0	2	0	0	0	0	2	3	5	0	0	3	0	0	1	0	5	1	2	1	0	3	1	2	1	0	0	2	0	9	0	1	2	0	1	0	1	0	2	1	0	1	1	1	1	1	1	1	0	2	12	0	1	1	2	1	0	1	0	1	0	1	0	0	2	2	1	1	2	15	5	0	0	2	2	2	1	2	2	4	1	0	1	1	15	5	1	1	2	0	1	2	0	0	2	1	4	4	0	0	1	0	1	1	0	2	2	4	2	1	2	2	1	0	6	0	2	1	0	1	0	1	3	1	0	2	11	1	1	3	3	1	5	0	4	0	0	4	0	1	3	2	0	0	3	1	0	0	0	2	1	3	0	1	0	1	1	1	4	0	0	0	0	1	1	0	1	0	5	0	0	0	0	2	1	1
G[Ins(T):R2]C	0	1	0	0	2	0	0	0	0	1	0	0	1	0	2	0	0	0	2	0	1	0	0	0	0	0	1	3	0	0	0	1	0	0	2	0	0	1	2	1	1	0	2	0	1	2	2	1	0	1	1	0	0	0	0	0	1	1	0	2	0	1	0	0	1	1	1	0	1	0	2	4	1	2	1	1	1	0	0	1	0	0	1	0	0	1	0	2	5	0	0	1	4	0	0	1	0	0	0	9	0	0	5	0	0	0	3	0	6	4	1	0	0	0	1	2	0	0	0	8	2	0	0	2	3	0	1	0	0	0	0	0	0	0	0	0	0	0	0	0	0	0	1	2	0	2	1	0	0	2	1	1	8	0	1	3	1	9	0	1	0	1	0	2	0	3	0	2	2	1	0	2	0	0	2	0	3	0	3	0	0	0	1	0	0	12	0	5	0	0	1	1	0	1	0	0	0	1	0	0	0	1	0	0	0	0	0	7	0	2	1	0	2	2	1	3	5	0	25	0	2	4	0	0	0	1	0	0	1	2	0	2	0	0	0	0	0	5	0	0	1	3	2	1	0	2	0	0	0	0	1	1	1	0	0	0	3	0	1	0	28	0	0	0	0	0	0	3	1	0	0	0	2	0	2	0	11	2	2	0	0	0	0	0	1	1	1	0	2	9	7	0	0	4	1	4	0	0	2	1	0	0	1	1	0	0	2	0	0	0	1	1	1	1	0	1	0	0	4	0	0	7	0	0	2	0	0	1	1	3	0	0	2	0	17	2	1	0	0	1	0	3	0	1	2	3	1	1	0	28	0	2	1	1	4	0	0	2	2	0	0	3	4	0	0	0	2	0	1	0	0	4	1	2	1	4	0	0	10	0	1	4	2	4	1	3	0	8	1	2	1	0	2	0	1	0	0	17	1	1	0	0	0	0	1	0	0	0	6	1	1	2	0	0	0	0	2	0	0	0	0	1	0	0	2	1	0	0	2	6	1	0	0	0	0	0	0	0	1	1	0	1	2	1	0	1	0	0	0	1	6	0	1	1	2	0	0	2	0	0	0	2	0	0	3	0	0	0	1	23	3	2	2	2	0	3	0	0	0	2	3	0	0	0	7	2	2	0	4	1	0	1	1	3	1	3	3	0	1	0	0	0	0	1	0	0	1	0	0	1	2	6	5	0	8	0	4	2	2	1	1	1	3	0	0	3	3	0	1	0	0	2	1	0	5	0	0	7	2	5	0	2	0	2	5	1	0	1	1	0	1	0	0	1	1	1	1	0	1	1	0	1	0	1	0	3	0	0	2	1	0	0	1	0	2	0
G[Ins(T):R2]G	22	23	1	2	29	0	10	5	15	51	0	36	0	0	57	11	7	1	37	13	0	9	0	0	11	0	16	53	0	2	0	33	0	0	12	0	0	5	19	9	6	12	21	2	38	22	4	0	23	1	13	17	8	21	7	23	15	6	13	15	6	11	24	15	14	3	1	14	12	9	19	15	12	7	6	23	18	14	5	4	4	10	12	12	3	55	18	37	34	6	1	21	82	0	12	23	0	0	4	19	2	0	55	23	4	15	84	1	93	16	27	7	0	1	9	2	2	4	20	33	2	0	20	30	23	9	18	0	67	25	1	0	26	0	6	10	0	6	0	0	1	0	3	28	8	3	1	3	0	21	2	64	5	1	6	35	0	40	24	14	1	6	1	43	0	12	0	20	2	0	1	44	0	11	3	0	2	9	60	1	15	24	5	1	7	46	9	133	2	1	15	9	19	0	2	1	0	0	0	13	4	20	1	2	10	1	19	11	0	17	13	0	3	11	0	39	7	0	45	1	42	11	3	1	9	28	0	0	15	41	0	12	15	1	10	23	0	110	0	1	1	9	3	0	0	38	0	0	8	2	15	12	26	28	3	0	19	3	0	2	107	0	0	2	0	0	19	22	6	0	1	0	16	3	1	11	45	28	40	0	1	13	1	6	26	36	53	55	9	82	18	4	1	75	6	56	1	0	8	8	0	13	12	21	0	9	50	3	2	2	0	0	38	0	0	4	29	65	49	0	2	34	3	5	8	0	2	42	31	13	0	0	50	42	89	1	35	0	2	1	1	27	5	9	220	23	84	14	30	45	1	77	0	18	38	1	0	33	1	8	1	17	7	15	0	0	12	19	15	2	11	41	19	88	6	22	0	30	32	15	8	33	8	33	31	19	5	99	0	4	39	18	3	1	30	0	1	142	0	0	5	36	2	0	0	0	5	30	14	1	0	8	0	0	0	0	6	0	11	9	2	11	0	2	7	16	1	8	16	71	0	14	7	17	21	0	7	0	21	18	0	1	37	31	15	29	1	8	3	7	100	11	22	23	15	46	24	20	3	11	1	28	28	0	20	5	12	9	1	41	46	13	11	46	19	17	44	31	22	83	62	11	5	13	8	50	45	1	20	27	4	8	0	0	1	14	47	40	7	0	1	0	17	11	0	12	7	39	13	8	23	24	44	0	6	4	19	10	21	8	0	10	59	0	1	33	13	18	0	16	15	43	41	1	7	0	2	51	8	15	25	4	0	2	31	5	0	0	4	0	30	10	2	22	0	1	2	2	82	2	1	2	0	12	6	1	43	1	67	25	2	3	4	4	17	1
G[Ins(T):R3]A	0	1	0	0	1	0	0	0	1	2	0	0	0	0	3	2	1	0	3	1	0	0	0	0	0	0	0	7	0	0	0	3	0	0	0	0	0	0	2	0	1	0	2	0	0	1	0	1	0	0	0	1	1	1	1	1	1	2	0	1	0	2	0	1	0	0	0	0	0	1	1	1	1	0	0	2	2	3	0	0	0	0	1	3	1	2	0	0	1	0	0	1	1	0	0	1	0	0	1	5	0	0	0	1	0	1	3	1	3	0	1	1	1	0	1	1	0	1	0	1	1	0	1	0	1	1	0	0	7	1	0	0	3	0	0	0	1	0	2	0	0	2	0	3	0	2	1	0	0	3	2	4	1	0	2	3	2	1	0	1	1	1	0	2	1	4	0	1	0	0	0	1	1	0	1	0	0	1	2	0	1	1	0	0	0	6	1	7	1	0	0	0	1	0	0	2	0	0	0	0	2	1	1	0	1	0	1	2	1	0	1	1	3	0	0	2	1	2	10	0	2	1	0	1	0	1	0	1	1	2	0	3	0	0	1	1	1	8	0	2	0	1	0	0	1	2	0	0	0	4	0	0	2	2	1	0	2	0	2	2	12	1	0	0	0	0	0	2	1	1	0	0	1	0	0	1	7	0	1	0	1	1	0	0	1	0	1	0	0	5	1	0	0	0	1	4	2	0	1	1	0	0	4	2	0	0	3	0	0	1	0	0	2	0	0	0	2	0	1	0	0	1	3	1	0	1	0	1	1	0	0	0	1	1	6	1	3	2	0	0	0	3	2	0	4	1	1	0	1	13	0	3	1	2	2	0	1	0	1	0	0	1	2	2	0	1	0	2	0	0	2	1	0	4	1	0	0	0	4	0	1	3	3	1	2	1	1	6	1	0	0	1	0	1	0	0	0	16	0	0	1	3	1	1	0	0	0	3	3	0	1	2	1	0	0	0	3	1	2	0	0	0	0	2	1	3	0	3	2	5	1	1	0	2	2	0	1	0	0	1	0	0	0	1	1	3	1	1	0	1	5	1	4	3	1	1	0	1	2	0	0	1	1	0	0	2	0	1	0	8	1	0	0	0	1	2	2	2	2	1	2	1	0	0	3	1	2	1	1	3	1	0	0	2	0	1	2	3	0	0	0	1	0	0	0	0	1	2	3	0	1	3	5	0	2	0	1	0	2	0	0	0	3	0	0	0	4	2	1	1	1	0	3	0	1	1	0	5	0	2	0	1	1	0	0	0	0	0	0	0	1	0	0	2	0	0	0	0	6	0	0	1	0	0	0	0	0	0	2	1	0	0	1	0	2	0
G[Ins(T):R3]C	0	1	0	1	2	0	1	0	0	0	0	1	1	0	4	0	0	0	0	0	0	1	1	0	0	0	0	1	1	0	1	0	0	0	1	0	0	1	0	1	0	0	1	0	0	0	0	1	0	0	0	0	0	0	0	0	0	0	0	0	1	0	1	1	1	2	0	1	1	0	3	1	0	1	0	0	0	1	0	0	0	0	1	0	0	1	1	0	7	0	0	1	2	0	0	1	1	0	0	1	1	1	2	2	0	1	2	0	2	1	1	1	0	0	1	2	0	0	1	2	0	0	0	1	0	0	0	0	0	1	1	1	0	1	1	0	0	0	1	0	0	1	0	1	1	2	2	0	0	4	1	4	0	0	0	4	0	2	0	0	0	2	0	0	1	2	0	1	1	1	2	0	0	1	2	0	0	0	2	1	1	0	2	0	1	7	1	0	1	0	2	0	0	0	0	2	0	1	0	0	1	1	1	0	2	1	0	2	0	1	3	0	0	1	0	2	2	1	9	0	0	2	0	0	3	0	0	0	0	2	0	2	3	0	2	0	1	2	0	1	0	4	0	0	0	3	0	0	1	2	0	0	1	0	0	0	2	0	2	0	17	0	0	1	0	0	1	4	1	0	0	0	1	0	1	1	4	0	3	0	1	0	0	0	1	0	0	2	1	5	2	0	1	0	0	1	2	1	1	1	0	0	2	1	0	1	1	0	0	0	1	1	1	0	0	2	1	0	0	0	0	0	0	0	0	0	0	0	1	2	0	0	1	2	7	0	1	0	1	0	1	0	1	0	1	0	4	3	1	15	1	2	0	0	0	1	0	1	0	0	0	0	3	1	0	0	0	2	2	1	0	2	1	4	0	2	0	3	3	1	0	3	2	0	0	2	0	4	0	1	1	1	1	0	4	0	1	30	0	0	0	0	0	0	0	0	0	4	0	0	1	0	0	0	0	0	0	0	1	0	0	0	0	1	1	1	0	0	1	1	0	1	0	0	2	0	0	0	2	0	0	0	2	0	0	1	0	0	0	2	2	0	3	3	1	2	1	0	1	0	1	2	0	0	0	1	2	1	0	7	1	0	0	1	1	2	2	1	0	1	1	2	0	2	4	2	2	0	0	0	1	2	0	0	2	1	0	2	0	0	0	1	1	1	1	1	1	1	0	0	2	4	3	0	3	0	2	0	2	2	0	0	2	1	0	1	1	0	1	1	1	3	0	1	2	0	0	1	0	1	2	0	1	0	0	0	0	0	0	1	2	1	0	0	0	1	2	2	3	0	0	0	0	3	1	0	2	0	2	2	0	0	0	0	0	0
G[Ins(T):R3]G	4	14	0	0	24	0	6	3	9	19	1	15	0	0	22	4	1	0	15	7	1	4	0	0	7	0	12	37	0	0	0	9	0	0	5	0	0	3	9	6	9	10	12	1	19	10	1	1	15	4	2	4	3	11	2	16	8	9	5	10	4	3	17	7	11	5	0	13	10	7	6	8	5	5	4	28	12	8	2	1	1	6	7	5	2	24	7	13	17	1	2	10	42	0	5	24	0	0	4	12	0	0	36	12	2	6	32	0	48	5	13	2	1	0	2	2	9	2	6	17	2	1	12	27	16	7	7	0	32	11	0	0	11	1	2	6	0	7	1	0	0	0	1	10	3	5	1	1	0	8	2	38	3	0	9	13	1	18	17	13	1	5	1	22	1	9	0	9	0	0	2	20	1	2	1	1	0	8	19	0	11	21	5	1	3	21	5	71	1	1	10	4	4	2	0	1	0	1	0	8	0	5	0	3	7	1	7	4	0	9	13	2	4	4	1	19	5	0	18	0	20	14	3	1	4	22	0	0	11	12	1	5	7	1	8	8	0	86	0	2	0	5	1	0	1	23	0	0	4	1	6	3	13	14	4	1	16	1	2	0	45	1	0	0	0	1	9	14	6	0	2	0	8	2	1	6	16	14	21	0	2	2	2	1	10	22	18	25	12	33	13	1	0	41	7	22	0	0	5	2	0	3	14	18	0	5	22	3	0	1	0	1	19	1	0	3	9	28	19	1	1	15	0	4	6	0	2	11	23	2	0	0	22	24	29	1	18	0	1	2	1	10	3	7	119	17	28	5	17	23	2	22	3	9	25	0	0	13	0	8	1	7	2	5	1	0	15	9	10	0	8	15	13	48	6	16	1	9	15	5	8	28	5	16	17	14	5	31	2	2	10	10	6	2	17	0	2	76	0	0	6	17	4	0	0	1	2	21	8	1	0	3	1	0	0	1	3	0	4	4	1	6	0	2	1	8	0	9	11	44	1	17	4	8	9	0	4	0	10	2	0	2	16	18	11	20	3	8	1	2	51	6	15	13	5	21	11	10	2	5	0	10	10	0	7	3	11	10	1	18	16	5	6	21	17	7	13	15	20	35	29	4	2	2	6	14	19	0	16	22	2	7	4	1	0	8	19	25	3	0	0	1	6	6	2	6	6	14	8	3	10	4	14	1	3	7	13	4	14	10	0	7	22	0	2	10	3	18	0	14	7	21	20	0	3	0	2	35	2	10	9	1	0	2	12	5	0	1	3	0	14	14	1	9	0	3	2	0	45	1	0	0	2	8	5	0	12	2	37	14	3	1	2	3	7	0
G[Ins(T):R4]A	1	1	1	1	0	0	0	1	1	1	0	1	0	0	1	0	0	0	0	0	0	0	0	0	0	0	0	1	0	1	0	1	0	1	0	0	0	0	0	1	0	0	0	0	2	0	0	0	1	1	0	0	0	0	0	0	0	1	0	1	0	1	0	0	0	0	0	1	1	2	0	3	0	0	0	0	2	3	0	0	0	1	1	0	0	2	0	1	6	0	0	1	1	1	0	0	1	0	0	1	0	1	2	0	0	0	1	0	3	4	0	0	0	0	0	0	0	0	2	2	0	0	0	0	1	0	1	0	0	0	0	0	0	0	0	0	0	0	0	0	0	0	0	0	0	0	1	0	1	6	1	3	0	0	0	1	0	3	1	1	2	0	0	1	0	0	0	0	0	0	1	2	0	0	0	0	0	1	0	0	0	0	0	1	1	3	0	1	0	1	2	0	1	0	0	1	0	1	0	0	1	2	0	0	1	0	0	0	0	0	3	0	0	0	1	2	0	0	0	0	3	0	1	0	0	0	1	0	1	0	0	2	0	1	0	0	0	5	0	0	0	3	0	0	0	1	1	0	0	1	0	1	1	0	0	0	3	0	0	1	3	0	0	1	0	0	0	0	1	0	2	0	2	0	0	1	4	0	2	0	0	1	0	0	1	0	1	0	1	5	0	0	0	2	0	2	0	0	0	0	0	0	1	0	0	1	1	0	1	0	0	0	0	1	0	1	0	3	0	0	0	0	1	0	0	0	0	2	1	0	0	0	0	1	3	1	0	0	0	0	0	0	0	2	4	1	0	0	0	3	0	2	0	0	0	1	1	2	0	0	1	0	1	0	0	0	0	0	2	0	1	0	0	2	1	0	1	0	0	0	0	3	0	0	1	2	0	0	1	1	0	1	0	0	1	0	0	6	1	1	1	1	0	0	0	2	2	3	3	0	0	1	0	0	0	0	1	0	0	1	0	1	0	0	0	0	0	1	0	0	0	0	0	0	2	0	0	0	0	0	0	0	2	0	0	1	0	0	0	0	1	1	0	0	2	1	1	0	0	0	1	0	0	0	0	0	1	1	0	1	1	0	0	3	0	2	0	0	0	0	2	0	0	0	1	1	2	0	0	1	1	0	1	0	1	1	0	1	0	0	0	0	3	0	1	0	0	0	0	1	0	2	0	1	0	0	0	0	1	0	0	0	0	1	0	1	1	0	0	0	2	0	0	0	2	0	0	2	0	0	0	0	3	0	0	0	0	0	0	0	0	0	0	0	0	0	0	0	3	0	0	0	0	1	0	0	0	0	3	0	0	0	0	0	2	0
G[Ins(T):R4]C	1	0	0	1	1	0	0	0	0	3	0	1	0	0	2	0	2	0	2	0	0	0	0	0	0	0	0	0	1	0	0	0	0	0	0	0	0	0	0	1	1	1	0	0	1	0	1	0	2	0	0	0	0	0	0	1	0	0	0	0	1	0	0	0	0	1	0	0	0	1	0	0	0	1	0	1	0	0	0	0	0	0	1	0	0	1	0	0	9	0	1	1	2	1	2	1	0	0	0	1	0	0	1	0	0	0	0	0	6	0	0	0	0	0	2	0	0	0	0	1	0	0	0	2	0	2	0	0	3	0	0	0	0	0	0	0	0	0	1	0	0	0	0	0	0	1	0	0	0	5	0	0	1	0	0	2	0	0	0	0	0	0	0	0	1	2	0	0	0	0	0	0	0	0	2	0	0	0	0	0	0	0	0	0	0	1	1	1	0	0	0	0	0	0	0	1	0	0	0	0	0	1	0	0	0	1	0	0	1	0	6	0	0	1	0	2	1	0	4	0	1	0	0	1	0	1	1	0	0	0	0	0	0	0	0	0	0	5	0	0	0	2	1	0	0	1	0	0	1	1	0	0	0	1	1	0	1	1	1	0	7	0	0	0	0	0	0	3	0	0	0	0	1	0	0	0	0	1	1	0	0	0	0	0	0	1	1	0	0	2	1	0	0	0	0	0	0	0	0	2	0	0	0	1	0	0	0	0	0	0	1	0	0	0	0	0	0	2	1	0	0	3	0	0	1	0	0	3	0	0	0	0	1	2	2	1	1	0	0	0	0	1	0	2	1	0	0	1	0	4	0	2	0	0	0	0	0	0	0	0	0	0	2	0	0	0	0	0	0	0	0	1	0	1	0	1	0	1	1	0	1	3	0	0	0	1	0	2	0	0	2	0	0	0	1	0	1	19	1	0	0	1	0	0	0	0	0	0	2	1	0	0	0	0	0	0	1	0	0	1	0	0	2	1	0	0	0	0	0	0	0	0	0	1	1	0	1	0	0	0	0	1	0	0	1	0	0	0	0	0	4	0	1	0	1	1	0	0	0	0	0	0	0	0	0	0	0	0	0	1	1	1	0	0	0	1	1	0	0	1	0	0	0	0	3	1	1	0	1	0	0	0	1	1	2	0	1	1	2	0	1	0	0	1	0	0	0	2	1	1	0	0	0	0	2	0	0	0	3	0	0	1	1	0	1	0	3	0	0	0	0	1	1	0	4	0	0	3	2	0	0	1	0	0	0	0	0	0	1	0	0	0	0	1	0	0	1	0	3	0	0	0	0	1	0	0	1	0	1	0	0	0	1	0	1	0
G[Ins(T):R4]G	3	2	0	0	10	0	1	0	1	3	1	4	0	0	6	2	0	1	2	0	0	0	0	0	3	0	1	10	0	0	0	5	0	0	2	0	2	0	4	3	5	2	3	1	2	2	1	1	4	3	4	2	2	1	3	2	2	1	1	4	1	0	5	3	6	3	0	1	3	2	2	3	1	0	2	6	5	2	1	1	0	4	1	3	1	5	0	2	22	1	0	1	5	0	3	0	0	1	1	4	0	0	12	3	0	2	5	0	13	2	2	1	0	0	0	1	1	0	4	8	1	0	3	4	3	1	2	0	13	1	0	1	7	1	0	0	0	0	0	1	0	0	0	5	1	1	1	0	0	23	0	5	2	1	3	3	0	7	1	6	1	0	1	10	0	3	0	2	2	0	0	6	0	1	1	0	0	3	8	2	2	3	1	0	3	4	3	14	0	0	2	2	1	2	0	1	0	0	1	3	0	1	0	0	4	3	3	1	0	3	15	2	1	2	1	1	3	0	5	0	4	3	0	1	1	0	2	1	2	4	0	1	1	0	4	1	0	20	0	1	2	11	0	0	1	5	0	0	2	0	1	1	4	4	0	1	2	6	1	0	19	1	0	1	0	0	1	2	2	0	0	0	1	0	0	2	7	5	7	0	0	1	2	0	1	5	5	5	4	10	5	1	0	5	3	8	0	0	2	0	0	3	3	2	3	0	8	2	5	1	0	0	2	1	0	2	1	6	5	0	2	2	1	1	2	1	2	4	7	3	1	1	5	7	10	0	5	0	1	1	0	6	0	0	20	3	10	4	5	5	0	6	2	6	6	0	1	8	0	6	0	4	0	2	2	0	2	0	2	1	6	5	6	10	2	4	0	3	2	2	3	7	2	8	3	6	0	7	4	1	1	3	0	1	3	1	1	65	0	0	1	7	0	0	0	1	0	5	5	0	0	0	1	0	0	0	0	1	1	4	1	1	0	2	1	3	0	2	3	13	0	3	1	3	5	0	0	0	5	0	1	0	3	8	4	5	0	3	0	0	10	3	6	3	7	3	4	2	0	2	0	2	7	0	4	1	3	5	0	9	4	3	4	3	4	4	3	5	1	9	5	0	2	2	0	3	7	3	5	4	2	2	0	1	1	3	9	5	1	0	0	2	2	4	1	2	0	6	0	1	6	0	4	2	2	4	6	1	6	6	0	1	5	1	1	5	1	4	0	4	5	0	1	1	1	0	0	8	0	3	2	0	0	2	4	5	0	1	2	3	3	8	0	1	0	1	4	1	19	0	1	0	0	2	1	0	4	0	14	2	0	0	2	2	2	0
G[Ins(T):R5]A	0	0	0	1	2	0	3	0	1	2	2	0	0	0	4	1	2	0	0	1	0	1	1	0	1	0	3	1	0	2	1	2	0	0	0	0	0	1	1	2	2	0	1	1	1	1	3	2	0	0	2	0	2	1	0	0	0	1	1	1	2	0	4	0	1	6	1	1	3	4	1	0	1	1	1	0	1	2	2	1	3	2	1	2	2	1	1	0	31	0	0	5	3	0	1	1	1	0	0	5	0	0	0	0	1	1	0	2	6	2	0	1	0	0	1	3	1	1	0	2	2	0	1	0	2	0	0	0	2	1	0	0	6	0	1	0	0	1	1	1	0	0	0	5	1	2	1	1	3	27	0	4	0	1	1	2	1	2	2	1	1	0	0	1	0	1	0	0	0	1	0	3	2	0	1	0	0	0	1	2	1	0	0	1	1	6	1	2	1	2	0	1	1	0	1	1	0	0	0	1	0	0	3	0	1	0	0	0	1	0	15	1	4	0	0	1	3	1	5	0	0	0	0	3	0	3	0	0	1	0	1	3	0	1	3	0	0	2	0	2	0	8	2	2	1	1	0	0	0	0	4	3	1	0	0	0	1	3	0	2	5	1	1	0	1	1	1	1	2	0	0	0	2	2	3	1	1	2	5	0	0	0	3	0	1	1	1	0	0	3	1	2	0	1	0	3	1	3	0	2	0	2	3	1	0	0	0	0	1	0	0	1	0	1	1	1	3	2	1	1	0	2	0	1	1	0	0	0	0	2	0	0	0	4	2	1	1	1	0	1	0	3	0	1	4	2	0	0	0	3	1	0	1	1	0	0	1	1	0	0	2	1	2	2	0	0	1	1	0	2	2	3	0	3	1	2	0	0	6	0	0	2	1	1	0	1	0	5	1	2	0	3	0	0	0	1	1	53	0	3	0	1	0	1	0	1	1	2	2	1	1	0	0	1	0	0	0	0	2	2	0	5	1	1	0	0	0	3	1	4	0	3	1	0	0	0	0	0	1	2	0	1	3	1	2	1	1	2	0	0	2	1	2	0	0	0	3	2	1	1	0	1	2	0	2	0	2	1	0	3	0	5	1	2	2	2	2	0	0	3	3	0	0	0	0	1	0	1	0	1	1	0	1	3	2	3	1	3	1	0	0	0	0	0	0	1	0	0	1	1	0	0	1	1	3	1	0	0	1	1	0	1	2	0	1	2	1	2	1	0	0	0	1	1	1	0	1	0	2	1	0	0	0	2	1	0	0	0	0	1	1	2	0	2	0	0	1	0	2	0	0	0	1	0	0	0	0	0	4	1	0	0	0	0	0	0
G[Ins(T):R5]C	0	1	0	0	1	0	0	0	0	4	0	0	0	0	2	1	2	2	1	0	0	1	0	0	0	1	2	3	2	1	0	3	0	0	0	1	0	1	1	0	0	1	0	0	2	2	3	1	0	2	1	0	0	0	0	2	4	2	1	1	1	0	3	0	1	4	1	1	1	1	2	0	2	0	0	0	1	4	2	1	3	2	0	2	0	1	0	1	42	1	0	0	1	1	0	1	0	0	0	4	1	0	0	2	1	0	1	0	2	5	2	1	0	0	2	0	1	0	1	1	2	0	1	0	0	0	0	0	1	1	0	0	11	0	1	0	0	1	3	0	0	0	0	5	1	3	5	0	0	27	1	5	1	0	2	3	0	1	0	3	2	0	0	5	1	3	0	0	0	0	1	0	1	0	0	1	3	0	2	0	1	0	1	0	2	2	2	2	0	1	0	1	1	0	0	0	1	0	0	0	0	0	1	0	0	3	1	0	0	1	26	3	11	1	1	1	0	0	2	0	0	0	1	1	3	1	2	0	3	0	3	1	0	0	1	0	1	0	1	1	0	12	1	0	0	0	1	0	0	0	1	3	1	0	0	0	1	4	0	1	2	1	0	0	1	1	1	2	0	1	1	0	3	2	1	1	2	1	1	1	0	0	1	1	0	0	0	1	3	2	4	0	0	0	3	6	0	0	0	1	1	0	2	0	1	1	1	1	3	4	0	0	1	0	0	0	0	1	0	0	0	0	0	0	1	2	1	1	2	1	0	0	3	3	1	1	0	0	0	0	0	2	0	1	6	0	2	3	0	1	0	3	1	2	1	1	1	0	1	1	1	7	2	2	2	3	3	0	0	0	4	2	3	2	1	2	1	2	0	1	0	0	1	0	1	1	0	0	0	3	0	1	1	0	0	0	1	84	0	0	0	0	0	0	0	3	0	4	3	1	1	2	0	0	2	0	0	0	1	1	0	1	1	3	0	0	0	0	4	4	0	1	1	0	0	1	1	0	0	1	1	0	0	0	0	1	1	0	0	1	2	2	3	0	1	1	0	0	1	0	1	0	0	0	2	3	2	0	0	2	0	1	1	0	0	4	0	0	0	2	1	1	0	1	2	0	0	1	3	2	0	0	0	3	2	1	1	1	1	2	0	0	1	0	0	2	0	0	0	0	0	3	0	2	2	0	1	0	0	1	0	2	3	1	1	1	4	0	1	1	0	0	1	0	0	1	0	1	1	0	0	2	0	0	5	2	1	0	1	0	0	1	1	1	0	2	1	2	5	0	0	1	3	3	0	2	1	0	4	0	0	1	3	2	0	0
G[Ins(T):R5]G	2	0	1	0	6	0	2	1	1	2	0	2	0	0	7	0	0	1	6	0	0	0	0	0	5	3	0	14	0	0	0	1	0	0	1	0	0	0	3	4	0	2	2	1	3	1	0	0	5	1	2	2	1	8	0	0	7	5	5	2	1	0	9	1	5	2	0	3	4	5	4	5	1	2	3	7	3	4	2	1	1	2	4	3	3	11	0	4	54	1	1	4	6	1	7	4	0	0	0	6	1	0	4	2	0	1	4	1	17	0	2	0	1	1	6	4	5	0	2	5	0	0	4	4	3	1	1	1	3	1	1	4	6	0	1	0	0	1	1	0	1	0	1	6	4	3	1	1	2	50	0	10	2	0	3	6	2	5	7	6	2	2	0	6	1	5	1	6	1	0	1	4	2	1	4	0	0	2	2	1	4	3	0	2	1	7	3	17	0	1	0	1	3	1	1	0	0	2	0	3	1	1	0	2	2	2	5	6	0	4	44	2	3	2	0	3	1	1	5	2	4	1	2	0	2	6	0	0	3	2	0	2	1	1	1	1	1	17	0	1	1	13	1	1	2	5	0	0	1	0	2	1	2	2	0	1	4	11	1	1	16	1	0	1	2	0	4	6	5	1	0	0	6	1	1	0	5	3	5	0	0	0	1	1	2	4	7	4	8	8	9	0	1	9	4	7	2	2	1	5	0	0	3	5	3	2	5	1	5	1	3	2	5	0	2	5	2	10	6	0	0	4	0	0	1	0	1	7	6	1	0	1	6	5	8	0	8	0	0	1	1	5	2	1	15	2	6	3	2	5	0	3	3	5	6	3	2	7	0	3	2	3	0	3	0	5	3	2	0	0	3	6	1	5	1	3	0	5	4	0	4	9	1	4	2	3	1	5	2	3	4	3	1	1	1	2	1	133	0	0	2	6	2	2	0	1	0	4	3	1	1	0	0	0	0	0	5	2	0	1	0	1	2	0	1	7	1	1	6	10	0	2	0	0	1	0	1	0	8	2	0	0	5	2	5	8	3	2	2	3	10	4	5	3	4	5	4	2	1	2	2	3	3	1	5	1	3	1	0	4	6	4	3	1	3	11	5	2	9	9	6	3	0	1	1	5	7	1	1	6	1	2	1	1	2	8	6	8	4	0	0	1	2	4	1	4	2	5	2	1	5	2	3	5	0	4	5	0	3	4	0	5	4	3	2	0	4	3	0	2	4	4	7	1	2	1	1	8	1	1	5	3	0	1	8	3	0	1	0	1	3	4	1	5	0	3	1	1	15	1	0	2	0	7	1	1	1	0	9	3	0	0	1	1	2	0
G[Ins(T):R6]A	0	5	2	0	1	0	0	0	3	4	0	1	3	1	8	0	5	3	3	1	1	1	1	0	0	3	4	3	1	0	1	0	0	0	0	3	6	0	4	3	2	1	3	3	2	0	2	2	0	1	2	5	1	3	3	1	3	3	0	1	4	1	4	3	5	13	0	0	3	8	5	2	7	5	2	3	3	7	6	1	3	3	6	4	3	2	0	2	125	0	1	1	3	0	3	2	2	1	0	6	2	0	2	1	3	1	1	3	10	7	2	3	0	2	1	3	1	0	6	5	1	0	3	4	1	2	0	0	2	1	2	0	12	1	4	1	0	1	7	0	3	1	0	4	2	1	4	0	3	93	0	2	1	0	0	2	0	5	3	1	5	5	1	1	2	4	4	2	1	3	5	2	1	0	3	2	5	2	3	0	1	1	5	2	2	7	3	3	3	4	2	4	9	4	4	1	1	6	0	2	3	3	1	1	0	6	0	0	1	1	73	4	5	1	0	0	4	1	4	1	7	4	3	2	2	7	1	0	0	4	2	1	2	2	1	1	5	3	0	1	4	21	2	1	0	0	1	1	3	1	3	7	3	3	1	0	1	19	0	0	5	0	0	2	8	1	0	8	1	1	2	1	5	2	0	6	0	0	1	0	0	3	2	4	1	5	3	0	6	5	4	4	4	0	3	9	4	4	0	1	2	4	2	1	5	0	0	0	3	4	3	4	1	3	2	3	1	4	3	2	2	1	2	0	2	1	1	7	2	3	0	1	0	8	4	0	3	0	3	2	1	2	1	1	1	1	5	6	1	3	1	0	1	1	0	0	1	5	1	4	13	9	4	1	1	8	7	7	2	1	9	3	0	4	1	2	1	2	1	0	3	2	1	3	1	2	4	6	2	2	3	6	2	2	0	2	2	273	1	4	6	1	2	3	1	3	3	5	3	1	0	2	0	1	3	0	0	2	2	1	4	1	1	3	1	2	3	4	5	0	0	2	3	4	0	1	1	0	1	3	2	2	4	2	1	2	1	2	0	2	9	0	6	2	1	0	1	4	0	1	0	2	3	1	0	3	6	1	1	0	4	3	1	1	1	4	1	10	5	2	3	1	0	0	6	2	0	3	1	8	2	2	1	4	6	3	1	3	4	4	2	1	1	5	1	2	0	2	2	2	2	2	5	8	5	0	1	0	2	1	0	4	2	2	3	3	6	1	0	1	2	1	0	2	0	1	0	4	4	2	1	1	5	0	8	9	1	7	1	0	3	17	2	8	0	3	3	1	3	4	0	3	2	5	0	0	0	1	10	2	1	1	3	0	2	2
G[Ins(T):R6]C	2	2	6	0	3	0	5	0	2	4	1	6	0	3	10	4	2	7	1	0	1	2	5	0	3	5	7	2	0	6	2	8	0	1	1	1	4	2	4	5	8	0	9	4	5	1	8	4	3	8	4	6	3	3	2	4	5	3	2	5	4	2	12	2	4	17	2	0	2	3	4	1	3	9	5	10	7	12	9	3	7	5	3	7	6	7	0	3	178	1	2	3	6	0	3	2	1	1	4	6	3	2	0	2	2	2	2	3	5	7	2	5	1	3	1	8	3	3	7	4	9	0	3	9	1	5	0	2	0	2	0	4	27	1	0	1	0	7	16	1	1	0	0	4	2	8	7	1	4	124	2	7	0	0	2	0	3	5	2	4	5	9	2	2	2	3	0	5	2	3	4	5	4	3	9	2	3	2	6	2	4	1	6	5	5	10	9	4	3	3	3	2	3	6	1	2	2	4	4	5	2	2	2	2	1	4	0	6	2	2	127	4	13	6	1	2	5	0	9	0	5	3	3	5	3	3	5	2	2	4	5	4	1	1	2	2	8	3	2	5	4	28	4	3	1	4	2	2	3	1	5	8	5	6	2	3	3	50	4	4	8	2	2	4	6	0	3	10	5	2	2	0	7	8	5	8	4	1	6	0	1	0	5	7	2	4	2	0	7	6	10	8	5	2	12	21	3	5	3	2	4	1	3	4	13	1	4	7	9	12	1	3	1	4	4	4	2	5	4	2	2	4	4	2	3	1	9	5	5	5	0	1	3	10	4	4	5	1	3	6	3	1	2	1	3	1	1	8	5	8	1	2	6	3	3	0	2	8	2	3	13	14	7	4	2	11	5	4	3	0	12	5	1	5	5	6	1	2	2	1	3	1	5	2	4	3	2	7	6	3	2	10	2	4	0	3	1	472	7	8	3	5	2	2	3	9	3	4	7	4	2	8	1	5	3	1	3	3	6	0	5	4	5	7	3	2	0	10	12	2	3	8	1	2	0	2	2	1	2	6	0	4	2	0	3	1	6	2	4	1	7	3	6	2	5	2	2	9	4	2	0	4	0	3	0	5	19	3	0	2	3	8	4	4	3	8	2	4	5	3	2	5	2	3	12	2	2	6	3	7	1	1	6	14	11	7	5	2	1	9	0	1	4	5	2	1	1	5	8	2	2	4	4	14	6	3	2	0	3	1	1	2	5	5	4	3	6	3	1	1	3	0	4	4	2	3	3	4	14	4	2	7	3	2	14	8	2	1	6	7	10	9	1	6	2	9	13	5	5	3	1	3	7	5	1	4	2	0	21	4	1	1	5	0	1	2
G[Ins(T):R6]G	1	2	4	1	5	1	4	0	2	5	2	3	0	5	15	3	4	2	5	0	1	1	4	0	2	4	5	4	2	5	3	3	0	0	2	5	1	2	9	4	8	1	7	13	4	7	3	7	3	4	7	6	2	8	3	2	9	5	3	6	5	5	12	3	6	20	3	3	3	11	0	8	4	7	4	9	9	13	11	2	6	8	4	6	2	7	3	3	351	3	0	5	4	2	5	8	5	1	4	5	2	0	4	0	4	6	5	5	23	13	0	1	2	1	5	7	2	4	8	10	4	2	6	6	3	8	2	2	13	4	0	3	35	2	1	2	0	8	12	0	2	0	2	8	4	3	10	2	1	212	0	11	2	1	8	7	2	11	3	4	14	9	1	6	7	8	3	7	8	7	7	5	6	2	9	2	4	1	12	5	2	4	4	5	2	8	11	10	6	4	4	1	6	8	4	5	2	4	3	8	0	3	1	2	1	7	5	12	4	8	193	6	18	5	2	1	3	1	9	1	9	3	7	3	7	2	8	2	4	8	8	7	5	5	3	2	5	15	1	5	6	69	7	2	1	10	2	1	10	0	3	9	10	7	3	2	2	40	2	3	11	1	2	2	13	2	4	12	9	1	5	0	9	11	5	13	4	6	5	0	3	1	6	6	2	10	6	2	13	14	10	6	2	3	13	19	5	4	1	4	1	5	1	2	14	1	4	4	7	9	4	6	5	3	5	2	4	9	9	0	0	1	2	3	6	1	1	8	12	9	1	1	8	7	6	5	6	1	3	7	1	8	3	6	16	3	7	9	3	10	8	9	3	5	7	3	5	6	5	5	15	16	2	6	2	11	5	5	4	2	7	11	8	7	1	4	0	6	4	1	6	8	2	8	6	6	3	7	14	7	6	10	4	4	3	3	2	779	3	7	5	5	0	4	0	8	10	5	6	1	6	5	2	1	2	0	9	7	3	2	8	5	7	7	2	3	1	7	28	9	4	7	5	1	2	1	4	2	2	9	1	1	7	3	7	6	2	5	4	0	11	7	16	6	1	4	3	10	1	0	2	6	1	2	2	4	10	3	2	4	8	5	3	4	3	16	9	3	6	4	3	0	1	2	9	3	4	9	1	16	5	1	6	11	14	12	7	3	2	8	2	0	6	7	3	8	0	9	11	1	5	3	4	9	5	3	3	1	6	5	0	6	6	3	1	1	6	4	1	6	2	3	5	3	2	3	3	8	10	1	1	6	3	1	24	7	2	2	3	11	11	15	4	5	0	1	15	9	15	5	0	6	4	7	2	1	6	0	17	4	2	5	3	4	3	2
G[Ins(T):R7]A	1	3	2	1	3	0	2	0	2	1	0	1	0	3	2	1	4	1	1	0	0	2	2	0	0	0	0	1	3	4	3	4	1	0	2	3	0	1	3	4	5	0	5	5	4	3	5	3	1	1	4	5	3	3	2	0	11	1	4	3	5	2	11	3	6	10	3	0	5	3	1	3	2	6	4	6	1	3	5	2	4	7	3	7	4	5	2	2	213	0	2	1	2	2	6	3	6	2	4	3	0	1	2	6	2	1	2	1	6	8	2	2	0	4	1	9	0	2	10	5	5	0	2	3	2	1	0	3	2	2	1	3	32	2	0	2	0	8	12	1	4	2	0	11	2	7	4	1	0	139	3	11	0	3	3	2	3	7	3	5	8	7	0	3	5	4	0	4	8	7	4	3	1	1	5	1	1	1	7	3	2	0	2	10	1	6	1	3	2	5	3	3	6	8	3	1	2	1	1	6	1	4	0	3	0	1	6	4	0	0	119	3	8	4	3	4	7	2	2	0	5	1	6	1	5	2	3	1	6	5	8	1	2	5	1	1	3	2	2	7	2	50	3	1	3	5	1	1	0	1	5	6	7	6	0	1	3	39	2	4	7	1	1	4	6	2	3	10	5	0	0	1	8	5	1	6	3	1	3	0	2	0	11	4	1	2	4	4	6	8	7	1	6	3	11	10	5	5	1	1	3	2	2	2	13	2	4	0	14	5	5	2	1	1	4	7	3	3	5	2	3	4	2	2	3	0	1	9	7	2	0	1	3	11	2	3	1	3	1	3	2	3	1	4	3	2	5	6	3	0	4	2	4	2	1	3	2	7	3	2	20	8	4	2	2	6	4	1	3	1	3	10	5	4	2	5	2	2	2	1	4	4	2	3	2	3	2	4	7	4	2	4	0	1	0	2	3	421	6	8	4	2	4	1	6	10	5	10	9	6	4	3	3	0	4	1	3	1	2	1	8	4	5	8	0	1	4	5	14	2	2	8	5	3	0	0	2	1	0	4	1	2	2	1	8	1	3	2	1	1	9	2	2	2	3	3	1	2	1	1	2	4	3	1	1	4	8	3	1	1	2	3	4	2	3	17	2	2	3	2	1	0	1	1	7	3	0	4	0	10	1	0	2	6	6	8	3	0	4	5	1	3	6	2	3	2	0	1	6	2	3	2	5	9	6	5	2	3	2	1	0	4	12	5	4	3	8	3	1	0	0	0	3	5	3	2	0	10	6	0	2	5	3	1	7	7	1	9	2	3	4	10	0	10	0	4	5	0	6	4	0	3	3	7	2	2	1	0	8	2	1	1	2	1	3	2
G[Ins(T):R7]C	0	3	1	2	3	0	2	0	2	2	0	0	1	4	10	2	5	4	3	2	1	0	1	0	0	0	3	5	4	2	3	0	0	0	0	1	1	2	3	4	6	0	5	4	2	1	10	7	3	1	8	1	1	3	4	0	8	2	1	5	1	3	14	1	7	11	2	2	2	2	3	7	1	5	3	3	5	15	3	2	4	3	7	7	7	7	1	1	232	1	2	4	6	2	3	4	3	1	1	2	1	0	2	1	4	2	10	2	10	13	2	3	0	0	3	5	0	0	6	4	4	1	2	6	1	3	1	4	2	1	1	1	20	2	3	2	0	3	16	2	5	0	0	5	7	11	11	2	1	136	0	4	2	1	5	5	2	6	3	11	7	12	1	5	2	5	1	4	3	2	1	3	5	2	4	3	7	2	8	6	2	3	3	0	1	4	4	3	9	4	2	1	6	4	2	6	0	0	3	10	1	3	3	3	1	6	6	7	3	2	136	3	10	5	5	2	10	1	5	1	3	3	4	0	5	5	10	1	2	8	5	0	1	0	2	1	5	4	2	4	1	44	4	1	3	6	1	0	3	0	4	4	4	2	2	2	7	52	1	9	4	0	1	2	7	1	1	5	5	2	3	0	6	2	1	11	3	2	1	1	1	1	10	3	1	6	6	2	11	9	5	6	3	3	14	21	2	6	2	3	4	0	3	2	11	1	2	6	9	9	6	2	3	3	1	2	3	2	4	3	5	5	3	1	4	2	1	9	6	3	3	2	2	7	1	10	6	3	3	2	5	12	3	3	8	1	7	8	1	9	5	1	4	1	2	1	3	9	0	2	15	13	9	5	2	5	8	5	2	1	10	10	3	5	4	1	0	5	1	1	8	8	5	3	3	4	4	5	11	4	3	8	2	3	2	1	4	531	7	8	4	2	0	5	1	6	7	1	10	2	6	4	2	2	2	0	4	2	1	4	4	2	9	5	1	2	1	7	9	7	1	2	2	0	1	1	2	4	3	5	1	5	1	3	4	1	7	3	3	1	6	1	2	2	4	6	0	5	1	1	1	1	4	0	4	10	15	6	2	1	1	3	5	2	2	9	5	3	3	2	1	0	0	4	5	4	2	4	1	9	6	2	3	7	12	3	4	2	1	5	3	3	0	5	3	0	3	6	3	0	2	1	6	13	6	1	2	2	4	0	0	5	4	5	2	0	6	3	1	1	1	0	0	4	0	0	1	11	10	1	0	6	7	4	11	13	2	6	2	5	3	11	3	4	0	2	4	5	11	2	1	12	6	6	2	3	1	2	11	4	0	4	3	1	2	5
G[Ins(T):R7]G	3	4	6	0	3	0	3	0	3	6	1	4	0	5	7	1	5	1	3	0	0	0	1	0	1	3	9	3	10	3	6	5	0	2	2	3	3	4	5	3	3	1	12	6	5	3	14	6	4	5	7	6	4	5	2	3	14	2	1	4	5	3	14	6	7	26	4	3	2	4	7	8	5	3	4	2	4	11	8	2	8	5	4	6	6	23	2	5	417	3	4	4	8	2	6	3	4	0	3	7	2	1	3	4	4	5	4	4	10	18	0	1	1	3	2	14	4	0	8	11	3	0	6	4	3	3	1	1	8	2	1	6	29	1	7	1	1	5	9	0	3	0	1	7	6	12	7	4	2	210	1	13	3	1	6	3	1	11	7	7	13	12	1	12	6	10	1	3	2	13	8	6	1	1	7	3	4	3	10	4	6	5	10	7	4	14	9	14	3	2	3	5	5	11	4	4	3	8	2	6	0	2	2	5	3	5	6	3	3	2	205	5	15	9	4	2	5	1	6	3	7	6	9	4	3	4	6	2	4	11	4	1	3	7	3	3	10	7	4	4	4	90	9	0	4	7	4	4	1	0	8	6	9	4	3	1	5	67	3	9	17	1	0	5	15	3	1	9	4	3	3	2	14	5	3	8	5	2	4	0	0	2	11	7	2	10	1	1	9	15	3	6	6	8	17	25	3	3	1	4	3	4	5	2	7	2	2	3	11	14	6	3	2	5	3	7	1	11	5	3	3	1	8	2	2	1	4	10	8	7	4	1	7	25	4	4	8	1	5	8	2	11	2	2	14	3	6	6	4	9	6	4	5	4	3	2	6	15	5	3	21	16	4	7	4	7	5	5	3	1	4	13	5	6	7	5	2	6	1	3	5	3	3	6	6	7	5	5	6	8	3	12	7	7	2	3	7	838	4	7	8	3	7	2	3	11	4	3	11	5	6	5	1	2	1	0	3	6	4	1	6	6	10	3	2	6	5	5	13	5	1	1	5	6	3	1	4	0	1	7	1	1	7	4	5	3	6	5	1	1	4	5	6	4	5	4	2	13	2	1	1	8	2	1	7	6	16	4	1	1	6	10	6	6	7	12	7	9	7	5	5	2	0	0	6	6	5	7	1	7	2	0	3	6	13	7	5	1	2	7	1	4	1	7	3	0	0	7	3	2	1	3	4	9	3	7	3	5	8	2	0	6	8	10	4	6	6	9	0	3	5	3	4	3	1	2	1	8	8	4	4	5	7	3	14	15	4	3	7	8	10	7	0	3	0	5	13	13	22	2	1	3	6	9	1	3	3	0	17	5	2	5	1	2	2	5
G[Ins(T):R8]A	0	4	3	2	0	0	2	0	5	3	0	2	0	3	3	0	1	3	1	1	0	2	0	0	0	1	3	1	2	2	1	1	0	0	0	0	0	0	1	3	2	1	2	6	0	1	9	2	1	3	6	5	2	5	4	0	5	2	1	0	7	1	7	1	3	7	1	0	1	2	1	2	2	6	1	6	6	9	9	1	5	4	3	4	2	6	0	4	344	3	5	2	2	1	9	4	4	1	3	2	7	2	1	0	6	5	5	3	2	15	1	5	1	0	3	11	3	1	3	10	3	0	5	3	0	5	0	0	3	1	3	3	44	0	5	4	0	7	11	0	6	1	3	13	5	12	9	1	5	143	3	12	2	1	8	1	6	13	1	11	7	9	2	2	6	3	1	6	3	8	5	5	6	2	11	2	5	3	8	3	5	0	5	10	5	4	4	4	7	4	7	2	1	8	3	5	1	3	1	7	0	1	4	2	2	4	4	4	0	1	130	6	15	5	4	2	6	0	5	4	12	3	4	1	3	0	5	0	3	9	7	6	3	7	1	3	12	3	1	7	4	48	4	3	1	2	2	1	6	1	11	5	10	2	3	0	7	44	0	4	9	0	1	3	9	5	1	8	5	2	2	1	8	7	1	4	5	4	1	0	2	0	9	9	1	6	3	3	6	13	3	3	3	5	12	24	5	7	3	4	1	2	1	7	8	4	3	2	10	10	6	3	1	5	3	10	1	2	3	4	3	1	4	0	1	1	1	10	9	6	2	1	2	8	4	3	8	1	3	2	2	5	2	6	3	0	2	4	0	5	2	1	7	1	0	3	2	2	5	2	22	9	11	7	2	7	3	2	7	4	15	4	5	4	7	4	0	1	4	1	3	1	2	11	6	9	2	4	12	10	1	5	5	4	3	6	3	527	2	10	7	3	1	2	3	12	5	5	4	5	6	2	5	3	2	2	3	3	1	1	5	9	9	8	2	3	3	7	10	6	7	5	3	2	1	1	2	2	2	5	0	5	4	4	9	3	4	7	2	3	5	2	8	0	3	3	0	6	5	1	3	2	2	1	2	10	10	3	3	3	1	8	2	5	2	11	4	5	2	3	2	4	1	3	6	7	3	8	3	6	3	0	3	12	7	3	7	1	1	3	3	2	2	7	1	0	1	8	4	1	1	2	4	6	5	2	8	3	6	2	1	4	12	6	5	6	10	3	2	1	0	1	3	3	0	3	2	6	3	1	4	6	7	0	12	13	3	5	1	7	11	11	1	12	0	7	8	7	12	3	2	4	13	6	0	5	1	0	15	4	0	3	5	1	2	7
G[Ins(T):R8]C	0	3	2	0	4	0	1	0	1	0	1	0	0	1	5	0	2	2	0	0	0	2	1	0	0	1	3	1	2	2	3	0	0	0	1	3	0	2	2	5	4	1	5	5	1	1	8	1	2	4	3	7	6	9	2	0	4	2	3	3	4	4	10	2	10	18	0	1	2	1	0	2	3	10	4	8	5	4	4	4	6	4	3	5	10	7	1	2	297	1	2	9	8	4	2	3	6	1	2	2	4	1	3	2	4	0	9	7	7	13	2	5	0	1	4	8	1	1	3	4	3	0	1	2	3	2	0	2	0	0	1	3	25	3	3	2	0	1	14	0	4	2	1	7	3	9	17	0	2	142	1	8	2	2	2	2	1	5	3	7	9	6	0	3	5	4	1	3	6	7	5	5	3	3	6	2	3	5	5	3	2	0	3	11	1	7	8	3	2	7	2	3	5	15	5	1	2	2	2	10	2	2	5	2	0	4	3	9	3	1	152	3	15	5	7	2	10	1	2	4	6	3	9	3	2	7	6	2	2	6	7	2	3	6	2	1	8	4	2	5	4	48	7	2	3	4	1	0	5	2	7	5	1	3	1	1	7	43	4	3	6	2	1	4	8	0	1	9	7	4	0	3	8	2	4	4	4	0	3	0	2	0	11	9	2	7	9	2	8	11	5	3	2	4	12	23	4	9	1	2	4	3	2	3	8	4	3	0	17	13	6	5	5	6	6	10	2	6	6	5	6	1	2	1	2	1	1	7	9	5	2	3	4	20	3	7	3	3	2	3	1	8	5	2	3	3	3	7	1	8	0	3	8	3	1	2	6	7	1	3	28	16	5	4	1	9	6	4	2	1	10	5	2	3	7	5	0	5	2	0	4	6	1	4	3	8	4	5	8	6	3	5	5	1	2	5	2	570	5	17	5	3	3	3	3	10	7	6	4	1	3	8	3	2	4	1	8	5	2	4	10	4	11	7	3	4	4	8	10	5	3	4	6	5	1	3	2	2	1	3	1	1	4	1	9	1	3	3	4	0	4	1	8	1	5	3	1	6	2	2	1	5	2	0	4	8	9	4	1	3	5	12	7	0	4	9	2	9	3	2	0	0	1	3	5	2	3	3	2	11	0	1	2	10	12	8	3	2	0	11	3	3	7	5	1	2	1	6	4	3	1	2	4	12	4	1	1	5	8	1	0	2	6	5	2	2	7	6	2	4	2	2	1	5	1	2	2	6	8	1	2	10	3	2	4	18	3	7	2	6	5	8	1	8	1	2	7	13	7	2	1	5	3	8	0	0	2	0	11	2	1	1	1	4	2	5
G[Ins(T):R8]G	0	1	3	2	1	0	2	0	1	1	0	1	1	3	6	1	1	1	3	1	0	0	0	0	1	0	2	1	7	6	2	2	0	0	0	2	0	0	5	4	2	1	8	5	1	4	16	8	3	1	6	4	1	9	0	0	5	2	4	3	4	9	6	6	12	10	3	1	3	1	8	5	2	10	5	8	6	9	9	4	5	3	5	6	5	13	3	7	504	6	3	6	7	3	8	1	2	0	3	3	5	0	6	4	6	5	4	6	15	16	2	2	6	0	3	11	4	0	5	4	7	0	4	5	1	2	0	2	8	0	5	5	35	2	5	3	0	4	13	0	6	1	1	16	4	12	9	3	2	194	4	13	4	2	3	3	1	6	4	9	10	7	0	8	17	6	1	5	6	7	15	3	7	2	8	3	6	10	8	3	4	3	8	14	5	11	7	9	10	4	4	4	10	7	3	4	2	8	2	12	8	2	3	8	2	5	7	7	8	0	238	8	17	6	1	1	7	2	7	0	11	8	4	2	2	4	8	3	2	7	7	1	1	10	1	4	11	6	2	3	4	86	11	1	5	5	4	1	5	2	13	10	15	6	1	3	8	88	5	10	16	0	0	4	13	2	5	16	4	6	5	1	15	4	7	8	10	2	5	0	1	2	14	8	2	12	7	7	15	13	10	7	2	11	22	27	5	8	0	2	2	1	7	9	23	7	2	3	19	21	9	3	4	5	5	5	2	5	2	4	5	1	5	2	5	2	1	14	10	8	2	4	7	17	4	8	2	3	2	2	5	6	4	1	4	1	8	13	4	6	6	1	11	3	0	5	5	14	1	5	29	26	6	8	1	14	7	8	3	3	15	10	5	6	12	7	0	8	3	3	8	3	3	6	9	16	4	2	9	12	1	4	5	2	5	5	9	921	6	19	7	6	5	5	5	11	11	10	13	8	7	6	0	6	3	0	5	5	1	3	6	5	13	19	0	5	6	9	8	4	1	7	3	2	0	1	5	1	1	6	0	3	3	3	12	0	10	6	6	2	9	3	6	0	6	10	4	7	6	1	1	1	2	0	4	10	18	8	1	1	3	8	1	0	2	10	2	4	3	2	1	2	1	2	8	2	1	7	2	12	2	1	0	12	13	2	4	3	6	8	2	3	1	6	1	4	1	4	5	6	3	4	7	24	4	4	6	5	14	1	2	6	19	8	4	1	13	1	4	1	0	4	3	9	2	1	1	5	7	3	0	5	11	2	11	20	5	5	4	10	13	9	2	7	1	10	7	8	15	5	4	11	4	5	2	5	0	1	17	6	0	7	4	3	7	5
G[Ins(T):R(9,)]A	0	0	0	0	0	0	0	0	0	0	0	0	0	0	0	0	0	0	0	0	0	0	0	0	0	0	0	0	0	0	0	0	0	0	0	0	0	0	0	0	0	0	0	0	0	0	0	0	0	0	0	0	0	0	0	0	0	0	0	0	0	0	0	0	0	0	0	0	0	0	0	0	0	0	0	0	0	0	0	0	0	0	0	0	0	0	0	0	0	0	0	0	0	0	0	0	0	0	0	0	0	0	0	0	0	0	0	0	0	0	0	0	0	0	0	0	0	0	0	0	0	0	0	0	0	0	0	0	0	0	0	0	0	0	0	0	0	0	0	0	0	0	0	0	0	0	0	0	0	0	0	0	0	0	0	0	0	0	0	0	0	0	0	0	0	0	0	0	0	0	0	0	0	0	0	0	0	0	0	0	0	0	0	0	0	0	0	0	0	0	0	0	0	0	0	0	0	0	0	0	0	0	0	0	0	0	0	0	0	0	0	0	0	0	0	0	0	0	0	0	0	0	0	0	0	0	0	0	0	0	0	0	0	0	0	0	0	0	0	0	0	0	0	0	0	0	0	0	0	0	0	0	0	0	0	0	0	0	0	0	0	0	0	0	0	0	0	0	0	0	0	0	0	0	0	0	0	0	0	0	0	0	0	0	0	0	0	0	0	0	0	0	0	0	0	0	0	0	0	0	0	0	0	0	0	0	0	0	0	0	0	0	0	0	0	0	0	0	0	0	0	0	0	0	0	0	0	0	0	0	0	0	0	0	0	0	0	0	0	0	0	0	0	0	0	0	0	0	0	0	0	0	0	0	0	0	0	0	0	0	0	0	0	0	0	0	0	0	0	0	0	0	0	0	0	0	0	0	0	0	0	0	0	0	0	0	0	0	0	0	0	0	0	0	0	0	0	0	0	0	0	0	0	0	0	0	0	0	0	0	0	0	0	0	0	0	0	0	0	0	0	0	0	0	0	0	0	0	0	0	0	0	0	0	0	0	0	0	0	0	0	0	0	0	0	0	0	0	0	0	0	0	0	0	0	0	0	0	0	0	0	0	0	0	0	0	0	0	0	0	0	0	0	0	0	0	0	0	0	0	0	0	0	0	0	0	0	0	0	0	0	0	0	0	0	0	0	0	0	0	0	0	0	0	0	0	0	0	0	0	0	0	0	0	0	0	0	0	0	0	0	0	0	0	0	0	0	0	0	0	0	0	0	0	0	0	0	0	0	0	0	0	0	0	0	0	0	0	0	0	0	0	0	0	0	0	0	0	0	0	0	0	0	0	0	0	0	0	0	0	0	0	0	0	0	0
G[Ins(T):R(9,)]C	0	0	0	0	0	0	0	0	0	0	0	0	0	0	0	0	0	0	0	0	0	0	0	0	0	0	0	0	0	0	0	0	0	0	0	0	0	0	0	0	0	0	0	0	0	0	0	0	0	0	0	0	0	0	0	0	0	0	0	0	0	0	0	0	0	0	0	0	0	0	0	0	0	0	0	0	0	0	0	0	0	0	0	0	0	0	0	0	0	0	0	0	0	0	0	0	0	0	0	0	0	0	0	0	0	0	0	0	0	0	0	0	0	0	0	0	0	0	0	0	0	0	0	0	0	0	0	0	0	0	0	0	0	0	0	0	0	0	0	0	0	0	0	0	0	0	0	0	0	0	0	0	0	0	0	0	0	0	0	0	0	0	0	0	0	0	0	0	0	0	0	0	0	0	0	0	0	0	0	0	0	0	0	0	0	0	0	0	0	0	0	0	0	0	0	0	0	0	0	0	0	0	0	0	0	0	0	0	0	0	0	0	0	0	0	0	0	0	0	0	0	0	0	0	0	0	0	0	0	0	0	0	0	0	0	0	0	0	0	0	0	0	0	0	0	0	0	0	0	0	0	0	0	0	0	0	0	0	0	0	0	0	0	0	0	0	0	0	0	0	0	0	0	0	0	0	0	0	0	0	0	0	0	0	0	0	0	0	0	0	0	0	0	0	0	0	0	0	0	0	0	0	0	0	0	0	0	0	0	0	0	0	0	0	0	0	0	0	0	0	0	0	0	0	0	0	0	0	0	0	0	0	0	0	0	0	0	0	0	0	0	0	0	0	0	0	0	0	0	0	0	0	0	0	0	0	0	0	0	0	0	0	0	0	0	0	0	0	0	0	0	0	0	0	0	0	0	0	0	0	0	0	0	0	0	0	0	0	0	0	0	0	0	0	0	0	0	0	0	0	0	0	0	0	0	0	0	0	0	0	0	0	0	0	0	0	0	0	0	0	0	0	0	0	0	0	0	0	0	0	0	0	0	0	0	0	0	0	0	0	0	0	0	0	0	0	0	0	0	0	0	0	0	0	0	0	0	0	0	0	0	0	0	0	0	0	0	0	0	0	0	0	0	0	0	0	0	0	0	0	0	0	0	0	0	0	0	0	0	0	0	0	0	0	0	0	0	0	0	0	0	0	0	0	0	0	0	0	0	0	0	0	0	0	0	0	0	0	0	0	0	0	0	0	0	0	0	0	0	0	0	0	0	0	0	0	0	0	0	0	0	0	0	0	0	0	0	0	0	0	0	0	0	0	0	0	0	0	0	0	0	0	0	0	0	0	0	0	0	0	0	0	0	0	0	0
G[Ins(T):R(9,)]G	0	0	0	0	0	0	0	0	0	0	0	0	0	0	0	0	0	0	0	0	0	0	0	0	0	0	0	0	0	0	0	0	0	0	0	0	0	0	0	0	0	0	0	0	0	0	0	0	0	0	0	0	0	0	0	0	0	0	0	0	0	0	0	0	0	0	0	0	0	0	0	0	0	0	0	0	0	0	0	0	0	0	0	0	0	0	0	0	0	0	0	0	0	0	0	0	0	0	0	0	0	0	0	0	0	0	0	0	0	0	0	0	0	0	0	0	0	0	0	0	0	0	0	0	0	0	0	0	0	0	0	0	0	0	0	0	0	0	0	0	0	0	0	0	0	0	0	0	0	0	0	0	0	0	0	0	0	0	0	0	0	0	0	0	0	0	0	0	0	0	0	0	0	0	0	0	0	0	0	0	0	0	0	0	0	0	0	0	0	0	0	0	0	0	0	0	0	0	0	0	0	0	0	0	0	0	0	0	0	0	0	0	0	0	0	0	0	0	0	0	0	0	0	0	0	0	0	0	0	0	0	0	0	0	0	0	0	0	0	0	0	0	0	0	0	0	0	0	0	0	0	0	0	0	0	0	0	0	0	0	0	0	0	0	0	0	0	0	0	0	0	0	0	0	0	0	0	0	0	0	0	0	0	0	0	0	0	0	0	0	0	0	0	0	0	0	0	0	0	0	0	0	0	0	0	0	0	0	0	0	0	0	0	0	0	0	0	0	0	0	0	0	0	0	0	0	0	0	0	0	0	0	0	0	0	0	0	0	0	0	0	0	0	0	0	0	0	0	0	0	0	0	0	0	0	0	0	0	0	0	0	0	0	0	0	0	0	0	0	0	0	0	0	0	0	0	0	0	0	0	0	0	0	0	0	0	0	0	0	0	0	0	0	0	0	0	0	0	0	0	0	0	0	0	0	0	0	0	0	0	0	0	0	0	0	0	0	0	0	0	0	0	0	0	0	0	0	0	0	0	0	0	0	0	0	0	0	0	0	0	0	0	0	0	0	0	0	0	0	0	0	0	0	0	0	0	0	0	0	0	0	0	0	0	0	0	0	0	0	0	0	0	0	0	0	0	0	0	0	0	0	0	0	0	0	0	0	0	0	0	0	0	0	0	0	0	0	0	0	0	0	0	0	0	0	0	0	0	0	0	0	0	0	0	0	0	0	0	0	0	0	0	0	0	0	0	0	0	0	0	0	0	0	0	0	0	0	0	0	0	0	0	0	0	0	0	0	0	0	0	0	0	0	0	0	0	0	0	0	0	0	0	0	0	0	0	0	0	0	0	0	0	0	0	0	0
Del2:U1:R1	1	11	0	1	8	0	5	1	10	17	4	10	2	2	20	5	9	2	12	1	2	12	1	0	14	3	19	20	2	1	2	11	0	2	7	2	2	4	3	6	2	7	5	2	19	7	7	4	7	4	4	5	2	5	5	8	2	5	4	7	1	6	10	8	11	5	1	4	6	3	8	8	2	2	8	14	8	8	5	3	1	7	5	2	3	15	6	9	28	2	4	4	19	3	7	3	2	2	3	5	1	3	13	8	5	9	17	2	31	4	7	5	3	3	6	6	2	2	6	19	3	1	8	8	7	9	7	2	12	7	2	2	9	4	11	7	1	4	2	2	3	1	2	9	6	14	15	6	0	22	5	18	1	6	8	9	1	27	6	4	6	4	1	10	1	3	1	7	11	4	3	10	2	10	4	0	5	13	19	1	5	6	5	7	6	8	8	36	3	2	6	5	9	7	7	5	2	3	3	4	5	8	3	4	6	3	6	5	2	6	9	8	3	10	3	10	3	1	8	2	12	3	8	4	7	16	2	0	3	13	1	5	6	3	9	5	3	22	3	3	7	8	8	0	2	9	1	3	7	7	5	3	11	15	2	1	6	4	4	10	18	4	1	3	2	3	5	6	4	2	2	0	5	4	2	4	10	13	16	0	1	3	9	3	6	10	12	5	7	18	13	1	3	13	7	18	6	4	6	5	6	8	5	12	4	5	6	0	3	4	3	3	8	6	3	2	9	18	9	3	4	27	3	0	4	12	4	12	9	8	2	5	17	14	18	5	3	1	2	5	5	7	5	6	32	8	18	2	8	6	0	13	3	9	14	2	3	12	2	4	5	4	5	7	5	6	4	7	6	1	15	9	8	28	4	7	3	9	9	5	0	13	7	6	6	8	6	17	4	4	10	5	1	4	9	5	7	53	3	4	8	8	4	4	1	4	4	24	5	2	3	3	5	2	0	2	4	1	3	7	3	3	5	6	2	29	2	1	5	13	2	4	5	7	8	1	4	3	10	9	4	5	6	5	4	11	5	5	0	5	23	2	24	9	8	8	6	5	5	4	3	9	4	0	9	6	8	6	3	8	21	3	2	13	6	20	15	9	12	9	11	5	0	9	2	14	16	4	6	8	5	4	1	1	3	10	11	12	6	1	4	8	6	12	4	1	3	13	3	3	7	19	11	4	3	3	9	2	8	4	0	3	118	1	3	3	1	6	1	4	4	9	13	4	3	1	8	3	11	10	3	2	1	2	9	8	1	1	3	1	9	14	2	10	1	2	9	4	18	1	0	2	5	7	4	4	4	2	14	6	6	1	3	0	2	3
Del3:U1:R1	0	1	1	1	1	0	1	1	1	2	0	1	0	0	8	0	2	0	1	2	0	1	1	0	0	1	1	3	0	1	1	0	0	0	2	1	1	1	0	1	1	0	4	2	2	2	1	0	2	2	1	1	1	2	1	0	0	1	2	4	0	3	0	2	2	1	0	2	0	4	0	0	1	0	2	2	0	1	2	0	1	0	0	1	3	2	1	4	34	0	1	1	2	1	1	1	0	1	1	1	1	1	1	1	1	3	1	0	3	0	5	1	0	1	0	3	0	0	0	5	2	1	0	1	0	0	1	0	1	1	0	0	4	1	0	1	0	1	2	0	3	3	0	0	1	4	7	3	1	10	1	3	1	1	1	2	0	7	2	5	1	0	1	1	1	1	0	1	2	1	1	1	2	0	1	0	0	0	0	0	3	3	2	0	4	6	1	2	2	2	3	2	0	0	1	2	1	0	0	1	2	0	0	1	2	1	1	1	0	1	4	1	1	0	1	0	1	2	2	1	2	8	2	2	2	0	0	0	2	3	1	2	1	1	0	2	2	4	0	1	1	4	4	0	0	1	0	0	0	1	2	1	4	1	0	0	0	1	2	2	4	0	0	1	2	2	1	6	3	1	1	0	1	1	1	0	2	3	3	0	2	0	1	1	0	2	2	0	5	2	2	2	2	2	0	1	2	1	2	1	1	2	0	3	0	0	1	0	0	1	2	1	0	1	1	1	0	1	1	0	0	4	0	0	1	1	0	2	7	6	0	0	2	2	5	0	1	0	1	2	1	3	3	2	2	0	1	1	1	1	1	3	3	3	2	1	0	3	3	0	2	2	0	1	3	2	0	0	4	1	2	2	2	3	0	3	0	4	2	0	4	2	4	2	2	1	1	5	0	0	0	3	0	3	1	0	2	34	1	1	2	0	1	0	1	1	4	2	2	1	1	2	0	0	1	1	2	1	2	1	1	2	0	3	0	5	2	1	1	4	0	2	2	2	1	1	0	0	2	1	1	0	1	1	1	1	1	1	1	0	1	0	5	0	2	2	3	0	3	0	0	2	2	0	1	0	3	0	0	4	4	1	1	3	1	4	2	0	2	1	1	0	1	1	0	2	2	1	0	2	1	2	0	3	0	0	3	3	0	1	0	3	0	1	2	1	2	2	4	1	0	4	1	0	1	0	3	1	1	2	0	1	4	1	0	3	1	0	0	1	2	2	3	0	0	0	1	0	0	2	0	1	2	0	0	4	2	1	0	3	0	3	0	1	0	1	1	0	2	1	1	0	0	2	0	0	1	0	1	1	1	1	1	1	1	0
Del4:U1:R1	2	2	0	0	0	0	0	0	0	0	0	1	0	0	2	2	0	0	1	1	0	2	0	0	0	0	0	0	0	1	1	0	2	0	2	0	1	0	0	1	0	2	2	2	1	1	2	1	1	1	1	0	1	9	1	0	2	2	2	2	2	0	0	3	1	3	0	0	0	1	0	1	2	1	1	0	1	2	0	0	0	1	1	0	4	2	0	2	17	1	0	1	6	0	0	0	1	1	0	2	0	1	1	0	1	2	2	0	6	3	2	4	1	1	3	0	2	0	1	3	0	0	2	1	1	1	0	0	0	0	0	1	0	5	1	1	0	3	1	1	1	0	0	0	0	6	3	0	1	8	1	4	3	1	3	3	0	4	0	2	3	1	2	1	1	1	0	2	2	1	1	2	0	2	1	0	1	0	0	0	3	0	1	1	5	1	0	5	0	0	2	0	2	1	5	0	0	1	0	1	1	2	0	0	2	0	0	2	1	3	3	1	0	0	0	1	0	0	1	0	2	3	5	2	0	0	0	0	0	1	2	0	1	0	2	2	1	1	0	1	1	1	3	0	0	1	0	0	0	2	2	0	0	2	0	0	1	0	0	2	3	1	0	3	2	1	2	0	2	2	1	1	1	1	1	0	1	2	0	1	0	2	1	2	2	0	2	1	1	2	0	0	4	0	3	2	2	2	0	3	0	0	2	1	1	0	1	0	0	3	2	0	0	0	1	1	0	1	1	0	1	10	0	0	0	3	0	2	2	4	2	0	0	1	5	4	2	0	1	1	0	2	2	2	1	0	2	1	1	1	2	0	1	3	3	0	1	1	0	0	1	0	1	1	1	0	3	1	2	0	3	2	1	2	2	2	0	0	0	2	1	7	3	2	0	4	2	0	1	2	2	2	1	1	4	0	0	11	1	1	4	2	0	4	0	0	3	2	6	0	0	2	2	1	0	0	2	1	3	0	1	3	0	1	2	2	1	2	1	3	0	1	2	1	0	1	1	0	1	0	0	0	1	2	0	1	2	1	1	2	4	0	12	0	1	0	2	1	2	1	0	2	0	1	0	1	2	1	0	1	0	1	0	0	1	2	0	0	2	0	1	3	1	1	1	2	1	0	0	3	1	0	1	2	0	2	1	0	3	0	0	3	2	1	1	1	0	0	1	1	2	7	0	1	1	1	0	0	2	0	0	0	12	2	0	2	1	1	1	0	1	0	2	1	3	1	2	2	3	0	1	3	0	0	3	3	1	0	0	2	1	2	0	1	1	1	4	3	4	0	1	1	2	0	0	1	0	2	1	4	1	2	0	1	0	1
Del5:U1:R1	0	2	0	0	1	0	0	0	1	1	0	1	0	0	0	1	0	0	2	1	0	1	0	0	0	1	1	1	1	2	1	1	0	0	0	0	1	0	0	1	1	1	0	1	2	1	1	1	2	0	5	2	0	3	0	1	1	1	1	1	0	0	0	3	1	0	0	2	0	1	1	1	1	2	1	0	1	4	0	0	0	0	1	0	1	0	0	0	4	0	1	0	1	0	1	1	0	1	0	1	0	1	1	0	3	0	0	0	1	2	0	0	1	0	4	1	0	1	5	4	0	1	1	6	1	4	3	1	0	0	0	0	2	4	1	0	0	1	0	0	1	0	2	5	0	2	3	0	1	1	4	2	0	0	1	0	1	5	1	2	2	0	0	0	1	1	1	1	2	3	2	1	1	3	0	0	1	0	0	1	1	0	0	0	0	2	2	3	0	0	1	0	1	1	1	0	0	1	0	5	0	0	2	0	1	0	1	0	1	1	0	0	0	0	0	2	1	0	1	1	2	2	3	4	1	0	0	0	0	1	1	2	1	1	1	0	0	0	0	0	1	3	2	0	0	0	0	1	2	2	2	0	0	1	1	2	3	1	0	1	2	2	1	0	1	1	4	3	1	3	1	0	1	0	1	2	2	1	2	0	0	1	1	0	2	1	0	0	1	2	1	0	1	3	0	1	2	0	0	1	0	1	2	2	0	1	1	0	0	0	0	0	1	1	0	1	1	0	2	0	0	4	0	1	4	1	0	2	1	2	0	3	1	0	6	0	0	1	1	1	1	0	2	0	1	1	2	1	0	3	0	0	3	1	7	0	1	1	0	0	0	0	3	2	1	1	1	0	2	1	3	5	0	4	1	2	0	2	2	1	0	0	3	1	0	3	2	1	1	1	1	2	2	1	3	1	0	4	1	1	2	2	1	1	0	2	1	4	3	0	1	1	2	1	2	0	0	1	0	0	2	0	0	1	1	1	1	1	1	3	0	0	5	0	1	0	1	2	2	0	1	0	0	0	3	1	2	1	1	0	3	0	2	1	2	1	0	4	3	3	0	0	1	0	0	1	3	0	0	1	1	0	1	2	2	7	4	5	1	1	4	0	2	2	0	2	1	0	0	1	1	1	0	0	1	6	1	2	0	0	0	3	0	2	0	0	0	0	0	0	1	7	1	1	0	0	0	2	1	2	0	0	4	1	0	1	1	3	5	2	0	1	2	1	1	3	2	1	2	0	4	1	3	0	1	0	0	0	0	0	1	1	0	1	0	2	2	0	3	0	0	0	0	1	0	0	1	0	3	2	0	0	0	0	3	1
Del6:U1:R1	0	0	0	0	1	0	0	0	0	1	0	0	1	0	1	0	0	0	0	0	0	0	0	0	0	0	1	0	0	1	0	0	0	0	0	0	0	0	0	0	1	0	0	2	0	0	2	1	0	1	0	0	0	2	0	0	0	2	1	0	0	1	1	1	1	0	0	1	0	0	0	1	0	1	1	0	1	0	0	0	1	0	1	0	0	3	0	1	0	0	2	0	0	0	0	2	0	0	1	2	0	0	0	0	1	0	0	1	0	0	0	0	1	0	4	1	3	0	1	3	1	1	3	6	0	3	2	1	0	1	1	1	1	4	4	0	0	2	0	2	1	0	0	0	0	1	3	1	1	0	1	2	1	0	2	1	0	3	1	1	1	0	0	0	2	0	0	2	0	2	0	0	0	2	0	0	0	0	1	0	0	1	0	3	1	5	1	1	0	2	2	0	0	1	0	0	0	0	0	2	0	0	1	2	2	0	2	0	1	0	0	0	0	1	1	2	1	0	2	1	0	1	4	0	1	0	2	1	1	4	0	0	3	3	1	1	1	1	0	1	1	0	2	0	0	1	0	0	0	2	0	0	1	3	1	2	3	0	1	2	0	2	0	0	1	0	2	0	0	1	0	0	1	3	1	0	1	1	2	1	1	1	0	0	1	3	0	0	0	3	1	0	1	2	1	3	1	0	1	4	2	2	2	2	0	0	3	1	0	1	1	0	3	2	0	1	1	0	0	0	0	9	0	1	2	0	2	2	1	7	1	1	3	0	6	2	3	0	0	1	0	1	0	0	1	0	2	1	0	0	1	1	2	0	3	0	1	2	0	0	3	0	0	4	2	1	1	3	3	2	2	0	1	2	1	0	0	0	3	1	1	1	4	1	0	1	1	6	2	0	2	1	0	1	1	2	1	3	0	1	1	1	3	0	1	0	2	3	1	0	0	1	0	0	2	2	0	2	1	2	2	0	1	0	0	0	1	1	0	5	0	0	2	0	1	3	0	1	0	2	1	1	0	0	0	2	0	1	1	0	2	2	5	2	4	2	0	0	1	0	0	2	0	0	0	2	1	0	1	3	1	0	1	0	0	1	1	2	1	1	3	1	1	3	1	1	2	0	2	1	0	2	0	1	1	1	2	2	0	0	0	1	3	0	2	0	0	0	2	1	1	6	2	1	2	0	0	0	1	0	0	0	5	0	0	0	0	3	2	1	0	2	1	1	1	0	1	0	1	0	2	1	0	0	3	1	0	0	1	0	2	1	1	1	0	0	2	1	2	0	0	0	1	0	0	1	0	0	0	1	0	1	1	0	2	1
Del7:U1:R1	0	1	1	0	1	0	0	0	1	0	1	3	0	0	1	0	0	1	0	0	0	0	0	0	0	0	0	2	0	0	0	1	0	0	1	0	0	2	0	0	3	0	0	0	1	2	0	0	0	0	0	0	0	4	0	2	1	0	2	1	0	0	0	1	0	1	0	0	0	0	1	0	1	0	0	1	0	2	1	0	0	0	0	0	0	0	1	0	1	0	1	0	2	0	0	0	2	1	0	1	0	0	1	1	0	2	0	0	0	0	0	1	1	0	4	2	2	0	0	6	0	0	1	1	3	1	0	1	1	1	1	0	1	5	2	1	0	0	0	1	1	2	2	1	1	3	7	1	0	1	4	1	0	3	0	1	0	6	1	1	1	0	1	5	0	1	1	1	0	1	2	0	0	2	0	0	0	0	1	0	1	2	0	1	1	1	0	1	1	0	1	1	1	0	0	0	1	0	0	1	0	0	0	0	0	0	0	2	0	0	0	0	0	0	0	0	2	0	1	0	0	4	1	3	2	2	2	1	1	1	2	1	0	1	2	0	0	0	1	0	0	0	2	0	0	1	1	0	0	2	3	1	1	1	0	3	0	0	1	2	1	1	0	0	3	0	1	2	1	1	0	0	0	1	3	1	1	2	0	0	2	0	0	1	1	0	0	1	1	0	1	0	0	2	0	2	3	1	0	6	0	0	2	0	0	0	1	1	2	0	0	1	0	0	0	0	0	1	1	0	1	8	0	0	1	0	2	0	4	4	0	2	2	1	11	0	3	0	1	2	1	2	1	0	1	2	0	2	0	1	1	1	2	1	3	2	0	1	3	0	0	0	1	1	1	0	3	0	1	4	3	1	0	2	1	3	0	0	2	0	4	4	3	2	0	3	1	1	0	1	0	1	1	0	1	0	3	3	0	0	0	3	0	0	1	1	0	2	2	0	0	1	0	0	1	0	1	0	0	2	2	1	0	0	0	1	1	2	1	2	0	0	1	1	0	1	0	1	0	1	0	0	0	0	0	0	0	2	0	3	1	1	5	1	0	3	1	2	2	1	0	2	1	0	0	0	2	1	0	4	0	2	2	1	0	4	0	2	0	2	0	5	1	2	2	0	0	1	1	0	1	2	0	0	0	3	0	0	0	0	0	2	0	0	0	0	0	1	1	2	0	4	1	0	0	0	0	1	3	0	0	0	3	1	0	0	0	2	4	0	0	0	2	1	1	3	0	0	1	1	0	1	0	0	2	0	0	0	2	1	0	1	0	1	0	2	2	0	2	0	1	0	0	1	0	0	1	0	0	0	1	1	0	0	1	0
Del8:U1:R1	0	0	1	0	0	0	0	0	0	0	0	0	0	0	1	1	0	2	0	0	0	1	0	0	0	0	0	1	0	0	0	1	0	0	0	0	1	1	0	3	1	0	0	2	1	0	2	0	0	1	0	2	0	2	1	0	1	2	0	1	0	0	1	1	0	0	0	0	0	1	1	0	0	2	0	2	2	1	0	0	0	0	0	0	0	2	1	0	4	1	1	0	0	1	0	0	1	0	0	1	1	1	2	0	1	1	1	0	1	1	0	0	2	0	0	0	1	0	1	0	0	0	0	3	1	0	2	2	1	1	0	0	1	4	3	0	0	1	0	1	1	0	0	1	1	0	4	1	0	1	3	1	0	2	1	1	1	0	0	2	1	0	1	2	1	0	0	0	1	1	0	0	0	2	0	0	1	1	1	0	0	0	0	0	0	1	0	1	0	1	1	3	0	1	0	0	0	0	0	0	0	2	1	0	0	0	0	1	0	0	0	1	0	1	0	0	2	0	0	0	1	3	1	3	1	1	0	0	2	0	0	0	0	0	1	1	0	2	0	0	1	0	1	0	1	1	0	0	0	1	1	1	0	0	1	1	2	0	0	1	0	1	0	0	1	2	1	2	1	1	0	0	1	1	0	1	3	0	1	0	0	1	0	0	0	1	0	2	2	1	0	1	0	0	0	0	0	1	1	1	1	2	1	0	0	0	1	1	0	0	0	2	2	1	1	1	0	0	0	0	1	11	0	1	0	2	1	2	0	5	0	2	1	2	5	1	0	1	0	0	1	1	2	2	0	1	0	1	0	4	1	1	1	1	6	2	0	3	0	1	2	1	0	0	0	0	0	0	0	2	1	1	0	2	2	1	0	1	1	1	0	3	0	2	1	1	0	3	1	0	1	1	0	1	0	1	0	2	0	1	0	0	0	0	0	0	2	1	3	0	0	2	1	1	0	0	1	0	0	0	1	0	0	0	0	1	1	1	1	1	0	0	2	1	0	0	0	2	0	1	0	0	1	0	2	0	0	1	0	0	2	0	0	0	1	2	0	1	1	1	2	1	0	0	2	1	1	2	1	1	0	0	1	0	0	3	1	4	3	2	3	0	0	2	0	1	2	0	0	1	1	0	1	0	0	2	3	2	1	0	1	1	0	0	0	1	0	1	3	0	0	2	1	0	1	1	0	0	0	0	0	1	3	0	1	2	0	0	1	0	0	2	1	2	1	2	0	2	0	0	0	0	1	0	2	0	0	0	1	0	1	1	1	0	0	2	1	0	0	0	0	1	0	2	0	0	0	2	0	0	0	0	1	0	1	0
Del9:U1:R1	0	1	1	0	2	0	1	0	0	0	0	0	0	0	2	1	0	0	1	0	0	0	1	0	0	0	0	0	0	1	0	0	0	1	0	0	0	0	0	0	1	0	0	1	0	1	4	0	2	0	0	2	0	2	0	2	1	0	0	0	1	0	1	0	1	0	0	0	1	0	0	0	0	1	0	1	0	0	0	1	0	0	0	1	1	0	0	0	0	0	0	0	1	0	0	3	1	2	0	0	0	0	0	1	2	0	1	0	2	1	0	0	1	0	2	0	1	0	1	2	0	0	1	4	0	0	3	0	3	0	0	1	1	4	1	0	0	1	0	1	1	0	0	1	0	2	5	0	0	0	1	2	0	0	0	1	1	1	1	1	0	0	2	1	0	2	0	1	1	2	0	2	0	2	1	0	1	0	3	0	1	3	0	1	0	3	1	3	0	1	0	0	1	0	0	0	0	0	0	0	1	1	0	0	0	1	1	1	0	0	1	0	0	0	0	1	2	0	0	1	2	4	0	0	0	1	0	0	0	3	0	0	3	1	2	1	0	1	0	0	2	0	2	0	0	1	0	1	0	0	1	0	0	1	0	0	1	0	0	0	1	2	0	0	0	0	2	3	1	0	0	0	0	2	2	0	2	0	2	0	0	0	0	0	1	1	0	1	2	1	0	0	1	0	0	1	0	1	1	0	0	0	1	0	0	1	0	0	0	0	0	0	0	1	0	0	0	0	0	0	1	3	0	0	2	1	1	2	2	6	0	1	1	0	2	0	1	3	0	0	1	1	1	0	0	0	1	2	0	0	1	1	0	0	0	1	0	1	0	0	1	1	0	0	2	0	1	1	1	1	2	0	0	1	1	0	1	0	1	1	1	0	1	1	1	3	0	0	0	0	3	1	0	1	3	3	3	0	1	0	0	3	2	0	1	0	0	1	5	0	2	3	2	0	0	1	0	0	0	0	0	1	0	1	1	1	1	1	3	1	1	0	0	0	1	0	1	1	0	0	0	0	0	1	1	2	0	0	0	0	2	1	3	0	1	0	3	1	0	0	0	0	0	0	1	0	1	0	0	3	0	0	1	0	0	1	0	1	1	0	1	0	0	1	0	2	3	1	0	0	4	1	0	0	1	1	1	0	1	0	0	0	1	0	2	1	0	1	0	1	0	1	1	2	0	0	2	1	1	0	0	0	2	1	0	0	0	0	0	1	0	1	1	0	1	1	0	1	2	0	0	0	1	0	0	0	0	0	1	0	0	2	1	1	0	2	3	0	0	0	0	0	0	2	0	0	1	0	0	1	0	1	0	0	0	0
Del(10,):U1:R1	2	3	1	1	12	0	3	0	4	5	0	5	1	1	9	2	5	4	3	3	0	3	5	1	1	4	2	3	2	7	0	1	1	0	4	3	0	6	3	4	11	6	6	2	3	5	9	3	4	6	7	15	3	20	4	0	4	5	4	5	3	0	4	8	7	2	1	8	3	6	2	0	4	2	3	5	12	4	4	2	1	7	2	5	7	9	3	7	0	2	5	3	10	9	4	6	5	1	4	10	4	1	11	4	5	8	8	0	9	5	6	6	4	2	11	4	8	0	9	9	3	4	7	7	11	5	9	6	8	5	2	3	7	8	15	3	1	6	5	2	3	0	0	3	1	8	30	2	3	3	20	17	3	1	5	1	7	12	11	7	1	3	1	12	3	10	2	8	4	3	5	3	2	9	3	0	1	4	6	1	7	2	0	9	15	4	3	7	2	4	4	4	11	5	3	3	3	2	3	6	2	5	6	3	2	5	3	10	1	14	2	3	5	4	2	2	6	2	5	2	11	8	3	4	6	1	5	3	5	6	0	3	9	8	7	5	3	4	2	2	1	5	7	0	1	4	3	0	1	3	13	4	18	6	3	2	16	4	3	3	7	8	3	2	0	2	2	17	3	4	3	0	2	12	7	4	8	6	13	5	0	2	3	2	2	10	6	8	14	10	6	1	1	8	9	7	8	9	2	10	2	3	9	14	1	2	6	7	3	3	5	1	1	9	1	1	4	4	2	2	4	31	3	3	3	5	5	7	13	16	4	9	9	5	29	2	14	1	5	1	6	5	4	11	13	11	10	8	7	1	5	4	16	10	20	2	7	4	2	5	2	5	4	12	6	4	3	3	4	2	14	8	2	18	7	5	4	5	1	1	7	22	11	7	4	15	6	11	6	3	6	5	8	5	12	4	18	8	1	2	7	8	2	7	3	5	10	14	10	3	5	12	4	4	4	2	10	4	5	2	2	6	6	2	1	3	2	3	5	9	0	3	10	2	2	6	4	7	6	3	1	3	3	3	12	7	5	1	2	3	16	5	24	3	9	8	4	6	4	4	3	7	3	2	5	2	12	9	3	6	8	5	3	11	7	17	6	5	7	6	10	10	2	7	1	8	9	7	5	10	5	2	2	0	5	8	5	3	3	0	0	7	3	5	1	5	2	3	8	2	4	16	1	4	5	6	7	6	7	0	2	0	22	0	5	5	7	9	14	5	6	4	4	6	4	9	0	3	2	4	6	5	4	3	12	2	1	5	3	9	9	12	5	8	1	17	16	4	11	3	2	3	4	4	2	2	2	0	5	2	2	0	3	7	8	5
Del2:U(2,):R1	7	15	4	6	22	0	5	2	21	23	4	12	1	1	33	7	6	2	20	6	3	3	1	0	5	5	7	38	0	7	3	25	0	0	12	3	2	6	8	6	15	9	11	2	26	28	8	10	7	10	9	14	6	27	12	6	5	8	7	11	4	6	12	9	10	6	2	7	13	9	10	7	9	11	3	19	10	8	7	3	8	6	12	9	7	24	3	8	185	8	7	9	23	1	10	14	4	3	9	9	7	1	21	13	4	10	24	3	53	5	9	10	4	5	11	7	7	3	10	39	1	2	12	16	8	4	7	4	18	9	9	2	15	21	8	7	0	13	7	3	10	3	8	12	4	16	22	1	6	97	10	30	6	5	6	13	8	45	5	13	5	7	3	19	7	4	2	15	7	2	7	12	0	8	6	4	5	9	22	1	12	5	6	4	7	25	8	43	2	3	11	6	16	1	7	6	4	7	1	10	4	15	5	2	10	5	6	15	3	6	48	7	5	6	7	13	8	4	10	6	19	23	5	12	6	11	5	0	7	13	7	4	7	5	10	7	4	35	2	10	6	33	5	2	0	7	4	2	6	20	11	2	14	15	8	3	7	3	4	12	22	3	1	7	3	4	12	11	12	0	7	2	5	12	6	4	23	12	13	3	2	2	6	3	5	17	15	27	14	29	11	4	7	24	11	17	8	9	10	10	4	5	17	18	7	10	12	6	2	9	2	6	12	6	2	6	12	27	15	4	3	38	4	2	8	7	5	17	15	24	0	7	16	19	30	8	16	4	5	4	4	12	8	11	35	8	17	11	14	5	3	17	14	11	28	4	1	7	5	5	4	8	3	12	4	4	3	6	10	2	9	14	11	35	11	5	1	12	8	3	4	26	15	16	12	13	5	34	5	5	12	9	5	7	8	4	10	249	4	10	10	14	3	7	8	14	10	33	8	2	8	19	5	2	6	2	14	3	12	11	7	8	9	4	4	44	6	9	8	23	2	4	1	9	8	6	2	4	7	3	2	5	14	14	8	8	6	13	4	10	37	3	39	9	7	23	8	11	9	5	6	13	11	2	9	6	15	14	5	6	16	9	6	21	23	22	22	10	10	26	14	9	4	10	5	20	10	5	5	17	5	3	2	8	6	13	13	17	7	11	5	17	11	10	2	5	5	16	15	6	14	34	20	3	7	7	18	7	14	7	4	6	136	3	4	16	7	20	7	11	7	16	14	8	5	4	8	24	4	5	7	5	6	5	16	14	1	2	7	8	16	14	1	18	1	11	25	6	33	7	4	1	3	17	1	11	12	2	28	10	3	2	3	6	8	11
Del3:U(2,):R1	6	4	0	2	3	0	5	1	2	3	0	2	0	0	11	2	4	0	3	1	0	3	0	0	4	2	0	1	2	2	0	2	1	0	6	0	1	0	2	6	2	4	6	2	2	3	4	2	5	4	4	10	1	11	1	2	5	3	4	6	1	2	4	6	2	2	1	1	5	8	3	2	0	2	3	5	2	5	2	6	4	6	1	1	3	6	2	6	36	1	3	7	7	1	4	2	5	1	1	9	1	0	5	2	4	4	5	2	8	2	4	0	2	2	6	2	3	3	1	12	2	5	1	9	5	5	1	0	2	3	2	3	3	7	2	1	0	2	5	0	1	1	2	4	1	7	15	4	3	31	5	4	2	4	3	4	4	12	4	1	0	4	1	4	2	2	1	8	4	5	2	3	1	3	3	0	3	1	3	1	3	4	0	3	4	6	2	8	1	3	1	3	1	3	3	2	0	2	1	8	3	2	1	3	1	1	1	1	0	3	13	2	3	1	3	4	2	0	0	2	8	8	4	11	1	5	2	1	1	3	1	1	2	2	5	5	3	4	1	0	2	3	7	1	0	1	2	1	2	11	1	3	2	1	0	2	4	1	1	3	0	1	0	1	1	5	3	5	3	1	1	0	2	2	6	2	3	3	7	1	0	4	4	0	2	7	4	5	4	7	1	1	2	3	2	8	6	6	0	3	4	1	6	2	1	1	4	3	1	6	3	2	5	3	1	4	5	5	4	2	2	17	2	2	4	4	1	4	10	14	2	2	1	4	16	4	6	0	0	1	3	6	2	6	6	6	5	4	5	4	3	9	5	3	14	0	0	2	2	3	2	5	1	6	2	1	1	2	2	2	8	2	3	7	2	2	0	4	4	2	8	13	4	4	1	3	5	7	4	1	3	4	3	3	5	1	4	23	4	2	4	1	1	3	2	3	3	3	14	4	0	4	1	0	1	1	2	2	5	0	3	2	5	5	2	13	3	3	3	14	3	2	3	2	0	0	0	5	4	3	2	3	2	2	4	2	3	4	4	5	10	2	23	0	3	0	8	6	6	0	0	3	0	1	5	1	4	3	1	2	1	3	3	2	4	16	7	5	2	4	5	9	1	3	3	3	5	2	3	8	2	0	0	0	0	7	10	2	1	1	0	8	5	2	1	3	1	2	3	2	3	9	2	3	5	6	5	2	3	3	1	3	9	0	5	2	2	2	4	3	2	5	5	0	3	1	2	2	1	0	7	5	3	0	3	4	0	3	0	3	8	6	2	9	0	8	12	4	6	3	1	1	0	3	3	2	4	2	6	4	2	2	1	5	4	3
Del4:U(2,):R1	2	1	0	0	6	0	0	0	5	3	0	4	0	1	6	2	4	2	4	1	0	3	0	0	1	3	1	1	2	5	3	2	0	0	2	1	1	2	1	0	2	5	2	5	2	2	3	0	1	3	1	5	1	7	0	3	1	3	3	3	1	1	2	2	5	4	1	0	2	4	2	1	1	6	1	2	0	4	1	0	1	2	3	1	2	4	1	3	23	3	2	5	10	2	2	1	2	3	1	4	2	0	2	4	1	1	5	1	4	2	2	0	1	2	8	1	2	1	3	17	3	1	2	3	1	6	0	3	3	2	2	2	2	6	4	4	1	0	4	1	4	2	1	4	2	7	20	1	1	14	11	5	1	0	1	3	2	20	3	2	4	2	3	5	2	3	1	4	4	4	0	1	2	2	0	1	3	2	2	2	5	3	2	2	4	4	3	3	2	2	4	2	3	0	3	2	0	1	0	5	2	1	0	1	0	2	6	3	0	2	5	2	5	1	2	0	3	2	4	2	5	7	6	11	2	1	1	2	2	1	1	1	2	1	4	2	2	2	0	1	3	3	7	1	4	6	0	0	3	4	1	0	7	5	2	0	3	1	3	4	4	3	2	0	0	1	2	1	2	1	3	2	2	3	0	3	3	5	4	1	3	0	0	1	4	5	3	2	5	3	4	0	4	6	3	4	3	1	2	5	1	1	4	5	2	2	3	2	1	4	0	0	3	4	1	1	0	2	0	0	4	21	1	0	2	10	2	6	7	6	3	1	3	1	8	2	6	1	1	2	2	3	4	5	5	2	3	4	2	0	1	3	6	5	10	1	1	4	0	1	1	3	0	6	0	2	5	1	4	2	6	0	4	0	2	4	2	2	2	0	1	5	4	4	2	6	3	9	4	0	1	1	1	2	4	0	2	11	3	2	5	1	0	0	1	2	5	5	5	1	0	8	0	2	1	0	4	2	3	0	2	2	4	3	0	4	3	3	3	7	0	0	1	1	0	1	3	2	8	3	1	0	4	5	1	2	5	2	2	1	3	1	18	0	2	4	1	3	4	0	0	2	1	0	1	0	5	4	3	1	2	1	2	5	1	16	7	1	1	0	1	1	3	4	4	1	3	6	4	4	4	2	2	0	2	7	5	1	4	0	2	8	2	1	2	2	2	3	4	1	2	5	1	4	2	2	4	0	5	6	2	3	10	1	2	1	0	3	1	2	2	1	2	1	3	0	3	5	3	0	2	6	0	5	3	5	0	2	4	1	4	0	0	4	1	6	11	1	6	5	2	0	1	5	1	1	4	0	6	4	1	2	1	1	2	3
Del5:U(2,):R1	3	2	1	2	6	0	2	0	4	5	2	0	0	1	6	1	0	2	4	2	0	0	0	0	2	0	1	0	1	1	0	1	0	0	2	0	2	0	2	5	1	1	0	2	2	3	0	2	2	0	1	4	0	9	0	2	4	2	2	0	1	2	1	3	0	1	2	1	2	3	1	5	4	1	0	3	2	2	2	0	1	2	1	2	1	1	4	3	10	3	2	1	4	4	6	4	5	2	2	6	1	1	1	2	1	3	1	0	5	5	2	2	6	2	3	2	5	0	4	4	1	0	1	15	3	4	6	1	5	3	3	0	4	9	0	2	0	3	1	0	1	1	0	7	2	8	14	1	3	4	10	5	3	4	4	1	1	4	0	3	1	3	0	3	3	1	3	4	2	10	1	1	0	5	4	0	2	1	6	3	4	2	2	1	5	3	3	6	2	2	1	6	2	0	2	1	1	4	3	3	0	3	6	1	2	1	0	2	1	2	0	1	2	1	1	1	0	1	0	0	4	11	4	8	1	1	1	1	3	6	2	2	4	1	4	7	5	2	2	1	1	2	6	2	1	1	2	0	2	7	2	4	3	3	0	3	5	1	1	4	5	0	0	1	2	2	5	9	2	4	4	1	2	4	3	3	3	1	6	2	2	2	3	0	2	5	1	2	1	8	4	3	2	2	2	6	5	3	2	5	1	1	2	2	0	3	5	1	2	5	0	3	3	3	1	1	0	0	2	2	0	11	2	0	4	7	0	3	10	12	0	7	3	5	8	1	2	2	4	4	0	3	3	3	4	6	6	3	3	3	1	3	6	2	19	4	3	4	2	1	3	6	4	8	0	3	4	3	2	6	5	2	6	3	2	1	3	3	1	2	2	9	12	1	1	17	2	8	6	1	1	2	2	4	6	4	6	8	1	4	3	4	5	2	4	4	4	10	12	0	2	8	0	2	3	0	3	0	2	4	7	2	4	1	1	2	1	5	1	5	0	4	9	3	3	1	0	3	2	2	0	1	4	1	3	6	4	3	0	2	7	5	9	0	3	5	4	6	7	3	2	2	3	1	4	1	5	4	1	4	3	5	1	5	2	6	3	2	4	2	5	5	2	2	3	3	10	2	3	5	2	2	2	0	1	4	2	4	2	1	0	5	3	3	1	2	2	5	4	3	3	6	2	2	2	3	5	2	0	2	0	3	12	2	0	2	2	4	9	7	3	2	2	5	3	3	2	4	4	0	1	1	2	1	4	6	0	4	3	4	2	0	1	6	0	6	7	3	2	3	0	1	1	3	0	2	1	1	4	1	4	1	1	1	3	3
Del6:U(2,):R1	2	0	0	0	4	0	0	0	2	0	0	0	0	1	2	0	1	0	1	0	0	1	0	0	0	0	0	0	2	2	1	0	0	0	2	1	0	1	0	1	1	1	2	3	2	3	3	0	1	2	3	2	1	10	1	1	4	6	0	3	3	1	2	3	1	3	0	2	3	1	3	0	2	2	1	3	3	1	2	1	2	0	2	0	2	0	3	4	2	0	4	1	1	0	2	3	3	0	1	1	0	2	4	2	1	4	2	1	6	3	3	3	3	1	3	1	0	1	2	5	1	2	1	13	2	3	6	2	2	3	5	0	3	12	4	2	0	2	0	1	0	1	0	3	0	5	17	4	3	4	5	2	4	1	3	5	1	6	5	1	1	1	2	5	3	0	0	4	1	8	6	3	0	8	1	0	4	1	2	0	0	0	4	2	4	6	1	4	0	1	5	4	7	3	0	2	1	2	2	2	0	2	2	0	0	0	2	4	1	4	3	1	2	3	2	1	3	1	3	1	2	4	4	8	2	2	0	1	2	2	0	0	3	3	1	1	3	3	3	0	0	3	8	1	0	2	1	2	1	5	7	4	3	6	1	2	7	4	2	2	3	0	2	1	1	0	2	9	4	3	1	0	1	2	1	5	2	2	2	2	1	2	3	3	0	8	0	4	4	6	2	2	1	3	0	2	4	2	0	5	2	1	2	1	1	0	5	5	3	3	1	1	1	3	1	2	0	1	3	1	3	15	1	2	5	3	2	1	8	6	1	0	3	4	15	2	4	1	3	1	1	5	2	3	4	3	1	3	3	2	0	3	7	2	8	6	1	2	1	0	5	4	2	1	2	2	4	3	5	2	5	5	1	2	1	4	2	1	2	1	3	7	7	6	2	8	4	5	2	1	6	1	3	3	10	0	3	5	2	6	4	0	4	3	2	0	3	3	5	2	1	5	1	1	1	1	4	3	2	2	3	4	3	3	1	3	0	3	4	7	1	1	5	2	3	2	4	1	2	2	0	1	2	2	7	2	0	3	2	4	8	5	7	4	3	2	4	6	7	2	1	4	1	0	1	0	7	5	2	6	1	5	3	1	3	4	3	5	3	0	6	4	5	3	1	4	8	2	2	2	4	2	1	0	4	4	3	0	1	2	3	7	2	1	0	1	0	1	0	4	4	12	5	2	2	2	5	0	3	1	2	1	15	1	0	2	1	4	6	3	3	1	2	1	4	3	0	3	6	3	2	5	3	0	7	4	1	0	3	0	3	4	3	0	0	7	4	0	2	3	0	2	0	1	0	0	1	2	1	3	0	3	1	1	1	1
Del7:U(2,):R1	2	1	1	0	2	0	2	0	3	1	0	1	0	1	4	1	1	1	3	1	1	1	0	1	3	2	0	1	1	1	0	3	0	0	1	1	0	0	0	1	1	0	0	2	3	3	1	0	0	2	1	3	1	9	2	0	1	2	2	4	0	2	0	2	2	0	0	2	2	1	1	0	0	1	0	1	0	2	0	5	4	2	1	1	2	1	1	3	4	3	1	0	3	2	1	1	6	1	0	0	0	0	2	2	2	2	1	0	1	1	3	0	3	0	4	2	2	0	2	6	2	1	1	13	1	3	4	5	2	2	1	1	3	7	4	3	0	3	0	1	3	0	4	7	1	4	9	0	1	1	7	10	4	2	2	2	1	6	0	2	0	0	0	2	1	3	0	1	1	3	2	2	3	4	2	1	2	0	4	1	1	2	2	4	2	4	3	5	2	2	3	3	1	0	0	3	0	0	0	2	2	5	3	5	0	0	1	3	0	1	2	2	2	3	0	2	3	0	3	0	4	5	2	5	1	0	0	1	1	0	1	1	4	4	1	2	1	4	0	2	0	0	5	3	0	6	2	0	4	4	1	3	0	4	3	3	3	1	1	3	2	4	1	1	1	1	6	10	3	4	0	0	0	2	3	8	1	2	2	0	2	1	1	0	3	7	0	1	6	6	1	1	1	3	2	5	2	0	0	3	0	1	1	3	0	1	2	0	3	2	0	0	0	3	1	1	0	3	2	0	1	7	1	1	1	3	1	3	7	9	0	2	2	3	6	0	3	4	3	4	4	4	1	1	1	5	4	0	3	3	0	2	4	3	5	0	1	1	1	3	3	4	2	4	4	3	3	3	4	3	3	2	6	3	3	2	3	1	2	2	2	7	6	3	2	10	1	4	5	1	6	0	1	3	6	1	4	9	2	1	2	5	4	1	4	1	3	7	2	2	0	6	2	2	2	0	3	4	3	2	2	3	2	1	1	2	3	3	3	8	0	1	1	2	0	0	2	1	1	1	1	1	1	0	4	3	2	3	1	0	5	4	14	2	2	2	3	1	2	2	0	1	2	0	3	1	4	6	0	4	1	6	1	3	1	11	4	4	2	1	4	1	3	2	2	4	7	1	2	2	4	2	2	0	1	7	2	2	1	0	0	3	2	3	2	2	1	0	4	0	2	11	2	1	0	2	1	3	1	4	0	2	7	0	1	2	4	2	6	1	1	3	4	2	3	0	4	2	5	2	4	0	2	3	1	1	1	1	0	0	2	2	1	3	0	6	8	0	1	1	1	0	0	3	1	2	1	1	0	0	1	0	1	2	0	0
Del8:U(2,):R1	0	2	1	2	2	0	1	0	3	2	0	0	0	0	1	0	0	1	0	2	1	0	0	0	1	0	1	0	0	3	1	1	0	0	2	0	1	1	1	0	1	0	1	0	0	1	2	1	4	0	0	2	1	8	0	0	1	1	0	1	0	1	1	4	1	2	0	0	1	1	1	1	0	0	0	1	1	2	1	2	1	0	2	1	1	2	1	0	0	3	1	0	3	1	4	0	4	0	1	3	0	1	1	1	3	2	3	1	0	0	5	1	9	1	3	1	1	0	2	12	2	1	4	7	3	4	4	5	1	1	1	0	3	5	3	1	0	1	2	1	0	0	2	0	1	5	8	2	0	1	4	3	3	1	0	4	2	13	3	0	4	2	0	3	2	1	2	1	1	2	7	1	0	3	2	1	1	2	3	1	0	1	1	3	2	7	2	3	0	2	5	1	0	2	3	0	1	2	2	1	1	2	4	2	1	0	2	0	1	2	3	2	0	2	1	1	1	0	2	0	3	7	3	2	0	1	0	1	1	1	1	1	3	2	3	2	0	3	0	0	3	1	7	1	0	1	1	0	0	5	2	2	2	2	1	2	6	0	2	1	2	4	0	0	1	2	3	4	6	6	1	0	2	5	4	2	2	4	3	0	0	0	1	0	4	4	0	1	1	8	1	1	1	0	0	1	3	0	1	3	1	0	2	2	0	2	5	1	1	2	0	1	1	1	0	1	3	0	1	0	2	11	0	5	0	4	4	4	3	11	1	2	2	3	11	2	3	1	1	1	5	2	0	3	4	5	1	3	0	1	0	1	4	2	1	4	3	3	4	2	0	5	1	4	3	0	0	2	4	5	5	0	2	1	2	1	1	0	3	2	3	7	7	3	2	5	1	3	1	1	2	1	4	0	3	4	5	3	1	1	0	1	1	2	2	2	3	4	1	1	1	1	2	2	0	0	2	2	0	0	1	0	3	3	1	0	0	3	4	8	1	2	4	4	1	1	5	1	3	1	1	1	3	1	1	1	0	2	0	5	4	3	7	0	5	1	5	3	5	3	0	6	0	1	2	3	5	3	0	2	0	2	1	2	0	4	2	1	2	3	4	6	2	4	3	4	6	1	1	1	2	4	0	0	2	3	5	7	2	0	0	4	5	1	0	1	4	0	1	3	2	4	1	4	1	3	2	1	2	0	1	1	5	1	0	0	3	3	10	5	1	5	6	3	4	5	2	1	1	1	2	4	1	1	1	0	0	1	3	1	4	3	0	2	0	3	2	1	2	1	0	1	1	0	1	3	0	2	1	1	0	2	1	0	0	1
Del9:U(2,):R1	2	0	0	1	1	0	2	1	0	1	0	1	0	1	6	2	0	0	1	1	0	2	0	0	0	1	2	2	1	1	1	0	0	0	1	2	0	0	1	0	1	1	1	1	2	3	0	3	3	1	2	6	0	13	0	1	2	0	1	0	0	0	1	0	1	1	1	1	1	4	1	0	2	0	0	3	2	1	0	1	2	2	1	0	4	5	2	2	4	1	2	1	1	0	1	3	3	0	0	1	0	1	2	1	1	0	2	0	2	3	1	1	2	1	3	0	1	0	1	6	0	2	2	5	2	5	3	2	1	2	0	0	6	2	10	1	0	1	1	0	1	1	0	2	0	2	9	0	1	2	2	5	0	3	1	1	1	7	0	1	1	2	1	2	1	2	1	2	1	3	1	2	0	1	1	0	1	0	2	2	2	0	0	0	3	4	0	5	2	4	2	0	1	1	1	1	0	0	0	2	2	0	4	5	3	1	2	0	0	1	3	1	1	0	1	4	1	1	1	1	5	9	1	0	0	0	1	0	3	2	0	1	6	0	2	1	1	3	1	3	2	0	0	0	0	0	1	0	2	3	0	2	5	2	1	3	1	0	0	1	0	2	1	1	3	2	3	4	5	3	1	0	1	0	1	3	3	1	2	0	0	1	1	0	2	3	1	2	4	3	1	1	3	1	1	1	1	1	3	2	1	0	3	3	0	0	1	1	4	3	0	1	2	6	0	1	0	2	0	1	0	10	0	2	6	3	2	0	5	2	4	1	5	0	7	0	4	1	1	1	1	3	2	3	2	1	3	2	1	3	0	2	5	4	5	3	3	2	1	3	2	2	1	2	1	2	3	1	4	3	5	5	1	3	1	3	0	2	3	1	4	1	4	1	3	5	1	3	6	2	1	4	1	0	3	0	3	7	1	1	0	3	1	2	2	2	2	7	6	1	1	2	2	1	2	2	0	1	2	1	6	0	0	0	2	2	1	2	2	2	0	0	1	1	0	0	4	0	3	1	1	0	2	0	2	1	7	3	3	1	2	6	7	0	1	3	6	2	2	1	1	0	2	0	0	0	3	2	0	2	2	1	1	3	3	1	0	2	0	3	0	1	1	1	0	1	6	1	3	3	4	0	2	2	1	2	1	1	3	2	0	3	1	2	1	1	0	3	4	0	5	8	3	2	0	2	2	0	1	2	2	1	7	0	4	0	0	5	2	5	1	3	0	0	1	4	2	2	0	0	1	4	3	0	1	1	0	0	1	1	2	3	1	4	1	6	7	0	3	1	0	0	0	1	1	3	2	0	2	2	3	1	0	2	1	1
Del(10,):U(2,):R1	4	5	2	2	23	0	7	3	7	29	9	3	1	4	28	13	7	3	16	6	0	16	2	0	5	9	10	10	9	34	5	8	2	2	13	10	4	6	15	10	8	17	9	11	17	28	19	3	8	13	14	14	6	48	10	5	11	14	8	11	8	7	12	22	19	10	0	11	11	16	11	9	5	8	10	12	15	8	12	11	4	5	16	8	11	14	5	14	8	18	13	7	29	12	17	13	17	6	5	15	5	9	22	13	7	28	17	3	23	17	12	5	13	4	29	11	5	1	10	21	3	11	9	28	23	18	30	10	9	7	8	3	18	29	25	22	0	12	6	7	10	3	5	20	4	15	72	4	9	9	52	34	10	14	9	18	11	28	15	15	15	10	4	31	3	8	0	23	8	17	20	5	9	20	12	0	19	11	12	3	11	16	8	18	28	23	18	22	3	7	19	10	18	6	15	6	3	6	5	16	10	14	14	15	10	5	12	18	4	14	10	12	14	12	9	4	17	4	14	8	34	37	17	23	10	11	6	8	13	11	3	9	29	16	16	16	4	22	6	8	10	5	19	3	7	10	7	3	14	20	16	16	24	19	17	16	25	5	9	10	17	18	3	5	4	8	21	28	18	12	8	1	10	16	27	15	24	13	27	7	2	3	9	4	12	16	12	14	34	30	23	10	4	22	6	26	17	14	6	28	7	9	18	23	6	11	14	21	6	7	8	3	6	16	6	11	10	7	10	7	7	82	4	10	17	14	12	24	31	36	6	20	22	22	70	11	24	14	8	12	14	19	10	16	23	27	14	25	13	12	11	9	40	22	36	11	5	27	2	16	5	24	8	20	16	5	14	8	25	11	50	20	16	31	11	17	5	12	18	5	18	51	25	14	14	42	8	27	14	7	22	18	15	5	18	12	39	27	10	7	11	21	12	25	10	10	24	47	26	12	18	25	8	9	4	3	17	10	11	11	16	17	23	12	8	11	10	18	21	23	2	10	13	11	5	9	6	21	13	12	3	7	12	6	20	15	7	18	10	10	34	16	56	9	10	19	28	26	17	7	4	16	14	5	12	6	33	18	2	12	12	18	4	29	12	31	22	9	23	11	29	16	9	10	16	20	43	5	20	20	18	3	6	2	7	18	26	20	15	4	0	19	18	7	7	8	3	11	16	3	15	59	12	8	17	12	17	11	22	8	5	8	54	6	12	20	8	16	29	12	9	15	20	10	13	11	15	9	25	9	11	13	14	13	20	11	5	6	10	14	26	38	4	21	0	27	34	7	30	3	1	6	3	16	11	4	10	4	20	10	5	4	3	9	8	9
Del2:U1:R3	5	7	2	1	7	0	3	0	6	6	1	12	0	2	11	8	2	1	13	4	1	1	1	0	7	4	5	11	3	5	0	2	0	1	7	4	3	3	5	3	8	8	7	3	18	6	3	5	3	9	4	5	2	6	3	6	3	13	5	9	5	2	6	7	2	10	1	5	5	5	3	11	3	11	5	6	5	3	5	4	5	1	4	2	1	15	4	3	149	2	2	5	14	1	7	7	6	1	2	8	5	0	15	3	2	10	15	2	22	4	8	2	2	4	8	6	6	2	7	7	3	2	3	8	5	3	2	1	12	6	1	4	9	10	3	1	1	4	3	0	3	1	5	11	4	5	7	0	1	132	3	10	6	6	2	7	1	11	2	6	8	6	2	11	10	1	0	3	7	4	4	10	0	3	1	2	2	4	12	1	1	6	4	2	5	10	2	24	2	0	7	4	7	3	2	8	4	2	0	7	7	8	3	3	5	6	5	2	2	1	14	4	5	3	2	14	2	1	3	3	6	8	7	2	7	5	2	3	4	5	2	3	7	3	2	4	1	11	0	3	5	15	5	4	0	4	1	0	1	8	3	4	12	8	5	2	4	1	3	8	11	5	0	2	3	4	2	4	5	1	2	0	4	0	6	2	6	2	11	1	2	4	6	4	6	6	6	7	6	18	3	3	6	9	9	17	9	7	3	3	0	1	5	10	4	5	6	2	5	3	1	3	6	1	0	5	5	8	6	0	1	16	4	6	4	33	0	8	5	8	1	4	6	4	19	4	5	0	1	6	5	2	5	5	17	5	4	3	2	3	3	11	8	3	9	2	2	14	1	2	10	6	0	2	3	4	3	6	7	1	4	5	5	21	3	7	3	8	6	1	3	14	6	5	5	5	3	20	5	2	6	5	4	5	13	2	3	98	5	3	7	6	3	1	2	4	8	11	3	6	5	5	3	2	0	1	2	2	6	11	7	4	4	6	3	113	2	3	6	15	7	8	4	2	7	2	4	1	5	8	1	3	9	6	6	8	4	6	3	2	18	2	65	6	7	7	0	13	7	5	1	6	6	3	5	5	12	6	2	2	12	1	9	6	2	12	7	6	3	10	9	3	5	4	2	12	7	6	3	4	1	3	0	8	7	8	9	9	3	1	2	4	9	10	5	9	1	4	1	1	7	10	8	2	6	3	7	5	6	6	0	4	128	4	4	7	2	2	5	4	3	10	10	1	6	1	4	4	4	6	0	5	5	2	16	6	2	4	1	3	2	7	1	13	2	5	8	1	18	3	1	2	1	6	5	3	8	0	16	3	4	4	2	2	2	0
Del2:U1:R4	1	4	1	3	6	0	1	0	4	1	1	3	0	0	10	4	5	1	1	3	0	5	0	0	4	3	0	12	0	2	0	3	0	1	2	1	3	4	2	2	2	1	5	3	6	5	0	1	1	1	1	1	1	5	2	1	1	0	2	3	4	4	1	3	6	5	2	1	1	2	6	4	2	2	2	1	3	4	1	3	0	1	2	2	1	5	2	5	87	2	3	1	7	1	2	2	6	3	1	1	0	1	6	5	5	7	8	1	11	4	3	0	0	3	5	4	1	0	2	5	1	4	3	4	1	3	4	0	5	3	2	1	3	3	2	0	0	0	0	0	2	3	2	3	1	8	6	0	0	64	1	7	0	0	3	2	2	8	4	1	2	3	1	11	2	1	4	3	2	4	3	10	2	1	5	0	1	2	8	0	2	4	1	6	2	6	6	13	1	1	3	4	4	2	4	3	3	2	1	4	0	4	1	1	4	1	5	6	0	1	16	3	2	0	1	9	4	4	2	1	2	1	2	3	3	4	1	1	2	7	3	2	0	6	2	0	4	15	1	2	2	3	0	0	0	3	2	0	6	5	4	4	6	3	2	0	1	2	3	2	9	1	0	2	2	3	2	5	1	0	1	0	2	1	1	3	8	6	11	0	1	0	1	1	1	1	3	3	3	10	3	1	3	10	3	3	1	4	2	4	2	4	4	3	2	2	4	1	1	2	3	2	4	1	0	0	2	2	2	0	1	3	1	1	3	13	3	3	10	2	1	1	6	5	3	2	4	1	0	2	3	4	3	3	11	1	5	1	2	1	1	5	3	3	9	0	0	11	1	1	3	6	2	2	0	2	1	4	3	0	2	3	3	8	3	4	0	5	2	1	2	5	5	2	6	1	3	12	4	0	4	5	1	4	6	1	2	82	1	0	2	4	1	3	2	2	1	8	2	6	1	5	0	0	0	0	6	0	3	5	0	8	2	6	1	47	0	3	1	7	1	2	2	5	4	4	2	2	4	9	0	1	5	3	4	2	1	1	0	0	10	2	37	3	1	5	3	5	2	1	0	6	5	0	3	3	5	2	3	3	8	4	3	5	2	6	3	6	3	9	6	0	1	0	6	4	4	1	4	7	0	0	1	1	3	3	7	9	2	1	2	4	4	3	1	2	3	4	5	0	2	6	9	2	2	5	3	0	1	2	0	5	47	1	1	2	0	3	0	1	2	3	12	1	0	0	2	9	3	2	4	1	1	2	6	3	1	1	1	1	5	5	0	5	0	2	4	2	11	2	1	1	1	3	1	0	2	3	4	1	0	1	0	3	1	0
Del2:U1:R(5,9)	1	2	1	0	6	0	2	1	2	5	1	7	2	1	8	5	3	2	3	0	0	2	0	0	3	2	1	7	1	1	1	4	0	0	7	0	1	2	4	3	4	4	5	2	4	3	2	1	7	3	4	5	2	8	3	2	4	1	4	4	2	4	3	4	7	6	0	2	3	5	5	5	4	6	1	1	6	3	4	2	1	4	2	4	3	9	2	1	513	6	0	1	5	0	3	6	0	1	2	2	1	0	5	6	3	5	9	3	15	5	5	0	2	0	7	0	1	2	1	6	1	1	2	7	5	1	6	0	7	3	3	1	2	3	0	4	0	2	2	0	1	0	0	2	2	3	5	3	1	286	1	8	0	4	4	8	4	5	7	1	3	0	2	12	1	3	4	5	1	1	2	7	2	3	1	0	0	3	9	1	3	6	2	1	2	3	2	9	1	1	4	4	1	2	1	2	1	2	0	5	3	3	0	0	3	1	5	6	1	3	100	0	1	4	2	13	4	0	1	0	3	3	3	6	0	6	1	0	4	7	1	2	6	1	5	1	2	10	1	3	2	95	2	0	1	3	1	0	1	4	1	4	5	3	0	0	4	1	0	5	11	1	0	4	2	1	1	4	5	0	2	0	2	2	3	2	5	6	6	0	1	0	4	1	5	8	3	5	7	14	5	5	0	6	7	6	9	1	2	5	1	0	7	2	1	1	2	3	0	2	2	4	4	0	1	6	3	4	5	2	1	8	2	3	0	6	2	6	5	6	1	0	5	2	6	5	2	0	1	5	0	6	4	4	10	4	8	3	5	3	3	6	7	1	7	0	1	7	1	2	2	5	1	5	2	3	4	6	4	0	9	0	7	12	6	5	1	4	5	2	4	3	6	4	3	6	5	9	1	0	4	2	1	1	7	5	4	393	7	3	10	0	0	2	0	1	5	15	3	2	2	7	1	1	1	2	6	0	4	2	0	6	2	4	2	41	1	2	2	7	1	5	0	3	3	0	4	4	2	3	0	1	3	4	5	2	3	6	4	2	15	3	24	2	4	5	2	7	1	3	0	6	2	0	7	7	5	6	0	4	5	7	6	8	6	5	3	1	4	2	8	2	0	4	1	7	12	1	5	5	4	1	2	1	1	5	5	7	2	0	2	6	5	9	0	7	0	2	2	2	2	6	4	3	2	5	8	1	4	4	2	6	47	2	2	1	3	6	0	3	2	6	3	2	2	0	1	7	2	2	1	1	2	1	5	2	1	2	4	3	8	18	1	9	1	4	3	1	11	4	0	1	1	6	1	1	5	0	4	3	1	0	0	1	5	3
Del2:U2:R2	9	32	7	8	39	0	9	1	17	33	1	21	2	4	84	17	9	11	14	14	1	2	8	1	17	9	18	63	4	6	2	18	0	2	17	3	5	15	21	16	24	19	27	9	34	16	8	8	22	17	19	31	11	24	14	9	16	20	10	19	8	7	25	20	17	22	2	11	9	15	23	27	15	15	12	24	16	24	9	11	13	17	24	16	7	39	10	26	363	7	7	16	76	2	16	27	9	5	12	15	7	2	36	14	7	26	58	4	125	18	20	7	6	11	16	27	7	6	19	43	7	5	19	27	24	16	19	2	39	20	10	7	27	15	6	11	1	15	7	4	8	6	6	22	7	25	31	11	6	236	6	60	4	3	18	26	19	50	24	22	13	19	8	63	16	11	8	18	17	4	12	33	8	13	14	1	13	26	53	6	18	23	14	10	16	37	14	99	3	5	19	13	29	7	9	7	10	7	6	21	8	21	6	7	15	8	20	18	2	19	67	10	10	11	13	69	13	10	16	5	40	23	20	12	15	21	9	4	17	24	8	15	19	7	23	22	4	98	1	11	13	36	16	4	2	34	5	1	11	11	13	15	25	20	14	8	7	13	4	23	68	8	3	4	5	7	18	16	14	4	6	1	14	7	5	16	30	24	45	2	0	8	30	8	16	26	39	33	28	86	22	13	7	73	20	59	13	12	17	13	5	5	17	32	12	7	32	7	3	19	15	10	32	13	7	15	15	42	22	5	7	46	10	12	18	58	10	38	35	21	4	14	40	38	43	13	27	7	5	16	9	23	8	19	99	23	42	26	22	13	9	50	14	21	39	3	6	47	6	8	19	21	10	9	12	4	16	17	19	1	30	30	27	71	15	25	2	28	18	10	11	33	12	32	28	26	12	82	10	5	17	31	3	16	38	12	15	388	5	14	16	23	10	5	3	19	15	50	15	7	3	8	6	2	3	2	19	5	12	25	10	16	15	17	7	241	6	16	16	57	8	15	10	12	10	5	11	9	22	12	5	10	32	33	26	26	11	20	7	8	84	8	257	29	19	28	17	22	7	18	4	32	25	3	30	23	28	16	1	17	40	19	11	28	17	40	38	23	25	57	34	9	6	13	9	31	43	9	7	29	6	10	3	8	15	25	34	31	13	6	1	10	17	24	4	19	9	37	14	16	24	24	36	7	15	24	37	16	22	18	3	15	384	4	12	25	10	18	2	24	11	33	33	8	11	4	6	46	14	14	21	12	7	8	36	36	4	2	22	9	42	50	7	23	1	14	21	9	63	6	2	7	11	22	9	9	23	6	49	17	5	3	6	10	13	9
Del2:U2:R3	4	17	2	2	45	0	6	2	16	28	0	18	2	0	45	10	3	3	24	6	2	6	0	0	18	1	5	57	2	2	1	17	0	0	11	2	0	5	14	18	9	8	23	1	21	13	9	3	28	12	14	14	15	24	9	6	12	11	18	10	7	9	16	10	16	8	0	13	20	12	15	33	13	14	11	34	14	15	7	3	8	11	13	10	8	44	7	12	120	6	5	26	51	6	13	15	1	2	9	4	4	0	27	9	5	17	38	2	137	9	25	2	2	2	15	5	11	4	17	35	6	2	7	12	19	10	12	2	45	12	3	2	20	6	3	10	1	11	3	1	4	0	2	13	3	11	3	10	3	103	4	77	5	0	10	27	3	35	22	20	6	5	4	34	7	11	0	15	6	2	3	32	0	11	6	3	1	13	27	2	20	25	6	4	4	32	9	104	1	0	11	11	15	2	4	2	2	2	0	13	0	18	5	6	18	5	10	10	1	8	47	2	5	19	7	39	11	0	11	3	35	15	6	3	10	22	2	1	15	17	4	6	16	4	19	9	3	98	1	3	6	18	10	2	1	23	0	3	7	4	8	6	21	15	6	0	17	0	2	10	73	4	2	3	8	2	15	22	11	3	3	2	10	9	2	8	27	26	51	2	3	1	6	3	10	28	34	21	18	96	18	1	2	43	11	44	5	5	6	17	2	5	19	16	6	6	39	3	1	3	3	3	17	3	1	8	9	39	26	1	4	20	4	9	11	20	9	27	28	3	0	4	31	46	33	3	17	2	1	5	3	21	2	12	97	20	18	16	15	6	1	39	4	20	24	3	3	31	3	10	7	15	1	17	6	2	15	11	10	1	29	18	14	58	14	14	0	15	15	10	13	28	9	29	24	34	7	57	4	0	13	24	3	6	24	4	6	242	0	5	9	12	4	3	2	2	5	39	13	3	2	15	2	1	6	2	10	2	7	17	1	18	5	4	1	118	2	14	9	57	2	19	0	8	9	2	3	6	19	15	1	1	23	11	19	29	2	6	11	11	84	14	106	23	11	12	19	21	7	11	1	25	23	3	24	13	29	19	3	17	32	14	3	34	15	30	21	12	21	55	36	10	2	9	4	20	48	3	13	33	3	5	3	0	7	21	29	31	11	3	3	7	12	11	1	16	4	32	5	4	18	11	43	3	3	10	30	12	36	10	3	7	135	1	5	12	2	13	2	12	18	30	17	1	6	4	4	49	7	17	18	3	4	4	21	16	2	0	11	3	34	24	1	18	1	12	8	1	87	2	2	6	1	27	8	4	23	0	55	8	1	0	7	3	12	3
Del2:U2:R4	0	8	0	3	17	0	4	1	10	21	2	6	0	0	31	3	0	0	15	2	0	2	0	0	5	2	4	22	0	3	0	16	0	0	3	0	1	5	4	9	3	9	14	2	12	6	3	4	22	10	6	6	8	12	7	2	4	9	9	12	2	7	10	8	8	5	0	7	29	7	4	15	12	5	6	19	10	11	3	1	2	7	6	6	7	34	6	12	173	11	2	20	42	2	10	9	1	1	2	4	5	0	7	10	5	7	31	2	83	10	11	0	0	0	7	5	5	3	8	14	3	0	8	8	21	9	15	0	26	7	11	3	11	2	4	4	0	2	1	0	1	1	1	10	1	6	4	3	2	86	2	46	1	1	9	16	2	16	15	12	4	4	2	39	2	7	2	7	3	0	3	15	1	5	2	1	2	9	15	1	22	10	1	1	3	19	5	69	1	1	7	6	4	2	2	6	1	2	1	3	0	13	3	1	7	0	8	12	0	16	109	0	5	17	6	24	4	0	9	2	22	11	5	2	4	9	1	0	9	16	4	2	18	1	13	10	1	76	0	3	8	31	1	3	2	17	0	3	3	4	11	6	12	11	6	2	8	1	0	0	46	7	0	0	2	0	10	15	11	2	5	1	1	5	1	7	11	19	14	1	0	1	2	2	10	17	28	10	11	32	13	1	1	30	4	29	5	3	4	7	1	3	27	14	3	6	22	1	1	3	2	3	12	3	0	3	9	32	12	0	2	6	2	4	8	6	8	12	24	2	0	1	27	44	17	4	8	0	0	8	4	21	6	1	60	19	11	10	11	2	3	32	2	9	20	2	2	33	0	3	6	17	2	8	3	1	14	5	7	1	24	11	9	33	6	13	1	14	7	6	7	15	5	16	11	19	6	39	2	2	20	13	2	4	14	1	10	312	2	1	10	18	1	1	1	1	4	24	8	2	0	12	2	1	1	0	9	0	10	9	2	12	3	3	2	44	0	8	6	31	1	9	1	3	2	1	2	2	12	1	1	1	19	12	6	20	0	12	7	2	64	9	39	7	12	8	13	21	1	7	1	14	16	2	23	11	13	10	2	8	22	15	6	25	9	12	10	10	17	31	24	4	0	4	1	8	17	2	8	33	3	4	3	3	2	9	27	19	5	1	1	1	6	12	2	15	4	18	3	10	11	4	24	7	3	10	11	12	21	8	0	13	64	0	3	6	2	9	3	12	15	15	10	4	2	2	2	21	5	10	15	1	3	0	11	8	0	0	7	2	15	14	1	5	0	3	5	2	44	2	1	1	2	18	5	3	13	1	26	4	2	2	5	3	4	3
Del2:U2:R(5,9)	4	8	1	2	15	2	2	1	10	5	0	3	0	0	24	7	0	2	9	3	2	4	1	1	3	5	6	13	1	1	4	7	0	0	1	2	8	3	7	6	5	8	6	6	8	8	2	8	19	9	8	7	10	7	6	6	10	15	7	7	12	2	10	6	14	17	0	4	30	3	2	10	20	3	5	21	6	12	6	1	5	7	7	6	6	25	5	7	1213	3	6	8	35	2	15	8	2	8	6	5	7	0	7	12	3	9	23	5	114	9	11	4	2	0	16	3	10	3	9	19	14	1	9	16	16	11	12	3	26	10	10	2	14	3	6	2	0	15	8	2	0	1	6	17	6	6	3	7	4	593	0	41	3	2	8	27	2	27	17	13	20	8	2	36	7	12	3	8	18	7	7	26	2	6	5	2	3	16	29	3	13	14	3	3	5	18	6	62	2	0	17	7	8	11	2	2	9	3	4	16	6	17	1	5	6	3	18	12	0	24	774	7	6	25	13	21	9	1	8	1	27	12	5	0	8	9	4	3	14	26	3	3	14	5	9	5	1	91	4	5	14	215	6	0	2	11	5	0	5	2	12	2	6	2	8	3	16	7	7	3	55	3	2	7	3	5	6	13	8	3	13	0	8	5	3	6	15	15	37	2	3	3	9	5	7	29	22	12	17	56	12	4	4	37	6	36	19	8	9	12	3	5	17	13	7	13	23	4	11	9	6	7	17	2	4	5	14	29	24	2	12	9	5	2	8	7	5	20	25	10	2	4	24	56	17	0	15	1	3	2	4	7	9	7	62	15	10	14	8	9	6	24	7	11	21	3	3	25	0	4	8	18	1	9	8	2	9	9	22	1	24	11	7	41	6	21	2	12	14	1	13	21	2	24	11	23	11	37	5	3	14	27	5	7	12	2	8	2195	8	4	21	13	4	0	5	5	4	23	6	5	2	11	3	10	3	1	10	5	12	13	7	14	4	5	1	52	3	8	9	39	0	7	4	2	10	1	3	0	19	4	3	4	15	7	17	18	6	7	6	1	75	15	65	15	8	12	19	20	5	12	0	9	17	1	21	13	11	13	0	11	15	13	30	18	22	23	13	24	22	47	24	1	1	7	5	19	25	1	14	30	1	5	1	4	4	12	20	17	6	5	0	6	13	8	0	12	3	19	1	5	8	4	17	8	3	13	19	8	26	8	2	11	56	0	8	4	5	18	3	19	10	19	15	6	8	0	3	27	7	10	13	4	5	3	14	15	1	2	10	1	19	24	3	17	0	8	5	2	71	8	1	3	3	25	4	2	15	2	28	10	3	1	14	4	16	3
Del3:U1:R4	0	0	0	0	2	0	1	0	2	0	0	2	0	0	1	0	0	0	1	0	0	0	2	0	0	0	0	0	0	0	1	1	0	0	0	0	1	0	0	0	0	1	0	0	0	1	0	0	1	0	0	0	0	1	0	0	0	0	0	0	0	0	1	0	0	1	0	0	0	0	0	1	0	0	0	0	2	2	0	0	0	0	0	0	0	0	0	0	1	0	0	0	3	2	0	0	1	0	1	0	0	0	1	0	0	0	0	0	0	1	1	1	0	0	0	0	1	0	1	3	1	0	0	1	1	0	0	0	0	0	1	0	0	0	0	1	0	1	0	0	0	0	0	1	0	0	0	0	0	1	0	1	0	0	0	1	0	3	0	0	1	1	0	0	0	0	0	1	0	0	0	0	1	0	0	0	0	0	1	0	0	0	0	1	0	1	0	0	0	1	0	0	0	1	0	0	0	0	0	0	0	0	0	0	1	0	0	0	1	1	0	0	0	0	0	0	0	0	1	0	0	1	1	0	0	0	1	0	0	1	0	0	0	1	2	2	0	0	0	0	2	1	1	0	0	0	0	0	0	0	1	0	1	1	1	0	0	1	0	0	0	0	0	0	0	0	0	1	0	0	0	0	0	0	1	0	1	0	1	0	0	0	0	0	1	1	0	0	0	0	0	0	0	0	0	1	0	0	0	0	2	0	1	0	0	0	1	0	0	0	0	0	0	0	0	0	2	0	0	1	0	4	0	0	0	0	0	0	0	1	1	2	2	0	1	0	0	0	1	0	0	0	0	0	1	2	2	2	0	1	0	0	1	1	0	1	0	1	2	0	0	0	0	0	0	0	0	1	0	0	1	0	1	1	0	0	0	0	0	0	1	1	1	2	1	1	0	0	1	0	0	1	0	0	0	0	0	1	0	0	0	1	0	0	0	1	0	0	1	0	0	0	0	1	0	0	1	0	4	0	0	0	0	0	1	0	0	0	0	0	1	0	0	1	0	0	1	0	1	0	0	2	1	0	1	0	0	1	0	0	1	1	2	0	0	0	0	0	1	0	0	1	0	0	1	0	0	2	0	0	0	1	0	1	0	1	0	0	0	1	0	0	0	0	0	1	2	1	0	0	2	1	0	0	1	0	0	0	1	0	0	3	1	0	1	0	0	0	1	1	1	2	0	0	3	0	0	1	0	0	0	0	4	0	0	0	0	0	0	0	0	2	1	1	0	0	0	2	1	1	0	0	1	0	1	0	0	0	0	0	0	0	0	0	0	2	0	1	0	1	1	0	0	1	0	0	0	0	1	0	0	0	0	0	0	0
Del3:U1:R(5,9)	0	1	0	0	0	0	0	0	2	2	1	0	1	1	0	0	1	0	0	0	0	0	0	0	0	0	0	2	0	0	0	0	0	0	1	0	1	2	0	1	0	0	0	0	2	0	0	0	0	0	0	1	0	6	1	0	0	3	0	1	1	1	0	1	1	1	0	0	0	3	3	0	3	0	1	0	1	0	0	0	1	0	0	0	3	1	0	1	11	0	1	0	0	2	1	2	1	0	1	3	0	0	0	0	2	1	0	1	1	1	1	2	1	1	0	0	0	1	0	2	0	0	0	0	0	1	0	0	0	1	0	0	0	1	1	0	0	1	0	2	0	1	0	0	1	2	7	0	1	7	0	2	3	0	2	1	1	1	0	1	0	2	0	1	1	0	0	1	1	0	0	2	1	1	1	0	0	0	0	1	1	0	0	0	1	3	0	0	3	0	1	1	1	2	1	0	1	0	0	0	1	1	1	1	1	0	0	0	1	0	3	1	0	0	1	2	0	1	1	1	1	1	1	1	0	1	1	0	1	0	1	0	1	1	1	1	1	1	1	0	0	1	1	0	0	0	0	0	0	1	0	0	2	1	0	0	0	2	3	1	2	0	0	0	1	0	2	0	1	1	0	0	1	1	1	0	0	1	4	0	0	0	1	0	0	1	0	1	1	0	2	1	1	1	1	1	0	0	0	0	1	0	1	1	2	1	0	0	0	1	0	2	0	0	1	0	1	0	1	0	0	4	1	1	0	2	1	2	1	1	0	1	1	2	2	3	4	0	0	1	1	1	2	1	1	0	0	1	0	0	0	0	1	1	1	0	2	1	0	0	4	3	0	0	0	0	0	0	0	0	1	0	2	1	0	1	1	2	0	1	0	2	1	1	1	0	0	3	1	1	2	2	0	0	0	0	0	10	0	1	1	0	1	0	0	0	1	2	0	0	0	1	1	0	0	0	0	1	0	1	0	0	1	3	0	3	0	2	2	4	0	1	1	1	0	3	0	0	1	2	0	0	0	1	1	1	0	0	1	1	5	0	8	0	1	1	0	1	1	2	0	0	0	0	0	0	1	0	2	0	1	2	1	0	0	2	2	2	1	0	0	1	1	0	0	1	0	1	0	1	1	1	0	1	1	0	0	0	0	0	1	0	1	0	2	1	1	1	2	2	0	2	0	1	1	0	1	0	0	0	0	0	19	1	0	1	1	0	1	0	0	1	2	0	0	0	0	1	2	1	1	0	0	0	1	3	1	1	0	2	1	1	0	4	1	2	1	0	0	0	2	1	1	0	1	0	2	0	2	1	0	0	0	0	0	0
Del3:U3:R2	4	6	6	8	7	2	4	0	7	14	4	10	3	2	17	9	17	2	4	3	5	5	3	0	5	14	5	4	13	9	6	7	3	3	7	5	5	6	10	3	6	9	16	4	14	14	7	11	7	7	9	15	11	15	5	3	6	11	9	7	5	3	8	7	9	14	2	3	4	7	12	4	9	7	2	10	6	12	7	10	7	2	10	8	6	13	4	4	423	4	7	3	15	8	9	8	8	12	4	21	2	6	11	9	0	13	8	5	35	9	9	7	6	9	10	20	9	11	6	13	11	3	6	9	6	12	5	3	8	9	10	8	8	11	6	7	4	14	9	3	9	5	19	8	5	24	29	4	9	392	6	14	9	10	6	12	17	15	6	4	6	12	4	12	14	5	10	13	25	5	10	14	5	6	16	0	6	16	27	1	1	7	7	11	10	11	4	26	2	7	9	10	11	5	7	15	7	10	6	6	4	10	10	3	8	4	3	15	6	1	92	7	5	6	6	55	11	6	12	6	14	11	11	15	6	10	8	0	7	7	11	6	5	8	9	6	8	10	6	9	17	51	8	3	7	6	7	1	1	7	6	7	17	7	9	6	5	12	5	17	20	9	4	7	5	8	7	17	8	4	3	0	7	10	7	10	14	8	27	3	1	4	26	6	5	12	14	9	24	27	8	4	20	3	18	31	16	11	6	12	6	2	7	16	9	3	1	10	4	11	7	7	6	12	9	17	7	12	6	7	5	19	11	8	3	59	6	19	10	10	2	17	8	11	14	15	9	0	3	10	7	6	6	13	15	6	10	8	3	9	8	5	8	10	9	5	7	20	4	6	20	12	4	5	6	11	11	9	9	10	19	5	13	13	10	5	6	9	9	10	11	11	9	9	9	12	12	23	10	5	9	11	5	14	20	7	6	336	10	9	17	5	2	7	2	15	16	27	7	3	2	5	9	5	9	0	15	5	10	14	9	9	25	20	8	252	6	8	11	15	7	13	3	6	2	2	10	7	6	14	0	12	4	3	7	5	12	4	2	5	21	2	188	4	7	11	4	10	10	3	1	6	6	4	6	10	22	9	3	7	9	10	2	14	2	29	9	10	10	14	7	3	1	5	3	19	6	8	2	16	4	7	4	9	12	9	4	8	9	10	4	14	7	14	9	6	2	12	7	1	7	16	0	7	14	13	9	3	13	3	3	4	56	3	4	7	6	2	4	5	5	7	5	5	5	8	4	6	17	4	2	7	10	1	18	15	0	7	6	10	9	28	3	11	3	16	33	9	10	7	1	6	7	6	3	8	13	7	8	7	7	4	7	6	1	8
Del3:U3:R3	0	1	4	2	2	0	1	0	1	3	0	2	1	0	6	3	2	2	0	1	0	1	1	0	0	6	3	1	5	1	3	2	1	1	4	4	3	1	2	4	1	2	1	1	3	3	3	0	1	2	0	4	0	7	3	0	0	1	1	4	3	2	0	3	5	1	2	1	3	4	3	3	3	5	4	0	1	3	0	3	1	0	0	3	1	0	1	2	157	4	0	1	6	2	0	2	1	2	1	6	1	0	2	2	3	2	3	1	12	2	2	1	0	3	5	3	3	2	5	7	1	1	2	2	2	2	2	0	4	1	2	1	2	3	3	3	0	5	2	0	2	0	5	4	1	7	3	3	2	108	0	9	3	3	2	3	3	9	3	2	3	2	2	7	2	1	0	3	6	2	5	1	1	1	2	0	3	7	4	1	0	0	2	3	6	1	1	6	0	2	2	4	2	6	6	3	1	6	2	1	0	4	0	0	3	3	0	4	2	0	26	4	4	1	1	16	2	0	2	1	4	1	3	1	9	2	1	0	1	3	7	2	1	2	3	1	3	5	1	1	2	14	2	2	1	1	0	1	1	1	2	3	4	3	0	1	1	4	1	4	10	2	0	1	2	1	0	4	2	0	3	1	1	3	0	0	4	3	2	2	0	0	4	1	2	3	3	1	6	8	0	1	8	4	3	7	4	2	0	6	1	0	8	3	3	2	1	0	2	1	3	3	5	3	1	0	1	3	0	3	2	2	2	1	2	23	0	5	2	0	0	1	2	6	5	7	4	1	0	3	2	0	2	2	2	1	2	3	1	7	3	2	2	4	1	0	0	6	4	1	2	0	0	1	3	4	2	4	2	2	2	2	4	9	6	3	1	2	0	2	1	2	4	5	1	0	3	13	3	1	1	1	1	4	8	2	3	121	1	3	4	2	0	1	2	4	5	7	3	3	1	2	2	0	2	0	4	0	3	5	4	2	3	9	3	70	0	0	2	4	2	1	1	0	2	1	0	2	0	4	0	3	1	1	0	1	1	1	3	2	2	1	63	3	2	4	2	0	0	1	0	1	1	0	2	2	3	1	1	2	8	3	2	2	0	7	4	5	2	2	1	2	1	1	0	5	1	3	0	3	1	2	0	4	2	3	2	2	3	2	0	3	1	2	1	2	1	2	0	2	0	1	3	4	5	2	6	2	0	2	1	2	10	1	1	2	2	1	2	0	3	3	1	2	1	0	2	2	7	0	0	1	4	2	8	4	1	1	3	5	3	7	0	5	2	5	9	2	7	5	0	0	2	0	1	7	2	0	5	0	3	0	0	1	0	0
Del3:U3:R4	1	0	0	1	0	0	0	0	0	0	0	0	0	0	0	0	0	1	2	0	0	1	0	0	0	0	0	0	0	0	0	0	0	0	0	2	0	0	0	0	0	1	1	0	2	0	0	0	0	0	1	1	1	1	0	1	0	0	1	0	0	1	1	0	2	1	0	1	0	0	0	0	1	1	0	1	2	0	1	0	1	0	0	1	1	0	0	0	46	0	0	0	0	0	0	2	1	0	0	1	2	0	0	2	0	0	0	1	2	0	0	0	0	1	1	2	1	0	0	2	0	0	0	0	0	1	0	0	1	1	0	1	3	0	1	2	0	0	2	1	0	0	2	1	0	1	0	2	1	30	0	0	1	0	0	1	0	3	0	0	1	0	0	1	2	0	0	1	1	0	1	1	1	0	0	0	1	1	0	0	1	0	1	1	0	0	0	0	2	0	1	1	3	1	0	0	3	1	0	2	2	0	0	1	0	0	0	0	2	0	13	2	0	0	1	1	1	0	1	0	0	0	1	2	0	4	2	0	2	0	0	0	0	0	1	0	2	2	1	1	0	4	0	0	1	0	0	0	0	2	0	1	1	1	0	0	1	2	0	0	0	0	0	1	0	1	1	2	0	0	0	0	1	0	0	0	2	0	2	0	1	0	1	0	0	0	0	3	0	3	0	1	1	0	1	2	1	1	1	0	1	0	0	3	1	1	0	1	1	0	1	0	0	0	0	1	0	0	0	0	0	0	1	2	1	3	0	2	0	0	0	1	2	3	0	1	1	0	0	0	1	0	1	4	1	0	1	2	1	0	2	0	0	0	0	1	0	3	0	0	3	1	0	0	0	2	0	1	1	2	0	0	0	3	0	0	0	1	1	2	1	4	1	3	0	1	0	1	0	0	0	2	0	1	3	0	1	49	0	1	1	1	1	0	1	0	1	0	0	0	0	0	2	1	0	0	0	0	1	1	3	0	0	1	0	20	0	0	0	0	0	0	0	0	0	0	1	0	0	0	0	0	1	0	0	0	2	0	2	1	3	2	9	0	1	1	1	0	1	1	0	0	0	0	0	3	5	0	1	0	2	0	2	1	0	1	0	1	0	0	0	1	1	0	0	2	0	1	1	0	3	0	0	1	0	1	2	0	2	1	0	1	0	1	1	0	0	1	1	0	0	3	0	0	3	1	0	0	2	0	1	0	3	0	0	1	0	0	0	1	0	1	0	0	0	0	1	1	0	0	1	0	1	2	2	1	0	1	0	3	0	3	0	0	0	0	1	0	3	1	0	2	0	1	1	0	3	0	1	2	0	0	0	0	0	0
Del3:U3:R(5,9)	1	0	0	0	0	0	0	0	1	0	0	2	1	0	3	3	3	1	1	1	0	0	0	0	1	1	1	0	0	0	0	0	1	0	1	0	0	1	0	0	3	0	0	3	0	2	1	2	0	4	2	1	0	3	0	0	4	1	1	4	6	0	0	4	5	2	0	0	2	1	1	0	6	1	2	2	4	2	0	0	1	0	0	1	2	1	0	0	68	0	0	0	0	2	1	0	1	0	1	0	0	0	0	1	1	3	1	0	3	1	0	1	1	1	0	1	1	1	1	2	1	0	1	0	0	0	0	1	1	1	0	0	0	0	0	0	0	0	0	0	2	1	0	1	0	0	0	2	0	44	0	0	0	0	2	0	1	3	0	0	1	0	0	2	2	1	0	1	2	0	4	1	0	0	2	0	1	2	3	0	0	1	0	0	1	1	0	0	0	3	0	1	0	1	0	0	2	4	0	0	0	0	1	2	0	1	0	4	1	0	36	2	0	0	1	2	0	1	2	0	2	0	0	0	0	1	0	0	0	2	1	0	3	1	1	0	0	0	1	1	0	2	1	1	0	1	0	0	0	1	0	1	0	0	1	0	2	0	1	0	0	0	0	0	0	0	0	0	1	0	1	0	1	0	0	0	0	0	0	0	0	0	1	0	0	1	0	1	0	1	2	0	2	0	0	0	5	1	0	0	0	0	1	1	3	1	0	0	1	0	1	1	0	2	0	0	3	1	1	1	1	1	0	0	0	4	0	0	1	1	1	0	0	1	0	0	2	0	0	1	0	1	0	0	0	0	0	0	0	3	1	0	2	0	0	1	0	0	2	0	3	0	0	0	0	0	1	0	0	2	1	0	0	1	0	1	0	2	0	2	0	1	0	2	0	2	1	1	0	2	0	0	0	1	0	0	1	127	0	0	4	3	1	0	0	2	0	2	1	2	1	0	0	0	0	1	3	0	0	1	0	1	0	3	0	8	0	0	0	1	0	1	0	0	0	2	1	3	0	0	1	0	0	0	0	0	0	1	0	0	1	0	11	0	1	1	0	1	1	0	1	0	1	1	0	0	3	0	0	0	2	1	1	0	1	1	1	0	2	0	1	0	0	0	0	4	0	0	0	2	0	0	1	0	1	1	0	1	0	0	0	1	1	1	1	0	0	0	0	1	0	1	0	0	3	0	0	2	1	0	0	1	1	0	0	0	0	2	2	1	0	1	0	0	0	0	0	0	2	0	1	0	0	0	0	6	0	1	2	1	0	1	0	0	0	1	3	0	3	0	0	1	0	0	0	0	1	1	1	0	2	1	0	1	0	1
Del4:U1:R(5,9)	1	0	0	0	2	0	0	0	0	2	0	0	0	0	1	0	0	0	0	0	0	0	1	0	0	0	1	0	0	1	0	0	0	0	1	0	0	0	0	0	0	0	0	2	0	0	0	0	0	0	0	1	0	1	0	0	0	0	0	1	0	0	0	0	2	0	0	0	0	1	0	0	1	0	0	0	0	0	0	0	1	0	0	0	0	0	0	0	5	0	0	0	1	0	0	0	0	1	0	0	0	0	0	2	0	0	0	0	1	2	0	0	2	0	3	0	1	0	1	0	0	0	1	0	0	1	0	0	0	1	0	0	1	1	1	0	0	1	1	0	0	0	2	0	0	0	3	1	0	1	1	0	0	0	0	0	0	0	0	1	0	0	0	0	1	1	0	0	2	0	1	1	0	0	0	0	0	0	0	1	0	0	0	0	0	1	0	0	0	1	0	0	0	0	0	1	0	2	0	1	0	0	1	0	1	1	0	2	0	0	3	0	1	0	0	1	1	0	0	0	1	0	1	0	0	0	0	0	0	0	1	0	1	0	0	0	0	0	0	1	0	1	0	0	0	0	1	1	0	0	0	1	1	0	2	0	0	0	1	0	0	1	0	0	0	0	0	1	0	0	0	0	0	0	1	0	1	0	0	0	0	0	2	0	0	0	0	0	2	1	2	0	0	0	1	0	0	1	0	2	1	0	0	1	0	0	0	0	0	1	0	0	1	0	1	0	0	0	0	1	0	3	0	0	0	0	0	0	0	2	0	0	0	1	0	0	0	0	1	0	0	0	0	0	1	0	0	0	2	2	0	0	1	0	0	0	1	0	1	0	2	2	1	0	0	1	0	0	0	0	1	0	0	0	0	0	1	0	0	0	0	1	1	3	1	0	0	1	0	0	0	2	0	0	0	0	0	6	2	0	1	0	0	0	0	0	1	0	0	1	0	2	1	0	0	0	2	0	0	0	1	0	0	0	0	1	1	0	1	3	1	0	0	1	0	0	0	0	0	1	0	1	0	3	0	0	0	0	0	2	0	0	2	0	1	1	0	0	0	0	0	0	0	0	0	0	2	2	0	1	0	0	0	0	0	1	0	0	0	2	1	2	0	0	1	0	1	1	1	0	0	1	0	1	1	0	0	0	0	1	0	0	0	0	1	1	0	0	0	0	0	1	0	0	0	0	1	1	0	0	1	1	13	0	0	0	2	0	1	0	1	0	0	0	0	0	1	1	0	0	0	0	0	0	0	0	0	1	0	2	0	1	0	1	1	1	0	0	2	0	1	0	0	0	0	0	0	0	2	0	0	0	1	0	0	0
Del4:U2:R3	0	0	0	0	0	0	0	0	0	1	0	0	0	0	1	0	0	0	0	0	0	1	0	0	1	0	0	0	0	0	1	0	0	0	0	0	0	0	0	0	1	0	0	0	0	0	0	0	1	0	0	1	0	1	1	0	0	2	1	0	0	1	0	0	0	0	0	0	1	0	0	0	0	0	0	0	0	0	0	0	0	0	0	1	1	0	0	0	7	0	0	0	1	0	0	0	0	0	0	0	0	0	0	1	0	0	0	0	1	1	0	0	0	1	1	0	0	0	0	1	0	0	1	0	0	0	0	0	0	0	0	0	0	1	0	0	0	0	1	0	0	0	0	0	2	0	0	0	0	8	0	0	0	1	0	0	2	2	0	0	0	0	1	1	0	0	0	1	1	0	2	0	0	0	1	0	0	2	1	0	0	0	0	0	0	1	0	0	1	0	1	0	0	0	0	0	0	2	0	0	1	0	0	0	1	0	1	2	0	0	2	1	0	0	0	0	0	0	0	0	0	0	0	0	0	0	0	0	0	0	2	0	0	0	0	1	1	0	0	0	0	0	0	0	0	0	0	0	0	0	1	0	0	2	0	0	0	0	1	0	2	0	0	0	0	2	0	2	1	0	0	0	0	1	0	0	0	0	2	1	0	0	1	0	1	0	0	0	0	0	0	0	1	0	0	1	0	0	0	1	0	0	0	0	0	1	0	0	0	1	0	0	0	1	2	0	1	0	0	0	0	1	0	0	0	1	0	0	1	1	0	0	2	0	0	0	0	0	0	0	0	0	1	0	0	0	0	0	0	1	0	0	1	0	0	0	0	1	0	0	0	0	1	1	0	0	0	1	1	0	1	0	1	0	0	0	0	0	0	0	0	2	0	1	0	1	0	1	0	1	0	0	0	0	1	0	0	4	0	1	0	0	0	0	0	1	0	1	0	0	0	0	0	0	0	0	1	0	2	0	1	0	0	1	1	6	0	0	0	0	0	0	0	0	0	0	1	0	0	1	0	0	1	1	1	0	1	0	0	0	0	0	4	0	0	0	0	1	1	0	0	0	1	0	0	0	2	0	0	1	1	1	0	1	0	3	1	0	0	0	0	1	0	0	0	0	0	0	0	1	0	0	0	0	0	2	0	0	0	0	0	2	1	1	0	0	0	1	0	0	0	1	1	0	0	0	0	0	1	0	0	0	2	1	0	0	0	0	0	0	0	0	1	0	0	0	0	0	3	0	0	0	1	0	0	0	0	1	0	2	1	0	0	1	0	1	2	0	0	0	0	0	0	0	0	0	0	0	1	0	0	0	0	1	0	0
Del4:U2:R4	0	0	1	1	0	0	0	0	0	0	0	0	0	0	1	0	1	0	0	0	0	0	0	0	1	0	0	0	0	0	0	1	1	0	0	0	0	0	0	0	0	0	0	0	1	0	0	0	0	0	0	1	1	0	1	0	0	0	0	0	0	0	1	0	2	1	0	0	0	0	0	1	1	1	0	0	0	0	0	0	0	0	0	1	2	1	0	0	21	1	1	0	2	1	1	0	0	2	0	1	0	0	0	0	0	0	0	1	0	0	1	0	2	0	1	1	0	0	0	2	0	0	0	0	0	0	1	0	0	0	0	0	1	0	0	0	0	1	0	1	0	0	0	3	1	1	0	1	0	12	0	1	1	2	0	1	0	2	0	1	1	0	1	1	1	1	0	0	3	0	0	0	1	0	1	0	0	2	6	0	0	1	0	2	0	1	2	2	1	0	1	1	1	1	1	1	0	0	0	2	0	1	1	0	0	0	0	0	0	0	3	1	0	0	0	0	1	0	0	0	2	0	2	0	1	0	0	0	0	0	2	0	0	1	0	0	0	1	0	1	1	2	0	2	0	0	0	0	1	0	0	1	0	0	0	0	1	0	0	1	0	0	0	1	2	0	0	0	1	0	0	0	0	1	0	0	1	2	0	0	0	0	1	0	1	1	1	2	4	2	1	1	2	0	0	0	0	0	2	3	0	0	2	3	0	1	0	0	1	0	1	0	1	1	0	0	0	0	0	1	0	4	0	0	0	2	0	0	0	2	0	2	2	0	3	1	2	0	0	0	0	1	0	1	0	0	0	0	1	1	0	0	1	1	1	0	0	0	0	0	0	0	0	0	0	2	0	0	1	1	3	1	0	1	1	0	1	0	0	0	0	2	0	1	0	1	0	5	3	0	0	0	1	0	1	1	0	17	0	1	0	2	0	1	0	0	1	4	0	0	0	1	0	0	1	0	0	0	1	0	1	2	0	2	0	8	0	0	0	3	1	1	0	0	0	1	1	0	0	1	0	1	0	0	0	0	2	1	0	0	2	0	8	1	2	1	0	0	1	0	0	0	0	0	0	0	1	0	1	0	1	0	0	0	0	1	0	0	0	0	0	0	0	0	1	0	0	0	0	4	1	1	0	1	1	2	0	0	0	0	1	3	0	2	0	0	0	2	0	1	0	0	0	0	0	2	0	2	1	0	0	1	4	0	1	1	0	0	1	0	1	0	0	0	2	0	0	0	3	0	0	0	0	0	1	0	1	0	0	1	3	1	0	1	0	4	0	0	1	1	0	0	0	0	0	0	0	1	1	1	1	0	0	0	0	0
Del4:U2:R(5,9)	0	2	0	1	1	0	0	0	0	1	0	0	0	0	1	1	0	1	0	0	0	0	0	0	0	0	0	0	0	0	1	0	0	0	0	0	1	0	0	0	1	1	2	1	0	0	2	0	1	0	0	0	0	1	0	1	0	1	0	1	0	0	0	1	2	0	0	0	0	0	2	0	0	1	1	0	1	1	0	0	0	0	0	0	0	0	0	0	59	0	1	0	1	4	1	0	2	1	1	0	1	0	0	0	0	0	2	3	6	0	0	2	0	0	4	3	1	0	0	1	1	1	1	2	0	0	0	0	1	0	1	1	0	1	0	0	0	2	1	0	0	0	1	3	4	4	1	3	0	34	2	3	2	0	1	0	1	1	1	1	4	3	1	0	0	0	1	1	3	0	2	3	1	1	2	0	1	1	8	0	0	0	1	6	0	0	0	1	0	1	2	2	1	0	2	2	0	1	2	4	0	1	1	1	2	0	0	0	0	2	11	2	0	0	1	0	2	0	2	1	0	1	2	0	1	0	0	0	1	1	2	0	2	4	3	0	0	0	0	2	2	12	0	1	0	1	0	0	0	1	0	1	5	1	0	1	1	0	0	3	2	1	0	1	2	2	2	5	2	0	1	0	3	1	0	0	0	1	1	0	0	0	1	0	0	0	0	1	7	3	1	2	0	1	4	3	1	6	0	5	0	1	1	6	1	0	0	0	1	2	1	2	1	4	3	1	1	0	0	1	0	3	0	0	3	1	2	5	0	2	1	1	2	5	2	2	2	0	1	4	0	0	2	1	0	0	0	0	1	1	0	1	3	0	0	0	2	4	0	3	0	4	0	1	1	0	0	3	2	1	2	0	4	1	3	0	0	1	0	0	1	7	2	2	1	1	2	7	0	0	2	1	1	3	1	1	0	72	1	1	5	0	0	1	0	1	1	1	0	1	5	0	0	2	1	0	1	0	4	0	1	0	2	3	1	25	0	4	2	1	2	0	0	0	0	0	0	1	0	4	2	0	2	0	2	3	2	1	1	0	2	0	16	1	2	1	1	2	2	3	0	1	1	0	1	1	7	1	0	2	3	2	1	1	1	3	0	2	1	0	0	0	1	2	1	3	0	2	0	3	0	1	0	1	0	3	2	1	1	1	1	1	0	1	0	0	1	2	0	0	0	0	0	1	1	1	1	3	1	0	0	0	12	0	0	1	0	0	1	1	1	0	3	2	1	1	0	1	1	0	0	1	2	1	3	1	0	2	2	0	1	6	2	1	2	1	3	2	3	3	0	1	0	0	0	3	0	0	5	1	1	0	0	2	0	2
Del4:U4:R2	5	14	3	5	4	0	4	1	8	7	4	4	3	6	23	8	10	8	4	2	2	3	2	1	2	4	6	2	3	11	11	10	2	0	1	5	5	2	4	1	4	5	4	3	10	4	7	1	3	6	3	5	2	16	2	3	3	8	6	5	2	4	7	6	11	9	1	3	4	6	14	1	3	6	3	4	5	2	2	4	2	6	4	3	6	9	1	1	233	3	2	3	9	5	5	3	3	5	10	10	3	2	4	2	4	12	5	2	22	6	5	12	6	15	8	7	7	2	5	10	4	1	1	2	2	3	1	2	4	10	2	3	6	1	7	4	1	6	7	8	6	4	8	8	9	23	19	11	7	153	2	10	6	4	5	6	9	8	3	5	8	6	3	8	18	3	11	6	21	7	9	15	6	2	13	2	5	14	19	4	3	1	8	12	4	6	3	8	6	5	7	11	4	6	8	4	8	10	2	6	1	7	10	3	8	4	7	11	0	3	40	2	9	5	2	19	4	4	7	9	10	4	9	5	7	6	3	0	3	5	12	2	4	7	6	5	8	10	2	7	9	16	4	3	3	3	8	4	1	5	7	5	8	7	7	1	1	12	2	8	10	8	1	4	6	0	2	6	3	2	5	1	11	13	6	3	4	8	11	6	1	0	17	4	3	3	7	5	19	12	6	2	21	5	18	13	6	9	2	5	4	4	10	10	13	5	3	7	8	8	4	2	6	8	3	8	5	6	2	5	0	18	9	5	8	29	0	12	5	5	2	6	6	13	8	10	8	3	5	11	5	4	5	4	6	1	6	8	6	5	2	3	10	5	2	8	5	10	3	1	6	7	6	3	10	3	5	6	7	3	16	4	21	11	5	0	4	9	3	4	3	14	6	7	6	5	14	18	7	4	6	6	7	6	13	4	7	115	8	7	19	6	3	6	7	10	15	14	4	6	4	8	3	1	1	3	10	3	4	6	7	11	10	14	5	111	6	1	7	5	5	8	5	3	4	3	3	4	2	7	4	13	3	8	5	3	16	2	2	2	11	0	87	3	5	21	3	10	8	3	6	8	5	4	7	11	16	2	2	2	12	7	5	5	1	24	1	4	4	5	1	3	1	1	3	12	1	9	5	5	8	1	2	8	9	12	3	3	4	2	3	13	3	6	8	3	2	6	8	6	5	9	12	7	8	7	6	5	6	3	1	1	63	2	3	5	7	0	2	7	4	5	5	4	5	4	1	3	13	5	4	5	2	5	6	15	1	2	1	15	3	14	6	10	3	15	11	9	9	5	2	6	6	4	5	9	3	3	11	4	3	3	4	5	2	7
Del4:U4:R3	0	1	0	2	0	0	1	0	1	3	0	1	0	0	2	1	3	2	0	0	0	2	0	0	0	3	1	2	3	3	2	0	0	0	0	1	3	0	0	1	1	4	5	1	0	3	1	1	0	1	1	2	0	2	0	0	0	0	0	2	0	0	2	0	4	2	0	0	0	1	1	1	1	3	0	2	1	0	0	1	2	1	2	0	0	2	0	3	61	1	1	1	2	3	1	3	3	1	0	2	0	3	1	1	2	1	2	2	5	4	2	2	1	2	3	4	1	1	1	1	1	0	1	0	0	1	0	0	2	2	1	0	3	0	3	5	1	1	1	0	3	1	1	2	1	8	5	4	0	36	0	0	1	1	1	3	1	4	3	1	2	2	0	0	1	3	2	4	7	1	4	4	1	2	3	1	1	2	5	0	0	0	4	2	1	0	3	3	3	0	1	3	3	1	3	3	2	1	1	3	0	5	1	0	2	0	0	4	3	1	7	3	3	0	1	3	0	1	0	0	2	1	3	1	1	1	1	0	1	4	5	2	1	3	3	0	2	2	0	3	5	4	0	2	0	1	3	0	2	3	1	1	6	1	1	1	2	1	0	3	3	3	2	0	4	0	1	0	0	1	2	0	3	4	1	0	4	0	1	2	1	0	3	2	0	1	2	1	9	4	2	1	4	2	1	4	2	2	0	8	2	1	2	5	4	0	0	1	2	3	1	2	0	0	2	1	2	0	3	4	2	4	0	2	3	7	3	2	1	1	0	2	4	4	4	2	0	2	3	3	0	2	2	3	1	0	2	2	3	2	1	0	0	2	0	0	2	8	0	1	3	3	0	1	0	0	0	3	1	0	2	2	6	2	1	1	0	2	1	0	0	4	0	2	3	1	1	4	3	0	2	2	1	1	4	2	0	51	1	2	1	2	0	3	1	2	5	2	2	1	0	1	2	0	1	0	4	0	4	4	2	0	4	4	0	27	2	2	2	0	0	2	0	2	0	2	1	1	1	1	1	5	1	0	1	1	2	3	1	1	6	0	19	0	0	6	0	1	0	1	0	3	0	0	1	1	1	2	0	1	3	2	0	1	0	5	1	1	1	0	2	0	0	2	3	1	0	2	0	2	2	3	1	1	0	3	1	2	0	2	1	3	1	5	3	2	0	1	2	3	2	1	1	3	4	3	4	3	1	1	2	0	17	2	0	3	0	0	1	1	0	3	1	3	1	1	4	4	2	1	1	0	1	3	1	6	0	0	2	1	2	3	1	4	3	2	5	2	0	0	1	1	1	2	1	0	0	0	1	1	1	0	2	1	1	2
Del4:U4:R4	1	1	1	1	0	0	0	0	0	0	0	0	0	0	1	0	0	2	0	0	1	0	0	0	0	1	0	0	0	0	2	0	0	1	0	0	1	0	0	0	0	0	0	0	0	0	0	1	0	1	2	2	0	2	0	0	1	1	2	0	0	0	0	2	1	2	1	1	0	0	0	0	0	2	1	1	1	0	1	0	0	0	1	0	1	1	0	0	44	0	2	1	2	0	1	0	1	0	1	0	1	0	1	1	2	1	0	2	4	0	2	0	0	2	0	1	0	1	0	2	0	0	0	0	0	1	0	0	3	0	0	1	3	1	0	2	0	0	1	0	2	2	0	1	2	3	5	0	1	13	0	4	1	0	0	3	1	3	1	3	3	2	0	1	3	2	0	0	5	1	1	2	2	2	1	0	1	1	3	0	0	0	1	0	0	3	0	3	2	2	0	0	1	0	2	0	0	0	0	2	3	2	1	2	0	2	2	1	0	0	9	3	2	1	0	2	2	1	1	0	0	0	2	0	1	0	0	0	2	0	3	1	0	0	0	3	2	0	0	2	2	2	2	2	0	0	0	0	0	0	0	1	3	2	1	0	0	1	1	2	8	0	0	4	1	0	1	0	1	1	0	0	2	2	0	0	1	1	4	1	0	0	4	0	0	1	0	1	3	3	1	0	4	1	1	0	1	2	0	0	0	0	1	1	0	1	1	0	0	1	0	0	0	0	0	3	0	0	0	2	1	1	1	0	0	5	2	2	2	0	1	0	0	2	2	1	1	0	0	1	0	1	1	0	0	0	0	0	0	1	1	0	3	0	1	0	1	3	2	0	0	2	1	0	2	0	1	3	0	1	1	0	1	2	0	1	0	1	1	4	0	2	0	3	1	0	2	2	0	1	0	1	1	0	0	0	1	35	0	2	3	0	2	1	1	1	3	3	1	0	1	1	0	0	0	1	1	1	1	1	2	0	4	4	1	17	1	0	2	1	0	0	1	1	0	1	2	0	2	0	0	2	0	0	3	1	2	1	0	0	0	1	13	0	0	1	1	0	3	2	0	0	0	0	0	1	2	1	0	2	3	0	1	0	1	2	0	3	0	0	0	2	0	2	0	0	1	0	1	4	2	0	0	0	1	0	1	1	0	0	0	6	0	1	0	1	1	0	1	0	1	3	1	0	1	0	1	0	0	0	0	0	15	0	1	0	1	0	0	0	2	3	1	2	1	1	1	0	0	0	0	1	2	1	1	3	1	0	0	3	0	2	0	1	0	2	0	1	2	2	2	1	0	1	0	0	0	0	0	1	0	0	0	0	1	1
Del4:U4:R(5,9)	0	0	0	0	0	0	0	0	1	0	0	0	0	1	1	2	0	0	0	0	0	0	0	0	0	0	1	0	0	3	1	0	1	0	0	0	2	1	0	0	0	0	1	0	0	0	0	1	0	1	0	0	0	1	0	0	1	0	1	0	0	0	0	0	2	1	0	0	2	0	0	0	1	0	0	0	1	0	0	0	0	0	0	0	0	1	0	2	62	0	0	0	1	1	0	0	2	0	0	1	0	0	0	1	0	1	1	1	5	0	0	1	0	0	0	0	0	0	1	1	1	1	0	2	1	0	0	0	0	0	0	0	0	0	0	1	0	0	0	0	1	0	0	2	0	4	0	0	0	27	0	2	2	0	0	0	0	2	0	0	3	1	1	0	0	1	0	1	2	2	1	1	1	0	0	0	0	2	2	1	0	0	2	0	1	1	1	1	1	0	0	0	0	1	0	1	0	1	1	2	0	1	1	0	3	0	0	3	1	0	18	0	1	0	0	0	1	0	0	1	1	1	2	0	1	0	0	0	2	1	0	0	1	1	2	0	1	1	0	1	1	11	0	1	0	0	1	0	1	1	0	0	2	2	0	0	1	0	0	0	1	1	0	0	1	0	0	0	0	0	1	0	1	0	0	0	0	0	1	2	0	0	1	1	1	0	0	0	3	2	2	0	0	1	3	1	2	0	0	1	1	0	0	2	5	0	0	1	0	2	0	2	0	1	1	0	1	0	2	1	0	1	1	0	3	1	1	0	1	0	0	0	0	0	3	2	0	0	1	0	0	1	0	2	2	1	0	0	0	2	1	1	0	0	1	0	0	0	0	1	2	0	0	1	0	0	1	2	0	0	2	0	0	1	1	0	0	0	2	0	0	1	0	1	0	0	0	1	1	0	1	0	1	1	1	1	2	74	1	0	2	0	0	0	0	2	3	0	1	1	0	1	0	1	1	1	2	0	2	1	2	1	0	0	0	30	0	0	2	0	0	1	3	0	0	0	0	1	1	0	0	0	0	1	2	0	0	0	0	0	0	0	23	0	0	3	0	0	0	0	0	0	0	0	0	0	0	2	0	0	0	0	0	0	0	0	0	0	2	1	1	0	0	1	0	1	0	0	0	0	1	0	0	0	0	0	0	1	2	0	0	3	0	0	0	0	1	0	0	1	1	1	1	1	1	0	0	0	0	0	1	0	3	0	0	1	0	0	0	0	0	1	0	0	0	0	0	0	0	0	1	0	1	0	1	1	2	0	0	2	0	3	0	1	1	3	2	0	0	1	0	2	0	0	0	1	0	0	0	0	0	1	1	0	0	0
Del5:U1:R(5,9)	0	0	0	1	0	0	0	0	0	0	0	0	0	0	1	0	0	0	0	0	0	0	0	0	0	0	0	0	0	0	0	0	0	0	0	0	0	0	0	0	0	0	0	0	0	0	1	0	1	0	0	1	0	1	0	0	0	0	0	0	0	0	0	0	0	0	0	0	0	1	0	0	0	0	0	0	0	0	0	0	0	0	0	0	0	0	0	0	0	0	0	0	0	1	0	0	0	0	0	1	0	0	0	0	0	0	1	0	0	0	0	0	0	0	0	0	0	0	0	0	0	0	0	0	0	0	1	0	0	0	0	0	0	0	0	0	0	0	0	0	0	0	0	0	0	0	0	0	0	0	0	0	0	0	0	0	0	1	1	0	0	0	0	0	0	0	0	0	0	0	0	0	0	1	0	0	0	0	0	0	0	0	0	0	0	0	0	0	1	0	0	0	0	0	0	0	0	0	0	0	0	0	0	0	0	0	0	0	1	0	0	0	0	0	0	1	0	0	0	0	0	0	1	0	0	0	0	0	0	0	0	0	0	0	0	0	0	0	0	0	0	0	1	0	0	0	0	0	1	1	0	0	0	0	0	1	0	0	0	1	0	0	0	0	0	1	0	0	0	0	0	0	0	0	0	0	0	0	0	0	0	0	0	0	1	0	0	0	0	0	0	0	0	0	0	0	0	0	0	0	0	0	0	0	0	1	0	1	0	1	0	0	0	0	0	0	0	0	0	0	0	0	1	0	2	0	0	0	0	0	0	0	0	0	0	0	0	0	0	0	0	0	0	0	0	0	0	0	0	0	0	0	0	0	0	0	0	0	0	0	0	0	0	0	1	0	0	0	0	0	0	0	0	0	0	0	0	1	0	0	0	0	0	1	0	0	1	0	0	0	0	1	0	0	0	0	0	0	0	0	1	0	0	0	0	0	0	0	1	0	0	0	0	0	0	0	0	0	0	0	0	0	0	0	0	0	0	1	0	0	0	0	0	0	1	0	0	0	0	1	0	0	0	0	0	0	0	0	0	0	1	0	0	0	0	0	0	0	0	0	0	0	0	0	0	0	0	0	0	0	2	0	0	0	0	0	0	0	0	0	0	0	0	1	0	0	0	0	1	0	0	0	0	0	0	0	0	0	0	0	0	0	0	0	0	0	0	1	0	0	0	0	0	0	1	0	0	0	0	0	0	0	3	0	0	0	0	0	0	0	0	0	0	0	0	0	0	0	0	0	0	0	0	0	0	1	0	0	0	0	0	0	0	0	0	0	0	0	0	0	0	0	0	0	0	0	0	0	0	0	0	0	0	0	0	0
Del5:U5:R2	1	1	0	3	1	0	2	0	2	5	0	0	0	0	4	2	1	2	0	0	0	0	3	0	0	2	0	0	1	1	3	0	1	0	0	1	2	0	3	0	0	1	0	0	1	1	1	1	1	0	1	4	0	4	1	1	0	2	1	0	1	1	1	1	1	1	0	0	1	3	0	0	1	3	0	1	2	0	3	1	2	2	3	1	1	1	1	1	23	0	0	0	3	4	1	1	2	7	0	1	2	2	0	1	0	1	0	2	8	1	2	1	0	0	1	2	1	1	0	1	1	1	0	2	0	3	1	0	1	2	0	0	1	2	1	1	0	1	1	1	6	0	1	0	1	5	3	3	0	21	0	1	2	1	3	2	1	3	0	2	3	1	1	2	4	1	6	3	9	1	1	1	3	1	2	0	1	2	2	0	1	0	5	0	1	2	0	4	0	1	3	6	3	5	3	1	1	1	0	1	2	2	2	1	4	3	3	2	1	0	3	3	3	0	1	0	1	0	0	5	2	5	0	1	1	4	0	1	1	1	3	0	1	0	0	1	2	2	1	1	1	3	1	2	0	3	2	1	0	3	2	0	2	3	3	2	0	2	1	6	4	2	2	1	2	1	0	1	1	0	1	1	1	7	3	0	0	2	4	2	0	0	4	1	4	2	0	0	6	5	1	1	1	0	2	4	4	2	0	1	1	1	1	4	0	0	0	2	2	1	1	1	0	2	2	3	1	1	2	1	2	6	2	1	1	2	0	4	1	4	1	6	5	3	7	5	0	1	0	3	2	3	1	2	2	0	2	0	2	3	0	3	5	3	0	0	0	4	1	1	1	4	1	1	0	1	1	1	3	0	0	1	3	1	1	1	1	1	4	2	0	5	1	2	1	2	2	7	2	1	1	1	2	0	6	2	1	22	0	2	3	6	1	2	3	3	5	4	0	2	2	2	0	0	1	1	2	1	2	3	2	0	1	1	2	15	5	1	1	1	0	1	1	2	1	1	1	0	2	2	0	3	1	0	1	0	3	0	2	3	3	0	13	0	2	3	2	2	1	1	0	2	1	2	0	0	5	4	1	2	1	1	1	1	0	8	0	4	0	2	1	3	1	3	1	2	0	0	0	3	0	0	1	1	2	6	1	2	2	0	1	1	1	7	1	1	1	5	1	1	2	0	1	1	1	1	1	1	2	0	1	0	21	0	0	2	2	1	0	1	2	0	2	3	0	2	2	0	4	2	0	0	1	0	6	4	0	3	0	4	2	5	1	2	0	1	0	1	0	2	0	2	3	0	0	4	1	0	3	4	4	1	2	2	2	1
Del5:U5:R3	0	0	1	0	0	0	0	0	0	0	0	0	0	0	1	0	0	0	0	0	0	0	0	0	0	1	0	0	1	0	0	0	0	0	0	0	0	2	0	1	0	0	0	0	0	0	0	0	0	1	0	0	0	0	0	0	0	1	0	0	0	0	0	0	0	0	0	0	0	0	0	0	0	0	0	0	0	0	0	0	0	0	1	0	1	1	0	0	6	0	1	0	0	0	0	0	2	0	0	0	0	0	0	0	1	1	0	0	0	0	0	0	0	0	0	0	0	1	0	0	0	1	0	0	0	0	0	0	0	0	0	0	0	0	0	1	1	0	1	0	1	0	0	0	0	0	0	1	0	2	0	0	0	0	1	1	0	0	0	1	0	2	0	0	0	0	0	0	1	1	0	0	0	0	2	0	0	0	1	0	0	0	1	1	0	0	1	0	2	1	0	0	1	1	0	2	1	0	1	2	0	0	1	0	1	0	1	1	0	2	3	2	0	0	0	0	0	0	0	0	1	0	0	0	1	0	0	0	0	1	0	0	0	0	1	0	1	0	0	2	0	1	0	0	0	1	0	0	1	0	0	0	0	0	0	0	0	0	0	4	1	0	0	1	0	0	0	1	0	0	0	0	0	0	0	0	0	2	3	1	0	0	1	0	0	2	0	0	0	1	1	1	1	1	2	0	2	0	0	0	0	0	1	1	1	0	0	0	0	1	1	0	0	1	0	0	0	0	0	0	0	0	0	0	0	0	0	1	1	1	0	2	0	1	0	1	0	0	0	0	0	0	0	0	0	0	0	0	0	1	0	1	0	0	1	1	0	0	0	0	0	1	0	0	0	0	0	0	0	1	0	0	0	1	0	1	0	1	0	0	0	0	0	0	0	1	1	2	0	0	0	0	0	0	2	0	0	9	0	1	2	1	0	0	2	1	2	2	0	0	0	0	1	0	0	0	0	0	0	1	1	0	0	1	0	4	0	0	1	0	0	0	0	0	0	0	0	1	0	1	0	0	0	1	0	0	0	0	0	0	2	1	4	0	1	1	0	0	0	0	0	0	0	1	0	0	2	0	0	0	0	0	0	0	0	0	0	0	1	0	0	0	0	0	1	0	0	0	0	1	1	0	0	0	0	0	1	0	0	0	0	1	1	2	0	0	0	1	0	0	0	1	1	1	0	1	0	1	0	0	1	0	7	0	0	0	0	0	0	0	0	0	0	1	0	0	0	0	0	0	0	0	0	0	1	0	0	0	0	0	0	0	0	1	0	0	2	0	0	1	1	0	0	0	0	2	0	1	0	2	0	0	0	0	0	0
Del5:U5:R4	0	0	0	0	0	0	0	0	0	0	0	0	0	0	0	0	0	0	0	0	0	0	0	0	0	0	0	0	0	0	0	0	0	0	0	0	0	0	0	0	0	0	0	0	0	0	0	0	0	0	0	1	0	1	0	0	0	1	0	0	0	0	0	0	0	0	0	0	0	0	1	0	0	0	0	0	0	0	0	0	0	0	0	1	0	1	0	0	12	0	0	0	0	0	0	0	1	0	0	0	0	0	0	0	0	0	0	0	3	0	0	0	0	0	0	0	0	0	0	0	0	0	0	1	0	0	1	0	0	0	0	0	1	0	0	0	0	0	0	0	0	0	0	0	0	0	0	0	0	0	0	0	0	0	0	0	0	0	0	0	0	0	0	0	0	0	0	1	0	0	0	0	0	0	0	0	0	1	0	0	0	0	0	0	0	0	0	0	0	0	0	1	0	0	0	0	0	0	0	0	0	0	0	0	0	1	1	0	0	0	3	3	0	0	0	1	0	0	0	0	0	1	0	0	0	0	0	0	0	0	0	0	0	0	0	0	1	0	0	0	0	1	0	0	0	1	0	0	0	0	0	0	0	0	0	1	0	0	0	0	1	0	0	1	0	0	0	0	0	0	0	0	0	0	0	0	0	0	0	0	0	1	1	0	0	0	0	0	0	2	0	0	0	0	1	0	0	0	0	0	0	0	1	0	1	0	1	0	0	0	0	0	1	0	0	0	1	1	0	0	0	0	0	1	0	0	0	0	0	0	0	0	0	0	0	0	0	0	0	0	0	0	0	0	0	0	0	0	0	0	0	0	0	0	0	0	0	0	0	1	0	0	0	0	0	0	0	0	0	0	0	0	0	0	0	0	0	0	0	0	0	0	0	0	0	0	0	0	0	0	0	1	0	1	0	0	1	12	0	0	2	0	0	0	0	0	1	0	0	0	1	0	0	0	0	0	0	0	0	0	0	0	0	0	0	7	0	0	0	0	0	0	1	0	0	0	0	0	0	0	0	1	0	0	0	0	1	0	0	0	0	1	5	0	0	1	0	0	0	0	0	0	0	0	0	0	0	0	1	0	0	0	0	0	0	0	0	0	1	0	0	0	0	0	1	0	0	0	0	1	0	0	0	0	1	1	0	0	0	0	1	1	0	1	0	0	0	1	0	0	0	0	0	1	0	1	0	0	0	0	0	0	1	0	0	0	0	0	0	0	0	0	0	0	0	0	0	0	0	0	0	0	0	0	0	0	0	0	0	0	0	0	0	0	0	0	0	0	0	0	0	0	0	0	0	0	0	1	0	0	0	0	0	0	0	0
Del5:U5:R(5,9)	0	0	0	0	0	0	0	0	0	0	0	0	0	0	0	1	0	0	0	0	0	0	0	0	0	0	0	0	0	0	0	1	0	0	0	0	0	0	0	0	0	0	0	0	0	0	0	0	0	0	0	1	0	0	0	0	0	0	0	0	0	0	0	0	0	0	0	0	0	0	0	0	0	0	0	1	0	0	0	0	0	0	0	0	0	0	0	0	13	0	0	0	0	0	0	0	0	0	0	0	0	0	0	0	0	0	1	0	0	0	0	0	0	0	0	0	0	0	0	0	0	0	0	0	0	0	0	0	0	0	1	0	1	0	0	0	0	0	1	0	0	0	0	0	0	0	0	1	0	0	0	1	0	0	0	0	0	0	0	0	0	0	0	0	0	0	0	1	0	0	0	0	0	0	0	0	1	3	0	0	0	0	0	0	0	0	1	0	0	0	0	1	0	0	0	0	0	0	1	0	0	1	0	0	0	0	0	0	0	0	4	0	0	0	0	0	0	0	0	0	0	0	0	0	0	0	0	0	0	0	0	0	0	0	0	0	0	0	0	0	1	1	1	1	0	0	0	0	1	0	0	0	0	0	0	0	0	0	0	1	0	0	0	0	0	0	0	1	0	0	1	0	1	0	0	0	0	0	0	0	0	0	0	0	0	0	0	0	0	0	1	0	0	0	0	0	0	0	0	0	0	0	2	0	0	0	0	0	0	0	1	0	0	0	0	0	0	0	0	0	0	1	0	0	0	0	0	0	0	0	0	0	0	0	0	0	0	0	0	0	0	0	0	1	0	0	0	0	0	0	0	0	1	0	2	0	0	1	0	0	1	1	0	0	0	0	0	0	0	0	1	0	0	0	0	0	0	0	0	0	0	0	0	0	0	0	0	1	0	0	0	1	0	0	0	0	1	8	0	0	0	0	0	1	0	0	0	0	0	0	0	0	0	1	0	0	0	0	1	0	0	0	0	0	0	3	0	0	0	0	0	0	0	0	0	0	0	0	0	1	0	0	0	0	0	0	0	0	0	0	0	0	3	0	0	1	0	0	0	0	0	0	0	0	0	0	0	0	0	0	0	0	0	0	0	0	0	0	0	0	1	0	0	0	0	0	0	0	0	1	0	0	0	0	0	0	0	0	0	0	0	0	0	0	0	0	1	0	0	0	0	0	0	0	0	0	1	0	0	0	0	0	1	0	0	0	0	0	0	0	0	1	0	0	0	0	0	0	0	0	0	0	0	0	0	4	0	0	0	1	0	1	0	0	0	0	0	0	0	1	0	0	0	0	0	0	0	0	0	0	1	1	0	1	0	0
Del(6,):U1:R(7,9)	0	0	0	0	0	0	1	0	0	0	0	0	0	0	0	0	0	0	0	0	0	0	0	0	0	0	0	0	0	0	0	0	0	0	0	0	0	0	0	0	0	0	0	0	0	0	0	0	0	0	0	0	0	0	0	0	0	0	0	0	0	0	0	0	0	0	0	0	0	1	0	0	0	0	0	0	0	0	0	0	0	0	0	0	0	0	0	0	0	0	0	0	0	0	0	1	0	0	0	0	0	0	0	0	0	0	0	0	0	0	0	0	0	0	0	0	0	0	0	0	0	0	0	0	0	0	0	0	0	0	0	0	0	0	0	0	0	0	0	0	0	0	0	0	0	0	0	0	0	0	0	0	0	1	0	0	0	0	0	0	0	0	0	0	0	0	0	0	0	0	0	0	0	1	0	0	0	0	0	0	0	0	0	0	0	0	0	0	0	1	0	0	0	0	0	0	0	0	0	0	0	0	0	0	0	0	0	0	0	0	0	0	0	0	0	0	0	0	0	0	0	0	0	0	0	0	0	0	0	0	0	0	0	0	0	1	0	0	0	0	0	0	0	0	0	0	0	0	0	0	0	0	0	0	0	0	0	0	0	0	0	0	0	0	0	0	0	1	0	0	0	0	1	0	0	0	0	0	0	0	0	0	0	0	0	0	0	0	0	0	0	0	0	0	0	0	0	0	0	0	0	0	0	0	0	0	0	0	0	0	0	0	0	0	0	0	0	0	0	0	0	0	0	0	0	0	0	0	1	0	0	0	0	0	0	0	0	0	0	0	0	0	0	0	0	0	0	0	0	0	0	0	0	0	0	0	0	0	0	0	0	0	0	0	0	0	0	0	0	0	0	0	0	0	0	0	0	0	0	0	0	1	0	0	0	0	0	0	0	0	0	0	0	0	0	0	0	0	0	0	0	0	0	0	0	0	0	0	0	0	0	0	0	0	0	0	0	0	0	0	0	0	0	0	0	0	0	0	0	0	0	0	0	0	0	0	0	0	0	0	0	0	0	0	0	0	0	0	0	0	0	0	0	0	0	0	0	0	0	0	0	0	0	0	0	0	0	0	0	0	0	1	0	0	0	0	0	0	0	0	0	0	0	1	0	0	1	0	0	0	0	0	0	0	0	0	0	0	0	0	0	0	0	0	0	0	0	0	0	0	0	0	0	0	0	0	0	0	0	0	0	0	0	0	0	0	0	0	0	0	0	0	0	0	0	0	0	0	0	0	0	0	0	0	0	0	0	0	0	0	0	0	0	0	0	0	0	0	0	0	0	0	0	0	0	0	0	0	0	0	0	0	0	0	0	0
Del(6,):U2:R(4,9)	0	0	0	0	0	0	0	0	0	0	0	0	0	0	0	0	0	0	0	0	0	0	0	0	0	0	0	0	0	0	0	0	0	0	0	0	0	0	0	0	0	0	0	0	0	0	0	0	0	0	0	0	0	0	0	0	0	0	1	0	0	0	0	0	0	0	0	0	0	0	0	0	0	0	0	0	0	0	0	0	0	0	0	0	0	0	0	0	5	0	1	0	0	0	0	0	0	0	2	0	1	0	0	1	0	0	1	0	1	2	0	0	1	0	1	2	0	0	0	1	0	0	0	0	0	2	1	0	0	0	0	0	0	1	0	0	0	0	1	0	1	1	0	1	0	1	3	0	0	4	0	0	0	0	0	0	1	1	0	0	0	2	0	1	0	1	1	0	1	0	1	0	1	1	0	0	0	0	0	0	0	0	0	0	0	0	0	0	0	0	0	1	1	2	0	0	0	0	0	3	0	0	0	0	0	0	1	0	0	0	4	1	1	0	1	1	0	0	1	0	0	0	0	1	1	0	0	0	0	2	0	0	0	0	0	0	0	1	0	0	0	0	0	0	0	1	0	1	0	0	0	0	1	0	1	0	1	2	0	1	0	1	0	0	2	0	0	0	1	0	0	0	1	0	0	0	0	0	1	0	0	0	2	1	0	1	0	0	0	0	0	0	0	1	0	1	0	0	0	1	0	0	0	0	0	0	1	0	1	0	1	1	0	2	0	0	1	0	0	0	0	2	0	0	0	0	0	0	0	0	0	0	1	0	0	0	0	2	0	2	0	0	0	0	1	0	0	0	1	0	0	1	0	0	1	1	0	0	0	1	0	2	0	0	0	0	0	2	0	0	0	1	0	0	0	0	0	0	0	0	0	0	0	0	0	1	0	3	0	0	0	0	0	0	1	1	0	16	2	0	0	0	2	0	0	1	0	1	0	0	0	1	1	0	0	1	0	2	0	0	0	0	0	0	0	4	0	1	0	0	1	0	0	0	0	0	0	0	1	0	0	0	0	0	0	0	1	0	0	1	0	1	0	0	1	1	0	1	0	0	0	0	0	0	0	0	1	0	1	0	1	0	1	0	0	1	0	1	0	0	0	0	0	1	0	1	0	0	0	2	0	0	1	0	0	0	1	0	1	0	0	0	1	0	0	0	1	0	1	0	0	1	0	0	1	0	0	0	0	0	0	0	0	0	0	0	0	0	0	0	0	0	0	1	0	0	0	0	0	0	0	0	1	0	0	2	0	1	0	0	0	0	0	2	0	0	0	1	1	1	0	1	0	0	0	0	0	0	1	0	1	0	0	1	0	1
Del(6,):U3:R(3,9)	0	0	0	0	0	0	0	0	0	0	0	0	0	0	0	0	0	0	0	0	0	0	0	0	0	0	1	0	0	0	0	0	0	0	0	0	0	1	0	0	0	0	0	0	0	0	0	0	0	0	0	0	0	0	0	0	2	0	0	0	0	0	0	0	1	0	0	0	0	0	0	0	0	0	0	0	0	0	0	0	0	0	0	0	0	0	0	1	1	0	0	0	0	0	0	1	0	0	0	0	0	0	0	0	0	1	0	0	1	0	0	0	1	0	0	1	1	0	1	1	0	0	1	1	0	0	0	0	0	0	0	0	1	0	1	0	0	0	0	0	1	2	0	1	0	0	1	0	1	1	0	0	1	0	1	1	0	1	0	1	2	1	0	0	0	0	0	1	0	1	0	0	0	0	0	0	0	0	0	0	0	0	0	0	0	0	0	0	0	0	0	2	1	0	0	0	0	1	0	1	1	0	0	1	0	0	0	2	0	0	0	1	0	0	0	1	0	1	1	0	0	0	0	0	0	0	0	0	0	1	0	0	0	0	0	0	0	0	0	1	0	1	1	0	0	0	0	0	0	1	0	0	1	1	1	0	1	0	1	0	0	1	0	1	0	1	0	0	0	0	0	0	0	1	0	0	0	0	2	0	0	0	2	1	0	1	1	0	0	1	0	0	0	0	0	3	0	0	0	0	0	0	0	1	1	0	0	0	0	1	0	0	0	0	1	0	0	0	0	0	0	1	0	0	0	0	0	0	2	1	0	1	0	0	0	0	1	0	0	0	0	1	1	1	0	0	0	0	1	0	0	1	0	0	0	0	0	1	0	0	1	2	0	0	0	0	0	0	0	0	1	0	2	1	0	1	0	0	0	0	0	2	0	2	2	0	1	1	0	0	0	1	0	0	1	0	1	3	2	0	1	0	0	0	0	1	0	0	0	0	0	0	0	0	0	0	2	0	0	0	0	0	0	0	0	6	0	0	1	0	0	0	0	0	0	0	1	1	1	0	0	0	0	0	0	0	0	1	0	1	0	0	5	0	2	0	0	0	0	0	0	0	0	0	0	1	2	0	0	0	1	0	1	0	0	2	0	0	0	1	0	1	0	0	0	2	1	0	0	0	0	0	0	0	0	1	1	0	0	0	0	0	0	1	0	0	0	0	0	0	0	0	0	0	0	0	0	0	0	0	0	0	2	1	0	1	0	0	0	0	0	0	0	0	0	0	0	1	0	0	0	0	0	0	1	2	0	0	0	0	0	1	0	2	1	1	0	0	3	1	1	0	0	0	0	0	0	0	1	1	0	0	0	0	0	0
Del(6,):U(4,):R(2,9)	2	1	1	1	0	0	0	0	2	2	0	2	0	0	5	2	2	0	1	0	0	0	0	0	2	1	0	0	0	2	0	1	1	0	2	0	0	1	1	1	1	2	5	0	0	0	1	2	3	1	0	5	0	10	0	0	2	0	2	1	0	1	4	1	2	5	1	1	2	4	2	2	2	6	2	0	2	2	4	0	1	0	1	3	2	10	1	3	31	2	0	4	3	2	8	6	0	2	0	3	2	0	2	4	2	4	2	3	8	3	3	4	1	0	5	2	3	2	0	12	0	0	0	4	1	3	3	0	2	0	0	2	10	3	0	6	0	2	5	4	3	1	0	8	1	4	8	1	1	10	2	5	3	1	3	3	1	10	3	4	11	7	0	4	6	3	1	2	6	3	6	2	2	5	5	3	2	6	1	0	1	3	5	3	2	2	0	5	2	6	6	3	8	6	6	2	2	5	1	8	2	4	2	1	2	5	2	6	0	2	15	7	4	4	0	4	3	2	3	3	3	3	1	9	3	4	1	3	5	5	2	1	3	3	3	4	6	5	0	5	7	8	4	2	0	1	1	0	0	2	3	2	4	0	4	1	3	0	2	4	14	4	1	3	5	3	1	4	3	3	3	1	3	4	0	2	3	5	4	2	2	0	5	4	1	6	4	5	10	7	2	3	0	6	6	16	10	4	2	4	2	0	10	8	9	2	4	1	3	4	1	0	0	1	2	0	2	2	6	0	3	12	0	1	4	2	2	4	3	3	0	3	3	17	6	3	5	3	3	3	0	3	2	3	2	1	9	5	2	4	0	2	8	2	4	4	3	5	2	7	4	6	3	1	1	2	1	4	5	0	7	3	5	9	3	9	0	5	1	0	3	6	3	9	1	5	5	3	2	1	5	6	8	2	5	1	6	41	3	4	18	8	0	4	2	2	8	13	4	2	2	6	0	1	2	1	5	5	2	3	2	1	1	3	1	31	2	6	2	5	3	2	2	1	1	3	3	1	2	0	0	2	2	1	6	1	3	5	2	2	13	1	16	1	7	5	2	2	6	1	1	3	1	1	7	4	4	3	1	4	2	5	4	3	1	9	1	12	5	2	1	3	1	4	6	3	6	0	0	13	6	1	3	0	2	3	2	0	1	0	3	5	4	7	6	2	2	3	3	1	1	1	5	2	1	5	6	2	6	5	1	6	6	0	3	4	3	2	0	2	1	3	4	4	1	1	1	2	5	1	1	2	3	0	3	20	4	0	3	3	3	12	2	8	0	4	7	2	6	6	0	2	2	6	1	4	2	2	8	1	0	0	6	2	1	4
Ins(2,4):M	3	1	3	1	5	0	4	0	5	2	0	2	0	0	11	4	1	0	3	2	0	0	0	0	4	3	0	6	0	1	0	4	1	1	1	2	0	2	5	5	2	4	8	0	3	4	1	0	6	7	5	7	0	8	5	1	2	5	2	3	0	3	19	11	3	5	0	4	7	4	4	5	8	2	1	11	12	3	6	3	3	5	2	2	5	21	11	22	309	7	12	22	48	9	18	17	4	3	12	21	10	2	18	19	8	19	35	10	73	23	14	10	5	6	21	14	14	6	15	30	8	4	19	25	27	13	14	4	23	18	16	11	25	15	17	10	2	12	6	2	1	3	3	16	7	13	19	4	8	82	11	41	8	3	8	35	4	46	25	29	10	16	8	33	14	13	6	10	12	17	20	22	10	11	9	7	3	25	31	0	28	24	11	5	15	20	17	57	7	9	22	15	27	8	16	15	15	6	4	24	6	15	9	8	8	11	22	20	5	15	94	11	8	15	14	20	15	4	17	4	28	31	14	15	22	11	11	4	27	34	5	6	12	6	26	11	12	56	4	10	6	28	15	4	1	20	4	3	13	8	9	13	17	23	12	5	31	18	4	13	46	18	4	6	7	7	14	33	19	6	10	3	11	10	10	9	26	29	35	3	5	4	11	7	9	47	39	22	33	42	18	10	8	51	8	32	24	13	9	19	14	6	27	23	19	22	35	6	11	19	5	17	21	15	8	12	13	31	17	6	7	23	9	9	4	3	16	18	17	16	2	6	25	43	44	16	13	5	12	9	5	23	7	17	80	24	28	33	14	16	8	29	16	16	19	9	8	29	5	8	43	22	7	11	19	3	8	11	27	8	19	32	32	44	26	29	5	19	8	9	16	28	5	69	14	39	14	46	15	17	17	22	17	16	22	9	15	359	8	13	22	21	4	7	5	7	12	44	8	10	10	16	2	5	9	4	10	3	24	7	12	9	7	14	7	16	4	18	15	29	5	22	8	17	13	8	7	6	19	15	3	4	27	17	36	23	7	25	13	7	104	14	49	12	21	35	18	23	4	13	4	15	12	2	16	13	26	21	6	13	18	10	23	26	24	34	24	28	32	33	27	5	3	12	16	60	25	7	21	46	8	9	8	15	10	21	32	17	7	7	5	19	20	18	3	20	6	34	6	12	13	20	31	29	10	14	33	14	39	20	1	18	27	11	11	19	10	26	5	37	25	21	25	7	10	9	6	25	13	6	14	8	8	6	32	33	6	9	22	5	34	50	1	22	5	17	10	4	79	20	2	13	8	20	8	1	28	0	41	12	4	8	8	4	18	8
Ins(5,):M	3	2	0	0	1	0	0	0	2	0	0	0	0	0	7	1	3	0	3	1	1	1	1	0	0	2	3	2	3	2	1	0	0	0	0	0	2	1	4	0	2	2	9	1	1	2	4	1	2	0	4	12	1	8	1	0	1	1	2	3	1	1	3	4	2	2	0	1	2	4	6	4	0	3	1	3	7	5	1	3	1	1	3	1	2	7	10	19	334	16	19	27	40	16	45	31	24	9	14	35	26	5	33	13	14	43	54	15	79	42	23	15	18	12	27	25	35	4	13	29	12	12	22	30	36	20	33	25	29	14	18	9	44	25	19	15	7	16	18	7	14	12	21	37	9	17	47	17	12	136	16	48	8	9	15	24	18	37	25	25	24	25	10	42	23	22	11	24	26	30	32	22	14	29	24	9	16	24	34	10	24	34	15	17	24	25	15	68	9	9	33	27	29	21	23	18	15	21	8	43	18	27	23	21	14	13	21	24	7	27	79	22	10	22	17	19	26	14	19	4	21	28	33	32	22	19	17	11	26	49	15	4	23	18	35	17	22	59	13	17	16	103	22	7	7	16	5	9	13	17	31	17	37	31	39	21	30	24	18	34	76	31	4	15	13	18	42	57	23	17	21	9	11	19	24	21	23	31	35	11	8	14	16	14	20	50	31	36	46	71	27	11	19	64	30	40	25	14	11	36	10	10	29	36	16	19	21	8	19	24	10	26	31	40	10	13	23	32	32	3	15	30	8	20	26	17	19	23	29	26	6	34	56	47	76	15	39	11	17	21	16	25	9	23	78	34	33	54	21	29	15	36	28	22	38	22	15	23	16	29	42	23	20	25	31	20	16	18	44	25	33	44	25	68	22	39	21	19	20	14	20	36	23	44	28	65	23	70	37	18	28	38	19	20	38	22	28	394	16	16	32	32	16	15	16	8	26	47	14	16	17	28	14	16	18	4	18	14	31	19	37	16	11	19	17	28	10	25	21	49	9	26	23	19	13	3	12	25	35	18	10	11	34	12	43	45	19	20	16	19	99	24	68	20	26	37	33	38	14	21	13	23	21	4	23	23	33	24	9	17	27	24	17	33	28	28	24	50	33	50	30	16	9	25	24	36	40	15	30	50	18	14	16	15	15	28	50	26	13	11	13	20	24	25	18	16	11	37	10	14	15	22	32	31	21	12	27	31	43	29	10	20	43	18	15	22	16	37	21	31	19	22	35	17	23	17	12	37	22	16	18	18	18	9	33	44	5	15	20	26	40	42	8	36	5	17	16	13	108	19	6	12	11	26	6	12	31	8	61	18	8	15	14	7	20	11
Ins2:U1:R0	0	1	0	0	2	0	0	0	1	2	0	0	0	0	4	1	1	0	1	0	0	0	0	0	3	0	1	2	0	0	0	2	0	0	0	0	0	0	0	0	0	0	2	0	3	0	3	0	3	1	1	2	0	2	0	0	0	2	0	1	1	0	4	2	2	1	0	0	2	1	1	0	0	0	0	2	1	1	1	0	0	0	0	0	1	2	0	3	9	3	1	0	5	0	3	0	1	0	1	0	0	0	2	4	4	1	17	1	4	14	1	1	1	0	1	1	2	1	3	13	1	0	2	4	2	1	0	0	4	1	1	1	3	0	1	1	0	1	0	1	1	1	1	3	1	2	2	1	1	3	0	1	0	0	0	2	1	17	6	2	1	1	2	5	3	0	0	0	2	5	1	1	1	1	4	1	2	2	4	0	3	6	0	3	4	3	4	6	0	2	5	1	3	0	7	3	0	1	0	5	0	1	1	2	0	0	1	15	0	4	4	1	1	2	1	2	1	1	1	0	3	2	2	3	3	1	0	0	2	2	3	1	0	0	1	1	0	4	1	0	2	0	2	0	0	0	0	0	2	0	1	2	5	1	2	1	2	0	1	1	5	1	1	1	0	1	0	1	1	0	1	0	4	1	0	1	4	5	2	0	1	0	1	1	12	0	1	3	2	6	2	2	1	2	1	3	1	1	2	1	0	1	2	1	4	1	5	1	0	1	1	3	5	1	0	0	4	2	2	0	1	1	2	0	1	2	0	6	0	1	1	0	4	0	5	0	3	1	0	0	1	2	2	2	4	0	2	2	1	3	2	3	3	2	2	1	0	2	0	1	2	2	2	2	1	1	0	2	5	2	5	3	3	3	1	2	0	1	3	0	1	3	3	6	3	3	0	8	1	1	4	4	0	1	0	1	1	26	0	2	0	2	2	1	1	1	0	7	1	0	0	1	0	0	1	1	2	0	1	0	2	1	2	3	9	3	3	3	2	3	0	2	1	1	0	0	1	1	3	1	0	0	4	1	2	0	2	3	2	15	7	0	1	1	1	6	3	5	1	1	0	2	0	0	0	2	2	1	0	1	4	1	3	2	1	0	2	2	3	1	1	0	1	0	0	2	5	1	0	3	0	0	0	0	0	0	1	2	2	1	0	1	1	2	0	3	0	4	0	0	2	1	1	2	3	2	8	1	2	2	0	2	5	2	1	0	2	0	0	2	1	0	3	1	0	0	1	1	1	1	1	0	2	0	0	2	0	0	7	1	1	5	1	1	8	1	1	0	3	0	0	2	0	1	0	1	3	0	8	0	0	0	0	2	1	0
Ins3:U1:R0	0	0	0	0	0	0	0	0	0	0	0	0	0	0	1	0	0	0	0	0	0	0	0	0	0	0	0	0	0	0	0	0	0	0	0	1	0	0	0	0	0	0	0	0	1	1	0	0	0	0	0	0	0	0	0	0	0	0	0	0	0	0	0	0	0	0	0	0	0	0	0	0	0	0	0	0	0	0	0	0	0	0	0	0	0	0	0	1	0	0	0	0	0	0	0	0	1	0	0	0	0	0	0	0	0	0	1	0	1	2	1	0	0	0	0	0	1	0	0	0	0	0	1	0	0	0	0	0	0	0	0	0	1	1	1	0	0	0	0	0	0	0	0	1	1	0	2	1	0	0	0	0	1	0	0	0	0	1	0	0	0	1	0	0	1	0	0	1	0	0	0	0	0	0	1	0	0	1	1	1	0	0	0	0	1	1	0	0	0	0	1	0	0	0	2	0	0	0	1	0	0	0	1	0	0	0	0	2	0	0	0	0	0	0	1	1	0	0	0	0	0	2	1	0	0	0	0	0	0	1	0	1	0	0	0	0	0	1	0	0	0	0	0	0	0	1	1	0	0	1	1	0	1	0	0	0	2	1	0	0	0	0	0	0	0	0	1	2	1	0	0	0	0	0	0	0	1	0	0	0	0	0	0	1	2	0	0	0	0	0	0	0	0	0	2	0	1	0	0	0	0	0	0	1	0	1	0	0	0	0	0	1	0	0	1	0	1	0	1	0	1	0	1	0	0	0	0	0	1	0	2	0	0	0	0	0	0	0	0	0	0	0	0	1	0	0	0	0	0	0	0	0	1	0	0	0	0	1	0	0	0	0	0	1	0	1	0	1	1	2	0	0	0	1	0	1	0	1	0	0	0	0	0	1	0	0	0	0	0	0	0	0	0	0	0	0	0	1	0	0	0	0	0	0	0	0	0	2	0	0	0	0	0	0	0	0	0	0	0	0	0	0	0	1	1	0	0	1	0	0	1	0	0	0	2	0	0	0	0	0	0	0	0	0	1	1	1	0	1	1	2	0	0	0	0	0	0	0	0	0	0	1	0	0	0	0	0	0	0	0	0	0	0	0	0	1	0	1	1	0	0	0	0	0	1	1	0	0	1	1	1	0	0	0	0	0	0	0	0	1	0	1	1	0	0	0	0	0	0	0	0	0	2	1	1	0	0	1	1	1	0	1	0	1	1	0	0	0	0	0	0	0	0	0	0	1	0	0	1	0	0	1	0	0	1	0	0	0	2	0	0	0	0	0	0	0	1	0	0	0	0	0	0	1	1	0	0	0	0	2	0	0	1	0	1	0
Ins4:U1:R0	0	0	0	0	0	0	0	0	0	0	0	0	0	0	0	0	0	0	0	0	0	0	0	0	0	0	0	0	0	0	0	0	0	0	0	0	0	0	0	0	0	0	0	0	1	0	0	0	0	0	0	0	0	0	0	0	0	0	0	0	0	0	0	0	0	0	0	0	0	0	0	0	0	0	0	0	0	0	0	0	0	0	0	0	0	0	0	0	0	0	0	0	0	0	0	0	0	0	0	0	0	0	0	0	0	0	0	0	0	0	0	0	0	0	0	0	0	0	0	0	0	0	0	0	0	0	0	0	0	0	0	0	0	0	1	0	0	0	0	0	0	0	0	0	0	0	0	0	0	0	0	0	0	0	0	0	0	1	0	0	1	0	0	0	0	0	0	0	0	0	0	0	0	0	0	0	0	0	0	0	0	0	0	0	0	0	0	0	0	0	0	0	0	0	1	0	0	0	0	0	0	1	0	0	0	0	0	0	0	0	0	0	0	0	0	0	0	0	0	0	1	0	0	0	0	0	0	0	0	0	0	0	0	0	0	0	0	1	0	0	0	0	0	0	0	0	0	0	0	0	0	0	0	0	0	0	0	0	0	0	2	0	0	0	0	0	0	0	0	0	0	0	0	0	0	0	0	0	0	1	0	0	0	1	0	0	0	0	0	0	0	0	0	1	0	0	0	0	0	0	0	0	1	0	0	0	0	1	0	0	0	1	0	0	0	0	0	0	0	0	0	0	0	0	0	1	0	0	0	0	0	0	0	0	0	0	0	0	0	0	0	0	0	0	1	0	0	0	0	0	0	1	0	0	0	0	0	0	0	0	0	0	0	1	0	0	0	0	0	1	0	0	1	0	0	0	0	0	0	0	0	0	0	0	0	0	0	0	0	1	0	0	0	0	0	0	0	0	0	0	0	0	0	0	0	0	0	1	0	0	0	1	0	0	0	0	0	1	0	0	1	0	0	0	0	0	0	0	0	0	0	0	0	0	0	0	0	0	1	0	0	0	0	0	0	0	0	0	0	1	2	0	0	0	0	0	0	0	0	0	0	1	0	0	0	0	0	0	0	1	0	0	0	0	0	0	0	1	0	0	0	0	0	0	0	0	1	0	0	0	0	0	0	0	0	0	1	0	0	1	0	0	0	0	0	0	0	0	0	0	0	0	0	0	0	0	0	0	0	0	0	0	0	0	0	0	0	0	0	0	0	0	0	0	0	1	0	1	0	0	0	0	0	0	1	1	0	0	1	0	0	0	0	1	1	0	0	0	0	0	0	0	0	0	0	0	0	0	0	0	0	1	0	0	0	0
Ins2:U2:R0	0	2	1	0	2	0	0	0	1	1	1	0	0	0	4	1	1	0	2	2	0	3	2	0	1	3	0	2	0	1	0	1	0	1	1	1	1	1	2	4	0	2	1	2	1	0	0	0	2	0	1	2	0	2	0	0	2	0	1	5	1	2	5	2	0	3	0	1	2	1	0	1	0	3	0	1	1	0	0	0	2	0	3	0	0	5	1	7	26	2	1	1	5	3	6	4	4	1	3	1	0	3	7	5	1	3	14	1	24	19	2	2	2	3	2	3	6	1	1	15	5	3	4	7	5	7	2	3	8	1	3	1	6	2	4	2	2	4	5	0	4	3	3	4	4	1	12	0	1	13	7	10	2	4	4	7	2	13	3	8	4	3	1	10	4	4	2	3	3	2	4	3	3	0	1	1	1	4	6	3	9	2	1	2	5	5	3	10	4	2	5	2	3	3	9	2	4	1	2	1	0	5	2	0	1	0	2	11	2	7	14	4	2	4	3	2	1	2	2	2	10	1	4	0	2	3	0	0	3	4	1	1	2	3	5	1	0	7	2	3	2	2	1	0	0	1	1	1	2	3	3	2	2	2	7	1	6	3	0	6	15	1	1	1	6	3	3	8	3	1	4	2	5	1	2	3	5	2	4	1	1	1	2	2	12	11	2	6	4	8	4	5	4	7	6	4	3	4	3	2	3	2	6	2	2	0	4	1	4	4	1	2	3	4	2	3	5	4	3	2	5	5	2	2	5	8	2	8	4	3	0	3	5	4	11	2	3	0	0	3	2	2	9	2	15	3	6	8	5	3	0	8	3	2	4	3	3	3	1	2	9	8	2	3	3	2	6	4	3	3	5	4	1	10	11	8	1	4	5	4	3	5	1	6	4	5	1	11	2	3	3	5	0	3	6	5	6	55	4	2	3	2	1	1	3	5	2	9	4	2	3	6	0	2	0	1	4	2	5	2	4	4	2	5	13	4	1	4	7	7	0	6	4	1	1	3	4	4	4	4	0	2	2	3	2	7	3	7	0	24	19	1	12	4	4	4	6	2	0	4	3	1	4	1	10	3	5	7	1	3	4	2	1	6	7	5	3	4	8	4	9	2	1	1	3	5	6	1	5	6	0	5	0	3	1	5	11	6	1	1	1	4	0	2	2	2	2	6	2	1	2	7	7	2	5	2	1	6	6	4	2	2	12	3	1	3	2	5	3	9	4	4	5	2	3	1	1	5	7	4	3	2	3	1	8	3	2	3	5	0	7	6	0	5	6	5	3	6	21	5	0	1	4	4	0	3	5	2	10	1	3	2	3	2	4	2
Ins3:U3:R0	0	1	0	0	0	0	0	0	0	0	0	0	0	0	1	1	0	0	0	0	0	0	0	0	0	0	0	0	0	0	0	0	0	0	0	0	0	0	0	0	1	1	0	0	1	1	1	0	0	0	0	2	0	0	0	0	0	1	0	1	0	0	1	1	0	0	0	0	1	0	0	0	0	1	0	0	0	1	0	0	0	0	0	0	0	5	2	0	10	1	1	2	4	4	2	1	1	0	1	2	2	0	2	2	2	2	4	0	3	5	2	0	0	0	0	1	2	3	1	2	2	2	0	8	2	1	0	1	3	2	1	0	2	1	0	0	0	4	0	0	1	1	1	4	2	4	1	2	2	7	0	1	5	1	0	1	3	1	1	1	0	2	2	4	1	0	0	2	3	0	3	0	0	1	3	4	1	0	3	0	2	0	1	4	3	0	2	3	1	0	2	0	0	1	7	2	1	0	2	3	1	4	1	1	2	0	3	1	0	6	8	1	1	1	0	0	1	1	4	0	2	1	2	0	2	0	2	0	2	4	0	0	1	2	2	1	3	3	0	1	0	1	4	0	1	2	1	4	2	2	1	3	1	0	2	0	6	1	0	2	4	1	0	0	2	1	0	3	2	0	2	0	2	1	0	1	4	3	3	0	0	0	0	0	3	0	3	0	2	4	3	0	1	1	0	5	3	2	4	2	0	0	0	4	2	1	2	0	0	2	1	2	2	2	0	0	3	0	2	1	2	2	1	3	1	1	0	3	3	4	1	0	3	4	1	1	2	1	1	1	0	0	2	5	5	1	1	3	0	4	2	1	4	1	2	3	3	1	2	2	1	2	0	1	1	2	0	0	3	1	5	3	1	0	2	2	1	0	1	1	2	2	0	2	2	3	1	3	3	1	0	2	0	2	0	4	0	26	0	2	2	0	1	2	1	0	1	3	2	1	0	3	2	0	0	1	2	0	2	1	3	0	1	4	3	3	0	2	0	1	0	1	1	3	1	3	1	2	1	2	2	1	1	0	4	4	2	0	2	3	10	0	9	0	0	2	2	1	0	1	1	1	1	1	5	0	5	0	2	1	1	0	3	0	0	4	0	0	2	2	2	0	1	0	1	4	0	1	1	2	1	1	0	1	0	3	2	1	0	2	1	3	1	0	4	0	0	3	1	1	1	1	1	2	4	4	1	2	2	2	0	0	3	0	0	1	1	0	2	1	2	1	3	3	2	1	0	1	2	1	1	2	0	0	1	3	1	2	4	2	1	4	1	2	1	0	2	3	1	3	1	2	0	2	0	0	2	0	1	0	0	0	1	0	2	2
Ins4:U2:R0	0	0	0	0	0	0	1	0	0	0	0	0	0	0	0	0	0	0	0	0	0	0	0	0	0	0	0	0	0	1	0	0	0	0	0	0	0	0	0	0	0	0	0	0	0	0	0	0	0	0	0	0	0	0	0	0	0	0	0	0	0	0	0	0	0	0	0	0	0	0	0	0	0	0	0	0	0	0	0	0	0	0	0	0	0	0	0	0	1	0	0	0	0	0	0	0	0	0	0	0	0	0	0	0	0	0	2	0	0	0	0	1	0	0	0	0	0	0	0	0	0	0	0	1	0	0	0	0	1	0	0	0	0	0	1	0	0	0	0	0	0	0	0	2	0	0	0	0	0	0	0	0	0	0	0	0	0	0	0	0	0	0	0	0	0	1	0	0	0	0	0	0	0	0	0	0	1	0	1	0	0	0	0	0	0	0	0	0	0	0	0	0	0	0	0	1	0	0	0	0	0	0	0	0	0	0	0	0	0	0	0	1	0	0	0	0	0	0	0	0	2	0	0	0	0	0	0	0	1	1	0	0	0	0	0	0	0	1	0	0	0	0	0	0	0	0	0	0	0	0	0	0	0	0	1	1	0	0	0	2	0	0	0	0	0	0	0	0	0	0	0	0	0	0	0	0	1	0	0	0	0	1	1	0	0	0	1	0	0	0	0	0	0	1	0	0	0	1	0	0	0	0	0	0	0	0	0	0	1	0	0	0	0	1	0	0	1	0	0	0	0	0	0	0	0	0	1	0	1	0	0	0	0	0	1	0	0	0	0	0	1	0	0	0	0	0	0	0	0	0	1	0	0	0	0	1	0	0	1	0	0	0	0	0	0	0	0	0	0	1	1	0	0	0	0	0	0	0	0	0	0	0	0	0	0	0	1	0	0	0	0	0	0	0	0	0	0	1	0	0	0	0	0	0	0	0	0	1	0	1	0	0	1	1	0	0	0	0	0	0	0	0	0	0	0	0	0	0	0	0	0	0	0	0	0	0	0	0	0	0	0	1	0	0	0	0	0	0	0	0	0	0	0	0	0	0	0	0	1	0	1	1	0	0	0	1	0	0	0	0	1	0	0	0	0	0	0	0	1	0	1	0	0	0	1	0	0	0	0	0	0	0	0	0	0	0	0	0	0	0	0	0	0	0	0	0	0	0	0	0	0	1	0	0	0	0	1	0	1	0	0	0	0	0	0	1	0	0	0	0	0	0	1	0	1	0	1	0	1	0	0	0	0	0	0	0	0	0	1	0	0	0	0	0	0	0	0	1	0	0	0	0	0	0	0	1	0	0	0	0	0	0	0	0	1	0
Ins4:U4:R0	0	0	0	0	0	0	0	0	0	0	1	0	0	0	0	0	1	0	0	0	0	0	0	0	0	0	0	0	0	0	0	0	0	0	0	0	1	0	0	1	0	0	1	0	0	0	1	0	0	0	0	1	1	1	0	0	2	0	0	0	0	0	0	0	1	1	0	0	0	0	0	1	1	1	0	0	0	0	0	0	1	0	1	0	0	0	0	2	11	1	0	0	2	1	1	0	0	2	1	1	0	0	0	2	0	2	3	0	2	9	2	1	1	0	1	3	3	0	2	3	4	1	0	3	3	2	3	2	2	0	1	1	0	1	2	2	1	0	4	0	2	0	1	1	0	2	4	0	0	1	3	3	2	1	1	4	0	3	2	2	3	0	1	4	1	0	0	1	2	1	2	1	1	2	1	0	1	2	2	1	2	0	0	0	5	1	1	4	0	2	1	0	2	0	3	3	1	0	0	10	1	1	4	4	2	1	2	2	1	0	3	4	0	0	3	2	0	0	1	0	2	5	1	1	2	0	0	0	1	1	1	1	1	0	2	0	0	4	0	0	2	2	0	0	0	1	1	0	1	0	1	0	3	1	1	1	4	0	1	3	2	2	1	1	1	2	4	6	3	0	0	0	0	0	0	0	1	3	1	3	0	0	1	1	1	4	1	3	4	1	3	0	1	3	2	0	3	1	1	0	2	0	2	2	0	2	2	0	1	2	0	1	1	2	0	0	1	2	1	0	1	0	1	0	0	3	0	4	1	0	1	0	0	5	3	2	5	0	0	1	0	2	1	2	2	1	1	1	1	1	4	3	3	1	1	1	0	5	1	2	4	0	1	2	3	1	2	2	2	1	0	2	2	6	3	3	1	0	2	1	1	2	1	3	1	6	0	5	1	2	2	2	0	3	3	2	3	23	1	0	1	1	1	0	1	0	1	0	1	0	0	1	2	1	1	2	0	0	1	0	1	1	1	5	2	1	0	2	0	4	1	0	1	1	1	0	0	1	1	1	2	1	4	0	1	2	1	0	0	2	11	1	1	1	2	1	3	1	0	1	1	1	3	2	1	3	3	1	2	2	2	2	2	1	0	1	1	3	1	0	1	1	2	2	0	4	2	1	3	3	0	0	0	0	0	0	5	2	1	1	1	1	3	1	2	1	0	1	1	0	0	1	2	2	0	1	1	2	5	3	0	1	3	0	1	1	2	0	1	3	1	0	4	1	0	1	1	2	1	0	0	0	4	0	2	4	0	3	1	1	7	1	2	1	0	2	2	0	4	2	0	0	0	3	0	1	0	1	3	5	0	0	1	3	0	1
Ins(5,):R0	0	1	0	0	1	0	0	0	0	0	0	1	0	0	2	1	0	0	0	0	0	0	0	0	0	0	0	0	1	0	0	0	0	0	0	1	0	0	0	0	1	1	0	1	1	1	1	0	0	0	0	5	1	2	0	0	1	0	0	1	0	0	0	1	1	0	0	0	0	1	0	2	1	1	0	1	1	1	1	1	1	0	0	1	0	0	10	8	37	19	12	6	20	10	20	16	35	4	8	22	1	16	3	7	30	24	15	1	6	16	4	1	75	13	23	3	9	2	11	13	2	5	43	99	32	31	55	47	7	4	5	5	52	36	14	3	2	5	4	2	0	4	4	32	1	4	25	1	11	8	37	35	2	31	5	2	2	13	3	8	8	9	6	3	9	5	4	16	11	65	39	5	3	81	2	3	27	6	8	2	9	4	1	9	12	9	4	20	2	23	24	8	6	2	7	6	4	15	3	15	10	6	46	33	21	2	8	13	4	5	29	13	7	24	6	3	39	3	15	0	4	8	26	33	10	5	3	3	5	17	2	3	38	7	28	6	4	31	2	2	4	13	4	4	1	4	4	2	1	7	38	3	3	20	6	47	48	0	7	6	11	59	2	7	3	5	40	78	12	57	3	1	3	56	37	21	11	22	5	11	3	2	3	6	7	60	9	8	10	76	5	4	7	18	5	31	6	4	4	46	3	2	9	5	7	6	7	0	6	6	2	11	6	41	1	9	7	16	5	2	2	7	4	14	53	44	14	26	30	18	13	88	12	13	48	7	28	29	15	24	19	24	10	17	21	47	13	12	14	19	2	9	22	16	41	46	11	17	20	29	19	26	26	26	48	26	32	34	35	57	21	31	17	18	16	28	47	10	26	12	20	21	19	16	30	108	22	27	42	9	52	11	33	25	55	15	32	70	8	13	8	36	44	36	29	22	23	22	16	7	17	29	14	18	18	10	13	13	18	7	58	19	30	5	9	11	2	7	26	6	3	3	55	18	0	2	18	6	9	6	2	14	1	1	60	5	24	22	3	13	48	65	51	12	25	55	68	33	5	5	2	12	11	7	5	5	9	10	5	15	17	24	8	8	14	2	8	26	13	33	30	27	21	40	36	38	77	15	30	8	21	6	5	4	11	10	7	6	1	2	2	6	6	11	5	7	3	18	4	10	10	6	6	10	10	8	4	8	4	18	6	7	9	10	9	14	30	42	101	17	16	26	24	27	20	70	27	14	37	8	23	11	34	3	8	11	1	2	9	7	4	7	4	13	1	7	9	4	17	5	3	4	4	8	3	4	7	4	9	3	3	6	4	2	6	2
Ins2:U1:R1	0	2	0	0	2	0	0	0	0	1	0	0	0	0	3	5	2	2	1	0	0	0	3	0	2	0	4	5	0	0	0	0	1	0	3	1	0	0	1	1	1	1	2	0	2	5	0	0	2	1	4	2	2	3	2	0	3	2	4	5	0	2	0	4	1	1	0	2	1	3	1	1	1	3	1	2	1	1	1	0	2	3	2	2	1	5	2	8	8	1	2	3	16	0	6	5	1	0	1	3	2	0	9	5	1	7	28	1	28	13	4	3	1	0	5	1	5	3	7	17	0	0	3	6	6	2	2	0	14	9	4	1	5	2	1	2	0	4	4	1	1	2	1	7	1	6	4	0	0	3	0	13	2	0	1	6	0	17	5	3	2	3	1	12	1	4	2	7	5	2	1	13	3	1	0	2	0	0	12	1	4	7	2	2	1	12	5	19	0	1	10	1	6	1	7	2	1	1	1	2	0	3	1	1	1	1	10	5	0	4	8	2	0	5	0	12	2	2	6	1	9	3	4	2	3	5	2	0	6	5	0	0	8	4	3	0	1	19	0	0	1	3	1	0	0	8	2	0	3	2	3	5	7	2	2	0	4	0	0	3	19	4	1	0	0	1	5	7	2	0	3	0	3	0	1	6	9	4	12	0	0	2	1	1	18	6	14	9	5	10	5	0	0	15	5	6	1	1	5	3	0	2	6	2	2	2	6	0	1	2	0	1	8	2	1	1	6	13	12	0	1	12	2	4	4	0	2	10	9	4	0	1	15	9	14	1	9	1	1	0	1	6	1	6	31	6	6	4	3	2	4	13	2	5	6	3	0	7	1	1	7	0	0	1	2	1	1	5	9	1	9	6	6	23	3	5	0	5	5	1	3	8	2	13	3	4	3	20	3	2	5	8	1	2	3	1	1	27	1	1	5	12	0	0	0	1	1	11	3	3	3	4	1	1	0	2	3	2	6	2	1	4	1	5	8	3	2	3	3	16	0	2	0	3	6	1	5	1	7	2	0	1	10	4	3	14	1	6	1	5	17	2	7	6	5	18	3	5	2	3	0	4	5	0	2	7	5	7	0	10	10	0	4	11	8	8	8	3	8	13	8	1	0	1	1	16	5	2	2	7	0	2	0	1	1	5	7	8	3	0	1	3	3	3	0	3	1	13	3	5	2	1	15	6	1	2	9	4	2	7	0	4	18	0	1	5	3	6	3	4	3	7	9	1	4	1	0	11	1	5	4	3	1	1	8	7	0	1	9	3	7	9	1	6	7	0	2	0	28	2	0	1	2	2	0	2	11	0	16	2	1	2	1	0	6	0
Ins2:U1:R2	2	2	1	0	5	0	2	0	2	6	0	5	0	0	2	4	1	1	1	1	0	0	0	0	1	0	3	5	0	0	1	1	0	0	2	0	0	0	2	3	1	0	0	0	6	3	0	0	2	1	1	1	1	2	1	1	2	0	2	2	0	1	2	3	2	0	0	1	4	1	1	1	1	0	0	2	1	3	2	1	0	2	1	1	2	3	6	4	1	1	2	1	8	2	1	3	1	1	3	1	2	1	6	4	1	1	11	1	13	1	2	2	0	0	3	1	3	0	9	6	1	0	2	6	4	1	2	0	7	4	1	0	0	3	0	1	0	2	0	0	0	0	2	1	0	1	2	3	1	0	2	4	2	2	4	1	2	6	2	3	3	0	2	4	2	2	0	2	0	0	0	1	1	1	1	0	1	2	6	0	1	4	0	0	1	5	5	18	3	2	2	3	3	0	0	2	1	0	1	1	0	2	0	2	3	0	3	3	0	1	1	1	0	1	1	2	2	0	0	2	0	5	0	0	3	2	0	2	2	6	1	0	3	0	2	1	0	11	1	0	0	0	1	1	0	3	1	0	3	8	4	2	0	3	1	0	3	0	2	2	9	0	0	0	0	0	0	6	3	0	0	0	2	0	1	0	4	0	3	0	0	2	1	0	0	1	8	2	4	7	3	0	0	6	3	4	1	1	0	3	1	0	4	2	0	0	3	1	2	1	1	2	0	0	0	1	2	4	4	0	0	4	1	1	0	0	1	2	4	3	0	0	4	4	3	0	6	0	1	0	1	2	1	1	17	4	7	2	2	3	1	5	2	1	3	1	1	3	0	1	1	2	1	2	3	0	2	1	2	0	2	3	1	9	0	3	0	3	5	2	0	8	0	4	4	4	0	9	3	1	5	4	0	0	4	0	0	29	0	0	0	3	3	0	1	1	1	2	1	0	0	2	0	0	0	0	2	1	1	1	1	2	1	0	0	3	0	2	1	7	0	3	0	1	3	1	1	0	4	2	1	0	2	3	0	4	0	0	0	3	9	4	1	1	0	5	1	2	1	1	0	2	3	0	1	1	2	1	0	4	3	2	4	3	1	4	3	2	2	6	2	3	1	1	1	2	1	2	0	2	2	2	1	0	1	2	3	4	1	1	0	2	2	0	0	1	0	3	0	0	4	5	6	0	0	2	0	1	5	1	0	1	4	0	1	4	1	1	0	10	0	0	2	0	2	0	0	9	2	3	3	2	0	2	3	2	0	1	1	0	5	3	0	1	1	1	2	0	13	2	0	1	0	1	1	1	1	0	7	5	1	0	1	1	2	3
Ins2:U1:R3	0	1	0	1	7	0	0	1	2	5	1	0	0	0	6	4	1	0	2	0	0	1	0	0	0	1	1	11	0	0	1	1	0	0	1	0	0	1	1	2	2	2	3	0	7	4	4	0	3	1	0	2	0	2	2	2	6	3	2	1	0	3	1	1	2	1	0	2	3	6	1	2	3	1	0	2	4	4	2	1	0	0	1	2	2	12	0	5	6	2	0	4	9	1	1	6	1	2	0	0	1	0	6	3	1	2	8	0	10	5	1	1	1	0	1	0	1	0	4	6	1	0	5	5	3	3	3	0	9	4	0	3	4	0	1	1	0	0	1	0	0	0	1	6	0	2	1	1	1	5	0	13	1	0	3	7	0	6	6	0	0	0	1	8	3	1	0	1	2	0	1	5	1	3	1	0	1	1	7	0	2	7	2	0	1	5	1	10	2	2	3	0	4	0	1	0	0	1	0	0	1	3	0	0	2	1	0	2	0	3	2	1	1	3	1	5	0	0	2	0	3	3	1	0	0	2	0	1	2	9	0	0	3	0	1	1	0	16	0	1	1	3	1	1	0	6	3	0	0	0	3	3	1	3	3	0	2	0	2	0	15	2	0	0	0	0	3	7	4	0	0	0	3	0	1	0	2	0	6	0	0	1	2	2	2	3	5	4	2	12	3	1	0	10	3	9	0	0	1	2	1	0	4	5	2	2	5	0	0	2	0	0	2	2	0	1	2	4	4	2	0	4	1	0	1	0	0	8	3	4	0	0	4	8	7	1	3	0	2	1	1	2	0	3	15	1	10	3	4	3	0	10	1	3	3	0	0	4	0	0	3	4	1	2	2	1	0	0	3	2	3	7	3	12	2	6	0	6	2	0	3	15	2	3	2	3	1	6	0	2	10	2	2	0	4	1	2	39	0	1	3	1	0	1	2	1	1	10	1	0	0	0	0	0	0	0	3	0	3	2	0	2	1	0	1	2	0	3	3	5	0	3	0	1	3	0	1	1	3	3	0	0	7	5	3	6	1	4	2	1	10	2	2	2	2	3	2	4	3	1	0	8	6	0	1	1	5	0	1	2	12	2	3	5	1	4	2	3	2	11	3	1	1	2	4	6	6	1	2	1	3	2	0	1	2	4	3	4	3	0	1	1	4	2	0	3	1	4	2	1	5	4	6	0	2	0	4	0	3	3	0	4	10	0	1	3	1	1	1	3	6	6	5	0	0	0	0	5	2	4	5	1	1	0	3	0	2	1	0	1	7	1	0	3	0	1	2	1	12	1	0	0	1	2	1	2	2	0	9	1	0	0	2	0	0	0
Ins2:U1:R4	1	1	0	0	3	0	0	0	1	0	1	2	0	0	4	3	0	1	1	1	0	1	0	0	1	1	2	0	0	1	0	0	0	0	0	1	0	0	1	1	0	2	3	0	1	2	0	0	0	0	1	1	1	2	0	1	2	0	0	0	0	0	1	2	0	1	0	0	0	1	0	2	2	1	0	1	0	0	1	0	0	1	1	1	0	1	0	0	8	0	0	0	5	0	2	0	0	0	0	0	0	0	1	0	0	1	6	0	12	1	0	0	1	0	1	1	0	1	1	2	1	0	2	1	1	1	2	0	1	2	0	0	1	0	0	0	0	1	0	0	1	0	0	2	1	3	1	1	0	1	0	1	1	0	1	1	0	1	2	1	1	0	1	1	1	1	0	0	0	2	0	1	0	0	0	0	1	1	4	0	0	0	0	2	1	1	1	4	0	1	1	0	0	0	1	0	0	1	0	1	1	1	0	1	3	0	0	0	0	1	2	1	1	2	0	3	0	0	0	0	4	2	0	0	2	3	0	0	0	4	0	0	1	2	1	2	0	6	1	0	0	3	2	1	0	0	0	0	1	4	1	0	2	1	1	0	1	0	0	1	3	1	0	0	1	0	1	1	1	0	0	0	0	0	0	1	1	2	3	0	0	0	0	1	0	3	2	0	3	4	2	1	0	3	0	3	0	0	0	1	0	0	1	0	0	2	0	1	2	1	0	0	0	1	1	0	0	1	0	0	0	3	1	2	0	1	0	2	1	0	0	0	1	3	3	0	0	0	1	0	0	1	0	1	5	1	2	3	4	0	0	3	0	2	2	1	0	2	0	1	0	1	0	3	1	2	0	3	1	0	0	2	1	2	0	1	1	0	2	1	3	6	1	2	3	5	0	2	0	0	0	3	0	0	3	0	0	15	0	0	0	0	0	1	1	0	1	5	1	1	0	1	0	0	1	1	0	0	0	1	0	1	0	2	1	1	1	0	0	4	0	0	2	0	1	0	0	0	1	0	0	0	1	3	0	2	1	0	0	0	3	0	2	3	0	2	2	2	3	0	0	1	4	0	0	1	1	3	0	1	1	0	0	1	1	1	1	0	1	1	1	0	0	0	1	1	4	0	1	2	0	0	1	1	1	0	4	1	1	0	0	0	1	1	0	0	0	1	0	1	1	1	1	0	1	2	0	0	6	0	0	0	1	1	1	1	0	1	0	1	1	0	1	0	1	0	0	0	0	1	1	0	1	1	1	1	0	0	0	1	5	2	1	1	0	2	0	1	1	0	0	0	0	1	0	0	2	0	3	1	1	0	0	0	1	1
Ins2:U1:R(5,9)	3	2	1	0	6	0	1	0	1	1	1	0	0	0	2	1	0	0	1	1	0	0	0	0	0	0	1	0	0	0	0	3	0	0	2	0	0	0	0	1	2	1	1	2	3	2	1	0	5	2	2	2	1	0	1	0	4	0	1	2	0	2	1	6	0	1	0	2	2	4	1	2	2	1	0	3	3	2	3	1	0	2	1	1	0	4	0	0	152	0	1	2	6	1	2	0	1	0	0	1	0	0	0	2	0	3	4	0	9	2	2	1	0	0	3	3	0	1	2	2	0	0	2	2	1	2	2	1	3	0	0	2	3	1	0	2	0	3	1	0	0	0	1	4	0	2	4	0	0	72	0	12	1	0	0	2	0	2	3	2	2	1	1	3	1	2	0	0	0	1	0	3	0	2	1	1	0	2	5	1	1	6	1	1	1	4	0	11	0	0	4	0	0	0	1	0	0	0	1	4	1	2	1	0	0	2	0	4	1	0	46	2	1	0	0	0	1	0	1	0	2	1	0	0	2	3	3	0	2	2	0	0	4	1	3	2	0	8	1	0	2	8	0	0	0	3	0	0	2	0	1	3	2	2	2	0	1	0	2	5	6	0	0	1	1	0	2	4	2	1	0	0	1	0	1	2	1	2	3	0	0	1	0	1	2	3	7	2	4	8	2	0	0	5	1	7	1	0	0	2	0	1	4	0	4	1	4	0	2	3	0	1	1	0	3	0	2	2	3	0	2	0	0	1	1	0	1	1	4	1	0	0	1	10	5	1	1	0	2	0	1	2	1	1	15	1	3	2	3	2	0	1	0	2	2	3	1	5	0	1	14	3	1	1	1	1	1	3	3	1	2	5	2	5	2	2	0	3	0	1	1	3	0	4	2	5	0	2	0	1	5	5	2	0	3	0	2	293	0	1	1	2	0	0	3	0	1	7	0	0	2	2	0	1	0	0	2	1	4	1	1	0	4	1	0	5	0	1	2	4	0	3	0	2	1	0	1	0	5	0	0	1	1	1	1	3	2	5	0	0	10	3	8	0	2	4	2	3	2	0	0	0	0	0	2	0	6	1	0	1	1	1	0	1	7	2	1	0	4	0	3	0	1	3	2	4	3	0	1	6	1	1	1	1	1	2	4	2	1	1	0	2	4	2	0	1	1	3	1	1	0	3	3	2	0	1	1	0	5	0	1	2	3	2	2	2	0	8	1	3	2	1	1	1	0	0	0	4	0	0	2	3	1	1	2	3	0	0	1	0	2	3	1	3	0	3	1	0	6	0	0	2	0	3	2	0	0	0	1	0	0	2	0	0	1	0
Ins2:U2:R1	0	4	3	0	4	0	3	2	0	2	0	1	1	0	6	2	2	1	2	1	0	1	0	0	0	1	1	3	1	3	2	3	0	0	1	1	2	3	1	2	4	2	4	1	5	1	2	1	6	2	1	5	0	3	0	0	2	4	1	1	3	1	1	2	2	1	0	1	2	3	1	0	2	3	1	0	1	2	1	1	2	0	0	2	1	1	0	4	19	1	3	3	6	2	1	3	0	1	3	2	3	1	3	4	1	2	4	1	12	6	4	1	2	1	2	3	0	1	6	4	1	2	2	8	1	2	3	1	2	1	3	4	3	2	1	2	1	1	3	2	4	1	1	4	1	8	4	1	1	12	1	1	0	5	2	1	6	6	5	6	4	2	3	3	3	4	3	3	4	2	4	1	4	4	1	2	2	1	3	1	5	3	0	1	5	7	2	12	1	5	1	4	3	2	3	1	1	4	0	7	1	4	4	0	2	1	4	4	1	3	11	4	1	6	2	3	3	0	0	3	0	5	0	5	5	3	6	1	2	3	2	1	1	1	1	3	0	8	1	1	1	7	6	1	0	3	5	0	1	12	4	4	8	1	7	0	3	3	3	3	5	1	0	2	1	6	5	5	4	3	1	0	1	3	3	1	3	3	5	0	0	0	6	3	7	6	2	2	5	9	6	5	4	5	4	3	3	4	0	3	2	1	3	1	4	5	8	1	3	1	2	3	1	4	7	3	1	6	5	2	0	6	1	2	3	1	4	1	6	6	3	1	6	4	3	3	8	3	2	4	2	3	4	6	7	1	5	6	4	9	3	7	3	1	5	2	3	2	0	1	3	0	3	6	3	2	1	4	3	3	5	5	5	4	3	4	2	4	2	1	3	42	2	4	1	7	2	6	1	1	5	2	2	0	4	0	4	29	1	1	2	2	0	2	0	2	0	3	4	4	2	0	1	1	1	2	3	1	1	3	5	1	3	3	0	6	5	4	4	5	0	4	2	5	3	2	4	1	5	6	3	1	4	6	0	2	5	2	3	4	17	2	7	2	3	6	2	5	5	1	2	4	3	2	3	3	7	6	1	1	7	3	3	4	1	4	3	2	5	4	4	0	2	3	7	8	4	0	6	6	3	0	2	1	3	3	4	1	3	6	1	5	4	2	3	2	2	3	8	4	2	8	4	4	1	3	1	2	2	6	1	4	15	2	3	1	3	2	0	4	3	2	4	3	0	4	1	3	3	4	2	3	1	0	7	3	1	2	3	3	3	4	1	4	0	3	4	1	5	1	0	5	0	1	0	1	3	3	10	4	1	1	1	2	1	1
Ins2:U2:R2	0	1	0	0	2	0	1	1	0	2	0	0	1	0	0	2	3	0	0	0	1	0	0	0	0	1	2	3	1	0	0	3	0	0	1	0	1	1	0	2	1	2	0	1	1	1	2	1	1	3	3	0	3	4	0	2	2	2	0	2	0	1	1	1	1	0	1	1	2	1	2	3	1	3	1	2	3	1	1	0	0	1	0	1	2	3	1	0	22	0	1	2	6	0	0	1	1	0	0	5	0	0	3	2	1	0	2	1	11	2	0	1	1	1	2	4	0	0	3	3	0	2	2	2	2	2	1	0	4	2	1	0	1	5	1	2	0	0	1	0	2	1	2	3	0	1	2	0	2	17	0	4	0	1	0	1	1	5	2	3	0	2	0	2	1	3	0	2	2	1	3	3	0	0	2	1	1	1	1	0	1	1	1	4	4	4	3	2	0	5	1	0	0	1	5	2	1	2	0	0	1	0	0	0	1	2	1	2	1	0	8	1	1	0	0	2	3	1	2	0	3	3	3	2	1	1	1	1	0	0	0	0	3	3	0	2	0	5	1	3	1	8	2	0	1	1	0	0	2	4	0	0	3	2	1	2	2	1	1	2	8	1	1	2	0	2	1	4	3	1	1	0	1	1	0	0	1	1	1	0	0	2	2	2	1	2	4	0	1	3	2	3	2	1	2	2	2	0	0	0	0	0	5	4	1	1	3	0	1	1	0	2	2	2	0	1	1	3	2	1	2	6	1	3	1	0	1	2	4	8	0	0	2	2	2	1	2	1	2	3	4	8	2	3	7	2	2	2	1	1	0	5	2	0	3	3	1	3	2	0	2	4	0	1	1	1	1	1	1	0	1	3	2	4	2	2	0	2	3	3	0	36	0	4	1	6	4	5	1	1	1	2	1	1	1	1	0	39	2	1	3	2	0	2	2	1	0	1	3	1	0	2	0	2	3	0	2	1	1	1	2	3	2	1	0	1	3	1	0	7	0	2	0	2	4	3	1	1	1	0	0	1	0	3	1	3	3	2	3	0	6	1	6	1	1	3	1	2	0	2	2	1	2	2	2	1	2	2	1	1	7	2	0	4	4	2	1	0	3	3	0	1	0	0	1	10	2	1	2	4	2	1	0	0	2	1	3	3	2	0	2	1	2	4	0	1	1	2	0	2	1	5	0	2	2	1	1	3	8	1	1	3	2	1	0	1	1	4	1	1	1	2	2	1	1	1	1	2	4	2	2	1	0	2	1	1	0	1	2	0	1	4	0	1	0	3	0	2	1	1	0	0	1	0	1	1	1	1	4	1	1	1	1	0	2	0
Ins2:U2:R3	0	2	0	0	0	0	0	0	2	0	0	0	0	0	1	1	2	0	1	0	0	0	0	0	1	0	1	1	1	0	0	1	0	0	1	0	0	0	3	2	0	0	2	0	1	2	0	0	0	0	0	1	0	1	0	0	3	0	1	0	2	1	0	0	2	2	0	1	2	1	1	2	0	0	0	1	2	0	1	0	1	0	3	1	0	1	0	3	26	2	0	1	7	0	3	0	3	0	0	1	0	0	3	2	0	1	3	1	10	2	3	0	2	1	2	0	0	0	1	6	0	1	2	1	2	1	2	0	2	1	0	0	3	2	0	2	0	1	0	2	0	1	1	1	1	3	1	0	2	25	2	3	1	1	2	2	1	6	0	0	4	0	1	7	0	2	0	0	2	1	2	1	0	2	2	0	2	1	4	1	3	2	2	4	1	2	3	6	1	0	1	3	1	1	2	1	2	1	1	2	0	3	0	0	1	0	0	1	1	1	28	1	0	1	0	5	4	2	2	1	3	1	0	0	0	1	1	0	0	5	1	3	2	1	3	1	0	7	0	2	4	14	1	0	0	1	2	0	2	2	1	1	2	1	1	2	0	1	2	0	5	3	1	0	1	2	1	2	0	0	0	1	1	0	1	0	2	1	1	1	0	0	0	4	0	1	5	1	2	0	0	1	1	2	1	6	5	0	1	3	0	0	2	2	1	1	0	0	1	2	0	1	1	1	0	2	1	4	0	0	2	5	0	0	1	0	1	0	0	2	0	1	1	10	4	1	2	1	1	1	1	0	0	2	7	2	1	1	2	1	1	1	0	4	1	0	0	2	0	0	4	1	2	0	0	0	0	0	1	2	2	1	0	1	1	1	2	1	0	3	0	6	1	6	0	4	1	2	3	2	1	1	1	2	0	1	3	44	4	1	4	0	0	1	1	0	0	5	1	0	1	4	1	0	0	0	2	0	1	0	1	1	1	0	2	2	0	1	0	3	2	3	1	0	1	1	2	0	1	1	0	1	4	3	0	2	0	2	3	0	4	3	6	0	1	0	1	3	0	2	0	2	6	2	5	0	0	2	0	1	1	0	1	0	1	6	3	1	2	2	3	1	1	1	0	1	1	1	2	1	2	0	0	1	1	2	3	1	2	0	1	1	0	0	1	2	0	1	0	1	1	2	4	1	1	0	0	1	3	0	3	1	3	0	1	4	2	1	2	2	1	0	2	0	2	2	0	7	3	0	0	0	3	0	1	2	0	0	1	0	3	7	0	1	0	0	1	1	5	3	1	4	0	3	4	2	2	1	0	1	0	0	0	0	0	0
Ins2:U2:R4	0	1	0	0	1	0	1	0	0	0	0	0	0	1	0	0	0	2	1	0	0	0	0	0	0	0	1	2	0	0	0	1	0	0	0	1	1	0	0	2	3	0	0	0	3	0	3	0	1	1	0	0	0	4	2	0	4	1	0	2	1	0	3	0	4	9	0	1	2	2	4	3	2	4	0	4	0	2	4	0	1	4	1	1	2	8	0	1	178	1	4	0	2	0	5	1	1	1	2	0	1	2	2	1	4	2	2	1	12	2	0	0	1	0	1	4	0	0	0	3	2	0	1	1	0	1	2	0	2	1	1	1	5	1	3	1	0	0	1	0	2	1	0	3	0	2	3	4	1	87	0	6	0	0	2	2	1	4	1	3	1	2	0	4	7	4	0	0	3	1	1	2	2	0	2	0	2	4	1	1	4	2	1	4	4	3	2	3	2	1	4	3	1	0	5	3	2	1	0	5	1	2	3	2	3	0	1	5	0	3	80	3	3	4	3	2	1	0	4	1	4	0	1	2	0	3	1	0	1	4	3	1	0	4	2	4	0	8	0	1	1	52	3	0	0	1	0	0	3	1	1	1	4	0	1	2	3	3	0	1	9	2	1	2	1	1	4	11	2	1	2	0	3	0	3	1	0	2	3	0	0	0	0	1	1	1	2	0	7	5	3	0	1	2	1	7	4	3	1	0	2	0	1	1	2	0	1	0	3	6	1	1	1	2	1	3	1	3	2	0	0	3	0	2	0	2	3	3	1	0	0	0	3	10	2	4	1	0	1	0	0	2	0	1	5	0	2	2	2	4	1	2	4	0	4	1	1	6	0	0	6	9	1	3	0	1	3	2	4	1	1	6	0	0	1	4	1	1	1	1	2	3	1	6	1	5	0	5	2	4	3	3	1	2	0	1	1	252	1	6	1	1	1	1	0	4	0	11	5	4	1	1	0	1	3	2	4	0	3	2	2	4	4	2	2	3	2	2	0	2	2	4	0	0	0	1	0	2	0	1	0	1	1	1	2	2	3	5	3	1	4	2	3	2	0	0	1	4	1	1	0	1	2	0	1	2	4	2	1	1	2	6	1	2	1	1	0	2	4	2	4	0	0	1	5	1	5	1	1	6	0	1	0	2	3	0	3	1	0	1	3	2	3	5	0	0	0	1	2	1	0	2	1	6	2	4	3	2	5	1	1	0	2	1	0	0	2	1	0	3	0	1	2	0	0	0	2	0	4	2	0	4	2	0	8	9	0	4	1	3	3	5	0	5	1	4	2	2	6	0	1	1	1	4	0	0	1	0	7	2	0	0	0	0	1	0
Ins2:U2:R(5,9)	0	6	2	3	4	0	0	0	2	1	0	0	3	3	5	1	4	4	0	0	2	2	3	0	1	4	4	2	2	5	2	2	2	0	0	1	4	1	7	1	8	0	8	14	5	2	15	6	3	8	5	6	4	8	3	2	6	2	3	5	8	0	12	3	12	41	4	0	0	6	3	1	2	22	4	14	6	17	14	4	13	5	4	4	6	14	2	16	1431	8	6	11	12	4	13	1	8	4	3	4	10	3	12	13	11	19	10	12	25	16	5	5	2	3	6	18	10	5	9	22	15	1	7	5	2	20	3	6	7	3	5	5	36	5	8	6	1	20	26	2	12	2	8	34	4	34	24	1	9	721	4	14	4	1	6	10	5	29	14	35	31	24	4	16	26	20	2	8	20	19	21	13	12	9	12	4	8	17	17	7	10	1	21	17	9	29	13	17	6	13	13	14	11	21	9	9	4	20	8	27	9	6	6	4	5	8	13	16	4	6	578	16	37	10	15	6	12	2	11	4	13	22	21	7	8	11	16	0	15	11	12	4	18	8	7	5	10	12	4	12	6	324	28	2	3	14	10	1	7	5	11	11	12	3	1	4	8	38	5	20	19	5	3	13	12	6	6	29	22	7	6	2	16	15	11	10	11	10	9	3	2	1	20	20	0	30	9	4	23	22	8	12	5	8	30	62	16	7	2	7	6	3	13	12	52	3	4	5	22	36	8	14	5	12	15	13	6	21	8	7	9	2	7	3	4	3	13	27	23	13	1	4	7	36	8	15	8	3	7	10	3	15	2	9	11	2	11	20	3	9	2	5	15	7	1	2	11	22	2	12	63	65	8	10	11	17	21	16	17	3	26	23	12	21	28	23	3	6	3	5	10	12	10	17	9	23	9	17	9	24	7	41	6	8	10	12	13	1887	12	32	22	5	2	7	5	23	14	21	19	11	6	11	6	12	8	2	17	7	5	5	26	12	30	14	3	14	9	25	6	4	9	22	2	10	2	3	12	3	1	8	1	8	16	3	14	9	21	10	9	1	16	7	23	0	10	16	5	22	16	3	0	13	5	1	13	13	42	17	11	2	5	41	13	6	10	31	8	16	8	8	6	7	1	6	16	8	2	21	4	23	9	2	11	18	21	11	12	5	4	3	15	11	12	24	9	9	0	6	6	13	7	8	10	31	13	6	9	11	25	10	2	11	26	13	9	7	10	9	6	9	7	8	5	8	5	3	5	6	28	6	5	22	21	2	19	60	0	9	16	13	26	36	1	24	2	10	23	21	19	11	1	7	4	16	0	3	5	2	39	15	2	5	5	1	10	13
Ins3:U1:R1	0	0	0	0	0	0	0	0	0	0	0	0	0	0	0	0	0	0	0	0	0	0	0	0	0	0	0	0	0	0	0	0	0	0	0	0	0	2	0	0	0	0	0	0	0	0	0	0	0	0	0	0	0	0	0	0	0	0	0	0	0	0	0	0	0	0	0	0	1	0	0	0	0	0	0	0	0	0	0	0	0	0	0	0	0	0	0	0	0	0	0	0	1	0	1	0	0	0	0	0	0	0	2	0	0	0	4	0	0	1	0	0	0	1	0	1	0	0	0	1	0	0	0	0	0	0	0	0	0	0	0	0	2	0	0	0	0	0	0	0	0	0	0	0	0	0	0	0	0	0	2	0	0	0	2	0	0	2	0	0	0	0	0	1	0	0	1	0	0	0	0	0	0	0	0	1	0	1	2	1	0	0	0	0	1	0	0	0	0	0	0	0	0	0	0	0	1	0	0	0	0	1	0	0	0	0	0	1	0	0	0	0	0	1	0	0	1	0	1	0	1	0	0	0	0	0	0	0	0	1	0	0	0	0	1	0	0	0	0	0	0	0	0	0	0	0	0	0	0	1	1	0	0	2	0	0	1	0	0	0	0	0	0	0	0	0	0	1	0	0	1	0	0	0	0	0	0	0	1	0	0	0	0	0	1	2	0	0	0	0	0	0	0	0	0	0	1	0	0	0	1	0	0	1	0	0	0	0	0	0	0	0	0	0	0	0	0	0	0	0	0	2	0	0	0	0	0	0	0	2	1	0	0	0	0	1	0	0	1	0	1	0	0	1	1	0	0	0	0	0	0	0	1	0	0	0	0	1	0	2	1	0	0	0	0	0	0	0	0	0	0	0	0	2	1	0	1	0	1	0	0	1	0	0	1	0	0	0	0	0	1	0	0	0	0	0	0	4	0	3	1	0	0	0	0	0	0	0	0	0	0	0	0	1	1	0	1	0	0	0	0	0	0	1	2	0	0	0	0	0	2	0	0	0	0	0	0	0	0	0	0	0	0	0	0	1	0	1	1	0	1	0	0	0	0	0	1	0	0	0	0	1	0	0	0	0	0	0	0	1	0	0	0	0	0	0	0	0	0	1	0	0	0	0	2	0	0	0	0	0	0	0	0	0	0	0	0	0	0	0	0	0	0	0	0	0	0	2	0	0	0	0	1	0	0	0	0	0	0	1	1	0	0	0	0	0	0	0	0	0	0	0	0	0	0	0	0	1	0	0	0	0	0	0	1	0	0	0	0	0	0	0	0	0	0	0	0	0	2	0	0	0	0	0	0	0	0	0	0	1	0	0	0	0	0	1
Ins3:U1:R2	0	0	1	0	0	0	0	0	0	0	0	0	0	0	1	0	0	0	0	1	0	1	0	0	0	0	0	0	0	0	0	0	0	0	0	0	0	0	0	0	0	0	1	0	0	0	0	0	0	0	0	0	0	0	0	0	1	0	0	0	0	0	1	0	0	0	0	0	0	0	0	1	0	0	0	0	0	0	0	0	0	0	0	0	0	0	0	1	0	0	0	1	0	0	0	0	0	0	0	0	0	0	1	0	0	1	1	1	2	0	0	0	0	0	0	1	0	0	0	0	0	0	0	0	0	0	0	0	1	1	0	0	0	0	0	0	0	0	0	0	0	0	0	0	0	0	0	0	0	0	0	0	0	0	0	1	0	0	0	0	0	0	0	1	0	0	0	0	0	0	0	0	0	0	0	0	0	0	0	0	0	0	0	0	0	0	0	1	0	0	1	1	1	0	0	0	0	0	0	0	0	0	0	0	0	0	0	0	0	0	0	0	1	0	0	0	0	0	1	0	1	2	0	0	0	0	0	0	0	0	0	0	0	0	0	0	0	0	0	0	0	1	0	0	1	0	0	0	0	0	0	0	0	0	0	0	0	0	0	0	1	0	0	0	0	0	0	1	0	0	0	0	0	0	0	0	0	0	0	0	0	0	1	0	0	1	1	2	1	0	0	0	0	1	0	0	0	0	0	0	0	1	0	0	1	0	0	0	0	0	0	0	0	0	0	0	0	1	0	0	0	0	0	1	0	0	0	0	1	0	0	0	0	0	0	1	0	0	0	0	0	0	0	0	1	0	0	0	0	0	0	0	0	0	0	0	0	0	0	0	1	0	0	0	1	0	0	0	1	0	0	1	1	0	0	0	0	0	0	1	1	0	0	0	0	2	0	1	0	0	1	1	0	0	0	0	0	2	1	0	0	1	0	0	0	1	0	2	0	0	0	0	0	0	1	0	0	0	0	0	0	0	0	0	0	0	0	0	1	2	0	1	0	0	0	0	0	0	0	0	0	0	0	0	0	0	0	0	0	1	2	0	1	0	0	1	0	0	0	1	0	0	0	0	1	0	0	0	0	0	0	0	1	0	0	0	1	0	0	0	0	1	0	0	0	1	1	0	0	0	0	0	0	0	0	0	0	0	0	0	0	0	0	0	1	0	0	2	1	0	1	0	0	0	0	0	1	0	2	0	0	0	0	0	0	0	0	0	0	0	0	1	1	0	0	0	0	0	2	1	0	0	0	0	0	0	0	0	0	0	1	0	0	0	0	0	0	0	2	0	0	0	1	0	0	0	1	0	0	0	0	0	0	0	0	1
Ins3:U1:R3	1	0	0	0	1	0	0	0	0	0	0	1	0	0	0	0	0	0	0	0	0	0	0	0	0	0	0	0	0	0	0	0	0	0	0	0	0	0	1	0	0	0	0	0	0	0	0	0	0	0	0	0	0	0	0	0	1	0	0	0	0	0	1	0	0	0	0	0	1	0	0	1	0	1	0	0	0	2	0	0	0	1	0	0	0	0	0	1	0	0	0	0	2	0	0	0	0	0	0	0	0	1	0	0	0	1	2	0	0	0	0	0	0	0	0	0	0	0	0	0	0	0	0	1	0	1	0	0	1	0	0	0	0	0	0	0	0	0	0	0	2	0	0	0	0	0	0	1	0	1	0	1	0	0	0	0	0	0	0	0	0	0	0	0	0	0	0	1	0	0	0	0	0	0	0	0	1	0	0	0	0	0	0	0	0	0	0	1	0	0	0	1	0	0	0	0	0	0	1	0	0	0	0	0	0	0	0	0	0	0	0	1	0	1	0	0	0	0	0	0	0	0	0	0	1	0	0	1	0	1	0	0	0	0	0	0	0	0	0	0	0	0	0	0	0	2	0	0	0	1	0	2	1	0	0	0	0	0	0	0	0	0	1	0	0	0	0	1	0	0	0	0	0	0	0	0	1	0	1	0	0	0	0	0	0	0	0	0	1	1	0	0	0	0	1	1	1	0	0	0	0	0	0	0	0	0	0	0	0	0	0	1	0	0	1	0	0	1	1	0	0	0	0	0	0	0	0	1	0	1	0	0	0	0	0	0	1	0	0	0	0	1	0	1	1	0	1	0	0	0	0	0	0	1	0	1	0	0	0	0	0	0	0	0	0	0	0	0	0	0	0	3	0	2	0	0	0	1	1	1	0	0	0	0	0	0	0	1	0	0	0	1	1	0	1	0	0	1	0	0	1	1	0	0	0	1	0	0	0	0	0	1	0	0	1	0	0	0	0	0	0	0	0	0	0	1	2	0	0	1	0	0	1	0	0	0	0	0	0	0	1	0	1	2	0	0	0	0	1	0	0	0	0	0	1	1	0	1	0	0	1	0	1	0	0	0	0	0	1	0	0	0	0	0	0	1	0	0	1	0	0	0	0	0	1	0	0	0	0	0	0	0	0	0	0	0	0	1	0	0	1	1	0	0	0	0	0	0	1	1	2	0	1	1	0	0	0	0	0	0	0	0	0	0	0	0	0	0	0	0	0	0	0	0	0	0	1	0	0	0	0	0	0	0	0	0	0	0	0	0	1	1	0	0	0	0	0	0	1	0	0	0	0	1	0	1	1	0	2	0	0	0	0	0	0	0
Ins3:U1:R4	0	0	0	0	2	0	0	0	0	0	0	0	0	0	1	0	0	0	0	0	0	0	0	0	0	0	0	0	0	0	0	0	0	0	0	0	0	0	0	0	0	0	0	0	0	0	0	0	0	0	0	0	0	0	0	0	0	0	0	0	0	1	0	0	0	0	0	0	0	1	0	0	0	0	0	0	0	1	0	0	0	0	0	0	0	1	0	0	1	0	0	0	0	0	0	0	0	0	0	0	1	0	1	0	0	0	1	0	1	0	0	0	0	0	0	0	0	0	0	1	0	0	0	0	0	0	0	0	1	0	0	1	0	0	1	0	0	0	0	1	0	0	0	0	0	0	1	0	0	1	0	0	0	0	0	0	0	0	0	0	0	0	0	0	0	0	0	0	1	0	0	0	0	0	0	0	0	0	0	1	1	1	0	0	0	0	0	1	0	0	0	1	0	0	0	0	0	0	0	1	0	1	0	0	0	0	0	0	0	0	0	1	0	0	0	0	0	0	0	0	1	1	0	0	1	2	0	0	0	0	0	0	0	0	0	1	0	1	0	0	0	0	0	0	0	0	0	0	0	1	0	0	0	0	0	0	0	0	0	0	0	0	0	0	0	0	0	1	0	0	0	0	0	0	0	0	0	0	0	0	0	0	0	0	0	0	0	0	0	2	0	0	0	0	0	0	0	0	0	0	0	0	0	0	0	0	0	0	0	0	0	0	0	0	0	1	0	0	0	0	0	0	0	0	0	0	0	0	0	0	0	0	0	0	1	0	1	0	0	0	0	0	0	0	1	0	0	0	0	0	0	2	0	0	1	0	0	1	0	0	0	0	0	0	0	1	0	0	0	0	0	0	0	0	0	0	0	0	0	0	0	2	0	0	0	0	0	0	0	0	0	0	0	0	0	0	0	2	0	0	0	0	0	0	0	0	0	0	0	0	0	0	0	0	0	0	0	0	0	0	0	0	2	0	0	0	0	0	0	0	0	0	0	0	0	0	1	0	1	0	0	0	0	0	0	0	0	1	0	0	1	0	0	0	0	0	0	0	1	0	0	0	0	0	0	0	0	1	0	0	0	0	0	1	0	0	0	1	0	0	0	0	0	0	0	1	0	0	0	0	0	0	0	0	0	0	1	0	0	0	0	0	0	0	0	2	0	0	0	0	0	0	0	0	0	0	0	0	0	0	0	0	0	0	0	1	0	0	0	0	0	1	0	0	0	0	0	1	0	0	0	0	1	0	0	0	0	0	0	0	0	0	0	0	0	1	1	0	0	0	0	0	0	0	0	0	0	0	0	1	0	0	0	0	1	0
Ins3:U1:R(5,9)	0	0	0	0	3	0	0	0	0	0	1	0	0	0	0	0	1	0	0	0	0	0	0	0	0	0	0	1	0	0	0	0	0	0	0	0	0	1	0	0	0	0	1	0	0	0	0	0	0	1	1	0	0	0	0	0	0	0	0	0	0	0	0	0	1	0	0	0	0	0	0	0	0	0	0	0	1	1	0	0	0	0	1	0	0	0	1	0	6	0	0	1	0	0	0	0	0	0	0	1	0	0	1	1	0	0	1	0	0	0	0	0	0	0	0	0	0	1	0	2	0	0	0	1	1	1	0	0	1	0	0	0	0	1	1	0	0	0	0	0	0	0	0	0	0	0	0	0	0	5	0	0	1	0	0	1	0	2	1	1	1	0	1	0	0	0	0	0	0	0	0	0	0	0	0	0	1	0	0	1	0	0	0	0	0	1	0	2	0	0	0	2	0	0	0	0	0	0	0	0	0	1	0	0	0	0	0	0	0	0	2	0	1	1	0	0	1	0	0	0	0	0	0	0	1	0	0	0	1	0	0	0	1	0	1	0	0	0	0	0	0	0	0	0	0	1	0	0	0	1	0	0	0	1	1	0	0	0	0	0	1	0	0	0	0	0	0	0	0	0	0	0	0	0	0	0	1	1	2	0	0	0	0	0	0	0	0	0	1	1	1	0	0	0	1	2	0	1	1	0	1	0	0	0	0	0	0	0	0	0	0	0	0	0	1	0	0	0	0	0	0	0	1	0	0	0	0	2	0	1	0	0	0	0	0	0	0	0	0	0	0	1	1	0	1	0	0	1	0	0	0	0	1	0	1	0	0	0	0	0	2	0	0	1	0	0	0	0	0	0	0	0	1	3	1	0	0	0	1	0	0	0	0	3	0	1	0	0	0	0	0	1	0	0	0	0	2	11	1	0	0	0	0	0	0	1	0	0	2	1	0	0	0	0	0	1	0	0	0	0	1	0	0	0	0	0	0	0	0	0	0	1	1	0	0	0	0	0	0	1	0	0	2	0	0	0	0	0	0	1	1	1	1	0	1	0	1	0	0	0	0	0	0	0	0	1	0	1	0	0	1	0	0	0	1	1	1	0	1	2	0	1	0	0	2	0	0	0	2	1	0	0	0	0	0	0	1	0	0	0	0	0	1	0	0	0	0	1	0	0	0	2	1	1	0	0	0	1	1	1	0	0	1	0	0	0	0	4	1	0	0	0	0	0	0	0	0	0	1	0	1	0	0	0	3	1	0	0	2	1	0	1	0	0	0	2	0	0	2	0	0	0	0	1	0	0	0	1	0	0	0	1	0	0	0	0
Ins3:U3:R1	0	4	3	1	5	0	2	0	2	2	2	1	0	1	9	1	1	1	1	1	0	3	1	0	3	3	2	1	0	2	3	1	0	1	0	0	0	2	3	2	0	1	2	1	1	1	1	1	0	2	2	4	2	1	0	1	3	0	1	3	3	3	3	4	3	3	0	0	1	0	0	3	0	3	2	0	1	5	2	1	2	1	2	0	2	4	0	1	7	1	1	2	5	0	4	2	2	0	3	5	1	1	1	1	2	3	4	2	6	4	2	3	3	1	5	2	0	0	8	5	0	0	2	0	0	1	2	0	2	1	1	1	3	4	3	3	0	3	5	3	2	0	0	2	3	2	2	0	0	5	0	2	3	3	0	1	6	6	1	7	2	3	3	5	2	2	0	3	1	3	4	1	1	0	5	2	1	1	4	2	3	3	0	1	2	2	3	2	1	2	2	6	2	0	5	3	2	3	1	4	1	4	2	3	0	0	4	2	1	1	1	2	7	2	1	1	0	0	2	0	3	4	0	3	5	3	0	0	3	2	1	0	0	0	3	4	3	8	2	0	0	2	4	0	0	3	4	0	2	5	2	2	4	2	0	1	2	2	3	1	10	0	0	1	1	5	2	10	7	1	2	0	4	0	3	2	2	2	6	1	1	1	2	1	0	8	1	1	3	4	1	2	1	1	4	6	7	4	1	3	1	0	2	3	4	0	3	1	1	3	4	1	2	0	5	1	1	0	2	1	0	5	5	1	1	3	1	0	5	5	0	2	3	2	3	1	5	0	0	7	1	3	1	10	6	1	3	9	0	4	1	3	0	0	3	1	2	1	0	2	6	2	1	4	0	2	1	0	1	0	1	5	4	4	1	3	0	3	0	1	1	59	1	2	1	10	1	4	2	2	7	2	2	1	2	1	4	7	4	3	4	0	2	3	3	3	2	2	4	1	3	4	1	0	1	0	3	4	2	1	1	1	1	1	0	3	2	4	3	2	4	1	3	2	3	3	3	1	0	1	1	0	5	0	1	4	2	1	2	2	7	2	2	1	4	5	1	3	3	0	0	4	2	1	2	1	4	4	1	0	1	5	2	3	3	7	8	3	3	1	3	3	2	0	4	1	3	1	2	6	3	2	0	1	3	4	0	2	0	1	1	1	3	2	1	3	2	3	2	0	1	4	5	3	3	0	4	3	7	2	0	1	3	0	2	1	4	3	2	7	3	0	5	1	1	0	2	1	3	2	2	4	2	2	5	10	1	2	3	3	4	6	0	1	1	3	3	1	14	2	0	2	0	2	0	2	2	1	1	2	1	0	0	1	6	2
Ins3:U3:R2	1	1	1	0	0	0	0	0	1	1	0	0	0	0	3	1	0	1	2	0	0	0	0	0	0	1	1	0	0	1	0	0	0	0	0	0	2	0	1	1	0	0	1	0	1	0	0	0	1	1	1	0	0	2	0	1	0	0	2	0	0	0	0	0	0	1	0	0	0	0	2	0	0	1	0	0	0	1	0	1	0	1	2	0	0	0	0	0	7	0	0	0	1	0	0	0	0	0	1	1	0	1	1	0	0	1	1	0	2	0	1	0	0	2	0	1	0	1	0	1	0	1	0	0	0	1	0	0	0	0	1	0	0	0	0	0	0	0	0	0	0	0	0	1	0	1	0	1	1	0	0	1	0	0	0	1	0	1	0	2	1	1	1	0	1	1	0	1	1	1	1	0	0	0	0	0	1	0	0	0	1	3	0	1	0	1	0	0	0	0	0	1	0	0	1	1	0	1	0	0	1	0	2	0	0	0	0	2	1	0	3	1	1	1	1	0	0	0	0	0	1	2	0	0	0	0	0	0	0	0	0	0	1	0	0	1	1	1	0	0	0	0	0	0	1	0	0	0	0	2	1	1	0	0	1	0	0	2	0	2	2	0	0	1	0	1	1	0	1	0	0	0	1	0	1	1	0	0	1	0	0	0	0	0	0	1	0	0	2	1	1	0	2	0	0	2	0	1	1	0	0	1	2	0	1	0	1	0	0	0	0	0	0	0	0	0	1	0	0	1	0	3	0	0	0	0	0	0	0	1	0	0	0	0	1	0	0	0	1	0	0	1	0	0	2	0	0	1	0	2	1	1	0	0	0	0	0	0	0	0	1	1	0	1	0	0	0	0	0	0	1	0	2	0	0	1	0	1	0	0	1	10	1	0	0	2	0	2	0	0	0	0	0	0	0	0	1	4	1	0	0	0	0	1	0	2	1	1	0	1	0	1	0	0	0	0	2	0	0	1	0	0	0	1	0	0	0	1	0	1	0	2	2	0	0	1	2	0	0	0	0	0	0	0	1	0	0	0	0	0	2	0	1	0	1	0	0	1	3	0	0	0	1	0	0	0	2	0	0	0	2	0	0	0	1	1	1	2	0	0	1	0	0	0	0	0	0	1	1	0	0	1	0	2	0	1	1	0	0	0	0	1	0	0	0	1	0	1	1	0	0	1	1	0	1	0	0	0	2	0	0	0	1	0	0	1	1	1	0	2	0	0	0	1	0	1	0	1	0	1	0	0	0	0	0	0	0	0	0	0	1	0	0	0	0	0	0	0	3	0	0	1	1	2	0	2	0	0	0	0	0	0	1	0	0	1
Ins3:U3:R3	0	0	0	0	0	0	0	0	0	0	0	0	0	0	3	0	0	0	0	0	0	0	0	0	0	0	1	0	0	0	0	0	0	0	0	0	0	0	0	0	0	0	0	1	0	0	0	2	0	0	0	0	0	1	0	0	0	0	0	0	0	0	0	0	0	0	0	0	0	0	0	0	0	0	1	0	1	0	0	0	0	0	0	0	0	0	1	1	7	0	0	0	0	0	0	0	0	0	0	0	0	0	0	0	0	0	0	0	0	0	0	0	0	0	0	0	0	0	0	1	0	0	0	0	0	0	1	0	0	0	0	0	0	0	0	0	0	0	0	0	0	0	0	0	0	0	0	0	0	5	0	0	0	0	1	0	0	1	0	1	0	0	0	0	1	1	1	1	0	0	1	0	0	0	0	0	0	0	0	0	0	0	0	0	0	0	0	0	0	0	0	0	0	0	0	0	0	0	0	0	0	0	0	0	0	0	0	0	0	0	2	0	1	0	0	0	0	0	0	0	0	0	0	1	0	0	1	0	1	1	0	0	0	0	0	0	0	0	0	0	0	0	1	0	0	0	0	0	0	0	0	0	0	0	0	0	0	0	0	0	0	0	0	0	0	0	0	1	0	0	0	0	0	0	0	0	0	0	0	0	0	0	0	0	0	0	0	0	0	0	0	0	0	1	0	0	0	0	0	0	0	0	1	0	0	0	0	0	0	0	0	0	0	0	0	0	0	0	0	0	0	0	0	0	0	0	0	0	0	0	0	0	0	0	0	1	0	0	0	0	0	0	0	0	0	0	0	0	0	0	0	0	2	0	0	0	0	0	0	0	0	0	0	1	0	0	0	0	0	0	0	0	0	0	0	0	0	0	0	1	0	0	0	0	0	0	1	0	0	0	0	0	0	0	1	0	0	3	0	0	1	0	0	1	0	0	1	0	0	0	0	0	0	0	0	0	0	0	1	1	0	0	0	0	0	0	0	0	0	0	0	0	0	0	0	0	0	0	0	0	0	0	2	0	0	1	1	0	0	0	1	0	1	0	0	0	0	0	0	0	0	0	0	0	1	0	0	0	0	0	0	0	0	0	0	1	0	1	0	0	0	0	0	0	0	0	0	0	0	0	0	0	0	0	0	1	0	0	0	0	0	0	0	1	0	0	0	0	0	1	0	0	0	0	0	1	0	0	0	0	0	0	0	0	0	0	0	0	0	0	0	0	1	0	0	0	0	0	0	0	0	0	0	0	0	0	0	0	1	0	0	2	0	1	0	0	0	0	0	0	1	0	0	0	0	0	1	0	0	0	0	0	0	1	0	0
Ins3:U3:R4	0	0	0	1	0	0	0	0	0	0	0	0	0	0	0	0	0	0	0	0	0	0	0	0	0	0	1	0	0	0	0	0	0	0	0	0	0	0	0	0	0	0	0	0	0	0	0	0	0	0	0	0	0	1	0	0	0	0	0	0	0	0	1	1	0	0	0	0	1	0	0	0	0	1	1	0	0	1	0	0	0	0	0	0	1	0	0	0	14	0	0	0	0	0	0	0	0	0	0	2	0	0	0	0	0	0	0	0	0	0	0	0	0	0	0	0	0	0	0	0	0	0	0	0	0	0	0	0	0	0	0	0	0	0	1	0	0	1	1	0	0	0	0	1	0	1	0	0	0	10	0	1	0	0	1	0	0	0	0	0	0	0	0	0	0	2	0	0	0	0	0	0	0	0	0	0	0	0	0	0	1	0	0	0	0	0	0	0	0	0	0	0	1	0	0	1	0	0	0	1	0	0	0	0	1	0	1	0	0	0	6	0	0	1	0	0	0	0	0	0	0	1	0	0	0	0	0	0	1	0	0	0	0	0	0	0	0	0	0	0	0	4	1	0	0	1	0	0	0	0	0	0	0	0	0	0	0	0	0	0	0	1	0	0	0	1	0	0	0	0	0	0	0	0	0	0	1	0	0	0	0	0	0	0	0	0	0	1	0	0	1	0	0	0	0	0	0	0	0	0	0	0	0	0	0	0	0	0	0	0	0	0	0	1	0	0	0	0	0	0	1	0	0	0	0	0	0	0	0	0	0	0	0	0	0	1	0	0	0	0	0	0	0	0	0	0	0	0	0	0	0	0	1	0	0	0	0	0	0	0	0	2	0	0	0	1	1	0	0	0	0	0	0	0	0	0	0	0	0	0	0	0	0	0	0	0	1	0	1	0	0	0	0	0	0	0	0	6	0	1	1	0	0	0	0	0	0	0	1	0	0	0	0	0	0	0	0	0	0	0	0	0	0	0	0	0	0	1	0	0	1	0	0	0	0	0	0	0	0	0	0	0	0	0	0	0	0	0	0	0	0	0	0	0	0	0	0	0	0	0	0	0	0	0	1	0	0	0	0	0	0	0	0	0	0	0	0	0	0	0	1	0	0	0	0	0	0	0	0	1	0	0	0	3	0	0	0	0	0	0	0	0	0	1	0	0	0	0	0	0	0	0	0	0	1	1	0	0	0	0	0	0	0	0	0	0	0	0	0	0	0	0	0	0	1	0	0	0	0	0	0	1	0	0	0	1	0	0	0	0	0	1	0	0	0	0	1	0	0	0	0	0	0	0	0	0	0	0	1	0	0	0	0	0	0	0
Ins3:U3:R(5,9)	0	2	0	0	0	0	0	0	0	0	0	0	0	0	0	0	1	0	0	0	0	0	0	0	0	0	0	0	0	0	0	0	0	0	0	0	1	1	1	1	0	1	2	0	1	0	3	0	0	1	1	1	0	0	0	0	0	1	1	0	0	0	0	1	1	2	0	0	0	1	1	0	1	1	2	0	1	0	0	0	0	0	0	0	0	1	0	1	86	0	0	0	0	1	2	0	0	1	1	1	1	0	1	0	0	0	0	1	1	0	0	1	0	0	1	4	2	0	0	0	0	1	1	1	0	1	0	0	0	0	0	0	1	0	1	0	0	1	4	0	1	0	0	1	1	1	1	0	0	45	0	0	0	1	0	0	0	1	0	2	2	0	0	0	0	2	0	0	0	2	3	1	0	1	1	0	0	2	4	1	1	0	0	0	0	1	1	0	0	1	1	0	1	0	0	0	0	3	0	2	0	0	0	2	0	0	0	0	2	0	29	3	1	0	0	1	2	0	1	0	1	0	1	0	0	0	1	0	1	0	1	0	0	0	0	0	1	1	0	2	2	11	1	0	1	0	1	0	0	1	2	0	0	1	1	0	1	0	0	1	0	0	0	0	2	0	0	3	1	0	0	0	0	0	0	1	0	0	0	0	0	0	0	3	0	2	1	0	3	1	0	0	0	0	1	2	1	0	0	2	1	0	0	1	2	0	1	2	1	3	0	0	2	1	1	0	0	1	1	0	1	0	0	1	0	0	0	0	0	0	0	0	1	5	0	2	0	1	1	0	0	1	0	0	1	0	1	1	0	1	0	0	0	1	1	1	1	2	1	0	7	5	1	0	1	0	1	0	1	0	3	0	0	0	2	2	2	0	1	0	1	2	1	3	0	2	2	3	0	3	0	1	1	0	1	0	3	82	1	1	5	0	1	0	1	2	2	0	2	0	0	2	0	0	0	0	0	1	1	1	1	2	0	0	1	0	1	2	0	0	1	0	0	0	0	0	0	0	1	0	0	1	0	0	2	0	1	0	0	0	1	0	2	0	0	1	0	0	0	1	0	2	0	0	1	0	2	1	1	0	0	1	0	1	0	2	0	2	1	0	2	0	0	1	1	1	0	0	0	4	0	0	0	1	0	1	0	0	0	0	1	1	2	1	0	0	0	0	0	0	0	0	1	0	0	0	0	2	2	0	0	0	2	1	1	0	0	0	0	1	0	2	0	0	0	0	2	2	1	0	1	0	0	0	1	3	1	0	2	0	1	2	0	2	0	1	1	0	3	0	0	0	0	2	0	0	0	0	1	0	0	2	1	0	0	1
Ins4:U1:R1	0	0	0	0	0	0	0	0	0	0	0	0	0	0	0	0	0	0	0	0	0	0	0	0	0	0	0	0	0	0	0	0	0	0	0	0	0	0	0	0	0	0	0	0	0	0	0	0	0	0	0	1	0	0	0	0	0	0	0	0	0	0	0	0	0	0	0	0	0	0	0	0	0	0	0	0	0	0	0	0	0	0	0	0	0	0	0	0	0	0	0	0	0	1	0	0	0	0	0	0	0	0	0	0	0	0	1	0	0	0	0	0	0	0	0	0	0	0	0	1	0	0	0	0	0	0	0	0	0	0	0	0	0	0	0	0	0	1	0	0	0	0	0	1	0	0	0	0	0	0	0	1	0	0	0	0	0	0	0	0	0	0	0	1	0	0	0	0	0	0	0	0	0	0	0	0	0	0	0	0	0	0	0	0	1	0	0	1	0	0	0	1	0	0	0	0	0	0	0	0	0	0	0	0	0	0	0	0	0	0	0	0	0	0	0	0	0	0	0	0	0	0	0	0	0	0	0	0	0	0	0	0	1	0	0	0	0	0	0	0	1	0	0	0	0	0	0	0	0	0	0	0	0	0	0	0	0	0	0	0	0	0	0	0	0	0	1	0	0	0	0	0	0	0	0	0	0	0	0	0	0	0	0	0	1	0	0	0	0	0	0	0	0	0	0	0	0	0	0	0	0	0	0	0	0	0	0	0	1	0	0	0	1	0	0	0	0	0	0	0	0	0	0	0	0	0	0	0	0	0	0	0	0	0	0	0	1	0	0	1	0	0	0	0	1	0	0	0	0	1	0	0	0	0	1	0	0	0	0	0	0	0	0	0	0	0	0	0	0	0	0	0	0	0	0	1	0	0	0	0	0	1	0	0	0	0	0	1	1	0	0	0	0	0	0	2	0	1	0	0	0	1	0	0	0	0	0	0	1	0	0	0	0	0	0	0	0	0	0	0	0	0	0	0	0	0	0	0	0	1	0	0	0	0	0	0	0	0	0	0	0	0	0	0	0	0	0	0	1	0	1	0	0	0	0	0	0	0	0	0	0	0	0	0	0	0	0	0	0	0	0	0	0	0	0	0	0	0	0	0	1	0	0	0	0	0	0	0	0	0	1	0	0	0	0	0	0	0	0	0	0	0	0	0	0	0	0	0	0	0	0	0	0	1	0	0	0	0	0	1	0	0	0	0	0	0	0	0	0	0	0	0	0	0	0	0	0	0	0	0	0	0	0	0	0	0	0	0	0	0	0	0	0	0	0	2	0	0	2	0	0	0	0	0	0	0	0	0	0	0	0	1	0	0	0	0
Ins4:U1:R2	0	0	0	0	0	0	0	0	0	0	0	0	0	0	0	0	0	0	0	0	0	0	0	0	0	0	0	0	0	0	0	0	0	0	0	0	0	0	0	0	0	0	0	0	0	0	0	0	0	0	0	0	0	0	0	0	0	0	0	0	0	0	0	0	0	0	0	0	0	0	0	0	0	0	0	0	0	0	0	0	0	0	0	0	0	0	0	0	0	0	0	0	0	0	0	0	0	0	0	0	0	0	0	0	0	0	0	0	0	0	1	0	0	0	0	0	0	0	0	1	0	0	0	0	0	1	0	0	0	0	0	0	0	0	0	0	0	1	0	0	0	0	0	0	0	0	0	0	0	0	0	0	0	0	0	0	0	1	0	0	0	0	0	0	0	0	0	0	0	0	0	0	0	0	0	0	0	0	0	0	0	0	0	0	0	0	0	0	0	0	0	0	0	0	0	0	0	0	0	0	0	0	0	0	0	0	1	0	0	0	0	0	0	0	0	0	0	0	0	0	0	0	0	0	0	0	0	0	1	0	0	0	0	0	0	0	0	0	0	0	1	0	0	0	0	0	0	0	0	0	0	0	0	0	0	0	1	0	0	0	0	0	0	0	0	0	0	0	0	0	1	0	0	0	0	0	0	0	0	0	0	0	0	0	0	0	0	0	0	2	0	0	0	0	0	0	0	0	0	0	0	0	0	0	0	0	1	0	0	0	0	0	0	0	0	0	0	0	0	0	0	1	0	0	0	0	0	0	0	0	0	0	0	0	0	0	0	0	0	0	0	0	0	0	0	0	0	0	0	0	0	0	0	0	0	0	0	0	0	0	0	0	0	0	0	0	0	0	0	0	0	0	0	0	0	0	0	0	0	0	0	0	0	0	0	1	0	0	0	0	0	0	0	0	0	0	0	0	0	0	0	0	0	0	0	0	0	0	0	0	0	0	0	0	0	0	0	0	0	0	0	0	0	0	0	0	0	0	0	0	0	0	0	0	0	0	0	0	0	0	0	0	0	0	0	0	0	0	0	0	0	0	0	0	0	0	0	0	0	0	0	0	0	0	0	0	0	0	0	0	0	0	0	0	0	0	0	0	0	0	0	0	0	0	0	0	0	0	0	0	0	0	0	0	0	0	0	0	0	0	0	0	0	0	0	0	0	0	0	0	0	0	0	0	0	0	0	0	1	0	0	0	0	0	0	0	0	0	0	0	0	0	0	0	1	0	0	1	0	0	0	0	0	0	0	0	0	0	0	0	0	0	0	0	0	0	0	0	0	0	0	0	0	0	0	0	0	0	0	0	0	0	0	0	0	0
Ins4:U1:R3	0	0	0	0	0	0	0	0	0	0	0	0	0	0	0	0	0	0	0	0	0	0	0	0	0	0	0	0	0	0	0	0	0	0	0	0	0	0	0	0	0	0	0	0	0	0	0	0	0	0	0	0	0	0	0	0	0	0	0	0	0	0	0	0	0	0	0	0	0	0	0	0	0	0	0	0	0	0	0	0	0	0	0	0	0	0	0	0	1	0	0	0	1	0	0	0	0	0	0	0	0	0	0	0	0	0	0	0	2	1	0	0	0	0	0	0	0	0	0	0	0	0	0	1	0	0	0	0	1	0	1	1	0	0	0	0	0	0	0	0	0	0	0	0	0	0	0	0	0	0	0	1	0	0	0	0	0	0	0	0	0	0	0	2	1	2	0	1	1	1	0	1	0	0	0	0	0	0	2	1	0	0	1	0	0	0	0	1	0	0	0	0	0	0	0	0	0	0	0	0	0	1	0	1	0	0	0	1	0	0	0	0	0	0	0	0	1	0	0	0	0	0	1	0	0	1	0	0	1	0	0	0	1	0	0	0	0	1	0	0	0	0	0	0	0	0	0	0	0	0	0	3	1	0	1	0	0	0	0	0	0	0	0	0	0	0	1	0	0	0	0	0	1	0	0	0	1	0	1	0	0	0	2	0	0	0	0	0	0	0	0	0	0	0	0	0	0	0	0	0	0	0	0	0	0	0	0	0	0	1	0	0	0	0	0	0	1	0	0	0	0	1	1	0	0	0	0	0	0	0	0	0	1	2	0	0	1	0	1	0	0	0	0	0	1	0	1	0	0	0	0	0	0	0	0	0	0	0	0	0	0	0	0	1	0	0	0	0	0	0	0	0	0	0	0	0	0	1	2	0	0	0	0	0	0	1	0	1	0	0	0	0	1	0	1	0	1	7	0	0	0	0	1	0	0	0	0	2	0	0	0	0	0	0	0	0	1	0	0	0	0	0	1	0	1	0	0	0	0	2	0	0	0	0	0	0	0	0	0	1	0	1	0	0	0	0	0	0	0	0	1	0	0	0	0	0	1	2	0	0	0	0	0	0	0	0	0	0	0	0	0	0	0	0	0	2	0	1	0	0	0	0	0	0	0	0	0	1	0	0	0	0	0	0	0	2	0	0	0	0	0	0	2	0	0	0	0	0	0	0	0	0	0	0	0	0	0	0	1	2	0	0	1	0	0	0	0	0	0	2	2	0	0	0	0	0	0	0	1	0	0	0	0	0	0	0	0	0	0	0	0	0	0	1	0	0	1	0	0	0	0	1	0	0	0	0	0	1	0	1	0	0	0	0	0	1
Ins4:U1:R4	0	0	0	0	0	0	0	0	0	0	0	0	0	0	0	0	0	0	0	0	0	0	0	0	0	0	0	0	0	0	0	0	0	0	0	0	0	0	0	0	0	0	1	0	0	0	0	0	0	0	0	0	0	0	0	0	0	0	0	0	0	0	0	0	0	0	0	0	0	0	0	0	0	0	0	0	0	0	0	0	0	0	0	0	0	0	0	0	0	0	0	0	0	0	0	0	0	0	0	0	0	0	0	0	0	0	0	0	0	0	0	0	1	0	1	0	0	0	0	0	0	0	0	0	0	0	0	0	0	0	0	0	0	0	0	0	0	0	0	0	0	0	0	0	0	0	0	0	0	0	0	1	0	0	0	0	0	0	0	0	0	0	0	0	0	0	0	0	0	0	0	0	0	0	0	0	0	0	0	0	0	0	0	0	0	0	0	0	0	1	0	0	0	0	0	0	0	0	0	0	0	0	0	0	0	0	0	0	0	1	0	0	0	0	0	0	0	0	0	0	0	0	1	0	0	0	0	0	0	0	0	0	0	0	1	0	0	0	0	0	0	0	0	0	0	0	0	0	0	0	0	0	0	0	0	0	0	0	0	0	0	0	0	0	0	0	0	0	0	0	1	0	0	0	0	0	0	0	0	0	0	0	0	0	0	0	0	0	0	0	0	0	0	1	0	0	0	0	0	1	0	0	0	0	0	0	0	0	0	0	0	0	0	0	0	0	1	0	0	0	0	0	0	0	0	0	0	0	0	0	0	0	1	0	0	1	0	0	0	0	0	0	0	0	0	0	0	0	0	0	0	0	0	0	0	0	0	0	0	0	0	0	0	0	0	0	0	0	0	0	0	0	0	0	0	0	0	0	0	0	0	0	0	0	0	1	0	1	0	0	0	0	0	0	0	0	1	0	0	0	0	0	0	0	1	0	0	0	0	0	0	0	0	0	0	0	0	0	0	0	0	0	0	0	0	0	0	0	0	1	0	0	0	0	0	1	0	0	0	1	0	0	1	0	0	0	0	0	0	0	0	0	0	0	0	0	1	0	0	0	0	0	0	0	0	0	0	0	0	0	0	0	1	0	0	0	1	0	0	0	0	0	0	0	0	0	0	0	0	0	0	0	0	0	0	0	0	0	0	0	0	0	0	0	0	0	0	0	0	0	0	0	0	0	0	0	0	0	1	0	0	0	0	0	0	1	0	0	0	0	0	0	0	0	0	0	0	0	0	0	0	0	0	0	0	0	0	0	0	0	0	0	0	0	1	0	0	0	2	0	0	0	0	0	0	0	0	0	0	0	0	0	0	0	0	0
Ins4:U1:R(5,9)	0	0	0	0	0	0	0	0	0	0	0	0	0	0	0	0	0	0	0	0	1	0	0	0	0	0	0	0	0	0	0	0	0	0	0	0	0	0	0	0	0	0	0	0	0	0	0	0	0	0	0	0	0	1	0	0	0	0	0	0	0	0	1	2	0	0	0	0	1	0	0	0	0	0	0	0	0	0	0	0	0	0	0	0	0	0	0	2	1	0	0	0	0	0	0	0	0	0	0	0	0	0	0	0	0	0	0	0	0	0	0	0	0	0	0	0	0	0	1	0	0	0	0	0	0	0	1	0	0	0	0	0	0	1	0	0	0	0	0	0	0	0	0	0	0	1	1	0	1	0	0	1	0	0	0	2	0	0	0	0	0	0	0	0	0	0	0	0	2	1	0	1	0	0	0	0	0	0	1	0	0	0	0	0	0	1	0	1	1	0	0	0	0	2	1	2	1	0	0	1	0	0	0	0	0	0	0	0	0	0	0	0	2	1	0	0	0	0	1	0	1	0	0	0	0	0	1	0	0	0	0	0	0	0	0	0	0	2	0	0	0	0	0	0	0	0	0	0	0	0	0	0	0	0	0	0	2	1	0	0	1	0	0	0	0	0	0	0	0	0	0	0	0	0	0	0	0	1	1	0	0	0	0	0	0	0	0	0	0	0	1	0	0	1	0	0	0	0	1	0	0	0	1	0	0	0	0	0	0	0	0	0	2	0	0	0	0	0	1	0	0	0	0	0	0	0	0	0	0	0	0	0	1	0	0	0	0	0	0	1	0	0	0	0	0	0	0	0	0	1	0	1	0	0	1	0	0	0	0	0	0	1	0	0	0	0	0	0	0	0	1	0	1	1	0	0	0	0	1	0	0	0	0	0	0	1	0	1	1	1	0	1	0	0	0	0	0	1	0	0	0	0	0	0	0	0	0	1	0	0	0	1	0	0	0	0	0	0	0	1	0	0	1	0	0	0	0	0	0	0	0	0	0	0	0	0	0	0	0	0	0	0	0	0	1	0	0	0	0	0	0	0	0	1	1	0	0	0	0	0	0	0	0	0	0	1	0	0	0	0	0	0	0	0	0	0	0	1	0	2	1	0	0	0	0	0	0	0	0	0	0	0	1	0	0	0	0	0	0	0	0	0	0	1	0	0	0	1	0	0	0	0	0	0	0	0	0	0	0	0	0	0	0	0	0	0	0	0	0	0	0	1	0	0	0	1	0	0	0	0	0	0	0	0	0	1	0	1	0	0	0	1	0	0	0	0	1	0	0	0	0	0	0	1	0	0	0	0	0	1	0	0	0	0	0	0
Ins4:U2:R1	0	0	0	0	0	0	0	0	0	0	0	0	0	0	0	0	0	0	0	0	0	0	0	0	0	0	0	0	0	0	0	0	0	0	0	0	0	0	0	0	0	0	0	0	0	0	0	0	0	0	0	0	0	0	0	0	0	0	0	0	0	0	0	0	0	0	0	0	0	0	0	0	0	0	0	0	0	0	0	0	0	0	0	0	0	0	0	0	3	0	0	0	0	0	0	0	0	0	0	1	0	0	1	0	0	0	0	0	0	0	0	0	0	0	0	0	0	0	0	0	0	0	0	0	0	0	0	0	0	0	1	0	0	0	0	0	0	0	0	0	0	0	0	1	0	2	0	0	0	0	0	0	0	0	0	0	0	1	0	0	0	0	0	0	0	0	0	0	0	0	0	0	0	0	1	0	0	0	0	1	0	0	0	0	0	0	0	0	0	0	0	0	0	0	0	1	0	0	1	0	0	1	0	0	0	0	0	0	0	0	0	1	0	0	0	0	0	0	0	0	0	0	0	1	0	0	0	0	1	1	0	0	0	0	0	0	1	0	0	0	0	0	0	0	0	0	0	0	0	0	0	0	0	0	0	0	0	0	0	0	0	0	0	0	0	0	0	0	0	0	0	0	0	0	0	0	1	0	0	0	0	0	0	0	0	0	0	0	0	0	0	0	0	0	0	0	0	0	0	0	0	0	0	0	0	0	0	0	0	0	0	0	0	2	0	0	0	0	0	0	0	0	0	0	0	0	0	0	0	0	0	0	0	2	0	0	0	0	0	0	0	0	0	0	0	0	0	0	0	0	0	0	0	0	0	0	0	0	0	0	1	0	0	1	0	0	0	0	0	0	0	0	0	1	0	0	0	0	0	0	0	0	0	0	0	0	0	0	0	0	0	0	0	0	0	0	0	1	0	0	0	0	0	1	0	0	0	1	0	0	0	0	0	1	0	0	0	0	0	0	0	0	0	0	0	0	0	0	0	0	0	0	0	0	0	0	0	0	1	0	0	0	0	0	0	0	0	0	0	0	2	0	0	0	0	0	0	0	0	0	0	0	0	0	0	0	0	0	0	0	0	1	0	0	0	0	0	0	1	0	0	0	0	0	0	0	0	0	0	0	0	0	0	0	0	0	0	0	0	0	0	0	1	1	0	0	0	1	0	0	0	0	0	0	0	0	0	0	0	0	0	0	0	0	0	0	0	0	0	0	0	0	0	0	0	0	0	0	0	0	0	0	0	0	0	0	0	0	0	0	0	1	0	0	0	0	0	0	1	0	0	0	0	1	0	1	0	0	0	0	0	0	0	0	0	0
Ins4:U2:R2	1	1	0	0	0	0	0	0	0	1	0	0	0	0	0	1	0	0	0	0	0	0	0	0	0	0	0	0	0	0	0	0	0	0	0	0	0	0	0	0	0	0	0	0	0	0	0	1	0	0	0	0	0	0	0	0	0	0	0	0	0	0	0	0	0	0	0	0	0	0	0	0	0	0	0	0	0	1	0	0	0	1	0	0	0	0	0	0	5	1	0	0	0	0	1	0	0	0	0	0	0	1	1	0	0	0	0	0	2	1	0	0	0	0	1	0	0	0	0	0	0	0	0	0	0	0	0	0	0	0	0	0	0	1	0	0	0	0	0	0	0	0	1	0	0	1	0	0	0	0	1	0	0	0	0	0	0	0	0	0	1	0	0	0	0	0	0	0	0	0	0	0	0	0	0	1	0	0	0	0	0	1	0	0	0	0	0	0	0	0	0	0	0	0	0	1	0	0	0	2	0	1	0	1	1	0	0	0	0	0	0	1	0	0	0	0	0	0	1	0	0	0	0	1	0	1	0	0	1	0	0	0	0	0	0	2	0	1	0	0	0	0	1	0	0	0	0	0	0	0	0	0	0	0	0	0	1	0	0	0	0	0	0	1	0	0	0	1	1	1	0	0	0	0	1	0	0	0	2	0	0	0	1	0	0	0	2	0	1	1	0	0	1	1	0	0	1	2	0	1	0	1	0	0	1	0	0	0	0	0	0	1	0	1	1	0	0	0	1	0	0	0	0	0	1	0	0	1	1	0	0	0	1	0	0	0	0	0	1	0	0	0	0	4	2	1	0	0	0	1	0	1	0	2	0	0	1	1	0	0	0	0	0	0	0	0	1	0	0	0	0	0	0	1	0	0	0	0	0	1	1	8	1	0	0	2	0	0	0	1	0	1	0	0	0	0	0	0	0	0	0	0	0	0	0	0	0	0	0	0	1	1	0	0	0	0	0	1	1	1	0	0	3	1	0	1	0	1	0	0	0	1	1	0	0	0	0	0	0	0	1	0	1	0	1	0	0	0	1	0	0	0	0	0	0	0	0	0	0	0	0	1	0	0	0	0	0	0	0	0	0	1	0	0	0	0	1	0	0	1	0	0	0	0	1	0	0	0	0	1	0	0	0	0	0	0	1	0	1	0	0	1	0	1	0	0	1	0	0	0	0	1	0	0	0	2	0	1	1	1	0	0	0	0	0	0	1	0	0	1	0	0	0	0	0	0	0	0	0	0	0	0	0	0	0	1	1	0	0	0	0	0	0	0	0	0	0	0	1	0	0	1	0	0	0	0	0	0	0	0	1	0	0	0	0	0
Ins4:U2:R3	0	0	0	0	0	0	0	0	0	0	0	0	0	0	0	0	0	0	0	0	0	0	0	0	0	0	0	0	0	0	0	0	0	0	0	0	0	0	0	0	0	0	0	0	0	0	0	0	0	0	0	1	0	0	0	0	0	0	0	0	0	0	0	0	0	0	0	0	0	0	1	0	0	0	0	0	0	0	0	0	0	0	0	0	0	0	0	0	1	0	0	0	0	0	1	0	0	0	0	0	0	0	0	0	0	0	0	0	2	0	0	0	0	0	0	0	1	0	0	0	0	0	0	0	0	0	0	0	0	0	0	0	0	0	0	0	0	1	0	0	0	0	0	0	0	0	0	1	0	2	0	1	0	0	0	0	0	0	0	1	0	0	0	0	1	1	0	0	1	0	0	0	0	1	0	0	0	1	0	0	0	0	1	0	0	0	0	0	0	0	1	0	0	0	1	0	1	0	0	1	0	0	0	0	0	0	0	0	0	1	0	0	0	0	0	0	0	0	0	0	0	0	0	0	0	0	0	0	0	0	0	0	0	0	1	0	0	0	0	1	0	1	0	0	0	0	0	1	0	1	0	0	0	0	0	0	0	0	0	0	0	0	0	0	0	0	0	1	0	0	0	0	0	0	0	0	0	0	0	0	0	0	0	0	0	0	0	0	1	0	0	1	0	0	0	0	0	0	0	1	0	0	0	0	0	0	0	0	0	0	0	0	0	0	0	0	0	0	0	0	0	0	0	0	0	0	0	0	0	0	0	1	0	0	0	0	0	0	0	0	0	0	0	0	0	0	0	0	0	0	0	1	0	0	1	0	0	0	0	0	0	0	0	1	0	0	0	0	1	0	0	0	0	0	0	0	0	0	0	0	0	0	0	0	0	0	0	0	0	0	0	0	0	0	1	0	0	0	0	0	0	1	1	1	0	0	0	0	0	0	0	0	0	0	0	0	0	0	1	0	2	0	0	1	0	1	0	0	0	0	0	2	0	0	0	1	0	0	0	0	0	1	0	0	0	0	0	0	0	0	0	0	0	0	0	0	0	0	0	0	0	0	0	0	2	0	0	1	0	0	1	0	0	0	2	0	0	0	0	0	0	0	0	0	0	0	0	0	0	0	0	0	0	0	0	0	0	0	0	0	0	0	0	0	0	0	1	0	0	0	0	0	0	0	0	0	0	0	0	0	0	0	0	0	0	0	0	1	0	1	0	1	0	0	0	0	0	0	0	0	0	0	0	0	0	0	0	0	0	0	0	0	0	0	0	1	1	0	1	1	1	0	0	1	0	0	0	0	0	0	0	0	0	0	0	0
Ins4:U2:R4	0	0	0	0	0	0	0	0	0	0	0	0	0	0	0	0	0	0	0	0	0	0	0	0	0	0	0	0	0	0	0	0	0	0	0	0	0	0	0	0	0	0	0	0	0	0	0	0	0	0	0	0	0	0	0	0	0	0	0	0	0	0	0	0	0	0	0	0	0	1	0	0	0	0	0	0	0	0	0	0	0	0	0	0	0	0	0	0	5	0	0	0	0	0	0	0	0	0	0	0	0	0	0	0	0	0	0	0	2	0	0	0	0	0	0	0	0	0	0	0	0	0	0	0	0	0	0	0	0	0	0	0	0	0	0	0	0	0	0	0	1	0	1	0	0	0	0	0	0	0	0	0	0	0	0	1	0	0	0	0	0	0	0	0	0	0	1	0	0	0	0	1	0	0	0	0	0	0	0	0	0	0	0	0	0	0	0	0	0	0	0	0	0	0	0	0	0	0	0	0	0	0	0	0	0	0	0	0	0	1	1	0	0	0	0	0	1	0	1	0	0	0	0	0	0	0	0	0	0	0	0	0	0	0	0	0	0	0	0	0	0	0	0	0	0	0	0	0	0	0	1	0	0	0	0	0	0	0	0	0	1	1	0	0	0	0	0	0	0	0	0	1	0	0	0	1	0	0	0	0	0	0	1	0	0	1	0	0	0	0	0	1	0	1	0	0	0	0	0	0	0	0	0	0	0	0	0	0	0	0	0	0	0	0	0	0	0	0	0	0	0	0	1	0	0	0	0	0	0	1	0	0	1	1	0	0	0	0	0	0	0	0	0	0	0	0	0	0	1	0	0	0	0	0	0	0	0	0	0	0	1	0	0	0	0	0	0	0	0	0	0	0	0	0	0	1	0	1	0	0	0	0	0	0	0	0	0	0	0	1	0	0	0	0	0	0	0	3	0	0	0	1	0	0	0	0	0	0	0	0	0	0	0	0	0	0	0	0	0	0	0	1	0	0	0	0	0	0	0	0	0	0	0	0	0	0	0	0	0	0	0	0	0	0	0	0	1	0	0	0	1	0	0	0	0	0	0	1	0	0	0	1	0	0	0	0	1	0	0	0	0	0	0	0	0	0	0	0	0	0	0	0	0	0	0	0	0	0	0	0	0	0	0	0	0	0	0	0	0	0	0	0	0	0	0	0	0	0	0	0	0	0	0	0	0	1	0	0	0	0	0	0	0	0	0	0	0	0	0	0	0	1	0	0	1	0	0	0	0	0	0	0	0	0	0	0	0	0	0	0	0	1	0	0	0	0	1	1	0	0	0	0	0	0	0	0	0	0	0	0	0	0	0	0	0	0
Ins4:U2:R(5,9)	0	0	0	0	0	0	0	0	0	0	0	0	0	0	0	1	0	0	0	1	0	0	0	0	0	0	0	0	0	0	0	0	0	0	0	0	0	0	0	0	0	0	0	0	0	0	1	0	0	0	0	0	0	0	0	0	0	0	0	0	0	0	1	0	0	0	0	0	0	0	0	0	0	0	0	0	0	0	0	0	0	0	0	0	0	0	0	0	54	0	0	2	0	0	0	0	0	0	0	0	1	0	0	0	1	0	0	1	0	0	1	0	1	1	0	0	0	0	0	3	1	0	0	0	0	0	0	0	1	0	1	0	2	0	0	0	0	0	0	0	1	0	0	3	0	1	0	0	0	19	1	0	0	0	1	1	0	3	2	0	1	0	1	1	0	0	0	0	0	0	0	0	0	0	0	0	0	0	0	0	0	0	0	0	0	0	0	0	0	0	0	0	0	1	1	0	0	0	0	1	0	0	0	1	0	0	0	0	0	0	6	0	0	0	2	0	0	0	0	0	0	1	1	0	3	1	1	0	0	0	0	0	1	0	1	0	0	0	0	2	1	4	0	0	0	0	1	0	0	0	0	0	0	0	0	0	0	0	0	0	1	1	0	0	0	0	0	0	1	0	0	0	0	0	0	0	0	0	0	0	0	0	1	0	0	0	0	0	1	0	0	0	0	0	0	0	1	0	0	1	0	0	0	1	3	0	0	0	0	0	0	0	1	0	0	1	0	0	1	0	0	0	0	0	0	0	1	0	0	2	0	1	0	1	0	0	1	0	0	0	0	1	0	0	2	0	0	1	1	0	0	0	1	0	0	0	0	1	1	0	3	0	1	0	1	1	0	0	0	1	0	0	0	0	0	1	0	0	0	0	0	2	0	3	0	0	0	0	0	0	0	0	0	0	1	0	0	43	0	1	0	0	1	0	0	0	1	0	0	0	0	0	0	1	0	0	0	0	0	0	1	2	0	1	0	0	0	1	0	0	0	0	0	0	0	0	0	0	0	1	0	0	0	0	0	1	0	0	0	0	0	0	1	0	0	2	0	1	1	0	0	0	0	0	0	1	0	0	0	0	0	0	0	0	0	0	0	0	0	1	0	0	0	0	1	0	0	0	0	1	0	1	0	0	0	1	0	0	0	0	0	0	1	2	0	1	0	0	0	0	0	1	1	1	0	0	0	0	1	0	0	0	0	0	0	0	0	0	0	2	0	0	0	0	0	0	0	0	0	0	0	0	0	0	1	1	0	1	1	0	1	1	0	0	0	0	1	0	0	0	0	0	0	0	0	0	0	0	1	0	0	0	0	1	1	1
Ins4:U4:R1	2	4	0	0	1	0	3	0	2	1	0	1	0	0	3	3	6	3	2	0	2	1	2	0	0	4	6	1	2	6	1	1	0	0	3	0	2	0	1	1	4	2	4	3	3	3	3	2	3	4	4	6	2	3	2	2	6	3	3	8	2	1	4	1	6	4	0	2	2	4	0	2	2	2	4	3	2	1	4	1	1	0	1	0	3	3	2	1	7	1	0	0	9	3	2	3	1	0	3	4	1	4	5	1	5	3	5	1	10	3	3	1	4	2	2	2	3	1	3	0	2	1	0	3	5	2	0	2	2	3	1	1	1	0	2	2	0	4	2	1	3	0	0	3	1	6	3	5	1	9	2	2	0	0	1	4	2	2	3	5	4	3	1	8	3	3	1	6	3	3	5	2	6	2	5	0	2	2	4	3	4	1	1	2	7	4	2	3	5	2	4	3	6	2	7	4	2	6	1	1	2	6	2	1	3	2	2	2	2	3	6	0	6	2	2	3	3	0	3	0	6	5	2	2	10	3	3	0	5	3	1	1	0	1	0	6	5	6	3	0	2	3	5	0	2	1	1	0	1	3	1	3	4	3	2	1	5	1	1	2	5	3	1	4	0	0	1	4	2	3	6	1	1	6	2	2	4	0	3	0	1	2	2	1	5	4	1	1	4	0	2	3	1	2	6	5	7	2	0	3	0	1	1	4	5	3	8	2	0	2	2	2	6	4	1	3	2	1	2	1	4	6	2	4	3	0	2	0	7	6	0	2	8	4	3	3	5	4	0	3	1	5	2	4	4	4	4	13	2	8	2	1	2	2	2	3	2	5	2	1	3	2	1	2	2	2	4	0	3	1	1	3	3	4	2	2	0	0	2	0	1	101	3	1	1	45	3	3	2	1	3	3	3	2	1	2	7	20	1	4	6	0	0	4	3	2	1	1	5	7	0	2	0	1	1	0	0	3	0	1	1	3	4	3	1	3	1	2	1	9	2	1	7	0	1	2	3	0	1	2	1	0	1	3	5	4	4	2	3	2	11	5	8	1	2	4	5	1	6	1	1	3	3	2	2	3	2	1	0	0	4	6	2	3	4	6	5	2	5	4	4	3	1	2	9	4	4	1	3	5	2	0	3	5	5	7	3	3	2	0	0	5	3	1	5	1	0	0	6	1	1	6	0	5	1	1	3	5	38	2	0	1	6	0	1	4	3	2	0	8	0	3	1	1	3	2	0	5	2	1	1	2	3	0	6	6	1	1	4	0	3	1	1	1	1	8	2	1	4	2	0	2	0	3	2	0	3	0	2	7	3	3	1	0	5	4
Ins4:U4:R2	0	1	0	0	1	0	0	0	1	0	0	0	0	0	2	0	0	1	0	0	0	0	0	0	0	1	0	0	0	0	0	0	0	0	0	0	0	0	0	0	0	0	0	2	0	1	0	0	0	0	0	0	0	0	0	0	1	1	0	0	0	0	2	0	0	1	0	0	0	0	0	0	0	0	0	2	0	0	0	0	0	0	0	1	0	0	0	0	6	0	0	1	1	0	0	0	1	0	0	0	0	0	0	0	0	1	0	0	1	0	1	0	0	0	0	1	0	0	0	1	0	0	0	0	0	0	0	0	0	0	0	1	0	0	0	0	1	1	1	0	0	0	0	0	0	1	3	0	0	2	0	0	0	0	0	0	0	1	1	0	0	1	0	0	0	1	0	0	0	1	0	0	0	0	1	0	0	0	1	0	0	0	0	0	1	0	0	1	0	0	0	2	1	0	0	1	1	0	0	2	1	0	0	0	0	0	0	1	0	0	3	0	0	0	0	0	1	0	0	0	1	1	0	0	0	0	2	0	0	2	0	0	1	0	0	0	0	2	0	0	0	0	0	0	0	0	0	0	1	0	0	0	3	1	0	0	0	0	0	0	0	0	0	0	0	0	0	2	0	0	0	0	0	0	0	0	0	0	0	0	0	0	0	0	0	0	1	1	0	0	0	1	0	0	0	1	0	0	0	0	0	0	0	0	0	0	0	0	1	1	0	0	0	0	0	0	1	3	0	0	0	0	0	0	0	0	0	0	0	1	0	0	2	0	1	0	0	0	0	1	1	1	0	0	1	0	0	1	0	0	0	0	0	1	0	1	0	0	0	0	1	1	0	0	0	1	0	0	0	1	1	0	0	1	0	0	0	0	1	1	1	9	0	0	0	0	0	0	0	1	0	0	0	0	1	1	1	4	0	0	0	0	0	1	0	0	0	0	0	0	0	0	0	0	0	0	1	1	0	2	0	0	0	0	1	1	1	3	0	0	0	0	0	0	0	0	1	0	0	0	0	0	1	0	0	2	0	0	0	0	2	1	1	0	0	0	0	1	0	0	0	0	0	0	0	0	1	0	0	1	0	0	0	0	0	1	0	2	0	0	0	0	0	0	0	0	1	0	0	1	0	0	0	0	0	0	1	0	0	0	1	0	0	0	0	0	0	1	1	0	1	1	2	0	0	0	2	1	1	0	0	2	0	1	0	0	0	0	1	0	0	0	1	0	0	0	0	0	0	0	0	1	0	0	1	1	0	0	0	0	0	1	0	0	0	1	1	0	0	0	0	0	0	0	0	0	0	0	0	0	0	0	1	0	1	0
Ins4:U4:R3	0	0	0	0	0	0	0	0	0	0	0	0	0	0	0	0	0	0	0	0	0	0	0	0	0	0	0	0	0	0	0	0	0	0	0	0	0	0	0	0	0	0	0	0	1	0	0	0	0	0	0	0	0	0	0	0	1	0	0	0	0	0	1	0	0	0	0	0	0	0	0	0	0	0	0	0	0	0	0	0	0	0	0	0	0	1	0	0	1	1	1	0	1	0	0	1	0	0	0	0	0	0	0	0	0	0	1	0	2	0	0	0	0	0	0	0	0	0	1	0	0	0	0	0	0	0	0	0	0	0	0	0	0	0	0	0	0	0	0	0	0	0	0	0	0	1	1	0	1	0	0	0	0	0	0	0	0	0	0	0	0	0	0	1	0	1	0	0	0	0	0	0	0	0	0	0	0	0	0	0	1	0	0	0	0	1	0	0	0	0	0	0	0	0	0	0	0	0	0	0	0	0	0	0	1	0	1	0	0	0	4	0	0	0	0	0	0	0	0	0	0	1	0	0	0	0	0	0	0	0	0	0	0	0	0	1	0	0	0	0	1	1	0	0	0	0	0	0	0	0	0	0	0	0	0	0	0	0	0	0	0	0	0	0	0	0	0	0	1	0	0	0	0	1	0	0	0	0	0	0	0	0	0	0	0	1	1	0	1	0	0	0	0	1	0	2	0	0	0	0	1	0	0	0	0	0	0	0	0	0	0	0	0	0	0	0	0	0	0	0	0	1	0	0	0	0	0	0	1	1	0	1	0	1	0	0	0	0	0	0	0	0	0	0	0	0	0	0	0	0	0	0	0	0	0	1	0	0	0	0	3	0	1	0	0	0	0	0	0	0	1	0	0	0	0	0	0	0	0	0	0	0	1	0	0	1	0	0	1	2	0	1	0	0	0	0	1	6	0	0	0	0	0	0	0	0	0	0	0	0	1	0	0	0	0	0	0	0	0	0	0	0	0	1	0	1	0	0	0	1	0	0	1	0	0	0	0	0	0	1	0	0	0	0	0	0	1	0	0	0	0	1	3	0	0	0	0	0	0	0	0	0	0	0	0	0	0	0	0	0	0	0	1	0	1	1	0	0	0	0	0	0	0	0	1	1	0	0	0	2	0	0	0	0	0	1	0	0	0	0	0	0	0	0	0	0	0	0	0	0	0	0	0	0	0	0	0	0	1	0	0	0	1	0	0	0	0	1	1	1	1	0	0	0	0	0	0	0	0	0	0	0	0	0	0	3	0	0	0	0	1	1	0	1	0	0	0	1	0	2	0	0	0	0	1	0	0	0	0	0	0	0	0	0	0	0
Ins4:U4:R4	0	0	0	0	1	0	0	0	0	0	0	0	0	0	0	0	0	0	0	0	0	0	0	0	0	0	0	0	0	0	0	0	0	0	0	0	1	0	0	0	0	0	0	0	0	1	0	0	0	0	1	1	0	1	1	0	1	0	0	0	0	0	0	0	1	3	0	0	0	0	1	0	0	1	0	1	0	0	0	0	3	0	0	0	0	3	0	1	6	1	0	0	0	0	0	1	0	0	1	0	1	1	0	0	0	0	1	1	0	0	0	0	0	0	0	0	0	0	1	0	0	0	0	0	0	0	0	0	0	0	0	0	1	0	1	0	0	0	2	0	0	0	0	2	0	0	1	0	0	8	1	0	0	0	0	0	0	0	0	0	0	1	0	0	0	0	0	0	1	0	2	0	0	0	1	0	0	0	1	0	1	0	1	0	0	1	0	0	1	0	0	1	0	0	0	0	0	0	0	0	0	0	0	1	0	0	0	0	0	0	1	1	0	0	1	0	0	0	0	0	0	1	0	0	1	0	0	0	0	0	0	0	0	0	0	0	1	0	0	0	0	2	0	0	0	0	0	0	0	0	0	0	0	0	0	0	1	0	0	0	0	0	0	0	1	0	1	3	1	0	0	0	1	0	0	0	1	1	1	0	0	0	0	1	0	0	1	0	0	0	1	0	0	0	1	2	2	0	0	0	1	0	1	1	0	0	0	0	0	0	0	0	0	1	0	0	0	0	1	0	0	0	0	0	0	1	0	2	0	0	0	0	0	1	1	0	0	0	0	0	0	0	0	0	0	0	0	0	0	0	0	0	2	0	0	0	0	1	0	0	3	0	0	0	0	0	1	1	0	0	2	1	0	1	0	0	1	0	1	0	1	1	0	0	0	0	0	2	1	0	0	3	0	0	0	0	0	5	0	1	0	0	0	0	0	0	0	0	2	0	1	0	0	0	0	0	0	0	0	0	1	0	0	0	0	3	0	0	0	0	0	0	0	0	0	0	1	0	0	0	0	1	0	1	0	0	0	0	1	0	0	0	0	0	0	0	0	0	0	0	0	0	0	0	0	0	0	1	0	0	0	0	0	3	1	1	0	0	0	0	0	0	1	0	2	0	0	0	0	1	0	0	0	0	1	1	1	0	0	0	0	2	0	0	0	1	0	0	1	0	0	0	0	2	1	0	0	1	0	1	0	0	0	0	1	0	0	1	0	0	0	0	1	0	0	0	0	0	0	0	1	0	0	0	0	2	0	0	0	0	0	2	1	1	0	1	1	1	2	0	0	0	0	1	0	0	0	0	1	0	0	1	0	0	0	0
Ins4:U4:R(5,9)	0	0	0	0	0	0	0	1	1	1	0	0	0	0	2	0	0	1	0	0	0	0	0	0	0	0	1	0	0	0	2	1	0	0	0	0	1	0	0	1	1	0	1	2	0	0	1	0	1	0	0	2	0	0	1	0	1	1	0	1	0	1	1	1	1	3	0	0	0	1	0	0	0	2	1	1	1	0	0	1	1	0	1	3	0	2	0	2	26	1	1	1	0	0	0	0	1	1	0	0	1	0	0	3	0	0	0	1	0	2	1	1	0	0	0	2	1	0	1	0	0	0	1	0	0	0	0	0	2	0	2	0	4	0	0	0	0	2	1	1	0	0	0	5	0	1	0	0	1	18	0	0	0	0	0	2	0	0	0	3	0	1	1	0	2	1	1	0	0	2	5	1	0	0	1	0	0	3	6	0	2	0	1	2	2	1	1	1	2	3	0	2	0	1	0	0	0	0	1	2	0	1	2	0	1	0	0	1	0	2	6	0	3	1	0	0	0	0	0	2	2	1	0	0	0	0	1	0	0	2	0	0	1	0	0	1	1	1	2	1	0	4	1	0	0	0	1	0	1	0	0	0	0	0	1	0	1	3	0	0	1	1	0	0	2	0	1	2	1	0	0	1	1	0	2	2	2	2	1	0	0	0	2	0	0	3	0	0	1	1	0	0	1	0	1	2	0	0	0	0	0	0	2	1	1	0	0	1	1	0	0	0	0	1	0	0	1	0	0	0	2	1	1	1	0	0	0	0	0	0	0	0	0	1	1	6	1	1	0	0	0	0	0	0	0	0	0	0	1	1	0	1	1	0	0	0	0	1	0	0	5	2	0	1	0	0	1	0	0	0	1	0	0	1	1	2	3	1	0	0	0	1	2	3	0	0	1	3	1	0	1	3	0	0	0	0	2	29	0	1	3	0	0	1	2	2	1	1	2	0	0	1	0	1	0	1	1	0	0	1	0	0	2	0	1	3	0	1	0	2	0	0	0	1	0	0	2	1	2	0	0	0	1	0	0	0	0	2	0	0	0	0	4	0	3	0	0	0	0	0	0	0	0	0	0	0	2	1	0	0	0	0	1	0	0	1	1	0	1	0	1	0	0	0	1	2	0	1	0	2	0	0	1	0	1	0	0	2	0	1	1	1	3	6	1	0	0	1	0	0	1	0	2	4	0	0	0	1	0	1	0	1	0	2	0	0	1	0	0	1	0	0	0	1	2	1	1	0	1	0	0	0	0	0	1	12	1	0	0	0	1	3	0	4	1	3	0	0	1	1	1	0	2	0	0	0	0	0	2	1	0	0	0	0	0	1
Ins(5,):U1:R1	0	0	0	0	0	0	0	0	0	0	0	0	0	0	0	0	0	0	0	0	0	0	0	0	0	0	0	0	0	0	0	0	0	0	0	0	0	0	0	0	0	0	0	0	0	0	0	0	0	0	0	0	0	0	0	0	0	0	0	0	0	0	0	0	0	0	0	0	0	0	0	0	0	0	0	0	0	0	0	0	0	0	0	0	0	0	0	0	0	0	0	0	0	0	0	0	0	0	0	0	0	0	0	0	0	0	0	0	0	0	0	1	0	0	2	0	0	1	0	0	0	0	0	0	0	1	0	0	0	0	0	0	0	0	0	0	0	0	1	0	0	0	0	0	0	0	0	0	0	0	0	0	0	0	0	0	0	0	0	0	0	0	0	0	0	0	0	0	0	1	0	0	0	1	1	0	0	0	0	0	0	0	0	0	0	0	0	0	0	1	0	0	0	0	1	0	1	0	0	0	0	0	0	1	0	0	0	0	0	0	0	0	0	0	0	0	0	0	0	0	0	0	0	0	0	0	0	0	0	0	0	0	0	0	0	0	0	0	0	0	0	0	0	0	0	0	1	0	1	0	0	0	0	0	0	0	0	0	0	1	1	0	0	0	0	0	0	1	1	0	0	0	0	0	0	0	0	0	0	0	0	0	0	0	0	0	0	0	0	0	0	0	0	0	0	0	0	0	0	0	0	0	0	0	0	1	0	0	0	0	0	0	0	0	0	0	0	0	0	1	0	0	0	0	2	0	0	0	1	0	0	1	0	0	0	0	0	0	0	0	0	0	0	0	0	0	0	0	0	0	0	0	0	1	0	0	0	0	0	0	0	0	0	0	1	0	0	0	1	0	0	0	0	0	0	0	0	0	0	1	0	0	0	0	0	1	1	1	0	0	1	0	0	0	0	0	0	1	0	0	0	0	0	0	0	0	0	0	0	0	0	0	0	0	0	0	0	1	1	0	2	0	0	0	0	0	0	1	0	0	0	0	0	0	0	0	2	0	0	0	0	0	0	0	1	0	0	0	0	0	0	1	0	1	0	0	0	1	0	0	0	0	0	0	0	0	0	0	0	0	0	0	0	0	0	0	0	0	0	0	0	0	0	0	0	1	0	0	1	0	0	0	0	0	0	0	0	0	0	0	0	0	0	1	0	0	1	0	0	0	0	0	0	0	0	0	0	0	0	0	0	0	0	0	0	0	0	0	0	0	0	0	0	0	1	1	0	0	0	0	0	0	0	0	1	0	0	0	0	0	0	0	0	0	0	0	0	0	1	0	0	0	0	0	0	1	0	0	0	0	0	0	1	0	0	1
Ins(5,):U1:R2	0	0	0	0	0	0	0	0	0	0	0	0	0	0	0	0	0	0	0	0	0	0	0	0	0	0	0	0	0	0	0	0	0	0	0	0	0	0	0	0	0	0	0	0	0	0	0	0	0	0	0	0	0	0	0	0	0	0	0	0	0	0	0	0	0	0	0	0	0	0	0	0	0	0	0	0	0	0	0	0	0	0	0	0	0	0	0	0	0	0	0	0	0	0	0	0	0	0	0	0	0	0	0	0	0	1	1	0	0	1	0	0	0	0	0	1	0	0	0	0	0	0	0	0	0	0	1	0	0	0	0	0	0	2	0	0	0	0	0	0	1	0	0	0	0	0	0	0	0	0	0	0	0	1	0	0	0	1	0	0	0	0	0	0	0	0	0	0	0	0	0	0	0	0	0	0	0	0	0	0	0	1	0	0	0	1	0	0	0	0	0	0	0	0	0	0	0	0	0	3	0	0	0	0	0	0	0	0	0	0	0	0	1	0	0	0	0	0	1	0	0	0	0	0	0	0	0	0	0	0	0	0	0	0	0	0	0	0	0	0	0	0	1	0	0	0	0	0	1	0	1	0	0	0	0	0	0	0	0	0	0	0	0	0	0	0	1	0	0	0	0	0	0	0	0	1	0	0	0	0	0	0	0	0	0	0	0	0	0	0	0	0	0	0	0	0	0	0	0	0	0	0	0	0	0	0	0	0	0	0	0	0	0	0	0	0	0	0	0	0	0	0	0	0	0	0	0	0	0	0	0	0	0	0	0	0	0	0	1	0	0	0	1	0	0	0	0	0	0	0	0	0	0	0	0	0	0	0	0	0	1	0	0	0	0	0	0	0	0	0	0	0	0	0	0	0	0	0	0	0	0	0	0	0	0	0	0	0	1	0	0	1	0	0	0	0	0	0	0	0	0	0	0	1	0	0	0	0	0	0	0	0	0	0	0	0	0	0	0	0	0	0	0	0	0	0	1	0	0	0	0	0	0	0	0	0	0	0	0	0	0	0	0	0	0	0	0	0	0	1	2	0	0	0	0	0	0	0	0	0	0	0	0	0	0	0	0	0	0	0	0	0	0	0	0	0	0	0	0	0	0	0	0	0	0	0	0	0	0	1	0	0	0	0	0	0	0	0	0	0	0	0	0	0	0	0	0	0	0	0	0	0	0	0	0	0	0	0	0	1	0	0	0	0	0	0	0	0	1	0	0	0	0	0	0	0	0	1	0	0	0	0	0	0	0	0	0	0	0	0	0	0	0	0	0	0	0	0	0	0	0	0	0	0	0	0	0	0	0	0	0	0	0	0	0	0
Ins(5,):U1:R3	0	0	0	0	0	0	0	0	0	0	0	0	0	0	0	0	0	0	0	0	0	0	0	0	0	0	0	0	0	0	0	0	0	0	0	0	0	0	0	0	0	0	0	0	0	0	0	0	0	0	0	0	0	0	0	0	0	0	0	0	0	0	0	0	0	0	0	0	0	0	0	0	0	0	0	0	0	0	0	0	0	0	0	0	0	0	0	0	0	0	0	0	0	1	0	0	1	0	0	0	0	0	0	0	1	0	0	0	0	0	0	0	0	0	0	0	0	0	0	0	0	0	0	0	0	0	0	1	0	0	0	0	0	0	0	0	0	0	0	0	0	0	0	0	0	0	0	0	0	0	0	1	0	1	0	0	0	0	0	0	0	0	0	0	0	0	0	0	0	0	0	0	0	0	0	0	0	0	0	0	0	0	0	0	0	0	0	0	0	0	0	1	1	0	0	0	0	0	0	1	0	0	0	0	0	0	0	0	0	0	0	0	0	0	0	0	0	0	0	0	0	1	0	0	0	0	0	0	0	0	0	0	0	0	0	0	0	0	0	0	0	0	0	0	0	1	0	0	0	1	0	1	0	0	0	0	0	0	0	0	1	0	0	0	0	0	0	0	0	0	0	0	0	0	0	0	0	0	0	0	0	0	0	0	0	0	1	0	0	0	0	0	0	1	0	0	0	1	0	0	0	0	0	0	0	0	0	0	0	0	0	0	0	0	0	0	0	0	0	0	0	0	0	1	0	0	0	0	0	0	0	0	0	0	0	0	0	0	1	0	0	0	0	0	0	0	0	0	0	0	0	0	0	0	0	0	1	0	0	0	0	0	0	0	0	0	0	0	0	0	2	0	0	0	0	0	0	0	0	0	0	0	0	0	0	0	0	0	1	0	0	0	0	0	0	0	0	0	0	0	0	0	0	0	0	0	0	0	0	0	0	0	1	0	0	0	0	0	0	0	0	0	0	0	0	1	0	0	0	0	0	0	0	0	0	0	0	0	0	0	0	0	0	0	1	0	0	0	0	0	0	0	0	0	0	0	0	0	0	0	0	0	1	0	0	0	1	0	0	0	0	0	0	0	0	0	0	0	0	0	1	0	0	0	0	0	0	0	1	0	0	0	0	0	1	0	1	0	0	0	0	1	0	0	0	0	0	0	0	0	0	0	0	0	0	0	0	0	0	0	0	0	0	0	0	0	0	0	0	0	0	0	0	0	0	0	0	0	0	0	0	0	0	0	0	0	0	0	0	0	0	0	0	0	0	0	0	0	0	0	0	0	0	1	0	0	0	0	0	0	0	0	0	0	0	0
Ins(5,):U1:R4	0	0	0	0	0	0	0	0	0	0	0	0	0	0	0	0	0	0	0	0	0	0	0	0	0	0	0	0	0	0	0	0	0	0	0	0	0	0	0	0	0	0	0	0	0	0	0	0	0	0	0	0	0	0	0	0	0	0	0	0	0	0	0	0	0	0	0	0	0	0	0	0	0	0	0	0	0	0	0	0	0	0	0	0	0	0	0	0	1	0	0	0	1	0	0	1	0	0	0	0	0	0	0	0	0	0	1	0	0	0	0	0	0	1	0	0	0	0	0	0	0	0	0	1	0	0	1	0	1	0	0	0	0	0	0	1	0	0	0	0	0	0	0	0	0	0	0	0	0	0	0	0	0	0	0	0	0	0	0	0	0	0	0	0	0	0	0	0	1	0	0	0	0	0	0	0	0	0	0	0	0	0	1	0	0	0	0	0	0	0	0	0	0	0	0	1	0	0	0	0	0	1	0	0	0	0	0	0	0	0	0	0	1	0	0	0	0	0	0	0	1	0	0	0	0	0	0	0	0	0	0	0	0	0	0	0	0	0	0	1	0	0	0	0	0	0	0	0	0	1	0	0	0	0	0	0	0	0	0	1	1	0	0	0	0	0	0	0	0	0	0	0	0	0	0	1	0	0	0	0	0	0	1	0	0	0	0	0	0	0	0	0	1	0	0	1	0	0	0	0	0	0	1	1	0	0	0	0	0	0	0	0	0	0	0	0	0	0	0	0	0	0	0	1	0	1	0	0	1	0	0	0	0	1	0	0	0	0	2	0	0	0	0	0	0	0	0	0	0	1	0	0	0	1	1	0	0	0	0	0	0	0	0	0	0	0	0	0	0	0	1	1	0	1	0	0	0	0	0	0	0	0	0	1	0	0	0	1	0	0	1	1	0	0	0	0	0	0	0	0	0	0	0	0	0	0	1	0	0	0	0	0	0	1	0	0	0	0	0	0	0	0	1	0	0	0	0	0	0	1	0	0	0	0	0	0	0	0	0	0	0	0	0	1	0	0	0	0	0	0	0	0	0	0	0	0	0	0	0	0	0	0	0	0	1	0	0	0	0	0	0	1	0	0	0	0	0	0	0	0	0	1	0	0	0	0	0	0	0	0	0	0	0	0	0	0	0	0	0	0	0	0	0	0	0	0	0	0	0	0	0	0	0	0	0	0	0	0	0	0	1	0	1	0	0	0	0	0	1	0	0	0	0	0	0	0	0	2	0	0	0	0	0	0	0	0	0	0	0	0	0	0	0	1	0	0	0	0	1	0	0	0	0	0	0	0	0	0	0	0	0	0	0	0	0	1
Ins(5,):U1:R(5,9)	0	0	0	0	0	0	0	0	0	0	0	0	0	0	2	0	0	0	0	0	0	0	0	0	0	0	0	0	0	0	0	0	0	0	0	0	0	0	0	0	0	0	0	0	0	0	0	0	0	0	1	1	0	0	0	0	0	0	0	0	0	0	0	0	0	0	0	0	0	0	0	0	0	0	0	0	1	0	0	0	0	0	0	0	0	0	0	1	2	0	1	0	1	0	0	0	0	0	0	0	0	0	0	0	0	0	0	0	1	0	0	0	0	0	0	0	0	0	0	0	0	0	0	0	0	0	0	0	1	0	1	0	0	0	0	1	0	0	0	0	0	0	0	0	1	1	2	0	0	0	1	0	0	0	0	0	0	0	0	1	0	0	0	0	0	0	1	0	0	0	0	1	1	0	0	0	0	1	0	0	0	0	0	0	0	0	0	0	0	0	0	0	0	0	0	1	0	0	0	0	1	1	0	0	0	0	0	0	0	1	0	0	0	0	1	1	0	0	0	0	0	0	1	1	1	0	0	0	0	0	1	0	1	0	0	0	0	1	0	0	0	0	0	0	0	0	0	0	0	0	0	0	0	0	1	0	0	0	0	0	0	0	0	0	1	0	0	1	0	0	0	0	0	0	0	1	0	0	0	0	0	0	0	2	0	2	1	0	0	0	1	0	0	0	0	1	1	0	0	0	0	0	0	0	0	0	0	0	0	0	1	0	0	0	0	0	0	0	1	0	0	0	1	0	0	1	0	0	0	1	0	0	0	1	0	0	0	0	0	1	0	0	1	0	0	0	0	0	2	0	0	0	0	0	1	0	0	1	0	0	1	0	1	0	0	0	0	0	0	0	0	0	0	0	1	0	0	0	0	0	0	0	0	0	0	0	0	0	0	1	0	0	0	0	0	0	0	4	0	0	0	0	0	0	0	0	1	0	0	0	0	0	0	0	0	0	0	0	0	0	1	0	0	0	0	1	0	0	0	0	0	0	0	0	0	0	0	0	0	1	0	0	0	1	0	2	0	0	0	0	1	0	1	0	0	1	0	0	0	0	0	0	0	0	2	0	0	0	0	0	0	0	0	0	0	0	2	0	0	0	0	0	0	0	2	0	0	0	0	0	0	0	0	0	0	0	0	0	0	0	0	0	1	0	0	1	0	0	1	0	0	0	0	0	0	1	0	0	0	0	0	0	0	0	0	1	0	0	0	0	0	0	0	0	0	0	0	0	0	0	0	0	0	0	0	0	0	1	0	0	0	0	0	0	0	1	0	0	0	0	0	0	0	0	0	0	0	0	1	0	1	0	0	0	0	0
Ins(5,):U2:R1	0	0	0	0	0	0	0	0	0	0	0	0	0	0	0	0	0	0	0	0	0	0	0	0	0	0	0	0	0	1	0	0	0	0	0	0	0	0	0	0	0	0	0	0	0	0	0	0	0	0	0	0	0	0	0	0	0	0	0	0	0	0	0	0	0	0	0	0	0	0	0	0	0	0	0	0	0	0	0	0	0	0	0	0	0	0	0	0	1	1	0	0	0	0	0	1	0	0	0	0	0	0	0	0	0	0	0	0	1	0	0	0	0	0	0	0	0	0	0	1	0	0	0	0	0	0	0	0	0	0	0	0	0	0	0	1	0	0	0	0	0	1	1	0	0	0	0	0	0	0	0	0	0	0	0	0	0	1	0	0	0	0	0	0	0	0	0	0	0	1	0	0	0	0	0	0	0	0	0	0	0	0	0	0	0	0	0	0	0	0	0	0	0	0	0	0	0	0	0	0	0	0	0	1	0	0	0	0	0	0	0	0	0	1	0	0	1	1	0	0	0	0	0	0	0	0	1	0	0	0	0	0	0	1	0	0	0	0	0	0	0	1	0	0	1	0	0	0	0	0	0	0	0	0	0	0	0	0	0	0	0	0	0	0	0	0	0	0	0	1	0	0	1	0	0	0	0	0	0	0	0	0	0	0	0	0	0	0	0	0	0	1	0	0	0	0	0	0	0	0	0	0	0	1	0	0	0	0	0	1	0	0	0	1	0	0	0	0	0	0	0	0	0	0	0	0	0	0	0	0	0	0	0	0	0	0	0	0	0	0	0	0	0	0	0	0	0	0	0	0	0	0	2	0	1	0	0	0	0	0	1	0	1	0	0	0	0	0	0	0	0	0	0	0	0	0	0	1	0	0	0	0	0	0	0	0	0	0	0	0	0	0	0	0	0	0	0	1	0	0	0	0	0	0	0	0	0	0	0	1	0	0	0	0	0	0	0	0	0	0	1	0	0	0	0	0	0	0	0	0	1	0	0	1	0	0	0	0	0	0	0	0	0	0	0	1	0	0	0	0	0	0	0	0	0	0	0	0	0	0	0	0	0	0	0	1	0	0	0	0	0	0	0	0	0	0	0	0	0	0	0	0	0	0	0	0	0	0	0	0	0	0	0	0	0	0	0	0	0	0	0	0	0	1	0	0	0	0	0	0	0	0	0	0	0	0	0	1	0	0	0	0	0	1	0	0	0	0	0	0	0	0	0	0	0	0	0	1	1	0	0	0	0	0	0	0	0	0	0	0	0	0	0	0	0	0	0	0	1	0	0	0	0	0	0	0	0	0	0	0	0	0	0	0	0	0
Ins(5,):U2:R2	0	0	0	0	0	0	0	0	0	0	0	0	0	0	0	0	0	0	0	0	0	0	0	0	0	0	0	0	0	0	0	0	0	0	0	0	0	0	0	0	0	0	0	0	0	0	0	0	0	0	0	0	0	0	0	0	0	0	0	0	0	0	0	0	0	0	0	0	0	0	0	0	0	0	0	0	0	0	0	0	0	0	0	0	0	0	0	0	3	0	0	0	0	0	0	0	0	0	0	0	0	0	0	0	0	0	0	0	0	0	0	0	0	0	0	0	0	0	0	0	0	0	0	0	0	0	0	0	0	0	0	0	0	0	0	0	0	0	0	0	0	0	0	0	0	0	0	0	0	1	0	0	0	0	0	0	0	0	0	0	0	0	0	0	0	0	0	0	0	0	0	0	0	0	0	0	0	0	0	0	0	0	0	0	0	0	0	0	0	0	0	1	0	0	0	0	0	0	0	0	0	0	0	0	0	0	0	0	0	0	0	0	0	0	0	0	0	0	0	0	0	0	0	0	0	0	0	0	0	0	0	0	0	0	1	0	0	0	0	0	0	1	0	0	0	0	0	0	0	0	0	0	0	0	0	0	0	0	0	0	0	0	0	0	0	0	0	0	0	0	0	0	0	1	0	0	0	0	0	0	0	0	0	0	0	0	0	0	0	0	0	0	0	0	0	0	0	0	0	0	0	0	0	0	0	0	0	0	1	0	0	0	0	0	0	0	0	0	0	0	0	0	1	0	1	0	0	0	0	0	0	0	0	0	0	0	0	0	1	0	0	0	0	0	0	0	0	0	0	0	0	0	1	0	0	0	0	0	0	0	0	0	0	0	0	0	0	0	0	0	0	0	1	0	0	0	0	0	0	0	0	0	0	0	0	0	0	0	0	0	0	0	0	0	0	0	0	2	0	0	0	0	0	0	0	0	0	0	0	0	0	0	0	0	0	0	0	0	0	0	1	0	0	0	0	0	0	0	0	0	0	0	1	0	0	0	0	0	0	0	0	0	0	0	0	0	0	0	0	0	0	0	0	0	0	0	0	0	0	0	1	0	0	0	0	0	0	0	0	0	0	0	0	0	0	0	0	0	0	0	1	0	0	0	0	0	0	0	0	0	0	0	0	0	0	0	0	0	0	0	0	0	1	0	0	0	0	0	0	0	0	0	0	0	0	0	0	0	0	0	0	0	0	0	0	0	0	0	0	0	0	1	0	0	0	0	0	0	0	0	0	0	0	0	0	0	0	0	0	0	0	0	0	0	0	1	0	0	0	0	0	0	0	0	0	0	0	0	0	0	0	0	0	0	0	0
Ins(5,):U2:R3	0	0	0	0	0	0	0	0	0	0	0	0	0	0	1	0	0	0	0	0	0	0	0	0	0	0	0	0	0	0	0	0	0	0	0	0	0	0	0	0	0	0	0	0	0	0	0	0	0	0	0	0	0	0	0	0	0	0	0	0	0	0	0	0	0	0	0	0	0	0	0	0	0	0	0	1	0	0	0	0	0	0	0	0	0	0	0	0	2	0	0	0	0	0	0	0	0	0	0	0	0	0	0	0	0	0	0	0	0	0	0	0	0	0	0	1	0	0	0	0	0	0	0	1	0	0	0	0	0	0	0	0	0	0	0	0	0	0	0	0	0	0	0	0	1	0	0	0	0	2	0	0	0	0	0	0	0	0	0	0	0	0	0	0	0	0	0	0	0	0	0	0	0	0	0	0	0	1	0	0	0	0	0	0	0	0	0	0	0	0	0	1	0	0	0	0	0	0	0	0	0	0	0	0	0	0	0	0	0	0	0	0	0	0	0	0	0	1	0	0	0	0	0	0	0	0	0	0	0	0	0	0	0	0	0	0	1	0	0	1	0	0	0	0	0	0	0	0	0	0	0	0	0	0	0	0	0	0	0	0	0	0	0	0	0	0	0	0	0	0	0	0	0	0	0	0	0	0	0	0	0	0	0	0	0	0	0	1	0	0	0	0	0	0	1	0	1	0	0	0	0	0	0	0	0	0	0	0	0	0	0	0	0	0	0	0	0	0	0	0	0	0	0	0	0	0	0	0	0	0	0	0	0	0	0	0	0	0	1	0	0	0	0	0	1	0	0	0	0	0	0	0	1	0	0	0	0	0	0	0	0	0	0	0	0	0	0	0	0	0	0	0	1	0	0	0	2	0	0	0	0	0	0	0	0	0	0	0	0	0	0	0	0	0	0	0	0	3	0	0	0	0	0	0	0	0	0	0	0	0	0	0	0	0	0	0	0	0	0	0	0	0	0	1	1	0	0	0	0	0	0	0	0	0	0	0	0	1	0	0	0	0	0	0	1	0	0	0	0	0	0	0	0	0	0	0	0	0	0	0	0	0	0	0	0	0	0	0	0	1	0	0	0	0	0	0	0	0	0	0	0	0	0	0	0	0	0	0	0	0	0	0	0	0	0	0	0	0	0	0	0	0	0	0	0	0	0	0	0	1	0	0	0	0	0	0	0	0	0	0	0	0	0	0	1	0	0	0	0	0	0	0	0	0	0	0	0	0	0	0	0	0	0	0	0	0	0	0	0	0	0	0	0	0	0	0	0	0	0	0	0	0	0	0	0	1	0	0	0	0	0	0	0	0	0	0
Ins(5,):U2:R4	0	0	0	0	0	0	0	0	0	0	0	0	0	0	0	0	0	0	0	0	0	0	0	0	0	0	0	0	0	0	0	0	0	0	0	0	0	0	0	0	0	0	0	0	0	0	0	0	0	0	0	0	0	1	0	0	0	0	0	0	0	0	0	0	0	0	0	0	0	0	0	0	0	0	0	0	0	0	0	0	0	0	0	0	0	0	0	0	1	0	0	0	0	0	0	0	1	1	0	0	0	0	0	0	0	0	0	0	0	0	0	0	0	0	0	0	0	0	0	0	0	0	0	0	0	0	0	0	0	0	0	0	0	0	0	0	0	0	0	0	0	0	0	0	0	1	0	0	0	2	0	0	0	1	0	0	0	0	0	0	0	0	1	0	0	0	0	0	0	0	0	0	0	0	0	0	0	0	0	0	0	0	0	0	0	0	0	0	0	0	0	0	0	0	0	0	0	0	0	0	0	0	0	0	0	0	0	0	0	0	0	0	0	0	0	0	0	0	0	0	0	0	0	0	0	0	0	0	0	0	0	0	0	0	0	1	1	0	0	0	0	0	0	0	0	0	0	0	0	0	0	0	0	0	0	0	0	0	0	0	0	0	0	1	0	0	0	0	0	0	0	0	0	0	0	0	0	0	0	0	1	0	0	0	0	0	0	0	0	0	2	0	0	0	0	0	0	0	0	1	0	1	0	0	0	0	0	0	0	0	0	0	0	0	0	0	0	0	0	0	0	0	0	0	0	0	0	0	0	0	0	0	0	0	0	0	1	0	0	0	0	0	0	1	0	0	0	0	0	0	0	0	0	0	0	0	0	0	0	0	0	0	0	0	0	0	0	0	1	0	0	0	0	0	0	0	0	0	0	0	0	0	0	0	0	0	0	0	0	0	0	0	1	0	0	0	0	2	0	0	0	0	1	0	0	0	0	0	0	0	0	0	0	0	0	0	0	1	0	0	0	0	0	1	0	0	0	0	1	0	0	0	0	0	0	0	0	0	1	0	0	0	0	0	0	0	0	0	0	0	0	0	0	0	0	0	0	0	0	0	0	0	0	0	0	0	0	0	0	1	0	0	0	0	0	0	0	0	0	0	0	0	0	0	0	0	0	0	0	0	0	0	0	0	0	0	0	0	0	0	0	0	0	0	0	0	0	0	0	0	0	0	1	0	0	0	0	0	0	0	0	0	1	0	0	0	0	0	0	0	0	0	0	0	0	0	0	0	0	0	0	0	0	0	0	0	0	0	0	0	0	0	0	0	0	0	0	0	0	0	0	0	0	0	0	0	0	0	0	0	0	0	0	0	0	0
Ins(5,):U2:R(5,9)	0	0	0	0	0	0	0	0	0	0	0	0	0	0	0	0	0	0	0	0	0	0	0	0	0	0	0	0	0	0	0	0	0	0	0	0	0	0	0	0	0	0	0	0	0	0	0	0	0	0	0	0	0	0	0	0	0	0	0	0	0	0	0	0	0	0	0	0	0	0	0	0	0	0	0	0	0	0	0	0	0	0	0	0	0	0	0	2	18	0	0	0	0	0	0	0	0	0	1	1	1	1	0	1	0	0	1	0	2	0	0	0	0	0	0	2	1	1	0	0	1	1	0	1	0	2	0	1	0	0	0	0	0	1	1	0	0	0	1	0	0	0	0	0	0	0	0	0	0	7	0	2	0	1	0	1	0	0	1	0	0	1	0	0	0	0	0	0	0	1	0	0	2	1	0	0	0	0	0	1	0	0	0	0	0	0	0	0	0	0	0	1	1	0	2	0	1	0	0	0	0	0	0	0	0	0	0	0	0	0	3	1	1	0	0	0	0	0	0	0	0	1	0	0	0	0	0	1	2	2	1	1	0	0	0	0	0	3	0	0	0	2	0	0	0	0	0	1	1	0	0	0	1	0	2	0	3	1	1	2	0	1	0	0	0	1	0	0	0	0	1	1	0	0	0	0	0	1	0	0	0	2	1	1	0	0	0	1	0	2	1	0	0	0	2	0	0	0	0	0	0	0	0	1	2	1	0	0	0	0	0	0	1	1	0	3	0	0	1	0	0	0	0	1	0	0	0	0	1	1	0	0	1	2	1	0	0	0	2	1	1	1	1	1	1	0	0	0	0	1	0	1	1	0	2	1	2	1	1	0	3	0	0	1	1	0	0	0	1	0	0	1	0	1	0	0	0	0	2	0	1	0	2	2	1	1	0	1	1	0	1	0	0	0	1	0	0	10	0	0	1	0	0	1	0	0	0	2	0	1	0	0	0	0	0	0	0	0	1	0	0	0	0	1	0	0	0	0	0	0	0	0	1	0	0	0	0	1	2	0	0	1	1	0	1	0	0	0	0	0	0	1	1	0	0	0	1	0	1	1	1	0	0	0	1	1	0	1	0	0	2	1	0	0	0	1	0	0	1	0	1	0	0	1	0	2	1	0	0	1	1	0	0	0	0	1	0	0	0	0	0	0	0	0	0	0	0	0	1	0	1	1	0	1	0	1	1	3	0	0	0	0	0	1	0	0	0	0	0	0	0	0	1	2	0	1	0	3	0	0	0	1	0	0	0	2	1	0	0	0	1	0	0	0	0	0	0	0	0	0	0	0	0	0	1	0	0	1	1	0	0	0	0	0	0	0
Ins(5,):U(3,):R1	8	8	9	6	12	0	8	0	2	6	2	3	1	1	33	5	10	9	6	5	1	7	3	0	4	10	4	6	5	13	13	3	2	1	9	6	4	5	7	8	8	14	12	9	14	9	9	7	6	6	4	22	8	35	4	6	15	9	6	7	5	6	11	14	19	15	0	2	13	7	12	7	9	9	5	9	16	19	11	2	4	6	8	13	9	17	1	7	15	9	6	18	26	10	7	10	12	4	4	12	6	3	10	9	2	11	9	6	29	17	10	7	2	2	16	8	8	5	9	12	1	4	4	12	8	4	13	4	13	7	4	4	11	10	12	7	0	12	6	8	4	6	8	6	4	26	17	9	2	16	4	26	6	7	3	15	13	16	7	16	8	18	7	22	9	11	4	13	8	9	17	9	16	9	18	2	3	12	7	1	7	13	9	17	17	17	5	18	6	12	18	13	12	10	4	3	3	12	5	9	11	17	4	8	4	10	9	21	4	12	11	8	11	5	4	7	11	4	4	4	19	15	14	12	22	6	8	7	9	10	12	0	4	12	5	11	5	15	8	3	10	5	12	2	3	9	2	6	8	9	5	10	13	14	7	2	20	8	9	8	18	9	1	4	5	11	7	20	18	6	13	2	12	21	7	5	7	2	23	2	5	4	12	8	16	30	13	15	16	14	9	10	7	12	13	24	18	8	5	13	4	10	9	12	4	8	10	12	9	14	6	14	7	12	4	4	4	11	11	4	3	23	11	7	7	8	5	12	7	17	2	14	19	12	13	15	13	3	6	8	17	7	8	15	19	8	12	16	6	32	5	5	20	9	19	8	7	12	4	10	19	19	7	6	7	4	6	10	20	4	16	13	11	25	8	17	3	10	6	4	8	32	13	15	10	27	2	31	9	15	7	11	2	3	6	6	15	23	9	11	8	12	3	7	9	7	7	18	5	9	7	14	10	4	3	6	14	14	16	4	9	9	6	11	6	12	2	8	3	18	6	3	19	12	2	3	10	7	11	7	6	2	14	5	24	6	4	12	3	4	28	5	19	6	6	13	6	18	10	7	1	8	6	4	9	8	15	19	3	10	5	10	9	10	10	20	17	8	14	8	9	4	2	11	17	11	18	1	8	18	10	10	12	8	10	14	11	12	6	10	2	5	5	8	8	7	3	9	12	5	7	11	7	10	14	15	10	14	21	17	3	6	14	9	3	8	8	9	9	16	6	9	0	3	5	8	6	10	14	5	5	9	6	3	8	24	2	9	8	15	4	23	4	10	2	10	9	5	25	7	1	11	7	10	5	5	7	4	18	16	0	5	4	3	16	11
Ins(5,):U(3,):R2	0	0	1	0	1	0	0	0	0	0	0	0	0	0	2	0	0	0	0	0	0	0	0	0	0	0	0	0	0	0	1	0	0	0	0	1	0	0	1	0	0	1	0	0	0	1	0	1	0	0	1	0	0	2	0	0	1	1	0	0	1	0	1	2	0	0	0	0	1	0	0	0	0	0	1	0	0	1	1	0	0	0	0	0	0	0	0	0	6	0	0	0	1	0	1	1	0	0	0	1	0	0	1	0	0	0	0	1	1	1	0	0	0	0	1	0	0	0	0	1	1	0	0	1	2	0	1	0	1	0	1	1	3	0	0	0	0	0	0	0	1	0	0	2	0	0	1	0	0	3	0	1	0	1	0	0	0	1	2	0	2	0	1	0	1	1	0	1	1	2	3	0	0	0	0	1	0	2	0	0	2	0	1	1	2	0	0	0	0	0	1	1	0	1	3	0	0	1	1	5	0	0	0	0	1	0	0	0	0	1	1	0	0	0	0	0	0	0	0	0	0	0	1	0	0	1	0	0	1	2	0	1	1	1	0	1	0	0	0	0	0	2	0	0	0	2	1	0	0	1	0	1	1	1	1	0	1	0	0	2	0	1	0	0	1	0	1	1	0	0	0	0	1	0	1	1	0	0	1	1	0	0	1	1	0	0	0	0	2	0	0	0	0	2	0	0	3	1	0	1	1	0	1	0	2	1	1	0	0	0	2	0	0	2	0	1	0	1	0	0	0	1	0	1	0	0	2	0	0	1	1	0	2	2	2	0	0	1	1	0	0	0	1	1	0	2	0	1	0	2	0	1	0	0	0	0	0	0	0	1	2	0	0	0	1	0	0	0	2	0	1	1	2	0	0	3	0	0	1	0	0	1	0	1	0	1	0	2	0	2	0	0	1	0	2	2	0	7	1	1	0	0	0	1	0	0	1	1	0	1	0	0	1	0	0	0	0	0	0	0	1	0	2	1	0	0	1	1	0	3	0	0	1	1	0	0	0	0	2	0	0	0	0	0	0	1	1	0	0	0	1	0	0	0	0	1	0	0	0	0	0	0	1	0	0	0	1	0	1	0	0	0	2	1	0	0	2	2	2	0	0	0	1	0	0	1	0	0	1	0	0	0	0	0	1	1	0	1	0	0	1	0	2	0	0	1	0	1	0	0	0	0	1	2	0	0	0	2	1	0	0	0	1	0	0	0	0	0	0	1	0	0	1	0	0	0	0	1	0	0	0	0	0	0	0	0	0	0	2	2	2	0	0	0	1	1	0	0	0	0	0	0	1	0	0	0	0	0	3	1	1	0	0	1	1	0
Ins(5,):U(3,):R3	0	0	0	0	0	0	0	0	0	1	0	0	0	0	0	0	0	0	0	0	0	0	0	0	0	0	0	0	0	0	0	0	0	0	0	1	0	0	0	0	0	0	0	0	0	0	0	0	0	0	0	1	0	0	0	0	0	0	0	0	1	0	0	0	1	0	0	1	1	0	0	0	0	0	0	0	0	0	0	0	0	1	1	0	0	0	0	1	4	0	0	0	0	0	0	1	0	0	0	0	0	0	1	0	0	1	0	0	1	1	0	0	0	0	0	0	0	0	0	0	0	0	0	0	0	2	0	0	0	1	1	0	1	0	0	1	1	0	0	0	0	0	0	2	0	1	0	0	0	1	0	0	0	0	0	0	0	0	0	0	0	0	0	0	0	0	0	0	0	1	0	0	0	0	1	0	0	0	0	0	0	0	0	0	0	0	0	1	0	0	0	0	2	1	0	1	0	0	0	0	0	0	0	0	0	0	1	0	0	1	0	0	1	1	0	0	0	0	0	0	0	0	0	0	0	0	0	0	0	0	0	0	0	0	0	0	0	0	0	1	0	0	1	0	0	0	0	0	0	0	0	0	0	0	1	0	0	0	0	0	1	0	0	1	0	0	0	0	0	0	1	0	0	0	1	0	0	0	0	0	0	0	0	0	0	1	0	0	1	0	0	0	0	0	1	0	0	0	0	0	0	0	0	1	0	0	1	0	1	1	0	0	0	1	0	0	0	0	0	0	0	1	0	0	0	0	0	0	0	0	0	0	0	2	0	0	0	0	0	2	0	0	0	0	0	1	0	0	0	2	0	0	0	0	1	0	0	0	0	1	1	0	0	0	0	0	0	0	0	0	0	0	0	0	0	1	1	1	0	0	0	0	0	0	0	0	0	0	0	0	0	1	0	0	0	0	1	3	0	0	1	0	0	0	0	1	0	0	0	0	0	0	0	0	0	0	0	0	0	0	1	0	0	0	0	0	0	0	0	0	1	0	0	0	1	0	0	0	0	1	0	0	0	1	1	0	0	0	0	0	0	0	0	0	0	0	1	0	0	0	0	0	0	0	0	0	1	0	0	0	0	0	0	0	1	1	1	0	1	0	1	1	0	0	0	0	0	0	0	2	0	0	0	0	1	1	0	0	0	0	0	1	1	0	0	0	1	0	0	0	0	0	2	0	0	0	1	1	1	0	0	0	0	0	0	0	0	1	0	0	1	0	0	0	0	0	0	0	1	0	0	1	0	0	0	0	0	0	0	0	0	0	0	2	0	0	1	0	0	0	0	0	0	0	0	1	0	0	0	0	0	0	0	0	0	0
Ins(5,):U(3,):R4	0	0	0	0	0	0	0	0	0	0	0	0	0	0	0	0	0	0	0	0	0	0	0	0	0	0	0	0	0	0	0	0	0	1	0	0	0	0	0	2	0	0	0	3	1	0	0	1	0	0	0	1	1	1	0	0	0	0	0	0	0	0	0	0	0	0	0	0	0	0	0	0	0	0	0	0	0	0	0	0	0	0	0	0	0	1	0	0	0	0	0	0	0	0	0	1	0	0	1	1	0	0	0	1	0	0	0	1	0	1	0	0	0	0	1	0	0	0	0	2	0	0	0	0	0	0	0	0	2	0	0	0	0	2	1	0	0	1	1	0	0	0	0	0	0	0	0	1	0	1	0	0	0	0	0	0	0	1	0	0	1	1	0	0	0	0	0	2	0	1	0	0	0	0	1	0	0	0	0	0	1	0	0	0	0	1	0	0	0	0	0	0	0	0	1	1	0	0	0	0	0	0	0	0	0	0	0	0	0	0	0	0	1	0	0	0	0	0	0	1	0	1	0	1	1	0	0	0	0	0	0	0	0	0	2	1	0	0	0	0	0	1	0	0	0	0	0	0	0	0	0	0	1	0	1	0	3	0	1	0	1	0	0	0	1	0	1	0	1	0	0	0	1	0	0	0	0	0	0	0	0	0	0	0	0	0	0	0	0	1	0	0	0	0	0	0	1	0	0	1	0	0	1	0	0	0	0	0	0	0	0	0	0	0	0	0	1	0	0	0	0	0	0	0	0	0	0	0	0	0	0	0	0	1	0	0	1	0	0	0	0	0	0	0	1	0	1	2	0	0	0	1	2	0	1	0	0	0	1	2	1	0	1	0	0	0	0	0	0	0	0	0	0	0	0	0	0	0	0	0	1	0	0	2	0	0	1	0	0	0	0	1	0	0	1	0	0	4	1	0	0	0	0	1	0	0	0	1	0	1	1	0	0	0	0	0	0	0	0	0	0	0	0	0	0	3	0	0	0	0	0	0	0	0	0	0	0	0	0	0	0	0	1	0	1	0	0	1	0	0	0	0	1	0	0	0	0	0	0	0	0	0	0	0	0	0	0	0	0	0	0	0	0	0	0	0	0	0	1	2	0	0	0	1	0	0	1	0	0	1	0	0	0	0	0	0	0	0	0	0	0	0	1	2	0	0	0	0	0	0	0	0	0	1	0	0	0	1	0	0	0	0	1	0	0	0	0	0	0	0	0	0	0	0	0	0	0	0	0	0	0	0	0	0	0	1	0	0	0	0	0	0	0	0	0	0	0	0	1	0	0	0	0	0	0	0	0	0	0	0	0	1	1	0	1	0
Ins(5,):U(3,):R(5,9)	0	0	0	0	0	0	0	0	0	0	0	0	0	0	0	0	0	2	0	0	0	0	0	0	0	0	0	0	0	0	0	0	0	0	0	0	0	0	0	0	0	0	0	0	0	1	0	0	0	0	0	3	0	1	0	0	0	1	0	0	1	0	0	0	3	0	0	0	0	0	0	1	0	1	0	0	1	0	0	0	1	0	0	0	1	2	0	1	8	2	0	1	1	0	0	0	0	0	0	1	2	0	0	0	0	0	1	0	1	1	0	0	0	1	0	0	1	0	1	0	0	0	0	0	0	1	1	1	0	0	0	0	1	0	0	0	0	0	2	0	0	0	0	3	0	0	0	0	0	3	1	0	0	0	2	0	0	0	0	0	0	0	0	0	0	0	0	0	0	2	1	0	1	1	1	0	1	2	1	0	0	0	0	0	0	0	0	0	2	0	0	2	1	0	0	1	0	1	0	1	0	0	0	0	1	1	0	2	0	0	1	4	1	2	2	0	0	0	1	0	2	0	0	0	1	2	1	0	2	1	0	0	0	0	1	0	1	0	0	0	0	0	0	1	0	0	0	0	0	0	0	0	1	1	0	0	1	2	0	0	1	1	0	1	0	0	0	2	2	1	0	0	0	1	0	0	0	0	0	0	0	0	0	0	1	1	1	1	1	0	0	1	0	0	0	0	2	0	1	0	0	0	0	0	2	0	0	1	1	0	1	0	0	0	2	0	0	1	0	0	0	1	0	1	0	1	0	0	1	2	0	1	0	2	0	2	1	0	0	0	0	0	0	0	0	0	0	0	0	2	0	0	3	0	0	1	1	1	0	1	4	0	1	1	4	3	0	1	0	0	1	0	0	1	0	1	0	0	0	0	0	0	0	1	1	1	0	1	1	0	0	1	0	0	0	1	0	9	0	2	1	0	0	0	0	0	1	1	2	0	1	2	0	1	2	0	1	0	1	0	0	0	1	0	0	1	0	1	0	0	0	0	2	0	0	0	0	0	0	0	0	1	0	0	0	0	0	0	1	1	0	0	2	0	0	1	0	0	0	1	0	0	1	1	1	0	1	0	1	0	0	2	0	0	2	2	0	0	1	2	0	1	0	0	1	1	0	0	0	1	1	1	1	0	1	0	0	1	0	0	1	0	0	1	2	0	0	0	1	0	0	0	0	1	0	0	0	0	0	0	0	1	0	0	0	0	0	2	1	1	0	0	0	0	0	1	0	1	2	0	0	1	0	0	0	1	0	0	0	1	0	0	0	3	0	0	0	0	2	1	0	1	0	1	0	0	0	0	0	0	0	0	0	0	0	0
Del2:M1	14	21	7	11	26	0	4	1	10	31	6	23	2	1	73	13	13	4	30	9	1	6	7	0	16	9	8	39	3	10	5	24	0	1	14	6	4	6	17	17	13	14	20	5	33	11	9	4	11	9	13	14	13	17	17	6	13	7	6	15	5	12	19	14	13	13	1	12	15	11	14	14	16	10	7	25	21	17	11	8	11	16	8	8	4	23	11	16	262	10	8	18	56	7	6	18	10	12	9	19	4	3	41	27	13	19	49	5	93	16	24	13	2	4	16	12	7	10	11	41	4	8	16	21	18	14	10	1	22	14	10	3	22	12	12	10	1	11	5	4	10	1	4	29	12	16	16	12	4	170	9	53	5	8	16	22	8	39	12	22	12	13	5	26	10	14	5	19	25	10	12	23	14	10	9	1	11	20	55	5	17	13	7	11	7	24	20	79	6	5	21	14	24	7	8	11	6	12	5	17	5	20	3	6	19	2	10	19	4	2	68	7	15	6	12	43	10	3	19	7	37	31	7	10	8	19	9	3	16	24	12	5	10	4	14	5	6	77	6	9	13	23	16	1	2	20	3	2	20	9	10	14	21	23	7	4	6	12	8	12	41	1	4	7	6	7	16	18	11	4	10	1	11	15	13	15	27	14	31	0	2	5	21	15	17	19	30	21	29	69	23	7	7	54	24	34	11	11	15	21	3	7	12	20	11	15	20	10	7	5	11	6	24	10	6	6	20	39	34	5	7	38	13	9	10	43	7	47	23	22	3	11	24	40	45	11	24	0	3	12	7	16	14	17	62	19	28	8	18	7	6	36	12	16	22	4	6	37	8	5	19	19	4	7	9	1	5	20	18	4	24	22	27	70	17	26	5	27	21	17	10	36	21	20	25	31	8	71	10	4	19	18	2	9	29	8	16	302	7	9	15	15	8	5	8	9	16	45	16	10	13	10	9	7	5	3	17	6	13	17	7	14	14	28	9	141	7	16	14	34	6	15	8	5	10	4	11	9	13	16	5	3	22	17	15	20	10	21	10	10	66	12	145	16	25	38	17	15	13	14	3	12	15	3	16	16	21	16	6	21	30	17	10	17	7	39	35	13	22	39	26	13	5	10	10	43	36	9	12	28	6	8	6	8	13	20	26	27	8	6	3	20	14	16	5	8	7	30	23	8	18	35	42	11	12	13	22	15	34	19	5	12	626	5	8	18	10	10	2	14	9	24	31	3	5	7	8	26	10	14	13	13	8	6	33	18	3	7	7	11	26	39	4	15	2	22	26	4	54	6	4	4	3	14	5	9	11	4	37	12	4	0	7	7	14	11
Del3:M1	3	0	3	1	4	1	1	0	2	4	1	1	0	0	6	2	3	1	3	0	0	0	0	0	4	3	5	3	3	5	4	2	0	2	2	2	0	2	2	6	9	6	7	2	4	6	7	2	8	3	6	8	1	10	3	1	8	1	1	2	5	2	6	5	6	9	0	2	4	2	2	7	2	1	1	2	2	3	2	4	6	2	3	4	1	2	0	4	41	3	5	2	12	2	3	4	4	2	2	6	2	2	9	3	3	5	10	3	11	1	3	4	4	1	4	4	3	0	2	18	0	4	0	1	4	3	3	3	3	2	2	1	3	11	2	1	0	4	4	1	1	1	0	4	2	7	9	2	4	22	9	7	5	5	5	7	2	17	3	6	5	6	1	7	8	2	2	6	5	2	2	4	2	4	5	3	1	2	6	1	4	2	2	2	2	8	2	4	1	0	7	3	2	2	2	2	0	3	0	7	2	3	4	4	2	2	1	8	3	5	5	2	6	0	5	4	2	1	2	1	4	12	2	7	7	4	0	0	2	4	0	1	2	1	1	4	2	12	1	5	6	6	6	0	0	5	1	0	2	9	1	0	5	6	7	1	9	2	1	3	2	0	1	0	4	4	5	9	6	1	3	0	4	3	4	4	4	6	10	2	0	1	2	5	3	4	4	3	10	10	6	3	1	3	4	3	3	1	0	4	1	4	4	6	2	2	8	1	5	3	0	3	5	1	1	2	1	3	6	1	1	37	2	3	3	5	3	4	3	19	0	2	5	3	17	3	7	1	3	2	3	2	2	1	5	3	5	8	7	5	0	1	10	4	15	0	2	5	0	2	5	2	3	10	1	3	3	1	6	2	7	7	1	9	3	7	1	4	2	5	1	6	4	1	1	6	4	9	3	4	3	4	1	2	2	3	3	43	2	2	4	2	3	2	2	2	2	5	6	2	4	2	0	3	4	1	7	2	5	3	1	1	5	3	0	10	2	3	0	9	0	3	2	8	6	1	4	4	3	3	3	1	2	5	1	2	3	1	3	3	8	3	22	0	5	6	5	6	7	1	0	3	2	1	2	3	8	4	2	2	7	4	4	11	4	10	4	1	5	5	9	4	1	4	4	4	5	2	3	8	7	0	1	1	1	6	4	6	2	3	1	8	4	4	3	2	2	4	5	1	3	19	5	3	4	3	1	1	6	6	2	1	12	1	2	6	2	4	5	2	2	5	7	2	2	3	3	5	6	1	2	4	0	3	2	8	2	3	3	8	4	11	3	8	2	9	10	3	7	2	2	1	3	5	2	0	4	1	8	4	2	1	0	2	2	1
Del3:M2	4	7	9	6	8	0	5	1	1	11	3	3	5	2	15	3	11	5	3	2	1	0	2	0	7	6	4	8	4	14	6	2	3	5	3	7	6	1	1	3	10	3	13	7	5	6	10	5	3	9	0	11	4	19	3	5	5	8	5	7	5	1	7	9	5	4	1	3	2	3	8	5	3	10	4	5	4	7	6	6	5	1	7	2	6	6	3	4	270	2	1	8	9	7	7	6	7	8	6	11	4	2	13	7	5	7	3	3	20	5	8	8	2	9	8	14	3	8	5	10	7	9	6	10	2	2	5	3	6	6	3	6	13	9	8	4	0	5	8	6	4	2	9	5	6	14	23	8	5	252	4	10	7	7	5	8	3	12	2	3	13	10	8	11	14	3	6	12	19	6	8	14	3	6	6	1	10	10	19	4	5	4	4	8	8	9	3	11	5	5	6	13	7	7	8	7	7	8	3	8	4	4	1	7	4	10	4	11	4	5	52	4	6	3	4	29	1	3	4	9	11	9	9	7	4	8	5	1	4	9	13	2	4	7	8	4	5	10	2	5	5	20	10	5	3	8	1	3	2	9	3	11	9	6	5	3	4	3	2	8	13	5	2	8	7	7	6	14	9	3	9	4	3	9	8	4	9	7	10	4	4	0	9	7	5	12	5	10	20	10	6	1	9	5	10	12	10	13	6	10	0	1	5	17	7	6	4	2	8	8	10	11	2	10	5	4	8	6	6	4	3	23	9	3	6	40	4	11	8	12	3	12	10	10	14	11	8	4	1	12	11	6	5	7	10	2	4	6	4	8	3	3	14	9	9	6	8	19	2	5	14	6	6	2	9	7	5	9	7	4	15	6	13	14	7	7	4	6	5	5	4	12	10	6	5	7	9	26	7	4	11	7	5	4	11	4	5	249	7	5	13	6	8	9	3	6	9	20	10	9	0	8	3	3	3	0	10	6	9	13	8	7	13	15	6	173	5	7	5	7	3	2	3	4	2	0	4	7	3	9	1	8	6	7	8	2	7	3	6	4	20	4	132	2	5	6	4	8	10	4	4	7	4	2	4	10	15	8	4	5	16	5	6	7	5	15	7	5	7	5	4	6	7	4	6	8	8	4	3	14	6	0	4	9	10	6	3	9	10	2	6	14	2	9	6	4	4	7	5	4	3	8	10	9	11	6	5	4	11	3	2	3	46	4	1	4	5	5	5	3	5	4	3	7	5	3	8	8	14	2	1	4	4	4	12	16	1	1	7	13	18	20	2	8	3	11	18	5	13	5	1	4	6	1	3	10	7	3	17	7	6	6	6	5	5	6
Del4:M1	4	6	2	2	3	0	4	0	1	5	3	1	0	1	7	1	3	2	3	1	0	3	5	1	0	5	5	1	3	1	2	3	0	1	4	2	2	0	2	0	4	1	3	1	4	2	3	2	0	5	3	6	1	7	4	1	4	6	4	6	2	3	1	3	6	7	0	4	1	5	3	4	6	2	1	4	2	3	5	2	2	0	5	2	3	4	1	1	74	1	3	3	2	1	7	0	6	2	2	2	4	2	5	5	0	7	6	3	11	3	3	4	1	3	6	1	2	6	3	15	5	2	1	7	10	4	4	0	1	5	0	2	3	11	11	1	0	3	5	0	5	3	1	3	0	7	14	1	2	62	4	8	2	2	6	4	5	14	4	4	5	5	2	8	6	2	1	8	8	4	0	5	4	3	6	1	4	4	9	0	1	2	3	2	11	7	3	12	3	2	5	4	4	2	3	4	5	0	1	7	1	5	2	0	4	2	3	5	1	4	26	5	3	1	2	4	2	2	4	3	7	9	8	16	1	2	1	0	3	6	3	1	2	1	2	2	2	6	1	5	5	10	6	2	3	3	0	1	2	8	0	1	4	4	3	2	3	6	0	2	7	4	2	5	2	4	8	6	4	2	0	1	1	2	1	2	3	2	9	3	1	0	4	2	3	7	1	0	7	5	3	1	5	3	6	9	3	2	2	8	3	2	2	3	8	1	1	2	5	6	2	0	1	4	2	4	4	2	3	2	1	22	0	4	1	5	1	5	10	21	4	2	6	9	11	7	5	2	3	0	1	6	2	5	5	6	4	9	8	2	3	5	7	7	16	3	5	6	2	4	7	8	1	3	3	3	1	2	6	1	10	4	3	8	6	6	2	3	3	1	1	8	6	7	4	5	0	7	4	0	2	8	2	8	7	3	6	78	10	1	2	5	1	2	3	3	6	11	8	3	2	5	1	1	2	0	4	5	6	2	2	2	2	4	2	17	6	3	2	10	4	7	3	3	0	0	1	0	3	6	2	7	3	2	5	6	5	5	4	5	7	2	27	1	2	5	3	6	10	2	2	6	1	1	3	1	7	9	3	2	6	2	3	4	5	13	5	5	5	3	4	2	1	4	3	4	4	2	5	16	2	2	0	4	5	4	4	10	3	0	1	11	2	8	2	3	1	1	2	0	4	18	4	5	7	3	5	4	5	4	4	1	20	3	0	5	4	6	1	1	2	2	2	2	1	0	1	1	8	0	1	3	3	3	12	4	2	4	0	5	6	10	3	6	2	11	8	2	8	2	2	5	2	1	0	3	2	1	11	10	3	1	2	4	1	5
Del4:M2	2	7	2	8	5	0	2	0	3	10	4	7	1	1	13	3	3	3	8	4	1	0	1	0	2	5	1	2	3	9	8	2	2	0	1	5	3	0	1	1	4	3	10	5	5	5	4	3	1	1	6	7	1	15	2	2	7	8	3	5	2	3	7	6	6	3	1	7	4	5	4	4	2	5	1	3	2	2	5	3	1	1	4	2	1	7	1	1	120	3	3	2	5	4	4	2	5	10	2	3	3	1	6	4	1	9	3	4	12	3	5	9	2	9	8	6	4	2	3	13	3	2	5	10	1	4	3	1	2	2	10	4	7	7	6	2	2	5	2	4	5	2	3	2	2	13	22	6	5	71	6	10	5	2	6	8	6	12	3	6	4	6	6	4	14	5	3	5	10	7	10	8	2	2	6	3	3	9	16	1	3	1	4	8	5	5	2	10	6	4	4	7	4	3	4	5	4	7	0	3	6	6	3	1	2	2	0	8	2	0	22	10	5	1	2	9	0	2	1	5	3	19	4	5	6	6	7	1	3	4	5	4	6	7	5	4	3	3	3	4	4	8	6	3	1	3	6	3	3	5	1	6	11	8	3	2	5	4	3	9	3	3	2	4	6	4	5	9	4	4	1	0	3	5	4	1	4	4	10	2	1	2	12	3	1	7	6	2	12	6	7	4	22	2	8	7	8	9	7	5	3	3	4	10	6	4	4	1	3	8	3	4	6	4	4	3	3	3	3	3	2	22	3	2	1	24	1	8	7	12	1	8	4	6	15	9	5	1	2	4	6	3	3	4	2	1	3	2	4	1	3	0	22	14	5	9	5	9	0	3	15	4	2	2	8	4	3	8	4	6	10	9	7	13	6	3	4	5	3	2	4	15	9	3	7	3	5	14	9	2	3	5	4	8	13	4	7	73	3	4	6	5	1	6	4	3	12	14	7	6	5	7	3	2	1	1	4	2	4	8	1	7	6	9	3	54	7	1	5	6	4	4	1	3	2	4	3	2	1	4	0	7	1	3	3	2	8	1	3	2	15	2	60	2	3	10	3	4	11	2	3	9	1	3	7	4	17	13	0	2	2	3	3	8	4	13	5	5	3	3	6	3	4	0	4	9	3	2	5	9	2	3	1	4	4	6	1	7	7	4	1	12	6	9	2	1	0	8	7	2	4	8	2	5	8	4	4	4	6	3	0	3	37	3	2	6	1	6	5	1	0	1	0	8	2	4	3	4	11	5	2	2	0	5	6	10	1	6	3	6	10	14	1	4	0	10	10	3	7	2	3	2	0	0	2	7	6	2	5	6	8	4	2	4	0	6
Del4:M3	1	10	4	3	0	0	4	1	2	2	4	3	2	0	12	4	6	3	4	1	1	2	0	1	3	11	1	3	5	6	6	2	2	1	5	3	6	5	2	6	4	5	4	1	5	4	2	0	2	5	0	4	1	14	2	5	3	4	3	3	2	0	1	7	8	8	4	2	3	5	11	4	3	6	2	3	2	7	4	4	3	3	6	7	2	2	3	3	134	6	4	1	6	3	4	1	4	3	1	5	2	0	6	3	3	12	3	1	14	3	5	7	2	9	6	11	5	2	0	2	4	1	4	6	1	2	1	1	5	3	2	1	5	3	8	3	1	11	7	0	7	2	5	7	5	14	19	7	6	81	6	3	3	3	7	2	9	4	3	4	7	4	3	6	13	0	1	7	17	7	8	11	2	3	8	2	4	11	18	0	0	1	14	6	7	6	5	14	7	2	4	11	7	4	5	4	4	5	1	11	3	3	4	1	3	4	2	5	3	1	22	7	4	4	1	13	5	2	3	6	5	3	4	6	5	4	1	2	0	3	3	2	2	4	7	3	6	4	6	12	9	16	6	4	7	1	6	3	2	5	5	3	9	6	1	1	4	9	6	8	7	8	4	6	3	2	1	5	2	1	4	1	7	9	4	2	3	3	14	4	2	4	12	1	3	8	6	8	12	9	3	1	13	4	12	5	4	6	1	3	3	1	7	18	18	1	4	3	4	3	6	2	1	3	3	3	2	4	6	1	2	12	6	3	2	21	2	7	6	7	3	10	5	12	13	4	6	4	3	0	8	2	2	8	4	1	10	3	5	6	1	3	14	5	4	4	1	7	3	5	14	10	2	4	5	6	4	6	4	1	12	6	5	6	5	1	2	3	4	5	1	13	5	4	3	7	4	12	8	2	5	4	5	7	11	3	7	99	7	7	7	5	1	8	4	5	13	9	5	10	3	2	4	1	1	1	6	1	4	7	4	6	7	16	1	65	6	1	7	3	4	3	3	7	0	0	5	5	1	6	0	4	3	2	4	2	9	1	3	6	10	1	72	3	3	12	1	3	6	2	2	9	3	1	0	3	16	3	2	2	11	7	2	8	5	12	2	2	2	5	6	7	1	2	4	9	6	4	1	6	5	3	5	4	10	9	3	3	4	2	2	10	3	9	9	5	1	7	3	3	5	8	10	7	5	10	6	8	9	1	5	1	58	3	0	10	4	4	0	3	1	10	5	4	1	2	4	4	10	2	5	4	2	5	9	7	2	2	2	10	11	17	5	6	2	10	12	3	13	0	2	8	5	0	0	5	2	1	7	2	4	2	3	3	1	8
Del5:M1	1	1	3	1	4	0	2	0	2	4	0	2	0	1	7	2	0	2	1	0	0	2	0	0	2	1	2	0	0	0	2	1	0	0	1	4	1	1	3	4	3	0	1	1	5	2	3	2	0	0	3	4	1	13	2	1	1	4	3	0	5	2	3	3	3	2	0	0	3	5	3	1	1	3	1	2	2	1	2	2	2	3	0	3	1	2	2	3	11	1	2	0	3	1	2	2	1	1	0	3	0	1	3	3	2	2	2	1	3	2	0	1	3	1	3	3	1	0	2	10	1	2	4	5	1	1	5	1	1	1	1	1	3	9	6	2	0	3	1	1	2	0	1	1	1	5	17	3	0	6	8	4	2	2	3	2	4	10	8	1	2	2	1	4	1	3	1	5	2	6	4	4	0	3	4	2	3	3	1	2	0	1	1	0	8	8	4	3	1	0	5	2	5	1	4	0	3	3	1	8	4	2	2	0	1	3	1	2	1	1	3	7	5	0	3	4	2	0	2	1	5	10	4	3	1	0	1	2	0	3	4	0	7	0	5	5	5	4	0	2	3	4	3	2	2	5	2	0	2	5	5	7	4	7	5	2	3	1	2	4	2	2	1	1	1	2	4	7	5	0	2	0	1	3	5	1	6	2	2	0	0	2	7	0	0	4	7	2	7	7	3	5	0	5	1	4	1	5	0	5	2	2	6	4	1	1	6	1	2	2	2	0	4	5	0	1	2	2	2	0	0	24	2	5	2	3	2	1	9	8	0	7	6	0	20	0	5	1	3	3	2	6	1	4	6	1	5	7	5	2	2	1	6	4	8	1	2	3	0	2	2	3	2	8	4	3	3	0	6	3	8	3	0	10	4	2	1	2	2	2	4	12	8	3	2	4	3	8	0	3	6	2	1	3	5	2	5	8	3	2	4	3	0	1	2	3	2	3	15	3	4	4	1	2	6	0	2	0	2	1	2	2	0	3	3	3	2	2	1	10	2	1	2	1	1	1	1	1	1	0	0	2	4	2	7	1	3	4	2	3	7	2	13	1	4	3	4	5	5	2	0	1	1	1	3	0	9	2	1	7	6	5	2	5	1	5	3	2	1	3	4	2	0	3	3	6	5	1	2	4	3	2	2	1	1	5	4	3	1	2	1	7	1	3	6	1	1	1	5	0	6	13	2	3	4	4	1	3	0	2	1	2	14	0	2	4	2	3	2	0	1	8	1	2	1	3	3	2	2	2	1	2	2	2	8	5	0	1	3	1	2	7	1	7	1	9	10	2	3	3	2	3	2	0	1	1	0	2	5	5	0	0	2	2	0	0
Del5:M2	2	2	1	1	3	0	0	0	0	3	1	0	0	0	9	0	2	1	3	1	0	0	0	0	1	2	1	2	5	2	2	2	1	0	2	1	1	1	6	1	1	0	4	2	1	4	5	4	4	2	4	9	1	17	1	0	3	5	0	3	1	1	2	5	3	3	0	5	1	2	2	4	2	5	1	1	0	0	3	3	1	0	3	3	3	1	0	1	10	1	2	3	2	0	3	2	1	2	1	1	1	0	2	2	4	4	3	1	2	4	3	2	3	4	5	2	4	0	0	8	2	1	1	3	2	3	0	2	4	2	2	2	2	7	5	3	0	3	0	0	2	0	4	0	0	5	22	4	2	5	10	3	2	1	0	3	1	8	2	7	2	2	3	6	6	2	2	3	2	1	3	3	1	1	2	1	1	4	2	2	4	1	5	1	10	4	2	5	0	1	2	2	4	3	1	1	2	2	2	10	2	6	1	1	2	1	3	4	1	2	3	1	1	2	0	6	4	0	0	1	6	7	1	3	1	1	0	0	4	3	0	1	1	2	4	3	4	2	1	1	1	2	6	1	1	1	3	0	2	2	2	6	2	3	1	1	5	2	1	5	4	2	2	3	0	2	1	3	3	1	1	0	1	1	3	2	4	6	4	2	0	1	3	0	1	3	4	3	6	3	4	2	5	1	3	3	3	5	2	5	0	0	3	7	1	1	2	0	2	3	1	0	1	1	0	1	4	3	3	2	1	13	2	4	2	6	3	1	6	10	0	2	3	2	11	2	2	1	2	0	2	2	1	4	6	2	4	4	0	2	0	4	11	2	7	0	2	4	1	2	2	7	2	3	3	3	3	5	3	0	6	7	1	6	4	4	0	1	1	2	3	10	3	4	4	2	3	2	2	3	1	5	1	1	5	0	1	13	3	4	5	3	1	1	1	0	3	7	6	4	1	4	2	3	3	0	4	1	3	3	1	3	4	7	0	8	1	3	3	10	0	2	2	1	2	1	1	2	3	4	3	0	2	0	5	3	4	0	3	1	5	1	16	1	7	3	2	3	6	1	0	9	2	0	1	3	10	2	1	3	2	1	0	3	4	6	1	2	2	3	5	1	2	1	1	5	6	2	3	2	6	0	0	1	1	9	1	2	4	2	1	4	1	3	2	3	3	4	3	2	3	19	1	2	4	4	3	0	2	0	1	2	15	1	1	6	3	5	0	1	1	3	4	1	6	0	3	4	2	2	1	3	2	5	10	3	1	1	2	5	1	7	2	4	0	5	4	2	3	3	0	1	1	5	1	2	1	0	4	1	2	2	1	5	0	4
Del5:M3	1	4	1	0	4	0	0	0	1	2	2	0	2	0	2	2	2	1	0	0	0	1	2	0	0	0	2	1	1	4	1	1	1	0	2	0	1	2	1	2	1	2	2	0	1	2	0	0	2	2	0	6	1	15	0	0	1	1	1	3	2	2	2	2	0	4	0	0	0	1	2	1	3	1	1	2	3	0	1	0	0	0	6	1	3	0	0	1	17	0	2	1	3	1	1	4	2	4	1	1	3	0	3	2	0	0	2	0	4	2	3	0	0	3	2	3	3	0	0	3	2	0	3	1	0	3	2	1	1	0	1	0	2	2	3	1	0	0	0	0	0	1	0	3	0	5	16	4	2	14	2	1	0	1	2	3	1	7	1	4	6	1	0	3	0	1	2	2	0	2	0	5	2	1	1	1	1	0	1	0	1	0	2	1	5	4	4	3	0	1	4	1	2	2	3	0	0	0	3	4	0	2	0	2	1	3	0	4	0	1	5	2	3	0	0	2	2	1	1	2	1	2	0	5	1	2	2	2	0	1	2	0	3	0	1	2	2	1	1	2	3	3	1	2	1	2	3	1	5	3	1	3	2	0	2	2	1	2	2	2	4	2	3	0	0	3	0	3	0	0	1	0	1	1	3	2	0	2	0	0	0	0	3	2	0	2	0	4	5	2	1	0	3	1	5	3	3	0	1	2	2	1	5	1	4	0	2	2	3	3	0	0	0	1	4	2	3	3	1	0	2	9	2	1	2	5	1	2	1	4	1	2	0	5	6	2	0	1	0	1	2	3	2	2	3	0	2	1	1	3	1	1	7	1	4	2	1	4	2	1	1	5	1	2	3	0	1	1	5	0	2	2	2	6	0	0	1	0	2	1	0	9	2	2	2	2	1	5	2	1	2	2	0	2	0	0	2	16	1	2	1	2	2	2	0	1	4	7	2	2	1	2	2	0	0	0	4	0	6	3	1	0	3	4	1	10	0	1	2	3	1	1	1	0	1	2	2	0	1	1	2	1	1	0	0	1	5	2	1	1	4	3	13	0	1	7	0	1	2	1	2	3	4	1	2	0	7	4	0	2	3	0	3	5	0	7	1	1	1	1	0	1	2	0	1	1	6	2	0	1	1	1	0	3	0	1	1	2	4	1	0	5	3	1	0	0	1	3	3	1	0	1	2	1	3	3	1	1	2	1	0	0	17	1	1	2	4	0	2	2	1	4	1	0	1	1	1	1	4	1	0	2	2	1	5	0	0	0	0	4	1	7	0	0	0	6	7	2	1	0	0	2	1	1	1	3	1	0	3	3	6	0	1	1	0	0
Del5:M4	0	1	0	0	0	0	1	0	0	2	0	0	1	0	7	1	0	0	0	2	1	0	0	0	2	1	1	1	1	3	0	1	0	0	1	1	2	1	0	0	1	0	0	3	2	0	1	2	0	1	0	1	3	7	0	1	1	0	0	1	0	0	0	4	2	0	0	0	0	0	2	2	0	2	0	0	3	2	1	0	0	1	1	2	3	1	0	1	24	1	0	3	1	1	0	2	1	6	0	1	0	1	3	1	0	1	1	2	5	0	0	1	1	0	0	3	2	0	0	8	0	0	2	4	1	2	0	0	2	1	1	2	1	2	3	1	0	2	4	3	0	0	0	0	1	3	9	4	0	10	1	1	3	1	2	0	2	9	0	1	0	2	0	2	3	0	2	2	4	2	1	1	4	0	0	1	2	6	4	1	1	2	0	2	4	3	1	4	1	3	1	0	2	1	0	3	0	3	1	3	0	1	0	0	0	1	0	5	0	3	6	1	1	0	0	3	2	1	0	1	1	0	2	2	2	2	1	0	0	4	2	0	1	2	1	2	2	1	1	2	2	6	1	3	1	0	2	0	0	4	3	0	3	4	2	0	0	0	0	4	3	1	1	1	1	0	0	5	0	0	2	0	0	2	1	1	2	3	0	0	0	1	3	0	1	4	2	2	5	3	1	2	0	1	2	3	2	0	1	1	0	2	2	4	1	1	0	1	5	1	1	2	0	2	2	1	1	1	3	1	0	5	1	2	2	6	0	1	3	1	1	5	1	1	2	2	1	2	1	1	1	2	1	0	2	1	0	2	2	1	0	1	5	1	1	1	1	0	0	0	3	2	0	1	4	0	2	2	1	0	3	0	1	3	3	1	0	1	2	0	0	4	2	5	1	4	2	5	2	2	2	1	1	1	2	1	2	10	2	1	3	0	0	0	1	1	2	3	3	1	1	2	2	2	0	0	3	0	0	0	1	2	2	1	2	10	0	0	5	1	2	0	1	1	2	1	2	0	1	3	0	1	1	1	1	1	2	1	2	0	3	0	10	0	3	4	2	1	3	1	1	4	2	0	0	7	8	4	0	0	2	0	1	1	1	6	3	5	3	1	0	1	0	1	1	1	2	0	2	2	1	2	0	0	2	2	0	2	3	1	1	4	3	2	3	0	0	2	1	0	2	2	2	1	2	3	1	1	1	0	1	1	18	0	0	1	2	1	0	0	0	2	0	1	1	1	2	1	2	0	0	0	1	0	2	2	0	0	1	2	3	0	3	3	0	3	1	2	0	1	0	3	0	0	1	1	0	0	2	0	0	0	2	1	1	1
Del6:M1	1	1	2	1	1	0	1	0	3	3	0	0	0	0	2	1	1	0	3	1	0	1	0	0	1	2	1	3	1	1	2	0	0	0	2	1	0	2	0	2	2	4	1	1	3	2	2	2	2	3	0	6	1	15	1	1	0	1	1	3	0	1	0	3	5	2	1	1	0	7	0	4	1	0	3	1	3	4	2	3	0	1	4	1	1	3	1	3	32	3	1	1	3	4	1	3	1	3	1	6	0	1	4	1	2	7	5	0	6	3	2	3	7	1	5	5	1	1	0	13	3	0	5	8	1	2	7	1	0	2	2	0	3	7	6	2	0	1	1	2	1	2	0	5	2	6	19	4	1	9	7	6	3	0	5	0	2	15	2	2	6	1	0	2	1	3	3	7	5	3	1	1	2	4	4	3	1	0	4	2	6	1	2	4	5	8	4	5	3	1	0	2	7	2	2	3	1	2	2	9	2	1	4	4	0	2	1	2	0	5	13	1	2	3	3	3	2	2	3	6	4	13	1	2	4	1	2	0	3	1	1	0	4	2	3	2	1	4	2	7	1	5	5	2	1	1	0	3	3	4	9	3	1	5	1	2	2	1	1	2	4	4	1	5	4	3	7	9	6	3	1	1	3	3	7	1	4	3	4	2	0	1	4	4	2	3	3	3	4	9	4	1	4	3	3	4	6	5	1	3	0	0	3	2	0	4	0	1	1	1	1	2	2	2	2	3	4	1	1	2	1	14	5	0	3	5	2	2	6	14	4	3	5	8	20	6	6	0	2	5	4	6	2	1	7	2	5	6	5	2	3	1	9	2	9	1	2	5	0	1	5	9	2	2	4	4	1	7	2	6	4	1	2	3	0	2	2	0	3	1	7	9	10	4	5	6	3	6	2	3	4	4	2	1	10	2	1	58	2	1	3	1	1	5	1	1	3	12	5	1	0	7	1	4	2	0	1	2	2	1	4	3	2	2	0	4	1	3	4	10	0	2	4	5	3	1	2	1	4	3	0	0	1	4	4	3	2	7	1	4	3	6	16	4	3	2	2	2	8	0	0	5	2	0	3	3	6	5	3	4	3	2	3	1	1	14	4	7	5	4	2	2	0	2	3	4	5	2	2	3	4	1	3	3	4	14	3	0	2	2	0	4	3	1	0	4	0	5	11	1	4	15	2	3	0	1	4	3	4	3	0	0	12	4	1	4	0	1	3	1	1	5	4	1	1	4	2	1	4	2	1	2	1	4	6	6	0	4	3	2	8	7	1	2	0	9	11	4	4	2	0	2	3	1	5	3	1	1	0	2	3	1	2	2	0	3
Del6:M2	0	1	0	1	5	0	1	0	0	4	2	4	0	2	9	1	1	0	2	0	0	1	0	0	0	2	2	2	2	3	0	0	0	0	1	2	1	0	0	0	0	3	2	0	2	2	4	0	0	1	1	13	0	21	1	0	4	3	1	3	1	1	1	4	1	2	1	0	1	1	2	1	0	2	1	0	3	2	1	3	2	0	3	0	4	1	0	2	4	5	5	0	1	2	1	1	1	2	0	1	0	0	1	0	1	1	7	0	3	2	2	3	3	1	6	2	3	0	3	2	0	0	1	1	1	1	3	1	1	1	1	0	2	9	5	2	1	2	0	0	0	2	3	4	3	6	38	2	1	0	3	1	2	1	1	2	3	1	0	2	1	1	1	5	2	1	2	1	3	0	6	3	0	2	0	1	1	0	1	1	5	2	2	3	12	2	0	2	0	0	3	2	4	1	0	2	1	6	3	6	0	0	0	1	1	0	1	2	0	2	2	2	5	1	2	0	2	2	0	2	3	6	1	3	1	2	0	1	3	0	0	1	6	4	4	0	1	5	1	2	3	1	5	3	0	2	2	0	1	3	1	3	2	3	0	2	3	0	3	1	5	2	0	0	1	1	1	5	2	1	0	1	1	1	3	0	4	2	2	1	0	0	0	0	1	5	3	1	7	1	1	2	2	1	2	2	2	1	0	6	0	0	1	7	1	1	2	1	0	1	0	4	1	0	2	1	2	1	3	3	0	10	2	1	4	2	1	1	3	11	1	4	0	5	4	2	0	0	1	1	3	5	0	3	1	0	3	7	3	3	1	2	9	2	5	1	1	5	0	1	2	3	1	3	1	0	1	7	4	0	4	2	2	6	1	1	1	0	5	1	5	10	4	3	5	3	0	5	1	1	3	1	1	4	3	0	2	10	5	0	3	0	1	1	1	1	4	12	4	0	3	3	2	1	0	0	2	1	2	0	1	0	4	4	0	1	0	3	1	2	0	2	2	1	1	2	1	2	1	1	0	0	1	3	4	3	5	0	3	2	3	2	21	2	3	1	1	4	4	2	0	11	3	1	1	1	8	1	3	5	1	0	2	1	1	10	1	3	0	5	3	2	2	1	1	4	6	2	2	4	0	2	0	0	1	8	2	0	1	1	2	1	5	3	1	1	1	4	3	2	4	12	0	1	1	3	1	0	1	0	0	4	9	0	1	0	2	0	1	3	2	1	2	0	3	1	2	1	0	1	0	2	1	0	6	4	0	2	1	2	4	7	0	5	0	5	5	3	4	0	0	1	1	2	0	0	0	0	4	2	2	0	1	0	1	6
Del6:M3	1	1	1	0	5	0	0	0	0	1	0	0	0	1	7	0	0	0	2	1	0	0	0	0	0	0	0	0	1	3	1	0	0	0	2	0	0	0	0	0	0	1	3	1	3	0	1	0	1	0	1	5	1	22	0	2	0	0	0	0	2	0	0	1	0	3	0	2	1	0	0	1	1	0	0	0	0	3	2	2	1	0	2	0	0	2	0	0	3	0	0	0	1	0	0	0	0	0	1	0	1	0	0	0	0	4	2	0	3	1	1	0	0	0	4	1	2	1	0	1	1	0	2	2	1	0	2	0	0	0	0	1	1	3	5	1	0	3	2	2	0	1	0	0	1	1	18	0	1	2	3	4	0	0	0	1	2	1	1	0	3	2	0	2	3	0	0	2	3	1	1	1	0	1	2	0	0	0	0	0	0	0	1	2	6	2	1	2	0	0	3	1	3	1	1	1	1	1	0	3	1	0	0	0	1	0	1	1	0	1	2	1	2	1	1	1	1	1	2	0	2	4	0	2	0	2	0	1	0	0	0	0	1	0	1	0	1	1	0	1	2	1	1	1	0	0	1	0	1	2	1	6	3	2	1	1	1	2	2	1	1	0	1	3	1	0	0	1	2	1	0	0	0	2	3	1	1	0	2	1	0	2	2	0	1	3	1	0	4	1	3	0	0	0	0	2	1	0	0	3	0	0	6	2	1	1	3	0	0	1	0	0	0	0	0	1	0	0	1	0	0	9	0	3	0	1	1	0	1	4	0	1	2	1	4	1	0	2	1	1	1	0	0	0	0	1	3	3	1	1	0	1	7	0	2	1	2	1	0	0	1	1	0	0	1	0	1	3	3	0	6	3	1	1	1	1	0	0	0	0	0	13	1	2	3	4	0	1	0	0	0	3	0	1	1	0	1	6	2	0	0	0	0	0	2	1	1	1	4	0	1	2	0	1	1	1	2	0	2	1	1	0	2	2	0	0	0	1	1	2	0	2	2	0	0	1	1	1	1	1	0	1	2	1	1	2	2	2	0	0	5	1	14	0	3	2	0	2	4	1	1	3	4	0	2	0	8	2	1	0	3	0	2	3	1	3	1	3	0	1	1	0	0	0	0	2	5	1	0	0	0	1	2	0	3	2	2	1	1	1	0	1	4	1	0	1	0	1	0	1	3	9	1	1	1	1	1	0	2	2	0	0	6	1	0	1	2	2	4	1	1	1	2	1	2	1	4	1	1	0	1	1	0	0	10	0	0	2	1	0	0	7	0	2	0	4	3	0	3	2	0	1	1	1	1	1	0	3	8	3	0	0	0	1	1	1
Del6:M4	2	2	0	1	0	0	0	0	0	2	0	1	0	0	2	0	1	0	1	0	1	0	0	0	1	0	2	0	0	0	1	0	0	0	0	0	0	1	0	2	0	0	0	1	0	1	2	1	1	0	1	4	0	8	0	0	0	0	1	1	0	0	2	1	0	2	0	0	0	0	0	0	0	0	0	0	2	0	2	0	0	0	4	1	0	0	1	1	8	0	1	0	1	1	2	1	1	1	0	0	1	1	1	0	0	1	0	1	2	1	1	1	0	1	0	1	2	1	1	1	1	1	1	0	0	0	3	0	0	1	1	0	0	0	3	0	2	0	1	2	1	0	0	0	0	3	12	1	0	4	1	1	0	1	0	4	1	2	3	0	2	0	0	2	3	0	0	0	2	0	3	1	1	1	1	0	5	1	1	1	0	0	0	2	5	3	0	2	1	1	1	1	2	1	0	1	0	2	0	1	0	1	0	1	1	1	0	2	0	0	4	0	0	0	0	0	0	1	1	2	1	0	1	2	1	0	2	1	0	1	1	1	1	1	2	2	0	0	1	0	2	1	1	0	0	0	4	2	0	2	0	2	1	0	1	0	0	2	0	0	6	1	0	0	1	0	0	5	1	0	1	0	0	2	2	0	4	2	2	0	0	0	1	0	0	3	0	1	0	1	2	0	1	2	1	3	0	1	0	0	0	1	1	1	1	0	0	0	1	6	1	2	0	0	1	0	1	0	0	1	0	2	0	0	0	0	0	0	1	3	1	2	4	2	2	1	0	0	1	0	0	1	0	2	0	0	3	0	1	1	1	2	6	0	1	1	1	1	1	2	1	1	0	1	0	2	1	1	1	1	1	1	1	3	0	2	1	1	2	0	2	3	4	1	3	3	2	2	1	2	2	1	1	0	2	1	1	10	1	1	2	1	1	0	0	1	0	3	3	1	1	0	1	0	0	0	0	0	2	1	2	0	1	2	0	3	2	2	1	0	1	0	2	0	0	1	1	0	0	0	0	1	2	0	2	1	1	0	1	1	4	0	5	1	1	2	1	2	2	1	0	3	1	1	1	0	4	0	1	1	3	3	4	1	1	1	1	0	0	2	2	1	0	1	0	1	1	0	2	3	1	1	2	1	2	0	0	0	1	1	1	3	0	3	1	0	0	0	1	0	1	3	2	2	0	1	2	2	1	0	1	2	5	0	1	1	0	2	0	3	0	1	0	0	0	2	1	1	0	0	0	2	0	1	2	1	1	0	0	0	3	6	0	2	0	4	4	2	1	2	0	0	0	2	0	0	1	1	1	1	0	2	1	0	0	2
Del6:M5	0	0	0	0	0	0	0	0	0	1	0	0	0	0	0	0	0	1	0	0	0	0	0	0	0	0	0	0	0	0	0	0	0	0	0	1	0	0	0	0	0	0	0	0	0	0	0	0	1	0	0	1	0	6	0	0	0	0	1	1	0	1	0	1	0	0	1	0	0	0	0	0	0	0	1	0	1	1	0	2	0	0	0	0	0	0	0	1	1	0	0	0	2	0	0	0	0	0	1	0	1	0	0	0	0	0	1	0	0	0	0	1	0	0	1	0	0	0	0	1	0	0	0	0	0	0	0	0	0	1	0	0	0	0	1	1	0	0	0	0	0	0	0	1	0	3	2	1	2	0	0	1	0	0	0	0	0	1	0	0	1	0	0	0	0	0	0	0	1	0	1	0	1	0	0	0	0	0	0	0	0	0	0	2	4	1	0	1	0	0	1	0	0	2	1	1	0	1	0	0	0	0	0	0	0	1	0	0	0	1	0	0	1	0	0	0	0	0	1	0	0	0	0	0	0	0	1	0	1	0	1	0	0	2	0	0	0	0	0	0	0	0	0	0	0	0	0	1	0	0	0	1	0	0	0	0	0	1	0	1	0	0	0	0	0	0	0	0	1	1	0	0	1	0	0	1	0	0	0	0	0	0	1	2	0	2	0	1	3	0	0	1	1	0	0	0	0	1	0	0	0	0	0	0	0	0	1	0	0	0	0	0	1	1	0	0	0	0	0	0	0	1	0	0	0	1	1	1	1	0	0	0	0	0	1	0	0	0	0	0	2	1	0	0	1	0	1	1	0	1	1	0	4	0	1	0	0	1	0	2	1	1	0	0	1	0	0	1	1	1	1	1	1	1	0	0	0	0	0	1	0	0	2	1	0	2	0	1	1	0	2	0	0	0	1	0	1	8	0	0	0	0	0	1	0	1	0	1	1	1	0	1	1	0	0	0	0	0	0	0	0	0	3	1	0	2	0	0	0	1	0	0	0	0	0	1	0	1	0	0	0	0	0	0	0	0	0	0	0	0	0	0	1	0	1	0	0	0	1	0	0	0	0	0	0	1	3	0	0	0	2	1	1	1	0	2	0	1	0	0	0	0	0	0	0	0	0	0	0	1	0	1	0	0	0	1	1	0	0	1	0	1	1	1	0	1	0	0	1	0	0	2	1	0	1	1	0	0	1	0	0	1	0	0	0	0	2	0	1	0	0	1	1	0	1	1	1	1	0	0	1	0	0	0	0	0	0	0	1	0	1	1	0	2	0	1	0	0	1	0	0	0	1	1	1	0	1	0	2	1	0	0	0	1	0	0
Del(7,):M1	12	16	13	10	34	0	18	1	15	39	18	13	3	3	74	15	18	7	25	3	3	18	9	2	11	16	20	15	11	47	17	18	0	2	11	8	8	24	24	14	12	29	15	17	16	39	26	12	11	15	19	57	17	131	13	7	24	29	19	25	21	16	25	40	28	17	4	28	16	19	29	14	29	16	12	26	23	27	16	8	15	13	29	12	32	26	11	29	44	19	15	20	45	12	23	28	13	11	9	26	12	2	49	21	13	25	25	6	55	19	17	18	11	17	56	19	41	5	20	82	18	10	11	36	28	20	46	8	14	15	11	14	41	60	38	23	1	34	12	9	18	9	10	28	18	46	219	17	22	20	83	55	11	5	22	31	28	94	28	21	21	21	17	57	28	15	15	34	24	22	34	23	11	19	24	5	13	18	18	7	19	14	10	23	45	56	12	26	8	12	39	27	37	9	15	12	3	15	8	45	9	28	16	22	18	7	15	49	9	22	31	22	26	14	14	17	26	11	30	16	53	73	30	34	14	18	10	3	25	26	10	11	33	18	32	47	9	35	1	12	22	13	43	6	7	19	3	6	14	35	21	23	40	44	31	14	31	15	10	23	30	21	6	15	11	9	41	56	33	14	17	3	16	26	28	20	33	30	40	11	9	14	11	16	25	33	27	24	55	44	50	15	17	31	13	38	34	22	17	41	10	10	48	50	5	27	26	14	13	9	12	10	18	19	10	9	24	32	18	11	10	156	9	15	18	12	12	21	52	72	10	23	38	23	114	10	35	3	15	16	21	27	11	22	37	37	30	24	16	20	21	22	132	29	74	15	14	33	9	17	30	34	12	33	22	10	26	18	39	21	56	31	19	53	25	27	9	18	19	16	32	121	58	39	25	46	21	51	22	10	43	26	24	21	33	21	48	77	13	7	28	24	12	25	12	17	50	76	66	19	16	45	12	12	13	5	43	14	24	11	17	18	24	15	6	21	8	24	23	61	6	15	14	20	15	20	14	40	22	25	6	14	26	8	25	19	20	17	15	20	79	11	123	12	34	35	20	28	55	19	4	34	12	3	27	19	81	44	10	31	20	26	26	46	27	63	24	37	25	20	21	32	15	16	15	35	59	14	23	20	26	11	12	6	19	50	35	14	17	16	7	51	36	30	13	28	7	24	30	11	24	110	22	18	31	29	17	13	27	22	11	18	107	13	8	32	17	37	24	25	25	20	32	16	19	12	8	23	29	11	21	27	16	14	55	24	4	12	14	29	36	78	9	49	4	54	71	8	54	8	4	11	10	21	10	8	23	6	29	22	13	8	8	25	24	15
Del(7,):M2	12	19	8	9	32	0	16	1	8	29	11	7	1	2	120	11	10	9	16	10	3	6	6	0	9	7	10	14	9	37	5	8	1	3	15	4	1	8	17	11	14	26	19	10	16	27	31	11	10	18	18	76	6	278	16	7	17	17	10	28	13	13	19	59	28	29	3	27	14	20	13	22	15	12	10	22	17	28	14	20	15	16	26	6	11	18	6	19	12	7	8	15	23	14	18	9	10	1	5	23	10	3	43	9	11	29	24	2	42	16	8	5	7	5	65	24	32	11	20	43	12	8	9	17	18	16	51	7	19	12	4	13	24	32	81	15	1	39	12	9	9	0	11	14	9	29	460	11	16	4	46	36	8	5	16	19	16	54	18	27	24	17	10	36	40	13	12	26	15	18	23	17	10	14	19	1	10	17	17	2	22	20	11	20	134	30	11	23	4	8	41	17	32	7	9	7	10	15	11	38	11	24	9	10	14	9	25	35	4	29	14	11	25	10	17	15	19	3	23	6	29	66	12	37	7	18	10	6	13	27	4	8	18	16	23	14	15	27	5	7	11	6	40	4	5	12	12	6	12	24	16	27	40	20	36	5	27	7	12	20	17	9	3	6	3	12	18	31	19	16	16	1	11	18	13	11	33	28	26	4	5	13	12	3	26	34	19	19	75	20	41	11	10	18	20	19	35	11	5	53	5	9	52	55	4	13	21	15	8	15	8	9	5	10	4	5	8	18	14	7	13	100	3	17	15	10	10	25	62	56	5	18	38	21	89	15	26	3	9	18	17	21	12	27	29	20	26	57	25	13	16	24	194	24	47	10	20	24	2	12	11	22	7	25	30	8	12	29	41	4	123	24	18	34	16	9	0	12	7	6	13	140	36	32	18	39	11	48	9	11	16	22	14	12	19	8	41	62	10	5	19	12	8	12	6	8	35	127	43	23	10	63	11	13	8	0	28	16	20	6	12	11	34	9	2	12	6	15	16	49	9	13	12	17	9	16	4	20	17	17	4	9	32	10	17	21	28	16	8	17	73	17	145	10	40	18	12	45	26	10	6	43	18	3	21	16	111	74	4	19	23	21	15	47	17	40	12	31	20	21	17	22	10	15	10	52	65	12	17	29	25	8	13	6	11	26	27	10	14	8	6	35	25	11	5	12	5	28	21	9	21	68	19	13	34	26	16	10	26	20	1	20	108	9	9	16	15	19	16	32	8	31	25	4	18	9	15	25	10	7	10	21	12	5	85	18	4	4	13	26	37	129	12	51	1	41	62	8	33	11	4	6	9	20	3	6	16	7	39	15	9	9	9	10	20	17
Del(7,):M3	7	7	4	4	25	0	3	0	6	24	4	6	4	1	88	6	8	3	14	1	1	6	1	1	6	8	6	3	1	27	2	6	1	3	4	0	4	7	9	7	8	15	13	10	9	23	27	10	2	4	3	59	8	190	3	6	13	12	9	11	5	5	15	27	22	10	2	15	14	9	5	9	10	10	5	4	24	20	9	6	10	5	9	1	5	11	1	4	12	5	9	9	17	9	12	7	10	1	1	12	3	1	16	10	4	13	20	2	30	6	14	9	3	7	41	10	26	7	7	28	1	12	7	6	6	7	40	2	5	1	6	5	17	13	61	8	0	18	1	3	2	1	3	10	1	21	337	2	12	8	18	25	2	5	8	10	13	30	13	23	11	11	5	26	19	4	1	11	16	12	14	3	3	4	10	2	15	13	7	0	6	8	9	9	66	11	9	19	5	6	40	12	11	2	7	7	4	9	3	31	2	9	5	2	3	6	13	21	3	20	6	10	8	6	3	4	14	1	12	6	14	29	10	10	7	10	6	2	15	8	2	2	10	7	16	15	7	11	3	3	2	8	24	4	4	9	8	3	5	8	7	10	14	10	12	10	8	4	6	9	12	5	2	3	5	8	12	26	13	3	7	1	6	8	1	9	26	25	11	1	1	5	3	4	8	27	8	10	49	17	26	2	9	11	3	9	19	10	2	29	5	5	24	27	2	7	9	4	1	18	2	3	6	7	2	3	9	12	5	2	16	54	2	8	7	8	5	6	26	33	0	16	17	11	73	6	13	1	11	11	6	14	3	11	14	6	12	31	11	12	7	7	179	12	21	1	9	8	2	5	11	11	1	12	23	4	5	15	40	2	77	15	9	38	4	17	0	7	6	1	10	107	13	14	9	29	7	27	6	7	6	13	13	7	11	2	19	44	7	3	12	5	0	9	3	7	9	84	16	16	3	48	5	5	6	3	15	7	17	7	4	7	21	8	4	9	1	14	13	23	2	6	4	10	9	8	7	11	6	8	2	3	20	4	12	6	18	6	5	3	56	2	92	5	30	10	3	15	11	0	0	24	11	3	14	6	85	45	1	8	17	10	16	34	10	22	10	23	11	20	11	4	4	6	7	36	39	5	8	16	16	3	6	3	12	15	11	6	8	5	1	20	18	7	6	7	4	20	13	3	11	38	8	2	30	12	3	6	18	8	0	12	77	1	5	9	1	22	6	19	7	14	17	1	9	5	9	10	14	5	5	11	8	6	50	14	2	4	7	13	19	87	8	36	0	12	44	2	21	6	2	5	4	19	5	4	5	3	17	5	9	7	3	8	9	10
Del(7,):M4	5	3	1	4	8	0	6	1	3	4	0	2	0	1	39	3	4	2	5	4	0	0	1	1	0	3	4	4	0	17	2	3	0	0	5	2	2	2	6	9	5	8	6	3	7	9	13	9	6	3	7	15	2	128	1	2	5	4	4	6	3	4	7	19	7	3	0	18	8	4	6	8	2	5	3	2	14	15	10	8	5	4	12	5	1	3	2	9	4	2	4	3	4	4	4	5	3	2	1	7	1	1	4	2	2	9	14	0	15	3	4	2	2	6	27	5	16	1	6	9	3	2	1	2	6	3	15	0	2	3	3	2	9	7	45	8	2	8	4	3	1	1	2	2	3	6	174	0	9	2	9	12	6	2	4	6	8	16	10	9	5	5	0	10	14	1	1	5	5	5	8	6	0	0	7	2	2	3	4	1	1	4	2	7	49	14	3	14	1	2	18	4	4	2	4	4	2	7	2	24	0	6	2	2	8	4	10	10	2	5	8	7	4	1	2	2	7	2	5	2	8	5	2	4	7	3	5	3	6	3	4	2	5	6	8	5	4	6	1	3	5	3	7	2	1	5	8	2	2	3	6	6	6	6	8	1	10	3	4	6	7	2	1	1	4	4	2	12	13	3	4	0	4	4	6	5	14	11	7	1	0	1	5	4	2	14	7	5	23	16	14	3	4	2	7	4	19	3	1	22	1	3	21	16	3	5	4	3	6	11	3	1	0	1	3	2	8	8	4	3	3	28	3	4	7	3	3	6	16	9	4	5	14	7	35	2	7	0	4	5	5	7	2	9	9	6	2	18	6	5	3	11	102	7	8	2	5	8	1	6	6	7	4	5	8	2	3	12	16	2	50	6	1	14	11	8	1	3	4	4	6	45	7	17	6	16	5	11	8	5	2	4	5	4	5	1	11	29	3	3	6	7	1	2	0	9	6	54	7	14	2	23	3	2	1	1	7	7	9	2	2	3	12	1	0	6	1	6	5	15	2	2	2	5	2	3	1	12	4	3	0	1	10	2	9	7	8	1	2	5	41	4	48	4	15	7	1	13	5	3	1	25	3	0	6	4	41	24	0	4	6	5	6	25	12	14	6	13	5	12	8	4	1	0	2	16	21	0	5	14	7	4	2	1	3	10	8	4	3	2	0	7	6	10	2	5	1	11	5	2	4	16	3	3	15	9	2	3	10	4	3	8	42	4	3	1	2	11	2	7	2	12	7	3	6	0	4	6	1	2	1	4	4	3	34	9	1	1	5	2	7	56	4	22	0	7	16	2	7	4	1	2	2	4	2	3	3	0	14	2	3	4	1	2	7	5
Del(7,):M5	0	1	1	1	9	0	3	0	0	3	0	2	0	0	19	1	0	1	1	1	0	0	0	0	4	1	0	2	0	5	2	2	0	0	5	0	1	2	3	0	3	5	2	2	0	5	4	2	2	2	2	15	1	39	2	1	2	2	1	3	3	2	3	9	4	2	0	4	3	1	3	3	2	0	0	5	4	2	3	3	2	0	3	1	3	5	0	2	5	0	0	3	4	0	3	1	1	0	4	1	0	0	4	2	1	5	8	1	13	2	5	2	0	5	13	7	7	1	3	5	2	1	2	2	1	2	7	0	3	2	2	0	5	2	17	1	0	5	0	0	0	1	1	1	0	4	102	1	1	3	4	6	1	1	3	1	2	9	0	5	1	0	1	0	7	1	3	3	2	3	3	1	0	2	0	0	0	5	1	0	2	1	1	2	22	8	1	5	0	3	10	1	3	2	2	2	3	3	1	2	0	4	0	0	2	1	4	5	0	1	3	4	4	1	4	2	2	0	4	4	4	6	0	1	3	4	0	0	0	2	1	0	4	1	4	0	3	2	0	2	3	1	5	1	1	0	1	1	0	1	1	1	6	1	3	2	2	2	2	4	4	2	0	1	0	0	2	4	2	1	0	1	0	0	0	0	9	1	2	1	1	0	2	2	2	4	4	6	4	2	2	1	3	0	1	1	3	0	0	12	0	1	11	7	0	1	1	0	1	5	1	0	2	3	1	1	2	4	2	2	3	11	1	1	3	3	1	3	8	7	1	4	6	6	12	2	3	0	2	2	1	4	0	6	5	1	4	4	6	0	1	4	35	5	1	2	4	1	2	1	0	3	0	1	2	1	0	3	9	1	17	6	2	2	5	5	0	1	1	1	4	34	2	3	2	0	3	9	4	1	3	4	1	1	4	1	1	13	2	2	3	2	0	3	0	1	1	29	2	5	0	12	3	3	0	0	5	7	3	1	0	1	5	1	1	4	0	1	1	5	0	1	2	2	1	3	1	1	2	3	1	2	6	1	4	1	3	2	1	1	11	2	22	2	6	5	1	7	2	0	0	10	2	1	2	1	24	16	0	5	4	1	7	6	4	7	1	8	2	4	3	2	0	2	2	8	9	0	2	4	4	0	1	3	4	7	7	3	0	2	0	3	6	4	1	2	0	6	1	0	1	7	1	2	6	6	1	1	0	0	0	7	15	1	0	4	1	4	2	4	2	6	1	1	1	1	3	2	1	1	1	0	1	2	13	10	3	0	1	4	3	21	3	10	1	5	4	2	10	2	0	1	1	5	2	2	0	0	5	3	0	0	1	1	8	5
Del(7,):M(6,)	1	2	4	0	12	0	2	1	2	1	0	4	1	1	16	1	1	1	4	1	0	1	1	0	2	4	2	2	2	4	0	2	0	0	3	1	1	0	2	2	3	6	6	3	2	7	4	2	7	2	2	22	4	43	2	0	4	4	2	3	7	0	5	8	10	7	0	4	2	2	5	5	4	3	5	9	10	8	5	3	9	1	9	1	3	10	1	5	18	3	3	5	11	2	4	7	4	4	2	5	5	0	6	8	4	5	13	4	13	7	7	4	3	3	14	6	11	0	2	13	4	2	4	6	9	3	7	2	4	3	3	0	7	6	27	3	0	5	6	2	3	3	4	5	3	8	85	5	5	7	6	12	1	3	6	8	3	16	11	7	12	9	1	14	6	1	5	2	5	11	12	11	3	2	3	4	4	5	7	2	2	2	2	6	27	6	6	9	6	4	12	4	8	4	1	5	6	8	3	14	6	5	3	1	4	10	6	13	2	9	14	8	5	5	4	10	3	3	3	4	7	7	2	6	5	4	3	3	5	11	5	8	6	6	4	4	7	10	0	1	0	7	6	2	3	7	6	2	1	3	4	7	13	5	4	3	10	1	8	2	16	5	0	6	4	3	5	13	14	5	5	0	6	5	7	3	9	8	4	2	2	1	2	10	3	19	5	7	21	12	10	2	4	9	12	13	9	3	5	7	3	0	12	6	1	3	6	3	10	6	2	5	8	7	2	5	3	8	7	1	7	20	1	7	5	0	8	5	7	8	3	3	8	19	14	3	8	1	4	3	4	7	1	6	11	9	3	8	7	7	2	6	47	5	2	0	8	7	0	6	13	3	3	4	8	1	5	5	15	2	35	4	9	13	8	9	1	6	5	0	4	23	6	10	4	17	6	9	6	4	10	13	7	4	10	2	11	32	9	5	10	3	1	0	2	2	6	25	6	10	2	22	2	1	2	0	7	5	11	0	5	11	9	5	3	4	2	6	9	7	0	8	5	2	3	3	3	2	9	3	1	3	11	5	10	6	5	6	3	1	22	6	33	1	17	13	4	9	1	3	1	16	6	2	3	3	31	22	2	3	6	7	12	13	6	10	4	11	5	5	8	1	2	2	9	14	10	5	3	19	3	1	2	3	7	7	4	5	7	0	4	6	7	9	3	6	2	11	2	1	8	10	7	3	9	3	8	4	8	7	3	4	18	5	6	6	3	6	4	9	1	2	5	1	5	1	2	2	7	2	1	2	3	2	16	16	1	2	7	3	4	32	5	14	2	6	17	7	21	2	1	1	5	11	1	2	4	3	5	0	2	1	4	4	9	5
Complex(0,1)	0	0	0	0	0	0	0	0	0	0	0	0	0	0	0	0	0	0	0	0	0	0	0	0	0	0	0	0	0	0	0	0	0	0	0	0	0	0	0	0	0	0	0	0	0	0	0	0	0	0	0	0	0	0	0	0	0	0	0	0	0	0	0	0	0	0	0	0	0	0	0	0	0	0	0	0	0	0	0	0	0	0	0	0	0	0	0	0	0	0	0	0	0	0	0	0	0	0	0	0	0	0	0	0	0	0	0	0	0	0	0	0	0	0	0	0	0	0	0	0	0	0	0	0	0	0	0	0	0	0	0	0	0	0	0	0	0	0	0	0	0	0	0	0	0	0	0	0	0	0	0	0	0	0	0	0	0	0	0	0	0	0	0	0	0	0	0	0	0	0	0	0	0	0	0	0	0	0	0	0	0	0	0	0	0	0	0	0	0	0	0	0	0	0	0	0	0	0	0	0	0	0	0	0	0	0	0	0	0	0	0	0	0	0	0	0	0	0	0	0	0	0	0	0	0	0	0	0	0	0	0	0	0	0	0	0	0	0	0	0	0	0	0	0	0	0	0	0	0	0	0	0	0	0	0	0	0	0	0	0	0	0	0	0	0	0	0	0	0	0	0	0	0	0	0	0	0	0	0	0	0	0	0	0	0	0	0	0	0	0	0	0	0	0	0	0	0	0	0	0	0	0	0	0	0	0	0	0	0	0	0	0	0	0	0	0	0	0	0	0	0	0	0	0	0	0	0	0	0	0	0	0	0	0	0	0	0	0	0	0	0	0	0	0	0	0	0	0	0	0	0	0	0	0	0	0	0	0	0	0	0	0	0	0	0	0	0	0	0	0	0	0	0	0	0	0	0	0	0	0	0	0	0	0	0	0	0	0	0	0	0	0	0	0	0	0	0	0	0	0	0	0	0	0	0	0	0	0	0	0	0	0	0	0	0	0	0	0	0	0	0	0	0	0	0	0	0	0	0	0	0	0	0	0	0	0	0	0	0	0	0	0	0	0	0	0	0	0	0	0	0	0	0	0	0	0	0	0	0	0	0	0	0	0	0	0	0	0	0	0	0	0	0	0	0	0	0	0	0	0	0	0	0	0	0	0	0	0	0	0	0	0	0	0	0	0	0	0	0	0	0	0	0	0	0	0	0	0	0	0	0	0	0	0	0	0	0	0	0	0	0	0	0	0	0	0	0	0	0	0	0	0	0	0	0	0	0	0	0	0	0	0	0	0	0	0	0	0	0	0	0	0	0	0	0	0	0	0	0	0	0	0	0	0	0	0	0	0	0	0	0	0	0	0	0	0
Complex(2,5)	0	0	0	0	0	0	0	0	0	0	0	0	0	0	0	0	0	0	0	0	0	0	0	0	0	0	0	0	0	0	0	0	0	0	0	0	0	0	0	0	0	0	0	0	0	0	0	0	0	0	0	0	0	0	0	0	0	0	0	0	0	0	0	0	0	0	0	0	0	0	0	0	0	0	0	0	0	0	0	0	0	0	0	0	0	0	0	0	0	0	0	0	0	0	0	0	0	0	0	0	0	0	0	0	0	0	0	0	0	0	0	0	0	0	0	0	0	0	0	0	0	0	0	0	0	0	0	0	0	0	0	0	0	0	0	0	0	0	0	0	0	0	0	0	0	0	0	0	0	0	0	0	0	0	0	0	0	0	0	0	0	0	0	0	0	0	0	0	0	0	0	0	0	0	0	0	0	0	0	0	0	0	0	0	0	0	0	0	0	0	0	0	0	0	0	0	0	0	0	0	0	0	0	0	0	0	0	0	0	0	0	0	0	0	0	0	0	0	0	0	0	0	0	0	0	0	0	0	0	0	0	0	0	0	0	0	0	0	0	0	0	0	0	0	0	0	0	0	0	0	0	0	0	0	0	0	0	0	0	0	0	0	0	0	0	0	0	0	0	0	0	0	0	0	0	0	0	0	0	0	0	0	0	0	0	0	0	0	0	0	0	0	0	0	0	0	0	0	0	0	0	0	0	0	0	0	0	0	0	0	0	0	0	0	0	0	0	0	0	0	0	0	0	0	0	0	0	0	0	0	0	0	0	0	0	0	0	0	0	0	0	0	0	0	0	0	0	0	0	0	0	0	0	0	0	0	0	0	0	0	0	0	0	0	0	0	0	0	0	0	0	0	0	0	0	0	0	0	0	0	0	0	0	0	0	0	0	0	0	0	0	0	0	0	0	0	0	0	0	0	0	0	0	0	0	0	0	0	0	0	0	0	0	0	0	0	0	0	0	0	0	0	0	0	0	0	0	0	0	0	0	0	0	0	0	0	0	0	0	0	0	0	0	0	0	0	0	0	0	0	0	0	0	0	0	0	0	0	0	0	0	0	0	0	0	0	0	0	0	0	0	0	0	0	0	0	0	0	0	0	0	0	0	0	0	0	0	0	0	0	0	0	0	0	0	0	0	0	0	0	0	0	0	0	0	0	0	0	0	0	0	0	0	0	0	0	0	0	0	0	0	0	0	0	0	0	0	0	0	0	0	0	0	0	0	0	0	0	0	0	0	0	0	0	0	0	0	0	0	0	0	0	0	0	0	0	0	0	0	0	0	0	0	0	0	0	0	0	0	0	0	0	0	0	0	0
Complex(6,10)	0	0	0	0	0	0	0	0	0	0	0	0	0	0	0	0	0	0	0	0	0	0	0	0	0	0	0	0	0	0	0	0	0	0	0	0	0	0	0	0	0	0	0	0	0	0	0	0	0	0	0	0	0	0	0	0	0	0	0	0	0	0	0	0	0	0	0	0	0	0	0	0	0	0	0	0	0	0	0	0	0	0	0	0	0	0	0	0	0	0	0	0	0	0	0	0	0	0	0	0	0	0	0	0	0	0	0	0	0	0	0	0	0	0	0	0	0	0	0	0	0	0	0	0	0	0	0	0	0	0	0	0	0	0	0	0	0	0	0	0	0	0	0	0	0	0	0	0	0	0	0	0	0	0	0	0	0	0	0	0	0	0	0	0	0	0	0	0	0	0	0	0	0	0	0	0	0	0	0	0	0	0	0	0	0	0	0	0	0	0	0	0	0	0	0	0	0	0	0	0	0	0	0	0	0	0	0	0	0	0	0	0	0	0	0	0	0	0	0	0	0	0	0	0	0	0	0	0	0	0	0	0	0	0	0	0	0	0	0	0	0	0	0	0	0	0	0	0	0	0	0	0	0	0	0	0	0	0	0	0	0	0	0	0	0	0	0	0	0	0	0	0	0	0	0	0	0	0	0	0	0	0	0	0	0	0	0	0	0	0	0	0	0	0	0	0	0	0	0	0	0	0	0	0	0	0	0	0	0	0	0	0	0	0	0	0	0	0	0	0	0	0	0	0	0	0	0	0	0	0	0	0	0	0	0	0	0	0	0	0	0	0	0	0	0	0	0	0	0	0	0	0	0	0	0	0	0	0	0	0	0	0	0	0	0	0	0	0	0	0	0	0	0	0	0	0	0	0	0	0	0	0	0	0	0	0	0	0	0	0	0	0	0	0	0	0	0	0	0	0	0	0	0	0	0	0	0	0	0	0	0	0	0	0	0	0	0	0	0	0	0	0	0	0	0	0	0	0	0	0	0	0	0	0	0	0	0	0	0	0	0	0	0	0	0	0	0	0	0	0	0	0	0	0	0	0	0	0	0	0	0	0	0	0	0	0	0	0	0	0	0	0	0	0	0	0	0	0	0	0	0	0	0	0	0	0	0	0	0	0	0	0	0	0	0	0	0	0	0	0	0	0	0	0	0	0	0	0	0	0	0	0	0	0	0	0	0	0	0	0	0	0	0	0	0	0	0	0	0	0	0	0	0	0	0	0	0	0	0	0	0	0	0	0	0	0	0	0	0	0	0	0	0	0	0	0	0	0	0	0	0	0	0	0	0	0	0	0	0	0	0	0	0	0	0	0
Complex(11,20)	0	0	0	0	0	0	0	0	0	0	0	0	0	0	0	0	0	0	0	0	0	0	0	0	0	0	0	0	0	0	0	0	0	0	0	0	0	0	0	0	0	0	0	0	0	0	0	0	0	0	0	0	0	0	0	0	0	0	0	0	0	0	0	0	0	0	0	0	0	0	0	0	0	0	0	0	0	0	0	0	0	0	0	0	0	0	0	0	0	0	0	0	0	0	0	0	0	0	0	0	0	0	0	0	0	0	0	0	0	0	0	0	0	0	0	0	0	0	0	0	0	0	0	0	0	0	0	0	0	0	0	0	0	0	0	0	0	0	0	0	0	0	0	0	0	0	0	0	0	0	0	0	0	0	0	0	0	0	0	0	0	0	0	0	0	0	0	0	0	0	0	0	0	0	0	0	0	0	0	0	0	0	0	0	0	0	0	0	0	0	0	0	0	0	0	0	0	0	0	0	0	0	0	0	0	0	0	0	0	0	0	0	0	0	0	0	0	0	0	0	0	0	0	0	0	0	0	0	0	0	0	0	0	0	0	0	0	0	0	0	0	0	0	0	0	0	0	0	0	0	0	0	0	0	0	0	0	0	0	0	0	0	0	0	0	0	0	0	0	0	0	0	0	0	0	0	0	0	0	0	0	0	0	0	0	0	0	0	0	0	0	0	0	0	0	0	0	0	0	0	0	0	0	0	0	0	0	0	0	0	0	0	0	0	0	0	0	0	0	0	0	0	0	0	0	0	0	0	0	0	0	0	0	0	0	0	0	0	0	0	0	0	0	0	0	0	0	0	0	0	0	0	0	0	0	0	0	0	0	0	0	0	0	0	0	0	0	0	0	0	0	0	0	0	0	0	0	0	0	0	0	0	0	0	0	0	0	0	0	0	0	0	0	0	0	0	0	0	0	0	0	0	0	0	0	0	0	0	0	0	0	0	0	0	0	0	0	0	0	0	0	0	0	0	0	0	0	0	0	0	0	0	0	0	0	0	0	0	0	0	0	0	0	0	0	0	0	0	0	0	0	0	0	0	0	0	0	0	0	0	0	0	0	0	0	0	0	0	0	0	0	0	0	0	0	0	0	0	0	0	0	0	0	0	0	0	0	0	0	0	0	0	0	0	0	0	0	0	0	0	0	0	0	0	0	0	0	0	0	0	0	0	0	0	0	0	0	0	0	0	0	0	0	0	0	0	0	0	0	0	0	0	0	0	0	0	0	0	0	0	0	0	0	0	0	0	0	0	0	0	0	0	0	0	0	0	0	0	0	0	0	0	0	0	0	0	0	0	0	0	0	0	0	0	0	0
Complex(21,)	0	0	0	0	0	0	0	0	0	0	0	0	0	0	0	0	0	0	0	0	0	0	0	0	0	0	0	0	0	0	0	0	0	0	0	0	0	0	0	0	0	0	0	0	0	0	0	0	0	0	0	0	0	0	0	0	0	0	0	0	0	0	0	0	0	0	0	0	0	0	0	0	0	0	0	0	0	0	0	0	0	0	0	0	0	0	0	0	0	0	0	0	0	0	0	0	0	0	0	0	0	0	0	0	0	0	0	0	0	0	0	0	0	0	0	0	0	0	0	0	0	0	0	0	0	0	0	0	0	0	0	0	0	0	0	0	0	0	0	0	0	0	0	0	0	0	0	0	0	0	0	0	0	0	0	0	0	0	0	0	0	0	0	0	0	0	0	0	0	0	0	0	0	0	0	0	0	0	0	0	0	0	0	0	0	0	0	0	0	0	0	0	0	0	0	0	0	0	0	0	0	0	0	0	0	0	0	0	0	0	0	0	0	0	0	0	0	0	0	0	0	0	0	0	0	0	0	0	0	0	0	0	0	0	0	0	0	0	0	0	0	0	0	0	0	0	0	0	0	0	0	0	0	0	0	0	0	0	0	0	0	0	0	0	0	0	0	0	0	0	0	0	0	0	0	0	0	0	0	0	0	0	0	0	0	0	0	0	0	0	0	0	0	0	0	0	0	0	0	0	0	0	0	0	0	0	0	0	0	0	0	0	0	0	0	0	0	0	0	0	0	0	0	0	0	0	0	0	0	0	0	0	0	0	0	0	0	0	0	0	0	0	0	0	0	0	0	0	0	0	0	0	0	0	0	0	0	0	0	0	0	0	0	0	0	0	0	0	0	0	0	0	0	0	0	0	0	0	0	0	0	0	0	0	0	0	0	0	0	0	0	0	0	0	0	0	0	0	0	0	0	0	0	0	0	0	0	0	0	0	0	0	0	0	0	0	0	0	0	0	0	0	0	0	0	0	0	0	0	0	0	0	0	0	0	0	0	0	0	0	0	0	0	0	0	0	0	0	0	0	0	0	0	0	0	0	0	0	0	0	0	0	0	0	0	0	0	0	0	0	0	0	0	0	0	0	0	0	0	0	0	0	0	0	0	0	0	0	0	0	0	0	0	0	0	0	0	0	0	0	0	0	0	0	0	0	0	0	0	0	0	0	0	0	0	0	0	0	0	0	0	0	0	0	0	0	0	0	0	0	0	0	0	0	0	0	0	0	0	0	0	0	0	0	0	0	0	0	0	0	0	0	0	0	0	0	0	0	0	0	0	0	0	0	0	0	0	0	0	0	0	0	0	0	0	0
