MutationType	CPCT02100011T	CPCT02020314T	CPCT02080016T	CPCT02010359T	CPCT02020322T	CPCT02010351T	CPCT02110004T	CPCT02040031T	CPCT02020341T	CPCT02080025T	CPCT02080022T	CPCT02100017T	CPCT02100021T	CPCT02020345T	CPCT02020344T	CPCT02020347T	CPCT02100020T	CPCT02100024T	CPCT02100023T	CPCT02080027T	CPCT02160001T	CPCT02160003T	CPCT02160004T	CPCT02030261T	CPCT02040035T	CPCT02160005T	CPCT02100027T	CPCT02010401T	CPCT02030265T	CPCT02080031T	CPCT02030264T	CPCT02100028T	CPCT02100029T	CPCT02020371T	CPCT02020369T	CPCT02040036T	CPCT02080036T	CPCT02030271T	CPCT02020377T	CPCT02030274T	CPCT02010419T	CPCT02050053T	CPCT02050060T	CPCT02030276T	CPCT02020382T	CPCT02020385T	CPCT02190002T	CPCT02080039T	CPCT02040047T	CPCT02080047T	CPCT02010422T	CPCT02060011T	CPCT02010434T	CPCT02080049T	CPCT02020401T	CPCT02160008T	CPCT02040055T	CPCT02160012T	CPCT02030289T	CPCT02050071T	CPCT02050074T	CPCT02050082T	CPCT02080053T	CPCT02300001T	CPCT02010382TII	CPCT02340049T	CPCT02160058T	CPCT02010720T	CPCT02470003T	CPCT02210076T	CPCT02120087T	CPCT02030447T	CPCT02011013T	DRUP01120002T	CPCT02230120T	CPCT02070424T	CPCT02011030T	CPCT02180050T	CPCT02460005T	CPCT02030448T	CPCT02010726T	CPCT02380034T	CPCT02080285T	CPCT02030337TII	CPCT02380035T	CPCT02010721T	CPCT02440021T	CPCT02080288T	CPCT02120179T	CPCT02060279T	CPCT02020898T	CPCT02040307T	DRUP01110007T	CPCT02080290T	CPCT02020664T	CPCT02210039T	CPCT02390038T	CPCT02150040T	CPCT02010708T	CPCT02140044T	CPCT02110050T	CPCT02080183T	CPCT02100195T	DRUP01010065T	CPCT02080184T	CPCT02090034T	CPCT02230124T	CPCT02030451T	CPCT02310006T	DRUP01050018T	CPCT02340066TIII	CPCT02390010T	CPCT02120099T	CPCT02390040T	CPCT02460001T	CPCT02200005T	CPCT02320008T	DRUP01220006T	CPCT02300032T	CPCT02380037T	CPCT02330076T	CPCT02011058T	CPCT02080296T	CPCT02150046T	CPCT02230126T	CPCT02180052T	CPCT02180053T	CPCT02340110T	CPCT02230125T	CPCT02390015T	CPCT02380036T	CPCT02050309T	CPCT02110056T	CPCT02390001TII	CPCT02160037T	CPCT02120183T	CPCT02110057T	CPCT02040321T	CPCT02040323T	DRUP01050019T	CPCT02050431T	CPCT02110079T	CPCT02380052T	CPCT02340066T	CPCT02340060T	CPCT02180057T	CPCT02340058T	CPCT02011073T	CPCT02210082T	CPCT02410017T	CPCT02110080T	CPCT02080196T	CPCT02020666T	CPCT02310004T	CPCT02060197T	CPCT02380039T	DRUP01220001T	CPCT02260028T	CPCT02010731T	WIDE01010011T	CPCT02060285T	CPCT02350021T	CPCT02080300T	CPCT02040219T	DRUP01060008T	CPCT02320009T	CPCT02210051T	CPCT02340112T	CPCT02390043T	CPCT02200007T	CPCT02120108T	CPCT02020946T	CPCT02030463T	WIDE01010018T	CPCT02040331T	CPCT02010765T	CPCT02040325T	CPCT02240011T	CPCT02050434T	CPCT02160039T	CPCT02150051T	CPCT02390021T	CPCT02080200T	CPCT02010772T	CPCT02210044T	CPCT02320010T	CPCT02040337T	CPCT02270021T	CPCT02010768T	CPCT02020966T	CPCT02110049T	CPCT02040329T	CPCT02340066TIV	CPCT02340071T	CPCT02030464T	CPCT02360012T	CPCT02080312T	CPCT02260029T	WIDE01010072T	CPCT02110063T	CPCT02020969T	WIDE01010069T	WIDE01010067T	WIDE01010076T	WIDE01010074T	CPCT02040071TII	CPCT02020680T	CPCT02020685T	CPCT02020693T	CPCT02010773T	CPCT02290030T	CPCT02020688T	CPCT02050337T	CPCT02050338T	WIDE01010124T	CPCT02230089T	CPCT02230120TII	CPCT02050333T	CPCT02020692T	WIDE01010135T	CPCT02230095T	CPCT02060289T	CPCT02140085TII	CPCT02160042T	CPCT02230128T	WIDE01010142T	WIDE01010185T	CPCT02180049T	CPCT02010791T	CPCT02120114T	CPCT02120117T	CPCT02220041T	CPCT02120121T	CPCT02160041T	WIDE01010093TII	WIDE01010173T	CPCT02250007T	CPCT02020597TIII	WIDE01010171T	WIDE01010162T	CPCT02050299T	CPCT02080029TII	WIDE01010207T	CPCT02030472T	CPCT02100164T	CPCT02100170T	WIDE01010174T	WIDE01010183T	WIDE01010212T	WIDE01010274T	CPCT02410004T	WIDE01010235T	WIDE01010231T	CPCT02370024T	CPCT02140091TII	CPCT02360015T	WIDE01010240T	CPCT02040230T	CPCT02320003T	WIDE01010248T	CPCT02010790T	CPCT02040235T	CPCT02080216T	CPCT02160047T	CPCT02270006T	CPCT02210053T	CPCT02360016T	WIDE01010270T	CPCT02060221T	WIDE01010288T	CPCT02270030T	CPCT02310011T	WIDE01010311T	CPCT02120001T	WIDE01010322T	CPCT02290035T	WIDE01010326T	CPCT02270028T	CPCT02030478T	WIDE01010308T	WIDE01010268T	CPCT02060214T	WIDE01010335T	CPCT02360017T	WIDE01010303T	CPCT02220044T	CPCT02120047TII	WIDE01010339T	WIDE01010352T	WIDE01010346T	CPCT02010824T	WIDE01010341T	WIDE01010332T	CPCT02360018T	CPCT02330104T	CPCT02050359T	CPCT02370025T	WIDE01010131T	WIDE01010371T	CPCT02020719T	WIDE01010400T	CPCT02010825T	CPCT02010359TII	WIDE01010405T	WIDE01010388T	DRUP01330020T	CPCT02230099T	CPCT02110069T	WIDE01010410T	CPCT02020721T	CPCT02230101T	WIDE01010418T	CPCT02300040T	WIDE01010048T	CPCT02290037T	WIDE01010249T	DRUP01010148T	WIDE01010372T	WIDE01010406T	WIDE01010432T	CPCT02010846T	CPCT02010746T	CPCT02250009T	CPCT02010838T	CPCT02170027T	CPCT02030484T	CPCT02050364T	CPCT02290040T	CPCT02080228T	CPCT02040257T	CPCT02160051T	CPCT02120137T	CPCT02150014T	CPCT02210059T	CPCT02040254T	CPCT02070344T	CPCT02300043T	CPCT02220047T	CPCT02360011T	CPCT02020711T	CPCT02150016T	CPCT02030258T	CPCT02250010T	DRUP01110005T	DRUP01180001T	CPCT02010863T	CPCT02070352T	CPCT02060179T	CPCT02120148T	CPCT02030500T	CPCT02150017T	CPCT02170029T	CPCT02010886T	CPCT02390029T	CPCT02080243T	CPCT02010890T	CPCT02150018T	CPCT02010896T	CPCT02360022T	CPCT02220053T	CPCT02040267T	CPCT02040266T	CPCT02010891T	CPCT02350007T	CPCT02020830T	CPCT02030383T	CPCT02350008T	CPCT02030289TIII	CPCT02160055T	CPCT02050383T	CPCT02290046T	CPCT02030522T	CPCT02110076T	CPCT02080250T	CPCT02230110T	CPCT02010900T	CPCT02120158T	CPCT02180070T	CPCT02210069T	CPCT02070360T	CPCT02180069T	CPCT02410009T	CPCT02080254T	CPCT02110077T	CPCT02010915T	CPCT02120154T	CPCT02080253T	CPCT02140083T	CPCT02020791T	DRUP01010091T	CPCT02100187T	CPCT02040282T	CPCT02290052T	CPCT02310018T	CPCT02310019T	CPCT02470001T	DRUP01220002T	CPCT02030521T	CPCT02010901T	CPCT02290048T	CPCT02210071T	CPCT02120165T	CPCT02020773T	CPCT02040290T	CPCT02020829T	CPCT02150027T	CPCT02010933T	CPCT02210073T	CPCT02190049T	CPCT02020824T	CPCT02010934T	CPCT02290057T	CPCT02020801T	CPCT02340066TII	CPCT02020795T	CPCT02010939T	CPCT02010936T	CPCT02020807T	CPCT02020597TII	CPCT02050409T	DRUP01020034T	CPCT02010940T	DRUP01210004T	CPCT02060272T	CPCT02130163T	DRUP01220003T	DRUP01210005T	CPCT02450016T	DRUP01120001T	CPCT02220026T	CPCT02010969T	CPCT02010643T	CPCT02040160T	CPCT02140085T	DRUP01080004T	CPCT02080070TII	CPCT02060128T	CPCT02060129T	CPCT02220060T	CPCT02090062T	CPCT02440018T	CPCT02030549T	CPCT02230022T	CPCT02030550T	CPCT02140091T	CPCT02020597T	CPCT02100110T	CPCT02230047T	CPCT02310003T	CPCT02390035T	CPCT02060150T	CPCT02460004T	CPCT02190051T	CPCT02020857T	CPCT02080153T	CPCT02040175T	CPCT02370006T	CPCT02220063T	CPCT02310021T	CPCT02160030T	CPCT02060278T	CPCT02060277T	CPCT02150004T	CPCT02010687T	CPCT02080143T	CPCT02160029T	CPCT02230118T	CPCT02010658T	CPCT02320007T	CPCT02040306T	CPCT02340025T	CPCT02120073T	CPCT02030394T	CPCT02180077T	CPCT02020617T	CPCT02310022T	CPCT02080261T	CPCT02380020T	CPCT02120063T	CPCT02010504T	CPCT02100115T	CPCT02100117T	CPCT02190019T	CPCT02210035T	CPCT02120061T	CPCT02210034T	CPCT02370008T	CPCT02330061T	CPCT02100125T	CPCT02340037T	CPCT02170014T	CPCT02170018T	CPCT02080029T	CPCT02240008T	CPCT02010661T	CPCT02010678T	CPCT02290018T	CPCT02080128T	CPCT02230058T	CPCT02240001T	CPCT02080127T	CPCT02270007T	CPCT02270009T	CPCT02020635T	CPCT02270008T	CPCT02050157T	CPCT02080103T	CPCT02050164T	CPCT02050160T	CPCT02300011T	CPCT02080100T	CPCT02180028T	CPCT02330032T	CPCT02100066T	CPCT02100067T	CPCT02080106T	CPCT02330027T	CPCT02020508T	CPCT02100075T	CPCT02010517T	CPCT02210017T	CPCT02160022T	CPCT02030340T	CPCT02020514T	CPCT02010521T	CPCT02050166T	CPCT02240003T	CPCT02390001T	CPCT02010572T	CPCT02240005T	CPCT02120016T	CPCT02100079T	CPCT02180030T	CPCT02040114T	CPCT02080112T	CPCT02330035T	CPCT02060093T	CPCT02300016T	CPCT02300018T	CPCT02030265TII	CPCT02010593T	CPCT02330037T	CPCT02120033T	CPCT02120029T	CPCT02040123T	CPCT02120024T	CPCT02120008T	CPCT02020539T	CPCT02070168T	CPCT02050183T	CPCT02290011T	CPCT02080122T	CPCT02210020T	CPCT02020545T	CPCT02020541T	CPCT02100093T	CPCT02080125T	CPCT02010535T	CPCT02160027T	CPCT02230021T	CPCT02230025T	CPCT02230028T	CPCT02330042T	CPCT02230036T	CPCT02410001T	CPCT02040138T	CPCT02020561T	CPCT02040134T	CPCT02050215T	CPCT02050209T	CPCT02050210T	CPCT02050218T	CPCT02300021T	CPCT02180038T	CPCT02030367T	CPCT02060121T	CPCT02230044T	CPCT02110042T	CPCT02010628T	CPCT02010633T	DRUP01010037T	CPCT02040145T	CPCT02120047T	CPCT02120051T	CPCT02120052T	CPCT02100105T	CPCT02100102T	CPCT02260008T	CPCT02100067TII	CPCT02210028T	CPCT02100104T	CPCT02020591T	CPCT02010639T	CPCT02080055T	CPCT02180007T	CPCT02080056T	CPCT02040070T	CPCT02040069T	CPCT02290001T	CPCT02100043T	CPCT02020407T	CPCT02210004T	CPCT02100035T	CPCT02010433T	CPCT02100049T	CPCT02290003T	CPCT02030305T	CPCT02100037T	CPCT02080060T	CPCT02010447T	CPCT02060059T	CPCT02100048T	CPCT02040071T	CPCT02050096T	CPCT02010461T	CPCT02100050T	CPCT02020436T	CPCT02160014T	CPCT02230002T	CPCT02160015T	CPCT02080064T	CPCT02080063T	CPCT02010468T	CPCT02300005T	CPCT02100051T	CPCT02160013T	CPCT02080069T	CPCT02080067T	CPCT02010427T	CPCT02330017T	CPCT02050109T	CPCT02070078T	CPCT02210010T	CPCT02080070T	CPCT02050117T	CPCT02080072T	CPCT02080073T	CPCT02040078T	CPCT02080076T	CPCT02010508T	CPCT02080019T	CPCT02190009T	CPCT02010509T	DRUP01010012T	CPCT02020441T	CPCT02140039T	CPCT02040086T	CPCT02060070T	DRUP01020002T	CPCT02100055T	CPCT02220008T	CPCT02300008T	CPCT02010520T	CPCT02020475T	CPCT02020478T	CPCT02010523T	CPCT02050120T	CPCT02050143T	CPCT02050138T	CPCT02010528T	CPCT02110020T	CPCT02300009T	CPCT02020493T	CPCT02020487T	CPCT02020345TII	CPCT02030329T	CPCT02370003T	CPCT02290008T	CPCT02160018T	CPCT02160019T	CPCT02110023T	CPCT02110028T	CPCT02010555T	CPCT02110029T	CPCT02210014T	CPCT02060075T	CPCT02020490T	CPCT02050127T	CPCT02040097T	CPCT02050146T	CPCT02080095T	CPCT02110030T	CPCT02290010T	CPCT02010554T	CPCT02050156T	CPCT02300014T	CPCT02230014T	CPCT02230016T	CPCT02220029T	CPCT02140053T	CPCT02050285T	CPCT02050288T	CPCT02020637T	CPCT02010682T	CPCT02330066T	CPCT02330067T	CPCT02020599T	CPCT02030384T	CPCT02010419TII	CPCT02020493TII	CPCT02010691T	CPCT02210037T	CPCT02040191T	CPCT02190026T	CPCT02390008T	CPCT02190024T	CPCT02010694T	CPCT02230071T	CPCT02230074T	CPCT02100132T	CPCT02330071T	CPCT02380026T	CPCT02080170T	CPCT02380024T	CPCT02040207T	CPCT02340047T	CPCT02360008T	CPCT02080173T	DRUP01080009T	CPCT02030428T	CPCT02300028T	WIDE01010647T	WIDE01010448T	WIDE01010481T	WIDE01010468T	WIDE01010489T	WIDE01010478T	WIDE01010534T	WIDE01010547T	WIDE01010550T	WIDE01010584T	WIDE01010564T	WIDE01010574T	WIDE01010035T	WIDE01010613T	WIDE01010659T	WIDE01010649T	WIDE01010701T	WIDE01010702T
1:Del:C:0	10	12	9	66	19	34	12	30	10	48	14	24	18	12	83	12	29	34	39	12	39	142	33	33	15	30	15	8	31	10	5	12	26	26	55	43	74	16	13	17	48	43	19	20	46	64	18	25	75	14	53	22	36	22	25	3	50	45	176	22	19	8	26	6	8	22	56	6	9	13	16	26	43	52	10	19	13	9	34	18	12	14	34	46	160	12	21	6	8	12	11	18	119	37	65	26	21	8	50	56	81	17	8	57	31	10	16	27	13	53	51	16	16	13	144	61	61	47	22	8	455	98	81	22	25	10	75	82	13	161	33	22	28	15	78	57	11	32	16	18	25	15	43	51	32	12	25	4	12	51	33	7	11	39	17	23	105	14	131	8	2	98	13	10	77	7	16	35	18	11	109	74	7	37	13	56	16	18	14	13	30	50	21	14	8	8	12	11	40	43	19	160	43	14	27	30	12	49	66	17	13	360	13	25	23	15	244	25	42	49	3	46	21	20	47	53	10	13	25	11	7	45	22	8	20	11	72	29	23	20	87	32	9	23	34	14	25	23	16	56	50	14	12	129	44	53	27	59	38	17	26	34	10	42	84	16	16	11	31	17	49	36	46	40	72	14	10	91	5	15	10	35	43	79	12	81	16	28	18	27	23	136	32	12	23	46	33	17	94	14	30	50	40	10	33	14	45	44	28	146	22	4	109	8	10	672	108	10	8	10	18	12	43	13	38	10	439	94	81	33	82	71	17	11	37	7	20	35	40	17	5	45	2	77	29	13	40	41	29	42	13	43	35	92	64	35	10	11	21	146	40	22	54	7	81	9	22	111	15	13	12	41	13	27	8	16	115	32	7	69	5	18	37	32	75	30	44	25	42	36	17	25	10	66	45	11	60	41	26	91	60	15	100	15	47	6	91	45	54	22	29	23	40	69	25	47	19	57	81	16	24	12	12	48	12	41	30	21	22	59	61	9	16	7	90	135	72	28	96	92	29	23	18	19	151	25	26	10	44	23	20	19	18	20	43	21	97	20	96	36	15	12	16	18	159	10	16	33	34	7	10	45	9	33	17	13	36	60	22	27	57	112	10	28	23	9	38	84	34	28	10	65	48	19	8	10	31	7	12	21	22	26	14	35	17	20	19	60	10	28	11	48	18	34	15	20	35	103	38	22	5	23	5	94	11	29	18	22	15	16	9	7	14	194	11	15	31	15	13	21	35	17	73	96	41	70	12	28	42	54	24	59	39	17	9	50	33	26	82	19	12	13	10	39	34	40	40	8	5	30	17	45	13	16	10	29	26	21	25	35	10	19	7	7	50	63	9	62	39	11	270	13	12	147	26	56	10	32	17	26	14	7	63	3	45	129	49	21	51	5	48	310	16	4	61	13	6	13	20	40	56	68	6	34	41	14	226	9	14	23	22	18	57	13	8	23	21	35	13	13	29	45	7	18	7	15	96	24	5	6	21	46	12	51	29	41	11	24	53	27	45	44	47	6	21	27	27	29	35	8	6	89	52	17	21	14	132	39	22	16	20	7	37	35	18	17	22	11	43	9	15	18	13	9	11	15	17	30	135	29	43	56	14	59	57	6	34	28	55	56	18	43	8	21	25	37	47	8	3	34	37	52	17	39	13	14	13	4	19	10	13	52	23	71	27	45	14	48	21	30	43	22	72	10	13	22	32	29	10
1:Del:C:1	6	11	4	27	13	45	11	23	4	33	6	16	12	9	24	10	16	15	13	7	10	59	17	20	7	21	6	5	13	4	7	6	20	15	18	25	53	8	17	8	24	21	11	9	36	29	11	12	27	15	20	12	15	8	25	1	30	22	41	8	9	3	12	7	5	17	29	3	7	9	11	14	29	20	6	15	4	8	12	18	8	9	14	13	72	10	10	6	8	17	4	13	25	13	17	20	11	6	21	25	25	3	7	20	23	12	19	24	3	26	30	4	5	3	70	23	22	25	22	11	177	61	40	13	9	8	17	33	5	32	18	7	12	14	48	35	13	16	6	13	14	10	18	28	25	11	16	8	11	26	16	2	6	19	10	13	32	4	50	9	6	52	7	4	32	4	18	22	13	6	31	36	6	30	12	36	11	4	7	1	10	17	11	3	12	7	6	7	31	26	9	320	33	7	23	12	15	30	46	16	9	159	8	10	11	5	74	18	24	21	3	16	13	7	14	27	9	8	9	9	8	18	17	5	11	5	42	28	12	7	38	12	6	10	19	13	24	20	10	24	16	7	15	44	23	32	25	20	19	4	11	10	11	27	32	9	4	13	18	8	24	19	29	16	39	4	8	47	10	8	4	11	41	21	4	43	9	20	14	11	13	187	20	8	17	26	14	4	62	9	9	21	22	10	23	7	22	20	21	59	13	3	44	8	5	300	76	11	7	11	13	8	18	11	21	6	189	77	34	23	39	33	10	2	16	4	17	5	31	19	4	8	7	37	22	6	32	18	17	33	8	24	12	27	20	16	8	2	13	207	19	11	27	12	53	4	10	35	15	7	12	29	6	15	4	7	37	24	8	23	10	13	24	16	51	17	16	15	21	12	9	10	7	19	37	11	23	32	23	37	12	12	29	13	22	4	44	13	25	8	15	12	31	37	9	30	7	22	40	12	15	8	6	26	9	23	8	15	19	33	31	4	16	5	39	45	36	12	26	44	36	19	12	11	54	22	12	4	20	8	9	8	8	23	12	13	50	11	43	11	10	9	9	8	40	2	14	18	29	2	10	12	4	9	14	9	14	33	12	23	27	52	12	30	20	6	13	37	34	11	4	28	29	17	7	15	13	9	11	12	8	23	9	25	15	7	5	30	3	17	15	20	6	9	6	13	16	32	14	14	4	23	3	47	9	11	14	15	11	9	10	8	9	62	16	6	21	10	6	7	27	12	37	59	20	43	11	24	18	18	23	29	19	12	9	38	19	17	16	8	9	8	7	20	6	21	15	10	4	22	7	20	9	9	11	23	16	19	14	19	11	18	10	10	26	102	4	19	13	5	80	6	6	37	11	18	11	17	11	26	10	8	22	1	21	39	32	15	31	6	37	85	10	1	48	11	3	9	17	26	16	27	3	17	26	12	40	2	7	14	24	19	30	8	10	13	8	13	12	22	14	24	4	12	6	6	50	17	6	3	18	34	11	25	6	31	14	9	21	16	35	31	9	8	23	29	17	21	18	4	10	25	23	19	19	13	48	16	6	10	23	8	24	25	9	15	16	11	21	3	9	9	19	4	14	10	8	13	41	20	45	23	10	15	23	6	16	23	26	25	6	22	7	13	17	28	13	9	12	30	20	28	5	22	10	10	6	6	16	3	12	25	16	32	29	16	5	22	8	20	14	13	48	9	9	22	9	30	2
1:Del:C:2	2	7	4	7	2	18	4	4	2	29	8	12	7	2	10	9	11	6	14	3	7	24	10	4	1	5	4	5	6	3	2	5	12	9	23	12	29	8	8	4	19	11	4	8	18	15	8	7	13	8	16	5	17	7	10	4	21	7	20	0	1	5	5	4	1	9	9	5	2	9	3	10	8	10	3	3	3	2	9	10	1	4	3	9	75	2	4	2	3	9	4	3	7	4	6	17	6	1	13	16	7	3	3	9	8	4	4	13	7	9	32	6	1	5	30	26	11	9	8	4	237	29	30	4	7	0	28	18	3	8	7	10	11	5	16	10	3	10	5	2	3	7	10	30	13	10	6	5	7	13	6	2	2	6	7	6	17	17	13	4	0	25	4	5	20	1	5	19	14	4	5	8	2	16	7	17	4	5	5	6	3	3	8	2	6	8	7	8	14	9	4	272	29	2	11	6	6	14	29	6	7	197	2	7	3	7	77	8	8	8	2	7	11	5	11	11	4	4	3	3	2	11	5	4	6	3	16	20	9	9	14	9	3	3	9	10	11	3	6	18	5	7	7	15	14	20	9	14	14	5	4	8	6	18	18	9	3	2	11	4	15	9	14	4	23	5	3	24	2	3	7	8	19	12	1	13	7	11	6	7	1	161	9	1	7	8	5	5	37	5	7	17	19	8	16	4	9	11	8	32	3	5	16	1	5	340	51	6	2	2	4	1	6	7	10	4	227	29	22	11	21	9	6	4	9	2	9	5	12	10	2	6	5	34	18	7	23	6	4	9	6	10	10	8	23	4	2	1	10	162	4	8	18	5	40	2	1	17	3	6	8	16	5	14	4	5	12	18	1	5	2	5	7	6	30	10	7	8	8	5	8	9	3	11	19	4	11	20	13	14	6	4	21	5	21	5	13	3	21	2	10	15	17	22	7	3	6	11	11	3	7	2	1	28	6	10	3	8	4	16	17	4	6	1	7	18	28	4	14	12	15	6	5	10	25	8	5	0	18	5	5	8	6	9	11	3	27	6	23	1	7	6	5	5	13	5	13	11	16	4	0	15	4	9	2	5	6	27	8	9	19	21	6	22	20	4	8	11	12	13	6	16	14	10	8	6	15	4	3	6	4	12	8	14	7	5	1	13	4	3	8	10	3	4	7	2	16	21	10	10	3	13	3	27	3	6	7	9	0	8	4	5	2	57	5	4	13	1	2	5	10	8	17	27	12	18	5	13	6	9	11	15	11	3	3	10	4	3	12	17	5	2	4	10	4	16	10	5	1	10	6	9	10	3	1	11	6	6	5	4	6	8	5	2	17	81	4	9	13	6	82	6	2	22	7	22	4	9	2	7	6	5	10	3	10	18	16	3	15	2	28	120	4	0	20	3	3	2	3	11	9	11	4	14	8	4	13	1	7	10	10	7	14	4	12	4	7	6	3	8	12	17	2	4	6	4	29	7	5	2	9	26	6	12	4	13	5	11	12	2	13	12	2	3	6	6	9	5	8	4	1	21	20	7	10	8	24	12	5	3	13	8	14	5	4	6	8	3	8	6	7	3	14	3	8	1	6	3	17	11	23	14	9	5	14	2	15	8	22	25	8	7	5	3	8	11	5	4	3	20	8	17	0	9	6	3	0	4	9	3	9	13	10	9	20	8	1	11	7	16	3	8	27	7	4	4	4	6	2
1:Del:C:3	4	3	1	3	4	13	2	5	0	12	0	3	4	1	4	6	1	3	4	5	3	18	7	3	2	6	4	2	4	0	1	2	6	2	8	10	8	5	4	2	5	7	5	2	9	7	1	2	7	3	6	1	7	4	4	2	5	6	12	1	4	2	3	1	1	6	8	0	1	4	0	9	4	5	2	4	4	0	2	3	3	5	1	7	144	2	2	2	2	2	2	5	4	8	3	2	8	2	3	3	5	1	1	4	6	6	2	7	0	9	6	0	0	1	22	43	8	8	8	0	847	24	10	4	0	2	4	6	3	0	6	6	3	5	11	7	2	10	4	4	2	3	5	6	7	4	7	6	5	15	1	0	0	10	3	4	7	2	16	4	2	8	3	4	6	0	5	10	3	2	5	7	1	6	5	8	3	2	2	3	7	10	4	0	6	4	3	3	6	8	4	105	4	2	6	2	1	8	11	1	2	491	1	3	4	1	145	5	4	5	0	1	1	5	6	2	4	3	3	3	1	4	4	0	7	1	9	6	0	2	14	7	3	5	2	3	4	5	5	9	3	0	3	14	4	7	5	2	11	3	3	3	6	11	30	5	1	2	3	2	6	2	11	4	8	0	1	6	3	2	2	2	13	3	1	10	2	9	1	2	1	51	8	0	5	9	1	4	18	6	1	7	4	4	11	3	5	10	5	13	7	1	6	0	3	1590	26	4	3	6	4	1	7	3	4	4	513	20	7	4	8	9	4	1	7	3	5	2	4	7	3	2	2	19	4	3	7	2	4	5	3	7	11	9	10	1	1	2	2	57	7	4	15	6	13	2	5	6	0	1	6	8	5	8	0	1	7	4	2	2	1	3	6	4	19	4	7	4	3	4	2	3	2	4	8	3	10	8	5	6	1	2	9	4	10	2	19	1	12	5	8	4	6	6	3	1	4	10	8	2	3	0	1	6	6	5	2	8	4	7	7	6	4	3	8	9	17	3	4	20	8	5	2	2	7	6	7	1	3	3	4	5	1	4	20	3	12	5	14	3	3	1	4	2	8	2	9	5	4	3	1	3	1	0	4	0	1	11	5	14	9	16	1	11	8	3	1	4	9	4	7	7	8	4	1	2	10	0	3	1	4	4	1	3	4	3	1	9	1	3	2	6	1	6	1	2	4	10	8	3	2	6	0	11	4	5	6	4	1	2	6	0	1	114	7	2	6	2	2	3	5	4	4	14	10	11	3	4	4	3	1	7	3	4	1	7	4	0	2	7	1	1	5	5	4	3	4	2	0	2	2	7	1	3	2	9	2	9	3	8	1	6	4	4	7	35	0	4	4	3	118	2	2	6	4	11	1	3	5	6	5	4	5	0	4	5	12	1	9	1	14	309	3	0	11	2	3	5	5	7	4	6	1	5	6	6	9	0	3	3	11	1	4	1	2	0	6	3	5	3	5	6	1	4	4	3	14	3	2	2	5	13	1	8	1	6	5	5	9	6	8	6	2	2	3	8	4	7	8	0	2	7	5	4	5	1	19	11	1	2	6	0	4	6	2	5	2	2	3	2	1	2	9	3	1	5	8	2	13	0	12	5	6	4	7	2	7	5	6	6	4	4	2	3	3	4	5	0	2	10	2	7	1	1	2	0	0	0	2	2	4	9	5	11	6	4	1	6	2	7	6	6	8	2	0	1	4	10	0
1:Del:C:4	1	0	1	7	3	5	0	1	0	8	1	6	1	0	3	2	0	2	1	1	4	11	3	0	2	4	1	1	1	0	1	1	2	0	5	3	8	3	0	2	8	6	4	1	5	10	1	3	4	5	7	5	6	2	3	0	11	3	7	2	3	0	1	1	2	5	6	1	0	2	2	4	2	3	1	5	1	0	4	1	0	2	0	0	278	1	1	0	0	1	0	2	3	3	4	2	2	1	3	4	4	0	0	4	3	1	3	2	4	8	7	5	1	1	8	150	6	8	3	0	1424	11	10	5	2	2	8	5	2	5	3	3	1	6	7	5	1	3	3	1	1	1	2	8	3	2	4	2	6	11	1	3	1	3	3	1	3	4	6	1	0	8	0	3	4	1	2	3	3	3	4	7	0	3	0	2	1	2	3	2	1	6	8	0	1	1	0	0	1	3	1	61	6	0	2	2	1	3	6	7	1	1485	0	3	3	0	434	4	4	1	0	3	0	0	3	2	1	2	4	1	2	5	0	0	4	3	6	7	1	1	11	1	1	5	5	1	4	2	0	7	3	2	3	9	3	1	2	1	4	2	0	3	2	0	54	1	3	0	4	0	1	2	5	2	6	2	1	2	2	1	2	4	3	0	3	3	0	2	2	2	1	38	8	1	3	7	0	2	12	2	1	8	3	1	0	3	6	8	4	10	1	0	12	2	2	2127	13	2	1	2	2	1	3	3	2	0	1582	12	8	5	9	4	0	0	3	0	4	2	4	3	3	1	1	13	2	0	5	6	5	5	3	1	9	6	12	3	1	3	3	28	2	1	1	2	14	1	2	9	2	1	1	2	2	3	0	3	5	3	0	3	1	4	3	2	10	2	3	0	3	5	3	1	2	5	2	1	3	2	3	9	3	1	9	1	4	3	7	4	6	2	2	2	3	6	3	5	3	4	8	2	2	3	1	8	4	4	7	3	2	9	4	5	2	1	2	3	10	3	3	10	4	3	0	0	7	2	3	4	2	3	2	7	2	3	48	3	8	3	7	2	1	2	1	2	2	1	4	3	5	1	2	7	3	0	2	0	2	9	0	1	5	12	1	4	4	2	4	9	3	2	1	5	2	3	3	2	0	2	0	1	1	3	1	4	7	1	2	6	1	4	3	3	2	2	1	3	5	11	3	1	1	2	3	2	2	3	3	2	2	2	0	1	1	383	1	6	2	2	3	1	1	1	8	12	1	13	1	4	1	1	2	6	1	2	2	2	2	3	2	2	4	2	0	1	1	5	3	0	0	8	2	1	4	1	0	4	3	4	3	2	1	0	2	2	3	25	1	3	0	3	389	0	1	8	1	3	5	2	3	5	0	3	5	0	8	7	3	3	4	1	6	858	2	1	3	3	2	2	3	3	4	5	0	3	6	4	3	0	1	1	7	1	6	2	3	3	3	3	1	2	3	8	1	3	2	2	11	3	2	0	5	5	1	5	5	3	1	1	7	3	2	3	2	1	1	3	4	4	3	1	0	4	0	2	0	1	7	5	0	0	5	1	2	5	1	3	0	4	6	0	3	3	2	1	1	1	2	1	2	1	6	5	1	2	5	1	6	4	7	2	2	5	2	3	1	2	2	1	0	5	5	5	2	6	1	0	1	1	9	2	2	2	5	10	5	3	1	3	1	4	4	1	12	0	3	2	2	3	2
1:Del:C:5	0	3	4	9	4	6	2	12	2	3	1	7	7	0	6	1	1	7	4	2	4	14	14	8	2	7	6	2	1	1	0	2	3	3	7	3	6	8	1	4	9	13	7	0	4	13	3	5	13	6	6	6	4	6	7	0	3	8	22	2	5	4	1	5	1	8	15	1	1	7	9	4	6	9	5	11	6	2	1	3	0	2	4	5	1012	5	5	1	6	2	1	5	7	8	0	7	11	2	4	9	2	0	8	10	3	9	7	1	3	17	5	1	0	5	10	614	10	4	8	3	3815	12	5	10	2	0	19	10	2	11	6	4	2	8	8	6	2	1	1	3	3	3	9	6	2	11	4	4	0	43	1	2	1	15	1	9	6	4	9	2	0	10	3	5	5	2	1	4	4	4	4	4	2	0	3	4	5	0	8	3	3	5	19	4	3	5	2	2	4	2	8	38	5	2	8	3	4	7	11	5	7	5241	7	1	8	5	1480	9	5	10	1	3	8	3	3	7	7	3	4	4	3	10	9	1	2	2	10	6	4	1	7	4	5	2	5	2	5	4	5	6	2	8	3	4	4	6	4	7	4	0	2	7	3	4	240	7	3	5	5	2	9	10	5	6	5	5	6	4	6	2	2	2	3	9	2	6	4	9	5	4	4	30	2	6	2	5	8	8	21	3	4	15	6	4	1	3	2	7	16	7	4	0	12	5	13	5503	16	6	4	1	7	1	12	9	7	4	5831	9	11	6	7	9	4	2	6	4	17	4	6	6	0	2	2	7	7	1	6	6	3	5	13	7	12	6	16	5	1	1	3	20	2	0	9	8	12	3	2	16	2	3	5	7	1	15	2	10	6	10	2	3	2	1	3	13	28	1	6	4	10	4	7	5	4	10	2	4	17	4	2	9	2	6	13	1	15	3	10	1	6	6	6	3	4	13	4	4	4	2	21	5	1	7	3	4	5	18	0	2	4	4	5	6	4	2	17	7	8	2	9	10	3	8	1	7	12	1	8	6	5	1	2	16	2	11	162	2	6	1	4	10	7	3	1	2	8	2	2	1	18	0	1	4	3	3	8	1	6	5	12	5	8	4	11	6	5	7	3	2	5	2	8	4	6	2	3	3	4	3	3	1	3	9	5	6	7	4	2	16	3	21	4	11	2	5	1	4	11	13	4	5	6	2	2	13	3	3	5	6	4	2	6	5	3	1472	5	6	5	6	1	6	4	1	5	12	4	20	2	7	6	2	5	3	6	5	5	5	7	3	5	2	2	7	3	13	2	17	6	3	0	5	5	4	1	6	2	3	24	4	3	2	2	6	10	3	5	18	2	8	5	1	1677	3	1	9	9	6	3	5	2	8	4	1	11	0	3	11	6	9	8	1	4	2291	1	2	10	2	0	0	7	8	2	7	2	1	4	2	10	2	6	7	8	3	13	4	4	7	3	3	2	9	5	13	5	1	3	5	9	17	2	7	5	9	5	7	0	5	2	3	7	11	7	6	0	3	3	4	6	7	7	4	6	6	5	9	5	5	6	2	0	1	5	3	7	10	8	6	2	2	10	1	6	2	8	3	4	2	19	3	7	2	3	10	6	3	13	2	9	3	10	7	7	3	3	2	3	7	7	1	2	7	18	11	4	8	8	0	2	1	4	1	1	9	3	1	6	1	3	6	2	4	3	4	5	1	2	4	2	12	1
1:Del:T:0	8	16	8	29	7	40	9	22	11	58	8	8	14	14	10	13	11	10	16	9	11	55	17	29	7	20	12	8	10	7	4	13	26	11	25	21	66	15	20	7	16	22	16	14	33	28	9	22	21	22	25	14	23	12	12	2	50	19	42	19	13	9	15	12	2	21	47	8	3	14	16	37	16	25	7	10	7	10	17	13	9	18	13	24	99	9	13	11	9	20	10	11	23	17	14	32	18	9	23	20	15	10	10	35	25	13	9	35	10	22	47	18	7	9	73	42	18	18	21	10	310	62	33	16	10	9	31	45	11	11	28	18	20	16	31	34	3	23	8	6	13	2	23	45	18	14	11	6	6	44	12	7	11	57	12	14	24	12	18	10	2	57	16	10	11	8	11	45	7	6	7	25	6	18	16	58	15	9	10	9	10	13	14	137	7	6	6	7	21	27	21	73	41	11	22	15	21	42	62	11	5	278	8	16	14	20	116	28	11	25	8	25	11	14	37	27	8	10	28	11	7	26	13	6	14	6	39	39	20	13	37	20	6	14	28	18	12	22	9	37	6	6	11	49	12	37	16	17	38	20	15	18	17	24	51	15	7	29	20	15	32	19	45	11	80	22	11	43	12	16	12	18	58	16	9	37	14	33	21	6	8	58	29	7	18	18	15	5	73	20	13	25	41	8	28	6	27	27	14	55	17	3	50	8	15	459	44	16	11	17	14	4	24	12	14	8	329	79	37	23	20	18	8	4	16	8	32	13	38	18	13	8	6	44	17	10	29	31	17	19	8	15	19	15	40	13	13	15	9	58	21	15	44	11	60	4	12	45	10	13	9	26	17	23	4	6	22	46	12	8	9	18	32	20	84	32	17	17	36	23	16	12	7	24	41	11	28	60	31	37	11	13	41	14	38	7	71	15	35	12	28	16	38	49	7	25	15	23	28	12	19	4	7	44	14	17	13	19	20	39	34	17	9	7	31	34	45	13	20	71	40	15	9	8	49	25	23	6	27	17	13	12	10	20	19	14	48	13	46	22	8	9	12	5	16	4	17	19	23	7	9	20	10	9	14	13	28	52	9	36	30	47	14	31	36	5	26	36	45	17	8	19	22	11	20	8	18	10	16	10	13	32	10	33	15	11	9	38	11	11	9	23	12	8	9	12	25	16	15	12	11	15	6	56	10	7	14	23	11	15	10	11	8	118	13	11	31	8	8	8	25	17	42	42	29	32	14	28	17	13	18	15	16	10	9	25	14	8	15	6	7	13	14	23	9	27	24	10	6	13	11	10	15	8	6	22	20	12	18	21	8	9	10	16	61	30	6	16	25	24	146	10	5	37	23	35	8	22	13	30	15	7	38	5	14	34	28	12	39	7	49	87	11	2	50	9	5	12	16	29	8	21	15	20	28	10	19	2	8	20	33	9	27	9	14	13	6	9	18	14	15	28	5	17	22	16	49	18	6	5	24	49	13	19	15	43	6	24	23	10	39	31	15	9	15	33	15	21	14	5	6	31	21	12	17	18	41	25	11	5	22	16	36	28	12	19	11	11	14	6	6	8	20	12	17	13	15	14	28	30	47	46	26	8	28	5	26	24	20	29	12	25	8	12	17	40	20	12	7	48	17	34	14	21	9	13	5	10	31	15	10	37	17	32	42	18	8	21	15	45	18	18	54	6	10	5	10	18	6
1:Del:T:1	11	16	13	19	3	27	6	12	2	50	8	17	17	8	8	5	12	5	9	13	8	29	16	23	9	11	5	1	3	4	5	6	12	13	20	21	57	11	11	5	19	11	12	13	9	20	8	8	12	28	17	8	23	9	18	1	26	9	45	7	4	4	6	6	3	11	14	2	7	11	6	19	16	9	7	4	10	5	11	9	4	11	5	12	75	6	7	6	8	10	5	16	12	14	12	13	8	1	12	16	8	3	7	13	6	8	11	32	6	16	61	4	10	6	51	27	6	12	15	4	397	55	25	14	10	5	21	22	3	9	11	8	12	18	14	40	4	15	6	19	7	3	8	49	10	16	6	4	3	20	12	8	2	57	13	5	16	11	13	6	1	52	11	11	12	4	5	28	12	9	8	19	6	8	9	48	11	5	3	12	2	10	13	50	5	3	3	3	14	13	8	59	46	4	27	9	11	39	44	4	8	226	4	17	12	9	87	16	9	16	2	19	9	7	23	24	6	5	9	5	5	16	14	6	12	10	14	36	21	11	22	9	6	4	12	20	12	18	11	21	10	8	5	42	10	28	20	8	26	9	5	8	8	27	17	7	5	13	11	9	8	15	18	6	55	9	10	35	13	7	8	21	31	13	9	22	12	18	12	6	19	31	22	6	10	14	6	4	46	9	8	17	30	12	22	11	10	22	11	35	9	3	30	7	5	497	38	15	1	10	11	2	12	8	14	6	270	61	22	12	20	9	22	2	22	7	15	14	33	13	6	7	8	36	20	6	16	17	7	16	8	15	9	8	18	10	11	11	7	70	15	3	27	12	39	5	9	22	5	3	9	25	6	12	3	7	17	34	5	7	5	19	13	9	76	20	11	12	19	17	10	12	2	7	19	6	15	44	32	30	8	12	26	7	40	8	55	9	19	7	17	16	36	35	6	15	12	16	18	4	18	5	5	48	5	20	5	3	15	15	15	5	14	8	22	18	33	7	14	54	26	9	6	10	20	19	15	6	12	13	4	13	7	15	12	13	31	10	25	10	13	10	6	5	11	4	10	24	15	2	0	12	8	5	7	12	23	50	6	37	18	22	9	30	27	8	14	20	30	11	9	17	28	11	15	8	13	4	9	10	8	20	8	16	20	12	6	17	6	12	9	20	7	4	7	11	21	14	15	6	4	17	2	36	12	7	12	8	10	5	3	4	3	61	7	6	22	4	14	4	15	15	46	25	9	14	12	16	10	5	9	7	9	11	4	23	12	10	16	13	7	3	9	11	2	9	12	8	4	12	0	8	7	7	10	15	12	9	12	18	9	9	10	12	36	24	1	6	16	19	77	12	3	20	9	16	8	8	14	20	15	4	16	1	12	16	27	17	33	5	49	104	14	3	30	5	8	6	5	28	7	21	7	18	19	8	12	2	11	11	16	13	11	3	10	1	3	11	14	9	8	15	3	11	6	8	38	12	4	3	21	43	12	20	8	43	8	9	18	9	23	17	4	9	11	18	7	18	5	8	7	16	11	7	14	11	31	13	2	1	13	8	25	21	4	15	13	5	7	4	7	3	15	3	10	14	12	5	19	29	38	23	17	7	14	4	9	27	24	10	6	13	5	4	5	25	10	5	6	38	10	40	13	10	6	5	3	8	27	3	7	21	10	24	31	8	6	19	14	19	13	13	49	1	6	6	8	15	8
1:Del:T:2	3	8	11	21	6	16	4	12	5	47	2	8	12	10	6	6	9	14	6	3	13	51	20	19	5	8	6	8	3	3	1	8	16	12	24	21	46	10	10	4	31	5	6	12	19	27	10	15	13	14	37	7	18	17	16	1	34	14	22	7	6	3	5	3	6	10	21	3	6	6	10	15	15	12	6	10	6	4	8	14	3	12	8	14	114	2	7	1	5	9	3	12	8	13	11	16	6	3	34	21	6	4	8	8	11	13	6	18	6	15	27	8	3	2	67	35	13	10	12	6	1422	53	26	16	8	7	29	27	12	9	20	10	13	6	30	32	7	22	6	14	11	8	10	26	15	12	8	5	6	35	7	1	6	20	9	12	19	6	22	6	1	35	5	3	9	2	9	24	7	5	7	10	5	11	5	31	4	1	9	6	4	8	16	12	4	2	5	6	15	20	6	52	21	5	27	10	11	42	40	6	3	320	12	8	8	14	125	11	17	10	3	22	3	4	31	23	8	4	5	7	1	17	13	3	9	3	29	29	15	14	31	10	2	11	12	18	6	10	4	36	3	4	5	29	4	25	13	15	19	8	8	15	8	20	30	12	5	8	13	6	28	15	18	7	35	6	6	36	5	3	4	16	39	8	10	39	4	7	12	14	10	40	13	2	12	9	15	8	50	8	9	16	32	7	25	3	20	18	7	45	13	6	27	6	5	2306	36	10	5	6	11	4	22	5	9	4	352	63	16	14	20	14	10	4	11	5	9	7	35	9	6	9	6	39	12	4	19	20	10	15	8	16	17	6	34	15	6	8	8	41	18	5	23	3	79	2	11	21	3	5	8	23	2	17	5	6	13	21	1	6	6	15	10	11	52	22	10	15	12	24	11	11	4	16	23	5	26	35	23	26	8	8	20	6	27	2	61	10	31	6	15	13	37	25	10	22	6	15	17	8	9	4	6	20	9	21	3	8	10	22	24	6	10	10	18	23	38	4	14	55	22	10	6	12	22	19	12	3	19	10	12	15	10	15	20	11	43	8	29	11	9	6	6	5	9	1	10	11	17	3	6	11	4	13	10	5	9	39	8	17	17	51	7	24	22	4	9	28	31	14	5	10	11	6	7	6	13	5	2	12	7	16	7	17	11	5	1	24	2	12	3	15	5	4	9	14	16	13	20	5	3	17	4	34	8	8	9	9	11	5	7	3	3	105	7	8	20	3	5	5	12	9	25	47	27	31	3	15	8	3	15	21	10	7	3	22	22	6	9	9	3	5	6	18	3	24	13	4	3	6	4	7	5	3	7	12	9	7	10	15	8	8	8	13	26	21	3	5	9	7	108	7	6	42	16	30	10	12	11	20	8	3	9	3	8	25	19	8	15	3	30	117	6	2	36	9	5	6	11	18	3	27	10	18	15	3	15	5	13	9	14	9	19	6	16	3	7	13	5	12	13	26	4	14	8	14	58	10	5	2	11	36	9	16	7	29	6	18	21	5	24	18	2	14	7	13	9	13	2	6	10	23	21	9	19	7	46	13	5	3	8	3	24	17	6	24	3	2	17	5	6	6	15	5	7	10	4	8	22	15	26	20	12	14	10	8	19	14	27	22	13	14	3	7	8	23	8	4	6	19	16	31	8	5	6	8	3	3	17	1	4	20	8	24	30	6	7	18	6	18	16	10	30	3	6	8	1	10	5
1:Del:T:3	4	6	7	30	0	19	5	12	5	19	3	10	11	4	15	5	10	14	14	5	4	49	19	14	6	13	5	4	7	4	2	7	12	12	14	14	32	13	2	3	35	12	6	9	19	31	9	14	10	11	31	6	18	16	11	2	29	15	28	5	3	5	5	6	1	9	29	1	3	10	12	13	12	9	1	8	9	2	10	7	4	10	10	7	373	2	7	3	4	9	9	5	13	5	7	20	15	2	33	15	8	8	7	14	14	9	8	17	3	20	17	4	6	8	46	98	8	6	11	8	4119	39	37	8	5	5	30	20	8	13	18	15	15	11	28	24	2	27	5	5	11	7	19	18	4	8	13	3	10	34	7	0	2	33	9	7	25	6	21	6	1	33	1	3	8	0	4	19	11	2	10	24	4	9	6	19	7	4	10	6	6	9	21	25	8	2	9	5	21	13	12	46	16	6	21	12	8	21	36	13	7	1162	9	6	12	10	462	14	14	15	1	8	6	4	13	19	3	1	10	9	6	10	14	3	6	7	46	17	8	15	38	9	5	11	14	6	6	13	3	25	5	7	3	22	4	17	13	19	14	10	9	15	5	21	35	6	0	5	14	8	36	18	22	6	34	5	3	18	7	7	3	11	28	10	1	55	6	11	6	6	7	29	14	9	7	7	20	8	51	7	5	16	26	5	12	8	16	22	12	57	10	2	39	7	1	6710	39	5	7	5	6	6	16	1	12	3	1235	47	8	14	40	11	15	1	14	9	17	5	22	15	2	7	2	52	11	6	17	14	11	10	8	14	14	11	37	10	2	5	16	42	16	4	21	2	60	0	5	20	6	4	9	8	2	15	3	6	18	18	6	8	4	7	17	17	48	10	15	6	22	19	14	9	1	18	18	2	22	20	14	28	6	8	22	12	17	5	57	4	19	7	15	14	19	14	9	21	7	25	27	11	11	9	8	17	11	13	7	9	12	21	17	4	11	1	24	28	47	11	11	57	7	4	4	8	30	11	18	2	14	9	9	19	7	10	55	8	48	6	23	16	12	8	6	13	14	3	17	14	20	2	4	12	3	6	7	6	9	23	8	17	20	70	6	18	17	4	16	36	27	15	3	30	9	15	3	9	14	5	9	7	6	18	6	29	13	2	6	20	3	14	4	17	7	2	10	4	23	14	16	7	5	16	2	28	2	8	7	9	7	4	5	7	3	320	7	5	18	6	9	6	17	7	24	52	25	28	5	14	9	9	14	29	2	3	7	15	14	6	10	4	4	1	6	10	2	19	17	2	0	12	3	11	11	2	4	14	13	3	14	16	6	7	7	7	19	22	8	13	20	8	301	4	4	69	26	25	4	13	5	14	6	6	13	0	7	25	20	9	16	1	25	581	4	2	20	5	3	7	5	11	5	25	5	17	12	12	5	2	10	11	11	2	22	12	16	7	7	7	17	10	10	27	2	7	4	9	56	14	4	3	13	13	9	17	6	22	5	10	20	3	26	19	3	5	4	15	11	19	13	3	4	32	30	15	10	6	62	13	4	8	17	5	15	16	3	13	4	3	16	2	9	3	10	7	5	7	13	6	25	8	17	26	5	2	10	4	16	12	35	28	14	24	4	6	11	25	9	2	5	20	14	33	3	13	8	9	6	5	8	4	5	25	10	22	19	8	10	14	12	13	10	7	32	1	5	7	2	16	2
1:Del:T:4	2	7	5	24	6	19	6	10	3	21	3	12	6	4	6	8	11	10	3	6	7	52	21	10	3	7	3	2	2	6	2	7	7	8	16	13	15	18	6	4	33	17	11	9	14	23	5	11	20	11	34	6	9	21	12	0	19	16	18	1	2	4	1	4	2	10	27	2	6	2	13	16	8	15	5	2	8	7	10	7	6	8	6	7	1028	3	4	3	3	5	4	9	6	5	9	19	7	3	22	19	5	4	3	5	10	4	10	11	2	18	21	6	4	5	29	326	10	5	4	2	8561	42	38	9	2	3	32	11	3	20	11	2	15	16	26	16	2	18	2	10	5	2	17	18	12	16	11	3	6	60	9	1	3	56	7	11	28	6	23	5	0	30	5	5	7	2	8	12	6	6	10	21	5	9	3	18	6	5	2	10	3	7	11	38	2	1	1	3	27	14	12	50	14	2	27	8	1	32	22	8	2	3563	6	11	8	9	1342	14	18	16	3	19	11	4	20	23	5	5	8	2	4	14	11	8	4	3	27	17	6	14	41	14	7	6	7	3	6	5	4	32	5	7	4	11	6	21	8	8	13	6	11	13	5	11	120	1	3	6	7	5	28	22	15	6	26	5	6	13	1	4	2	7	13	9	3	43	2	15	11	8	8	21	13	1	6	6	18	7	36	6	2	9	21	7	8	6	10	16	15	50	8	4	37	2	3	11960	53	8	0	3	9	5	12	5	7	2	3721	44	22	15	23	6	13	2	25	7	24	8	17	17	3	2	1	62	13	1	16	12	11	9	7	12	22	5	34	3	5	3	4	30	16	5	15	7	68	4	10	25	2	7	8	7	2	11	3	7	7	11	5	2	5	5	18	24	51	13	11	3	13	16	16	7	5	13	11	7	35	17	7	28	4	4	15	9	23	3	35	1	32	10	16	8	16	8	11	17	10	13	31	10	10	2	7	17	7	33	9	6	5	25	17	5	8	8	25	31	60	9	10	32	6	7	4	8	40	17	16	5	22	7	5	9	5	12	136	5	29	4	18	24	7	4	4	1	2	0	3	4	18	1	3	13	3	5	5	8	10	16	4	10	21	41	8	15	12	2	8	19	8	6	5	17	10	9	5	6	7	5	7	7	4	14	6	17	11	4	4	17	7	13	5	6	2	2	5	11	23	16	15	4	5	2	2	20	9	9	6	12	7	5	10	8	1	1010	6	8	25	7	6	8	13	7	21	36	9	34	2	15	2	2	22	20	10	1	4	5	21	7	6	6	1	6	2	13	3	23	13	4	2	14	5	9	7	2	6	10	20	2	15	12	3	11	8	10	13	24	2	5	18	4	868	3	2	32	18	26	6	6	11	15	5	4	6	1	4	30	20	6	11	2	19	1638	8	5	21	4	2	6	8	7	6	24	2	15	11	5	13	4	6	16	7	5	31	8	7	6	10	3	12	5	4	24	1	13	2	11	46	21	3	1	12	19	11	18	10	11	3	10	17	12	21	13	5	4	8	10	11	12	4	3	7	19	21	10	8	2	56	15	1	1	7	10	18	18	8	17	3	8	11	4	16	9	13	6	7	1	28	4	30	8	22	15	7	7	25	2	22	10	27	26	11	12	5	8	13	18	8	2	4	9	18	16	3	12	13	6	4	3	13	4	8	7	14	19	25	9	12	12	13	13	12	6	25	2	4	3	7	20	2
1:Del:T:5	9	30	24	154	30	70	14	114	27	63	7	86	68	31	31	34	35	37	43	22	27	456	354	72	32	31	48	23	23	4	6	26	55	25	50	19	126	163	28	38	106	147	100	30	50	255	33	25	89	54	60	108	45	225	153	10	81	120	175	39	34	18	6	18	10	117	59	6	23	80	110	43	54	135	20	113	36	52	32	37	12	13	17	56	22330	19	30	7	13	62	15	83	52	45	50	99	46	6	75	178	28	31	22	49	35	64	48	28	23	213	72	15	22	59	102	8821	37	30	75	11	115359	101	72	83	22	16	408	70	13	119	69	22	45	66	87	65	21	47	29	16	20	32	177	55	66	81	84	12	26	455	18	7	15	487	45	123	84	49	194	48	5	142	31	28	42	14	18	20	22	41	34	51	13	32	22	185	43	26	16	14	53	35	217	44	32	26	13	32	72	20	74	83	47	16	201	51	13	164	91	62	20	63931	64	35	101	58	26572	117	49	161	19	98	126	11	47	62	30	21	105	17	19	161	76	12	18	40	110	33	61	91	70	52	22	38	50	11	32	42	37	57	12	79	40	45	78	71	59	50	132	112	42	106	23	31	2359	39	7	55	44	30	60	191	59	118	192	28	27	25	31	51	25	31	66	63	27	189	7	149	125	51	27	38	104	13	36	32	115	92	161	27	69	224	81	26	18	21	35	67	164	137	20	9	184	54	121	155905	159	53	17	51	71	3	77	38	59	24	69910	326	52	35	47	54	57	16	239	31	128	43	190	69	13	13	26	249	54	15	41	38	83	32	145	130	462	33	476	18	29	29	19	35	28	20	171	25	141	23	23	295	13	24	31	40	10	115	30	81	63	53	18	16	26	57	168	364	504	52	52	9	119	20	120	36	43	94	20	36	510	117	32	140	20	75	112	55	116	31	233	28	53	77	23	20	13	66	102	52	75	111	226	109	48	43	65	54	104	322	29	90	41	50	55	31	90	22	229	118	218	55	72	193	42	117	51	49	279	66	97	15	48	25	38	136	55	141	2296	27	96	17	31	255	48	45	28	14	40	5	72	27	208	8	42	25	16	19	29	28	37	44	37	21	54	85	40	60	47	31	115	63	57	23	65	39	23	25	42	72	66	15	37	24	46	158	86	40	139	34	19	72	11	86	35	59	7	31	28	87	173	76	83	39	14	18	10	88	43	54	48	158	41	19	124	23	14	23352	23	57	171	42	16	58	80	40	195	145	29	279	17	53	29	25	57	44	68	31	37	14	235	114	48	23	46	74	16	69	25	186	40	22	8	53	46	26	17	13	24	39	286	29	164	125	14	70	138	62	100	51	21	52	151	17	22627	12	44	93	199	58	45	82	46	83	33	15	50	4	17	276	49	120	31	13	41	24873	42	15	72	36	32	28	42	40	27	112	25	24	39	21	48	18	61	55	38	84	151	61	33	88	52	30	119	25	19	226	14	34	20	103	137	165	9	23	105	46	132	107	75	30	15	14	49	138	225	36	18	27	50	52	90	105	66	35	37	74	60	100	63	17	193	56	24	14	61	99	228	186	48	268	36	11	90	19	82	51	168	69	76	47	283	23	117	98	29	99	38	45	290	11	167	21	118	74	80	82	23	56	38	88	54	14	16	50	249	82	26	95	132	16	21	4	53	19	8	36	20	68	158	32	72	56	48	28	28	66	113	11	21	42	15	140	7
1:Ins:C:0	3	5	3	10	0	2	2	9	5	2	3	5	3	0	3	1	3	4	6	7	5	20	7	4	7	6	1	2	1	2	1	2	3	3	15	8	7	23	4	3	7	8	2	3	7	40	3	2	7	56	7	1	2	3	5	0	5	3	7	0	5	4	3	1	0	17	13	2	4	3	8	6	14	81	6	5	2	7	8	2	2	4	7	84	148	2	8	3	0	7	6	9	50	49	5	217	5	3	7	8	3	5	4	9	9	3	5	1	4	16	77	0	4	2	79	7	9	64	7	3	129	28	10	3	2	1	5	18	5	0	2	3	7	63	8	9	2	16	5	2	7	6	8	7	2	6	5	2	4	14	46	3	5	13	0	6	8	7	8	2	4	58	3	3	3	2	1	4	3	0	7	11	0	8	4	5	45	0	3	1	0	2	9	17	6	2	3	4	4	13	7	19	54	2	15	4	4	15	51	4	6	114	5	4	7	3	61	11	5	4	1	10	5	4	5	8	3	4	4	3	0	15	59	7	36	3	10	2	3	4	46	11	1	15	6	1	5	35	31	65	0	2	5	7	2	3	5	8	1	27	8	5	6	3	61	7	4	3	7	3	22	7	13	1	13	5	2	8	3	5	3	5	9	5	5	25	8	6	10	7	2	15	6	5	14	1	4	5	11	2	3	25	6	0	3	4	11	4	10	22	8	0	17	3	4	293	6	5	5	0	1	3	4	2	6	2	139	14	9	5	10	8	3	1	6	0	11	5	2	7	4	2	2	15	6	1	4	7	7	10	9	5	6	4	15	1	5	3	2	19	2	2	9	1	15	1	4	5	3	7	1	8	5	2	3	4	6	13	1	5	3	3	6	14	10	4	7	5	3	8	3	4	1	10	1	1	12	3	4	10	3	5	5	3	11	2	11	5	13	3	5	3	2	6	1	10	13	5	9	5	4	4	3	7	2	6	5	3	6	17	4	4	3	1	7	8	10	3	11	11	4	1	3	3	8	7	5	2	11	1	1	5	8	8	6	6	15	0	1	3	4	4	5	1	2	1	7	9	15	1	2	8	3	4	5	4	3	8	4	6	7	6	2	5	7	1	2	14	3	8	2	10	30	5	4	1	4	5	3	1	8	5	2	8	6	4	5	9	1	36	5	10	9	6	4	0	8	3	12	0	4	3	0	6	10	1	2	19	1	5	2	2	1	46	2	7	6	6	3	2	4	4	13	6	5	47	0	4	4	0	6	7	16	3	7	2	4	1	4	1	3	0	2	10	2	6	6	2	3	12	6	0	0	0	4	5	7	3	7	5	2	5	5	4	9	11	3	5	6	6	54	4	3	11	12	11	3	3	15	20	4	6	5	0	2	7	4	4	12	1	5	32	0	2	22	3	2	4	0	0	1	8	4	6	3	5	7	2	0	3	5	6	8	5	6	0	1	1	11	2	3	4	1	6	5	4	11	5	1	1	4	8	9	33	1	3	0	9	22	3	3	50	1	1	5	12	4	5	10	9	1	3	6	6	1	2	13	6	2	2	3	2	8	5	0	9	3	5	6	4	5	4	8	1	2	2	3	0	5	5	2	4	5	3	12	1	2	4	15	12	4	5	0	5	4	13	4	1	1	4	4	9	2	25	4	1	1	1	89	4	3	4	7	18	5	6	1	3	6	9	6	5	12	1	8	4	1	9	5
1:Ins:C:1	4	2	2	2	1	3	1	3	2	6	3	2	1	1	3	1	7	3	2	0	1	3	4	3	3	5	2	4	2	2	2	3	1	4	1	1	11	5	1	3	4	4	1	3	10	2	2	6	2	6	4	4	2	4	1	0	4	6	6	3	3	3	1	1	1	4	6	0	1	5	4	5	2	20	1	4	5	3	0	1	1	1	3	35	18	3	3	1	0	1	2	4	12	20	5	10	0	0	2	4	2	3	1	4	4	2	5	4	1	8	20	0	2	3	8	6	4	18	2	2	53	12	2	2	6	2	2	5	2	3	4	3	3	21	2	6	0	9	1	4	4	2	5	4	2	4	2	4	3	8	19	0	1	11	3	3	3	1	5	3	0	8	3	3	1	1	1	3	2	2	2	4	1	4	0	7	20	0	4	1	2	2	3	4	5	4	7	1	4	4	1	13	20	0	6	2	5	6	19	4	1	27	2	3	5	0	25	3	3	8	0	3	2	0	8	7	4	3	2	0	3	1	29	2	16	0	5	4	7	1	7	6	0	2	4	2	6	13	10	9	3	1	1	9	4	5	1	4	7	3	1	1	2	4	13	1	4	5	3	3	7	7	4	3	10	3	5	5	3	2	2	2	1	4	2	2	1	5	3	2	2	5	2	2	4	2	4	1	13	4	3	5	5	2	4	2	3	5	3	13	2	0	5	1	2	89	10	2	0	2	0	2	2	2	4	2	38	12	2	4	6	3	2	3	5	5	5	4	7	3	1	1	3	5	4	2	3	2	1	7	4	7	1	1	2	2	1	5	2	7	5	0	7	1	8	3	3	3	0	2	3	3	3	4	3	1	5	4	2	2	2	6	3	2	8	3	3	3	1	6	1	3	0	3	3	1	8	5	4	3	2	4	1	1	9	0	5	2	5	3	2	2	10	6	1	4	4	2	4	0	1	2	0	2	3	5	1	2	8	2	8	3	1	0	3	4	5	1	3	5	3	2	3	2	9	4	4	3	5	1	1	3	5	4	4	8	6	6	3	1	3	2	1	3	1	1	5	6	3	1	1	3	1	5	5	3	3	3	4	2	5	7	3	6	7	4	4	8	5	3	0	2	21	2	1	0	6	2	2	8	6	1	2	4	1	6	2	3	1	7	3	3	2	1	2	7	4	3	3	3	2	1	0	9	6	3	5	5	2	1	4	1	1	16	3	5	7	1	1	3	4	2	3	8	4	9	3	1	2	2	0	6	0	1	2	3	4	2	6	1	1	1	1	2	3	3	6	0	2	7	3	2	1	2	4	5	11	3	2	4	1	0	2	3	6	3	1	2	3	4	25	5	5	8	7	9	2	4	6	6	3	5	5	1	1	7	4	4	8	1	4	15	0	1	5	2	2	2	4	5	1	2	0	0	2	3	3	0	0	0	7	2	6	2	3	1	1	2	1	1	4	8	2	2	5	5	7	4	1	1	3	8	2	7	5	3	3	5	2	5	3	6	4	4	4	6	5	0	3	2	2	8	2	5	3	2	3	10	1	0	5	1	4	3	2	3	0	6	4	4	2	2	2	1	4	1	5	1	3	1	7	5	1	0	4	2	2	4	5	4	1	2	1	0	2	2	5	2	1	6	4	8	0	2	2	3	0	0	5	1	1	2	3	5	7	3	2	1	6	1	0	3	6	2	1	2	2	2	1
1:Ins:C:2	0	1	1	4	0	6	2	1	2	3	3	1	4	1	2	1	0	3	1	0	0	4	3	1	1	3	1	0	0	0	0	0	1	2	2	2	2	1	3	4	4	2	2	3	5	3	1	3	4	2	2	2	4	4	5	0	6	2	3	0	0	1	1	0	0	3	4	0	0	1	1	6	2	4	1	3	0	3	0	2	1	1	0	5	11	1	1	0	0	1	1	2	4	1	2	5	1	0	1	0	2	1	1	1	0	1	3	1	0	3	6	0	1	2	10	1	1	3	1	1	43	6	1	2	0	0	0	2	4	2	1	1	0	9	1	3	1	6	0	1	3	1	3	1	0	0	3	0	2	1	6	1	1	5	1	0	2	1	2	3	0	6	0	1	2	0	2	1	0	1	1	2	2	3	1	2	5	0	2	0	1	1	4	1	0	2	3	1	1	2	3	5	3	1	1	1	1	5	7	1	4	38	3	3	0	1	8	4	1	2	0	4	0	3	2	4	2	0	3	2	1	3	8	1	0	3	1	1	1	2	5	0	0	1	3	2	3	3	2	3	0	1	3	3	1	4	1	2	6	4	1	1	3	4	9	2	0	1	2	0	2	3	2	0	6	0	0	4	3	1	2	0	2	1	3	2	4	2	2	2	1	2	5	1	4	1	1	1	3	3	0	1	4	1	1	0	0	6	1	2	2	0	4	1	1	83	3	5	2	0	1	1	3	0	3	1	42	13	2	1	5	2	0	0	5	0	4	4	6	1	0	1	3	1	1	0	2	4	1	2	1	2	1	3	5	2	1	2	2	6	1	0	7	1	7	1	2	4	0	1	0	1	1	3	1	2	2	1	1	1	1	0	2	3	8	2	2	1	2	4	3	1	1	4	2	1	5	9	2	3	0	2	3	1	9	1	6	0	2	2	2	2	10	4	3	1	3	3	0	1	1	0	3	2	1	1	0	4	3	0	5	2	3	2	3	6	3	2	2	4	3	2	2	2	5	6	2	1	3	0	0	0	2	0	1	0	5	0	6	0	3	2	1	2	1	0	1	3	3	1	3	3	0	1	6	3	3	7	1	6	7	5	4	6	2	1	6	5	2	2	0	3	8	2	1	1	0	2	2	3	4	3	1	2	2	0	0	4	1	4	1	3	1	1	2	3	2	0	2	4	0	1	0	2	1	1	0	3	0	2	2	3	0	6	1	2	2	2	2	0	1	3	3	3	2	3	1	3	3	0	2	1	4	0	1	0	3	0	1	1	1	2	4	5	1	1	4	1	0	4	1	2	1	2	1	2	1	2	4	1	3	2	4	1	2	4	0	3	5	6	4	2	0	2	1	2	0	2	4	5	0	3	1	0	1	3	3	1	6	1	7	11	0	2	8	2	0	1	0	4	1	2	1	0	0	2	5	0	4	1	5	1	5	1	1	1	2	1	1	0	3	1	0	2	2	3	3	2	1	0	3	1	3	3	2	2	3	0	3	0	5	2	2	5	2	2	1	1	0	3	0	1	1	2	0	0	3	0	1	0	0	2	6	2	0	1	1	0	3	0	4	3	4	3	1	0	2	1	5	3	4	3	3	1	2	3	4	1	7	1	0	0	2	2	1	4	1	0	0	3	1	7	0	0	1	2	2	0	4	1	3	2	2	0	2	1	1	2	2	3	0	0	5	1	0	2	0	3	4
1:Ins:C:3	2	3	1	0	0	1	1	3	0	2	2	1	0	1	1	1	1	2	1	1	0	1	3	2	1	5	0	2	0	0	4	0	2	0	0	2	1	3	1	0	1	1	1	3	2	5	1	0	1	2	0	0	1	2	1	0	1	0	2	0	2	1	1	2	0	4	1	1	0	0	3	3	1	4	1	1	1	1	1	0	1	0	1	8	30	0	1	1	4	1	0	0	4	5	0	4	1	0	1	3	0	0	0	4	1	0	3	1	3	2	7	1	1	1	6	4	4	7	2	2	121	5	1	2	0	1	4	3	2	4	3	0	3	6	2	1	0	4	3	1	2	2	1	4	2	1	1	1	3	4	5	2	0	9	2	3	1	2	6	1	1	6	0	3	1	1	1	1	0	1	2	0	0	3	0	4	6	0	1	0	0	1	1	2	2	1	5	2	0	1	4	7	8	2	1	1	0	1	5	2	0	123	1	1	1	1	17	2	2	6	0	1	0	2	4	1	1	0	4	1	1	1	5	2	3	1	0	2	2	0	5	4	5	1	0	2	3	2	1	3	0	0	1	4	0	3	1	1	0	2	1	3	0	0	4	1	1	2	4	1	2	4	1	3	4	5	0	1	4	1	1	2	1	0	1	3	3	0	4	0	1	9	0	2	1	1	3	3	6	2	0	3	0	1	0	2	2	3	0	4	1	0	0	0	0	191	1	0	0	1	2	2	2	0	7	3	124	3	1	1	0	2	1	0	3	0	2	2	3	2	0	1	1	3	2	0	1	0	0	1	1	2	0	1	5	0	0	2	0	6	1	1	5	0	2	3	0	3	0	1	1	3	5	3	2	2	2	3	0	2	1	0	1	1	7	1	3	3	0	3	1	3	5	2	2	0	4	0	2	1	1	1	5	1	5	0	8	0	1	2	1	1	4	4	6	1	3	2	2	1	2	4	0	2	1	0	2	0	1	2	1	3	4	1	3	7	6	1	0	10	2	4	0	3	7	5	0	0	2	0	2	3	1	3	1	0	3	1	1	4	3	1	0	4	1	1	1	0	2	1	0	0	2	0	3	4	2	4	1	3	2	0	0	3	5	0	2	2	4	3	0	0	5	3	1	0	0	1	2	3	3	4	1	4	1	1	0	1	0	3	2	2	0	1	1	1	3	1	3	1	2	1	1	3	2	2	1	1	1	1	0	0	1	15	5	2	1	2	1	0	0	1	3	1	1	3	0	1	1	0	0	2	2	1	2	1	5	4	0	0	1	2	0	1	1	2	1	3	1	0	2	0	0	3	1	1	1	3	1	0	0	0	5	0	2	2	0	4	0	0	20	1	1	1	2	7	4	6	5	1	5	0	2	1	1	2	1	2	3	1	1	27	1	0	5	0	2	1	2	0	2	1	0	0	2	2	3	0	1	3	5	1	1	0	0	0	1	2	4	0	0	2	3	2	2	0	4	3	0	0	3	1	1	4	1	1	7	0	0	3	2	1	1	0	3	5	1	1	1	0	3	2	1	1	2	1	0	1	0	1	1	2	2	5	2	4	1	2	0	2	3	0	1	1	4	2	1	3	2	3	4	1	1	1	5	1	2	5	3	1	0	1	2	2	1	0	0	3	2	4	2	6	1	2	0	2	1	0	2	1	1	4	0	0	5	0	1	0	1	1	1	2	2	0	0	0	0	2	0
1:Ins:C:4	4	1	0	1	2	2	0	3	0	1	1	1	1	1	2	1	1	0	5	0	4	6	1	1	3	1	3	1	1	3	4	0	5	1	1	1	3	7	0	4	3	4	4	1	2	4	1	1	1	3	4	1	4	0	3	0	0	2	6	1	2	1	1	2	0	6	0	1	0	1	1	2	1	5	1	1	1	3	2	1	0	3	3	11	60	0	0	1	2	1	2	1	1	2	0	0	0	2	1	3	1	1	2	4	0	1	2	3	1	1	7	1	1	0	6	21	2	7	1	0	304	1	3	2	3	2	5	3	1	0	1	1	1	5	1	6	0	1	3	3	0	0	2	6	1	1	1	1	1	4	2	2	4	4	1	0	1	1	2	1	0	2	1	3	1	0	1	3	2	5	1	1	0	0	2	6	2	1	0	0	0	0	2	3	2	2	0	1	1	3	1	15	3	1	2	3	1	2	0	3	2	283	1	3	7	2	66	2	1	3	0	2	3	2	2	0	2	1	3	1	2	1	8	0	3	0	0	1	1	3	3	0	1	0	0	2	2	3	2	4	0	2	1	1	1	2	0	2	0	1	1	3	2	1	22	2	3	1	1	0	2	4	3	1	1	0	2	4	2	2	1	0	2	1	0	1	1	2	4	3	0	6	3	1	4	2	3	2	2	2	2	1	3	1	1	1	1	3	0	5	0	0	1	0	6	431	1	1	1	2	0	0	2	2	5	2	301	8	4	0	1	3	0	1	2	2	1	2	1	7	1	4	2	4	2	0	2	1	4	0	3	2	1	1	9	5	2	1	0	9	0	0	5	1	2	2	1	1	3	0	1	1	1	1	3	0	3	3	1	4	1	4	3	4	5	1	4	0	3	1	3	2	2	1	2	0	6	5	2	1	0	1	1	1	2	2	5	1	6	1	1	2	3	5	2	3	0	3	4	2	2	0	3	5	1	3	3	0	2	1	1	1	0	2	0	5	5	4	1	4	2	0	3	3	12	4	3	1	1	0	0	5	1	3	9	2	2	2	2	1	1	0	1	2	2	1	2	0	3	2	0	2	2	1	4	4	1	3	0	2	3	0	2	2	2	1	0	3	0	1	3	0	1	4	1	0	0	4	1	1	0	2	2	0	1	1	1	3	0	2	2	2	1	1	1	0	3	0	3	3	0	0	0	4	0	1	1	3	3	1	0	1	1	77	0	3	1	1	1	7	2	2	5	1	0	1	0	2	1	1	0	3	2	2	2	2	3	6	4	0	0	1	3	3	2	4	2	4	0	4	1	1	1	0	1	2	5	1	2	4	1	1	2	1	2	6	1	0	3	3	95	0	4	0	3	1	0	2	0	1	2	1	3	1	2	4	1	2	2	1	1	80	0	0	6	0	0	3	1	1	1	4	1	0	4	1	2	0	0	3	1	1	1	0	1	0	1	1	1	0	1	3	1	1	1	4	1	3	0	2	1	2	1	2	3	3	2	1	1	1	4	1	0	0	0	2	1	4	1	0	2	2	0	1	2	1	1	5	1	1	2	1	1	2	2	4	1	2	3	1	3	1	2	2	0	0	2	0	2	1	4	3	0	1	5	1	3	0	1	0	1	2	1	1	1	1	1	0	4	3	0	3	0	0	1	0	0	0	10	2	2	2	1	1	1	2	0	1	0	2	0	0	3	1	2	1	1	2	1
1:Ins:C:5	4	4	6	7	2	12	4	4	4	6	3	6	7	2	11	13	7	6	14	5	4	15	20	3	6	6	7	7	2	6	2	5	8	5	7	6	6	21	5	2	6	17	23	10	3	16	6	12	27	11	13	6	11	9	16	2	11	11	7	5	8	5	3	5	3	12	5	2	5	8	6	2	8	16	4	13	1	5	1	2	7	5	7	22	411	6	5	1	4	3	3	11	8	12	7	8	8	6	6	2	5	7	6	4	1	17	10	2	6	10	24	0	4	8	9	114	8	16	9	8	2502	16	12	25	4	1	12	10	4	9	9	1	2	31	7	10	8	2	1	5	6	1	10	13	3	7	1	6	5	14	12	4	4	22	7	17	4	7	19	5	4	11	5	6	5	1	5	12	6	7	5	2	2	3	6	8	20	9	2	4	9	7	20	5	7	6	6	4	5	3	3	14	19	1	21	9	8	11	10	2	9	1049	5	8	17	4	538	13	2	13	0	6	7	2	7	9	9	5	12	0	6	9	16	3	8	1	3	11	2	4	12	8	6	9	4	1	7	17	5	13	4	5	5	11	5	4	6	5	17	4	6	6	6	6	154	5	4	5	9	5	7	9	7	9	17	9	3	3	1	11	5	12	14	6	9	12	3	16	20	9	6	10	9	3	5	6	26	10	27	8	4	11	15	4	3	7	2	8	18	5	3	1	12	5	17	3697	9	7	4	2	10	1	7	8	10	10	1257	7	5	3	8	21	11	2	17	2	13	5	4	6	4	4	3	23	6	4	5	5	12	5	6	8	21	7	19	7	12	8	10	7	6	2	17	4	18	1	1	16	8	9	6	6	6	25	4	1	6	32	7	3	8	7	7	17	31	11	15	5	10	4	10	2	11	13	7	4	26	9	14	6	3	8	11	10	44	2	13	5	4	5	8	11	5	11	9	6	7	13	8	2	3	13	6	11	19	14	3	15	14	8	3	14	9	4	12	9	21	6	9	16	10	6	11	5	23	24	7	1	1	2	8	18	7	20	80	5	6	5	12	10	11	9	3	8	7	2	13	3	31	0	3	1	4	2	9	8	8	9	7	5	14	4	9	6	3	4	9	5	5	7	9	3	7	8	4	9	6	4	2	8	6	8	3	3	13	2	7	11	10	21	2	3	1	7	10	8	15	13	8	12	1	1	3	17	15	5	5	12	6	3	3	3	5	383	6	6	10	9	4	10	7	6	10	7	2	10	6	13	7	1	0	6	3	0	13	0	8	7	7	4	5	14	4	14	4	27	1	5	2	19	8	6	5	3	3	9	56	7	11	12	6	7	10	6	11	9	6	1	8	4	441	6	1	1	20	19	3	22	18	10	11	2	5	0	15	15	13	14	3	3	9	592	5	4	11	8	5	6	3	4	3	14	3	2	7	9	15	2	8	12	8	8	15	13	5	1	7	12	4	3	2	13	2	17	7	12	5	8	4	4	6	4	3	3	8	4	21	3	5	17	14	5	2	7	8	72	5	7	20	4	5	9	6	13	5	4	4	5	6	4	19	7	11	14	5	18	5	5	8	8	5	15	18	14	8	4	7	7	10	11	4	5	12	4	21	3	10	6	4	10	9	5	2	6	1	9	7	3	7	20	11	12	4	7	11	3	1	5	19	7	3	5	2	3	19	1	5	7	9	2	0	7	3	6	5	3	6	17	4
1:Ins:T:0	4	5	6	12	1	8	1	5	3	17	0	4	8	3	4	6	14	7	5	6	9	26	17	3	5	4	4	2	2	1	2	2	3	2	10	11	14	2	5	2	11	10	7	6	9	16	3	6	19	9	12	6	9	5	6	2	7	9	8	6	3	4	3	2	2	13	13	1	1	7	5	16	3	22	4	7	4	3	12	6	1	4	7	45	68	7	4	4	1	5	13	5	33	18	6	15	7	3	9	8	6	5	4	12	12	10	8	7	7	16	52	5	4	7	18	20	9	37	3	7	110	23	13	11	5	2	9	14	4	12	8	4	9	33	9	10	6	9	4	7	6	3	12	11	7	12	7	4	5	14	15	0	3	9	6	9	5	7	11	5	1	9	2	5	5	1	8	10	4	6	4	4	5	5	5	7	25	6	4	6	4	4	5	21	4	5	3	4	5	18	4	30	20	5	12	5	4	14	23	7	6	211	7	8	5	9	102	11	10	8	4	14	4	9	13	9	4	4	5	2	3	6	24	1	7	3	1	7	5	6	19	8	3	5	8	3	5	27	16	38	1	4	8	6	8	6	13	14	11	17	4	6	3	5	70	7	7	5	6	1	29	8	9	7	9	13	4	7	6	4	4	9	7	3	9	6	9	10	4	7	3	27	6	2	13	4	10	12	21	8	3	13	10	5	4	2	5	18	14	26	11	3	18	4	5	183	20	2	6	3	7	3	10	2	14	5	250	12	7	9	19	15	4	4	5	6	8	4	5	6	3	7	3	19	6	3	8	11	6	15	10	10	4	8	21	5	2	8	3	37	6	6	7	4	14	5	5	7	5	3	5	10	4	14	1	13	14	9	1	1	3	7	9	11	11	4	7	3	7	10	4	3	7	11	6	4	12	8	7	13	4	6	14	9	11	4	9	6	17	5	8	7	8	7	10	6	9	17	13	3	8	4	6	12	6	5	4	4	9	14	13	3	6	2	16	9	12	15	5	8	4	9	4	6	11	15	10	3	9	5	8	14	4	7	19	8	27	1	12	4	5	6	7	5	3	1	6	8	15	2	4	11	8	9	4	2	4	10	11	10	23	13	6	11	9	8	3	15	7	5	10	10	30	2	5	5	2	5	5	6	10	7	7	7	7	4	0	14	7	22	2	9	6	5	6	2	12	2	7	4	2	4	5	7	4	6	6	13	4	6	2	3	3	75	9	3	7	5	2	7	8	7	6	16	4	25	1	16	5	3	4	6	4	6	2	6	6	4	4	7	6	6	2	11	5	13	9	5	3	11	10	7	1	4	1	8	14	3	10	7	7	5	4	5	12	15	1	8	7	2	84	2	3	1	11	10	5	9	9	16	2	5	11	0	7	5	9	3	8	2	10	105	3	4	8	1	5	5	4	3	4	14	5	12	9	2	8	4	7	13	10	8	13	4	4	3	5	5	7	5	3	18	3	4	6	7	16	12	2	4	5	4	5	18	1	5	10	14	16	11	6	17	5	7	8	30	10	2	4	0	4	9	7	6	8	2	15	10	3	3	9	1	7	2	1	7	6	4	7	3	8	6	9	12	5	2	9	4	8	3	6	8	9	9	12	4	6	2	22	12	4	9	6	7	7	8	2	3	0	21	7	13	0	4	4	5	1	2	16	1	1	10	8	4	7	3	1	0	9	6	5	7	12	6	3	6	8	9	7
1:Ins:T:1	4	12	6	7	4	15	2	10	7	20	7	10	3	9	9	12	7	14	9	6	12	20	17	11	4	1	5	7	9	5	8	10	12	3	17	7	26	14	6	7	11	9	5	17	14	14	10	7	12	11	18	10	11	7	19	4	7	6	15	9	4	2	3	6	4	6	10	6	4	11	9	9	4	8	4	12	3	5	5	2	11	6	10	16	34	7	9	3	3	8	7	7	16	9	12	14	5	6	5	9	6	6	6	19	11	13	13	11	13	24	21	4	4	6	20	8	11	18	7	7	62	22	17	6	9	9	8	14	12	22	12	1	11	10	4	15	9	8	7	9	6	9	15	17	9	25	15	4	7	17	4	6	15	11	2	8	10	11	18	5	1	17	7	7	15	4	10	14	9	13	12	8	3	7	13	13	17	4	2	5	9	10	7	4	4	12	12	16	11	10	7	81	26	3	19	7	6	11	24	8	5	99	5	6	8	13	43	10	7	13	2	25	10	4	11	9	4	8	12	2	4	15	22	4	12	8	4	14	4	7	16	18	4	8	9	9	12	19	13	17	4	3	7	16	5	11	7	10	14	18	9	10	9	7	33	6	4	15	13	10	17	26	13	10	24	6	3	12	6	17	14	7	14	10	7	12	7	5	5	6	7	48	16	10	23	17	12	5	19	9	5	13	12	16	11	8	10	21	7	15	9	5	9	15	8	72	28	7	6	9	10	2	8	11	10	5	113	27	10	9	16	22	8	8	19	5	17	12	8	12	3	4	10	12	14	9	15	17	4	5	12	22	8	8	21	12	17	7	14	68	10	4	13	10	25	1	7	16	6	11	13	9	9	16	7	7	9	29	4	7	7	3	10	7	20	15	9	5	9	10	15	6	8	7	13	8	18	14	14	9	4	9	24	5	23	6	15	4	17	6	4	16	16	17	3	6	8	11	7	3	10	11	6	17	5	11	5	11	19	15	13	9	17	7	14	10	13	18	13	17	11	5	7	12	21	14	12	9	8	10	11	13	9	8	19	12	17	10	17	18	11	6	6	14	9	0	3	6	10	3	4	6	5	10	11	12	13	8	9	18	11	16	7	16	11	10	8	9	16	9	4	10	24	9	20	8	9	9	6	11	11	10	3	6	10	7	3	17	7	21	8	12	7	8	4	8	10	14	10	6	6	6	4	15	10	6	10	16	4	7	6	7	5	23	3	22	19	7	4	4	7	6	9	13	5	13	4	8	10	7	5	11	6	7	8	14	14	3	9	15	7	4	15	15	5	12	7	12	1	12	8	10	8	7	11	8	15	8	8	8	5	21	6	7	9	19	7	11	10	13	32	4	4	7	8	17	5	15	13	13	5	12	22	1	11	18	8	9	13	6	21	48	6	1	21	10	3	11	5	20	13	10	11	5	12	7	25	3	10	11	7	10	16	7	11	6	11	11	7	9	3	12	5	6	6	7	15	10	2	5	10	14	6	14	9	12	9	9	21	12	14	13	14	8	13	28	19	9	4	4	9	21	12	12	17	10	12	10	7	4	8	6	15	8	5	8	8	7	10	8	5	9	13	3	11	4	11	10	11	8	19	11	9	9	3	8	15	10	17	13	6	10	2	6	10	12	11	12	11	15	5	14	6	11	6	3	4	4	22	9	8	13	9	13	11	8	4	7	11	10	3	11	16	6	11	5	6	9	11
1:Ins:T:2	4	6	4	2	1	9	10	4	2	15	4	10	6	3	5	2	4	6	8	7	3	13	7	6	3	3	2	2	6	1	2	8	5	3	12	7	13	6	3	3	7	5	6	6	4	3	4	4	7	12	7	5	7	4	8	1	4	3	17	3	6	3	3	7	1	5	7	1	3	3	5	9	8	10	1	0	7	4	4	3	3	3	9	6	129	0	6	2	6	9	3	1	10	10	5	7	4	2	6	7	6	3	1	8	1	1	3	8	6	4	13	2	2	2	15	42	8	16	6	2	118	9	7	3	5	1	9	4	8	8	10	7	7	9	2	9	3	15	7	5	8	6	10	9	6	7	7	2	3	9	8	4	0	14	2	10	6	6	14	2	2	19	3	5	6	1	3	6	4	4	9	4	4	7	2	12	8	3	2	3	1	3	11	15	2	6	6	3	4	7	4	87	16	3	10	1	2	14	15	3	6	972	3	1	1	1	77	8	5	13	3	5	7	3	3	5	2	4	6	4	4	8	11	4	11	3	2	10	1	4	7	3	6	2	3	4	5	10	11	12	6	5	6	13	9	13	6	7	4	8	5	7	5	7	27	4	1	1	9	7	9	12	8	6	12	2	1	15	6	4	5	2	10	8	2	11	3	13	4	2	4	57	5	2	8	9	6	4	18	5	6	8	7	7	6	1	2	8	3	15	3	1	5	1	4	139	14	5	1	5	1	1	9	3	6	3	993	11	11	7	6	9	11	1	8	1	0	2	14	3	4	6	6	14	6	2	8	10	6	7	4	11	4	5	7	4	6	1	2	72	6	5	15	4	15	1	4	14	3	3	3	15	4	14	2	1	13	16	4	5	7	2	7	7	17	9	4	3	6	4	0	3	3	11	6	0	9	11	6	3	3	8	9	1	22	4	10	4	10	5	3	7	6	12	6	7	3	6	6	6	7	4	2	7	7	10	3	5	9	5	6	3	8	3	13	7	11	6	9	10	11	4	6	2	17	7	2	5	4	4	6	7	2	6	12	9	8	9	10	4	6	3	3	6	5	0	3	4	7	2	5	5	6	3	4	2	5	6	6	9	10	6	4	8	6	1	4	3	7	9	1	6	11	0	6	1	3	4	5	5	7	7	5	4	7	11	1	14	4	17	3	5	2	3	2	5	8	4	5	4	3	5	2	13	6	4	8	10	3	4	2	1	2	79	5	4	12	4	2	2	4	3	12	9	2	8	5	6	3	6	0	2	4	3	2	7	9	9	6	3	1	4	4	5	6	7	8	3	5	9	4	6	4	7	8	5	15	8	7	9	2	7	3	6	5	28	1	8	8	7	57	1	2	2	10	9	4	10	8	6	2	3	8	0	8	11	15	5	13	3	8	225	5	1	12	6	3	3	3	8	3	4	1	4	7	3	15	2	4	5	5	5	8	3	5	4	1	2	4	7	2	4	6	6	2	4	8	4	2	1	5	8	0	7	7	2	13	6	11	4	16	12	7	5	4	19	0	6	6	5	3	8	8	3	6	4	5	5	3	2	8	6	6	11	1	7	4	7	6	5	6	4	4	2	4	3	3	8	7	8	15	8	13	3	4	8	13	5	4	6	6	6	4	5	10	6	2	0	4	15	6	17	6	8	6	3	2	2	14	2	6	2	5	9	9	3	2	5	10	11	2	4	21	2	6	5	7	12	2
1:Ins:T:3	3	2	4	6	1	4	5	4	4	7	1	3	3	1	3	5	4	11	4	2	4	8	8	5	4	6	3	1	2	2	1	6	4	3	8	6	8	11	2	2	5	6	3	5	6	6	1	7	7	7	9	7	11	0	7	3	4	5	9	3	2	1	1	1	0	3	2	1	2	4	5	6	3	6	4	2	1	3	1	1	0	4	6	4	85	3	5	3	2	3	0	0	4	1	3	9	7	2	2	4	7	2	3	2	7	7	2	6	1	6	11	2	2	0	10	22	7	4	4	4	96	9	3	3	5	2	11	4	3	10	7	3	9	1	1	7	3	13	0	2	8	2	11	5	6	6	8	1	2	12	5	0	0	16	5	6	7	5	16	1	0	6	2	2	6	1	1	9	6	3	9	5	1	2	5	9	4	4	2	3	2	5	12	16	0	2	1	2	5	6	6	50	7	2	12	4	3	9	8	5	1	552	1	3	3	4	79	6	5	11	3	5	11	2	4	3	5	2	2	2	2	7	9	3	5	1	4	7	3	4	8	6	2	1	5	2	10	13	3	8	1	6	7	15	5	3	5	7	4	5	5	4	6	3	30	4	4	3	5	2	6	9	7	4	9	2	1	9	2	3	8	5	5	4	3	5	2	5	5	5	2	38	6	2	3	4	6	3	16	5	5	6	7	2	4	3	6	9	5	9	3	1	7	1	3	106	8	5	2	3	3	4	5	4	6	2	577	6	7	2	8	12	0	1	8	3	5	3	6	7	1	6	5	7	6	6	2	8	6	1	4	5	5	7	9	4	3	1	4	22	4	3	10	4	17	2	1	9	3	3	1	7	0	12	1	3	15	13	1	2	4	4	6	9	5	5	6	2	5	9	6	7	9	5	4	5	16	8	6	8	2	8	8	6	13	7	9	3	8	1	2	8	7	7	2	5	8	6	6	4	3	3	2	6	7	5	3	3	14	8	3	3	6	3	6	7	8	1	5	7	5	3	2	5	10	7	11	2	3	0	2	7	1	7	10	11	3	5	4	5	5	2	3	3	5	1	8	6	11	2	1	2	2	7	2	3	4	4	6	3	7	2	6	10	4	1	6	6	7	7	4	2	15	4	1	4	5	1	6	4	5	8	5	5	4	3	0	15	1	12	7	4	4	2	5	4	9	4	4	3	0	3	3	12	4	2	9	3	1	4	7	4	4	49	2	4	15	3	6	2	9	1	5	10	3	8	2	9	5	3	2	10	3	6	5	1	8	4	5	5	2	2	2	0	3	10	3	1	5	4	1	1	4	8	2	5	16	2	3	8	2	7	2	4	6	16	3	4	3	1	54	2	2	6	5	14	3	8	7	5	1	3	3	1	4	8	4	1	6	8	4	144	3	1	12	3	4	1	4	6	5	4	2	7	6	4	7	4	4	5	5	6	5	4	6	5	4	1	7	4	4	6	4	4	7	4	13	5	4	1	4	6	4	6	5	6	5	4	6	6	8	12	5	4	3	24	6	4	3	3	3	11	3	3	3	3	7	5	3	3	6	0	16	6	4	3	1	2	4	3	3	5	5	7	2	3	10	6	7	4	11	6	6	2	10	5	10	4	5	4	4	6	3	8	6	4	2	1	4	8	4	6	3	5	2	3	0	0	9	2	1	4	0	5	9	3	2	8	7	4	5	9	5	3	6	3	2	9	0
1:Ins:T:4	2	1	1	6	0	3	1	5	2	5	2	2	5	2	3	1	3	3	2	4	1	10	11	2	3	7	3	2	2	0	1	1	0	1	8	5	11	7	3	1	5	9	3	5	9	8	1	5	12	6	10	4	8	3	8	2	2	4	18	2	3	1	4	4	2	3	8	0	2	5	4	2	3	7	2	11	0	7	2	0	1	1	4	3	70	4	2	4	2	4	3	1	9	3	2	5	1	0	4	8	9	4	5	10	3	4	4	1	2	9	9	1	0	4	11	32	8	4	9	4	310	12	3	6	2	5	12	10	5	7	4	2	1	3	4	6	4	5	1	0	3	6	5	8	3	6	1	2	1	17	0	1	2	11	4	4	7	4	7	2	1	13	3	1	7	1	4	8	2	5	9	1	2	3	3	7	5	5	1	1	0	4	22	4	1	4	3	2	2	1	5	24	10	2	10	7	1	2	1	4	4	462	0	4	7	1	91	5	2	8	1	4	6	0	4	4	2	1	6	1	1	8	6	0	1	1	0	3	2	7	9	1	3	0	0	1	0	7	0	8	5	2	6	8	3	3	4	7	7	3	2	1	3	6	43	5	3	1	5	1	4	7	3	4	10	1	3	4	1	3	1	4	3	4	5	5	2	1	1	2	5	12	3	2	3	3	15	2	9	1	2	4	2	3	2	3	0	3	11	6	4	3	7	4	3	286	12	2	3	3	4	1	3	2	3	1	487	8	5	7	6	10	2	1	9	1	4	1	3	3	0	8	7	12	5	0	0	9	4	6	3	9	4	9	8	3	4	3	6	6	0	3	8	3	16	1	1	6	1	3	4	8	2	9	3	1	12	10	5	2	1	8	5	9	8	1	2	4	9	5	16	2	3	4	2	5	6	5	1	1	3	0	11	8	15	6	4	2	9	7	1	3	3	7	1	2	4	1	3	7	2	2	3	7	11	10	3	9	8	7	8	2	8	8	11	8	14	2	4	5	2	5	4	6	9	7	8	2	2	2	0	7	2	7	25	3	3	1	8	7	6	1	3	5	3	1	5	3	14	0	0	1	2	1	2	2	4	4	3	6	1	5	4	7	2	2	3	3	2	3	8	6	5	7	2	7	1	1	3	1	0	4	1	1	6	0	0	17	2	10	1	4	0	3	2	3	13	7	6	7	1	0	1	4	15	5	2	8	1	5	8	1	0	89	4	3	7	4	5	5	6	4	6	6	3	16	2	4	3	2	1	5	4	3	7	1	10	5	2	0	0	9	3	4	2	8	6	1	1	10	1	4	2	0	4	6	14	1	3	8	2	7	2	4	5	7	2	7	6	1	102	0	4	3	11	7	2	4	15	4	1	4	10	0	2	8	8	6	8	0	6	173	3	0	4	1	1	1	3	2	6	4	1	4	4	2	9	1	8	8	6	4	5	3	3	1	4	5	1	3	2	4	1	3	2	1	6	7	1	5	3	7	2	5	3	2	8	3	7	13	3	1	2	1	4	56	6	3	3	4	5	7	7	4	3	6	4	9	2	2	5	1	8	8	4	2	5	3	4	3	12	1	5	8	1	0	4	2	6	9	7	4	6	3	8	0	6	4	6	6	6	4	3	2	0	5	2	2	1	5	5	9	2	3	2	2	1	0	9	2	5	2	2	1	9	4	4	3	4	0	0	6	5	1	3	1	3	4	1
1:Ins:T:5	100	100	126	137	55	151	80	197	62	119	32	183	112	85	110	147	97	149	108	100	104	146	503	104	77	71	70	55	94	36	26	65	73	61	155	147	70	300	30	102	128	236	223	131	115	318	63	169	350	216	272	135	189	192	372	21	120	77	574	84	93	79	99	120	39	141	137	49	51	177	101	57	82	197	92	214	97	114	53	55	77	47	83	82	3891	82	109	72	66	24	63	106	99	94	80	206	199	240	49	148	105	60	86	147	64	278	188	35	90	343	287	55	86	158	177	1004	193	109	228	87	9955	385	105	370	34	76	189	97	81	290	144	83	119	186	161	193	90	126	46	42	100	88	166	254	55	142	40	52	83	480	103	64	79	309	210	201	188	70	263	59	16	245	72	101	124	29	105	157	88	146	320	49	26	37	45	84	134	122	46	71	97	82	692	58	110	93	57	49	70	46	221	194	202	60	421	86	58	146	111	120	83	12443	87	73	229	119	4869	328	66	300	61	132	153	40	130	128	149	44	98	31	70	218	159	26	186	61	21	122	115	108	171	112	129	107	35	34	60	226	41	179	35	117	149	237	76	89	122	109	138	56	73	102	70	132	1805	93	71	85	132	59	112	159	145	104	91	76	62	61	110	169	64	189	185	77	147	175	105	140	175	81	117	118	144	75	155	114	263	163	314	59	92	232	158	177	50	107	26	172	319	89	64	37	145	109	289	10463	165	70	104	91	85	28	119	130	220	111	13822	103	189	86	81	375	85	68	249	87	224	93	238	97	41	122	77	239	106	75	43	132	181	84	132	179	226	131	243	76	105	103	114	91	73	72	127	33	220	48	68	218	82	114	163	74	53	374	91	71	151	431	89	103	88	107	135	186	393	130	138	50	117	54	307	93	134	118	66	176	409	94	185	99	72	95	356	124	931	151	113	66	193	105	105	54	69	166	113	160	138	120	176	133	68	156	101	229	372	164	37	245	234	179	104	133	233	61	500	234	217	76	90	107	35	144	160	120	202	257	202	95	58	67	155	420	77	204	1129	131	78	152	177	299	172	88	109	116	135	30	263	37	465	18	62	86	61	25	90	93	102	74	150	70	176	86	140	181	64	139	72	63	63	106	201	61	117	97	91	188	198	68	77	196	93	117	125	55	164	55	112	251	186	516	70	123	44	80	107	193	388	260	70	175	99	31	37	279	298	99	148	236	47	130	113	74	98	3930	159	173	168	136	75	88	123	129	178	56	43	243	80	171	76	74	36	57	140	69	204	51	284	111	155	123	43	136	46	252	66	594	77	89	20	258	135	56	67	69	80	108	1206	61	139	270	107	128	78	176	104	127	71	102	158	66	5207	57	35	41	299	206	69	175	313	289	153	90	155	11	215	193	157	253	161	77	127	8433	78	24	194	86	44	104	41	70	117	152	71	61	135	84	280	27	223	358	205	130	172	203	75	84	93	115	171	82	34	212	41	185	72	137	168	170	41	85	115	186	116	90	121	73	324	43	160	347	193	85	74	114	142	2092	196	156	349	87	77	279	158	311	168	128	74	138	76	60	231	119	293	290	74	180	110	84	90	83	293	190	403	361	199	85	350	194	224	174	132	181	266	39	366	94	285	96	147	179	175	82	47	109	92	184	125	36	94	291	207	182	44	181	131	37	28	24	232	123	94	99	90	64	195	41	43	53	131	63	31	125	118	36	158	46	88	271	49
2:Del:R:0	7	8	0	14	4	18	3	10	8	18	8	14	11	4	11	3	8	9	8	3	5	26	10	14	3	8	1	6	2	5	4	5	5	8	10	6	41	10	7	6	16	9	14	13	22	21	7	10	10	8	24	5	10	14	5	3	11	10	23	6	6	3	5	9	3	13	13	5	3	6	14	24	15	16	5	5	4	6	8	7	3	9	5	9	92	3	5	2	6	9	4	13	12	11	10	7	8	4	5	12	5	3	6	10	9	10	7	20	5	21	28	2	11	5	49	17	7	12	4	8	269	18	20	4	7	3	22	11	6	9	9	4	9	6	17	7	8	15	6	11	11	5	18	25	8	19	16	2	2	11	7	3	3	16	6	8	6	6	21	5	3	36	2	4	5	0	5	18	7	8	4	75	6	11	7	27	9	5	7	4	4	8	10	6	6	3	2	7	11	10	5	11	20	5	17	9	3	25	24	4	5	220	6	4	10	5	118	19	6	12	2	5	5	6	22	11	3	4	7	5	6	17	12	4	7	2	18	20	18	8	29	2	7	2	2	10	10	15	3	18	6	11	13	22	8	9	9	11	16	10	7	4	4	16	27	4	5	7	5	4	16	12	17	6	34	8	3	28	11	6	4	11	18	12	2	18	4	18	8	8	4	9	17	10	7	14	12	6	42	8	8	6	13	6	19	5	6	10	9	25	9	1	16	7	5	450	26	5	6	5	8	3	12	2	7	6	313	32	17	12	18	13	12	2	9	9	13	10	10	7	3	2	5	27	5	4	13	13	3	12	11	13	10	7	21	5	10	8	3	21	8	7	26	6	28	3	3	21	4	7	3	18	7	7	3	6	20	15	5	9	5	12	18	25	39	7	8	8	8	11	8	7	5	8	12	9	17	24	13	13	9	9	14	4	22	3	28	7	18	3	9	14	16	17	3	8	7	11	15	11	5	11	2	20	5	14	6	8	16	14	17	9	19	6	19	9	24	5	12	28	14	8	7	7	30	21	16	5	11	4	4	17	8	5	5	19	16	11	23	5	13	5	9	6	6	2	13	13	11	4	5	14	10	16	13	4	14	26	7	8	12	16	4	17	23	11	11	13	20	11	5	13	21	6	7	13	10	4	8	7	8	26	10	13	7	5	6	24	6	8	7	11	6	2	4	5	13	9	10	7	6	4	2	21	5	3	4	13	5	6	10	5	6	120	4	5	18	4	7	6	14	10	32	19	11	11	9	20	7	2	7	14	15	4	6	16	8	7	12	5	6	5	7	14	4	6	9	7	2	16	5	7	6	5	6	8	8	12	15	8	4	15	11	8	27	6	10	9	10	6	180	5	5	15	13	19	3	7	10	13	7	6	10	1	5	13	25	19	17	2	23	90	8	4	29	8	1	4	7	12	3	4	3	9	9	13	15	0	2	8	11	8	12	7	3	9	4	7	4	9	8	7	5	4	4	12	23	5	6	6	14	29	9	15	5	23	5	8	13	1	13	17	7	5	14	23	10	13	8	7	8	13	12	7	12	6	11	9	8	4	7	4	12	17	9	17	5	3	5	4	5	8	12	3	7	8	11	4	9	14	23	13	12	5	15	3	14	21	38	14	5	12	5	8	5	13	9	2	3	21	9	32	10	7	6	1	7	9	12	4	9	13	10	10	18	11	4	7	10	16	6	3	28	6	3	3	7	9	5
2:Del:R:1	6	10	13	17	5	21	9	14	6	22	3	16	8	6	15	7	10	11	8	7	6	24	19	15	7	9	5	6	5	4	6	3	17	7	12	15	47	7	8	8	18	17	10	15	10	36	7	13	14	12	23	18	10	16	24	3	14	18	22	11	6	4	10	8	5	13	16	6	0	5	17	15	14	17	9	8	6	3	7	10	5	11	14	8	133	8	7	3	2	12	8	10	28	12	13	10	11	2	4	20	12	10	6	12	13	9	11	22	5	36	20	12	10	10	40	26	11	7	12	2	335	26	15	9	14	4	18	20	7	8	15	4	12	9	14	12	16	18	3	14	11	0	13	21	17	20	31	1	7	38	14	1	12	49	7	15	23	10	19	12	2	36	7	5	5	1	10	8	7	14	7	85	7	10	16	37	7	3	10	2	6	6	22	7	14	16	8	14	9	6	4	16	17	3	30	9	2	24	32	5	6	222	8	11	11	11	149	20	8	24	7	11	12	8	16	13	11	8	6	2	3	30	14	12	10	8	131	18	16	9	23	16	8	4	15	15	14	28	11	18	1	15	17	22	9	18	10	9	10	18	18	8	10	18	34	8	5	16	18	17	13	28	22	12	19	10	4	25	12	10	2	12	14	19	8	15	11	18	9	14	10	15	19	4	15	10	10	2	41	9	9	28	18	11	12	3	17	12	19	19	13	2	22	3	12	409	30	12	8	8	7	9	13	7	7	8	254	58	10	9	19	10	13	3	22	10	21	8	34	11	3	5	4	40	16	10	8	19	10	11	20	34	23	15	24	6	11	6	8	20	7	10	28	12	28	3	9	27	13	9	4	12	8	14	5	12	13	14	4	3	9	17	25	21	37	12	6	7	14	11	11	11	3	18	13	8	21	21	10	19	13	6	32	8	17	0	31	7	19	13	10	11	15	27	5	7	9	21	18	7	16	11	8	19	12	10	6	9	29	16	11	8	22	11	32	30	33	10	17	27	11	13	9	14	34	24	16	4	8	7	9	26	9	11	22	17	11	9	25	11	9	10	7	16	13	3	11	13	26	3	7	8	12	8	9	11	18	18	7	12	16	24	4	18	15	12	12	15	16	7	4	10	27	12	6	13	13	7	8	9	11	26	10	12	22	13	5	18	5	17	13	10	7	13	10	11	15	25	16	7	3	7	4	23	8	7	8	22	17	9	10	11	3	101	14	11	25	8	6	9	16	8	22	23	17	16	7	23	10	5	8	13	10	3	7	14	17	7	14	14	14	10	4	15	6	9	8	7	2	22	7	15	6	11	2	9	14	12	16	19	4	24	12	3	32	13	7	22	18	4	222	8	7	17	15	16	10	10	9	9	7	7	18	2	5	25	23	15	20	11	25	284	9	1	31	10	4	10	14	20	8	10	9	5	21	9	13	3	9	8	14	15	20	4	8	14	14	10	9	10	5	9	0	20	12	14	10	10	1	1	13	24	11	23	8	9	8	12	14	10	16	16	4	5	10	22	19	20	5	7	10	15	9	11	13	5	22	15	4	5	15	9	25	15	12	24	13	11	10	5	10	15	15	5	9	12	22	4	35	13	33	18	7	17	10	8	39	9	20	13	14	21	14	16	8	21	22	3	5	24	10	27	10	10	5	2	4	5	18	6	6	12	9	26	18	12	3	12	14	13	5	12	21	3	14	4	6	24	7
2:Del:R:2	5	2	1	2	2	2	1	2	4	10	1	4	3	1	3	5	0	3	2	2	2	5	8	4	0	1	2	2	3	0	1	2	3	1	2	2	5	2	3	2	5	1	1	4	4	6	1	3	1	3	6	3	3	6	4	2	7	4	7	3	2	3	2	3	0	1	7	0	1	2	4	6	4	3	1	2	2	3	2	5	0	2	3	5	76	4	0	0	1	6	1	5	1	3	4	4	6	2	2	9	4	1	1	6	5	3	4	8	2	9	7	5	1	5	8	20	4	3	3	6	279	7	5	5	6	1	4	6	3	3	5	1	8	2	5	3	3	4	1	2	2	2	7	10	7	5	7	0	3	6	4	1	1	23	2	3	12	6	1	5	2	7	2	3	2	0	2	2	1	2	2	30	2	2	1	8	1	1	1	1	9	4	5	4	2	4	3	2	3	7	1	22	7	0	7	6	1	7	7	1	4	171	5	2	6	2	82	8	2	12	1	1	4	1	9	8	1	2	2	2	0	9	5	3	5	2	31	2	3	2	6	5	1	3	6	1	3	4	2	5	3	2	3	9	2	4	3	6	7	4	4	1	2	2	23	2	3	4	3	5	4	6	8	5	7	5	3	5	2	2	0	4	7	6	1	9	0	7	2	1	2	13	3	2	4	3	5	4	8	9	6	3	4	1	1	2	6	8	4	6	2	0	7	2	2	438	11	3	2	3	2	0	4	5	7	2	208	14	5	2	8	4	2	0	8	2	4	5	5	3	0	3	2	12	3	3	4	3	2	3	5	6	7	5	6	1	1	4	0	13	3	2	8	3	5	4	0	5	3	2	1	5	1	2	1	3	5	4	0	1	1	6	2	3	13	2	4	3	3	6	5	2	2	3	4	1	9	8	1	6	2	5	10	1	4	1	12	1	6	2	1	5	4	5	1	2	5	3	8	1	1	1	5	7	12	6	0	0	6	4	5	3	5	4	6	15	8	2	7	11	4	6	5	4	12	1	2	4	2	5	5	6	3	5	8	1	3	4	3	2	3	2	5	2	1	2	1	11	6	1	0	2	1	2	3	3	2	3	4	2	9	6	2	9	4	2	1	7	4	3	4	3	14	3	3	4	4	2	2	1	6	10	1	3	2	2	4	8	1	7	3	0	1	1	2	5	8	4	4	4	0	2	0	7	4	1	6	8	4	3	2	5	0	55	7	3	8	1	3	1	3	4	7	8	4	3	1	3	3	4	3	5	2	4	5	3	5	2	4	4	4	6	1	7	3	10	2	1	0	5	1	7	4	3	2	1	2	5	5	1	3	9	2	1	6	11	0	4	4	2	99	3	1	10	6	5	3	4	4	1	5	1	4	2	3	13	4	4	5	2	4	104	4	0	14	4	2	2	4	3	1	6	1	4	6	7	7	2	2	6	7	2	7	1	1	4	3	3	5	3	1	1	1	0	1	0	7	4	2	2	4	5	5	6	2	6	5	3	6	4	2	5	1	1	5	10	5	5	5	4	1	2	8	3	3	2	8	6	3	5	4	4	11	2	4	8	1	3	2	2	1	5	4	4	6	0	12	3	12	2	9	3	7	4	3	3	16	2	6	9	0	2	2	4	6	2	4	4	1	0	2	5	2	2	3	3	5	3	3	0	2	3	4	9	2	7	0	4	4	5	1	5	10	2	1	2	1	5	1
2:Del:R:3	0	3	1	3	0	3	1	2	0	2	0	4	1	1	1	0	5	2	0	2	0	4	4	2	0	2	2	0	2	1	1	0	4	1	4	3	6	4	0	0	4	3	3	0	2	0	3	2	6	0	2	0	1	1	0	4	3	0	4	3	1	0	3	1	1	2	3	0	2	1	2	3	1	3	1	1	1	0	0	1	2	2	5	3	187	0	2	1	0	2	0	0	8	2	1	2	2	1	0	2	2	0	1	1	0	5	1	4	0	4	4	0	0	0	6	53	0	2	1	1	1756	5	3	0	5	1	5	4	2	1	2	1	2	1	1	3	4	2	1	3	1	0	3	3	3	2	5	1	2	8	3	2	0	4	1	1	3	3	1	0	1	1	4	1	0	2	3	0	0	0	2	9	2	0	2	1	3	0	0	0	0	1	0	0	1	2	1	1	3	1	3	15	4	0	0	3	1	4	1	1	1	1031	0	1	3	3	264	7	1	2	0	2	3	1	3	0	1	1	3	2	1	5	3	1	1	0	11	0	2	3	3	0	1	1	0	0	1	3	2	6	1	4	2	3	3	1	1	0	5	1	3	3	3	1	23	0	1	3	2	2	5	4	2	1	4	1	2	4	1	3	3	1	2	3	2	6	0	6	0	4	0	4	1	3	1	0	1	1	3	3	3	3	0	2	1	0	2	5	5	2	2	0	5	1	0	2533	5	2	1	2	2	3	1	0	2	0	1229	3	4	1	5	4	3	4	3	1	1	0	3	3	1	0	0	5	2	1	1	5	1	2	3	6	5	1	4	2	2	2	2	2	1	1	4	0	13	1	1	7	1	1	0	1	0	4	0	2	2	3	3	2	0	0	4	3	6	3	2	2	1	1	2	1	0	2	2	2	1	1	3	1	1	1	1	2	3	0	3	0	6	2	1	4	0	0	2	1	0	1	4	1	0	1	1	2	2	4	2	3	3	4	1	0	1	0	6	5	5	2	3	2	2	4	1	2	2	0	3	1	0	4	3	2	1	0	19	3	1	1	2	4	1	0	1	4	0	0	0	3	4	1	0	3	3	2	1	2	2	3	2	1	3	2	1	6	3	3	4	0	1	7	2	1	3	1	0	1	2	0	2	2	1	2	2	1	4	2	2	2	1	7	2	2	4	3	0	1	5	4	4	3	1	2	1	0	3	1	2	5	1	1	0	2	0	191	0	0	0	0	0	3	4	1	1	5	2	5	1	3	0	1	2	3	1	0	2	1	0	1	1	1	1	0	0	3	1	2	0	1	0	2	2	2	0	1	3	0	2	1	5	0	1	0	1	0	3	8	2	6	3	1	270	2	0	4	4	3	0	4	2	0	2	4	1	0	0	3	3	3	3	0	1	341	1	0	2	4	3	1	1	2	0	5	2	3	1	1	4	0	1	1	0	1	4	2	2	1	2	3	1	3	1	1	3	1	1	2	6	1	0	2	1	0	3	1	1	0	2	2	3	0	2	3	2	4	3	2	2	4	3	5	0	5	0	2	1	0	4	4	2	1	4	2	1	1	3	1	2	0	3	1	3	2	5	2	1	2	1	0	5	1	4	2	0	3	2	1	4	2	4	0	1	0	0	2	2	2	3	1	1	2	3	3	1	5	1	0	0	0	0	2	0	2	1	1	1	2	2	2	4	0	1	0	3	0	0	3	2	2	2
2:Del:R:4	1	1	2	0	0	3	1	1	1	0	1	0	3	0	3	1	3	1	0	0	0	6	0	0	0	0	0	0	0	0	1	0	0	1	1	1	1	1	0	1	1	3	2	0	1	0	1	2	2	0	2	0	2	0	1	0	0	1	3	3	0	1	0	0	0	1	0	0	2	1	2	0	0	2	1	1	2	0	0	1	0	0	0	4	212	2	1	0	1	0	0	3	2	0	0	2	0	1	0	2	2	0	1	0	0	1	0	2	0	3	1	1	0	0	2	61	3	0	2	2	535	0	1	0	0	1	2	0	2	0	0	2	1	2	2	0	1	2	2	1	2	1	0	1	0	3	3	1	2	4	2	0	0	5	1	0	1	0	1	1	0	3	1	0	1	0	0	1	0	0	2	2	2	1	1	0	0	0	0	3	0	3	2	1	0	3	0	1	1	2	0	5	1	0	4	0	0	0	4	1	0	649	1	0	0	1	182	0	1	3	0	1	2	0	1	1	1	0	2	0	1	2	3	0	0	0	3	1	7	1	1	0	0	0	0	0	1	2	0	0	0	0	1	2	1	0	0	0	2	0	1	1	1	0	30	1	1	1	0	0	1	3	2	0	1	1	0	0	1	2	1	1	1	1	0	0	0	0	1	0	1	3	1	1	1	1	1	1	8	2	1	4	2	1	0	0	1	0	4	4	1	1	1	1	2	694	4	2	0	0	0	1	2	1	0	0	739	1	1	0	2	0	1	0	1	0	1	2	0	2	1	0	0	2	1	1	2	0	1	1	7	4	0	2	3	0	2	0	0	4	0	2	1	0	1	0	0	5	0	2	0	1	0	0	0	0	0	0	1	1	0	0	0	1	4	1	1	0	0	0	0	1	0	4	0	1	7	0	1	0	0	1	0	0	0	0	1	0	1	1	0	2	0	3	2	1	1	0	2	0	0	3	2	1	2	0	1	2	1	1	4	0	1	1	0	2	2	0	1	2	0	0	1	2	3	0	1	1	1	4	1	1	0	4	14	3	1	0	0	0	0	1	1	1	4	1	1	2	6	1	0	1	1	0	0	1	0	0	1	1	0	4	1	1	1	0	0	1	2	0	1	1	2	2	1	1	1	0	0	0	0	0	2	0	1	2	0	2	2	1	0	0	0	0	1	0	3	1	2	1	2	0	0	1	2	2	1	3	1	1	1	2	0	118	0	2	1	0	0	0	0	0	1	1	0	2	0	0	0	2	1	0	0	0	0	3	4	2	0	0	1	1	0	4	1	1	2	0	0	0	2	0	1	0	0	0	4	1	4	1	1	4	2	2	0	4	0	1	5	1	310	1	0	2	2	0	1	3	2	3	1	0	0	0	0	2	1	1	1	0	2	286	0	0	0	0	1	0	1	0	2	1	1	3	1	0	0	1	2	2	1	3	1	0	0	0	2	3	0	0	0	0	0	0	1	1	0	3	0	1	1	1	1	2	0	2	1	0	1	1	1	1	2	0	4	2	3	2	2	0	0	2	1	0	0	0	3	2	0	1	1	1	2	0	2	0	0	0	2	0	0	0	0	0	0	0	1	0	1	1	0	0	1	0	2	0	2	0	2	1	0	1	0	0	0	0	1	0	0	2	1	1	0	0	2	0	2	0	1	1	0	0	2	3	1	0	0	1	0	1	0	0	0	1	0	0	0	1	0
2:Del:R:5	2	0	2	2	2	2	0	2	1	2	0	2	1	1	1	0	1	5	1	1	0	9	4	0	2	0	1	0	3	0	0	2	2	2	1	2	4	2	1	1	2	1	2	2	1	4	2	0	2	3	0	5	3	6	3	1	1	1	2	3	1	1	0	0	0	4	4	0	2	2	1	3	1	4	0	4	3	3	3	2	1	4	3	1	822	3	2	2	0	2	1	3	2	0	3	3	0	4	2	2	0	2	0	7	0	0	2	0	3	9	1	2	0	1	6	198	5	2	3	2	1304	4	4	2	1	4	5	2	3	4	2	1	1	1	6	2	2	5	3	3	2	2	7	6	1	4	7	4	1	3	1	0	3	7	2	4	3	2	1	5	2	3	4	1	1	1	2	4	2	0	4	9	0	3	2	3	3	0	1	1	1	3	6	0	1	4	1	1	4	15	3	13	3	0	7	1	5	3	7	0	8	1500	11	6	3	5	649	5	0	7	0	3	2	2	3	0	0	2	4	1	0	3	3	0	3	2	11	3	6	2	1	1	1	0	1	0	3	2	0	3	2	1	4	4	0	1	0	2	8	7	1	3	0	3	68	2	3	0	3	3	1	2	2	3	5	0	1	9	2	1	3	2	3	1	5	6	3	7	7	1	5	3	4	1	4	1	4	3	15	6	3	3	0	2	0	0	4	3	1	8	1	0	2	1	3	1542	6	2	2	2	4	1	2	0	0	0	1765	11	3	2	4	3	3	1	0	1	1	1	3	0	3	0	0	6	2	0	0	1	0	5	2	4	9	1	11	2	2	1	3	1	0	2	10	8	4	3	2	3	2	3	5	1	8	1	1	1	0	2	0	2	0	1	4	4	12	1	3	2	0	0	0	1	1	7	1	0	12	1	3	2	1	4	8	1	4	3	6	3	5	1	3	5	3	4	3	1	2	4	5	5	1	1	2	5	7	4	1	3	1	1	3	0	2	3	2	12	11	1	10	0	1	2	1	4	4	1	2	3	2	2	1	1	4	3	65	0	4	1	0	2	3	2	1	3	1	0	0	3	16	1	3	6	4	10	0	2	6	2	4	1	4	3	5	4	0	0	1	5	2	0	3	2	1	0	1	1	1	3	4	2	3	3	3	1	8	1	3	1	0	1	6	3	3	3	0	1	3	5	7	4	3	3	2	3	1	3	5	8	1	3	2	0	5	322	4	4	1	1	1	2	1	1	4	5	3	2	3	3	0	2	1	2	2	5	1	0	5	3	3	1	1	4	3	4	4	0	1	5	6	3	1	2	2	3	1	2	2	2	3	4	6	5	7	3	6	1	0	3	2	1	1128	0	1	2	5	2	3	1	2	0	2	2	4	0	3	7	3	3	3	0	1	759	1	1	5	2	1	1	2	0	0	2	3	2	2	0	2	2	2	2	0	6	1	3	1	0	2	2	1	3	2	2	0	0	2	2	6	6	1	2	5	3	3	2	1	0	1	1	4	3	3	10	2	1	3	2	2	5	3	1	1	3	1	4	6	2	8	0	0	0	3	3	2	5	3	2	3	0	4	1	2	2	9	0	1	1	1	1	1	1	2	2	3	0	6	2	3	4	5	5	3	1	1	1	5	1	1	1	1	3	8	1	0	4	4	2	1	3	3	2	1	1	6	0	4	1	0	3	4	1	2	3	2	3	4	0	0	1	0
3:Del:R:0	2	6	3	8	2	9	3	5	1	16	1	3	7	1	1	3	6	2	3	2	0	20	5	9	1	5	3	2	2	0	2	0	7	7	12	1	33	2	6	5	9	5	5	4	11	5	1	6	4	4	14	3	11	3	4	1	10	3	10	5	3	4	0	4	2	0	1	1	1	3	8	11	4	4	1	2	2	0	3	4	2	4	5	10	19	1	2	1	1	1	2	3	9	3	4	5	0	2	1	3	3	0	6	7	6	4	2	14	1	3	18	0	4	4	33	5	2	0	2	3	94	20	10	3	2	3	5	13	3	2	5	3	4	3	5	5	6	15	2	6	5	4	6	14	7	4	6	2	2	11	5	2	1	5	2	4	8	4	7	1	2	19	4	2	5	0	8	12	2	4	1	2	3	6	2	25	2	0	1	2	2	4	2	4	1	2	3	4	7	4	1	6	15	1	10	1	3	17	15	2	2	61	1	5	2	5	36	6	0	6	1	4	3	4	12	11	3	3	5	0	2	7	4	1	6	3	5	24	3	4	16	10	0	3	1	9	5	6	0	16	2	5	4	15	2	12	2	5	24	1	1	4	5	15	13	7	1	6	3	2	9	8	6	2	13	4	3	17	3	3	2	2	11	3	3	3	2	11	2	5	2	4	15	5	8	2	3	3	21	5	5	7	8	0	9	5	6	6	2	21	3	2	11	2	0	136	11	8	2	6	5	3	3	2	2	3	103	18	9	5	11	10	6	0	2	4	3	0	8	0	0	1	4	19	3	7	4	10	6	4	2	8	6	5	18	2	5	3	4	3	6	6	8	3	21	1	2	8	5	3	0	8	1	3	2	1	10	5	1	1	0	4	3	5	21	5	1	7	6	7	0	3	0	7	6	0	9	14	5	10	1	3	11	6	15	1	13	2	12	2	5	5	15	18	3	6	6	8	2	3	1	4	4	13	4	5	4	7	8	9	12	3	5	2	10	7	17	5	1	12	11	3	2	1	5	6	5	4	4	2	3	10	1	7	7	6	11	6	16	5	5	1	2	5	4	3	4	5	4	1	2	7	3	2	3	6	12	15	0	7	7	15	3	5	12	2	5	9	16	2	1	4	7	1	0	3	5	1	4	2	0	13	5	13	2	2	4	6	2	11	6	8	4	0	4	3	4	5	4	2	0	15	2	16	3	1	6	2	2	0	4	5	1	39	5	1	8	2	0	5	7	3	9	10	6	5	2	1	5	2	2	6	2	1	2	10	2	3	3	2	1	2	2	3	1	3	5	3	1	6	2	2	6	1	3	10	0	5	10	3	1	4	0	0	12	6	2	6	3	6	62	2	2	5	5	12	4	8	7	3	4	0	12	2	1	3	8	3	9	3	17	24	4	0	21	1	3	1	3	11	3	2	2	3	4	7	2	2	4	8	4	4	7	3	2	3	1	1	1	3	1	5	1	4	2	7	12	2	2	1	4	22	3	9	0	13	4	4	13	1	12	12	7	1	3	10	0	3	4	1	1	13	9	1	5	3	14	8	2	0	3	3	8	10	2	5	2	1	3	2	0	3	3	1	2	2	3	2	9	13	20	10	14	5	4	0	5	5	17	13	4	8	1	4	3	12	2	3	5	18	6	5	5	6	0	5	0	4	4	2	1	7	3	11	15	5	2	1	6	11	6	3	33	3	1	1	1	7	3
3:Del:R:1	4	7	9	10	1	12	6	15	6	15	6	14	12	4	5	5	4	15	8	5	4	15	6	12	8	10	4	7	4	2	4	7	11	3	4	7	22	8	9	13	7	10	5	12	17	22	7	9	13	12	14	8	6	13	11	1	10	15	4	11	4	6	5	7	2	6	13	4	6	17	12	4	11	19	5	7	7	4	12	7	5	7	8	11	160	7	7	2	8	19	6	14	14	3	10	7	12	4	5	11	6	10	15	12	8	13	4	17	6	31	17	5	5	7	20	28	13	15	11	6	330	14	7	13	9	9	11	14	5	3	10	9	12	5	10	8	15	20	3	6	8	5	12	19	11	9	14	5	0	19	8	4	6	31	7	18	23	10	16	9	3	21	5	10	9	0	6	7	5	8	6	14	8	7	7	28	5	6	2	5	17	4	24	6	7	8	5	6	6	8	14	7	17	5	14	11	9	21	14	4	12	172	10	3	10	8	118	12	6	19	3	6	9	7	20	6	10	4	5	5	8	18	12	7	9	6	84	8	9	11	22	22	4	5	12	7	17	23	3	14	1	12	9	13	4	2	8	10	9	12	7	8	9	6	34	9	8	8	11	7	18	26	10	9	10	11	5	10	10	12	7	9	13	10	11	14	3	14	7	9	6	5	13	8	11	13	10	8	28	9	8	10	10	9	5	2	9	13	20	28	10	2	14	5	6	432	28	15	4	6	10	0	9	5	5	5	183	33	17	8	8	14	9	6	12	7	20	6	14	12	5	10	4	31	10	8	5	15	11	9	18	20	18	6	27	5	7	8	10	9	3	6	16	6	32	3	8	27	3	13	7	12	4	6	4	11	10	10	5	6	9	8	14	15	29	3	4	6	16	6	12	10	2	10	10	4	17	13	7	12	2	13	15	9	13	4	22	7	14	9	12	11	11	13	3	2	6	12	11	6	8	7	2	18	11	12	6	8	23	9	22	4	13	10	27	31	31	9	13	22	10	9	11	13	25	18	23	6	8	5	5	25	20	9	27	19	20	7	11	7	7	11	8	8	7	3	8	9	27	4	6	13	2	11	14	6	23	20	7	5	14	17	10	27	8	14	6	13	20	11	6	7	21	16	3	9	9	2	13	7	7	11	12	6	13	3	8	16	8	15	6	11	4	6	1	2	15	22	13	5	6	14	1	14	7	4	6	21	12	7	6	7	8	74	8	8	16	5	4	10	15	2	18	24	7	8	3	11	8	3	10	10	13	2	15	10	20	12	12	8	6	11	3	22	3	14	11	8	3	19	4	9	3	6	2	8	10	13	8	5	3	24	7	3	10	7	4	12	9	2	198	4	5	13	14	15	10	11	9	10	8	8	10	1	6	24	18	25	12	5	7	229	7	4	15	10	5	7	10	6	8	7	4	9	16	9	10	1	14	13	6	8	18	8	0	16	14	6	10	9	3	13	3	12	12	14	22	8	1	2	11	9	12	21	9	14	6	6	8	9	13	12	4	3	9	24	16	10	1	17	10	18	11	8	13	3	18	10	6	1	7	7	10	22	6	22	9	6	25	3	8	8	10	5	9	10	27	4	26	13	8	11	5	20	18	4	38	8	12	13	9	9	7	6	7	12	17	2	2	16	8	24	1	15	3	5	3	2	13	7	3	9	11	9	10	15	8	17	17	13	5	10	20	1	6	9	5	14	7
3:Del:R:2	2	1	4	1	0	4	0	7	1	1	1	6	2	2	2	0	2	2	2	4	1	2	2	1	3	1	1	1	2	0	1	1	0	1	2	3	11	2	1	0	4	6	3	2	2	6	1	1	9	4	2	3	3	2	4	0	5	3	4	0	2	1	1	1	0	4	3	1	1	1	3	4	2	2	1	4	1	0	1	1	0	3	0	0	54	1	1	1	0	4	1	12	3	4	2	2	1	1	1	1	4	3	2	2	1	3	3	3	0	6	2	0	0	0	4	10	5	2	1	0	126	3	1	1	6	1	7	3	0	3	4	0	0	0	3	1	5	0	2	3	2	0	5	1	4	2	6	1	2	2	1	0	2	8	2	1	4	5	3	5	0	6	1	1	4	1	4	2	2	2	3	1	0	3	3	5	4	0	1	2	0	1	3	2	3	1	3	0	0	0	2	2	1	1	7	0	0	4	4	0	1	87	3	2	4	1	40	5	1	7	2	0	3	4	2	3	1	1	1	2	2	4	4	0	2	4	23	5	2	2	2	3	4	0	5	2	5	4	2	1	0	5	1	5	2	3	2	2	1	1	2	3	6	0	11	1	3	4	2	0	3	6	2	3	1	4	0	4	0	1	5	3	2	3	3	2	1	4	1	3	1	3	2	1	3	3	1	2	5	1	3	2	2	6	3	2	0	1	7	2	5	1	1	0	0	188	4	3	2	3	3	2	0	1	2	3	98	10	1	0	3	3	5	0	2	3	6	2	2	2	2	1	4	9	4	3	1	1	1	0	4	5	11	4	5	1	0	4	5	0	2	1	1	2	3	0	2	10	1	2	4	1	0	3	3	2	3	2	2	2	1	3	3	7	8	1	2	0	3	3	4	1	2	3	1	2	5	2	1	2	1	1	5	1	2	0	5	0	1	1	2	1	2	6	1	0	1	3	6	1	3	2	2	1	3	5	1	3	4	3	2	4	6	3	10	7	9	0	3	5	0	2	2	3	5	1	8	1	4	1	1	14	5	2	6	5	5	2	2	3	2	3	5	2	3	0	4	4	5	0	0	1	4	3	2	3	4	2	5	3	2	6	4	4	2	3	0	1	1	3	2	3	2	1	4	5	2	1	5	3	0	4	5	6	2	3	1	0	1	2	2	1	5	2	1	2	8	4	3	3	3	2	0	2	1	1	1	9	3	0	3	2	4	41	2	1	4	1	3	2	2	1	6	3	2	2	2	2	1	0	1	1	0	0	6	1	2	4	2	1	2	3	0	6	3	3	2	2	1	4	1	3	0	0	1	3	3	6	1	3	0	6	1	2	1	1	0	2	3	1	45	0	0	4	4	2	3	2	1	0	2	1	3	1	5	2	4	4	0	1	3	73	7	1	2	3	2	1	2	0	5	1	1	1	7	2	2	1	1	2	1	2	5	1	1	0	4	3	4	2	2	2	0	0	2	3	2	1	0	0	2	3	1	6	1	0	1	1	1	1	3	2	1	4	4	2	1	4	1	3	4	5	1	1	2	2	1	1	3	1	3	2	5	3	2	5	0	3	4	0	1	3	6	6	1	4	3	1	6	4	3	3	1	8	5	0	13	0	5	1	3	2	1	3	1	3	2	3	1	5	2	5	2	5	3	0	2	2	4	1	2	0	0	3	6	4	2	3	2	2	0	2	3	2	0	0	3	4	2
3:Del:R:3	0	2	0	3	0	0	0	1	1	0	1	2	1	0	2	0	0	0	0	1	0	0	0	1	0	2	0	1	0	0	0	0	0	0	1	1	1	0	0	0	1	0	1	1	0	0	0	0	2	0	2	1	1	2	0	1	1	1	0	1	0	1	1	1	0	1	0	1	0	2	1	0	1	0	1	3	2	1	0	0	0	0	0	0	22	0	1	0	1	0	0	0	0	1	3	0	2	0	3	1	0	0	0	1	0	1	1	1	0	2	0	1	0	1	1	3	0	3	1	0	38	3	0	4	1	0	0	0	2	1	1	0	2	3	0	1	0	1	0	1	0	0	0	0	0	1	4	0	1	2	0	0	2	6	0	0	1	0	1	1	0	1	0	2	0	0	0	0	0	0	0	0	0	1	0	2	0	0	0	0	0	2	1	1	0	0	2	0	0	0	0	1	0	0	2	2	1	3	0	0	0	38	1	1	1	0	16	1	0	3	0	0	1	1	0	0	1	0	1	0	1	1	1	1	0	1	7	1	1	1	0	1	1	0	0	1	0	1	0	2	0	2	3	2	2	1	1	0	0	1	2	0	0	1	2	0	0	1	1	0	0	2	0	1	0	0	1	1	2	0	0	3	0	0	0	0	0	2	0	0	0	0	1	0	0	3	0	0	1	1	0	0	0	0	0	0	0	0	2	1	0	0	4	0	0	58	0	0	0	1	1	0	1	0	1	0	46	4	0	0	0	1	0	2	1	1	2	1	0	0	0	1	2	1	2	1	1	1	0	1	0	1	0	0	1	1	1	0	0	0	0	1	1	0	3	0	1	1	0	0	1	2	0	0	0	1	3	2	0	0	0	2	0	0	2	0	0	0	0	0	4	1	1	2	1	0	0	1	0	3	0	0	0	0	0	1	1	0	2	0	1	2	0	0	1	0	0	1	0	0	0	1	0	0	0	4	0	0	1	0	0	0	0	0	2	1	2	0	0	1	0	0	1	0	3	1	3	0	0	0	2	2	1	0	0	1	0	0	0	0	1	1	0	0	0	0	0	0	3	0	0	0	2	1	0	2	0	0	1	0	0	0	1	2	1	1	0	0	0	1	0	0	0	2	1	0	1	1	0	1	1	0	1	0	1	0	0	0	2	2	0	0	1	0	2	0	1	0	1	0	2	0	0	1	1	0	0	2	1	1	1	0	0	14	0	2	0	2	0	1	2	1	1	2	0	1	2	0	2	0	1	1	1	0	0	0	3	0	0	1	0	2	0	3	0	2	0	1	0	4	0	0	1	0	2	1	1	1	0	1	0	2	0	0	1	0	0	0	0	0	20	1	0	0	0	0	0	1	1	2	1	0	1	0	0	3	2	0	0	0	0	35	0	0	2	3	0	0	1	2	0	2	0	1	0	1	1	0	0	0	0	1	1	0	0	4	1	1	0	1	0	2	0	0	0	1	3	0	0	0	0	0	0	4	0	1	0	0	1	2	3	1	0	0	0	0	0	0	1	1	1	1	2	1	0	0	2	1	0	0	1	0	0	2	1	1	0	1	1	1	0	0	3	0	0	1	1	0	1	0	2	0	0	0	0	0	2	2	3	3	2	2	0	0	1	2	1	3	1	1	0	4	2	0	0	0	0	0	0	1	0	0	0	0	0	0	1	0	1	1	1	1	0	0	3	0	0	0	2
3:Del:R:4	1	1	0	0	0	0	0	0	0	0	0	1	0	0	0	0	0	0	0	1	1	0	0	1	0	0	0	0	0	0	0	0	0	0	1	0	0	0	0	0	1	0	2	0	0	2	0	0	0	0	1	0	0	0	0	0	0	2	1	0	0	0	0	0	0	0	1	0	0	1	1	0	0	0	1	0	0	0	0	0	0	1	0	0	22	1	1	0	0	1	0	2	1	0	1	0	1	0	0	0	0	0	0	0	0	1	0	0	1	0	1	0	0	1	2	2	0	0	1	1	31	0	0	0	0	0	0	0	0	1	0	0	0	1	0	0	0	0	0	0	1	0	0	0	0	1	0	0	1	2	0	1	0	4	0	1	0	0	1	0	0	2	0	1	0	0	0	1	1	0	0	0	0	1	1	2	1	0	0	1	0	1	1	0	1	0	0	0	2	1	1	1	0	0	1	0	0	1	1	0	0	31	0	0	1	0	15	0	0	1	1	1	0	0	0	1	1	0	0	0	0	0	0	0	1	2	1	0	1	0	0	0	0	0	1	0	0	1	0	1	0	1	0	1	1	1	1	0	0	1	0	0	0	1	2	0	0	1	0	0	0	0	0	0	0	0	0	0	0	0	1	1	0	1	0	0	1	2	1	0	1	0	1	0	2	0	0	0	2	1	0	0	0	1	0	0	0	0	1	0	1	0	0	0	0	50	0	1	0	1	1	0	0	1	0	0	40	3	0	0	0	0	0	0	1	0	0	0	0	1	0	0	0	2	0	0	1	1	0	0	1	0	1	0	3	0	1	1	1	0	0	0	1	0	0	0	0	1	0	0	0	0	1	0	0	0	0	1	0	0	1	0	0	0	1	0	0	0	0	0	0	0	0	1	1	0	0	0	1	0	0	1	0	0	1	1	0	0	1	0	0	1	2	1	0	0	1	1	1	0	2	1	0	0	0	0	2	0	1	0	0	0	1	0	2	0	2	1	0	0	0	1	1	0	1	0	0	0	0	2	2	1	0	1	0	1	1	1	0	0	0	0	0	0	0	0	0	0	1	0	0	0	1	0	0	0	1	0	1	0	0	1	0	0	0	0	0	0	0	0	0	2	0	1	0	1	0	0	0	0	0	0	0	0	0	1	0	0	0	0	1	0	0	0	0	1	0	0	2	0	0	0	0	0	0	0	0	0	0	1	1	0	0	9	0	1	1	2	0	0	0	0	1	0	0	1	0	0	0	0	0	0	0	0	0	0	1	0	0	0	1	1	1	0	1	0	0	1	0	0	0	1	0	0	0	0	0	1	2	0	1	0	1	0	0	1	0	0	0	0	17	0	0	0	0	0	0	2	0	0	0	0	0	0	0	1	1	1	0	0	0	18	0	0	0	0	0	0	0	2	0	0	0	0	1	0	0	0	0	0	0	1	1	0	0	0	0	1	0	0	0	0	0	0	0	1	1	0	0	0	0	0	0	1	1	0	0	0	1	0	0	0	0	0	0	0	0	1	0	0	0	1	0	0	1	1	0	1	0	0	1	0	2	0	0	1	0	0	0	1	0	2	0	0	0	0	0	0	0	0	0	0	0	0	2	0	1	0	1	0	0	0	1	0	0	0	1	0	0	0	1	1	0	1	0	0	0	0	0	0	1	0	0	0	1	1	1	0	0	1	0	1	0	0	0	0	0	0	0
3:Del:R:5	0	0	0	0	2	0	0	0	0	2	1	0	0	0	0	1	1	0	0	0	1	1	2	0	0	0	0	0	0	1	0	0	1	1	0	0	2	1	0	0	0	0	0	0	0	0	1	1	1	0	1	0	0	1	1	0	0	2	0	1	0	0	1	0	0	0	0	0	0	0	1	0	2	0	0	0	0	0	0	1	0	0	1	1	38	0	1	0	1	0	0	0	1	1	0	0	1	1	1	1	0	1	0	0	0	0	0	0	1	2	0	1	0	0	1	7	1	0	0	0	43	0	0	0	0	0	0	0	0	0	1	0	1	0	0	0	0	1	2	0	0	0	1	0	0	0	2	0	0	0	0	0	0	2	0	1	0	0	1	0	0	1	0	0	1	0	0	0	1	0	0	0	0	0	0	0	1	1	0	0	0	0	1	0	1	0	0	0	0	0	1	0	0	0	0	0	0	0	0	0	0	50	0	0	1	0	16	0	0	0	0	0	0	0	0	0	1	0	1	0	0	1	0	0	1	0	1	1	0	0	0	0	0	0	1	0	0	0	0	0	1	0	0	1	0	0	0	0	1	1	0	0	1	0	4	0	0	1	1	0	1	1	1	1	0	1	0	1	0	0	0	0	0	0	0	0	0	0	0	1	0	0	0	1	0	0	0	1	1	0	0	0	0	0	1	1	0	1	1	1	1	0	0	0	0	67	0	0	0	0	0	0	0	0	0	0	65	0	2	0	0	0	0	1	0	0	0	0	0	0	1	0	0	0	0	0	0	1	0	1	1	1	1	0	1	1	0	0	0	1	0	0	0	0	1	0	0	1	2	0	1	0	0	0	0	0	0	0	0	0	0	0	0	1	0	0	0	0	0	0	0	0	0	2	1	0	1	1	1	0	0	1	0	0	0	0	3	0	0	0	2	1	1	0	0	0	0	0	3	0	0	0	0	0	0	0	1	0	0	0	0	0	0	1	4	2	0	0	0	1	0	0	1	0	1	1	0	0	0	0	1	0	0	2	5	0	0	0	0	1	2	1	0	0	0	0	0	0	1	0	0	0	0	1	0	0	0	1	0	0	0	0	0	0	0	0	1	0	0	2	0	0	0	0	1	0	1	0	0	0	0	0	0	0	0	0	1	0	0	0	1	0	0	1	0	0	0	1	1	0	1	0	0	0	0	0	0	1	0	1	0	1	1	8	0	1	1	1	0	1	0	1	0	0	0	0	0	2	0	0	1	1	0	0	1	0	1	0	0	0	0	1	0	0	0	2	0	0	0	0	0	1	0	0	0	0	1	0	1	1	1	1	1	0	0	1	0	1	0	0	51	1	0	0	1	1	0	1	0	0	0	0	1	0	0	0	0	0	1	0	0	36	0	0	0	0	0	0	0	0	0	1	0	0	0	1	0	0	0	0	0	0	0	0	0	0	0	0	0	0	0	3	0	1	0	0	0	0	0	0	0	0	1	0	0	0	1	1	0	0	0	0	0	0	0	2	2	0	2	1	1	1	0	0	0	0	0	1	0	0	0	0	0	0	0	1	1	1	0	0	1	0	0	0	0	0	1	0	0	0	0	2	0	0	1	0	2	0	0	0	0	0	0	0	0	0	0	0	0	0	1	1	0	0	0	0	0	1	0	0	0	0	0	0	1	0	0	1	2	1	0	0	0	0	1	0	0	1	0
4:Del:R:0	5	0	0	8	0	8	4	5	1	9	4	3	1	2	2	1	3	1	4	3	2	15	3	4	2	1	0	1	2	1	0	0	4	2	10	5	27	6	7	3	5	3	4	5	8	8	3	5	4	1	9	6	7	3	9	2	7	2	10	3	0	1	2	4	1	3	3	0	2	2	2	7	4	2	1	1	1	2	5	3	1	2	3	8	6	3	4	0	3	2	2	4	6	4	4	5	1	1	2	4	3	5	2	10	5	2	2	3	1	4	11	3	2	0	34	3	3	1	2	3	28	9	11	4	2	1	7	10	2	5	2	2	1	2	9	12	2	13	1	6	5	1	6	9	4	2	3	2	2	3	6	2	2	8	1	0	3	6	8	2	0	18	4	1	1	0	2	18	2	3	4	3	2	4	2	23	2	3	4	1	1	2	2	3	6	1	0	2	7	3	2	2	12	2	7	1	3	9	10	4	3	21	1	7	0	5	14	4	3	1	2	1	3	7	6	5	1	2	1	1	2	4	4	3	8	1	4	9	2	3	21	10	0	0	8	2	5	4	2	15	2	2	7	14	8	9	3	9	10	1	1	5	6	7	9	2	3	4	2	2	6	5	17	2	8	4	4	14	7	4	3	3	15	5	2	8	3	7	4	2	0	1	5	5	1	1	7	3	20	4	1	6	14	2	6	2	5	8	4	13	5	2	9	1	0	55	14	5	1	8	2	0	5	0	1	4	39	19	9	6	7	7	7	1	6	2	2	2	6	1	1	2	2	12	4	3	3	6	3	4	2	7	3	3	7	2	4	1	2	2	4	7	16	1	18	2	3	14	6	3	0	12	3	3	0	1	4	12	1	0	2	5	10	7	29	11	3	4	7	5	1	2	2	9	10	2	6	10	10	6	3	3	9	0	9	2	12	3	16	0	1	4	11	11	4	3	2	7	9	5	2	5	4	11	3	4	1	2	4	14	7	3	7	0	9	5	12	5	7	11	8	1	0	2	5	8	9	0	11	3	0	2	1	3	3	4	11	9	8	4	3	3	3	4	2	0	3	12	2	1	2	8	2	2	3	4	10	11	5	3	15	8	1	6	10	3	3	5	8	3	0	5	8	2	2	1	4	0	5	3	2	12	2	6	11	2	0	13	2	5	3	7	3	2	1	1	4	5	2	4	1	8	1	12	3	0	4	3	0	2	1	3	2	9	2	3	13	3	4	1	9	2	9	12	7	3	4	5	2	2	2	7	0	1	0	8	6	3	2	1	1	2	2	6	0	3	5	3	0	5	3	4	1	1	2	8	1	6	6	2	2	5	2	3	15	2	3	7	2	3	21	6	3	6	5	11	1	1	2	5	2	0	9	1	0	2	11	4	5	0	16	15	5	1	22	2	1	4	3	9	2	3	2	3	4	8	5	0	3	7	4	3	7	2	2	2	4	1	3	6	2	5	1	0	3	4	7	2	0	2	0	15	5	9	1	13	2	3	12	1	12	13	3	1	2	8	0	5	3	3	2	13	4	5	2	6	12	8	1	1	2	2	2	6	5	6	1	2	4	0	2	1	1	6	1	3	2	6	3	10	13	6	7	1	1	0	5	4	9	7	1	10	1	0	2	2	5	2	2	10	5	5	3	3	2	0	4	1	2	1	3	7	2	9	10	4	2	1	8	9	2	5	22	1	2	4	2	6	0
4:Del:R:1	1	8	8	20	9	6	1	21	8	9	8	20	6	4	8	6	12	5	7	5	4	15	12	9	9	3	1	5	5	2	2	3	14	8	6	4	14	7	5	7	15	10	9	10	13	14	4	5	8	13	12	6	3	15	8	3	8	14	12	11	6	2	2	3	0	9	13	3	2	7	16	9	6	14	3	11	6	5	4	8	0	10	6	7	83	6	9	3	7	17	5	21	12	1	11	5	7	4	4	13	6	7	4	10	11	12	3	17	6	20	15	6	7	2	10	16	13	5	5	4	166	10	12	11	2	5	17	15	2	8	10	6	14	5	8	5	23	10	4	3	8	8	15	10	11	10	21	1	4	22	1	5	4	36	7	12	11	8	10	4	0	12	8	5	8	2	3	3	3	3	5	15	3	3	5	16	7	4	9	3	9	15	14	1	8	7	7	6	6	12	9	8	10	0	16	9	7	10	12	6	8	117	6	1	8	8	67	18	5	16	2	5	12	8	20	4	5	5	4	1	4	26	15	5	7	10	43	5	9	10	20	17	5	0	8	3	5	28	4	10	3	5	4	13	8	6	13	8	10	13	4	4	9	6	25	10	4	9	9	4	11	27	8	8	11	9	4	9	5	9	5	11	7	18	7	7	6	22	5	13	3	6	8	3	9	4	8	9	18	7	9	9	9	10	3	1	12	16	10	28	7	2	23	7	4	201	25	11	3	2	10	3	12	6	4	7	136	46	9	6	7	1	13	1	16	4	14	10	15	7	4	4	2	22	4	8	2	9	5	4	12	19	20	7	28	4	2	8	3	7	3	3	10	4	14	3	9	15	3	2	4	4	5	9	6	13	10	17	5	9	8	6	7	11	24	6	6	3	8	5	10	9	3	6	4	6	14	5	2	17	2	10	15	4	6	5	11	3	9	11	5	9	8	12	7	6	8	21	24	5	6	11	6	11	10	11	5	4	25	13	15	5	12	6	21	17	20	4	20	11	2	6	3	13	16	9	41	5	9	3	7	17	3	3	21	23	13	7	7	7	6	8	9	8	2	1	2	5	14	1	4	5	7	5	11	6	13	5	6	4	18	5	6	19	10	7	8	6	2	5	1	3	9	3	9	9	6	2	6	3	6	20	7	6	9	4	6	7	4	9	5	10	6	9	1	6	8	19	11	6	1	4	0	13	3	1	8	30	11	5	6	5	4	48	8	8	20	4	4	13	10	7	13	26	11	7	3	2	6	6	5	6	9	1	8	5	10	11	16	4	17	10	5	18	4	11	7	6	4	6	3	11	6	6	3	8	8	8	10	4	1	22	8	2	7	2	2	9	11	2	82	4	1	16	14	9	8	11	6	6	3	5	8	0	5	14	11	21	6	4	15	94	6	5	12	8	6	3	10	7	8	6	8	4	13	6	10	5	3	6	3	4	16	12	4	8	7	4	4	9	4	9	4	6	6	7	13	6	3	10	13	8	7	14	5	14	4	8	8	5	15	16	3	4	6	11	11	6	9	6	7	19	4	5	15	1	15	10	6	4	10	14	16	18	5	17	9	3	4	2	6	6	11	2	10	10	16	1	14	2	9	11	10	18	9	2	29	8	19	4	1	10	4	5	5	10	23	3	2	14	8	19	1	11	7	3	0	2	12	5	4	5	6	11	7	2	3	8	12	7	2	4	11	6	2	6	12	16	7
4:Del:R:2	1	0	3	5	0	1	1	2	2	2	1	11	3	2	7	1	0	4	2	1	2	2	2	3	1	5	3	0	4	2	1	0	4	2	3	1	2	4	0	3	9	2	1	0	4	4	1	0	0	1	1	1	2	8	0	0	2	2	2	2	1	0	2	0	1	6	1	0	1	0	5	4	6	3	2	4	2	1	3	4	3	0	0	2	29	6	0	1	0	7	1	14	4	4	2	2	2	1	0	5	1	0	2	4	3	2	4	4	1	2	2	3	0	3	2	7	3	3	4	1	55	2	4	1	0	3	7	3	1	2	2	1	5	2	3	3	4	1	1	0	2	1	3	1	4	3	3	1	6	5	2	2	1	13	1	2	4	1	3	3	2	8	2	3	1	2	2	3	3	4	1	2	1	4	1	5	1	2	3	1	2	5	3	1	5	5	3	0	3	0	6	0	3	0	4	2	2	4	4	2	1	86	6	3	3	3	34	11	3	5	2	1	5	2	8	1	3	4	1	0	3	6	4	1	2	0	6	3	1	3	2	5	1	2	3	0	2	5	1	1	1	3	3	1	2	2	3	1	3	5	1	3	0	1	6	2	1	4	1	3	1	9	1	2	1	3	1	0	1	3	1	3	4	2	0	4	0	1	0	2	1	3	2	0	4	4	4	0	5	2	4	1	7	3	3	1	5	4	3	5	0	0	7	1	0	90	3	2	0	2	4	0	1	0	3	2	114	14	2	2	2	1	6	2	4	1	5	2	6	2	2	1	2	6	5	0	2	1	2	1	4	7	9	3	9	0	1	5	2	1	4	2	3	2	5	0	4	5	1	0	2	3	1	5	0	2	3	4	1	2	6	1	2	3	3	2	2	2	1	3	8	3	0	5	2	0	3	1	1	3	1	2	3	0	1	6	6	3	2	5	1	3	4	3	1	1	3	3	2	1	3	2	4	2	2	3	3	4	5	0	4	1	5	4	5	5	5	3	3	5	3	2	0	1	7	4	9	2	0	1	2	1	3	5	2	5	3	1	4	2	4	3	1	7	0	0	4	1	4	0	4	0	2	1	3	1	4	1	0	0	5	0	0	10	2	2	0	0	2	4	1	3	4	2	5	2	2	1	2	1	3	3	3	2	4	2	1	1	3	5	0	1	2	1	2	4	2	4	3	1	2	1	2	1	2	2	5	15	2	0	5	3	1	26	4	2	4	1	0	4	2	1	8	8	4	6	0	0	4	3	1	5	2	0	4	1	1	6	6	3	3	3	3	3	1	5	3	1	1	6	3	1	0	3	2	1	4	3	0	2	0	8	5	1	2	2	0	6	5	3	48	2	2	3	1	0	2	10	2	3	0	1	6	0	2	5	2	3	1	2	4	38	0	2	7	2	2	3	3	1	0	2	2	2	3	1	7	1	1	1	1	2	5	3	1	5	1	2	3	1	2	3	2	3	1	5	7	3	0	0	3	3	0	5	3	6	0	1	3	3	7	5	2	2	4	4	0	5	2	4	4	4	1	3	5	0	2	6	2	0	2	4	2	5	1	7	2	0	0	2	0	0	6	0	3	4	2	1	5	5	2	3	2	7	8	3	10	2	10	0	3	3	2	3	3	0	6	2	1	2	2	0	2	3	2	0	0	0	2	0	2	3	0	4	3	3	0	2	3	0	0	0	2	1	0	2	3	3	2
4:Del:R:3	0	0	2	0	1	0	0	3	0	1	0	4	0	1	1	1	0	3	0	1	1	4	0	0	2	2	0	0	0	0	0	0	3	0	1	1	3	3	1	0	2	2	1	2	2	0	0	0	3	1	0	1	1	1	2	2	0	1	1	4	0	0	0	0	0	3	3	1	0	1	1	1	2	1	1	2	3	0	1	1	1	0	1	1	42	1	0	0	0	1	2	6	3	0	3	0	1	0	1	2	1	1	1	5	1	0	1	1	0	5	3	2	2	0	3	6	4	2	3	1	66	1	5	0	1	0	1	3	1	1	2	0	2	1	2	3	0	2	3	0	2	2	1	3	1	6	3	0	1	6	0	0	2	6	0	2	2	2	2	2	0	0	0	0	2	0	0	0	3	1	0	4	0	3	1	2	0	0	0	0	2	1	4	0	2	4	0	1	1	1	0	2	2	0	5	1	3	2	1	2	1	96	2	1	2	1	30	3	3	7	1	1	1	1	3	0	2	2	2	0	0	3	2	1	0	3	6	1	0	0	1	2	1	0	0	0	2	8	1	1	1	0	1	2	1	0	1	0	1	4	0	1	0	1	10	0	1	1	1	0	3	5	1	0	1	1	1	1	0	2	0	2	2	1	1	2	1	3	1	0	0	0	2	1	2	2	2	0	5	2	2	0	1	0	1	1	0	2	7	2	1	0	0	0	2	96	2	1	1	3	1	0	0	0	0	1	127	8	1	1	0	1	0	1	6	0	3	0	0	0	0	0	2	0	1	0	1	0	1	0	6	3	2	0	4	1	1	2	1	2	1	2	2	2	3	1	0	2	0	0	2	0	0	1	1	1	0	2	0	0	1	0	0	3	5	0	0	0	2	0	1	0	1	3	0	2	3	2	2	0	0	3	5	0	1	2	2	1	1	0	0	2	3	2	0	1	1	2	3	0	1	1	1	2	2	3	0	1	7	1	1	0	1	0	6	1	2	3	3	1	1	7	4	2	1	2	6	1	1	2	4	1	3	1	2	3	0	1	2	2	2	1	2	1	2	0	0	0	1	1	1	0	2	2	2	2	3	2	2	1	2	1	2	2	0	0	0	0	0	1	0	3	2	1	1	2	3	0	4	0	1	1	0	0	1	0	0	0	1	2	0	1	0	0	3	2	0	1	3	3	0	3	0	0	2	1	2	4	0	4	0	3	2	13	0	3	3	1	0	0	1	0	3	1	0	0	0	1	0	0	1	0	2	3	3	1	2	1	2	1	1	2	0	1	0	2	0	1	1	3	0	2	0	0	0	1	2	0	2	4	1	1	1	1	2	0	0	3	2	1	58	0	1	2	2	1	1	1	3	2	0	1	4	0	0	0	1	1	0	0	3	41	0	0	2	1	1	0	1	2	1	1	1	1	1	2	1	0	2	1	1	3	2	0	1	2	0	1	1	5	1	4	0	0	0	1	2	0	1	0	0	5	2	2	0	1	1	4	1	1	5	1	0	0	1	2	1	2	1	1	1	0	0	1	2	1	2	2	2	1	1	0	4	3	1	1	1	3	0	0	0	0	4	1	2	1	1	0	2	2	0	1	0	4	1	2	3	2	0	0	0	1	2	1	0	0	4	1	2	1	2	3	0	4	0	0	2	0	1	1	2	3	1	2	1	4	0	1	2	1	2	2	3	3	1	3	0	0	4
4:Del:R:4	0	0	0	0	2	2	0	1	1	0	0	2	0	0	0	0	1	0	0	0	0	0	1	0	0	1	0	1	0	0	0	0	0	1	0	0	1	1	0	1	1	1	0	0	0	0	0	0	1	0	0	0	2	1	1	0	0	0	0	0	0	1	0	0	0	0	2	0	0	1	1	0	1	0	0	0	0	0	0	1	0	0	0	0	17	0	0	1	0	0	0	0	0	0	0	1	0	0	0	1	0	0	3	1	0	0	2	0	0	2	0	1	0	1	0	1	0	0	0	0	26	0	0	2	0	1	0	1	0	0	1	0	0	0	0	0	0	1	1	0	0	0	1	0	1	0	0	0	0	1	0	1	1	5	2	1	1	0	0	0	0	0	1	0	0	0	1	0	0	0	0	0	0	0	1	0	3	0	1	0	0	0	0	0	0	2	0	0	2	2	0	1	0	2	1	0	0	0	0	0	1	25	0	0	0	0	9	0	0	0	0	0	0	0	0	1	1	1	1	1	0	1	0	0	0	0	4	0	0	0	0	0	0	0	0	0	1	0	1	1	0	1	0	0	1	2	0	1	2	1	1	0	0	1	2	1	0	0	0	0	0	4	1	0	0	0	0	0	1	1	0	1	0	2	0	0	0	0	0	1	0	0	0	0	0	0	0	1	1	2	1	1	0	0	0	0	0	0	0	0	3	0	0	1	0	40	2	0	0	0	0	1	2	0	0	1	29	3	0	1	0	2	1	1	0	0	0	0	1	0	0	1	0	0	0	0	0	0	1	1	2	0	3	0	0	1	0	0	0	0	0	0	0	2	0	0	0	3	0	1	1	0	0	0	0	0	0	0	0	0	0	1	1	0	0	0	0	0	0	0	1	0	0	1	0	0	1	0	0	0	0	0	0	0	0	1	1	0	1	0	0	0	0	1	0	0	0	0	1	0	0	1	1	0	2	1	1	0	0	1	0	1	0	0	2	2	0	0	2	0	0	1	0	0	0	0	1	0	0	0	0	0	0	0	2	0	0	0	0	0	1	1	0	0	0	0	0	1	0	0	0	0	1	1	1	0	1	0	0	0	0	0	3	1	0	0	0	1	1	2	0	0	0	1	0	0	1	0	1	0	1	0	1	0	1	1	0	0	0	1	0	1	0	0	0	2	2	0	1	0	0	2	0	0	0	1	0	2	1	0	1	0	0	6	0	1	1	0	2	0	0	0	2	1	0	0	0	0	1	0	0	1	0	0	0	0	0	0	1	1	1	1	0	0	2	0	0	0	1	0	0	0	0	0	2	0	0	0	0	0	0	1	1	0	0	0	0	0	0	2	15	0	0	1	0	0	0	1	0	0	0	1	3	0	0	0	0	1	0	0	1	19	0	0	0	0	0	0	0	0	0	1	0	1	2	0	2	0	1	0	0	0	0	1	0	0	1	1	0	0	0	1	0	0	0	0	2	0	0	0	0	0	0	1	0	0	0	1	0	0	1	0	0	0	0	0	1	0	2	1	0	1	0	1	1	0	2	0	0	0	1	1	1	0	0	1	2	0	0	0	1	0	1	0	0	1	1	1	2	0	0	1	0	1	0	0	3	1	2	0	0	0	0	0	0	0	2	0	0	0	0	2	0	2	1	0	0	1	0	0	0	0	0	0	0	1	0	0	0	0	0	1	0	0	0	1	0	0	0
4:Del:R:5	0	0	0	0	0	0	0	0	1	1	0	0	0	0	1	0	0	0	0	0	0	1	1	0	2	1	0	0	0	0	0	0	0	0	0	0	2	0	0	0	0	1	0	0	0	0	1	0	0	0	1	0	0	1	0	0	0	2	1	0	0	0	0	0	0	0	0	0	0	0	0	0	1	0	0	0	0	2	0	0	0	0	0	0	19	0	0	0	0	0	0	0	0	0	0	0	0	0	1	0	2	0	0	0	0	0	1	0	0	0	0	0	0	1	1	5	0	0	0	0	40	0	0	0	0	0	0	0	0	0	0	1	0	0	0	0	0	1	0	0	0	0	0	0	0	0	0	0	1	2	0	0	0	3	1	0	0	0	0	0	0	0	0	0	0	0	0	0	0	0	0	0	0	0	0	0	1	0	0	0	1	1	1	0	1	0	0	1	1	0	1	0	0	0	0	0	0	0	0	0	0	46	0	0	0	0	27	0	1	0	0	0	0	0	1	1	1	0	1	0	1	0	0	0	0	0	4	0	0	3	1	0	2	0	1	0	1	1	0	1	0	0	0	0	0	0	0	1	0	0	0	0	0	1	6	0	0	0	0	1	0	1	0	0	0	0	0	0	1	0	0	0	0	0	0	2	0	1	0	0	0	0	0	0	0	0	0	1	2	1	0	0	0	3	1	1	0	0	1	1	0	0	0	0	0	52	0	0	0	0	0	0	1	0	0	0	57	0	1	0	0	1	0	0	0	0	0	0	0	0	0	0	0	0	1	0	0	1	0	0	0	1	1	2	0	0	0	0	0	0	0	0	0	0	0	0	2	2	0	0	0	0	0	0	0	0	0	0	0	0	0	0	0	0	1	0	0	1	1	0	1	0	0	0	0	0	1	1	0	0	1	1	2	0	1	0	1	0	0	0	3	1	0	0	0	0	0	0	1	0	0	0	0	0	1	0	0	0	1	1	0	0	0	0	1	0	0	1	0	0	0	2	0	0	0	0	3	1	0	0	1	0	0	0	3	0	4	0	0	1	0	1	0	0	0	0	0	0	1	0	1	0	0	0	0	0	0	1	0	1	0	0	0	0	0	0	1	0	0	0	0	1	0	0	1	0	0	0	0	0	0	1	0	0	0	0	1	0	0	0	0	0	0	1	1	0	0	0	0	1	0	0	0	0	0	0	1	1	0	1	0	0	0	10	0	0	0	0	0	1	1	0	2	1	0	0	0	0	0	0	0	0	0	0	1	0	1	0	0	0	0	0	0	0	0	0	0	0	0	1	0	1	1	0	0	0	0	0	0	0	0	0	0	0	0	0	0	0	2	0	44	0	0	0	1	2	0	0	0	0	0	0	0	0	0	0	0	0	1	0	0	27	0	0	2	0	0	0	0	0	0	0	0	0	1	0	0	0	0	0	0	0	1	0	1	0	2	0	0	0	0	1	0	0	0	1	0	1	0	0	0	0	0	1	0	1	1	0	1	0	0	1	0	0	0	0	0	0	0	0	0	0	0	1	0	0	1	1	0	0	0	1	0	0	0	3	0	0	0	0	0	1	0	1	0	1	1	0	1	0	0	0	1	1	0	0	1	0	0	0	0	0	0	0	0	0	0	0	0	1	0	0	0	0	0	0	0	0	0	0	0	0	0	2	0	0	0	0	0	0	0	0	0	0	0	0	2	0	0
5:Del:R:0	21	15	9	143	8	76	24	25	12	96	13	29	29	29	19	18	70	23	33	14	18	190	22	45	11	45	9	17	7	28	10	7	43	19	110	30	131	44	27	17	116	26	23	37	90	61	22	45	32	34	111	14	47	13	70	5	55	38	44	18	10	16	15	12	3	54	16	21	8	18	24	141	16	12	6	5	10	35	97	4	15	15	20	32	39	10	12	8	10	12	8	39	17	16	23	37	7	5	99	18	34	21	11	169	59	44	19	50	48	71	84	30	18	8	295	5	10	14	27	22	79	67	80	9	30	32	86	113	15	12	37	22	27	8	118	55	17	57	6	46	24	14	18	83	26	34	31	6	11	26	25	16	30	37	15	16	46	10	32	12	6	107	16	25	20	9	19	92	12	8	12	15	26	25	11	123	21	15	4	25	8	27	32	20	35	10	11	16	73	65	21	21	65	20	53	22	13	54	62	18	15	40	6	23	15	63	100	44	76	58	27	16	35	29	64	111	7	38	35	9	15	31	19	22	15	13	69	96	43	29	133	74	29	17	41	35	54	32	7	134	28	20	26	103	25	68	31	52	68	14	45	18	19	58	63	32	15	33	41	9	113	39	129	45	89	25	20	69	48	15	34	44	85	39	15	211	11	47	15	22	22	52	71	27	24	18	58	9	161	24	20	138	52	16	47	30	86	31	15	207	18	15	162	10	8	85	172	23	2	22	24	8	60	15	39	7	62	150	47	56	121	46	52	16	48	15	41	31	83	8	13	14	21	175	31	17	80	98	24	81	13	58	17	42	117	16	18	21	20	20	63	17	57	14	148	22	9	52	20	18	23	114	11	28	32	19	59	99	15	15	36	43	46	40	144	66	37	27	30	137	44	25	19	16	53	13	52	85	75	135	19	35	61	53	77	15	104	35	156	20	35	38	78	58	23	133	85	80	37	20	30	19	34	81	31	31	12	24	49	127	147	29	44	14	67	39	153	9	30	133	71	35	35	49	160	79	53	20	102	21	41	34	21	33	25	42	151	35	63	27	48	12	23	44	29	32	22	37	39	17	14	58	20	30	65	38	45	94	14	39	149	96	51	46	108	10	37	198	75	41	48	54	52	31	29	54	42	18	30	29	30	222	48	166	34	12	23	146	20	49	32	99	35	37	33	11	23	22	25	12	16	36	14	64	13	10	9	28	13	12	4	9	10	87	28	16	74	9	15	8	98	27	58	127	77	29	16	36	21	10	22	56	13	8	15	54	14	10	23	25	11	21	15	32	7	26	44	19	5	27	15	9	30	20	13	86	22	37	40	50	27	27	30	48	100	27	29	61	39	41	69	32	27	120	30	119	22	40	68	59	43	19	169	15	10	32	62	20	80	17	63	31	11	6	82	19	30	10	14	91	4	27	19	59	38	14	21	7	9	30	38	9	31	4	30	10	15	30	23	27	7	30	3	24	10	33	122	28	7	7	15	102	13	60	12	61	10	30	109	11	50	154	11	16	20	36	18	23	19	16	7	95	66	16	20	10	169	66	6	7	24	12	36	42	11	38	15	27	22	7	11	25	16	17	19	19	16	9	51	52	123	92	50	62	99	37	33	54	243	231	29	76	9	22	19	49	21	52	13	103	40	85	11	28	17	54	18	12	74	18	11	57	32	112	70	22	14	19	15	43	44	14	194	9	8	9	14	36	9
5:Del:R:1	2	6	4	9	2	5	3	3	1	6	5	7	2	3	4	4	7	6	2	1	1	20	8	2	3	0	2	1	0	3	3	0	6	3	11	4	8	6	4	4	12	6	7	5	20	5	2	2	6	4	9	5	3	8	8	3	6	12	6	5	8	0	1	3	3	3	6	1	2	5	9	3	0	6	1	5	2	6	2	3	5	1	4	3	25	2	1	1	1	9	3	7	2	6	1	6	2	2	6	4	1	0	2	2	4	5	3	6	5	7	6	4	2	5	13	6	1	3	9	1	37	1	13	4	3	5	16	11	4	5	5	6	7	3	15	8	6	11	2	2	12	4	3	6	7	12	8	1	3	14	3	1	5	47	2	4	3	3	5	5	0	6	1	2	6	3	3	2	2	4	4	9	2	11	2	8	3	3	1	1	2	7	11	1	2	3	2	1	10	7	7	3	4	5	10	6	1	6	3	5	3	31	6	12	7	4	17	11	8	6	1	14	7	4	8	7	0	7	8	2	3	12	4	4	6	2	15	6	4	7	17	7	3	3	4	1	5	17	1	15	3	1	5	7	1	6	5	4	7	3	2	3	7	2	8	6	4	5	4	3	8	5	14	5	5	3	1	4	3	4	4	4	4	12	5	16	3	6	4	7	5	4	3	1	5	4	5	1	22	7	4	9	3	3	2	4	3	16	10	18	2	6	12	2	3	48	13	3	2	3	5	3	6	2	6	2	50	24	11	10	8	7	3	1	12	2	5	6	9	4	0	1	5	25	4	1	5	9	1	7	5	11	12	1	19	1	4	9	3	1	4	5	5	2	22	2	4	6	3	4	3	6	5	7	0	5	5	7	3	2	3	7	6	7	13	6	12	3	4	9	8	1	5	5	4	7	29	7	3	10	2	7	15	10	7	4	11	3	17	5	1	2	1	6	2	8	12	13	6	4	2	2	4	6	5	11	6	4	20	11	22	3	6	3	14	5	21	5	9	10	3	2	3	2	8	5	10	1	8	4	5	12	2	3	5	14	6	4	2	7	6	5	7	5	7	0	2	6	7	0	3	7	7	3	3	4	6	3	3	4	4	19	4	8	5	2	2	13	3	5	1	7	9	6	6	3	4	2	5	5	2	6	4	4	13	1	3	9	3	27	4	8	3	2	2	3	4	10	6	0	2	2	0	10	1	0	3	8	4	4	6	7	1	12	5	3	11	5	5	2	11	3	10	26	15	6	1	3	2	2	5	10	5	2	5	2	6	3	15	2	5	7	1	6	2	9	4	4	2	14	2	1	3	3	2	3	5	4	5	6	1	9	7	3	3	2	3	5	6	6	29	3	2	10	10	15	2	8	1	4	2	3	6	4	3	5	2	4	5	1	3	28	4	2	14	7	6	0	1	3	4	9	3	1	15	3	9	4	1	5	1	3	8	2	2	3	1	2	4	1	1	13	0	4	3	3	19	6	7	3	7	7	8	9	2	3	2	6	9	10	18	13	2	6	8	15	4	3	1	2	8	14	13	4	3	4	14	11	4	1	6	3	4	11	3	12	1	2	7	4	9	8	5	4	5	2	6	0	5	2	6	7	7	7	16	4	16	6	17	15	6	10	3	5	2	7	8	4	2	6	4	6	2	3	2	1	1	1	6	4	1	2	7	11	12	8	8	7	7	4	3	3	15	1	1	2	1	9	6
5:Del:R:2	1	1	2	5	0	0	0	4	1	1	0	0	3	0	1	0	2	0	1	0	0	3	0	2	1	0	0	0	1	0	1	0	1	0	1	4	4	1	0	1	1	1	1	3	1	1	0	0	2	1	0	2	1	0	1	0	1	3	3	0	2	0	0	0	0	2	0	0	0	0	1	0	3	0	0	0	1	2	0	1	0	0	1	1	6	0	1	0	1	1	1	5	0	2	0	0	1	0	0	1	2	0	0	0	0	0	1	2	0	3	0	0	0	0	3	3	3	1	0	1	27	0	0	1	0	0	3	2	0	0	0	0	2	0	4	2	1	0	0	2	0	0	0	0	0	3	1	1	1	0	0	0	0	11	0	3	1	1	1	5	1	2	0	1	0	0	0	1	0	2	1	3	0	2	2	1	0	0	1	2	0	1	3	0	1	0	0	1	1	0	1	1	0	0	3	0	1	3	1	0	1	27	1	2	2	3	6	2	1	1	0	0	3	1	0	1	0	2	0	0	1	3	2	0	0	2	3	2	0	1	1	2	1	0	1	0	0	2	1	2	0	1	2	0	0	1	1	0	1	1	1	1	1	0	2	0	0	3	1	0	3	1	2	0	0	1	0	0	0	1	1	1	1	1	0	2	1	2	0	3	0	0	0	2	0	1	1	2	6	4	1	2	0	1	0	0	1	5	2	3	0	0	2	2	2	28	2	1	0	0	0	1	0	1	1	0	40	9	2	0	0	1	2	0	4	1	6	1	3	1	0	0	1	2	1	0	1	1	2	1	0	0	0	1	5	1	0	2	2	0	2	0	1	0	0	2	2	1	0	0	2	1	0	1	0	1	1	2	1	0	0	0	2	1	2	0	3	1	0	1	4	1	1	1	0	0	13	0	1	1	0	0	2	1	3	0	2	0	3	5	1	1	0	1	1	1	0	0	0	2	2	2	2	1	0	2	1	1	0	3	3	0	0	0	2	0	5	3	2	2	0	0	0	0	4	0	3	0	0	0	0	2	1	2	0	2	3	0	1	2	1	0	0	0	1	0	0	0	1	0	0	0	0	1	0	0	2	2	1	2	2	3	0	4	0	2	1	3	0	0	1	1	0	2	0	0	0	0	2	0	0	0	0	0	0	1	0	1	0	7	1	0	2	0	2	0	1	1	2	0	0	2	0	0	1	2	0	6	0	1	2	0	1	4	0	2	2	0	1	0	0	0	2	2	3	3	0	1	1	0	1	1	0	0	3	1	2	0	1	0	0	1	0	2	1	3	1	0	1	3	0	0	0	0	0	0	2	0	3	0	0	1	1	0	1	0	0	0	0	0	21	0	1	0	3	0	0	1	1	3	0	1	0	1	1	4	0	0	0	0	1	14	0	1	2	1	0	0	0	0	0	4	2	0	3	1	0	0	3	2	1	0	2	0	0	3	0	1	0	1	0	2	0	0	0	1	1	0	0	1	1	0	2	4	1	0	1	0	2	4	4	2	1	1	2	1	1	1	1	0	0	2	1	1	0	1	4	1	0	1	0	1	0	3	1	5	1	0	4	0	0	1	1	0	0	2	0	0	0	0	0	1	0	2	6	0	2	0	2	0	0	0	1	0	0	0	2	0	0	0	0	0	0	0	0	1	1	0	2	0	0	0	1	2	2	2	0	3	1	1	1	0	7	0	0	1	0	1	1
5:Del:R:3	1	0	0	1	0	0	0	2	0	1	0	0	0	0	0	0	1	0	0	0	0	0	0	0	0	0	0	0	0	0	0	0	0	0	0	0	2	1	0	0	3	0	1	0	0	1	0	1	0	0	0	0	0	1	0	0	0	3	1	0	0	0	0	0	0	1	0	0	0	0	1	1	1	0	0	0	1	0	0	0	0	0	0	1	2	0	0	0	0	0	0	1	1	0	0	1	0	0	1	0	1	0	0	0	0	0	0	0	0	4	0	0	0	0	0	1	0	0	0	0	11	0	1	0	0	0	1	0	0	0	1	0	0	0	0	1	0	1	0	0	0	0	0	0	0	1	0	1	0	2	0	0	0	3	0	1	0	0	0	0	0	0	0	0	0	0	0	0	0	0	0	1	1	0	0	1	0	0	0	0	0	0	1	0	0	0	0	0	0	0	1	0	0	0	0	1	0	0	0	0	0	11	0	0	0	0	6	1	0	0	0	0	0	1	0	0	0	0	0	0	0	0	0	0	0	1	3	1	0	0	0	0	1	0	0	0	1	4	0	0	0	0	0	0	0	1	0	0	1	0	0	0	1	0	0	0	0	1	0	1	0	0	0	1	0	0	0	0	1	1	0	0	1	0	0	2	0	1	1	0	0	0	0	0	0	0	0	0	3	0	0	2	1	0	0	0	0	0	0	0	0	0	2	1	0	15	0	0	0	0	1	1	0	0	0	0	15	4	1	0	1	0	0	0	1	0	2	2	0	0	0	0	1	1	0	0	0	1	0	0	1	0	0	1	1	0	0	0	0	0	0	0	0	0	0	0	0	0	0	0	1	0	0	1	0	0	1	0	1	1	0	0	2	2	1	0	1	0	0	0	1	0	0	0	0	0	8	2	1	1	0	0	1	0	0	0	1	0	0	1	0	0	0	0	0	0	0	0	0	0	1	0	4	0	0	1	0	0	5	1	0	0	1	0	2	0	0	1	0	0	1	0	0	0	0	1	1	0	2	0	0	3	1	0	0	2	1	0	0	0	0	0	0	0	0	0	0	0	1	0	0	0	0	0	0	0	0	0	0	0	0	0	0	1	0	0	0	0	0	0	0	1	0	0	0	0	0	0	0	0	0	1	0	2	0	0	1	1	0	4	2	1	0	0	0	0	0	1	2	0	0	0	0	0	0	0	1	3	0	0	0	0	1	4	0	1	0	0	0	0	0	0	0	3	2	0	0	0	0	1	0	2	0	0	0	0	0	0	1	0	0	1	0	0	0	0	0	0	0	0	0	1	0	0	0	0	0	0	0	0	0	1	0	1	0	0	0	1	0	0	16	0	0	0	0	0	0	3	0	0	1	0	0	0	0	0	0	0	0	0	0	17	0	0	3	0	2	1	0	0	0	1	0	0	2	1	1	0	0	0	0	0	1	2	0	0	1	0	0	0	0	3	0	0	1	0	0	1	1	0	0	0	1	0	0	0	0	0	0	1	1	0	0	0	0	0	1	0	0	0	0	2	0	1	0	0	3	0	0	0	1	1	1	3	1	1	0	0	0	1	0	0	0	0	0	0	0	0	0	0	1	0	0	0	3	1	1	0	1	0	0	0	0	0	0	0	1	0	0	0	1	2	0	0	0	0	0	1	0	0	0	0	0	1	1	0	1	0	0	0	1	0	1	0	0	1	0	1	0
5:Del:R:4	0	0	0	1	0	0	0	0	0	0	0	0	0	0	0	0	0	0	0	0	0	1	0	0	1	0	0	0	0	0	0	0	2	0	0	0	1	0	0	1	0	0	0	0	0	0	0	0	1	0	1	0	0	0	0	0	0	0	2	0	0	0	0	0	0	0	0	0	0	0	0	0	0	0	1	0	0	0	0	0	0	0	0	0	3	0	0	0	0	0	0	0	0	0	0	0	0	0	0	0	0	0	0	0	0	0	0	0	0	0	0	0	0	0	1	3	0	0	1	0	3	0	0	1	0	0	1	0	0	0	0	0	0	0	0	0	0	0	0	0	0	0	0	0	0	0	0	0	0	0	0	0	0	2	0	0	0	0	0	0	1	0	0	0	0	0	0	0	0	0	0	0	0	0	0	0	0	0	0	0	0	1	1	0	0	0	0	0	1	0	1	0	0	0	0	0	1	0	0	0	1	9	0	0	0	0	8	0	0	0	0	0	0	0	0	0	1	0	0	0	1	0	0	0	0	0	1	0	0	0	0	0	0	0	0	0	0	0	1	0	0	0	0	0	1	0	0	0	0	0	0	0	0	0	1	0	0	0	0	0	0	0	0	1	0	0	0	0	0	0	0	0	0	0	0	0	0	0	0	0	0	0	1	0	0	0	0	0	0	0	0	0	0	0	0	0	0	1	0	0	0	0	1	0	0	13	0	1	0	0	1	0	0	0	0	0	11	0	0	0	0	0	0	0	1	0	0	0	0	0	0	0	0	0	0	0	0	0	0	0	0	0	0	0	0	0	0	0	0	0	0	0	0	0	0	0	0	1	0	0	0	0	0	0	0	0	0	0	0	0	0	0	0	0	0	0	0	0	0	0	0	0	0	1	0	0	0	0	0	0	0	0	0	0	0	0	0	0	0	0	1	0	0	1	0	0	0	0	0	0	0	0	0	0	0	0	0	0	0	0	0	0	0	0	0	0	0	0	0	0	0	0	0	0	0	0	1	0	0	0	0	0	0	0	0	0	1	0	0	1	0	0	0	0	0	0	0	0	0	0	0	0	0	0	0	0	0	0	0	0	0	2	0	1	0	0	0	0	0	0	0	1	0	0	0	0	0	0	1	0	0	0	0	0	0	0	0	0	0	0	0	0	0	0	0	0	0	0	0	0	0	0	0	0	0	0	0	0	0	0	0	0	0	2	1	0	0	0	0	1	0	0	2	0	0	0	0	0	0	0	0	0	0	0	0	0	0	0	0	0	0	0	0	0	0	0	0	0	0	1	0	0	0	0	0	0	0	0	0	0	0	0	0	0	0	0	0	0	0	0	8	0	0	0	1	0	0	0	0	0	0	0	0	0	0	0	0	0	0	0	0	4	0	1	0	0	0	0	0	0	0	0	0	0	0	0	0	1	0	0	0	0	1	0	0	0	0	0	0	0	0	1	0	0	0	0	0	0	0	0	0	0	0	0	0	0	0	0	0	0	0	0	0	0	0	0	0	0	1	0	0	0	0	0	0	0	0	0	0	0	0	0	0	1	0	0	0	0	0	0	0	0	0	0	0	0	0	0	0	0	0	0	0	0	0	0	0	0	0	0	0	0	0	0	0	0	0	0	0	0	0	0	0	0	0	0	0	0	0	0	0	0	0	0	1	0	0	0	0	1	0	0	0	0	0	0	0	0	0
5:Del:R:5	0	0	0	0	0	0	0	0	0	0	0	0	0	0	0	0	0	0	0	0	0	0	0	0	0	0	0	0	0	0	0	0	0	0	0	1	0	0	0	0	0	0	0	0	0	0	0	0	0	0	0	0	0	0	0	0	0	0	0	0	0	0	0	0	0	0	0	0	0	0	0	0	0	0	0	0	0	0	1	0	0	0	0	0	1	0	0	0	0	0	0	0	0	0	0	0	0	0	1	0	0	0	0	0	0	0	0	0	0	0	0	0	0	0	0	0	0	0	0	0	3	0	0	0	0	0	0	0	0	0	0	0	0	0	0	0	0	0	0	0	0	0	0	0	0	0	0	0	0	0	0	0	0	0	0	0	0	1	0	0	0	0	0	0	0	0	0	0	0	0	0	0	0	0	0	0	0	0	0	0	0	0	0	0	0	0	0	0	0	0	0	0	0	0	1	0	0	0	0	0	0	4	0	0	0	0	5	0	0	0	0	0	1	0	0	0	0	0	1	0	0	0	0	0	0	0	1	0	0	0	0	0	0	0	0	0	0	0	0	0	0	0	0	0	0	0	0	0	0	0	0	0	0	0	0	0	0	0	0	0	0	0	0	0	0	0	0	0	0	0	0	0	0	0	0	0	0	0	0	0	0	0	0	0	0	0	1	0	0	0	1	0	0	0	0	0	0	0	0	0	0	0	0	0	0	2	0	0	0	0	0	0	0	0	0	0	4	0	0	0	0	0	0	0	0	0	0	0	0	0	0	0	0	0	0	0	0	0	0	0	0	0	0	0	0	0	0	0	0	0	0	0	0	0	0	0	0	0	0	0	0	0	0	0	0	0	0	0	0	0	0	0	0	0	0	0	0	0	0	0	0	0	0	0	0	0	0	0	0	0	0	0	0	0	0	0	0	0	0	0	0	0	0	0	0	0	0	0	0	0	0	0	0	0	0	0	0	0	0	0	0	0	0	0	0	0	0	0	0	0	0	0	0	0	0	0	0	0	0	0	0	0	0	0	0	0	1	0	0	0	0	0	0	0	0	0	0	0	0	0	0	0	0	0	0	0	0	0	0	0	0	1	0	0	0	0	0	0	0	0	0	0	0	0	0	0	0	0	0	0	0	0	0	0	0	0	0	0	0	0	0	0	0	0	0	0	0	0	0	0	0	0	0	0	0	0	0	0	0	0	0	0	0	3	0	0	0	0	0	0	0	0	0	1	0	1	0	0	0	0	0	0	0	0	0	0	0	0	1	0	0	0	0	0	0	0	0	0	0	0	0	0	0	0	0	0	0	0	0	0	0	0	0	0	0	0	0	0	0	0	5	0	0	0	0	0	0	1	0	0	0	0	0	0	0	0	0	0	0	0	0	2	0	0	0	0	0	0	0	0	0	1	0	0	0	0	0	0	0	0	0	0	0	0	0	0	0	0	0	0	0	0	0	0	0	0	1	0	0	0	0	0	0	0	0	0	0	0	0	0	0	0	0	0	0	0	0	0	0	0	0	0	0	0	0	0	1	0	0	0	0	0	0	0	0	0	0	0	0	0	0	2	0	0	0	0	0	0	0	0	0	0	0	0	0	0	0	0	0	0	0	0	0	0	0	0	0	0	0	0	0	0	0	0	0	0	0	0	0	0	0	0	0	0	0	0	0	0	0	0	0	0	0	0	0	0	0	0	0
2:Ins:R:0	6	4	6	14	3	9	5	5	5	6	4	7	9	1	5	7	15	8	4	9	5	23	13	4	4	5	4	2	4	3	3	3	9	4	9	4	5	12	2	5	10	9	7	10	9	17	1	7	12	6	15	5	1	8	17	0	10	5	12	9	3	0	4	5	1	10	10	6	4	11	9	17	12	44	4	4	5	5	11	5	5	3	6	45	95	3	5	3	3	1	5	7	27	31	8	17	7	5	7	9	9	5	5	7	6	3	7	3	13	20	42	2	2	5	24	17	11	42	11	6	210	8	20	7	6	6	8	7	5	15	7	3	6	32	17	7	5	11	8	9	3	9	15	10	8	11	11	4	7	13	26	2	10	10	4	4	11	4	13	4	2	11	4	2	14	0	5	6	3	7	12	11	2	17	4	9	30	4	3	4	4	10	7	12	8	10	4	5	8	18	4	9	31	5	10	9	5	9	30	0	7	185	3	9	5	7	116	9	9	11	7	15	4	3	10	5	10	7	3	3	4	10	48	5	27	10	4	9	8	5	36	9	2	4	7	3	9	29	27	52	5	7	6	6	6	13	5	16	9	19	4	15	3	10	55	10	4	6	8	5	35	9	12	4	7	8	2	8	7	6	9	9	11	9	6	15	6	8	3	6	7	14	11	6	10	8	10	5	21	6	2	12	13	8	5	4	12	7	4	30	7	5	29	3	7	388	22	7	6	8	4	4	12	5	11	8	350	17	8	6	14	19	5	0	21	6	6	4	6	8	3	9	2	19	10	0	6	8	7	10	18	8	10	15	26	3	8	5	12	14	4	7	15	4	14	4	4	10	4	4	5	8	3	18	3	4	19	11	6	11	7	4	5	13	8	3	11	4	5	13	3	6	4	14	6	4	14	2	9	17	7	10	15	9	14	3	11	10	19	5	2	13	3	9	9	10	11	13	3	3	6	14	4	7	15	10	7	3	9	20	14	5	6	4	12	12	24	5	11	15	13	4	9	4	22	17	16	2	11	6	2	6	7	5	9	7	13	9	7	8	7	7	2	11	17	1	11	10	9	3	3	9	2	6	6	6	7	7	12	4	16	16	6	14	7	2	10	21	5	11	3	9	47	13	4	8	4	4	3	6	8	14	15	11	9	4	2	15	7	13	5	10	3	12	2	3	12	9	3	6	4	4	3	12	7	4	2	8	2	2	8	2	7	124	7	6	9	7	6	8	9	4	6	13	17	13	7	11	7	6	6	6	12	7	3	2	5	3	5	5	6	4	11	10	3	12	5	2	4	9	4	8	4	4	7	12	13	8	15	11	4	10	8	8	7	12	6	8	10	5	202	3	4	11	11	17	5	17	12	12	6	4	7	1	10	7	7	5	7	6	7	64	3	3	11	8	4	6	3	4	9	11	5	5	8	5	14	0	6	4	9	5	10	5	4	0	7	8	4	9	4	13	3	7	6	2	24	9	6	4	4	6	5	17	6	4	5	4	16	4	12	19	3	5	9	18	9	13	12	11	3	18	18	5	1	2	24	15	2	1	11	2	6	11	6	5	7	5	9	12	6	10	6	8	5	2	12	10	11	9	5	11	8	15	10	9	11	5	23	17	4	14	3	5	8	13	4	2	5	8	7	16	1	5	2	7	4	1	17	4	5	5	4	10	7	14	5	4	8	6	3	4	20	4	4	6	3	2	1
2:Ins:R:1	1	2	2	3	1	8	2	3	3	7	4	4	5	0	3	1	2	4	2	1	2	8	13	7	5	2	1	5	2	1	1	2	3	2	6	2	12	2	1	3	1	6	6	2	2	7	2	5	3	3	7	1	8	4	13	0	5	6	10	5	2	6	4	3	1	4	6	0	4	2	1	7	3	3	4	0	1	6	4	1	3	3	3	7	15	4	3	1	3	4	3	1	2	5	4	6	1	0	2	4	5	2	5	8	4	1	5	8	2	7	8	1	3	1	14	6	7	3	0	4	30	5	5	7	3	2	6	5	3	5	3	3	2	6	3	8	0	6	4	1	2	4	10	7	3	5	9	1	1	5	1	1	1	9	3	2	5	5	5	3	0	11	4	3	5	3	2	6	0	0	6	6	2	7	1	11	3	2	0	2	3	5	2	2	3	8	4	9	2	6	4	8	7	4	9	7	4	6	6	6	2	57	5	2	6	4	16	3	3	5	1	2	2	2	8	3	6	6	5	1	3	3	8	4	3	3	4	9	4	5	6	4	4	1	4	1	5	4	4	3	7	10	6	6	5	9	8	9	6	7	0	3	1	2	5	5	0	3	3	0	2	14	7	5	12	2	3	4	6	3	3	2	3	9	3	2	2	12	2	2	6	7	2	3	3	5	4	2	7	5	4	2	4	3	4	2	3	9	4	8	1	2	4	2	1	57	5	2	1	2	0	3	1	0	4	4	74	7	9	1	6	4	3	0	6	1	9	3	10	0	1	2	1	2	2	2	5	2	3	6	8	10	3	4	9	1	3	2	4	10	3	2	13	4	6	0	5	11	3	2	5	6	3	5	1	6	17	11	2	5	3	1	5	7	15	2	6	4	1	9	3	1	0	5	0	2	11	5	8	5	4	7	6	6	12	0	5	3	3	2	1	7	17	5	0	2	1	5	4	3	4	7	4	5	8	5	2	5	4	7	1	2	8	2	3	10	2	3	8	4	5	3	8	5	16	2	2	1	4	1	2	6	3	2	7	3	8	3	2	3	3	4	4	8	6	1	5	3	3	3	3	0	1	5	2	2	2	3	2	6	9	2	6	7	4	6	0	3	6	4	1	4	24	4	7	3	4	2	2	3	6	6	11	2	6	3	2	7	4	6	6	3	4	1	6	4	8	3	4	2	2	5	1	7	1	1	5	5	2	3	3	3	5	15	4	3	3	2	0	2	3	3	5	5	2	4	3	8	4	3	1	1	5	1	5	4	2	3	3	2	3	0	2	4	3	4	2	1	1	2	3	1	1	1	1	2	6	4	9	5	4	4	2	5	4	5	1	2	3	9	22	1	2	3	8	9	1	8	3	6	3	4	8	0	3	11	5	1	10	2	9	25	3	1	10	4	1	3	0	8	5	2	2	3	4	5	5	3	1	5	5	4	4	0	4	3	4	2	9	3	1	7	0	1	2	5	7	2	1	1	5	5	1	9	3	3	2	4	4	3	13	11	6	4	3	7	3	5	3	2	3	8	2	5	1	3	7	2	3	0	4	1	3	5	3	7	0	2	4	3	3	4	4	5	4	2	2	2	7	7	10	5	5	3	6	3	9	6	4	2	3	4	2	2	3	6	2	2	1	14	5	4	3	3	3	0	1	0	3	3	1	6	3	0	7	4	1	3	5	2	1	2	9	2	6	2	1	8	3
2:Ins:R:2	1	4	2	2	2	5	0	3	1	5	2	4	1	1	2	1	0	3	1	1	2	6	2	2	1	0	0	2	0	1	0	0	1	3	4	2	8	0	2	4	3	3	4	4	1	4	1	4	1	1	3	2	2	5	5	0	1	3	9	0	0	2	0	2	0	0	1	1	0	1	1	1	2	2	2	0	1	6	1	2	0	1	1	2	10	2	3	0	2	1	1	0	6	1	0	5	1	0	3	3	1	2	1	3	2	2	2	2	2	2	4	0	4	1	5	10	5	1	2	1	38	3	2	3	0	0	5	5	1	1	0	3	3	0	1	4	2	2	1	1	0	2	5	3	1	2	3	1	1	3	1	1	3	3	2	1	1	1	10	1	0	6	2	2	1	1	1	4	0	1	5	2	1	4	1	10	2	3	0	2	2	4	2	1	0	0	2	0	1	2	3	2	7	1	5	2	0	2	2	2	1	46	1	2	4	1	29	4	0	3	1	2	2	0	4	2	3	1	2	2	2	1	3	0	2	1	1	1	0	1	0	2	1	0	0	1	1	1	1	5	1	2	4	5	6	2	5	1	3	0	0	2	2	2	6	2	0	1	0	2	8	6	2	0	9	2	2	1	2	0	1	1	0	1	4	3	2	2	0	2	3	3	1	0	1	2	2	1	7	3	1	3	5	1	2	2	2	3	3	4	2	2	4	1	2	81	1	1	2	2	3	0	2	1	2	1	59	6	2	2	3	3	2	0	3	0	2	1	3	2	1	6	6	3	2	0	4	3	1	1	1	2	4	1	4	2	2	1	4	3	3	1	7	0	3	0	0	0	1	3	1	3	1	5	1	1	11	1	2	2	2	1	2	2	7	3	2	1	1	4	3	3	2	4	2	3	3	2	3	3	2	4	4	3	1	0	0	3	5	2	1	6	8	1	2	1	1	0	2	2	3	2	1	2	2	2	1	1	3	3	2	0	3	5	5	2	2	4	2	0	2	4	2	2	6	3	4	0	3	2	1	0	2	1	3	1	4	2	1	2	1	2	1	4	1	0	1	2	5	0	3	0	7	3	2	3	0	4	2	1	5	2	0	1	1	1	2	0	3	4	1	2	6	1	2	0	5	0	1	1	3	4	3	2	2	3	1	6	1	5	3	1	2	2	3	2	3	2	4	1	0	2	0	4	2	1	5	2	0	1	0	0	4	25	3	2	3	1	1	1	0	4	1	3	2	2	1	2	1	0	1	3	3	0	2	1	3	2	2	1	0	2	6	5	1	2	0	1	1	1	0	1	0	1	1	4	3	0	2	3	3	4	1	0	1	4	0	3	1	3	26	0	1	1	4	4	2	7	2	3	3	1	2	0	0	6	3	1	4	1	3	17	1	1	5	3	1	4	0	1	1	5	1	2	1	1	3	0	0	1	4	1	1	1	2	1	1	3	2	0	1	2	2	1	3	4	8	3	0	1	1	1	1	5	1	2	3	0	6	3	0	2	4	0	1	3	0	2	2	1	2	4	2	1	1	1	3	1	0	1	4	0	4	0	3	8	3	2	1	2	3	0	4	0	3	0	1	2	1	5	4	3	3	1	1	1	3	2	2	2	1	1	2	1	1	1	1	3	1	8	2	11	2	2	2	2	1	3	1	2	2	2	1	2	2	1	1	1	1	1	2	1	2	1	3	1	2	3	1
2:Ins:R:3	0	1	0	0	0	0	0	1	0	1	0	0	0	0	3	0	3	0	0	1	1	0	4	1	1	0	0	0	2	0	0	0	0	1	4	0	4	2	2	0	1	0	0	0	0	3	2	1	2	1	1	4	3	1	1	1	2	0	3	1	2	0	1	0	0	3	2	1	0	2	3	3	1	5	2	0	0	0	0	0	0	1	0	3	18	0	1	2	0	2	1	1	1	1	0	4	0	1	2	1	3	1	0	1	1	2	1	1	1	2	0	1	1	0	5	7	1	2	0	0	107	4	6	3	1	1	0	1	1	0	5	1	1	0	0	2	1	1	1	0	0	2	1	2	1	3	4	3	0	3	1	0	0	2	0	3	1	2	4	2	0	3	0	0	0	0	0	0	0	1	1	2	0	1	0	3	2	0	2	2	1	2	1	1	0	2	2	0	0	2	3	2	0	1	3	1	0	3	0	0	1	69	0	3	3	1	34	0	1	0	0	1	0	1	0	0	1	0	2	1	0	0	1	1	2	2	1	2	2	0	1	1	0	1	1	2	2	2	1	3	0	1	1	2	3	1	2	0	0	1	1	3	3	2	14	1	1	0	0	0	1	1	1	1	2	2	0	2	3	2	3	1	1	0	1	3	1	1	0	3	0	4	2	0	0	1	1	1	3	0	1	0	2	0	0	0	1	3	4	6	1	0	3	0	1	193	3	0	0	2	1	1	2	3	3	0	105	5	0	3	2	1	4	0	3	1	4	2	2	2	0	1	2	5	0	0	0	5	1	1	1	1	3	2	2	1	2	2	0	1	0	0	3	0	7	0	0	2	1	0	0	0	2	3	0	0	1	1	0	1	0	4	1	3	3	1	0	0	0	0	1	2	0	3	1	0	2	1	1	3	0	1	3	2	2	0	2	1	2	0	1	1	1	1	0	0	1	1	0	2	2	1	2	0	2	2	1	1	2	2	0	3	1	2	5	1	6	0	0	2	1	1	0	0	3	0	2	0	1	1	0	0	2	0	5	2	2	1	0	3	3	1	1	1	0	1	2	3	3	0	3	1	1	0	1	2	1	0	0	0	3	2	1	1	1	0	3	0	0	0	0	1	2	0	2	2	1	2	0	1	1	4	0	0	2	0	1	4	1	2	2	0	2	1	2	0	1	2	1	1	1	0	1	1	0	1	2	1	0	0	2	1	0	45	1	1	0	0	2	0	1	0	1	2	0	2	1	0	2	0	1	0	5	1	1	0	0	0	0	1	0	0	0	3	0	1	1	0	0	2	0	1	0	0	1	2	0	0	1	0	0	3	0	1	0	0	0	0	0	0	64	1	0	1	2	0	0	2	0	1	3	2	3	0	2	2	1	0	1	2	0	39	3	0	4	0	1	0	0	1	0	1	2	1	1	0	2	0	1	3	0	1	0	0	2	0	2	0	0	1	0	5	0	0	0	0	3	1	0	2	0	1	3	0	0	1	5	0	5	2	1	0	0	0	2	1	3	0	1	1	1	4	3	2	1	0	4	2	1	0	4	0	3	1	1	0	0	2	1	1	1	1	1	1	2	0	1	0	2	0	2	2	0	2	2	0	2	0	1	6	0	0	0	1	0	1	0	0	1	0	1	3	1	2	0	1	3	0	2	1	1	0	0	0	2	2	0	0	1	0	3	0	1	1	4	1	0	1	1
2:Ins:R:4	0	1	1	4	1	0	3	3	0	2	0	1	1	1	0	0	4	3	1	3	2	5	0	0	1	0	0	0	0	0	1	1	3	3	3	1	0	2	0	1	2	1	2	2	0	2	0	2	3	1	3	0	2	4	4	0	1	0	4	1	2	2	0	3	1	4	2	0	0	4	1	1	0	0	2	2	1	3	1	0	2	0	1	2	77	2	0	1	0	0	2	1	2	1	1	6	3	2	0	1	1	0	1	1	2	4	1	0	0	3	2	2	1	1	1	31	1	1	0	3	300	7	1	9	0	1	3	1	1	1	1	3	1	2	0	2	0	3	3	1	0	2	1	1	0	2	1	2	1	4	3	2	0	2	3	1	2	1	3	4	0	3	1	0	1	0	0	0	2	1	2	0	1	2	3	3	2	0	0	0	1	3	6	1	1	3	0	1	4	1	1	2	0	0	3	1	0	1	1	1	1	313	0	0	5	0	125	2	0	3	1	3	3	1	0	2	3	2	3	0	1	1	5	1	1	0	0	2	0	2	2	0	4	0	0	0	0	5	1	5	1	1	2	0	0	0	0	1	1	0	1	1	4	0	31	2	0	2	6	0	0	1	1	0	2	0	0	3	0	2	1	0	4	2	3	2	2	3	1	3	2	2	2	0	2	2	3	1	5	0	2	2	1	2	1	2	0	1	2	4	0	1	5	0	2	384	2	1	1	0	1	0	0	1	1	2	396	3	0	1	3	0	3	0	1	0	1	3	2	1	0	3	1	6	2	1	1	3	3	0	3	1	4	1	2	1	1	1	1	1	3	1	6	0	3	0	2	4	0	0	0	0	2	1	1	1	1	3	1	0	1	0	3	2	6	1	4	0	1	2	3	1	2	2	0	1	5	3	4	2	1	1	1	0	6	2	2	0	5	1	1	0	2	1	1	2	1	2	2	3	0	1	0	0	4	2	1	1	3	0	1	1	0	1	3	3	5	1	2	1	0	2	1	3	3	3	3	1	0	1	2	3	0	2	18	1	0	0	0	4	4	1	1	2	1	0	2	0	3	0	2	1	1	0	1	2	1	0	0	0	4	0	0	0	1	0	0	1	2	1	2	1	2	2	0	0	0	1	2	1	2	2	2	0	0	1	0	1	0	7	2	2	0	0	1	2	3	0	3	2	0	1	1	2	2	3	0	1	1	2	0	0	0	123	3	1	3	4	0	1	0	0	1	1	1	3	0	0	2	0	1	1	0	2	1	0	4	1	5	1	0	2	1	0	0	3	0	2	0	1	2	1	1	0	0	0	8	1	4	3	1	1	1	1	0	2	2	2	3	0	150	2	0	0	8	4	0	2	3	2	2	0	1	1	1	2	1	6	0	0	0	147	0	0	4	1	2	2	1	1	1	3	0	1	2	0	3	0	0	1	0	0	1	1	0	1	1	0	0	1	1	2	1	2	3	0	5	2	2	3	3	6	1	1	3	1	1	0	2	2	4	2	0	1	1	11	0	0	6	1	1	0	2	2	3	1	2	1	1	0	2	1	2	1	0	2	2	2	0	1	0	1	1	2	2	1	1	0	2	3	1	1	2	2	3	3	0	1	2	3	1	0	1	3	2	0	2	0	1	2	0	1	1	1	1	2	1	0	4	0	0	3	3	1	2	0	0	2	3	2	3	2	0	0	1	1	0	2	0
2:Ins:R:5	5	7	5	11	8	12	4	15	2	9	1	4	3	1	7	7	8	7	9	12	6	24	22	4	2	1	2	8	5	1	4	4	4	4	12	5	9	17	1	9	7	18	9	12	15	20	3	11	19	13	10	10	8	20	17	1	14	6	28	6	5	2	7	12	1	16	7	4	8	17	5	3	3	9	7	7	7	14	9	3	9	4	3	6	490	3	9	6	6	3	4	4	8	5	5	12	7	5	5	4	4	2	4	11	2	17	4	7	8	24	23	7	4	6	16	177	15	10	23	6	1525	11	7	48	3	5	14	3	6	14	7	4	7	24	14	19	5	9	7	2	5	10	9	23	6	15	3	3	7	42	3	5	6	22	12	7	7	4	27	8	0	14	8	4	7	2	10	8	11	8	11	5	1	5	4	9	9	13	3	2	11	9	25	4	0	6	3	4	8	9	8	8	21	5	25	11	4	6	11	5	3	1615	9	8	34	11	767	15	7	24	3	16	14	5	13	7	10	4	10	3	1	10	9	5	5	5	2	5	13	3	18	4	9	10	1	2	3	10	4	12	3	10	8	9	8	9	3	3	2	2	8	10	10	10	223	4	4	6	6	5	5	16	19	10	11	7	0	8	8	5	7	11	13	3	6	16	4	14	15	7	9	3	15	7	8	12	4	10	57	11	15	25	18	4	2	10	2	8	9	13	4	1	13	6	16	2011	6	4	5	10	7	7	2	9	20	5	1864	10	8	5	3	22	8	3	21	1	20	13	14	13	4	3	6	14	9	1	4	7	11	7	10	16	21	5	10	3	6	10	7	2	5	2	9	1	10	2	6	15	4	6	10	5	6	14	12	4	9	15	5	8	3	12	17	16	22	16	16	3	12	1	8	4	7	10	2	9	51	13	16	6	2	8	27	26	44	4	17	4	10	6	8	2	9	11	6	7	7	6	9	8	10	12	6	22	24	13	1	4	9	13	8	18	12	7	33	14	10	3	4	14	4	10	12	7	17	15	6	3	5	3	15	19	5	8	91	3	10	7	8	25	9	6	3	1	3	1	17	5	40	0	3	2	0	4	6	8	7	5	9	3	7	5	9	11	2	5	12	4	4	12	11	6	7	5	7	9	3	3	4	13	8	11	9	6	16	6	9	18	7	56	8	3	8	8	13	9	14	4	10	8	4	6	1	20	5	19	5	18	5	8	9	13	7	763	7	9	9	17	5	1	5	8	16	7	8	15	6	6	5	5	1	5	8	6	10	2	18	8	9	8	2	11	6	21	9	22	1	4	3	20	10	8	3	4	7	5	49	6	18	18	5	3	1	6	9	4	7	7	8	2	745	4	1	5	19	8	11	11	7	20	7	7	9	0	15	14	8	13	8	9	8	743	3	2	14	4	4	8	2	2	6	19	10	6	14	6	14	1	16	19	8	18	14	7	11	7	10	3	15	1	0	20	3	11	0	13	17	22	3	3	14	13	8	11	5	4	29	6	15	19	24	7	3	9	11	39	10	18	22	11	7	23	5	17	4	5	9	6	0	2	17	10	9	13	5	12	9	2	5	7	14	20	28	12	8	2	10	13	13	6	9	7	13	6	21	4	21	11	7	7	10	7	4	8	6	12	7	4	3	18	14	9	1	10	6	4	2	3	14	9	2	4	2	5	12	3	5	0	9	0	3	4	9	7	11	4	5	19	1
3:Ins:R:0	0	2	0	7	1	1	1	5	3	3	1	3	6	4	3	1	7	1	4	1	1	18	2	4	3	2	2	2	4	3	4	1	1	1	9	6	4	8	1	2	7	5	5	2	1	8	2	1	5	1	17	1	1	5	9	2	2	4	7	4	3	1	1	0	3	4	3	0	2	3	4	7	0	10	1	1	1	4	3	2	1	3	1	7	25	1	1	1	2	2	1	3	14	7	2	5	1	2	1	2	2	4	0	5	2	4	2	1	1	7	12	3	1	2	5	10	6	8	8	6	54	5	14	3	2	2	7	5	3	6	4	2	3	9	12	4	1	4	4	4	1	0	3	7	2	4	3	1	1	11	5	1	0	6	1	3	1	0	6	2	3	4	2	2	6	0	2	4	5	4	6	3	0	2	2	6	12	1	2	5	3	6	4	8	5	1	2	3	4	5	2	4	14	2	4	3	4	7	8	0	6	50	1	3	3	5	27	3	5	6	2	5	5	0	5	2	2	0	5	2	0	4	12	0	7	2	3	2	3	4	26	6	2	4	0	3	2	4	5	19	1	1	2	5	2	3	0	6	2	3	2	5	4	0	15	3	5	2	1	1	4	11	11	3	5	0	1	0	4	1	2	2	6	4	7	9	8	2	2	1	0	6	3	2	4	3	4	1	4	8	3	10	1	2	3	2	4	10	3	13	3	1	10	2	1	96	8	3	1	5	1	1	5	1	5	4	103	5	3	5	8	7	1	1	8	0	2	4	4	1	1	2	3	15	5	1	1	9	2	4	4	2	2	4	13	5	0	4	5	3	1	2	4	4	6	2	2	6	0	5	5	6	2	2	1	7	6	8	1	2	0	1	3	3	5	5	9	3	6	6	4	5	3	4	1	0	13	3	3	6	4	6	7	2	7	2	3	2	16	4	4	3	4	5	2	3	4	5	4	3	2	4	1	8	3	2	3	4	1	21	3	2	1	2	5	8	10	3	3	1	2	0	1	4	8	6	4	0	5	1	1	1	3	3	2	1	9	5	2	1	3	0	3	8	6	0	4	1	3	4	2	5	5	2	5	2	7	2	6	1	11	13	3	6	0	4	2	15	1	3	4	5	23	3	2	0	2	1	2	3	4	2	4	3	6	1	0	8	0	7	4	11	2	1	0	3	2	4	4	3	4	4	3	5	3	0	3	0	1	2	2	3	1	22	1	2	1	0	2	2	4	4	4	7	6	8	0	2	1	2	1	6	2	0	1	4	6	1	2	3	3	5	1	6	1	6	5	3	0	5	0	0	2	4	2	4	2	2	7	8	6	1	3	3	3	1	1	5	4	3	34	2	1	2	3	9	1	13	3	3	1	1	6	0	6	3	5	3	6	2	1	16	3	3	6	3	1	3	4	2	7	5	6	3	4	6	9	1	4	3	3	5	2	1	0	1	3	6	2	5	2	3	1	3	4	1	10	3	1	0	3	1	2	2	1	1	2	4	8	3	3	9	2	1	5	7	3	4	2	3	1	16	10	6	4	1	11	5	1	1	2	1	3	5	2	3	2	0	2	1	5	2	2	5	1	3	2	2	6	4	1	1	8	0	2	2	5	3	15	14	5	3	5	5	5	2	3	2	2	4	2	4	2	5	3	2	1	3	4	1	0	2	2	4	3	7	0	1	2	1	0	3	8	1	6	2	4	3	1
3:Ins:R:1	1	2	1	4	0	5	2	4	2	4	0	1	2	2	1	0	2	2	2	2	1	3	6	1	2	2	1	2	2	0	0	1	4	4	4	1	17	5	3	3	1	2	3	4	4	2	2	3	7	2	7	0	4	2	12	0	3	2	8	2	1	4	0	0	0	3	3	0	0	1	1	2	4	8	4	0	2	1	1	1	3	1	0	4	2	2	4	1	2	4	0	1	4	3	2	2	2	3	3	4	5	5	1	1	2	2	3	5	1	4	5	2	2	2	10	6	9	4	1	4	5	5	2	4	3	3	2	3	2	5	4	3	3	2	1	4	0	2	2	2	4	0	8	5	4	4	4	1	3	5	4	0	1	6	1	3	4	4	3	2	0	5	1	1	4	0	1	1	1	2	1	2	0	4	4	11	2	0	3	2	2	4	2	3	3	1	5	5	2	5	6	1	2	1	4	1	3	5	1	1	2	9	2	1	5	2	6	3	3	4	2	6	0	0	0	3	6	0	4	1	0	5	6	2	1	0	2	2	1	2	1	3	0	0	1	0	4	0	1	4	2	1	7	2	1	5	5	2	1	2	2	4	1	4	2	4	0	0	3	1	2	6	3	1	6	2	1	5	3	1	1	1	3	1	1	3	2	2	0	4	2	1	1	2	2	3	1	2	5	1	3	1	4	1	2	4	2	1	2	3	3	0	5	0	2	14	5	2	0	2	1	3	2	1	0	5	19	5	1	0	2	3	1	2	8	1	3	5	4	1	1	2	0	5	2	0	3	2	1	8	2	9	1	4	0	3	5	2	3	2	1	3	5	2	8	1	1	0	1	4	0	1	3	2	0	1	12	3	1	1	1	1	4	3	8	4	7	2	0	2	3	4	0	6	3	1	9	4	2	5	0	5	6	3	2	0	7	2	5	0	2	2	7	3	1	2	1	2	4	0	1	3	0	4	3	3	2	2	1	3	1	0	5	3	0	7	2	1	1	5	3	0	2	4	6	2	4	3	4	1	4	4	2	3	2	3	5	0	3	3	5	1	0	9	5	1	1	2	1	1	0	0	3	2	0	2	0	3	1	5	5	2	1	0	3	1	1	6	4	2	1	3	7	2	3	1	4	3	0	1	1	3	2	3	2	1	2	9	0	8	3	5	4	2	1	5	5	3	1	2	2	1	2	1	0	0	0	2	3	0	2	0	2	3	5	0	0	1	1	3	1	2	2	3	0	6	2	4	4	2	3	8	6	2	1	1	4	3	4	0	3	0	4	8	2	3	3	0	1	3	3	2	2	1	0	2	1	0	2	0	1	1	1	4	2	2	2	3	0	2	9	3	0	2	6	5	0	4	0	3	2	1	1	4	4	5	3	4	7	0	3	2	1	1	10	2	2	1	2	7	1	1	2	2	4	1	5	0	2	2	2	2	6	2	1	1	1	3	2	1	0	4	1	2	3	1	7	0	1	0	3	3	1	9	2	2	4	2	1	0	4	7	1	2	1	6	1	2	2	2	2	12	1	0	1	0	5	2	2	2	2	0	6	2	1	2	5	2	6	2	3	2	2	1	2	5	2	2	2	3	6	2	2	2	3	1	9	1	2	3	2	3	1	0	1	1	2	0	1	2	3	8	1	5	0	0	0	0	2	3	2	1	3	1	2	2	0	0	5	4	1	2	7	1	0	1	1	3	1
3:Ins:R:2	0	0	0	0	1	1	0	2	0	0	1	0	0	0	0	0	1	0	0	2	0	3	0	0	0	0	1	0	0	0	0	1	0	1	0	0	2	2	0	0	3	0	0	2	1	0	1	0	0	2	0	0	0	0	2	0	0	1	1	1	0	0	0	0	1	0	1	0	1	0	0	0	0	1	0	1	0	0	0	0	0	0	1	2	1	0	1	0	0	0	0	0	1	1	0	1	0	0	0	0	1	0	0	0	1	0	1	2	0	1	1	0	0	1	4	2	2	0	1	1	9	1	0	2	1	0	0	1	0	0	2	0	0	1	2	0	1	3	0	0	0	0	0	2	0	0	2	0	0	3	1	0	0	3	1	1	2	0	0	0	0	1	0	0	1	0	1	1	1	1	1	1	2	1	0	0	1	0	1	0	0	0	0	0	0	1	0	0	0	1	0	0	1	0	2	0	0	2	1	0	2	8	1	2	0	0	2	0	1	0	0	2	1	0	0	0	0	1	1	1	0	3	1	0	0	0	0	2	0	0	2	0	1	1	1	0	0	1	0	1	0	1	0	1	1	0	1	0	0	1	0	1	0	0	4	0	1	0	1	0	1	1	0	0	3	0	0	1	0	0	1	0	0	2	0	1	0	0	0	1	0	1	0	2	1	0	0	0	0	1	0	1	1	0	0	1	1	1	1	0	0	0	0	1	0	34	1	0	0	0	0	1	1	1	0	0	19	1	0	0	4	0	0	0	1	0	2	0	0	0	0	1	0	2	1	1	1	0	0	0	0	1	0	1	0	0	0	0	0	0	2	1	1	0	3	0	1	0	0	1	0	1	0	0	0	2	2	0	0	0	0	1	0	0	4	1	2	0	0	1	0	1	0	0	0	0	1	0	0	0	0	2	0	0	0	0	2	0	1	1	1	1	0	1	0	0	0	1	1	1	0	0	1	1	0	0	0	0	2	1	1	0	1	3	0	2	2	0	2	2	0	1	2	0	1	1	0	0	1	0	1	0	0	2	1	1	1	0	1	0	0	0	0	0	0	0	0	1	0	0	0	2	2	0	2	0	0	1	0	0	2	2	0	0	1	0	0	2	0	0	2	0	1	2	0	0	0	0	0	0	0	0	1	0	2	0	1	1	0	0	4	2	1	0	0	0	1	1	0	0	0	0	0	1	3	0	1	1	0	0	1	0	0	4	1	1	2	1	0	0	0	0	1	0	1	1	1	0	0	1	1	5	0	0	1	1	0	1	0	0	0	0	0	2	0	0	1	0	0	0	0	1	0	1	0	0	0	1	1	0	1	1	0	0	1	1	0	1	0	0	8	0	0	0	1	2	0	2	3	0	0	0	0	0	0	2	0	2	1	2	2	4	0	0	2	2	0	0	1	1	1	0	0	2	0	0	1	0	0	1	1	1	0	0	0	0	0	0	0	0	0	2	1	0	1	0	1	1	0	1	0	0	0	4	0	0	0	1	0	0	0	1	0	1	0	0	0	0	1	0	0	2	1	0	0	0	0	0	0	0	1	1	0	0	1	1	0	0	1	0	0	0	0	0	0	0	0	0	2	0	0	0	0	0	0	1	0	0	1	1	0	1	0	0	0	0	0	0	0	1	2	2	0	0	0	0	1	0	2	0	2	0	1	0	3	0	0	1	0	3	1	0	1	1	0	0	0	2	1
3:Ins:R:3	0	0	0	1	0	0	0	0	0	0	0	0	0	0	0	0	0	0	0	0	0	0	0	0	0	0	0	0	0	0	0	0	0	0	0	0	0	0	1	0	0	0	0	0	0	0	0	0	0	0	0	0	0	0	0	0	0	0	0	0	0	0	0	0	0	0	0	0	0	0	0	0	0	1	0	0	0	0	0	0	0	1	0	0	5	1	0	0	0	0	0	0	0	0	0	0	0	0	0	0	0	0	0	0	0	0	0	0	0	0	0	0	1	0	0	1	0	0	0	0	7	0	0	0	0	0	0	0	0	0	1	0	0	0	0	0	0	0	0	0	0	1	0	0	0	0	0	1	0	0	0	1	0	0	0	0	0	0	0	0	0	0	0	0	0	0	0	0	0	0	0	0	0	0	0	0	0	0	0	0	0	1	0	0	0	0	0	0	0	0	0	0	0	0	1	0	0	0	0	0	0	4	1	0	0	0	6	0	0	0	0	0	0	0	0	0	0	0	0	0	0	0	0	0	0	0	0	0	0	0	1	0	0	0	0	0	1	0	0	0	0	0	0	0	0	0	0	0	0	1	0	0	0	0	0	0	0	0	0	0	1	0	1	0	0	0	0	0	0	0	0	0	1	0	0	0	1	0	0	0	0	0	0	0	0	0	0	0	0	0	0	0	0	0	0	0	0	0	0	0	0	0	1	0	0	20	0	0	0	0	0	0	0	0	0	0	8	0	0	0	1	1	0	0	0	0	1	0	0	0	1	0	0	2	0	0	1	0	0	0	0	1	0	0	0	0	0	0	0	0	0	0	0	0	1	0	0	1	0	0	0	0	0	0	0	0	1	0	0	0	0	0	0	0	0	0	0	0	0	1	0	0	0	0	0	0	0	0	0	1	0	0	0	0	0	0	1	0	0	0	0	0	0	0	0	0	0	0	0	0	0	0	0	0	0	0	0	0	0	1	0	0	0	0	0	0	2	0	1	1	0	0	0	0	1	0	0	0	0	0	0	0	0	0	0	0	0	0	0	0	0	0	0	0	0	0	1	0	0	0	0	3	0	0	0	0	0	0	0	0	0	0	0	0	0	1	0	0	0	0	0	0	0	0	0	0	0	0	0	0	0	0	0	0	0	0	0	0	0	0	0	0	0	0	0	0	1	0	0	0	0	0	0	0	0	0	0	0	1	0	1	0	0	3	1	1	1	1	0	0	0	0	0	1	1	0	0	1	0	0	0	1	1	0	0	0	0	0	0	0	0	0	0	0	0	0	0	0	0	0	0	0	0	0	1	0	0	0	0	0	0	0	0	0	0	0	0	0	0	0	5	0	0	0	0	2	0	0	0	0	0	0	0	0	0	1	0	0	0	0	0	3	0	0	0	0	0	0	0	0	0	0	0	1	1	0	1	0	0	0	0	0	0	0	0	0	0	0	0	0	0	2	0	0	0	0	0	2	0	0	0	0	0	0	0	0	0	0	0	0	0	2	0	0	1	1	0	0	0	1	0	1	0	0	0	0	0	0	0	0	0	0	0	1	0	0	0	0	0	0	0	0	0	0	0	0	0	0	0	0	1	0	0	0	0	0	0	0	0	0	1	0	0	0	0	0	0	0	0	1	1	0	0	1	0	2	0	0	0	0	0	0	0	0	1	0	0	0	0	0	0	0	0	0	0	0	0	0	0
3:Ins:R:4	0	0	0	0	0	0	0	0	0	0	0	0	0	0	0	0	0	0	1	0	0	0	0	0	0	0	0	0	0	0	0	0	0	0	0	0	0	0	0	0	0	0	0	0	1	0	0	0	0	0	0	0	0	0	0	0	0	1	0	0	0	0	0	0	0	0	0	0	0	0	0	0	0	0	0	0	0	2	0	0	0	0	0	0	7	0	0	0	0	0	0	0	0	0	0	0	0	0	0	0	0	0	0	0	0	0	0	0	0	0	0	0	1	0	0	2	0	0	0	0	15	0	0	0	0	0	0	0	0	0	0	0	0	0	0	1	0	0	0	0	0	0	1	0	0	0	0	0	0	0	0	0	1	0	0	0	0	0	0	0	0	0	0	0	0	0	0	0	0	0	1	0	0	0	0	0	0	0	0	0	0	0	0	0	0	0	0	0	0	0	0	0	0	0	0	0	0	0	0	0	0	8	0	0	0	0	5	1	0	0	0	0	0	0	0	0	0	1	0	0	0	0	0	0	0	0	0	0	0	0	0	0	0	0	0	0	1	0	0	1	0	0	0	0	0	0	0	0	0	1	0	0	0	0	3	0	0	0	0	0	1	0	0	0	0	0	0	0	0	0	0	1	0	0	0	1	0	0	0	0	0	0	0	0	0	0	0	0	0	1	0	0	0	0	0	0	1	0	0	0	0	0	0	0	0	11	0	0	0	0	0	0	0	0	0	0	11	0	0	0	0	0	0	0	0	1	0	0	0	1	0	0	0	0	0	0	1	0	0	0	0	0	0	1	0	1	0	0	0	0	0	0	0	0	0	0	0	0	0	0	0	0	0	0	0	0	0	0	0	0	0	0	0	0	0	0	0	0	0	0	0	0	0	0	0	0	2	0	0	0	0	0	0	0	0	0	0	1	1	0	0	0	0	0	0	0	0	0	0	0	0	1	0	0	0	0	0	0	1	1	1	0	0	0	0	0	0	0	0	0	0	0	1	0	0	0	0	0	0	0	0	0	0	0	0	0	0	0	0	0	1	0	0	0	0	0	0	0	0	0	0	0	0	0	0	0	0	0	0	0	0	1	0	0	0	0	1	0	0	0	0	0	0	0	0	0	0	0	0	0	0	0	0	0	0	0	0	0	0	2	0	0	0	0	0	0	0	0	0	0	0	0	0	1	0	0	0	0	0	0	0	0	0	5	0	0	0	0	0	0	0	0	0	0	0	0	0	0	1	0	0	0	0	0	0	0	0	0	0	0	0	0	0	0	0	0	0	0	0	0	0	0	0	1	1	0	0	0	0	0	0	0	1	0	0	0	0	0	0	0	8	0	0	1	0	0	0	1	0	1	0	0	0	0	0	0	0	0	0	0	1	8	0	0	0	0	0	0	0	0	0	0	0	1	0	0	0	0	0	0	0	0	0	0	0	0	0	0	0	0	0	0	0	0	1	0	0	0	0	0	0	0	0	0	0	0	0	0	0	0	0	1	0	1	1	0	0	0	0	0	0	0	1	0	0	0	0	1	0	0	0	0	1	1	0	0	0	0	0	0	0	1	0	0	0	0	0	0	0	0	0	0	0	0	0	0	0	0	0	1	1	0	0	0	0	0	0	1	0	0	0	0	0	0	0	0	0	0	0	0	0	0	0	0	0	0	0	0	0	0	0	0	0	0	0	0	0	2	0
3:Ins:R:5	0	1	0	2	0	1	0	1	0	0	0	0	0	1	0	0	0	0	0	1	0	3	0	0	0	0	0	0	0	0	0	0	2	0	0	1	1	1	0	0	1	0	0	0	1	2	0	1	0	0	4	1	0	3	1	0	1	0	3	0	1	0	0	0	0	1	0	0	0	3	1	0	0	1	1	3	2	1	2	0	1	0	0	0	29	2	0	0	0	0	0	0	1	1	1	1	0	0	2	0	0	0	0	0	1	2	1	1	0	4	2	2	0	0	1	22	3	0	2	0	81	1	1	0	0	0	1	0	0	1	0	1	0	1	0	1	0	1	0	0	0	0	0	0	0	0	0	0	0	3	2	0	1	3	0	3	1	0	0	1	0	2	1	0	0	0	0	1	0	0	0	0	0	1	0	1	0	0	0	0	0	1	2	0	0	0	0	0	2	0	3	1	1	0	1	0	0	2	1	0	0	107	1	1	3	0	54	0	1	0	0	2	2	0	2	0	1	0	1	0	0	2	0	1	3	0	0	0	1	0	1	0	0	0	1	0	1	1	0	0	0	0	3	0	0	2	3	0	0	0	2	0	0	0	15	1	3	1	0	0	0	1	0	1	1	0	0	0	0	0	0	1	0	0	1	1	0	4	1	0	0	0	1	2	1	1	3	2	4	2	1	3	1	0	0	0	0	3	2	2	0	1	1	0	0	107	0	1	2	1	1	0	0	1	2	1	133	1	1	2	0	0	1	0	1	1	0	0	0	0	0	1	0	1	0	0	0	0	0	0	0	0	2	0	2	0	1	0	0	0	2	0	2	0	0	0	0	2	0	0	1	0	1	3	0	0	0	1	0	1	0	0	0	2	1	2	3	0	1	0	2	0	1	1	1	0	3	0	1	1	1	0	2	1	5	0	1	0	0	1	0	0	1	2	0	0	0	0	1	0	0	1	1	1	2	0	0	1	1	0	1	0	1	0	1	1	0	0	0	1	0	0	0	0	0	0	0	0	0	0	1	1	0	0	5	1	2	4	0	1	1	0	0	0	1	0	1	0	1	0	0	0	0	1	0	0	0	0	2	0	3	0	0	1	0	0	1	0	0	0	1	0	0	1	0	1	1	1	0	0	0	0	0	1	1	1	0	1	0	5	3	0	0	0	1	0	1	0	1	0	0	0	0	0	0	0	0	1	0	1	0	0	1	59	0	0	3	1	0	0	0	0	1	0	2	0	0	0	0	0	0	1	0	0	0	0	3	0	1	0	0	3	0	2	0	1	0	0	0	1	0	0	0	0	0	1	1	1	2	0	0	0	1	0	1	1	0	1	0	2	70	0	1	0	0	1	0	1	0	0	1	0	0	0	1	0	0	0	1	0	0	60	1	0	0	0	1	0	0	0	0	2	0	0	2	0	1	0	2	3	0	1	1	0	0	1	1	1	0	0	0	2	1	1	0	0	1	0	0	0	1	0	1	0	1	0	1	1	0	0	3	0	0	1	1	7	3	0	1	0	1	2	0	2	1	0	0	0	0	0	0	1	0	2	0	1	1	0	0	1	1	2	1	0	0	0	1	0	2	1	0	0	2	0	1	0	1	1	2	0	1	0	0	0	0	3	1	0	0	0	1	1	0	0	0	1	0	0	1	0	0	0	0	0	1	0	0	0	0	0	0	1	0	2	0	0	1	0	0
4:Ins:R:0	1	8	2	8	2	5	4	3	4	4	0	4	8	2	9	6	5	9	7	4	10	19	7	4	4	8	2	7	3	1	1	4	5	5	7	15	4	7	0	4	11	8	2	4	5	5	3	5	5	16	11	6	3	7	6	1	6	5	8	7	6	5	2	3	4	10	8	3	2	8	1	3	17	15	1	4	5	3	8	3	3	5	2	10	53	2	3	2	3	0	7	6	7	3	4	17	4	7	2	3	6	6	7	11	3	5	3	3	6	12	12	3	2	3	13	20	8	2	4	5	101	11	16	11	2	3	9	12	6	15	6	3	7	8	8	3	4	10	5	6	8	8	7	5	8	6	5	6	9	13	7	3	6	4	7	3	12	2	26	3	2	14	4	2	12	1	5	2	3	4	21	2	1	5	3	4	11	3	2	3	2	12	9	6	8	2	2	5	7	4	6	13	7	0	16	5	4	11	8	1	4	127	1	2	0	3	118	12	4	12	4	12	4	9	2	6	5	2	11	6	5	5	8	3	13	4	5	6	4	3	17	7	5	2	3	2	3	8	4	13	2	3	3	3	8	8	1	2	9	2	7	5	4	5	38	8	4	7	5	6	8	5	17	10	9	6	0	12	5	4	9	7	4	13	8	10	4	10	5	3	3	9	5	2	6	7	13	3	10	7	2	11	8	0	1	3	3	2	6	16	4	1	12	2	2	212	19	8	2	6	3	0	9	3	7	6	249	14	4	7	6	14	4	2	9	2	7	4	4	9	3	2	3	8	7	3	3	8	7	6	7	7	6	9	15	7	2	5	9	11	4	2	7	6	13	2	5	10	6	1	1	6	7	7	7	3	20	10	2	6	3	9	4	5	7	4	11	1	4	9	1	6	4	13	10	4	18	4	2	7	8	2	9	8	9	8	5	1	16	5	8	10	3	10	4	7	6	12	12	3	5	12	3	4	9	7	5	3	9	16	7	5	8	1	14	13	6	12	11	4	5	5	4	0	16	3	7	1	6	6	2	9	4	11	4	9	8	7	2	9	1	7	3	3	16	2	5	2	3	4	2	7	7	6	7	2	6	4	3	1	8	10	6	8	1	0	6	10	0	7	4	5	39	4	2	5	4	1	6	4	10	2	5	6	7	3	3	12	5	13	4	10	8	4	3	6	9	6	8	8	7	5	1	14	8	6	10	13	5	8	6	2	4	89	5	3	3	4	5	6	3	2	3	8	8	11	2	7	4	0	5	5	6	4	3	4	9	3	9	4	3	3	0	8	2	12	5	2	3	7	3	6	2	4	3	4	7	6	12	3	2	1	3	4	11	11	2	6	7	5	161	2	4	3	10	12	3	7	7	15	4	6	12	3	10	10	1	1	10	4	6	29	3	0	7	4	2	5	3	5	10	6	3	8	9	6	24	2	3	11	6	5	5	6	4	1	7	2	6	2	2	11	2	1	2	2	5	4	1	2	0	6	3	7	2	2	1	1	5	6	5	15	4	3	4	10	7	7	9	5	3	18	6	7	4	3	18	10	3	2	13	1	7	5	4	4	6	5	8	5	3	6	6	5	6	6	4	6	16	3	2	2	4	8	3	4	8	6	15	9	5	6	2	4	5	1	2	4	5	4	4	15	2	13	3	6	1	0	20	2	0	7	6	3	4	7	3	7	3	6	4	4	16	2	5	3	4	6	3
4:Ins:R:1	2	1	1	1	1	3	2	9	2	2	1	2	3	1	2	1	3	2	1	1	3	5	13	4	4	1	1	5	3	1	0	2	6	1	3	0	17	6	1	5	7	3	1	8	3	2	0	2	3	4	4	3	4	3	28	1	2	3	7	5	4	1	0	5	0	7	3	1	3	3	4	7	2	3	6	3	2	1	4	3	0	1	3	3	9	3	3	1	1	2	6	0	5	12	2	3	3	3	2	3	2	2	0	7	1	2	4	3	2	3	3	1	0	2	11	0	9	0	2	4	11	7	2	4	3	1	5	0	1	2	5	3	5	3	4	2	2	0	1	3	3	3	10	1	2	8	10	1	3	5	1	0	5	5	1	2	5	4	4	0	1	9	1	2	2	1	0	2	1	4	2	2	0	16	1	13	2	4	1	0	1	3	5	2	3	3	3	2	3	4	3	2	3	1	4	2	1	8	5	0	1	19	6	1	3	1	9	1	5	7	2	1	6	3	2	4	7	4	5	0	2	12	9	2	1	2	1	10	3	3	5	9	1	0	3	0	8	3	4	3	0	2	7	3	6	3	5	2	3	2	1	4	9	3	3	1	0	4	1	5	4	7	3	1	15	3	0	3	3	3	2	1	3	4	5	2	2	3	1	1	1	4	5	3	4	0	3	5	6	5	1	2	3	4	1	3	3	3	3	6	4	1	2	1	0	30	4	1	1	1	1	1	3	4	5	1	31	5	2	2	2	5	6	1	13	1	9	2	6	2	0	3	7	3	1	3	3	3	3	2	2	11	3	4	5	2	5	6	3	3	2	4	5	5	7	0	3	2	1	0	3	4	5	7	1	2	11	7	0	2	0	5	2	11	6	1	5	0	4	3	2	5	4	11	1	1	13	5	5	2	0	9	6	4	5	2	7	4	2	3	1	4	6	2	4	4	1	6	3	4	4	3	6	1	3	3	2	1	2	3	4	2	6	2	5	6	4	3	5	6	3	4	5	3	4	4	1	3	7	1	1	4	1	1	2	1	3	1	4	2	2	2	2	16	3	0	3	2	2	2	0	4	2	1	7	5	1	1	3	3	6	2	5	2	1	1	3	2	2	2	0	10	3	3	7	3	1	0	1	1	1	6	3	2	7	5	1	8	0	2	4	1	4	5	2	2	7	3	4	2	4	2	2	1	3	1	3	2	0	3	3	1	0	6	2	4	4	2	2	3	4	3	6	1	0	12	1	4	1	0	2	12	0	4	3	0	1	4	2	1	1	1	4	9	1	7	3	0	0	1	2	2	1	2	2	1	2	4	5	1	2	11	0	2	3	0	1	3	2	4	22	0	0	3	9	2	1	9	1	5	0	1	6	1	2	5	6	2	5	2	5	4	0	2	22	1	1	1	0	11	3	3	2	2	0	2	8	2	0	2	3	7	2	1	1	0	2	2	2	1	5	3	2	1	3	5	4	3	2	1	3	2	3	15	1	1	2	1	4	2	4	10	4	4	3	16	2	4	1	2	2	15	3	3	1	2	1	8	2	1	4	2	8	5	5	3	3	1	3	0	1	3	2	7	3	0	9	2	6	5	9	4	4	3	2	3	5	0	9	3	2	2	3	3	4	1	6	2	0	10	3	2	6	9	1	1	1	1	6	1	1	1	4	0	7	4	3	4	2	1	3	0	10	1	4	1	3	4	3
4:Ins:R:2	0	0	1	0	0	0	0	0	0	0	0	1	0	0	1	0	0	0	1	0	0	1	1	0	0	0	0	0	0	0	0	0	1	0	1	1	0	1	0	0	1	2	1	1	0	0	0	0	1	0	0	0	0	0	0	0	0	0	1	1	0	0	0	0	0	2	0	0	0	1	0	0	1	0	0	0	0	0	1	0	1	2	0	0	6	0	3	3	1	1	0	0	2	0	0	2	1	0	2	0	1	0	0	0	0	1	1	1	0	3	1	1	0	0	1	4	0	0	1	0	9	0	1	2	0	0	0	0	0	0	0	1	0	0	0	0	1	1	0	0	0	0	0	1	0	1	0	0	1	0	0	0	1	0	0	0	0	0	0	0	0	0	0	0	1	0	0	0	0	0	1	0	2	0	0	0	1	0	0	1	0	0	1	1	0	0	0	0	0	3	0	0	1	1	1	1	0	1	3	0	1	12	0	0	1	1	8	4	0	1	0	0	0	0	1	1	0	0	0	1	0	1	2	0	0	0	0	1	2	1	0	1	0	0	0	0	2	3	0	1	1	0	0	0	0	0	0	1	1	0	0	0	0	1	1	0	0	0	1	0	3	0	0	0	2	1	0	2	0	0	1	0	1	0	1	2	1	0	0	1	0	0	1	0	1	0	0	1	2	4	1	0	1	1	0	0	0	0	1	1	0	0	1	0	0	21	0	0	0	0	0	0	0	1	1	0	21	1	0	0	2	0	0	0	1	1	2	0	0	1	0	0	1	5	1	0	0	0	0	1	3	1	3	1	1	0	0	0	0	0	0	0	0	1	5	0	0	1	0	0	0	1	1	0	0	1	2	4	0	1	0	0	1	0	2	0	0	0	0	0	1	0	0	1	0	0	2	1	0	0	0	2	2	0	1	0	0	0	2	0	0	0	2	1	0	0	0	1	2	0	0	1	1	1	1	1	0	1	4	0	0	0	0	1	0	1	5	0	1	1	1	1	0	1	0	0	0	0	0	0	0	1	0	0	0	2	3	0	0	1	0	1	0	1	0	0	1	1	0	0	0	0	1	0	0	0	0	0	0	0	2	0	0	0	0	0	1	0	0	0	1	1	2	0	1	0	0	0	0	0	2	0	0	1	1	0	1	0	0	0	0	0	1	1	0	0	0	0	0	0	0	0	0	0	0	1	1	1	0	0	0	0	0	8	0	0	0	0	0	0	1	0	0	1	0	1	1	1	0	0	1	1	0	0	1	0	0	0	0	0	0	0	0	1	0	0	1	1	0	1	2	0	0	1	1	0	1	0	2	2	0	0	1	0	0	0	0	0	0	0	8	1	0	0	0	2	1	0	0	0	0	0	0	0	1	0	0	1	0	0	0	6	0	0	1	1	0	0	0	1	0	1	1	0	0	0	0	0	0	0	0	1	3	1	0	0	0	0	0	0	0	2	0	0	0	0	0	0	0	1	0	1	0	0	0	0	1	0	2	0	0	0	0	1	0	1	1	0	1	1	0	2	1	0	0	1	2	1	0	1	0	0	1	0	0	0	1	0	4	1	0	0	0	0	1	0	0	0	0	1	1	1	0	1	0	0	0	2	0	0	0	1	0	0	1	1	0	0	0	0	1	2	0	2	0	0	1	0	0	0	0	0	0	0	1	2	0	1	0	0	0	1	1	0	0	0	0	1	1
4:Ins:R:3	0	0	0	2	0	0	0	1	1	0	1	0	0	1	1	0	0	0	0	1	0	1	0	0	0	0	0	1	0	0	0	0	0	0	0	2	0	0	0	0	3	0	0	0	0	0	0	0	0	0	0	1	1	1	0	0	0	0	1	0	0	0	0	0	0	0	0	0	0	0	0	2	0	2	0	0	0	1	0	0	0	0	0	2	6	0	0	0	0	0	0	0	0	2	0	0	1	0	0	0	1	0	0	1	1	0	0	0	0	1	1	0	0	0	0	0	0	0	0	0	9	0	0	0	0	0	0	0	0	0	1	0	0	0	1	1	0	1	0	0	0	0	0	0	1	0	0	0	0	0	0	0	0	1	0	0	1	1	0	0	0	0	0	0	0	0	0	0	1	0	0	0	0	1	0	2	2	0	0	0	0	0	0	0	0	0	0	0	1	0	0	2	0	0	2	0	0	0	0	0	0	21	0	0	1	0	12	0	0	0	0	0	0	0	1	0	0	0	0	0	0	0	0	0	0	0	1	0	1	0	2	1	0	0	0	0	1	0	0	1	0	0	0	0	0	1	0	1	1	0	0	0	0	0	6	0	0	0	0	0	0	1	0	0	1	1	0	1	0	0	0	0	1	0	0	1	0	0	0	0	0	0	0	0	0	0	0	0	2	1	0	0	0	0	0	0	0	2	1	0	0	0	1	0	1	25	0	0	0	1	0	0	2	0	0	0	39	1	0	1	0	0	0	0	1	0	0	0	0	0	0	0	0	1	0	0	1	0	0	0	1	2	0	1	1	0	0	0	0	0	0	0	0	0	3	0	0	0	1	0	0	0	0	0	0	0	1	1	0	1	0	0	0	0	0	1	0	0	0	0	0	0	0	0	0	0	0	0	0	1	0	1	0	0	1	0	0	0	1	0	0	0	0	0	0	0	0	0	1	0	2	0	0	0	2	0	0	1	0	0	1	1	0	0	1	1	1	2	0	0	0	1	0	0	0	1	2	0	0	0	0	0	1	0	2	0	0	0	0	0	0	1	1	0	0	0	0	0	1	0	0	0	0	0	0	0	0	2	0	0	2	0	0	0	0	0	0	0	0	0	0	0	0	0	1	0	0	1	1	0	0	0	0	0	1	0	0	0	0	2	1	0	0	0	0	0	0	0	0	0	0	1	0	0	0	0	0	0	0	0	0	0	0	11	0	0	1	0	0	0	0	0	1	0	1	0	0	0	1	0	0	0	1	0	0	0	0	0	0	1	0	0	0	1	0	4	0	0	0	1	0	0	0	0	0	0	0	1	0	1	0	0	1	0	0	0	0	1	0	0	22	1	0	0	1	2	0	0	0	0	0	1	1	0	2	0	0	1	0	0	0	11	0	0	0	0	0	0	0	0	0	0	0	0	0	0	2	0	1	0	1	0	0	0	1	0	0	0	0	0	0	1	0	0	0	0	1	0	0	0	1	1	0	2	0	1	0	1	0	0	0	2	0	0	0	1	1	1	0	0	1	0	0	1	0	0	0	0	0	0	0	0	0	0	0	0	0	0	0	0	0	1	0	0	1	0	0	0	1	0	0	0	0	1	0	1	0	0	0	0	0	0	0	0	0	1	0	1	0	1	0	0	1	0	0	0	1	0	1	0	0	0	0	0	0	1	0	0	0	0	0	0	0	0	0	0	0	0	0
4:Ins:R:4	0	0	0	0	0	0	0	2	2	0	1	0	0	0	0	0	0	1	0	0	0	3	0	0	1	0	0	0	1	0	0	0	0	0	0	1	4	0	0	0	0	0	0	0	0	0	0	0	1	1	1	0	2	0	0	0	0	0	1	1	0	1	0	0	1	1	0	0	0	0	0	0	0	1	0	0	0	0	0	0	1	0	0	0	6	0	1	0	0	0	0	0	2	0	0	0	1	0	0	0	0	0	2	1	0	1	0	0	0	0	0	0	1	0	2	1	0	0	0	1	24	2	0	1	0	1	1	0	0	0	0	1	0	0	0	0	1	0	0	0	1	1	0	0	2	1	1	0	0	1	0	0	1	2	0	1	2	0	1	1	0	0	0	0	0	0	1	0	0	1	1	0	0	1	1	0	2	0	0	0	0	1	0	0	1	0	1	0	0	1	1	1	0	0	2	1	0	1	0	0	0	34	0	2	0	0	18	0	1	1	0	0	0	0	1	0	0	0	1	1	0	0	0	1	0	0	0	0	0	0	0	0	0	0	0	0	1	0	1	0	0	0	0	2	1	0	0	2	1	0	0	0	0	0	6	0	0	0	0	0	0	0	1	1	1	0	0	1	1	1	0	0	0	0	0	2	0	0	1	0	0	0	0	0	0	0	0	0	4	0	0	1	1	0	0	0	0	1	0	1	1	0	0	0	0	50	0	0	0	0	0	0	0	0	1	0	53	1	0	2	0	2	1	0	1	1	2	2	1	0	0	1	1	0	0	0	0	0	0	0	0	0	1	0	2	0	0	0	0	0	0	1	0	0	0	0	0	1	0	0	0	1	0	0	1	0	0	2	0	0	0	0	1	1	1	0	0	1	0	1	1	0	0	0	0	0	4	0	2	0	0	0	2	0	0	0	0	0	0	0	0	1	0	1	0	0	0	0	0	0	0	0	0	0	0	2	0	0	0	1	1	0	0	0	1	1	1	0	0	0	0	0	0	0	0	0	0	0	0	0	1	0	0	0	0	0	0	0	0	0	0	0	0	0	0	0	2	0	0	0	0	0	0	0	0	0	0	1	0	0	2	0	0	0	0	1	0	0	0	0	1	0	0	0	0	0	0	0	0	0	0	0	0	1	1	0	1	0	0	5	0	0	0	0	0	0	1	0	1	0	0	0	1	0	0	1	0	0	2	0	0	0	1	14	0	0	1	0	1	1	0	0	0	3	0	0	0	0	0	1	0	0	0	0	0	0	0	0	0	1	0	0	0	1	0	1	0	0	0	1	1	0	0	0	0	0	1	1	0	0	0	0	0	1	0	0	0	1	1	0	32	1	0	0	0	1	0	0	0	0	1	0	1	0	0	0	0	0	0	1	0	21	0	0	0	0	1	0	1	0	0	0	0	0	0	0	0	0	1	1	2	0	0	0	0	0	1	0	0	2	0	3	0	0	0	0	0	0	0	0	0	0	1	1	0	0	1	0	0	1	0	0	0	0	3	0	0	0	0	3	0	1	1	0	0	0	1	0	0	0	2	0	1	2	0	2	0	0	0	2	0	1	1	1	0	0	0	0	2	0	0	0	0	1	0	0	1	0	0	1	0	0	0	0	0	2	0	0	0	0	1	2	0	0	0	0	2	0	1	0	0	0	0	0	0	0	0	0	0	0	0	0	1	0	0	0	1	0	0
4:Ins:R:5	0	0	0	1	0	0	0	1	0	1	0	1	0	0	0	0	1	1	0	0	0	2	1	1	1	0	0	0	0	0	0	0	0	1	1	1	1	1	0	1	0	0	1	0	0	3	0	1	2	0	1	1	0	0	0	0	0	1	2	1	0	0	0	0	0	4	1	0	0	2	1	0	0	0	0	1	1	1	0	2	0	3	0	1	12	0	0	0	0	0	0	0	0	0	0	0	0	0	1	0	2	0	1	0	2	0	0	1	0	1	1	0	1	1	2	2	0	1	0	3	22	1	0	1	1	0	0	1	0	2	1	0	0	2	0	0	0	2	0	0	1	0	0	0	0	0	0	0	0	0	0	0	0	0	1	0	0	2	0	2	0	0	1	1	1	0	0	1	1	0	1	0	0	1	1	1	2	1	0	0	0	1	4	0	0	0	0	0	0	0	2	0	1	0	3	0	0	0	1	1	0	20	0	1	1	2	20	1	0	0	0	1	1	1	2	0	0	0	1	1	0	0	2	1	0	1	1	1	1	0	2	1	0	1	1	0	0	2	1	1	0	0	0	1	1	1	0	0	1	1	1	0	1	0	6	0	0	0	3	0	0	2	2	2	0	0	0	0	0	1	0	0	1	0	1	1	1	2	2	1	1	0	0	0	0	3	0	0	1	1	0	1	1	0	0	0	1	2	0	1	1	0	1	0	0	36	0	0	1	1	1	0	0	2	2	0	27	0	0	0	1	0	1	0	4	0	2	0	0	0	1	0	0	1	0	0	0	0	0	0	0	1	0	2	2	0	1	1	1	0	0	0	0	0	0	0	0	0	1	0	0	0	0	0	1	0	1	1	1	0	1	0	1	2	0	0	2	1	0	1	0	0	1	1	0	1	7	2	1	1	0	0	1	1	1	0	0	1	1	1	0	1	0	2	0	1	1	0	0	0	1	0	0	0	0	0	0	0	2	0	0	0	0	0	2	5	2	0	0	0	0	0	2	2	1	0	0	0	2	0	0	3	0	0	2	1	1	0	1	0	0	0	0	0	2	0	2	0	1	0	0	0	1	0	0	0	0	1	2	0	1	3	1	0	0	0	0	2	0	2	0	1	0	1	0	0	1	1	0	0	1	1	0	0	2	1	0	0	1	8	1	0	1	0	0	0	0	0	0	0	1	0	0	0	0	2	0	2	0	0	0	1	2	10	2	3	1	1	0	0	0	0	3	2	0	1	0	0	0	0	0	0	0	1	2	1	3	1	1	0	0	3	2	1	0	1	0	1	0	1	0	0	0	0	0	0	1	0	0	1	0	0	0	0	0	0	1	0	0	0	30	0	0	0	1	1	0	6	0	0	0	1	1	0	0	1	1	1	1	0	1	20	0	0	0	0	0	0	0	0	0	0	2	0	2	0	0	0	1	0	0	0	0	0	2	0	0	2	0	1	0	2	0	0	0	0	1	1	1	1	0	0	0	1	0	1	1	0	0	1	1	0	0	0	1	0	1	0	0	0	1	1	0	3	0	0	1	1	1	1	0	0	2	0	0	2	0	1	0	1	1	0	1	0	2	2	0	0	2	0	1	1	1	0	3	1	0	0	1	0	1	0	0	0	0	4	0	0	2	2	2	0	0	1	0	0	0	0	0	0	0	0	0	0	0	0	0	1	0	1	1	1	1	0	1	1	0	1	1
5:Ins:R:0	30	24	16	55	12	36	31	19	18	38	18	51	52	52	59	39	73	32	50	27	18	74	41	27	23	24	16	30	9	53	25	21	39	19	61	22	49	84	28	30	69	41	26	33	47	29	9	24	23	26	91	27	27	31	23	13	33	63	35	25	27	28	28	11	9	77	20	39	12	28	35	238	27	52	10	16	12	66	31	25	21	35	12	38	124	20	7	11	16	13	10	23	50	26	41	59	14	15	63	19	40	21	11	121	41	88	17	25	92	105	30	46	20	13	80	57	23	25	42	62	410	35	61	22	17	54	97	45	22	47	43	43	67	28	45	18	30	34	14	90	14	12	25	52	33	46	49	8	17	26	26	38	61	54	31	28	41	17	71	17	15	29	14	44	65	12	12	16	18	13	43	22	28	29	19	49	25	29	11	48	27	74	49	42	52	13	14	29	42	29	39	22	31	26	46	24	17	33	17	18	22	313	12	13	18	97	343	57	47	42	46	30	47	60	33	30	26	50	54	20	46	19	33	32	25	16	24	48	48	62	134	85	62	29	23	16	75	30	26	67	53	45	21	93	55	45	14	31	15	15	67	17	14	35	99	72	23	50	50	15	48	53	94	87	39	61	38	25	68	13	63	60	33	50	11	108	16	46	38	25	18	56	19	71	26	31	103	21	46	32	30	31	18	18	19	45	35	24	23	77	23	12	58	11	16	607	146	34	18	34	41	9	35	11	74	16	523	38	12	25	92	50	89	31	80	33	56	53	73	25	31	20	45	105	32	38	45	79	24	22	50	78	42	58	73	29	25	60	44	23	28	25	41	25	79	40	34	37	31	36	28	52	26	39	63	42	67	141	20	38	66	34	44	68	54	42	66	34	25	61	69	46	49	54	48	26	83	44	33	81	27	47	72	79	65	14	66	43	106	34	47	50	35	32	26	68	103	49	75	30	33	44	42	35	54	43	29	33	46	85	146	68	61	24	113	51	81	30	35	114	68	53	77	81	239	166	63	48	60	28	41	42	33	44	27	81	65	43	29	53	85	20	32	79	71	50	45	13	22	40	16	27	47	38	76	48	47	19	29	13	145	84	82	16	72	18	47	83	11	51	102	40	90	39	51	90	52	31	41	18	60	77	89	52	37	32	55	82	30	78	53	44	60	83	40	21	19	36	36	17	32	15	7	30	26	23	27	33	6	28	11	9	20	188	22	24	16	21	19	31	20	44	13	32	48	29	27	26	35	13	18	24	27	12	20	12	31	11	20	20	12	40	11	24	31	24	29	21	7	26	16	19	14	17	21	36	38	61	50	79	37	35	57	93	70	42	51	129	44	62	421	52	37	60	41	125	42	82	147	79	77	52	64	46	28	49	23	24	42	34	36	188	6	5	53	35	22	17	27	43	26	52	38	33	35	29	39	8	12	30	22	22	19	16	18	10	23	21	19	27	14	46	21	27	23	16	62	29	15	18	20	32	12	30	8	18	24	31	42	28	20	45	21	18	30	24	18	21	29	17	19	68	53	19	21	12	54	69	17	13	25	8	11	16	13	23	18	54	17	20	26	22	24	13	18	20	34	15	84	38	97	82	49	123	214	85	32	22	261	375	74	52	27	39	32	27	56	73	16	46	56	97	29	26	29	59	26	20	113	45	37	15	22	19	20	20	6	20	16	17	16	13	68	15	11	15	22	19	25
5:Ins:R:1	5	6	7	27	4	8	3	10	0	7	3	6	6	6	10	4	15	8	2	6	8	25	23	12	2	8	2	7	2	4	4	2	12	5	19	5	19	12	1	3	49	15	7	6	19	11	12	14	17	13	32	8	8	6	15	2	8	10	9	7	7	3	5	6	5	8	14	2	1	7	6	5	11	12	12	7	4	6	4	4	6	6	7	9	17	6	8	3	7	2	3	4	8	6	10	14	7	5	7	8	5	8	2	17	13	11	6	11	8	25	5	7	3	3	22	5	13	5	9	20	27	9	26	6	9	5	10	8	8	12	8	4	9	3	22	8	3	17	5	8	3	5	24	5	4	9	9	6	6	20	4	3	3	15	4	6	17	8	20	6	2	17	5	3	9	6	9	9	7	5	10	5	6	7	7	11	3	4	7	4	9	8	16	12	0	2	5	4	9	19	8	11	4	6	23	11	8	21	8	8	11	32	5	6	12	5	44	12	8	16	1	4	8	4	10	10	20	4	10	9	6	18	18	8	8	4	4	7	7	9	31	4	6	3	7	7	5	20	5	32	5	10	3	16	7	4	17	7	7	6	10	2	3	10	19	6	3	12	8	6	14	7	17	7	22	7	3	9	0	6	5	8	6	8	9	17	7	4	5	5	5	14	8	5	13	5	9	6	14	10	4	11	9	4	2	5	5	16	8	31	7	4	30	6	10	45	20	5	3	5	2	4	7	4	8	9	64	18	8	9	24	12	7	1	21	2	6	7	8	11	2	8	5	41	5	5	14	10	8	9	15	17	4	7	18	8	9	9	6	8	8	7	11	6	80	2	6	9	4	10	6	12	9	12	6	9	39	4	2	10	6	11	8	11	7	3	10	3	17	16	12	9	7	8	7	4	21	4	7	21	8	12	15	13	27	2	10	4	37	2	2	12	7	10	4	8	8	14	14	1	6	4	2	5	14	11	3	6	18	23	22	6	2	2	11	19	43	3	14	11	6	8	5	14	25	13	6	4	14	3	4	19	8	3	13	9	16	7	4	6	3	10	8	11	8	5	5	7	10	5	4	13	11	2	5	2	3	7	1	8	23	19	7	6	6	8	6	19	7	12	3	24	8	11	3	2	4	4	9	13	2	30	9	15	14	6	0	27	5	27	6	17	13	6	6	4	4	4	6	2	5	7	2	13	21	9	7	10	3	8	4	6	6	27	3	3	14	2	2	4	11	7	6	13	17	6	5	8	7	1	17	14	11	3	4	4	6	2	3	8	9	5	2	8	6	11	8	8	2	14	3	4	3	6	4	14	11	9	15	9	7	4	8	6	6	12	3	10	10	6	39	1	5	12	12	26	3	9	15	11	5	3	21	4	6	22	9	8	18	7	10	29	7	1	15	7	2	8	1	12	5	17	2	11	16	11	11	5	8	5	9	8	17	9	4	4	3	10	6	2	4	23	3	9	22	6	32	2	8	7	7	5	8	19	6	8	25	3	20	5	11	45	5	11	11	11	13	9	5	11	7	44	14	5	9	3	11	18	1	3	6	5	12	8	3	7	5	3	12	3	11	10	6	8	5	4	8	4	11	14	9	4	12	7	10	2	26	7	38	19	17	9	6	4	5	10	8	10	4	9	10	16	3	10	1	4	5	0	12	3	3	9	19	17	9	8	5	11	4	2	4	10	16	4	3	4	6	11	7
5:Ins:R:2	0	0	0	0	0	1	0	0	1	1	0	1	0	1	0	0	0	0	0	0	0	2	0	1	2	0	0	0	0	0	0	0	1	0	3	0	0	0	0	3	2	0	0	1	0	0	1	0	2	0	1	1	3	1	0	0	1	1	0	0	0	0	0	0	0	1	3	0	0	0	1	0	1	0	0	0	0	1	2	0	0	1	0	0	2	1	0	0	0	0	0	0	0	0	0	1	0	1	0	2	2	1	0	1	4	1	0	0	1	0	1	1	0	1	1	1	1	0	0	0	9	0	0	1	2	1	2	1	3	0	0	0	1	2	0	0	2	2	1	1	0	1	0	0	1	0	0	0	0	2	0	0	0	2	0	0	1	1	0	1	0	0	2	1	0	0	0	0	0	0	0	2	0	0	0	1	0	0	0	0	1	1	2	0	2	0	1	0	1	1	1	0	0	0	1	0	0	1	0	0	1	12	0	2	1	0	9	1	0	1	0	1	0	2	1	1	0	2	0	1	0	0	1	0	1	1	0	1	0	1	1	1	0	0	0	0	0	0	2	6	0	0	1	0	0	3	0	1	0	1	0	0	0	0	5	0	1	0	1	0	2	0	0	0	0	0	0	1	0	0	1	0	1	1	1	1	0	0	0	2	1	0	0	0	1	0	0	0	3	0	2	2	0	0	0	0	1	2	0	1	0	2	1	0	2	23	1	1	1	1	0	0	0	2	1	0	18	2	0	1	0	0	1	0	1	0	2	0	2	0	0	0	0	8	1	0	0	2	0	1	5	0	2	1	2	0	1	0	0	0	1	0	2	1	7	0	1	1	0	1	0	4	2	1	0	2	1	2	0	1	0	1	3	1	2	1	3	0	2	0	1	2	0	1	0	1	2	1	0	2	0	1	0	1	1	0	0	0	5	1	0	0	1	1	0	0	2	3	1	0	1	0	0	1	1	4	0	1	0	3	3	0	1	0	1	1	8	0	1	0	0	1	2	1	0	0	1	0	0	0	0	0	1	1	0	0	1	1	2	0	1	0	0	0	1	0	1	0	2	0	0	3	1	1	0	0	1	2	1	0	3	1	1	1	0	0	1	0	0	0	1	1	0	0	0	0	0	0	1	0	0	0	0	1	1	1	1	3	0	2	0	0	0	2	0	2	2	0	0	0	0	0	0	1	0	0	1	0	0	2	2	0	1	9	0	0	1	2	0	0	0	0	0	1	0	1	0	2	0	0	2	1	0	1	1	0	3	0	0	0	1	1	0	2	0	2	1	1	0	0	0	0	0	0	1	0	0	0	1	0	0	3	0	0	0	0	0	0	1	1	9	0	1	1	0	3	0	0	0	0	0	0	0	1	4	0	2	0	0	0	0	3	1	0	0	0	1	0	0	0	0	5	0	2	0	0	0	0	0	0	0	0	1	0	0	0	0	0	2	0	1	2	0	1	2	1	2	1	1	1	1	2	0	1	0	0	1	0	2	0	0	1	0	0	0	1	0	0	1	0	0	2	1	1	0	0	1	4	0	0	1	1	0	1	0	0	0	0	0	1	1	0	2	1	0	0	0	0	0	0	2	1	1	0	2	0	2	2	3	2	0	2	1	0	0	2	0	0	0	0	2	1	0	0	0	0	0	0	2	1	1	0	0	2	1	0	0	1	1	1	0	1	0	0	0	1	0	0	0
5:Ins:R:3	0	0	0	0	0	0	0	0	0	0	0	2	0	1	0	0	0	0	0	0	0	2	1	0	0	0	0	0	0	0	0	0	0	0	0	0	1	1	0	0	0	0	0	0	0	0	0	0	0	1	0	1	0	0	0	0	0	0	1	0	0	0	1	0	0	0	0	0	0	0	0	1	1	1	1	0	0	0	1	0	0	0	0	0	2	0	0	0	0	1	0	0	0	0	0	0	0	0	0	0	0	0	0	0	0	1	0	0	0	1	1	0	0	1	3	1	0	1	1	1	3	0	1	1	0	1	1	0	0	0	0	0	0	0	0	0	0	0	0	0	0	0	0	0	0	0	0	0	0	1	0	0	0	1	0	0	0	0	0	0	0	0	0	0	0	0	0	0	1	0	0	0	0	1	0	1	0	1	0	0	0	0	0	0	0	0	0	0	0	1	0	0	0	0	2	0	0	1	2	0	0	3	0	1	1	0	3	0	0	0	0	0	0	0	0	0	0	0	0	0	1	0	0	0	0	0	0	1	0	0	3	0	0	0	1	1	0	0	0	0	0	0	0	0	0	0	0	0	0	0	1	1	0	0	0	0	0	1	1	0	0	0	0	0	0	0	0	0	0	1	0	1	1	0	0	0	0	0	0	0	1	0	0	1	0	1	0	1	0	0	1	0	0	0	0	1	0	1	1	1	0	0	0	0	0	7	1	1	0	0	0	0	0	0	0	0	10	0	0	0	0	0	0	0	0	1	0	0	0	0	0	0	0	0	0	0	0	0	0	0	0	0	0	0	2	0	0	0	0	0	0	0	1	0	2	0	0	0	0	0	1	0	0	0	0	0	0	0	0	0	0	0	1	1	0	0	1	0	0	0	1	0	0	0	0	0	3	0	0	0	0	0	0	0	0	0	0	0	0	0	0	0	0	0	0	0	0	0	0	0	0	1	0	0	1	0	0	1	1	0	0	0	0	0	0	0	0	0	0	0	0	1	0	0	0	0	0	0	0	1	0	0	0	0	0	0	0	0	0	1	0	0	0	0	1	0	1	0	0	0	0	1	0	0	0	0	1	0	0	0	0	0	0	0	0	0	1	0	0	0	0	0	0	0	0	0	0	0	1	0	1	0	0	0	0	0	0	0	0	3	0	0	1	0	1	0	0	1	0	0	0	0	0	0	1	0	0	0	0	0	0	1	1	0	0	0	1	0	0	0	0	0	0	0	0	0	0	0	0	0	0	1	1	0	0	0	0	1	1	0	0	0	0	0	0	0	0	0	0	0	1	0	0	0	0	0	1	0	0	0	0	0	0	0	0	0	0	0	1	0	9	0	0	0	0	0	0	2	0	1	0	0	0	1	0	0	0	0	0	0	0	2	0	1	0	0	0	0	0	0	0	0	0	0	1	0	1	0	0	0	0	0	0	1	0	0	0	1	0	0	0	2	0	0	0	1	0	1	0	0	0	1	0	1	0	0	0	0	0	0	0	2	0	0	2	0	0	1	1	0	0	0	3	0	0	0	0	1	0	0	0	1	2	0	0	1	1	0	0	0	0	0	0	0	0	0	0	0	0	1	0	1	0	2	1	0	1	0	0	2	1	1	0	0	1	0	0	0	0	0	0	1	0	0	0	0	0	1	2	0	0	0	0	0	1	0	0	1	0	0	0	0	0	0	0	0	0	0	0
5:Ins:R:4	0	0	0	2	0	0	0	1	0	0	0	0	0	0	1	0	0	0	0	0	0	0	0	0	0	0	0	0	0	0	0	0	0	0	0	0	0	0	0	0	0	0	0	0	0	0	1	0	1	0	1	1	0	0	0	0	0	1	0	0	0	0	0	0	0	0	0	0	0	0	0	0	0	0	0	0	0	0	1	0	0	0	1	0	4	1	0	0	0	0	0	0	0	0	0	0	0	1	0	0	0	0	0	0	0	0	0	0	0	1	1	0	0	0	0	1	0	0	0	2	3	0	0	0	0	0	1	0	0	0	0	0	0	0	0	0	0	1	0	0	0	0	0	1	0	0	0	0	0	1	0	0	0	0	0	0	0	0	0	0	0	0	0	0	0	0	0	0	0	0	0	0	0	0	0	0	0	0	0	0	0	0	0	0	0	0	0	0	0	1	0	0	1	0	1	0	1	0	0	0	0	3	0	1	0	0	4	0	0	0	0	0	0	1	0	0	0	1	0	0	0	0	0	1	0	0	1	0	0	0	0	0	0	0	0	0	0	0	0	2	0	0	0	2	0	0	0	0	0	0	0	0	1	0	2	0	0	0	0	0	0	1	0	0	0	0	0	1	0	0	0	0	0	0	0	0	0	0	0	1	0	0	0	0	0	0	0	0	1	0	0	0	0	1	0	0	1	2	0	1	0	0	3	0	1	3	0	0	0	0	0	0	0	0	0	0	2	0	0	0	1	1	0	0	0	0	0	0	0	0	0	1	0	0	1	0	0	0	1	0	0	0	0	0	1	0	1	0	0	0	0	0	0	0	0	0	0	0	0	0	0	0	0	0	0	0	0	0	0	0	0	0	0	0	0	0	0	0	1	0	0	0	0	0	0	0	1	1	1	2	0	0	0	0	0	0	0	1	2	1	0	0	0	1	0	2	0	0	0	0	0	0	0	2	0	0	0	0	0	0	0	0	0	0	1	0	0	0	0	0	0	1	0	0	0	0	0	0	0	0	0	0	0	0	0	0	0	0	0	0	0	0	0	0	0	0	0	0	0	0	0	0	0	0	0	0	0	0	1	0	0	0	1	0	0	0	0	0	0	1	0	0	0	0	0	0	0	0	0	0	0	0	0	0	0	0	0	0	0	2	0	1	0	0	0	0	0	0	0	0	0	0	0	0	0	0	0	1	0	0	0	0	0	0	0	0	0	0	0	0	0	0	0	0	0	1	0	0	0	0	0	1	0	0	0	0	1	0	0	0	0	0	0	1	0	0	0	0	0	1	0	0	0	0	0	0	1	0	0	2	0	0	0	0	0	1	0	0	0	0	2	0	0	0	0	1	0	1	0	1	0	0	1	0	1	0	0	0	0	0	1	6	0	0	0	0	0	0	0	0	0	0	0	0	1	0	0	0	0	0	3	0	2	0	0	0	1	0	0	0	0	0	0	0	0	0	0	0	0	0	0	0	0	0	0	0	0	0	0	0	0	0	0	0	0	1	1	0	0	0	0	0	1	0	0	2	0	0	0	0	0	0	0	0	0	1	0	0	0	0	0	1	0	0	0	0	0	0	0	0	0	0	2	0	0	0	1	0	0	0	0	0	0	0	0	0	0	0	0	0	0	0	0	0	0	0	0	0	0	0	0	1	0	0	0	0	0	0	0	0	0	0	0	0	0	0	0	0	0
5:Ins:R:5	0	0	0	0	0	0	0	0	0	0	0	0	0	0	0	0	0	0	0	0	0	1	1	0	0	0	0	0	0	0	0	0	0	0	1	0	1	1	0	0	0	1	0	0	0	0	0	0	0	0	0	0	0	0	0	0	0	0	0	0	0	0	0	1	0	1	0	0	0	0	0	0	1	1	0	0	0	0	0	1	0	0	0	0	0	0	0	0	0	0	1	1	0	0	0	0	0	0	0	0	1	0	0	0	0	0	0	1	0	0	1	0	0	0	0	0	0	0	0	0	0	0	0	0	0	0	0	0	0	0	0	0	0	0	1	0	0	0	0	0	0	0	0	0	0	0	1	0	0	1	0	0	0	1	0	0	0	0	0	0	0	0	0	0	0	0	0	0	0	1	0	0	0	0	0	0	1	0	0	0	0	0	0	0	0	1	0	0	0	0	0	0	1	0	0	0	0	0	0	0	0	1	0	0	1	0	2	0	0	0	0	0	0	0	0	0	0	0	0	0	0	0	0	0	0	0	0	0	0	0	0	0	0	1	0	0	0	0	0	0	0	0	0	0	0	0	0	0	1	0	1	0	0	0	0	0	0	0	0	0	0	1	0	0	0	0	0	0	0	0	0	0	0	0	0	0	0	0	0	0	0	0	0	0	0	0	1	0	1	1	0	0	0	0	0	0	0	0	0	1	0	0	0	0	0	3	0	0	0	0	0	0	0	0	0	0	1	0	0	0	0	0	0	0	0	0	0	1	0	1	1	0	1	0	0	0	0	0	0	0	0	1	0	1	0	0	0	0	1	0	0	0	0	0	1	0	0	0	0	0	0	0	0	0	0	0	0	0	0	0	0	0	0	0	0	1	0	0	1	0	1	0	0	0	0	0	1	0	0	0	0	0	0	0	0	0	0	0	0	1	0	0	0	0	0	0	0	0	0	0	0	1	0	1	0	1	0	1	0	0	0	0	0	0	0	0	0	1	0	0	0	0	0	0	1	0	0	0	0	0	0	0	0	0	0	0	0	0	0	0	0	0	0	0	0	0	0	0	0	0	0	0	0	0	0	0	0	0	0	0	0	0	0	0	0	0	0	0	0	0	0	0	0	0	0	0	0	0	0	0	0	0	0	0	1	0	0	0	0	0	0	0	0	0	0	0	0	0	0	0	0	0	0	0	1	0	1	0	0	0	0	0	0	0	1	0	1	0	0	0	0	0	0	0	1	0	0	0	0	0	0	0	1	0	0	0	0	0	0	0	0	1	0	0	0	1	0	0	0	0	0	0	0	0	0	0	0	0	1	0	1	0	0	0	1	0	0	0	0	0	6	0	0	0	0	0	0	1	0	0	0	0	0	0	0	1	0	0	0	0	0	3	0	0	1	0	0	0	0	0	0	1	0	0	0	0	0	0	0	0	0	0	0	0	0	0	0	0	0	0	0	0	0	0	0	0	0	0	0	0	0	0	0	0	0	1	0	0	1	0	0	0	0	0	1	0	0	0	1	0	0	0	0	1	0	0	0	0	0	0	0	0	0	2	0	0	0	0	0	0	0	1	0	0	0	0	0	0	0	0	0	0	0	0	0	0	0	0	0	0	0	0	0	0	0	0	0	0	0	0	0	0	0	0	0	0	0	0	0	0	0	0	0	0	0	0	0	0	0	0	0	0	1	0	0	0	1	0	0
2:Del:M:1	9	7	8	12	5	13	7	15	3	25	4	18	12	3	15	2	6	11	10	6	4	29	19	15	7	8	9	8	6	3	4	6	17	12	14	13	26	9	15	11	17	14	10	15	12	16	10	12	15	16	15	17	8	9	15	1	15	13	17	16	6	10	5	7	5	15	18	5	9	15	19	12	16	18	8	5	6	6	8	11	6	11	7	14	129	10	12	4	9	11	8	21	17	14	6	13	7	2	4	10	7	5	8	18	13	13	12	20	9	30	29	6	7	5	50	21	13	8	11	6	322	27	16	14	8	11	16	13	4	11	12	4	11	11	14	20	13	16	8	11	10	5	26	26	15	18	23	4	5	18	6	3	8	46	8	19	28	16	17	11	3	23	13	4	15	3	7	18	8	10	6	152	4	10	8	34	10	7	6	10	9	9	12	6	5	4	10	9	11	11	6	21	26	9	19	12	9	28	24	2	12	224	19	8	13	11	159	17	11	23	3	4	13	7	13	11	14	3	10	6	4	30	17	4	13	11	65	25	13	7	15	23	3	6	9	8	14	26	9	14	8	6	10	22	10	19	14	10	25	21	13	12	8	23	44	12	8	13	17	9	12	26	19	12	28	9	9	15	2	8	13	14	30	19	15	18	7	17	12	9	7	18	22	7	10	7	12	5	37	17	7	14	26	7	10	9	19	16	13	40	11	5	23	4	8	422	27	11	2	8	8	6	9	5	13	8	304	55	20	10	11	8	8	2	28	10	14	10	30	11	2	8	8	30	10	7	10	9	10	14	19	28	17	6	14	4	10	11	6	19	11	12	29	5	40	5	6	25	9	15	8	20	7	14	4	11	19	19	4	3	3	11	16	20	58	20	9	4	21	8	11	15	6	5	15	9	22	22	18	18	5	5	18	7	20	5	42	11	14	2	8	10	24	23	6	10	11	21	25	13	10	7	6	22	12	21	9	8	24	13	12	11	13	10	21	28	30	9	23	38	14	14	10	14	31	18	24	8	10	9	10	32	11	13	18	19	27	11	20	8	7	11	6	14	9	0	13	10	17	4	7	7	7	15	11	7	17	15	11	12	14	20	12	24	23	9	17	16	17	9	4	7	30	16	16	9	13	6	11	9	11	24	8	18	21	6	8	28	7	17	12	10	12	6	11	11	17	13	18	10	6	17	6	28	6	7	15	28	9	6	11	7	4	110	9	9	29	11	11	7	9	7	25	25	11	14	6	19	8	1	7	5	14	6	12	18	4	6	19	17	16	13	6	10	8	11	6	6	6	18	8	9	6	6	9	12	11	16	17	6	4	24	9	5	30	16	8	16	9	5	273	11	8	18	13	8	10	17	7	7	10	5	19	3	4	31	24	12	31	5	17	185	7	5	28	10	7	9	10	11	8	19	7	6	26	10	24	6	16	7	12	9	17	12	1	12	10	12	12	14	4	12	2	9	12	8	21	8	6	4	10	31	13	19	10	20	8	9	6	5	34	26	7	5	10	25	21	12	10	7	8	21	6	3	11	4	14	11	4	3	12	11	18	8	12	20	4	5	13	17	6	3	18	8	8	7	24	6	28	26	23	18	14	18	17	5	35	13	14	5	9	17	11	15	6	15	10	9	8	21	9	29	10	16	8	2	1	2	18	1	8	18	7	15	24	10	6	13	18	16	8	11	35	1	6	7	12	29	11
3:Del:M:1	2	0	1	3	1	17	5	8	3	13	3	3	2	2	1	2	7	3	2	1	1	9	4	1	5	5	1	1	0	3	3	0	2	5	9	2	24	4	5	2	10	1	4	3	11	5	3	5	2	3	9	4	5	2	5	1	13	8	6	3	3	2	3	3	2	2	3	0	4	0	1	1	3	3	2	1	0	1	2	0	0	3	2	3	16	0	5	2	1	3	4	4	6	2	3	2	3	0	2	1	2	4	3	5	5	5	3	14	1	4	14	0	0	0	33	4	4	4	2	2	53	4	11	4	4	1	5	8	2	2	2	1	1	0	1	10	1	4	3	4	4	3	2	13	3	5	5	1	2	5	2	0	2	8	0	6	4	0	4	1	1	16	1	3	2	1	3	14	1	0	1	5	1	4	4	15	3	3	2	1	9	6	1	2	3	2	1	2	1	5	1	1	13	4	13	2	3	14	13	2	2	34	0	3	5	4	16	2	2	6	0	2	0	5	6	3	2	1	4	0	3	4	4	0	2	3	3	17	3	0	15	6	2	0	2	1	5	6	1	7	0	3	3	10	4	14	5	4	5	3	1	4	2	11	4	2	0	2	6	2	2	10	11	1	19	2	1	12	4	2	4	3	13	2	2	4	1	7	10	4	1	4	9	1	3	4	1	0	18	2	2	3	13	5	12	3	5	8	2	16	4	0	3	1	2	60	19	1	1	1	1	1	9	3	5	0	41	26	7	5	5	6	4	1	7	2	5	2	7	5	0	3	2	16	5	4	5	7	2	3	6	6	1	2	3	2	3	0	1	2	2	1	14	3	16	1	1	7	1	3	1	6	2	2	0	1	5	10	0	0	2	4	9	5	15	10	3	3	5	5	3	2	0	5	4	1	2	10	5	2	3	6	9	3	14	4	13	1	9	1	8	2	15	13	3	6	3	5	1	0	0	2	3	12	1	6	2	3	4	10	12	2	3	2	6	9	12	1	1	12	8	3	4	2	9	5	6	2	6	1	3	9	4	10	3	2	5	2	12	5	5	4	0	3	1	0	0	10	2	0	1	2	3	5	6	1	6	15	2	12	7	14	3	4	9	1	6	12	12	3	1	3	6	3	5	1	3	2	6	2	3	12	3	6	5	1	0	9	1	2	5	4	4	3	2	1	7	6	3	1	0	10	0	9	2	2	2	6	1	0	2	2	2	13	2	2	7	0	2	1	5	5	5	6	9	3	3	2	5	0	3	6	4	0	1	11	3	1	4	1	1	4	1	7	0	3	5	2	1	4	2	3	4	0	3	3	3	1	6	1	3	6	1	2	10	0	1	5	0	1	27	1	0	4	1	9	1	1	2	5	3	0	6	1	4	6	10	6	4	2	11	28	3	1	15	2	1	0	6	8	1	6	3	5	10	8	1	0	1	4	9	4	4	1	1	5	3	4	1	5	1	6	0	2	3	4	5	3	5	1	1	15	5	4	2	3	6	1	11	2	14	10	4	2	3	8	0	3	3	2	3	10	3	3	2	1	6	3	2	1	3	5	8	8	0	5	4	2	3	1	2	2	3	1	2	2	2	3	11	8	9	6	6	2	5	1	6	9	8	4	2	5	4	2	4	5	2	2	2	17	3	9	2	3	1	1	0	1	2	2	4	10	7	6	20	6	3	2	3	7	1	2	15	1	4	2	2	7	4
3:Del:M:2	3	7	5	11	4	13	2	5	5	17	2	5	15	2	4	3	2	7	4	4	1	14	14	7	4	4	2	4	3	1	2	3	5	5	13	1	17	6	5	7	15	6	9	12	13	13	3	6	13	9	21	2	9	5	8	0	12	8	10	5	3	2	2	4	5	7	8	5	1	5	8	8	6	19	3	6	3	5	4	3	5	4	7	5	64	4	3	1	5	3	2	3	17	3	8	4	4	4	0	8	4	3	8	6	7	10	4	13	3	8	16	6	4	3	26	11	7	7	4	2	162	15	17	1	2	2	16	16	5	2	10	0	9	3	7	6	5	9	1	10	3	3	8	15	7	10	13	2	7	13	3	1	2	25	6	8	21	2	8	1	0	21	2	3	7	2	4	12	3	5	1	3	2	7	1	18	5	3	7	2	3	7	9	3	9	6	0	5	4	8	4	3	13	3	9	2	3	16	13	4	2	104	2	4	7	9	65	12	6	15	0	3	6	3	8	6	5	8	8	3	1	9	11	1	4	2	36	7	6	11	21	15	6	3	7	5	5	14	2	12	2	10	7	8	7	2	10	13	9	8	6	3	10	11	21	7	3	6	6	2	15	11	13	5	7	5	1	13	6	4	5	2	12	12	7	9	6	7	6	6	3	4	10	5	6	8	3	3	27	3	5	5	9	4	5	5	10	15	7	15	3	0	16	1	4	230	17	6	7	1	7	1	11	2	5	2	130	27	8	4	11	7	11	0	13	2	4	5	14	3	1	2	4	25	8	3	5	6	2	3	9	20	17	5	12	2	4	7	4	5	8	5	11	1	23	4	6	12	8	1	1	13	3	5	3	1	8	5	4	6	3	7	7	8	21	8	5	3	10	9	7	2	2	7	4	3	16	4	10	9	3	3	16	6	12	4	14	6	12	2	5	4	14	12	2	7	6	10	16	4	4	9	4	14	4	9	5	4	14	13	13	4	10	4	18	18	24	7	12	15	9	5	10	8	13	9	14	2	5	2	4	18	8	7	12	9	7	2	9	6	6	9	5	5	4	2	4	9	8	2	6	8	1	0	5	5	7	8	3	9	18	6	3	17	14	1	3	21	8	3	7	6	12	5	2	7	6	6	3	6	7	12	8	6	6	3	2	11	5	8	3	9	3	2	5	5	16	8	6	4	1	7	1	14	3	1	5	16	0	2	4	4	8	56	8	5	17	2	1	7	8	3	12	15	10	8	3	7	7	2	5	6	12	3	5	10	12	4	2	4	6	11	5	10	6	10	7	3	4	8	5	7	7	3	4	7	3	11	6	3	2	6	8	1	15	2	3	10	3	4	124	3	1	10	6	12	5	5	3	4	4	1	8	0	3	12	7	7	5	5	12	121	8	5	11	8	3	4	8	6	4	6	6	5	8	2	7	4	2	9	5	5	9	3	2	9	3	5	2	5	1	6	2	7	3	8	15	3	1	2	2	14	7	12	3	12	9	5	14	1	17	12	2	6	8	5	4	8	4	4	9	12	9	7	6	3	10	12	3	2	7	6	8	14	3	10	4	3	11	3	6	2	10	4	3	7	11	5	18	8	12	15	3	2	9	0	17	6	17	9	1	12	5	9	4	8	9	3	2	11	4	15	2	9	4	1	3	2	10	3	2	7	6	6	10	8	1	7	3	8	3	8	21	4	3	2	2	13	3
4:Del:M:1	0	1	1	8	3	15	11	5	2	12	0	2	2	3	2	3	6	2	4	4	1	8	4	1	3	4	2	0	0	0	1	3	5	4	12	3	31	4	0	6	6	6	1	7	12	8	3	2	1	6	17	3	5	6	1	0	6	4	9	2	0	0	1	3	1	1	11	0	2	3	4	3	2	0	2	2	2	3	3	3	2	4	1	7	25	0	2	2	3	5	5	9	5	3	6	4	4	1	4	4	2	5	1	7	9	3	2	9	1	1	14	1	4	0	37	6	5	2	5	1	50	8	9	0	5	1	6	14	2	0	5	4	7	3	7	9	5	8	1	2	6	2	7	16	0	6	5	0	0	11	13	2	2	8	4	8	2	3	7	2	2	22	5	0	7	1	2	10	1	1	4	4	2	9	6	12	8	2	3	0	1	3	5	0	4	1	1	4	3	6	2	7	16	1	7	2	3	8	11	2	6	58	4	5	4	2	53	8	2	6	1	4	1	1	12	6	2	0	2	2	2	4	5	1	5	3	8	11	2	3	17	5	1	1	2	2	3	5	1	11	1	2	7	15	4	7	3	4	8	2	2	6	2	9	17	3	2	4	4	3	8	11	16	1	10	3	2	17	5	3	2	6	15	9	4	10	2	7	2	2	4	1	6	5	6	1	10	2	20	2	1	5	8	2	4	3	7	5	2	10	2	0	9	6	2	107	12	0	0	1	1	0	7	3	2	5	83	25	15	6	6	6	4	3	7	1	6	6	6	1	4	2	0	10	5	5	6	7	4	2	2	6	6	2	12	4	7	4	1	1	7	6	17	3	16	2	1	10	3	4	1	10	1	5	1	6	5	8	2	3	3	3	9	2	30	9	4	6	6	7	6	5	2	6	6	3	2	8	8	10	2	4	9	0	10	1	15	9	13	1	4	8	8	4	2	3	7	9	9	1	4	5	3	15	2	2	3	2	8	11	11	2	8	0	9	3	10	4	9	16	11	1	0	2	13	10	7	2	4	5	7	9	3	6	9	5	9	5	15	5	3	5	5	2	4	0	3	8	0	0	1	3	4	6	5	4	17	17	2	10	16	13	4	11	15	4	4	12	10	0	3	3	11	7	2	3	4	2	1	4	1	18	4	5	9	3	1	7	1	5	4	8	3	2	6	4	8	3	3	2	5	6	0	13	1	1	2	4	3	6	2	2	4	33	1	4	13	0	3	4	8	3	14	12	4	3	4	9	1	0	4	3	4	1	4	13	6	4	8	3	4	4	0	2	3	5	8	2	0	7	2	4	2	2	2	4	0	3	9	3	1	8	3	2	9	2	0	6	5	4	91	2	2	9	2	12	1	4	4	6	4	2	7	0	2	6	14	9	4	2	13	35	1	0	9	3	2	5	2	16	5	4	1	4	6	10	5	1	5	9	7	2	10	2	2	6	3	1	3	6	3	4	3	4	1	3	12	5	1	1	2	11	0	5	2	9	2	9	7	3	12	14	2	1	3	10	1	5	5	1	4	11	5	3	4	3	10	12	4	2	3	1	10	12	2	7	6	1	3	4	3	4	5	3	1	1	8	2	1	5	10	5	6	5	4	1	8	5	6	2	4	8	2	1	0	4	7	5	3	5	5	8	4	6	0	0	2	0	5	0	1	6	3	5	12	10	1	5	10	10	3	2	21	0	4	1	4	3	1
4:Del:M:2	5	2	3	13	1	10	5	8	6	20	1	11	7	0	3	0	4	7	4	2	2	17	8	5	4	7	2	1	1	2	1	0	5	2	5	7	12	4	3	4	10	0	2	4	17	8	1	7	8	2	21	3	4	4	6	1	7	8	8	4	2	2	2	0	1	1	8	5	2	5	7	8	5	10	4	1	3	5	7	5	2	5	3	5	14	1	0	3	3	6	1	13	8	4	5	2	4	2	1	5	3	4	4	11	5	7	4	8	3	14	7	3	4	3	30	6	8	2	2	2	61	7	16	1	4	5	10	8	3	1	2	3	9	0	10	2	4	12	3	2	2	3	1	8	1	7	16	3	3	13	6	4	2	22	2	6	5	3	8	4	2	18	2	1	5	1	3	4	4	7	4	4	0	3	6	14	4	1	4	3	1	4	1	2	2	4	4	5	8	4	6	3	8	3	13	2	2	10	12	4	2	34	3	4	4	1	24	5	5	9	0	3	5	0	4	10	4	2	2	1	2	12	6	0	5	1	11	8	8	7	35	10	2	0	7	3	1	5	1	8	2	4	9	7	4	3	6	4	8	2	10	5	4	5	10	3	2	8	7	5	16	11	7	5	6	3	4	9	2	5	4	5	8	3	2	6	3	5	6	3	2	4	9	1	2	2	3	0	15	6	6	7	8	3	3	3	10	6	7	16	2	0	14	0	2	78	34	7	3	2	5	3	10	2	6	3	45	20	7	6	11	4	7	2	5	1	6	4	7	2	4	3	1	34	5	3	4	15	6	5	10	12	10	3	20	2	4	7	3	1	3	5	11	0	29	1	2	9	3	3	3	11	2	6	3	6	2	4	1	4	3	2	7	7	16	4	2	3	6	4	3	2	0	2	4	6	9	8	6	12	2	3	8	1	11	4	10	1	8	7	6	3	5	5	5	7	8	8	15	2	5	4	2	7	8	8	3	2	5	12	16	3	12	6	11	7	33	1	4	9	3	2	3	2	13	3	14	2	11	5	5	10	4	9	6	7	11	6	7	4	2	1	1	4	5	0	3	6	6	0	1	11	3	1	7	7	3	6	5	4	21	25	3	15	5	2	2	15	5	7	4	2	7	2	6	8	4	0	6	2	5	7	4	7	6	1	0	7	1	9	1	8	2	1	2	3	10	8	3	1	0	2	0	10	3	0	5	9	10	4	4	1	3	25	1	2	9	1	2	9	12	4	6	26	13	1	3	2	2	3	8	13	8	2	8	6	8	6	10	4	2	4	4	7	2	6	10	4	0	5	2	1	7	3	2	4	6	1	9	2	4	10	5	1	9	2	3	4	8	2	33	1	2	15	11	20	2	4	3	0	4	3	13	1	2	15	7	5	10	2	12	34	6	1	12	3	4	2	3	8	5	2	1	6	5	4	8	1	2	5	5	3	5	5	2	6	2	3	4	7	1	8	2	1	3	5	16	3	3	3	5	6	5	7	4	7	2	5	9	3	9	18	5	5	4	8	9	8	1	2	9	13	17	3	2	3	13	11	2	1	5	3	1	5	4	7	1	4	5	0	0	2	4	2	4	3	6	0	7	5	14	5	9	3	7	1	11	4	12	16	4	9	2	2	0	3	9	3	4	11	6	8	2	7	2	1	2	1	3	2	2	4	7	11	10	8	3	3	5	5	4	5	18	3	3	1	2	11	4
4:Del:M:3	2	14	3	7	2	8	5	10	6	6	2	18	3	2	3	1	2	4	3	1	2	14	9	12	3	2	6	8	0	7	3	2	4	6	7	1	20	11	5	4	11	9	7	9	18	12	7	3	5	9	15	6	2	12	5	1	4	12	10	8	5	2	2	2	3	5	14	3	1	7	12	9	4	14	5	5	3	2	7	3	8	6	3	5	37	3	6	3	3	14	4	12	9	5	1	2	5	3	4	10	1	5	6	8	5	7	8	14	4	23	9	2	1	4	23	8	4	3	3	2	78	6	12	2	4	6	10	17	3	4	8	3	9	4	12	2	7	14	7	2	4	7	4	8	6	10	11	3	4	15	3	1	4	30	8	9	11	3	7	2	0	11	2	3	0	0	1	7	7	3	4	17	2	1	6	12	9	1	3	1	3	10	11	1	7	4	6	3	9	10	6	5	7	2	12	10	5	5	10	5	6	62	2	4	5	7	50	10	9	9	2	12	5	3	15	1	4	3	7	2	7	12	4	1	4	3	21	4	6	7	18	3	5	2	5	2	4	24	1	13	2	7	7	10	6	5	6	5	12	7	2	5	4	5	18	7	4	6	6	2	18	17	14	4	7	3	1	7	5	10	5	6	9	9	4	6	2	5	6	10	4	2	9	5	5	3	8	5	16	7	4	8	6	6	0	6	8	7	18	14	8	2	7	2	3	114	22	5	0	6	4	2	4	4	5	1	73	28	10	6	14	6	7	3	23	5	6	6	9	5	2	2	2	25	5	3	2	11	2	5	10	20	11	1	19	3	5	4	2	4	4	3	11	3	22	1	5	19	1	5	2	6	3	11	0	6	9	5	2	4	5	6	3	7	16	5	4	3	6	9	7	4	2	5	3	1	16	5	5	4	2	4	6	8	6	7	10	4	13	4	2	7	8	6	0	3	3	10	10	3	5	5	7	7	2	7	7	4	26	5	16	1	8	4	21	12	27	10	9	7	6	6	3	3	9	5	17	2	4	4	7	15	8	4	9	21	11	4	7	4	9	11	9	11	1	2	0	4	5	1	2	12	5	2	10	3	11	6	4	2	19	15	6	20	6	3	6	9	4	7	2	8	9	5	4	7	7	4	7	1	2	12	7	3	6	2	3	11	3	8	7	3	1	4	3	7	8	10	3	1	1	7	2	6	7	3	7	24	9	4	4	4	4	37	5	8	12	3	7	8	7	10	15	21	12	6	2	4	7	3	5	6	13	1	4	3	4	6	6	5	12	6	4	13	3	8	2	1	1	6	3	7	6	3	7	4	12	6	5	5	2	13	6	1	8	5	5	10	6	3	55	3	9	12	9	7	6	13	10	5	5	2	8	2	4	7	9	14	8	1	9	66	1	4	13	6	5	5	5	8	1	7	4	7	5	5	4	4	3	3	7	3	8	3	8	9	11	2	5	4	2	5	2	4	2	8	11	7	6	1	10	4	10	15	3	5	3	2	7	5	10	10	3	1	7	11	11	11	2	4	2	17	12	5	6	2	9	7	6	4	7	5	8	8	3	13	6	6	15	2	3	4	2	3	6	9	6	3	14	5	9	10	5	13	8	5	17	5	12	11	8	7	5	4	1	5	19	6	4	11	10	8	2	9	7	1	4	3	13	2	2	5	4	5	9	9	3	9	19	3	4	4	17	4	2	2	4	9	3
5:Del:M:1	6	7	9	200	5	85	16	33	10	44	4	30	25	17	14	7	111	15	22	18	9	260	20	42	12	23	7	13	5	14	3	3	35	18	125	24	118	14	22	6	140	20	25	29	147	58	18	33	27	27	110	14	34	18	54	5	39	17	31	10	10	17	12	12	3	28	20	8	6	19	16	57	30	17	7	11	5	12	120	12	6	14	14	24	59	9	9	7	6	11	8	45	10	24	22	36	11	7	73	11	15	13	9	177	72	22	16	52	25	38	78	19	11	3	319	15	6	13	14	19	136	55	98	12	45	9	79	151	4	8	19	10	15	8	220	46	15	86	10	27	24	9	11	74	24	21	26	3	5	24	26	12	11	32	12	22	32	14	26	15	5	110	9	12	21	6	14	82	9	17	10	12	13	23	21	116	16	7	7	15	8	17	18	7	18	6	9	5	65	85	17	18	77	15	88	11	11	68	64	5	11	101	10	27	14	27	150	37	104	35	9	10	27	15	56	152	8	16	21	10	13	25	13	7	24	9	80	73	18	12	156	52	11	16	69	24	27	40	5	166	8	8	22	64	22	48	38	53	82	7	20	15	18	68	97	16	6	16	23	8	124	34	112	12	89	21	8	56	20	12	24	26	99	17	9	247	17	38	12	42	22	24	75	25	26	17	22	5	144	6	3	193	45	12	34	17	150	30	20	227	12	3	229	5	7	167	225	26	7	10	9	10	82	13	36	4	147	147	36	77	132	21	36	7	21	12	19	20	54	11	6	9	10	211	20	14	112	102	6	88	33	29	19	19	131	12	19	17	11	21	85	16	53	13	184	11	10	39	17	9	14	103	8	21	6	13	41	53	11	14	10	28	22	28	128	49	23	19	30	145	20	22	7	31	39	12	57	39	48	184	10	31	43	30	60	12	113	17	177	13	24	48	66	47	11	129	47	95	26	15	12	15	9	67	16	28	12	13	43	151	186	14	28	7	60	40	188	8	18	111	46	16	8	20	81	45	44	11	192	15	27	39	12	17	30	34	198	26	78	27	24	16	15	26	14	10	13	42	31	16	10	86	17	16	25	26	36	82	14	36	132	126	16	23	68	8	25	275	60	17	21	77	45	31	27	23	25	7	19	31	19	171	11	216	32	10	12	158	7	39	18	167	17	15	25	12	24	23	21	8	6	32	9	53	11	21	4	16	11	12	5	11	9	118	26	25	88	8	5	9	160	23	38	195	99	35	10	34	14	7	42	59	11	7	15	44	23	11	21	22	17	17	7	32	4	20	64	8	6	35	10	11	22	9	14	110	17	28	25	10	21	6	16	22	64	21	10	16	22	17	123	18	10	96	46	181	19	31	26	31	19	9	199	12	11	36	55	23	49	13	72	59	9	6	71	17	28	8	14	102	15	18	12	86	30	14	15	6	9	19	42	14	41	3	37	7	11	25	9	19	9	27	4	16	6	34	151	10	8	8	12	89	11	33	13	34	13	33	129	15	61	194	9	11	22	25	13	12	19	8	10	147	93	18	15	8	231	87	6	6	23	10	34	46	14	29	10	14	25	6	11	30	16	9	19	10	9	8	41	35	74	48	33	33	42	22	33	28	181	162	22	83	7	13	16	45	15	21	9	66	27	65	16	18	7	34	7	5	47	8	12	43	37	126	53	27	11	21	17	42	72	15	199	8	6	6	3	42	17
5:Del:M:2	4	10	8	210	6	86	10	33	10	32	2	18	9	9	11	4	81	10	10	15	5	397	18	27	4	12	6	11	4	5	4	11	21	15	238	30	86	24	11	8	290	15	14	18	283	69	12	25	24	29	227	10	18	10	34	2	39	19	22	8	6	4	8	3	3	31	13	2	4	11	15	39	21	10	7	4	6	6	144	7	6	11	9	9	35	0	6	5	9	19	6	21	13	18	7	40	12	5	83	23	7	19	6	135	116	6	6	29	11	25	53	11	6	5	301	2	8	3	8	9	40	44	190	17	34	6	118	186	5	4	11	5	7	9	187	24	9	142	7	9	16	5	8	47	13	11	18	2	4	27	10	4	5	36	6	11	22	9	13	7	2	62	6	10	8	10	6	39	7	12	3	8	7	14	5	84	9	5	9	4	10	9	22	3	10	9	8	2	146	115	11	9	51	8	135	12	5	38	48	9	9	28	6	23	17	10	165	16	99	32	9	9	16	6	51	163	9	21	9	8	7	19	21	9	18	4	116	44	10	12	323	29	5	9	69	14	26	23	4	313	10	6	15	45	15	29	19	89	41	10	19	9	19	37	159	7	9	8	10	5	265	26	219	10	60	13	9	40	16	7	12	27	51	14	7	265	9	25	6	15	20	16	47	12	13	5	15	3	98	13	13	207	31	8	17	14	160	37	16	355	6	3	261	12	8	55	376	21	6	11	8	9	107	8	23	5	35	123	23	82	235	14	34	2	24	12	10	17	32	10	6	8	3	459	11	16	98	249	13	93	12	18	15	8	215	21	8	14	10	17	152	14	35	8	342	7	10	28	8	11	7	149	2	16	7	9	35	30	3	6	6	13	29	27	93	27	25	9	16	152	13	7	9	16	31	2	54	26	30	192	6	22	35	18	35	3	78	13	297	8	19	31	33	20	5	127	77	160	25	14	9	4	12	43	11	18	13	16	28	233	329	7	21	2	30	21	429	8	13	80	32	9	10	17	25	27	42	6	183	5	12	23	9	13	53	14	192	17	41	25	23	4	11	12	13	7	11	16	16	3	10	148	6	10	27	21	25	54	12	26	265	264	9	19	59	11	16	277	34	14	8	82	11	13	16	8	17	10	11	19	9	97	10	202	17	4	6	154	5	21	11	186	18	13	14	11	19	16	12	8	10	26	2	31	9	10	8	24	8	2	5	6	6	171	5	13	61	5	11	7	167	12	23	336	204	40	7	29	8	2	89	132	11	4	5	30	14	4	15	6	4	7	14	18	5	14	131	5	4	28	6	7	12	4	5	95	17	19	19	10	8	7	6	12	42	15	5	19	18	14	34	11	13	229	36	324	5	15	13	17	13	8	146	0	9	19	30	12	29	7	48	30	7	2	65	7	15	9	4	46	6	27	7	87	32	9	18	7	5	19	15	11	37	2	16	9	8	22	8	22	3	21	3	14	4	24	237	6	2	5	10	59	11	42	13	32	7	61	263	7	25	223	7	9	10	26	11	13	15	6	4	276	189	8	12	10	253	168	4	4	11	6	26	34	8	36	8	10	22	3	6	17	17	5	9	4	7	3	28	23	57	30	13	15	13	4	21	22	331	227	19	148	4	8	9	21	15	7	5	43	16	52	10	14	5	44	3	8	29	3	7	15	47	115	40	20	12	19	20	30	79	16	287	7	4	9	7	26	6
5:Del:M:3	2	6	10	166	6	58	12	23	2	19	3	17	4	3	6	5	56	3	7	8	11	309	9	9	2	15	2	6	4	2	0	5	15	6	184	15	59	10	8	1	241	11	8	13	244	65	6	10	21	12	138	6	15	13	24	1	24	10	14	8	7	3	2	7	0	15	7	1	4	13	9	15	5	11	5	4	2	6	81	3	5	6	10	7	27	4	5	3	3	8	4	17	11	10	3	24	1	3	45	5	1	7	0	79	122	8	9	11	8	9	30	6	4	3	199	4	2	10	4	7	53	18	147	10	20	4	122	149	2	3	8	3	9	6	154	28	15	111	2	9	5	3	7	22	9	14	9	1	6	10	9	3	2	11	2	9	15	11	9	13	0	34	4	2	3	3	5	12	7	5	2	7	4	10	3	31	4	6	6	5	4	9	10	4	5	4	4	6	107	71	12	10	24	8	84	11	6	18	25	5	8	40	5	12	9	6	141	10	80	14	4	7	9	4	21	99	6	7	14	4	5	15	10	5	5	7	79	30	7	7	278	22	8	8	41	7	21	10	5	211	0	6	11	19	8	20	11	58	12	11	12	5	15	22	150	11	5	7	10	4	232	11	126	2	34	2	3	27	8	3	6	22	28	12	9	149	3	23	4	20	10	10	35	4	20	10	8	6	50	10	7	108	13	6	7	6	86	18	19	286	1	0	200	2	3	75	296	13	1	3	6	7	96	4	10	7	52	46	19	68	190	3	27	2	18	5	12	8	20	11	2	5	3	396	9	9	51	186	11	49	10	7	10	2	178	12	6	5	3	7	119	7	15	5	240	8	3	15	8	8	4	147	4	7	3	7	12	11	2	4	3	13	16	18	47	11	7	8	14	87	9	12	3	6	10	8	34	10	18	148	3	14	19	8	12	5	58	7	208	5	11	15	23	17	2	109	60	147	8	7	3	3	6	18	6	14	9	3	10	189	264	4	14	1	22	25	355	4	13	56	23	8	7	7	22	15	28	8	99	8	6	14	4	10	58	6	124	6	20	22	9	2	2	10	4	0	7	18	15	3	2	128	7	9	10	8	14	27	3	8	178	182	7	14	25	8	3	222	14	19	2	62	5	8	8	3	6	4	5	11	6	66	8	120	10	7	7	115	3	6	9	150	9	5	10	6	9	15	11	8	1	10	2	14	3	14	5	15	3	4	7	3	4	163	7	3	30	4	2	5	103	7	11	230	150	32	3	12	6	2	79	103	8	5	2	15	17	4	9	4	13	11	4	18	3	10	104	2	3	20	6	4	7	6	7	60	8	7	12	4	4	10	5	5	20	7	3	10	13	7	51	13	7	169	25	219	3	7	6	19	7	2	78	3	3	17	20	10	25	4	18	25	7	0	32	6	10	4	7	27	2	22	3	51	20	5	11	0	3	5	12	4	19	4	15	2	4	11	6	8	4	16	7	9	4	11	198	8	3	4	6	23	4	30	8	11	7	39	210	12	11	150	1	9	9	15	3	13	6	3	6	258	151	5	4	5	190	120	8	4	3	3	13	20	4	29	8	8	20	6	6	6	17	5	5	5	11	3	26	17	29	17	7	8	9	4	16	9	273	173	7	119	4	1	3	21	13	6	5	17	15	37	7	5	1	29	5	4	15	3	3	10	31	96	21	16	6	9	10	7	38	8	238	0	1	3	9	16	6
5:Del:M:4	1	1	5	96	4	28	5	14	2	16	5	9	5	5	9	1	34	0	3	10	2	184	4	3	1	3	1	1	2	1	1	4	8	4	121	11	23	9	6	1	128	10	6	11	107	32	7	7	7	6	95	2	4	4	9	1	11	18	12	4	1	1	5	2	0	21	2	0	2	4	12	3	5	5	3	2	2	1	46	10	2	2	4	6	13	3	5	1	3	6	2	7	9	3	5	13	6	1	19	9	3	6	0	39	60	5	5	7	2	11	17	7	3	2	69	4	1	2	4	0	27	6	97	9	10	3	61	83	2	3	3	4	5	4	95	13	6	69	1	3	2	2	6	14	5	2	18	1	2	9	7	2	2	15	1	3	10	2	6	8	0	12	4	1	1	1	1	9	3	4	2	9	0	3	6	23	3	2	1	2	0	6	3	1	3	1	5	2	75	43	1	4	15	2	54	5	0	10	10	1	4	15	2	12	6	2	79	3	35	8	2	5	11	4	14	54	8	8	6	0	1	10	2	4	1	1	53	9	4	4	144	14	0	1	24	4	7	11	3	137	1	6	4	9	4	6	10	42	6	2	5	4	8	7	93	0	3	6	6	1	139	9	74	6	14	0	2	9	1	4	6	3	17	5	4	66	5	9	5	5	0	7	12	2	7	3	5	2	27	4	3	47	13	1	7	4	57	22	3	138	2	0	114	3	3	33	167	3	0	7	2	1	51	1	7	0	27	33	12	34	88	11	16	3	9	4	5	10	11	3	0	1	1	228	6	4	28	118	5	31	5	7	14	4	118	5	2	1	1	4	50	2	13	7	139	5	1	10	1	8	4	68	2	7	0	5	11	6	1	2	5	1	17	10	24	8	10	2	5	46	7	6	1	5	7	1	13	10	7	80	2	2	9	8	6	3	14	3	140	5	6	8	7	4	1	38	42	73	10	5	3	6	4	12	1	6	2	5	12	98	129	3	5	2	16	11	211	1	5	14	6	5	6	1	13	5	25	2	59	1	2	5	4	3	27	7	88	1	8	12	5	1	7	6	5	2	1	11	8	0	3	78	2	3	7	2	11	9	2	7	109	117	3	12	6	2	7	92	8	6	1	31	5	8	2	2	9	2	3	5	5	23	9	68	10	1	4	63	2	4	5	61	2	4	3	2	6	12	4	4	2	2	3	8	2	10	2	8	4	1	3	1	2	92	5	5	15	5	6	4	55	4	8	135	67	30	1	11	4	1	49	61	4	2	7	2	12	6	4	0	7	2	1	7	1	2	58	0	2	6	0	2	4	3	2	29	9	3	3	5	0	8	0	3	13	6	5	7	8	2	22	7	2	110	15	152	3	3	3	11	5	3	52	2	2	7	7	6	7	1	10	9	4	3	17	3	5	5	2	9	1	10	3	28	8	4	7	5	0	4	6	2	12	2	4	4	4	4	4	5	0	9	0	5	4	4	123	4	3	1	6	15	3	16	8	6	3	19	114	5	10	97	2	3	6	4	4	6	8	4	2	118	67	3	6	2	73	80	3	1	3	1	10	7	4	12	4	2	11	4	4	3	6	1	5	3	5	1	12	5	17	8	5	6	5	2	9	3	160	79	6	60	5	1	2	3	5	5	0	13	6	14	2	7	3	14	2	2	5	2	0	10	15	48	9	5	7	3	6	10	29	3	113	3	2	2	1	7	6
5:Del:M:5	0	4	3	66	0	25	3	12	2	9	6	12	4	2	5	4	25	4	2	4	3	146	12	6	3	7	0	4	1	2	3	4	6	3	112	14	25	9	9	6	97	12	3	2	114	37	5	6	16	7	81	7	9	7	9	1	5	10	9	5	1	3	5	4	1	15	6	2	7	7	10	7	5	5	2	5	5	5	42	6	2	5	4	7	34	2	3	3	3	8	5	9	8	6	3	9	6	0	19	10	4	4	6	25	46	4	6	11	1	12	18	8	3	0	60	4	2	6	2	7	20	9	61	10	4	5	58	75	3	0	10	4	7	6	56	15	5	58	1	7	7	3	4	18	5	8	8	1	7	15	2	3	7	42	4	4	14	1	2	12	0	15	7	4	8	1	5	5	7	4	13	3	4	5	3	22	5	5	5	3	6	4	6	2	7	5	2	7	48	39	2	7	14	5	52	9	5	10	9	4	5	28	6	16	6	3	70	11	39	21	3	6	5	2	11	36	2	5	8	1	4	9	8	2	8	4	35	7	3	1	111	8	8	4	21	7	12	14	5	124	2	7	7	5	2	2	3	48	11	3	6	4	7	6	73	3	1	6	7	2	97	17	73	2	19	4	3	11	7	0	6	8	16	9	4	47	6	11	2	17	3	6	17	4	13	3	7	8	33	11	9	49	7	4	3	7	43	17	5	94	3	0	86	3	1	38	154	7	3	6	4	3	54	1	13	3	51	45	10	36	82	5	18	1	17	4	15	11	16	9	2	4	5	200	5	6	21	92	6	35	9	14	8	4	97	8	10	6	5	4	58	3	15	2	113	3	3	5	6	2	5	59	7	2	5	7	9	11	3	1	2	4	12	17	20	6	14	2	1	54	3	6	4	9	7	3	29	4	8	62	2	4	12	13	18	6	21	5	123	9	5	10	4	9	5	40	39	70	11	3	6	5	7	16	2	10	8	5	15	91	111	4	4	2	18	22	184	3	11	17	10	2	6	2	12	6	19	2	47	3	7	7	4	7	22	10	54	9	5	6	6	5	7	6	7	1	9	4	7	3	3	48	2	1	6	8	5	6	3	2	92	94	8	17	9	3	4	57	9	8	1	16	5	7	7	3	5	1	5	3	2	14	6	49	11	4	1	66	3	36	7	55	6	3	4	3	7	6	8	5	3	5	1	2	3	9	5	12	6	8	0	3	1	70	19	6	11	4	7	5	36	0	10	103	73	21	7	12	4	3	30	55	3	2	3	3	13	6	17	3	3	2	5	7	1	12	42	2	1	14	1	5	2	4	4	22	5	4	22	9	6	6	2	4	13	4	4	3	7	5	25	10	3	89	12	129	3	16	4	14	3	3	32	2	5	8	10	5	11	3	6	18	5	2	21	5	6	2	10	13	6	12	2	17	25	4	10	1	6	5	7	5	12	5	4	4	7	0	5	11	4	17	4	4	2	7	89	3	2	1	15	10	3	17	3	5	5	26	102	8	20	69	5	6	14	10	7	5	7	4	6	120	72	5	2	2	86	61	0	2	7	9	6	15	1	14	8	4	12	7	1	9	14	6	7	6	5	3	20	6	9	10	11	6	11	3	8	6	106	84	8	62	4	4	4	11	3	8	5	7	7	16	2	2	0	10	1	1	10	0	3	1	15	37	13	8	5	5	8	4	23	8	104	4	2	0	4	11	8
