MutationType	SP23435	SP112829	SP112947	SP112985	SP112925	SP112937	SP112989	SP111145	SP111143	SP125584	SP111144	SP116296	SP116254	SP116256	SP116274	SP116259	SP116290	SP116258	SP116261	SP23463	SP116268	SP23471	SP116266	SP116264	SP116269	SP116275	SP23447	SP116255	SP23455	SP23475	SP116227	SP116226	SP23443	SP116260	SP116280	SP116224	SP116249	SP116232	SP116251	SP116272	SP116286	SP116282	SP116288	SP23467	SP116263	SP116292	SP116248	SP116276	SP116265	SP116267	SP116253	SP23481	SP116233	SP116284	SP116270	SP116257	SP116298	SP116294	SP23439	SP23483	SP116262	SP116228	SP116222	SP23451	SP116247	SP116225	SP116273	SP116221	SP116271	SP23459	SP23479	SP116223	SP116229	SP23477	SP116252	SP116278	SP23431	SP116231	SP116250	SP112815	SP112799	SP112835	SP112955	SP112807	SP112953	SP112911	SP112847	SP112859	SP112919	SP102652	SP112981	SP102620	SP112987	SP112825	SP112967	SP102622	SP112785	SP112793	SP112963	SP112801	SP112997	SP112973	SP112819	SP112941	SP112965	SP112791	SP112949	SP112857	SP112843	SP112915	SP112837	SP112823	SP102633	SP112899	SP112893	SP112895	SP102626	SP112795	SP112927	SP112779	SP112975	SP112867	SP112903	SP112933	SP112869	SP112999	SP112939	SP112921	SP112901	SP112831	SP112891	SP112775	SP112897	SP112885	SP112789	SP102630	SP112971	SP112821	SP112813	SP112961	SP112977	SP112905	SP102647	SP112873	SP112959	SP112931	SP112865	SP113003	SP113001	SP112879	SP112945	SP112935	SP112863	SP112983	SP112809	SP112923	SP112853	SP113005	SP112957	SP112783	SP112943	SP112861	SP112917	SP112787	SP112995	SP112811	SP112797	SP112909	SP112781	SP112991	SP112907	SP112817	SP112993	SP112827	SP112855	SP112969	SP112883	SP112929	SP112833	SP112777	SP112887	SP112877	SP112871	SP112875	SP112913	SP112849	SP112881	SP112951	SP112845	SP114910	SP114906	SP114921	SP114901	SP114926	SP114974	SP114958	SP114935	SP114900	SP114941	SP114937	SP114945	SP114943	SP114949	SP114960	SP114962	SP114996	SP114987	SP114966	SP114903	SP114914	SP114944	SP114930	SP114946	SP114951	SP114953	SP114924	SP114957	SP114986	SP114971	SP114991	SP114992	SP114920	SP114898	SP114932	SP114934	SP114968	SP114982	SP114973	SP114908	SP114904	SP114918	SP114984	SP114994	SP114978	SP114912	SP114917	SP114980	SP114976	SP114916	SP125579	SP111131	SP111126	SP111146	SP111123	SP111127	SP111121	SP111156	SP111122	SP111129	SP111152	SP111154	SP111124	SP111128	SP111125	SP111130	SP106835	SP106834	SP106825	SP106841	SP106827	SP106833	SP106839	SP106840	SP106828	SP106829	SP106836	SP106837	SP80037	SP102690	SP80213	SP79939	SP109649	SP79988	SP80183	SP79971	SP80217	SP79968	SP80160	SP80244	SP79998	SP80216	SP80042	SP79907	SP79958	SP80205	SP80014	CPCT02070032T	CPCT02060045T	CPCT02020310T	CPCT02020323T	CPCT02140007T	CPCT02140011T	CPCT02020348T	CPCT02020357T	CPCT02020351T	CPCT02140020T	CPCT02010399T	CPCT02020370T	CPCT02140023T	CPCT02140022T	CPCT02020378T	CPCT02010415T	CPCT02070021T	CPCT02070024T	CPCT02020380T	CPCT02070023T	CPCT02020386T	CPCT02020387T	CPCT02020388T	CPCT02040046T	CPCT02070036T	CPCT02070035T	CPCT02020394T	CPCT02140026T	CPCT02140029T	CPCT02140030T	CPCT02020656TII	CPCT02011011T	CPCT02070269T	CPCT02330130T	CPCT02070256T	CPCT02070425T	CPCT02080281T	CPCT02070270T	CPCT02390037T	CPCT02140098T	CPCT02020888T	CPCT02340055T	CPCT02070430T	CPCT02050418T	CPCT02340108T	CPCT02100137T	CPCT02070433T	CPCT02070264T	CPCT02070420T	DRUP01070028TII	CPCT02080180T	CPCT02070446T	CPCT02020704TII	CPCT02220031T	DRUP01070071T	CPCT02140102T	CPCT02070280T	CPCT02100194T	CPCT02070268T	CPCT02011043T	CPCT02070449T	CPCT02340056T	CPCT02070450T	CPCT02220069T	CPCT02070452T	DRUP01070038T	CPCT02150043T	CPCT02090033T	CPCT02070426T	CPCT02150047T	CPCT02070125T	CPCT02190054T	CPCT02130169T	CPCT02020918T	CPCT02070459T	CPCT02140055T	DRUP01070028T	CPCT02160061T	CPCT02020656T	CPCT02020931T	CPCT02070106T	CPCT02070289T	CPCT02210043T	CPCT02010753T	CPCT02020924T	CPCT02070293T	CPCT02020938T	CPCT02200006T	CPCT02020658T	CPCT02070292T	CPCT02070055TII	CPCT02070466T	CPCT02070454T	CPCT02010762T	CPCT02260016T	CPCT02350020T	CPCT02070295T	CPCT02020942T	CPCT02140060T	CPCT02310008T	CPCT02070300T	CPCT02160062T	CPCT02070473T	CPCT02070468T	CPCT02300052T	CPCT02070301T	CPCT02430002T	CPCT02070474T	CPCT02070472T	DRUP01070036T	CPCT02150052T	CPCT02070307T	CPCT02330099T	CPCT02070263T	DRUP01050020T	CPCT02020678T	CPCT02020673T	WIDE01010113T	CPCT02050442T	CPCT02020968T	CPCT02020970T	CPCT02060294T	CPCT02070478T	CPCT02140065T	CPCT02210085T	CPCT02390044T	CPCT02050443T	CPCT02070306T	CPCT02070481T	CPCT02070482T	DRUP01140005T	CPCT02220082T	CPCT02020687T	CPCT02070484T	CPCT02020686T	CPCT02070486T	CPCT02070483T	CPCT02070487T	CPCT02040342T	CPCT02020977T	CPCT02070312T	CPCT02040343T	CPCT02290031T	CPCT02150008T	CPCT02370013TII	CPCT02100202T	CPCT02100203T	CPCT02070466TII	WIDE01010214T	WIDE01010215T	WIDE01010234T	CPCT02110083T	CPCT02070315T	DRUP01070026TII	CPCT02020981T	CPCT02140067T	CPCT02350003T	CPCT02070490T	WIDE01010283T	CPCT02020982T	CPCT02020975T	WIDE01010323T	CPCT02070208T	CPCT02070064TII	CPCT02140041TIV	CPCT02020704T	CPCT02040249T	CPCT02020924TII	WIDE01010383T	CPCT02070335T	CPCT02230091T	CPCT02230102T	DRUP01050049T	CPCT02020715T	CPCT02340086T	CPCT02020731T	CPCT02370027T	WIDE01010246T	CPCT02070139T	CPCT02070318T	CPCT02290038T	CPCT02070147TII	WIDE01010453T	DRUP01070042T	CPCT02030488T	CPCT02010840T	CPCT02070339T	CPCT02070338T	CPCT02230108T	CPCT02030380TII	CPCT02070345T	CPCT02070350T	CPCT02010875T	CPCT02010877T	CPCT02070359T	CPCT02070307TII	CPCT02010885T	CPCT02010857T	CPCT02090058T	WIDE01010611T	CPCT02070364T	CPCT02140075T	CPCT02010889T	CPCT02060249T	CPCT02020760T	CPCT02020780T	CPCT02070367T	CPCT02050389T	CPCT02070368T	CPCT02150019T	CPCT02300046T	CPCT02070130T	CPCT02070362T	CPCT02070361T	CPCT02140041TIII	CPCT02140081T	CPCT02020804T	CPCT02040280T	CPCT02070370T	CPCT02040283T	CPCT02050108T	CPCT02050391T	CPCT02130146T	CPCT02070378T	CPCT02070383T	CPCT02070379T	CPCT02340099T	CPCT02070274T	CPCT02070388T	CPCT02010361T	CPCT02070389T	CPCT02330125T	CPCT02070391T	CPCT02020827T	CPCT02150031T	DRUP01070052T	CPCT02010947T	DRUP01070020TII	DRUP01010097T	CPCT02030545T	CPCT02140086T	CPCT02070395T	CPCT02440017T	CPCT02040294T	CPCT02070392T	CPCT02070107TII	CPCT02010958T	CPCT02100189T	CPCT02080078TII	CPCT02020847T	DRUP01070055T	CPCT02010654T	CPCT02010973T	CPCT02070130TII	CPCT02070064TIII	CPCT02070196T	CPCT02070398T	CPCT02010971T	DRUP01070057T	CPCT02050268T	CPCT02020678TII	CPCT02010978T	CPCT02210074T	CPCT02070402T	CPCT02070236T	CPCT02070217T	DRUP01010040T	CPCT02010692TII	CPCT02030380T	CPCT02220064T	CPCT02020596T	CPCT02011000T	CPCT02010998T	CPCT02070409T	CPCT02011002T	CPCT02040295T	CPCT02330129T	CPCT02040280TII	CPCT02020610T	CPCT02011003T	CPCT02070211T	CPCT02120057T	CPCT02070218T	CPCT02070416T	CPCT02210075T	CPCT02070415T	CPCT02011010T	CPCT02011012T	CPCT02070092T	CPCT02011005T	CPCT02140050T	CPCT02070235T	CPCT02340038T	CPCT02020620T	CPCT02140041TII	CPCT02070223T	CPCT02070229T	CPCT02070206T	CPCT02230052T	CPCT02140054T	CPCT02020628T	CPCT02140052T	CPCT02020560T	CPCT02070233T	CPCT02070234T	CPCT02070148T	CPCT02070142T	CPCT02070133T	CPCT02070145T	CPCT02070143T	CPCT02070141T	CPCT02010537T	CPCT02070140T	CPCT02330029T	CPCT02070158T	CPCT02010585T	CPCT02080110T	CPCT02070144T	CPCT02070107T	CPCT02380009T	CPCT02260001T	CPCT02070164T	CPCT02140045T	DRUP01070015T	CPCT02020525T	CPCT02070151T	CPCT02070174T	CPCT02020351TII	CPCT02070161T	CPCT02070105T	CPCT02070176T	CPCT02380014T	CPCT02070192T	CPCT02070193T	CPCT02020543T	CPCT02070181T	CPCT02070195T	CPCT02070027T	CPCT02330044T	CPCT02070153T	CPCT02210026T	CPCT02070200T	CPCT02070202T	CPCT02010629T	DRUP01070020T	CPCT02070049T	CPCT02070046T	DRUP01140001T	CPCT02020422T	CPCT02030300T	CPCT02070037T	CPCT02020380TII	CPCT02020409T	CPCT02100041T	CPCT02070055T	CPCT02070064T	CPCT02070074T	CPCT02020419T	CPCT02070068T	CPCT02020449T	CPCT02140038T	CPCT02010389T	CPCT02070080T	CPCT02290006T	CPCT02070069TII	CPCT02070069T	CPCT02070087T	CPCT02010490T	CPCT02080078T	CPCT02140040T	CPCT02070082T	DRUP01070008T	CPCT02070091T	CPCT02070075T	CPCT02070100T	DRUP01140002T	CPCT02020476T	CPCT02070117T	CPCT02140041T	CPCT02070101T	CPCT02070127T	CPCT02020494T	CPCT02020502T	CPCT02020500T	CPCT02040107T	CPCT02020313T	CPCT02070131T	CPCT02070135T	CPCT02140025T	CPCT02070134T	CPCT02020501T	CPCT02070085TII	DRUP01070026T	CPCT02070245T	CPCT02070241T	CPCT02070253T	CPCT02070250T	CPCT02070252T	CPCT02070220T	CPCT02120074T	CPCT02220030T	CPCT02010692T	CPCT02010695T	CPCT02010711T	CPCT02070266T	CPCT02070023TII	WIDE01010628T	CPCT02020938TII	WIDE01010484T	CPCT02070444T	CPCT02070444TII	WIDE01010585T	WIDE01010642T	WIDE01010668T	WIDE01010537T
[Del(C):R1]A	5	1	8	0	6	2	6	7	5	0	9	3	1	1	1	6	1	2	1	0	3	1	5	4	5	3	2	2	2	2	2	3	1	4	7	1	0	1	1	1	2	4	0	3	2	3	4	0	10	7	5	1	2	3	3	2	1	0	4	0	4	7	0	2	5	3	3	1	2	2	3	1	4	1	0	0	4	1	2	3	4	10	2	4	6	4	5	11	3	3	5	13	13	4	1	10	9	8	7	11	7	5	4	7	3	3	1	1	15	6	9	2	7	6	5	3	5	3	7	4	2	6	3	4	7	1	7	1	5	7	7	16	6	2	5	5	5	5	1	4	5	7	6	4	2	5	4	5	3	7	3	3	5	2	12	5	5	4	6	4	2	8	4	6	9	6	8	4	3	8	9	24	7	1	5	4	2	9	4	68	5	1	4	3	4	4	4	0	5	14	11	24	12	5	11	12	4	9	22	22	23	23	12	12	30	12	14	27	17	14	22	16	10	9	16	21	13	11	13	13	14	12	7	6	4	27	11	11	12	14	12	13	12	8	13	13	11	10	13	0	9	6	5	6	7	0	5	6	7	4	6	1	6	4	2	1	6	5	5	8	5	2	2	3	7	0	2	6	5	0	1	0	5	3	4	0	5	0	2	0	2	4	5	6	4	1	9	9	11	31	8	6	10	16	10	14	20	29	7	60	9	11	10	55	15	347	19	214	13	4	14	5	14	9	3	12	24	15	11	11	13	5	6	2	11	28	5	11	14	6	14	10	6	12	6	8	19	4	166	18	13	8	10	3	28	9	7	13	13	20	6	68	8	14	10	8	14	18	18	20	7	11	8	15	21	14	14	8	14	24	5	10	2	18	4	10	25	12	13	15	11	16	9	12	10	8	8	4	10	4	9	28	11	4	13	15	74	10	19	15	15	21	20	10	4	22	13	9	15	8	7	11	180	15	13	2	20	6	10	15	19	20	12	4	12	6	11	11	11	13	8	14	7	13	6	8	17	9	11	195	6	7	3	7	3	13	7	7	13	14	15	161	10	5	16	11	15	3	166	8	11	9	14	18	11	16	5	11	4	70	7	18	6	26	11	12	9	10	31	14	22	11	5	20	7	15	12	4	5	10	14	20	8	8	7	28	6	12	26	10	20	10	11	18	11	11	4	13	61	16	9	7	10	19	23	32	6	158	7	15	10	9	13	56	18	8	10	11	6	34	43	10	20	9	6	9	7	129	4	13	10	20	12	9	3	14	26	20	7	10	16	3	39	17	13	8	13	15	7	4	16	6	32	396	29	25	19	12	48	8	5	10	25	5	13	8	10	7	14	10	15	17	8	14	10	13	10	18	9	7	4	1	9	14	29	12	5	28	99	13	9	19	6	2	6	7	9	74	13	99	11	10	9	10	0	3	22	25	83	22	7	3	8	4	11	16	8	10	21	13	77	10	6	77	7	12	5	13	21	9	19	12	15	15	5	8	7	9	14	14	9	9	8	17	7	8	11	274	4	5	7	9	19	11	12	6	4	11	3	12	10	7	32	5	12	8	8	14	88	4	8	8	11	9	20	3	233	15	9	11	17	332	29	4	11	5	15	13	6	4	11
[Del(C):R1]T	7	4	4	0	4	1	1	11	1	0	11	0	2	1	9	8	2	2	1	3	2	2	3	8	7	9	3	1	1	2	0	1	4	5	12	1	0	1	0	9	0	2	0	3	3	0	1	0	5	3	7	1	1	2	2	3	0	2	10	0	4	9	2	4	5	3	6	2	3	1	2	3	10	1	2	2	3	4	1	10	5	9	0	10	11	7	7	9	3	3	6	3	4	10	2	14	24	7	6	9	9	10	4	7	7	7	0	7	9	13	29	5	4	5	2	4	6	10	4	16	10	8	3	3	7	2	4	2	2	2	9	10	6	8	20	9	4	5	3	8	6	4	9	7	0	11	9	4	4	5	6	1	3	12	8	5	3	3	2	8	1	5	6	12	6	4	3	9	9	14	10	16	6	3	5	4	4	5	4	11	3	0	3	10	5	7	5	0	6	12	8	27	19	7	11	14	6	16	35	26	26	26	6	14	51	48	49	54	14	10	27	16	4	8	14	19	12	9	11	48	51	11	12	7	7	61	11	10	8	10	10	9	47	9	11	9	12	9	10	0	3	7	4	10	10	1	5	8	8	6	13	5	6	8	2	1	6	15	4	5	7	9	8	5	9	0	2	4	8	0	0	1	0	3	7	0	4	0	5	0	3	5	8	8	9	2	15	14	18	12	11	18	10	35	3	21	28	42	8	42	15	31	27	41	11	286	46	182	32	9	25	7	30	10	9	17	21	17	14	10	24	16	7	10	7	72	7	18	16	7	13	9	21	16	15	10	27	7	138	44	24	12	12	11	36	6	7	8	25	14	4	68	7	15	15	13	26	31	45	10	16	22	14	12	20	12	41	11	24	70	7	8	18	15	9	12	39	8	10	23	14	14	17	5	24	9	9	7	11	11	15	91	37	12	9	18	118	20	19	3	31	34	35	8	6	36	6	23	16	9	10	10	123	19	19	2	16	6	4	11	28	14	13	12	19	8	9	14	8	22	12	25	13	17	15	10	12	10	11	144	8	5	9	14	6	18	11	23	16	15	40	135	16	8	19	9	19	5	102	9	12	11	15	43	10	9	9	24	9	82	10	23	10	29	20	28	15	8	20	9	45	21	26	17	0	13	6	5	10	10	9	10	9	7	10	40	20	2	47	27	39	21	16	27	17	22	12	13	109	25	21	7	26	23	17	30	9	116	17	26	10	14	20	45	29	12	13	13	10	50	61	12	40	24	6	7	17	81	12	5	11	23	6	14	18	28	40	24	8	38	52	11	118	13	31	11	12	25	7	8	20	13	47	191	35	47	56	26	138	3	8	5	24	10	19	7	19	9	24	11	40	7	11	10	9	11	14	43	11	8	8	4	10	9	39	13	4	27	98	18	10	20	8	3	11	10	11	70	9	96	26	8	9	2	8	14	60	42	56	40	14	3	10	10	13	10	13	17	25	14	70	10	12	37	9	7	11	12	40	10	34	13	21	11	7	6	6	10	19	24	13	12	14	8	5	16	23	236	5	8	26	16	34	30	31	21	9	5	6	11	8	9	40	7	18	4	7	16	72	6	9	11	12	6	12	11	181	12	9	9	21	285	45	16	15	7	25	11	11	2	30
[Del(C):R2]A	3	7	4	0	6	5	3	4	3	0	5	0	2	3	1	3	0	2	1	1	1	3	3	2	2	1	3	2	5	3	3	1	2	1	10	0	0	0	1	2	0	4	1	3	4	1	0	0	4	4	3	2	2	1	3	2	0	1	11	0	0	9	3	1	0	0	2	1	2	2	1	2	2	1	5	0	1	1	3	5	1	5	3	5	5	3	5	10	4	5	3	1	3	5	2	10	4	2	3	8	4	7	3	4	8	3	2	5	8	4	4	3	3	4	6	5	4	5	5	1	3	4	4	1	3	2	4	1	1	6	5	9	8	2	16	11	3	1	3	6	1	4	7	6	0	4	3	2	4	2	4	2	5	5	7	6	6	0	5	3	5	3	2	7	5	3	4	2	4	4	6	16	5	1	2	2	4	7	2	5	5	0	1	8	2	3	3	0	5	10	7	17	18	1	3	12	1	15	23	21	21	21	5	13	17	11	12	17	15	10	20	7	2	3	12	14	12	5	5	12	11	10	15	2	1	18	5	5	8	11	8	6	13	5	8	8	4	5	9	0	3	6	1	6	6	0	4	3	5	1	7	1	0	4	2	1	7	12	2	12	4	4	4	4	4	0	2	1	4	0	1	1	4	6	2	0	5	0	0	0	0	1	4	5	4	4	1	7	10	10	4	8	5	8	7	14	16	25	7	31	6	3	12	28	11	119	7	73	8	6	7	4	7	4	5	8	13	16	8	14	7	7	5	6	9	25	2	13	6	3	10	7	5	3	4	0	13	9	66	16	11	5	5	7	10	6	8	14	12	21	5	32	1	11	9	3	12	12	20	6	10	5	0	11	15	5	10	1	7	20	12	6	7	13	11	7	17	15	5	14	3	6	6	12	10	5	12	11	11	10	8	21	11	3	5	13	30	4	10	6	10	7	15	3	6	20	7	10	3	11	5	8	52	10	13	1	11	7	2	4	15	4	5	6	12	1	9	7	9	7	3	8	4	26	7	9	8	4	4	56	3	4	4	4	5	11	8	11	9	10	6	64	6	8	15	2	7	4	42	4	5	5	9	11	4	10	5	7	7	37	3	7	2	32	7	13	8	10	23	11	14	4	7	10	3	10	2	9	7	6	4	12	10	12	4	20	14	12	15	15	7	7	4	9	8	6	3	8	24	15	3	6	8	21	12	15	5	73	2	13	6	7	7	16	9	5	1	3	8	17	25	5	17	6	6	10	4	37	7	15	6	8	6	4	11	10	13	23	1	11	7	6	18	7	12	7	9	17	5	5	8	3	10	525	13	20	10	6	31	5	5	8	25	4	20	5	3	8	14	6	6	7	4	8	4	12	8	13	4	8	4	5	4	8	12	11	3	18	29	10	7	18	8	4	5	6	6	26	9	47	4	6	3	7	3	7	4	18	44	17	9	2	5	3	8	6	4	10	21	4	24	3	7	32	6	5	6	8	20	4	10	9	8	6	6	7	2	6	5	7	8	5	9	11	4	8	20	97	3	4	8	9	13	3	3	10	4	10	8	8	4	6	17	4	11	6	5	11	46	5	6	5	8	6	11	6	78	7	4	8	11	104	18	6	8	2	5	13	7	0	10
[Del(C):R2]T	1	7	4	0	4	2	0	7	3	1	7	0	1	2	6	0	1	2	0	1	2	2	4	3	6	4	0	3	2	3	4	1	5	0	6	1	0	1	1	2	1	2	0	3	0	3	0	0	5	5	1	4	2	1	0	3	0	0	9	0	1	4	0	0	4	2	4	2	0	2	0	3	8	0	1	0	5	0	3	2	3	6	4	3	6	1	4	14	5	2	4	5	2	0	1	6	8	4	7	8	3	6	6	5	5	5	1	3	7	7	13	3	4	3	1	5	7	7	3	5	6	1	6	0	7	3	6	5	2	2	7	7	10	3	17	8	4	3	2	3	2	5	3	10	1	2	9	1	2	1	4	3	3	12	12	3	4	1	5	3	2	3	2	9	5	8	4	1	8	6	7	5	4	5	2	5	5	12	2	4	2	0	1	1	1	8	5	1	5	4	4	18	22	4	4	10	4	24	16	16	16	16	9	10	19	10	12	21	19	3	16	5	9	10	12	15	9	6	4	11	11	6	20	4	4	20	5	4	3	4	3	3	11	4	4	5	4	4	4	0	3	6	5	3	2	1	3	2	10	7	8	6	1	4	2	3	3	11	2	4	2	8	4	3	6	1	1	4	9	1	2	2	1	2	2	0	4	0	2	0	4	2	3	5	4	3	6	5	15	8	4	7	8	14	4	7	15	31	7	27	7	13	15	22	9	101	24	65	19	9	15	2	9	8	4	10	9	12	11	9	15	4	5	3	6	29	5	4	8	4	10	9	5	8	8	5	15	3	45	14	11	3	7	10	21	2	8	3	8	6	5	22	5	4	6	5	15	12	18	8	7	4	5	15	8	3	21	6	6	40	3	14	12	24	5	9	15	8	4	12	9	12	10	8	9	10	10	4	5	5	9	35	12	11	6	16	63	6	18	5	6	18	18	7	5	17	7	7	18	6	10	4	38	16	10	1	5	6	3	4	15	13	5	5	15	8	10	11	7	4	8	16	3	11	10	8	8	6	10	67	8	7	1	6	7	14	7	13	12	8	12	44	11	8	15	4	11	3	37	10	8	6	13	12	7	8	4	13	7	38	4	15	8	26	13	18	9	6	20	11	18	9	8	11	5	10	8	6	8	3	4	6	12	3	6	15	7	9	15	9	13	9	12	16	7	9	6	6	43	18	12	7	7	18	24	14	3	71	7	9	2	9	14	15	16	11	10	10	8	22	39	8	19	9	9	5	3	28	2	12	5	7	16	7	7	4	19	21	5	13	16	7	47	15	17	5	5	15	6	6	9	5	14	297	15	26	17	6	47	5	4	11	19	10	13	7	8	7	6	4	13	7	7	11	3	5	7	25	8	7	3	4	13	3	14	14	6	20	45	9	6	17	9	4	5	10	7	21	6	40	7	7	6	5	4	4	20	14	36	11	9	1	3	6	7	9	5	9	12	6	24	3	5	25	3	4	4	8	26	6	12	6	22	6	4	7	4	7	6	4	4	5	12	9	8	5	14	77	3	9	10	11	19	11	9	10	5	4	7	8	3	8	17	5	10	6	7	14	37	10	5	3	6	4	7	3	65	13	9	10	16	95	20	10	5	4	14	9	3	3	14
[Del(C):R3]A	2	1	3	0	1	1	1	1	3	0	3	0	1	1	1	1	1	1	0	1	1	0	1	1	1	1	2	1	1	1	0	1	1	1	5	0	0	0	1	1	0	0	0	0	1	0	0	0	2	1	2	0	2	2	1	1	0	0	5	0	0	6	1	1	5	0	0	1	0	2	0	0	2	0	2	0	3	1	0	4	1	1	1	1	5	0	0	4	1	0	2	1	2	6	0	7	7	1	2	5	0	1	1	3	2	3	0	4	5	3	0	1	1	0	1	4	4	1	1	3	2	2	1	1	0	1	1	1	6	2	0	4	6	3	15	3	2	2	1	5	5	1	4	2	1	3	0	2	0	6	4	2	3	2	4	2	1	1	4	1	1	1	4	2	5	2	3	2	1	5	4	10	3	3	0	1	0	3	5	3	3	0	0	2	2	3	2	0	2	1	2	18	19	2	5	8	2	21	8	7	8	8	2	9	12	6	9	21	16	2	6	4	1	1	8	15	8	5	6	6	7	2	19	2	2	23	3	3	2	3	1	2	7	3	1	2	6	3	2	0	2	4	4	2	4	0	1	1	3	0	7	0	2	6	0	0	3	8	0	1	1	1	1	3	4	1	1	1	2	0	0	1	2	1	1	0	1	0	0	0	1	2	5	1	2	1	3	4	7	7	1	3	1	8	5	3	7	16	1	10	7	4	5	23	7	145	13	72	9	5	9	1	7	2	4	4	13	8	9	9	1	5	3	2	1	37	1	6	5	2	10	4	6	2	5	4	10	1	59	16	18	8	1	2	6	2	3	3	6	11	2	17	0	5	4	2	10	7	9	5	6	3	3	7	13	8	6	2	5	23	4	2	5	6	3	2	10	8	1	16	3	7	5	11	3	3	5	1	8	3	2	25	8	4	7	6	38	5	9	2	3	4	11	2	2	9	5	5	7	4	4	4	47	9	7	2	1	3	3	5	9	5	3	1	7	4	3	3	3	5	2	6	3	15	3	10	1	3	1	77	2	3	3	3	6	4	5	4	10	1	4	51	15	0	8	2	3	4	42	6	3	4	7	8	2	2	4	3	2	33	5	15	3	13	6	7	3	2	7	8	15	5	4	4	6	9	4	7	8	3	4	7	3	2	5	12	4	4	9	20	4	5	5	6	9	5	4	3	30	15	2	7	5	14	6	15	4	64	0	17	8	3	5	15	13	12	6	2	5	13	20	2	7	6	6	8	3	59	4	5	1	6	6	5	4	3	5	14	3	5	5	3	13	7	8	5	2	3	5	3	3	1	17	583	5	13	9	5	44	8	2	3	12	6	8	3	4	2	1	8	5	2	1	6	1	10	6	9	7	2	2	2	3	4	10	7	2	12	39	8	7	14	9	3	3	1	4	23	2	57	5	5	2	4	2	3	10	7	40	14	1	2	4	4	5	4	5	5	10	7	21	3	7	10	4	5	2	8	16	3	9	1	6	3	1	4	5	6	2	6	4	3	5	5	8	9	18	97	0	1	4	5	11	3	3	3	4	1	3	7	2	6	16	4	6	5	5	7	43	7	6	1	6	5	6	3	75	8	3	6	8	108	22	5	3	2	4	5	4	0	4
[Del(C):R3]T	0	1	3	0	0	1	1	3	0	0	2	1	0	0	2	1	2	0	1	1	1	0	1	3	3	2	0	0	2	0	0	0	0	2	3	1	0	0	1	1	0	0	0	1	2	1	1	1	4	2	3	1	0	0	2	3	0	0	3	0	0	2	1	2	2	3	1	0	0	0	0	1	2	0	4	0	1	0	0	0	1	3	1	1	4	1	1	4	2	1	1	5	3	4	0	4	4	0	0	5	4	2	2	3	0	4	2	2	7	1	5	0	3	0	1	1	4	4	0	2	2	2	2	2	2	1	0	3	0	2	2	1	4	0	8	1	2	3	0	2	1	0	5	2	0	3	1	2	0	1	2	2	2	2	1	3	1	2	0	2	3	1	1	2	2	2	2	3	1	5	4	3	3	0	3	1	2	2	2	1	3	0	2	3	2	1	1	0	2	1	2	12	9	2	2	6	2	11	10	9	10	10	4	7	7	5	6	11	11	1	12	9	3	2	7	12	6	2	2	6	5	2	9	2	1	11	2	1	3	1	1	2	5	4	1	1	2	2	1	0	1	3	3	3	2	0	0	4	0	2	10	1	2	4	0	0	1	2	0	1	2	2	2	0	3	0	1	3	1	0	0	2	2	2	1	0	2	0	1	0	2	1	2	7	1	2	1	3	6	6	0	1	3	1	4	7	7	13	1	13	4	5	4	23	5	140	8	68	6	6	10	0	4	4	2	6	5	6	5	4	4	4	3	2	4	18	2	5	3	4	3	2	4	4	3	0	5	2	60	6	7	1	2	5	4	2	1	0	6	8	5	19	5	2	2	5	6	4	10	3	4	5	0	1	4	2	12	4	2	8	1	4	7	8	6	2	5	4	1	7	2	3	7	5	10	4	3	0	3	3	3	11	8	3	3	5	28	5	3	3	3	3	7	3	3	6	6	1	8	0	3	7	63	6	4	0	4	4	3	6	7	5	4	2	4	3	2	3	3	1	2	0	3	6	5	3	4	1	0	82	1	3	2	1	2	3	2	5	5	5	5	56	1	0	9	2	8	0	60	3	2	4	2	4	3	1	1	1	5	26	0	4	1	10	5	8	5	4	11	3	4	3	5	10	3	2	7	1	3	0	1	1	3	4	2	11	3	1	7	12	4	1	1	2	6	4	1	4	23	12	4	3	3	14	11	5	2	67	3	3	4	8	0	11	4	2	4	5	4	6	25	3	4	3	7	3	2	36	3	2	3	4	5	5	3	2	5	12	2	2	6	5	12	2	8	2	2	5	1	3	6	2	9	217	8	12	6	4	13	1	2	1	8	4	2	2	2	4	6	2	5	4	4	4	2	6	2	5	2	1	1	2	4	2	5	6	2	7	34	5	2	12	3	4	2	3	2	19	5	63	3	2	2	5	4	2	3	7	48	7	3	0	0	3	5	6	2	5	3	0	21	3	2	13	5	3	2	4	11	6	3	4	4	5	4	1	3	6	1	4	4	4	0	8	7	2	12	95	0	3	2	6	9	2	5	3	4	5	2	1	3	5	17	5	8	3	2	4	50	2	3	4	7	3	1	4	85	2	4	2	7	112	9	7	3	2	2	4	3	2	1
[Del(C):R(4,5)]A	3	4	2	0	1	1	1	5	2	0	2	2	0	0	1	1	2	1	2	0	0	1	2	1	0	1	0	0	2	1	3	0	1	2	3	0	0	0	0	1	0	2	0	0	2	0	0	0	2	0	1	1	0	1	0	0	0	0	3	0	0	1	0	1	0	0	2	1	0	1	2	1	4	0	3	0	5	1	0	4	4	4	2	0	5	0	0	1	1	2	1	2	2	2	0	1	7	4	3	1	5	3	1	4	0	2	0	2	5	4	8	2	0	0	2	3	1	0	2	5	3	2	1	1	1	0	0	2	4	7	0	3	4	0	7	5	2	0	1	5	2	2	3	3	0	0	4	0	3	3	1	3	6	3	4	3	1	1	4	3	1	1	1	2	2	4	3	3	1	5	3	16	4	0	1	1	0	3	2	2	3	0	2	3	1	1	3	0	0	5	3	8	10	1	4	6	1	10	10	9	11	8	6	6	20	7	5	16	14	5	9	4	5	5	7	5	6	4	6	5	5	7	10	1	1	17	5	4	5	6	4	4	6	3	5	5	4	4	6	0	4	3	2	2	2	0	2	2	3	1	5	1	1	1	0	1	2	7	0	4	3	5	5	0	3	2	2	1	4	0	2	1	0	1	1	0	4	0	1	0	0	0	3	2	0	1	3	5	3	87	3	8	2	10	3	7	6	9	2	52	2	4	8	155	5	1378	10	637	7	2	9	2	4	4	3	8	6	4	8	5	2	6	3	1	5	14	1	6	4	5	3	0	6	9	4	4	6	4	459	14	13	6	4	4	8	4	5	4	10	7	2	84	1	3	5	5	10	7	14	4	2	2	4	7	6	4	13	3	4	20	3	3	6	8	4	4	7	12	3	8	3	6	7	5	3	4	3	2	6	2	7	16	7	6	5	8	26	6	6	2	6	7	10	3	1	16	2	2	6	3	3	8	394	3	6	1	5	5	1	3	15	5	3	3	5	6	5	5	2	7	0	7	6	16	7	8	2	2	1	663	1	3	3	5	3	6	2	5	6	11	14	444	5	5	3	8	4	2	387	5	3	3	9	15	3	6	4	1	6	321	2	6	1	11	6	9	3	1	7	6	7	6	2	11	3	7	3	6	3	3	3	7	1	3	4	10	7	4	9	11	13	7	6	10	9	9	1	3	58	9	3	4	5	7	11	6	5	521	5	13	5	3	6	115	8	4	4	4	4	11	18	1	7	4	5	4	7	368	5	8	8	10	8	2	3	6	9	7	1	8	1	1	27	5	8	9	1	9	6	0	12	3	4	303	4	18	12	3	17	4	3	2	16	1	9	4	5	4	0	7	12	3	6	4	4	6	4	10	0	2	1	4	6	2	9	7	4	5	296	4	2	10	6	3	1	7	5	127	2	550	8	3	4	4	7	5	7	9	370	4	7	3	3	1	6	2	2	3	11	0	125	2	5	60	4	3	2	4	12	3	6	11	9	2	1	4	4	2	4	7	6	4	5	3	4	1	9	935	5	3	3	9	19	3	9	5	6	4	1	9	1	6	126	2	9	2	1	6	429	6	2	3	4	4	2	3	734	5	1	6	10	1049	14	5	5	5	9	10	3	4	5
[Del(C):R(4,5)]T	1	2	1	0	1	0	1	2	1	0	2	0	2	1	0	3	0	1	1	2	0	2	0	0	1	1	0	1	1	2	5	0	1	0	2	2	0	0	0	0	1	1	0	1	0	0	0	0	1	0	2	1	2	1	0	1	0	1	2	0	2	2	0	1	1	3	1	1	1	0	1	0	0	0	0	0	5	0	0	2	1	0	0	4	2	0	0	1	2	1	1	2	6	0	0	1	1	0	1	7	2	1	3	1	1	2	1	1	0	3	3	3	0	1	4	4	4	1	0	3	4	1	1	0	2	1	0	1	0	1	0	1	0	0	4	6	1	0	1	2	3	3	1	0	0	1	3	0	1	2	4	3	2	3	5	0	1	1	0	3	0	0	1	2	1	1	2	0	0	2	3	8	1	3	1	1	0	3	0	0	2	0	1	1	1	1	0	0	1	2	0	12	7	3	3	7	2	7	8	8	8	8	2	8	9	4	5	8	6	1	8	5	1	3	10	10	8	2	3	4	4	2	7	3	2	7	2	4	1	2	2	3	3	3	2	2	4	2	3	0	2	2	4	1	2	0	1	2	2	3	6	1	3	1	0	0	0	0	1	0	1	0	0	1	1	0	1	3	0	1	0	2	0	1	1	0	1	0	1	0	2	2	1	0	2	0	0	0	3	80	4	1	4	7	1	2	7	9	2	53	3	5	4	114	2	1049	1	605	1	3	8	2	2	3	6	4	7	5	1	5	3	3	1	2	3	18	6	3	6	3	5	1	2	4	3	0	5	4	418	7	8	3	2	1	3	1	0	2	9	2	3	91	4	3	2	3	9	4	7	1	3	1	0	7	7	1	7	2	5	10	4	1	7	4	3	2	11	3	2	6	8	3	1	5	5	3	4	2	4	2	8	12	0	5	4	1	17	6	5	5	5	1	9	3	2	11	2	2	5	2	2	1	439	0	8	2	5	6	1	1	9	5	3	1	4	0	1	1	0	4	2	5	3	4	2	9	2	2	3	674	1	2	2	1	4	4	3	3	7	5	5	388	2	4	3	3	2	1	439	6	1	5	0	4	2	2	3	0	2	350	1	5	3	10	7	3	5	0	8	2	4	5	4	4	4	2	8	3	4	2	0	6	2	4	2	2	5	6	7	6	3	6	3	2	5	4	1	4	47	3	4	0	2	5	8	8	1	559	4	7	1	6	4	113	5	1	2	6	4	9	13	8	6	1	2	3	2	312	4	10	2	1	2	0	4	4	3	3	1	9	6	4	9	2	3	8	4	4	1	2	6	4	5	153	4	8	8	6	13	1	2	4	9	2	4	2	3	2	2	2	4	6	4	1	0	6	2	2	1	1	0	4	3	1	11	4	2	4	323	7	4	3	5	1	6	6	4	111	3	473	4	3	5	1	3	3	3	8	289	7	0	1	4	0	1	3	6	3	5	4	131	1	2	46	2	2	3	4	6	7	6	3	6	3	2	1	1	1	1	4	6	5	2	3	2	1	6	807	1	4	5	3	9	6	3	4	2	1	1	3	4	4	147	4	5	1	3	0	339	2	3	0	4	3	4	3	615	2	4	2	4	978	9	5	0	2	7	7	3	1	4
[Del(C):R(1,5)]G	3	2	2	0	4	1	0	2	4	0	4	1	1	1	1	0	1	1	2	0	2	1	3	0	0	1	1	1	2	1	0	0	0	2	6	3	1	0	0	2	0	0	0	3	0	0	1	0	1	1	2	0	1	0	0	1	0	0	7	0	1	5	1	0	1	2	1	0	0	2	1	0	1	0	1	0	4	1	1	0	3	2	1	3	2	0	1	5	2	5	5	1	4	2	0	5	1	2	1	1	2	3	1	4	1	2	1	4	7	2	3	3	1	2	6	2	4	3	5	2	4	1	2	1	4	1	2	1	1	2	4	4	4	2	1	4	0	1	2	1	4	7	5	2	0	1	4	2	2	3	8	1	3	6	2	2	2	0	3	1	2	2	3	0	2	4	2	2	3	0	6	2	5	2	1	1	0	4	1	1	2	0	4	3	1	3	1	0	1	11	10	4	8	2	3	8	2	7	7	6	6	6	4	8	8	3	2	11	6	10	6	3	4	4	10	3	8	4	3	3	4	11	7	2	2	12	2	3	9	9	11	2	4	4	8	10	4	2	11	0	4	1	3	0	3	1	1	2	3	1	3	0	1	5	0	1	3	5	1	1	3	3	1	0	2	0	2	1	1	0	0	0	1	1	2	0	3	0	0	0	1	0	1	4	2	0	6	5	0	28	1	1	1	5	3	8	8	21	2	28	3	5	10	65	6	549	6	319	2	4	6	5	3	2	1	9	6	6	9	8	7	2	1	3	3	9	0	3	1	6	10	5	4	9	1	3	3	1	166	14	6	4	6	1	11	5	4	3	7	9	3	29	4	6	5	5	11	4	13	8	9	3	2	6	6	5	13	2	3	15	4	2	9	7	3	5	5	15	1	9	3	5	1	3	2	4	6	6	4	1	6	15	4	3	6	13	23	7	7	6	7	4	11	4	9	9	6	7	4	4	4	4	158	1	7	2	8	6	3	6	6	5	3	0	8	6	6	5	1	3	4	3	2	21	2	6	5	2	3	268	0	2	1	1	6	5	4	10	3	9	7	158	6	4	3	4	4	5	158	6	8	2	5	8	3	2	3	5	7	162	8	4	0	11	6	5	2	4	13	6	9	6	4	3	4	6	4	6	8	1	3	5	4	3	1	5	3	11	9	8	7	6	4	6	5	1	0	6	31	10	3	6	3	12	8	8	2	195	7	5	6	3	6	36	2	5	4	2	1	10	23	6	6	5	3	6	5	120	2	15	8	8	3	4	5	8	8	20	2	6	4	2	21	3	6	10	6	5	2	8	5	2	11	261	5	21	4	3	8	12	3	3	10	6	8	2	7	3	5	2	8	3	6	7	4	11	3	10	3	3	5	3	5	4	10	3	4	5	160	5	1	7	5	2	3	6	2	47	5	173	5	8	3	3	5	5	5	5	117	10	2	5	4	2	3	0	4	10	7	6	40	5	3	27	3	5	0	3	16	1	7	10	4	4	1	4	3	4	7	3	5	3	8	6	2	3	11	391	0	1	2	9	11	5	6	5	4	4	4	6	3	2	56	7	2	2	1	10	142	4	4	4	3	3	2	1	234	3	3	4	12	458	14	5	3	1	9	7	8	2	5
Del(C):R(6,9)	3	1	2	0	2	1	0	2	2	0	1	0	2	2	0	0	0	2	0	0	0	0	0	3	2	0	0	1	1	1	4	0	2	1	5	1	0	0	0	0	0	0	0	0	0	0	0	0	3	1	0	1	1	0	0	2	0	0	4	0	1	4	1	0	1	0	0	0	0	0	1	0	0	0	0	0	17	1	0	4	0	0	2	2	5	0	1	3	1	0	1	0	4	1	0	1	0	2	2	3	1	5	2	4	1	1	0	0	5	2	3	1	2	0	3	0	1	2	3	1	1	0	2	0	2	1	0	1	2	0	2	4	4	0	5	2	3	0	0	1	1	1	0	1	0	0	4	2	0	3	0	1	2	2	0	2	1	0	1	2	1	2	0	1	4	3	0	2	1	3	1	9	2	2	2	0	1	1	1	1	1	0	2	2	1	1	2	0	2	8	4	3	5	5	4	10	5	5	7	7	6	8	5	9	11	5	4	8	6	8	8	5	5	5	10	2	9	2	3	4	3	8	5	5	4	8	4	4	4	8	5	2	3	5	5	8	4	4	8	0	1	2	2	2	3	0	0	1	3	3	2	0	0	6	0	0	0	3	1	2	1	3	2	0	1	0	0	3	2	0	0	0	0	1	1	0	4	0	0	0	2	0	2	2	0	1	13	2	6	462	2	5	5	14	5	16	3	7	7	451	6	7	12	981	15	5077	4	3577	7	2	11	3	5	9	3	19	9	9	8	12	6	24	4	5	9	4	3	7	11	12	6	3	8	9	3	10	15	2	2051	15	5	2	2	6	10	4	4	9	14	16	3	727	4	8	2	2	7	2	7	7	3	2	9	9	8	7	6	5	12	25	5	5	6	9	5	7	9	5	3	4	3	26	4	4	3	0	3	1	3	3	20	15	0	3	1	4	36	11	18	5	12	6	8	7	11	8	6	10	11	3	6	23	2455	3	2	1	15	2	1	3	10	5	3	3	12	3	4	10	5	3	3	8	10	8	11	2	0	5	8	3501	5	3	2	8	5	2	8	4	5	4	9	1942	3	4	5	2	3	2	2435	8	6	9	9	7	10	9	14	8	7	1594	6	11	8	10	12	9	5	3	10	17	8	11	4	7	4	14	14	5	2	6	8	4	3	7	9	10	13	7	6	3	9	11	5	6	2	1	2	16	427	8	6	1	4	6	5	1	5	2706	3	9	4	6	4	818	14	8	6	9	7	15	5	12	14	5	7	18	5	1840	9	8	1	6	12	5	4	11	3	11	5	8	5	5	20	5	8	8	9	10	7	4	10	8	7	147	5	14	9	6	11	6	2	7	19	5	7	7	8	7	9	9	9	12	8	6	2	15	15	8	0	4	2	3	4	8	12	8	5	4	1673	9	7	7	8	2	9	6	16	997	9	2710	3	6	4	5	2	2	11	15	1575	10	8	2	13	6	5	1	5	11	39	5	1037	3	2	445	8	4	6	16	9	9	9	2	14	6	4	8	10	6	24	3	2	0	3	3	7	6	4	4386	2	4	6	17	41	10	8	8	2	4	3	26	2	5	714	3	4	6	4	4	1922	4	3	5	8	5	5	5	3740	3	5	6	37	5104	11	6	3	3	9	43	4	5	7
A[Del(T):R(1,4)]A	7	13	7	0	5	4	4	7	8	0	6	3	3	3	2	8	2	7	2	0	1	2	2	0	2	3	2	3	2	5	2	1	6	6	8	1	0	0	1	4	0	1	0	1	1	3	3	0	4	4	1	2	4	7	3	4	0	0	5	0	1	8	2	4	3	8	2	1	1	1	1	1	6	1	1	0	10	4	0	11	6	8	10	8	3	5	4	16	12	5	10	7	8	14	0	9	16	7	6	6	6	9	6	8	5	5	2	8	10	7	7	5	6	1	3	10	14	5	6	17	5	9	9	7	13	3	3	6	5	4	5	9	7	6	10	15	5	3	6	10	9	5	10	9	0	6	9	5	4	5	11	4	8	13	6	5	8	2	4	5	6	5	9	8	7	10	7	8	6	17	11	51	8	6	8	13	3	11	3	18	10	0	4	11	8	13	8	0	9	10	8	23	19	10	8	18	9	21	21	18	17	18	10	16	35	16	15	38	19	12	21	17	9	7	15	25	18	10	11	17	16	14	17	9	8	41	10	11	10	10	10	10	15	9	9	12	11	10	14	0	7	14	7	7	7	2	12	11	13	4	17	5	5	12	5	1	1	18	2	10	4	7	2	3	9	2	3	7	6	0	0	2	2	8	2	0	10	0	1	0	8	4	7	6	6	1	13	22	13	56	15	11	12	22	14	19	42	25	17	87	14	20	18	127	14	759	23	495	20	11	23	9	13	19	12	23	29	21	16	10	7	16	9	10	11	55	15	13	18	10	12	12	6	20	8	12	20	12	354	25	26	9	8	9	21	7	14	15	17	15	11	99	7	10	12	8	14	22	34	19	15	7	10	16	27	10	26	6	15	41	15	13	22	14	10	10	34	18	7	24	15	22	19	9	13	12	18	8	14	15	21	35	19	14	10	27	99	16	18	12	30	15	19	12	14	35	13	14	22	17	8	20	354	15	23	5	19	12	10	13	17	17	20	7	19	12	13	16	7	20	6	10	12	26	11	18	13	12	8	497	9	6	7	8	9	9	15	17	13	4	20	331	6	15	23	11	14	7	336	16	12	23	20	22	12	11	12	13	11	200	16	17	8	32	25	23	15	12	28	18	33	9	15	17	12	16	15	9	6	13	10	10	7	20	16	19	8	12	20	15	20	18	10	21	12	15	14	16	109	17	15	16	13	22	31	26	7	403	10	22	9	16	15	147	20	22	12	14	11	20	47	13	18	17	7	12	7	253	11	17	8	13	10	12	11	21	20	22	6	18	18	2	23	10	23	21	13	19	14	8	16	11	22	113	11	23	27	14	58	6	4	11	43	8	22	19	17	15	24	5	19	17	16	18	6	14	16	22	13	6	7	5	10	11	17	24	12	33	248	18	11	30	14	7	12	16	8	160	14	307	8	7	13	13	5	8	33	22	212	38	19	7	19	11	14	12	16	17	29	16	168	17	6	103	17	15	5	15	27	8	24	8	16	19	14	8	11	10	18	18	21	18	15	19	8	12	17	590	3	5	12	20	44	18	15	17	15	15	10	18	8	6	72	16	23	13	15	22	242	9	10	8	14	13	14	7	500	6	14	14	28	695	29	22	11	6	18	28	8	15	10
A[Del(T):R(1,4)]C	3	6	4	1	2	2	2	3	5	0	3	1	2	3	3	1	4	2	2	0	0	1	2	1	2	4	3	1	1	1	2	1	3	3	3	2	0	0	1	2	2	1	0	1	1	1	0	0	3	3	6	2	2	0	3	2	0	0	5	0	1	4	0	5	3	2	1	1	0	2	1	1	5	4	6	0	1	0	0	7	3	7	4	3	4	3	0	11	6	5	9	2	3	7	0	9	13	7	6	8	4	5	3	5	4	4	4	3	7	3	13	2	3	2	5	3	10	2	1	9	4	5	4	2	3	1	2	4	6	4	5	4	4	2	8	6	6	1	3	5	5	3	10	5	1	3	3	7	1	4	10	6	8	4	8	2	4	2	8	3	2	1	2	4	7	4	3	3	3	11	3	14	4	2	5	4	1	4	2	4	3	0	6	3	2	3	6	1	4	8	5	19	11	6	9	8	6	9	26	28	27	28	8	8	23	5	5	25	10	6	28	12	8	9	8	19	8	9	9	4	4	7	8	6	5	23	7	7	5	6	5	8	4	8	8	6	9	8	7	0	4	12	2	6	4	0	4	7	15	4	9	0	5	8	1	1	1	10	2	8	1	2	2	0	5	1	2	2	4	0	0	0	1	4	4	0	8	0	2	0	1	4	6	7	0	1	6	18	16	22	8	7	3	11	8	13	9	24	4	31	6	11	5	39	11	308	12	186	16	6	8	3	7	6	6	12	14	15	3	5	6	6	5	4	14	23	14	18	12	4	8	8	4	9	4	3	17	7	154	13	8	7	5	8	14	9	8	6	9	13	11	39	7	6	7	3	14	19	15	8	6	3	3	17	13	2	13	4	5	18	7	8	9	11	8	6	18	14	3	10	8	10	12	7	4	8	11	2	5	10	13	9	9	11	8	17	36	15	12	4	9	8	17	0	4	18	3	3	12	7	2	11	135	9	13	2	8	4	2	4	9	10	8	7	9	8	8	6	5	8	4	7	7	20	5	8	6	2	7	172	8	4	2	5	6	6	6	10	12	8	10	144	9	5	11	4	8	3	134	4	6	13	11	10	8	6	4	13	3	86	15	12	6	25	15	5	12	8	29	8	16	15	9	11	10	4	11	11	8	8	6	11	6	6	7	14	8	3	13	7	7	8	6	15	6	8	1	11	61	16	10	6	6	12	14	24	1	156	7	8	3	14	4	61	13	10	6	10	14	16	35	5	6	3	5	9	5	87	4	7	3	6	5	7	7	11	6	21	2	9	5	3	26	9	5	10	6	18	11	10	4	10	13	18	9	12	12	6	31	9	3	8	34	5	7	10	5	8	13	1	9	10	7	13	6	12	4	7	7	4	5	8	5	7	13	8	5	17	73	8	6	14	8	7	5	11	5	58	6	121	12	10	2	9	8	5	16	15	95	31	0	9	8	4	11	4	10	9	17	5	63	9	2	30	6	9	0	11	11	7	12	5	14	5	14	4	5	4	7	9	15	12	11	7	5	3	21	223	4	5	10	16	11	11	6	7	7	4	5	14	3	7	26	6	8	8	6	16	107	6	3	3	7	5	6	4	145	9	4	13	20	265	10	9	3	5	9	15	6	1	7
A[Del(T):R(1,4)]G	5	3	5	0	5	3	1	7	4	0	5	4	1	1	1	2	3	0	1	0	1	2	1	0	1	3	0	1	0	3	2	2	4	3	2	1	0	1	2	1	2	4	0	0	1	1	2	0	4	4	8	2	1	1	2	2	0	1	2	0	2	5	3	1	3	0	1	0	1	1	2	1	1	1	5	0	9	0	0	1	5	6	2	6	4	1	3	7	3	1	5	8	4	3	1	6	12	2	4	9	8	5	6	6	5	5	0	1	10	1	5	3	2	5	1	4	8	6	8	10	3	2	3	1	2	0	5	5	5	2	2	7	7	2	6	5	9	2	5	3	4	7	6	9	1	4	1	7	5	3	6	2	10	10	6	2	4	0	5	6	4	3	6	9	5	7	3	6	7	7	8	12	2	7	5	6	3	4	5	4	7	0	5	3	1	5	3	1	9	4	3	15	14	5	4	15	6	14	17	18	20	18	5	16	18	8	9	20	9	5	18	14	4	6	16	16	15	4	4	8	8	6	10	7	5	22	5	6	4	6	4	4	8	5	4	5	7	6	4	0	5	5	2	6	2	0	7	7	8	7	10	4	2	8	5	2	4	14	0	6	4	5	4	7	6	0	3	2	6	0	0	3	1	2	4	0	3	0	2	0	3	2	5	3	6	7	3	8	10	36	4	6	3	15	4	4	25	27	5	42	4	9	11	36	10	168	8	173	10	8	12	1	7	5	2	11	15	12	8	5	12	7	7	7	9	29	6	8	10	6	3	6	12	6	7	3	10	3	105	11	12	6	7	2	13	5	7	5	10	11	7	55	3	6	5	1	8	16	24	10	14	8	3	15	15	8	12	6	5	32	4	7	10	11	4	8	13	11	1	8	7	7	5	9	11	8	5	5	7	6	9	21	15	10	6	13	52	4	15	8	13	7	13	12	7	21	6	7	13	8	9	9	121	10	17	0	11	7	3	7	15	15	7	6	10	10	7	3	6	10	6	8	8	11	8	7	10	6	4	182	0	2	4	2	5	2	6	5	7	11	8	98	8	11	23	1	8	6	120	7	1	6	6	6	8	11	3	6	5	63	5	8	5	36	7	10	11	5	16	13	26	4	11	12	4	13	7	5	6	3	6	4	4	10	9	12	7	2	11	9	9	13	3	9	7	8	3	7	35	18	7	3	7	20	20	19	1	127	8	12	9	13	6	59	8	10	4	7	6	18	38	8	9	7	9	8	5	77	7	2	6	5	4	8	11	10	11	16	7	10	9	5	19	8	9	10	4	20	10	5	11	14	14	59	13	20	9	12	37	3	3	6	23	4	8	14	7	5	11	10	11	11	5	11	9	7	6	13	1	8	3	10	7	8	9	6	4	18	59	5	7	13	4	3	7	11	8	67	8	105	8	6	9	4	5	6	8	13	83	20	5	9	4	5	8	6	7	7	14	7	69	4	4	37	4	4	5	9	15	5	6	7	9	4	10	2	9	4	5	10	6	3	8	8	7	11	17	148	1	2	6	11	16	8	8	10	5	7	6	11	4	5	48	7	13	9	8	10	85	7	5	7	6	2	7	3	144	9	5	9	15	206	16	11	10	2	9	15	8	3	7
C[Del(T):R(1,4)]A	3	4	3	2	1	1	2	5	4	0	7	4	1	1	2	3	6	2	1	0	2	0	3	2	3	2	0	1	2	1	4	0	1	2	8	2	0	0	1	1	1	2	1	3	1	3	0	0	3	3	1	0	1	2	2	1	0	2	7	0	0	4	5	2	2	4	2	1	1	2	2	0	3	1	2	0	3	4	1	2	4	3	8	4	2	1	2	3	5	1	5	2	4	1	0	8	10	4	5	7	6	2	7	7	5	2	2	6	7	5	10	1	0	5	1	3	10	4	9	5	9	8	3	5	12	0	4	3	3	6	3	6	6	3	13	8	6	4	1	8	6	6	8	3	0	4	2	2	6	6	6	2	4	12	10	5	5	1	8	4	3	4	8	5	1	5	6	3	6	11	13	44	8	5	6	4	3	7	2	4	7	0	5	8	1	5	4	0	1	8	7	20	12	4	7	16	5	10	10	11	11	11	5	16	21	12	9	22	10	8	10	9	5	3	16	18	15	8	8	13	10	7	11	4	4	24	7	7	7	8	7	7	9	7	7	7	8	7	8	0	1	5	7	1	9	0	5	4	6	6	8	1	2	8	1	1	4	7	2	3	2	6	6	1	4	1	1	4	5	0	0	3	0	4	1	0	7	1	2	0	1	1	7	4	2	2	2	5	11	31	6	7	5	9	7	9	24	24	6	43	9	12	11	36	5	236	7	226	10	3	13	3	7	5	5	11	14	11	7	11	11	9	8	6	3	24	9	7	11	3	8	6	9	13	6	5	12	2	143	12	14	4	9	6	15	8	1	8	9	14	10	46	6	8	6	2	4	17	18	8	9	3	4	10	15	2	14	7	7	24	7	8	7	16	6	4	10	16	5	12	8	9	5	5	6	5	10	2	9	6	10	18	17	11	4	17	57	8	12	5	9	12	16	5	13	15	7	10	10	13	7	6	131	3	11	3	5	3	6	10	12	5	9	7	8	5	9	10	6	9	6	5	4	17	7	6	9	8	5	211	4	4	2	3	5	6	5	5	6	8	4	135	6	4	15	3	10	4	132	11	6	9	10	17	7	8	3	9	2	102	5	11	4	21	7	3	9	1	27	6	12	8	15	7	7	6	6	7	7	7	9	8	3	8	6	15	7	5	13	13	3	12	5	6	8	9	3	7	54	10	5	6	11	18	10	13	8	198	4	11	6	8	8	44	13	5	4	11	9	13	33	8	13	7	8	7	9	111	3	8	6	5	10	7	6	9	15	17	0	14	12	2	26	5	4	11	7	16	4	4	13	5	12	134	8	16	9	16	46	3	6	7	20	6	9	5	4	1	6	4	4	7	4	7	6	10	12	15	5	8	4	5	5	10	14	8	5	25	99	11	7	12	7	5	7	13	8	53	4	135	4	7	6	7	6	10	20	12	100	19	7	4	14	2	9	8	8	8	11	10	52	11	5	38	4	7	2	8	22	3	12	6	5	10	3	5	9	7	13	11	14	12	15	7	9	8	20	214	1	9	9	10	18	17	4	6	6	8	4	10	5	7	46	3	6	5	5	14	123	10	9	7	3	5	7	8	173	5	10	9	21	266	19	5	8	4	13	10	2	5	12
C[Del(T):R(1,4)]C	2	5	4	0	1	3	3	3	5	0	4	1	5	3	0	2	1	3	1	0	0	2	1	3	3	1	1	4	0	3	2	2	3	3	2	3	0	0	1	0	0	3	0	5	1	2	4	1	2	1	1	0	4	2	3	4	0	0	1	1	1	4	3	4	4	5	1	0	0	0	1	0	1	3	3	1	8	1	1	6	1	9	3	9	6	0	6	5	5	3	3	5	8	5	0	6	9	2	1	11	1	10	5	5	3	3	2	1	9	5	10	5	2	4	1	1	9	2	2	5	3	7	4	1	8	3	2	0	6	6	1	4	5	4	7	8	4	5	5	4	2	3	7	3	1	5	1	8	2	7	7	6	5	4	3	8	0	1	4	4	4	3	4	5	3	6	2	5	6	3	7	23	3	1	8	4	1	7	2	9	9	1	5	4	2	8	4	0	8	7	5	24	5	6	13	10	6	5	14	14	14	14	8	10	15	14	12	16	5	5	13	13	6	6	11	20	10	13	11	13	12	5	5	6	4	16	12	12	5	6	5	12	11	12	7	5	12	11	5	1	3	5	6	8	5	0	1	5	8	4	9	2	2	4	0	2	3	9	2	6	2	6	6	2	3	0	2	2	4	0	1	3	0	1	2	0	4	1	0	0	1	0	3	4	1	0	11	9	18	46	4	7	7	13	4	7	15	33	4	43	9	9	3	45	8	349	18	277	14	6	13	8	9	10	4	15	28	12	7	11	9	4	5	5	5	26	9	10	9	2	8	6	9	8	9	11	13	10	188	14	11	3	4	5	12	5	11	6	13	9	7	56	3	14	7	3	8	11	19	7	6	6	10	15	29	8	11	6	6	18	5	9	8	19	8	5	18	10	1	17	10	14	9	9	6	9	7	2	9	6	17	22	12	8	6	10	34	6	12	6	11	12	17	5	5	23	5	7	16	8	6	6	181	10	20	4	6	2	2	8	15	9	7	4	9	12	9	11	10	9	12	14	7	14	6	7	11	6	8	272	4	1	6	6	1	6	11	9	6	10	11	168	7	7	19	7	7	4	173	10	5	9	9	11	8	5	7	10	4	114	8	12	5	25	13	13	4	2	15	8	20	9	6	10	8	5	7	9	7	8	6	10	4	8	7	16	8	7	18	10	15	13	4	6	9	8	0	11	58	26	9	5	7	21	16	25	7	223	5	9	2	7	6	54	14	7	6	7	8	10	46	9	14	5	7	5	3	123	6	10	6	7	6	3	5	8	13	19	2	13	8	8	31	3	12	8	9	17	5	3	13	6	14	76	8	16	12	5	25	10	2	8	27	7	5	6	6	3	9	6	13	11	6	9	4	3	6	10	5	6	7	1	11	6	13	10	11	17	109	3	6	8	9	3	6	7	3	61	3	140	6	6	11	3	6	6	11	16	112	19	8	5	9	7	9	7	6	7	16	8	61	15	8	36	3	5	2	7	9	8	19	7	19	7	5	5	9	5	6	11	8	7	16	10	7	4	22	287	3	5	8	14	8	7	13	8	6	4	5	8	5	6	69	6	4	6	8	11	129	9	8	4	5	8	8	5	249	3	4	12	17	349	17	5	8	6	9	17	11	2	5
C[Del(T):R(1,4)]G	6	9	11	0	5	2	2	7	5	0	12	4	6	3	5	2	0	5	2	2	2	2	2	3	2	5	3	4	2	2	4	1	1	2	8	3	0	1	1	3	1	4	0	2	2	1	1	0	7	2	1	2	5	1	2	5	1	1	5	1	0	7	1	0	3	1	2	1	1	4	3	2	4	0	2	0	2	0	1	4	2	7	4	11	1	5	1	5	2	2	2	2	5	6	1	10	16	2	5	4	2	4	4	0	1	4	2	4	9	6	7	5	3	3	3	3	12	7	4	7	3	7	1	1	4	1	4	5	1	7	8	7	6	5	7	7	3	2	1	7	4	3	9	3	0	2	3	3	3	4	7	3	4	5	4	4	5	3	2	4	2	5	6	8	10	6	6	5	4	7	6	17	7	3	3	2	2	5	5	2	9	0	6	7	2	7	2	0	3	4	1	19	13	5	13	16	5	11	18	16	19	18	7	15	14	14	17	13	17	1	17	14	7	7	18	15	15	12	12	14	14	4	11	5	6	12	11	13	1	4	2	10	17	11	3	5	11	10	4	0	3	6	2	4	2	0	5	6	10	4	8	5	0	7	3	4	4	9	0	4	3	5	2	2	6	0	3	1	8	0	2	1	2	5	6	0	2	0	3	0	4	2	5	3	3	0	10	9	10	30	7	4	4	12	5	7	27	28	7	28	8	7	11	29	15	178	17	166	9	4	13	3	4	5	8	6	16	10	13	6	15	4	8	5	4	24	10	9	12	1	12	9	6	11	9	9	13	3	112	19	12	8	8	4	11	3	6	11	19	8	7	38	5	15	7	5	5	15	24	6	7	8	8	17	17	11	13	8	8	16	10	8	7	22	2	5	11	9	3	13	8	5	12	11	7	12	12	1	12	5	6	22	15	8	5	24	55	14	13	4	8	16	22	2	3	25	7	6	10	7	7	8	124	13	20	2	7	8	5	5	15	11	10	5	9	5	11	4	3	10	6	19	4	14	6	6	11	4	3	216	7	1	3	2	2	12	9	8	7	13	9	104	3	12	23	5	9	7	121	5	6	8	8	11	8	6	4	11	4	90	6	7	6	31	9	15	14	4	18	9	26	7	10	8	5	9	5	7	6	7	4	10	9	9	4	8	7	3	23	3	9	9	4	8	9	11	6	8	37	24	9	4	9	14	15	22	5	166	11	13	6	13	7	29	6	9	11	6	8	15	44	4	10	10	8	8	7	89	7	6	7	9	9	8	7	7	12	9	6	6	11	4	22	9	15	10	9	13	7	2	14	6	15	122	13	9	17	6	25	10	8	6	22	7	9	7	8	9	12	4	9	5	9	13	2	8	9	12	5	3	8	8	9	6	10	8	7	31	74	8	6	16	7	11	4	8	8	32	6	99	5	5	6	5	11	9	13	19	83	19	5	4	11	8	5	8	5	8	12	6	35	12	9	27	8	7	9	13	12	3	10	6	11	9	6	6	4	7	10	11	9	10	6	7	9	7	21	191	4	5	10	8	18	15	6	9	4	6	7	12	5	12	49	7	7	5	6	20	87	9	6	5	3	6	7	2	151	7	6	5	17	239	16	6	8	5	12	17	3	1	16
G[Del(T):R(1,4)]A	2	6	1	0	4	2	2	3	1	0	2	1	1	2	3	3	0	3	2	1	1	0	1	2	3	3	2	4	2	0	0	4	1	2	8	0	0	1	3	3	0	1	0	1	0	3	0	0	2	2	3	2	2	1	1	2	0	0	3	0	2	3	7	2	1	1	3	1	1	1	3	3	8	1	3	0	4	1	0	2	2	4	4	9	7	1	3	2	10	2	4	8	3	2	0	6	7	4	5	7	5	3	4	3	2	2	0	4	2	2	4	3	0	0	4	1	5	4	1	6	6	5	3	2	5	1	2	6	3	5	2	5	2	2	3	10	5	0	2	5	2	4	2	0	1	5	1	2	3	4	4	1	2	5	5	2	2	1	6	0	1	7	6	7	2	0	4	2	4	5	4	26	4	2	3	6	2	4	0	6	4	0	1	5	1	8	2	0	1	5	5	12	11	2	4	8	2	9	13	14	14	13	2	8	13	9	9	18	10	4	14	8	3	2	7	10	8	3	4	9	10	4	11	2	2	18	3	3	4	4	4	3	7	3	4	5	3	3	4	0	5	7	1	7	1	0	3	2	3	3	2	2	0	6	3	1	4	10	1	4	0	4	3	2	6	1	1	2	2	0	0	2	2	4	4	0	6	0	2	0	0	1	9	4	2	2	3	7	5	22	2	5	1	13	3	10	12	15	1	34	3	9	10	50	6	298	12	177	10	2	6	4	8	2	8	6	7	10	6	10	14	3	0	4	5	23	1	8	6	0	2	5	1	12	5	2	7	4	192	15	9	4	6	4	8	1	6	5	8	7	5	33	2	8	5	2	10	11	15	2	5	5	2	13	6	6	6	5	12	15	10	4	3	7	5	4	16	5	5	9	7	8	4	3	6	5	9	4	5	2	8	20	9	8	3	5	38	9	11	4	7	4	13	3	4	14	5	6	11	3	7	4	150	6	13	1	5	1	2	5	11	1	5	3	11	7	4	7	5	4	4	7	2	6	1	9	14	6	4	208	4	0	3	2	2	7	0	8	4	9	9	183	3	12	9	4	4	3	147	9	3	3	9	12	1	3	2	7	2	68	5	10	4	22	3	9	0	7	21	3	13	8	6	10	2	3	3	4	4	9	6	11	5	13	6	5	5	5	13	9	9	9	5	6	7	9	3	6	52	6	5	3	11	14	12	10	5	160	7	9	2	1	8	46	8	3	7	5	7	24	18	7	8	5	3	10	0	90	3	6	6	9	7	5	9	9	3	13	3	10	8	4	25	6	8	10	6	14	3	1	9	5	7	28	7	7	9	5	24	4	1	5	17	5	6	8	5	3	10	7	11	3	4	9	3	7	3	12	4	4	4	8	4	4	7	11	4	12	65	14	3	9	6	5	6	6	4	44	5	149	6	3	5	3	6	2	7	9	116	16	4	6	6	3	5	6	4	3	12	6	47	3	3	30	4	2	3	4	10	2	21	8	10	4	4	7	4	2	3	7	2	1	6	7	3	6	17	264	1	5	6	5	11	8	8	7	3	3	4	11	3	8	42	2	5	3	8	5	120	2	5	2	7	5	6	4	149	4	9	7	15	293	20	3	6	5	13	5	7	0	8
G[Del(T):R(1,4)]C	3	4	6	0	2	2	1	2	1	0	3	1	1	1	0	0	1	0	0	0	0	2	0	2	1	0	0	0	0	0	1	0	3	0	1	0	0	0	1	0	3	0	0	2	0	1	1	0	1	1	0	0	1	1	2	0	0	1	2	0	0	6	0	0	1	0	0	0	2	1	1	2	4	0	1	0	7	0	0	8	1	7	3	1	3	3	2	3	2	1	1	5	0	3	0	3	6	2	3	7	3	3	4	4	3	6	0	1	6	1	3	1	4	1	3	2	4	1	2	7	5	3	1	0	4	2	0	1	0	3	1	4	3	0	4	5	4	0	2	3	0	2	6	2	1	2	4	1	3	2	3	1	3	6	3	2	3	2	6	1	2	3	4	5	3	2	3	0	1	4	4	10	3	2	0	8	2	2	0	1	2	0	2	2	4	1	0	0	2	3	1	11	6	1	4	9	1	7	12	13	11	13	5	10	12	10	8	13	7	2	12	5	4	4	10	9	9	4	4	7	8	4	7	3	3	14	6	6	1	5	2	4	7	4	3	3	5	4	3	0	2	4	2	3	4	0	4	4	3	0	5	1	3	2	5	0	0	3	1	4	1	4	4	0	0	0	0	1	1	0	0	3	0	1	4	0	8	0	0	0	1	2	5	1	1	0	5	6	6	25	6	6	1	8	5	5	12	16	4	24	6	10	4	52	6	284	10	166	9	1	5	2	4	5	4	6	11	4	7	3	8	1	5	3	7	17	7	8	3	1	5	2	4	10	8	6	7	5	204	11	8	2	4	4	8	1	2	6	3	10	3	41	2	8	0	7	2	5	13	4	2	2	6	7	11	5	9	0	5	9	2	4	7	8	6	4	12	1	2	4	4	4	4	2	6	2	4	1	3	2	4	7	8	4	6	8	26	2	2	4	3	12	15	2	2	5	3	6	6	4	2	4	161	9	6	1	1	3	3	3	17	6	3	2	9	6	2	3	4	6	5	8	4	3	5	3	4	2	3	177	1	2	3	3	3	3	3	6	4	5	6	195	5	7	12	1	1	3	160	4	6	9	8	7	3	7	5	4	2	66	5	8	0	12	6	8	7	5	9	2	9	2	5	5	4	1	5	7	1	3	3	3	2	5	10	12	7	1	7	8	8	3	5	6	8	11	2	6	78	13	1	1	3	14	10	23	1	131	2	8	1	7	5	48	9	7	4	3	5	3	17	2	2	8	1	4	6	86	1	3	5	7	2	5	2	3	11	11	5	7	11	3	13	0	8	5	5	12	9	3	5	4	13	10	5	8	14	4	24	5	2	5	18	3	7	3	4	2	7	4	7	5	3	2	6	1	2	13	3	2	1	3	5	6	9	4	5	12	55	4	3	12	10	3	2	6	1	43	3	137	5	6	4	5	4	1	5	6	104	13	5	2	3	3	6	4	6	4	8	8	46	4	5	19	0	4	2	6	11	7	9	3	9	3	3	2	2	3	8	5	10	8	6	10	1	6	14	202	1	2	9	5	9	5	5	3	1	2	1	9	1	2	35	4	12	3	7	7	103	3	4	1	5	2	6	2	122	0	5	2	11	247	13	7	2	0	2	10	3	4	7
G[Del(T):R(1,4)]G	4	4	2	0	2	0	1	4	1	0	4	1	1	2	1	0	0	2	3	2	3	0	5	2	2	1	1	3	2	2	2	2	1	1	2	2	0	0	0	1	1	1	1	2	4	1	2	0	6	7	1	0	1	3	0	1	0	1	7	0	0	2	2	1	0	3	1	1	0	1	0	1	2	2	0	0	5	0	1	2	1	1	2	1	4	0	0	11	1	3	4	6	1	2	0	3	10	3	2	6	4	2	4	2	4	0	1	10	2	2	7	2	3	1	6	1	5	3	3	5	3	3	1	3	4	2	1	2	2	2	0	4	4	2	9	4	6	2	2	4	2	1	4	3	0	3	2	1	7	3	2	1	7	0	4	3	3	2	2	2	4	2	4	5	2	3	5	5	4	5	3	10	4	2	1	2	3	6	1	4	3	0	3	2	1	5	0	0	4	5	4	21	7	1	6	8	2	9	13	13	14	13	12	9	17	10	11	18	6	4	13	6	8	6	8	20	8	8	6	10	11	5	6	1	2	19	7	5	5	5	4	6	13	9	4	4	8	6	4	0	2	3	6	5	2	1	5	3	5	3	4	3	5	1	2	0	1	5	0	2	1	3	3	0	6	1	0	2	0	0	0	0	0	4	4	1	7	0	1	0	4	2	4	7	1	0	4	3	5	28	4	5	5	17	3	8	14	30	5	27	1	10	3	54	3	304	15	202	12	1	12	3	11	2	5	10	11	7	5	6	6	1	3	4	1	20	5	7	7	2	8	7	8	16	3	6	5	7	186	12	6	3	6	5	14	2	4	7	7	3	4	39	2	8	5	4	4	5	9	6	5	2	3	15	11	2	10	5	10	18	2	4	6	8	1	5	5	2	1	4	8	5	7	2	5	6	10	5	10	4	11	18	8	5	7	4	54	9	12	4	4	7	14	4	4	15	3	10	8	2	8	3	179	4	11	4	6	4	2	2	12	11	5	8	10	3	6	4	2	7	1	11	3	3	7	3	5	4	3	211	2	6	4	1	2	3	2	7	7	4	7	175	4	3	12	3	3	7	175	7	3	5	10	17	5	5	3	5	5	93	9	16	6	19	3	7	7	8	15	6	10	13	4	8	3	6	8	7	5	7	6	3	6	5	2	13	7	6	7	6	6	7	6	8	4	8	2	6	67	22	5	6	8	13	13	13	3	167	2	13	3	5	5	38	15	7	7	3	7	16	25	6	7	5	3	1	4	116	2	6	1	6	5	9	6	4	8	7	5	8	13	2	22	8	8	10	5	14	3	4	11	7	13	44	7	14	13	8	38	7	4	5	10	3	6	7	7	5	5	6	6	6	8	6	2	9	6	14	9	3	3	2	6	5	6	13	5	16	77	1	1	12	6	4	6	9	6	54	5	133	3	7	6	3	1	6	5	7	102	13	3	6	2	1	5	7	6	5	12	7	51	7	4	28	2	5	2	3	9	4	4	3	7	5	9	9	3	5	1	7	4	4	5	1	4	8	13	274	1	3	8	10	7	4	5	4	3	5	4	9	2	5	51	4	12	2	8	5	115	3	3	3	1	6	2	3	156	9	5	3	9	331	18	4	5	3	4	4	5	2	12
A[Del(T):R(5,7)]A	1	2	2	0	5	4	1	3	2	0	3	0	4	2	2	0	0	4	0	0	1	0	0	2	1	1	0	2	1	3	2	0	1	3	8	1	0	0	0	4	1	1	1	0	1	1	1	0	2	3	1	0	2	2	0	3	0	0	3	0	0	6	1	1	3	0	1	3	0	0	2	1	7	0	4	0	23	0	0	3	2	4	2	2	4	0	7	2	3	3	1	4	4	1	0	3	8	4	7	8	3	3	8	3	6	7	0	1	6	5	12	1	1	2	2	7	4	2	2	2	4	3	5	3	5	0	1	3	4	5	4	4	4	2	2	2	8	0	2	8	6	7	6	4	1	0	4	4	2	5	6	1	4	6	11	2	1	1	2	4	2	1	7	5	5	2	3	3	8	6	8	94	2	5	7	3	3	6	1	3	3	0	3	3	1	3	3	1	2	13	7	14	15	9	8	34	9	12	18	17	20	23	4	29	23	10	11	18	13	14	19	10	3	3	40	8	34	8	8	11	14	11	13	9	10	23	8	9	8	16	11	7	12	12	11	10	9	9	10	0	4	5	5	4	6	0	2	2	6	4	5	3	0	6	0	2	1	6	1	4	2	7	3	2	7	2	1	2	4	0	0	0	1	4	1	0	4	0	2	0	1	1	5	7	2	1	10	5	16	653	5	9	6	11	4	17	10	18	5	526	15	9	11	1028	18	4819	24	4603	12	2	24	8	7	15	13	21	13	8	10	22	14	29	8	12	9	23	7	8	18	13	8	6	11	25	3	6	17	8	2311	34	14	9	8	4	19	9	1	17	24	10	10	1066	3	15	5	4	17	18	17	7	17	6	6	16	11	5	12	6	17	50	6	3	3	6	5	9	22	7	6	10	17	56	11	4	14	4	8	2	2	5	27	31	17	7	7	13	102	13	23	12	28	14	6	9	10	15	8	13	15	14	9	45	2738	17	6	1	45	10	3	5	9	1	11	3	14	5	9	13	8	9	6	10	10	10	10	15	6	8	10	4188	15	4	6	5	4	15	5	6	14	5	30	2178	10	9	12	9	14	1	2761	10	15	10	8	21	4	8	12	8	7	1799	22	15	9	16	22	8	5	3	15	16	23	14	6	12	7	15	16	5	10	6	1	5	7	9	29	16	40	9	8	9	26	20	7	14	8	8	2	28	432	13	15	11	10	10	9	14	7	3209	10	10	8	5	10	1078	17	9	5	10	12	39	21	11	19	12	10	12	6	2083	3	14	6	6	31	11	9	24	10	16	11	17	15	6	28	11	8	10	18	15	12	7	12	10	13	36	8	19	25	17	32	5	4	6	30	6	17	10	6	10	11	14	22	13	6	13	3	30	28	27	5	7	3	8	8	6	23	10	7	19	1747	17	6	13	27	4	10	3	7	1075	34	3107	11	8	9	4	11	9	37	31	2001	29	17	3	15	7	11	9	6	22	46	7	1119	9	4	487	17	7	9	12	23	3	24	5	14	5	15	21	13	9	31	9	3	2	7	9	11	12	6	4462	4	7	7	20	57	45	18	10	5	2	7	9	7	4	801	9	10	10	7	10	2197	8	7	6	16	5	7	6	3881	9	4	11	50	5635	13	3	7	2	11	36	5	4	20
A[Del(T):R(5,7)]C	3	1	0	0	1	1	1	4	0	0	5	2	2	2	3	1	1	2	1	0	0	0	1	4	6	2	2	2	1	0	0	1	4	2	3	0	0	0	0	3	0	0	0	1	1	3	0	0	2	2	1	0	2	2	1	2	0	0	1	0	4	4	0	0	1	0	2	0	0	0	1	3	4	0	2	0	23	1	0	7	0	0	1	4	2	2	2	4	1	3	2	4	6	0	1	6	3	4	5	4	5	4	3	2	0	1	0	2	4	2	7	2	0	0	1	3	4	0	3	4	2	0	1	1	4	1	1	2	3	0	6	3	2	1	3	2	6	1	0	5	1	1	5	1	0	1	3	1	2	0	6	4	1	4	8	3	4	0	1	9	1	3	0	2	4	4	4	4	4	2	6	45	2	0	5	4	1	3	1	0	2	0	7	2	2	1	1	0	4	9	6	13	9	8	11	17	7	7	14	9	10	14	6	18	13	7	5	16	9	7	10	9	5	3	20	8	17	11	14	7	7	10	8	8	7	16	12	12	8	11	7	11	5	16	12	10	11	12	11	0	3	4	0	1	5	0	1	4	1	6	4	1	2	5	1	1	1	0	0	5	2	3	2	0	1	1	3	2	4	1	0	1	1	0	1	0	2	0	0	0	2	2	4	3	0	1	13	5	6	280	4	7	11	5	5	17	6	5	5	240	11	4	7	390	8	3120	13	1911	7	2	17	5	5	8	5	14	2	8	7	18	6	20	5	7	5	14	3	1	8	4	3	6	6	15	2	10	14	6	1415	17	8	2	4	3	7	6	5	14	9	5	3	502	0	7	5	1	19	15	13	5	2	2	10	13	3	4	4	4	11	25	9	6	7	2	5	3	19	5	2	7	6	32	8	5	5	8	12	3	1	7	14	8	6	8	1	5	62	9	7	8	16	4	6	5	5	7	6	5	12	3	3	19	1534	8	3	1	32	5	1	4	15	8	5	4	11	3	14	9	11	8	8	5	8	8	5	9	9	6	5	2021	6	5	3	8	3	8	3	4	4	8	8	1339	7	6	5	4	3	4	1554	7	8	13	11	7	2	12	4	9	6	790	15	5	5	17	5	6	3	5	4	17	10	10	7	8	5	14	4	5	2	6	3	11	8	4	17	17	22	4	9	2	8	16	5	8	3	4	1	9	320	8	7	9	15	10	8	4	5	1681	9	9	4	3	2	621	11	2	5	2	10	16	15	9	27	3	3	8	2	972	3	7	7	7	21	6	8	8	5	6	4	9	10	0	13	8	6	11	8	12	4	6	5	6	8	23	4	25	10	12	32	8	3	3	15	4	12	5	6	7	7	12	10	5	6	7	6	24	19	12	3	2	1	7	13	3	20	6	9	7	745	8	8	6	14	2	8	5	6	611	24	1462	4	3	4	5	7	1	21	21	987	15	12	1	12	8	8	4	3	6	44	9	610	6	4	232	18	4	6	10	12	5	15	7	12	2	8	19	5	5	20	5	6	6	2	3	3	5	8	2632	5	5	3	14	41	14	6	5	7	4	3	18	4	3	393	5	12	5	7	3	1092	8	2	2	9	4	3	5	1541	8	6	4	23	3195	20	7	11	1	4	39	6	2	5
A[Del(T):R(5,7)]G	0	0	2	0	1	0	0	4	2	0	1	0	0	0	1	3	3	0	0	0	0	0	0	0	0	1	0	1	2	1	2	0	5	2	3	1	0	0	1	1	2	1	0	1	0	0	1	1	0	0	0	0	0	2	1	0	0	1	1	0	2	0	0	0	1	1	1	1	0	2	1	1	3	1	1	0	19	0	0	0	0	0	1	3	1	0	2	2	3	1	3	0	2	2	0	3	4	5	2	5	2	2	5	2	1	2	1	1	4	1	8	0	2	1	0	3	2	6	2	3	1	1	1	1	3	0	1	1	1	0	2	4	3	0	5	4	5	0	0	6	1	3	0	2	0	0	4	1	5	1	3	1	2	4	7	2	1	1	0	1	1	3	5	1	3	3	4	3	4	4	6	27	1	2	0	1	0	1	0	7	3	0	1	2	1	2	2	0	5	7	3	6	7	2	8	14	2	7	10	6	8	5	3	18	9	8	5	13	9	5	7	3	3	3	18	7	17	9	11	8	5	7	6	2	2	12	8	8	5	7	3	8	5	12	7	7	10	10	4	0	2	3	3	2	5	0	0	1	2	1	1	3	2	3	3	0	1	2	1	3	3	4	4	1	4	0	2	0	1	0	0	1	0	0	1	0	2	0	3	0	2	1	3	1	2	0	10	4	7	435	4	7	5	8	7	17	7	6	6	376	5	6	9	621	6	2821	14	2728	5	3	12	7	4	7	3	7	5	8	6	10	7	15	6	5	3	19	8	3	3	5	6	5	4	13	3	4	11	4	1528	10	11	3	2	3	12	3	5	11	8	14	4	708	5	3	4	4	11	15	7	7	7	8	5	8	5	6	17	7	7	20	6	5	8	1	2	3	10	3	4	4	11	28	11	3	8	4	8	1	3	6	11	13	10	7	2	3	64	6	11	6	10	11	6	4	4	12	2	9	4	4	9	20	1953	7	7	0	24	4	0	4	7	4	9	4	8	7	5	8	1	4	3	3	7	3	5	7	4	3	7	2880	3	1	3	6	4	2	2	9	4	6	11	1427	5	6	8	4	8	3	1947	8	4	8	6	9	5	5	3	8	5	1061	16	11	7	18	6	6	4	1	9	10	9	7	3	9	5	9	5	4	2	8	4	5	3	4	17	5	21	4	11	6	10	17	3	11	6	2	3	10	229	12	6	7	15	9	7	5	6	2264	6	7	4	4	9	801	15	5	0	5	7	25	11	5	14	3	4	5	2	1273	2	5	5	9	17	2	4	11	10	12	4	9	11	2	20	3	7	4	4	9	1	3	3	3	12	22	9	19	11	6	28	3	0	4	16	3	9	5	4	9	5	15	12	3	3	7	6	24	9	4	3	4	5	4	6	2	13	8	5	8	1007	19	5	7	10	7	4	5	7	779	20	1892	1	5	6	7	5	5	17	12	1316	20	5	4	9	6	4	1	4	11	28	8	793	4	4	357	10	8	1	5	12	4	4	5	11	4	9	19	4	5	9	9	5	4	5	10	5	2	11	2776	3	3	9	7	32	9	5	2	3	5	3	12	4	6	527	7	6	11	3	7	1423	9	3	6	7	5	4	9	2504	3	6	3	31	3691	15	7	1	1	4	33	4	1	16
C[Del(T):R(5,7)]A	5	1	0	0	0	3	0	2	1	0	2	0	2	2	1	0	0	3	0	0	1	0	0	1	1	1	2	2	0	2	1	0	5	0	4	0	0	0	0	1	0	1	0	0	1	1	0	0	3	3	1	1	2	0	0	2	0	0	1	0	0	1	1	3	1	1	2	0	1	0	0	0	7	0	1	0	18	0	0	1	0	1	1	2	1	0	0	2	2	1	0	5	3	5	0	2	4	3	0	2	2	1	8	0	1	5	1	0	0	3	4	0	1	1	0	4	1	1	5	1	2	0	1	1	2	1	1	1	0	0	0	3	1	2	3	2	1	2	0	4	3	2	2	0	0	1	2	4	2	2	2	2	1	0	4	4	6	0	0	7	2	1	4	3	2	2	2	2	2	3	3	64	6	2	0	0	0	3	3	2	3	0	1	1	1	3	1	0	4	9	7	9	3	3	1	13	2	4	6	7	9	9	5	14	3	10	9	4	4	10	7	3	3	4	16	7	12	1	2	9	8	6	3	2	3	5	1	3	6	5	7	2	8	2	7	6	2	2	6	0	3	2	2	2	3	0	3	0	1	2	3	1	0	5	0	1	1	7	1	2	0	3	0	1	2	0	4	2	1	0	0	0	0	0	1	0	3	0	0	0	2	0	1	2	2	0	4	3	2	424	5	5	4	6	3	8	3	12	2	245	6	3	6	664	7	2323	4	2337	5	1	12	5	10	6	8	6	8	4	3	11	5	11	4	8	5	10	3	6	7	6	4	2	1	4	4	5	9	3	1252	14	6	4	7	1	10	5	3	5	6	13	4	470	0	4	3	5	6	7	11	4	4	5	5	9	8	3	10	5	8	19	5	3	3	4	1	3	4	4	2	4	7	16	6	3	1	4	5	0	3	5	4	9	4	2	5	9	39	5	6	4	11	4	9	4	3	11	5	7	6	5	1	17	1474	7	5	1	24	4	2	3	11	10	6	4	4	1	4	7	3	4	4	4	2	8	1	4	1	3	4	2314	3	4	5	7	2	7	6	2	5	7	12	1175	11	5	6	3	7	1	1499	6	5	3	5	7	5	3	5	6	6	873	11	3	3	8	9	6	3	1	4	7	13	9	2	8	1	7	5	3	3	6	4	4	6	7	11	10	21	2	7	5	10	15	4	5	4	3	2	13	145	4	4	1	8	7	2	4	7	1799	4	5	4	3	3	515	4	13	3	2	6	9	8	7	8	4	5	9	3	1062	4	4	5	4	17	4	3	3	3	3	4	9	11	1	16	5	6	6	8	14	3	2	5	3	9	39	6	9	10	4	13	4	2	4	6	4	10	2	7	6	4	7	11	8	5	2	4	8	13	11	1	4	1	2	5	4	6	7	5	8	842	9	6	9	3	1	5	2	3	528	21	1720	3	5	2	2	1	3	10	14	1123	7	9	0	8	6	8	4	6	8	16	10	548	2	3	221	12	8	1	8	5	9	5	7	8	6	3	10	9	2	12	1	1	0	5	4	8	3	5	2402	0	3	3	5	26	11	7	3	4	2	4	3	5	4	460	3	4	4	8	8	1235	7	3	1	4	5	11	8	2058	4	2	3	19	3003	9	4	4	3	5	13	3	4	8
C[Del(T):R(5,7)]C	1	3	1	0	3	0	0	6	3	0	2	0	2	1	1	1	1	1	0	0	0	0	2	0	1	2	0	1	1	1	1	1	0	2	3	0	0	0	0	2	1	1	0	0	0	0	1	0	3	1	2	1	3	1	0	0	1	0	0	0	1	1	0	0	1	1	0	1	1	1	0	0	5	3	2	0	13	0	0	2	1	1	0	1	3	0	2	2	2	2	3	3	0	3	0	3	4	2	1	1	3	0	4	2	1	1	1	3	7	1	6	1	0	2	0	1	5	3	2	0	4	2	1	1	3	0	2	2	0	3	1	5	3	2	2	4	0	1	0	2	0	2	5	0	0	0	0	1	2	6	1	3	3	3	6	2	2	3	2	0	0	3	4	8	3	2	1	4	1	4	6	43	0	2	1	2	1	1	3	2	1	0	3	3	0	2	0	0	3	8	3	11	8	5	4	10	4	8	7	4	5	4	2	9	7	5	6	7	7	6	5	6	2	1	13	8	12	4	6	5	6	9	6	3	3	8	7	7	6	9	6	7	5	4	8	8	7	7	6	0	2	0	2	2	0	0	1	0	4	1	1	0	0	4	1	0	2	4	0	4	0	4	1	0	4	0	1	0	2	0	0	1	1	2	2	0	1	0	0	0	2	0	2	3	1	0	7	1	3	322	2	4	4	5	3	11	6	2	0	256	3	3	12	560	2	3274	9	2153	4	2	12	3	7	6	3	10	4	12	3	10	3	13	3	4	5	8	0	2	8	2	5	3	1	16	1	5	6	3	1680	9	4	3	6	2	8	4	3	9	13	4	4	439	2	7	0	1	6	10	4	2	3	6	4	6	4	5	8	4	1	10	1	1	3	4	8	5	9	3	1	7	3	18	6	4	2	2	3	0	3	2	12	8	2	5	3	5	30	8	10	2	6	3	3	4	9	8	1	4	6	5	2	16	1709	7	3	1	14	2	1	2	8	4	4	2	12	4	3	9	1	7	2	3	0	8	4	4	3	7	3	2144	0	6	6	5	3	6	4	5	4	6	13	1590	6	1	4	4	4	2	1718	4	7	6	6	3	5	7	2	3	2	770	16	5	2	10	7	4	3	3	6	5	5	6	3	3	3	6	3	1	2	1	5	3	1	3	13	9	14	1	4	4	14	8	2	4	3	6	0	13	349	7	4	1	8	9	3	5	0	1789	6	5	4	3	4	646	5	10	0	3	2	6	7	5	9	2	8	6	1	1104	1	6	4	3	8	4	4	5	3	5	1	4	5	2	7	8	4	5	5	4	6	4	3	3	6	27	3	14	4	7	10	4	1	4	11	3	4	5	5	4	8	3	11	8	3	2	2	14	5	19	2	0	4	2	4	4	9	3	1	5	726	7	4	10	3	1	4	6	5	646	11	1655	6	1	3	2	1	4	19	13	1084	7	8	1	3	2	5	3	3	12	21	3	658	4	3	234	11	6	5	6	4	2	7	3	8	5	2	10	1	1	12	8	6	4	3	2	6	4	6	2857	1	5	1	13	25	25	10	6	2	3	4	5	5	2	426	2	2	4	9	3	1141	8	5	2	4	3	4	3	1794	8	2	2	24	3388	3	3	3	2	4	25	3	1	7
C[Del(T):R(5,7)]G	0	0	0	0	0	0	1	2	0	0	0	1	0	0	2	1	0	1	0	0	1	3	0	0	1	2	0	0	1	1	0	0	0	1	2	0	0	0	0	0	0	1	0	1	0	1	0	0	1	0	1	0	0	0	0	0	0	0	2	0	0	1	0	2	3	0	2	0	0	0	0	0	1	0	1	0	21	0	0	5	1	1	0	3	2	0	0	3	0	0	1	1	2	4	0	2	3	1	1	1	2	2	3	3	3	2	0	1	5	6	5	0	2	1	1	0	1	0	0	1	0	0	2	0	1	0	1	1	2	0	0	2	1	0	5	5	1	0	1	0	1	0	2	2	0	0	2	1	1	0	2	2	1	4	4	1	2	0	3	4	1	3	1	0	0	1	4	2	1	4	3	21	1	3	0	2	2	0	1	1	1	0	2	2	0	0	2	0	0	3	3	6	0	3	2	13	2	2	3	3	3	4	0	16	8	5	5	10	1	5	3	2	0	0	17	5	13	3	3	5	6	4	1	2	2	9	4	4	3	5	3	3	5	3	2	2	5	6	2	0	1	2	2	0	7	1	2	0	2	2	0	0	3	3	0	2	0	1	0	1	2	1	2	1	2	0	0	1	2	0	1	0	0	1	0	0	1	0	1	0	2	1	1	4	1	0	6	0	4	379	3	5	3	6	0	7	4	5	0	245	2	2	4	507	3	1937	11	2041	2	1	13	2	1	1	2	8	5	3	5	4	6	5	6	3	6	11	2	3	6	6	3	5	0	4	4	5	7	8	1161	15	10	4	1	2	7	3	2	5	12	2	1	514	1	6	2	2	3	7	3	3	2	4	4	5	5	1	9	6	6	8	7	4	2	2	1	5	7	3	1	2	5	18	4	2	7	0	2	2	2	0	15	13	9	1	2	7	39	2	5	5	7	0	6	0	4	5	3	1	2	0	1	11	1346	4	0	1	13	2	2	7	2	2	1	3	4	2	4	4	2	6	2	1	5	4	3	8	2	4	2	2134	2	0	0	0	1	2	0	4	5	5	3	1083	3	7	6	1	3	2	1351	1	5	4	3	5	1	3	2	7	3	798	9	4	1	5	3	1	3	1	3	5	3	2	2	7	2	4	2	3	1	3	1	5	3	3	4	9	13	3	4	6	4	8	2	4	5	2	1	9	149	7	6	1	9	7	6	2	8	1703	1	4	0	4	2	567	3	1	3	3	5	9	4	3	6	3	4	4	2	964	1	5	3	3	14	2	2	5	0	3	4	8	6	3	5	3	1	5	5	5	4	3	7	3	3	26	5	7	3	5	13	1	2	1	7	2	1	2	5	3	4	7	3	1	2	2	3	7	9	4	5	4	2	1	2	4	13	4	2	2	778	1	5	5	6	0	3	2	5	592	6	1354	2	2	1	0	2	6	11	10	961	12	4	1	4	4	5	2	3	4	13	2	600	1	3	224	8	6	2	3	3	3	8	4	9	6	3	16	5	5	8	7	1	1	6	3	4	3	5	2076	0	0	6	7	13	6	3	3	2	2	1	7	2	3	412	3	2	4	2	6	1048	3	2	1	4	0	4	4	1876	3	1	3	22	2680	5	2	1	3	5	12	3	0	9
G[Del(T):R(5,7)]A	3	4	2	0	1	0	0	1	3	0	5	0	3	4	1	1	1	2	0	0	0	1	2	1	1	2	1	4	0	0	1	2	0	1	3	0	0	0	0	1	0	0	0	1	0	0	0	0	4	2	1	0	3	1	0	2	0	0	1	0	0	2	2	1	1	0	1	0	0	1	0	0	0	0	0	0	18	0	0	2	1	0	0	4	2	0	1	5	0	0	2	4	1	1	0	3	1	4	4	3	1	0	6	2	1	4	2	1	1	2	6	0	1	0	2	1	2	0	2	5	5	3	0	2	2	1	3	1	3	0	0	2	1	2	3	3	3	1	1	5	0	3	2	0	0	3	2	0	4	0	1	1	0	0	4	2	1	0	0	2	1	3	5	2	0	0	1	5	2	5	2	31	2	0	0	1	2	4	1	1	1	0	1	0	2	0	0	0	2	8	6	6	5	2	5	7	2	3	6	10	9	10	2	9	5	8	7	3	3	5	9	4	1	1	10	4	8	4	4	8	6	6	4	3	2	5	5	5	6	7	5	6	8	5	7	5	5	7	6	0	4	3	2	1	3	0	0	3	3	2	3	2	0	1	0	0	1	5	1	1	0	2	2	1	1	0	0	2	1	0	0	0	0	0	1	0	0	0	0	0	1	3	2	2	2	0	4	5	7	244	3	9	5	3	3	7	2	3	2	149	4	2	7	448	4	2390	7	1697	7	2	7	2	5	2	6	3	3	2	10	4	4	5	5	3	3	11	2	5	6	2	3	3	1	8	2	5	3	2	1442	7	4	3	2	0	14	5	8	5	7	3	1	329	2	3	3	1	2	8	9	8	2	2	4	4	3	2	5	0	4	10	3	7	6	4	2	5	10	4	2	4	9	10	5	3	8	3	1	3	0	3	6	8	2	5	1	5	25	5	3	0	8	5	6	6	0	2	3	1	7	6	4	13	1436	3	4	2	13	1	1	2	7	2	5	2	6	2	2	6	2	3	3	4	2	5	1	5	3	1	4	1743	8	3	4	5	2	7	1	0	2	5	8	1353	3	3	1	3	4	1	1457	9	3	4	5	3	4	3	5	9	2	620	15	2	1	3	7	3	4	1	3	3	10	7	6	7	2	2	6	5	4	6	5	1	1	4	11	2	8	2	6	5	8	9	0	6	3	1	1	9	275	6	3	2	8	2	2	6	4	1338	4	6	7	5	3	423	2	4	2	5	3	8	11	4	6	6	2	5	1	907	4	3	4	4	4	4	5	8	5	5	2	9	10	0	9	3	2	5	5	5	6	1	3	1	6	14	3	9	7	3	10	2	1	5	11	1	3	0	1	3	3	1	8	8	2	1	1	11	7	11	1	3	1	4	3	2	2	8	5	5	569	4	2	7	7	0	4	5	4	440	14	1586	8	2	4	3	3	7	12	18	1040	7	5	1	4	4	4	6	3	9	20	3	444	6	2	146	10	5	2	2	7	3	5	4	7	3	3	8	3	1	4	2	4	3	1	2	1	0	4	2063	2	3	2	3	18	11	8	5	3	0	1	6	0	2	350	4	3	1	3	4	1082	3	4	3	3	1	2	1	1395	2	2	3	16	2511	10	5	2	0	2	17	5	1	7
G[Del(T):R(5,7)]C	2	4	1	0	2	0	1	2	1	0	1	0	1	0	0	1	0	0	0	1	0	0	1	0	0	1	3	0	1	0	0	0	2	0	1	1	0	1	0	4	0	2	1	0	0	0	0	0	3	2	1	0	0	0	0	0	0	0	1	0	0	6	0	0	1	1	0	0	2	0	1	2	0	0	0	0	10	0	0	2	0	1	0	4	2	2	1	0	0	3	0	1	3	1	0	3	3	3	0	0	1	0	4	1	1	0	0	1	1	3	5	1	3	1	1	0	1	2	0	1	3	1	1	0	2	2	0	0	0	0	1	4	1	1	3	4	1	1	0	0	3	3	2	3	0	1	2	0	1	1	0	1	1	2	2	0	2	0	1	2	1	1	3	1	4	1	1	2	4	0	0	27	2	0	3	0	3	0	4	0	2	0	0	2	0	1	0	0	1	3	3	5	5	7	4	8	7	5	6	6	6	6	2	7	7	1	3	7	3	4	6	6	2	3	6	1	7	4	4	1	2	3	4	7	6	8	5	5	4	3	3	6	2	4	3	4	5	4	3	0	1	0	1	1	2	0	1	3	5	3	2	0	1	6	1	1	0	4	2	4	0	2	1	0	2	0	0	1	3	0	0	0	0	0	1	0	2	0	1	0	0	0	2	2	2	0	1	1	4	170	1	4	4	4	2	10	2	5	1	156	2	5	4	266	4	2035	5	1265	6	1	10	5	3	5	7	3	5	4	4	1	4	9	3	3	1	11	3	1	8	3	5	0	4	8	0	2	2	1	1162	7	9	4	2	0	5	5	4	5	7	8	1	269	2	1	2	2	5	3	2	8	5	4	2	4	5	2	6	1	3	7	3	5	2	4	5	1	7	4	3	3	3	10	1	3	5	5	3	2	2	5	10	4	3	3	3	9	20	3	4	3	4	7	8	3	3	10	1	1	3	5	3	9	1088	8	5	2	10	3	0	2	5	2	1	2	11	0	4	6	4	4	4	3	6	5	1	2	5	2	5	1348	0	1	3	7	2	2	2	1	1	7	4	1105	3	3	7	6	1	5	1087	6	2	2	8	7	2	1	9	6	1	455	9	0	5	4	3	8	3	1	2	4	4	3	2	7	4	3	6	2	1	3	2	1	2	6	5	5	14	4	2	5	5	3	3	2	3	1	1	5	369	5	4	3	7	4	4	4	2	1083	3	3	4	3	2	414	1	3	1	1	3	8	9	5	4	0	4	4	1	618	1	3	4	5	4	4	6	3	9	4	4	0	6	5	14	4	7	4	3	3	2	5	2	2	4	9	3	8	3	1	6	1	1	1	7	2	3	4	8	2	7	6	5	2	3	3	1	6	12	7	1	3	1	7	6	2	3	5	3	5	413	5	3	5	4	3	5	5	1	432	5	980	1	2	2	2	0	1	6	9	698	12	4	0	2	2	4	2	3	5	21	1	439	3	8	140	12	3	3	3	9	3	5	4	9	1	4	8	7	1	9	4	3	2	1	1	5	6	6	1685	1	1	3	4	11	15	4	7	1	4	3	4	2	3	239	0	3	2	1	6	787	4	6	4	5	2	4	3	913	4	2	1	13	2030	13	2	2	2	3	27	1	4	3
G[Del(T):R(5,7)]G	0	4	0	0	4	3	2	2	1	0	1	0	0	0	0	1	0	0	0	0	1	0	3	0	0	0	0	0	0	0	1	0	2	1	2	0	0	0	0	0	0	1	1	0	0	0	0	0	5	1	2	0	0	0	0	0	1	0	1	0	0	4	0	1	0	1	0	1	0	0	1	0	3	1	0	0	12	0	1	1	0	2	1	0	1	1	0	1	1	2	4	0	1	2	0	3	2	1	2	0	3	1	2	0	0	2	1	2	2	3	5	2	1	0	0	1	0	3	0	3	2	0	2	1	2	0	0	1	0	1	2	2	1	2	3	5	1	2	1	5	4	0	1	2	0	1	0	0	0	0	2	0	1	3	7	4	0	1	2	0	0	2	1	3	3	3	0	0	1	5	8	15	2	0	2	1	0	4	0	1	2	0	0	3	1	2	0	0	0	3	0	6	4	3	3	11	1	4	1	2	4	3	1	13	4	6	6	5	1	1	2	3	0	1	9	4	12	4	2	6	6	5	2	1	1	3	2	3	0	3	1	3	5	2	2	3	3	3	1	0	2	0	2	2	2	0	1	2	2	1	2	1	1	4	0	0	0	1	0	1	0	2	2	0	3	0	1	1	0	0	0	0	0	1	1	0	1	0	1	0	1	1	0	6	0	0	4	3	4	210	3	5	2	8	5	10	6	1	2	179	4	2	5	341	5	1729	7	1318	7	2	15	5	4	1	2	4	2	5	6	4	3	11	5	7	2	17	2	1	6	4	4	3	4	8	2	3	8	4	1137	2	7	2	2	0	13	2	4	4	14	3	0	304	3	4	3	5	3	10	7	3	5	0	5	1	2	1	10	3	5	16	2	0	3	1	0	3	13	5	0	7	4	14	4	1	6	5	4	1	0	0	9	12	4	5	4	3	29	4	4	3	3	3	7	2	2	5	3	3	3	2	2	13	1108	5	1	0	5	3	1	5	8	5	8	6	6	0	2	8	2	1	4	3	1	6	3	3	1	4	1	1420	3	2	1	4	2	5	0	0	3	6	8	1061	4	4	4	3	4	2	1129	5	4	5	2	5	8	4	2	4	2	528	4	6	2	9	4	11	3	3	6	4	4	6	7	7	4	4	2	4	5	6	1	4	4	1	6	6	11	3	4	5	7	7	4	4	1	4	2	3	351	8	2	3	8	5	4	6	1	1166	4	5	3	3	1	454	7	3	2	0	1	10	4	3	4	5	3	2	1	664	4	3	4	6	8	1	1	5	3	1	0	12	4	3	9	1	11	5	4	2	1	2	4	4	6	16	2	8	10	3	14	2	3	1	5	7	5	2	0	3	4	5	7	5	2	5	1	12	9	8	2	1	4	4	3	3	4	5	2	3	508	4	3	7	9	3	2	2	2	459	7	1058	6	1	0	4	3	2	19	10	739	7	5	3	3	5	5	3	3	9	22	3	479	6	1	168	7	2	3	3	6	1	8	6	8	9	3	6	9	5	8	5	2	0	3	1	4	0	6	1624	2	0	6	4	13	7	5	2	5	2	3	5	2	4	235	1	3	1	6	3	815	4	2	2	3	2	2	0	1178	2	3	0	12	2052	10	2	1	1	3	23	2	3	7
A[Del(T):R(8,)]A	0	0	0	0	0	1	0	5	0	0	3	0	0	0	1	2	0	0	0	0	0	1	0	1	0	2	0	0	0	2	3	0	1	3	0	0	0	0	0	1	0	0	0	1	1	0	0	0	0	1	2	0	0	3	0	0	0	0	0	0	0	3	0	1	1	0	0	1	0	0	1	1	5	1	1	0	14	1	0	1	1	0	0	2	2	1	1	0	3	1	1	0	3	2	0	2	2	0	4	2	1	3	4	1	1	2	0	1	0	1	1	2	0	1	1	1	0	0	1	2	2	1	0	2	2	0	1	1	1	1	2	4	1	1	0	4	4	1	0	4	1	1	2	2	0	1	0	0	0	0	0	1	1	3	0	0	0	1	0	3	1	0	4	0	6	3	4	3	0	4	3	0	3	2	0	2	1	3	0	4	0	1	1	4	1	0	1	0	2	13	5	9	9	4	6	51	3	8	13	8	12	12	2	44	13	5	7	11	10	10	10	10	1	0	46	7	51	6	6	6	6	12	10	3	4	12	7	7	7	9	7	7	5	8	11	12	8	7	9	0	2	0	1	0	6	0	0	0	2	5	0	0	1	1	0	0	1	5	0	0	0	2	1	0	2	0	0	3	1	0	0	0	0	1	0	0	1	0	0	0	0	0	1	0	0	0	24	4	18	1152	10	7	13	22	6	21	3	11	10	1068	11	11	13	1829	22	8059	14	7927	7	6	32	8	7	14	14	31	7	20	12	15	11	60	12	19	10	10	3	6	15	23	6	4	9	19	1	20	15	4	4313	33	17	6	6	4	14	9	3	17	13	9	4	2335	2	11	4	5	13	12	9	4	9	5	20	15	7	3	11	7	7	49	17	7	3	5	4	6	21	3	1	7	12	95	7	9	5	5	7	1	3	6	37	6	5	3	3	5	183	27	17	10	30	3	5	15	14	15	5	12	19	12	11	47	4798	14	7	1	48	5	2	6	7	6	11	1	18	1	6	17	11	12	2	8	7	2	14	22	6	7	5	7229	15	5	7	4	3	13	10	5	9	10	36	4034	25	16	14	6	4	3	4835	11	10	13	7	13	12	15	20	8	23	3261	28	21	11	25	9	9	2	3	12	24	10	27	8	18	4	25	18	9	6	11	3	2	9	4	59	15	55	4	6	3	36	32	3	8	8	0	0	26	862	4	15	6	33	12	9	20	17	5795	15	2	9	2	6	2094	27	7	4	5	17	34	19	26	27	4	6	16	2	3704	6	14	8	10	36	9	9	25	1	13	7	15	12	1	26	9	9	3	10	2	4	6	8	5	6	23	4	29	22	29	25	1	5	5	21	2	16	6	10	10	16	27	25	5	6	21	5	65	47	8	2	2	2	4	6	6	27	13	9	8	3213	23	7	12	28	5	9	4	5	2268	34	4709	7	10	16	4	3	7	61	48	3482	36	14	1	12	8	15	3	3	20	101	9	2340	9	5	995	28	7	6	11	7	9	18	9	24	11	18	42	15	10	44	23	7	5	4	5	7	5	10	7957	9	7	3	31	92	75	18	9	1	3	7	20	8	5	1375	7	10	14	12	3	3895	12	4	11	20	2	4	8	7440	10	3	12	94	9778	18	3	8	1	5	51	6	5	13
A[Del(T):R(8,)]C	3	1	0	0	0	1	1	1	1	1	2	0	0	2	2	2	0	0	0	0	0	0	0	1	0	3	0	3	0	0	0	0	1	2	3	0	0	0	0	3	0	1	0	1	0	0	0	0	0	0	0	1	1	0	1	0	0	0	2	0	0	4	0	0	2	0	2	0	0	1	0	1	0	0	1	0	27	1	0	1	0	1	2	1	3	1	0	1	1	1	0	3	2	0	0	1	0	1	3	3	0	1	2	1	3	4	0	0	0	3	2	1	0	0	0	1	0	1	1	1	3	0	1	1	1	0	0	0	0	0	2	0	0	1	3	3	0	2	0	7	4	3	2	2	0	1	0	0	2	0	1	2	1	1	2	1	0	0	0	3	0	0	2	0	0	1	1	1	0	5	4	1	1	1	2	0	0	4	0	7	0	0	0	1	3	1	1	0	2	9	2	9	2	5	3	29	4	4	9	9	9	11	3	28	7	10	6	8	4	1	11	3	3	4	27	5	27	1	4	8	6	7	2	4	3	6	1	2	5	10	2	3	6	3	6	7	3	2	5	0	2	0	3	2	2	0	0	4	4	4	0	1	1	1	1	0	0	5	0	1	0	1	0	3	4	0	1	2	0	0	0	0	0	0	1	0	1	0	0	0	0	2	0	5	0	0	21	7	8	667	4	7	11	15	0	23	3	6	5	652	13	10	4	1020	13	6920	17	4669	15	7	22	4	15	14	7	20	5	10	9	8	8	38	7	13	7	11	6	3	18	21	3	4	6	21	1	17	8	6	3382	27	5	4	3	2	7	5	2	11	14	10	3	1270	4	11	3	7	14	12	6	8	4	0	18	13	4	5	8	2	6	39	6	3	3	10	3	5	25	2	2	4	13	63	5	4	4	4	6	4	1	0	29	6	2	6	1	6	113	17	17	2	19	8	5	11	13	17	6	5	18	6	10	38	3740	8	3	0	45	5	3	14	9	4	6	4	15	1	7	17	2	9	4	3	6	5	11	14	8	10	5	4685	12	3	5	10	3	8	2	2	8	7	29	3202	4	4	8	6	7	7	3766	3	9	8	12	14	10	15	12	8	6	1898	37	12	7	18	10	13	3	3	7	11	11	20	1	12	2	9	13	5	8	11	1	5	9	4	39	11	44	3	6	2	31	26	4	9	3	2	0	24	796	6	11	8	35	10	14	6	5	3985	8	3	3	7	5	1531	14	8	4	8	15	30	6	16	17	3	4	13	4	2485	6	10	5	11	22	9	8	13	6	16	7	13	7	3	14	10	13	6	12	4	8	2	11	10	1	16	4	20	17	16	20	4	3	5	25	2	7	8	8	11	10	20	23	10	1	5	3	35	37	12	2	5	5	5	9	4	14	11	8	9	1786	14	9	8	28	3	8	9	6	1596	35	3390	5	12	6	0	5	7	35	35	2525	30	14	1	17	13	11	3	5	13	75	4	1648	6	4	614	21	11	11	11	10	7	18	6	16	4	21	23	6	8	34	11	6	0	6	1	5	6	11	6088	7	7	4	21	45	53	17	9	2	10	7	24	8	0	888	11	10	12	5	7	2687	10	10	6	12	4	7	8	3910	10	5	6	53	7232	13	3	8	2	5	54	7	0	19
A[Del(T):R(8,)]G	1	1	0	0	1	0	0	0	1	0	0	0	1	0	0	0	0	1	0	0	0	0	0	0	0	1	0	1	0	0	1	0	0	0	0	0	0	0	0	0	0	0	0	1	0	0	0	0	0	1	0	0	0	1	0	0	0	0	1	0	0	1	0	0	2	0	0	0	0	0	0	0	2	0	0	0	13	0	0	0	0	0	1	1	1	0	0	1	0	0	1	1	1	0	0	0	0	0	2	1	1	3	1	1	1	1	0	1	0	1	1	1	0	0	0	0	0	0	1	1	0	0	1	0	0	0	0	0	0	0	0	0	1	0	0	0	3	0	0	2	1	1	0	1	0	0	0	0	1	0	1	0	2	1	2	0	3	0	0	2	0	0	1	1	0	0	2	2	1	0	5	0	1	0	0	0	2	0	0	59	0	0	0	0	1	0	0	0	0	6	1	5	3	1	5	21	1	3	4	6	4	6	2	20	7	5	4	6	3	2	5	3	2	2	12	2	17	4	7	5	4	3	4	1	0	6	4	4	3	5	3	4	4	4	3	4	5	4	3	0	0	0	1	0	2	0	0	2	1	0	1	0	0	5	0	0	1	4	0	0	0	0	0	0	1	0	0	2	1	0	0	0	0	0	0	0	0	0	0	0	0	0	2	2	3	0	13	3	4	715	2	6	6	6	0	12	3	1	5	628	6	7	4	1097	8	4712	9	4665	8	4	11	5	5	13	4	14	4	4	2	11	7	20	3	10	8	2	3	6	11	11	3	4	3	12	0	14	7	0	2627	21	7	1	3	0	6	5	0	7	9	9	2	1389	3	4	3	1	13	9	4	6	5	1	15	8	5	4	10	1	4	24	3	5	2	4	1	6	8	5	0	4	2	30	5	3	4	1	2	1	0	3	26	4	4	4	4	2	89	9	14	3	12	1	1	7	3	6	7	6	10	6	6	33	3257	3	3	1	34	3	1	4	4	2	5	7	3	0	3	7	4	5	7	5	8	6	4	10	3	3	5	4441	9	3	3	2	2	4	1	1	4	2	15	2482	6	7	5	9	0	2	3241	5	5	8	10	15	6	7	9	5	6	1909	31	11	9	11	7	5	3	4	12	10	13	16	1	12	3	11	11	4	3	3	1	2	3	3	23	11	38	2	5	1	13	18	3	6	6	0	2	11	454	7	3	6	16	7	7	9	6	3595	5	3	9	3	6	1362	9	8	7	0	2	16	4	8	19	4	2	10	1	2229	2	3	2	3	17	3	5	9	2	11	5	6	3	0	10	8	5	3	14	4	1	4	5	4	7	7	5	12	10	12	12	3	3	1	12	2	4	5	8	10	2	13	10	4	3	5	4	35	23	6	2	1	3	3	5	7	17	6	7	4	1878	14	2	6	12	2	4	6	3	1572	20	2865	1	6	5	0	2	4	25	18	1982	20	9	2	11	5	5	1	2	9	39	4	1605	3	5	600	13	6	7	7	6	5	10	0	15	2	11	14	7	1	22	12	4	3	1	3	3	0	11	4884	2	1	4	14	37	30	9	7	1	4	7	10	7	2	783	7	3	3	7	1	2238	5	8	7	7	0	6	3	4392	8	2	3	53	6134	8	1	3	1	3	22	2	3	10
C[Del(T):R(8,)]A	0	0	0	0	1	1	0	1	2	1	2	0	3	2	0	1	0	1	0	0	0	0	0	0	0	1	0	5	0	0	1	1	0	1	1	1	0	0	0	0	0	0	0	0	0	1	0	0	1	0	0	0	1	2	1	1	0	0	0	0	0	2	1	0	0	0	0	0	0	0	1	0	1	0	1	0	17	0	0	0	0	0	0	2	1	0	1	3	1	3	0	2	3	0	0	0	1	3	3	3	0	2	1	0	0	1	0	0	0	0	1	0	0	0	0	1	0	0	1	0	0	3	2	0	0	0	0	1	1	0	1	0	0	2	1	3	2	0	0	3	1	0	1	1	0	1	0	1	4	0	2	1	1	1	1	4	0	0	1	1	0	0	0	2	0	1	2	0	0	1	5	0	1	4	0	1	0	2	0	9	0	0	0	0	0	2	0	0	2	5	2	4	5	2	4	34	4	4	10	6	9	7	3	33	15	4	7	18	4	2	7	5	5	3	33	3	31	6	4	5	5	3	4	3	2	16	1	2	1	4	2	2	5	6	4	3	4	2	2	0	0	0	1	0	4	1	0	3	5	2	0	1	1	3	0	1	0	3	0	0	0	2	0	1	1	0	0	0	0	0	0	1	0	0	0	0	3	0	0	0	0	1	1	1	2	0	11	4	8	1075	2	6	13	10	3	14	1	6	6	674	7	9	15	1957	13	6061	7	6061	8	9	13	6	9	6	10	18	4	8	11	17	6	34	4	18	14	9	4	3	15	11	5	8	4	13	1	4	5	5	3266	28	9	5	4	2	9	5	1	12	13	5	5	1389	2	6	6	4	8	10	9	8	5	6	4	12	4	7	9	3	8	31	5	5	3	6	3	8	15	2	2	3	7	56	3	5	7	2	5	2	3	1	23	2	2	3	4	10	66	15	14	4	14	5	2	8	13	7	4	8	11	11	9	32	3645	5	9	2	36	2	2	7	6	3	6	1	10	3	4	18	6	9	2	5	5	6	4	7	7	7	8	5368	9	3	4	5	0	6	4	3	14	8	26	3049	10	11	10	6	5	3	3663	8	10	4	10	7	3	8	8	9	8	2306	28	10	10	16	13	4	6	6	7	19	8	12	4	8	3	16	14	6	5	7	3	4	6	2	19	21	28	10	6	2	24	22	2	8	5	2	1	17	429	16	10	9	23	9	7	11	2	4868	9	0	5	8	4	1389	11	10	3	3	7	22	7	10	19	3	11	7	5	3130	3	6	3	9	22	6	10	10	4	12	3	10	10	2	16	4	4	3	11	8	2	2	7	6	6	19	3	16	5	15	11	1	3	10	20	5	17	1	6	5	9	12	22	4	10	11	1	27	46	4	0	4	4	7	4	3	11	8	5	7	2359	9	3	6	18	6	5	10	3	1533	29	4067	5	8	3	3	5	5	33	21	2881	15	13	1	17	13	11	1	7	12	54	5	1542	4	2	643	19	13	4	12	3	10	14	4	11	8	9	29	4	8	23	10	10	8	2	2	9	4	10	6099	4	5	6	19	53	29	16	13	3	4	7	19	6	0	1170	5	4	11	5	5	3160	14	14	3	16	4	4	13	5557	2	2	2	71	7189	8	3	6	1	7	21	6	2	20
C[Del(T):R(8,)]C	0	1	0	0	0	0	0	2	2	0	1	0	1	2	2	0	0	0	0	0	0	1	0	2	1	1	0	2	2	0	1	0	1	0	0	0	0	0	0	0	2	1	0	1	0	0	0	0	0	0	0	0	1	2	0	0	0	0	0	0	1	1	1	0	1	0	2	0	0	0	0	0	1	0	1	0	18	0	0	0	0	0	1	1	1	1	0	2	0	1	0	2	3	2	0	0	0	0	1	2	2	1	0	1	2	2	0	1	0	0	2	1	0	1	1	0	0	3	2	2	0	0	0	1	1	0	0	1	0	1	0	1	2	1	2	1	2	0	0	5	0	2	1	0	0	1	1	1	1	0	1	1	0	2	0	0	1	2	1	4	1	0	4	1	1	1	1	5	1	2	2	0	1	1	0	1	1	3	0	19	1	0	0	1	0	1	0	0	1	9	3	10	7	3	10	36	4	4	3	7	5	6	1	31	3	2	3	5	4	4	2	3	1	1	37	6	35	8	8	2	2	6	5	3	3	4	7	8	3	6	3	9	2	10	8	10	11	10	6	0	6	0	0	2	3	0	0	1	1	0	0	1	0	0	0	1	0	3	0	2	0	3	0	0	2	0	0	5	1	0	0	0	1	2	0	0	2	0	1	0	0	0	2	3	3	0	11	3	8	953	1	11	11	8	4	24	3	6	5	671	9	6	5	1785	23	9322	9	6164	13	6	21	9	4	12	2	17	5	9	6	15	7	20	6	17	12	8	2	6	14	14	5	4	5	34	1	9	17	4	5369	15	6	5	4	3	7	4	5	8	17	7	3	1315	3	11	1	4	10	13	9	8	7	1	8	5	6	3	8	7	5	29	7	6	2	3	1	6	19	1	1	2	10	77	4	6	4	7	5	7	3	0	32	5	2	1	5	9	64	16	13	0	11	4	2	10	12	8	10	6	10	5	12	37	5106	4	3	0	35	3	4	5	9	4	8	0	13	3	4	19	3	2	5	5	11	9	4	5	4	4	10	6007	6	3	2	16	0	4	4	4	8	10	18	5089	14	4	1	12	5	2	5116	5	11	3	4	4	12	15	11	5	5	2268	25	3	5	14	25	10	2	6	7	19	5	12	5	7	1	17	13	3	5	7	0	5	3	1	34	14	30	4	7	1	17	19	4	3	3	2	2	15	777	11	10	2	21	12	7	11	7	5511	9	1	4	2	3	1529	5	5	2	1	7	22	13	12	15	1	7	11	2	3508	3	11	6	10	12	5	5	8	5	7	7	11	5	1	11	17	10	7	3	2	7	5	9	3	0	12	3	24	8	11	14	5	1	1	7	1	9	1	4	3	10	22	9	5	4	7	2	36	37	8	2	4	1	7	6	6	11	12	6	2	2213	9	6	14	23	4	7	5	2	1674	20	4868	2	4	8	5	2	5	43	30	3748	20	12	3	19	7	9	1	4	9	97	4	1719	7	5	643	19	8	3	12	6	9	17	9	12	5	11	37	10	3	31	6	4	3	1	1	9	7	14	8355	7	6	5	17	55	65	9	7	3	4	4	26	8	0	1212	12	3	5	8	1	4123	13	6	7	19	0	6	3	5546	14	3	0	78	9730	11	2	6	1	5	43	3	1	8
C[Del(T):R(8,)]G	0	0	0	0	0	0	0	0	1	0	1	0	0	1	1	0	0	0	0	0	0	0	0	0	0	0	0	0	1	0	2	0	0	1	1	0	0	0	1	0	0	0	0	0	0	0	0	0	0	0	0	0	0	0	0	0	0	0	0	0	0	1	0	0	1	0	1	1	0	0	1	1	0	0	1	0	13	0	0	0	0	1	0	1	1	0	1	0	1	1	0	4	1	2	0	0	0	1	2	2	0	2	2	0	1	0	2	2	0	1	2	1	0	1	0	2	1	2	1	0	0	0	0	1	0	0	1	0	0	0	0	0	1	0	0	3	2	0	0	2	1	1	0	0	0	0	3	0	1	0	1	0	1	0	0	0	0	0	0	1	0	0	0	1	0	0	2	0	0	2	3	0	0	0	0	0	2	0	1	109	0	0	0	0	0	1	0	0	1	7	3	3	4	1	2	24	2	4	1	2	3	2	2	21	3	3	4	8	5	3	3	0	2	3	14	2	21	2	1	3	4	5	4	2	1	9	4	5	3	5	2	1	3	2	6	5	6	5	4	0	0	0	0	0	0	0	0	1	0	2	2	2	0	1	0	1	0	1	0	0	1	1	0	0	1	0	0	0	0	0	0	0	0	0	1	0	1	0	0	0	0	0	0	0	1	0	16	4	2	1193	5	7	4	9	3	21	1	4	2	785	7	2	9	1876	4	6142	3	6908	6	0	12	3	7	9	3	8	8	9	1	11	2	18	5	8	4	1	4	1	7	6	1	1	3	15	1	16	10	2	3788	15	7	0	5	0	3	0	0	8	6	9	0	1663	2	2	2	2	6	9	2	2	2	1	16	8	7	3	3	1	4	21	9	6	1	2	3	6	14	1	4	1	6	32	4	1	4	2	3	1	1	3	28	1	0	1	3	4	55	12	9	6	11	4	3	8	1	4	3	5	10	7	6	22	4447	1	0	1	38	5	2	5	5	4	0	2	6	0	4	15	2	6	5	2	4	0	3	5	1	1	4	6208	6	5	6	2	0	1	4	3	4	6	13	3522	15	6	1	9	0	3	4459	4	6	2	6	10	8	6	4	2	5	2743	36	9	6	15	11	3	2	3	9	12	5	13	5	10	4	13	13	1	2	2	0	2	5	0	15	10	37	3	2	1	12	16	2	6	6	3	0	15	380	8	5	7	12	9	6	6	7	5437	3	4	3	2	4	1610	11	7	2	2	7	9	10	11	15	1	4	9	1	3350	4	4	4	8	13	2	2	8	1	9	3	9	3	0	8	3	3	4	7	3	6	2	3	3	5	10	2	10	5	8	11	2	1	4	9	5	6	2	4	3	6	15	16	2	3	6	0	24	32	4	2	2	1	2	4	1	12	2	7	2	2809	7	5	8	10	3	6	7	3	1834	28	4177	6	5	2	3	2	7	22	14	3071	22	8	0	6	9	13	1	2	9	36	5	1901	4	5	743	8	6	2	5	2	3	12	5	14	8	8	19	5	3	27	10	1	1	2	2	8	5	7	6693	6	6	3	7	42	28	10	3	1	4	3	20	4	0	1319	4	4	2	8	4	3395	2	2	1	13	1	1	1	6510	3	6	2	77	8152	7	0	4	1	3	11	2	1	1
G[Del(T):R(8,)]A	0	0	0	0	1	0	0	1	1	0	0	0	1	1	0	0	0	0	0	0	0	0	0	1	0	0	0	0	0	0	0	1	1	0	1	1	0	0	1	1	0	0	0	0	0	0	0	0	2	0	0	0	2	1	0	0	0	0	2	0	0	0	0	2	0	0	1	0	0	0	0	0	2	0	1	0	8	1	1	0	0	0	0	0	2	0	0	0	0	0	0	0	1	0	0	0	1	0	1	0	1	0	0	0	3	0	0	1	0	0	3	1	0	0	0	1	0	0	0	0	1	0	0	1	0	0	0	1	0	0	1	1	0	0	1	1	2	0	0	1	0	0	0	0	0	0	0	0	0	0	1	0	0	0	1	1	0	0	0	1	0	0	2	0	2	0	1	1	0	1	0	0	0	1	1	0	0	1	0	6	0	0	1	0	0	1	0	0	1	1	2	2	0	4	2	15	3	0	2	4	3	4	1	13	3	2	1	3	1	2	3	1	1	1	10	1	13	2	1	1	1	2	1	4	4	3	3	3	1	1	2	2	1	1	3	2	3	2	1	0	1	0	0	1	4	0	0	1	0	1	0	0	1	1	0	0	0	2	0	2	0	1	0	0	1	0	0	1	0	0	0	0	0	0	0	0	0	0	1	0	0	0	0	3	2	0	10	2	14	560	0	4	6	5	3	14	0	1	0	370	7	3	5	930	10	4018	4	3474	8	1	11	4	1	3	5	9	4	3	5	13	3	16	3	4	9	3	1	2	7	7	2	2	3	13	0	11	5	2	2578	11	9	2	3	2	2	3	0	4	8	7	1	787	6	4	1	1	8	7	2	5	3	1	10	4	4	5	5	0	4	14	4	6	1	1	0	1	9	1	2	4	5	29	5	3	5	3	3	1	0	1	13	4	1	3	1	6	32	7	4	3	2	6	1	5	3	5	0	1	4	4	5	16	2812	6	4	1	21	2	0	1	4	3	4	1	4	2	1	11	7	6	1	3	2	1	2	3	1	5	0	3461	8	1	2	5	0	4	3	2	0	5	7	2448	1	4	5	5	2	2	2828	7	5	3	6	7	7	4	6	3	2	1389	12	4	2	5	13	2	1	5	11	7	5	3	2	2	0	5	9	2	1	2	1	2	7	3	20	9	12	3	2	1	7	10	1	3	4	1	0	4	571	12	6	2	14	5	3	5	1	2808	6	2	0	1	4	943	4	3	1	2	2	9	5	5	7	1	7	6	2	1873	3	5	2	3	13	1	4	3	3	4	1	4	5	1	7	4	2	2	3	0	5	2	2	3	2	11	2	9	9	6	6	4	2	1	9	2	4	1	5	5	3	8	5	2	4	4	0	24	15	4	1	1	0	5	8	5	6	9	5	1	1337	9	5	3	10	1	3	1	2	991	14	2399	3	5	1	3	3	7	23	14	1965	10	7	0	4	2	5	2	2	12	56	5	1017	4	2	362	10	4	0	7	2	4	6	3	8	3	5	21	4	4	11	5	2	3	3	0	3	0	4	3922	3	3	6	9	35	24	6	5	3	2	2	13	5	3	716	2	4	4	4	3	2073	6	2	2	10	3	2	3	2918	4	4	1	31	4674	6	1	3	2	6	22	3	1	3
G[Del(T):R(8,)]C	0	0	1	0	0	0	0	0	0	0	0	0	2	2	0	0	0	0	0	0	0	0	0	0	0	0	1	3	0	1	0	0	1	0	1	1	0	0	0	0	0	0	0	1	0	0	0	1	0	0	0	0	1	0	0	1	0	0	0	0	0	1	0	0	0	0	0	0	0	0	0	0	1	0	1	0	11	1	0	1	0	0	1	0	0	0	0	0	0	0	0	0	0	0	0	0	0	0	1	2	0	0	1	0	0	0	1	0	1	0	0	0	0	0	0	0	1	1	0	0	1	0	0	0	0	0	1	0	0	0	1	1	0	0	1	2	1	1	0	0	1	1	0	1	0	1	1	0	0	0	0	1	0	2	0	0	0	0	0	1	0	0	0	1	1	2	2	0	1	0	0	0	0	0	0	0	0	2	0	3	0	0	0	2	0	0	1	0	0	1	1	3	4	2	4	8	0	5	4	3	2	2	0	7	5	1	1	4	3	1	2	0	0	0	6	3	8	3	5	0	0	2	4	0	0	4	3	4	1	1	1	2	1	2	1	3	3	3	2	0	0	0	1	1	3	0	0	0	1	0	0	0	1	1	0	0	0	2	0	1	0	0	0	1	2	0	0	1	0	0	0	0	0	0	0	0	0	0	0	0	0	0	1	2	0	0	3	3	10	338	2	4	4	6	2	10	2	1	0	359	2	4	4	565	13	3477	5	2441	5	1	5	1	2	5	2	7	0	3	5	13	0	12	3	5	3	6	1	0	7	6	1	2	1	11	1	4	4	2	2116	10	5	2	2	0	3	5	0	4	2	6	2	648	1	4	1	1	5	2	5	1	3	3	4	5	0	2	1	0	0	14	4	0	0	1	0	6	3	0	1	0	4	32	3	4	0	1	6	0	0	1	12	2	2	2	1	1	29	6	5	3	6	5	2	7	6	8	4	6	8	2	8	18	2131	3	3	1	16	2	1	4	5	2	6	7	8	1	0	7	4	2	5	3	1	3	1	7	1	5	2	2545	8	1	2	4	1	5	2	0	4	8	11	2006	7	4	4	4	2	1	2138	1	4	3	4	6	5	7	5	5	6	1052	11	9	3	10	9	3	3	2	4	12	5	6	1	13	3	10	6	3	5	5	1	3	0	0	13	9	20	5	0	0	10	12	1	1	4	0	0	8	650	4	4	5	10	8	1	6	1	2168	4	1	3	3	2	862	11	4	4	0	7	4	5	3	10	0	1	7	3	1270	1	7	6	5	8	1	2	3	6	3	5	2	6	0	3	3	3	2	7	3	4	3	4	1	2	7	2	9	3	5	5	1	0	2	6	4	1	0	1	7	8	8	11	3	1	5	0	14	14	2	0	0	0	2	9	1	6	2	5	0	984	5	5	2	5	3	3	1	3	948	8	1796	2	4	3	2	2	2	10	6	1418	9	6	1	5	2	4	0	1	2	52	4	965	4	1	334	11	4	1	10	3	5	1	6	3	4	10	19	4	1	12	3	3	2	5	2	1	2	2	3146	2	4	2	10	18	20	9	3	0	3	3	8	7	1	499	3	3	2	3	1	1548	4	2	1	6	4	1	4	1998	3	1	1	28	3780	2	0	3	0	1	32	2	3	3
G[Del(T):R(8,)]G	0	0	0	0	0	0	0	0	0	0	0	0	0	0	0	1	0	0	0	0	0	0	0	0	0	0	0	0	0	0	0	0	0	0	1	1	0	0	0	0	0	1	0	0	0	0	0	0	0	1	0	0	0	1	0	0	0	0	0	0	1	1	1	0	0	0	1	0	0	1	0	0	2	0	0	0	4	0	0	0	0	0	0	0	0	0	1	1	0	0	0	0	0	1	0	0	0	0	0	1	0	1	1	0	1	2	0	0	0	0	2	0	0	0	0	0	0	0	1	0	0	0	0	0	2	0	0	0	0	0	0	1	0	1	0	2	0	0	0	0	0	0	0	0	0	0	0	1	2	0	0	3	2	2	1	1	0	0	0	0	0	0	1	1	0	1	0	1	0	0	1	0	0	0	0	0	0	1	0	19	0	0	0	0	0	0	0	0	0	2	1	2	2	0	1	18	0	2	1	0	0	0	1	14	1	0	0	5	2	1	0	1	1	2	12	0	14	1	1	0	0	2	2	0	0	3	3	3	1	3	1	1	0	0	2	2	3	3	3	0	1	0	0	1	1	0	0	0	1	1	2	0	1	1	0	0	0	1	0	0	0	0	0	0	1	0	0	0	0	0	0	0	0	0	0	0	1	0	0	0	0	0	0	0	1	0	7	0	3	391	2	4	4	3	1	6	0	1	1	347	5	2	5	669	3	3124	3	2840	4	2	12	3	2	8	2	5	2	0	5	4	1	7	0	2	3	4	0	2	2	6	1	3	2	13	0	2	4	1	2136	7	2	3	2	0	6	2	0	4	5	2	0	695	1	0	3	4	6	6	3	2	2	1	2	6	2	1	0	2	2	15	2	3	1	1	1	2	7	0	2	1	4	23	6	1	2	1	2	1	2	0	16	1	1	2	3	1	31	7	5	2	5	3	2	1	3	1	4	3	4	7	5	14	2242	2	4	0	8	3	2	0	2	1	2	2	6	1	2	2	3	2	4	2	4	1	1	3	3	2	3	2760	4	3	3	1	0	2	1	0	4	3	12	2042	2	3	4	4	2	1	2239	8	0	3	5	8	6	2	7	4	3	1178	10	2	2	5	11	3	1	3	2	7	2	3	0	8	4	8	9	0	3	2	2	2	7	0	14	6	10	2	0	3	12	3	1	3	1	0	0	6	520	5	5	3	5	3	3	3	2	2349	1	0	2	2	4	735	4	4	1	1	3	14	4	4	10	4	2	10	1	1508	2	5	0	5	8	2	3	3	5	6	3	2	4	1	5	2	3	2	7	1	2	4	4	1	1	3	2	5	0	3	2	3	0	0	6	3	6	3	2	1	1	7	11	4	1	5	0	10	10	1	1	0	1	2	5	1	2	1	0	2	1220	2	5	5	3	1	1	3	4	847	2	1802	2	2	2	0	0	1	18	7	1411	4	2	1	5	3	4	3	2	2	46	1	876	3	1	325	12	5	4	6	1	3	7	2	5	2	3	16	3	1	11	1	2	1	1	1	2	1	5	3166	3	0	0	7	18	15	7	2	2	3	2	7	3	0	518	2	1	4	3	1	1571	2	3	2	6	1	1	1	2476	2	1	3	20	3850	4	1	3	0	3	16	0	1	2
A[Ins(C):R0]A	0	0	0	0	1	0	0	0	0	0	1	0	0	0	0	1	0	0	0	0	0	0	0	1	0	0	0	0	0	0	0	0	2	0	2	0	0	0	0	0	0	1	0	0	0	0	0	0	0	0	0	0	0	0	0	0	0	0	0	0	0	3	0	0	0	0	0	1	0	0	0	0	0	0	0	0	1	0	0	0	0	1	0	0	0	0	0	3	0	0	1	0	0	1	0	2	2	1	0	1	1	0	0	0	0	0	0	0	0	0	1	0	0	0	0	1	0	0	0	0	0	1	0	0	1	0	0	0	0	0	0	0	0	0	2	0	0	0	0	1	2	0	1	0	0	1	1	0	0	0	0	0	1	2	1	1	0	0	1	1	0	1	0	1	0	0	1	1	0	1	0	1	1	1	0	0	0	0	0	3	0	0	0	0	0	1	0	0	0	1	2	4	1	2	2	1	2	2	1	1	1	1	1	1	6	3	4	8	1	2	1	1	1	1	1	3	1	2	2	3	3	2	2	2	2	8	1	2	1	1	1	1	3	1	1	1	1	1	2	0	0	1	0	0	1	0	0	0	0	0	1	0	0	0	1	0	0	0	0	0	0	0	0	0	0	0	1	0	0	0	0	0	0	0	0	0	5	0	0	0	0	0	1	1	0	0	1	3	5	4	1	1	0	4	0	2	3	4	1	17	0	3	2	15	4	56	19	25	13	1	5	0	1	2	1	3	2	1	2	4	4	1	1	2	1	4	4	0	0	1	1	2	1	8	1	2	3	5	33	10	6	1	0	1	1	2	2	2	2	4	2	9	1	20	1	3	35	3	9	2	3	0	0	4	1	0	6	0	14	5	1	3	2	0	2	3	44	0	0	3	4	1	0	1	3	1	1	0	2	2	2	5	0	2	0	2	6	3	2	3	1	2	8	2	0	2	0	2	3	2	1	3	38	1	1	1	5	2	0	0	2	3	6	1	10	0	2	6	1	2	1	0	1	1	4	2	0	2	0	32	0	1	0	3	0	1	0	2	2	6	0	27	2	2	4	2	3	1	37	2	0	3	1	4	25	3	2	3	0	10	2	2	2	2	6	1	17	1	3	3	3	2	2	5	3	5	1	4	1	1	0	0	0	5	0	13	22	0	2	4	0	0	2	3	0	1	2	2	158	1	2	1	0	1	2	10	1	20	2	1	2	18	1	18	2	1	1	1	2	7	2	1	2	1	0	2	0	24	3	3	3	1	0	1	2	2	3	4	2	1	1	0	3	1	2	2	1	2	0	0	3	0	1	3	4	5	5	2	3	2	0	0	2	1	1	0	3	1	3	2	0	2	1	2	2	2	1	5	1	1	1	2	1	0	4	0	1	1	15	3	1	4	2	1	0	2	1	22	3	25	3	1	0	0	1	5	12	3	21	3	2	0	3	3	3	3	1	1	2	1	22	33	6	16	4	3	3	5	5	1	32	5	5	0	0	5	4	0	3	3	0	0	1	2	0	2	0	44	1	1	3	3	8	3	0	2	1	0	2	0	0	32	9	2	2	0	2	1	20	1	3	0	2	3	0	3	34	1	2	1	3	53	5	2	0	2	8	5	1	0	2
A[Ins(C):R0]T	0	0	0	0	0	0	0	0	0	0	0	0	0	0	0	0	0	0	0	0	0	0	0	0	0	0	0	0	0	0	0	0	0	0	1	0	0	0	0	0	0	0	0	0	0	0	0	0	0	0	0	0	0	0	0	0	0	0	0	0	0	0	0	0	0	0	0	0	0	0	0	0	0	0	1	0	0	0	0	0	0	1	1	0	0	0	0	1	0	0	0	0	0	0	0	0	1	0	0	0	0	0	0	0	1	0	0	0	0	0	0	0	0	0	0	0	0	0	0	0	1	0	0	0	0	0	0	0	0	0	0	0	0	0	0	0	0	0	0	0	0	0	0	0	0	0	0	0	0	0	0	0	0	1	0	0	0	0	0	0	0	0	0	0	0	0	0	1	0	0	0	0	0	0	0	0	0	0	0	0	0	0	0	0	0	0	0	0	0	0	0	6	2	0	0	0	0	2	0	0	0	0	0	0	1	0	2	4	0	1	0	0	0	0	0	2	0	0	0	0	0	0	0	0	0	5	0	0	0	0	0	0	0	0	0	0	0	0	0	0	0	0	0	0	0	0	0	0	0	0	0	0	0	0	0	0	0	0	0	0	0	0	0	0	0	0	0	0	0	0	1	0	0	0	0	0	0	0	0	0	0	0	0	0	0	0	0	8	2	0	2	1	1	5	0	0	1	0	4	6	0	1	0	1	0	9	7	6	7	0	3	0	2	1	0	3	0	0	0	1	2	0	1	0	0	3	0	0	1	0	0	0	0	5	1	0	2	3	4	8	0	0	0	1	0	1	1	0	0	2	0	2	0	9	1	0	27	1	5	0	0	1	0	3	1	1	0	0	6	0	0	2	0	0	0	3	28	0	1	0	6	0	1	0	2	1	0	0	0	0	0	0	0	0	0	2	2	1	2	0	1	0	4	0	2	0	1	2	0	1	0	0	7	0	1	0	2	1	1	0	0	2	4	0	4	0	0	1	0	0	1	1	0	0	1	0	0	0	0	9	0	1	0	0	1	2	0	1	1	0	0	5	1	3	2	0	0	0	5	1	1	0	1	1	20	0	0	4	0	2	0	1	0	2	3	0	10	0	0	0	1	1	0	0	1	1	0	2	1	0	1	0	0	0	2	13	20	0	1	3	2	1	0	2	0	1	1	1	45	1	0	1	2	1	3	10	0	5	1	0	1	10	0	3	1	2	0	0	0	7	2	2	1	2	0	3	0	0	2	1	0	0	0	1	0	2	2	2	0	1	0	0	1	4	1	0	1	1	0	0	0	0	2	5	0	4	3	2	3	1	1	0	0	0	2	1	0	0	1	2	0	0	0	2	2	1	3	2	0	0	0	0	0	0	2	1	1	0	3	0	1	2	0	0	1	0	0	3	3	9	0	0	0	0	0	2	4	3	3	2	1	0	0	6	1	0	1	0	1	0	3	14	0	3	1	4	0	0	1	0	35	0	0	1	0	1	0	0	0	1	1	0	0	1	0	1	0	2	1	0	0	2	0	0	1	0	0	0	1	0	0	10	1	0	0	0	1	1	2	0	0	0	1	0	1	1	2	4	1	0	0	5	6	0	0	0	3	2	0	0	1
Ins(C):R(0,3)	3	4	4	0	5	2	3	5	0	0	2	2	0	0	1	1	1	1	0	1	1	2	1	2	3	1	0	2	1	2	1	4	4	1	2	0	0	1	4	0	1	2	0	1	0	1	1	0	3	2	3	0	1	1	2	0	0	0	6	0	1	4	0	0	2	1	1	0	0	0	1	2	2	0	1	0	6	1	0	5	3	3	0	3	2	0	1	7	1	4	0	4	1	2	0	8	9	4	2	9	1	3	1	3	0	2	1	4	8	3	2	3	4	4	7	3	1	4	0	7	3	3	3	2	9	0	0	4	0	2	2	2	4	3	3	10	2	3	1	1	4	6	4	2	0	0	2	4	1	2	5	3	2	11	6	3	4	1	4	2	2	4	2	5	1	2	1	5	5	3	3	2	4	2	3	5	3	7	3	5	3	0	3	2	4	1	0	0	1	8	4	20	16	7	6	8	7	14	12	13	14	14	8	10	6	8	10	9	15	7	12	6	9	5	12	16	10	8	7	8	9	7	11	7	7	13	6	7	5	8	4	6	8	6	7	7	7	5	5	0	0	2	0	2	5	0	5	4	6	3	9	0	3	7	0	0	2	8	3	5	2	2	3	1	0	1	0	4	7	0	2	0	1	2	8	0	7	2	2	0	1	4	5	3	5	1	9	8	14	16	7	12	4	14	4	7	10	20	9	66	12	12	13	77	6	369	24	180	19	14	17	5	9	11	7	8	103	14	12	10	12	13	15	11	11	29	7	6	15	8	11	12	15	7	10	130	11	14	238	22	114	14	7	6	13	6	6	13	21	26	6	36	8	21	14	12	25	11	18	10	19	13	7	13	14	8	10	4	13	29	12	9	10	10	5	12	88	14	2	11	13	18	5	16	11	5	7	10	6	13	17	10	7	9	9	15	36	12	15	3	16	14	19	12	11	23	72	22	11	5	8	13	175	10	12	5	17	3	7	12	14	10	10	6	9	4	15	8	9	7	6	6	6	25	11	14	10	9	8	224	3	12	8	7	4	10	13	10	6	11	16	159	12	8	17	3	7	8	159	10	8	9	10	21	7	7	4	16	6	117	5	17	1	19	15	10	16	7	17	4	20	8	8	14	6	40	17	12	8	3	9	2	7	15	20	17	15	14	9	4	22	17	11	10	2	15	3	11	389	24	8	9	10	20	11	24	17	203	8	19	9	21	10	60	12	14	9	7	8	23	23	14	9	5	8	15	1	118	11	12	8	9	7	9	8	13	20	15	2	9	13	8	23	73	15	15	8	17	12	6	23	9	16	141	8	24	21	9	25	13	2	7	21	14	12	9	13	7	14	10	18	8	8	9	2	12	13	19	5	5	5	7	8	6	17	14	4	21	107	8	11	16	12	3	8	19	9	93	15	125	13	5	4	5	6	11	20	13	93	19	13	8	5	11	12	8	8	6	33	11	93	17	7	59	17	8	2	11	27	10	16	7	12	8	4	12	8	14	12	11	6	5	10	14	5	7	11	281	5	5	11	15	21	20	12	11	5	6	5	10	14	11	50	10	6	8	13	12	133	11	6	7	6	6	11	5	185	13	6	12	14	334	22	14	12	2	16	12	18	9	21
Ins(C):R(4,6)	1	3	0	0	3	0	0	2	5	0	3	0	3	2	1	0	0	2	0	1	1	2	3	4	3	2	1	3	1	1	1	1	1	1	5	0	0	0	1	1	0	0	0	0	0	0	0	0	4	1	0	0	2	0	0	3	0	0	3	0	0	1	0	4	0	0	1	1	0	0	2	1	5	0	0	0	22	2	0	2	2	0	0	4	0	1	0	7	0	3	0	2	2	0	0	4	2	1	0	2	0	0	2	3	0	3	0	0	0	0	2	2	0	2	1	4	1	4	1	0	1	3	2	0	4	0	1	0	1	2	1	3	3	4	3	7	1	2	0	5	2	1	2	4	0	3	2	1	3	0	2	2	6	0	5	6	3	1	3	2	1	0	1	2	4	2	4	0	1	1	8	0	1	0	1	0	3	5	0	0	0	0	1	2	0	4	2	0	1	7	5	4	4	7	3	12	6	5	4	5	5	6	9	12	7	2	2	11	3	7	4	8	8	5	11	4	11	1	2	2	2	6	4	8	6	11	3	2	6	7	7	0	2	1	5	7	3	3	7	0	2	1	2	2	2	0	1	2	0	0	3	0	1	4	2	1	1	7	0	5	2	3	1	0	3	0	1	1	2	0	0	0	0	0	3	0	3	0	2	0	0	0	1	2	1	0	7	3	7	63	10	8	5	7	1	4	5	7	2	116	7	4	4	181	4	984	3	551	5	9	10	2	3	2	0	10	17	7	4	7	2	13	6	9	4	3	5	5	7	7	5	1	6	13	8	24	7	11	560	3	14	0	4	3	9	4	6	8	9	9	4	119	2	9	2	3	5	9	9	5	2	2	6	14	8	4	3	2	6	13	2	6	4	5	1	4	13	5	3	0	10	18	3	6	13	2	15	4	7	4	18	14	4	2	5	10	12	7	6	5	19	3	6	6	10	7	10	14	6	4	6	19	481	5	6	0	24	3	5	4	9	11	8	3	8	1	11	3	9	3	4	1	0	9	5	6	5	2	4	636	4	5	5	5	2	5	5	5	3	8	7	508	5	0	11	4	9	5	479	9	9	5	9	9	9	9	10	8	7	347	16	2	4	10	16	12	8	9	8	2	9	10	3	10	9	6	21	9	3	6	1	11	4	4	15	11	11	8	6	5	7	13	2	0	1	8	2	10	944	11	6	4	4	4	7	7	8	537	6	9	3	4	6	176	3	8	6	6	4	8	5	7	7	2	2	15	4	307	7	9	4	10	11	5	2	6	3	5	1	6	7	0	7	9	6	8	8	13	5	2	4	6	8	83	5	6	10	3	6	2	2	2	12	5	10	5	8	8	9	6	5	11	9	10	2	13	14	5	9	4	3	3	10	3	7	2	6	5	312	7	8	4	13	5	5	3	2	205	11	500	4	3	3	2	3	2	13	6	299	5	5	5	8	5	2	2	6	9	25	5	204	6	7	111	11	1	6	5	6	12	2	4	9	9	6	7	3	3	20	7	3	3	4	2	1	5	7	804	0	1	2	8	15	12	4	5	2	4	0	16	5	6	166	10	5	1	7	8	378	5	8	3	8	4	5	4	703	3	6	8	7	953	14	4	3	5	8	26	6	3	1
Ins(C):R(7,)	3	2	0	0	1	0	0	1	1	0	2	0	0	0	0	1	4	2	0	0	1	1	2	2	1	0	0	0	0	1	4	1	1	2	2	0	0	0	0	0	0	0	0	1	0	0	0	0	4	3	0	1	0	3	0	0	0	0	6	0	0	2	1	3	1	0	0	0	0	0	1	1	3	0	0	0	4	0	0	1	1	1	0	1	3	2	3	3	4	2	1	1	2	1	0	1	0	4	1	3	1	4	5	2	3	1	1	3	1	0	2	0	0	2	3	1	2	4	3	1	4	0	3	3	4	0	0	0	2	1	5	2	3	4	1	6	1	0	0	6	1	2	2	0	0	0	2	2	1	0	2	4	4	3	6	1	3	0	3	0	1	1	4	1	3	1	3	2	1	3	11	1	4	0	0	0	0	0	1	0	1	0	1	5	2	1	2	0	2	21	15	5	8	3	18	10	2	8	4	4	6	5	3	10	6	2	1	9	9	17	3	2	3	3	7	5	10	17	14	1	1	21	8	4	2	9	15	12	18	20	20	13	1	9	17	18	14	7	20	0	5	0	1	0	2	0	2	2	2	4	3	1	0	6	0	0	2	5	0	4	1	4	3	0	2	0	0	1	0	0	0	0	2	1	2	0	3	0	1	0	0	0	1	2	3	0	16	10	13	85	3	9	14	10	6	11	7	10	2	197	22	11	11	308	7	1303	8	853	13	4	11	5	9	8	8	13	15	14	13	9	3	32	2	14	7	7	7	9	19	5	5	9	21	22	3	15	6	13	883	10	8	10	5	3	13	8	5	16	32	10	2	226	5	13	7	8	3	10	5	7	13	2	9	12	13	6	8	0	13	17	7	7	7	12	9	12	16	2	4	2	14	22	12	5	5	4	3	3	5	5	46	4	3	10	4	8	7	8	11	6	15	4	4	11	14	17	10	20	7	9	14	37	826	7	10	0	11	8	1	6	6	20	6	2	9	5	13	11	7	9	10	10	12	6	12	17	3	9	9	870	14	11	11	4	3	4	13	9	8	11	7	836	11	8	13	9	5	8	796	18	10	8	13	7	18	10	15	6	4	416	17	4	7	7	10	8	5	4	13	5	16	11	5	13	7	6	17	10	10	6	4	6	7	13	37	7	20	13	15	8	5	11	5	6	3	9	1	22	1328	10	9	6	7	5	9	11	11	674	14	6	5	6	10	339	5	11	8	16	6	6	6	10	23	2	9	24	4	558	16	20	4	20	14	15	9	7	5	10	5	12	10	6	7	18	7	23	11	16	9	10	13	6	7	5	6	22	14	0	5	4	7	9	24	10	5	8	9	10	10	11	3	13	12	26	2	16	26	14	2	8	0	7	13	10	5	11	8	4	406	6	17	19	12	3	9	3	3	411	13	571	9	11	8	4	7	3	28	19	447	11	11	5	24	10	21	4	4	15	84	12	407	11	7	222	18	0	7	10	12	10	6	4	21	7	11	10	9	7	34	3	5	3	1	7	9	7	10	1182	0	6	6	13	33	14	2	12	7	13	8	22	5	16	198	8	9	5	6	3	544	5	7	4	11	3	10	7	1107	14	12	8	10	1397	24	8	6	1	5	27	8	9	6
A[Ins(T):R(0,4)]A	2	3	5	0	3	2	3	4	1	0	4	0	2	2	0	3	2	3	1	2	1	1	2	1	5	0	1	1	3	0	0	0	1	1	3	0	0	0	0	2	1	0	0	1	1	0	1	1	2	2	0	1	1	1	0	2	0	0	7	1	2	4	1	1	2	1	0	0	0	1	0	0	1	1	1	0	4	3	0	1	1	3	4	2	3	0	2	3	2	6	1	5	2	2	0	5	6	0	3	7	3	4	3	4	6	2	1	4	6	2	2	2	2	2	4	1	3	4	4	6	4	3	2	2	3	1	1	1	4	2	0	2	4	5	1	5	5	1	0	5	4	5	7	2	0	0	1	0	5	3	2	2	6	4	5	3	3	2	3	1	2	5	1	2	3	6	8	2	7	7	11	5	3	6	2	1	5	9	0	0	2	0	2	6	3	2	5	0	2	9	5	15	9	3	5	6	3	12	5	8	7	9	5	5	10	8	8	13	11	5	9	7	5	4	4	12	4	5	5	7	7	6	10	3	3	13	5	7	4	9	6	5	9	6	7	8	7	6	5	0	0	3	3	2	6	0	3	5	0	0	8	3	0	6	3	1	0	3	0	4	0	6	3	1	0	0	0	3	4	0	0	2	0	1	1	0	5	1	1	0	0	1	1	6	1	1	9	9	10	16	8	9	3	17	9	11	3	7	4	57	10	9	12	88	12	350	14	211	14	10	9	8	9	9	10	12	17	9	8	11	4	19	9	16	6	10	1	10	6	9	11	9	5	19	3	10	9	9	141	13	10	5	7	5	11	3	11	8	13	7	8	68	1	11	4	8	15	24	9	11	9	7	10	10	19	10	9	4	14	30	13	7	12	9	6	3	24	10	6	10	8	20	8	5	15	5	21	5	4	1	17	15	8	10	9	5	20	13	9	14	16	4	11	11	13	9	9	14	14	9	5	20	144	10	10	0	17	6	5	8	6	7	15	5	11	9	12	14	6	20	6	18	9	11	8	8	6	12	7	221	7	11	2	4	3	8	13	8	4	10	7	139	15	13	8	9	9	4	130	8	13	13	10	18	9	14	10	16	10	105	15	11	6	15	13	9	12	16	11	12	16	12	8	19	6	10	15	6	9	6	5	4	2	11	13	15	12	8	9	6	9	11	7	12	6	11	4	10	216	13	12	5	11	13	9	21	8	188	9	11	6	10	9	74	10	11	8	2	6	15	19	12	11	8	6	18	6	126	13	16	10	7	10	9	14	12	3	11	7	9	10	5	14	6	9	11	12	12	7	9	9	10	12	35	9	18	11	12	21	5	2	5	10	5	20	9	6	11	10	7	11	10	12	16	1	14	12	11	8	9	3	12	12	4	6	10	6	8	114	10	14	17	11	6	5	4	5	104	8	140	9	4	7	7	9	11	13	12	116	17	8	8	19	9	12	5	11	10	17	7	103	5	7	63	11	8	8	11	20	6	31	10	19	9	11	8	9	9	16	8	11	6	9	10	6	12	12	251	3	5	2	12	47	13	6	12	11	5	1	16	3	7	50	8	13	5	5	5	146	13	5	5	5	4	6	9	280	8	8	11	9	300	25	10	13	2	11	12	13	11	10
A[Ins(T):R(0,4)]C	0	2	5	0	1	0	2	1	2	0	0	0	0	0	1	1	0	0	0	0	0	0	0	2	1	0	0	0	0	0	1	2	0	0	3	0	0	0	0	1	0	0	0	0	0	2	1	0	2	2	2	0	0	0	0	0	0	1	1	0	1	5	4	0	2	1	1	0	0	0	0	0	1	1	0	0	4	0	0	1	1	1	1	4	2	2	2	1	0	0	1	3	1	1	0	1	2	1	2	0	0	1	1	1	2	2	1	0	1	0	1	3	0	1	2	3	3	4	1	1	2	1	2	1	0	1	0	1	2	0	0	7	2	1	2	2	1	0	0	0	0	2	0	3	0	2	1	0	1	0	2	0	1	2	1	2	0	1	3	1	0	0	2	1	0	3	0	1	1	2	9	5	0	0	0	2	0	4	0	2	1	0	0	3	0	1	1	0	0	4	5	4	6	2	7	3	2	7	1	0	0	0	5	4	10	1	0	11	8	4	0	4	4	2	3	3	2	7	6	1	0	4	5	3	2	10	6	5	5	6	4	5	0	4	4	5	6	6	4	0	1	3	0	1	1	0	2	3	1	2	0	0	3	6	0	1	3	0	0	1	1	2	0	0	0	0	0	3	2	0	0	1	0	0	2	0	3	0	0	0	0	1	2	0	1	0	3	2	3	10	3	2	0	5	1	5	4	6	2	21	2	2	4	57	1	140	6	118	7	3	6	1	7	3	2	3	3	2	1	2	7	0	4	3	0	12	5	4	4	3	0	1	3	2	2	8	6	1	60	3	7	4	0	3	8	3	3	5	4	7	2	16	1	4	3	1	4	6	4	3	3	0	1	2	1	3	9	2	2	9	1	4	1	3	3	5	8	6	2	3	3	7	4	6	6	3	4	2	3	1	2	3	1	0	1	7	6	4	4	3	3	3	4	2	2	3	2	6	9	2	1	3	61	4	4	1	5	1	0	3	2	1	1	3	2	2	4	5	2	3	6	0	2	7	2	8	1	3	6	99	5	1	2	1	0	2	3	3	1	2	5	50	3	2	7	2	2	2	62	4	5	4	1	2	2	2	3	5	0	52	8	3	2	5	3	3	1	6	6	1	7	4	1	3	3	2	2	6	3	4	2	2	0	5	4	6	8	2	4	4	4	5	1	3	4	3	1	6	63	3	2	4	4	1	5	5	5	87	5	4	2	1	2	33	2	8	2	3	3	8	6	1	7	3	2	8	1	71	0	3	2	6	2	2	3	3	5	2	1	2	8	3	2	3	3	5	4	3	4	3	5	2	4	10	3	8	3	2	8	3	0	1	6	1	5	2	6	5	5	4	6	3	4	2	1	6	5	4	2	2	3	3	5	3	4	1	1	1	49	4	6	4	7	1	1	1	5	36	4	69	4	3	2	1	2	2	6	4	51	3	4	5	4	0	7	0	0	2	4	6	38	3	3	24	5	4	1	1	3	8	5	2	2	1	2	2	4	2	8	4	3	3	1	4	3	0	3	102	0	1	1	4	8	2	2	6	3	2	1	7	1	2	41	3	3	0	4	5	60	1	1	1	1	0	3	2	93	2	3	5	4	115	11	1	3	0	2	10	2	0	3
A[Ins(T):R(0,4)]G	2	3	1	0	6	2	1	2	2	0	3	1	1	1	1	0	0	2	1	1	0	0	0	1	3	1	0	1	2	0	1	2	2	0	2	1	0	0	0	1	0	1	0	1	1	0	1	0	1	2	1	0	1	0	1	0	0	0	1	0	0	1	2	1	1	0	0	0	1	0	0	1	1	1	0	0	7	0	0	2	1	5	2	0	5	2	1	3	0	1	2	0	0	0	0	2	2	5	2	2	0	0	0	1	0	1	0	3	0	0	3	0	0	4	2	1	1	4	1	5	1	2	2	1	2	2	2	3	3	1	0	3	1	0	6	3	1	0	0	2	0	0	1	1	0	3	3	0	1	2	2	3	3	5	2	3	3	2	5	1	1	1	1	0	1	4	1	2	1	2	7	4	0	0	3	4	2	0	0	1	0	0	1	5	1	1	2	0	0	6	6	10	5	2	7	4	1	2	2	1	2	1	4	5	7	7	7	5	6	5	1	1	5	3	4	6	2	7	7	6	10	4	3	1	1	6	8	7	5	7	4	8	8	6	5	5	7	8	5	0	2	1	1	2	0	0	2	5	5	3	4	3	1	7	3	0	0	4	0	0	1	4	3	1	1	0	1	0	3	0	0	0	2	3	0	0	4	0	0	0	0	0	0	3	1	0	5	1	7	23	8	0	2	6	2	6	7	7	2	48	0	5	8	86	5	361	3	190	6	3	7	1	4	3	3	6	9	2	8	8	5	3	1	2	4	12	5	6	5	8	4	6	8	1	0	6	11	5	103	13	10	1	1	5	5	4	3	2	4	9	4	36	0	3	2	5	9	5	9	5	1	1	3	6	6	5	8	0	2	13	5	1	7	5	0	5	10	5	1	5	3	7	2	3	2	4	5	1	2	5	4	8	8	2	1	4	12	5	8	5	6	5	10	1	6	7	5	2	8	4	2	9	113	6	5	0	3	2	0	3	6	10	1	3	9	0	4	7	1	1	2	7	4	7	5	6	2	5	4	220	0	2	5	4	2	5	7	7	0	2	4	84	3	2	7	1	2	0	117	5	6	3	5	7	7	3	1	5	3	100	4	3	6	11	7	5	4	3	5	5	11	3	2	3	3	8	2	4	3	5	2	5	3	3	7	10	5	6	7	2	4	7	2	1	4	3	1	5	108	6	3	1	3	4	3	4	3	206	4	7	6	5	2	50	4	5	3	4	6	13	10	5	5	0	4	6	3	113	4	7	1	4	8	2	5	5	5	2	1	4	7	0	4	5	5	5	8	13	3	4	10	0	10	262	4	6	7	4	11	1	2	1	10	1	4	1	7	2	2	4	7	3	2	1	1	5	10	6	3	2	3	1	3	5	6	0	5	4	101	7	4	6	16	3	5	7	5	54	4	129	4	4	2	2	0	3	9	7	125	9	4	0	3	3	3	2	3	0	7	4	57	3	2	50	4	3	0	5	7	2	6	2	11	4	7	5	0	4	9	1	4	3	2	4	4	4	5	258	0	2	3	6	10	5	4	6	3	4	3	4	2	5	65	1	8	0	4	4	132	2	2	3	9	2	2	1	190	3	6	5	6	283	9	6	2	2	8	6	0	2	4
C[Ins(T):R(0,4)]A	0	3	1	0	2	1	0	2	1	0	0	0	0	0	0	1	0	1	0	1	0	1	1	1	1	0	1	0	0	1	1	0	1	1	4	0	1	1	1	0	0	1	0	0	1	0	0	0	1	1	1	0	0	0	0	1	0	0	0	0	1	2	0	2	1	0	1	2	0	2	1	1	2	1	2	0	4	1	1	1	0	2	1	3	3	1	0	3	2	2	2	2	1	1	0	4	1	0	1	2	0	0	1	2	0	2	1	2	0	3	1	2	1	0	2	1	3	3	2	0	2	0	4	2	1	0	1	0	2	2	1	0	1	1	3	6	4	0	1	0	0	1	1	1	0	0	1	4	2	0	4	3	3	1	0	1	1	0	1	1	0	1	1	1	3	1	1	4	0	3	10	2	1	1	0	1	3	0	0	0	1	0	3	3	0	2	0	0	0	2	4	7	3	4	2	2	3	4	2	1	1	1	1	2	5	6	6	6	6	3	2	2	1	0	3	5	2	3	2	6	7	3	8	4	3	4	2	2	2	3	3	3	6	2	3	3	2	2	2	0	1	0	0	1	1	0	3	2	3	0	1	1	0	5	1	0	0	3	1	1	1	2	0	1	1	1	0	3	0	0	0	0	0	1	0	0	3	0	0	0	0	2	0	2	2	0	2	3	6	11	4	2	3	6	5	4	5	6	2	37	0	4	5	63	2	195	2	81	6	10	7	1	3	1	3	5	1	4	3	1	5	6	5	2	2	4	2	0	3	2	2	3	1	1	2	4	4	1	47	5	6	3	2	2	4	4	5	4	8	8	2	17	2	0	2	3	5	1	5	6	5	0	4	5	1	2	4	1	6	7	3	4	7	8	1	4	6	3	2	4	6	6	2	2	1	2	4	3	2	2	3	3	1	2	2	5	9	2	8	4	2	4	5	2	4	3	1	5	8	6	4	3	52	10	7	0	4	3	1	1	3	4	3	3	3	3	5	6	2	4	5	1	7	5	3	8	4	3	8	117	1	3	2	2	2	1	5	2	0	4	0	44	4	5	6	3	5	2	52	1	5	3	4	3	1	2	2	2	5	54	4	5	3	12	2	0	3	5	6	3	11	1	1	4	5	2	0	7	1	3	1	2	2	7	4	7	4	8	2	3	0	2	4	2	6	6	0	2	52	8	1	6	2	1	3	7	3	111	3	2	5	3	4	13	4	3	0	6	7	9	9	1	6	1	3	3	1	47	7	8	2	6	5	4	3	2	5	4	1	3	4	3	4	6	0	3	3	5	2	2	2	1	3	34	1	5	5	2	11	6	2	4	6	1	1	3	2	0	6	1	0	3	3	7	3	2	6	1	2	2	2	3	4	1	4	3	2	6	49	4	7	6	8	3	0	4	2	13	5	63	1	2	3	2	2	2	9	5	66	4	4	0	9	1	1	4	5	6	9	5	14	2	2	33	3	3	3	1	5	2	3	4	9	3	3	0	2	1	7	1	6	3	1	2	3	3	2	124	1	3	2	8	7	2	0	6	0	3	1	7	4	6	26	3	2	1	0	4	69	4	0	3	8	0	3	2	78	5	4	6	3	133	3	7	4	2	3	2	2	0	3
C[Ins(T):R(0,4)]C	1	0	2	0	1	1	0	0	0	0	0	1	0	0	2	1	1	1	0	2	0	0	0	0	0	1	1	0	1	0	0	3	0	1	5	0	0	0	1	1	1	0	0	0	0	0	0	0	2	1	1	0	0	0	0	1	1	0	0	0	0	3	1	1	0	0	0	0	0	0	0	1	1	0	0	0	4	1	0	0	1	0	1	0	3	0	3	0	2	1	2	0	0	1	0	0	4	1	1	3	2	2	1	0	0	4	1	1	4	1	0	1	0	0	3	1	1	1	4	3	5	0	0	1	3	0	1	1	0	1	1	0	0	1	1	4	1	0	1	0	3	2	2	3	0	0	3	1	2	2	1	1	2	1	2	1	0	0	1	2	0	2	2	1	0	2	3	1	2	1	6	4	1	1	0	2	1	1	2	0	1	0	3	3	2	1	0	0	1	1	0	5	6	4	3	4	4	3	2	2	2	3	2	5	7	3	5	6	2	0	2	4	2	2	3	3	3	3	3	4	4	2	8	4	4	10	3	3	0	0	0	3	4	3	0	1	3	3	1	0	1	2	1	2	2	0	1	2	4	0	2	1	0	1	0	0	3	2	0	0	4	1	1	0	0	0	0	3	1	0	0	1	0	0	1	0	1	0	0	0	0	0	0	0	1	0	6	1	3	18	2	6	2	3	3	8	2	0	8	36	2	0	1	104	1	322	6	120	3	3	9	3	0	1	3	5	8	1	12	3	5	3	2	4	2	6	4	3	7	3	3	3	5	5	3	10	3	4	102	8	12	3	1	1	5	2	2	4	5	3	9	27	7	1	5	3	5	6	7	6	6	6	5	7	3	3	9	2	4	12	5	1	7	2	5	4	10	2	3	4	5	9	5	6	3	3	3	1	2	2	4	8	4	2	5	4	11	4	6	1	3	1	4	3	6	5	6	8	3	1	4	6	91	3	1	1	9	1	0	6	2	8	1	0	6	2	2	2	4	4	2	2	2	9	2	11	1	3	2	199	0	3	0	4	1	1	5	4	1	7	7	91	4	4	3	3	2	3	86	6	2	2	3	7	4	5	2	2	4	101	6	6	1	7	5	3	7	5	4	5	9	5	3	4	5	4	3	4	1	2	4	0	2	2	6	5	4	2	2	3	9	9	6	6	3	2	3	7	71	5	4	1	1	2	9	8	3	204	4	5	4	7	1	29	8	8	2	2	2	12	7	10	3	3	2	8	3	93	2	3	7	4	6	2	4	2	3	3	1	6	3	5	9	6	2	8	1	5	2	4	3	1	5	29	2	5	9	5	12	2	0	4	13	1	6	5	4	2	4	6	10	1	1	5	4	4	1	3	0	1	4	2	7	3	4	0	1	2	87	7	6	7	8	2	5	4	4	36	3	127	6	3	3	3	2	0	15	7	112	5	1	0	4	3	4	1	5	3	8	2	40	8	1	40	1	3	6	2	7	5	3	6	6	4	2	4	2	4	2	7	7	6	2	6	2	4	4	254	2	0	6	2	8	5	6	6	5	0	4	8	4	3	48	1	5	4	1	5	129	4	5	2	3	5	3	1	163	4	4	5	5	267	4	7	2	2	4	8	3	2	9
C[Ins(T):R(0,4)]G	0	2	0	0	1	1	1	1	0	0	5	0	0	0	0	0	1	1	0	0	0	0	0	3	1	1	2	0	2	0	1	0	0	0	2	0	0	0	2	0	0	0	0	0	1	0	1	0	2	1	1	0	0	1	0	0	0	0	6	0	0	1	1	1	2	0	0	0	1	0	0	0	2	0	1	0	12	1	0	2	1	3	1	2	1	0	1	2	0	0	3	3	1	0	0	2	2	0	1	2	1	4	1	2	0	5	1	1	3	0	1	0	0	1	2	1	2	3	1	1	3	1	2	1	2	2	1	1	1	4	1	2	2	1	2	4	2	0	1	0	2	0	1	3	0	1	0	1	2	0	1	1	4	3	3	3	1	1	0	2	0	0	1	0	2	3	3	1	2	0	10	0	1	0	0	0	3	2	0	0	1	0	1	4	3	2	3	0	0	1	1	5	7	2	2	1	2	9	3	3	3	3	3	1	9	0	1	9	7	1	3	4	3	6	1	3	1	2	2	1	0	2	6	2	2	12	2	0	1	2	1	2	1	1	2	1	2	2	1	0	3	3	0	1	0	1	1	1	1	1	5	1	0	1	1	1	1	3	1	6	0	1	0	3	1	0	1	1	2	0	0	0	0	0	0	0	1	0	0	0	0	0	2	0	1	0	2	3	3	33	5	0	0	8	4	3	4	6	0	68	4	1	0	183	8	641	3	273	4	4	7	0	0	5	3	5	6	3	1	5	5	3	0	4	2	8	2	2	0	0	4	3	8	5	1	1	2	4	165	8	6	2	2	4	5	3	2	1	9	5	4	37	0	3	3	0	8	5	3	3	3	6	0	4	5	3	2	2	4	15	1	3	8	5	0	4	4	6	0	4	2	6	2	4	2	5	1	4	2	1	7	6	3	4	3	5	9	2	7	6	2	5	6	1	5	10	6	2	8	2	8	6	150	4	4	1	9	7	0	4	2	8	2	2	6	3	2	2	1	2	2	1	0	8	3	6	4	3	2	299	3	1	1	1	1	4	3	6	0	5	2	156	0	3	5	2	3	2	152	5	6	1	3	3	3	2	1	2	1	223	6	4	2	8	5	4	3	1	9	1	6	3	4	7	5	1	3	2	2	4	2	2	2	5	5	2	8	5	2	3	2	5	2	5	3	1	1	5	73	6	3	4	3	2	7	6	3	395	3	6	4	4	2	35	4	4	0	8	6	5	8	4	4	2	1	6	1	167	10	5	4	5	5	1	4	3	4	3	2	6	5	3	5	5	4	5	3	2	1	3	3	3	5	307	4	9	5	3	10	1	2	3	5	2	2	3	0	1	2	3	1	4	3	2	1	5	3	5	1	6	8	1	3	3	5	2	5	4	172	6	2	4	7	1	3	8	1	37	7	229	3	0	2	4	3	6	5	5	170	4	3	3	2	4	8	2	4	2	11	9	37	1	4	67	3	1	0	6	6	2	2	4	6	2	1	3	0	5	5	4	4	3	3	10	1	1	3	428	0	2	1	5	9	1	2	3	3	2	1	7	0	2	91	1	1	3	5	5	187	3	3	2	2	3	3	1	253	4	6	5	5	452	7	7	1	2	8	9	1	3	2
G[Ins(T):R(0,4)]A	2	5	5	0	2	1	2	3	3	0	4	1	2	3	1	3	0	2	2	0	0	0	0	0	1	2	0	2	1	2	1	0	0	2	2	0	0	0	0	2	0	2	0	1	3	0	0	0	2	1	2	1	0	0	1	2	0	0	5	0	1	3	0	0	1	1	1	0	2	2	1	0	1	0	1	0	0	2	0	0	1	5	3	3	1	2	1	2	2	4	1	4	1	6	0	3	7	3	0	3	4	1	2	3	4	2	2	2	2	5	2	1	1	0	2	0	1	3	0	4	2	4	2	2	4	1	1	1	0	2	1	4	2	2	2	5	1	0	1	3	2	1	1	2	0	0	2	1	3	2	4	2	2	2	2	0	5	0	1	2	3	1	3	2	2	2	6	5	2	4	3	2	4	4	0	0	1	1	0	0	0	0	3	2	1	7	5	0	5	5	4	5	13	2	3	2	2	10	4	4	4	4	7	2	6	6	7	5	8	4	4	3	6	7	2	3	1	3	3	6	5	5	9	3	3	4	3	3	4	4	5	3	6	3	6	5	3	3	5	0	0	3	1	2	2	0	2	0	4	1	3	1	3	6	1	0	2	6	0	3	1	1	2	3	5	0	1	2	2	0	0	1	3	3	1	0	5	0	3	0	1	2	0	4	2	1	2	2	3	5	5	6	2	7	4	3	6	6	3	12	2	7	1	15	6	51	10	32	4	2	5	0	4	4	4	6	28	4	2	6	3	3	3	3	8	6	4	2	7	3	4	3	5	2	4	20	4	3	28	9	17	4	4	3	9	4	0	4	8	7	8	9	1	7	2	3	6	10	9	8	5	3	1	4	5	8	5	3	2	11	2	1	9	8	4	2	20	6	3	3	4	5	4	1	4	2	1	5	5	5	7	6	3	4	0	7	8	3	7	5	8	6	6	6	6	10	12	4	7	1	4	4	28	6	5	2	10	8	1	3	4	7	4	2	4	4	4	6	3	7	5	12	5	10	5	9	6	2	6	49	1	1	5	3	4	2	2	2	7	5	4	19	3	2	12	2	5	1	25	2	3	2	6	3	3	7	3	6	3	14	8	2	2	6	3	6	7	3	8	6	7	1	6	6	2	23	7	8	4	7	5	10	5	3	1	6	3	3	3	1	4	8	2	2	4	2	0	10	38	4	6	4	8	5	3	7	6	31	2	6	2	7	6	10	1	7	5	5	6	7	8	4	3	5	6	3	4	14	1	5	4	2	4	4	3	5	4	4	4	6	1	4	9	23	6	3	11	3	9	5	9	3	6	33	1	5	5	5	7	2	1	2	11	6	4	6	3	4	7	5	4	6	5	4	4	1	4	4	5	4	3	3	2	3	11	4	4	8	14	8	5	8	7	1	3	4	2	12	8	19	4	2	3	3	4	4	10	3	27	8	1	2	7	4	2	1	4	2	7	2	16	7	4	11	4	2	2	5	12	3	5	3	3	1	7	3	3	3	4	3	3	3	4	2	5	8	8	42	3	4	2	6	6	3	4	4	3	2	6	3	1	10	11	1	6	0	3	8	30	3	3	2	2	1	4	5	27	3	1	5	2	47	8	8	7	4	5	5	1	0	2
G[Ins(T):R(0,4)]C	1	1	0	0	3	0	0	1	1	0	0	0	1	1	0	0	0	1	0	0	0	0	0	0	0	0	0	1	0	0	0	1	0	0	0	0	0	0	0	0	0	0	0	0	0	0	0	0	1	1	2	0	1	0	1	1	0	0	1	0	0	1	0	0	0	0	0	0	0	1	0	0	0	2	2	0	1	0	1	0	0	0	0	0	3	0	0	0	1	2	1	0	1	0	0	0	5	0	1	1	0	3	1	0	0	0	0	0	1	0	0	0	0	3	2	0	0	0	1	0	1	2	1	0	0	0	0	0	0	0	0	1	0	1	0	1	0	0	0	2	0	1	1	1	0	0	0	0	1	0	1	2	1	0	0	0	0	0	0	0	0	0	0	3	0	1	0	0	1	1	4	1	2	0	0	0	0	0	1	0	0	0	1	2	0	0	0	0	0	0	0	3	6	1	1	2	1	6	0	0	0	0	1	1	4	2	3	4	4	0	0	2	0	0	1	2	1	1	0	2	2	0	5	1	1	3	2	2	2	0	0	1	2	0	0	0	2	2	0	0	0	0	1	0	0	0	0	1	1	0	0	0	1	1	0	0	0	2	0	0	0	0	0	0	0	0	0	0	0	0	0	1	0	1	0	0	1	0	0	0	0	1	3	1	1	0	0	1	2	3	1	1	2	5	1	2	2	0	0	12	1	3	0	15	2	90	2	37	0	3	0	0	0	2	1	4	2	2	1	0	3	1	1	0	0	9	1	1	1	1	0	1	0	0	0	1	1	0	25	3	0	1	0	0	0	1	2	1	3	4	1	6	1	1	0	1	1	0	5	0	1	1	0	1	2	2	3	3	3	3	0	2	0	0	0	1	2	3	0	3	0	1	0	1	2	0	1	2	0	1	2	4	0	0	0	1	7	1	3	1	2	1	5	1	0	1	1	2	2	1	2	3	22	0	2	0	2	0	1	1	5	5	1	0	0	2	4	0	1	2	1	1	2	2	0	2	1	2	4	39	1	0	0	1	0	3	1	2	2	1	0	23	1	0	2	2	1	1	23	2	3	4	1	3	0	2	1	3	1	22	3	0	1	1	0	3	0	4	4	3	2	0	2	2	0	1	0	0	2	1	0	1	5	1	1	5	0	2	0	0	0	0	2	1	0	0	1	2	22	2	1	2	2	0	5	2	0	39	4	5	5	0	1	12	1	3	0	0	1	5	2	0	2	0	0	1	3	23	1	1	0	1	0	0	4	2	0	4	0	3	2	2	3	2	2	2	0	1	0	1	1	0	3	18	3	5	2	2	5	0	1	2	4	1	3	1	0	3	1	4	0	1	2	3	1	3	3	1	2	2	2	1	0	1	5	1	2	3	23	4	0	2	2	0	0	1	1	11	0	22	1	3	2	1	0	1	1	2	28	3	1	0	0	1	1	2	1	0	4	3	10	0	1	12	1	1	1	2	3	1	1	0	2	5	0	1	3	0	2	1	2	2	1	1	0	3	2	50	0	0	0	3	3	2	0	4	0	1	0	1	2	3	12	0	1	1	3	0	25	1	1	0	0	0	1	0	35	3	2	2	0	57	4	0	3	0	1	3	1	2	2
G[Ins(T):R(0,4)]G	1	1	2	0	1	0	0	1	0	0	0	2	0	0	0	0	1	0	1	0	1	0	2	2	1	0	0	0	0	0	1	0	0	1	5	1	0	0	0	1	0	0	1	0	0	0	0	0	2	0	0	0	0	0	0	0	0	1	2	0	0	1	2	0	0	1	1	0	0	1	0	0	1	1	0	0	0	0	0	4	0	0	2	1	4	1	1	3	0	1	2	7	2	0	0	0	3	1	1	1	2	2	2	0	3	2	1	1	1	2	1	1	0	1	1	1	3	1	1	2	5	2	0	1	3	0	3	2	1	0	0	4	2	1	3	4	0	1	0	2	4	2	1	3	0	0	2	0	0	3	2	1	2	4	0	1	2	1	1	2	2	2	1	4	0	1	0	3	0	0	0	2	1	0	1	1	1	2	0	14	1	1	2	1	1	1	1	0	0	1	1	2	2	1	4	3	0	2	3	3	4	4	1	2	8	4	3	6	2	1	3	1	1	0	4	2	4	5	5	4	4	2	2	0	0	9	4	4	2	2	1	3	3	4	1	2	4	4	3	0	0	1	1	0	3	0	1	1	0	0	2	1	0	3	0	0	1	3	0	2	2	0	0	2	3	0	0	2	1	0	0	1	0	1	0	0	1	0	2	0	0	1	1	2	1	0	4	0	4	17	1	4	2	4	3	2	5	3	1	43	5	4	2	79	5	259	3	174	4	2	6	2	3	7	6	5	1	6	3	2	2	8	2	2	3	0	5	4	4	0	2	3	5	4	0	9	2	2	78	8	6	2	2	4	7	2	2	6	6	7	2	30	2	3	1	0	4	2	6	3	1	0	8	3	3	6	6	0	4	9	2	2	5	1	3	1	6	3	2	3	1	6	1	1	4	2	2	0	5	1	4	10	5	2	0	5	16	2	2	2	4	3	4	5	8	4	4	4	5	3	4	6	119	3	2	0	7	2	1	2	3	10	2	1	2	3	2	3	2	5	1	4	2	9	3	7	6	1	0	179	1	4	1	2	2	1	3	3	2	7	4	83	3	3	4	5	1	3	116	2	5	5	2	8	2	3	4	5	4	110	5	2	2	7	5	4	3	7	9	3	5	2	2	7	2	2	6	3	3	4	3	1	1	5	3	6	1	2	6	2	6	3	3	5	2	5	2	2	95	7	3	2	4	1	2	5	5	149	8	4	1	6	5	39	2	7	1	5	3	6	8	4	3	4	1	6	1	110	5	5	4	4	4	3	5	2	4	3	1	5	2	0	7	4	2	5	2	8	3	2	1	1	7	243	4	7	8	2	5	2	4	1	3	2	11	4	4	1	3	5	2	4	4	7	2	4	1	4	0	2	2	0	5	2	16	6	2	6	95	4	5	6	8	4	0	8	2	49	4	97	4	2	2	3	5	5	5	6	93	9	4	2	2	3	2	2	1	2	7	5	47	4	4	46	2	4	1	3	4	2	1	4	4	7	3	3	0	1	13	2	6	4	1	3	1	3	2	204	0	4	7	6	15	2	2	4	2	1	1	8	4	4	39	3	4	1	5	5	94	4	6	2	5	2	1	1	192	2	5	1	3	244	6	3	2	3	5	11	5	3	2
A[Ins(T):R(5,7)]A	0	6	4	0	4	1	4	6	9	1	16	1	8	7	1	4	1	4	0	0	3	3	3	5	0	0	2	6	1	2	8	0	6	0	15	0	0	0	0	3	1	2	0	2	3	1	0	0	4	4	2	0	5	2	1	6	0	1	5	0	3	9	2	5	5	0	3	2	1	2	0	4	17	0	2	0	38	4	1	7	5	3	4	5	15	2	1	8	6	5	5	5	10	5	0	8	17	4	6	14	4	16	15	4	6	12	0	7	8	4	1	4	2	5	5	7	10	12	4	14	13	2	2	6	15	1	6	1	8	7	6	5	2	6	7	7	5	7	2	10	1	9	9	4	0	7	6	6	4	1	5	5	18	4	16	5	7	2	6	6	5	2	5	8	6	7	13	9	6	11	110	34	5	8	2	2	13	10	3	1	0	0	4	8	3	10	4	0	1	38	25	21	27	26	21	26	26	28	30	25	31	34	29	26	28	9	10	31	33	40	26	27	30	25	29	16	25	19	21	9	14	37	29	28	26	31	24	21	30	33	29	19	11	23	32	37	24	21	35	0	8	3	8	8	15	0	3	6	8	9	11	8	6	9	6	2	2	18	2	5	3	9	4	2	7	0	1	9	3	0	0	1	2	4	7	0	9	1	2	0	0	2	4	13	10	3	29	16	24	121	26	17	14	26	15	9	12	18	9	208	31	25	23	366	18	1483	22	1024	19	25	24	10	25	18	29	28	13	29	14	25	15	50	15	17	12	9	21	15	21	11	12	18	18	28	8	19	27	17	517	18	18	10	14	12	30	14	7	27	31	34	15	192	3	12	8	11	13	32	9	14	30	13	20	17	12	16	19	9	22	29	25	7	14	15	5	19	28	16	3	9	23	39	13	6	38	17	13	11	8	15	27	23	12	18	22	20	23	18	25	11	20	7	11	8	42	31	25	18	27	20	19	43	530	49	10	2	48	7	7	14	21	18	22	6	37	11	24	24	12	18	14	25	16	19	21	39	12	26	15	908	23	16	5	12	10	16	18	19	19	15	23	503	19	26	14	20	16	15	536	29	21	36	15	25	19	21	20	15	19	376	56	19	17	29	21	8	11	30	20	15	34	22	11	25	19	12	26	16	15	11	14	24	16	29	43	29	34	23	10	13	22	34	15	19	12	13	4	36	963	23	30	17	18	10	12	25	31	704	24	14	10	14	14	388	18	22	10	22	13	40	17	18	36	6	15	53	11	623	30	29	9	32	43	16	16	16	8	21	14	13	23	9	15	26	7	19	28	30	13	17	16	12	25	34	12	33	31	8	24	15	7	17	36	22	44	30	19	17	20	18	25	24	23	48	6	22	43	25	11	13	9	21	16	27	11	27	24	21	360	32	33	18	66	7	14	9	19	400	33	771	20	20	12	15	9	3	21	30	547	21	17	12	43	10	31	14	10	39	80	17	421	21	19	205	31	12	10	12	38	14	24	11	41	28	15	29	27	29	50	11	26	18	11	15	12	11	13	1194	4	7	8	26	128	22	15	21	5	15	11	40	11	18	234	26	17	9	10	16	624	16	27	7	18	10	25	13	1227	25	28	41	12	1355	40	15	11	7	18	53	12	4	14
A[Ins(T):R(5,7)]C	11	17	8	1	8	0	4	7	3	0	17	2	11	8	5	3	1	10	3	2	2	3	5	3	8	6	5	7	6	1	14	1	8	4	17	3	0	0	0	7	0	1	0	4	2	3	2	0	8	6	8	1	7	5	0	8	0	1	9	0	1	4	0	1	4	0	4	2	1	3	4	4	14	1	1	0	23	3	1	11	5	5	4	13	11	0	11	10	2	4	8	9	9	9	1	11	9	10	8	13	10	23	11	5	15	6	1	12	7	3	10	6	4	1	4	10	10	13	8	18	12	12	6	9	16	3	5	6	3	4	4	6	12	10	10	12	9	22	1	13	3	8	22	7	0	6	7	5	8	6	12	10	23	7	12	9	9	2	3	5	5	3	4	11	6	11	17	8	5	14	122	20	12	7	0	2	7	14	4	3	2	0	1	9	4	10	4	1	8	45	33	30	24	23	45	24	23	25	21	30	30	29	23	26	35	13	10	35	30	43	27	23	14	21	29	20	25	44	46	14	12	41	31	24	22	36	43	47	39	35	32	37	11	43	41	40	49	45	41	0	10	3	6	4	12	0	7	8	6	6	10	3	7	15	5	0	6	21	2	9	6	9	6	6	11	1	3	9	9	0	0	3	1	5	6	0	24	1	2	1	0	1	2	19	6	1	23	13	31	143	16	13	9	31	22	7	12	16	8	221	46	32	48	348	25	1503	22	1009	19	39	27	17	15	34	23	19	22	44	21	15	23	35	9	17	19	22	17	29	26	19	20	24	33	30	4	27	16	31	498	22	28	12	13	15	33	26	15	36	38	42	13	159	5	17	11	12	20	32	10	16	23	10	27	18	22	27	33	12	32	30	22	6	19	14	9	15	18	19	5	12	21	48	10	11	49	16	21	6	7	13	35	15	11	25	15	16	20	7	39	17	38	10	22	11	45	48	15	18	32	19	11	37	462	43	12	3	47	16	9	14	22	21	11	14	37	8	33	19	16	18	15	16	29	27	34	55	20	14	20	839	16	16	6	24	8	34	27	21	10	18	28	483	34	18	16	16	21	11	463	33	19	31	29	24	21	24	20	24	20	365	65	15	32	32	39	9	18	35	13	20	32	9	15	36	12	18	29	16	20	21	13	42	13	40	44	22	40	20	18	9	31	41	16	17	19	16	1	35	609	35	21	22	35	13	11	32	43	628	28	13	10	20	12	328	14	31	18	21	28	46	27	21	28	9	11	37	16	652	21	25	18	42	37	16	22	33	11	15	18	11	32	7	19	29	8	22	24	23	17	32	22	16	19	22	11	30	36	10	29	15	4	13	39	19	61	27	24	17	18	23	28	28	24	29	10	24	52	36	12	12	11	17	27	27	7	19	38	22	380	29	37	25	76	12	15	17	13	329	30	667	25	25	15	19	17	10	33	43	597	26	22	10	38	17	36	9	13	45	77	19	345	30	19	208	36	19	16	24	39	17	19	17	42	24	10	39	23	33	63	15	34	20	20	25	11	14	19	1140	5	10	11	17	151	19	21	31	15	22	16	40	15	30	268	29	26	17	26	9	652	19	22	11	19	14	28	28	1184	29	17	50	23	1286	46	19	12	9	17	48	11	8	17
A[Ins(T):R(5,7)]G	5	11	6	0	7	2	3	8	5	0	14	1	5	5	3	7	4	5	1	2	2	4	4	5	4	4	1	9	1	3	9	2	9	5	16	4	0	0	0	5	1	3	1	3	2	1	1	1	10	9	4	1	3	6	2	7	1	0	4	0	2	5	3	1	7	3	5	3	0	3	1	3	19	4	2	0	36	6	1	13	2	3	8	8	8	5	8	13	6	6	6	5	7	6	0	6	14	8	10	16	9	21	16	3	13	13	3	11	13	11	7	2	1	1	3	13	8	13	4	16	8	3	7	3	10	2	5	2	5	3	8	10	11	7	11	10	7	14	3	4	5	5	15	12	0	5	7	3	6	5	7	14	19	14	17	4	3	0	7	8	1	1	6	8	6	11	16	5	5	21	86	26	8	7	4	3	5	11	5	3	3	0	6	11	5	11	4	0	8	43	33	29	34	20	34	26	19	32	27	23	32	28	41	21	33	20	20	42	30	42	26	24	35	30	23	24	23	29	34	20	20	41	33	22	19	39	29	32	42	38	36	26	20	28	34	41	32	31	39	0	11	3	0	4	14	0	6	10	16	5	12	2	6	15	4	1	2	5	2	9	1	8	5	7	13	1	1	8	7	0	0	2	0	4	7	0	15	1	2	0	5	0	8	12	10	1	30	6	27	157	10	14	17	34	11	15	12	9	9	295	26	24	35	413	20	1998	25	1246	21	31	23	16	29	30	22	26	24	37	28	21	17	61	9	18	8	15	30	17	22	23	14	19	24	27	6	30	22	20	659	23	25	9	13	15	29	8	20	16	47	39	15	213	11	18	12	13	18	27	25	17	27	7	31	24	24	22	23	10	39	24	20	11	20	12	10	30	15	16	9	22	31	33	17	12	42	16	21	7	10	12	30	19	18	23	15	19	29	16	31	16	15	9	19	14	34	48	22	22	32	22	16	27	637	43	17	5	52	6	6	19	22	24	14	9	34	3	27	20	9	18	16	29	21	24	34	49	21	18	22	1147	11	16	10	17	15	33	18	24	11	15	25	627	22	16	21	18	24	14	645	28	20	35	24	21	20	17	23	17	13	539	45	12	14	46	31	12	10	28	16	20	43	20	19	27	14	19	22	21	21	13	12	23	18	25	42	26	41	29	20	16	27	38	16	16	17	15	4	40	787	31	31	25	22	12	21	27	36	844	16	10	8	10	15	431	12	33	14	14	20	56	16	22	28	6	18	40	15	841	37	34	12	37	33	15	23	13	7	21	9	19	21	7	20	23	14	31	24	31	18	19	24	14	27	57	19	32	34	6	26	9	9	14	41	9	49	23	8	24	18	20	30	25	31	38	15	29	48	23	6	12	8	16	23	27	9	21	24	15	510	31	33	32	57	12	18	12	20	471	38	809	18	27	16	8	11	6	28	40	766	39	17	15	33	15	22	8	6	50	74	19	471	25	23	294	45	12	24	17	28	13	16	11	54	26	21	36	26	19	62	11	34	21	15	14	19	12	23	1613	11	12	5	24	133	27	23	22	9	14	11	36	10	26	350	18	24	18	15	13	867	17	23	13	27	15	20	19	1702	24	17	32	16	1782	47	19	21	5	14	54	10	9	19
C[Ins(T):R(5,7)]A	5	3	3	0	1	1	2	3	2	0	6	1	4	4	2	6	0	4	0	0	0	0	3	1	1	3	1	4	0	2	5	1	5	4	5	3	0	1	0	5	1	2	2	1	0	1	1	0	4	2	1	0	1	2	0	3	1	0	2	0	1	5	3	1	2	0	6	2	0	3	1	0	6	1	0	0	11	4	0	3	2	1	1	3	1	2	2	1	4	0	0	4	4	3	0	6	8	4	3	6	1	1	6	1	1	0	2	2	7	2	3	2	2	2	3	1	3	4	3	4	5	1	2	2	5	1	2	0	2	4	2	4	1	2	6	2	4	7	1	5	3	1	6	2	0	1	1	0	1	1	4	6	8	3	11	2	2	1	5	1	0	0	4	8	1	4	5	3	2	4	59	5	5	2	1	4	3	4	1	1	3	0	2	2	3	3	3	1	2	10	9	15	10	5	15	7	6	9	9	10	10	9	11	10	10	7	7	11	15	9	11	3	9	10	10	8	7	11	11	7	10	7	13	4	5	12	8	11	10	10	8	10	8	11	11	9	12	12	9	0	2	0	1	4	4	1	2	3	5	3	4	2	2	3	4	0	1	7	0	2	1	4	1	3	3	0	1	2	1	0	0	0	0	1	5	0	9	1	1	0	0	2	2	2	1	0	7	8	11	52	11	5	3	12	4	7	9	4	13	111	11	18	18	136	9	562	4	371	2	11	13	9	7	9	9	13	6	17	9	6	8	22	8	7	7	8	9	11	10	5	5	13	10	17	4	9	6	6	228	9	14	3	7	4	16	9	7	8	15	15	2	84	4	7	6	5	10	13	10	6	8	3	7	13	6	11	13	8	10	19	7	5	8	3	3	13	8	10	3	3	7	13	6	6	26	11	9	4	2	7	11	10	6	6	13	7	12	7	11	4	9	3	5	5	17	18	9	15	12	3	4	16	213	17	7	0	28	9	6	6	13	11	2	3	12	5	11	16	7	3	3	10	4	20	14	12	6	8	9	378	14	11	2	8	5	11	2	9	8	8	7	201	7	10	12	3	9	3	214	15	5	15	7	7	11	8	7	6	2	176	23	3	7	18	11	2	5	5	13	10	12	7	11	9	7	9	13	7	4	11	5	12	4	14	20	4	13	14	2	6	7	12	7	6	7	4	3	20	375	10	13	7	12	4	7	10	9	275	10	3	10	6	2	169	3	13	7	9	9	14	10	9	11	4	6	27	3	203	11	12	4	19	18	5	9	9	3	6	6	5	11	2	3	14	2	11	12	14	3	6	5	6	9	16	5	14	9	5	4	5	0	5	10	7	17	15	8	17	5	3	9	11	8	13	7	15	14	12	5	11	3	6	11	7	6	9	10	12	165	10	10	13	19	7	9	7	7	173	13	251	5	16	10	3	7	1	23	14	228	11	6	3	19	5	12	7	6	13	30	9	178	16	10	105	14	8	7	9	13	9	5	6	16	14	8	18	16	14	16	13	9	5	11	7	7	4	7	480	5	4	4	12	55	13	8	9	7	5	2	16	7	11	96	13	11	2	5	5	255	8	11	3	8	3	7	7	502	14	6	8	9	528	26	8	10	3	7	25	12	2	11
C[Ins(T):R(5,7)]C	3	4	2	0	3	1	2	5	1	0	9	1	7	5	4	5	2	5	1	2	2	2	3	1	0	4	2	6	0	3	11	0	2	3	10	0	0	0	0	4	2	3	0	3	0	1	0	0	5	2	2	0	5	1	2	3	1	0	3	0	1	9	0	3	1	0	5	1	1	1	2	0	12	1	2	0	19	5	0	9	3	6	1	3	3	3	1	7	2	4	5	1	2	6	0	7	12	3	4	6	3	15	8	3	4	3	3	4	8	5	5	6	1	4	4	11	5	6	6	10	5	1	3	3	2	0	5	2	7	2	5	5	6	7	9	2	4	13	1	2	2	5	5	6	0	3	3	2	2	0	5	6	13	5	12	7	5	1	1	4	2	1	5	4	4	1	7	3	3	14	90	6	1	3	0	1	1	4	2	2	0	0	2	3	1	4	3	0	1	28	18	21	18	10	15	12	12	19	20	23	26	25	21	12	13	9	9	18	20	23	27	15	20	19	13	18	11	17	16	9	8	26	17	13	13	16	19	17	18	24	20	14	8	14	27	26	20	19	27	0	3	4	4	5	3	2	2	2	11	4	4	1	4	11	6	0	4	5	2	5	4	5	2	2	5	0	5	4	5	0	0	0	0	4	6	0	6	0	1	0	0	0	4	4	7	2	9	5	13	59	8	11	14	13	6	5	9	9	8	132	16	18	16	183	15	855	8	518	9	25	16	7	8	23	14	12	8	21	12	10	8	21	8	6	7	16	10	8	6	14	15	8	27	13	6	9	16	12	285	7	17	6	6	9	17	12	7	15	29	33	9	87	4	2	5	7	9	21	15	10	20	8	8	17	9	9	18	6	18	9	12	3	10	12	5	9	17	7	4	9	18	30	10	7	17	6	15	2	3	10	19	19	5	9	6	19	20	5	17	7	22	5	9	11	23	22	13	12	16	11	16	21	275	18	15	1	24	5	5	14	11	7	9	4	15	8	13	15	11	8	8	15	11	22	20	39	8	5	14	477	6	10	1	9	4	17	13	10	9	8	15	269	13	13	12	8	11	7	273	14	10	28	14	9	11	15	8	9	6	195	28	5	8	17	21	3	7	14	10	16	15	7	12	16	8	16	9	13	14	8	10	25	7	26	19	11	26	14	9	10	16	23	9	7	13	7	0	19	361	20	17	13	9	4	11	15	12	331	12	8	5	7	11	176	5	18	12	7	10	26	7	8	17	8	5	31	6	333	15	19	7	17	21	14	9	18	6	9	8	8	15	6	6	14	3	12	16	18	10	16	6	3	13	17	11	18	19	4	9	11	2	14	21	7	28	7	10	15	16	9	12	17	9	28	9	18	38	11	3	6	7	6	17	24	3	6	11	12	175	17	17	16	31	8	6	8	7	195	18	355	12	16	8	5	11	5	18	21	305	11	5	3	13	9	15	10	5	31	51	5	197	14	13	123	13	11	13	12	22	10	12	7	25	9	8	22	16	13	29	10	20	14	11	12	8	11	10	607	2	2	6	12	83	15	8	15	4	5	6	26	7	17	131	9	13	4	4	14	353	13	13	8	14	3	9	13	702	14	8	21	12	684	29	10	8	3	5	23	10	5	5
C[Ins(T):R(5,7)]G	2	4	1	0	2	2	0	4	2	0	6	1	8	8	3	4	1	7	0	2	0	2	2	6	2	3	3	8	1	0	4	0	7	4	13	1	0	0	3	1	0	2	0	4	1	2	2	0	3	2	0	0	6	2	2	7	0	0	2	0	2	5	3	0	1	2	1	0	1	3	2	2	9	2	0	0	15	3	1	10	2	5	2	6	3	1	4	8	5	2	3	4	6	3	0	7	12	4	2	11	6	12	9	1	3	10	1	6	8	1	4	5	0	5	2	4	3	8	5	13	8	1	3	3	6	0	2	3	2	6	5	5	5	3	5	7	4	5	3	6	2	5	7	2	0	4	6	1	5	2	5	5	7	5	7	6	1	2	2	5	1	1	4	2	10	2	5	5	6	19	76	5	3	5	4	1	6	5	1	1	3	0	3	6	1	6	2	0	1	15	13	17	18	12	15	16	10	19	9	12	12	14	20	15	21	6	6	16	18	19	11	13	15	17	18	11	17	18	16	7	6	16	17	10	9	15	18	17	18	16	17	18	6	10	14	18	20	18	20	0	7	1	1	1	4	0	4	6	2	6	7	1	1	9	3	1	2	15	0	10	1	6	3	0	11	1	1	4	4	0	0	0	1	0	2	0	6	0	1	0	0	0	5	2	5	0	11	6	13	58	8	9	10	23	4	2	6	10	5	181	17	9	21	193	14	912	10	566	14	27	18	5	19	14	9	20	12	20	14	12	11	22	9	8	8	10	14	7	13	13	8	3	19	9	5	6	11	10	318	9	14	6	10	4	10	4	8	15	27	18	4	90	3	8	3	5	6	14	8	10	15	2	6	13	12	12	13	6	19	19	9	2	9	10	3	12	8	6	5	8	12	15	12	15	15	7	12	7	6	3	20	12	6	13	10	9	15	13	16	13	12	7	12	5	20	20	3	16	12	11	11	12	370	19	8	2	20	5	2	11	16	11	11	6	10	3	14	10	11	9	5	4	3	9	15	28	8	10	10	593	8	15	3	7	4	14	11	8	6	6	16	302	12	11	8	13	7	8	375	15	10	17	12	10	10	8	8	7	3	280	31	5	5	21	10	4	6	19	12	9	19	12	5	24	3	9	15	11	12	8	7	12	4	13	15	11	14	9	8	10	15	27	10	7	10	7	3	16	450	21	16	10	10	14	10	14	14	426	11	7	10	6	6	207	5	16	7	12	14	29	15	8	21	3	5	20	6	387	14	19	5	29	19	7	10	7	6	11	7	6	10	3	10	12	4	12	12	13	5	16	12	10	9	30	6	17	11	6	12	8	5	11	20	8	29	16	11	13	8	11	15	9	16	11	6	19	24	15	5	8	3	7	13	9	12	14	12	8	260	21	18	14	42	3	6	4	9	228	13	430	9	18	15	4	5	2	14	19	363	15	7	6	22	14	20	7	5	21	45	12	229	16	12	180	15	12	11	16	14	12	3	6	33	8	10	18	18	10	32	5	19	16	9	9	4	9	16	732	3	3	3	18	70	17	11	11	6	10	4	22	3	17	155	8	11	12	8	7	425	6	19	6	7	7	11	9	816	12	5	17	9	828	25	12	13	4	9	31	6	3	12
G[Ins(T):R(5,7)]A	0	4	4	0	1	0	0	1	4	0	4	3	4	3	0	3	0	9	0	1	0	1	2	0	2	0	0	3	0	0	4	2	0	1	4	2	0	0	0	0	1	1	0	0	0	0	0	0	0	1	0	0	3	1	1	6	0	1	3	0	1	4	1	2	1	0	0	0	0	0	1	1	7	1	0	0	17	0	0	3	1	0	1	4	1	1	2	5	0	2	0	2	4	2	0	1	1	3	4	8	1	4	2	4	3	2	2	1	4	2	1	2	0	2	1	3	3	1	6	12	8	3	6	2	5	0	0	0	0	0	3	5	4	5	7	2	5	3	1	4	2	1	5	1	0	3	3	2	8	5	6	2	6	3	10	2	0	0	4	0	0	2	3	4	1	3	5	2	6	9	54	4	6	4	1	3	5	7	1	2	3	0	1	4	0	2	0	1	0	15	13	7	15	8	7	12	9	15	11	11	9	13	13	9	13	13	13	12	13	14	11	8	14	10	17	5	12	9	6	13	13	15	12	8	9	12	7	6	13	13	13	4	12	6	16	14	5	7	13	0	7	0	1	5	7	0	2	4	6	3	2	0	2	7	2	3	1	4	0	6	1	5	3	0	2	0	1	2	3	0	1	0	0	4	3	0	8	0	1	0	0	0	1	5	3	0	11	10	8	71	8	9	2	11	5	2	7	4	2	130	15	9	15	262	7	586	3	543	11	11	14	2	8	10	13	12	10	17	8	5	5	23	2	6	4	5	7	13	9	7	3	6	11	6	2	12	8	4	347	12	7	7	6	5	14	8	2	8	12	15	6	79	0	13	1	5	8	11	8	7	10	1	10	9	12	7	6	0	11	11	11	3	6	7	5	12	5	2	4	6	19	30	8	6	16	4	6	3	7	5	21	10	5	7	5	6	16	3	9	5	13	3	8	4	18	18	8	4	10	5	5	20	254	19	4	2	23	3	2	6	13	11	7	3	13	3	4	10	5	0	7	10	13	5	9	19	4	11	11	459	7	7	2	9	4	8	6	8	9	7	13	326	10	11	3	0	3	2	264	13	8	10	5	6	11	16	7	2	11	221	20	4	11	17	9	6	5	13	5	7	18	5	4	5	10	7	12	8	10	9	4	4	4	13	21	7	16	7	7	2	11	20	9	3	5	6	0	19	571	14	8	8	6	2	5	8	13	386	11	6	7	5	4	180	3	9	8	2	7	18	10	8	6	3	5	20	4	277	11	9	6	13	17	10	11	12	2	8	8	10	10	2	6	10	6	18	11	14	6	3	10	7	7	11	8	6	12	2	7	7	2	6	20	7	15	5	10	11	8	7	8	10	7	16	10	12	10	10	4	11	0	2	11	4	3	8	9	5	221	13	23	9	19	7	7	1	8	189	18	456	9	11	4	6	2	0	15	16	272	13	7	4	14	5	14	5	0	17	51	10	198	14	12	120	11	6	6	5	5	7	9	6	18	12	4	12	8	9	25	9	12	12	5	2	2	5	5	518	4	0	4	12	51	9	7	15	10	5	4	16	6	13	114	7	6	8	8	3	313	6	11	5	7	4	5	8	719	7	5	11	11	589	22	7	10	3	7	17	6	3	13
G[Ins(T):R(5,7)]C	5	3	9	0	4	1	2	2	3	0	6	1	3	3	1	1	1	4	0	0	1	2	1	2	4	1	2	2	0	0	3	1	2	1	5	2	0	0	1	1	1	1	1	1	2	0	1	0	3	3	2	2	3	7	1	3	1	0	2	0	0	7	3	0	1	0	1	1	2	2	0	1	9	0	1	0	29	0	0	3	1	2	1	5	10	1	4	4	4	1	1	1	8	1	0	6	8	4	7	12	2	15	4	4	5	3	1	7	6	0	5	2	1	2	2	2	10	5	3	7	2	2	8	0	7	0	4	2	2	2	2	7	2	4	4	5	2	9	1	4	2	4	6	5	0	1	3	2	6	0	2	3	8	11	15	2	3	0	5	10	6	1	2	4	2	2	12	0	3	12	47	9	4	3	2	2	4	10	0	0	3	0	6	6	1	8	1	0	1	22	15	15	13	5	20	13	4	14	13	12	12	17	14	14	17	7	6	20	18	19	11	10	11	15	14	13	14	16	18	8	7	20	17	7	4	20	22	21	16	20	14	15	7	13	21	19	22	20	20	0	9	0	5	1	7	0	3	6	11	2	7	6	2	11	3	0	3	12	0	5	1	0	0	0	5	0	3	2	1	0	0	0	0	1	1	0	11	1	0	0	0	2	0	3	5	1	7	7	13	77	14	9	3	11	3	5	7	12	5	148	15	11	19	308	10	875	7	669	14	23	18	11	12	14	10	13	11	14	14	9	8	28	6	12	7	9	9	8	12	11	7	15	26	25	4	7	8	17	418	8	7	7	8	3	14	8	4	12	19	25	3	106	2	13	4	5	5	20	5	10	10	4	8	15	11	12	7	8	18	20	10	7	10	9	4	10	7	6	6	8	7	12	9	9	17	10	9	4	3	7	8	13	4	11	9	5	9	10	10	5	12	5	8	8	19	25	17	11	8	5	10	21	303	27	7	0	17	9	8	4	11	14	11	6	20	1	16	16	1	8	14	8	5	14	19	30	8	8	12	592	9	7	3	12	3	9	7	9	5	7	20	405	15	7	10	6	10	6	310	13	12	16	13	5	9	12	10	11	2	232	27	5	5	16	14	7	7	12	9	7	17	7	4	19	5	8	16	8	11	8	10	20	8	24	27	8	19	22	10	8	20	26	10	5	4	8	0	19	548	11	7	8	10	10	8	11	17	414	3	10	8	8	6	228	6	12	13	9	11	20	12	10	18	3	8	17	6	403	16	23	7	17	20	10	16	11	3	9	5	5	13	3	5	13	7	15	17	7	9	8	10	7	6	14	6	14	16	6	13	17	2	10	16	4	28	5	4	17	13	5	17	15	11	19	6	10	21	10	9	5	9	4	11	17	7	13	15	8	243	13	18	15	34	8	8	6	5	236	11	550	8	12	8	5	8	3	18	25	399	12	5	5	14	7	20	8	2	14	60	9	239	18	13	144	20	8	7	9	12	14	3	7	19	16	9	21	11	14	20	5	14	11	11	11	7	5	8	737	3	6	4	13	79	17	15	19	5	11	8	29	6	7	154	16	14	8	7	2	453	8	10	3	8	1	9	8	819	13	7	18	10	796	34	11	6	3	9	20	7	3	4
G[Ins(T):R(5,7)]G	7	7	4	0	1	4	1	3	1	0	4	1	5	6	3	2	0	8	1	0	0	2	4	3	3	6	2	4	0	0	2	1	4	3	8	3	0	0	0	1	1	4	2	2	1	0	0	0	6	4	3	0	3	2	2	6	1	0	1	0	0	5	0	1	1	0	1	0	0	1	1	0	9	0	1	0	25	3	2	8	1	3	1	7	6	2	9	7	2	3	1	3	5	7	0	3	3	7	4	11	6	10	7	1	5	3	1	3	5	0	7	6	1	1	1	8	0	7	5	1	5	1	2	5	7	0	3	0	2	5	2	11	5	2	2	6	5	13	0	7	2	1	10	8	0	3	4	0	5	3	6	8	10	6	14	2	5	2	5	5	1	1	2	14	4	8	4	7	3	10	54	6	4	7	1	3	4	6	2	2	1	0	8	10	1	2	4	0	2	26	17	16	18	12	10	12	11	19	5	5	10	9	16	12	23	7	7	25	20	26	9	11	14	16	11	16	12	16	11	7	7	24	19	10	10	26	8	12	20	25	18	10	8	12	26	29	12	11	23	0	9	1	2	3	12	0	4	7	6	2	9	2	3	9	2	0	2	11	1	4	4	7	5	1	6	1	2	7	3	1	0	1	1	3	2	0	6	0	0	0	0	1	3	2	3	0	11	6	12	114	16	4	9	19	10	7	5	8	7	267	10	9	21	467	11	1482	10	1033	17	14	17	16	12	17	18	20	18	29	8	15	6	27	8	8	7	7	21	7	16	7	6	15	16	18	4	13	17	9	741	11	13	11	4	3	18	14	9	17	13	19	5	193	3	8	10	6	11	13	9	4	15	3	12	6	18	12	16	13	12	14	20	7	15	9	6	17	11	4	7	7	17	17	14	5	11	15	13	1	5	8	17	8	6	10	9	22	13	15	13	4	14	6	10	15	24	26	16	18	15	15	14	28	530	20	10	2	24	7	5	12	17	17	11	4	15	3	15	12	6	8	6	10	12	11	15	27	15	7	11	1043	12	14	4	15	5	11	18	6	8	14	20	696	14	23	13	13	6	7	523	13	12	20	16	13	12	12	18	10	13	484	25	9	15	21	25	8	4	15	10	7	30	13	6	18	13	7	13	7	13	5	5	16	6	16	21	8	28	19	8	14	20	23	7	5	8	8	0	17	860	20	18	10	9	5	10	12	16	734	19	6	10	5	7	329	9	11	11	11	14	20	12	19	22	4	4	27	4	695	14	20	12	20	26	6	8	13	5	13	10	9	13	1	10	16	8	11	10	17	4	6	12	12	10	28	11	10	11	6	13	8	2	5	19	2	22	19	11	16	18	9	19	17	11	20	11	13	24	10	5	11	2	7	14	14	9	8	15	8	501	15	20	22	32	11	16	10	6	361	20	849	9	14	4	10	13	1	18	22	617	23	14	6	15	12	14	7	8	22	50	18	367	16	16	257	10	9	6	6	19	19	13	12	23	13	10	15	11	16	36	7	14	6	8	8	5	8	17	1263	2	6	4	20	74	15	15	8	4	7	10	32	13	18	245	9	20	5	9	14	720	12	11	6	13	7	16	11	1443	15	11	17	7	1388	38	15	11	3	7	39	10	0	8
A[Ins(T):R(8,)]A	5	0	0	0	2	0	0	5	6	1	3	0	4	6	0	5	1	5	0	2	0	2	0	5	5	0	0	6	3	1	8	1	5	6	16	0	0	0	1	0	0	2	0	4	0	0	2	0	3	1	0	1	3	1	0	4	0	0	3	0	1	4	0	0	4	1	0	0	0	0	1	0	10	0	1	0	9	4	0	8	5	2	0	3	4	2	4	8	5	3	2	3	5	6	0	13	6	5	2	6	6	10	6	3	4	6	1	9	5	5	4	2	0	2	2	8	3	8	8	9	10	3	5	2	9	0	3	0	5	1	7	9	3	4	2	5	6	2	0	10	4	8	7	6	0	2	8	2	9	5	3	8	16	14	12	5	2	0	2	8	1	0	7	4	15	3	12	9	2	10	58	2	3	5	7	0	8	7	2	0	4	0	4	5	1	7	7	0	7	23	13	21	25	18	25	35	17	24	24	21	23	22	29	33	30	15	14	28	27	18	22	15	33	24	28	17	34	23	23	16	16	19	27	17	14	29	23	29	16	20	12	16	16	19	24	19	27	24	19	0	6	0	4	0	5	0	1	7	8	2	14	1	3	14	2	0	2	10	0	9	1	4	2	1	5	0	1	5	5	0	0	0	0	7	1	0	9	0	1	0	0	1	2	5	1	1	29	17	29	172	14	12	14	44	17	25	19	30	16	295	29	31	47	484	26	1718	16	1226	25	22	28	13	22	30	27	29	26	44	27	30	14	54	16	28	12	17	28	25	33	20	16	25	28	24	3	28	24	26	679	25	28	18	9	6	29	14	7	38	40	43	10	263	11	13	9	16	18	31	15	19	18	4	26	19	26	24	30	12	31	23	19	16	18	14	12	26	14	16	14	16	32	36	17	15	40	21	26	14	10	18	46	25	9	25	10	20	30	29	36	18	34	11	16	20	47	45	22	27	23	18	17	38	687	42	11	0	51	12	9	24	24	21	13	11	29	12	29	18	16	15	14	18	18	26	34	54	20	15	21	1034	18	25	6	14	10	12	25	11	14	28	19	641	26	20	19	16	21	18	678	32	27	30	26	23	27	22	38	15	15	548	46	16	18	33	40	5	13	25	16	24	34	27	6	30	15	16	38	25	21	12	17	32	17	35	57	14	60	28	14	5	23	39	12	19	17	14	2	40	1218	32	35	31	22	6	17	39	27	856	26	20	14	16	16	431	16	25	18	15	28	40	19	16	41	7	17	36	16	779	23	45	18	35	51	13	29	31	10	24	21	21	17	10	23	23	4	27	28	23	14	24	26	20	29	27	17	35	30	13	23	16	7	25	38	24	64	36	23	27	23	19	18	30	29	31	16	36	54	18	9	24	7	14	32	29	12	27	39	21	582	29	38	29	51	18	15	9	10	508	42	825	14	32	15	19	17	8	46	45	639	30	17	5	46	27	30	17	7	40	83	16	514	42	13	285	35	19	29	22	37	18	11	24	70	23	14	36	20	41	61	15	32	21	16	20	16	13	26	1487	7	14	11	32	182	26	10	42	13	21	15	43	15	39	293	38	28	8	14	14	763	25	18	15	25	12	24	24	1658	23	17	38	22	1666	61	19	21	4	22	46	15	7	16
A[Ins(T):R(8,)]C	3	0	2	0	2	0	2	1	3	1	5	0	4	3	4	7	0	3	0	1	0	1	0	2	1	4	0	5	1	0	9	1	2	0	11	1	0	0	1	5	0	3	0	3	0	0	1	0	1	0	1	0	4	2	3	3	0	0	0	0	1	7	1	0	4	0	3	4	1	3	4	0	13	1	2	0	20	3	0	8	3	1	3	3	4	2	5	7	1	6	3	3	7	0	0	8	3	4	6	17	1	13	6	2	6	7	0	5	2	1	2	0	1	2	7	10	3	11	4	13	9	2	4	1	8	1	4	1	1	4	7	10	6	2	7	8	2	1	0	13	1	6	4	5	1	1	5	2	6	2	4	10	11	4	10	8	3	1	4	7	1	2	8	5	2	9	11	6	3	10	53	0	3	4	2	4	5	14	0	0	3	0	4	5	2	3	5	1	3	34	22	12	30	18	27	27	16	26	22	21	22	29	18	27	32	10	11	37	32	26	21	19	24	15	24	8	26	23	20	10	10	39	33	18	18	36	24	21	27	35	28	22	10	19	34	35	24	22	34	0	9	4	4	3	6	0	0	10	12	5	3	5	2	14	5	1	1	8	0	9	2	1	0	1	11	0	0	8	1	0	0	0	0	3	2	0	10	0	0	0	0	2	3	11	7	1	14	8	29	158	20	17	18	33	13	16	18	11	9	282	39	26	29	416	29	1606	17	1151	27	22	26	16	17	24	31	36	26	31	26	33	17	62	11	17	17	12	27	22	41	19	12	19	21	25	8	27	25	20	667	26	25	13	19	13	38	19	12	31	42	26	16	247	7	15	11	12	15	34	32	20	30	6	21	22	28	27	30	9	31	25	23	15	13	18	8	21	20	14	6	14	30	45	14	16	28	12	28	5	10	16	34	30	18	31	18	12	35	25	37	15	30	12	17	19	35	38	20	24	31	27	24	60	709	52	19	3	39	12	6	19	25	30	16	15	40	8	28	33	10	12	31	28	21	25	29	42	24	18	37	981	15	26	4	10	7	13	25	22	16	18	24	630	33	28	24	33	20	12	710	21	31	30	23	29	10	14	21	22	18	508	46	15	24	48	33	4	10	29	17	30	34	22	11	33	13	24	30	20	18	14	15	30	14	37	49	12	53	25	13	12	24	46	25	15	15	10	3	35	1063	26	26	22	21	16	17	29	28	737	26	17	17	15	24	422	14	27	24	17	25	51	22	23	31	16	9	51	9	689	38	35	15	40	41	18	18	31	16	31	13	18	21	9	21	22	4	27	31	32	15	27	25	25	32	33	10	37	41	16	28	13	2	26	36	20	49	29	20	24	28	25	25	28	34	51	12	28	66	25	13	15	17	32	27	33	10	27	38	23	545	36	35	25	66	20	18	13	7	478	32	795	14	21	14	15	8	4	45	60	626	33	16	21	35	21	33	13	10	48	92	23	489	33	11	264	41	17	15	28	32	17	17	17	54	24	24	34	16	40	71	16	42	26	12	16	11	14	23	1397	12	10	7	37	157	25	14	24	15	22	14	52	15	36	272	38	17	13	19	9	733	15	20	17	21	9	31	16	1572	19	14	41	29	1539	73	15	17	3	13	64	15	9	21
A[Ins(T):R(8,)]G	1	5	0	0	1	1	0	5	5	0	2	1	7	6	1	2	0	3	0	3	0	2	0	4	5	1	2	9	1	1	5	1	2	3	11	2	0	0	0	2	0	3	0	2	0	0	0	0	1	2	0	0	3	3	0	4	0	0	0	0	2	9	2	1	3	0	2	0	0	1	0	1	2	0	1	0	10	1	0	6	4	0	3	7	7	1	2	5	1	3	4	4	10	1	0	6	3	7	3	16	2	13	5	2	7	6	0	9	1	2	2	4	1	2	4	10	5	11	4	9	11	3	3	1	8	0	6	0	3	4	4	7	6	3	6	4	4	2	1	8	4	8	6	5	0	5	3	1	9	4	4	2	7	6	7	9	4	0	1	8	0	0	4	6	3	7	6	2	3	7	44	0	4	3	1	0	2	7	2	1	2	0	2	11	0	2	1	0	8	21	14	14	26	14	13	17	15	25	19	24	25	25	19	22	29	5	7	32	26	18	21	13	23	21	19	7	17	12	12	6	4	25	27	15	11	31	9	11	15	22	15	11	5	8	21	21	10	8	19	0	8	0	2	2	1	1	0	4	7	5	4	2	5	11	3	1	1	9	0	7	2	4	0	0	4	0	0	5	2	0	0	0	1	1	2	0	6	0	1	0	0	1	3	8	4	0	27	10	29	132	20	13	6	23	9	10	11	15	12	333	41	27	25	387	23	1773	12	1075	27	17	21	11	26	20	19	19	23	53	14	25	20	61	10	14	10	14	29	11	37	19	14	18	35	20	6	34	33	22	694	18	19	13	11	9	34	18	6	31	19	40	6	263	11	17	5	14	15	26	15	14	25	5	32	24	22	15	32	14	27	25	16	13	11	15	13	21	22	8	7	12	23	41	8	12	35	15	19	7	15	12	35	21	19	20	14	15	30	22	27	13	28	11	28	13	42	31	10	21	31	21	20	56	678	33	19	2	28	14	4	13	14	15	18	12	33	6	29	24	12	15	11	15	18	23	17	45	28	13	29	972	16	24	6	10	5	12	28	21	9	20	22	653	16	16	17	14	15	4	668	34	19	33	28	24	24	24	23	16	10	583	44	16	27	39	30	5	10	32	16	25	34	23	14	34	9	22	22	19	15	12	15	12	7	24	43	19	39	30	10	11	22	40	14	17	10	8	3	33	1011	40	21	17	22	11	11	34	27	755	28	12	12	11	26	363	17	16	15	8	17	50	18	23	35	10	14	38	16	746	25	44	14	36	36	19	30	27	11	16	13	14	25	10	21	35	5	24	28	26	18	21	23	17	30	27	14	32	21	6	27	13	10	8	43	9	49	21	20	26	21	22	22	30	33	44	17	38	41	17	7	16	10	16	26	28	4	26	30	13	617	39	35	17	60	11	17	9	15	431	33	664	12	24	15	7	16	3	33	44	602	28	25	14	28	21	37	22	15	40	71	16	430	22	18	323	24	15	13	17	27	22	18	18	65	23	20	38	21	38	65	12	21	12	7	18	14	15	15	1575	9	8	8	19	110	17	13	33	13	11	11	45	5	32	298	22	24	11	13	10	711	19	15	10	20	13	21	21	1676	34	18	35	10	1717	62	11	20	2	13	63	12	7	21
C[Ins(T):R(8,)]A	1	0	1	0	1	0	0	1	3	0	3	0	7	6	0	2	0	3	0	0	0	0	0	2	1	0	1	8	0	1	5	1	3	5	2	1	0	0	0	0	1	1	0	1	0	0	0	0	1	1	3	0	3	2	1	5	0	0	0	0	1	4	0	0	1	0	1	1	0	0	1	1	3	1	1	0	6	2	0	4	2	0	0	0	3	1	0	3	1	2	1	2	3	2	0	1	4	2	2	7	4	3	0	2	1	5	0	3	2	1	1	2	0	1	0	8	2	5	3	5	6	2	1	0	2	0	0	1	1	1	1	8	1	0	5	1	3	1	0	7	1	5	1	3	0	1	2	0	2	0	0	3	8	2	5	2	0	0	1	4	1	0	2	5	2	2	3	0	1	7	35	1	1	4	0	1	0	7	1	0	2	0	0	3	0	4	1	0	0	13	9	2	9	10	9	12	10	8	4	9	9	9	12	12	12	5	5	13	14	9	9	10	12	10	11	5	10	12	9	5	5	15	14	9	10	14	8	14	13	13	8	13	5	11	14	11	12	13	12	0	4	0	3	0	8	1	1	5	1	1	6	3	2	4	1	0	0	4	0	5	0	1	0	0	3	0	0	2	2	0	0	0	0	2	2	0	4	0	0	0	0	0	1	0	0	1	18	3	13	74	11	7	11	14	8	9	6	9	7	173	16	13	21	228	7	919	5	585	12	14	9	8	7	14	11	13	9	21	8	9	9	29	9	10	9	9	16	14	15	5	6	12	19	15	1	13	10	14	391	8	12	7	10	5	13	9	5	19	20	17	8	154	7	10	3	10	11	21	10	10	14	3	11	9	9	11	11	4	13	11	20	10	6	7	4	9	15	8	3	10	16	26	12	5	11	3	8	4	3	6	21	16	9	13	4	15	16	14	21	7	20	5	11	9	20	19	13	9	19	7	13	34	347	22	4	0	29	10	5	12	8	17	14	4	17	10	13	13	8	6	11	12	15	19	19	35	9	11	15	599	8	9	6	12	2	8	17	11	7	12	16	376	11	15	11	8	5	7	353	8	9	18	9	14	15	18	12	13	15	314	28	6	15	19	23	11	3	16	6	21	28	13	8	20	9	16	11	10	10	10	5	22	11	22	24	3	27	15	5	9	13	17	8	11	7	7	4	25	830	18	8	15	10	7	7	13	17	467	11	6	9	3	10	213	6	6	7	10	17	24	22	18	15	7	5	25	5	401	18	18	11	19	32	9	14	19	5	14	7	9	18	4	10	11	9	15	12	22	11	9	10	5	5	12	7	12	13	1	12	13	6	7	19	12	20	17	6	10	20	13	12	21	16	22	10	16	21	12	4	9	5	10	15	21	6	16	10	7	326	16	26	13	23	11	14	5	7	242	19	413	5	13	4	11	12	8	14	31	348	12	13	7	22	9	15	7	9	40	49	10	248	9	7	172	24	15	8	6	19	14	10	12	28	9	9	20	15	10	29	10	14	8	3	11	9	8	10	762	5	4	6	14	68	15	6	19	5	7	7	29	8	21	136	7	11	9	8	7	438	11	14	8	12	7	10	22	907	12	14	25	10	834	25	6	8	3	6	21	8	2	10
C[Ins(T):R(8,)]C	2	1	1	0	6	0	0	2	1	0	2	0	4	5	0	3	1	5	0	0	0	0	0	3	4	1	0	4	1	0	3	0	8	1	4	1	0	0	0	0	0	1	0	1	0	1	0	0	3	2	0	0	3	4	0	3	0	0	3	0	0	7	0	1	1	0	0	2	0	1	0	1	5	0	1	0	8	3	0	3	3	0	0	3	7	4	1	12	0	1	4	1	3	2	0	4	8	3	4	5	2	11	5	0	4	6	1	2	1	1	4	0	1	0	3	0	3	3	6	5	8	0	0	2	6	1	2	0	1	1	5	3	9	0	2	2	3	1	0	6	1	6	3	4	0	0	1	1	5	0	2	2	7	11	6	4	3	0	5	5	3	1	1	3	1	2	9	1	5	7	35	1	4	4	1	0	4	4	0	1	2	0	1	6	1	3	2	0	3	19	13	9	17	14	13	11	13	17	13	9	10	7	11	12	20	14	16	24	26	12	8	14	10	13	11	8	8	13	12	14	14	19	30	12	13	23	11	13	13	19	12	11	15	10	16	19	14	10	13	0	8	0	1	2	8	0	1	4	7	2	3	1	0	10	1	1	0	9	0	8	3	3	2	0	4	0	0	4	1	0	0	0	0	4	2	0	5	0	0	0	0	1	3	6	0	0	20	10	15	94	12	9	6	23	5	8	7	8	8	226	22	11	25	301	9	1185	14	826	11	16	18	9	15	8	18	19	14	33	12	10	7	56	3	9	4	16	9	5	9	18	5	12	20	16	6	18	17	14	537	18	18	5	7	5	27	10	5	24	24	21	7	204	3	5	1	6	14	17	12	10	19	7	19	11	14	20	14	8	20	9	15	12	11	13	10	13	14	12	6	8	27	22	14	7	20	11	10	1	9	14	33	21	8	14	7	8	17	21	21	5	18	10	12	10	13	21	17	19	14	9	11	30	469	30	5	1	29	4	8	7	9	22	8	5	20	3	25	29	13	9	13	11	14	29	16	33	13	11	17	712	8	7	4	8	4	12	11	9	11	12	20	514	17	15	12	13	12	9	465	21	13	18	19	12	11	20	21	16	7	414	35	11	9	30	27	7	6	19	23	11	19	17	8	17	3	9	18	9	14	9	8	15	7	21	41	9	29	25	12	12	18	28	4	12	10	5	3	31	885	16	17	12	13	5	17	26	20	516	17	3	8	6	8	284	11	13	15	6	11	38	16	20	23	7	7	27	7	515	15	31	6	21	21	11	18	13	9	12	10	8	23	2	16	11	6	14	18	16	7	13	13	17	13	19	12	18	15	8	19	2	4	2	29	11	32	20	15	21	13	16	18	21	17	19	12	24	34	18	7	7	3	16	18	14	5	19	18	11	460	26	27	12	36	8	19	7	7	344	20	494	7	15	10	5	12	4	24	24	391	19	14	13	23	14	16	12	9	25	59	12	355	13	19	219	23	9	16	8	25	12	13	11	39	14	11	16	19	21	37	11	9	5	6	13	11	8	13	997	6	7	5	18	109	11	13	22	12	6	5	38	11	22	188	16	14	9	15	6	456	13	19	9	19	4	15	12	1132	12	11	23	8	1088	33	10	18	3	8	24	9	6	10
C[Ins(T):R(8,)]G	1	1	3	0	3	1	0	1	3	0	1	0	1	1	1	6	0	1	0	0	0	1	3	0	0	3	1	2	0	0	3	0	3	5	7	2	0	0	0	4	0	0	0	1	0	0	1	0	7	5	0	0	3	4	0	1	0	0	3	0	0	5	1	1	1	1	1	0	0	2	1	0	6	0	3	0	8	1	0	8	2	0	1	2	4	0	0	3	0	6	1	5	7	0	0	4	1	2	3	5	0	10	5	3	3	7	0	3	1	2	1	0	0	1	3	6	7	8	4	8	10	3	3	2	2	0	3	0	1	0	1	2	5	4	7	3	4	0	0	6	1	8	4	5	1	2	3	2	6	1	3	3	5	7	6	5	4	0	2	5	1	0	3	7	4	2	8	9	2	5	40	0	4	3	1	0	1	5	0	0	5	0	1	4	2	2	2	0	2	22	14	12	16	17	19	31	14	16	15	14	17	15	20	29	19	9	9	15	19	17	13	11	27	17	27	8	31	24	22	9	9	25	18	16	14	14	19	16	14	21	13	20	9	16	17	21	20	19	18	0	9	2	2	5	6	0	1	6	3	3	8	1	5	10	0	3	0	5	0	3	1	3	0	0	5	0	0	5	2	0	0	0	0	2	1	0	9	0	0	0	0	0	1	7	3	0	30	4	16	109	9	13	10	25	9	8	6	9	7	280	32	11	26	320	12	1444	11	899	14	15	11	8	15	16	15	21	11	34	17	11	10	42	11	10	13	8	12	11	16	11	9	19	16	15	5	21	8	11	667	17	12	12	11	8	21	13	9	21	22	16	11	247	9	11	7	9	10	26	18	11	22	4	18	23	11	16	17	10	13	23	9	7	10	12	8	16	13	7	2	8	23	36	24	7	20	10	11	7	8	10	23	11	5	20	4	14	17	21	34	10	18	2	14	12	28	30	14	16	11	15	18	27	555	15	9	0	31	14	6	13	11	16	9	10	16	3	23	16	11	11	11	11	4	17	16	32	22	11	15	874	10	15	6	10	7	10	17	16	6	12	14	625	21	8	17	10	10	10	542	16	8	16	17	14	8	17	14	7	8	527	39	10	23	24	25	9	3	18	18	13	27	27	11	25	9	10	18	12	4	5	6	15	8	23	41	13	25	23	9	7	16	31	6	8	6	7	3	26	1066	16	23	11	12	10	10	18	21	693	16	9	15	4	8	368	11	16	10	13	12	41	10	17	20	6	4	31	7	589	11	29	7	21	28	16	16	18	4	14	9	9	13	7	10	15	7	20	13	17	9	13	14	14	18	24	11	22	23	4	27	13	6	6	28	12	34	21	11	24	11	20	16	26	10	31	9	14	37	10	3	13	14	20	18	16	6	27	15	17	575	28	28	19	39	4	15	5	10	432	22	548	9	16	8	7	10	5	17	31	494	30	16	7	27	15	28	10	5	16	48	11	443	20	11	294	32	9	10	12	21	14	12	9	46	15	17	23	14	20	48	13	13	8	12	19	6	8	16	1222	3	6	3	18	104	17	9	19	6	6	13	45	16	19	227	22	12	3	6	9	626	16	15	13	13	10	14	14	1424	14	17	27	18	1348	48	8	16	4	11	38	12	6	18
G[Ins(T):R(8,)]A	4	2	0	0	3	1	1	1	1	0	1	0	1	1	1	3	0	3	0	0	0	1	0	2	0	3	0	2	0	0	1	0	4	0	6	0	0	0	0	1	0	0	0	1	3	1	0	0	0	1	1	0	0	3	1	2	0	0	3	0	0	2	1	0	5	0	1	0	0	1	0	0	6	0	3	0	7	3	0	3	0	1	2	0	5	2	2	2	3	1	2	1	2	0	0	2	3	2	2	8	2	8	5	0	4	1	0	1	3	2	1	0	0	1	0	3	0	2	5	2	4	0	1	1	3	0	1	0	0	2	0	1	1	2	3	2	0	0	0	7	1	3	2	2	0	0	1	0	4	0	3	5	4	2	3	4	1	0	2	6	1	1	3	4	1	0	4	1	2	2	31	0	2	1	0	1	0	2	0	0	0	0	2	4	1	1	0	0	4	17	15	7	10	17	6	8	13	10	12	11	10	15	6	7	9	5	7	9	14	15	12	12	7	7	8	7	8	7	5	5	6	19	11	14	14	11	6	7	11	17	11	4	6	5	18	21	7	4	17	0	6	0	1	1	7	0	0	3	4	6	3	2	1	10	0	0	1	6	0	3	1	3	0	0	4	0	0	3	0	0	0	1	0	0	1	0	2	0	0	0	0	0	0	6	2	1	13	3	13	102	11	11	5	16	6	4	5	9	6	181	13	14	14	263	11	905	8	723	14	14	18	5	13	11	15	15	24	33	14	5	7	32	10	7	6	8	10	7	26	7	12	10	19	17	7	9	9	12	481	10	7	5	7	6	20	13	2	13	17	14	9	161	2	8	1	2	6	21	13	10	16	5	8	12	25	7	10	10	12	21	14	2	11	7	3	8	7	4	2	5	17	19	13	12	21	15	8	8	5	10	20	14	9	14	12	11	16	13	14	7	16	3	8	14	19	26	16	17	15	12	11	19	370	26	6	4	18	5	4	10	13	11	14	5	22	6	11	11	10	7	8	16	7	13	7	18	5	5	9	600	5	7	4	4	4	12	17	9	8	2	11	456	16	8	5	13	9	12	375	10	6	19	15	18	10	17	12	5	8	383	24	9	8	17	11	3	8	10	12	16	18	15	8	11	8	12	16	13	8	4	4	19	4	17	24	9	18	14	5	4	7	15	8	4	2	14	0	12	780	23	9	10	13	7	7	14	24	461	16	4	7	9	8	217	10	11	10	7	18	21	12	8	22	3	6	24	6	377	16	15	2	27	23	8	12	14	2	9	6	8	12	5	5	18	3	15	13	13	9	13	7	6	12	20	9	15	12	2	13	10	6	12	31	9	31	13	14	8	7	8	6	6	18	15	16	12	21	11	5	10	5	12	14	17	8	13	19	10	393	16	17	16	12	7	6	10	7	267	14	516	11	10	8	4	9	5	24	16	351	18	15	6	24	9	10	10	4	16	42	13	267	9	11	188	21	10	9	12	23	8	9	3	32	16	8	15	11	12	29	7	15	5	5	15	6	4	13	788	6	7	3	17	79	10	3	19	8	6	5	20	13	11	148	17	15	6	10	8	418	7	12	8	14	11	16	11	966	18	11	23	6	884	22	12	10	4	13	30	11	5	12
G[Ins(T):R(8,)]C	0	1	1	0	1	0	0	0	2	0	4	0	1	0	0	2	0	2	0	0	0	0	0	1	1	0	1	1	0	0	6	1	1	1	2	1	0	0	2	0	0	2	0	1	0	1	3	0	0	0	0	0	0	1	0	1	0	0	1	0	0	2	1	0	0	1	0	1	0	1	0	0	6	0	2	0	11	0	0	0	1	0	0	3	7	1	0	7	0	3	5	1	3	1	0	3	6	3	2	4	3	9	2	0	4	2	0	2	1	1	1	2	0	0	3	3	4	5	3	5	1	2	3	1	3	0	2	0	2	0	6	3	0	0	3	4	2	2	0	9	2	5	3	4	0	0	5	1	0	1	2	0	10	7	3	6	5	2	2	1	2	3	1	1	2	3	5	4	2	5	23	4	3	1	2	1	1	2	0	0	1	0	3	7	4	1	0	0	2	13	7	6	8	6	14	7	4	8	11	13	15	14	13	7	16	8	8	16	10	13	14	4	14	13	4	3	7	6	17	8	8	15	10	5	2	19	11	13	8	14	6	6	8	11	12	13	13	14	9	0	2	0	5	2	2	0	1	3	2	1	3	0	2	7	0	0	0	1	0	1	1	6	1	1	4	0	0	2	1	0	0	0	0	4	0	0	7	0	1	0	0	1	1	2	2	1	12	3	19	105	5	7	8	22	9	13	5	9	5	212	22	11	17	289	8	1059	11	815	16	18	16	7	17	15	16	23	19	22	16	18	7	47	8	6	13	5	12	11	20	4	9	15	17	18	7	13	21	11	521	17	10	10	7	5	26	9	12	10	17	28	3	167	4	7	2	7	8	18	5	13	14	7	13	12	19	11	9	9	18	20	15	13	7	6	6	12	12	5	6	9	19	31	12	12	27	8	6	1	7	5	20	8	5	11	8	10	14	10	24	4	17	3	7	10	22	21	11	13	13	10	20	37	486	21	9	5	24	9	1	10	12	15	6	2	22	4	19	15	9	6	10	12	4	12	17	19	19	11	12	665	8	16	4	14	4	5	17	10	7	6	21	494	15	12	9	13	13	10	472	17	9	16	12	13	10	15	10	11	11	382	24	8	16	23	21	7	7	18	7	13	19	10	4	17	9	10	14	9	11	9	8	17	6	19	27	8	19	12	11	6	21	7	8	12	7	9	0	23	800	18	17	10	14	3	11	10	21	506	9	7	8	8	6	249	9	15	10	10	14	25	13	14	21	4	10	29	4	468	16	20	5	30	19	13	11	19	4	8	8	7	13	1	11	13	5	21	18	12	15	14	13	11	16	18	8	10	10	5	14	11	8	10	21	8	39	12	9	14	16	8	19	18	18	26	6	21	24	14	3	12	8	10	20	19	4	17	20	11	410	19	20	12	21	7	10	8	10	313	14	555	11	15	9	6	12	1	18	26	428	20	13	3	23	8	20	6	8	19	54	13	311	14	13	205	14	15	13	8	12	10	10	5	39	14	15	20	11	14	37	14	20	10	6	7	8	5	6	891	3	4	3	22	84	11	12	16	5	14	7	22	10	17	167	15	12	3	4	5	506	7	12	10	10	5	12	12	1097	11	11	16	10	1012	29	7	6	5	10	32	8	3	11
G[Ins(T):R(8,)]G	0	0	0	0	2	0	0	3	1	0	1	1	1	1	0	2	0	2	0	0	0	0	0	1	0	1	0	3	0	0	0	1	1	2	7	0	0	0	0	0	0	1	0	2	0	1	0	0	2	1	1	0	1	3	0	2	0	0	0	0	0	2	1	1	4	1	1	0	0	0	1	0	2	0	0	0	7	1	0	3	0	1	0	2	2	2	2	1	2	3	2	3	4	1	0	0	3	1	3	13	3	6	3	2	5	11	1	5	2	2	5	0	0	0	2	6	3	6	3	4	7	0	1	0	4	0	3	1	0	1	2	2	4	0	5	1	1	2	0	4	2	2	5	3	0	0	4	1	3	1	3	2	6	4	2	1	3	1	1	2	0	1	2	2	3	1	10	2	1	2	26	2	3	2	0	1	4	5	1	0	1	0	2	5	1	6	1	0	0	20	15	7	7	16	10	23	11	7	13	10	12	12	15	21	16	11	9	28	9	15	11	8	16	14	22	5	22	10	12	11	9	20	11	11	10	27	11	12	14	25	15	11	9	8	18	22	12	11	13	0	3	1	2	1	3	0	2	2	3	4	6	2	2	7	0	1	1	3	0	5	0	4	0	1	1	0	0	6	1	0	0	0	0	2	0	0	3	0	0	0	0	0	1	3	0	0	32	7	14	135	11	9	14	20	7	12	6	8	10	250	20	15	17	398	6	1505	13	990	21	14	19	10	15	13	16	24	18	19	17	15	15	43	10	6	3	8	15	13	17	12	7	14	29	21	5	34	12	11	653	16	10	7	8	5	18	10	4	22	23	20	8	243	7	13	6	6	9	17	9	8	22	3	34	12	19	11	23	5	22	21	11	15	14	12	10	20	13	7	4	8	15	29	13	6	20	9	7	7	8	6	22	22	9	9	7	17	13	13	18	10	22	4	8	12	18	25	10	20	21	16	14	43	561	21	7	3	39	8	2	9	10	24	14	4	23	7	17	9	10	10	8	6	12	12	23	28	14	11	24	870	8	15	1	4	3	9	23	11	7	10	26	621	16	10	10	5	11	8	557	12	11	12	12	18	15	12	17	9	15	544	28	5	7	25	13	9	12	24	9	14	27	19	9	16	13	10	6	7	12	5	9	22	5	29	32	10	23	19	8	7	22	27	13	10	6	6	0	29	1036	20	23	16	11	3	11	17	25	649	13	6	5	14	10	320	6	14	12	11	7	28	11	17	31	11	11	24	4	628	16	27	9	16	20	11	9	23	6	13	8	16	15	8	11	15	9	19	16	16	13	15	8	11	18	8	7	19	15	7	21	7	7	17	22	9	22	15	14	16	18	6	21	17	23	23	6	20	49	19	7	12	7	9	12	10	8	25	16	16	644	20	14	14	24	8	14	6	11	413	24	596	14	19	12	5	11	4	20	25	453	23	11	6	19	14	15	11	9	29	54	20	431	10	6	246	21	14	19	7	13	6	12	8	48	18	13	15	10	19	31	8	15	10	10	4	8	6	10	1295	3	5	10	22	98	9	11	13	8	16	11	28	9	16	205	14	16	6	13	14	575	9	12	8	14	5	18	11	1436	16	10	22	6	1429	40	12	18	1	4	30	9	1	15
Del(2,4):R1	8	18	2	0	4	2	3	7	9	0	4	3	5	3	1	6	4	3	1	2	4	2	3	5	5	2	3	3	2	1	2	0	3	8	8	1	0	1	1	1	0	5	2	2	1	1	0	2	9	4	7	0	2	5	4	2	0	0	6	0	2	11	1	3	5	6	1	4	0	3	3	1	8	3	5	0	9	1	1	6	3	17	6	9	10	2	2	14	9	2	11	10	7	4	0	12	18	8	4	11	7	3	12	5	4	11	2	11	13	3	11	4	3	7	6	4	15	12	5	7	3	14	7	5	3	2	4	3	6	5	5	8	6	3	18	8	5	3	1	12	3	5	15	3	0	10	5	6	3	3	7	8	11	11	11	5	3	1	8	8	3	3	2	8	7	4	7	3	5	11	15	32	8	4	5	9	2	7	2	10	8	0	4	8	6	11	7	3	6	9	5	46	10	10	17	30	10	7	54	52	53	54	12	31	59	19	17	71	12	7	55	29	10	12	32	43	28	15	16	19	24	6	8	11	11	58	15	14	5	6	6	12	19	14	7	6	15	15	6	0	11	11	6	8	11	2	8	11	11	10	10	5	3	10	2	1	3	10	2	6	5	6	4	4	5	0	4	10	6	0	0	5	3	9	5	0	9	0	1	0	4	6	13	4	7	1	13	21	17	35	5	18	5	27	10	27	26	68	13	80	9	16	14	84	20	512	23	302	34	8	28	12	10	10	16	10	37	20	19	19	18	14	11	11	10	68	10	8	19	8	5	9	23	17	12	14	20	4	260	37	28	14	9	18	21	6	12	11	11	24	14	114	7	6	12	10	36	24	49	8	15	15	16	40	38	14	33	6	10	49	15	8	45	34	10	15	51	19	7	22	22	24	26	9	21	16	20	5	17	6	21	32	21	13	4	21	70	32	14	13	16	18	32	7	15	54	17	18	28	14	7	17	271	17	32	5	19	39	13	8	30	16	21	5	21	17	14	8	18	22	9	6	8	25	10	19	13	7	13	304	10	9	8	9	12	3	14	28	9	11	22	248	17	13	36	11	11	5	226	10	17	17	22	32	16	10	21	26	8	150	12	27	5	80	24	25	9	12	46	21	44	24	15	14	10	17	10	9	9	13	12	17	18	16	15	53	22	10	16	19	23	20	14	14	21	25	6	20	97	51	18	9	18	50	35	47	13	305	12	15	13	17	9	63	24	21	17	15	26	39	116	10	15	14	13	15	11	131	9	15	3	11	9	17	19	14	16	34	6	27	13	6	24	13	27	19	10	49	9	14	29	15	27	83	19	61	34	19	50	15	6	18	36	9	12	18	12	20	20	19	26	20	15	18	7	11	22	14	9	4	7	7	9	18	31	21	11	49	170	11	15	23	13	10	10	20	32	98	11	201	15	12	12	11	10	12	16	18	107	41	14	7	15	14	16	14	15	15	28	28	100	10	8	80	16	10	5	16	50	12	41	5	26	12	11	17	10	10	16	40	18	13	13	15	11	21	44	438	4	14	11	13	25	8	17	19	13	19	8	20	8	14	34	15	30	12	14	22	136	12	11	12	12	13	13	14	449	17	13	7	51	575	31	42	17	10	24	17	19	8	11
Del(5,):R1	4	12	5	0	7	5	3	1	9	0	12	1	15	13	2	5	3	9	3	2	2	1	4	9	7	4	0	12	4	4	3	2	9	4	11	2	0	1	0	2	4	6	0	3	2	1	0	2	9	7	6	4	9	0	1	7	0	2	10	1	2	21	3	3	5	2	1	3	0	1	2	3	3	0	6	1	5	4	2	10	4	5	4	5	15	8	5	18	3	7	8	9	5	13	0	9	32	7	7	10	17	13	6	6	12	9	2	8	11	9	23	6	3	5	9	4	11	7	3	9	6	5	8	4	7	4	5	8	13	9	9	15	6	2	30	16	8	5	2	14	5	11	11	5	2	5	4	13	6	5	14	9	10	17	3	3	11	3	10	7	3	2	4	9	7	6	9	7	8	15	18	7	5	7	3	11	7	6	4	2	13	1	5	11	9	10	5	1	9	7	8	54	16	16	21	29	15	13	90	90	93	96	13	29	200	133	146	217	20	6	90	36	12	13	31	55	28	20	17	133	132	7	17	15	15	226	20	17	8	5	7	19	136	23	5	5	23	17	8	0	12	17	16	14	6	1	11	8	14	9	19	6	11	17	6	5	5	15	5	8	7	4	2	3	7	1	5	8	8	0	1	7	1	5	3	0	14	0	2	0	7	5	12	11	7	2	32	60	23	13	26	22	20	40	18	30	69	106	20	85	28	50	14	28	24	52	90	31	89	13	44	9	9	12	17	17	49	48	19	13	63	16	16	23	17	118	16	51	19	18	8	17	23	30	31	15	27	5	39	118	71	10	27	31	34	10	17	27	19	19	21	49	9	21	18	14	135	30	122	11	14	41	72	58	67	8	83	29	46	196	19	18	23	47	17	48	161	28	14	40	21	14	29	10	32	22	36	8	22	17	25	89	45	19	14	118	264	59	38	53	37	86	96	15	16	55	8	25	63	22	12	20	56	28	69	4	70	14	11	45	71	41	18	19	26	10	25	21	39	42	53	14	14	36	21	11	11	16	24	73	5	26	50	7	5	6	17	50	42	68	19	37	13	23	53	15	14	20	40	31	27	56	87	87	36	16	34	96	12	45	11	96	14	132	26	87	23	22	89	18	64	36	52	35	21	10	13	27	15	19	26	35	27	45	29	121	18	27	47	51	53	35	17	42	81	74	38	44	145	72	25	29	26	67	88	82	33	56	28	78	14	15	24	157	76	53	39	32	59	199	283	63	20	23	50	51	36	31	21	34	45	55	28	25	32	28	96	77	9	59	30	11	89	12	98	43	49	57	9	15	21	13	92	60	94	148	126	101	168	13	6	34	101	10	47	26	26	26	37	35	147	52	23	49	15	27	31	47	31	20	21	10	14	25	164	41	12	61	27	14	19	24	10	11	9	26	24	30	17	25	26	19	21	20	23	9	21	36	29	34	39	16	45	47	49	74	38	39	51	45	236	14	19	68	15	21	16	25	162	23	118	10	22	14	20	27	14	11	22	76	29	29	15	32	17	19	64	43	3	23	70	14	33	13	21	31	11	16	13	34	12	22	23	22	68	7	32	106	28	30	26	42	22	21	38	40	69	40	25	27	64	110	78	23	11	14	82	42	15	13	19
Del(2,8):U(1,2):R(2,4)	9	53	7	0	7	2	4	6	6	2	2	1	3	5	1	5	2	5	0	3	1	0	2	1	2	3	0	5	6	4	6	0	5	3	12	0	0	2	1	0	3	2	0	1	1	0	2	2	8	8	3	2	3	8	4	2	0	1	7	0	1	9	1	1	1	1	1	3	2	1	2	2	8	1	3	0	10	3	3	6	8	10	11	10	9	6	3	11	1	8	6	10	1	9	1	12	12	8	9	10	4	14	8	5	3	13	2	9	9	10	6	8	5	5	4	4	13	4	6	8	6	6	3	4	12	0	2	5	10	6	11	6	13	4	10	15	18	3	2	10	5	3	7	4	1	10	8	7	6	8	13	4	10	10	9	8	2	5	6	8	11	15	4	5	5	6	12	11	7	22	10	66	7	12	4	5	4	20	3	5	4	0	6	9	3	9	7	1	9	14	12	31	21	8	16	30	7	23	34	31	29	32	10	28	40	15	14	47	27	10	34	13	11	18	33	28	31	19	16	14	14	12	25	9	6	57	15	15	13	12	13	18	14	18	13	11	17	16	14	0	3	7	13	9	5	2	7	5	7	12	10	2	4	17	4	2	5	16	4	15	5	6	3	5	6	1	1	23	3	0	1	1	2	9	4	0	11	1	6	0	1	3	8	3	4	1	20	17	18	122	10	22	2	28	17	27	23	36	15	93	20	18	18	195	12	848	16	854	23	14	28	9	10	25	13	14	29	26	17	27	14	22	13	17	19	37	18	15	21	13	12	10	10	19	10	29	39	19	533	30	29	15	16	11	24	19	14	14	24	27	18	231	10	8	23	15	33	27	32	14	12	13	24	30	28	18	31	18	20	54	22	23	98	25	13	19	31	9	11	29	29	36	17	21	21	22	18	12	21	11	31	15	20	19	15	31	90	24	24	15	18	14	24	10	14	32	25	28	17	19	10	21	553	17	35	1	22	109	9	11	24	18	14	9	18	16	19	13	14	7	14	14	15	24	12	25	16	15	17	795	12	13	5	15	13	5	15	19	9	22	26	510	21	22	29	10	20	12	519	18	23	20	27	18	16	14	19	20	12	350	16	22	9	47	21	30	20	16	40	28	44	24	15	20	20	22	12	19	17	14	11	6	13	15	29	29	34	10	21	19	28	24	17	19	14	21	7	31	103	39	20	13	24	32	34	30	19	757	23	21	23	24	10	130	21	18	21	21	29	43	77	24	16	13	8	15	9	431	16	21	10	15	25	15	18	20	21	31	14	25	14	7	34	26	28	18	21	42	12	15	32	13	20	201	15	49	35	19	50	16	2	15	41	15	19	22	17	18	21	26	27	21	24	32	5	24	21	19	14	17	15	16	9	28	50	22	19	23	346	26	14	21	21	11	18	25	77	184	19	606	16	25	12	17	14	10	29	25	321	25	30	5	21	12	22	16	17	23	30	20	177	19	16	95	27	13	10	12	33	16	34	15	27	23	13	31	15	11	29	22	19	10	12	16	8	10	25	846	6	15	14	18	43	20	22	26	15	14	8	26	17	15	193	10	22	16	15	27	347	15	10	15	14	12	25	12	675	20	15	16	279	1014	28	101	14	5	8	41	16	17	20
Del(2,):U(1,2):R(5,)	0	5	39	11	19	7	2	1	2	0	0	1	0	0	0	0	0	0	0	2	1	2	1	2	1	0	1	0	1	1	1	0	1	0	2	0	0	0	1	0	0	0	0	0	0	2	0	0	1	1	1	0	0	0	1	2	0	0	2	0	0	3	1	1	0	2	0	0	0	0	1	0	5	0	0	0	1	0	0	7	2	3	16	9	34	7	1	12	4	1	13	12	10	3	3	1	3	1	10	2	9	12	13	4	5	1	3	9	11	8	6	3	4	11	9	15	4	2	10	5	6	11	10	5	11	6	4	9	6	10	6	1	10	9	2	3	4	3	7	13	5	7	8	10	13	9	20	4	7	7	4	1	9	8	3	10	8	8	6	0	2	17	8	8	19	1	2	7	6	7	10	23	8	4	8	20	13	9	5	23	8	4	6	15	12	2	7	1	8	4	2	8	2	1	3	5	2	3	9	11	11	12	8	6	13	13	10	16	6	4	11	2	7	6	6	7	5	3	4	11	11	4	4	2	1	18	2	3	3	4	3	4	12	5	4	4	3	3	4	0	1	3	0	3	4	0	0	3	2	2	8	1	1	7	0	0	0	3	0	2	0	1	0	0	1	0	0	5	3	3	4	3	1	1	1	5	9	1	2	2	1	0	4	3	6	0	8	4	10	375	7	6	7	10	5	14	3	10	7	99	4	5	10	473	7	3164	12	3155	12	4	16	3	7	5	9	7	11	4	10	9	8	18	18	1	13	32	8	4	3	10	7	18	8	17	6	8	15	5	1503	24	12	8	13	6	11	6	2	13	12	20	7	314	6	9	9	8	16	16	23	11	13	7	1	14	6	6	16	6	4	16	2	14	17	14	5	10	21	8	6	7	12	30	8	3	4	11	8	5	7	9	17	20	7	10	7	8	63	20	10	4	14	10	11	8	14	10	8	13	12	6	5	13	2499	10	16	0	12	17	7	4	8	7	7	3	3	9	18	16	9	6	5	6	2	11	7	11	10	4	7	3058	7	10	3	2	7	5	11	11	12	8	18	1440	12	8	8	8	9	8	2404	14	10	8	7	10	6	10	9	6	8	911	10	6	6	33	15	9	8	10	10	17	25	15	4	14	3	16	9	15	6	9	6	5	6	6	21	12	14	3	7	9	17	11	6	7	8	8	3	20	224	14	9	8	9	13	8	13	14	2310	8	8	10	11	4	194	6	13	7	12	13	26	16	11	18	13	9	13	7	1416	9	5	5	6	13	7	13	6	14	11	4	9	7	2	21	14	12	9	9	18	13	6	16	7	9	70	6	14	7	15	24	14	4	4	17	4	12	15	3	7	15	9	16	11	3	11	3	10	17	14	7	3	8	10	8	6	15	9	2	16	1003	17	3	16	8	2	7	6	14	284	10	1853	10	4	2	4	8	12	22	13	1010	18	7	8	13	12	13	3	10	7	23	7	275	5	3	102	9	7	7	11	12	4	14	6	23	6	5	8	3	2	16	5	3	2	8	7	8	3	13	2769	0	3	4	11	21	9	9	19	10	9	7	7	5	4	401	9	11	8	9	10	1204	8	8	6	9	9	8	9	2626	11	6	8	77	3530	22	14	12	6	10	20	7	8	16
Del(3,):U(3,):R2	2	10	15	0	6	5	8	9	5	1	6	2	10	10	5	10	3	5	1	2	1	4	3	7	4	4	3	10	5	2	4	2	6	8	15	4	0	0	2	6	1	2	1	2	0	0	5	0	8	6	3	1	9	4	2	7	0	2	5	1	2	8	0	2	0	3	4	4	2	3	0	3	7	2	5	0	7	5	0	12	4	7	8	5	6	3	3	15	7	10	7	2	7	7	2	9	15	3	10	8	5	11	9	9	5	10	5	4	8	13	16	7	3	1	3	4	16	6	1	9	8	3	4	3	3	1	4	2	5	5	9	4	9	4	12	10	21	2	2	13	4	9	11	9	0	6	4	2	5	0	11	3	5	11	9	3	5	2	5	13	5	3	8	8	7	7	14	7	4	9	12	17	4	6	2	2	7	7	5	4	3	0	6	7	7	6	4	1	9	16	14	19	22	13	18	27	13	22	21	23	25	24	14	31	34	10	12	39	26	16	27	11	16	10	38	13	27	15	17	11	13	14	26	11	12	37	17	18	12	15	11	13	13	21	15	15	19	17	13	0	4	10	9	7	7	1	3	4	8	15	14	6	4	9	4	5	5	8	5	8	7	6	3	8	5	0	4	10	5	0	0	4	0	3	7	0	6	0	3	0	3	5	3	10	5	3	11	19	14	92	13	7	14	18	6	20	21	23	8	20	13	16	15	108	20	338	21	431	16	16	23	8	11	16	25	15	22	20	34	22	23	17	8	18	15	49	10	7	12	10	11	14	9	18	16	11	20	13	293	28	24	9	16	14	13	14	10	12	22	30	15	48	5	11	16	14	29	19	38	15	19	16	12	17	23	14	21	12	17	48	16	17	22	23	8	22	44	14	10	20	17	26	15	16	15	11	14	5	9	12	17	38	12	9	9	18	111	13	19	15	22	14	24	12	16	14	24	25	21	17	9	27	154	23	20	4	25	22	9	23	20	13	26	11	13	17	17	15	8	13	17	17	12	26	7	20	15	6	15	275	9	6	10	9	14	10	15	17	13	7	28	286	17	19	19	14	9	15	147	21	12	12	16	28	20	14	13	17	13	230	19	31	17	23	13	30	13	13	20	32	18	24	12	18	16	34	12	14	10	9	17	11	17	12	25	29	35	6	17	10	26	21	16	20	20	17	7	21	60	36	20	16	32	22	22	28	13	372	21	24	17	16	7	35	37	27	18	14	17	63	27	24	14	4	11	17	2	194	9	5	3	18	16	8	14	16	17	10	11	27	13	13	17	16	29	10	17	37	18	5	21	18	27	24	8	39	33	26	53	10	6	8	26	9	22	19	9	12	17	23	26	16	19	25	8	12	30	12	16	13	9	15	17	16	39	13	17	20	223	23	16	21	22	11	18	8	19	39	17	328	14	17	10	7	9	10	30	23	158	17	21	3	12	11	13	7	8	23	37	11	43	18	14	15	26	14	5	14	40	10	42	5	26	15	19	42	14	16	24	17	8	7	9	12	12	10	18	350	8	12	13	13	30	19	21	18	14	8	11	18	16	7	102	10	19	5	17	13	177	15	8	9	14	17	9	12	332	14	15	22	200	379	34	22	10	5	17	33	29	12	26
Del(3,):U(3,):R(3,)	1	11	59	14	70	5	7	4	3	0	2	0	3	1	0	2	0	2	0	0	0	0	1	1	0	0	0	3	1	0	2	0	4	2	2	2	0	0	1	0	1	2	2	3	0	1	0	0	1	1	1	0	2	1	0	3	0	1	3	0	1	0	0	1	2	1	0	0	0	1	0	2	3	0	0	0	3	1	0	18	2	5	16	16	56	19	9	15	11	4	13	7	11	10	1	1	4	3	12	2	13	10	10	2	9	5	2	8	14	15	14	8	5	29	13	8	3	3	15	6	12	16	18	6	13	4	6	14	5	11	5	4	12	9	2	25	14	13	6	15	12	7	13	10	12	6	4	3	17	16	7	6	9	22	10	17	10	6	23	2	4	35	3	17	23	12	6	14	14	4	13	17	5	4	7	13	10	1	14	5	14	4	6	19	27	8	7	7	7	2	2	5	5	2	3	16	1	6	8	5	7	6	2	17	10	2	2	13	6	2	6	2	2	3	15	3	14	2	3	2	3	3	7	1	1	12	2	1	3	2	2	1	3	3	2	3	2	1	2	0	2	1	1	3	8	0	3	2	5	6	3	2	1	5	1	1	3	7	0	6	3	1	0	2	3	0	1	3	1	0	0	0	0	0	4	1	4	2	1	1	1	2	3	1	1	0	8	6	5	35	2	7	8	8	7	15	6	5	10	16	17	6	4	132	10	472	6	525	10	2	12	6	8	2	11	15	14	7	11	5	8	11	7	6	15	25	3	4	15	12	10	6	7	10	5	11	14	6	311	16	13	7	4	7	7	7	4	6	9	22	5	38	2	11	3	8	14	7	14	13	13	7	11	9	14	4	10	6	13	13	8	6	17	3	6	9	13	8	6	9	5	17	9	5	7	3	7	3	5	5	17	15	6	9	3	11	56	13	12	6	4	5	10	11	8	4	13	23	10	8	3	26	301	9	10	2	16	11	4	6	7	10	6	7	6	6	10	17	10	14	4	6	7	12	5	10	1	5	14	389	10	4	5	8	5	3	12	13	3	9	11	291	9	8	7	8	5	4	275	10	14	5	6	11	7	10	7	12	7	236	5	13	6	12	12	12	4	5	11	29	9	14	5	8	6	22	8	5	13	8	7	5	6	13	15	8	20	4	5	2	12	14	6	9	4	11	1	9	49	9	16	5	12	9	7	8	5	390	8	3	6	8	10	31	11	10	7	6	12	18	16	10	5	6	7	7	5	220	4	10	6	17	5	9	10	5	6	13	7	9	6	7	14	8	8	10	10	10	4	14	15	5	9	14	6	26	6	4	27	8	4	7	11	7	10	10	2	6	10	4	11	7	10	6	3	14	6	5	8	5	3	5	9	9	20	11	4	10	216	9	9	16	14	2	8	8	8	49	11	238	11	8	3	7	6	5	14	17	134	10	13	1	5	9	7	8	2	16	23	5	55	6	9	19	7	5	5	8	14	6	7	7	21	5	5	32	4	13	14	10	8	6	5	5	9	5	11	455	1	7	7	15	10	12	8	11	9	6	6	5	9	5	93	5	8	5	16	11	179	5	5	6	11	4	8	3	379	7	8	11	163	552	10	19	8	3	11	17	7	6	7
Ins(2,4):R0	3	0	0	0	9	2	1	0	1	0	0	0	0	0	2	2	0	0	1	0	0	0	0	2	1	3	0	2	0	2	1	1	0	1	1	0	0	0	2	2	0	1	1	0	0	0	0	0	3	1	0	0	1	0	0	0	0	0	2	0	1	2	1	0	1	0	1	0	0	1	1	0	1	1	0	0	0	0	0	0	1	2	0	1	2	0	1	5	2	3	1	3	2	0	0	1	4	2	2	1	2	2	0	1	2	0	0	3	1	2	0	3	1	3	2	1	4	2	0	3	2	2	3	0	7	2	0	1	1	1	0	2	3	1	3	0	2	0	1	4	3	0	1	2	0	2	2	2	0	1	0	4	4	5	1	2	2	0	2	2	0	1	1	2	3	0	1	2	2	2	2	1	2	1	2	0	0	1	0	79	3	2	1	5	4	1	4	0	0	5	3	5	6	2	0	2	3	6	2	3	3	3	3	2	25	9	8	32	6	4	3	3	3	3	2	5	2	0	0	8	8	5	8	3	2	41	0	0	4	5	4	0	9	0	4	4	0	0	5	0	0	0	0	2	2	0	0	0	1	4	7	2	2	2	0	2	1	3	0	1	1	2	2	2	3	0	1	2	1	0	0	0	0	1	3	0	6	0	0	0	0	2	0	1	2	1	16	12	17	23	14	21	6	17	14	19	17	9	16	165	18	15	14	133	10	673	17	355	37	14	20	9	7	10	12	19	45	13	15	18	15	31	14	21	10	27	15	7	15	13	10	22	16	21	12	61	29	12	419	29	75	10	17	7	25	9	13	19	13	43	13	216	9	20	9	11	35	30	39	12	23	21	23	10	14	12	30	7	32	42	13	13	23	5	12	11	80	11	7	17	17	17	14	10	11	15	10	7	11	11	14	33	9	15	1	23	52	15	22	11	20	22	29	19	19	24	29	27	12	16	17	22	533	14	16	7	24	4	12	11	18	21	29	7	16	7	13	20	10	15	15	9	10	17	19	25	9	10	11	390	8	15	8	9	10	7	18	8	9	20	14	398	16	14	12	11	13	14	426	20	16	13	9	46	31	17	19	31	10	228	11	30	12	24	15	19	15	22	21	16	20	11	14	27	8	37	12	17	20	11	11	10	9	21	19	48	33	17	12	12	21	19	10	18	11	27	5	24	484	20	18	9	13	18	19	18	22	392	15	21	11	20	12	146	25	17	8	12	25	58	18	27	30	14	12	21	9	244	10	23	12	16	17	10	8	9	26	10	15	19	13	9	32	43	22	31	21	23	12	10	17	12	20	60	22	68	25	13	57	16	8	5	16	6	19	18	15	13	26	24	20	19	9	19	17	15	23	9	7	10	17	18	20	9	36	15	26	15	323	20	9	22	6	6	9	11	14	281	13	198	16	11	11	10	13	15	21	22	134	26	22	11	12	24	21	5	10	21	26	14	332	16	9	162	18	6	14	10	38	6	39	11	27	12	9	12	14	21	22	19	15	10	13	16	13	6	9	561	2	8	10	20	36	18	9	17	6	8	10	20	16	27	60	14	6	8	21	14	178	16	13	8	16	13	17	10	618	18	16	13	20	693	32	28	16	13	39	22	15	8	13
Ins(5,):R0	1	1	1	0	3	0	0	1	0	1	0	0	0	0	0	0	0	0	0	1	0	0	0	1	0	0	0	0	0	0	0	0	2	0	2	0	0	0	0	0	0	0	0	0	0	0	0	0	1	0	0	0	0	1	0	0	0	0	3	0	0	0	1	0	0	1	0	0	0	0	0	0	4	1	0	0	1	0	0	3	0	1	1	1	0	0	1	2	1	1	0	1	1	2	0	0	5	2	0	0	2	1	0	3	0	2	0	2	1	1	2	0	0	2	2	1	1	0	0	1	1	2	0	0	0	0	0	0	1	0	0	1	0	0	5	0	0	1	0	4	1	2	0	0	0	0	0	0	0	2	1	0	2	1	1	1	0	1	0	1	1	1	1	0	1	0	1	0	1	0	2	0	0	0	0	1	2	0	0	0	0	0	0	2	0	0	0	0	2	1	0	3	15	1	1	0	1	14	1	1	0	2	4	1	28	11	8	36	12	0	2	1	4	5	3	1	1	1	1	11	7	0	14	1	1	42	1	1	0	0	0	0	7	0	0	0	1	1	0	0	1	0	1	2	1	1	2	3	2	2	3	1	0	4	2	0	0	0	0	1	0	0	1	0	1	0	0	0	0	0	0	0	0	0	0	0	1	0	1	0	0	2	2	3	0	0	26	25	20	72	31	45	22	33	18	38	30	24	61	173	39	55	33	130	34	654	32	281	62	33	30	13	11	30	26	27	27	21	23	18	45	24	15	27	31	77	13	47	15	24	18	44	17	57	18	29	54	15	328	101	57	18	42	7	41	23	16	54	18	52	16	173	13	47	26	15	53	25	82	20	28	33	158	22	58	23	72	56	91	102	14	46	20	17	27	88	82	25	11	29	35	33	37	12	39	31	33	10	21	18	16	90	22	18	15	149	87	48	53	62	61	54	90	28	20	18	21	30	22	43	25	19	533	38	11	7	130	10	32	15	59	21	14	11	22	14	26	23	65	69	89	10	17	32	14	35	28	16	59	470	10	47	77	15	8	20	30	21	100	128	34	366	30	15	25	28	32	36	430	30	44	96	116	50	87	47	56	184	19	236	20	75	34	41	27	77	47	30	52	34	60	28	32	33	28	15	19	49	39	24	22	46	27	76	51	90	26	38	38	33	85	62	24	48	80	61	63	61	550	37	47	57	45	29	47	41	43	358	54	81	26	29	38	443	60	63	53	48	91	189	121	126	40	45	64	44	42	224	34	60	73	88	60	31	38	37	58	64	14	33	47	26	148	44	87	35	84	37	16	24	24	18	40	86	74	89	114	40	137	17	6	37	12	19	76	53	61	42	33	41	326	65	53	78	30	38	68	62	38	36	35	18	16	23	48	28	26	20	266	28	28	23	13	16	14	22	31	264	34	181	25	22	28	30	43	6	35	65	164	61	70	22	63	94	91	88	95	75	85	83	680	28	23	170	29	22	19	38	71	39	59	15	41	21	37	30	15	24	23	29	17	16	15	22	21	8	13	501	15	11	15	22	53	26	19	34	16	17	10	40	22	18	74	17	20	9	62	141	171	43	69	58	23	23	72	64	509	67	52	39	67	761	55	22	20	14	28	59	20	17	8
Ins(2,4):R1	2	7	4	0	4	1	2	2	1	0	3	0	1	0	0	5	0	0	0	0	1	1	3	3	4	0	1	0	1	0	1	1	1	5	1	1	0	0	4	0	0	0	0	0	0	0	1	2	4	3	1	0	0	1	0	0	0	0	2	2	1	3	1	2	0	2	1	0	0	1	0	0	0	1	1	0	1	1	0	4	0	1	1	3	2	2	5	4	4	4	0	1	3	2	0	3	1	3	2	1	5	1	3	3	0	3	1	0	5	2	0	0	1	1	4	4	3	1	1	4	1	0	5	1	4	1	1	3	3	0	3	1	1	1	5	1	1	2	2	1	2	1	3	3	0	4	1	0	1	2	4	1	2	4	3	3	2	1	2	0	1	0	2	9	7	3	0	6	2	2	4	2	4	2	1	1	2	4	0	2	1	2	2	6	3	0	0	0	2	2	3	8	5	3	3	8	3	5	10	10	9	12	1	8	13	3	2	11	5	2	10	7	2	1	8	5	8	4	3	3	3	3	6	4	3	9	3	2	1	1	2	3	3	2	2	2	3	3	4	0	2	1	3	2	1	0	2	2	0	3	6	0	2	5	0	2	0	5	0	2	1	2	1	2	2	0	0	0	2	0	0	1	1	1	1	0	1	0	1	0	1	2	3	5	0	0	5	9	8	7	2	0	2	5	4	5	7	16	4	30	6	5	8	14	5	82	3	34	5	8	8	3	4	8	4	8	18	5	10	7	3	11	2	5	2	10	8	4	8	7	4	9	8	3	2	21	10	5	47	6	19	3	4	4	32	10	8	2	25	11	2	17	8	4	7	4	12	17	18	9	5	5	7	8	7	3	9	5	6	12	5	5	15	4	5	3	17	4	2	13	9	10	7	16	18	7	8	3	5	4	7	8	4	4	7	6	19	7	6	8	16	5	6	4	6	11	11	14	9	4	6	7	62	6	20	1	13	6	7	0	4	10	11	3	1	2	18	10	3	4	7	3	5	11	6	5	16	3	9	54	7	2	3	6	2	2	7	5	4	4	9	39	9	8	7	2	5	2	60	5	9	2	7	15	6	7	3	10	5	28	4	14	5	18	5	7	10	6	15	10	13	8	3	6	8	10	8	7	4	4	1	4	3	3	5	8	11	6	15	9	5	9	5	5	10	5	4	8	89	9	2	7	7	16	5	22	10	43	6	7	5	14	13	34	13	3	3	4	5	14	13	10	3	9	6	3	1	34	3	10	2	10	5	3	19	14	6	8	5	6	6	2	10	13	6	12	3	10	10	0	7	5	9	23	8	13	9	3	19	2	2	6	9	1	16	7	6	5	10	6	9	6	5	9	3	9	12	7	9	3	4	4	5	3	13	3	5	16	34	11	7	6	7	3	5	3	3	50	5	27	7	3	6	2	6	7	12	13	17	6	8	5	4	10	4	3	3	6	16	4	49	6	4	35	12	4	4	4	8	3	7	5	4	6	4	4	8	5	8	6	1	0	3	7	7	10	6	73	0	7	11	9	10	5	2	23	7	9	4	12	3	8	7	16	4	3	5	5	22	10	5	10	3	2	5	3	76	11	11	7	9	103	10	15	3	4	9	11	13	5	7
Ins(5,):R1	3	4	3	0	4	3	2	2	3	0	5	3	3	5	0	3	1	4	1	0	0	1	2	0	1	0	1	4	1	0	3	0	2	1	5	0	0	0	2	0	2	1	1	2	1	0	0	0	5	1	2	0	2	1	1	3	0	0	2	1	0	5	2	2	0	0	0	0	2	1	1	0	3	0	1	0	2	1	1	6	5	1	2	5	6	3	2	3	0	2	1	4	5	6	0	2	6	3	2	3	4	4	3	3	2	3	1	4	2	3	4	1	0	2	2	1	2	1	2	5	5	4	3	0	3	1	2	1	0	0	3	4	4	4	3	4	4	0	2	14	1	2	1	0	0	1	1	2	2	1	2	2	3	2	4	1	1	0	3	3	3	0	4	6	1	7	4	2	2	2	1	4	3	5	2	2	1	2	3	6	4	0	2	3	1	4	5	0	2	12	11	6	38	6	3	10	7	39	7	7	8	10	6	11	18	26	21	43	33	12	8	6	7	7	11	4	10	3	3	22	24	11	29	6	6	38	2	3	11	11	13	5	20	2	9	10	3	1	11	0	3	4	4	1	2	1	1	2	6	3	5	1	1	5	3	1	4	6	2	6	1	3	1	4	0	1	4	7	2	1	0	1	1	4	2	1	6	0	2	0	2	2	2	4	2	2	3	16	7	4	5	7	5	9	20	9	9	9	5	10	20	8	5	8	11	26	9	18	12	3	4	2	4	8	5	12	4	5	11	5	5	7	4	10	4	74	6	7	9	7	5	9	3	11	11	5	12	4	16	22	43	1	7	5	34	5	12	3	19	14	5	14	5	4	9	6	22	21	41	3	17	2	3	8	6	6	13	4	9	42	9	8	8	8	5	7	26	9	6	18	2	9	7	6	20	1	7	3	7	7	11	38	8	6	4	3	77	8	3	3	26	8	16	6	7	8	5	9	7	6	8	6	29	7	12	4	11	2	1	7	5	10	6	8	8	2	20	6	5	9	4	4	5	8	7	10	9	5	5	20	9	10	3	1	3	10	4	10	1	5	8	12	6	10	9	6	8	6	24	11	5	7	9	17	6	13	4	6	3	8	2	18	6	18	6	16	15	7	10	6	9	9	8	4	8	6	0	9	2	2	5	10	2	9	4	10	6	8	14	14	9	7	2	11	34	10	6	7	42	9	4	4	6	4	5	39	18	13	6	24	2	17	9	10	18	14	7	4	5	34	13	6	5	8	3	6	2	12	7	10	3	8	9	2	20	25	12	7	4	11	4	4	7	7	16	19	9	11	9	5	4	1	21	11	12	25	16	24	75	15	0	8	11	1	17	9	6	2	7	13	9	8	5	14	3	13	14	8	12	3	4	3	4	8	42	7	7	9	9	13	3	7	14	4	4	8	10	14	7	14	9	3	0	15	4	9	14	7	6	9	13	4	12	9	5	5	10	9	14	10	15	21	3	11	8	4	10	8	35	16	16	2	14	10	6	6	10	10	14	10	6	4	6	7	2	7	7	27	4	1	12	13	22	4	6	20	6	6	7	11	5	7	7	11	5	7	5	4	5	6	9	3	2	3	5	2	20	7	12	7	5	31	34	7	8	5	11	8	4	6	11
Ins(2,):R(2,4)	2	2	2	0	8	1	0	3	2	0	1	0	1	1	0	1	0	0	0	0	0	3	1	3	2	1	0	0	1	0	0	0	0	2	2	0	1	0	0	0	0	1	0	3	0	1	0	1	3	1	0	1	1	2	1	1	0	0	2	1	0	3	0	1	0	0	0	0	0	1	1	0	1	1	0	0	5	2	1	2	2	1	0	2	3	0	1	2	1	5	0	1	2	3	0	1	9	2	2	3	4	1	0	0	3	1	0	3	1	1	1	1	1	3	0	1	4	2	3	2	5	0	1	1	6	0	0	1	0	2	2	1	1	3	2	1	2	2	0	5	0	1	1	2	1	1	4	0	4	1	4	2	2	2	3	3	0	0	1	2	1	0	2	2	2	3	2	0	1	6	5	2	2	2	1	2	2	0	2	0	0	0	0	1	2	0	3	0	4	4	2	9	15	5	2	5	5	12	7	4	4	5	3	4	13	1	3	12	23	4	4	5	3	5	5	7	4	4	4	2	1	3	18	5	4	15	4	2	3	3	3	5	1	3	5	5	4	2	3	0	1	0	1	1	1	0	0	2	2	1	3	2	0	2	1	0	0	4	0	1	0	1	1	1	3	0	0	3	1	0	0	1	1	1	1	0	5	0	1	0	1	0	1	0	1	0	6	13	10	41	4	12	5	11	8	9	6	16	10	88	16	12	5	143	8	507	7	356	7	4	13	3	9	11	8	12	13	15	9	13	5	17	8	8	7	25	8	5	16	10	1	8	10	7	4	12	14	10	289	17	27	4	10	8	15	8	10	15	10	17	5	122	9	10	9	5	12	21	20	11	6	1	6	9	15	10	11	6	13	18	3	5	13	11	11	5	19	2	3	16	11	16	7	7	13	6	9	5	6	4	7	21	8	10	7	14	54	7	13	7	12	10	17	6	12	7	13	17	14	6	9	17	280	4	9	7	16	3	5	7	11	13	14	3	10	1	12	8	8	7	12	3	5	7	4	8	7	7	5	427	3	12	3	7	4	5	3	13	3	14	9	265	5	5	11	7	8	4	279	9	5	10	13	18	8	18	10	16	2	241	15	11	3	14	9	10	10	11	10	16	12	8	11	10	7	7	8	11	8	8	6	7	2	12	10	9	16	6	8	6	14	12	8	9	17	9	4	9	363	11	4	5	12	8	9	8	10	322	15	13	12	11	7	98	10	11	7	7	7	19	15	14	13	4	11	9	5	187	9	12	7	11	15	14	13	9	7	10	7	18	8	4	18	11	7	10	14	11	7	4	5	6	19	38	5	17	15	9	41	8	0	9	23	9	10	7	9	12	12	7	11	13	8	16	4	8	17	5	6	5	1	8	8	5	17	11	6	4	233	17	9	9	10	6	10	8	7	165	9	246	9	9	3	7	8	4	27	20	208	8	7	3	13	17	7	5	5	10	21	11	175	9	4	94	9	6	6	7	19	3	15	7	15	9	8	12	6	12	19	8	3	2	3	8	7	3	7	475	2	3	4	13	28	11	7	15	5	8	5	12	7	10	71	15	9	6	9	10	232	6	7	9	12	5	8	9	477	8	11	9	20	561	25	12	5	2	9	13	8	3	8
Ins(2,):R(5,)	3	2	3	3	2	2	1	1	3	0	2	0	5	4	0	2	0	3	0	0	0	0	2	1	0	1	2	3	2	0	5	0	1	3	9	1	0	0	0	0	0	2	0	1	0	0	0	0	3	4	2	0	3	1	1	4	0	0	3	0	1	5	2	1	2	1	1	1	0	0	4	1	6	0	0	0	9	2	0	4	0	3	2	1	4	1	4	4	3	3	2	2	4	0	1	4	1	3	3	3	5	6	4	3	2	1	1	3	3	3	4	4	0	3	5	3	2	2	7	10	5	4	4	1	6	1	4	3	6	2	3	1	3	1	2	3	5	1	1	7	1	4	5	6	2	2	5	1	4	1	1	3	4	3	2	5	3	0	1	2	1	4	1	4	2	6	5	5	1	12	7	3	3	1	1	2	2	3	3	3	1	2	2	8	3	2	2	1	1	12	12	23	15	7	7	27	4	18	6	8	9	13	13	24	19	6	8	21	22	13	8	5	12	13	22	19	26	5	5	7	10	12	22	5	2	23	2	3	14	14	7	4	7	6	13	19	3	5	13	0	5	1	2	3	5	0	0	5	3	0	2	1	1	4	2	0	2	2	1	1	3	4	2	1	2	0	0	5	3	0	0	1	1	1	3	1	11	0	0	3	0	0	2	9	5	1	24	22	30	221	14	18	13	46	13	28	10	17	6	294	30	17	14	857	7	2676	19	2214	20	16	31	10	13	15	44	37	19	21	28	23	15	58	13	17	12	31	11	7	28	21	4	13	16	29	4	22	26	24	1668	34	17	10	12	5	33	20	12	29	43	27	6	373	7	22	11	15	18	25	20	23	14	4	23	20	21	18	17	9	17	27	14	16	19	12	8	12	29	5	7	13	36	53	14	10	26	6	12	6	13	8	35	26	9	13	12	23	62	28	21	12	36	11	13	28	29	23	22	27	17	22	19	52	1481	30	4	1	32	7	7	11	14	40	14	5	20	5	21	35	12	12	22	13	8	16	15	35	17	16	21	2218	20	10	3	13	9	6	26	11	9	11	30	1616	15	12	16	18	16	11	1362	17	19	18	19	17	26	19	38	9	14	1264	24	20	18	37	20	6	11	18	14	12	23	21	11	24	12	10	34	15	12	8	6	19	10	15	28	11	26	25	10	4	31	32	11	22	11	5	0	41	2174	21	19	13	16	15	12	15	30	1764	16	15	19	15	14	355	20	14	8	16	16	36	20	14	28	17	17	37	7	1041	15	34	7	21	34	17	20	15	19	12	15	19	20	10	38	22	7	22	22	21	19	11	16	10	18	23	9	51	15	17	34	7	7	10	30	5	28	27	21	21	21	23	23	13	12	49	6	33	58	16	10	14	12	15	22	15	25	16	18	7	1273	31	23	22	47	9	11	16	18	512	27	1577	14	10	11	7	19	6	59	32	1092	23	14	12	19	17	22	5	9	38	82	15	521	20	8	306	36	7	15	13	32	22	27	10	60	23	31	39	16	18	55	13	16	9	16	9	18	11	12	2459	9	11	7	31	107	21	14	34	10	10	13	33	21	27	360	16	18	9	18	10	1352	9	19	11	28	11	12	14	3221	16	27	35	29	2936	55	20	18	2	8	51	12	11	21
Del(2,5):M1	7	44	4	0	7	0	7	8	5	0	4	5	7	4	1	1	4	5	1	2	3	1	5	7	8	1	3	4	0	2	4	1	3	4	3	1	0	1	0	1	1	4	0	4	2	0	1	0	9	4	3	2	4	4	2	8	0	1	2	1	2	8	4	3	4	6	1	6	0	2	0	4	4	2	3	0	1	3	0	4	2	5	8	2	10	4	5	10	2	7	3	11	8	4	1	10	13	11	8	11	6	11	4	10	2	4	1	10	10	7	8	5	1	4	3	3	14	5	3	3	9	10	8	2	4	3	0	7	7	1	3	11	5	4	7	9	12	3	4	14	3	6	12	11	2	5	3	9	0	5	11	4	6	10	8	7	4	3	5	8	2	15	1	10	13	2	9	6	8	12	4	53	10	5	4	12	2	4	4	9	12	0	6	7	7	6	7	2	5	10	6	36	12	16	17	30	16	11	57	52	54	54	11	33	47	23	23	52	14	7	53	27	8	9	35	31	28	18	18	23	22	9	11	17	16	55	15	15	7	7	6	13	22	15	9	8	16	17	9	0	5	13	7	10	9	1	10	7	13	8	7	3	8	8	5	2	3	17	3	9	5	10	8	3	6	1	2	23	5	1	0	5	2	7	5	0	10	0	2	0	3	4	11	10	5	2	21	20	18	41	10	17	8	32	7	25	30	58	9	84	16	17	5	67	10	460	15	285	27	12	22	20	7	22	11	13	42	28	18	21	20	23	9	16	11	47	16	13	24	10	11	13	17	11	13	14	16	16	285	56	24	12	9	16	19	10	19	16	14	19	13	121	7	7	16	12	25	24	52	8	11	15	14	41	38	13	26	8	15	48	19	8	67	28	12	17	53	16	8	20	22	22	14	8	19	11	14	8	19	15	14	38	27	9	8	30	84	30	23	15	24	20	35	9	9	46	17	18	25	14	10	19	289	11	33	5	25	65	7	13	26	15	19	10	10	13	19	18	12	11	18	10	10	24	16	18	12	12	14	308	11	6	10	11	4	8	20	27	9	20	17	283	22	17	29	13	15	9	247	12	17	30	18	32	20	13	12	27	16	148	10	42	7	60	11	32	9	18	45	17	53	27	16	26	13	16	11	15	12	18	12	8	14	16	15	41	21	11	18	14	21	21	10	20	15	22	9	19	99	48	15	13	21	48	46	59	12	320	15	28	8	14	13	87	39	24	15	10	21	49	102	26	20	8	12	13	10	169	14	14	13	16	10	14	14	22	22	43	5	25	9	9	22	16	27	25	13	26	10	7	27	17	25	64	21	67	34	16	66	12	9	11	62	6	13	23	11	17	34	22	26	9	17	20	5	21	11	16	9	14	6	11	11	12	37	24	20	54	191	17	9	29	22	12	14	23	45	93	12	227	14	9	15	10	14	6	21	18	134	28	14	7	11	12	18	12	11	17	39	15	110	11	16	76	21	14	8	12	42	17	39	12	20	13	15	17	6	14	19	21	9	7	12	16	10	10	54	401	6	15	16	13	21	11	16	17	14	15	12	22	5	17	66	9	30	11	15	27	169	17	12	13	18	14	13	8	432	13	25	11	80	526	49	67	13	4	14	31	24	7	18
Del(3,5):M2	2	8	5	0	2	6	4	4	4	0	2	1	3	3	5	3	1	6	0	1	3	4	4	8	4	5	4	5	1	1	0	1	4	2	8	1	0	0	5	4	3	4	1	3	1	2	2	0	7	4	2	1	4	2	0	5	0	1	11	0	0	7	2	3	3	6	3	2	0	1	0	6	2	4	6	0	4	3	1	8	5	5	2	7	1	4	0	7	4	3	3	7	7	4	0	5	20	3	8	5	4	6	3	4	4	4	0	4	7	8	5	1	2	5	4	5	5	4	6	6	2	10	5	4	5	4	0	6	4	2	10	7	8	1	8	5	19	1	1	15	2	3	7	7	2	6	4	3	3	3	9	1	2	8	7	9	3	2	8	7	6	4	3	6	7	5	0	5	4	9	10	15	8	6	5	4	6	7	2	1	3	0	2	3	5	4	2	1	3	7	5	15	13	10	8	27	10	12	25	27	26	27	5	25	61	18	17	59	12	8	26	17	4	4	25	10	26	12	9	20	16	9	15	10	10	53	9	10	7	8	8	9	16	9	8	8	11	10	10	0	6	5	4	5	5	2	5	4	6	7	6	1	3	8	2	1	2	8	1	8	3	7	4	3	6	0	2	6	3	0	0	0	1	1	1	0	9	0	2	0	0	4	10	8	3	3	18	9	10	48	8	7	10	18	9	18	22	39	7	25	12	12	6	76	8	255	14	228	23	6	19	9	6	11	8	14	19	12	10	19	19	13	9	18	14	48	14	15	11	8	5	10	7	10	15	8	16	12	197	35	28	5	10	5	14	10	13	8	8	12	12	48	7	7	10	7	29	16	58	5	13	15	10	25	19	12	25	3	15	50	9	7	23	20	8	13	44	10	8	18	14	21	6	10	5	12	13	3	9	7	23	50	23	8	7	23	120	23	8	14	13	27	35	14	11	17	14	18	17	6	5	21	113	11	14	2	20	14	10	9	23	11	10	8	10	11	14	6	7	10	10	4	5	14	6	18	8	6	5	171	8	4	6	4	5	8	11	13	3	11	15	201	8	8	16	7	4	3	97	10	10	5	16	26	9	8	11	19	4	159	16	22	8	38	21	19	7	10	19	27	22	23	14	14	11	17	6	11	9	8	7	8	5	10	17	39	25	8	9	18	15	15	11	15	19	24	6	12	70	22	17	9	18	18	18	32	14	237	13	28	16	8	8	25	25	15	9	8	17	64	59	12	9	9	12	18	4	128	8	13	7	12	6	11	11	13	25	21	6	35	6	6	25	8	16	17	15	16	8	8	14	9	41	18	15	55	42	12	103	15	6	15	34	6	8	16	12	10	10	22	17	10	9	13	6	8	15	6	8	5	5	7	8	12	30	9	9	13	162	12	8	15	13	11	9	14	13	22	17	224	12	3	7	6	9	11	13	17	89	8	12	6	13	7	12	14	7	15	25	14	29	12	9	19	13	12	9	8	50	7	41	5	13	9	11	15	10	14	13	22	8	6	8	9	11	14	26	219	3	9	14	13	25	11	11	11	11	8	6	7	7	8	61	7	14	9	17	25	87	10	7	6	10	9	7	6	244	6	6	16	106	272	34	24	8	3	19	27	11	2	20
Del(4,5):M(3,4)	3	7	2	0	5	0	1	3	3	0	2	0	0	2	0	0	3	2	1	1	0	0	1	3	3	0	0	2	1	0	1	1	2	1	6	1	0	1	2	1	1	2	0	2	0	3	1	0	1	3	3	1	0	2	2	0	2	1	4	0	0	6	0	2	2	1	0	4	0	2	0	2	4	5	3	0	4	3	1	2	1	1	5	2	3	0	1	4	0	3	1	4	3	2	1	2	7	2	1	3	4	8	3	1	6	4	3	2	2	5	4	2	2	2	1	2	0	2	3	6	0	2	1	1	0	0	0	0	2	2	2	6	4	1	10	9	6	3	1	6	4	4	7	4	0	0	5	2	1	1	8	3	3	6	4	2	1	1	1	7	3	0	1	2	1	5	4	2	2	5	6	3	1	4	3	2	2	3	1	1	0	0	3	2	5	5	3	0	2	4	2	9	10	4	3	11	3	10	16	16	16	16	7	9	27	16	17	29	7	3	16	6	3	3	12	5	7	2	2	16	19	2	7	3	4	31	4	3	2	3	3	2	18	4	3	2	3	3	2	0	2	3	4	5	6	0	1	1	3	2	5	1	1	6	1	1	4	4	3	5	3	2	1	1	3	0	0	8	3	0	0	1	1	5	3	0	2	0	1	0	0	0	4	3	2	2	5	3	9	25	5	2	8	5	2	7	8	9	7	23	9	13	6	23	5	110	14	107	13	5	11	5	6	7	7	17	10	9	11	7	8	5	4	5	6	23	4	1	5	6	5	3	6	6	6	9	13	2	88	23	14	3	5	5	6	6	4	11	7	9	9	18	1	7	14	6	18	8	28	5	9	17	6	4	10	6	11	4	4	28	5	3	7	5	4	8	39	6	2	10	9	16	4	8	6	4	9	3	8	9	10	14	7	4	4	7	62	12	6	9	10	16	19	7	6	6	14	21	6	4	6	15	45	9	9	0	15	7	9	9	12	7	6	3	6	6	5	3	2	9	5	6	5	11	5	8	4	4	5	66	5	2	2	6	1	8	5	14	6	0	11	88	9	8	5	6	6	3	39	11	6	5	7	16	8	11	2	10	10	50	1	20	6	14	4	17	1	8	12	20	14	18	8	10	3	20	3	4	11	2	3	5	3	5	6	22	15	3	10	17	9	9	5	10	6	20	6	8	38	11	12	5	7	10	11	17	9	124	6	23	3	2	4	20	18	8	9	4	7	37	18	6	6	3	3	14	11	57	7	3	2	6	8	4	5	8	18	11	9	27	9	2	12	4	15	4	10	11	6	4	18	6	20	7	12	36	15	13	46	3	1	4	15	3	12	9	2	3	9	8	10	6	9	10	1	4	10	5	2	7	6	3	4	1	17	9	7	10	67	7	4	8	6	11	6	6	13	20	10	98	8	2	4	2	2	6	9	5	36	8	7	1	10	7	5	7	8	6	17	5	22	4	7	22	11	5	4	4	38	3	33	0	14	5	5	14	4	11	10	21	3	3	10	4	2	5	11	117	0	3	7	16	15	15	6	7	4	3	2	10	5	5	26	3	5	6	8	6	42	8	3	6	8	7	7	5	104	4	4	5	37	136	22	8	5	2	15	14	8	6	10
Del(6,):M1	4	9	7	0	10	2	2	5	4	0	6	0	8	11	4	4	2	6	0	2	3	5	4	5	0	0	2	10	1	0	2	3	6	2	10	1	0	1	0	1	1	3	1	0	2	3	0	1	4	3	4	4	9	3	0	5	0	3	14	0	1	15	3	2	0	5	0	0	0	1	1	1	2	5	6	2	7	1	1	12	4	4	5	5	7	5	4	8	2	4	7	5	7	7	0	7	24	9	4	10	14	7	4	8	7	7	3	7	9	5	13	7	4	3	7	3	11	3	6	4	10	8	5	2	7	2	6	7	3	4	6	10	10	2	35	12	6	0	4	12	7	6	14	1	0	3	5	7	1	7	8	10	8	11	8	6	1	0	5	3	3	3	5	9	8	4	7	4	4	4	10	5	7	8	4	8	6	7	4	3	9	0	7	9	9	6	8	0	3	9	6	53	10	10	5	31	8	14	57	58	57	57	8	34	200	151	154	220	11	8	57	22	6	11	33	46	31	9	6	148	171	10	13	10	10	231	11	9	6	10	8	9	159	11	10	9	11	11	9	0	7	14	8	10	1	2	10	8	3	6	11	2	3	11	2	1	6	8	0	6	4	8	5	4	5	0	2	8	6	0	1	3	4	4	5	0	3	0	3	0	2	4	6	7	6	0	13	39	21	24	17	18	11	36	8	17	72	72	17	65	17	29	22	36	18	158	109	100	82	14	32	7	7	16	9	15	43	26	13	12	49	14	10	10	8	174	13	30	11	5	6	11	16	17	35	13	22	10	84	150	97	5	18	25	22	11	17	19	17	12	5	72	7	15	11	14	137	27	157	12	8	35	27	40	47	6	78	16	21	196	15	18	23	34	16	19	173	17	9	19	16	16	7	11	29	14	19	5	12	5	18	107	42	7	7	70	330	57	17	20	28	93	94	16	9	36	5	20	33	19	2	13	130	21	45	2	28	14	4	46	46	26	20	6	20	12	21	10	13	27	17	11	8	23	4	9	21	7	13	96	15	12	17	6	5	12	12	32	22	20	19	87	9	16	38	15	18	10	122	10	20	26	34	103	15	6	14	32	10	47	11	86	9	95	15	90	23	4	75	12	40	44	57	13	13	11	8	16	13	10	14	12	6	21	16	139	10	9	21	67	29	24	7	46	84	88	40	18	175	62	12	17	13	49	51	78	10	119	14	67	15	22	13	103	73	37	17	26	27	194	197	21	14	15	23	42	19	51	14	12	11	28	14	16	23	24	109	54	10	77	15	7	35	11	83	20	14	42	13	11	17	11	119	45	77	151	126	87	197	15	5	22	78	7	26	24	11	9	29	21	56	25	17	39	6	8	17	10	17	29	15	9	14	12	135	32	13	44	52	13	13	20	8	13	10	24	17	90	9	59	20	8	19	9	12	8	20	24	32	22	17	16	11	22	17	29	18	13	21	18	158	13	19	63	20	18	6	21	203	13	136	9	33	12	12	14	8	13	14	78	16	10	16	15	13	8	63	136	4	11	59	14	24	10	13	18	11	19	5	22	8	15	15	10	34	6	18	57	31	10	17	8	10	17	12	14	120	16	9	18	30	177	126	26	13	19	101	34	14	7	17
Del(6,):M2	3	5	5	0	5	3	2	4	4	0	8	1	11	12	3	1	4	11	2	0	0	2	0	0	0	1	1	7	1	0	4	1	1	1	7	3	0	0	0	1	0	1	0	2	3	0	1	1	3	1	7	1	10	5	2	1	1	3	25	0	0	25	1	0	3	5	1	2	0	0	3	1	2	1	4	0	3	1	1	6	4	1	1	0	4	2	3	7	1	3	8	7	2	3	0	3	50	2	2	1	4	5	7	7	2	7	2	6	5	4	3	5	0	2	4	5	7	1	3	3	7	3	2	4	3	2	4	8	4	1	3	9	2	1	60	7	5	2	2	26	4	3	9	4	0	3	3	2	5	9	6	5	1	4	7	5	2	4	3	2	2	0	0	6	2	3	5	2	2	3	6	2	10	4	5	3	4	3	1	2	3	0	1	8	3	3	1	0	3	11	7	37	10	2	8	16	2	7	44	40	41	40	12	16	378	183	200	419	6	7	40	16	5	6	19	32	17	9	14	177	193	7	5	3	2	425	10	9	7	7	6	7	203	10	7	8	13	10	8	0	9	7	3	6	5	1	5	4	3	5	8	1	1	4	5	1	2	7	2	5	1	3	1	1	3	0	1	3	3	0	1	0	2	2	5	0	5	0	2	0	6	2	4	3	1	1	18	33	13	6	15	5	6	30	5	14	116	62	7	28	12	34	18	8	11	26	167	11	159	8	27	8	8	8	12	12	24	24	6	11	120	5	6	3	10	336	5	60	9	5	5	4	11	10	80	3	21	6	17	263	225	2	5	6	16	5	5	9	11	9	6	27	8	17	10	4	292	37	274	2	9	53	10	27	22	5	165	8	10	460	17	7	9	18	10	7	339	13	10	20	26	6	7	5	19	0	8	4	10	10	8	243	85	4	6	38	737	47	8	11	15	196	199	7	9	26	12	29	21	14	10	6	19	20	37	1	8	11	5	76	41	15	13	9	17	11	12	8	10	13	10	13	9	20	5	10	13	10	4	15	7	2	9	6	2	8	9	21	9	19	14	18	8	15	31	5	9	4	17	9	9	22	22	185	8	8	9	22	3	12	6	171	5	57	13	188	9	8	37	10	28	49	74	11	5	8	5	11	18	7	3	2	10	6	19	269	13	4	14	125	15	23	8	83	157	148	57	16	380	24	14	15	5	33	41	45	10	16	6	172	8	10	5	29	180	82	15	12	17	376	109	15	5	18	9	61	12	16	8	10	12	12	19	7	14	15	216	29	4	167	10	4	19	13	180	15	8	20	6	4	14	6	298	34	167	268	265	205	434	13	5	10	46	11	14	15	10	11	14	50	19	11	6	11	4	14	9	17	12	8	11	8	7	11	103	16	4	31	13	16	7	14	4	6	6	8	11	22	3	9	16	8	2	5	9	3	39	26	8	12	12	5	7	10	12	11	9	13	18	24	35	8	12	29	13	8	4	10	432	11	317	9	11	11	7	8	6	4	13	213	10	7	13	11	6	14	32	24	8	12	68	8	24	9	9	14	5	6	3	12	7	13	7	5	20	8	12	34	7	8	13	6	6	14	12	9	27	11	11	11	20	27	247	12	5	37	204	36	9	5	14
Del(6,):M3	2	5	2	0	2	3	1	2	4	1	2	0	14	14	2	1	1	5	1	2	1	0	1	0	0	2	0	20	0	0	3	0	0	3	6	4	0	0	0	1	0	1	0	2	1	0	0	0	1	0	2	0	15	2	0	5	0	1	13	0	1	16	0	1	1	0	0	0	0	0	0	0	0	0	4	0	2	1	0	5	0	1	3	3	4	3	0	4	2	1	1	1	5	1	0	2	37	3	0	0	4	3	3	4	0	0	0	4	7	1	1	1	0	1	2	0	3	3	2	3	2	3	2	2	3	0	0	1	3	1	0	1	1	2	36	4	2	0	1	25	3	2	3	3	1	2	0	0	3	1	3	4	5	8	1	2	4	1	1	2	1	1	2	5	0	3	4	2	3	3	2	3	2	1	1	2	0	2	2	1	6	0	1	2	4	5	0	0	1	3	3	14	9	5	7	6	5	9	12	10	10	10	3	8	291	98	101	276	5	3	11	8	4	4	7	14	7	6	7	93	109	5	7	5	6	292	13	9	3	3	3	7	97	7	3	5	13	14	3	0	0	2	2	4	3	0	2	2	0	3	3	0	2	2	2	1	3	5	4	0	2	1	0	0	4	0	1	1	3	0	0	0	1	1	2	0	4	1	0	0	1	0	0	7	2	0	18	20	9	7	4	3	4	7	4	10	73	28	4	14	12	33	5	12	4	37	129	20	102	5	11	5	3	4	6	5	11	18	10	8	85	4	2	4	8	226	5	55	5	7	3	3	10	8	47	6	11	3	14	222	152	4	3	9	8	3	3	5	10	4	5	11	3	15	3	4	220	21	200	2	5	45	7	10	12	4	122	6	4	337	8	6	7	7	6	7	273	8	3	13	16	5	7	2	15	5	7	2	6	2	7	191	60	5	1	15	640	34	6	4	3	153	129	3	7	9	3	20	11	4	9	6	21	8	13	1	10	3	2	60	38	10	5	6	8	10	4	5	4	9	5	2	4	12	4	6	4	3	2	11	4	1	3	2	1	7	3	17	7	9	7	15	2	3	16	3	5	3	17	5	6	5	16	147	7	5	4	8	5	14	1	102	2	23	9	139	4	8	12	4	13	31	66	5	7	3	7	5	7	3	2	3	7	3	13	189	7	4	8	80	7	14	1	54	106	89	32	7	281	19	2	6	1	18	17	28	6	16	5	107	1	6	2	15	117	78	4	4	5	284	38	4	2	3	3	21	3	14	2	5	5	6	4	4	8	3	167	16	3	101	3	3	14	4	133	8	6	8	2	4	6	4	204	18	103	205	195	164	347	3	1	4	22	2	4	12	7	5	10	23	5	4	7	7	4	9	13	4	1	1	2	0	10	3	80	8	6	13	12	10	5	6	6	3	5	8	6	14	10	13	5	4	2	4	3	1	21	13	14	9	4	3	7	5	6	10	7	7	17	11	21	3	4	12	10	3	4	6	309	8	237	5	4	4	5	7	3	3	3	144	3	2	3	6	4	3	18	31	0	3	48	5	10	3	6	9	3	6	3	7	4	9	1	1	9	1	3	14	12	3	4	1	5	3	6	5	37	4	7	2	17	34	167	7	6	19	145	19	6	2	5
Del(6,):M(4,)	3	4	1	0	4	0	0	4	1	3	5	1	16	14	1	2	0	8	0	2	1	0	2	3	4	1	2	17	1	0	4	0	1	2	5	0	0	0	1	0	0	1	0	0	0	0	0	0	3	2	3	0	15	0	0	7	0	0	11	0	1	18	2	2	1	0	0	3	0	1	0	0	2	1	2	0	0	0	0	5	1	3	1	2	2	1	3	4	1	3	2	7	2	2	0	1	38	4	3	3	6	2	3	1	4	2	1	1	1	1	2	1	1	0	2	2	2	0	2	4	0	4	1	0	3	1	3	2	0	1	3	3	3	5	34	3	1	2	1	17	1	2	3	2	0	2	2	2	5	1	2	2	2	8	4	3	4	0	1	3	3	2	4	3	1	1	2	5	1	3	2	2	1	1	2	3	2	1	1	4	2	0	2	3	3	4	1	0	0	7	4	13	9	4	5	10	4	8	16	15	18	17	5	10	297	78	93	305	11	4	18	5	6	6	11	12	9	5	8	80	96	5	10	3	3	305	8	7	3	5	4	4	89	5	4	4	11	10	5	0	3	1	1	2	3	0	1	5	5	3	1	2	4	0	3	1	1	10	1	3	1	3	2	3	2	0	1	1	2	1	1	3	1	0	1	0	4	1	0	0	2	3	3	4	2	0	17	13	9	5	12	7	3	14	8	11	88	23	10	25	7	39	13	14	11	65	114	35	117	7	11	3	10	6	6	10	7	10	7	7	79	8	5	2	6	251	4	47	10	7	4	12	11	11	40	5	19	0	37	225	146	11	7	3	11	6	11	17	10	15	6	19	5	15	6	2	224	25	218	5	5	42	7	14	7	13	112	6	13	326	13	6	7	12	6	6	293	11	2	11	17	7	7	6	17	4	6	5	11	3	13	185	67	8	1	18	661	29	10	11	11	140	142	6	5	9	8	37	14	7	11	8	37	9	21	1	15	8	6	85	30	12	16	5	4	5	7	11	5	11	7	9	5	15	4	7	11	7	7	43	7	3	2	5	2	7	7	16	8	11	6	36	7	24	21	3	9	5	34	3	15	14	11	156	9	10	8	9	4	11	5	168	6	19	10	156	6	7	16	11	18	45	68	9	5	9	4	7	14	5	4	3	3	7	7	207	12	5	19	82	9	13	6	70	97	112	40	8	320	19	5	4	14	13	14	28	9	36	6	127	5	9	8	16	161	62	4	9	7	314	37	10	11	10	7	33	6	26	6	6	12	11	18	3	12	6	153	8	5	121	11	2	14	12	144	9	2	16	4	1	10	7	219	21	111	220	202	172	350	2	2	9	19	4	8	13	4	5	13	33	10	13	6	13	5	13	4	8	5	4	8	4	7	4	120	9	7	6	22	10	3	12	12	5	8	8	5	29	6	17	4	4	3	9	6	5	32	15	14	9	13	6	8	7	8	7	15	12	21	19	28	10	2	24	16	3	2	10	358	9	265	9	9	11	8	15	8	5	10	161	8	6	5	9	7	10	14	51	4	4	46	15	7	5	3	12	3	10	3	15	3	7	5	9	10	3	8	10	20	8	9	4	12	8	6	2	50	6	12	7	12	60	169	3	9	28	154	38	5	7	8
Complex	0	0	0	0	0	0	0	0	0	0	0	0	0	0	0	0	0	0	0	0	0	0	0	0	0	0	0	0	0	0	0	0	0	0	0	0	0	0	0	0	0	0	0	0	0	0	0	0	0	0	0	0	0	0	0	0	0	0	0	0	0	0	0	0	0	0	0	0	0	0	0	0	0	0	0	0	0	0	0	0	0	0	0	0	0	0	0	0	0	0	0	0	0	0	0	0	0	0	0	0	0	0	0	0	0	0	0	0	0	0	0	0	0	0	0	0	0	0	0	0	0	0	0	0	0	0	0	0	0	0	0	0	0	0	0	0	0	0	0	0	0	0	0	0	0	0	0	0	0	0	0	0	0	0	0	0	0	0	0	0	0	0	0	0	0	0	0	0	0	0	0	0	0	0	0	0	0	0	0	0	0	0	0	0	0	0	0	0	0	0	0	0	0	0	0	0	0	0	0	0	0	0	0	0	0	0	0	0	0	0	0	0	0	0	0	0	0	0	0	0	0	0	0	0	0	0	0	0	0	0	0	0	0	0	0	0	0	0	0	0	0	0	0	0	0	0	0	0	0	0	0	0	0	0	0	0	0	0	0	0	0	0	0	0	0	0	0	0	0	0	0	0	0	0	0	0	0	0	0	0	0	0	0	0	0	0	0	0	0	0	0	0	0	0	0	0	0	0	0	0	0	0	0	0	0	0	0	0	0	0	0	0	0	0	0	0	0	0	0	0	0	0	0	0	0	0	0	0	0	0	0	0	0	0	0	0	0	0	0	0	0	0	0	0	0	0	0	0	0	0	0	0	0	0	0	0	0	0	0	0	0	0	0	0	0	0	0	0	0	0	0	0	0	0	0	0	0	0	0	0	0	0	0	0	0	0	0	0	0	0	0	0	0	0	0	0	0	0	0	0	0	0	0	0	0	0	0	0	0	0	0	0	0	0	0	0	0	0	0	0	0	0	0	0	0	0	0	0	0	0	0	0	0	0	0	0	0	0	0	0	0	0	0	0	0	0	0	0	0	0	0	0	0	0	0	0	0	0	0	0	0	0	0	0	0	0	0	0	0	0	0	0	0	0	0	0	0	0	0	0	0	0	0	0	0	0	0	0	0	0	0	0	0	0	0	0	0	0	0	0	0	0	0	0	0	0	0	0	0	0	0	0	0	0	0	0	0	0	0	0	0	0	0	0	0	0	0	0	0	0	0	0	0	0	0	0	0	0	0	0	0	0	0	0	0	0	0	0	0	0	0	0	0	0	0	0	0	0	0	0	0	0	0	0	0	0	0	0	0	0	0	0	0	0	0	0	0	0	0	0	0	0	0	0	0	0	0	0	0	0	0	0	0	0	0	0	0	0	0	0	0	0	0	0	0	0	0	0	0	0	0	0	0	0	0	0	0	0	0	0	0	0	0	0	0	0	0	0	0	0	0	0	0	0	0	0	0	0	0	0	0	0	0	0	0	0	0	0	0	0	0	0	0	0	0	0	0	0	0	0	0	0	0	0	0	0	0	0	0	0	0	0	0	0	0	0	0	0	0	0	0	0	0	0	0	0	0	0	0	0	0	0	0	0	0	0	0	0	0	0	0
