MutationType	SP109953	SP107650	SP13206	SP13078	SP107607	SP109941	SP109801	SP13072	SP107595	SP107640	SP13084	SP107603	SP109957	SP114020	SP96540	SP114032	SP107624	SP107575	SP13242	SP114016	CPCT02070011T	CPCT02020317T	CPCT02010352T	CPCT02010362T	CPCT02010366T	CPCT02010383T	CPCT02050049T	CPCT02020350T	CPCT02060023T	CPCT02080030T	CPCT02060010T	CPCT02040037T	CPCT02070018T	CPCT02080041T	CPCT02070029T	CPCT02060033T	CPCT02020399T	CPCT02140024T	CPCT02080050T	CPCT02030293T	CPCT02010441T	CPCT02090030T	CPCT02010718T	CPCT02020653T	CPCT02340008TII	CPCT02020876T	CPCT02370016T	CPCT02070275T	CPCT02011028T	CPCT02230072T	CPCT02130028T	CPCT02060182T	CPCT02020657T	DRUP01090026T	CPCT02130029T	CPCT02340010TII	DRUP01020022T	CPCT02120103T	CPCT02300030T	CPCT02150044T	CPCT02020920T	CPCT02080192T	CPCT02130170T	CPCT02260014T	CPCT02020922T	CPCT02011072T	CPCT02010758T	WIDE01010006T	CPCT02040220T	CPCT02100157T	CPCT02230088T	CPCT02130178T	WIDE01010017T	WIDE01010025T	WIDE01010028T	WIDE01010012T	WIDE01010031T	CPCT02020956T	CPCT02010774T	CPCT02010756T	WIDE01010045T	CPCT02080204T	WIDE01010037T	WIDE01010056T	CPCT02070298T	WIDE01010594T	WIDE01010078T	CPCT02130054T	CPCT02040228T	WIDE01010051T	CPCT02050319T	CPCT02020689T	WIDE01010043T	WIDE01010112T	WIDE01010092T	WIDE01010119T	CPCT02170022T	WIDE01010120T	WIDE01010127T	CPCT02300036T	WIDE01010146T	CPCT02070309T	WIDE01010157T	WIDE01010170T	CPCT02020696T	CPCT02030471T	CPCT02130032T	CPCT02070310T	WIDE01010164T	WIDE01010190T	WIDE01010182T	DRUP01050040TII	WIDE01010225T	CPCT02050348T	WIDE01010275T	CPCT02010810T	CPCT02060206T	WIDE01010284T	WIDE01010330T	WIDE01010312T	WIDE01010317T	WIDE01010337T	CPCT02220043T	CPCT02130094T	WIDE01010329T	WIDE01010331T	CPCT02010828T	WIDE01010101T	WIDE01010349T	WIDE01010342T	WIDE01010359T	WIDE01010370T	WIDE01010369T	CPCT02340084T	DRUP01030015T	CPCT02060236T	CPCT02120125T	CPCT02230098T	DRUP01090015T	WIDE01010401T	CPCT02230105T	CPCT02080223T	CPCT02020730T	CPCT02010831T	WIDE01010428T	CPCT02290039T	CPCT02010843T	CPCT02130103T	CPCT02070337T	WIDE01010440T	WIDE01010404T	CPCT02080229T	CPCT02050363T	CPCT02040250T	CPCT02040251T	CPCT02260022T	CPCT02340090T	CPCT02450013T	CPCT02070347T	CPCT02060140T	CPCT02020720T	CPCT02230109T	DRUP01090019T	CPCT02120144T	CPCT02080240T	CPCT02130125T	CPCT02070355T	CPCT02010872T	CPCT02010878T	CPCT02090054T	CPCT02330117T	CPCT02170031T	CPCT02020765T	CPCT02010851T	CPCT02020756T	DRUP01170001T	WIDE01010617T	WIDE01010627T	CPCT02030502T	CPCT02030507T	WIDE01010595T	CPCT02040273T	CPCT02030520T	CPCT02110075T	CPCT02290050T	CPCT02290053T	CPCT02080257T	CPCT02290054T	CPCT02080256T	CPCT02030497T	DRUP01290001T	CPCT02070372T	CPCT02290051T	CPCT02020815T	CPCT02040271T	CPCT02130154T	CPCT02120164T	CPCT02020797T	DRUP01010099T	CPCT02340104T	CPCT02380018T	CPCT02340010TIII	CPCT02060033TII	CPCT02020582T	DRUP01050040T	CPCT02180041T	CPCT02060137T	CPCT02070403T	CPCT02050264T	CPCT02060143T	CPCT02010988T	CPCT02010993T	CPCT02450003T	CPCT02230049T	CPCT02010995T	CPCT02010878TII	CPCT02010656T	CPCT02010645T	DRUP01330016T	DRUP01080005T	CPCT02020879T	DRUP01090004T	CPCT02020613T	DRUP01110006T	CPCT02010993TII	CPCT02060125T	CPCT02010647T	CPCT02170013T	CPCT02170009T	CPCT02170012T	CPCT02020608T	CPCT02010653T	CPCT02230061T	CPCT02050282T	CPCT02010560T	CPCT02380007T	CPCT02380006T	CPCT02080105T	CPCT02340010T	CPCT02010574T	CPCT02180026T	CPCT02100074T	CPCT02120018T	CPCT02380008T	CPCT02170003T	CPCT02020523T	CPCT02060081T	CPCT02110035T	CPCT02080118T	CPCT02010589T	CPCT02030349T	CPCT02110039T	CPCT02030353T	CPCT02020540T	CPCT02010611T	CPCT02010608T	CPCT02330041T	CPCT02380013T	CPCT02010613T	CPCT02010577T	CPCT02050202T	CPCT02020559T	CPCT02050213T	CPCT02020568T	CPCT02030364T	CPCT02050192T	CPCT02010596T	CPCT02030365T	DRUP01010036T	CPCT02230043T	CPCT02080135T	CPCT02050229T	CPCT02010632T	CPCT02020579T	CPCT02020587T	CPCT02070040T	CPCT02070050T	CPCT02300004T	CPCT02020424T	CPCT02020433T	CPCT02010466T	CPCT02010454T	CPCT02140036T	CPCT02010350T	CPCT02100039T	CPCT02050106T	CPCT02020415T	CPCT02180014T	CPCT02090006T	CPCT02020444T	CPCT02030314T	CPCT02190010T	DRUP01010013T	CPCT02080086T	CPCT02010438T	CPCT02190012T	CPCT02010486T	CPCT02060077T	CPCT02020491T	CPCT02010538T	CPCT02170001T	CPCT02170002T	CPCT02050142T	CPCT02080071T	CPCT02020499T	CPCT02340008T	CPCT02020505T	CPCT02080158T	CPCT02010571T	CPCT02380010T	CPCT02110047T	CPCT02030425T	CPCT02080168T	CPCT02020641T	CPCT02230065T	CPCT02330074T	CPCT02010697T	CPCT02090028T	CPCT02450008T	CPCT02010688T	CPCT02020646T	CPCT02010704T	CPCT02010705T	CPCT02250003T	CPCT02010698T	WIDE01010622T	WIDE01010631T	WIDE01010635T	WIDE01010636T	WIDE01010658T	WIDE01010504T	WIDE01010493T	WIDE01010304T	WIDE01010568T	WIDE01010464T	WIDE01010467T	WIDE01010486T	WIDE01010516T	WIDE01010510T	WIDE01010583T	WIDE01010566T	WIDE01010578T	WIDE01010599T	WIDE01010604T	WIDE01010614T	WIDE01010662T	WIDE01010672T	WIDE01010686T	WIDE01010532T	WIDE01010703T	WIDE01010712T	WIDE01010721T	WIDE01010663T
A[Del(C):R1]A	1	2	1	3	3	0	2	1	3	1	3	1	3	0	3	2	2	4	3	2	9	3	1	1	1	0	3	1	3	65	9	7	2	8	6	7	19	10	3	2	110	3	3	1	2	1	2	3	10	93	2	3	3	5	0	6	1	4	2	1	4	2	11	13	0	1	0	1	1	5	253	5	0	1	9	7	4	0	1	2	2	1	12	3	7	1	6	3	2	8	4	1	3	4	1	5	4	1	152	8	4	1	52	1	2	2	3	17	7	7	12	14	6	6	4	2	126	2	2	107	9	13	15	3	43	1	24	75	5	5	1	2	2	10	2	3	58	14	2	6	4	2	7	30	3	13	2	2	3	1	2	11	4	1	6	7	4	1	10	2	0	9	4	1	10	2	2	2	1	25	3	3	4	2	5	4	8	4	7	2	6	1	2	10	3	1	2	2	2	43	13	1	0	225	6	3	34	1	2	4	4	7	7	4	10	4	2	2	3	36	6	5	6	18	5	2	0	4	14	101	3	4	6	3	4	2	4	13	2	1	2	2	7	8	3	1	23	77	8	2	10	4	6	5	4	6	5	2	5	3	77	2	14	19	0	7	39	0	5	2	3	4	2	3	1	1	1	2	1	5	9	2	2	3	9	11	6	4	2	1	0	0	2	1	17	6	4	4	5	13	3	4	2	101	1	17	2	5	115	2	1	4	0	12	3	8	9	6	2	5	6	9	0	4	5	7	0	14	2	3	4	6	4	9	3	4	2	4	16	18	2	0	3	1	7	0	0	4	3	2	3	30	5	8	5	7	0	3	3	7	4	6	1
A[Del(C):R1]G	1	0	0	0	1	0	1	2	1	0	0	0	1	0	0	0	0	1	0	3	5	0	0	0	0	0	0	0	0	8	2	0	0	4	0	2	0	1	0	0	11	1	0	0	2	0	1	1	0	20	1	0	0	0	0	1	0	1	1	0	0	2	0	1	1	1	0	0	0	2	28	0	1	0	1	1	1	0	1	0	1	0	3	0	1	0	1	2	0	0	0	0	0	0	0	0	0	1	10	1	2	1	6	0	0	0	1	0	1	0	0	0	1	0	0	0	14	0	0	6	2	0	2	0	3	1	1	4	0	0	0	0	0	0	1	0	3	1	0	5	0	0	0	6	0	2	0	4	0	0	0	3	0	0	4	0	2	0	2	0	0	0	1	2	1	2	0	0	0	4	1	0	0	0	1	0	0	1	1	0	0	0	0	0	0	0	0	0	0	9	3	0	0	19	0	0	4	0	0	2	0	1	1	0	0	1	0	0	0	2	0	1	0	2	0	0	0	0	0	10	0	0	1	0	1	1	0	0	0	0	0	0	2	1	0	0	4	6	1	1	0	1	0	1	1	0	0	0	1	1	9	3	3	5	0	0	0	0	0	1	0	2	0	0	0	0	1	0	1	2	2	0	0	0	1	0	1	1	1	1	0	0	1	1	1	0	0	0	2	0	1	0	1	10	0	2	0	0	11	0	0	0	0	1	0	0	0	1	0	1	0	3	0	1	0	3	0	0	0	1	1	0	1	2	0	3	0	0	2	1	0	1	0	0	0	0	0	1	1	0	0	1	3	0	1	0	0	0	1	0	1	0	0
A[Del(C):R1]T	0	1	1	0	4	1	0	1	1	1	1	4	5	1	0	2	1	1	0	2	2	4	1	1	1	1	6	2	2	14	5	1	3	7	2	5	28	3	5	1	10	1	1	3	0	1	7	2	2	41	2	0	1	1	2	0	3	1	2	0	5	4	8	5	0	0	1	0	1	3	65	4	1	3	13	7	5	0	1	3	3	1	8	5	2	4	12	1	2	3	3	0	5	2	2	2	1	1	41	6	0	3	14	2	0	3	3	8	13	6	7	12	15	9	2	3	28	3	2	36	15	6	24	6	18	0	7	16	5	1	2	6	1	3	4	3	12	2	1	6	3	6	11	23	2	13	1	3	8	2	2	2	5	2	0	4	1	1	4	1	0	6	4	3	5	7	3	0	4	25	5	4	4	2	8	22	6	0	1	2	2	1	4	8	5	1	1	1	3	14	12	2	4	68	3	2	17	1	3	0	8	0	4	4	6	2	1	1	2	16	2	3	0	4	1	5	1	3	11	32	2	2	5	5	3	1	3	8	3	9	1	3	4	5	2	1	7	26	2	1	9	4	5	2	3	3	0	2	0	1	7	2	12	7	1	5	19	2	1	1	1	6	1	3	1	1	3	1	1	7	10	1	3	3	5	8	5	3	1	1	2	1	1	0	8	3	2	1	0	5	5	2	0	30	0	4	3	4	26	2	6	2	1	7	1	3	7	1	1	3	7	3	1	2	3	10	1	13	5	1	0	0	1	11	1	3	4	6	9	7	2	3	2	3	6	0	2	3	7	7	2	7	3	5	4	7	0	1	2	1	4	3	2
A[Del(C):R2]A	0	0	0	0	2	0	2	2	1	0	1	1	1	0	0	0	1	0	3	0	1	2	1	1	0	1	1	4	4	75	2	0	2	7	1	2	1	3	0	1	19	2	0	2	1	0	4	0	3	21	0	1	0	3	1	2	0	0	3	1	1	1	4	1	0	1	2	0	2	1	176	2	1	0	5	2	6	2	1	1	0	1	2	1	0	0	3	1	1	1	0	2	0	2	0	2	1	3	120	2	3	2	49	0	4	0	3	2	1	1	5	0	0	2	6	1	98	0	0	97	3	15	5	4	77	1	27	65	1	1	1	2	0	11	0	2	46	2	1	2	1	1	6	42	0	6	0	4	1	0	1	9	3	0	6	1	1	2	2	1	0	2	4	0	8	1	2	0	2	9	1	5	2	1	2	1	0	0	2	0	2	0	2	2	4	3	0	1	1	61	6	1	0	184	2	1	36	0	2	0	5	3	1	4	0	1	1	0	0	34	0	0	2	11	3	2	1	2	6	92	1	2	1	3	1	3	1	2	2	2	3	1	5	3	0	0	28	82	3	1	8	0	2	2	2	0	1	0	0	0	15	0	7	25	0	0	8	0	0	1	1	3	3	4	0	1	0	0	2	1	2	0	0	2	9	0	0	4	0	1	0	1	1	0	1	6	1	2	2	7	1	1	2	93	0	7	2	0	156	2	0	0	1	7	2	1	5	4	0	1	3	10	0	2	1	3	2	3	1	1	3	1	0	5	0	7	2	2	18	21	1	0	0	0	2	2	1	2	2	1	1	6	1	2	3	3	1	1	4	2	1	2	0
A[Del(C):R2]G	1	0	0	0	0	0	0	0	0	0	0	0	0	0	0	0	1	0	0	0	0	0	0	0	0	0	0	0	0	7	0	0	0	0	0	0	0	0	0	2	2	0	0	0	0	0	1	0	0	2	0	0	0	0	0	0	1	0	0	1	1	0	0	0	0	0	0	0	0	0	45	1	1	0	0	0	0	0	0	0	0	0	0	0	0	0	0	0	0	0	0	0	0	0	0	0	0	0	23	0	0	0	11	1	0	0	0	0	0	3	0	0	0	0	0	0	13	0	0	16	1	2	1	0	10	0	2	12	0	0	0	0	0	0	1	0	8	0	0	0	0	0	0	5	0	1	0	1	1	0	0	4	0	0	3	0	0	0	0	0	0	0	1	0	1	0	0	0	0	0	0	0	0	0	0	0	2	0	1	0	0	0	1	0	0	0	0	0	0	2	1	0	0	29	0	1	9	0	0	0	0	0	0	0	0	0	0	0	0	6	0	0	1	1	3	0	0	0	1	16	1	0	0	0	0	1	0	1	0	0	0	0	2	0	0	0	2	10	0	0	0	1	0	0	0	0	0	0	0	0	2	0	1	7	0	1	0	0	0	0	0	0	0	0	1	0	0	0	0	0	0	0	1	1	0	0	0	0	0	0	0	0	0	0	0	0	0	0	0	0	0	0	0	16	0	4	0	0	21	0	0	0	0	0	0	0	0	0	0	0	0	4	0	0	0	1	0	0	1	0	0	0	0	1	1	2	0	0	4	2	0	0	1	0	1	0	2	0	0	0	0	0	0	0	0	1	0	0	1	0	0	0	0
A[Del(C):R2]T	1	0	0	0	0	0	1	0	1	0	0	0	2	1	1	1	0	0	1	1	2	0	0	0	3	1	2	1	1	14	3	3	2	11	2	2	4	3	3	0	8	0	4	1	0	0	6	1	4	12	3	1	1	1	0	3	1	0	1	0	0	3	6	0	0	0	1	0	1	2	99	0	1	0	3	3	1	1	0	6	1	0	5	2	2	1	3	1	2	2	0	1	4	2	0	0	2	1	57	4	2	3	25	0	0	1	1	3	4	1	2	8	0	3	3	0	54	3	1	40	6	4	7	10	28	0	13	25	3	4	0	0	1	3	4	0	18	0	3	5	0	3	7	22	1	2	1	4	3	4	5	2	3	1	1	0	0	1	2	2	1	1	4	2	4	1	2	0	1	9	3	4	2	2	2	4	5	3	3	0	2	2	5	2	1	0	2	0	3	24	3	0	1	71	2	0	27	0	0	1	8	3	2	0	5	1	1	2	1	20	0	1	3	5	0	1	0	1	2	49	0	1	0	3	1	1	2	0	1	1	0	1	3	2	0	1	8	31	3	2	4	1	2	1	1	2	1	1	2	2	15	1	6	12	1	3	10	0	1	2	1	1	1	1	0	0	1	0	0	1	3	1	0	2	5	1	2	1	0	1	1	0	4	0	2	3	2	2	0	3	3	1	2	49	4	5	0	2	55	1	0	1	1	11	0	3	4	6	3	2	1	2	0	2	4	7	1	4	3	0	3	0	0	6	0	4	1	3	8	14	0	0	4	2	1	2	0	0	4	3	3	3	0	1	2	0	0	0	2	1	1	2	1
A[Del(C):R3]A	0	0	0	1	1	0	2	1	0	0	0	1	0	1	0	1	0	0	0	0	3	0	0	1	0	0	0	1	2	31	3	2	2	3	2	2	7	2	2	0	22	0	0	2	1	1	2	2	1	20	0	0	0	0	1	1	0	0	0	0	2	1	3	2	1	0	0	0	0	0	104	2	1	0	2	0	4	0	3	0	1	2	2	0	1	1	4	1	0	1	0	1	1	2	0	0	0	0	60	3	1	0	34	0	1	0	4	2	1	0	1	0	0	1	5	0	60	2	0	59	2	4	4	1	48	0	21	28	3	1	0	0	0	7	4	1	25	1	1	1	0	1	2	26	0	2	1	0	1	1	0	9	1	0	2	0	3	0	2	3	1	0	1	1	7	0	0	0	0	3	0	2	0	1	3	1	1	0	1	0	0	1	0	2	4	0	1	4	1	24	2	0	0	105	0	1	27	0	3	1	2	1	1	1	0	3	0	0	0	22	1	1	1	7	2	0	0	0	5	54	1	4	4	1	1	1	1	1	1	1	0	0	0	0	0	1	15	35	2	1	6	0	1	2	0	2	1	0	2	0	18	0	5	5	0	0	5	0	0	0	0	1	0	3	1	0	0	0	2	0	6	0	0	0	2	0	1	1	0	3	1	1	0	1	1	3	0	1	0	5	1	2	0	51	0	1	1	1	84	0	3	0	0	3	1	0	1	2	1	1	4	5	0	1	0	0	1	4	0	0	1	1	1	3	0	6	1	1	7	9	0	0	0	2	1	0	2	1	0	0	2	2	1	2	0	0	0	0	3	2	0	0	1
A[Del(C):R3]G	0	0	0	0	0	0	0	0	0	0	0	0	0	0	0	0	0	0	0	0	0	1	0	0	0	0	0	0	1	6	2	1	1	0	0	0	1	0	1	0	1	0	0	0	0	0	0	0	0	4	0	0	1	0	0	1	0	0	0	0	0	0	0	0	0	0	0	0	0	0	17	0	1	0	1	0	0	0	0	0	0	0	0	0	1	0	0	1	0	0	0	1	0	0	0	0	0	0	10	0	0	0	6	0	0	0	0	0	1	1	0	0	0	0	1	1	13	0	0	9	0	1	1	2	4	0	1	5	0	0	0	0	1	2	1	0	8	0	1	0	1	0	0	1	0	1	0	0	0	0	0	0	1	0	2	0	0	0	0	0	0	1	0	0	0	0	0	0	0	0	0	0	0	0	0	0	1	0	0	0	0	0	0	0	0	1	0	0	0	5	1	0	0	15	0	0	3	0	0	0	0	1	0	0	0	0	0	0	1	2	0	0	0	0	0	0	0	0	1	5	1	0	1	1	0	0	0	0	0	0	0	0	0	0	0	0	2	6	1	0	0	1	1	0	0	0	0	0	1	0	2	1	0	0	0	0	1	1	0	0	0	0	0	0	0	0	0	0	1	0	0	0	0	0	0	0	0	1	0	0	0	0	0	0	0	0	0	0	0	0	0	0	0	4	0	1	0	0	9	0	0	0	0	0	0	0	1	0	1	0	0	1	0	0	0	0	0	0	0	0	0	0	0	1	0	1	1	0	0	2	0	1	0	1	0	0	1	0	0	0	0	1	1	1	0	0	0	0	0	0	0	1	0
A[Del(C):R3]T	0	1	0	2	0	0	0	1	0	0	0	0	1	1	0	0	0	0	0	0	1	1	1	2	0	0	0	1	0	14	2	1	0	1	0	1	3	2	1	0	13	0	1	2	0	0	0	1	1	15	2	0	0	0	1	0	2	2	2	1	1	0	1	1	0	1	2	0	1	1	50	2	0	1	1	2	2	1	0	0	0	2	3	0	2	1	2	1	0	0	1	2	1	1	1	1	0	1	36	0	0	1	15	2	1	1	0	0	1	2	5	4	2	1	0	0	26	0	1	20	1	5	0	0	12	1	3	15	1	2	1	1	1	4	1	0	15	1	1	0	2	4	1	11	1	1	0	3	4	1	1	4	2	1	2	0	0	1	3	2	1	1	2	0	1	2	1	1	0	3	1	1	0	2	1	1	1	1	1	3	0	0	0	0	1	0	1	0	0	10	1	0	0	40	2	0	13	0	0	2	2	0	1	1	3	1	0	0	1	13	0	3	0	1	1	0	0	0	3	16	0	0	1	0	3	2	1	0	1	2	0	0	1	1	0	0	9	16	0	1	4	1	1	1	0	0	2	1	0	1	15	0	3	9	1	0	6	0	0	0	1	2	0	0	1	0	0	0	0	1	1	0	1	3	4	0	5	1	1	0	1	0	0	1	2	2	0	0	2	4	2	1	2	15	1	0	0	1	40	3	1	0	0	3	0	0	1	0	0	0	2	3	2	0	0	5	1	3	2	0	3	0	0	3	3	2	1	1	7	4	0	2	0	1	1	0	0	1	0	0	1	6	0	0	0	0	1	0	0	1	0	0	0
A[Del(C):R4]A	0	1	1	0	1	0	1	1	0	0	1	0	1	0	0	1	0	1	2	1	2	3	0	0	0	0	0	0	2	18	3	0	1	2	0	0	0	9	0	0	59	1	2	0	0	1	0	1	0	28	1	1	1	1	0	0	0	1	1	0	1	0	4	3	0	0	0	0	0	0	58	0	3	1	0	1	2	0	1	0	1	3	1	0	0	0	3	0	0	2	0	0	1	2	0	1	0	0	35	4	0	0	9	1	0	1	2	2	2	1	2	0	2	0	0	0	22	1	1	30	0	5	2	1	21	0	5	14	3	0	0	1	0	4	2	0	13	0	0	1	2	0	3	13	1	2	0	0	0	1	1	0	0	1	3	0	0	0	1	1	0	0	2	0	3	2	0	0	1	1	3	1	0	0	1	0	1	0	1	0	1	1	0	1	0	0	1	4	0	13	3	0	0	40	0	0	13	0	1	0	5	0	0	0	0	1	2	0	1	14	0	2	1	3	2	1	0	0	1	26	0	0	2	1	2	1	1	2	0	0	1	2	1	2	0	0	10	22	0	0	3	0	1	0	1	0	1	1	0	0	37	0	2	9	0	0	5	0	0	0	1	0	1	0	0	0	0	1	2	0	1	0	1	0	2	0	2	1	0	0	0	0	0	0	2	0	0	1	0	3	1	1	0	24	0	0	0	0	41	0	2	1	0	0	0	0	0	1	2	2	0	1	1	3	1	3	0	2	2	0	1	0	0	0	1	2	2	1	6	5	1	0	1	0	1	1	1	0	1	0	2	18	0	2	1	2	0	0	1	0	1	0	0
A[Del(C):R4]G	0	0	0	0	0	0	0	0	0	0	1	0	1	0	0	0	0	0	0	0	0	0	0	0	0	0	0	0	0	4	0	0	0	0	0	0	1	1	0	0	12	0	0	0	0	0	0	0	1	10	0	0	0	0	0	0	1	1	0	0	0	0	0	0	0	0	0	0	0	0	13	0	0	0	1	0	0	0	0	0	0	0	0	0	0	0	0	0	1	0	0	0	0	1	0	0	0	0	12	1	0	0	2	0	0	0	0	0	0	0	0	0	0	1	0	0	6	0	0	6	1	0	1	1	5	0	1	4	0	0	2	0	0	1	0	0	5	0	0	0	0	0	2	2	1	1	0	0	0	0	0	1	0	0	0	0	0	0	0	0	0	0	0	0	0	0	0	0	0	2	0	0	0	0	0	0	1	0	0	0	1	0	0	0	0	0	0	0	0	2	1	0	0	11	0	0	1	0	0	0	0	0	0	0	0	0	0	0	0	2	1	0	0	3	0	0	0	0	2	11	0	1	0	0	0	0	0	0	2	0	0	0	0	0	0	0	1	7	0	0	0	0	1	0	0	0	0	0	0	0	19	0	0	2	0	0	0	0	0	0	0	0	0	0	0	0	0	0	0	2	1	0	0	0	3	0	0	0	0	0	0	0	0	1	0	0	0	0	0	3	0	0	0	11	0	1	0	0	7	0	0	0	0	1	0	0	0	0	0	0	0	1	0	0	0	1	0	1	0	0	0	0	0	0	0	0	0	0	4	1	0	0	0	0	0	0	0	0	0	0	0	4	0	0	0	0	0	0	0	0	0	0	0
A[Del(C):R4]T	0	0	0	0	0	0	0	0	0	0	0	0	1	0	0	0	0	0	0	0	0	0	0	0	0	1	1	0	0	9	1	1	0	2	2	2	2	1	2	1	24	0	0	0	0	0	2	1	0	19	0	0	0	0	0	1	0	0	1	0	2	0	1	2	0	0	0	1	1	0	20	1	1	2	0	0	1	0	0	0	1	0	2	1	0	0	3	0	1	0	0	0	1	0	3	2	1	1	14	2	0	1	10	0	1	0	1	0	2	0	0	0	0	0	1	0	11	0	1	7	0	2	3	2	8	0	4	6	0	0	0	0	0	3	1	0	3	0	1	1	0	1	2	6	0	1	1	0	0	0	0	1	1	0	1	0	0	1	0	0	0	0	0	0	1	1	0	0	3	2	1	1	1	1	0	1	1	0	2	1	0	0	2	0	3	0	1	0	1	6	1	0	0	25	1	0	11	0	0	0	1	1	1	0	1	0	0	0	0	9	0	0	0	3	0	0	0	0	1	14	0	2	0	1	0	0	1	2	0	0	0	0	1	0	0	0	5	9	1	1	1	0	0	2	1	1	0	0	0	0	33	1	0	2	0	0	0	0	0	0	0	1	0	0	1	0	0	0	1	1	1	0	1	0	0	0	0	0	0	0	0	0	0	0	0	0	0	0	0	0	0	1	0	14	0	1	1	1	20	0	1	0	2	2	0	0	2	1	0	2	0	1	0	1	0	0	0	1	0	0	0	0	1	1	0	4	2	0	1	0	0	0	0	1	0	0	0	0	0	1	1	3	0	0	0	0	0	0	1	0	1	1	0
A[Del(C):R5]A	0	0	0	0	1	0	1	0	1	0	0	0	1	1	0	1	0	1	0	0	2	0	0	0	0	0	0	0	0	14	0	0	0	1	1	1	4	15	0	0	110	1	1	1	0	0	3	1	2	55	0	0	0	0	0	0	2	0	1	0	1	1	0	2	1	1	0	0	0	0	49	1	0	0	1	0	0	0	1	0	0	0	1	2	0	0	2	1	2	0	0	0	0	0	0	1	0	1	43	0	2	0	10	1	0	0	1	1	1	1	1	1	0	1	0	0	30	0	1	23	1	5	1	3	16	0	4	11	1	0	0	0	1	2	1	0	12	0	0	1	0	1	0	6	0	0	0	1	2	0	1	0	0	0	0	0	0	0	0	0	0	1	0	0	3	1	0	0	0	6	0	0	3	1	0	0	2	0	1	0	0	1	0	0	0	1	0	2	0	17	0	0	0	64	0	0	10	0	1	0	2	0	1	0	0	1	0	1	0	16	1	1	1	3	0	0	0	0	2	20	0	1	1	0	1	0	0	1	0	0	0	0	2	0	1	0	10	21	0	0	1	0	0	1	1	1	2	0	0	0	119	0	2	5	0	0	3	0	0	0	0	1	0	1	0	0	1	0	1	1	0	0	0	0	2	2	2	1	0	1	1	0	0	0	1	1	1	0	0	1	0	2	0	21	0	0	0	1	47	0	2	0	0	3	0	0	1	1	0	1	1	8	0	1	0	0	0	0	0	0	0	0	0	1	0	2	1	1	6	2	0	0	0	2	2	0	0	1	3	0	2	35	1	0	1	1	0	0	0	0	1	1	0
A[Del(C):R5]G	1	0	0	0	2	0	0	0	0	0	0	0	0	0	0	0	0	0	0	0	0	0	0	0	0	0	0	0	0	2	0	0	0	0	0	0	0	2	0	0	44	0	0	0	0	0	0	0	0	13	0	0	0	0	0	0	0	0	0	0	1	0	1	0	0	0	0	0	0	0	4	0	0	0	1	0	0	0	0	0	0	0	0	0	0	0	0	1	0	0	0	0	0	0	0	0	0	0	9	0	0	0	1	0	0	0	0	0	0	0	0	0	0	0	0	0	3	0	0	5	0	0	0	0	2	0	1	3	0	0	0	0	0	2	0	0	2	0	0	0	0	0	0	1	0	1	0	0	0	0	0	0	0	0	0	1	0	0	0	0	0	0	0	0	0	0	0	1	2	1	1	0	0	0	0	0	0	0	0	0	0	0	0	0	0	0	0	0	1	3	0	0	1	10	0	0	3	0	0	0	0	0	0	0	0	2	1	0	0	0	0	0	0	0	1	2	0	0	0	0	0	0	0	0	0	0	1	0	0	0	0	0	0	0	0	0	1	3	0	0	0	0	0	0	0	1	0	0	0	0	29	0	0	1	0	0	0	0	0	0	0	0	0	0	0	0	0	0	0	1	0	0	0	1	0	0	1	0	0	0	0	0	0	0	1	1	0	0	0	1	0	0	0	0	0	1	0	0	6	0	0	0	0	1	0	0	0	0	0	0	0	1	0	0	0	0	0	0	0	0	0	0	0	0	1	0	0	0	0	2	0	0	0	0	0	0	0	0	0	0	0	6	0	0	0	0	0	0	0	0	0	0	0
A[Del(C):R5]T	0	1	1	0	0	0	0	0	1	0	1	0	0	0	1	0	0	0	0	2	0	0	0	0	0	0	0	0	0	4	0	0	0	0	1	1	3	12	0	0	156	0	0	0	0	0	0	0	0	47	0	1	0	0	0	1	0	0	0	0	0	0	2	0	0	0	0	0	0	0	16	0	0	0	0	1	0	0	0	0	0	0	1	1	0	0	0	1	0	0	0	0	1	1	0	0	0	0	23	1	0	1	5	0	0	0	0	0	1	0	1	0	0	0	0	0	15	0	0	14	0	0	0	2	6	0	4	6	0	0	1	0	0	0	1	0	3	2	0	4	1	1	0	1	1	4	0	1	0	0	1	0	0	0	0	0	1	0	0	0	1	1	1	1	0	0	0	0	0	2	1	1	0	0	0	1	0	0	0	0	0	0	0	0	0	1	0	0	0	8	3	0	0	17	0	0	4	0	0	0	2	1	1	0	0	1	0	0	1	6	0	1	1	2	1	0	0	0	0	10	0	1	0	0	1	0	0	1	0	0	0	0	0	0	0	0	3	9	1	0	2	1	0	0	1	0	0	0	0	0	127	0	1	2	0	0	0	0	0	0	0	0	0	0	0	0	0	0	1	0	0	0	0	0	2	0	0	1	0	0	0	0	0	0	1	2	0	0	1	0	0	0	1	10	0	2	0	0	15	0	0	0	0	2	0	0	0	0	1	1	2	0	0	0	0	0	0	1	1	0	0	0	0	1	0	2	1	0	2	4	0	0	0	0	0	0	0	2	1	0	0	33	1	1	0	0	0	0	0	0	0	0	1
A[Del(C):R6]A	0	0	0	0	0	0	0	0	0	0	0	0	1	0	1	0	0	1	0	0	0	0	0	1	0	0	0	0	0	1	1	0	0	0	1	0	1	24	0	0	180	2	1	0	0	0	0	1	1	91	0	0	0	0	0	1	0	1	0	0	0	0	0	1	0	0	0	0	0	0	12	0	1	0	0	2	0	0	0	0	0	0	1	1	1	0	0	0	0	0	0	0	0	1	0	0	0	0	10	0	0	0	6	0	0	0	0	0	0	0	1	0	1	0	0	0	15	0	0	10	3	1	1	0	9	0	3	7	1	0	0	0	0	3	3	0	5	5	0	0	0	0	0	6	0	1	0	0	0	1	0	1	0	0	0	2	0	0	0	0	0	0	0	0	1	0	0	0	0	1	1	0	0	0	0	0	0	0	1	0	2	1	0	2	1	0	1	0	0	8	1	1	0	16	0	0	6	0	0	1	0	1	0	0	0	0	0	0	0	5	0	0	2	0	0	0	1	0	2	12	0	0	0	0	0	1	0	1	1	0	0	0	0	1	0	0	2	11	1	1	1	0	0	0	0	2	0	0	0	0	176	0	2	2	0	0	1	0	0	0	1	0	0	0	0	1	0	0	0	0	0	0	0	0	1	1	0	0	0	0	0	0	1	0	1	0	0	1	0	0	0	1	1	12	1	0	0	1	14	0	0	0	0	2	0	0	0	0	0	1	2	1	0	0	0	0	0	1	0	0	0	0	0	0	0	1	0	3	5	3	0	0	0	0	1	0	0	1	4	0	2	58	2	1	0	0	0	0	1	0	0	0	0
A[Del(C):R6]G	1	0	0	0	0	0	0	0	0	0	0	0	0	0	0	1	0	0	1	0	0	0	0	0	0	0	0	0	0	0	0	0	0	0	0	0	1	4	0	0	57	0	0	0	0	0	0	0	0	18	0	0	0	0	0	0	0	0	0	0	0	0	0	0	0	0	0	0	0	0	3	0	0	0	0	0	1	0	0	0	0	0	0	0	0	0	0	0	0	0	0	0	0	1	0	0	0	0	4	0	0	0	0	0	0	0	0	0	0	1	1	0	0	0	0	0	1	0	0	2	0	0	1	0	2	0	2	2	0	0	0	0	0	0	0	0	0	2	0	0	0	0	0	3	0	0	0	0	0	0	0	0	0	0	0	0	0	0	0	0	0	0	0	0	0	0	0	0	0	0	0	0	0	0	0	0	0	0	0	0	0	0	0	1	0	0	0	0	0	1	0	0	0	5	0	0	4	0	0	0	0	0	0	0	0	0	0	0	0	0	0	0	0	1	0	0	0	0	0	0	0	0	0	0	0	0	0	0	0	0	0	0	0	1	0	0	0	1	0	0	0	0	0	0	0	0	0	1	0	0	33	0	1	0	0	0	0	0	0	0	0	0	0	0	0	0	0	0	0	0	0	0	0	0	0	0	1	0	0	0	0	0	0	0	0	0	0	0	0	0	0	0	0	0	0	0	0	0	0	0	0	0	0	0	0	0	0	0	0	0	0	0	0	0	1	0	0	0	0	0	0	0	0	0	0	0	0	0	1	0	0	0	0	0	0	0	0	0	1	0	0	16	0	0	0	0	0	0	0	0	0	0	0
A[Del(C):R6]T	0	0	0	0	0	0	0	0	1	0	0	0	0	0	0	0	0	1	1	0	0	0	0	0	0	0	1	0	0	2	1	0	0	0	0	0	1	12	0	1	119	1	1	0	0	1	0	0	1	56	0	0	0	0	0	1	0	0	0	0	0	0	0	1	0	0	0	0	0	0	7	0	2	0	0	0	1	0	0	0	0	0	0	0	0	0	0	0	0	0	0	0	1	2	0	0	0	0	9	0	0	0	3	0	0	0	0	1	0	0	0	1	1	0	0	0	4	0	0	4	0	0	0	0	3	0	2	1	0	1	0	0	0	2	0	0	7	2	0	0	0	0	0	1	0	0	0	0	0	0	1	0	0	0	0	0	0	0	1	0	0	1	0	0	0	0	0	0	0	3	0	0	0	0	0	0	0	0	0	0	3	0	0	0	1	0	0	0	0	4	0	0	0	5	0	0	1	0	0	0	1	1	0	0	0	0	0	0	0	6	0	0	0	0	0	0	0	0	1	3	0	0	0	0	0	0	0	0	0	0	0	0	1	0	0	0	2	3	1	0	1	0	0	0	0	0	0	0	0	0	100	0	0	2	0	0	1	0	0	0	0	1	0	0	0	0	0	0	0	0	0	0	1	0	1	0	1	0	1	0	0	0	0	1	0	0	0	0	0	0	1	0	0	3	0	0	0	1	7	0	0	0	0	1	0	0	1	0	0	0	0	1	0	0	0	0	0	1	0	0	0	0	0	0	0	0	0	0	0	0	1	0	0	0	1	0	0	0	0	0	0	38	0	0	0	0	0	0	0	0	0	0	0
A[Del(C):R7]A	0	0	0	0	0	0	0	0	0	0	0	0	0	0	0	0	0	1	0	0	3	0	0	0	0	0	1	0	0	0	2	3	0	0	0	0	3	18	1	0	218	0	0	0	0	1	0	2	1	130	0	0	2	0	0	0	0	0	0	0	0	0	0	2	0	0	0	0	0	1	6	0	0	0	1	1	0	0	0	0	0	0	0	0	2	0	0	0	0	0	0	0	1	0	0	1	0	0	0	0	0	0	2	0	0	0	0	1	0	0	0	0	0	0	0	0	5	0	0	3	3	1	1	1	2	0	2	2	0	0	0	0	0	1	0	0	0	3	0	0	0	0	0	5	0	0	0	0	0	0	1	0	0	0	1	0	2	0	0	0	0	0	0	1	1	1	1	0	0	2	0	1	0	0	0	0	0	0	0	0	0	0	0	1	1	0	0	1	0	1	0	1	0	4	0	0	4	0	1	0	0	0	0	0	0	0	0	0	0	1	0	0	0	0	0	0	0	0	3	2	1	2	0	0	0	1	0	0	0	0	0	0	1	0	0	0	0	3	0	0	1	1	0	0	0	0	1	0	0	0	253	0	0	3	0	0	0	0	0	0	0	0	0	0	0	0	0	0	0	0	0	0	0	0	0	0	0	1	0	0	0	0	0	0	1	0	0	0	0	0	0	0	0	3	0	1	0	0	6	0	1	0	0	0	0	0	0	0	0	0	3	1	0	0	0	3	0	0	0	0	0	0	0	0	0	0	3	2	0	1	0	0	0	0	1	0	0	0	0	0	1	81	1	0	1	0	0	0	0	0	0	0	0
A[Del(C):R7]G	0	0	0	0	0	0	0	0	0	0	0	0	0	0	0	0	0	0	0	0	0	0	0	0	0	0	0	0	0	0	0	0	0	0	0	0	0	9	0	0	69	0	0	0	0	0	0	0	0	33	0	0	0	0	0	0	0	0	0	0	0	0	0	0	0	0	0	0	0	0	0	0	0	0	0	0	0	0	0	0	0	0	0	0	0	0	0	0	0	0	0	0	0	0	0	0	0	0	0	0	0	0	1	0	0	0	0	0	0	0	1	0	0	0	0	0	0	0	0	3	0	0	0	0	0	0	1	1	0	0	0	0	0	0	0	0	0	0	0	0	0	0	0	1	0	2	0	0	0	0	0	0	0	0	0	0	0	0	0	0	0	0	0	0	0	0	0	0	0	0	0	0	0	0	0	0	0	0	0	0	0	0	0	0	0	0	0	0	0	0	2	0	0	1	0	0	1	0	0	0	0	0	0	0	0	0	0	0	0	1	0	0	0	0	0	0	0	0	1	0	0	0	0	0	0	0	0	0	0	0	0	0	0	0	0	0	0	0	0	0	0	0	0	0	0	0	0	0	0	0	49	0	0	0	0	0	0	0	0	0	0	0	0	0	0	0	0	0	0	0	0	0	0	0	0	0	0	0	0	0	0	0	0	0	0	0	0	0	0	0	0	0	0	0	0	0	0	0	0	0	0	0	0	0	0	0	0	0	0	0	0	0	0	0	0	0	0	0	0	0	0	0	0	0	0	1	0	0	2	0	0	0	0	0	0	0	0	0	0	0	0	16	0	0	0	0	0	0	0	0	0	0	0
A[Del(C):R7]T	0	0	0	0	0	0	0	0	0	0	0	0	0	0	0	0	0	0	0	0	0	0	0	0	0	0	0	0	0	0	1	0	0	0	0	0	2	2	0	0	32	0	0	0	0	0	0	0	0	20	0	0	0	0	0	1	0	0	0	0	0	0	0	0	0	0	0	0	0	0	3	0	0	0	0	0	0	0	0	0	0	1	3	1	0	0	0	0	0	0	0	0	0	0	0	0	0	0	2	0	0	0	0	0	0	0	0	0	0	0	0	1	0	0	0	0	1	0	0	2	0	0	0	0	1	0	0	0	0	0	0	0	0	0	0	0	0	1	0	0	0	0	0	0	0	0	0	0	0	0	0	0	0	0	0	0	1	0	0	0	0	0	1	0	0	0	0	0	0	0	1	1	0	0	0	0	0	0	0	0	0	0	0	0	0	0	0	0	0	1	0	0	0	1	0	0	1	0	0	0	0	1	0	0	0	0	0	0	0	1	0	0	0	0	0	0	0	0	0	3	0	0	0	1	0	0	0	0	0	0	0	0	0	0	0	0	0	2	1	0	0	0	0	0	0	0	0	0	0	0	38	0	1	0	0	0	1	0	0	0	0	0	0	0	0	0	0	0	0	0	0	0	0	0	0	1	0	0	0	0	0	0	0	0	0	0	0	0	0	0	0	0	0	2	0	0	0	0	1	0	0	1	0	0	0	0	0	0	0	1	0	0	0	0	0	0	0	0	1	0	0	0	0	0	0	0	0	0	1	0	0	0	0	0	0	0	0	0	0	0	0	16	0	0	1	0	0	0	0	0	0	0	0
A[Del(C):R8]A	1	0	0	1	0	0	0	0	1	0	0	0	0	0	0	0	0	0	0	0	3	1	0	0	0	0	0	0	0	1	1	1	0	1	1	0	1	24	0	0	168	1	0	0	0	0	0	0	0	133	0	0	0	0	0	0	0	0	1	0	0	0	1	2	0	0	0	0	0	2	3	0	0	0	1	0	0	0	0	0	0	0	5	1	0	0	0	0	1	0	0	0	0	0	0	0	0	0	2	0	0	0	2	0	0	0	0	4	0	0	0	4	0	1	0	0	0	0	0	0	0	1	2	1	2	0	2	1	0	0	1	0	0	0	1	1	1	1	0	0	0	0	0	0	0	1	1	1	0	0	0	0	0	0	1	1	0	0	0	1	1	0	0	0	0	0	0	0	0	0	0	0	0	0	0	0	0	0	0	0	1	0	0	3	0	0	2	0	0	0	1	0	0	3	0	0	1	0	1	0	0	0	1	0	4	0	0	0	0	4	0	1	1	1	0	0	0	0	0	2	0	1	1	0	1	0	0	1	0	0	0	0	0	1	0	0	1	1	0	0	0	0	0	0	0	0	0	1	1	0	167	0	0	0	0	1	3	0	0	0	0	1	0	0	0	0	0	0	0	0	0	0	0	0	0	2	2	0	0	0	1	0	0	0	2	0	0	1	0	1	0	0	0	2	0	0	0	0	2	0	1	0	0	1	0	0	0	0	0	0	1	1	0	0	0	0	0	2	0	0	0	0	0	0	0	0	0	0	0	0	0	0	0	0	1	0	0	1	1	0	0	56	0	0	2	1	1	0	0	0	0	0	0
A[Del(C):R8]G	0	0	0	0	0	0	0	0	0	0	0	0	0	0	0	0	0	0	0	0	0	0	0	0	0	0	0	0	0	0	0	0	0	0	0	0	0	1	0	0	16	0	0	0	0	0	0	0	0	12	0	0	0	0	0	0	0	0	0	0	0	0	0	1	0	0	0	0	0	0	0	0	0	0	0	0	0	0	0	0	0	0	1	0	0	0	0	0	0	0	0	0	0	0	0	0	0	0	0	0	0	0	0	0	0	0	0	0	0	0	1	0	0	0	0	0	0	0	0	0	0	0	0	0	0	0	0	0	0	0	0	0	0	0	0	0	0	0	0	0	0	0	0	0	0	0	0	0	0	0	0	0	0	0	0	0	1	0	0	0	0	0	0	0	0	0	0	0	0	0	0	0	0	0	0	0	0	0	0	0	0	0	0	1	0	0	0	0	0	0	0	0	0	0	0	0	0	0	0	0	0	0	0	0	0	0	0	0	0	0	0	0	1	0	0	0	0	0	0	0	0	0	0	0	0	0	0	0	0	0	0	0	0	0	0	0	0	1	0	0	0	0	0	0	0	0	0	0	0	0	14	0	0	0	0	0	0	0	0	1	0	0	0	0	0	0	0	0	0	0	1	0	0	0	0	0	0	0	0	0	0	0	0	0	0	0	0	0	0	0	0	0	0	0	0	0	0	0	1	0	0	0	0	0	0	0	0	0	0	0	0	0	0	0	0	0	0	1	0	0	0	0	0	0	0	0	0	0	0	0	0	0	0	0	0	0	0	0	0	0	0	6	0	0	0	0	0	0	0	0	0	0	0
A[Del(C):R8]T	0	0	0	0	0	0	0	0	0	0	0	0	0	0	0	0	0	0	0	0	0	1	0	0	0	0	0	0	0	0	0	1	0	1	0	0	1	1	0	0	41	0	0	0	0	0	0	0	0	20	0	0	0	0	0	0	0	0	0	0	0	0	0	1	0	0	0	0	0	0	0	0	0	0	0	0	0	0	0	0	0	0	0	0	0	0	0	0	0	0	0	0	1	0	0	0	0	0	2	0	0	0	0	0	0	0	0	0	0	0	0	1	0	0	0	0	0	0	0	1	1	0	0	0	0	0	0	0	0	0	0	0	0	0	0	0	0	3	0	0	0	0	0	0	0	0	0	0	0	0	0	0	0	0	0	0	0	0	0	0	0	1	0	0	0	0	0	0	0	2	0	0	0	0	0	0	0	0	0	0	1	0	0	1	0	0	0	0	0	0	0	0	0	0	0	0	0	0	1	0	0	0	0	0	1	1	0	0	1	1	0	1	0	0	0	0	0	0	1	0	0	0	0	1	0	0	0	0	0	0	0	0	0	1	0	0	1	0	0	0	0	0	0	0	0	0	1	0	0	0	25	0	0	0	0	0	0	0	0	0	0	0	0	0	0	0	0	0	0	0	0	0	0	0	0	0	0	0	0	0	0	0	0	0	0	0	0	0	0	0	0	0	0	0	0	0	0	0	0	0	0	0	0	0	0	0	0	0	0	2	0	0	0	0	0	1	0	2	0	0	0	0	0	0	0	0	1	1	0	0	0	0	0	0	1	0	0	0	0	0	1	8	0	0	0	0	0	0	0	0	0	0	0
A[Del(C):R(9,)]A	0	0	0	0	0	0	0	0	0	0	0	0	0	0	0	0	0	0	0	0	0	0	0	0	0	0	0	0	0	0	0	0	0	0	0	0	0	0	0	0	0	0	0	0	0	0	0	0	0	0	0	0	0	0	0	0	0	0	0	0	0	0	0	0	0	0	0	0	0	0	0	0	0	0	0	0	0	0	0	0	0	0	0	0	0	0	0	0	0	0	0	0	0	0	0	0	0	0	0	0	0	0	0	0	0	0	0	0	0	0	0	0	0	0	0	0	0	0	0	0	0	0	0	0	0	0	0	0	0	0	0	0	0	0	0	0	0	0	0	0	0	0	0	0	0	0	0	0	0	0	0	0	0	0	0	0	0	0	0	0	0	0	0	0	0	0	0	0	0	0	0	0	0	0	0	0	0	0	0	0	0	0	0	0	0	0	0	0	0	0	0	0	0	0	0	0	0	0	0	0	0	0	0	0	0	0	0	0	0	0	0	0	0	0	0	0	0	0	0	0	0	0	0	0	0	0	0	0	0	0	0	0	0	0	0	0	0	0	0	0	0	0	0	0	0	0	0	0	0	0	0	0	0	0	0	0	0	0	0	0	0	0	0	0	0	0	0	0	0	0	0	0	0	0	0	0	0	0	0	0	0	0	0	0	0	0	0	0	0	0	0	0	0	0	0	0	0	0	0	0	0	0	0	0	0	0	0	0	0	0	0	0	0	0	0	0	0	0	0	0	0	0	0	0	0	0	0	0	0	0	0	0	0	0	0	0	0	0	0	0	0	0	0	0	0	0	0	0	0	0	0	0	0
A[Del(C):R(9,)]G	0	0	0	0	0	0	0	0	0	0	0	0	0	0	0	0	0	0	0	0	0	0	0	0	0	0	0	0	0	0	0	0	0	0	0	0	0	0	0	0	0	0	0	0	0	0	0	0	0	0	0	0	0	0	0	0	0	0	0	0	0	0	0	0	0	0	0	0	0	0	0	0	0	0	0	0	0	0	0	0	0	0	0	0	0	0	0	0	0	0	0	0	0	0	0	0	0	0	0	0	0	0	0	0	0	0	0	0	0	0	0	0	0	0	0	0	0	0	0	0	0	0	0	0	0	0	0	0	0	0	0	0	0	0	0	0	0	0	0	0	0	0	0	0	0	0	0	0	0	0	0	0	0	0	0	0	0	0	0	0	0	0	0	0	0	0	0	0	0	0	0	0	0	0	0	0	0	0	0	0	0	0	0	0	0	0	0	0	0	0	0	0	0	0	0	0	0	0	0	0	0	0	0	0	0	0	0	0	0	0	0	0	0	0	0	0	0	0	0	0	0	0	0	0	0	0	0	0	0	0	0	0	0	0	0	0	0	0	0	0	0	0	0	0	0	0	0	0	0	0	0	0	0	0	0	0	0	0	0	0	0	0	0	0	0	0	0	0	0	0	0	0	0	0	0	0	0	0	0	0	0	0	0	0	0	0	0	0	0	0	0	0	0	0	0	0	0	0	0	0	0	0	0	0	0	0	0	0	0	0	0	0	0	0	0	0	0	0	0	0	0	0	0	0	0	0	0	0	0	0	0	0	0	0	0	0	0	0	0	0	0	0	0	0	0	0	0	0	0	0	0	0	0
A[Del(C):R(9,)]T	0	0	0	0	0	0	0	0	0	0	0	0	0	0	0	0	0	0	0	0	0	0	0	0	0	0	0	0	0	0	0	0	0	0	0	0	0	0	0	0	0	0	0	0	0	0	0	0	0	0	0	0	0	0	0	0	0	0	0	0	0	0	0	0	0	0	0	0	0	0	0	0	0	0	0	0	0	0	0	0	0	0	0	0	0	0	0	0	0	0	0	0	0	0	0	0	0	0	0	0	0	0	0	0	0	0	0	0	0	0	0	0	0	0	0	0	0	0	0	0	0	0	0	0	0	0	0	0	0	0	0	0	0	0	0	0	0	0	0	0	0	0	0	0	0	0	0	0	0	0	0	0	0	0	0	0	0	0	0	0	0	0	0	0	0	0	0	0	0	0	0	0	0	0	0	0	0	0	0	0	0	0	0	0	0	0	0	0	0	0	0	0	0	0	0	0	0	0	0	0	0	0	0	0	0	0	0	0	0	0	0	0	0	0	0	0	0	0	0	0	0	0	0	0	0	0	0	0	0	0	0	0	0	0	0	0	0	0	0	0	0	0	0	0	0	0	0	0	0	0	0	0	0	0	0	0	0	0	0	0	0	0	0	0	0	0	0	0	0	0	0	0	0	0	0	0	0	0	0	0	0	0	0	0	0	0	0	0	0	0	0	0	0	0	0	0	0	0	0	0	0	0	0	0	0	0	0	0	0	0	0	0	0	0	0	0	0	0	0	0	0	0	0	0	0	0	0	0	0	0	0	0	0	0	0	0	0	0	0	0	0	0	0	0	0	0	0	0	0	0	0	0	0
G[Del(C):R1]A	1	1	1	3	1	0	0	0	0	1	0	1	1	1	0	0	0	1	0	0	4	1	1	0	0	0	1	0	2	35	6	1	3	0	0	0	5	3	0	1	7	0	0	2	1	0	1	0	2	18	1	2	1	2	2	1	2	1	0	2	1	1	5	1	0	0	4	1	1	3	146	0	1	1	0	4	1	0	1	1	1	1	5	4	2	1	6	1	1	2	2	2	2	1	1	1	1	0	76	4	1	1	45	0	0	1	0	2	2	1	9	0	0	1	3	1	62	1	1	57	4	7	5	3	39	0	16	41	3	0	0	2	1	1	5	0	32	1	1	0	1	3	7	20	1	4	0	0	1	0	3	5	2	2	1	0	0	0	4	0	0	1	4	0	4	1	0	0	1	14	3	2	1	0	2	1	1	1	0	1	1	4	0	2	3	0	1	2	1	19	4	1	0	123	3	0	15	0	1	0	7	1	0	0	0	3	2	0	1	14	1	4	0	8	4	1	0	0	7	69	1	4	5	1	4	3	1	1	1	0	0	1	0	0	0	0	19	38	1	3	5	2	2	1	0	0	2	0	2	0	6	0	12	13	0	1	33	0	1	0	1	4	1	1	0	3	0	2	2	2	5	0	0	2	7	1	3	2	1	1	1	0	2	0	7	1	0	3	0	5	0	1	1	68	1	14	1	2	65	1	1	0	0	11	0	3	4	2	0	1	1	6	1	0	0	2	0	4	0	0	1	1	1	8	2	2	1	0	9	17	1	1	0	2	0	0	0	1	3	2	2	0	0	0	2	1	0	1	2	0	1	2	3
G[Del(C):R1]G	0	0	0	0	0	0	0	2	0	1	0	0	0	0	0	0	1	0	0	0	1	0	0	1	0	0	0	1	0	5	3	0	0	0	1	0	0	0	0	2	15	0	0	0	0	1	2	1	0	11	1	0	0	0	0	0	0	0	0	1	2	2	1	0	0	0	0	0	0	1	45	0	0	3	1	1	0	0	0	0	1	0	0	1	0	0	0	1	0	1	0	0	0	3	0	0	0	0	12	1	0	0	5	0	0	0	0	1	4	1	0	1	0	0	1	0	16	0	0	10	0	4	0	2	7	1	1	9	0	0	0	0	0	4	2	0	12	1	1	0	0	0	0	5	0	1	1	0	0	1	0	2	0	0	1	0	0	0	0	0	0	0	0	0	1	0	1	0	0	0	0	0	0	0	0	0	0	1	0	0	1	0	0	0	0	0	0	0	0	7	1	0	0	29	0	0	9	0	0	0	1	0	0	0	1	0	0	0	1	5	0	2	0	1	0	0	0	0	0	14	0	1	0	0	2	0	0	0	0	0	0	1	1	0	0	1	8	17	0	2	1	0	0	1	1	0	0	0	1	0	9	1	1	5	0	0	3	0	0	1	0	2	0	1	0	0	0	0	2	1	1	0	0	0	0	0	1	1	0	0	1	0	0	0	0	0	0	1	0	0	0	1	0	14	0	0	0	1	22	0	0	0	0	1	0	0	0	1	0	1	2	4	0	1	0	0	0	1	1	1	2	2	1	1	0	1	0	1	1	3	1	0	0	0	1	1	0	0	1	1	0	2	0	0	1	0	0	0	2	0	2	0	0
G[Del(C):R1]T	0	2	0	3	1	1	0	1	1	2	2	1	4	0	1	0	0	1	0	1	5	1	0	0	0	1	2	0	4	21	19	5	7	8	3	2	14	3	1	3	10	2	1	2	1	2	10	1	9	43	3	0	1	0	0	1	2	1	2	1	2	0	3	2	0	0	2	1	0	3	78	2	1	3	4	4	6	1	2	0	1	2	5	4	0	1	7	3	2	1	4	0	0	7	0	4	3	2	48	4	2	3	29	2	1	0	2	3	8	4	11	87	10	6	4	0	46	1	2	38	11	5	20	2	16	0	12	25	2	2	1	4	0	7	6	1	19	1	0	8	1	7	10	28	3	13	1	2	9	3	10	4	5	2	2	3	1	1	4	4	1	2	7	2	3	3	1	2	0	49	6	1	5	1	4	24	1	0	2	0	3	1	2	0	3	0	0	2	0	21	13	0	2	76	2	2	18	0	2	1	6	2	2	2	32	5	2	0	1	14	0	5	0	6	0	0	1	2	10	39	3	5	3	5	4	2	3	5	0	15	0	1	1	7	0	0	13	34	1	0	11	0	0	1	2	3	3	0	0	0	4	0	15	6	1	2	99	0	0	1	0	2	3	2	3	0	0	0	0	5	6	0	0	4	7	2	3	3	4	0	0	1	10	1	14	5	3	3	0	4	2	4	4	37	1	5	0	1	29	3	0	2	1	25	4	1	4	2	1	3	4	5	0	1	2	4	0	9	0	0	0	2	2	5	0	7	0	1	6	9	7	3	1	1	6	2	2	0	3	3	3	6	2	2	1	4	0	2	4	1	2	5	1
G[Del(C):R2]A	0	1	0	1	3	0	2	2	1	0	2	0	2	1	1	2	1	0	0	2	3	1	0	2	0	1	1	0	4	96	10	0	0	5	2	0	3	1	1	2	8	3	1	2	1	2	1	1	5	13	1	2	3	0	0	2	1	2	2	3	2	1	4	2	0	1	1	0	0	2	225	1	0	0	4	3	6	0	2	1	1	1	4	0	0	3	7	4	1	1	2	1	1	5	1	4	1	2	138	5	2	1	74	0	4	3	3	2	4	1	9	1	3	0	2	1	125	2	2	139	5	17	4	1	66	0	32	67	2	1	0	1	4	15	5	1	55	0	0	3	5	1	5	42	0	3	0	4	4	0	2	11	3	0	9	1	1	1	3	2	2	1	12	0	10	2	0	2	0	17	6	1	1	1	2	2	3	0	4	0	1	1	4	4	1	0	4	1	0	82	3	3	3	193	2	2	61	0	1	1	2	2	1	2	1	3	1	0	2	40	2	3	5	9	3	0	0	2	9	118	5	1	3	5	3	3	0	0	2	2	1	4	2	3	0	1	39	81	2	0	5	2	3	3	4	0	1	0	2	0	9	1	7	21	0	2	35	0	1	0	0	2	1	2	2	1	1	0	1	1	3	1	1	2	7	4	1	1	2	3	0	2	2	1	1	4	1	4	0	4	2	1	0	117	0	10	0	0	159	0	2	2	1	12	1	0	7	3	1	1	1	11	1	2	1	4	0	10	0	0	1	1	2	5	3	5	1	1	22	13	1	1	0	0	6	0	0	0	2	1	3	4	5	0	0	1	1	1	0	0	1	3	7
G[Del(C):R2]G	0	1	1	0	0	0	0	1	0	0	0	0	0	0	0	0	0	0	0	0	0	0	1	0	0	0	0	0	0	18	2	0	0	0	0	0	0	2	0	0	3	2	0	0	0	0	1	0	1	4	0	0	0	0	1	0	0	0	0	0	0	0	0	0	0	0	2	1	0	0	39	0	0	1	0	0	1	0	1	0	0	0	0	0	0	0	0	1	0	0	0	0	0	0	0	0	0	0	37	0	0	0	16	1	0	0	0	0	1	0	0	0	0	0	1	0	26	0	1	30	0	3	0	0	19	0	6	13	0	0	0	0	0	1	0	0	16	0	0	0	1	0	0	11	0	0	0	0	1	0	0	1	0	0	1	0	1	0	2	0	0	1	1	0	2	0	0	0	0	0	1	0	1	0	1	0	0	0	1	0	0	0	1	0	1	0	0	2	0	15	0	0	1	58	0	0	10	0	0	0	0	0	0	0	0	0	1	1	0	5	0	0	1	4	0	0	0	0	4	13	0	2	2	0	0	1	2	0	0	0	0	1	1	2	0	0	11	16	0	0	2	2	1	0	1	0	0	0	0	0	2	1	0	2	0	0	7	0	1	1	0	2	0	1	0	0	0	0	0	2	0	0	0	0	1	0	1	0	0	1	0	1	0	0	1	0	0	0	0	1	0	0	1	14	1	0	0	0	34	0	1	0	0	1	0	1	0	0	1	1	0	3	0	0	0	2	0	0	1	0	1	0	0	2	0	2	1	0	1	4	0	0	0	0	1	0	0	1	2	1	1	0	1	0	0	0	0	0	0	0	1	0	0
G[Del(C):R2]T	0	1	1	1	1	0	0	0	0	1	0	0	4	3	1	0	0	0	0	1	1	1	1	0	0	1	1	0	4	46	18	2	1	7	1	1	6	4	1	1	15	1	0	3	0	0	1	1	2	31	1	0	1	3	0	2	1	1	0	1	1	3	3	3	1	0	1	0	1	3	138	0	1	0	6	3	5	0	2	0	1	0	2	2	3	2	1	3	0	0	0	0	2	6	0	2	1	0	104	3	2	3	34	0	1	2	0	0	4	1	5	6	1	2	4	1	73	0	1	89	9	8	4	4	37	0	20	39	2	1	1	3	2	6	4	0	29	1	2	2	1	2	9	27	1	3	2	4	3	2	2	6	3	0	4	1	1	1	1	1	2	0	6	3	5	3	0	0	1	14	1	2	1	0	2	6	4	1	5	2	0	0	1	2	0	0	1	0	0	38	2	1	2	137	2	1	25	0	0	1	0	2	1	1	1	3	2	0	1	21	0	7	0	15	2	0	0	1	6	68	3	4	5	2	7	3	0	3	1	5	0	1	2	4	0	0	20	52	2	1	10	4	1	0	1	1	2	1	3	0	9	1	5	15	0	2	22	1	0	0	0	0	3	2	2	2	1	0	1	1	9	0	0	1	7	2	2	1	1	0	0	1	2	0	4	6	0	1	2	2	2	0	0	68	1	2	0	2	98	1	1	1	1	11	1	0	4	1	3	1	2	5	1	1	2	8	0	7	1	0	0	0	0	3	1	2	0	1	7	7	0	0	0	1	2	1	2	1	0	1	0	2	1	0	1	0	0	1	1	1	3	1	1
G[Del(C):R3]A	1	0	1	1	0	1	0	2	0	0	0	0	0	0	1	1	0	0	0	0	1	0	0	0	0	0	0	2	2	44	6	0	3	2	0	1	2	3	1	2	16	1	0	0	0	0	2	0	0	7	0	2	0	0	1	0	0	0	1	1	1	0	4	0	1	1	3	0	4	0	184	0	0	1	1	1	6	2	1	0	1	0	1	0	2	0	1	2	0	3	1	0	0	0	0	2	0	0	106	5	3	2	48	1	4	0	0	1	3	0	2	0	1	1	2	3	83	0	0	87	6	10	2	3	46	0	22	54	0	3	2	0	0	10	3	3	55	0	0	2	1	6	3	32	1	2	1	1	0	3	2	6	2	0	6	0	1	0	0	1	1	3	0	1	11	2	1	0	2	14	2	2	1	1	2	2	0	1	2	0	0	1	4	1	0	0	2	2	1	43	2	0	0	136	0	0	35	1	1	0	3	0	0	0	1	2	1	1	1	25	0	3	1	8	3	2	1	0	7	57	1	2	2	1	3	0	0	3	0	0	0	0	0	4	0	0	25	52	0	2	3	1	2	4	2	3	2	0	1	0	13	1	2	18	1	1	10	0	2	0	0	1	1	0	1	0	0	0	0	1	0	0	0	0	4	2	1	0	1	0	0	0	0	0	1	4	0	0	2	1	0	0	1	57	1	7	0	0	122	0	0	2	1	6	2	0	0	1	1	1	2	5	1	0	0	3	2	3	2	2	1	2	1	1	1	6	0	0	19	19	0	1	0	0	2	0	0	0	0	0	1	6	0	0	0	1	0	0	1	0	0	3	0
G[Del(C):R3]G	0	0	0	0	0	0	0	0	0	0	1	0	0	0	0	0	0	0	1	0	1	0	0	0	0	0	0	0	0	13	0	1	1	1	0	1	1	2	0	0	6	0	0	1	0	1	0	0	0	2	0	0	0	1	0	0	1	0	0	0	0	0	0	0	0	0	1	0	0	0	63	0	2	0	2	0	4	0	0	0	0	0	0	0	0	0	2	0	0	1	0	1	1	1	0	0	0	1	34	0	0	0	12	1	0	0	1	0	1	0	1	0	0	0	0	1	27	0	0	22	1	1	0	0	10	1	5	13	0	0	0	0	0	2	1	0	6	0	0	0	0	0	2	7	0	0	0	0	1	1	0	2	0	0	2	0	0	0	0	0	0	0	0	0	0	1	1	0	0	2	1	0	0	0	0	0	0	0	0	0	0	0	1	0	1	0	0	2	0	13	0	0	0	35	0	0	14	0	0	0	1	0	0	0	0	0	0	0	0	11	0	0	3	3	0	0	0	0	1	24	0	0	1	0	0	0	0	0	0	0	0	0	1	0	0	1	6	13	0	0	0	0	0	0	0	0	0	0	1	0	1	0	2	6	0	0	5	0	0	0	0	0	0	0	0	0	0	0	1	0	1	1	0	0	1	1	1	0	2	0	0	0	0	0	2	0	0	0	0	0	0	1	1	24	0	0	1	0	24	0	0	0	0	1	0	0	0	0	0	0	0	0	0	1	0	0	0	0	0	0	0	0	0	0	0	2	0	0	7	3	0	0	0	0	1	0	0	0	1	0	0	1	2	0	0	0	0	0	1	0	0	1	0
G[Del(C):R3]T	0	0	1	1	0	0	0	0	1	0	0	0	0	0	0	0	0	0	0	0	1	2	0	0	0	3	1	0	0	19	2	0	2	0	1	1	2	0	1	0	13	0	0	1	1	3	0	0	1	10	0	1	0	1	1	0	1	0	1	0	2	0	2	3	1	0	1	0	1	0	70	0	1	0	1	1	3	0	0	0	1	0	2	0	0	0	2	0	1	0	0	1	0	2	1	1	0	0	43	1	0	0	25	0	2	1	0	0	1	0	6	2	2	0	3	0	41	0	0	40	3	6	0	1	19	0	11	24	0	1	0	0	0	5	1	1	18	0	0	1	0	0	1	19	1	1	0	1	1	0	0	1	0	0	1	1	0	1	2	1	0	1	2	0	6	1	0	0	0	8	1	1	0	1	1	1	1	1	0	1	1	2	0	3	0	0	2	0	2	19	1	0	0	63	0	0	15	0	0	1	0	0	1	1	2	2	0	0	0	8	0	0	2	2	1	0	0	0	4	30	1	1	3	0	0	1	1	1	2	1	0	1	0	1	0	0	9	25	1	0	3	0	0	0	1	0	1	0	1	0	6	1	0	7	0	0	12	0	1	0	0	0	1	2	0	0	0	0	3	0	1	0	0	0	2	0	1	1	0	0	0	0	1	0	0	0	1	1	0	4	0	0	0	29	0	2	0	1	44	0	0	0	0	5	0	1	2	0	0	0	2	3	0	0	0	1	0	2	1	1	2	0	1	3	0	1	0	0	2	2	1	0	0	1	1	0	0	1	0	1	1	4	0	1	1	0	1	0	1	0	0	2	0
G[Del(C):R4]A	0	0	0	0	1	0	0	0	0	3	0	0	0	0	0	1	0	0	0	0	3	1	0	0	0	0	0	0	0	16	1	0	1	0	0	0	1	1	0	1	39	1	0	0	0	0	0	0	1	14	0	0	1	1	0	1	0	0	0	0	1	0	0	3	0	0	1	0	0	0	49	0	0	0	0	0	2	1	1	0	0	0	0	0	0	0	2	2	0	0	0	1	0	0	0	0	0	2	27	0	0	0	15	1	0	0	1	1	1	0	2	1	1	0	3	1	30	0	0	34	2	5	0	0	19	0	8	11	2	0	0	1	0	1	2	2	14	0	0	0	0	0	0	6	1	2	0	0	1	0	1	4	0	0	4	1	0	1	2	0	0	2	2	0	3	0	0	0	0	3	1	0	1	1	0	0	0	0	0	0	0	1	0	0	0	0	0	0	1	9	2	3	0	44	2	0	11	0	0	2	0	1	0	0	1	1	0	0	0	8	0	1	0	3	1	0	0	0	3	18	0	1	0	0	1	2	0	1	0	0	0	3	2	0	0	0	11	16	1	0	2	0	1	0	0	0	0	0	1	0	36	1	3	6	0	0	6	0	1	0	0	2	0	0	0	0	0	0	2	1	1	0	1	1	1	0	0	1	0	1	1	3	0	0	1	1	0	1	0	0	0	0	0	19	2	0	0	1	39	0	2	0	1	3	0	2	0	0	0	0	0	5	0	0	0	2	0	1	0	0	1	1	0	1	0	2	0	1	4	3	0	0	0	1	0	0	0	0	2	0	1	10	1	0	1	0	0	0	1	0	0	1	1
G[Del(C):R4]G	0	1	1	0	0	2	0	0	1	0	0	1	0	0	0	0	0	0	0	0	1	0	0	0	0	0	0	0	0	4	0	0	0	0	0	1	0	1	0	0	20	0	0	1	0	0	0	0	1	9	0	0	0	1	0	0	0	0	0	0	0	0	0	0	0	1	0	0	0	0	12	0	0	0	1	0	0	0	0	0	0	0	1	0	0	0	0	0	0	1	0	0	0	1	1	0	0	0	7	1	0	0	1	0	0	0	1	0	0	0	0	0	0	1	0	0	8	0	0	8	1	0	1	0	5	0	3	3	0	1	0	0	0	2	1	0	4	0	0	1	0	0	1	3	0	1	0	0	0	0	0	1	1	0	1	0	1	0	0	0	0	0	0	0	0	0	0	0	1	1	0	0	0	0	0	0	0	0	0	0	0	0	0	1	0	0	0	0	0	0	1	0	1	8	0	0	3	0	0	0	0	0	1	1	0	0	0	0	1	2	0	0	0	1	0	0	0	0	0	5	1	0	0	0	0	0	0	0	0	0	0	0	0	1	0	0	0	5	0	0	0	0	0	0	0	0	0	0	0	0	14	0	0	2	0	1	0	0	0	1	0	1	0	0	0	0	0	1	1	0	1	0	0	0	0	0	0	0	0	0	0	0	0	0	0	1	0	1	0	1	0	1	0	4	0	0	0	0	7	0	0	1	0	0	0	0	0	0	0	0	0	0	0	0	0	1	0	0	0	0	0	0	0	1	0	0	0	1	0	2	0	0	0	0	0	0	0	0	0	0	0	5	0	0	0	0	0	0	0	0	0	2	0
G[Del(C):R4]T	1	0	0	0	0	0	0	0	1	0	0	0	0	2	0	0	0	0	1	0	0	0	0	1	0	0	0	0	1	8	2	0	1	2	0	0	1	2	0	0	31	0	0	3	0	0	1	0	0	18	0	0	0	0	0	0	0	1	1	0	0	0	2	1	0	0	0	0	0	0	26	0	2	0	0	0	4	0	1	0	0	0	1	1	0	2	1	0	0	0	0	0	0	0	0	0	0	0	22	1	1	0	5	0	1	0	0	0	0	0	1	0	1	0	0	0	18	0	1	12	1	9	2	1	9	0	5	7	0	0	0	1	0	1	0	0	9	0	0	1	0	0	1	2	1	1	0	0	0	0	0	0	0	0	0	0	0	0	0	1	1	0	2	0	3	1	0	1	1	3	0	0	1	0	1	0	0	1	0	0	0	0	0	0	0	0	1	0	0	7	1	0	0	30	1	0	1	0	0	0	0	0	0	0	0	0	0	0	0	5	0	1	3	1	0	1	0	0	0	8	1	1	1	0	1	1	0	0	3	1	0	0	0	0	0	1	5	13	1	0	0	0	0	0	0	0	0	1	0	0	28	0	1	5	0	0	3	0	0	0	0	1	0	0	1	0	0	0	0	1	0	0	1	0	0	0	0	0	0	0	0	0	0	0	1	1	0	1	1	2	0	0	0	7	0	0	0	0	21	0	1	0	0	0	0	0	0	2	0	0	1	2	0	0	0	0	1	0	1	0	0	0	0	2	0	1	1	0	4	2	0	0	0	0	0	1	0	0	0	0	0	10	1	0	1	1	0	0	0	1	1	1	1
G[Del(C):R5]A	0	0	0	0	0	1	1	1	0	0	0	0	0	0	0	1	0	1	0	1	0	0	0	1	0	1	1	0	0	11	0	0	0	0	0	0	0	11	0	2	92	0	0	2	2	0	2	0	0	38	0	1	0	0	0	1	0	0	0	0	2	0	0	1	0	0	1	0	0	1	53	0	0	0	2	1	0	0	0	0	0	0	0	0	1	0	0	0	0	0	0	1	0	0	1	0	0	0	27	0	0	0	8	0	1	0	0	1	2	1	1	0	0	0	0	0	35	0	0	22	2	1	1	0	14	0	10	10	0	2	0	0	0	4	1	1	15	2	1	0	0	1	2	5	0	1	0	1	2	0	0	4	1	0	0	0	0	0	1	0	0	0	1	0	4	0	0	0	0	0	2	0	2	0	1	0	0	0	3	0	0	0	1	0	0	0	0	0	0	12	1	0	0	34	0	0	5	0	0	0	0	1	0	0	0	1	0	0	0	6	0	1	1	3	0	0	0	0	1	20	0	0	1	1	1	0	0	0	0	0	0	0	0	1	0	0	10	13	1	0	2	0	0	0	0	0	1	2	0	0	84	1	1	6	0	1	2	0	0	0	0	1	0	1	1	0	0	0	0	1	3	0	0	0	4	0	0	0	0	1	0	1	0	0	1	0	0	0	0	1	0	3	0	23	0	2	1	0	38	0	0	0	0	1	0	1	1	1	1	0	1	2	0	0	0	2	0	0	0	0	0	0	0	1	0	0	0	1	5	4	0	0	0	0	0	1	1	0	1	0	2	26	1	0	0	1	0	0	0	0	1	0	0
G[Del(C):R5]G	0	0	0	0	0	0	0	0	0	0	0	0	0	0	0	0	0	0	0	0	2	0	0	0	0	0	0	0	0	1	0	0	0	0	0	0	1	6	0	1	29	0	0	0	0	0	0	0	0	21	0	0	0	0	0	0	0	0	0	0	0	0	0	0	0	0	0	0	0	0	9	0	0	0	0	0	0	0	1	0	0	0	0	0	0	1	0	0	0	0	0	0	1	0	0	0	0	0	2	3	0	0	0	0	0	0	0	0	0	0	0	0	0	0	0	0	5	0	0	2	0	0	1	0	4	0	1	4	0	0	0	0	0	0	1	0	1	0	1	0	0	0	0	2	0	0	0	0	0	0	0	0	0	0	1	0	0	0	0	0	0	0	0	0	1	0	0	0	0	0	0	0	0	0	0	0	0	0	0	0	0	0	0	0	0	0	0	0	0	0	0	0	0	9	0	0	1	0	0	0	0	0	0	0	0	0	0	0	0	0	0	0	0	0	1	0	0	0	2	1	0	0	0	0	0	0	0	0	0	0	1	0	0	0	0	0	2	4	0	0	1	0	0	0	0	0	0	0	0	0	22	0	0	0	0	0	0	0	0	0	0	0	0	0	0	0	0	0	0	0	1	0	0	0	1	0	0	0	0	0	0	0	0	0	0	0	0	2	0	0	0	0	0	2	0	1	0	0	10	0	0	0	0	0	0	0	0	0	0	0	0	0	0	0	0	0	0	2	0	0	0	0	0	0	0	0	0	0	1	1	0	0	0	0	1	0	1	0	1	0	0	11	1	0	0	0	0	0	0	0	0	0	0
G[Del(C):R5]T	0	0	0	0	1	0	0	0	0	0	0	0	0	0	0	0	0	0	0	0	3	0	0	0	0	0	0	0	0	6	1	1	0	0	0	0	0	8	0	0	98	1	0	0	1	0	0	0	2	44	1	0	0	0	0	0	0	0	0	0	0	1	1	1	0	0	0	0	0	0	26	0	0	1	1	0	1	0	0	0	0	0	0	0	1	0	0	1	0	0	0	0	0	0	0	0	0	0	15	1	1	1	9	1	0	0	0	0	1	0	1	2	0	0	2	0	16	1	0	7	0	0	0	0	10	1	5	13	0	0	1	0	1	2	0	0	3	0	0	0	0	1	1	8	0	1	0	0	0	0	0	3	0	0	2	2	0	0	1	0	0	1	1	0	2	0	0	0	0	3	0	1	0	0	0	0	1	0	0	0	2	0	0	0	0	0	1	0	0	8	1	0	0	17	1	0	8	0	0	0	1	0	0	0	1	1	1	1	0	9	0	0	1	0	1	0	0	0	0	16	0	1	0	0	0	0	0	1	0	0	0	0	0	0	0	0	3	8	0	1	1	0	0	0	0	0	0	1	0	0	55	0	1	3	0	0	0	0	0	0	0	1	1	0	1	0	0	0	0	0	1	0	0	0	0	1	1	0	1	0	0	0	1	0	0	0	0	0	0	0	0	0	0	15	0	0	0	1	13	0	1	0	1	1	0	1	0	0	0	2	1	0	0	0	0	1	1	0	0	0	0	0	0	0	0	1	0	0	2	2	0	0	0	0	0	0	0	3	0	0	0	28	1	0	0	0	1	1	0	1	0	1	0
G[Del(C):R6]A	0	0	2	0	0	0	0	0	0	0	0	0	0	0	0	1	0	0	0	0	1	0	0	1	0	1	0	1	0	7	0	3	0	0	1	0	1	13	0	0	117	0	0	2	1	1	0	0	2	64	0	0	0	0	0	0	0	0	0	0	0	0	0	2	0	0	0	0	0	0	10	0	0	1	2	0	0	0	0	0	0	0	1	3	0	0	1	0	2	0	0	0	0	0	0	1	0	0	11	1	0	0	7	0	0	0	0	0	2	1	0	0	0	0	0	1	11	0	0	8	1	3	0	1	9	0	7	4	0	0	0	0	0	3	1	0	3	0	0	0	0	1	0	2	1	2	0	0	1	1	0	1	0	0	1	1	0	0	1	0	0	1	0	0	1	0	0	1	0	1	0	0	0	0	1	0	2	0	0	0	0	0	0	0	0	0	0	1	1	1	2	0	0	15	0	0	6	0	0	0	0	0	0	0	0	0	1	0	1	4	0	1	0	3	0	0	1	0	0	10	0	0	0	0	1	0	0	0	1	0	0	0	1	0	1	0	2	13	1	0	1	1	0	0	0	0	1	0	1	0	95	0	0	2	0	0	0	0	1	0	0	2	0	0	0	0	0	0	0	1	1	0	0	0	0	0	0	0	0	0	0	1	0	0	0	0	0	1	1	0	0	2	0	9	1	0	0	0	13	0	0	0	0	2	0	0	0	1	0	0	2	0	0	1	0	0	0	4	0	1	0	0	0	0	0	3	1	0	2	2	0	0	0	0	1	0	0	0	1	0	0	51	0	0	0	2	0	0	1	0	0	0	1
G[Del(C):R6]G	0	0	0	0	0	0	0	0	0	0	0	0	0	1	0	0	0	0	0	0	0	2	0	0	0	0	0	1	2	0	0	0	0	0	0	0	0	2	0	0	53	0	0	0	0	1	0	0	0	29	0	0	0	0	0	0	0	0	0	0	0	0	1	0	0	0	0	0	0	1	1	0	0	0	0	0	1	0	0	0	0	0	0	0	0	0	0	0	1	0	0	0	0	0	0	0	0	0	5	0	0	0	3	0	0	0	0	0	0	0	0	0	0	0	0	2	0	0	0	2	0	0	0	0	5	0	0	0	1	0	1	0	1	0	0	1	0	1	0	0	0	0	0	1	1	1	0	0	1	0	0	0	0	0	0	0	0	0	0	0	0	0	0	0	0	0	0	0	0	0	0	0	0	0	0	0	0	1	1	0	1	0	0	0	0	0	0	0	0	0	1	0	0	8	1	1	1	0	0	0	0	0	0	0	0	0	0	0	0	0	0	1	0	0	0	0	0	0	0	4	0	1	0	0	0	0	0	0	0	0	0	0	0	0	0	0	0	1	1	0	0	0	0	0	0	0	0	0	0	0	33	0	0	1	0	0	1	0	0	0	0	0	0	0	0	0	0	0	0	0	0	0	0	0	0	0	0	0	0	0	0	0	0	0	0	0	0	0	0	0	0	0	0	4	0	0	0	0	2	0	0	0	0	0	0	0	0	0	0	0	0	0	0	0	0	0	0	0	0	0	0	0	0	0	0	0	0	0	1	1	0	0	0	0	0	0	0	1	0	0	0	15	0	0	1	0	0	0	0	0	0	0	0
G[Del(C):R6]T	0	0	0	0	0	0	0	0	1	0	0	0	1	0	0	0	0	0	0	1	4	0	0	0	0	0	0	0	0	1	0	1	0	0	1	0	2	3	0	1	87	1	0	0	0	0	0	0	0	37	1	0	0	0	0	1	0	0	1	0	0	0	1	1	0	0	0	0	0	0	8	0	0	0	1	1	1	0	0	0	0	0	0	1	0	0	0	0	0	0	0	0	0	0	0	0	0	0	8	1	0	0	2	0	0	0	0	0	0	1	0	0	0	0	0	0	6	0	0	5	0	2	0	0	2	0	0	2	1	0	0	0	0	0	1	0	3	1	0	0	0	1	0	2	0	2	0	0	0	0	0	0	0	0	0	0	0	0	0	0	0	0	0	0	0	0	0	0	0	0	0	0	0	0	0	0	0	1	0	1	0	0	0	0	0	0	0	0	0	4	2	0	0	5	0	0	1	0	0	0	0	1	0	0	0	0	0	0	0	1	0	0	0	1	0	0	0	0	0	1	0	0	0	0	0	0	0	1	0	0	0	1	0	0	0	0	1	3	1	0	0	0	0	0	0	0	0	0	0	0	63	0	0	3	0	0	1	0	0	0	0	0	0	0	0	0	0	0	0	0	0	0	0	0	0	1	1	0	0	1	0	0	0	0	0	0	0	0	0	0	0	0	0	1	1	0	0	1	3	1	0	0	0	0	0	0	0	0	0	0	2	0	0	0	0	0	0	0	0	0	0	0	0	0	0	1	0	0	4	2	0	0	0	0	1	0	0	0	0	0	1	24	0	0	0	0	0	0	1	0	0	0	0
G[Del(C):R7]A	0	0	0	0	0	0	0	0	0	0	0	0	0	1	0	0	0	0	1	0	1	0	0	0	0	0	0	0	0	1	1	0	0	0	0	0	0	6	0	1	85	0	0	0	0	0	0	0	0	57	0	0	0	0	0	0	0	0	0	0	0	0	1	1	0	0	0	0	0	0	1	0	0	0	0	0	0	0	0	0	0	0	1	0	0	0	1	1	0	0	0	0	0	0	0	0	0	0	4	0	0	0	3	0	0	0	0	0	0	0	0	1	0	0	0	0	2	0	0	1	1	0	1	0	1	0	0	2	0	0	0	1	0	1	0	0	1	2	0	0	0	0	0	1	0	1	0	0	0	0	0	1	0	0	0	0	0	0	0	0	0	0	0	0	1	0	0	0	0	0	0	0	0	0	0	0	0	0	0	0	0	0	1	1	0	0	0	0	1	1	1	0	0	4	0	0	1	0	0	0	0	0	0	0	1	1	0	0	0	2	0	1	1	0	0	0	0	0	1	3	0	0	0	0	0	1	0	0	0	0	0	1	0	0	0	0	0	1	0	0	0	0	0	0	0	0	0	0	0	0	79	0	0	1	0	0	2	0	0	0	1	1	0	1	0	0	0	0	0	0	0	0	0	0	2	1	0	0	0	0	0	0	0	0	0	0	1	0	0	1	0	0	0	2	0	1	0	0	4	0	0	0	0	0	0	0	0	0	0	0	1	0	0	0	0	1	0	0	1	0	0	0	0	0	0	0	0	0	0	1	0	0	0	0	0	0	0	0	1	0	0	27	0	0	1	0	0	0	0	0	0	0	1
G[Del(C):R7]G	0	0	0	0	0	0	0	0	0	0	0	0	0	0	0	0	0	0	0	0	0	0	0	0	0	0	0	0	0	1	0	0	0	0	0	0	0	4	0	0	38	0	0	0	0	0	0	0	0	15	0	0	0	0	0	0	0	0	0	0	0	0	0	0	0	0	0	0	0	0	1	0	0	0	0	0	0	0	0	0	0	0	0	1	0	0	0	0	0	0	0	1	0	1	0	0	0	0	0	0	0	0	1	0	0	0	0	1	0	0	0	0	0	0	0	0	1	0	0	2	1	0	0	0	0	0	0	0	0	0	0	0	0	1	1	0	0	1	0	0	0	0	0	0	0	1	0	0	0	0	0	0	0	0	0	0	0	0	0	0	0	0	0	0	0	0	0	0	0	0	0	0	0	0	0	0	0	0	0	1	0	0	0	0	0	0	0	0	0	0	1	0	0	2	0	0	0	0	0	0	0	0	0	0	0	0	0	0	0	0	0	0	0	0	0	0	0	0	0	0	0	0	0	0	0	0	0	0	0	0	0	0	0	0	0	0	0	1	0	0	0	0	0	0	0	0	0	0	0	0	22	0	0	1	0	0	0	0	0	0	0	0	0	0	0	0	1	0	0	0	0	0	0	0	0	0	0	0	0	0	0	0	0	0	1	0	0	1	0	1	0	0	0	0	0	0	0	0	0	0	0	0	0	0	0	0	0	0	0	0	1	0	0	0	0	0	0	0	0	0	0	0	0	0	0	0	0	1	0	0	0	0	0	0	1	0	0	0	0	0	0	6	0	0	0	0	0	0	0	0	0	0	0
G[Del(C):R7]T	0	0	0	0	0	0	0	1	0	0	0	0	0	0	0	0	0	0	0	0	2	0	0	0	0	0	0	0	0	1	0	0	0	0	1	0	0	4	0	0	38	0	0	0	0	0	0	0	0	17	1	0	0	0	0	1	0	0	0	0	0	0	2	0	0	0	0	0	0	0	1	0	0	0	1	0	0	0	0	0	0	0	1	0	0	0	0	0	0	0	0	0	0	0	0	0	0	0	2	0	0	0	0	0	0	0	0	0	0	0	1	1	0	0	0	0	0	0	1	1	0	0	0	0	3	0	0	1	0	0	0	0	0	0	0	0	0	3	0	0	0	0	0	0	0	0	0	0	0	0	0	0	0	0	0	0	0	0	0	0	0	0	0	0	0	0	0	0	0	0	0	0	0	0	0	0	0	0	0	0	1	0	0	0	0	0	1	0	0	0	0	0	0	1	0	1	0	0	0	0	1	1	0	0	0	0	0	0	0	1	0	0	0	0	0	0	0	0	0	1	1	0	0	0	0	0	0	0	0	0	0	0	0	0	0	0	0	2	1	0	0	0	0	0	0	0	0	0	0	0	31	0	0	0	0	0	0	0	0	0	0	0	0	0	0	0	0	0	0	0	0	0	0	0	0	0	0	0	0	0	0	1	0	0	0	1	0	0	0	0	0	0	0	2	0	0	0	0	1	0	0	0	0	0	0	0	0	0	0	0	0	0	0	0	0	0	0	0	0	0	0	0	0	0	0	0	0	0	0	0	0	0	0	0	0	0	0	0	0	0	1	10	0	0	0	0	0	0	0	0	0	0	0
G[Del(C):R8]A	1	0	0	1	0	0	0	0	0	0	0	0	0	0	0	0	0	0	0	0	0	0	0	0	0	0	0	0	0	0	0	0	0	0	0	0	1	4	0	0	70	0	1	0	0	0	0	0	2	71	0	0	0	0	0	1	0	0	0	0	0	0	0	0	0	0	0	0	0	0	2	0	1	0	1	0	1	0	0	0	0	0	1	0	0	0	0	0	0	0	0	0	0	0	0	0	0	0	0	0	0	0	0	0	0	0	0	1	0	0	2	0	0	0	0	0	0	0	0	1	0	0	1	1	0	0	1	2	0	0	0	0	0	1	0	0	0	0	0	0	0	0	0	0	0	1	0	0	0	0	0	1	0	0	0	1	0	0	1	0	0	0	0	0	0	0	0	0	0	3	0	1	0	0	0	0	0	0	0	0	0	0	0	1	0	0	0	0	0	0	1	0	0	0	0	0	1	0	0	0	0	1	0	0	0	0	0	0	0	0	0	0	0	0	0	0	0	0	0	0	0	0	0	0	0	0	0	0	0	0	0	0	1	0	0	0	0	2	2	0	0	1	0	0	0	0	0	0	0	0	65	1	1	0	0	0	0	0	0	0	0	0	0	0	0	0	0	0	0	0	1	0	0	0	0	1	1	0	0	0	0	0	1	0	1	1	0	0	0	0	0	0	0	0	0	0	0	0	1	0	0	1	1	0	0	0	1	0	0	2	0	0	0	0	0	0	0	1	1	0	0	0	0	0	0	0	0	1	0	1	0	0	0	0	0	0	0	0	0	0	0	17	0	0	0	0	0	0	0	0	0	0	0
G[Del(C):R8]G	0	0	0	0	0	0	0	0	0	0	0	0	0	0	0	0	0	0	0	0	0	0	0	0	0	0	0	0	0	0	0	0	0	0	0	0	0	2	0	0	27	0	0	0	0	0	0	0	0	7	0	0	0	0	0	0	0	0	0	0	0	0	0	0	0	0	0	0	0	1	2	0	0	0	1	0	0	0	1	0	0	0	0	0	0	0	0	0	0	0	0	0	0	1	0	0	0	0	0	0	0	0	0	0	0	0	0	0	0	0	0	0	0	0	0	0	0	0	0	0	0	0	0	0	0	0	0	0	0	0	0	0	0	0	0	0	0	0	0	0	0	0	1	0	0	0	0	1	0	0	0	0	0	0	0	0	0	0	0	0	0	0	0	0	0	0	0	0	0	0	0	0	0	0	0	0	0	0	0	0	0	0	0	0	0	0	0	0	1	0	0	0	0	0	0	0	0	0	0	0	0	0	0	0	0	0	0	0	0	0	0	0	0	0	0	0	0	0	0	0	0	0	0	0	0	0	0	0	0	0	0	0	0	0	0	0	0	0	0	0	0	0	0	0	0	0	0	0	0	0	11	0	0	0	0	0	1	0	0	0	0	0	0	0	0	0	0	0	0	0	0	0	0	0	0	0	0	0	0	0	0	0	0	0	0	0	0	0	0	0	0	0	0	0	0	0	0	0	0	0	0	0	0	0	0	0	0	0	0	0	2	0	0	0	0	0	0	0	0	0	0	0	0	0	0	0	0	0	0	0	0	0	0	0	0	0	0	0	0	0	0	6	0	0	0	0	0	0	0	0	0	0	0
G[Del(C):R8]T	0	0	0	0	0	1	0	0	0	0	0	0	0	0	0	0	0	0	0	0	0	0	0	0	0	0	0	0	0	0	0	0	0	0	0	1	1	1	0	0	21	1	0	0	0	0	0	2	0	14	1	0	0	0	0	0	0	0	1	0	0	0	0	0	1	0	0	0	0	0	0	0	0	0	1	0	1	0	0	0	0	0	1	0	0	0	0	0	1	0	0	0	0	0	0	0	0	0	0	0	0	0	0	0	0	0	0	0	0	0	0	0	0	0	0	0	1	0	0	0	0	0	0	0	0	0	0	0	0	0	0	0	0	0	0	0	0	1	0	0	0	0	0	0	0	0	0	0	0	0	0	0	0	0	0	0	0	0	0	0	0	0	1	0	0	0	0	0	0	1	0	0	0	0	0	0	0	0	0	0	0	0	0	1	0	0	0	0	1	1	0	0	0	0	0	0	0	0	0	0	0	0	1	0	0	0	0	0	0	1	1	0	0	0	1	0	0	0	0	0	0	0	0	0	0	0	0	0	0	1	0	0	0	0	0	0	0	0	0	0	2	0	0	0	0	0	0	0	0	0	20	0	0	0	0	0	0	0	1	0	0	0	0	0	0	0	0	0	0	0	1	0	0	0	0	0	0	0	0	0	0	0	0	0	0	0	0	0	0	0	0	0	0	0	0	0	0	0	1	0	0	0	0	1	0	0	0	0	0	1	2	0	0	0	1	0	0	0	1	0	0	0	0	0	0	0	0	0	0	0	0	0	0	0	0	0	0	0	0	0	0	5	0	0	1	0	0	0	1	0	0	0	0
G[Del(C):R(9,)]A	0	0	0	0	0	0	0	0	0	0	0	0	0	0	0	0	0	0	0	0	0	0	0	0	0	0	0	0	0	0	0	0	0	0	0	0	0	0	0	0	0	0	0	0	0	0	0	0	0	0	0	0	0	0	0	0	0	0	0	0	0	0	0	0	0	0	0	0	0	0	0	0	0	0	0	0	0	0	0	0	0	0	0	0	0	0	0	0	0	0	0	0	0	0	0	0	0	0	0	0	0	0	0	0	0	0	0	0	0	0	0	0	0	0	0	0	0	0	0	0	0	0	0	0	0	0	0	0	0	0	0	0	0	0	0	0	0	0	0	0	0	0	0	0	0	0	0	0	0	0	0	0	0	0	0	0	0	0	0	0	0	0	0	0	0	0	0	0	0	0	0	0	0	0	0	0	0	0	0	0	0	0	0	0	0	0	0	0	0	0	0	0	0	0	0	0	0	0	0	0	0	0	0	0	0	0	0	0	0	0	0	0	0	0	0	0	0	0	0	0	0	0	0	0	0	0	0	0	0	0	0	0	0	0	0	0	0	0	0	0	0	0	0	0	0	0	0	0	0	0	0	0	0	0	0	0	0	0	0	0	0	0	0	0	0	0	0	0	0	0	0	0	0	0	0	0	0	0	0	0	0	0	0	0	0	0	0	0	0	0	0	0	0	0	0	0	0	0	0	0	0	0	0	0	0	0	0	0	0	0	0	0	0	0	0	0	0	0	0	0	0	0	0	0	0	0	0	0	0	0	0	0	0	0	0	0	0	0	0	0	0	0	0	0	0	0	0	0	0	0	0	0	0
G[Del(C):R(9,)]G	0	0	0	0	0	0	0	0	0	0	0	0	0	0	0	0	0	0	0	0	0	0	0	0	0	0	0	0	0	0	0	0	0	0	0	0	0	0	0	0	0	0	0	0	0	0	0	0	0	0	0	0	0	0	0	0	0	0	0	0	0	0	0	0	0	0	0	0	0	0	0	0	0	0	0	0	0	0	0	0	0	0	0	0	0	0	0	0	0	0	0	0	0	0	0	0	0	0	0	0	0	0	0	0	0	0	0	0	0	0	0	0	0	0	0	0	0	0	0	0	0	0	0	0	0	0	0	0	0	0	0	0	0	0	0	0	0	0	0	0	0	0	0	0	0	0	0	0	0	0	0	0	0	0	0	0	0	0	0	0	0	0	0	0	0	0	0	0	0	0	0	0	0	0	0	0	0	0	0	0	0	0	0	0	0	0	0	0	0	0	0	0	0	0	0	0	0	0	0	0	0	0	0	0	0	0	0	0	0	0	0	0	0	0	0	0	0	0	0	0	0	0	0	0	0	0	0	0	0	0	0	0	0	0	0	0	0	0	0	0	0	0	0	0	0	0	0	0	0	0	0	0	0	0	0	0	0	0	0	0	0	0	0	0	0	0	0	0	0	0	0	0	0	0	0	0	0	0	0	0	0	0	0	0	0	0	0	0	0	0	0	0	0	0	0	0	0	0	0	0	0	0	0	0	0	0	0	0	0	0	0	0	0	0	0	0	0	0	0	0	0	0	0	0	0	0	0	0	0	0	0	0	0	0	0	0	0	0	0	0	0	0	0	0	0	0	0	0	0	0	0	0	0
G[Del(C):R(9,)]T	0	0	0	0	0	0	0	0	0	0	0	0	0	0	0	0	0	0	0	0	0	0	0	0	0	0	0	0	0	0	0	0	0	0	0	0	0	0	0	0	0	0	0	0	0	0	0	0	0	0	0	0	0	0	0	0	0	0	0	0	0	0	0	0	0	0	0	0	0	0	0	0	0	0	0	0	0	0	0	0	0	0	0	0	0	0	0	0	0	0	0	0	0	0	0	0	0	0	0	0	0	0	0	0	0	0	0	0	0	0	0	0	0	0	0	0	0	0	0	0	0	0	0	0	0	0	0	0	0	0	0	0	0	0	0	0	0	0	0	0	0	0	0	0	0	0	0	0	0	0	0	0	0	0	0	0	0	0	0	0	0	0	0	0	0	0	0	0	0	0	0	0	0	0	0	0	0	0	0	0	0	0	0	0	0	0	0	0	0	0	0	0	0	0	0	0	0	0	0	0	0	0	0	0	0	0	0	0	0	0	0	0	0	0	0	0	0	0	0	0	0	0	0	0	0	0	0	0	0	0	0	0	0	0	0	0	0	0	0	0	0	0	0	0	0	0	0	0	0	0	0	0	0	0	0	0	0	0	0	0	0	0	0	0	0	0	0	0	0	0	0	0	0	0	0	0	0	0	0	0	0	0	0	0	0	0	0	0	0	0	0	0	0	0	0	0	0	0	0	0	0	0	0	0	0	0	0	0	0	0	0	0	0	0	0	0	0	0	0	0	0	0	0	0	0	0	0	0	0	0	0	0	0	0	0	0	0	0	0	0	0	0	0	0	0	0	0	0	0	0	0	0	0
T[Del(C):R1]A	1	2	0	8	2	1	0	3	3	9	4	2	6	8	1	1	0	1	3	4	5	6	0	0	0	2	0	3	3	29	2	2	3	8	4	0	6	1	1	6	20	3	5	3	2	2	4	4	3	64	2	2	1	3	0	2	1	1	1	1	1	0	5	4	0	1	2	0	1	2	164	2	12	1	14	1	2	0	2	3	8	0	3	3	8	2	10	3	0	7	2	3	0	5	4	3	1	2	73	2	5	4	50	1	0	1	5	1	9	0	8	2	1	13	7	0	88	0	3	51	8	6	10	6	35	0	21	51	1	2	0	2	1	12	7	2	38	2	0	3	1	4	6	26	2	4	3	7	1	0	3	7	3	1	15	4	1	0	13	3	1	1	5	2	13	7	0	2	39	19	6	2	3	3	4	0	2	0	4	3	6	3	2	4	7	0	3	0	1	34	6	0	2	137	2	2	27	1	4	3	1	3	0	2	1	2	2	0	6	25	2	2	3	11	8	36	1	1	10	74	1	8	5	4	1	4	2	2	6	1	0	0	1	5	0	0	25	53	2	4	6	3	1	2	1	4	1	3	2	0	10	0	9	19	2	0	38	2	1	1	4	10	2	1	0	1	0	1	1	1	8	0	0	1	6	4	7	2	4	0	0	1	5	2	10	9	0	2	4	10	2	1	1	73	1	9	0	7	89	3	4	3	0	13	0	1	3	5	1	1	1	11	4	0	6	8	0	6	4	1	1	0	3	8	1	12	9	2	26	19	1	0	1	3	52	0	3	2	0	4	3	7	6	17	0	1	0	0	13	2	2	6	1
T[Del(C):R1]G	2	0	0	0	1	0	1	0	0	0	0	0	3	1	0	1	0	0	0	1	1	0	0	0	0	0	0	1	0	12	0	0	1	0	0	2	2	1	0	2	10	1	0	1	1	0	2	1	1	7	0	1	1	0	0	1	0	1	0	0	0	4	0	0	0	0	0	1	0	0	25	2	0	0	0	0	1	0	0	0	0	1	2	0	1	1	0	0	0	0	0	1	2	1	0	0	0	0	12	2	0	2	4	1	0	0	0	0	1	1	2	0	0	1	0	0	16	0	1	11	1	3	1	1	8	1	7	4	0	0	0	0	0	0	2	0	8	0	0	1	0	0	1	8	0	3	0	0	0	0	1	1	1	0	1	1	2	0	2	0	0	0	1	1	2	0	0	0	1	4	0	1	0	0	0	0	1	0	0	0	2	0	0	2	0	2	0	0	0	3	3	0	0	11	2	2	7	0	0	0	0	0	3	0	0	0	0	0	0	4	1	0	0	2	1	1	0	0	1	9	0	1	2	1	0	0	1	1	1	0	0	0	1	3	1	1	6	9	1	0	1	1	2	0	0	0	1	0	0	0	4	0	1	0	1	0	1	0	0	0	1	1	1	0	1	0	0	0	0	2	0	0	0	0	2	1	1	0	0	0	0	0	1	0	1	0	0	0	1	1	0	0	0	9	0	0	0	1	18	0	1	3	1	1	0	0	0	2	0	0	2	1	0	0	3	1	0	1	0	0	0	0	1	1	0	0	1	0	1	2	1	0	0	1	2	1	0	0	1	0	1	1	1	0	0	0	0	0	0	0	0	0	0
T[Del(C):R1]T	0	4	4	7	9	0	1	5	3	6	2	9	13	9	2	2	2	4	5	7	13	2	2	5	1	3	8	6	6	44	7	9	9	12	16	10	41	8	7	9	64	4	4	2	1	4	13	8	11	542	12	3	6	5	4	4	3	4	8	6	9	4	16	9	5	3	9	1	3	5	202	5	15	7	29	9	6	1	4	2	4	2	17	4	2	6	14	3	2	4	2	1	6	13	1	5	4	1	119	11	2	4	49	7	3	2	2	13	13	1	17	50	9	23	8	2	90	6	3	68	17	10	37	10	32	2	18	49	11	0	2	2	2	15	16	6	50	9	1	7	3	12	10	46	3	30	3	7	14	2	20	7	7	3	11	5	2	3	11	2	3	6	17	2	12	4	2	1	23	53	7	4	7	3	5	56	11	3	15	4	6	3	4	9	4	4	3	3	0	37	35	3	8	130	5	3	42	2	6	0	20	5	7	2	15	2	3	0	5	37	3	7	3	19	10	21	0	1	26	66	4	12	13	6	6	5	2	5	4	33	1	4	3	19	2	2	20	62	4	2	15	2	9	3	3	4	7	1	2	0	67	3	26	19	1	5	96	0	5	1	9	8	3	5	1	1	2	1	4	4	8	1	0	2	12	10	10	4	5	6	5	2	7	2	16	6	3	3	1	5	7	3	3	60	2	12	0	3	90	9	2	5	5	20	4	1	8	5	9	12	11	7	1	2	10	14	5	22	3	1	0	6	7	3	3	18	7	7	21	19	3	1	1	0	78	3	3	3	5	7	3	24	9	9	8	9	6	4	8	6	3	8	4
T[Del(C):R2]A	2	1	2	1	3	1	1	0	0	2	3	1	1	2	1	1	0	1	0	1	3	4	0	1	0	1	1	3	5	76	7	4	1	8	2	1	3	1	2	4	11	4	1	2	0	0	4	0	2	51	1	0	1	3	0	0	1	0	3	0	2	3	1	4	1	1	0	1	1	1	251	3	4	0	6	3	9	2	2	2	1	3	4	1	1	2	7	3	2	3	2	1	0	6	0	2	0	3	143	2	1	3	60	2	1	0	2	4	2	2	8	2	2	7	7	1	132	0	0	118	2	14	4	1	62	2	38	61	0	2	0	1	0	11	7	1	61	1	1	2	1	4	6	57	0	3	1	4	1	0	2	18	3	0	7	1	1	0	9	2	0	1	3	1	16	1	2	3	9	26	3	1	0	2	5	2	6	1	5	0	0	2	3	2	7	0	0	3	1	55	2	4	1	217	3	2	50	1	4	3	3	1	2	3	1	2	1	0	2	42	2	5	3	11	2	9	1	1	8	127	2	3	2	3	6	1	0	1	1	1	0	3	3	2	2	1	43	77	0	1	4	1	2	1	1	0	2	1	2	1	11	1	6	18	0	0	32	1	1	1	1	3	7	3	3	1	0	1	1	2	6	1	0	0	8	2	3	1	1	0	1	0	3	2	3	9	1	5	1	3	2	0	5	123	1	9	1	4	172	5	2	1	1	14	2	2	6	5	1	4	2	6	0	1	1	3	1	4	3	1	0	1	1	4	0	6	0	1	19	20	4	1	0	2	14	1	2	2	3	2	0	5	0	2	1	2	0	0	2	2	2	1	0
T[Del(C):R2]G	0	0	0	0	1	0	0	0	0	0	0	1	0	0	0	0	0	0	0	0	0	1	0	0	0	0	1	1	1	9	1	0	0	1	0	3	0	2	2	1	1	0	0	1	1	0	0	0	1	7	0	0	0	0	2	0	0	0	1	0	0	2	1	0	0	0	1	0	0	1	48	0	1	0	1	0	0	0	0	0	0	0	0	1	0	0	1	0	0	0	0	0	0	0	0	1	0	0	26	0	0	0	8	0	0	0	0	0	0	0	0	0	2	0	1	0	22	0	0	17	0	3	0	0	8	0	5	13	0	1	0	1	0	5	0	0	9	0	0	0	0	0	0	12	0	0	0	1	1	0	0	3	0	0	1	0	0	0	0	0	0	2	0	0	0	2	0	0	1	0	0	0	0	0	0	0	0	0	0	0	0	0	1	0	0	0	0	1	0	10	0	0	0	37	0	1	8	0	1	0	1	0	3	0	0	0	0	0	0	4	1	0	0	3	1	1	0	0	1	20	0	1	0	1	0	0	0	1	0	0	0	0	0	0	0	0	8	14	0	0	1	0	0	1	0	0	1	1	1	0	1	0	1	5	0	0	3	0	0	0	0	1	0	0	0	0	0	0	0	0	2	0	0	0	0	0	0	1	0	0	0	0	1	0	2	1	0	0	0	1	1	2	2	21	0	1	0	0	34	1	0	0	1	0	0	1	2	0	0	0	0	1	0	0	1	1	0	3	0	0	1	0	1	0	0	1	0	0	2	2	0	0	0	0	2	0	0	0	0	0	2	3	1	1	0	1	0	0	1	0	0	1	0
T[Del(C):R2]T	2	1	3	4	2	2	3	3	2	3	0	3	6	1	1	3	2	2	1	2	3	2	2	1	0	2	5	2	11	66	6	1	7	11	10	5	16	4	2	1	24	3	2	2	2	3	9	1	6	151	1	0	3	2	3	5	4	1	1	3	1	4	11	5	0	3	4	1	0	5	210	0	7	2	14	3	10	0	1	1	3	3	4	3	5	2	7	2	0	5	0	1	1	4	1	3	4	1	108	8	4	0	48	1	2	1	2	5	4	4	10	22	6	11	4	3	91	1	2	68	9	13	14	6	58	1	24	51	4	1	4	3	1	10	4	1	39	2	0	4	0	7	11	42	0	3	2	2	5	3	5	6	6	2	7	3	6	4	7	4	1	6	8	2	10	2	0	1	13	34	2	4	7	2	7	12	8	1	6	3	3	2	2	4	7	2	0	3	3	54	3	5	5	157	1	1	39	0	2	1	8	3	5	1	8	4	2	2	2	35	2	5	0	7	4	13	1	0	16	83	3	5	6	3	4	6	1	2	3	6	2	1	3	11	2	3	17	76	4	3	7	4	1	3	2	2	4	2	1	3	18	0	16	18	0	2	31	1	2	0	4	3	2	3	4	1	2	2	2	1	13	2	1	3	7	6	5	3	4	2	2	2	4	1	7	5	3	6	1	5	2	1	0	82	4	5	1	2	113	0	5	5	0	9	0	2	13	8	2	3	4	15	2	0	3	12	2	5	6	1	2	2	1	2	0	5	2	6	21	17	1	1	2	2	21	2	1	6	1	4	3	10	5	2	2	6	0	2	10	4	2	6	0
T[Del(C):R3]A	0	0	1	2	0	0	0	0	1	4	0	0	2	0	0	0	1	0	0	0	6	1	0	1	0	0	1	0	0	135	7	0	2	5	1	2	2	3	3	0	9	1	1	2	0	1	1	1	1	38	0	1	0	2	0	2	0	1	0	0	4	0	2	4	1	1	1	0	1	1	372	3	1	1	4	4	6	1	0	0	3	1	2	2	0	0	4	2	0	2	0	2	1	3	1	1	1	1	234	6	1	1	99	0	1	1	0	0	5	0	4	0	1	0	2	0	224	0	0	226	4	18	6	3	112	0	56	108	2	0	0	0	0	19	1	1	102	1	0	1	2	1	4	68	0	1	0	1	4	3	2	20	1	1	10	0	0	1	3	1	1	0	4	0	10	1	0	1	6	12	2	3	2	0	3	1	3	1	1	0	1	3	2	0	2	0	1	1	0	87	1	1	1	374	3	1	76	0	2	2	3	1	2	0	0	2	0	0	1	58	0	3	4	25	1	6	0	2	7	219	0	4	1	2	3	2	1	1	0	2	0	0	2	2	0	1	61	137	1	2	5	0	1	3	1	0	0	0	2	0	22	2	5	49	0	1	8	0	0	1	2	4	0	0	1	3	0	0	0	4	6	0	2	0	8	0	2	2	0	2	0	0	2	1	4	4	0	3	0	4	1	0	1	213	1	7	4	2	308	2	1	0	0	6	2	1	4	1	2	0	0	8	1	1	1	4	0	4	0	1	1	2	0	1	1	10	1	1	22	32	0	1	0	4	3	3	2	1	2	0	1	5	4	4	2	0	0	1	2	2	0	0	0
T[Del(C):R3]G	0	0	1	0	0	0	1	0	0	0	1	1	0	0	0	0	0	0	0	0	0	0	0	0	0	0	0	0	0	10	1	0	1	0	0	2	1	2	1	0	6	0	0	0	0	0	0	0	2	6	0	1	0	0	0	0	0	0	0	0	0	1	0	0	0	0	0	0	0	0	60	1	0	1	0	0	0	0	0	0	0	0	0	0	0	0	0	0	0	0	0	1	0	0	0	0	0	0	30	0	0	0	13	0	0	1	0	0	0	1	1	0	0	0	0	0	33	0	0	35	1	2	0	0	15	0	10	13	1	0	1	1	0	1	0	0	8	0	0	0	1	0	1	21	0	0	0	0	0	0	0	1	1	0	2	0	0	1	0	0	0	0	0	0	1	1	0	0	1	0	0	0	0	0	1	0	0	0	3	1	0	0	0	0	0	0	0	0	0	11	0	1	0	55	0	0	10	0	1	0	0	0	2	0	0	0	0	0	1	16	0	0	1	6	1	1	0	0	0	28	0	0	0	0	0	0	0	0	0	0	0	0	1	1	0	0	3	16	0	0	0	0	0	0	0	1	0	0	0	0	6	0	1	5	0	2	0	0	0	0	0	0	0	0	0	0	0	0	0	1	1	0	0	0	0	1	0	1	0	0	0	0	0	3	0	0	0	1	1	1	0	0	0	28	0	0	0	0	37	0	0	0	1	0	1	0	1	0	0	0	0	1	1	0	0	0	0	1	0	0	0	0	0	1	0	2	0	0	4	8	0	0	0	0	0	0	0	0	0	1	0	4	0	0	1	0	0	0	0	0	1	0	0
T[Del(C):R3]T	0	0	1	2	0	0	2	0	3	2	0	1	0	0	0	0	0	0	1	1	3	2	1	0	0	0	0	2	2	46	1	2	2	3	0	2	4	2	3	1	15	0	0	1	1	1	1	0	0	32	1	0	1	0	1	1	2	1	1	2	0	0	2	2	1	0	1	1	1	1	172	2	3	1	1	1	5	1	2	1	3	2	4	0	1	1	2	2	1	2	1	1	0	4	1	2	0	0	118	2	2	2	59	1	3	1	1	2	0	1	4	3	1	2	2	0	107	1	1	76	0	8	3	6	52	1	20	46	0	1	0	1	0	7	4	1	36	2	0	1	3	1	2	16	0	2	2	3	2	1	1	4	1	1	7	0	1	1	2	0	0	0	2	2	4	0	0	1	0	6	1	0	2	1	3	1	0	1	1	2	0	0	1	1	2	0	1	3	0	40	2	2	0	181	2	0	30	0	2	2	2	2	1	0	1	0	0	0	2	22	1	3	1	10	3	0	0	0	2	71	1	1	1	1	3	3	0	1	1	1	2	0	1	1	1	0	34	60	1	2	2	0	0	3	0	0	0	0	0	0	21	0	3	23	1	1	10	0	0	1	3	2	2	0	0	0	0	1	3	2	4	1	0	2	9	0	0	2	1	1	0	0	2	0	3	6	0	2	3	7	0	1	1	69	0	4	0	2	125	0	2	0	0	7	0	1	2	4	2	2	3	7	0	2	0	3	1	7	2	1	1	3	0	4	1	8	2	0	18	16	1	1	1	0	3	0	3	2	3	0	1	4	2	2	0	1	1	0	3	0	0	1	0
T[Del(C):R4]A	0	0	0	0	0	0	0	1	1	0	1	1	0	1	0	0	0	0	0	0	1	1	0	0	0	0	0	2	0	30	3	0	1	2	1	1	1	6	0	0	55	2	1	0	2	1	0	0	2	54	0	0	1	1	0	0	1	0	1	0	0	0	2	2	0	0	3	0	0	1	107	0	0	0	2	0	2	0	0	0	0	1	3	0	1	0	3	2	0	0	2	1	0	1	1	1	0	0	71	0	1	1	41	1	1	0	0	4	5	0	1	1	0	2	0	0	60	0	0	60	3	8	3	0	21	0	13	37	0	0	0	0	0	10	0	0	28	1	0	0	0	0	2	21	2	3	0	0	1	1	0	2	0	0	1	0	1	0	3	1	0	0	3	0	7	1	0	0	0	6	0	0	1	1	1	0	0	1	1	1	0	0	1	0	0	0	1	0	1	32	3	0	1	94	0	0	25	0	0	1	1	1	1	2	0	1	0	0	0	21	0	1	3	3	1	0	0	1	3	66	1	1	1	1	1	0	0	1	0	0	0	0	1	2	0	0	19	48	1	0	1	0	1	1	0	0	0	1	0	0	91	0	3	10	0	1	4	0	1	0	1	1	0	2	0	0	0	1	0	0	1	0	0	1	2	0	0	0	1	1	0	1	1	0	3	5	0	2	1	2	2	0	2	66	0	6	0	0	97	1	0	1	0	4	0	2	1	1	1	3	0	2	0	0	0	4	0	3	1	0	2	1	0	0	0	5	0	1	4	13	2	0	0	2	6	2	0	3	2	0	0	17	1	0	1	0	1	0	1	1	1	0	0
T[Del(C):R4]G	0	1	1	0	0	0	0	0	0	0	0	0	0	0	0	0	0	0	0	0	1	0	0	1	0	0	0	0	0	4	0	0	0	0	0	0	0	6	0	0	17	0	0	0	0	0	1	1	0	17	1	0	0	0	0	0	0	0	0	0	0	0	0	0	0	1	0	0	0	1	14	1	1	0	1	0	1	0	0	0	0	0	0	0	0	0	1	0	0	0	0	0	0	1	0	0	1	0	9	1	0	0	4	1	0	0	1	0	0	0	0	1	0	0	0	0	7	0	0	15	0	1	1	1	4	0	1	6	1	0	0	0	0	1	0	0	4	1	0	0	0	0	1	3	0	0	0	0	0	0	0	1	0	0	1	0	0	0	0	0	0	0	1	0	1	0	0	0	0	0	0	0	0	0	0	1	0	1	0	0	0	0	0	0	1	0	0	0	0	5	0	0	0	13	1	0	6	0	0	0	0	0	0	0	1	0	0	0	0	6	0	0	0	1	0	0	0	0	1	8	0	0	0	0	0	1	0	0	0	1	1	0	0	0	0	0	4	7	0	0	0	0	0	0	0	0	1	0	0	0	20	0	0	1	0	1	0	1	0	0	0	0	0	0	1	0	0	0	0	2	0	0	0	0	0	0	0	0	0	0	0	0	0	0	0	1	0	0	0	0	0	0	1	7	0	1	0	0	12	0	0	0	0	1	0	0	0	0	1	0	0	1	0	1	0	0	0	1	0	0	0	0	0	0	0	1	0	1	3	2	0	0	0	0	0	0	0	0	0	0	1	6	0	0	0	0	0	0	0	0	1	0	0
T[Del(C):R4]T	0	0	0	1	1	0	0	0	1	0	0	0	0	1	0	0	0	1	0	0	3	0	1	0	0	0	0	1	2	18	2	0	3	2	1	0	3	1	2	0	40	0	1	0	0	1	1	0	1	39	0	0	0	0	0	0	0	1	0	1	0	0	1	1	0	1	0	0	0	4	58	0	0	1	1	0	5	0	0	0	0	0	2	0	3	0	2	0	0	0	0	0	1	1	0	1	0	3	30	1	0	2	13	1	0	0	0	2	1	0	0	2	0	0	0	0	29	1	0	35	0	4	0	4	20	0	11	15	2	1	0	1	1	4	3	0	8	1	1	0	0	1	3	5	0	3	0	0	0	0	0	2	1	1	4	1	1	0	3	0	0	1	0	2	5	0	0	0	0	8	0	1	0	0	1	0	1	0	0	0	0	1	1	0	1	0	0	0	0	15	3	1	0	57	1	0	9	0	0	0	1	0	0	0	0	0	0	0	0	15	1	1	1	1	3	0	0	0	1	25	0	1	2	0	1	1	1	1	1	0	0	1	0	1	0	0	8	32	0	0	5	0	0	0	1	1	0	0	2	1	38	0	2	6	0	0	4	0	0	1	0	1	1	1	3	1	1	1	0	1	0	0	1	1	2	0	1	0	0	0	0	0	2	1	0	2	1	0	0	2	1	0	1	26	0	3	0	0	35	0	0	0	0	0	1	0	4	0	1	2	3	4	0	0	0	2	0	2	1	0	0	0	0	1	0	3	0	0	8	5	0	1	0	0	2	0	1	0	0	0	2	16	1	1	0	0	0	0	2	1	1	0	0
T[Del(C):R5]A	0	0	0	0	0	0	0	0	0	1	0	1	0	0	0	2	2	0	0	0	1	0	1	0	0	0	0	0	1	16	1	2	0	0	0	1	4	18	0	1	121	0	0	0	0	0	1	1	0	67	0	1	0	0	1	0	0	0	0	1	0	0	1	1	0	0	0	0	0	0	59	0	0	0	0	0	1	0	0	1	0	1	0	0	1	0	0	1	0	1	0	0	0	1	0	0	0	0	35	2	0	0	17	1	2	0	0	0	5	0	1	0	0	0	1	1	28	0	0	34	2	5	0	0	20	0	6	22	1	1	1	1	0	3	2	0	16	4	0	1	0	1	0	12	0	1	0	0	0	0	1	3	0	1	1	2	1	1	0	1	0	0	1	1	0	0	0	0	0	1	0	1	1	0	0	0	0	1	1	0	0	1	0	0	0	0	0	0	0	15	1	0	1	57	1	0	16	0	0	0	0	0	1	0	0	0	0	0	0	10	0	1	2	3	0	0	0	0	1	36	0	0	0	0	1	0	0	0	1	1	0	0	2	0	0	0	13	28	0	0	0	0	1	0	0	0	0	0	0	0	187	1	2	8	0	1	1	0	0	2	0	0	0	1	0	0	0	0	0	2	1	0	0	0	3	3	2	0	0	2	0	1	2	1	0	0	0	0	1	1	0	0	0	35	0	2	0	1	57	1	1	1	0	0	1	0	0	0	0	1	3	3	0	0	0	3	0	0	0	0	1	0	0	0	1	3	0	0	3	3	0	0	0	0	1	0	0	1	1	0	0	42	0	2	2	0	0	0	0	0	0	0	1
T[Del(C):R5]G	0	0	0	1	0	0	0	0	0	0	0	0	0	0	0	0	0	0	0	0	0	2	0	0	0	0	0	1	0	2	0	0	0	0	0	0	0	5	0	1	35	0	0	0	0	0	0	0	0	18	0	0	0	0	0	1	0	0	0	0	0	0	0	0	0	0	0	0	0	0	3	0	0	0	0	0	0	0	0	0	0	0	0	1	0	0	0	0	0	0	0	0	0	0	0	0	0	0	3	0	0	0	1	0	0	0	0	0	0	0	0	0	0	0	0	0	2	0	0	4	0	1	0	0	1	0	2	4	0	0	0	0	0	1	1	0	2	0	0	0	0	0	0	1	0	1	0	1	0	0	0	0	0	0	0	0	0	0	0	0	0	0	0	1	0	0	0	0	0	0	0	0	0	0	0	0	0	0	0	0	0	0	0	0	0	0	0	0	0	1	1	0	0	8	0	0	3	0	0	0	0	1	0	0	0	0	0	0	0	2	0	0	1	1	0	0	0	0	0	4	0	0	0	0	0	0	0	0	0	0	0	0	0	0	0	0	2	9	0	0	0	0	0	0	0	0	0	0	0	0	28	0	1	1	0	0	0	0	0	0	0	0	0	0	0	0	0	0	0	0	0	0	0	0	0	0	0	0	0	0	0	0	0	0	0	1	0	0	0	0	0	0	0	4	0	0	0	0	5	0	0	0	0	1	0	0	1	0	0	0	0	0	0	0	0	0	0	0	0	0	0	0	0	0	0	0	0	0	2	0	0	0	0	0	0	0	0	0	0	1	0	7	0	0	0	0	0	0	0	0	0	0	0
T[Del(C):R5]T	0	0	0	0	1	1	0	0	1	0	0	0	0	0	0	0	0	0	0	0	1	1	0	0	0	0	0	0	0	10	3	1	1	1	0	0	2	11	1	2	176	0	0	2	0	0	1	1	0	88	0	0	0	0	0	0	0	0	1	0	0	1	0	1	0	0	0	0	0	1	37	0	0	0	2	1	3	0	0	0	0	0	0	0	0	0	1	0	0	0	0	0	0	0	0	0	0	1	33	1	0	0	10	0	0	0	0	0	2	0	1	2	0	0	0	0	15	1	0	21	5	3	0	1	12	0	3	10	0	0	0	0	0	3	1	0	10	3	0	0	0	0	1	6	0	1	0	1	0	1	1	1	1	0	1	0	0	2	0	0	0	0	0	0	5	0	0	0	0	3	0	1	0	0	0	0	0	0	2	0	0	1	0	2	1	1	0	0	1	6	1	0	0	36	1	2	10	0	2	0	0	0	0	0	2	0	0	0	0	2	0	0	0	2	0	0	0	0	0	28	0	0	0	0	0	0	1	0	0	0	1	1	0	0	0	0	8	25	0	0	0	0	0	1	0	1	0	0	0	0	154	0	0	7	0	1	0	0	0	0	0	2	0	0	0	0	0	0	0	1	1	0	0	0	0	0	0	2	0	1	1	0	0	0	0	1	0	0	0	0	0	1	1	28	0	0	0	0	25	0	0	0	0	2	0	0	1	0	1	0	1	3	0	0	1	0	0	1	0	0	1	1	1	0	0	1	0	0	4	1	0	1	0	0	0	0	0	1	0	0	1	41	1	0	0	1	0	0	1	0	0	0	0
T[Del(C):R6]A	1	1	0	1	1	1	0	0	0	0	1	0	1	1	0	1	0	0	0	0	1	0	0	0	0	0	0	0	0	7	4	3	0	0	0	0	1	22	0	0	187	0	0	0	0	0	1	0	1	140	1	0	0	0	0	0	1	0	0	0	0	0	0	2	0	0	1	0	0	0	30	0	2	0	0	0	0	0	0	0	0	0	0	1	0	0	0	1	0	0	0	0	1	0	0	0	0	0	29	1	0	1	3	0	0	0	0	1	5	2	0	0	0	0	0	1	8	0	0	16	0	5	3	0	12	0	1	7	0	0	0	0	2	1	0	0	7	4	0	0	0	0	0	9	0	2	0	0	0	0	0	0	0	0	2	0	0	0	1	1	0	4	0	0	0	0	0	0	0	3	0	0	1	0	0	0	0	0	1	0	0	0	1	1	0	1	0	1	0	12	3	0	0	26	0	0	9	0	0	0	0	2	0	0	0	0	0	0	2	9	0	0	0	1	1	0	0	0	1	21	0	0	0	0	0	0	0	3	0	0	0	0	4	1	0	0	5	10	2	2	1	0	0	0	0	0	0	0	0	0	232	1	1	7	0	0	3	0	0	0	0	0	1	0	1	0	1	0	0	0	1	0	0	0	0	2	0	0	0	0	0	0	1	0	1	1	0	0	0	1	0	0	0	21	0	0	1	0	24	0	0	0	0	2	0	1	0	0	1	1	4	1	0	0	0	1	1	0	1	0	1	0	0	0	0	1	0	0	2	4	0	0	0	0	1	0	0	2	2	0	1	69	1	2	0	0	1	0	0	0	0	0	0
T[Del(C):R6]G	0	0	0	0	0	0	0	0	0	0	0	0	0	0	0	1	0	0	0	0	0	0	0	0	0	0	0	0	0	2	0	0	0	0	0	0	0	6	0	0	39	0	0	0	0	0	0	0	0	29	0	0	0	0	0	0	0	0	0	0	0	0	0	0	0	1	0	0	0	0	9	0	0	0	1	0	0	0	0	0	0	0	0	0	0	0	0	0	0	0	0	0	0	0	0	0	0	0	4	0	0	0	3	0	0	0	0	0	0	0	0	0	0	0	0	0	2	0	0	0	0	0	0	0	1	0	0	1	0	0	0	0	0	0	0	0	2	1	0	0	0	0	0	2	0	1	0	0	0	0	0	0	0	0	0	0	0	0	0	0	0	0	0	0	0	0	0	0	0	0	0	0	0	0	0	0	0	0	0	0	0	0	0	0	0	0	0	0	0	0	0	0	0	3	0	0	1	0	0	0	0	0	0	0	0	0	0	0	0	0	1	0	0	0	1	0	0	0	0	0	0	0	0	0	0	0	0	0	0	0	0	0	0	0	0	0	1	1	0	0	0	0	0	0	0	0	0	0	0	0	38	0	0	0	0	0	0	0	0	0	0	0	0	0	0	0	0	0	0	0	0	0	0	0	0	1	0	0	0	0	0	0	1	0	0	0	0	0	0	0	0	0	0	0	0	0	0	0	3	0	0	1	0	0	0	0	0	0	0	0	0	0	0	0	0	0	0	0	0	0	0	0	0	0	0	0	0	0	1	0	0	0	0	0	0	0	0	0	0	0	0	16	0	0	0	0	0	0	0	0	0	0	0
T[Del(C):R6]T	0	0	0	0	0	0	1	0	0	0	0	0	0	0	0	0	0	0	0	0	0	0	0	0	0	0	0	0	0	4	1	1	0	0	0	0	1	7	0	1	104	0	0	0	0	1	0	1	1	71	0	0	0	0	0	0	0	0	1	1	1	0	0	1	0	0	0	0	0	2	11	0	1	0	0	0	2	0	0	0	0	0	0	0	0	0	0	0	1	0	0	0	1	0	0	0	0	0	13	0	0	0	3	0	0	1	0	1	0	0	0	0	0	1	0	0	10	0	0	5	0	0	0	0	4	0	6	2	0	0	0	0	0	0	0	0	5	6	0	1	0	0	0	5	1	1	0	0	0	0	0	0	0	0	0	1	0	0	0	0	0	0	0	0	0	0	0	0	0	2	0	0	0	0	0	0	0	0	1	0	0	0	0	0	0	0	0	0	0	3	1	1	0	16	0	0	3	0	1	0	0	0	0	1	0	1	0	0	0	3	1	0	0	0	0	0	0	0	1	6	0	0	1	0	0	1	0	1	1	0	0	0	0	0	0	0	4	3	0	0	1	2	1	0	1	0	2	0	0	0	109	1	0	2	0	0	0	0	0	0	0	1	0	0	0	0	0	0	0	0	1	0	0	1	0	0	0	0	0	0	0	0	0	1	1	0	0	0	0	0	0	0	0	5	0	1	0	0	10	0	1	0	0	2	0	0	0	0	1	2	3	2	0	0	0	0	0	0	0	0	0	1	1	0	0	0	0	1	0	3	0	0	0	0	0	0	0	0	0	0	1	29	0	1	1	0	1	0	1	0	0	0	0
T[Del(C):R7]A	1	0	0	0	0	0	1	0	0	0	0	0	0	0	0	0	0	0	1	0	0	0	1	0	0	0	0	0	0	1	2	0	0	0	0	0	0	16	0	0	173	1	0	0	0	0	0	0	0	151	0	0	0	0	0	0	0	0	0	0	0	0	0	2	0	0	0	0	0	0	8	0	0	0	0	0	0	0	1	0	0	0	0	0	0	0	0	0	0	0	0	0	0	1	0	0	0	0	1	1	0	0	2	0	0	0	0	2	1	0	0	0	0	0	0	0	2	0	0	4	1	0	0	0	3	0	4	1	0	0	0	0	0	0	2	0	3	2	0	0	0	0	0	1	1	1	0	0	0	0	0	0	0	0	0	1	2	0	0	0	0	1	0	0	0	0	0	0	0	1	0	0	0	0	0	0	0	0	0	1	0	0	0	0	0	0	0	0	0	2	1	0	0	7	0	1	4	0	0	0	0	0	0	0	0	0	0	0	0	1	0	0	0	1	0	0	0	0	1	1	0	0	0	0	0	0	0	0	0	0	0	0	0	0	1	0	1	1	0	0	1	0	0	0	0	0	0	0	0	0	219	1	0	2	0	0	1	0	0	0	0	0	0	0	0	0	0	0	0	0	0	0	0	0	0	0	0	0	0	0	0	0	0	0	0	0	1	0	0	0	0	0	0	1	0	0	0	0	7	0	0	0	0	0	0	0	0	0	0	0	0	1	0	0	0	1	0	1	0	0	0	0	0	0	0	0	0	0	0	0	0	0	0	0	1	0	0	0	1	0	1	55	1	1	0	0	0	0	0	0	0	1	0
T[Del(C):R7]G	0	0	0	0	0	0	0	0	0	0	0	0	0	0	0	0	0	0	0	0	0	0	0	0	0	0	0	0	0	0	0	0	0	0	0	0	0	8	0	0	62	0	0	0	0	0	0	0	1	28	0	0	0	0	0	0	0	0	0	0	0	0	0	0	0	0	0	0	0	0	1	0	0	0	0	0	0	0	0	0	0	0	0	0	0	0	0	0	0	0	0	0	0	0	0	0	0	0	0	0	0	0	1	0	0	0	0	0	0	0	0	0	0	0	0	0	2	0	0	0	0	0	0	0	1	0	0	1	0	0	0	0	0	0	1	0	0	1	0	0	0	0	0	1	0	0	0	0	0	0	0	0	0	0	0	0	0	0	0	0	0	0	0	0	0	0	0	0	0	0	0	0	0	0	0	0	0	0	0	0	0	0	0	0	0	0	0	0	0	0	0	0	0	0	0	0	0	0	0	0	0	0	0	0	0	0	0	0	0	1	0	0	0	0	0	0	0	0	0	0	0	0	0	0	0	0	0	0	0	0	0	0	0	0	0	0	0	0	0	0	0	0	0	0	0	0	0	0	0	0	38	0	0	0	0	0	0	0	0	0	0	0	0	0	1	0	0	0	0	0	0	0	0	0	0	0	0	0	0	0	0	0	0	0	0	0	0	0	0	0	0	0	0	0	0	0	0	0	1	0	0	0	0	0	0	0	0	0	0	0	0	0	0	0	0	0	0	0	0	0	0	0	0	0	0	0	1	0	1	0	0	0	0	0	0	0	0	0	0	0	0	20	0	1	1	0	0	0	0	0	0	0	0
T[Del(C):R7]T	0	0	0	0	0	0	0	0	0	0	0	0	0	0	0	0	0	0	0	0	1	0	0	0	0	0	0	0	0	3	0	1	0	0	1	0	0	5	0	0	85	0	0	0	0	0	0	0	0	48	1	0	0	0	0	1	0	1	0	0	0	0	0	1	0	0	0	0	0	0	1	0	0	0	1	0	0	0	0	0	0	0	1	0	0	0	0	1	0	0	0	0	0	1	0	0	0	0	2	1	0	0	1	0	0	0	0	0	0	0	0	1	0	0	0	0	3	0	0	4	0	0	0	0	0	0	1	1	0	0	0	0	0	0	0	0	0	3	0	1	0	0	0	2	0	1	0	0	0	0	0	0	1	0	0	0	0	0	0	0	0	1	1	0	0	0	0	0	0	0	0	1	0	0	1	0	1	0	0	0	0	0	0	1	0	0	0	0	0	2	1	1	0	3	0	0	1	0	0	0	0	1	0	0	1	0	0	0	0	2	0	0	0	1	0	0	0	0	0	1	0	0	0	0	0	0	0	1	0	0	0	1	0	1	0	0	0	1	1	0	1	0	0	0	0	0	0	1	0	0	57	0	0	0	0	0	1	0	0	0	0	0	0	0	0	0	0	0	0	0	0	1	0	0	0	1	0	0	0	0	0	0	0	0	0	0	0	1	0	0	0	0	0	1	0	2	0	0	5	0	0	0	0	0	0	0	0	0	0	0	1	0	0	0	0	0	0	0	0	0	1	0	0	0	0	0	1	1	0	0	0	0	0	0	0	0	0	2	0	0	0	37	0	0	1	0	0	0	1	0	0	0	0
T[Del(C):R8]A	0	0	0	1	0	0	0	0	0	0	0	0	0	0	0	0	0	0	1	0	1	0	0	0	0	0	0	0	0	0	0	0	0	0	0	0	0	22	1	0	108	1	0	0	0	0	0	0	0	118	0	0	0	0	0	0	0	0	1	0	0	0	1	0	0	0	0	0	0	0	3	0	0	0	0	0	1	0	0	0	1	0	1	0	1	0	0	0	0	0	0	0	0	0	0	0	0	0	1	0	0	0	0	0	0	0	0	0	0	0	1	0	0	0	1	0	0	0	0	0	0	0	0	0	1	0	0	0	0	0	0	0	0	1	0	0	0	1	0	0	0	0	0	1	0	1	0	0	0	0	1	0	0	0	0	0	0	0	0	0	0	2	2	0	1	0	0	0	0	0	0	2	0	0	0	1	0	0	0	0	0	0	0	0	0	0	0	0	0	0	1	0	0	2	0	0	1	0	1	0	0	0	0	0	0	0	0	0	0	1	0	0	1	0	0	0	0	0	1	1	0	0	0	0	0	0	0	0	0	0	0	0	0	0	0	0	0	1	0	0	0	0	0	0	0	0	0	0	0	0	151	0	0	0	0	0	1	0	0	0	0	0	0	0	0	0	0	0	0	0	0	0	0	1	0	0	0	0	1	0	0	0	0	0	0	1	0	0	0	0	0	0	0	1	0	0	0	0	0	0	0	0	0	0	0	0	0	0	0	0	1	0	0	0	0	0	0	2	2	0	0	0	0	0	0	1	0	0	1	0	0	0	0	0	0	0	0	0	1	0	0	40	0	0	0	0	0	0	0	0	0	0	0
T[Del(C):R8]G	0	0	0	0	0	0	0	0	0	0	0	0	0	0	0	0	0	0	0	0	2	0	0	0	0	0	0	0	0	0	0	0	0	0	0	0	0	1	0	0	22	0	0	0	0	0	0	1	0	16	0	0	0	0	0	0	0	0	0	0	0	0	0	0	0	0	0	0	0	1	0	0	0	0	0	0	0	0	0	0	0	0	0	0	0	0	0	0	0	0	0	0	0	0	0	0	0	0	0	0	0	0	0	0	0	0	0	0	0	0	0	1	0	0	0	0	0	0	0	0	0	0	0	0	0	0	0	0	0	0	0	0	0	0	0	0	0	0	0	0	0	0	0	0	0	1	0	0	0	0	0	0	0	0	0	0	0	0	0	0	0	0	0	0	0	0	0	0	0	0	0	0	0	0	0	0	0	0	0	0	0	0	0	0	0	0	0	0	0	0	1	0	0	0	0	0	0	0	0	0	0	0	0	0	1	0	0	0	0	0	0	0	0	0	0	0	0	0	0	0	0	0	0	0	0	0	0	0	0	0	0	0	0	0	0	0	0	0	0	0	0	0	0	0	0	0	0	0	0	0	13	0	0	0	0	0	0	0	0	0	0	0	0	0	0	0	0	0	0	0	0	0	0	0	0	0	0	0	0	0	0	0	0	0	0	0	0	0	0	0	0	0	0	0	0	0	0	0	0	0	0	0	0	1	0	0	0	0	0	0	0	0	0	0	0	0	0	0	0	0	0	0	0	0	0	0	0	0	0	1	0	0	0	0	0	0	0	0	0	0	0	4	0	0	0	0	0	0	0	0	0	0	0
T[Del(C):R8]T	0	0	0	0	0	0	0	0	0	0	0	0	0	1	0	0	0	0	0	0	0	0	0	0	0	0	0	0	0	0	2	0	0	0	0	0	1	1	0	0	35	0	0	0	0	0	0	0	0	38	0	0	0	0	0	0	0	0	0	0	0	0	0	0	0	0	0	0	0	0	0	0	0	0	0	1	1	0	0	0	0	0	1	0	0	0	0	0	0	0	0	0	0	1	0	0	0	0	0	0	0	0	0	0	0	0	0	0	0	0	0	0	0	0	0	0	0	0	0	1	0	0	0	0	0	0	0	0	0	0	0	0	0	0	0	0	0	3	0	0	0	0	0	0	0	0	0	0	0	0	0	0	0	0	0	0	0	0	0	0	0	0	0	0	0	0	0	0	0	0	0	0	0	0	0	0	0	0	0	0	0	0	0	0	0	0	0	0	0	0	0	0	0	0	0	0	0	0	0	0	0	0	0	0	0	0	0	0	0	0	0	0	0	0	1	0	0	0	0	0	0	0	0	0	0	0	0	0	0	0	0	1	0	0	0	0	1	2	0	0	0	0	0	0	0	0	0	0	0	0	45	0	0	0	0	0	1	0	0	0	0	0	0	0	0	0	0	0	0	1	0	0	0	0	0	0	0	0	0	0	0	0	0	0	0	0	0	0	0	0	0	0	0	0	0	0	0	0	1	0	0	0	0	0	0	0	1	0	0	0	1	2	0	0	0	0	1	0	1	0	0	0	0	0	0	0	0	0	0	0	0	0	0	0	0	0	0	0	0	0	1	10	0	0	1	0	0	0	0	0	0	0	0
T[Del(C):R(9,)]A	0	0	0	0	0	0	0	0	0	0	0	0	0	0	0	0	0	0	0	0	0	0	0	0	0	0	0	0	0	0	0	0	0	0	0	0	0	0	0	0	0	0	0	0	0	0	0	0	0	0	0	0	0	0	0	0	0	0	0	0	0	0	0	0	0	0	0	0	0	0	0	0	0	0	0	0	0	0	0	0	0	0	0	0	0	0	0	0	0	0	0	0	0	0	0	0	0	0	0	0	0	0	0	0	0	0	0	0	0	0	0	0	0	0	0	0	0	0	0	0	0	0	0	0	0	0	0	0	0	0	0	0	0	0	0	0	0	0	0	0	0	0	0	0	0	0	0	0	0	0	0	0	0	0	0	0	0	0	0	0	0	0	0	0	0	0	0	0	0	0	0	0	0	0	0	0	0	0	0	0	0	0	0	0	0	0	0	0	0	0	0	0	0	0	0	0	0	0	0	0	0	0	0	0	0	0	0	0	0	0	0	0	0	0	0	0	0	0	0	0	0	0	0	0	0	0	0	0	0	0	0	0	0	0	0	0	0	0	0	0	0	0	0	0	0	0	0	0	0	0	0	0	0	0	0	0	0	0	0	0	0	0	0	0	0	0	0	0	0	0	0	0	0	0	0	0	0	0	0	0	0	0	0	0	0	0	0	0	0	0	0	0	0	0	0	0	0	0	0	0	0	0	0	0	0	0	0	0	0	0	0	0	0	0	0	0	0	0	0	0	0	0	0	0	0	0	0	0	0	0	0	0	0	0	0	0	0	0	0	0	0	0	0	0	0	0	0	0	0	0	0	0	0
T[Del(C):R(9,)]G	0	0	0	0	0	0	0	0	0	0	0	0	0	0	0	0	0	0	0	0	0	0	0	0	0	0	0	0	0	0	0	0	0	0	0	0	0	0	0	0	0	0	0	0	0	0	0	0	0	0	0	0	0	0	0	0	0	0	0	0	0	0	0	0	0	0	0	0	0	0	0	0	0	0	0	0	0	0	0	0	0	0	0	0	0	0	0	0	0	0	0	0	0	0	0	0	0	0	0	0	0	0	0	0	0	0	0	0	0	0	0	0	0	0	0	0	0	0	0	0	0	0	0	0	0	0	0	0	0	0	0	0	0	0	0	0	0	0	0	0	0	0	0	0	0	0	0	0	0	0	0	0	0	0	0	0	0	0	0	0	0	0	0	0	0	0	0	0	0	0	0	0	0	0	0	0	0	0	0	0	0	0	0	0	0	0	0	0	0	0	0	0	0	0	0	0	0	0	0	0	0	0	0	0	0	0	0	0	0	0	0	0	0	0	0	0	0	0	0	0	0	0	0	0	0	0	0	0	0	0	0	0	0	0	0	0	0	0	0	0	0	0	0	0	0	0	0	0	0	0	0	0	0	0	0	0	0	0	0	0	0	0	0	0	0	0	0	0	0	0	0	0	0	0	0	0	0	0	0	0	0	0	0	0	0	0	0	0	0	0	0	0	0	0	0	0	0	0	0	0	0	0	0	0	0	0	0	0	0	0	0	0	0	0	0	0	0	0	0	0	0	0	0	0	0	0	0	0	0	0	0	0	0	0	0	0	0	0	0	0	0	0	0	0	0	0	0	0	0	0	0	0	0
T[Del(C):R(9,)]T	0	0	0	0	0	0	0	0	0	0	0	0	0	0	0	0	0	0	0	0	0	0	0	0	0	0	0	0	0	0	0	0	0	0	0	0	0	0	0	0	0	0	0	0	0	0	0	0	0	0	0	0	0	0	0	0	0	0	0	0	0	0	0	0	0	0	0	0	0	0	0	0	0	0	0	0	0	0	0	0	0	0	0	0	0	0	0	0	0	0	0	0	0	0	0	0	0	0	0	0	0	0	0	0	0	0	0	0	0	0	0	0	0	0	0	0	0	0	0	0	0	0	0	0	0	0	0	0	0	0	0	0	0	0	0	0	0	0	0	0	0	0	0	0	0	0	0	0	0	0	0	0	0	0	0	0	0	0	0	0	0	0	0	0	0	0	0	0	0	0	0	0	0	0	0	0	0	0	0	0	0	0	0	0	0	0	0	0	0	0	0	0	0	0	0	0	0	0	0	0	0	0	0	0	0	0	0	0	0	0	0	0	0	0	0	0	0	0	0	0	0	0	0	0	0	0	0	0	0	0	0	0	0	0	0	0	0	0	0	0	0	0	0	0	0	0	0	0	0	0	0	0	0	0	0	0	0	0	0	0	0	0	0	0	0	0	0	0	0	0	0	0	0	0	0	0	0	0	0	0	0	0	0	0	0	0	0	0	0	0	0	0	0	0	0	0	0	0	0	0	0	0	0	0	0	0	0	0	0	0	0	0	0	0	0	0	0	0	0	0	0	0	0	0	0	0	0	0	0	0	0	0	0	0	0	0	0	0	0	0	0	0	0	0	0	0	0	0	0	0	0	0	0
A[Del(T):R1]A	1	3	0	2	1	0	1	2	1	2	3	1	1	3	2	3	1	2	1	3	5	2	0	2	0	1	4	2	3	34	5	18	1	6	1	6	11	6	5	0	49	4	5	1	3	2	6	5	7	146	2	2	1	4	0	3	0	4	5	3	0	0	4	5	1	0	3	0	1	6	93	0	4	3	9	7	16	1	4	2	3	4	8	5	6	0	7	2	1	5	1	1	3	7	3	0	1	1	42	8	2	1	25	2	1	2	1	12	7	3	5	7	4	4	7	2	48	4	2	25	4	9	10	10	27	0	17	33	3	1	0	1	4	6	2	5	23	6	0	5	1	6	7	23	3	7	6	10	6	1	3	6	4	1	4	11	0	1	6	4	0	8	4	3	7	3	0	3	0	19	5	6	2	4	6	3	3	3	2	3	9	0	8	10	6	1	3	1	5	26	6	1	2	72	2	2	23	1	1	2	18	4	7	2	5	2	2	0	6	25	0	7	2	15	1	0	1	1	10	40	3	3	7	4	6	6	4	4	1	1	1	3	8	5	0	1	23	31	2	3	7	1	1	6	0	1	4	0	0	2	35	2	9	13	2	2	9	2	2	3	2	3	4	2	3	2	6	0	4	5	3	0	0	4	10	3	9	0	1	2	0	1	10	2	4	10	0	3	2	14	2	4	1	38	4	7	2	4	65	2	5	3	2	3	2	3	5	2	2	4	4	1	0	5	3	4	1	19	3	2	0	1	2	18	0	7	2	5	8	8	4	1	1	2	5	1	1	6	4	3	1	16	9	4	1	5	2	1	6	1	5	6	5
A[Del(T):R1]C	1	0	0	0	0	0	0	0	0	0	0	1	1	0	0	0	0	1	0	0	3	0	0	0	0	0	0	1	3	2	2	10	3	6	6	2	6	2	3	0	7	2	0	2	1	0	4	1	4	19	1	1	2	1	1	1	0	4	1	4	1	1	1	5	1	0	1	0	0	0	9	3	1	3	4	2	2	1	1	1	3	2	3	0	2	1	2	1	1	2	1	0	1	7	0	1	0	0	5	1	0	1	4	1	1	0	2	4	4	0	5	2	3	1	1	0	9	0	2	11	2	0	3	3	3	0	1	0	3	3	0	0	1	3	2	0	4	3	0	3	3	3	5	5	0	3	0	2	1	2	1	0	0	2	0	4	2	1	4	0	1	3	3	0	1	2	0	0	1	6	2	4	1	2	2	0	0	1	1	1	4	0	0	4	3	3	1	0	0	3	4	0	2	9	0	0	9	0	1	1	9	2	1	1	1	3	1	0	0	2	1	4	1	3	0	1	0	0	2	7	0	1	1	2	4	0	3	2	1	0	0	0	0	2	0	0	3	7	1	0	6	1	2	2	1	2	0	0	2	2	9	2	6	4	0	1	3	1	1	0	0	2	0	0	0	0	1	0	1	0	3	0	1	0	8	0	1	0	0	1	0	1	7	0	1	1	1	1	2	4	0	0	2	7	1	1	0	1	9	1	2	1	0	2	1	1	5	1	1	1	2	3	2	0	1	6	0	9	2	0	1	1	1	7	2	3	2	1	3	0	1	3	0	0	1	0	0	4	2	0	2	1	0	6	3	1	2	1	4	0	2	2	2
A[Del(T):R1]G	1	0	0	0	1	0	0	2	1	2	0	0	1	1	1	0	0	1	0	0	3	1	0	0	0	1	1	1	1	6	2	3	1	17	1	1	3	2	2	1	16	1	2	2	1	1	1	2	6	25	1	0	4	2	0	4	1	0	2	3	3	2	2	2	1	0	1	0	0	2	26	1	1	0	1	0	1	0	0	3	1	2	2	3	2	2	4	2	1	2	0	1	0	6	0	2	1	0	8	3	0	4	10	0	1	4	0	0	3	1	6	2	2	1	7	0	11	0	3	12	6	4	6	3	4	3	6	7	4	4	2	1	1	4	0	0	3	1	0	2	2	2	10	6	1	4	1	5	1	3	0	1	1	0	2	4	2	0	1	2	1	3	1	5	5	3	1	1	1	7	1	4	3	0	1	2	1	0	1	2	4	0	1	3	4	0	1	3	2	4	5	1	3	23	1	1	2	2	3	1	0	3	1	1	1	3	1	1	4	4	2	1	0	1	2	2	0	0	7	12	1	6	2	1	1	0	1	0	3	2	0	1	2	2	0	2	5	11	4	1	4	2	1	0	2	1	1	3	0	0	8	1	3	8	0	3	2	2	1	1	2	6	3	0	1	2	1	0	2	1	5	0	1	1	9	1	5	2	0	2	1	1	2	0	4	4	2	0	2	4	2	1	0	10	1	3	1	4	11	3	0	0	1	5	0	0	3	3	0	2	2	3	0	1	2	13	2	5	2	2	2	4	0	5	3	1	1	1	3	5	0	2	0	1	0	0	1	2	3	0	0	3	3	3	1	1	1	1	2	0	2	2	0
A[Del(T):R2]A	1	2	1	1	1	1	1	1	0	0	0	1	0	4	0	0	0	2	0	0	5	2	1	0	1	1	3	2	4	7	4	20	3	8	2	6	6	3	1	2	51	2	1	7	1	1	3	0	2	239	1	0	0	0	0	7	2	1	1	2	4	0	4	4	2	2	0	3	3	2	24	2	1	1	7	2	18	0	1	1	3	1	5	3	3	4	5	1	2	0	1	0	2	3	1	1	2	2	10	3	1	1	5	2	1	2	0	8	6	1	8	4	0	4	2	2	13	0	2	10	3	5	6	4	11	2	9	3	2	2	1	2	3	8	2	0	8	3	2	2	0	4	2	9	0	6	3	3	4	3	2	2	3	1	4	8	0	3	2	1	0	4	2	4	4	4	0	0	2	28	7	1	1	0	2	1	3	3	2	2	0	3	3	9	6	1	1	2	2	6	4	2	1	18	2	1	12	0	2	0	8	5	3	0	2	2	2	1	1	14	0	4	5	2	2	3	1	2	14	8	1	4	3	2	5	2	1	3	1	0	3	1	0	5	0	1	1	6	6	2	5	0	2	2	2	0	0	3	0	2	51	0	5	8	0	1	8	0	2	3	2	0	3	0	0	3	0	1	2	0	4	0	1	0	3	5	4	3	0	0	0	1	17	4	7	4	0	2	0	4	2	0	1	8	0	5	1	1	10	3	2	3	7	5	2	1	5	3	0	1	8	5	1	2	9	10	1	14	4	0	0	1	1	14	1	4	1	2	4	4	1	0	2	0	1	2	1	6	6	2	4	16	1	2	3	0	0	1	5	1	4	3	4
A[Del(T):R2]C	1	0	2	0	0	0	0	0	1	1	1	0	3	0	0	0	0	2	0	0	1	0	0	0	0	1	1	1	5	1	4	10	4	4	0	1	2	4	2	0	16	2	0	3	0	3	0	0	2	16	1	0	0	1	0	1	1	3	1	2	1	1	2	1	1	3	1	0	2	2	4	3	0	0	2	1	6	1	2	0	1	1	1	2	0	0	4	1	1	2	0	0	1	7	3	0	0	0	5	1	4	0	3	0	5	0	0	4	5	1	4	2	1	1	1	0	4	0	1	6	2	3	4	4	3	0	1	2	3	2	0	2	2	2	0	0	4	1	0	0	1	1	6	3	0	3	1	2	1	2	0	2	1	2	0	4	0	2	4	2	1	1	1	0	2	1	1	1	1	6	3	1	1	0	4	0	1	1	2	4	2	1	1	4	3	1	0	2	1	4	2	1	2	2	2	0	4	0	1	0	3	1	1	0	2	0	1	1	1	4	0	2	1	4	3	1	0	1	5	5	1	3	1	2	2	6	0	1	1	3	0	3	1	1	1	0	0	2	1	0	7	0	0	1	1	1	2	0	0	0	8	0	2	4	1	1	1	0	1	0	0	2	0	1	0	1	0	1	1	1	7	1	0	2	7	2	1	0	1	0	0	0	4	0	3	3	1	1	0	5	0	1	2	5	1	2	0	1	7	0	0	1	0	2	0	1	5	4	1	1	2	2	0	3	0	6	0	7	1	0	0	0	0	3	2	0	0	3	2	0	1	0	0	0	1	1	0	4	2	1	0	4	1	1	0	2	0	0	2	0	1	5	0
A[Del(T):R2]G	0	1	0	1	1	0	1	1	0	0	0	1	0	2	1	0	0	2	0	1	1	0	0	0	0	0	0	0	5	7	1	3	2	6	0	0	3	2	2	3	12	0	1	1	1	0	2	2	2	19	1	1	1	0	0	0	1	0	2	0	1	1	2	1	0	1	0	0	1	1	30	1	0	0	0	3	8	1	2	0	0	0	3	2	0	0	1	1	1	0	0	3	1	3	0	1	0	0	20	0	0	0	8	1	1	1	1	1	1	1	4	0	1	0	2	0	13	0	1	16	0	1	3	5	6	3	3	11	2	0	0	0	2	5	1	0	6	1	1	1	1	0	3	7	1	1	1	4	0	0	0	1	0	4	4	5	0	0	7	0	1	0	1	1	4	1	0	0	0	7	6	0	1	1	1	2	2	0	2	0	1	0	0	2	1	0	0	0	2	8	2	2	0	33	2	0	9	1	1	1	0	0	0	0	0	1	0	1	1	7	0	2	5	2	2	0	0	1	5	16	0	1	2	1	2	0	0	2	0	1	0	1	4	0	0	0	6	7	0	1	2	1	2	0	0	0	1	1	0	0	9	0	5	10	0	0	4	1	0	1	1	4	0	0	1	0	0	0	2	0	8	1	0	1	10	3	0	1	1	0	0	0	2	1	2	1	0	1	0	3	0	1	1	17	1	3	0	1	20	0	2	1	0	2	0	2	3	0	0	3	2	1	1	0	1	6	0	4	1	0	0	1	0	3	1	0	0	1	1	4	0	0	0	0	1	0	0	2	3	1	1	10	0	2	1	1	0	0	1	0	0	2	1
A[Del(T):R3]A	0	0	0	1	2	1	1	1	3	0	2	0	1	2	0	1	3	0	1	2	4	4	0	0	0	0	1	1	4	10	6	11	2	2	6	3	7	6	4	3	54	3	0	1	0	1	1	1	2	38	3	0	0	1	1	2	0	3	1	1	2	1	4	8	1	2	4	1	1	1	26	0	1	0	8	1	10	0	2	3	1	0	1	3	1	3	4	2	2	2	0	2	2	2	0	3	0	0	17	1	2	2	10	0	3	0	0	8	5	1	7	2	0	1	3	1	16	0	1	18	4	3	6	6	15	2	5	9	0	2	0	3	3	6	3	0	7	5	0	4	0	2	6	11	2	3	1	2	1	1	4	3	0	2	2	4	0	0	8	2	0	8	4	3	3	1	0	0	1	21	1	1	2	1	3	2	3	1	2	3	0	2	2	13	8	0	0	3	1	5	4	2	0	21	2	0	13	2	3	0	12	4	2	2	2	2	0	0	4	16	4	3	3	2	1	1	0	1	11	10	0	1	4	1	4	1	1	9	0	2	2	2	3	2	0	0	9	10	3	0	17	1	0	4	2	5	1	1	1	1	53	1	5	5	1	0	9	0	2	1	1	0	2	1	1	2	0	1	1	2	6	0	2	1	4	1	7	5	0	0	1	0	7	1	4	9	2	4	3	7	2	4	1	14	1	6	3	3	16	4	0	2	3	7	1	2	4	3	2	3	0	3	1	0	1	9	0	5	0	0	2	0	0	4	2	3	4	1	2	3	1	1	0	4	1	0	1	11	0	1	2	18	2	1	6	1	2	1	0	1	3	5	3
A[Del(T):R3]C	0	1	1	0	0	1	0	1	1	0	1	1	0	1	0	0	2	1	0	1	2	0	0	0	0	0	1	2	3	5	2	7	2	8	0	1	2	2	2	0	22	2	0	2	0	1	1	1	0	26	2	0	0	2	0	1	3	1	2	1	1	0	2	4	1	0	1	0	2	1	8	0	0	1	0	1	8	0	1	2	1	0	0	1	0	2	0	1	1	1	1	2	3	0	0	1	2	1	4	5	0	1	1	0	1	1	0	2	4	1	7	0	1	0	3	0	6	0	2	8	4	3	1	5	4	1	0	4	1	0	1	1	0	6	0	0	5	2	0	3	0	3	1	3	1	1	0	1	0	2	0	1	2	0	3	2	0	1	3	0	0	1	4	0	1	0	0	0	0	5	2	0	1	0	2	1	1	1	1	0	2	1	1	5	2	0	1	0	0	2	3	1	0	9	3	1	1	0	0	0	3	1	2	0	0	0	0	0	0	2	0	3	4	3	2	0	0	1	6	2	1	6	3	0	3	0	3	0	0	0	1	0	1	2	0	0	0	4	0	0	5	0	0	0	0	2	1	2	0	2	9	0	6	3	1	0	4	0	0	0	1	1	1	4	1	1	0	1	0	1	4	0	0	0	3	2	1	3	0	0	0	1	5	0	3	2	0	2	1	5	0	0	0	2	0	1	0	2	6	1	0	0	0	3	1	0	7	0	0	3	3	2	0	2	0	10	0	11	1	0	1	0	0	5	1	0	1	0	4	2	1	1	0	1	1	1	0	0	3	1	0	5	1	2	2	0	0	0	0	1	3	1	0
A[Del(T):R3]G	0	0	1	1	0	0	1	0	1	0	0	0	0	0	0	0	0	0	1	0	3	0	0	0	0	0	1	0	2	10	2	5	2	3	2	2	3	2	1	0	19	0	0	2	2	1	2	0	3	8	0	0	0	1	1	0	1	0	0	1	5	2	0	2	2	2	4	0	0	1	21	1	1	1	4	0	9	1	1	0	1	1	1	2	1	2	1	0	0	1	0	1	2	2	1	2	0	0	14	5	1	1	11	1	2	1	2	2	1	1	3	1	1	0	5	2	12	1	2	8	3	1	2	3	7	0	5	5	1	3	0	0	0	3	0	1	6	1	0	1	0	6	3	5	2	3	1	0	2	2	1	1	2	1	0	2	1	1	1	0	0	2	0	2	2	1	0	1	0	5	0	2	3	1	3	1	4	0	0	0	1	2	2	1	1	0	0	2	1	6	3	0	0	16	0	0	6	1	0	0	7	1	1	0	0	0	0	0	1	7	0	3	2	1	1	0	0	0	3	8	0	2	0	0	3	3	2	2	0	0	1	1	0	4	0	1	7	6	1	0	2	3	1	0	0	1	1	0	0	0	17	0	3	4	0	0	4	0	0	0	1	2	1	2	0	0	1	0	0	1	3	2	2	1	4	2	0	0	0	0	1	0	4	1	0	3	0	0	0	3	0	0	1	8	0	3	0	2	17	1	0	2	0	1	0	1	3	0	0	3	0	2	0	3	0	2	1	2	0	1	3	0	1	0	1	2	2	2	3	3	1	0	0	5	2	1	0	1	1	0	1	5	1	1	1	1	1	0	0	0	1	2	0
A[Del(T):R4]A	0	1	2	2	1	1	0	1	0	0	0	1	1	6	0	0	2	1	0	0	8	1	0	1	0	1	1	1	4	6	6	23	2	3	6	2	9	16	4	3	121	4	0	1	0	0	2	0	3	69	1	0	0	0	0	4	1	1	2	1	4	1	5	5	1	0	3	0	0	2	22	2	2	2	4	5	19	2	1	0	1	0	13	5	2	2	0	0	0	1	2	2	1	2	1	1	1	0	16	4	1	2	4	2	1	1	2	10	3	2	10	3	4	1	3	0	13	2	0	10	6	8	13	3	6	0	2	8	1	0	2	3	1	3	3	0	5	1	0	0	0	4	4	9	0	15	1	3	0	0	0	3	5	0	2	17	1	1	4	0	0	3	6	3	2	1	1	1	0	26	0	5	1	1	1	1	4	4	2	0	3	2	0	19	2	1	1	0	2	14	16	0	0	21	1	2	7	0	3	0	15	4	2	1	2	3	0	0	2	10	1	2	1	5	3	0	1	1	12	10	1	0	3	1	2	3	4	9	1	0	2	0	4	1	0	0	7	9	3	0	10	4	1	0	2	2	0	1	0	1	116	0	4	5	1	0	8	1	0	1	0	3	1	0	0	1	2	0	0	2	7	1	1	1	6	4	11	0	1	1	1	1	17	1	8	6	0	4	1	3	1	1	3	9	1	0	1	0	16	3	2	1	2	8	2	1	5	3	0	3	7	6	0	1	2	10	0	15	2	0	5	1	2	0	1	3	4	2	5	1	0	1	1	1	6	0	1	13	10	2	1	30	1	1	3	1	1	0	1	1	3	1	0
A[Del(T):R4]C	1	2	2	1	0	1	1	0	1	0	0	0	1	0	0	1	0	0	0	0	2	0	0	0	0	0	3	0	1	1	0	21	0	2	4	0	13	4	1	3	89	3	0	0	0	0	1	1	0	40	3	0	0	4	1	2	0	1	1	0	1	1	6	4	1	1	0	1	1	1	19	0	0	0	1	0	14	0	2	0	0	0	1	3	1	1	1	2	1	0	1	4	1	3	1	2	0	1	5	4	1	3	1	3	1	1	0	5	1	1	0	4	2	0	1	0	12	0	1	5	3	3	9	2	10	2	1	6	2	1	0	0	1	6	3	0	1	1	1	2	0	1	4	7	0	6	0	1	1	1	3	1	5	3	1	10	1	0	1	1	2	4	0	1	0	2	0	2	3	21	1	3	0	0	1	0	2	1	2	1	0	0	0	15	0	0	0	2	1	3	6	0	1	7	2	2	4	0	3	0	16	1	0	0	4	2	0	0	1	4	1	0	2	3	0	3	0	0	14	2	1	3	2	1	0	2	1	1	0	0	0	0	2	2	0	1	3	7	1	0	6	0	0	2	0	0	0	0	0	0	52	0	4	2	0	0	1	0	1	0	0	2	0	1	1	0	0	0	2	1	1	0	1	1	4	1	1	1	0	0	0	0	6	1	1	1	1	1	1	2	0	1	1	2	0	6	0	0	8	1	0	1	1	1	0	0	1	1	0	1	5	2	2	1	0	8	0	7	2	1	2	0	2	2	3	4	0	0	2	1	0	0	0	1	0	0	0	6	2	1	0	26	1	1	4	2	0	0	1	0	2	3	2
A[Del(T):R4]G	0	0	1	0	0	1	1	1	0	1	0	2	0	0	1	0	1	0	0	1	2	0	0	0	0	0	1	0	5	14	0	10	3	3	1	1	9	4	1	2	79	0	1	0	0	1	0	2	3	23	1	0	0	0	1	2	0	2	1	0	0	0	1	6	2	0	1	1	3	2	23	3	2	0	2	3	16	0	0	0	1	0	1	0	0	2	2	3	0	0	0	1	1	2	1	0	0	1	22	1	2	4	7	1	2	1	1	6	3	0	4	1	2	1	1	1	23	0	0	7	2	2	5	2	5	0	5	7	3	0	0	1	0	3	1	0	5	2	0	4	0	1	3	10	0	2	1	1	1	1	0	1	3	1	3	1	1	0	1	0	1	4	1	2	2	0	1	1	0	12	2	0	2	2	2	0	0	2	2	1	1	2	1	5	3	0	0	0	1	9	2	0	0	21	1	0	9	0	1	0	8	2	1	2	1	0	0	0	0	9	1	0	0	2	1	0	0	0	9	12	1	2	0	3	0	0	0	5	0	0	0	0	3	4	2	1	5	7	2	0	6	0	2	1	0	1	0	0	0	0	50	0	3	3	0	0	4	0	0	0	0	1	0	2	1	0	0	1	2	2	3	0	0	1	7	2	1	0	0	1	1	0	5	0	4	4	0	1	0	4	0	1	0	10	0	5	0	3	14	1	0	0	1	3	2	1	3	1	0	1	1	1	0	1	0	8	0	8	3	0	2	2	0	0	1	1	3	2	5	3	0	0	1	1	0	2	0	3	1	2	1	17	1	0	1	2	1	0	0	1	2	2	0
A[Del(T):R5]A	1	1	2	0	0	0	3	0	3	1	1	0	0	1	1	1	0	2	0	1	4	0	0	2	0	1	0	1	6	6	4	9	1	3	5	0	5	44	1	3	646	1	2	0	1	0	4	2	3	246	2	2	0	0	0	7	2	4	2	1	0	3	6	9	0	1	2	0	0	6	19	1	0	1	8	3	17	0	0	0	1	0	11	2	6	1	4	4	1	1	1	0	4	4	2	1	0	1	16	1	0	2	9	0	0	2	1	11	2	1	5	6	3	5	2	3	6	0	1	11	4	5	8	6	15	0	6	8	1	2	0	0	2	5	1	1	3	16	0	1	0	3	1	13	1	17	0	3	5	0	0	3	6	3	1	7	2	1	1	0	0	9	2	1	6	6	1	1	1	25	2	3	4	2	1	0	1	1	3	2	2	2	2	15	5	0	2	0	1	21	18	0	1	14	2	0	7	0	7	2	8	8	0	0	5	1	2	0	2	11	3	2	0	2	3	1	0	1	12	8	2	4	1	5	2	3	7	9	3	2	0	1	6	13	0	2	5	12	8	0	10	1	0	0	1	2	2	0	1	0	460	3	10	8	0	0	14	1	1	1	0	3	4	0	0	0	2	0	3	3	5	0	0	2	1	5	4	3	0	0	2	0	8	0	14	4	0	1	2	3	2	1	2	8	0	3	0	2	25	0	1	2	2	7	0	2	1	0	3	2	6	7	1	2	3	12	0	11	0	0	0	0	1	1	1	5	4	1	2	2	0	3	0	2	2	0	1	4	3	0	10	174	2	0	4	1	4	0	2	1	3	2	0
A[Del(T):R5]C	0	0	1	0	2	0	0	0	4	0	0	1	1	1	0	1	1	1	1	0	1	1	1	0	0	0	1	0	2	8	3	5	2	2	2	0	7	13	2	0	271	3	0	1	1	1	2	1	2	86	0	0	0	1	0	2	1	2	0	1	1	0	4	5	0	1	1	0	1	0	7	0	0	0	1	2	8	0	0	2	1	0	4	1	2	1	0	0	0	0	1	0	0	1	1	0	0	0	4	3	1	1	7	1	0	0	1	6	1	1	5	1	2	1	1	2	3	0	0	4	2	2	1	4	4	0	1	1	0	0	0	1	1	3	0	0	2	5	0	1	0	1	3	2	1	6	0	0	1	0	2	1	0	2	1	2	0	0	0	1	1	4	6	4	1	0	0	0	1	7	2	4	0	0	2	1	0	0	0	5	0	0	1	5	0	1	1	0	1	1	7	0	0	6	0	0	5	1	2	0	5	1	0	0	1	1	0	0	2	7	0	0	1	1	0	1	0	0	6	6	0	1	0	5	0	0	2	6	2	4	0	0	1	3	0	0	3	3	1	0	9	0	1	1	0	0	1	0	0	0	172	0	1	2	0	1	8	1	2	0	0	3	2	0	0	0	1	0	4	4	3	0	2	1	0	4	2	1	0	0	0	1	4	0	2	3	0	0	0	3	0	1	0	6	0	2	0	0	15	1	1	0	0	2	1	3	0	0	0	3	5	1	0	1	0	6	1	8	4	0	2	0	1	1	1	1	1	0	0	0	0	1	0	0	3	0	1	0	2	0	3	84	1	0	5	3	1	0	1	0	0	1	1
A[Del(T):R5]G	0	1	0	0	0	0	1	0	2	1	1	3	2	0	1	0	0	1	2	0	0	0	0	0	0	0	0	0	3	3	2	6	1	1	2	1	8	22	1	0	380	1	4	0	2	0	2	1	5	79	0	1	0	0	0	3	0	1	2	0	1	2	1	13	1	0	0	0	0	0	16	0	1	0	5	2	13	0	0	0	1	0	9	0	1	3	0	1	1	1	0	0	3	2	0	1	1	0	10	1	0	1	7	0	1	0	2	6	1	0	3	4	4	3	1	0	9	0	0	10	6	2	12	2	14	1	4	6	2	1	0	0	1	2	1	0	3	9	0	1	0	1	2	6	0	4	0	1	4	2	3	0	4	1	1	5	2	1	2	1	1	3	5	1	1	1	0	1	1	14	3	3	0	1	3	1	0	1	2	0	1	1	1	14	0	0	0	2	0	7	4	0	0	7	1	0	9	1	2	0	9	2	1	1	4	1	0	0	2	4	0	2	0	5	2	1	0	0	5	10	1	3	2	0	2	1	4	3	0	1	0	1	4	6	0	0	3	12	2	0	7	0	1	1	1	1	1	0	0	0	273	1	5	4	1	2	5	0	1	0	0	2	2	0	0	0	1	0	2	2	1	1	0	0	1	3	3	2	0	1	0	0	4	0	5	3	0	0	0	1	0	1	1	9	0	3	0	2	15	0	1	2	2	2	0	1	4	2	1	3	3	1	1	0	2	3	2	5	4	1	0	0	1	1	1	2	3	1	2	4	0	0	0	0	5	1	0	5	1	1	6	89	2	2	2	1	0	0	4	1	1	0	0
A[Del(T):R6]A	3	1	3	0	1	3	5	1	4	1	1	0	2	2	1	0	1	3	1	0	7	0	0	0	0	0	0	0	1	5	5	5	1	2	8	3	15	58	0	1	1326	2	2	0	0	0	4	2	5	428	4	0	0	2	0	6	1	2	4	0	1	0	2	12	0	1	0	0	2	3	14	0	6	1	3	3	20	0	0	0	1	2	13	5	5	0	3	0	1	0	1	0	1	7	2	0	1	0	16	1	0	2	8	3	1	0	1	15	2	0	8	8	9	2	2	0	6	0	0	3	5	3	11	2	11	0	4	6	0	0	1	0	3	6	0	1	1	32	0	1	2	4	1	14	1	24	0	1	0	1	2	1	3	1	0	15	3	0	3	1	0	8	1	2	3	2	0	1	0	26	4	14	2	0	1	2	6	0	1	5	2	0	2	21	2	0	2	1	0	8	24	0	1	13	2	1	14	0	5	0	5	7	3	0	9	5	0	0	6	9	1	1	0	2	1	0	0	2	10	4	4	2	2	5	1	0	1	19	2	0	2	1	7	5	1	0	4	13	7	1	8	1	0	0	2	2	2	1	0	0	832	3	11	4	0	3	23	0	0	2	1	8	1	2	0	0	1	1	0	4	6	0	1	3	1	6	9	2	0	1	0	0	7	1	13	7	0	2	1	3	3	3	0	3	0	4	0	3	15	1	1	2	1	19	2	2	0	1	1	6	21	6	0	2	0	8	2	20	3	1	0	0	2	1	0	1	4	2	2	2	1	0	0	1	5	0	1	4	5	0	16	316	5	6	12	0	3	0	1	0	3	3	1
A[Del(T):R6]C	2	1	2	1	2	0	2	0	1	3	0	1	2	3	0	2	0	1	2	0	2	0	0	0	0	0	0	1	1	0	2	5	1	1	3	0	5	15	1	3	403	2	2	1	0	0	1	0	4	124	4	0	0	0	0	2	1	2	1	0	0	0	5	8	0	0	0	0	0	1	7	0	2	0	5	2	8	0	0	0	1	0	7	3	3	0	0	0	0	0	0	0	1	3	0	4	0	0	3	3	1	1	0	1	0	0	0	4	0	0	9	5	5	0	1	0	3	0	0	3	4	1	8	1	8	0	3	4	1	1	0	1	0	1	0	0	3	12	0	1	0	1	0	2	0	9	0	1	1	0	2	3	3	0	1	6	4	0	1	0	0	3	2	1	3	2	0	0	1	6	6	5	2	0	0	1	1	0	1	3	0	0	0	9	0	0	0	0	1	6	10	0	0	6	1	0	6	0	0	1	1	2	0	0	3	1	0	0	1	8	2	1	0	0	0	1	0	1	4	0	2	0	0	1	1	2	3	12	1	0	0	0	4	3	0	0	2	4	2	0	3	0	0	1	0	1	1	1	0	0	267	1	3	0	0	0	10	0	1	0	0	2	1	1	1	0	1	0	1	2	2	0	0	2	4	1	5	1	0	0	0	0	3	0	6	4	1	0	0	2	1	1	1	2	0	1	0	1	6	0	0	2	0	7	0	1	2	0	0	10	15	4	0	1	2	5	0	7	1	0	0	0	0	0	0	4	2	1	3	2	0	0	0	1	5	0	0	2	3	0	6	102	2	4	4	0	1	0	6	0	0	2	0
A[Del(T):R6]G	1	1	2	0	2	0	1	0	4	2	0	0	0	1	0	2	1	1	2	2	4	0	0	1	0	0	0	0	1	2	5	7	0	0	2	3	8	34	2	0	708	1	0	0	0	0	1	2	4	179	4	0	1	0	0	4	0	2	1	1	1	1	3	8	0	0	1	0	0	2	15	1	2	1	4	0	7	0	1	0	0	0	4	1	3	0	1	0	0	0	0	1	1	1	0	1	1	0	12	1	1	0	5	0	0	1	0	6	3	0	7	6	3	2	1	0	7	0	3	3	1	1	11	1	7	1	2	4	0	1	0	1	0	0	0	1	1	20	1	1	0	2	1	8	0	7	2	2	2	0	3	1	0	0	1	10	1	1	1	0	0	3	4	1	2	0	0	0	1	13	4	4	2	0	2	0	0	0	2	2	3	0	4	7	1	1	1	1	2	2	7	3	0	13	0	0	5	0	0	0	4	3	3	0	5	5	0	0	1	10	1	2	1	2	0	1	0	0	10	2	2	2	1	4	2	2	1	10	0	0	1	0	2	6	0	0	2	7	3	1	2	1	0	0	0	4	0	0	0	0	536	0	9	3	0	0	13	0	0	0	3	2	0	1	0	0	0	3	1	3	1	2	1	1	4	7	3	0	1	0	0	0	2	1	6	3	1	0	0	0	2	1	0	1	0	1	0	0	7	0	0	0	0	4	0	1	1	1	1	6	8	4	0	0	2	12	1	9	3	1	2	2	0	0	0	1	2	1	6	2	1	0	0	3	1	0	0	7	0	0	4	154	2	4	6	1	2	0	4	1	1	2	1
A[Del(T):R7]A	3	2	3	1	1	0	5	0	7	1	3	1	0	13	3	3	1	2	3	1	5	0	0	0	0	0	0	0	2	4	6	6	0	1	6	4	23	78	3	2	1728	14	5	1	2	0	3	3	8	591	2	2	0	2	0	10	0	0	4	1	0	1	4	21	0	0	1	0	0	3	9	1	1	0	6	5	13	0	0	0	1	0	10	3	8	0	0	1	1	1	0	0	1	7	0	4	1	1	10	4	0	2	0	4	1	1	0	17	3	0	6	14	7	1	0	0	5	0	1	5	6	2	14	1	6	0	5	2	0	1	0	2	1	5	0	1	2	46	0	1	2	0	1	10	2	18	3	2	2	1	6	0	1	1	1	10	2	1	4	0	0	21	7	0	0	5	0	0	0	34	8	11	0	0	0	5	6	0	3	5	3	0	1	19	2	0	1	1	0	5	19	1	0	5	0	1	9	1	4	1	7	12	4	1	8	8	1	0	2	22	0	4	0	1	1	0	0	0	12	2	1	1	0	3	4	3	3	36	0	1	0	1	7	10	0	1	4	11	12	1	19	0	0	1	2	4	6	0	0	0	1088	4	5	3	0	1	26	0	1	0	1	3	1	1	1	0	0	1	0	3	3	0	0	0	1	15	16	0	0	0	0	1	14	0	20	5	1	2	1	1	0	2	0	2	0	7	0	2	9	0	0	3	0	12	0	3	0	1	1	8	30	6	0	0	0	13	0	21	2	0	1	0	0	3	0	1	6	1	5	1	0	0	0	0	5	0	1	7	2	1	12	445	4	5	16	1	3	0	8	0	1	1	0
A[Del(T):R7]C	1	5	2	6	2	0	0	0	4	4	0	2	1	4	2	0	0	3	2	0	4	1	0	0	0	1	2	0	2	3	4	2	1	2	8	2	17	49	2	1	942	11	3	1	2	1	1	1	5	329	1	0	1	0	0	4	0	1	2	0	0	1	2	24	0	1	0	0	0	9	4	0	0	0	5	2	15	0	0	3	0	1	20	4	6	3	0	0	1	1	0	0	2	7	3	4	0	0	15	1	0	0	2	2	1	1	1	15	3	0	8	15	6	2	1	2	3	1	1	2	3	1	14	2	6	1	3	3	0	1	1	0	1	0	0	0	0	36	0	0	0	0	0	7	1	29	0	2	1	0	4	1	2	0	0	9	3	0	1	1	0	11	8	0	0	0	0	1	1	25	9	9	0	0	1	1	4	0	2	2	7	1	2	22	5	0	0	1	2	6	29	0	0	5	1	0	6	0	6	1	12	8	2	0	11	5	0	0	5	11	0	2	2	1	2	1	0	1	6	3	1	2	0	2	2	2	4	27	1	1	1	1	9	9	0	1	3	8	5	0	14	0	0	2	0	2	6	0	1	1	633	2	4	2	1	6	12	0	0	0	2	8	0	0	1	1	0	0	1	3	10	0	0	1	0	7	5	1	1	0	0	0	5	2	13	8	0	3	0	1	2	1	2	4	0	2	0	2	11	1	1	2	1	12	1	0	0	0	0	8	23	5	0	0	0	4	0	16	3	1	0	0	0	1	1	3	6	5	2	0	0	0	0	4	3	0	0	6	8	1	10	264	3	6	12	3	4	0	8	1	0	1	5
A[Del(T):R7]G	6	4	6	0	3	2	2	0	4	0	2	1	2	2	2	0	0	0	0	1	2	0	0	0	0	0	1	1	0	1	2	4	0	0	9	1	13	66	1	0	1456	3	1	0	1	1	1	1	8	414	3	1	0	1	0	5	0	0	2	1	0	0	2	10	0	0	0	0	1	1	12	0	2	0	6	0	11	0	0	0	1	0	15	4	4	0	0	0	0	0	1	0	0	10	1	2	0	1	7	1	2	0	2	3	0	0	1	8	0	0	6	12	0	2	1	2	2	0	2	3	5	2	4	0	3	0	1	5	3	2	0	0	0	1	5	0	3	40	0	1	0	2	4	6	2	20	1	2	2	1	3	0	1	1	1	9	4	0	4	0	0	7	6	0	0	0	1	0	1	14	9	7	0	0	0	4	6	1	1	3	2	1	1	13	1	0	2	0	1	1	20	0	0	2	0	0	6	0	3	0	3	5	1	0	11	3	1	0	3	16	0	2	2	0	1	1	0	1	8	1	0	0	0	3	2	1	1	12	0	2	0	0	7	3	1	1	1	6	5	1	15	2	0	0	1	2	3	0	0	0	1008	3	3	4	0	1	13	0	0	0	4	4	1	0	0	0	0	0	0	3	3	0	0	0	2	12	7	0	0	0	1	0	1	1	9	4	0	0	0	1	0	0	1	1	0	3	0	1	7	0	0	1	0	8	2	1	0	1	0	2	15	1	1	0	1	9	0	9	4	0	0	0	0	1	0	1	6	4	5	0	0	0	0	2	1	0	0	5	2	1	6	342	5	4	15	5	3	0	1	1	0	0	0
A[Del(T):R8]A	4	1	6	2	3	4	8	2	5	3	9	0	3	2	2	1	1	3	3	1	4	0	0	0	1	1	0	0	4	4	6	10	2	0	23	8	31	139	1	0	2639	16	3	0	0	1	1	2	5	898	10	0	0	0	0	11	0	2	4	1	3	1	4	50	0	1	1	0	1	8	14	0	2	0	7	8	27	1	0	0	0	0	44	10	10	0	0	0	0	1	2	0	1	11	0	4	1	0	18	4	0	0	3	4	0	0	0	33	6	0	15	31	4	0	2	1	7	3	0	8	9	2	24	4	12	1	5	6	0	1	1	0	1	3	4	0	5	76	0	0	0	1	0	16	0	44	0	2	1	0	12	2	2	3	1	19	5	1	3	0	0	27	13	2	2	2	1	1	2	34	5	17	0	0	1	1	5	0	0	10	2	1	1	42	2	0	4	0	1	6	44	0	1	5	2	1	10	0	12	0	11	10	7	0	24	3	1	0	2	15	1	4	1	1	3	2	0	0	21	7	0	2	0	6	4	2	1	48	1	3	0	0	22	14	2	0	4	7	11	1	17	2	0	1	0	0	8	0	1	0	1732	1	12	4	0	1	34	1	0	0	5	5	0	1	0	0	0	0	2	7	4	0	0	2	0	24	29	3	0	0	1	2	8	1	18	15	0	3	1	0	0	3	1	5	0	2	1	2	5	0	3	4	1	22	1	3	0	0	0	23	53	4	0	0	2	17	1	39	6	0	0	1	1	0	0	2	5	4	7	2	0	0	0	0	6	0	2	13	11	0	22	701	4	4	20	2	7	0	7	0	3	2	0
A[Del(T):R8]C	2	1	8	7	1	0	5	2	3	3	3	1	5	3	0	1	1	10	1	3	3	0	0	1	0	1	1	1	4	1	4	7	2	1	16	2	23	72	0	2	1629	11	2	1	2	1	0	5	10	537	4	2	1	2	0	13	1	1	4	0	0	1	6	39	1	0	0	0	1	12	4	1	1	0	9	1	19	0	0	0	2	0	20	2	7	0	0	1	1	1	1	1	0	12	0	6	0	0	13	4	0	0	2	1	0	1	0	13	0	1	13	24	3	4	1	0	4	1	0	5	11	2	15	5	12	0	1	3	0	2	0	0	0	4	4	0	2	43	0	2	1	1	0	4	1	41	1	1	0	0	5	1	2	2	0	12	3	2	5	1	0	13	13	0	3	1	0	0	2	20	9	11	0	0	1	2	3	1	1	10	2	0	3	33	10	1	1	0	1	3	41	1	1	4	0	0	9	1	6	0	7	12	2	0	17	4	0	0	2	18	0	4	1	0	2	2	0	0	12	3	3	1	1	6	4	3	1	21	1	3	0	0	10	7	0	1	3	4	12	1	18	0	3	1	1	3	2	1	0	0	1099	2	17	4	0	1	31	0	0	0	1	3	1	1	0	0	0	0	0	5	7	0	0	0	2	14	13	2	0	0	0	0	3	0	19	9	0	2	0	1	1	0	0	1	0	1	0	2	10	2	0	4	0	23	1	3	2	1	0	14	38	2	0	0	3	16	2	18	7	0	1	1	2	2	0	2	6	6	3	1	1	1	0	1	3	2	0	11	9	2	14	451	4	10	12	2	8	0	11	2	2	2	1
A[Del(T):R8]G	2	2	1	0	0	0	5	1	0	1	3	0	1	4	1	1	1	2	1	2	3	1	0	0	0	0	0	0	2	1	3	3	0	0	9	4	22	89	1	2	1770	4	2	0	0	0	1	1	6	435	2	0	0	0	0	5	0	1	3	0	0	0	3	18	0	0	0	0	0	8	3	1	1	0	4	1	9	0	1	0	0	0	23	3	7	1	0	1	0	0	0	0	1	11	1	1	0	0	8	2	0	0	4	3	0	0	0	8	0	1	6	10	1	2	1	0	3	0	0	4	5	0	12	1	8	0	3	0	0	1	0	0	0	1	1	0	4	60	0	1	0	1	0	10	0	20	1	0	3	0	2	0	2	0	2	6	1	1	2	0	0	6	3	0	1	2	0	0	2	15	2	11	1	0	0	2	5	0	0	3	3	1	3	15	0	0	1	2	2	1	20	0	0	5	0	0	4	0	4	1	7	6	4	0	7	2	0	0	5	15	1	1	4	1	0	2	0	0	10	1	0	0	0	3	1	1	0	26	0	0	0	0	5	7	0	0	2	3	6	0	11	1	0	0	0	1	4	0	0	0	1083	4	7	7	0	1	16	1	0	0	0	3	0	0	0	0	0	0	0	2	7	0	1	1	1	20	9	0	0	0	0	0	4	0	13	6	0	3	0	1	1	4	0	2	1	0	0	0	5	0	0	1	0	6	1	1	2	0	0	11	22	1	0	0	0	11	1	11	2	0	0	0	0	0	0	1	5	4	3	0	1	0	0	1	3	0	0	7	6	1	12	427	2	4	10	1	2	1	4	0	0	0	0
A[Del(T):R(9,)]A	0	0	0	0	0	0	0	0	0	0	0	0	0	0	0	0	0	0	0	0	0	0	0	0	0	0	0	0	0	0	0	0	0	0	0	0	0	0	0	0	0	0	0	0	0	0	0	0	0	0	0	0	0	0	0	0	0	0	0	0	0	0	0	0	0	0	0	0	0	0	0	0	0	0	0	0	0	0	0	0	0	0	0	0	0	0	0	0	0	0	0	0	0	0	0	0	0	0	0	0	0	0	0	0	0	0	0	0	0	0	0	0	0	0	0	0	0	0	0	0	0	0	0	0	0	0	0	0	0	0	0	0	0	0	0	0	0	0	0	0	0	0	0	0	0	0	0	0	0	0	0	0	0	0	0	0	0	0	0	0	0	0	0	0	0	0	0	0	0	0	0	0	0	0	0	0	0	0	0	0	0	0	0	0	0	0	0	0	0	0	0	0	0	0	0	0	0	0	0	0	0	0	0	0	0	0	0	0	0	0	0	0	0	0	0	0	0	0	0	0	0	0	0	0	0	0	0	0	0	0	0	0	0	0	0	0	0	0	0	0	0	0	0	0	0	0	0	0	0	0	0	0	0	0	0	0	0	0	0	0	0	0	0	0	0	0	0	0	0	0	0	0	0	0	0	0	0	0	0	0	0	0	0	0	0	0	0	0	0	0	0	0	0	0	0	0	0	0	0	0	0	0	0	0	0	0	0	0	0	0	0	0	0	0	0	0	0	0	0	0	0	0	0	0	0	0	0	0	0	0	0	0	0	0	0	0	0	0	0	0	0	0	0	0	0	0	0	0	0	0	0	0	0
A[Del(T):R(9,)]C	0	0	0	0	0	0	0	0	0	0	0	0	0	0	0	0	0	0	0	0	0	0	0	0	0	0	0	0	0	0	0	0	0	0	0	0	0	0	0	0	0	0	0	0	0	0	0	0	0	0	0	0	0	0	0	0	0	0	0	0	0	0	0	0	0	0	0	0	0	0	0	0	0	0	0	0	0	0	0	0	0	0	0	0	0	0	0	0	0	0	0	0	0	0	0	0	0	0	0	0	0	0	0	0	0	0	0	0	0	0	0	0	0	0	0	0	0	0	0	0	0	0	0	0	0	0	0	0	0	0	0	0	0	0	0	0	0	0	0	0	0	0	0	0	0	0	0	0	0	0	0	0	0	0	0	0	0	0	0	0	0	0	0	0	0	0	0	0	0	0	0	0	0	0	0	0	0	0	0	0	0	0	0	0	0	0	0	0	0	0	0	0	0	0	0	0	0	0	0	0	0	0	0	0	0	0	0	0	0	0	0	0	0	0	0	0	0	0	0	0	0	0	0	0	0	0	0	0	0	0	0	0	0	0	0	0	0	0	0	0	0	0	0	0	0	0	0	0	0	0	0	0	0	0	0	0	0	0	0	0	0	0	0	0	0	0	0	0	0	0	0	0	0	0	0	0	0	0	0	0	0	0	0	0	0	0	0	0	0	0	0	0	0	0	0	0	0	0	0	0	0	0	0	0	0	0	0	0	0	0	0	0	0	0	0	0	0	0	0	0	0	0	0	0	0	0	0	0	0	0	0	0	0	0	0	0	0	0	0	0	0	0	0	0	0	0	0	0	0	0	0	0	0
A[Del(T):R(9,)]G	0	0	0	0	0	0	0	0	0	0	0	0	0	0	0	0	0	0	0	0	0	0	0	0	0	0	0	0	0	0	0	0	0	0	0	0	0	0	0	0	0	0	0	0	0	0	0	0	0	0	0	0	0	0	0	0	0	0	0	0	0	0	0	0	0	0	0	0	0	0	0	0	0	0	0	0	0	0	0	0	0	0	0	0	0	0	0	0	0	0	0	0	0	0	0	0	0	0	0	0	0	0	0	0	0	0	0	0	0	0	0	0	0	0	0	0	0	0	0	0	0	0	0	0	0	0	0	0	0	0	0	0	0	0	0	0	0	0	0	0	0	0	0	0	0	0	0	0	0	0	0	0	0	0	0	0	0	0	0	0	0	0	0	0	0	0	0	0	0	0	0	0	0	0	0	0	0	0	0	0	0	0	0	0	0	0	0	0	0	0	0	0	0	0	0	0	0	0	0	0	0	0	0	0	0	0	0	0	0	0	0	0	0	0	0	0	0	0	0	0	0	0	0	0	0	0	0	0	0	0	0	0	0	0	0	0	0	0	0	0	0	0	0	0	0	0	0	0	0	0	0	0	0	0	0	0	0	0	0	0	0	0	0	0	0	0	0	0	0	0	0	0	0	0	0	0	0	0	0	0	0	0	0	0	0	0	0	0	0	0	0	0	0	0	0	0	0	0	0	0	0	0	0	0	0	0	0	0	0	0	0	0	0	0	0	0	0	0	0	0	0	0	0	0	0	0	0	0	0	0	0	0	0	0	0	0	0	0	0	0	0	0	0	0	0	0	0	0	0	0	0	0	0
C[Del(T):R1]A	0	1	1	0	0	1	0	0	0	1	0	0	1	4	0	1	0	0	2	1	4	1	0	1	0	0	0	0	2	19	3	3	3	7	1	4	5	6	0	1	12	1	0	2	0	4	4	3	0	23	1	0	1	0	0	0	0	2	3	0	3	2	6	4	1	1	3	0	1	3	87	2	0	1	5	5	2	2	3	0	1	0	1	3	1	2	4	1	2	3	1	2	4	3	2	6	1	1	52	2	3	1	17	2	3	1	2	2	3	3	3	1	4	1	1	2	29	0	2	28	3	5	5	4	17	2	9	11	1	1	1	4	2	6	2	0	15	0	0	3	0	1	4	18	1	2	1	5	0	2	2	5	2	0	3	1	0	1	5	1	0	3	4	4	2	1	1	1	0	5	3	1	2	2	3	1	2	0	3	3	0	4	3	2	0	0	1	3	3	23	3	0	0	47	1	1	12	1	3	1	3	0	2	2	3	4	0	1	1	14	0	7	1	9	1	1	0	0	5	22	0	1	5	0	7	1	2	3	2	2	0	1	4	5	0	0	10	23	0	1	2	1	0	1	1	2	1	2	1	0	5	1	12	8	0	1	2	0	0	2	1	0	3	2	4	1	1	1	2	0	7	0	3	2	6	2	5	2	2	1	0	0	2	1	9	6	0	4	2	5	1	1	2	19	1	4	0	6	44	3	1	0	3	6	1	2	3	2	1	2	2	3	1	2	2	8	2	8	4	1	1	0	0	19	1	4	2	2	8	4	0	0	3	3	2	1	0	2	2	1	3	4	0	1	0	1	1	0	3	0	0	2	1
C[Del(T):R1]C	0	1	1	2	0	1	0	1	1	0	0	1	0	0	1	0	0	1	0	0	2	1	1	0	0	1	0	2	5	7	3	0	5	6	1	0	11	2	5	0	19	3	2	1	1	2	8	1	2	25	4	0	2	2	0	3	2	1	1	0	0	3	4	11	0	0	1	0	2	2	23	1	2	0	8	1	4	3	0	0	1	2	4	0	2	2	5	3	1	3	0	1	2	4	1	0	1	1	10	1	3	4	10	2	3	0	1	3	3	2	5	5	3	1	1	2	13	0	2	8	10	1	6	6	11	1	4	6	0	0	1	1	3	2	0	2	9	2	0	6	2	0	6	11	1	6	1	1	1	2	0	1	2	0	4	2	2	0	8	1	0	1	2	4	5	0	1	1	1	8	2	2	4	3	0	1	2	0	2	3	2	1	3	2	1	1	0	1	0	6	6	1	1	21	1	0	3	2	0	5	3	3	0	2	4	3	0	0	1	5	3	3	0	2	1	1	0	2	5	9	0	5	1	3	3	4	1	9	1	0	0	4	1	5	1	1	8	15	5	0	9	0	5	0	0	3	1	0	0	1	21	0	11	5	0	1	14	1	1	0	0	3	3	1	1	1	1	0	1	3	4	2	0	1	7	1	6	0	1	3	1	0	0	1	6	2	0	5	2	9	2	0	1	10	3	3	2	1	17	0	1	1	3	7	1	1	6	2	0	0	1	1	3	0	1	7	0	8	5	0	1	0	2	5	2	3	2	2	1	1	0	2	0	2	0	1	2	0	3	2	6	9	1	1	1	5	1	0	2	1	1	3	2
C[Del(T):R1]G	2	0	0	1	0	2	1	2	1	0	1	1	1	1	5	0	2	3	2	1	8	0	0	0	0	2	0	1	4	10	6	5	7	8	3	3	4	1	5	2	10	1	1	1	0	2	3	0	5	9	0	2	2	1	1	1	1	0	6	3	1	1	2	3	1	2	2	1	4	3	73	2	0	1	0	1	2	1	2	1	3	1	2	2	1	3	3	1	4	3	1	4	1	0	2	4	3	0	29	4	3	2	16	0	1	1	5	1	4	3	7	0	3	0	6	2	20	1	0	23	2	14	10	5	16	1	8	15	1	2	1	2	0	4	1	0	10	0	3	3	2	2	16	2	1	1	0	5	3	2	7	5	3	4	4	2	0	4	6	1	2	3	4	1	6	2	1	2	0	7	3	2	3	0	7	0	0	3	3	2	0	3	1	2	3	2	2	3	2	16	1	1	1	40	1	0	16	0	1	3	0	1	3	1	0	0	0	2	4	11	1	4	4	5	0	0	1	2	13	14	3	7	1	4	4	1	3	5	1	1	0	2	3	2	3	1	7	14	1	0	7	2	1	5	0	2	0	2	0	0	9	1	8	3	0	4	10	0	2	2	1	0	2	3	2	2	1	0	2	0	4	1	1	3	12	1	0	4	1	2	5	1	1	1	6	5	2	2	1	8	1	2	1	13	0	13	1	2	26	0	2	1	1	6	2	2	3	3	1	4	0	2	7	3	2	10	1	3	4	2	3	1	2	10	0	8	2	3	5	7	1	3	0	2	0	1	1	1	4	2	2	5	1	5	1	1	1	0	2	2	4	2	0
C[Del(T):R2]A	1	0	0	0	0	0	1	0	0	0	2	0	0	1	1	2	0	1	0	0	2	0	1	0	0	1	1	1	2	18	3	2	0	7	3	3	4	0	2	1	5	1	0	4	0	2	1	0	4	43	0	1	0	1	0	0	0	1	2	1	3	4	2	3	0	0	0	0	0	0	60	0	0	0	0	2	2	0	3	3	4	2	3	1	0	1	3	0	3	0	0	1	0	2	1	3	0	0	30	2	3	2	21	0	3	0	0	4	1	2	4	0	1	0	2	0	31	2	1	32	2	7	3	4	20	1	7	20	2	2	1	0	2	4	2	1	16	0	1	1	2	3	6	9	0	2	0	2	1	2	2	2	0	2	6	0	0	0	2	1	0	0	1	1	6	1	0	0	1	6	4	1	0	1	0	1	0	5	2	1	0	0	0	2	2	1	1	1	2	19	1	1	0	49	1	1	8	0	0	2	3	0	2	1	1	1	0	0	4	12	0	6	2	5	1	1	0	1	8	35	1	3	4	2	6	0	0	3	0	1	0	0	4	2	0	0	8	30	0	0	7	2	3	0	1	1	0	0	0	1	8	0	2	9	1	3	4	1	0	1	1	0	0	0	1	0	0	0	0	1	7	0	0	0	2	1	0	0	1	3	0	0	0	1	8	2	0	1	0	3	2	1	0	34	0	2	0	1	44	0	1	3	0	3	1	0	6	3	1	0	1	3	0	1	0	5	2	4	2	0	1	1	0	1	4	3	1	1	6	8	0	0	0	1	0	1	0	3	1	1	1	3	2	0	2	0	1	0	1	1	0	1	0
C[Del(T):R2]C	0	1	0	0	0	0	0	0	1	0	0	0	1	1	0	2	0	0	0	0	3	0	0	0	0	1	0	0	2	4	4	1	9	3	0	1	4	1	0	0	18	1	1	1	0	0	1	0	5	28	0	0	0	1	0	0	1	0	2	0	1	0	0	1	3	1	2	0	3	1	38	1	0	1	1	2	1	2	2	0	0	0	2	2	2	1	4	2	1	1	1	3	0	2	0	1	2	0	24	3	2	1	13	0	1	2	1	1	2	5	5	0	4	2	5	0	26	1	1	23	3	5	2	8	9	0	6	14	1	1	0	4	1	7	3	2	7	1	0	1	2	1	7	13	1	1	1	1	1	2	1	2	1	0	5	0	3	0	4	0	0	1	2	3	0	2	1	1	0	2	3	1	2	1	2	0	2	0	0	0	1	2	4	2	1	0	1	0	1	11	1	0	0	39	3	1	13	0	2	2	1	0	2	0	0	2	0	1	1	8	0	3	1	1	4	0	1	1	5	15	4	3	2	4	3	1	2	2	1	0	0	0	0	4	0	0	8	22	0	1	7	0	1	1	1	0	1	3	0	0	12	0	2	6	0	0	7	1	0	2	0	3	3	2	1	2	0	0	1	1	3	1	1	1	6	1	1	0	0	2	0	1	0	2	2	4	0	1	0	7	0	2	1	15	2	5	0	1	20	1	0	1	1	1	1	1	2	2	2	0	1	4	0	3	0	2	0	5	0	1	1	0	1	4	1	4	0	1	4	3	0	0	0	1	1	1	1	2	0	1	2	5	1	3	1	2	0	1	2	1	2	3	0
C[Del(T):R2]G	0	0	1	0	0	0	0	1	1	0	0	2	1	1	0	0	1	0	2	0	2	1	0	0	0	0	0	0	2	25	4	0	3	2	0	0	1	0	0	2	11	2	2	0	0	2	2	0	1	7	1	0	0	1	0	2	1	1	2	0	2	1	2	4	6	0	0	0	1	1	82	0	1	0	2	2	1	1	0	1	0	1	0	2	0	0	1	1	0	1	1	1	0	5	0	2	2	0	47	1	3	0	11	1	0	0	3	3	3	2	3	1	0	1	2	0	42	1	0	22	4	8	2	6	17	1	3	13	0	0	0	0	0	6	0	1	20	1	0	0	2	0	3	17	1	0	0	4	1	2	0	4	1	3	2	0	2	0	2	1	1	0	2	2	2	1	1	0	1	6	2	0	4	0	0	2	1	1	2	0	0	0	0	1	1	0	0	2	1	23	0	0	1	64	1	0	10	1	3	1	1	2	0	0	1	2	0	0	1	15	0	2	1	6	1	1	0	0	3	34	0	2	1	0	2	2	0	1	1	2	0	0	2	0	0	1	10	18	2	0	4	1	0	0	0	2	1	0	0	1	8	2	5	9	1	2	10	0	2	0	0	1	2	0	0	1	1	1	1	3	3	1	1	0	4	1	1	1	0	4	0	1	2	1	1	5	0	0	1	11	0	1	2	33	1	5	0	1	44	0	0	0	2	3	1	0	6	3	0	1	1	3	0	1	0	5	1	9	3	0	2	2	0	3	1	2	0	2	5	3	0	0	0	0	2	1	1	2	1	0	2	8	1	2	1	1	1	0	2	0	1	1	0
C[Del(T):R3]A	3	1	0	2	0	0	1	2	0	1	0	0	0	2	0	0	0	0	0	0	1	1	0	0	1	0	2	2	2	3	1	3	1	3	1	1	3	0	0	0	10	1	0	2	1	0	1	1	1	20	0	0	0	2	0	3	1	2	0	1	1	0	1	2	1	1	3	0	3	1	32	1	1	0	2	0	0	0	2	0	0	2	0	3	1	0	0	1	0	0	0	1	1	2	1	2	0	0	20	2	2	0	9	0	0	0	0	2	4	2	4	0	3	3	2	0	15	0	0	19	0	3	10	4	17	0	7	5	1	0	1	2	2	3	2	0	7	1	0	0	1	2	3	5	3	1	4	2	1	0	0	1	5	2	2	0	0	0	2	1	0	2	0	2	4	0	0	0	1	10	2	3	0	2	0	0	3	0	1	0	2	4	0	1	2	0	0	1	1	14	2	1	1	29	3	1	6	0	2	1	5	3	1	1	0	0	1	0	0	8	0	1	1	3	2	1	0	3	6	21	2	3	3	0	1	1	5	2	0	1	1	0	1	5	2	0	8	11	3	0	5	1	1	0	2	0	3	0	2	1	10	1	3	6	1	0	3	0	1	0	0	1	0	2	1	0	1	0	1	0	1	0	0	0	5	0	4	1	1	0	1	1	3	0	3	2	1	2	0	3	0	0	1	18	1	1	0	1	18	0	2	1	2	5	0	2	1	1	1	1	2	2	1	0	1	3	0	8	3	0	2	0	0	3	1	3	1	0	9	2	1	2	4	1	2	0	0	0	2	1	0	4	1	2	0	1	0	0	1	0	0	4	1
C[Del(T):R3]C	2	0	0	1	0	1	1	1	0	0	2	0	0	0	1	0	0	1	1	1	1	2	0	1	0	0	0	1	2	9	0	0	5	6	4	3	7	1	0	0	21	1	0	3	1	4	4	0	2	15	0	1	2	1	0	0	2	1	0	1	2	1	2	3	1	0	2	0	2	0	30	0	1	1	4	5	4	0	1	0	1	0	1	1	0	0	4	0	0	5	0	0	1	2	2	2	1	0	9	4	3	1	11	0	1	0	4	4	2	1	9	0	2	1	2	2	11	2	0	16	3	7	3	4	6	0	4	4	1	0	2	2	1	3	1	1	5	0	0	1	0	0	8	9	0	3	2	2	2	0	1	1	2	3	1	1	1	0	2	0	1	2	2	3	3	1	0	0	0	6	1	4	1	3	2	0	3	0	1	1	2	2	3	0	1	2	0	0	0	3	4	1	0	18	3	0	4	2	0	3	1	0	1	1	0	0	1	1	2	2	0	2	3	2	3	2	0	1	1	8	1	2	5	2	2	0	5	3	0	0	0	1	1	1	2	0	6	8	1	2	6	1	2	1	0	1	2	1	1	2	7	0	6	5	0	1	1	0	1	0	0	3	3	1	0	0	0	0	0	1	4	1	1	0	6	0	3	1	0	1	1	1	1	1	6	4	0	5	1	7	1	0	0	8	1	3	1	0	11	3	1	0	1	4	1	0	4	2	2	2	2	2	2	2	2	1	0	6	0	0	0	1	1	1	0	2	3	0	0	1	0	0	0	2	0	0	0	4	1	1	1	5	1	2	1	2	0	1	3	0	5	2	4
C[Del(T):R3]G	1	0	0	0	0	0	0	0	0	0	0	0	1	1	0	1	0	0	0	0	3	0	1	0	0	0	0	0	2	6	3	2	0	5	2	0	11	2	3	1	14	0	0	2	0	2	4	1	2	8	0	0	1	1	1	0	0	1	2	0	0	0	4	1	0	0	3	0	1	0	48	1	1	0	2	4	1	0	1	0	2	0	1	1	1	4	7	2	1	1	0	1	2	3	0	1	0	0	27	2	0	2	14	0	1	0	1	2	2	2	1	0	2	1	2	0	22	0	0	16	3	3	4	2	20	0	5	13	0	0	1	0	0	3	3	1	16	0	0	3	1	1	5	11	0	0	0	0	2	3	1	2	1	1	1	1	0	0	3	1	0	1	2	1	1	0	0	1	0	5	1	2	1	0	1	0	1	4	1	1	1	1	2	0	2	1	0	0	0	14	0	0	0	56	1	1	6	0	0	1	0	0	0	2	0	3	0	0	1	4	1	0	0	3	1	0	0	1	4	19	1	5	3	3	0	0	1	2	1	0	1	3	1	4	0	0	4	17	0	0	4	2	1	1	0	0	0	0	0	1	10	1	6	3	0	2	3	0	1	2	1	1	2	1	1	1	0	1	1	0	5	0	0	0	5	1	1	1	0	3	1	1	0	0	2	4	1	3	1	1	0	0	0	18	1	3	0	2	30	2	0	1	1	1	0	1	4	2	0	0	3	2	0	0	1	4	1	5	2	0	3	1	1	3	0	2	1	1	4	4	1	0	2	0	3	1	0	1	3	1	0	2	1	2	0	2	0	1	0	0	0	0	0
C[Del(T):R4]A	0	1	1	0	1	2	1	0	0	0	0	1	0	2	2	0	0	1	0	0	0	1	0	0	0	0	1	1	2	8	2	1	3	5	2	2	12	6	0	0	132	1	0	2	2	0	2	0	1	52	0	3	1	1	0	1	0	1	1	3	1	2	7	1	0	0	3	0	3	3	39	0	1	1	3	2	4	0	0	1	0	0	4	1	2	2	2	1	0	1	1	3	2	3	0	1	0	0	19	4	1	3	14	1	3	1	0	4	2	1	3	0	1	1	2	1	18	2	0	14	2	7	6	0	15	1	4	11	0	1	0	3	2	2	0	0	13	0	0	4	0	2	3	12	1	5	0	1	2	1	1	2	0	1	0	0	0	0	1	1	0	5	1	3	3	2	0	0	1	10	0	3	4	0	1	0	1	2	3	3	0	1	1	2	1	0	0	0	0	6	5	0	0	29	0	0	6	0	2	1	2	1	2	0	0	1	1	1	1	12	0	1	4	1	1	1	0	1	3	22	1	2	2	2	1	1	11	2	2	0	0	3	1	3	0	2	5	15	1	0	3	0	0	0	0	1	1	1	0	1	82	0	11	6	0	1	5	0	0	1	2	2	2	1	1	0	1	1	0	1	1	0	0	0	3	4	3	1	1	1	0	0	1	0	8	5	2	1	2	1	1	3	0	18	0	3	1	0	21	0	0	0	0	4	0	2	1	1	1	1	3	4	1	0	1	3	0	5	1	0	0	0	1	0	0	2	1	1	3	8	0	3	0	3	1	2	0	1	0	1	2	42	0	0	0	2	0	0	0	0	1	1	0
C[Del(T):R4]C	1	1	1	0	1	1	2	0	3	1	1	0	1	0	0	1	1	1	1	0	1	1	1	0	0	0	0	2	0	10	0	1	1	4	1	1	7	7	1	0	140	0	1	1	0	1	0	1	3	29	0	2	2	1	1	3	1	0	0	0	3	0	4	1	1	0	1	0	0	1	37	0	0	1	3	2	1	0	1	2	1	0	2	2	1	1	0	0	1	1	0	2	1	2	0	0	0	0	10	1	1	2	13	0	1	0	0	1	3	2	5	1	3	0	1	1	16	1	1	19	5	6	9	1	3	0	7	8	1	1	1	1	1	1	2	0	5	3	0	2	0	0	3	10	0	3	0	1	1	2	0	3	2	4	3	3	1	1	2	1	0	2	1	3	5	1	1	0	0	7	2	1	1	0	4	0	1	3	1	0	0	1	4	1	2	0	0	3	0	8	5	0	1	21	2	1	5	0	1	1	3	2	0	1	2	4	1	0	2	6	0	2	0	4	1	0	0	1	4	14	3	0	5	0	2	1	5	4	1	1	0	2	0	4	0	0	5	11	2	1	5	1	0	0	0	0	0	0	1	0	92	1	3	7	0	1	7	0	0	3	0	4	1	0	0	1	0	1	0	0	5	0	1	1	2	1	1	0	0	2	1	1	1	0	3	4	1	2	2	4	0	0	3	13	1	3	0	1	21	0	1	0	1	3	0	2	3	3	2	0	1	2	2	0	1	2	1	7	1	0	1	1	1	2	1	2	2	3	6	4	0	0	0	2	0	0	2	2	1	1	0	34	0	3	1	1	0	1	1	1	0	2	1
C[Del(T):R4]G	0	0	2	1	0	1	0	2	1	0	0	1	0	3	1	0	1	0	1	1	0	0	0	1	0	0	2	0	0	12	2	2	3	4	2	2	8	4	1	0	107	1	0	1	1	0	3	1	1	27	0	0	1	0	0	2	0	2	3	0	1	0	5	6	0	0	1	0	0	2	40	0	0	2	3	3	1	0	2	0	1	0	0	0	1	0	2	0	0	1	2	0	0	2	2	1	0	0	29	2	0	1	12	2	0	0	1	2	3	1	4	1	1	3	0	1	22	0	1	25	4	2	1	3	14	0	13	17	0	1	0	0	0	3	1	0	15	2	0	0	1	2	1	16	0	4	0	1	2	1	1	6	5	0	1	2	0	0	2	1	2	2	4	2	2	4	1	0	1	3	1	2	1	0	0	3	3	2	1	0	0	2	0	1	2	1	0	1	1	10	4	0	0	59	0	0	14	0	2	2	5	1	2	2	0	1	1	0	2	12	0	3	1	3	2	2	1	1	4	20	1	1	2	3	3	1	6	3	2	0	0	1	0	3	0	1	8	24	1	2	2	1	2	1	1	3	0	0	0	1	63	0	3	8	0	1	8	0	1	1	0	4	0	1	2	1	1	0	0	0	2	0	1	1	2	1	2	0	3	0	0	1	1	0	2	0	0	2	0	1	1	0	0	18	3	3	0	3	37	2	1	2	0	1	0	1	1	0	1	1	0	3	0	0	1	2	0	4	1	2	0	0	1	0	0	2	2	2	4	7	1	0	0	1	2	2	1	0	3	1	2	22	1	1	0	5	0	0	1	0	0	4	0
C[Del(T):R5]A	0	0	0	1	1	0	0	0	0	0	1	0	2	2	1	0	0	0	1	0	0	0	0	0	0	0	2	0	4	5	3	1	1	1	4	2	4	15	1	0	277	1	2	0	1	3	2	2	3	70	1	0	0	1	0	1	0	0	0	0	0	1	3	5	0	1	1	0	0	2	23	0	0	0	3	1	2	1	2	1	0	0	1	0	0	0	3	3	0	0	0	0	1	1	1	2	1	1	16	3	0	1	8	0	0	2	2	2	2	1	5	0	0	2	1	0	9	0	0	17	1	1	7	3	5	1	6	10	0	1	0	0	1	1	2	0	8	1	1	2	1	2	2	7	0	2	0	1	2	0	1	0	1	0	1	1	1	1	2	0	0	3	0	0	2	0	0	1	1	8	1	0	0	1	1	0	0	2	0	2	4	0	1	2	1	0	1	0	1	5	2	0	0	25	0	0	11	1	2	0	2	1	2	0	0	0	1	0	0	2	0	1	0	3	0	1	1	0	3	13	1	0	0	2	1	2	13	7	1	0	0	0	1	5	2	0	5	16	1	1	5	1	0	0	0	1	0	0	0	0	200	1	3	2	0	1	3	0	0	0	0	1	2	1	1	1	0	0	1	0	4	1	2	1	1	1	1	0	0	1	0	1	3	0	1	4	1	0	1	0	1	0	1	13	0	2	1	1	20	0	2	0	0	3	1	1	1	1	1	3	2	1	0	1	0	4	0	3	1	0	1	0	1	1	0	1	5	0	3	3	1	0	0	1	3	0	1	2	1	1	2	74	0	1	2	2	1	0	3	2	2	1	1
C[Del(T):R5]C	0	0	1	0	1	0	1	1	0	0	0	2	0	1	2	2	1	1	0	2	2	0	0	1	0	0	0	0	0	8	1	0	1	1	0	0	3	22	0	1	333	2	1	1	1	0	2	0	1	61	1	0	0	0	0	3	0	0	0	0	2	1	1	0	1	0	1	0	0	0	17	1	2	1	1	0	1	0	2	0	1	0	1	1	0	0	0	1	0	2	0	0	0	0	1	0	0	0	9	2	1	0	8	0	0	0	1	2	4	0	1	1	1	1	1	3	6	0	0	7	1	2	3	1	12	0	3	4	0	1	0	1	0	2	0	0	5	6	0	1	1	2	0	4	2	5	0	0	1	0	0	3	2	1	2	0	4	0	1	0	0	1	1	1	1	1	0	0	0	2	1	0	0	0	1	0	1	0	0	0	2	2	3	1	1	0	0	0	1	6	4	0	0	8	1	0	9	0	1	0	2	3	0	0	1	0	0	0	4	1	1	2	0	0	0	0	0	0	3	9	1	1	1	0	2	0	2	2	1	1	0	0	0	0	0	2	5	9	3	0	2	1	0	1	0	0	0	0	0	1	177	0	2	4	0	0	3	0	1	1	0	0	0	1	0	0	0	0	0	2	3	0	2	0	1	2	4	2	0	0	0	2	0	0	0	3	0	2	2	1	0	0	0	8	0	1	1	1	21	1	0	0	0	3	1	0	2	0	1	2	1	2	0	0	2	2	0	0	1	0	1	0	1	0	2	2	2	0	2	1	0	0	0	2	1	0	1	1	2	1	1	102	0	0	1	0	1	0	1	0	2	2	1
C[Del(T):R5]G	0	1	0	0	1	0	0	0	1	0	1	0	3	1	2	1	0	1	0	0	0	0	0	0	0	0	1	0	0	7	1	1	1	0	0	0	5	16	1	1	233	0	0	0	0	0	0	0	5	43	0	0	0	3	0	4	0	1	0	0	0	1	1	4	0	0	1	0	0	0	26	2	0	1	2	0	3	0	1	0	1	0	2	0	0	1	1	0	1	0	0	0	1	1	0	1	0	0	16	1	0	0	5	0	0	1	1	1	2	0	1	4	1	0	0	0	9	0	1	11	2	2	3	1	10	0	2	6	1	0	1	0	0	1	2	0	3	5	2	4	1	0	3	8	1	4	1	0	2	0	0	1	0	1	0	0	1	0	1	1	0	2	3	1	4	0	0	0	0	1	0	0	0	0	0	0	0	1	2	2	1	0	0	5	2	0	0	0	2	9	4	0	0	30	1	0	7	0	1	1	2	1	0	0	3	0	1	0	0	6	0	1	2	2	1	0	0	0	0	6	1	0	1	1	1	0	5	0	0	0	0	0	1	1	0	1	3	6	2	0	0	0	0	0	0	0	0	0	1	0	145	0	2	6	0	0	5	0	0	0	0	0	1	0	0	0	1	0	1	0	1	0	0	0	2	0	1	0	0	0	0	0	0	0	3	2	0	1	1	0	1	0	1	10	1	1	0	1	21	0	0	0	1	4	0	0	2	2	0	1	3	1	2	0	0	1	1	3	2	0	0	0	0	0	1	3	0	0	2	3	0	0	0	1	1	0	1	0	2	0	2	63	0	0	1	2	0	0	1	0	3	1	0
C[Del(T):R6]A	1	1	1	2	0	1	2	0	0	2	0	0	1	1	2	0	0	1	0	1	1	2	0	0	0	0	1	0	1	4	2	2	0	0	2	0	12	30	0	2	561	1	2	1	0	0	0	0	2	105	0	0	0	0	0	0	1	2	0	0	0	1	2	8	0	0	0	0	1	2	14	0	2	1	3	3	5	0	0	1	1	1	4	2	1	0	1	1	1	0	1	1	0	1	1	3	0	0	12	3	0	0	4	0	0	0	1	3	6	1	0	1	2	0	0	0	4	0	0	6	3	3	11	0	11	0	4	2	0	0	0	0	1	3	1	0	0	8	0	1	0	4	1	4	1	7	0	0	2	0	1	1	1	0	0	0	4	0	1	0	0	2	4	0	0	0	0	0	0	11	4	3	1	1	1	0	3	0	2	1	2	0	1	2	2	0	0	1	1	8	7	0	0	17	1	0	5	0	1	0	2	0	0	1	1	2	0	0	0	3	0	1	1	3	5	0	1	0	4	1	0	0	1	2	1	3	6	5	0	0	0	1	4	4	1	0	5	11	1	1	6	0	0	0	0	1	1	0	0	0	359	0	3	3	0	1	3	0	0	0	0	1	1	0	1	1	0	0	1	0	1	0	1	1	1	0	3	0	1	0	0	0	1	0	4	3	0	1	2	0	0	1	0	1	0	0	0	1	15	1	1	0	0	5	0	0	1	0	0	3	8	4	0	1	1	4	0	4	4	0	0	0	0	0	0	3	1	1	1	1	1	0	0	1	0	1	1	3	2	0	3	156	0	0	8	1	1	0	0	0	1	0	0
C[Del(T):R6]C	0	1	1	1	1	0	2	1	2	0	0	1	0	2	0	0	0	1	0	0	0	0	0	0	0	0	1	1	1	2	0	0	1	0	1	1	6	9	0	1	213	1	0	0	0	1	1	1	1	99	0	0	0	1	0	3	0	0	0	0	1	0	0	4	0	0	0	0	0	0	15	1	0	0	2	2	1	0	1	0	1	1	3	0	0	0	1	1	2	0	0	0	0	2	0	0	0	0	6	2	1	1	4	0	0	0	0	0	3	0	0	1	3	2	0	2	5	0	0	8	1	1	4	2	2	1	1	2	0	0	0	1	0	1	0	1	1	5	0	0	0	2	3	2	0	3	0	1	1	0	0	3	1	0	0	2	1	0	1	0	0	2	1	1	6	0	0	0	0	3	2	2	1	0	0	0	2	0	0	1	2	0	0	3	1	0	0	0	1	8	3	0	0	10	0	1	7	0	2	0	0	3	1	0	0	0	0	0	1	1	0	1	0	0	0	0	0	2	3	3	1	1	0	1	1	1	4	4	0	1	0	0	0	1	1	0	2	5	3	0	3	0	0	0	0	0	0	0	0	0	132	0	2	5	0	0	6	0	0	0	0	0	0	1	0	0	0	0	0	0	0	0	0	0	3	3	0	0	0	0	2	1	1	0	3	0	0	0	1	0	2	1	0	3	0	0	0	1	10	0	1	0	0	3	1	0	0	3	0	4	5	5	0	1	0	2	0	7	2	0	0	1	0	0	0	2	1	1	1	1	1	0	0	1	1	0	1	3	3	2	2	76	1	2	1	0	0	0	3	0	1	0	0
C[Del(T):R6]G	0	0	0	1	0	2	1	0	1	0	0	0	1	1	1	1	0	1	0	0	0	0	0	1	0	0	0	0	0	2	2	1	1	2	1	1	7	15	2	0	255	0	0	3	2	0	2	0	0	62	0	0	0	0	0	0	0	0	0	0	0	0	0	3	0	0	0	0	0	0	13	0	0	0	2	0	1	0	0	0	0	0	3	0	1	0	1	0	1	0	0	0	0	1	0	1	0	0	2	0	1	0	4	0	0	0	0	3	1	0	2	2	0	0	0	0	4	0	0	0	2	1	3	1	3	0	2	3	0	0	0	1	0	1	1	0	4	6	0	1	0	0	1	2	1	3	1	2	0	0	0	2	0	0	0	3	0	0	1	0	0	1	1	0	2	1	0	0	1	2	2	3	0	0	1	0	2	0	1	0	1	0	0	3	3	0	0	0	0	8	3	1	0	9	1	0	11	0	1	0	1	1	1	1	1	1	0	0	0	5	0	0	0	0	0	1	0	1	2	0	1	1	2	1	0	1	2	9	3	0	0	0	1	0	0	0	2	5	0	0	1	0	1	1	0	0	1	0	1	0	198	1	5	3	0	0	7	0	0	0	0	0	0	0	0	0	0	0	0	1	2	0	0	0	1	1	0	0	0	1	0	0	1	0	4	0	0	1	2	0	0	0	0	0	0	3	0	0	11	0	1	0	0	0	0	1	0	0	0	2	2	0	0	2	1	2	0	1	0	0	0	0	2	2	0	0	0	0	1	2	1	0	1	0	1	0	0	0	1	0	2	57	1	1	2	2	0	0	2	1	0	0	1
C[Del(T):R7]A	1	2	3	3	0	2	3	1	1	0	2	0	1	3	2	0	0	5	1	2	4	1	0	0	0	0	1	0	0	4	3	2	0	1	7	1	7	94	0	1	1185	3	4	1	0	0	2	1	2	402	2	0	0	0	0	4	0	0	0	0	0	1	3	18	0	0	0	0	2	5	8	0	3	1	4	0	15	1	0	1	0	0	19	1	4	0	0	1	0	1	0	0	0	2	0	2	0	0	6	2	0	0	4	0	0	0	0	4	2	0	8	13	1	1	0	1	2	0	0	6	6	1	12	3	9	0	2	5	0	1	0	0	0	3	3	0	3	21	0	3	0	3	1	1	0	11	0	1	1	0	3	3	0	0	1	6	3	2	1	0	0	8	8	0	0	2	0	0	1	17	5	3	0	0	0	0	2	0	1	2	3	1	1	14	4	0	1	0	2	4	12	0	0	11	0	0	9	0	6	0	1	6	1	1	8	3	0	0	3	21	0	0	0	0	0	1	0	0	19	3	1	0	0	3	0	1	3	16	0	1	0	0	4	7	0	2	4	9	5	0	13	0	2	0	0	1	1	0	0	0	904	0	6	2	0	0	16	1	0	0	0	2	0	0	0	0	0	0	0	2	4	0	0	1	0	12	7	2	0	1	0	0	5	0	11	1	0	0	0	0	0	0	2	3	0	0	0	1	9	1	1	2	0	10	0	2	0	0	0	3	17	3	0	2	0	16	0	18	3	0	0	1	0	1	0	1	3	0	3	1	0	0	0	0	0	0	0	6	6	0	17	299	4	1	8	0	1	0	4	0	2	2	1
C[Del(T):R7]C	1	1	6	1	0	0	2	0	2	1	1	2	1	3	0	0	0	0	0	1	0	0	1	0	0	0	0	0	1	4	5	4	2	0	2	2	10	67	2	1	1127	6	1	1	0	1	0	0	9	373	2	1	0	0	0	6	0	0	1	0	0	1	3	11	0	0	0	0	0	3	14	0	1	1	2	1	7	0	0	1	0	0	14	1	1	0	1	1	0	0	0	0	0	5	0	3	0	1	4	1	1	0	4	2	0	0	0	6	0	1	3	11	0	1	0	0	6	0	0	8	6	0	8	3	8	0	4	1	0	0	0	0	1	1	1	0	2	38	0	0	1	0	1	5	1	9	0	1	0	0	1	0	1	2	2	3	3	1	3	0	0	4	4	1	2	2	0	1	1	17	5	5	1	0	0	0	1	1	0	8	2	0	2	15	5	1	0	1	1	3	9	0	0	8	0	0	8	0	1	0	1	6	1	1	6	3	1	0	2	10	0	3	0	0	0	1	0	0	10	2	1	1	2	2	3	0	2	18	0	0	0	0	4	12	0	1	3	2	6	1	7	0	0	0	0	1	2	1	0	0	755	1	4	4	0	3	17	2	0	0	0	3	0	0	0	0	0	0	0	7	5	0	0	1	0	11	3	0	0	0	1	1	0	0	6	4	1	1	0	0	1	0	0	2	0	1	0	2	9	1	1	1	0	6	1	1	1	0	1	6	16	3	0	0	1	12	2	12	0	0	1	0	1	0	0	1	5	1	1	1	1	0	0	0	4	0	0	5	3	0	4	328	0	2	4	1	0	0	5	1	0	0	0
C[Del(T):R7]G	0	1	0	0	2	0	2	0	0	0	1	1	0	2	0	1	0	0	0	0	0	1	0	0	0	0	0	0	2	2	2	0	1	0	8	4	9	71	1	2	1395	3	2	1	1	0	0	1	5	335	4	0	0	0	0	3	0	0	0	2	0	0	3	13	1	0	0	0	0	9	4	0	0	1	4	0	9	0	0	0	3	0	9	4	3	2	1	0	0	0	0	0	2	1	0	1	1	0	6	2	0	0	5	1	1	0	0	7	1	0	3	13	4	0	0	0	6	0	0	5	3	1	11	2	4	0	0	4	0	0	0	1	0	4	2	0	1	30	0	1	0	0	2	3	0	17	0	0	1	0	3	0	0	0	0	1	2	0	1	0	0	9	7	0	3	2	0	1	1	7	3	6	0	0	0	1	6	0	0	3	1	0	0	13	1	0	1	0	0	1	17	0	0	4	0	0	6	0	5	0	2	2	4	0	10	2	0	1	0	10	0	1	0	2	0	1	1	1	11	2	4	0	2	1	1	0	2	15	0	1	0	2	2	2	0	0	0	5	2	0	5	0	0	0	0	0	2	0	0	0	961	0	8	2	0	1	11	0	1	0	1	1	0	0	0	0	0	0	0	0	3	0	0	1	0	10	3	0	0	0	1	0	0	0	11	4	1	0	0	0	0	0	1	2	0	2	0	1	2	2	0	2	0	3	0	1	0	1	0	6	18	1	0	0	0	4	0	12	2	0	1	0	0	0	0	0	3	1	1	3	1	0	1	1	0	0	0	6	2	0	10	346	4	3	8	2	2	0	2	1	1	0	0
C[Del(T):R8]A	1	1	5	3	0	1	5	0	4	2	0	3	0	5	1	0	1	5	0	0	5	0	0	1	0	0	0	0	0	3	4	6	1	0	9	2	6	159	0	2	2138	5	1	1	1	0	0	1	9	770	8	0	0	0	0	12	0	1	0	0	0	1	4	35	1	1	0	0	1	8	4	1	1	1	5	0	25	0	0	0	0	0	22	3	6	0	0	3	0	0	0	0	0	3	0	4	1	0	7	2	0	0	4	1	0	0	0	22	1	0	17	29	0	1	1	0	3	0	0	4	5	2	10	1	12	2	2	2	0	2	0	1	0	3	3	0	2	60	0	0	1	0	0	4	1	37	2	0	4	0	4	2	1	2	1	14	2	1	2	0	0	11	7	0	1	0	0	0	0	31	9	7	0	0	0	3	4	0	0	4	2	0	2	12	5	0	0	0	0	4	37	0	1	5	1	0	6	0	9	0	8	10	2	1	15	0	0	0	3	17	1	0	2	1	0	0	0	0	8	1	0	1	0	1	0	5	4	32	1	2	0	0	11	6	0	0	4	5	10	1	14	0	0	0	0	1	5	0	0	0	1869	3	11	6	0	0	27	0	0	0	0	1	2	0	0	0	0	0	1	2	5	0	0	2	2	16	17	2	0	1	1	1	10	0	16	5	0	0	0	0	0	4	0	1	0	1	1	1	10	0	1	3	0	8	0	2	0	0	0	10	28	4	0	0	3	7	1	24	4	0	0	0	0	1	0	1	3	8	3	1	0	0	0	1	3	0	2	10	4	0	17	609	4	4	14	0	3	0	6	0	2	1	3
C[Del(T):R8]C	1	0	7	3	2	3	3	0	3	3	0	0	1	4	2	0	0	1	1	0	0	0	0	0	0	1	0	0	1	3	2	7	1	0	8	0	13	121	0	0	1765	9	2	0	0	1	0	1	14	656	6	0	0	0	0	4	0	0	2	0	1	1	1	14	0	0	0	0	0	5	7	0	0	0	2	0	15	0	0	0	0	0	14	7	3	2	0	0	0	0	0	0	0	4	0	2	0	0	10	3	0	0	3	1	1	0	2	12	0	0	11	9	2	0	1	1	1	1	0	6	4	3	6	2	5	0	0	2	0	0	1	0	0	4	0	1	2	64	1	1	0	0	0	3	1	37	1	0	1	1	1	0	4	0	0	11	6	0	5	0	0	2	9	0	2	1	2	0	1	23	9	5	0	0	0	2	2	0	1	4	3	0	2	22	0	0	0	1	0	4	38	0	0	9	0	0	7	0	2	0	4	4	0	0	5	2	0	0	2	13	0	2	3	0	1	1	0	0	10	3	0	0	0	1	4	0	0	29	0	1	0	0	11	6	0	0	2	3	4	0	10	1	0	0	1	2	3	0	1	0	1361	1	4	3	0	1	14	1	1	0	1	2	0	0	0	0	0	0	0	2	2	0	0	1	0	16	9	0	0	0	0	1	3	0	12	5	0	0	1	1	0	0	1	3	0	1	0	0	7	0	1	1	1	15	0	2	0	1	0	3	23	1	0	0	0	12	0	11	3	0	0	0	0	0	0	2	8	6	4	2	0	0	0	0	3	0	0	4	6	2	8	565	2	4	8	2	4	0	6	0	1	1	3
C[Del(T):R8]G	1	1	3	1	0	1	4	1	0	0	0	0	0	1	0	0	2	3	0	0	1	0	0	0	0	0	0	0	1	1	4	4	1	0	7	2	12	141	0	1	2242	5	1	0	0	0	1	2	3	623	5	0	0	0	0	3	0	1	0	0	0	0	0	20	0	0	0	0	0	4	3	0	1	0	7	1	13	0	0	0	0	0	5	6	4	0	0	1	0	1	0	0	0	0	1	3	0	0	8	1	1	0	1	1	0	0	0	10	1	0	1	13	1	2	0	0	1	0	1	1	7	1	9	0	2	0	1	3	0	0	0	0	0	0	1	1	0	73	0	2	0	1	0	3	0	23	1	0	2	0	1	0	0	3	1	2	1	0	3	0	0	6	5	1	1	1	0	0	0	8	5	9	0	0	0	1	6	0	1	6	2	0	1	22	3	0	1	0	0	2	23	0	0	2	0	1	4	0	5	0	0	3	1	0	15	5	0	0	2	10	0	0	2	0	0	0	0	1	11	0	1	0	1	3	0	2	2	19	0	2	0	0	5	2	0	0	1	5	3	0	13	1	1	0	1	0	4	0	0	0	1719	2	5	2	0	0	9	0	0	0	0	1	0	1	0	0	0	1	0	1	3	0	0	1	0	9	3	1	0	0	0	0	5	0	9	5	0	2	0	0	0	4	1	0	0	2	0	3	3	0	0	1	0	8	0	1	1	0	0	7	23	1	1	0	0	10	0	7	6	0	0	0	0	1	3	2	4	3	2	0	0	0	0	1	2	0	0	6	5	0	19	659	1	0	2	1	4	0	5	0	0	1	0
C[Del(T):R(9,)]A	0	0	0	0	0	0	0	0	0	0	0	0	0	0	0	0	0	0	0	0	0	0	0	0	0	0	0	0	0	0	0	0	0	0	0	0	0	0	0	0	0	0	0	0	0	0	0	0	0	0	0	0	0	0	0	0	0	0	0	0	0	0	0	0	0	0	0	0	0	0	0	0	0	0	0	0	0	0	0	0	0	0	0	0	0	0	0	0	0	0	0	0	0	0	0	0	0	0	0	0	0	0	0	0	0	0	0	0	0	0	0	0	0	0	0	0	0	0	0	0	0	0	0	0	0	0	0	0	0	0	0	0	0	0	0	0	0	0	0	0	0	0	0	0	0	0	0	0	0	0	0	0	0	0	0	0	0	0	0	0	0	0	0	0	0	0	0	0	0	0	0	0	0	0	0	0	0	0	0	0	0	0	0	0	0	0	0	0	0	0	0	0	0	0	0	0	0	0	0	0	0	0	0	0	0	0	0	0	0	0	0	0	0	0	0	0	0	0	0	0	0	0	0	0	0	0	0	0	0	0	0	0	0	0	0	0	0	0	0	0	0	0	0	0	0	0	0	0	0	0	0	0	0	0	0	0	0	0	0	0	0	0	0	0	0	0	0	0	0	0	0	0	0	0	0	0	0	0	0	0	0	0	0	0	0	0	0	0	0	0	0	0	0	0	0	0	0	0	0	0	0	0	0	0	0	0	0	0	0	0	0	0	0	0	0	0	0	0	0	0	0	0	0	0	0	0	0	0	0	0	0	0	0	0	0	0	0	0	0	0	0	0	0	0	0	0	0	0	0	0	0	0	0
C[Del(T):R(9,)]C	0	0	0	0	0	0	0	0	0	0	0	0	0	0	0	0	0	0	0	0	0	0	0	0	0	0	0	0	0	0	0	0	0	0	0	0	0	0	0	0	0	0	0	0	0	0	0	0	0	0	0	0	0	0	0	0	0	0	0	0	0	0	0	0	0	0	0	0	0	0	0	0	0	0	0	0	0	0	0	0	0	0	0	0	0	0	0	0	0	0	0	0	0	0	0	0	0	0	0	0	0	0	0	0	0	0	0	0	0	0	0	0	0	0	0	0	0	0	0	0	0	0	0	0	0	0	0	0	0	0	0	0	0	0	0	0	0	0	0	0	0	0	0	0	0	0	0	0	0	0	0	0	0	0	0	0	0	0	0	0	0	0	0	0	0	0	0	0	0	0	0	0	0	0	0	0	0	0	0	0	0	0	0	0	0	0	0	0	0	0	0	0	0	0	0	0	0	0	0	0	0	0	0	0	0	0	0	0	0	0	0	0	0	0	0	0	0	0	0	0	0	0	0	0	0	0	0	0	0	0	0	0	0	0	0	0	0	0	0	0	0	0	0	0	0	0	0	0	0	0	0	0	0	0	0	0	0	0	0	0	0	0	0	0	0	0	0	0	0	0	0	0	0	0	0	0	0	0	0	0	0	0	0	0	0	0	0	0	0	0	0	0	0	0	0	0	0	0	0	0	0	0	0	0	0	0	0	0	0	0	0	0	0	0	0	0	0	0	0	0	0	0	0	0	0	0	0	0	0	0	0	0	0	0	0	0	0	0	0	0	0	0	0	0	0	0	0	0	0	0	0	0	0
C[Del(T):R(9,)]G	0	0	0	0	0	0	0	0	0	0	0	0	0	0	0	0	0	0	0	0	0	0	0	0	0	0	0	0	0	0	0	0	0	0	0	0	0	0	0	0	0	0	0	0	0	0	0	0	0	0	0	0	0	0	0	0	0	0	0	0	0	0	0	0	0	0	0	0	0	0	0	0	0	0	0	0	0	0	0	0	0	0	0	0	0	0	0	0	0	0	0	0	0	0	0	0	0	0	0	0	0	0	0	0	0	0	0	0	0	0	0	0	0	0	0	0	0	0	0	0	0	0	0	0	0	0	0	0	0	0	0	0	0	0	0	0	0	0	0	0	0	0	0	0	0	0	0	0	0	0	0	0	0	0	0	0	0	0	0	0	0	0	0	0	0	0	0	0	0	0	0	0	0	0	0	0	0	0	0	0	0	0	0	0	0	0	0	0	0	0	0	0	0	0	0	0	0	0	0	0	0	0	0	0	0	0	0	0	0	0	0	0	0	0	0	0	0	0	0	0	0	0	0	0	0	0	0	0	0	0	0	0	0	0	0	0	0	0	0	0	0	0	0	0	0	0	0	0	0	0	0	0	0	0	0	0	0	0	0	0	0	0	0	0	0	0	0	0	0	0	0	0	0	0	0	0	0	0	0	0	0	0	0	0	0	0	0	0	0	0	0	0	0	0	0	0	0	0	0	0	0	0	0	0	0	0	0	0	0	0	0	0	0	0	0	0	0	0	0	0	0	0	0	0	0	0	0	0	0	0	0	0	0	0	0	0	0	0	0	0	0	0	0	0	0	0	0	0	0	0	0	0	0
G[Del(T):R1]A	1	0	0	1	0	0	0	0	1	0	0	0	0	1	0	1	0	1	0	0	2	0	0	0	0	0	1	1	2	7	1	3	0	3	0	1	2	1	1	0	8	1	3	1	0	1	2	1	4	10	1	0	1	2	0	0	1	0	0	1	1	0	1	2	1	2	2	0	1	0	31	1	2	0	3	2	1	0	0	1	1	0	2	2	0	1	3	1	0	3	0	2	3	3	0	0	1	1	10	2	0	2	10	1	0	1	2	4	0	1	1	2	2	0	1	0	6	0	0	5	1	1	3	1	15	2	9	7	1	0	0	1	1	1	2	0	5	1	1	0	1	0	3	8	0	1	2	1	0	2	0	3	2	2	3	1	0	0	7	0	0	1	1	0	2	1	0	0	0	3	3	1	3	0	1	0	1	1	1	0	0	1	2	1	0	0	0	1	0	7	1	1	0	24	1	0	14	1	2	1	6	0	1	1	2	1	1	0	1	9	1	1	1	2	1	0	1	1	2	8	0	5	0	2	1	1	2	1	0	0	1	0	0	0	0	1	5	12	0	1	1	1	0	0	0	2	0	0	1	4	4	1	5	2	0	0	8	0	0	2	0	1	2	1	0	1	0	0	1	1	8	0	1	1	4	0	2	0	0	0	2	0	1	0	1	1	0	1	3	1	0	1	0	7	1	1	2	2	15	1	1	0	1	1	1	0	1	1	0	0	2	1	0	0	1	2	1	5	4	0	0	0	1	10	0	1	1	0	1	1	1	1	0	1	1	0	0	0	28	0	1	2	1	0	1	1	1	0	3	0	1	1	1
G[Del(T):R1]C	0	1	0	1	0	2	1	1	1	0	1	0	0	1	0	0	0	0	1	0	2	0	0	0	1	0	0	2	2	3	13	1	2	6	1	0	2	2	0	1	6	1	0	2	1	0	1	0	8	6	1	0	0	0	0	0	0	0	0	0	0	1	0	5	1	0	1	0	1	3	13	1	0	0	2	3	3	0	0	0	1	0	2	0	0	0	1	0	0	1	0	1	0	3	0	2	0	0	1	1	0	1	3	0	1	1	0	2	1	0	2	1	2	0	0	0	2	2	0	7	3	0	7	3	7	0	4	3	1	0	0	3	0	1	0	0	5	0	0	0	0	0	1	4	0	1	1	3	1	1	0	2	0	0	0	1	1	1	1	1	0	2	1	0	2	0	0	0	0	7	2	1	1	1	0	1	2	2	3	0	1	2	1	3	1	0	1	1	0	5	1	0	0	10	0	0	8	0	0	2	0	1	1	0	2	1	0	0	0	2	2	1	0	4	0	0	0	1	3	0	1	4	0	2	1	2	0	4	0	0	1	0	1	1	0	0	1	4	0	0	5	1	1	0	1	0	1	0	0	1	1	0	8	5	0	1	1	0	1	1	0	1	0	0	1	1	0	0	1	0	1	0	0	0	4	1	2	0	0	0	0	0	0	1	2	0	0	0	0	5	0	0	0	1	0	1	0	1	5	0	0	2	1	0	0	0	5	0	0	1	1	1	0	1	0	1	1	2	1	0	0	0	1	3	0	1	2	2	0	1	0	0	0	0	1	0	1	1	2	0	0	2	1	2	0	2	2	0	0	0	0	0	0
G[Del(T):R1]G	2	0	0	1	1	1	1	2	1	1	3	1	1	1	2	0	0	0	0	0	1	0	0	0	0	1	1	2	2	9	3	6	4	6	1	4	2	1	2	1	23	1	2	3	1	2	1	0	3	29	0	0	1	0	0	1	0	1	2	2	2	0	4	0	2	0	2	0	0	0	33	0	1	1	2	1	4	0	1	1	1	1	5	1	0	1	4	2	1	3	0	3	0	4	1	1	0	3	18	1	1	2	4	0	1	0	1	4	1	0	8	4	2	1	5	0	7	1	2	9	3	4	2	2	12	2	5	5	0	3	0	1	1	6	1	1	4	4	1	2	2	2	4	10	1	8	0	1	4	2	0	1	4	0	1	0	3	2	7	2	0	5	4	3	3	0	0	1	1	8	4	1	4	0	3	0	2	0	4	1	0	0	2	1	2	3	2	1	1	8	7	2	1	10	0	0	8	1	2	3	13	0	1	1	1	1	0	0	2	4	2	1	0	2	0	2	0	0	4	11	0	3	1	2	0	1	0	2	1	0	1	2	1	1	1	0	2	15	0	3	10	4	2	0	0	3	5	0	1	0	20	0	3	1	0	2	15	1	2	0	1	1	1	1	0	0	1	0	0	4	2	0	0	0	10	3	9	3	3	1	2	1	2	1	1	3	0	2	2	1	1	1	1	10	0	7	0	1	16	2	2	1	1	4	3	2	1	3	0	0	2	1	0	1	2	10	0	4	1	1	1	0	2	6	0	2	0	0	0	6	0	0	1	3	0	1	1	2	84	3	3	6	2	3	3	2	1	1	3	1	3	1	0
G[Del(T):R2]A	0	0	0	2	0	0	0	0	2	0	0	0	1	1	1	0	0	0	0	0	1	0	0	2	0	0	0	0	1	2	3	1	2	4	2	0	7	1	3	0	2	0	0	4	1	0	1	0	3	116	0	0	0	1	0	3	0	2	2	2	1	0	0	27	1	0	0	0	2	0	12	1	0	0	3	1	2	0	0	1	2	1	4	2	0	1	4	0	0	0	0	1	0	1	0	0	1	1	7	0	1	0	4	0	2	1	0	1	0	1	0	1	2	1	1	0	8	0	0	7	1	3	6	3	2	1	3	6	1	1	0	3	2	3	1	0	5	1	0	1	0	1	4	3	2	2	0	1	0	1	1	1	1	1	1	1	1	0	5	0	0	3	0	1	6	1	1	0	0	15	2	2	0	0	2	0	0	0	1	0	0	0	0	1	2	0	3	1	1	6	2	0	0	8	2	0	1	1	0	0	1	2	0	0	0	0	0	0	1	4	1	2	0	5	3	0	0	0	4	7	0	1	3	1	2	0	2	11	1	0	1	2	1	1	0	1	6	4	1	2	4	1	1	2	1	2	1	0	0	1	4	1	5	4	0	1	10	0	1	0	0	1	1	2	0	0	0	0	1	0	2	0	0	1	6	2	5	2	1	1	0	0	0	1	6	2	0	1	0	4	0	0	0	7	0	1	0	0	2	0	1	0	0	5	0	1	1	2	0	1	3	2	1	0	5	7	1	8	1	0	0	0	0	8	2	1	4	1	3	2	1	0	0	1	1	0	0	1	1	0	2	0	0	2	0	0	0	0	0	0	1	0	0
G[Del(T):R2]C	0	0	1	0	0	0	0	1	0	0	0	0	0	0	0	0	0	0	0	0	1	0	0	0	0	0	1	3	4	1	2	0	0	9	0	0	3	2	0	0	4	0	0	0	0	0	2	0	0	19	1	0	0	2	0	1	0	1	0	0	1	1	1	7	1	1	1	0	0	1	6	1	0	0	2	2	0	0	1	0	0	0	0	1	0	1	3	0	0	0	0	0	0	2	1	2	0	0	6	3	2	0	2	0	0	0	0	0	1	1	2	2	0	0	1	0	3	0	0	5	1	1	1	4	1	1	2	3	1	1	0	1	0	3	2	0	1	2	0	2	0	2	3	2	1	1	0	0	0	1	0	0	1	2	0	0	1	1	0	0	0	0	1	1	1	0	1	0	0	1	1	0	0	0	2	0	1	1	1	1	0	3	0	0	1	0	2	0	0	1	0	0	1	1	2	0	1	0	1	1	1	1	0	1	2	1	0	0	0	1	1	4	0	1	1	0	0	0	5	2	1	3	2	1	4	1	2	4	1	3	0	1	0	0	0	0	0	3	1	0	3	1	0	0	0	0	0	0	0	0	3	1	0	0	0	1	4	0	1	0	0	0	1	0	0	1	0	0	0	3	5	0	0	0	5	2	1	1	0	1	1	0	0	1	2	2	0	1	0	2	1	0	1	2	0	2	1	1	8	0	0	1	0	0	0	0	5	2	1	1	0	0	0	0	0	8	0	3	0	0	0	0	0	0	0	1	0	0	2	2	1	0	0	1	1	0	0	0	2	1	1	2	0	1	2	0	2	0	0	1	2	1	1
G[Del(T):R2]G	0	1	1	1	0	0	1	0	0	1	2	0	1	0	1	0	0	2	0	1	0	0	0	2	0	0	1	1	1	8	1	2	0	2	0	0	4	2	1	2	6	2	0	3	0	0	0	0	1	12	0	0	0	1	0	1	0	1	0	1	1	0	0	7	2	0	0	0	1	0	39	0	0	1	1	1	0	1	0	1	1	1	1	1	0	0	1	0	0	0	0	0	1	5	1	1	0	1	19	1	0	1	5	0	0	1	1	0	1	0	6	0	2	1	1	0	22	2	0	21	1	1	1	4	4	0	3	10	0	0	0	1	4	1	2	0	6	0	0	3	0	0	5	7	1	2	2	1	2	0	1	1	1	0	0	1	1	1	4	1	0	0	3	0	1	0	1	1	0	2	3	0	0	0	3	0	1	2	3	1	1	1	2	0	1	0	0	0	2	8	2	0	0	36	2	0	9	0	0	1	0	1	1	0	0	2	0	0	0	6	0	2	2	3	0	0	0	0	5	19	3	2	2	0	2	2	2	2	1	0	0	0	1	1	1	0	5	11	1	0	3	0	0	0	0	1	0	1	0	0	4	0	3	2	0	0	3	0	1	0	2	0	1	0	1	1	2	0	2	1	4	1	0	1	6	0	3	0	0	0	0	2	1	0	0	2	0	0	0	4	1	0	2	20	1	2	1	1	15	0	2	1	1	2	1	0	4	1	1	1	3	1	2	0	0	0	0	2	3	0	0	1	1	3	1	1	4	0	1	1	0	0	1	2	1	0	2	0	4	3	0	2	0	0	0	1	0	0	2	1	2	0	1
G[Del(T):R3]A	1	0	1	0	0	0	3	1	0	0	0	0	0	1	0	0	0	1	1	1	2	0	0	0	0	0	2	0	1	5	2	3	1	5	0	0	5	3	2	0	18	0	3	1	0	0	1	1	5	16	0	0	1	1	0	0	1	1	1	1	0	0	1	5	1	0	2	0	1	0	14	0	1	0	0	2	2	0	1	0	2	0	2	0	0	3	5	0	0	0	0	0	0	0	0	0	0	0	9	0	2	0	5	0	0	0	3	2	2	0	1	1	5	1	2	1	6	1	0	2	1	4	5	3	13	0	2	5	0	2	0	0	0	2	1	0	5	0	0	1	0	1	1	9	0	1	0	0	1	1	0	3	0	0	1	0	0	0	2	1	1	0	0	0	2	2	0	0	2	4	1	0	1	0	0	0	0	1	0	0	0	3	2	2	0	1	0	3	0	4	1	1	0	4	3	1	4	0	3	2	1	0	0	2	0	0	0	0	0	6	0	0	0	0	3	1	0	0	5	4	1	4	2	1	1	0	0	1	0	0	0	1	2	0	0	0	3	4	0	0	1	0	0	1	0	1	0	0	0	0	20	1	2	2	0	0	6	0	0	1	0	2	1	1	0	0	0	1	0	2	4	0	0	0	3	1	0	1	0	0	0	0	0	1	0	4	1	1	0	0	1	0	0	3	0	2	1	0	10	0	2	2	0	0	0	3	3	1	1	1	3	1	1	1	0	5	0	6	2	0	2	0	1	0	1	0	0	1	2	1	0	1	0	0	1	1	2	1	0	3	0	8	2	0	0	0	0	0	1	0	1	0	2
G[Del(T):R3]C	2	0	1	0	0	0	0	1	0	0	0	1	1	0	0	0	2	1	0	1	0	1	1	0	0	0	0	0	4	4	0	1	0	2	2	0	2	1	3	0	18	1	0	1	1	2	1	1	2	24	0	0	0	0	1	1	0	1	2	0	0	0	0	1	0	0	0	0	0	1	10	1	0	0	3	0	1	0	1	0	0	0	0	1	0	0	7	1	0	0	0	2	1	3	0	1	0	0	7	0	0	1	6	0	1	0	2	2	0	0	1	0	1	0	1	0	5	0	1	3	1	0	7	1	6	0	1	2	0	0	0	0	0	1	0	0	2	0	0	0	1	0	3	3	1	0	0	2	2	0	0	0	0	2	0	1	0	2	1	0	0	0	2	0	2	1	1	0	1	6	2	2	1	0	1	0	0	0	0	0	0	1	2	1	1	0	1	0	1	3	0	0	0	2	0	0	1	0	1	1	0	1	0	1	0	1	0	0	1	4	1	1	1	1	0	1	0	0	4	5	0	1	3	0	1	1	1	2	0	2	0	0	0	2	0	0	4	3	1	0	1	1	0	0	1	0	1	0	0	0	25	0	2	1	0	0	2	0	0	0	1	0	2	1	1	0	0	0	3	1	1	0	0	0	3	0	2	0	0	0	1	1	0	0	0	1	1	0	0	3	1	0	2	4	0	0	0	2	5	1	0	0	0	0	0	0	4	1	0	0	0	0	0	0	0	0	1	2	2	0	1	0	1	1	1	1	1	1	1	0	1	0	0	0	0	0	0	1	1	1	1	7	1	1	1	1	0	0	1	0	2	2	0
G[Del(T):R3]G	0	1	0	2	0	0	0	0	1	2	0	0	2	0	0	1	0	0	0	1	1	0	0	0	0	0	0	0	1	4	1	0	2	7	1	0	4	3	0	0	19	0	0	0	0	0	1	0	1	15	1	0	0	2	1	0	2	0	1	1	2	0	0	1	1	0	0	0	1	1	26	0	1	2	3	2	0	0	2	0	1	1	2	1	0	0	2	1	1	1	0	1	1	2	0	0	0	1	11	2	0	1	7	0	1	0	2	2	1	0	1	1	1	0	0	1	9	0	0	7	1	1	5	2	5	0	2	2	0	0	0	0	1	3	0	1	1	1	0	2	2	3	1	6	1	2	0	2	0	0	2	0	2	1	0	2	1	0	0	0	0	2	3	1	3	1	1	0	0	2	1	0	1	1	3	1	0	0	1	0	0	1	1	0	0	0	1	0	2	0	2	0	0	14	0	0	3	1	1	0	1	0	0	0	0	1	1	0	1	6	0	4	0	2	0	0	0	0	1	8	0	1	1	1	3	2	0	2	3	0	0	0	0	4	0	0	2	8	0	0	2	0	0	1	0	0	0	2	1	0	16	1	0	2	0	1	4	0	0	0	0	0	1	0	0	1	1	0	1	2	5	0	0	0	2	0	0	0	0	0	0	0	2	0	3	0	1	1	0	3	0	0	3	7	0	2	0	1	13	1	1	0	2	0	3	0	0	1	0	2	2	0	0	0	0	0	3	2	0	0	0	0	0	0	0	0	1	3	2	3	0	0	1	1	0	0	0	0	3	1	0	8	0	0	1	3	0	2	0	1	1	0	0
G[Del(T):R4]A	1	0	0	0	0	0	0	3	1	2	0	0	1	1	0	0	1	0	0	0	0	0	0	0	0	0	1	2	2	2	2	2	1	2	1	3	6	8	2	1	97	0	1	0	0	0	0	0	1	48	0	0	0	0	1	2	2	0	0	0	1	1	3	2	2	1	2	1	0	0	18	0	0	3	3	5	2	0	0	0	2	1	3	0	4	1	2	1	3	0	1	2	0	1	0	2	0	0	9	1	0	1	4	0	0	0	1	1	2	1	3	0	3	3	1	0	5	0	0	9	1	1	3	0	8	0	2	9	1	1	0	0	1	2	1	1	2	3	0	2	0	1	2	3	2	4	1	1	4	0	0	4	2	0	2	2	0	0	3	2	1	1	0	1	1	0	0	0	1	4	1	1	0	1	0	0	1	1	2	0	2	0	0	2	0	0	2	0	0	3	4	2	1	8	1	0	5	0	2	0	3	1	3	2	0	0	0	0	0	0	1	0	1	1	1	1	0	0	4	7	2	3	2	2	0	2	2	4	3	0	0	0	1	5	0	0	3	5	1	1	2	0	2	1	2	1	1	0	0	0	67	0	8	7	0	0	6	0	0	1	0	1	0	1	2	0	1	0	0	1	2	0	1	1	5	2	3	1	1	1	1	1	2	0	5	2	0	0	1	5	0	0	1	7	1	3	1	1	10	2	1	1	1	5	0	0	1	1	0	2	1	2	1	1	1	2	0	1	1	0	0	2	1	0	0	4	1	1	1	1	1	0	1	1	3	0	1	0	3	2	0	33	2	1	1	1	0	0	2	0	0	1	0
G[Del(T):R4]C	0	0	0	0	2	0	1	0	1	0	1	1	1	0	0	1	0	0	0	0	2	0	0	0	0	1	0	0	0	3	0	0	0	1	2	0	4	6	0	0	84	0	0	0	1	0	1	0	1	35	0	0	0	1	2	0	2	0	1	0	2	1	2	3	1	0	1	0	0	0	9	0	0	1	4	0	0	0	1	1	1	2	1	0	1	1	2	1	0	1	0	1	0	2	0	2	1	0	3	3	0	0	3	0	0	1	0	1	4	0	3	2	1	2	0	1	4	0	1	3	1	2	3	0	7	0	1	0	0	0	1	2	0	0	0	0	4	0	0	1	0	4	1	4	0	1	0	0	2	1	0	0	2	1	0	1	1	0	1	0	1	1	1	1	2	1	0	0	0	5	2	0	2	0	0	1	0	1	0	0	2	0	1	2	0	0	0	0	1	6	1	0	1	6	1	0	6	0	0	0	2	0	0	0	1	1	0	0	0	6	0	0	2	0	0	0	0	1	3	6	2	1	1	1	0	1	0	5	0	1	0	0	0	3	0	1	1	0	0	0	3	0	0	0	0	0	1	0	0	1	59	0	3	1	0	0	1	0	0	0	0	1	0	0	0	0	0	1	3	0	4	0	0	1	0	0	1	0	0	1	2	2	0	0	6	4	0	0	0	3	1	0	1	6	0	1	0	1	8	1	0	0	0	0	0	1	1	1	0	1	0	0	1	0	1	2	0	3	1	0	0	0	0	0	0	1	3	1	2	1	1	0	0	0	1	0	2	0	0	0	0	27	0	0	0	2	2	1	1	0	0	0	0
G[Del(T):R4]G	0	0	0	0	1	0	0	0	0	0	1	0	1	1	0	0	0	1	0	0	2	0	1	0	0	1	0	1	1	4	1	1	3	1	0	2	10	3	0	0	81	1	1	0	0	0	1	0	2	30	0	0	1	1	0	1	0	0	2	2	0	0	6	7	0	0	1	0	0	0	24	0	0	0	3	2	1	0	1	0	1	0	1	0	1	0	2	1	0	1	1	0	1	1	0	0	0	0	7	1	1	0	8	0	0	1	0	2	1	1	1	0	1	0	1	0	14	0	0	11	1	6	11	1	4	1	5	3	1	1	0	1	1	2	2	1	4	2	0	1	0	3	1	10	2	4	0	2	2	0	1	0	4	0	1	1	1	0	1	1	1	2	0	0	3	1	1	1	0	2	1	0	3	0	2	0	2	1	1	2	0	0	1	4	0	1	0	0	0	9	4	0	1	14	0	0	9	0	3	1	5	1	2	2	0	2	3	0	0	4	1	1	1	3	4	0	0	0	3	6	0	3	5	1	1	2	0	5	2	0	0	0	2	1	0	0	4	7	1	1	3	1	0	0	1	1	0	0	0	0	65	0	3	4	0	1	3	1	1	0	1	1	0	2	0	0	0	0	0	1	3	0	0	2	1	1	2	0	1	1	1	0	1	0	4	1	2	1	0	2	0	0	0	4	0	5	1	1	15	1	0	1	0	2	3	2	1	2	1	3	0	3	0	3	2	2	1	8	1	0	0	1	0	0	0	3	0	1	1	2	1	0	0	2	1	0	0	0	0	0	1	24	0	0	1	1	0	0	2	0	0	4	0
G[Del(T):R5]A	0	0	0	4	2	0	1	1	1	1	0	0	0	3	1	1	0	1	0	0	2	1	1	0	0	0	0	2	4	4	1	0	0	1	3	1	7	20	1	0	232	1	0	0	0	0	2	0	3	104	0	0	0	1	1	2	1	0	2	1	0	0	4	6	0	1	1	0	1	0	13	1	1	2	4	5	2	0	0	0	0	0	4	3	0	1	0	2	1	2	1	2	0	1	1	1	2	1	2	3	1	1	3	0	0	0	0	1	2	1	3	1	3	1	1	3	2	0	0	4	4	0	9	3	4	0	3	2	2	1	2	1	1	2	1	0	2	5	0	3	1	4	0	8	0	3	0	0	2	1	0	2	0	2	0	1	1	0	0	1	0	1	1	1	0	0	2	0	1	8	0	1	1	0	0	0	0	1	1	1	1	1	0	3	0	1	0	0	0	7	3	2	0	7	1	1	8	0	0	0	2	2	1	0	2	5	0	0	2	2	0	0	0	2	0	1	0	0	3	4	0	0	2	2	0	1	5	2	0	0	0	1	5	0	1	1	3	6	2	0	8	0	1	1	0	0	1	0	1	0	186	0	4	3	0	1	8	0	0	0	1	0	0	2	2	0	0	0	1	2	3	0	0	1	4	2	1	1	0	0	1	0	2	0	7	4	0	2	0	4	0	2	1	5	0	3	0	2	5	1	0	0	0	6	0	1	3	2	1	0	5	1	0	1	1	3	0	1	5	0	0	1	0	1	0	3	1	2	5	1	0	0	1	1	2	1	1	1	2	0	2	86	1	2	3	2	1	0	1	2	0	3	0
G[Del(T):R5]C	0	0	2	0	1	0	2	1	0	0	0	0	1	0	0	0	0	0	1	1	3	0	0	1	0	0	0	2	0	1	1	1	1	0	0	2	6	14	0	0	160	0	0	0	0	1	0	0	2	55	0	0	1	0	2	0	0	0	1	0	0	1	4	3	0	0	0	0	0	0	9	1	2	0	2	2	2	0	1	1	0	0	0	0	0	1	1	0	0	0	0	0	0	1	0	1	0	0	0	0	1	0	8	0	0	0	1	2	0	0	1	0	2	0	0	1	1	1	1	4	2	0	1	1	4	0	4	3	0	1	0	3	0	1	0	1	1	2	0	0	0	1	1	0	1	2	0	0	0	1	1	0	2	2	1	0	0	0	2	1	0	1	0	0	1	0	0	0	0	8	2	1	1	0	0	0	1	0	1	0	0	1	0	2	0	0	0	1	1	3	2	0	1	5	0	0	0	0	1	0	0	0	2	0	1	3	2	0	1	2	0	2	1	2	0	0	0	0	3	3	0	0	0	0	2	0	1	5	0	0	0	1	1	3	0	0	3	2	0	1	4	0	0	0	0	1	0	2	0	0	112	0	3	3	0	0	2	0	0	0	0	1	0	0	0	0	0	0	0	0	1	0	0	0	2	3	1	0	0	0	0	0	0	0	1	0	1	0	0	1	0	0	0	2	2	0	0	3	2	2	0	1	0	1	0	0	2	0	1	2	4	2	1	0	0	0	1	6	0	0	0	0	0	0	1	5	3	1	2	2	2	1	0	1	1	1	0	1	1	0	2	62	0	2	0	1	0	0	0	0	0	1	0
G[Del(T):R5]G	2	0	4	2	0	1	1	0	4	0	0	1	1	3	1	0	1	1	0	0	0	0	0	1	0	1	0	1	2	7	2	2	2	1	1	1	3	17	2	0	245	1	1	1	0	1	1	1	0	68	0	0	1	0	1	2	0	0	1	3	0	1	2	7	0	0	1	0	0	1	9	1	0	0	3	2	4	0	1	0	0	0	1	0	1	2	2	1	0	1	0	1	0	1	0	0	1	0	3	0	0	1	6	0	0	0	1	2	2	1	6	2	2	3	0	1	11	0	0	5	1	2	3	3	5	0	2	3	1	1	0	0	0	1	0	0	0	2	0	2	0	2	3	6	0	5	1	2	0	2	1	0	0	0	0	0	1	0	1	0	0	2	1	1	3	0	0	0	0	2	0	2	0	1	0	0	3	1	0	1	0	0	1	2	1	0	0	0	1	5	5	0	0	10	0	1	4	0	0	0	3	1	1	0	2	0	1	0	1	5	0	0	0	1	3	0	0	1	3	10	0	1	2	0	0	1	5	9	1	0	0	1	2	2	0	1	5	4	2	0	1	0	0	2	0	1	0	0	1	0	161	0	3	4	0	0	3	0	0	0	0	1	0	0	0	0	0	0	1	4	1	1	0	1	1	3	3	2	2	0	1	0	0	1	4	0	0	2	1	1	1	1	1	10	0	4	0	0	9	0	0	1	0	4	0	0	2	0	1	0	3	1	0	1	0	2	0	1	2	0	0	2	1	2	0	3	2	1	2	2	2	0	1	0	0	1	0	2	0	0	2	74	0	1	1	1	1	0	2	0	0	2	0
G[Del(T):R6]A	0	0	2	0	1	1	1	0	0	0	0	0	1	2	0	0	0	1	0	0	2	0	0	0	0	0	0	0	1	2	2	0	1	0	2	0	5	19	1	1	422	0	2	0	1	1	2	0	2	152	0	0	0	1	0	2	0	1	0	1	0	0	6	1	0	0	0	0	1	0	6	0	0	0	1	2	1	0	0	0	0	0	3	1	3	0	0	0	0	1	0	1	1	2	0	0	0	0	2	1	0	2	2	1	0	0	0	3	0	1	0	1	1	0	1	0	2	0	0	1	4	2	2	1	3	0	0	4	1	0	0	0	0	2	1	0	1	11	0	1	0	0	0	2	0	3	0	0	3	0	3	1	0	1	1	3	0	0	1	0	0	2	1	1	1	0	1	0	0	3	2	1	0	0	2	0	0	0	4	1	2	0	1	1	2	0	0	0	1	2	4	0	0	9	1	0	3	0	0	0	1	3	0	0	0	0	0	0	0	6	0	0	0	0	0	0	0	0	4	1	1	1	0	0	0	1	1	5	0	1	0	0	0	2	0	0	5	2	2	0	3	0	0	0	0	2	1	0	0	0	240	1	0	1	0	0	3	0	0	0	0	2	0	0	0	1	0	1	0	1	1	0	1	0	1	8	3	0	0	0	0	0	1	0	4	3	0	1	0	0	0	0	0	1	0	0	0	0	3	1	0	0	0	2	0	1	0	0	0	3	5	2	0	0	0	3	2	1	0	0	2	1	0	0	0	2	3	0	0	1	0	0	0	0	1	0	0	0	1	1	4	135	1	3	9	0	1	0	1	0	3	0	0
G[Del(T):R6]C	0	0	1	0	1	1	2	0	0	0	0	0	0	0	0	1	0	0	1	0	0	0	0	0	0	0	0	0	0	1	1	0	1	0	2	1	4	10	0	0	209	1	0	0	0	0	0	1	1	74	1	0	0	1	0	1	0	0	0	0	0	1	3	10	0	0	0	0	0	0	4	1	0	0	2	1	1	0	0	0	0	0	4	1	1	1	0	0	0	1	0	0	0	3	1	3	0	0	3	1	0	1	1	0	0	0	1	4	2	1	1	0	1	0	0	0	0	1	0	1	1	1	2	0	4	0	2	1	0	0	0	0	1	2	2	1	0	10	0	2	0	0	0	1	0	5	0	0	1	1	0	0	1	0	0	2	0	1	1	1	0	0	0	0	1	1	0	0	0	1	2	1	1	0	1	0	1	0	1	0	4	0	1	4	1	0	0	0	0	1	4	0	1	4	0	1	0	1	0	0	2	1	0	0	0	0	0	0	1	6	0	0	1	1	1	0	0	0	5	2	1	0	2	0	0	0	1	2	0	0	0	0	1	1	0	1	0	1	1	0	0	0	0	0	0	0	1	0	0	0	121	1	3	2	0	0	2	1	0	0	0	1	1	0	0	0	0	0	0	0	1	0	0	1	0	2	6	2	0	0	0	0	1	0	2	1	0	1	0	0	0	2	0	2	0	0	0	0	1	0	0	0	0	1	0	0	3	1	1	1	5	2	0	0	0	3	0	2	0	0	0	0	0	1	1	0	1	0	2	1	0	0	0	1	1	0	1	3	2	2	2	64	2	1	0	2	0	0	2	0	2	0	0
G[Del(T):R6]G	0	0	1	1	2	1	1	1	0	1	0	0	0	1	0	0	0	1	0	0	2	0	0	0	0	0	0	0	1	0	4	2	0	1	3	1	6	11	0	2	233	3	0	1	1	0	2	0	2	85	0	0	0	2	0	2	0	0	2	1	0	1	0	3	0	0	0	0	0	2	10	1	0	0	1	3	1	0	1	0	0	0	3	0	0	1	0	1	1	0	1	1	1	2	1	0	0	0	5	1	0	0	3	1	1	0	0	0	1	0	3	0	1	0	0	0	1	1	0	5	1	0	4	1	5	0	0	4	0	0	0	0	0	0	0	0	1	5	0	0	0	0	1	7	0	4	1	1	0	0	0	1	1	0	0	6	0	0	0	0	0	0	3	1	1	0	0	0	0	3	2	3	0	0	2	1	1	0	1	2	0	2	1	6	1	0	0	0	0	5	4	1	0	6	0	0	2	0	2	0	2	2	1	0	0	1	0	1	0	6	1	1	0	0	0	0	0	0	3	1	0	0	0	1	1	1	1	5	0	0	0	0	2	1	1	0	0	4	2	0	3	0	1	0	0	0	0	0	1	0	124	3	3	2	0	1	3	0	0	0	2	3	0	1	0	0	0	0	0	2	2	0	0	0	3	3	2	0	1	0	0	2	0	0	2	2	0	0	0	1	0	1	0	1	0	1	0	1	4	1	0	0	0	1	0	0	1	1	1	0	3	1	0	0	0	3	0	1	1	0	0	0	1	1	0	1	2	1	2	0	1	1	0	0	0	1	0	1	1	0	3	71	2	0	1	2	0	0	0	1	0	0	1
G[Del(T):R7]A	0	0	2	1	0	1	0	0	1	0	1	1	1	1	0	0	0	2	0	0	0	0	0	0	0	0	0	1	0	2	2	0	0	0	4	1	4	37	0	0	712	8	0	0	1	0	1	1	2	248	0	0	0	0	0	3	1	1	0	1	0	1	1	7	0	0	0	0	0	4	1	0	0	0	4	1	3	0	0	0	0	0	5	0	1	0	0	2	0	0	0	0	0	1	0	0	1	0	2	0	0	1	0	0	1	1	0	5	1	1	1	2	0	0	0	1	0	1	0	3	1	0	5	1	3	0	0	3	0	0	1	0	0	2	0	1	2	19	0	1	0	0	1	1	0	6	0	1	0	0	0	0	0	0	2	3	1	0	1	0	0	4	4	1	0	0	0	0	0	8	0	5	0	0	1	1	4	2	0	2	2	0	0	8	2	0	0	0	0	3	7	0	0	0	0	0	4	0	4	1	2	3	1	0	2	1	0	0	0	6	1	1	0	0	0	0	0	0	1	2	0	1	0	2	1	1	0	4	1	0	0	0	1	3	0	0	1	2	3	0	3	2	0	1	0	0	0	1	0	0	429	1	4	1	0	0	5	0	0	0	0	0	1	1	0	0	0	0	0	2	1	1	0	1	0	1	6	0	0	0	0	1	2	0	5	1	0	0	0	0	0	0	0	2	0	0	0	0	1	0	1	1	0	1	0	1	1	1	0	4	8	4	0	0	0	2	0	3	1	0	0	0	0	0	0	1	1	1	2	0	1	0	0	0	1	0	0	4	3	0	4	225	3	0	1	2	2	0	2	0	0	1	2
G[Del(T):R7]C	1	1	2	2	0	1	3	0	2	1	0	0	0	0	0	0	0	0	0	0	0	0	0	0	0	0	0	1	0	0	3	1	0	1	3	2	8	22	0	0	606	3	1	0	1	0	0	0	1	213	3	1	0	0	0	1	0	1	0	0	0	0	2	6	0	1	0	0	0	3	5	0	0	0	0	1	1	0	0	0	0	0	8	1	2	0	0	1	1	1	0	0	0	1	0	0	1	0	4	4	0	0	6	2	0	0	0	8	0	0	0	3	2	1	0	0	1	0	0	1	5	1	6	2	4	0	1	3	0	1	0	1	0	1	3	0	2	18	0	0	0	2	1	2	1	13	0	1	1	0	2	1	0	0	0	6	2	0	0	0	0	10	3	0	0	1	0	0	3	10	2	3	1	0	0	0	2	0	0	1	2	1	1	6	2	0	0	0	0	2	13	0	0	2	0	0	4	0	0	0	3	1	1	0	2	0	0	0	1	3	1	0	1	1	1	3	0	0	6	2	2	1	0	0	0	0	2	6	0	1	0	0	2	2	1	1	4	3	1	0	1	0	0	0	2	1	0	0	0	0	405	0	3	1	0	0	3	0	0	0	0	3	0	0	0	0	0	0	0	3	3	0	0	0	0	3	3	0	0	0	0	0	1	1	7	5	1	2	0	0	1	0	0	2	0	1	0	3	3	1	1	0	1	4	0	0	0	0	0	5	10	1	0	0	0	5	0	6	2	0	2	0	0	0	0	0	1	1	1	1	0	0	0	0	3	0	0	4	1	0	3	177	0	2	3	0	2	0	5	0	0	0	0
G[Del(T):R7]G	0	1	1	0	1	0	1	0	3	0	0	0	0	0	1	0	0	1	0	1	0	0	0	0	0	0	0	0	0	2	1	2	0	1	2	0	6	44	0	0	637	0	0	0	0	0	1	0	3	208	0	0	0	0	0	4	0	0	4	0	0	0	2	6	0	0	0	0	1	1	5	0	0	1	2	2	1	0	0	0	1	0	5	1	4	0	0	0	1	1	0	0	0	3	1	1	0	0	1	0	1	0	0	0	0	0	0	3	1	0	6	2	1	1	0	0	2	0	0	2	1	1	5	0	2	2	0	4	0	0	0	0	0	1	0	1	0	17	0	0	0	1	0	5	0	5	0	0	1	0	2	1	2	0	0	5	1	1	1	0	0	1	1	0	0	0	0	0	0	10	1	2	0	0	1	0	1	0	0	2	1	0	1	10	2	0	0	0	1	0	6	0	0	3	0	0	3	1	2	1	1	3	0	0	2	1	0	0	0	3	0	1	0	0	0	0	0	0	1	3	0	0	1	1	1	1	1	9	0	0	0	0	1	2	0	0	1	1	3	1	4	0	1	0	0	0	0	1	0	0	408	0	1	1	0	2	7	0	0	1	0	1	0	0	0	2	0	0	0	0	0	0	1	1	0	2	3	0	1	0	0	0	3	0	6	0	1	0	0	0	0	0	0	3	0	0	0	0	4	1	1	1	0	4	0	0	0	0	0	1	9	3	0	0	1	1	0	4	2	0	0	0	0	1	0	1	1	1	3	0	1	0	0	0	1	0	0	2	2	1	1	209	0	1	3	4	0	0	1	0	0	1	1
G[Del(T):R8]A	0	0	1	0	1	1	0	0	2	0	1	0	2	0	2	1	0	1	1	0	1	0	0	0	0	0	0	0	0	0	3	2	0	0	7	2	6	57	0	0	1223	1	0	0	1	0	0	1	9	407	3	0	0	0	0	5	0	1	0	0	0	0	1	14	0	1	0	0	0	2	4	0	1	1	2	2	9	0	0	0	1	0	7	4	6	0	0	2	0	0	0	0	1	1	0	3	0	0	2	1	0	0	0	2	0	0	0	9	1	0	2	7	1	0	2	0	1	0	0	1	2	1	3	1	4	0	0	2	0	0	0	0	0	1	0	0	1	41	0	1	1	0	0	2	1	18	0	2	0	0	3	0	0	0	0	4	3	1	0	0	0	5	5	0	0	0	0	0	0	5	7	2	0	0	0	1	2	0	1	3	1	0	1	4	3	1	0	1	2	0	18	0	0	0	0	0	2	0	3	0	4	5	2	0	6	2	0	0	0	5	0	1	1	1	1	0	0	0	9	1	1	0	0	3	1	0	0	15	0	0	0	0	3	0	0	0	1	2	5	0	12	0	1	0	0	1	3	0	0	1	841	0	2	1	0	1	9	0	0	0	0	0	0	0	0	1	0	0	0	1	3	0	0	0	0	5	5	1	0	0	0	0	1	0	7	2	0	1	1	0	0	2	0	1	1	1	0	1	7	0	0	0	0	7	0	1	0	0	0	4	8	0	0	0	0	11	1	6	3	0	0	0	0	0	0	0	4	2	1	0	0	1	0	0	0	0	0	5	3	0	7	386	1	2	4	0	3	0	5	0	1	1	1
G[Del(T):R8]C	0	0	4	1	1	0	4	0	3	1	0	0	1	2	0	0	2	1	0	0	1	0	0	1	0	1	1	0	0	0	3	1	1	0	3	0	12	45	0	0	720	2	0	0	0	1	0	0	4	283	3	0	0	0	0	5	0	0	1	1	0	0	2	10	0	0	0	0	0	8	3	0	0	0	4	1	3	0	0	1	0	1	5	2	1	0	1	0	1	0	0	0	0	3	0	5	0	0	2	0	0	0	1	1	0	1	0	4	1	1	6	4	0	1	0	1	1	0	1	3	1	1	5	1	4	0	1	1	0	0	0	0	0	3	0	0	1	26	0	1	0	0	0	6	0	14	0	3	0	0	3	0	4	2	4	4	3	1	1	0	0	7	4	0	0	0	0	0	0	5	3	2	0	0	0	0	3	0	0	7	0	0	1	10	3	0	0	0	2	1	14	0	0	0	1	0	6	0	2	0	3	5	0	0	2	2	0	0	1	3	0	0	1	0	2	0	0	1	6	2	0	0	0	0	0	1	0	13	4	0	0	0	3	0	0	0	0	4	5	0	3	1	0	0	0	0	2	0	0	0	536	2	7	2	0	2	6	1	0	0	0	1	0	0	0	1	0	0	0	3	2	0	0	1	0	6	4	1	0	1	1	0	0	1	4	1	0	1	1	0	0	1	0	2	0	0	0	0	2	0	0	0	0	6	0	1	1	1	0	4	14	2	0	1	0	8	0	3	0	0	0	0	0	0	0	1	3	3	1	1	0	1	0	0	0	0	0	0	2	0	9	283	1	2	4	0	3	0	1	0	2	2	0
G[Del(T):R8]G	0	0	0	0	0	0	1	0	1	0	0	0	0	1	0	0	0	0	1	0	1	1	0	0	0	0	0	0	0	0	2	3	0	0	3	2	9	59	0	1	912	2	1	0	0	0	0	0	4	332	1	0	0	0	0	1	0	0	0	0	0	0	1	9	0	0	0	0	0	2	0	0	0	1	4	0	5	0	0	0	1	0	7	1	2	0	0	1	1	0	0	1	0	0	0	1	0	0	2	2	0	1	1	1	0	1	0	5	2	0	6	7	2	0	1	1	0	0	0	1	4	0	2	0	3	1	1	3	0	0	0	0	2	2	1	1	2	31	0	2	0	1	0	4	0	9	0	2	0	0	2	1	0	0	1	1	2	0	0	1	0	6	2	0	0	1	0	0	2	9	2	2	0	1	0	1	1	1	0	3	0	1	0	6	0	0	0	0	3	0	9	0	0	2	0	0	2	0	1	0	2	1	2	0	2	2	0	0	1	5	0	1	0	0	0	2	0	0	3	3	0	0	1	4	1	1	0	13	0	2	0	0	4	5	0	0	0	4	1	0	0	0	1	0	1	0	1	0	0	0	630	0	4	1	0	1	6	1	0	1	0	1	0	0	0	0	0	0	0	0	1	0	0	0	0	8	3	1	0	0	0	0	5	2	13	1	0	0	0	0	0	2	0	2	0	1	0	1	4	0	1	1	0	5	0	1	0	0	0	5	13	1	0	0	0	4	0	6	1	0	0	0	0	0	0	0	2	1	1	0	0	0	0	1	1	0	0	2	3	0	7	300	0	0	6	0	3	0	3	0	2	0	0
G[Del(T):R(9,)]A	0	0	0	0	0	0	0	0	0	0	0	0	0	0	0	0	0	0	0	0	0	0	0	0	0	0	0	0	0	0	0	0	0	0	0	0	0	0	0	0	0	0	0	0	0	0	0	0	0	0	0	0	0	0	0	0	0	0	0	0	0	0	0	0	0	0	0	0	0	0	0	0	0	0	0	0	0	0	0	0	0	0	0	0	0	0	0	0	0	0	0	0	0	0	0	0	0	0	0	0	0	0	0	0	0	0	0	0	0	0	0	0	0	0	0	0	0	0	0	0	0	0	0	0	0	0	0	0	0	0	0	0	0	0	0	0	0	0	0	0	0	0	0	0	0	0	0	0	0	0	0	0	0	0	0	0	0	0	0	0	0	0	0	0	0	0	0	0	0	0	0	0	0	0	0	0	0	0	0	0	0	0	0	0	0	0	0	0	0	0	0	0	0	0	0	0	0	0	0	0	0	0	0	0	0	0	0	0	0	0	0	0	0	0	0	0	0	0	0	0	0	0	0	0	0	0	0	0	0	0	0	0	0	0	0	0	0	0	0	0	0	0	0	0	0	0	0	0	0	0	0	0	0	0	0	0	0	0	0	0	0	0	0	0	0	0	0	0	0	0	0	0	0	0	0	0	0	0	0	0	0	0	0	0	0	0	0	0	0	0	0	0	0	0	0	0	0	0	0	0	0	0	0	0	0	0	0	0	0	0	0	0	0	0	0	0	0	0	0	0	0	0	0	0	0	0	0	0	0	0	0	0	0	0	0	0	0	0	0	0	0	0	0	0	0	0	0	0	0	0	0	0	0
G[Del(T):R(9,)]C	0	0	0	0	0	0	0	0	0	0	0	0	0	0	0	0	0	0	0	0	0	0	0	0	0	0	0	0	0	0	0	0	0	0	0	0	0	0	0	0	0	0	0	0	0	0	0	0	0	0	0	0	0	0	0	0	0	0	0	0	0	0	0	0	0	0	0	0	0	0	0	0	0	0	0	0	0	0	0	0	0	0	0	0	0	0	0	0	0	0	0	0	0	0	0	0	0	0	0	0	0	0	0	0	0	0	0	0	0	0	0	0	0	0	0	0	0	0	0	0	0	0	0	0	0	0	0	0	0	0	0	0	0	0	0	0	0	0	0	0	0	0	0	0	0	0	0	0	0	0	0	0	0	0	0	0	0	0	0	0	0	0	0	0	0	0	0	0	0	0	0	0	0	0	0	0	0	0	0	0	0	0	0	0	0	0	0	0	0	0	0	0	0	0	0	0	0	0	0	0	0	0	0	0	0	0	0	0	0	0	0	0	0	0	0	0	0	0	0	0	0	0	0	0	0	0	0	0	0	0	0	0	0	0	0	0	0	0	0	0	0	0	0	0	0	0	0	0	0	0	0	0	0	0	0	0	0	0	0	0	0	0	0	0	0	0	0	0	0	0	0	0	0	0	0	0	0	0	0	0	0	0	0	0	0	0	0	0	0	0	0	0	0	0	0	0	0	0	0	0	0	0	0	0	0	0	0	0	0	0	0	0	0	0	0	0	0	0	0	0	0	0	0	0	0	0	0	0	0	0	0	0	0	0	0	0	0	0	0	0	0	0	0	0	0	0	0	0	0	0	0	0	0
G[Del(T):R(9,)]G	0	0	0	0	0	0	0	0	0	0	0	0	0	0	0	0	0	0	0	0	0	0	0	0	0	0	0	0	0	0	0	0	0	0	0	0	0	0	0	0	0	0	0	0	0	0	0	0	0	0	0	0	0	0	0	0	0	0	0	0	0	0	0	0	0	0	0	0	0	0	0	0	0	0	0	0	0	0	0	0	0	0	0	0	0	0	0	0	0	0	0	0	0	0	0	0	0	0	0	0	0	0	0	0	0	0	0	0	0	0	0	0	0	0	0	0	0	0	0	0	0	0	0	0	0	0	0	0	0	0	0	0	0	0	0	0	0	0	0	0	0	0	0	0	0	0	0	0	0	0	0	0	0	0	0	0	0	0	0	0	0	0	0	0	0	0	0	0	0	0	0	0	0	0	0	0	0	0	0	0	0	0	0	0	0	0	0	0	0	0	0	0	0	0	0	0	0	0	0	0	0	0	0	0	0	0	0	0	0	0	0	0	0	0	0	0	0	0	0	0	0	0	0	0	0	0	0	0	0	0	0	0	0	0	0	0	0	0	0	0	0	0	0	0	0	0	0	0	0	0	0	0	0	0	0	0	0	0	0	0	0	0	0	0	0	0	0	0	0	0	0	0	0	0	0	0	0	0	0	0	0	0	0	0	0	0	0	0	0	0	0	0	0	0	0	0	0	0	0	0	0	0	0	0	0	0	0	0	0	0	0	0	0	0	0	0	0	0	0	0	0	0	0	0	0	0	0	0	0	0	0	0	0	0	0	0	0	0	0	0	0	0	0	0	0	0	0	0	0	0	0	0	0
A[Ins(C):R0]A	1	0	2	1	2	0	0	0	2	1	0	1	1	0	0	1	0	0	1	0	0	0	0	1	0	0	1	0	3	6	2	277	1	1	4	3	11	5	0	2	23	2	5	0	1	0	1	0	4	75	2	0	1	0	1	3	0	1	1	0	3	3	2	45	1	0	1	0	2	0	5	1	1	1	0	2	120	0	0	1	2	0	15	2	2	1	1	0	1	1	0	2	1	2	0	4	0	0	9	1	0	0	5	1	0	1	1	147	11	0	10	3	0	2	0	1	4	0	0	6	14	2	46	5	3	1	0	7	2	2	0	1	1	4	0	1	0	2	1	0	0	1	0	13	0	12	0	0	4	0	2	0	2	0	0	6	4	0	3	1	0	16	2	1	1	0	0	0	0	69	2	9	2	0	1	0	4	0	2	0	0	4	1	7	1	0	0	1	0	11	14	0	0	3	2	0	8	0	1	0	32	4	1	1	1	3	1	0	0	2	3	1	1	5	1	0	0	1	4	3	1	1	4	5	1	1	2	7	0	0	0	0	1	10	0	1	1	4	3	1	34	1	1	0	0	2	0	2	2	0	16	2	5	4	0	0	135	2	0	2	2	2	0	0	1	0	1	0	0	2	5	0	0	0	0	21	17	0	0	1	0	0	14	0	111	0	0	0	0	2	1	2	0	5	0	3	0	2	4	0	2	2	3	126	0	1	1	1	1	12	15	6	0	0	2	2	0	205	2	1	2	1	1	0	2	4	12	0	0	2	0	0	0	3	2	0	0	3	2	0	4	5	1	1	39	1	0	0	1	0	1	1	2
A[Ins(C):R0]G	0	0	0	0	0	0	0	0	0	0	0	0	0	0	0	0	0	0	0	0	1	0	0	0	1	0	1	0	0	1	0	10	0	0	1	0	1	1	0	0	1	0	0	0	0	1	0	0	1	10	0	0	1	0	0	1	1	0	0	0	0	0	1	4	0	0	0	0	1	0	7	0	1	0	1	1	7	1	0	0	1	1	0	2	0	1	0	0	1	2	0	0	0	1	0	0	0	0	4	1	0	0	2	0	1	0	1	12	1	0	1	1	0	0	0	0	1	0	0	3	0	2	0	1	3	0	1	3	0	0	0	0	0	0	0	0	1	0	2	0	0	1	0	0	0	0	0	0	0	0	0	0	0	0	0	0	1	0	1	0	0	1	0	0	1	0	0	0	1	1	0	3	0	0	0	1	2	0	0	0	0	0	0	1	0	0	0	0	0	0	0	0	0	6	0	0	1	1	0	0	3	0	0	0	0	0	0	0	0	0	1	1	0	1	0	4	0	0	5	3	0	1	0	0	0	2	1	1	0	1	0	0	0	0	0	0	0	2	0	1	0	0	0	0	0	1	0	0	0	0	0	0	0	1	0	1	6	1	0	0	0	0	0	0	1	1	1	1	0	0	1	0	0	1	0	1	0	0	0	0	0	0	0	0	3	0	0	0	0	0	2	0	0	3	0	0	0	0	2	0	0	0	0	10	1	0	0	0	0	1	1	1	0	0	1	0	0	4	1	0	0	0	0	0	0	0	0	1	2	0	0	0	0	0	0	1	0	0	0	0	0	0	1	1	1	2	0	0	0	0	1	0	0
A[Ins(C):R0]T	1	0	0	0	1	0	0	0	0	0	0	0	1	0	0	0	0	0	0	0	0	0	0	0	0	0	0	0	2	3	1	240	0	1	2	2	0	0	0	0	5	1	1	0	1	1	0	0	0	16	0	0	0	0	0	1	0	0	0	0	0	0	1	6	0	1	1	1	1	0	7	0	0	1	2	0	78	0	0	1	0	0	6	0	0	0	1	0	1	1	0	0	0	0	1	0	0	0	4	0	1	1	0	0	0	0	0	97	8	0	6	2	0	0	0	1	10	0	0	6	4	1	19	0	2	0	2	1	0	0	0	0	0	0	2	0	5	1	0	0	0	1	0	2	0	1	1	0	4	0	1	0	1	2	0	3	0	0	1	0	0	6	1	0	1	1	1	0	0	38	2	2	2	0	0	1	0	0	1	2	1	0	1	2	0	0	0	0	0	8	1	2	0	7	0	0	7	1	1	0	10	1	2	0	1	0	1	0	0	3	1	1	1	3	3	0	0	1	0	7	0	1	0	1	0	1	0	1	0	0	0	1	0	4	0	0	2	4	1	0	19	0	0	0	0	1	1	0	0	0	0	0	5	6	0	1	93	1	0	0	0	0	1	0	0	1	0	0	0	0	7	1	0	0	0	21	14	0	1	0	0	0	3	0	83	1	0	1	0	0	1	0	0	5	0	0	0	1	10	0	1	1	0	94	1	0	0	0	1	4	4	2	0	1	1	2	0	115	1	0	0	0	0	0	0	2	0	1	3	1	1	0	2	1	1	0	0	1	0	1	0	2	0	0	16	1	0	0	0	1	0	0	0
A[Ins(C):R1]A	0	0	0	0	0	0	0	0	1	0	0	0	0	0	1	0	2	0	0	1	1	0	0	1	0	0	0	1	1	3	1	7	0	0	0	3	1	0	0	0	1	0	0	0	0	0	1	0	2	10	0	0	0	0	1	1	0	1	0	1	0	0	2	0	0	0	0	0	0	2	9	1	1	0	1	0	3	0	0	1	0	1	1	0	1	1	0	1	0	1	0	0	0	1	0	0	0	0	5	0	0	0	4	0	0	0	1	5	1	0	2	0	1	0	0	0	4	0	0	2	1	1	4	0	1	0	1	0	1	0	0	1	0	0	0	0	0	0	0	1	2	1	2	1	0	1	0	2	1	0	1	0	1	0	0	0	0	0	0	0	0	2	1	1	0	1	0	0	0	3	0	3	0	0	0	0	0	0	0	1	0	0	0	1	0	0	0	0	0	2	1	0	0	7	0	0	2	0	0	0	1	0	1	3	0	0	0	0	0	0	0	1	1	1	0	0	0	0	1	2	0	1	0	1	1	0	0	1	1	0	0	0	1	1	0	0	1	0	0	0	1	0	0	0	1	0	0	1	0	0	3	1	1	0	0	1	7	0	0	0	0	0	1	1	1	0	0	0	0	0	1	0	0	0	0	0	2	0	0	0	0	0	1	1	6	2	0	0	0	0	1	0	0	2	1	0	0	0	2	0	0	0	1	2	0	0	2	1	1	2	1	0	0	0	0	1	0	7	0	1	0	0	1	2	2	1	0	0	1	0	0	0	1	0	0	0	1	1	2	0	1	1	0	1	3	1	0	0	1	0	1	0	0
A[Ins(C):R1]G	0	0	0	0	0	0	0	0	0	0	0	0	0	1	0	0	0	0	0	0	0	0	0	0	0	0	0	0	0	0	0	1	0	0	0	0	0	0	0	0	0	0	0	0	0	0	0	0	0	1	0	0	0	0	0	0	0	0	0	0	0	1	0	0	0	0	0	0	0	0	5	0	0	0	0	0	0	0	0	0	0	0	1	0	0	0	0	0	0	0	0	0	0	0	0	0	0	0	0	0	0	0	1	0	0	0	0	0	0	0	0	0	0	0	0	1	0	0	0	2	0	0	0	0	0	0	0	0	0	0	0	0	0	1	0	0	1	0	0	0	0	0	0	0	0	0	0	0	0	0	0	0	0	0	0	0	0	0	0	0	0	1	0	0	0	0	0	0	0	0	0	0	0	1	0	0	0	0	0	0	0	0	0	0	0	0	0	0	0	0	0	0	0	1	0	0	0	0	0	0	0	0	0	0	0	0	1	0	0	0	0	1	0	0	0	0	0	0	0	1	0	0	0	0	1	0	0	0	0	0	0	0	0	0	0	0	0	0	0	0	0	0	0	0	1	0	0	0	0	0	0	0	0	2	0	0	1	0	0	0	0	0	0	0	0	0	0	0	0	0	0	0	0	0	0	0	0	0	0	0	0	0	0	0	0	0	0	0	0	0	0	0	0	1	0	0	0	0	1	0	0	0	0	0	0	0	0	0	0	0	0	0	0	0	0	0	0	0	0	0	1	0	0	0	0	0	0	0	1	0	0	0	0	0	0	0	0	0	0	1	0	0	0	0	0	0	0	0	0	0	0	0	0
A[Ins(C):R1]T	0	0	0	0	0	0	0	0	0	0	0	0	1	1	0	0	0	0	0	1	0	0	0	0	0	0	1	0	0	2	0	4	0	1	0	0	1	0	0	0	2	1	0	0	1	0	0	0	1	7	0	0	0	0	0	3	1	0	0	0	0	0	0	2	0	0	0	0	0	0	7	0	0	0	0	1	4	0	0	0	0	0	0	1	0	0	0	1	0	0	0	1	1	0	0	0	0	0	4	1	0	0	2	0	0	0	0	5	0	1	0	0	2	0	1	0	8	0	0	1	2	0	1	1	2	0	0	2	0	0	1	0	0	1	0	2	3	0	0	0	0	1	1	2	0	2	0	0	0	0	0	1	1	0	0	0	0	1	2	1	0	0	0	0	0	0	0	1	1	0	1	0	0	0	0	0	0	0	1	0	0	0	2	0	1	0	0	1	0	1	2	1	1	0	0	0	2	0	0	0	0	3	0	0	0	0	0	0	0	0	0	0	1	0	0	1	0	0	1	3	0	0	1	0	0	0	0	0	0	0	0	0	0	0	0	0	1	2	3	1	2	0	1	0	0	0	1	0	1	0	2	1	0	0	0	0	3	0	0	0	0	1	0	0	0	0	1	0	0	0	1	0	0	1	1	0	0	1	0	0	0	0	1	0	7	0	0	0	0	0	0	0	0	2	0	0	0	1	0	1	0	0	1	2	0	1	0	1	0	0	1	0	0	0	0	1	0	6	0	0	1	1	0	3	0	2	0	0	0	0	0	0	0	0	1	0	1	0	0	0	1	1	0	0	0	0	0	0	0	0	0	0	0
A[Ins(C):R2]A	0	0	0	0	0	0	0	0	0	0	0	0	0	0	0	0	0	0	0	0	0	2	1	0	1	0	0	0	0	0	0	0	0	2	0	0	0	0	1	0	0	0	0	0	0	0	0	0	1	1	0	0	0	0	0	0	0	0	0	0	1	0	0	0	0	0	0	0	0	0	6	0	0	0	0	0	0	0	0	0	0	0	0	0	0	0	0	0	1	0	0	0	0	2	0	0	0	1	0	1	0	1	3	0	0	0	1	0	0	0	0	0	0	1	0	0	0	0	0	3	0	0	0	0	3	0	0	1	0	0	0	0	0	0	0	0	0	0	0	1	0	0	1	0	0	0	0	1	0	1	0	1	0	1	2	0	0	1	0	0	0	1	1	0	1	0	0	1	0	0	1	0	0	0	1	1	0	0	1	0	0	1	0	1	0	1	0	0	0	1	0	0	0	5	0	0	1	0	1	1	1	0	0	0	0	1	0	0	1	0	1	1	0	0	0	0	0	0	1	4	0	0	0	1	1	0	0	0	0	0	0	0	1	0	0	0	2	0	0	0	1	0	0	1	0	0	1	0	0	0	1	0	0	0	0	1	0	0	1	0	1	0	1	0	0	0	0	0	0	0	0	0	0	0	0	0	0	0	0	0	0	0	0	1	1	1	0	0	0	1	1	0	0	4	0	0	0	0	4	0	0	0	0	2	0	0	0	0	0	0	0	0	1	0	0	1	0	1	1	0	0	0	0	11	1	0	0	1	1	1	0	1	0	0	0	0	0	0	0	0	0	2	0	0	0	0	0	0	0	0	0	0	1
A[Ins(C):R2]G	0	0	0	0	0	0	0	0	0	0	0	0	0	0	0	0	0	0	0	0	0	0	0	0	0	0	0	0	0	1	0	0	0	0	0	0	0	0	0	0	0	1	0	0	0	0	0	0	0	0	0	0	0	0	0	0	0	0	0	0	0	0	0	0	0	0	0	0	0	0	1	0	0	0	0	0	0	0	0	0	0	0	0	0	0	0	0	0	1	0	0	0	0	0	0	0	0	0	1	0	0	0	1	0	0	0	0	0	0	0	0	0	0	0	0	0	1	0	0	2	0	0	0	0	0	0	3	0	1	0	0	0	0	0	0	0	0	0	0	0	0	0	0	1	0	0	0	0	1	0	0	0	0	0	0	0	0	0	0	0	0	0	0	0	0	0	0	0	0	0	0	0	0	0	0	0	0	0	0	0	0	0	0	0	0	0	0	0	0	0	0	0	0	1	0	0	0	0	0	0	0	0	0	0	0	0	0	0	0	0	0	0	0	0	1	0	0	0	1	0	0	0	0	0	0	0	0	1	0	0	0	0	0	0	0	0	1	0	0	0	0	0	0	0	0	0	0	0	0	0	0	0	0	0	0	0	0	0	0	0	0	0	0	0	0	0	0	0	0	0	0	0	0	0	0	0	0	0	0	0	0	0	0	0	0	0	1	0	0	0	0	0	0	0	0	0	0	0	2	0	0	0	0	0	0	1	0	0	0	0	0	0	0	0	0	1	0	0	0	0	0	0	0	7	0	0	0	0	0	0	0	0	0	0	0	0	0	0	0	0	0	1	1	0	0	0	0	0	1	0	0	0	0
A[Ins(C):R2]T	0	0	0	0	0	0	0	1	0	0	1	0	0	0	0	0	0	0	0	0	0	0	0	0	0	0	0	0	0	3	0	1	1	0	0	1	0	0	0	0	2	0	0	0	0	2	0	0	2	1	1	0	0	0	0	1	0	0	0	0	0	0	0	0	0	1	0	0	1	0	3	0	0	0	0	1	0	0	0	0	0	0	0	0	0	0	1	0	0	1	0	0	1	1	0	1	0	1	2	0	0	0	2	1	1	0	0	1	0	0	1	1	1	0	0	0	0	0	0	4	1	0	0	1	0	0	2	2	0	0	0	0	0	0	1	0	0	0	0	0	0	0	0	0	0	2	0	0	0	0	0	0	0	0	1	0	0	0	1	0	0	0	0	0	0	0	1	0	0	0	0	0	0	0	2	0	0	0	0	0	0	0	0	0	0	0	0	0	0	0	3	0	0	5	1	0	2	0	0	0	0	0	0	0	1	1	0	0	0	1	0	0	0	1	0	0	0	1	1	3	0	0	0	0	0	0	0	0	0	0	0	0	1	0	0	0	0	1	0	0	2	0	0	0	1	0	0	1	1	0	2	0	0	0	1	0	1	0	0	0	1	0	1	0	0	0	0	0	0	2	0	0	1	0	0	0	0	0	0	0	0	0	0	0	1	0	0	0	0	1	0	0	0	2	0	1	0	0	2	0	0	0	0	1	0	0	0	0	0	0	1	0	1	0	0	0	0	1	1	0	0	0	0	5	0	0	0	0	1	1	0	0	0	0	0	0	0	0	0	0	0	2	1	0	0	0	0	0	0	0	0	0	0
A[Ins(C):R3]A	0	0	0	0	0	0	0	0	0	0	1	0	0	0	0	0	0	0	0	0	0	0	0	0	0	0	0	0	1	0	0	1	0	0	0	0	0	0	0	1	5	2	0	1	0	0	1	0	2	1	0	0	0	0	0	0	1	0	0	0	0	0	0	1	0	0	0	0	1	2	8	0	1	0	0	0	5	2	0	1	0	0	0	1	0	0	0	1	0	1	0	0	0	0	0	0	0	0	6	0	0	0	3	0	0	0	0	0	1	0	1	1	0	0	0	1	2	0	0	1	0	1	2	1	2	0	2	2	0	0	0	0	0	0	0	0	3	1	0	1	1	0	0	1	0	2	1	0	1	0	0	1	1	0	0	1	1	0	1	0	0	0	1	0	0	0	1	0	1	1	0	0	0	0	0	0	0	0	0	0	0	0	0	0	0	0	0	0	0	1	2	0	0	6	0	0	2	0	0	1	1	1	0	0	0	0	0	1	0	1	0	2	0	0	0	0	0	0	3	5	1	2	0	0	2	1	0	0	1	0	0	0	0	0	0	0	2	3	0	0	1	0	0	1	1	0	1	0	0	0	3	1	2	1	0	0	0	0	0	0	0	2	0	0	0	0	0	1	1	0	0	0	0	0	1	0	1	0	0	0	0	0	1	0	0	1	0	1	0	1	0	0	0	5	0	1	0	0	5	0	0	0	0	0	0	0	1	1	0	1	1	2	0	0	0	0	0	0	0	0	0	0	0	37	1	0	1	2	1	0	0	0	0	0	2	0	0	0	0	0	1	0	0	0	1	0	1	0	1	0	1	0	0
A[Ins(C):R3]G	0	0	0	0	0	0	0	0	0	0	0	0	0	0	0	0	0	0	0	0	0	0	0	0	0	0	0	0	1	2	0	0	0	0	0	0	0	1	0	0	2	0	0	0	0	0	0	0	0	0	0	0	0	0	0	0	0	0	0	0	0	0	0	0	0	0	0	0	1	0	6	0	0	0	0	0	0	0	0	0	1	0	2	0	1	0	1	0	0	0	0	0	0	0	0	0	0	0	4	0	0	0	0	0	0	0	0	0	0	0	1	0	0	0	0	0	2	0	0	4	0	1	0	0	1	0	0	1	0	0	0	0	0	1	0	0	0	0	0	0	0	0	0	4	1	0	0	0	0	0	0	1	1	1	0	0	0	0	0	1	0	0	0	0	0	0	1	0	0	1	0	1	0	0	0	0	0	1	0	0	0	0	0	0	0	0	0	0	0	1	0	0	0	5	0	0	1	0	0	0	0	0	0	0	0	0	0	0	0	2	0	0	0	0	0	0	0	0	0	1	0	0	0	0	0	0	0	0	0	0	0	0	0	0	0	0	0	1	0	0	0	0	0	0	0	0	0	0	0	0	1	0	0	2	0	0	0	0	0	0	0	0	0	0	0	0	0	0	0	0	0	0	0	0	0	0	1	0	0	0	0	0	0	0	0	0	0	0	0	0	0	0	0	1	0	0	0	0	3	1	0	0	0	1	0	0	0	0	1	1	0	1	0	0	0	0	0	0	0	0	0	0	0	4	0	0	1	1	0	0	0	0	0	0	1	0	0	0	0	0	0	0	0	0	0	0	0	0	0	0	0	0	0
A[Ins(C):R3]T	0	0	0	0	0	0	0	0	0	0	0	0	0	0	0	0	0	0	0	0	0	0	0	0	0	0	0	0	0	0	0	0	0	0	0	0	1	1	0	0	1	0	0	0	0	0	0	1	1	4	0	0	0	0	0	0	0	1	1	0	0	0	0	0	0	0	0	0	0	0	4	0	0	0	1	0	0	0	1	0	0	0	0	0	0	0	0	0	0	0	0	0	0	0	1	0	1	0	4	1	0	0	1	0	0	0	0	1	0	0	0	0	0	0	1	0	1	0	0	1	0	0	1	0	1	0	1	2	0	0	0	0	0	0	1	0	2	1	0	1	0	0	0	0	0	0	0	0	1	0	0	2	1	0	0	1	0	1	1	0	0	0	1	0	0	0	0	0	0	0	1	0	0	0	0	1	0	0	0	0	0	0	0	0	0	0	0	0	0	1	0	0	0	3	1	0	2	0	1	0	0	0	0	0	0	0	0	1	0	0	0	0	1	0	0	0	0	0	1	0	0	0	0	0	0	0	0	0	0	0	0	0	1	0	0	0	0	3	0	0	0	0	0	2	0	1	1	0	0	0	3	2	0	0	0	0	0	0	1	0	0	1	0	0	0	0	0	0	1	0	0	0	0	0	0	0	0	0	0	0	0	0	0	0	1	0	0	0	0	0	0	0	0	0	0	0	0	0	5	0	0	0	0	0	0	0	1	2	0	0	1	0	0	0	0	1	0	0	0	0	0	0	0	11	1	1	0	0	1	0	0	0	0	0	0	0	0	0	1	0	0	1	1	4	1	0	0	0	1	0	0	0	1
A[Ins(C):R4]A	0	0	0	0	0	0	0	0	1	0	0	0	0	0	0	0	0	0	0	1	0	1	0	0	0	0	0	1	1	1	0	1	0	0	1	0	1	4	0	1	35	0	1	0	0	1	0	1	0	10	0	0	0	0	0	0	1	0	0	0	0	0	0	2	0	0	0	0	0	5	9	0	0	0	0	0	0	0	0	0	0	0	2	0	0	1	0	0	0	0	0	0	0	2	1	1	1	1	8	0	0	1	4	0	0	0	0	1	0	0	0	0	1	0	1	1	4	0	0	4	3	1	1	0	1	0	1	3	0	0	0	0	0	0	0	0	2	1	0	1	0	0	0	2	0	2	1	0	0	0	0	1	2	0	0	0	0	0	1	0	0	0	0	0	0	0	1	0	0	2	1	1	0	0	0	0	0	1	0	1	0	0	1	0	0	0	0	1	0	2	0	0	0	12	1	0	3	0	0	1	1	1	0	0	0	0	0	0	1	4	0	0	0	1	0	1	1	0	5	8	1	1	0	0	0	0	0	0	1	0	0	0	0	0	0	1	1	6	0	1	1	0	0	0	0	0	0	0	0	0	12	0	1	2	0	0	2	0	0	0	0	0	0	0	0	0	0	0	0	2	0	0	0	0	1	0	1	0	0	0	0	0	1	0	1	0	0	0	0	1	0	0	0	8	0	1	0	1	8	0	0	0	1	0	0	0	0	0	0	0	0	3	0	0	0	1	0	0	1	0	0	0	0	6	0	1	0	3	3	1	0	0	0	0	0	0	0	0	0	0	1	11	0	0	1	0	0	0	2	0	0	1	1
A[Ins(C):R4]G	0	0	0	0	0	0	0	0	0	0	1	0	0	0	0	0	0	0	0	0	0	0	0	0	0	0	0	0	0	0	0	0	0	0	0	0	0	0	0	0	10	0	0	0	0	0	0	0	0	1	0	0	0	0	0	0	0	0	0	0	0	0	0	1	0	0	0	0	0	0	1	0	0	0	0	0	0	1	0	0	0	0	0	0	0	0	0	0	0	0	0	0	0	0	0	0	0	0	2	0	0	0	0	0	0	0	0	1	0	0	0	0	1	0	0	0	0	0	0	1	1	1	0	0	0	0	0	1	0	0	0	0	0	0	0	0	1	0	0	0	0	0	0	0	0	0	0	0	0	0	0	0	0	0	0	0	0	0	0	0	0	0	0	0	0	0	0	0	0	0	1	0	0	0	0	0	0	0	0	0	0	0	0	0	0	0	0	0	0	2	0	0	0	1	0	0	0	0	0	0	0	0	0	0	0	0	0	0	0	0	1	0	0	0	0	0	0	0	0	0	0	0	0	0	0	0	0	0	0	0	0	0	0	0	0	0	1	1	0	0	0	0	0	0	0	0	0	0	0	0	2	0	0	0	0	0	0	0	0	0	0	0	0	0	0	0	0	0	0	0	1	0	0	0	0	0	0	0	0	0	0	0	0	0	0	0	0	0	0	0	0	0	0	0	0	0	0	0	3	0	0	1	0	0	0	0	0	0	0	0	0	1	0	0	0	0	0	0	0	0	0	0	0	2	0	0	0	0	0	3	0	0	0	0	0	0	0	0	0	0	1	2	0	0	0	0	0	0	0	0	0	0	0
A[Ins(C):R4]T	0	0	0	0	0	0	1	0	0	0	0	0	0	0	0	0	0	0	0	0	0	0	0	0	0	0	0	0	0	2	0	0	0	0	0	0	0	0	0	0	18	0	0	0	1	0	0	2	0	4	0	1	0	0	0	0	0	0	0	0	0	0	0	0	0	0	1	0	0	1	2	0	0	0	0	0	1	0	0	0	0	0	0	0	0	1	0	0	0	0	0	1	0	0	1	0	0	0	5	0	0	0	2	0	0	0	0	1	0	0	0	0	0	0	0	0	4	0	0	1	0	0	0	0	1	0	0	0	0	0	0	0	0	0	0	0	0	0	0	0	0	0	0	1	0	1	0	0	0	0	0	0	0	0	0	0	0	0	0	0	0	0	1	0	0	0	0	0	0	1	0	1	0	0	0	1	0	0	0	2	0	1	1	0	0	0	1	0	0	0	1	0	0	5	0	0	2	0	0	0	0	0	0	0	0	0	0	0	0	0	0	0	0	0	0	0	0	0	2	2	0	0	0	0	0	0	0	0	0	0	0	0	0	0	0	0	0	3	0	0	0	0	0	0	0	0	2	0	0	0	7	0	0	0	0	0	0	0	0	0	0	0	0	0	0	1	0	0	0	1	0	0	0	0	0	0	0	0	0	0	0	0	1	0	0	0	0	0	0	0	0	0	0	1	0	1	0	0	3	0	0	0	0	0	0	0	0	0	0	0	0	1	0	0	0	0	0	0	0	0	0	0	1	4	0	0	0	0	1	0	0	0	0	0	0	0	0	0	0	0	0	4	0	0	3	0	0	0	0	0	0	0	0
A[Ins(C):R5]A	0	0	0	0	0	0	0	0	0	1	0	0	0	0	1	0	0	0	0	0	1	0	0	0	0	0	0	1	0	4	0	0	0	0	0	0	0	2	1	1	28	0	1	0	1	1	1	0	0	5	0	0	0	0	0	0	0	0	0	0	0	0	0	1	0	0	0	0	0	0	4	0	0	0	1	0	0	0	0	0	0	0	0	0	0	0	0	0	0	1	1	0	0	0	0	0	1	0	1	0	0	1	2	0	0	0	1	1	0	1	0	1	0	1	0	0	5	0	0	4	0	0	0	1	1	0	1	2	0	0	0	1	0	0	0	0	2	0	0	1	0	0	1	3	0	0	0	0	1	0	0	0	0	0	0	2	0	0	0	1	0	0	0	0	0	0	1	0	0	0	0	0	0	1	0	0	0	0	0	0	2	1	0	0	0	0	0	0	0	1	0	0	0	6	0	0	0	0	0	0	1	0	0	0	1	0	0	0	1	1	0	0	0	0	0	0	0	1	2	2	1	1	1	0	0	0	0	2	0	0	0	0	0	0	0	0	2	3	0	0	0	0	0	1	1	0	0	0	0	0	8	0	0	0	0	0	0	0	0	1	0	1	1	0	0	0	0	0	0	1	0	0	0	0	0	0	0	0	0	0	0	0	0	0	0	0	0	0	0	0	0	0	0	2	1	1	0	0	3	0	0	0	0	2	0	0	1	0	0	0	0	3	0	0	0	0	0	0	0	1	0	0	1	1	0	1	0	0	1	0	0	0	0	0	0	0	0	0	1	0	0	7	0	0	2	0	0	0	0	0	0	0	0
A[Ins(C):R5]G	0	0	0	0	0	0	0	0	0	0	0	0	0	0	0	0	0	0	0	0	1	0	0	0	0	0	0	1	0	0	0	0	0	0	0	0	0	0	0	1	5	0	0	0	0	0	0	0	0	3	0	0	0	0	0	0	0	0	0	0	1	0	0	0	0	0	0	0	0	0	1	0	0	0	0	0	1	0	0	0	0	0	0	0	0	0	0	0	0	0	0	0	0	0	0	0	0	0	0	0	0	0	0	0	0	0	0	0	1	0	0	0	0	0	0	0	0	0	0	0	1	0	0	0	0	0	0	1	0	0	0	0	0	0	1	0	0	0	0	0	0	0	0	0	0	0	0	0	0	0	0	0	0	0	1	0	0	0	0	0	0	0	0	0	0	0	0	0	0	0	0	0	0	0	0	0	0	0	0	0	0	0	0	0	0	0	0	0	0	0	0	0	0	1	0	0	2	0	0	0	0	0	0	0	0	0	0	0	0	0	0	0	0	0	0	0	0	0	1	0	0	0	0	0	0	0	0	0	0	0	0	0	0	0	0	0	0	0	0	0	0	0	0	0	0	0	0	0	0	0	3	0	0	0	0	0	0	0	0	0	0	1	0	0	0	0	0	0	0	0	0	0	0	0	1	0	0	0	0	0	0	0	0	0	0	0	0	0	0	0	0	0	0	0	0	0	0	0	0	0	0	0	0	0	0	0	0	0	0	0	0	0	0	0	0	0	0	0	1	0	0	0	0	0	0	1	0	0	0	0	0	0	0	0	1	0	0	0	0	0	0	0	0	0	0	0	0	0	0	0	0	0	0
A[Ins(C):R5]T	0	0	0	0	0	0	0	0	0	0	0	0	0	0	0	0	0	0	0	0	0	0	0	0	0	0	1	0	0	0	0	0	0	0	0	0	0	1	0	0	9	0	1	0	0	0	0	0	0	4	0	0	0	0	0	1	0	0	0	0	0	0	0	1	0	0	0	0	0	0	2	0	0	0	0	0	0	0	0	0	0	0	0	0	0	0	0	0	0	0	0	0	0	1	0	1	0	0	3	0	0	0	1	0	0	0	0	0	0	0	0	1	0	0	0	0	1	0	0	0	0	0	1	0	2	0	0	0	0	0	0	0	0	0	0	0	0	0	0	0	0	1	0	1	0	0	0	0	0	0	0	0	0	0	0	1	0	0	0	0	0	0	0	0	0	0	0	0	0	0	0	0	0	0	0	2	0	0	0	0	0	0	0	0	0	0	0	0	0	1	0	0	0	2	0	0	0	0	0	0	0	1	0	0	1	0	0	0	0	0	0	0	0	0	0	0	0	0	0	1	0	0	0	0	0	0	0	1	0	0	0	0	1	0	0	0	0	1	1	0	0	0	0	0	1	0	0	0	0	0	4	0	0	1	0	0	0	0	0	0	0	0	0	0	0	0	0	0	0	0	0	0	0	0	0	0	0	0	0	0	0	0	0	0	1	0	0	0	0	0	0	0	0	1	0	0	0	0	5	0	0	0	1	1	0	0	0	0	0	0	2	0	0	0	0	0	0	1	0	0	0	0	0	3	0	0	0	0	0	0	0	0	0	0	0	0	0	0	0	0	1	4	0	0	0	0	0	0	0	0	0	0	0
A[Ins(C):R6]A	0	0	0	0	1	1	0	0	1	0	0	0	0	0	0	0	0	0	1	0	0	0	0	0	0	0	0	0	0	0	0	0	0	0	0	2	2	4	0	0	15	2	0	0	1	1	1	0	0	19	0	0	0	0	0	0	0	0	1	0	0	1	0	2	0	0	0	0	0	0	1	0	0	0	1	0	1	0	0	0	0	0	0	1	2	0	0	0	0	0	0	0	0	1	0	0	1	0	2	1	0	0	0	0	0	0	0	0	0	0	3	0	0	0	0	1	3	0	0	3	0	1	1	2	2	0	2	0	1	1	0	0	0	0	0	0	2	1	0	0	1	0	0	0	0	1	0	0	0	0	0	0	1	0	0	1	1	0	0	0	0	2	1	0	0	0	2	0	0	2	0	0	0	1	0	1	0	0	0	0	0	0	1	0	1	0	0	0	0	1	1	0	0	2	0	0	1	0	0	0	1	0	2	1	0	0	0	0	1	2	0	0	0	0	0	1	0	0	1	4	0	1	0	0	0	0	1	0	0	0	1	0	0	0	0	0	0	3	0	1	1	0	0	1	0	1	0	0	0	1	11	0	0	1	0	0	0	0	0	0	1	0	0	1	0	0	0	0	0	1	0	2	0	0	0	1	2	0	0	0	0	0	0	0	0	0	0	1	1	0	0	0	2	4	0	1	0	0	1	0	1	0	0	2	0	0	0	0	0	2	2	1	0	0	0	1	2	0	0	0	0	0	0	0	1	0	0	2	1	0	0	0	0	0	0	0	0	0	0	0	0	9	1	0	0	2	0	0	0	0	0	0	1
A[Ins(C):R6]G	1	0	0	1	0	0	0	0	0	1	1	0	0	0	0	0	0	0	0	0	0	0	0	0	0	0	0	0	0	0	0	0	0	0	0	0	0	2	0	0	8	0	0	0	0	0	0	0	0	2	0	0	0	0	0	0	0	0	0	0	0	0	0	0	0	0	0	0	0	0	0	0	0	0	0	0	0	0	0	0	0	0	0	0	0	0	0	0	0	0	0	0	0	0	0	0	0	0	1	0	0	0	1	0	0	0	0	0	0	0	0	0	0	0	0	0	1	0	0	0	0	0	0	0	1	0	0	0	0	1	0	0	0	0	0	0	1	0	0	0	0	0	0	2	0	0	0	0	1	0	0	0	0	0	0	0	0	1	0	1	0	0	0	0	0	0	0	0	0	0	0	0	0	0	0	1	1	0	0	0	0	0	0	0	0	0	0	0	1	0	0	0	0	0	0	0	0	0	0	0	0	0	0	0	0	0	0	0	0	0	0	0	0	1	0	0	0	0	0	0	0	0	0	0	0	0	0	0	0	0	0	0	0	0	0	0	1	1	1	0	0	0	0	0	0	0	0	0	0	0	5	0	0	0	0	0	0	0	0	0	0	0	0	0	0	0	0	0	0	0	0	0	0	0	0	0	0	0	0	0	0	0	0	0	0	0	0	0	0	0	0	0	0	0	0	1	0	0	1	0	0	0	0	0	0	0	0	0	0	0	0	0	0	0	0	0	0	0	0	0	0	0	0	0	0	0	0	0	0	0	0	0	0	0	0	0	0	0	0	0	1	3	2	0	0	0	0	0	0	0	0	0	0
A[Ins(C):R6]T	0	0	0	0	0	0	0	0	0	0	0	0	0	0	0	0	0	0	0	0	0	0	0	0	0	0	0	0	0	0	0	0	0	0	0	0	0	3	0	0	9	0	0	0	0	0	0	1	0	5	0	0	0	0	0	0	0	1	1	0	0	0	0	1	0	0	0	0	0	0	0	0	0	0	0	0	1	0	0	0	0	0	0	0	0	0	0	0	0	0	0	0	0	1	0	0	0	0	1	0	0	0	0	1	0	0	0	1	0	0	1	0	0	0	0	0	0	0	0	2	0	0	1	0	0	0	0	1	0	0	0	0	0	0	0	0	0	0	1	0	0	0	0	0	0	1	0	0	0	0	0	0	1	0	0	0	0	0	0	0	0	1	1	0	0	0	0	0	0	1	1	1	0	0	0	1	1	0	0	0	0	0	0	0	0	0	0	0	0	0	1	0	0	2	0	0	0	0	0	0	0	0	0	0	0	0	0	0	0	1	0	0	0	0	0	0	0	0	0	0	1	0	0	0	0	0	0	0	0	0	0	0	0	1	0	0	0	2	0	0	0	0	0	0	0	0	0	0	0	0	8	0	1	0	0	0	0	0	0	0	0	0	0	0	0	0	0	0	0	0	0	0	0	0	0	0	0	0	0	0	0	0	0	0	0	0	0	0	0	0	0	0	0	0	0	0	0	0	1	0	0	0	0	0	0	0	0	0	0	0	0	0	0	0	0	0	0	1	0	0	0	0	0	1	0	0	0	0	0	0	0	0	0	0	1	0	0	0	0	0	0	4	0	0	0	0	1	0	1	0	0	0	0
A[Ins(C):R7]A	3	0	0	2	0	0	1	1	0	0	0	2	0	0	0	1	0	0	0	0	2	0	0	0	0	0	0	0	3	1	1	2	1	0	1	1	3	6	0	0	70	3	0	0	1	0	1	3	3	41	0	0	0	1	0	1	0	1	0	0	0	1	0	2	0	0	0	1	0	1	1	0	1	0	2	0	3	1	0	1	0	0	3	2	0	0	0	0	0	1	0	0	0	2	1	1	0	0	4	3	0	1	2	0	0	0	0	3	0	0	2	1	0	0	1	0	1	0	0	4	1	0	1	0	3	0	2	1	0	0	0	0	1	0	1	0	0	4	0	1	0	1	0	2	1	3	1	0	2	0	4	0	0	0	0	1	1	1	2	0	1	1	2	0	0	1	0	0	1	1	2	3	0	1	0	5	1	0	0	0	1	0	1	2	2	0	1	0	0	1	3	0	0	0	0	0	1	0	1	0	5	2	1	0	1	1	0	0	1	1	1	0	2	0	0	2	0	2	5	1	0	0	1	2	0	2	0	2	1	1	0	0	1	0	0	0	0	1	3	0	0	0	1	3	0	0	1	1	1	0	44	1	1	1	0	0	1	0	0	0	0	1	1	1	1	0	0	0	0	2	1	0	0	0	0	1	1	0	0	0	0	0	3	0	0	0	1	1	0	0	1	0	0	0	0	1	0	0	3	0	0	0	4	1	0	2	1	2	0	2	5	1	0	0	1	3	1	7	0	0	1	0	0	0	0	0	0	4	0	1	0	1	0	0	2	0	0	1	4	0	1	44	1	2	1	3	0	0	2	0	0	2	1
A[Ins(C):R7]G	0	1	0	0	1	0	0	0	0	0	0	0	0	0	0	0	0	0	0	0	1	0	0	0	0	0	0	0	0	0	0	0	0	0	1	0	1	2	0	0	11	0	0	1	0	0	0	1	0	9	0	0	0	0	0	0	0	0	3	0	0	0	0	0	0	0	0	0	0	0	0	0	0	1	1	0	3	0	0	0	0	0	0	0	2	0	0	0	0	0	0	0	0	0	0	1	0	0	0	0	0	0	0	0	0	0	0	0	1	1	0	0	1	0	0	0	0	0	0	1	0	0	3	1	1	0	0	2	0	0	0	0	1	0	0	0	0	0	0	0	0	0	0	0	0	0	0	1	0	0	0	0	0	0	0	0	2	0	1	0	0	1	0	0	1	0	0	0	1	1	0	1	0	0	0	0	0	0	0	0	1	0	0	1	0	0	0	0	0	0	0	0	0	0	0	0	0	0	0	0	0	0	0	0	0	2	0	0	0	0	0	0	0	0	0	1	0	0	0	0	0	0	0	0	0	0	0	0	0	1	0	0	1	0	0	0	0	0	0	0	0	0	1	0	0	0	0	0	0	0	6	1	0	1	0	0	1	0	0	0	0	0	0	0	0	0	0	0	0	2	1	0	0	0	0	1	0	0	0	0	0	0	1	0	1	0	0	0	0	0	0	0	0	0	0	0	0	0	3	0	0	0	0	1	0	0	0	0	0	0	0	0	0	0	0	0	0	0	1	0	0	0	0	0	0	0	0	1	0	0	0	0	0	0	2	0	0	0	0	0	1	10	0	0	1	0	0	0	0	0	0	0	0
A[Ins(C):R7]T	1	0	0	0	0	0	0	0	0	0	0	0	0	0	0	0	0	1	0	0	0	0	0	0	0	0	0	0	0	0	0	0	1	0	0	0	1	5	0	0	22	1	0	0	0	1	0	0	0	10	0	0	0	0	0	1	0	0	0	0	0	0	0	2	0	0	0	0	0	0	0	0	1	0	1	0	3	0	0	0	0	0	0	0	1	0	0	0	0	0	0	0	0	0	0	0	0	0	0	1	0	0	0	0	0	0	0	0	0	0	0	1	0	0	0	0	0	0	0	1	0	0	0	0	0	0	0	1	0	0	0	0	0	0	0	0	0	1	0	0	0	0	0	1	0	1	0	0	0	0	0	0	0	0	0	0	0	1	0	0	0	1	1	0	0	0	0	0	0	0	1	0	0	0	0	1	1	0	0	0	0	0	1	0	0	0	0	0	0	0	1	0	0	0	0	0	3	0	0	0	0	1	0	0	1	0	0	0	1	0	0	0	0	0	0	0	0	0	0	0	0	0	0	1	0	0	0	0	0	2	0	0	1	1	0	0	0	1	1	0	0	0	0	0	0	0	0	0	0	0	10	0	0	0	0	0	2	0	0	0	0	1	0	0	0	0	0	0	0	0	0	0	0	0	0	0	2	0	0	0	0	0	0	0	1	0	0	0	0	0	0	0	0	0	0	0	0	0	2	0	0	0	0	0	0	2	0	0	0	1	1	0	0	0	0	0	0	1	1	0	0	0	0	0	0	0	0	1	1	0	0	0	0	0	0	0	0	2	0	0	1	7	1	1	1	1	0	0	0	0	0	0	0
A[Ins(C):R8]A	1	0	0	0	0	0	0	0	1	0	0	1	0	1	1	0	0	0	0	0	3	0	0	0	0	0	0	0	2	1	0	2	0	0	0	0	1	1	0	0	38	0	1	1	0	0	0	0	2	27	0	0	0	0	0	3	0	1	0	0	0	1	0	0	0	0	0	0	1	2	0	0	0	0	1	1	2	0	0	0	0	0	1	2	0	0	1	0	0	0	0	0	0	3	0	0	1	0	0	1	0	0	2	0	0	0	0	3	1	0	1	0	0	0	0	0	1	0	0	1	0	0	0	1	1	0	1	2	0	1	0	0	0	0	0	0	1	3	0	0	1	0	0	0	0	4	0	1	0	0	1	1	2	1	0	1	0	0	0	0	0	3	0	0	0	0	0	0	2	4	3	0	1	0	1	5	0	0	1	0	0	0	1	2	0	1	0	0	0	0	4	0	0	1	0	0	0	0	1	0	3	3	0	0	0	0	0	0	0	0	0	1	1	1	1	1	0	0	1	1	1	0	1	0	1	1	2	0	0	0	0	0	1	1	0	0	0	0	3	1	1	1	0	1	0	0	1	0	0	0	18	0	6	1	0	0	1	0	0	1	1	0	1	0	1	0	0	0	0	0	0	0	0	0	0	3	0	0	0	1	0	0	0	0	1	0	0	0	0	0	0	0	0	1	0	1	0	2	6	0	0	0	0	3	0	1	1	0	0	1	4	1	1	0	0	1	0	2	2	0	0	0	1	0	0	0	0	2	2	1	0	0	0	1	1	0	0	3	2	1	0	20	0	0	0	0	1	0	0	0	0	0	1
A[Ins(C):R8]G	0	0	0	0	1	0	0	0	0	0	0	0	0	0	0	0	0	0	0	0	0	0	0	0	0	0	0	0	0	0	1	0	0	0	0	0	0	0	0	0	2	0	0	0	0	0	0	0	0	6	0	0	0	0	0	0	0	0	0	0	0	1	0	0	0	0	0	0	0	0	0	0	0	0	1	0	0	0	0	0	0	0	1	0	0	0	0	0	0	0	0	0	0	0	0	0	0	0	0	0	0	0	0	0	0	0	0	0	0	0	0	0	0	0	0	0	0	0	0	0	0	0	0	0	0	0	1	0	0	0	0	0	0	0	0	0	0	0	0	0	0	0	0	0	0	0	0	0	0	0	0	1	0	0	0	0	0	0	0	0	0	0	0	0	0	0	0	0	0	0	0	0	0	0	0	0	0	0	0	0	0	0	0	0	0	0	0	0	0	0	0	0	0	0	0	0	0	0	0	0	0	0	0	0	0	0	0	0	0	1	0	0	0	0	0	0	0	0	0	0	0	0	0	0	0	0	0	0	0	0	0	0	0	0	0	0	0	0	0	0	0	0	0	0	0	0	0	0	0	0	0	0	0	1	0	0	0	0	0	0	0	0	0	0	0	0	0	0	0	0	0	0	0	0	0	0	0	0	0	0	0	0	0	0	0	0	0	1	0	0	0	1	0	0	0	0	0	0	0	0	0	0	0	0	0	0	0	0	0	0	1	0	0	0	0	0	0	0	1	0	0	0	0	0	0	0	0	0	0	0	1	0	0	0	1	0	0	0	0	0	0	4	0	1	0	0	0	0	0	0	0	0	0
A[Ins(C):R8]T	0	0	0	1	1	0	0	0	0	0	0	0	0	0	0	0	0	0	0	0	0	0	0	0	0	0	0	0	0	0	1	1	0	0	0	0	0	2	0	0	8	0	0	0	0	0	0	0	0	6	1	0	0	0	0	0	0	0	0	0	0	1	0	2	0	0	0	0	0	1	0	0	0	0	0	0	0	0	0	0	0	0	2	0	0	0	0	0	1	0	0	1	0	0	0	1	0	0	0	0	0	0	0	0	0	0	0	0	0	0	0	0	0	0	0	0	0	0	0	0	1	0	0	0	0	0	0	0	0	0	0	0	1	0	0	0	0	1	0	0	0	0	0	0	0	2	0	1	0	0	0	0	0	0	0	0	0	0	0	0	0	0	1	0	0	1	0	0	0	2	1	2	0	0	0	0	0	0	0	0	0	0	1	0	0	0	0	0	0	0	2	0	0	0	0	0	0	0	0	0	0	0	0	0	0	1	0	0	0	0	0	0	0	0	0	0	0	0	0	0	0	0	0	0	0	0	0	1	0	0	0	0	0	0	0	0	0	1	0	0	1	0	0	0	0	0	0	0	0	0	6	0	0	0	0	0	0	0	0	0	0	0	0	0	0	0	0	0	0	0	0	0	0	0	0	0	2	0	0	0	0	0	0	0	0	2	0	0	0	0	0	0	0	0	0	0	0	0	2	0	0	0	0	0	0	0	0	0	0	0	0	0	0	0	0	0	0	0	1	0	0	0	0	0	0	0	3	1	0	1	0	0	0	0	0	0	0	0	1	0	0	1	1	1	0	1	0	0	0	0	0	0	0
A[Ins(C):R(9,)]A	0	0	0	0	0	0	0	0	0	0	0	0	0	0	0	0	0	0	0	0	0	0	0	0	0	0	0	0	0	0	0	0	0	0	0	0	0	0	0	0	0	0	0	0	0	0	0	0	0	0	0	0	0	0	0	0	0	0	0	0	0	0	0	0	0	0	0	0	0	0	0	0	0	0	0	0	0	0	0	0	0	0	0	0	0	0	0	0	0	0	0	0	0	0	0	0	0	0	0	0	0	0	0	0	0	0	0	0	0	0	0	0	0	0	0	0	0	0	0	0	0	0	0	0	0	0	0	0	0	0	0	0	0	0	0	0	0	0	0	0	0	0	0	0	0	0	0	0	0	0	0	0	0	0	0	0	0	0	0	0	0	0	0	0	0	0	0	0	0	0	0	0	0	0	0	0	0	0	0	0	0	0	0	0	0	0	0	0	0	0	0	0	0	0	0	0	0	0	0	0	0	0	0	0	0	0	0	0	0	0	0	0	0	0	0	0	0	0	0	0	0	0	0	0	0	0	0	0	0	0	0	0	0	0	0	0	0	0	0	0	0	0	0	0	0	0	0	0	0	0	0	0	0	0	0	0	0	0	0	0	0	0	0	0	0	0	0	0	0	0	0	0	0	0	0	0	0	0	0	0	0	0	0	0	0	0	0	0	0	0	0	0	0	0	0	0	0	0	0	0	0	0	0	0	0	0	0	0	0	0	0	0	0	0	0	0	0	0	0	0	0	0	0	0	0	0	0	0	0	0	0	0	0	0	0	0	0	0	0	0	0	0	0	0	0	0	0	0	0	0	0	0	0
A[Ins(C):R(9,)]G	0	0	0	0	0	0	0	0	0	0	0	0	0	0	0	0	0	0	0	0	0	0	0	0	0	0	0	0	0	0	0	0	0	0	0	0	0	0	0	0	0	0	0	0	0	0	0	0	0	0	0	0	0	0	0	0	0	0	0	0	0	0	0	0	0	0	0	0	0	0	0	0	0	0	0	0	0	0	0	0	0	0	0	0	0	0	0	0	0	0	0	0	0	0	0	0	0	0	0	0	0	0	0	0	0	0	0	0	0	0	0	0	0	0	0	0	0	0	0	0	0	0	0	0	0	0	0	0	0	0	0	0	0	0	0	0	0	0	0	0	0	0	0	0	0	0	0	0	0	0	0	0	0	0	0	0	0	0	0	0	0	0	0	0	0	0	0	0	0	0	0	0	0	0	0	0	0	0	0	0	0	0	0	0	0	0	0	0	0	0	0	0	0	0	0	0	0	0	0	0	0	0	0	0	0	0	0	0	0	0	0	0	0	0	0	0	0	0	0	0	0	0	0	0	0	0	0	0	0	0	0	0	0	0	0	0	0	0	0	0	0	0	0	0	0	0	0	0	0	0	0	0	0	0	0	0	0	0	0	0	0	0	0	0	0	0	0	0	0	0	0	0	0	0	0	0	0	0	0	0	0	0	0	0	0	0	0	0	0	0	0	0	0	0	0	0	0	0	0	0	0	0	0	0	0	0	0	0	0	0	0	0	0	0	0	0	0	0	0	0	0	0	0	0	0	0	0	0	0	0	0	0	0	0	0	0	0	0	0	0	0	0	0	0	0	0	0	0	0	0	0	0	0
A[Ins(C):R(9,)]T	0	0	0	0	0	0	0	0	0	0	0	0	0	0	0	0	0	0	0	0	0	0	0	0	0	0	0	0	0	0	0	0	0	0	0	0	0	0	0	0	0	0	0	0	0	0	0	0	0	0	0	0	0	0	0	0	0	0	0	0	0	0	0	0	0	0	0	0	0	0	0	0	0	0	0	0	0	0	0	0	0	0	0	0	0	0	0	0	0	0	0	0	0	0	0	0	0	0	0	0	0	0	0	0	0	0	0	0	0	0	0	0	0	0	0	0	0	0	0	0	0	0	0	0	0	0	0	0	0	0	0	0	0	0	0	0	0	0	0	0	0	0	0	0	0	0	0	0	0	0	0	0	0	0	0	0	0	0	0	0	0	0	0	0	0	0	0	0	0	0	0	0	0	0	0	0	0	0	0	0	0	0	0	0	0	0	0	0	0	0	0	0	0	0	0	0	0	0	0	0	0	0	0	0	0	0	0	0	0	0	0	0	0	0	0	0	0	0	0	0	0	0	0	0	0	0	0	0	0	0	0	0	0	0	0	0	0	0	0	0	0	0	0	0	0	0	0	0	0	0	0	0	0	0	0	0	0	0	0	0	0	0	0	0	0	0	0	0	0	0	0	0	0	0	0	0	0	0	0	0	0	0	0	0	0	0	0	0	0	0	0	0	0	0	0	0	0	0	0	0	0	0	0	0	0	0	0	0	0	0	0	0	0	0	0	0	0	0	0	0	0	0	0	0	0	0	0	0	0	0	0	0	0	0	0	0	0	0	0	0	0	0	0	0	0	0	0	0	0	0	0	0	0
G[Ins(C):R0]A	0	0	0	0	0	0	0	0	0	0	0	0	0	0	0	0	0	0	0	0	0	1	0	1	0	1	0	1	0	0	0	1	0	1	0	1	0	0	0	0	1	0	0	1	0	0	1	0	0	9	0	0	0	0	0	0	0	0	0	1	2	0	0	2	0	3	1	3	0	0	5	2	1	1	3	1	0	1	0	0	3	0	1	1	1	1	3	0	1	6	0	0	1	1	1	2	0	1	2	0	1	0	4	1	1	0	0	0	3	2	4	19	3	0	4	0	2	0	0	2	1	2	1	0	2	3	1	2	0	3	1	0	0	0	2	0	1	0	0	0	0	0	0	1	0	0	0	0	0	3	1	0	0	0	0	0	0	0	0	0	0	0	0	0	0	0	0	0	2	0	0	1	0	0	0	0	0	0	0	0	1	0	1	1	0	1	0	0	1	0	0	0	0	3	0	0	2	0	1	0	0	0	1	0	0	1	0	0	0	0	0	3	0	1	0	28	1	0	78	0	1	0	0	3	1	0	0	0	0	0	0	0	0	1	0	0	3	3	0	1	0	0	0	0	0	0	0	0	0	0	1	0	1	0	0	0	0	0	0	0	3	0	0	0	0	0	0	1	0	0	1	0	0	0	2	0	0	0	0	1	0	1	1	0	1	0	0	0	0	0	0	0	0	0	0	0	0	0	1	0	0	1	1	0	0	0	0	1	0	0	1	0	0	0	0	0	1	2	0	0	1	1	0	4	0	4	2	25	1	2	1	2	0	0	4	0	1	0	0	2	4	2	0	2	3	0	1	4	1	0	3	0	2
G[Ins(C):R0]G	0	0	0	0	0	0	0	0	0	0	0	0	0	0	0	0	0	0	0	0	0	0	0	0	0	0	0	0	0	1	0	0	0	0	0	0	0	0	0	0	1	0	0	0	0	0	0	0	0	6	0	0	1	0	0	0	0	1	1	0	0	0	1	0	0	0	0	0	0	0	7	0	0	0	0	1	0	0	0	0	0	0	1	0	0	1	0	0	1	0	0	0	0	0	0	0	0	0	2	0	0	0	1	0	0	0	0	0	0	0	1	1	0	0	0	0	3	0	1	0	0	0	1	1	3	1	0	1	0	1	0	0	1	0	0	0	2	2	0	0	0	0	0	4	2	0	0	0	0	0	0	2	0	0	0	0	0	0	0	0	0	0	0	0	0	0	0	0	0	0	0	0	1	0	0	0	1	1	0	0	0	0	0	0	1	1	0	0	0	0	1	0	0	5	1	0	1	0	0	0	0	0	0	0	0	0	0	0	1	2	0	0	0	1	0	0	0	0	1	2	0	0	0	0	0	0	0	1	0	0	1	1	0	0	0	0	1	0	1	0	0	0	1	0	0	0	0	0	0	0	2	0	1	2	0	0	1	0	1	0	0	0	0	0	0	0	0	0	0	1	0	0	1	0	0	0	0	0	0	0	0	1	0	0	0	0	0	0	0	0	0	0	0	1	0	0	0	0	5	1	0	0	0	1	0	0	0	0	0	1	1	0	0	0	0	0	0	0	0	0	0	0	0	1	0	0	0	1	0	1	0	0	1	0	0	0	0	0	1	0	0	3	0	1	0	0	0	0	0	0	0	0	0
G[Ins(C):R0]T	0	0	0	0	0	0	0	0	0	0	0	0	0	0	0	0	0	0	0	1	0	0	1	0	0	0	0	0	0	1	0	2	0	0	0	1	0	0	0	0	2	0	0	1	0	1	0	0	2	4	0	0	0	0	0	0	0	0	0	0	1	0	1	0	1	0	0	0	0	0	10	0	0	0	0	0	1	1	0	0	0	0	1	1	0	0	0	0	0	2	0	0	0	1	0	1	0	0	5	0	0	0	2	0	0	0	0	1	0	0	0	0	0	0	0	0	5	0	0	4	0	2	2	0	2	0	2	2	0	0	0	0	0	0	0	0	2	0	0	0	3	1	0	4	0	0	0	0	0	0	0	3	0	0	0	0	0	0	0	0	0	0	2	0	0	0	0	0	0	2	0	0	0	0	1	0	0	0	1	0	0	0	0	0	0	0	0	0	0	2	0	1	0	4	0	1	3	1	1	1	1	0	0	0	0	0	0	0	0	0	0	0	0	2	1	2	0	0	2	4	0	0	1	0	0	1	0	1	1	0	0	0	0	0	1	0	3	2	0	0	1	0	0	0	0	1	0	0	0	0	2	0	0	5	0	0	0	0	0	0	0	0	0	0	1	0	0	0	0	2	0	0	0	0	0	0	1	0	0	0	0	0	0	1	1	0	1	1	1	0	0	0	0	4	1	0	0	0	2	0	1	0	1	0	0	0	1	2	1	0	0	0	0	1	0	0	0	2	0	0	0	2	0	2	0	0	1	0	0	0	0	0	0	1	1	0	0	0	0	0	0	1	0	0	0	0	0	0	1	0	0	1	0
G[Ins(C):R1]A	0	0	1	1	0	0	0	0	0	0	0	0	2	0	0	1	0	0	0	0	2	0	0	0	0	0	0	0	0	3	0	2	0	1	2	0	0	0	0	0	1	0	0	0	0	1	0	0	1	2	0	0	0	0	0	0	0	0	0	0	0	1	2	1	1	0	0	0	0	1	4	1	0	1	2	0	0	0	0	0	1	1	0	0	0	1	0	0	0	0	0	0	0	1	0	1	2	0	1	1	1	1	2	0	0	0	0	1	3	1	2	1	1	0	1	0	1	0	0	5	0	1	0	0	1	0	1	3	0	1	0	0	0	0	0	0	1	0	1	0	0	2	1	1	0	0	0	0	1	0	0	0	1	0	0	0	0	1	1	1	1	2	0	0	0	0	0	0	0	1	1	0	0	0	0	0	0	0	0	1	0	0	0	1	0	0	0	0	0	0	0	0	0	5	0	0	3	0	0	0	0	0	0	1	0	0	0	1	0	1	0	0	0	0	1	4	0	0	12	1	0	1	0	0	1	0	0	0	0	0	0	0	0	1	0	0	1	3	0	0	0	0	1	0	0	0	2	0	1	0	0	0	1	0	1	0	3	0	1	0	0	0	1	0	1	0	0	0	2	1	0	2	0	0	2	0	0	0	0	0	0	0	1	0	0	1	0	1	0	1	0	0	1	2	1	0	0	0	5	0	0	1	0	2	0	0	1	0	0	0	0	0	0	0	0	0	0	1	1	0	0	0	0	9	1	0	0	1	0	1	0	0	0	1	2	0	0	0	0	1	1	0	2	1	1	1	0	0	1	2	0	2	0
G[Ins(C):R1]G	0	0	0	0	0	0	0	0	0	0	0	0	0	0	0	0	0	0	0	0	0	0	0	0	0	0	0	0	0	4	0	0	0	1	0	1	0	0	0	0	0	0	0	0	0	0	0	0	0	0	0	0	0	1	0	0	0	0	0	0	0	0	0	0	0	1	0	0	0	0	5	0	0	1	0	0	1	0	1	0	0	0	0	0	0	0	0	0	0	0	0	0	0	0	1	0	0	0	2	0	0	0	0	0	0	0	0	0	0	0	0	0	1	0	0	0	2	0	0	3	0	0	0	0	0	0	0	0	0	1	0	0	0	0	0	0	1	0	0	0	0	0	0	0	0	0	0	1	0	0	0	0	1	0	0	0	0	0	0	0	0	0	0	0	0	0	0	0	0	0	0	0	0	0	0	1	0	1	0	0	2	0	0	0	0	0	0	1	0	2	0	0	0	3	0	0	0	1	0	0	0	0	1	0	0	0	0	0	0	0	0	0	0	1	0	0	0	0	2	6	0	0	0	0	0	0	0	0	0	0	0	0	0	1	0	0	0	2	0	0	0	1	0	0	0	0	0	0	0	0	1	1	0	2	0	0	0	0	0	0	0	0	0	0	0	0	0	0	1	0	0	1	0	0	0	0	0	1	0	0	0	0	0	0	0	0	0	0	0	0	0	0	0	6	0	0	0	1	2	0	0	0	0	1	0	1	0	0	0	0	0	1	0	0	0	0	0	0	0	0	0	0	0	0	0	0	0	0	1	0	0	0	0	0	1	0	0	0	0	0	0	0	0	0	1	0	0	0	0	0	0	0	0
G[Ins(C):R1]T	0	0	0	0	0	0	0	0	0	1	0	0	0	0	0	0	0	0	0	0	1	0	0	0	0	0	1	0	0	0	0	2	1	2	0	1	0	1	0	0	1	1	0	0	0	1	0	1	0	4	0	0	0	0	0	0	0	0	0	0	0	0	0	0	0	1	0	0	0	0	8	0	0	0	0	0	1	0	0	0	0	0	1	0	0	0	2	0	0	1	0	0	0	0	0	0	1	0	3	0	0	0	0	0	1	0	2	2	1	0	2	2	0	0	0	0	4	0	0	4	0	0	1	0	2	0	0	3	0	0	0	0	1	0	1	1	0	1	0	0	0	1	0	2	0	0	0	0	3	0	0	0	0	2	0	1	1	0	2	0	2	0	1	0	0	0	0	0	0	2	0	0	1	0	1	1	0	0	0	0	0	0	0	1	1	0	1	0	0	3	0	0	0	7	1	0	1	2	0	0	0	0	2	1	1	1	0	0	0	3	0	2	0	0	0	2	0	1	4	3	0	1	0	1	2	1	0	0	0	0	0	0	0	0	0	0	1	3	0	0	0	0	0	0	1	1	0	0	0	0	1	0	1	1	0	1	0	0	0	2	0	0	0	0	0	0	0	1	0	2	0	0	0	0	2	1	0	0	0	0	0	0	0	0	1	0	0	0	0	0	0	0	0	4	0	1	0	0	1	0	0	0	0	1	0	0	1	1	0	0	1	0	0	0	1	0	0	0	0	0	0	0	0	0	0	1	0	1	1	1	0	0	1	1	1	0	0	0	0	0	1	0	0	0	0	0	0	0	0	0	0	0	0
G[Ins(C):R2]A	0	0	0	0	0	0	0	0	1	0	1	0	0	0	0	0	1	0	0	0	0	0	0	0	0	0	0	0	0	2	0	0	0	1	0	0	0	0	0	0	1	1	0	0	2	1	0	0	0	2	0	1	0	1	1	0	0	0	0	0	0	1	1	0	0	0	0	0	0	0	4	0	0	0	0	0	1	0	0	0	0	0	0	0	0	0	0	0	0	1	0	1	0	1	0	0	0	0	0	2	1	0	1	0	0	0	0	1	0	0	0	1	0	0	1	0	4	0	0	2	0	1	0	2	1	0	0	2	0	0	0	0	0	1	0	1	1	0	0	0	0	0	1	0	0	0	0	0	0	0	1	0	0	0	0	1	0	0	1	0	0	0	0	0	0	0	0	0	0	0	0	0	1	0	0	0	1	0	0	1	0	1	1	0	0	0	0	0	0	0	1	0	0	4	0	0	0	0	1	0	0	0	0	0	0	0	0	0	0	1	0	0	0	0	0	0	0	0	3	4	0	1	0	1	0	0	0	1	1	0	0	1	0	0	0	0	0	1	0	0	0	1	0	0	0	0	0	1	0	0	0	0	0	1	0	0	1	0	1	0	0	1	0	0	0	0	2	0	0	0	2	0	0	0	2	3	0	0	0	0	0	1	0	0	0	0	0	0	0	1	0	0	0	4	0	0	0	0	4	0	0	0	0	0	0	0	0	0	0	0	1	0	0	0	1	1	0	0	0	1	0	1	1	7	0	0	0	1	1	0	0	0	0	0	0	0	1	0	0	2	0	0	1	1	0	0	0	0	1	0	0	0	0
G[Ins(C):R2]G	0	0	0	0	0	0	0	1	0	0	0	0	0	0	0	0	0	0	0	0	0	0	0	0	0	0	0	0	0	3	1	1	0	0	0	0	0	0	0	0	1	0	0	0	1	0	0	0	1	1	0	0	0	0	0	1	0	0	0	0	0	0	0	0	0	0	0	0	0	0	5	0	0	0	0	0	0	0	0	0	0	0	0	0	0	0	0	0	0	0	0	0	0	0	0	0	0	0	6	0	0	0	2	0	0	0	0	0	0	0	0	0	0	2	0	0	1	0	0	2	0	0	0	0	1	0	0	0	0	1	0	0	0	0	0	1	0	0	0	0	0	0	0	0	0	0	0	0	0	0	0	1	0	0	0	0	0	0	0	0	0	0	0	0	0	0	0	0	0	0	0	0	0	0	0	0	0	0	1	0	0	0	0	0	0	0	0	0	0	0	0	0	0	5	0	0	1	0	1	0	0	1	0	0	0	0	0	0	0	1	0	1	0	0	0	0	0	0	3	0	0	0	0	0	0	0	0	0	0	0	0	0	0	0	0	0	2	2	1	1	0	0	0	0	0	0	0	0	0	0	1	1	0	0	0	0	0	0	0	0	0	0	0	0	0	1	0	0	0	0	0	0	0	0	0	0	0	0	0	0	0	0	0	0	0	0	0	0	1	0	0	0	0	0	0	0	0	0	7	0	0	0	0	0	0	0	0	0	0	0	1	1	0	0	0	0	0	0	0	0	0	0	0	3	0	0	0	1	0	0	0	0	0	0	0	0	0	0	0	0	0	0	0	0	0	0	0	0	0	0	0	1	0
G[Ins(C):R2]T	0	0	0	0	0	0	0	1	0	0	0	1	0	2	0	0	0	0	0	0	0	0	0	0	0	0	0	0	0	1	2	0	0	1	1	0	2	0	0	1	1	0	0	0	1	1	0	0	1	1	0	0	0	0	0	0	0	0	0	0	1	0	0	0	0	0	0	0	0	0	2	0	0	0	0	0	0	0	0	0	0	0	0	1	0	0	1	0	0	0	0	0	0	2	0	0	0	0	3	0	0	0	2	0	0	0	0	0	1	0	0	0	0	0	0	0	2	0	0	4	0	0	1	0	0	1	0	0	0	0	0	0	0	0	0	0	0	0	0	0	0	1	0	1	0	0	1	1	1	0	1	0	1	0	0	0	0	0	0	0	0	0	0	0	1	1	1	0	0	0	0	1	0	0	1	0	0	0	1	0	1	0	0	0	0	0	0	0	0	1	0	0	0	8	0	0	1	0	0	0	0	0	1	0	0	0	0	0	0	2	0	0	0	0	0	0	0	0	2	2	0	1	0	0	0	0	0	0	0	0	0	0	0	0	0	0	0	4	0	0	0	0	0	0	0	0	0	0	0	0	1	0	0	2	0	0	0	0	0	0	1	1	0	0	0	0	0	0	0	0	1	0	1	0	1	1	0	0	0	0	0	0	0	0	0	0	0	0	0	1	0	0	0	2	0	0	0	0	1	0	0	0	0	0	0	1	1	0	0	0	0	2	0	0	1	0	0	0	0	0	1	0	0	1	0	0	0	0	0	1	0	0	0	0	0	1	0	0	0	0	0	0	0	0	0	0	1	0	0	0	0	0	1
G[Ins(C):R3]A	0	0	0	0	0	0	0	0	0	0	0	0	0	0	0	0	0	0	0	0	0	0	0	0	0	0	0	0	0	2	0	0	0	2	0	0	0	1	0	0	4	0	0	0	0	0	0	0	0	0	0	0	1	0	0	0	0	0	0	0	0	0	0	1	0	1	0	0	0	0	7	1	0	0	0	0	0	0	0	0	0	0	1	0	0	0	0	0	0	0	0	0	0	0	1	0	0	0	3	0	0	0	0	0	0	0	0	0	1	0	0	0	1	1	0	0	3	1	0	3	0	1	1	0	1	0	2	2	0	0	0	0	0	2	0	0	0	0	0	0	0	0	0	0	1	0	0	0	0	0	0	0	0	0	0	1	0	0	0	0	0	0	0	0	0	0	0	0	0	0	0	1	0	0	0	2	0	0	0	0	0	0	0	0	0	0	0	0	0	1	0	1	0	10	0	0	1	0	0	0	0	1	0	0	0	1	0	0	0	0	2	0	0	0	1	0	0	1	1	0	0	2	0	1	0	0	0	0	0	3	0	0	0	1	0	0	2	1	0	0	0	0	0	1	0	0	0	0	0	0	1	0	0	0	0	0	0	0	0	0	0	0	0	0	0	0	0	0	1	0	0	0	0	0	0	0	0	0	0	0	1	0	0	0	0	1	0	0	1	0	0	0	0	0	0	0	0	0	5	0	1	0	0	0	0	0	0	0	0	0	0	0	0	0	0	0	0	0	0	0	0	0	1	16	0	0	0	0	0	0	0	0	1	0	0	0	0	0	0	0	0	2	0	1	1	0	0	0	0	0	0	0	0
G[Ins(C):R3]G	0	0	0	0	0	0	0	0	0	0	0	0	0	0	0	0	0	0	0	0	0	0	0	0	0	0	0	0	0	1	0	0	0	0	0	0	0	0	0	0	3	0	0	0	0	0	0	0	0	0	0	0	0	0	0	0	0	0	1	1	0	0	0	0	0	0	0	0	0	0	2	0	0	1	0	0	1	0	0	0	0	0	0	1	0	0	0	1	0	0	0	0	0	0	0	0	0	0	1	0	0	0	0	0	0	0	0	0	0	0	0	0	0	0	0	0	3	0	0	3	0	0	0	0	0	0	1	2	0	0	0	0	0	0	0	0	0	0	0	0	0	0	0	2	0	0	0	0	0	0	0	0	0	0	0	0	0	0	0	0	0	0	0	0	0	0	0	0	0	0	0	0	0	0	0	1	0	0	0	1	0	0	1	1	0	0	0	0	0	1	0	0	0	3	0	0	0	0	0	0	0	0	0	0	0	0	0	0	0	0	0	0	0	0	0	0	0	0	1	4	0	0	0	0	0	0	0	0	1	1	0	0	0	0	0	0	0	1	0	0	0	0	0	1	0	0	0	0	0	0	6	0	0	2	0	0	0	0	0	0	0	0	0	0	0	0	0	0	0	0	0	0	0	0	0	1	0	0	1	0	0	0	0	1	0	0	0	0	0	0	0	0	0	4	0	0	0	0	4	0	0	0	0	0	0	0	1	0	0	0	0	0	0	0	0	0	0	0	0	0	0	0	0	3	0	0	1	0	0	0	0	0	0	0	0	0	0	0	0	0	0	2	1	0	0	0	0	0	0	0	0	0	0
G[Ins(C):R3]T	0	0	0	0	0	0	0	0	0	0	0	0	0	0	0	0	0	0	0	0	1	0	0	0	0	0	0	0	0	0	1	1	0	1	0	0	1	0	0	0	8	0	0	0	0	0	0	0	0	2	0	0	0	1	0	1	0	0	1	0	0	0	0	0	0	0	0	0	1	0	3	0	0	0	1	0	0	0	0	0	0	0	0	0	0	0	0	0	1	0	0	1	0	0	0	0	0	0	2	1	0	0	1	0	0	0	0	0	0	1	0	0	0	0	0	0	3	0	0	4	0	1	1	0	1	0	1	0	0	0	0	0	0	0	0	0	0	0	0	1	0	0	0	0	0	1	0	0	0	0	1	1	0	0	0	0	0	1	1	0	0	0	0	0	0	0	0	0	0	1	1	0	0	0	0	0	0	0	0	0	0	0	2	0	0	0	0	0	0	2	1	0	0	4	0	0	0	0	0	0	0	0	0	0	0	1	0	0	0	1	0	1	0	1	0	0	0	0	1	3	0	0	0	1	1	0	1	0	0	0	0	0	0	0	0	0	0	4	0	0	0	0	0	1	0	0	0	0	0	0	1	0	0	0	0	0	1	0	0	0	0	0	0	0	0	0	0	0	0	0	1	0	0	0	0	0	0	0	0	0	0	0	0	0	0	0	0	0	0	0	0	0	0	3	0	0	0	1	1	0	0	0	0	0	0	0	0	0	0	0	0	1	0	0	0	1	0	0	0	0	0	0	1	6	0	1	0	0	1	0	1	0	0	0	0	0	0	0	1	0	1	2	0	1	0	0	0	0	0	0	0	0	0
G[Ins(C):R4]A	0	0	0	0	0	0	0	0	0	0	0	0	0	0	0	0	0	0	0	0	0	0	0	0	0	0	0	0	1	2	0	0	0	0	0	0	0	3	0	0	49	1	2	0	0	1	0	0	1	7	0	0	0	0	0	0	0	0	0	1	0	1	0	0	0	0	0	1	0	0	14	0	0	0	1	0	1	0	0	1	0	0	0	0	0	0	0	0	0	1	0	1	0	0	0	0	0	0	2	0	0	0	0	0	0	0	0	0	1	0	0	1	0	0	0	0	1	0	0	2	2	1	2	0	2	0	0	1	0	0	0	0	0	0	0	0	0	0	0	0	0	0	0	0	0	1	0	1	1	0	0	1	1	0	0	1	0	0	1	0	0	0	0	0	0	0	0	0	0	0	0	0	0	0	0	0	0	0	0	0	1	0	0	0	0	1	0	0	0	2	0	0	0	4	0	0	2	0	0	0	1	0	0	0	0	0	0	1	1	1	0	0	1	1	0	1	0	0	1	6	0	0	0	0	0	1	1	0	1	0	0	0	1	0	0	0	2	3	0	0	0	1	0	0	0	0	0	0	0	0	4	0	1	1	0	0	0	0	0	0	0	0	0	0	0	0	1	0	0	1	1	0	0	0	2	1	0	0	0	0	0	0	0	0	0	0	0	1	0	0	0	0	0	6	0	1	0	0	5	0	0	0	0	0	0	0	1	0	0	0	0	0	0	0	1	0	0	0	0	0	0	1	1	5	0	0	0	0	0	0	0	0	0	0	0	0	0	0	1	0	0	12	0	0	0	2	0	0	1	0	0	0	0
G[Ins(C):R4]G	0	0	0	0	0	0	0	0	0	0	0	0	0	0	0	0	0	0	0	0	1	0	0	0	0	0	0	0	0	0	1	1	0	0	0	0	0	2	0	0	4	0	0	0	1	0	0	0	1	0	0	0	1	0	0	0	0	1	0	0	0	0	0	0	0	0	0	0	0	0	0	0	1	0	0	0	1	0	0	0	0	0	0	0	0	0	0	0	0	1	0	0	0	0	0	2	0	0	3	0	0	0	2	0	0	0	0	1	0	0	0	0	0	0	0	0	1	0	0	0	0	0	0	0	0	0	0	0	0	0	0	0	0	0	0	1	2	1	0	0	0	0	0	0	0	0	0	0	0	0	0	0	0	0	0	1	0	0	0	0	0	0	0	0	0	0	0	0	1	0	0	0	0	0	0	1	0	0	0	0	0	0	0	0	0	0	1	0	0	0	0	0	0	1	0	0	0	0	0	0	0	0	0	0	0	0	0	0	1	1	0	1	0	0	1	0	0	0	0	1	0	0	0	0	1	0	0	0	1	0	0	0	0	0	0	0	0	0	0	0	0	0	0	0	0	0	0	0	0	0	2	0	0	0	0	0	0	0	0	0	0	0	0	0	0	0	0	0	0	0	0	0	0	0	1	0	0	0	0	0	0	0	0	0	0	0	0	0	0	0	0	0	0	1	0	0	1	0	2	0	0	1	0	0	0	0	0	0	0	0	0	0	0	0	0	0	0	0	0	0	0	0	0	1	0	0	0	2	0	0	0	0	0	0	0	0	0	0	0	0	0	3	0	0	0	0	0	0	0	0	0	0	0
G[Ins(C):R4]T	0	0	0	0	0	0	0	0	0	0	0	0	0	0	0	1	0	0	1	0	0	0	0	0	0	0	0	0	1	1	1	0	0	0	1	0	0	0	1	0	24	0	0	0	1	0	1	0	0	3	0	0	0	0	0	0	0	0	1	0	0	0	0	0	0	0	0	0	0	0	2	0	0	0	0	0	0	0	0	0	0	0	0	0	0	0	1	0	0	0	0	0	0	0	0	0	0	0	1	0	0	0	0	0	0	0	0	0	0	0	0	0	0	0	0	0	1	0	0	1	0	0	0	0	1	0	0	2	0	0	0	1	0	0	0	0	1	1	1	0	0	0	0	2	0	1	0	1	0	0	0	0	1	0	0	0	1	0	1	0	0	0	0	0	1	0	0	0	0	0	0	0	0	0	0	0	0	0	0	0	0	0	0	1	0	0	0	1	0	0	1	0	0	4	0	1	0	0	0	0	0	0	0	0	1	0	0	0	0	1	0	0	0	2	0	0	0	0	1	1	0	0	1	0	0	0	0	0	0	0	0	0	1	0	0	0	1	1	0	0	0	0	0	0	0	0	0	0	0	0	10	0	0	0	0	0	0	0	0	0	0	1	0	0	0	0	0	0	0	0	0	0	0	0	0	0	0	0	0	0	0	0	0	0	0	0	0	0	0	0	0	0	0	2	0	0	0	0	2	0	0	0	0	0	0	0	0	0	0	0	0	0	0	0	0	1	0	0	0	0	0	0	1	2	1	0	0	0	0	0	0	0	0	1	0	0	0	0	1	0	0	4	1	0	0	0	0	0	0	0	0	0	0
G[Ins(C):R5]A	0	0	0	0	0	0	0	0	0	0	0	0	0	0	0	0	0	0	0	0	0	0	0	1	0	0	0	0	0	2	2	1	0	0	0	0	1	0	0	1	23	0	0	0	1	0	0	0	0	8	0	0	0	1	0	0	0	0	0	1	0	0	0	1	0	0	0	0	0	0	6	0	0	0	0	0	0	0	0	0	0	0	1	2	1	0	0	0	0	0	0	1	1	0	0	1	0	0	1	0	0	0	2	0	0	0	0	2	0	0	0	0	0	0	0	0	4	0	0	0	0	3	0	0	0	0	4	2	1	0	0	0	0	1	1	0	1	1	0	0	0	0	0	0	0	2	0	0	0	0	2	0	0	0	0	1	0	0	0	0	0	0	0	0	1	0	0	0	0	0	0	0	0	0	0	2	0	0	0	0	0	0	0	0	1	0	0	0	0	3	1	0	0	4	1	0	5	0	0	0	0	0	0	0	0	2	0	0	0	0	0	0	0	1	0	0	0	0	1	6	0	0	0	0	0	0	0	1	0	0	0	0	0	1	0	0	2	1	0	0	1	0	0	0	0	0	1	0	0	0	11	0	1	0	0	0	0	0	0	0	0	0	0	0	0	0	0	0	1	0	0	0	0	0	0	0	0	0	0	1	0	0	0	0	0	0	0	0	0	0	0	0	0	6	0	0	0	0	5	0	0	0	0	0	1	0	1	0	0	0	0	1	0	0	0	0	0	0	0	0	0	0	0	1	0	0	0	1	2	0	1	0	0	0	0	0	0	0	1	0	0	9	0	0	0	0	0	0	1	0	0	0	0
G[Ins(C):R5]G	0	0	0	0	0	0	0	0	0	0	0	0	0	0	0	0	0	0	0	0	0	0	0	0	0	0	0	0	0	1	0	0	0	0	0	0	0	2	1	0	7	0	0	0	1	0	0	0	0	3	0	0	0	0	0	0	0	0	0	0	0	0	0	0	1	0	0	0	0	0	2	0	0	0	0	0	1	0	0	0	0	0	0	0	0	0	1	0	0	0	0	0	0	0	0	0	0	0	0	0	0	0	0	0	0	0	0	0	0	0	0	0	1	0	0	0	0	0	0	1	1	0	0	0	0	0	0	0	0	0	0	0	0	0	0	0	0	0	0	0	0	0	0	1	0	0	0	0	0	0	0	0	1	2	0	0	0	0	0	0	0	0	0	0	0	0	0	0	0	0	0	0	0	0	0	0	0	0	0	0	0	0	2	0	0	0	0	0	0	0	0	0	0	2	0	0	0	0	1	0	0	0	0	0	0	0	0	0	0	0	0	0	0	0	0	0	0	0	1	0	0	0	0	0	0	1	0	0	0	0	0	0	0	0	0	0	0	0	0	0	0	0	0	0	1	0	0	0	0	0	5	0	0	0	0	0	0	0	0	0	0	1	0	0	0	0	0	0	0	0	0	0	0	0	0	0	0	0	0	0	0	0	0	0	0	0	0	0	0	0	0	0	0	0	0	0	0	0	3	0	0	0	1	0	0	0	0	1	0	0	0	1	0	0	1	0	0	0	0	0	0	0	0	2	0	0	0	2	2	0	0	0	0	0	2	0	0	0	0	0	0	2	0	0	0	0	1	0	0	0	0	1	0
G[Ins(C):R5]T	0	1	0	1	0	0	0	0	0	0	0	1	0	0	0	0	0	0	0	0	0	0	0	0	0	0	0	0	0	1	0	0	0	0	0	0	0	2	0	1	27	0	0	0	1	0	0	0	1	9	1	0	0	0	0	0	0	0	0	0	0	0	0	0	0	0	0	0	1	0	3	0	0	0	0	1	0	0	0	0	0	0	0	1	1	1	0	0	0	0	0	1	0	0	0	0	0	0	0	0	0	0	0	0	0	0	0	0	1	0	1	0	0	0	0	1	3	0	0	2	0	0	0	1	0	0	0	0	0	0	0	0	1	0	1	0	3	0	0	0	0	0	0	1	0	0	0	0	0	0	0	1	1	0	0	1	0	0	0	0	0	0	0	0	0	0	0	1	0	0	0	0	0	0	0	1	0	0	0	0	0	0	0	0	0	0	0	0	0	0	0	0	0	2	0	0	1	0	0	1	0	0	0	0	0	0	0	0	0	0	0	0	0	0	0	0	0	0	0	1	0	0	0	1	0	0	0	0	1	0	0	0	1	1	1	0	0	1	0	0	0	0	0	1	0	0	1	0	1	0	17	0	0	0	0	0	1	0	0	0	0	0	0	0	0	0	0	0	0	0	0	0	0	1	0	0	2	0	0	0	0	0	1	0	2	0	0	0	0	0	0	0	0	1	0	0	0	1	1	0	0	0	0	0	0	0	0	0	0	2	1	1	0	0	0	0	0	0	0	0	0	0	0	0	0	0	2	0	2	0	0	0	0	0	1	0	0	0	0	0	0	7	0	1	0	0	0	0	0	0	0	0	1
G[Ins(C):R6]A	0	0	0	0	0	0	1	0	0	1	0	0	0	0	1	0	0	2	0	0	0	0	0	0	0	0	0	0	0	2	1	1	0	0	0	0	3	3	0	1	44	3	0	0	1	0	0	0	0	20	0	0	0	0	0	0	0	0	0	0	0	0	1	0	0	0	0	0	0	0	4	0	0	0	2	0	1	0	0	1	0	0	0	0	1	0	0	1	0	0	0	0	0	1	0	0	0	0	2	1	0	0	2	1	1	0	1	0	0	1	1	1	0	0	0	0	4	0	0	2	0	0	0	0	3	0	0	2	0	0	0	0	1	0	0	0	0	0	0	0	1	0	0	1	0	1	1	1	0	0	2	0	0	0	0	0	0	0	1	0	0	0	0	0	0	0	0	0	2	0	0	0	0	0	0	1	0	0	0	0	1	0	0	2	0	0	0	0	0	0	1	0	0	2	0	0	1	0	0	0	0	0	0	0	0	0	0	0	0	1	0	3	0	0	0	1	0	0	3	1	0	0	1	2	3	0	0	1	0	1	0	0	0	0	0	0	0	2	0	0	2	0	1	0	0	1	1	0	0	0	19	0	2	1	0	0	2	0	0	0	0	0	0	0	0	0	0	0	0	2	0	0	0	0	0	0	0	1	0	0	0	0	0	0	0	0	0	0	0	0	0	0	0	0	0	0	0	0	4	0	0	0	0	0	0	0	0	0	0	0	2	2	0	0	0	1	0	2	0	0	0	0	0	0	1	0	0	1	1	0	0	0	0	0	1	0	0	2	0	0	1	16	0	1	0	0	1	0	1	0	1	1	0
G[Ins(C):R6]G	0	0	0	0	1	0	0	0	0	1	0	0	1	1	0	0	0	0	0	0	0	0	0	0	0	0	0	0	0	0	0	1	0	0	0	0	0	1	1	0	7	0	0	0	0	0	0	0	0	7	0	0	0	0	0	0	0	1	0	0	1	0	0	0	0	0	1	0	0	0	4	0	0	0	0	0	1	0	0	0	0	0	0	0	0	0	0	0	1	0	0	0	1	0	0	0	0	0	1	0	0	0	2	0	0	0	0	0	0	0	0	0	0	0	0	0	0	0	0	1	0	0	1	0	0	0	1	0	0	0	0	0	0	0	0	0	0	0	0	0	0	0	0	0	0	0	0	0	0	0	0	0	0	0	0	0	0	0	0	0	0	0	0	0	0	1	0	0	0	0	0	0	0	0	0	1	0	0	0	0	0	0	0	0	0	0	0	0	0	1	0	0	0	0	0	0	3	0	0	0	0	0	0	0	0	1	0	0	0	1	0	0	0	0	0	0	0	0	0	4	0	0	0	0	0	0	0	0	1	0	0	0	1	0	0	0	0	1	0	0	0	0	1	0	0	1	0	0	0	0	23	0	0	0	0	0	0	0	0	0	0	0	0	1	0	0	0	0	0	1	0	0	0	0	0	1	2	0	0	0	0	0	2	0	0	0	0	0	0	0	0	0	0	4	0	0	0	0	1	0	0	0	0	0	0	0	1	0	0	0	1	0	0	0	0	0	0	0	0	0	0	0	0	0	0	1	0	1	1	0	0	0	0	0	0	0	0	0	0	0	2	5	0	2	0	1	0	0	0	0	0	0	0
G[Ins(C):R6]T	0	0	0	0	0	0	1	0	0	0	0	0	0	0	0	0	0	0	0	0	0	0	0	0	0	0	0	0	0	0	0	1	0	0	0	0	0	3	0	0	17	0	0	0	0	0	0	0	0	5	0	0	0	0	0	1	0	0	1	0	0	0	1	2	0	0	0	0	0	0	0	0	1	0	1	0	0	0	1	0	0	0	2	1	1	0	0	0	0	0	0	0	0	0	0	0	0	0	0	0	0	0	1	0	0	0	0	0	0	0	1	1	0	0	1	0	1	0	0	1	0	0	0	0	1	0	2	0	0	2	0	0	0	0	0	0	2	1	0	0	0	0	0	0	0	1	0	0	0	0	1	0	0	0	0	0	1	0	0	0	0	0	0	0	0	0	0	0	0	1	1	0	0	0	0	1	0	0	0	1	0	0	0	0	0	0	0	1	0	1	1	0	0	1	0	0	0	0	0	0	1	1	0	0	0	0	0	0	0	0	0	0	0	1	0	0	0	0	0	0	0	0	0	0	0	1	1	0	0	0	0	0	0	1	0	0	0	1	1	0	0	0	0	1	0	0	0	0	0	0	24	0	0	4	0	0	0	0	0	0	0	1	0	0	1	0	0	0	0	0	0	0	0	0	1	1	0	1	0	0	1	0	1	1	0	0	0	0	0	0	0	0	0	0	0	1	0	0	2	0	0	0	0	1	1	1	0	1	0	0	2	0	0	0	0	0	0	0	0	0	0	0	0	1	0	0	0	0	1	0	0	0	0	0	1	0	0	0	0	0	0	6	0	1	0	0	0	0	0	0	0	0	0
G[Ins(C):R7]A	0	2	0	0	0	0	0	0	1	1	0	0	0	0	0	0	0	1	0	1	1	0	0	0	0	0	0	0	1	1	1	0	0	0	0	2	2	5	1	0	66	4	0	0	0	0	0	1	1	32	0	0	0	1	0	1	0	0	2	0	0	0	1	2	0	0	0	0	0	0	0	0	0	0	0	0	0	0	0	0	0	0	2	1	2	0	0	1	0	0	0	0	0	1	0	0	0	0	2	1	0	0	0	0	0	0	0	3	1	0	1	1	0	0	0	1	1	0	0	2	1	0	0	0	1	0	0	1	0	1	0	0	0	0	0	0	3	3	0	0	0	1	0	1	0	3	0	0	1	0	1	0	2	1	0	2	0	1	1	0	0	1	3	0	0	2	0	0	0	1	2	1	0	0	0	3	2	0	2	0	0	0	0	2	0	0	0	0	0	0	3	0	0	1	1	0	3	0	1	0	0	0	1	0	1	0	0	0	1	1	0	0	1	0	0	1	0	0	3	2	1	0	0	1	0	0	1	0	1	1	0	0	0	0	0	0	0	0	0	0	0	1	0	1	0	0	0	0	0	0	45	0	0	1	0	0	1	0	0	0	0	0	0	0	0	0	0	0	0	1	2	0	0	0	0	2	3	0	0	0	0	0	0	0	2	1	0	0	0	0	0	1	0	2	0	0	0	0	1	0	0	0	2	2	0	0	1	0	0	3	1	0	0	0	1	5	0	0	1	0	0	1	0	0	0	0	1	1	0	0	0	1	0	0	0	0	0	2	2	0	0	24	0	0	2	0	0	0	0	0	0	1	1
G[Ins(C):R7]G	0	0	0	0	0	1	0	0	0	0	1	0	0	0	1	0	0	0	0	0	1	0	0	0	0	0	0	0	2	2	0	0	2	0	0	0	0	2	0	0	19	0	0	0	1	0	0	0	0	9	0	0	0	1	0	0	0	0	0	1	0	1	0	1	0	0	0	0	0	1	0	0	0	0	0	0	1	0	0	0	0	0	1	0	0	0	0	1	0	0	0	0	1	0	0	0	0	0	0	1	0	0	0	0	0	0	0	1	0	0	0	1	0	0	0	0	2	0	0	0	0	1	0	0	1	0	0	0	0	0	0	0	0	0	0	0	0	0	0	0	0	0	0	0	0	0	0	0	0	0	0	0	0	0	0	1	0	0	0	0	0	1	0	0	0	0	0	0	0	0	0	2	0	0	0	0	0	0	0	0	0	0	0	3	0	0	0	0	0	0	0	0	0	1	0	0	0	0	0	0	0	0	0	0	2	0	0	0	1	2	0	1	0	0	0	1	0	0	3	0	0	0	0	0	1	0	1	0	0	0	0	0	2	0	0	0	0	0	0	0	0	0	0	0	0	0	0	0	0	0	14	0	1	0	0	0	0	0	0	0	0	0	0	0	0	0	0	0	0	1	0	1	0	0	0	0	0	1	1	0	0	0	0	0	0	0	0	0	0	0	0	0	0	0	0	0	0	0	0	0	0	2	0	0	0	1	0	1	0	0	1	1	0	0	0	0	0	1	1	0	0	0	0	0	0	0	0	1	0	0	0	0	0	0	0	0	0	0	0	0	0	9	0	0	1	0	1	0	0	0	1	0	0
G[Ins(C):R7]T	0	0	0	0	1	0	0	0	0	0	0	0	0	1	0	1	0	1	0	1	1	0	0	0	0	0	0	0	0	0	0	0	0	0	0	1	0	2	0	1	25	0	1	0	0	0	0	0	0	8	0	0	0	0	0	1	0	0	0	0	0	0	0	0	0	0	0	0	0	0	1	0	0	0	0	0	2	0	0	0	1	0	1	2	0	0	0	0	0	0	0	0	0	0	0	0	0	0	0	0	0	0	0	0	0	0	0	1	0	0	1	0	0	0	1	0	0	0	0	0	1	0	0	0	0	0	0	1	0	0	1	0	0	1	0	0	0	0	0	0	0	0	0	1	0	1	0	0	0	0	0	0	0	0	0	0	0	0	0	0	0	0	0	0	0	0	0	0	2	2	0	0	0	0	0	1	0	0	0	1	1	0	0	0	0	0	0	0	0	0	1	0	0	0	0	0	0	0	0	0	1	1	1	0	0	0	0	0	0	0	0	0	0	1	0	2	0	0	0	0	0	0	0	0	0	0	0	0	0	0	0	0	0	0	0	0	0	0	1	0	0	0	0	0	0	0	0	0	0	1	15	0	1	0	0	0	0	0	0	0	0	0	0	1	0	0	0	0	0	0	1	0	0	0	0	1	1	0	0	0	0	0	1	0	2	0	0	0	0	0	0	0	0	0	0	0	0	0	0	0	0	0	0	0	0	0	0	0	0	0	1	0	0	0	0	0	0	0	0	0	0	0	0	0	0	0	0	1	0	0	0	0	0	0	0	0	0	0	0	0	1	8	1	0	0	0	0	0	0	0	0	1	0
G[Ins(C):R8]A	1	0	0	0	0	1	0	0	1	0	0	0	0	0	0	1	0	0	0	2	2	0	0	0	0	0	0	0	0	0	0	2	1	0	0	0	1	5	0	0	29	0	2	1	0	0	0	2	1	29	0	0	0	0	0	0	0	0	0	0	0	1	0	0	1	0	0	0	0	1	0	1	0	0	0	0	2	0	0	0	0	0	7	1	0	1	0	0	0	0	0	0	0	0	0	0	0	0	0	0	1	0	0	0	0	0	0	3	0	0	0	1	2	0	1	1	0	1	1	0	0	0	1	0	0	0	0	1	0	0	0	0	1	0	0	0	0	4	0	1	0	0	0	0	0	6	0	2	0	1	1	0	0	0	0	0	0	1	0	0	0	0	0	0	0	1	0	0	2	0	2	4	0	0	0	1	0	0	0	0	1	0	0	1	0	0	0	0	0	1	6	0	0	1	0	0	1	0	3	0	1	0	0	0	1	2	0	0	0	0	0	0	0	0	0	2	0	0	3	0	1	0	0	0	0	0	1	0	0	1	2	0	1	1	0	1	0	2	0	0	1	1	0	0	1	0	0	0	0	0	24	0	1	1	0	0	2	0	0	0	0	1	0	1	0	0	0	0	0	0	1	0	0	0	0	1	1	1	0	0	1	0	0	0	0	1	0	0	0	0	0	0	1	0	0	0	0	1	1	0	1	0	2	2	0	1	0	1	0	0	0	1	0	0	0	2	0	0	1	0	0	0	0	0	0	0	0	2	0	0	1	0	0	0	0	0	0	3	2	0	2	25	3	1	1	2	0	0	2	0	0	1	1
G[Ins(C):R8]G	0	0	0	0	0	0	0	0	0	0	0	0	0	0	0	0	0	0	0	0	0	0	0	0	0	0	0	0	0	0	1	0	0	0	0	0	1	0	0	0	6	0	0	0	0	0	0	0	0	5	0	0	0	0	0	0	0	0	0	0	0	0	0	0	0	0	0	0	0	0	0	0	0	0	0	0	0	0	0	0	0	0	0	0	0	0	0	0	0	0	0	0	0	1	0	0	0	0	0	0	0	0	1	0	0	0	0	0	0	0	0	1	0	0	0	0	0	0	0	0	1	0	0	1	0	0	0	0	0	0	0	0	0	0	0	0	0	0	0	0	0	0	0	0	1	2	0	0	0	0	0	0	0	1	0	0	0	0	0	0	0	1	0	0	0	0	0	0	0	0	0	0	0	0	0	0	0	0	0	0	0	0	0	0	0	0	0	1	1	0	2	0	0	0	0	0	0	0	0	0	0	0	0	0	0	1	0	0	0	0	0	0	0	0	0	0	0	0	0	0	0	0	0	0	0	0	0	0	0	0	0	0	0	0	0	0	0	0	0	0	0	0	0	1	0	0	0	0	0	0	10	0	1	0	0	0	1	0	0	0	0	0	0	0	0	0	0	0	0	1	0	0	0	1	0	1	0	0	0	0	0	0	0	0	0	0	0	0	0	0	0	0	0	0	0	0	0	0	2	0	0	0	0	1	0	0	0	0	0	0	0	1	0	0	0	0	0	0	1	0	0	0	0	0	0	0	0	0	0	0	0	0	1	0	0	0	0	0	0	0	0	2	0	0	0	1	0	0	0	0	0	0	0
G[Ins(C):R8]T	0	0	0	0	0	0	0	0	0	0	0	0	0	0	0	0	0	0	0	0	0	0	0	0	0	0	0	0	0	0	0	0	0	0	0	0	1	0	0	0	9	0	0	0	0	0	0	0	0	4	0	0	0	0	0	1	0	0	0	0	0	0	0	0	0	0	0	0	0	0	0	0	0	0	0	0	1	0	0	0	0	0	1	1	0	0	0	0	0	0	0	0	0	0	0	0	0	0	0	0	0	0	0	0	0	0	0	1	1	0	0	0	1	0	0	0	1	0	0	1	0	0	0	0	1	0	0	0	0	0	0	0	0	0	0	0	0	0	0	0	0	0	0	0	0	0	0	0	0	0	0	0	0	0	0	0	0	0	0	0	0	0	0	0	0	0	0	0	0	1	1	0	0	0	0	1	0	0	0	0	0	0	0	0	0	0	0	0	0	0	0	0	0	0	0	0	0	0	0	0	0	1	0	0	0	0	0	0	0	0	0	0	0	0	0	0	0	0	0	0	0	0	0	0	0	0	2	0	0	0	0	0	0	1	0	0	0	1	1	0	0	0	0	1	0	0	0	0	0	0	9	0	1	0	0	0	1	0	0	0	0	0	0	0	0	0	0	0	0	0	0	0	0	0	0	1	0	0	0	0	0	0	0	0	0	0	0	0	0	0	0	0	0	0	0	0	0	0	0	0	0	0	0	1	0	0	0	0	0	0	3	0	0	0	1	0	0	1	0	0	0	0	0	0	0	0	0	1	0	0	0	0	0	1	0	0	0	1	0	0	0	3	0	1	0	0	1	0	0	0	0	1	0
G[Ins(C):R(9,)]A	0	0	0	0	0	0	0	0	0	0	0	0	0	0	0	0	0	0	0	0	0	0	0	0	0	0	0	0	0	0	0	0	0	0	0	0	0	0	0	0	0	0	0	0	0	0	0	0	0	0	0	0	0	0	0	0	0	0	0	0	0	0	0	0	0	0	0	0	0	0	0	0	0	0	0	0	0	0	0	0	0	0	0	0	0	0	0	0	0	0	0	0	0	0	0	0	0	0	0	0	0	0	0	0	0	0	0	0	0	0	0	0	0	0	0	0	0	0	0	0	0	0	0	0	0	0	0	0	0	0	0	0	0	0	0	0	0	0	0	0	0	0	0	0	0	0	0	0	0	0	0	0	0	0	0	0	0	0	0	0	0	0	0	0	0	0	0	0	0	0	0	0	0	0	0	0	0	0	0	0	0	0	0	0	0	0	0	0	0	0	0	0	0	0	0	0	0	0	0	0	0	0	0	0	0	0	0	0	0	0	0	0	0	0	0	0	0	0	0	0	0	0	0	0	0	0	0	0	0	0	0	0	0	0	0	0	0	0	0	0	0	0	0	0	0	0	0	0	0	0	0	0	0	0	0	0	0	0	0	0	0	0	0	0	0	0	0	0	0	0	0	0	0	0	0	0	0	0	0	0	0	0	0	0	0	0	0	0	0	0	0	0	0	0	0	0	0	0	0	0	0	0	0	0	0	0	0	0	0	0	0	0	0	0	0	0	0	0	0	0	0	0	0	0	0	0	0	0	0	0	0	0	0	0	0	0	0	0	0	0	0	0	0	0	0	0	0	0	0	0	0	0	0
G[Ins(C):R(9,)]G	0	0	0	0	0	0	0	0	0	0	0	0	0	0	0	0	0	0	0	0	0	0	0	0	0	0	0	0	0	0	0	0	0	0	0	0	0	0	0	0	0	0	0	0	0	0	0	0	0	0	0	0	0	0	0	0	0	0	0	0	0	0	0	0	0	0	0	0	0	0	0	0	0	0	0	0	0	0	0	0	0	0	0	0	0	0	0	0	0	0	0	0	0	0	0	0	0	0	0	0	0	0	0	0	0	0	0	0	0	0	0	0	0	0	0	0	0	0	0	0	0	0	0	0	0	0	0	0	0	0	0	0	0	0	0	0	0	0	0	0	0	0	0	0	0	0	0	0	0	0	0	0	0	0	0	0	0	0	0	0	0	0	0	0	0	0	0	0	0	0	0	0	0	0	0	0	0	0	0	0	0	0	0	0	0	0	0	0	0	0	0	0	0	0	0	0	0	0	0	0	0	0	0	0	0	0	0	0	0	0	0	0	0	0	0	0	0	0	0	0	0	0	0	0	0	0	0	0	0	0	0	0	0	0	0	0	0	0	0	0	0	0	0	0	0	0	0	0	0	0	0	0	0	0	0	0	0	0	0	0	0	0	0	0	0	0	0	0	0	0	0	0	0	0	0	0	0	0	0	0	0	0	0	0	0	0	0	0	0	0	0	0	0	0	0	0	0	0	0	0	0	0	0	0	0	0	0	0	0	0	0	0	0	0	0	0	0	0	0	0	0	0	0	0	0	0	0	0	0	0	0	0	0	0	0	0	0	0	0	0	0	0	0	0	0	0	0	0	0	0	0	0	0
G[Ins(C):R(9,)]T	0	0	0	0	0	0	0	0	0	0	0	0	0	0	0	0	0	0	0	0	0	0	0	0	0	0	0	0	0	0	0	0	0	0	0	0	0	0	0	0	0	0	0	0	0	0	0	0	0	0	0	0	0	0	0	0	0	0	0	0	0	0	0	0	0	0	0	0	0	0	0	0	0	0	0	0	0	0	0	0	0	0	0	0	0	0	0	0	0	0	0	0	0	0	0	0	0	0	0	0	0	0	0	0	0	0	0	0	0	0	0	0	0	0	0	0	0	0	0	0	0	0	0	0	0	0	0	0	0	0	0	0	0	0	0	0	0	0	0	0	0	0	0	0	0	0	0	0	0	0	0	0	0	0	0	0	0	0	0	0	0	0	0	0	0	0	0	0	0	0	0	0	0	0	0	0	0	0	0	0	0	0	0	0	0	0	0	0	0	0	0	0	0	0	0	0	0	0	0	0	0	0	0	0	0	0	0	0	0	0	0	0	0	0	0	0	0	0	0	0	0	0	0	0	0	0	0	0	0	0	0	0	0	0	0	0	0	0	0	0	0	0	0	0	0	0	0	0	0	0	0	0	0	0	0	0	0	0	0	0	0	0	0	0	0	0	0	0	0	0	0	0	0	0	0	0	0	0	0	0	0	0	0	0	0	0	0	0	0	0	0	0	0	0	0	0	0	0	0	0	0	0	0	0	0	0	0	0	0	0	0	0	0	0	0	0	0	0	0	0	0	0	0	0	0	0	0	0	0	0	0	0	0	0	0	0	0	0	0	0	0	0	0	0	0	0	0	0	0	0	0	0	0
T[Ins(C):R0]A	0	0	0	0	0	0	0	0	0	0	0	0	0	1	0	0	0	0	0	0	0	0	0	0	1	0	0	0	0	1	1	2	1	0	0	0	1	1	0	0	1	0	1	0	2	0	0	1	1	5	1	1	1	0	0	0	0	0	0	0	0	0	0	0	0	0	0	0	2	0	2	0	0	0	0	0	1	1	0	0	0	0	1	0	1	0	0	0	0	0	0	0	0	0	1	1	0	0	3	0	1	1	0	0	0	0	0	1	0	0	0	0	0	0	0	0	4	1	0	0	0	0	1	0	2	0	0	0	0	0	0	1	0	0	1	0	1	0	1	0	0	0	0	1	0	0	0	0	0	1	1	0	0	1	0	0	0	0	0	0	0	0	0	0	0	0	1	0	2	1	0	2	0	0	0	1	0	0	0	0	0	1	0	1	1	0	1	0	0	1	1	0	0	1	2	0	0	0	0	0	1	1	1	0	1	0	0	0	0	0	1	0	0	2	1	1	0	0	0	3	0	1	3	0	0	0	0	2	1	0	0	0	0	0	0	0	1	0	1	0	1	0	0	0	0	0	1	0	0	0	1	0	3	1	0	1	2	0	0	1	0	0	0	1	0	0	0	0	0	0	1	0	0	0	0	0	0	1	0	0	0	0	1	0	1	1	0	0	0	0	0	0	0	3	0	1	1	0	1	0	1	0	1	2	0	1	1	0	1	0	0	1	0	1	1	0	0	3	0	0	0	0	0	21	0	2	0	0	0	0	0	0	0	0	0	0	0	0	0	1	0	0	0	1	0	0	1	1	0	0	0	0	0
T[Ins(C):R0]G	0	0	0	0	0	2	1	0	0	0	0	0	0	0	0	0	0	0	0	0	1	0	0	0	0	0	0	0	0	4	1	1	0	0	1	0	1	0	0	1	1	1	0	0	1	1	0	0	0	3	0	0	0	0	0	0	0	0	0	2	0	0	1	0	0	1	0	0	0	0	11	0	0	0	3	0	0	1	0	0	0	0	1	1	0	0	0	0	0	0	0	0	0	1	0	0	0	0	5	0	0	1	2	0	0	0	0	0	0	0	0	0	0	0	0	0	2	0	0	3	1	2	1	0	4	0	0	5	0	0	1	0	0	1	1	0	2	0	0	0	0	0	0	2	0	0	0	0	2	0	0	2	0	0	0	0	1	0	0	0	0	0	1	0	0	0	0	0	0	0	0	0	0	0	0	1	0	0	0	0	0	0	0	0	0	0	0	0	0	3	0	0	1	7	0	0	7	1	0	0	0	1	0	0	0	2	0	0	0	2	0	0	0	0	0	0	0	0	0	5	1	1	0	0	0	0	0	0	0	1	0	0	0	0	0	0	2	2	0	0	0	0	0	0	0	0	0	0	0	0	1	0	0	0	0	0	0	0	1	0	0	1	0	0	0	0	0	0	0	0	0	0	0	0	0	0	0	0	0	1	0	0	0	0	0	0	0	1	0	1	0	0	0	4	0	0	1	0	9	0	0	0	0	0	0	0	0	1	1	1	1	1	1	0	0	0	0	3	0	0	1	0	0	2	0	0	1	0	0	1	0	0	0	0	0	0	0	0	1	0	0	2	0	0	0	1	0	0	0	1	0	0	0
T[Ins(C):R0]T	2	3	1	2	0	1	2	0	1	0	2	1	0	1	0	0	0	0	0	0	2	2	1	0	0	0	0	0	1	6	4	16	2	0	1	5	8	4	0	1	19	0	1	1	1	0	3	2	1	43	2	1	0	1	1	2	1	1	1	2	0	1	2	7	1	0	1	1	0	4	24	0	1	0	1	1	12	0	0	1	0	1	2	2	2	0	1	0	1	4	1	0	0	0	2	2	1	0	8	1	0	0	4	1	0	0	0	18	0	0	5	4	0	0	2	1	6	0	0	9	1	2	11	2	5	1	1	5	1	0	1	1	0	0	0	1	3	5	1	1	0	0	2	5	0	6	1	0	1	2	1	1	2	0	2	3	1	1	3	0	0	4	0	0	2	4	0	1	1	10	1	1	1	1	0	1	0	0	2	2	2	1	1	10	2	0	0	0	0	4	6	1	1	9	0	0	10	0	1	0	3	1	3	2	2	3	0	0	1	7	1	2	2	3	1	1	1	2	2	4	1	0	0	0	0	0	3	0	0	3	0	1	1	1	0	0	3	6	1	0	4	1	0	1	0	2	2	0	1	0	19	1	4	1	0	2	20	0	0	1	0	1	1	0	0	0	0	0	1	3	2	1	0	1	4	8	3	1	0	0	0	1	4	0	21	4	0	2	0	0	2	0	1	4	2	3	0	2	9	2	2	0	1	10	1	3	1	3	1	3	6	2	0	0	0	2	0	22	3	0	3	0	0	2	1	2	3	3	1	3	0	0	1	1	0	1	0	1	0	2	1	14	2	1	6	1	1	0	2	1	2	2	1
T[Ins(C):R1]A	0	0	1	0	0	0	0	0	0	1	0	0	0	1	0	0	0	0	0	0	1	0	0	0	0	0	0	0	0	1	0	0	2	0	0	0	1	0	0	0	2	0	0	0	0	0	0	0	1	4	0	0	0	0	0	1	1	0	1	0	0	0	1	0	2	1	1	0	0	0	2	0	0	0	0	2	1	0	1	1	0	0	1	1	0	0	0	0	0	0	0	1	0	0	0	0	0	0	1	0	0	0	0	0	0	0	0	2	0	0	1	0	0	0	6	0	2	0	0	2	1	0	2	2	2	0	1	2	0	0	0	0	0	0	0	0	1	0	0	0	0	0	2	2	0	1	0	1	2	1	0	2	1	0	0	0	0	0	1	0	0	1	2	1	0	0	0	0	2	1	2	0	1	0	1	0	0	0	0	0	1	0	0	0	1	0	1	1	0	1	1	0	0	3	0	2	3	0	1	0	1	1	0	1	0	0	0	0	0	2	1	0	2	2	1	2	0	0	1	4	0	2	0	0	0	0	0	0	1	0	2	0	0	1	0	0	1	4	2	1	1	0	0	0	1	0	0	0	0	0	2	0	0	0	0	0	0	0	1	1	0	2	0	0	1	0	1	0	1	0	2	2	0	0	1	1	0	2	0	0	0	0	0	0	1	0	0	0	1	1	1	0	0	4	0	0	2	1	2	0	0	1	0	1	0	0	3	0	0	0	2	0	0	0	0	0	0	2	0	0	0	0	0	14	0	1	0	1	0	0	0	0	0	0	0	0	0	1	0	1	0	0	0	0	2	0	0	1	1	2	0	1	1
T[Ins(C):R1]G	0	0	0	0	0	0	0	0	0	0	0	0	0	0	0	0	0	0	0	0	2	0	0	0	0	0	0	0	0	1	0	0	0	0	0	0	0	0	0	1	0	0	0	0	0	0	0	0	0	2	0	0	0	0	0	0	0	0	0	0	0	0	0	0	0	0	0	0	0	0	4	0	0	0	0	0	0	0	0	2	0	0	0	1	0	0	0	0	0	0	0	0	1	0	0	0	0	0	2	1	0	0	1	0	0	0	0	0	0	0	1	1	0	0	0	0	1	0	0	0	0	0	0	1	0	0	1	0	0	0	0	0	0	0	0	0	0	0	0	0	0	0	0	0	0	0	0	0	0	0	0	0	0	0	0	0	0	0	0	0	0	0	0	0	0	0	1	0	0	0	0	0	0	0	0	0	0	0	0	0	0	0	0	0	0	0	0	1	0	0	0	0	0	3	0	0	1	0	0	0	0	0	1	0	0	0	0	0	1	0	0	0	0	0	0	0	0	0	0	2	0	0	0	0	0	0	0	0	0	0	0	0	0	0	0	0	0	0	0	0	0	0	0	0	0	0	0	0	0	0	1	0	0	0	0	0	1	0	0	0	0	0	0	0	0	0	0	1	0	0	0	0	0	0	1	0	0	0	0	0	0	0	0	0	0	0	0	1	0	0	0	0	0	2	0	1	0	0	2	0	0	0	0	1	0	1	0	0	0	0	0	0	0	0	0	0	0	0	0	0	0	0	0	1	0	0	0	0	1	1	0	0	0	0	0	0	0	0	0	0	0	0	0	0	0	2	0	0	0	0	0	0	0
T[Ins(C):R1]T	0	0	0	0	0	0	0	0	0	0	1	0	1	1	0	0	0	1	0	0	5	2	0	1	1	1	1	0	0	2	0	3	0	0	0	1	2	0	0	0	5	2	1	1	2	0	2	1	2	14	0	0	0	0	0	0	0	0	0	0	1	0	1	2	1	0	1	0	1	2	5	1	1	0	6	1	3	0	1	1	0	0	1	1	0	0	1	2	0	3	0	0	1	0	1	0	0	0	2	1	0	0	4	0	0	0	1	4	1	1	3	1	0	0	1	2	5	0	0	6	0	1	4	1	7	0	1	2	0	1	1	1	0	2	0	0	2	4	0	1	0	2	2	5	0	4	0	2	0	1	0	1	2	0	0	1	1	0	0	2	0	1	1	0	0	1	0	0	1	2	1	2	1	0	1	1	0	0	1	0	2	0	0	1	2	1	0	2	0	3	2	0	0	9	1	1	3	0	0	0	0	1	0	0	0	1	0	0	1	0	1	0	1	1	2	1	0	0	2	6	0	3	1	1	0	0	1	1	1	0	0	0	0	0	2	0	5	3	0	0	0	0	2	1	2	0	0	1	2	0	3	2	2	3	0	0	3	1	0	2	1	2	0	0	0	0	2	0	0	0	1	1	0	1	2	0	2	0	0	0	1	0	0	1	1	0	0	0	1	0	4	2	0	7	0	0	1	0	5	0	0	1	1	1	0	0	0	1	0	1	2	0	1	1	1	1	1	3	2	1	0	0	0	8	0	1	0	1	2	2	1	1	0	0	0	0	0	1	0	0	0	2	0	2	1	1	0	0	0	1	1	0	1
T[Ins(C):R2]A	0	0	0	0	0	1	0	0	0	0	0	0	0	0	0	0	0	0	0	0	3	0	0	3	0	0	0	0	1	1	0	1	1	1	0	1	1	0	0	0	0	0	0	0	0	0	0	1	0	2	0	0	0	0	0	0	0	0	0	0	0	0	0	0	1	0	0	0	0	0	8	0	0	0	1	1	0	0	0	0	0	0	0	1	0	1	0	1	1	0	0	0	0	0	0	0	1	0	5	0	0	0	2	0	0	0	1	1	1	1	0	0	0	0	0	0	3	0	0	1	0	0	0	0	0	0	3	3	2	1	0	0	0	0	0	1	1	1	0	0	0	0	0	0	0	0	0	0	0	1	0	0	1	0	0	0	0	1	0	0	0	0	2	0	0	0	0	0	0	3	1	0	0	0	1	1	0	0	0	0	2	0	0	0	1	0	0	0	0	0	0	0	0	4	0	0	1	0	0	1	2	0	0	0	1	0	0	0	1	2	0	0	0	1	0	0	0	0	0	4	0	0	0	0	0	0	0	0	0	0	0	0	0	0	0	0	2	0	1	0	3	0	0	0	0	0	0	0	0	0	2	0	0	0	0	0	1	0	0	0	1	1	1	0	0	0	0	0	1	0	0	0	0	0	0	0	1	0	0	0	0	0	0	0	0	1	0	0	0	1	1	0	0	5	1	1	0	0	4	0	0	1	0	0	0	0	0	1	0	1	1	0	0	0	0	1	1	0	1	0	0	0	0	2	0	0	1	0	1	0	2	0	0	0	0	0	0	0	0	0	1	1	0	0	0	0	0	0	0	0	0	0	0
T[Ins(C):R2]G	0	0	0	0	0	0	0	1	0	0	1	0	0	0	1	0	0	0	0	0	2	0	0	0	0	0	0	0	0	0	1	0	0	0	0	0	0	0	0	0	0	0	0	0	0	0	0	0	0	1	0	0	0	0	0	0	0	0	0	0	0	0	0	0	0	0	1	0	0	0	2	0	0	0	0	0	0	0	0	0	0	0	0	0	0	0	0	0	0	0	0	0	0	0	0	0	0	0	1	0	0	0	0	0	0	0	0	0	0	0	0	0	0	0	0	0	0	0	0	1	0	0	0	0	0	0	0	0	0	0	0	0	0	1	0	0	0	1	0	0	0	0	0	3	1	0	0	0	0	0	0	0	0	1	0	0	0	0	0	0	0	0	0	0	0	0	1	1	0	0	0	0	0	0	0	0	0	0	0	0	0	0	0	0	0	0	0	0	0	0	0	0	0	3	0	0	1	0	0	0	0	0	0	0	0	0	0	0	0	0	0	0	0	0	0	0	0	0	0	0	0	1	1	0	0	0	0	0	0	0	0	0	0	0	0	0	0	1	0	0	0	0	0	0	0	0	0	0	0	0	1	0	0	1	0	0	0	0	0	0	0	0	0	0	0	0	0	0	0	0	1	0	0	0	0	0	0	0	0	0	0	0	0	0	0	0	0	0	0	0	0	0	0	0	0	0	0	0	1	0	0	0	0	0	0	0	0	0	0	0	0	1	0	0	0	0	0	0	0	0	0	0	0	0	0	0	0	0	0	1	0	0	0	0	0	0	0	0	0	0	0	0	0	0	0	0	0	0	0	0	0	0	0
T[Ins(C):R2]T	0	0	0	0	0	1	0	0	0	0	0	1	0	0	1	0	0	0	0	0	2	0	1	0	0	0	0	0	1	3	1	1	0	1	0	1	1	2	1	0	3	0	1	0	1	2	0	0	0	7	0	1	1	0	0	0	0	0	0	0	1	0	1	0	1	0	0	0	0	0	7	0	1	1	0	0	0	0	0	1	0	1	1	0	0	0	0	0	1	0	0	0	0	0	0	0	0	0	0	0	1	0	2	0	0	0	0	0	0	0	0	0	1	0	2	0	4	0	0	3	2	2	0	1	1	0	1	1	0	0	1	0	0	0	1	0	2	1	0	0	0	0	0	0	0	1	0	0	0	0	0	0	0	0	0	0	0	0	0	1	0	0	2	0	0	0	0	1	0	1	1	1	0	0	0	2	1	0	0	0	1	0	0	0	0	0	0	2	0	3	1	0	0	7	0	0	5	0	0	0	0	1	0	0	0	0	0	0	1	1	0	0	0	0	1	0	0	0	1	1	0	3	0	1	0	0	0	1	0	1	0	0	0	0	0	0	1	3	0	1	0	0	2	0	0	2	0	0	0	0	2	0	0	1	0	1	1	0	1	0	0	1	0	2	0	1	0	1	1	0	0	0	0	1	0	1	1	1	0	0	0	0	0	0	1	1	0	0	0	3	0	0	0	1	1	0	0	0	5	1	0	0	0	2	0	1	1	0	1	0	2	2	0	1	0	0	0	1	1	0	0	0	1	7	0	0	0	1	2	0	0	0	0	1	0	0	0	0	1	0	0	2	1	0	0	1	0	0	0	0	0	0	0
T[Ins(C):R3]A	0	1	0	0	0	0	1	0	0	0	0	0	0	0	0	0	0	1	0	0	2	0	0	0	0	0	0	0	1	5	0	0	1	0	0	0	0	0	0	0	2	0	1	0	1	0	0	1	1	4	0	0	0	0	0	0	0	0	1	0	0	0	0	0	1	0	0	0	1	0	12	0	0	0	0	1	0	1	0	0	0	0	0	0	0	0	0	0	0	0	1	0	0	1	0	0	1	0	5	0	0	0	3	0	0	0	0	0	1	0	2	1	0	0	0	0	7	0	0	2	0	0	1	0	2	0	1	3	0	0	0	0	0	2	0	0	2	0	0	0	0	0	0	0	0	0	0	0	0	0	1	0	0	0	0	1	0	0	0	0	0	0	0	0	1	1	0	0	2	1	0	0	0	0	0	1	0	0	0	0	0	0	0	0	0	0	0	0	0	4	0	1	0	10	0	1	3	0	0	0	1	1	1	0	0	0	0	0	1	1	0	1	0	0	0	2	1	0	5	6	1	0	1	0	1	1	0	0	0	1	1	0	0	0	0	0	3	10	0	0	0	0	1	0	1	0	0	0	0	0	2	0	0	3	0	0	0	0	0	0	0	0	0	0	0	0	0	0	1	0	0	0	0	1	0	0	0	0	0	0	0	0	0	0	0	0	0	0	0	3	0	0	0	5	0	1	0	1	6	1	0	0	0	1	0	0	1	0	1	2	0	3	0	0	0	1	0	0	1	1	0	0	0	9	0	0	0	4	2	1	0	0	0	0	2	0	0	0	2	0	1	3	2	0	0	0	1	0	0	0	0	1	1
T[Ins(C):R3]G	0	0	0	0	0	0	1	0	0	0	0	0	0	0	0	0	0	0	0	0	0	0	0	0	0	0	0	0	0	3	0	1	0	0	0	0	0	1	1	0	1	1	0	0	0	1	0	0	0	1	0	0	0	0	0	0	0	0	0	0	0	0	0	0	0	0	0	0	0	1	1	0	1	0	0	0	2	0	0	0	0	0	1	0	0	0	0	0	0	0	0	0	0	0	0	0	0	0	5	0	0	0	2	0	0	0	0	0	0	0	0	0	0	0	0	0	5	0	0	4	0	0	0	0	2	0	1	2	0	0	0	0	0	0	0	0	1	0	0	0	0	0	1	1	0	0	0	1	0	0	0	0	0	0	0	0	0	0	0	0	0	0	0	0	0	0	0	0	0	0	0	0	0	0	0	0	0	1	0	0	0	0	0	0	0	0	0	0	0	2	0	0	0	5	0	0	0	0	0	0	0	0	0	0	0	0	0	1	0	0	0	0	0	0	0	0	0	0	1	1	0	0	0	0	0	0	0	0	0	0	0	0	1	0	0	0	0	3	0	0	0	0	0	0	0	0	0	0	0	0	1	0	0	2	0	0	0	0	0	0	0	0	0	0	0	0	0	0	1	0	0	0	0	0	1	0	0	0	0	0	1	0	0	0	0	0	0	0	0	0	0	0	0	1	0	0	0	0	2	0	0	0	0	0	0	0	0	2	0	0	0	1	0	0	0	0	0	0	0	0	0	0	0	1	0	0	0	0	0	0	0	0	0	0	0	0	0	0	1	0	0	0	0	0	0	1	0	0	0	0	0	0	0
T[Ins(C):R3]T	0	0	0	0	0	0	0	0	1	0	0	0	0	0	0	0	0	0	1	0	0	0	0	0	0	1	0	1	0	2	0	0	0	1	0	0	1	0	1	0	6	0	1	0	0	0	0	0	1	1	0	1	1	0	0	0	0	0	0	0	0	1	1	1	0	0	1	0	0	1	6	0	2	0	0	1	0	0	0	1	0	1	1	1	1	0	0	0	0	0	0	0	1	0	0	0	0	0	2	1	0	0	1	0	0	0	0	2	1	0	1	0	0	0	0	0	1	0	0	1	0	0	0	1	3	0	0	2	0	0	0	0	1	0	1	1	0	2	1	0	2	0	0	3	0	1	0	2	3	0	0	0	0	0	0	0	1	0	0	0	0	2	1	0	1	0	0	0	0	0	0	0	0	0	0	0	0	0	1	1	0	0	0	0	2	0	0	0	0	1	2	0	0	13	0	1	2	0	0	0	0	0	1	0	1	0	0	0	0	3	0	0	1	1	1	0	1	0	0	2	1	0	0	0	0	0	0	1	1	0	0	1	1	0	0	0	0	3	0	0	0	0	0	0	1	0	0	1	0	0	6	0	1	1	0	0	1	0	0	0	0	0	1	0	0	0	0	0	0	1	1	0	0	0	1	1	0	0	1	0	0	1	0	0	1	0	0	0	1	0	0	0	1	2	0	1	0	0	8	0	0	0	0	0	0	0	0	1	0	1	1	1	0	0	1	1	0	0	0	0	0	2	0	7	0	1	0	1	1	0	0	0	0	0	0	0	0	0	0	0	0	2	1	0	0	0	1	0	0	0	0	0	0
T[Ins(C):R4]A	0	1	1	0	0	0	0	1	0	0	0	0	0	0	2	0	0	2	1	1	2	0	0	0	0	0	1	0	0	4	0	1	1	1	0	1	4	6	0	0	133	1	0	1	1	0	0	1	1	19	0	1	0	0	1	0	0	0	1	0	0	0	0	2	0	1	0	1	0	2	13	0	1	1	0	0	1	0	0	0	0	0	3	0	1	1	2	2	0	1	0	0	0	1	0	0	0	0	5	0	0	0	3	2	0	0	0	2	1	0	1	2	0	0	0	0	6	0	0	5	0	1	1	0	4	0	1	6	0	0	0	0	0	2	0	2	5	3	0	0	0	0	0	1	0	2	0	0	0	0	1	2	1	0	0	1	0	0	0	0	0	0	0	0	1	0	0	0	1	4	0	1	0	0	0	3	0	0	0	0	1	0	0	0	0	0	0	0	0	2	2	0	0	18	0	0	5	1	0	0	0	0	1	0	2	2	0	0	0	4	0	2	0	0	1	1	0	0	5	8	0	0	1	0	1	0	0	1	0	1	0	0	1	0	0	0	2	12	0	0	1	0	0	0	0	0	2	0	0	0	27	0	1	1	0	0	3	0	0	0	0	0	0	0	0	0	0	0	0	0	1	0	0	0	0	1	2	1	0	0	0	0	1	1	0	1	0	1	0	1	0	0	0	8	0	0	0	0	11	0	0	0	0	3	0	0	1	0	0	0	2	1	0	0	0	1	0	0	1	0	0	0	0	5	0	0	1	0	1	1	0	0	0	1	0	0	0	0	0	0	0	25	0	0	1	0	0	0	3	0	0	0	1
T[Ins(C):R4]G	0	0	0	0	0	0	1	0	0	0	0	0	0	0	0	0	0	1	0	0	0	0	0	0	0	0	0	0	0	1	0	0	0	0	0	0	0	0	0	0	5	0	0	0	0	0	0	0	0	0	0	0	0	0	0	0	0	0	0	0	0	0	0	0	0	0	0	0	0	0	3	0	0	0	0	0	0	0	1	0	0	0	0	0	0	0	0	0	0	0	0	0	0	0	0	0	0	0	2	0	0	0	0	0	1	0	0	0	0	0	0	0	0	0	0	0	0	0	1	0	0	0	0	0	0	0	0	1	1	0	0	0	0	0	0	0	2	1	0	0	0	0	0	0	0	0	0	0	0	0	1	1	0	0	0	0	0	0	0	0	0	0	0	0	0	0	0	0	0	0	0	0	0	0	0	1	0	0	0	0	0	0	0	1	0	0	0	0	0	1	0	1	0	3	0	1	0	1	1	0	0	0	0	1	0	0	0	0	0	1	0	0	0	0	0	0	0	0	1	0	0	0	0	0	0	0	0	0	0	0	0	0	0	0	1	0	1	0	0	0	0	0	0	0	0	0	0	0	0	0	3	1	0	0	0	0	0	0	0	0	0	0	0	0	0	0	0	0	0	0	1	0	0	0	0	0	0	0	0	0	0	0	0	0	0	0	0	0	0	0	0	0	0	0	0	0	0	0	1	0	0	0	0	0	0	0	0	0	0	0	0	0	0	0	0	0	0	0	0	0	0	0	0	1	0	0	0	1	1	1	0	0	0	0	0	0	0	0	0	0	0	1	0	0	0	0	0	0	0	0	0	0	0
T[Ins(C):R4]T	0	0	0	1	1	0	0	0	0	0	0	0	0	0	0	1	0	1	0	0	1	0	0	0	0	0	0	0	0	4	0	1	0	0	0	0	1	0	0	0	78	0	1	0	0	0	0	0	1	12	0	0	1	0	0	1	0	1	0	0	0	0	0	0	0	0	0	0	0	2	6	0	0	0	0	0	0	0	0	0	0	0	1	0	3	0	0	1	0	0	0	1	0	0	0	0	1	1	4	2	0	0	0	0	0	0	0	0	0	0	0	1	0	0	0	0	4	0	0	3	0	0	1	0	0	0	1	4	0	1	1	0	0	0	1	0	0	2	0	0	0	0	0	1	0	0	0	2	0	1	0	0	1	0	0	1	1	0	0	0	1	0	0	0	1	0	1	0	0	1	0	1	0	1	0	2	0	0	0	0	1	0	0	0	0	0	0	0	0	1	0	1	1	6	0	0	2	0	0	0	1	0	0	0	0	0	0	0	1	3	0	0	0	2	0	0	0	0	0	2	0	1	0	0	0	1	0	0	0	1	0	0	0	1	0	0	0	4	0	0	0	0	0	0	0	0	0	0	0	0	23	0	0	1	0	0	1	1	1	0	0	0	2	0	0	0	0	0	2	0	0	0	0	0	0	3	1	0	0	0	0	0	2	0	0	0	0	1	0	0	0	0	0	2	0	0	0	0	13	0	0	0	0	0	0	1	1	0	0	0	0	1	1	0	0	0	0	0	0	0	0	0	0	5	0	2	0	0	1	0	0	1	0	0	0	0	0	0	0	0	0	6	0	0	0	0	0	0	0	0	0	0	0
T[Ins(C):R5]A	0	1	0	0	0	0	0	0	0	0	0	0	0	1	0	0	0	0	0	0	0	1	1	0	0	0	0	0	1	5	1	0	0	0	1	0	1	0	1	1	29	0	0	0	0	0	0	1	1	8	0	0	0	0	0	0	0	0	0	0	0	1	0	1	0	1	0	0	0	0	12	0	0	0	0	0	1	0	1	1	0	0	0	0	1	0	1	0	0	0	0	1	0	0	0	0	0	1	5	0	0	0	4	0	0	0	0	0	0	0	0	1	0	0	0	0	1	1	0	3	0	2	0	1	3	0	1	1	0	1	0	1	1	3	0	0	2	1	1	0	0	0	0	3	0	2	0	0	0	0	1	0	1	0	0	0	1	0	0	0	0	0	0	0	0	1	0	0	0	0	2	1	0	0	0	1	0	0	0	0	1	0	0	0	1	0	0	0	0	1	0	0	0	7	0	0	3	0	0	1	1	0	0	0	0	0	0	0	0	1	0	0	0	0	0	2	0	0	3	5	0	0	0	0	0	0	0	2	0	0	0	0	0	0	0	0	1	5	0	0	0	0	0	0	0	0	0	0	0	0	18	0	1	2	0	0	0	0	1	1	0	0	0	0	0	0	0	0	0	1	0	0	0	0	0	2	0	1	0	0	0	0	0	0	0	0	0	0	0	0	0	0	0	4	0	0	0	0	7	0	0	0	0	0	1	0	1	0	0	0	1	0	0	0	0	2	0	0	0	0	0	0	0	0	1	0	0	2	2	0	0	1	0	0	0	0	0	0	0	1	1	11	0	1	2	0	0	0	0	0	1	0	0
T[Ins(C):R5]G	0	0	0	0	0	0	0	0	0	0	0	0	0	0	0	0	0	0	0	0	0	0	0	0	0	0	0	0	0	0	1	0	1	0	0	0	0	1	0	0	6	0	0	0	0	0	0	1	0	2	0	0	0	0	0	0	1	0	0	0	0	0	0	0	0	0	0	0	0	0	3	0	0	0	0	0	1	0	0	0	0	0	0	0	0	0	0	0	0	0	0	0	0	0	0	0	0	0	0	0	0	0	0	1	0	0	0	0	0	0	0	0	1	0	0	0	1	0	0	0	0	0	0	1	0	0	0	0	0	0	0	0	0	0	0	0	0	0	0	0	0	0	0	0	1	0	0	0	0	0	0	0	0	0	0	0	0	0	0	0	0	0	0	0	0	0	0	0	0	0	0	0	0	0	0	0	1	0	0	0	0	0	0	0	0	0	0	1	0	0	0	0	0	1	0	0	0	0	0	0	0	0	0	0	0	0	0	0	0	0	0	0	0	0	0	0	0	0	1	1	0	0	0	0	0	0	0	0	0	0	0	0	0	0	0	0	0	0	0	0	0	0	0	0	0	0	1	0	0	0	2	0	0	0	0	0	0	0	0	0	0	0	0	0	0	0	0	0	0	1	0	0	0	0	0	0	0	0	0	0	0	0	1	0	0	1	0	0	0	0	0	0	0	0	0	0	0	0	1	0	0	0	0	0	0	0	0	3	0	0	0	0	0	0	0	0	0	0	0	0	0	0	0	0	0	1	0	0	1	1	0	0	0	0	0	0	0	0	0	0	0	5	0	0	0	1	0	0	0	0	0	0	0
T[Ins(C):R5]T	0	0	0	0	0	0	0	0	0	0	0	1	1	1	0	0	0	0	0	0	0	0	0	0	0	0	0	0	2	3	0	0	1	0	0	0	0	3	0	0	39	0	0	0	0	0	0	0	1	16	0	1	0	0	0	3	1	0	0	1	0	0	0	1	0	0	0	0	1	0	7	0	0	0	0	0	1	0	0	0	1	0	2	0	0	0	0	1	3	1	0	0	0	0	0	0	0	0	5	2	0	0	3	0	0	0	0	4	2	0	1	1	0	0	0	0	5	0	0	2	0	0	0	0	0	0	0	2	0	0	0	0	0	0	1	0	2	0	1	1	0	1	0	1	0	2	0	1	0	0	0	0	0	0	0	1	0	0	0	1	0	0	0	1	2	0	1	0	0	2	0	0	0	0	0	1	0	0	0	2	2	0	0	0	0	0	0	0	0	1	2	0	0	1	0	1	1	0	0	0	0	3	0	0	0	0	0	0	0	3	0	0	1	0	0	0	1	1	1	3	0	0	0	0	0	0	0	0	0	0	0	0	0	0	0	0	0	3	1	0	1	0	0	0	0	0	0	0	0	1	17	0	0	0	0	1	2	0	0	0	0	0	1	0	0	1	0	0	0	1	1	0	0	0	0	1	0	0	0	0	0	0	1	0	0	2	0	1	0	0	1	0	0	1	0	0	0	0	5	0	0	0	0	1	0	1	0	0	0	0	0	2	0	0	0	1	0	0	0	0	1	0	0	0	0	1	0	2	0	1	0	0	0	0	0	0	0	0	1	0	1	9	0	1	1	0	1	0	0	0	1	0	0
T[Ins(C):R6]A	1	0	0	0	0	0	0	1	0	0	0	1	0	0	0	0	0	0	0	0	0	0	0	0	0	1	0	0	2	1	1	2	0	0	0	1	2	1	0	0	43	2	0	0	0	0	0	0	0	19	1	0	0	0	0	1	0	0	0	0	0	0	0	2	0	0	1	0	0	2	2	0	0	0	0	0	0	0	0	0	0	0	2	0	0	0	0	1	0	0	0	0	0	0	0	0	0	0	2	0	0	0	0	0	0	0	0	0	0	0	1	1	0	0	0	0	0	0	0	2	0	0	0	1	2	0	0	3	0	0	0	1	0	0	0	0	1	1	0	0	0	0	0	2	0	1	0	0	2	0	0	0	0	0	0	0	0	0	1	0	0	0	0	0	1	0	0	0	1	1	0	0	0	0	0	1	0	0	1	0	1	1	0	0	0	0	0	0	0	3	1	0	0	3	0	0	1	0	1	0	0	0	1	0	1	0	0	0	1	2	0	0	0	0	1	1	0	0	1	2	0	0	0	1	0	0	0	4	0	0	0	0	1	1	0	0	4	1	0	0	1	2	1	0	1	0	0	0	0	0	21	1	0	1	0	0	1	0	1	0	0	0	1	0	0	0	0	0	0	2	0	0	0	0	0	0	0	0	0	0	0	0	2	0	0	0	0	1	0	1	0	0	0	2	0	1	0	0	2	0	0	0	1	0	0	4	0	0	0	0	1	1	0	0	0	1	0	0	1	1	0	0	0	1	0	0	0	0	3	0	0	0	0	0	0	0	0	1	1	1	0	15	0	0	3	1	0	0	0	0	0	0	0
T[Ins(C):R6]G	0	0	0	0	0	0	0	0	0	0	0	0	0	0	0	0	0	0	0	0	1	0	0	0	0	0	0	0	0	0	0	0	0	0	0	0	0	4	0	0	12	0	0	0	0	0	0	0	0	2	0	0	0	0	0	0	0	0	0	0	0	0	0	0	0	0	0	0	0	0	0	0	0	0	0	0	1	0	0	0	0	0	0	0	0	0	0	0	0	0	0	0	0	0	0	0	0	0	3	0	0	0	0	0	0	0	0	0	0	0	0	0	0	0	0	0	0	0	0	0	0	1	0	0	0	0	2	2	0	0	0	0	0	0	1	0	0	0	0	0	0	0	0	0	0	1	0	0	0	0	0	0	0	0	0	0	0	0	0	0	0	0	0	0	0	0	0	0	0	1	0	0	0	0	0	1	0	0	0	0	0	0	0	0	0	0	0	0	0	1	1	0	0	0	0	0	1	0	0	0	0	0	1	0	0	0	0	0	0	0	0	0	1	1	0	0	0	0	1	0	0	0	0	0	0	0	0	0	0	0	0	0	0	0	0	0	0	1	0	0	0	0	0	0	0	0	0	0	1	0	10	0	0	0	0	0	0	0	0	0	0	0	1	0	0	0	0	0	0	1	0	0	0	1	0	0	0	0	0	0	1	0	0	0	0	0	0	0	0	0	0	0	0	0	0	0	0	1	0	0	1	0	0	0	0	0	0	2	0	0	0	0	0	0	0	0	0	0	0	0	0	0	0	0	0	0	0	3	0	0	0	0	0	0	0	0	0	0	0	0	0	4	0	1	0	1	0	0	1	0	0	0	1
T[Ins(C):R6]T	0	0	0	0	1	0	1	0	0	0	0	0	0	1	0	0	0	0	0	0	0	0	0	0	0	0	0	0	1	0	1	0	1	0	0	0	2	2	0	0	24	0	0	0	0	0	0	0	0	10	0	0	1	0	0	0	0	0	0	0	0	0	0	0	0	0	0	0	1	0	2	0	0	0	0	0	0	0	0	0	0	0	0	0	0	0	0	0	0	0	0	0	0	0	0	0	0	0	2	0	0	0	0	0	0	0	0	1	0	0	0	0	0	0	0	0	3	0	0	1	0	0	1	0	3	0	1	1	0	1	0	0	1	0	0	0	0	0	0	0	1	0	0	0	0	0	0	1	0	0	0	0	0	0	0	1	0	0	0	0	0	0	0	0	0	0	0	0	0	2	0	0	0	0	0	0	0	0	0	0	0	0	1	1	0	0	0	0	0	2	0	0	0	4	0	0	1	1	0	0	1	0	0	0	0	0	0	0	0	1	0	0	1	0	0	0	0	0	0	0	0	0	0	1	0	0	0	0	0	0	0	0	0	1	0	0	1	0	0	0	0	0	0	1	0	0	0	0	0	1	13	0	0	2	0	0	0	0	0	0	1	0	0	0	0	0	0	0	0	1	0	0	1	0	0	0	1	0	0	0	0	0	0	0	0	0	0	0	0	0	0	1	1	0	0	0	0	0	1	0	0	0	0	0	0	1	0	0	0	0	1	1	0	0	0	1	0	2	0	0	0	0	0	0	0	0	0	1	2	1	0	0	0	0	1	0	0	0	0	0	1	6	1	0	1	0	0	0	0	0	0	0	0
T[Ins(C):R7]A	1	0	2	1	1	0	0	1	1	0	0	0	1	2	1	1	0	1	0	0	0	0	0	0	0	0	1	0	0	0	2	2	0	0	2	0	3	2	0	0	66	3	2	0	1	0	0	0	2	31	1	0	0	0	0	0	0	0	0	0	0	0	0	5	0	0	0	0	0	0	0	0	0	2	0	0	1	0	0	0	0	0	1	2	0	0	0	1	0	0	0	0	1	0	0	0	1	0	0	0	0	0	0	0	0	0	0	0	0	0	0	2	2	0	0	0	2	0	0	2	0	0	3	0	1	1	2	1	0	0	0	0	0	0	1	1	2	2	0	0	0	1	1	3	0	2	0	1	0	0	0	0	3	1	0	2	0	1	0	0	0	3	1	0	1	0	1	0	0	2	3	1	0	0	0	1	0	0	1	0	3	0	2	1	2	0	0	0	0	0	2	0	0	0	1	0	0	0	1	1	0	0	0	0	2	3	0	0	0	2	1	0	0	1	0	0	0	0	5	0	0	0	0	0	0	2	0	4	1	0	0	0	2	0	0	0	0	1	1	0	1	3	1	0	0	0	0	0	0	0	34	1	1	0	1	0	5	0	0	0	1	0	0	0	0	0	0	0	0	3	1	0	0	0	0	1	3	0	0	0	1	0	1	0	0	0	0	0	0	0	0	0	0	0	0	0	0	1	4	0	2	0	0	1	0	1	0	0	0	0	2	0	0	0	0	1	0	1	0	0	2	0	0	0	0	0	0	1	1	0	1	0	0	0	0	0	0	1	1	0	2	12	2	3	0	0	0	0	0	0	0	1	3
T[Ins(C):R7]G	1	0	0	0	0	0	0	0	0	0	0	0	1	0	0	0	0	0	0	0	0	0	0	0	0	0	0	0	0	0	0	0	0	0	0	0	0	5	0	1	15	2	1	0	0	0	0	0	0	12	0	0	0	0	0	0	0	0	0	0	0	0	0	0	0	0	0	0	0	0	0	0	1	0	1	0	0	0	0	0	0	0	2	1	0	0	0	0	0	0	0	0	0	1	0	0	0	0	1	0	0	0	0	0	0	0	0	0	0	0	0	1	0	0	0	0	1	0	0	0	1	0	0	0	0	0	0	1	0	1	0	0	0	0	0	0	0	1	0	0	0	0	0	0	0	1	0	0	0	0	0	0	1	0	0	1	0	0	0	0	0	0	0	0	0	0	1	0	0	0	0	1	0	0	0	2	0	0	0	0	0	0	0	0	0	0	0	0	0	1	1	0	0	0	0	0	1	0	0	0	2	0	0	0	1	0	0	0	0	0	0	0	0	0	2	0	1	0	1	0	0	0	0	0	0	0	0	0	0	0	0	0	0	0	0	0	0	0	0	0	0	1	0	1	0	0	0	0	0	0	11	0	1	1	0	0	1	0	0	0	0	1	1	0	0	0	0	0	0	0	0	1	0	0	0	0	0	0	0	0	0	0	0	0	0	0	0	1	0	0	0	0	0	0	0	1	0	0	2	0	0	0	0	0	0	0	0	1	0	0	0	1	0	0	0	1	0	1	0	0	0	0	0	0	0	0	1	0	1	0	0	0	0	0	0	0	0	1	0	0	0	7	0	0	0	0	0	0	0	0	0	0	0
T[Ins(C):R7]T	0	0	1	2	0	1	0	1	0	1	0	1	0	0	0	0	0	0	0	0	1	0	0	0	0	0	0	0	0	1	1	1	0	0	0	0	1	1	0	0	23	1	1	1	0	0	0	1	0	11	0	0	0	0	0	0	0	0	0	0	0	0	0	0	0	0	0	0	1	0	0	0	0	0	0	0	0	0	0	0	1	0	2	1	0	0	0	0	0	0	0	0	0	0	0	0	0	0	0	0	0	1	1	0	0	0	0	1	0	0	0	0	0	0	0	0	0	0	0	0	1	0	1	1	1	0	0	0	0	0	0	0	0	0	1	0	0	0	0	0	1	0	0	0	0	0	0	0	0	0	0	0	0	0	0	1	2	0	0	0	0	2	0	0	0	0	0	0	0	0	0	1	0	0	0	1	0	0	0	1	0	0	0	1	0	0	0	0	0	0	0	0	0	2	0	0	1	0	1	0	0	0	0	0	0	0	0	0	0	0	0	0	0	0	0	0	0	0	1	2	0	0	0	0	0	0	0	0	0	0	1	0	0	1	0	0	0	0	0	0	1	0	0	1	0	1	1	0	0	0	15	0	2	0	0	0	1	0	0	0	0	0	0	0	0	0	0	0	0	1	0	0	0	0	0	0	2	0	0	0	0	0	0	0	1	1	0	1	0	0	0	0	0	2	0	0	0	1	1	0	0	0	1	1	0	0	0	0	0	0	0	0	0	0	0	1	0	1	1	0	0	0	0	0	0	0	1	0	0	0	0	0	1	0	1	0	0	2	0	0	0	7	0	1	0	2	0	0	0	0	0	0	0
T[Ins(C):R8]A	0	0	0	0	0	0	0	0	0	1	0	0	0	1	0	0	0	0	0	0	0	0	0	0	0	0	0	0	0	0	1	2	0	0	0	1	1	3	0	0	31	0	0	0	0	0	0	0	0	29	2	0	0	0	0	0	0	0	0	0	0	2	0	0	0	0	0	0	2	1	3	0	0	0	0	0	3	1	0	0	0	0	5	2	0	0	0	0	0	0	0	0	0	0	0	1	1	0	0	0	0	0	1	1	0	1	0	1	1	0	0	2	1	1	0	0	0	0	0	0	2	0	2	1	1	0	0	0	0	0	1	0	0	1	1	1	0	3	0	0	0	1	0	1	1	3	0	0	0	0	0	1	4	0	1	0	0	1	1	0	0	0	1	0	0	0	0	0	0	0	0	1	1	0	0	0	0	0	0	0	1	0	2	4	0	0	0	0	0	0	3	0	0	0	0	2	0	0	0	0	1	0	1	0	1	0	0	0	0	1	0	2	0	1	1	0	0	1	1	1	0	0	0	1	2	1	1	1	0	0	0	0	2	1	0	0	1	0	0	0	2	0	0	1	1	0	2	0	0	0	20	0	4	0	0	0	0	0	1	0	0	1	0	0	0	0	0	0	0	0	0	0	0	0	0	1	1	1	0	0	0	0	0	0	0	0	0	0	0	0	0	0	0	1	0	0	0	0	2	0	0	0	0	0	0	0	2	0	0	0	2	1	0	0	1	2	0	0	3	0	0	0	0	0	0	0	1	1	0	0	1	0	0	0	1	0	0	1	1	0	2	18	2	4	2	0	1	0	0	0	0	0	0
T[Ins(C):R8]G	0	0	0	0	0	0	0	0	0	0	0	0	0	0	0	0	0	0	0	0	1	0	0	0	0	0	0	0	0	0	0	0	0	0	0	0	1	2	0	0	6	0	0	0	0	0	0	0	1	5	0	0	0	0	0	0	0	0	0	0	0	1	0	1	0	0	0	0	0	0	0	0	0	0	1	0	0	0	0	0	0	0	1	0	0	0	0	0	0	0	0	0	0	0	1	0	0	0	0	0	0	0	0	0	0	0	0	0	0	0	0	0	0	0	0	0	0	0	0	0	2	0	0	1	0	0	0	0	0	0	0	0	0	0	0	0	0	1	0	0	0	0	0	0	0	0	0	0	0	0	0	0	0	0	0	2	0	0	1	0	0	1	0	0	0	0	0	0	0	2	0	0	0	0	0	0	0	0	0	0	1	0	0	0	0	0	0	0	0	0	0	0	0	0	0	1	0	0	0	0	0	0	0	0	0	2	0	0	0	0	0	0	1	0	0	0	0	0	2	0	0	0	0	0	0	0	0	0	0	0	0	0	0	0	0	0	0	0	0	0	0	0	0	0	0	0	0	0	0	0	5	0	0	0	0	0	0	0	0	0	0	1	0	0	0	0	0	0	0	0	0	1	0	0	0	0	0	0	0	0	0	0	0	0	0	0	0	0	0	0	0	0	0	0	0	0	0	0	1	0	0	0	0	0	0	0	0	2	0	0	0	0	0	0	0	3	0	0	1	0	0	0	0	0	1	0	1	0	0	0	0	0	0	0	0	0	0	0	0	0	0	2	0	0	0	0	0	0	0	0	0	0	0
T[Ins(C):R8]T	0	0	1	0	0	0	0	0	0	0	1	0	0	0	1	0	0	0	1	0	0	0	0	0	0	0	0	0	0	0	0	0	0	0	0	0	0	0	0	0	5	1	1	0	0	0	0	0	1	14	0	0	1	0	0	1	0	0	0	0	0	0	0	1	0	1	0	0	0	0	0	0	0	1	0	0	1	0	0	0	0	0	0	0	1	0	0	0	0	0	0	0	0	0	0	0	0	0	0	0	0	0	0	0	0	0	0	1	0	0	1	0	0	0	0	0	0	0	0	2	2	0	1	0	2	0	0	1	0	0	0	0	2	0	1	0	0	1	0	0	0	0	0	0	0	0	0	1	0	0	0	0	3	0	0	0	1	1	0	0	0	0	0	0	1	0	0	0	0	0	0	0	0	0	0	0	2	0	0	0	1	0	0	0	0	0	0	0	0	0	0	0	0	0	0	0	0	0	0	0	1	1	0	0	0	1	0	0	1	1	0	0	1	0	0	0	0	0	0	0	0	0	1	0	0	0	0	1	0	0	0	0	1	0	0	0	0	0	1	0	1	1	0	0	0	0	0	0	0	0	6	0	0	0	0	0	0	0	0	0	0	1	0	0	0	0	0	0	0	0	0	0	0	0	0	2	1	1	0	0	0	0	0	0	0	1	0	0	0	0	0	0	0	0	0	0	0	1	0	0	1	0	0	0	0	0	1	1	0	0	1	1	0	0	0	1	0	0	0	0	0	0	0	0	0	0	0	0	1	0	0	0	0	0	1	0	0	1	1	0	0	7	0	0	1	2	0	0	0	0	0	0	0
T[Ins(C):R(9,)]A	0	0	0	0	0	0	0	0	0	0	0	0	0	0	0	0	0	0	0	0	0	0	0	0	0	0	0	0	0	0	0	0	0	0	0	0	0	0	0	0	0	0	0	0	0	0	0	0	0	0	0	0	0	0	0	0	0	0	0	0	0	0	0	0	0	0	0	0	0	0	0	0	0	0	0	0	0	0	0	0	0	0	0	0	0	0	0	0	0	0	0	0	0	0	0	0	0	0	0	0	0	0	0	0	0	0	0	0	0	0	0	0	0	0	0	0	0	0	0	0	0	0	0	0	0	0	0	0	0	0	0	0	0	0	0	0	0	0	0	0	0	0	0	0	0	0	0	0	0	0	0	0	0	0	0	0	0	0	0	0	0	0	0	0	0	0	0	0	0	0	0	0	0	0	0	0	0	0	0	0	0	0	0	0	0	0	0	0	0	0	0	0	0	0	0	0	0	0	0	0	0	0	0	0	0	0	0	0	0	0	0	0	0	0	0	0	0	0	0	0	0	0	0	0	0	0	0	0	0	0	0	0	0	0	0	0	0	0	0	0	0	0	0	0	0	0	0	0	0	0	0	0	0	0	0	0	0	0	0	0	0	0	0	0	0	0	0	0	0	0	0	0	0	0	0	0	0	0	0	0	0	0	0	0	0	0	0	0	0	0	0	0	0	0	0	0	0	0	0	0	0	0	0	0	0	0	0	0	0	0	0	0	0	0	0	0	0	0	0	0	0	0	0	0	0	0	0	0	0	0	0	0	0	0	0	0	0	0	0	0	0	0	0	0	0	0	0	0	0	0	0	0	0
T[Ins(C):R(9,)]G	0	0	0	0	0	0	0	0	0	0	0	0	0	0	0	0	0	0	0	0	0	0	0	0	0	0	0	0	0	0	0	0	0	0	0	0	0	0	0	0	0	0	0	0	0	0	0	0	0	0	0	0	0	0	0	0	0	0	0	0	0	0	0	0	0	0	0	0	0	0	0	0	0	0	0	0	0	0	0	0	0	0	0	0	0	0	0	0	0	0	0	0	0	0	0	0	0	0	0	0	0	0	0	0	0	0	0	0	0	0	0	0	0	0	0	0	0	0	0	0	0	0	0	0	0	0	0	0	0	0	0	0	0	0	0	0	0	0	0	0	0	0	0	0	0	0	0	0	0	0	0	0	0	0	0	0	0	0	0	0	0	0	0	0	0	0	0	0	0	0	0	0	0	0	0	0	0	0	0	0	0	0	0	0	0	0	0	0	0	0	0	0	0	0	0	0	0	0	0	0	0	0	0	0	0	0	0	0	0	0	0	0	0	0	0	0	0	0	0	0	0	0	0	0	0	0	0	0	0	0	0	0	0	0	0	0	0	0	0	0	0	0	0	0	0	0	0	0	0	0	0	0	0	0	0	0	0	0	0	0	0	0	0	0	0	0	0	0	0	0	0	0	0	0	0	0	0	0	0	0	0	0	0	0	0	0	0	0	0	0	0	0	0	0	0	0	0	0	0	0	0	0	0	0	0	0	0	0	0	0	0	0	0	0	0	0	0	0	0	0	0	0	0	0	0	0	0	0	0	0	0	0	0	0	0	0	0	0	0	0	0	0	0	0	0	0	0	0	0	0	0	0	0
T[Ins(C):R(9,)]T	0	0	0	0	0	0	0	0	0	0	0	0	0	0	0	0	0	0	0	0	0	0	0	0	0	0	0	0	0	0	0	0	0	0	0	0	0	0	0	0	0	0	0	0	0	0	0	0	0	0	0	0	0	0	0	0	0	0	0	0	0	0	0	0	0	0	0	0	0	0	0	0	0	0	0	0	0	0	0	0	0	0	0	0	0	0	0	0	0	0	0	0	0	0	0	0	0	0	0	0	0	0	0	0	0	0	0	0	0	0	0	0	0	0	0	0	0	0	0	0	0	0	0	0	0	0	0	0	0	0	0	0	0	0	0	0	0	0	0	0	0	0	0	0	0	0	0	0	0	0	0	0	0	0	0	0	0	0	0	0	0	0	0	0	0	0	0	0	0	0	0	0	0	0	0	0	0	0	0	0	0	0	0	0	0	0	0	0	0	0	0	0	0	0	0	0	0	0	0	0	0	0	0	0	0	0	0	0	0	0	0	0	0	0	0	0	0	0	0	0	0	0	0	0	0	0	0	0	0	0	0	0	0	0	0	0	0	0	0	0	0	0	0	0	0	0	0	0	0	0	0	0	0	0	0	0	0	0	0	0	0	0	0	0	0	0	0	0	0	0	0	0	0	0	0	0	0	0	0	0	0	0	0	0	0	0	0	0	0	0	0	0	0	0	0	0	0	0	0	0	0	0	0	0	0	0	0	0	0	0	0	0	0	0	0	0	0	0	0	0	0	0	0	0	0	0	0	0	0	0	0	0	0	0	0	0	0	0	0	0	0	0	0	0	0	0	0	0	0	0	0	0	0
A[Ins(T):R0]A	2	1	0	1	0	0	0	0	0	0	0	0	0	1	0	0	0	0	0	0	7	1	1	1	0	1	1	0	3	8	6	42	2	1	10	4	5	8	1	0	50	1	5	3	1	1	0	5	1	117	4	2	1	2	0	3	1	1	0	0	0	1	6	12	1	0	2	1	0	4	21	5	2	1	9	5	22	1	3	1	1	2	14	6	4	2	0	3	1	2	0	1	1	5	1	3	0	0	16	0	0	2	6	2	0	2	0	31	2	2	8	7	4	2	2	1	8	0	2	8	9	3	15	6	11	1	4	6	1	1	2	2	1	7	3	2	7	5	0	3	3	1	3	11	1	10	1	1	2	2	5	4	9	2	1	10	4	3	6	1	0	4	6	0	2	2	1	1	1	23	3	9	6	1	1	1	3	0	3	4	5	2	0	9	5	0	2	1	5	2	10	2	0	19	0	0	10	1	4	2	10	4	5	2	6	1	1	0	3	7	1	6	3	4	0	1	0	2	8	9	0	1	6	2	3	4	4	9	0	3	2	1	4	9	2	1	4	12	5	2	9	0	4	2	1	5	1	2	1	3	39	3	9	5	0	1	23	1	1	2	1	3	0	1	0	1	0	1	1	1	3	1	0	4	2	6	6	1	1	1	0	2	2	3	26	2	1	3	1	0	1	2	2	7	2	5	2	4	17	0	5	2	1	8	2	2	3	2	0	6	5	7	0	1	2	2	2	38	6	1	2	0	1	4	1	2	6	2	1	1	0	0	3	0	0	2	1	3	6	2	5	26	4	1	12	4	1	1	3	0	1	1	1
A[Ins(T):R0]C	0	0	0	0	0	0	0	0	0	0	0	0	0	0	0	1	0	0	0	0	0	0	0	1	0	0	0	0	0	3	2	1	0	0	1	0	0	0	0	0	1	0	0	0	0	0	1	1	1	6	0	0	0	0	0	1	1	0	2	0	0	1	0	2	0	0	0	0	0	0	12	0	0	1	2	0	0	0	1	1	0	0	0	1	0	0	1	0	1	1	0	0	0	1	0	0	2	1	4	0	0	0	4	0	0	1	0	1	0	1	1	1	1	0	0	0	9	0	1	8	1	0	6	0	6	0	1	3	0	0	0	0	0	2	1	0	2	0	0	0	0	1	0	4	0	0	2	0	0	0	0	1	2	0	0	1	0	0	0	0	0	0	0	0	2	0	1	1	0	1	2	0	1	0	0	1	0	0	0	0	1	0	1	3	0	0	0	0	0	2	0	0	0	8	0	0	3	0	0	0	0	2	0	1	1	1	0	0	0	0	0	1	0	1	0	0	0	0	1	5	0	1	0	0	0	1	0	1	1	2	0	1	0	0	1	0	0	4	1	0	0	1	0	1	0	0	1	0	0	0	1	0	4	1	0	0	0	0	1	0	0	0	0	0	0	0	2	0	1	0	0	0	0	0	1	0	0	0	0	0	1	0	0	0	0	1	0	1	0	2	0	0	0	5	2	1	0	0	5	0	0	0	0	0	0	0	0	2	2	0	0	0	0	0	0	0	0	1	4	0	1	0	0	4	0	1	0	3	2	2	0	0	0	0	1	0	0	0	0	0	0	1	0	0	0	0	0	1	0	0	0	0	0
A[Ins(T):R0]G	1	1	0	0	0	0	0	0	0	1	1	1	0	0	0	0	0	0	1	0	0	0	0	0	0	0	0	0	1	6	1	2	1	0	0	0	0	1	0	1	23	2	0	0	0	0	0	0	1	22	1	1	1	0	0	2	2	0	0	0	0	0	1	0	0	0	0	0	0	1	31	0	3	1	2	2	1	0	0	0	0	0	1	0	2	1	1	0	1	0	0	0	1	0	1	0	0	1	12	2	0	0	8	1	1	0	0	2	2	0	1	1	1	0	3	1	11	0	1	23	0	3	2	1	12	1	4	11	0	0	1	1	0	0	1	0	10	0	1	0	0	2	1	9	0	1	0	0	2	1	1	3	0	0	0	0	0	0	0	1	0	1	0	0	0	0	1	0	1	3	0	1	0	1	0	1	0	0	0	0	1	1	2	2	1	0	0	1	0	7	1	0	0	21	0	0	4	0	0	0	4	2	0	0	0	1	0	0	1	2	0	0	0	3	0	1	0	0	17	8	1	3	0	0	0	1	0	1	1	2	0	0	1	1	1	0	1	11	2	0	0	0	0	0	0	0	1	0	0	0	11	0	2	1	0	0	2	0	0	2	2	0	0	0	0	0	1	1	0	0	0	0	0	0	2	3	2	1	0	0	0	0	0	1	2	1	0	0	2	0	1	0	2	8	0	3	0	0	8	0	0	0	0	1	0	0	0	0	0	0	0	1	1	1	1	0	0	1	0	0	0	0	0	2	1	1	0	2	0	3	1	0	3	1	0	0	1	0	0	0	0	5	0	0	0	1	0	0	1	0	1	0	1
A[Ins(T):R1]A	1	2	1	0	0	0	0	1	0	0	1	1	2	2	0	1	0	0	0	1	2	3	0	2	0	0	3	0	2	6	0	10	1	1	1	1	1	4	0	4	6	0	2	3	1	1	1	1	2	21	1	2	0	1	2	5	0	2	0	4	0	2	1	5	1	0	4	2	2	1	12	3	0	2	5	3	3	1	2	1	1	1	6	3	1	3	1	2	0	2	2	1	0	1	2	2	1	2	7	6	3	3	7	3	3	0	2	5	10	1	1	2	0	3	0	2	7	1	2	9	3	1	6	7	9	2	2	6	2	4	2	2	1	6	0	2	5	1	0	0	1	3	0	8	2	0	1	1	1	1	0	1	3	2	3	5	2	2	3	2	2	2	1	1	0	2	2	1	0	4	1	8	1	1	2	3	4	2	3	1	15	0	1	5	3	0	2	2	1	3	0	1	3	9	2	0	7	0	7	2	3	3	1	0	1	3	1	0	7	2	0	2	1	4	3	1	1	0	4	6	0	2	1	2	1	2	0	5	3	3	0	1	1	5	0	0	0	6	3	0	7	0	2	3	1	4	0	0	2	1	10	0	2	3	2	1	5	0	0	2	1	4	1	0	2	0	0	0	0	3	0	1	0	0	0	4	5	1	0	1	3	0	1	0	9	7	1	3	0	4	0	1	0	6	3	2	0	1	14	0	0	0	1	5	0	2	0	1	2	1	2	1	1	1	1	0	1	14	4	3	1	0	0	29	0	3	1	3	1	2	0	1	1	0	3	1	1	1	0	1	1	5	1	20	3	2	0	0	0	0	1	2	1
A[Ins(T):R1]C	0	0	0	1	1	0	0	0	0	0	1	0	0	0	0	0	0	0	0	0	1	1	0	0	0	0	0	0	1	1	2	2	0	2	1	3	0	1	1	1	2	1	1	1	0	0	0	0	0	41	1	0	0	1	0	1	0	0	0	1	0	0	1	2	0	0	0	0	0	1	5	2	0	0	0	1	3	0	1	0	0	0	1	0	0	0	0	0	1	0	0	0	0	0	1	0	0	1	2	0	1	0	3	1	0	0	0	1	0	0	1	4	0	1	0	0	5	0	0	4	1	3	0	1	4	1	3	2	1	1	0	0	1	0	0	1	5	0	0	1	0	0	0	1	0	0	1	0	0	0	0	1	1	0	0	1	0	0	2	1	0	2	1	0	0	0	0	0	0	0	2	0	0	0	1	0	0	0	1	0	3	1	0	0	1	1	0	1	0	1	0	0	1	7	0	1	0	0	0	0	1	0	0	0	0	1	0	0	0	0	1	1	0	0	0	0	0	0	3	1	0	1	0	0	1	1	0	1	2	1	0	0	0	1	0	1	0	3	0	1	0	0	0	0	1	0	0	0	1	1	4	0	0	0	0	0	1	0	1	0	0	0	0	1	1	1	0	0	2	0	0	1	0	0	0	1	0	1	1	0	1	0	1	0	3	0	0	0	0	2	0	0	0	1	0	1	0	0	3	0	0	0	0	3	0	0	1	0	0	1	0	2	0	0	0	0	0	3	0	0	0	0	0	3	0	2	0	2	0	1	0	1	0	0	1	0	2	1	0	0	1	0	0	0	3	0	0	0	0	0	1	1	0
A[Ins(T):R1]G	0	0	0	0	0	0	0	0	1	0	1	2	3	0	0	0	0	2	1	1	3	0	0	0	0	0	0	0	2	17	2	3	2	1	1	0	1	1	0	0	4	0	0	0	1	0	0	0	0	22	0	2	0	1	0	1	0	1	5	0	1	0	2	0	1	0	0	0	1	0	62	1	3	0	3	1	1	0	0	0	1	1	1	3	0	1	1	0	0	1	1	0	0	0	0	1	2	1	43	4	3	0	20	1	0	1	1	2	4	0	0	1	1	1	0	0	40	0	0	33	2	7	0	4	14	0	8	24	2	0	1	0	0	2	0	0	15	0	1	1	0	1	2	14	0	0	0	0	0	1	0	0	1	0	1	0	0	0	0	1	0	1	0	1	2	0	0	0	0	4	0	0	0	0	1	1	0	0	0	0	17	2	0	0	1	1	0	2	2	13	0	0	0	74	0	0	12	0	0	2	2	2	0	0	1	1	0	0	4	22	1	0	1	1	0	0	0	0	0	37	0	1	1	1	0	2	1	2	1	0	0	2	0	1	0	2	10	37	2	0	2	0	0	0	0	1	0	0	1	0	6	1	1	8	0	1	5	1	0	0	1	1	0	0	0	0	0	1	1	0	3	1	1	0	1	2	3	0	0	0	1	0	2	1	5	1	0	0	0	2	1	0	2	37	0	1	0	1	64	1	2	0	0	1	1	1	1	1	0	0	1	7	0	1	0	0	0	4	1	2	0	1	0	6	0	1	0	1	6	7	1	0	3	0	1	0	1	1	1	1	0	3	0	22	1	1	0	1	1	0	0	0	1
A[Ins(T):R2]A	2	0	0	1	0	1	0	0	0	1	1	0	0	2	0	1	0	0	0	0	5	0	0	1	0	2	1	0	1	1	2	7	0	0	1	4	0	1	3	1	14	0	1	1	1	1	1	1	1	24	1	0	1	0	0	0	2	1	0	0	3	0	1	3	1	0	3	1	1	2	10	0	1	1	4	0	4	1	0	2	1	0	1	1	3	1	2	0	1	0	0	1	4	2	2	2	1	0	2	3	2	0	5	1	0	0	0	0	1	1	4	3	0	0	1	2	1	0	1	4	1	0	3	0	3	2	1	2	0	0	1	1	2	5	0	1	2	1	0	1	1	0	0	5	0	3	2	2	1	1	3	1	0	0	0	0	0	1	1	1	0	4	2	1	3	0	0	1	0	5	0	2	0	0	2	2	0	0	1	1	6	1	1	5	1	0	0	1	1	2	3	1	2	5	1	0	2	1	0	1	0	0	2	1	3	2	0	0	1	5	0	2	3	1	0	0	0	0	3	3	2	1	1	2	2	1	3	2	0	1	0	0	4	3	0	0	2	3	1	1	1	1	1	1	0	0	0	0	2	0	10	3	1	2	0	1	6	0	0	0	1	1	1	1	0	0	1	1	0	0	2	0	0	0	2	1	1	1	0	0	1	0	1	0	4	1	0	0	1	3	0	1	0	4	0	0	0	1	7	0	4	1	2	3	1	2	2	0	0	1	3	2	2	1	1	1	0	4	0	0	3	0	0	79	1	0	1	1	0	0	0	1	0	2	2	0	0	2	0	1	1	6	2	5	7	2	0	0	2	0	1	2	0
A[Ins(T):R2]C	0	0	0	0	0	0	2	0	1	1	1	0	1	1	0	0	0	1	0	0	0	0	0	0	0	0	0	1	0	0	1	2	1	1	2	0	1	1	0	0	8	0	0	0	0	0	1	1	1	71	0	0	0	0	0	1	1	2	0	0	0	2	0	0	0	0	0	0	1	1	2	0	1	1	0	0	0	0	0	0	0	0	1	1	0	0	0	0	0	0	0	0	0	0	0	0	0	1	4	2	1	1	2	1	1	1	0	0	0	1	1	1	0	0	1	1	7	1	0	4	0	0	0	1	3	0	1	0	1	0	0	0	0	2	0	1	2	0	0	0	0	0	0	2	1	0	0	1	0	0	0	0	0	0	1	0	1	0	1	0	0	0	0	0	1	0	0	1	0	1	0	0	0	0	2	0	0	1	1	0	3	1	0	0	0	0	0	0	0	1	0	0	0	3	1	0	1	0	0	0	0	2	0	0	0	2	0	0	2	2	0	0	0	1	0	0	0	0	3	1	0	0	0	0	0	0	0	0	0	0	0	0	1	0	0	1	0	4	1	0	0	0	0	0	0	0	0	0	0	1	9	0	1	2	0	0	1	0	0	1	0	0	1	0	1	0	0	0	0	2	0	0	0	0	0	2	1	0	0	0	0	0	0	0	3	4	0	0	0	0	0	1	2	1	0	0	0	0	3	0	1	0	0	0	1	0	1	0	0	0	0	0	0	0	0	1	0	2	1	0	0	0	0	2	0	0	1	1	2	0	0	0	1	1	3	1	1	0	0	0	0	3	1	1	1	1	0	0	0	0	0	0	0
A[Ins(T):R2]G	0	1	0	0	0	0	0	0	0	0	0	1	0	0	0	0	0	0	0	0	1	0	0	0	0	0	0	0	0	44	2	2	2	4	1	1	0	4	0	0	33	1	0	0	0	1	1	0	2	15	0	0	0	0	0	0	0	1	0	0	1	1	0	0	0	0	0	0	0	1	155	0	0	0	1	0	4	0	0	0	2	1	0	1	0	0	0	1	0	0	1	0	1	1	0	1	0	0	88	2	1	0	46	0	0	0	1	0	2	2	0	0	0	0	0	0	58	1	0	71	0	4	1	1	23	0	6	53	1	0	0	3	5	2	2	0	40	1	0	0	0	0	0	20	0	0	1	0	1	0	0	5	0	0	5	0	0	1	1	3	1	0	0	0	4	0	1	1	0	0	3	1	1	0	0	3	0	0	1	0	0	0	0	0	1	0	0	0	0	25	0	0	0	129	0	0	21	0	0	0	1	0	1	0	0	3	1	0	1	26	0	1	2	5	0	0	0	0	0	55	0	0	3	0	1	1	0	0	1	2	0	0	1	1	2	0	25	59	1	0	3	0	0	0	0	0	2	0	1	0	31	1	1	8	0	0	3	0	0	0	0	0	0	0	0	0	0	1	0	0	2	0	0	0	0	2	0	0	1	1	0	0	0	0	1	1	0	0	0	0	1	0	0	54	0	1	0	1	99	0	0	0	0	1	0	0	2	1	0	2	0	2	0	0	0	1	0	1	0	0	1	0	1	15	0	0	0	2	8	12	0	0	0	0	0	0	0	0	1	0	1	6	1	2	5	0	1	0	3	1	0	0	1
A[Ins(T):R3]A	1	1	1	0	1	0	1	1	0	0	1	0	1	0	1	0	0	0	0	0	2	0	0	0	0	0	1	0	0	0	1	0	1	2	0	2	3	3	3	0	12	1	3	0	0	1	2	0	0	26	0	1	0	1	1	0	0	1	0	0	0	1	1	5	1	0	0	0	0	0	7	1	1	0	3	1	1	0	0	1	2	1	4	2	2	1	0	0	0	1	1	2	2	0	0	0	0	0	6	0	0	1	2	0	1	1	0	5	1	0	3	1	0	2	1	0	2	0	0	1	0	1	3	1	0	0	0	7	0	1	0	1	3	4	2	0	3	1	0	0	0	0	0	0	0	3	1	3	2	0	1	0	0	0	1	0	0	0	1	0	0	2	2	0	0	1	1	1	2	5	2	1	1	0	0	0	1	1	1	2	1	3	0	2	1	0	0	2	1	4	4	1	0	8	2	1	4	1	1	0	2	0	2	1	0	1	1	1	0	4	0	0	0	2	1	2	0	1	3	4	1	1	3	1	0	2	0	0	0	0	0	1	1	3	1	0	1	7	0	0	2	0	2	0	0	0	0	1	0	0	24	1	2	0	0	0	2	1	0	0	0	0	1	0	1	1	0	0	1	0	1	0	0	1	0	5	2	0	0	0	0	0	1	1	1	1	1	2	1	0	0	0	1	4	1	0	0	0	5	0	2	0	2	5	1	0	0	1	0	8	3	1	1	0	0	3	0	5	1	0	2	0	0	10	0	2	1	1	1	2	0	1	0	1	0	0	0	0	0	0	2	9	1	2	4	2	0	0	2	1	1	0	1
A[Ins(T):R3]C	0	1	0	0	0	0	0	0	0	0	0	1	2	0	0	1	0	1	0	0	2	0	0	0	0	0	0	0	0	0	0	1	1	3	0	0	1	0	0	0	9	1	0	1	0	0	0	0	1	33	0	1	0	1	0	0	0	0	0	0	0	0	0	0	0	0	0	0	0	0	3	0	0	0	1	1	1	0	0	0	0	0	0	1	0	0	1	0	0	2	0	0	0	1	1	0	0	0	1	1	0	1	1	0	1	0	0	0	1	0	0	1	1	1	0	0	1	0	0	2	1	0	0	0	4	1	0	1	1	0	0	0	1	1	1	0	0	1	0	0	0	1	0	2	1	2	0	1	1	0	0	0	0	0	0	0	0	0	1	0	0	0	0	0	0	1	0	0	3	2	0	0	0	0	0	1	0	0	0	0	1	0	0	0	1	0	0	0	0	2	3	0	0	3	0	0	1	0	0	0	2	0	0	0	0	0	0	0	1	0	0	0	1	0	1	3	0	0	0	0	0	0	0	0	1	1	0	0	0	0	0	0	1	0	0	0	1	0	0	0	0	0	1	0	0	0	0	0	0	0	10	0	5	2	0	0	0	0	0	0	0	0	1	0	0	0	0	0	0	0	0	0	1	0	1	0	0	0	0	0	0	0	0	0	1	0	0	0	0	0	0	0	0	0	0	1	0	0	2	0	1	0	0	0	0	0	1	1	0	0	0	2	0	0	1	0	0	2	0	0	0	0	0	0	1	1	2	0	0	0	0	1	0	1	5	0	0	0	1	0	0	3	0	2	3	1	0	0	0	0	1	2	0
A[Ins(T):R3]G	0	0	0	0	1	0	0	1	0	0	0	0	0	1	0	0	0	0	0	0	1	0	0	0	0	0	0	0	1	23	1	0	0	0	0	0	0	7	2	1	12	0	1	0	0	0	0	1	1	13	0	0	1	0	1	1	0	0	0	0	1	0	0	3	0	0	0	0	2	1	51	0	1	0	1	0	0	0	0	1	0	1	1	3	1	1	1	0	0	0	0	1	0	0	0	0	0	0	45	1	0	1	15	0	0	0	0	3	4	0	1	1	0	0	1	0	32	0	0	31	1	6	0	1	11	1	4	18	0	0	0	0	0	1	1	1	14	0	0	0	0	0	0	12	0	2	1	1	1	0	0	4	0	2	4	0	0	0	0	0	0	1	2	1	3	0	0	0	0	2	2	1	0	0	0	2	0	0	1	0	2	1	1	1	0	0	1	1	1	16	2	0	0	57	0	1	14	0	1	0	1	1	0	0	0	0	0	0	0	12	0	2	1	4	0	0	0	0	4	32	0	1	1	0	1	0	1	2	0	0	0	0	0	0	0	0	11	22	1	1	2	0	0	1	0	0	1	0	1	0	18	1	0	5	0	0	4	0	0	0	0	1	0	0	0	0	0	0	0	0	0	0	1	0	0	0	1	1	0	1	0	0	0	1	0	0	0	0	0	0	1	0	1	31	1	2	0	0	62	0	0	0	1	0	0	1	0	2	0	1	0	2	0	0	1	5	0	1	0	0	1	0	0	4	0	1	0	0	5	6	0	0	0	2	0	0	0	1	1	0	0	7	0	1	2	0	0	0	0	0	0	0	0
A[Ins(T):R4]A	1	0	0	0	0	0	1	1	1	0	0	1	1	4	1	0	1	0	0	0	1	1	0	0	0	0	0	1	1	3	0	6	0	1	0	2	3	3	0	1	55	3	1	1	1	0	1	0	3	17	1	0	0	0	0	1	0	2	2	0	1	0	0	1	0	0	0	1	3	2	1	0	1	0	2	4	3	0	1	1	0	0	3	1	0	0	0	0	0	0	1	0	1	0	0	2	0	0	4	3	0	0	4	1	0	0	0	1	1	0	1	1	0	0	0	1	2	0	0	2	0	4	1	2	2	0	1	5	0	1	0	0	0	1	1	0	1	2	0	0	0	0	0	1	0	5	0	0	0	0	2	1	0	1	0	1	0	0	0	0	0	1	1	1	4	1	0	0	0	3	3	3	0	2	0	0	0	0	0	1	3	0	0	3	0	1	1	1	1	4	5	0	0	5	0	0	2	0	2	0	3	1	1	0	1	1	0	0	0	4	0	1	1	1	0	0	0	0	3	1	0	0	2	3	1	0	2	0	0	1	2	0	1	1	0	1	0	5	1	0	2	2	0	0	0	0	1	0	1	0	45	0	0	1	0	1	6	0	0	0	1	0	1	0	0	0	0	0	0	1	0	1	0	0	0	2	1	0	0	1	0	0	0	0	4	3	1	1	0	1	0	0	0	1	0	0	1	1	2	0	2	2	0	1	0	0	1	0	1	0	2	1	0	1	1	3	0	2	1	0	0	0	0	0	1	1	2	0	1	1	0	2	0	0	0	0	0	1	4	1	1	14	3	2	2	1	0	0	1	0	0	0	1
A[Ins(T):R4]C	0	1	0	0	0	1	1	0	1	1	1	0	1	1	0	1	0	0	0	0	2	1	1	0	0	1	0	0	0	1	0	0	0	0	0	1	1	6	1	2	39	2	2	1	1	0	1	0	0	34	1	0	0	0	0	3	1	0	1	0	0	2	1	3	0	0	1	0	0	0	0	0	1	0	2	0	3	0	0	0	0	0	3	3	0	1	1	1	0	0	0	0	0	2	2	0	0	0	1	3	1	0	3	0	0	0	0	1	0	0	1	3	2	0	0	0	6	0	0	1	0	3	3	1	0	0	0	5	0	1	0	1	1	0	1	0	1	0	0	0	0	1	0	3	0	5	0	0	1	0	1	0	3	0	0	0	2	0	2	1	0	1	2	0	2	0	0	0	0	2	1	1	0	0	0	0	0	1	0	0	2	0	1	3	0	0	1	1	1	1	5	0	2	1	0	0	1	0	2	0	0	4	1	0	2	2	0	0	0	2	1	0	2	3	0	0	0	0	2	1	1	0	1	1	0	2	1	2	0	2	0	1	1	1	0	2	1	3	3	0	1	1	0	0	0	0	2	0	1	0	41	2	5	1	0	0	4	0	0	0	1	1	0	0	0	0	0	0	1	0	0	1	0	0	2	2	3	0	0	1	0	0	0	0	3	2	0	1	0	0	2	0	2	1	0	0	1	1	4	0	0	0	1	3	1	0	1	1	0	1	0	1	2	2	1	2	0	3	0	1	1	0	0	0	0	0	0	0	0	1	0	0	0	0	4	0	0	0	1	0	0	12	0	0	1	1	0	0	1	1	0	1	0
A[Ins(T):R4]G	0	0	0	1	1	0	0	0	0	0	1	1	0	1	2	0	0	1	1	0	3	0	0	0	0	0	0	1	0	7	1	4	0	0	0	0	1	3	1	0	44	2	0	0	3	0	0	0	2	21	0	0	0	0	0	2	0	1	1	0	1	1	2	2	0	0	1	0	0	0	7	0	0	0	0	1	5	0	0	0	0	0	1	2	1	2	0	1	0	0	0	0	0	1	0	0	1	0	21	4	1	0	6	0	0	0	0	2	1	0	1	2	0	0	1	0	4	0	0	8	2	1	6	1	5	0	3	7	0	1	1	0	1	0	0	1	7	0	0	1	0	1	0	4	0	1	0	1	0	0	0	1	1	0	0	1	1	0	0	0	0	2	3	0	2	0	0	0	1	5	0	3	0	1	0	2	0	0	0	1	1	2	1	2	0	0	0	2	0	14	1	0	0	22	0	0	9	0	3	0	1	2	0	0	2	0	1	0	0	8	1	0	0	3	1	1	0	0	3	8	0	0	1	0	0	1	1	0	0	0	0	0	0	0	0	0	3	11	2	2	3	1	1	1	2	0	0	0	0	0	50	0	4	1	0	0	4	0	1	0	0	1	0	0	0	0	1	1	1	0	3	1	0	0	1	1	3	2	2	0	1	0	1	0	4	2	0	2	0	1	0	0	3	8	0	4	0	0	22	0	1	1	1	3	0	1	0	2	0	3	0	3	0	0	1	7	0	1	1	0	1	0	0	4	0	2	1	2	5	1	0	0	0	2	1	0	0	2	0	0	1	15	0	0	3	0	0	0	0	0	0	0	1
A[Ins(T):R5]A	0	2	2	0	1	3	1	1	2	1	2	1	0	2	1	1	1	0	1	3	3	0	1	0	0	0	0	1	2	3	2	4	1	1	1	2	3	19	1	2	155	4	3	0	3	0	2	3	3	95	2	0	1	0	0	3	0	5	5	1	3	1	4	4	0	0	1	0	1	5	3	0	1	0	5	3	8	0	1	1	1	0	6	7	4	3	2	0	0	0	0	0	0	1	2	1	2	0	9	6	0	0	4	1	0	1	0	8	1	0	4	5	3	0	3	2	4	2	0	3	5	4	6	5	5	0	3	4	1	1	0	1	1	2	3	0	2	2	0	1	0	0	0	2	1	10	0	2	0	0	3	0	4	2	0	3	2	0	4	1	0	7	1	1	5	3	0	0	0	10	2	4	2	0	1	3	1	1	3	4	1	1	2	9	0	1	0	3	1	0	10	0	1	4	0	1	8	2	6	1	3	3	1	0	2	2	0	0	4	13	1	0	3	1	2	0	0	0	8	0	0	0	1	4	0	1	3	2	1	2	0	1	3	3	0	0	1	2	3	1	4	0	0	4	0	1	0	1	3	2	135	1	5	2	0	0	10	0	0	1	1	1	1	2	0	0	0	0	1	2	3	1	0	1	0	3	7	0	0	0	0	0	4	2	6	3	1	2	0	0	0	0	1	0	0	5	1	0	14	1	2	0	0	8	1	4	1	0	0	7	7	2	1	1	0	6	0	4	1	1	0	0	0	0	1	3	4	2	3	0	0	3	0	0	2	0	0	5	1	0	5	43	4	3	8	3	1	0	6	1	0	0	2
A[Ins(T):R5]C	4	5	1	3	1	0	2	1	1	3	3	2	2	5	4	3	4	1	4	1	7	1	1	0	0	0	1	0	5	1	4	2	2	1	1	2	5	15	1	0	78	5	3	3	3	0	1	1	3	85	2	0	1	1	0	2	1	2	5	4	0	0	3	6	1	2	0	1	0	2	0	0	0	1	2	4	10	0	1	0	0	0	8	6	3	2	0	2	3	0	0	1	0	0	0	3	0	0	10	5	0	0	0	2	0	1	0	8	3	0	5	4	2	0	0	0	7	1	1	5	5	6	11	1	4	0	3	4	1	1	0	0	2	2	2	0	1	2	0	1	1	2	0	2	0	13	0	4	1	0	1	0	1	1	2	7	3	0	1	1	1	4	2	0	4	1	0	0	1	14	5	6	1	0	0	4	2	0	0	2	4	3	5	7	4	1	2	4	0	1	13	1	0	4	0	0	8	0	11	0	2	1	2	1	4	2	0	0	5	7	0	1	0	6	3	1	0	2	6	4	1	1	3	11	1	5	5	5	0	2	0	0	6	2	0	1	1	2	1	0	5	2	0	2	1	0	2	0	2	0	123	2	6	2	0	0	12	0	1	0	1	1	1	0	0	0	0	0	1	3	2	0	1	0	0	6	7	1	1	0	0	0	5	1	4	4	0	1	1	0	3	1	1	2	0	2	0	1	22	0	1	0	4	6	1	2	2	1	0	8	18	4	0	0	2	9	2	10	3	0	1	0	0	1	0	5	6	2	8	2	0	1	1	1	0	0	0	5	4	0	3	38	4	3	3	3	0	0	2	0	0	2	1
A[Ins(T):R5]G	5	2	0	2	1	2	2	1	1	0	2	1	5	3	0	3	0	0	0	1	11	0	1	0	0	0	0	0	3	8	1	6	4	0	1	0	6	18	1	1	120	4	7	0	4	0	3	1	2	116	2	0	1	3	0	3	1	1	4	1	0	1	4	8	0	0	1	0	1	6	19	0	0	2	6	4	9	0	0	0	1	0	8	3	5	1	0	2	2	3	0	1	0	2	1	4	0	0	17	4	1	0	7	2	0	0	0	6	4	0	5	6	0	2	1	1	9	0	1	14	2	7	11	5	8	2	3	13	0	3	0	0	2	2	2	0	4	3	0	1	0	1	2	9	0	12	0	1	1	0	1	1	1	4	2	3	3	2	0	1	0	4	1	1	6	0	1	0	1	5	2	7	1	0	0	3	3	1	0	1	7	2	4	3	2	1	0	1	2	5	11	0	0	25	0	0	8	1	3	1	4	2	0	1	4	3	0	0	2	13	0	1	1	3	1	1	1	2	6	6	1	0	2	6	1	0	4	2	1	4	0	2	7	2	0	0	10	20	2	1	5	2	1	3	1	2	4	1	2	0	137	1	5	0	1	2	4	3	2	2	0	1	1	2	0	1	4	1	1	4	1	2	0	1	2	7	1	2	0	0	0	0	3	0	9	4	1	2	0	0	1	1	0	7	0	6	0	1	31	0	5	1	1	4	1	5	1	2	0	7	4	3	0	0	0	5	0	5	4	0	1	2	1	2	0	3	4	1	16	4	2	3	0	1	5	2	1	2	7	1	5	34	2	6	4	4	2	0	2	0	0	2	1
A[Ins(T):R6]A	8	3	8	5	6	2	5	4	6	8	8	1	1	7	3	7	5	2	4	4	12	2	0	1	0	0	0	1	7	6	2	12	4	4	4	1	7	41	1	1	272	4	5	2	1	0	1	7	5	156	7	0	1	0	0	7	1	11	9	1	0	5	7	13	1	0	0	1	3	10	8	2	2	0	6	4	14	0	0	0	2	0	14	12	5	3	1	2	5	0	0	4	1	4	2	2	0	3	20	8	3	1	8	1	0	1	0	7	2	1	9	15	5	0	4	0	7	1	3	4	9	9	11	4	11	3	2	11	1	4	0	0	5	2	3	3	1	5	0	0	0	2	2	5	0	25	1	5	2	2	1	3	4	3	2	12	3	4	6	3	0	7	12	1	8	1	0	0	6	28	4	19	4	1	0	9	4	2	2	1	15	0	5	17	3	0	0	6	0	5	25	1	0	8	2	1	16	1	7	0	4	7	1	1	10	4	0	0	4	15	1	4	1	8	1	6	1	0	17	2	0	2	2	9	4	5	3	9	2	5	0	1	11	1	0	1	0	12	8	1	14	1	2	4	2	2	4	0	4	0	237	1	9	4	0	1	19	1	0	2	1	8	1	4	0	0	0	0	0	10	2	1	0	1	1	12	9	2	1	0	0	1	9	3	13	6	1	6	2	2	1	5	5	2	0	10	2	2	22	1	8	3	3	17	1	4	2	1	1	10	26	4	2	0	3	14	3	20	6	0	2	2	2	0	1	5	9	8	6	2	2	5	1	2	8	0	0	14	10	0	10	92	16	10	10	9	7	0	5	0	1	2	3
A[Ins(T):R6]C	7	3	6	4	2	3	8	1	7	3	10	2	4	11	4	3	3	2	4	5	21	2	0	0	0	0	1	1	11	7	3	19	2	1	2	3	15	30	2	4	178	7	5	3	4	2	2	7	7	140	11	0	3	1	0	5	0	3	9	1	2	4	4	24	1	2	1	1	2	12	9	1	2	1	7	2	12	0	2	1	3	0	20	8	5	7	2	2	1	0	1	2	1	7	2	2	3	2	22	7	1	0	10	4	0	0	1	15	4	1	7	19	4	3	5	3	8	2	1	4	4	9	15	15	11	2	7	15	0	4	1	1	6	7	1	2	5	4	0	5	1	0	1	3	5	16	3	6	2	1	2	1	4	1	6	9	6	3	4	0	2	12	11	2	12	1	0	1	11	37	10	13	2	0	2	9	4	2	1	4	15	2	5	17	6	3	1	2	2	3	16	3	3	11	0	4	26	0	16	1	7	7	3	3	10	5	1	0	7	19	0	0	6	8	7	11	0	1	23	4	5	1	1	10	1	5	6	6	1	5	2	1	8	10	0	1	4	8	7	2	14	5	5	8	1	2	7	2	0	2	218	4	13	7	0	1	10	1	1	1	0	3	3	3	0	0	2	0	3	5	4	0	0	1	3	14	10	1	0	1	0	2	9	1	16	9	5	2	1	3	0	4	4	6	0	3	1	7	28	0	7	3	7	8	3	9	3	2	0	11	24	10	1	2	4	17	2	19	4	0	3	0	2	1	3	7	13	6	15	2	2	4	1	1	11	1	1	10	9	0	12	60	8	13	13	6	3	0	10	2	1	3	2
A[Ins(T):R6]G	7	8	4	6	6	1	3	3	6	5	6	3	1	5	2	4	3	1	5	3	5	0	1	0	0	0	2	2	7	12	4	10	6	1	5	6	15	47	5	4	286	7	5	0	6	0	4	5	9	229	10	0	2	1	1	4	1	12	6	3	1	9	8	25	1	2	2	0	5	6	21	6	7	0	5	9	21	0	1	1	2	1	20	10	10	4	0	4	0	0	0	4	6	5	2	8	1	0	23	12	2	3	6	2	2	1	4	12	6	1	17	24	4	5	3	3	19	3	3	8	7	19	14	11	12	1	10	21	0	3	1	0	7	7	13	1	11	14	1	1	0	3	2	6	1	30	2	8	3	0	3	3	7	6	2	8	3	0	12	0	1	16	6	0	14	2	0	1	2	21	10	17	1	0	2	12	5	0	0	2	12	2	11	16	3	1	3	8	6	8	30	1	0	34	1	1	20	0	13	1	3	5	5	2	20	3	0	0	7	30	3	1	8	9	3	2	0	0	21	11	3	1	7	16	1	6	8	7	1	5	0	0	9	13	0	2	6	20	5	2	11	6	4	11	4	1	6	2	5	0	346	3	11	5	1	2	19	1	1	0	4	7	1	0	0	0	1	2	1	8	0	1	0	4	2	14	20	4	0	0	2	1	9	0	23	8	1	5	0	2	0	2	5	11	1	1	0	3	44	2	1	2	3	18	5	12	2	4	0	13	20	6	1	3	3	16	2	13	11	3	3	0	2	4	2	11	5	7	9	2	1	7	1	0	6	0	0	19	15	1	9	98	6	4	14	9	1	1	7	0	1	4	1
A[Ins(T):R7]A	8	6	4	5	2	5	6	4	12	11	9	5	7	6	3	5	1	3	9	6	16	1	0	1	0	0	0	2	5	6	6	30	7	1	2	1	19	43	1	0	542	13	12	4	1	0	4	13	8	260	4	0	0	4	0	3	2	5	9	2	1	3	2	27	3	2	0	0	5	17	9	2	3	1	4	3	22	0	2	0	3	0	31	7	11	1	1	5	2	1	1	4	0	13	2	10	2	2	11	14	0	2	8	1	1	1	3	22	1	1	12	25	8	1	3	1	5	1	2	8	7	15	25	15	14	2	10	10	2	7	0	0	9	7	8	1	8	11	0	3	0	5	3	6	1	28	1	9	3	1	10	2	6	6	0	21	4	4	17	1	2	29	12	0	10	5	0	1	12	30	13	20	4	0	3	14	4	3	1	9	18	4	2	29	6	1	3	6	2	6	27	3	1	10	2	1	25	1	11	0	9	5	1	1	22	4	0	0	8	16	2	6	5	6	2	14	0	3	22	6	2	1	1	12	6	9	9	17	1	3	1	2	11	11	0	5	3	5	5	1	19	5	6	8	3	1	10	1	4	1	324	9	12	10	0	0	32	1	0	2	6	3	4	3	3	1	0	0	0	14	5	1	2	2	2	15	21	5	1	0	2	0	17	0	23	13	1	6	0	1	0	2	3	8	0	10	1	5	32	0	7	2	5	27	4	5	0	0	0	18	36	8	0	1	2	22	1	24	8	1	0	0	3	0	3	10	13	6	10	7	2	7	0	4	21	1	0	17	7	3	8	125	21	16	17	10	8	0	9	1	4	1	2
A[Ins(T):R7]C	9	6	6	2	2	2	7	2	11	3	4	3	10	7	3	9	2	2	8	7	15	2	0	1	0	0	0	0	8	9	4	21	6	3	5	2	14	41	1	5	258	14	10	0	5	1	7	5	7	197	6	1	3	3	0	12	0	11	10	2	3	6	0	26	1	3	1	0	4	11	12	1	3	2	10	7	21	2	2	0	5	0	29	14	15	0	0	5	1	0	0	3	1	6	3	6	2	1	17	13	2	2	8	0	1	1	1	22	6	1	11	14	6	0	3	2	10	4	0	6	14	16	18	16	15	2	9	12	1	3	0	0	8	8	10	1	8	10	1	2	2	3	4	4	0	25	2	5	3	3	8	5	4	3	1	17	13	2	11	0	3	18	9	0	7	2	0	0	5	40	11	25	3	1	0	0	7	1	0	7	11	1	4	21	5	1	3	3	7	3	26	1	0	6	3	4	25	1	15	0	12	14	1	3	10	6	2	1	8	27	0	2	10	3	8	5	1	0	29	1	2	0	8	13	2	10	5	12	3	0	0	3	13	16	1	2	10	14	15	3	13	11	0	15	3	6	7	1	4	0	277	6	16	5	0	4	22	2	1	2	3	4	7	3	5	2	0	0	2	9	8	3	1	3	1	21	25	3	1	1	2	1	4	0	23	12	1	7	0	3	2	4	4	1	0	6	1	6	33	1	7	5	3	20	4	11	1	1	2	17	36	8	2	0	1	31	1	18	4	1	1	1	0	3	3	11	19	3	14	2	3	8	2	1	12	0	0	15	13	1	12	72	13	14	22	7	3	0	9	0	1	1	5
A[Ins(T):R7]G	7	4	4	9	5	2	2	10	10	3	4	3	8	8	2	2	4	5	3	1	26	2	1	1	0	0	1	2	11	19	4	11	4	3	3	6	13	49	0	2	369	17	8	6	1	1	2	10	9	230	11	0	1	2	1	10	1	7	12	0	0	5	1	22	1	0	5	1	6	11	27	1	4	0	4	1	31	3	1	0	2	0	31	10	11	2	2	4	3	1	0	4	3	8	1	5	3	0	26	14	2	0	10	4	0	2	1	22	3	2	10	20	9	3	3	3	14	4	0	11	5	10	23	14	14	0	12	24	3	4	1	0	10	8	5	0	6	11	0	3	0	4	1	10	2	27	0	6	3	3	3	6	10	4	3	16	8	0	4	1	0	19	11	1	8	4	0	1	3	32	12	22	6	0	0	19	6	0	1	6	18	5	7	20	9	1	2	3	2	8	25	2	1	19	2	1	21	0	13	2	11	12	6	2	15	4	0	0	9	22	5	6	10	9	3	4	0	0	22	6	5	0	4	9	6	7	5	9	0	6	3	0	8	10	1	3	7	17	10	3	18	2	4	11	1	4	9	1	6	2	356	5	19	8	0	0	24	0	1	0	6	7	4	3	0	0	0	0	0	8	3	2	0	3	1	17	21	3	0	1	1	0	11	1	22	11	0	5	1	1	0	2	2	7	1	6	1	6	40	0	6	1	5	19	5	11	3	2	3	23	27	7	1	1	1	26	1	15	2	1	1	1	3	0	5	7	8	1	19	0	1	4	0	2	14	0	0	18	8	2	14	113	14	15	25	9	2	1	5	0	1	7	2
A[Ins(T):R8]A	9	5	1	5	1	4	4	4	10	9	9	7	7	7	3	5	4	2	4	8	30	2	1	1	0	0	2	2	9	7	6	27	3	3	8	4	17	43	3	3	463	8	13	1	3	1	8	11	4	336	9	1	2	2	0	7	0	8	14	4	2	5	8	42	0	1	2	1	5	25	10	0	3	3	9	10	37	0	2	0	0	2	47	16	14	2	2	8	7	1	1	4	2	17	6	11	3	0	11	33	1	2	8	2	3	1	0	25	8	1	23	17	3	4	4	3	3	2	4	7	14	9	22	17	13	1	7	23	0	9	1	0	16	4	10	1	4	9	0	0	1	5	4	5	2	34	2	10	3	1	16	2	9	8	3	21	8	1	8	0	4	39	7	0	9	5	0	0	7	23	9	26	5	1	3	15	9	3	1	3	31	6	6	30	6	4	3	11	6	1	33	1	0	11	1	2	21	1	14	1	17	9	3	1	16	5	0	0	13	17	2	8	7	8	3	7	0	3	38	8	3	1	9	8	8	8	9	14	1	2	2	3	21	16	0	3	4	10	9	5	21	4	7	19	1	4	6	1	2	1	339	7	12	10	0	1	26	0	1	1	0	4	3	4	4	1	1	1	0	4	6	0	2	1	4	20	23	4	0	1	0	3	7	3	25	7	1	14	4	1	1	3	5	8	0	10	2	5	42	1	12	5	5	34	5	20	2	4	1	18	41	12	2	3	2	30	1	26	8	1	4	0	2	3	3	6	10	10	8	5	2	6	0	1	13	2	2	18	18	0	13	158	15	10	27	11	5	0	15	0	1	3	4
A[Ins(T):R8]C	6	6	0	5	5	2	2	3	6	5	6	3	6	9	2	4	1	3	1	6	13	1	0	1	0	0	0	0	9	12	1	11	5	2	4	6	17	40	0	2	307	13	10	4	5	1	2	11	10	236	5	0	2	1	0	9	1	5	7	1	0	5	1	15	0	1	1	1	3	9	11	0	8	0	8	6	34	1	2	0	1	0	24	12	13	2	6	3	1	0	0	4	1	11	5	6	3	0	9	7	0	1	9	1	0	0	0	21	5	0	6	20	6	0	9	0	10	1	2	5	10	9	23	15	17	2	4	13	2	10	1	0	9	10	9	3	2	10	1	5	0	4	4	3	0	31	1	8	3	0	5	1	3	6	2	16	7	3	11	1	0	17	19	0	5	3	0	1	3	51	8	27	1	0	1	12	6	1	3	10	26	3	11	32	10	0	1	4	7	2	32	1	1	4	1	1	19	1	20	1	9	8	4	4	15	6	1	0	8	19	0	1	5	10	3	3	1	2	32	4	1	2	3	16	1	7	9	9	0	9	1	3	12	19	0	5	5	8	8	2	16	2	5	11	0	3	8	0	5	1	279	3	10	8	0	1	24	1	0	1	4	6	3	4	0	1	1	0	0	10	3	1	0	2	3	13	23	3	2	0	2	0	8	0	22	13	3	10	1	0	1	4	2	4	1	7	1	11	25	0	4	2	4	16	5	15	2	1	1	10	44	11	0	2	3	26	3	15	5	2	1	1	1	3	4	9	17	7	9	5	3	7	0	1	14	1	0	12	15	1	10	105	14	16	15	14	5	1	15	1	3	5	2
A[Ins(T):R8]G	8	9	3	5	3	5	5	3	8	2	6	2	4	8	3	2	0	1	4	5	19	3	0	0	0	0	2	4	8	12	3	28	2	3	1	6	19	46	0	2	332	12	12	8	2	0	3	11	3	282	13	0	1	2	1	6	1	8	9	4	1	6	0	29	1	3	2	2	6	10	5	4	8	2	12	3	27	1	3	2	2	0	33	18	15	4	2	3	4	4	0	4	2	9	2	8	1	2	22	21	0	2	8	2	0	2	0	26	12	3	12	18	5	2	7	2	7	3	2	5	8	19	16	15	16	6	6	16	0	4	0	0	13	9	6	1	5	21	1	2	1	1	2	6	3	41	0	7	0	3	8	5	4	2	0	18	11	4	16	3	1	28	11	2	10	7	2	1	5	46	6	32	3	2	0	14	9	2	1	7	13	6	6	33	4	2	3	2	4	3	41	2	1	9	2	0	26	0	11	0	14	9	7	1	12	11	0	0	4	12	3	4	7	9	6	5	0	3	36	1	3	1	3	8	5	10	11	14	3	8	0	0	14	13	1	2	4	6	7	2	20	5	2	13	1	5	9	0	4	1	306	6	12	7	0	1	24	1	0	3	5	9	4	10	1	0	0	0	2	5	3	1	2	3	0	19	21	7	0	1	0	0	12	0	36	9	3	2	0	1	3	2	4	4	0	9	2	4	30	1	3	2	4	31	3	7	4	3	1	24	33	8	0	0	3	26	0	28	8	0	6	1	1	0	1	10	13	6	13	5	3	4	1	1	11	0	1	20	9	5	12	124	13	9	20	11	4	0	10	1	0	7	4
A[Ins(T):R(9,)]A	0	0	0	0	0	0	0	0	0	0	0	0	0	0	0	0	0	0	0	0	0	0	0	0	0	0	0	0	0	0	0	0	0	0	0	0	0	0	0	0	0	0	0	0	0	0	0	0	0	0	0	0	0	0	0	0	0	0	0	0	0	0	0	0	0	0	0	0	0	0	0	0	0	0	0	0	0	0	0	0	0	0	0	0	0	0	0	0	0	0	0	0	0	0	0	0	0	0	0	0	0	0	0	0	0	0	0	0	0	0	0	0	0	0	0	0	0	0	0	0	0	0	0	0	0	0	0	0	0	0	0	0	0	0	0	0	0	0	0	0	0	0	0	0	0	0	0	0	0	0	0	0	0	0	0	0	0	0	0	0	0	0	0	0	0	0	0	0	0	0	0	0	0	0	0	0	0	0	0	0	0	0	0	0	0	0	0	0	0	0	0	0	0	0	0	0	0	0	0	0	0	0	0	0	0	0	0	0	0	0	0	0	0	0	0	0	0	0	0	0	0	0	0	0	0	0	0	0	0	0	0	0	0	0	0	0	0	0	0	0	0	0	0	0	0	0	0	0	0	0	0	0	0	0	0	0	0	0	0	0	0	0	0	0	0	0	0	0	0	0	0	0	0	0	0	0	0	0	0	0	0	0	0	0	0	0	0	0	0	0	0	0	0	0	0	0	0	0	0	0	0	0	0	0	0	0	0	0	0	0	0	0	0	0	0	0	0	0	0	0	0	0	0	0	0	0	0	0	0	0	0	0	0	0	0	0	0	0	0	0	0	0	0	0	0	0	0	0	0	0	0	0	0
A[Ins(T):R(9,)]C	0	0	0	0	0	0	0	0	0	0	0	0	0	0	0	0	0	0	0	0	0	0	0	0	0	0	0	0	0	0	0	0	0	0	0	0	0	0	0	0	0	0	0	0	0	0	0	0	0	0	0	0	0	0	0	0	0	0	0	0	0	0	0	0	0	0	0	0	0	0	0	0	0	0	0	0	0	0	0	0	0	0	0	0	0	0	0	0	0	0	0	0	0	0	0	0	0	0	0	0	0	0	0	0	0	0	0	0	0	0	0	0	0	0	0	0	0	0	0	0	0	0	0	0	0	0	0	0	0	0	0	0	0	0	0	0	0	0	0	0	0	0	0	0	0	0	0	0	0	0	0	0	0	0	0	0	0	0	0	0	0	0	0	0	0	0	0	0	0	0	0	0	0	0	0	0	0	0	0	0	0	0	0	0	0	0	0	0	0	0	0	0	0	0	0	0	0	0	0	0	0	0	0	0	0	0	0	0	0	0	0	0	0	0	0	0	0	0	0	0	0	0	0	0	0	0	0	0	0	0	0	0	0	0	0	0	0	0	0	0	0	0	0	0	0	0	0	0	0	0	0	0	0	0	0	0	0	0	0	0	0	0	0	0	0	0	0	0	0	0	0	0	0	0	0	0	0	0	0	0	0	0	0	0	0	0	0	0	0	0	0	0	0	0	0	0	0	0	0	0	0	0	0	0	0	0	0	0	0	0	0	0	0	0	0	0	0	0	0	0	0	0	0	0	0	0	0	0	0	0	0	0	0	0	0	0	0	0	0	0	0	0	0	0	0	0	0	0	0	0	0	0	0
A[Ins(T):R(9,)]G	0	0	0	0	0	0	0	0	0	0	0	0	0	0	0	0	0	0	0	0	0	0	0	0	0	0	0	0	0	0	0	0	0	0	0	0	0	0	0	0	0	0	0	0	0	0	0	0	0	0	0	0	0	0	0	0	0	0	0	0	0	0	0	0	0	0	0	0	0	0	0	0	0	0	0	0	0	0	0	0	0	0	0	0	0	0	0	0	0	0	0	0	0	0	0	0	0	0	0	0	0	0	0	0	0	0	0	0	0	0	0	0	0	0	0	0	0	0	0	0	0	0	0	0	0	0	0	0	0	0	0	0	0	0	0	0	0	0	0	0	0	0	0	0	0	0	0	0	0	0	0	0	0	0	0	0	0	0	0	0	0	0	0	0	0	0	0	0	0	0	0	0	0	0	0	0	0	0	0	0	0	0	0	0	0	0	0	0	0	0	0	0	0	0	0	0	0	0	0	0	0	0	0	0	0	0	0	0	0	0	0	0	0	0	0	0	0	0	0	0	0	0	0	0	0	0	0	0	0	0	0	0	0	0	0	0	0	0	0	0	0	0	0	0	0	0	0	0	0	0	0	0	0	0	0	0	0	0	0	0	0	0	0	0	0	0	0	0	0	0	0	0	0	0	0	0	0	0	0	0	0	0	0	0	0	0	0	0	0	0	0	0	0	0	0	0	0	0	0	0	0	0	0	0	0	0	0	0	0	0	0	0	0	0	0	0	0	0	0	0	0	0	0	0	0	0	0	0	0	0	0	0	0	0	0	0	0	0	0	0	0	0	0	0	0	0	0	0	0	0	0	0	0
C[Ins(T):R0]A	0	0	0	1	0	0	0	0	1	0	0	1	1	1	0	0	0	0	0	0	4	0	0	0	0	0	0	2	0	1	2	0	0	1	0	1	4	2	0	1	1	0	2	1	1	0	0	1	1	13	1	0	0	0	0	2	0	1	0	1	1	0	4	0	0	0	0	0	0	0	17	0	0	4	1	0	0	1	0	0	0	1	0	1	0	0	0	2	1	1	1	0	0	2	4	1	0	2	6	1	1	1	5	1	0	0	0	0	1	0	1	1	1	1	1	0	8	1	1	14	0	3	1	0	1	0	3	2	0	0	0	1	0	2	2	0	13	1	2	2	1	0	0	3	0	1	0	1	1	0	0	2	0	1	2	0	0	0	1	0	0	1	1	0	3	0	0	0	0	2	1	3	0	0	0	3	0	1	1	0	2	1	0	0	0	0	1	0	0	5	1	0	1	21	0	0	5	0	0	0	1	5	1	0	2	1	0	0	0	3	0	2	0	1	0	0	0	0	1	7	0	1	0	1	2	0	0	0	1	2	0	0	1	2	0	0	2	1	2	1	1	0	0	1	0	1	0	1	0	0	1	0	3	2	0	0	3	0	0	0	0	0	0	1	0	0	1	0	1	1	2	0	0	0	3	0	1	0	0	0	0	0	1	1	1	1	0	0	0	0	0	0	0	5	1	2	2	1	17	0	1	0	0	0	1	1	1	1	0	0	0	0	0	0	0	0	0	5	0	0	0	1	2	6	0	0	0	1	1	0	0	0	0	0	4	0	0	1	0	1	0	1	0	0	0	0	0	0	0	0	0	0	0
C[Ins(T):R0]C	0	0	0	0	0	0	0	0	0	0	0	1	0	0	0	0	0	0	0	0	3	1	0	0	0	0	0	0	2	0	0	1	0	2	0	3	0	1	1	0	2	1	0	1	1	1	0	1	0	71	2	0	1	0	0	0	0	0	0	0	0	1	2	1	0	0	0	0	0	2	16	2	0	0	2	0	1	0	1	0	0	0	1	2	0	0	0	1	0	2	0	0	0	0	1	0	0	1	11	1	1	0	3	0	0	0	0	2	0	0	0	12	0	0	1	0	10	0	0	10	2	1	1	1	4	1	3	1	0	1	0	0	1	1	0	0	4	1	1	0	0	2	0	5	0	1	0	0	1	0	4	0	0	1	1	1	0	1	0	0	0	0	0	0	1	0	0	0	0	0	0	2	0	2	0	7	0	2	1	0	2	2	0	0	1	0	1	1	1	2	1	0	0	6	1	1	2	0	0	0	0	0	1	2	2	0	0	1	0	4	0	1	0	5	1	1	0	1	0	6	0	1	0	0	1	1	1	0	1	4	0	0	1	1	0	0	3	5	0	0	0	1	4	0	1	0	1	0	0	0	5	0	2	2	0	0	1	0	1	1	1	0	2	0	0	1	1	0	0	0	0	0	0	0	2	0	0	0	0	0	1	0	1	0	1	2	0	1	1	2	0	0	2	6	0	2	0	1	10	1	1	0	0	0	0	0	0	0	0	1	0	4	1	0	3	1	0	1	0	0	0	0	1	2	1	2	1	3	1	0	0	0	0	0	2	0	0	0	1	1	1	3	1	0	1	1	0	0	1	0	0	0	0
C[Ins(T):R0]G	0	0	0	0	0	1	0	0	0	0	1	0	1	0	0	0	1	0	0	0	2	0	0	0	0	0	0	0	0	1	2	0	0	0	0	1	0	0	0	0	2	0	0	1	0	0	0	0	0	8	0	0	0	0	0	0	0	1	0	0	0	0	1	0	0	0	0	1	0	0	11	0	0	1	0	0	1	0	0	0	0	0	1	0	0	0	0	1	0	0	0	0	0	0	0	0	0	0	3	1	0	0	2	0	0	0	1	0	0	0	1	0	1	1	0	0	7	0	0	4	0	0	0	0	3	0	2	4	0	0	0	0	0	1	1	0	5	0	0	0	0	0	0	3	0	1	0	0	0	0	0	1	0	0	0	1	0	0	0	0	0	1	0	0	0	0	0	0	0	0	0	0	0	0	0	0	0	0	0	0	0	0	0	1	0	0	0	2	0	1	1	0	0	10	0	0	0	0	0	0	0	0	0	0	0	0	0	0	0	2	0	0	0	1	0	0	0	0	1	5	0	0	1	0	0	1	0	0	1	0	0	0	0	0	0	0	1	2	0	0	0	1	0	0	0	0	0	0	0	0	0	0	1	0	0	0	0	0	1	0	0	0	0	0	1	0	0	0	0	0	0	1	0	0	0	1	0	0	0	0	0	0	1	0	0	1	1	2	0	0	0	2	0	5	0	1	0	0	12	0	2	1	1	0	0	0	0	0	0	0	0	1	0	0	0	0	0	1	0	0	1	0	1	2	0	1	0	0	2	3	0	2	0	0	0	0	0	0	1	1	0	3	1	0	0	0	0	0	0	0	1	0	0
C[Ins(T):R1]A	0	0	0	2	1	0	0	1	0	0	0	0	2	1	0	0	0	0	0	1	3	1	0	0	0	1	0	2	1	5	1	1	0	2	3	1	1	0	0	0	4	0	1	1	1	0	0	1	1	15	0	0	0	2	0	1	0	1	1	0	0	0	3	0	16	1	1	1	1	1	9	1	1	1	4	2	2	1	0	0	0	1	0	2	0	0	2	3	1	2	0	3	2	0	1	3	3	0	8	3	1	0	8	2	3	1	2	0	2	0	0	0	0	1	2	0	1	1	1	6	2	4	2	1	3	1	3	3	1	0	0	5	0	3	0	1	4	0	1	0	0	1	1	2	0	1	1	1	0	0	1	2	2	0	1	1	5	0	1	1	0	2	2	7	2	1	0	4	0	1	1	0	3	0	1	2	2	0	2	1	1	0	2	1	0	0	0	2	2	1	1	1	0	14	0	0	3	1	2	0	0	1	1	0	0	2	0	2	2	3	1	1	1	3	0	0	0	0	2	5	1	3	1	0	1	0	2	0	0	3	0	1	1	1	0	0	1	5	1	2	5	0	0	2	0	0	0	0	1	0	3	1	3	4	0	0	1	1	0	0	0	3	1	2	1	1	0	0	0	2	1	0	0	0	0	1	0	0	2	1	1	0	1	0	0	1	0	2	0	2	0	0	0	6	1	0	0	1	7	0	1	0	2	1	4	2	1	1	0	0	1	1	4	0	0	2	1	0	0	1	3	0	1	63	0	2	0	2	2	5	1	0	0	0	0	0	0	0	0	1	0	1	1	1	1	0	0	0	2	1	0	1	0
C[Ins(T):R1]C	0	0	1	0	1	0	0	1	0	0	0	0	0	1	0	0	1	1	0	1	2	0	0	0	0	0	0	0	0	1	0	0	0	3	1	1	0	3	0	1	1	0	0	0	1	0	2	0	1	48	2	0	0	0	0	1	0	0	0	0	0	1	0	0	1	1	0	0	0	1	5	0	0	1	1	1	2	0	1	1	1	0	0	0	1	1	3	0	2	0	2	2	1	0	0	0	0	0	4	2	0	0	6	3	0	0	1	0	0	1	0	7	1	2	0	0	8	2	0	4	1	3	1	0	3	0	0	1	0	0	0	0	0	2	2	0	8	0	0	1	0	1	0	4	0	1	0	5	1	0	3	1	1	1	2	0	0	0	0	0	0	1	0	1	0	3	0	1	2	0	1	0	2	0	1	1	1	0	2	0	2	1	1	0	0	0	0	0	0	3	2	0	0	6	0	0	3	1	0	0	1	0	2	2	2	0	0	0	0	4	0	0	1	2	1	2	0	2	5	2	2	0	0	1	0	0	2	0	0	0	0	0	0	0	1	1	2	3	0	1	1	1	0	1	0	0	0	1	0	0	5	0	2	1	0	0	0	0	0	1	0	0	0	0	0	1	1	1	1	2	1	0	0	0	0	2	0	0	1	0	0	3	0	0	1	1	0	0	2	0	0	0	1	3	0	2	0	1	5	1	1	0	0	1	2	0	1	1	0	0	0	1	1	0	0	1	0	5	1	0	0	1	0	4	0	1	2	3	1	2	0	0	1	0	4	0	0	0	0	0	0	3	3	2	1	0	0	0	1	1	0	3	0
C[Ins(T):R1]G	0	0	0	1	0	0	1	2	0	0	0	1	1	0	0	0	0	0	2	1	11	0	1	1	0	0	0	1	2	26	4	1	1	2	1	1	3	1	1	0	7	2	0	0	1	0	0	0	5	21	3	1	0	1	0	3	3	1	2	1	2	2	0	3	5	0	1	0	1	0	137	3	0	0	2	1	1	0	0	1	0	1	0	2	0	1	1	0	0	1	0	2	0	0	0	1	0	0	92	3	0	0	24	0	0	1	0	2	2	0	1	3	0	2	2	0	62	1	1	80	4	7	2	0	20	0	7	46	2	1	0	0	2	4	3	0	28	2	1	3	0	1	0	20	3	2	0	0	0	0	4	2	2	0	1	1	1	2	1	1	0	0	3	2	4	0	0	2	1	2	0	1	1	1	1	2	0	0	3	1	0	3	0	1	0	2	0	2	0	31	1	0	2	149	0	1	34	0	4	0	1	3	1	1	2	1	0	1	0	38	1	3	1	5	0	1	0	2	3	55	0	2	1	3	3	0	0	0	1	1	1	1	0	6	0	0	16	60	3	0	2	2	0	1	2	1	1	0	1	0	3	2	2	15	0	0	4	0	1	0	2	3	0	0	1	2	0	2	3	2	4	0	0	1	1	0	2	0	0	1	0	0	0	1	1	0	0	0	1	1	1	0	0	53	1	3	3	0	118	0	0	1	0	0	2	1	1	2	0	0	1	3	0	0	1	1	0	5	2	0	2	0	1	32	1	3	0	2	5	15	1	0	0	1	1	0	0	1	2	1	0	1	0	2	1	2	2	0	3	0	0	0	1
C[Ins(T):R2]A	1	0	0	0	0	0	1	0	0	0	0	0	1	2	0	1	0	1	0	2	6	1	0	0	0	0	0	0	1	1	1	1	3	2	1	1	2	1	0	2	8	0	1	0	1	0	0	0	1	45	0	0	0	0	0	0	1	1	2	0	0	1	0	1	2	0	1	0	0	1	5	0	0	0	2	1	1	0	0	0	0	1	0	3	0	2	1	0	0	1	0	1	0	1	0	0	0	0	5	0	1	0	8	1	0	1	1	1	0	1	2	1	1	1	0	0	4	0	0	0	2	0	1	0	1	0	1	0	0	0	0	1	1	3	1	0	2	0	0	1	0	0	1	3	1	1	0	0	0	1	1	1	0	0	1	2	2	0	0	0	0	0	0	0	0	0	0	0	0	3	0	0	0	0	0	2	1	0	0	0	1	1	0	0	0	0	0	0	1	0	1	0	0	3	0	0	1	1	0	1	0	0	1	0	0	0	0	0	0	1	1	0	0	1	1	0	0	0	1	2	0	1	0	0	0	0	0	1	0	0	0	0	0	1	0	0	0	3	0	0	3	0	0	2	0	0	0	0	2	0	11	0	1	2	0	0	2	0	0	2	1	0	0	0	4	0	0	0	1	0	0	0	1	0	0	1	2	1	0	0	0	0	0	0	2	1	0	0	0	0	1	0	0	2	0	0	0	1	5	0	2	0	1	0	1	1	0	1	0	0	1	0	0	0	1	1	0	3	0	1	0	0	0	6	0	1	0	0	0	0	0	0	1	2	0	2	0	0	0	0	0	4	0	2	0	1	1	0	0	0	1	1	0
C[Ins(T):R2]C	0	0	0	0	0	0	1	2	0	0	0	2	1	0	0	0	0	0	0	0	1	0	1	0	0	0	0	0	2	2	1	1	1	1	2	1	2	1	1	0	20	0	1	0	0	1	1	0	0	92	0	0	0	0	0	1	1	1	0	1	0	1	0	2	1	1	1	0	0	2	5	2	0	0	1	0	1	3	0	1	0	1	3	0	2	0	1	1	1	0	0	0	1	3	0	0	0	0	6	1	0	0	1	0	2	0	1	0	3	1	1	1	1	1	0	0	2	0	0	2	0	2	1	2	3	0	5	2	0	0	1	1	1	0	0	0	4	0	0	1	1	1	1	2	0	2	0	2	1	0	0	2	0	0	1	1	1	1	1	0	0	0	1	0	0	0	0	1	0	2	1	1	0	1	0	9	0	0	1	0	1	1	0	0	1	0	0	0	0	2	2	1	0	8	0	0	3	0	0	0	3	1	1	0	0	2	0	0	0	0	1	0	0	1	0	0	0	0	5	0	0	1	1	1	0	1	0	0	0	2	0	0	1	1	0	0	0	6	1	0	1	0	0	1	0	0	1	0	0	0	30	1	0	0	1	0	2	2	1	0	2	1	0	0	1	0	0	0	0	1	2	0	1	1	0	3	1	0	0	1	0	1	0	2	0	0	0	1	0	0	1	1	1	0	0	0	0	2	5	1	0	0	1	1	1	1	0	1	1	0	2	1	0	0	1	2	0	2	2	0	0	0	0	2	1	1	0	1	0	0	0	0	0	1	1	0	1	1	1	0	0	1	2	3	1	0	0	0	1	0	0	1	1
C[Ins(T):R2]G	0	0	1	0	0	0	0	0	1	0	0	0	2	0	0	1	0	0	0	0	6	1	0	1	0	0	0	0	3	28	0	1	0	2	0	0	1	10	1	0	55	2	2	0	0	1	0	0	0	102	0	0	1	0	0	0	1	0	0	0	1	1	2	0	1	0	0	0	0	0	120	0	3	0	1	0	1	0	0	0	0	0	2	0	0	0	1	0	0	0	0	0	1	0	0	0	0	0	59	1	0	0	45	0	0	1	0	1	1	1	1	2	0	1	1	0	47	0	1	74	0	10	8	0	34	1	10	39	0	1	1	0	0	2	1	0	25	0	1	0	0	0	0	16	0	0	0	0	0	0	2	6	0	0	2	0	1	0	1	0	0	2	0	1	2	0	0	0	0	2	0	0	1	0	0	10	1	0	1	0	3	0	0	0	2	1	1	1	0	15	0	0	0	111	1	0	18	0	1	1	0	0	0	0	1	3	1	0	0	25	0	0	1	7	1	0	0	0	3	45	0	0	2	0	0	0	0	1	0	5	0	0	2	1	0	0	14	58	0	0	2	0	0	1	0	0	1	1	1	0	72	0	1	10	0	0	3	0	0	1	0	0	0	0	1	0	1	0	0	0	2	0	0	0	1	0	1	0	0	1	0	0	0	0	0	1	0	0	2	1	2	0	0	45	0	0	0	1	87	0	0	0	2	0	1	0	1	0	0	0	1	1	1	1	0	2	1	0	1	0	0	0	3	2	1	0	0	0	6	10	0	0	0	1	0	0	0	1	2	0	0	12	0	0	1	1	1	1	1	0	0	1	0
C[Ins(T):R3]A	0	0	0	0	0	0	0	0	0	0	1	0	0	1	1	1	0	1	0	0	6	0	0	0	0	0	0	0	1	3	1	4	0	0	2	0	0	6	0	0	15	0	1	0	0	0	0	0	1	44	0	0	0	0	0	1	0	1	0	0	2	1	0	0	5	0	0	0	0	0	8	0	2	0	1	1	2	0	0	0	0	1	2	1	1	1	0	0	0	0	0	0	0	0	0	1	0	2	5	1	0	1	5	0	0	1	0	0	1	1	0	2	0	1	1	0	1	0	0	1	0	1	5	0	1	0	1	0	0	1	0	2	1	1	1	2	4	1	1	0	0	0	0	0	0	0	0	0	0	0	1	0	0	1	0	1	1	0	1	0	1	0	0	0	0	0	0	1	0	4	1	2	1	0	0	3	0	0	1	0	1	0	0	1	0	0	0	0	1	2	0	0	0	7	1	0	1	0	0	0	2	1	0	0	1	0	0	0	1	2	0	0	1	1	0	0	0	0	2	1	0	3	1	0	0	2	1	0	0	0	0	0	2	0	0	0	1	4	1	0	1	0	2	1	0	0	0	0	1	0	13	0	0	1	0	1	2	0	0	1	0	1	0	0	0	0	0	0	0	1	1	0	1	0	1	0	1	0	0	0	0	0	2	0	1	1	0	0	0	2	0	0	0	1	0	0	0	0	12	1	0	0	0	0	1	1	1	2	0	0	1	1	1	0	1	2	1	1	1	1	1	0	0	6	0	0	1	1	2	1	0	0	0	0	1	0	0	0	0	0	0	4	0	0	0	0	1	0	1	0	0	1	0
C[Ins(T):R3]C	0	1	0	0	0	0	0	0	0	0	1	1	1	0	0	0	0	0	0	1	2	0	1	0	0	0	1	0	0	0	0	2	1	1	2	2	1	4	1	0	10	2	0	1	0	0	0	0	0	106	0	3	0	0	0	0	0	0	2	0	0	3	2	0	0	1	1	0	0	2	7	2	1	0	2	0	1	0	1	1	0	1	2	1	1	0	2	1	0	2	1	1	0	1	1	0	1	0	3	0	1	0	3	1	0	0	0	3	1	0	1	2	0	1	1	0	3	0	1	0	1	0	1	5	3	0	1	0	0	2	1	0	0	3	0	0	3	0	0	1	0	1	1	5	0	2	0	0	0	0	2	0	1	0	0	0	2	0	1	1	0	3	1	0	2	1	0	1	1	2	2	3	0	0	1	1	0	1	1	1	1	0	1	3	1	0	0	0	1	2	1	0	0	9	0	0	5	0	2	1	0	0	1	2	1	0	0	0	0	2	2	1	1	2	1	1	0	0	1	1	1	0	0	1	2	0	0	0	0	2	0	0	2	1	0	0	3	2	0	0	3	1	1	1	0	4	0	1	1	0	21	1	1	3	2	0	3	0	0	1	1	2	2	0	1	0	0	0	0	2	1	0	1	0	0	0	2	0	0	0	0	0	0	0	2	1	0	1	1	1	1	2	1	1	1	1	1	1	6	0	0	0	0	3	0	1	0	1	1	0	4	0	1	0	1	1	2	3	0	0	0	0	1	1	0	1	0	2	2	0	0	0	0	1	3	1	0	0	1	0	2	4	2	1	1	1	2	1	2	0	0	0	1
C[Ins(T):R3]G	0	0	0	1	0	0	1	0	0	0	0	0	2	0	0	2	0	0	0	0	5	0	0	0	0	0	1	0	0	25	1	0	0	0	1	2	2	3	0	1	27	2	1	1	0	0	0	1	0	71	0	0	0	1	0	0	0	0	0	0	0	0	1	0	0	0	0	0	0	0	50	1	0	0	0	0	2	0	0	0	0	0	2	0	1	2	1	0	0	0	0	1	0	0	0	1	0	0	42	0	0	0	15	2	1	1	0	1	0	1	0	3	1	1	1	0	27	1	0	32	0	2	1	1	13	0	11	24	0	0	0	0	0	3	0	0	15	0	1	1	0	0	0	18	0	1	0	0	1	0	2	2	1	0	0	0	0	0	2	0	0	1	1	0	1	1	0	0	0	7	0	1	1	1	0	5	1	0	0	0	1	0	0	1	1	0	0	1	2	16	1	0	0	65	0	0	8	0	1	0	1	0	2	1	1	0	0	0	1	23	1	0	1	6	0	0	0	0	4	26	0	0	1	1	0	0	0	2	3	1	0	1	0	1	0	0	10	34	0	0	2	1	1	1	1	0	0	0	1	0	16	0	0	7	0	0	0	0	1	1	0	1	0	0	0	0	0	1	1	0	2	0	1	0	0	1	3	0	1	0	0	0	1	0	1	0	0	0	0	0	0	0	0	26	0	0	0	0	60	0	3	0	0	0	0	0	0	0	0	0	0	6	0	2	0	3	1	0	0	0	2	0	0	2	0	0	0	0	2	6	0	1	0	0	0	0	1	0	0	0	0	9	1	3	1	0	0	0	0	0	0	0	0
C[Ins(T):R4]A	0	0	0	1	0	1	0	0	0	0	0	0	1	0	1	0	0	0	0	0	5	1	0	0	0	1	0	0	0	2	0	4	0	0	0	0	1	1	0	0	27	1	0	0	0	0	0	0	0	46	1	0	0	0	0	1	1	1	0	0	1	0	0	3	1	0	1	0	0	1	3	0	0	0	2	0	0	0	2	0	0	0	1	1	0	0	0	0	0	0	0	0	0	0	1	0	0	0	2	2	0	0	0	0	1	0	1	2	0	0	1	1	0	1	1	0	0	0	0	1	1	2	2	1	4	0	0	2	1	1	0	0	0	0	0	1	1	3	0	0	0	0	0	1	0	1	0	0	1	0	1	0	0	1	0	0	1	0	0	0	0	2	1	1	1	1	0	0	0	1	0	0	0	0	0	3	2	0	0	0	0	0	0	1	1	0	0	1	0	2	1	0	0	4	0	0	0	0	1	0	1	1	0	0	1	1	0	0	2	0	0	1	0	3	0	0	0	0	5	3	0	1	0	0	1	0	0	1	0	0	0	0	0	1	0	0	0	3	1	1	1	0	0	0	0	0	0	0	0	0	21	0	3	0	0	0	1	0	0	1	1	0	0	0	0	0	0	0	0	1	1	0	0	0	0	2	3	1	1	0	0	0	0	0	0	0	0	0	0	2	0	0	0	4	0	1	0	0	2	1	0	1	0	0	0	1	0	0	0	0	1	1	1	0	0	2	0	0	1	0	0	0	0	5	0	0	0	1	0	2	0	0	0	1	0	0	0	0	0	0	0	7	1	0	0	1	2	0	0	0	0	1	0
C[Ins(T):R4]C	0	0	1	0	0	2	1	0	1	1	0	1	0	0	0	0	0	0	0	0	4	0	0	2	0	0	0	0	0	2	0	2	0	1	0	0	1	4	0	0	32	0	0	2	0	0	0	2	0	51	1	0	0	0	0	0	0	1	1	0	0	0	0	4	0	0	1	0	0	1	3	0	0	0	0	0	2	0	1	0	0	0	1	2	3	0	1	0	0	0	0	1	0	1	0	0	1	0	2	0	0	0	0	0	0	1	0	1	0	0	2	0	0	0	0	1	3	0	0	1	1	2	1	1	2	0	0	2	0	0	0	1	0	0	3	0	1	1	2	2	0	1	0	1	0	1	0	0	0	0	1	0	2	0	0	0	1	0	1	0	0	0	2	0	0	0	0	0	0	1	2	1	1	1	0	1	1	0	1	3	0	1	1	1	0	0	1	0	0	2	1	0	0	5	0	0	4	0	2	0	0	0	0	0	0	0	0	0	0	3	0	0	2	2	0	0	0	0	4	2	0	0	2	0	0	1	0	0	0	2	0	1	1	0	0	0	2	5	0	0	1	0	0	0	0	0	0	0	0	0	14	0	3	1	0	1	6	0	0	0	0	0	0	0	0	0	0	1	1	0	0	0	0	0	0	0	0	1	0	0	0	0	0	0	0	1	0	0	0	1	0	0	1	2	0	1	0	0	7	0	1	1	0	2	2	0	1	1	0	0	2	1	0	0	0	2	0	2	0	0	0	0	0	0	0	1	2	0	0	0	0	0	0	0	2	0	0	1	0	0	1	4	0	1	1	0	1	0	0	0	0	0	2
C[Ins(T):R4]G	1	0	0	0	0	2	0	0	1	0	0	0	0	1	0	0	0	0	0	0	3	0	0	1	0	0	0	0	0	5	1	1	0	0	0	0	1	2	0	0	26	0	0	0	0	0	1	0	0	45	0	0	0	0	0	0	1	0	1	0	0	0	1	0	0	0	0	0	0	2	10	0	1	0	0	0	1	0	2	1	0	0	0	0	0	0	0	0	0	0	0	0	0	0	0	0	0	1	11	0	0	0	8	0	0	0	1	0	0	0	0	0	0	0	0	2	11	1	0	4	2	2	0	0	3	0	1	3	1	0	0	1	1	1	0	0	6	1	0	0	0	0	0	2	0	4	1	1	0	0	2	1	0	1	1	0	2	0	0	0	1	0	2	0	1	0	0	0	1	2	0	0	1	0	0	2	0	0	0	0	0	0	0	2	1	0	0	0	0	5	4	0	0	8	1	0	3	0	0	1	0	0	0	1	0	0	0	0	1	3	0	2	0	2	0	1	0	0	2	4	0	0	0	0	2	0	0	1	1	1	1	0	1	0	0	0	1	8	0	0	2	0	0	0	0	0	2	1	2	0	20	2	0	2	0	0	1	0	0	0	0	0	1	0	1	0	0	0	1	1	0	0	0	0	0	2	0	1	1	0	0	0	0	0	2	2	0	0	0	0	0	0	0	4	0	3	0	0	9	0	0	0	1	0	0	1	0	1	0	0	1	0	0	0	0	0	0	1	1	0	0	0	0	1	1	0	0	0	0	2	0	2	1	0	0	0	1	0	1	0	1	5	0	0	2	0	0	0	0	0	1	0	0
C[Ins(T):R5]A	1	0	0	2	0	0	0	2	0	1	1	3	1	1	0	2	0	1	0	0	2	0	0	0	0	0	0	0	0	1	1	5	0	0	1	1	3	3	0	0	44	2	2	0	0	0	1	2	4	47	1	0	0	1	0	2	0	4	1	0	1	3	2	2	0	0	0	0	0	0	4	0	0	0	1	5	2	0	2	0	0	0	4	4	1	1	0	2	1	0	0	0	0	1	0	0	2	0	6	0	0	1	4	1	0	1	0	5	2	0	1	2	1	0	1	0	0	0	0	4	0	2	5	1	3	1	2	4	0	0	0	0	0	2	2	1	1	4	0	0	0	0	1	0	0	3	0	3	2	2	5	0	0	0	0	1	1	1	1	0	0	1	2	0	3	1	0	0	1	7	1	1	2	0	0	0	2	0	0	0	5	0	0	0	0	0	0	0	2	3	3	0	1	0	0	0	8	0	1	1	0	2	1	0	2	2	0	0	1	3	1	1	0	2	2	1	0	0	2	2	1	0	1	0	1	2	0	1	0	1	2	0	1	0	1	0	2	3	2	0	4	2	1	1	1	0	2	0	0	0	49	2	3	3	0	0	2	0	1	0	0	0	0	1	0	0	0	0	0	0	5	2	0	0	1	1	4	0	0	0	0	0	2	0	6	1	0	1	0	0	0	1	2	3	1	3	1	1	12	1	1	1	1	4	0	0	0	0	0	3	7	1	0	0	1	1	0	2	0	0	0	0	0	1	0	1	4	0	2	2	0	1	0	0	2	0	0	1	3	1	2	12	3	1	4	1	1	0	1	1	0	0	2
C[Ins(T):R5]C	0	0	0	0	0	0	0	0	0	2	2	0	1	2	1	0	0	0	0	2	2	0	0	0	0	0	0	0	1	1	1	2	1	3	1	0	3	5	0	0	33	2	3	0	1	0	1	0	0	70	2	0	0	0	0	3	0	1	2	0	0	0	6	3	0	0	0	0	0	1	5	0	0	0	2	2	4	0	0	0	0	0	3	3	5	0	0	0	0	1	0	3	0	2	1	1	0	0	6	3	0	0	0	0	2	0	0	3	0	1	2	5	3	1	1	0	1	0	0	1	1	2	2	4	2	0	4	2	0	2	0	0	4	1	0	0	3	1	0	1	0	1	1	3	1	7	0	1	0	0	2	0	1	0	1	4	1	0	1	0	0	3	1	0	1	0	1	0	0	3	1	3	0	0	1	2	0	0	0	2	1	0	0	1	2	2	0	2	0	2	7	0	1	7	1	0	7	0	3	0	0	2	0	0	5	0	0	0	3	3	0	0	1	0	0	0	0	0	3	6	1	0	1	2	0	2	3	1	0	3	0	1	2	1	1	0	2	3	3	0	5	2	1	5	2	1	0	0	1	0	48	0	2	0	0	0	4	0	0	1	2	1	0	1	0	0	0	0	0	1	2	0	0	0	0	0	2	1	0	1	0	0	0	0	3	1	0	1	1	0	0	0	1	7	0	3	0	0	6	0	2	0	1	5	1	0	0	0	0	0	7	0	0	3	2	0	0	2	0	0	0	0	0	0	0	2	3	2	4	0	0	2	0	0	7	1	0	3	2	1	4	12	2	2	2	1	1	0	0	0	0	1	0
C[Ins(T):R5]G	1	0	1	0	1	0	1	1	2	0	0	0	0	0	0	0	0	0	0	0	4	0	0	0	0	1	0	0	2	2	3	2	1	0	1	0	1	10	0	0	39	0	0	0	2	0	1	1	0	70	1	0	0	0	0	0	0	3	1	0	0	0	1	3	1	0	0	0	0	2	4	0	0	0	4	2	2	1	0	0	0	0	3	0	1	0	0	1	0	0	0	0	0	1	0	0	0	0	12	1	1	0	1	0	0	1	0	0	0	0	3	3	1	1	0	0	3	0	1	5	0	1	1	3	2	0	3	10	0	0	0	1	3	2	2	0	2	2	0	0	0	0	0	4	1	5	0	1	1	0	2	1	0	0	1	3	2	0	0	1	0	0	0	0	4	2	0	1	0	2	1	5	1	0	0	3	2	0	2	1	3	0	0	2	1	0	0	1	0	5	5	0	0	7	0	0	4	0	4	0	0	0	0	0	2	1	0	1	2	5	0	3	1	1	0	0	1	0	3	4	1	1	1	3	3	2	0	5	0	0	0	0	0	1	1	0	2	5	0	0	0	0	0	0	0	1	3	0	0	1	42	2	2	2	0	0	2	0	0	0	0	0	0	1	0	0	0	0	0	0	0	0	0	0	0	2	1	0	0	1	0	0	1	0	2	3	0	0	0	2	2	0	1	4	0	2	0	0	19	1	0	0	0	2	2	1	0	1	0	1	3	1	0	1	1	3	0	1	0	0	0	0	1	0	0	0	1	0	3	1	0	0	0	0	2	0	1	1	1	0	2	12	0	1	2	0	0	0	2	1	0	0	2
C[Ins(T):R6]A	0	3	3	5	1	2	0	2	0	3	0	1	2	2	1	0	1	0	1	1	5	1	0	0	0	0	2	0	4	3	0	5	0	0	0	3	6	12	3	1	130	0	3	0	2	0	1	2	4	77	2	0	0	0	0	4	1	6	5	0	0	8	1	12	0	0	0	0	0	3	7	2	0	1	4	1	10	0	0	0	1	1	13	4	6	0	0	3	0	1	0	1	0	2	2	3	0	1	6	9	0	1	2	2	0	1	0	6	3	0	3	2	0	0	1	0	0	0	1	6	2	2	7	4	4	1	1	3	0	2	0	0	1	0	5	0	1	4	0	1	0	1	1	1	0	8	1	3	0	0	2	2	0	2	1	8	3	0	5	0	1	5	3	0	4	1	1	0	2	10	4	4	0	1	1	2	0	0	1	2	3	2	3	12	3	1	1	0	2	2	8	1	0	4	0	2	10	0	8	1	4	5	2	1	1	1	0	0	1	8	0	0	1	0	0	2	1	0	9	3	3	2	0	4	1	4	2	6	0	0	0	0	5	6	0	0	1	6	4	3	7	2	1	2	0	1	0	0	2	0	98	3	9	0	0	0	13	0	0	0	1	1	1	0	0	0	1	0	0	1	3	1	1	0	3	5	6	0	0	0	0	0	9	1	17	2	1	2	0	1	0	1	1	2	1	4	1	4	12	0	4	1	3	9	2	1	1	1	1	8	18	2	0	0	0	7	0	10	1	0	0	0	1	1	1	4	8	3	8	3	0	1	0	2	5	0	0	8	0	1	6	41	7	4	12	3	3	0	6	0	0	2	1
C[Ins(T):R6]C	4	2	2	3	1	0	0	3	4	4	3	3	5	6	0	3	2	3	4	4	13	1	0	0	1	0	0	2	2	7	2	18	3	1	3	3	11	18	2	1	108	4	8	1	1	0	1	6	4	105	2	1	0	2	0	7	0	6	4	5	1	4	4	17	0	0	1	0	4	7	8	1	3	0	2	2	16	0	0	0	1	0	15	4	7	2	0	3	1	0	0	1	1	4	0	1	2	2	9	4	1	3	6	1	1	1	0	13	2	1	9	6	0	0	0	4	5	0	1	3	6	6	12	17	6	1	1	16	1	3	1	0	3	6	4	2	3	4	0	2	0	2	0	3	1	21	0	1	2	0	1	2	2	1	3	3	7	3	4	1	1	8	4	0	6	1	0	1	3	24	6	9	0	0	2	7	3	0	1	2	7	0	4	10	2	1	1	6	3	6	20	0	1	7	0	1	7	0	12	0	4	7	3	1	3	2	0	1	8	12	0	0	2	8	1	3	0	2	21	4	2	3	2	12	0	2	6	4	3	2	0	0	8	6	0	2	3	7	7	0	8	1	3	5	2	2	5	0	1	0	156	5	7	4	0	0	12	0	0	0	0	2	1	1	1	0	1	1	0	4	3	0	1	1	1	13	6	1	0	0	0	2	3	0	18	12	1	6	1	0	1	1	2	2	0	1	0	2	20	0	7	1	4	10	1	5	2	2	0	8	16	5	1	0	4	21	0	4	0	1	1	0	2	1	3	8	10	3	7	1	2	2	1	1	3	0	0	6	5	1	6	46	7	4	15	3	3	1	10	1	0	1	1
C[Ins(T):R6]G	6	2	2	0	1	3	0	1	2	4	7	2	3	5	0	4	2	1	1	2	8	1	1	1	0	0	0	0	4	2	4	5	0	2	4	1	9	26	0	3	121	4	4	3	2	0	0	2	5	104	4	0	0	0	0	6	1	2	5	2	0	3	2	10	0	1	0	0	3	3	8	1	6	0	4	4	11	0	0	1	1	0	19	8	5	3	2	2	1	0	0	2	1	6	2	4	2	0	13	4	0	0	6	3	1	1	0	6	2	1	1	5	1	0	2	3	10	4	1	8	7	1	10	5	9	2	3	6	1	1	1	0	5	3	3	0	4	8	0	1	1	1	0	7	0	17	0	6	2	0	1	1	1	0	0	10	5	0	4	1	0	6	8	1	6	2	0	0	3	14	9	8	1	1	0	9	1	1	0	1	4	1	2	4	1	3	1	1	0	2	17	0	0	15	0	0	10	0	6	1	3	6	1	1	4	1	0	0	5	16	2	3	3	6	2	2	0	0	12	3	1	1	1	5	3	3	3	7	1	4	0	0	5	9	0	2	1	7	6	2	8	3	2	4	1	0	4	0	1	1	178	5	6	2	0	0	11	0	0	2	3	2	1	1	0	0	1	0	1	4	1	0	0	1	1	6	8	1	0	1	1	1	5	0	8	10	0	1	0	0	1	2	3	4	0	7	0	1	31	1	5	0	1	9	3	2	2	0	0	6	14	6	0	0	2	11	0	5	0	0	4	0	1	1	1	7	6	2	5	3	1	2	1	2	6	1	0	5	4	2	5	44	2	2	8	1	3	1	6	0	2	4	2
C[Ins(T):R7]A	3	2	0	3	2	0	5	0	5	5	2	1	1	5	4	1	0	1	1	1	5	1	0	0	0	0	0	0	7	3	2	12	2	0	0	1	7	19	1	0	273	2	4	0	2	0	0	2	3	115	6	1	0	0	0	3	2	3	3	0	0	2	3	21	1	1	0	0	1	8	5	0	0	0	6	4	10	0	0	0	1	0	25	12	3	0	1	2	2	1	0	0	0	1	0	2	0	1	7	11	0	2	2	1	1	2	1	8	4	3	3	11	3	5	3	1	2	0	1	3	10	7	14	7	5	1	3	6	0	3	2	1	3	0	4	1	2	11	0	1	0	1	0	5	1	13	1	2	0	0	3	3	4	0	1	4	4	1	1	1	0	11	9	0	4	2	0	0	4	13	5	6	0	0	1	4	2	0	1	3	16	3	6	16	2	0	0	2	2	3	13	0	0	5	0	1	12	0	5	0	3	5	1	3	10	2	0	0	4	8	2	1	4	4	3	4	0	1	8	1	2	0	3	3	1	3	5	4	2	5	0	0	7	7	1	0	5	6	4	3	12	6	0	4	0	1	3	0	0	0	136	6	14	2	2	1	19	2	1	0	0	4	0	0	0	0	0	0	2	3	1	2	0	0	1	10	10	1	0	0	1	0	12	1	15	8	1	2	1	1	0	1	1	1	0	7	0	3	12	0	3	4	1	15	2	7	0	1	0	10	16	6	1	1	1	13	0	14	3	0	1	1	0	2	1	4	6	1	5	1	0	2	1	0	5	0	0	2	5	4	7	72	8	5	14	4	3	0	3	0	0	2	1
C[Ins(T):R7]C	1	3	3	2	3	2	5	2	3	5	5	3	2	6	1	1	2	0	1	2	9	0	0	0	0	0	0	3	4	2	3	10	0	1	2	1	9	20	0	1	136	6	1	2	0	1	2	6	6	101	4	0	1	1	0	6	0	5	4	1	0	2	1	11	2	0	0	0	0	3	9	0	1	1	3	1	8	0	0	0	0	0	12	1	0	3	0	0	0	5	0	1	1	3	0	7	1	1	11	7	0	2	5	0	1	0	0	10	2	2	4	2	4	0	1	0	4	3	0	3	7	6	9	4	7	1	3	4	0	4	0	0	1	4	4	1	5	8	0	3	0	2	2	4	1	12	1	2	0	0	4	2	5	5	1	6	3	1	4	0	1	8	6	1	4	1	1	1	3	15	1	15	2	0	0	6	4	2	1	0	6	0	2	7	4	0	0	2	4	1	12	0	1	6	1	0	6	1	9	0	5	7	0	0	4	1	0	0	2	5	3	3	6	3	3	2	0	2	16	4	1	1	1	0	3	4	4	5	0	3	1	0	8	9	0	2	1	3	6	3	7	1	1	5	2	0	1	0	1	0	109	2	6	3	1	0	10	0	1	1	2	1	2	2	0	0	0	1	0	3	2	3	0	0	0	8	14	2	1	0	0	0	2	0	5	4	3	2	1	0	0	1	2	4	1	5	0	1	15	0	2	3	1	9	0	3	2	3	0	8	14	4	0	0	1	20	0	7	5	1	0	0	2	1	0	2	4	2	5	0	1	2	0	2	4	0	2	8	8	1	6	44	6	8	4	1	1	1	7	0	0	2	1
C[Ins(T):R7]G	4	6	2	3	4	0	3	1	5	1	1	0	4	3	1	3	2	1	0	2	10	3	0	1	0	1	0	1	3	6	2	8	0	1	4	3	6	34	1	2	220	5	4	3	1	1	1	5	9	132	2	1	1	2	0	4	0	4	3	1	1	6	3	15	0	0	0	1	1	4	10	0	4	2	8	2	11	0	0	0	0	0	19	7	6	4	0	9	2	2	0	1	0	3	2	4	2	0	4	4	0	2	6	3	0	0	0	13	4	1	8	7	3	1	4	0	8	1	2	9	3	2	12	5	7	0	1	8	1	4	0	0	5	1	2	2	9	3	0	1	0	2	0	2	1	19	0	6	2	1	4	1	4	3	2	8	4	1	7	2	0	9	8	0	4	0	0	0	3	23	5	11	3	0	0	4	2	0	2	4	13	3	4	12	4	1	2	0	6	3	18	0	2	8	1	0	20	0	8	0	10	4	3	3	3	5	0	0	3	12	1	0	2	8	3	3	0	1	16	3	1	1	2	2	0	7	6	10	1	8	1	3	7	6	2	2	3	10	3	3	9	1	2	3	0	0	0	0	3	0	188	6	7	2	0	0	11	0	0	1	2	2	1	2	1	1	0	0	0	4	7	1	0	1	1	13	9	2	1	1	0	0	5	1	13	5	1	3	0	0	1	2	1	5	0	5	1	2	24	0	2	2	1	11	0	4	2	0	0	8	15	4	0	0	3	19	1	10	7	0	1	0	1	3	4	6	2	2	7	3	0	1	1	0	4	1	0	9	8	3	1	93	2	6	15	4	3	0	6	0	0	2	5
C[Ins(T):R8]A	5	1	1	2	2	1	1	1	3	5	2	4	5	5	1	1	2	4	1	5	8	2	0	1	0	0	1	3	7	2	2	20	5	0	3	2	15	31	0	3	202	8	4	3	2	0	0	7	4	182	4	0	1	2	0	10	0	8	11	3	0	4	1	18	0	1	1	0	3	16	6	1	4	1	4	3	15	0	0	0	2	0	26	10	8	1	0	3	3	1	1	0	0	7	1	8	2	0	8	6	0	1	11	0	0	1	1	12	3	1	9	4	3	2	2	0	6	0	1	3	5	3	12	7	7	3	4	10	1	5	1	0	7	6	4	1	4	11	0	1	2	2	2	4	1	21	0	4	0	4	8	2	3	3	1	12	3	3	8	0	0	6	4	2	10	1	2	0	3	24	7	18	1	1	1	10	6	1	1	2	9	3	4	9	3	0	2	3	3	2	20	1	1	7	0	1	12	1	9	0	9	9	2	2	3	6	0	0	4	8	3	1	4	1	1	3	1	1	16	5	1	1	3	13	1	0	3	15	0	4	2	1	10	6	0	1	3	7	10	2	14	7	3	5	0	3	3	2	1	0	160	4	9	11	0	2	17	0	0	0	1	2	3	6	1	0	0	1	0	7	7	2	1	0	4	13	15	3	0	0	1	0	5	3	22	4	0	7	1	1	1	0	7	6	0	5	1	1	21	1	4	1	4	11	5	9	2	2	0	10	23	3	2	2	1	17	1	12	2	1	2	0	1	5	0	10	8	4	2	0	1	0	0	2	8	0	0	13	4	1	6	73	11	10	10	4	3	0	7	0	1	3	3
C[Ins(T):R8]C	7	6	2	3	5	0	1	0	7	4	3	2	1	4	2	1	1	2	7	4	10	0	0	0	0	0	0	0	6	3	1	12	1	1	1	3	11	30	0	1	216	4	9	1	0	0	1	6	6	186	10	0	3	0	0	5	0	2	4	2	1	3	1	19	0	0	1	0	8	7	4	1	2	1	1	3	10	2	2	0	1	0	14	14	8	3	3	1	2	0	0	1	0	6	3	2	1	1	8	5	3	0	9	1	0	3	0	13	3	1	5	14	4	3	4	2	7	0	1	4	5	6	7	8	7	5	4	5	1	5	0	0	5	5	5	2	6	10	0	3	0	2	1	4	2	12	1	10	0	1	2	1	8	0	0	5	3	1	9	0	0	13	3	0	7	3	1	1	0	20	9	12	3	0	1	10	6	1	1	0	5	2	3	13	4	2	1	2	4	4	11	0	0	4	1	1	11	2	5	1	7	4	3	0	13	1	0	0	4	6	2	2	5	2	6	0	0	1	15	2	5	1	1	7	2	0	5	6	1	2	0	0	7	15	0	1	1	9	4	0	7	5	3	3	0	3	6	0	1	1	175	4	8	3	0	0	9	0	0	1	0	1	2	3	2	1	1	0	2	3	7	0	1	2	0	8	18	3	3	1	0	2	8	1	14	5	1	6	0	1	0	0	3	3	0	2	0	1	17	0	5	1	2	19	4	1	1	3	1	19	19	4	0	0	4	9	0	18	7	0	1	0	2	2	1	4	7	5	3	1	1	8	0	0	10	2	0	4	8	3	8	74	12	6	13	6	1	0	8	0	0	2	4
C[Ins(T):R8]G	6	9	3	5	5	1	3	0	7	1	2	0	2	5	2	5	0	1	1	3	11	2	0	0	0	0	2	0	4	4	1	27	2	2	3	3	20	36	0	3	251	6	10	4	1	3	2	6	6	204	5	0	2	2	0	5	3	5	9	1	0	2	3	18	0	1	1	0	3	10	10	1	7	1	8	4	24	0	0	0	1	0	24	15	11	1	1	4	2	0	0	1	3	10	3	6	2	1	10	8	0	2	9	2	2	1	1	25	1	2	10	15	5	3	4	3	12	1	2	4	11	12	15	13	9	1	4	7	1	4	2	0	4	3	9	1	3	18	0	5	0	0	3	10	5	26	0	1	0	0	9	0	5	1	1	7	5	1	12	0	1	13	7	1	8	4	2	1	5	29	4	15	9	1	0	13	6	2	1	4	14	4	5	18	5	0	1	4	4	4	25	1	0	9	1	1	12	1	9	0	8	5	3	2	13	5	1	0	6	6	2	5	6	4	4	4	0	3	24	2	2	2	1	7	6	12	6	6	2	3	0	0	13	7	0	1	4	8	5	0	15	5	3	17	2	1	4	0	2	0	220	8	12	4	0	2	16	0	0	1	2	3	3	7	3	1	0	0	2	5	3	2	0	1	1	13	16	7	1	0	3	1	9	0	17	5	1	8	5	2	0	6	0	3	0	5	0	4	25	0	0	4	2	8	4	6	1	2	1	12	26	6	1	1	0	23	2	20	7	1	2	2	3	1	2	5	6	8	7	6	0	3	0	2	8	0	1	13	9	1	13	115	14	11	19	5	1	0	7	0	0	3	2
C[Ins(T):R(9,)]A	0	0	0	0	0	0	0	0	0	0	0	0	0	0	0	0	0	0	0	0	0	0	0	0	0	0	0	0	0	0	0	0	0	0	0	0	0	0	0	0	0	0	0	0	0	0	0	0	0	0	0	0	0	0	0	0	0	0	0	0	0	0	0	0	0	0	0	0	0	0	0	0	0	0	0	0	0	0	0	0	0	0	0	0	0	0	0	0	0	0	0	0	0	0	0	0	0	0	0	0	0	0	0	0	0	0	0	0	0	0	0	0	0	0	0	0	0	0	0	0	0	0	0	0	0	0	0	0	0	0	0	0	0	0	0	0	0	0	0	0	0	0	0	0	0	0	0	0	0	0	0	0	0	0	0	0	0	0	0	0	0	0	0	0	0	0	0	0	0	0	0	0	0	0	0	0	0	0	0	0	0	0	0	0	0	0	0	0	0	0	0	0	0	0	0	0	0	0	0	0	0	0	0	0	0	0	0	0	0	0	0	0	0	0	0	0	0	0	0	0	0	0	0	0	0	0	0	0	0	0	0	0	0	0	0	0	0	0	0	0	0	0	0	0	0	0	0	0	0	0	0	0	0	0	0	0	0	0	0	0	0	0	0	0	0	0	0	0	0	0	0	0	0	0	0	0	0	0	0	0	0	0	0	0	0	0	0	0	0	0	0	0	0	0	0	0	0	0	0	0	0	0	0	0	0	0	0	0	0	0	0	0	0	0	0	0	0	0	0	0	0	0	0	0	0	0	0	0	0	0	0	0	0	0	0	0	0	0	0	0	0	0	0	0	0	0	0	0	0	0	0	0	0
C[Ins(T):R(9,)]C	0	0	0	0	0	0	0	0	0	0	0	0	0	0	0	0	0	0	0	0	0	0	0	0	0	0	0	0	0	0	0	0	0	0	0	0	0	0	0	0	0	0	0	0	0	0	0	0	0	0	0	0	0	0	0	0	0	0	0	0	0	0	0	0	0	0	0	0	0	0	0	0	0	0	0	0	0	0	0	0	0	0	0	0	0	0	0	0	0	0	0	0	0	0	0	0	0	0	0	0	0	0	0	0	0	0	0	0	0	0	0	0	0	0	0	0	0	0	0	0	0	0	0	0	0	0	0	0	0	0	0	0	0	0	0	0	0	0	0	0	0	0	0	0	0	0	0	0	0	0	0	0	0	0	0	0	0	0	0	0	0	0	0	0	0	0	0	0	0	0	0	0	0	0	0	0	0	0	0	0	0	0	0	0	0	0	0	0	0	0	0	0	0	0	0	0	0	0	0	0	0	0	0	0	0	0	0	0	0	0	0	0	0	0	0	0	0	0	0	0	0	0	0	0	0	0	0	0	0	0	0	0	0	0	0	0	0	0	0	0	0	0	0	0	0	0	0	0	0	0	0	0	0	0	0	0	0	0	0	0	0	0	0	0	0	0	0	0	0	0	0	0	0	0	0	0	0	0	0	0	0	0	0	0	0	0	0	0	0	0	0	0	0	0	0	0	0	0	0	0	0	0	0	0	0	0	0	0	0	0	0	0	0	0	0	0	0	0	0	0	0	0	0	0	0	0	0	0	0	0	0	0	0	0	0	0	0	0	0	0	0	0	0	0	0	0	0	0	0	0	0	0	0
C[Ins(T):R(9,)]G	0	0	0	0	0	0	0	0	0	0	0	0	0	0	0	0	0	0	0	0	0	0	0	0	0	0	0	0	0	0	0	0	0	0	0	0	0	0	0	0	0	0	0	0	0	0	0	0	0	0	0	0	0	0	0	0	0	0	0	0	0	0	0	0	0	0	0	0	0	0	0	0	0	0	0	0	0	0	0	0	0	0	0	0	0	0	0	0	0	0	0	0	0	0	0	0	0	0	0	0	0	0	0	0	0	0	0	0	0	0	0	0	0	0	0	0	0	0	0	0	0	0	0	0	0	0	0	0	0	0	0	0	0	0	0	0	0	0	0	0	0	0	0	0	0	0	0	0	0	0	0	0	0	0	0	0	0	0	0	0	0	0	0	0	0	0	0	0	0	0	0	0	0	0	0	0	0	0	0	0	0	0	0	0	0	0	0	0	0	0	0	0	0	0	0	0	0	0	0	0	0	0	0	0	0	0	0	0	0	0	0	0	0	0	0	0	0	0	0	0	0	0	0	0	0	0	0	0	0	0	0	0	0	0	0	0	0	0	0	0	0	0	0	0	0	0	0	0	0	0	0	0	0	0	0	0	0	0	0	0	0	0	0	0	0	0	0	0	0	0	0	0	0	0	0	0	0	0	0	0	0	0	0	0	0	0	0	0	0	0	0	0	0	0	0	0	0	0	0	0	0	0	0	0	0	0	0	0	0	0	0	0	0	0	0	0	0	0	0	0	0	0	0	0	0	0	0	0	0	0	0	0	0	0	0	0	0	0	0	0	0	0	0	0	0	0	0	0	0	0	0	0	0
G[Ins(T):R0]A	0	0	0	0	0	0	0	0	0	0	0	0	0	0	0	0	0	0	0	0	3	0	0	0	0	0	0	0	0	4	0	0	0	0	0	1	0	0	2	0	4	0	1	1	1	0	1	0	0	6	0	0	0	0	0	0	1	1	1	2	0	0	2	1	0	0	2	0	1	0	10	1	0	1	2	2	1	1	2	0	0	1	0	0	1	1	1	0	0	0	0	0	1	3	5	1	0	0	3	1	0	0	4	1	1	2	0	2	1	1	1	6	5	1	1	0	10	1	2	7	4	1	5	0	2	1	1	5	0	2	0	0	2	1	4	0	4	0	0	2	1	2	2	9	0	1	0	1	1	1	0	1	0	0	0	2	1	1	0	1	0	1	2	0	0	1	0	0	1	3	1	1	0	0	1	1	1	1	2	0	0	0	0	0	0	0	0	0	1	0	1	0	0	12	2	0	1	0	1	0	0	0	1	0	0	0	0	0	1	4	0	1	0	0	0	12	1	0	39	5	1	1	2	3	2	3	0	0	1	0	0	0	0	2	0	0	1	7	0	0	0	0	1	0	0	0	0	1	0	0	0	0	0	1	0	0	1	0	0	0	0	0	1	0	0	0	0	0	1	0	0	0	0	0	0	0	1	0	0	0	1	0	1	0	1	0	0	0	0	0	0	0	0	3	0	0	0	2	8	0	1	1	1	1	0	1	0	1	0	1	0	0	0	0	3	2	0	4	0	0	0	0	0	8	0	2	1	10	1	0	0	0	1	2	3	0	1	0	1	2	0	3	0	1	2	1	0	1	1	0	0	0	0
G[Ins(T):R0]C	0	0	0	0	0	0	0	0	0	0	0	0	0	0	0	0	0	0	0	0	4	0	0	0	0	0	0	0	0	4	2	1	0	0	0	0	0	0	0	0	0	0	1	0	0	0	1	0	0	3	0	0	0	1	1	2	0	0	0	0	0	0	0	0	0	0	0	0	0	0	5	0	0	0	1	1	0	0	1	0	0	0	0	1	0	0	1	0	0	1	0	0	0	0	0	0	0	0	3	0	0	0	1	0	0	0	0	0	1	0	0	0	0	1	0	0	5	0	0	8	3	1	13	0	0	0	0	2	1	0	0	0	0	1	13	0	1	0	0	0	0	1	0	2	0	1	0	0	1	0	0	0	0	0	1	0	0	0	1	1	0	0	6	0	0	0	0	1	0	2	0	0	0	0	0	1	0	0	0	0	0	0	0	0	0	0	0	0	0	1	1	0	2	12	0	0	2	0	0	0	0	1	0	0	0	0	0	0	0	2	0	1	0	0	0	0	0	0	3	3	0	0	0	1	1	0	0	0	0	0	1	0	1	0	0	0	0	2	1	0	0	1	1	0	0	0	0	0	0	0	2	0	1	2	0	0	1	0	1	1	0	0	1	0	0	0	0	2	0	0	0	0	0	0	1	0	1	0	0	0	0	0	0	1	0	0	0	0	0	0	0	0	0	2	0	1	0	0	2	0	0	1	0	1	0	0	0	0	0	0	0	0	0	0	0	0	0	1	0	0	0	0	1	1	0	0	0	0	0	1	0	0	0	0	2	0	0	0	0	0	0	4	0	0	0	0	0	0	0	0	1	0	0
G[Ins(T):R0]G	0	0	0	0	0	0	0	0	1	0	0	1	1	0	0	0	0	0	0	0	1	1	0	0	0	0	0	0	1	14	4	3	0	0	2	2	1	1	0	1	11	1	0	0	2	2	1	2	1	14	1	0	0	0	0	0	2	0	2	1	0	1	2	2	1	0	2	0	0	2	50	0	0	0	0	0	1	0	0	0	0	1	5	0	1	0	2	0	2	1	1	0	0	0	1	0	0	0	22	1	0	0	9	1	0	0	0	3	0	1	1	4	1	0	2	0	22	0	0	35	4	5	3	0	11	0	3	12	1	0	0	0	2	1	2	0	10	1	1	1	0	5	3	4	0	6	0	1	2	1	0	1	0	0	0	2	1	2	1	0	0	2	4	0	2	0	0	0	0	5	1	3	0	0	0	1	0	0	0	0	1	4	0	3	0	1	0	0	1	7	5	1	0	29	0	1	7	0	0	0	1	0	0	0	1	2	0	0	0	4	0	0	0	1	3	1	0	1	3	30	3	0	1	2	0	1	1	3	0	1	1	0	1	0	0	0	4	14	0	1	0	0	1	0	0	0	2	1	0	0	8	0	2	7	0	0	6	2	0	0	0	0	0	0	2	2	0	0	1	3	4	0	0	0	0	0	2	1	0	1	0	0	0	0	2	0	0	1	1	0	0	2	1	29	0	0	0	1	18	1	0	0	0	2	1	0	2	0	0	5	2	1	0	0	1	0	0	3	0	0	0	1	0	6	0	1	0	2	1	3	1	0	0	1	2	0	0	1	2	2	0	8	1	0	0	0	0	0	0	1	0	0	0
G[Ins(T):R1]A	0	3	0	1	1	0	2	1	0	1	1	2	4	8	1	0	0	2	3	1	12	5	0	0	0	0	0	0	5	7	5	2	1	4	2	5	5	0	1	2	6	1	1	2	1	3	0	3	2	13	0	1	4	3	0	3	2	3	2	1	0	0	4	3	3	0	0	2	1	2	11	4	2	1	2	3	4	2	2	2	0	10	3	0	4	1	3	4	1	2	0	2	3	1	1	5	1	0	12	2	0	3	16	1	3	3	0	3	6	2	6	0	1	1	2	2	8	2	0	3	4	3	47	1	5	3	2	6	3	1	2	0	1	1	37	2	1	2	0	0	0	4	1	5	1	2	1	1	1	3	3	3	0	1	1	3	4	1	0	2	1	4	9	1	2	2	2	4	0	10	2	1	0	1	1	1	2	0	1	1	1	1	2	1	2	1	1	4	1	4	2	0	1	4	2	1	3	0	2	2	3	4	6	5	0	3	0	1	0	4	5	0	2	3	4	0	0	1	8	5	0	1	5	2	0	3	2	1	2	1	0	2	5	4	0	0	4	7	5	1	2	2	2	2	4	1	0	2	2	1	1	1	1	3	1	0	7	0	1	1	4	4	1	0	4	4	2	0	1	1	2	0	1	1	2	2	0	4	1	1	1	0	1	1	6	0	0	3	3	1	2	2	1	4	3	4	1	2	11	0	3	1	2	6	1	1	3	1	0	2	2	1	2	2	0	1	0	7	4	2	0	1	2	14	1	4	3	1	4	0	1	2	0	3	1	1	1	0	5	1	3	0	1	1	3	3	1	2	1	0	0	3	2
G[Ins(T):R1]C	0	0	0	0	0	0	0	0	0	0	1	0	0	0	1	0	0	0	0	0	2	0	0	0	0	0	0	0	0	5	4	2	0	0	1	1	0	1	0	0	0	0	0	0	0	0	0	0	0	18	0	0	0	0	0	0	2	0	0	0	0	0	0	0	0	0	1	0	0	0	4	0	0	1	0	0	0	0	0	0	2	0	3	0	1	0	0	0	1	0	1	0	0	1	0	0	2	0	3	1	0	1	3	0	0	0	0	1	0	0	1	1	0	0	0	0	0	0	0	3	4	0	30	0	0	0	0	1	0	0	0	0	0	1	14	0	2	0	0	0	1	0	1	0	0	0	1	0	0	0	0	1	0	0	0	1	0	0	1	0	0	0	5	0	0	0	0	0	1	2	0	1	0	0	0	0	2	0	1	0	0	0	0	1	0	1	0	0	0	3	0	0	0	6	1	0	0	0	0	0	0	0	1	0	0	0	0	0	0	1	1	0	0	0	1	1	0	0	2	2	0	1	0	1	0	1	0	0	0	0	0	0	0	0	1	0	0	1	0	2	0	0	0	1	0	0	0	0	0	0	1	1	0	0	0	0	1	0	0	1	0	1	0	0	0	0	0	0	0	0	0	0	0	0	0	0	0	0	1	0	0	0	0	0	0	0	0	0	0	1	0	0	0	2	1	0	0	0	4	0	0	2	0	1	0	0	0	1	0	0	0	0	0	0	1	0	1	1	0	0	0	0	0	2	1	0	2	0	0	1	0	0	0	0	3	0	0	0	0	0	0	0	0	1	0	0	0	0	0	0	0	0	2
G[Ins(T):R1]G	0	1	0	0	0	1	1	1	0	0	0	0	0	1	0	0	0	1	1	1	12	1	0	1	0	0	0	0	0	12	6	1	0	1	0	1	1	0	2	2	11	0	0	0	0	7	2	2	2	7	1	0	1	1	0	2	2	0	0	0	0	1	0	2	1	0	2	0	1	1	57	3	4	0	3	2	2	2	0	0	0	0	7	0	0	0	1	2	0	0	5	1	0	1	0	1	1	0	45	0	0	0	15	0	0	0	1	0	1	0	3	2	1	0	1	0	32	0	2	30	9	2	61	0	8	0	4	25	0	0	1	0	0	5	71	2	21	0	2	0	0	0	4	7	0	3	0	0	0	1	0	3	1	2	0	1	0	0	0	1	0	1	19	0	0	0	0	1	1	11	0	0	0	0	2	0	0	1	1	1	0	6	0	1	2	0	0	0	0	11	3	1	0	70	0	0	8	1	0	0	0	2	1	0	1	2	0	0	1	13	0	2	1	5	0	1	0	1	9	26	1	3	1	1	2	0	0	1	0	0	1	0	1	1	0	0	8	24	4	2	1	0	2	1	0	1	0	2	0	0	4	0	4	8	0	0	4	0	0	0	4	0	0	0	0	2	0	0	0	1	2	0	0	1	0	0	2	0	1	1	0	0	1	1	2	1	0	1	0	0	0	0	1	25	1	2	0	0	66	1	0	0	0	9	0	1	2	3	0	0	1	1	0	2	1	5	0	3	2	0	0	0	0	6	0	1	3	0	2	10	0	0	3	2	2	0	1	0	0	3	1	5	1	1	0	0	1	0	0	0	0	0	0
G[Ins(T):R2]A	0	0	1	0	0	0	0	0	0	0	0	0	0	0	0	0	1	1	0	0	4	0	1	0	0	0	1	0	0	1	3	1	0	2	0	0	1	0	0	1	2	0	0	0	0	1	0	0	3	4	0	0	0	1	1	0	0	0	0	0	1	0	0	1	2	0	0	0	0	0	4	1	1	0	1	1	2	0	0	0	0	0	0	1	0	0	0	0	0	0	0	1	0	1	1	1	0	0	6	0	0	0	1	1	0	0	0	0	1	0	2	0	0	0	0	0	2	1	0	2	1	0	16	0	1	0	1	2	0	4	0	1	0	0	16	1	3	0	0	0	0	0	0	1	0	0	0	0	0	0	0	0	0	0	1	0	0	0	0	1	0	0	6	0	0	0	1	0	0	1	0	0	1	0	1	0	0	0	0	0	0	0	1	0	0	0	0	0	0	0	0	0	0	6	0	0	0	0	0	0	0	0	0	0	0	1	0	0	0	4	0	0	0	1	0	0	0	1	6	4	0	0	1	0	0	1	0	0	0	0	1	0	0	0	0	0	1	3	0	0	1	0	0	1	1	0	0	1	1	0	2	1	0	0	0	0	3	0	2	2	0	0	0	0	0	0	0	0	1	0	0	0	0	0	0	1	1	0	0	0	1	1	0	1	1	0	0	0	0	0	1	1	0	4	0	0	0	0	5	0	1	1	1	0	0	0	0	0	0	1	1	0	0	0	0	1	0	2	0	0	0	0	0	25	1	1	0	0	1	3	0	0	0	0	1	0	0	0	1	0	0	2	2	1	0	0	0	0	0	0	0	0	0
G[Ins(T):R2]C	0	0	0	0	0	0	0	1	0	0	0	0	0	0	0	0	0	1	0	0	6	0	0	0	0	0	0	1	2	1	8	1	0	0	0	0	1	2	0	0	5	0	0	1	0	1	1	0	1	13	0	0	0	0	0	3	0	0	1	0	0	0	1	1	0	0	0	0	0	0	5	1	0	0	0	1	0	0	0	0	0	0	0	1	1	0	0	1	1	1	1	1	0	0	0	1	0	0	4	1	0	0	1	0	0	0	0	0	0	0	3	1	0	0	0	0	1	0	0	0	0	1	23	0	3	0	0	2	0	1	0	0	1	0	43	0	1	0	1	0	0	0	2	1	0	0	0	0	0	1	1	0	0	0	0	1	0	0	0	0	0	0	4	0	1	1	0	0	0	3	0	0	0	0	0	0	1	0	0	0	0	2	0	0	0	0	1	0	0	0	0	0	0	6	0	0	2	0	0	0	0	0	0	0	0	0	0	0	0	1	0	0	2	0	0	0	0	1	4	5	0	1	2	1	0	0	0	0	0	1	0	0	0	1	0	0	2	2	0	0	0	0	0	0	0	0	0	0	0	0	7	0	0	1	0	0	2	0	0	0	0	0	0	0	0	0	0	0	0	0	0	0	0	0	3	0	0	0	0	0	0	0	0	0	0	0	0	0	0	0	0	0	0	4	0	1	0	0	4	1	0	0	0	1	0	0	0	0	0	0	0	1	0	1	0	1	0	1	0	0	0	0	0	1	0	0	0	0	1	1	0	0	0	1	0	0	0	0	0	0	0	0	0	1	1	0	0	0	0	0	1	0	0
G[Ins(T):R2]G	1	0	0	0	0	0	0	0	0	1	0	1	0	0	0	0	0	0	0	0	4	0	0	0	0	0	0	1	0	36	8	2	0	1	2	0	3	4	0	0	34	0	0	0	0	1	0	2	2	22	1	0	0	1	0	3	0	0	1	1	0	0	0	2	1	0	0	0	0	0	107	1	2	0	1	2	1	0	0	0	0	0	4	1	0	0	2	2	0	0	2	0	0	2	1	0	0	0	63	0	0	0	30	0	0	0	1	0	0	0	2	2	1	0	1	1	62	1	2	87	5	4	52	0	22	0	9	29	0	0	0	0	0	4	32	1	36	0	0	1	0	0	0	20	0	1	0	0	0	0	0	2	1	0	0	1	1	0	0	0	0	1	5	0	2	0	1	0	0	6	1	2	1	0	0	3	3	0	0	0	2	4	2	1	2	0	1	0	0	31	1	0	0	100	0	0	12	0	0	0	0	2	0	0	1	1	0	0	0	23	2	3	0	6	1	0	0	0	6	49	2	1	1	2	2	1	0	0	3	1	0	0	0	2	0	0	18	28	2	0	1	3	1	1	0	1	0	0	0	0	33	0	0	8	0	0	0	0	0	0	0	1	0	0	0	0	1	2	0	1	0	0	0	0	0	0	1	0	0	0	1	0	1	0	0	1	0	0	0	1	1	0	1	48	0	2	0	0	80	1	0	1	0	1	0	0	1	2	0	2	2	1	0	0	0	0	0	5	0	1	0	0	0	2	0	1	3	3	4	10	1	0	0	1	3	0	0	1	1	0	0	9	1	0	3	0	0	0	1	0	0	0	1
G[Ins(T):R3]A	0	0	0	1	0	0	0	0	0	0	0	0	0	0	0	0	0	1	0	0	2	1	0	1	0	0	0	0	0	3	2	0	1	0	0	0	1	1	1	0	7	0	0	0	0	1	1	1	0	3	0	0	0	0	0	0	0	0	1	0	0	0	1	0	2	0	0	1	0	0	0	0	1	0	0	0	3	2	0	1	0	0	1	1	0	0	1	1	0	0	0	0	0	0	0	1	0	0	5	0	1	0	3	0	0	0	0	0	2	0	1	0	0	0	0	0	0	0	0	2	2	1	10	0	0	0	0	1	0	1	0	2	0	1	14	0	2	1	0	0	0	0	0	4	0	0	0	0	0	0	0	0	0	0	0	0	2	0	1	0	0	1	1	1	0	0	0	0	2	0	0	1	0	0	0	0	0	0	0	0	0	1	0	1	0	0	0	0	0	1	1	0	0	2	0	1	2	1	0	0	0	0	0	0	0	1	1	0	0	1	0	0	0	1	0	1	0	0	0	1	0	0	2	2	0	0	1	0	1	0	0	0	0	0	0	0	0	0	0	0	0	0	0	1	1	0	0	0	0	0	5	0	0	0	0	0	1	0	0	0	2	0	0	2	1	0	1	0	0	0	1	0	0	0	1	0	2	2	0	0	0	0	2	0	1	1	0	1	0	1	1	0	0	1	0	1	1	0	4	1	2	1	0	4	0	0	0	1	0	0	0	1	0	0	0	0	0	3	0	0	0	0	0	3	0	0	1	0	0	0	0	0	0	1	3	0	0	1	1	0	0	1	0	0	1	1	1	0	2	0	0	0	0
G[Ins(T):R3]C	0	1	1	0	0	0	0	0	0	0	0	0	0	0	0	0	0	0	0	0	2	0	0	0	0	0	0	0	0	2	2	0	1	1	2	1	0	2	0	0	4	1	0	0	0	1	0	0	1	12	0	0	0	0	0	0	0	0	0	0	0	0	0	2	0	0	0	0	1	0	3	0	1	0	1	0	0	0	0	0	0	0	1	0	0	1	0	0	0	0	0	0	0	0	1	0	0	0	1	0	0	0	2	0	0	0	0	0	0	1	1	0	0	0	0	1	0	0	0	2	1	0	9	0	2	0	0	1	0	0	0	0	0	0	22	0	3	1	1	0	0	0	1	2	0	0	0	0	0	0	1	0	0	0	0	1	0	0	0	0	0	2	0	1	0	0	0	0	1	0	0	1	0	0	0	1	0	0	0	0	1	1	0	0	0	0	0	0	0	0	0	0	0	2	0	0	0	0	0	0	0	0	1	0	0	0	0	0	0	2	0	0	1	0	0	1	0	0	3	1	1	1	0	0	0	0	0	1	0	0	0	0	1	0	0	0	0	1	0	0	1	0	0	0	0	0	0	0	1	0	3	0	0	0	0	0	2	0	0	0	0	0	1	1	0	0	0	0	2	0	0	0	0	0	0	0	0	0	0	0	0	0	0	0	0	0	0	0	0	1	0	0	0	1	0	0	0	1	3	0	0	0	0	0	0	0	1	0	0	1	0	0	0	0	0	1	0	0	0	0	0	0	0	2	0	0	0	0	0	0	0	0	0	0	2	0	0	0	0	0	1	2	1	0	0	0	0	0	0	0	0	0	0
G[Ins(T):R3]G	0	0	0	1	0	0	0	0	0	0	0	0	1	3	0	0	0	0	0	0	4	0	0	0	0	0	0	0	0	15	2	1	0	0	0	0	0	3	0	0	16	3	1	0	0	3	0	1	0	17	0	0	0	0	0	0	0	1	0	0	0	1	0	0	0	0	0	0	0	0	52	0	2	0	0	0	0	0	0	0	0	0	2	1	0	0	0	0	0	0	0	0	1	4	0	0	1	0	40	0	0	1	19	0	1	0	0	1	0	0	1	0	0	0	0	2	29	0	0	26	2	1	13	0	10	0	4	17	0	1	0	0	0	1	15	1	14	0	0	0	0	0	1	11	1	1	0	0	1	1	1	2	0	0	1	1	1	0	1	0	0	0	0	0	0	0	0	0	0	3	1	2	0	0	0	4	0	0	0	0	1	6	0	1	1	0	0	0	0	16	2	0	0	71	0	1	15	0	0	1	2	0	1	0	0	1	0	1	0	12	0	1	0	3	0	0	0	0	2	30	0	2	0	0	1	0	1	0	2	1	0	0	0	0	1	0	6	25	0	0	1	1	0	0	0	0	0	1	2	0	6	0	4	3	0	0	5	0	0	0	0	1	0	2	0	0	0	0	0	2	1	0	0	0	0	1	1	0	0	1	1	0	0	0	1	1	0	1	0	0	0	0	0	28	2	2	0	0	41	0	1	0	0	3	0	0	0	0	0	1	1	3	0	1	1	1	0	3	2	0	0	0	0	0	2	0	2	0	8	2	0	0	0	1	2	1	0	0	0	0	0	6	0	0	1	0	3	0	1	0	0	0	0
G[Ins(T):R4]A	1	0	0	0	0	0	0	0	0	0	0	0	0	0	1	0	0	0	0	0	0	0	0	0	0	0	0	1	0	0	1	2	0	0	1	2	1	0	0	0	14	0	0	0	0	0	0	1	0	2	0	1	0	0	0	1	0	0	0	0	0	0	0	0	0	0	0	0	1	0	3	0	0	0	1	0	1	0	0	0	0	0	1	1	0	0	0	0	0	0	1	0	1	1	0	0	0	0	0	0	0	1	0	0	0	1	0	0	0	0	0	0	0	0	0	0	1	0	0	3	0	1	7	0	1	0	0	0	0	0	0	1	0	1	8	0	2	0	0	1	1	0	1	0	0	0	0	0	0	0	0	1	0	0	0	0	0	0	0	0	0	0	0	0	0	1	0	0	1	1	0	0	0	0	0	1	0	0	0	0	1	0	0	0	0	0	0	0	0	1	0	0	0	0	0	0	0	0	0	0	0	0	2	0	0	0	0	0	0	1	0	0	1	0	0	1	0	0	1	0	0	0	0	0	0	0	0	0	0	1	0	0	0	0	0	0	0	3	0	0	0	0	0	0	0	0	0	0	0	0	5	0	0	0	0	0	2	0	0	1	0	0	0	0	0	0	0	0	0	0	0	0	0	0	0	0	0	0	0	0	0	0	1	0	0	1	0	1	0	0	0	0	1	0	0	0	0	0	2	0	0	0	1	1	0	0	0	0	0	0	0	0	0	0	0	0	0	1	1	0	0	0	0	2	0	0	0	0	0	0	0	0	0	0	0	0	0	0	0	0	0	3	1	0	0	0	0	0	0	0	0	0	0
G[Ins(T):R4]C	0	0	0	0	0	0	0	0	1	0	0	0	0	0	0	0	0	0	0	0	2	0	0	0	0	0	0	0	0	0	1	0	0	0	0	0	0	0	0	0	9	0	0	0	0	0	0	0	1	13	0	0	0	0	0	0	0	1	0	0	0	0	0	0	1	0	0	0	0	0	1	0	0	0	0	0	0	0	0	1	0	0	1	0	0	1	0	0	0	0	0	0	0	0	0	1	0	0	1	1	0	0	2	0	0	0	0	0	1	0	1	0	0	0	0	0	0	0	0	1	1	0	6	2	0	0	0	1	0	0	0	0	0	0	3	0	0	0	0	1	0	0	0	2	0	0	0	0	0	0	0	0	0	0	0	0	1	0	0	0	0	0	2	1	0	0	0	0	1	2	0	1	0	0	0	0	0	0	0	0	0	0	1	1	0	0	1	0	0	0	0	0	0	1	0	0	0	0	0	0	1	0	0	0	0	0	0	0	1	0	0	0	0	1	0	1	0	0	0	0	0	0	0	0	0	0	0	2	1	0	0	0	0	0	0	0	0	0	0	0	1	0	0	0	0	0	0	0	0	0	3	0	0	0	0	0	2	0	0	0	0	0	0	0	1	0	0	0	0	0	0	0	0	0	0	0	1	0	0	0	0	0	0	0	0	1	0	0	0	0	0	1	0	0	0	1	0	0	0	0	1	0	0	0	0	0	0	0	0	0	0	0	0	0	2	0	0	2	0	0	0	0	0	0	0	1	0	1	0	0	1	0	0	0	1	0	1	1	1	0	0	4	1	1	1	0	0	0	0	0	1	0	0
G[Ins(T):R4]G	0	0	0	0	0	0	0	0	0	0	0	1	1	0	0	0	0	0	0	0	0	0	0	0	0	0	0	1	0	5	0	0	0	0	0	0	1	4	0	0	49	1	0	0	0	0	0	0	0	17	0	0	0	0	0	0	0	0	0	0	1	0	0	2	0	0	0	0	0	0	13	0	0	0	0	0	0	0	0	0	0	1	1	1	1	1	0	1	1	1	0	0	0	0	1	0	0	0	9	0	1	0	1	0	0	0	0	1	0	1	0	1	1	0	0	0	5	0	1	5	0	2	5	0	1	0	1	7	0	0	0	0	1	3	8	0	2	1	0	0	0	0	0	4	0	2	0	0	0	0	0	0	0	0	0	0	1	1	0	1	0	0	4	0	1	0	0	0	0	1	0	0	0	0	0	1	0	1	0	0	0	1	0	0	0	1	0	0	0	2	2	1	0	19	1	0	2	0	2	0	0	0	0	0	0	0	0	0	0	3	1	0	1	2	0	0	0	0	1	6	1	0	0	0	0	0	0	1	0	0	0	0	0	0	0	0	3	7	0	0	0	1	0	0	0	0	0	0	0	0	27	0	0	5	0	0	1	0	0	0	0	0	0	0	0	0	0	0	2	0	0	0	1	0	1	1	0	0	0	0	0	0	1	0	1	0	0	0	0	1	0	0	0	7	0	3	1	0	12	0	0	0	0	0	0	0	2	0	0	0	1	0	0	0	0	2	0	0	0	0	0	0	0	1	0	0	1	0	3	0	0	0	0	0	0	0	0	1	1	0	2	12	1	1	1	2	0	0	1	0	0	0	0
G[Ins(T):R5]A	0	1	0	1	1	0	0	0	0	0	0	0	0	0	1	0	1	1	0	0	3	1	0	0	0	0	1	0	1	1	1	1	0	0	1	0	3	1	0	1	49	0	1	0	0	0	0	0	1	14	0	0	0	0	0	1	1	0	1	0	0	1	0	2	0	0	0	0	2	1	3	0	0	0	1	0	2	0	0	1	0	0	5	0	1	0	0	0	0	0	1	2	1	0	0	0	1	0	3	0	1	0	2	1	0	0	0	2	0	0	1	1	2	0	0	0	1	0	0	1	2	1	4	0	7	1	0	0	1	0	0	0	3	0	3	1	0	0	0	0	0	0	0	0	0	2	0	0	0	1	1	2	1	0	0	2	1	0	1	0	0	0	3	0	2	1	0	0	0	3	2	0	0	0	0	0	1	0	0	1	2	0	1	2	1	1	0	0	2	1	2	0	0	3	0	0	3	0	0	0	1	1	0	0	1	0	0	0	0	1	1	0	1	0	0	0	0	1	2	0	0	1	1	1	0	0	0	0	0	0	0	0	1	2	0	0	1	3	1	0	1	0	0	0	0	0	0	0	0	0	24	0	1	0	0	0	5	0	0	0	0	1	0	0	0	0	1	0	0	1	0	0	0	0	1	1	1	0	0	0	0	0	1	0	3	1	0	1	1	0	0	0	0	0	1	1	0	2	6	0	1	0	0	2	0	1	1	0	0	3	3	1	0	0	0	2	0	3	1	0	0	0	0	0	0	3	2	1	0	0	0	0	0	0	1	0	0	4	0	1	2	10	2	1	1	0	0	0	1	0	0	0	1
G[Ins(T):R5]C	1	0	0	0	0	0	0	0	0	1	0	0	1	1	0	0	0	0	0	0	1	0	0	0	0	0	0	0	0	0	1	1	1	0	0	0	3	5	0	1	28	1	0	0	0	0	0	0	2	27	0	0	0	0	0	1	0	1	1	0	0	0	1	3	1	0	0	0	0	1	2	1	2	0	1	2	1	0	0	0	0	0	3	2	1	0	0	0	1	1	0	0	1	2	0	1	0	0	0	3	0	0	2	0	0	1	0	2	0	0	1	3	0	0	0	0	1	0	1	2	1	2	4	0	1	1	1	3	0	0	0	0	0	1	1	0	1	0	0	0	0	0	0	3	1	2	1	0	0	0	0	0	0	2	1	1	0	0	0	0	0	2	1	0	0	1	0	0	1	7	0	6	0	0	0	3	0	0	0	0	0	0	0	3	0	0	0	0	0	0	2	0	0	1	0	0	3	0	3	0	0	1	0	0	2	0	0	0	1	1	0	0	0	1	0	1	0	1	1	1	1	0	0	1	0	0	0	0	0	0	0	0	2	1	0	0	0	1	1	3	3	2	1	2	0	0	1	0	0	0	19	1	0	1	0	0	0	0	0	0	0	1	0	0	0	0	0	0	1	1	0	0	0	0	0	2	0	1	0	0	0	0	1	0	1	1	0	0	1	0	0	0	0	1	0	2	0	1	1	0	0	0	1	2	0	0	0	2	0	0	4	2	1	0	0	3	0	2	0	0	0	0	1	0	0	1	0	0	0	0	0	0	0	0	1	0	0	2	0	1	1	11	0	1	0	2	0	0	0	0	0	1	0
G[Ins(T):R5]G	1	0	0	1	0	0	0	0	1	0	1	0	0	2	0	1	0	0	0	0	2	0	1	0	0	0	0	1	0	4	2	0	0	0	0	0	2	12	0	0	47	1	0	0	1	0	1	0	0	47	1	0	1	1	0	1	0	2	0	1	0	0	1	4	0	0	2	0	2	2	9	1	1	0	0	0	4	0	0	0	0	0	3	1	2	0	0	0	0	0	0	1	0	1	0	0	0	0	5	1	0	0	5	1	0	1	0	0	2	0	1	5	1	0	0	0	4	0	0	3	3	1	5	3	1	1	6	2	1	1	1	0	0	1	3	2	2	1	0	0	0	0	0	4	0	1	0	0	0	0	0	1	0	0	0	1	0	0	1	0	0	0	0	0	0	1	0	0	2	2	0	6	1	0	0	3	0	0	2	1	1	0	2	4	1	0	2	1	0	5	1	1	0	9	0	1	5	0	0	0	3	1	0	0	4	0	0	0	2	2	0	0	0	1	0	2	0	0	0	5	1	0	1	3	0	0	0	1	0	2	0	0	0	1	0	0	3	8	1	0	1	0	4	2	0	0	1	0	0	0	38	0	1	4	0	1	5	0	1	0	1	1	2	0	0	0	0	0	1	1	2	0	0	0	1	0	1	1	0	1	0	1	0	0	2	0	1	0	1	1	0	1	1	5	0	4	0	0	9	1	0	0	0	2	2	3	0	0	0	0	3	0	0	0	0	1	0	2	1	0	0	1	0	0	1	2	1	0	3	1	1	1	0	1	0	0	1	2	2	0	0	14	0	0	1	0	2	0	1	0	0	1	0
G[Ins(T):R6]A	0	1	0	3	1	0	1	1	3	1	2	1	2	2	1	1	2	0	2	0	4	0	0	0	0	0	0	0	1	4	5	3	0	0	0	0	6	18	0	2	140	2	2	1	0	0	0	4	1	94	0	1	0	1	0	2	0	3	1	0	0	0	1	8	1	1	1	0	1	3	5	0	0	0	1	3	6	0	0	0	1	0	8	1	3	0	0	2	2	0	0	0	1	3	0	1	0	0	5	4	0	0	3	0	0	0	0	4	1	0	7	6	2	1	0	0	1	0	0	1	2	5	8	6	7	0	0	1	0	0	0	0	1	1	6	1	2	3	0	2	0	0	2	1	0	8	0	2	1	0	1	0	2	1	0	1	8	4	3	1	0	8	3	0	3	1	0	0	0	15	4	7	0	0	0	5	3	0	0	0	11	3	2	7	0	1	0	1	3	0	8	0	0	4	1	0	7	0	5	0	3	2	0	1	6	0	1	0	2	4	1	0	6	0	1	0	0	1	7	2	2	0	2	2	0	2	1	3	0	1	0	0	3	5	0	1	2	5	2	1	1	0	1	4	0	2	2	0	3	0	98	0	3	1	0	0	8	0	0	0	0	1	2	1	0	0	0	0	0	1	2	1	0	0	0	4	5	1	0	0	0	0	9	0	13	4	3	2	0	0	0	0	0	1	0	3	1	0	13	0	4	1	2	4	1	4	1	0	0	5	5	2	0	0	0	8	1	3	0	0	1	0	0	1	2	0	0	1	2	3	0	2	0	0	5	1	0	3	4	0	2	31	4	1	4	4	2	0	6	0	1	6	0
G[Ins(T):R6]C	4	5	2	2	3	2	1	3	8	5	4	2	0	4	0	2	0	2	2	2	12	0	1	0	0	0	1	0	6	2	3	8	2	3	3	1	9	16	0	2	134	5	9	1	2	0	3	1	1	135	3	0	0	0	0	3	0	6	4	0	1	2	2	18	0	0	0	1	2	5	5	0	2	2	1	2	11	1	1	0	1	1	15	10	3	1	0	2	2	0	0	1	0	4	1	2	4	2	10	4	2	0	3	4	0	1	0	11	2	1	4	11	1	1	2	3	2	3	1	2	4	1	5	7	8	0	8	5	0	2	1	0	8	5	3	2	4	3	0	1	0	0	2	3	1	17	0	3	2	0	3	2	5	2	0	7	2	1	7	3	0	18	10	0	6	3	0	0	3	25	5	9	2	0	0	5	6	0	4	2	4	2	2	13	3	4	1	4	2	3	17	0	0	9	1	0	11	1	9	1	5	4	1	0	9	3	0	1	2	16	1	3	1	1	3	3	0	1	13	4	0	3	2	9	3	4	10	4	1	5	0	0	3	9	0	1	1	8	5	1	7	3	6	5	0	1	1	0	3	1	143	4	3	2	0	1	10	0	0	1	2	5	2	1	0	1	0	0	1	4	3	0	0	2	2	6	7	1	0	1	0	1	6	0	8	5	0	3	0	0	0	3	3	2	1	3	0	5	30	0	2	1	2	12	0	6	0	2	1	7	12	9	2	1	1	12	2	12	0	1	2	0	0	2	2	2	2	7	5	2	3	4	0	3	5	0	1	8	8	2	11	51	8	4	4	6	5	0	5	2	1	2	1
G[Ins(T):R6]G	7	4	0	4	1	2	4	0	3	5	1	2	3	4	0	5	0	4	1	3	16	1	0	0	0	0	0	1	7	8	2	17	5	0	1	1	14	42	0	1	234	5	6	2	1	1	1	7	2	288	11	0	0	0	0	4	0	4	5	2	0	5	1	15	1	0	0	0	1	6	7	1	0	0	2	3	12	1	4	0	2	0	9	6	6	0	0	3	2	0	0	0	0	6	0	4	1	0	14	6	0	1	3	3	1	1	1	18	2	0	5	18	2	1	4	1	2	1	0	6	5	4	10	4	11	0	7	11	2	3	0	0	4	6	2	2	4	10	0	0	0	1	0	7	0	15	0	6	2	1	6	4	2	2	0	6	3	1	7	0	0	12	6	1	4	1	0	0	6	23	3	24	0	2	0	14	5	1	1	2	8	3	3	10	2	1	0	3	4	0	15	0	1	20	3	0	11	0	7	2	4	5	1	0	17	3	0	0	3	17	1	2	4	3	2	7	1	2	12	2	0	2	4	8	2	4	5	8	3	4	1	0	7	6	0	1	4	10	5	1	13	5	1	11	2	0	3	0	0	0	232	3	8	2	0	0	11	0	0	1	2	5	0	0	1	1	0	0	0	3	2	1	0	1	4	3	13	2	2	0	0	0	3	1	11	4	3	3	0	0	1	3	3	2	1	4	0	5	25	0	2	0	3	7	2	6	1	3	0	6	14	5	0	1	1	14	2	7	0	0	2	0	1	0	3	2	9	5	4	1	1	4	1	1	7	0	0	5	8	1	9	89	8	7	15	2	1	0	7	0	0	2	1
G[Ins(T):R7]A	7	3	2	3	1	0	3	2	6	3	7	3	2	6	0	7	0	6	3	3	8	2	0	0	0	0	0	1	2	4	2	10	1	0	3	5	6	34	0	3	228	8	5	3	1	0	1	5	5	159	8	0	1	0	0	2	0	6	5	0	0	1	5	16	1	0	1	0	1	8	6	1	1	0	2	2	13	1	0	0	0	0	9	6	8	0	0	3	1	2	1	3	0	2	1	2	2	0	6	6	1	0	1	0	2	1	0	13	1	0	9	13	1	1	1	1	6	2	0	10	5	6	12	4	6	0	2	3	1	3	0	0	1	4	2	1	0	10	0	0	0	3	0	2	1	22	0	6	2	1	0	1	3	3	1	12	4	2	10	1	1	11	8	0	9	2	0	0	5	18	8	13	1	0	0	6	2	1	1	3	9	1	1	16	1	1	1	3	3	3	22	3	2	2	0	0	7	0	5	1	5	3	5	0	11	3	0	0	5	10	1	3	1	2	2	5	0	1	12	4	3	1	3	5	2	4	6	4	0	6	0	0	4	10	1	1	1	5	2	0	10	2	1	3	1	5	2	0	0	0	166	3	5	3	0	0	16	0	0	0	1	4	1	0	0	0	0	0	1	2	1	3	0	0	0	10	14	3	0	1	0	1	5	1	13	9	0	5	0	1	1	1	3	3	0	4	2	2	21	0	4	0	1	15	1	3	2	1	0	11	13	2	0	0	1	10	0	16	4	1	1	1	1	2	4	2	4	1	2	2	0	5	0	1	7	0	0	6	4	1	4	56	9	4	16	10	4	0	5	0	1	3	2
G[Ins(T):R7]C	1	2	0	1	1	3	2	1	6	4	3	2	4	2	1	5	0	3	1	3	9	0	0	0	0	0	2	1	3	3	1	11	1	1	4	3	4	22	0	1	203	8	9	1	3	3	0	2	4	177	3	1	2	2	0	0	0	5	1	0	0	4	1	12	0	0	1	0	1	10	2	1	5	1	4	2	13	0	1	1	0	1	18	9	5	0	0	2	1	1	0	0	0	4	2	3	1	1	17	4	1	0	2	2	0	3	0	6	4	1	8	15	2	0	3	2	5	0	0	2	5	3	10	4	11	2	5	7	2	4	0	0	4	1	5	1	2	5	0	1	0	2	2	7	1	19	1	2	1	2	1	2	6	1	3	8	5	0	6	0	1	13	9	0	7	1	0	0	1	23	7	13	0	0	1	11	1	0	1	4	16	5	3	9	3	0	4	2	4	0	19	0	0	4	0	0	10	0	6	0	8	0	3	2	8	2	0	0	2	5	0	1	2	4	1	2	1	1	10	1	0	2	1	3	1	3	7	6	0	5	0	1	6	7	0	2	1	7	0	3	9	2	1	4	3	2	3	0	1	0	179	4	4	2	0	0	15	0	0	0	0	6	1	1	0	0	0	1	0	3	4	0	0	1	0	14	13	1	1	0	0	0	4	1	10	9	2	1	3	3	0	2	2	0	0	4	0	2	15	0	6	2	2	13	0	3	4	3	0	8	15	6	1	1	0	9	0	9	6	0	3	1	0	4	1	4	3	3	1	0	2	1	1	1	11	0	0	4	5	0	4	54	8	5	5	3	2	0	4	0	1	2	2
G[Ins(T):R7]G	2	0	4	2	0	3	4	1	7	2	3	4	3	6	4	4	1	1	2	2	9	1	0	0	0	0	1	0	8	3	1	20	3	0	3	4	7	56	0	1	270	6	9	5	0	0	6	3	1	316	3	2	1	1	0	3	2	4	9	3	1	6	2	14	2	2	0	0	1	10	8	0	2	0	4	3	21	0	1	0	1	2	26	2	6	0	0	2	1	4	0	0	1	3	4	3	1	0	5	6	0	0	6	3	2	2	0	14	2	3	8	13	5	0	3	1	16	1	1	4	5	6	12	11	11	1	4	8	1	3	0	0	7	10	4	0	1	10	0	3	0	2	1	4	4	15	1	5	3	0	10	4	3	1	2	7	4	0	10	1	0	14	2	0	8	1	0	0	2	24	8	15	0	0	0	20	2	3	2	0	21	2	4	21	3	3	1	2	3	3	14	0	0	7	0	1	15	2	6	0	8	4	4	1	7	2	1	0	5	5	2	0	7	3	2	2	1	2	19	10	2	0	2	9	0	4	5	7	1	6	0	0	6	9	1	1	1	9	3	3	12	5	4	5	2	4	4	0	1	0	263	6	6	3	0	2	18	0	0	0	1	4	1	1	0	1	0	1	0	6	5	1	0	0	2	5	12	2	1	0	0	0	6	0	16	6	1	9	1	2	0	3	6	11	1	5	1	3	36	0	3	5	3	21	3	3	0	3	1	8	15	9	1	0	3	22	0	13	8	3	2	0	1	0	0	3	2	3	6	2	0	4	0	1	6	0	0	18	6	2	4	103	8	7	26	2	2	0	4	0	0	2	6
G[Ins(T):R8]A	2	1	1	6	2	1	1	2	7	0	6	0	3	6	2	3	0	1	1	1	13	0	0	0	0	1	1	1	6	5	0	13	2	0	3	1	11	44	0	2	260	6	4	3	2	2	1	7	2	193	4	0	1	0	0	5	0	4	3	0	1	2	1	14	1	2	1	0	2	11	8	1	3	0	1	0	19	1	2	0	3	0	22	6	9	3	2	4	3	2	0	5	1	4	1	6	2	0	9	14	0	0	4	3	0	2	1	13	1	1	10	10	3	0	0	2	3	2	1	2	3	5	14	9	3	3	3	6	1	4	0	0	4	6	3	2	3	12	0	1	0	0	1	2	3	12	1	7	1	3	3	4	6	0	2	6	2	2	5	0	0	12	8	1	7	0	0	0	2	18	5	15	1	1	1	14	3	0	1	4	20	5	3	19	4	4	1	2	3	1	12	0	2	3	0	0	13	1	4	2	6	5	0	1	8	6	0	1	4	9	0	2	5	1	0	2	0	0	29	0	2	0	5	7	3	3	3	6	0	6	0	2	5	11	0	3	0	9	5	2	11	1	5	14	2	0	1	0	2	1	173	4	7	4	1	0	15	0	0	2	3	4	0	0	0	1	0	0	0	6	5	1	2	0	0	8	12	1	1	0	1	1	10	3	20	12	1	3	1	2	1	2	3	2	0	5	0	2	24	0	9	2	0	17	1	4	1	0	1	15	20	7	3	1	0	19	0	13	9	0	1	2	0	3	2	3	5	3	4	1	0	1	0	1	7	0	0	18	6	1	8	77	6	6	15	2	2	0	6	1	1	3	0
G[Ins(T):R8]C	6	5	1	3	2	1	5	1	10	5	7	1	3	6	5	5	0	3	1	4	9	2	0	0	0	0	1	1	4	1	2	15	2	0	1	1	11	30	0	2	199	6	13	1	2	0	2	5	2	194	10	0	1	3	0	4	0	5	4	1	0	3	2	19	1	0	0	0	2	7	9	0	0	0	5	1	14	2	2	0	2	0	25	7	2	2	1	0	1	2	0	5	1	9	1	1	1	1	5	9	1	2	4	2	0	2	1	12	4	0	5	10	2	0	1	0	2	1	1	6	9	4	12	12	7	1	1	8	0	2	0	2	5	4	3	3	2	8	0	1	0	6	1	4	2	19	0	3	0	0	3	2	5	4	4	7	11	3	9	0	0	10	9	2	4	3	0	0	2	26	5	16	1	0	0	13	4	0	2	3	9	3	1	14	1	0	2	1	1	3	19	2	0	4	1	2	6	1	8	0	3	5	1	2	10	4	1	0	5	7	0	2	2	2	3	1	0	2	10	11	2	1	2	7	2	6	8	12	1	7	0	0	9	7	2	3	2	6	4	2	11	3	2	7	0	0	3	0	1	0	184	2	12	3	0	0	14	1	0	1	0	7	1	2	1	1	0	0	2	3	4	0	0	1	0	17	16	3	0	1	0	0	8	0	18	6	0	8	1	0	0	2	0	5	0	2	0	4	25	0	4	3	1	20	2	4	3	2	0	12	19	6	3	0	3	9	1	13	6	0	2	0	1	1	5	3	8	8	2	0	3	4	0	0	11	0	1	3	7	0	3	73	11	11	11	5	2	0	5	0	0	1	1
G[Ins(T):R8]G	5	5	1	1	3	7	4	1	5	2	6	4	4	3	3	2	2	1	1	3	18	1	0	0	0	0	0	0	7	5	4	11	6	3	1	3	20	48	0	2	261	10	6	4	2	1	2	13	5	350	4	0	0	3	0	2	0	5	4	2	0	5	1	18	1	2	1	0	4	14	5	0	3	1	5	5	20	0	2	0	3	0	36	9	6	3	1	4	6	4	0	2	2	3	4	2	1	1	6	7	0	1	7	1	3	2	1	20	8	3	14	20	3	1	4	2	8	3	2	7	7	9	10	4	15	0	7	14	1	1	0	0	8	6	2	2	5	13	0	1	1	1	3	5	4	23	1	13	1	2	11	3	4	1	2	16	5	2	7	1	0	17	6	0	6	2	0	0	2	23	15	33	1	0	1	13	9	2	1	1	10	6	6	29	6	1	1	5	1	6	23	2	0	1	0	0	15	0	5	0	11	5	3	1	13	3	1	1	5	9	1	1	5	7	3	2	0	1	19	7	3	3	2	7	2	4	5	13	0	6	0	0	9	9	0	0	3	6	4	0	22	4	4	9	1	4	1	0	2	1	293	5	13	5	0	1	23	0	1	1	2	3	0	2	1	0	1	0	2	5	5	0	0	1	2	17	18	1	1	1	0	2	8	2	13	5	2	5	0	2	0	3	2	4	0	4	1	5	20	0	1	11	0	19	3	6	3	6	0	26	21	13	0	0	1	15	0	13	11	0	1	2	2	0	3	7	7	6	6	2	4	1	1	1	13	2	0	14	9	1	9	132	14	11	22	8	3	0	9	0	2	7	4
G[Ins(T):R(9,)]A	0	0	0	0	0	0	0	0	0	0	0	0	0	0	0	0	0	0	0	0	0	0	0	0	0	0	0	0	0	0	0	0	0	0	0	0	0	0	0	0	0	0	0	0	0	0	0	0	0	0	0	0	0	0	0	0	0	0	0	0	0	0	0	0	0	0	0	0	0	0	0	0	0	0	0	0	0	0	0	0	0	0	0	0	0	0	0	0	0	0	0	0	0	0	0	0	0	0	0	0	0	0	0	0	0	0	0	0	0	0	0	0	0	0	0	0	0	0	0	0	0	0	0	0	0	0	0	0	0	0	0	0	0	0	0	0	0	0	0	0	0	0	0	0	0	0	0	0	0	0	0	0	0	0	0	0	0	0	0	0	0	0	0	0	0	0	0	0	0	0	0	0	0	0	0	0	0	0	0	0	0	0	0	0	0	0	0	0	0	0	0	0	0	0	0	0	0	0	0	0	0	0	0	0	0	0	0	0	0	0	0	0	0	0	0	0	0	0	0	0	0	0	0	0	0	0	0	0	0	0	0	0	0	0	0	0	0	0	0	0	0	0	0	0	0	0	0	0	0	0	0	0	0	0	0	0	0	0	0	0	0	0	0	0	0	0	0	0	0	0	0	0	0	0	0	0	0	0	0	0	0	0	0	0	0	0	0	0	0	0	0	0	0	0	0	0	0	0	0	0	0	0	0	0	0	0	0	0	0	0	0	0	0	0	0	0	0	0	0	0	0	0	0	0	0	0	0	0	0	0	0	0	0	0	0	0	0	0	0	0	0	0	0	0	0	0	0	0	0	0	0	0	0
G[Ins(T):R(9,)]C	0	0	0	0	0	0	0	0	0	0	0	0	0	0	0	0	0	0	0	0	0	0	0	0	0	0	0	0	0	0	0	0	0	0	0	0	0	0	0	0	0	0	0	0	0	0	0	0	0	0	0	0	0	0	0	0	0	0	0	0	0	0	0	0	0	0	0	0	0	0	0	0	0	0	0	0	0	0	0	0	0	0	0	0	0	0	0	0	0	0	0	0	0	0	0	0	0	0	0	0	0	0	0	0	0	0	0	0	0	0	0	0	0	0	0	0	0	0	0	0	0	0	0	0	0	0	0	0	0	0	0	0	0	0	0	0	0	0	0	0	0	0	0	0	0	0	0	0	0	0	0	0	0	0	0	0	0	0	0	0	0	0	0	0	0	0	0	0	0	0	0	0	0	0	0	0	0	0	0	0	0	0	0	0	0	0	0	0	0	0	0	0	0	0	0	0	0	0	0	0	0	0	0	0	0	0	0	0	0	0	0	0	0	0	0	0	0	0	0	0	0	0	0	0	0	0	0	0	0	0	0	0	0	0	0	0	0	0	0	0	0	0	0	0	0	0	0	0	0	0	0	0	0	0	0	0	0	0	0	0	0	0	0	0	0	0	0	0	0	0	0	0	0	0	0	0	0	0	0	0	0	0	0	0	0	0	0	0	0	0	0	0	0	0	0	0	0	0	0	0	0	0	0	0	0	0	0	0	0	0	0	0	0	0	0	0	0	0	0	0	0	0	0	0	0	0	0	0	0	0	0	0	0	0	0	0	0	0	0	0	0	0	0	0	0	0	0	0	0	0	0	0	0
G[Ins(T):R(9,)]G	0	0	0	0	0	0	0	0	0	0	0	0	0	0	0	0	0	0	0	0	0	0	0	0	0	0	0	0	0	0	0	0	0	0	0	0	0	0	0	0	0	0	0	0	0	0	0	0	0	0	0	0	0	0	0	0	0	0	0	0	0	0	0	0	0	0	0	0	0	0	0	0	0	0	0	0	0	0	0	0	0	0	0	0	0	0	0	0	0	0	0	0	0	0	0	0	0	0	0	0	0	0	0	0	0	0	0	0	0	0	0	0	0	0	0	0	0	0	0	0	0	0	0	0	0	0	0	0	0	0	0	0	0	0	0	0	0	0	0	0	0	0	0	0	0	0	0	0	0	0	0	0	0	0	0	0	0	0	0	0	0	0	0	0	0	0	0	0	0	0	0	0	0	0	0	0	0	0	0	0	0	0	0	0	0	0	0	0	0	0	0	0	0	0	0	0	0	0	0	0	0	0	0	0	0	0	0	0	0	0	0	0	0	0	0	0	0	0	0	0	0	0	0	0	0	0	0	0	0	0	0	0	0	0	0	0	0	0	0	0	0	0	0	0	0	0	0	0	0	0	0	0	0	0	0	0	0	0	0	0	0	0	0	0	0	0	0	0	0	0	0	0	0	0	0	0	0	0	0	0	0	0	0	0	0	0	0	0	0	0	0	0	0	0	0	0	0	0	0	0	0	0	0	0	0	0	0	0	0	0	0	0	0	0	0	0	0	0	0	0	0	0	0	0	0	0	0	0	0	0	0	0	0	0	0	0	0	0	0	0	0	0	0	0	0	0	0	0	0	0	0	0	0
Del2:U1:R1	1	0	1	0	1	0	2	0	2	1	4	3	5	5	0	1	1	3	2	3	40	6	0	1	2	0	3	0	5	8	5	2	6	9	7	4	5	9	2	1	7	1	6	2	4	3	3	1	5	50	2	0	0	1	0	102	0	2	2	3	2	1	17	5	1	2	5	2	7	1	32	1	6	1	7	2	29	0	1	1	5	3	7	0	5	3	6	1	2	3	6	1	1	6	1	5	0	1	14	3	1	0	11	1	1	3	3	3	3	0	9	2	5	0	4	3	12	1	1	16	5	6	7	5	7	1	3	7	1	0	2	0	2	2	6	2	8	2	2	5	0	6	7	4	1	2	1	1	2	1	1	2	1	2	5	2	2	1	6	2	1	6	8	2	2	5	1	1	2	46	2	3	4	2	3	1	2	1	1	4	4	4	2	3	2	0	1	3	2	8	2	0	0	26	2	1	5	1	4	0	4	105	4	3	1	6	0	0	0	9	0	5	1	7	8	3	0	1	4	12	3	2	4	2	5	5	4	3	2	0	0	0	3	5	2	0	5	8	108	1	4	2	1	1	1	2	3	0	2	0	13	1	6	7	2	2	64	1	2	1	2	21	1	0	1	3	0	3	1	6	3	0	0	0	7	3	3	0	1	1	3	0	7	1	7	6	1	0	1	5	0	0	1	11	0	2	1	3	21	0	0	1	0	16	0	2	6	1	3	1	5	4	0	1	1	9	0	11	6	3	1	0	1	21	1	3	1	2	4	1	0	3	3	0	1	2	2	1	4	0	9	5	2	7	5	1	0	1	1	0	1	1	0
Del3:U1:R1	0	0	1	0	0	0	1	1	2	0	0	1	0	0	0	1	0	0	0	2	4	1	0	0	0	0	0	0	3	1	1	1	2	6	1	2	0	2	0	0	31	1	1	0	0	1	2	0	2	18	0	0	0	0	0	5	3	2	0	0	3	0	0	3	0	0	2	3	2	1	3	0	0	1	0	0	2	0	0	0	1	0	2	1	0	0	3	0	0	1	0	1	1	2	0	2	0	2	1	0	0	1	2	1	1	0	0	1	1	0	4	3	0	1	4	0	0	0	0	3	4	1	1	5	2	1	0	1	0	0	0	1	0	1	1	1	0	2	0	1	0	2	4	3	0	1	0	2	1	0	0	3	0	1	0	1	0	3	3	1	0	1	3	2	2	2	1	2	1	3	2	0	5	1	1	3	0	2	0	2	2	0	0	1	1	0	0	0	0	1	0	0	0	2	2	0	1	0	0	0	0	3	2	0	2	0	1	0	0	2	0	3	1	1	1	1	0	0	3	1	1	2	0	0	3	2	0	0	0	1	0	0	1	2	0	0	1	1	4	1	5	0	1	1	0	0	0	0	1	0	15	1	3	0	0	0	2	0	2	0	0	0	0	0	0	1	1	1	1	1	2	0	1	0	6	1	1	1	0	0	0	0	0	0	1	3	0	0	0	5	0	1	0	0	0	1	1	1	1	0	2	0	1	0	1	1	5	0	1	1	2	1	1	1	1	3	0	3	1	0	0	0	1	21	1	1	1	2	0	0	0	0	1	1	2	0	1	1	2	0	2	5	0	2	1	0	1	1	2	0	1	1	0
Del4:U1:R1	0	2	0	0	0	0	0	1	1	0	0	0	0	2	0	1	0	0	0	0	3	1	0	0	0	0	0	0	2	3	2	1	0	2	1	0	2	1	1	0	14	1	1	0	0	0	1	0	0	7	0	0	1	0	0	2	0	0	0	0	1	2	0	1	0	0	0	0	0	0	7	1	0	0	5	0	0	0	0	0	3	0	0	0	0	0	6	0	2	0	0	0	2	3	2	1	1	0	3	3	0	1	2	0	2	1	1	0	1	0	2	0	0	1	1	0	1	0	1	3	1	1	1	3	3	1	0	0	0	1	0	1	1	1	3	1	0	0	1	2	0	3	0	3	0	4	2	2	1	2	0	1	0	0	1	0	1	0	3	1	0	1	1	1	0	1	0	0	0	1	0	1	1	0	1	0	0	0	0	1	1	0	0	2	0	0	0	0	0	2	4	0	0	1	0	1	0	0	0	1	1	1	0	2	0	0	0	0	0	1	0	2	2	2	4	0	0	0	6	1	1	2	2	2	2	1	0	1	0	0	0	0	0	0	0	0	2	0	3	0	5	0	0	0	0	1	0	1	0	0	5	1	5	1	0	0	3	0	0	1	0	1	1	0	0	0	0	0	0	2	4	0	2	0	5	1	2	0	1	1	2	2	1	0	4	4	1	0	0	6	0	0	0	1	1	1	0	1	1	0	2	1	1	2	0	0	4	0	1	3	1	2	0	2	0	8	0	2	0	0	2	0	0	23	0	1	2	1	1	0	0	0	0	1	1	0	0	1	1	0	2	3	1	0	2	1	1	0	3	0	0	0	1
Del5:U1:R1	2	0	0	0	0	0	0	0	0	0	0	0	1	0	0	0	2	0	0	0	1	2	0	0	0	0	0	1	5	5	1	0	1	7	1	1	1	4	3	0	4	0	3	2	0	0	2	1	1	3	1	1	2	1	0	5	0	0	2	0	0	3	0	0	0	1	1	0	1	1	1	3	0	0	4	0	0	0	1	0	1	0	0	2	0	1	4	0	1	0	1	1	0	0	0	1	0	0	1	1	0	1	1	0	3	5	0	1	2	0	2	0	0	0	3	0	2	0	0	1	1	0	2	2	1	0	3	2	1	1	0	1	1	2	2	1	1	0	0	3	1	5	5	0	1	0	1	4	0	0	2	1	0	0	1	1	0	0	0	0	0	0	1	0	0	1	0	0	0	1	1	0	1	1	1	1	0	1	0	1	0	0	0	2	0	0	0	0	1	1	0	1	0	1	2	0	2	0	0	0	1	3	1	2	1	0	1	0	0	3	1	2	1	5	1	0	1	1	2	3	1	2	0	0	2	1	1	0	1	4	2	2	1	2	1	0	0	1	3	0	1	2	1	0	2	1	1	0	0	0	4	1	3	2	0	1	0	0	0	0	2	2	2	0	0	2	3	0	1	0	5	2	0	3	5	2	0	1	1	0	0	0	1	0	2	3	0	1	0	5	1	1	1	0	1	1	0	0	2	0	0	1	0	0	0	0	3	0	0	0	0	1	1	1	0	2	0	6	0	1	0	3	1	20	0	1	0	0	0	0	0	0	0	1	0	0	0	0	0	0	0	3	0	0	0	0	0	1	1	0	1	1	1
Del6:U1:R1	1	1	0	0	0	0	0	0	0	2	1	2	0	0	0	2	0	0	0	1	1	1	1	0	0	0	1	1	2	2	0	0	2	4	0	1	2	1	2	1	1	0	1	2	2	0	0	0	2	2	1	0	0	0	2	3	2	1	3	1	0	0	1	0	0	0	0	0	0	0	0	1	2	0	1	2	0	0	0	2	0	0	0	1	0	0	1	0	1	0	1	1	0	2	1	0	0	0	2	0	3	2	1	0	1	1	4	0	1	0	1	0	0	0	4	2	1	0	0	2	1	1	1	7	1	0	0	0	0	0	1	0	0	0	0	0	0	0	2	0	1	2	3	1	0	0	0	0	2	1	0	1	1	0	0	1	0	1	0	1	1	2	0	1	0	0	0	0	0	2	3	1	0	1	2	0	0	1	0	0	0	0	1	0	1	0	0	0	2	2	1	1	1	1	3	0	1	0	0	1	2	3	2	3	0	2	0	2	3	1	1	1	0	4	1	0	0	2	4	0	2	0	1	0	1	1	0	1	3	2	0	0	0	1	0	0	0	3	0	0	1	0	0	0	0	1	0	2	0	0	1	1	2	0	0	0	0	1	1	0	0	3	1	1	0	0	0	0	2	0	2	1	0	1	11	2	0	0	0	0	0	0	0	0	0	4	0	1	0	2	0	0	0	0	1	0	0	1	0	0	1	0	1	1	1	1	3	2	2	1	0	0	1	0	3	4	0	3	0	1	2	0	1	11	0	1	1	0	0	0	0	0	0	2	0	0	0	0	0	1	0	0	0	2	0	1	0	1	0	0	0	0	0
Del7:U1:R1	0	0	0	0	0	0	0	0	2	0	1	0	0	0	0	0	0	0	0	0	2	0	0	0	0	0	0	0	1	1	0	1	4	1	0	0	2	0	1	0	1	0	2	2	1	0	1	0	1	4	1	0	1	0	1	3	0	0	0	1	0	2	0	0	0	0	3	0	0	1	1	2	1	0	0	0	1	0	0	0	2	2	0	0	1	1	3	1	1	0	1	1	0	1	0	0	0	0	1	2	0	0	1	0	2	2	0	0	0	0	3	0	0	0	1	0	2	0	0	1	1	1	1	2	1	0	1	0	0	1	0	0	3	1	0	1	2	0	2	1	2	1	6	3	0	0	1	2	0	1	0	1	0	0	1	0	0	0	2	1	1	2	3	0	1	1	0	0	1	4	0	1	4	1	0	1	0	0	0	1	0	0	1	0	0	1	0	1	1	0	1	1	0	2	0	0	0	0	1	2	1	1	3	0	0	0	0	1	0	1	0	0	0	1	0	0	0	0	0	2	0	5	0	0	0	3	0	0	2	2	0	0	2	0	0	0	0	0	1	0	2	0	0	0	0	3	0	0	2	0	1	0	2	1	0	1	0	2	0	1	0	1	1	0	0	3	1	1	0	1	2	1	1	2	6	0	1	0	1	0	0	0	0	0	0	1	0	0	0	3	0	0	0	0	0	4	1	0	2	0	1	0	1	0	0	0	2	0	0	1	0	0	0	0	0	4	0	2	2	1	2	0	0	3	1	0	0	0	0	0	0	1	0	0	0	0	1	0	0	0	0	0	0	0	1	0	0	0	0	0	0	0	0
Del8:U1:R1	0	0	0	0	0	0	0	1	0	0	0	0	0	0	0	0	0	0	0	0	1	1	0	1	0	0	0	0	1	3	0	2	1	1	0	1	1	0	0	0	1	0	1	0	3	0	0	2	1	7	1	0	1	0	0	3	0	0	1	0	1	1	1	1	0	0	0	0	1	1	5	1	0	1	1	3	0	0	2	0	1	0	1	0	0	0	0	0	1	1	0	0	0	2	0	1	1	0	1	0	0	1	1	0	1	1	4	0	0	0	2	0	0	0	0	0	0	0	1	1	0	0	0	0	1	0	0	2	1	0	1	1	0	0	1	0	0	0	0	0	0	1	2	2	0	0	2	0	0	1	0	3	0	0	3	0	0	0	1	0	2	0	2	0	0	0	1	0	1	2	0	0	2	1	0	2	1	0	0	0	0	0	2	2	1	2	1	1	0	1	0	0	1	0	0	0	2	0	0	1	2	2	2	1	0	1	0	0	0	1	2	2	1	2	0	1	0	1	2	2	1	1	0	0	2	0	1	0	2	2	2	0	2	0	0	0	0	1	1	0	2	1	1	0	2	1	0	0	0	0	3	0	1	2	1	1	2	0	0	0	0	2	4	0	0	2	0	0	3	0	2	1	1	0	3	1	1	1	0	0	0	0	0	0	2	2	0	0	0	2	0	0	1	0	0	2	0	0	0	1	0	0	1	0	0	1	2	1	1	1	0	0	0	1	0	2	0	3	1	0	0	1	0	6	2	2	0	0	0	0	0	0	0	0	0	0	0	0	0	0	0	0	0	0	0	0	0	0	0	0	0	0	0
Del9:U1:R1	0	0	0	0	0	0	0	0	1	0	0	2	0	1	0	0	0	0	0	0	0	0	1	0	0	0	0	1	2	2	0	2	1	1	1	0	1	0	0	0	1	1	0	1	0	1	1	1	0	6	0	0	2	0	0	3	1	0	2	0	0	1	2	1	0	0	0	1	2	1	1	1	1	0	1	1	2	1	0	0	1	1	1	0	0	0	1	0	1	0	1	0	0	1	0	0	0	0	1	2	1	0	1	0	1	3	1	1	1	0	0	0	0	0	2	1	0	0	0	1	0	0	1	4	2	1	1	2	0	0	0	0	0	1	0	0	0	0	0	0	0	1	2	1	1	2	0	2	0	0	0	0	0	0	3	0	0	0	0	0	0	0	1	0	0	1	0	1	1	1	2	0	0	0	1	0	1	0	0	0	0	0	1	1	0	0	0	0	1	3	3	1	1	0	1	0	0	2	0	0	0	3	1	1	0	0	0	0	0	0	0	1	0	4	0	1	0	1	2	1	0	1	1	0	1	0	1	1	1	0	2	0	1	1	0	0	1	0	2	0	1	0	0	0	2	0	1	0	1	0	1	0	1	3	0	0	0	0	0	2	0	3	3	0	0	0	1	0	1	0	2	2	0	0	4	0	0	1	0	0	0	0	0	0	0	1	1	0	0	2	0	0	0	0	0	0	0	0	0	0	0	0	0	0	1	1	1	3	1	0	0	1	1	1	0	3	0	1	0	0	0	0	2	2	1	0	0	0	0	0	0	0	0	0	0	0	0	1	0	0	0	0	0	1	0	0	0	0	1	0	0	0	0
Del(10,):U1:R1	1	1	1	1	0	1	1	0	2	1	1	0	5	1	0	1	3	0	1	0	9	1	1	0	2	2	0	0	10	12	4	2	6	10	0	2	0	4	5	1	1	5	4	8	4	0	3	1	6	53	5	1	4	1	1	10	2	1	1	1	3	3	8	1	2	2	6	0	8	3	18	6	3	0	6	15	3	2	6	4	2	3	2	5	2	3	9	5	2	0	1	8	3	9	1	1	1	1	11	3	2	4	3	3	4	7	1	4	4	0	10	4	1	3	11	2	14	0	0	8	13	5	8	10	6	0	3	13	2	1	0	3	1	7	2	0	6	1	0	2	1	8	9	4	1	4	4	8	5	3	2	1	5	6	3	2	1	3	11	1	3	1	4	5	5	3	5	2	3	5	7	2	12	1	2	2	4	3	3	1	1	8	6	5	4	1	0	4	4	8	3	3	1	5	4	2	8	0	5	2	6	15	11	0	4	2	1	3	4	3	3	12	2	15	2	3	2	1	19	14	3	2	2	2	11	6	7	0	5	5	5	4	4	3	0	1	7	4	8	1	9	3	1	1	3	2	1	2	1	0	3	2	15	4	1	3	4	1	1	4	2	8	2	7	1	3	3	2	6	1	16	2	3	2	26	4	1	2	0	0	0	1	1	1	4	10	1	1	1	14	1	0	1	7	0	9	2	0	7	2	3	3	4	4	3	2	10	3	6	2	3	3	3	3	4	19	4	18	5	0	5	4	1	22	6	3	0	3	3	1	1	1	1	10	5	0	0	1	3	1	1	1	1	3	0	1	1	2	3	0	2	3	0
Del2:U(2,):R1	1	3	3	1	2	2	1	2	4	0	2	1	5	3	0	2	1	3	3	0	62	1	2	0	0	1	3	0	11	13	9	3	8	13	5	6	6	6	2	2	144	4	3	7	1	1	2	2	9	117	2	4	4	4	2	91	6	5	2	3	5	4	78	8	1	0	2	2	8	3	51	1	7	4	14	5	7	2	2	2	4	3	7	8	7	3	14	2	2	7	4	6	2	9	0	10	2	1	23	6	2	3	12	3	4	4	6	5	4	2	12	5	3	3	6	1	21	2	1	25	6	8	8	16	13	1	11	8	1	2	2	3	1	3	4	2	8	12	1	4	2	10	16	12	0	10	2	8	2	3	3	9	2	2	7	3	2	0	13	0	0	3	10	3	1	3	2	2	2	25	10	4	5	1	12	3	2	0	1	6	2	7	6	4	5	2	2	1	3	9	9	4	2	22	5	0	7	0	3	5	8	97	9	1	4	4	0	3	3	14	3	9	4	16	3	4	1	1	20	23	5	25	5	3	11	8	1	3	3	4	0	2	8	7	1	1	11	15	92	4	16	1	4	2	0	11	2	5	1	3	132	2	20	6	1	2	44	3	1	4	2	26	4	3	0	3	4	2	3	5	18	1	0	1	16	2	5	4	2	2	0	1	7	3	10	6	1	2	3	12	2	2	1	21	3	8	4	3	35	5	4	2	4	16	4	4	7	7	3	3	6	6	1	2	5	14	1	13	10	2	2	2	2	103	4	4	5	9	12	8	1	0	2	7	6	1	1	6	2	3	8	44	2	3	8	4	0	2	4	6	1	2	5
Del3:U(2,):R1	0	0	1	0	0	0	1	4	0	1	1	0	0	2	0	0	0	1	0	1	8	1	1	0	0	1	2	0	2	4	2	0	7	14	1	3	2	5	1	3	46	0	0	3	0	2	5	1	8	17	2	2	0	3	0	3	1	2	1	2	1	4	2	5	0	0	1	1	5	3	6	7	2	0	12	3	4	1	0	2	2	1	1	5	0	1	9	3	1	3	0	2	1	2	0	3	0	1	5	3	1	1	8	0	1	2	1	6	0	2	7	6	0	1	6	4	2	1	0	8	5	3	3	8	3	3	3	1	0	4	0	2	1	7	4	0	2	1	2	2	1	4	9	3	2	3	0	6	0	4	0	3	1	1	0	3	2	1	3	0	3	1	1	4	3	1	3	2	3	6	2	0	3	1	4	1	1	0	0	4	0	0	2	1	3	1	2	1	3	4	4	1	2	3	0	0	4	0	2	1	3	4	2	1	1	2	0	0	3	3	3	6	2	10	0	2	0	0	11	6	4	6	3	3	6	3	2	1	2	0	0	0	2	0	0	2	4	4	4	1	12	3	1	1	1	6	1	1	3	2	30	0	12	2	0	0	9	0	1	4	3	3	2	1	2	1	0	1	4	5	7	0	0	0	10	1	0	1	0	1	2	2	0	1	3	14	0	0	1	14	0	2	0	3	0	3	0	0	5	1	1	0	6	5	3	1	10	0	1	3	1	3	1	3	4	9	0	12	4	2	2	0	3	63	3	5	2	3	2	1	2	0	0	0	0	0	2	2	1	2	6	10	0	1	1	3	3	0	7	1	2	0	0
Del4:U(2,):R1	0	0	1	0	0	0	2	1	0	2	1	0	1	0	0	0	0	0	0	0	2	4	1	1	0	0	0	1	5	2	3	5	7	11	2	4	2	0	1	1	16	1	2	0	0	0	4	1	2	24	2	0	1	1	0	4	0	0	1	2	1	1	4	3	0	1	2	0	3	4	6	2	6	0	5	3	1	1	2	1	1	0	0	6	2	0	11	1	1	1	0	0	2	7	1	0	2	1	7	4	0	1	4	0	2	0	3	2	1	1	4	3	0	0	3	0	6	0	0	6	5	1	4	8	4	1	2	1	1	2	0	0	1	13	1	0	3	4	1	0	1	5	5	1	0	2	2	4	5	0	3	2	3	1	0	2	2	2	12	1	1	0	2	3	2	0	0	1	2	6	2	3	7	1	4	3	2	0	3	1	1	0	6	1	1	0	5	1	1	4	1	0	2	4	0	0	3	1	1	3	3	5	5	0	4	1	0	1	2	3	1	6	3	13	2	3	2	0	11	9	1	9	2	0	6	3	0	1	1	2	0	3	2	0	1	0	4	2	5	1	4	0	1	1	0	2	0	0	0	1	9	1	11	3	0	1	1	0	0	0	2	4	0	1	0	0	0	1	4	1	8	0	2	0	7	0	3	3	2	2	2	1	1	0	2	4	2	1	0	5	0	0	1	6	1	6	1	2	2	2	5	1	4	1	1	1	15	2	0	2	1	2	0	1	2	14	0	6	3	0	1	1	1	66	2	3	0	2	2	1	1	3	1	2	1	0	0	1	1	2	2	11	2	2	1	3	0	0	0	1	1	1	4
Del5:U(2,):R1	0	0	0	1	0	0	0	0	3	1	2	0	0	1	1	1	0	0	0	0	4	0	3	0	0	2	1	3	3	7	2	6	9	9	1	1	3	5	2	2	5	1	1	3	1	0	3	4	2	13	3	1	3	1	2	7	1	3	1	0	2	1	1	3	3	0	4	0	3	7	5	1	3	0	8	3	1	1	2	2	4	4	0	2	1	2	7	3	1	1	2	3	0	8	0	0	4	1	5	3	1	3	3	1	2	4	4	4	3	3	6	1	1	2	6	0	7	1	0	3	5	2	2	6	5	2	3	3	2	3	0	2	3	2	0	6	4	1	2	0	3	3	4	1	1	2	2	4	4	4	0	1	1	2	3	0	1	4	7	2	1	4	2	1	2	5	2	0	2	6	4	0	6	4	2	2	0	2	5	2	1	2	5	0	4	3	1	4	2	2	5	2	4	4	4	0	3	1	2	2	7	10	5	0	3	6	0	1	4	3	4	2	3	10	1	1	2	2	5	14	2	5	2	0	3	8	3	4	4	6	3	3	1	7	1	3	3	3	3	1	8	1	1	0	9	2	0	0	0	2	5	1	6	6	2	3	1	1	5	5	2	4	3	1	2	4	1	5	4	1	12	4	2	4	12	4	2	2	0	0	1	1	0	0	5	5	1	0	0	4	0	1	0	2	2	3	1	1	5	4	5	1	1	0	5	0	9	1	5	2	3	5	0	4	1	6	2	9	5	0	0	3	1	43	3	2	2	4	1	2	2	1	0	0	0	0	1	3	0	1	3	1	1	0	3	1	0	0	4	1	0	3	2
Del6:U(2,):R1	0	0	0	1	1	0	1	0	3	0	1	0	1	0	0	1	0	0	0	0	2	0	0	0	0	0	2	2	7	7	5	4	3	8	3	2	2	5	3	2	4	3	2	1	3	0	2	3	0	13	6	0	2	0	2	4	1	2	1	1	0	4	2	3	1	0	6	1	0	5	9	0	1	1	5	1	2	1	0	4	6	3	1	0	1	3	6	1	1	1	2	4	0	2	0	0	5	3	4	1	3	3	4	0	1	1	5	1	1	1	5	1	1	2	7	1	2	0	0	9	8	2	3	9	3	2	2	2	1	1	1	3	1	5	2	0	2	0	4	0	2	3	6	2	2	4	5	6	5	1	2	1	4	3	1	0	0	1	5	1	4	3	2	0	0	0	2	1	0	2	3	4	2	3	5	1	0	2	0	0	2	1	3	2	2	2	1	1	3	4	2	1	2	3	3	1	3	3	3	2	4	3	6	0	0	2	2	0	2	4	1	4	4	7	3	2	3	1	7	17	3	6	1	1	5	2	7	4	2	7	5	0	2	4	1	1	3	4	4	0	8	3	1	1	5	5	2	2	0	1	4	0	5	1	0	0	0	2	0	2	2	2	2	0	4	4	0	2	4	2	5	0	1	2	13	6	1	1	1	0	0	0	0	0	0	10	2	0	2	6	0	1	1	3	1	3	1	0	3	3	2	2	2	1	1	0	6	0	5	3	7	6	2	5	1	11	1	7	2	4	1	4	1	34	0	2	0	3	0	3	0	0	0	2	2	0	0	0	1	4	0	1	1	0	1	2	0	0	3	1	0	1	0
Del7:U(2,):R1	1	0	0	2	0	2	0	0	0	0	1	1	2	0	0	0	0	0	0	1	2	3	0	0	0	1	1	1	3	5	0	0	6	6	0	2	1	1	0	1	3	0	1	3	0	0	3	0	2	10	0	0	3	1	3	3	1	1	3	0	1	2	2	2	0	0	2	0	1	1	6	2	0	0	3	1	0	1	1	0	5	0	1	3	1	1	5	1	1	0	4	3	1	4	1	1	5	0	1	2	1	2	2	0	1	3	5	3	1	0	2	0	1	2	7	0	6	0	1	2	4	3	1	3	0	1	4	1	3	1	3	2	0	1	1	4	1	0	1	1	1	5	3	1	0	3	4	3	1	1	2	3	0	2	1	2	0	1	5	0	0	2	6	1	1	3	1	0	1	0	5	1	2	1	4	1	1	0	0	1	0	0	4	1	0	0	0	2	2	3	3	3	1	5	2	3	2	2	1	5	3	6	4	2	0	3	2	0	1	8	0	6	0	7	0	0	1	0	5	15	1	2	4	1	7	8	4	7	2	4	2	1	3	3	0	1	0	3	1	0	3	2	0	2	6	1	1	0	1	1	3	1	1	2	0	0	0	0	2	1	2	2	3	0	3	3	2	2	4	0	5	3	1	1	7	2	2	1	0	1	2	1	0	0	1	0	2	1	0	6	0	0	2	4	0	4	0	0	0	1	0	1	0	0	2	3	4	2	7	3	2	0	2	0	0	10	3	10	2	0	0	4	2	15	4	3	1	0	2	3	0	1	1	1	0	0	0	2	0	1	3	1	1	1	0	1	0	0	2	1	0	2	2
Del8:U(2,):R1	0	1	0	0	1	0	0	0	2	0	0	0	1	2	0	0	0	1	0	0	3	0	0	0	0	1	1	1	5	5	1	2	2	5	0	2	0	0	2	0	1	3	3	1	2	2	3	2	3	10	3	1	2	0	0	3	3	2	2	2	1	2	1	1	0	1	2	3	5	1	8	0	0	0	1	3	2	1	0	1	3	0	2	2	2	1	6	3	2	2	0	1	0	3	0	0	2	0	1	1	0	3	3	0	1	7	3	1	0	0	3	1	1	0	2	0	4	0	0	2	5	1	5	3	4	1	2	3	1	0	0	0	0	1	2	3	1	0	0	4	1	8	3	3	0	5	2	1	3	1	0	1	3	3	1	0	1	2	2	2	5	2	2	0	2	1	2	0	0	3	5	0	2	1	1	0	1	0	0	5	3	2	3	2	0	0	0	2	5	4	7	1	3	1	6	0	3	1	1	0	6	9	7	2	0	4	1	0	0	3	3	3	1	6	2	0	2	0	6	9	2	2	1	0	3	5	3	2	6	1	1	4	2	2	1	1	2	2	1	0	10	0	2	1	2	1	0	0	0	0	1	1	5	1	1	0	0	0	0	1	0	2	1	2	3	2	3	2	3	3	2	1	0	3	6	0	4	1	1	1	1	2	0	2	0	4	1	0	0	3	0	1	0	1	0	1	0	1	0	1	0	0	1	1	2	1	4	0	2	0	2	4	1	2	0	7	1	13	3	2	2	0	1	18	1	1	1	0	1	2	2	0	0	1	1	0	0	1	0	2	2	0	2	1	1	0	0	1	0	0	0	1	1
Del9:U(2,):R1	0	0	1	1	1	1	0	0	0	0	1	1	1	0	0	0	0	0	1	1	1	1	1	1	0	1	1	0	3	8	0	3	4	10	0	1	1	3	2	2	1	1	2	1	1	0	3	1	6	9	0	0	2	0	0	3	1	1	4	0	2	1	1	3	0	1	2	0	0	0	4	2	2	0	1	4	1	1	0	3	2	1	0	1	3	1	2	0	2	0	1	1	1	4	1	1	2	2	1	0	1	1	4	0	3	1	1	4	1	0	1	0	0	0	4	2	7	0	0	0	2	0	1	5	2	0	1	1	2	0	0	0	0	3	0	1	1	0	0	0	2	5	2	1	0	6	0	1	1	1	0	1	1	1	5	0	0	1	3	0	1	1	1	0	0	0	1	1	5	0	1	1	3	3	2	2	1	0	3	2	0	1	0	2	0	0	0	1	4	4	4	2	2	3	1	0	3	0	1	0	8	7	1	0	2	4	1	2	1	2	2	0	2	5	3	1	2	0	7	11	0	6	1	0	0	3	3	3	2	3	3	2	0	0	0	1	2	2	2	0	1	0	0	0	5	1	1	1	0	0	0	2	7	0	0	0	4	0	2	1	3	1	0	0	1	7	1	3	1	1	9	1	0	3	5	2	0	2	0	0	0	1	1	0	1	5	1	0	1	5	1	1	1	5	2	2	0	1	1	4	1	0	2	0	1	1	8	3	0	0	2	2	1	1	1	4	1	3	2	0	0	1	1	13	0	2	1	1	0	0	0	2	0	1	2	0	0	0	2	0	2	2	0	0	1	1	0	0	0	0	2	0	0
Del(10,):U(2,):R1	2	2	4	4	2	1	1	9	11	3	6	1	6	10	0	4	3	3	2	5	21	5	4	4	2	4	1	11	12	38	11	14	20	30	9	15	11	15	16	8	6	7	9	20	15	4	5	12	14	93	8	2	10	6	1	22	6	12	9	3	11	9	9	6	4	1	20	2	15	11	29	4	4	3	24	48	5	2	7	6	20	5	8	12	2	7	25	10	12	4	10	29	4	17	3	6	7	3	20	18	13	7	15	3	22	25	16	24	14	2	18	3	4	8	18	4	31	2	3	23	40	17	15	31	22	5	7	14	6	6	3	10	7	7	5	11	10	3	8	9	5	27	28	24	2	11	13	16	18	11	7	12	5	6	8	2	7	8	24	3	2	9	10	8	13	5	4	7	9	11	7	7	12	8	12	6	7	2	1	5	5	8	12	9	11	8	11	8	10	20	11	10	5	16	19	1	9	6	4	7	23	31	33	6	3	10	2	4	10	17	6	21	6	41	8	6	5	5	50	37	21	12	15	9	23	20	14	13	11	11	17	9	14	11	1	2	15	10	17	4	31	4	2	4	5	6	3	3	5	5	7	4	51	13	6	1	13	3	2	5	7	23	8	5	7	13	13	5	23	3	32	2	6	4	36	11	6	4	3	0	4	1	2	3	10	12	4	13	6	25	3	2	2	8	1	9	1	6	15	11	8	6	7	10	12	6	20	9	12	7	8	7	6	12	10	53	6	44	8	2	10	11	7	48	10	11	3	6	13	13	2	3	4	20	4	2	3	7	3	9	0	6	4	8	2	1	2	2	8	4	8	11	5
Del2:U1:R3	1	1	0	2	1	2	2	1	3	0	4	3	2	3	3	1	1	2	3	0	45	2	1	0	0	1	2	1	8	2	6	4	3	7	8	7	5	22	1	4	41	1	0	1	1	0	6	2	2	75	1	0	1	1	0	77	1	1	2	1	0	1	26	8	0	4	3	0	1	5	24	3	2	0	4	3	8	0	1	0	1	1	9	5	4	2	4	4	3	6	6	2	1	9	1	4	5	1	11	2	0	1	8	1	1	0	2	6	3	0	5	4	0	0	3	1	5	1	0	12	1	1	11	8	7	4	5	9	2	3	0	0	3	4	3	0	7	4	0	7	0	1	1	4	2	5	2	1	1	3	3	1	2	1	1	7	1	4	4	0	1	5	5	0	4	5	0	1	4	13	8	3	1	0	2	0	7	2	2	3	7	3	4	5	2	0	0	2	0	3	6	3	3	10	3	0	13	2	3	3	3	82	5	2	1	3	1	0	1	8	0	7	2	2	7	3	0	2	11	10	3	6	3	4	4	3	5	6	0	0	1	1	5	7	0	2	2	7	79	2	10	2	6	2	1	3	2	2	2	2	59	1	6	2	0	1	15	2	0	2	3	29	1	3	0	2	0	0	2	2	5	1	2	1	9	13	3	2	0	1	1	1	2	0	7	6	1	2	0	4	2	1	0	11	1	7	1	2	11	1	4	1	2	8	2	5	7	1	1	2	5	4	1	1	0	6	0	8	1	1	1	1	1	14	1	2	6	9	3	2	0	1	1	3	3	0	1	4	3	1	11	95	2	7	4	3	1	0	4	1	1	4	3
Del2:U1:R4	0	0	0	1	0	0	0	0	1	1	0	1	4	1	0	0	0	0	1	0	18	0	0	0	0	0	0	2	6	7	2	4	4	7	2	5	5	16	1	3	30	0	1	1	1	0	1	1	3	37	1	0	1	0	0	37	0	2	0	0	0	2	5	4	0	0	2	0	0	4	13	2	2	2	4	2	3	2	1	0	2	0	0	3	1	1	0	2	0	0	3	2	2	3	0	0	0	0	6	4	1	1	5	1	1	0	0	5	1	0	1	0	2	1	2	1	7	0	1	4	4	1	3	2	3	0	2	4	0	0	0	1	3	2	3	1	3	0	1	1	0	2	4	4	0	2	0	0	1	0	1	3	3	0	2	1	1	1	1	1	0	1	1	1	0	1	1	2	0	7	2	3	1	0	2	0	2	1	3	1	3	1	0	5	0	0	1	0	1	6	2	0	0	8	2	0	3	0	0	2	5	42	5	1	0	4	0	0	0	0	0	3	1	2	1	0	0	0	5	9	0	4	0	2	3	1	0	0	0	0	1	1	1	2	0	0	4	9	38	0	3	1	0	1	0	1	1	1	0	0	33	0	1	0	1	1	7	0	2	0	2	10	1	0	0	1	0	0	0	1	1	0	0	0	3	2	2	1	1	0	0	0	3	0	5	1	1	2	1	2	0	0	1	9	0	2	1	1	5	1	1	2	1	2	2	1	3	2	1	1	3	2	1	1	0	5	0	7	3	0	2	1	0	4	0	2	2	7	3	4	0	0	0	0	3	0	0	0	0	2	2	44	0	0	1	1	2	1	1	2	1	1	0
Del2:U1:R(5,9)	0	0	0	0	1	0	2	4	2	0	1	3	1	1	0	0	0	2	0	0	19	1	0	0	0	0	0	1	3	2	6	3	3	3	5	1	6	12	0	3	869	5	0	1	3	0	0	0	1	96	1	2	0	1	0	36	1	3	1	0	2	0	10	4	1	0	1	0	2	1	13	2	2	1	3	3	1	0	0	0	1	0	12	6	2	0	0	0	0	0	1	0	0	2	1	1	1	0	6	0	0	0	5	1	1	1	1	1	0	1	1	3	6	3	3	1	5	1	0	7	1	1	4	3	7	1	4	1	1	2	0	0	0	3	1	0	5	4	4	0	0	0	3	6	1	4	1	1	4	0	0	0	0	0	2	1	1	0	3	0	0	5	5	1	1	1	0	0	0	9	2	1	2	0	3	1	1	4	1	0	1	0	2	5	0	0	0	1	1	3	2	0	0	10	1	1	3	0	5	0	6	36	1	0	1	1	1	0	1	5	0	5	0	3	1	0	0	1	6	7	1	4	0	2	5	0	2	2	0	2	0	1	2	7	0	1	3	6	36	0	2	2	1	1	1	0	1	1	2	0	413	2	4	6	0	1	8	0	0	1	0	9	1	1	0	1	4	0	4	0	2	0	0	2	1	1	5	1	0	2	0	0	5	0	5	4	0	1	0	0	1	1	0	6	1	3	0	0	13	0	0	3	2	3	1	1	0	0	0	3	8	1	0	2	5	8	1	8	2	0	0	1	0	2	1	0	2	0	3	2	0	1	1	1	1	1	1	1	4	1	7	71	3	3	4	2	3	1	1	1	1	2	0
Del2:U2:R2	8	8	6	11	9	1	9	7	12	4	7	4	9	8	1	3	4	5	7	5	204	6	1	3	1	4	1	4	7	28	17	9	14	12	28	14	16	35	5	6	181	10	8	5	0	4	3	5	14	200	2	4	5	8	0	366	3	8	4	3	7	7	233	16	2	3	5	0	5	14	98	8	7	2	20	6	7	0	1	2	3	2	16	8	5	9	7	8	1	6	10	3	3	9	3	13	3	4	66	8	3	7	33	2	2	7	7	10	3	1	19	3	2	3	9	3	47	1	3	46	8	9	12	13	27	2	16	43	0	1	1	8	4	7	8	3	25	19	4	12	1	6	6	32	2	11	4	10	8	1	8	14	7	2	9	9	5	5	24	4	2	15	18	0	4	6	5	2	3	29	18	18	7	1	2	2	7	5	6	3	8	6	12	13	13	1	1	5	5	21	11	3	2	68	3	2	25	0	17	2	7	376	16	1	3	8	3	1	5	27	8	13	5	17	6	4	0	2	17	40	2	33	3	6	12	12	3	17	4	1	2	1	16	5	2	3	18	44	379	3	18	10	4	4	4	2	12	1	5	2	141	4	14	13	1	0	30	0	1	3	4	108	3	2	3	1	1	1	2	11	13	1	2	3	11	14	11	5	1	0	4	3	7	3	14	10	0	9	3	7	5	7	1	38	5	9	4	7	71	3	12	4	8	9	4	1	13	1	2	14	23	16	2	5	6	22	3	22	15	0	3	1	1	40	6	7	29	35	9	15	2	0	3	9	14	1	2	9	9	1	29	96	4	14	11	2	8	0	9	1	2	8	2
Del2:U2:R3	0	3	3	2	1	3	1	2	4	0	0	0	6	4	0	3	1	5	0	1	88	2	0	0	0	1	0	1	2	17	8	7	4	3	9	4	2	13	2	4	99	3	3	3	0	1	2	4	5	67	3	0	2	1	0	85	0	1	2	0	0	0	66	5	2	0	0	0	4	2	81	3	4	0	9	2	4	1	1	1	1	0	5	2	2	0	1	1	2	4	2	3	3	4	1	6	0	0	63	3	1	0	10	1	1	6	1	5	4	0	7	1	1	3	4	0	42	2	0	31	4	6	7	5	29	1	9	21	1	1	1	2	2	1	1	1	18	7	1	5	2	5	3	15	0	8	0	4	3	2	1	5	4	1	0	2	8	0	4	2	1	5	6	0	6	5	0	1	3	9	6	5	0	1	2	2	4	1	2	3	2	4	1	3	3	1	2	2	1	22	6	1	1	82	2	0	24	1	3	1	2	86	3	0	1	2	0	0	2	22	2	1	4	3	7	3	0	1	3	37	1	11	4	2	2	2	2	4	2	2	1	0	8	5	1	0	16	28	90	3	6	2	1	0	0	4	1	1	1	1	84	3	8	17	0	1	4	1	1	1	1	33	1	1	0	2	1	1	1	3	2	2	0	0	5	5	5	0	0	1	0	0	2	1	8	3	0	3	3	3	2	1	0	38	3	5	0	2	95	2	1	1	3	11	1	3	3	5	1	9	8	12	0	0	5	2	1	7	4	2	0	1	0	13	1	5	5	6	11	5	0	0	0	1	2	0	0	2	3	2	9	35	3	4	6	3	1	0	1	0	1	3	0
Del2:U2:R4	0	2	0	0	0	0	1	1	0	0	0	0	3	0	0	1	0	2	0	0	19	1	1	0	0	1	0	2	1	19	2	5	2	1	3	2	1	20	2	1	195	1	2	2	3	0	0	1	3	143	2	2	0	1	0	38	2	3	1	0	0	1	25	3	1	1	1	1	2	0	48	0	3	0	4	1	2	1	2	0	0	1	4	4	1	1	2	3	1	3	3	2	1	1	2	3	1	2	54	1	1	2	9	2	0	0	1	4	2	0	1	1	3	0	1	1	29	2	2	23	1	2	3	2	18	3	10	14	0	1	2	1	1	4	1	0	10	7	1	3	2	2	0	8	0	1	1	2	1	2	0	2	2	0	1	2	3	0	1	3	1	0	2	0	1	3	0	1	2	8	0	4	0	0	2	0	2	0	2	0	0	0	2	2	1	0	0	1	2	15	1	1	1	54	3	1	11	1	3	3	1	40	2	1	2	2	1	0	0	12	1	0	1	1	2	2	0	3	4	24	1	7	1	3	0	2	1	2	2	0	1	0	7	2	0	2	7	34	37	1	0	1	2	0	0	1	1	1	1	0	150	3	2	8	1	1	3	2	1	0	0	7	1	0	0	0	0	1	1	0	0	1	1	0	1	0	3	2	2	2	1	1	0	3	1	2	0	2	0	1	0	3	0	22	0	2	0	1	65	0	2	1	1	6	1	2	0	0	0	1	11	4	0	1	1	4	3	5	2	2	1	0	1	4	0	1	5	3	9	2	1	1	1	0	1	1	0	3	1	4	3	61	0	1	1	1	0	3	1	1	2	1	1
Del2:U2:R(5,9)	1	0	2	5	0	0	2	2	0	3	4	2	2	1	6	5	0	0	2	0	34	1	2	2	0	0	2	4	2	20	5	1	2	0	8	3	6	105	4	2	1484	2	1	2	3	1	8	3	6	1294	2	1	1	0	2	37	2	2	10	5	1	5	18	8	1	2	2	6	4	8	46	3	0	4	17	0	9	0	5	2	1	1	11	5	5	2	0	2	3	4	1	4	2	4	4	3	1	3	41	4	2	1	14	2	3	2	1	8	4	0	10	11	8	2	2	2	35	1	3	29	10	4	6	3	22	3	12	10	1	0	2	2	2	12	4	2	7	23	5	3	2	0	2	19	2	4	2	1	9	6	6	2	7	4	2	2	4	4	2	0	2	2	6	1	2	3	2	2	2	5	2	7	0	3	3	4	2	0	1	0	7	2	4	6	4	3	4	3	4	19	7	3	4	50	3	2	27	0	4	3	3	38	6	2	4	1	1	1	2	22	0	7	2	1	2	3	1	1	4	25	4	8	2	7	2	4	5	5	4	4	1	1	3	8	1	0	10	24	36	1	1	0	9	2	0	1	5	2	2	2	1151	1	8	16	1	8	5	5	3	4	9	12	4	1	2	2	6	2	6	2	2	1	1	5	5	2	2	3	1	2	1	2	3	1	8	3	3	4	1	7	3	4	1	25	2	3	4	8	66	2	2	1	3	5	1	5	4	4	10	4	10	12	1	1	6	4	2	12	7	5	2	2	7	5	5	6	3	19	10	8	1	4	2	1	10	1	1	6	3	3	9	373	7	2	6	9	5	7	3	6	1	1	1
Del3:U1:R4	0	0	0	0	0	0	0	0	0	0	0	0	1	0	0	1	0	0	0	1	1	0	0	0	0	0	0	0	2	0	0	1	1	2	0	0	0	1	0	0	0	0	0	0	0	1	0	2	0	1	0	0	0	0	0	1	0	0	0	0	0	0	0	0	0	0	0	0	0	0	0	0	0	0	3	0	0	0	0	0	0	0	0	0	0	0	0	0	0	1	0	0	0	1	0	0	0	0	1	0	0	0	1	0	0	0	3	0	0	0	0	0	1	1	3	0	1	0	0	2	1	0	0	1	1	0	0	0	0	0	0	0	0	0	0	1	0	0	0	0	0	1	0	1	0	0	1	0	0	0	0	0	0	0	0	0	0	0	1	0	0	1	0	0	1	0	0	0	0	1	1	0	0	2	1	0	2	1	0	0	1	1	0	0	0	1	1	0	0	0	0	0	0	1	0	0	0	1	0	0	0	1	0	0	0	0	0	0	0	0	0	1	0	1	1	0	0	0	0	1	0	0	0	0	1	2	0	0	0	0	0	0	0	1	0	0	0	0	1	0	1	1	0	1	0	0	0	0	0	0	2	0	0	0	0	0	2	0	0	0	0	0	0	0	0	0	0	0	0	2	1	0	0	0	1	1	0	0	0	0	0	0	0	0	0	0	0	0	0	0	0	0	0	0	0	0	0	0	1	0	0	1	0	0	1	0	0	0	0	0	0	0	0	0	0	4	0	1	0	0	0	0	0	2	0	0	0	0	0	0	0	0	0	0	1	0	0	0	0	0	0	0	1	1	0	0	0	0	0	0	0	0	0
Del3:U1:R(5,9)	0	0	1	0	0	0	0	1	1	0	0	0	1	2	0	0	1	0	1	0	6	0	0	0	0	0	1	1	0	0	1	1	1	0	1	1	1	3	0	0	10	0	0	0	0	0	0	0	1	7	1	0	1	0	0	12	0	0	0	0	0	0	3	0	0	0	0	1	0	1	1	1	1	0	2	1	1	0	1	1	1	0	3	1	0	0	0	0	0	4	0	0	0	1	0	1	0	0	0	0	0	0	1	0	0	0	0	0	1	0	0	2	0	1	0	0	1	0	1	1	0	2	1	1	0	0	0	0	0	1	0	0	0	0	0	0	0	1	0	0	0	0	0	0	0	0	0	1	1	0	0	0	0	1	0	1	1	0	1	0	1	0	0	0	0	1	0	0	0	4	1	1	1	0	0	0	0	0	0	0	0	1	1	0	0	0	0	0	0	1	0	0	0	1	2	1	2	1	1	1	1	12	0	0	1	0	1	0	0	3	0	0	1	3	0	0	0	0	0	0	1	1	0	3	1	0	0	0	0	0	0	0	1	0	1	0	1	0	14	0	3	1	0	0	0	1	0	0	1	0	7	0	1	0	0	0	0	0	0	1	0	3	0	1	0	0	0	0	0	2	1	0	0	0	4	2	3	0	0	0	0	0	2	1	1	4	0	0	2	2	0	1	0	0	0	0	1	0	1	0	2	0	0	1	0	0	1	0	1	2	1	0	1	0	0	0	0	4	0	0	0	0	0	1	1	2	1	2	0	1	0	0	0	0	0	0	0	0	1	0	2	5	0	0	0	0	0	0	1	1	0	1	1
Del3:U3:R2	6	9	7	5	2	3	4	6	14	2	7	2	10	7	2	4	2	7	4	2	42	1	0	2	0	2	1	7	10	4	12	3	12	8	21	10	18	53	2	5	162	4	5	3	0	4	6	7	9	178	2	3	2	4	3	37	2	8	3	3	1	7	19	19	2	1	1	1	2	19	26	5	11	2	18	6	8	2	0	5	1	6	24	4	14	2	9	5	3	4	6	5	3	9	4	20	0	3	14	8	1	2	11	6	2	7	2	8	7	1	6	3	0	5	9	1	7	1	1	15	9	12	8	11	13	5	4	6	2	3	1	3	3	4	3	5	13	4	1	10	3	9	2	7	2	17	5	14	11	1	4	4	2	5	3	7	8	4	2	7	2	8	17	3	6	8	3	0	8	29	5	14	1	4	5	8	9	3	4	6	9	4	6	14	12	3	4	4	3	9	18	1	2	12	1	4	10	3	16	5	11	37	9	4	3	4	3	2	5	8	4	5	9	12	7	8	0	2	15	2	4	7	6	9	5	6	3	6	1	3	6	2	15	10	1	3	7	11	38	2	17	4	2	4	1	2	9	3	4	7	150	8	19	8	1	1	15	2	5	3	4	12	3	0	6	3	0	1	5	8	11	0	1	0	9	13	13	5	1	4	3	3	7	1	13	14	1	4	3	13	2	4	2	2	6	11	3	10	20	1	3	2	3	13	7	2	4	2	8	10	14	8	2	3	0	10	1	16	13	3	4	4	3	41	6	6	20	25	5	6	2	3	3	5	14	0	3	10	7	0	39	216	5	14	14	4	7	1	8	2	2	5	3
Del3:U3:R3	2	1	1	3	1	1	1	1	5	1	1	0	0	3	1	2	1	1	1	1	6	3	0	0	0	0	0	1	5	1	2	2	2	0	7	6	6	15	1	2	68	1	2	1	1	1	3	2	2	56	1	0	0	2	0	8	0	2	0	0	2	0	0	1	1	0	0	1	1	8	10	0	3	0	8	3	5	0	0	0	0	1	5	4	4	0	1	3	1	2	4	3	2	3	0	2	0	0	1	2	2	0	6	1	0	3	1	7	3	2	0	2	1	2	1	2	4	0	0	2	5	4	1	2	3	4	2	1	0	2	1	1	1	1	3	2	1	1	2	1	1	0	0	0	2	5	1	0	2	0	0	3	0	0	0	1	4	0	2	5	0	3	3	0	1	2	0	0	0	7	2	4	0	1	2	1	3	1	0	1	6	1	1	7	2	0	1	1	0	3	5	0	0	3	0	1	3	0	6	1	2	9	6	2	2	1	0	0	1	3	2	3	2	1	0	0	0	0	4	2	2	2	0	2	2	2	0	5	2	0	2	1	2	0	1	0	2	6	8	1	2	4	0	3	0	5	3	1	1	0	46	2	3	4	0	0	4	0	0	0	2	4	0	1	1	0	0	0	0	5	1	0	2	1	3	5	4	1	0	0	1	2	2	1	8	2	0	1	2	1	0	3	1	2	0	3	0	1	4	1	0	1	2	2	0	2	0	0	1	6	11	3	0	0	2	4	0	8	7	0	2	1	0	1	0	1	2	6	1	1	1	0	0	1	6	0	0	3	2	0	10	87	2	3	2	0	2	1	3	1	1	0	1
Del3:U3:R4	0	0	0	0	2	0	1	0	2	0	1	2	1	1	1	1	2	1	0	0	2	0	0	0	0	1	0	0	0	0	0	1	1	0	1	0	1	7	0	0	19	1	0	0	0	1	0	0	1	20	0	0	1	0	1	1	0	0	1	0	0	1	0	1	0	0	0	0	0	0	0	0	1	0	0	0	2	0	1	0	1	1	2	0	1	1	0	0	0	0	0	0	0	1	0	2	0	0	1	0	0	1	3	0	0	0	0	0	0	1	1	0	0	0	0	0	0	0	0	1	0	1	1	0	0	1	1	1	0	0	0	0	0	0	2	1	0	1	0	2	1	0	0	0	0	3	0	1	1	0	0	0	0	0	1	0	0	0	0	1	0	0	0	0	0	0	0	0	1	7	0	0	0	0	1	0	0	0	0	1	1	1	1	0	2	1	1	0	0	1	3	1	0	0	0	1	1	0	4	0	1	2	0	2	0	0	0	0	1	1	0	0	0	2	1	0	0	0	1	1	0	0	0	0	0	0	0	2	0	0	2	0	1	1	0	0	0	0	1	0	2	2	0	0	0	0	3	0	2	0	23	0	0	0	0	0	0	0	0	0	0	0	1	0	0	0	0	0	0	2	0	0	0	1	0	3	2	0	0	1	1	0	2	0	4	0	0	0	1	0	0	0	0	1	0	0	0	2	4	0	0	0	0	0	1	1	1	0	0	1	1	1	0	0	0	1	0	1	0	1	0	0	0	1	0	1	4	1	2	1	0	0	1	0	0	0	0	1	2	0	3	25	0	1	0	0	2	0	1	0	0	0	0
Del3:U3:R(5,9)	2	0	3	0	1	1	2	6	5	0	3	2	6	2	6	8	3	0	1	1	1	3	0	0	0	0	1	0	3	1	1	1	0	0	0	0	0	4	0	0	58	0	1	0	0	0	0	1	0	54	0	0	0	3	0	1	0	0	0	0	1	0	1	1	0	0	1	0	0	1	0	0	1	1	1	0	1	0	0	0	0	0	0	1	1	0	0	1	0	1	0	0	1	0	1	1	0	0	3	0	1	0	1	0	2	1	0	1	0	0	0	1	0	1	0	0	0	0	0	4	1	0	3	1	1	0	0	3	0	0	0	0	1	0	1	0	0	0	0	0	0	0	1	1	0	3	0	1	1	0	1	0	2	0	1	0	0	0	2	2	0	1	2	0	0	0	0	1	1	0	2	2	1	1	0	1	0	0	0	0	0	1	1	0	0	1	0	0	0	0	3	0	1	0	0	0	0	0	0	0	0	1	0	0	1	1	1	0	0	0	0	1	1	0	1	1	0	0	1	1	1	3	0	0	1	0	0	2	2	1	0	0	3	2	0	1	0	0	1	0	1	3	0	3	0	1	0	0	1	0	51	0	2	0	0	1	2	0	0	0	1	1	0	1	0	0	1	0	0	0	1	0	0	1	0	0	0	0	1	0	0	1	2	1	0	1	0	0	0	0	0	0	0	1	0	2	0	0	1	0	2	0	1	1	0	3	0	1	0	2	2	1	2	0	1	1	0	1	0	1	0	0	0	3	0	2	2	2	1	0	0	0	1	0	2	1	0	0	0	1	3	34	2	3	0	0	0	1	0	0	2	0	1
Del4:U1:R(5,9)	0	0	0	0	0	0	0	0	0	0	0	0	0	0	0	0	0	0	0	0	3	0	0	0	0	1	0	0	0	1	2	2	1	1	0	0	2	1	0	1	2	0	1	0	0	0	0	0	0	5	0	1	0	0	0	11	0	0	0	0	0	0	7	1	0	0	0	0	0	0	0	0	0	0	2	0	0	0	0	0	0	0	0	1	0	0	2	1	0	0	2	0	0	0	0	0	1	0	0	0	0	0	0	0	0	0	0	0	0	0	1	2	0	0	0	0	0	0	0	0	1	0	1	3	2	0	0	0	0	0	0	0	0	0	1	1	0	0	0	0	0	0	1	0	0	1	0	0	4	1	0	0	1	0	0	1	0	1	0	0	0	0	0	0	1	0	0	0	0	0	1	0	0	0	0	0	0	0	1	0	0	0	0	0	4	0	0	0	1	0	1	0	1	1	0	0	1	1	3	0	2	12	1	0	2	0	0	0	1	0	0	0	1	1	0	0	0	0	0	0	1	0	1	0	0	2	1	0	1	0	0	0	0	0	0	0	1	0	11	1	1	1	0	0	0	0	1	0	0	0	0	0	3	0	0	0	0	1	1	0	0	3	1	0	0	0	0	0	0	1	1	0	0	1	2	1	0	0	0	0	2	0	0	0	1	2	0	0	0	0	0	0	0	0	1	0	1	0	0	0	0	0	1	0	0	0	0	0	0	0	1	2	0	0	0	0	1	2	0	0	0	0	1	1	0	0	0	0	1	0	0	0	0	0	1	0	0	1	0	1	0	1	0	0	0	0	0	0	1	0	0	1	0
Del4:U2:R3	0	0	1	0	0	0	0	0	0	0	0	0	1	0	0	0	0	0	1	0	1	0	0	0	0	0	0	0	1	0	1	0	0	0	1	0	0	0	0	1	2	0	0	0	0	0	1	1	0	1	1	0	0	0	0	3	0	0	0	0	0	0	0	1	0	0	0	0	0	0	1	0	0	0	1	1	0	0	0	1	0	0	1	2	0	0	1	0	0	0	1	0	0	0	0	1	0	1	1	0	1	0	1	0	0	0	0	0	0	0	0	1	0	0	0	0	1	0	0	0	0	0	0	0	0	0	0	0	0	0	0	0	0	1	1	0	0	0	0	0	0	0	0	0	0	0	0	1	0	0	1	0	0	0	0	0	0	1	0	0	0	0	0	0	0	1	0	0	0	0	0	1	0	0	0	0	1	1	1	0	1	0	0	0	0	0	0	0	0	1	0	0	0	0	0	0	1	0	0	0	0	3	0	0	1	1	0	0	1	1	0	1	0	1	0	1	1	0	0	0	0	0	0	0	1	0	1	0	0	0	0	0	2	1	0	0	0	0	3	0	0	0	1	0	0	1	0	0	0	0	0	0	2	0	1	0	1	0	1	0	0	0	0	0	0	0	0	0	0	0	0	0	0	1	1	0	0	0	0	0	0	1	0	0	0	0	0	1	0	0	0	0	0	0	0	0	0	0	0	0	0	0	0	0	0	0	0	0	0	0	0	0	0	0	0	0	0	0	1	1	1	0	0	1	0	1	0	0	1	0	0	0	0	0	0	0	1	0	0	0	0	6	0	1	0	0	0	0	0	0	0	0	0
Del4:U2:R4	0	1	0	0	0	0	0	0	0	0	1	0	0	1	0	1	0	1	0	0	3	1	0	0	0	0	0	0	1	0	1	0	1	0	4	1	1	2	0	1	5	0	0	0	0	0	0	0	1	8	0	0	0	1	0	6	0	2	0	0	0	0	1	1	0	0	0	0	1	0	0	1	1	0	4	0	1	0	0	0	0	0	3	0	0	0	1	0	0	1	0	0	0	0	0	0	1	0	2	1	0	0	2	0	0	0	0	1	0	0	0	0	1	0	0	1	1	0	0	0	1	0	1	0	0	0	0	0	0	0	1	0	0	0	1	0	0	1	0	0	0	0	0	0	0	2	0	0	0	0	0	0	1	1	0	0	0	0	0	3	0	2	0	0	2	1	0	0	0	3	2	0	0	1	0	1	0	0	1	0	0	0	0	1	0	0	0	0	0	0	2	0	0	0	0	0	0	0	0	0	3	9	1	0	1	1	0	0	0	1	0	0	0	2	0	0	0	0	2	2	0	0	0	1	0	1	0	0	0	0	0	0	0	1	1	0	0	1	7	0	0	0	0	0	1	1	0	2	0	0	5	0	1	0	1	0	0	0	1	1	0	1	0	0	0	0	0	0	0	1	0	0	0	0	1	0	0	0	0	1	0	0	1	2	1	0	0	1	0	0	0	0	0	1	0	0	0	0	2	0	0	0	0	1	0	2	0	0	0	0	3	0	0	1	0	0	0	2	0	0	0	1	1	1	0	0	2	1	0	0	0	0	0	0	0	0	0	1	1	1	1	18	1	0	0	1	0	1	0	0	0	1	0
Del4:U2:R(5,9)	0	0	0	0	0	0	0	0	1	1	0	0	0	1	0	1	0	0	0	0	19	1	0	1	0	0	0	0	0	0	1	0	0	0	1	1	0	3	0	0	57	3	0	1	0	0	0	0	2	40	3	0	1	1	1	14	1	4	0	2	1	2	4	3	0	1	1	1	1	2	0	0	1	1	2	1	2	0	0	1	0	0	2	1	1	1	1	1	0	1	1	0	0	2	1	1	0	0	2	0	0	2	2	0	1	1	0	3	0	1	2	4	0	0	1	1	0	0	0	2	1	1	0	1	2	0	1	0	0	0	5	1	0	2	0	2	1	4	2	0	0	1	1	0	0	1	1	1	1	1	1	1	5	2	1	1	3	0	0	1	0	1	1	1	2	0	0	0	1	3	2	1	0	1	0	0	3	0	0	0	1	0	2	1	0	0	1	0	0	1	1	0	0	1	0	1	3	1	5	1	0	17	1	3	3	1	0	1	1	2	0	2	1	1	1	2	0	0	1	1	2	4	0	1	0	4	1	0	0	0	0	3	0	2	1	2	0	1	17	0	0	0	2	1	0	0	1	0	0	0	40	0	0	0	0	1	2	0	0	0	0	2	0	0	1	1	0	0	0	4	1	1	1	0	1	2	1	1	2	1	1	0	0	0	9	3	0	1	0	1	2	1	0	0	0	0	1	1	3	0	3	1	0	0	0	2	0	0	3	3	2	1	0	0	0	2	0	2	2	0	0	0	2	2	0	2	0	3	1	0	0	1	0	0	1	0	0	1	1	0	2	34	3	1	1	4	0	0	2	0	1	0	0
Del4:U4:R2	2	3	6	7	3	1	1	5	4	3	3	3	2	6	0	5	3	4	4	3	49	12	1	1	0	1	1	0	7	4	5	7	4	4	17	6	7	24	2	2	65	5	3	1	2	1	0	2	5	74	3	0	2	3	2	65	2	3	0	2	5	0	16	11	3	2	3	3	0	6	8	7	5	2	12	6	3	1	1	6	2	6	9	9	3	2	3	7	3	7	4	4	3	7	3	8	4	2	11	10	4	2	7	2	1	6	4	11	1	0	7	7	0	1	3	2	7	2	3	9	6	9	9	2	8	4	2	7	2	2	3	1	3	2	3	4	12	5	0	8	1	0	4	5	0	9	4	4	9	2	3	4	2	0	2	3	3	7	4	8	2	11	5	0	4	2	0	3	3	25	11	11	3	2	4	3	14	1	7	3	3	1	3	7	7	4	5	6	5	5	9	6	2	9	0	4	15	3	13	4	4	71	5	7	4	6	3	0	2	14	5	4	4	11	4	2	0	0	8	4	4	4	5	11	3	3	2	10	0	2	7	0	11	10	0	1	7	11	71	4	7	8	6	3	5	5	7	4	6	4	63	1	16	14	1	6	7	7	5	8	4	7	7	1	4	5	0	1	4	4	7	0	0	1	7	8	7	4	3	2	5	7	3	3	10	9	0	6	4	4	4	6	5	4	3	7	3	2	28	0	5	3	1	6	2	4	3	3	0	6	7	0	2	2	2	8	3	16	7	0	3	3	4	14	1	5	4	13	7	5	3	1	1	3	3	4	4	8	7	2	18	139	4	11	4	2	2	2	3	0	2	7	5
Del4:U4:R3	1	1	0	0	0	1	1	0	1	2	1	0	2	0	0	0	1	2	1	0	8	1	0	1	0	1	1	0	1	0	3	1	2	1	5	3	3	6	0	2	17	4	2	0	0	1	1	1	1	27	0	0	0	1	2	19	0	0	0	0	0	1	4	3	0	0	0	1	1	6	7	1	0	1	4	0	2	0	0	1	0	1	4	0	0	0	0	0	0	2	1	1	1	0	0	2	2	0	1	2	0	1	1	1	0	3	2	1	2	0	3	0	0	2	1	0	0	0	1	1	0	2	3	1	1	0	0	2	0	0	1	0	0	1	3	3	5	1	1	1	1	1	0	0	0	2	0	1	3	1	1	1	0	0	0	2	1	4	2	2	0	2	3	0	1	3	0	1	0	10	2	1	0	0	1	1	4	1	1	0	4	0	3	3	1	2	0	0	2	1	2	1	0	4	0	2	2	1	5	3	0	17	4	1	0	0	1	0	3	3	2	0	3	3	4	1	0	1	2	4	0	1	0	6	0	3	4	4	2	0	1	2	7	2	0	0	2	4	18	2	2	2	3	2	1	0	0	1	1	1	19	0	4	2	0	0	1	1	2	4	2	1	0	0	0	1	0	0	0	2	1	0	1	1	2	0	1	3	2	0	1	2	0	1	3	2	0	3	0	0	1	4	1	3	0	2	3	2	5	0	3	1	0	1	0	0	2	0	3	0	0	2	1	1	1	1	0	2	2	0	2	0	0	1	0	2	1	2	2	1	0	0	0	0	2	0	0	2	1	3	5	35	2	2	1	1	2	0	0	0	0	0	0
Del4:U4:R4	2	0	1	1	0	0	0	0	0	0	1	1	6	0	3	2	0	0	0	1	5	1	0	1	0	3	0	1	0	1	1	0	1	0	0	1	0	2	0	0	11	0	1	2	0	0	0	0	0	11	2	0	2	4	0	12	1	0	0	1	0	1	0	3	0	0	0	1	0	0	0	0	0	0	3	2	0	0	0	3	0	3	0	1	0	0	0	0	1	1	1	1	1	1	0	0	1	1	2	2	0	1	2	1	0	0	1	2	0	0	0	0	2	0	1	0	2	0	0	0	0	0	1	0	0	0	0	2	0	0	0	0	1	0	0	0	0	2	0	0	1	1	0	1	0	2	0	0	0	0	0	1	0	0	1	4	1	0	0	1	0	1	0	0	2	2	0	1	0	5	0	1	0	0	0	0	2	2	0	2	0	0	0	1	0	1	1	0	2	1	3	1	0	1	0	0	1	0	0	1	0	12	2	1	0	1	0	0	0	1	0	0	1	0	1	0	2	0	0	1	0	0	0	0	0	0	1	2	0	2	1	1	1	0	0	1	2	1	13	0	0	2	0	0	0	0	0	1	0	0	17	0	2	1	0	0	0	0	0	2	0	3	0	0	0	0	0	0	0	1	1	0	0	0	0	1	2	0	2	0	1	0	1	1	3	1	0	0	0	2	0	2	2	0	0	0	0	0	1	0	0	0	0	0	1	1	2	1	1	2	1	0	0	0	0	0	0	1	0	0	1	0	1	1	0	2	1	0	1	1	1	0	0	0	0	0	0	0	1	2	0	18	1	0	1	1	0	0	0	2	0	0	0
Del4:U4:R(5,9)	1	1	0	1	0	4	0	1	1	0	5	2	0	0	2	3	1	0	1	0	2	2	0	0	0	0	0	0	1	0	1	0	0	0	1	1	5	6	0	0	58	0	2	0	0	1	0	0	1	34	0	0	0	0	0	11	3	0	0	1	0	0	1	1	0	0	0	0	2	1	0	0	2	0	2	0	1	1	0	0	0	0	1	2	0	0	0	1	0	0	0	0	0	0	0	0	2	0	0	2	0	0	0	0	0	0	0	2	0	1	2	1	0	0	0	0	0	0	0	0	1	1	0	0	3	0	0	0	0	0	0	0	0	2	0	1	3	1	0	1	0	0	0	1	1	2	1	1	2	0	0	0	0	0	2	2	0	2	0	1	1	0	0	1	1	1	0	2	0	4	1	0	0	0	0	1	0	0	1	0	0	0	0	3	0	0	1	0	1	0	3	0	0	0	1	0	0	0	2	0	0	10	2	2	1	1	0	0	0	2	1	0	0	0	0	0	1	0	1	3	2	2	0	0	0	1	0	1	0	0	0	0	1	1	0	0	1	3	10	0	0	0	0	0	0	1	0	1	0	0	34	0	0	0	0	0	2	0	0	1	0	0	0	0	1	0	0	1	1	1	0	0	0	0	0	1	1	1	0	0	0	0	0	1	1	0	0	0	0	1	0	0	0	2	0	2	0	0	0	1	2	0	1	0	1	0	0	0	0	0	1	0	1	0	1	1	0	3	1	0	1	1	0	1	0	0	2	1	0	0	0	0	0	1	0	0	0	0	1	1	1	19	1	0	1	4	0	0	0	0	0	1	0
Del5:U1:R(5,9)	0	0	0	0	0	0	0	0	0	0	0	0	0	0	0	0	0	0	0	0	0	0	0	0	0	0	0	0	0	0	0	0	0	0	0	1	0	0	0	0	0	0	0	0	0	0	0	0	0	1	0	0	0	0	0	1	0	0	0	0	0	0	0	0	0	0	0	0	0	0	0	0	0	0	0	0	1	1	0	0	0	0	0	0	0	0	0	0	0	0	0	0	0	0	0	1	1	0	0	0	0	0	0	0	0	0	0	0	0	0	1	0	0	0	0	0	0	1	0	0	1	0	0	0	0	0	0	0	0	0	0	0	0	0	0	0	0	0	0	0	0	0	0	0	0	0	0	0	0	0	0	0	0	0	0	0	0	0	0	0	0	0	0	0	0	0	0	0	0	0	0	0	0	0	0	0	0	0	0	0	0	0	0	1	0	0	0	0	0	0	0	0	0	0	0	0	0	0	0	0	0	1	1	0	0	1	0	0	0	0	0	1	0	0	0	0	0	0	0	0	0	0	0	0	1	0	0	0	0	0	0	0	0	0	0	0	0	0	1	0	1	0	0	0	0	0	0	1	0	0	0	0	0	0	0	0	0	0	0	0	0	1	0	0	0	0	0	0	0	0	0	0	1	0	0	0	0	0	0	0	0	0	0	0	0	0	0	0	0	0	0	0	0	0	0	0	0	0	0	0	0	0	0	0	0	0	0	0	0	0	0	0	0	0	0	0	0	1	0	0	0	0	0	0	0	0	0	0	0	0	0	0	0	0	0	0	0	0	0	0	0	1	0	0	0	0	0	0	0	0	0	0	0
Del5:U5:R2	1	0	1	2	0	0	0	1	2	1	1	0	1	1	1	2	0	0	1	1	16	4	1	1	0	0	1	1	1	4	0	0	1	1	3	1	3	4	1	0	8	2	1	1	2	0	2	0	1	6	0	0	0	1	1	33	0	2	1	0	0	0	3	0	0	0	0	0	1	2	4	2	3	1	2	0	1	0	0	2	0	0	5	3	0	0	3	1	1	4	1	0	1	2	0	1	1	1	7	0	1	0	0	0	0	5	0	2	0	0	3	1	0	2	5	1	2	0	0	2	4	2	0	2	3	1	0	2	0	1	0	0	0	0	1	0	4	2	0	2	1	2	1	2	0	3	0	1	4	0	2	1	2	1	0	0	0	1	1	1	0	0	2	0	1	0	2	1	1	9	0	1	3	1	1	0	3	1	0	1	1	0	0	2	0	0	1	0	2	1	3	0	0	5	0	1	1	0	5	3	1	33	0	2	0	0	1	0	1	5	1	0	1	4	1	1	1	1	1	2	0	0	0	2	0	0	1	0	0	0	0	0	1	1	0	0	1	2	33	0	2	3	1	0	0	2	1	1	1	1	9	0	4	2	2	1	1	0	3	0	3	2	2	1	1	1	0	2	0	0	2	2	1	0	1	1	1	0	0	2	3	3	4	1	3	1	0	2	0	2	2	0	2	0	1	1	2	0	6	1	0	0	1	1	1	3	0	3	0	1	2	1	1	1	0	0	0	1	0	0	1	3	0	4	0	0	2	0	3	2	0	1	0	0	1	1	1	0	0	1	1	25	0	1	0	2	1	0	1	0	0	3	2
Del5:U5:R3	1	0	0	0	1	0	1	1	0	0	0	0	0	0	0	1	0	0	0	0	2	0	0	0	0	0	0	0	0	0	1	0	0	1	0	0	0	0	0	0	4	0	0	0	0	0	1	0	0	8	1	0	0	0	0	5	0	0	0	0	0	0	0	0	0	0	0	0	0	0	2	0	0	0	2	1	1	0	0	1	0	0	1	0	1	0	0	0	0	2	0	0	0	2	0	1	0	0	0	0	0	0	0	0	0	1	0	1	1	0	0	0	0	0	1	0	1	0	0	2	0	0	0	0	0	0	1	0	1	0	0	1	0	0	1	0	0	0	0	0	0	1	0	1	1	1	1	0	1	0	0	0	0	0	0	1	0	0	0	3	0	0	1	0	0	0	0	0	0	0	0	0	0	0	0	0	0	0	0	0	0	1	0	0	0	0	1	0	0	0	1	0	0	1	0	0	2	0	2	0	0	6	0	0	0	0	0	0	0	0	0	0	1	0	0	0	0	0	2	0	0	0	1	0	0	0	0	0	0	0	1	1	0	0	0	0	0	0	8	0	1	0	0	1	0	0	0	1	0	0	4	0	0	0	0	1	1	0	0	1	0	0	0	0	0	0	0	0	0	0	0	0	0	0	0	1	1	1	0	1	1	0	0	0	1	0	0	0	0	0	0	0	1	0	0	1	0	0	5	0	2	0	0	1	0	0	0	0	3	0	0	2	0	0	0	2	0	0	1	0	0	0	0	0	1	0	0	1	1	0	0	0	0	0	0	0	0	2	0	1	2	6	0	4	0	1	1	0	2	0	0	0	1
Del5:U5:R4	0	0	0	0	0	0	0	0	0	0	0	0	0	0	0	0	0	0	0	1	3	0	0	0	0	0	0	0	0	1	0	0	1	0	0	0	0	0	0	0	2	0	1	0	0	1	0	0	0	3	0	0	0	0	1	1	0	0	0	0	0	0	0	0	0	0	0	0	0	0	1	0	0	0	0	0	0	0	0	0	0	0	0	0	0	0	0	0	0	0	0	0	0	0	0	0	0	0	0	0	0	0	0	0	0	1	0	0	0	0	0	0	0	0	0	0	1	0	0	0	0	0	0	0	1	1	1	0	0	0	0	0	0	0	0	0	0	0	0	0	0	0	0	0	0	0	0	0	0	0	0	0	0	0	0	0	0	0	0	0	0	1	0	0	0	0	0	0	0	1	0	1	0	0	0	0	0	0	0	0	0	1	0	0	0	0	1	0	0	0	0	0	1	0	0	0	1	0	0	0	0	1	0	0	0	0	0	0	0	0	0	0	0	0	0	0	0	0	0	1	0	1	0	1	0	0	0	0	0	0	0	0	0	1	0	0	1	0	2	0	1	0	1	0	0	0	0	0	0	0	0	1	0	0	1	0	0	0	0	0	0	0	0	0	0	0	0	0	0	0	0	0	0	0	0	0	0	0	0	0	0	0	0	0	0	0	0	1	0	0	0	1	0	1	0	0	0	0	0	0	0	0	1	1	0	0	0	0	0	1	0	0	0	0	0	0	0	0	1	0	0	0	0	0	0	1	0	0	1	0	0	0	0	0	0	0	0	0	0	0	0	3	1	2	0	0	0	0	0	0	0	0	0
Del5:U5:R(5,9)	0	0	0	0	0	0	0	0	0	0	0	0	1	0	0	0	0	0	0	0	3	2	1	0	0	0	0	0	0	0	0	0	0	0	0	0	0	1	0	0	2	0	0	0	0	0	0	0	0	8	0	0	0	0	1	1	0	1	0	0	0	0	0	0	0	0	0	0	0	0	0	0	0	0	0	0	1	0	0	0	0	0	0	0	0	0	0	0	0	0	0	0	0	0	0	0	0	0	0	0	0	0	0	0	0	0	0	0	0	0	0	0	0	0	0	0	0	0	0	0	0	0	0	0	0	0	0	0	1	1	0	0	0	0	0	0	0	0	0	0	0	0	0	0	0	0	0	0	0	0	0	0	0	0	0	0	1	0	0	0	0	0	0	0	0	1	0	0	0	0	1	0	0	0	0	0	0	0	1	0	0	0	0	0	0	0	0	0	0	0	0	0	0	0	0	0	0	0	1	0	0	1	0	1	0	0	0	0	1	0	0	0	0	0	0	0	0	0	0	0	0	0	0	0	0	0	0	0	0	0	0	0	1	1	0	0	1	1	1	0	0	0	0	0	0	0	0	0	0	0	4	0	0	0	0	0	1	0	0	0	0	0	0	0	0	0	0	0	0	0	0	0	0	0	0	0	0	0	0	0	0	0	0	0	0	0	0	0	0	0	0	0	0	0	0	0	0	0	1	0	0	0	0	0	0	0	0	0	0	0	0	0	0	0	1	0	0	0	0	0	0	1	0	0	0	0	0	0	0	0	0	0	0	0	0	0	0	0	0	0	0	4	0	1	0	0	0	0	1	0	0	0	0
Del(6,):U1:R(7,9)	0	0	0	0	0	0	0	0	0	0	0	0	0	0	0	0	0	0	0	0	0	0	0	0	0	0	0	0	0	0	0	0	0	0	0	0	0	0	0	0	0	0	0	0	0	0	0	0	0	1	0	0	0	0	0	0	0	0	0	0	0	0	0	1	0	0	0	0	0	0	0	0	0	0	0	1	0	0	0	0	0	0	0	0	0	0	0	0	0	0	0	0	0	0	0	0	0	0	0	0	0	1	0	0	0	0	0	0	0	0	0	0	0	0	1	0	0	0	0	0	0	0	0	0	0	0	0	0	0	0	0	0	0	0	0	0	0	0	0	0	0	0	0	0	0	0	0	0	0	0	0	0	0	0	0	0	0	0	0	0	0	2	0	0	0	0	0	0	0	0	0	0	0	0	0	0	0	0	0	0	0	0	0	0	0	0	0	0	0	0	0	0	0	0	0	0	0	0	0	0	0	0	1	0	0	0	0	0	0	0	0	0	0	0	0	0	0	0	1	0	0	0	0	0	0	0	0	0	1	0	0	0	0	0	0	0	0	0	0	0	0	0	0	0	0	0	0	0	0	0	0	0	0	0	0	0	0	0	0	0	0	0	0	0	0	0	0	0	0	0	0	1	0	0	0	0	0	0	0	0	0	0	0	0	1	0	0	0	0	0	0	0	0	0	0	0	0	0	0	0	0	0	0	0	0	0	0	0	0	1	0	0	0	0	0	0	0	1	0	0	0	0	0	0	0	0	0	0	0	0	0	0	0	0	0	0	0	0	0	0	0	0	0	0	0	0	0	0	0	0	0	0	0
Del(6,):U2:R(4,9)	0	0	0	0	0	0	0	0	0	0	0	0	0	0	0	0	0	0	0	0	2	0	0	0	0	0	0	0	0	0	0	1	0	0	0	1	1	2	0	1	5	0	0	0	0	0	0	0	1	2	0	0	0	0	0	1	0	0	0	0	0	0	0	0	0	0	0	0	0	1	1	0	0	0	0	0	1	0	1	0	0	0	2	0	0	1	0	0	0	0	0	1	0	0	0	0	1	0	0	1	0	1	0	0	1	1	0	1	0	1	0	2	0	0	0	0	1	0	0	0	1	1	0	1	1	0	0	1	0	0	0	0	0	1	0	0	0	0	0	0	0	0	1	0	0	0	0	0	0	0	0	1	1	0	0	0	0	0	0	0	0	0	1	0	0	0	2	1	0	0	0	0	1	0	0	0	0	0	1	0	0	0	0	0	0	1	1	0	0	0	0	0	0	0	0	0	2	0	0	0	0	1	1	0	0	1	0	1	0	0	0	0	1	0	0	0	0	0	0	1	0	1	0	0	0	1	0	0	0	0	0	0	1	0	0	0	2	0	2	0	0	0	0	0	0	0	0	0	1	0	5	1	0	0	0	0	0	0	0	1	1	0	1	1	0	2	0	0	0	0	0	0	0	1	1	0	1	0	0	1	1	0	0	0	0	0	0	0	0	3	1	0	0	1	0	0	1	0	0	0	0	0	0	0	0	0	0	1	1	0	0	0	0	0	0	0	0	0	0	0	0	0	1	2	0	0	0	0	1	0	0	0	0	0	1	2	0	0	0	0	0	3	0	0	0	0	0	0	0	0	0	0	1
Del(6,):U3:R(3,9)	0	0	0	1	0	0	0	0	0	0	0	0	0	0	0	0	0	0	0	0	1	0	0	0	0	0	0	0	0	1	0	0	0	1	0	0	0	0	0	0	8	0	0	0	0	0	1	0	0	4	0	0	1	0	0	0	0	0	0	0	0	0	1	0	0	0	0	0	0	1	1	1	0	0	3	0	1	0	0	0	1	0	2	1	0	1	0	0	0	0	0	0	0	0	0	0	0	0	0	0	0	0	0	0	0	1	0	0	0	0	0	0	0	0	0	0	1	0	1	0	1	1	1	1	0	0	0	0	0	0	0	0	0	0	0	0	0	0	0	0	0	0	0	0	0	0	0	0	1	0	0	0	0	0	2	0	1	1	0	0	0	1	0	0	0	0	0	0	0	1	0	0	0	0	0	0	0	0	0	0	0	0	0	0	0	0	0	0	2	0	0	0	0	0	0	0	0	1	2	0	1	0	0	0	0	0	0	0	0	0	0	0	0	0	0	0	0	0	0	0	0	0	0	0	0	0	0	2	0	0	0	0	0	1	0	0	1	1	0	0	0	0	0	0	0	0	0	0	0	0	1	0	1	1	0	0	0	0	0	0	0	1	0	0	0	0	0	0	0	0	0	0	0	1	0	1	0	0	1	0	0	1	0	1	0	1	0	0	0	0	0	0	0	0	0	0	0	0	1	0	0	0	1	1	0	0	0	0	0	0	0	0	0	0	0	0	0	0	0	0	0	0	1	0	0	0	0	0	0	0	0	0	0	0	0	0	1	1	0	0	0	2	0	0	1	0	1	0	0	0	0	0	1
Del(6,):U(4,):R(2,9)	0	1	0	0	2	1	1	0	2	2	1	2	0	2	0	1	0	2	3	4	22	1	0	0	0	0	0	1	3	4	7	5	1	0	3	5	6	1	1	1	16	5	2	3	1	1	3	4	4	25	0	1	0	2	1	6	1	6	2	1	0	1	3	6	1	0	1	0	2	4	8	0	3	2	5	5	3	1	0	0	1	0	5	4	0	1	1	1	2	0	1	1	1	7	1	1	1	0	10	1	2	2	1	1	3	1	0	5	2	1	6	3	1	1	0	0	2	0	1	3	10	3	5	5	5	0	3	3	0	2	1	1	2	0	3	3	3	4	0	2	0	4	1	5	0	21	2	2	4	0	1	1	2	0	1	0	5	2	2	1	1	3	6	1	0	4	1	4	2	21	2	1	2	0	1	1	2	1	0	6	8	2	3	9	3	3	0	3	0	2	17	2	1	2	0	0	13	0	2	0	4	8	3	0	2	0	0	0	5	4	1	3	0	4	3	3	1	2	5	2	1	3	2	2	1	2	0	15	1	1	0	0	0	6	0	0	10	1	8	3	2	1	2	3	0	3	1	3	1	0	11	5	10	5	2	2	7	2	0	0	3	3	1	1	3	1	1	1	2	2	0	1	0	2	0	2	2	1	0	0	2	0	2	0	11	3	2	1	3	3	1	2	0	2	0	2	1	8	9	0	0	0	3	6	0	1	0	3	0	3	2	5	0	1	1	5	2	6	1	0	2	2	0	9	0	2	1	3	3	1	0	5	2	1	1	1	1	5	5	2	2	16	3	3	3	6	5	0	4	3	2	3	9
Ins(2,4):M	1	1	3	3	4	1	3	2	4	1	2	0	5	1	0	2	0	1	0	0	21	5	2	4	2	1	1	6	13	26	19	60	9	2	7	16	17	14	5	5	120	7	10	5	4	2	5	10	14	285	9	3	2	5	4	14	7	3	4	8	2	8	6	35	2	1	3	3	7	16	63	3	14	4	18	7	36	4	6	10	3	3	27	23	10	4	7	10	6	11	5	5	5	17	0	8	6	5	43	10	5	5	31	8	1	11	2	52	14	4	15	55	7	7	8	5	37	7	4	40	14	9	43	13	36	4	14	25	1	7	3	2	5	20	14	9	20	47	5	6	6	15	6	30	4	30	7	19	16	5	30	4	11	6	4	19	9	8	12	6	6	22	9	2	4	5	5	4	18	39	11	26	7	2	4	17	12	4	7	7	17	5	6	26	7	6	5	4	4	32	25	2	3	51	3	8	31	5	6	7	12	12	11	3	23	13	4	4	9	20	4	10	9	20	2	16	1	3	19	43	7	13	6	4	8	11	6	8	10	8	2	4	19	24	3	4	16	36	17	6	19	7	11	8	5	6	5	6	10	0	102	13	18	13	1	9	55	3	4	7	5	13	8	2	1	8	8	5	8	11	15	10	0	5	11	31	12	6	7	7	6	7	10	6	49	10	4	11	5	8	0	4	5	31	3	10	13	11	56	7	5	4	1	36	2	2	3	12	7	27	34	12	3	4	8	9	5	55	15	9	5	2	4	91	9	17	12	14	6	9	7	6	1	4	23	4	4	10	15	10	8	111	9	7	17	16	6	5	16	6	1	6	9
Ins(5,):M	2	1	1	0	0	1	2	2	2	0	0	1	5	7	1	1	0	1	1	1	28	8	7	7	5	11	12	9	10	45	21	66	12	15	12	38	35	34	13	9	211	21	20	21	11	9	23	23	15	333	34	8	15	12	10	43	6	17	17	10	11	23	15	29	8	2	19	13	15	21	78	7	18	12	23	22	41	7	16	16	10	10	32	21	9	10	9	25	14	15	16	12	9	20	9	9	16	9	37	23	3	12	31	9	10	26	16	38	19	12	29	47	28	12	9	11	72	12	5	41	32	22	43	13	52	12	31	28	10	13	10	9	9	15	19	12	22	53	12	13	10	25	23	38	14	50	26	31	22	8	36	19	39	14	12	18	12	13	30	14	8	26	18	5	9	13	14	10	28	49	11	32	25	17	19	31	14	7	10	20	16	10	10	28	25	13	8	10	22	37	47	13	23	44	19	12	54	5	16	12	48	39	36	19	22	19	7	4	22	24	10	13	11	34	15	22	9	14	33	62	8	27	16	15	11	33	24	23	16	28	20	16	25	35	12	10	16	31	27	15	19	16	20	11	27	18	14	18	1	13	154	28	36	23	4	10	32	5	10	20	18	16	21	8	12	26	7	11	37	17	26	11	10	14	29	63	23	13	12	13	6	11	11	8	35	9	10	7	16	21	11	15	11	33	6	13	20	12	55	9	10	14	7	32	13	8	11	33	22	21	38	19	5	16	25	33	14	54	27	6	9	29	13	20	8	21	16	22	18	13	9	17	9	4	36	5	5	15	15	7	18	106	22	25	25	38	18	13	10	10	12	12	14
Ins2:U1:R0	0	0	0	0	0	0	0	0	2	0	0	1	0	0	0	0	0	0	0	0	6	0	0	0	0	0	0	0	1	3	1	2	0	1	2	3	1	0	0	1	5	1	1	0	1	0	0	0	1	21	1	0	0	1	0	3	3	1	1	0	0	0	0	1	0	2	1	0	0	2	6	0	4	0	0	1	1	0	0	0	2	0	2	0	2	1	0	2	3	5	1	0	1	0	2	1	0	1	0	1	0	1	2	1	0	1	1	3	1	2	2	10	0	0	1	1	1	1	0	7	5	1	0	2	2	0	3	0	0	2	1	0	0	0	2	0	3	2	2	0	0	2	1	1	0	0	2	0	1	0	3	0	1	0	1	0	2	3	0	0	0	1	0	0	1	0	1	1	1	2	1	1	1	2	1	2	2	0	0	0	5	0	0	2	0	0	0	1	0	1	2	0	0	6	0	2	3	1	2	1	0	3	1	1	1	2	0	1	0	0	0	1	0	5	0	4	1	0	16	5	4	0	0	1	1	1	0	0	1	1	0	0	0	0	0	0	4	3	1	0	0	0	1	0	0	0	0	0	0	2	3	0	5	2	0	0	0	0	0	1	0	0	2	0	1	1	1	3	1	0	0	2	1	1	3	2	1	0	0	0	0	0	0	1	0	0	0	0	2	2	0	0	2	3	1	0	0	1	5	1	0	1	3	0	0	0	1	1	1	1	0	1	0	1	0	2	0	3	2	0	0	0	0	6	0	1	1	12	2	1	0	0	0	0	2	0	1	0	0	0	1	2	2	1	0	1	0	1	0	0	0	1	0
Ins3:U1:R0	0	0	0	0	0	0	0	0	0	0	0	0	0	0	0	0	0	0	0	0	0	0	0	0	0	0	0	0	0	0	0	0	0	0	0	0	0	0	0	1	1	0	0	0	0	0	0	0	0	3	1	1	0	0	1	0	0	0	0	0	0	0	0	0	0	0	0	0	0	0	1	0	0	0	0	0	0	0	0	0	0	0	0	0	0	0	0	0	0	1	1	0	1	0	0	0	0	0	0	0	0	0	0	0	0	0	0	0	0	0	0	2	0	0	0	0	0	0	0	0	1	1	1	0	0	0	1	0	1	0	0	0	0	0	0	0	0	0	0	1	1	0	0	0	0	0	0	0	0	0	0	0	1	0	0	0	0	0	1	0	0	1	0	1	0	0	0	0	0	1	1	0	0	0	0	0	1	0	0	0	0	0	0	0	0	0	0	0	0	0	0	0	0	0	0	0	0	0	0	0	0	1	0	0	0	0	0	0	0	0	0	0	0	0	0	0	0	0	3	1	0	1	0	0	0	0	1	0	0	0	0	0	0	0	0	0	0	1	0	0	0	0	0	0	0	0	0	0	0	0	1	0	1	0	0	0	0	0	0	0	1	0	0	0	0	0	0	0	0	0	0	0	0	0	0	0	0	0	0	0	0	0	1	0	1	0	0	0	0	1	0	0	0	1	0	0	0	0	0	0	0	0	0	0	0	0	0	0	0	0	0	0	0	0	1	0	0	1	0	1	0	0	0	0	0	2	0	1	0	0	0	0	0	0	0	0	0	1	0	0	0	0	1	0	0	0	0	0	0	0	0	0	0
Ins4:U1:R0	0	0	0	0	0	0	0	0	0	0	0	0	0	0	0	0	0	0	0	0	0	0	0	0	0	0	0	0	0	0	0	0	0	1	0	0	0	0	0	0	0	1	0	0	0	0	0	0	0	3	0	0	0	0	0	1	0	0	0	0	0	1	0	0	0	0	0	0	0	0	0	0	0	0	0	0	0	0	0	0	0	0	0	0	0	0	0	0	0	0	0	0	0	0	0	0	0	0	0	0	0	0	0	0	0	0	0	1	0	0	0	0	0	0	0	0	0	0	0	0	1	0	0	0	0	0	0	0	0	0	0	0	0	0	0	0	0	0	0	0	0	0	1	0	0	0	0	0	0	0	0	0	0	0	0	0	0	1	0	1	0	0	0	0	0	0	0	0	0	0	0	0	0	0	0	0	0	0	0	0	0	0	0	0	0	0	0	0	0	0	0	0	0	0	0	0	0	0	0	0	0	2	0	0	0	0	0	0	0	0	0	0	0	0	0	0	0	0	0	0	0	2	1	0	0	0	0	0	0	0	0	0	0	0	0	0	0	0	2	0	1	0	0	0	0	0	0	0	0	0	1	0	0	0	0	0	0	0	0	0	0	0	1	0	0	0	0	0	0	0	0	2	0	0	0	0	0	0	0	0	0	0	0	0	0	0	0	0	0	0	0	0	0	0	0	0	0	0	0	0	0	0	0	0	0	0	0	0	0	0	0	0	0	0	0	0	0	0	0	0	0	0	0	0	0	0	0	0	0	0	0	0	0	0	0	0	0	0	0	0	0	0	0	0	0	0	0	0	0	0	0	0	0
Ins2:U2:R0	0	0	0	1	0	0	0	1	0	0	0	0	2	2	0	1	0	0	0	0	6	2	1	5	2	1	0	0	6	5	3	8	1	0	2	3	7	3	3	2	19	1	2	1	5	1	1	2	3	36	3	1	1	1	4	1	2	4	0	1	3	3	1	3	2	0	5	2	4	1	16	1	4	1	4	1	6	1	2	1	1	0	3	3	3	2	0	4	2	3	2	2	2	2	3	2	0	1	8	1	1	0	6	0	1	4	3	8	2	1	4	7	0	1	1	0	7	2	0	3	4	2	9	2	3	1	2	1	1	1	0	1	1	5	1	2	4	3	0	2	2	5	0	6	1	8	2	4	3	0	5	1	2	0	1	0	3	3	3	1	2	1	2	3	1	4	1	2	2	4	2	1	1	0	2	4	1	2	2	1	5	4	2	2	2	4	1	0	2	2	8	2	1	5	0	1	6	0	4	0	8	4	9	5	6	3	0	3	2	2	1	1	2	5	2	5	1	3	21	13	3	6	0	4	1	1	3	1	3	0	2	2	0	3	2	3	3	6	1	4	1	3	6	2	2	0	2	3	3	1	9	3	6	3	1	0	1	0	3	3	2	0	0	1	4	1	3	2	4	2	2	2	2	0	2	1	4	4	2	1	2	1	1	0	2	2	0	1	1	1	0	0	2	6	0	4	0	2	13	1	1	0	1	4	2	4	2	4	0	2	3	5	4	0	1	2	4	2	4	0	5	2	3	33	1	4	3	7	2	2	2	1	1	0	10	3	1	5	1	1	1	10	2	3	1	5	0	1	3	2	1	5	2
Ins3:U3:R0	0	0	0	0	0	0	0	0	1	0	1	0	0	0	0	0	0	0	0	1	3	0	1	1	1	0	0	1	3	0	1	2	0	0	1	3	3	0	2	1	4	0	1	1	0	0	0	4	2	11	1	0	1	1	0	2	3	1	1	2	1	0	0	1	0	1	4	1	0	0	1	0	1	0	3	0	0	1	1	0	0	2	1	1	1	0	1	0	0	4	0	1	1	0	0	0	1	2	1	3	1	1	1	1	2	1	1	4	3	0	4	5	0	0	1	2	2	1	1	2	6	3	1	0	5	0	2	1	1	5	1	0	0	0	1	0	1	4	2	0	1	9	1	1	0	3	1	4	3	1	0	1	3	0	2	2	1	2	2	0	1	3	0	0	0	2	0	1	1	4	0	1	2	2	1	0	0	0	0	0	3	2	1	1	2	1	1	1	3	0	3	1	0	2	1	0	6	0	2	0	2	4	2	1	2	3	0	2	1	1	1	0	1	5	0	2	1	0	11	4	3	1	0	1	0	5	0	0	0	0	0	0	0	1	0	0	1	2	4	0	1	1	0	2	0	0	0	0	0	1	4	0	2	1	0	0	4	0	2	3	2	1	0	1	0	1	2	2	3	2	1	1	0	2	1	1	2	0	1	1	0	0	0	0	2	1	2	1	2	5	0	0	0	1	0	3	0	1	2	0	1	0	1	2	0	1	1	1	1	1	0	0	0	0	2	2	1	4	2	0	0	1	2	30	3	2	0	1	2	2	0	0	1	0	6	0	1	1	2	1	0	5	2	1	0	0	1	1	1	2	0	1	0
Ins4:U2:R0	0	0	0	0	0	0	0	0	0	0	0	0	0	0	0	0	0	0	0	0	0	1	0	0	0	0	0	0	0	0	0	0	0	0	0	1	0	0	1	0	0	0	0	0	0	0	0	1	0	1	0	0	0	0	0	0	0	0	0	0	0	0	0	0	0	0	0	0	0	0	0	1	0	0	0	0	0	0	0	0	0	0	1	0	0	0	0	0	0	0	0	0	0	0	0	1	0	0	0	0	0	0	0	0	0	0	0	1	0	0	1	0	0	0	0	0	0	0	0	0	0	1	0	0	0	0	0	0	0	0	0	0	0	0	0	0	0	0	0	0	0	0	0	0	0	0	0	0	0	0	0	0	0	0	0	0	0	0	0	0	0	0	0	0	0	1	0	0	0	0	0	0	0	0	0	0	0	0	0	0	0	0	0	0	0	0	0	0	0	0	0	0	0	0	0	0	0	0	0	0	1	0	0	0	0	0	0	1	0	0	0	0	0	0	0	0	0	0	1	0	0	0	0	0	0	0	0	0	0	0	0	0	0	0	0	0	0	0	0	0	0	0	1	0	0	0	1	0	0	0	0	0	0	0	1	0	0	0	0	0	0	0	0	0	0	0	0	0	0	0	0	0	0	0	0	0	0	0	0	0	0	0	0	0	0	0	0	0	0	0	0	0	0	0	0	0	0	0	0	0	0	0	0	0	0	0	0	1	0	0	0	0	0	0	0	0	0	0	1	0	0	0	0	3	0	0	0	0	0	0	0	0	0	0	0	0	0	0	0	0	0	0	0	0	0	1	0	0	0	1	0	0	0
Ins4:U4:R0	0	0	0	0	2	0	0	0	0	0	0	0	0	1	0	0	0	0	0	0	4	0	1	0	0	0	0	0	0	1	1	0	0	1	0	1	4	0	0	0	2	1	1	1	0	0	1	0	1	10	1	0	0	0	0	0	1	0	0	0	2	1	0	2	1	0	1	0	2	1	3	0	0	0	1	1	1	0	1	0	1	0	3	1	1	0	0	4	0	3	0	3	0	0	1	0	0	1	6	1	1	2	1	3	1	0	0	3	0	0	3	3	2	1	0	1	2	1	1	2	3	3	4	1	3	2	0	2	0	0	1	1	0	0	2	0	0	1	1	0	1	4	0	4	1	5	1	1	0	0	0	1	1	0	1	3	2	1	1	2	0	2	1	0	1	2	1	0	0	0	2	1	2	0	0	1	0	0	1	1	0	1	3	0	0	1	1	3	1	3	3	1	3	0	1	0	2	0	0	0	3	1	1	0	3	0	0	0	0	2	2	2	1	6	2	1	0	0	7	3	1	2	2	0	0	0	0	1	0	1	1	0	3	3	2	0	4	2	0	2	3	2	0	1	2	2	0	1	2	1	0	0	5	0	0	2	0	0	0	1	0	1	2	1	0	0	0	0	2	2	2	1	0	0	0	1	2	1	1	0	2	0	1	0	2	0	2	0	0	2	0	0	0	1	0	0	1	3	1	0	0	0	2	0	0	0	0	1	2	0	3	2	1	0	0	1	3	1	1	2	1	0	2	15	0	0	1	2	1	1	0	0	0	0	5	0	0	0	0	1	1	0	0	1	1	1	2	1	1	2	0	0	0
Ins(5,):R0	0	0	0	0	0	1	0	0	2	0	0	0	3	0	0	1	1	0	1	0	16	20	6	4	4	24	10	8	4	84	7	28	10	14	4	8	15	18	22	15	23	29	36	39	55	3	26	30	5	47	28	18	31	4	18	59	9	21	29	1	8	47	1	24	3	6	39	1	21	31	57	4	3	7	7	16	7	4	3	23	5	15	2	6	9	5	5	31	22	8	39	42	3	2	7	4	42	4	9	9	0	26	1	5	29	91	45	31	5	1	4	8	6	9	4	17	46	1	2	11	12	10	48	17	9	3	16	5	2	4	3	0	5	5	6	35	10	10	17	7	24	39	28	8	1	47	29	31	37	2	5	26	22	24	34	4	6	23	15	11	17	41	10	8	5	13	11	14	26	7	10	11	25	35	21	11	2	2	6	13	5	10	17	32	26	20	14	13	28	30	37	20	43	16	50	2	26	29	20	18	44	75	86	9	4	36	12	6	28	22	19	5	20	48	14	14	32	26	18	158	2	18	16	5	7	51	37	43	53	37	49	47	31	26	0	7	6	5	5	4	6	16	12	3	53	6	5	8	6	4	22	20	21	19	11	4	4	8	9	23	28	33	37	7	33	61	34	32	35	6	55	20	21	22	51	34	12	16	3	2	11	1	4	8	10	5	5	6	7	21	1	5	4	4	9	9	5	6	13	15	4	4	14	10	14	9	2	17	57	14	22	16	10	38	18	47	38	44	26	14	13	44	34	21	14	5	1	6	2	4	4	3	1	4	10	2	2	3	3	4	3	8	5	7	2	6	4	4	4	8	4	6	1
Ins2:U1:R1	0	0	1	0	1	1	0	0	0	0	0	0	4	1	2	0	0	0	0	2	4	2	1	0	0	2	0	0	1	6	2	1	1	2	0	2	4	2	0	1	4	0	0	1	1	0	0	0	1	36	4	0	0	3	2	4	2	1	0	1	0	1	2	1	0	1	0	1	1	2	19	1	0	1	1	1	3	0	1	0	0	1	2	2	0	2	1	0	1	4	0	1	0	0	1	2	1	2	27	2	0	0	9	3	0	1	0	1	2	0	1	11	1	1	0	1	14	0	1	13	1	1	4	1	7	0	2	6	2	0	0	1	0	3	2	0	2	1	1	1	0	2	1	8	2	1	1	0	2	0	1	3	2	0	1	0	0	1	2	1	1	3	0	1	5	1	0	1	1	2	2	2	1	0	0	7	2	1	1	2	2	0	2	1	2	0	1	1	0	7	1	2	1	31	0	0	8	0	0	0	1	4	1	0	3	0	0	1	2	7	1	3	0	0	0	3	0	0	11	14	1	2	0	2	3	2	0	0	1	2	1	0	1	5	0	1	3	9	3	0	1	0	1	2	1	0	1	0	2	0	4	1	0	2	0	0	3	1	0	0	0	1	1	1	0	0	2	0	1	2	1	0	1	2	0	3	2	1	1	0	1	1	0	0	0	1	0	1	1	4	0	0	1	14	0	1	1	0	7	1	1	3	3	3	1	0	2	2	0	4	4	3	1	1	0	0	0	3	0	0	1	3	3	23	1	4	0	6	0	3	2	0	3	1	5	2	2	3	0	0	2	3	0	2	4	5	1	0	2	1	0	1	0
Ins2:U1:R2	0	0	0	1	0	0	0	0	0	1	0	0	0	0	0	0	0	1	0	0	1	0	0	1	0	1	0	0	2	0	0	0	0	1	0	1	1	1	0	0	3	1	0	1	1	0	0	0	2	12	0	0	1	0	0	0	0	0	0	0	1	1	0	2	1	0	1	1	1	0	11	1	0	0	0	1	1	1	0	0	2	0	3	2	1	0	2	0	2	1	1	0	0	1	0	0	0	0	7	1	0	1	3	0	1	0	0	1	0	1	1	1	0	0	0	0	6	0	0	5	2	1	2	1	3	1	3	7	1	0	0	0	0	0	0	0	2	0	2	0	1	0	3	3	1	2	1	3	0	2	0	0	0	1	0	0	1	0	3	0	1	1	0	0	0	0	0	0	1	2	0	1	1	0	0	0	2	0	1	0	1	0	0	0	0	1	0	0	0	3	1	0	1	8	1	1	6	0	0	0	0	1	1	0	0	0	0	0	1	0	0	3	1	0	0	1	0	0	2	2	0	2	0	0	2	2	4	1	2	0	0	0	0	1	1	0	2	2	1	0	1	0	0	1	0	1	0	0	2	0	1	0	2	0	0	0	3	0	0	0	2	0	0	1	1	0	0	0	0	0	6	0	0	0	0	1	0	0	0	1	0	0	2	2	1	0	0	1	0	3	1	0	0	3	0	0	1	0	11	0	1	1	0	2	0	1	0	1	0	0	0	0	0	0	0	4	0	1	3	0	0	0	1	25	0	1	0	3	0	1	3	1	0	1	2	0	0	1	0	0	0	2	0	0	3	1	0	1	0	0	0	3	1
Ins2:U1:R3	0	0	0	0	1	1	1	0	0	0	0	0	2	1	1	1	0	0	2	0	2	0	0	0	0	0	1	0	1	4	2	2	0	0	0	4	0	0	2	1	3	0	1	0	0	0	1	2	0	16	0	0	2	0	1	4	2	0	0	0	1	1	0	1	1	0	0	1	1	2	11	1	0	0	4	0	2	0	0	0	0	0	0	1	0	0	0	1	0	1	0	2	0	1	0	0	0	0	11	0	0	0	4	0	0	1	0	1	0	0	1	2	0	0	2	1	12	0	1	8	1	1	3	0	4	1	3	6	0	0	1	0	1	1	0	1	6	0	0	0	0	1	1	3	0	1	0	0	0	0	0	2	1	1	0	0	0	1	1	0	0	0	1	0	0	2	0	0	1	3	2	0	0	0	1	0	1	0	1	1	1	0	0	0	0	2	1	1	0	3	1	1	1	15	0	0	1	0	1	0	0	4	2	1	0	0	0	0	0	0	0	2	1	2	1	2	1	0	3	4	0	2	0	0	3	0	0	1	1	1	0	1	1	1	1	1	1	9	5	0	1	0	2	1	0	1	1	0	0	0	4	1	2	3	0	0	2	0	2	0	0	1	0	0	0	0	0	0	1	1	5	0	0	1	1	1	0	1	2	1	1	0	0	0	2	2	1	2	1	2	0	0	0	4	0	0	0	1	12	0	1	0	0	1	0	0	1	1	1	2	3	4	0	0	1	1	0	1	3	1	0	0	0	16	0	1	0	1	1	1	0	2	0	0	1	0	1	0	2	1	1	1	0	1	1	1	1	0	0	0	1	2	1
Ins2:U1:R4	0	0	0	0	0	1	0	0	0	0	0	0	1	0	0	0	0	0	0	0	0	1	0	0	0	0	1	0	0	3	0	1	1	0	1	1	0	0	0	0	3	0	0	0	1	0	1	0	0	10	0	0	0	0	0	0	0	0	0	0	0	0	0	2	0	0	0	0	0	0	6	1	0	0	0	0	2	0	0	0	1	0	1	0	0	0	0	0	0	0	0	1	0	0	1	0	0	0	1	1	0	0	2	0	0	0	0	1	1	0	0	0	1	1	1	0	7	0	0	1	0	1	0	1	2	0	1	1	1	0	0	1	0	0	0	2	1	1	0	0	0	0	0	0	0	0	0	0	0	0	0	0	1	0	0	2	0	0	1	0	0	0	1	0	0	0	0	0	0	0	1	1	1	0	0	0	0	0	0	2	0	0	0	0	0	0	0	0	1	2	0	0	1	3	1	0	2	0	0	0	1	0	1	0	0	0	0	0	0	1	0	0	0	1	0	0	0	0	0	2	0	0	0	1	0	1	0	0	0	0	0	1	0	1	0	0	0	1	0	0	0	0	0	0	1	0	0	0	1	0	0	0	1	1	0	0	0	0	0	0	0	0	1	0	2	0	0	1	0	0	1	0	0	1	1	0	1	0	0	0	0	0	1	0	1	0	0	0	0	1	0	0	0	1	0	1	0	0	4	0	0	1	0	0	0	0	1	0	0	1	0	0	0	0	2	1	0	3	0	0	0	0	0	13	0	0	0	0	0	2	1	0	1	0	1	0	0	1	0	0	0	0	0	0	0	0	1	0	2	0	0	0	0
Ins2:U1:R(5,9)	0	0	0	0	0	0	0	0	0	0	1	0	0	0	1	0	1	0	0	0	4	0	0	0	0	0	0	0	0	4	0	1	1	0	0	3	4	4	0	1	145	1	1	0	0	0	1	0	2	89	4	0	1	1	0	2	0	1	0	1	0	1	0	4	0	0	0	0	0	2	8	0	1	0	0	0	0	0	0	0	1	0	1	1	2	0	0	1	0	0	0	0	1	1	0	0	0	0	6	4	0	0	2	1	0	0	0	6	1	0	2	3	0	0	0	0	6	0	0	3	3	0	0	0	2	0	3	2	0	0	0	0	1	2	0	0	6	3	1	0	0	3	0	3	0	13	0	2	4	0	2	0	2	0	0	0	2	1	1	1	0	2	0	0	0	0	0	1	0	4	1	1	0	1	0	0	1	0	1	0	0	0	0	2	1	0	0	0	1	1	10	1	0	4	0	0	4	0	0	0	1	2	2	1	4	0	0	0	1	5	0	1	1	1	1	1	0	0	0	3	0	2	1	0	1	1	0	6	0	0	0	0	3	4	0	0	1	5	1	0	2	1	0	1	0	1	1	0	0	1	84	3	0	2	0	1	3	1	0	0	0	0	0	0	0	0	0	0	2	1	2	1	0	0	0	0	3	0	1	0	0	0	1	1	1	2	0	1	1	0	0	0	1	3	0	0	0	0	8	0	0	0	1	0	0	0	0	1	0	3	3	2	0	0	1	2	0	4	2	0	0	1	1	1	1	1	0	0	0	1	0	0	0	0	1	0	0	5	0	0	1	14	0	0	2	4	2	0	1	0	0	0	1
Ins2:U2:R1	1	2	1	3	1	0	0	5	2	0	1	0	6	3	1	1	0	0	1	1	11	0	1	1	2	0	0	1	6	5	3	3	1	3	1	4	5	2	2	1	16	4	4	2	3	0	3	0	4	26	1	2	0	1	1	6	1	2	0	0	2	1	2	1	1	0	2	1	1	1	7	0	4	0	5	2	9	3	0	1	1	0	6	6	1	1	2	3	0	2	2	3	2	3	1	1	4	0	6	1	0	0	4	1	1	4	4	8	3	0	1	2	1	2	4	0	3	1	0	1	2	2	7	2	2	1	3	2	3	0	0	0	3	1	4	1	2	2	2	1	0	1	4	4	1	2	0	1	3	0	1	2	4	2	3	1	2	2	4	2	1	2	6	1	1	2	1	1	2	9	4	3	1	1	0	1	1	1	1	0	2	1	1	1	2	0	1	3	0	3	2	2	0	1	1	0	7	0	2	1	1	7	1	5	1	0	3	1	6	1	2	1	1	2	1	1	2	0	14	2	3	5	3	3	0	6	2	5	2	2	1	3	8	1	1	0	3	5	7	1	4	4	2	0	0	5	2	2	1	0	9	3	7	2	0	1	12	2	1	3	1	5	2	2	0	2	4	2	1	0	3	2	1	0	9	2	2	1	0	3	2	1	1	0	7	4	1	2	0	4	1	2	3	2	2	1	1	0	10	1	5	0	1	3	3	2	5	2	1	5	1	2	1	1	3	10	2	9	4	1	3	2	3	201	0	3	1	2	3	4	1	0	1	3	5	1	1	4	1	2	0	6	4	2	2	2	4	0	6	0	1	2	2
Ins2:U2:R2	1	1	1	2	3	1	1	2	1	0	0	0	1	4	0	1	0	0	1	0	3	0	1	0	0	0	0	1	5	2	4	2	1	2	0	3	1	3	1	0	21	0	0	1	0	0	1	1	1	13	0	0	0	0	0	2	0	0	0	0	0	1	2	1	0	1	1	1	1	2	2	0	1	1	4	3	2	0	0	0	1	1	1	3	1	0	1	2	0	0	1	0	1	4	3	2	1	1	2	2	0	0	2	0	1	0	0	0	1	1	0	1	1	1	2	0	2	0	0	1	1	0	1	2	2	0	3	1	0	0	0	0	1	1	1	0	2	6	0	4	0	1	1	2	2	6	0	2	1	0	0	0	2	0	1	5	2	0	3	0	0	1	1	1	2	0	0	0	1	3	0	3	1	1	0	4	2	0	0	0	6	0	1	3	0	2	1	1	1	1	4	0	0	2	0	0	1	0	1	0	3	2	2	0	0	2	2	1	2	0	2	3	4	1	1	0	0	1	3	1	2	1	2	2	3	2	1	1	0	0	1	1	3	1	3	1	1	4	1	1	5	1	2	1	2	0	0	2	0	1	23	1	2	1	1	1	4	1	0	0	3	1	0	3	0	2	0	0	2	3	1	0	0	0	0	4	3	2	0	0	0	0	2	0	1	5	2	1	2	1	1	0	0	1	0	2	1	2	5	0	1	0	0	2	0	0	0	1	0	3	4	2	1	0	1	3	0	4	0	0	0	1	1	141	1	0	1	0	0	1	1	0	1	2	3	1	0	2	1	0	3	6	3	3	3	1	0	0	2	0	0	1	0
Ins2:U2:R3	1	0	0	0	0	0	0	0	0	0	0	0	0	0	0	0	1	0	1	0	0	0	1	1	1	0	1	1	1	2	1	1	2	2	1	1	2	2	0	0	30	3	1	2	1	0	1	2	1	20	1	0	0	1	0	2	1	2	2	0	0	0	1	0	0	0	2	0	0	1	9	1	0	0	0	0	1	0	1	0	0	0	3	1	1	1	1	1	0	1	4	1	2	2	0	1	0	0	2	1	0	0	2	0	1	1	0	3	1	0	4	0	1	0	1	0	3	1	0	6	0	0	1	0	5	1	1	1	0	1	0	0	0	0	0	0	3	9	2	0	0	0	0	0	0	2	3	4	2	0	0	1	1	0	0	0	0	1	0	4	0	2	3	0	1	0	0	1	0	5	1	3	1	1	2	3	0	0	3	1	1	0	0	0	1	0	0	3	0	2	4	1	0	7	0	0	0	0	1	0	1	2	1	0	0	1	0	0	1	4	0	1	0	2	0	0	1	0	2	3	0	1	1	1	1	1	0	2	1	1	0	1	2	3	0	1	1	6	1	0	2	0	0	0	0	1	0	0	0	1	34	0	1	0	0	0	2	0	0	1	1	1	0	1	0	0	0	1	1	2	0	0	0	0	1	0	0	0	0	1	0	0	1	1	1	1	1	0	1	1	0	0	0	3	0	1	0	1	3	0	1	0	0	2	1	1	0	0	2	2	2	0	1	1	2	0	1	3	1	0	1	1	0	41	0	1	1	0	1	0	1	0	0	0	0	0	1	0	1	1	2	14	1	3	1	1	0	0	1	0	0	2	1
Ins2:U2:R4	1	1	2	2	0	0	2	0	4	3	2	0	1	4	3	1	0	0	0	0	5	0	0	0	0	1	0	1	4	1	1	2	2	0	2	1	13	12	1	1	158	3	1	2	2	1	0	3	0	94	1	0	0	0	0	3	0	0	4	0	1	3	1	7	0	0	0	0	1	1	3	0	1	0	4	0	6	0	1	0	0	0	6	2	3	0	0	0	2	0	0	1	0	2	0	0	0	1	3	2	0	0	3	0	1	0	0	5	1	0	5	3	1	1	1	1	0	1	2	4	4	0	5	2	4	0	2	0	0	0	2	0	2	2	0	0	1	13	0	0	0	0	0	4	0	5	1	3	1	1	2	4	3	0	1	4	4	1	2	0	2	7	3	0	2	1	1	0	3	16	4	4	0	1	0	4	2	0	0	2	3	1	1	10	1	0	1	1	2	2	4	1	2	4	0	0	5	2	4	0	6	3	1	1	1	7	1	0	3	6	0	2	1	1	0	3	1	0	5	2	0	2	1	3	3	1	4	4	0	2	0	1	1	8	1	1	0	4	3	1	3	1	3	2	0	1	3	0	0	0	125	2	4	2	0	0	4	1	0	0	2	2	1	1	1	0	0	0	0	0	0	0	1	0	1	5	4	3	0	0	0	0	2	1	3	2	0	2	0	0	0	1	0	2	0	0	1	2	8	0	1	1	1	4	1	1	2	2	0	2	5	1	0	0	1	4	0	3	2	0	2	0	0	7	1	1	3	3	1	0	0	2	0	0	1	0	0	1	4	0	3	72	3	6	4	1	1	1	4	1	0	2	0
Ins2:U2:R(5,9)	5	8	3	6	8	7	6	2	9	3	4	5	5	3	4	3	0	1	5	5	53	1	0	0	1	0	5	0	9	8	11	22	16	2	15	16	60	147	7	16	1216	16	9	3	8	2	3	20	16	723	9	1	4	4	2	14	1	9	13	2	1	11	8	36	0	2	4	1	2	24	26	2	11	1	14	3	43	2	1	2	4	1	63	15	15	1	4	4	5	5	5	2	8	22	3	11	2	2	30	14	2	4	11	3	3	4	1	46	10	0	19	29	14	4	15	1	10	4	7	11	23	9	43	18	31	7	10	12	1	4	2	0	11	12	18	4	2	31	3	3	1	10	4	13	3	65	2	15	5	3	29	4	17	8	0	34	12	8	15	2	0	48	33	0	10	6	2	1	8	50	18	62	2	1	2	29	5	0	3	13	38	3	6	49	9	7	9	7	12	5	66	3	1	11	2	3	46	3	14	2	11	14	19	1	24	17	0	1	18	23	1	3	17	5	13	9	0	3	43	10	10	6	11	9	4	13	7	24	0	16	3	2	44	20	0	4	12	14	14	1	27	8	6	17	7	11	14	3	1	0	811	15	35	16	2	0	45	2	1	3	7	9	4	5	3	1	1	2	2	24	8	1	2	1	3	35	23	1	0	0	1	0	12	2	42	19	2	12	2	5	2	5	13	7	0	8	0	14	57	1	7	10	3	34	3	13	5	9	4	30	77	18	0	6	8	37	2	39	25	1	1	1	5	15	9	12	19	28	7	9	1	8	2	1	23	1	3	32	10	4	19	547	28	31	24	25	14	0	22	3	4	4	6
Ins3:U1:R1	0	0	0	0	0	0	0	0	0	0	0	0	0	0	0	0	0	0	0	0	1	0	0	0	0	0	0	1	1	1	1	0	0	0	0	1	0	0	0	0	1	0	0	0	0	0	0	0	0	5	0	0	0	0	0	0	0	0	0	0	0	0	0	1	1	0	0	1	0	0	0	0	2	0	2	0	0	1	0	0	0	0	0	0	0	0	0	0	0	0	0	0	0	0	0	1	0	0	0	1	0	0	0	2	0	0	0	1	0	0	1	0	0	0	0	0	1	0	1	0	2	0	0	0	0	0	0	1	0	0	0	0	0	0	0	0	0	0	0	0	0	0	0	0	0	1	0	0	0	0	0	0	0	0	0	0	0	0	0	0	0	0	0	0	1	1	0	0	0	0	0	0	1	0	0	0	0	0	0	0	0	0	0	1	0	0	0	0	0	1	0	1	0	1	0	0	0	0	0	0	0	0	0	0	0	0	0	0	0	0	0	0	0	2	0	0	0	0	0	0	0	0	0	0	0	0	1	0	0	0	0	0	0	0	0	0	0	0	0	0	0	0	0	0	1	0	0	0	0	0	0	0	0	0	0	0	0	0	0	0	0	0	0	0	1	0	0	0	0	0	0	0	0	0	0	1	1	0	1	0	0	0	1	0	0	1	0	0	0	0	0	0	1	1	0	0	0	0	2	0	0	0	0	0	0	1	2	0	0	0	3	1	0	1	0	0	0	1	0	0	0	0	0	3	0	0	1	1	0	0	0	0	0	0	0	0	0	0	0	0	1	0	0	1	0	0	0	0	0	0	0	0	0
Ins3:U1:R2	0	0	0	0	1	0	0	0	0	0	0	0	0	0	0	0	0	0	0	0	0	0	0	0	0	0	0	0	0	0	0	0	0	0	0	0	0	0	0	0	1	0	0	0	0	0	0	0	0	1	0	0	0	0	0	0	0	0	0	0	0	1	0	0	0	0	0	0	0	0	1	0	0	0	0	0	0	0	0	0	0	0	1	0	0	0	0	1	0	0	0	0	0	0	0	0	0	0	0	0	0	0	0	0	0	0	0	0	1	0	0	1	0	0	0	1	0	0	0	0	0	0	0	0	1	0	0	1	0	0	0	0	0	0	0	0	0	0	0	0	0	0	0	1	0	0	0	0	0	0	0	0	0	0	0	0	0	0	0	0	0	0	0	0	0	0	0	0	0	0	0	0	0	0	0	0	0	0	0	0	0	0	0	0	0	1	0	0	0	0	0	0	0	1	0	0	1	0	0	0	0	0	0	0	0	0	0	0	0	0	0	0	0	0	0	0	1	0	0	0	0	1	0	0	0	0	0	0	0	1	0	0	0	0	0	0	0	0	0	0	0	0	0	0	0	0	0	0	0	0	0	0	0	0	0	0	0	0	0	0	0	0	0	0	0	0	0	0	0	0	0	0	0	0	0	0	2	0	0	0	0	0	0	0	0	0	0	0	1	0	0	0	0	0	0	0	0	0	0	0	0	0	0	0	0	0	1	0	0	0	0	0	0	0	0	0	0	0	0	0	0	0	0	3	0	0	0	0	0	0	0	0	0	0	0	0	0	1	0	0	0	0	0	0	0	0	0	0	0	0	0	0	0
Ins3:U1:R3	0	0	1	0	0	0	0	0	0	0	0	0	0	0	0	0	0	0	0	0	0	0	0	0	0	0	1	0	0	0	1	0	0	0	0	0	0	0	0	0	0	1	0	0	0	0	0	0	1	3	0	0	0	1	0	0	0	0	0	0	0	0	0	0	0	0	0	0	0	0	0	0	0	0	1	0	0	0	0	0	0	0	0	0	0	0	0	0	0	0	0	0	0	0	0	0	0	0	0	0	0	0	0	0	0	0	0	0	0	0	0	0	0	0	1	0	0	0	0	0	0	0	0	1	0	0	0	1	0	0	0	0	0	0	0	0	2	0	0	0	0	0	0	0	0	0	0	0	0	0	0	0	0	1	0	0	0	0	0	0	0	0	0	0	0	0	0	0	1	1	0	0	0	0	0	0	0	0	0	0	0	0	0	0	0	0	0	0	0	0	0	0	0	0	0	0	1	0	0	0	0	0	0	0	0	0	1	0	0	0	0	1	1	0	0	1	0	0	0	0	0	1	0	0	1	0	0	0	0	2	0	0	0	0	0	0	0	0	0	0	0	0	0	1	0	0	0	0	0	0	0	0	0	0	0	0	0	0	0	0	0	1	0	1	0	1	0	0	0	0	0	0	0	0	0	0	0	0	0	0	0	1	0	0	0	0	0	0	0	1	0	0	0	0	0	1	0	1	2	0	0	0	0	0	0	0	0	0	0	1	1	0	0	1	1	1	0	1	1	0	0	0	0	4	0	0	1	0	0	0	0	0	1	0	1	0	0	1	0	0	0	0	1	0	0	0	0	0	1	0	0	0	0
Ins3:U1:R4	0	0	0	0	0	0	0	0	0	0	0	0	0	0	0	0	0	0	0	0	0	0	0	0	0	0	1	0	0	0	0	0	0	0	0	0	0	0	0	0	0	0	0	0	0	0	0	0	0	0	0	0	0	0	0	0	0	0	0	0	0	0	0	0	0	0	0	0	0	0	2	0	0	0	0	0	1	0	0	0	0	0	0	0	0	0	0	0	0	0	0	0	0	0	0	0	0	0	0	0	0	0	0	0	0	0	0	0	0	0	0	0	0	0	0	0	1	1	0	0	0	0	1	0	1	0	0	0	0	0	0	0	0	0	0	0	0	0	0	0	0	0	0	0	0	1	0	0	1	0	1	0	0	0	0	0	0	0	0	0	0	0	0	0	0	0	0	0	0	0	0	0	0	0	0	0	0	0	0	0	0	1	0	0	0	0	0	0	0	0	1	0	0	2	0	0	1	0	0	0	1	0	0	0	0	0	0	0	0	0	0	1	0	0	0	0	0	0	0	0	0	0	0	0	1	0	0	0	0	0	0	0	0	0	0	0	0	1	0	0	1	0	0	0	0	0	0	0	0	0	0	0	0	1	0	0	1	0	0	0	0	0	0	0	0	0	0	0	0	0	0	0	0	0	0	0	0	0	0	0	0	0	0	0	0	0	0	0	0	0	0	0	0	0	0	0	0	0	0	0	0	0	0	1	0	0	0	0	0	1	0	0	0	0	0	0	0	0	0	0	0	0	0	4	0	0	0	0	0	0	0	0	0	0	0	0	0	0	0	0	0	0	0	0	0	0	0	0	0	0	0	0	0
Ins3:U1:R(5,9)	0	0	0	0	0	0	0	0	0	0	0	0	0	1	0	0	0	0	0	0	0	0	0	0	0	0	0	0	0	0	2	1	0	0	0	0	0	0	0	0	5	0	0	0	0	0	0	0	0	8	0	0	1	0	0	0	0	1	0	0	0	0	0	0	1	0	0	0	0	0	1	0	0	0	2	1	1	0	0	0	0	1	0	0	0	0	0	0	0	1	0	0	0	0	0	0	0	0	0	0	0	0	0	0	1	0	0	1	0	0	0	0	0	1	0	0	2	0	0	1	1	0	1	0	1	0	1	1	0	0	0	0	0	0	0	0	0	1	0	0	0	2	0	0	0	1	0	0	0	0	0	0	0	0	0	0	0	0	0	1	0	0	0	0	0	0	0	0	0	1	0	1	1	0	0	0	0	0	0	1	0	0	1	1	0	0	0	0	0	0	1	0	0	0	0	0	3	0	1	0	0	0	0	0	0	1	0	1	0	0	0	0	0	0	0	0	0	0	1	0	0	0	0	0	0	0	0	0	0	0	0	0	0	0	0	0	0	1	0	0	0	0	0	0	0	2	1	0	0	0	0	1	0	0	0	0	1	0	0	0	2	1	0	0	0	0	0	0	0	1	0	2	0	0	0	1	2	0	0	0	0	0	1	0	1	1	0	0	0	0	0	0	0	0	0	1	0	0	2	0	1	0	0	1	0	0	0	0	1	1	0	0	0	2	0	0	0	2	0	0	0	0	0	1	0	1	0	0	1	0	0	0	0	0	0	0	0	0	0	0	0	1	0	0	0	0	0	0	0	0	0	0	0
Ins3:U3:R1	4	2	0	2	2	0	1	2	2	0	1	1	5	6	1	2	0	0	1	3	0	0	0	0	0	0	0	1	3	5	4	3	1	1	3	3	8	3	1	4	3	1	0	1	0	0	1	0	2	22	0	0	0	0	0	2	0	1	2	0	2	1	3	3	1	0	2	2	2	4	4	0	4	2	9	1	6	2	1	1	1	3	2	6	2	2	3	0	0	1	2	1	1	2	0	1	0	2	2	1	1	0	5	0	0	4	1	3	3	2	2	2	1	0	7	1	0	1	0	0	0	1	4	7	5	1	2	3	0	2	1	1	1	0	1	0	2	0	0	2	0	2	0	5	1	11	1	8	2	1	1	0	3	2	2	1	3	1	0	0	0	0	5	1	0	3	1	0	4	8	1	4	0	0	1	1	0	0	0	0	6	2	2	6	2	1	1	0	2	4	11	0	0	3	2	1	2	1	4	1	1	0	2	0	0	1	0	0	1	2	0	5	3	2	2	5	4	2	5	3	0	3	2	2	6	2	2	3	1	2	1	0	0	4	0	1	3	0	0	2	5	5	0	1	2	3	1	0	1	1	5	3	1	4	0	0	4	0	3	0	0	0	0	1	3	0	0	1	1	1	3	1	2	0	1	4	2	1	0	1	1	1	3	0	4	2	0	4	1	4	2	1	2	3	0	2	1	1	2	1	1	1	2	4	0	1	1	1	1	2	2	0	2	0	0	7	0	4	2	0	1	2	0	337	1	0	4	0	0	3	2	3	0	0	9	0	0	3	2	1	1	4	3	3	4	2	3	0	6	1	0	1	2
Ins3:U3:R2	0	1	1	0	0	0	0	0	0	0	0	0	1	1	0	0	0	0	0	1	0	0	0	0	0	0	0	1	1	0	2	1	0	3	0	0	0	0	0	0	4	1	0	1	0	0	1	0	3	7	0	0	0	0	0	0	0	0	0	0	1	0	0	1	0	1	0	0	0	0	1	0	0	0	1	3	1	0	0	0	0	1	3	0	0	0	0	0	0	1	1	0	0	0	0	0	0	0	0	0	1	0	2	0	0	1	0	0	1	0	0	1	0	0	0	0	1	1	0	0	0	1	0	0	1	0	1	0	0	0	1	0	1	0	0	0	0	2	0	1	1	0	0	0	0	2	0	0	2	0	1	1	0	1	0	1	0	0	1	0	0	1	0	0	0	1	0	0	1	0	1	0	1	0	0	0	0	0	0	0	2	1	0	0	0	0	0	0	0	0	2	0	0	1	0	1	0	0	0	0	0	0	0	0	0	0	0	0	0	0	0	0	0	1	0	1	1	0	0	0	0	0	1	0	0	0	0	0	0	0	0	0	2	3	0	0	1	1	0	0	0	1	0	0	0	1	2	0	0	0	3	1	0	1	0	0	2	0	0	0	0	0	0	0	0	0	0	0	0	0	0	0	1	2	1	1	1	0	0	0	0	0	0	0	1	0	0	0	0	0	0	0	0	0	0	0	1	1	2	0	0	0	0	2	0	0	0	1	0	1	1	0	1	1	0	1	0	2	0	0	0	0	0	59	0	1	0	0	1	1	0	0	1	0	1	0	0	1	1	0	0	0	2	1	1	0	0	0	1	0	0	1	0
Ins3:U3:R3	0	0	0	0	0	0	0	0	0	0	0	0	0	0	0	0	0	0	0	0	0	0	0	0	0	0	0	0	0	0	0	0	0	0	0	0	1	1	0	0	2	0	0	0	0	0	0	0	0	1	0	0	0	0	0	0	0	1	0	0	0	0	0	1	0	0	0	0	0	0	1	0	0	0	0	1	1	0	0	0	0	0	1	0	0	0	0	0	0	0	0	0	0	0	0	0	0	0	0	0	0	0	0	0	1	0	1	0	1	0	0	0	0	0	0	0	0	0	0	0	0	0	0	0	0	0	1	0	0	0	0	0	0	0	0	0	0	1	0	0	0	0	0	1	0	0	0	0	0	0	0	0	0	0	0	0	0	0	0	0	0	0	0	0	0	0	0	0	0	1	0	0	0	0	0	0	0	0	0	0	0	0	0	0	0	0	0	0	0	0	0	0	0	0	0	0	0	0	0	0	0	0	0	0	0	0	0	0	0	0	0	0	0	0	0	0	0	0	0	0	0	0	0	0	0	0	0	0	0	0	0	0	0	0	0	0	0	0	0	0	1	0	0	0	0	0	0	0	0	0	4	0	0	0	0	0	0	0	0	0	0	0	0	0	1	0	1	0	0	0	0	0	0	0	1	0	0	0	0	1	0	0	0	0	1	0	0	0	0	0	0	0	0	0	0	0	0	0	0	0	1	0	0	0	0	0	0	1	0	0	0	0	0	0	0	0	0	0	0	0	0	0	0	3	0	0	0	0	0	0	0	0	0	0	1	0	0	1	0	0	0	0	0	0	0	0	0	0	0	0	0	0	0
Ins3:U3:R4	0	0	0	0	1	0	0	0	1	0	0	0	0	1	0	0	0	0	0	0	1	0	0	0	0	0	0	0	0	0	1	1	1	0	0	0	0	0	0	0	13	0	0	0	0	1	0	0	0	5	0	0	0	0	0	0	0	0	1	0	0	0	0	0	0	0	0	0	0	1	0	0	1	0	1	0	1	0	0	0	0	0	2	0	0	0	0	0	0	0	0	0	0	0	0	0	0	0	1	0	0	0	0	0	0	0	0	1	0	0	0	0	0	1	0	0	0	0	0	0	0	0	0	0	1	0	0	1	0	0	0	0	0	0	1	0	0	2	0	0	0	0	0	0	0	0	0	1	0	0	0	0	0	0	0	0	0	0	0	0	0	0	0	0	0	0	0	0	0	2	0	0	0	0	0	0	1	0	0	0	0	0	0	0	0	0	0	0	0	0	0	0	0	0	0	0	1	0	0	0	1	0	0	0	0	0	0	0	0	0	0	0	0	0	0	0	0	0	0	0	0	0	0	0	0	0	0	1	0	0	0	0	0	0	0	0	0	1	0	0	0	0	0	0	0	0	0	0	0	0	5	0	0	0	0	0	0	0	0	0	0	0	0	0	0	0	0	0	0	0	0	0	0	0	0	2	0	0	0	0	0	0	0	0	0	0	0	0	0	0	0	0	0	0	0	1	0	0	1	0	0	0	0	1	0	0	0	0	0	0	1	0	0	0	0	0	0	1	0	0	0	0	0	0	0	0	1	0	0	0	0	0	0	0	0	0	0	0	3	1	1	1	0	0	1	0	0	0	0	0	0	0	0
Ins3:U3:R(5,9)	0	0	1	0	1	0	1	0	1	0	3	0	1	1	1	1	0	0	0	1	10	0	0	0	0	0	0	0	5	1	1	5	1	0	0	2	1	15	0	1	69	2	1	0	0	0	0	1	1	58	0	0	1	0	0	1	0	2	0	0	0	0	0	4	0	0	0	0	1	1	2	0	0	0	0	0	4	0	0	0	0	0	5	0	2	1	0	1	1	1	0	0	0	2	0	0	0	0	2	2	1	0	0	2	1	0	0	5	1	0	2	3	0	0	0	0	1	0	0	1	0	0	3	2	2	0	0	0	0	0	1	0	0	0	1	0	0	1	0	0	0	0	0	0	1	5	0	2	0	0	1	0	0	1	0	1	0	1	3	0	0	0	3	0	1	0	0	0	0	2	2	4	0	0	0	3	0	1	0	1	2	0	1	7	0	0	0	0	0	0	5	0	0	1	0	1	3	0	1	0	1	2	3	0	2	2	0	0	0	0	0	1	0	0	0	0	0	0	5	0	0	0	1	2	1	1	1	2	0	0	0	0	1	3	0	1	2	0	2	0	3	1	0	1	0	0	0	0	3	0	64	0	6	0	0	0	8	0	0	0	1	1	0	0	0	0	0	0	0	1	3	0	0	0	0	3	2	0	0	0	1	0	1	0	4	1	0	0	0	1	0	0	0	0	0	2	0	0	4	0	1	0	0	6	0	0	0	3	0	0	3	0	0	0	0	5	0	1	2	0	0	1	0	2	0	0	0	1	0	0	0	0	0	0	3	0	0	4	2	0	0	35	1	1	1	2	1	0	3	0	1	0	1
Ins4:U1:R1	0	0	0	0	0	0	0	0	0	0	0	0	0	0	0	0	0	0	0	0	0	0	0	0	0	0	0	0	0	1	0	0	0	0	0	0	0	0	0	0	0	0	0	0	0	0	0	0	0	2	0	0	0	0	0	0	0	0	0	0	0	0	0	0	0	0	0	0	0	0	0	0	0	0	0	0	0	0	0	0	0	0	0	0	0	0	0	0	1	0	0	0	0	0	0	0	0	0	0	0	0	0	0	0	0	0	0	0	0	0	0	0	0	0	0	0	0	0	0	0	0	0	0	0	0	0	0	0	0	0	1	0	0	0	0	0	0	0	0	0	0	0	0	0	0	0	0	0	0	0	0	0	0	0	0	1	0	0	0	0	0	0	0	0	0	0	1	0	0	0	0	0	0	0	0	0	0	0	0	1	0	0	0	1	0	0	0	0	0	0	0	0	0	0	0	0	0	0	0	0	0	0	0	1	0	0	0	0	0	0	0	0	0	0	0	0	0	0	0	0	0	0	0	0	0	0	0	0	0	0	0	0	0	0	0	0	0	0	0	0	0	0	0	0	0	0	0	0	0	0	0	0	0	1	0	0	0	0	0	0	0	0	0	0	0	0	0	0	0	0	0	0	0	0	0	0	0	0	0	0	0	0	0	0	0	1	0	0	0	0	0	0	0	0	0	0	0	0	0	0	0	0	0	0	0	0	0	0	0	0	0	0	0	0	0	0	0	0	0	0	0	0	0	0	0	0	0	0	0	0	0	0	0	0	0	0	0	0	0	0	0	0	0	0	0	0	0	0	0	1	0	0	0
Ins4:U1:R2	0	0	0	0	0	0	0	0	0	0	0	0	0	0	0	0	0	0	0	0	0	0	0	0	0	0	0	0	1	0	0	0	0	0	0	0	0	0	0	0	0	0	0	0	0	0	0	0	0	8	0	0	0	0	0	0	0	0	0	0	1	0	0	0	0	0	0	0	1	0	0	0	1	0	0	0	0	0	0	0	0	0	0	0	0	0	0	0	0	0	0	0	0	0	0	1	0	0	0	0	0	0	0	0	0	0	0	0	0	0	0	1	0	0	0	0	0	0	0	0	0	1	0	0	0	0	0	0	0	0	0	0	0	0	0	0	0	0	0	0	0	0	0	0	0	0	0	1	0	0	0	0	0	0	0	0	0	0	0	0	0	0	0	1	0	0	0	0	0	0	0	0	0	0	0	0	0	0	0	0	0	0	0	0	0	0	0	0	0	0	0	0	0	0	0	0	0	0	0	0	0	0	0	0	0	0	0	0	0	0	0	0	0	0	0	0	0	0	0	0	0	0	0	0	0	0	0	0	0	0	0	0	0	0	0	0	0	0	0	0	0	1	0	0	0	0	0	0	0	0	0	0	0	0	0	0	0	0	0	0	0	0	0	0	0	0	0	0	0	0	0	0	0	0	0	0	0	0	0	0	0	0	0	0	0	0	0	0	0	1	0	0	0	0	0	0	0	0	0	0	0	0	0	0	0	0	0	0	0	0	0	0	0	0	1	0	0	0	0	0	0	0	0	0	0	0	0	0	0	0	0	0	0	0	0	0	0	0	0	0	0	0	0	0	0	0	0	0	0	0	0	0	0
Ins4:U1:R3	0	0	0	0	0	0	0	0	0	0	0	0	0	1	0	0	0	0	0	0	1	0	0	0	0	0	0	0	0	0	0	0	0	0	0	0	0	0	0	0	0	0	0	0	0	1	0	0	0	13	2	1	0	1	0	0	2	0	0	0	0	0	0	0	0	0	1	0	1	0	1	0	1	0	1	0	1	0	0	1	0	0	0	0	0	1	0	2	0	0	0	0	0	0	1	0	0	1	0	0	0	1	1	0	0	0	0	1	0	0	0	4	0	0	0	0	0	0	0	0	0	0	0	1	0	0	0	3	0	0	1	0	0	0	0	0	1	0	0	0	0	0	0	0	0	0	0	0	0	0	4	0	1	0	0	0	0	0	0	2	0	0	0	0	0	0	0	0	0	0	1	0	0	0	0	0	0	0	0	0	0	1	0	1	0	0	0	0	0	2	0	0	0	1	0	0	0	0	0	0	0	0	0	0	2	0	0	0	0	1	0	0	1	0	0	0	0	0	1	0	0	2	0	0	0	0	0	0	0	0	0	0	0	0	0	0	1	0	0	0	0	0	0	0	1	0	0	0	0	0	1	0	0	0	0	0	0	0	0	0	0	0	1	0	0	1	0	0	0	0	0	1	0	0	1	0	1	0	1	1	0	0	0	0	1	0	0	1	0	1	1	0	0	0	0	1	0	2	1	0	0	0	0	0	0	0	0	1	0	0	0	0	0	0	0	0	0	0	0	0	0	0	2	0	0	2	0	0	0	0	0	0	0	0	0	0	0	0	0	0	0	1	0	0	0	0	0	0	0	0	0	0	0
Ins4:U1:R4	0	0	0	0	0	0	0	0	0	0	0	0	0	0	0	0	0	0	0	0	0	0	0	0	0	0	0	0	0	0	0	1	0	0	0	0	0	0	0	0	0	0	0	0	0	0	0	0	0	1	0	0	0	0	0	0	0	0	0	0	1	0	0	0	0	0	0	0	0	0	0	0	0	0	0	0	0	0	0	0	0	0	0	0	0	0	0	0	0	0	0	0	0	0	0	0	0	0	0	0	0	1	0	0	0	0	0	0	0	0	0	0	0	0	0	0	0	0	0	0	0	0	0	0	0	0	0	1	0	0	0	0	0	0	0	0	0	0	0	0	0	0	0	0	0	1	0	0	0	0	0	0	0	0	0	0	1	0	0	0	0	0	0	0	0	0	0	0	0	0	0	0	0	0	0	0	0	0	0	0	0	0	0	0	0	0	0	0	0	0	1	0	0	0	0	0	0	0	0	0	1	0	0	0	0	0	0	0	0	0	0	0	0	0	0	0	0	0	0	0	0	0	0	0	0	0	0	0	0	0	0	0	0	0	0	0	0	1	0	0	0	0	1	0	1	0	0	0	0	0	0	0	0	0	0	0	0	0	0	0	0	0	0	0	0	0	0	0	0	0	0	0	0	0	0	0	0	0	0	0	0	0	0	0	0	0	0	0	0	0	0	0	0	0	0	0	0	0	0	0	0	0	0	0	0	0	0	0	0	0	0	0	0	0	0	0	0	0	0	0	0	0	0	0	1	0	0	0	0	0	0	0	0	0	0	0	0	0	0	0	0	0	0	0	0	0	1	0	1	0	0	0	0
Ins4:U1:R(5,9)	1	0	0	0	0	0	0	0	0	0	0	0	0	0	1	0	0	0	0	0	0	0	0	0	0	0	0	0	0	0	0	0	0	0	0	1	1	0	0	0	0	0	0	1	0	0	0	0	0	4	0	0	0	1	0	0	0	0	0	0	0	1	0	0	0	0	0	0	0	0	1	0	0	0	0	0	1	0	0	0	0	0	2	1	0	0	0	1	0	0	0	0	0	0	0	0	0	0	0	0	0	0	0	0	1	0	0	0	0	0	0	0	0	1	0	0	3	0	0	0	0	0	0	0	1	0	2	0	0	0	0	0	0	0	0	0	1	1	0	0	0	1	0	1	0	1	0	0	1	0	1	1	0	0	0	0	0	0	0	0	0	0	0	0	0	0	0	0	0	1	0	1	0	0	0	1	0	0	0	0	0	0	0	0	0	0	0	0	0	0	1	0	0	0	0	0	2	0	0	0	0	0	0	0	0	1	0	0	0	0	0	1	0	0	1	0	0	0	2	0	0	0	1	0	1	1	0	0	0	1	0	0	0	0	0	0	1	0	0	0	0	0	0	0	0	0	0	0	0	0	1	0	0	0	0	0	0	0	0	0	0	0	0	1	0	0	0	0	0	0	0	0	0	0	0	0	2	0	0	0	0	1	0	0	2	0	0	0	0	1	1	0	0	0	0	0	0	0	0	0	0	0	0	0	0	0	0	0	0	0	0	0	0	1	0	2	0	0	0	0	0	0	0	0	1	0	0	0	0	0	0	0	0	0	1	1	0	0	0	0	0	0	0	0	1	0	0	0	1	0	0	0	0
Ins4:U2:R1	0	0	0	0	0	0	0	0	0	0	0	0	0	0	0	0	0	0	0	0	0	1	0	0	0	0	0	0	0	0	1	1	1	0	0	0	0	0	0	0	0	0	0	0	0	0	0	0	0	1	0	0	0	0	0	0	0	0	0	0	0	0	0	0	0	0	0	0	0	0	2	0	0	0	0	0	0	0	0	0	1	0	0	0	0	0	0	0	0	0	0	0	0	0	1	0	0	0	0	0	0	0	0	0	0	0	0	0	0	0	1	0	0	0	0	0	0	0	0	0	0	0	0	0	0	0	0	0	1	0	0	0	0	1	0	0	0	0	0	0	0	1	0	0	0	0	0	0	0	0	0	0	0	0	0	0	0	0	0	0	0	0	0	0	0	0	0	0	0	0	0	0	0	0	0	0	0	0	0	0	0	0	0	0	0	0	0	0	0	0	0	0	0	1	0	0	0	0	0	0	0	0	1	1	0	0	0	0	0	0	0	0	0	0	0	0	0	0	0	0	0	0	0	0	0	0	0	0	0	0	0	0	0	0	0	0	0	0	0	0	0	0	0	0	0	0	0	0	0	0	0	0	0	0	0	0	1	0	0	0	0	0	0	0	0	1	0	0	0	0	0	0	0	0	0	0	0	0	0	0	0	1	0	0	1	0	0	0	0	0	0	0	0	0	0	0	0	0	0	0	0	0	0	0	0	0	0	0	0	0	0	1	0	0	0	0	0	0	0	0	0	0	0	0	0	0	0	0	0	0	1	0	0	0	0	0	0	0	0	0	0	0	0	1	0	0	0	0	0	1	0	0	0
Ins4:U2:R2	0	0	0	0	0	0	0	0	0	0	0	0	0	0	0	0	0	0	0	0	0	0	0	0	0	0	0	0	0	0	0	0	0	0	1	0	0	0	1	1	1	0	1	0	0	0	0	1	1	1	1	0	0	0	0	0	0	0	0	0	0	0	0	0	0	0	0	0	0	0	1	0	0	0	1	0	0	0	0	0	1	0	0	1	0	0	0	0	0	0	0	0	0	2	0	0	0	1	0	0	0	0	0	0	0	0	0	0	0	1	0	0	1	0	1	0	0	1	0	0	0	0	0	2	1	0	0	0	1	0	0	0	0	0	0	0	1	0	0	0	0	0	1	1	1	0	0	0	0	0	0	0	0	0	0	0	0	0	1	0	0	0	0	0	0	0	0	0	1	1	0	1	0	1	0	0	0	0	1	0	0	0	0	0	0	0	0	0	0	0	1	0	0	0	0	0	0	0	0	0	0	1	0	0	0	0	0	0	0	0	0	1	0	0	0	1	0	0	0	1	0	0	0	0	1	0	0	0	0	0	1	0	0	0	0	0	0	0	0	0	0	0	0	0	0	0	0	0	1	0	0	0	1	0	0	0	0	0	0	0	0	0	0	0	1	0	1	0	0	0	0	0	0	0	0	1	0	0	0	0	0	0	0	0	0	0	0	0	1	0	0	0	0	0	0	0	0	0	0	0	0	0	0	1	0	0	0	0	0	0	0	0	0	0	0	0	0	0	0	0	0	0	0	20	0	0	2	2	0	0	1	0	0	0	0	0	0	0	0	0	0	0	0	1	0	0	0	0	0	0	0	0	0
Ins4:U2:R3	0	0	0	0	0	0	0	0	0	0	0	0	0	0	0	0	0	0	0	0	0	0	0	0	0	0	0	0	1	2	0	0	0	0	0	1	0	0	0	0	2	0	0	0	0	0	0	0	0	2	0	0	0	0	0	0	1	0	0	0	0	0	0	1	0	0	0	0	0	0	0	0	0	0	0	0	2	1	0	0	0	0	0	1	0	0	1	0	0	0	1	0	0	0	0	0	0	0	0	0	0	0	0	0	0	0	0	0	0	0	0	0	0	0	0	0	0	0	0	0	1	0	0	0	0	0	0	0	0	0	1	0	0	0	1	0	0	1	0	0	0	1	0	0	0	1	1	0	0	0	0	0	0	0	0	0	0	0	0	0	0	0	0	0	0	0	0	0	0	1	0	0	0	0	0	0	0	1	0	0	0	0	0	0	0	0	0	0	0	0	1	0	0	0	0	0	0	0	0	0	0	0	1	0	0	0	0	0	0	0	0	0	0	0	0	0	0	0	0	0	0	0	0	0	0	0	0	0	0	0	0	0	0	1	0	0	0	1	0	0	0	0	0	0	0	0	0	0	0	0	1	1	0	0	0	0	0	0	0	0	1	0	0	0	0	0	0	0	0	0	0	0	0	0	1	0	1	0	0	0	0	0	0	0	0	1	0	0	0	0	0	2	0	0	0	0	0	0	0	0	0	0	0	0	0	0	0	0	0	0	0	0	0	0	0	0	0	1	0	0	0	0	0	9	0	0	0	0	0	1	0	0	0	0	0	0	0	0	0	0	0	0	0	0	0	0	0	0	1	0	0	0	0
Ins4:U2:R4	0	0	0	0	0	0	0	0	0	0	0	0	0	0	0	0	0	0	0	0	0	0	0	0	0	0	0	0	0	0	0	0	0	0	0	0	0	0	0	0	1	0	0	1	0	0	0	0	0	1	0	0	0	0	0	0	0	0	0	0	0	0	0	0	0	0	0	0	0	0	0	0	0	0	0	0	0	0	0	0	0	1	0	0	0	0	0	0	0	0	0	0	0	0	0	0	0	0	0	0	0	0	0	0	1	0	0	0	0	1	0	0	0	0	0	0	0	0	0	0	0	0	0	0	1	0	1	0	0	0	0	0	0	0	0	0	0	1	0	0	0	0	1	0	0	0	0	0	0	0	0	0	0	0	0	0	0	0	0	0	0	0	0	0	0	0	0	0	0	0	0	1	0	0	0	0	0	0	0	0	0	0	0	0	0	1	0	0	1	0	0	0	0	0	0	0	0	0	0	0	1	0	0	0	0	0	0	0	0	0	0	0	0	0	0	0	0	0	0	0	0	0	0	0	0	0	0	0	0	0	0	0	0	0	0	0	0	0	0	0	0	1	0	0	0	0	0	0	0	0	2	0	1	0	0	0	0	1	1	0	0	0	1	0	1	0	0	0	0	1	0	0	0	0	1	0	0	0	0	0	1	0	0	0	0	1	0	0	0	0	0	0	0	1	0	1	0	0	0	1	0	1	1	0	0	0	0	0	0	1	0	0	1	0	0	0	0	0	0	0	0	0	0	6	0	0	0	0	1	0	0	0	0	0	0	0	0	0	0	0	0	1	1	0	0	0	0	0	0	0	0	0	0
Ins4:U2:R(5,9)	0	0	0	0	0	0	0	0	0	0	0	0	0	0	0	0	0	0	0	0	1	0	0	0	0	0	0	0	1	0	1	1	1	0	0	3	0	4	0	0	44	0	0	0	0	0	2	0	1	14	0	0	0	0	0	0	0	0	0	0	0	0	0	1	0	0	0	0	0	0	0	0	0	1	0	0	0	0	0	0	0	0	1	0	0	0	0	1	1	0	0	0	0	0	0	0	0	0	0	0	0	0	0	0	0	1	0	2	0	0	3	1	0	0	0	0	1	0	0	2	0	1	1	0	0	0	0	0	0	0	1	0	0	0	0	0	0	0	0	0	0	0	0	0	0	4	0	0	0	0	2	0	0	0	0	1	0	0	0	0	0	0	0	0	0	0	0	0	0	1	0	4	0	0	0	0	0	0	0	0	0	0	0	2	0	1	0	0	0	1	2	0	0	0	0	0	2	0	0	0	0	0	3	0	1	0	0	0	0	0	0	1	2	1	0	0	1	0	0	1	0	0	0	0	0	0	0	2	0	1	0	0	0	0	0	0	0	0	0	0	0	0	2	0	0	0	0	0	0	0	23	0	0	1	0	0	1	0	0	1	0	0	0	1	0	0	0	0	0	0	0	0	0	0	0	1	0	0	0	0	0	0	1	0	0	0	1	0	0	0	0	0	0	0	0	0	0	0	0	1	0	0	1	0	0	1	0	0	0	0	1	0	0	0	0	0	0	0	1	1	0	1	0	3	0	1	0	2	0	0	0	0	0	0	0	0	0	1	0	0	0	8	1	1	0	1	2	0	0	1	0	0	0
Ins4:U4:R1	2	0	2	1	1	0	3	2	3	1	0	4	10	4	0	2	0	3	0	2	10	0	1	0	0	0	2	2	2	3	5	2	5	3	2	6	3	1	0	0	6	1	0	1	1	0	2	2	3	12	0	0	2	2	0	4	1	2	2	0	4	3	2	6	1	0	1	1	1	2	8	1	2	0	8	3	4	0	1	3	2	2	12	5	3	3	1	1	1	1	1	4	0	3	0	0	0	0	5	2	0	3	6	1	0	0	2	5	2	1	5	3	0	1	0	1	3	1	1	2	0	0	5	2	3	1	0	1	1	0	0	1	1	1	2	1	2	3	0	0	0	2	3	3	2	12	0	5	1	1	1	0	2	1	0	3	1	0	2	0	0	3	3	2	1	3	1	1	3	4	2	9	0	1	0	0	2	2	0	0	5	4	1	5	1	1	0	1	2	3	11	1	3	2	2	1	7	1	1	0	1	3	6	0	1	1	0	2	1	3	1	1	1	3	1	5	0	2	4	0	1	0	0	3	1	1	5	2	0	0	0	1	2	0	1	0	4	3	5	0	2	2	3	1	0	2	2	2	2	2	2	2	3	0	0	0	9	1	0	3	1	4	1	0	2	1	0	1	0	2	3	0	1	1	1	6	5	1	0	2	0	0	0	0	5	5	0	2	0	0	0	2	3	0	0	6	2	5	10	0	1	0	2	4	0	1	1	0	0	4	9	0	0	1	2	3	0	5	3	0	1	0	0	532	0	3	4	4	2	4	3	3	0	0	2	1	2	2	1	1	3	4	4	3	6	2	2	0	1	0	0	6	1
Ins4:U4:R2	0	0	0	0	0	0	0	0	0	0	0	0	0	1	0	0	0	0	0	0	1	1	0	0	0	0	0	0	0	0	1	0	0	0	0	0	2	0	0	0	2	1	0	0	0	1	0	0	0	1	0	0	0	1	1	1	0	0	0	0	0	0	0	2	0	0	0	0	0	2	1	0	0	0	1	2	0	0	0	0	0	0	1	0	0	0	0	1	0	0	0	0	0	1	0	0	0	0	0	0	0	0	0	1	0	0	0	2	0	0	0	0	0	0	0	0	0	0	1	0	1	0	0	0	0	0	0	0	0	1	1	0	0	1	1	0	0	2	1	0	0	0	0	1	0	1	0	0	1	0	0	0	0	0	0	0	0	0	0	0	0	0	0	0	0	0	0	0	0	0	0	0	0	0	0	0	0	0	1	0	2	0	0	1	0	0	0	0	0	0	1	0	0	1	0	0	1	0	0	1	0	1	0	0	0	0	0	0	0	1	0	0	1	0	0	0	0	0	0	0	0	0	0	0	0	0	0	0	1	0	0	0	1	1	0	0	0	0	1	0	2	0	0	0	0	0	0	0	1	0	1	0	0	0	0	0	1	0	0	0	0	0	1	0	0	0	0	0	0	0	0	0	0	0	0	1	0	0	1	1	0	0	0	0	1	0	0	0	0	0	0	2	0	0	0	0	0	0	0	1	2	0	0	0	1	0	0	2	0	0	0	1	1	0	0	1	0	1	0	0	0	0	0	14	0	1	0	0	0	0	0	0	0	0	0	0	0	1	0	0	1	2	0	1	0	0	0	0	0	0	0	0	0
Ins4:U4:R3	0	0	0	0	0	0	0	0	0	0	0	0	0	0	0	0	0	0	0	0	2	0	0	0	0	0	0	0	0	0	0	3	0	0	0	0	0	0	0	0	4	0	0	0	0	0	0	0	1	3	0	0	0	0	0	0	0	0	0	0	0	0	0	0	0	0	0	0	0	0	0	0	0	0	0	0	2	0	0	0	0	0	1	0	0	0	0	0	0	0	0	0	0	0	0	0	0	0	1	1	0	0	1	1	0	0	0	1	2	0	0	1	0	0	0	0	0	0	1	0	1	0	0	0	0	0	0	1	0	0	0	0	0	0	0	0	0	0	0	0	0	0	1	0	0	0	0	0	0	0	1	0	1	0	0	0	0	0	0	0	0	0	0	0	0	0	0	0	0	5	0	0	0	0	0	1	0	0	0	0	2	0	0	1	1	0	1	0	0	0	0	0	0	0	0	0	0	0	0	0	1	0	0	0	1	0	0	0	0	1	0	0	0	1	0	0	0	0	0	1	0	0	0	0	0	0	0	0	0	0	0	0	1	0	0	0	0	0	0	1	0	0	0	0	0	0	0	0	0	0	3	0	0	0	0	0	1	0	0	0	0	1	0	0	0	1	1	0	0	0	0	0	0	0	0	1	0	0	0	0	0	0	1	0	2	0	0	0	0	1	0	0	0	1	0	0	0	0	0	0	0	0	0	0	0	0	0	0	0	1	0	0	0	0	0	1	0	1	0	0	0	0	0	0	0	0	0	1	0	0	0	0	0	0	0	0	0	0	0	0	0	3	1	0	0	1	0	0	0	0	0	0	1
Ins4:U4:R4	0	0	0	0	1	0	1	0	0	0	0	0	1	1	0	0	0	0	0	0	2	0	0	0	0	1	0	0	1	0	1	2	0	0	1	0	0	2	0	0	12	1	0	0	1	0	0	0	1	10	0	0	0	0	0	0	0	0	0	0	0	0	0	3	0	0	0	1	0	0	1	0	0	0	0	0	2	0	0	0	0	0	1	0	1	0	0	1	1	0	0	0	0	1	0	2	0	0	0	0	0	0	0	0	0	0	0	2	3	0	0	1	0	0	0	0	2	0	0	0	1	0	1	0	0	0	1	1	0	0	0	0	0	0	0	0	0	0	0	0	0	0	0	1	1	2	1	1	0	0	0	0	0	0	0	1	0	0	1	0	0	0	1	0	0	1	0	0	0	1	1	0	0	0	0	1	0	0	0	1	1	0	0	1	0	0	0	0	0	0	2	0	0	0	0	0	1	0	2	0	0	0	0	0	0	1	0	0	0	1	0	1	1	1	0	0	0	0	0	0	0	0	0	0	0	1	0	0	0	0	0	0	0	0	0	0	0	1	0	1	0	0	0	0	0	0	0	2	0	0	6	0	0	0	0	0	0	0	0	0	0	1	0	0	0	0	0	0	0	1	2	0	0	0	0	0	0	0	0	0	0	0	1	0	1	2	0	1	0	0	0	0	0	0	0	0	1	0	0	0	0	0	0	1	1	0	0	0	0	0	4	0	0	0	0	0	0	2	1	0	0	0	0	0	1	0	0	0	0	0	0	0	0	0	1	0	0	0	0	0	1	2	0	1	0	1	0	0	4	0	0	0	0
Ins4:U4:R(5,9)	2	0	1	0	0	1	0	0	0	0	1	0	2	1	0	1	0	0	0	1	5	1	0	0	0	0	1	0	2	0	2	1	1	0	0	0	0	2	0	0	26	0	2	0	0	0	1	0	0	24	0	1	0	1	0	0	0	1	0	0	0	1	0	4	0	0	0	0	0	1	0	0	0	0	0	1	1	0	0	0	0	0	2	0	2	0	0	0	1	0	1	1	0	2	1	0	0	0	1	3	0	1	0	0	0	0	0	3	0	0	3	0	1	0	1	0	0	0	0	0	1	0	2	0	1	0	1	0	0	1	0	0	0	1	3	0	1	1	0	0	0	0	0	0	0	6	0	2	1	0	0	0	2	0	0	2	1	0	2	0	0	5	1	0	0	1	0	0	2	3	1	3	0	0	0	0	0	0	0	1	2	1	0	4	0	0	0	1	0	1	7	0	0	0	0	0	2	0	2	0	7	0	0	0	0	0	0	0	0	0	0	1	0	0	0	1	0	0	4	1	0	0	1	0	1	1	0	1	0	0	0	0	3	3	0	1	1	0	0	1	0	0	0	0	1	0	0	0	1	0	15	1	3	2	0	0	9	0	0	0	0	0	0	1	1	1	0	0	0	0	1	0	0	0	0	0	0	1	0	0	0	0	2	0	8	0	0	0	0	0	0	0	0	0	0	0	0	2	4	0	0	0	0	2	1	1	0	1	1	3	4	2	0	0	2	3	0	0	1	0	0	0	0	0	0	0	2	0	0	0	0	1	0	1	0	0	0	1	2	0	1	15	1	2	2	0	1	0	1	0	0	0	1
Ins(5,):U1:R1	0	0	0	0	0	0	0	0	0	0	0	0	0	0	0	0	0	0	0	0	0	0	0	0	0	0	0	0	0	2	0	1	0	0	0	1	0	0	0	0	0	1	0	0	1	0	0	0	0	1	0	0	0	0	0	1	1	0	0	0	0	0	0	2	0	0	0	0	0	0	0	0	0	0	0	0	0	0	0	1	0	0	0	1	0	0	0	0	0	0	0	1	0	0	0	0	0	0	0	0	0	0	0	0	0	0	0	1	0	0	0	0	0	0	0	0	1	0	0	0	0	0	1	0	0	0	0	0	0	0	1	0	0	0	0	0	0	0	0	0	0	0	0	0	0	0	1	0	1	0	0	0	1	1	0	0	0	0	0	0	0	0	0	0	0	0	0	0	0	0	0	0	0	0	0	0	0	0	0	0	0	1	0	0	1	0	0	0	0	0	0	0	0	0	0	0	0	0	1	1	0	0	0	0	0	1	0	0	0	0	0	0	0	1	1	0	0	0	1	1	0	0	0	0	0	0	0	0	2	0	1	0	0	0	0	0	0	0	1	1	1	0	0	0	1	0	0	0	0	0	0	0	0	0	0	1	0	1	0	0	0	0	0	0	0	1	1	0	0	0	0	0	0	0	0	0	0	0	0	0	0	0	0	0	0	0	0	0	0	0	0	0	0	0	0	0	0	0	0	0	0	0	0	0	0	0	0	0	1	0	1	0	0	0	0	0	0	1	1	0	0	0	0	1	1	0	0	0	0	0	0	0	0	1	0	0	0	0	0	0	0	0	0	0	0	0	0	0	0	0	0	0	0
Ins(5,):U1:R2	0	0	0	0	0	0	0	0	0	0	0	0	0	0	0	0	0	0	0	0	0	0	0	0	0	0	0	0	0	0	0	0	0	0	0	2	0	0	0	0	0	0	0	0	0	0	0	0	0	2	0	0	0	0	0	0	0	0	0	0	0	1	0	0	0	0	0	0	0	1	0	0	0	0	0	0	0	0	0	0	0	0	1	0	0	0	0	0	0	1	0	0	0	0	0	0	0	0	0	0	0	0	0	0	0	0	0	0	0	0	0	0	0	0	0	0	0	0	0	0	0	0	0	1	0	0	0	0	0	0	0	0	1	0	0	0	0	0	0	0	0	0	0	0	0	0	0	0	0	0	0	0	0	0	0	0	0	0	0	0	0	1	0	0	0	0	0	0	0	0	0	1	0	0	0	0	0	0	0	0	0	0	0	0	0	0	0	0	0	0	2	0	0	0	0	0	0	0	0	0	0	0	0	0	0	0	1	0	0	0	0	0	1	0	0	0	0	0	0	0	0	0	0	0	0	0	0	0	0	1	0	0	0	0	0	0	0	0	0	0	0	0	0	0	0	0	0	0	0	1	0	0	0	0	0	0	0	0	0	1	0	1	0	0	0	0	0	0	0	0	0	0	0	0	0	0	1	0	0	0	0	0	0	0	0	0	0	0	0	0	0	0	0	0	0	0	0	0	0	0	0	0	0	0	0	0	0	0	0	0	1	0	0	0	0	0	0	0	0	0	0	0	0	1	0	0	0	0	0	0	0	0	0	0	0	0	0	0	0	0	0	1	0	0	0	0	0	0	0	0	0	0	1
Ins(5,):U1:R3	0	0	0	0	0	0	0	0	0	0	0	0	0	0	0	0	0	0	0	0	1	0	0	0	0	0	0	0	0	0	1	0	0	0	0	0	0	0	0	0	0	0	0	0	0	0	0	0	0	1	1	0	0	0	0	0	0	1	0	0	0	0	1	0	0	0	0	0	0	0	0	0	0	0	0	0	0	0	0	0	0	1	0	0	0	0	0	0	0	0	0	0	0	0	0	0	0	0	0	0	0	0	0	0	0	0	0	0	0	0	0	0	0	1	0	0	0	0	0	0	0	0	0	0	0	0	0	0	0	0	0	0	0	0	0	0	0	0	0	0	0	0	0	0	0	0	0	0	0	0	0	0	0	0	0	0	0	0	1	0	0	0	0	0	0	0	0	0	0	1	0	0	0	0	0	0	0	0	0	0	0	0	0	0	0	0	0	0	0	0	0	0	0	0	0	0	0	0	0	0	1	1	0	0	0	0	0	0	0	0	0	0	0	0	0	0	0	0	0	0	0	0	0	0	0	0	0	0	0	1	0	0	0	0	0	0	0	0	0	0	0	0	0	0	0	0	0	0	0	0	0	0	0	0	0	0	0	0	0	0	0	0	0	0	0	0	0	1	0	0	0	0	0	1	0	0	0	0	0	0	0	0	0	0	0	0	0	0	0	1	0	0	0	0	0	0	0	0	0	0	0	0	0	0	0	0	0	0	0	0	0	0	0	0	0	0	0	0	0	0	0	0	1	0	0	0	0	0	0	0	0	0	0	0	0	1	0	0	0	0	0	0	0	0	0	0	0	0	0	1	0	0	0
Ins(5,):U1:R4	0	0	0	0	0	0	0	0	0	0	0	0	0	0	0	0	0	0	0	0	0	0	0	0	0	0	0	0	0	0	0	1	0	0	0	0	0	0	0	0	0	0	0	0	0	0	1	0	0	1	0	0	0	0	0	0	0	0	0	0	0	0	0	0	0	0	0	0	0	0	1	0	0	0	0	0	0	0	0	0	0	0	0	0	0	0	0	0	0	1	0	0	0	0	0	0	0	0	0	0	0	0	0	0	0	0	0	0	0	0	0	0	0	0	0	0	1	0	0	0	0	0	0	0	0	0	0	0	0	0	0	0	0	1	0	0	0	0	0	0	0	0	0	1	0	0	0	0	0	0	0	0	0	0	0	0	0	0	0	0	0	0	0	0	0	0	0	0	0	0	0	1	0	0	0	1	0	0	0	0	0	0	1	0	0	0	0	0	0	0	0	0	0	0	0	0	0	0	0	0	0	0	0	0	0	0	0	0	1	0	0	0	0	0	0	0	0	0	0	0	0	0	0	0	0	0	0	0	0	1	0	0	0	2	0	0	0	0	0	0	0	0	0	0	0	0	0	0	0	0	0	0	0	0	0	0	2	0	0	0	0	0	0	0	0	0	0	0	0	0	0	0	0	1	0	0	0	0	0	0	1	0	0	0	0	0	0	0	0	0	0	0	0	0	0	0	1	0	0	0	0	0	0	0	0	0	0	0	0	0	0	0	0	0	0	0	0	0	0	0	0	0	0	0	0	1	0	0	0	1	0	0	1	0	0	0	0	0	0	0	0	0	0	0	0	0	0	0	0	0	0	0	0
Ins(5,):U1:R(5,9)	0	0	0	0	0	0	0	0	0	0	0	0	0	0	0	0	0	0	0	0	1	0	0	0	0	0	0	0	0	0	1	1	0	0	0	2	1	0	0	1	0	0	0	0	0	0	1	0	0	2	0	0	0	0	0	0	0	0	0	0	0	0	0	0	0	0	0	0	0	0	0	1	0	0	0	1	0	0	0	0	0	0	0	0	0	0	0	0	0	1	0	0	0	1	0	0	0	0	0	0	0	0	1	0	0	0	0	1	0	0	0	0	0	0	0	0	0	0	0	1	1	0	1	1	0	0	0	0	1	0	0	0	0	0	0	0	0	0	0	0	0	0	0	1	0	1	0	0	0	0	0	0	0	0	1	0	0	0	1	0	0	0	0	0	0	0	0	0	0	0	0	1	0	0	0	0	0	1	1	0	0	0	0	0	1	0	0	0	0	0	1	0	0	0	0	0	1	0	0	0	0	0	1	0	0	0	0	0	0	0	0	0	0	0	0	1	0	0	0	0	0	0	0	1	0	0	0	0	0	1	0	0	1	0	0	0	0	1	1	0	0	0	0	0	0	0	1	0	0	0	0	0	1	0	0	0	0	0	0	0	0	0	0	0	0	1	0	0	0	0	0	0	0	0	1	2	0	0	0	0	0	0	0	0	1	0	0	0	0	0	0	0	0	0	0	0	0	1	0	0	0	1	0	0	0	0	1	0	0	1	1	0	0	0	0	0	0	0	0	0	0	0	0	0	0	0	2	0	0	0	0	0	0	0	1	0	1	0	0	0	0	1	0	1	1	0	0	0	0	1	0	0	0
Ins(5,):U2:R1	0	0	0	0	0	0	0	0	0	0	0	0	0	0	0	0	0	0	0	0	0	0	0	0	0	0	0	0	0	0	0	0	0	0	0	0	0	0	0	0	0	0	1	0	0	0	0	0	0	2	0	1	0	0	0	0	0	0	0	0	0	0	0	0	0	0	0	0	0	0	0	0	0	0	0	0	0	0	0	0	0	0	0	0	0	0	0	0	0	0	0	0	0	0	0	0	0	0	0	0	0	0	0	0	0	0	0	0	0	0	0	0	0	0	0	0	0	1	0	0	0	0	0	0	0	0	0	0	1	0	0	0	0	1	0	0	0	0	0	0	0	0	0	0	0	0	0	0	0	0	0	0	1	0	0	0	0	0	0	0	0	0	0	0	0	0	0	0	1	0	0	0	0	0	0	0	0	0	0	0	0	0	0	0	0	0	0	0	0	0	0	0	0	0	0	0	0	0	0	0	0	0	1	0	0	0	0	0	0	0	0	0	0	0	0	0	0	0	0	0	0	0	1	0	0	0	0	0	0	0	0	0	0	0	0	0	0	0	0	0	0	0	0	0	0	0	0	0	0	0	0	0	0	0	0	0	0	0	0	0	0	0	0	0	0	0	0	0	0	0	0	1	0	0	0	0	0	0	0	0	0	0	0	0	0	1	0	0	0	0	0	0	0	1	0	0	0	0	0	0	0	1	0	0	0	0	0	0	0	0	0	0	0	0	0	0	0	0	0	0	0	0	0	0	0	0	0	0	0	0	0	0	0	0	0	0	0	0	0	0	0	0	0	0	0	1	0	0	0	0	0	0	0
Ins(5,):U2:R2	0	0	0	0	0	0	0	0	0	0	0	0	0	0	0	0	0	0	0	0	0	0	0	0	0	0	0	0	0	0	0	0	0	0	0	0	0	0	0	0	1	0	0	0	0	0	0	1	0	1	0	0	1	0	0	0	0	0	0	0	0	0	0	0	0	0	0	0	1	0	0	0	0	0	0	0	0	0	0	1	0	0	0	0	0	0	0	0	0	0	0	0	0	0	0	0	0	0	0	0	0	0	0	0	0	0	0	0	0	0	0	0	0	0	0	0	0	0	0	0	0	0	0	0	0	0	0	0	0	0	0	0	0	0	0	0	0	0	0	0	0	0	0	0	0	0	0	0	0	0	0	0	0	0	0	0	0	0	0	0	0	0	0	0	0	0	0	0	0	0	0	0	0	0	0	0	0	0	0	0	0	0	0	0	0	0	0	0	0	0	0	0	0	0	0	0	1	0	0	0	0	0	0	0	0	0	0	0	0	0	0	0	0	0	0	0	0	0	0	0	0	0	0	0	0	0	0	0	0	0	0	0	0	0	0	0	0	0	0	0	0	0	0	0	0	0	0	0	0	0	0	0	0	0	0	0	0	0	0	0	0	0	0	0	0	0	0	0	0	0	0	0	0	0	0	0	0	0	0	0	0	0	0	0	0	0	0	0	0	0	1	0	0	0	0	0	0	0	0	0	0	0	0	0	0	0	0	0	0	0	0	0	0	0	1	0	0	0	0	0	0	0	0	0	0	0	0	0	0	0	0	0	0	0	0	0	0	0	0	0	0	0	0	0	0	0	0	0	0	0	0	0	0
Ins(5,):U2:R3	0	0	0	0	0	0	0	0	0	0	0	0	0	0	0	0	0	0	0	0	0	0	0	0	0	0	0	0	0	0	0	0	1	0	0	0	0	0	0	0	1	0	0	0	0	0	0	0	0	1	0	0	0	0	0	0	0	0	1	0	0	0	0	0	0	0	0	0	0	0	0	0	0	0	0	0	0	0	0	0	0	0	0	0	0	0	0	0	0	0	0	0	0	0	0	0	0	1	0	0	0	0	0	1	0	0	0	0	0	0	0	0	0	0	0	0	0	0	0	0	0	0	0	0	0	0	0	0	0	0	0	0	0	0	0	0	0	2	0	0	0	0	0	0	0	0	0	0	0	0	0	0	0	0	0	0	0	0	0	0	0	0	0	1	1	0	0	0	0	0	0	0	0	0	0	0	0	0	0	0	0	0	0	0	0	0	0	0	0	0	0	0	0	0	0	0	0	0	0	0	1	0	0	0	0	0	0	0	0	0	0	0	0	0	0	0	0	0	0	0	0	0	0	0	0	0	1	0	0	0	0	0	1	0	0	0	0	0	0	0	0	0	0	0	0	0	0	0	0	0	2	1	0	0	0	0	0	0	0	0	0	0	0	0	0	0	0	0	0	0	0	0	0	0	0	0	0	0	0	0	0	0	0	0	0	0	1	0	0	0	0	0	0	0	0	0	0	0	0	0	0	0	0	0	0	0	0	0	0	0	0	0	0	0	0	0	0	0	0	0	0	0	0	0	0	0	0	1	0	0	0	0	0	0	0	0	0	0	0	0	0	0	0	1	0	0	0	0	0	0	0	0	0
Ins(5,):U2:R4	0	0	0	0	0	0	0	0	0	0	0	0	0	0	0	0	0	0	0	0	0	0	1	0	0	0	0	0	0	0	0	0	0	0	0	0	0	0	0	0	3	0	0	0	0	0	0	0	0	1	0	0	0	0	0	1	0	0	0	0	0	0	0	1	0	0	0	0	0	0	0	0	0	0	0	0	0	0	0	0	0	0	0	0	0	0	0	0	0	0	0	0	0	1	0	0	1	0	0	0	0	0	0	0	0	0	0	0	0	0	0	0	0	0	1	0	0	0	0	0	1	0	0	0	0	0	0	0	0	0	0	0	0	0	0	0	0	0	0	0	0	0	0	0	0	0	0	0	0	0	0	0	0	0	0	0	0	0	0	0	0	0	1	0	0	0	0	0	0	0	0	0	0	0	0	0	0	0	0	0	0	0	0	0	0	0	0	0	0	0	0	0	0	0	0	0	0	0	0	0	0	1	0	0	0	0	0	0	0	0	0	0	0	0	0	0	0	0	0	0	0	0	0	0	0	0	0	0	0	0	0	0	0	1	0	0	0	0	1	0	0	0	0	0	0	0	0	0	0	0	0	0	0	0	0	0	0	0	0	0	0	0	0	0	0	0	0	0	0	0	0	0	0	0	0	0	0	0	0	0	0	0	0	0	0	0	1	0	0	0	0	0	0	0	0	0	0	1	0	0	0	0	0	0	0	0	0	0	0	0	0	0	0	0	0	0	0	0	0	0	0	0	0	0	0	0	0	0	0	0	0	0	0	0	1	0	0	0	0	0	0	1	0	0	0	0	0	0	0	0	0	0	0
Ins(5,):U2:R(5,9)	0	0	0	0	0	0	0	0	0	0	0	0	0	0	0	0	0	0	0	0	2	0	0	1	0	0	0	0	0	0	0	1	0	0	0	0	0	0	0	0	22	0	0	1	1	0	0	0	0	5	1	0	1	1	0	0	0	0	0	0	1	0	0	1	0	0	0	1	0	0	0	0	1	0	2	0	0	0	0	1	0	1	2	0	0	0	1	1	1	0	0	0	1	0	2	0	1	0	0	1	0	0	0	0	0	0	1	1	0	1	1	0	1	1	0	0	0	1	0	0	0	1	1	1	1	0	0	0	0	1	0	0	1	0	1	1	0	1	0	0	0	1	1	3	0	1	0	0	1	0	0	0	0	0	0	0	0	2	0	1	0	1	1	1	0	1	0	0	1	2	1	0	1	0	0	0	0	1	1	0	0	0	1	2	0	1	1	0	0	0	2	1	2	0	0	0	1	0	0	0	0	3	1	0	0	1	0	0	1	0	0	2	1	0	0	1	0	0	1	0	0	0	0	0	0	0	1	0	0	1	0	0	1	0	0	1	0	1	2	0	1	0	1	1	0	4	0	3	0	2	8	2	1	1	0	0	0	1	0	0	1	0	0	0	0	1	1	0	0	0	0	0	2	0	0	1	0	2	0	0	1	0	0	0	1	0	0	1	1	1	0	1	0	0	0	0	0	0	0	0	0	0	1	3	0	1	2	0	0	1	0	1	0	0	0	0	3	2	0	0	0	1	0	0	0	2	1	1	1	1	0	0	0	0	0	0	0	0	0	1	0	2	0	1	1	0	0	0	3	0	1	0	1
Ins(5,):U(3,):R1	6	8	2	5	4	2	4	13	13	5	5	6	42	39	4	3	1	0	5	3	22	3	1	2	1	2	2	14	19	16	9	48	12	3	2	11	8	7	4	9	20	11	3	5	2	4	5	3	9	42	2	1	4	3	4	7	2	10	4	4	11	7	12	28	5	1	0	2	1	9	23	4	9	2	22	9	8	3	2	3	3	3	27	3	3	3	13	4	6	4	2	11	3	13	5	10	3	3	6	12	6	2	15	5	5	2	2	9	5	3	9	4	4	5	10	5	14	4	2	12	14	11	24	14	11	2	8	14	5	2	2	3	8	9	10	4	9	2	3	7	1	7	1	8	7	21	3	12	8	3	8	3	9	5	5	4	3	7	11	6	3	16	9	6	7	11	2	6	6	25	11	10	3	4	1	7	4	0	12	5	11	5	11	14	3	4	1	7	10	14	22	3	3	16	0	5	13	4	13	3	9	11	10	3	2	6	2	3	5	12	4	15	3	18	5	6	0	2	20	11	4	1	9	5	13	15	8	8	5	3	3	2	11	13	2	1	7	8	10	6	20	9	4	7	2	9	2	2	6	5	1	9	9	12	2	5	33	4	3	3	7	3	6	1	5	4	1	1	6	6	8	3	3	3	5	28	27	8	2	5	1	1	7	3	24	7	3	10	3	3	1	1	2	15	2	9	0	4	32	4	6	5	2	23	7	3	7	13	1	10	16	6	2	2	8	8	5	62	12	3	6	7	2	21	3	18	10	5	10	6	6	3	0	4	21	2	2	9	4	1	13	4	7	13	9	4	2	0	14	2	6	13	3
Ins(5,):U(3,):R2	1	0	0	0	0	0	0	0	0	0	3	0	0	0	0	0	0	0	0	0	1	0	0	0	0	0	0	1	0	0	0	2	0	0	0	1	1	0	0	0	4	0	0	0	1	0	0	0	0	2	0	3	0	1	0	1	1	0	0	0	1	0	1	0	0	1	0	0	0	0	2	0	0	0	0	0	2	0	0	0	0	0	2	2	0	0	0	0	0	0	0	0	1	2	0	0	0	0	2	1	0	1	0	0	0	0	0	0	0	1	1	1	0	0	0	0	0	0	0	0	1	0	1	0	1	0	0	0	0	0	0	0	0	0	1	0	0	0	0	0	0	0	0	1	0	1	0	1	1	0	0	0	0	1	0	0	0	0	0	0	0	1	0	0	0	0	0	0	2	2	0	1	0	0	0	0	0	0	0	0	1	1	0	3	0	0	0	0	0	1	2	0	0	1	0	0	0	0	1	0	0	1	1	0	0	0	0	0	1	2	0	0	0	0	0	2	1	0	2	0	0	0	0	0	0	0	0	3	0	0	0	0	0	4	0	0	1	1	1	1	1	1	0	0	1	0	0	1	0	0	4	0	1	1	0	1	1	0	0	0	0	0	0	0	2	0	0	0	2	0	0	0	0	1	0	1	1	0	1	0	0	0	1	0	0	0	0	0	0	0	0	0	0	1	0	0	0	0	1	0	0	0	0	1	1	0	0	1	0	0	1	0	0	0	0	2	1	0	0	0	0	0	0	2	0	0	2	0	0	0	0	0	0	1	0	0	0	0	1	0	0	0	0	1	0	0	1	1	2	1	0	0	1
Ins(5,):U(3,):R3	0	0	1	0	0	0	0	1	0	0	0	0	0	0	0	0	0	0	0	0	0	0	1	0	0	0	0	0	0	0	1	0	0	0	1	0	0	1	1	0	1	0	0	0	0	0	1	0	1	1	1	0	0	0	0	1	0	1	1	0	0	1	0	0	0	0	0	0	0	1	0	0	0	0	0	0	0	0	0	0	0	0	1	0	0	0	0	0	0	0	0	0	0	0	0	0	0	0	0	0	0	0	1	0	1	0	0	3	0	0	1	1	0	0	0	0	0	0	0	0	0	0	2	1	0	0	0	0	0	0	0	0	0	0	0	0	0	0	0	0	0	1	0	0	0	0	0	0	0	0	0	0	0	0	0	0	0	0	2	0	0	0	0	0	0	0	0	0	0	2	0	1	0	0	0	0	0	0	0	1	0	0	0	1	0	0	0	0	0	0	1	0	0	0	0	0	0	0	1	0	0	1	0	0	1	0	0	0	0	0	0	0	1	0	0	0	0	0	0	0	0	1	0	1	0	0	0	1	0	0	0	0	0	0	0	0	0	1	1	1	1	0	0	1	0	0	1	0	0	0	0	0	0	0	0	0	0	0	0	0	0	0	0	0	0	0	0	0	0	1	0	0	1	0	0	0	0	0	0	0	0	0	0	0	2	1	0	0	0	0	0	0	0	0	0	0	0	0	0	0	0	0	1	0	1	0	0	0	1	0	2	0	0	0	0	0	0	0	0	0	0	0	0	0	0	0	0	0	0	1	0	0	0	0	0	0	0	0	0	0	0	0	0	0	0	0	0	0	1	1	0	0	2
Ins(5,):U(3,):R4	0	0	0	0	0	0	0	0	0	0	0	0	0	0	0	0	0	0	0	0	1	0	0	0	0	1	0	0	0	0	0	0	0	0	0	0	1	0	0	0	1	0	0	0	0	0	0	1	0	1	0	0	0	0	0	0	0	0	0	0	0	0	0	1	0	0	0	0	0	0	1	0	0	0	2	0	1	0	0	0	0	0	0	0	0	0	0	0	0	1	0	0	0	0	0	1	0	0	0	0	0	0	0	0	0	0	0	1	0	0	2	0	0	0	0	0	0	0	0	0	0	0	1	0	0	0	1	0	0	0	0	0	0	0	1	0	0	1	1	0	0	0	0	0	0	1	0	1	0	0	1	0	0	0	0	0	0	0	0	0	0	1	0	0	0	0	0	0	1	0	0	1	0	0	0	0	0	0	0	0	0	0	1	0	0	0	0	1	0	0	1	0	0	0	0	1	0	0	0	0	1	1	0	0	0	0	0	0	0	0	0	0	0	0	0	1	0	0	1	0	0	1	0	0	0	0	0	1	0	0	0	0	0	0	0	0	1	0	0	0	0	0	0	0	0	1	0	0	0	0	4	0	0	0	0	0	0	0	0	0	0	0	0	0	0	1	0	0	1	0	0	0	0	0	0	0	0	0	0	0	0	0	0	0	0	0	1	0	0	0	0	0	0	1	0	0	0	0	1	0	0	0	0	0	0	0	0	1	0	0	1	0	0	0	0	1	0	0	0	0	0	0	0	0	0	1	0	0	0	0	0	2	0	0	1	0	0	0	0	0	0	2	0	1	0	1	1	0	1	0	0	0	0
Ins(5,):U(3,):R(5,9)	0	0	0	1	1	0	1	0	0	0	2	0	1	0	0	0	0	1	0	0	0	0	0	0	0	0	0	0	0	0	1	3	2	0	0	1	0	1	1	0	9	0	0	0	0	0	0	0	1	4	0	0	1	0	0	0	0	0	0	1	0	0	0	0	0	0	0	1	0	1	0	0	0	0	1	0	0	0	0	0	0	0	0	0	0	0	0	0	0	0	1	0	0	0	0	0	0	0	1	0	0	0	0	0	0	0	1	2	0	0	3	1	1	1	0	0	1	1	0	0	2	0	0	1	1	0	2	0	0	0	0	0	1	0	1	0	0	0	0	0	0	1	0	0	0	4	0	0	0	0	0	0	0	0	0	0	0	0	0	0	0	0	1	0	1	0	2	0	0	1	0	1	0	0	0	0	0	1	0	0	2	0	1	2	0	1	0	0	0	2	3	0	0	0	0	0	0	0	1	0	1	1	1	0	0	0	0	0	0	0	0	1	0	0	0	0	0	0	0	0	0	0	0	0	1	0	0	0	1	0	1	0	1	1	0	0	1	0	0	1	1	3	0	1	0	0	0	1	0	1	3	0	1	0	0	0	1	0	0	0	0	0	0	2	0	1	0	1	0	0	0	1	0	0	0	1	0	0	0	0	0	0	1	0	0	0	1	0	0	0	0	1	1	1	0	1	0	2	0	0	0	0	0	1	0	0	0	0	0	3	2	1	0	0	1	0	0	0	0	0	0	2	0	0	0	0	3	1	0	0	1	0	0	0	1	0	0	0	2	0	0	1	1	1	1	0	0	0	0	0	0	1	0
Del2:M1	0	5	4	3	1	5	5	4	3	1	3	1	5	6	1	2	3	4	6	4	224	6	2	0	1	6	0	3	7	25	9	7	9	12	20	14	11	17	7	8	167	14	7	4	3	4	3	3	12	182	10	0	4	4	0	467	3	3	3	4	3	6	270	11	4	1	4	3	4	16	85	6	5	3	27	7	9	0	2	0	7	3	20	8	6	6	15	6	4	15	4	2	5	12	2	16	3	2	49	6	3	1	21	2	1	4	3	6	3	1	19	17	7	2	9	2	29	2	4	34	16	5	7	12	20	1	8	23	2	7	4	5	5	6	11	6	13	7	6	12	3	6	6	11	5	16	2	7	5	2	6	9	11	2	4	6	8	8	10	0	3	8	10	4	8	11	2	6	8	42	9	7	3	1	6	3	8	6	2	3	6	6	12	11	4	2	3	3	3	20	18	3	5	63	0	2	21	2	10	6	12	470	17	8	12	4	2	1	3	17	1	13	5	13	10	14	0	1	19	39	6	58	6	1	11	9	8	14	0	4	4	2	13	7	2	3	14	37	472	3	20	10	3	2	2	2	6	4	5	2	108	1	18	12	3	4	48	3	3	4	2	111	1	2	3	3	3	2	11	14	13	2	4	2	12	14	7	8	1	2	4	0	7	4	8	7	2	4	3	6	4	3	3	44	2	6	4	3	53	4	13	2	1	22	1	3	11	5	3	9	15	8	2	3	6	25	2	19	6	2	3	4	4	58	3	4	16	10	12	4	7	0	0	9	12	1	2	6	8	3	21	67	10	8	11	7	5	1	7	2	2	8	1
Del3:M1	0	0	1	2	1	0	0	3	7	1	1	0	2	0	1	1	3	2	1	1	2	1	1	0	0	0	0	0	4	5	4	3	8	10	7	3	2	6	3	2	31	1	0	1	1	0	3	3	4	22	3	0	4	0	0	5	3	3	1	2	2	0	2	5	3	1	3	0	0	3	6	1	4	0	6	0	6	1	3	1	8	1	2	1	1	0	11	1	0	2	1	4	3	3	0	0	0	0	1	3	2	2	4	2	4	1	4	2	8	1	12	2	1	1	9	2	4	0	2	5	10	4	4	9	2	1	1	3	0	1	2	1	1	6	1	2	2	0	2	3	1	4	8	3	2	7	3	2	3	3	0	2	2	1	1	0	1	1	10	2	0	1	2	2	2	0	0	2	2	4	6	1	2	0	5	1	3	0	3	1	3	2	4	2	5	0	5	3	1	4	5	1	0	5	3	1	6	2	2	1	3	3	3	1	1	1	2	0	0	9	3	8	1	7	2	3	0	1	11	3	1	7	3	1	8	7	4	6	1	0	0	0	1	3	1	1	2	2	4	2	13	4	0	0	1	4	1	1	0	0	23	1	6	5	0	2	6	2	2	1	1	6	2	2	0	0	0	1	2	1	12	2	0	0	8	3	1	2	0	2	0	0	2	0	2	10	2	2	1	10	0	2	2	4	1	2	4	0	4	1	3	0	2	5	0	1	13	2	1	2	3	2	4	3	2	13	1	11	1	1	2	0	2	63	0	0	3	5	4	3	1	0	0	3	4	2	1	1	2	3	4	9	0	2	2	1	2	2	5	2	2	4	2
Del3:M2	5	1	5	2	7	1	5	4	12	1	2	3	8	11	1	6	3	8	4	3	28	2	1	0	0	1	0	4	12	5	8	5	10	11	14	10	12	38	3	3	145	8	4	3	2	3	3	5	10	137	4	3	2	4	1	41	3	4	3	1	5	3	24	14	2	2	2	1	2	12	8	4	4	1	15	6	7	2	2	3	2	4	16	9	1	3	6	7	4	3	3	3	6	8	2	7	3	0	11	2	5	3	8	4	4	3	5	10	1	2	13	4	2	5	6	3	7	0	4	5	4	2	6	14	12	5	3	10	1	1	1	0	6	8	6	2	5	1	0	10	0	4	9	7	1	15	3	10	8	1	4	3	0	2	3	2	6	4	10	3	0	7	12	5	2	5	1	1	9	25	15	7	7	1	3	2	2	2	1	5	6	2	4	11	3	1	2	2	2	6	16	5	6	13	3	0	19	1	10	5	13	40	8	3	4	4	0	2	4	8	4	3	5	10	3	11	0	0	13	4	6	14	6	4	2	5	5	5	3	3	2	3	12	14	2	1	7	5	44	4	15	6	3	3	2	8	9	2	3	3	92	7	19	3	2	3	17	2	2	2	8	11	4	2	4	0	1	1	3	6	8	1	1	0	10	12	7	2	1	3	1	1	5	6	9	13	2	7	4	3	2	2	3	3	3	6	4	6	15	3	4	3	3	8	1	2	8	1	4	7	15	5	4	5	6	8	3	11	7	2	1	0	0	32	1	7	12	31	3	2	1	3	0	6	10	2	0	4	5	2	15	125	5	13	0	3	7	0	6	0	2	2	3
Del4:M1	0	0	0	3	0	0	0	2	2	1	0	2	5	1	0	0	1	5	0	2	9	4	0	1	0	0	2	2	4	0	3	4	4	8	2	6	4	1	4	2	55	4	3	2	0	0	5	2	4	79	4	0	2	3	1	19	1	2	4	3	1	0	5	2	1	2	3	0	2	3	6	2	3	1	13	6	1	0	0	2	2	0	4	7	2	6	9	6	4	3	1	3	1	10	0	5	1	3	2	4	0	3	6	2	2	0	4	3	6	3	10	3	2	2	11	0	2	2	2	10	12	1	3	4	8	2	2	8	0	4	0	5	0	3	3	1	6	10	2	3	1	7	8	7	1	6	1	8	2	2	1	2	1	1	4	4	4	2	7	2	4	5	2	1	2	4	0	1	3	7	8	4	7	1	5	1	2	3	3	3	3	2	1	1	3	0	1	0	4	4	4	2	1	5	1	3	4	0	6	1	4	22	6	3	2	2	1	1	3	3	2	9	4	7	5	3	3	2	13	7	2	6	7	4	11	3	2	1	2	0	0	0	2	2	1	0	3	5	19	1	8	4	4	1	3	6	3	2	2	1	47	2	11	6	1	0	5	3	1	4	3	2	3	0	0	3	1	2	1	1	11	0	1	1	15	5	4	3	1	1	0	1	1	1	10	8	0	4	2	7	2	2	0	6	1	2	1	4	5	1	7	1	4	1	0	1	16	1	2	1	2	2	0	2	1	8	0	10	4	0	1	1	1	103	1	4	1	6	6	3	3	1	2	4	5	1	1	2	1	1	9	43	5	5	5	2	3	1	4	0	3	1	3
Del4:M2	0	3	0	2	6	3	2	5	6	1	3	0	3	3	1	1	1	4	0	1	35	4	0	3	0	1	0	2	10	3	4	1	0	6	10	4	10	20	0	3	36	4	2	0	0	2	5	0	3	54	0	1	2	5	0	37	3	5	1	2	1	2	14	4	1	1	2	1	1	6	8	4	0	2	10	3	7	0	1	2	5	1	7	3	0	1	5	3	2	4	1	4	3	5	1	5	2	3	11	5	4	2	4	2	1	4	5	4	3	0	7	1	2	2	6	3	7	4	0	5	14	6	4	6	4	1	3	8	2	3	1	1	2	6	2	1	5	3	0	4	1	13	6	9	1	6	5	3	4	2	3	1	2	0	2	4	4	4	5	5	0	2	4	2	1	1	1	1	3	23	6	4	3	4	2	1	6	4	1	1	5	0	1	7	6	1	4	2	6	4	4	2	3	8	1	3	8	0	1	10	9	42	4	5	2	10	1	0	3	7	6	4	6	13	3	3	2	3	7	5	4	7	2	7	5	6	1	3	3	3	2	0	4	2	2	3	3	4	41	3	11	4	3	3	2	3	4	4	4	5	37	3	12	5	0	4	6	2	3	2	1	5	1	3	5	2	0	0	1	4	6	0	3	2	6	3	5	4	1	1	2	1	4	2	14	7	0	2	0	6	1	2	4	5	0	4	2	4	7	1	5	0	2	5	0	4	6	4	6	5	8	2	0	1	6	10	1	13	4	2	1	3	2	66	0	9	9	5	2	3	1	1	0	1	3	0	0	6	3	2	9	65	1	2	1	1	1	1	4	2	1	2	2
Del4:M3	2	2	2	2	2	0	2	1	4	1	4	1	7	4	2	2	1	1	3	3	39	6	1	2	0	1	1	1	2	3	6	1	6	3	13	4	2	14	2	0	48	1	5	3	1	1	4	1	6	39	1	1	0	2	2	56	4	8	3	4	0	1	25	12	3	1	2	1	0	8	12	1	4	2	10	4	4	2	1	4	1	0	11	3	4	1	3	4	5	5	3	2	1	2	0	8	1	1	5	4	3	3	4	2	2	4	4	5	0	2	9	2	4	4	4	2	7	1	2	3	5	5	5	4	11	1	1	3	2	3	5	1	5	1	2	2	7	4	3	4	2	5	2	0	1	7	2	0	3	4	2	2	2	3	1	4	4	4	5	8	1	1	6	1	4	4	0	3	2	20	7	7	2	2	1	3	9	1	2	3	3	2	2	7	0	1	3	2	2	1	6	4	4	6	4	5	5	0	5	6	4	55	4	5	1	3	0	2	3	9	5	2	5	8	2	2	1	3	4	6	0	10	3	5	2	8	6	10	2	1	0	1	3	5	0	0	1	10	54	4	5	1	3	6	2	3	3	2	5	5	37	2	17	6	0	2	7	1	10	7	2	7	1	3	3	2	1	2	1	2	3	1	0	2	2	7	5	1	1	2	1	6	3	2	13	8	1	2	2	6	3	3	4	3	0	3	4	5	16	0	5	1	5	5	1	7	2	3	4	4	9	4	1	1	3	4	1	14	6	1	0	1	2	16	4	4	3	11	8	3	0	2	0	2	6	0	0	2	4	1	6	81	3	3	4	4	1	1	7	1	5	6	3
Del5:M1	0	0	0	0	1	2	0	1	3	0	0	0	3	2	0	1	0	0	1	2	2	1	0	1	0	1	0	0	0	5	2	2	4	8	3	0	4	7	0	0	4	3	2	0	1	2	1	3	5	18	0	0	1	1	1	3	0	0	5	1	0	4	1	2	0	0	5	0	3	3	4	2	1	0	10	3	4	0	2	1	7	1	1	0	1	1	8	0	0	0	1	0	1	4	1	3	2	1	2	1	4	2	6	0	1	2	2	1	4	0	12	3	3	0	5	0	2	0	0	2	2	5	4	12	6	3	1	2	0	3	1	1	1	1	2	0	1	3	2	8	0	10	7	10	2	5	3	10	4	0	1	1	1	2	2	2	0	2	5	4	0	1	1	1	1	0	2	0	1	4	9	2	6	1	4	1	0	0	0	3	2	0	4	2	2	0	0	0	3	0	4	1	2	3	2	1	3	1	3	2	6	4	3	2	0	4	1	0	1	6	0	5	1	12	2	1	1	1	9	7	1	6	2	1	5	2	2	4	5	4	1	1	1	3	1	0	1	3	2	3	11	1	1	2	3	3	0	2	1	0	3	1	4	3	0	0	3	0	1	2	0	4	5	1	3	0	2	2	5	2	3	0	1	4	11	3	6	0	1	0	1	1	1	0	0	1	0	3	2	6	0	0	2	2	0	3	2	1	5	0	2	3	1	6	0	1	15	0	1	0	1	1	2	1	1	12	0	11	1	1	3	0	0	34	3	2	1	0	1	1	1	1	0	2	2	0	0	2	3	2	3	3	2	4	0	0	2	2	1	2	2	1	3
Del5:M2	1	1	1	0	1	0	1	0	5	0	2	0	0	2	0	0	0	0	0	0	8	0	0	1	0	0	1	3	5	4	1	3	5	4	2	4	2	1	0	0	4	1	0	1	1	1	0	0	3	11	0	1	2	0	0	16	0	3	0	0	1	1	7	2	1	3	1	0	0	3	4	1	0	0	5	11	2	0	1	0	2	0	2	3	1	0	2	1	1	1	0	2	3	5	2	1	1	0	2	2	2	3	3	0	1	1	1	2	1	1	5	2	1	2	4	1	4	0	0	1	5	2	3	0	6	0	0	1	1	1	1	0	2	1	2	0	2	0	0	2	0	4	4	6	0	2	0	5	3	0	0	0	1	1	1	1	1	0	5	0	0	1	6	1	3	0	0	0	2	5	3	1	4	1	1	0	4	1	4	1	3	1	2	0	1	0	3	1	0	3	4	2	2	4	3	0	5	0	2	2	9	12	6	1	0	2	0	0	1	9	0	2	0	10	3	1	1	0	7	3	1	3	1	2	2	4	0	0	0	0	1	1	1	3	0	0	1	5	15	2	7	1	0	1	0	3	4	1	1	1	6	1	25	2	0	0	1	0	0	0	0	4	0	0	2	1	2	2	0	2	8	1	1	1	5	0	1	2	0	0	0	0	1	1	1	4	0	1	1	6	3	0	0	2	1	1	0	4	1	2	0	0	1	2	0	1	0	0	2	1	3	3	0	3	1	10	0	3	0	1	2	2	1	18	2	1	3	2	2	1	2	2	0	1	0	0	0	1	0	4	2	5	1	7	3	1	1	1	1	0	0	0	1
Del5:M3	0	0	1	0	0	0	0	0	1	0	1	0	2	0	0	0	0	0	1	0	16	1	0	0	1	0	0	3	1	0	1	1	0	3	4	0	2	2	0	0	21	1	3	1	3	0	3	1	0	12	1	1	0	1	0	22	0	3	0	0	0	0	7	0	0	0	1	0	0	1	1	1	1	0	1	4	3	0	1	2	2	0	1	1	0	0	2	0	0	0	0	0	0	4	0	2	0	0	3	2	1	0	2	0	0	0	1	0	1	0	3	1	0	1	1	2	1	0	1	0	8	1	2	1	3	0	3	3	0	3	0	1	1	1	2	1	1	1	0	0	1	4	2	4	0	1	0	0	1	0	1	2	2	0	1	0	0	3	3	0	0	2	1	1	0	0	1	0	0	6	3	1	4	0	2	0	3	1	0	0	2	1	3	0	1	0	1	1	1	3	1	0	0	1	1	0	2	0	4	1	2	24	0	0	0	1	1	0	2	3	2	3	3	13	3	0	0	0	3	1	1	2	2	3	3	3	0	2	1	0	1	0	0	0	0	1	2	1	24	0	4	0	1	0	0	2	3	3	1	0	13	0	6	0	0	0	1	0	1	1	2	2	1	0	0	1	1	0	0	1	1	0	1	0	2	2	0	2	0	0	1	0	2	0	4	4	0	3	0	2	1	1	0	1	0	2	0	0	3	1	0	1	2	1	0	1	6	0	2	2	0	2	0	2	1	2	1	4	0	0	1	0	0	9	2	1	1	2	0	0	0	0	0	0	0	0	0	1	1	1	3	15	1	1	1	1	0	0	1	1	0	1	1
Del5:M4	0	0	1	2	0	0	2	0	2	0	1	0	1	0	1	1	0	0	0	1	12	0	0	0	0	0	0	1	0	0	0	0	1	4	1	5	0	3	0	0	4	0	0	1	1	0	1	1	2	5	1	0	1	1	0	16	0	2	1	0	0	2	6	0	0	0	3	1	1	1	3	3	2	0	4	1	1	0	1	3	1	0	1	0	0	1	2	0	0	1	1	3	0	2	0	4	1	1	2	1	0	0	0	1	1	2	0	1	2	0	2	0	0	1	4	0	3	1	1	1	3	0	1	1	1	0	2	3	1	1	0	0	2	0	0	0	1	3	2	0	1	4	1	1	0	3	0	1	3	1	0	3	0	1	0	1	1	0	0	1	0	1	1	1	1	2	0	0	0	4	0	0	1	1	1	0	2	2	2	1	0	0	1	0	1	1	0	0	0	1	3	0	0	0	1	1	2	1	5	1	6	18	3	3	0	0	0	0	1	4	0	2	1	4	1	0	0	0	2	2	0	1	1	0	2	0	1	2	1	0	0	0	3	1	0	1	2	0	19	0	2	0	0	3	1	1	0	0	2	1	7	1	9	3	0	0	0	0	0	2	2	0	0	0	1	1	0	0	1	0	1	0	2	0	0	0	0	2	0	0	1	0	0	0	1	0	0	0	0	1	0	1	0	1	0	0	1	1	4	0	3	1	1	3	1	0	0	0	1	0	1	1	0	0	0	2	3	3	1	2	0	1	1	7	2	1	0	3	0	0	0	0	1	1	2	1	0	3	0	1	2	8	0	1	0	0	1	0	2	0	0	2	0
Del6:M1	0	0	2	1	0	2	2	1	4	0	1	2	0	2	0	0	0	1	0	0	7	2	1	0	1	1	3	1	3	7	6	2	4	11	1	3	2	7	3	3	34	0	5	1	4	0	4	2	1	41	3	1	2	2	1	3	1	2	3	1	4	2	5	5	2	1	3	2	0	3	7	2	2	2	6	5	2	1	2	2	5	0	1	2	0	2	7	4	0	1	2	2	1	6	1	0	5	1	2	2	0	3	4	2	2	3	2	2	2	0	10	2	0	0	6	1	4	1	1	1	2	1	3	6	8	1	1	3	1	1	0	1	0	2	0	4	2	3	1	3	4	2	7	4	2	7	3	5	6	1	2	4	0	1	1	3	0	3	6	1	0	2	6	6	1	0	0	4	1	3	5	2	4	0	2	2	1	2	0	2	0	1	4	2	2	1	2	4	3	2	8	3	2	4	4	1	3	1	3	1	5	2	2	2	3	0	0	1	4	3	0	5	1	3	0	0	4	3	8	10	3	3	4	2	6	2	0	0	3	2	2	2	4	1	1	2	1	2	4	3	7	0	0	1	4	3	0	1	2	1	22	1	7	4	2	2	1	0	1	1	0	4	0	4	1	3	1	1	4	0	4	1	2	1	5	3	3	1	0	2	2	2	0	1	3	6	0	0	1	9	1	2	0	3	2	6	0	0	2	3	5	1	1	4	2	4	8	3	2	3	5	0	0	3	1	4	2	9	1	2	3	2	2	37	2	2	1	1	1	2	0	0	1	1	0	0	2	3	1	4	1	7	2	2	2	2	1	0	2	0	3	0	2
Del6:M2	0	0	0	0	0	1	0	0	6	1	1	0	2	0	0	0	1	0	1	2	3	0	1	1	0	0	0	1	3	6	2	0	3	5	1	2	1	1	1	1	4	1	0	1	0	0	3	0	4	13	0	1	0	2	1	2	0	5	1	1	1	3	2	0	0	0	0	0	2	0	7	3	1	0	3	7	0	0	0	1	1	0	1	6	0	0	3	0	0	2	1	3	0	5	0	2	1	0	1	4	2	1	1	0	0	1	0	2	1	0	4	0	0	1	3	1	5	0	1	1	7	4	3	3	6	0	0	0	0	1	0	1	1	5	0	1	1	1	2	3	1	5	4	2	0	2	1	2	6	0	2	1	0	1	0	2	3	0	2	1	0	2	1	1	0	2	2	0	1	1	7	1	10	0	0	2	0	0	1	0	0	1	3	1	4	0	0	3	1	2	1	1	1	2	0	0	2	0	0	1	7	5	1	2	0	0	0	0	3	6	1	2	0	12	0	0	0	0	8	2	0	4	2	1	2	4	2	2	0	0	1	3	1	3	1	0	1	2	2	2	4	2	0	1	2	1	1	0	1	0	4	0	17	2	0	1	1	1	0	0	0	2	2	1	0	4	2	0	2	1	5	0	0	0	5	3	2	0	0	0	0	0	0	0	2	3	1	2	2	8	1	2	1	0	0	1	0	0	1	1	4	2	2	2	0	1	5	0	0	0	0	1	2	1	0	7	1	7	2	1	0	0	0	34	1	0	0	0	0	0	1	1	0	1	3	0	1	1	2	2	0	0	5	0	0	1	0	0	0	1	0	0	2
Del6:M3	1	0	0	0	1	0	0	0	2	0	1	0	0	1	0	0	1	0	0	0	3	1	0	0	0	0	3	1	1	2	0	1	2	5	1	1	0	2	0	0	6	1	0	2	0	0	1	0	0	5	0	0	1	0	0	4	0	0	0	0	1	0	0	1	0	0	3	1	0	0	2	0	0	0	4	6	1	0	1	0	0	0	2	0	0	0	3	0	0	0	0	0	0	3	1	0	1	1	1	3	0	0	0	0	0	0	0	0	2	0	2	0	1	1	3	0	0	0	0	0	8	0	2	1	3	0	0	1	1	1	0	0	0	4	0	0	1	0	0	0	0	10	0	0	2	0	0	1	4	0	0	2	0	0	1	0	0	2	1	0	0	0	3	0	2	2	0	0	0	2	1	2	6	1	0	0	2	0	0	0	0	0	1	2	3	0	1	1	0	1	0	0	1	0	0	0	1	2	3	0	5	4	1	2	0	4	1	0	0	1	0	1	0	16	0	0	1	1	5	2	3	1	1	0	2	0	1	0	2	0	0	0	0	2	0	0	1	0	4	0	4	0	0	0	0	1	0	0	1	0	3	1	12	1	0	0	1	0	0	1	0	0	0	1	0	2	0	0	0	1	0	0	1	1	2	0	1	1	0	0	0	0	0	0	2	2	1	0	0	2	0	0	0	2	0	0	1	0	2	0	1	0	0	1	0	0	1	2	0	0	0	1	1	0	1	2	0	0	0	0	0	1	1	17	0	2	0	1	0	0	2	0	0	0	3	0	0	0	2	1	1	1	2	2	1	0	1	1	2	1	0	0	0
Del6:M4	0	0	0	0	0	0	1	1	1	0	0	1	0	0	0	0	0	0	0	0	1	1	0	0	0	0	0	0	2	2	2	1	0	0	0	0	1	1	0	0	9	0	0	0	0	0	1	1	3	6	1	0	0	1	0	0	0	1	1	2	0	0	2	0	0	0	0	0	0	1	3	2	1	1	3	2	4	0	1	0	1	1	0	0	0	0	0	1	0	0	2	1	0	1	0	1	2	0	1	2	1	0	0	0	0	0	0	4	0	0	1	1	1	0	3	1	1	0	0	1	6	1	3	1	4	1	0	1	0	0	2	0	2	1	0	0	1	1	0	1	0	3	2	1	0	1	2	1	2	1	1	1	1	0	0	0	0	0	1	0	0	1	1	0	1	2	2	0	1	4	0	0	5	0	0	1	0	0	1	0	0	0	0	0	2	0	2	0	2	0	2	0	0	0	1	2	2	0	1	1	6	0	0	1	0	0	0	0	4	1	0	0	2	5	0	0	0	0	3	1	3	2	0	1	0	2	2	1	0	0	1	1	2	1	0	1	0	3	4	0	0	0	0	1	0	0	0	1	1	1	9	0	3	0	0	2	0	0	0	3	1	1	0	1	0	0	1	0	0	1	1	1	0	2	1	5	3	1	1	0	1	0	0	0	3	4	0	0	0	1	0	1	0	0	0	0	0	0	1	0	0	0	0	0	0	1	1	0	1	1	4	1	0	2	0	2	0	2	1	0	0	0	0	9	0	1	0	1	1	1	2	0	0	0	1	0	0	0	0	1	2	1	0	1	0	0	1	0	2	0	0	1	1
Del6:M5	0	0	0	0	0	1	0	0	0	0	0	0	0	0	0	0	0	1	0	0	2	0	0	0	0	1	0	0	0	0	0	0	2	0	0	0	1	0	0	1	2	0	0	0	0	1	0	0	0	0	0	1	0	0	0	1	0	0	0	0	0	0	1	0	0	0	0	0	0	1	0	0	0	0	0	0	1	0	0	0	1	0	3	0	1	0	0	0	0	1	0	0	0	2	0	0	0	0	1	0	1	1	0	0	0	0	0	0	0	0	0	0	0	0	0	0	0	0	0	0	3	0	0	3	1	0	0	2	0	0	0	0	0	0	0	0	0	0	0	0	0	0	0	0	0	0	0	0	0	1	0	0	1	0	0	0	0	0	1	0	0	1	0	0	1	0	0	0	1	1	0	0	0	0	1	0	0	0	0	1	0	1	1	1	0	0	0	0	0	3	0	0	0	0	0	0	0	0	0	0	1	2	0	0	0	1	0	0	0	1	0	0	0	1	0	1	0	0	2	0	0	0	1	0	0	0	1	0	1	0	0	0	1	0	0	0	0	0	2	0	0	1	0	0	0	0	0	0	0	0	2	0	1	0	0	0	0	0	1	2	2	2	0	0	0	0	0	0	1	1	0	0	0	0	0	0	0	0	0	0	0	0	0	0	1	1	0	0	0	0	0	0	0	0	0	0	0	0	2	1	0	0	0	0	0	0	0	0	0	2	0	0	0	1	0	0	0	1	0	0	1	0	0	2	0	0	2	0	1	0	0	0	0	0	1	0	0	0	0	0	0	1	1	0	0	1	0	2	2	0	0	0	0
Del(7,):M1	4	6	4	10	6	1	2	9	24	3	7	7	9	10	1	3	3	13	2	5	36	5	2	2	3	4	9	11	39	41	20	18	42	51	13	11	10	23	8	5	37	15	18	32	6	9	16	15	29	198	9	6	9	6	5	30	10	13	11	7	17	11	14	15	9	10	20	3	17	19	50	10	11	3	44	86	18	4	12	3	26	9	12	9	3	5	49	17	8	5	6	35	15	42	5	7	9	8	52	26	20	12	37	5	12	18	15	26	17	2	60	10	6	14	49	6	40	0	8	52	81	16	23	72	43	11	24	31	8	11	2	11	7	14	8	6	14	10	5	14	7	54	42	28	3	24	9	43	41	13	6	13	9	10	12	5	12	12	44	2	7	10	13	28	15	18	6	2	4	24	24	9	41	9	32	7	10	9	10	2	11	16	23	24	15	10	5	10	13	29	21	9	7	19	15	6	31	5	12	14	38	31	27	8	10	11	4	1	16	36	5	47	10	86	15	4	1	11	90	43	16	28	16	13	50	25	18	16	6	10	9	13	18	21	3	1	14	25	30	3	62	13	12	12	5	15	6	6	8	6	43	4	141	15	2	1	17	4	7	4	8	16	16	14	9	13	2	7	18	6	44	6	7	10	70	14	12	8	3	3	2	2	4	6	23	56	6	13	5	51	2	7	7	18	6	31	4	8	33	9	11	2	7	12	16	5	46	3	10	7	12	15	7	15	3	83	9	83	14	11	18	4	5	169	18	21	9	10	21	24	3	10	2	19	16	2	6	7	4	15	14	4	17	5	7	6	4	5	30	3	12	11	14
Del(7,):M2	4	3	4	6	8	3	5	7	31	2	4	2	6	8	0	3	5	3	4	4	42	3	0	4	0	1	5	6	30	19	25	15	31	44	13	10	15	13	6	5	7	10	2	11	4	8	14	7	21	101	4	2	2	6	1	19	5	11	10	3	12	6	10	13	6	3	21	0	24	6	41	8	14	3	43	141	10	3	8	7	17	2	8	8	12	7	49	4	7	5	3	20	16	23	6	8	5	8	39	13	6	10	31	5	5	8	8	22	27	4	32	5	4	13	30	2	24	2	5	37	156	17	20	51	58	2	18	20	9	4	3	10	9	9	10	4	9	3	2	12	4	100	21	37	3	20	9	23	69	7	6	10	7	10	5	4	4	8	25	3	2	7	19	17	13	17	3	2	13	16	18	8	82	2	12	6	4	6	4	7	9	11	10	13	9	6	6	5	13	32	25	2	1	16	13	4	15	7	10	4	88	29	19	8	3	11	4	7	8	35	4	26	6	149	6	13	5	2	61	21	8	23	23	6	26	16	4	9	3	2	7	6	10	19	4	4	17	20	22	5	61	4	3	6	7	14	8	7	5	3	15	4	180	24	1	5	21	6	4	6	3	15	6	4	9	6	2	4	8	7	38	1	6	3	43	12	7	3	4	4	2	2	6	6	18	34	6	9	5	25	2	0	3	9	1	32	3	5	19	8	8	5	9	11	10	7	26	8	7	3	8	11	6	8	7	81	1	51	11	3	12	9	2	183	12	21	7	4	12	10	2	5	0	26	15	1	1	6	11	13	6	8	9	16	4	5	5	1	17	8	5	13	4
Del(7,):M3	2	3	2	4	8	2	2	5	27	0	5	3	2	7	1	2	3	5	1	3	15	1	0	2	0	0	1	4	18	13	14	8	12	14	14	7	9	7	3	4	10	7	3	4	1	6	15	2	11	61	5	1	1	3	2	12	2	4	4	3	7	3	6	7	3	1	8	1	6	6	19	2	9	2	21	90	11	1	6	1	6	4	9	7	3	4	18	0	3	4	2	8	4	19	1	4	3	4	27	14	9	6	14	7	6	0	1	10	21	1	14	7	4	4	11	0	12	1	2	15	111	12	13	20	42	1	11	15	5	2	0	8	2	6	8	3	3	2	1	5	3	72	6	26	0	15	1	10	54	1	6	4	5	5	2	3	3	8	14	2	0	5	7	5	4	7	2	1	1	10	10	4	43	3	7	1	8	5	3	5	3	7	3	6	4	2	3	3	7	17	16	2	1	8	7	0	12	2	4	3	55	10	4	7	7	6	0	0	4	8	3	23	4	92	4	1	0	1	27	18	5	14	5	6	22	6	6	9	0	2	0	0	2	13	0	2	7	15	11	2	12	3	2	5	1	9	3	3	3	2	6	2	136	7	1	3	5	0	3	5	4	8	2	5	1	1	0	3	7	7	19	3	1	2	17	4	6	4	2	1	3	1	4	2	13	24	1	5	3	12	3	1	2	13	1	17	0	10	14	3	6	2	3	5	7	1	15	4	2	6	2	9	4	5	2	35	0	26	5	3	5	0	0	102	3	18	5	2	7	6	1	1	2	9	13	0	2	5	6	4	7	8	5	6	9	3	9	0	10	3	2	4	5
Del(7,):M4	1	1	3	2	2	0	0	2	18	1	1	1	1	3	1	0	0	0	1	2	9	1	1	0	1	0	2	1	9	11	3	2	3	5	3	5	5	5	2	0	3	3	2	4	2	4	3	3	4	28	3	0	0	3	0	9	3	4	2	2	7	1	2	6	2	1	9	0	4	3	18	3	6	1	11	56	5	0	3	1	5	0	2	3	0	1	12	4	3	0	1	4	1	9	0	2	1	0	18	6	5	3	7	3	3	3	1	3	11	1	4	3	0	2	3	2	6	1	0	6	54	2	5	17	21	0	2	5	5	2	1	1	2	2	2	0	0	0	1	5	2	47	6	16	1	7	1	4	34	2	2	0	0	3	2	3	3	0	4	1	2	4	7	1	4	5	1	1	0	5	6	1	29	1	2	0	6	1	1	2	7	3	4	5	2	2	1	3	2	9	8	0	1	9	3	1	8	0	3	0	28	8	7	0	2	3	0	1	2	8	0	12	3	47	4	0	0	1	8	5	1	7	2	2	11	5	1	5	0	1	0	0	3	11	0	2	5	6	8	0	9	3	0	2	0	13	0	1	0	1	6	0	78	2	1	1	4	0	1	4	4	2	2	1	0	1	1	1	2	0	8	0	0	1	6	5	2	2	2	1	1	0	0	1	6	11	0	1	2	4	0	0	2	2	1	9	0	2	12	2	2	0	0	2	5	3	9	3	0	4	1	5	5	3	2	17	0	4	2	2	0	0	3	39	2	9	8	2	1	2	1	1	0	3	8	0	0	2	2	0	4	3	1	7	3	1	3	1	5	1	1	1	5
Del(7,):M5	0	0	0	1	0	0	0	1	9	0	2	1	2	1	1	0	2	1	0	0	6	1	2	0	1	0	0	0	5	2	2	0	3	4	1	1	5	1	3	0	1	0	1	0	0	3	3	1	1	12	0	0	0	1	0	2	0	1	2	2	1	0	1	0	1	0	1	0	2	0	4	1	1	1	5	20	5	1	0	0	1	0	4	2	2	0	8	2	0	0	0	4	0	4	1	4	1	1	9	2	1	0	0	1	0	1	0	4	4	0	5	1	2	1	1	3	2	0	0	6	22	3	6	6	8	0	2	0	0	0	0	2	1	1	0	0	4	2	0	1	0	24	2	7	1	2	1	3	14	1	1	0	3	2	0	1	3	0	3	0	0	1	3	0	0	3	0	0	0	3	3	4	18	0	4	0	3	0	0	2	3	2	2	1	0	1	0	2	0	7	3	0	3	5	2	1	4	0	0	0	16	1	2	1	0	1	0	0	0	4	0	4	0	27	1	0	0	0	7	3	1	0	2	1	4	1	0	3	1	1	1	0	1	4	0	0	1	2	2	0	7	1	1	0	0	2	1	0	0	0	4	0	44	2	0	0	5	1	1	1	1	2	1	3	1	2	0	1	1	4	4	0	0	0	5	2	1	2	0	0	2	0	1	1	4	5	0	1	1	1	0	0	0	4	1	4	0	1	5	3	0	0	1	2	3	0	1	1	1	0	4	2	0	0	0	7	0	4	0	1	2	1	1	27	1	2	1	1	2	0	0	1	0	0	5	0	0	0	1	1	2	3	3	1	2	0	2	0	1	0	0	2	2
Del(7,):M(6,)	4	0	1	1	2	3	4	2	8	3	5	3	2	0	0	1	1	1	3	1	15	0	0	0	1	1	1	1	4	3	10	11	0	2	3	5	16	2	1	5	17	3	2	2	0	0	5	4	5	29	2	3	1	3	1	9	1	20	4	3	3	2	5	4	1	0	4	3	2	3	11	2	5	1	9	22	10	1	3	1	4	2	8	6	4	0	3	2	4	3	3	3	1	6	0	6	3	1	16	7	4	2	3	3	0	1	2	8	7	1	6	4	2	1	3	1	11	0	0	7	30	10	6	7	16	4	4	3	1	0	1	2	4	2	4	3	3	3	1	2	1	19	2	13	1	14	2	4	13	1	3	2	5	2	3	8	5	2	3	2	0	5	4	1	1	2	1	3	4	18	2	4	11	3	5	1	3	3	0	3	7	1	4	6	4	1	2	2	4	3	13	0	1	4	2	0	16	0	2	0	17	8	4	2	2	6	2	0	7	13	1	4	5	37	5	4	0	1	7	8	3	2	4	1	4	9	2	9	4	2	1	1	6	7	1	1	3	8	9	1	4	6	2	1	2	5	3	3	1	1	6	2	40	9	2	2	14	1	0	1	2	5	3	4	3	1	1	1	5	5	5	1	0	2	6	5	6	7	1	2	0	3	9	1	4	8	1	7	0	2	2	1	8	5	2	7	3	4	7	0	2	3	4	6	3	1	5	1	2	9	7	4	2	1	3	7	0	11	6	1	3	1	1	18	0	9	3	2	5	5	1	3	0	3	5	1	0	2	5	3	3	7	5	7	4	3	6	1	4	1	1	4	8
Complex(0,1)	0	0	0	0	0	0	0	0	0	0	0	0	0	0	0	0	0	0	0	0	0	0	0	0	0	0	0	0	0	0	0	0	0	0	0	0	0	0	0	0	0	0	0	0	0	0	0	0	0	0	0	0	0	0	0	0	0	0	0	0	0	0	0	0	0	0	0	0	0	0	0	0	0	0	0	0	0	0	0	0	0	0	0	0	0	0	0	0	0	0	0	0	0	0	0	0	0	0	0	0	0	0	0	0	0	0	0	0	0	0	0	0	0	0	0	0	0	0	0	0	0	0	0	0	0	0	0	0	0	0	0	0	0	0	0	0	0	0	0	0	0	0	0	0	0	0	0	0	0	0	0	0	0	0	0	0	0	0	0	0	0	0	0	0	0	0	0	0	0	0	0	0	0	0	0	0	0	0	0	0	0	0	0	0	0	0	0	0	0	0	0	0	0	0	0	0	0	0	0	0	0	0	0	0	0	0	0	0	0	0	0	0	0	0	0	0	0	0	0	0	0	0	0	0	0	0	0	0	0	0	0	0	0	0	0	0	0	0	0	0	0	0	0	0	0	0	0	0	0	0	0	0	0	0	0	0	0	0	0	0	0	0	0	0	0	0	0	0	0	0	0	0	0	0	0	0	0	0	0	0	0	0	0	0	0	0	0	0	0	0	0	0	0	0	0	0	0	0	0	0	0	0	0	0	0	0	0	0	0	0	0	0	0	0	0	0	0	0	0	0	0	0	0	0	0	0	0	0	0	0	0	0	0	0	0	0	0	0	0	0	0	0	0	0	0	0	0	0	0	0	0	0	0
Complex(2,5)	0	0	0	0	0	0	0	0	0	0	0	0	0	0	0	0	0	0	0	0	0	0	0	0	0	0	0	0	0	0	0	0	0	0	0	0	0	0	0	0	0	0	0	0	0	0	0	0	0	0	0	0	0	0	0	0	0	0	0	0	0	0	0	0	0	0	0	0	0	0	0	0	0	0	0	0	0	0	0	0	0	0	0	0	0	0	0	0	0	0	0	0	0	0	0	0	0	0	0	0	0	0	0	0	0	0	0	0	0	0	0	0	0	0	0	0	0	0	0	0	0	0	0	0	0	0	0	0	0	0	0	0	0	0	0	0	0	0	0	0	0	0	0	0	0	0	0	0	0	0	0	0	0	0	0	0	0	0	0	0	0	0	0	0	0	0	0	0	0	0	0	0	0	0	0	0	0	0	0	0	0	0	0	0	0	0	0	0	0	0	0	0	0	0	0	0	0	0	0	0	0	0	0	0	0	0	0	0	0	0	0	0	0	0	0	0	0	0	0	0	0	0	0	0	0	0	0	0	0	0	0	0	0	0	0	0	0	0	0	0	0	0	0	0	0	0	0	0	0	0	0	0	0	0	0	0	0	0	0	0	0	0	0	0	0	0	0	0	0	0	0	0	0	0	0	0	0	0	0	0	0	0	0	0	0	0	0	0	0	0	0	0	0	0	0	0	0	0	0	0	0	0	0	0	0	0	0	0	0	0	0	0	0	0	0	0	0	0	0	0	0	0	0	0	0	0	0	0	0	0	0	0	0	0	0	0	0	0	0	0	0	0	0	0	0	0	0	0	0	0	0	0	0
Complex(6,10)	0	0	0	0	0	0	0	0	0	0	0	0	0	0	0	0	0	0	0	0	0	0	0	0	0	0	0	0	0	0	0	0	0	0	0	0	0	0	0	0	0	0	0	0	0	0	0	0	0	0	0	0	0	0	0	0	0	0	0	0	0	0	0	0	0	0	0	0	0	0	0	0	0	0	0	0	0	0	0	0	0	0	0	0	0	0	0	0	0	0	0	0	0	0	0	0	0	0	0	0	0	0	0	0	0	0	0	0	0	0	0	0	0	0	0	0	0	0	0	0	0	0	0	0	0	0	0	0	0	0	0	0	0	0	0	0	0	0	0	0	0	0	0	0	0	0	0	0	0	0	0	0	0	0	0	0	0	0	0	0	0	0	0	0	0	0	0	0	0	0	0	0	0	0	0	0	0	0	0	0	0	0	0	0	0	0	0	0	0	0	0	0	0	0	0	0	0	0	0	0	0	0	0	0	0	0	0	0	0	0	0	0	0	0	0	0	0	0	0	0	0	0	0	0	0	0	0	0	0	0	0	0	0	0	0	0	0	0	0	0	0	0	0	0	0	0	0	0	0	0	0	0	0	0	0	0	0	0	0	0	0	0	0	0	0	0	0	0	0	0	0	0	0	0	0	0	0	0	0	0	0	0	0	0	0	0	0	0	0	0	0	0	0	0	0	0	0	0	0	0	0	0	0	0	0	0	0	0	0	0	0	0	0	0	0	0	0	0	0	0	0	0	0	0	0	0	0	0	0	0	0	0	0	0	0	0	0	0	0	0	0	0	0	0	0	0	0	0	0	0	0	0	0
Complex(11,20)	0	0	0	0	0	0	0	0	0	0	0	0	0	0	0	0	0	0	0	0	0	0	0	0	0	0	0	0	0	0	0	0	0	0	0	0	0	0	0	0	0	0	0	0	0	0	0	0	0	0	0	0	0	0	0	0	0	0	0	0	0	0	0	0	0	0	0	0	0	0	0	0	0	0	0	0	0	0	0	0	0	0	0	0	0	0	0	0	0	0	0	0	0	0	0	0	0	0	0	0	0	0	0	0	0	0	0	0	0	0	0	0	0	0	0	0	0	0	0	0	0	0	0	0	0	0	0	0	0	0	0	0	0	0	0	0	0	0	0	0	0	0	0	0	0	0	0	0	0	0	0	0	0	0	0	0	0	0	0	0	0	0	0	0	0	0	0	0	0	0	0	0	0	0	0	0	0	0	0	0	0	0	0	0	0	0	0	0	0	0	0	0	0	0	0	0	0	0	0	0	0	0	0	0	0	0	0	0	0	0	0	0	0	0	0	0	0	0	0	0	0	0	0	0	0	0	0	0	0	0	0	0	0	0	0	0	0	0	0	0	0	0	0	0	0	0	0	0	0	0	0	0	0	0	0	0	0	0	0	0	0	0	0	0	0	0	0	0	0	0	0	0	0	0	0	0	0	0	0	0	0	0	0	0	0	0	0	0	0	0	0	0	0	0	0	0	0	0	0	0	0	0	0	0	0	0	0	0	0	0	0	0	0	0	0	0	0	0	0	0	0	0	0	0	0	0	0	0	0	0	0	0	0	0	0	0	0	0	0	0	0	0	0	0	0	0	0	0	0	0	0	0	0
Complex(21,)	0	0	0	0	0	0	0	0	0	0	0	0	0	0	0	0	0	0	0	0	0	0	0	0	0	0	0	0	0	0	0	0	0	0	0	0	0	0	0	0	0	0	0	0	0	0	0	0	0	0	0	0	0	0	0	0	0	0	0	0	0	0	0	0	0	0	0	0	0	0	0	0	0	0	0	0	0	0	0	0	0	0	0	0	0	0	0	0	0	0	0	0	0	0	0	0	0	0	0	0	0	0	0	0	0	0	0	0	0	0	0	0	0	0	0	0	0	0	0	0	0	0	0	0	0	0	0	0	0	0	0	0	0	0	0	0	0	0	0	0	0	0	0	0	0	0	0	0	0	0	0	0	0	0	0	0	0	0	0	0	0	0	0	0	0	0	0	0	0	0	0	0	0	0	0	0	0	0	0	0	0	0	0	0	0	0	0	0	0	0	0	0	0	0	0	0	0	0	0	0	0	0	0	0	0	0	0	0	0	0	0	0	0	0	0	0	0	0	0	0	0	0	0	0	0	0	0	0	0	0	0	0	0	0	0	0	0	0	0	0	0	0	0	0	0	0	0	0	0	0	0	0	0	0	0	0	0	0	0	0	0	0	0	0	0	0	0	0	0	0	0	0	0	0	0	0	0	0	0	0	0	0	0	0	0	0	0	0	0	0	0	0	0	0	0	0	0	0	0	0	0	0	0	0	0	0	0	0	0	0	0	0	0	0	0	0	0	0	0	0	0	0	0	0	0	0	0	0	0	0	0	0	0	0	0	0	0	0	0	0	0	0	0	0	0	0	0	0	0	0	0	0	0
