InsDel1a	InsDel1b	InsDel1c	InsDel2a	InsDel2b	InsDel2c	InsDel3a	InsDel3b	InsDel4	InsDel5a	InsDel5b	InsDel5c	InsDel6	InsDel7	InsDel8	InsDel9	InsDel10	InsDel11	InsDel12	InsDel13	InsDel14	InsDel15	InsDel16	InsDel17	InsDel18	InsDel19a	InsDel19b	InsDel19c	InsDel23	InsDel_A_alpha	InsDel_A_beta	InsDel_B	InsDel_C	InsDel_D	InsDel_E	InsDel_F	InsDel_G	InsDel_H	InsDel_I	InsDel_J	InsDel_K	InsDel_L	InsDel_M	InsDel_N_alpha	InsDel_N_beta
A[Del(C):R1]A	0.00387183661702857	0.0013705566747994	0.000433349609930679	0.0088160408089665	0.00127755929052034	0.000846171642316292	0.00827106391115882	0.0269831348427078	0.00354690213726061	0.0105767878573484	0.0129003072902153	0.0116977355396398	0.00433419733785044	0.00127720496553123	0.0049629545502981	0.0271896664318534	0.00128630831721622	0.000539200748632093	0.0179394423422089	0.00746549925843038	0.00346722024893582	0.00348866428663158	0	0.00192310228168503	0.000628541236696115	0.0125725069111762	0.00362697547463259	0.00331706393552425	0.0050205079127995	0.0218938595434098	0.00674139839565253	0.00856796414257935	0.00281767055895852	0.000405001825115288	0.00171482436705748	0.00183817781674	0.000962103548260968	0.00186519381659902	0.0470528242501199	0.00950731417083684	0.00172882361380051	0.000329820822406193	0.0977530324592793	9.39868076040543e-05	0.00255112453142617
A[Del(C):R1]G	0.000198454830195067	0.000132625872154203	6.16732462772602e-05	0.000428990666354246	0.000395810629763527	0.000134617247072442	0.00207565212947777	0.00255138169265066	0.000806729588942924	0.00120515701193626	0.0017191601363781	0.0022105621127305	0.00017774767258977	3.93698150804842e-05	0.000301558322164672	0.00224495139050321	0.000326351690171105	4.56794941233559e-07	0.00171130718118193	0.00173743567470322	0.000258942771620701	0.00119990413914234	0	0.000448396066317694	0.000132331300950117	0.00136770308474932	0.000943403502588204	0.000547554827894796	0.00015656909994125	0.00158810383173233	0.000428340026550612	0.00123707023784944	5.0689683838304e-05	0.000105356193311086	0.000253547382862373	0.000360756208934884	0.00106166858719919	0.0020662927509859	1.01312332412517e-05	0.000901730703567594	7.76521717029532e-05	0.000164243905972505	7.13146943135247e-06	1.05288407285117e-05	6.77395754288758e-05
A[Del(C):R1]T	0.00399328561618057	0.00142156631794985	0.000585568744010425	0.00677998263608957	0.000155808702001022	0.000103374955831669	0.00266156556648545	0.0068003146553115	0.00153572339488341	0.0106185157102973	0.00761714765915007	0.0120404924509721	0.00450789891612298	8.89607775520962e-05	0.00371904650110766	0.0414965641797728	0.00195815344815468	0.000174678385527713	0.00792391251642371	0.00697810086299326	0.00258332914513052	0.00144493000067902	0	0.00244899683323421	0.00114026473763329	0.00889476391446436	0.00492165587975216	0.00388411622759811	0.00244889908064923	0.0163607922341756	0.00385878989889349	0.00774321707436593	0.0074926111337525	0.000532439566504848	0.00303014949843888	0.000175170671032874	0.00259981813972011	0.00101864843369662	0.0322646007956395	0.000359642714180608	0.00958351043848386	4.62299372707967e-05	0.0013858822261595	0.000104786966273627	0.00271374919279258
A[Del(C):R2]A	0.000973690583322449	0.00252005556335275	0.000287728703206837	0.000556633787250519	0.000335759476495373	0.000234867603127629	0.0173517443869943	0.0263647956437333	0.000721388618363364	0.00608354578080315	0.0163611738314586	0.00387806416145721	0.00104129305843089	0.000125787974807756	0.00257242171522675	0.00606149890092453	0.00100550489896729	3.65435952986847e-07	0.00284505341209287	0.0017731859856391	0.00081193770333991	0.0160056433423594	0	0.0010947010257067	0.000609022458286383	0.0030258070368816	0.0026246273298752	0.000392806994014291	0.0167641454156569	0.0106899233486409	0.00174049528513897	0.00582433187257128	0.0011685661780857	0.000155416374472789	0.000706239914292852	0.000788828020804424	0.000685166308671683	0.00176750073197804	3.37707774708389e-05	0.00193898613962938	0.00432669372380515	0.000105931788776948	0.00310060443165358	0.000141098113966857	0.000185787029058404
A[Del(C):R2]G	0.000200846808720967	4.33739959478912e-05	2.47635320850908e-05	0.00015976066074624	6.9960212873625e-05	7.82632553741735e-06	0.00262202852567735	0.00442176122161364	0.000452501759579538	0.000573085003306192	0.00195362952872798	0.000433002564534265	0.000204715155029492	2.27039907936788e-05	0.000191003589545992	0.000718710120994284	0.00024703468515523	4.56794941233559e-08	0.000397748174457544	0.000327205193147195	0.000113514371119931	0.00469756809810759	0	0.000229366461337587	0.000240861371654458	0.000696789928555765	0.000403665712728842	0.000355956911779765	0.0016556005923476	0.000586450993841453	0.000358732393626483	0.00061469893075776	2.9737947851805e-05	4.57457697060174e-06	0.00019947485907898	2.07373624134891e-05	0.000320918347878054	0.000350302918171648	6.75415549416779e-06	7.31560770096737e-05	0.000140145724252107	1.9427918423617e-05	2.81296849792237e-05	2.31969737043439e-05	7.3143401569625e-05
A[Del(C):R2]T	0.00195463648967728	0.000432692007898467	0.000147697048816482	0.00338098608032566	0.000105441402438214	0.000158340854272176	0.00613334287890706	0.0111638899033256	0.00129208134204977	0.00741894648342343	0.00740177390264484	0.00608880583774904	0.00202892885234729	9.07884218204602e-05	0.00566982995468085	0.0145361009042916	0.00103065551357988	0.000360502567621525	0.00350128646976525	0.00219878471613533	0.00138228799975435	0.0136313993507036	0	0.00131970924490438	0.000326345244943622	0.00468652018539551	0.00242208104473738	0.00235350901077996	0.00546199908892307	0.0126925541583967	0.00403457866678662	0.0066825356625441	4.32551968753527e-05	5.10791627617901e-05	0.000917804158770558	0.000900839798517819	0.00237968509195547	0.00200465249513659	0	0.000427747885574209	0.00204224041530976	0.000248960975069358	0.00459742062674523	0.000109214704610213	0.000966652980169588
A[Del(C):R3]A	0.000278377287290635	0.000467338407096239	0.000319394563026682	0.00093041304878805	0.000934525663450952	0.000208942320640551	0.012518532456467	0.014500758009393	0.000725584583923155	0.00457599802547274	0.0101533323087298	0.00169467600100906	0.0016465826588813	0.000175083693961754	0.00196231115738363	0.00416455238107594	0.00221705428639446	0.000364750760574997	0.0004145594153854	0.000706335549105708	0.000371955014882537	0.0170119371392974	0	0.000642561341140621	0.000182275542955316	0.00276800767480321	0.0031347192619213	0.00135451097283267	0.00692161482699132	0.00505830285131578	0.00196164889635937	0.00399301973335419	5.67724458989004e-05	5.15561328724689e-05	0.00177329303098586	0.000407703934755177	0.00212394730498598	0.000978851103401385	1.01312332412517e-05	0.0008455216001304	0.00290859580159552	0.00011580173857464	0.00150196670079207	0.000146765959960753	0.000310214483873462
A[Del(C):R3]G	0.000221062996637562	1.00915337307755e-05	5.66968876085537e-05	0.000206775429183335	7.73244458076908e-05	4.7237795790488e-05	0.00174209554648821	0.00205876356136897	0.000278410596403089	0.000719338768776517	0.00129456880822857	0.0006634574318803	0.000288797271527266	3.26640461464689e-05	0.000600873313579644	0.00053139195170818	0.000508880408102123	6.85192411850339e-07	0.000370731256675778	0.000154255320364173	0.00010321922842942	0.00386881566320711	0	0.00022450534510461	7.92312576607814e-05	0.000641001544065931	0.000197369106066034	0.000123525627772073	0.000786873893982213	0.000465695471771048	0.000159423933471392	0.000585679941349046	4.7310371582417e-05	9.06243210289824e-06	0.000202991771194973	0.000160287341327425	0.000615001291098371	0.00081226879203293	0.00019924758707795	0.000333567641866591	0.000107241380274177	1.18836464518183e-05	4.75431295423498e-06	1.85717840912793e-05	0.000125434135329988
A[Del(C):R3]T	0.000457806741389361	0.000314357475427205	0.000222469137338266	0.00145718389796911	0.000222593511682894	8.42733841257351e-05	0.00568627672714587	0.00606040334044224	0.000935134416583494	0.00534762254389663	0.00484411846265614	0.00263641954388656	0.00120683857698502	0.000146478141778307	0.00205591837450667	0.00455832528278778	0.00105208171518054	1.37038482370068e-07	0.00197053137327122	0.000741859592250854	0.000336401319330296	0.011031746174598	0	0.000649825078040472	0.000420618172276454	0.00314183557906911	0.000604303093851362	0.000736526401817649	0.00400965876982736	0.00297243603743025	0.00162563698215099	0.00298159251030296	3.10896727541598e-05	0.000103730158842863	0.000774270183036592	0.000129008101473226	0.00123734483164067	0.000842464836370324	4.72790884591745e-05	0.000399240355465305	0.000689223151319616	0.000111093659073442	0.00175037955265085	4.87278499069264e-05	0.000322033174594197
A[Del(C):R4]A	0.000593296965134963	0.000166284316999417	0.000440805700700993	0.00050181746452151	0.00130522583535062	0.000476453281100898	0.010975652580115	0.00696506494611835	0.00165637120724568	0.00280497695512251	0.00495708917482075	0.00123767925559112	0.000735411660452265	0.000703443643915324	0.00130915315612082	0.00300734015100905	0.000561141284871387	5.02474435356915e-07	0.000469332559823387	0.000635173230532714	0.000639823489580763	0.0209985050370383	0	3.40836885300677e-06	0.000107828126119646	0.00182801105465399	0.000885982127259496	0.00038867363165946	0.00472843196402366	0.00241703646354976	0.00281528432910306	0.00189747973585521	3.78482972659336e-05	0.00015194750094058	0.000597215638697068	0.000213123739102551	0.00386352268098412	0.000533303428528003	3.37707774708389e-06	0.00250962177462114	0.00152699036992166	8.40647448286143e-05	5.94289119279373e-06	0.000255778951756146	0.00100868080218683
A[Del(C):R4]G	0.000393903291997551	1.11234860504505e-05	3.55356309988487e-05	0.00018429262451224	0.000413387950268231	0.00011924999834967	0.00238523141029985	0.00183352356631461	0.000404358575788255	0.000757488060020603	0.000815574809209135	0.000273841912854108	6.0155453054191e-05	0.000161240307659004	0.000257549451280827	0.000687046817433032	0.000344150919797927	2.2839747061678e-07	0.000560412198770005	0.000506462006000077	4.54745247485355e-05	0.00515589923695561	0	4.41411703913992e-06	9.46209502781859e-05	0.000291772712903196	0.000182647406917791	0.000251678620358934	0.000846917805216198	0.000239524359884456	0.000983792953028282	0.000503529264818956	3.31172601076919e-05	5.15994937916215e-06	0.00019463910491949	6.68652927263447e-05	0.000668930630323842	0.00129305318637157	3.37707774708389e-06	0.000844354603886976	1.7264705176883e-05	0.000119857493807599	3.96192746186249e-06	4.45146090001852e-05	0.000136699369663727
A[Del(C):R4]T	0.0002091962979766	0.000185867412182088	9.02680677032902e-05	0.000819811135274858	0.000848080378688225	0.00021830500039784	0.00532151564098088	0.00318267098915126	0.000273759147739768	0.00217425203564374	0.00249450060268999	0.000974626120047354	0.000346908849895469	0.000484258530212071	0.000929134812273323	0.00218513094681244	0.000681935691773122	4.56794941233559e-07	0.000901763963652168	0.000497507952456102	0.000260592185554564	0.0100589207243385	0	0.000216179985119397	0.000157542319059273	0.00137336530988679	0.000255619601320576	0.000463155445590469	0.0022686631643367	0.00107761697102126	0.000856984515136977	0.0015079903459119	3.78482972659336e-05	3.88080226415977e-06	0.00244535295565141	0.000288833586176742	0.00212521927214316	0.00116502003812383	2.36395442295873e-05	0.00117630668532908	0.00057726257829001	0.000120453094226425	1.70362880860087e-05	0.000147447806095358	0.000118343792482408
A[Del(C):R5]A	0.000911302398826557	0.000255464196532263	0.000364102950206079	0.000969773760245973	0.00420332174198565	0.000397830492893606	0.00752351624925613	0.00702792547996476	0.000391011540602999	0.000974232653059466	0.00359151521360417	0.000882120958698533	0.000616728078482455	0.00161295720863765	0.000729893108965823	0.0025659030713902	0.000781921023648853	9.13589882467118e-08	0.000430036685952824	0.000798448507680882	0.000261763817223451	0.0145637654044718	0	0.00023182495690369	0.000266538386588748	0.00127658295338032	0.000918905901058613	0.000584598759195887	0.00192739565959617	0.00153674576887627	0.0021139940874995	0.000761141834758653	5.00138213871266e-05	0.000256393114949461	0.000297179073801412	0.000146766488662505	0.000612674521908393	0.00131374395761071	1.01312332412517e-05	0.00286123774276494	0.00148163151723932	0.000163194514758383	0.00155505652878103	0.000849120037575859	0.000308911464505652
A[Del(C):R5]G	0.000137920170184612	2.78187146641077e-05	7.8174446155519e-05	0.000336156911265517	0.000774809639082772	0.000123379066144453	0.000548417017660644	0.000937599735135092	0.000249135455112575	0.000204408812181302	0.000276230981546143	0.000188534257588882	0.000180008153560415	0.000422695891872881	0.000165525761745814	0.000300247807175565	0.000338477686023928	4.56794941233559e-08	0.000249484601264929	4.25339511085479e-05	5.15365774353509e-05	0.00219714609173316	0	4.30236724068068e-06	5.76951259067974e-05	0.000172233860119772	0.000151989251520664	0.000155679560039158	0.000465348993947598	7.5433339626775e-05	0.000185074859983618	0.000181549769541802	2.50069106935633e-05	7.21417292401767e-05	0.000702942809184108	6.36900284369742e-05	0.000291652762066341	0.000341661760809596	6.75415549416779e-06	0.00144048910679756	5.06760698640736e-05	2.43628933224628e-05	2.37715647711749e-06	0.000100548156136838	4.51568116697125e-05
A[Del(C):R5]T	0.000352145490833994	7.57445003011081e-05	7.57050384494899e-05	0.000972602547993953	0.0027272321902107	0.000612460474693127	0.00324042185427361	0.00275264126819284	0.000517967103823246	0.000890138732335362	0.00188072458922894	0.000463057015613059	0.000283568173655369	0.0017812238665942	0.00042355592675872	0.00144348663072765	0.000907522521763672	1.82717976493424e-07	0.000531305929821298	0.00023978893881074	0.000346261284543791	0.00768689404325775	0	0.000233724703477497	0.000389844685735634	0.000380539187742372	0.000805788876758457	0.000213390303114407	0.00126691263602234	0.000522444880070885	0.000577678655087671	0.000578743225823071	5.27172711918361e-05	0.000356242471528164	0.000604249462929054	0.000349637010714289	0.00123109874901513	0.000254530090742234	1.01312332412517e-05	0.00358849521421405	0.000216848857191572	0.000272926801445936	5.54669844660748e-06	0.000648975468865067	0.000247656480445676
A[Del(C):R6]A	0.00035807538853601	0.000378218524791281	0.000282874360122237	0.00147411448236764	0.00420238713750014	0.000858343867305579	0.00261020992638203	0.00270191446130308	0.000261060830914085	0.000213462345360576	0.00107488639660161	0.000138054451407994	0.000144656897103031	0.00270703970972717	0.000409737763401316	0.00124199006607811	0.000329643031902586	1.37038482370068e-07	0.00143597891317513	0.000166803297263875	9.5264305877545e-05	0.0026198437453412	0	1.93327151334483e-05	0.000111261166021267	0.000351488341431369	0.000754855846895871	0.00114295285605709	0.000745634943958871	0.00016434125148081	0.00172778399514627	0.000351696796560485	3.98758846194658e-05	0.000596429442944331	0.000536329097688938	0.000239172452690987	0.000878970670402183	0.000354047419695204	0	0.00890384582590899	0.000639769131370171	0.000350610113215698	4.75431295423498e-06	0.00120619575570413	0.00086223711377253
A[Del(C):R6]G	3.08713649865152e-05	2.11310236621827e-05	3.91848355450446e-05	5.47636451173145e-05	0.00120613523929591	0.000175881979351896	0.00045701418138387	0.000409284961968016	8.72733231399895e-05	4.18327025274973e-05	0.000121805478006928	5.59789402468357e-05	2.49847018340207e-05	0.000678912008853281	7.83563383288507e-05	0.000146003307435284	0.000317506209267751	2.2839747061678e-07	0.000325842350450632	2.72553832973739e-05	1.76901166006315e-05	0.000347204750032275	0	7.82248589214669e-07	5.2586856912289e-05	5.67701954994187e-05	7.76576860766855e-05	0.000195750038056949	9.78969264133044e-05	8.20682584218522e-05	0.000242009260669511	0.00014344480326206	1.41931114747251e-05	0.000111188236937114	6.25350935625012e-05	5.08042286299286e-06	0.000256472011913886	0.000452508607192813	3.37707774708389e-06	0.00398545992700468	0.000131149356795478	8.81772239109858e-05	1.18857823855875e-06	0.000114385371130961	4.73270579746263e-05
A[Del(C):R6]T	0.000362507279484432	7.27886368738219e-05	9.80948981330042e-05	0.000542294941347351	0.0023780054008879	0.000560480181377124	0.00154304992814037	0.00113494520520738	0.000519029897731483	0.000155950072153263	0.000698703381883465	9.76601319222061e-05	0.000178022595951065	0.00117575032803488	0.000211240695090566	0.00051092189340222	0.000537419805484302	1.82717976493424e-07	0.000489438546822191	0.000103812980453292	0.000181782457426823	0.00224673559059202	0	3.96711784530297e-06	0.000150393101944556	0.000146088098439869	0.000348500314872753	0.000249089797340931	0.000219043938755558	0.000221704863691963	0.000156417370868326	0.000182088499610388	0.00199176664361976	0.000256187150583486	9.03406799795711e-05	0.000363354152444369	0.000302655795035833	0.000452412594333235	6.75415549416779e-06	0.00529490264939219	0.000211843652753997	0.000360423339163978	3.16954196948999e-06	0.000679958273118921	0.00076260624826462
A[Del(C):R7]A	0.000135186480440726	0.000159000653533804	0.000254829547406102	0.000618435161290182	0.00318944477962589	0.000691374225038561	0.0012964748349286	0.000707569620529488	0.000333123778899834	5.14743050824646e-05	0.000173961107688545	0.000115758642541973	4.97805674198794e-05	0.00307558158755547	3.99557943192588e-05	0.000337612363089283	0.000300150877703399	0.000182489579022807	0.0003840709602801	5.4526144017419e-05	3.78573973011967e-05	4.73982742906569e-05	0	2.96136965916982e-06	0.000125730662376381	0.000249743132013434	0.000613654795340423	0.000208350227383704	0.000180791556902328	6.77368338244854e-05	0.000759518605941409	5.77357919932421e-05	2.9737947851805e-05	0.000456785602813308	0.00043708623391576	0.000194233803184695	0.00053648058683394	0.000278629318496402	1.68853887354195e-05	0.00765330723890833	0.000381305574426187	0.000353247772213357	1.18857823855875e-06	0.00218156812817862	0.000625745635401532
A[Del(C):R7]G	4.23583845163813e-05	1.75711881408231e-05	2.88341596871617e-05	6.19699423970843e-05	0.000722077677568659	0.000336928596182592	0.000209588829229998	0.000126011829813442	0.000148335664049576	2.0514047989292e-08	1.14223188985987e-05	3.34437132990318e-06	1.67897640645203e-05	0.000663172675723615	6.99014320999347e-05	2.14576347902359e-05	8.1947913044657e-05	9.13589882467118e-08	0.000152667282575247	1.67262423169344e-05	3.64392665019718e-05	7.6614601866626e-05	0	4.24649234145106e-06	2.60132404916651e-05	1.47137156778877e-05	8.08488336982104e-05	5.59160759105941e-05	0.000124359309501966	5.36783887432589e-05	2.64501393560795e-05	3.77258180171866e-05	1.41931114747251e-05	9.52422589187367e-05	0.000171009851640161	3.57938883529043e-06	0.000450927869017579	0.000130913534035095	0	0.00395264909824814	9.41238444884281e-06	8.8801186254518e-05	6.73527668516623e-06	0.000182358328187088	3.7861646379701e-05
A[Del(C):R7]T	0.000104580890845978	0.000109526939417291	4.87837076885491e-05	0.000125272628370032	0.000581425332646005	0.000123999908923291	0.000424619315689497	0.000293490811290732	0.000167327929214944	3.50972567710131e-05	0.00010757477904855	2.35826810556036e-05	1.80866247688092e-05	0.000478687465073363	1.83142506162585e-05	7.582452098729e-05	0.000233468727294885	1.82717976493424e-07	0.000395819542611136	1.15484444260736e-05	6.63417412512932e-05	7.41103452172572e-05	0	1.41363495050937e-05	0.000119985334431057	5.49276186732115e-05	0.000283935010880753	5.10198236808921e-05	0.000108957646903775	0.000199987826630133	0.000163838632989816	3.32235738725741e-05	3.24413976565145e-05	0.000253531294285387	0.000943191868107883	0.000114956113690811	0.000153546084145695	0.000215452856893841	3.37707774708389e-06	0.00177948692805933	0.000101131130701033	0.000246947278415231	5.15050570042123e-06	0.000621968679883622	0.000188340772702339
A[Del(C):R8]A	8.40575079960425e-05	0.000127526107783716	0.000123699399167013	0.000371988222739927	0.000942914583230583	6.2012000664817e-05	0.000476485111158178	0.000330477244121431	0.000384275911678072	1.25158486121336e-05	3.68511383474417e-05	0.000221371943868401	6.39599480539251e-05	0.00239149731237309	3.45454083935087e-05	0.000163855487320225	0.000304178440611658	0.000182763655987547	0.00160404310665754	2.87579771698172e-05	0.000272551958174636	5.38676039681929e-05	0	8.49298468290212e-06	0.000120651886851818	0.000486426832652802	0.000380344304582411	0.000106548201458355	2.19130757597712e-05	0.000402720613950344	0.000387123478460491	0.000101164678950776	4.25793344241753e-05	0.000363873993299025	0.000986274041528797	0.000319777979978608	0.000455126394755938	0.000168214529981288	6.75415549416779e-06	0.00452425115200399	0.000193577906689599	0.000129046757412346	1.58477098474499e-06	0.00090571610777356	0.000337800144737125
A[Del(C):R8]G	6.63402990877484e-06	2.79987063477719e-07	3.41343289444581e-05	6.12693301615511e-05	6.32265564599074e-05	6.93490650272691e-05	3.0439270127521e-05	1.68008317645599e-05	0.000209936303172425	2.27933866547689e-08	1.62501703338977e-06	3.10719779263711e-05	1.75867641119099e-05	0.000293346269132864	2.84280905088192e-05	1.53762989476056e-05	9.2536505851854e-05	1.37038482370068e-07	0.000139857952728687	3.93881697849532e-06	2.32652574250521e-05	2.17035576278627e-05	0	1.78799677534782e-06	2.83314272293577e-05	3.52644995497455e-05	5.23695283387406e-05	5.341479763233e-05	7.46642042527863e-06	8.30919316073784e-05	3.90472560853779e-05	2.63106258496246e-05	2.70344980470954e-05	0.000130061076998293	4.3961401449913e-05	3.45237826371561e-06	0.0001122019809389	3.93652724271278e-06	0	0.00126243830182033	1.56006372080268e-07	0.000103067234381641	0	2.65010864316129e-05	1.81986919062651e-05
A[Del(C):R8]T	2.85829353145497e-05	1.28834047351676e-05	5.31856545305396e-05	0.000197277655794866	0.000263671067865573	4.72211164322506e-05	0.000119546407260599	3.3355634042441e-05	0.000232531025611166	4.98491366139795e-06	1.33339053258435e-05	5.91213025702347e-05	1.90974540972058e-05	0.000421968800120548	2.93423891757142e-05	2.6552461798844e-05	0.000167587758755218	6.85192411850339e-07	7.83828126244319e-05	6.07847550445987e-06	0.000160099663554554	3.80594838690525e-05	0	1.173372883822e-06	4.32492243276391e-05	5.378441407301e-05	0.000122835081105282	3.65124096669603e-05	2.55941946671179e-05	0.000127830241197042	0.000233902958967575	3.62137521103986e-05	3.71724348147562e-05	8.94644164416497e-05	7.59433210047246e-05	8.14368692106561e-05	7.20988213000931e-05	6.61528602494904e-05	6.75415549416779e-06	0.00140187611859325	5.11440889803144e-05	8.00373515203608e-05	3.96192746186249e-06	0.000180755989770768	7.35181830600318e-05
A[Del(C):R(9,)]A	3.10991724651724e-05	1.75071910977425e-05	0.00023739727476297	0.00100575256903313	9.88428695645711e-05	3.63239357171158e-05	0.000290618506413036	0.000181968627154868	0.000458671485254625	2.7124130119175e-07	7.98180047002134e-06	0.000278121511065975	5.39627349159375e-05	0.000682868048978474	0.000136437868075318	2.92173168310079e-05	0.000461675638532205	4.56794941233559e-07	0.00013741501905657	1.10102346325814e-05	0.000285086895432163	2.71555330415926e-05	0	6.14623891525812e-06	0.000249898170845667	0.000282532929840391	0.000135223675345945	0.000123756996012812	8.36586362999824e-05	0.00018969801542451	0.00113906859126253	6.82704547629889e-05	0.00386322977092994	8.84671153011394e-05	0.000306410968105893	9.32603987827122e-05	0.00019174646364692	0.000184728741828766	6.75415549416779e-06	0.00114993257022768	9.8934040960903e-06	0.000128337709294696	1.18857823855875e-06	1.89283327991661e-05	0.00011847453021162
A[Del(C):R(9,)]G	2.271171529643e-06	1.01835294802039e-05	2.18933501143431e-05	5.26828794553927e-05	5.06713275279756e-07	1.7858032886231e-05	1.85356449379876e-05	9.96792192998293e-06	4.04689836227185e-05	0	3.06797821656575e-07	1.01528230306009e-05	8.85586463806735e-06	9.31415551280102e-05	1.69663670145473e-05	1.0756576301703e-05	7.10345167771164e-05	9.13589882467118e-08	4.55157115752289e-05	7.4250983755238e-07	1.98142696003289e-05	1.35908095241785e-05	0	2.79374496148096e-07	7.03242297373314e-05	1.28442399199111e-05	3.89686365142102e-05	1.77403161885882e-05	2.11837974856742e-06	4.75818462161251e-05	4.44895149744705e-05	6.62434262906408e-06	4.05517470706432e-05	0	3.7367191232426e-05	7.71300561927099e-05	5.79727470178316e-05	7.52260754796454e-05	0	0.000895458098759187	3.7701539919398e-07	1.08058933129899e-05	0	3.84958963495235e-07	1.27774340682877e-05
A[Del(C):R(9,)]T	4.2075350982292e-06	1.31993901353782e-07	2.86135930543541e-05	0.000118572036162527	3.87354148213858e-06	3.01562796933117e-05	2.63580272053953e-05	3.14097644659821e-05	0.000177679817931533	2.27933866547689e-09	1.48847514572943e-06	3.95862834597711e-05	2.66342420017886e-05	8.18903610877442e-05	1.24985570340498e-05	1.46791233322198e-05	0.000191027741810005	0	3.74315297523687e-05	2.90852965952471e-06	2.93546989041273e-05	3.86594620246305e-05	0	5.08461582989535e-06	0.000247432516758249	2.18822809944454e-05	7.09379583056799e-05	3.22727429853026e-05	5.55640589788177e-06	8.88927463253602e-05	3.91233715943162e-05	1.64629570959108e-05	4.86620964847718e-05	8.88898842628774e-07	7.07778563343599e-05	1.43983802503457e-05	6.24815086481874e-05	8.74197086460972e-05	0	0.000338359620191153	1.39105681771572e-06	4.65702803672688e-05	0	7.35257415148095e-06	1.75580770331279e-05
G[Del(C):R1]A	0.00121499047764739	0.000128642056222434	0.000103937567448866	0.00328491265211773	3.72940970605901e-05	0.000109689019555558	0.00474333956034641	0.015813679454176	0.000653066152833877	0.00510204431673948	0.00682498051231194	0.00427550565903168	0.00213017562840225	1.45175986549129e-05	0.00367742234736531	0.00996625140467007	0.000632543912236892	0.00036328901676305	0.00227114079039801	0.000991360471865793	0.001558239687629	0.00300915131029099	0	0.00180727361558203	0.000406307940659044	0.00240471070232506	0.00198761256267086	0.000487386578911153	0.00179445864848935	0.0257815731501655	0.00451159456130332	0.00645823834113151	3.37931225588693e-05	0.000262604566618074	0.000710855861445093	0.000410371156758249	0.00545314036798734	0.000754613069856124	0.0070243217139345	0.00032945398010852	0.00010887944718102	2.47032364189349e-05	0.00465605715318079	8.80575872585595e-06	0.000307072420448075
G[Del(C):R1]G	0.000224407624619665	9.45556311516183e-06	5.85205513002355e-05	0.000698025764798983	6.94985407783701e-05	0.000144984394848031	0.00264268981797061	0.00407648865881603	0.000655812853973345	0.000617623280829611	0.0011139306336632	0.00189524101720752	0.000344945508315314	0.000166737561968309	0.000366492379033126	0.0012695354426125	0.000506281980419375	1.82717976493424e-07	0.000529875527868545	0.000642115038481429	0.000103684837897835	0.001733962955627	0	0.000225846342686121	0.00016652603000458	0.00182889871940238	0.000390698662725969	0.000778235217107703	0.00115750353113936	0.00067058934692737	0.000836699732004905	0.0010756390937261	3.31172601076919e-05	5.52092903110774e-05	0.000928025184607663	0.000268511894724771	0.000415085282295531	0.000590239054257971	1.68853887354195e-05	0.00108521533480327	9.82840144105686e-06	0.000119034997991125	5.94289119279373e-06	2.81233120268585e-05	6.845863293954e-05
G[Del(C):R1]T	0.00363725359169555	0.000706527355610061	0.000258437454369985	0.00507393389719344	9.92257195947825e-05	0.000209518685130756	0.00160945515151912	0.00914081552840305	0.0019257549566879	0.00812145689483273	0.00622491431579338	0.0096230132610608	0.00654806630223955	3.34241875239078e-05	0.00452179130488206	0.0319403620049257	0.00204521160230874	3.65435952986847e-07	0.0014996237641066	0.00441188361600287	0.00420282538824792	0.00363845013747195	0	0.00110531725656033	0.000221348491938715	0.00536466915423504	0.00300564649951352	0.00372338408543686	0.00225583133946627	0.0673473906308896	0.00398753928226272	0.00646064112250884	3.51448474612241e-05	0.000391494898799246	0.00157205971584889	0.000275809229382524	0.0158781521647071	0.00190633532692835	0.0179964473142101	0.000361761541735075	0.00295424066596	4.89526820425736e-05	0.00613861040940974	0.000143424913901193	0.0011597308165937
G[Del(C):R2]A	0.00107782966572497	6.35370643334795e-05	0.000342986745504352	0.00309939790701419	0.000302541606227033	0.000271300881304301	0.0242098479881556	0.0312556120816999	0.00144599322348802	0.00525692993773597	0.0155360646899457	0.00363217430965124	0.0015844721952579	3.32104666148887e-05	0.00256800103404351	0.00619466798466525	0.000990942877161886	4.56794941233559e-07	0.00135730680577374	0.00169432836540651	0.00154200726341641	0.0179397642278885	0	0.00105268310148603	0.000129788963840841	0.00413328985569328	0.00152187854665689	0.000658624089841113	0.0226836624389653	0.0300898723636501	0.0063188812055357	0.00553457318889618	4.66345091312396e-05	0.000252685756361911	0.00224082253540569	0.000640548951698619	0.0087208136536057	0.00209442451884236	1.01312332412517e-05	0.000184173888391951	5.86193943091606e-05	2.61213326542354e-05	0.00142708627176287	2.83534350972874e-05	0.000529182748605789
G[Del(C):R2]G	0.000290071404528371	5.71973572533055e-05	3.00008163875016e-05	0.000247021124517721	2.60675829393919e-05	6.48641709234211e-05	0.0039560848058472	0.00647167890462066	0.000277237382348542	0.000833816273911428	0.00172009232975929	0.000972972638920041	0.000377217067725468	8.63917200271868e-06	0.000576583131470483	0.000987123800568074	0.000257601624398404	3.19756458863491e-07	0.000494967291448561	0.00026749685768958	0.000143660301800449	0.00628111913873188	0	0.000449792938798435	7.20053575242077e-05	0.000967070394975172	0.000659314236837528	0.000281118665694103	0.00444139150809277	0.0028972301807336	0.00100750293406258	0.0010070777699975	5.60965834477231e-05	7.80496544747216e-06	0.000542593597395551	5.49724846607023e-05	0.000351724771953352	0.00183811819019792	1.01312332412517e-05	7.58584026858535e-05	1.87337651806388e-05	1.79247364141985e-05	0.00157050804588229	3.48735887594392e-06	6.38958861900525e-05
G[Del(C):R2]T	0.00186834922969317	0.000128978040698608	0.000151938498236302	0.00162369256077338	0.000142577855368717	0.000161083682071224	0.00910686845125249	0.018224253998337	0.00127584958054216	0.0062940586619306	0.0073422888392898	0.00463753572594746	0.000714750753300424	3.66333061217042e-05	0.0055140221509306	0.00944159419075952	0.000540895202509977	3.19756458863491e-07	0.00396465634279682	0.00250843987646534	0.00117525916226236	0.0118392645999923	0	0.00063093936210086	0.000645665145346297	0.00251328824041243	0.00146725304084553	0.00122331892713771	0.00408437506538544	0.0229846174450274	0.00247938658815809	0.00701055776251912	5.54207209965457e-05	0.000101768077251207	0.000932311421249029	0.000424734897761801	0.00613482169347225	0.00132776183510915	1.01312332412517e-05	0.000205369457663149	0.000264508803862094	0.00014935389550185	0.00155545272152721	5.8775136802874e-05	0.000443815369354872
G[Del(C):R3]A	0.000630671198148602	4.63058604840222e-05	0.000144244007786272	0.00144506277951827	0.000364642133186319	0.000326277899316967	0.0178207472194619	0.0214088447630283	0.000720367232009994	0.0031004202742643	0.00941425467065674	0.00170112532558708	0.0014699680037805	8.17229096538736e-05	0.00197618587529775	0.00357239938580387	0.00219966647448407	5.48153929480271e-07	0.000818639931071984	0.000558782588251512	0.000527617694091019	0.0278668201880337	0	0.000210480745397976	0.000459148441412862	0.00275665632559651	0.00199108329724412	0.000450599028633583	0.0109856569195442	0.0133434586491046	0.000972375626687528	0.00362865712125264	0.00125845588409229	5.02769857574665e-05	0.000798229146826795	0.000113062501532787	0.00381239580598302	0.00234477805019293	1.68853887354195e-05	0.000274211295435412	3.04472436176656e-05	1.97966234447951e-05	7.52766217753872e-06	2.19582865598131e-05	0.000122078533613555
G[Del(C):R3]G	0.000171580450970446	4.03981334446423e-06	5.53519004391353e-05	0.000355157725803623	7.08272555891037e-05	0.000147490005107701	0.00320887724752135	0.00606992766375231	0.000566372535462017	0.000681102862663142	0.00200154730278518	0.000633792035184402	0.000176461919900079	1.60499996056629e-05	0.00112393698287868	0.000685684495709859	0.000220606510265283	2.74076964740136e-07	0.000755509381966228	0.000178094719053873	0.000122570931760474	0.0074116344998813	0	3.91124294607335e-06	6.6855797671776e-05	0.000771273070625365	0.000653539320144799	0.000165328240997562	0.00134720270124673	0.00146228302308466	0.000748215452864063	0.000896502291634347	2.90620854006276e-05	4.16264823865182e-06	0.000434448549828765	0.000109690948178255	0.000968773619938902	0.00166635118441224	1.68853887354195e-05	9.57666292260234e-05	1.27405203865552e-05	2.35120355812825e-05	9.11243316228372e-06	1.02603638130114e-05	6.69638649022198e-05
G[Del(C):R3]T	0.000695506587225827	1.09354947364012e-05	0.000158841764552472	0.00125333734399598	0.000248188162232025	0.000247028708544757	0.0065272678467864	0.00896324561025243	0.000817205700324112	0.00384997623572904	0.00379546327980617	0.00146833613194366	0.00083190976026669	5.65424002855822e-05	0.00152685049643637	0.0035613748292886	0.000848343331289093	9.13589882467118e-08	0.0015384214080835	0.000603414459167345	0.000301644941952726	0.0209644106261975	0	0.000661726431576381	0.000183891785108313	0.000888727256196657	0.000365449068705505	0.000244574990048664	0.00559557855946183	0.00794070114500576	0.00159187975393683	0.00262133714908145	0.00153691121397738	6.25481258776589e-06	0.000785919954420819	0.000279377071802217	0.00155109673041359	0.00141484549874672	6.75415549416779e-06	0.000162712098102722	6.68227293743813e-06	3.79482552566417e-05	1.1093396893215e-05	6.55779725083303e-05	0.000278401636431954
G[Del(C):R4]A	0.000448528764076776	0.000116570613971352	0.000293080494442024	0.000414430574481963	0.00151697568294252	0.0032209304833519	0.0103288606028523	0.00654501433024839	0.000904354800799503	0.00173657570443754	0.00359698026051521	0.000579870594077887	0.000593987195597183	0.000384101641328219	0.00139533287479527	0.00152870113569246	0.000830403353496122	3.19756458863491e-07	0.00150177740300175	0.000160032837739211	0.000347177287484921	0.0198359038875689	0	0.000213330365258686	0.000202726315015317	0.00123760640124639	0.000277118873816046	0.000258156931099638	0.00313943878737692	0.00353734439778963	0.000653109124445584	0.00150474098871251	3.71724348147562e-05	5.77242236219296e-05	0.000703382423198607	0.000602919183265678	0.00144355862905105	0.00280640787904569	2.36395442295873e-05	0.000789261440607557	8.04082842763713e-05	3.13682887248473e-05	6.33908393897998e-06	0.000130235452734945	0.000329672615904466
G[Del(C):R4]G	0.000275018852794673	7.96763186353738e-06	4.90155372983512e-05	0.000107393846961013	0.000240936532248021	0.0016851656008044	0.00204444762630235	0.00141655950218662	0.000227589724063781	0.000366529054102011	0.000631949570138408	0.000187860894233868	9.09052144644512e-05	0.000177702325924322	7.79604564318446e-05	0.00060312630457519	0.000161340705534612	4.11115447110203e-07	0.0007326872384504	0.000101934738112738	3.92116209184822e-05	0.00796825771221703	0	0.000223834846313855	0.000103026589212568	0.000627229290999974	0.000116983036977592	0.000105991667041442	0.00121329331910778	0.000426538076733587	0.000886935967904221	0.000385603969091517	2.63586355959181e-05	6.69926200908028e-06	0.00019189151732887	6.67036429079768e-05	0.000816240973040398	0.000646118538532577	3.37707774708389e-06	0.000699114627666275	2.19318958082843e-05	3.90827322448821e-05	8.71624041609747e-06	4.11494142233578e-05	4.41283415332473e-05
G[Del(C):R4]T	0.000251109422421061	1.83831506249085e-05	0.000134317570728513	0.000497924589017307	0.00112597319914665	0.00085281929320493	0.00541155806295028	0.00362845778041561	0.000252158206617819	0.00185799379580882	0.00199632836841239	0.00116934783868731	0.000227633766148328	0.00032588472670393	0.00033572670018008	0.00181007608934096	0.00055055269206419	9.13589882467118e-08	0.000899562108960853	0.000438660752668075	6.64421668229121e-05	0.0136709196509515	0	0.00045487755462833	0.000203699599523508	0.000890381540500477	0.00038959959677777	0.000228929494418122	0.00238948026507876	0.00328455778307936	0.000461107753148575	0.00138741780306172	4.39310593265301e-05	5.45155156046354e-05	0.000581389534175099	0.000376089848848645	0.0018661929847185	0.000903288982913215	1.01312332412517e-05	0.000705890499604658	0.000227873307485244	0.000154345594250108	1.22819751317737e-05	9.93123100178685e-05	0.000167701643184122
G[Del(C):R5]A	0.000291286377747876	4.96857043217175e-05	0.00027245798356522	0.000375464945111746	0.00282676193777066	0.00315213183714647	0.00558535099071747	0.00600244103001244	0.00168349315568314	0.000769320107033094	0.00257199739529998	0.000642687913285644	0.000665461715526495	0.00110747090421997	0.000407136253792419	0.00222393789821833	0.000593091118587173	2.74076964740136e-07	0.00122466515053703	0.000529090981848086	0.000265528254559591	0.0138300182062067	0	0.000217520982700908	0.000112930496420165	0.000879581619395044	0.000544963173577992	0.000610205595569616	0.00124651020811605	0.0014716401542768	0.00118968540470654	0.000750126162999098	3.04138103029824e-05	9.93290255488715e-05	0.000854170030171809	0.000316845190416789	0.00225856899971986	0.000901992809308908	2.36395442295873e-05	0.00254673954888856	0.000159789526603214	0.000119715684184069	0.000141044617642305	0.00053179594909501	0.000403107998402664
G[Del(C):R5]G	0.000161056435782176	1.51512999493371e-05	2.96723128918307e-05	9.53201383606971e-05	0.000636589517881461	0.000859253818960533	0.000660396120336468	0.000947168791079096	0.000246568186710861	0.00013210591037371	0.000305678515318224	8.36541741379137e-05	7.74506317829095e-05	0.000339574983077022	0.000111365347931598	0.000479157163066908	0.000564465106948902	2.2839747061678e-07	0.000506587298323169	8.87057610661689e-05	2.34448061743102e-05	0.00553278986268561	0	2.51437046533287e-06	6.45022187701492e-05	0.000128281005608495	0.000151661459922078	0.000170862319188221	0.000336978653938098	0.000262234739074463	0.000185874072827471	0.000223147426980487	4.52827842288849e-05	8.41201831560889e-06	0.000141006195150596	0.000224866443765423	0.000424961124857434	0.000784953133482886	6.75415549416779e-06	0.000898350061324923	1.13754646308528e-05	2.4930131816583e-05	5.94289119279373e-06	8.48458078620181e-05	7.37230055024634e-05
G[Del(C):R5]T	0.000126450408797069	7.91963408122691e-06	0.000130701216531884	0.000747231921882557	0.00237778019498777	0.00249192762612965	0.00403201292937758	0.00336651093149269	0.000447146382483489	0.000821988785576268	0.00145681597051771	0.000323117146811026	0.000404801044975365	0.00131877698729795	0.000305422883540208	0.00137062270389268	0.000440877390288212	5.02474435356915e-07	0.000155238791703791	0.000180306871143859	0.00017368146131623	0.0098033300300623	0	9.16348347365756e-06	0.000219484504638178	0.000753775315509339	0.000395933687373969	0.000270356915901872	0.00158881953896243	0.000680894323661667	0.000300199567252885	0.000476793087486583	7.50207320806899e-05	0.0002029074211747	0.000270692329427839	0.000869791486975574	0.000259388229298657	0.000622691400795457	6.75415549416779e-06	0.0029129028545793	9.18747526242709e-05	9.24598745415933e-05	1.1093396893215e-05	0.000357595625805904	0.00012053147048455
G[Del(C):R6]A	0.000231545592284257	7.89123539335989e-05	8.18546238884496e-05	0.000145548241111139	0.0030039764605785	0.00424619024832573	0.0025983063011925	0.00240193369037132	0.000564592010602763	0.000223420775990045	0.00122308997288954	0.000459682717022933	0.000169910968291048	0.00188725147055106	0.000161463259421775	0.000809866099618542	0.00128011539790568	1.82717976493424e-07	0.000760154170329661	0.000125563246434375	0.00014264995968598	0.00535618759689158	0	2.91108224986316e-05	0.000174542355135685	0.00130622557619025	0.000387565360680665	0.00052335496055259	0.000250229266857419	0.000370289130880006	0.000956277196547066	0.000215660663527342	8.24552190436411e-05	0.000296556166314578	0.00118311121652078	0.000401538148826	0.000292945411616328	0.000152036363142334	1.68853887354195e-05	0.00463522155416388	0.000237298692465094	0.000177545648659624	2.09982155478712e-05	0.000871331175410587	0.000158053198768301
G[Del(C):R6]G	0.000190305535390375	3.23985030595646e-07	4.76564714076897e-05	8.86300816755307e-05	0.0006317701116188	0.00113688544334696	6.98912850414029e-05	0.000558177534042578	0.000495855469524612	6.16583902398153e-05	0.000113240424535295	7.77285766137899e-05	0.000136900725910142	0.000585718675979271	0.000110092870405507	0.000275042719996349	0.000509584148932867	0	0.000171985744903434	0.000182272984471105	3.24618052260341e-05	0.00110320331206724	0	5.14049072912497e-06	9.66913918683389e-05	0.00043488847938254	0.000114958441809857	0.00037574827615653	0.000203190818178164	3.91877260948103e-05	0.000475455526583456	0.000100759499613478	4.59586466800623e-05	1.9133005576095e-05	7.98998471352168e-05	0.000146720303000114	0.000208395789850757	0.000439114813281632	6.75415549416779e-06	0.00425562685108397	1.85907593395652e-06	0.000371115784778144	4.75431295423498e-06	7.68042850120309e-05	5.96076886719096e-05
G[Del(C):R6]T	0.000239808790828278	3.61623291557437e-05	4.22014362167199e-05	0.000261781391314443	0.00120746395410664	0.00172871540516239	0.00123270541427039	0.00100474341868141	0.00018089580469282	0.000160843812268042	0.000360153671387751	0.000166904330262819	4.4973574102697e-05	0.0012448240445065	0.000188354951139832	0.000813680813973478	0.000391875374904394	3.19756458863491e-07	0.00032365656769137	5.07191335189625e-05	0.000177506762635169	0.00274925642489869	0	1.20689782335978e-05	0.000144187675868087	0.000137789777988994	0.000226494353693305	0.000196781815346733	0.000287613460289105	0.000276278018627015	0.000774246956920982	7.66434065432411e-05	0.00203772529029982	0.000101312787600104	0.000134631791940358	0.000492801017710308	0.000232304635927322	0.000522549988255227	6.75415549416779e-06	0.00193747633823945	7.40120230210803e-05	0.000259256353737639	5.54669844660748e-06	0.00021947916816516	9.25187330387952e-05
G[Del(C):R7]A	0.000125994793839754	0.000180623654464669	8.44216440617639e-05	0.000112835444249026	0.00112409272988061	0.00245961970922371	0.000488643814030344	0.000521709254221702	0.000330749745754162	8.50421256089427e-06	0.000139743036359936	5.30161414847738e-05	2.0660907151841e-05	0.00144944749338803	3.80235136314909e-05	0.000135289437143712	0.000342656823880347	9.13589882467118e-08	0.000192397098611252	2.95949483180641e-05	6.01366582048993e-05	0.000199218833658639	0	3.40836885300677e-06	0.000207103145955184	7.49807723073346e-05	0.000313378409177239	0.000167729468144695	0.000147001663535835	0.000197841904322697	0.000694439845799113	9.07941251304935e-05	2.83862229494502e-05	0.000193378859190911	8.49554083019568e-05	0.000191578127597222	0.000358105290132089	5.30951113468334e-05	3.37707774708389e-06	0.00460064929045243	0.000104784279913913	0.000172553949911366	2.77334922330374e-06	0.000968602208562985	0.000162206300632925
G[Del(C):R7]G	2.28532320634746e-05	1.36833677736754e-05	3.73827592259355e-05	6.90392778864491e-05	0.000254505187730512	0.000693894661394443	0.000207548207768935	0.000132706814026699	0.000170005617762969	1.59553706583382e-08	2.11066787085823e-05	7.4818150557118e-06	1.05581678751747e-05	0.000517812712928062	4.23216599418429e-06	3.91571406889587e-05	9.23741041216823e-05	9.13589882467118e-08	0.000160237162572398	1.43866772962442e-05	2.5060744917633e-05	0.000276772531768778	0	2.16235860018626e-05	3.81291579451527e-05	4.3468673739427e-05	6.05450364446412e-05	0.000102883828780698	0.000119844729709937	5.17523666016023e-05	2.15406890295554e-05	1.89811806307934e-05	2.43310482423859e-05	0.00012202846672527	0.000214971253090074	5.55613518561856e-05	0.000367867379533593	1.28177167537111e-05	3.37707774708389e-06	0.00228276135176267	5.09620815462208e-06	0.000220542326513935	2.77334922330374e-06	3.67642912701852e-05	3.10632844606939e-05
G[Del(C):R7]T	6.46179364839614e-05	7.81963870141344e-06	2.77745012682689e-05	0.000134317374297931	0.000240992833723052	0.000986719327873161	0.000596796751466675	0.000218858139278694	0.000281405742871755	1.50185624668272e-05	4.76649187096776e-05	9.62086598013981e-05	3.31463155597278e-05	0.00042011912276878	1.85593203620242e-05	3.86243832125766e-05	0.000336063313635375	4.11115447110203e-07	0.000339214197919061	2.4639024668602e-05	2.62232469891006e-05	7.47885813931279e-05	0	2.40262066687363e-06	9.54290713546844e-05	0.000127339542996564	0.000220902614658609	0.000220775327230981	0.000371463098041827	7.8519524712028e-05	0.00015207878685884	1.64980424575204e-05	3.71724348147562e-05	0.000208858707328398	0.000264427829721226	0.000463623225494892	0.000420793622708275	0.000174743404432616	0	0.000652383721843645	7.5403079838796e-07	0.000172071797191364	2.37715647711749e-06	0.000139434693500979	0.000169331506874961
G[Del(C):R8]A	1.89666984124442e-05	8.46880870716249e-05	0.00011775817880245	0.000379273536437238	0.000198046068569341	0.00113162959224014	7.46527351172163e-05	0.000104614719911384	0.000956693950150576	5.47953015180644e-06	5.14240348761291e-05	0.000150825909708094	2.32629595713673e-05	0.00104729965509775	3.50261221255876e-05	7.8560908586423e-05	0.000240549442730372	3.65435952986847e-07	0.000211892352192026	1.50588903444425e-05	7.02705113409913e-05	3.33118306379576e-05	0	5.36399032604345e-06	0.000146157839660426	5.61649695346061e-05	0.000164782764794874	7.7877299193753e-05	1.104335672204e-05	0.000130924009046632	0.00070475349726026	3.24777269919055e-05	6.15034830571421e-05	0.000291005968663042	0.000409830165016814	0.000132102540853412	0.00051709084358413	0.000430857707357893	3.37707774708389e-06	0.00191766293014406	6.92278276106188e-05	0.00013364138921472	2.37715647711749e-06	0.00038828296340143	0.000195940992693844
G[Del(C):R8]G	1.65333003449696e-06	3.07985769825491e-07	1.63059749436887e-05	5.50006943699386e-05	4.32733137088912e-05	0.000313770233900905	2.71232602532938e-05	1.97047252512677e-05	7.12485994067098e-05	9.11735466190755e-09	1.71773066081346e-06	9.25874613144336e-05	4.38960966867139e-05	0.000219011052344361	6.20214971976227e-06	2.59599159082787e-05	6.22539965658314e-05	1.37038482370068e-07	8.55187504561415e-05	6.75288532732549e-06	6.43271434206347e-05	2.49382224666307e-05	0	1.06162308536277e-05	3.17585684369898e-05	2.71410221553724e-05	9.80578926239563e-05	0.000121374528452766	8.50824653113146e-06	3.72692867174909e-05	0.000102641763803376	2.42326670136496e-05	7.43448696295125e-05	1.04066205966296e-06	5.34131027616443e-05	2.45938652231246e-06	0.000222139239866222	2.34751441669091e-05	2.36395442295873e-05	0.00106804225570863	2.4701008912709e-07	0.000145127968720654	0	2.45152095645785e-05	8.03601242221094e-06
G[Del(C):R8]T	2.50001449683955e-05	4.16060776327891e-05	6.29994618183545e-05	0.000221962384634779	0.000184544974856887	0.000589945194334594	0.000233481105503276	2.06552937225263e-05	0.00013055802049362	5.91260449824705e-06	1.13329766758086e-05	2.92688604979446e-05	1.48541925208599e-05	0.000401052794045106	4.28212251928268e-05	2.3145589840657e-05	0.000138680250784649	1.37038482370068e-07	0.000557792473845301	9.5581665774864e-06	5.51123364248128e-05	2.8198973312163e-05	0	8.10186038829479e-06	7.50077927646289e-05	0.000137171102558297	5.85686459237572e-05	4.4303891503753e-05	3.50748122303787e-05	4.89315782681523e-05	0.000176930500527214	2.4723862076184e-05	6.15034830571421e-05	0.000135622114879617	0.000425546366035157	5.85634199115905e-05	0.000110888648996113	4.16215746272193e-05	0	0.00133008032157982	5.04550608369599e-05	0.00013335776996766	1.34705533703325e-05	0.000101687407386739	0.000196206826076574
G[Del(C):R(9,)]A	2.57456967167282e-05	1.87471338074296e-05	0.000118192741998152	0.000476690243743365	7.6919075187467e-05	0.00043470855395661	0.000127113711845374	5.12449598995794e-05	0.00045225331425034	2.27933866547689e-09	2.01963994575133e-05	0.000143965085302007	9.48679986722035e-05	0.000505328767871341	5.45468699517694e-05	2.68012243078561e-05	0.000231898843903225	4.56794941233559e-07	8.02793006067331e-05	1.33497996532716e-05	0.000126779676171049	2.81728873053987e-05	0	5.75511462065078e-06	0.000215255141048037	0.000188722905294443	0.000115585102218918	0.000133055498012259	7.85710521497344e-05	0.000108729257831557	0.000391462062469977	1.72778429139402e-05	6.75862451177386e-05	0.000131860555143127	0.000380595833052621	2.45707723919291e-05	0.000440865884920478	9.97573611019165e-05	0	0.000499751553793501	3.88195855859733e-05	7.92999414780046e-05	1.58477098474499e-05	3.1856419613816e-05	6.77831546719463e-05
G[Del(C):R(9,)]G	1.78138545053002e-05	4.63978562334506e-07	4.53897972875603e-05	6.22965435895885e-05	2.96933979313937e-05	8.79354298898688e-05	5.39914428239548e-05	1.26295136495072e-05	0.000124581530074576	3.87487573131071e-06	4.83122283993266e-06	1.35570488809498e-05	2.63648726477929e-05	0.000101703611338815	1.17916250751103e-05	1.34107548313341e-05	6.27195481923237e-05	3.19756458863491e-07	4.64960994304863e-05	3.38742653699932e-06	5.19534957175265e-05	1.11648108951025e-05	0	3.24633164524088e-05	0.00017095005049636	3.45785767896246e-05	6.49798639549175e-05	3.75817061309182e-05	4.35830587615101e-06	5.61882837388824e-05	0.000106066961705602	1.60317466838703e-05	2.83862229494502e-05	4.37511674249967e-05	0.000203321481705847	2.22383964411915e-05	8.59767068687571e-05	2.62595170946816e-05	0	0.000505509950882149	2.08008496107023e-06	3.5991282451927e-05	7.92385492372497e-07	6.15792290314333e-06	9.58743347552282e-06
G[Del(C):R(9,)]T	2.07788033563083e-06	8.06762724335085e-06	3.99432093293363e-05	0.000111318329032233	4.74283625661852e-05	0.000137085792091585	6.87009225224496e-05	6.63534070133494e-07	0.000365711524579656	0	1.60310290327145e-06	3.12066505973739e-05	2.03970918051442e-05	5.60279277880982e-05	4.5224793853221e-05	1.39008062975854e-05	0.000265537655612797	4.56794941233559e-08	8.64027067190785e-05	7.32184996616e-06	2.98689995587818e-05	4.36418893166038e-05	0	4.16826748252959e-05	6.50861894750641e-05	7.13494165184592e-05	5.92917156265197e-05	4.54169603375805e-05	1.66692176936453e-06	6.87908380673605e-05	0.000107513156375431	7.58409703696538e-06	6.08276206059648e-05	0	2.09915691923334e-05	6.47176594251705e-05	9.85412604946339e-05	0.000112287039276893	0	0.000262253230803572	2.48310142227759e-06	3.76646360095816e-05	1.18857823855875e-06	8.85547667317083e-06	5.36068269010937e-05
T[Del(C):R1]A	0.00131500486403483	0.000454510999773766	0.000447611354549878	0.00684014046864437	0.000179838171544289	0.000208099086418546	0.0278798206599829	0.0182052799061068	0.000411397860115535	0.00794528680937802	0.0179012854105561	0.0105345153074831	0.00229300246038358	0.000389026035469019	0.00347122443358184	0.00762265233371541	0.00566745227240513	0.00035785315696237	0.00944558697130757	0.00688189750998755	0.00153983746242961	0.00269364105847729	0	0.00174921959528246	0.000483462858035683	0.00813852734669811	0.00279769165299904	0.00140839476014217	0.015789412911021	0.0244786495023921	0.193650261567141	0.0111175653085995	4.52827842288849e-05	0.00035097411985112	0.00322555792788374	0.000803861453912644	0.00800357929489793	0.000913130301019997	0.0255881180896547	0.00122197635394284	0.00188425796251648	0.00012774210887587	0.0129055825142709	3.08833683592247e-05	0.000303533785910745
T[Del(C):R1]G	0.000429824389427634	0.000572885530396954	7.67890999852039e-05	0.000912070704396121	3.63369719850616e-05	7.71475916342907e-05	0.00568610667535745	0.00279243840152287	0.000561320813768321	0.00127831466574341	0.00214433303182693	0.00231158906142777	0.000336453431155323	4.12580503282093e-05	0.000259057572793232	0.00177147092383294	0.000726217230199949	0.000181941425093327	0.00197075638031996	0.00182316041254585	9.58090385235992e-05	0.000956782556099457	0	0.000214727237739427	0.000139834439704175	0.00182023726337262	0.000561603417670898	0.000923903410838109	0.00137184188865015	0.000712423457775873	0.00471261562040952	0.00102702096860792	0.00160246987174158	7.2087528091236e-06	0.000430382120194648	0.000234149761905983	0.00109513269874926	0.00337211564768139	2.02624664825034e-05	0.000562893344289289	0.00143540162897954	3.10279456283752e-05	7.52766217753872e-06	2.71417376955847e-05	5.41167040450192e-05
T[Del(C):R1]T	0.00709199887670203	0.0041019624729259	0.000232827321847479	0.0150408172210825	0.000242051301453637	0.00069177452963626	0.0235275151871127	0.0187990161564134	0.00111092328950946	0.0115979179034501	0.013261620724797	0.0228002403188923	0.0100175463587088	0.0014769249517012	0.00669496612697816	0.0570691260704865	0.00572952221367676	0.000169288205221157	0.00290607853809963	0.0149512549760681	0.00824953770381465	0.00185904535806162	0	0.000524497679068436	0.00177431535451517	0.0174529011473	0.0060597772328296	0.018085711452838	0.00375199781008153	0.0644497888947034	0.160756335455358	0.0102581335309703	0.00444582320384485	0.000391278094203483	0.00787535535924103	0.000921946646230435	0.018092295384693	0.00174642590930059	0.0242068932910973	0.00789312861379533	0.00636184884971627	0.000245557544104636	0.00939412620482214	0.000197725435445728	0.00458919935003128
T[Del(C):R2]A	0.00134104740079951	0.00413035316116254	0.000646656315483975	0.0011311568914324	0.00010697280255906	0.00017118581337704	0.0286987900730228	0.0313597869307109	0.000917232550362939	0.00622110842794201	0.0234554014606182	0.0067470334809054	0.00134020140024577	8.81918229412957e-05	0.00436264678228561	0.0059092797337147	0.00280295642172603	3.19756458863491e-07	0.00561654559117733	0.00459025952221416	0.001362495032548	0.0168209614837762	0	0.000854327209220878	0.000580578955871233	0.00628270279659451	0.00522268425840622	0.0028123872705146	0.0562851936455206	0.0271206665838275	0.0224195186957577	0.00777070023036483	0.00100230401509606	5.40385454939566e-05	0.000919123000814055	8.58706928001771e-05	0.00557335677613616	0.00199903574285125	6.75415549416779e-06	0.00036428152424822	0.00760185249766527	3.82602364284078e-05	0.00293856159846341	0.000420504454799815	0.000641747933457041
T[Del(C):R2]G	0.00032726960449032	6.78328658502663e-05	5.32391536712631e-05	0.000316550304192927	3.41862556388742e-05	4.09367049007843e-05	0.00464879076598383	0.00529352197502571	0.000384358726787805	0.000683895052528351	0.0023852249500038	0.000905082649104512	6.99277288965738e-05	3.28480223928925e-05	0.000105398842198149	0.00118262337374499	0.000404163772487389	3.19756458863491e-07	0.00134690826573519	0.00183888712238915	8.95704802866657e-05	0.00418568238737256	0	9.61048266749451e-06	0.000118445775299917	0.00118390268396869	0.000236848711836863	0.000253592098241806	0.00437297826047511	0.00262376536767569	0.00217397310854292	0.000878317888247849	3.37931225588693e-05	5.53827339876879e-05	0.000580290499138851	8.94616280510653e-05	0.000462292843861068	0.00102642547532246	6.75415549416779e-06	0.000292799357475208	0.000214950779664595	1.03237405929877e-05	1.06972041470287e-05	5.10461267645803e-05	0.000141493086401489
T[Del(C):R2]T	0.00357821003518176	0.00110430497669286	0.000277193126809962	0.00515469394368185	0.000163488223195262	0.000167553419805329	0.0162123974045676	0.0223402937609964	0.00234524109252067	0.00971757063334892	0.0139206932452126	0.0114449025634621	0.00415025694712242	0.000181140588589521	0.0087392342628015	0.0263386701738778	0.00104095178327277	0.000173490718680506	0.00614601932074454	0.0139088172964125	0.00310571862309907	0.0144774468080888	0	0.000357487605271104	0.00101659271945908	0.0104799583120355	0.00267535790022101	0.0169033321979197	0.0393100089883547	0.0325511997536936	0.0312837025201921	0.00899563432845492	0.000849559101129974	0.000149009798667989	0.00283880749862813	0.000844654940219357	0.00671979215022532	0.00141249318368705	1.35083109883356e-05	0.00108467559904069	0.0023787461598869	0.000128678052391168	9.46900663385134e-05	8.30957361165342e-05	0.00184300541077267
T[Del(C):R3]A	0.000396467851946677	0.00092113343995054	0.000221969812024847	0.00066741480464347	0.000476659547908164	0.000269986918527595	0.0300522322570727	0.0527617205017952	0.00141067257918701	0.0060106001054919	0.0163036677826235	0.00354720333606352	0.00165980952726359	7.31575484805584e-05	0.00330272013184903	0.00421761353101325	0.00410606790462402	2.2839747061678e-07	0.00201366843890254	0.00289093349443951	0.00079497186813459	0.0191207560121268	0	0.000195394522605978	0.000656453856652251	0.00272260227797639	0.00167982589252832	0.00159136326619719	0.0119931548552092	0.0123927240737382	0.00644386287121248	0.0055748919283149	5.00138213871266e-05	0.000260067952847645	0.00194265433007165	0.000540799467349993	0.00589981800528456	0.000934445155846393	0.00344461930202557	0.000445333060217312	0.0013533162762033	4.21741820378372e-05	0.00315725999435822	0.0003533070977218	0.000466175878974376
T[Del(C):R3]G	0.000443254675783016	4.20220584128131e-05	5.47418225186036e-05	0.000299704003973114	2.38605651181734e-05	2.80305881490498e-05	0.00376324607777676	0.0072511152292968	0.000633632207083267	0.000755851494858791	0.00181594304919454	0.000786510844101592	0.000342501745103806	4.79627176080544e-05	0.000601174937882124	0.000908410217995434	0.000257060285297832	7.30871905973695e-07	0.000525937904515462	0.000344981493755106	0.000108751764465881	0.00834504399391998	0	0.000221823349941588	7.94908001962991e-05	0.000987123548609295	0.000404253809420422	0.000126721010772555	0.00180768984003368	0.00096136561096717	0.00111505414819248	0.000702586629803949	3.24413976565145e-05	6.12039373839276e-05	5.17645502072725e-05	7.01213819248992e-05	0.000267961081114173	0.000252753852840034	3.71478552179228e-05	0.000214654371524895	0.000113429633033361	1.3755533482415e-05	1.38667461165187e-05	3.13308298850587e-05	5.19856790588689e-05
T[Del(C):R3]T	0.000884555729855123	0.000790883458020706	0.000186936322083666	0.00111005424018769	0.000539638377877934	0.000203832877233811	0.0112558979274343	0.0222214242417356	0.00246797308514455	0.00594900781607338	0.00774772553201359	0.00335078324540592	0.000757186146067532	0.000185920666034024	0.00289952384550777	0.00450074156637762	0.000573765312696736	1.37038482370068e-07	0.00110108806497844	0.00339909800080676	0.00110125160237749	0.0181390613195674	0	0.000858685451360788	0.000370679828965244	0.00347566477179383	0.00114764659129517	0.000662707426630379	0.0119451266717294	0.00876209650907198	0.00664355190891227	0.00517969267871609	5.27172711918361e-05	0.000159687425009323	0.000422578971437288	0.000222614892723869	0.00274819362566586	0.00130951939178926	2.70166219766711e-05	0.000579953370622851	0.00161029777261252	0.000142263414325347	0.000192945867392703	0.0001485259752957	0.000478582889476564
T[Del(C):R4]A	0.000483400566453651	0.00104590767488179	0.000677030687275125	0.00231407480411554	0.0016777726956313	0.000630537192498471	0.015917527603444	0.0153731263810828	0.00117710636470419	0.00275058509654824	0.00723360655381911	0.00151734202055858	0.000746536337071925	0.000705991770010999	0.000740770435374038	0.00322151079181517	0.000653612830031172	2.74076964740136e-07	0.000360364860501335	0.00162416557930714	0.000483147425058673	0.0246036955158859	0	6.25798871371735e-06	0.000232166696714614	0.00171746989454745	0.00168053932130171	0.000816742396201579	0.01155006621239	0.00256823678443415	0.0035157373001083	0.00250795710536124	8.38069439459959e-05	0.000249021758693515	0.000870106038197402	0.000285300383003843	0.00212364741029038	0.00318201018571623	6.75415549416779e-06	0.00212516944967798	0.00121272853389697	8.72412803956874e-05	0.00171868413295595	0.000941312737538236	0.000444656448746134
T[Del(C):R4]G	0.000147249921924164	4.1398087242777e-06	8.96298323402724e-05	0.000259173849535579	0.000459003405338416	0.000190302211179186	0.00239101317110619	0.00224293154302596	0.000369369191926184	0.000263819774496957	0.000808311117926068	0.000144369103315015	0.000106750797288162	0.000309446944830357	0.000102844461386514	0.000319077954692502	0.000437900025235064	9.13589882467118e-08	0.000505542622739698	0.000385696515439117	4.31069158176407e-05	0.00799131774219664	0	2.9054947599402e-06	7.14803737591832e-05	0.00030155047460139	0.000144893527504222	0.000531821787524514	0.000858655712675473	0.000206744069654606	0.000335250759119	0.000158002964758327	0.000125034553467816	4.8986998412676e-05	0.000497862871420264	5.38871215945175e-05	0.000800853272797348	0.00162463359692544	2.70166219766711e-05	0.00054267878123522	1.09594476386388e-05	1.74993075436083e-05	0.000544368833259906	9.64102024074598e-05	4.41980683221602e-05
T[Del(C):R4]T	0.000982454267993822	0.000413472895898318	0.000283491008112682	0.00122347440592652	0.00133512191859212	0.000258237237280324	0.00714557614948845	0.00744549343465096	0.0005286088454239	0.00282339401153957	0.00432975505762573	0.00114575019400159	0.000574931396554719	0.000514209202137334	0.0010626412691589	0.00233459023811757	0.00124904253353282	4.56794941233559e-07	0.000945383187245096	0.00107831320674744	0.000274700456767453	0.016705791763912	0	0.00021126299398719	0.000235947759561588	0.000637545031333557	0.000782023985860999	0.000709293734563048	0.00595881123126742	0.00194441034517448	0.000633547438648426	0.00217827014838856	4.46069217777075e-05	6.75346315802105e-06	0.000770863174424224	0.000111203528621555	0.00215028633221652	0.00114226499040375	1.68853887354195e-05	0.00186712105221399	0.00146025864426432	0.000102556719736933	0.000272184416629953	0.000346721600471749	0.000361886392382223
T[Del(C):R5]A	0.000106234220880475	0.000730774235307232	0.000253288396720697	0.000405533325866809	0.00427262885774892	0.000591763244382476	0.00975825182680259	0.00847077286003105	0.000499126666359055	0.000978855151873053	0.00372560777579821	0.00114299688606109	0.000360427303660948	0.00184379011188244	0.000549597182157901	0.00178994661146579	0.000945827676520179	4.11115447110203e-07	0.00165344822578969	0.000719303109966867	8.40835922373042e-05	0.0135555151570264	0	3.46424375223639e-06	0.000474555830112233	0.00122952327224967	0.000519887116286191	0.000817330196596971	0.00241198370896518	0.000458271945484899	0.00229967787155462	0.00114898673984975	3.98758846194658e-05	0.000150343146931933	0.000370155000208267	0.000385072960183664	0.0014176952968549	0.00161119179658447	3.37707774708389e-06	0.00409431879533662	0.000375728346624318	8.62769749556831e-05	7.13146943135247e-06	0.00165895011215794	0.000625362138062511
T[Del(C):R5]G	4.61241111711541e-05	3.44824067748774e-05	2.60869318819366e-05	7.39435635351812e-05	0.000594858864588422	0.000133948219480917	0.00184259615344555	0.000991323628498934	0.000182883367326405	0.000158999827287671	0.000323843643484	4.15165917441448e-05	6.60093767472126e-05	0.000333331908894491	7.4152449613024e-05	0.000176527428176295	0.000197112393300439	5.48153929480271e-07	0.000424990099288057	2.47203053312927e-05	3.37582080596603e-05	0.00512185699812825	0	3.17928176616533e-05	4.115518796153e-05	7.99436252187976e-05	0.000131010589211183	0.000156805135264377	0.000193901202067643	8.51620262714425e-05	0.000488509336366384	0.000132776589761025	2.70344980470954e-05	4.62877811954252e-06	0.000225631892941678	0.00032809139920896	0.000272769737440126	0.000355343593299512	6.75415549416779e-06	0.00125964480456263	1.00494104681706e-05	5.03424163531681e-05	1.98096373093124e-06	0.000227870137159131	2.36068759713214e-05
T[Del(C):R5]T	0.000464713449946831	0.00038688212449832	0.000297412986259216	0.000488031733541132	0.00433727421137961	0.000719336242492635	0.00576917697400155	0.00543989088100207	0.000624605360122402	0.000963300944819839	0.0024211084952214	0.000577955249423625	0.00015380434712429	0.0020042041789138	0.000285138649198372	0.00122795793879937	0.00138536254583897	1.82717976493424e-07	0.000460123342756789	0.00105657172786503	0.000174262712351963	0.00928552279579177	0	4.58174173682878e-06	0.000175562829195789	0.000655163831642545	0.000469657874267627	0.000791191838589111	0.00208280138705255	0.000592213894737749	0.00129948202635012	0.000517659611260758	3.92000221682884e-05	0.000287114326169094	0.000868237678635781	6.27663151891573e-05	0.000610637306217613	0.000599504295207283	6.75415549416779e-06	0.00694242418349977	0.000393097056049254	0.000182452261633764	2.53563357559199e-05	0.00108178298485614	0.000280624177828553
T[Del(C):R6]A	0.000521385737705506	0.000602528160788859	0.000377657004437462	0.000280903364359446	0.00540655182516996	0.000623526302252663	0.00419152150691732	0.00426003783903683	0.000621734436318335	0.000286421696703826	0.00127621488140332	0.000267512297316975	0.000135742715388326	0.00289125281179738	0.000339167102380252	0.0010607062560235	0.000665024258271239	2.74076964740136e-07	0.00199590895398354	0.000510932442448063	0.00017172468426923	0.00271229255331373	0	6.14623891525812e-06	0.000177208564818731	0.000477859522884233	0.000246026876597261	0.000779842288401488	0.000811235261090738	0.000706448239478135	0.00150259626195213	0.000320665491895581	2.63586355959181e-05	0.000326778726963956	0.000434118839317891	0.000224889536596618	0.000940924778033975	0.000682939470180878	2.36395442295873e-05	0.00755998036120372	0.000267615930772692	0.000183444928998474	3.96192746186249e-06	0.0032365417753298	0.000360160654356629
T[Del(C):R6]G	3.61834211933854e-05	1.03715207942532e-05	7.39095322002942e-05	4.52922105346932e-05	0.00154195101726631	0.000236315000770234	0.000204232197894708	0.000513944414513342	0.00016328379135633	7.69071659118557e-05	0.00016596582159999	1.53302390491535e-05	3.65814690740863e-05	0.000542385109194402	1.10846931161709e-05	0.000164717081074614	0.00013584363389765	4.56794941233559e-08	0.000145081330646042	4.74503328139982e-05	1.34509401986567e-05	0.000431384293860536	0	4.6376166360584e-06	0.000140660256862641	3.57890287192497e-05	0.000115276592479072	0.000114489759991844	0.00012857870523067	6.60762084346318e-05	0.000283111635496224	3.88157277988009e-05	2.77103604982728e-05	1.60110193971061e-05	0.000240249058923774	5.30442332558846e-05	3.89139220528185e-05	0.000205707551646637	6.75415549416779e-06	0.00192632058352496	5.53692615574883e-05	8.66740419015672e-05	3.96192746186249e-06	0.000270404551343404	1.41676119222385e-05
T[Del(C):R6]T	0.000172819585589203	0.000229685387616351	0.000143207813902785	0.000158543807916104	0.0018831717368397	0.000528837585538652	0.00207539705179514	0.00185291516312829	0.000850193719034309	0.000240069065602688	0.000709346906311705	0.000283987254069653	0.000119263975732543	0.00144766501694065	0.000227255060400408	0.000528432425206114	0.000422829144675127	4.56794941233559e-08	0.00030853287962912	0.000181312993941489	0.000128213022965974	0.0011209678826737	0	4.0788676437622e-06	0.000156716501900807	0.000520642273863539	0.000299630443895383	0.0008769419111637	0.000475923528922004	7.02012322340855e-05	0.000664260046505054	8.31817334470688e-05	7.90759067877542e-05	0.000955295250081229	0.000494895476822395	3.54936815473638e-05	0.000219150634106651	0.00119622421748679	6.75415549416779e-06	0.00430148250972403	0.000292134932251308	0.000391167665545293	9.50862590846997e-06	0.00118940387412672	0.000578013290466349
T[Del(C):R7]A	8.31117617967687e-05	5.16776122876019e-05	0.000117952465155604	0.000227546211474367	0.0048565539758863	0.000442407004414207	0.000618563380384679	0.000783540543840277	0.000721167778070744	2.93806753979971e-05	0.000294905191811591	2.92688604979446e-05	8.39599283371992e-05	0.00271976051043048	3.17271063172034e-05	8.14424966200008e-05	0.000296740441369792	1.37038482370068e-07	0.000564221246666661	7.9011394459309e-05	2.72822802898093e-05	0.000231721998086904	0	4.19061744222144e-06	0.000189719694769484	0.000209354385961609	0.000246075081244112	0.000124357302799596	0.000411035126295804	8.56245748960136e-05	0.000303168072101481	4.39562991675364e-05	4.46069217777075e-05	0.000321738020112464	0.000329270896859848	3.35885229737415e-05	0.000723325323387308	0.000347470538814087	6.75415549416779e-06	0.00494592701024913	0.000284841634356555	0.000212998054542137	2.37715647711749e-06	0.00307463456964249	0.000247364499517103
T[Del(C):R7]G	2.16727751286146e-05	6.91568046789966e-06	1.29730723347531e-05	4.18787012969075e-05	0.000585433997668218	0.000139239282566242	0.000167926141066631	0.000106993004949278	0.000328858800748599	1.25728320787705e-05	2.65380115732938e-05	1.44773121328023e-05	2.2757544907169e-05	0.000488481170646452	7.77530897238891e-05	2.49958277295752e-05	0.000149636954180236	9.13589882467118e-08	0.000135470315278109	1.37913513614019e-05	1.69232304173597e-05	3.55552272196837e-05	0	2.79374496148096e-06	3.06260191910942e-05	2.34289695711887e-05	5.81637268902103e-05	8.46057377622834e-05	2.29896294024858e-05	2.09815089211185e-05	0.000211296652812883	1.38100510438817e-05	6.35310704106743e-05	4.89653179530997e-05	0.000157821431205188	5.20743343456769e-06	9.08474103731093e-05	0.000217373114085408	6.75415549416779e-06	0.00382375436316191	3.38013806173913e-07	9.41048661745419e-05	0	0.000241440295750534	4.89351320439299e-05
T[Del(C):R7]T	0.00011706888263055	0.000145701268018612	7.32778669071898e-05	0.000373131326913692	0.000434444701929857	0.000584633745366979	0.000211374373008428	0.000460798317671245	0.000673355854718392	2.24856759349295e-05	0.000143188611895464	6.50469000943584e-05	2.44598481442763e-05	0.00090196613200228	0.000103739908534504	5.54099804944996e-05	0.000260514028759484	1.37038482370068e-07	0.00060340461701285	7.02177054660481e-05	5.13052943007134e-05	0.000170524226217955	0	2.79374496148096e-06	8.53717981033717e-05	0.000124568953024311	0.000102743384297857	0.000270175573226697	3.30779788608274e-05	0.000163219002358899	0.000166654906820536	2.70281780838338e-05	2.83862229494502e-05	0.000363407863418135	0.000207497814843589	0.000172549634692194	0.000225138186822193	0.000443963462690339	1.68853887354195e-05	0.00461887995989267	5.54342642125218e-05	0.000295928322382511	0.00158437479199881	0.00107397158507659	0.000205179792224802
T[Del(C):R8]A	3.22761777715679e-05	0.000103719207757725	0.000181904587111404	0.000158375239558682	0.000923051422839617	0.000103619586419152	0.000146839719302315	0.000155155140826384	0.000219018360206445	1.29352469265813e-05	3.12175212047149e-05	9.03728440579429e-05	4.03304240008317e-05	0.00180880928701604	6.23136957406511e-05	8.47458065036206e-05	0.000175415522149496	1.82717976493424e-07	0.000696670038718731	1.12321088739802e-05	6.4853616871849e-05	3.44074429220564e-05	0	2.51437046533287e-06	5.65802727428689e-05	5.17131963267626e-05	0.000158255855611272	3.96515139061818e-05	8.60201088065821e-05	0.000371760187161429	0.000194779587373259	6.97338538778667e-05	4.12276095218206e-05	0.000208837026868821	0.00107947221260261	7.93354215718727e-05	0.000101426454290206	4.6086172597613e-05	1.01312332412517e-05	0.00117474218099024	6.48466486613646e-05	0.00012226825740761	1.03010114008425e-05	0.000857601919387778	0.000119023628674309
T[Del(C):R8]G	1.61191049292292e-06	2.97186268805636e-06	1.60957327064593e-05	2.26671763120243e-05	0.00010679263783896	5.85204550071105e-05	2.80585450896143e-05	5.69222766906654e-06	3.93923871961933e-05	1.82347093238151e-08	6.40566880381861e-07	3.03088327906885e-05	8.85864164171679e-07	0.000302192552119581	1.60049395503896e-05	2.28551889717674e-05	5.69055662521756e-05	0	0.00010914449057464	2.76134575681462e-06	1.65702193171235e-05	1.97471071205434e-05	0	7.09611220216164e-06	2.4072570169271e-05	1.32208249646834e-05	0.000161196339069172	3.9445158448225e-05	3.00393193854233e-06	3.42589292756101e-05	4.98176006001556e-05	4.01557622551159e-06	1.2165524121193e-05	4.33609191526231e-05	0.000236182629289657	4.84487598479956e-05	3.30814872832757e-05	9.79331167699277e-06	0	0.000616243306930092	9.0743706426689e-06	0.000106640836894598	7.92385492372497e-07	1.93402815054894e-05	7.25594397124795e-06
T[Del(C):R8]T	7.78687381591885e-06	1.84791461895295e-05	3.03471529300804e-05	0.000277705833329606	0.00036835803053837	7.7293999334375e-05	9.18279657478287e-05	5.36754330104055e-05	0.000240122410669998	2.0514047989292e-08	3.53491775831779e-06	4.55941809495077e-05	1.86364714913986e-05	0.000556445521368682	2.80510601307181e-05	2.55595470633022e-05	0.000149279670373858	4.56794941233559e-08	0.000143490209372755	3.87950406247782e-06	3.65396920735907e-05	4.25201910257407e-05	0	2.6261202637921e-06	0.000128644617206967	4.25003121957268e-05	0.000108094100098299	2.98840222295604e-05	3.95893920224076e-06	0.000221371222061125	6.99501527143514e-05	2.419758165204e-05	5.54207209965457e-05	4.33283984632587e-05	3.93454542976721e-05	5.11159818510668e-05	0.00014074368300262	0.000169414690726017	3.37707774708389e-06	0.0011021112522901	1.19604885261539e-06	7.91297699297685e-05	3.96192746186249e-07	0.000267725464239522	9.89205238458602e-05
T[Del(C):R(9,)]A	1.65747198865436e-05	2.80787026516227e-06	0.000122778650797718	0.000465580535437054	0.000148703455852099	2.23781389685803e-05	7.77136673088106e-05	5.24415578575168e-05	0.000146348101415991	9.11735466190755e-09	2.65835255358472e-06	0.000194429927852783	1.84698512724321e-05	0.000856275025293181	6.38595202908654e-05	1.88536358225085e-05	0.000140131039574184	4.56794941233559e-08	0.000127932579145064	1.02677247950291e-05	0.00017086650211176	1.65385282885396e-05	0	9.61048266749451e-06	0.000131747330245202	7.52766605567985e-05	9.39219339241552e-05	0.000131904910004258	3.19319701443893e-05	0.000130180898141584	0.000141765135397693	6.83032765528818e-05	3.8524159717111e-05	5.98055477412555e-05	0.000434778260339639	5.21782520860563e-05	0.000221456720903829	7.35458504370241e-05	3.37707774708389e-06	0.00122113392852962	8.22933612723412e-06	6.85224100897207e-05	5.94289119279373e-06	7.15114543921665e-05	3.67503756814018e-05
T[Del(C):R(9,)]G	1.38065138580122e-08	7.24766512888039e-06	1.78612043503365e-05	7.34273229405779e-05	7.71330207925851e-06	1.83046690345894e-05	9.52290015162668e-06	2.60940364659239e-07	0.000272158055618269	1.82347093238151e-08	4.38282602366536e-08	9.38967789491831e-06	2.56872837573293e-06	9.12940810845826e-05	6.40009066826533e-06	1.24690873079493e-05	0.000159716688232895	0	2.34328769338572e-05	9.84155050957e-07	1.1171584042821e-05	7.51276994810632e-06	0	5.58748992296192e-08	2.19372429452387e-05	3.76585044772263e-06	5.53871392316025e-05	2.5106580718076e-05	9.20279726836668e-07	3.09300957315657e-05	7.02546147501048e-05	6.36969081092989e-06	0.00017572423730612	8.67109980754581e-05	5.14348396963982e-05	8.50970829551305e-06	0.000192160111502916	5.60715099937625e-05	0	0.00060723920153942	2.4701008912709e-07	7.85625314356483e-06	0	1.81981892300275e-05	1.18143327964283e-05
T[Del(C):R(9,)]T	1.58429746520689e-05	7.43565644292971e-06	3.92552291512598e-05	0.000185878220624236	1.71043881144433e-05	2.8664403762073e-05	6.32592652929486e-05	1.90113694251731e-07	6.76599446516256e-05	5.04873514403131e-06	5.16499189865795e-06	5.54402495628245e-05	3.10107997533077e-05	0.00013483806381596	2.21599604728892e-05	1.85290701455142e-05	0.000104023721566001	2.2839747061678e-07	0.000238764622585311	6.19270778716023e-06	2.7973086494582e-05	2.12861815196346e-05	0	1.84387167457743e-06	6.74515657646691e-05	4.46656762031674e-05	7.19116921720667e-05	5.44653345092009e-05	1.58183930405322e-05	9.02728094347362e-05	3.91233715943162e-05	1.18237668624351e-05	3.51448474612241e-05	4.30357122589785e-06	3.26413405765604e-05	3.74912114457678e-05	0.000272821443422125	0.000101053534706224	0	0.000539965514969258	2.08008496107024e-07	2.07609288847995e-05	2.77334922330374e-06	1.58401380145216e-05	2.25914796077774e-05
A[Del(T):R1]A	0.00380191697922313	0.000323909034106988	0.000542514137286377	0.00344032214213803	0.000512365943372877	0.000437801648278644	0.00878394010503929	0.0103212948272435	0.000896915243441847	0.0137939786514451	0.00857453049005721	0.0099356259395336	0.00262580413173989	0.000479908097893946	0.00613720623713437	0.0161400436239331	0.00377931562351849	4.56794941233559e-07	0.00680582034733277	0.00988071900188823	0.00389600092135897	0.000978199167652913	0	0.00403953171470455	0.0517989152679271	0.00876121071822905	0.00404702112636135	0.00526267073788059	0.0702118909343505	0.00431390287632981	0.00327833302772956	0.00904276755052691	0.198446057052253	0.000498824013931777	0.00447944700073888	0.00083293532838768	0.00122622804551078	0.00447031073553868	0.0438108296129193	0.0044392828848929	0.000461544851799472	0.000279109701031847	0.0199657372513098	0.000118567360756532	0.00214516645052669
A[Del(T):R1]C	0.00090988723115611	0.000126010177825744	0.000258542575488599	0.00276717074558106	0.000243695304524544	0.000189093884337984	0.00323429998989042	0.00114302690107283	0.000529989097252779	0.00859289251101331	0.00561633700827733	0.00434796703784625	0.0014737086276963	6.92015083553655e-05	0.00203640705243994	0.00725867221232109	0.00167340908125357	4.56794941233559e-07	0.00172067711756906	0.00202848635037575	0.00164161421446669	0.00165651360154392	0	0.00155678644233565	0.0241268027618063	0.00372860887668783	0.00102498504691855	0.00103324679077242	0.00245751150979095	0.00204476823117774	0.000676438527935191	0.00594384166850044	3.78482972659336e-05	0.000153454292881133	0.000630626303799001	0.000190550496609026	0.00445158515546076	0.00209279230022952	0.0146328778781145	0.000693458342748926	0.000737208111265305	3.53389581836887e-05	0.00157209281686703	4.4356932081558e-05	0.000421650966329186
A[Del(T):R1]G	0.00174017300666385	4.1138099255262e-05	0.000334950611418825	0.00258229866734018	0.000195287296292818	0.000173074287381925	0.00416686399759615	0.00229441134925374	0.000731409246641023	0.0107762368285936	0.00536095647868761	0.00540633711381218	0.000806641804060426	5.91345925480659e-05	0.00347441976603625	0.00786775600530954	0.0012409874077163	2.2839747061678e-07	0.00662994519487242	0.00292051086856024	0.00122147927080019	0.00220771092447269	0	0.00107346856399944	0.00565405745323226	0.00431531492697713	0.00202297549160063	0.000526350241290812	0.0319881592990316	0.00193974694510709	0.00168028791756873	0.00830742024726646	0.00113477305552683	0.000151470530829901	0.00156249811103353	0.00107574490199195	0.000480193454829292	0.00228659425728844	0.0330244432887334	0.000827331046186021	6.33905891886154e-05	0.000119034997991125	0.0017056097723318	6.21332290157992e-06	0.000563693151193364
A[Del(T):R2]A	0.00167182731143823	0.000684320381661086	0.000529816069306571	0.00200257628288408	0.00039157675884119	0.000301514612120431	0.0085992638628131	0.00207592598192456	0.00165759963137338	0.013617838197393	0.00740389451615936	0.0058375066336578	0.00130906841233189	0.000454765044767441	0.00512841433172775	0.00570325419669079	0.00258957137506238	0.000178424104045828	0.00341608915795017	0.165425440650591	0.00313375865997473	0.00219795475794286	0	0.00315341168782202	0.0792273055358087	0.00591546513061213	0.00250156086646503	0.00699443075383675	0.0316718261657578	0.00208618528998769	0.00327060730357232	0.00815171141244306	0.0407247678581446	0.000157042408941013	0.00168141370195555	0.00166772962968659	0.00223796933649126	0.00296310086587757	0.0146666486555853	0.00221642855591377	0.00348931652113331	0.000166824841120752	0.00466833912831257	0.000277400576786998	0.000903541520354805
A[Del(T):R2]C	0.000979530738684388	0.00049705303416161	0.000245456873383902	0.00178648745195321	0.000389606207215102	0.000331570815664318	0.00326261361266267	0.000546916093447784	0.00064769697321954	0.0127415851962078	0.00660644100685577	0.00358524836562182	0.000380221785674163	3.52154772046551e-05	0.0030781702644115	0.00387837406893798	0.00273184611747483	0.000180708078751996	0.00227809993697713	0.0022994738830117	0.000547590210046626	0.0059957382247309	0	0.000643678839125214	0.0266934660850932	0.00199042680467791	0.00089841892614701	0.00118171641617449	0.00231448614922579	0.000786924117389169	0.000761725955700622	0.00659069576728047	4.32551968753527e-05	0.000105659719745154	0.00133653650758098	0.000352177222145785	0.000641361000721712	0.0027482240861412	3.0393699723755e-05	0.000281636309034201	0.00230976534236541	0.000134322075407664	0.0015384164334412	6.26431931039718e-05	0.000172739403683079
A[Del(T):R2]G	0.000823130549700827	0.000261091936508166	0.000259325352389712	0.00114995753104606	0.000166460941076903	0.000155262586046354	0.0033350556745304	0.00370683308280076	0.000318092836483346	0.00851712045575687	0.00485843176102804	0.00307463693351465	0.000418627746145932	0.000109936272952729	0.00318439857344147	0.00337480401517978	0.000348838916408885	0.000180342642799009	0.00250026225375128	0.00170015421182423	0.000586232752725934	0.00716744339056108	0	0.00066619642351475	0.0215082604248858	0.000542591802187408	0.000566770955813307	0.00134303010553543	0.00704404675819746	0.000922329540159105	0.000254492204135401	0.00570765720021734	6.08276206059648e-05	5.48190420387038e-05	0.00161272401219006	0.000173230873212459	0.000601402617832504	0.00105105277380431	1.35083109883356e-05	0.000368329542467599	0.00157628838349902	3.07443263813151e-05	0.000116876860124943	5.07606036957149e-05	0.000421219531822788
A[Del(T):R3]A	0.00150444749230908	0.00427157063635032	0.000462181892455008	0.00293062937466823	0.000383964799416987	0.000463404463173132	0.00654622862119544	0.00308744266692862	0.00175610820440044	0.0160085225566785	0.00766766984328671	0.00520665495179029	0.00313057453109148	0.000554232298140747	0.00417536636772336	0.0102249441286878	0.00538474334052217	0.000177967309104595	0.00306081909990977	0.00684792878330686	0.00177032632209162	0.00610449078693109	0	0.000851980463453234	0.0501737660870067	0.00400086641459229	0.00124801830696796	0.0036325564179574	0.0091931951044244	0.00200389713140006	0.000916430727617835	0.00711994033858755	0.010108198819809	0.000878123654219348	0.000745365561583274	0.000733728525572147	0.000718764855774953	0.00165132517188822	0.00331629034763638	0.00269259584500032	0.0321154847569749	0.000149467343200674	7.09185015673385e-05	0.00185174068620447	0.00192784548118243
A[Del(T):R3]C	0.000988363455925052	0.00454508199903132	0.000580677796250593	0.000961624533716877	0.000435311744645336	0.000753866220568211	0.00496160103078592	0.000837868327762331	0.000593660114118945	0.0137525152017814	0.00670709766359619	0.00257432047892415	0.000513873417314459	0.000277964973608514	0.00219219600467129	0.00331360523501205	0.00182208245183479	2.74076964740136e-07	0.00439609128683829	0.0016866330637469	0.00109729848669467	0.0171290111376554	0	0.00110414388367651	0.0318873723189345	0.00137921582754664	0.00069894809747828	0.000816854953724101	0.00165553113727387	0.00079831342942369	0.00128330748070072	0.00552261247594488	9.05655684577697e-05	0.000200728534987281	0.0013002683513848	0.000220455713007097	0.000390917906308967	0.00239446470502473	5.40332439533423e-05	0.000414170613654618	0.0286219690643264	0.000129670719755879	0.00297144559639686	0.00154513294613915	0.000433012074997681
A[Del(T):R3]G	0.000958983194435202	0.00170537320493644	0.000400452331292776	0.00096761924592768	0.000731637668028937	0.000206868520433027	0.00334653417024888	0.00247414334471153	0.000463516169173988	0.0117958761872081	0.0058912362849932	0.00274966429656981	0.00117712741493965	0.000224268146044562	0.00350608089203729	0.00587202301047657	0.0014792957065703	3.19756458863491e-07	0.00350024179418178	0.00152568417097142	0.000448835354755538	0.0135579150696487	0	8.88410897750946e-06	0.0193922809171374	0.00228199777559284	0.000730724600682346	0.000709237455801788	0.00376627082773171	0.0011496001528746	0.00140631014314511	0.00461162898425264	0.00136862146363421	0.000198788133855201	0.000421040322386541	0.000285369661497429	0.000447029237974817	0.00303803890277848	3.37707774708389e-06	0.000963060003022812	0.018090771917579	0.000131145539840591	0.0015356430842179	0.0011859221973019	0.000635498670000723
A[Del(T):R4]A	0.00391102295498607	0.00798997883101809	0.00161463973313059	0.00395884367732778	0.005267160633288	0.00112474101728807	0.00411338271013746	0.0023694056100568	0.000677372387540428	0.0138248067068957	0.00605825229913655	0.00505029249894097	0.00172395275755838	0.0016803553091164	0.00291727255055688	0.0107902371788881	0.00562152506311256	0.000358949464821331	0.00404098194811842	0.0190497730793278	0.00349650495425973	0.006572238974221	0	8.4371097836725e-06	0.0935544605062736	0.00244008279760188	0.0031867127940146	0.001644665506307	0.00290297898888519	0.000805168248384547	0.00216423032339881	0.0046255646635268	0.00864833592526583	0.00118842523190531	0.00139654382056011	0.00125872094996887	0.00173650404066738	0.00563619488939871	3.37707774708389e-06	0.00216249874201452	0.0411497487614882	0.000203326638217387	0.00450986202983807	0.0154585229381115	0.00230353777776941
A[Del(T):R4]C	0.00175508749325897	0.00522503058268696	0.00103515581244141	0.00280715305285697	0.00375214424167656	0.00168360700744021	0.00313260902041412	0.00109171484222233	0.000487960429063427	0.00911755524371012	0.00463819475333886	0.00280303956517726	0.00183014815411665	0.00108494097478519	0.00241551109762055	0.00488652737654473	0.00268456556043083	0.000180525360775503	0.000593488234935903	0.00156196170782746	0.00203469207457974	0.0162362958141689	0	0.000433365718424927	0.0942101121405433	0.00140580542160074	0.00169165531286551	0.00102781901690859	0.000965234523304217	0.00198181612165005	0.00151485085889121	0.00335837420862845	0.0015571870875127	0.00069389394896964	0.00168943665772016	0.00078370141227904	0.00187405229398243	0.00313491587809305	1.01312332412517e-05	0.0010255708861745	0.0277054186278239	0.000203922238636213	7.52766217753872e-06	0.00444053005417314	0.000886175191991188
A[Del(T):R4]G	0.00178639721506048	0.00226716724780448	0.000267470361919519	0.00260004575471997	0.0034783501686004	0.000518270285464214	0.00250970931942468	0.00306196370417939	0.000591286080973274	0.00931594888115322	0.00463777838486661	0.00212446886688442	0.00165253377770205	0.000934502386265006	0.00247485567913365	0.00799976882382596	0.00132537134671353	2.2839747061678e-07	0.0029139537848058	0.00185838349756157	0.00130323481569542	0.0148526157573724	0	3.35249395377715e-06	0.0453828055382508	0.00168316030707552	0.000997411988919873	0.000697362637175729	0.00116684523855517	0.00157857229696043	0.00200948749372713	0.00305641487340007	0.00330293979890389	0.000248078658701945	0.000413786691147306	0.000828478411966964	0.000423513357361448	0.000886246700338056	2.36395442295873e-05	0.000958636357887581	0.0164546420898562	0.000171192577525478	0.00314577040471881	0.00384430390689639	0.00108085238663599
A[Del(T):R5]A	0.0025559308779645	0.0104903913019603	0.00184702122880538	0.00905000315354522	0.0251656220490989	0.00419626151607294	0.00425792673029608	0.00246498806563148	0.00156338364153414	0.00975838675083161	0.00533465952254562	0.00353208258783593	0.00259204409837363	0.00949395098164872	0.00378779799055439	0.0113729521459213	0.00226714980676143	0.000538652594702613	0.00577073970729765	0.0105571981864905	0.002036980560333	0.00587485566938532	0	0.000183213794573921	0.0269530971010208	0.0017897876726096	0.000753477193995938	0.000828373340195507	0.00116974498788313	0.00255409492894521	0.00085778372798083	0.00376978968600605	0.0277853812303535	0.00173502213851349	0.00108793478238172	0.00192186623699221	0.000726748259395675	0.00249499016900328	5.40332439533423e-05	0.00430818909126046	0.0645723894592475	0.000965383193143176	3.76383108876936e-05	0.0494284169794637	0.00726964092734503
A[Del(T):R5]C	0.00201591324980761	0.00529703525578304	0.00118301429726148	0.00524145397014223	0.0109758712146548	0.00537025853149822	0.00234441898107859	0.000999710997362981	0.00113307633136296	0.00534129054108393	0.00292823518020582	0.00196833835030183	0.00118838816473813	0.00362297371495343	0.00195691962297679	0.00471621046989171	0.00131289889383634	0.000544225492985662	0.00326602552836758	0.00146614498716319	0.00146730281092849	0.0114508178732658	0	0.000202602384606599	0.0207389999443871	0.000781777103481334	0.000481323398805527	0.0008231956941595	0.000431055551296609	0.000444524393741499	0.00123740982881089	0.0016782347065144	0.0115477858408168	0.00127481102308712	0.000870325845204652	0.000625781086149146	0.000302686818625032	0.000725953231271984	0.00344124222427849	0.000979700640081393	0.0202302693053498	0.000722491669960904	0.000113311125409267	0.00680641823868862	0.00489278978895802
A[Del(T):R5]G	0.00134652168354421	0.00214753277539565	0.000289333677428544	0.00268577329999114	0.0138841126470904	0.00256214216452324	0.00239764519085465	0.00194028918037468	0.0022759110431561	0.00632822138984877	0.00365317651865019	0.00252287551860108	0.00290829760498292	0.00437681363053879	0.00131294231142074	0.00850845078699682	0.00288594370584378	1.82717976493424e-07	0.00212115752047568	0.000688029825802974	0.00162029964769036	0.0117500504568586	0	0.000203105258699666	0.036820621164094	0.00143556908960364	0.00250687301854799	0.000582210038440145	0.000278653755778771	0.00171011050991838	0.00114725100847341	0.00203761859262496	0.013491566250403	0.00112043531067399	0.00173680506778244	0.000374334793677792	0.00138033255426207	0.00100343039545345	0.00337707774708389	0.00200566538748805	0.0186925404968166	0.000574045356049647	0.00306930520470487	0.00852048140570149	0.00276977902560839
A[Del(T):R6]A	0.00291605998543689	0.0100163892027533	0.00126842051322884	0.0165764644216701	0.048853510543352	0.0076371426965021	0.00504195050081527	0.00153696111415989	0.00357637051380716	0.00366093244549172	0.00312927372420903	0.00432691321027947	0.00146365587448532	0.01715970466454	0.00180387356674612	0.00845401557118355	0.00236895403801508	0.000902170008936279	0.00274977899888032	0.00569185634366048	0.00277737569509141	0.00352873239302148	0	0.000196065021396734	0.0126053379924522	0.00195165199453225	0.000821975997170966	0.00066280747776151	0.001635024526757	0.0030443206433472	0.00114180874958431	0.00141971783967386	5.81241708012552e-05	0.00510996507960897	0.000394883288523843	0.00147757171120789	0.000654018625115188	0.00277779604689134	5.06561662062584e-05	0.00175037401864915	0.0570240601477367	0.00318322898130376	0.00330662465967043	0.0451622733357539	0.0149532759480117
A[Del(T):R6]C	0.00161233849485252	0.00501210042091215	0.000617574370302936	0.00830643759343658	0.0115158136204979	0.0108196643243572	0.000524184637810522	0.000626998691361705	0.001155063742997	0.00239447717882479	0.00169750054730961	0.00216849934848729	0.000374378969995739	0.00459051801474529	0.000979402387433645	0.00401936048783315	0.00254501916708527	0.000542443992714852	0.00181524436577127	0.000906178337365997	0.00153890928669192	0.00728149141213441	0	6.92848750447279e-06	0.0106540559195718	0.000426240472818663	0.000675443511673816	0.00132363894568319	0.000448766595096107	0.000973664854722159	0.00243581045929088	0.00120605364640069	0.00347460886150294	0.00212595334536375	0.000919342807821305	0.000864133743332696	0.000644215170928084	0.00258917878424965	1.01312332412517e-05	0.00361952637369936	0.022572678981073	0.0025057476858513	8.55776331762297e-05	0.0108431575914364	0.00752806583875344
A[Del(T):R6]G	0.00151482653910184	0.00398153203729375	0.000764349732168707	0.00494834520315324	0.0226772094556751	0.00523805423158413	0.00266564680940757	0.00118968676599339	0.000743017164521891	0.00336648063866942	0.00191954968498935	0.00214677963938055	0.000980559988617617	0.00773754407854665	0.00146177505317613	0.00633040263196457	0.0037168126109664	0.00109274485841892	0.00103966114067034	0.000718567190453316	0.00111386261961351	0.00486590109975735	0	5.25224052758421e-06	0.0125057090509773	0.00138842871167768	0.000873689942312535	0.000472053743065394	0.000500163349651514	0.00138314929446131	0.000895042269606156	0.00116645811814547	0.00127467658292055	0.00133998248457351	0.000566772368193003	0.00125670032723927	0.00132080862778425	0.00202606336282256	3.71478552179228e-05	0.00408101868502484	0.0215896178279402	0.0025472695436209	0.003105754937354	0.0178169235997614	0.00600899365757284
A[Del(T):R7]A	0.00201902661868259	0.0110138951139902	0.00145408318033072	0.0186795653909503	0.0447459913912793	0.00986162607960436	0.00200950198378165	0.000704814835822585	0.00573870063396485	0.00183782848663535	0.00227451645034833	0.00295243644820971	0.00182647417828844	0.0238698196242569	0.00122644211692491	0.0053281993392193	0.00314380517301046	0.000534998235172745	0.00080174833048386	0.00233314824188696	0.00367923688981822	0.00181496000663002	0	0.000644014088520591	0.00729785830454594	0.000910865077042912	0.00166699381553663	0.000524518054951983	0.000617299331486234	0.00190217434781611	0.00100419190942376	0.000606350878266392	0.00298663617175287	0.00655045817477826	0.001891878911397	0.00133430378647149	0.00177801360301657	0.0013439400019481	0.0030393699723755	0.00249133275536872	0.0263964081612913	0.00393637989187186	0.0016854039422763	0.0301494888414737	0.0192713470372795
A[Del(T):R7]C	0.00332452569792618	0.0100233368817427	0.00160009078259804	0.0151653418273664	0.0231831119897144	0.0294099006513301	0.00139927114102964	0.000597355865936415	0.00384394613335355	0.00195353227597229	0.00172306253724148	0.004644995095558	0.00126517509264883	0.0128848667539201	0.00114370280045063	0.00594496594343028	0.00144828780288951	0.000172394410821545	0.0013422474054397	0.00126790145086071	0.00159306910178593	0.00415990941268947	0	0.000205843128761917	0.00646317540901485	0.00166076694637745	0.00111237043072973	0.00106598227023921	0.000173446682856066	0.00115037359483699	0.00230310306945685	0.000731550161705602	5.947589570361e-05	0.00542627214459757	0.00186594168454156	0.00126669952314689	0.00290204994570355	0.000806892071896542	3.37707774708389e-06	0.00749851612780785	0.0226541663094229	0.00490057188417739	8.71624041609747e-05	0.01490804014339	0.0149826875791601
A[Del(T):R7]G	0.00219745164889814	0.00690340503507376	0.00104546237497273	0.0113687978716686	0.0308668557945816	0.010493021332421	0.000942256959645775	0.000500189129576305	0.00250258980101282	0.00144080871920525	0.000920607549163959	0.000861478630959824	0.00066956334991672	0.0175718698442	0.000388294160646819	0.00409750928342181	0.000804105099990312	3.19756458863491e-07	0.000418320247485896	0.00063133985873825	0.00212152367564044	0.00136354165957453	0	0.000214336113444819	0.00553900342697604	0.000786605461733949	0.000844487567250303	0.000497347919654339	0.000185913868589438	0.000481323549070081	0.000555681273004485	0.000744049604725487	0.00326509150163795	0.0039374316245731	0.00119322233885426	0.00079994721902502	0.00143465485895073	0.00140442810348247	0.0105634991928784	0.00889025761339961	0.0233445205069401	0.00417121662843763	0.0047452005210727	0.0261427336724951	0.012237012232894
A[Del(T):R8]A	0.00305927840531451	0.0185817534486637	0.00179271115373823	0.0284698206828286	0.00697109099421874	0.0140136539376316	0.00138362637649483	0.00115803469976023	0.0104249592484098	0.00057285934877831	0.000828327147235685	0.00333703915114858	0.00138960151816568	0.0356076726991718	0.00207222493835954	0.00283560860777045	0.00252777210334103	0.000715523595948247	0.000897810268367032	0.00180911203854837	0.00459457945673509	3.69116995714252e-05	0	6.81673770601355e-06	0.00491605415218154	0.00149512332454119	0.00172047205075294	0.00109081996354237	0.000451926800950527	0.00161098103173776	0.000956657774091757	0.000313314542745441	0.00108137992188382	0.0084311404809552	0.00175241136529716	0.000632189346805876	0.0015809931292057	0.000924075767011931	0	0.00330100933650968	0.00391118375230036	0.00477342537572034	3.96192746186249e-06	0.0285288400154143	0.0342195677930951
A[Del(T):R8]C	0.00203160090117877	0.00808070663903045	0.00108561770370213	0.0206987877991298	0.00140703016250182	0.0437086659788865	0.00101784497959931	0.00042462825540998	0.00286773542234264	0.000800348744286231	0.000993520917174583	0.00338672588493356	0.000661587795435525	0.0218511969955635	0.00122058872030489	0.00403817568824654	0.00178798891528073	0.00072059401979594	0.000354884331671126	0.000929800255363632	0.00313723703659172	3.57900012805621e-05	0	0.000420011617509048	0.00189860673555822	0.00121883094687131	0.00105272200071651	0.00159353312510358	6.91946171970589e-05	0.00249019497387537	0.00227874610659657	0.000492152553370579	0.00124764208487345	0.00705207896799538	0.00257910551956277	0.000981953368091739	0.00234378045805502	0.00107707225875005	0.00302586166138717	0.0035379423956942	0.00401444697008649	0.0108320146456441	0.000179871506768557	0.00774915148900728	0.021918175944413
A[Del(T):R8]G	0.0011632885348776	0.00290947357068314	0.000766773149385342	0.0125163006260097	0.00332652761103158	0.0103079119614398	0.000423513979064754	0.000493173561486467	0.00207279318401833	0.000535817816125645	0.000490483746010708	0.00138611846629645	0.000609235722636263	0.0206931370301937	0.000556996403328134	0.00155015770283244	0.000685768372605175	0.000724613815278795	0.00057111610551757	0.000301489748891609	0.00178672003585862	4.14506647484061e-05	0	5.02874093066573e-06	0.00196896635745949	0.000480737708583563	0.00113046645515753	0.00114474127002605	0.000150318143306133	0.000789244443276362	0.00107456069743727	0.000243582952439291	0.003215753542702	0.00531946336049487	0.00117278028718005	0.000712944977496267	0.00179850985428117	0.000862291491873256	3.37707774708389e-06	0.00578272166659667	0.00474722190027852	0.00314255798127534	0.00155703749251196	0.00938408357107379	0.0137133331766224
A[Del(T):R(9,)]A	0.002191825494501	0.00557826626178564	0.000709407991808452	0.0450280691863749	0.00912002821379517	0.0192067072606911	0.00129553955009228	0.000882239372912887	0.0155049484995607	0.000305686667104436	0.000434137460369539	0.0046931929481469	0.00126949333332371	0.0550921221449499	0.00134068232148952	0.00221892207732846	0.00165021811418505	0.000346890078372765	0.000711086561770631	0.0022503232466052	0.003442351225564	4.11115466604707e-05	0	0.000426828355215061	0.00282441265583199	0.000676898168512258	0.00134017595081738	0.00378163260334194	0.000403082520354461	0.00290557880426889	0.00222557942360313	0.00030696635586582	3.31172601076919e-05	0.0142359317692956	0.00474035791834411	0.00178987916029478	0.00491771458318619	0.00346404796072767	0.00280635160782672	0.00806058528100022	0.00356926978682444	0.00645715939781735	0.0063038227845694	0.0137418062532248	0.047733743828885
A[Del(T):R(9,)]C	0.00227117843289993	0.00185530627742876	0.00138469948771935	0.0371571174088144	0.000900879901972376	0.0361191613827726	0.0013484256562915	0.00112684487074446	0.00794754524075574	0.000388960025908969	0.000417007353426275	0.00499525626739115	0.00128260356755272	0.03360539751671	0.000959174707648524	0.00233605505426505	0.00182641316463937	0.000715980390889481	0.000369107991538385	0.000932482517232423	0.00289844632967588	3.7902967828467e-05	0	0.000202770009304288	0.00218717084550204	0.000845379627650192	0.000563502680756821	0.00124143443506804	9.62820959492325e-05	0.00248016297665721	0.00239938918826387	0.000297512548590821	0.00115099375435509	0.00996532568218352	0.000938246210444767	0.000924059640284816	0.00519312132570829	0.00158565237593662	3.37707774708389e-06	0.00457858941458844	0.00533268781363375	0.0113412813656652	0.0117193814321892	0.00386936885490699	0.0389450132886622
A[Del(T):R(9,)]G	0.00138978784634676	0.000351291768915109	0.000702600460796734	0.0201933935247742	0.00178874290291757	0.0111684649170808	0.00114257796640678	0.000477353119949126	0.00501045216401196	0.000220106617570441	0.000101696735069888	0.00080005292935243	0.00082629743589117	0.0293313847450635	0.000256248696476379	0.000333705830812565	0.00125343820702947	2.74076964740136e-07	0.000421277482983721	0.000220760476642459	0.00116761464602276	3.41204968476496e-05	0	0.000204446256281177	0.000535766577636499	0.000134050826473041	0.00157452766194737	0.000736288780381214	0.000570625521944027	0.00180292354540609	0.00129179435994735	0.000118567018309138	0.00127535244537173	0.00645881487214919	0.00228918007700059	0.000952475369070783	0.00162826273794964	0.000922491554828888	1.35083109883356e-05	0.0170642019919955	0.00404078604590604	0.00249085767538064	0.0935728027942682	0.00370353677240737	0.0190671913572669
C[Del(T):R1]A	0.00254206568642259	0.000145805263213618	0.000271121443628547	0.00249995302473977	0.000291146187680742	0.000117365230868838	0.0117936016824244	0.00758319539280114	0.00136516567638889	0.00671539213490534	0.0069504726212857	0.0056004228781724	0.00129165382244625	2.92577314522064e-05	0.00376970995816499	0.0076487809383637	0.00151095321717178	0.000178424104045828	0.0067409701014973	0.00799718023761123	0.00221591154016567	0.000833213142057167	0	0.00431566546669733	0.000272637636173415	0.00487750260095858	0.00252384105423948	0.000493339621213421	0.0376116935256672	0.00445645126310542	0.0024730690009162	0.00713147889541367	0.0261403320241878	0.000208858707328398	0.00061633884832778	9.64125702408873e-05	0.00264090371301691	0.00145953948488045	0.0185063860540197	0.000538134789612386	0.000148804077902562	0.000142773928970055	0.00308237956532901	5.08060601046885e-05	0.00114729765854567
C[Del(T):R1]C	0.00103341065901528	0.000159780617496349	0.000197497240178779	0.000932024983705893	0.000207054304574315	0.00037308759157936	0.00318328445336385	0.00245754008208021	0.00132769183923484	0.00661167538761014	0.00614166590687849	0.00583176059969501	0.00151832396832822	0.000243326763189044	0.00424867049898566	0.00850074982571998	0.00233808688250044	0.000179611770893035	0.0066092927621838	0.00224817040743123	0.00236396926472337	0.00444732503521807	0	0.00106760169958033	0.000389986254391371	0.00520295277643713	0.00500968720583114	0.00167746977092643	0.00284920339805475	0.0084455615945786	0.00160029051767452	0.00816338465178633	0.0010340695503014	0.000308740584596465	0.00553210275845705	0.000960188374690054	0.00114952739181273	0.00347374525954508	0.00334668404736014	0.00202612429038058	0.000167212829808034	0.000128649690466462	0.0116032969575567	5.23558395481324e-05	0.000460074784944498
C[Del(T):R1]G	0.00254312878798966	6.29650907609465e-05	0.000461915335332806	0.00155643905392337	0.00024088023077299	0.000142291605123696	0.00919691087322188	0.00530211436846199	0.00138787081897394	0.00899385781367335	0.0107421784706277	0.00594590317018495	0.000936297327449177	4.21636100561148e-05	0.00441762723717219	0.00838631693627391	0.00171494061704949	0.000360319849645032	0.0128431773354643	0.00247217771703198	0.000680550623670949	0.00662574137409449	0	0.00221990974639277	0.000175155819310545	0.00737623851928374	0.00293939403288174	0.000996296657406768	0.0169267223794753	0.00616525753755779	0.0030263906931436	0.0107349085098832	0.00223913230075068	0.000214918395779977	0.000895823458045601	0.000203043718285749	0.00152135544956748	0.00175535510524138	0.00312717399379969	0.000199304724060602	2.20879021803646e-05	0.000135796895492377	0.00141638906761584	1.39835278105059e-05	0.00101986323595874
C[Del(T):R2]A	0.00120232300118267	4.14900829922054e-05	7.11247611384209e-05	0.00148878519722448	0.000280032276509606	0.000160614806778549	0.0105066497476474	0.00784034093901433	0.000645571385403067	0.00563468701410412	0.00552073240138033	0.00245739467323349	0.0008599269500859	9.28154654936306e-05	0.00194227199278756	0.00432346571537378	0.00327728856842961	2.74076964740136e-07	0.00126587358432195	0.0223687700854403	0.001532062088627	0.00384463393493665	0	0.000196176771195193	0.000917471065667258	0.00334051108911825	0.000598576381805484	0.000759750770631331	0.011497436630276	0.00298979298499818	0.001047121056465	0.00602860677036338	0.0280374779246427	7.43639763467487e-06	0.00338063177149831	8.34805847714509e-05	0.00168409485731269	0.00180811417157968	0.00362022734487393	0.000348877173835016	0.00120786633530047	3.86856652989979e-05	7.13146943135247e-06	4.64422448432222e-05	0.000258363900468112
C[Del(T):R2]C	0.00123357404530028	0.00015603279066094	0.000291706411248704	0.00106529934129228	0.000575828966027915	0.0003356998834591	0.007949495979253	0.00479478665605251	0.00125404160164588	0.00729815976886248	0.00582002884772717	0.00277994320210028	0.000430271722448038	5.22184076675421e-05	0.00250421691982827	0.0043987457347319	0.00127566559049897	1.82717976493424e-07	0.00314153234268194	0.00259150651696052	0.00098649864920759	0.0165595014379781	0	0.000893383763782382	0.00128829246328824	0.0035678743098995	0.000854157419408579	0.00218368472207722	0.00125034760093928	0.0021527240470469	0.000695162943134027	0.00700713750565511	0.00286633265544329	0.000106657020885665	0.00220268601964789	0.000165771888736338	0.00204315153751357	0.00150202517524387	1.68853887354195e-05	0.000432131415213573	0.0015533164452102	4.64568326684447e-05	0.00318182394462176	9.29384691721005e-05	0.000665333019806827
C[Del(T):R2]G	0.00148269187809732	7.38885860517701e-05	0.00012779067556024	0.00175565524582858	0.000548151160902634	0.000110802830033414	0.0081265198910002	0.00864707535355332	0.000970993359097758	0.00510937694922632	0.00541971669004643	0.00277569353114863	0.000702015414564087	4.8250249346477e-05	0.00195894616125908	0.00411465894944009	0.00221982594258939	2.2839747061678e-07	0.00211529126527619	0.000859217885302809	0.00110876526105407	0.0137625597927143	0	0.000646025584892858	0.000151059654365318	0.00267985987539473	0.00145717826965371	0.000773707903424045	0.0093689685322502	0.00366004869029471	0.000589971309781216	0.00570399134582207	7.63724569830446e-05	0.000106559458817571	0.000925387500520668	0.000441500293209678	0.000970469576148486	0.000388227997705101	0	0.000379467062865781	0.000584815886804897	3.3438709228386e-05	5.30898279889573e-05	7.01932185319319e-05	0.000406633559167072
C[Del(T):R3]A	0.00156399153495022	0.000161808523798966	0.00016089631927254	0.00253103808340053	0.000155234426955705	0.000165505565266175	0.00303703991532101	0.00396121638886806	0.000612486749064848	0.00747703998799044	0.00440803064470607	0.003423581305898	0.00197009803003388	0.000137857697896481	0.00324987932435817	0.00965090275231224	0.00425029146779853	0.000180982155716736	0.00218795247008961	0.00597682415027921	0.00197178610515747	0.00816849390013948	0	0.000651948324211197	0.00177745935841132	0.00316609841552515	0.000922511608643055	0.000890849018390849	0.0029748997177259	0.00246804571924632	0.00149620255920131	0.00425868609146208	7.56965945318672e-05	0.000150494910148967	0.000464342302814706	0.000672243862514335	0.00328089967581383	0.00194358831644475	0.00337707774708389	0.000673765281141138	0.0026943860521983	4.36490021225497e-05	0.00156060322722763	9.99572228201816e-05	0.000781249448450205
C[Del(T):R3]C	0.000609295263067934	0.000240024909889063	0.000261347995341629	0.00156257599568575	0.000489698969525363	0.000497489658362376	0.00352007202033343	0.00227615297916658	0.000819483115841762	0.00852763504502071	0.00475148069183671	0.00336168424994209	0.000609107980468389	0.000176543385737271	0.00299522358122927	0.00652121628817988	0.00109969790246689	4.11115447110203e-07	0.00216361956496076	0.00103747736245673	0.0015053671457712	0.014627363088963	0	0.000197461893877474	0.00102053304704376	0.00431374133946862	0.00240025398064333	0.00199558859555176	0.00125856066340708	0.00144576017959383	0.00131367756876713	0.00517073798900463	5.20414087406587e-05	0.000196229839625196	0.00193836809343029	0.000135635744026312	0.00211068989120131	0.000748132201834585	0.00725734007848329	0.000963216818143022	0.00198720916755845	0.000146489341106543	3.96192746186249e-06	0.000217663752831776	0.000540748679716715
C[Del(T):R3]G	0.0014136455022934	0.000109542938678061	0.00018482451389721	0.00298082060309049	0.000552779142150189	8.66807714980072e-05	0.00308218866514703	0.00543788909563318	0.00084064237637847	0.00756326736970543	0.00417762210923735	0.0035604012578218	0.00169796555740691	5.1326067789679e-05	0.00354504698161403	0.0104045570660961	0.0013452926256146	0.000179931527351899	0.0014466828199227	0.00154917208571435	0.000531576896172117	0.0222212344320994	0	0.000645913835094398	0.00075068549312716	0.00323119383040721	0.000946382549763585	0.000914010855247574	0.00336610542047364	0.00307958049751533	0.00105781528547084	0.00434282984288877	4.12276095218206e-05	0.000255655979323866	0.00160843777554869	9.63894774096919e-05	0.0029274686064545	0.00119857653254646	1.01312332412517e-05	0.000363792844571286	0.0010629494161689	3.3325261529562e-05	0.00148413802721369	0.000179855384667979	0.00075461381508548
C[Del(T):R4]A	0.00223242354850049	0.000315749411114209	0.000437799424424895	0.00332714429341299	0.0049965644839936	0.000906530533253575	0.00372030800120023	0.00437083311787115	0.000784604152126001	0.00623532922187592	0.00491247200589984	0.00297277202153114	0.00130408091377749	0.00154082419853538	0.00230706773511923	0.012791892429676	0.00273338352052045	0.000179840168363652	0.0056738098850836	0.0114035693335388	0.00189748031175688	0.00657080424384896	0	5.41986522527307e-06	0.000297842755588582	0.00245349191508895	0.00294949772686167	0.00187495819738677	0.000450971793686829	0.00225449232721688	0.00103676934724938	0.00285540178245181	0.0115025030565879	0.000396069475769848	0.00142478902099168	0.000271213755974635	0.000988980317704304	0.00213614210632915	0.00335681528060139	0.00224510748859593	0.00540672583771684	0.000436518383150203	0.00146749793187386	0.00274374458410858	0.00114375902400834
C[Del(T):R4]C	0.00164708949023313	0.000229533394639034	0.000371568426790555	0.000883651132887088	0.00552985205548803	0.0017156721470207	0.00342875420995087	0.0035072435255924	0.000431715167036627	0.00652321197466432	0.00365488750650173	0.00229340076902734	0.000988838236496601	0.00181538726406631	0.00080700524704694	0.00769453295466711	0.00229004845071564	1.82717976493424e-07	0.00303934699868642	0.00117462420171186	0.00132385553306784	0.020800799191772	0	0.000419843992811359	0.000543859585789461	0.00289428470999488	0.000725219630011982	0.0010030188427796	0.000861868009835186	0.00192996517911206	0.00342458897815462	0.0027335740890847	0.00716954888208971	0.000553968262864125	0.00054556099199342	0.000577251501391967	0.00171263655937641	0.000892391523351072	0.00350878377922017	0.000777252319890067	0.00453921340417149	0.000236396642424595	0.000103406306754611	0.00150191526530749	0.00112470617893789
C[Del(T):R4]G	0.00145993874325931	0.00016684029131118	0.000364222150045937	0.00151091506189722	0.0049438437827745	0.000620915056057488	0.00261565158361153	0.00629266263130594	0.000807654357668273	0.00594469758665696	0.00451826377630821	0.00320996800424237	0.00171210605998986	0.00140754607702443	0.00183502570173672	0.0141191621273843	0.000813513573558261	5.48153929480271e-07	0.00316060972602933	0.00115429085539119	0.0012372643447392	0.0170984383377277	0	7.2637368998505e-06	0.000887039703377802	0.00339241257796739	0.00148876195427037	0.000716772556615058	0.00180388717474732	0.00404725496841108	0.000751298130976066	0.00203257875019762	4.86620964847718e-05	0.00039676325047629	0.000384991973197613	0.000846733295026945	0.000561837200406492	0.00168089713263836	1.35083109883356e-05	0.0014760277892731	0.00196041507315366	0.00019498823235382	9.11243316228372e-06	0.00110242871760684	0.000657885327166069
C[Del(T):R5]A	0.00169439405833915	0.00116157033080444	0.000375851173792688	0.0029301184018348	0.0145081018948599	0.00177248204117746	0.00500632465114088	0.0031044597064239	0.000795715179348473	0.00351727484676137	0.00356381912453923	0.0025020087364107	0.00117596107340688	0.00340352861086601	0.00158128425727471	0.00697155650326076	0.00248423761287299	0.000180296963304886	0.00218438450117376	0.00394548199283595	0.00154159947473166	0.00529512025505645	0	0.000208078124731102	0.000702499061930695	0.00165006117153321	0.000667480104014059	0.000449548491756712	0.000986296774410875	0.000620156381320445	0.000740984479514919	0.0017178743744181	0.0054515065311968	0.000406118368783468	0.00168690887713679	0.000380304290541809	0.00194584087939052	0.000915050558211565	1.01312332412517e-05	0.0012583574618316	0.00464039653699655	0.000337223284754461	7.3295658044456e-05	0.00418582785110456	0.000963598075230342
C[Del(T):R5]C	0.000747163658825579	0.000529543532970603	0.000562612919732941	0.00160728348473063	0.0142529999114941	0.00544156278796333	0.00389461108433268	0.00222721920535398	0.000802961501450086	0.00327432925576285	0.00332539170314952	0.00135287676200392	0.000796019765101315	0.00429325426338319	0.00137412491602709	0.00441354443489249	0.000819500784010593	0.000180022886340146	0.00837419983676382	0.00103306623892476	0.000491303198753786	0.0208342153664371	0	5.86686441911002e-06	0.000474349375822617	0.00196827553436577	0.000543854466700423	0.00133211202585081	0.000197217681837941	0.000878812055627735	0.000595451626424778	0.00144120818955267	0.00580633431806492	0.000930872212368514	0.000496104415362268	0.000655559291975643	0.000656438465072764	0.00212164416453282	1.01312332412517e-05	0.00148547316511831	0.00311869738319462	0.000234921822339883	0.000150157050804588	0.00175987470418159	0.00174213253683725
C[Del(T):R5]G	0.000914419219330003	7.80963916343209e-05	0.000218246459546771	0.00180813795035954	0.00923052548869117	0.00148452404078002	0.00274242519188006	0.00302945426246235	0.00148804949671394	0.00293071439326488	0.00260868839192733	0.00210934063684177	0.000911926343421683	0.00263100684386239	0.000759376884533325	0.00573879093537091	0.000894584517259991	2.74076964740136e-07	0.00263566828130118	0.000442061359853078	0.000689028976474899	0.0128318371573724	0	4.52586683759916e-06	0.000327760931500991	0.00130088613823401	0.00138997135101428	0.00027384619910005	0.000220294130082581	0.00112136193848275	0.000406076240186142	0.00110402881019755	0.00363005722527374	0.000663833991767084	0.000443570540629622	0.000532428316041652	0.00152729129630103	0.00228928261735664	1.01312332412517e-05	0.00221742050272068	0.00220889422228451	0.000241274893474029	0.000103406306754611	0.00139182978636288	0.00145174660856089
C[Del(T):R6]A	0.0014795819608508	0.00493430401541727	0.000568136471367293	0.00361791417444276	0.0236431400818984	0.00343028237490028	0.00478857333606663	0.0016133719083711	0.00246355627929214	0.00181655313953179	0.00156736264275077	0.00165299480933369	0.000503068096114484	0.00628574785846774	0.00053862559815516	0.00492745147840285	0.00187123604216676	0.000180114245328392	0.000856746481970595	0.00206604460686283	0.00157755487257037	0.00550847770438132	0	1.22924778305162e-05	0.000448725449134229	0.00106040968821515	0.000973589252446193	0.000505464567667306	0.000361131655825453	0.00150618722859722	0.000916735189653588	0.000478730704876119	0.00347190541169823	0.00147166959604003	0.00176175316310526	0.0001508308269529	0.00236124673877445	0.0022881304630417	2.36395442295873e-05	0.00198451722743924	0.0107900767206837	0.000618545215913377	0.00423450807123862	0.00955414594063351	0.00378637817626115
C[Del(T):R6]C	0.000987151934334011	0.00238565377325306	0.000211910096405987	0.00282929345305206	0.00853400868078663	0.0111206878220406	0.00352687409187031	0.00133833330858128	0.00127703659711499	0.00173389520216693	0.00204639878432813	0.00158586048283878	0.000449116469213145	0.00339581923498294	0.000411368419786603	0.00453474195634328	0.00138085860452221	2.2839747061678e-07	0.00145303123308379	0.000796655939552353	0.00043365587744538	0.00872738659506371	0	4.52586683759916e-06	0.000847931362230469	0.00117140813016178	0.000480716020255207	0.000584117263127321	0.000350748122303787	0.000799147533500786	0.000583958184575086	0.000842428958678804	0.00765211467223037	0.00119050655602463	0.000801746058942788	0.0006875544095969	0.000845423829280912	0.00197378436078215	1.01312332412517e-05	0.000313323903906437	0.00354364574021026	0.000592820950205026	0.000101029150277493	0.00496784854698425	0.00408554967994053
C[Del(T):R6]G	0.000809172164190376	0.000438799725697474	0.000209894962105399	0.00163211571088329	0.0106752888997588	0.00168306770819054	0.00162492986426551	0.00112317679476125	0.000897301713953933	0.00162966332433334	0.00144334383760189	0.00142092386993562	0.000597513990231973	0.00292943724699073	0.00034292798040181	0.00518042052941283	0.00109868018495781	1.82717976493424e-07	0.00217199304156059	0.00035749432226013	0.000572623566171999	0.00642613125033439	0	0.000448563691015383	0.000259760787195342	0.000822004455942542	0.00109835251942551	0.000631003724453382	0.000190480539686759	0.000862660767589433	0.000666391280755328	0.00061409342532353	0.00175859409796356	0.000394248317165438	0.000241567900967272	8.59284248781657e-05	0.000431186525090173	0.00132579357148779	0.00357970241190893	0.000510079470547808	0.00418581996981667	0.000365216504439294	7.13146943135247e-06	0.00372536721281694	0.00154761222746751
C[Del(T):R7]A	0.00161326698290947	0.0166637340688311	0.00108745732327789	0.00995876043616578	0.0317233025724594	0.0069052487505187	0.00321678465568296	0.00112803028554391	0.00496160505178795	0.000695961871423386	0.00122271068986826	0.00146912172252451	0.000522085017105856	0.0161444807722619	0.000629414513201893	0.00225232244785179	0.000747069612353999	0.000723700225396328	0.00122913314764787	0.000584023529178958	0.00204220269005718	0.00160624586650919	0	0.000215006612235575	0.000482082563642248	0.000276036837818069	0.000260459347864399	0.000263021917350862	0.000317861144895699	0.000911053969589642	0.00112087698462627	0.000339644408954658	0.00759399050142911	0.00365545556732359	0.00140929262698058	0.000718775917373111	0.00218928298384054	0.000987780299342173	2.36395442295873e-05	0.00130558798792095	0.00546424018689043	0.0015563322563176	9.58786445770722e-05	0.0154491177229923	0.00965549553735041
C[Del(T):R7]C	0.00143817967741909	0.00350759393512982	0.000309406179595453	0.00867626076633588	0.026846502586152	0.0530949803867982	0.00259949666371145	0.00105713651618549	0.00346724780421603	0.00109603823200389	0.00156164811189684	0.00205143887012562	0.000351668634150611	0.0154872008446947	0.000468997513079349	0.00436174097695353	0.000495195355639651	0.00017627716782203	0.00123591550297441	0.000619231236772012	0.000803678460874038	0.00373663786693262	0	4.6376166360584e-06	0.000803124882689723	0.00104023548938807	0.00107461655131616	0.0012546036652031	0.00121391841477129	0.00195506412906829	0.00147123667226953	0.000428688793148105	0.00330226393645271	0.0032250984447338	0.000683929503057021	0.00060139505640678	0.00168636992052067	0.00167326411030188	1.68853887354195e-05	0.00551430888374577	0.00767977768051936	0.00426052832933685	0.00310060443165358	0.00946566646107917	0.00936241205392799
C[Del(T):R7]G	0.00125863286795257	0.00206220071807802	0.0002762395280911	0.00767630800235029	0.0360209518057122	0.0093749409388558	0.00205609617380925	0.000604099310503109	0.00119401444960795	0.000861902284947434	0.0010617868038978	0.000427802703070545	0.000445814611873959	0.0163208941628071	0.000161237041194914	0.00325464318212492	0.000772891487451305	3.19756458863491e-07	0.000695528931542939	0.000356158683262403	0.000537559825681293	0.00172120689831928	0	1.74888434588708e-05	0.000225636842468747	0.000603638927838168	0.001342171623197	0.000799714944322296	0.000681527910912061	0.000622734521195104	0.000363451555180661	0.000345792269737347	0.00356449856750953	0.00282598286439348	0.000505006599155875	0.000189846165257565	0.00161762164685414	0.00156678584902948	2.02624664825034e-05	0.00268193606368929	0.0102436514019415	0.0011150774317415	0.00151979537437045	0.0119350773554937	0.0101505208752375
C[Del(T):R8]A	0.00146156791189456	0.0079307895657989	0.000829184120655737	0.0155780077018566	0.00424339713191278	0.0118958887950566	0.000767783824724901	0.000577900897891322	0.00427854602671254	0.000353290655132921	0.000757079253114054	0.00165913737949443	0.000413762435752111	0.0307448059437777	0.000107387677442632	0.000770721770732622	0.00129806620248066	0.000537876043302516	0.000811166482667153	0.000958147435670661	0.00226651385546505	2.83554893527485e-05	0	0.000204558006079636	0.000952875026989474	0.00062935430660976	0.000524775067476865	0.00142891149521963	0.000150144505621824	0.00271369695271525	0.000944555408170558	0.00014903469361657	4.7310371582417e-05	0.00601334646923472	0.00176450075069588	0.00102867016560008	0.000756499881438183	0.00153553366323672	6.75415549416779e-06	0.00181691468570392	0.00120455119989376	0.00212901623998136	0.00314933613943449	0.0111515850083735	0.0150511505700239
C[Del(T):R8]C	0.000723437164760585	0.00197675666593501	0.000434642975122206	0.012407610909801	0.00241720248780454	0.0594896220903318	0.00166268136129518	0.000810581421057965	0.00589540062409743	0.000459206964240301	0.000773103539337501	0.00181294853340975	0.000345939675621814	0.0272912479120803	0.000741072059676519	0.00229195469290345	0.000702517404376887	0.000358401310891851	0.00111171161206573	0.000476814335089997	0.00124779990016177	4.62244039862653e-05	0	6.98436240370241e-06	0.000893032776470667	0.000669326119219159	0.000517833598330345	0.000746700351214488	0.000132225096601155	0.000499992314868344	0.000590922753642945	0.000156810062463601	0.00147270428111552	0.00514568363676094	0.000417633313774173	9.22789534569068e-05	0.00128609323146979	0.000792586155819366	3.37707774708389e-06	0.00384830869349621	0.00159194102283108	0.00481259319373934	0.00012361213681011	0.004702832000617	0.0175169033642749
C[Del(T):R8]G	0.000969838565956064	0.000612867683061572	0.000211786203659048	0.0104031540361794	0.0114252921089429	0.0131919416475395	0.000373008597903449	0.000166040081752169	0.00273792273783661	0.000239034245848561	0.0003135052311751	0.000639859787194585	0.00034819460258516	0.0277577378621812	0.000207687183776963	0.000477940041778179	0.00134738219454281	0.000175272218951317	0.000581257494643265	0.000150336274357684	0.000534209263428188	3.09640900291743e-05	0	0.000226349216779188	0.000437930839134286	0.000196711888029969	0.00136441324725397	0.000364861462450385	0.000123855760217471	0.000788675735951069	0.000592407006067243	0.000167644648485817	5.81241708012552e-05	0.00550162258185504	0.00260647149196534	0.000403662689295979	0.000589758430686218	0.000590767124985652	1.01312332412517e-05	0.00748429336109112	0.00197264857283096	0.00128079615779872	0.0302386189671731	0.00277062210642701	0.0126103730399767
C[Del(T):R(9,)]A	0.00188919706561877	0.00353694057919748	0.00163816246058346	0.0219910433626454	0.00585539844441277	0.0101617859571835	0.000277269441021916	0.000474363488914031	0.00689611080507094	0.000186447623497344	0.000221541741282383	0.00104386283657291	0.000435273106020681	0.0375592651798793	0.00121548938444107	0.000404496380855683	0.000732886527919001	3.65435952986847e-07	0.000634712740652874	0.000582064006175714	0.00360142837420753	2.9111983548912e-05	0	0.000433645092921075	0.00249731827675176	0.000245533449191516	0.0018200146464999	0.00211883282951752	0.00030034110254894	0.00350695267832601	0.00257175275825478	0.000244667203291614	0.001261159333897	0.00685434233642963	0.00134708724392896	0.0010875568851484	0.000585063527520664	0.000865651941958498	5.06561662062584e-05	0.00161268669624137	0.000800130681337679	0.000936709287265399	0.0126330019048947	0.00501490445334862	0.0214034222831878
C[Del(T):R(9,)]C	0.00180939541551946	0.0012406626764217	0.000751624445327831	0.0275386648797157	0.0024283727004507	0.0551824762006963	0.00138940813730117	0.000801504424087319	0.00892810374502763	0.000295422805093794	0.000404442128356889	0.00203345258673169	0.000552793123461375	0.0476241131823014	0.000945573336758529	0.000273144437846034	0.00232313509654263	0.000352645694632308	0.000508467714373417	0.000430897350993785	0.00157175453500959	3.28944545297294e-05	0	6.59323810909507e-06	0.000625167183734384	0.000404089202506523	0.00225218858737632	0.00187240064034725	0.000520392139873489	0.00142430095651947	0.0028754916966733	0.00021082341076865	5.33931336430135e-05	0.00928839669283234	0.000792074550623807	0.000191289467207279	0.0039070591178277	0.000954607856357849	3.37707774708389e-06	0.00283583734015415	0.000835596129923927	0.00462713456808674	0.0312120645445527	0.0019476082527298	0.0305321755095444
C[Del(T):R(9,)]G	0.000868950917567104	0.000376258615346937	0.000588438925981173	0.016602982331397	0.00925186374772795	0.0131773212634134	0.000526905466425272	0.000425750298978014	0.00619984276999317	0.000241931285292382	0.000131902834884526	0.00045208119292633	0.000235001156830295	0.0424355941492332	0.000606896373869808	8.35222793133723e-05	0.000898254796361872	4.56794941233559e-08	0.000311088316825611	0.000141030736866939	0.00116014663533328	2.99989077788968e-05	0	8.10186038829479e-06	0.00053096504072942	0.000380485389878833	0.000641170007762876	0.000429125554614686	0.000133544743001902	0.00102515182457196	0.000572731147006678	0.000289480264353939	4.59586466800623e-05	0.00495015841207198	0.00137302447078441	0.00159984825238765	0.00118408767018119	0.000800459210304791	0.00342435683554307	0.00513086673992583	0.00138355551132486	0.000614574546454535	0.14902869386345	0.000286352648329238	0.0196186169515359
G[Del(T):R1]A	0.00111974279016943	0.000244404707524894	0.000223273501611952	0.00169440171895054	9.23231587559716e-05	5.35407399422182e-05	0.00121187407018871	0.00288074434864305	0.000368334003054525	0.00491239422241714	0.00299149621675048	0.00306365362901287	0.000829202181708485	8.6590017777823e-06	0.00215798992361808	0.00579844055502114	0.000684793962224145	0.000180571040269626	0.00286731303798683	0.00220649759199227	0.000680054582211135	0.00127602310688045	0	0.00229729648182579	0.000636663738319023	0.00281257920474519	0.000422378756636334	0.000404694319031741	0.0313912623954517	0.00153684434481265	0.00122058830133552	0.00488575996879531	0.0431403002586526	0.000104326371481211	0.00107683452851562	7.21766439012918e-05	0.000719147480041749	0.000855858630281505	0.010830288334898	0.000380097970209883	2.55850450211639e-05	1.9456280348323e-05	0.00309703869693791	7.59122029859238e-06	0.000247050728966995
G[Del(T):R1]C	0.000833775371885354	0.000179843690502124	6.28051754652006e-05	0.0016228971288368	8.57358861773348e-05	0.000161552557363899	0.000932989137176781	0.000978854406787718	0.000379997131008548	0.0051359722727751	0.0025718187108544	0.00289321788204375	0.00124460860362107	1.898921293176e-05	0.00281276915550672	0.0056851564572476	0.000839259661181487	3.19756458863491e-07	0.000992329300773078	0.00104904997140414	0.000783103391488717	0.00173633678224255	0	0.000658318062723374	0.000581510949521501	0.00156250514862366	0.000609046431101484	0.000778404053391486	0.00159703260143024	0.00248210416432754	0.000899799488914804	0.00468086145699524	5.00138213871266e-05	0.000206061928043053	0.00114893122689348	8.43465659412793e-05	0.00234080219349185	0.00109747499141045	2.70166219766711e-05	6.34335395566432e-05	0.000168681889811789	3.57360251295729e-05	6.73527668516623e-06	1.47392406096921e-05	0.000544396262361721
G[Del(T):R1]G	0.00102721153429303	0.000684412377410514	0.000160763979292855	0.000959743942979393	0.000258446290982688	0.000254669707879536	0.00256888734179551	0.00248801791667241	0.000643445797586594	0.00474754561211386	0.00330683886345088	0.00396429207997429	0.00105183456428417	0.000300291097021814	0.00293650109984003	0.00690129337244276	0.000860534287833984	0.000180296963304886	0.00448422976221914	0.00153036110423814	0.00080062613213665	0.00386344194581368	0	0.00132155311657895	0.000244194133758266	0.00497346454004609	0.00150789919907015	0.000784957402480538	0.0213974586562162	0.00302837408994601	0.00126991115112757	0.00603330481346149	0.00133753179088005	5.40819064131092e-05	0.00246711384936912	0.000159998680937482	0.0010506138482477	0.00194147603353403	3.37707774708389e-06	0.00152182145123773	6.04524691811037e-06	0.000126692717661748	4.91279005270948e-05	3.53665066942467e-05	0.000381444756672289
G[Del(T):R2]A	0.00059171611929822	0.000325188974968601	0.000151801465349536	0.00225223655574769	9.23118984609654e-05	0.000393049076865536	0.00562658854940978	0.00125835135909372	0.000818944817628499	0.00463042407412699	0.00338542461975752	0.00227287066851447	0.000525092512058201	3.52992029215904e-05	0.00137256023995797	0.00336550905207481	0.00114668613639658	2.2839747061678e-07	0.00263902731510034	0.0832862454683394	0.00222892121648903	0.00354701868376323	0	0.00180241249934906	0.00190877018530134	0.00102739124946816	0.00175797526600288	0.000605002936750827	0.0146287839015641	0.00473813579270488	0.000823303402431753	0.00410059824276438	0.0216086742890434	5.30846052725989e-05	0.00263559592042591	0.00051276477027875	0.00168615275539627	0.00186644198377354	6.75415549416779e-06	0.000292883235330204	0.000275195240349592	2.2292472818924e-05	0.00382524096442823	0.000123630068305968	0.00112185173851677
G[Del(T):R2]C	0.000402263136138578	0.000150177061219063	0.000188318852509733	0.000545940232076591	0.00010021662555533	0.000439830970197534	0.00266887779338759	0.000538278967377564	0.000295125446050808	0.00472258457438822	0.00255984685300053	0.00178380686376775	0.000225573229440443	7.19710669392516e-05	0.001802308890677	0.00283284659656524	0.00106658960307588	1.37038482370068e-07	0.00186837817313981	0.00145745674335396	0.000532635929472825	0.0100224003148685	0	6.48148831063583e-06	0.000562900569986081	0.00115403142023872	0.00128342944054458	0.00113940729409765	0.000853325035767193	0.00104244811002518	0.0012491316171874	0.00446901151645305	6.21793455083195e-05	0.000207232672860174	0.00122773203899244	0.000166591684243775	0.000706034843006678	0.00103698688987608	0.00734852117765455	0.000106696278418346	0.000193876918902753	2.56108180095272e-05	0.000148176087073657	5.69696650589535e-05	0.000107130853240353
G[Del(T):R2]G	0.000941476534863242	4.30220122109478e-05	0.000191816006866504	0.00168840700673974	0.000182360477625681	0.000397053976104551	0.00409416685804578	0.00392950467912298	0.000164691648221786	0.00379689499688741	0.00265611731231265	0.00185130031738533	0.000711918209577994	6.38166227714215e-05	0.00099344676901791	0.00363143403890822	0.00059314525249723	2.2839747061678e-07	0.00142942156489734	0.00156183209812209	0.000885531388141745	0.0116194117349832	0	0.000650495576831227	0.000549652103286698	0.00216912985788824	0.0019082677139544	0.000682136105656796	0.00597157360106412	0.00178894851073257	0.000836090807933398	0.00431500036041721	0.00332997429695098	5.48949236472209e-05	0.000798009339819545	0.000309478577265449	0.000943634171490749	0.00118297444286498	6.75415549416779e-06	0.000160709970172597	2.75351246721672e-05	3.6133092075457e-05	0.00178801786353854	2.44342403360942e-05	0.000712110979318764
G[Del(T):R3]A	0.000620454377893673	0.000806002759448502	0.000367101717830847	0.00164609108126577	0.000820346272087913	0.00132284731486036	0.00229034251236043	0.00140744150030153	0.000516158973927416	0.00509506270240713	0.00316987049310439	0.00244225147956072	0.00165223663831156	0.00024718916270977	0.00272132043729831	0.00547928572951041	0.00212547053735961	1.82717976493424e-07	0.00232089949203534	0.00353540127858964	0.000895656111680418	0.00447518489044229	0	3.24074415531792e-06	0.00132733591880169	0.0010855467399537	0.00193899335585712	0.000504795475727871	0.00474996303687795	0.00118524672802392	0.00050399884243534	0.00368474276946438	0.00756898359073555	0.000148717112463709	0.00110991548310668	6.77774595585639e-05	0.00103283733163627	0.0014242547589854	2.36395442295873e-05	0.000508095576933987	0.00643125868476098	4.20323724143071e-05	0.0034746103840534	0.0015770376631875	0.000890733580816368
G[Del(T):R3]C	0.000806031182287679	0.00129304425618319	0.000162222534813634	0.00167210855368154	0.000744328020500944	0.00689311915055602	0.00158717836723585	0.000895949925215983	0.000408195675872537	0.0058521564368386	0.00305962050447909	0.00193421379183273	0.000410857689934796	0.000280212348115724	0.00221954013284307	0.00396667301548449	0.00301035425793734	1.37038482370068e-07	0.0031023329004037	0.00137790274555183	0.000639768711996244	0.0119738683948959	0	0.000213833239351753	0.000792601612613276	0.000902580206057922	0.00112125936760902	0.000339229613293874	0.00130605057006554	0.00109885629392984	0.000832932014312456	0.00326659656158703	0.00162071815792337	0.000100955060017095	0.000261790145634232	0.000272807161327119	0.00256446158922886	0.000716880016041829	0.00352566916795558	0.00101523567569367	0.00426875035710834	0.000137328439426501	0.000146195123342726	0.00251520680594265	0.000543807942580268
G[Del(T):R3]G	0.000879343770873723	0.000400677487097386	0.000249898240645373	0.00159507808210108	0.00090637492593541	0.00194803228662663	0.0026751697095592	0.00196085873654882	0.000676696064144278	0.00496286333914813	0.0030318182161682	0.00207330073371841	0.0010122094992103	0.000308217498776412	0.00259969986308236	0.00612766118711972	0.00106147936196648	5.02474435356915e-07	0.0020912476549243	0.00116963532644239	0.000552651050216392	0.01622500057324	0	5.64336482219154e-06	0.00127978654655604	0.00197816089179104	0.00181372876055055	0.000981570381543488	0.00330611360054494	0.00060571121525802	0.000771012047791101	0.00333992723092281	6.62345202153838e-05	0.000247775132267877	0.00132631548174387	6.66690036611836e-05	0.000727068836484072	0.00122209968314316	1.01312332412517e-05	0.000422211947144465	0.00323331006454959	4.56626987766764e-05	0.0016651981122208	0.000812297505281676	0.000515097937245384
G[Del(T):R4]A	0.00120089402699836	0.00157447525294541	0.00049326770895964	0.00259114323834364	0.00461121466829085	0.0106369734603204	0.000745932169912686	0.00154872579688653	0.000931738997084453	0.00475511301648324	0.00376316353771407	0.00210770211934457	0.00191372763295387	0.0015026926427422	0.00207461908126048	0.00985849666755821	0.00489437672965963	2.2839747061678e-07	0.00337300030811501	0.00653935004256383	0.00124562401277669	0.00800459551963965	0	5.19636562835459e-06	0.000429324644604277	0.00334964327645397	0.00152246664334847	0.000435016064959998	0.00145256604808531	0.000983583110475258	0.00185501106833673	0.00202673873516841	0.00550625138974216	0.000539323112420327	0.00112673071916127	0.000190608228687014	0.00065582833448517	0.00445058009289532	3.37707774708389e-06	0.000718151253887137	0.00809878479486495	0.000174284027318433	9.58786445770722e-05	0.0112991606606191	0.00143838957055977
G[Del(T):R4]C	0.00145817150948549	0.00100531355049271	0.000488248175545788	0.001025585689836	0.00427956519947275	0.00730661526735864	0.00248666730209352	0.000990842752684062	0.000511065844678854	0.00451997643975264	0.00209524369465956	0.0017220369986678	0.00124961554120101	0.00151198289235951	0.00144759871095953	0.00580633369334358	0.00108294887069518	1.82717976493424e-07	0.00395467567299166	0.00133063474503521	0.000693246850482894	0.0153376328811402	0	4.3582421399103e-06	0.000472615159789839	0.00225692797118371	0.000872465544282524	0.000469602490352695	0.000415341340866662	0.000999522081112117	0.00113632843294075	0.00213263314722134	0.00570765840019303	0.000296328521489027	0.000302564345479026	0.000121283549438357	0.00114946534463433	0.00345982339490622	0.00358645656740309	0.000792146109446772	0.00394516714035185	0.000103237405929877	0.00165410471532759	0.00565647478908933	0.000685789116504147
G[Del(T):R4]G	0.00220995344719657	0.000527083646627191	0.000328599230975382	0.00280617851704063	0.00386511878147393	0.0110320907776074	0.00198458939677784	0.00222107592362601	0.00134970685590545	0.00503550586241688	0.00276236207223325	0.00244664330499843	0.0018989400885206	0.00124670126321253	0.0015053032103279	0.011024662212649	0.00185328523759178	1.37038482370068e-07	0.00174304924698739	0.00140418715444625	0.00150841643130945	0.0140370889279014	0	4.3582421399103e-06	0.000459331300926522	0.00232378526609667	0.00206033409291002	0.000492076475682898	0.000935629298129566	0.00105037209875759	0.000556823005638561	0.00180712361185191	0.00149838705426027	0.000244338779425031	0.000273439917018459	0.000299710309669786	0.00129708592324288	0.00381411084675037	0.00341084852455473	0.00114657016230132	0.00306143004411015	0.000111575811793444	0.00344251877161231	0.00468611398570418	0.0018635878872749
G[Del(T):R5]A	0.00134106465894183	0.00174122754832236	0.000424192809634206	0.00301312778234256	0.0136151492405719	0.022222950513015	0.00252875511972794	0.000941029237070614	0.00116961159727338	0.00354325474887048	0.00330057985074862	0.00273238878560617	0.00120373666390859	0.00417957456956011	0.00209273539092824	0.00943364766992443	0.00299031388443415	0.000361872952445226	0.00325511268650332	0.00263830880124766	0.00202923866172092	0.00418323030273672	0	0.000209698496808761	0.00153741790522134	0.00316745681157951	0.00158820814072363	0.000898058953027945	0.000428450986031977	0.000863153647271353	0.00127664737366862	0.00159027457317328	2.50069106935633e-05	0.000456644679826062	0.00094429090314413	0.000370790044089295	0.00128998152131615	0.00113227965300761	1.35083109883356e-05	0.00165820684346144	0.00918635721676052	0.000265609424871786	0.000120838787586806	0.0191249786448987	0.00266981695785315
G[Del(T):R5]C	0.00081595116249466	0.00100219369464253	0.000336157627120061	0.000826037628977116	0.00837496827411882	0.012306773665664	0.0035997412832091	0.000638912482868147	0.000515593070677575	0.00240252324431392	0.00242030272951397	0.000944040460099604	0.000718371966059295	0.00267318257211437	0.000632091428886411	0.00460699945783439	0.00222632201179626	0.00036356309372779	0.00252077003905142	0.000782526284892185	0.000331787829434105	0.0127197977583199	0	4.02299274453258e-06	0.000517669384478125	0.00182339788785553	0.000735882497895385	0.000535723781638606	0.000559564801453556	0.00141379124514806	0.001255182800148	0.00115679719405839	0.00377536765227688	0.000764236200064983	0.000532262668054821	0.000224127473167169	0.000627814033437845	0.00110376383371283	1.35083109883356e-05	0.00113593590903311	0.00367281901629272	0.000292524891417789	9.03319461304647e-05	0.00512660647583736	0.00153724908346533
G[Del(T):R5]G	0.0014371476405082	0.000472022190686702	0.000179863172531163	0.00318641605377187	0.00784351613071041	0.007699089832996	0.00273630332749687	0.00152986726396065	0.000332544073131705	0.00284588196681316	0.00196751634441374	0.00205823984001126	0.00175673528564003	0.00306888242854647	0.00124366297944467	0.0088954184859943	0.00288347519954517	0.000362832221821816	0.00494739070013402	0.0006798688079139	0.00117839365737653	0.0114681389817572	0	0.000435935963789489	0.000387443917282095	0.00165865538023355	0.000717931087408136	0.00122553255841398	0.00067874970796312	0.000522133986733059	0.000963698458668556	0.000818908184970072	0.00157475951124331	0.000779748568891834	0.000648430671386216	0.000576616448534093	0.000809932843236459	0.00144019289367541	1.35083109883356e-05	0.000723997175694041	0.003735559578931	0.000260475916499998	0.00151979537437045	0.00697002721868687	0.00145971289419419
G[Del(T):R6]A	0.000839757044014338	0.00109717330620456	0.000224790249180536	0.00281615038893435	0.0179546417300678	0.0209761425390971	0.00118322034383961	0.000631885731619823	0.00096870214106182	0.000935565951938316	0.00126972324178134	0.000856555596653166	0.000549396847998109	0.00590812945193116	0.000754409509301844	0.00375484906993506	0.00082627834954976	0.000179794488869529	0.00168310094042821	0.00158048930537159	0.000644464368269214	0.00238989559571427	0	6.64911300832469e-06	0.000352500054091024	0.000388017090774278	0.000349425844092289	0.000327504871364511	0.000273184168723043	0.000245469247124845	0.000510354487431693	0.000553588153334846	0.00168222164098051	0.000487300849666967	0.000283551039351939	0.00160049485166112	0.000529531302853209	0.00152079568929144	1.35083109883356e-05	0.00194884725788632	0.00521959619440656	0.00068840063646428	0.00178564070706142	0.0140421083370578	0.00236079218731551
G[Del(T):R6]C	0.000524133233963251	0.00105664717867376	0.000262197411523292	0.00197963518299125	0.00738256469433591	0.0106969450194941	0.00228362546671776	0.00032450543749023	0.000895383163911792	0.000924937395741197	0.00132834016844323	0.0015520202333418	0.000499819001844639	0.0027626820585557	0.000313717551858431	0.00285432665201079	0.000431642145232446	3.65435952986847e-07	0.00213735802798551	0.000502949363307041	0.000532404646338188	0.00591218474506498	0	0.000221823349941588	0.000162933725365255	0.000940695992375229	0.0012609660751121	0.000619253969741236	0.000406711547956515	0.000243588721569212	0.000892911035355882	0.000283796435773184	0.00785690099493711	0.000883186041530416	0.000758224271507374	0.000147782573235104	0.000421114199796671	0.00255855068204415	2.02624664825034e-05	0.000671515166509285	0.00334153948518027	0.000754483921029284	8.32004766991122e-06	0.00548159688120396	0.00242734204940856
G[Del(T):R6]G	0.00123420914493774	0.00143117787385752	0.000227887567854004	0.00249855180026871	0.00785452869922649	0.0154877200207967	0.00166769788905362	0.000743247623817396	0.000916942697478875	0.00131649586772881	0.001477782735934	0.0020040565353778	0.000220280260484609	0.00317416641593844	0.000958090745311484	0.00578144142768857	0.000345038715922866	1.37038482370068e-07	0.00151502067501375	0.00046860718493291	0.000647814930522318	0.00557447530149489	0	0.000221376350747751	0.000687132964089246	0.00136682886946681	0.000962463619953022	0.00149361956427832	0.000259050061220307	0.000573666453168882	0.00188522892538526	0.000815078221625333	0.00160990435870453	0.000482574509479331	0.000558639508924769	0.000700070724104819	0.000840304937062962	0.000896760108461887	6.75415549416779e-06	0.00124759192148601	0.00285846575403372	0.000511564035922306	4.75431295423498e-06	0.00936164088965585	0.00226692249774153
G[Del(T):R7]A	0.000619581115892153	0.00201736278976966	0.000142452255862742	0.00371161184236328	0.0173390188814879	0.0248634263568694	0.00118143480006118	0.000222250364019264	0.000615095425021429	0.000532280282516825	0.00075302176763753	0.000750755249950345	0.00030537042930713	0.00942300445308776	0.000407164531070777	0.00137358543334551	0.00207267914827178	3.19756458863491e-07	0.00103961292487418	0.000655106763863928	0.000511357881086172	0.000652071911086159	0	4.80524133374725e-06	0.000411256944915848	0.000853220666260986	0.000187014747922476	0.000440418826041048	9.06215074407655e-05	0.000866823705210573	0.000653641933008153	0.000268426783816463	0.00175926996041474	0.00154774632869331	0.00045686886456822	0.000797707214399064	0.000629003271023833	0.000806844065466752	6.75415549416779e-06	0.00247099419896379	0.00381557784727717	0.00218786723374633	0.000225433672579975	0.00835795769746748	0.00409366413500027
G[Del(T):R7]C	0.000917846686395254	0.00121725575791496	0.000161054000950462	0.0043310742170815	0.0131352016865219	0.0241775211080707	0.00121629541668768	0.000460466550636179	0.00152125835571676	0.00071156166524991	0.00114102324129872	0.00104104219229691	0.000626983552959841	0.00801912247783342	0.000139369279265053	0.00250020094245417	0.00162207930773729	2.74076964740136e-07	0.00113499984161111	0.0005255212230137	0.000507155223073877	0.00240340814721815	0	4.41411703913992e-06	0.000483881665308905	0.000315578267519157	0.000242450091800929	0.00152025192474614	0.000413900148086899	0.000317376601334808	0.000726712821588977	0.000355799520297091	0.00156191812467094	0.00230182523344679	0.00111233336018642	0.000181879138495145	0.00128610357266619	0.000670889856303794	6.75415549416779e-06	0.00400408810454034	0.00361123550091404	0.0038044118562148	5.54669844660748e-06	0.00583787000961129	0.00534102409356024
G[Del(T):R7]G	0.000765571193426774	0.00127426512385422	0.00032630346083135	0.00429116039070079	0.0153451584447371	0.0247994332190984	0.00109725916479234	0.00041687087114061	0.00178585263131278	0.000687430306798506	0.00076908145360963	0.000682386423971251	0.00031113271187972	0.00841082002466518	0.000511630223083125	0.00282638944783345	0.000414579136782403	0.000362284067892336	0.000511087439298121	0.000273015155653875	0.000517736426483544	0.00170025983488758	0	0.000218750230483959	0.000267653239752677	0.000741509402622471	0.000377037465808444	0.000371258481647046	0.000473718330331282	0.000618905225204802	0.000565804635693287	0.000213437836101495	0.00172547683785587	0.00118659323307111	0.00111519085128067	0.000669530454848873	0.000323803541673625	0.00264645045498814	6.75415549416779e-06	0.00344972112655457	0.00286642207900982	0.00309851191220691	9.11243316228372e-06	0.00912258989640199	0.00404004859225056
G[Del(T):R8]A	0.000802645134764001	0.00405654057159943	0.000276809247010735	0.00764435376309657	0.00424783368814523	0.0288918842627635	0.000913603233296684	0.000182550151396108	0.00252595746447573	0.000211141978599121	0.000358656767730437	0.00115491541744484	0.000192557433052239	0.0166466808422898	0.00029789170173764	0.00114143983287532	0.00204617518590776	0.000544453890456279	0.000895367334694915	0.000616551171677888	0.000739810840523538	3.29727125500222e-05	0	6.81673770601355e-06	0.00047537574857671	0.000407922300283669	0.000832339996243894	0.00107077847133778	6.72151475959385e-05	0.00131453285997371	0.000466816416318952	0.000106481808913418	5.27172711918361e-05	0.00344644509677816	0.000445988417709367	0.000337663377739462	0.000213824917960704	0.00045150047216724	3.37707774708389e-05	0.00294733289062358	0.000738508164365974	0.00252911791180905	0.00155822607075052	0.00575404128890006	0.00664953444599682
G[Del(T):R8]C	0.000603448204449066	0.00146322839299533	0.000160056288905039	0.00598242779175552	0.00277718285885828	0.0259522011180115	0.000930778463927297	0.000241738881539814	0.00298553991593742	0.000138166671885213	0.000345064949950124	0.000583663874311133	0.000383054329396593	0.0102821691172694	0.00052761631111461	0.000692237732964435	0.000938227275548142	0.000178378424551705	0.000745175129655892	0.000275930275637402	0.000535840418167211	3.88942360855088e-05	0	7.76661099291707e-06	0.00033704547583974	0.000803793879134626	0.000367733968966234	0.000556790797937286	0.0001776834423532	0.000279273210540221	0.000239535506629014	0.000155164445825525	0.00171331131373467	0.00230027508058708	0.000888789633813615	0.000691480190900122	0.000795465509473001	0.00149842469300968	0.00347501300174933	0.00444243742161341	0.00113008415828745	0.00374726257793219	1.22819751317737e-05	0.00274853171217862	0.0069008951621035
G[Del(T):R8]G	0.000526124823587269	0.000383334288422538	0.000233047888480287	0.00539682131807318	0.00186118038069256	0.0199011949659339	0.000475039670956591	0.000237690578168101	0.00083882044396435	0.000235934345263513	0.000270218081382138	0.000292194805185769	0.000105884372149536	0.0119868522554263	0.000119980492071207	0.000379773871590945	0.000607912983160846	0.000179977206846022	0.000391271185840024	0.000210235729211355	0.000219798101083298	3.17988422456306e-05	0	5.30811542681383e-06	0.000181903925234007	0.000544340232752422	0.000159605585723095	0.000546967027499404	0.000222013143157238	0.000732821093843025	0.000587802017776473	0.000130715607712926	0.00172006993824645	0.0021916234574204	0.00225741796445303	0.000292182046700078	0.00083235255703144	0.00157057835698282	0	0.0110266630487838	0.00133766363687125	0.00241110394310734	7.92385492372497e-06	0.00297619161344624	0.00590021986686872
G[Del(T):R(9,)]A	0.000852262293941232	0.00180356466809808	0.000399510934132324	0.015148816860578	0.00526455950514156	0.0280306900784613	0.000420963202238426	0.000438726490540569	0.00489721630397076	7.96879590837375e-05	9.57900341518401e-05	0.00087047177265679	0.000259441565949026	0.0259763553573865	0.000421142932338873	0.000896614817997298	0.000911149493737508	0.000543540300573812	0.000300593345194741	0.000368752792430118	0.00121323524433001	3.21118743268017e-05	0	7.04023730293202e-06	0.000498156504762381	0.000183222073747591	0.00076061148172986	0.00138593953439905	8.96838639454979e-05	0.00104625465772247	0.000886403159341653	8.80563351390863e-05	0.00146324220679904	0.00497373591186121	0.000361912237436408	0.000791345139404725	0.00150242071895927	0.000356495747614452	6.75415549416779e-06	0.00438792410959244	0.000585335908045164	0.00263314945163069	0.00799398103979994	0.00255948276879572	0.0125007102327139
G[Del(T):R(9,)]C	0.000850018735439305	0.000332864620323083	0.000282358140343325	0.0123742449105539	0.00152379942171629	0.0287802437582941	0.000586933747738205	0.000457570112588461	0.00283993715050902	0.000119455580780313	0.000170021621374197	0.000896501007235611	0.00032261006796286	0.0192777273457023	0.000134920320803461	0.0003527804702375	0.00138545998687707	0.000361279119021622	0.00035197531196946	0.000147616667319548	0.00111691190515176	3.27640244959081e-05	0	7.37548669830974e-06	0.000597006818630709	0.000588965560557935	0.00132913708668854	0.000722100279347761	0.000102081594605147	0.000625267164483739	0.00139173402318341	7.8312790684343e-05	4.25793344241753e-05	0.00467334230420163	0.00187088734220467	0.000147690201910322	0.00250020139479989	0.000709439019424506	1.01312332412517e-05	0.00951558160984885	0.000625650554696907	0.00615204181183009	0.00476778350760532	0.000496964975718983	0.0125864698251525
G[Del(T):R(9,)]G	0.000484180634486628	0.000177035820236962	0.000637264869833451	0.00951392961197508	0.00100862966488686	0.0194664474934748	0.000254567527267592	0.00018867479452661	0.000837426389617183	7.94258351372076e-05	7.67500264836477e-05	0.000291513960015699	0.000125351167732117	0.0191352327854035	0.000296147936238922	9.53796030261974e-05	0.000507451272876611	0.000179520411904789	0.000418963124768032	5.66174735007026e-05	0.000766776628102791	3.11988640900527e-05	0	0.000218470855987811	0.000718154195777606	0.000207458011271863	0.000620576982628202	0.00024491266261623	0.000188535797622501	0.00103602550863155	0.000713811242823925	9.25404707099649e-05	0.00353340889475537	0.00272445327219762	0.000528525948931579	0.000357638676723502	0.000550710073080201	0.000342909927984114	3.37707774708389e-06	0.0116990789905185	0.000433762717038177	0.00211676388850837	0.0303020098065629	0.000610564803282369	0.00761464472096171
A[Ins(C):R0]A	0.00330216259710466	0.0393674090682314	0.000399015363144569	0.00408923656955449	0.000164760636530964	0.000424411830138024	0.000447661333020665	0.000743269990134367	0.000271702572514739	0.000775255504917996	0.00139738147823218	0.00295398518392625	0.00145537762660634	0.000180117151865404	0.00130207441077198	0.00126594493481075	0.00160787456973827	0.000178698181010568	0.000549451141109587	0.00429170905782742	0.285091773680384	3.46161309761705e-05	0.0258064516129032	5.08461582989535e-06	0.00363364268680037	0.00189047037422265	0.00125232780239643	0.00152843110471607	0.00201384986261352	0.00607983011453455	0.000476216681672839	0.00044904735716854	0.00869632215929943	0.000798588888263649	0.00113453386791863	0.000667267357391722	0.00185723750863619	0.00247295521773004	0.0410922820265168	0.00162775188837132	0.00271280780463478	0.000300239334937824	0.00473054138946381	3.77401835503373e-05	0.00266286606858339
A[Ins(C):R0]G	0.000271805386694221	0.000143061389991537	3.45200859065174e-05	0.000123934617032999	2.00545854060721e-05	6.70880853550813e-06	0.000241983694924371	0.000623751847681445	9.3222208522456e-05	0.000168484155474721	0.000196320263218506	0.000416131071583635	0.000183998707804662	1.55179006414557e-05	0.000241280590465767	0.000319829580470805	0.000188829905061681	0.000182763655987547	0.000170233904309613	0.000356189438107745	0.00987569855304858	2.4964308473395e-05	0.0635944700460829	1.45833486989306e-05	0.000491054477199578	0.000957723016185289	0.000372525510863206	0.000851241276854537	0.00034628563381705	0.000253188501220146	0.00115786912197031	8.36072849298175e-05	3.78482972659336e-05	1.38754941288394e-06	0.00431393232427996	0.00023043181608352	0.000200226244694837	0.000409254813952762	0.00370127721080395	7.43850699285301e-05	9.08867122677626e-05	4.00186757601804e-05	1.98096373093124e-06	2.0554819932753e-06	5.85356392923738e-05
A[Ins(C):R0]T	0.000880393065926932	0.000603744104607391	9.3949184017637e-05	0.00106876026038059	9.29312146863073e-05	2.15923558693937e-05	0.000999309334661324	0.00128365139130718	9.80806949601084e-05	0.000217218695481282	0.000672263141044545	0.000893411017617602	0.000592615355794359	6.74432682997242e-06	0.000113099687670863	0.000487461346736848	0.000458362643236702	1.82717976493424e-07	0.000186723706596401	0.00110956232639	0.199381841045097	3.80855698758168e-05	0.032258064516129	3.85536804684373e-06	0.0021438154446826	0.00132798681199173	0.00187085126706878	0.00220996065039038	0.000750357888972071	0.00281236388227131	0.000762525168544474	0.00017475679081984	0.00149635946690673	7.97840912408266e-06	0.000251898830308001	0.000199845361165183	0.000562757566886083	0.000776407988980412	0.0298060881957624	0.000126969191284586	0.00201683737772269	0.000158202816010125	5.54669844660748e-06	5.21328190416056e-06	0.000205890133886852
A[Ins(C):R1]A	0.000452715589404219	0.000490109354987362	0.000174517951365889	0.000478312714183548	1.40641084627648e-05	8.56225588809423e-05	0.000726886369609433	0.000605355551972969	0.000283089650102987	0.000986306309970497	0.00056118378687938	0.00044030481602864	0.000162146466087211	4.36177935607805e-05	0.00047747127082717	0.00082217824233926	0.000604621641429366	0.0409895347822168	0.000485645570857589	0.000625144954176423	0.00701663426344302	3.19553582862161e-05	0.0193548387096774	0.000448619565914613	0.000209149992769381	0.00157177183061823	0.000431431589314919	0.00077759113795105	0.000257174774229771	0.000322745198485567	0.000360064415032904	0.00111721864259105	5.47448585453683e-05	0.000318887039678179	0.000618207207889401	0.000437528326244065	0.000617493519430746	0.000631236545297931	0.0036067190338856	0.000376166651614846	0.000202548273084214	0.000267538035751794	0.00156218799821238	2.66147274540469e-05	0.000108891454660404
A[Ins(C):R1]G	3.50409321716348e-05	1.95990944434403e-07	1.97637088809793e-05	5.35204534813309e-05	6.80121818375495e-06	1.93665881757072e-06	7.77986932030215e-05	0.000220763003940706	2.50791757307229e-05	5.04941894563095e-05	2.63188702721105e-05	0.000345824455505111	1.8192150907488e-05	3.59359590319667e-06	1.14428719753669e-05	0.000101044555270052	0.000287992401504542	0.00603220559645977	9.40047305803367e-05	9.36924395609734e-06	0.000757707894665687	2.07644613843494e-05	0.0101382488479263	1.7321218761182e-06	7.18107006225694e-05	7.88004206185961e-05	0.00010175036857273	7.7545879821883e-05	6.132883009787e-05	0.000182994851750398	0.000181611604326923	0.000103210947782717	3.04138103029824e-05	2.0596436597496e-07	4.92367696239025e-05	1.85089042031308e-05	0.0001428015810862	0.000527398637663934	0	1.47661493425807e-05	2.26209239516388e-06	1.84636129836126e-05	2.37715647711749e-06	1.36369226920821e-07	7.9314222388416e-06
A[Ins(C):R1]T	0.00018364044082542	0.000287570713082773	5.9838319608584e-05	0.000145806361408441	2.61801858894541e-05	3.29324662088341e-05	0.000258308666612874	0.000562751445863105	0.000150364634238027	0.000773965399233336	0.000402458056730022	0.000433705855149502	0.000282090807713866	5.18801998372903e-05	0.000122176694023645	0.000408985850170687	0.00142953581644568	0.0364071506497383	0.000468320028104023	0.000331387852113762	0.00546781327715222	3.42248408747066e-05	0.00921658986175115	0.000690949003873471	0.000211721823348602	0.000748933507790838	0.000375735940343472	0.000292130543314161	0.000352015677399241	0.000317793653373355	0.000384002742594018	0.000465330360312969	7.36690071783351e-05	0.000102667816323623	0.00032839166883085	0.000704412176369558	0.00064153680106051	0.00036662510429997	1.35083109883356e-05	9.88628161343591e-05	0.000342537990964241	0.000205538868344456	3.80345036338799e-05	2.81119479246151e-05	0.00029455646183821
A[Ins(C):R2]A	0.000116689203499454	5.14496228216272e-05	2.94395447006124e-05	0.000478260036571853	1.77912661098226e-05	5.96880100837321e-05	0.000419432736142629	0.000528337139484047	0.000148335664049576	0.00113316637952584	0.000499498882000924	0.000503630898660184	8.50873918188723e-05	1.21192975263846e-05	0.000234739113405714	0.000649269080871299	0.00113098730247998	0.0157434376496146	0.000678765906411243	0.000499550952896705	0.000944861598574553	2.84337473730413e-05	0.00829493087557604	0.00248252177277198	0.000370815498926992	0.000737904945765365	0.000704472350007385	0.000858913947973112	0.000110259929536091	8.58217267687816e-05	0.000450946332705304	0.000691581144117118	3.64965723635789e-05	5.02227846085258e-05	0.000343888062841944	2.86235642667257e-05	0.000246254909870786	0.00060905757473533	3.37707774708389e-06	9.73566616076893e-05	0.00024104284539502	0.000231291495977513	0.00450669248786858	1.06339586742632e-05	4.2934270273114e-05
A[Ins(C):R2]G	7.04028657904685e-05	4.31980040794195e-07	1.50886348468739e-05	0.000122391163010358	1.54941659285543e-05	1.53820748189827e-07	0.00016784111517242	0.000199507547379464	9.44782376867355e-05	8.83790774152009e-05	2.45960825043467e-05	9.01558714213272e-05	4.34323370772573e-05	5.73631326423822e-06	3.16234229632256e-05	9.94879212007833e-05	0.000115824913958481	0.0014621549273945	0.000115750054648587	1.38726320240925e-05	7.91444800331368e-05	3.44596149355849e-05	0.00276497695852535	0.00158355051906664	0.000120073814840892	4.52843516338647e-05	0.000135242957204686	0.000113251627244103	5.47132343257045e-05	6.12687358448273e-05	0.000255862283296292	7.51041777758522e-05	2.36551857912085e-05	5.46347581323052e-05	0.000512589940905985	2.00792167244195e-05	7.29054346192852e-05	0.000100669483267911	1.35083109883356e-05	3.16183044702827e-05	6.89028143354515e-07	3.85722176001739e-06	6.73527668516623e-06	8.63671770498535e-06	2.33279688156698e-05
A[Ins(C):R2]T	0.000135883709390556	7.79843968089298e-05	2.72113524185473e-05	0.000384694062680574	2.19350546721103e-05	6.12317773517095e-05	0.000262304883640788	0.000467396381177629	8.31739752082203e-05	0.000846281977072921	0.000263198816935006	0.000386637756634019	9.20521169716703e-05	6.50306456669833e-06	0.00021718834930511	0.000282604886740266	0.000584689535746288	0.0188486839806262	0.00129698884477733	0.000337830992212996	0.000871307475361537	3.07032299615318e-05	0.00645161290322581	0.00114387093702877	4.93897647702295e-05	0.000303608242881752	0.000175214250373393	0.000568853212434215	0.000150786965053766	0.000129263383656779	0.000948893992180045	0.000447714113427375	2.9737947851805e-05	8.90524877096998e-05	0.000404774603850074	5.31250581650686e-05	0.000708041035108258	0.00104073139139964	8.78040214241812e-05	4.50424081329252e-05	0.000224714178450619	0.000222811280490416	2.81296849792237e-05	3.28422554834311e-06	5.40644089533346e-05
A[Ins(C):R3]A	0.000280479329025517	0.000103399222542322	7.26180441715993e-05	0.000192394441190812	0.000197955986209291	0.000275402150168688	0.000634888352073182	0.000861833836396535	0.000216175041438956	0.000303610189580187	0.000235942696174758	0.000235288119872025	6.44014916341863e-05	5.95972872995505e-05	0.000295092251180239	0.000255227131295644	0.000668120717926514	0.00477259354600823	0.000691366301141109	9.84682276877156e-05	0.000336398276131156	3.43813569152921e-05	0.00184331797235023	0.00855489407124854	0.000134932624999283	0.00049015233470287	0.00123942823889914	0.000238077919720873	9.1420240788586e-05	0.000140880178621417	0.000350321629888795	0.000404992592631325	3.51448474612241e-05	0.000257141090804843	0.00800053544986966	0.000169905505520318	0.000426708787049017	0.000544296900949726	3.37707774708389e-06	0.000149689149398757	8.20333506522074e-05	0.000724590452389149	5.15050570042123e-06	3.72927220245033e-05	9.63754960505396e-05
A[Ins(C):R3]G	3.91034988743549e-05	1.19994455776165e-07	1.55053649956678e-05	0.000150020570343979	4.18319959480954e-05	2.6605429650761e-05	0.000251506595075997	0.000611409368433063	0.000128653272969768	1.7058570572429e-05	8.37119770520084e-05	6.2435746639915e-05	1.04443107255476e-05	1.65027794696156e-05	0.000162358706569765	7.7263713528699e-05	0.000353602700493922	0.00109653625643116	0.000142734828566246	1.53312904031895e-05	2.22670881071428e-05	2.76772531768778e-05	0.00184331797235023	0.00089802138041844	7.87003752017678e-05	0.000138569847010308	0.000396656757076731	9.20595470315105e-05	6.76666055751414e-05	2.68884823398215e-05	0.000127417361962812	6.14005146026577e-05	0.00200393216774095	0.000118310267907932	0.00126268135314512	2.69262411738622e-05	6.76727892409365e-05	0.000413671405493366	0	8.48770955295685e-05	1.04004248053512e-07	7.05644686685534e-05	6.33908393897998e-06	2.02849225044722e-06	1.85909050939002e-05
A[Ins(C):R3]T	0.000138848658241564	2.22949698832115e-05	0.000145415357393693	0.000226840331477664	6.29563093797582e-05	0.000213923888967469	0.000447916410703298	0.000425373799309006	0.000325049305700894	0.000228123051656923	0.000232252693803295	0.000118122896099578	1.61593842360972e-05	6.83774710360549e-05	9.91118606433136e-05	0.000167416100914883	0.000328722755431612	0.00530370902418049	0.000294196716237487	0.00018556594969741	0.000179000973412893	4.49722756615809e-05	0.000921658986175115	0.00253912304569159	9.47153293820106e-05	0.000423564029107603	0.000261317390578344	0.000356444661044027	8.10714348037812e-05	0.000200230475088924	0.000439719295136896	0.000211396094412988	3.10896727541598e-05	0.000317889738537668	0.000996824777876776	4.36916366217386e-05	0.000555560094191753	0.000912314191713581	3.37707774708389e-06	0.000164816338204147	0.000106318342572702	0.000404667941705354	3.92230818724386e-05	8.28443053543989e-06	9.8436794247777e-05
A[Ins(C):R4]A	0.000381950302624977	0.000319825222795406	8.59111727692775e-05	0.000345802181966729	0.00101536332130058	0.000374164336816689	0.00062400503761418	0.00140359449378255	0.000166527383154195	0.000109745598065381	0.000301929513365673	0.000114875788365399	9.3901601402198e-05	0.000121166535563761	9.21933532051593e-05	8.1336799244927e-05	0.00109991443810712	0.00219430585920365	0.000279587330000947	0.000246359491840678	0.000111256317358075	3.13553801306382e-05	0	0.0013935199867867	9.74405260049469e-05	0.000514280676500064	0.000223987712057062	0.000468070457407258	0.000214737724184699	9.30177701248139e-05	0.000425675983737769	0.000172496614460667	4.12276095218206e-05	0.000898893534493454	0.00352603410679389	6.28933257607321e-05	0.000124745852171977	0.000655719824490413	3.37707774708389e-06	0.000366283652178345	0.00040634459714507	0.0126202056364334	3.96192746186249e-06	6.06814649542046e-05	0.000280863863665441
A[Ins(C):R4]G	3.77746219155213e-05	2.0487053416184e-05	9.2577916568565e-05	0.000263287971008897	0.00024605996647585	0.000127215318539066	0.000197004996886777	0.000248478598387013	0.000109674810322688	1.89640976967677e-05	5.84803847742303e-05	8.73501907754353e-05	1.9300175363615e-05	1.86510051015082e-05	3.79481075558707e-05	8.52967140343083e-05	0.000295008156247961	0.000182580938011054	0.000205688586419414	2.41601277911274e-05	2.02677062721841e-05	3.51117651046914e-05	0	0.000469181528831113	5.42089977592749e-05	5.95542349375565e-05	0.000127819441589658	0.000103071424651568	0.000143459454775935	7.75489308768624e-05	0.000146446239197402	7.56281946282795e-05	2.43310482423859e-05	0.000398009876901928	0.000157271913687064	5.3667739698161e-05	0.000129016766285135	0.000254434077882655	1.68853887354195e-05	0.000251542393406891	1.57046414560803e-05	0.000687890121819572	1.18857823855875e-06	3.35581939247654e-05	3.29764132314914e-05
A[Ins(C):R4]T	7.69851212722758e-05	0.000176519844077124	9.49572204586387e-05	9.97871998323672e-05	0.000501916389607108	0.000121722249892866	0.000684458448398167	0.000498414735096622	0.000303752019981298	6.74912178847707e-05	0.000219137929778635	5.63455491845656e-05	7.60510219435913e-05	4.09220458062979e-05	8.96766754313348e-05	3.85507153451009e-05	0.000219891942652528	0.00201163356220435	0.000511858892036684	5.0310533430842e-05	6.2979006201629e-05	3.37813787597142e-05	0.000921658986175115	0.000910928482140482	4.62162674041261e-05	5.28698503928488e-05	0.000735400451426877	0.000112157317997363	6.50273127736476e-05	6.11549943797688e-05	0.000271618193646532	8.39072081822866e-05	3.37931225588693e-05	0.000591215292416228	0.000361472623421909	1.19736329748264e-05	0.000181736185531818	0.000587790726338723	6.75415549416779e-06	0.000260765310593206	0.000405629567939702	0.0124357396781455	3.16954196948999e-06	4.40259526037189e-05	9.90120402563084e-05
A[Ins(C):R5]A	0.000423670135875426	0.000472270179228639	0.000410715719078952	0.000232792901599112	0.000467718873673228	0.000245336680314669	0.000715237822102532	0.000705549196563126	0.000367340221737732	4.90171780010805e-05	0.000454494001547148	0.00033698095010926	4.51846263800545e-05	0.000266776573855949	8.43228440622999e-05	0.000150084934353538	0.000858531333161866	0.00110023629545515	0.000394308780998116	8.38926277700823e-05	5.81737947596202e-05	3.6285635409083e-05	0	0.000221879224840818	0.000146901075103045	0.000433745274782339	0.000404784060535781	0.000378743556894751	0.000117899987645679	7.9141311387681e-05	0.000370263893230644	5.74539773145069e-05	0.000104082817481317	0.00124364536244617	0.00381310205826183	5.51918665570589e-05	0.000231694505339728	0.00052413420043827	1.01312332412517e-05	0.000455208765927292	0.000328627422787084	0.0121274171946664	7.92385492372497e-06	0.000156520621223933	0.000327750771285055
A[Ins(C):R5]G	0.000116727171412564	1.78551750194934e-05	5.2428219327664e-05	5.20454803538926e-05	9.72326473786821e-05	5.79533568270372e-05	0.000330920780269027	5.47862934199548e-05	6.80602176820004e-05	2.39398940035038e-05	0.000104385430265175	4.18682370517632e-05	7.79782624763033e-06	1.84681305092548e-05	1.8483914286404e-05	3.27138714104696e-05	0.000123793425518907	1.37038482370068e-07	0.00042179178480943	9.01556323465966e-06	1.09889920944229e-05	4.06941705522426e-05	0	1.4527473799701e-06	1.3372339273153e-05	7.60432801122277e-05	0.000142280835644907	5.27457056928944e-05	8.0515794213993e-05	2.40980250637204e-05	0.000246956768750504	2.89544776147867e-05	3.71724348147562e-05	0.000223200331338128	0.00065931111824507	7.02599389120718e-05	0.000279336397154061	0.000153140511027485	0	0.000176460772595567	4.85439827789766e-05	0.000769770998445823	1.58477098474499e-06	1.75206046337647e-05	9.14292519620312e-06
A[Ins(C):R5]T	0.000232874469243091	4.24660378991849e-05	0.000431979281063023	0.000488621722792107	0.000422306103913155	0.000143084801270988	0.000367907044250791	0.00029754284238194	9.46576704244897e-05	6.30601835190836e-05	0.000101946219012773	6.51441636900827e-05	3.25325977532013e-05	0.000166958994456519	3.91923078036042e-05	9.93235030617796e-05	0.000605368689388156	0.000182992053458164	0.000521775274113632	6.56044786646872e-05	2.5718075931866e-05	6.7014951377379e-05	0	0.000669828291964675	2.62845804151609e-05	2.53656926585889e-05	0.000230350725441371	0.000166528854571129	0.000180756829365466	0.000100881096742523	0.000305603768387509	3.61051006679947e-05	0.000160179400929041	0.000731845593457973	0.000130015844788118	0.000228295729197943	0.000207372011407167	0.000186889031169279	3.37707774708389e-06	0.000387588627347364	0.000358736652598575	0.00464664757228448	1.03010114008425e-05	4.65487833017541e-05	0.000234072830380583
A[Ins(C):R6]A	0.000636359481858103	0.000229665388540388	0.000584357973983524	0.000351528238357891	0.00030862216553039	0.000931443934674248	0.000453698171509642	0.000407070696587908	0.000172448663500084	7.06070738404776e-05	0.00019334162722473	7.76088675728985e-05	2.46125833449956e-05	0.000276790610263079	7.77719412427941e-05	0.000104632927771295	0.000352130258140365	0.00018226118155219	0.00084594614363071	0.000211630681125099	0.000113426118344872	2.86685214339196e-05	0	6.92848750447279e-06	9.6408254556865e-05	0.000725854224332653	0.000539400357331406	0.000262540421282296	8.63152928699071e-05	0.000305479244089692	0.000158548605118601	3.53411452135922e-05	0.00186673209015194	0.0020808796699046	0.00120542162775661	2.9050781643841e-05	0.000609882398880421	0.000645062397077215	0	0.000546606452966995	0.000153237258975843	0.00528510285934147	7.52766217753872e-06	0.000350140774734232	0.000215725969047877
A[Ins(C):R6]G	4.20788026107565e-05	1.39113572396501e-05	0.000209513898050421	0.000159470933881922	0.000193677074106929	0.000123803463148494	5.78176080634477e-05	0.000113427048797876	5.68249677949291e-05	3.45410981366368e-05	2.76387751861605e-05	1.63851749720088e-05	1.15828822218184e-05	7.17771758052962e-05	6.77146559069486e-05	4.05151918111191e-05	0.000114612314373198	1.82717976493424e-07	0.000161892571573898	3.73934983870314e-05	5.03710321647433e-05	3.03641118735964e-05	0	5.86686441911002e-06	6.61892452510146e-05	9.69975479606272e-05	4.80118282634257e-05	9.674319060756e-05	7.81022304021006e-05	4.69752250691467e-05	0.000146141777161648	1.35904845873572e-05	2.23034608888537e-05	0.000430064436385504	0.000212003858492205	5.60001156488986e-05	0.000139802634130229	0.00025241780783151	3.37707774708389e-06	0.000106116427159895	2.84711629046488e-06	0.00144971978134771	2.37715647711749e-06	2.5939983883345e-05	8.17503020760602e-05
A[Ins(C):R6]T	0.000511130949537468	0.000146837215533294	0.00067494328220549	9.41559631422547e-05	0.000532927242054229	0.000249361965435974	0.000171837332200335	0.000120222681437502	0.000100620358325245	1.35552270435911e-05	7.42450728408912e-05	4.21525460238803e-05	3.8903044125019e-05	0.000128637954146067	9.15052727651249e-05	3.30277605849312e-05	0.00042673761298126	1.82717976493424e-07	0.00051561972413718	6.24433199184213e-05	0.000202640544332161	3.42248408747066e-05	0	0.000226125717182269	0.000199717981080906	5.41609991177823e-05	8.8098812584575e-05	0.000182093058657627	0.00010668299323933	7.52437705183442e-05	3.99606421926382e-05	3.98479165016381e-05	4.25793344241753e-05	0.000604082645174769	0.000157821431205188	9.20826643917457e-05	0.000425602279034227	0.00119444797958459	6.75415549416779e-06	0.000380433481629867	0.000109802484882495	0.0034033175170224	1.50553243550774e-05	0.000110680673799612	0.000173963980413361
A[Ins(C):R7]A	0.00161467869895145	0.00014052950697466	0.00164230442037317	0.00101186843975083	0.000609598590751559	0.00204290262301923	0.000390864035687749	0.000166412853701682	0.00020271758610739	4.29564164895774e-05	0.000373706718014778	0.000166350675948696	8.9688886865996e-05	0.00104632138619461	0.000396683086559567	6.64847165716773e-05	0.00178752336365424	1.82717976493424e-07	0.000961905133395991	8.80335480179706e-05	8.04500124641829e-05	3.40944108408853e-05	0	7.2637368998505e-06	0.000104766703939334	0.00103676552718981	0.00198769933103519	0.000687676437043151	0.000718564828975129	0.000521906503802942	0.000523370239460152	0.000246515409598339	6.28552079594969e-05	0.00450750846890242	0.00148281807090556	0.000251850417017274	0.000918401652274996	0.000847217472919453	8.78040214241812e-05	0.00190081442187962	0.000165613764494211	0.00916461709217779	4.75431295423498e-06	0.000402854583503032	0.000968330781027804
A[Ins(C):R7]G	0.000484083988889622	2.28989419772849e-05	0.000417408743157893	7.63561981507767e-05	6.21343078443044e-05	0.000425868494090761	8.74916451430701e-05	3.6632299478662e-05	0.000112669956791355	1.80979490038865e-06	2.58384451118241e-05	7.22668516231203e-05	1.75451090571682e-05	0.000264763851686991	0.000184292448815793	2.65118910892197e-05	0.000446128379563765	2.2839747061678e-07	0.000463305585303362	9.53312334627901e-05	2.48233753847155e-05	3.08075739885888e-05	0	4.69349153528802e-06	6.53398333165928e-05	8.23510796121631e-05	0.00015527680843589	0.000229167115854557	8.55686508273792e-05	8.80131456622414e-05	3.62309822546586e-05	5.59430431935774e-05	5.60965834477231e-05	0.00124592181070169	0.000670631179118422	9.13206009622967e-05	0.000645838738762868	0.000422264556425629	0	0.0004069060620393	2.56110460831773e-05	0.00119746882301246	2.77334922330374e-06	0.000121527709390939	7.87128288340423e-05
A[Ins(C):R7]T	0.000336844421850852	7.45125572218061e-05	0.000562750891201122	8.61489661647328e-05	0.000108830751235085	0.000575150603577975	9.92252185441815e-05	3.98157719275047e-05	0.000113636133071569	1.77606068813959e-05	5.26613403766561e-05	3.41694493594358e-05	5.39766199341847e-05	0.000239838926086187	4.36695435435541e-05	2.95675061140807e-05	0.00037241964762982	9.13589882467118e-07	0.000318609981026602	2.31408243454934e-05	4.94428564270532e-05	2.4155642263703e-05	0	4.02299274453258e-06	7.30671224422349e-05	5.4026504458935e-05	0.0003890404228743	0.000142841749275967	0.000129898351631417	0.000230493287558814	0.000213389829308688	1.08176092343404e-05	0.000120979378760752	0.000942254453646077	6.95689177944873e-05	0.000154098462567052	0.000116814154533255	0.000175991571607135	1.68853887354195e-05	0.000676938052177948	5.7345342270505e-05	0.00356098145646311	1.06972041470287e-05	0.000130012432228418	0.000236870617785712
A[Ins(C):R8]A	0.00125399042766781	2.93866422195829e-05	0.00119104761560276	0.000578521334909469	0.000104945949457941	0.000943334463835525	0.000320802698857924	0.000148106023261089	0.000290722442716685	4.86866738945863e-06	0.00017177138037903	0.000371045654057915	3.44737233041606e-05	0.000701539985509216	6.30206276995905e-05	4.37683221328352e-05	0.000664677801246873	2.74076964740136e-07	0.000577528806406876	4.34829577648278e-05	0.000128276930147913	2.64251248521934e-05	0	9.33110817134641e-06	9.64436467207992e-05	0.000287858918330741	0.000235730364029924	0.000395695970425686	0.00022737854760238	0.000149850588832361	0.000352528979648007	0.000176551803191222	4.7310371582417e-05	0.00244765884478685	0.000273439917018459	0.000562922399635207	0.000355096001979719	0.000571900598078504	0	0.00181896057599317	6.39236109598897e-05	0.000804259098888332	1.46591316088912e-05	6.03234957335374e-05	0.000760544950067383
A[Ins(C):R8]G	6.28955738801744e-05	5.36775198838713e-06	0.000154667892994619	0.000100150675353057	1.78475675848536e-05	0.00011841973696185	3.64761086164986e-05	1.63945103395905e-05	0.000141434404905183	0	4.81268011444793e-06	7.84169035989154e-05	2.48180816150542e-05	5.3602085305315e-05	4.68460244790555e-06	1.69329330168744e-05	0.00033639894387773	4.56794941233559e-08	0.000234007330697504	3.06713679050483e-05	3.34782337387833e-05	1.28082293212507e-05	0	9.88985716364261e-06	3.57873764315039e-05	0.000120224775543545	7.84289604262988e-05	0.000195130971683079	5.12578444079593e-05	4.26909632186111e-05	0.000288972529684478	8.81434826501812e-06	2.83862229494502e-05	8.670015784567e-05	4.34118839317891e-05	6.44405454508254e-05	4.92964832383167e-05	0.000183528581084036	6.75415549416779e-06	0.000554957769834002	8.32033984428094e-07	0.000150573458264208	2.37715647711749e-06	4.1848306511327e-06	5.06042170535322e-05
A[Ins(C):R8]T	0.000207007965530105	1.03235230119428e-05	0.000372584910464303	0.000128248913430756	9.4890506017389e-05	0.000275203851131865	0.000318166896137384	1.34421564994459e-05	0.000144553774038449	2.0514047989292e-08	7.04859566744398e-05	0.000170480637859449	2.06720151664388e-05	0.000176735073562886	2.77305843093322e-05	2.89365248143977e-05	0.00036255644921739	2.2839747061678e-07	0.000136450703133366	1.94546364537393e-05	0.000131587930812198	3.04945419074177e-05	0	7.87836079137631e-06	6.27503066554044e-05	4.71403779259565e-05	3.54014926472488e-05	7.74770946692307e-05	0.000177579259742615	0.000107144460085075	0.000343889869383503	3.27934952463919e-05	2.29793233400311e-05	0.000416795995124802	9.71546972043076e-05	5.99258969521204e-05	9.02993269639147e-05	0.000369025425789429	3.37707774708389e-06	0.000256257787602978	1.02314179022642e-05	0.000318390966749671	3.96192746186249e-06	3.74092040724982e-05	0.0003243820957957
A[Ins(C):R(9,)]A	5.19953311892738e-05	3.7998244329119e-07	0.000206696276638981	5.25459176649877e-05	1.11589523511609e-05	0.000136739232092651	0.000154747127463934	5.41376702278018e-05	0.000185340215581809	6.26818133006144e-07	3.46411826101243e-06	5.3038586929941e-05	3.0994137731411e-05	7.49223984612209e-05	4.01631610272144e-05	1.31726688248547e-05	0.000189306283470185	2.2839747061678e-07	4.44067482635443e-05	2.13812078369743e-05	6.56448486482406e-05	2.12340095061061e-05	0	1.28512268228124e-05	3.96982105462372e-05	9.6620962915855e-05	0.000237031889494896	0.000211182925033839	0.000119775274636214	0.000153149091319057	0.000111395047331288	2.56994614861025e-05	4.52827842288849e-05	0.000130061076998293	0.000392465411444098	0.00019557318739403	0.000113846231166484	0.000237967872464966	6.75415549416779e-06	0.000259084106630022	8.45034515434783e-07	0.00010008923228751	0	1.35275432079894e-05	5.08613345876485e-05
A[Ins(C):R(9,)]G	0	0	5.79386308221898e-06	1.14310417376465e-05	0	7.86709730199779e-06	6.29191617161048e-06	2.87034401125163e-07	1.51689675993751e-05	0	0	7.18254245348333e-06	1.44404189770932e-07	3.73130267447184e-06	2.82772783575788e-07	7.18742150501882e-06	5.04961113013978e-05	0	1.16360788066616e-05	0	5.24038891902417e-06	3.46943889964632e-06	0	1.00574818613315e-06	9.15477307098963e-06	6.05225964812566e-06	5.59173903469616e-06	5.09635449196312e-06	0	2.73737792574043e-06	4.60498829077068e-06	5.49029319897315e-06	6.75862451177386e-07	0	3.69275772179269e-05	7.85156260644352e-07	4.87897646147217e-05	0	0	2.36900237415175e-05	0	7.00539540238452e-06	0	5.25589728757332e-08	7.8137582825511e-06
A[Ins(C):R(9,)]T	3.77262991170182e-06	1.59992607701554e-08	1.7460430085618e-05	1.8073688572288e-05	4.12126797227535e-06	1.83083755586422e-05	1.45394279100729e-05	9.01362573922914e-06	4.27878066952345e-05	0	1.84921544152342e-06	8.14769659567015e-06	1.30408091377749e-05	9.34312901747731e-06	1.59955137909371e-05	1.34374460876659e-05	7.62638524886463e-05	0	0.00010371217754059	4.96910429746593e-06	6.17678129439219e-05	1.88080108770301e-05	0	1.56449717842934e-06	3.25136012675869e-05	3.0812726341902e-05	5.70743018713815e-06	8.56875406176326e-05	0.000100779311972831	3.62531962963019e-05	5.73910937395222e-05	1.30449638036208e-05	2.63586355959181e-05	0	3.30809545910595e-05	1.08651770774461e-05	6.11474943126005e-05	3.81651116823983e-05	0	1.76034089594065e-05	2.08008496107024e-07	2.37672929036366e-05	0	3.56548707886731e-06	2.19639385075614e-06
G[Ins(C):R0]A	0.000161063339039105	0.00047622599645406	4.41893516562371e-05	0.000356595824602875	6.699875528699e-06	7.26923497228649e-05	0.00105908253829162	0.000317963289776273	0.000442715774112789	0.000180117900023315	0.000258659220595879	0.000220556426027328	0.000124262582301536	2.35236214963086e-05	8.62739762689728e-05	0.000190387663764257	0.00110261030682797	5.48153929480271e-07	0.000106058679620387	0.0012121780646496	0.000185626017940602	3.52943671520412e-05	0.0405529953917051	0.000945626794562076	0.000436762897724456	0.00282918929511282	7.03787844022103e-05	0.0024096439485399	9.64210060966795e-05	0.000195604988843213	0.000369122160596569	8.47096443558739e-05	0.00170993200147879	5.62391121409522e-05	0.177725505229154	8.52818256046939e-05	0.000570596193757206	0.00137240781481308	0.00742957104358457	4.38061214875474e-05	0.000329498458364532	3.64167113225171e-05	8.32004766991122e-06	4.65075884311217e-06	5.9328781516258e-05
G[Ins(C):R0]G	7.21114218803975e-05	1.7199205327917e-07	5.49126443363525e-05	0.000110860033810493	2.13382590367809e-05	4.71377196410633e-05	0.000247765455730716	0.000606749719064148	0.00021680995728024	0.000110051029446555	0.000191915523064722	8.17612749288186e-05	0.000276445159294553	2.44313845325545e-05	6.34824899127643e-05	0.00039761751027386	0.000482116602969821	4.56794941233559e-08	0.000194261442729446	0.00015277689101307	2.22275265183232e-05	4.82591125138774e-05	0.047926267281106	0.000220649977057766	4.55851071472989e-05	0.000491389685564265	0.000353156883758543	0.000530940086931426	0.000291485580649191	0.000148614598245392	0.000374336072958847	8.98637971549099e-05	9.46207431648341e-05	0.000111014793260503	0.000600183033294937	0.000334130174566563	0.000568724437208824	0.0015231960107809	6.75415549416779e-06	0.000152716045905139	2.99012213153846e-07	0.000157181786720709	1.98096373093124e-06	2.05264096771444e-06	2.61606196152561e-05
G[Ins(C):R0]T	0.000172722939992197	0.000956783792761639	0.000146020742407144	0.000173551659487788	9.46990810022834e-06	5.02419335352556e-06	0.000923976392390421	0.000976256186299611	0.000160343854960819	0.00020296827014472	0.000536425876952621	0.000169762383614101	0.000372104604006847	6.75644502584464e-06	8.5274845767005e-05	0.000647114562660199	0.000661938625397976	8.22230894220407e-07	0.000298905792329134	0.000290292788412305	0.00101181197965384	5.256330362998e-05	0.023963133640553	0.000462085416628951	0.000247308644184479	0.00122840696658124	0.000773520686156512	0.00126999903300582	0.000420793564153959	0.000139917167550588	0.000605194411568888	6.01849765907638e-05	0.00171128372638114	6.75346315802105e-06	0.00651178258976836	6.49601341527224e-05	0.0013563306374179	0.00179592053841323	0.00739917734386081	0.000122377790439363	0.000686532041401231	0.0001944209938597	0.00158675194847593	3.88552860829711e-05	6.80664197519049e-05
G[Ins(C):R1]A	0.000236333000964523	3.04505930607982e-05	3.67097963505182e-05	0.000269129918145787	4.16968724080208e-05	3.0563997339116e-05	0.000766763513994369	0.000546923548886775	0.000403696054910393	0.000618017606418738	0.000612847191484494	0.000703013788079848	0.000227978114600859	1.61348269767684e-05	0.000376945546265977	0.000672976254745177	0.000367904879531046	0.025256740454733	0.00142122487955011	0.000103211064194448	0.00035476398294086	3.36770347326572e-05	0.0165898617511521	0.00205189392440931	0.00026050992133195	0.00146094823172811	0.000371841004877925	0.000169386565004045	0.000474326062226363	0.000416346841464348	0.000278126069660762	0.000481355316281689	0.00161733884566749	5.24992328640385e-05	0.0373028976828055	0.000110510743685693	0.000342986460995437	0.00182880494281882	1.01312332412517e-05	6.43051398759509e-05	8.88066273066923e-05	0.000149864410146558	5.94289119279373e-06	1.22462406800458e-05	0.000113262452740381
G[Ins(C):R1]G	8.37710228334887e-05	9.15157716052888e-06	1.56583537665089e-05	0.000188375139418543	8.12993299448854e-06	5.98232982116581e-06	0.000188842511042525	0.000598395899675557	0.000216602919505908	6.34955372041897e-05	2.05301685162386e-05	0.000185070177218087	2.41627087537861e-05	3.99349636697975e-06	4.78168777026657e-05	3.9158208339212e-05	0.000252870320659401	0.00384114298133888	0.00048120971761085	3.68948305375509e-05	2.01977126919648e-05	2.25643958510832e-05	0.0110599078341014	8.15773528752441e-06	3.24133234697732e-05	0.0003869411335035	0.000253411828494808	5.7004131961639e-05	0.000133388469086024	7.90579009799714e-05	0.000135181143874524	7.77899056177742e-05	5.74483083500778e-05	1.74527699589308e-06	0.00596578198376044	3.43044007407995e-05	7.15921026764981e-05	0.000262115106648924	3.37707774708389e-06	9.97781788127952e-06	4.42018054227425e-07	2.84470104801282e-05	5.15050570042123e-06	2.15633840068549e-06	6.70684550855892e-06
G[Ins(C):R1]T	0.000256642382849659	4.40339654546601e-05	4.31747451453221e-05	0.00035956157414126	2.7734106600312e-05	4.57385068111438e-06	0.000929077946043078	0.000716721171890037	0.000251067807673005	0.000397876798768315	0.000448376587839501	0.000344702183246754	0.000388861044027574	2.08289753959962e-05	0.000153639879076178	0.000595260925159344	0.000592257456372291	0.0386067096507661	0.000125923587638389	0.000362111942610826	0.000463616172978361	3.92072681666799e-05	0.0175115207373272	2.84961986071058e-06	6.60771700652228e-05	0.000414794977350763	0.000416729172025417	0.000299803214432736	6.19018344560891e-05	0.00026322808120264	0.000725875550990655	0.000586536703243835	3.04138103029824e-05	9.82124818806914e-05	0.0118259467005375	8.3757698745796e-05	0.00108251643914139	0.00048371278655578	1.68853887354195e-05	8.18064366640578e-05	4.69059158721338e-05	0.000153040945713631	7.52766217753872e-06	5.44198446180902e-06	8.2042283004633e-05
G[Ins(C):R2]A	0.000265457841948	5.60374108474692e-06	3.8983040540561e-05	0.000176011703953908	3.34655967584764e-05	1.71686194124164e-05	0.000176513756381937	0.000483574683786502	0.000105961932903005	0.000644047653978484	0.00029902841967847	0.000184194804856569	7.09663282614648e-05	6.89966006797081e-06	0.000274478115257564	0.000144663406367429	0.000557676714627723	0.0131665660271279	0.000285742879977399	0.000162433912450586	1.91660681835158e-05	2.62686088116079e-05	0.00921658986175115	0.00156751442298774	1.77727649889766e-05	0.000416651003642855	0.000219417911535603	0.00034018635223531	0.000522093789179716	0.000178111551517221	0.00030743054060203	0.000575379558251983	3.04138103029824e-05	5.29111615959884e-05	0.00406324243251183	8.09057340931614e-05	0.00024174614824043	0.000255154174329493	2.70166219766711e-05	3.259201696089e-05	1.37285607430636e-05	0.000170455167483121	4.75431295423498e-06	1.28939945079197e-05	3.6297151553468e-05
G[Ins(C):R2]G	3.39364110629939e-05	5.03976714259894e-07	1.72267233129835e-05	5.23510105017191e-05	1.04495537657692e-05	5.97306351103389e-06	0.000307538659361015	0.000576898141347131	9.61621449179673e-05	5.84445227214929e-05	4.77525752301509e-05	0.000109496363340342	6.55622791596526e-05	2.86870745920421e-06	2.70613553882029e-05	7.9475884853476e-05	0.00014271864047492	0.00201346074196928	0.000261731413489619	1.93140428750311e-05	3.66249016495098e-05	2.29295999457828e-05	0	0.000674801157996112	4.17568547484121e-05	0.000203853554414757	0.000205351795584531	6.97669043764816e-05	4.17251355394059e-05	0.000158305371068374	6.51168178967656e-05	2.12141941293656e-05	5.20414087406587e-05	8.34697693687995e-07	0.00205585493880518	0.00020434846324829	0.000237795811215669	0.0001135832128812	0.000128328954389188	3.30041125093493e-05	1.67706849986288e-06	3.97066945884143e-05	0.00187319930396858	3.30979477839077e-07	1.52745246962307e-05
G[Ins(C):R2]T	8.34741827855415e-05	6.56769654614878e-06	6.61803142378653e-05	0.000245488206017419	1.77800058148163e-05	1.89236585514015e-05	0.000225233593764813	0.000541581726850251	0.000281019272359669	0.000708534703502156	0.000443887562569878	5.22978872394255e-05	5.87364041893266e-05	1.91786974490346e-05	5.0456090349373e-05	0.000260072128144986	0.000645925814803043	0.0177601873151608	0.000715924213318704	0.000257103916738514	0.000162592043650188	2.86946074406839e-05	0.00552995391705069	0.000243391061044221	2.77533552184318e-05	0.000432064091546748	0.000227641624288355	0.000361841168929381	0.000247902521887681	5.90242376010069e-05	0.000132935736360843	0.00049902928424606	9.12414309089471e-05	0.0001018656393193	0.00291101410050961	5.19357773585043e-05	0.000432096550373364	0.00100664682624932	1.01312332412517e-05	1.29208365326657e-05	8.75065742060234e-05	0.000165662002207806	9.11243316228372e-06	1.72521277182643e-05	5.7454874064224e-05
G[Ins(C):R3]A	5.34553700297586e-05	2.95586342728621e-05	6.33035621972042e-05	0.000195502420280771	0.000120237430076383	5.50103767291403e-05	0.000698487720942975	0.000639326259732106	0.000237334301975663	0.000269014387315579	0.000155689780276811	0.000241116453800424	1.39127882836994e-05	2.3060926744824e-05	8.7065740062985e-05	0.000135732511998819	0.0004646963107134	0.00347314897668112	0.000387703216924169	8.16321466374155e-05	7.91383936348568e-05	2.84859193865698e-05	0.000921658986175115	0.00360806574285343	0.00016492748393355	0.000533768952567029	0.000487194724791958	0.000329455868421557	0.000229757383877411	0.00022327449590977	9.54869059631706e-05	0.000260834764278489	2.70344980470954e-05	0.000231850834709076	0.00065150796948771	0.000129285215447571	0.000223917925647005	0.000369793528666055	0.000148591420871691	0.000191051872501634	0.000185569579589478	0.000181573041967877	3.96192746186249e-06	8.80433821307552e-06	3.84543240854606e-05
G[Ins(C):R3]G	0.000171877291018393	2.35989096359792e-07	3.96719593000538e-05	9.64263682062757e-05	0.000171685717959788	2.76636422678259e-05	0.000229739966157994	0.000490638712229777	0.000227796761838113	2.49291269843207e-05	2.93295346099052e-05	0.000111464080699994	2.02665726336204e-05	2.72846688333759e-05	0.000128586210451363	3.72823468442153e-05	0.00016012810594933	0.000730917585467818	0.000326726306713569	1.57684485619852e-05	2.86943246907543e-05	3.68595275578967e-05	0	0.000723971069318177	2.23560502184605e-05	0.000134656052437854	0.000286962262702985	0.000109593507762142	0.0002364424347233	5.39058716733759e-05	5.63254766143852e-05	8.42059996488974e-05	6.28552079594969e-05	0.000138624858530936	0.00103540090764907	0.000158382182753803	0.000118117145279642	0.000404454170973844	0	0.000135101696355951	4.16016992214047e-07	3.5962920527221e-05	8.71624041609747e-06	6.78721006487171e-06	1.50784181024132e-05
G[Ins(C):R3]T	0.000126502183224036	1.49153108529773e-05	9.58498113854474e-05	0.000143293639330626	0.000136305871050254	5.25362719239183e-05	0.000748312894950593	0.000501005500145739	8.72181130668344e-05	0.000249981909458847	0.000198609446964713	0.000136086734048342	2.35989770129496e-05	4.14904993581218e-05	0.000157843767792005	0.000164812101947155	0.00041455748321838	0.00495668190732535	0.000313450890837461	3.87818599767743e-05	1.87217611090805e-05	6.40411466062536e-05	0.00184331797235023	0.00137273452427329	0.000117867703288991	0.000183773501848864	0.000302628772929504	0.000209919779503315	0.000187650245432526	9.86896778490628e-05	0.000563597285934075	0.000146092050384798	0.00193499419772086	0.000364535247316103	0.000531493343529448	0.000133615121296712	0.00132331119731303	0.000435322305328286	3.37707774708389e-06	0.000213578546862988	8.52964839348863e-05	0.000223945757478657	5.94289119279373e-06	9.25606127725074e-06	3.61664138242563e-05
G[Ins(C):R4]A	0.000130947880686316	0.00012173437538492	0.000103636282814265	0.000128001328655793	0.000727989332446923	0.000212432013036231	0.000325224045356893	0.000804300213708668	0.000579084654805988	4.63116030051594e-05	0.000157839050730724	5.7190994285861e-05	3.83587514097285e-05	0.000257903851169148	6.7488437680088e-05	0.000168997290939977	0.000417556501835551	0.00274200299374269	0.0005655873608912	4.58313098841873e-05	2.6378450145239e-05	4.10593746469422e-05	0.000921658986175115	0.00116409765054989	5.71524460598057e-05	0.000369214737467435	0.000931882591990856	0.000221594495867113	0.000171866579928855	0.000145733147797244	0.000196378013060965	7.67090501230268e-05	4.7310371582417e-05	0.00145080215369783	0.00132939277984537	5.5665269596565e-05	0.000820470522367956	0.000464510214640108	3.37707774708389e-06	0.000227042766021498	0.000179602335857408	0.0112453896982342	0.000625984538974273	2.85863991932772e-05	0.000110935321160413
G[Ins(C):R4]G	4.34490991111643e-05	2.39988911552331e-08	3.13908554648978e-05	0.000140496458149663	2.81169566305234e-05	2.52877603500023e-05	0.000201256291597325	0.000180865222184309	0.000139778102710529	8.62273817149907e-06	2.48219666147971e-05	0.00010405708379484	9.25575316358686e-06	7.72479904145159e-06	1.5062363605137e-05	6.45939079731348e-05	0.000158395820827498	0.000365572991469217	0.000346430495411037	3.42872590074483e-05	4.13662059095793e-05	3.16684122118093e-05	0	0.000223611346716936	2.79598095080482e-05	0.000257624519021882	0.000148065393267006	0.000204735880271613	4.28537804874131e-05	5.96005276906364e-05	0.000268192995744306	4.66307091508746e-05	0.00200122871793624	0.000156760562966521	0.000903736510306586	1.942107103535e-05	8.23055821467931e-05	0.000191929706297143	0	0.00013707464937999	6.50026550334448e-08	0.000652069010915881	9.50862590846997e-06	8.14379977017779e-06	4.28645434842011e-05
G[Ins(C):R4]T	0.000252234653300489	5.27455629440097e-05	0.000158032707371706	0.000159407720747889	0.000481704160070949	0.000127291302282148	0.000510155365265715	0.000330965575375293	0.000154132721730866	8.34351918497815e-05	0.000179935236699265	0.000133296017032561	3.67591973076505e-05	0.000180579846616888	3.15291653687003e-05	8.42215902292646e-05	0.000296404811127437	0.00182855014975794	0.00020803508849921	3.15676519693127e-05	4.46376449850444e-05	3.39378948002998e-05	0	0.000461973666830492	0.000158680766999157	0.000100575105885964	0.000273763830395228	0.000102408585907828	0.000133492651696609	0.000165751645647535	0.000480669438945733	0.000161117639440573	4.66345091312396e-05	0.000569415590312247	0.00035092188707393	0.000136571003689726	0.000191074285880927	0.000200714882948563	1.01312332412517e-05	0.000172485691641403	0.000157267423587916	0.0137485280870126	2.77334922330374e-06	5.24595369811034e-05	6.59179630685264e-05
G[Ins(C):R5]A	7.04857048736165e-05	0.000266327694595199	0.00035688807485973	0.000144041661416684	0.000478979168679444	0.000238711268570348	0.000442559779368008	0.000859306442578835	0.000140344005960369	6.26293885113085e-05	0.00029216086843985	5.66897126771283e-05	2.10607956773606e-05	0.000228153680302862	0.00010861302617146	0.000106200238343097	0.000222468716771253	0.000366395222363438	0.000254949058163085	4.07435797546863e-05	4.91963572967159e-05	6.87627138305843e-05	0	0.000261885652689225	7.15924489449749e-05	0.000281900804943808	0.000665146999106479	0.000131729820524779	9.92860278877748e-05	0.000111587959986693	0.0002044843147629	0.000103612731762439	2.83862229494502e-05	0.000724962047542494	0.00191517845416546	1.12115695453774e-05	0.000901028442323166	0.000931180718620729	0	0.000602097124341831	0.000642941260935803	0.00557385561477336	6.73527668516623e-06	8.63117770514169e-05	0.000120326648042118
G[Ins(C):R5]G	5.99789478276693e-05	1.47993162123937e-07	5.10072070635332e-05	4.71938723168547e-05	9.26609676061581e-05	2.07861868879169e-05	0.000115890293809528	0.000142033568203519	6.50098611401788e-05	3.64283905516516e-05	6.80349455058208e-05	2.64257707767741e-05	7.30907360532871e-06	3.31983484190165e-05	5.80532524681092e-05	4.61064761874982e-05	0.000133320993688982	9.59269376590474e-07	0.000224460603057785	4.05502635839626e-05	1.32105274665993e-05	3.39118087935355e-05	0	0.000453760056643738	1.72418825299631e-05	0.00014748684289188	0.000137701394194078	0.000288559968571939	4.5197889225582e-05	4.7445356458055e-05	0.000219935763077387	8.22830954755197e-05	5.20414087406587e-05	0.000262680448226591	0.000277506346652576	8.92768854015019e-05	0.000154559521392885	0.000303112597688884	2.02624664825034e-05	0.000165687938523455	2.4701008912709e-07	0.000785880571678837	7.92385492372497e-07	2.62326095161126e-05	4.03020839916523e-05
G[Ins(C):R5]T	0.000369237954990213	0.000103155233815577	0.000687397319017083	0.000226297752077214	0.00040809561161531	0.000256910301669434	0.000268851877495032	0.000280581718679089	0.000137197031790526	9.15473581602137e-05	6.30166097087239e-05	6.6745272112005e-05	8.98249600448186e-05	0.000275977589485471	4.67611926439827e-05	3.12672053172877e-05	0.000181814150318262	0.000547651455044914	0.000313981264595223	9.51203430947279e-05	2.84965167466564e-05	4.49461896548167e-05	0	8.7164842798206e-06	3.56753012457122e-05	0.000343297616707572	0.000257229636525394	0.000137457747782004	6.40202142046565e-05	0.000155173689397097	9.52966171908247e-05	4.03821194267908e-05	4.25793344241753e-05	0.00120790512483462	0.000243985778047017	2.8692842760312e-05	0.000406460724498015	0.000111374917110898	0.000175608042848362	0.000640837752760263	0.000305668485029271	0.00309768941639044	5.54669844660748e-06	0.000155283354592183	0.00021452318193913
G[Ins(C):R6]A	0.00112375703407365	0.000588040830161483	0.000950032109480326	0.000176190807833669	0.00101771672295688	0.000922640940048927	0.000145139201418096	0.000423450296049518	0.000137666317412345	8.56575470486215e-05	0.00027900901896422	0.000172657846040661	2.71896427316768e-05	0.000509446751159553	9.5162467432705e-05	5.77385256968832e-05	0.000832200599310022	1.09630785896054e-06	0.000839903097178632	0.00031229568348013	3.82530131893925e-05	3.38857227867712e-05	0	5.5316150237323e-06	7.30612237482458e-05	0.000208856755723874	0.000246595691430101	0.00063287968316208	0.000245193774012464	0.000534941275698642	0.000140851749290432	9.77217863696018e-05	0.00182280103082541	0.0016445821013909	0.00201892736158725	5.30095940090915e-05	0.000336192294960704	0.000731762009276475	0	0.000782354281591788	0.00014598296267411	0.00809057936548589	4.35812020804874e-06	0.000438972541458124	0.00027996177333388
G[Ins(C):R6]G	0.000196477047084906	1.68032236238557e-05	0.000419971070424126	0.000284717223446108	0.000287182563838554	0.000215564025860819	0.000247680429836505	0.000320084362169003	0.000376436081290042	0.00025136090935146	6.25833842133078e-05	6.87503985469357e-05	2.1485677235725e-05	0.000295748976878074	5.51595443161836e-05	8.22186783541287e-05	0.00037121787482655	1.82717976493424e-07	0.000142606253109818	0.000110073788255139	4.01306670587524e-05	3.47465610099917e-05	0	1.62037207765896e-06	6.91739844094687e-05	0.000218486573297336	0.000218299563728664	0.000206161608890223	0.000242901756579588	6.97993457242123e-05	0.000156912121676426	3.30334338483672e-05	3.24413976565145e-05	0.00149264544068011	9.31981710738155e-05	8.04900631316438e-05	0.000571051206398801	0.00116569212814087	4.39020107120906e-05	0.000749135004150057	4.22127241787191e-05	0.00159314603458601	0.000463149320291725	8.97337923394612e-05	0.000231492939190805
G[Ins(C):R6]T	0.000375447434597854	0.000160036605668672	0.000837056941574845	0.000296390582197547	0.000790258763831302	0.000311572265137614	0.000119546407260599	0.000162043966453387	0.000123118463135965	0.000133660419343565	0.00010450342942735	2.07844822247674e-05	2.14634612065295e-05	0.000300022293404284	0.000104823870871544	3.1962245632167e-05	0.000210321067354407	2.74076964740136e-07	0.000261393902916498	0.000142930946954166	3.61714649776546e-05	4.15028367619346e-05	0	0.000232439580795216	0.000118876379961117	0.000244901324294934	0.000178366834277437	0.000348965838992017	0.000181937565618766	4.86131021659886e-05	8.1557767827451e-05	4.18851310467117e-05	3.37931225588693e-05	0.00179222603110558	0.000137379379530978	0.000409401257848041	0.000277826582479676	0.000278869350645348	6.75415549416779e-06	0.000600733197482328	0.000159425511735027	0.00434150162437251	5.94289119279373e-06	0.000320640985823142	0.000682921602310104
G[Ins(C):R7]A	0.00185645836963296	9.05878144806197e-05	0.00162816656850091	0.000324394000574196	0.000348979062832671	0.00151924861136837	0.000267661514976078	0.000193953245331717	0.000189591391214755	0.000110012280689242	0.000141920963753235	7.16907518638305e-05	2.97083850417198e-05	0.000693008775615177	0.000105672189222272	5.02628386234813e-05	0.000346911749210847	1.37038482370068e-07	0.000190580970289217	0.000154310239730856	0.000131158839733463	3.09119180156458e-05	0	4.6376166360584e-06	0.000117684843775331	0.000307575835317746	0.000115373001772774	0.000499849197932603	0.000100084761235595	0.000207297611451224	0.000163952806253224	0.000150858000634411	4.59586466800623e-05	0.00354974164642949	0.00371902465915901	0.0001583937291694	0.000206834269194372	0.000676554615018917	1.35083109883356e-05	0.000880199622876411	0.000140873753988482	0.00579258277810611	7.92385492372497e-06	0.000355918000212222	0.00109383900107101
G[Ins(C):R7]G	0.000357737128946488	2.41828826540898e-05	0.000491809153438861	0.000154440221965124	5.96457826479304e-05	0.000425462629706983	0.000314000627321047	5.7757285857575e-05	0.000127769911799286	8.08549804804617e-05	6.19158460958572e-05	0.000243832352665648	3.90613333330371e-05	0.000325840660537122	0.000126701058560858	5.39280819429598e-05	0.000457420713201706	1.82717976493424e-07	0.00102362135248105	4.80324781008366e-05	5.65700288128573e-05	4.39027493842463e-05	0	2.23499596918477e-06	6.68970885296993e-05	0.000161918119786188	0.000276395804113283	0.000503150885259912	0.000275354639776903	0.000230409877151104	0.000217081431492198	6.25753083236501e-05	0.00196473214557266	0.00145323036517038	0.00201134401983714	7.40125239813279e-06	8.19436402727966e-05	0.000258370605125368	3.71478552179228e-05	0.000615058076370364	0.000129394285109575	0.000951542573886643	7.52766217753872e-06	0.000113709207047478	0.000344358820819244
G[Ins(C):R7]T	0.000230330619064752	0.000117050591794457	0.000743574232521061	0.000155851981958529	0.000176370000682374	0.000333944844320115	0.000182465568976704	1.369936914461e-05	0.000161337636277612	3.98747506138527e-05	5.22517147136751e-05	4.22423278045488e-05	1.16078752546634e-05	0.000334247383509929	4.82127595996718e-05	3.69257516596228e-05	0.000128762918462162	1.82717976493424e-07	0.000269413797011145	6.77485307399864e-06	3.05172009755949e-05	2.39991262231174e-05	0	2.21823349941588e-05	5.7789505010622e-05	0.00014771548381192	9.31795823626524e-05	3.68688418216129e-05	0.000315013486873034	4.77031704455208e-05	0.000237708734414493	5.93089743363822e-05	3.8524159717111e-05	0.00147527939255949	0.000384991973197613	0.000161303425900023	0.000110309541997719	0.000207147744540313	3.37707774708389e-06	0.000331547279620163	9.44098561705753e-05	0.00303906531802311	4.75431295423498e-06	0.000219317229708191	0.000371221066247936
G[Ins(C):R8]A	0.000761957338424439	4.98616961901892e-05	0.000859482467352175	0.000359477289962549	6.61992743415486e-05	0.000492975112066106	0.000289768247470926	2.26123464574706e-05	0.000118963905131041	6.96953383742868e-05	7.25694847379976e-05	0.000191444683645554	7.33601054072829e-05	0.000567444436603972	0.000124523708127324	5.50117469500296e-05	0.000616974999704429	3.65435952986847e-07	0.000819845325975989	0.00012097857770369	4.80216824286884e-05	3.01815098262466e-05	0	1.20689782335978e-05	0.000213279078561709	0.000274248058855401	0.000515163060894809	0.00028260692626967	0.000242849665274295	0.000305661230433786	0.00145190333299919	7.13806023018012e-05	3.92000221682884e-05	0.00198307911675585	0.00120608104877836	4.77328820809375e-05	0.000471692991388576	0.000330380249809138	2.70166219766711e-05	0.00137265015642199	9.69449597168796e-05	0.000853722295575613	5.15050570042123e-06	0.00010750156619702	0.000689580510651286
G[Ins(C):R8]G	2.78857063647201e-05	3.07985769825491e-07	0.000163487742562675	0.000144068000222531	3.16752098524879e-05	0.000132730626329583	1.33490653911195e-05	1.96040768248991e-05	0.000140551043734701	2.59844607864365e-07	5.55776053847104e-06	6.70220992690663e-05	1.87614366556234e-05	0.000106555296304381	1.88515189050525e-05	1.25352816236521e-05	0.000248344725778616	1.82717976493424e-07	0.000143602712897129	7.27132414881176e-05	2.31374430611735e-05	1.39038416053496e-05	0	4.41411703913992e-06	2.80011003659715e-05	8.94120492016431e-05	8.09356020625419e-05	0.000135275382484219	9.89040249822955e-05	0.000151321645113784	9.03871668643006e-05	7.39622058447527e-06	4.19034719729979e-05	0.000439723081126751	0.000131774300846114	1.63728173175543e-05	5.88207251226233e-05	0.0002342713773712	6.75415549416779e-06	0.000488504627497498	1.69006903086957e-07	0.000223577052457479	5.54669844660748e-06	2.66786505291661e-05	6.2061200056782e-05
G[Ins(C):R8]T	0.000192662997631631	1.69352175252095e-05	0.000286207262731172	0.000213391737212129	3.7080151455472e-05	0.000209552043847231	1.67501011595576e-05	3.2479619961085e-05	0.000108184138347499	1.82347093238151e-07	1.43958977854239e-05	5.150481484352e-05	9.4890214701399e-06	0.000156534041043904	3.97484276113032e-05	1.90628952721496e-05	0.000215485442373868	4.56794941233559e-08	0.000281901688216636	1.16780541314451e-05	3.43972798790535e-05	2.57468886763227e-05	0	1.23483527297459e-05	0.000107757341791777	4.040219551771e-05	0.000148075034196376	0.000101107921203131	1.85618684526113e-05	4.84386985862323e-05	0.000102147012995277	8.75889075795778e-06	3.44689850100467e-05	0.000863987994575592	4.61594715224086e-05	0.000121283549438357	5.32675026558778e-05	0.000206043596655162	1.68853887354195e-05	0.000290355959090538	4.78419541046154e-06	0.000456173196971468	1.18857823855875e-06	2.85096915031342e-05	0.000165269921420785
G[Ins(C):R(9,)]A	8.64874544350526e-05	1.55992792509015e-07	0.000129454780411167	0.000121385020626999	1.39627658077088e-05	3.00673231160453e-05	0.000172857642930866	1.13695444601526e-06	5.79843793311871e-05	0	1.12689199877704e-05	3.93393835629327e-05	9.79171486792897e-06	0.000126832342961107	8.88849116373226e-06	1.32559455446099e-05	0.000292149885796938	0	5.85018326743761e-05	1.12650604939899e-05	3.66401176452096e-05	2.99728217721325e-05	0	4.13474254299182e-06	4.79917742948271e-05	2.27699457428372e-05	0.000295928327017239	4.32345950397951e-05	5.37582270620061e-05	4.52918513862814e-05	0.000141993481924508	3.67875675405944e-05	5.33931336430135e-05	8.67218383052463e-05	8.95713554541977e-05	4.94879372517896e-05	8.64317195103526e-05	0.000270372212572663	0	0.000226718195191296	1.02704194952843e-06	0.000134662418504137	0	7.63099465644429e-06	3.84281765396183e-05
G[Ins(C):R(9,)]G	2.92525512366633e-05	0	1.57362560240537e-05	1.74836993213127e-05	0	3.81586651232355e-06	4.74444489697115e-05	1.28606322582054e-05	6.39746722685199e-05	0	2.57912454469539e-06	3.77307933259546e-05	1.04387567182487e-05	2.63791091054704e-05	1.03589096383264e-05	1.24253136475652e-05	0.000138344620542294	4.56794941233559e-08	6.91735955578337e-05	4.50119129332789e-06	1.83596204114244e-05	1.44777337541632e-05	0	1.7321218761182e-06	3.6400840606364e-05	2.84859687438448e-05	3.93542736890168e-05	9.07213631526392e-05	4.58403486575246e-06	2.73358654357181e-05	5.27480476942824e-05	1.29612116501011e-05	1.48689739259025e-05	0	0.000178593193390271	5.93485761722348e-06	1.83659648062199e-05	0.000112911122864152	0	2.16842489481316e-05	0	2.60929707295294e-05	0	1.42051278042522e-07	7.62200961304064e-06
G[Ins(C):R(9,)]T	1.56462318295923e-05	1.07995010198549e-07	6.43369403364433e-05	2.88093858355707e-05	1.81741161400339e-05	1.1091773227905e-05	3.61360050396548e-05	3.09400718095955e-07	7.9847568300623e-05	0	7.8756012240633e-06	1.94676827749621e-05	6.28435925868499e-06	8.90246734939679e-06	2.77117327904272e-05	9.39959282979585e-06	4.55915790502115e-05	0	0.00016951066736721	2.27366178067075e-06	6.74585953356613e-05	8.32143615779832e-06	0	2.53672042502471e-05	2.70986001856484e-05	4.13705570614101e-05	2.23380333506742e-05	2.40247778627267e-05	3.40677136613876e-05	6.74031921936472e-05	4.90183877563028e-05	1.01441966486078e-05	3.44689850100467e-05	0	0.000234534076735286	2.63258275627812e-05	9.88825199758306e-05	1.28657231835003e-05	3.0393699723755e-05	9.64923550149031e-05	1.04004248053512e-07	2.75677908142419e-05	7.52766217753872e-06	2.74158966622068e-07	3.77004031803399e-05
T[Ins(C):R0]A	0.00032813596323491	0.000132761865870749	0.000178122104004107	0.000274724280507713	1.89848573804815e-05	3.03193667516334e-05	0.00074805781726796	0.000268790941915987	0.00018191719104619	0.00016632790109718	0.000319057934606621	0.000329394389642768	0.000460113403664931	2.28031396689969e-05	0.00017226517975437	0.000305789979640294	0.00108010142702617	0	0.000743262569741537	0.00104984081028438	0.00132953109946387	3.78507958149385e-05	0.0202764976958525	0.00474171157332318	8.19328595077615e-05	0.000537400308355904	0.000355345374725571	0.00224804886537265	0.000399227763762805	0.000327931809292233	0.000287221872978895	0.000407372738291486	4.59586466800623e-05	5.76700224729888e-06	0.000792733971645555	0.000158774760884125	0.000209326497526748	0.00172621520235934	0.0111409794876298	0.000107943505653506	0.000117472798176442	0.000123204200922908	2.49601430097337e-05	1.98445635425403e-06	8.37985265003765e-05
T[Ins(C):R0]G	0.000312365472780596	8.60360247915105e-06	8.58360862559813e-05	0.000281762009430062	1.3917724627684e-05	1.44813894741604e-05	0.000256438096940233	0.0012327158321257	0.000299404226720331	0.000170353213180412	0.000135284353732015	5.80888120925464e-05	6.12662545139674e-05	3.93929498180585e-05	0.000212569727173372	0.000250927703725722	0.000621056696522745	4.11115447110203e-07	0.000231001879403519	0.000341635805936785	0.000250452246020192	3.99898483696076e-05	0.0663594470046083	0.000476110016335586	5.0652085283884e-05	0.000872413054078487	0.000521969557030146	0.000543302654821747	0.000549372269384629	0.000342983596501637	0.000123269066725671	0.000122446780231644	3.92000221682884e-05	5.09490800043322e-07	0.000420051190853918	0.000414077556165114	0.00104495721381696	0.00102215290307123	1.01312332412517e-05	9.00556413597648e-05	0.000108047413196592	0.000175900657026675	1.58477098474499e-06	1.77848200109238e-06	2.33933376802757e-05
T[Ins(C):R0]T	0.00401418177490467	0.0018945244653916	0.000623912610606552	0.00110093574560342	5.20676041087465e-05	0.00046134548906182	0.00174566663404507	0.00160022051399228	0.00105186231375175	0.000488820132182177	0.00266385300024442	0.00159899106826156	0.000762945651636472	0.000285710704079199	0.000157033152479087	0.00297518679598155	0.00219186036465381	0.000178789539998815	0.00046036442173759	0.00669039367836439	0.02726653173426	5.00068749670827e-05	0.0331797235023042	0.000439232582844037	0.000976717548093173	0.00350994746033399	0.00159700066830922	0.00636425870441089	0.0028491165792126	0.000685883782595565	0.000265490895176994	0.000488367861460176	0.017191237308148	0.00391230397192415	0.00133049181488162	0.000413026832345722	0.000344041263028227	0.00344441333094389	0.0371917572286349	0.00133149895138823	0.00245452625512489	0.000576342671950834	7.92385492372497e-06	4.32375680105829e-05	0.00278577260781529
T[Ins(C):R1]A	0.000732245720601997	6.97327780667222e-05	0.000172827566235308	0.000131878400876488	3.30151849582277e-05	0.000116458985737937	0.00042402413443002	0.00044073945906794	0.00020760367758162	0.00154239884352556	0.000731191922635043	0.000782665191162956	0.000140324771409903	1.69875073045042e-05	7.08157307668297e-05	0.00118072722689518	0.0026416048894094	0.0309221853928763	0.00169668172301333	0.000586070923168896	0.000496698790828948	3.47465610099917e-05	0.0211981566820276	0.00321878531992068	0.00037519232986686	0.000984326059705272	0.000614454992478147	0.000715859590043492	0.000468057741822815	0.000120725191013056	0.000290228435581961	0.00117309943756241	0.00165653886783577	6.28950132308799e-05	0.000449944943839859	0.000407784759664361	0.00062014086570912	0.00337312378270696	0	5.25658870397525e-05	6.92928302656522e-05	0.000555780276538976	2.02058300554987e-05	1.22845945251173e-05	0.000224350301251541
T[Ins(C):R1]G	0.000107538936440057	3.81582369368206e-06	4.63067913311903e-05	9.10637873358038e-05	1.86920897103199e-06	6.14356361746117e-06	1.45394279100729e-05	0.000307492125714447	1.98204162626957e-05	8.19239903145703e-05	1.89220085060168e-05	0.000109705854161902	9.49735248108822e-06	8.31528567667949e-06	7.22484462036137e-05	5.95150957183257e-05	0.000569488733802214	0.00438806356447782	0.000250754283897147	2.6453560543804e-05	4.69443899331399e-05	2.01905692355357e-05	0.0138248847926267	0.000248810926269494	3.81999422730211e-05	0.000276198231408686	0.00032853395014714	0.000131467186305561	8.0515794213993e-05	5.3776964679643e-05	0.000324822934394444	0.000131343748864324	4.19034719729979e-05	6.43909649416454e-06	0.000298278108837659	9.45420509140581e-05	0.000178613144219049	0.000117855785132438	1.68853887354195e-05	6.68105349360529e-06	4.06656609889231e-05	2.67452949977676e-05	7.92385492372497e-07	1.94610250918255e-06	1.30301936780969e-05
T[Ins(C):R1]T	0.000645109360015618	0.000367743008802021	0.00014028507137273	0.000331163073676904	8.01507798542512e-05	7.96624682040931e-05	0.000618223276807835	0.0010510826997254	0.000503391644510289	0.00149724058588513	0.00095881062076947	0.000184292068452293	0.000465292515471139	4.78922117411616e-05	0.000434075074307739	0.00103512322065462	0.00157504776667956	0.0384095112746356	0.00041054143237205	0.00190990884738344	0.00242670481499381	5.24067875893945e-05	0.0258064516129032	0.00183582568908837	0.00016726336675321	0.00356236002888676	0.00160271773942573	0.00305638696655926	0.000473770421636575	0.000454639801367365	0.000542208827922396	0.000658444717755639	0.00329482944948976	0.000269260467708002	0.00216707728447346	0.00025368629709731	0.00203909778852481	0.00235653962549128	1.68853887354195e-05	0.000397099646731273	0.000269475006706649	0.001147154768584	0.00157565855158271	3.09089375892724e-05	0.00032755030676693
T[Ins(C):R2]A	0.000246101109519067	4.70258272186792e-05	0.000110578969549916	0.000160666715667381	3.43776806539799e-05	8.50888194173438e-05	0.000307623685255226	0.000690381105937434	0.000261861376974835	0.00133733586114727	0.000440416701499598	0.000391336336489006	0.000156475824635052	2.23162085257679e-05	0.000365794872833639	0.00043929857616155	0.00027497860952678	0.0193938230634944	0.000274701462656713	0.000169740384994075	0.000214152966678658	4.00420203831361e-05	0.0129032258064516	0.000467784656350372	0.000218145501102666	0.000869494519981502	0.000468925163635494	0.00027749181219062	0.0001392226952788	9.30329356534883e-05	0.000392794083876398	0.00077846381732107	0.00185997346564017	4.97674949574232e-05	0.000565013912135006	0.000102093406714961	0.000152491282112905	0.00105455724317892	3.0393699723755e-05	6.1004728625016e-05	0.000369228081120973	0.000268473979267093	1.1093396893215e-05	1.41028508840616e-05	5.05170585673911e-05
T[Ins(C):R2]G	7.90699048648356e-05	1.14594705266238e-05	2.7228246884039e-05	9.39189138896307e-05	1.36249569575223e-06	1.30358450935813e-05	8.60462049414839e-05	0.000199313705965717	0.000124305479708801	0.0001116260524644	2.70100082219962e-05	0.000133774853196127	8.55594824392772e-06	5.82775056036493e-06	3.71751952807635e-05	0.000158447838787408	0.000480362664283966	0.00219604167998034	0.000908739182163344	4.37443739502383e-05	7.76928740433722e-06	1.51559699300339e-05	0.000921658986175115	3.24074415531792e-06	8.29297387919092e-05	0.000101516568497894	6.61849801261882e-05	0.000190159681105029	3.46754455564684e-05	0.000174320169348606	9.74278514410987e-05	0.000106565561066938	2.77103604982728e-05	4.89544777233115e-05	4.09940068520438e-05	3.11522292826244e-05	0.000163794209777994	0.000432057868102622	6.75415549416779e-06	1.59914953981764e-05	1.1830483216087e-06	0.00013925705030651	5.94289119279373e-06	2.52851274915689e-07	1.11737179232911e-05
T[Ins(C):R2]T	0.000152413558107061	0.000379450467870582	0.00023360071293443	0.000341582705270022	0.000118266878450295	0.000119913466155115	0.000233736183185908	0.000691529243541935	0.000620630234855232	0.00134521553491382	0.000583005203370283	0.000534186631347711	0.000135242854731426	4.24896996904943e-05	0.000244541903236341	0.000578390983507413	0.00085130986956023	0.0239707256566781	0.00116068278903244	0.000656644506131049	0.000488822991454712	2.84337473730413e-05	0.00921658986175115	0.00157947165142288	5.16312684860646e-05	0.00138616920140905	0.000720794443431076	0.000966200026523555	0.00053183486326944	0.000436297094435603	0.000256699553894614	0.000777576497208105	4.25793344241753e-05	0.000160424560634917	0.000427744436107653	0.000183495636678824	0.00157825271215973	0.000945582647557483	1.01312332412517e-05	8.23060569307739e-05	0.000340483907065184	0.000510514644708184	4.75431295423498e-06	6.67229058093531e-05	0.000170407914178804
T[Ins(C):R3]A	0.000109074911106761	9.13637786279723e-05	0.000211619136166964	0.00030530363409621	0.000333180868938949	0.000117982367123624	0.000860717127097472	0.00141163518473355	0.000281212507615712	0.000392698141320351	0.000555438913383745	0.000142835331228594	4.66814313471032e-05	4.11666130320826e-05	0.000341853443824222	0.000128746876391669	0.000503910915158868	0.00915106441672014	0.000225055264543761	0.00013173618324953	9.55929713846615e-05	4.03028804507787e-05	0.00276497695852535	0.00208094887200871	0.000102147683808201	0.00042856723041672	0.00030820123010546	0.000277072848079011	0.000307234518616	6.41729345859868e-05	9.36220759941808e-05	0.0005015214767062	5.0689683838304e-05	0.000183460048934749	0.00177977733769973	6.41287922296872e-05	0.000610885494931211	0.000307385169940121	6.75415549416779e-06	0.000134685953944231	0.000190483780310007	0.000799834638634194	2.37715647711749e-06	7.79435362619319e-05	0.000223491790163051
T[Ins(C):R3]G	2.11170629458296e-05	1.19994455776165e-07	3.84320932492501e-05	7.8979543213149e-05	5.06938481179881e-05	4.05475198752437e-05	0.000611336179376748	0.000636392544489438	0.000115582288150288	9.41503629161884e-05	9.89945542560662e-05	8.28611017420082e-05	1.66647989002954e-05	1.81971235833852e-05	3.81837515421838e-05	3.00511516788123e-05	0.000264086866823262	0.00128062461774828	0.000314045552323436	2.37515277030069e-05	1.59402770951502e-05	5.71283548137252e-05	0	0.00024948142506025	5.62204524095375e-05	0.000149706004762859	7.35410092356247e-05	0.000141966301878575	4.03707616017972e-05	2.68050719321119e-05	0.000155085349461905	0.000147240813031047	8.38069439459959e-05	1.42332217118485e-05	3.67077702106773e-05	0.000225847889091228	0.000226017188516184	0.00124063016504179	3.37707774708389e-06	0.000168944587415261	7.15029205367893e-07	0.0002010293223162	1.58477098474499e-06	1.18357124865029e-05	8.118812984045e-06
T[Ins(C):R3]T	0.000300257160127119	0.000339200327588064	0.000364082301414923	0.000174884403063652	0.000254651571565593	0.000182635266176037	0.00110482646937712	0.000791704249534617	9.99440349290945e-05	0.000555932979848479	0.000436827841267143	0.00014978593741535	0.000108383675434033	9.57910334073443e-05	0.000172708190448639	0.00019357139681951	0.000346164701252057	0.0104343384451276	0.000344566151292843	0.000352599908301353	0.000247795533171	4.05898265251856e-05	0	0.00164892415116529	9.30754924530575e-05	0.000801144334355336	0.000964035091440359	0.00149138092021928	9.64036423282487e-05	0.000111466635757297	0.000515834804075255	0.000359858104385221	5.0689683838304e-05	0.000449771974140372	6.29747075770003e-05	8.52818256046939e-05	0.000207289281835968	0.00032677976757495	1.68853887354195e-05	0.000161238765345399	0.000454342557621766	0.00069863929128315	8.32004766991122e-06	0.000118531847937022	9.71817120473449e-05
T[Ins(C):R4]A	0.000360598528943561	0.000122122357458596	0.000206895255899216	0.00121563070954525	0.00233058829861672	0.000572683911820859	0.000731732845579457	0.00184812877129654	0.000616613702033195	8.76405716875864e-05	0.000538799345814668	0.000146112366222996	5.94584251381813e-05	0.000668379093331986	0.000125042124897213	0.000108335538849638	0.000963280449122634	0.00219727502632167	0.000324990538051802	6.21533456623357e-05	0.00016800893811933	3.41987548679423e-05	0.00184331797235023	0.00112643796846912	0.000239015080435889	0.000427464374214173	0.000200126411865902	0.000285220762070456	0.000192894103498652	0.000211900349403923	0.000958712892833093	0.000288715177113678	0.00181739413121599	0.0037519119319786	0.00298069292180772	6.58261153225507e-05	0.000571340759897999	0.00049955490838621	1.35083109883356e-05	0.000307955721186684	0.00014987012144511	0.0359620980314045	5.54669844660748e-06	4.64592909965873e-05	0.000373556913676518
T[Ins(C):R4]G	2.58630520845213e-05	1.33433834823096e-05	6.0824768677013e-05	9.02630876380516e-05	0.000268220227048084	4.00230467217772e-05	0.000242408824395426	0.000250290270061647	0.000256644025061674	5.80524764710309e-05	3.52547782534375e-05	9.45626604891415e-05	3.83143193513375e-05	3.93720183888246e-05	0.000112477587546996	4.48274311840798e-05	0.000181511000421941	0.000548245288468518	0.000175521569955182	1.40351933494738e-05	2.1871472218947e-05	6.75366715126641e-05	0.000921658986175115	0.000225511093290743	8.28235623001065e-05	0.000247039789370605	0.000233079108453128	9.14467338533357e-05	0.000139830427173881	4.50795339848389e-05	0.000160032857542899	3.73828869020992e-05	1.89241486329668e-05	0.000261021893069003	0.000273220110011209	2.90161423970479e-05	0.000138210089884645	0.000290150861645805	0	0.000108928158733895	3.10062664509532e-05	0.00112347256145448	2.77334922330374e-06	2.80721735667632e-05	3.31507302037737e-05
T[Ins(C):R4]T	0.000183654247339278	9.78554786854628e-05	0.000218314037408737	0.000375507087201101	0.0009391423844035	0.000448554274555721	0.000977372653954899	0.000858821839044468	0.000118480816990933	0.000166088570537304	0.00024138920036032	9.12407346044054e-05	3.65453680266436e-05	0.000435199666704666	6.104121821456e-05	0.000149179566938765	0.000488904995290999	0.00255910229927277	0.000415555875172711	9.93930698226551e-05	0.00052185083172078	4.21289009242768e-05	0	0.00113208133329132	0.000170130132031883	0.000427719914065983	0.00107318969376938	0.000339167081336917	0.000271187335353492	0.000364662719741781	0.000257270420211651	8.45274268326757e-05	0.00162342160772808	0.00166903765979298	0.000560397964982765	0.000221933654203604	0.000599468814105723	0.000456925198733418	1.35083109883356e-05	0.000343910146073941	0.000607215801729422	0.0436359839991097	3.05068414563411e-05	9.32325153176486e-05	0.000232020248031959
T[Ins(C):R5]A	0.000571137510392853	0.000288374675936473	0.000335051978211775	0.000392290174286881	0.000859622181069597	0.000421250165121013	0.000911137482364567	0.0011200753321413	0.000348748229602739	0.000132137821115026	0.000355383133831223	0.000201253343183592	9.38460613292092e-05	0.000279035781461949	0.000113024281595242	9.1257405398319e-05	0.000455818349464011	0.00109671897440765	0.000306041730160843	8.77194092405446e-05	0.000167765482188133	5.35023998734933e-05	0	4.3582421399103e-06	9.30047081251891e-05	0.00057072808481825	0.000134558451219404	0.000356744814437418	0.000113420135390512	7.05045428075748e-05	0.000366153655747973	4.41826563392112e-05	4.46069217777075e-05	0.00143966923770539	0.00678456308576507	2.16264364145128e-05	0.000147713649376152	0.00120534543914674	6.75415549416779e-06	0.000576404972670188	0.000614444096969141	0.0133489085679049	3.56573471567624e-06	0.000241159034220009	0.000285587853614289
T[Ins(C):R5]G	5.21575577271054e-05	2.5846805774186e-05	3.67792513753172e-05	0.000157500791204558	0.000101871888921243	7.75979343067019e-05	4.20878176344215e-05	0.000110698358127439	0.000157528141229907	2.41222410967419e-05	4.17835033263821e-05	0.000194691791379733	5.2624219156907e-06	0.000115296922144929	8.65190460147385e-05	5.70520265840301e-05	0.000171582841317443	5.48153929480271e-07	5.82607536935751e-05	4.57588163201659e-05	1.94673448983726e-05	3.05727999277105e-05	0	3.35249395377715e-06	5.3188523699171e-05	0.000230631440991242	8.99980756704977e-05	0.000231643381350039	2.88412193636926e-05	8.62084477499804e-05	0.000534330872747276	7.80094720742988e-05	4.93379589359492e-05	0.000408264734281523	0.00126147241460525	6.96017932230023e-05	0.000194124938818897	0.000197210413573952	1.01312332412517e-05	0.000359628126727565	6.5496675211699e-05	0.00156282713707528	5.15050570042123e-06	2.66573428374597e-05	6.82145891783448e-05
T[Ins(C):R5]T	0.000534101536968736	0.00020287062656557	0.000778308314990472	0.000209883408273294	0.000481152405615644	0.000587947377870153	0.000314085653215258	0.000675596970419741	0.000369465809554205	6.83231764976697e-05	0.000272070668228295	0.000198051126339747	6.28491465941487e-05	0.000310858163822385	9.20708183322764e-05	7.63743608677245e-05	0.000646900225184074	0.000730506470020708	0.000250047118886798	8.1098330393258e-05	3.61501625836749e-05	3.36770347326572e-05	0	1.48627231950787e-05	0.000245132026102523	0.000543882950912341	0.00119106933717839	0.000315655065521235	0.000118212535477435	0.000101313314309745	0.000216738911701976	0.000114064774164525	7.90759067877542e-05	0.00186020511210711	0.000250140374250005	0.000430923776522174	0.000706065866595878	0.000513044715156969	3.37707774708389e-06	0.000686638708451415	0.000349376270273759	0.0124256711948748	5.54669844660748e-06	0.000192716707381949	0.000230808745074598
T[Ins(C):R6]A	0.000953936913620098	0.000316961355117548	0.000974592907979517	0.000284701420162599	0.000988451216235724	0.00106472127330161	0.000406678852010986	0.000445153078950176	0.000359058710764461	9.77426006529799e-05	0.000337644488351596	0.00011541447904941	5.1824442105868e-05	0.000456241261355511	4.48006346778573e-05	0.00010540804185517	0.000347474741875442	0.000182169822563943	0.000194004291816592	9.89471245651902e-05	3.21605285111774e-05	3.84768599772807e-05	0	0.000223276097321558	0.000229842611282932	0.000382744900147467	0.000266947693330521	0.000312759835914144	8.41100942791853e-05	0.000260164644410399	0.000335859683190506	6.35475123759935e-05	0.00189038727594315	0.00212658207869146	0.00360934096254148	6.23737370588351e-05	0.000572840233375984	0.000848705672242918	1.68853887354195e-05	0.000540319260705546	0.000425910396310137	0.0101632688230011	6.33908393897998e-06	0.000402020742500922	0.000696300429932766
T[Ins(C):R6]G	0.000148982639413345	4.14380853947024e-06	0.000252987112086096	7.97433685827152e-05	0.000202899255717021	0.000167158674993709	3.17146585406853e-05	0.000115920893140119	8.50649202137839e-05	6.53235668139021e-05	3.49328091109297e-05	8.74399725561038e-05	1.31019032180626e-05	0.000149367780666745	0.000115512682090709	7.89815627862117e-05	0.000476562463797948	4.56794941233559e-08	0.00062911970829829	4.97371752426729e-05	7.76320100605729e-05	1.58081200991404e-05	0	3.74361824838449e-06	5.99720217865667e-05	0.000281309028444881	0.000505155776208577	7.10738222768746e-05	3.72800108211005e-05	6.17691982910845e-05	5.18346615870221e-05	3.33842874644632e-05	3.37931225588693e-05	0.000582185381002695	0.00253371537256573	8.99465775061691e-06	0.000145604045310573	0.00140831662429539	1.01312332412517e-05	0.000235780650394139	1.02444184332709e-05	0.00229941468361507	4.75431295423498e-06	7.01591262252017e-05	0.000237254115124733
T[Ins(C):R6]T	0.000440300081817401	0.000211262238839517	0.000629863216785277	0.000194996715208506	0.000566314016747662	0.000369666469878656	0.000207548207768935	0.000339099459313671	0.000198701053285353	1.59644880130001e-05	3.78086172633809e-05	0.000116611569458324	6.1705021090579e-05	0.00025545267064045	0.000225539572180048	3.79154634444048e-05	0.000203359446521045	0	0.000204338544126928	5.62637927792649e-05	5.50119108531939e-05	5.95021814292727e-05	0	5.14049072912497e-06	0.000105751785835504	0.00019224666535624	0.000218502023245438	0.000202528502191045	0.000228455101245095	7.03073909348067e-05	0.000523103835178868	7.29017224954561e-05	4.59586466800623e-05	0.00103102509538128	0.000102979582896421	9.49923611223689e-05	0.000148292756374546	0.000378050634589794	6.75415549416779e-06	0.000486932829432135	9.07957085507158e-05	0.00685646693575326	3.96192746186249e-06	0.000349011467073794	0.000551268708993948
T[Ins(C):R7]A	0.00167499590636864	0.00025279631979884	0.00162584264091439	0.000696045086599281	0.00086607433010816	0.00171689715322014	0.000204487275577341	8.27330064749593e-05	0.000113539515443548	0.000102276205258613	0.000225258714890915	0.000115691306206472	3.96583891176669e-05	0.00094224260846484	0.000191785927580552	0.000120424542667423	0.000570896215463702	4.56794941233559e-08	0.000529586233091584	0.000177152302721595	8.37488403319077e-05	3.55030552061552e-05	0	7.04023730293202e-06	0.00021628151380213	0.000573929057698814	0.000510747515243273	0.00026280930869721	0.000258008235114454	0.000541538280672033	0.000252817662938757	0.000104750176550106	2.77103604982728e-05	0.00419367297630552	0.00181033051170742	6.09881671871098e-05	0.00126911298698116	0.000847169466489664	0	0.000762318414837494	0.000152873244107656	0.00714564512005574	2.61487212482924e-05	0.000472053443088666	0.000924180649873022
T[Ins(C):R7]G	0.000398179859665071	3.35744487261711e-05	0.000445221726264226	0.000105634414730426	8.07926166696056e-05	0.000492676736879858	0.000162144380260286	5.02981191478159e-05	0.00011226968376098	1.53718599599761e-05	5.43858138467368e-05	9.98822309937526e-05	3.23632005305854e-05	0.000310376740950007	9.35600883257756e-05	3.86489391684018e-05	0.000337005243670371	2.2839747061678e-07	8.73348787781757e-05	3.70376208909264e-05	5.0313211381084e-05	2.83554893527485e-05	0	2.89431978009428e-05	5.18554188576481e-05	7.66081576793861e-05	0.000136351664082255	0.000121924809673984	0.000119601636951905	6.28307852982969e-05	0.000125133896694661	3.82815248736483e-05	3.10896727541598e-05	0.00100521450825569	4.46208224716617e-05	3.71679118090319e-05	0.000115428434215668	0.000446411790609587	3.37707774708389e-05	0.000454957132362304	6.7420753800689e-05	0.0011452828815534	7.92385492372497e-06	8.05246079839645e-05	0.000226725369998886
T[Ins(C):R7]T	0.000530836296441316	8.40001188585083e-05	0.000744534401309836	0.000130961810433009	0.000172620322445304	0.000605425492040975	0.000105177031138948	0.000108279068175099	0.000166209925233553	3.14617115995775e-05	0.000117887905822697	0.000158794042742427	7.18410844110387e-05	0.000304366115797388	6.36333020640047e-05	4.1251870485876e-05	0.000204712794272476	4.11115447110203e-07	0.000486063441090977	2.26070081013359e-05	4.23035112446893e-05	3.7094301618775e-05	0	5.64336482219154e-06	4.63106465079507e-05	0.000109774540551115	0.0001314251491741	0.000171693994215744	0.000112517219432106	0.000227755909633073	0.000190897696417403	5.3171299626419e-05	4.52827842288849e-05	0.00111570897048636	8.97911624614472e-05	2.22383964411915e-05	0.000307743663664583	0.000159909417627759	3.37707774708389e-06	0.000500823731592148	8.06812954275117e-05	0.00444272533364826	0.000328839979334586	0.000207451686453299	0.000407457206861106
T[Ins(C):R8]A	0.00099521493842709	3.53263677805031e-05	0.00110367507156845	0.000459259222033747	0.000533681681819646	0.00113347544121841	9.95653221210253e-05	7.1568486587039e-05	0.000260757175511732	1.00404868214257e-05	0.000103471779609472	0.000156272671068652	2.6309332574804e-05	0.000701109238728667	0.000192643671690732	6.02229478362443e-05	0.000284560311606912	1.82717976493424e-07	0.000417982736912774	8.73789091671108e-05	0.000115699388102427	2.53295125680946e-05	0	1.38569750089456e-05	0.000224917201802084	0.000384681623234867	0.000360165839410654	0.000477168857144444	0.000543850591023609	0.000360696933993409	0.000628828277094248	0.00011931739233324	3.58207099124015e-05	0.00180888746428998	0.000157381817190688	3.41889365848224e-05	0.000298240104173076	0.000510020310080251	6.75415549416779e-06	0.00207906215747293	5.46412318211137e-05	0.00104127970365646	7.13146943135247e-06	0.00013489615516752	0.00153610294937257
T[Ins(C):R8]G	9.89650913342311e-05	5.39975050992744e-07	0.000167648473980702	7.32113447326315e-05	5.35652233445734e-05	0.000191317798769644	5.70523750155491e-05	4.35397637031416e-06	0.000113939788473923	2.27933866547689e-09	8.025628730258e-06	1.31530308679413e-05	1.93307224037588e-05	6.91310024884726e-05	7.59150666306464e-05	1.92475987659654e-05	0.000321717827470205	1.82717976493424e-07	0.000251863247208832	1.55290001232478e-05	4.94793748167328e-05	3.41987548679423e-05	0	3.01724455839944e-06	6.13110253220787e-05	9.33796416376366e-05	0.000118332767089415	0.00010347162917609	0.000204388918199895	7.60627090667652e-05	0.000125818936275106	2.73020702615604e-05	3.98758846194658e-05	0.000173421996150916	0.000427964243114903	5.68430039875315e-05	9.37222629722812e-05	0.000511316483684559	0	0.000368056027723046	5.72023364294315e-07	0.000162967619360735	3.16954196948999e-06	1.17930971030902e-05	3.31463722794666e-05
T[Ins(C):R8]T	0.000336036740790158	1.68192228846258e-05	0.000389057014318659	0.000105191922792195	0.000109731574835583	0.000361930954180532	0.000187737174417783	2.8468593784323e-05	0.000153263163078672	1.45877674590521e-07	6.57069906063278e-05	0.000110349290256693	1.6567603772565e-05	0.000168214880210549	7.361518132423e-05	5.83502892920073e-05	0.000369063345206271	1.82717976493424e-07	0.000139263291242711	3.10206550771513e-05	0.000165930433106732	3.0729315968296e-05	0	3.1848692560883e-06	0.000143963525496503	0.000166598533914072	0.000189627439781791	9.09464781976829e-05	0.000187302970063908	9.70214696948719e-05	0.000334337373011739	4.57049083187245e-05	0.00216411156866999	0.000887316169079704	0.000125839511650376	0.000239449566665332	0.000359222139343278	0.000121840318804939	3.37707774708389e-06	0.000403419660762069	6.89028143354515e-06	0.00045594630157382	1.18857823855875e-06	6.66930750409641e-05	0.000123124435447248
T[Ins(C):R(9,)]A	0.000118515114957176	4.85177582854962e-06	0.000314115981141958	5.28830543798308e-05	3.02226317966859e-05	0.000180876520512999	5.95181259476667e-05	5.00259956246713e-06	0.000159432888753759	6.51434990593295e-06	1.49825221916684e-05	9.81763771610503e-05	3.60871624244858e-05	9.53327452725406e-05	4.56206757502271e-05	9.00456223608567e-06	0.000142664506564863	1.37038482370068e-07	0.000137800745425852	4.47395128745318e-05	0.000121317133714807	2.425998629076e-05	0	5.75511462065078e-06	6.88436575460824e-05	7.14973606431911e-05	0.00021225470101357	0.000238453111462613	0.000203694367462659	0.000151571876336912	0.000175674594629731	8.41878910751634e-05	3.37931225588693e-05	8.66893176158818e-05	0.000758114368003749	0.000146096796557838	0.000125552465491169	0.000126784981073225	3.37707774708389e-06	0.000323538767899662	1.13364630378328e-05	0.000194789698880878	8.32004766991122e-06	2.41913326506415e-06	0.000187325376338795
T[Ins(C):R(9,)]G	1.77586284498681e-05	7.99963038507769e-09	5.2988552433137e-05	2.69077240534093e-05	1.02468684556573e-06	1.54043139632993e-05	1.35191171795414e-05	2.05024572232259e-07	6.61002600849929e-05	0	3.28880522006582e-06	1.65348112731231e-06	7.18688544475331e-06	7.71598580808998e-06	1.97940948503051e-05	4.60050494134374e-06	4.88829207816919e-05	5.02474435356915e-07	5.60428270702059e-05	7.68431778626694e-06	3.17375238307219e-05	9.31270441484013e-06	0	4.13474254299182e-06	5.55067104368636e-06	1.24407559433694e-05	6.90290542903871e-06	3.65374224497429e-05	1.56621191246542e-05	4.00824922866036e-05	7.21575024735638e-05	4.73991917487107e-06	6.75862451177386e-06	0	6.80302687437403e-05	1.80124083324292e-06	5.82312769278291e-05	4.91105776743314e-05	0	7.97678401013256e-05	5.20021240267559e-08	3.84587699013499e-05	7.92385492372497e-07	4.18056911279143e-06	7.31695491154673e-06
T[Ins(C):R(9,)]T	2.50208547391825e-05	5.27975605415127e-07	4.40898620261197e-05	4.85318836538879e-05	0	5.4395093736381e-05	3.65611345107096e-05	8.15997797484392e-06	2.9896254613509e-05	0	5.07059256891747e-06	2.61264981745456e-05	1.58900148821014e-05	1.31085829712254e-05	2.03596404174567e-05	8.59244923832315e-06	0.000231130142380412	0	3.0858109542528e-05	5.59298830298331e-06	3.22944292733359e-05	2.48860504531022e-05	0	2.41938313664251e-05	2.17425860436004e-05	1.98648611117369e-05	3.31262333158897e-05	5.48655390337232e-05	1.40299248921515e-05	2.00184978502901e-05	2.86194313608228e-05	2.63638197849682e-05	5.54207209965457e-05	4.33392386930468e-05	2.48381918192008e-05	1.64882814735314e-05	4.4570556483563e-05	5.1414886304212e-05	0	8.91293380915466e-05	2.99012213153846e-07	0.000172355416438424	0	1.76143584772727e-07	1.96803861706641e-05
A[Ins(T):R0]A	0.00475407630418401	0.00349138668396965	0.0037827496644189	0.00196242540725075	0.000145122682040122	0.000231135133406492	0.00118271018847435	0.0021458058115803	0.00097028943066503	0.00237229009625504	0.0021397125217766	0.00322359238945882	0.00196109498420239	0.000530575376489844	0.00178381555063114	0.00346290971703045	0.00129227387410453	0.000177830270622225	0.000556635294737456	0.0143872242931363	0.0343460780535236	3.35466046988359e-05	0.0211981566820276	0.000857400328678507	0.00176120255777753	0.00722725878567866	0.00472273458405753	0.0135628250317325	0.00539353375000011	0.000878660400340991	0.000729414922156288	0.00116373277779851	0.0318682662979161	0.00194691611018257	0.00116640588396982	0.00118917688882386	0.00160928664255582	0.00238995210062455	0.0630838123155271	0.000940237932737342	0.00544130725019463	0.000352425276396883	0.000217906010402437	0.000484201668386863	0.00391131550822013
A[Ins(T):R0]C	0.000732980917464936	9.46076287491213e-05	0.000131741164741037	0.000402751947969354	2.51667593388946e-05	1.34583888355967e-05	0.0011217466223251	0.00132103296240437	0.000192558932646844	0.00111004704744191	0.000494199033916922	0.000251209422310579	0.000294429034928333	2.58216720953485e-05	0.000196385698193384	0.000963344026476975	0.00116692139197598	2.2839747061678e-07	0.000337655220509881	0.000570627597257673	0.00114870724976614	4.77373923785923e-05	0.0285714285714286	0.000904335244031387	0.000278282686320926	0.00130730153346103	0.000745388454254369	0.00143761594362799	0.00155542901226985	0.000459401777371146	0.000247451519558603	0.000317825841176921	0.00369831933284266	5.64233960473509e-05	0.000627109391683008	0.000235258217803363	0.0024891983618304	0.000472911339853215	0.0148794045536516	0.000135440854639196	0.000173128071416077	0.000136137238588849	1.62439025936362e-05	4.00300501523827e-06	4.28166063168235e-05
A[Ins(T):R0]G	0.000753093556527596	0.00249550469770095	0.00158491204393521	0.000447570059998799	0.000352683699889717	6.92971736905304e-05	0.00147919548158794	0.00313898957210731	0.000287188998034756	0.000865993697851965	0.00101033579778461	0.000360601040240142	0.000777555467836181	0.000343459415681152	0.000639038213602922	0.000681777963433141	0.00135784086596587	3.19756458863491e-07	0.000976996677594134	0.00101820945184971	0.001475793336529	3.86072900111019e-05	0.015668202764977	0.000438170959758674	0.000144040208518361	0.001786707744922	0.00124233979956893	0.00356774204457188	0.00182138985332564	0.000698964051077288	0.000175636536875262	0.000431008954157772	0.00159706297213216	0.000623790182929637	0.0148702737509439	0.000497569687352163	0.0022238018974234	0.000714095643114056	0.0298567443619687	0.000444118654751499	0.0084940139379993	0.000126380736489982	7.13146943135247e-06	0.000508486754881012	0.000571432824762695
A[Ins(T):R1]A	0.00181276765652928	0.000307181806971791	0.000779765931929835	0.00119468609113563	8.58372288323907e-05	6.17506907190969e-05	0.00225259101533076	0.00140873501896634	0.000558546507592275	0.00645428249408163	0.00500373087222413	0.00349408244916797	0.00034108825024624	2.49943298135273e-05	0.00119523342737759	0.00144491621441678	0.00282961195903821	0.0292902397858253	0.00135865684806622	0.00320145418398845	0.0105264866891306	4.18419548498699e-05	0.000921658986175115	0.00658809761836595	0.00184728219915959	0.00702574543832784	0.00305907653008298	0.00212769360781828	0.00130526920048615	0.00175018541944065	0.000404135294708214	0.00171674258855973	0.00179982170748538	0.000104402253089728	0.00142676728405693	0.00117802305135647	0.00127009540063915	0.0022384438082099	0.014372842891589	0.000701138636775964	0.000725897649289485	0.000469872006604471	6.6956574105476e-05	0.000104691791917339	0.000423341840960324
A[Ins(T):R1]C	0.000430787393769231	9.10597926733393e-05	0.000149044851730149	0.000272222093952238	5.19099599786595e-05	1.8510381119518e-05	0.000386357663294568	0.000677777686324393	0.000161406648869055	0.00185224530369449	0.00115251467399231	0.0005724860426179	0.00055708914810706	2.78740538144336e-05	0.00028539314470359	0.0010705991032703	0.00148129866124242	0.0325832288376839	0.000714188444656937	0.0018480981985692	0.00175446212497497	4.56505118374516e-05	0.00645161290322581	0.000666475798010898	0.000567796485996984	0.00183060680156974	0.000340970749034654	0.00292680824535379	0.000513689725259169	0.000399020224953775	0.00038856967313032	0.000527174534972109	3.98758846194658e-05	1.07751884094268e-05	0.00690974317639369	0.000115371784652329	0.00168158194658751	0.000924315799160876	0.00364048981135644	0.000111495550469429	0.000268148952543967	0.000145525035666538	0.000177890543037626	5.24339677510558e-05	0.000222681216241939
A[Ins(T):R1]G	0.000267128430124819	0.000270967480218544	0.000738261861705354	0.000556312453819184	0.000404638701048401	5.88299497655166e-05	0.00124962556721837	0.00943523454184807	0.00051497195735458	0.00471193778348178	0.00422264047530966	0.00118208188791213	0.000548391572677011	8.81323336161048e-05	0.000718044929333997	0.00102465063932029	0.00135315286935491	0.0444751999402878	0.000828813464061786	0.00180651764766627	0.0029955974190202	2.64512108589577e-05	0.00645161290322581	0.00137301389876943	0.000284275759413791	0.00235844453968161	0.000721989918672976	0.00105170622446601	0.000549615362142661	0.000442120657446596	0.00159861597647787	0.00145688116011944	5.00138213871266e-05	0.000538672698633037	0.00157118048781989	0.000692357718485548	0.00262920781988862	0.00298662401647427	0.00732150455567788	0.000183557568500893	0.00155091134697397	0.000118297587948769	0.00156773469665899	0.000165715600451626	0.000309674101259387
A[Ins(T):R2]A	0.0012706479866375	0.000452155108625361	0.000885140467526907	0.000660730015719473	0.000209193760625496	8.76481742757794e-05	0.00152902065559556	0.000659001163227413	0.000360963458288314	0.00981950265846904	0.00329046732255018	0.00197769061912147	0.000340768894826555	0.000141558154254188	0.000863635209837718	0.000411411551546118	0.00207525592239051	0.0168334417383861	0.00189711478765129	0.00129451317918056	0.00382139993764181	3.58682593008548e-05	0.000921658986175115	0.0180555266868576	0.000709866530723006	0.00329602025597158	0.00158907582436695	0.00251888727734309	0.000373772479243134	0.000954920261280524	0.00226793770432733	0.00153736811143772	0.0254374350749633	0.00083543482931359	0.00263658505195853	0.000402057737527897	0.00104749080693493	0.00319021928521018	3.37707774708389e-06	0.000423251303173764	0.000516693104329846	0.000481670567282172	1.06972041470287e-05	3.48338144015873e-05	0.000188040075925152
A[Ins(T):R2]C	0.00025836819708191	0.000242124812865146	0.000346446356604475	0.000309180706316905	0.000371308227829999	3.65815391387831e-05	0.000281860839309307	0.000557253059607785	0.000344676486707547	0.00412594716465165	0.00183133856845382	0.000555120749873593	0.000206050893784873	6.46230336240089e-05	0.000175912948662497	0.000241102118444871	0.000687771327277293	0.0204858827295014	0.00115439866359956	0.00250623211792469	0.00106279469484572	3.90246661193301e-05	0.00184331797235023	0.00044901069020922	0.000438809744538653	0.00134062930992337	0.000632020765790589	0.00164220174720291	0.000116927616613549	0.000607167106010769	0.00235371988290086	0.000492494352699808	3.8524159717111e-05	0.000398692811378582	0.00299157336866658	0.000374115411781436	0.000419966326996283	0.000596527896560354	0.00357294825641476	0.000127487045867606	0.000253380349320368	0.000272019219855344	0.00159863773086151	7.45683978956416e-05	0.000119825486746807
A[Ins(T):R2]G	0.00140398784584972	0.000531907423749393	0.0013795410442559	0.000561422182153524	0.00162626810627286	7.97365986851484e-05	0.0021372108768865	0.0174640303399388	0.000260025642042427	0.00725372634091767	0.00312701488310453	0.00100375282605924	0.000149899879993176	0.000381711051778882	0.000901385376445086	0.000635712057955267	0.00212342427555944	0.0188516074682501	0.000826531249710203	0.000695114424105064	0.00105464196434974	2.72859630754139e-05	0.00184331797235023	0.00344485516220372	0.000192521574414278	0.00104225290927078	0.00025408669355072	0.00153350244642525	0.000806460224772246	0.000669186535524982	0.00123592557638659	0.000832602793856399	3.24413976565145e-05	0.00114510767367184	0.000467859214930699	0.000103351966015112	0.0013969611980731	0.0016820492869533	2.70166219766711e-05	0.00060796857419156	0.00272912347104817	0.000213139864165667	5.54669844660748e-06	0.000231996726786267	0.000604335153280967
A[Ins(T):R3]A	0.0013393077800534	0.000698139743151307	0.0011309446160348	0.0010371800321699	0.000317371414750221	4.49879356904585e-05	0.000572139242145499	0.000794734885484159	0.00058906387552878	0.00465929645700259	0.00166177882951442	0.00199982182805626	0.000132604701264457	0.000196711368631146	0.0004639641575317	0.000219214220602567	0.00135026211855785	0.0153689114772972	0.00188600908260239	0.00255189866970883	0.00107187255788024	3.21118743268017e-05	0	0.00230998008395092	0.00127307973149051	0.00178627736201369	0.000486953701557704	0.00143108760732172	0.00045828194019623	0.000289472028573797	0.000456807226893558	0.000825332201502204	0.0157982847962714	0.000598326483157259	0.000989241436126666	0.000184153782367894	0.000715921026764981	0.00219197358417397	0.0036067190338856	0.000422277590683157	0.0017113248990655	0.000331295642490905	0.00010459488499317	0.000215224732387786	0.000560341907401238
A[Ins(T):R3]C	0.000554783694728038	0.000342420178818058	0.000516927469299276	0.000345707362265679	0.000183632890961384	3.47023314440303e-05	0.000339933525055388	0.000235994465797816	0.000793037490800449	0.00295639342267014	0.00124606946687208	0.000794306895389643	0.000137664401913739	0.000120717060662319	0.000679861177791814	0.000158910131347075	0.000792260600469787	0.0133636730442701	0.000456153575539599	0.00237515936062469	0.000687373476142757	3.40944108408853e-05	0.000921658986175115	1.06162308536277e-05	0.000849736362591115	0.000449696341321621	0.000396531424994919	0.0031031608703628	0.000171745033549839	0.000182327568488722	0.00269563074905196	0.000369662765276316	4.32551968753527e-05	0.000559648543273119	0.00044928552281811	6.59877651409187e-05	0.000484112768264854	0.00157134645985945	0.00375193337701021	0.000480029317279627	0.00101658952259905	0.00018304786205259	0.000406097564840905	0.000134654667994848	0.000189696087161833
A[Ins(T):R3]G	0.000983828016122695	0.000981286660631132	0.0012532586690315	0.000691609631694627	0.000558961044108602	5.65096657084845e-05	0.00176139642447409	0.00828372707892381	0.00101923316051706	0.0031317680189306	0.00189774849692625	0.000737587255452292	0.000239855359209518	0.000121196280226357	0.000237048424471583	0.000436896363091691	0.00181435212947861	0.0124409472629784	0.000656843791090406	0.000730710960814232	0.000490152869478878	3.02858538533036e-05	0	0.000942497800205217	0.000484925734144965	0.000311839316003203	0.000340517625354256	0.000527432044146161	0.00024175574786315	0.000449058886815163	0.000190935754171872	0.000639297164603664	8.31310814948185e-05	0.0010549928434429	0.000536658808199812	0.00041687178873976	0.00035593363888811	0.00154220655697742	6.75415549416779e-06	0.000426001038072333	0.00267072508576613	0.000141327470810049	1.66400953398224e-05	0.000304278099105424	0.000601659387756434
A[Ins(T):R4]A	0.00128398853065281	0.00355686365867151	0.00329122490114915	0.00100919241707676	0.00177833839033182	0.000280999001488366	0.000873385985334904	0.000496275024106416	0.000567711379736029	0.0023731835970119	0.00155929150005796	0.000617683687369455	0.000345903574574371	0.000433375327398813	0.000351213222960581	0.000268791627763449	0.00481777724692863	0.00750262851229059	0.000661054637288396	0.00131030579226388	0.0008466119143407	3.59726033279119e-05	0.000921658986175115	6.87261260524317e-06	0.00341340904802559	0.000762504018868525	0.000305357155941261	0.000607985711097656	0.000968759368295686	0.000421973252602573	0.000788290268320109	0.000329331576213152	0.00553193416288691	0.00311550372157555	0.00100056149700002	0.000489314000199799	0.000585373763412661	0.00080934039981579	1.01312332412517e-05	0.000728548461043397	0.00848948975320897	0.00756145929817056	0.000127574064271972	0.00179156350328731	0.0011031562432395
A[Ins(T):R4]C	0.00222269340785905	0.00231373309627602	0.00434373414539473	0.000700664913144864	0.00100335984682396	0.000271630761944997	0.000594841155899823	0.000276093544406951	0.000216506301877886	0.00162367550165913	0.00127626208106819	0.000707375686257328	0.000322601736951912	0.000357450423642709	0.000220072631697583	0.000317053689812301	0.00161826828046926	0.00566804866930837	0.000801957265600554	0.00171119300452748	0.0004918601041964	3.41204968476496e-05	0.000921658986175115	9.10760857442794e-06	0.002711387780308	0.00102916657896494	0.000532728834207251	0.00155696443667536	0.000264415465665449	0.000235793639830538	0.0030698526487474	0.000198837798528468	5.88000332524326e-05	0.00264564480163772	0.000728880036039557	0.000917074058848201	0.000507132271451028	0.000735842555808555	6.75415549416779e-06	0.00032425719996202	0.00489774204827396	0.0201335914722272	0.00157962047904457	0.00193349829928184	0.00118197366225691
A[Ins(T):R4]G	0.00219920507615811	0.00233490411809013	0.00406443390330539	0.00038956674176229	0.00153298782244136	0.000375079848257722	0.000832233452536803	0.0026877304886241	0.00138429596673715	0.00159723745247827	0.00207912332340406	0.000573383860424585	0.000390527246217239	0.000318527880155326	0.000212315231668154	0.00047474456457014	0.000729692627225624	0.00585857783929689	0.000533572072240827	0.000592911679482914	0.00051151004104317	3.56334852399765e-05	0	0.000902826621752188	0.00132925299434813	0.000522565547485054	0.000831115598213883	0.000375798301722095	0.000551612195512212	0.0013256112786704	0.000432678610560098	0.000275681531168641	4.12276095218206e-05	0.00245598414126415	0.000469617670988695	0.000420508909653039	0.000763562918579314	0.000581837929044865	3.37707774708389e-06	0.00101765719289878	0.00619992723602796	0.00207118627550581	6.33908393897998e-06	0.00127953967158304	0.0013770779334838
A[Ins(T):R5]A	0.00751042944056834	0.0197094453447873	0.0131735598953239	0.000707871210424634	0.00491574934673398	0.000702603139656418	0.000449786980375939	0.000398657233687395	0.000695370871389004	0.00173178681390137	0.00257752818460138	0.00119041662988419	0.000309566481821436	0.0011171709691886	0.00112294727813617	0.000843535518005689	0.00361011467424357	0.00401796830309039	0.00130674450753374	0.00205086928746102	0.00106544532129663	3.7902967828467e-05	0	8.26948508598365e-06	0.00127546280386208	0.0010248896488136	0.000267304407717217	0.00154469566672048	0.000265214199013269	0.000374565809966205	0.00288397857591993	0.000517371005866872	0.0012104696500587	0.00871468837152399	0.000801526251935538	0.000690487199158719	0.00205153824779389	0.00407905833275686	0.00304274705012259	0.00244646539667231	0.0129739189197183	0.0102627340929451	0.000140648424896118	0.0155334279975361	0.00280917901926848
A[Ins(T):R5]C	0.00950387949232896	0.013672868258795	0.0159353075550577	0.00145744728602758	0.00430385365580116	0.000906280342880014	0.00129205348842963	0.000534133743298977	0.00117467712148536	0.000725862236037111	0.00259560565624668	0.00243126069324388	0.000248636244749051	0.000946023485576971	0.000449118586393971	0.000854063617153192	0.00113170187009273	0.00382753049209012	0.00187318368082377	0.00277758211838074	0.00205281432545825	3.73812476931818e-05	0	0.000217688607398597	0.000215207951496125	0.000946654105762161	0.000439221460246013	0.000546910748738143	0.000427947436747481	0.00118470835175598	0.00225891801651813	8.76851093775396e-05	3.78482972659336e-05	0.00600919466122585	0.00292552136298808	0.000246146487712004	0.00258573343022345	0.00105321306314483	1.35083109883356e-05	0.0017881482283035	0.0099204191995222	0.000823346674215476	5.26936352427711e-05	0.0101068305301647	0.00505470410866237
A[Ins(T):R5]G	0.00737592293093512	0.00833442691613877	0.0129731267724752	0.00140062394629303	0.00401283133136548	0.000909056529395536	0.00427085066621614	0.00298357721863576	0.000789890516630606	0.00122857493738537	0.00429033659464981	0.00225160735012613	0.000180838477651598	0.00114483570871069	0.00136408648221015	0.00111816185440326	0.00206394193518854	0.00346341924443285	0.00150693649319089	0.00190530221090608	0.000871563104089294	4.60157159321512e-05	0	0.000432080595742646	0.000552743018936955	0.0022760396622059	0.00241583372250552	0.000602520418059649	0.00030584541714153	0.000408953646235548	0.00148459494408821	0.000335704662381657	0.00121182137496105	0.00572147328218862	0.00171185697245961	0.000552230418791727	0.00289203966758845	0.00236455669926607	3.37707774708389e-05	0.00260505653929044	0.0101009445730811	0.0022915017066221	5.50707917198886e-05	0.0106297255461775	0.00351619122714799
A[Ins(T):R6]A	0.0160258143150906	0.0434687675690632	0.0257995251121555	0.0039845608873569	0.00940999207050026	0.0010692228467637	0.00131203457356921	0.000882440669765624	0.000425793886690738	0.000978251127126702	0.00506683008134638	0.00435134133643637	0.000415498063033012	0.00220442651938537	0.000868338663804529	0.000860844263911714	0.00205760826771185	0.00308080780165562	0.0057596179303167	0.00174164249819113	0.00161958145269332	3.69116995714252e-05	0	1.0560355954398e-05	0.00122460426428858	0.0015051566260912	0.00120648518324129	0.000742310607836135	0.000307651249058341	0.002923951842258	0.00305828309138877	0.000631590834693995	0.000938772944685389	0.015217926505345	0.0026772493482997	0.00234888732504236	0.00118871018497195	0.00420291492161294	6.75415549416779e-06	0.00220695400516247	0.0100905441482757	0.00364510292514114	0.00152573826556324	0.0271595807566196	0.00665066314839235
A[Ins(T):R6]C	0.0201089354653168	0.0285728318208785	0.0313557478270247	0.00236206410836897	0.00935226053800338	0.00125358720641035	0.00180909595112644	0.00122589410544961	0.000667489784445658	0.000835090424225429	0.00656244586208975	0.00495822128286538	0.00034595633764371	0.00188994942161388	0.000511281469983382	0.00185456080479374	0.00172330971954434	0.00179205223395338	0.0084783620284019	0.00278933046930154	0.00172112692159576	3.43291849017636e-05	0	0.000184275417659284	0.0028823732229683	0.00357747722854119	0.000923340728568889	0.00141539208612561	0.000334426179978759	0.00169743971071087	0.00732421484759354	0.000608104014561014	4.46069217777075e-05	0.0132905228087812	0.00232621755772214	0.00111085755182459	0.00278030304048754	0.00148968752278805	2.70166219766711e-05	0.00227289293977922	0.0119409747291128	0.000382687450058196	0.00309941585341502	0.0163240996162486	0.00853831985161512
A[Ins(T):R6]G	0.0221743899384754	0.0127212562270773	0.0347408027123516	0.00127165334958206	0.0116154559710079	0.00200190476047157	0.00199062623526682	0.00319231459948517	0.000807060849381855	0.000991582978981076	0.00700598616998237	0.0056430617421749	0.000284526239914426	0.00348152682777044	0.000321927388341582	0.00234516317857571	0.00272966993429053	0.00179027073368257	0.00604224285547574	0.00220474895935709	0.00153347717622708	3.98855043425506e-05	0	0.000853712585329352	0.00083594521604474	0.00292439806411078	0.00130228709839263	0.00103116447660577	0.00114241441637292	0.00233292085875686	0.00286700481742668	0.000227533097181687	0.00494258210546022	0.0197731753462345	0.00266933629603872	0.00118701770910709	0.00232788603918838	0.00103996328852301	0.0076321957084096	0.00352856631025094	0.00727543516514932	0.00359144216359737	0.00302889354459387	0.0164658724737862	0.00964425645056252
A[Ins(T):R7]A	0.02336816670758	0.0369223500397388	0.0290347260885715	0.00450885062102716	0.0117711070288788	0.00156599899924592	0.000863693033394855	0.00102752351251616	0.000363834382092381	0.000727311895428355	0.00557583632441402	0.00695182572261034	0.000365967425941582	0.00377846999776901	0.00113413565460632	0.00112943944402856	0.0036437210056071	0.00197650603122349	0.00159356420695872	0.00176051938290737	0.00279491365173504	3.10423480494671e-05	0	5.19636562835459e-06	0.00173331353259735	0.00147130432045935	0.00184242980728553	0.00136507262036264	0.000476270804290622	0.00228332957999137	0.00193683524044547	0.000506200279444719	0.00164910438087282	0.0272197844773698	0.0013122478332799	0.000360201980986194	0.00150015599694769	0.00163965960944945	2.02624664825034e-05	0.00205404467550451	0.00199448946492219	0.0145464908386162	3.16954196948999e-05	0.0210898716971407	0.0123514513251973
A[Ins(T):R7]C	0.0241727551091695	0.0256632422555548	0.0326789073470279	0.00332489495939365	0.00901840405136406	0.0015578075810893	0.00366665666195311	0.000922972163836194	0.00149384655439523	0.000768577042628148	0.00633313977593621	0.00737917951677755	0.000630824149007018	0.00229585720558706	0.000846989318644557	0.002673885218006	0.00461372488635885	0.00105688645553209	0.00660704269169632	0.00207551490245363	0.00309563041795008	3.59204313143834e-05	0	0.00061775288588267	0.00197908851634468	0.00269640271843294	0.000589571753773749	0.00182774031668884	0.000670015732442387	0.00120490125318602	0.00607386538226312	0.000458976514504056	0.000750207320806899	0.0188922007115809	0.00473815984827162	0.00257263376649481	0.00232274646457763	0.00140212379485259	0.00733163578891913	0.000786661227102677	0.00547518663399807	0.0112695540580837	0.00146789412462005	0.0126221765463598	0.0104310186732611
A[Ins(T):R7]G	0.0223067012124052	0.00718383207822266	0.0311007221161026	0.00344860306269636	0.010065284938387	0.00172732175211855	0.00421090741079742	0.0027127733081924	0.00186879196371009	0.000781316266429499	0.00726182689630457	0.00488317119604153	0.000440285597607922	0.00404693210250536	0.00105261226110142	0.00244822559282444	0.00211106009050237	0.00197257759472888	0.00351362971358226	0.00146273339610485	0.00219262802354578	3.45639589626419e-05	0	5.86686441911002e-06	0.00198931095302769	0.00190289768070013	0.00179442761995148	0.00196389739976615	0.0024547853981473	0.00144374316428013	0.00245305062206541	0.000476037054533189	0.00197419421988914	0.0223793617114433	0.0012098177679016	0.00216151209272271	0.00261342715418238	0.000864067729775455	0.00757140830896209	0.00256335465790431	0.00780271070171861	0.0130534340363177	0.00141440810388491	0.0100822300898333	0.0120939546516663
A[Ins(T):R8]A	0.0272718515004505	0.0202213576923892	0.0353104334053335	0.00161528521394699	0.00120298235669417	0.00119440699012185	0.00275466892064644	0.000868275335684123	0.0013943165950148	0.00045246012179049	0.00436427824107367	0.00722864539785663	0.000319844172328017	0.00449849353694586	0.000374919007983684	0.00131547323005998	0.00549033694547983	0.000693871515733776	0.00132913270888413	0.00157742480471069	0.00340794785928667	3.81638278961096e-05	0	0.000612556520254316	0.00135727768949006	0.00239263308196057	0.00417007794884214	0.00286959775793419	0.00156980621253062	0.00185011108787668	0.00196918433174427	0.000622932672877432	0.00150244222896733	0.029487712312269	0.00193869780394116	0.00220073526650813	0.00253437904890155	0.00210119342544263	0.00424836380583154	0.00241233075655214	0.00114350070628635	0.00793855944906167	3.09030342025274e-05	0.0139749763235677	0.0139463818947908
A[Ins(T):R8]C	0.02336733486512	0.0226610689679694	0.031271274560985	0.00253461489323457	0.00251500941022854	0.0012278324240297	0.00146610149387945	0.000679682550986405	0.00137785019069628	0.00037034922570535	0.00458857947704865	0.00584206305902673	0.00058033822266018	0.00326348412944168	0.000870487736959704	0.00128857484957908	0.00149508115474299	0.00106328158470936	0.00109284316383504	0.000882826622652441	0.00204130798951003	3.46943889964632e-05	0	0.000637923724504563	0.00206982812597808	0.0015266354231091	0.00368103216561111	0.000944645260960614	0.00167619402170662	0.00228741668996913	0.00249674092419603	0.000475867286654433	0.000759669395123382	0.019570820776779	0.00108540700179835	0.000969009836206705	0.00465599958469755	0.00158051568794918	3.37707774708389e-06	0.000603143774097652	0.00103130612369862	0.013447494618183	8.04271274758085e-05	0.0134979837575415	0.0134958640378517
A[Ins(T):R8]G	0.0247446726875953	0.00702120759212441	0.0328053211236506	0.00480527280979173	0.000645946823031627	0.00108818357055563	0.00226398448515503	0.000705258434442506	0.00131997623151141	0.000493905336744856	0.00370059701052393	0.00624651501730839	0.00148566362840714	0.00409816232638224	0.000469025790357706	0.000582060497427905	0.0064547866870597	0.00124348718902599	0.00142000341271405	0.00087219203648797	0.00180511617465973	3.65464954767256e-05	0	7.2637368998505e-06	0.00321326636097747	0.00422642740694499	0.000890031317594966	0.00241672881926308	0.00128695042479157	0.00193201252548311	0.00360947354936589	0.000382653403358735	3.71724348147562e-05	0.0241503300519343	0.0043305277533273	0.000608218988025028	0.00245623062770752	0.00296972575318848	0.00189454061611406	0.00194756356201855	0.00259333292468331	0.0072973814172329	0.00153128496400985	0.00993751819135301	0.0154413024594617
A[Ins(T):R(9,)]A	0.0205452074967161	0.0136244584955197	0.0287849404776961	0.00260113618128204	0.000226759820835194	0.000602032169270667	0.00191529329299592	0.000841987457804452	0.00105492647281186	0.0002958581587789	0.00283595140687291	0.0050689371820598	0.000478080617276814	0.00363277733541405	0.00124330480058548	0.000461917814427345	0.00599109726707337	0.000342596205925169	0.000789501518259169	0.00136728793035936	0.00285277095378411	3.43813569152921e-05	0	0.000377770193691456	0.00307016404480337	0.00282167104368326	0.00408943157466071	0.00555044280379488	0.00128368603632657	0.00104419972858708	0.00272512550876558	0.00104613456818414	0.00472630612108346	0.0226854572799715	0.00238886255478827	0.00287586573292189	0.00338887210742518	0.00173591250117676	6.75415549416779e-05	0.0035155871239061	0.00043131861720892	0.0104837869341037	8.04271274758085e-05	0.00930041536830674	0.0134560979785498
A[Ins(T):R(9,)]C	0.0239075872040125	0.0177506798475883	0.0320265810612086	0.00335284043239743	0.00025332285675486	0.00058103100398769	0.00228166987115091	0.00127653517479098	0.000841553342585529	0.000296473580218579	0.00316972552270515	0.00789566417370344	0.000777180572343507	0.00364746348715701	0.00127533353120516	0.000731501638678721	0.00365543558374349	0.00106912855995715	0.00143315025313373	0.00156526126337776	0.00236633687365427	3.4876991043813e-05	0	0.000624793123185602	0.00334396372369262	0.00314176833173968	0.00493162460072091	0.00655309270802844	0.0014323198940949	0.00340151434021681	0.00390483978180119	0.000524736668233172	0.00262302217301944	0.0187454673611684	0.00377320708644603	0.00056623622091175	0.0019078059590317	0.00147557363243003	0.00204313203698576	0.00134467871521241	0.000389300900995301	0.0082643245162349	4.12040456033699e-05	0.0119607403393849	0.0132105899547875
A[Ins(T):R(9,)]G	0.0148206885915948	0.00380569216179936	0.0200981404568749	0.00301460802323116	0.000131880575112811	0.000339473124944817	0.00368765805782322	0.000676801023816668	0.00104614807118019	0.000346033240822043	0.00158281547588883	0.00471063305904176	0.00124260916099347	0.00291674508929584	0.000294884884472284	0.000181842191137077	0.000972071796115931	0.000166501756079632	0.000436947616735786	0.000617284894416771	0.00201922045015215	3.68856135646609e-05	0	0.00041677087335373	0.00264891471227008	0.00187742439231446	0.00343308674406919	0.00214529010050586	0.00290777138897211	0.00241664215980423	0.0029284680908944	0.000526214780564208	0.00348609852317296	0.0144846391613252	0.00345657509250303	0.00143036996424445	0.00150096261026688	0.00379908483422636	0.00234706903422331	0.00254803053848285	0.000731331871250281	0.00966089405068355	0.00013945984665756	0.00570184454678333	0.00945606384728662
C[Ins(T):R0]A	0.000515014031560034	8.38161273596515e-05	0.000231093761971753	0.000411312059869665	2.14846428718617e-05	9.63881579922038e-06	0.000653764100588014	0.00208502161749268	0.000296809353282039	0.00108045211420935	0.000632935705993733	0.000768262697180711	0.000501682371293413	3.13200280588233e-05	0.000884098533609152	0.00101852339451677	0.000701239844099536	1.37038482370068e-07	0.000390644380489941	0.00187200350049892	0.000800382676205453	3.2450992414737e-05	0.0387096774193548	0.00136016267194662	0.000197966068966162	0.00208624079964068	0.00110307657481689	0.0042311060567503	0.00109167748501789	0.000495662556431785	0.00128368805824541	0.000824066864912541	3.37931225588693e-05	0.000109930770281688	0.000664036968900935	0.00147949996261271	0.00108197869692859	0.000790281847189485	0.0148760274759046	0.000451890120360054	0.000348479233634298	0.000154600851572462	7.13146943135247e-06	1.72251379754362e-05	9.56433647669542e-05
C[Ins(T):R0]C	0.000542116218263312	1.23914274664853e-05	0.000446037353514906	0.000445815895529381	2.1811191427042e-05	1.83528538472754e-05	0.00142256823604345	0.00160489507423917	0.000518988490176617	0.000755094754421853	0.000497536724504175	0.000466887704921584	0.000355967435799945	2.30906714074195e-05	0.000317676370828492	0.000638290433316916	0.000620472050294127	1.05062836483719e-06	0.000192959616233121	0.0117099996286572	8.12077690500348e-05	3.51117651046914e-05	0.0460829493087558	0.0004563303020083	0.000624553719559524	0.00219302955876539	0.00108756431946029	0.0194162351669821	0.00177473340755187	0.000242656041555732	0.000815691851537918	0.000311921314353782	0.00148554566768789	0.000150690034285154	0.000488960687626657	9.95647416990624e-05	0.00190880905508249	0.000965265283771047	0.0150583896742471	0.000307784318613431	0.000130031311128903	0.000244167809794042	4.31850093343011e-05	3.80669014898351e-05	0.000184627821192727
C[Ins(T):R0]G	0.000119457409527986	8.61960173992121e-06	0.00011698197197125	0.000212817551244662	1.32195863372985e-05	2.42740260215706e-05	0.000452082679519634	0.00131317120198913	0.000227548316508915	0.000124998932414753	0.00021951889850223	0.000246608106051317	8.64342385888512e-05	2.71238273245265e-05	0.000205151654484234	0.000226601292704948	0.000344811353500626	0.000183311809917027	0.000493247594718847	0.000572907849362346	0.000128800360399988	3.01032518059538e-05	0.00829493087557604	0.000453089557852982	8.67874846607412e-05	0.000823255256269822	0.000532121455656931	0.00186766071800994	0.000641365514531434	7.51148635246113e-05	0.00063845688897495	9.67360008869579e-05	4.12276095218206e-05	5.07322754085691e-05	0.000377298727943878	0.000264135803213238	0.00023866447171326	0.000932572905084615	3.37707774708389e-06	0.000142756462340163	5.02860539338729e-05	0.000163336324381913	0.000375194530638377	6.37043161509495e-05	2.56768900171729e-05
C[Ins(T):R1]A	0.00160742337591907	8.05362789017696e-05	0.000252957077480777	0.000496360063949988	9.15011572205178e-05	8.47311398462518e-06	0.000719404090918869	0.00128780034310527	0.000457746716529276	0.0040746438099691	0.00258978492614679	0.00153939841134281	0.000160996786576342	2.35159099171172e-05	0.000798522063539667	0.000805395848008097	0.00163228896317409	0.0108002311930557	0.00103432525922861	0.00103999706300014	0.000346410401301649	3.31031425838435e-05	0.00829493087557604	0.0145665303542625	0.000202572948971602	0.00441318669022027	0.000620287754747097	0.000729310213984857	0.00114152886418295	0.00028954785621717	0.00198669089880009	0.00122494994309211	5.74483083500778e-05	0.000218907600342018	0.00111343239522267	0.000992322049298484	0.000575497920850758	0.00369927946669465	0	5.85686239668673e-05	0.00041361189397781	0.000753434529815161	0.000128366449764345	7.4152187650977e-05	0.000122488178498418
C[Ins(T):R1]C	0.000792355830311318	0.000259420013757684	0.000384919747436038	0.000253057978817879	5.57159396907608e-05	3.25951725200323e-05	0.00117063651149639	0.000965893126103144	0.00024884560222851	0.00169748276698594	0.00113268407193754	0.000996951856173598	0.000429877387929818	3.17320467184785e-05	0.000594510925949188	0.000628556665957847	0.000851028373227932	0.0212128718784746	0.00123543334501281	0.00288278346042378	0.000469927767994653	3.49030770505773e-05	0.0119815668202765	0.000907743612884394	0.000285072083102311	0.00250165445242214	0.000523984511268511	0.00549452672788429	0.000717627185479861	0.000264191092273469	0.00651099675009612	0.000928153814949639	5.00138213871266e-05	0.000163275541069202	0.0107738404603374	0.000283337492352232	0.00105630150626764	0.00096449718089442	8.44269436770973e-05	0.000181759664913367	0.000961233261572569	0.00019470461310676	8.71624041609747e-06	0.00013977135502994	6.159054423162e-05
C[Ins(T):R1]G	0.00166031267888065	9.98153881298069e-05	0.000528707604654036	0.000744150281598445	4.72144169610671e-05	2.115869255522e-05	0.00336991629115689	0.017317650250804	0.000299845907305572	0.00331698707888725	0.00306895086680254	0.00233972068603725	0.000286389609363201	1.50519009274605e-05	0.000993371362942289	0.000895641120966315	0.00249591971066335	0.031114633101618	0.000647763149480234	0.001241764225869	0.000406267085185672	2.71033610280641e-05	0.0119815668202765	0.00735442186130017	0.000284517605867341	0.00412589264945669	0.000901783610497198	0.00292483848870966	0.000441143900754951	0.00114521731508768	0.000781668219042471	0.00150998794795193	0.00119830412593751	0.000388774001122419	0.000580510306146101	0.00169198864885738	0.00294595866561752	0.000846929434340718	2.70166219766711e-05	6.33861303342541e-05	0.00020625342442112	0.000139455583779452	0.000122027365825365	0.000125479575946081	0.000222785806425308
C[Ins(T):R2]A	0.000639659238670168	0.00010013537334521	0.000325049516059303	0.000408235687346722	0.000426382330705406	3.15536392612048e-05	0.000837420032083671	0.000544455798580997	0.000453605961042641	0.00239168270962091	0.00142341209340812	0.000891271218511668	0.000145328931986196	8.30261665372217e-05	0.000683273302713628	0.000454152794135307	0.0034600663023469	0.00823532759802922	0.00066664766964298	0.00114071698472185	0.000453506665435388	3.46422169829347e-05	0.00460829493087558	0.00140363334354726	0.000284718161462969	0.00212317303296014	0.000675443511673816	0.00107653141137778	0.000187650245432526	0.000919721069227097	0.000953879558015507	0.00111766682979096	3.8524159717111e-05	0.000317434448886566	0.000627109391683008	0.000166395395178614	0.000618362179928338	0.000458365391627093	0.00368439182206853	0.000471871284165438	0.000661584022399395	0.000241161445775205	0.000171551459098646	8.58699975767046e-05	0.000128724368181815
C[Ins(T):R2]C	0.000514613642658152	0.000340016289887342	0.000445993240188345	0.000390309496087178	0.000947643907133194	1.65829886120792e-05	0.000758686054044329	0.000660783013146086	0.000400714710960015	0.00219261894661015	0.00124705897413204	0.000461029443732961	0.000230055313330641	0.000262211318974635	0.000709524042788914	0.000486448146646494	0.000960887730298104	0.0184748886802148	0.00136492490156705	0.00353057716142022	0.000416133136797446	3.6494323463197e-05	0.0110599078341014	0.000448172566720776	0.000345793239025486	0.00219510077651164	0.000780838151548468	0.00441046021569323	0.0002699545077949	0.00108497983519271	0.00283469378388234	0.000844179831401709	0.00332524325979274	0.00123091893267488	0.00754839243595731	0.000238710596067078	0.000986819007656725	0.00283492369834046	0.00368776889981561	0.00045462526780558	0.000624259497879191	0.000274401621530649	1.98096373093124e-05	0.0002295704909573	0.000153547105034805
C[Ins(T):R2]G	0.000413263476054949	9.74474975358239e-05	0.000811519079821387	0.000393933715771741	0.00291597725510491	2.10437903095842e-05	0.00205227000856976	0.0146051229720982	0.000630015947291606	0.00188469396893622	0.00236651028288275	0.000369055491253096	0.000250644018387596	0.000471087152953144	0.000580108365505728	0.000303777458912879	0.000545063513584385	0.0184801875015331	0.00170089256921132	0.00103060804807204	0.000411900046793752	2.4155642263703e-05	0.00829493087557604	0.000438226834657904	0.000335299462418984	0.00112682315075392	0.000205486768595714	0.00197006305072207	0.00115184294263089	0.00124990495952749	0.000553093345700581	0.000877424909205592	4.93379589359492e-05	0.00183469805141558	0.00116706530499156	0.000375743456380713	0.00280101645687654	0.00129987009940163	0	0.00155969047933685	0.000620502344418258	0.000601840042261537	0.00013629030468807	0.00039449628630301	0.000224141120884802
C[Ins(T):R3]A	0.000904892724767975	0.00254771428540916	0.000939549093642759	0.000218506733307638	0.000470894276864981	3.16203566941546e-05	0.000252016750441263	0.00080069178123738	0.000958046596942877	0.00210806687881429	0.00151288748668124	0.00080383872777062	0.000136298116118214	6.40303436804406e-05	9.8904493935358e-05	0.000409626440322649	0.00157824166737293	0.00916120526441552	0.0010874429946651	0.000814550865992299	0.000405898858089736	3.234664838768e-05	0	0.00137195227568407	0.000476290046145011	0.00148334159242618	0.000692382624577197	0.00158826793432784	0.000482000847872812	0.000533333729659149	0.0002721510022091	0.000548181612289393	0.00775619748971168	0.00029477836862932	0.00045434108398485	0.000548373915982091	0.00143031155646278	0.000558218765588588	0	0.000170782606498655	0.00287069925371102	0.000120566541925249	2.81296849792237e-05	0.000335010893109923	0.000313143009007803
C[Ins(T):R3]C	0.000980189999721108	0.00158715466710576	0.000853014702813123	0.000802369578042901	0.000773154375716859	2.7973137026232e-05	0.000486093037204015	0.000633440190649293	0.000461293963729494	0.00128946974917225	0.000817189712028624	0.000888001665332322	0.000459249755529955	0.000197396597525011	0.000140472093120999	0.000483434169981511	0.00254212841628821	0.0113450505194649	0.00116822052516549	0.00278441189082142	0.000272290243048599	2.98945637518397e-05	0.00552995391705069	0.000212380491971783	0.000136442690660477	0.0029400532424006	0.00143625745292045	0.00386452496548361	0.000371654099494567	0.000474688630275004	0.00342949842848114	0.00031988682322502	0.00126048347144583	0.00066385567222666	0.0010616678450154	0.000315967662831363	0.000499438421329503	0.00109113814267828	3.37707774708389e-06	0.000956473767973985	0.00380340935025491	0.000136023790890025	1.1093396893215e-05	0.000551532553666238	0.000412464461889913
C[Ins(T):R3]G	0.000529048352896703	0.00131910305216258	0.00116977654496736	0.000372341162738279	0.00117247821752233	4.95117482968605e-05	0.00118364547331067	0.00852412770916488	0.00172606012208576	0.00219584193148314	0.00192598906783951	0.000375415034050451	0.000440055106305019	0.000366335264525382	0.000913808527403515	0.000314704859255105	0.00234524338541001	0.00786874965768929	0.000891445783273886	0.000782328575172127	0.000260102230493029	3.04423698938892e-05	0.00276497695852535	0.000438506209154052	0.000135156775370867	0.000729108995076756	0.000634209256757617	0.000931657373500728	0.000602904767457034	0.00126221936881115	0.000714229878123086	0.000508321246143312	0.00159706297213216	0.00121352036386489	0.000363340982983531	0.000134273266985782	0.000973789100192853	0.000403542048807849	1.35083109883356e-05	0.000745892942711294	0.00538290886491259	0.000234666565017529	7.52766217753872e-06	0.000466029048386883	0.000276462360115315
C[Ins(T):R4]A	0.000404406597415034	0.0135233751659738	0.00191582487810153	0.000502644503025109	0.000761421148320381	8.07873982541078e-05	0.000521548835089982	0.000433858088879926	0.000228900963301216	0.000843539932658352	0.000831395125452251	0.000262649117530763	0.000109566678988695	0.000179542088388559	0.000127068663179506	0.000213326129455779	0.00207234351802943	0.00420890858852601	0.000692877062754128	0.000968050495870916	0.000127786975086379	4.14767507551703e-05	0.000921658986175115	0.00115024067554094	0.000357838372151105	0.000752632110909137	0.000268577010394079	0.00126654726898181	9.67682814652972e-05	0.000186012791956616	0.000292702189622457	0.000353109265311736	0.00184983552887251	0.00125827967266018	0.000313115081827005	0.000409181875951684	0.000766086170500889	0.00094692682759158	1.01312332412517e-05	0.000193495270886304	0.0137190963564907	0.00209197556631531	3.16954196948999e-06	0.00233728189814327	0.000365638565210598
C[Ins(T):R4]C	0.00105779296248853	0.0124313256230309	0.0028392069068502	0.000257124690440673	0.00102374098078521	0.000186295458678145	0.000419772839719472	0.000567001046087556	0.00055121737038093	0.000883779377458681	0.000631066262124408	0.000180304261027599	0.000297333780745648	0.000199376270068863	0.000142027343430666	0.000393291391447606	0.0012929992684993	0.00603394141723645	0.000593102508566621	0.00231245023097152	0.00022902203767654	2.89815535150907e-05	0	5.97861421756926e-06	0.000200608683873251	0.000354944854163743	0.000292187646421615	0.00135701225111093	0.000161292044954449	0.000249275794822135	0.00400280044180486	0.000187388652785155	3.92000221682884e-05	0.00132814495364485	0.000619416146429274	0.000122161077023783	0.000732518646986818	0.00148311064190693	6.75415549416779e-06	0.000725831547914174	0.00897122442966183	0.00892439158991788	1.50553243550774e-05	0.00253836542580192	0.000728287594346555
C[Ins(T):R4]G	0.00101624225903284	0.00647004905785333	0.00229914246706011	0.000293224657734725	0.000563003490015834	8.82782833647498e-05	0.0014346419130214	0.0016579442503744	0.000478505704035609	0.000835819812598382	0.000979054219891853	0.000227013232420407	0.000213173908145689	0.000285209451431758	9.18068970676057e-05	0.000381033698889805	0.00125662128094083	0.00475299704302931	0.000754625425703291	0.000611015299516254	6.34293996743442e-05	5.38676039681929e-05	0	0.000223723096515395	0.000192851901277664	0.00113674885657685	0.000332303553530875	0.000857206825548196	0.000202166355840742	0.000230159645927976	0.000878334915394187	0.000109208281046241	5.33931336430135e-05	0.00103026627929611	0.000438405075959257	0.000120175093540977	0.000899229074149584	0.000991572807295518	6.75415549416779e-05	0.000596236615081883	0.010512905399621	0.00127710910758693	1.267816787796e-05	0.00160382285217519	0.000191739953661842
C[Ins(T):R5]A	0.0036751421173504	0.0318214337224763	0.00577433965018055	0.000604538807325245	0.000929616174828241	0.000284579503723339	0.00102022570463722	0.000585908039366865	0.000495096331018729	0.000658769902418799	0.00124501253151945	0.000763324699243941	8.16716773300598e-05	0.000375924062422814	0.000351213222960581	6.07204728542684e-05	0.000814130700132914	0.00182562666213404	0.000342830382631076	0.00102727114735239	0.000230634933220723	2.95032736503759e-05	0.000921658986175115	0.00022456122000384	0.000415409625484132	0.000863630552855762	0.000188721192420995	0.00103242762213629	0.000569392694385434	0.000917135346588101	0.000273216619334237	0.000254351894881721	9.19172933601245e-05	0.00171445822260535	0.00103067505699321	0.000284965536951509	0.00208505406532596	0.000526198476919205	1.35083109883356e-05	0.000771617916152283	0.00963496654020833	0.00233600156648583	0.00178722547804617	0.00738486524800557	0.00127740784665712
C[Ins(T):R5]C	0.00404648211407549	0.0245028558700474	0.0073379834392246	0.00106229144966454	0.00110760765799151	0.000348059287913051	0.00152944578506661	0.000748075020563592	0.000537332036982412	0.000426414118860085	0.00154603176563406	0.00141262653703883	0.000119661087254413	0.000321582767169294	0.00050519242937705	0.000325482788561873	0.000586107844189788	0.00145749561899392	0.000576468058891352	0.00186710688976548	0.000697692964426387	4.1346320721349e-05	0.00184331797235023	6.03448911679888e-06	0.000541559095133736	0.000348798448254424	0.000403010129531671	0.000974304168145131	0.000425169233798541	0.000459219791027053	0.0020742237340792	0.00036349226877646	5.27172711918361e-05	0.00343711165893055	0.00201881745808363	0.000907375069746123	0.000387991347727796	0.00523452509135264	0.00339058605807223	0.00070636823869181	0.00798618719581601	0.00181530499080818	9.11243316228372e-06	0.00568265483963257	0.00132038569617331
C[Ins(T):R5]G	0.00286370913651577	0.0115934163377915	0.00548382336016759	0.000241906128422212	0.00142845850389865	0.000371838492973578	0.00105746704630162	0.00134731338484505	0.000207189602032956	0.0005707076530781	0.00224629442216056	0.000909848565295001	4.62037867193994e-05	0.000382571443685809	0.000175601898600564	0.000233122500451926	0.00201587102305771	0.00182448467478096	0.00128037046703411	0.00090275576243432	0.000245750503348942	4.5180963715695e-05	0	2.0841337412648e-05	0.00037377664330949	0.00109290359779265	0.000242700755964554	0.000550037346585973	0.000226267266422804	0.000800489682788475	0.000239116871329853	0.000175939507041841	3.17655352053372e-05	0.00247233120778469	0.000806581813102278	0.00010119278629834	0.000525601648221247	0.00134797254205039	1.01312332412517e-05	0.00133973721549416	0.0079262937494682	0.00091047450691234	0.00206456040037654	0.0034023610732144	0.00128380092161558
C[Ins(T):R6]A	0.00784651105252854	0.0230196124018286	0.0111041173968325	0.00138890844545223	0.00302085564279281	0.000563745629067611	0.00111707019814349	0.000517381371887854	0.000176340973657521	0.000415828870097611	0.00216845374627794	0.00232199626617027	0.000264731757901211	0.000805628678126516	0.000880403635903762	0.000461735246234036	0.00236494812867085	0.00144995850246356	0.0017340811089016	0.000636282601739708	0.000495916688649976	3.94942142410867e-05	0	0.00022305259772464	0.00107615183266642	0.000745423197194926	0.000888797278635585	0.00036419237051095	0.000302442118529077	0.000987973531026514	0.000585176032718099	0.000415917721522211	6.55586577642065e-05	0.0050984961164931	0.00107067993231263	0.000667325089469711	0.00293449027881003	0.00150154511094598	0.00291104101798632	0.00101487463623086	0.0061461830408463	0.0066999658352255	9.90481865465622e-06	0.00671691172839402	0.00356798079961304
C[Ins(T):R6]C	0.0153971036419098	0.0205844729150134	0.0219272986041672	0.000981252211834145	0.00577150924661645	0.00119858424272932	0.00186232216090249	0.000872793331712223	0.000849890063631956	0.000733213103233274	0.00431547378759784	0.00490857943997073	0.000312765590025592	0.00110646509396258	0.000583614748022068	0.000779983636679746	0.00268094941523901	0.00235281370381169	0.00122281687835089	0.00189015105602561	0.00128874005819175	4.03550524643072e-05	0	0.0001995851400482	0.00068348757120402	0.00128914475451665	0.0005965999912846	0.000890023596559021	0.00114227550622548	0.000503487969227808	0.00304895894154382	0.000179806819319906	0.00106651094795792	0.00763681180299829	0.00246524548980749	0.00137565150072689	0.000645797373977269	0.00484672915151564	0.00544047225055215	0.00259619830843019	0.00481436964292807	0.00243350986362509	0.00295005118810281	0.00487756075466043	0.00533408627806341
C[Ins(T):R6]G	0.0116213879743608	0.00583665032340846	0.0171897169249055	0.00126024864665026	0.00450737222774352	0.00121327505081246	0.00120048060036444	0.00145163361491632	0.000880200393794128	0.000570691697707441	0.00443605713142509	0.00338087510555999	0.000267214399163811	0.00153561998423535	0.000506040747727777	0.000329337005976181	0.00147423959937096	0.00162874804246238	0.00218507559425205	0.000510424987499913	0.000959018560973683	3.79551398419955e-05	0	0.000202937634001977	0.000590683418674458	0.00182100388292805	0.000719946041646501	0.000492570478142855	0.000568003592910964	0.00110068374013512	0.00073862489873783	0.000321220066966185	4.86620964847718e-05	0.00870740373710635	0.00221059907190887	0.00125977167378826	0.00230207441297423	0.00306266620126033	1.01312332412517e-05	0.00145489056981407	0.00549953662857359	0.00240599879666026	4.75431295423498e-05	0.00428564870469782	0.00512951223731729
C[Ins(T):R7]A	0.009130095742651	0.0141884324376676	0.0115726469154053	0.00312431441734555	0.00455779582878136	0.000655795300656051	0.000508965002746761	0.000400219148155855	0.000304801011371246	0.00023561295851168	0.00281398164857813	0.00251572290340781	0.000196048126639586	0.00159917881993095	0.000332832992028155	0.000757475434040292	0.00337399338535588	0.000898789726371151	0.00258811143435517	0.000452821162173586	0.00207259511986804	3.4668302989699e-05	0	0.000439176707944807	0.00175869561283219	0.0014645661380511	0.000573047200833285	0.000882826168313316	0.000718512737669836	0.00165951072349604	0.0015531369598872	0.000134342981389015	0.00106042818589732	0.0111484825624118	0.00245535417448126	0.000939566476432542	0.00300024994671699	0.00219552605997837	3.0393699723755e-05	0.000909834033732872	0.000839340282853853	0.0141149357922895	0.000164023796921107	0.00502272295569208	0.00365028891600041
C[Ins(T):R7]C	0.0099273735951527	0.0133478752747708	0.0149536471290142	0.000393090873984633	0.00413705490587407	0.00065606773017393	0.00071328222653568	0.000737488297197417	0.00033952814738583	0.000429559606218443	0.00375926956536227	0.00372989429609389	0.000202843454569768	0.00130117806192898	0.000177119445872421	0.000717155622225521	0.00157588142889444	0.0012628552945343	0.00325418051444422	0.000834150489574081	0.000595563201289075	2.85902634136268e-05	0	0.000201652511319696	0.000616967999089619	0.00169974349851138	0.000859296034762878	0.000378474669479838	0.000357641538370846	0.00101018344777026	0.00375435942063006	0.000102861225952479	5.13655462894814e-05	0.00854009563055595	0.00154689181351881	0.00149247813374453	0.00168704209828666	0.0031710647197243	3.37707774708389e-05	0.0010615763671474	0.00195855599721971	0.0148468719831775	4.67507440499773e-05	0.00573332026897199	0.00461886809871371
C[Ins(T):R7]G	0.0124601716591481	0.00595613280283998	0.0167678452271135	0.000778464477856063	0.00524164480480391	0.000980394144577114	0.00101639953939773	0.00118801301994008	0.000590112866918727	0.000319314832985323	0.0046108577188674	0.00332316786603529	0.000127847694012965	0.00262463928275862	0.000401292282931853	0.000799529109866374	0.00104431891247833	0.000891481007311414	0.00363865327302566	0.000908770531473428	0.00135221814905233	4.14767507551703e-05	0	0.000654574444474989	0.000469323688543955	0.00224618184794182	0.000667335490073506	0.000588894704638806	0.00107742183113614	0.000949589577951451	0.00116844917771274	0.000238793234686652	0.00103609713765493	0.0145180595897621	0.00242458119346632	0.0006537580511424	0.000544257166526664	0.00461769047499146	0.00253956246580709	0.000632581254338035	0.00170455162241102	0.0150413780628113	9.90481865465622e-06	0.00548022466585807	0.0049086526334357
C[Ins(T):R8]A	0.0144396322607421	0.00938948616818109	0.0184047574972506	0.00188581108880267	0.000323609618183665	0.00054048163085042	0.000592545456756128	0.000744947463907176	0.000324883675481429	0.00023369831403268	0.00308627820091687	0.00302251860983657	0.000388841605002028	0.00266006297260145	0.000681670923606699	0.000651158821819589	0.00149056638664422	4.11115447110203e-07	0.000602858171323035	0.000483800078532058	0.002158541149979	3.43030988949994e-05	0	0.00110643475454492	0.00129297602631554	0.00125792854419821	0.00185008470520545	0.00121981088435245	0.000767860567550399	0.00222926447026691	0.00223109779800116	0.000442369820604132	0.00219452537897297	0.0166550699695098	0.000768445297344479	0.00175213392770586	0.000948215321495904	0.00297404633186951	0.00249903753284208	0.00211522445356604	0.00115039098771989	0.00477169529831328	0.00011727305287113	0.00747327938397202	0.00737103675219729
C[Ins(T):R8]C	0.0154857656222775	0.0128160958451076	0.0215727710615692	0.00146794593403824	0.000700818240596922	0.000490161860310056	0.00178350315696894	0.000530227093268079	0.000241309427242834	0.00034133324449383	0.00285752839652788	0.00226655601660744	0.00032310715161611	0.00294501133199487	0.000261941855185705	0.00106067849711691	0.000766850143088916	0.000165131371255932	0.00105301691620672	0.000438199429987939	0.00146571426097742	3.85812040043377e-05	0	0.000430236724068068	0.000418535933298323	0.00192143104468928	0.00116991713814025	0.000738589956397217	0.00138010704242325	0.00075778355404119	0.00351828716965774	0.000339422578926417	4.12276095218206e-05	0.0155918493916577	0.00232786611027652	0.000359428371141148	0.000581092508103103	0.00135766984086781	2.36395442295873e-05	0.00101579729263582	0.00117364893769086	0.00621696225748215	7.13146943135247e-06	0.0125733790913266	0.00873528931444543
C[Ins(T):R8]G	0.0190170058973143	0.00443755896702549	0.0240671516033393	0.00200823385838004	0.000559580360333944	0.000893031372653398	0.000865988732538551	0.00085025926736415	0.000827488576449257	0.000398318990469417	0.00310368982014704	0.00352298470072818	0.000616253210858401	0.00348006823764909	0.000327582844013097	0.000439110669716975	0.00232995596920984	0.00070099751681702	0.00173981878864466	0.000646921581453514	0.00105783123704843	3.33118306379576e-05	0	0.000191818529055283	0.00172477222370122	0.00224112484876916	0.00310504448131993	0.0011010001661349	0.00218048994824468	0.00177043898298539	0.0013051906895205	0.000127058807604519	0.00365438827351613	0.0233893134001164	0.00338920424478104	0.000692819575109457	0.00122973371109034	0.00162468160335523	0.00493391058848957	0.00200513659231525	0.00139343591488994	0.0053541357840759	8.51814404300435e-05	0.0101497129699802	0.0124475522720165
C[Ins(T):R(9,)]A	0.0106403454224089	0.00558531793597009	0.0131682531559967	0.00215486725829208	0.000119482990310967	9.58840707210275e-05	0.00135471757246311	0.000554636200522203	0.000426635840306354	0.000155580819289456	0.00106388718898453	0.00288862404759955	0.000308844460872581	0.00240501130407895	0.000278107032646787	0.000201857430435144	0.00164092873521922	3.19756458863491e-07	0.000398808921973068	0.000281088302556257	0.0021232035215657	3.21640463403302e-05	0	0.000209195622715694	0.000774227180837418	0.00113225673497135	0.000642182305346744	0.00089786510396138	0.00280614125234617	0.000623090911118954	0.0012283901410017	0.000223832157424803	0.00406396091892962	0.0134806712794952	0.000632824373871497	0.000506702902089952	0.00281799670136517	0.000709439019424506	0.00612601903321018	0.00260411564856918	0.000359360678086896	0.00633636596049445	1.267816787796e-05	0.0048566266578153	0.00668137779890848
C[Ins(T):R(9,)]C	0.015477402326508	0.013945071681908	0.0193782372476705	0.00347811306076747	0.00023412405376926	2.90795344559829e-05	0.000951354730326347	0.000526115418664948	0.000379362215167264	0.000296282115770679	0.00165784945741398	0.00282874708170869	0.00074089901966356	0.00270809729773056	0.000380197433277099	0.000828842515220176	0.0040461849733187	0.000349767886502536	0.000636898523412136	0.000517498601928666	0.00152484057706785	4.01724504169574e-05	0	0.000888634397347864	0.00206181180084697	0.00268248252124225	0.00205372041536209	0.00193070543701359	0.00234836286143444	0.00129646313255809	0.00192119350335863	0.000227527438252395	5.0689683838304e-05	0.0162821118636483	0.00163162741481352	0.00073825472048645	0.00196330716010995	0.0013488366577866	1.35083109883356e-05	0.00294682962349361	0.000335218692007475	0.00641416271996303	0.00163548365625683	0.0112374606880013	0.00923977570600313
C[Ins(T):R(9,)]G	0.0119421581624524	0.00338062380165787	0.0156086755907307	0.00313462869371528	0.000220915727726968	0.000332427022720507	0.00197829748060623	0.000368526077008243	0.000492887928092524	0.000170143514023188	0.000973009291383829	0.00171861032737228	0.000738919016061509	0.0033129417917587	0.000542810635352082	0.000255420375991486	0.000995241109620432	0.000717168057736688	0.000659238508966362	0.000988049932442149	0.000381285463445678	3.58160872873263e-05	0	0.000195729772001356	0.000686525398608375	0.00145558189484011	0.00261280755046737	0.000846770241932139	0.00232367158272572	0.00263737642966102	0.000936182702187339	0.00026035375528868	0.00226346334899307	0.0185110799126889	0.000673378766709042	0.00106067682963693	0.000794483095815011	0.00188521249782111	3.37707774708389e-06	0.00575481951578904	0.000584789885742883	0.0104834182290826	0.000270203452899022	0.00614272767793113	0.00787232878523792
G[Ins(T):R0]A	0.000900177800285463	8.98798471915404e-05	0.000100702277307215	0.000411454289421239	2.61801858894541e-05	8.97164146972233e-06	0.00119741966817284	0.00131944495389944	0.00020408403541798	0.000534853655870148	0.000646613494592202	0.00110784731892936	0.000899976896718138	7.61022700775065e-06	0.000138888565532974	0.00180235697800981	0.000665273274257503	0.000183266130422904	0.000297603965832808	0.000923926079903232	0.000803997996783734	2.97902197247827e-05	0.0451612903225806	0.00183504344049916	0.000258168139818301	0.00207116394838391	0.000183958573312134	0.000936791247166865	0.00113196142777753	0.000761301956693665	0.00131596103403528	0.000257515236355877	2.90620854006276e-05	5.67160822516311e-05	0.0665038189818957	0.000497962265482485	0.00805647451448342	0.00138762585305625	0.029789202807027	8.59565670547362e-05	7.7327158427786e-05	0.000160698665384254	0.000230980371026583	4.09107680762464e-07	8.75812047989009e-05
G[Ins(T):R0]C	0.000188272526224783	2.47548562266229e-05	0.000151661616718522	0.000494421527839641	1.23638039168261e-05	2.72355387397313e-05	0.000347160726063319	0.000880666275285941	0.000157555746266484	0.000256753824633979	0.000730966038524592	0.000304105854754462	0.000357528111850931	1.42917595500216e-05	0.000380640443971368	0.00054266633838272	0.000385108636147239	0	0.000375793915272599	0.000260467178754173	0.000151383941217687	3.94681282343225e-05	0.0700460829493088	0.000238697569508933	0.000338750198402572	0.000536485744675743	0.000125708078057592	0.00117317455085421	0.00272184015661425	0.00145369175109057	0.000654098626061783	7.19951620228984e-05	8.11034941412863e-05	0.000117085321941871	0.000239589637902026	0.000234865639673041	0.0238337793318987	0.000907417535875085	0.0261048109849585	8.69193389555614e-05	1.22074986152809e-05	5.88226318402652e-05	3.56573471567624e-06	2.93392709669025e-05	0.000159792010566816
G[Ins(T):R0]G	0.00095121703039007	8.11442508110355e-05	0.000470462996290164	0.00107530808751418	0.000116656656264406	3.77379746432464e-05	0.00271589711288624	0.0051882362656052	0.000233676634629135	0.000683619252549828	0.000925753998337132	0.000804010809516902	0.000646058791027851	0.00027159851415892	0.000482664864285512	0.000511615866066846	0.000402225778507339	9.13589882467118e-07	0.000678653402886869	0.000281022399316237	0.000714798786792144	3.4068324834121e-05	0.0267281105990783	0.00134926706659685	0.000494304657587538	0.00143789584720169	0.00148206150835811	0.00174116482228243	0.00246537729689014	0.00282887156023346	0.000439148428819859	0.000672758413506497	5.81241708012552e-05	0.000196013035029433	0.000552155202210907	0.000266664468229137	0.0118230795028077	0.000389812209888144	0.0111781273428477	0.000696208077647495	0.000166055782548438	0.000232284163342224	0.00376066154679987	5.11327780441863e-05	0.00016618072760096
G[Ins(T):R1]A	0.00226488266258067	7.7688410484682e-05	0.000301317484950619	0.00171985027316002	4.3419697543972e-05	6.22140062256928e-06	0.00250545802471414	0.00119529698383357	0.000259335516127987	0.00339891790721782	0.00411040304365286	0.00711801928044287	0.000262374081802835	1.96017326503919e-05	0.000331485108426443	0.00356865513636565	0.00229486636871074	0.0139049293701378	0.0118837954954007	0.000750824629668166	0.00123782733658009	3.28683685229652e-05	0.0101382488479263	0.00311290238588055	0.00141934964633672	0.00918225969721621	0.0025839426079331	0.00159071918704054	0.00235612446592304	0.00544967206705329	0.0018135661737198	0.000857332314861875	0.000822524603082879	0.000261455502260529	0.00141061146902408	0.00138790224767606	0.0502564668413157	0.0021368141963462	2.02624664825034e-05	0.000103487038748929	5.62922992589632e-05	0.00016157788505014	6.57679958669173e-05	6.34685110293989e-06	0.000196660050204508
G[Ins(T):R1]C	0.000115035873464957	5.06496597831194e-05	7.21356133236712e-05	0.000293656614150617	3.00537273715927e-05	9.41457109402798e-06	0.00080876630573458	0.000559571701133758	0.000212186113653497	0.000826572535632542	0.000709269364005132	0.000400194805514969	0.000339785835534653	1.71009776840349e-05	8.51617366535747e-05	0.000782298302428837	0.000466710092167529	0.0259868814888007	0.000382126256501639	0.000885908697510683	0.000252162523936853	3.26075084553226e-05	0.0119815668202765	0.000441467578813222	0.000269682390484906	0.000906130865051489	0.000413017414217903	0.000561349377599422	0.000227395911370811	0.00331039226117631	0.00301702848554418	0.00033474943511719	3.98758846194658e-05	5.7615821324048e-05	0.000816363224924884	5.65312507663933e-05	0.0219898406018328	0.000552073942575573	0.00368776889981561	5.63148624717538e-05	0.000238156727511535	2.11012719812716e-05	1.58477098474499e-06	2.02735584022288e-05	5.04342580055571e-05
G[Ins(T):R1]G	0.000678496962152756	0.000197542872729108	0.000420998817074868	0.00222758870123596	7.02755011337991e-05	1.59287871167658e-05	0.00315446067522634	0.00803796226032926	0.00121626410908947	0.0019417663297811	0.00160541231544545	0.00130027212034721	0.000456775445278303	5.67836625488563e-05	0.00053418606545302	0.00131212507886572	0.00254550637227578	0.0219585896200384	0.00402004022065284	0.000405315909992905	0.00107264248726265	2.86685214339196e-05	0.0119815668202765	0.00133831558634784	0.000636474980111374	0.00229438473367267	0.00256790974239051	0.000477812936301097	0.000899790480088229	0.00842483031688061	0.000682375537632383	0.000847938492237369	3.8524159717111e-05	0.000206452176315427	0.000218488165206067	0.000814080031716618	0.0984459353462196	0.000541800566600688	0.00734176702216038	0.000361054050262499	7.83411998463077e-05	0.000239828435314022	0.0160561072319439	4.74877422496152e-05	0.000157626122186209
G[Ins(T):R2]A	0.000258105873318608	2.82786934112496e-05	7.3417715538204e-05	0.00060759937656468	8.36865124862033e-05	6.10464511490712e-06	0.000956796387555848	0.000735087645842552	0.000196520255395725	0.00218214082676496	0.00080564939396785	0.000888914446769119	0.000203182249015	2.52565235060352e-05	0.000224936323575087	0.000384784354229545	0.00113987609051138	0.0117100296775105	0.000584279017869304	0.000341846696304848	0.000899110142704281	3.68073555443681e-05	0.000921658986175115	0.00574891250683629	9.36476657699944e-05	0.00142043844048332	0.000309878751815869	0.000407126812157353	6.26832040354787e-05	0.00181300862197461	0.000715866361565261	0.000711844638125449	4.7310371582417e-05	0.000200630972919187	0.00255800404686681	0.000173311698121643	0.0274831668590302	0.000568588154423051	0.00367763766657436	0.000104260173760197	0.000103939245398478	0.000142263414325347	7.92385492372497e-06	1.02177484295986e-05	7.69653011869129e-05
G[Ins(T):R2]C	0.000256621673078872	9.97953890538442e-06	0.000130088322867104	0.000519996508317186	7.59732104069448e-05	9.09210350143726e-06	0.00120303137719077	0.000661122235620143	0.00022078508254741	0.00148181402179718	0.000427453650683449	0.000391658054536401	0.000119833261480678	4.97749387180356e-05	0.000148634800806886	0.000492284990581125	0.000789564731748936	0.0139019145235256	0.000664349383359343	0.000585458023036715	0.000354687902962361	5.57718824619838e-05	0.00184331797235023	0.00023037220952372	0.000154522187736884	0.000194748266010799	0.000383564374992046	0.000922827861178455	0.000442619821071575	0.00314085681612449	0.00229541540305407	0.000638706372385593	0.000102731092578963	0.000144825469969761	0.000804383743029782	0.000288394822384029	0.0434958993536856	0.000931420750769675	3.37707774708389e-06	8.77216488729158e-05	1.35985554329967e-05	0.000153239479186573	3.96192746186249e-05	4.49109320659238e-05	8.08961489118773e-05
G[Ins(T):R2]G	0.000894703517540762	1.7919172062574e-05	0.000491880485626492	0.000333654724710041	0.00093030305282362	3.02582091047628e-05	0.00219349801885415	0.0139925803769386	0.000669670582335286	0.0020308975889559	0.00113084665641224	0.000654247317546719	0.000217064490258556	0.000401408628342081	0.000255551190276892	0.000183784246947777	0.00114210640760574	0.0140889263724667	0.000736431998618842	0.000197914020102386	0.000439711843733915	2.40512982366459e-05	0	0.000442640951697044	0.000142170322523835	0.000839112176547911	0.00046401793058608	0.000772644860155783	0.000773885795195914	0.00548520490073756	0.000199346517909561	0.000826319118770706	4.05517470706432e-05	0.00158697712029664	0.00117409912922355	0.000406607025273395	0.0651919155422081	0.000731521977127529	3.37707774708389e-06	0.000926945116152084	1.8057737568291e-05	0.000279960558773027	0.0052780797646932	0.000112267386575347	0.000135557593495279
G[Ins(T):R3]A	0.000900912997148403	7.02367547809821e-05	0.000310936067303864	0.000149973160493454	6.32828579349385e-05	1.95333817580817e-06	0.000190968158397799	0.000346480343914033	0.000581527700543103	0.00142304811232386	0.000799865749318929	0.000807459926257585	7.1566161049744e-05	1.60841508849391e-05	0.000309372276750817	0.000234654578565369	0.00171538451511196	0.00749632474210157	0.00104522202916082	0.000476401341452542	0.000453044099166113	3.43552709085279e-05	0.000921658986175115	0.000696759993393352	0.000223902626435969	0.00121331666585858	0.000616547074151473	0.000586556009448629	0.000124567674723137	0.00113176549115343	0.000172972494062419	0.000268638427771979	0.00370034692019619	0.000300328566280856	0.0002146415425792	0.000161234147406437	0.0159665383703371	0.000367441213606386	6.75415549416779e-06	6.05634581704711e-05	0.000101456143976201	0.000157720663290123	0.000236130876727004	4.2085532145658e-05	0.000129722332848131
G[Ins(T):R3]C	0.00052375700646062	9.71835097331163e-05	0.000191072650384871	0.000109474612622935	0.000151800036978809	1.27597090516501e-05	0.000442559779368008	0.000336907560250534	0.000397346896497552	0.00103858522160188	0.000465070097882716	0.000393648217341221	0.000158630779467018	8.186722635017e-05	0.000121158712002772	0.000320770180343936	0.00127921677499873	0.00494115087932341	0.000707840031495844	0.000910668544785988	0.00024780770596756	3.59986893346761e-05	0.000921658986175115	0.000452251434364538	9.85730752508426e-05	0.000256158527240447	0.000724274818933705	0.000746018752883661	8.92671335031568e-05	0.00128877420952013	0.00323761123044754	0.000359930538680157	6.15034830571421e-05	0.000368697895554755	0.000623372672559766	0.000105522692147481	0.0176804365556743	0.000560523074218469	2.70166219766711e-05	0.000264164187152179	9.30968025388997e-05	0.000193740307666756	7.52766217753872e-06	1.44437739513637e-05	8.49097971986757e-05
G[Ins(T):R3]G	0.000556109120058407	0.000147849168777006	0.000416232700643391	0.000454934390113651	0.000320107666436731	2.66499079393942e-05	0.000799583509159797	0.00755613960470547	0.000339265899538343	0.00141259278586532	0.00147018527559221	0.000576189541070477	0.000247717056541086	0.000189753320892154	0.000130989779111757	0.000501292755767971	0.0017145725064611	0.00987645478339903	0.000931239887038104	0.000158925663306884	0.000819070962123994	3.28683685229652e-05	0.000921658986175115	1.17896037374497e-05	0.000393796810708291	0.000646448577749244	0.000732980578154965	0.000409803179915096	0.000236668163712902	0.00152772227931496	0.000537908301667379	0.00044295608567877	2.90620854006276e-05	0.000601546031404341	0.000908242553955202	0.000152262582487016	0.0253417429321284	0.000240320187524636	0	0.00038112273878614	0.000357488601621933	0.000109675562838142	0.000366874482968466	0.000127418575891362	0.000235205890700417
G[Ins(T):R4]A	0.000503437269690091	0.000417696700741639	0.000183061857997582	0.000443440135241972	0.000360903715244255	2.87459472912339e-05	0.000213925149834756	0.00022144144888882	0.000139074174277801	0.000728494872195737	0.000198761160173224	0.000387513128995537	5.31074177919097e-05	8.14640209238763e-05	5.36042940065168e-05	0.000239571107981681	0.00201772240278167	0.00457333959264215	0.000832252857521213	0.000429434299065353	9.52369170852853e-05	4.2154986931041e-05	0	0.000481138757266251	0.000215455696643664	0.000465391868009094	0.000356396236026919	0.00015512927881794	0.000172526403129229	0.00056137479217823	0.000506206192194552	0.000168285239281657	3.92000221682884e-05	0.000668755456090907	0.000186506245651256	2.95934631769334e-05	0.00647215152003695	0.000693548891164287	6.75415549416779e-06	0.000237542085349058	0.0010114283117894	0.0027587076923042	3.16954196948999e-06	0.000173490066898893	0.000184318408566926
G[Ins(T):R4]C	0.000156082639164827	0.000344936062574165	0.000216927752657006	0.000280766402569041	0.000209981981275931	5.97751133989721e-05	0.000294699749335161	6.51940862503633e-05	0.000286540279675183	0.000653944542463985	0.000310057969937256	0.000347575200228147	0.000140113719132546	9.5187326922074e-05	4.82033338402193e-05	0.000181182383280556	0.00102550196534243	0.00548729491106225	0.000380872645801474	0.00150910730933187	0.000305388076894886	2.56947166627942e-05	0.000921658986175115	5.92273931833964e-06	0.000272678927031339	0.000427639217270674	0.000198487453872973	0.00103699870818982	0.000104825070017226	0.000773070406945048	0.00234557552344445	0.000129598535070711	3.51448474612241e-05	0.000209129713073101	0.000130785169313491	7.95778962994246e-05	0.0078740351275964	0.000792490142959787	1.35083109883356e-05	0.000118063551201953	0.000350325309037248	0.00434538720805724	4.35812020804874e-06	0.000155797580218697	4.79240936046929e-05
G[Ins(T):R4]G	0.00116546306081024	0.000304289940587585	0.0013157972873745	0.000484823666988954	0.00120656313050614	3.76638441621911e-05	0.000689474976156614	0.00184852018184352	0.000562452620268002	0.000761201102706665	0.000721580048024681	0.000280500728253691	0.000178769609932764	0.000355983020288	7.05423837427065e-05	0.000257130751697225	0.00108815655284269	0.00237633864328522	0.000783474543739144	0.000110568062555285	0.000231030549108919	4.18941268633985e-05	0.000921658986175115	0.000233892328175186	0.000238625766632612	0.000691611884190146	0.000495138850592975	0.000738364841352173	0.000428763533863733	0.00118763529879015	0.000271846540173347	0.000179150383522049	3.64965723635789e-05	0.0013936307817951	0.000594468051106448	3.92231737854245e-05	0.00990713502220927	0.00108369714606095	3.37707774708389e-06	0.000469967621543352	0.00160599459684931	0.00293679221753324	8.32004766991122e-06	0.000198292220045117	0.000502124396583279
G[Ins(T):R5]A	0.00160144860704701	0.00918968739968339	0.00260376282001434	0.000683339246658634	0.00151678425792742	0.000251324569921914	0.000597476958620363	0.00031379197166122	0.000253524655928409	0.000444983890967726	0.000852768145126886	0.000407108002626446	0.000138250349683771	0.000356011663296426	0.000125617096223817	0.000400175600280696	0.000470954190716017	0.00237574480986162	0.000855219648425522	0.000631735278178367	0.000342082972124615	4.52331357292235e-05	0	4.0788676437622e-06	0.000322664459894461	0.000571508153839564	0.000649075569846412	0.000564844913993296	0.000147852488188948	0.000276005039110875	0.000445770478097496	0.000211073535443351	3.44689850100467e-05	0.00210525934669816	0.000715252001590084	0.000372337263779388	0.00602413986840414	0.000439882916158259	1.01312332412517e-05	0.000401111196318045	0.00318325802017383	0.00151342066423741	0.00156773469665899	0.00297877694670662	0.000496459094984107
G[Ins(T):R5]C	0.00207321718557529	0.00910001154306666	0.00385343423087312	0.000208229331266095	0.00118808498640094	0.000273452518516932	0.00024368421280859	0.000187496835166149	0.000376091018332822	0.000292835755708478	0.00055792869570565	0.0004256479403345	8.32184683627985e-05	0.000414870842301941	7.71121380811173e-05	0.000104871013777775	0.00141380450218305	0.0014601907091472	0.0013441117495579	0.00319021768156514	0.000165693063573815	3.03380258668321e-05	0	7.59898629522822e-06	0.000186593386955293	0.000594506740502441	0.000405015442840665	0.000581966163808014	0.000316315769505351	0.000426636652669971	0.00125114867817427	0.000142585777795554	0.00169979406471113	0.00170974272264751	0.000831969522439603	0.000294930093612334	0.00292210152552295	0.0045904228228712	3.37707774708389e-06	0.000328177577967274	0.00193869118584149	0.00212246463537427	7.13146943135247e-06	0.00377083924743114	0.000724901487159973
G[Ins(T):R5]G	0.00228875412504118	0.00434466325917877	0.00388069626668814	0.000619646746359149	0.00129477628158485	0.00038691848608226	0.00202625208494121	0.00130343067094836	0.000778268796231449	0.000491186085716942	0.00174400064571839	0.00100575795249417	0.000112318689605291	0.00078715393769224	0.000302152145010182	0.000330061940498152	0.000766546993192596	0.00164176669828754	0.00100263140921931	0.000975477791021107	0.000709518836284301	5.4284980076421e-05	0	4.69349153528802e-06	0.000174506962971751	0.00124925363870256	0.000717236940493484	0.000649388119798623	0.000348039374428569	0.000713811103649587	0.000841114431523329	0.000122753494199264	3.24413976565145e-05	0.00250085185235733	0.000432799997274393	0.000301869489386558	0.00759253742039476	0.0024074744474976	1.35083109883356e-05	0.00119902299657999	0.00344250160897822	0.000950720078070168	0.00200196194647911	0.00310917575841131	0.000919094952206688
G[Ins(T):R6]A	0.00581925229995811	0.0215869905946866	0.00944226326414122	0.00202734529590271	0.00441852850014447	0.000887773668284548	0.000826451691730458	0.000416389995325738	0.000615675130789558	0.000317126667866465	0.00214728301088132	0.000280470800993468	0.00019364601848282	0.00136261070507609	0.000176469068470197	0.000707859591470293	0.000825921065743382	0.000721096494231297	0.00285169112003093	0.000228602962204773	0.00138971949205415	4.16854388092844e-05	0	0.000218023856793974	0.000421497077680821	0.000230685238854781	0.000351035879297107	0.00043792380095848	0.00124439182836748	0.00113913593808922	0.00239790493583957	0.000260058359179644	0.00518656845033526	0.00838927551351334	0.00158920466241435	0.000245707723919291	0.00234954050444977	0.00349467606293317	1.68853887354195e-05	0.00141501576692156	0.00265307036465904	0.000969268776827899	7.52766217753872e-06	0.0106677597758734	0.00145318036565791
G[Ins(T):R6]C	0.0109610845458444	0.0229369282221684	0.0172578250853722	0.000899981192512297	0.00692928151886066	0.00140098084189268	0.00124928546364152	0.000731766247772389	0.000614488114216722	0.000617099032936551	0.00325905594557903	0.00283670025111291	0.000195520495946193	0.00159306463928633	0.000571625181998455	0.00110665792292427	0.00353332030943636	0.000708032158912017	0.00369424608599837	0.00132116225266975	0.00191217896360293	3.57117432602693e-05	0	0.000432527594936483	0.00146902254841843	0.00238645977711949	0.00167139007932942	0.000682723906052188	0.000743915930884214	0.00124085113890883	0.0046638636369345	0.000305641034625664	0.00258382215085115	0.0115375709301981	0.000775039507561965	0.000794866796162027	0.00152600898794744	0.0019478128822662	0.00235720026746456	0.00234457568403157	0.00577759198574466	0.000156444376678352	4.87317077809086e-05	0.00969296839312613	0.00527420404016015
G[Ins(T):R6]G	0.0131792666753003	0.00869331433410451	0.0197200864324984	0.00105441087895508	0.00889859451249791	0.00203848444634833	0.00183919511767711	0.00128001313707994	0.00103903977426147	0.000740108102696342	0.00376495881068145	0.00280770073595697	0.000202832346555171	0.00375712214325885	0.00142982172863206	0.000935701493769541	0.00379372607037573	0.000706296338135329	0.00385305284661801	0.00121074576756651	0.00100404877864778	3.79290538352312e-05	0	7.99011058983555e-06	0.00175175874870108	0.000299277514866871	0.0016382734869429	0.00048139601743471	0.00119287352743306	0.000837546652104524	0.00120155942410093	0.000420808168216246	0.00109151785865148	0.0170341636454314	0.000939565052488265	0.000834113062778647	0.00456160514395928	0.00111643753117718	0.00218159222461619	0.00255780413202153	0.00373805568088429	0.000493185508712812	0.00149443903861453	0.00883773730956888	0.00570626172973459
G[Ins(T):R7]A	0.00973976723322157	0.0143697680592366	0.0128803095176455	0.00127832760298372	0.00393540554290274	0.000737101612277547	0.000509305106323605	0.00056332178694586	0.00036157076909302	0.000299489145273005	0.00256157132647061	0.00204275996466099	0.000375978524097817	0.00244675738720456	0.000158362184561894	0.000871415069069348	0.00185767008430642	0.000527552477630638	0.0041607339138483	0.000273656613856731	0.00225531183943083	3.40161528205925e-05	0	0.000434203841913371	0.00214756701405963	0.000834364515090603	0.00107601448607483	0.000988211275372279	0.000694498645929928	0.00124380841700035	0.000998102668708694	0.000212426019544108	0.00117397307769512	0.0143576133486676	0.000523470387764839	0.000521828706522954	0.00150447861704285	0.00115450663	3.37707774708389e-06	0.00215420942182294	0.00597018185207775	0.00530305595768038	0.00168619632776867	0.00881905472548073	0.00441599800637165
G[Ins(T):R7]C	0.0121798787180597	0.0160837448666522	0.0163590855117059	0.000711795692495854	0.00568165209246684	0.00102808413630204	0.000582597427133446	0.000359613099695383	0.000426235567275979	0.00034095487427536	0.00272548227694642	0.00258655324654024	0.000272437943028409	0.00220769512730836	0.000318109955763309	0.00118568859762213	0.00245500530144208	0.000346433283431531	0.00465928524614477	0.00121987995663321	0.00188244995120458	3.53726251723339e-05	0	0.00091863921823417	0.00073084818524202	0.000793518487198698	0.000714739939786612	0.000844587876634354	0.000666160975850731	0.00158417595980565	0.00218961484562976	0.000195110827696842	0.00125710415918994	0.014038747989449	0.000509182932293617	0.000172399531289424	0.00149561621172814	0.00109574675993804	0.00237070857845289	0.00100952104096415	0.00265481243581394	0.00135893326036377	8.71624041609747e-06	0.00778609618540058	0.00530427807580315
G[Ins(T):R7]G	0.0162765302518667	0.0051275470868144	0.0187055934899347	0.00164971003318916	0.00735861404685769	0.00134368168656096	0.00050165277584462	0.00124605734019878	0.000598477193001731	0.000586403179128574	0.00407655414113163	0.00369362993851886	0.00068600321152141	0.00425037567977061	0.000658351594721149	0.00121387136135772	0.00276048295589511	0.00107022486781611	0.00653766016102179	0.00137354873816121	0.00171224686650534	3.53726251723339e-05	0	8.54885958213174e-06	0.000868647575519976	0.00145792210190405	0.00117112225431152	0.000633855181690603	0.000391900253484973	0.00229421084681529	0.0030885009484373	0.000227175452850441	4.86620964847718e-05	0.0221873487212057	0.00273989434536583	0.000391458128009198	0.000654463296560384	0.00220037470938708	0.00212755898066285	0.00354063013391734	0.00346859367470864	0.00684818525373911	3.96192746186249e-06	0.0084796033094192	0.00692524288520702
G[Ins(T):R8]A	0.0127780355760726	0.00730111865911347	0.016176688169351	0.00205172976235596	0.000301393056136399	0.000368367333198161	0.00156779246335575	0.000340217775162211	0.000882036128726537	0.000253425990182382	0.00217946981091819	0.00178064953781424	0.000451554678417354	0.00285452806837955	0.000330655641594621	0.000584717878908296	0.000984998973837601	4.56794941233559e-08	0.00118829436830018	0.000525956184397828	0.00182185376992955	3.67030115173111e-05	0	0.000649825078040472	0.00104649909798351	0.000867598145291756	0.00273249968859798	0.00119891895753325	0.00109523705754622	0.000743512791558521	0.0020124940563302	0.000571846122802138	0.00398353328723951	0.0161855037357762	0.00210102527879497	0.000773020977851158	0.00160720806207944	0.000735314485080874	1.35083109883356e-05	0.00196677523767593	0.000569787272961164	0.00138967758674509	6.33908393897998e-06	0.00575637803242385	0.00908548775383613
G[Ins(T):R8]C	0.0130897832073581	0.00884746321180976	0.01614142941987	0.00225227869783704	0.00067248733836128	0.00062319456834994	0.00101478404740772	0.000703789712961424	0.000814127738745713	0.000238325371523598	0.00195451789384893	0.00258528133798077	0.000656555864822738	0.00264059454010565	0.000339968291933717	0.000547808142002472	0.0031365620558448	0.000168009179385703	0.00148326253727623	0.000327178831851187	0.00151784426224507	3.8007311855524e-05	0	0.000204446256281177	0.00141490792976298	0.000674665557175394	0.00251108610468275	0.000582754066465667	0.000711584594065915	0.000549098296716253	0.00260809791377285	0.000345396144686916	0.00102866265069198	0.0151208739280517	0.000820979172077125	0.000766173953401715	0.000895320101910422	0.00116170759446837	1.01312332412517e-05	0.00136820463010719	0.000911636235782051	0.00180325117280813	6.57679958669173e-05	0.00728018624070326	0.00847279410173423
G[Ins(T):R8]G	0.0179009563496019	0.00396897661740437	0.0202879723026276	0.00244445189305874	0.000232626434533433	0.000600694114087618	0.0013081233824355	0.000633645215221525	0.000753286238128747	0.000334406334289445	0.0022671263313915	0.00348736377924794	0.000587108557557518	0.00437309664936853	0.000492043494940775	0.000715454855372061	0.00109833372793345	0.000339170243865918	0.0022724908326905	0.000263757947205811	0.00111392348359631	3.23727343944443e-05	0	6.98436240370241e-06	0.0016398015367891	0.00198185949490934	0.00422982278814906	0.000912991584349182	0.00340835146906597	0.000969994796782939	0.00172957270960632	0.000592702672600258	0.00353408475720655	0.0244269835563579	0.00137972858450552	0.000474407577663154	0.000487649457433619	0.000647894776434777	0.00495755013271916	0.00316413891147229	0.000772816565692626	0.00168759124385702	0.000112518739916895	0.00688223100577991	0.0100572918005367
G[Ins(T):R(9,)]A	0.0100717448589375	0.00468842337608633	0.0124582979712226	0.0023748595002495	0.000169861550168781	2.62458968176426e-05	0.000514066556399419	0.000340415344295453	0.000996238165047946	0.000125956254654253	0.000898266936359483	0.00182330336544685	0.000512898689033506	0.00242612450625086	0.0007540607562021	0.000172664669559962	0.00372707640031325	0.00072155328917253	0.00042013637580793	0.00030373045905227	0.000726375116320581	3.05206279141819e-05	0	0.000195841521799815	0.00186761499733981	0.000922202976783734	0.00235468130751055	0.00134995864636623	0.00189442186334593	0.00205415569342723	0.00140478783296634	0.000312194074745651	0.00249122899503985	0.0127849778523807	0.000643594917226726	0.000967601173503784	0.00278168876080513	0.00132425736573454	0.00262736648723127	0.00368549813008545	0.000437337863065017	0.00111521924136503	0.000135497919195697	0.0029904251515061	0.00640284978267162
G[Ins(T):R(9,)]C	0.010065128087171	0.00631434825185337	0.0156329191487112	0.00114387326689538	0.000254144858290313	5.24732610150213e-05	0.000983324466549665	0.000245995937203255	0.00060689672915789	8.64165668242253e-05	0.00120269297485633	0.00248197991750655	0.000225662093557225	0.00211890290284431	0.000268681273194261	0.00027792217272942	0.00162691887929641	2.2839747061678e-07	0.00137080722869859	0.000547644940688226	0.000944462939487218	3.8111655882581e-05	0	0.00065295407239733	0.00190166225904454	0.00246419768993319	0.00329854757470853	0.00235677943212879	0.00192057169860283	0.0011837756717425	0.000764199709741118	0.000194583415486839	0.00101109022696137	0.0121021626182546	0.00210300354186021	0.00134372566159922	0.00241236327257915	0.00156121710317393	0.00272867881964379	0.00174595037351392	0.000359321676493876	0.000727511730633868	9.90481865465622e-06	0.00492650168148442	0.00693911851620068
G[Ins(T):R(9,)]G	0.00748055904783653	0.00109834125224078	0.0113977873204039	0.00215239667830363	0.000199701331935255	3.82402086523963e-05	0.000968104831485905	0.000400002940425138	0.00070507404174602	0.000125336274537243	0.000571188430129555	0.00176483298078647	0.0006741342979237	0.00258857553184291	0.000302745967855691	0.000101195093955763	0.00181040035404443	2.2839747061678e-07	0.000278831949194437	0.000761281277084584	0.00119266321814383	3.85290319908092e-05	0	0.000205172629971162	0.0010539314524097	0.000895169550355439	0.000852036414947143	0.00224125164165147	0.00196387693706945	0.0012926565848608	0.00134617889108381	0.000345903184751467	0.000990138490974871	0.0135138098619576	0.000427194918589529	0.000606856510984498	0.000799591646836561	0.00146957282870639	0.00290766394023923	0.00476235850115846	0.000313741814784425	0.00135898998421319	0.000131535991733835	0.00254719391273227	0.00544023224041037
Del2:U1:R1	0.00259617686586061	0.000190627192261209	0.000208117288903112	0.00640757299245609	0.000258513852752726	0.000171682487600111	0.0014423792693946	0.00277894405695049	0.00854567737080025	0.00646052788202504	0.00359837096492657	0.00888333857920796	0.00174982054655292	0.000111048943664632	0.00462358008120989	0.0059207676504399	0.000671412059657994	3.19756458863491e-07	0.00144901325007044	0.00546205394248735	0.00262637519696536	3.35205186920716e-05	0	0.0043923817033396	0.003668285716598	0.00417098870856816	0.00433092721445399	0.00029226186042377	0.0038720335412442	0.0585501176780572	0.00185135752390769	0.00745839297703334	0.0016646492172499	0.000252122064412927	0.00258229272116789	0.0334556814622898	0.00471824324582854	0.00719117115670004	0.00315756769352344	0.000165418070642163	0.000150286138437324	4.04441046307706e-05	0.00505621182682891	1.85803071679619e-05	0.000333703695888493
Del3:U1:R1	0.000334828670827582	6.60169497528536e-05	4.53025092158535e-05	0.000322624032821271	6.82373877376739e-05	0.000359833061566665	0.000401237194781485	8.58792017288507e-05	0.00142831219756008	0.00381184745853294	0.00153693908733727	0.0022307330861207	0.00208753196036144	0.000213265925846761	0.00399689903824923	0.000998242310305636	0.000733860938300032	1.82717976493424e-07	0.0018950415084164	0.00120625556014652	0.00050119968235696	3.26596804688511e-05	0	0.00476769340146495	0.00157833124672932	0.00178536279833353	0.000322990415759295	0.00051838366997454	0.000526452095055867	0.00286432856627435	0.000763895247705365	0.0065051078570985	0.0013537524897083	8.35781716666811e-06	0.00283210338490702	0.00103256130765651	0.000619789265031524	0.00156620977187201	6.75415549416779e-06	0.00224882364225859	1.48466064096388e-05	0.000137725506372386	0.00166440572672843	3.60668194949964e-06	0.000198228902955048
Del4:U1:R1	0.000439916951057841	2.25189595339937e-05	4.4142422585427e-05	0.000905491270695513	8.80667672436217e-05	0.000152836666053818	0.000940811519444189	0.00018513718872573	0.00239150713382468	0.00272645373809683	0.0012085221334678	0.00150177236342764	0.00157135640702159	6.14910308181265e-05	0.00352138832538819	0.00114670548392446	0.00043891774274414	2.74076964740136e-07	0.00126217703994966	0.00121825873692873	0.000289444756600596	3.49291630573416e-05	0	0.00523860705217218	0.00301873923060692	0.00119988064943974	0.00118953642940854	0.000405182068296003	0.000395095186876255	0.000300732433614585	0.00143264610923778	0.00535538432465495	4.59586466800623e-05	5.4829882268492e-05	0.000622053830516268	0.000729941301256098	0.00095475095762064	0.00119732836537194	1.01312332412517e-05	0.00121930320317275	6.17135206887525e-05	0.000183104585902002	0.00312675315290187	1.99993994356067e-05	0.000203876772856993
Del5:U1:R1	0.0001453308164979	1.15034684937417e-05	6.67584803902462e-05	0.000451884356396556	1.96154339008297e-05	5.48028113821853e-05	0.000549692406073808	0.000101349237633648	0.000274808139129716	0.00233996223596258	0.00091648432129708	0.00116258427787695	0.00141653012255431	2.5589223065436e-05	0.00446302169469556	0.000558868998626357	0.00231347760698842	5.02474435356915e-07	0.000501942509959736	0.0013255008826377	7.50361611941806e-05	4.08767725995924e-05	0	0.00457861274247192	0.00166674677093104	0.000798494789576045	0.00617997069928746	0.000421240274842458	0.000314787757883433	0.000211877601110911	0.000384307204629771	0.00482575155079845	5.20414087406587e-05	7.10035051124204e-06	0.000397850683121712	0.000671874377215209	0.000997346345591822	0.00100736692269616	6.4164477194594e-05	0.000169425973365674	7.39470203660469e-05	3.51404247107467e-05	2.02058300554987e-05	5.62523061048388e-07	9.34644026134263e-05
Del6:U1:R1	0.000134347734723852	1.4259341161401e-05	4.42231405872204e-05	0.000170264576518069	8.77176980984289e-06	9.77595718917276e-06	0.000272848094522947	4.27233931337077e-05	8.34914331288624e-05	0.00197868021946849	0.000888184750802736	0.000606872464613951	0.0012486380359164	2.14381901521175e-06	0.00412279890725663	0.000310758823919016	0.00109218411575095	2.74076964740136e-07	0.000281949904012797	0.00115540242337285	0.000265522168161311	3.53987111790982e-05	0	0.00247950452821358	0.000399624720369462	0.00103963026342326	0.00470871667275331	0.000547148370174578	0.000218575117007924	0.000156462759334427	0.000826842773597387	0.00437489333625651	0.00238984962736324	6.71010223886843e-06	0.000282452004315691	0.000435149764630937	0.000272697349065326	0.00110016335147864	3.37707774708389e-06	0.000120525183902926	7.25429630173244e-05	3.30700042072079e-05	9.11243316228372e-06	4.42631782380499e-06	0.000105562000489813
Del7:U1:R1	0.000106251479022797	8.47160857779727e-06	2.95653146103836e-05	0.000164306738635452	1.07873626159557e-05	1.33508996380665e-05	0.0008632679039238	0.00011311764807978	0.00020158577960771	0.00152502800355596	0.000816847514458315	0.000770260341800586	0.00128087904828641	5.73521161006802e-06	0.00283281774586224	0.0002415195696939	0.00245024151735704	9.13589882467118e-08	0.000389808640023164	0.00110082355676342	9.23793530928558e-05	3.95463862546152e-05	0	0.000636526852023822	0.00105499911602172	0.000655795956539127	0.00424173897685059	0.000471509715039871	4.12563137917721e-05	0.000183502896960993	0.00039968253743532	0.00414248337381109	6.01517581547874e-05	4.9474808753143e-05	0.000474343521644561	0.000135208526649196	0.000470938084051383	0.00218198824677782	1.01312332412517e-05	3.70120152328603e-05	1.0491428522398e-05	2.47315983436409e-05	1.14895896394012e-05	7.0741536465176e-06	0.000115397835650838
Del8:U1:R1	0.00034893892799047	1.90431201316774e-05	2.42520052132604e-05	0.00021740050346206	2.58986785142987e-06	8.89565772664061e-08	0.000571714112674444	8.53461378410468e-05	0.000274725324019983	0.00143459068332583	0.000762009932390677	0.000648441429063486	0.00129378100724172	1.04480881501892e-05	0.00374693732332769	0.000246878106315066	0.000767283214369374	2.2839747061678e-07	0.000270024530429174	0.000844343524030421	0.000118024392245363	3.04945419074177e-05	0	0.00130350552412779	0.00101895809574869	0.000597653915519466	0.0027501715121335	0.000352067424057064	0.000238178811566388	0.000145778644383268	0.000614290214887021	0.00313917558250783	0.00116315927847628	2.50409308106399e-06	0.000226071506956177	0.000512787863109946	0.000447060261564017	0.000536759891472824	0	9.32867622087464e-06	4.99220390656856e-06	3.36372427013281e-05	1.03010114008425e-05	2.65067684827346e-06	4.87956784661041e-05
Del9:U1:R1	0.000100404420403929	3.83982258483729e-07	3.9404463596436e-05	0.000145311191858515	8.52404331970612e-06	1.85326202638346e-08	0.000656740006885397	4.03339249373281e-05	0.000129467621548806	0.00133021748649498	0.000718857638783058	0.000501289090547746	0.00128080962319518	1.3451197418158e-06	0.00287394233435361	0.00016627585044439	0.0010066525378605	3.19756458863491e-07	0.00110102377725022	0.000961323971839598	0.000156277405434755	4.90156067100409e-05	0	0.000418335370532159	0.000315043347260622	0.00028304400954401	0.00357340083012258	0.000226947231382598	7.40911998945672e-05	0.000144754971197742	0.000466588069792137	0.0025194402046803	3.51448474612241e-05	9.22503554972057e-06	0.000533911220609193	0.000660824457488199	0.000416791579701514	0.000669737701988854	2.36395442295873e-05	1.20565299398794e-05	5.33021771274248e-07	2.5100303364819e-05	1.98096373093124e-06	4.94906652700147e-06	2.43738706493632e-05
Del(10,):U1:R1	0.00170958467521143	5.85012970060731e-05	0.000119068438459469	0.000593534454242322	3.53911072045394e-05	1.66441462589499e-05	0.00340545711493707	0.00108103119814929	0.000263310641395157	0.0066506589168058	0.00788962121023208	0.00471610226584749	0.0130887513287789	1.36913580272619e-05	0.028448770625058	0.00115062589565447	0.010367228422191	0.000177373475680991	0.002193786581425	0.00797529816515011	0.00117173513765828	3.75638497405316e-05	0	0.00488206932018798	0.00136124161185069	0.00266542859850043	0.0165543723350061	0.000913516852787617	0.0012728510448257	0.00188813865102789	0.0011729399927401	0.0156531643142441	0.00486283033622129	0.000251124763272417	0.000586335191838214	0.003244565875788	0.000533026627236374	0.0183055717750613	1.01312332412517e-05	2.02911471825436e-05	2.83021560015619e-05	2.07892908095055e-05	0.000119254016602061	2.3821999327731e-06	0.000252702956793246
Del2:U(2,):R1	0.00471958418093823	0.000333156606832138	0.000247188556096796	0.00318386645736587	0.000797949545320548	0.00153225480426953	0.00444489867166596	0.00412916879072123	0.0143953088442521	0.0169972062168771	0.00768654802353249	0.0120136551803672	0.00515438258870919	0.00150881453496601	0.0129358839953687	0.00963507056670649	0.00326446965852806	3.65435952986847e-07	0.00281409887095802	0.00544954550753166	0.00251166789178256	3.35466046988359e-05	0	0.0233495616390656	0.00346177833873571	0.00931999567734166	0.00458256511194469	0.000899234553818729	0.0224407606823857	0.031319121873123	0.00623907409441383	0.0214475842183644	0.00302718791882351	0.000198658051097743	0.00422820759145263	0.052372428157163	0.00267741847750495	0.000923787728433195	0.0250241461058917	0.00966162389598691	0.000581045732812957	0.000444488083992592	0.00316201430731245	0.000250331285243215	0.000672218540211975
Del3:U(2,):R1	0.00081696248963476	7.45445557433464e-05	0.000137883241528667	0.000860778513889456	0.000191278631270605	0.000227610229032311	0.00135862876359681	0.000383571152890596	0.00504186669563723	0.00903984347124935	0.00413061967153817	0.0045935052443446	0.00384365075119129	0.000237773324517059	0.0114360760028016	0.00238572321169746	0.00271830181317851	0.000180022886340146	0.00150896155662962	0.00150536180852409	0.000455898619959403	3.91811821599156e-05	0	0.014458133049757	0.00137538078134242	0.00558842791815919	0.00382349617891405	0.000377499170951315	0.000945109915692827	0.00416371864586661	0.00127550564103454	0.0152349830210051	0.00334349154597453	5.42878707790842e-05	0.000954511928981235	0.0016656628212946	0.000781256705619541	0.00087549326006528	0.00337707774708389	0.000643861002403385	8.88066273066923e-05	0.000145865378763011	0.00314577040471881	2.10988763276558e-05	0.000458035276368795
Del4:U(2,):R1	0.000488923171996855	7.82963823939479e-05	0.00017966137752668	0.00117772916793126	7.88108047485114e-05	6.82278415013071e-05	0.0036649561440689	0.000546655153083125	0.00308424172422052	0.00625010617444421	0.00298944303132862	0.00339378871834615	0.00369390916040613	0.00010758644460769	0.00946685576373927	0.0009261727152591	0.00149210378968985	4.56794941233559e-08	0.000583346845810207	0.0020523828652068	0.000540977338315476	4.82591125138774e-05	0	0.0153646474148584	0.00212390735246959	0.00390150176063596	0.00169804724903793	0.00279036976847018	0.000803838295739183	0.000751178966303462	0.00191274468186648	0.0123389331494498	0.00364762964900435	5.28461202172595e-05	0.00212102771645468	0.00135536444852171	0.000481672245914478	0.00124567084016965	2.36395442295873e-05	0.00132814019032513	9.34088152830602e-05	4.57477845507945e-05	7.52766217753872e-06	3.16476042350935e-05	0.000259958900764494
Del5:U(2,):R1	0.000305872959638866	2.51628373762619e-05	0.00016819754410918	0.000729816703456447	9.09719233552256e-05	1.83176418687741e-05	0.000857316091329034	0.000383284118489471	0.0010338362248666	0.0054017568372017	0.00226626493750762	0.00232225812969722	0.00329033555104382	3.07350496944464e-05	0.0106706572064592	0.00121257309864974	0.00136866764797732	0.00018102783521086	0.00147056571095405	0.00149943051692234	0.00090197987949327	3.96768162884365e-05	0	0.00972687008258981	0.00119888595849636	0.00407237722470137	0.0142674956837559	0.000847283003979184	0.000357572083297123	0.000340132477110838	0.000660492328812605	0.0125535050349814	0.000487296827298895	5.57079408813326e-05	0.000941103701539012	0.00108761461722639	0.000317640188619286	0.00146030758775707	6.75415549416779e-06	0.000310563228418086	9.7516983081174e-05	4.7279328484919e-05	0.00166400953398224	5.22890754474524e-06	9.86982697062003e-05
Del6:U(2,):R1	0.000225833147175505	2.62707861845951e-05	0.000109066914888413	0.00124536195358547	8.72672862981803e-06	2.61680598125345e-05	0.00113620102434096	0.000442949996728553	0.000425738676617583	0.0045611253406805	0.00241862714141108	0.00183768341398393	0.00365210970147475	2.22060431087478e-05	0.0108666375969961	0.000965713142388983	0.00248734489931028	0.000364293965633763	0.00161365412202547	0.00212481052598817	0.000284195238084152	3.6285635409083e-05	0	0.00762731486913763	0.00108607343595598	0.00213819608635337	0.011638501012876	0.00115253900505854	9.90602988981734e-05	0.000954836850872815	0.000714914917703531	0.0109821109134975	0.00117667652749983	8.22773440921024e-06	0.000817901873975631	0.000945247312906616	0.000610523553057214	0.000745059790328077	1.01312332412517e-05	0.00031282063677646	9.12897287289699e-05	2.7823048136596e-05	6.73527668516623e-06	5.9079126537885e-06	0.000222594057755797
Del7:U(2,):R1	0.000253473787919245	6.1989135853967e-05	6.97769582247539e-05	0.00105138191628266	5.0220915727727e-06	2.23299541558943e-05	0.00103519026201835	0.000301017076951403	0.000473799045299133	0.00407512019175019	0.00218934296938766	0.00131267696970958	0.00290114959758926	1.31085829712254e-05	0.00970004905259477	0.000238861120563256	0.00316728846319329	3.19756458863491e-07	0.00117646542630888	0.00167468041278204	0.00041395116301409	3.0729315968296e-05	0	0.00335701982061475	0.0016317321234121	0.00197812054339339	0.0126324037035052	0.000706317213411914	0.000346598181648806	0.000139067897944818	0.000308496157727167	0.00854190477319028	4.05517470706432e-05	7.75076429853139e-06	0.000713933159546586	0.000433798834006004	0.000367898403122793	0.000859027054647591	2.36395442295873e-05	0.000244066323722453	0.000165730769273271	2.46465125695229e-05	6.33908393897998e-06	1.21638509387812e-05	0.000143092444622178
Del8:U(2,):R1	0.000154684729636704	5.07416555325478e-05	5.53519004391353e-05	0.000412981940160372	3.13036201172827e-06	1.1362349483757e-05	0.00132946488188245	0.000152400356119481	9.92401064963664e-05	0.00339060971778216	0.00183009789154866	0.00166135199675092	0.00301281013732963	9.12830645428806e-06	0.00840705164817557	0.000956442735239832	0.00211191540628127	3.65435952986847e-07	0.000699305835575488	0.00150992231273344	0.000506482676063944	4.34332012624897e-05	0	0.00406042892701643	0.000225931777168199	0.00169525137690588	0.0116318005669638	0.000488674737224459	0.000412181135012242	0.000351863013540535	0.000292359669832235	0.00739250606328808	0.00268925669323482	5.60006270856128e-05	0.000587104516363588	0.000416860242324162	0.00186225298889014	0.00130635096742317	3.37707774708389e-06	8.46072276482766e-05	6.92928302656522e-06	2.84470104801282e-05	6.73527668516623e-06	1.51469277776741e-05	0.000187660936510438
Del9:U(2,):R1	0.000459977815693533	1.72472031102275e-05	4.29795202107519e-05	0.000192468189847184	5.11217393282243e-06	2.5682505161622e-05	0.000401492272464118	0.000313542214455046	0.000569588522223304	0.0032345798687756	0.001768433215098	0.00126706782512996	0.00298422088475864	1.47731824223996e-05	0.00888575769349102	0.000622527644977627	0.00104270572195862	2.2839747061678e-07	0.000620521224649722	0.00178654896594038	0.000325135396114136	3.18510142591591e-05	0	0.00290409788745946	0.000660087452149499	0.000826967308854005	0.0084134751655444	0.000853161007933104	0.000209632776266021	0.000280767015114656	0.00116624182795353	0.00686902228200013	0.00069546246226153	0.00010339411171943	0.000435327777857763	0.000533271204380285	0.000174145747374293	0.00112109415486673	3.37707774708389e-06	0.000140152601972022	7.70931488696656e-06	2.31149686353983e-05	9.50862590846997e-06	2.59953838817815e-07	8.08612855174208e-05
Del(10,):U(2,):R1	0.0019005805362947	0.000137349653896591	0.000229947754062569	0.00446344778750791	0.000175795725637057	7.90694243556503e-05	0.00504798733930425	0.00172749976843407	0.000954099076712285	0.016949449513158	0.0207860092425608	0.0157869963764896	0.032473275401242	4.81610153586907e-05	0.075398242814105	0.00475463306720642	0.0146004893618855	0.000352006181714581	0.00374162614169179	0.0165830719215415	0.00272040092079294	0.000288641664846516	0	0.0104568197661256	0.00192751033610452	0.0122505266978959	0.0482318053488647	0.000752359493319061	0.00152231630587216	0.00349281082283708	0.00357095910184308	0.040539875662232	0.00100230401509606	0.00029824724216153	0.0027530827658008	0.00533305843627078	0.0013365479287049	0.0204232794123514	4.39020107120906e-05	0.000964759441302299	6.61597022930402e-05	4.88675962684556e-05	0.00140371089973788	1.25218201594483e-05	0.000375653075268212
Del2:U1:R3	0.00252793126786045	0.000208390371531274	0.000262535300833125	0.00368812816306999	0.00143102585116007	0.000552029306536815	0.00264328499923009	0.00167675432294683	0.0360481750400035	0.00677591541448975	0.00382624757551546	0.00881238104521959	0.000802559608695748	0.000550247615007129	0.00471496281910213	0.00260854929310685	0.00142782518488787	0.000178104347586965	0.00286462902533391	0.00273475819301611	0.00176657710075118	3.49813350708701e-05	0	0.00289985139511801	0.00431582664663281	0.00461500937528643	0.00220126519844311	0.000710556880093572	0.00224102004499473	0.0102142792900594	0.00113830743617315	0.00772032331002273	0.00643353467275754	0.000202679776349149	0.00397630876114463	0.0313426758614931	0.0015193078926803	0.00160744729506091	7.09186326887618e-05	0.000602151827290741	0.000420099158950147	0.000115631567026404	8.63700186686022e-05	0.000148366877864293	0.000884658634332333
Del2:U1:R4	0.000737430066555681	5.26255684882336e-05	0.000220348881919065	0.00109756437845499	0.00158261194253376	0.000302798922704715	0.00100772689818821	0.00135375861185213	0.0175390532248155	0.00399739702259609	0.00245759552186841	0.00433292858958426	0.00119185941929993	0.000268317788040061	0.00328755408488992	0.00138037248600555	0.00363688930615788	0.000179566091398912	0.00138090040202813	0.0013348833072418	0.000511653071402749	3.49552490641058e-05	0	0.000799066933882785	0.0083813599099227	0.00265815243745679	0.000416112152545726	0.000541501734461397	0.000549476451995214	0.00291855291404989	0.00150906608021189	0.00418122440374324	0.00122263517417989	0.000158896088234788	0.00106397581859152	0.0130663972934093	0.00131245294109313	0.00302358896741194	1.35083109883356e-05	0.000435191133489301	5.35101856235318e-05	2.43912552471688e-05	0.00150632482100012	5.45974087156434e-05	0.000546915142611199
Del2:U1:R(5,9)	0.00127375100062709	0.000136485693815003	0.000291310329891066	0.0015167938833623	0.00893707094053416	0.0133648843533175	0.00168759394829898	0.00127158476330144	0.012974215363757	0.00360409941520672	0.00267668625198218	0.00300203340021403	0.00195212248541105	0.0053819948434014	0.00199025853416037	0.0055972205117872	0.00658600728503847	1.37038482370068e-07	0.00167776505898648	0.00327218373795199	0.00122697528844697	5.1050315237653e-05	0	0.000376149821613797	0.00440417728520065	0.00219819415366512	0.000556821516703296	0.000597474089133252	0.000782585043179785	0.0020775106075859	0.00102245963156897	0.00303979799342743	0.00272102222844016	0.000445967053484729	0.00133686621809185	0.0147073854245716	0.000454743770489142	0.00241083489758284	0.00342773391329015	0.00216086494727372	0.000197192054309458	0.00259721489302818	0.0015011743152997	0.00147347801995616	0.00190167614571856
Del2:U2:R2	0.0076454571460997	0.000235637112622848	0.000968827202339784	0.00990910125162164	0.00527472755153218	0.00121687779219175	0.00815746931649299	0.0107880947733019	0.0854091826249428	0.0147215691973929	0.00905592998628272	0.026286489307697	0.00292614818444153	0.00112074253200839	0.0128665104057981	0.00769313753578609	0.00592406865964049	0.00126518494873459	0.00196640088673349	0.00346036824305284	0.00275012688999214	3.52161091317484e-05	0	0.00779940955876486	0.0049679567605911	0.0117964727296276	0.00271789368060218	0.00339839299874201	0.0579036184096577	0.0137747662846063	0.00549101087256764	0.0152625838827333	0.00277576708698552	0.000861624824481774	0.00428030185217078	0.197611961088949	0.00320088983926782	0.00234040946508212	0.00230992117900538	0.00448379649785303	0.000981150075074816	0.000116340615144054	0.0062261690063169	0.00031592346287935	0.00465681690357956
Del2:U2:R3	0.00233310064755311	0.000190967176552575	0.000190945941893684	0.0054765120090442	0.00263436853729443	0.000629089794855866	0.0169505922181071	0.0106319145096143	0.0304242423456099	0.00339657474706971	0.00427288788996867	0.00707337529000544	0.00104548633394155	0.000639904637994793	0.00192794483841972	0.00324054592818073	0.0014149846214223	0.000177875950116348	0.000667242331128955	0.00100534733617259	0.000730416484778458	7.39538291766716e-05	0	0.00259566844371196	0.000835957013432718	0.00454445347725517	0.00271589800822256	0.000992838640187068	0.0176236345892171	0.00216333233435468	0.00262118978131025	0.00317214224099055	0.00327928461311268	0.000255645139094078	0.00205420638625081	0.0539094639086991	0.00426667422263417	0.0027220605819061	0.00297182841743383	0.0064041398724937	0.000195735994836709	0.000154629213497168	1.14895896394012e-05	0.00012370535548333	0.000898020030257766
Del2:U2:R4	0.00088009277425052	0.000114522708592772	0.000216862990539288	0.00331481773227654	0.00456939393263776	0.00133511590947501	0.0136112002229719	0.00735080935947461	0.0092327529286977	0.000791420574733558	0.00159420239503877	0.00194385036962448	0.000398886027202056	0.00182574832153706	0.00026375160100059	0.000767668291008268	0.00193378236184691	1.82717976493424e-07	0.00179353118556712	0.000368840663416811	0.000110967213439778	0.000136377643363541	0	0.000776381724795559	0.000577181308133546	0.00569137013004087	0.0029644508083148	0.00254490057143703	0.00381152080826258	0.000797555152989967	0.00196191530064066	0.00030354836257353	4.93379589359492e-05	0.000544960031910168	0.00289595732051302	0.0201540952295707	0.00130964013567236	0.0010702073392902	3.37707774708389e-06	0.0238870418823136	0.0001552913428749	0.00043938293754551	0.000112914932663081	0.000802532900429033	0.00104555755767314
Del2:U2:R(5,9)	0.00111887297979638	0.000169652161391535	0.00048678211137368	0.0051312734775226	0.0155313586829599	0.00816717192952372	0.0173183292105694	0.006922065701742	0.0125910850610969	0.000736917028564674	0.00139625374338224	0.00359769062405947	0.00108442270211036	0.014422587592658	0.000568505255619668	0.00362429359401435	0.00107016244113966	3.19756458863491e-07	0.156382213237798	0.000337123630770121	0.000230068898180689	6.11977718689494e-05	0	0.00092456195755251	0.000851747817241378	0.0166929525269495	0.00385454961241536	0.00509894956817682	0.00273215423506219	0.00248107290837768	0.00250081310392423	0.00116696628999588	0.000734662484429819	0.00303021279360234	0.00158239064518962	0.0150711206087307	0.000948453169013101	0.00134024350685433	2.36395442295873e-05	0.223650982611566	0.000504290597749465	0.00322537480141689	0.0366422823237814	0.00406296343918724	0.00251501477061791
Del3:U1:R4	0.000227897220997278	1.65032374844153e-05	1.93666889419256e-05	0.000168742193540106	1.57418924186911e-05	1.40847914005143e-06	0.000154577075675512	7.23513076810167e-05	0.000132186717651697	0.00114360802995239	0.000302125054834421	0.000347231036735585	0.000313993025638645	7.22354639400999e-06	0.00147417935261565	0.000356278092467215	0.0014705909738331	2.74076964740136e-07	0.000697425419525241	0.000346152374652784	9.12411966145079e-05	3.11988640900527e-05	0	0.000445993445650821	0.00132492335296018	0.000179953853537603	0.000576585421912136	0.000112251115932797	0.000465522631631907	0.000404244749582127	0.000740261382180005	0.00189308727493886	0.000109489717090737	5.42011489407789e-06	0.00042191955041554	0.000669253340874528	0.000177641071757458	0.00218136416319056	0	1.3161529507872e-05	5.17681144686355e-05	1.71306025224302e-05	5.15050570042123e-06	5.65364086609238e-07	2.8104253856203e-05
Del3:U1:R(5,9)	0.000352752977443746	1.34433788621231e-05	0.000120520423910334	0.000527750652758576	0.000124077190673503	0.00019782274848225	0.000140887906707548	4.54371729261638e-05	0.00199036454479771	0.00101219275919432	0.00079917629707136	0.0010099253234802	0.000968910458308212	3.15535787429059e-05	0.00172724214239708	0.00028281841679092	0.00201419287184594	0.000181941425093327	0.00103636639459939	0.000360099697015566	0.000358787092203897	2.45208463584026e-05	0	0.000203608132792733	0.00284724650026357	0.0012491325935096	0.00026924223452062	0.0004874616172595	0.000314544665125401	0.000167670085024854	0.000512980472490066	0.0020343194368478	0.00163423540694692	6.81850453674999e-06	0.00127400141401848	0.00396371127846024	0.000369087640708781	0.00220805573815335	0	0.000662525648571656	2.34789589980803e-05	3.0659240607197e-05	1.98096373093124e-06	3.02526606847159e-05	0.000237018787212152
Del3:U3:R2	0.00938186787773724	0.000193535057906185	0.00129833591870747	0.0129656564570449	0.0064749173550648	0.00174678656318165	0.00123091987049196	0.00126513208085537	0.0885179376216442	0.00683608995525834	0.00801487732088148	0.0272390740005902	0.00414568877611909	0.0028651513195428	0.00743584024570617	0.00840298722732848	0.00322731214266477	0.000529196939419078	0.00305784579247989	0.00192284565339925	0.00218789584888313	3.20075302997447e-05	0	0.0091462181297956	0.00159866404490954	0.0167637370659008	0.00556203533130668	0.000595842005056684	0.00109266721981845	0.00474756116877605	0.00278997592238106	0.00734809252263376	0.00153353190172149	0.000790155189488463	0.00564991931434281	0.0109602271706465	0.00372892166864304	0.00221218429111521	0.0053256516071513	0.00425727158641455	0.000550546487071264	0.000108456000075783	0.00436644025571865	0.000311498565568325	0.00329392401371522
Del3:U3:R3	0.00202503935546775	8.22641990649464e-05	0.000259608803977405	0.00354620940940459	0.00243749353940574	0.000609183907430481	0.000362380361127079	0.000456172217777787	0.0276390459826342	0.00121135681310636	0.00192468770565094	0.00588003327043446	0.000244576265413568	0.000813926337336473	0.000846452050355763	0.00190365990464115	0.00343411450586545	0.000178012988598718	0.00214078134951288	0.000154705659170973	0.000663256122958514	0.000150281484968891	0	0.000195450397505208	0.00111492394825637	0.00568223794270514	0.000624423713446898	0.000235845528857523	9.60910944964928e-05	0.000975871439144294	0.0036015575364363	0.000611299046039204	0.00204245632745806	0.000305542716808959	0.000637440321023738	0.00134702793646017	0.000910283813101076	0.000675018409265663	0.00679468042713279	0.0020325537103092	0.000189937758007726	0.000105534721831064	0.00149047711115267	9.82199356897215e-05	0.00128567482906761
Del3:U3:R4	0.000790609306308279	2.40068907856181e-05	7.76638578651048e-05	0.000571926097925352	0.000382365837526104	0.00021819195141423	0.000198875566559418	8.65390080794891e-05	0.00527626106121738	0.00025047424661059	0.000660319940130057	0.00164480222184768	0.00010998600653976	0.000319841051926206	0.000151943242374723	0.000506612856980019	0.00103838583593606	0.000181210553187353	0.00426410858081577	5.01743334014685e-05	0.0001069867089647	2.64772968657219e-05	0	0.000219308979476256	0.000194379663020825	0.00122620125417614	0.000387816024844289	0.000159706618067163	7.07573563558381e-05	0.000404828622436094	0.000492124823040956	6.57929755190079e-05	0.00139430423677895	5.33447707875146e-05	0.00072250563282932	7.16801480305902e-05	0.000283379804946422	0.000700701849202875	6.75415549416779e-06	0.00195478070441148	5.70723311193646e-05	2.62347803530595e-05	0.00156694231116661	4.1003101406974e-05	0.000438376679819667
Del3:U3:R(5,9)	0.000305904024295046	7.04327457254165e-05	5.91400150349292e-05	0.000608932120140544	0.00136871137859567	0.000485519438933965	0.000331686013316926	8.45856830640399e-05	0.00397943165287627	0.000209867828285119	0.000248531521076578	0.00345072533092012	5.285748746346e-05	0.000582642857536069	0.000118265003850847	0.00110879429108106	0.000725979040995697	1.37038482370068e-07	0.125680274659033	0.000260671478798234	0.000170568268596043	3.00771657991896e-05	0	0.000678880025639874	0.000181791850048215	0.00180787720422456	0.000246142567749703	0.000227828931975686	0.00020390273268383	0.000564316904741076	0.000389445001483111	0.000155326291203272	3.51448474612241e-05	8.28193555815102e-06	0.000827463478790987	0.000288048429916098	0.000932093396308462	0.00129502144999293	0.003502029623726	0.0096299982977901	6.07514813942575e-05	0.000233220106857522	0.00289418801089055	0.000116702227475834	0.000317339690115498
Del4:U1:R(5,9)	0.000337344907978205	2.06550456542706e-05	4.16533046696576e-05	0.000112672143652774	2.46600460636148e-05	4.89075848762595e-06	0.000592375404967706	2.1098892342447e-05	0.000467574109550891	0.000626587919800931	0.000198326248975491	0.000423597923009235	0.000545131370392567	2.38882690266452e-05	0.000744861214976435	0.000236279542250847	0.00207565651332493	4.56794941233559e-08	0.000540193708246828	0.000212698313613414	9.42630933604957e-05	2.76511671701136e-05	0	0.00020841337412648	0.00133649659056667	0.000577573862953574	0.000489903825944975	0.000288309840744112	0.000139309514120954	0.000220180728060179	0.000977094788241707	0.00108257467746621	2.23034608888537e-05	4.10844708971104e-06	0.00046994738149957	0.00376787252350746	0.000672456978296207	0.00114802576197846	6.75415549416779e-06	0.000146851889781931	1.05044290534047e-05	2.40509121506967e-05	8.32004766991122e-06	3.76435886812684e-07	7.9152979189055e-05
Del4:U2:R3	0.000115142873947357	4.59978747141967e-06	2.23382377056232e-05	0.000537480207638499	1.15868435613971e-05	8.84191312787549e-06	0.000171752306306124	4.11838449822182e-05	0.00195768018148987	0.000113939581209859	0.000219706011459394	0.000542431591539106	0.000271665936013865	2.41339379066001e-05	0.000309061226688883	0.000443864916294789	0.000806281283174613	3.65435952986847e-07	0.000361650615065607	5.93151127921651e-05	9.16550716975435e-05	3.42770128882351e-05	0	0.000277195375078141	0.00014908359187899	0.000803363496226315	0.000140786491592531	0.000159719124458555	0.000362399210920907	6.94429558003624e-05	0.000128825498878172	0.000430834659135582	3.24413976565145e-05	5.21415052810293e-06	0.000284650074388186	0.000788943484960401	0.00056304712038528	0.000552265968294729	1.01312332412517e-05	4.9371234823378e-05	1.66146786265485e-05	3.341034730368e-05	0.000339933376227801	8.91655872272911e-06	8.90323935931505e-05
Del4:U2:R4	0.000452498136810955	1.20314440991568e-05	4.67009955259954e-05	0.000605149867620898	4.41516167193761e-05	7.21697298314247e-05	0.000662861871268586	8.30573180710358e-05	0.0036157076909302	0.000228066068190287	0.000229056602210653	0.00111850142356869	0.000330935524903884	9.84427149950189e-05	0.00022625592989844	0.000398124644144163	0.0011585306359171	9.13589882467118e-08	0.000703098811540091	4.10093894894314e-05	0.000155957869525058	3.76942797743529e-05	0	0.00021126299398719	0.000196426509835022	0.00122088871515168	0.000523001136472754	0.000213865545987277	0.000157020557920453	0.000526054275895408	0.00118336781746466	0.000306255594346761	4.05517470706432e-05	5.6152390302647e-05	0.000417413506766924	0.00192197015473259	0.000561506282121695	0.000549625614656325	3.37707774708389e-06	0.000746454559653442	9.76339878602342e-06	2.38240167530486e-05	6.73527668516623e-06	9.83136895332296e-06	0.000315627025862825
Del4:U2:R(5,9)	0.000603551753303001	2.57868085462979e-05	7.13312490499855e-05	0.00220684425775077	0.000266125812176928	0.000288426875690111	0.000318847103291072	6.68156442307457e-05	0.00734418195627978	0.000125459358825179	0.000277190146164399	0.00136577541115997	0.000264359639412186	0.00047500683849072	0.000152763283447093	0.000306304587062371	0.000575486771036557	1.1419873530839e-06	0.000492299350727696	0.000147379415655478	7.73185605491562e-05	4.02507084372502e-05	0	0.000396655909631067	0.000307257071195089	0.00383254634904498	0.000945890862365707	0.000864823217905511	0.000280911045674785	0.000666669057765021	0.00101663679513518	0.000324777269919055	0.00124493863506875	0.000105909045030282	0.000992098927220911	0.00428516348870052	0.000252263144979127	0.00101211955924529	1.35083109883356e-05	0.0133972445147274	8.68435471246823e-06	0.000108682895473431	1.58477098474499e-06	8.04734695238692e-05	0.000924472630801595
Del4:U4:R2	0.00563411040075063	0.000211422231447218	0.0012036781057206	0.00825899613634477	0.00270321398096244	0.000702564221153864	0.000473424178966583	0.00119219552121362	0.0465136170745543	0.00446984694448281	0.00687414402038125	0.0174129967971023	0.00341200718894043	0.000775367339725256	0.00261679819072924	0.00666268742029003	0.00136907906569375	0.000354472874397242	0.0100113029076552	0.000948767207841227	0.00143056226771166	3.20075302997447e-05	0	0.00289661065096269	0.00202410145017504	0.0192947517023493	0.00153272459219833	0.000606284841868437	0.000351182216514559	0.00221688939886855	0.00370347620290477	0.00306252991239287	0.000500814076322443	0.000411538483677546	0.00229423563816733	0.0170819057922409	0.00110621846128995	0.00132838591869641	0	0.00102213554098292	0.000532735759592101	0.000103123958231053	0.00139974897227602	0.000130207042479337	0.00200467132879152
Del4:U4:R3	0.0012315686491624	2.51708370066469e-05	0.000120949355617539	0.00196265192098103	0.000522928100088709	0.000238861382794485	0.000837590083872093	0.000376473574971865	0.0114688713116272	0.000676959024969305	0.00119700541523946	0.00465652457255886	0.000459285856577398	0.000193222429874118	0.000444066379327417	0.00194866029516626	0.00055593360272388	1.82717976493424e-07	0.00102878044267019	0.000140591381933476	0.000265315230619793	3.11988640900527e-05	0	0.000173826811503345	0.000648101305963771	0.00514682815530018	0.000486249913713682	0.00029785221737569	0.000318017418811577	0.000782806676354053	0.00200708985519557	0.000287721469130026	3.64965723635789e-05	0.000151643974506511	0.001261252607598	0.00379030720901382	0.00036314145277884	0.00076306220149902	0.00328589664791263	0.00151357954026854	4.48518319730769e-05	0.000133017426871188	1.54515171012637e-05	4.08837783334183e-05	0.000813354276820285
Del4:U4:R4	0.000424588269046983	2.70707492231029e-05	0.000147335694971244	0.00141574768861044	0.000230385635827196	0.000185709827877807	0.000323098398001619	9.7833998149739e-05	0.00652070991265256	0.000413991723133236	0.000482881228561965	0.00239298372741886	5.50346583246218e-05	0.000124146510094156	0.000202597273672599	0.000993385569303508	0.000535936536348734	1.82717976493424e-07	0.026036208487867	9.75214178061029e-05	0.000167707661404473	3.67551835308396e-05	0	0.000209698496808761	0.000166419853512777	0.00249802309663327	0.000789746370286501	0.000403574997002218	0.000153981898445049	0.000233738710695149	0.000365011923113898	0.000338413025940747	3.71724348147562e-05	7.59900108149721e-06	0.00116222955083207	0.00280103341343313	0.000643977323410886	0.000742851494557775	3.37707774708389e-06	0.00185858009845743	3.99246307215418e-05	0.000107576780409897	0.00166797146144411	3.75768245805884e-05	0.000111741537157218
Del4:U4:R(5,9)	0.00039766556702386	7.03567492367583e-06	6.61127363758987e-05	0.000698041568082492	0.000524966213484834	0.000353291046613532	0.000432356672062693	6.92833945365231e-05	0.00714966306603593	0.000166168347390596	0.000375867788384908	0.00174873959660163	0.000121155115217812	0.000457561043051412	6.99014320999347e-05	0.000902343829256349	0.000489305586225423	1.82717976493424e-07	0.0368204748956984	6.32209781506507e-05	0.000114771212364737	3.1642326205045e-05	0	0.000225231718794595	0.000294887509900073	0.00204761393361976	0.000692430829224048	0.000139952772864572	4.3895606593266e-05	0.000305562654497402	0.000550695707169023	7.71561055370846e-05	5.81241708012552e-05	0.000145367481459169	0.000345426711892691	0.00132806872204873	0.000210805288611933	0.000596527896560354	4.39020107120906e-05	0.00645770500006688	1.92797874829197e-05	0.000141043851562989	3.76383108876936e-05	4.5609824353893e-05	0.000339804789918371
Del5:U1:R(5,9)	4.50575579756227e-05	4.20380576735833e-06	8.67718519279353e-06	4.28532371132507e-05	1.82416779100712e-06	1.29728341846842e-08	4.92299927481415e-05	3.42950193552143e-07	7.24908260527005e-05	0.000199920794348978	7.68646542411897e-05	6.75383445079104e-05	0.000215545469262312	2.54482113316503e-07	5.58193474778605e-05	4.26131245587962e-05	0.000735928853664218	4.56794941233559e-08	0.000106492621785829	5.1531940145869e-05	4.69170011408801e-05	2.26165678646117e-05	0	9.66635756672413e-06	0.000192043780201166	0.000137050057365334	0.000190977169893614	8.93894324694635e-05	5.23691255875357e-05	8.81193043629626e-05	0.000126199513819798	0.000299906275681282	2.0951735986499e-05	9.53940221357709e-07	0.00135104377005945	0.000434768732916212	9.80759066566385e-05	0.000547705357464757	6.75415549416779e-06	1.52256541134291e-05	9.99740834414382e-06	4.4528221788436e-06	7.13146943135247e-06	3.25297426717376e-07	6.62404494672486e-06
Del5:U5:R2	0.00111342631007939	6.94287921120893e-05	0.000162833551315582	0.00258358400106552	0.000110790042566167	7.01867394631944e-05	0.000227104163437454	0.000508464666855498	0.00653474707375225	0.000896874178091846	0.00107252304195347	0.00410430676692688	0.00259644842616165	7.31311087804736e-05	0.000944102918283935	0.00226954364643704	0.00257696900080105	0.00018102783521086	0.00104930429990238	6.05650775778672e-05	0.000184853045359051	3.16684122118093e-05	0	0.00082622213490838	0.000370567753779453	0.00457113721757046	0.00135265131342237	9.50360681826447e-05	0.000283532974707848	0.000295250094998767	0.000541219326306197	0.00108621223721503	5.60965834477231e-05	5.42011489407789e-06	0.000515887046014729	0.00725072177798543	0.000520937768644893	0.00091591467394777	1.35083109883356e-05	0.000136337983001328	4.64248962248863e-05	2.7851410061302e-05	7.52766217753872e-06	2.6765301808772e-05	0.000517337910339211
Del5:U5:R3	9.63763699858538e-05	1.26514154540004e-05	0.000103263665992032	0.000131599209534509	6.35868859001063e-05	9.36990747919214e-05	0.000139442466505962	0.0001340077881305	0.00159595758469567	3.79623854735176e-05	0.000299336903202443	0.000632325599433483	0.000206836785817665	2.47277295043386e-05	0.000193821891622297	0.000474769120525965	0.000410800589860407	2.74076964740136e-07	0.00229584334996409	3.14622067852816e-05	8.13629722061731e-05	3.07554019750603e-05	0	4.52586683759916e-06	0.000259908254545068	0.00104877590022487	0.000270476273480001	8.41992800420655e-05	2.08712496539184e-05	0.000161945097950245	0.000549972609834109	9.00267743185158e-05	3.44689850100467e-05	5.92418557922714e-05	0.000174087149741655	0.00134089678977778	0.000211001771343531	0.000356015683316561	3.37707774708389e-06	0.000623898072914305	5.27041527011171e-05	2.66885711483556e-05	6.73527668516623e-06	1.15160971109073e-05	7.21454369033092e-05
Del5:U5:R4	0.000249318027247983	3.21985122999377e-06	2.37310925272679e-05	8.90567703302539e-05	0.000150313678037988	3.42742279159357e-05	6.4449627811902e-05	8.70497056503221e-05	0.00155933950367552	2.91117134354708e-05	2.54760191137133e-05	0.00024843366892491	7.26686314985721e-05	3.68437220682126e-05	2.88522496841829e-05	8.03929964210356e-05	0.000138128084902065	4.11115447110203e-07	0.00056563557668736	2.49333924740222e-05	7.3681937576895e-05	2.05296873234711e-05	0	3.57599355069563e-06	5.72763186335756e-05	0.000377149922339422	0.000230668876110587	0.000118029068755588	6.40202142046565e-05	5.74166915615139e-05	0.000178224464179166	2.92204472915046e-05	9.59724680671888e-05	0.000159091212370974	0.000102210258371048	0.000651598871425628	6.39396173405731e-05	0.000282133787871012	0	0.000508551434841574	1.15574720649465e-05	2.28313493883382e-05	2.77334922330374e-06	7.73753311497618e-06	0.000123346689586908
Del5:U5:R(5,9)	1.94533780259391e-05	1.27234121274661e-05	1.92850323587159e-05	0.000157189993295562	6.55011360511632e-05	2.46168794964515e-05	0.000202191576433645	1.77402170773331e-05	0.000732140780110328	2.27933866547689e-07	6.91593089511226e-05	3.55760305899096e-05	4.40599399020309e-05	6.2237952345523e-05	3.26508307435509e-05	0.000109386106698857	9.16487097269152e-05	5.02474435356915e-07	0.000436947616735786	2.32352856561879e-05	1.60133138745094e-05	4.58070278780372e-05	0	1.50862227919972e-06	7.35803088192813e-05	0.000389832768668716	6.08342643257462e-05	6.88914569790892e-05	2.35973612975666e-05	0.000156189779818286	0.000129967231512247	1.78075186956594e-05	2.70344980470954e-05	1.43741446990946e-05	0.000161887860839304	0.000235893270661237	4.60493475687485e-05	0.000857778887473073	2.70166219766711e-05	0.0014208398075489	1.00624109991773e-05	3.86289414495859e-05	2.77334922330374e-06	1.21269176064901e-05	9.76741574940422e-05
Del(6,):U1:R(7,9)	1.33957700707363e-05	3.64383164040289e-06	5.00263894836015e-06	1.95644649832345e-05	7.87094620934555e-06	1.85326202638346e-09	0.000147009771090737	1.45381060310147e-07	2.26361299936079e-06	3.5952008770567e-05	5.30321948863509e-06	6.58399724902639e-07	3.75256503148962e-05	1.79569629742814e-07	4.55735469529644e-05	1.5062409773144e-05	0.000319509163939869	4.56794941233559e-08	5.58017480894049e-05	2.80923544456208e-05	3.11745319898279e-05	1.88080108770301e-05	0	1.39687248074048e-06	5.70757630379482e-05	2.09139194507453e-05	0.000188287350599338	5.67665105252039e-05	5.19176676083328e-06	3.06267851580764e-05	8.80656438416807e-05	7.23211163501101e-05	1.28413865723703e-05	6.61254017077503e-06	0.000131664397342489	3.79184288228831e-05	3.88311924816193e-05	0.00026705976891721	0	4.67892556348012e-06	4.31747634732141e-05	4.28265063060754e-06	7.92385492372497e-07	2.5569230047654e-08	8.47616277722358e-06
Del(6,):U2:R(4,9)	3.25730178195152e-05	2.79987063477719e-08	6.81325635835668e-05	0.000212296042888889	7.09398585391659e-07	7.83763043577829e-05	0.000128219048470116	6.19136930946472e-05	0.000649615523261681	7.3476761220313e-05	2.73050061274352e-05	0.000149329546696952	0.000278933354564452	2.63108065469179e-05	0.000225652681293478	3.00351369250133e-05	0.000614192516727486	0	0.000122066323945573	2.66886154332067e-05	6.56205030551209e-05	2.86946074406839e-05	0	0.000444484823371621	0.000205640269845902	0.0011137233709822	0.000700654541976799	0.000756430323716936	1.91175090423995e-05	0.000128224544942578	0.000195540742462643	0.000156758000314116	4.32551968753527e-05	1.43091033203656e-06	0.000325314370729356	0.000341034931093994	0.000139544104220232	0.000452460600763024	3.37707774708389e-06	0.00206871600640232	1.69006903086957e-07	3.71257594401674e-05	2.37715647711749e-06	4.85815370905426e-07	2.22733511333623e-05
Del(6,):U3:R(3,9)	6.69995601244685e-05	2.91986509055336e-07	2.44012396584366e-05	0.000803786605797476	3.18778951625998e-05	2.4251786877254e-05	9.53990533046887e-05	4.4512698491371e-05	0.00089369925668056	0.000101991287925429	1.37047598355382e-05	0.000162572359345562	0.000281210497556994	8.11698792604325e-06	7.85637050368063e-05	0.000116904499782389	0.000449582123025417	0	0.000301911243623119	8.67220735415837e-05	7.45431629335058e-05	2.68685869671858e-05	0	1.15102292413016e-05	0.000145184555152234	0.00053442797639538	0.000341472077361902	0.00012586432296225	0.000125696319671144	0.000247539341788909	0.000249202176264185	0.000258521393983972	3.04138103029824e-05	2.18972641720747e-06	9.18793290303181e-05	0.000429041710779747	0.000119285700472831	0.00142012620602353	0	0.00057838886628401	2.21009027113712e-06	2.30298828612803e-05	5.54669844660748e-06	5.64085625106855e-06	0.000169091821038073
Del(6,):U(4,):R(2,9)	0.00216950726484953	4.56738896836011e-05	0.000419151688847781	0.00600133378659258	0.000109754095425595	0.000112240961365888	0.000769739420291753	0.000493755085727707	0.00495554574625917	0.000613132983658621	0.000951926212507682	0.00295727718255076	0.0045420949390622	0.000160956080883092	0.00193893527394137	0.00182746917961699	0.00853559674862209	0.000362009990927596	0.000959285408471287	0.00257215293214147	0.00154455137789742	3.75899357472959e-05	0	0.0020299909639113	0.000312554098397247	0.00762408527660743	0.00293251040931144	0.00222494330727718	0.000158288113015907	0.00179327068640479	0.000917001593934873	0.000957661735849171	0.000790083205426364	0.000246723629978426	0.00094176312256076	0.00100185938858219	0.0024685366514234	0.0661723988664146	2.70166219766711e-05	0.0024065067159248	5.07670735811204e-05	0.000258604029469401	4.75431295423498e-06	2.78718812647233e-05	0.00292173113034681
Ins(2,4):M	0.00472384349046343	0.00848582792080675	0.00144529524253081	0.00378363267307162	6.85864568828666e-05	0.00145257380344517	0.0123390427937876	0.00783004125004928	0.00253274830347382	0.00339635820989649	0.00234434835452385	0.00495141283116468	0.00455588553918532	0.00236083827681639	0.00263166261338588	0.00139070947575772	0.0154616516030761	0.000360502567621525	0.00229547369552686	0.0315845429697297	0.0401353018510426	3.87377200449232e-05	0	0.0208072537241179	0.00256208593675142	0.0298188780603503	0.0201117402995861	0.153420280434316	0.01199746106978	0.00614369973854704	0.0250346572941074	0.00160592943516631	0.012516296733354	0.00257058705058453	0.00580103663182689	0.00337594099245876	0.00526781578730475	0.00422370170571166	0.00337707774708389	0.0220387349976616	0.000277041315752542	0.00390912408222939	0.00467665917598248	0.000345139149234355	0.00440244921970101
Ins(5,):M	0.002266066571144	0.00177433001885581	0.00243960774606475	0.00737374360406217	3.92759089816842e-05	0.00134761986836702	0.0145394279100729	0.0067473996770781	0.00403308204146478	0.00276429987729841	0.00155570769693246	0.00451207316927823	0.0135639077612128	0.00363420507921863	0.00514500366836419	0.000228943717360624	0.0285242723677094	0.000545002044385759	0.00162559556754115	0.0457496843278739	0.0210399697883362	3.5476969199391e-05	0	0.00367830049118506	0.00509726793021883	0.0599766288631321	0.0809038352002672	0.236097995380539	0.00427089666586996	0.00813778477289473	0.0310966105992216	0.00426692322893933	0.00237835996569322	0.000608754784213464	0.00817165520501345	0.00570353672713894	0.00995723811876678	0.00409326823597445	0.00719992975678286	0.00772349112236053	0.000131487370601652	0.00665651536657589	8.71624041609747e-06	6.79956852606141e-05	0.00178915454011038
Ins2:U1:R0	0.000287983169307347	2.35589114840538e-05	0.000228760448571073	0.000630788061232477	1.73408543095739e-06	0.000104868685024935	0.000777221698982317	0.000660249949258282	0.000556779785251311	0.000596610057672579	0.00033250983909464	0.000679692970551194	0.00145832680448205	3.01357498258568e-05	0.000418890175829719	0.000203636135757094	0.000866489017940281	1.82717976493424e-07	0.000670746012316597	0.00170952565255499	0.000445500008498134	2.97641337180185e-05	0	0.00134440595036387	0.000248364510408517	0.00339145766588958	0.00189645757547594	0.00672848859409601	0.000788506088214715	0.00041319241150006	0.000739119649545929	0.000142851747472272	0.00123953173545933	5.41794684812026e-05	0.0457154613677645	0.000533906257238159	0.00099248598328387	0.0011216702320242	3.37707774708389e-06	0.000696299249229013	0.000130707338741251	0.000253754140344673	6.33908393897998e-06	6.96477416242486e-06	0.00013990680195372
Ins3:U1:R0	2.15036453338539e-05	1.83991498856787e-07	5.51163165036684e-05	8.71761795927701e-05	2.8150737515542e-06	9.14028831412323e-06	0.000130939877084867	4.18175572963906e-05	3.58037324411091e-05	7.66336452719985e-05	1.11003497560909e-05	6.51516455051384e-05	0.000341490915775409	9.47422586373127e-07	4.41785345539905e-05	3.90781345702167e-05	0.000356818254751322	3.19756458863491e-07	0.000181194961970032	0.000174656766699525	3.84203891420907e-05	2.78859412309919e-05	0	2.29087086841439e-06	7.73259795023215e-05	0.000293198356286976	0.000363241295879737	0.0014341391668212	5.00076530809359e-05	7.50238703525645e-05	0.000231581435944955	4.66205230781492e-05	6.55586577642065e-05	4.35777237483863e-06	0.00254360668789196	0.000128650162589697	0.000127217398111553	0.000858066926051808	0	9.00082321373756e-05	1.98908124402341e-06	0.000135286380847669	1.14895896394012e-05	3.01148709450147e-07	1.93361101504067e-05
Ins4:U1:R0	2.24321333908052e-05	0	9.37642834786451e-06	6.02842588228691e-05	0	9.08098392927896e-08	0.000143948838899143	2.53484925668975e-07	3.13455190338314e-05	1.6518367308711e-05	6.24552708372314e-06	6.64385176947208e-05	0.000110777452579851	4.42864976420927e-07	2.18677619298609e-05	2.54218201806303e-05	0.000119506019842373	1.37038482370068e-07	8.33168957648257e-05	0.000319279230147523	4.76717145275921e-05	2.03470852761213e-05	0	5.02874093066573e-07	6.21309437865552e-05	4.84046277191205e-05	0.000217547571237791	0.00122928447583137	4.08048558125692e-06	5.16234596078693e-05	2.33294034896068e-05	2.53112589366802e-05	2.9737947851805e-05	4.33609191526231e-08	0.000635681864965741	0.000342247304731753	0.000218406067965859	0.000314538127978709	0	9.98511160780092e-06	0	1.36137238588849e-05	1.98096373093124e-06	1.86087174235704e-07	0
Ins2:U2:R0	0.00106929724016072	0.000393153834720221	0.000922332694725354	0.00102745574505115	5.87336987524269e-05	0.000121562869358597	0.00305268467985583	0.00108946702736677	0.00198833557460926	0.000977102340439302	0.000414067488585785	0.00127741517535201	0.00317354310855928	0.000117756915906988	0.000521310478040869	0.000514541227760808	0.00110296759063435	1.82717976493424e-07	0.00144790428675875	0.00247823422478977	0.00301037215084475	2.97380477112542e-05	0	0.00755981799086825	0.000579133775843919	0.00970173186754778	0.0060402929145725	0.0124341919938184	0.00124845495018031	0.000765214663091676	0.00259055328896256	0.000850273366463195	0.00613953450649538	0.000306258171974977	0.0359193224756731	0.000506044756400882	0.00169782796613175	0.00168545774346833	0.0185300255982493	0.00158568896752239	0.000355395516129856	0.00179207657447396	0.00472657946200195	2.29313378144044e-05	0.000406655348788607
Ins3:U3:R0	0.000353940337635535	1.41993439335129e-05	0.000215140693640556	0.000319020884181386	2.46600460636148e-06	7.86005490629753e-05	0.000958837009016911	0.000151103109735175	0.00108054394675585	0.000558203201159293	0.000167545324670826	0.000499949845652774	0.00305542603533396	6.5055983712898e-05	0.000288946656017192	0.000195322343234874	0.00220880427850173	4.11115447110203e-07	0.00380719962446966	0.000865735715740732	0.000971516979841529	3.09640900291743e-05	0	0.00689920905727647	0.000243297532271932	0.0044223995743513	0.00218420075345791	0.00589788286303715	0.000155700911519706	0.000276520667085807	0.00151542172520825	0.000295272744377098	0.00106786267286027	3.33879077475198e-06	0.0140860023490775	0.000844701125881748	0.00124869946528776	0.000494418220398767	0	0.00113863823470929	6.74337543316957e-05	0.000687493054873688	0.119278580552324	2.51430762135264e-07	0.000172464854451734
Ins4:U2:R0	2.05648023915091e-05	8.91158824897654e-06	1.4843665097245e-05	5.76293071934803e-05	4.50411800248672e-08	6.64209110255832e-06	0.000129749514565913	1.18168707995684e-06	5.78739591848768e-05	1.3507360931616e-05	1.1681917055385e-05	4.44494632459838e-05	6.23437319299505e-05	3.13530776839293e-06	2.18771876893134e-05	2.22081929182853e-05	0.000260914619693908	2.2839747061678e-07	0.000107890879874474	0.000333498952569052	3.07271817162526e-05	1.33038634497716e-05	0	0.000697653991781026	3.19591240326171e-05	0.000364211536158317	0.000300575254973659	0.00120416538872191	4.23502312029176e-05	5.81143058805391e-05	0.000371063106074497	1.33460188419483e-05	0.00199582181832682	1.00814137029849e-06	0.000511271098862488	1.33592028465517e-05	7.88102577636274e-05	0.000135378132005488	6.75415549416779e-06	4.51372265777034e-05	7.80031860401338e-08	3.57076632048669e-05	3.16954196948999e-06	2.84102556085044e-09	5.29487803307283e-06
Ins4:U4:R0	0.000460336785053841	0.000135009762008956	0.00011451538000947	0.000746130959798148	1.53590423884797e-05	4.06846612651961e-05	0.000505734018766745	0.000274170041147462	0.000295429101453161	0.000307154561205004	6.60424453673698e-05	0.000485128370027409	0.00174077584566669	5.5112453172661e-05	0.000384806629649384	8.40763897948198e-05	0.00114856999646657	3.19756458863491e-07	0.000462839499273814	0.00173293887695923	0.000584492042817873	3.57900012805621e-05	0	0.00340289311288227	0.000168885507600196	0.00373915325794146	0.00389074166127096	0.00819360609239352	0.000386760578029433	0.000257624418357427	0.00258602441618073	0.00044060310287921	0.00419440237200686	6.55400292991899e-05	0.00564816085828482	0.000214774876533023	0.000855216942271615	0.000954511843498271	3.37707774708389e-06	0.000332517345247509	0.000116133743482753	0.000452514508684393	0.000312992269487136	8.84979462204913e-06	7.89089354278598e-05
Ins(5,):R0	0.00017044141357716	7.25326487014994e-05	0.000551963774984705	0.00278511800788528	5.2923386529219e-06	0.000140805288978536	0.00231585028062371	0.00116664200407449	0.0012250977207943	0.000838502594207648	0.00016904728543509	0.000168318393308348	0.0119657199449304	0.000319565638383656	0.00446649979993354	3.16302064033998e-05	0.0029401425765931	0.00018226118155219	8.17097025594857e-05	0.00686237257674445	0.00208431143655691	3.59986893346761e-05	0	0.00315274118903127	0.00181813675215974	0.0151535670101817	0.22360858250958	0.032948969821027	0.000555675317325039	0.00200360898635525	0.002302303856613	0.00288823375841739	0.00313735349836543	5.41469477918381e-05	0.00881645906078004	0.000839516785278376	0.00105680822489124	0.000898296314215141	3.0393699723755e-05	0.00154554794361185	4.35907804654281e-05	0.000671099862393614	0.000371232603176515	7.23325107792523e-06	0.00020238636274398
Ins2:U1:R1	0.000511510628668563	0.000181767601609735	0.000220355451988978	0.000612456252362887	2.04712163213022e-05	0.000166439609327472	0.000825176303317294	0.00309034656041533	0.000301640234683114	0.00283651160555939	0.000954700878521125	0.000576017459324196	0.000696022640688594	7.89930106201148e-05	0.000892119854903252	0.000654343622525095	0.00120404642749324	5.48153929480271e-07	0.000523414611183079	0.0054061921594722	0.0010665317433896	3.01554238194823e-05	0	0.00525011728141348	0.000571960963953246	0.00464159896934053	0.00134404196349481	0.0173231842633178	0.00199594781736129	0.00137163107543306	0.00499108420986051	0.000668863938367831	4.05517470706432e-05	0.000114050057601187	0.0253457261989401	0.00136509807687059	0.00313707431628404	0.00122185965099422	0.0036911459775627	0.000984419681140741	0.000187090641717261	0.000246124782598757	0.0015788280935522	6.47327674039773e-06	0.000144770245480395
Ins2:U1:R2	0.000178200674365363	6.83168434885634e-05	8.49735299344911e-05	0.000318315004184683	6.82486480326801e-05	3.51044893037555e-05	0.000398771443849367	0.00109706039197835	0.000103449874574446	0.0049502221269094	0.000795690264680229	0.000997026674324155	7.29352238489185e-05	5.28133009194508e-06	0.000548890250198961	0.000102926822666568	0.00331183682982815	1.37038482370068e-07	0.000317388514190544	0.00123990136095111	0.000291273719283717	2.57208026695585e-05	0	0.00582356137220707	0.000148358052518338	0.00182930220337892	0.000586602347527738	0.00238956493716114	0.000392178073779868	0.00119329204098572	0.00194513183091975	0.00140515062389073	4.7310371582417e-05	5.49274443365854e-05	0.0022998407168522	0.000131733055554285	0.000966136614856928	0.00249547023330117	1.01312332412517e-05	0.000169411385912631	0.000131162357326485	0.000309144979295511	7.13146943135247e-06	1.16183740310979e-05	0.000176613598392051
Ins2:U1:R3	0.000427573927668778	4.08981103437097e-05	0.00023738976611164	0.000996254795644659	6.90481289781215e-05	9.29596232433944e-06	0.00106928564559694	0.00176625314030546	0.000234173525287532	0.00288315143333237	0.000899433442362705	0.00117346283696795	7.11857115497706e-05	5.87633350927081e-05	0.000332210891904288	0.000322670597794758	0.00371081457373205	2.74076964740136e-07	0.000979793193771426	0.00111058162983563	0.000340470076580433	3.13814661374025e-05	0	0.00368182060983653	0.000514419204090164	0.00259453646382205	0.00100355326092867	0.00291110647096199	0.000126911783461306	0.000232123581891318	0.000681690498051938	0.000776882712476922	5.60965834477231e-05	0.000102830419770446	0.00165086052794786	0.00167488840735717	0.00184430067193992	0.000705214453603058	0.000131706032136272	0.000139977552535509	6.0608475553184e-05	0.000164981316014861	5.54669844660748e-06	1.8159835384956e-05	0.000120766798397131
Ins2:U1:R4	0.000214718903519805	1.70112140138677e-05	7.81763233183514e-05	0.000380827525982218	3.33867746934328e-05	8.19178880902017e-05	0.000356768652109157	0.000551255158940118	0.00032498029310945	0.0015860572963241	0.000491375482536292	0.000768075651804318	0.000291557613154811	5.90222238227054e-05	0.000324604304026099	0.000264327782054524	0.00237676014784534	2.74076964740136e-07	0.000242573670481967	0.000684954341268734	0.000288014453004811	4.04593964913643e-05	0	0.00295310017408384	0.0032002243485677	0.000414620134294262	0.000795270622815606	0.000891124159001458	6.69894186063371e-05	0.000352098079234989	0.00187697039266545	0.000228724867690555	5.0689683838304e-05	3.4580333024217e-06	0.000461045197705962	2.67414985242988e-05	0.000123473885014789	0.00124960736741236	3.37707774708389e-06	5.92031781742294e-05	6.44306316691505e-05	0.000678190343570116	5.94289119279373e-06	5.05418447275294e-06	0.000128632851771367
Ins2:U1:R(5,9)	0.000887030547464171	0.00095201201323694	0.00282170424060085	0.000692763271390731	0.000819467969077428	0.0014115184897747	0.00102226632609828	0.000973016798058341	0.00100903309950165	0.00133325812427473	0.00056900881703394	7.05011432699723e-05	0.000985705776380032	0.00132169637084898	0.000394486884607129	0.000517080100063086	0.00459969337687201	0.000547560096056667	0.000349709169549931	0.00159252982732314	0.000340101849484497	3.48509050370488e-05	0	0.000220594102158537	0.00230339871186208	0.00164934834984132	0.00120819162773981	0.0028211667572713	0.000393185172348859	0.00082821985196973	0.00161954774143592	0.000257579748149805	3.71724348147562e-05	0.00575006980836978	0.000364000404005279	0.000574203247674171	0.000289119168948365	0.000941214062446668	1.68853887354195e-05	0.00557610862856162	0.000604953709334258	0.0558968724114426	5.54669844660748e-06	0.00487022806768787	0.00026789903885195
Ins2:U2:R1	0.00219794868339703	0.000342224187873623	0.000386953653364949	0.000796875303143194	5.45448690101142e-05	0.000140236337536436	0.00227920412021879	0.000330932025899837	0.00126494559109402	0.00735059367552311	0.00233369303017939	0.00395320403006172	0.000314531764346636	0.000177505129827856	0.00111099541515036	0.000606963439585445	0.0127611923266525	5.02474435356915e-07	0.00159340348763819	0.00206113261870672	0.000775556257621597	3.19553582862161e-05	0	0.0461359042938966	0.00343505135627137	0.00602834649778262	0.00406176210736833	0.00513196018825421	0.000526191638529403	0.00570484725252979	0.00436579530393189	0.00371749212506229	0.00173020787501411	0.000624202111661586	0.000638759163067235	0.00233297636434871	0.00326536719882119	0.00342732304193895	2.70166219766711e-05	0.00126731780486314	0.000242992925046024	0.00120685662009015	8.47852476838572e-05	3.17683478214296e-05	0.000879690600622289
Ins2:U2:R2	0.00110742392817962	0.000332148653403618	0.000211519646536846	0.000912281414842898	6.30576520348141e-05	8.52018684009532e-05	0.00208372958942781	0.000170278498818134	0.00041418596880987	0.00346208294031551	0.00105740060646951	0.00351491182228307	0.000265245503576357	0.000310148698536775	0.000768067434748554	0.00047935361071351	0.00512578836837234	2.74076964740136e-07	0.000790031892016932	0.000708888201269128	0.000213355648503987	4.31462551880828e-05	0	0.0323689996225092	0.00326834246675313	0.00277952041760054	0.00135569784710334	0.00176547099395146	0.000417442356846799	0.00127316129774978	0.00104335333877255	0.00176073284130301	0.00110368338277267	0.000554130866310947	0.00105155672268192	0.000319847258472194	0.00141696107191051	0.00376701653912718	2.70166219766711e-05	0.000837936124548141	0.000436050810495355	0.000714663778742045	0.000140648424896118	2.86730504728831e-05	0.000657109616639413
Ins2:U2:R3	0.000510837561117985	0.000981626644922498	0.000269193597399667	0.00106658994277879	0.000225712613399616	0.000213966513994076	0.000456589051912815	0.000742681010454136	0.000410900969457139	0.000622694809360297	0.000352773666644825	0.000698307726409805	0.000144026517274608	0.000542637387999379	0.000469167176749494	0.00031330623742332	0.00124649823976013	2.2839747061678e-07	0.000126148594687137	0.000592757905256202	0.000454997833013972	4.05637405184213e-05	0	0.00942872162030056	0.00144932680918902	0.00201826719905929	0.00198005407404465	0.00359391792175391	9.3017707484227e-05	0.00198076970017151	0.00070756977109098	0.000600027590675655	0.00125642829673876	0.000730685688870641	0.000929234123147535	0.000434826464994201	0.000592012811501396	0.00107808039377562	0	0.00167385188684985	0.00239731091816445	0.0017210015911607	2.25829865326162e-05	0.000149689375262869	0.000284576815175052
Ins2:U2:R4	0.00208435213900177	0.00267584036547175	0.00207123331183353	0.00234294213532397	0.00167865099864178	0.000642659379413045	0.000286367211702488	0.000328639478410331	0.000426746260452664	0.000192720363504736	0.000401996174295221	0.000463737860783129	0.000405753557227124	0.00225183510494582	0.000494701559106388	0.000210894022178828	0.0017837015096042	0.00054513908286813	0.000251140010266429	0.000353375369758915	0.000624084063628851	3.92855261869727e-05	0	0.00159846911716095	0.00092065046172735	0.00137187241917359	0.0012486835310945	0.00160089313643738	0.000241738384094719	0.00107384075438132	0.000676248239162845	0.000301041456897231	0.00130711798057706	0.0076072396561362	0.00244854015725653	0.000588924927561252	0.00142942221357239	0.00114418524759532	3.37707774708389e-05	0.00338314763773046	0.00400222647094021	0.0202462733990842	1.14895896394012e-05	0.00140591985263191	0.00182032241475445
Ins2:U2:R(5,9)	0.0173240201033887	0.00742994470683477	0.0175584179854695	0.0149824609628476	0.00960965962155049	0.00619740829237572	0.00152774526718239	0.00145563345793459	0.00100878465417245	0.000436978853574571	0.00148161939440703	0.00549783223012848	0.000912998266830367	0.0176287174026907	0.00179482483767169	0.00167112781477929	0.00267618563115397	0.000888511840193396	0.0128379218136828	0.00581515691218752	0.00254592822770032	3.76160217540601e-05	0	0.00329455168327604	0.00365089046802432	0.00664651084877629	0.00554716901821789	0.0217927121655522	0.00263434412749104	0.00453688164443043	0.00118420508806298	0.0020819800711298	0.00248176692072336	0.0481440513041192	0.00559101103639993	0.00393746627580664	0.00520557212617376	0.0038335054443852	0.00189454061611406	0.0193002616128416	0.00400931176033885	0.121708534823537	0.00299878289588372	0.00426316482840925	0.0173630424886899
Ins3:U1:R1	6.37412228539776e-05	2.31989281167253e-07	5.34935092350541e-05	5.37522349727855e-05	2.25205900124336e-08	1.06933218922326e-06	0.000163844898144505	8.76796902449994e-05	3.7032156568811e-05	0.000503977734307598	1.14594043495681e-05	0.000111696016966721	0.000121491132659394	2.59329391665388e-06	4.31039979764026e-05	2.68033596083627e-05	0.000148500142069034	3.65435952986847e-07	0.000382994140832523	0.000122920526509596	4.27417319208446e-05	2.29556859525471e-05	0	0.000695642495408759	3.8034778841328e-05	0.000515343184304958	0.000290577611216797	0.000619591642308802	2.88759469005543e-05	0.000150934924132585	0.000261342599939854	5.70850151246769e-05	5.88000332524326e-05	1.42007010224841e-06	0.00272176026726774	3.31959448434193e-05	0.000434040695296545	0.00113607216096095	6.75415549416779e-06	4.30366333395393e-05	8.19033453421405e-07	1.09477029365199e-05	5.15050570042123e-06	5.68205112170089e-09	3.31332985065454e-05
Ins3:U1:R2	2.56594060051156e-05	4.46379375487335e-06	2.13095524734651e-05	0.000159381381942042	1.35123540074602e-07	1.00854519475788e-05	0.000147349874667581	5.33846708897852e-05	4.89161248154552e-05	0.0010331170881434	3.05786400266499e-05	0.000136939660964693	5.76228257259008e-05	5.75614303930185e-06	7.14755339285066e-05	3.23914410339819e-05	0.000242162633250078	5.02474435356915e-07	0.000138572198164415	0.000350433888479381	0.000199983831482969	2.19122456819768e-05	0	0.000730676057225731	0.000131835810655037	0.000131226438637249	0.000103659272588023	0.00174734297962974	9.2722523420902e-06	0.000244938453621239	0.00208168305395516	5.11465347257876e-05	0.00412681612688912	5.79085075283282e-05	0.000341909799776698	8.79836868545582e-06	9.86136488694332e-05	0.000412615264038004	0	2.5553570867736e-05	4.06006583338896e-05	3.01487259624889e-05	2.77334922330374e-06	4.14789731884165e-07	1.08163681301126e-05
Ins3:U1:R3	9.2589933560294e-05	4.34779911428972e-06	2.98262402440879e-05	0.000106487792039872	5.33737983294677e-06	1.44369111855272e-06	6.7935689474551e-05	3.8268768337025e-05	0.000103932962714553	0.000629494076599414	0.00010899414039929	2.73609976587381e-05	2.81643710126306e-05	2.76735527554569e-06	3.34331687781106e-05	3.95660507359614e-05	0.00041411358515591	9.13589882467118e-08	0.000113516056093164	0.00012918353108611	1.95555976734317e-05	2.42078142772315e-05	0	0.000907520113287476	0.000110653600540396	0.000293171457355207	0.000142059094269393	0.000288591234550417	4.48853413938262e-05	0.0001424043142532	0.000656229860312057	0.000156674248160596	2.90620854006276e-05	6.87270568569077e-06	0.000302674248982651	6.55720941794011e-05	7.98443774036172e-05	0.000273204591930225	9.11810991712651e-05	1.64582938955462e-05	3.99636323145619e-05	3.19922510683795e-05	2.37715647711749e-06	1.96030763698681e-07	6.78528814608592e-06
Ins3:U1:R4	9.365993838429e-05	1.7659184075059e-05	2.62305348386156e-05	8.93254261498945e-05	5.65266809312084e-06	1.51967486163444e-06	4.14076104807339e-05	0.000108681661880573	6.89711838890602e-05	0.000321482484056191	7.0738812021959e-05	0.000118601732263143	4.80532711499271e-05	6.85669555533296e-06	2.82207238008636e-05	0.000163111335093695	0.00112433965832495	1.82717976493424e-07	0.000103728249472644	9.34881395169131e-05	5.93849880173273e-05	2.14948695737487e-05	0	0.000913442852605815	0.000126114077485669	4.3804910386545e-05	5.63319503098787e-05	0.000251278415834412	4.28537804874131e-05	0.000196029623646098	0.000282160191634495	8.02639895041801e-05	3.58207099124015e-05	1.40922987246025e-07	0.000241457997463647	9.13321473778945e-06	0.000148851180980141	0.000260386875176514	1.35083109883356e-05	1.72022540007293e-05	2.66770896257258e-05	3.93096276425302e-05	3.96192746186249e-07	2.32822044711694e-06	1.52832405448448e-05
Ins3:U1:R(5,9)	0.000102427074684128	7.75164184314028e-06	0.00022271786141356	0.000209888676034463	6.190910194418e-05	0.000156930521870099	5.68823232271272e-05	0.00011791895078951	0.000162510850332158	0.000384271426274083	0.000109201481784256	0.000266621961325346	0.000402379497793053	6.11186717085985e-05	3.91734562846991e-05	5.69153673516114e-05	0.00338389989089635	4.11115447110203e-07	0.00015419411612032	0.000213640729945692	5.73125694030094e-05	3.29727125500222e-05	0	0.000239368068299689	0.000506632928024631	0.000546935979668173	0.000343332776730344	0.000561017958227552	0.000127172239987769	0.000128762921210521	0.000111356989576818	6.79003607873006e-05	4.79862340335944e-05	4.93989271446259e-05	0.000615129909787907	3.71101797310433e-05	0.000222015145509423	0.000727825482033762	6.75415549416779e-06	0.00104207658929243	5.13650980074281e-05	0.00741706873949226	3.16954196948999e-06	8.34352386710558e-05	9.02874757935826e-05
Ins3:U3:R1	0.00270612503896889	0.000327088887185056	0.00013001511351664	0.000878947022162793	0.000141159058197934	3.02100242920768e-05	0.0011784588937638	0.000206817605309418	0.000597483411684939	0.00362117622048847	0.00234133937588837	0.00443372360201481	0.000555245217683831	2.02197606398748e-05	0.000867443216656538	0.00162116178292621	0.0215712155189188	0.000179109296457679	0.000811536137104381	0.00318283212513363	0.0011240116887453	3.51639371182199e-05	0	0.077914138606851	0.000618483963444802	0.00383804718059183	0.00167263375921817	0.00196491041746885	0.000565017024740852	0.000900536675453903	0.00354660213898281	0.00199473069930773	0.00366182276047908	0.000456753082123944	0.00154930969059856	0.000132241097840585	0.000745176271380294	0.00176039578036924	5.74103217004262e-05	0.000144032864481409	6.40536162699566e-05	0.000154033613078341	7.52766217753872e-06	5.30447882466386e-05	0.000761765168873358
Ins3:U3:R2	0.000235746224125558	9.25157254034235e-06	3.74015308542596e-05	0.00017690722335271	3.02338920916921e-05	1.42849436993637e-05	0.000400131858156742	7.55310524103643e-05	0.000192973008195507	0.000952731651428023	0.000411677162700571	0.00102211320020596	0.000293296017439361	1.93296240703522e-05	6.00232361936872e-05	0.000457187056155102	0.00418578550057432	0.00018239822003456	0.000247330962369773	0.00049071113163543	0.000350728700881263	4.1241976694292e-05	0	0.0135279277273823	0.00015743614256747	0.000913823959537551	0.000163809030928487	0.000659993539698463	0.000397283021698546	0.000583433053635235	0.000559296759679057	0.000415984496887855	4.79862340335944e-05	0.000107556759958082	0.000925497404024293	4.16594674765415e-05	0.000659178882118737	0.000396533110058629	1.01312332412517e-05	7.37249876783431e-05	1.07124375495117e-05	4.74778619578611e-05	5.54669844660748e-06	1.05742971374853e-05	8.06259576048398e-05
Ins3:U3:R3	7.37923649426105e-05	8.1036255800837e-06	2.073983355383e-05	4.30902863658747e-05	0.000103346987567058	2.64071306139379e-05	3.11194772812086e-05	1.41541509230162e-05	0.000369617637255382	3.55212137627918e-05	5.16583474981635e-05	9.54754419259383e-05	0.000241260523056135	4.78250108367793e-05	7.74514654214082e-05	5.88350025069923e-05	0.000730244793108208	2.2839747061678e-07	9.48886868432737e-05	1.70557585170316e-05	0.000162022965411014	3.57117432602693e-05	0	0.000675136407391489	9.36240709940382e-05	0.000116028542187511	6.7862501836597e-05	0.000195643733730123	9.23231567469917e-05	9.108416521882e-05	0.000285547331782252	2.43945123913971e-05	3.71724348147562e-05	0.000371115266797513	0.00019463910491949	6.00644539392929e-05	7.41774017764728e-05	0.000241712373988523	1.35083109883356e-05	9.45266957173849e-05	3.98206264734883e-05	0.00065513209878413	1.18857823855875e-06	1.78700507777493e-06	5.05780695076899e-05
Ins3:U3:R4	9.21274153460506e-05	3.31544681309545e-05	5.7355771762728e-05	4.83738508188053e-05	0.00020474594409804	5.29124841152742e-05	9.20830434304615e-05	4.1828740454876e-05	0.000143187324727859	1.02205545759984e-05	4.34877483686612e-05	3.09672325155911e-05	9.84336713580857e-05	0.000137780582104567	0.000136984562123564	9.22567260353804e-05	0.000654511452938122	9.13589882467118e-08	0.00023450556059116	1.49402645124075e-05	0.000471598484322496	4.82851985206417e-05	0	8.15773528752441e-06	0.000867202395492662	5.56673392968713e-05	6.20008167795362e-05	7.33562387057906e-05	4.48332500885335e-05	0.000306320930931125	0.000136437049772007	1.44178200498287e-05	0.000122331103663107	0.000847781851042299	0.00016683351850242	8.40463591357388e-05	0.000272118242066932	0.000154388678202004	1.35083109883356e-05	0.000456857148121129	1.14144662238729e-05	0.00212538591361899	2.77334922330374e-06	1.22845945251173e-05	7.21672265248445e-05
Ins3:U3:R(5,9)	0.0006719388680702	0.000138825585702638	0.000537267467169804	0.000993979122819469	0.0010981715307763	0.000189394112786258	0.000171582254517702	7.14715658801656e-05	0.000373427132303087	5.19370108315564e-05	0.000142615473107754	0.000216254382370294	0.000165545518554126	0.000891429911518475	0.000197827839389621	0.000203973513237127	0.000989232245604077	0.000180982155716736	0.00114674842394215	0.000225457180881178	0.001049255501872	2.63207808251364e-05	0	0.00044470832296854	0.000283107818003961	0.000354581718584855	0.000665532636281285	0.000413342488678839	0.000149415227347727	0.000610549018905174	0.000283910848340077	6.30133094508409e-05	5.0689683838304e-05	0.0046313580942321	0.000938575920955642	0.000826353871496985	0.000347733070142991	0.00169381086225165	2.02624664825034e-05	0.00597792366948898	5.75403502356054e-05	0.00650937370120111	0.00157763951531364	0.000126902929752068	0.00103291957718268
Ins4:U1:R1	1.27192508916937e-05	0	5.62022552022149e-06	7.78733133675703e-05	8.06237122445124e-06	2.06638715941756e-06	2.96740370796224e-05	9.20001171398574e-06	7.82602786974127e-06	3.81675259534105e-05	7.50811811900212e-06	1.26816765194315e-05	2.31130013742975e-05	1.35172966683701e-06	4.74021442867545e-05	1.78703299392461e-05	0.000124616260951777	9.13589882467118e-08	0.000101542466713381	0.000166106919694336	1.97168872278499e-05	1.31473474091861e-05	0	1.173372883822e-06	2.32703477867616e-05	0.000117629028627793	0.000142531499808531	0.000318337686474673	2.08191583486257e-05	2.83671213855815e-05	0.000350930553960301	3.53445405711673e-05	1.96000110841442e-05	4.1192873194992e-07	0.000312235853798007	6.10920849274892e-05	8.34120901615822e-05	0.000412663270467793	3.37707774708389e-06	9.68971568368409e-06	1.3000531006689e-08	1.6535002103604e-05	2.37715647711749e-06	1.53415380285924e-07	8.4543731556883e-07
Ins4:U1:R2	4.85644124955578e-06	1.00755344700053e-05	6.21528613809397e-06	1.47760700802296e-05	0	4.96118244462852e-06	9.21680693246725e-05	1.64392429735321e-06	1.21738211307086e-05	0.000217371411171869	1.24067690516066e-06	2.24454451671354e-08	2.18161406700085e-05	1.54231583828183e-07	2.09440375035133e-05	7.97107679091956e-06	0.000200230506519737	0	4.54996396431755e-05	0.000192202405967368	4.83564343340848e-06	2.93206716030261e-05	0	8.32535998521327e-06	2.81249729397413e-05	6.48129760984834e-05	3.40131988179449e-05	0.000785657760398452	1.35958306813795e-05	1.71142991091306e-05	7.76378191171256e-05	1.36244381631084e-05	2.63586355959181e-05	2.8184597449205e-07	7.46244789612273e-05	4.93031946022262e-06	0.000156875949386462	0.000124528678873134	0	4.58775398196259e-06	3.83515664697325e-06	4.9916987482578e-06	3.96192746186249e-07	0	7.29952321431851e-06
Ins4:U1:R3	6.26815729153752e-05	4.39979671179273e-08	2.33856945661053e-05	0.000133216412213521	1.12602950062168e-08	5.04457923581578e-06	7.77136673088106e-05	0.000114001117600126	9.68936783872729e-05	0.000195384910404679	1.25601679624349e-05	9.39416698395174e-05	1.41099555428097e-05	5.58208168041004e-06	7.46048860667453e-05	2.25946823099693e-05	0.000640479943451284	1.37038482370068e-07	0.000168208840870885	0.00223976554755408	0.000117573998772647	3.27118524823796e-05	0	2.12324617072553e-06	5.92582798138929e-05	0.00102642288792446	0.000281900774783648	0.00749111583474735	0.000322288905845573	5.00083308040391e-05	0.000848079000591189	6.81154001003917e-05	4.86620964847718e-05	1.51763217034181e-07	0.000331578870435968	0.000112046416960188	4.24092464359842e-05	0.000697629437696367	3.37707774708389e-06	1.71730790946437e-05	5.20021240267559e-08	9.21762552945332e-06	0	8.9492305166789e-08	4.89394899682369e-06
Ins4:U1:R4	1.46487112033509e-05	7.5996488658238e-08	1.04398410924221e-05	1.25425393443946e-05	0	1.69721736376197e-05	0.000230930328676947	1.49332442974987e-05	1.06831491555198e-05	0.000113433568026123	1.44228690224926e-05	4.07758920536293e-05	9.41681937525443e-05	1.33300154594359e-07	4.6478419860407e-05	2.99144924463937e-05	0.000795638556457359	1.37038482370068e-06	0.000140549045806983	0.000135653032481352	1.68562800362804e-05	2.28774279322543e-05	0	7.31961179908012e-06	0.000116469712813589	7.20353392785801e-05	0.000171733874870763	0.000595798232686815	1.25192770386649e-05	8.8953408440058e-05	0.000191164100698687	3.62386513992829e-05	2.0951735986499e-05	1.82115860441017e-06	0.000193210359372367	6.9370864911048e-05	4.94309187915154e-05	0.000113775238600357	0	1.03425042073497e-05	1.69006903086957e-07	1.9314470724793e-05	3.56573471567624e-06	2.92199478933468e-06	1.86867794286554e-05
Ins4:U1:R(5,9)	2.02921237428134e-05	1.02875246752099e-05	5.30645775278494e-05	0.0001846613677941	3.47943115692099e-06	3.94559485417039e-05	0.000261029495227624	8.73665618074084e-05	6.74529068772938e-05	0.000131025503846273	1.71385354548484e-05	0.000101445930340396	0.000206145311908954	2.6054121125261e-06	5.33875015391087e-05	2.49360393153921e-05	0.00161465213527744	3.65435952986847e-07	0.000220699770957289	0.000459125905468779	6.57452742198595e-05	3.23727343944443e-05	0	1.07279806520869e-05	6.71094415133048e-05	0.00030226329629328	0.000171068650744222	0.00211070992830886	2.8042486015872e-05	0.000137043299866778	0.000360178588296312	3.2630518082786e-05	5.74483083500778e-05	1.20326550648529e-06	0.000223653629876432	4.88875236407086e-05	0.000230836186038537	0.000296391697518399	6.75415549416779e-06	0.000198159608996742	1.69006903086957e-07	0.00106093451747772	0.000806252238489016	6.60254340341643e-06	1.41196747548609e-05
Ins4:U2:R1	8.73262001519269e-07	2.58228068830308e-05	1.4778902979527e-05	5.982069583996e-05	1.73408543095739e-06	6.87930864193541e-06	1.51346091695495e-05	4.09191768980638e-05	7.2394208424679e-05	3.86028796385166e-05	2.07341384965708e-07	2.30963630769823e-05	4.3090765628376e-05	7.562855878432e-06	1.36767769656156e-05	1.3571970019578e-05	0.000269402816790884	0	1.70523199086574e-05	4.06117732746475e-05	1.51064405307991e-05	4.13984927348776e-05	0	5.75511462065078e-06	4.69359080707889e-05	0.000205938221626889	5.07884159220334e-05	0.000357789098118594	4.16730442341133e-07	0.000184230842337367	0.000127759881753035	2.10387673213176e-05	2.50069106935633e-05	0	0.000554682982794277	5.50764024010817e-05	8.16230631843998e-05	6.91772653262087e-05	0	2.2388093557447e-05	2.47920126297559e-05	2.58944372565873e-05	2.77334922330374e-06	2.41487172672288e-08	1.01757532569754e-05
Ins4:U2:R2	6.33926083790628e-05	8.803593238778e-06	1.31072894772701e-05	0.000224738494771065	3.6303191100043e-05	1.42237860524931e-05	0.000314680834474735	2.04241751138282e-05	0.000318272269221101	0.000519358711622236	0.000192215578077112	0.000256731001821695	5.76644807806424e-05	7.60471873689965e-06	6.17010213762369e-05	0.000179994088548666	0.000756445605575914	4.11115447110203e-07	0.000300946927699915	0.000145591241076284	4.88129142050799e-05	3.14597241576952e-05	0	0.00463644326317457	8.47052456826102e-05	0.000344481169705428	0.000375253893874963	0.000752803470213453	3.82523818532298e-05	9.95616957478443e-05	0.000137654897915021	0.000203517733052845	0.00183158724269072	5.96212638348568e-06	0.000455659926028348	2.74458298757592e-05	0.000278157500764473	0.000195914239969645	3.37707774708389e-06	0.000221255194026765	3.7701539919398e-06	3.71541213648734e-05	3.16954196948999e-06	2.79841017743769e-07	8.29356574875794e-05
Ins4:U2:R3	3.89723369927038e-05	3.6038334884775e-06	1.26417530948335e-05	3.77013666895556e-05	8.34387859960666e-06	4.76103014577911e-06	1.64950234769248e-05	1.93021315457934e-05	0.000316505546880136	9.43395480254229e-05	2.30486077775294e-05	0.000156369934664377	2.90946672351934e-05	7.9065719795348e-06	3.38384764345692e-05	4.93788242137731e-05	0.000310317226012149	2.74076964740136e-07	8.64027067190785e-05	2.59241378489812e-05	1.79792205189284e-05	1.54429160044408e-05	0	0.00214654600370428	0.00011216366620159	0.000307279947068282	0.000249883248345327	0.000214734740188974	3.27480672606407e-05	8.6162951163957e-05	0.00023645282851701	6.07282338027834e-05	3.17655352053372e-05	5.32472087194212e-05	0.000498522292442013	4.89568021342949e-05	0.000146172811112567	0.000211132278212815	0	0.00029810919038279	4.6229888259786e-05	0.000181317784645523	0	3.39502554521628e-07	4.17140514671384e-05
Ins4:U2:R4	5.63996091099796e-06	3.87982073676268e-07	1.83699154779183e-05	0.00012483540419297	3.45691056690856e-06	1.43627807044718e-05	6.18988509855734e-05	1.92685820703372e-05	0.000150916734969579	3.51770336243048e-05	6.52366796599421e-06	3.72145480871105e-05	6.70646381340002e-06	1.92503049700977e-05	1.09715840027406e-05	2.97949156180274e-05	6.35856907532396e-05	6.85192411850339e-07	4.78300697909185e-05	2.71213800426677e-05	3.69383511609265e-05	2.72598770686497e-05	0	0.00136429741448961	5.65094884150004e-05	0.000322612338176867	0.000101798573219581	0.000291286361895247	2.59241062673046e-05	4.18644419058529e-05	5.01601203903782e-05	4.26796447192903e-05	3.10896727541598e-05	4.90086788722523e-05	0.000519403958130722	3.59324453400768e-05	0.000230298443825742	0.000463886131052849	0	0.000422368762264675	1.04004248053512e-07	0.000631733510901672	0	3.89646655670638e-06	1.16051524296897e-05
Ins4:U2:R(5,9)	4.98967410828559e-05	1.16034638735552e-05	8.45323966688758e-05	0.000141544742622378	0.000109258642445322	0.000153392644661733	0.000150920962224441	3.95995641967871e-05	0.000270819211344257	1.27506204946777e-05	6.27755542774223e-06	2.11885002377758e-05	0.000184629087633085	0.000440319053633591	0.00010488042542826	1.82632252324498e-05	0.000347463915093431	1.82717976493424e-07	8.76081016230835e-05	3.07306808210658e-05	8.73519881136293e-05	3.34683466785431e-05	0	0.000710169969208461	0.000436656721232653	0.000781911598140181	0.000387305055587671	0.00109796736622251	3.72800108211005e-05	0.000177140957682056	0.000539773131636368	7.59134046645898e-05	2.43310482423859e-05	0.00082385746389984	0.00119728876848838	8.01783099105056e-05	0.000227009943370574	0.000454140825805645	0	0.00492101893417854	9.73739772401004e-06	0.0212775980671689	0	5.36513472038802e-05	1.51045656482555e-05
Ins4:U4:R1	0.00201048038660448	0.000154812847027216	0.000149653052487848	0.00072504937959812	0.000105497703913245	2.26931935130655e-05	0.00267117349253128	0.00033948341442167	0.000665847284769292	0.00252318003657094	0.00343397958929046	0.00504515997381275	0.000273757019761894	5.53768501735093e-05	0.000601523690981868	0.00122260260512897	0.0232311452565681	0.000360639606103895	0.00199216419381509	0.00393621599728922	0.000411215326987259	4.16593528025201e-05	0	0.121489408018853	0.00022702893425016	0.00543379940888252	0.00328669887251259	0.00428622172361185	0.000240366646388679	0.00185002767746897	0.00128772218021915	0.00145598818107718	0.00071371074844332	0.000107491718579353	0.0009720964895612	0.00156257642283824	0.00268926948857923	0.00145128237895671	0.00310691152731718	0.000344096136100237	0.000108320424347732	0.00014373823441006	0.00150751339923868	3.31263580395162e-06	0.0010092778378169
Ins4:U4:R2	0.000141275153052109	3.32864620323083e-05	4.04678763409936e-05	0.000215704284365506	1.9581653015811e-05	2.30934981107643e-05	0.000426574911256349	2.92700534757764e-05	0.000238673146249676	0.000269595618675275	0.000127100268983979	0.000386749983859854	0.000415353658843241	2.72383993582274e-05	6.92699062166154e-05	0.000162536939257435	0.00216805227101064	1.37038482370068e-07	0.000244984460289977	0.000257910133041419	4.68500507598009e-05	5.60066565228621e-05	0	0.00317386190094006	9.02913088902308e-05	0.000884100639932312	0.000210904970901747	0.00152956293313698	0.000124897586323324	0.000215494579699771	0.000208860956526855	0.000114657829954313	0.00179846998258302	5.64559167367153e-05	0.000377298727943878	0.000203459389247267	0.000412727489516354	0.000304264752003824	6.75415549416779e-06	0.000139642041115524	1.7303706769903e-05	0.000134662418504137	8.71624041609747e-06	7.84833311184935e-06	6.22485908019854e-05
Ins4:U4:R3	3.62006793357079e-05	1.81231626373935e-05	5.74834188353315e-05	0.000272058793355986	4.95227774373415e-05	1.19387139739623e-05	9.72696229773296e-05	5.17742960678882e-05	0.000177307149937736	3.76090879803687e-07	3.88116101418736e-05	6.62664359484394e-05	0.000104434776244528	1.66063349616146e-05	2.35926759096732e-05	0.000145744936073993	0.000469146118120105	3.19756458863491e-07	0.000132223785003322	4.07655475013595e-05	0.000107105393731159	4.27810510933832e-05	0	1.95562147303667e-06	0.000201794321365048	0.000191856630845583	0.000293749476979582	0.000478094330107401	6.06863706659274e-05	0.00013344906957093	0.000414753408205115	2.38071155309009e-05	3.92000221682884e-05	0.000361369900217961	0.000327292633794602	8.01436706637125e-05	0.000241446253544833	0.000480544362189694	1.01312332412517e-05	0.000337531782230974	3.89365903650335e-05	0.000472112598656246	3.96192746186249e-07	1.64722662018109e-05	5.69972920119831e-05
Ins4:U4:R4	0.000254536889486312	6.9196802830922e-05	0.000166954862314128	0.000213676196315278	0.000184601276331918	4.94987754626759e-05	0.000131535058344343	4.12695825306062e-05	0.000634874433729258	1.48954781788915e-05	5.4613383659504e-05	0.000445519641122471	7.73173356077363e-05	3.90822833420617e-05	3.98426852058285e-05	0.000146464532344697	0.000389406868605784	1.37038482370068e-07	0.000338362385520231	0.000143759131003743	0.000399502053497524	3.66508395037826e-05	0	5.02874093066573e-06	0.000142022855174109	0.000439837882828119	0.000203847810602786	0.000376723774685053	0.000328887137849308	0.000245332757366775	0.000281741556335334	3.7663569794976e-05	5.88000332524326e-05	0.000914460104469246	0.000314653730877752	0.000118223749304964	0.000383027573455845	0.000844817151429994	2.02624664825034e-05	0.000697243786813535	4.48128303800569e-05	0.00082638140015902	6.73527668516623e-06	1.89297533119465e-05	0.000421664040102108
Ins4:U4:R(5,9)	0.000757232059056535	6.29810900217166e-05	0.000236377036763557	0.000603369364345634	0.000263704848750591	0.000118560584875856	0.000342654353670138	2.0618016527575e-05	0.00138854714237009	0.000163891288063785	0.000228213751052255	0.00118407953253201	0.000143362813402392	0.000166224191124995	7.03067397563933e-05	0.000223056693864089	0.000477493567050932	9.13589882467118e-08	0.00156447400994207	8.46636956783098e-05	0.000804968777309384	2.47556204192809e-05	0	4.74936643451764e-06	0.000331099592298788	0.000186248203571654	0.00022446975852557	0.000452662583213151	0.000195446577457991	0.000445798298150154	0.000692841420111407	7.64962743816525e-05	4.25793344241753e-05	0.00231373864598397	0.00132950268334899	5.99605361989135e-05	0.000391414283736163	0.000759125674256307	1.68853887354195e-05	0.00233244986368973	1.76157195140636e-05	0.00125561076865978	3.56573471567624e-06	3.87231783943915e-05	0.00140853778905643
Ins(5,):U1:R1	1.05067570459472e-05	0	9.81568445064735e-06	2.71395055448638e-05	0	1.36029432736546e-06	0.00022319297230375	7.38088460036133e-06	2.76602466507258e-05	3.14617115995775e-05	8.90050823267427e-07	4.75918255693828e-05	5.50291043173229e-05	1.0906376284993e-06	5.40661562196906e-05	7.878191218885e-06	0.00031981231383619	0	4.94854787924187e-05	4.23384381631568e-05	2.55446135808878e-05	2.66598989130717e-05	0	0.000242664687354236	3.18470488468254e-05	0.000196994326813548	0.000808787205792579	0.000177609517343839	5.50431459258913e-06	0.000197796407736673	0.000194931818391136	3.02175506327322e-05	0.000125034553467816	3.25206893644674e-08	0.00189671466555649	0.000168127357518271	7.28847522264854e-05	5.54474264065032e-05	0	2.26105522163498e-05	0	1.60244874588958e-05	0	1.43471790822947e-07	2.08744574307974e-06
Ins(5,):U1:R2	3.39640240907099e-06	0	8.37120765111147e-06	1.62931852970233e-05	0	1.74206630480045e-06	0.000107727807965277	3.83955107998595e-07	7.97785557091791e-06	0.000175192249167219	8.15879921328475e-07	2.93436786485017e-05	9.20965490300614e-05	2.02704367317041e-07	3.42343583315754e-05	1.01597598101246e-05	8.84331554695149e-05	0	1.9205958803813e-05	2.88700126778502e-05	1.07698817563453e-05	2.65555548860147e-05	0	0.000227075590469173	8.23162746170491e-05	0.000183464164133516	0.00025760563277083	0.000129953912947212	2.5003826540468e-06	0.000109009820112034	0.000107665387393308	2.72692484716675e-05	2.83862229494502e-05	2.11384480869038e-06	0.000729759264068555	6.01452788484769e-05	0.000120743809165216	0.000170326812892012	0	3.20923966941739e-06	0	5.02006067296381e-06	0	7.10256390212611e-09	6.64147664395308e-06
Ins(5,):U1:R3	2.8441418547505e-06	0	1.21555679212406e-05	2.53010568967355e-05	0	4.818481268597e-08	5.92630482650339e-05	5.36791607299006e-07	5.91161858308675e-05	0.00018810242336848	1.05019254336289e-06	2.85805335128191e-05	3.38266814538408e-05	2.87531738422542e-07	3.14726108119852e-05	9.93341795643123e-06	0.000107694000667883	4.56794941233559e-08	4.65764590907533e-05	9.37539492516582e-05	3.26474403735722e-05	3.77725377946457e-05	0	1.39687248074048e-06	5.66392596827593e-05	0.000119780943169349	0.00025526288693388	0.000239128456597744	3.22966092814378e-06	9.32907496409542e-05	9.16430727617835e-05	1.8768404889419e-05	2.83862229494502e-05	3.14366663856518e-07	9.64952761825589e-05	0.000177526139814807	7.19540445504946e-05	0.000155012761789263	9.4558176918349e-05	1.87011148008777e-05	0	2.66885711483556e-05	0	5.68205112170089e-09	1.79110689019994e-06
Ins(5,):U1:R4	1.64849775464665e-05	1.19994455776165e-08	1.47132022803928e-05	0.000109053191729381	2.21827811622471e-06	7.67065152720114e-06	3.82616523949286e-05	3.12196507717304e-05	0.000120951467764626	0.000135012067172193	8.14194219011681e-06	7.14588155971034e-05	7.72784575566442e-05	1.72078381385445e-06	2.50442428653623e-05	9.72309085653689e-06	0.000160723578959959	0	2.53454368482118e-05	0.000504386053939465	3.38160288433197e-05	1.66167863088324e-05	0	4.0788676437622e-06	3.194142795065e-05	0.000218459674365567	0.000285641455379272	0.00108426036125762	7.63311260221508e-05	0.000115705401021809	9.65144653338384e-05	2.29288497048025e-05	7.43448696295125e-05	2.92686204280206e-07	4.76981205731556e-05	6.31935325662726e-05	9.12300346399056e-05	0.000274932823402635	0	6.05051083582999e-05	2.60010620133779e-08	6.01272803767417e-06	0	3.75015374032258e-07	4.83729598083197e-06
Ins(5,):U1:R(5,9)	1.44312586100872e-05	5.38375124915728e-06	3.73630490161952e-05	0.000102526435640467	6.30576520348141e-07	1.52041616644499e-05	0.000212309657844748	1.97047252512677e-05	0.00028827939697957	4.41325552409635e-05	5.80724448135661e-06	0.000126569865297477	0.000355403704059109	5.50496588849595e-06	7.75645745348385e-05	2.62866168857796e-05	0.00040932814750685	1.82717976493424e-07	0.000121632381780131	0.000310955650933068	3.93120464901012e-05	3.3259658624429e-05	0	3.63186844992525e-06	5.59904033439649e-05	0.000409011707020332	8.18707722114479e-05	0.00110952327186809	9.55007263698429e-06	0.000140986337322138	0.000125438358730415	0.000105244766970215	5.60965834477231e-05	2.94854250237837e-06	0.000213652411046577	0.00025413660730562	0.000388922055403787	0.000923883741292774	0.000206001742572117	0.000764787341264989	1.21424959602475e-05	0.000146489341106543	2.37715647711749e-06	2.17338455405059e-07	2.73895542698459e-05
Ins(5,):U2:R1	2.19523570342393e-06	0	1.81746905433482e-05	4.08409523465313e-05	0	1.76801197316982e-06	0.000143268631745455	1.37739235345127e-05	3.32916741125502e-05	0	1.46487531329431e-06	1.46643575091951e-05	6.26603103459867e-05	7.60912535358045e-06	1.87761128294323e-05	9.60458167842384e-06	0.00010722844904139	0	2.97973620270036e-05	1.93316170723696e-05	5.09309808064974e-05	2.88511234812694e-05	0	1.78799677534782e-06	0.000119725791895539	0.000115638507676854	0.000199586519821172	0.000228129085369078	1.49328408505573e-06	2.30061069991592e-05	2.77441030080316e-05	2.08961623031625e-05	5.60965834477231e-05	0	0.000177274351346774	0.000116988282836008	3.366059428167e-05	0.000427593270132228	0	1.10682299962293e-05	0	1.06924456141659e-05	0	1.2784615023827e-08	7.15571171218567e-06
Ins(5,):U2:R2	5.49499251548884e-06	0	5.9759478769623e-06	3.02948944853478e-05	0	6.76440639629963e-06	4.13225845865229e-05	3.37358614309445e-06	5.98063117453068e-05	6.39194941959684e-05	1.05676678239839e-05	1.27265674097658e-05	5.05692364563206e-06	2.02318788357471e-05	2.38471714148914e-06	9.24264824256505e-06	7.98150369884015e-05	0	1.99774115423762e-05	5.88735610840348e-06	2.40412732057439e-05	2.46773623989881e-05	0	9.49873286903527e-07	6.09335089067802e-05	5.67970944311881e-05	0.000164397127620067	2.23051490464202e-05	8.89024943661083e-06	3.42134326895867e-05	3.6954079589573e-05	1.2071627965419e-05	8.78621186530602e-05	0	1.64855255437174e-05	1.41789983539892e-05	1.49430287978535e-05	3.28363979757993e-05	0	1.76690524980991e-05	0	4.81869100755114e-05	0	1.576769186272e-07	6.07494648403582e-06
Ins(5,):U2:R3	4.52163328849898e-06	3.99981519253884e-08	1.05637338393609e-05	3.23071792520671e-05	0	2.35734929755976e-05	3.00991665506772e-05	1.50972639552845e-06	0.000149867743579631	2.78444011374657e-05	1.90315791566084e-06	4.34244545833513e-05	2.4098837669849e-05	1.23737796397011e-05	1.60803456260098e-05	2.53716406187266e-05	8.96349282727857e-05	0	5.63964095753807e-05	7.14391121810751e-06	4.34934021084166e-05	1.34603794903572e-05	0	4.24649234145106e-06	4.45292409232608e-05	5.69584880218048e-05	0.000117927848055868	0.000128440639588862	2.5003826540468e-06	2.48259704400946e-05	0.000102565648294438	4.68887563265839e-05	1.7572423730612e-05	1.51763217034181e-07	6.33044180878747e-05	3.15217145817512e-06	5.83760536774277e-05	0.000197690477871844	2.36395442295873e-05	7.90639954920102e-05	7.80031860401338e-08	6.29351109226367e-05	0	2.38646147111437e-07	4.55838882518039e-06
Ins(5,):U2:R4	3.04433630569168e-06	0	1.68343962810108e-05	1.02615987580347e-05	0	1.41663349296752e-05	1.58148163232372e-05	1.1183158485396e-07	0.000110958444523545	0	2.27738382998919e-06	2.91416696419975e-05	2.93501515709419e-05	9.87853294419515e-06	3.86456137553576e-06	1.97728826905746e-05	0.000334969808652218	0	5.68624956049293e-05	1.5634445307279e-05	1.68441072397205e-05	1.35908095241785e-05	0	1.89974657380705e-06	8.35255068848023e-05	6.43825931901723e-05	0.000122372316495514	0.000134431201065304	2.55247395933944e-06	3.93393813815549e-05	1.58320258591785e-05	8.86414684278658e-06	2.77103604982728e-05	8.67218383052463e-08	1.41775519675969e-05	0.000173473347940011	0.000149544041138934	9.87972325061329e-05	0	5.40246323440332e-05	0	0.000224768253295131	0	0	0
Ins(5,):U2:R(5,9)	1.20392800841866e-05	7.47965441004764e-07	8.88705199745645e-05	0.000136471888616224	1.56968512386662e-05	4.12536127072958e-05	0.000722720100793096	6.45268244607347e-06	0.000228197034868488	7.85232170256788e-06	3.29554802933299e-06	0.000115945687918366	8.89002178295548e-05	0.000131439460700889	0.000266400239406749	9.97932691732188e-06	0.000651252591552676	9.13589882467118e-08	6.68431654100907e-05	0.000162295515646545	2.97290123983433e-05	2.73381350889425e-05	0	5.41986522527307e-06	0.000180264088305053	0.0024059884015841	0.00112776699493388	0.00136614817002229	5.13967545554064e-06	0.000184761635840973	0.00051514976449481	0.000117432968879047	4.32551968753527e-05	0	0.000713933159546586	0.000327710367494235	0.000415012893920731	0.000515877094514531	0	0.000838100233394872	9.10037170468228e-07	0.00772924844473132	3.16954196948999e-06	3.49446143984604e-07	1.41719698465455e-05
Ins(5,):U(3,):R1	0.0111641818163242	0.000879183378211193	0.000836937741734987	0.00577098512617608	7.52412912315407e-05	2.13644046401485e-05	0.00743806522557412	0.00174453544652682	0.00200829401605484	0.00996535753967291	0.0147057433568693	0.0191213794832934	0.0113303776109857	4.9235128174637e-05	0.00378124708773488	0.00785993867015509	0.180250773822591	0.00126180466616946	0.00808760514438759	0.0176246616461754	0.0108389228152337	3.86594620246305e-05	0	0.00462040716709567	0.000446330579374678	0.0206971678585471	0.0111237043072973	0.00659138102527297	0.00217932657575981	0.00622600306266335	0.00899738596507653	0.00387808801122215	0.0141552631774592	0.000663552145792592	0.00104540212647893	0.00253899905785867	0.00290027125992277	0.00327499864021788	3.37707774708389e-05	0.000871913949548097	0.000478185531488034	0.000272359562951816	0.00968255452404573	4.64820192010741e-05	0.00252503799652414
Ins(5,):U(3,):R2	0.000514706836626693	1.54672853495477e-05	7.32919456284328e-05	0.000330183270099392	1.00554434405516e-05	5.73881119089902e-05	0.000144884123735463	0.000105039679933829	0.000115830733479486	0.000236754907183084	0.000339439761318982	0.000834237342341977	0.00127902678685224	4.96790948052281e-05	0.000238085258011361	0.000375066601624274	0.00404685623380341	0.000366669299328178	0.000816245213196027	0.000269054370928707	0.000368324478308556	3.99898483696076e-05	0	0.000494157608786753	9.70217187317251e-05	0.000786148179893869	0.000467575433523671	0.00106496925253651	7.09830853454396e-05	0.000234792714938024	0.00013864439953122	0.000143362182894399	8.31310814948185e-05	0.000104337211710999	0.000626010356646761	0.000232302335410349	0.000226161965265783	0.00136074225237431	1.35083109883356e-05	0.000233804050506839	3.88195855859733e-05	0.000152445345294805	8.32004766991122e-06	5.75307676072215e-07	8.30663952167911e-05
Ins(5,):U(3,):R3	0.000119688668635107	4.41179615737035e-06	4.87142526637501e-05	0.000187168822110745	2.29484812226699e-05	9.52576681561099e-06	6.81907671571839e-05	8.16370569433905e-06	0.000100979223800753	3.33923114492364e-05	0.000163240040953733	0.000180827988081499	0.000171707689652236	1.36715282521983e-05	0.000294592685929255	0.000127157145164549	0.00022917049483634	2.2839747061678e-07	0.000877623921707962	0.000102910106065026	0.000244371934138536	2.61381787777866e-05	0	3.46424375223639e-06	8.33013565132187e-05	0.00025844493644085	0.000209024989674565	0.00037868727813349	3.39114397455097e-05	8.00664086368232e-05	0.000235843904445503	4.00357929541283e-05	2.9737947851805e-05	0.000160446241094494	0.000192770745357868	0.000137517809768739	0.000636128355343363	0.00067112988845274	1.01312332412517e-05	0.000170830015721044	1.48076048166187e-05	0.000179956412259635	3.56573471567624e-06	2.96176914718659e-06	0.000240958350785731
Ins(5,):U(3,):R4	0.000203566691950996	4.91577287163024e-06	4.80872802777268e-05	7.62087008380328e-05	7.61758957170567e-05	5.96565046292836e-06	0.000160188784693434	3.57078250438693e-05	0.000305656767505151	2.87242258623397e-05	3.89565805411179e-05	0.000260875927362559	0.000115792721170741	9.21974375041477e-06	9.08643211223531e-05	0.000147388049813776	0.000961147573066379	2.74076964740136e-07	0.000765120397334161	8.1210365901291e-05	7.40045166857315e-05	2.49121364598665e-05	0	7.99011058983555e-06	0.000106170593108726	0.000390935624871263	0.000214028632017681	0.000185807456900849	9.85220220768161e-05	0.000193823039223964	0.000149833379345158	5.68552625954269e-05	4.52827842288849e-05	0.000219005162410111	0.000517645502072725	0.00015208938625305	0.000190309037347334	0.00043450619602187	5.74103217004262e-05	0.000205230876859242	1.11414550727324e-05	0.000183841995944358	7.92385492372497e-07	1.71882046431452e-06	0.000112517247683874
Ins(5,):U(3,):R(5,9)	0.000423435425139839	1.9827083909415e-05	0.000140163055788623	0.000517942081461112	5.32161541993806e-05	1.4001394609327e-05	0.000188842511042525	3.28113869961517e-05	0.000377830135637209	8.89466327429046e-05	0.000236628777017693	0.000558741948360557	0.000108139299112882	1.62956684856178e-05	0.000119311263150077	0.000341517827715747	0.00198726666498346	3.19756458863491e-07	0.00206913267641883	9.60583658776713e-05	4.51610752371189e-05	2.5877318710144e-05	0	8.15773528752441e-06	0.000246394346616178	0.000798091305599504	0.001242966459978	0.000473260609834656	0.000123577939922577	0.000220658442213425	0.000272341290981446	7.38263915417478e-05	2.56827731447407e-05	0.000451452209757536	0.00093923534197739	3.56899706125249e-05	0.000241477277134033	0.00114399322187617	3.37707774708389e-05	0.0010578273917154	4.52288473722709e-05	0.00062606112596047	1.06972041470287e-05	5.08969729226357e-06	0.00040324745198049
Del2:M1	0.00617096288560558	0.000549818596181582	0.00052032513402593	0.0100061650189294	0.00302239830320867	0.00101881782617012	0.00552251685489557	0.00802427780206263	0.0568345881501764	0.0165962523109104	0.00871611937045404	0.020544039134322	0.00214004232236872	0.000878037101771338	0.0106084848971103	0.0108561037259632	0.00917824204847566	0.000170019077127131	0.00320705760966365	0.00426878571417399	0.00217017834349024	3.22162183538587e-05	0	0.011703556392636	0.00264440221136847	0.0121430923644087	0.00469917215267684	0.00176049345017771	0.0643341858654237	0.0313926291906081	0.00630860561182902	0.018097081580381	0.000442014043070011	0.000985333526824208	0.00343668255834695	0.223832646991297	0.00506258440355237	0.00341128889438936	0.00933761997068696	0.0110195844871948	0.000139638703542846	0.000365840466782826	0.00780222375064579	0.000271373341059654	0.00271564924779045
Del3:M1	0.00292332911498313	3.80022441443116e-05	7.35810287046232e-05	0.00156466202910884	0.000267263101972556	0.000294349901126432	0.00201358322670378	0.000283634720945603	0.00424279750434458	0.00902021380666226	0.0037292606927187	0.00663978914389683	0.00351882463431618	0.000214293769187559	0.0121270690025068	0.00382241638386355	0.00401529616424003	0.000178150027081088	0.00530389829694254	0.00177011050110486	0.000573941271399605	3.37292067461857e-05	0	0.0142905083520682	0.00215098825657327	0.00489438168064391	0.00356119541353995	0.000502800706300955	0.000600508567413572	0.0046357988052096	0.000879514705782731	0.0171267540289907	0.00202555976617863	6.13557006009617e-06	0.00107672462501199	0.000921761903580871	0.00103082079833829	0.00141498951803609	2.02624664825034e-05	0.00307827351599907	6.84477957502174e-05	0.00012845115699352	0.0015586222634967	4.30287526318604e-05	0.000137954451864159
Del3:M2	0.00687921978837928	0.000296590296341948	0.000409805295105235	0.00706708615534542	0.00359032254214222	0.00110486478205511	0.00139850590798175	0.00074335945540225	0.0603195859929118	0.0077935922625132	0.00605908840748568	0.0184388583866512	0.00563888919243082	0.00127202498762294	0.00963679278090886	0.00502536248017955	0.00318506603925609	0.000172622808292162	0.00571818448948303	0.00210318767293779	0.00176029289452715	3.04945419074177e-05	0	0.00712673164693947	0.00345367943188876	0.0119996269118164	0.00548794478909696	0.00299910769398701	0.000811617263996218	0.00354120402483728	0.00467969566279368	0.0111509179060599	0.00386931253299054	0.000844540622335641	0.00248239043637296	0.0118226289516395	0.00142453082767523	0.00481595703002077	0.00614965857743977	0.0033837201952624	0.000262077704563843	0.000330104441653253	0.00149087330389885	9.61758177986896e-05	0.00268833377823383
Del4:M1	0.00248592149781899	0.000108434989869728	0.000178859828997243	0.0019438618168897	0.000289378321364766	0.000279256935183565	0.00121791090867768	0.000470080339214124	0.00829905397401623	0.00677965580923979	0.00319898257211543	0.00550660091737377	0.00464679353065342	0.000630407277393487	0.0123024918116778	0.00326421146369473	0.00096616037313768	1.82717976493424e-07	0.0021715751713272	0.00167227933807067	0.000966246158931106	3.49291630573416e-05	0	0.0239091487548502	0.00343531679750088	0.00856901785073635	0.00207072701477106	0.0035178540493119	0.000565155934888299	0.00124391457570108	0.0029163657249732	0.0161908621941274	3.64965723635789e-05	0.000205238070579153	0.00340568977032476	0.00375845064837973	0.00081186664696324	0.000888262970389202	3.37707774708389e-06	0.00874872649711505	0.000115587721180472	8.98789393933464e-05	0.00337595839025302	3.92643937637335e-05	0.000567811389663532
Del4:M2	0.00449238764051925	0.000179631700296919	0.000377625092669311	0.00471674808333959	0.00151604107845701	0.000427845924672912	0.000921425615564092	0.000706865081544908	0.0251793406059446	0.00563895165674722	0.00379767660694812	0.0125448864947679	0.00904402885134617	0.000395209620326358	0.00801739075240814	0.00611473194255261	0.00086662976610643	0.000357076605562273	0.00450478576331544	0.0013021118227548	0.0013424464366139	2.74163931092352e-05	0	0.0149030089974233	0.00263181439839586	0.0112971075107937	0.00350971285070327	0.000943438394191351	0.00131065196869972	0.0016188519411198	0.0033459616574213	0.00891412424272067	0.00140106286129072	0.000405641398672789	0.00190177022672323	0.0111020171541864	0.000434630143491339	0.00329280902566966	3.71478552179228e-05	0.0015897625137846	6.95398403547793e-05	0.000134378799257076	9.35014880999547e-05	9.44001768231581e-05	0.000832136930583696
Del4:M3	0.00371764201863382	0.000296602295787525	0.00061585301198562	0.00500463649900968	0.00112554530793641	0.000301282954367133	0.00141066461085391	0.000689818220293669	0.0296597898701855	0.00421898976897642	0.00497642418039438	0.0118644453427112	0.00527515447742338	0.000440117450920445	0.00317305938482008	0.00652119920577583	0.000861032319806511	0.000355934618209189	0.00449834091856203	0.000588408291414918	0.00125655214088831	2.95293596571401e-05	0	0.00341904095875963	0.00110105021999415	0.0140627077312035	0.00241469609283984	0.000745943714535313	0.000971068749496993	0.00163946947735274	0.000838069811165795	0.00407737399695054	0.000529200299271893	0.000400784975727696	0.00143830715193753	0.0163938548867733	0.000486636020186429	0.000748516253272898	1.01312332412517e-05	0.00143289633748878	0.000138637662655331	0.000115035966607577	0.00153802024069502	4.40188500398168e-05	0.00119941407533375
Del5:M1	0.000468379079376133	2.75707261221703e-05	0.00011195962281315	0.000998261812650209	7.89797091736047e-05	5.79033187523248e-05	0.0012568527682263	0.000197039797073687	0.00131426198893985	0.00565132162768477	0.00245919188196242	0.0028245048925721	0.00596592858121453	5.57216679287823e-05	0.0151502399605129	0.00169198756542769	0.00264873973875495	0.000180434001787256	0.000927173688228594	0.0025259042350705	0.000280735120662009	3.52682811452769e-05	0	0.00769743786767081	0.00229586018094409	0.00244473631279799	0.00609818669544034	0.00131842378047301	0.000594830615136674	0.000269832668940369	0.00081885064515886	0.0150793715197656	0.000737365934234528	0.000153757819315202	0.0024634870337495	0.000600494435990159	0.000607286758584046	0.00105906984757911	3.37707774708389e-06	0.000842742690325746	2.6040063606398e-05	2.01653284659733e-05	0.00159507199614584	1.73174713061639e-05	0.000209598727472157
Del5:M2	0.00100270497219506	5.05816629248462e-05	7.76544720509428e-05	0.00109079530535228	0.00011905509910073	6.72734115577196e-05	0.00078733978039342	0.000303555653927588	0.00262764061670922	0.00348836827380579	0.00181166473671451	0.00348187212699705	0.0108898531910639	2.39169120350704e-05	0.00984831624878301	0.00215653073182783	0.00271905968791931	0.000180251283810762	0.000525391458825647	0.00102963048334508	0.000703298537242207	3.52682811452769e-05	0	0.00410166460264789	0.000933887131038756	0.00236553240820286	0.00138989422357932	0.000530083399121121	0.000801251094242982	0.000997353410511669	0.000566071039974571	0.00884516000322649	0.000965807442732485	6.24397235797773e-06	0.00135620923472981	0.00378335626682399	0.00129612419197769	0.0019043190568772	1.68853887354195e-05	0.000236243802028248	5.63963035070167e-05	3.25027657130877e-05	6.33908393897998e-06	4.46893320721775e-06	0.00025420644067918
Del5:M3	0.000731555394909097	8.6396008158839e-06	0.000240568741368318	0.00183550923739586	0.000110756261681149	0.000139689625238653	0.000887245206091289	0.000111593010806271	0.00402097723292552	0.00179171746543275	0.0010916473347375	0.00362520873983437	0.00770687937811114	6.6900152793815e-05	0.00305185354402004	0.00107821572017714	0.00151685381336802	0.000363608773221913	0.00127103267451109	0.000698712741010126	0.000220428043305272	3.59465173211476e-05	0	0.00194254674661694	0.000849630186099312	0.00167620693321311	0.00114648003884138	0.000881744365457967	0.000119410635499165	0.000797236676887803	0.000379854447356878	0.00382040314959254	0.00268925669323482	5.27051972300134e-05	0.00195111689985076	0.00583552380383638	0.00153312373107057	0.00067991506510416	6.75415549416779e-06	0.000371002693237693	2.10738607618428e-05	4.19756485648951e-05	1.30743606241462e-05	1.36582303837885e-05	0.000143327772534759
Del5:M4	0.000987393548326526	7.43365653533344e-05	0.000144069431642859	0.00208615984935931	6.57826434263186e-05	3.2647063856771e-05	0.000217751315074249	0.000154935205376171	0.00397041860843369	0.00110555902960958	0.000732007802556371	0.00259670606957084	0.00375176803144224	0.0001188618750397	0.00204177030956843	0.00150216575629767	0.00112011721334048	4.56794941233559e-08	0.000399692878236005	0.000238763045041104	0.000395953683300321	3.08075739885888e-05	0	0.00151337164563424	0.000244211829840233	0.00298298393750464	0.00108767036968336	0.000402368130232956	8.83468537763201e-05	0.000271781439375037	0.00117168408684262	0.00184379460544909	0.00119222136387691	5.28894811364121e-05	0.000947148394238375	0.00488987236638384	0.00025194256789073	0.00163351478643644	6.75415549416779e-06	0.00036901150589735	5.11960911043412e-05	2.38240167530486e-05	0.000118857823855875	1.10927843023406e-05	0.000310702571395852
Del6:M1	0.000653251751563381	2.93226451765023e-05	0.000166375757580331	0.00130745832225062	6.69199332219465e-05	0.000186397388089596	0.00173996989913293	0.0002536191235708	0.00176394803478847	0.00482943769168711	0.00214282264255108	0.00234523478373331	0.00563166620593862	0.000181127368739478	0.0126159831453094	0.000793574824403883	0.00357218845685746	4.56794941233559e-08	0.000643873741923312	0.00267333637331799	0.000702312540720857	3.6494323463197e-05	0	0.00845258713075911	0.00172491969105095	0.004713647758085	0.00804131600999726	0.00427924941041119	0.000324424649362572	0.000876491729740543	0.000482914846459415	0.0128995644061813	0.000706276261480369	5.25209133236148e-05	0.000999242654956522	0.00127490902463686	0.000328219232536382	0.00144460948521601	2.02624664825034e-05	0.0040994426382179	7.0930897172495e-05	3.83169602778198e-05	0.000103010114008425	1.08228868740598e-05	0.000324055251472671
Del6:M2	0.000499512768125951	4.05101282700334e-05	7.39545841082719e-05	0.000878536136791578	2.32750297778501e-05	2.3391873297012e-05	0.000558194995494903	0.000150898085162943	0.000305297902029642	0.00277320525346443	0.00155833570684434	0.00234002744045453	0.0121114487654421	1.47797923474208e-05	0.00806726244567145	0.000396005358391421	0.00090249889491036	1.82717976493424e-07	0.000557213884291379	0.00105236490437712	0.000206398895270021	3.72769036661248e-05	0	0.00790300162193657	0.00190051791241067	0.00245647769651536	0.0023426783504447	0.000916174460958273	0.00041963019166909	0.000412396221244651	0.000516405670392293	0.00819523650119855	3.64965723635789e-05	5.48407224982801e-05	0.00108167028267511	0.000945097209503845	0.000836034022949804	0.000712175385922489	3.37707774708389e-06	0.000153503768369451	8.95086559810535e-05	4.18338389413651e-05	0.00153405831323315	4.61666653638197e-07	0.000140434110794874
Del6:M3	0.000189180304510947	1.49833077112505e-05	9.29195602040627e-05	0.000394144426218518	3.45691056690856e-05	2.37439930820249e-05	0.000202276602327856	6.4847408337316e-05	0.000274835744166293	0.00119533078294939	0.000719594290695498	0.00134405570205324	0.00905069921411213	1.510367867346e-05	0.00342077776899192	0.000875671790629139	0.00179932455604672	2.74076964740136e-07	0.000244550518124535	0.000245265498056355	0.000293139200356517	3.70682156120107e-05	0	0.0038998444666305	0.000204395645414215	0.00121759359600992	0.0011322211043029	0.000220468920641894	6.09468271923906e-05	0.000341262308997086	0.000625707541227775	0.00372373958300052	3.37931225588693e-05	6.8401849963263e-06	0.000330479835399721	0.000915861685210441	0.000851266605246854	0.000918363001867018	3.37707774708389e-06	0.000772248823496384	9.99740834414382e-06	2.57809895577633e-05	3.16954196948999e-06	1.78430610349212e-05	8.69536636986849e-05
Del6:M4	0.000219754829449515	4.58778802584205e-06	0.000155573624061255	0.00117088107841101	2.18900134920855e-05	4.70691489460871e-05	0.000523929560127889	7.07260219811392e-05	0.000823623871328397	0.000577531993042538	0.000405357464714909	0.000962296088835541	0.00526846189862823	3.85325579111312e-05	0.00185729877132304	0.000519695843183599	0.00135203771080773	2.2839747061678e-07	0.000577657381863304	0.000170471910958291	0.000371836330116078	3.69377855781894e-05	0	0.0020249063480814	0.00041530344899233	0.00230241406480585	0.00120010288799824	0.000770193607443084	5.90889039702864e-05	0.00027678606383761	0.000930512096771431	0.00180049134672184	3.31172601076919e-05	5.41144271024737e-05	0.000613041743219036	0.000415370754712058	0.000928360224408098	0.000472239249836166	1.35083109883356e-05	0.000858887353980871	1.12584598517926e-05	0.000146886408052427	6.73527668516623e-06	3.91067168451063e-06	0.000149651120704297
Del6:M5	0.000144385070298627	1.01275320675084e-05	3.87164834183595e-05	0.000450414651030287	4.14829268029027e-05	6.23993324283311e-06	6.00282813129325e-05	4.39833623230623e-05	0.000215622940707404	0.000287217185898077	0.00020522077145118	0.000223197506741994	0.00234438535890919	4.60601608561168e-06	0.000835471040593569	0.000236627596233414	0.000457604768495901	4.56794941233559e-08	0.000387960367837023	8.42836536608643e-05	5.08275120357385e-05	2.16774716210985e-05	0	0.000437053461774082	0.000195677375698414	0.000360015302802284	0.000333730411077659	0.000353336822783283	0.00012008782246797	0.000147287614486377	0.000509631390096779	0.00079402926823129	4.19034719729979e-05	8.27109532836286e-06	0.000310917011754509	0.00047856428727833	0.000138964997221838	0.000381555103964405	3.37707774708389e-06	0.000486360271900205	2.28809345717726e-06	3.27296611107358e-05	5.54669844660748e-06	2.2586153208761e-07	2.69755514606756e-05
Del(7,):M1	0.00439581797933938	0.000235405123341681	0.000302569552559833	0.00773090307911018	0.000225352283959417	0.000316894833677387	0.00832233452536803	0.0033479692547239	0.00282835683766473	0.0316068074610058	0.0326777389225079	0.0245262351977246	0.0863605063649548	0.000243987755691165	0.144266573975005	0.00873026153301534	0.0255860569583143	0.000339170243865918	0.00962080317455374	0.0295255324353516	0.00563549354976444	0.000655463091965512	0	0.037976660384093	0.0082978874912838	0.0143758381959317	0.0357308846401099	0.00814805781494633	0.00269280793579781	0.00376186246705071	0.00381597492511566	0.0832828268235105	0.0013300973039171	0.000431202660513261	0.00210036585777322	0.00838490308931739	0.00568657219432225	0.00434069337510789	0.00628136460957604	0.0126683021924519	6.11154962624448e-05	9.26016841651233e-05	0.00409504822458107	7.15412851605554e-05	0.00118329847124625
Del(7,):M2	0.00562610952596991	0.000507536549781254	0.0004216088949954	0.0059488036722111	0.000120563978631563	0.000133049387398121	0.00893094987613003	0.00221501465172692	0.00059803551241649	0.0190515559213621	0.0202440289764744	0.0200871022434245	0.181191795825916	3.02921847180254e-05	0.0929359145348293	0.00938724865756753	0.0198365376782624	0.000521751181876971	0.00215722293600351	0.0179567788274787	0.00416531795884782	0.000420010794911319	0	0.0417041307866001	0.00471341041888207	0.0119065566078941	0.0131929659008041	0.00175704168615371	0.00343180992021609	0.0033670506763041	0.0021716515855203	0.0508153673929121	0.000722496960308626	0.000565827474252367	0.00296167961568064	0.00755104404768189	0.00952588613453421	0.00358113564298348	0.00300559919490467	0.00134094797409671	8.76885816401171e-05	0.00014388004403359	0.00140727663445356	3.61406861595785e-05	0.00136902884728867
Del(7,):M3	0.00289449766241914	0.000158184691234526	0.000171356809156119	0.00441800807966048	0.000137465681435895	7.20288819174196e-05	0.00526956481961799	0.00168911916851219	0.00108243489176141	0.00918115563049292	0.0106073762277583	0.0143421306983757	0.134100323227951	9.55012983605814e-05	0.0461876351812965	0.00482961094154286	0.0134839449866088	0.000348808617125946	0.00367102214418121	0.00838023622990024	0.00279191610058217	0.000293545834118196	0	0.0231957380414864	0.00308859156482512	0.00844610318201586	0.00416579737620179	0.00113344174540399	0.00191022289261803	0.00305471661325355	0.00104951869499655	0.0218039439726614	0.00151798706534441	0.000230398243917463	0.00389377122992242	0.0034473786657618	0.00646612260253581	0.00725333948327703	3.37707774708389e-05	0.00201536604376151	7.71061494006723e-05	0.000130606663271177	0.00141480429663109	3.06788145188435e-05	0.000977486779996929
Del(7,):M4	0.0024525580570811	5.09376464769822e-05	0.00013553678798816	0.00183776383917637	0.000134053812049011	6.13040545707385e-05	0.00105721196861898	0.00103690245476591	0.000418533762070837	0.00384474059481444	0.00427042845028846	0.00666180812560579	0.079991970571648	2.01856093605986e-05	0.017705714160244	0.00323135773010108	0.0101069958897638	0.000175272218951317	0.00101333531596687	0.00390893425269583	0.00196067842829659	0.000290441599313249	0	0.00882504920902375	0.00120871908137609	0.00334336237588581	0.00146488137222047	0.00041244828169436	0.000366931154481367	0.00180440976721619	0.00123946494755223	0.00962593492727037	4.32551968753527e-05	4.72959225657237e-05	0.00143522985383603	0.00259615381506734	0.00391100945485246	0.0223439686617867	1.35083109883356e-05	0.000643882883582949	0.000165925777238371	2.65751234495316e-05	0.000162439025936362	3.15495888532442e-06	0.000852183382396153
Del(7,):M5	0.000955283048721254	0.000119746467234228	5.93089596898457e-05	0.00115758524921939	5.64478588661649e-05	2.52173363929998e-05	0.000848898527802149	0.000493635798703863	0.000796336292671469	0.00152546335724107	0.00211560023583717	0.00314783901201974	0.0373647757164805	2.2059523104111e-05	0.00724811682044966	0.00131420486155909	0.00407434543333047	0.000179154975951802	0.000381435163423343	0.00200547513573563	0.00100805667191512	0.000155446514308214	0	0.00615959301617399	0.00129312349366526	0.00156917608370248	0.000671461807843937	0.000536930648407869	0.000226406176570251	0.000820432352995393	0.000378217963914703	0.00387823853874132	0.00129968349361411	0.000147492166497648	0.000673708477219916	0.000645710199470795	0.00110800748826714	0.0348257364198331	9.79352546654329e-05	0.000800880346956152	4.46958256009967e-05	2.68587426965917e-05	0.00180109222416269	5.73745112013747e-06	0.000691436986406091
Del(7,):M(6,)	0.00343567848936857	0.000128874045503602	0.000573646882861819	0.00529091297976194	3.53235454345021e-05	3.0906850813997e-05	0.00301748395965249	0.000860998827229625	0.000419085862802388	0.001731216979235	0.00334433731148797	0.00563840805321025	0.0315953673525259	0.000140015838415906	0.00733477725285619	0.000896274237566505	0.0165532618993805	0.000539200748632093	0.00608444774904797	0.0102819027787319	0.0021865385820667	4.18941268633985e-05	0	0.00401645538132272	0.00143741144733116	0.00979149360286242	0.00487981424628564	0.00184499288361317	0.000443140734124502	0.00418300919834052	0.00139786132165295	0.00338180104411094	0.000639365878813807	0.000254355151749287	0.00279627484272534	0.00227608717469879	0.00328135468845543	0.273548846038243	0.00331629034763638	0.00202442120523784	4.47998298490502e-05	0.000131968035657066	0.00523766810458221	2.2091814761173e-05	0.00245209505947264
Complex(0,1)	0	0	0	0	0	0	0	0	0	0	0	0	0	0	0	0	0	0	0	0	0	0	0	0	0	0	0	0	0	0	0	0	0	0	0	0	0	0	0	0	0	0	0	0	0
Complex(2,5)	0	0	0	0	0	0	0	0	0	0	0	0	0	0	0	0	0	0	0	0	0	0	0	0	0	0	0	0	0	0	0	0	0	0	0	0	0	0	0	0	0	0	0	0	0
Complex(6,10)	0	0	0	0	0	0	0	0	0	0	0	0	0	0	0	0	0	0	0	0	0	0	0	0	0	0	0	0	0	0	0	0	0	0	0	0	0	0	0	0	0	0	0	0	0
Complex(11,20)	0	0	0	0	0	0	0	0	0	0	0	0	0	0	0	0	0	0	0	0	0	0	0	0	0	0	0	0	0	0	0	0	0	0	0	0	0	0	0	0	0	0	0	0	0
Complex(21,)	0	0	0	0	0	0	0	0	0	0	0	0	0	0	0	0	0	0	0	0	0	0	0	0	0	0	0	0	0	0	0	0	0	0	0	0	0	0	0	0	0	0	0	0	0
