Supplementary Table 9 | Tissue-specific indel signatures (InDs) of Genomics England seven cancer types.,,,,,,,,,,,,,,,,,,,,,,,,,,,,,,,,,,,,,,,,,,,,,,,,,,,,,,,,,,,,,,,,,,,,,,,,,,,,,,,,,,,,,,,,,,,,,,,,,,,,,,,,,,,,,,,
Indel subtypes,pgel_Bladder.S1,pgel_Bladder.S2,pgel_Bladder.S3,pgel_Bladder.S4,pgel_Bladder.S5,pgel_Bladder.S6,pgel_Bladder.S7,pgel_Bladder.S8,pgel_Bladder.S9,pgel_Bladder.S10,pgel_Bladder.S11,pgel_Bladder.S12,pgel_Bladder.S13,pgel_Bladder.k.6..Cluster1..U1,pgel_Bladder.k.6..Cluster2..U1,pgel_Bladder.k.6..Cluster3..U1,pgel_Bladder.k.6..Cluster3..U2,pgel_Bladder.k.6..Cluster5..U1,pgel_Bladder.k.6..Cluster6..U1,pgel_CNS.S1,pgel_CNS.S2,pgel_CNS.S3,pgel_CNS.S4,pgel_CNS.S5,pgel_CNS.S6,pgel_CNS.S7,pgel_CNS.k.5..Cluster1..U1,pgel_CNS.k.5..Cluster2..U1,pgel_CNS.k.5..Cluster2..U2,pgel_CNS.k.5..Cluster3..U1,pgel_CNS.k.5..Cluster4..U1,pgel_CNS.k.5..Cluster5..U1,pgel_Colorectal.S1,pgel_Colorectal.S2,pgel_Colorectal.S3,pgel_Colorectal.S4,pgel_Colorectal.S5,pgel_Colorectal.S6,pgel_Colorectal.S7,pgel_Colorectal.S8,pgel_Colorectal.S9,pgel_Colorectal.S10,pgel_Colorectal.S11,pgel_Colorectal.S12,pgel_Colorectal.S13,pgel_Colorectal.S14,pgel_Colorectal.k.17..Cluster1..U1,pgel_Colorectal.k.17..Cluster2..U1,pgel_Colorectal.k.17..Cluster2..U2,pgel_Colorectal.k.17..Cluster3..U1,pgel_Colorectal.k.17..Cluster4..U1,pgel_Colorectal.k.17..Cluster4..U2,pgel_Colorectal.k.17..Cluster5..U1,pgel_Colorectal.k.17..Cluster6..U1,pgel_Colorectal.k.17..Cluster11..U1,pgel_Colorectal.k.17..Cluster12..U1,pgel_Colorectal.k.17..Cluster13..U1,pgel_Lung.S1,pgel_Lung.S2,pgel_Lung.S3,pgel_Lung.S4,pgel_Lung.S5,pgel_Lung.S6,pgel_Lung.S7,pgel_Lung.S8,pgel_Lung.S9,pgel_Lung.S10,pgel_Lung.S11,pgel_Lung.k.7..Cluster1..U1,pgel_Lung.k.7..Cluster2..U1,pgel_Lung.k.7..Cluster3..U1,pgel_Lung.k.7..Cluster3..U2,pgel_Skin.S1,pgel_Skin.S2,pgel_Skin.S3,pgel_Skin.S4,pgel_Skin.S5,pgel_Skin.S6,pgel_Skin.S7,pgel_Skin.k.2..Cluster1..U1,pgel_Stomach.S1,pgel_Stomach.S2,pgel_Stomach.S3,pgel_Stomach.S4,pgel_Stomach.S5,pgel_Stomach.S6,pgel_Stomach.S7,pgel_Stomach.S8,pgel_Stomach.k.6..Cluster1..U1,pgel_Stomach.k.6..Cluster2..U1,pgel_Stomach.k.6..Cluster3..U1,pgel_Uterus.S1,pgel_Uterus.S2,pgel_Uterus.S3,pgel_Uterus.S4,pgel_Uterus.S5,pgel_Uterus.S6,pgel_Uterus.S7,pgel_Uterus.S8,pgel_Uterus.k.9..Cluster1..U1,pgel_Uterus.k.9..Cluster2..U1,pgel_Uterus.k.9..Cluster2..U2,pgel_Uterus.k.9..Cluster3..U1,pgel_Uterus.k.9..Cluster3..U2,pgel_Uterus.k.9..Cluster4..U1,pgel_Uterus.k.9..Cluster4..U2,pgel_Uterus.k.9..Cluster4..U3,pgel_Uterus.k.9..Cluster5..U1,pgel_Uterus.k.9..Cluster6..U1,pgel_Uterus.k.9..Cluster8..U1,pgel_Uterus.k.9..Cluster9..U1
A[Ins(C):R0]A,0.00000316613678183088,2.02219479856081E-146,0.00013302628880001,3.42399999083672E-058,3.7389414352751E-035,1.35717195639849E-137,0.000069722391977975,0.145241336681301,6.85008469038561E-022,7.47304359484964E-069,2.43689182694457E-110,4.97697427716944E-022,1.51883102769351E-062,0.000638305006038991,0.000651789993747682,0.000388505046365076,0.000124467683632901,0.000400323663218546,0.000739989580157265,0.000384875632795664,0.000147166625057391,0.00163374315970888,0.000498155113706146,0.000327210078208862,0.00206240795080527,0.00214615907885197,0.000131508051332035,0.000879738376308071,0,0.0281141217895889,0.00442747454140461,0.000932907110932034,0.360025444453096,0.000000331093411925537,0.0000550193073315175,0.000791551280886304,0.00001520614697533,0.000772706555120038,0.000000000325843433465583,0.0103691529236403,0.0000863881167848328,0.00000397111707476528,0.000487500014184327,0.0111645636388332,0.000010882607130652,0.000381762443511185,5.04362788519967E-120,0.00303911314255825,0.00000000615817184934812,0.0472791521198735,3.86756880297724E-034,0.00131112775341519,0.0131557547572232,0.0249064282169958,0.00326530612244898,0.00315457413249211,0.000241624994519196,0.00645150259982655,0.0000188802172556871,0.00118665975237421,0.00279828262109042,0.00000000000048446233109788,0.00273635175010659,1.32596744043441E-022,0.00448139941491118,0.00000187250330361088,0.00134824478979721,0.0000000000285759025273766,7.84990611146802E-161,0,2.40553869615804E-061,0.000485715327185277,0.00236865719451605,0.00132070609887849,0.00634457393309466,0.00295589815532445,0.00278481387897722,0.00103389751985935,0.00791213782240747,1.45083012005159E-174,0.00240568289875858,0.000493708141957777,0.000973000359004853,1.24810997373747E-075,0.000817867008899392,0.145117986808994,0.000285284475923566,0.000375565500542255,0.00291830605494664,1.59621852344618E-028,0.00232198142415944,0.00142049081256043,0.000333838321597166,0.00147057366224389,0.00444933040746262,0.00416414977179966,0.00140026136627858,0.00000051356141219939,0.000557738036332023,1.41481275300979E-068,0.000405328144851737,0.00512159830125575,6.59067894968949E-128,0.000523101430271249,0.0242809725565244,0.00196684796932213,1.60411382426135E-307,0.00103518634912461,9.58409687632908E-171,0.000113180403657832,0
A[Ins(C):R0]T,3.91918502406355E-210,0.0000598929905565475,3.18201816175634E-025,3.97276923372451E-268,6.73962854346411E-192,7.1234295825271e-310,1.00807739630168E-203,0.0816139494302754,7.0795834162224E-108,4.16040581731465E-177,1.63124968864963E-273,6.91487192769061E-078,1.05535863562424E-162,0.0000766036434376858,0.0000247505076514932,6.22540209193139E-061,0.000149612510877396,0,0.000000515414447267282,0.000022651119866667,0.000093708417767964,0.000521293133028907,0.0000929065959211306,0.000045630784833971,0.000191991684475887,0.00100794461858835,0.000129343204115146,0,0,0.010928043367142,0.000856376921259712,0,0.226340656116502,6.98484939817109E-015,6.41085162373798E-036,1.7365131162245E-030,0.000164382020488108,6.86407609189279E-017,1.02287507363592E-031,1.87505184049389E-043,0.0000000280098478665737,0.000133486043004716,1.48394844742141E-020,9.34913883825322E-034,0.0000213030836877919,6.22231418862126E-043,0.000140187279977574,0.00000000000343757514999592,0.000662145071005334,0.0000000016145589333294,0.000224361427807914,0.000138260949017501,0.00172061739398584,0.0000000228681972659751,0,0,0.0000906543343960934,0.0038035506804316,0.000524002726371474,0.000720288719084888,0.00139132920203898,0.000000958194367577578,0.00522015603518101,0.00000080776874780484,0.000218228720059223,0.000000166032519819941,0.00108500921817878,0.00000952250235977325,0,0,1.79485573951745E-071,1.03752213419564E-132,0.000300352637995257,0.00200065059395774,0.000303751082519151,0.000952232309100678,0.000387040353123354,1.08377436115864e-311,0.00168967056945319,8.81742926159381E-027,9.50526088325052E-024,0.000114582055016073,0.0000000743818202560055,9.99563707434667E-034,1.42030557672811E-025,0.0646685462769666,0.0000000000745826310638603,6.68103051828133E-067,0.00220871436913927,0.0000334645214604249,0,0.000893628932036611,0.000937145022752944,0.000342334580562867,0.000369048680660913,0.000673250426407237,0.0000177302435761236,0.0000325657578110233,0.000208706185655953,0,0.0000417192958110134,0.00100971446376682,5.83160199520052E-108,0.000100314588158993,0.0020367358615199,0.000169353451025486,2.77695120457626E-123,0.0000701813951947628,3.50876122360821E-059,0,0
"Ins(C):R(0,3)",0.00372247967372345,0.0112290297009288,0.00446102125151719,0.00680524108652705,0.0341803390801947,0.072017880503415,0.00822577254321694,0.0398324991233026,0.0381432194374565,0.0654793900913968,0.012159063310582,0.00900947663139603,0.0417245072571623,0.00235497241205742,0.00134703229525556,0.0194922036938391,0.0174210651469123,0.00789920431391075,0.0313688803657681,0.00979422978185762,0.00704857497048301,0.0589038664990697,0.00233716356703336,0.0454541172959098,0.0254254190836171,0.0095158380693844,0.0011865543938416,0.0246911339911422,0.00923726665873587,0.0348037616434433,0.0159787787801748,0.0120671527237041,0.0821988423093793,0.00794960524070567,0.00195481483973989,0.00094047644907925,0.00299546714379229,0.00124278511826525,0.0227648488085343,0.0336648794427484,0.0323258485735914,0.0398671962948368,0.0389926769009303,0.0075633529234302,0.00688174113323544,0.0160014948024734,0.000885408604568427,0.0109122742366863,0.0186369593187807,0.00745958729429928,0.00174810541539042,0.00770987932205623,0.00576662969641713,0.00556191342859785,0.0253061224489796,0.0504731861198738,1.33152825680931E-090,0.00921998540975843,0.0210686722679874,0.000388530558797783,0.000433077021271586,0.0521790212803967,0.0242394195662101,0.0115749641788311,0.0719586045147643,0.0154550487361744,0.0160695576760454,0.0123888847817857,0.00230099693200428,0.292194378855539,0.0117639248206481,0.0232338840470894,0.0144798945461218,0.0293430114880479,0.0423710684852237,0.0552996226544984,0.0179222008634495,0.0112294470815214,0.0166831631706623,0.0116241525138417,0.00314137809794793,0.0044446621753443,0.0051390451195029,0.00801156974283111,0.0324487499202698,0.0328921661007226,0.0181655796872625,0.0334389833111818,0.0181306525612712,0.000566263062830202,0.00696594427230311,0.00422212705540158,0.0602590481173552,0.00117598238623547,0.00208589211957374,0.0591416295201693,0.0201646397839654,0.0255648017456851,0.0047466834843687,0.00251847710562535,0.00634434751034708,0.0100882883454083,0.0109386276766549,0.0174865694345848,0.00556273358548172,0.00504804681731857,0.000342335620275254,0.00719846951036433,0.00311376033132706,0.00136970613725699,0.218855218855257
"Ins(C):R(4,6)",0.00363310122475057,0.000858287769153357,0.00127724488348007,0.000942619680627104,0.000691311568642361,0.000255205361883276,0.000296556047899251,0.00537354888749636,0.00647194411778515,0.00305008720574102,0.00167450987665661,0.000155285529081696,0.30525947627042,0.0144047055660941,0.00706810109912852,0.00622789602506084,0.00349674977490093,0.0022989137787895,0.00571443398647228,0.00267604047603001,0.000522563089133728,0.020475635314336,0.00465197870515081,0.00807193453317911,0.00841769736833485,0.0000779128067821879,0.0149930187948674,0.00262727837078096,0.00167540675793677,0.00912933709043506,0.00126795773106787,0.0502231328019921,0.0000187805816234191,0.000195944063391596,0.000145538511500077,0.00078203032869159,0.00076139832278012,0.000549233056354658,0.00199686533201352,0.00132817898126322,0.000203792738916819,0.00101684322758435,0.00424937377818439,0.000605146718265776,0.00330038221670824,0.28032898809833,0.00760467994232005,0.00604332160875716,0.00842933529850546,0.00574725012495357,0.0166796497369771,0.0283768076056609,0.00879483890320755,0.00633356930279605,0.00326530612244898,0.0157728706624606,0.00643470752265376,0.00910398317350239,0.0183040044481196,0.0000172626406090169,0.00362978618811479,0.0169591568634944,0.00142413011114848,0.020713740038278,0.0048556909991065,0.0125209520932886,0.00145774501789791,0.00589197729218697,0.0101841036274785,0.656105762314611,0.00270277872471716,0.00341909815322264,0.0062641403822503,0.0289548800102238,0.0100366680673703,0.0223012587289195,0.00416140149598546,0.00323834713863386,0.00509531551762742,0.0011005340350166,0.00648554302180251,0.00229262635046696,0.00123595725025529,0.000469522425889294,0.0440980498509292,0.000826275443165574,0.0143278434058069,0.00707352155410175,0.00267335748903268,0.00729496096504853,0.00464396284828447,0.0000852328240867306,0.0128179419150759,0.00412605185373456,0.00471271741140706,0.00376857020925059,0.0124071013775664,0.0280308917888296,0.00183651429401186,0.00790552662606085,0.0137880035807276,0.0336773944313025,0.00137999894133962,0.004868310492086,6.39228357519815E-015,0.00863479940557793,0.00490665541328151,0.0269725648924203,0.0179518772762489,0.00649653481340842,0.503179947624486
"Ins(C):R(7,9)",0.00806869844227711,0.00101753190176271,0.00240445230038612,0.0241482133611723,0.00178184391928166,0.00113258065452353,0.000754172204649122,0.00357979002807459,0.00426201786093422,0.00165683374860967,0.0111506181609419,0.00177157292525584,0.0227533252029997,0.0136172288236267,0.00745818113342694,0.0000329777763901823,0.000127676769401876,0.00793692803647528,0.00404258590801896,7.21773585017846E-015,0.00152526708257019,0.00670471053767955,0.00890950997471528,0.000353208913176161,0.0139430103017799,0.0000323369896988605,0.0074569271692997,0.00202777166973372,0.0054210332183628,0.00181937524585931,0.00172059770227243,0.045369696782242,0.000706862349236462,0.000439365032498761,0.0188435992763054,0.00437949936940555,0.0013152127251946,0.000291061183870885,0.00873237394610111,0.000952291049715099,0.00375383988152904,0.0000771264736585098,0.00260148333120465,0.0216933668782012,0.00265567659731583,0.0303265596350154,0.00818405760446096,0.00363642840677792,0.0044467282286563,9.97926505476591E-106,0.0111504456420434,0.035583579780686,0.00211283388757665,4.50569136932323E-051,0.000816326530612245,0.00315457413249211,0.00454000501730133,0.0268420832003568,0.000661576479812565,1.54912026485723E-046,0.00388893417685265,0.000982884839382826,0.000783201597264457,0.0115665994824024,0.00116342508271779,0.000857748852875878,0.0049931733537531,0.00333732607434344,0.00812551311468087,0.00660725700788426,0.00144941904130636,5.91229411716126E-020,0.00639780384165244,0.0261736271800533,0.00329761960248919,0.00345475598370693,0.00296909890935442,0.0129921048610731,0.00309021056672772,0.000560840463315241,0.00778028780663428,0.0022077625050823,0.0226382252231924,0.00331878173255727,0.00348513727965205,0.00592793458402468,0.00756538000639418,0.00808100657750371,0.000606326973624812,0.00683809563140315,0.0069659442724406,0.000594768717276768,0.00252231625388144,0.00366780050421243,0.0275747267342171,0.000607161341973317,0.00504932812154762,0.0102332552207136,0.00012874219148045,0.00799654593663277,0.0171624930528475,0.00920310539537307,0.00288022162850187,0.00170160650981208,1.12265006565484E-109,0.00051183386434809,0.00441692203138097,0.0286000889530201,0.0118563041704931,0.00686903789860652,0.00860456416012115
"A[Ins(T):R(0,4)]A",0.00436848812447361,0.00261013819282615,0.000789190548359948,0.0146609908684187,0.0125880136863806,0.0095510671726958,0.00792288690863475,0.03500363730721,0.00366052092243991,0.0231492374380425,0.022545079090271,0.0152965836703176,0.0101385784127222,0.00519739079225235,0.00130413510092466,0.0155025087122235,0.029186389650617,0.00734568684100451,0.0132717264138928,0.0035719685314289,0.00526489292351757,0.0103630013390066,0.000765603358740729,0.0188904779874697,0.014708570931996,0.0066532884770424,0.00590005873889095,0.02530498634367,0.0127643475817982,0.0161413650585436,0.0172166997637979,0.00500541609360666,0.0642429722593317,0.00799336472414581,0.0094236425784138,0.00174132580851043,0.000589159527817872,0.00115575315627112,0.0139726036100669,0.0260948129988725,0.0198566547285333,0.0501415681730983,0.00264509891751533,0.0137224276815691,0.00532695292165145,0.00698961093013439,0.000697196823575784,0.00960599842146319,0.0251782124305387,0.0146846333806394,0.00596084620434826,0.00407911104470259,0.0294732804346558,0.0105939869958278,0.0195918367346939,0.00630914826498423,0.00211370459136802,0.0116486305508986,0.0047068044345765,0.00113184706321592,0.00381809229972443,0.00727465694014436,0.00921003922669885,0.0185630911438848,0.0214602901955523,0.00682304455440399,0.0155089990989656,0.0114318939705167,0.00199643016041069,0.000320163991529793,0.0102598684755007,0.0312952327774497,0.00802568597135996,0.0179679306697396,0.0211396641459546,0.0101654099154211,0.0239671701323312,0.00711809336250879,0.0242357495701251,0.0213048590883156,0.0025364581274429,0.00182773705193209,0.0112178619700095,0.00160348607270375,0.0250131124889925,0.0261054533099651,0.0110402168825449,0.0128566712043981,0.024164818791083,0.000795506899563829,0.0100619195046303,0.00156664724017702,0.0056599263986096,0.0074019888158418,0.0155779606821922,0.0238760436210225,0.00803750260904834,0.0102198505458677,0.0158511002402364,3.56074732906582E-076,0.00409595070467181,0.0257016855574539,0.0121919441676331,0.0338165420727445,0.0205752901097976,0.00703336107366948,0.00150423145733941,0.00627034936724467,0.00174196272528853,0.000944201490074826,0.0029928918817809
"A[Ins(T):R(0,4)]C",0.00220009941268025,0.000671630676008499,0.000427938742999838,0.000153011979846351,0.0227141309732086,0.00858494901026977,0.00169487441894468,0.00280643033782988,0.00632663598066666,0.0035661538018493,0.0117904253049652,0.0022082698297287,0.000794181298690066,0.00394382424353584,0.000949394107699241,0.00127003585984536,0.00533718623599812,0.00207774479680601,0.00358054580344309,0.000124372660328988,0.00225653476508851,0.00660112882592729,0.00218025822942264,0.00551588676629796,0.00357968797973007,0.00315119693452897,0.00424659415303116,0.00188881344373189,0.00207121006576163,0.00737900069966725,0.0164446611252468,0.00709855895199472,0.00739137061500669,0.00755122438649554,0.00165812665342646,0.0000658750180940403,0.000562965737748292,0.00144777784351919,0.00910780736438318,0.00278396470883043,0.00683903124659379,0.0109177984037195,0.00242038365411722,0.00172056253722082,0.000848141706174945,0.0041328909203671,0.00076037389340106,0.0023602234511046,0.004553071754227,0.00421512881585489,0.00624313056909338,0.000806423695600832,0.0213260522959119,0.00426293746509166,0.0114285714285714,0.00946372239747634,0.00108788109210937,0.00375007463798471,0.00233578619678252,0.000360409896775042,0.000321423620572204,0.00890702444185183,0.00568067297221701,0.0108776545474754,0.00854467778965048,0.00441672258814999,0.00255488575685072,0.00219431974690134,0.00155816147247741,0.000585402468249635,0.00505670031239526,0.00196117219402203,0.0110117119254146,0.00265083987063925,0.00980446148002813,0.0033519871067153,0.0130461831468998,0.000533441731423285,0.00569667141064893,0.00411510722103176,0.000524110593547975,0.000609259773008913,0.00219960960657416,0.00273996974794642,0.00397041004109663,0.00323601864173736,0.00761527550770214,0.0050857518504758,0.00380263094554927,0.000504167250867043,0.00464396284829552,0.000307180391629871,0.0107756795142803,0.000655991265604653,0.00103364494851181,0.00283447751761408,0.00456908534631883,0.0100014229396427,0.00278679953884761,0.000848595468718213,0.00141500637270978,0.0259793821932835,0.00272745419580091,0.00491970461401815,0.00599465297997422,0.00501848104609936,0.00117681365906977,0.00288731032211436,0.00393086051617784,0.000800275334788335,0.0033670033670036
"A[Ins(T):R(0,4)]G",0.00142780419648101,0.0135558027210942,0.00112526728082461,0.000840642839424675,0.00480240842977689,0.00313732637184457,0.00441793711605639,0.00922386730819609,0.00976325106166867,0.0146158092937547,0.0190767838574887,0.00641237923315682,0.0021606740390242,0.00591785614777945,0.00173130530109431,0.00439237574128029,0.00459233922065137,0.00222419356418187,0.00446743578520045,0.000945658624765044,0.00316350329324293,0.00299235566048403,0.00031386793387473,0.0148138629622077,0.0044808469139512,0.0039207167347216,0.0072562355144915,0.00444369331231899,0.00389495354119517,0.0306398854575008,0.0035543260411429,0.00547387080156013,0.0098116893407852,0.00340901213994827,0.00178962899341885,0.0000621438154356999,0.00357894470370567,0.000055138263786247,0.010872590301844,0.00744251264088269,0.00829503959436823,0.009987058101055,0.0152081930695147,0.00158538680985315,0.00294794316419923,0.00413602427527337,0.00146626656831856,0.0020002696936869,0.00483742023151398,0.010198591503168,0.00199863563606161,0.0057818695718647,0.0409146120400838,0.0132949440231342,0.0130612244897959,0.0126182965299685,0.00145743136965707,0.00436235496264817,0.0333294218868256,0.00123207765864464,0.00196683925785542,0.000527479432609934,0.0123769767150199,0.00609361437740649,0.00607615542171385,0.0844603606838427,0.000899232318398034,0.00282599538637278,0.00279648564294985,1.31647646671631E-127,0.00675940611797371,0.00166888360674749,0.00212940685403774,0.0146025611090433,0.00460582997003855,0.00866259222189501,0.00502798492043002,0.000532191467119545,0.010496862649233,0.00239469039761193,0.000124245546019117,0.0017129086005628,0.00389414175890989,0.000349176637747578,0.011745795638712,0.00177277414765225,0.00783053560462867,0.00958418669845069,0.00723678196999132,0.00084892326793333,0.0139318885449172,0.000169838907281549,0.00571379523059039,0.00161504369093527,0.00162565236423001,0.0191520254222547,0.000099922911152561,0.0119234024782211,0.00696882370579001,0.0014499499734412,0.00780208938459451,0.0488332303563741,0.00455530416441206,0.00405853439435781,0.0158043706131727,0.0110597596090544,0.0016028462016227,0.00488942458234901,0.00730889997546292,0.00193348207297176,0.00112233445566778
"C[Ins(T):R(0,4)]A",0.000174016367657027,0.00129151538619956,0.000346922002837917,0.00345084742482637,0.0117150738893564,0.0119626234334691,0.0122991441167208,0.00125476493136957,0.0058563800009372,0.00593756942790342,0.00875965447512652,0.00940208968407573,0.00559137949753924,0.00106535795901045,0.000527977522874063,0.00466349829851739,0.00675014837451052,0.00113468785266778,0.0228274542373207,0.00224408486861005,0.00301686510867906,0.00954120566357451,0.00127233030550828,0.00927638783908062,0.00298708352679449,0.000996536305538635,0.00761256194331471,0.0062948996308892,0.0021063405576954,0.00603978189891515,0.0113320963462524,0.00303073030790029,0.00224333690315531,0.00149720196823058,0.000693277793036186,0.0000935958399801816,0.000497032401825301,0.00064723051766541,0.00785605289581899,0.00405405097247718,0.00781794502928803,0.0137352483621831,0.00508136807014239,0.00389014359635275,0.00548767154082811,0.0031245712134163,0.000415819880350473,0.00297991935046811,0.00633229302885147,0.0163988733062507,0.00371957549181031,0.000793824279511632,0.00622198069921866,0.0149561439347634,0.0122448979591837,0.0157728706624606,0.00272545126622865,0.000858270895575369,0.00149538769112942,0.000002474411287635,0.00138758624278945,0.0107680117032499,0.00667531346690863,0.00901524344773535,0.0113141819106992,0.0108245443322918,0.00491752077845996,0.00988834257617091,0.00155367609077247,0.000373010227412233,0.00228372693279305,0.00723512074635596,0.0018034849746752,0.0136068537314417,0.00649049580290558,0.00791356248425366,0.00793978301919658,0.00297105946284979,0.00839103794647649,0.0041111580555396,0.000741231399901361,0.0011806693254791,0.00357505835602599,0.00179644224757676,0.00331481103217026,0.00070067571457056,0.00546581878501623,0.0104614148467958,0.00569647819503818,0.00018152149764779,0.00232198142410479,0.00149285198780156,0.00595045503126625,0.000857878536886137,0.00197121096016287,0.00596151480941183,0.00588696411860449,0.00890969666462816,0.00889774969714469,0.000509314678540661,0.00126268810412091,0.0068047870104565,0.00417256835214749,0.00705276175620386,0.0232590683009624,0.0152388122739482,0.00143211814629096,0.00210091317663843,0.00131569106766152,0.00122160189392104,0.000374111485222238
"C[Ins(T):R(0,4)]C",0.000647483663059335,0.00157618691250727,0.00124373981828319,0.00166198795836054,0.0240284678246686,0.00746682992897141,0.000164060088960549,0.0026696876137027,0.00109017161810562,0.00769990289370886,0.010532879492856,0.00672575609865808,0.00231523063202502,0.00285314233918454,0.00149771053953278,0.00913740324240457,0.0116735613345939,0.00286177995872543,0.00195452288256986,0.000274887969608538,0.00166544999657551,0.00932726804213149,0.00532266755511896,0.00599623049586667,0.00174888914298961,0.000370968612145787,0.00867122595825432,0.010940360789954,0.00370184600186836,0.00460600323830621,0.0254569891796523,0.00988356718018506,0.00158414210670274,0.000507453523145117,0.00210023770377892,0.000411810068681093,0.000476204853676518,0.000375446979713159,0.0065349253828173,0.00583344767707515,0.00671617002630586,0.00447677610668904,0.00205351522563006,0.00250570669162063,0.00486094644843024,0.002610829295297,0.000742525721544377,0.00455603936299431,0.0111329570540142,0.0160068317860848,0.0062630510131959,0.00162194437296138,0.00922825062142904,0.0135991052365628,0.00816326530612246,0.00315457413249211,0.00316407799664884,0.00184662876609559,0.00363039012223071,0.000940549509743808,0.000794465371310976,0.00615638149918394,0.00554777836635847,0.00904804916601427,0.006018217686247,0.00727161572676789,0.00972697992123223,0.00303983604024626,0.00243961352317334,0.00264262663475686,0.00450727036714095,0.0130938488616657,0.00153805156445542,0.00692018828970177,0.0203460796686804,0.000681056204078856,0.027181327844012,0.00663537605419682,0.0214037341559083,0.00699599695873136,0.000741476069526017,0.00118375062296984,0.00263902369798186,0.0014768793491734,0.0067648829068918,0.0044883667202988,0.00474277667111976,0.00552423987521566,0.00675602103672599,0.000536379887712569,0.00309597523218534,0.0017448177248638,0.00361552645596321,0.000548697990962996,0.00166045504637442,0.00580012547460996,0.00596483569054076,0.0112152084865372,0.00275182642294855,0.00122211718459294,0.00305901808889123,0.012831939723581,0.00838526055455829,0.0126642411781674,0.0160511592676733,0.0203195782789739,0.00150990830389851,0.00357409690470419,0.00299144709784651,0.00107953711298112,0.00336700336700361
"C[Ins(T):R(0,4)]G",0.00027301330969716,0.0133519486632625,0.00270365786703888,0.00178458638648999,0.00702039885124276,0.0115015917137948,0.000125685042583629,0.00693880225799087,0.00789631906688233,0.0237474835415551,0.00804790455039696,0.00324494228354213,0.00010942217211783,0.00292659332505895,0.00196741962538744,0.00458962842441483,0.0045825747638007,0.000885255669272073,0.00565819531882559,0.00288845073984351,0.00348328984780425,0.00324769073940404,0.000831033734830643,0.0172120656541575,0.0019381606501213,0.0026231499345644,0.00702834680236592,0.00657603426633718,0.00121306562666679,0.0292323347870902,0.00527788738943653,0.00861759113538138,0.000644170202323869,0.000791780127653909,0.00085448587886833,0.0000710427634462523,0.00113648764310074,0.000345581048637413,0.00640846748286004,0.00971772194476755,0.00623823021674009,0.0061892466842228,0.0139112672989004,0.00132883651607627,0.0041302722188249,0.00523519841358955,0.00137892105265329,0.00276830896187295,0.00549813734303022,0.00915986999358074,0.00149003865747525,0.00684895526422223,0.0124531874274032,0.00931976274004007,0.00734693877551021,0.0126182965299685,0.00252271283711869,0.000828952542251681,0.0338640949477916,0.0000521041154966662,0.0034335173256254,0.00235880046231106,0.0030023910245137,0.00159159710038878,0.0131815632172501,0.091162991514161,0.00131847362178397,0.0012558007728756,0.00397785418331464,0.000606737750031827,0.000000000000197534095291151,0.00884034213183062,2.2221763565495E-039,0.0108996253503745,0.00478855370012945,0.00962805240018912,0.00337869665282228,0.000920806100571855,0.00632408125656904,0.00395879003928863,0.000322075966191577,0.000445920513110774,0.0020534075210772,0.000793524030448702,0.0105108507062923,0.0012731649621935,0.00622349190646308,0.00501768060969333,0.00511402882616166,0.000852227062933532,0.00773993808051132,0.000085635570208456,0.00285045852742377,0.000303036023438964,0.00361646524984562,0.0157765541571491,0.00335739884116378,0.00659305578295432,0.00791545356197179,0.00151563337713387,0.00464990488590721,0.0175434595821409,0.00225355880509332,0.00540383981288908,0.0127817231681116,0.0125505096246844,0.00173955434544797,0.00526613406607117,0.00476334954552213,0.00121821483801528,0.000374111485222559
"G[Ins(T):R(0,4)]A",0.0000971587098000736,0.00182635619598444,0.0000173592141948945,0.00129440042329619,0.00057179064643468,0.00931002164192591,0.00440611003189483,0.0139131878366513,0.00234721799190224,0.0502929751054789,0.0135039166020553,0.00377939428380314,0.000301069036566867,0.000294390811580442,0.000292384315902079,0.00702314487364537,0.00353484961413547,0.00173805380061638,0.00948229098473846,0.0019198571840626,0.000582550017419108,0.0068768894729724,0.00183495186130872,0.0527227593617228,0.000731092383661813,0.00272995071044878,0.000615666959760681,0.00777614579616607,0.00334365175447759,0.00241305939539019,0.00644177926872653,0.0026214861580489,0.00198930736306757,0.000834964453039136,0.00117651215495886,0.0000632815837783677,0.0000160921276905959,0.0001633173206779,0.0092133576237071,0.0232517534796528,0.0132078453239187,0.00645783803442113,0.00185543284207837,0.000259582608214072,0.00544157795256258,0.00228928366144129,0.0000675175453558017,0.00584351417819734,0.00304880554320584,0.00343367848442732,0.00154597572569432,1.96821513848472E-130,0.00432732163206753,0.00105679170555724,0.0130612244897959,0.00946372239747634,2.02460394725728E-306,0.0000533065433441867,0.00000221696036043267,1.04317217429089E-033,0.00000960771267200344,0.00455745902027791,0.000548105949549117,0.0104171929143752,0.0462142339392673,0.0159504303803628,0.00644800185499412,0.0131072075697253,0.000750553383837813,0.000257570644129557,0.00310178006865278,0.00380341486578751,0.0000000111018694940215,0.0040211726454727,0.00968166194732129,0.0186013700496276,0.00142009374035801,0.00507606016892526,0.0100307943654667,0.00205694459597244,0.000159573536633061,0.000637152510306262,0.000258267074139854,0.00160117362734487,0.0286759100686252,0.00168777814522786,0.00756377301459285,0.0065428820810152,0.00433561528602399,3.42475068463622E-105,0.0595975232201112,0.000886286768182315,0.00308371547215672,0.000665848756896714,0.000254468639002829,0.0344161758984293,0.00712424004617103,0.0143782833702903,0.0122167824106225,0.000243915392909559,0.000387634130424267,0.00208412801622749,0.0036614855828105,0.00598266038247174,0.00225683996391287,0.00126680003649009,3.81619304197981E-037,0.00103413682235895,0.000245698557907962,0.0000971833009733469,0.00261878039655843
"G[Ins(T):R(0,4)]C",0.000254709225823114,0.000654698277579929,0.000143219038158029,0.000284697936118048,0.00847324577538184,0.00563061627929042,0.000251380428208918,0.0020665779842152,0.000660203950359997,0.0200760157086092,0.0058347244948597,0.00311100109283457,0.00310751250157428,0.000604332481722775,0.000317747093792055,0.00428929508347609,0.00363785611226085,0.000881188204288176,0.00126655145765829,0.000288395805622935,0.000297448811942392,0.00424335906992169,0.00147785900486421,0.0147067289901336,0.00020444424071924,0.00285022212603106,0.000813733976204641,0.00416409703013926,0.00253567897470727,0.00510453350547012,0.00568095755982373,0.00690764732530357,0.00124765657854239,0.000270139289013834,0.0000547319749266622,0.0000000250004299512846,0.00016089748622486,0.0000396703572916428,0.00359892673651122,0.00690316938285765,0.00645670038508512,0.00377617953577141,0.00105383732415788,0.000580740908922256,0.00445374711812268,0.000559317894080665,0.000173180337933077,0.00189829405571638,0.00426772511201378,0.00130140236896917,0.00246889200099544,1.12598384417067E-057,0.00258847580750491,0.000407824043179335,0.00571428571428572,0.0126182965299685,0.000149749185834552,0.00108922627432886,0.0000538241481691167,0.000556845957464185,0.000658366577970797,0.00379574508480935,0.00274745611335861,0.00293330440673762,0.0187670503947618,0.0103981062670079,0.00253506448235685,0.00371958098557839,0.000507783696105351,0.00179166144748085,1.86337209924531E-023,0.00606826738357522,0.00515106056384558,0.00263639959145433,0.00366667437906288,0.00635049743611178,0.00548050980758578,0.00142703700197155,0.00296262126239251,0.00210895710511454,0.0000978649110156445,0.00115001664025336,0.00129301914002888,0.000482750155502353,0.0136193166577608,0.000610876866409913,0.00177544833853221,0.00264619210650357,0.00317703968314593,0.0000164201455530455,0.0541795665637552,0.000936242320467887,0.00193470094777009,0.0000395416987702463,0.000760250476343177,0.0142166546341744,0.00179736245338399,0.00302264030677837,0.00565155299557173,0.000258686696582308,0.000627699656065654,0.00396103813188532,0.0027544496786611,0.00451989879574293,0.000775543231692083,0.00106531284114647,0.000210151995717205,0.000842018078012634,0.000762689171854485,0.00010236982486724,0.00224466891133579
"G[Ins(T):R(0,4)]G",0.000373622854850386,0.00971423217027659,0.00301547294920317,0.00155393580605416,0.00371981901549687,0.00593435623705589,0.00365537681792413,0.00193531132821403,0.00387741614330006,0.0162682952127133,0.015419175468818,0.00135044798151085,0.00516926811201367,0.0026207243136543,0.00141627450566102,0.0120759550933597,0.0237275845983146,0.00563760124867901,0.00517321802883002,0.00109893535242062,0.00166984362385677,0.00308204276593209,0.00169387551262234,0.016001203633848,0.00221463555545018,0.00338152606074379,0.00163868313468935,0.0204721182838765,0.0108034396609863,0.0281931795308049,0.00279206345284806,0.00315852243820047,0.00105938027458545,0.000686852125725542,0.00203777844306039,0.0000876048437669657,0.00045842908845393,0.000616435767196189,0.00567794521676658,0.012452641484286,0.00923100442546088,0.00692295278155334,0.00529883712094546,0.00520341213486089,0.00807300570638634,0.00105539845263563,0.000852387377031116,0.008515325709432,0.0195953689241424,0.00489236806147125,0.00123748745830233,0.00502166926166419,0.0124678776469108,0.00193600298084522,0.00734693877551021,0.0126182965299685,0.000455544236256355,0.0068062359739565,0.0224712066313858,0.000188451646158749,0.000685434524163481,0.000179430336057551,0.013533392481584,0.000077613506462124,0.00972343531632386,0.0823785887535199,0.00200094580620967,0.000000270235705713912,0.00158127457939652,0.00273982570303808,0.0054589511449112,0.0274313948635151,0.00205367985523155,0.00695613475667441,0.00772363227146707,0.00880349388795058,0.00199428852529363,0.00258309635575203,0.00376258278626608,0.0121140912925834,0.000111390281658442,0.00158798723230348,0.00131797681482656,0.000962764766372616,0.0263186908842773,0.00277887767289971,0.00408723329181887,0.00526125650512685,0.0187335127856709,0.000709120777188034,0.0866873065020028,0.000598923027330197,0.0035383341880516,0.00128383724359409,0.00275695112619228,0.016647250040816,0.00492734589154293,0.0104082114294933,0.00257688291034074,0.00127782423322203,0.00324111912993952,0.0151179791178191,0.0116612374334035,0.0258785750496285,0.00213764973962167,0.0026805822128801,0.000514483194941173,0.00424578406026062,0.00251559229236191,0.000464745480330899,0.00374111485222646
"A[Ins(T):R(5,7)]A",0.00519592625655012,0.00690601092423142,0.00040064566044721,0.040512551868496,0.0000968724285889185,0.00201256353527871,0.00790669615290976,0.00673931757381916,0.010266091849285,0.0138835484808379,0.0825558786068665,0.0135754452981177,0.0180858676769135,0.0368561882927642,0.0113582705959437,0.00000000874257592129145,0.00260547038668132,5.30760182818961E-025,0.012130458351882,0.000273881576359063,0.00257975767654711,0.00656049454589801,0.00973436218263808,0.0136847573982103,0.0377372688232186,0.00558401198320904,0.0597470097844743,0.0061436656283972,0.00208549171294902,0.009933742720968,0.00685825406694069,0.0408094854067043,0.00816049036196656,0.00638082417277473,0.0385775944411052,0.00681509573905188,0.00463193568223002,0.000031308261118572,0.0842057397951176,0.0189722952941334,0.0119424970629548,0.0141211168424568,0.00536469976938327,0.0369408198188458,0.00239848496467975,0.0358059477570295,0.0077152662879891,0.00389148242429285,0.0120884577893509,0.0929917624417189,0.024093689054537,0.0365975445760149,0.093150907319452,0.0522064210615364,0.000816326530612236,0,0.0312264517923253,0.0291496042790947,0.00138640429515164,0.00257471827639782,0.0116271302243502,0.00206036181404851,0.000593041753207667,0.100469889176138,0.015335496759481,0.00226337485762513,0.00555121884188646,0.00118713558857124,0.0120007959572764,0,0.00138380271576746,0.00969963495876415,0.0168777282692651,0.0283478730225744,0.00998203483442268,0.0139094375697429,0.0039716783924271,0.00644186262831883,0.00760781166173829,0.000187497316743607,0.0105633844554608,0.00338776297756708,0.0457312324293928,0.00131478774369718,0.020561418062014,0.00940553801398908,0.0461363993329435,0.00466207274618371,0.00372055223674729,0.00718026313936285,0.0193498452013205,0.000851014003769146,0.0016936258940878,0.0130004260754765,0.0375645377145067,0.0111546999638358,0.00189905656322694,0.0606943284264741,0.00814141459706061,0.00695349970608551,0.0252577509352915,0.0641794180454602,0.000000000000356292692068074,0.00757267836547593,0.0414499197219227,0.126675532773981,0.0208918680464703,0.0355720533223811,0.0201926833475999,0.0109834238013238,0.00224466891133581
"A[Ins(T):R(5,7)]C",0.00507934876671429,0.00183600872903905,0.0018331464395308,0.0373580077684051,0.0256315200137236,0.00541642401322109,0.00200395996263952,0.00839741516398584,0.00153493655373634,0.00320980158597665,0.101349968829092,0.00981434336466819,0.0307844012576739,0.0528123444739347,0.0127357522145548,0.00652998177809167,0.00093262207607427,0.00134898587155379,0.00883693674375547,0.00225714787655583,0.00301505305688588,0.00838074986182101,0.0100866568479756,0.00554196898833068,0.0492546148016435,0.00763589260242311,0.0422201329688954,0.00585964322816289,0.00163948694509909,0.00890828169072607,0.00769199649299324,0.0379446415849402,0.00536241030646179,0.00556314965338143,0.05066011029477,0.00275211497077212,0.00463226721011895,0.00159057412968303,0.0990133774153467,0.00346971319780444,0.0121516792373252,0.00987643602263911,0.0146028425077703,0.035540507057714,0.00265828536772891,0.0264107076168219,0.00500441712241253,0.0000480556585883987,0.017631783502901,0.0675067743621545,0.010253078614065,0.0442884661258903,0.0938918055262027,0.038331095835293,0.000816326530612237,0.00946372239747634,0.0187418204742168,0.0307655955052015,0.000677408967164585,0.00239410547770519,0.00701166152586894,0.0124415275524212,0.000478945363202167,0.130745525200802,0.000252128755838138,0.000292452180351308,0.00512970929091146,0.00104368046218524,0.0113153950274187,1.92280416248504E-036,0.00417302396025753,0.00945986854915661,0.0110576947107801,0.0437810815677323,0.0167754807531968,0.0054582797585823,0.00650817103005025,0.00431912326506195,0.00456275428063669,0.000000000934179231543962,0.00634207787864178,0.00231194698521066,0.0561345160767639,0.00311246288797714,0.00425191673957949,0.0135346610881143,0.0515788359496485,0.0105115480099143,0.00552448835854512,0.00338168856503199,0.00851393188853515,0.0012822999698538,0.00546758291837185,0.0131259650384849,0.047563118549703,0.000818127745645987,0.00391564603992535,0.0591929681350288,0.00310104975502106,0.00272357420511225,0.029136962983097,0.0768257527239709,0.000000799183400665036,0.00513065076873796,0.0274886284465829,0.0994490269768356,0.0103262509154753,0.027890349971139,0.0258298374563919,0.0067397557332149,0.00149644594089029
"A[Ins(T):R(5,7)]G",0.0075291743710324,0.00505923815095138,0.000847953987686973,0.0263565098232989,0.003589962528858,0.00188133299213853,0.00190284051117318,0.0236126682342983,0.000892641529497369,0.0421528666566334,0.0644382510323328,0.00792884420341949,0.0183020537573992,0.0478468518806583,0.0130817918334763,0.00342755896175486,1.55423916176071E-033,0.00115913175869481,0.00268912498014579,0.000561000934808189,0.00198403999687961,0.000125069036769295,0.00920694043078289,0.0411731579186983,0.0258585216700332,0.00260207141397899,0.0257815247714391,0.000253807427841474,0.00255748506569715,0.00849640834348594,0.00428470861202454,0.0313057535511498,0.00062376288929125,0.00324106978255783,0.0443576125606461,0.00283745094938509,0.0060184331158152,0.000523127714541825,0.0648735303017728,0.0622301035936495,0.000185192648134767,0.00247165961008696,0.00788185254325688,0.0100998933958955,0.00106537934593821,0.0145659632100767,0.00684054237783591,5.56738641512592E-020,0.00577832358240518,0.0201459111838395,0.0113353601462685,0.0347592209729693,0.0949426912493269,0.012527702552504,0.000816326530612241,0,0.0102178126065745,0.0212894495883622,0.0083427064013281,0.000402678281342016,0.00630327209421299,0.0000001651805503441,0.00165975035967273,0.0976765744196156,0.0499457739572561,0.00257327818958757,0.0000363166073581354,0.00000470052548088307,0.010974683044264,2.16146783012884E-153,0.00288059300170387,0.012467653249171,0.00794873628470377,0.0257676538245082,0.0102926290455587,0.0153107110606177,0.000677403163426966,0.00585749825875171,0.0077876577075188,0.000978952192031296,0.00711166997196336,0.00347598769321761,0.037495849512932,0.00170048899331732,0.0389082638947927,0.0131015825916599,0.0338652230162046,0.0000999754873041095,7.15334673415099E-025,0.00448079705245075,0.0108359133127528,0.000252033205420983,0.000381839864493351,0.00964008049267062,0.0313870485926186,0.0461948529238085,0.00162126166471038,0.0429323344081575,0.00172071973750938,0.00576431757401798,0.0534768419603019,0.0583778856750396,0.000900788884423526,0.00319034160232338,0.0131731281995878,0.0399961158733961,0.0105518289561928,0.0300791156860431,0.0253087316548704,0.00486765023136011,0.000748222970445281
"C[Ins(T):R(5,7)]A",0.00418151031904792,0.00169707175787653,0.000123951212730728,0.0170861305604455,0.00350506385636808,0.00310934526366032,0.00487104989065677,0.00972221915475416,0.00486069721722276,0.00413301762809075,0.0403710860280593,0.000643864426389367,0.00369862800174842,0.0174160180225376,0.00449713327783219,0.00388248434954107,0.00297783546456078,0.00107635234977158,0.00222647934417586,0.000498282483387627,0.0019870085904576,0.00492488843962045,0.0018453649781114,0.00272940996473441,0.0185152404846018,0.00209955631686733,0.0293763052744466,0.00459481050494927,0.00291664541889457,0.00480944741536613,0.00652750922059479,0.0183274254009756,0.00440080465445143,0.000507629137736327,0.0178438921397172,0.0051050106671447,0.00119949607931516,0.000170356323239063,0.0416726999646178,0.00328242883391879,0.00378558210812081,0.0100110544934016,0.00326977415636519,0.0224748568985791,0.00185259862822212,0.0150336896788638,0.00239328461433136,0.00173069358542544,0.00758898017986088,0.0647483336505956,0.0153208777512806,0.0113274938727887,0.0347736957005391,0.0376797680882325,0.000816326530612245,0.00315457413249211,0.0110662167992535,0.0138104518235144,0.00133645521366363,0.0000635533576543256,0.00583154465027054,0.00336299653844225,0.000145587948070831,0.0479880470942765,0.00242862166102823,0.00175111559875224,0.00651774100659205,0.000821942301552962,0.0051123040803911,0.000286125335851821,0.00177644018186188,0.00438547828065523,0.00349961942144177,0.0138638065804839,0.00270838759979831,0.00351285782224282,0.00192206607157306,0.00729610821097875,0.00237365672467952,0.00263087384180206,0.00447841571897053,0.000612804134533086,0.0260961158974554,0.00246246128960301,0.00397919195590776,0.00559486598069122,0.022471371587005,0.00468601683020521,0.0046045303021677,0.00294012326302098,0.00619195046440538,0.000750942583660391,0.00194180960882649,0.00837890075489055,0.0168353614467522,0.00166527639584168,0.00531688327654356,0.0326796863049119,0.000204377237127427,0.00270401904740452,0.0122275102231178,0.0245659249530431,0.00240270233909731,0.00458495697830715,0.034169286380075,0.0831239990723698,0.0029688373017612,0.0157298417085704,0.00828255591393701,0.00467375594411848,0.000748222970445152
"C[Ins(T):R(5,7)]C",0.0035059011656425,0.00173884965545238,0.000376675688399644,0.0178744735291222,0.0107712402618852,0.000118921409717058,0.0034147034381611,0.00741536470688216,0.0059995564603834,0.000342548001864048,0.0555872447162576,0.00135805839520337,0.00814737046776177,0.0344025414312091,0.00675005025547542,0.00396098097124873,0.00406477690566995,0.00252500564115287,4.60879380021142E-023,0.00132410076863687,0.00282020486820905,0.00323210747281271,0.0055208499905302,0.00247625835949725,0.0275770927571847,0.00231728602658555,0.0236261729078046,0.00203709456207035,0.0029542960858823,0.00720649253568049,0.00653255390141611,0.0231404260254121,0.00295257456533383,0.00272251622214293,0.0249910623356512,0.000842075486356099,0.00442846345396911,0.00108761183802766,0.0471421693121085,0.00472935172845096,0.00352943290484172,0.00974607051885164,0.010500903150192,0.0186733920338041,0.00302247027230376,0.0214185077847043,0.0028821165234879,0.00282599318661791,0.0112479994732995,0.0554232847902805,0.00926835677598958,0.0179637479207197,0.050909384513218,0.0344787265421732,0.000816326530612242,0.00315457413249211,0.00877114447002244,0.0174695812034222,0.000793681618549223,0.00190048018148159,0.0024340918946848,0.00711215222596083,0.000804993986893678,0.0711102087575746,0.00162780633637072,0.000866897024844412,0.00120842540851702,0.00217684960089271,0.00606096568295161,8.06838315372808E-112,0.00301336524123681,0.0064678683729768,0.00518476197675729,0.0237888658552402,0.00328674830159665,0.0042716854309446,0.00361410003901822,0.00341268003812947,0.0037516281496274,0.00256003088018264,0.00487794295216371,0.00381999300269183,0.0304573865072985,0.0009081544526954,0.00227688808448331,0.0064805363401404,0.0302556359883305,0.00167340845570273,0.00597809341416052,0.00157468248206268,0.00541795665636725,0.0006134867218265,0.00223623793882666,0.00601585771564108,0.0232956778398093,0.00305709114067156,0.00236830711359094,0.0352536691950169,0.0023452317273509,0.00197305497141451,0.0208124589307194,0.0421391628715515,0.00348360436086958,0.00684028490110208,0.0216559597504029,0.0820450319369977,0.00000000262868860423851,0.0158457227639367,0.0151101432351043,0.00345257566095344,0.0014964459408905
"C[Ins(T):R(5,7)]G",0.00446852395586711,0.00169932947305634,0.00119679419297023,0.0198913612930289,0.00420374946714293,0.00248004507933756,0.00236368774047263,0.00321061497693777,0.0019625905223285,0.00523239387783228,0.0356616719306142,0.00426865467093606,0.00934863301496434,0.0333213748212681,0.00689287279049392,0.00178592177094288,0.00124471976143927,0.000730329496725663,0.00538398103730427,0.000443710926174891,0.00102758557128081,0.00101895688128135,0.00771718803897428,0.00595858369188731,0.0226143249963701,0.000491617334093324,0.0159423535364682,0.0027005129654039,0.00201706139381675,0.00765936461943943,0.00136188700289533,0.0204245825479292,0.000667318626350136,0.00113818512846113,0.0229996402912811,0.00197351087752131,0.0025930941171467,0.0000447076335979622,0.0386543276660472,0.0132691435682674,0.000998497974822837,0.00403146803590937,0.00862246511428725,0.0142467712307435,0.00204229100398047,0.00831588579332983,0.00378338537707316,0.00130546115269024,0.00592704988131091,0.0179109066493458,0.00963377157859697,0.0200991894261904,0.0402936530697907,0.0112728420031771,0.000816326530612244,0.00315457413249211,0.00586246899090392,0.0153623225564749,0.00553754444908756,0.00168936205596877,0.00117390346319404,0.00115097377311665,0.000574796755906885,0.0593401260740975,0.00541411358677513,0.00215297131161254,0.0052379113614791,0.000982207839218297,0.00656663962281913,4.67970598598826E-033,0.00315544990245031,0.00778392022553,0.00362950264189197,0.0196794330295949,0.00422571647360576,0.00309530551634551,0.000946495644191468,0.00401238399163691,0.00394639002014677,0.00201710113587821,0.00679606799267953,0.00110449490442961,0.0243111935453418,0.000764452375385295,0.00998553335176248,0.00699471184550603,0.0207452604707547,0.000730265279182727,0.0000168873563276694,0.00249251262579161,0.00464396284831898,0.000451578245153858,0.000324102825945137,0.00259617379838047,0.0216890949085377,0.00590080960877621,0.00197962063677997,0.0310761080415567,0.00186874686242405,0.00390771741947297,0.0295087440805287,0.030054342199979,0.0016520436847503,0.00501867953327202,0.00815178978576804,0.0352280836314841,0.00513705075393517,0.0185537065260601,0.0159022373668739,0.00347876167774068,0.00112233445566792
"G[Ins(T):R(5,7)]A",0.00463523573750672,0.0000354283358254689,0.000693790524340205,0.0156051175890035,0.0023325567132038,0.00370566803600707,0.00184811266057296,0.0123211406478911,0.00219890161377075,0.00491977268798094,0.0369276663741685,0.000682818935301913,0.0161760463105536,0.0237562173213422,0.0077719099803368,0.00193988431337025,0.00142402172396619,0.000767715507960704,0.00371016879227251,0.00155111678960112,0.00390745746683384,0.00359775548669343,0.00899346940918602,0.00213608458751447,0.0186584181216728,0.00364520337460968,0.0247655923779095,0.0066070494692035,0.000806919603114331,0.00430384680403589,0.00165831288997765,0.0485617713256941,0.00385772547731801,0.00210175719487894,0.0182464195634275,0.00334894123147869,0.000520989736331305,0.000459135595787256,0.0399866694267059,0.00378238410939368,0.00503407379605645,0.0116778658751904,0.00425032581422901,0.0192111709048091,0.00212529340373465,0.0135017077975564,0.00431791743904666,0.00232145626325364,0.00555696144254139,0.0464108598895862,0.0140782398292857,0.021473656952247,0.022432499728126,0.022923106698737,0.00163265306122449,0.00315457413249211,0.0138834954718493,0.0141375424397796,0.00100552190486922,0.0000778776716742122,0.00481547620465076,0.00594162048395644,0.000361072275948778,0.0361274746948691,0.00266918176421093,0.000593177478513133,0.00208905010661151,0.00103671712820469,0.00645740663345843,1.29397200769643E-065,0.000643121058883219,0.00338814896027469,0.000261355323094358,0.0135898116773929,0.00296058283651808,0.00317070761661859,0.000430927862425312,0.00340984215460345,0.00600430984725179,0.0000827687176099872,0.00413520230224999,0.00258937778174799,0.019363553854967,0.000623163793040065,0.00946774785401245,0.00657269345974695,0.0184029949967466,0.0052067784098995,0.00459641095434818,0.00418713635910008,0.0108359133127253,0.00010999485756087,0.000622123202055026,0.0058983104039283,0.0153468025402054,0.00191578198293147,0.00422807447747291,0.0318345929465893,0.00142697892398961,0.00428394685597004,0.00976548833065092,0.0231892396056939,0.000527512661312173,0.00348065227933669,0.0180566822184784,0.0556222153547646,0.00736130827695583,0.0209027031223553,0.00766327719212485,0.00447802114705836,0.000374111485222629
"G[Ins(T):R(5,7)]C",0.000754966247110596,0.0000841770796201474,0.000350008876886813,0.0229595193301539,0.00997449442184852,0.00313543503248602,0.00189793953626659,0.00497275208793122,0.00288302344518802,0.00311559778041694,0.0386819745202877,0.00260792369650887,0.00654380940939549,0.0371193856269916,0.00980393550960928,0.00138345734065906,0.00242076141131285,8.29784119398496E-044,0.00333330074071883,0.00174679464041172,0.000430836105357201,0.00396978146270517,0.00915675421487368,0.00275931910601439,0.0336391936685281,0.00391150449665633,0.0222202905341998,0.00469485831846508,0.00165470474191576,2.0230652960872E-037,0.00303895384231782,0.0632742660016302,0.000524612959005018,0.000640424078462386,0.0229593931359805,0.000770409340282317,0.000298849932090916,0.000506388004327814,0.0451764143917063,0.0110107571324723,0.00287566560424876,0.00914174549962454,0.00541295466473991,0.0176994891880541,0.00325701511906605,0.0111353762182667,0.00460269606376594,0.00101716877198568,0.0082301084441252,0.0445855831016035,0.009549001436178,0.029281078633393,0.0376209125335656,0.0227616367227564,0.00244897959183674,0.00315457413249211,0.0119149331369817,0.0172476470894114,0.00105221796031381,0.000781124488171444,0.000879960122673154,0.00315173549591534,0.00120309309554352,0.0510708328739923,0.00106162343862214,0.0000766509320141281,0.00711390423092075,0.00120437985808287,0.00753540979472428,0,0.000472850385773326,0.00626660901654224,0.00411900850143467,0.0217266907281144,0.00383182014085933,0.00567651468569765,0.00395927244279201,0.00871952946468647,0.00525963128537534,0.00159459568642327,0.00107950905666398,0.00265815740595217,0.0270207137789073,0.00322173239827295,0.00588060325017406,0.00586167580759093,0.0236335507881114,0.00039776826334937,0.00694737732964072,0.0030078830765788,0.00928792569664362,0.00060005694698728,0.001019965368893,0.00458251543830036,0.0177863878131561,0.00294210833831798,0.002621981641361,0.0288053987311131,0.00134067838289878,0.00378214362091286,0.0163127141096827,0.0375793949942808,0.00225808237020952,0.00392299720777478,0.0147854714849424,0.0552887342930182,0.00549877406744846,0.0215814148344994,0.0123867256439319,0.00408306447744073,0
"G[Ins(T):R(5,7)]G",0.00385193813493401,0.00313695493264706,0.000713069282017961,0.0161758391887022,0.00540921152772464,0.00921557667176599,0.00196442809647214,0.0101610601756391,0.00353737463707557,0.00587472546232297,0.0333449569957301,0.00109621581841029,0.0100723220281473,0.0456337096733565,0.0139977855235192,0.00339055370672046,0.00528579620983865,0.000659520834987907,0.00551606580760853,0.000245819439019446,0.00210945975960698,0.00312863998669377,0.0136976842357,0.0139154964997555,0.0220695342136253,0.00285516147458952,0.0174384923377842,0.00592757324537772,0.00523824915695897,0.0058081639780943,0.00444073236999082,0.0632699847644111,0.000485544623189335,0.00133071985103207,0.0267930266234361,0.00186747805438939,0.00275947706775083,0.000435993741008998,0.0425211146536818,0.0279943042565559,0.000188975068073454,0.00566560469822521,0.000687012130355932,0.00956650123139831,0.000504755055889306,0.0077732857668814,0.00737328230899523,0.00118876196841501,0.0078075599034231,0.0136844114030435,0.0110828671348852,0.0336724670932637,0.0388100213231825,0.00786396774815797,0.00163265306122449,0.00315457413249211,0.00880613481697578,0.0179309573131453,0.00333812096598079,0.00172205000936632,0.00202078162629807,0.00194455944815254,0.0013479640746578,0.0474282383845072,0.0118065959978923,0.00281262833834464,0.00108928556280289,0.00029791775015759,0.00977355762207506,1.69924663553041E-127,0.000842690559472008,0.00908163884783562,0.00359981467052111,0.0190639820102512,0.0063322019375044,0.00766981256908751,0.00109924228389545,0.000427607484979729,0.00215616891355321,0.00253314664417976,0.00340698615963474,0.0000643398862067827,0.0239189302125936,0.00026607512214161,0.0161420383486273,0.0107860918912649,0.0200100033692208,0.0000624248835096439,0.00684665497756951,0.00491739283911736,0.0131578947369152,0.00102934987599831,0.0020471869692186,0.00436083848005605,0.019667488025563,0.0124736413827593,0.00214536708524203,0.0240266741615429,0.00134417684082429,0.00700681155806062,0.03359293598249,0.0323419228919703,0.00234873453521124,0.0100553179677534,0.00362431967731204,0.0281201286642892,0.00837938285508363,0.0314300797955176,0.0153250818929404,0.00398615816837164,0.000374111485222439
"A[Ins(T):R(8,9)]A",0.00468594010760792,0.00135279899029441,0.00117630925966434,0.071057610518526,0.00473611036545517,0.00364630839405199,0.00858490872326866,0.0164762283575142,0.00734294025524713,0.000465854666592747,0.0318219167150129,0.00298612211800792,0.0133048137174749,0.0335823838434519,0.0119805318292362,0.0043609029348165,0.00330024378710426,0.0388844740969922,0.00603778607679809,0.00438154884567532,0.00436704580389941,0.00202073667718035,0.00207384250761274,0.000829999230715569,0.0546271793931207,0.0116265571574811,0.0185103316893689,0.00582456898983521,0.0307178774410093,0.00920483486649779,0.00466388644750386,0.00980668200649386,0.00568708153258547,0.00495251590511655,0.0889946457844925,0.00349323482156102,0.000834730878943615,0.00166766711953294,0.00670983413380075,0.0174035857970986,0.0173389684562775,0.0120693332904344,0.00617848163971006,0.0417781277380953,0.0042570080437369,0.0268357449397973,0.00535719228055082,0.0335024757172433,0.0056784327797048,0.0382609024414297,0.0199466044257625,0.0416122949288686,0.0409149618463684,0.0187273947996645,0,0,0.0111622878604315,0.0874840271214371,0.000145008530890266,0.00200547486806587,0.00118528301175375,0.00130755129152042,0.000621041264326524,0.0164441623210409,0.000653157783353164,0.000599818522772298,0.00103888955181494,0.00181379524605295,0.00473656408996724,2.3227694024575E-103,0.0208493791187964,0.00577518375607317,0.00850080289851474,0.0273858522523921,0.0059267709840225,0.00505290068912192,0.00122804915388339,0.0111396776849181,0.00501530258358908,0.00881361819085706,0.00931203186667482,0.0065557109811343,0.0683963948991583,0.0028499464663541,0.00198685790068766,0.0164960031373334,0.00407856985079843,0.00577734055105362,0.00324211848454859,0.00414182416780768,0.0216718266254755,0.00133631215339254,0.00163341049283288,0.0024521609459681,0.0721070723409024,0.000065217906163332,0.0185003893219981,0.0129043167169491,0.00643581687239542,0.00684073490784346,0.0246434000455961,0.0270464062217094,0.0314383317363037,0.00000000323867118095966,0.0175883335878751,0.0396711123177682,0.0126946961866445,0.0419474816015312,0.0129679635373038,0.00819803776407948,0.00224466891133574
"A[Ins(T):R(8,9)]C",0.00318615700134246,0.00343693950715319,0.00236134372604627,0.0803577818520426,0.00171459449340265,0.00790908835927717,0.0024405957176092,0.0103180074239063,0.00284889961777401,0.000000000807851045616408,0.0291658734889149,0.0075177880704566,0.00450021158594271,0.0435382287485153,0.0130633701471595,0.0102344510864694,0.0113940454526023,0.100719008176392,0.00606028565999637,0.0041566462631093,0.0012803077469106,0.00161343524841651,0.0021450771055027,0.000400522283452054,0.0542478751344959,0.0124877754122026,0.0232517246664233,0.0123411858640352,0.057953163721641,0.00703307286755404,0.00794450471657091,0.00865009120877582,0.0054636278577105,0.00466541673014904,0.0898279174222023,0.000650132903729223,0.0029827483320985,0.00386527851115027,0.00634396952245664,0.00319719409192983,0.0216300496287547,0.00994136462812843,0.00286795705444927,0.0516128738278636,0.00534696653750719,0.0130791033227102,0.00531884526628245,0.0874202593334112,0.00660254140085318,0.0490984440163963,0.0169027449602412,0.0462812845832421,0.0466406282857757,0.0266096179290253,0.00244897959183673,0.00630914826498423,0.0154827196918486,0.0893915575053594,0.00003049084352451,0.00206442837258792,0.000849336321424178,0.000491773834615616,0.00156429551895432,0.0152622619276421,0.0000483024468401999,0.0000454820432481346,0.00234731752141387,0.00272371458149317,0.00465202029964832,2.93144355917028E-106,0.0490948448707932,0.00671967568240254,0.00899849534229127,0.0309562386057806,0.00261386098495521,0.00232208704091354,0.00186567020327461,0.0068929545923308,0.00846211233817725,0.0225860299639336,0.00666701144941224,0.00382513720858762,0.0682532986256808,0.00225579705552968,0.000813422915355197,0.0186675624703206,0.0071125840808368,0.00959317684920188,0.015503006554622,0.00356312606817045,0.0147058823529707,0.00155079280654364,0.00783158798144192,0.00599562279304806,0.0668991411482238,0.000237992079927073,0.0137004950076516,0.0097003860326877,0.00457841762921267,0.00482907243479997,0.0248846204187602,0.0318760083420454,0.077513645653488,0.000931938923921893,0.0214268293343004,0.0509314280447778,0.0163419766955195,0.0337726392588333,0.0142438604974972,0.00900600278166342,0.00149644594089017
"A[Ins(T):R(8,9)]G",0.00224173301739164,0.000320629433952386,0.0000880470247606311,0.0564150624664539,0.00189309938105697,0.000659732358124168,0.00915494169029961,0.0155165043615761,0.000403477441998272,0.00683565249749624,0.0144213294796635,0.00418600960290606,0.00381556732605116,0.0231772901624832,0.00844064031685905,1.27267566188058E-054,2.8168683866729E-023,0.019076281207046,0.0118613843336752,0.000535454084685089,0.00187385624522461,0.000227105038042533,0.00806771445996631,0.00803063706898928,0.0334465997079727,0.00391209716530626,0.00838103709969868,2.32141808625807E-109,0.0119110081902666,0.0107796485900835,0.00312653310416654,0.00517152994579365,0.000978921569623819,0.00190014718759253,0.0666226544248063,0.00154724713546442,0.002584262956811,0.000583682481253418,0.0012687327409074,0.036161149764878,0.00625689668328713,0.00247465660635345,0.0013746658223368,0.0204905596631409,0.00335162136871331,0.0157055757825708,0.00333209611551956,0.00754914903149249,0.00236249345530225,0.00934608430141296,0.00821023315733734,0.0278632569462745,0.0273813538016923,0.00371131152988066,0,0,0.00524525782130418,0.0604682281577619,0.00116317767615092,0.000837478884366596,0.00147535588978771,0.000000531931853209558,0.0000536215475601296,0.0101442375459325,0.00359169295195271,0.000072569186012792,0.00158313718291231,0.000000196159971841499,0.0029038489738171,0.0000000000327970776202515,0.00818479296914786,0.00130847457406522,0.00877811273773806,0.0184989334403564,0.0029236499034129,0.00494435710352142,0.000813271943389503,0.00353561003387807,0.00558268510459715,0.00481976663252994,0.00280959358696402,0.00151607091359841,0.0455595055998408,0.000807981045890399,0.0161031941689262,0.00857334165608428,0.0043930950259348,0.000861626310871634,0.000993742257876297,0.0023392515265662,0.0077399380805336,0.000705135378582606,0.00325966189492428,0.00224354218979899,0.0529879841777033,0.0179350140235041,0.00592619177486866,0.00315693945503326,0.00187012579595091,0.00451607937948482,0.0260700385467573,0.0109111325310259,0.00928533822921182,0.00185462237536744,0.00666099866335834,0.0115370667189646,0.00819052153287919,0.0272580064906431,0.00778443598988376,0.00436489994221714,0.00224466891133578
"C[Ins(T):R(8,9)]A",0.000621185811259265,0.0012638446349015,0.000838163813970234,0.037396394937517,0.000928303210859175,0.00117672660303707,0.00472938428926058,0.00271288276850612,0.00169618318607491,0.00100690984436423,0.0154709555487302,0.00341090451925883,0.00399321078459406,0.0186465158592923,0.00694603343433667,0.00340063755548114,0.00279982022037696,0.0300794437402623,0.00235862850207777,0.000558425630305238,0.00134128911592987,0.000921504699222183,0.000505043686885465,0.00264228566895924,0.0306792682936324,0.00466046015997488,0.0104133586916116,0.00404738324343568,0.0178555472198414,0.0061969325165071,0.00242688016009837,0.00614628293602032,0.00503959954148157,0.00122243864839956,0.0443697168836595,0.00335186695447713,0.0030040816393347,0.000448581108301116,0.00305147652797875,0.00607235734511388,0.00966732177146641,0.00326118094086972,0.00498897449108407,0.0233225573449516,0.0000411365471596619,0.0117887524189511,0.00288719906045543,0.0232061725598564,0.00271666467839916,0.0161441106476083,0.0128197336221459,0.0239779651274189,0.016425883075771,0.00849360323932109,0,0,0.00510432479973073,0.0433089098933178,0.0000016126024990528,0.000852041775533468,0.000104442521203434,0.000379769329279669,0.000600913297215863,0.00982925659631974,0.00101488225583638,0.000683642561275555,0.00239736653061379,0.000223774967680374,0.00316540233782517,2.31869535619311E-017,0.0144888085311462,0.0040350339557872,1.41342227801268E-023,0.0165251690312933,0.00267975485775054,0.00279573507533433,0.00117472758416993,0.0112335630760645,0.00153481382027937,0.00649473018209919,0.00484377215677053,0.00288364336403046,0.0389626975344009,0.00160226687278688,0.0027447651088199,0.00760687308687512,0.00327262564750787,0.00237409833533211,0.00127538149890325,0.00232686979159718,0.00773993808052519,0.000727748572690213,0.00147046696302505,0.00352355936098415,0.0386532753935798,0.00201048940940444,0.00989835765855092,0.00757194006338295,0.0000464897849379525,0.00428167748586749,0.0147717777663169,0.0121330574692067,0.0218345605837252,0.000523433044266966,0.00456226080786274,0.0195211504770685,0.0075677937583052,0.0263514865368114,0.00681783242739094,0.00585097654639918,0
"C[Ins(T):R(8,9)]C",0.00431440804251643,0.0016684651458453,0.00125880441860388,0.0487968785379465,0.00183223279326658,0.00157262991063434,0.00401288867576443,0.0041702762709423,0.000642603795806038,0.00139452138311166,0.0105278865428348,0.000465614242312758,0.0135248246306821,0.0307938304472269,0.00936924410483349,0.00582009657189333,0.00860924872569016,0.0760529550685883,0.00984045826187294,0.000913420224412651,0.000920656199351912,0.0000152349057388576,0.00309592392779993,0.000517210462227265,0.0367662950958775,0.00567233862633125,0.0195582408290231,0.0049900443928624,0.0452613266687077,0.00197442730785364,0.00166075069862668,0.00596345020612164,0.00367777669024793,0.00189716393657703,0.0531916865876723,0.00120341324705904,0.00342413768042233,0.0021845959028977,0.00362368211239789,0.00359802410571336,0.0104322022261516,0.00298415570422502,0.004684042793655,0.0263138475058519,0.00244162202461568,0.0133541913698927,0.0035131091583091,0.0542142897927098,0.00271139473374213,0.029170964328362,0.0124627834158475,0.0316308158970413,0.0233677154242541,0.0178336514781287,0.000816326530612243,0,0.0107210320328125,0.0524934473646209,0.00059280821716727,0.00125052583984995,0.000466925192248764,0.00103989848891926,0.000163375375680263,0.0107041486816109,2.49340092996101E-023,0.000145894380134475,0.00153130627966408,0.00034594473803698,0.0034120492610863,8.85658299408411E-128,0.0379802227826202,0.00000000426795427746524,0.00729985374863129,0.0237462983374346,0.00167025531143215,0.000356004942045355,0.00158696376394238,0.00819500168708565,0.00426498587360101,0.0125911324267538,0.00155274907579318,0.00247289513614173,0.0413920847515412,0.00247964007419058,0.00530685504631935,0.00887103323481232,0.00293333525367242,0.00427544650843006,0.00910999666258799,0.00278812733638055,0.00851393188856883,0.000536667612554224,0.00143680471125552,0.00290029257163486,0.0435680627740265,0.00147606191489865,0.00732588205362033,0.00788419309753391,0.00192592089040414,0.00464800786119726,0.019515913612646,0.0175346223856207,0.0492081646513834,0.000195218015388701,0.00570897525772398,0.0375848312846822,0.0160467748159923,0.0276711161355549,0.00980222448489226,0.00897304881334913,0.00112233445566787
"C[Ins(T):R(8,9)]G",0.00341166983212174,0.00210971083833385,0.000494403172533015,0.0371276681772155,0.00213403419143033,0.00109080314896293,0.00224628608110451,0.00273082080713621,0.00215338993847708,0.00930940310016242,0.0103810439986267,0.00101256283241595,0.00491771026712465,0.0165460441198552,0.00797909696547538,0.000240342393294609,0.00034847238639005,0.0181174756683395,0.00301166572263036,0.000104989988117048,0.00196449075946595,0.00000497188051157101,0.00512954130977819,0.00999457523914546,0.0211551797783512,0.00275097766357795,0.00853570561247447,0.0000572045675629042,0.0118872757792201,0.00401629943487268,0.00314004585653308,0.0065490193374598,0.000887364964611746,0.000333005931623426,0.049841376831308,0.00166375250068115,0.00127945321417195,0.00136290797246273,0.000365836666397713,0.0339431751693696,0.00186015337789668,0.00193135940627051,0.000832227861541999,0.010531407533585,0.00150779422028845,0.0130654380888191,0.00282203225122255,0.00846052652950985,0.000000000136685014948886,0.00474675657967064,0.00676195950340019,0.0257487060373553,0.0162410381940468,0.00202500076052578,0,0,0.00427297596914119,0.0443943242396862,0.0000788625020920665,0.000517300347088876,0.00141257481218557,0.0000140937730707476,0.00108670775483692,0.0069381798405588,0.00503915042695513,0.000385340469390773,0.000579777685863895,0.0000678084665631232,0.00261574224316418,8.71566116167143E-120,0.0104405811038072,0.000351924521598923,0.00653942331300353,0.0179129413477454,0.000856041631096276,0.000235307044799341,0.00141077601770554,0.00633925981518142,0.00532690465983277,0.00391297657247113,0.00455591561898777,0.0011015668920255,0.0329662365121094,0.00042213571239527,0.00899235881442455,0.0117170367016757,0.000617963298869984,0.00055247400620173,1.46516010219639E-037,0.00187850158193013,0.00541795665637379,0.00030646744452487,0.00033472800525054,0.00177241480111814,0.0427003676879653,0.0178957928737159,0.00226661280323279,0.00122482442970294,0.00190561256809538,0.00498915665374017,0.022733918627136,0.00683963671080508,0.00843694598679984,0.00147685139200667,0.00205150403613886,0.0078515008622093,0.00847467352941904,0.0281542995236138,0.00557718527197632,0.00455316691232644,0.000748222970445274
"G[Ins(T):R(8,9)]A",0.00111621339849404,0.000938567074451725,0.0000705119982714273,0.0412546967238458,0.00420123419596236,0.00227722682585587,0.00423884743317742,0.006019349195065,0.00564444985997573,0.00392562343263781,0.0132173388853989,0.00161379742604627,0.00664247383507958,0.0228473731383045,0.0101208820991692,0.00498862171311029,0.00968415791142676,0.0621242196463615,0.0065877453052609,0.000916440447340643,0.000315530163307691,0.00132525058782907,0.0029119229122748,0.00130234888023553,0.0344355994595007,0.0107258875097547,0.00897480261685367,0.00536149291028804,0.0446713641227827,0.00362798610817824,0.00252627495305113,0.00854593783409694,0.00371579377227529,0.00151260261241321,0.0468468681835612,0.00163186262801432,0.000760663166616211,0.00206103479689582,0.00559971196685357,0.00288535175278305,0.00995882198067583,0.0101711001908857,0.00492677206291183,0.0292182176171562,0.00615115392620463,0.0091687656135056,0.00404017468694648,0.0659800599250742,0.00407222195245676,0.0162262874706959,0.00925516946760913,0.0344366181838257,0.0156274142572048,0.00755858274707429,0.000816326530612244,0,0.00551334103290049,0.0446007256043837,0.000152683424698257,0.000678192255245266,0.000397416528512137,0.00208023466984696,0.000208854582961169,0.00805391573280461,0.000014387049436416,0.0000382219876155259,0.00176417429500215,0.00102234065877538,0.00383413451121893,0,0.0436188620182909,0.0067984610861196,0.00278701629949275,0.0153669741582663,0.00547102877489454,0.00302058567642667,0.000756294267783086,0.00206048196851052,0.00289619181641701,0.0110070660774496,0.00642424495974267,0.00178379939306714,0.0353151826936629,0.0021478024101801,0.000481886063219304,0.0103412964535021,0.00241345963866762,0.00458947400173909,0.00847292306627931,0.00312723620657886,0.00541795665635184,0.000678387077364315,0.000793732891495969,0.000998823787930792,0.0394553834725558,0.00136672402808709,0.00706318857867816,0.00768156508228639,0.00559829439755302,0.0061144829273449,0.0140801754009168,0.0129995716283162,0.0564851994424522,0.00104734517618394,0.00497676449507584,0.0167082272057902,0.00813475056486612,0.030920685073581,0.00875753795772696,0.00491511451090356,0.000748222970445201
"G[Ins(T):R(8,9)]C",0.00179058176946267,0.00413546612728586,0.000160552690269651,0.0433700677198477,0.00124842980190576,0.000826017692843687,0.00504158481470776,0.00285808903891851,0.00116312069415818,0.0000278711915011261,0.00995959933479023,0.00577923330790985,0.00513645744619602,0.027738956784732,0.0110256327035639,0.00941804303028419,0.0273252616906155,0.147876678130044,0.00747156541582243,0.00184573051600902,0.00142890423154956,0.00154610724052063,0.00291482698044835,0.00301854468338359,0.0339233423614747,0.00869649829566696,0.0114174955696597,0.0102323383742616,0.103127635382166,0.00277310579404928,0.00693869300300553,0.00799271417254941,0.00308755757435147,0.00205003583058892,0.0517700177568442,0.00177469407536182,0.00118360486659875,0.00291473162226837,0.00210331171752335,0.00710758993883864,0.0112214762238326,0.00926047804697859,0.00230163053626875,0.0244592652381537,0.000696539724898235,0.00735130137857509,0.00402832340345896,0.147343018698461,0.000000659532262672341,0.0221184398111534,0.00803507245317736,0.0356270073424279,0.0167092605920763,0.0111777035434796,0,0.00315457413249211,0.00792974823610044,0.0481735307959661,0.0001820638608161,0.000966440936971247,0.000380897771538391,0.000581410563375264,0.000494311607500283,0.00564291579586729,0.00156437802901797,0.00029229073369487,0.00196987099422731,0.000286184776875532,0.00406561219996985,4.6563046671119E-118,0.100754175841467,0.00836541390046886,0.00225102581348826,0.0181608148161912,0.00319378322186126,0.00139834158260075,0.00073439439316082,0.00675401659957656,0.00686535529711264,0.0278398166010152,0.00273974623806059,0.00163945231378408,0.0365797008605371,0.0008287782095519,0.00200554795462007,0.00846604698628371,0.00328509041535504,0.00562832526654171,0.0256349189468174,0.00349000193895364,0.0123839009288309,0.000559391260619654,0.000975740482688463,0.00356440755158062,0.0389155531379758,0.00311727404481243,0.00455429179114957,0.0071327737876255,0.00494275308860315,0.00495546939600993,0.0145561322500981,0.015196631467647,0.129395908273479,0.000000020036143014913,0.00741591269391795,0.0231333829285487,0.0103692547335824,0.0276628179893411,0.00873309876689565,0.00623431673548582,0.00112233445566788
"G[Ins(T):R(8,9)]G",0.00283740563447461,0.00042756861895986,0.000104329681996434,0.0335137555681586,0.00923370963585052,0.0000260053958320322,0.00025585323452242,0.00671394060707848,0.00333483917511259,0.00318768680407534,0.0152505806957263,0.00165093390818144,0.00462122578847808,0.0185509311557259,0.00914981175402541,0.00473806681321304,0.00438477916125878,0.0348198588372456,0.00367840595085817,0.0000896805620806809,0.000851473010279021,0.000945376840221615,0.00825069318079384,0.00608756208634113,0.0274916273156615,0.0023122179773404,0.00582529307873999,0.00173650714734439,0.0216902933954286,0.00644950209929937,0.00323789920583333,0.00923708602743429,0.00101367543766391,0.00162153164771205,0.0479791463785087,0.00154176703903549,0.00182074812317108,0.000775994215492745,0.000446728473345612,0.0266795778832402,0.0015587971688433,0.00218069869345247,0.00150684947546267,0.017216060533564,0.00355005208968974,0.0122229525571725,0.00338542741000801,0.0291796263523274,0.00250901269395382,0.00489754510170795,0.00471796963669991,0.0263728914927756,0.0124743591737168,0.00167941260755941,0,0,0.00407099805677227,0.0444516284863834,0.0002306227091909,0.000367882812697858,0.00177569447715335,0.000196527262102143,0.0000287515674994358,0.00348228177599699,0.00411197572866822,0.000172769202920513,0.000199012929153229,0.00101055818889941,0.00303079583140466,2.37459335505422E-117,0.0240269294953986,0.0029542934650062,0.00289243826960206,0.00954025119088323,0.00440604131033066,0.00233035468935822,0.000642389856832962,0.00244962228923882,0.00266871931288355,0.00835738447145877,0.00293148592781869,0.00120342247298024,0.0328847415154418,5.20951249316231E-039,0.00699051173197098,0.00783711386152476,0.0023758748216144,0.00490637396104178,0.00645135343002203,0.00259241925353038,0.00773993808051179,0.000174603609144123,0.000378641975944708,0.00720158630836628,0.0392908232648645,0.0124973125873101,0.00239585001609146,0.00122210263616716,0.000654469642035155,0.00459978947149196,0.0188639296888761,0.00612527848291144,0.0253648936431629,0.00324943484857915,0.00120785640097858,0.00616486644668152,0.00674809037274074,0.0268647504422332,0.00477196282611693,0.00360054686162743,0.000748222970445293
"Ins(2,4):R0",0.00228156019200562,0.00606320317578229,0.00436659045753998,0.0183191210348648,0.0323777369961575,0.0130770142666906,0.00239481348393624,0.062683572336161,0.0078670352121422,0.0954359040164878,0.00431939481954991,0.000492995521208102,0.00405245856695851,0.00640894126922372,0.00563403703386777,0.0225840575324466,0.017295588595126,0.00488014099600159,0.0130950750009629,0.0042414619417947,0.000932180515509063,0.0114370172130785,0.0107708016847788,0.0806704936832031,0.0121885848446956,0.004146961679086,0.0017613649479336,0.016229834492911,0.00530370629724991,0.00707668171728739,0.025601664069476,0.00720422061230697,0.0447526872115774,0.0000567090454847734,0.00553757020331275,0.000389750672466974,0.0109686397223892,0.00188446096722759,0.000978257844137411,0.0818190931764263,0.000537348073970291,0.00186942297907152,0.00349709092044273,0.0365203743818804,0.00644889432924926,0.00534283412388058,0.00202971101438685,0.011566058349382,0.0131084782730224,0.0250286229038456,0.00482127316869001,0.0119602351503497,0.0121203412484505,0.0134590346105595,0.00734693877551022,0.0157728706624606,0.00254861369569907,0.0156655210034025,0.00128217272705546,0.0065730587136532,0.00196735691519432,0.00402934067092033,0.0180983196690229,0.00068241229019698,0.10075385196339,0.000426353097870499,0.00156755350105576,0.000563336567905017,0.00188172629933262,0.000716326212121281,0.00606241560401785,0.0264939858476919,0.00636255843217313,0.0272166647442752,0.0178549713149463,0.0302536051212581,0.015509371291346,0.017761288088096,0.0227534571974946,0.0157413804458987,0.00514286514469392,0.00451199067675175,0.0117192207893382,0.00338711558338838,0.0623475424353801,0.0306083690392667,0.00119322249020541,0.00641147033033049,0.00795533205819983,0.00186271831772534,0.00696594427244922,0.00591232386340954,0.00250550323261532,0.00330819016232514,0.0174546889400126,0.0914570108789347,0.015918631636258,0.00077543199318969,0.00469997379606906,0.00414341878500601,0.0104551217611752,0.00360198606141148,0.00927556138458431,0.0200868738531311,0.0142199104388019,0.00459231013511168,0.00190060167839408,0.0119014968564878,0.00269459745073358,0.00125538271931176,0.00299289188178033
"Ins(5,):R0",0.00300751833459224,0.000587791809278421,0.00144231324634265,0.00545954908645814,0.0251492855553265,0.0216921878976156,0.00365664443796531,0.0164438084818044,0.0422526467651258,0.101324514463477,0.0136340360107265,0.031652162732126,0.0237869541829897,0.00261274513075519,0.00490043609820546,0.0325199308790402,0.0837419029416666,0.0240020332834983,0.0138692149669669,0.0043753913982551,0.00191955532076176,0.0290659342561448,0.0113631077105051,0.075418457600873,0.0176358590511075,0.0107570286417405,0.0015658572511679,0.0710592793318408,0.0353993873140866,3.79422952719306E-016,0.0200156752327604,0.0272055174356669,0.00206491845525036,0.00311626189570208,0.00000875066958633286,0.00751017738121099,0.0139327178471933,0.00773498072624649,0.016745508580447,0.058061556105384,0.00822247792765077,0.0465147553511382,0.00691584378562462,0.0139182722308513,0.00206785097497375,0.000964564756138171,6.60860707244569E-208,0.0263658093434858,0.0616966644570257,0.00867083861789822,0.00299964694675111,0.0106410073387287,0.00452215584986951,0.00543108807137201,0.00653061224489796,0.0126182965299685,0,0.00545463612017647,0.000972012000262791,0.0176041592275733,0.00604056035679016,0.0340193928313192,0.000076411081735856,0.0119411470468077,0.0893920307056286,0.00200019565856259,0.00595287035862421,0.00843179584045999,0.00341143631233922,0.0017840955994912,0.028759699577611,0.0669157464978403,0.0243107820381847,0.0199852686881826,0.0253731444827755,0.0529371915397508,0.00874213374141239,0.00971114519583459,0.0146401904891817,0.0558847339906342,0.00471830457949724,0.0137207734099364,0.00568269278672204,0.00751491945133189,0.0615895473057206,0.0052603246385654,0.0181135988910804,0.00907448901000121,0.0566339953937669,0.00194773708893451,0.0116099071207563,0.01525556833988,0.0265924103463064,0.00710367456919634,0.00807529344457734,0.0799025299837498,0.0128848297749647,0.0242325815928009,0.00943809181945332,0.00462179972240279,0.00572704250632704,0.000868773334767107,0.037730220393011,0.0835639001941868,0.00646749039978929,0.00135710915370527,0.00164115182563258,0.0116721649941367,0.00112774122214792,0.00126997902215753,0.00748222970445008
"Ins(2,4):R1",0.000273238301923708,0.00124710311665639,0.00261334327982217,0.0127123006609073,0.00914435312823932,0.0111995921487638,0.00884756490648118,0.0103668524254367,0.0716179364886312,0.0154967767464793,0.000095665122056643,0.000945369965634104,0.00726997781888281,0.000317996359572299,6.84000935196555E-072,0.00246153765474777,0.00466331374754088,0.00279509196695578,0.00454057916176374,0.00206669843768557,0.00590965689168201,0.0127554606324306,0.000802914573768616,0.0152646784647741,0.0102579729362278,0.00265221773834081,4.07618539306588E-129,0.00863116725863335,0.00298541622006023,0.00709499418041079,0.0141670248798226,0.00297872352262267,0.00101752824212083,0.0041141940455441,0.000773337985216422,0.0000187974876538306,0.00267639978431342,0.00185250595406792,0.00196968177321065,0.0106946737446626,0.0113275975618826,0.024964509498116,0.000123217320540229,0.0162272277248494,0.00543905407118433,0.00579260023179784,5.80767907451697E-171,0.00434826908786708,0.00538520716770235,0.00258131131244606,8.43947350044468E-113,0.00134132138510639,0.00187663054639653,0.000825581947535181,0.0146938775510204,0.00630914826498423,0.000148314785196765,0.00595189155593035,0.000174445059703621,0.0000119752079917827,0.0000942027964796108,0.0101426264598516,0.00738187505132634,0.00390442458717263,0.0178937154279846,0.00177123126330053,0.0197518216686054,0.00800401375067076,0.000289018763819966,0.000341758869609297,0.000565219933287518,0.00532956784748152,0.0205636966533261,0.0154030063014499,0.0167637792102447,0.0204901049882179,0.00558353972898471,0.00769131344139967,0.00725584843455821,0.00319254972389,0.002088912876022,0.00270842892659392,0.00772415266789618,0.00232646120381589,0.0176108234023565,0.000373809136696617,0.000807795390144916,0.0179639085364563,0.00253506028156482,0,0.00232198142406396,0.000228187907420619,0.0126099192197128,0.00261424305377351,0.00646353147172945,0.0134366366962143,0.018473431387107,0.00576149442079176,0.00957513729426006,1.23228424151683E-220,0.000933728670005496,0.000749020720152394,0.00433717226055067,0.00476633000976804,0.00130884008170697,3.94439497155401E-061,1.32528653299355E-163,0.00104686935401114,0,0,0.00149644594089022
"Ins(5,):R1",0.000430011398325567,0.000475568400803953,0.00916250394356229,0.000311156737503872,0.000602658893266018,0.000208940234578283,0.000143960903403663,0.00951570915167668,0.308406435319528,0.00525538467333622,0.0107060017220771,0.00515879146087793,0.00622838781408633,0.000475359114012957,0.000972344122724142,0.00572450465495663,0.0126095421167747,0.00355318361273726,0.00109661039416364,0.00497166793055896,0.00514768801856282,0.0203673219801895,0.000744097727101146,0.0303110054307549,0.0151566962647618,0.0104535645579891,2.77578489859229E-026,0.0168230393545861,0.0103431169337129,0.00144210909628948,0.0150354067028022,0.00719053228127932,0.00695579172217522,0.000398341044941876,0.00142551116191765,0.00266827700187915,0.00851558641567741,0.00108895374949238,0.00147971553778612,0.00499084789769435,0.000413277855682003,0.342653224336166,0.002815386713792,0.000849581526573593,0.00873912722402214,0.0030723072612221,0,0.000258509863475095,0.000057568123842351,0.00238102913930674,0,0.00336830157237661,0.00396440570334198,0.00135518416604286,0.00653061224489797,0.00630914826498423,0,0.00150593533781129,0.000263058535855258,0.00119124904772119,0.00368908668804404,0.0228764646272223,0.00000728250540347481,0.0156001041234091,0.0289367543602584,0.00228301272281311,0.0277248014595917,0.0468330136388701,0.000460368543625813,0.00172036382416413,0.00956810400461711,0.0147227292111843,0.00743064276542724,0.0250044541580479,0.0115609823985895,0.0281642629676622,0.0132211929302765,0.0100641524875041,0.0212276345055047,0.0108318079003893,0.00370638575838164,0.00900897264227851,0.00571387131066404,0.00553375404557658,0.0258272387580563,0.00784350926183338,0.0188493247581894,0.0218711518104705,0.0124735858521135,0,0.00696594427236485,0.00783843419792093,0.015585704808917,0.00719246151591903,0.00139793341760395,0.0150012319364244,0.0261146669789281,0.0338818237259602,0.00218805376919081,3.43275014443221E-175,4.98438973550595E-112,0.000407346737583941,0.0104009875250081,0.0162073408912794,1.20754908196612E-138,1.2752556575688E-145,1.39300800303513E-241,0.00266570208845261,0,0,0.00224466891133427
"Ins(2,):R(2,4)",0.00102644200738474,0.00143973039174573,0.00420157994238551,0.0137652247796251,0.0203046243110933,0.0211360820232212,0.00642196659798401,0.00486992031606396,0.0320708479034869,0.0217634631661532,0.00641250648474675,0.00802301706660064,0.0122752824773701,0.00199879970317524,0.0033372093281705,0.0137600296585116,0.0106575167255109,0.00476778570437272,0.00601781585268462,0.00531931851244275,0.00314886673271344,0.0235143078254263,0.00249218769357336,0.0222092088620599,0.0114868466932132,0.00036145046656211,0.00234200940299774,0.0110692489814026,0.00590411396566063,0.00843132069933526,0.000313410561183688,0.00372599429248176,0.00426872564067441,0.00869035674548934,0.00216549854767385,0.000218042214096588,0.00667449232601144,0.00307201464093892,0.010100014209881,0.0147818806352601,0.0116651105346326,0.0139024694245037,0.00584480335839084,0.0229831201904779,0.0058512581988485,0.007525491058595,0.0025666958877864,0.00826029099447989,0.0119459155871722,0.00368666006513814,0.00764432235130359,0.0109080243507293,0.00226447159468433,0.00215611506256386,0.0179591836734694,0.0220820189274448,0.00155277898130788,0.00976654051320146,0.00192631276411947,0.00113287935368937,0.002347906531694,0.0188470480846082,0.00649216012538503,0.00263519318823763,0.0273673835551374,0.00659098866748855,0.0132045680586917,0.00659869832465119,0.00207554933858288,0.000434631781734847,0.00466889095495749,0.00949711374200982,0.0117159555953015,0.0157311184206366,0.00918250761237441,0.0248789972527618,0.00723895195149223,0.0169376852993066,0.0111690223849759,0.00679580840130881,0.0017990870533594,0.00611866245973322,0.00893334991066525,0.00559460743831763,0.0217436964638649,0.00614121561060287,0.00702304024166352,0.013268006685038,0.00918988574568482,0.00252593933342523,0.00773993808046572,0.00188536102149732,0.0277770138275657,0.00552918900984183,0.0105066177787579,0.0161325772756576,0.0116757413901377,0.00736663119396398,0.00619548796938752,0.00229276071917639,0.00159573303590508,0.00250930685315523,0.0093717867088938,0.0125479406888379,0.00412436537520371,0.00239750021341204,0.00135421313151176,0.0101246873530251,0.000899735630307079,0.000782136748039271,0.00261878039655746
"Ins(2,):R(5,9)",0.0114558397488433,0.0000299278227369848,0.00121422652585394,0.0660869064803207,0.0277070998028509,0.000333572009477077,0.00814454225991024,0.0171233889049951,0.0139206000848698,0.0151027420539094,0.0111222748855705,0.00707173892087751,0.00203171616476572,0.0182893727448341,0.0256623825644243,0.0141570743079652,0.0135634226198109,0.00252485503513635,0.00153215395590814,0.00782043569506525,0.00272013694366426,0.0144748455445329,0.00999203773294684,0.0148567135319639,0.0427111861275554,0.00272999375350989,0.0119806908885117,0.0208383331360452,0.00944925161514737,0.00920084809356992,0.0189591940177035,0.00751017528674917,0.00346896148303149,0.000146510599967071,0.016207962280491,0.00585756106690109,0.00868694772629409,0.00374997794677983,0.00116364984623099,0.0285822360885511,0.00817867843735701,0.00789267651718555,0.0163889805363284,0.108162409758136,0.00466239092731937,0.0185600109125637,0.0200333262148201,0.0156125099136909,0.0202925771386663,0.0124523559451743,0.051514166100021,0.110537316143617,0.00815400941992571,0.00557148393751808,0.00244897959183674,0.00946372239747634,0.0152396266460183,0.0543597465575862,0.000335559927387401,0.00212627532643667,0.0071465286127458,0.00110260405914,0.00655477518703231,0.00000128331686302705,0.0255092418571918,0.0000000000412523320295849,0.00844158367155762,0.0000200764771519033,0.0115395594390917,0.000620849549428595,0.00000000283453762183048,0.0150492855326414,0.0109259823733177,0.066054311463585,0.026901649829928,0.0323155546164567,0.00301175168253117,0.0243994764994289,0.00121810798344628,0.00899966837924638,0.0122564525211993,0.00677271312310862,0.0431429249081317,0.00593745753522872,0.0408238833002776,0.0196685511198811,0.000268575687099028,0.0124729117938577,0.0119712511686518,0.0191794325020639,0.023219814241547,0.00190899839971115,0.00159130514458861,0.0184064719771037,0.0591712049016954,0.0147243054238424,0.0327063740036179,0.00103387874828202,0.00665530860502683,0.0168356668802153,0.00918643896153662,0.00826836271554766,0.00725637976426277,0.0153108170420401,0.00217527841746198,0.0124285280650116,0.00964171544641198,0.087661399607415,0.0130591643097038,0.00587250489057573,0.00299289188178098
[Del(C):R1]A,0.00112748442930389,0.0351249337320053,0.00256368334132202,0.00410487113225047,0.130015134580804,0.0000219365412863854,0.0198789337601498,0.020028017356435,0.00386787468625441,0.0223338513251605,0.0000530868004549996,0.000428087801400292,0.00497328265930674,0.00102606324159145,0.00232817664716607,1.92752201573384E-022,2.30817699913931E-084,0.000798719694715444,0.0117105403600371,0.00624753108424339,0.0102678835409478,0.00578462647153055,0.00107319439081756,0.041067914239948,0.0113271082527489,0.0550947081838137,0.000336760722025919,0,0.00076159177320484,0.043024243586665,0.022993441837044,7.99869216754904E-106,0.0042254566649182,0.0000818951240186745,0.000119499177596733,0.000127184234338101,0.0055034598470466,0.00605131605663547,0.000000556838668800273,0.0286427825211777,0.0255680805188554,0.000020994900651885,0.00105768583829226,0.0135852582759693,0.00954927887649851,0.00216420694766112,0.00131304715847433,0.00248765355397824,0.00000311820244875552,0.00193335772298512,0.000833141726511832,0.00178861007299487,0.00468638485164247,0.00146800536911315,0.0212244897959184,0.00630914826498423,0.00102862275164563,0.000299982276543339,0.00311116916365993,0.00450319468743879,0.0000155070555826517,0.000004946201486651,0.191745183089381,0.000979761756784183,0.0206768490830632,0.0354373498646307,0.0123918384277317,0.000989554563295833,0.00224028451869895,0.000509414716484533,0.00584151133972099,0.00482255934794663,0.00323728881145928,0.0045883112553334,0.0173777910807051,0.0103490593457582,0.0167496317068376,0.00763948638850196,0.0421371826750992,0.000892602024962079,0.0030590832693796,0.00824744549848267,0.00260398961423971,0.00587026829509339,0.0289588230644011,0.0126887325506038,0.0000119855524541747,0.0164058365224571,1.1801740396832E-047,0.00125122039651936,0.00696594427239453,0.00717752344770948,0.0029232622595245,0.00399728113276651,0.00316567508966548,0.0368153745581463,0.0144185320958516,0.000942898922769014,0.0392110971647602,0.00186532088431745,0.000577799852479904,0.00694038049006592,0.00186590877667181,0.000646235511312264,0.00285658542227394,3.32821966543545E-098,0.000592673873359035,0.00116713015397156,0.000646962777587646,0.000479759112794096,0.00448933782267079
[Del(C):R1]T,0.00589432452691437,0.0115871445073157,0.00157156996054371,0.000897102095064379,0.189083020520614,0.00152379283638877,0.0214601650266606,0.0119552110929528,0.00257046513224094,0.000714244821867588,0.00493834671697501,0.022024463946882,0.00775121183644381,0.00135133722255681,0.00206493629786951,4.69977288660636E-048,0.000641267237783178,0.00149906083591346,0.0181636933274694,0.00000000000545870905520397,0.0130293046588884,0.00706814803475509,0.0308568688292521,0.000802761432410578,0.000961882742816285,0.0940431603571313,2.15930692977103E-034,0.000679677330115017,0.00167391587039863,0.0378831321976025,0.033951673065234,0.087181986398613,0.00863183635221875,0.0000128252402402861,0.0000315100374984236,0.000249555943849963,0.0190923958398146,0.00264228513937037,0.000000004979334429827,0.0115792298273455,0.0581585021142083,0.00000718012427141763,0.00464972813271219,0.0184713344152396,0.000175369605213632,0.000691877702285866,0.00138220101731536,0.00374398301421114,0.00434649447127961,0.00663674053496633,0.00107771943059445,0.00151256446458491,0.00521106066768327,0.00795158941517168,0.0195918367346939,0,0.00146358057253594,0.000966328942801251,0.00118692171408916,0.0135892118529473,0.0114794820219144,0.00326397781182677,0.164331910018182,0.000156800684998806,0.0000882381879477575,0.0137403772149215,0.00808695468240871,0.00444179402676082,0.0000000016061798396514,0,0.00417765335435016,0.00215733001358628,0.00710003309873083,0.00930658262554077,0.0300342482422775,0.0102997629010814,0.023388630509702,0.0201196215473604,0.0426909036502735,3.06157950475193E-078,0.00284488956789584,0.0296092869030938,0.00529125274755648,0.00617361717827852,0.0154172985460793,0.0190078929875946,0.00000293999832626996,0.0415677116332801,2.74228517673893E-060,0.0011082874772737,0.0185758513930625,0.0234117027843015,0.00211703987004018,0.00272983358215053,0.00668056084866945,0.00239223776845068,0.00672263598781474,0.0000912114110429623,0.0864079733479736,0.00176951067410984,0.00215874750547212,0.0079735249917224,0.00301306758692127,0.00456877333813587,0.0131999417242928,1.40520214621714E-038,0.00104759980212627,0.00113695224964372,0.000718994398014532,0.000435212995496489,0.010475121586231
[Del(C):R2]A,0.000797053828168189,0.110243043489129,0.000039041570716247,0.00365755341341595,0.0255324370508984,0.0238298300587812,0.00510151834030205,0.0035844362303133,0.00817878872399363,0.0233841339774859,0.00798715646037001,0.0218029079846324,0.0120978981491255,0.00122438679185352,0.000258969306947733,0.00479341685810294,0.0116190071027454,0.00502777639867004,0.0137553344552792,0.00667882852206339,0.0215906930483391,0.0314286170280749,0.000968786185050917,0.0229318554920772,0.00544923868976107,0.0183626701542849,0.00269913843169267,0.0103558462056743,0.00698566031176983,0.0810238913325265,0.00977661797962866,0.00487985307598626,0.000386187805667386,0.00115919942578717,0.00174783109744882,0.000601764256419972,0.000496189934165456,0.00171226719149914,0.0109329677391663,0.0119293198816286,0.035652282053134,0.00388794124700683,0.00663381394296034,0.00070528301276895,0.0272989902961208,0.00351606810908422,0.0003011500240871,0.00354876314976027,0.0119795599361292,0.00949015116589005,0.000408710561298909,0.000494353634497299,0.00504123692328185,0.01072704561782,0.0114285714285714,0.0315457413249211,0.000188191989565473,0.000935119734341081,0.138503048937629,0.00167112728924715,0.000873395461726463,0.0313867119530141,0.0199211982650864,0.00528832307018454,0.0102040171835635,0.114275035849847,0.0143896121229696,0.0183275493800752,0.000893137818546117,0.00173099074482606,0.0217891253552408,0.0116633775099122,0.00745894089366377,0.0123642614218816,0.0139536252597549,0.0314229959663497,0.0100409389005745,0.00745114485532871,0.0198270047694571,0.0112678428664528,0.000346945228020218,0.0059696316798627,0.00458847828012862,0.00298596083407025,0.0105741631542228,0.00173749298445609,0.00899783916208125,0.0234531855911358,0.0101642971860441,0.000229632756060252,0.0123839009287338,0.00404603661558508,0.0369317182645619,0.00227815997100042,0.00241509702522909,0.017402891791493,0.00119925567628965,0.0117473785763267,0.0304855015453434,0.000842536781488699,0.000489130130288954,0.00864813094262361,0.00424573681499224,0.00872567515342597,0.016489843823591,0.000985795417633635,0.00113974323410503,0.000380347726386149,0.000818884736291457,0.00055188856291679,0.00299289188177949
[Del(C):R2]T,0.00291478360660562,0.0510149685598652,0.00313569397924112,0.0000234123290886071,0.041778355613929,0.0308408043775183,0.0200862797443276,0.00956029133910006,0.0000000000486069629169251,0.00917298304516263,0.0107363844015782,0.0242395636594774,0.00393319642329465,0.00141910803843247,3.40778574104604E-081,0.00311028347893868,0.00831565875764563,0.00326873568569758,0.0161819045080818,0.00265014313403056,0.0266278872503415,0.0291458143953407,0.00934634522520651,0.0198259293386161,0.000163463115239695,0.0408626264950345,0.000815255389943319,0.0097200933977228,0.00204284204378774,0.0450429376205787,0.0258956115329889,0.0283514470518277,0.000337593416109901,0.00144349376841235,0.00069196141108989,0.000593790674022289,0.00142154801180148,0.00065224298743319,0.0121823255239779,0.00759346870475636,0.0452824883636541,0.00317104593111231,0.00635082773028411,0.000164629408640474,0.0261322196502218,0.00541432659172844,0.000296840883835053,0.00366582347843029,0.00824508789940906,0.0016381510313129,0.000245146865913542,0.0005493631865083,0.00238253379961011,0.00189524947397678,0.0310204081632654,0.0189274447949527,6.27994638918584E-256,0.000279684823266843,0.0721297838329284,0.00894826540185073,0.00973682211128574,0.0380884117630144,0.0271446090457392,0.000479438251530364,0.00830362526549173,0.0687616707029968,0.00166705696284592,0.0228506295458134,2.45669434599744E-157,0.0031228041494552,0.0128446756249715,0.007108734747122,0.00492886925609772,0.0105925445699157,0.0168837762346622,0.0262579483073868,0.0174817289206904,0.0110609808281847,0.031155916125757,0.007558793525584,0.000317338655799101,0.0124983104248983,0.000198953690671119,0.00342799771240973,0.0114922553776086,0.00528687879510788,0.010301178146301,0.0325028141213753,0.00786193390155467,0.000444897931429228,0.0147058823528453,0.010093939152312,0.0346802891974117,0.00442842512927086,0.00007684846462328,0.0148755694914721,0.00237736982813305,0.0098819160902284,0.0443364733556667,1.42054767296288E-084,0.00201547911436878,0.00994549679318084,0.00166707555640332,0.00695413733747558,0.00322369939719374,0.00112074059007472,0.00032511278359583,9.11221665942652E-091,0.00107115957010731,0.000113784836191241,0.00523756079311462
[Del(C):R3]A,0.00060129680635455,0.0787983524873676,0.000355212397922996,0.00107585761401669,0.00983628687905497,0.00188975471956114,0.00369527346362074,0.00518355470148454,0.00566125535067968,0.00860679845007025,0.000857321183834789,0.00305853944932,0.00879885147348755,0.0015729383829022,0.000144980742663196,0.00054946195454632,0.00298722807331866,0.000467347133158571,0.00885539320234875,0.00268085396403745,0.0181325113848471,0.00335179306534483,0.000980233975166177,0.0139717186156067,0.0000587568762868892,0.00543533631086353,0.00133252363148811,0.00211348447394225,0.000799233954023241,0.0657478940201228,0.00689716095724064,0.00163051778682732,0.000423109353757479,0.00000475526888184107,0.000118529602329513,0.000310500434221709,0.00420520833606521,0.000248141512860125,0.00426564299843831,0.00772235404367376,0.013237983842037,0.00075995419358647,0.00681557351973182,0.00000000111884833782349,0.00988458759163332,0.000291201641288701,0.000552462057194216,0.00151934595562106,0.00215337362583689,0.00145968625402219,0.000519664546493561,0.000113434041151617,0.00267269575963821,0.00264699936977541,0.00489795918367348,0.0126182965299685,0.000307579280863221,0.0000753088859449703,0.12571277754458,0.00606687641848226,0.0000747289558233337,0.0000879057396043731,0.021206861905741,0.000376190904760655,0.00191337609629015,0.0915230353794756,0.000206733508004076,0.000803966704515712,0.000664574871707067,1.0318956111901E-107,0.0160219436985913,0.0000000134347708056352,0.00634677699384273,0.000432722507142074,0.00829165267907617,0.00798985769360012,0.00443839511945831,0.00482875515725906,0.00825507432256968,0.00223056182513978,0.00019897310860394,0.00619739872389664,0.00104522920142184,0.000531045128716908,0.00934119996774877,0.00297031490665096,0.00392108014103178,0.00649636916208644,0.00262151401297252,0.000374839348942832,0.00464396284828691,0.00342105944811646,0.00770617399877864,0.0000871398620008303,0.0000428395279018335,0.0152415032765997,0.000887916693807256,0.00562589207996521,0.00923339359596739,0.000789756993039729,0.0012006889784267,0.00605411605404312,0.000442131801786537,0.00258140006086106,0.00511226557824712,0.0000000143366481885949,0.000998308611385234,0.000313981233959126,0.00181626212949966,0.000621077028661187,0.00187055742611255
[Del(C):R3]T,0.000239517268927803,0.0385961367003622,0.000839576210216524,0.000212441261978805,0.0107679766667597,0.00352174391721227,0.00639305565879861,0.00127567082963797,0.00621225435681636,0.00153199648295466,0.00150924334968079,0.00355791852662263,0.0204443368992518,0.00232051782075759,0.000889450772839057,0.00131823946982396,0.00318713703007378,0.000930743534695572,0.0059545398053825,0.000335472973159401,0.0151425719428894,0.00768233372967528,0.00160142330074698,0.00600910613218837,0.0034876066357299,0.00833747104017901,0.000750305061754255,0.00166538349762543,0.00343637940936605,0.0184338744638387,0.00796252621728749,0.00357805007751892,0.000019280192321918,0.0000161268159194296,0.000100465209929021,0.000359336661681994,0.000678732984815799,0.000771990640844738,0.00357521572125623,0.00345805138319981,0.0144324477225115,0.000438324576587604,0.00417746128855545,0.000337891998023334,0.0100921562988728,0.000996313065750576,0.000668657771384566,0.00102698591113425,0.00317982725828564,0.000846792085452984,0.000356826767429,0.000637630532521739,0.00166334627906159,0.00144828200490296,0.0155102040816327,0,0.000308649029462364,0.00039593360839194,0.0586322485295246,0.00359368146848695,0.00139608853551134,0.00592869333514655,0.0149751828996631,0.00132176821322341,0.00000125886599671883,0.0396973376188644,0.00160359342390088,0.0088203930703491,0.00064663116450622,0.000699212861543522,0.00857626875359863,0.0000000000298321313279082,0.0000240587991419804,0.000390208870035564,0.00815030236892657,0.00793712341266654,0.00437234708139346,0.00112222201322339,0.00571921851566769,0.00307453485633621,0.0000152702307039138,0.00419146063831706,0.00116518082660308,0.00172676006998576,0.00357264957606211,0.000994045913914162,0.0045005405510912,0.00777103862694135,0.00218367124396332,0.000487356914671368,0.00619195046438807,0.00184350354781843,0.00598500013308133,0.00016956955888943,0.0000150362344801249,0.00598198169580123,0.00164754752041656,0.0104784841328152,0.0136780959856512,0.00102937275811206,0.00148281921112651,0.0069631371861859,0.00161020601867199,0.00238551385047801,0.00185619718122432,0.000479827236974416,0.000982916886753374,0.000371495358684066,0.00255308729150926,0.000518940275881339,0.00112233445566752
"[Del(C):R(4,5)]A",0.00347750768027931,0.0854817250705344,0.000671079399462662,0.00231206233665741,0.00400616139952378,0.0060726130415903,0.00162649537129463,0.00236271285273486,0.0191574651085134,0.00090169185777247,0.00288825922954057,0.00595635420656313,0.00933705906352421,0.00953246636202516,0.0087000646396715,0.00522534326324186,0.00453452036734669,0.00132212834041478,0.00332858953669319,0.00403880152656785,0.0122527702805888,0.0137590342784439,0.0103144539343883,0.00846617678377685,0.000720029843381588,0.00243413824285702,0.00526284099759158,0.00212723047245362,0.00171211948867181,0.0341646439627751,0.00108776744128588,0.00465817789593987,0.000137181975866004,0.000382499020111009,0.00122174341955624,0.0025228865882434,0.0022677728253433,0.00234826708811521,0.00659781980342403,0.00388983118576621,0.0183293176685776,0.00041623532669329,0.0142260678660036,0.000858209976642703,0.00897979277889589,0.00225877962000972,0.00972908556198514,0.000605452534308599,0.00441963697391547,0.0022613302143285,0.00510311181831723,0.00198379952464212,0.00578870352954301,0.00351128920495463,0.0130612244897959,0,0.00406261893477283,0.00069979445857332,0.0837928637991772,0.00302861090856739,0.00478619503078618,0.00729843828765222,0.0093855438316533,0.00605937742515063,0.0000520232044776237,0.050051506525521,0.00173116340408497,0.0190968358092883,0.00909193435418248,1.08051369680378E-135,0.0139528982940979,0.0000263780548095107,0.00618808171001023,0.00630092646127229,0.0088683127854175,0.0115440517035829,0.00417904158476472,0.00317475947503728,0.0106047073519414,0.00480141280515546,0.00125717911552941,0.00534763636751896,0.00138119105147063,0.00369851872425739,0.00536352046967087,0.0021157504219605,0.00845239163942542,0.0124162785678476,0.00491381132212315,0.00717279796087183,0.00773993808047046,0.0029655803434904,0.00582203845989057,0.00360779914762011,0.00156150869813282,0.00734262172062788,0.00151179066517287,0.00635125511753313,0.0147012200672636,0.0087425568594366,0.0109638085237766,0.0164194385885503,0.00139629877938613,0.00307428564115658,0.00521229502438738,0.000184525887217952,0.00722071582716073,0.0014816892343076,0.0186105443151014,0.00447690874734389,0.00224466891133535
"[Del(C):R(4,5)]T",0.00215479967842312,0.0476639900640733,0.00146291947737546,0.000752501458658908,0.00345099726412905,0.00413854891417687,0.00392665590229877,0.00114214328182403,0.0123191283748379,0.0000214958150431056,0.0038361254334118,0.00346622583895593,0.00486958438262685,0.00657052728583439,0.00841706827106146,8.46699586507584E-094,0.00562929424130182,0.000948717428494466,0.00434920252526883,0.00101968177235008,0.0105684651965633,0.00779147086237538,0.00521782632345292,0.00249308995020777,0.000669423611103176,0.00542861995476895,0.00306188790403607,0.00330336165684281,0.000874738642065787,0.0170252031797397,0.00307764327598466,0.00347105846499424,0.0000455262193562461,0.00103110895498217,0.000623376960529635,0.00203727119048158,0.00175369427526682,0.00147157926103121,0.00407086683676683,0.00146849631029364,0.0122587604024816,0.00155605425561975,0.00990266457070475,0.000898397484819267,0.00484619247831441,0.00129395318818074,0.00899237534614231,0.00166169696618346,0.00345895804987427,0.000904108601104264,0.00533407353007253,0.00123331038767678,0.00356906689637762,0.00118099402774059,0.00489795918367348,0,0.00294766712919092,0.00202002401265583,0.0454289673177676,0.00364124504151764,0.0049929334072947,0.00623178491212716,0.00737563469235067,0.00172040168644032,0.0000342978979312272,0.0207452015787301,0.00141870793177019,0.0132519900179437,0.00840460839591397,1.70045166251847E-155,0.00429059675702693,0.0032220112373175,0.0000947604794332905,0.00526486614152427,0.00237113245690535,0.0066603606232654,0.00716041512798006,0.00666193082612762,0.00865839839920466,0.00126238218533868,0.000450493221707605,0.00262191591827566,0.00208630845699574,0.00265143120356071,0.00394977594236871,0.00166809563187568,0.00467930241515029,0.0081898788391971,0.00507405181253489,0.00731505890349458,0.00696594427243994,0.00238317666574593,0.00672154968888298,0.00279310596623545,0.000850317131702273,0.00133795424554635,0.000908399548041685,0.00366474431149992,0.0106545689976312,0.0091923505257222,0.00757241230858642,0.0106153993766963,0.00236110019575003,0.0030085207678676,0.000963910458054453,0.000503187877807419,0.00461147662882954,0.00144949447069038,0.0164915317493391,0.00352246724411952,0.00374111485222607
"[Del(C):R(1,5)]G",0.000155805222509984,0.0501514972295429,0.00232191294335501,0.000700636648619995,0.00537706983330286,0.0034313412164878,0.0275438654287314,0.000272666362122986,0.00474150468830405,0.0029858728052977,0.00264961103450304,0.0028775344354556,0.0163680445042529,0.00288296687097766,0.00288523907939918,3.08604083814199E-112,0.00265359653738871,0.000497361709133392,0.111549708126305,0.00279856420328905,0.00891176930595389,0.00341297647620419,0.00155416919228601,0.0105884277002842,0.00465479301424116,0.00676989100885126,0.000890349321302731,0.000953981705048315,0.00123668451658674,0.026273705262524,0.013857268027594,0.000572478462355763,0.000373142234265514,0.000587094174852796,0.00122617792771023,0.000332993950561855,0.00150601126394464,0.00104129173161319,0.00178427187985669,0.00686604254061828,0.00953609331035616,0.0000832986697743729,0.0123746722450908,0.000182793866870528,0.0066969941722321,0.00215523994085675,0.00372868543627272,0.000974958989335709,0.000809355634985152,0.00143097217115056,0.0021405537204684,0.000443442204754095,0.00149185999571275,0.00122111654786944,0.0114285714285714,0.00315457413249211,0.00115087282068443,0.002510072290414,0.0655479469446699,0.00366798409445959,0.000224392966782948,0.000197906281992291,0.0372552305129801,0.00121202267516275,0.0122552059200445,0.0262196919801981,0.00699510136997395,0.000361517706969886,0.00361107961248019,0,0.000765592920414377,0.00726115834160597,0.00235241245252566,0.0027868083246291,0.0113793657925178,0.0123114220893288,0.00594473929305289,0.00583571725240666,0.0126672641040179,0.000432756819075712,0.0011722326979706,0.00230770624736871,0.000689050815742963,0.00210016631173665,0.00813005918109543,0.00312706288330703,0.00128769577449491,0.0056898722191534,0.000681803938785469,0.00279499635409135,0.00154798761607654,0.0030527354332553,0.00281220903719153,0.0000509890712179661,0.00178856103931842,0.00696759586593656,0.0229162935938171,0.0205803253686059,0.011978203155549,0.00433540755433327,0.00351296786374334,0.00719169644008622,0.00035866586224663,0.000803819598657882,0.0021682077862748,3.63969093415217E-024,0.00147564441914128,0.00065339144196248,0.00630610796082912,0.00201294091838894,0.00336700336700343
"Del(C):R(6,9)",0.0168178155244882,0.0302758852017908,0.00251884120463851,0.00659081682759415,0.0104141492267386,0.0000663987164552397,0.00026463204599271,0.00831989988934168,0.00743279843285238,0.000792692878198478,0.00483342563819411,0.00661415002472914,0.00948139700749078,0.0182197753571968,0.0477663812827715,0.0127894809151279,0.0225575630464089,0.00977009432475232,0.00825750588114521,0.0157234078906397,0.00132724137802459,0.00760452752078154,0.0343222159677397,0.00455278883010418,0.00265508071062923,0.0134279912348818,0.0155930116471418,0.0184573179918774,0.0167366360883545,0.0135662000232626,0.00397413135927452,0.031373414454943,0.000450395847336197,0.00174397878775011,0.00552537999166156,0.0190642138626961,0.000853347041444426,0.0101943287351431,0.00849847082955268,0.00479684428104672,0.0123796000316669,0.00461331434760774,0.0115621682988576,0.00693411829989517,0.000768050804109847,0.00395356924747169,0.0447757383933022,0.01261452460689,0.0208445757730764,0.0012624807385793,0.0298496052047642,0.00906474783095759,0.00220418381505118,0.00204501226939455,0.00244897959183674,0.00946372239747634,0.0226361101857324,0.00594291269078443,0.031791028645178,0.00125759644219701,0.0171136467676054,0.0041646029299903,0.00500624491606545,0.00751061231738987,0.000100021264818476,0.0112150898087029,0.00687380385131743,0.00233968578601781,0.043071019555832,9.95962571169213E-119,0.01334869565589,0.0128358596601198,0.0000778435457909406,0.00517175345195701,0.00357533540296648,0.00239329920678812,0.00121442713910569,0.0103161008574343,0.00470102680072548,0.0207012524636057,0.0122226534464222,0.00123066537899373,0.00893254594534618,0.00615422141542576,0.00487681052699554,0.00522644336025611,0.0114616148472735,0.00399760191698028,0.023334733825002,0.0392296179637827,0.0077399380805167,0.00230128447500452,0.00562769387873936,0.015715434125632,0.0036115979445561,0.00716016943406884,0.00664666609334379,0.0183863456710444,0.00476899696111482,0.0500234791419442,0.0210405191545956,0.00488076660921638,0.0140617203113752,0.0218003392912406,2.15387428752408E-074,0.0017687783773297,0.0303659085675009,0.0124234344356322,0.0452464424310905,0.0196443558345277,0.000374111485222124
"A[Del(T):R(1,4)]A",0.00994969719594448,0.0256450913463817,0.0031119112124838,0.0148292666379077,0.00887829268589123,0.218427650790719,0.0389238222321813,0.00738150702216328,0.0194687961045846,0.020401877906687,0.00297248995224054,0.00787856718357711,0.0159362771609792,0.00514430170720908,0.0038929142462728,0.0199828750126903,0.0159542198301586,0.00617593565068621,0.0587808990620322,0.0100958349532965,0.0316107577215856,0.172242479586592,0.00882655523343196,0.0064274844952854,0.0207473480885338,0.0345756515806925,0.0219956594991377,0.0406036518465456,0.0137787646467494,0.0000981542241804868,0.207927322310896,0.00115381251501481,0.00563731810713374,0.323289334782884,0.00586761503384531,0.0031126448841867,0.0146515555889711,0.00941229796045875,0.0135889893861097,0.0146687341566827,0.0358280139414748,0.0292151138018748,0.0147791949192097,0.00786343564575498,0.0068295723990133,0.0101451161686911,0.00381064365051662,0.0154213060814236,0.0340129529396645,0.00980826332654548,0.00305818031954702,0.00516835633256837,4.11291942024079E-022,0.0454325850589759,0.0751020408163261,0.145110410094637,0.00923348262354905,0.026320655711419,0.00627050742438141,0.00685106545363013,0.00255099479292358,0.171985621952447,0.0396844479826772,0.00106047193300814,0.0195814110282235,0.0143319088091185,0.0188605650755027,0.0188468586625618,0.00424000255259116,0.00794291091788978,0.00993982463443502,0.024047689820988,0.0241570267040805,0.0262971430573161,0.180199285667417,0.0289215542693978,0.195753368103873,0.0215419728817389,0.0318624556579294,0.0131570424950276,0.00432981010224184,0.00925463686203803,0.00545682249886393,0.0150854692798559,0.0109790680947644,0.0151971866942471,0.0236211092242892,0.0887643937813627,0.0242645349324169,0.00387780167347687,0.0317337461297264,0.00935994089019982,0.176220266789338,0.0052012816660285,0.0109958600325896,0.0180418801391695,0.0241596839720261,0.00395454085317998,0.0251350083637405,0.00484932362735238,0.00869270091353122,0.0211336126302601,0.00549277234974775,0.0194768901338089,0.0684217553726561,0.000000000000085085394159176,0.0217512253284601,0.00377255196108832,0.00714216049156461,0.0230277565716445,0.00860456416011407
"A[Del(T):R(1,4)]C",0.00296226611626496,0.0183360796329777,0.00252971502260229,0.00068621060619086,0.00337605955354507,0.0742170128908991,0.0193644946736624,0.00484617733006872,0.0153628645071206,0.00482646199079483,0.0119032313003707,0.00440015581046711,0.00290245829970047,0.0038512674847605,0.00176827115024524,0.00684055216531129,0.00000000000376178641284148,0.00330287711386258,0.0153815898384612,0.00441371750000953,0.0229307095188902,0.0468603368303351,0.00248172573629973,0.00858061507447171,0.00939568216201917,0.00725980308164182,0.010599622286328,0.00510367403569372,0.00447566412248739,0.00477608178793846,0.00453864704657913,0.00414196890877169,0.00213969255932281,0.209498475661778,0.000317010948583268,0.000598555745688782,0.00298877602685544,0.000270355409326858,0.000617969310746989,0.00909361031813967,0.000278948764678571,0.00118324861171251,0.00126268196097597,0.00201463461734784,0.00934115396380942,0.00148139638270962,0.00215742889447228,0.00471710369081026,0.0094523127677514,0.00950488011337472,0.00177000089069451,0.00282196064376305,0.000765655917523349,0.0326183149474052,0.0416326530612242,0.0473186119873817,0.00305019903866944,0.00607743985560033,0.00266859627358025,0.000643900208779621,0.000391628389223187,0.054775469475716,0.00391089424833663,0.00621184697465732,0.0126122175744872,0.00315993106289764,0.0157369959140528,0.0249614070595809,0.00241459879905648,0.0018295923557586,0.00200274279685116,0.00516546862914262,0.0117534264622075,0.00673025746961904,0.0165929546389889,0.0348826740249491,0.00825311592160373,0.00574846381991519,0.0156970847752097,0.00150961694325917,0.000988100156762001,0.00403647439920535,0.00407128330499762,0.00524733310223176,0.00554672122268721,0.0100459034422608,0.0105583964577577,0.029275151565185,0.00577692111697077,0.00149193651592702,0.00928792569648725,0.00371375053627491,0.0498049351197911,0.000860425080307335,0.00438786416307886,0.00241630898430425,0.0133426921237597,0.0104022227983315,0.0140429726726824,0.0019178019788422,0.00681310166221113,0.015244046687389,0.00072116488046024,0.00000000000124758514181053,0.0476611919748527,2.20093060934475E-024,0.00868149165620024,0.00135864542611275,0.00501401502010497,0.00789678784836947,0.00411522633744711
"A[Del(T):R(1,4)]G",0.00202541759450896,0.0124913705220739,0.00369974666748344,0.0065758172826285,0.00421321032550521,0.0860853738530076,0.0198817293571033,0.00328714624429649,0.00708867911157037,0.000625787913898123,0.0053815793468428,0.00421588026414344,0.00350551069731568,0.00218364674035197,0.00176710349187504,0.00603040627862771,0.00158702692115797,0.00352342580334856,0.0213969674567224,0.00766717863968069,0.0252704466609956,0.0535611821418903,0.00029022170579434,0.0000165681831484208,0.00999107107907229,0.0263300176386374,0.00805596160488429,0.0100617460960182,0.00419647727754729,0.00689244280811519,6.49641512096126E-023,0.0000000105949358567919,0.00166868450072008,0.112460628576684,0.00126907240114484,0.000645847718209524,0.00285102270986707,0.00148441124010565,0.00601474608586965,0.0000315917652746817,0.0182409565901796,0.00238432404747791,0.0144321758766059,0.00276434483543337,0.0122006157673941,0.0080217385766439,0.00183855694160632,0.00447146921578324,0.0102661547902878,0.00297579556923154,0.00108341492657275,0.0021784746994629,1.62374067144148E-025,0.0181565602143142,0.0359183673469386,0.056782334384858,0.00230318174016611,0.0056352346358905,0.00993254064125403,0.00343356152179491,0.000472388749556648,0.0719311466378833,0.0179739935999257,0.0026590145478612,0.00356614507777974,0.0105372037650374,0.0118980324656233,0.0105407377263874,0.00213816510515728,0.0023542397243116,0.0105054930918826,0.0000000000000129456161244489,0.0133298674678698,0.0124683307054325,0.0173397248114341,0.0415147887529476,0.00708902359157463,0.00785593505101422,0.0204521494602149,0.0032518416891118,0.00103375005887658,0.00612452289595518,0.00384842546149286,0.00658171733674829,0.00108159100447171,0.00707589972935581,0.0089682670758741,0.0360354949313113,0.00725530419037469,0.00154779739897348,0.00619195046423492,0.00310509528856893,0.0693548198015069,0.000972996317476104,0.00214671144852027,0.0000819609506039529,0.0137881457176972,0.00742527557035991,0.0168077429530681,0.0023089927242768,0.00346651316497526,0.0104870680411558,0.00124611232715144,0.000990669025462718,0.0266368176744374,9.74606807464488E-027,0.00690837059391309,0.00130819499910144,0.00341336277309504,0.00744252649946456,0.00411522633744656
"C[Del(T):R(1,4)]A",0.00146515249635406,0.0379361256443165,0.00267938038514271,0.00145028316188951,0.0039008848874989,0.055376438446857,0.0355610160009771,0.0123965817100863,0.0141895613996792,0.0147007481036711,0.00201736603319624,0.0124188907632726,0.0195433152299519,0.00261831018783736,0.00216039847035239,0.00570135251357343,0.00852562871305935,0.00479036149989755,0.0662137111872793,0.00376810785146664,0.0209376951911609,0.0558732829546876,0.00321274014104683,0.0105897045068071,0.00744549888928361,0.016370773074534,0.00371180897981204,0.00871258414695724,0.00781381580786843,0.0214704205368703,0.0501697346338067,0.00291237246665102,0.00793892706111973,0.00777291530436567,0.00360057851227,0.00101637553297871,0.00308705393085866,0.00220599862812025,0.0132367340872443,0.0000503757353029063,0.0458894173798361,0.0321927385632505,0.0171130147187881,0.000280687506196513,0.0110979022462952,0.00441833207666743,0.00226737036145944,0.0056483421027099,0.0108210933425013,1.69179445402361E-104,0.00103012953045585,0.00136569174323687,0.00187147622299983,0.00309127571583288,0.0318367346938776,0.0347003154574132,0.00336717804233895,0.000861300743015593,0.0216426911515468,0.00300928984768452,0.00663509701446029,0.0640615619459905,0.029680581438339,0.00384691909819027,0.0072071614104758,0.0331064482507237,0.00840796379465623,0.0247309810587271,0.0020598415772146,0.00104595521844242,0.0128818452700222,0.00773489034113058,0.0179578728028067,0.00977549623309156,0.0427010694222083,0.0315105190336397,0.0386915006837688,0.00701268030448931,0.0233978727346044,0.0143725506474899,0.000411941265031142,0.00910961596709391,0.00169554822899393,0.0071124859176833,0.00559019213197471,0.00810638218685102,0.0146012989646201,0.0409787683566433,0.0134497200574479,0.00208370891547551,0.0139318885447462,0.00578929141846158,0.0565786600302156,0.00299040044101386,0.00331304528150099,0.00719146624188188,0.0063106561369423,0.00369128880017714,0.0323930898580537,0.00213506754890133,0.00421550960000413,0.00707328147370194,0.00516381152826981,0.0109689500833377,0.00407080185138547,0.000389986175220479,0.0040419829778482,0.000709255192299798,0.00543806174028769,0.00688144311454265,0.00411522633744657
"C[Del(T):R(1,4)]C",0.000186767022571003,0.0251664704945791,0.0042583352749267,0.00189491934162662,0.00503172486415996,0.0314166129615512,0.0244513245045193,0.00618753914391777,0.00649559520949894,0.00546225912300707,0.0102229353307836,0.0154811234903268,0.00903856904255319,0.0032556086951479,0.00249801418907409,4.47751349861639E-020,0.000876371830924925,0.00270846681139962,0.016610305378745,0.00497221158133264,0.0291690569281823,0.0316219730712266,0.00220442483926469,0.00741246936730343,0.00262951922449333,0.0138452437269843,0.00344146109893451,0.00152768623695961,0.00210095908244837,0.00360502434747742,0.00894623183790148,0.00500505085382757,0.00433433190111482,0.00482218085185683,0.00174648224585637,0.000660109969824891,0.00283862060397797,0.000401053724497911,0.00751505480699315,0.00316634232425435,0.0300557002474338,0.00688684443856809,0.00533063151683562,0.000384393149005792,0.0151268730266656,0.0045324664141966,0.00303340836096884,0.00313184221586979,0.00272217379093174,0.000598575529311384,0.00201136635075052,0.000896934975223157,0.00112570935914776,0.00292878877562707,0.0212244897959184,0.028391167192429,0.00267214870077752,0.00282734521160704,0.0119255492188854,0.00458001404346653,0.0028332068117467,0.0353506066833049,0.0146485221379411,0.00137100997149541,0.00700786345405795,0.0188583194628069,0.00558300411441866,0.0267757086137777,0.00254569196894233,0.00179098510732488,0.0032024181626868,0.00283336195333356,0.00549418674585382,0.00363484764677335,0.0136336056986037,0.0184137932680339,0.010371353384377,0.00566214084813841,0.0176943594590248,0.00277355738798619,0.00114965409288151,0.00852513033661737,0.00114166327517009,0.00381820754980171,0.00464852772418941,0.00825396879380081,0.00860402252274481,0.0259969058760004,0.00286275616782222,0.00250848740002627,0.010061919504558,0.00722483560912212,0.0269795507493599,0.00292917190447178,0.00147170965240079,0.00661829037944109,0.00173381417727937,0.0109802479310935,0.0285157115554403,0.00251612809321921,0.00847539844261616,0.00557147182348454,0.00181773672535459,0.00327954686542838,0.00314335228383068,0.000080959734436131,0.00298282689665082,0.000620724903152896,0.00611035827604441,0.0040876333001784,0.00224466891133399
"C[Del(T):R(1,4)]G",0.00320747290210933,0.0321592353633926,0.00536977211235657,0.000397809742833711,0.0000710480775432019,0.0153685368530607,0.0292973378992916,0.010129718375381,0.00194599105924649,0.024935943042693,0.00146052553479659,0.00450441283472155,0.00611279231690419,0.00131675615995061,0.00120624148656913,2.53633980187617E-016,0.00135752913739071,2.77608430117743E-109,0.0405555665813735,0.00399966292937242,0.0214100723543468,0.0169644079079074,0.000125949913563959,0.0230471736628012,0.00521717526285296,0.0209492205462138,0.00247403079733702,0.00163693745207212,0.00208919513257706,0.031774592405205,0.0131704659495723,0.00461413229424905,0.00227676152620909,0.00231290794845019,0.00033727495230601,0.000645466028664925,0.00311578030594641,0.00135918449488921,0.00661038581837587,0.012164975790596,0.0270995705756852,0.00799608262597416,0.00513137291579309,0.000382595979009851,0.0148734197591973,0.00487970416167931,0.00177569625409179,0.00138038258427988,0.00181952444193547,5.36158424002519E-138,0.000979736729050073,0.000459396562928295,0.000888290477862966,0.0006817926490395,0.0236734693877551,0.0126182965299685,0.00179970503441678,0.000302553237096732,0.0292662424463028,0.002798049041494,0.00613415784814209,0.0259538444090827,0.0298801463076434,0.00132288210925492,0.0190004853868487,0.0269265089518626,0.00412906345981452,0.0222277215955741,0.00115366109000549,0.000508973226889616,0.00994728768209937,0.00153661703829699,0.00656154225705229,0.00740655434659461,0.00654574311848377,0.026581214009938,0.00504218852363667,0.00689884306036048,0.0182285370326374,0.00139522015435462,0.000488064975414447,0.00971876809769116,0.0000305345601564128,0.00240984210337769,0.016080917420797,0.00406263887245097,0.00928444749027862,0.0232905637906995,0.0035847974891662,0.00164000229558714,0.00928792569651861,0.00487883460708965,0.0203332535958151,0.000814336561826475,0.000691924441136281,0.0246620208333605,0.00272623298395616,0.00380619406603358,0.0296377077684947,0.0019514694849152,0.00336357360864982,0.00314197989708196,0.00227635484365771,1.08513235545599E-015,0.00098027554175349,0.000123758741688205,0.00241288900123065,0.000592064513252278,0.00388201068565946,0.0034050626690413,0.0052375607931159
"G[Del(T):R(1,4)]A",0.000455496787869799,0.0129830606064587,0.00256906911854047,0.00456682725057489,0.00543294446851688,0.064732735918939,0.021984296425074,0.00705272882020794,0.011036177144625,0.00352137904935786,0.00392123327807804,0.0109841183764096,0.00590196348256271,0.00150193972716372,0.00123288912360238,0.00439506006280086,0.00202805475457408,0.00176218709917499,0.0293524700329448,0.00205309740008754,0.0130196158347588,0.0640201750539774,0.00355974563472114,0.00549022708505006,0.00843334177434879,0.00828183140766281,0.0137098324088789,0.00718047550776349,0.00419233962808634,0.00355896566137601,0.0950531398836519,0.00266388282200839,0.000885898699956279,0.00678775844214496,0.00128741748100717,0.00191203377500836,0.00349728522267001,0.00042804271710165,0.00593713093953055,2.74987178703908E-017,0.0309975075025721,0.0158359460864514,0.156874703967174,0.000292354203581133,0.00246099471861098,0.00124685428684429,0.00164220674981696,0.00278711032743237,0.00598156724595851,0.00233441470760322,0.0010351745337042,0.000205040053178885,0.00374828964054084,0.00841351907986391,0.0204081632653061,0.0536277602523659,0.01180180626919,0.00361021657027768,0.00475145809851528,0.0052642419500345,0.00327914520880626,0.0620004677636018,0.015898603154143,0.00409645363330996,0.00345717690949151,0.00688883543962789,0.0103409808477927,0.0162650490161784,0.00208941662997769,0.00145507646627513,0.00765208375419403,0.0000807321629882467,0.00752869599128947,0.000861964323848714,0.0845156162760266,0.0099523348489972,0.0948922576495491,0.0116179517038226,0.0129347117289816,0.00363300623374051,0.00274899064421153,0.00420986919169882,0.00000268466815073158,0.00313634717734284,0.000571575058808123,0.0140812344756393,0.0194844032474953,0.0448604800440987,0.00671145433739216,0.00154196723563547,0.00773993808029525,0.00450039602415252,0.0590997227870465,0.00112559809384708,0.00300265448282402,0.0011166286216435,0.00521515589714124,0.00548593624763765,0.0191166061459262,0.00145134894231907,0.00294283381466242,0.010219158890622,0.0014515745312167,0.00191257583835809,0.00861150070611206,1.09609511021216E-019,0.0138722651381436,0.000599434267160031,0.0030229592031267,0.0148351089859136,0.00561167227833735
"G[Del(T):R(1,4)]C",0.00086565792228136,0.0113885091116718,0.00201255760187105,0.00209767915313718,0.00337560652044801,0.0236055133846182,0.0114314667953498,0.00447835302341693,0.00382395229566389,0.00426675572881335,0.00383037708730308,0.0101200818432528,0.00895087573751865,0.00167139280817475,0.000888918729814605,0.0018382540982677,0.000174402433192347,0.000598851655269656,6.32655801777849E-158,0.00227509913999392,0.0162514755093903,0.0174531325367656,0.00203443134470993,0.00659100349021999,0.000597724265768293,0.00949872260008127,0.00922256829710084,0.00316821419619546,0,0.00610073990033414,0.00305993176756312,0.0024488668116017,0.00195123841822803,0.00408580922910473,0.000261420874040015,0.00123633151805707,0.00206754971442824,0.000250342435851641,0.00480572914164312,0.0024552134512059,0.0207130557427492,0.00240912732035967,0.00842023757217462,0.00142716726286499,0.00993599756206343,0.00103868099418103,0.0019939824820458,0.00166061924780769,0.00116124674876528,0.00321983020979683,0.00132334658116251,0.000529280135695329,0.00227764085507227,0.00644165596199824,0.0212244897959184,0.00630914826498423,0.00705711783940954,0.0021348351511861,0.00282072900202421,0.00211014732580915,0.00161270187703005,0.0245075130347085,0.00824841619317938,0.000911394701386521,0.00963525416739318,0.00163941227006835,0.00352522637257325,0.0173222249244848,0.00199468534935317,0.000300919788419969,0.00393705368193487,0.00126856308852103,0.00164960619700913,0.00451738852686367,0.00815838366792591,0.0144766663441858,0.00673695778264045,0.00873285287374228,0.0123951583219036,0.000292419031130738,0.00182883669459092,0.00415272635099255,0.000506636923921974,0.00161916644205171,0.00400941395108997,0.00750781317611418,0.00805829604818767,0.0229550291664042,0.0016244642953395,0.00142619083994727,0.00464396284819828,0.00202231858601098,0.0232994344614782,0.00175632249149669,0.00225897015120433,0.00106251863466586,0.00125834447526813,0.00320715257384912,0.0198134257620458,0.00102085895882759,0.00408121981011859,0.00631216865494396,0.00025292667654071,0.00112924180119115,0.00695107975098106,1.74045541641603E-018,0.00759862315325392,0.000200781431719937,0.00264709515227808,0.00606871653175932,0.00299289188178025
"G[Del(T):R(1,4)]G",0.00107320392156293,0.0109285899839037,0.00157656725249688,0.000591595425544384,0.00322190081819299,0.0192108596143975,0.0155175010005309,0.00473171612563718,0.00430866634487397,0.00734670909814513,0.00824126728028021,0.00983575864421696,0.00826150811400918,0.000908810109063749,0.00130144676918565,0.000905030723186376,0.00139184234856367,0.00104305913261252,0.0147056743909874,0.002179461982436,0.016365098510343,0.0170827142212148,0.0000389625892730703,0.00651201729308934,0.00448709928897928,0.0148561222005283,0.00711544383617547,0.00220033108248739,0.0012359602615373,0.00818253181162187,0.00589273966978791,0.00111700033247547,0.00000538364504021463,0.000000376317713270886,0.0000000192623438944952,0.00000191931127528784,0.000135548151533741,0.0000104318921376415,0.0000000045669910262918,0.00533389266456931,0.00000879313587111412,0.0000000323096455336488,0.288380544663679,0.0000203284257823111,0.000114574910781933,0.0000172014692903731,0.00200707858642496,0.00132755077270638,0.00444840790611984,0.00187226666821303,0.00100353001636135,0.000870320368032747,0.00352977217410047,0.00421455078747293,0.0146938775510204,0.0220820189274448,0.00274719458691118,0.00030516329257392,0.0101665834765456,0.00515411613864993,0.00500059823195015,0.0210813587991513,0.0174427336213864,0.00289607554724787,0.00800841961525303,0.00646205473238941,0.00103092472301663,0.0193450323389476,0.0015569065681172,0.0012988938802554,0.00631765504706041,0.00203179017587256,0.00333017947143745,0.00161546843894662,0.00911071379347558,0.0210297127245193,0.00864745186930742,0.00594170163548731,0.00608773774599224,0.00109155586200276,0.00123212736821839,0.00501316044656242,0.00158897038076962,0.000698063796632056,0.00201739727133112,0.0076391553869599,0.0102552353771979,0.029548625297815,0.00201011679585423,0.00142437140445499,0.00232198142400092,0.00532900276191969,0.0193319528939907,0.000126047776671442,0.00189592468841622,0.00467681080676025,0.00437234280498287,0.00510176825362508,0.0226369059158958,0.00166288865926327,0.00222570876900691,0.00670937331530453,0.000533198015947775,0.002266013735459,0.00339691879259738,6.52429857902079E-034,0.00645947977819639,0.000655778551876794,0.00236994711402638,0.00614093779594443,0.00299289188177987
"A[Del(T):R(5,7)]A",0.0773800146874911,0.0180615375495657,0.00189250249496564,0.00103452214057939,0.00357254946021418,0.00509786109543041,0.00386091468891242,0.0057455356717303,0.00507457069103565,0.0117632750326266,0.00361553198883837,0.0124866536516457,0.0155523106897328,0.0205947833065641,0.0441896548633606,0.00522035436524162,0.00396374172299279,0.000726231821350464,0.0106953046463927,0.000482811133452831,0.00830889143940437,0.0109504524979441,0.0412333932091867,0.00891743056826379,0.0103685482702774,0.0162130725935693,0.0731522017634761,0.00637928514951165,0.00459395546564317,0.00662650669828568,0.0181672816157667,0.0103358102246298,0.00648917699327737,0.0536573341174302,0.0118436048507488,0.0759606023817535,0.00316633571636468,0.0171636605214604,0.0321641400521737,0.0114169634090449,0.0312266652942849,0.0158933205398412,0.0081924229113561,0.00357105355365381,0.00196575820817332,0.0154653502587275,0.0393466821127863,0.000000256701514686319,0.00646322914573346,0.0251532379697552,0.0360150292532053,0.00803674285373106,0.00256796058049828,0.108210537788943,0.0171428571428571,0.00946372239747634,0.105114470399888,0.0023632645480121,0.008337566704801,0.00511446242471518,0.072667973405579,0.00937991529124265,0.0028964101595515,0.00735113811591731,0.0130260435098778,0.000187269252427394,0.000201005076146073,0.0144541672970818,0.0457690880773563,0.00141256663908826,0.00137371617232955,0.00439869001982202,0.0159808246947064,0.0070943403791802,0.0161585076174935,0.00749095939467533,0.0179926232352228,0.0283596969705217,0.00816636481815222,0.00608144653302472,0.0569133399856513,0.00896394758230169,0.00668894908771931,0.0105957214410357,0.007159883679327,0.022530072001973,0.0370419334470522,0.0161227944672303,0.00716964033631863,0.0506746634705188,0.0123839009287729,0.00732806948853708,0.0055060155548672,0.0602825883241547,0.00680966943442078,0.00712416260241035,0.00420968523869639,0.0181153411141866,0.0216416351030494,0.0450836139298421,0.0220860940253372,0.0137348123881376,0.00252070310587915,0.00670154134501993,0.108304770277758,1.09513366110612E-016,0.122029936181086,0.0150521321680098,0.0356179717127019,0.110868051824249,0.00261878039655735
"A[Del(T):R(5,7)]C",0.0538647347433962,0.0106610964549555,0.000274433574748143,0.00131602670357236,0.00815510168671314,0.00898472497228037,0.00377740704012756,0.00691185386131766,0.0136169624005105,0.00153035556907225,0.0061699932822006,0.00970187355307903,0.00434056338910542,0.0138802378930728,0.0169138097411168,0.00280799157455003,0.00107952275572351,0.0000000484046031668864,0.00654165807755203,0.00475105433231173,0.00939401194792241,0.00945191628555296,0.0219475085587147,0.00264394993077704,0.00696843561560184,0.010649809143093,0.0285336514767672,0.0025384925148396,0.00162972133746897,0.00401512196258331,0.00467887260973566,0.00422300128847328,0.00347641104435491,0.0489369594277687,0.00406734233950651,0.0422728836611605,0.000905179052340545,0.00603690082408551,0.0203881598990842,0.000786457628754711,0.017743804338184,0.0123928450241176,0.0110491351334143,0.00961700237027838,0.000838384266804858,0.00984707300467888,0.0203204400583181,0.00118195098347876,0.00366469909408176,0.0158995735256145,0.022957867575708,0.000000657445821370862,0.00439691551849999,0.0520529835279954,0.0122448979591836,0.00630914826498423,0.0340731488544389,0.00406453602967078,0.00441522051396681,0.00105310471053912,0.0433998348700118,0.0132671492384819,0.0019604905978894,0.00761714346991356,0.00181793298676537,0.0000911902989226743,0.00134040048777742,0.00695046172725651,0.0225758910148969,7.65345581972691E-019,0.00057658952376681,0.0021923589631579,0.00852883485465975,0.00888567940281829,0.00270500495962526,0.00873108398295483,0.00461924738488611,0.0158401779381082,0.00484525676978866,0.00415748338432084,0.037700164058087,0.00656530528336903,0.00355090179930794,0.00803581180730678,0.00272842718554321,0.0117929710552973,0.02486643402607,0.0140770776210313,0.00178348043192548,0.0240701954915459,0.00928792569656898,0.0033034056112002,0.00936069365851458,0.0369993645604483,0.0017370948097742,0.00032617189493961,0.00297225512586777,0.0164206999200544,0.0157982605114659,0.0181206335446061,0.0184079432612716,0.0136208640368573,0.00123677254781698,0.00168806479330655,0.0560230025159665,0.00356788940831578,0.0380291070197332,0.00745849334573006,0.0225884422243487,0.0398154702864297,0.00299289188178051
"A[Del(T):R(5,7)]G",0.0368393647331716,0.0067706419289289,0.0016244432400243,0.000126323974095821,0.000610385397684573,0.000945165396655678,0.00217309188568555,0.00730031245168327,0.00231048318474841,0.026448415782218,0.000806633264173747,0.00105664730051399,0.00110556057326831,0.00946661460818857,0.0239170005578393,0.000167451358884857,0.0000725509727759631,0.000331073850281302,0.00305870116394241,0.000527675084491159,0.00355553666211217,0.000261815226324899,0.0233262299980163,0.028782749435439,0.00187779068972389,0.00675623350904022,0.0285257355719018,0.00299915986846902,0.00124998276720927,0.00175738081175486,0.00315674823937937,0.00408635575727649,0.0025411147542299,0.0437135829678387,0.00163735545201679,0.0314002061574452,0.00169645734307261,0.00650837290450542,0.0110770784541398,0.0331076121491687,0.00394138316569471,0.00177451841306152,0.00448433905804714,0.000106796418251003,0.000199198542328725,0.00852261057849439,0.0278217209093713,0.000725149807902983,1.40570845132814E-017,0.0082797208931712,0.0231827352951743,0.00084162377414203,0.000000000823931409942189,0.0412254912442062,0.00897959183673464,0,0.039854868362945,0.000193853817561273,0.00573053995088223,0.00347955458681806,0.0323434624920164,0.00149624680298536,0.000556015583485443,0.00177808115698522,0.0428290204035521,0.000916236229664008,0.000000179322781129286,0.00305625985167773,0.0244164759423984,5.5481903930065E-018,0.00184411257349863,2.19963533338243E-030,0.00261976984224306,0.00671720937772695,0.002633642893129,0.0102876890331758,0.00257534848456985,0.018287526488295,0.00606476039796218,0.00267222397978547,0.026316309094206,0.00768760178612259,0.00174953520032166,0.00359554622634087,0.0164258618218306,0.0130655027497515,0.0150163352316976,0.00391183365095842,1.00249067331524E-026,0.0295148819982973,0.00619195046440833,0.00485992137137028,0.00338061896511726,0.0271321815275881,0.000117871559153614,0.0370131547985235,0.000000265409164700555,0.0013254306083504,0.00471668359011355,0.0274710596747191,0.0127634315781411,0.00365311619066197,0.000338502119511373,4.00111317114935E-020,0.0401559334076322,1.27758199566742E-027,0.0479657010293593,0.00785145403118205,0.0189920895357885,0.0433296298125087,0.00112233445566713
"C[Del(T):R(5,7)]A",0.0216036188613121,0.0134543159874423,0.000383835565082704,0.0015477330519301,0.00187712693659628,0.00549717614324081,0.00702079714043749,0.00866839497667878,0.00124574459977291,0.0032872539425274,0.00357392574805902,0.00180882238296307,0.0120814028951314,0.0112878026831264,0.0278658780495525,0.000437072056916451,0.0041266069020665,0.00269480975262619,0.00712758572458523,0.000833269802749128,0.00371559280616627,0.00551173033611581,0.0194295985220754,0.00237786144075014,0.00160650979422992,0.0129987771616941,0.0250774441646914,0.00633472962913253,0.00368034208349392,0.00499290369475746,0.00874046753703845,0.00262609090900949,0.00525332463880172,0.00161272508020215,0.00344292816216622,0.0298993033767536,0.000856314374082232,0.00773921578600884,0.0162709707476186,0.00785254855778308,0.0191286754712145,0.0145960947330254,0.00682127850627148,0.00278410668551121,0.000339757219527794,0.00645182242490084,0.0295810144871082,0.00197548777628773,0.00390205420285586,0.0142527171611932,0.0186018241035549,0.00453139019604564,0.00191845193509316,0.0202656625325438,0.00326530612244898,0.00630914826498423,0.0410100356598787,0.00040809387019656,0.0119448529545028,0.0013235709217543,0.028608465416157,0.007225544877886,0.0035847925098172,0.00254344372019509,0.00278111622767208,0.00189031482443168,0.00110266726219239,0.00978686117813434,0.0273783970717244,0.000164551886054541,0.00176446735892921,0.00509461251986595,0.0120763317810049,0.00159104555067256,0.0065761570019381,0.00204983099322585,0.00433848311813593,0.00621716075677495,0.00309765792242412,0.006727958066317,0.0230254236607767,0.00551347912989586,0.00431626616441671,0.00783498185210623,0.00517497304786517,0.0107518245888656,0.0153474728139459,0.0040333721949727,0.00535157895886986,0.0318361887880378,0.00928792569662346,0.00312150264618336,0.00741882938945853,0.0251878247604791,0.00120882548408841,0.00211295015446429,0.00105755878988911,0.00753184930791698,0.00675442739104867,0.027868185035022,0.0125503514065851,0.00476624140063749,0.00122781141191404,0.00428299170990192,0.0210599689816446,0.0110502093591682,0.0364664413803427,0.00709098594295461,0.0257893703091655,0.0366909238169799,0.00224466891133527
"C[Del(T):R(5,7)]C",0.0226094109638205,0.0130297151751712,0.000436624450980374,0.000292624749407555,0.00750365468707711,0.0030578369590718,0.000409275225591336,0.00297179717870443,0.0130288546021337,0.0000636113367848431,0.00409023267138027,0.00227165454427502,0.00606139362215402,0.0139492731624719,0.0212987510158832,0.00295498883900849,0.00516430388381308,0.00325924941915454,0.00355113343359794,0.00926057760866295,0.00243431213298851,0.00861777150539135,0.0256809188142084,0.00270795725784321,0.000520887299329942,0.00994209737191899,0.0182260457627202,0.0076018727223195,0.00417955438010793,0.00466187254294531,0.00201930460028144,0.00681892945007121,0.0036586443517129,0.0012618783931398,0.000274034530760827,0.0247950659880889,0.002168874338565,0.00722816402026333,0.00971966435713053,0.00054953129596144,0.0120934998668555,0.00328360847007586,0.00435120525763507,0.00463648172932259,0.00103556556741554,0.00927559933303226,0.0308520869447186,0.00366584602057404,0.00602818372428499,0.00582538448497338,0.0229441055050722,0.00698270286087957,0.00182143448896596,0.0131932726593735,0.00734693877551021,0.00315457413249211,0.0316258124844896,0.000000191393797342433,0.00910886029132782,0.00143520567666548,0.0265123959708744,0.0105178823878498,0.00334404627018795,0.00309953411192537,0.00118590118548364,0.000537428689909718,0.000692181011875896,0.00723809212781789,0.0271961334054463,0.000262947527311093,0.00479573460437013,0.00416273860847974,0.00406354301583749,0.00340745138816036,0.00170197095122322,0.00818480572274457,0.00133224845605212,0.0115768820778954,0.00515302517003178,0.0123976409439143,0.0217102770577376,0.00316631663733674,0.0003922105875909,0.0082358698189379,0.000262693712364041,0.0124032449118808,0.0154060228636122,0.00963940234556365,0.00958232171606581,0.0283509087913601,0.0054179566563243,0.00158128067865982,0.00812214510290881,0.018980910971951,0.00183317946558554,0.000307139762644137,0.000781022790288557,0.0022972057327573,0.0114143856966905,0.0234373461525277,0.0188181073156636,0.00398624475621321,0.00129256761737504,0.00613750444672446,0.00892347008013337,0.00324671669651801,0.0233154809896206,0.00774258195046429,0.0258909446427367,0.0353249511760107,0.00074822297044482
"C[Del(T):R(5,7)]G",0.0165056584084567,0.00777976546676246,0.0003405162084598,0.00146172953932112,0.00022627544189658,0.00047362968560316,0.00272076681563923,0.00163811537820023,0.00339824351051379,0.00194787977112919,0.00371829094414157,0.00374796743803325,0.00108975283450028,0.00776947306548167,0.0218016067666238,0.00208756759479199,0.00140796396625085,0.000604680203815885,0.00246195757888465,0.00164656051083113,0.00382516661778276,0.00061043323410508,0.0140569359233388,0.00474052069543913,0.00203483069942138,0.00455996496477394,0.0132992988702406,0.00443565061810155,0.000828865725459978,0.00477895396997071,5.66044321929973E-191,0.000812250262572771,0.00130722131264189,0.00146560094505028,0.00215194609178621,0.0182628793590832,0.00398520717346164,0.00554786510958668,0.00448474380882524,0.00358711494358321,0.00869941394079893,0.00597267732743602,0.00289956250194133,0.00237783955234892,0.000983524767743248,0.00814646903407848,0.0265238882523035,0.0000000141329392764014,0.00126466359980391,0.00149466807189495,0.01620726914974,0.00452246388540333,0.000115093018059331,0.00693903980275891,0.00489795918367348,0.00315457413249211,0.0266156525547393,0.0000204448833233307,0.00757934584178638,0.00157622373293965,0.0203789091000747,0.00795934411589884,0.00564184319222564,0.000747677219081482,0.000927642263467114,0.000453353920712741,0.0000000436772402147444,0.00549322744283805,0.0211178174923617,0,0.00235067090420526,0.0011266336600182,0.00148084112396027,0.00517591253815832,0.00243103519668949,0.00270466707275557,0.000563434387010729,0.0101046722671066,0.00135643477141761,0.0026680718163562,0.0168258264823536,0.00248671121820434,0.00258267325355813,0.00380746930035826,0.00228079523725142,0.00481665397306311,0.00919394044849595,0.00401634367809054,0.0013553196423328,0.0261582666049901,0.00386996904024711,0.001925607067991,0.00367223347283355,0.0158955965035407,0.000102914624078972,0.00343049077032765,0.00416596209799671,0.00575946982972073,0.00448745191516373,0.0246555193714216,0.0104857760930822,0.0016541232709718,2.50853623170803E-026,0.00175765282503635,0.00299715190239208,0.00282113154926465,0.0229094703974601,0.0063108050514468,0.0183569621470658,0.0227688216183297,0.00112233445566758
"G[Del(T):R(5,7)]A",0.0144240478084286,0.00744170967624874,0.00117478752495309,0.000479691853865063,0.00199103443914135,0.000953998210560826,0.00480904297488058,0.0101538677825427,0.00412555320198058,0.0022144204429157,0.00290119727976088,0.00476015646493495,0.0103032914962789,0.0078042927285245,0.0154214742931458,0.0010775442912684,0.000494613437933969,1.09950276113707E-029,1.64637838196942E-090,0.00138413864421755,0.0027023265225593,0.00745086672253239,0.0210424431262507,0.00334439389389139,0.000836967154094121,0.00707664173071206,0.0268079710275659,0.000976691374106191,0.00123781304396717,0.00184802762104283,0.00956989402036085,0.0120216621113656,0.00315104435008307,0.00191498487636116,0.000850111704563767,0.0167435843128623,0.00171367809303844,0.0042425457234823,0.00899389138496103,0.00104559123050162,0.0159657823071373,0.00685191268850848,0.00809991777856623,0.00266343393818028,0.0000527501955372006,0.00852727064345101,0.0255171132731289,0.00117071416840438,0.00178885135493448,0.00561711676408795,0.0178515760462315,0.00654302201876384,0.00230717048274867,0.0153374249526537,0.00653061224489797,0.00315457413249211,0.0514762102034816,0.000307938342205606,0.00341828851411833,0.00317974202690383,0.0195118036760175,0.00915376704950486,0.00360704430639891,0.00102628101535473,0.00236980941620969,0.000169278372435675,0.000231972933777978,0.00454428742058002,0.0219804092621824,0,0.000633054327243265,1.47013463226488E-034,0.00278829677814243,0.00144477141709839,0.0035513079108359,0.0006540293189335,0.00914981723579056,0.0127813656145622,0.00486039042716421,0.00166018427682163,0.0147839566788959,0.00416842705788925,0.000420220943010965,0.00552426653041782,0.000746106014955318,0.00518104943643753,0.0107407196870059,0.00980443409321664,0.00288385273928749,0.0226100060531308,0.00232198142410782,0.00292602326435786,0.00516149244825435,0.0109624780728052,0.0006861169883486,0.00238924410868146,0.000806130058950687,0.00615240133643665,0.0111216415568451,0.0164926106746204,0.0109017543140939,0.00421926350259871,0.00077904923009408,0.00142539543426695,0.00706738872046515,0.00246352407230053,0.0355123348896367,0.00487290609507602,0.0179906945268822,0.0425856544737164,0.00112233445566737
"G[Del(T):R(5,7)]C",0.0141325465356024,0.00663071773557725,0.00146604584805733,0.00123099109130676,0.000459069049979594,0.00165354639433195,0.00207818212660303,0.00955682514541249,0.00233931202288333,0.00371368448972298,0.00475857799456543,0.00242502243300835,0.0020581376016367,0.00642722119728137,0.0108292701600388,0.000144756045548394,1.45743187086975E-069,0.0000748568281496023,0.00206895450405705,0.00270851902985911,0.00338964655744001,0.00364054404517143,0.0190865498234182,0.00268591962557839,0.000307942446987532,0.004913523380465,0.0116981230448788,0,0,2.42112011877903E-089,0.00342203239206875,0.0123195804653851,0.0019469983697738,0.000954036667285137,0.000904713397771497,0.013942533065393,0.000829048963887251,0.00401822494853208,0.00591009235666212,0.00154537617317814,0.00732907905612797,0.00118898647285881,0.00343064404635369,0.0029928746508089,0.00232280507484794,0.00687101669624141,0.016914326393463,5.45614470149371E-022,0.0000000499718596487031,0.00313848953406084,0.0152736708890818,0.00452506349043657,0.00192585023581323,0.00824377295413097,0.00816326530612246,0,0.0211657393786027,0.000526505921689966,0.0020424707429336,0.00241507672402163,0.0171431455002958,0.00886624295759151,0.000732024260779532,0.00295641140943749,0.00238744226382443,0.000277606840513926,0.000000230952550812458,0.00293220433015299,0.014842338878025,0,0.0010400579539275,0.000252013949400073,9.30182568159023E-123,0.000556269254007945,0.000653266406922837,0.00545884785947056,0.00259267265411093,0.0148402350222873,0.00499163068570601,0.000613013365018562,0.0114181705076519,0.00276074083539355,0.000384665293537453,0.00926246561452978,0.000186347529431108,0.00940774285359535,0.00928571703842734,0.00488556585921232,0.00264407070925183,0.0151176819615332,0.00232198142413466,0.00212961011093886,0.00338524236267232,0.0075865607632669,0.000222488740093577,0.00373974615174109,0.0017912818698827,0.00746695819486648,0.00652602674065814,0.0121714070824954,0.0126892341745731,0.00404363148583807,0.000247607687919728,0.000280147983781207,0.00510954928624813,0.00122394186652849,0.015963716869028,0.00455776104777094,0.0150303917113784,0.0199104240025544,0.000748222970444891
"G[Del(T):R(5,7)]G",0.0102805510591292,0.00597286828187348,0.000374552198387073,0.000584660204833265,0.00116299823312639,0.00204301624454048,0.000945422921916061,0.00227703550239936,0.000338833794849088,0.00684470708158446,0.00255463721518978,0.00493743209749792,0.00478738954356626,0.00507406139908653,0.0114342447167143,0.000529832157406741,0.000846793831953365,0.00156663959182528,0.00410910042049536,0.000681723462049608,0.000728094398865244,0.00207234781168488,0.0160771649635503,0.00704351157284774,0.000466051102025399,0.00672660911186277,0.0140242872533541,0.0017119907069662,0,0.0032434921960452,0.00300342669239486,0.0054880167617398,0.000902090209359316,0.000975120506823075,0.00125663331049427,0.0109363606261564,0.00378336597395524,0.0030104294513777,0.00508770866826714,0.00510911758710076,0.0084434011389458,0.00189041250863416,0.00620754421907595,0.00131289163872254,0.000263161625702899,0.00349211879023194,0.0159475431595285,0.000253468123226565,0.00138382850303615,0.00142253457053576,0.0119195194678742,0.00336566276423793,0.000700589019039835,0.00788889023371551,0.00489795918367348,0,0.0260321007153511,0.000209062014697892,0.00359246000632357,0.00331204440277824,0.0131519943213449,0.00390315499909405,0.00364355265092175,0.00216032045315442,0.0067940642388486,0.0000677691723624088,0.000000545043870129894,0.00455835649713538,0.0129976920785997,0.000281818992068667,0.00293731978241085,0.0000000251817944655261,0.00421101757797206,0.00149501119578007,0.00170418045911065,0.00227974036388679,0.00173218705753033,0.00879111998151673,0.00304222877207852,0.00190606048867937,0.00976081478256335,0.00456637438407352,0.00020797945058201,0.00291798636678697,0.00126300992580142,0.00824235016506588,0.00741313812789217,0.00784206745590204,0.00079870111035736,0.0142192374417658,0.00154798761606451,0.00330442045221154,0.00459434597707743,0.00843522800867131,0.000836360368066045,0.00405605418607996,0.000264406023492017,0.00372067632902345,0.00767522311285334,0.0120320177495476,0.00790847430229095,0.00231558789976712,0.00125939340997545,0.000984646599577187,0.00332758286579968,0.000633363531225422,0.0195505078192922,0.00318872042340873,0.0103490053572077,0.022201022739207,0.00187055742611267
"A[Del(T):R(8,9)]A",0.131369429412603,0.000534507153705642,0.000498365123160343,0.00134772581107043,0.00350680569433769,0.0000632182215507455,0.00195049686456491,0.0110072291860811,0.00283629407523403,0.00206273734131931,0.00184446720794827,0.00537167853333527,0.00541444279057502,0.0359251062361889,0.0748208494081042,0.101058385425019,0.162082349769451,0.108760688244526,0.0103666876647041,0.0129835271059659,0.000527184209259542,3.32838147557424E-027,0.0828729039636353,0.000622895636705746,0.00840125525561413,0.00779320345178159,0.0475124940265389,0.121675055199195,0.13772055018594,0.0148127621032997,0.00609576736579871,0.00957454260712755,0.00491118294786839,0.00725636398794139,0.0180904128947991,0.141468647667665,0.000980248873247576,0.0468698065583578,0.0118946138468253,0.0204250580948294,0.0198168987800268,0.0135885522549843,0.00826402642264469,0.0274092588881076,0.00523428776418058,0.0252255954073756,0.0668319545517894,0.0859605745938572,0.147068431332329,0.0180928342638701,0.0642318486440872,0.020498188720129,0.00129825405459835,0.0390781419330745,0.000816326530612234,0,0.0680487309497195,0.00406445470188528,0.00133841228990533,0.00155645095207566,0.11231173123532,0.0000186829869832225,0.000204726653164546,0.00142840499659316,0.000257066952499658,0.000235108283102827,0.000103248973483633,0.000206254414646077,0.0804768205518546,0.000177203834869926,0.117046457646192,0.119576446122447,0.00701513425077663,0.00232354960175356,0.00528866276457358,0.00205255518387029,0.00558430986658064,0.0646881852727928,0.000436044820699743,0.166405488541991,0.119042009750266,0.00289018350487215,0.011685505029229,0.0211480684827353,0.00580392185567723,0.0357689597628607,0.0394713144035595,0.0167057205459128,0.153436107529029,0.0897450863015137,0.0162538699690401,0.00380429260134037,0.00308792286565208,0.120044543268003,0.00785601420298223,0.00410605178257066,0.0144607313802584,0.010475969132446,0.000822730188493255,0.0858921571444463,0.0471296681594412,0.00377924322994684,0.11063074753898,0.151966855918955,0.0504704190498739,0.0101465547234374,0.0864450269922056,0.0325808753315925,0.0573409515044681,0.0734442309791005,0.00224466891133531
"A[Del(T):R(8,9)]C",0.0995795248190482,0.000152719507218141,0.000775783130029312,0.00133840925023211,0.0100738554988811,0.000344627222375964,0.000130971102366855,0.00975843145857523,0.00170317987974877,0.000000000000169777490816846,0.0032060524414918,0.00719924111610448,0.0143221158774085,0.0244196548893466,0.0420528123956291,0.0109997061660551,0.0158726764271746,0.0132967702220192,0.00358553972932307,0.0151749844006589,0.000152297147591573,0.00024478863447171,0.058448525586423,0.000134746732665793,0.00604170135194845,0.0159775275478297,0.0265371565220021,0.0129233129046463,0.0155201532264709,0.00681088233321401,0.00279035086593766,0.0145513496320802,0.00510596671139084,0.00782103682089137,0.00907760980845666,0.096838540235151,0.00242138840132967,0.0185926489084796,0.0197791637223083,0.00261226997550175,0.018207925519037,0.00870325902033813,0.014113421434342,0.0320651131687857,0.000446679717821686,0.0248656238167348,0.0506084180168058,0.011265272983964,0.0168285468075647,0.00593327407566561,0.0559180214349393,0.00564835877948042,0.00165806008192498,0.0240186375107036,0.00163265306122448,0.00315457413249211,0.0357452999809284,0.00502900168981143,0.000498352605753628,0.00281468666672527,0.085686630618886,0.00188613190343278,0.000513348213455531,0.000163345415245737,0.0000152732395080468,0.000618733014264542,0.000260451849123261,0.000708018550121616,0.0531481441982593,0.000179426015603384,0.0128536332065951,0.0146137420178447,0.00401242836587072,0.00453642010007396,0.00117074560567497,0.000778135805130421,0.0010415311936756,0.0620088086884141,0.00287157731281977,0.0205320544243022,0.0935220740926048,0.00605364500442736,0.00898078518208411,0.0259646931333159,0.00149154330689874,0.0275598493088286,0.0335148066145038,0.0113344603925656,0.0177313383246149,0.0609408308306564,0.0100619195046377,0.00153199623016273,0.00146507227578356,0.0850953522225115,0.0106064128753495,0.0018158084028746,0.0117625408001002,0.00440897051112227,0.00472962092123097,0.0466759931774611,0.0355030041468577,0.00315394990293667,0.0124153373372918,0.0185617121578251,0.0272882040544533,0.00268195993237731,0.0370916619105569,0.0246548804563997,0.0385349000062139,0.0554814800041413,0.00149644594089038
"A[Del(T):R(8,9)]G",0.0554137723251023,0.000815819136182839,0.000216540002675694,0.000864444781005736,0.000424585305162486,0.000224579930147697,0.0000029846505107117,0.00583754039293014,0.00428011059717122,0.00166187348535686,0.000873392144351996,0.0015009237544219,0.0000045313260404187,0.0159720256724287,0.040158366848534,0.0819631247009471,0.128023652259767,0.0691271750041665,0.00100066563845116,0.0035041699734662,0.000538854577838252,0.000700086787293759,0.0282245144649263,0.00146612121261296,0.00262623552340488,0.00357047398850662,0.0150272186533161,0.101647929672063,0.0911155290927909,0.00674186419422545,0.000327353751655557,0.00293890115751615,0.00251822242927419,0.00232018618494036,0.00763484722055302,0.0613520317980476,0.000438590614522705,0.0146048268179197,0.00358364784961866,0.0196628203584457,0.00234791137187577,0.00873134922335493,0.00988513530893796,0.00920159712244501,0.00140528707560529,0.0096121735744091,0.0413181768507987,0.0717693260816106,0.11136443015816,0.00204296281227688,0.0304087167436937,0.00988134683106087,5.69152840805353E-058,0.00901315415059003,0,0,0.023339285873257,0.00119063991109898,0.000114405576600277,0.000445149959071176,0.0440850874925603,0.0000394667489433661,0.000420401099950167,0.0027393792017587,0.00162373783987342,0.000392726972238927,0.000787185307765798,0.0000566813952270869,0.0402005047434508,0,0.0833439811130372,0.130387584241534,0.00338634027547462,0.0000740985452897888,0.00169915716798332,0.00111066957545714,0.00118375877196361,0.0172963491153815,0.00192468590171094,0.115285393940618,0.0555282518588077,0.00215081221074108,0.00689937441030534,0.00568387037158481,0.00928703368161576,0.0193164242875999,0.014160216140283,0.000343032567819383,0.104619326810705,0.0470702717407018,0.00154798761610547,0.000657574537645067,0.000224101031470444,0.051970316218155,0.00507984513656034,0.00778053467793157,0.0045799708333348,0.00110081098255455,0.000243922554355485,0.0490267577519739,0.0274507396037343,0.000539537759437546,0.0776106317190148,0.125616954751314,0.013594994816026,0.00067317150963483,0.029240965238158,0.0202249541587231,0.0286962897955366,0.026844798510661,0.000748222970445223
"C[Del(T):R(8,9)]A",0.0538847811126875,0.00133010230641334,0.00102749481751215,0.00466030613820605,0.000332647717016994,0.0000905554114643691,0.0010437712106585,0.0212494794552321,0.0000246550455688499,0.000163952726335423,0.00667758206078685,0.000535284615922987,0.00590531929484471,0.0251792622945295,0.0671686583887441,0.0401671833838061,0.0745012318478346,0.0458470223187083,0.00386026100232847,0.0091332434138679,1.92731398081389E-049,0.0000600396340254056,0.0446748071395892,0.000871204394396116,0.00361585401139426,0.0102417683869793,0.0258700739719724,0.0547877216144559,0.0502437750245443,0.012034866391025,0.00765371275316214,0.0167129271438023,0.00574614187289282,0.000458159142445997,0.0115634268801165,0.0765931186846215,0.00138566487120175,0.0386768745744473,0.0155916318422148,0.0192472105422981,0.00402406341213632,0.0133716196890944,0.0189091636963217,0.0187773071570427,0.0026575647271616,0.00534826379573409,0.0607114419371513,0.0457436401929442,0.064693327013148,0.0056330431003209,0.0417232004895399,0.015446301968565,6.67062353333996E-095,0.00634046394882976,0,0,0.0385360322170018,0.0000883081136981602,0.0000659162074792624,0.000355205130180529,0.0619705304304281,0.000134037784000046,0.0000958893681368243,0.00481322127547062,0.000260469312922432,0.00127123038605728,0.00301647417615723,0.0000443802452998411,0.0649634356101101,0,0.0544840715946467,0.0646139458955763,0.0138708038774866,0.0044958913324803,0.00155495343513098,0.000974554062443134,0.000123941307070119,0.0268324354422423,0.00158324196428896,0.0822584732819734,0.0639416220265065,0.00181260795944884,0.0152155857164716,0.0147043341885861,0.00212040162029782,0.0231184228590478,0.025087662182657,0.00215237946733525,0.0738788033331433,0.0678912219413836,0.00309597523220346,0.00111623381507284,0.00152030284869143,0.0679956102794899,0.00429907790128677,0.00307359373672509,0.00805678843472391,0.00341487347993033,0.000627886993763587,0.0683928160710147,0.0311555609734678,0.00147684580524028,0.0553931219803396,0.0681609466288765,0.0060291348317328,0.0102343365839739,0.0423842465654259,0.0213928149634856,0.0499332372713558,0.0395257094618155,0.00149644594089044
"C[Del(T):R(8,9)]C",0.0642193949683724,0.000920465279004368,0.000184889160157536,0.00124151814199891,0.000956486017627978,0.000295040151207686,0.00568010535221996,0.0181394834507375,0.000367783150403702,0.000461971602620887,0.00636461487229718,0.000730044617443007,0.00794498717574981,0.024246228051504,0.0574491072249622,0.00521472771964427,0.0084152397202728,0.00603702003013422,0.00152162047828144,0.0138514156833733,0.000885426660775131,0.00000000000139316074534833,0.0768187087093873,0.0000850490093302145,0.000028003043234085,0.00130367978948159,0.0196117719401614,0.00692555704658082,0.00851460519215428,0.00980161579054752,0.00243769947293205,0.0156656084938515,0.00365004648694328,0.000719560687953689,0.00223729317084928,0.0793295660522054,0.00349504798889894,0.0276321766661266,0.00783377561015803,0.000735950196496525,0.00170379708122953,0.000113857877834071,0.0220767960910238,0.0333538859615779,0.00103312124676765,0.0289558022521403,0.0792995157047196,0.00471535814271316,0.00695730131790972,0.00148440478674497,0.0565959826138669,0.0179597479055798,0.00148576175974705,0.00402595233911621,0.00326530612244898,0,0.0352397870876094,0.000332640645948699,0.000352228587200163,0.000659831331246938,0.0696706088956794,0.0000333301553885516,0.000137129475149229,0.00110673744799608,0.0000000000482971972131116,0.00159439708553204,0.00383732304693387,0.000177190155324345,0.0762352076592062,0,0.00241598631207087,0.00899248486689316,0.00386885061885544,0.00167364419881174,0.000454118740369827,0.00138777764113139,0.000185587600880733,0.067073013827496,0.000413773112975188,0.00871805371137996,0.0797790428085147,0.00126884907672131,0.00923674097913455,0.0374632390602255,0.000664363132955069,0.0323657605809202,0.0253782462457517,0.000311329584628569,0.0151251790025148,0.0763387307084682,0.00696594427248277,0.000689692401395735,0.00122430770695175,0.0598363915550465,0.00494219529671342,0.00231270118082751,0.0108045667154923,0.00388446776496716,0.000311076098344561,0.0653886594050413,0.0372103000578647,0.000864477892223889,0.00608386306925457,0.00701694119522614,0.000947301353433722,0.00340291944043388,0.0292743913531593,0.0248917835091615,0.0499374430315877,0.0596713036569982,0.000374111485222519
"C[Del(T):R(8,9)]G",0.0411159362230023,0.000253293601845147,0.0000120919722828162,0.000247175458443754,0.0000825965559402391,0.00021807077390607,0.00143713413633562,0.00808639457781784,0.000115864507097097,0.00277427054136703,0.000907647152193358,0.000350343196821566,0.00508489857861145,0.0171583555481778,0.0603329043346669,0.0422873614620204,0.0718465098274313,0.0431138776331976,0.0043355097215113,0.00523448736605279,0.0000615469867442793,0.000334229651899924,0.0292451526881149,0.000205223059882514,0.000681630402384274,0.0000203407135438906,0.0134363580601057,0.0656518827346962,0.0489639883246423,0.00995541502242761,0.00229874901281834,6.70399128569151E-061,0.000477965284872578,0.000153731018137158,0.00679085100187417,0.0535718818845943,0.00233991732871925,0.0257508053924628,0.00382411687073707,0.0137794399168615,0.0000901970079080216,0.000847213225007871,0.00486105547246165,0.00736566511710448,0.00112465851139856,0.0150266973384951,0.0628430105404995,0.0389152792747007,0.0567866544456581,1.66480413484564E-058,0.0361270692834083,0.0124854969635107,5.97445339714611E-283,1.93037518585767E-030,0.00163265306122449,0,0.0220858684044727,0.000944018907543908,0.000000108294214928734,0.000331351009743309,0.0409224605441547,0.00000000000158890258439954,0.000299968265988574,0.00177089226786284,0.00117683924304118,0.000320746214253499,0.00104221579181684,0.0000652200890580764,0.056923973642395,0,0.0437688691465535,0.0696593019822,0.0032482873681212,0.00280806170649877,0.00167874271218398,0.00195647674870312,0.000208968133279361,0.0142782970537323,0.00127376378483573,0.0727707622060924,0.0570381947697817,0.00158547326068633,0.00405715565809755,0.0106327174840005,0.00708902124245607,0.0100390464229644,0.0139988612073409,0.000995643372983618,0.0569571711025161,0.0607365983178087,0.00309597523220975,0.000441604192576066,0.0000755027357021821,0.0507144845564494,0.00326247247725849,0.00463216266255673,0.00124949104669888,0.0032944217955992,0.00000071049714165323,0.0769641044110463,0.03060458966599,1.4574954040768E-069,0.0429450116548994,0.0674366444038392,5.33271664014432E-031,0.00186270793512632,0.0247898814432988,0.0206653129022577,0.0396788988682203,0.0254155804117094,0.000374111485222595
"G[Del(T):R(8,9)]A",0.0386816557811189,0.0000938272626806559,0.000830954316289549,0.000897062100702077,0.0000000406813008273515,0.000523640802621866,0.000256329192656086,0.000236307318668451,0.000618935489734207,0.000815483908611355,0.000352046200364345,0.00119006929223612,0.00740646555979994,0.0130195067070686,0.0321619511556125,0.00363121388638765,0.00252119409288448,0.000448167700153909,0.000194061143134695,0.00600624630848915,0.00000994313150739433,0.000283223719810626,0.0344807686856051,0.00013355328314373,0.00101082087670235,0.0064211348758755,0.0157084208981457,1.48565539704463e-320,0.00230907396289175,0.00401531147619147,0.00223551501736975,0.0185332274465662,0.00274011667436692,0.00218451569398924,0.00231127362553916,0.0436954368030299,0.000507074263126248,0.014172423122185,0.00705638001801855,0.0035569844173106,0.00440135697687305,0.0019550570823732,0.0120008407236409,0.0140065134282542,0.0011852777407041,0.012626070674503,0.0434648289232883,0.00148442210019469,0.00174399440882841,0.00567105754952903,0.0353696257895363,0.0168980842578189,0.000770133696059988,0.00616568149861215,0.000816326530612243,0,0.025562382253104,0.0023639559433909,0.000326976591025084,0.000282337214558429,0.0349943877423772,0.000238999152555012,0.00025608180068284,0.0000787793409663147,0.00000263288609020994,0.000000924697462614154,0.00141924554672588,0.000861192970397301,0.04496584343719,0,0.000659688207886673,0.00335208675306671,0.00864685043921807,0.000666446089397985,0.00116240121751284,0.000819385283205439,0.000233576569668691,0.0241317483801241,0.00211281947699191,0.00344788742698715,0.0425225783138984,0.00232367560086545,0.00562921691261945,0.0111125529369629,0.0000330000657528202,0.0114059066909099,0.0134809441846509,0.00282043511124116,0.00543726841083787,0.0443104636418876,0.00464396284830746,0.0000000000000171999452203011,0.00112868804932005,0.0362331830403368,0.00306357782438229,0.000368340839402527,0.00301861317796953,0.00354940422695016,0.000250460893425745,0.0379248378529497,0.0189890226722834,0.00062997997406875,0.00209305576613417,0.000431120896364649,0.00628780197817563,0.00477388211526882,0.0223010463589804,0.0145224559539648,0.0249732628002322,0.0309806629914608,0.000374111485222629
"G[Del(T):R(8,9)]C",0.0352707173898931,0.000323912874230892,0.000605172581056611,0.0000483853473679281,0.00408177732620373,0.000470228661655155,0.000339061205556438,0.00289772146440694,0.000721534742661443,0.000207872079341969,0.00165708619533067,0.000938097905937561,0.00796405320517946,0.0103934035583784,0.0228633843977709,1.15398216342993E-023,2.82182778325102E-204,5.09620573393567E-019,0.00306592620694796,0.00637068835049025,0.000196087539148425,0.000997989462431311,0.0332956316311968,0.000092215390494461,0.00181086500206095,0.0016744816245802,0.00984446199125865,0.0010971243437588,0,0.005523298618902,0.00307896103702066,0.0144042948729071,0.00226074343753771,0.000837049864928111,0.00115139542767858,0.0359457023393943,0.00158401943502394,0.00942401951783856,0.00592111942068581,0.00108568167121678,0.00188794589617636,0.000147612349948243,0.00534572165086651,0.0141341768725308,0.000940088065648248,0.0141845944754364,0.032331707699409,0.000000437959238073262,1.70958137903488E-017,0.00119217980340592,0.0321159907494354,0.00909187983670227,0.000793462003948435,0.00236056351890985,0.000816326530612245,0,0.0156185995018067,0.00140301535568471,0.000603105262784209,0.000208206952127288,0.0330121561890545,0.00027981680844105,0.00004005051711112,0.000928053701455733,0.0000501903060384649,0.0000168409535240124,0.000789247360340071,0.00132471757926143,0.0309513679464913,0,3.20092008985676E-025,0.000304693346145797,0.00352823901067653,0.000853752229477097,0.000829054511195273,0.000192172002465958,0.00083747943611029,0.0288819015853392,0.00263429238293108,9.05629901001321E-250,0.0389604884286348,0.00192865801551046,0.00177501058005328,0.0131459506492038,0.00225161194597759,0.0100881830325909,0.0107972820523421,0.00458618706886471,0.0000152053206708159,0.0330339910911083,0.00619195046440569,0.000765148772907288,0.00315786869741696,0.0307015162141559,0.002540949473901,0.00125306165550507,0.00205767250811515,0.00168066948501018,0.00293539112725591,0.0278631056021976,0.0178923408414307,0.000349229944718919,4.7842068775699E-047,3.89976089402351E-030,0.000665531932803207,0.00166672569796472,0.0134809296139953,0.0134490210059349,0.0198897989146428,0.0249954469557758,0.00074822297044511
"G[Del(T):R(8,9)]G",0.0211147365025796,0.0000200698020109616,0.000000000000244481860810352,0.00129051776455007,0.00000215934009339717,2.04182813706904E-036,0.000820456399201615,0.00572179734043689,0.000787288174125049,0.00107323780494221,0.0000508589291859892,0.00117211455871661,0.000172371078199375,0.00782373879789939,0.0227345626363512,0.00401939482694729,0.00508627304755706,0.0030942762559016,0.00104272532833772,0.00262920688923757,0.000929283634516567,0.0000310876760402451,0.0173985216710814,0.00148908804791156,0.000239661875371764,0.0000678436866568782,0.0072916982651994,0.00290844101602762,0.00219744543458478,0.00586353393730577,0.00142632114789081,0.00422100417823035,0.000285297482550872,0.000217912544903327,0.0039036028970836,0.0247984067457186,0.00240726793749256,0.00654220450554921,0.00211199754086933,0.00536389775389096,0.00158127954336949,0.000191421839297635,0.00179487446033199,0.00515373159451021,0.0000848854887811749,0.00546698690767233,0.029007602744435,0.00162059253929661,0.00327215681396047,0.000251676667117257,0.020254624751989,0.00814559488576354,1.84965539701707E-297,0.00137722748484084,0,0,0.0117977218047607,0.000913333107535156,0.000097700039613556,0.000511699523977696,0.0194681294802111,0.00000200331022092255,0.0000712557342890381,0.000643424101343337,0.00103831696559418,0.000117093963635292,0.00172201671774127,0.000270463936383471,0.0260643628199657,0,0.0009137813098659,0.00580961235608125,0.00178058671757747,0.000956972412780178,0.00015672001302267,0.00084869443750197,0.0000271135693755808,0.0093288574884398,0.000554063729985641,0.00511383718941774,0.0255485921334134,0.000650630326631114,0.0027904212152629,0.00436666783871568,0.00259142459877768,0.00555675516351608,0.00717040474817859,0.000717876124276934,0.00552567406098032,0.027874401205332,0,0.0000419280526464969,0.000811724601778148,0.0219019423404919,0.000130497474466666,0.00299035172938578,0.00361895258717561,0.00145959474957599,0.000423227486988891,0.0291394700036798,0.0134471350865582,0.00021920741139966,0.00267108174734031,0.00510551650259032,0.000129884934895644,0.00161379881522145,0.0111558539184367,0.00962300271338853,0.0166949814906835,0.0144704066928843,0.000374111485222633
"Del(2,4):R1",0.00106525493986903,0.000142375108130439,0.0166801772279857,0.00482369423597532,0.017930133549252,0.00298798169161771,0.0992432234089184,0.0249551314678461,0.0185122149317344,0.0411957160941106,0.00525415277157598,0.00148832142456709,0.0074925120838705,0.00259105504094718,0.00675672755038046,0.0421637594107193,0.00639787965668157,0.00336006314321316,0.0394426945416879,0.0426608867155368,0.0436104893084213,0.00896585587890922,0.00518470035621204,0.0389564452098075,0.00632810293758097,0.0251564442829172,0.000812490565397748,0.0173670768415278,0.00624683168375015,0.0059037865246707,0.015921189905963,0.000576642392186326,0.000874672024860545,0.00874860523341341,0.000997221563733033,0.00327604542123501,0.00246370036660435,0.0319358219891804,0.00167253396173191,0.0239616485732262,0.0214736035327937,0.00535746797466779,0.000112396491307927,0.00896896806980199,0.0502995559748334,0.00432449806326196,0.00604034715235036,0.0068524466380512,0.00844614681450098,0.00189709917168298,0.00584271409898904,0.00406188963806795,0.000574184408357494,0.000435491677945002,0.0440816326530613,0.00630914826498423,0.00361607113052165,0.00433979861998954,0.000479982468619456,0.00763464365178598,0.00419138638485199,0.00824165606132659,0.0212154873628689,0.00172788163083453,0.042789383334322,0.00834891250224878,0.0611048188296461,0.032041894443452,0.00406919169444113,3.00292440470871E-250,0.00882830329272116,0.00689668286890982,0.0216985348194453,0.0167134148678689,0.0124406699355583,0.0228028338274303,0.0145753760758907,0.00767405301989952,0.0254905004910269,0.0105459394684758,0.00257122695659361,0.0106020580297973,0.00480382149633438,0.0357913791607502,0.0327384477843562,0.00645868815864273,0.00420027870335524,0.0128456691799064,0.00852288647930521,0.00499451984752732,0.0255417956657058,0.0074395665655982,0.00853560070072721,0.000890001795324055,0.00299798031676533,0.0292467228615595,0.0522903262634591,0.0190999091865507,0.0369747184540625,0.00673538577340389,0.00615406455306831,1.64093859201696E-061,0.006545166219156,0.00945361680371665,0.00202894659832589,9.64074756482757E-017,0.00232553468502975,0.00394594493245366,0.00484717166623691,0.00290765586341502,0.00673400673400656
"Del(5,):R1",0.000384894499511337,0.00236174039002236,0.335419613756982,0.00169532044466824,0.00615536617104721,0.0127346177289093,0.0400748945096685,0.00109690144189087,0.010680650010139,0.010915853612351,0.00472307381555403,0.0030394944905686,0.00832710798703207,0,0.000254229098072315,0.0203784476442357,0.00280132128849282,0.00122937859436859,0.00680739959809539,0.00103416527640587,0.147415267245954,0.00539234112120265,0.00322990958317828,0.00588298188450284,0.000989834046400024,0.00177964382747762,3.31306670254231E-222,0.00859321072238357,0.00594493490114964,0.000528436995568034,0.019435532535821,0.00248549573958315,0.00105251778380677,0.00445132099054639,0.000231454812922449,0.000262684686881891,0.0512776148085482,0.00105897660085943,0.00258185903002138,0.0040774274170468,0.000324129295893977,0.00990729718418982,0.00173756026240774,0.000210806372532995,0.233408122836212,0.000427482935274067,0.00129854288011923,0.00163415581570659,0.00437624719528883,0.000632804034938885,0.00100310778081577,0.000444872998885579,0.000329954945794298,0.000349532589033624,0.0612244897959185,0.00946372239747634,0.000391696100845495,0.000401622128674524,0.00583507385111139,0.0654256374531055,0.0000614131116020521,0.00518698707618438,0.00536036103080545,0.00655857709183412,0.0210819663219232,0.00288552549512133,0.0215673401591292,0.197381735644729,0.00100800157163196,0.00045028410352298,0.00864484532100632,0.0103739893194547,0.0179291033001608,0.00726026523467072,0.0140734836707847,0.023243884567475,0.0735815922268515,0.00397380524272463,0.0835184810342739,0.00594120455051631,0.000313450315014807,0.061669662614376,0.00422313203471062,0.00475974238901044,0.013325451769736,0.000443039978888112,0.0131132095050037,0.0275204233748099,0.00806978486435633,0.00109209379568588,0.0201238390092406,0.0812155759302139,0.01865631466035,0.000743606591855973,0.0009260137723366,0.0114111313400921,0.0135639758547191,0.0202510538170806,0.047256626922506,0.000636388787558325,0.000314642184511831,5.24213926019828E-125,0.00378536718743746,0.00564412885910907,4.55010358148164E-050,0.00000300066998168675,0.0000000000579423728572928,0.000200642708106644,4.92937535921447E-066,0.000233308801088485,0.00823045267488543
"Del(2,8):U(1,2):R(2,4)",0.00481722033478204,0.0349864902971916,0.00584532153748002,0.0220126155519333,0.0386548012662538,0.00809943902336757,0.0597176115299984,0.0141715789686693,0.0241857649033962,0.0140467000521116,0.000790693522924803,0.0225969319694604,0.0141110429074581,0.0014379371829946,0.00378625011275718,0.135278473830451,0.000000000000128108892199614,0.00380527899721058,0.0254170321640099,0.167755860283992,0.0293490281234244,0.0114931128728394,0.041923703538288,0.00553153962190186,0.00328028691938161,0.0000810756535926946,1.87414153635204E-031,0.0133555485748102,0.00540903428897682,0.0250803062106939,0.0141695046173971,0.00137023622942509,0.00407945263552602,0.0145793166868127,0.00289048653821175,0.00186806316333306,0.000513773735826911,0.180210301803206,0.00990145365644493,0.0031977285232501,0.0143204657110388,0.00989817848629367,0.0070714850757792,0.00537781318041159,0.0270568090128766,0.0181306724817941,0.00335163427107502,0.00588760651261508,0.0113226913887507,0.000939874439002798,0.00198730668307788,0.000782035804191014,6.08688724289845E-072,5.54371750474683E-173,0.0236734693877551,0.0252365930599369,0.00118240382304558,0.00714731502417427,0.0181497499267763,0.00498362274950482,0.0083264064491703,0.0112372066781893,0.0629275066311545,0.00673332137834749,0.00243943241790104,0.00254531089846063,0.128484976130913,0.0024007390662387,0.00561671356632799,0.000113601393817274,0.00739616961310854,0.0138328176595372,0.128793353955212,0.0133155010612119,0.00733894988732972,0.0120137896555272,0.00989380144116338,0.0382139229059362,0.018014549755007,0.0101911480701027,0.000459328412717068,0.000972322390629082,0.00307604350480485,0.173086772689706,0.0201519816533557,0.017866604665168,0.0103099242612372,0.00680438870411671,0.0147903494768796,0.00355479858092085,0.0170278637771478,0.00453691172028187,0.0141767458959334,0.00965110263433134,0.00672010588537735,0.00807374438858679,0.10567679562328,0.033555133029826,0.0226843317303618,0.00617774000454559,0.00179953889111459,0.00032771163626947,0.00566599846542332,0.0102056538389258,0.000580655913795189,6.44932766703115E-077,0.00142771244597407,0.00102060171948425,0.00368310070633166,0.002175139653069,0.00561167227833883
"Del(2,):U(1,2):R(5,9)",0.00339023978469864,0.022527886732755,0.0021921383753316,0.00839321457782774,0.0076029500263979,0.000107955362740799,0.0141916077819011,0.00642040252464675,0.00885164820774078,0.00683762029221837,0.00037045943166717,0.00860136107840816,0.00408387071599299,0.00378511082729446,0.035903910981336,0.0585783590589376,0.0455481360444129,0.00635495612788172,0.00494501962067795,0.0447261743077172,0.00830245143296266,0.00144143213821523,0.00908070972016757,0.00988233819098417,0.0168481080858571,0.0390572716319908,0.00297826918212045,0.0443433772771311,0.0146263902161413,0.00482569596397769,0.0029352451908945,0.00176199842552423,0.00236881104155966,0.0072380849371342,0.000350418074016092,0.00746478192121988,0.00238821946931629,0.0479948829295429,0.0000483676307833419,0.00726939833172052,0.00114539163608212,0.00823385408068983,0.00377250421607603,0.00175374306087483,0.0123223256982358,0.000782114353626538,0.0617314952616601,0.0230619523628381,0.039632235340724,0.00126382115122975,0.027288897176316,0.0110291352336106,0.000171932603787063,0.00120855399345573,0.00571428571428571,0.00946372239747634,0.0253237061491237,0.00681809584862427,0.00780854933225929,0.00528272699912586,0.00783272399779187,0.00422480416063406,0.0147304414183043,0.0002587044268721,0.0087015312917928,0.0000492221491031312,0.0220794851439663,0.000620889408254811,0.0327275289011837,0.000358379827801898,0.018806362747963,0.0409755546492976,0.0261769756119562,0.000699727351178809,0.00902163757171344,0.00275192243960895,0.00755413754160515,0.00983127794295881,0.00440783046578907,0.0488666685621832,0.00567683727928033,0.00648476523123721,0.00109726298045013,0.0276434220819998,0.00850116433889864,0.00349623721531722,0.00416064808854548,0.00710075774915383,0.0340018208843524,0.0501220726752588,0.00309597523217588,0.00165908877661751,0.00663900902290719,0.0103485884246861,0.00284244639711298,0.00997560222017322,0.0245633503002639,0.00377043885003973,0.00885880044637528,0.044770234592013,0.00487679544299708,0.000475244320807674,0.028900522391272,0.0389526119025832,4.05688064307305E-058,2.70204260742526E-030,0.0137599223356872,0.00682629476085985,0.0362039340804753,0.0211653826050519,0.00261878039655819
"Del(3,):U(3,):R2",0.00637814047238479,0.0010493484140743,0.000304128341211038,0.0201740665541095,0.0210783857711551,0.000912012611518101,0.0278683712660121,0.00087178728429271,0.0227015910856513,0.0161019277385452,0.00174742939190607,0.0303479753891914,0.00138661980208647,0,1.34643215542327E-041,0.00237518993168009,2.03788004472666E-098,0.00048950744120579,0.00000000000160122231565158,0.182802378674974,0.00102167811491756,0.000668862265632713,0.00998851025749965,0.00941866986243037,0.0149273907574267,0.0677033879098242,0.00102514399167039,0.00441363857257068,0.00205684962569986,0.00408888878973142,0.00778134008370269,0.00482853641478427,0.00217617308317878,0.0035068893341671,0.00218813230138235,0.000176250830949333,0.0123222325092611,0.148453528341512,0.00431024916052629,0.00152700510199477,0.00909574246504859,0.000582061663258714,0.00465805517523414,0.00740481349651458,0.00222901412406132,0.00631219356866279,0.000316289974222809,0.00000206958153065052,0.0000041880841272009,0.00053259925786378,2.89332505885648E-054,0,4.73742079168308E-090,5.94268779186961E-101,0.0146938775510204,0.0473186119873817,0.000399665681266959,0.00487069797535483,0.000147838631893767,0.00768568865837721,0.0057112864134684,0.00150316135298696,0.00357498262636316,0.00150758921054533,0.000256576203591482,0.000268213776581646,0.136719314623081,0.000603174554241856,0.00219329768401025,0.000379423959862719,2.0971493923145E-054,0.000000848987129025301,0.120451376370543,0.00207869419305089,0.00483976328466609,0.00553135836044166,0.00176086030776683,0.0149482692357217,0.00462465204341531,2.76837672770845E-035,0.00212217930093633,0.0116124160773811,0.00377555947457608,0.155942165227816,0.0178958978300959,0.00371682815054691,0.00294064619239822,0.00769462804172445,0.00167492413393265,0.000384685857868746,0.0185758513932488,0.00461712777708538,0.00982208556710894,0.00630326536249052,0.0157663797585527,0.00615338455463049,0.102041908204774,0.00498836545381373,0.0214955361673592,0.00119362099357515,1.75961756803519E-251,1.52920969793497E-206,0.00000683261467905936,0.000520899330314878,1.83147664715993E-192,1.54387719031008E-271,6.67139680020716E-186,3.07474388219927e-314,1.90825497658684E-029,0.000450801048316355,0.00710811821922962
"Del(3,):U(3,):R(3,9)",0.00074979486111247,0.00000302838580870485,0.000000162140822065602,0.00859317375556218,0.00521565562395575,0.000328239730014555,0.00503264784938478,0.00225151860948707,0.00858586419021197,0.012144400678801,0.0000297781341242883,0.00840453710686292,0.00309173707715633,0.000207491367493237,0.00139470096036086,0.00205802307506448,0.00244784237722263,0.000563036729673034,0.00165864255438416,0.0546299048148841,0.000642188342723009,0.00000013669293616826,0.00886831921585761,0.00687841809980092,0.000286670604850845,0.0291027262320727,0.000568100210502991,0.00239263359879288,0.00127515841505281,0.00119410817469466,0.00241499326151734,0.000295114454465526,0.000838222900327365,0.00000124326753644363,0.000722015184160805,0.000582800748784805,0.00358094852912791,0.0586573900370431,0.00000706929413859057,0.00406099948499616,0.000290796963926985,0.00021751831105543,0.000348099209700928,0.00190169552996024,0.0000324040130732094,0.0017059843555257,0.00205148364681116,0.0010781293539184,0.0023634559105661,0.000870429528796178,0.000846048772699553,0.000814984479644091,0.000238889697991362,0.000180119442696142,0.00326530612244898,0.0126182965299685,0.000723190590626169,0.00277125588430894,0.000000986776986302036,0.00128117394004749,0.00239766005224106,0.00000303766179831927,0.000606795114872636,0.0000437814221513306,0.00177155320309621,0.00000575602851983364,0.0396851710088523,0.000104569830974071,0.0019679784964338,1.52261034334845E-055,0.00482225138948828,0.00195416083266292,0.0389039675605983,0.000170197085908342,0.000501071845080785,0.00163239751504947,0.000550027034749316,0.00880065620188514,0.000456472720557615,0.00358230184529382,0.00151032967325152,0.00146556767757846,0.00105159053937113,0.0573161239474389,0.00909502767453874,0.00039791281978754,0.0000588187006485931,0.000693147931636198,0.0018631643766525,0.00179707390221443,0.00464396284831911,0.000608166266162258,0.000321116241454897,0.00407550705968465,0.00337359856303354,0.0107306673683794,0.0364124969015051,0.000107104707760464,0.00307221246439169,0.0024656735362499,1.39361956224459E-035,2.24664430548003E-187,0.00377589670667032,0.0020778997079296,0.000104666170853415,7.06407430948496E-146,0.000324750689616246,4.76339666248338E-044,0.00140044443726866,0.00059909497981385,0.00149644594089056
"Del(2,5):M1",0.00128803502980624,0.00450135155148583,0.0153386019286359,0.00427140505265653,0.01585313522687,0.00201490086111177,0.094869166976162,0.0163913181333964,0.0173250996154202,0.000153108101343075,0.00737448966891507,0.0100059813149039,0.00744633174751787,0.00124612171460361,0.00398623271016064,0.0702441817960082,2.75736642840243E-029,0.00238752254946779,0.0160490958479136,0.0654089463570887,0.0439304514663917,0.00132588308253909,0.00422466867411261,0.00456479548442966,0.012602682278228,0.0357069536786813,0.000529030681152645,0.00641056986723084,0.00488556187789748,0.00351817651408752,0.00718879977658748,5.81925415362684E-056,0.00203422363428418,0.00472511040065089,0.000239143079571694,0.0003145841709428,0.00692890774772208,0.0566111169647675,0.0000228387892260198,0.00704134239007162,0.0125138944360012,0.000417546487175268,0.00270290297429729,0.0155098684400288,0.0427189527603572,0.000413803032525319,0.00381893289132036,0.00235664904288724,0.00297690610298286,0.000860395194216325,0.00261164315972014,0.002366077906977,0.000420766019754354,0.000641558911953757,0.0318367346938776,0.0157728706624606,0.00186207941048417,0.00318862487353655,0.000726186464182223,0.0119707257870358,0.000464041146332443,0.000966398661703318,0.0291762131442099,0.00224998995685471,0.00661509281186219,0.00164176737920963,0.0841792597773125,0.02895152066018,0.00284702332775376,1.15838027179501E-114,0.00144032329070353,0.0057633449641193,0.0436033011219141,0.0036832163084032,0.0131284851460808,0.025254538576067,0.00528220188468175,0.01587500439618,0.0185992226967316,0.00202062014383815,0.00308715375093968,0.0113382002250573,0.00226420038464917,0.0583244484694425,0.0220138682682296,0.00218810382642272,0.000322129070895364,0.0143711616882609,0.00171427623013969,0.00288041339924721,0.0154798761609974,0.00869078180378189,0.00680912254991522,0.00261360840444166,0.00808991411646872,0.00461618277103442,0.059844101245915,0.00295187929912434,0.0318751920199257,0.00388441400721827,0.00235915945833752,9.70994365326967E-033,0.00193225955218341,0.00405829399658891,0.000935742355153977,1.35932059874359E-039,0.000666223577288351,0.0018911055926048,0.0019735447157015,0.00100626746158131,0.00448933782267042
"Del(3,5):M2",0.00196219407935049,0.00282901604746239,0.0071727748226122,0.00996075372698398,0.0140725471514957,0.00265300810727965,0.045507089760122,0.00558592925395306,0.0114048454240885,0.00272280315045848,0.0000239843648337919,0.0171486555071175,0.00646168987499504,0.000176834591633297,0.000971495616208846,0.00714347931271643,0.000135089357704734,0.00211295915364574,0.0125919898530801,0.0971062518604835,0.0135839587208969,0.00383843712283396,0.00527050177445843,0.000892218540552613,0.00444177460399111,0.0475153673906704,0.000636986608740686,0.00434101557968445,0.00252373697724708,0.00189877626188139,0.00400655322209949,0.00200476217647197,0.00169082088802539,0.0038204260064271,0.000531711708902756,0.0000721550251872838,0.0159211718177209,0.0823818046201155,0.00012550009624354,0.00122376406496781,0.00462047587751025,0.00130899182409914,0.00509945638084629,0.00790463859934324,0.0162658859008192,0.00548380230871085,0.00113948250559216,0.000257176195915025,0.000774680601765551,0.000461587855057792,0.000497319710736627,0.000853654072199063,0.000137895354076597,0.000145190968467445,0.0155102040816327,0.00946372239747634,0.000722666942598466,0.00476956213031726,0.0000808409175390344,0.0172087621833805,0.00172119657139465,0.00138260338618331,0.00379466086882676,0.000346858337183104,0.00317188836344884,0.00000774860847362852,0.0776669506730801,0.00949732360167349,0.00165553345280563,0.000424553110127239,2.33922490277777E-020,0.00145769278298416,0.0530913165422508,0.00729830892689169,0.00418162357846908,0.00304404046933888,0.00529744916994464,0.0116476696975695,0.0078387262119994,0.00000310762439467898,0.000248058604220554,0.0146532555870404,0.00457835909420785,0.0825878558234507,0.0130131992575266,0.00222360845011701,0.00259323200686726,0.0048524120422884,0.00357507094152146,0.000825608091653035,0.0100619195046713,0.0133447573785416,0.000820276561602774,0.00340683579003762,0.00786558516384545,0.00095838982700668,0.0633349657991918,0.00227031054742556,0.0238325920334047,0.00147134324751087,0.00000260261079459691,0.000147991084667684,0.00269613539943608,0.0000152355319982847,0.000285100175032242,6.57636759153941E-090,0.000149113931544297,0.000395211473128176,0.0000000000459487608191799,0.000389300719479342,0.00411522633744723
"Del(4,5):M(3,4)",0.00170658804014887,0.000311054714729097,0.00128689781895746,0.00501889675359821,0.000263528626668357,0.00269787274051675,0.0205386231295195,0.00000170560150244526,0.00225087351808763,0.0113144684025648,0.00209867578676267,0.0235807893146137,0.00240097038037906,2.36818032409695E-060,0.00041416301395479,0.0073729473992927,0.00177745265599102,0.00167061305563384,0.00639156095064606,0.0738444166140974,0.00281898907826983,0.01159333971017,0.000473189215350275,0.011272151342167,0.00744306931188876,0.0512771209990781,0.000666989939805462,0.00560496513758644,0.00212607333890286,1.2816067889021E-031,2.38569204931342E-159,0.00268313077775222,0.000772160576513103,0.00315387930846835,0.00078420247367503,0.0010302535239308,0.0135765044085925,0.0349599719351684,0.00243749341676553,0.00139162988817425,0.00394484455638979,0.00243634207147004,0.00335183770741606,0.000395643029886634,0.00675376300064546,0.00107828667499336,0.00028427898975389,0.0011017906778135,0.00196253149170219,2.30868614879167E-056,0.000333418007758843,2.16326728503166E-084,2.82150580843978E-074,0,0.0089795918367347,0.00946372239747634,0,0.0000273390450733903,0.000197008116683451,0.013185735198748,0.00145143265139649,0.00218598743879251,0.000076611997431941,0.00275720288858238,0.00142554515944379,0.000648301967497386,0.0575961592211288,0.00365691448842696,0.000732409526337338,4.29634058153294E-105,0.00145999105581419,0.00326392650059823,0.0226579931146594,0.00000524312065567703,0.0015017768540637,0.00436328532183907,0.000471003637777251,0.0109213002296307,0.00543848960725745,0.000606475813610718,0.00115384797428661,0.0113531712038479,0.00265712662522007,0.0293900278981835,0.00636118074575924,0.000838179252728674,0.00175505806412063,0.00717333755859185,0.00156578742468935,0.000352533404731374,0.00851393188855161,0.00778721880828708,0.00191060535711462,0.00295678355181567,0.00407502592195303,0.00161303826025729,0.0290804038689805,0.00814620305539283,0.0170101542557187,2.08876465765563E-053,5.2393796736415E-146,2.1231790986531E-053,0.00291166116627309,0.00238098295939777,1.18273385334478E-047,3.83699595966278E-201,8.10482646429055E-141,6.2708893922713E-229,3.07738108232164E-189,1.57636818854479E-184,0.00336700336700273
"Del(6,):M1",0.00364198716872863,0.000948308250944685,0.230295443138747,0.000755029956931328,0.000975178849533003,0.00695952922856591,0.0431697762770362,0.00810068646733396,0.0172564889950647,0.00968995057255651,0.00119925809663679,0.0372898121828914,0.00576170435959387,0,0,0.0170085839707039,0.00503761302661244,0.00321165814083176,0.023995087979434,0.00180300125244455,0.104763024887623,0.0011574681040161,0.00116608850323194,0.00232825840547702,0.00230499009586024,0.00129340956604695,1.29611451921966E-239,0.00355765155780891,0.00367580492207198,0.0000000000124546305844511,0.0141631988925975,0.000853450735504116,0.00199596532757072,0.00140740812424908,0.000235772626869119,0.000600200695126627,0.077967326646455,0.000501573649568413,0.0000782724064780139,0.000116207963404596,0.000659882050482149,0.00855905420273023,0.00139482141068335,0.000240296184934109,0.175630159084609,0.00539262009841802,0.000104990887026248,0.00189970587869006,0.0064265521032575,0.000539327767829602,0,0,0.00023869745711866,0.000534607517180997,0.0432653061224491,0.0126182965299685,1.6569194665969E-123,0.00372450379289252,0.0038492521473152,0.084988279289,0.00393404201613741,0.00385929182688011,0.0048714849208753,0.000878393729926339,0.00457862877635172,0.00339456279376807,0.0033435628232521,0.158677113398258,2.00101102286346E-115,0.000578701355630714,0.00490799322136913,0.00918290782211062,0.0072427417218801,0.0109468393259558,0.00653624336815753,0.00980300214395403,0.0546522422365718,0.0156511172381974,0.0673506282285003,0.00625956065606305,0.00142402727934775,0.0806900503168547,0.00328415226508313,0.00204857024282718,0.00576823315582183,0.0023072832462205,0.0106208135909396,0.0181412867488263,0.00616343584974804,3.30286890510683E-066,0.00619195046431857,0.118682955653253,0.00718639261369563,0.000444206926826203,0.0014064882723396,0.00475058317559604,0.00537598550029322,0.0145313796991893,0.0305985386600123,0.000301439280358085,0.0001300847652224,6.92804904660382E-075,0.00377388296303359,0.0097861640705746,5.24874506425218E-129,2.76812961099286E-148,5.02589096799513E-037,0.00009817823617569,3.04649994054003E-152,0.0000239276374489057,0.0130939019827747
"Del(6,):M2",0.0007351445780773,0.00100662908598255,0.125293432592201,0.000496195357243186,0.00355135473523526,0.0000789668372079691,0.0321487966003217,0.00910093680074785,0.00205977451695482,0.00045445226392917,0.00180561257599203,0.119384926800301,0.00692821491131307,0,0,0.00000000000330555095646805,0.00307690059527506,0.00105431506661891,0.0389714740840019,0.00177781591517999,0.0735737801514137,0.000702709282695419,0.000973054783356147,0.000158069877596318,0.00189111756490366,0.000398689131233107,0,0.003358316848317,0.000806945962616068,0.00800621544130221,0.00862075217622543,0,0.001952738241325,0.000206230588485175,0.000100547438004128,0.000208201332754893,0.188445531636778,0.0000526118714107519,0.000262004789610796,0.000120175219599286,0.000348512145236593,0.00115519960746193,0.00167810025546459,0.000421605986624199,0.0754173982490378,0.0000865348467101296,4.94174540220838E-059,0.00244553415007856,0.00334721256162989,0.000628023311357027,0.0000695771723083853,0.0000719063975713092,0.000172990007114777,0.000381315424357039,0.0212244897959184,0.0126182965299685,8.37320375034532E-047,0.0028814333724291,0.00253195081823851,0.200137993081603,0.0030309521628943,0.00172836457760108,0.00219638317031056,0.000301841625876588,0.00111171651365679,0.0027837826068266,0.00288908919357286,0.0629603081499824,8.30433356987236E-192,1.92572737475094E-164,0.00221311863521379,0.00341853510900715,0.01268185104927,0.0077057403311875,0.0109029405542459,0.0113192300680477,0.0271914199157451,0.00733024693559343,0.033368887765398,0.000306107041208737,0.00234639430229957,0.159172134062306,0.000663209412011744,0.00170009013340991,0.00272789522599452,0.00333386205612963,0.00554155722124583,0.00822880853187679,0.00371284507308909,0,0.0263157894737585,0.190041225126394,0.00364875859557445,0.00125595295540711,0.000677109077824674,0.000325592347237186,0.00132217272611942,0.00551116249948055,0.0112188376183568,3.23686120462212E-288,5.36978385598106E-066,0.000145533425617879,0.00194002624250111,0.00512720485043694,0.000220560542333067,1.89342663017654E-116,0,4.95690156947359e-312,0,0,0.0153385708940997
"Del(6,):M3",0.00119950521867494,0.000590478910576805,0.0520267432855965,0.00000860211533393408,0.000077303338705517,0.000859409558201133,0.00861495981157092,0.00383551003411972,0.00227152629911195,0.00221416780705943,0.000384573756711462,0.110527230042946,0.000350873444550505,0,0,0.0000000329525813598494,0.00252725858629246,0.00116378439189074,0.019372681864427,0.00173939663714484,0.0303237489872815,0.000698055210514014,0.000655581584720506,0.000763394064965599,0.00267054816968492,0.00307386510500471,0,0.00211276540709485,0.00124060541794096,0.0036318734572115,0.00288553578707346,0.000878354890199326,0.00152317146678363,0.000811581341004773,0.00033766055452835,0.0000643226584165887,0.150673310417934,0.0000470128674719982,0.000101663590030254,0.000171308085008619,0.000785090858848654,0.000552441903079595,0.000122379319556498,0.0003375407040738,0.0145067425175858,0.000982374762006693,0.000111682415398965,0.00108161453201057,0.00353903765657128,0.000147325287055754,0.0000727465348336422,2.05973667107341E-284,0.0000985115517144164,0.000200660184780573,0.00979591836734695,0.00946372239747634,0,0.000249494457937819,0.00106266300049899,0.154642742154407,0.0015883830020964,0.0000547755831836528,0.00195080415214074,0.0018481455604266,0.000398894467713747,0.0011161746521606,0.0036795708923281,0.0104446573913342,2.09148503454762E-073,0.000067371563333443,0.00360859164757423,0.00106892427086528,0.0112788507266245,0.00314154634170848,0.00560928638725504,0.00605748556639346,0.0161598436018208,0.0020669922810556,0.0149300960945402,0.000959771124488856,0.00223411532246476,0.131230554043215,0.000347702121103089,0.000448513418921127,0.00020165561305075,0.00304790430530767,0.000971430800777645,0.0000281825682225176,0.00293444727211688,0,0.0224458204335385,0.138474253900559,0.0000000194084507107225,0.000413398977034773,0.0000915306419805906,0.00134691127653898,0.000215543792632905,0.0000180374461768739,0.004674324699339,0.0000583697874673293,0.0000264207041081153,0.0000489704510090579,0.0000000197055868456434,0.0027268838928803,0.00036664750739037,0.0000570999416927248,2.49465517583587E-045,0.0000516681993292882,3.13676020300751E-226,0.00000443695178918783,0.0138421249532172
"Del(6,):M(4,)",0.000844834657096236,0.000075364960779627,0.0607550630315852,0.00224567448603023,0.00332577579046003,0.000429777933802671,0.000405277138261872,0.00105130740990574,0.0159854321155451,0.0000819959313492187,0.0038398103290251,0.138902409034627,0.0046315601445216,0,0,0.00274665897996978,0.0025427370974313,0.00156197557768033,0.0202320962943081,0.00456920968110752,0.0296452019712197,0.00783254950709878,0.000540704605945786,0.00469840183570589,0.00236219095668497,0.00421104681761443,3.20648604150969e-321,0.00232171258502483,0.00181989541929005,0.00425835244076304,0.00587086296415154,0.000805382748821505,0.00173124525920724,0.000649332724277665,0.00132646664863251,0.000910372723943538,0.18857834207859,0.00153031634616512,0.00362263191189583,0.00139454856579114,0.00442912361617188,0.00393144891336253,0.000957503182660882,0.00053509442030456,0.0005975001939976,0.00320177332302125,8.36603330032116E-267,0.00399792842191099,0.00270072045569361,0.000221468812127722,0,0,0.000134348545867057,0,0.00489795918367347,0,0,0.000584982946555551,0.000417040282754422,0.176164959751303,0.00719268197295757,0.00770231157469663,0.000473620808728165,0.00580719448738981,0.00197470454384749,0.00200272600962217,0.0141341504871007,0.000149790367945891,1.2083454025228E-284,0.000430652383169497,0.00284151834568322,0.000311332692587981,0.0137358926501537,0.00554882205775583,0.00398941206909497,0.0117272654924714,0.0435128639253036,0.00461342619995112,0.012197076543706,0.0063620671706971,0.000492544394662183,0.144263495289912,0.00301339668664594,0.00140687941983824,0.00444460335573834,0.00246789417211783,0.00562772613248323,0.00776299141977248,0.00515515184125269,0.0000596560528676728,0.0224458204334944,0.15804570517156,0.00533888754705643,0.00172670748637829,0.0022205550412056,0.00283174722283761,0.00089506485946586,0.0117271740042147,0.000210933793896357,0,1.31801134678093E-150,3.12077515091616E-145,0.000560260793722803,0.003409594864247,2.83796840506445e-317,0,0,9.17572331569345E-195,0,0,0.0190796857463313
Complex,0.0000484785748949447,0.00233999653747493,0.0378063134273704,0.000778983625927906,0.0114524515313874,0.0000295856432760263,2.58037155275152E-024,0.0173057974527799,0.00127568671738408,0.04962181446892,0.0000754379158233381,0.0462224020550873,0.00103361578736042,0.00038745849166921,0.00092118067936759,0.00660889339369215,0.00250681466903,0.00175442553871094,2.39783217094174E-033,0.00194606079546062,0.0101288136148324,0.00127422364412661,0.00266864127136336,0.0537339097304957,0.000319140017211618,0.0000257366148402688,0.000213868008402866,0.00551322828320829,0.0021347788568616,0.00396560052794278,0.00467058084964109,0.00504268745838537,0.000000301692349258145,0.000315723236716703,0.00000321108584481183,0.0000108230615987488,0.0685470814660857,0.00108898771957492,0.000967358914131492,0.0284986807046291,0.00147815416883265,0.000372780623410675,0.0030318703502827,0.0000593493761830288,0.000324586136347757,0.000287058128622658,0.000647187137475848,0.00374540576762139,0.00117534879246787,0.00244702250220948,0.00114799255717458,0.00201103768142487,0.000742871324071438,0.00122197809347532,0.00734693877551021,0.0189274447949527,0.000244824302671658,0.000303520303604906,0.000397189811363494,0.0789784113203092,0.00000544307345878368,0.0000983569811796897,0.000996311107844301,0.000851170805408321,0.0610251383056972,0.000154277223867158,0.000554746245083766,0.00168995277691547,0.000518744091823539,1.41798754935699E-100,0.00348488117261623,0.00131168616142075,0.00401734122863779,0.0110174440575523,0.00576782859715109,0.015351261090306,0.0104379109145194,0.00255772056018483,0.0111096370464782,0.00434048546104435,0.000415902484486985,0.0438456978646109,0.0000862805300430138,0.00282469371803257,0.0263936966398309,0.00211890185524034,0.00283494291894601,0.00268696380620922,0.00235329768822854,0.000389232839020971,0.0108359133127317,0.0581585378565195,0.00000439855093494664,0.0000197271658791748,0.00000777095954084503,0.0573346524581886,0.00127668670299245,0.000647111720724355,0.00490305952102854,0.00078713490857415,0.000659850412695529,0.0000460270944344691,0.000311673629368699,0.00297831391879278,0.00217170436981721,0.000247530841043445,0.000393248706111839,0.00199681425985221,0.000549473877759687,0.000227454299662681,0.0063598952487763
