Samples	ID83A	ID83B	ID83C	ID83D	ID83E	ID83F	ID83G	ID83H	ID83I	ID83J	ID83K	ID83L	ID83M	ID83N	ID83O	ID83P	ID83Q	ID83R	ID83S
SP117956	2.80E-01	5.58E-01	3.17E-01	3.46E-01	5.19E-01	6.31E-01	5.20E-01	1.86E-01	4.41E-01	8.30E-01	2.02E-01	2.94E-01	5.70E-01	7.23E-01	4.97E-01	3.85E-01	6.12E-01	8.91E-01	2.37E-01
SP117975	2.44E-01	5.49E-01	3.47E-01	1.54E-01	4.13E-01	4.52E-01	4.77E-01	0.00E+00	3.61E-01	6.70E-01	2.57E-01	1.92E-01	2.92E-01	1.68E-01	2.76E-01	4.01E-01	6.15E-01	7.24E-01	1.71E-02
SP2149	7.13E-01	8.87E-01	8.01E-01	3.07E+00	2.66E+00	8.70E-01	1.14E+00	1.59E-01	2.12E+00	1.20E+00	3.62E-01	9.66E-01	3.67E+00	9.88E-01	3.81E-01	9.72E-01	1.51E+00	6.81E-01	4.37E-01
SP117113	3.63E-01	1.59E+00	1.39E-01	3.49E-01	4.39E-01	1.56E+00	4.82E-01	0.00E+00	8.21E-01	6.56E-01	3.66E-01	4.09E-01	5.57E-01	6.81E-01	1.82E-01	3.94E-01	1.25E+00	6.09E-01	2.06E-01
SP117245	2.44E-01	6.65E-01	1.00E-01	3.86E-01	6.22E-01	6.11E-01	4.57E-01	0.00E+00	1.08E+00	9.76E-01	2.42E-01	4.07E-01	5.76E-01	7.94E-01	5.25E-01	5.45E-01	7.37E-01	7.06E-01	2.19E-01
SP117402	3.71E-01	6.55E-01	2.13E-01	1.79E-01	3.09E-01	6.65E-01	5.53E-01	1.69E-01	5.48E-01	7.36E-01	6.67E-02	3.65E-01	5.86E-01	7.42E-01	5.70E-01	4.42E-01	8.18E-01	3.71E-01	0.00E+00
SP117136	3.50E-01	9.32E-01	2.52E-01	3.30E-01	1.19E-01	8.53E-01	1.01E-01	0.00E+00	5.60E-01	5.88E-01	1.20E-01	2.42E-01	5.10E-01	7.57E-01	5.18E-01	5.60E-01	8.29E-01	5.02E-01	2.12E-01
SP117378	2.66E-01	6.60E-01	2.73E-01	4.29E-01	4.24E-01	6.27E-01	4.82E-01	0.00E+00	5.35E-01	3.10E-01	1.48E-01	4.90E-01	3.60E-01	8.01E-01	4.93E-01	5.11E-01	5.72E-01	4.43E-01	5.63E-02
SP116947	3.54E-01	7.82E-01	1.03E-01	3.39E-01	4.04E-01	8.45E-01	4.75E-01	1.53E-01	8.00E-01	7.82E-01	3.05E-01	3.46E-01	5.35E-01	5.92E-01	6.30E-01	5.37E-01	4.99E-01	4.25E-01	2.51E-01
SP117369	1.13E-01	9.60E-01	1.06E-01	2.06E-01	3.49E-01	9.47E-01	3.04E-01	0.00E+00	5.04E-01	6.69E-01	2.79E-01	7.99E-01	4.86E-01	3.43E-01	4.45E-01	3.22E-01	8.02E-01	7.80E-01	2.42E-01
SP117244	2.57E-01	9.63E-01	2.82E-01	0.00E+00	1.72E-01	8.25E-01	3.85E-01	2.64E-01	4.73E-01	5.69E-01	3.11E-01	3.46E-01	4.14E-01	3.27E-01	2.22E-01	1.38E-01	5.99E-01	3.83E-01	1.74E-01
SP117162	3.59E-01	5.27E-01	4.42E-01	2.78E-01	3.30E-01	4.58E-01	3.06E-01	1.24E-01	7.05E-01	6.81E-01	1.34E-01	5.74E-01	5.49E-01	5.43E-01	5.90E-01	5.31E-01	5.09E-01	5.26E-01	3.45E-01
SP117079	1.05E-01	6.82E-01	4.98E-02	3.83E-01	5.19E-01	5.00E-01	4.95E-01	1.40E-01	8.05E-01	1.00E+00	2.39E-01	4.94E-01	7.16E-01	7.45E-01	3.52E-01	5.05E-01	9.33E-01	6.85E-01	2.04E-01
SP117344	5.43E-01	9.43E-01	1.15E+00	5.21E+00	2.65E+00	1.01E+00	1.01E+00	3.69E-01	3.00E+00	1.09E+00	6.35E-01	6.63E-01	6.34E+00	3.64E-01	7.43E-01	5.18E-01	1.32E+00	9.65E-01	4.25E-01
SP118074	1.31E+00	2.26E+00	1.01E+00	5.89E-01	6.32E-01	2.24E+00	8.99E-01	2.44E-01	8.93E-01	9.16E-01	1.86E-01	4.86E-01	6.73E-01	8.65E-01	7.77E-01	6.57E-01	7.63E-01	6.29E-01	5.27E-01
SP117598	2.55E-01	1.01E+00	3.00E-01	1.02E+00	2.01E+00	4.00E-01	1.13E+00	0.00E+00	6.40E+00	5.86E+00	7.77E-01	9.12E-01	1.41E+00	9.02E-01	1.11E+00	1.16E+00	1.67E+00	4.87E-01	3.69E-01
SP117312	2.96E-01	6.36E-01	1.60E-01	1.95E-01	3.04E-01	4.15E-01	5.10E-01	0.00E+00	5.70E-01	5.83E-01	0.00E+00	3.54E-01	3.47E-01	9.29E-01	3.55E-01	8.56E-01	5.08E-01	2.52E-01	2.36E-01
SP118038	1.82E-01	8.18E-01	1.00E-01	4.01E-01	1.97E-01	5.86E-01	4.59E-01	1.58E-01	7.73E-01	5.96E-01	5.26E-01	4.27E-01	4.41E-01	5.40E-01	3.22E-01	3.57E-01	8.46E-01	6.58E-01	2.85E-01
SP117552	3.00E-01	7.06E-01	1.33E-01	6.87E-02	3.28E-01	5.96E-01	3.04E-01	2.10E-01	1.87E-01	5.55E-01	9.80E-02	3.68E-01	4.14E-01	5.35E-01	4.45E-01	4.09E-01	4.69E-01	5.85E-01	1.92E-01
SP118073	2.28E-01	1.16E+00	2.28E-01	2.38E-01	5.10E-01	1.11E+00	3.19E-01	0.00E+00	7.05E-01	8.79E-01	2.04E-01	4.04E-01	5.33E-01	6.09E-01	3.37E-01	4.80E-01	9.52E-01	5.59E-01	8.42E-02
SP117933	2.52E-01	5.28E-01	1.62E-01	3.33E-01	3.91E-01	3.31E-01	3.70E-01	0.00E+00	4.25E-01	3.88E-01	6.11E-02	3.44E-01	4.09E-01	5.39E-01	3.60E-01	4.54E-01	3.18E-01	5.45E-01	1.77E-01
SP118012	2.94E-01	6.48E-01	2.23E-01	4.20E-01	4.53E-01	5.05E-01	6.08E-01	1.91E-01	5.58E-01	8.21E-01	1.30E-01	4.95E-01	5.84E-01	8.58E-01	6.43E-01	7.63E-01	7.41E-01	3.54E-01	3.70E-01
SP117108	2.80E-01	8.53E-01	2.84E-01	2.21E-01	4.19E-01	7.38E-01	2.35E-01	0.00E+00	8.10E-01	8.46E-01	1.88E-01	2.71E-01	3.31E-01	4.23E-01	4.93E-01	5.65E-01	6.72E-01	5.09E-02	1.01E-01
SP117812	3.53E-01	5.52E-01	3.00E-01	3.33E-01	4.17E-01	5.65E-01	4.49E-01	0.00E+00	4.23E-01	6.39E-01	1.83E-01	4.16E-01	4.34E-01	4.90E-01	4.86E-01	3.84E-01	4.63E-01	5.04E-01	2.55E-01
SP117354	5.35E-01	1.10E+00	2.49E-01	6.11E-01	7.70E-01	8.87E-01	6.35E-01	3.30E-01	8.39E-01	5.60E-01	6.12E-01	5.50E-01	6.73E-01	9.19E-01	5.28E-01	5.67E-01	7.67E-01	9.06E-01	4.28E-01
SP117370	3.31E-01	1.26E+00	3.39E-01	3.84E-01	2.31E-01	1.40E+00	3.45E-01	0.00E+00	4.47E-01	5.50E-01	2.25E-01	3.64E-01	5.09E-01	6.21E-01	4.09E-01	4.72E-01	9.25E-01	3.12E-01	2.56E-01
SP116991	4.76E-01	9.72E-01	6.41E-01	3.31E-01	5.90E-01	9.19E-01	3.97E-01	1.37E-01	6.98E-01	7.22E-01	3.20E-01	3.78E-01	5.58E-01	6.24E-01	3.78E-01	4.57E-01	6.72E-01	7.33E-01	3.90E-01
SP117629	3.88E-01	8.38E-01	1.19E+00	5.74E+00	3.12E+00	1.05E+00	9.16E-01	3.57E-01	3.58E+00	1.59E+00	3.06E-01	7.87E-01	6.62E+00	9.41E-01	6.38E-01	4.96E-01	2.16E+00	6.48E-01	5.66E-01
SP124199	4.95E-01	1.20E+00	1.34E-01	3.22E-01	5.53E-01	9.32E-01	6.08E-01	0.00E+00	8.39E-01	8.39E-01	1.55E-01	3.03E-01	5.95E-01	6.82E-01	5.21E-01	5.77E-01	8.30E-01	4.32E-01	1.00E-02
SP124195	4.53E-01	1.47E+00	4.80E-01	4.73E-01	4.14E-01	1.30E+00	4.32E-01	1.58E-01	3.56E-01	6.05E-01	3.94E-01	4.42E-01	7.10E-01	7.73E-01	4.76E-01	4.58E-01	6.30E-01	4.98E-01	1.99E-01
SP117850	4.10E-01	7.40E-01	4.80E-01	2.47E-01	5.11E-01	6.46E-01	5.95E-01	1.71E-01	9.45E-01	7.90E-01	3.13E-01	3.34E-01	4.67E-01	2.86E-01	4.52E-01	3.28E-01	8.15E-01	5.36E-01	2.00E-02
SP117127	3.96E-01	1.04E+00	0.00E+00	3.18E-01	3.97E-01	9.75E-01	3.65E-01	0.00E+00	4.44E-01	3.31E-01	1.00E-01	1.43E-01	5.97E-01	6.40E-01	4.42E-01	4.65E-01	7.44E-01	4.53E-01	3.65E-01
SP117614	4.37E-01	5.06E-01	4.71E-01	2.78E-01	4.46E-01	5.97E-01	9.94E-01	0.00E+00	8.91E-01	9.95E-01	3.12E-01	5.47E-01	6.19E-01	6.56E-01	6.67E-01	4.84E-01	6.44E-01	4.98E-01	3.12E-01
SP116948	4.82E-01	1.68E+00	5.22E-01	4.51E-01	6.79E-01	1.73E+00	7.53E-01	0.00E+00	1.17E+00	9.72E-01	4.49E-01	5.09E-01	6.81E-01	1.18E+00	6.04E-01	8.30E-01	1.31E+00	6.91E-01	3.44E-01
SP117409	5.90E-01	1.10E+00	1.07E+00	5.01E+00	3.36E+00	9.36E-01	1.35E+00	3.34E-01	3.03E+00	1.65E+00	5.23E-01	9.80E-01	5.91E+00	1.15E+00	8.37E-01	6.02E-01	2.20E+00	1.75E+00	3.97E-01
SP117593	3.93E-01	9.47E-01	4.17E-01	4.00E-01	4.11E-01	1.02E+00	5.08E-01	0.00E+00	6.85E-01	6.05E-01	3.17E-01	0.00E+00	4.58E-01	6.92E-01	5.85E-01	4.99E-01	7.47E-01	4.31E-01	2.54E-01
SP117372	3.97E-01	6.81E-01	1.83E-01	3.40E-01	3.88E-01	6.40E-01	7.02E-01	1.37E-01	5.92E-01	8.24E-01	3.61E-01	5.64E-01	6.50E-01	8.10E-01	6.18E-01	3.35E-01	7.06E-01	7.16E-02	6.57E-02
SP118077	4.66E-01	8.12E-01	3.11E-01	6.19E-01	6.02E-01	9.25E-01	5.73E-01	0.00E+00	8.04E-01	6.75E-01	3.57E-01	4.02E-01	6.57E-01	7.96E-01	4.80E-01	6.47E-01	6.90E-01	4.71E-01	2.26E-01
SP117840	4.18E-01	1.20E+00	4.21E-01	2.13E-01	5.93E-01	1.13E+00	6.29E-01	0.00E+00	8.19E-01	8.50E-01	3.47E-01	2.50E-01	8.28E-01	4.54E-01	6.27E-01	3.80E-01	8.52E-01	8.51E-01	3.03E-01
SP117363	6.90E-01	1.28E+00	7.20E-01	1.57E+00	1.09E+00	9.91E-01	1.38E+00	4.16E-01	1.88E+00	1.56E+00	4.49E-01	1.07E+00	1.82E+00	8.87E-01	1.31E+00	6.58E-01	7.97E-01	6.76E-01	3.50E-01
SP117887	4.43E-01	9.83E-01	1.60E+00	7.80E+00	3.78E+00	9.97E-01	1.21E+00	6.66E-01	4.71E+00	2.14E+00	8.87E-01	9.16E-01	9.56E+00	1.49E+00	8.07E-01	1.01E+00	2.07E+00	1.27E+00	4.30E-01
SP116946	4.36E-01	8.31E-01	5.28E-01	4.53E-01	5.66E-01	4.82E-01	7.43E-01	1.30E-01	1.12E+00	1.35E+00	2.74E-01	4.71E-01	8.25E-01	6.99E-01	5.63E-01	5.13E-01	6.44E-01	5.33E-01	0.00E+00
SP117901	4.13E-01	8.62E-01	5.24E-01	2.07E+00	1.78E+00	8.50E-01	7.53E-01	1.80E-01	1.42E+00	1.15E+00	3.43E-01	8.10E-01	2.45E+00	7.90E-01	4.36E-01	2.58E-01	9.73E-01	6.26E-01	5.10E-02
SP117454	3.94E-01	9.18E-01	3.13E-01	3.79E-01	4.47E-01	8.91E-01	3.32E-01	0.00E+00	6.29E-01	7.69E-01	1.39E-01	5.19E-01	6.77E-01	9.28E-01	4.52E-01	9.01E-01	5.87E-01	6.20E-01	0.00E+00
SP124197	9.09E-01	1.24E+00	1.36E+00	7.36E+00	4.79E+00	7.75E-01	1.85E+00	7.04E-01	4.94E+00	1.35E+00	1.09E+00	1.60E+00	9.17E+00	1.15E+00	1.43E+00	8.72E-01	2.52E+00	1.37E+00	6.97E-01
SP117919	7.97E-01	1.04E+00	1.50E+00	8.49E+00	4.08E+00	1.12E+00	1.24E+00	4.45E-01	5.16E+00	1.32E+00	5.51E-01	1.15E+00	9.74E+00	1.01E+00	9.70E-01	7.74E-01	2.29E+00	8.35E-01	4.45E-01
SP117250	1.79E-01	8.49E-01	2.45E-01	1.82E-01	3.78E-01	6.28E-01	6.19E-01	0.00E+00	4.87E-01	7.24E-01	2.43E-01	5.06E-01	5.14E-01	7.24E-01	6.14E-01	4.60E-01	5.80E-01	4.03E-01	1.74E-01
SP117983	5.33E-01	1.37E+00	2.96E-01	4.75E-01	6.36E-01	1.22E+00	5.69E-01	1.57E-01	9.33E-01	9.14E-01	3.28E-01	5.24E-01	7.75E-01	7.29E-01	4.19E-01	3.50E-01	5.07E-01	5.09E-01	3.13E-01
SP117676	2.69E-01	5.07E-01	0.00E+00	1.92E-01	2.39E-01	4.42E-01	3.09E-01	0.00E+00	4.57E-01	4.34E-01	5.63E-02	2.91E-01	2.70E-01	7.26E-01	5.32E-01	5.26E-01	7.00E-01	4.97E-01	0.00E+00
SP117011	4.51E-01	8.13E-01	2.13E-01	4.68E-01	5.85E-01	8.14E-01	5.26E-01	1.59E-01	5.82E-01	6.41E-01	3.10E-01	7.01E-01	6.63E-01	7.49E-01	5.06E-01	5.44E-01	8.52E-01	6.78E-01	3.59E-02
SP117057	4.00E-01	6.89E-01	2.00E-01	2.00E-01	2.42E-01	5.17E-01	4.86E-01	0.00E+00	3.26E-01	6.31E-01	5.00E-02	5.20E-01	3.39E-01	5.50E-01	5.38E-01	3.86E-01	5.30E-01	2.64E-01	1.71E-01
SP117126	3.43E-01	1.12E+00	5.07E-01	2.18E-01	5.13E-01	1.16E+00	6.43E-01	1.71E-01	7.69E-01	8.03E-01	2.88E-01	3.27E-01	5.48E-01	5.62E-01	4.22E-01	7.20E-01	7.38E-01	5.93E-01	2.14E-01
SP117728	2.88E-01	8.63E-01	2.86E-01	4.87E-01	5.09E-01	8.24E-01	4.71E-01	0.00E+00	6.40E-01	5.94E-01	3.71E-01	2.65E-01	4.85E-01	4.33E-01	4.64E-01	4.37E-01	5.39E-01	2.40E-01	1.33E-01
SP117618	3.26E-01	8.47E-01	1.25E-01	3.31E-01	3.12E-01	8.53E-01	3.29E-01	1.44E-01	2.48E-01	3.39E-01	1.53E-01	2.08E-01	3.36E-01	4.76E-01	3.29E-01	1.86E-01	4.46E-01	5.08E-01	3.22E-01
SP117257	2.41E-01	6.04E-01	2.98E-01	3.34E-01	2.90E-01	3.81E-01	5.14E-01	1.19E-01	4.88E-01	6.04E-01	2.74E-01	3.15E-01	4.84E-01	6.60E-01	1.26E-01	2.80E-01	3.93E-01	7.59E-01	1.28E-01
SP116963	4.05E-01	8.41E-01	4.38E-01	2.58E-01	4.47E-01	9.93E-01	2.67E-01	0.00E+00	5.81E-01	6.38E-01	2.48E-01	2.00E-01	3.54E-01	5.05E-01	4.68E-01	5.00E-01	6.61E-01	3.28E-01	4.73E-02
SP117078	5.67E-01	1.74E+00	3.96E-01	6.72E-01	4.38E-01	1.72E+00	7.89E-01	0.00E+00	1.26E+00	9.90E-01	2.31E-01	4.12E-01	8.44E-01	7.73E-01	7.88E-01	8.18E-01	9.61E-01	5.92E-01	1.51E-01
SP117944	4.80E-01	1.00E+00	9.24E-01	3.58E+00	2.17E+00	9.37E-01	1.11E+00	2.98E-01	2.19E+00	1.04E+00	2.85E-01	8.36E-01	4.08E+00	9.27E-01	9.32E-01	7.46E-01	1.02E+00	1.03E+00	3.19E-01
SP117639	7.56E-01	1.19E+00	7.35E-01	6.98E-01	7.78E-01	9.79E-01	8.13E-01	2.14E-01	1.49E+00	1.19E+00	6.10E-01	5.16E-01	1.25E+00	1.17E+00	5.71E-01	8.43E-01	1.44E+00	6.84E-01	2.82E-01
SP117834	6.33E-01	1.02E+00	5.20E-01	3.82E-01	6.46E-01	9.82E-01	8.51E-01	0.00E+00	1.59E+00	1.42E+00	1.66E-01	5.89E-01	1.02E+00	8.72E-01	5.30E-01	6.08E-01	1.02E+00	8.28E-01	3.29E-01
SP117105	5.78E-01	1.29E+00	5.54E-01	3.31E-01	5.99E-01	1.23E+00	4.45E-01	0.00E+00	8.45E-01	6.30E-01	3.27E-01	3.76E-01	5.49E-01	7.58E-01	5.31E-01	5.91E-01	9.83E-01	5.61E-01	2.75E-01
SP117785	4.26E-01	3.10E-01	1.74E-01	1.65E-01	4.86E-01	4.86E-01	5.23E-01	1.87E-01	9.38E-01	7.08E-01	3.71E-01	4.69E-01	4.74E-01	7.81E-01	5.75E-01	6.11E-01	6.98E-01	6.14E-01	0.00E+00
SP117882	2.98E-01	8.84E-01	4.11E-01	0.00E+00	1.47E-01	7.83E-01	2.49E-01	1.73E-01	6.88E-01	4.89E-01	4.63E-01	2.00E-01	4.68E-01	3.56E-01	1.59E-01	5.11E-01	7.54E-01	6.41E-01	1.27E-01
SP117778	5.73E-01	1.72E+00	6.54E-01	4.31E-01	7.06E-01	1.70E+00	9.40E-01	2.38E-01	8.09E-01	1.06E+00	3.89E-01	5.00E-01	6.44E-01	1.14E+00	8.31E-01	1.08E+00	1.08E+00	5.93E-01	3.62E-01
SP117032	3.04E-01	1.03E+00	1.16E-01	4.93E-01	5.63E-01	9.94E-01	5.21E-01	0.00E+00	5.13E-01	8.05E-01	2.73E-01	3.20E-01	5.50E-01	7.79E-01	4.43E-01	3.48E-01	6.99E-01	9.37E-01	2.58E-01
SP117710	3.80E-01	8.15E-01	4.16E-01	7.48E-01	1.09E+00	6.54E-01	1.04E+00	1.22E-01	3.83E+00	3.01E+00	3.54E-01	7.24E-01	1.04E+00	9.17E-01	1.13E+00	1.02E+00	1.56E+00	8.62E-01	2.12E-01
SP117538	9.02E-01	1.27E+00	2.66E+00	1.08E+01	5.10E+00	1.12E+00	1.85E+00	6.10E-01	5.92E+00	2.13E+00	6.48E-01	1.20E+00	1.23E+01	7.03E-01	9.07E-01	7.28E-01	3.25E+00	9.67E-01	6.86E-01
SP124207	2.37E+00	3.94E+00	1.97E+00	7.60E-01	6.84E-01	3.98E+00	1.31E+00	1.48E-01	1.01E+00	1.25E+00	5.10E-01	8.14E-01	1.06E+00	9.55E-01	6.79E-01	6.12E-01	1.21E+00	1.03E+00	3.99E-01
SP117800	5.31E-01	8.69E-01	3.38E-01	1.51E-01	5.13E-01	7.21E-01	5.83E-01	1.92E-01	4.82E-01	3.86E-01	2.62E-01	4.79E-01	5.76E-01	7.25E-01	5.01E-01	6.32E-01	5.41E-01	8.09E-01	7.48E-02
SP117724	5.81E-01	9.79E-01	3.53E-01	3.32E-01	5.39E-01	8.69E-01	4.69E-01	0.00E+00	6.53E-01	3.61E-01	2.94E-01	3.88E-01	5.70E-01	1.25E+00	4.50E-01	9.91E-01	4.27E-01	4.80E-01	3.30E-02
SP124193	2.79E-01	5.25E-01	1.99E-01	1.44E-01	2.83E-01	4.27E-01	2.38E-01	1.13E-01	7.24E-01	6.04E-01	1.67E-01	3.92E-01	4.32E-01	5.98E-01	3.75E-01	2.28E-01	4.49E-01	4.66E-01	0.00E+00
SP2293	3.45E-01	1.54E+00	8.02E-01	4.65E-01	5.43E-01	9.13E-01	3.26E-01	2.13E-01	5.72E-01	6.97E-01	8.78E-01	1.33E+00	7.94E-01	9.35E-01	1.01E+00	5.47E-01	9.39E-01	1.19E+00	7.27E-01
SP2357	7.63E-01	1.12E+00	7.48E-01	2.75E+00	2.25E+00	1.14E+00	1.71E+00	0.00E+00	2.11E+00	1.82E+00	4.93E-01	9.85E-01	3.17E+00	7.06E-01	8.09E-01	6.37E-01	9.17E-01	6.43E-01	5.86E-01
SP2144	3.02E-01	6.54E-01	8.60E-01	2.40E+00	2.29E+00	6.05E-01	5.85E-01	0.00E+00	1.89E+00	3.50E-01	1.03E-01	6.76E-01	3.07E+00	6.42E-01	4.54E-01	5.39E-01	1.27E+00	7.56E-01	1.90E-01
SP2145	6.94E-01	1.05E+00	1.33E+00	7.56E+00	3.92E+00	7.97E-01	1.29E+00	0.00E+00	4.22E+00	1.51E+00	3.15E-01	9.86E-01	8.43E+00	7.67E-01	8.52E-01	6.81E-01	1.80E+00	8.77E-01	4.72E-01
SP2147	9.87E-01	1.62E+00	1.95E+00	9.83E+00	5.47E+00	1.16E+00	1.81E+00	2.34E-01	5.68E+00	1.72E+00	9.65E-01	1.42E+00	1.19E+01	8.84E-01	1.09E+00	6.30E-01	3.02E+00	1.39E+00	2.16E-01
SP2146	3.57E-01	6.10E-01	6.75E-01	2.14E+00	1.81E+00	4.33E-01	8.24E-01	1.41E-01	1.52E+00	1.05E+00	3.97E-01	6.45E-01	2.62E+00	4.95E-01	5.08E-01	2.99E-01	1.07E+00	4.92E-01	3.26E-02
SP2148	3.82E-01	6.89E-01	4.52E-01	2.20E+00	2.01E+00	5.19E-01	1.86E-01	1.33E-01	1.27E+00	7.00E-01	2.91E-01	5.90E-01	2.52E+00	6.12E-01	4.77E-01	4.85E-01	1.23E+00	6.13E-01	0.00E+00
SP2150	3.63E-01	5.94E-01	2.58E-01	4.73E-01	2.42E-01	3.96E-01	4.77E-01	0.00E+00	7.87E-01	7.72E-01	2.18E-01	3.83E-01	6.95E-01	1.03E+00	4.94E-01	6.43E-01	8.05E-01	5.08E-01	1.62E-01
SP2152	2.36E-01	7.84E-01	0.00E+00	2.86E-01	3.32E-01	6.33E-01	3.82E-01	1.81E-01	1.55E-01	1.80E-01	1.60E-01	3.59E-01	1.11E-01	4.57E-01	1.98E-01	5.51E-01	2.02E-01	3.93E-01	0.00E+00
SP2349	7.54E-01	1.11E+00	8.93E-01	6.47E-01	7.75E-01	1.05E+00	6.73E-01	1.52E-01	1.53E+00	1.21E+00	2.43E-01	5.90E-01	6.13E-01	1.09E+00	5.85E-01	9.54E-01	9.42E-01	4.55E-01	2.83E-01
SP2155	9.85E-01	1.22E+00	1.40E+00	7.47E+00	3.07E+00	1.25E+00	1.60E+00	3.98E-01	4.19E+00	1.02E+00	5.16E-01	9.22E-01	8.13E+00	1.05E+00	1.22E+00	5.16E-01	2.17E+00	1.95E+00	3.75E-01
SP2154	9.31E-01	1.37E+00	2.49E+00	1.08E+01	5.28E+00	1.42E+00	2.00E+00	6.90E-01	5.80E+00	1.77E+00	1.02E+00	1.32E+00	1.25E+01	1.60E+00	1.27E+00	7.83E-01	3.83E+00	2.07E+00	6.17E-01
SP2158	6.84E-01	1.62E+00	7.17E-01	3.95E-01	5.13E-01	1.34E+00	6.11E-01	1.47E-01	8.82E-01	7.42E-01	3.20E-01	4.68E-01	5.66E-01	6.97E-01	5.91E-01	5.75E-01	6.92E-01	8.56E-01	0.00E+00
SP2156	1.80E-01	4.49E-01	1.48E-01	3.54E-01	5.45E-01	5.16E-01	1.29E-01	0.00E+00	5.49E-01	5.35E-01	3.02E-01	3.01E-01	2.50E-01	2.55E-01	3.16E-01	4.61E-01	7.28E-01	4.56E-01	2.62E-01
SP2159	4.39E-01	9.54E-01	4.19E-01	3.97E-01	3.38E-01	8.13E-01	3.36E-01	0.00E+00	7.01E-01	7.26E-01	8.56E-02	6.72E-01	3.99E-01	6.63E-01	5.86E-01	3.12E-01	5.96E-01	1.92E-01	2.42E-01
SP2153	1.10E+00	3.35E+00	7.96E-01	9.02E-01	6.58E-01	3.87E+00	8.17E-01	1.02E-01	1.31E+00	1.14E+00	5.43E-01	6.81E-01	1.04E+00	1.77E+00	7.97E-01	1.38E+00	1.50E+00	8.48E-01	4.34E-01
SP2160	4.78E-01	9.15E-01	2.02E-01	5.07E-01	6.63E-01	7.07E-01	4.07E-01	0.00E+00	7.62E-01	7.58E-01	2.26E-01	3.27E-01	4.39E-01	7.86E-01	6.25E-01	7.66E-01	9.20E-01	4.99E-01	3.53E-01
SP2151	2.58E-01	4.93E-01	6.68E-02	4.36E-01	4.69E-01	2.72E-01	3.48E-01	1.92E-01	5.60E-01	5.55E-01	1.27E-01	3.42E-01	4.83E-01	4.82E-01	1.08E-01	3.30E-01	4.75E-01	5.53E-01	0.00E+00
SP116341	5.53E-01	8.25E-01	1.28E+00	5.05E+00	2.98E+00	7.81E-01	1.28E+00	2.68E-01	2.74E+00	1.36E+00	3.23E-01	1.03E+00	6.02E+00	2.88E-01	8.65E-01	4.68E-01	1.78E+00	9.52E-01	3.82E-01
SP116331	7.57E-01	2.04E+00	1.05E+00	6.84E-01	8.20E-01	2.20E+00	7.54E-01	2.20E-01	1.01E+00	1.05E+00	5.27E-01	6.17E-01	8.30E-01	8.08E-01	5.61E-01	5.34E-01	1.08E+00	7.93E-01	2.93E-01
SP116351	8.59E-01	1.18E+00	9.79E-01	5.66E-01	5.22E-01	1.02E+00	6.30E-01	0.00E+00	1.01E+00	5.44E-01	0.00E+00	5.36E-01	9.45E-01	1.51E+00	6.05E-01	1.12E+00	7.38E-01	7.74E-01	1.83E-01
SP116371	3.43E-01	1.27E+00	6.24E-01	4.55E-01	1.09E+00	9.28E-01	5.82E-01	0.00E+00	2.10E+00	1.51E+00	6.11E-01	7.56E-01	1.14E+00	1.49E+00	6.56E-01	1.72E+00	1.39E+00	9.13E-01	4.16E-01
SP116361	5.35E-01	5.71E-01	5.77E-01	2.33E+00	2.16E+00	6.00E-01	7.26E-01	1.68E-01	1.65E+00	7.90E-01	1.25E-01	6.16E-01	3.00E+00	5.33E-01	7.49E-01	3.74E-01	9.87E-01	7.73E-01	2.57E-01
SP116343	9.72E-01	1.57E+00	8.46E-01	5.40E-01	7.45E-01	1.65E+00	9.00E-01	3.21E-01	1.17E+00	1.00E+00	6.61E-01	6.22E-01	1.18E+00	9.42E-01	6.97E-01	6.90E-01	1.88E+00	1.69E+00	2.61E-01
SP116333	8.62E-01	1.64E+00	5.53E-01	1.22E+00	7.35E-01	2.07E+00	9.32E-01	0.00E+00	9.74E-01	8.62E-01	5.46E-01	8.96E-01	1.27E+00	1.13E+00	4.70E-01	6.06E-01	1.02E+00	1.05E+00	1.90E-01
SP116373	6.33E-01	6.42E-01	6.72E-01	4.31E+00	2.90E+00	6.58E-01	9.70E-01	2.44E-01	2.69E+00	1.23E+00	3.13E-01	9.11E-01	4.56E+00	7.27E-01	8.75E-01	3.51E-01	1.34E+00	2.79E-01	5.40E-01
SP116363	3.79E-01	3.45E-01	6.23E-01	2.50E+00	1.97E+00	5.31E-01	4.73E-01	2.00E-01	1.63E+00	4.98E-01	1.14E-01	6.65E-01	2.68E+00	6.01E-01	4.82E-01	3.94E-01	8.71E-01	3.15E-01	1.00E-02
SP116353	1.26E+00	4.43E+00	1.55E+00	8.30E-01	8.75E-01	4.36E+00	1.66E+00	2.85E-01	2.21E+00	1.87E+00	7.51E-01	8.57E-01	1.66E+00	1.42E+00	9.18E-01	1.18E+00	1.60E+00	9.94E-01	5.49E-01
SP116345	6.51E-01	1.55E+00	5.18E-01	2.75E-01	6.75E-01	1.49E+00	6.26E-01	0.00E+00	1.28E+00	1.00E+00	3.66E-01	4.28E-01	6.84E-01	1.50E+00	3.72E-01	1.14E+00	1.06E+00	2.79E-01	3.43E-02
SP116365	3.28E-01	6.66E-01	9.31E-01	3.85E+00	4.48E+00	7.31E-01	6.31E-01	2.82E-01	3.60E+00	1.16E+00	3.68E-01	8.37E-01	5.19E+00	8.76E-01	1.91E-01	5.51E-01	1.38E+00	7.37E-01	2.78E-01
SP116375	1.42E+00	2.21E+00	9.35E-01	7.13E-01	7.94E-01	2.37E+00	1.20E+00	1.57E-01	9.44E-01	1.14E+00	5.34E-01	6.60E-01	1.06E+00	1.08E+00	8.04E-01	1.03E+00	1.52E+00	8.04E-01	5.53E-01
SP116335	1.11E+00	9.87E-01	6.52E-01	1.20E+00	1.03E+00	4.79E-01	7.98E-01	0.00E+00	1.93E+00	1.21E+00	2.73E-01	5.60E-01	1.49E+00	4.57E+00	5.80E-02	4.01E+00	1.32E+00	5.90E-01	2.69E-01
SP116355	4.45E-01	5.04E-01	3.24E-01	1.82E+00	2.24E+00	5.93E-01	1.10E+00	1.59E-01	1.62E+00	9.82E-01	8.57E-02	1.12E+00	2.22E+00	3.57E-01	5.37E-01	1.43E-01	1.23E+00	5.46E-01	3.24E-01
SP116347	3.19E-01	9.17E-01	2.40E-01	3.97E-01	3.87E-01	8.17E-01	6.65E-01	0.00E+00	4.51E-01	6.96E-01	2.05E-01	4.11E-01	4.01E-01	5.18E-01	6.17E-01	6.27E-01	6.05E-01	5.76E-01	2.61E-01
SP116367	9.27E-01	1.44E+00	6.41E-01	1.17E+00	1.14E+00	1.73E+00	1.01E+00	0.00E+00	1.13E+00	1.08E+00	4.92E-01	8.36E-01	1.46E+00	1.05E+00	9.08E-01	7.04E-01	1.07E+00	7.85E-01	4.51E-01
SP116339	6.84E-01	2.47E+00	8.95E-01	5.57E-01	5.66E-01	2.44E+00	6.03E-01	1.77E-01	7.41E-01	7.41E-01	3.20E-01	6.19E-01	8.04E-01	9.57E-01	8.03E-01	7.50E-01	8.31E-01	5.32E-01	1.78E-01
SP116349	4.13E-01	1.02E+00	5.50E-01	4.95E-01	5.67E-01	9.20E-01	7.47E-01	2.10E-01	6.67E-01	1.28E+00	4.21E-01	3.41E-01	8.46E-01	9.57E-01	7.35E-01	5.72E-01	1.54E+00	1.02E+00	3.05E-01
SP116357	4.91E-01	2.62E-01	4.59E-01	1.87E+00	1.89E+00	3.57E-01	8.28E-01	0.00E+00	1.33E+00	1.06E+00	4.00E-02	6.59E-01	2.56E+00	5.79E-01	7.35E-01	2.35E-01	6.57E-01	4.79E-01	0.00E+00
SP116359	5.22E-01	7.23E-01	1.04E+00	3.83E+00	3.27E+00	7.28E-01	1.15E+00	1.66E-01	2.90E+00	1.37E+00	7.18E-01	8.28E-01	4.80E+00	8.30E-01	8.98E-01	5.23E-01	1.63E+00	4.16E-01	5.67E-01
SP116369	1.15E+00	1.68E+00	1.58E+00	9.80E+00	5.75E+00	1.46E+00	1.74E+00	6.34E-01	5.72E+00	1.80E+00	5.63E-01	1.36E+00	1.13E+01	1.23E+00	1.44E+00	8.18E-01	2.53E+00	1.48E+00	6.08E-01
SP116377	9.51E-01	2.76E+00	1.14E+00	8.17E-01	7.78E-01	3.05E+00	7.99E-01	2.54E-01	1.41E+00	1.18E+00	6.31E-01	9.22E-01	1.44E+00	1.51E+00	9.25E-01	1.31E+00	1.59E+00	9.72E-01	5.71E-01
SP116379	6.87E-01	1.75E+00	5.40E-01	7.18E-01	6.23E-01	1.51E+00	7.32E-01	0.00E+00	1.31E+00	1.15E+00	3.69E-01	3.92E-01	1.11E+00	9.23E-01	3.16E-01	6.98E-01	9.91E-01	1.02E+00	1.82E-01
SP7692	1.33E+00	2.15E+00	1.26E+00	9.72E-01	1.11E+00	2.39E+00	9.33E-01	2.63E-01	1.86E+00	1.40E+00	6.52E-01	1.17E+00	1.36E+00	2.56E+00	8.53E-01	2.34E+00	1.31E+00	1.21E+00	4.11E-01
SP5052	9.71E-01	1.40E+00	1.54E+00	7.45E+00	8.30E+00	8.99E-01	2.27E+00	4.46E-01	7.11E+00	2.16E+00	7.03E-01	1.87E+00	1.07E+01	9.27E-01	1.23E+00	9.25E-01	3.56E+00	1.38E+00	5.24E-01
SP7785	1.11E+00	4.01E+00	1.82E+00	7.66E+00	3.96E+00	4.15E+00	1.94E+00	5.17E-01	4.58E+00	1.89E+00	6.92E-01	1.41E+00	8.84E+00	1.44E+00	1.22E+00	1.01E+00	2.80E+00	6.82E-01	2.21E-01
SP3415	5.23E-01	9.25E-01	5.95E-01	2.72E+00	2.32E+00	8.64E-01	1.08E+00	2.03E-01	1.84E+00	1.19E+00	2.76E-01	8.63E-01	3.16E+00	7.10E-01	8.16E-01	5.65E-01	1.30E+00	4.46E-01	5.14E-01
SP2799	4.05E-01	1.17E+00	3.34E-01	5.08E-01	4.39E-01	1.25E+00	3.75E-01	1.00E-01	7.39E-01	7.93E-01	4.94E-01	3.72E-01	7.26E-01	8.06E-01	6.91E-01	5.63E-01	1.21E+00	6.53E-01	0.00E+00
SP9979	3.37E-01	4.52E-01	3.98E-01	5.01E-01	6.67E-01	5.34E-01	3.65E-01	0.00E+00	1.13E+00	1.19E+00	3.91E-01	4.68E-01	8.13E-01	6.69E-01	5.81E-01	5.36E-01	7.97E-01	8.51E-01	2.84E-01
SP5393	1.33E+00	1.72E+00	5.27E-01	7.80E-01	8.83E-01	1.66E+00	7.08E-01	0.00E+00	1.53E+00	1.07E+00	5.15E-01	7.69E-01	1.80E+00	2.53E+00	9.27E-01	2.05E+00	1.90E+00	9.62E-01	3.53E-01
SP11292	1.04E-01	3.62E-01	1.75E-01	1.24E+00	1.01E+00	1.15E-01	5.71E-01	0.00E+00	7.59E-01	5.97E-01	2.09E-01	5.26E-01	1.22E+00	2.92E-01	4.48E-01	2.23E-01	3.07E-01	3.35E-01	2.47E-01
SP13036	2.06E+00	2.96E+00	1.49E+00	8.44E-01	1.05E+00	3.47E+00	1.86E+00	2.00E-01	2.11E+00	1.81E+00	6.08E-01	1.05E+00	1.31E+00	1.44E+00	8.80E-01	1.17E+00	1.64E+00	7.95E-01	7.78E-01
SP7421	8.81E-01	1.88E+00	5.98E-01	1.01E+00	9.56E-01	1.98E+00	8.97E-01	0.00E+00	1.37E+00	1.19E+00	6.49E-01	7.07E-01	1.02E+00	1.02E+00	6.49E-01	8.04E-01	1.38E+00	1.24E+00	5.06E-01
SP4875	1.05E+00	1.09E+00	1.46E+00	5.33E+00	5.25E+00	8.35E-01	1.94E+00	3.79E-01	5.27E+00	1.97E+00	1.03E+00	1.22E+00	6.66E+00	3.05E+00	1.09E+00	2.24E+00	2.47E+00	1.31E+00	5.81E-01
SP8795	1.37E+00	4.74E+00	1.24E+00	9.18E-01	7.55E-01	5.39E+00	8.89E-01	2.69E-01	1.42E+00	1.18E+00	9.11E-01	6.77E-01	2.24E+00	2.14E+00	7.93E-01	1.28E+00	2.05E+00	1.10E+00	4.61E-01
SP4820	1.04E+00	2.00E+00	2.28E+00	9.55E+00	5.21E+00	2.41E+00	1.70E+00	8.09E-01	6.02E+00	1.78E+00	1.42E+00	1.23E+00	1.14E+01	1.07E+00	1.39E+00	8.14E-01	3.07E+00	3.41E+00	5.00E-01
SP4593	4.90E-01	1.01E+00	2.24E-01	3.90E-01	6.08E-01	1.10E+00	5.63E-01	1.74E-01	6.76E-01	9.89E-01	1.30E-01	3.96E-01	7.39E-01	7.28E-01	6.35E-01	5.64E-01	1.10E+00	5.04E-01	0.00E+00
SP8085	8.25E-01	1.14E+00	3.22E-01	6.68E-01	5.45E-01	1.17E+00	6.84E-01	2.10E-01	9.60E-01	8.71E-01	3.86E-01	5.32E-01	8.05E-01	1.60E+00	6.34E-01	1.20E+00	1.27E+00	9.33E-01	2.77E-01
SP11235	7.21E-01	1.17E+00	1.10E+00	6.70E-01	3.56E-01	1.18E+00	8.74E-01	1.59E-01	8.73E-01	8.61E-01	5.95E-01	3.19E-01	9.11E-01	8.96E-01	4.52E-01	5.00E-01	1.03E+00	8.14E-01	3.26E-01
SP6730	9.25E-01	2.76E+00	8.45E-01	6.19E-01	8.24E-01	2.69E+00	6.29E-01	0.00E+00	1.47E+00	1.23E+00	6.70E-01	4.81E-01	1.07E+00	1.12E+00	7.69E-01	8.19E-01	1.70E+00	1.22E+00	4.00E-01
SP10635	2.65E-01	8.74E-01	2.46E-01	3.62E-01	5.25E-01	8.32E-01	5.65E-01	1.89E-01	8.22E-01	1.03E+00	1.80E-01	4.52E-01	6.10E-01	4.55E-01	7.57E-01	2.95E-01	1.15E+00	4.53E-01	2.53E-01
SP5381	3.42E-01	5.34E-01	3.27E-01	3.08E-01	3.66E-01	3.86E-01	2.63E-01	1.13E-01	7.67E-01	6.90E-01	4.96E-01	2.79E-01	4.49E-01	9.34E-01	1.73E-01	5.61E-01	7.91E-01	5.02E-01	0.00E+00
SP10084	1.32E+00	1.22E+00	9.01E-01	1.08E+00	9.91E-01	1.08E+00	1.95E+00	1.58E-01	1.40E+00	1.79E+00	5.44E-01	1.57E+00	2.24E+00	2.72E+00	1.15E+00	1.62E+00	2.34E+00	1.42E+00	6.05E-01
SP9251	5.70E-01	8.00E-01	6.50E-01	6.31E-01	6.40E-01	7.17E-01	1.06E+00	1.40E-01	5.87E-01	1.09E+00	4.19E-01	5.78E-01	8.55E-01	9.03E-01	5.33E-01	4.88E-01	9.18E-01	8.87E-01	0.00E+00
SP3016	1.07E+00	1.69E+00	9.11E-01	2.67E+00	1.56E+00	1.55E+00	9.31E-01	2.94E-01	1.72E+00	1.17E+00	6.99E-01	8.79E-01	2.13E+00	2.05E+00	1.09E+00	1.64E+00	1.45E+00	1.15E+00	7.20E-01
SP11045	2.86E-01	6.56E-01	2.31E-01	3.45E-01	4.32E-01	4.11E-01	4.83E-01	0.00E+00	4.35E-01	4.93E-01	4.41E-01	3.17E-01	4.39E-01	5.50E-01	3.78E-01	4.51E-01	4.43E-01	6.37E-01	6.52E-02
SP2826	6.15E-01	9.22E-01	1.80E-01	1.08E+00	2.23E+00	1.09E+00	6.13E-01	0.00E+00	2.39E+00	2.05E+00	5.17E-01	4.81E-01	1.15E+00	7.21E-01	0.00E+00	4.83E-01	1.03E+00	7.07E-01	2.35E-01
SP11171	5.09E-01	9.21E-01	5.71E-01	2.77E+00	2.66E+00	6.23E-01	8.87E-01	3.05E-01	2.33E+00	1.21E+00	6.33E-01	7.80E-01	3.48E+00	6.14E-01	7.80E-01	5.64E-01	1.38E+00	5.93E-01	5.32E-01
SP5784	1.08E+00	1.61E+00	5.08E-01	8.19E-01	8.96E-01	1.56E+00	1.60E+00	2.00E-01	1.06E+00	1.49E+00	3.89E-01	8.47E-01	1.20E+00	1.30E+00	8.53E-01	1.06E+00	9.66E-01	9.88E-01	3.94E-01
SP8564	7.43E-01	1.21E+00	7.87E-01	8.23E-01	9.45E-01	1.20E+00	7.25E-01	1.61E-01	1.24E+00	1.09E+00	5.15E-01	6.70E-01	1.02E+00	2.26E+00	7.81E-01	1.91E+00	9.74E-01	8.17E-01	4.46E-01
SP5844	1.25E+00	1.67E+00	1.11E+00	6.23E-01	8.79E-01	1.68E+00	6.61E-01	1.75E-01	1.98E+00	1.72E+00	8.52E-01	6.51E-01	2.12E+00	2.74E+00	7.52E-01	1.89E+00	2.36E+00	1.23E+00	4.46E-01
SP6519	4.03E-01	1.20E+00	2.93E-01	6.76E-01	5.99E-01	1.44E+00	3.73E-01	2.12E-01	7.37E-01	7.20E-01	3.17E-01	3.10E-01	7.45E-01	6.25E-01	5.23E-01	5.30E-01	8.52E-01	6.03E-01	0.00E+00
SP6766	3.35E-01	1.07E+00	8.76E-01	6.83E-01	5.32E-01	1.23E+00	5.69E-01	2.73E-01	7.13E-01	8.33E-01	4.49E-01	4.77E-01	8.92E-01	7.03E-01	5.55E-01	3.67E-01	1.10E+00	7.71E-01	2.28E-01
SP5448	8.56E-01	2.13E+00	6.73E-01	5.29E-01	7.86E-01	1.96E+00	7.00E-01	2.21E-01	1.84E+00	1.61E+00	5.10E-01	9.08E-01	1.05E+00	1.43E+00	9.32E-01	6.05E-01	1.80E+00	9.93E-01	4.95E-01
SP12049	8.24E-01	1.14E+00	1.97E+00	7.41E+00	8.04E+00	9.05E-01	1.51E+00	2.14E-01	5.88E+00	1.82E+00	7.70E-01	1.47E+00	9.62E+00	1.45E+00	1.05E+00	1.11E+00	3.86E+00	9.88E-01	4.81E-01
SP2714	8.98E-01	1.20E+00	1.63E+00	7.60E+00	5.21E+00	1.28E+00	1.41E+00	3.11E-01	5.10E+00	1.86E+00	4.37E-01	1.19E+00	8.61E+00	1.13E+00	7.67E-01	7.73E-01	2.67E+00	1.05E+00	6.76E-01
SP2801	6.73E-01	1.42E+00	8.05E-01	7.73E-01	1.02E+00	1.33E+00	1.13E+00	1.95E-01	1.80E+00	1.59E+00	5.30E-01	6.51E-01	1.22E+00	1.54E+00	1.17E+00	1.09E+00	1.58E+00	8.52E-01	2.20E-01
SP8891	7.85E-01	9.26E-01	1.16E+00	4.33E+00	3.08E+00	8.17E-01	1.01E+00	0.00E+00	3.06E+00	1.38E+00	4.52E-01	8.59E-01	5.55E+00	8.42E-01	1.06E+00	6.45E-01	1.76E+00	7.24E-01	5.70E-01
SP9481	4.41E-01	8.35E-01	2.20E-01	2.69E-01	6.29E-01	8.83E-01	3.74E-01	0.00E+00	8.31E-01	8.47E-01	2.83E-01	2.87E-01	5.69E-01	7.36E-01	4.20E-01	5.50E-01	8.64E-01	5.24E-01	0.00E+00
SP5808	1.08E+00	1.96E+00	1.25E+00	3.75E+00	2.97E+00	1.99E+00	1.26E+00	3.56E-01	2.45E+00	1.35E+00	7.44E-01	9.30E-01	4.52E+00	2.41E+00	9.06E-01	8.12E-01	3.06E+00	1.86E+00	2.99E-01
SP6429	1.19E+00	1.48E+00	1.07E+00	4.68E+00	2.75E+00	1.97E+00	1.67E+00	5.78E-01	2.99E+00	1.88E+00	8.29E-01	1.01E+00	4.67E+00	1.28E+00	4.71E-01	7.18E-01	1.89E+00	5.86E-01	5.95E-01
SP5017	8.77E-01	4.84E+00	9.85E-01	5.64E-01	6.40E-01	4.62E+00	8.34E-01	0.00E+00	1.14E+00	1.03E+00	5.71E-01	4.34E-01	1.51E+00	8.15E-01	7.41E-01	4.63E-01	2.15E+00	9.99E-01	3.45E-01
SP8229	6.13E-01	1.21E+00	5.06E-01	5.31E-01	6.14E-01	1.34E+00	7.63E-01	0.00E+00	8.20E-01	1.07E+00	2.41E-01	4.74E-01	6.52E-01	6.73E-01	7.73E-01	5.04E-01	7.79E-01	8.20E-01	3.43E-01
SP8157	4.00E-01	8.08E-01	5.41E-01	1.06E+00	6.39E-01	8.28E-01	5.53E-01	0.00E+00	9.73E-01	8.78E-01	3.90E-01	4.02E-01	1.06E+00	8.77E-01	4.15E-01	7.69E-01	8.07E-01	6.89E-01	0.00E+00
SP5279	1.68E+00	2.77E+00	1.37E+00	9.87E-01	1.07E+00	3.39E+00	1.13E+00	1.36E-01	1.31E+00	1.43E+00	4.19E-01	8.06E-01	1.62E+00	2.28E+00	1.05E+00	1.97E+00	1.68E+00	1.27E+00	2.11E-01
SP8660	5.78E-01	1.12E+00	1.47E+00	7.79E+00	3.78E+00	1.11E+00	9.95E-01	3.77E-01	4.36E+00	1.35E+00	7.51E-01	9.00E-01	9.02E+00	1.22E+00	8.57E-01	7.24E-01	2.13E+00	6.49E-01	1.53E-01
SP11878	5.39E-01	1.28E+00	4.80E-01	8.71E-01	8.23E-01	1.46E+00	9.20E-01	0.00E+00	1.27E+00	1.22E+00	4.68E-01	7.27E-01	9.23E-01	1.13E+00	8.09E-01	5.61E-01	1.47E+00	1.21E+00	4.50E-01
SP9433	6.69E-01	1.07E+00	3.23E-01	4.57E-01	3.96E-01	1.04E+00	6.76E-01	0.00E+00	7.31E-01	6.78E-01	2.65E-01	6.63E-01	6.96E-01	8.02E-01	6.55E-01	6.34E-01	8.77E-01	6.90E-01	1.72E-01
SP2881	1.26E+00	3.45E+00	1.04E+00	1.26E+00	9.95E-01	3.62E+00	1.59E+00	4.16E-01	1.49E+00	1.52E+00	8.56E-01	1.49E+00	1.58E+00	1.25E+00	9.67E-01	8.04E-01	2.11E+00	1.33E+00	6.37E-01
SP7378	5.09E-01	9.69E-01	2.99E-01	5.99E-01	8.82E-01	8.03E-01	6.17E-01	0.00E+00	7.53E-01	4.54E-01	3.29E-01	3.61E-01	6.00E-01	6.51E-01	5.11E-01	5.28E-01	6.31E-01	6.82E-01	1.58E-01
SP9816	5.57E-01	9.20E-01	8.67E-01	3.06E+00	3.58E+00	1.25E+00	1.24E+00	2.73E-01	3.03E+00	1.50E+00	6.48E-01	9.59E-01	3.88E+00	6.56E-01	9.77E-01	6.85E-01	1.62E+00	1.42E+00	3.50E-01
SP4265	4.90E-01	9.45E-01	3.94E-01	1.18E+00	1.35E+00	1.15E+00	3.53E-01	0.00E+00	1.04E+00	6.02E-01	5.66E-01	5.97E-01	1.15E+00	8.77E-01	4.19E-01	4.35E-01	8.29E-01	9.14E-01	3.49E-01
SP2793	1.75E+00	2.61E+00	2.90E+00	1.31E+01	9.00E+00	2.90E+00	1.63E+00	8.08E-01	8.21E+00	1.74E+00	1.33E+00	1.31E+00	1.60E+01	1.32E+00	1.02E+00	1.09E+00	4.46E+00	1.25E+00	7.16E-01
SP6825	1.76E+00	3.67E+00	1.88E+00	1.42E+00	1.19E+00	4.11E+00	1.17E+00	0.00E+00	1.74E+00	1.62E+00	8.10E-01	7.23E-01	1.58E+00	2.08E+00	1.06E+00	1.47E+00	2.35E+00	1.67E+00	3.55E-01
SP4523	7.34E-01	1.92E+00	9.86E-01	5.64E-01	6.85E-01	1.85E+00	6.68E-01	1.93E-01	1.11E+00	8.57E-01	4.92E-01	5.24E-01	7.93E-01	6.72E-01	8.47E-01	3.66E-01	1.25E+00	7.87E-01	4.11E-02
SP9930	8.00E-01	1.21E+00	7.61E-01	4.56E+00	4.59E+00	1.19E+00	1.14E+00	1.64E-01	3.89E+00	1.42E+00	3.31E-01	1.16E+00	5.47E+00	7.98E-01	4.36E-01	5.87E-01	1.62E+00	1.23E+00	3.96E-01
SP5820	5.22E-01	2.47E+00	4.11E-01	3.33E-01	4.95E-01	2.37E+00	5.91E-01	0.00E+00	1.27E+00	1.18E+00	4.32E-01	5.51E-01	6.08E-01	1.05E+00	7.97E-01	7.02E-01	7.99E-01	1.08E+00	2.83E-01
SP10470	6.48E-01	7.32E-01	1.11E+00	5.85E+00	4.06E+00	6.46E-01	1.47E+00	1.76E-01	3.86E+00	1.47E+00	3.81E-01	9.87E-01	7.09E+00	6.86E-01	9.65E-01	2.81E-02	1.93E+00	7.47E-01	5.46E-01
SP9648	9.04E-01	1.42E+00	1.03E+00	5.08E+00	4.29E+00	1.68E+00	1.31E+00	8.47E-01	3.97E+00	1.61E+00	2.37E+00	1.14E+00	6.72E+00	6.04E-01	1.39E+00	7.99E-01	2.57E+00	8.80E-01	1.65E+00
SP4535	2.82E-01	5.94E-01	5.47E-01	5.04E-01	6.71E-01	6.50E-01	6.54E-01	0.00E+00	9.42E-01	1.05E+00	2.38E-01	4.51E-01	7.85E-01	8.19E-01	5.16E-01	5.02E-01	7.89E-01	7.42E-01	2.38E-01
SP11808	8.72E-01	1.56E+00	8.21E-01	1.98E-01	6.40E-01	1.41E+00	7.01E-01	3.40E-01	1.07E+00	1.04E+00	7.29E-01	4.68E-01	9.37E-01	9.46E-01	5.66E-01	7.44E-01	1.19E+00	8.30E-01	3.81E-01
SP96163	7.25E-01	1.06E+00	1.53E+00	4.90E+00	4.41E+00	1.12E+00	8.87E-01	1.84E-01	3.04E+00	1.46E+00	4.09E-01	8.95E-01	6.17E+00	6.09E-01	3.89E-01	4.15E-01	2.25E+00	1.25E+00	2.06E-01
SP11948	4.26E-01	1.73E+00	1.60E+00	5.47E+00	5.41E+00	1.99E+00	6.86E-01	0.00E+00	4.95E+00	1.43E+00	4.78E-01	7.02E-01	7.04E+00	3.09E-01	7.97E-01	8.78E-01	2.83E+00	1.07E+00	3.26E-01
SP4557	4.87E-01	1.33E+00	6.66E-01	6.81E-01	8.05E-01	1.42E+00	6.99E-01	1.68E-01	8.31E-01	7.81E-01	4.15E-01	4.64E-01	8.68E-01	9.72E-01	7.48E-01	8.63E-01	1.09E+00	1.27E+00	3.78E-01
SP96147	5.52E-01	1.13E+00	5.96E-01	5.19E-01	5.43E-01	1.10E+00	1.08E+00	2.70E-01	9.91E-01	1.23E+00	4.60E-01	6.40E-01	9.03E-01	9.60E-01	1.08E+00	6.16E-01	8.76E-01	6.27E-01	0.00E+00
SP10150	1.17E+00	1.72E+00	1.16E+00	5.95E-01	5.84E-01	1.63E+00	8.10E-01	0.00E+00	1.16E+00	8.44E-01	5.76E-01	6.29E-01	1.01E+00	1.51E+00	6.99E-01	1.08E+00	1.36E+00	7.32E-01	3.01E-01
SP4472	6.80E-01	1.25E+00	1.00E+00	5.07E+00	4.38E+00	1.04E+00	6.52E-01	2.57E-01	3.80E+00	1.54E+00	4.20E-01	8.39E-01	6.55E+00	7.30E-01	7.61E-01	6.41E-01	1.68E+00	1.01E+00	4.12E-01
SP6813	7.56E-01	1.33E+00	1.04E+00	7.44E-01	8.30E-01	1.10E+00	6.62E-01	1.37E-01	1.25E+00	9.78E-01	6.51E-01	7.70E-01	1.06E+00	1.49E+00	8.05E-01	1.14E+00	1.23E+00	1.28E+00	4.27E-01
SP96511	1.06E+00	1.04E+00	2.28E+00	1.05E+01	5.53E+00	1.33E+00	1.83E+00	4.54E-01	6.04E+00	1.24E+00	8.22E-01	1.36E+00	1.23E+01	1.20E+00	1.13E+00	7.97E-01	3.49E+00	1.68E+00	5.77E-01
SP5636	7.10E-01	1.41E+00	6.24E-01	4.98E-01	5.33E-01	1.44E+00	5.56E-01	0.00E+00	8.23E-01	7.15E-01	3.92E-01	2.54E-01	9.12E-01	8.51E-01	4.26E-01	6.38E-01	8.04E-01	5.95E-01	2.93E-01
SP5559	1.16E+00	1.40E+00	8.61E-01	1.48E+00	2.21E+00	1.32E+00	8.01E-01	2.19E-01	3.42E+00	3.65E+00	7.16E-01	1.62E+00	2.57E+00	5.00E+00	1.05E+00	4.90E+00	2.26E+00	8.44E-01	5.03E-01
SP3631	3.92E-01	1.15E+00	6.30E-01	3.27E-01	8.03E-01	9.73E-01	7.51E-01	1.74E-01	1.21E+00	1.08E+00	4.45E-01	1.15E+00	7.83E-01	7.92E-01	7.98E-01	7.09E-01	1.27E+00	7.59E-01	3.40E-01
SP5473	1.06E+00	1.65E+00	1.02E+00	8.70E-01	1.10E+00	2.01E+00	9.00E-01	1.33E-01	1.33E+00	1.26E+00	7.38E-01	7.90E-01	1.55E+00	1.18E+00	8.24E-01	7.58E-01	1.24E+00	1.13E+00	4.28E-01
SP8394	6.59E-01	1.21E+00	6.01E-01	4.08E-01	6.11E-01	1.30E+00	5.19E-01	1.45E-01	1.35E+00	1.33E+00	5.69E-01	6.05E-01	8.33E-01	1.12E+00	7.69E-01	8.91E-01	1.60E+00	9.67E-01	2.98E-01
SP6115	5.06E-01	1.36E+00	7.36E-01	4.67E-01	4.90E-01	1.49E+00	1.06E+00	2.20E-01	7.77E-01	9.36E-01	5.76E-01	4.37E-01	1.07E+00	8.43E-01	4.69E-01	2.15E-01	1.36E+00	1.07E+00	2.69E-01
SP7291	7.21E-01	1.49E+00	7.50E-01	5.26E-01	6.84E-01	1.28E+00	6.81E-01	2.95E-01	9.38E-01	9.44E-01	1.78E-01	1.40E-01	6.49E-01	1.16E+00	4.33E-01	9.22E-01	7.98E-01	6.89E-01	5.27E-01
SP2997	4.24E-01	1.14E+00	4.81E-01	5.25E-01	7.10E-01	1.06E+00	5.75E-01	2.96E-01	5.35E-01	7.45E-01	6.33E-01	6.83E-01	8.63E-01	8.18E-01	3.06E-01	7.63E-01	5.44E-01	9.48E-01	3.00E-02
SP8831	1.44E+00	2.02E+00	3.01E+00	1.95E+01	9.06E+00	2.02E+00	1.72E+00	6.95E-01	1.16E+01	1.69E+00	1.22E+00	1.15E+00	2.19E+01	1.46E+00	1.58E+00	9.32E-01	4.96E+00	1.84E+00	1.03E+00
SP2731	5.37E-01	9.36E-01	3.75E-01	4.59E-01	5.76E-01	9.08E-01	3.89E-01	0.00E+00	6.72E-01	5.49E-01	3.94E-01	4.94E-01	5.83E-01	6.70E-01	3.73E-01	5.45E-01	7.01E-01	7.02E-01	1.57E-01
SP6223	7.21E-01	1.81E+00	4.83E-01	2.18E+00	2.39E+00	2.03E+00	1.22E+00	0.00E+00	2.52E+00	1.87E+00	7.73E-01	9.74E-01	2.83E+00	8.90E-01	8.67E-01	8.47E-01	2.59E+00	7.55E-01	5.82E-01
SP7171	6.32E-01	1.66E+00	4.34E-01	6.21E-01	6.12E-01	1.62E+00	8.44E-01	1.16E-01	1.14E+00	1.40E+00	3.22E-01	6.02E-01	8.45E-01	1.05E+00	1.03E+00	9.27E-01	1.39E+00	8.23E-01	2.92E-01
SP10563	5.75E-01	1.89E+00	5.94E-01	6.60E-01	6.90E-01	1.52E+00	6.16E-01	0.00E+00	1.31E+00	1.14E+00	3.21E-01	5.92E-01	1.02E+00	8.18E-01	8.36E-01	6.19E-01	1.51E+00	4.79E-01	1.97E-01
SP8987	1.05E+00	2.09E+00	1.72E+00	8.41E+00	5.02E+00	2.50E+00	1.32E+00	1.59E-01	5.00E+00	2.52E+00	7.65E-01	1.13E+00	1.00E+01	1.62E+00	1.13E+00	7.45E-01	2.81E+00	3.13E-01	5.53E-01
SP5980	9.23E-01	6.57E-01	1.51E+00	5.82E+00	6.37E+00	1.05E+00	1.59E+00	3.89E-01	4.92E+00	1.19E+00	5.32E-01	1.48E+00	7.84E+00	8.46E-01	1.22E+00	6.85E-01	3.09E+00	1.05E+00	7.09E-01
SP12186	8.63E-01	1.31E+00	7.86E-01	4.13E-01	5.42E-01	1.42E+00	5.62E-01	1.45E-01	7.79E-01	9.34E-01	2.13E-01	6.18E-01	8.09E-01	1.02E+00	6.02E-01	8.03E-01	6.88E-01	8.43E-01	1.87E-01
SP10944	9.67E-01	1.97E+00	5.97E-01	8.41E-01	9.84E-01	1.88E+00	1.18E+00	2.85E-01	2.16E+00	1.84E+00	4.68E-01	9.23E-01	1.05E+00	1.50E+00	7.69E-01	1.16E+00	1.35E+00	5.37E-01	2.83E-01
SP2766	6.99E-01	1.21E+00	1.04E+00	4.72E+00	4.06E+00	1.13E+00	1.22E+00	2.95E-01	3.49E+00	7.03E-01	4.94E-01	1.19E+00	5.85E+00	3.40E-01	1.00E+00	7.67E-01	1.90E+00	3.56E-01	5.18E-01
SP6673	1.25E+00	2.20E+00	3.34E+00	1.79E+01	9.15E+00	2.62E+00	2.33E+00	1.36E+00	1.08E+01	3.18E+00	1.53E+00	1.99E+00	2.16E+01	1.97E+00	1.68E+00	1.24E+00	4.74E+00	3.10E+00	6.75E-01
SP117698	5.46E-01	1.04E+00	4.98E-01	4.61E-01	7.05E-01	1.01E+00	5.86E-01	1.11E-01	7.34E-01	8.53E-01	7.52E-02	5.08E-01	5.52E-01	7.39E-01	5.50E-01	5.57E-01	5.81E-01	5.29E-01	1.86E-01
SP124201	5.20E-01	7.26E-01	5.11E-01	5.70E-01	1.30E+00	6.18E-01	1.18E+00	0.00E+00	3.93E+00	3.49E+00	7.82E-02	8.45E-01	9.22E-01	3.63E-01	9.48E-01	8.32E-01	1.06E+00	5.22E-01	0.00E+00
SP2143	2.40E-01	5.61E-01	2.64E-01	2.11E-01	5.31E-01	4.29E-01	3.19E-01	2.51E-01	1.20E+00	1.00E+00	3.70E-01	2.55E-01	4.38E-01	5.93E-01	3.14E-01	3.74E-01	5.89E-01	5.31E-01	8.16E-02
SP124191	3.14E-01	1.33E+00	3.19E-01	3.55E-01	4.73E-01	1.36E+00	7.13E-01	0.00E+00	1.08E+00	1.10E+00	3.97E-01	3.33E-01	6.34E-01	5.69E-01	5.12E-01	3.12E-01	9.18E-01	5.55E-01	1.78E-01
SP117247	2.32E-01	1.14E+00	3.04E-01	5.24E-01	7.13E-01	8.31E-01	7.57E-01	2.31E-01	7.90E-01	9.47E-01	2.82E-01	4.50E-01	5.62E-01	6.14E-01	6.12E-01	3.75E-01	9.41E-01	7.04E-01	0.00E+00
SP117362	3.68E-01	1.15E+00	3.01E-01	4.91E-01	5.35E-01	1.17E+00	2.66E-01	0.00E+00	5.10E-01	6.21E-01	3.68E-01	1.04E-01	7.36E-01	6.48E-01	5.84E-01	5.20E-01	8.15E-01	6.94E-01	1.84E-01
SP117470	7.00E-01	9.60E-01	1.60E+00	7.15E+00	3.54E+00	6.06E-01	1.30E+00	2.11E-01	4.03E+00	1.27E+00	6.40E-01	7.82E-01	8.02E+00	8.17E-01	8.71E-01	6.57E-01	2.01E+00	9.08E-01	4.07E-01
SP117586	2.52E-01	6.09E-01	1.16E-01	3.61E-01	3.98E-01	5.37E-01	4.12E-01	1.68E-01	3.63E-01	3.81E-01	2.21E-01	3.75E-01	5.58E-01	5.70E-01	5.41E-01	3.45E-01	6.15E-01	5.78E-01	2.23E-02
SP117709	4.34E-01	9.79E-01	4.14E-01	2.79E-01	4.08E-01	1.13E+00	5.16E-01	1.27E-01	1.25E+00	9.84E-01	4.61E-01	4.22E-01	7.74E-01	6.96E-01	3.34E-01	4.56E-01	1.04E+00	1.79E-01	1.47E-01
SP2157	2.54E-01	5.19E-01	2.33E-01	6.11E-02	3.29E-01	4.69E-01	1.78E-01	0.00E+00	4.46E-01	2.17E-01	3.15E-01	2.11E-01	2.63E-01	1.84E-01	2.21E-01	2.53E-01	4.06E-01	4.27E-01	4.98E-02
SP3368	6.74E-01	1.28E+00	5.27E-01	7.80E-01	6.29E-01	1.15E+00	5.50E-01	1.53E-01	9.58E-01	8.15E-01	5.53E-01	2.95E-01	9.53E-01	5.97E-01	5.23E-01	5.54E-01	1.05E+00	7.19E-01	2.21E-01
SP5666	4.62E-01	1.27E+00	4.78E-01	4.21E-01	5.05E-01	1.10E+00	7.12E-01	0.00E+00	5.40E-01	1.19E+00	4.74E-01	6.27E-01	8.06E-01	7.95E-01	8.46E-01	4.22E-01	9.70E-01	4.82E-01	1.81E-01
SP2781	4.21E-01	7.28E-01	6.11E-01	4.94E-01	3.69E-01	6.38E-01	5.92E-01	1.36E-01	9.42E-01	8.49E-01	1.90E-01	3.58E-01	7.16E-01	7.30E-01	5.79E-01	4.45E-01	7.31E-01	5.39E-01	0.00E+00
SP8532	4.81E-01	1.10E+00	4.30E-01	6.18E-01	5.99E-01	8.99E-01	6.51E-01	1.48E-01	1.04E+00	9.67E-01	4.08E-01	5.75E-01	7.91E-01	7.33E-01	5.63E-01	6.55E-01	8.02E-01	7.36E-01	2.52E-01
SP12856	3.66E-01	1.05E+00	8.21E-01	3.99E-01	5.20E-01	9.57E-01	5.61E-01	1.81E-01	8.73E-01	7.24E-01	6.55E-01	9.43E-01	6.57E-01	6.29E-01	6.59E-01	2.39E-01	8.75E-01	1.06E+00	2.41E-01
SP7456	4.36E-01	1.24E+00	7.12E-01	5.36E-01	6.75E-01	1.14E+00	4.44E-01	1.54E-01	1.02E+00	9.99E-01	2.90E-01	4.77E-01	1.01E+00	1.10E+00	6.58E-01	6.31E-01	1.52E+00	5.41E-01	1.03E-01
CPCT02100011T	3.55E-01	1.83E+00	5.10E-01	2.83E-01	6.55E-01	1.83E+00	4.27E-01	8.80E-01	1.27E+00	1.44E+00	8.67E-01	4.49E-01	7.30E-01	5.97E-01	6.12E-01	7.14E-01	9.77E-01	6.02E-01	5.83E-01
CPCT02020314T	7.61E-01	1.87E+00	8.82E-01	6.50E-01	7.25E-01	2.07E+00	7.78E-01	8.77E-01	1.54E+00	1.33E+00	1.19E+00	5.43E-01	1.25E+00	1.05E+00	8.33E-01	8.57E-01	1.49E+00	1.02E+00	5.16E-01
CPCT02080016T	7.66E-01	2.06E+00	6.65E-01	7.61E-01	6.22E-01	2.00E+00	7.89E-01	6.30E-01	9.85E-01	1.30E+00	1.04E+00	3.81E-01	9.46E-01	1.18E+00	5.90E-01	9.73E-01	1.05E+00	9.82E-01	6.13E-01
CPCT02010359T	1.69E+00	2.15E+00	2.37E+00	9.82E+00	6.84E+00	2.49E+00	1.77E+00	1.51E+00	6.48E+00	1.86E+00	2.05E+00	1.59E+00	1.16E+01	1.47E+00	5.33E-01	9.89E-01	3.85E+00	2.18E+00	7.07E-01
CPCT02020322T	8.22E-01	1.67E+00	8.42E-01	5.47E-01	4.72E-01	1.99E+00	5.22E-01	5.65E-01	6.52E-01	7.70E-01	6.45E-01	7.67E-01	7.98E-01	7.70E-01	7.48E-01	5.88E-01	8.40E-01	6.20E-01	2.00E-02
CPCT02010351T	1.15E+00	2.88E+00	1.16E+00	3.35E+00	3.26E+00	2.77E+00	1.40E+00	1.07E+00	5.56E+00	4.86E+00	1.54E+00	1.04E+00	3.94E+00	1.42E+00	1.54E+00	1.05E+00	2.50E+00	1.23E+00	4.04E-01
CPCT02110004T	5.26E-01	1.68E+00	6.89E-01	8.47E-01	1.03E+00	1.56E+00	5.20E-01	1.08E+00	2.34E+00	1.93E+00	1.27E+00	5.90E-01	1.03E+00	7.29E-01	7.79E-01	6.96E-01	1.15E+00	8.20E-01	2.69E-01
CPCT02040031T	1.43E+00	3.16E+00	1.57E+00	1.50E+00	1.47E+00	3.63E+00	9.51E-01	7.38E-01	1.95E+00	1.85E+00	1.53E+00	8.91E-01	1.72E+00	1.59E+00	8.80E-01	1.16E+00	1.79E+00	1.47E+00	5.73E-01
CPCT02020341T	5.78E-01	1.25E+00	4.17E-01	5.53E-01	7.68E-01	1.16E+00	5.74E-01	6.99E-01	9.53E-01	9.04E-01	9.39E-01	5.44E-01	8.03E-01	1.29E+00	2.99E-01	7.94E-01	1.13E+00	6.84E-01	4.36E-01
CPCT02080025T	1.08E+00	1.93E+00	1.34E+00	1.44E+00	2.65E+00	2.00E+00	2.17E+00	1.05E+00	7.97E+00	6.76E+00	1.17E+00	1.24E+00	1.89E+00	1.40E+00	1.91E+00	1.35E+00	2.73E+00	9.51E-01	3.89E-01
CPCT02080022T	3.26E-01	1.02E+00	3.60E-01	5.88E-01	3.47E-01	8.89E-01	4.31E-01	6.23E-01	1.46E+00	1.35E+00	5.96E-01	4.57E-01	1.04E+00	8.25E-01	6.27E-01	4.74E-01	1.29E+00	8.61E-01	4.26E-01
CPCT02100017T	1.23E+00	2.63E+00	1.27E+00	1.11E+00	1.11E+00	2.46E+00	7.80E-01	1.23E+00	1.65E+00	1.28E+00	1.42E+00	7.47E-01	2.02E+00	2.14E+00	1.07E+00	1.39E+00	1.46E+00	9.85E-01	4.41E-01
CPCT02100021T	8.95E-01	1.69E+00	9.64E-01	6.38E-01	9.96E-01	1.65E+00	9.83E-01	1.37E+00	2.26E+00	1.83E+00	1.88E+00	6.94E-01	1.06E+00	1.39E+00	7.56E-01	1.01E+00	9.36E-01	1.12E+00	4.73E-01
CPCT02020345T	6.29E-01	1.53E+00	4.99E-01	6.37E-01	9.60E-01	1.39E+00	6.98E-01	9.80E-01	1.15E+00	9.95E-01	8.12E-01	5.74E-01	8.71E-01	6.63E-01	5.49E-01	4.72E-01	1.04E+00	9.80E-01	0.00E+00
CPCT02020344T	6.61E-01	2.11E+00	9.83E-01	8.20E-01	7.55E-01	2.17E+00	9.02E-01	1.40E+00	1.01E+00	7.70E-01	1.35E+00	1.42E+00	1.14E+00	1.29E+00	9.67E-01	9.54E-01	1.37E+00	9.59E-01	3.10E-01
CPCT02020347T	7.05E-01	2.62E+00	3.17E-01	5.20E-01	5.89E-01	2.73E+00	8.69E-01	1.10E+00	1.07E+00	8.97E-01	1.22E+00	5.53E-01	9.48E-01	8.25E-01	1.01E+00	5.19E-01	1.72E+00	7.13E-01	2.75E-01
CPCT02100020T	8.83E-01	2.08E+00	7.86E-01	3.52E+00	3.25E+00	2.07E+00	8.96E-01	1.72E+00	2.29E+00	1.30E+00	2.56E+00	8.68E-01	4.02E+00	1.08E+00	7.94E-01	6.91E-01	1.76E+00	1.38E+00	6.57E-01
CPCT02100024T	9.02E-01	1.92E+00	1.17E+00	4.91E-01	9.56E-01	1.84E+00	1.01E+00	1.01E+00	1.04E+00	1.27E+00	1.36E+00	7.26E-01	1.50E+00	1.27E+00	7.91E-01	8.84E-01	1.58E+00	1.53E+00	5.00E-01
CPCT02100023T	9.09E-01	2.44E+00	9.99E-01	6.01E-01	1.24E+00	2.83E+00	8.46E-01	1.24E+00	1.65E+00	1.38E+00	1.43E+00	9.31E-01	1.11E+00	1.06E+00	9.24E-01	8.73E-01	1.69E+00	6.06E-01	6.17E-01
CPCT02080027T	6.42E-01	2.10E+00	6.43E-01	1.02E+00	7.86E-01	2.24E+00	5.31E-01	9.84E-01	9.95E-01	8.87E-01	1.57E+00	5.58E-01	1.19E+00	8.68E-01	7.40E-01	5.73E-01	1.06E+00	7.99E-01	5.44E-01
CPCT02160001T	6.37E-01	2.14E+00	7.37E-01	6.27E-01	8.11E-01	2.22E+00	7.46E-01	8.66E-01	9.23E-01	1.30E+00	1.20E+00	8.17E-01	8.22E-01	6.62E-01	9.62E-01	5.32E-01	1.34E+00	1.15E+00	5.38E-01
CPCT02160003T	3.40E+00	2.68E+00	4.13E+00	2.09E+01	1.17E+01	4.00E+00	2.37E+00	2.41E+00	1.19E+01	2.48E+00	3.41E+00	2.42E+00	2.37E+01	1.28E+00	1.99E+00	1.44E+00	6.26E+00	2.22E+00	1.12E+00
CPCT02160004T	2.70E+00	6.33E+00	2.55E+00	9.02E-01	1.12E+00	6.21E+00	1.33E+00	1.30E+00	1.41E+00	1.32E+00	2.09E+00	8.31E-01	1.78E+00	1.54E+00	9.78E-01	1.11E+00	2.70E+00	2.54E+00	6.59E-01
CPCT02030261T	1.06E+00	1.59E+00	1.17E+00	1.13E+00	1.63E+00	1.68E+00	1.47E+00	9.18E-01	2.67E+00	2.19E+00	1.03E+00	8.45E-01	1.50E+00	1.29E+00	9.07E-01	1.12E+00	1.73E+00	1.31E+00	3.76E-01
CPCT02040035T	8.06E-01	1.27E+00	6.75E-01	2.72E-01	6.52E-01	1.44E+00	6.05E-01	7.88E-01	1.15E+00	8.99E-01	1.17E+00	5.94E-01	1.23E+00	1.12E+00	4.39E-01	6.66E-01	1.19E+00	9.88E-01	6.37E-01
CPCT02160005T	7.79E-01	1.46E+00	9.77E-01	9.83E-01	1.43E+00	9.06E-01	1.01E+00	1.03E+00	2.43E+00	2.07E+00	1.14E+00	9.75E-01	1.35E+00	1.03E+00	1.00E+00	7.60E-01	1.30E+00	9.89E-01	6.03E-01
CPCT02100027T	8.71E-01	1.38E+00	9.10E-01	3.81E-01	6.35E-01	1.25E+00	6.38E-01	5.95E-01	8.75E-01	9.89E-01	8.01E-01	5.51E-01	7.51E-01	7.71E-01	5.75E-01	5.85E-01	1.63E+00	5.58E-01	3.21E-01
CPCT02010401T	5.53E-01	1.67E+00	5.55E-01	7.70E-01	8.79E-01	1.74E+00	5.29E-01	8.99E-01	8.20E-01	7.35E-01	9.89E-01	4.26E-01	1.00E+00	1.01E+00	5.30E-01	8.05E-01	1.34E+00	1.14E+00	3.14E-01
CPCT02030265T	6.23E-01	1.47E+00	6.41E-01	4.06E-01	5.09E-01	1.57E+00	6.13E-01	6.08E-01	6.08E-01	8.02E-01	9.54E-01	7.52E-01	8.03E-01	8.05E-01	8.65E-01	6.12E-01	1.17E+00	7.24E-01	2.70E-01
CPCT02080031T	1.99E-01	1.24E+00	2.18E-01	3.26E-01	8.41E-01	1.40E+00	5.46E-01	1.11E+00	1.09E+00	7.77E-01	7.09E-01	4.86E-01	8.16E-01	7.12E-01	3.94E-01	4.67E-01	1.19E+00	7.04E-01	3.08E-01
CPCT02030264T	3.01E-01	9.64E-01	2.85E-01	3.50E-01	3.69E-01	1.27E+00	3.08E-01	6.45E-01	7.98E-01	8.64E-01	8.51E-01	3.81E-01	9.39E-01	6.47E-01	6.43E-01	6.24E-01	1.35E+00	7.28E-01	3.42E-01
CPCT02100028T	6.68E-01	1.38E+00	6.85E-01	7.30E-01	3.25E-01	1.40E+00	9.47E-01	6.42E-01	5.93E-01	1.40E+00	9.05E-01	5.59E-01	8.00E-01	7.18E-01	7.68E-01	5.44E-01	1.35E+00	9.29E-01	3.88E-01
CPCT02100029T	1.03E+00	1.73E+00	1.25E+00	9.40E-01	1.42E+00	2.11E+00	1.03E+00	1.08E+00	1.81E+00	1.45E+00	1.31E+00	7.63E-01	1.48E+00	1.39E+00	1.26E+00	1.03E+00	1.36E+00	1.29E+00	3.81E-01
CPCT02020371T	7.26E-01	1.47E+00	6.53E-01	7.49E-01	9.31E-01	1.61E+00	9.07E-01	7.37E-01	2.09E+00	1.88E+00	1.04E+00	8.27E-01	9.16E-01	8.88E-01	8.01E-01	8.16E-01	1.17E+00	8.86E-01	3.85E-01
CPCT02020369T	1.16E+00	2.25E+00	2.70E+00	1.49E+01	7.02E+00	2.30E+00	1.37E+00	1.18E+00	8.17E+00	2.59E+00	2.10E+00	1.50E+00	1.68E+01	5.69E-01	1.43E+00	9.05E-01	4.19E+00	1.87E+00	8.03E-01
CPCT02040036T	6.79E-01	2.28E+00	7.31E-01	1.36E+00	1.32E+00	2.41E+00	1.53E+00	1.27E+00	1.33E+00	1.98E+00	1.99E+00	1.02E+00	1.75E+00	1.02E+00	1.18E+00	9.62E-01	1.38E+00	8.16E-01	6.93E-01
CPCT02080036T	1.44E+00	1.91E+00	1.59E+00	2.10E+00	3.62E+00	2.34E+00	1.89E+00	1.17E+00	1.28E+01	1.19E+01	2.46E+00	1.60E+00	3.75E+00	2.11E+00	1.94E+00	2.22E+00	5.29E+00	3.08E+00	6.18E-01
CPCT02030271T	1.80E+00	4.08E+00	1.96E+00	1.42E+00	9.78E-01	4.25E+00	1.08E+00	1.62E+00	1.66E+00	1.28E+00	1.48E+00	6.89E-01	1.74E+00	1.26E+00	8.18E-01	7.14E-01	1.98E+00	1.26E+00	9.14E-01
CPCT02020377T	6.48E-01	7.46E-01	4.76E-01	9.15E-01	9.93E-01	9.14E-01	5.71E-01	7.90E-01	2.54E+00	2.15E+00	5.07E-01	5.53E-01	1.08E+00	9.55E-01	8.97E-01	1.02E+00	8.98E-01	6.26E-01	5.38E-01
CPCT02030274T	8.19E-01	2.06E+00	9.14E-01	5.54E-01	7.06E-01	2.43E+00	4.18E-01	8.79E-01	1.70E+00	1.25E+00	1.23E+00	5.65E-01	1.31E+00	1.01E+00	5.53E-01	9.12E-01	1.63E+00	1.26E+00	4.27E-01
CPCT02010419T	1.64E+00	1.88E+00	2.80E+00	1.47E+01	7.71E+00	2.28E+00	2.36E+00	1.70E+00	8.98E+00	1.40E+00	2.06E+00	1.29E+00	1.76E+01	1.58E+00	1.54E+00	8.64E-01	4.61E+00	3.17E+00	5.81E-01
CPCT02050053T	1.86E+00	3.50E+00	1.74E+00	1.22E+00	1.00E+00	3.51E+00	9.81E-01	1.34E+00	1.45E+00	1.28E+00	1.70E+00	1.12E+00	1.60E+00	1.35E+00	8.84E-01	1.04E+00	1.72E+00	1.58E+00	6.73E-01
CPCT02050060T	1.49E+00	3.91E+00	1.08E+00	6.93E-01	9.02E-01	3.96E+00	7.69E-01	8.82E-01	1.73E+00	1.66E+00	1.28E+00	6.20E-01	1.45E+00	1.06E+00	8.02E-01	8.35E-01	2.11E+00	1.06E+00	3.69E-01
CPCT02030276T	8.64E-01	2.39E+00	8.12E-01	1.06E+00	1.18E+00	2.64E+00	7.97E-01	1.13E+00	2.01E+00	1.75E+00	1.46E+00	6.27E-01	1.34E+00	1.45E+00	7.54E-01	1.11E+00	1.92E+00	1.76E+00	4.42E-01
CPCT02020382T	1.12E+00	2.05E+00	2.56E+00	1.51E+01	7.76E+00	2.42E+00	1.55E+00	1.28E+00	8.06E+00	2.73E+00	1.58E+00	1.50E+00	1.75E+01	1.84E+00	1.53E+00	9.47E-01	4.72E+00	1.70E+00	6.50E-01
CPCT02020385T	2.36E+00	4.16E+00	2.03E+00	4.05E+00	2.48E+00	4.31E+00	1.81E+00	1.16E+00	2.92E+00	2.15E+00	1.66E+00	1.30E+00	4.46E+00	2.00E+00	1.23E+00	1.65E+00	2.01E+00	1.26E+00	1.36E+00
CPCT02190002T	7.70E-01	1.65E+00	7.60E-01	8.03E-01	1.07E+00	1.59E+00	7.80E-01	5.47E-01	1.21E+00	1.14E+00	8.45E-01	6.61E-01	9.08E-01	1.01E+00	6.57E-01	7.83E-01	1.18E+00	1.28E+00	3.49E-01
CPCT02080039T	7.79E-01	2.22E+00	8.92E-01	7.89E-01	1.71E+00	2.59E+00	1.21E+00	1.01E+00	2.45E+00	1.96E+00	1.16E+00	7.63E-01	1.37E+00	8.78E-01	8.03E-01	9.74E-01	1.48E+00	1.16E+00	4.45E-01
CPCT02040047T	1.42E+00	5.21E+00	1.53E+00	1.32E+00	1.31E+00	5.03E+00	9.91E-01	1.17E+00	1.84E+00	1.48E+00	1.93E+00	1.49E+00	2.09E+00	1.39E+00	1.12E+00	1.23E+00	2.70E+00	1.61E+00	7.30E-01
CPCT02080047T	9.79E-01	3.01E+00	1.07E+00	1.09E+00	1.48E+00	3.14E+00	1.15E+00	1.20E+00	1.88E+00	1.57E+00	1.61E+00	6.09E-01	1.23E+00	1.56E+00	1.06E+00	9.71E-01	1.55E+00	1.25E+00	1.54E+00
CPCT02010422T	1.25E+00	3.44E+00	2.41E+00	1.15E+01	5.49E+00	3.27E+00	1.71E+00	2.07E+00	6.45E+00	3.28E+00	2.76E+00	1.40E+00	1.45E+01	1.81E+00	1.16E+00	1.14E+00	4.05E+00	2.37E+00	5.64E-01
CPCT02060011T	1.36E+00	2.03E+00	1.06E+00	6.67E-01	8.44E-01	2.24E+00	5.47E-01	9.22E-01	1.06E+00	1.17E+00	1.34E+00	7.67E-01	1.57E+00	9.75E-01	7.87E-01	8.82E-01	1.32E+00	1.08E+00	2.42E-01
CPCT02010434T	9.04E-01	2.27E+00	1.15E+00	9.84E-01	1.61E+00	2.70E+00	1.10E+00	7.85E-01	3.25E+00	2.82E+00	1.14E+00	1.02E+00	1.76E+00	7.88E-01	1.12E+00	6.90E-01	1.55E+00	1.27E+00	3.07E-01
CPCT02080049T	1.98E+00	3.40E+00	1.17E+00	8.95E-01	8.43E-01	4.16E+00	1.18E+00	1.25E+00	1.49E+00	1.11E+00	1.94E+00	7.61E-01	1.75E+00	1.66E+00	6.37E-01	1.13E+00	1.63E+00	9.06E-01	3.77E-01
CPCT02020401T	1.57E+00	4.89E+00	2.01E+00	1.21E+00	2.68E+00	4.99E+00	1.04E+00	1.30E+00	2.93E+00	1.53E+00	2.40E+00	9.54E-01	2.56E+00	1.34E+00	1.10E+00	1.21E+00	4.96E+00	4.18E+00	4.59E-01
CPCT02160008T	4.50E-01	6.44E-01	4.07E-01	2.98E-01	3.77E-01	5.41E-01	2.28E-01	5.95E-01	5.43E-01	2.93E-01	7.42E-01	2.02E-01	5.99E-01	5.93E-01	4.95E-01	4.84E-01	6.11E-01	5.45E-01	0.00E+00
CPCT02040055T	1.29E+00	2.72E+00	8.67E-01	1.50E+00	2.04E+00	3.05E+00	2.21E+00	1.15E+00	4.68E+00	4.41E+00	1.47E+00	1.13E+00	2.04E+00	1.25E+00	1.28E+00	1.08E+00	1.64E+00	9.96E-01	5.72E-01
CPCT02160012T	1.39E+00	1.61E+00	1.15E+00	1.61E+00	1.13E+00	1.76E+00	1.19E+00	1.20E+00	1.75E+00	1.43E+00	1.13E+00	1.03E+00	1.91E+00	1.60E+00	8.57E-01	1.13E+00	1.87E+00	1.32E+00	5.07E-01
CPCT02030289T	2.27E+00	7.05E+00	2.68E+00	1.24E+00	1.41E+00	7.58E+00	1.64E+00	1.16E+00	4.57E+00	3.62E+00	1.84E+00	2.28E+00	2.24E+00	1.28E+00	1.49E+00	1.24E+00	2.83E+00	1.87E+00	5.19E-01
CPCT02050071T	8.48E-01	1.64E+00	9.32E-01	6.40E-01	7.81E-01	1.81E+00	5.37E-01	9.91E-01	1.17E+00	1.32E+00	1.43E+00	7.20E-01	1.19E+00	1.35E+00	8.17E-02	8.65E-01	1.31E+00	1.10E+00	0.00E+00
CPCT02050074T	7.47E-01	1.87E+00	9.79E-01	5.55E-01	6.01E-01	1.95E+00	5.13E-01	9.34E-01	9.25E-01	9.86E-01	1.25E+00	6.71E-01	1.23E+00	9.40E-01	6.28E-01	5.84E-01	1.20E+00	9.46E-01	4.73E-01
CPCT02050082T	5.17E-01	1.58E+00	6.82E-01	3.52E-01	8.59E-01	1.53E+00	4.58E-01	9.80E-01	9.14E-01	7.52E-01	1.14E+00	3.69E-01	6.68E-01	6.33E-01	4.95E-01	6.87E-01	1.12E+00	9.93E-01	4.05E-01
CPCT02080053T	2.52E-01	1.82E+00	3.13E-01	6.84E-01	7.25E-01	1.83E+00	6.15E-01	8.33E-01	9.24E-01	8.22E-01	8.71E-01	7.16E-01	7.83E-01	6.64E-01	7.21E-01	6.83E-01	9.12E-01	7.74E-01	4.04E-01
CPCT02300001T	5.60E-01	2.42E+00	8.52E-01	5.32E-01	7.17E-01	2.52E+00	4.89E-01	6.15E-01	1.67E+00	1.34E+00	9.04E-01	3.76E-01	1.14E+00	6.58E-01	6.17E-01	7.88E-01	1.27E+00	8.37E-01	2.59E-01
CPCT02010382TII	4.53E-01	9.78E-01	4.51E-01	2.32E-01	3.46E-01	9.29E-01	4.18E-01	5.16E-01	7.24E-01	7.04E-01	7.44E-01	4.25E-01	6.05E-01	5.31E-01	4.59E-01	5.36E-01	6.45E-01	8.05E-01	0.00E+00
CPCT02340049T	1.66E+00	3.07E+00	1.35E+00	1.90E+00	1.59E+00	3.83E+00	8.19E-01	1.46E+00	2.12E+00	1.62E+00	1.53E+00	7.37E-01	2.38E+00	1.15E+00	1.01E+00	8.82E-01	1.65E+00	1.15E+00	9.77E-01
CPCT02160058T	1.16E+00	1.92E+00	1.93E+00	6.90E-01	1.03E+00	2.07E+00	2.06E+00	9.62E-01	1.72E+00	2.37E+00	1.66E+00	1.28E+00	1.78E+00	1.50E+00	1.24E+00	1.07E+00	1.74E+00	1.60E+00	7.86E-01
CPCT02010720T	2.98E-01	1.19E+00	2.68E-01	2.03E-01	6.76E-01	1.18E+00	3.44E-01	1.02E+00	7.64E-01	5.89E-01	7.28E-01	3.25E-01	7.01E-01	8.42E-01	4.77E-01	6.94E-01	7.92E-01	3.40E-01	3.47E-01
CPCT02470003T	6.29E-01	1.34E+00	5.98E-01	5.56E-01	5.13E-01	1.42E+00	5.61E-01	5.37E-01	1.07E+00	9.41E-01	9.45E-01	4.51E-01	8.59E-01	5.33E-01	4.69E-01	5.55E-01	8.97E-01	6.15E-01	3.73E-01
CPCT02210076T	1.16E+00	3.16E+00	1.09E+00	8.73E-01	1.03E+00	3.83E+00	8.77E-01	1.24E+00	1.14E+00	1.23E+00	1.72E+00	5.95E-01	1.44E+00	1.26E+00	7.83E-01	7.39E-01	1.34E+00	9.59E-01	4.65E-01
CPCT02120087T	1.24E+00	1.43E+00	1.70E+00	1.22E+00	1.03E+00	1.57E+00	9.11E-01	1.12E+00	1.50E+00	1.24E+00	1.22E+00	6.61E-01	1.56E+00	1.75E+00	5.55E-01	1.32E+00	1.35E+00	8.78E-01	8.40E-01
CPCT02030447T	7.75E-01	1.57E+00	8.70E-01	1.45E+00	2.35E+00	1.55E+00	1.08E+00	3.28E+00	4.17E+00	2.41E+00	2.16E+00	1.03E+00	1.82E+00	1.31E+00	1.30E+00	1.20E+00	2.21E+00	1.41E+00	7.58E-01
CPCT02011013T	9.62E-01	1.52E+00	7.33E-01	9.87E-01	1.05E+00	1.41E+00	8.46E-01	1.39E+00	1.52E+00	1.59E+00	2.20E+00	1.09E+00	1.41E+00	1.19E+00	1.03E+00	9.53E-01	1.35E+00	1.08E+00	7.02E-01
DRUP01120002T	1.82E+00	3.03E+00	1.73E+00	8.15E-01	8.42E-01	3.03E+00	9.42E-01	1.95E+00	1.75E+00	1.49E+00	3.05E+00	1.26E+00	2.26E+00	2.35E+00	9.70E-01	1.68E+00	2.22E+00	1.37E+00	2.45E+00
CPCT02230120T	6.80E-01	1.70E+00	8.79E-01	5.21E-01	5.77E-01	1.96E+00	5.04E-01	5.03E-01	8.25E-01	8.01E-01	8.51E-01	4.89E-01	8.50E-01	8.79E-01	4.66E-01	7.19E-01	1.22E+00	1.21E+00	5.65E-01
CPCT02070424T	1.31E+00	3.12E+00	1.59E+00	4.37E-01	6.38E-01	3.16E+00	7.12E-01	7.18E-01	1.04E+00	1.24E+00	1.15E+00	8.13E-01	1.56E+00	1.26E+00	8.34E-01	6.87E-01	1.67E+00	1.22E+00	5.44E-01
CPCT02011030T	8.00E-01	1.85E+00	9.99E-01	4.92E-01	5.60E-01	2.27E+00	8.56E-01	6.28E-01	8.76E-01	8.51E-01	1.03E+00	5.60E-01	1.04E+00	9.89E-01	5.07E-01	5.85E-01	9.68E-01	5.94E-01	4.49E-01
CPCT02180050T	9.19E-01	2.33E+00	8.08E-01	6.34E-01	9.59E-01	3.18E+00	4.66E-01	1.34E+00	1.31E+00	9.67E-01	1.05E+00	5.29E-01	2.00E+00	8.78E-01	3.93E-01	5.03E-01	1.28E+00	1.24E+00	5.57E-01
CPCT02460005T	6.77E-01	1.45E+00	1.34E+00	5.72E+00	4.86E+00	2.07E+00	9.18E-01	1.30E+00	4.13E+00	1.11E+00	1.70E+00	9.41E-01	7.02E+00	8.83E-01	7.48E-01	7.13E-01	2.37E+00	6.54E-01	6.36E-01
CPCT02030448T	7.42E-01	1.16E+00	5.75E-01	9.80E-01	6.14E-01	1.09E+00	1.05E+00	1.06E+00	1.03E+00	1.30E+00	1.59E+00	6.81E-01	1.40E+00	1.23E+00	8.93E-01	8.93E-01	7.33E-01	6.74E-01	3.18E-01
CPCT02010726T	5.32E-01	1.86E+00	2.98E-01	5.22E-01	6.62E-01	2.19E+00	5.63E-01	6.59E-01	9.99E-01	8.36E-01	8.57E-01	5.11E-01	1.20E+00	9.94E-01	5.51E-01	5.91E-01	1.53E+00	8.18E-01	2.89E-01
CPCT02380034T	4.61E-01	1.34E+00	6.31E-01	5.81E-01	8.25E-01	1.59E+00	1.15E+00	1.03E+00	1.23E+00	1.30E+00	1.29E+00	5.50E-01	9.97E-01	1.13E+00	7.68E-01	8.56E-01	1.29E+00	9.48E-01	3.94E-01
CPCT02080285T	5.87E-01	1.36E+00	8.69E-01	7.66E-01	1.06E+00	1.71E+00	6.98E-01	6.76E-01	1.06E+00	1.22E+00	8.68E-01	9.55E-01	1.22E+00	1.11E+00	7.84E-01	8.86E-01	1.58E+00	1.12E+00	6.55E-01
CPCT02030337TII	1.03E+00	2.55E+00	9.06E-01	7.34E-01	1.21E+00	3.60E+00	8.27E-01	1.60E+00	3.04E+00	2.24E+00	3.19E+00	1.16E+00	3.65E+00	1.03E+00	9.38E-01	1.06E+00	4.29E+00	1.26E+00	3.82E+00
CPCT02380035T	1.28E+02	6.64E+01	1.36E+02	1.67E+00	2.45E+00	9.23E+01	3.21E+01	4.64E+00	8.46E+01	5.25E+00	2.45E+01	3.60E+00	5.65E+01	8.78E+00	3.54E+00	5.93E+00	5.75E+01	2.00E+00	3.67E+00
CPCT02010721T	7.24E-01	1.60E+00	9.53E-01	3.60E-01	5.65E-01	1.74E+00	4.82E-01	7.09E-01	8.92E-01	8.67E-01	8.99E-01	6.00E-01	9.32E-01	9.20E-01	6.43E-01	8.03E-01	1.07E+00	1.00E+00	4.23E-01
CPCT02440021T	7.64E-01	1.87E+00	8.55E-01	6.10E-01	6.90E-01	2.17E+00	7.70E-01	4.41E-01	1.25E+00	1.26E+00	9.54E-01	7.50E-01	8.93E-01	9.81E-01	6.85E-01	7.18E-01	1.39E+00	1.45E+00	5.53E-01
CPCT02080288T	3.27E-01	1.41E+00	4.59E-01	4.45E-01	5.78E-01	1.69E+00	4.43E-01	5.16E-01	7.01E-01	7.91E-01	8.96E-01	4.20E-01	8.02E-01	6.65E-01	5.56E-01	4.07E-01	7.03E-01	7.92E-01	4.01E-01
CPCT02120179T	5.29E-01	1.37E+00	7.20E-01	6.45E-01	5.55E-01	1.35E+00	4.70E-01	6.87E-01	1.21E+00	1.10E+00	8.64E-01	4.55E-01	7.01E-01	9.22E-01	6.18E-01	6.45E-01	1.18E+00	9.46E-01	0.00E+00
CPCT02060279T	1.06E+00	9.08E-01	1.33E+00	1.14E+00	9.33E-01	9.55E-01	8.22E-01	5.46E-01	1.42E+00	1.15E+00	6.94E-01	6.44E-01	1.49E+00	1.90E+00	1.02E+00	1.23E+00	1.55E+00	8.20E-01	5.71E-01
CPCT02020898T	4.63E-01	1.35E+00	3.44E-01	4.78E-01	6.04E-01	1.52E+00	6.05E-01	6.69E-01	1.11E+00	9.47E-01	1.45E+00	4.91E-01	9.26E-01	9.27E-01	5.41E-01	6.59E-01	1.07E+00	8.36E-01	6.55E-01
CPCT02040307T	1.34E+00	2.04E+00	8.66E-01	1.04E+00	1.41E+00	2.00E+00	7.73E-01	1.05E+00	2.10E+00	2.11E+00	1.54E+00	6.96E-01	2.86E+00	2.44E+00	5.72E-01	1.44E+00	2.16E+00	5.15E-01	7.38E-01
DRUP01110007T	1.01E+00	2.15E+00	1.06E+00	1.04E+00	2.93E-01	1.88E+00	8.97E-01	1.62E+00	2.52E+00	1.83E+00	3.26E+00	1.79E+00	2.06E+00	2.02E+00	9.80E-01	1.51E+00	2.45E+00	1.20E+00	2.21E+00
CPCT02080290T	8.64E-01	1.97E+00	1.19E+00	8.17E-01	1.24E+00	2.26E+00	7.82E-01	1.15E+00	1.62E+00	1.42E+00	2.24E+00	8.94E-01	1.94E+00	7.53E-01	8.21E-01	8.95E-01	2.25E+00	1.59E+00	2.12E+00
CPCT02020664T	8.81E-01	1.76E+00	5.44E-01	4.85E-01	8.50E-01	2.00E+00	7.53E-01	9.75E-01	1.55E+00	1.52E+00	1.26E+00	1.14E+00	1.00E+00	1.33E+00	8.13E-01	9.05E-01	1.38E+00	1.17E+00	5.96E-01
CPCT02210039T	1.48E+00	3.73E+00	1.04E+00	1.63E+00	1.83E+00	3.15E+00	1.33E+00	1.55E+00	1.40E+00	2.14E+00	2.21E+00	1.11E+00	1.66E+00	5.58E-01	1.25E+00	1.00E+00	1.33E+00	1.39E+00	3.38E+00
CPCT02390038T	8.66E-01	3.12E+00	1.34E+00	9.55E-01	6.83E-01	2.99E+00	9.99E-01	8.48E-01	1.03E+00	1.08E+00	1.37E+00	8.03E-01	1.08E+00	1.13E+00	8.04E-01	8.81E-01	1.13E+00	1.05E+00	4.62E-01
CPCT02150040T	1.53E-01	3.82E+00	6.88E-01	4.20E-01	5.45E-01	3.70E+00	4.33E-01	8.08E-01	6.03E-01	5.68E-01	1.24E+00	4.46E-01	6.16E-01	7.16E-01	4.76E-01	3.58E-01	1.01E+00	8.44E-01	3.22E-01
CPCT02010708T	1.24E+00	1.27E+00	7.64E-01	2.67E+00	3.75E+00	1.53E+00	1.96E+00	1.58E+00	3.65E+00	2.19E+00	1.02E+00	1.12E+00	2.95E+00	6.43E-01	1.06E+00	3.06E-01	1.36E+00	1.01E+00	7.03E-01
CPCT02140044T	1.61E+00	2.03E+00	1.63E+00	1.45E+00	8.79E-01	1.95E+00	1.27E+00	8.17E-01	1.34E+00	1.35E+00	1.19E+00	1.08E+00	1.81E+00	1.30E+00	1.11E+00	1.28E+00	1.43E+00	1.13E+00	6.86E-01
CPCT02110050T	6.96E-01	1.64E+00	8.17E-01	3.41E-01	9.43E-01	1.58E+00	7.91E-01	1.10E+00	1.40E+00	1.19E+00	1.39E+00	1.39E+00	1.30E+00	1.02E+00	1.05E+00	8.13E-01	1.64E+00	1.17E+00	3.91E-01
CPCT02080183T	7.19E-01	1.48E+00	7.65E-01	9.70E-01	9.84E-01	1.50E+00	5.89E-01	9.43E-01	1.39E+00	1.11E+00	1.28E+00	4.85E-01	1.13E+00	1.15E+00	3.14E-01	7.78E-01	1.28E+00	1.09E+00	4.98E-01
CPCT02100195T	6.52E-01	1.45E+00	8.35E-01	2.26E-01	6.00E-01	1.44E+00	6.66E-01	7.89E-01	1.75E+00	1.36E+00	1.26E+00	4.42E-01	1.24E+00	1.23E+00	5.13E-01	7.71E-01	1.03E+00	7.11E-01	3.89E-01
DRUP01010065T	1.33E+00	2.19E+00	1.97E+00	3.94E+00	5.95E+00	2.22E+00	5.95E-01	2.03E+00	5.00E+00	1.99E+00	2.02E+00	1.35E+00	4.89E+00	1.46E+00	9.80E-01	9.86E-01	2.63E+00	1.50E+00	6.52E-01
CPCT02080184T	8.99E-01	1.35E+00	1.46E+00	7.11E+00	3.96E+00	1.33E+00	1.01E+00	1.08E+00	4.10E+00	1.55E+00	1.22E+00	9.34E-01	8.24E+00	1.20E+00	1.07E+00	9.24E-01	2.13E+00	1.39E+00	7.35E-01
CPCT02090034T	1.03E+00	4.56E+00	1.42E+00	6.53E-01	1.16E+00	4.72E+00	8.62E-01	1.59E+00	1.87E+00	1.42E+00	1.28E+00	5.12E-01	1.45E+00	1.65E+00	8.49E-01	1.17E+00	2.01E+00	1.25E+00	3.44E-01
CPCT02230124T	9.37E-01	2.84E+00	1.07E+00	6.37E-01	8.99E-01	2.77E+00	7.77E-01	7.00E-01	1.21E+00	1.01E+00	1.06E+00	6.80E-01	1.17E+00	1.13E+00	1.00E+00	7.59E-01	1.79E+00	1.32E+00	7.01E-01
CPCT02030451T	9.09E-01	6.36E-01	5.82E-01	1.03E+00	1.70E+00	1.32E+00	1.31E+00	7.94E-01	4.79E+00	3.81E+00	1.18E+00	8.35E-01	1.85E+00	1.96E+00	1.21E+00	1.65E+00	1.90E+00	1.40E+00	2.17E-01
CPCT02310006T	7.08E-01	1.71E+00	7.56E-01	6.73E-01	1.35E+00	1.74E+00	4.40E-01	1.48E+00	1.47E+00	1.17E+00	1.47E+00	4.61E-01	1.13E+00	8.05E-01	5.86E-01	6.53E-01	1.48E+00	1.16E+00	4.79E-01
DRUP01050018T	1.96E+00	4.34E+00	2.41E+00	1.10E+00	1.58E+00	4.98E+00	1.31E+00	1.81E+00	2.83E+00	1.88E+00	2.34E+00	1.22E+00	2.24E+00	2.52E+00	1.06E+00	1.94E+00	2.33E+00	2.38E+00	1.08E+00
CPCT02340066TIII	1.39E+00	4.13E+00	1.30E+00	1.81E+00	2.53E+00	5.12E+00	1.52E+00	1.58E+00	6.78E+00	5.78E+00	3.66E+00	1.24E+00	3.82E+00	1.74E+00	1.70E+00	1.46E+00	3.71E+00	9.18E-01	3.72E+00
CPCT02390010T	5.50E-01	1.40E+00	6.48E-01	9.17E-01	1.07E+00	2.18E+00	7.37E-01	1.06E+00	1.17E+00	1.16E+00	1.09E+00	5.29E-01	1.30E+00	9.31E-01	6.57E-01	8.25E-01	1.02E+00	9.39E-01	0.00E+00
CPCT02120099T	6.23E-01	1.79E+00	8.56E-02	4.60E-01	7.68E-01	1.98E+00	5.12E-01	7.53E-01	1.66E+00	1.49E+00	8.10E-01	5.51E-01	8.19E-01	7.83E-01	2.09E-01	8.81E-01	9.95E-01	7.58E-01	4.39E-01
CPCT02390040T	1.09E+00	2.53E+00	7.59E-01	3.82E-01	4.56E-01	2.34E+00	5.13E-01	6.52E-01	7.76E-01	8.85E-01	8.61E-01	5.02E-01	8.20E-01	7.71E-01	4.94E-01	6.21E-01	1.03E+00	7.05E-01	5.36E-01
CPCT02460001T	1.36E+00	2.56E+00	2.08E+00	7.68E+00	1.04E+01	2.52E+00	2.34E+00	1.70E+00	1.49E+01	1.39E+01	2.93E+00	2.29E+00	1.14E+01	1.71E+00	2.09E+00	2.32E+00	5.85E+00	2.20E+00	2.07E+00
CPCT02200005T	6.07E+01	2.47E+01	6.63E+01	3.00E-01	2.22E-01	4.16E+01	8.43E+00	1.79E+00	2.01E+01	2.76E+00	6.62E+00	1.73E+00	1.38E+01	1.59E+00	1.69E+00	1.23E+00	1.38E+01	1.13E+00	6.46E-01
CPCT02320008T	9.62E-01	2.73E+00	1.41E+00	4.64E-01	5.79E-01	2.84E+00	9.24E-01	9.44E-01	1.16E+00	1.21E+00	1.58E+00	1.39E+00	1.74E+00	1.45E+00	1.07E+00	9.45E-01	2.52E+00	2.17E+00	7.31E-01
DRUP01220006T	8.07E-01	2.48E+00	8.15E-01	6.94E-01	7.72E-01	3.36E+00	7.98E-01	1.04E+00	2.12E+00	2.34E+00	2.88E+00	1.14E+00	2.85E+00	1.12E+00	1.51E+00	7.96E-01	3.96E+00	9.80E-01	3.30E+00
CPCT02300032T	1.20E+00	3.49E+00	1.16E+00	4.96E-01	9.44E-01	4.21E+00	1.00E+00	1.30E+00	1.39E+00	1.54E+00	1.67E+00	7.13E-01	1.68E+00	1.03E+00	1.03E+00	7.28E-01	1.46E+00	9.22E-01	6.63E-01
CPCT02380037T	4.01E-01	1.77E+00	6.85E-01	8.13E-01	1.08E+00	2.19E+00	6.81E-01	1.31E+00	1.00E+00	9.54E-01	1.74E+00	5.02E-01	1.38E+00	6.62E-01	6.23E-01	5.86E-01	1.32E+00	1.66E+00	3.87E-01
CPCT02330076T	6.06E+02	1.39E+02	4.64E+02	2.93E+00	4.75E+00	3.51E+02	3.27E+02	1.56E+01	1.42E+02	1.82E+01	5.18E+01	1.22E+01	1.91E+02	1.20E+01	7.19E-01	2.39E+01	1.20E+02	2.93E+00	6.03E+00
CPCT02011058T	1.85E+00	4.59E+00	1.86E+00	1.35E+00	2.30E+00	4.84E+00	3.42E+00	1.18E+00	5.49E+00	4.38E+00	1.75E+00	1.80E+00	2.80E+00	1.50E+00	2.33E+00	1.56E+00	2.27E+00	1.32E+00	1.31E+00
CPCT02080296T	1.32E+00	2.09E+00	2.53E+00	1.08E+01	4.88E+00	2.22E+00	2.01E+00	2.18E+00	5.88E+00	2.63E+00	3.25E+00	1.48E+00	1.23E+01	1.58E+00	1.47E+00	1.17E+00	3.61E+00	2.12E+00	6.76E-01
CPCT02150046T	1.74E+00	8.78E+00	1.54E+00	1.15E+00	8.57E-01	1.03E+01	1.28E+00	1.11E+00	2.09E+00	1.56E+00	1.79E+00	8.03E-01	3.51E+00	1.14E+00	7.52E-01	9.52E-01	2.47E+00	1.67E+00	4.26E-01
CPCT02230126T	5.92E-01	1.04E+00	7.60E-01	1.37E+00	1.60E+00	1.17E+00	4.76E-01	7.32E-01	1.21E+00	1.08E+00	1.26E+00	8.22E-01	1.49E+00	1.25E+00	7.68E-01	1.14E+00	1.46E+00	1.42E+00	4.84E-01
CPCT02180052T	5.10E-01	1.33E+00	6.83E-01	5.95E-01	9.50E-01	1.57E+00	6.19E-01	1.07E+00	1.11E+00	9.53E-01	1.11E+00	5.16E-01	1.09E+00	8.77E-01	4.10E-01	7.01E-01	1.05E+00	8.60E-01	2.13E-01
CPCT02180053T	2.95E+00	2.23E+00	3.36E+00	7.81E+00	3.76E+00	2.33E+00	1.61E+00	1.96E+00	4.59E+00	2.09E+00	1.97E+00	1.55E+00	8.26E+00	1.82E+00	1.21E+00	1.31E+00	2.43E+00	1.30E+00	4.22E-01
CPCT02340110T	1.07E+00	1.55E+00	1.89E+00	9.99E+00	6.16E+00	1.65E+00	1.42E+00	1.36E+00	6.06E+00	3.39E+00	1.87E+00	1.45E+00	1.15E+01	1.76E+00	1.36E+00	1.12E+00	3.80E+00	1.17E+00	8.91E-01
CPCT02230125T	4.33E-01	1.35E+00	8.18E-01	4.34E-01	4.53E-01	1.57E+00	7.57E-01	1.01E+00	1.15E+00	1.12E+00	1.17E+00	5.48E-01	1.06E+00	8.04E-01	7.72E-01	5.07E-01	1.50E+00	1.37E+00	5.17E-01
CPCT02390015T	1.59E+00	3.31E+00	1.52E+00	4.10E-01	3.34E-01	4.07E+00	9.67E-01	1.57E+00	1.14E+00	1.42E+00	2.33E+00	2.15E+00	1.26E+00	7.19E-01	9.30E-01	8.00E-01	1.79E+00	1.78E+00	0.00E+00
CPCT02380036T	1.21E+00	2.00E+00	1.05E+00	7.65E-01	1.05E+00	2.17E+00	1.48E+00	1.22E+00	1.49E+00	1.54E+00	1.36E+00	1.04E+00	1.44E+00	1.25E+00	8.77E-01	1.05E+00	1.71E+00	1.34E+00	3.10E-01
CPCT02050309T	6.46E-01	1.48E+00	1.05E+00	6.51E-01	7.90E-01	1.51E+00	1.00E+00	9.82E-01	1.27E+00	1.21E+00	1.15E+00	6.57E-01	1.00E+00	7.23E-01	8.76E-01	3.98E-01	1.11E+00	8.73E-01	3.84E-01
CPCT02110056T	9.88E-01	1.80E+00	1.13E+00	7.27E-01	9.91E-01	1.95E+00	1.26E+00	1.27E+00	1.34E+00	1.40E+00	1.59E+00	7.04E-01	1.46E+00	1.75E+00	9.20E-01	9.95E-01	1.54E+00	1.28E+00	5.98E-01
CPCT02390001TII	1.16E+00	5.19E+00	1.30E+00	7.26E-01	4.71E-01	5.96E+00	1.08E+00	1.29E+00	2.44E+00	2.29E+00	2.55E+00	7.89E-01	3.14E+00	5.45E-01	1.01E+00	8.60E-01	4.01E+00	9.46E-01	3.01E+00
CPCT02160037T	1.40E+00	2.58E+00	2.02E+00	9.25E+00	6.56E+00	3.22E+00	1.84E+00	1.81E+00	6.03E+00	1.67E+00	2.70E+00	1.44E+00	1.07E+01	1.39E+00	1.40E+00	1.06E+00	3.48E+00	1.65E+00	6.74E-01
CPCT02120183T	1.38E+00	3.39E+00	1.62E+00	1.47E+00	2.04E+00	3.96E+00	1.89E+00	7.82E-01	4.36E+00	3.60E+00	1.66E+00	1.16E+00	2.12E+00	9.19E-01	1.38E+00	1.07E+00	1.88E+00	1.26E+00	6.31E-01
CPCT02110057T	7.64E-01	1.61E+00	6.17E-01	9.07E-01	8.21E-01	1.53E+00	3.36E-01	9.92E-01	1.24E+00	9.83E-01	1.23E+00	5.59E-01	1.20E+00	1.74E+00	6.57E-01	1.57E+00	1.32E+00	8.82E-01	3.32E-01
CPCT02040321T	1.00E+00	1.98E+00	2.07E+00	8.02E+00	4.50E+00	2.43E+00	1.34E+00	1.40E+00	4.81E+00	2.45E+00	2.14E+00	9.59E-01	8.98E+00	1.45E+00	1.17E+00	1.05E+00	3.03E+00	1.96E+00	1.13E+00
CPCT02040323T	7.67E-01	1.25E+00	1.14E+00	4.41E-01	6.87E-01	1.60E+00	5.23E-01	7.98E-01	9.63E-01	9.66E-01	1.68E+00	5.80E-01	8.88E-01	1.05E+00	6.70E-01	6.97E-01	1.26E+00	9.73E-01	5.17E-01
DRUP01050019T	6.40E-01	1.29E+00	7.33E-01	6.89E-01	1.24E+00	1.26E+00	7.70E-01	1.53E+00	2.25E+00	1.74E+00	1.63E+00	7.24E-01	1.19E+00	8.02E-01	7.58E-01	1.00E+00	1.40E+00	1.04E+00	4.04E-01
CPCT02050431T	6.18E-01	1.64E+00	6.92E-01	7.53E-01	1.17E+00	1.47E+00	8.43E-01	8.15E-01	2.10E+00	1.72E+00	1.17E+00	7.81E-01	1.74E+00	1.28E+00	7.33E-01	7.91E-01	1.34E+00	9.34E-01	5.15E-01
CPCT02110079T	8.00E-01	1.64E+00	7.46E-01	5.07E-01	7.29E-01	2.01E+00	5.35E-01	7.41E-01	1.28E+00	8.00E-01	1.20E+00	5.08E-01	1.09E+00	1.05E+00	7.61E-01	3.02E-01	1.37E+00	1.11E+00	5.06E-01
CPCT02380052T	1.54E+00	2.56E+00	1.26E+00	6.76E-01	8.25E-01	2.62E+00	1.14E+00	1.21E+00	1.76E+00	1.89E+00	2.06E+00	1.06E+00	1.71E+00	1.38E+00	9.67E-01	1.28E+00	2.93E+00	2.61E+00	6.48E-01
CPCT02340066T	1.05E+00	3.76E+00	1.28E+00	1.72E+00	2.22E+00	4.19E+00	1.45E+00	1.25E+00	6.79E+00	6.02E+00	1.61E+00	1.19E+00	2.31E+00	1.51E+00	1.61E+00	1.43E+00	2.78E+00	9.93E-01	6.33E-01
CPCT02340060T	9.13E-01	1.16E+00	4.83E-01	7.46E-01	9.98E-01	1.45E+00	9.70E-01	1.22E+00	1.42E+00	1.18E+00	1.48E+00	8.58E-01	1.23E+00	1.52E+00	1.11E+00	1.38E+00	1.06E+00	9.36E-01	3.29E-01
CPCT02180057T	1.32E+00	2.27E+00	1.29E+00	8.54E-01	1.20E+00	2.72E+00	8.10E-01	1.24E+00	1.75E+00	1.65E+00	1.59E+00	4.99E-01	2.17E+00	1.47E+00	9.24E-01	1.15E+00	2.06E+00	1.64E+00	6.31E-01
CPCT02340058T	1.04E+00	1.24E+00	1.52E+00	1.57E+00	1.24E+00	1.38E+00	9.49E-01	1.42E+00	1.83E+00	1.22E+00	1.79E+00	8.09E-01	1.83E+00	2.26E+00	9.76E-01	1.69E+00	2.87E+00	2.38E+00	4.83E-01
CPCT02011073T	5.40E-01	1.36E+00	9.02E-01	2.25E-01	3.32E-01	1.37E+00	4.92E-01	5.80E-01	8.62E-01	7.41E-01	9.99E-01	3.15E-01	7.37E-01	6.00E-01	6.83E-01	3.26E-01	1.17E+00	6.90E-01	4.95E-01
CPCT02210082T	6.58E-01	1.72E+00	6.00E-01	6.32E-01	5.10E-01	2.02E+00	7.74E-01	8.01E-01	8.77E-01	7.12E-01	1.18E+00	5.78E-01	1.03E+00	1.06E+00	8.48E-01	5.74E-01	1.19E+00	9.15E-01	5.98E-01
CPCT02410017T	4.03E+00	6.24E+00	4.82E+00	1.40E+00	1.34E+00	7.44E+00	2.29E+00	1.54E+00	2.58E+00	2.28E+00	2.27E+00	1.14E+00	3.25E+00	2.18E+00	1.30E+00	1.44E+00	2.79E+00	2.12E+00	9.21E-01
CPCT02110080T	7.09E-01	2.34E+00	6.10E-01	8.33E-01	1.04E+00	2.34E+00	8.96E-01	1.19E+00	2.48E+00	2.05E+00	2.25E+00	9.04E-01	1.74E+00	7.61E-01	7.37E-01	8.37E-01	2.03E+00	8.80E-01	2.12E+00
CPCT02080196T	3.32E-01	1.36E+00	6.73E-01	4.49E-01	6.70E-01	1.56E+00	1.06E-01	1.01E+00	8.72E-01	9.81E-01	9.01E-01	3.82E-01	7.32E-01	6.24E-01	4.59E-01	3.18E-01	1.15E+00	5.74E-01	3.17E-01
CPCT02020666T	5.16E-01	1.85E+00	4.99E-01	4.72E-01	7.53E-01	1.93E+00	4.76E-01	1.32E+00	1.11E+00	8.21E-01	1.11E+00	5.12E-01	1.29E+00	1.01E+00	3.20E-01	7.22E-01	1.65E+00	1.07E+00	4.45E-01
CPCT02310004T	4.19E+00	4.29E+00	5.52E+00	2.25E+00	1.91E+00	4.81E+00	2.48E+00	1.44E+00	4.78E+00	3.55E+00	3.03E+00	1.08E+00	8.48E+00	5.43E+00	9.11E-01	2.46E+00	4.82E+00	2.01E+00	8.23E-01
CPCT02060197T	8.57E-01	3.27E+00	7.27E-01	4.22E-01	7.41E-01	3.60E+00	9.19E-01	1.00E+00	1.07E+00	1.25E+00	1.34E+00	6.09E-01	1.07E+00	1.01E+00	6.84E-01	6.23E-01	9.82E-01	8.25E-01	0.00E+00
CPCT02380039T	1.33E+00	3.37E+00	1.03E+00	6.82E-01	9.38E-01	3.58E+00	8.48E-01	8.71E-01	1.48E+00	1.39E+00	1.18E+00	7.86E-01	1.24E+00	1.71E+00	8.85E-01	1.25E+00	1.63E+00	1.08E+00	5.51E-01
DRUP01220001T	1.34E+00	2.43E+00	9.25E-01	1.31E+00	1.33E+00	2.31E+00	1.56E+00	1.39E+00	1.91E+00	1.68E+00	1.64E+00	1.77E+00	1.56E+00	2.08E+00	1.22E+00	1.79E+00	1.70E+00	1.67E+00	5.05E-01
CPCT02260028T	9.22E-01	1.42E+00	9.92E-01	6.78E-01	8.77E-01	1.53E+00	6.03E-01	7.20E-01	1.10E+00	1.08E+00	1.03E+00	5.71E-01	1.02E+00	1.12E+00	9.52E-01	9.27E-01	1.44E+00	1.07E+00	5.72E-01
CPCT02010731T	1.61E+00	3.91E+00	1.48E+00	8.54E-01	1.18E+00	4.60E+00	1.37E+00	1.87E+00	2.28E+00	2.06E+00	3.35E+00	2.17E+00	2.09E+00	1.53E+00	1.63E+00	1.26E+00	2.34E+00	1.91E+00	6.55E-01
WIDE01010011T	9.27E-01	1.67E+00	1.02E+00	1.06E+00	8.77E-01	2.61E+00	6.58E-01	7.25E-01	1.15E+00	8.60E-01	1.38E+00	4.24E-01	1.78E+00	1.17E+00	7.08E-01	8.34E-01	1.48E+00	9.52E-01	3.63E-01
CPCT02060285T	2.35E-01	6.53E-01	3.40E-01	1.15E-01	4.05E-01	5.57E-01	1.32E-01	6.22E-01	5.55E-01	3.68E-01	8.86E-01	2.40E-01	4.62E-01	4.76E-01	4.45E-01	4.05E-01	6.25E-01	3.40E-01	3.00E-01
CPCT02350021T	1.90E+00	3.08E+00	2.29E+00	1.80E+00	3.72E+00	3.00E+00	1.92E+00	1.17E+00	9.98E+00	8.49E+00	2.00E+00	1.66E+00	3.19E+00	2.19E+00	1.53E+00	1.88E+00	3.06E+00	1.78E+00	1.37E+00
CPCT02080300T	7.35E-01	1.52E+00	6.51E-01	5.82E-01	6.43E-01	1.97E+00	3.88E-01	7.07E-01	1.30E+00	1.22E+00	1.03E+00	4.91E-01	9.69E-01	7.62E-01	6.79E-01	6.70E-01	1.02E+00	7.90E-01	3.33E-01
CPCT02040219T	7.05E-01	1.87E+00	8.92E-01	5.16E-01	9.19E-01	1.94E+00	5.12E-01	1.08E+00	1.11E+00	1.11E+00	7.73E-01	4.23E-01	1.02E+00	7.95E-01	6.81E-01	5.67E-01	1.33E+00	7.80E-01	4.11E-01
DRUP01060008T	8.02E-01	2.01E+00	9.47E-01	5.67E-01	9.75E-01	1.81E+00	7.55E-01	1.77E+00	1.46E+00	1.18E+00	2.73E+00	1.26E+00	1.51E+00	9.63E-01	1.15E+00	7.32E-01	1.30E+00	1.40E+00	3.13E-01
CPCT02320009T	4.85E-01	7.48E-01	5.21E-01	5.69E-01	6.80E-01	7.96E-01	2.24E-01	4.28E-01	5.83E-01	7.51E-01	3.33E-01	4.01E-01	5.70E-01	4.81E-01	3.15E-01	2.33E-01	6.80E-01	7.62E-01	2.84E-01
CPCT02210051T	5.66E-01	1.91E+00	4.54E-01	5.28E-01	9.62E-01	2.46E+00	7.84E-01	7.30E-01	1.41E+00	1.28E+00	1.15E+00	6.75E-01	1.08E+00	8.41E-01	8.42E-01	7.45E-01	1.15E+00	1.08E+00	2.21E-01
CPCT02340112T	6.90E-01	2.08E+00	7.17E-01	1.31E+00	2.83E+00	2.22E+00	1.47E+00	7.04E-01	6.74E+00	6.09E+00	1.31E+00	1.05E+00	2.14E+00	7.99E-01	1.28E+00	1.03E+00	2.45E+00	1.10E+00	5.30E-01
CPCT02390043T	7.44E-01	1.88E+00	7.99E-01	6.64E-01	7.37E-01	2.00E+00	7.08E-01	7.29E-01	9.04E-01	8.57E-01	1.10E+00	6.00E-01	1.32E+00	9.44E-01	8.23E-01	6.87E-01	1.35E+00	7.94E-01	3.36E-01
CPCT02200007T	6.95E-01	2.15E+00	9.39E-01	7.73E-01	7.78E-01	2.11E+00	5.06E-01	8.30E-01	1.05E+00	1.08E+00	1.45E+00	4.78E-01	1.14E+00	1.05E+00	6.41E-01	9.38E-01	1.46E+00	1.05E+00	0.00E+00
CPCT02120108T	9.55E-01	3.51E+00	1.06E+00	4.57E-01	4.24E-01	3.87E+00	7.52E-01	1.53E+00	1.01E+00	9.00E-01	2.96E+00	1.69E+00	1.79E+00	7.90E-01	9.48E-01	6.03E-01	1.91E+00	1.37E+00	5.92E-01
CPCT02020946T	1.05E+00	1.33E+00	1.36E+00	8.26E-01	9.49E-01	1.24E+00	1.42E+00	8.39E-01	1.98E+00	1.83E+00	1.37E+00	1.68E+00	1.65E+00	1.91E+00	1.24E+00	3.18E+00	1.25E+00	9.99E-01	7.47E-01
CPCT02030463T	4.08E-01	9.20E-01	5.84E-01	5.05E-01	9.69E-01	7.35E-01	5.30E-01	8.33E-01	1.19E+00	8.97E-01	7.88E-01	3.78E-01	7.29E-01	7.60E-01	4.89E-01	6.28E-01	8.27E-01	9.07E-01	2.23E-02
WIDE01010018T	8.24E-01	1.10E+00	9.92E-01	7.45E-01	1.16E+00	1.51E+00	8.89E-01	1.31E+00	2.22E+00	2.05E+00	1.85E+00	9.61E-01	2.09E+00	1.21E+00	1.10E+00	8.90E-01	2.89E+00	2.33E+00	7.14E-01
CPCT02040331T	5.68E-01	1.18E+00	6.26E-01	5.53E-01	6.99E-01	1.22E+00	5.43E-01	8.07E-01	1.19E+00	1.22E+00	1.17E+00	5.73E-01	1.11E+00	1.25E+00	7.99E-01	9.02E-01	1.67E+00	1.06E+00	4.58E-01
CPCT02010765T	1.91E+00	1.84E+00	2.45E+00	2.44E+00	3.62E+00	2.47E+00	1.62E+00	1.15E+00	9.26E+00	8.49E+00	1.87E+00	1.28E+00	3.21E+00	1.98E+00	1.58E+00	2.06E+00	4.26E+00	2.50E+00	5.15E-01
CPCT02040325T	9.12E-01	2.73E+00	8.73E-01	5.67E-01	1.11E+00	3.35E+00	6.42E-01	1.40E+00	1.98E+00	1.60E+00	3.04E+00	7.93E-01	2.20E+00	1.28E+00	6.19E-01	7.47E-01	3.53E+00	1.01E+00	2.79E+00
CPCT02240011T	6.47E-01	2.28E+00	2.19E-01	6.12E-01	6.27E-01	2.58E+00	4.29E-01	8.66E-01	9.96E-01	8.16E-01	8.34E-01	5.76E-01	1.24E+00	6.33E-01	5.61E-01	5.42E-01	1.16E+00	8.14E-01	0.00E+00
CPCT02050434T	6.36E-01	1.12E+00	9.42E-01	6.34E-01	5.62E-01	1.18E+00	8.47E-01	6.05E-01	1.15E+00	9.97E-01	1.05E+00	5.81E-01	9.05E-01	1.00E+00	5.60E-01	7.94E-01	7.77E-01	7.74E-01	4.67E-01
CPCT02160039T	5.43E-01	1.41E+00	6.62E-01	4.80E-01	9.12E-01	1.36E+00	8.94E-01	1.16E+00	1.07E+00	1.14E+00	1.37E+00	5.04E-01	6.19E-01	7.23E-01	6.63E-01	6.28E-01	7.92E-01	6.86E-01	2.73E-01
CPCT02150051T	8.02E-01	2.58E+00	5.59E-01	7.12E-01	6.06E-01	2.93E+00	5.87E-01	8.42E-01	1.16E+00	9.13E-01	9.93E-01	8.77E-01	1.36E+00	1.32E+00	7.15E-01	9.75E-01	1.41E+00	1.24E+00	0.00E+00
CPCT02390021T	8.55E-01	1.81E+00	1.12E+00	7.70E-01	9.04E-01	2.06E+00	7.52E-01	1.58E+00	1.62E+00	1.15E+00	1.93E+00	1.09E+00	1.30E+00	1.45E+00	1.04E+00	6.48E-01	1.68E+00	1.27E+00	2.71E-01
CPCT02080200T	2.21E+00	8.57E+00	2.62E+00	9.67E-01	1.30E+00	9.16E+00	1.23E+00	1.19E+00	1.55E+00	1.45E+00	1.47E+00	8.32E-01	2.13E+00	1.89E+00	8.52E-01	1.24E+00	2.12E+00	1.64E+00	6.08E-01
CPCT02010772T	1.33E+00	2.02E+00	1.25E+00	3.92E-01	4.20E-01	1.92E+00	5.76E+00	1.41E+00	2.84E+00	7.21E+00	2.72E+00	7.14E-01	1.38E+00	1.45E-01	3.43E-01	6.05E-01	3.19E+00	1.62E+00	1.43E+00
CPCT02210044T	7.96E-01	2.10E+00	5.45E-01	7.91E-01	1.11E+00	1.93E+00	6.69E-01	1.32E+00	1.41E+00	1.22E+00	1.49E+00	4.64E-01	1.27E+00	1.40E+00	8.03E-01	9.96E-01	1.13E+00	5.55E-01	5.29E-01
CPCT02320010T	6.61E-01	1.84E+00	1.02E+00	5.32E-01	6.75E-01	1.99E+00	1.90E-01	7.20E-01	9.60E-01	9.46E-01	1.26E+00	4.48E-01	1.27E+00	1.20E+00	9.09E-01	1.05E+00	1.88E+00	1.28E+00	5.26E-01
CPCT02040337T	4.69E-01	1.25E+00	5.63E-01	5.44E-01	6.01E-01	1.27E+00	5.97E-01	6.05E-01	9.11E-01	1.10E+00	1.07E+00	4.90E-01	1.05E+00	1.13E+00	7.01E-01	7.39E-01	2.12E+00	1.44E+00	5.84E-01
CPCT02270021T	7.71E-01	1.16E+00	8.57E-01	5.83E-01	3.13E-01	1.38E+00	5.17E-01	8.71E-01	1.47E+00	1.15E+00	1.32E+00	5.23E-01	1.09E+00	1.05E+00	7.99E-01	8.75E-01	1.76E+00	1.15E+00	3.74E-01
CPCT02010768T	1.12E+00	1.56E+00	1.91E+00	8.48E+00	3.75E+00	1.83E+00	1.38E+00	1.16E+00	4.25E+00	1.32E+00	1.43E+00	1.01E+00	9.34E+00	1.15E+00	1.21E+00	7.37E-01	2.56E+00	9.95E-01	5.16E-01
CPCT02020966T	4.56E-01	7.53E-01	1.98E+00	5.15E+00	3.65E+00	1.72E+00	1.28E+00	1.16E+00	3.36E+00	1.40E+00	2.19E+00	1.21E+00	5.66E+00	1.13E+00	1.16E+00	8.32E-01	2.12E+00	1.92E+00	1.08E+00
CPCT02110049T	1.17E+00	2.71E+00	1.32E+00	8.29E-01	9.75E-01	3.00E+00	1.06E+00	8.77E-01	1.17E+00	1.35E+00	1.21E+00	6.50E-01	1.39E+00	1.07E+00	6.61E-01	6.61E-01	1.50E+00	1.33E+00	5.73E-01
CPCT02040329T	2.75E+00	3.79E+00	4.63E+00	8.24E-01	1.39E+00	3.84E+00	4.54E+00	1.27E+00	2.41E+00	8.79E+00	2.23E+00	5.64E+00	2.28E+00	6.25E-01	9.58E+00	1.74E+00	5.36E+00	1.46E+00	9.04E-01
CPCT02340066TIV	1.07E+00	3.06E+00	1.27E+00	1.69E+00	2.11E+00	3.18E+00	1.30E+00	1.48E+00	6.22E+00	4.87E+00	2.90E+00	1.03E+00	3.13E+00	1.52E+00	1.69E+00	1.26E+00	3.12E+00	9.42E-01	2.09E+00
CPCT02340071T	5.02E-01	1.25E+00	5.45E-01	6.89E-01	9.07E-01	1.40E+00	5.38E-01	8.18E-01	1.28E+00	1.09E+00	1.06E+00	5.86E-01	1.05E+00	6.28E-01	5.07E-01	5.59E-01	1.06E+00	9.54E-01	4.07E-01
CPCT02030464T	1.98E+00	5.52E+00	2.05E+00	6.37E+00	3.64E+00	5.58E+00	1.19E+00	1.62E+00	3.36E+00	2.23E+00	2.55E+00	7.86E-01	6.44E+00	1.71E+00	1.10E+00	1.36E+00	2.75E+00	1.53E+00	8.33E-01
CPCT02360012T	9.18E-01	1.82E+00	6.80E-01	9.01E-01	8.89E-01	2.01E+00	9.01E-01	9.21E-01	1.09E+00	1.28E+00	1.23E+00	7.63E-01	1.38E+00	1.13E+00	7.23E-01	8.77E-01	1.26E+00	1.12E+00	5.58E-01
CPCT02080312T	4.60E-01	1.55E+00	7.68E-01	5.82E-01	7.94E-01	1.75E+00	9.00E-01	8.52E-01	1.34E+00	1.46E+00	1.22E+00	5.90E-01	1.30E+00	9.50E-01	7.95E-01	5.64E-01	1.64E+00	1.02E+00	5.06E-01
CPCT02260029T	1.61E+00	2.30E+00	1.42E+00	1.18E+00	1.78E+00	2.29E+00	2.03E+00	1.28E+00	5.31E+00	4.62E+00	1.92E+00	1.08E+00	1.78E+00	1.54E+00	1.27E+00	1.59E+00	2.09E+00	2.00E+00	9.38E-01
WIDE01010072T	1.40E+00	2.14E+00	1.52E+00	1.63E+00	2.30E+00	2.45E+00	2.66E+00	1.09E+00	5.54E+00	4.23E+00	2.34E+00	1.38E+00	2.75E+00	1.57E+00	1.79E+00	1.66E+00	2.59E+00	1.03E+00	2.27E+00
CPCT02110063T	9.08E-01	1.78E+00	1.07E+00	6.41E-01	6.92E-01	1.67E+00	7.50E-01	7.39E-01	1.36E+00	1.18E+00	4.88E-01	7.84E-01	1.01E+00	1.02E+00	9.02E-01	2.88E-01	1.18E+00	1.09E+00	4.46E-01
CPCT02020969T	7.39E-01	1.55E+00	1.32E+00	7.70E-01	7.45E-01	1.60E+00	5.93E-01	9.24E-01	1.14E+00	9.53E-01	1.40E+00	5.88E-01	9.93E-01	9.57E-01	7.24E-01	7.54E-01	1.10E+00	1.22E+00	5.69E-01
WIDE01010069T	5.08E+02	2.65E+02	6.10E+02	1.90E+00	2.19E+00	4.09E+02	1.10E+02	1.12E+01	1.65E+02	2.68E+01	5.12E+01	7.72E+00	1.25E+02	2.99E+00	1.45E+01	1.21E+01	1.12E+02	5.74E+00	4.20E+00
WIDE01010067T	1.01E+00	1.97E+00	1.39E+00	5.50E-01	6.45E-01	2.20E+00	9.49E-01	5.50E-01	1.31E+00	1.02E+00	9.45E-01	5.09E-01	1.60E+00	1.17E+00	4.11E-01	9.13E-01	1.33E+00	1.20E+00	5.99E-01
WIDE01010076T	9.35E-01	2.00E+00	7.50E-01	1.63E+00	1.20E+00	2.58E+00	7.97E-01	8.05E-01	1.70E+00	1.73E+00	1.56E+00	7.52E-01	2.19E+00	1.15E+00	7.31E-01	7.86E-01	1.81E+00	9.63E-01	6.27E-01
WIDE01010074T	1.44E+00	5.37E+00	1.29E+00	9.75E-01	9.37E-01	6.79E+00	8.72E-01	7.04E-01	1.86E+00	1.20E+00	1.35E+00	7.18E-01	3.02E+00	1.32E+00	5.96E-01	9.58E-01	1.87E+00	1.37E+00	6.01E-01
CPCT02040071TII	8.98E-01	2.50E+00	8.58E-01	5.80E-01	1.54E+00	2.73E+00	9.26E-01	1.67E+00	2.20E+00	1.52E+00	1.38E+00	5.71E-01	1.25E+00	1.25E+00	6.51E-01	8.87E-01	1.30E+00	1.06E+00	5.37E-01
CPCT02020680T	1.66E+02	9.07E+01	1.69E+02	7.97E+00	5.05E+00	1.30E+02	4.26E+01	8.22E+00	6.64E+01	4.88E+00	2.44E+01	4.61E+00	5.08E+01	5.76E+00	3.58E+00	5.80E+00	4.80E+01	4.24E+00	2.63E+00
CPCT02020685T	1.56E+00	4.58E+00	1.41E+00	8.93E-01	1.42E+00	4.71E+00	1.14E+00	1.44E+00	1.99E+00	1.67E+00	1.80E+00	9.04E-01	2.29E+00	1.97E+00	8.56E-01	1.28E+00	1.90E+00	1.39E+00	7.59E-01
CPCT02020693T	9.15E-01	1.30E+00	1.26E+00	4.41E+00	3.45E+00	1.73E+00	1.15E+00	1.09E+00	3.43E+00	9.30E-01	1.41E+00	9.81E-01	4.88E+00	1.24E+00	1.03E+00	6.84E-01	1.60E+00	1.19E+00	6.53E-01
CPCT02010773T	1.71E+00	3.65E+00	1.94E+00	1.31E+00	1.85E+00	4.29E+00	9.09E-01	1.31E+00	2.08E+00	1.93E+00	1.94E+00	1.10E+00	1.94E+00	2.06E+00	1.10E+00	1.82E+00	1.95E+00	1.72E+00	5.20E-01
CPCT02290030T	5.53E-01	1.25E+00	4.79E-01	5.55E-01	8.86E-01	1.23E+00	3.53E-01	9.89E-01	9.73E-01	7.23E-01	1.10E+00	2.07E-01	7.45E-01	6.60E-01	3.62E-01	6.24E-01	7.80E-01	5.34E-01	2.21E-01
CPCT02020688T	1.22E+00	2.82E+00	1.27E+00	7.65E-01	6.63E-01	3.38E+00	1.48E+00	1.30E+00	1.57E+00	1.95E+00	1.99E+00	1.04E+00	2.34E+00	1.53E+00	9.94E-01	5.15E-01	2.66E+00	1.66E+00	9.01E-01
CPCT02050337T	1.51E+00	2.42E+00	1.89E+00	9.69E-01	1.30E+00	2.50E+00	6.81E-01	1.11E+00	1.21E+00	1.16E+00	1.21E+00	6.99E-01	1.65E+00	1.27E+00	9.08E-01	1.11E+00	1.55E+00	1.01E+00	4.62E-01
CPCT02050338T	4.98E-01	1.09E+00	4.95E-01	4.68E-01	8.63E-01	1.48E+00	4.35E-01	1.21E+00	1.30E+00	1.30E+00	1.41E+00	6.42E-01	1.01E+00	9.33E-01	5.92E-01	8.18E-01	9.27E-01	7.12E-01	3.97E-01
WIDE01010124T	9.80E-01	2.37E+00	7.61E-01	1.67E+00	2.39E+00	2.74E+00	1.53E+00	1.11E+00	3.69E+00	3.14E+00	1.83E+00	1.05E+00	2.09E+00	2.02E+00	9.56E-01	1.33E+00	1.92E+00	1.17E+00	8.49E-01
CPCT02230089T	1.07E+00	1.84E+00	1.30E+00	5.69E+00	5.37E+00	1.98E+00	1.31E+00	9.41E-01	4.39E+00	2.31E+00	1.12E+00	1.22E+00	7.40E+00	7.33E-01	9.28E-01	1.01E+00	2.84E+00	9.12E-01	6.84E-01
CPCT02230120TII	8.07E-01	2.85E+00	1.03E+00	7.10E-01	4.43E-01	3.08E+00	6.04E-01	9.90E-01	9.16E-01	9.46E-01	1.50E+00	4.61E-01	1.11E+00	1.16E+00	6.48E-01	7.90E-01	1.69E+00	1.55E+00	4.02E-01
CPCT02050333T	6.82E-01	1.18E+00	5.62E-01	1.11E+00	1.25E+00	1.30E+00	4.31E-01	1.08E+00	1.40E+00	9.57E-01	8.91E-01	5.68E-01	1.30E+00	1.15E+00	6.76E-01	6.63E-01	1.07E+00	9.13E-01	5.06E-01
CPCT02020692T	1.27E+00	2.19E+00	1.45E+00	8.98E-01	1.21E+00	2.20E+00	8.29E-01	1.31E+00	1.51E+00	1.26E+00	1.65E+00	7.13E-01	1.46E+00	1.08E+00	6.10E-01	6.64E-01	1.78E+00	1.21E+00	3.94E-01
WIDE01010135T	5.28E-01	9.76E-01	7.35E-01	4.97E-01	7.15E-01	1.14E+00	8.44E-01	8.13E-01	6.83E-01	9.83E-01	1.09E+00	6.40E-01	7.36E-01	5.78E-01	6.84E-01	5.47E-01	6.16E-01	1.04E+00	3.58E-01
CPCT02230095T	6.11E-01	1.30E+00	7.08E-01	5.21E-01	7.03E-01	1.18E+00	5.22E-01	1.00E+00	1.02E+00	8.90E-01	1.09E+00	4.32E-01	9.78E-01	9.07E-01	5.25E-01	5.52E-01	1.19E+00	8.27E-01	0.00E+00
CPCT02060289T	1.71E+00	2.82E+00	2.14E+00	1.19E+00	1.33E+00	2.79E+00	1.07E+00	8.46E-01	2.03E+00	1.74E+00	1.33E+00	9.29E-01	1.69E+00	2.41E+00	9.74E-01	1.91E+00	2.09E+00	1.74E+00	7.47E-01
CPCT02140085TII	1.10E+00	2.53E+00	1.18E+00	9.15E-01	1.03E+00	3.28E+00	9.76E-01	1.43E+00	1.87E+00	1.95E+00	3.04E+00	8.07E-01	2.72E+00	1.29E+00	8.78E-01	9.19E-01	3.59E+00	2.17E+00	2.96E+00
CPCT02160042T	5.30E-01	7.90E-01	3.29E-01	6.25E-01	8.55E-01	1.20E+00	5.89E-01	9.02E-01	8.86E-01	7.23E-01	8.45E-01	4.17E-01	8.16E-01	7.84E-01	5.39E-01	7.79E-01	9.00E-01	7.77E-01	5.36E-01
CPCT02230128T	6.25E-01	2.87E+00	7.24E-01	8.86E-01	1.21E+00	2.75E+00	6.09E-01	1.50E+00	1.64E+00	1.47E+00	2.77E+00	8.35E-01	1.55E+00	1.03E+00	9.65E-01	8.36E-01	2.02E+00	1.24E+00	1.57E+00
WIDE01010142T	7.16E-01	1.40E+00	7.13E-01	5.05E-01	6.39E-01	1.51E+00	5.67E-01	9.06E-01	1.02E+00	1.08E+00	1.30E+00	5.56E-01	1.26E+00	1.09E+00	5.39E-01	7.41E-01	1.12E+00	7.42E-01	4.26E-01
WIDE01010185T	1.98E+00	1.00E-01	1.80E+00	4.96E+00	3.63E+00	4.67E-01	2.36E+00	8.31E-01	4.46E+00	2.28E+00	1.16E+00	1.70E+00	6.24E+00	7.97E+00	1.21E+00	7.60E+00	2.26E+00	4.51E-01	5.11E-01
CPCT02180049T	7.81E-01	2.15E+00	9.84E-01	1.62E+00	2.99E+00	1.95E+00	1.44E+00	1.22E+00	7.10E+00	6.16E+00	1.45E+00	9.76E-01	2.06E+00	1.02E+00	1.20E+00	1.32E+00	2.46E+00	1.49E+00	3.10E-01
CPCT02010791T	1.02E+00	2.34E+00	1.44E+00	6.54E-01	1.25E+00	2.84E+00	9.52E-01	1.13E+00	2.34E+00	2.33E+00	1.32E+00	7.61E-01	1.20E+00	1.09E+00	7.41E-01	1.03E+00	1.19E+00	8.78E-01	5.20E-01
CPCT02120114T	1.24E+00	1.57E+00	1.03E+00	6.96E-01	8.34E-01	1.54E+00	1.01E+00	1.25E+00	1.36E+00	1.09E+00	1.14E+00	6.23E-01	1.01E+00	1.37E+00	7.44E-01	8.55E-01	1.22E+00	1.12E+00	4.02E-01
CPCT02120117T	1.39E+00	2.67E+00	3.75E+00	1.80E+01	8.63E+00	2.93E+00	2.14E+00	2.88E+00	9.39E+00	4.12E+00	4.05E+00	1.81E+00	2.11E+01	2.22E+00	1.54E+00	1.32E+00	5.29E+00	2.97E+00	1.73E+00
CPCT02220041T	1.01E+00	2.45E+00	8.76E-01	1.45E+00	2.15E+00	2.46E+00	9.02E-01	1.75E+00	2.73E+00	2.31E+00	1.71E+00	9.00E-01	1.72E+00	1.83E+00	7.25E-01	1.37E+00	1.89E+00	1.25E+00	8.33E-01
CPCT02120121T	6.45E-01	2.08E+00	8.50E-01	7.18E-01	8.18E-01	2.26E+00	5.73E-01	1.39E+00	1.19E+00	8.04E-01	1.09E+00	4.29E-01	1.31E+00	8.66E-01	5.50E-01	6.88E-01	1.19E+00	8.24E-01	2.00E-01
CPCT02160041T	8.05E-01	2.89E+00	5.36E-01	6.45E-01	9.83E-01	2.82E+00	1.05E+00	7.99E-01	9.32E-01	1.12E+00	9.90E-01	7.06E-01	9.49E-01	4.30E-01	7.96E-01	5.32E-01	1.25E+00	5.27E-01	7.79E-01
WIDE01010093TII	9.25E-01	8.96E-01	1.04E+00	2.79E+00	2.77E+00	9.28E-01	1.36E+00	8.78E-01	1.80E+00	1.60E+00	1.16E+00	8.61E-01	3.30E+00	1.39E+00	1.00E+00	1.07E+00	1.58E+00	1.08E+00	6.83E-01
WIDE01010173T	4.12E-01	1.00E+00	4.58E-01	8.68E-01	1.32E+00	9.95E-01	8.67E-01	7.83E-01	2.64E+00	2.04E+00	8.50E-01	5.77E-01	8.89E-01	8.80E-01	9.48E-01	7.66E-01	1.21E+00	9.05E-01	2.89E-01
CPCT02250007T	7.33E-01	1.47E+00	7.67E-01	1.38E+00	1.45E+00	1.61E+00	6.08E-01	1.58E+00	1.89E+00	1.50E+00	1.19E+00	7.41E-01	1.56E+00	1.22E+00	1.08E+00	1.09E+00	1.96E+00	1.51E+00	6.06E-01
CPCT02020597TIII	1.12E+00	3.22E+00	1.03E+00	1.13E+00	1.38E+00	3.35E+00	7.75E-01	1.43E+00	2.35E+00	1.95E+00	2.39E+00	8.26E-01	3.58E+00	2.41E+00	9.22E-01	1.64E+00	3.40E+00	2.28E+00	1.88E+00
WIDE01010171T	8.04E-01	1.12E+00	7.98E-01	5.55E-01	1.44E-01	1.52E+00	5.05E-01	1.03E+00	9.44E-01	1.49E+00	2.16E+00	6.07E-01	1.44E+00	6.50E-01	8.14E-01	7.70E-01	2.00E+00	1.03E+00	1.80E+00
WIDE01010162T	1.30E+00	2.40E+00	3.12E+00	1.66E+01	8.29E+00	3.03E+00	1.98E+00	2.45E+00	8.64E+00	2.03E+00	4.43E+00	1.36E+00	2.01E+01	1.23E+00	1.45E+00	1.02E+00	5.63E+00	2.97E+00	2.74E+00
CPCT02050299T	4.46E-01	1.05E+00	5.07E-01	4.75E-01	8.58E-01	8.99E-01	5.20E-01	1.07E+00	1.27E+00	9.85E-01	9.27E-01	1.03E+00	7.50E-01	4.67E-01	7.51E-01	6.46E-01	1.16E+00	8.41E-01	0.00E+00
CPCT02080029TII	1.09E+00	2.10E+00	1.16E+00	7.32E-01	5.76E-01	2.25E+00	6.53E-01	1.05E+00	1.64E+00	1.16E+00	1.23E+00	5.33E-01	9.51E-01	1.61E+00	6.69E-01	1.28E+00	1.27E+00	1.37E+00	2.93E-01
WIDE01010207T	7.20E-01	2.31E+00	1.08E+00	8.52E-01	1.16E+00	2.33E+00	4.58E-01	7.59E-01	2.36E+00	1.86E+00	1.28E+00	6.60E-01	1.47E+00	1.36E+00	7.10E-01	1.05E+00	2.26E+00	1.79E+00	4.42E-01
CPCT02030472T	9.16E-01	2.52E+00	1.27E+00	1.55E+00	2.44E+00	2.86E+00	1.50E+00	1.82E+00	6.00E+00	5.23E+00	1.45E+00	2.02E+00	1.86E+00	1.44E+00	1.72E+00	1.37E+00	2.12E+00	1.60E+00	5.51E-01
CPCT02100164T	9.74E-01	1.47E+00	9.23E-01	7.84E-01	1.10E+00	1.69E+00	3.50E-01	1.30E+00	1.68E+00	1.48E+00	1.76E+00	1.05E+00	1.13E+00	1.07E+00	1.05E+00	8.34E-01	1.77E+00	1.49E+00	3.60E-01
CPCT02100170T	1.21E+00	1.67E+00	1.24E+00	1.09E+00	2.07E+00	2.41E+00	1.53E+00	1.26E+00	4.66E+00	3.48E+00	1.57E+00	1.20E+00	1.77E+00	8.43E-01	1.23E+00	1.08E+00	2.05E+00	1.14E+00	4.77E-01
WIDE01010174T	9.32E-01	1.89E+00	1.05E+00	8.66E-01	1.51E+00	2.15E+00	9.52E-01	6.74E-01	2.07E+00	1.61E+00	9.98E-01	9.66E-01	1.29E+00	1.21E+00	1.02E+00	9.48E-01	1.52E+00	1.78E+00	5.17E-01
WIDE01010183T	8.54E-01	1.80E+00	1.27E+00	5.71E+00	2.72E+00	1.83E+00	1.09E+00	1.18E+00	3.45E+00	1.55E+00	2.11E+00	1.39E+00	6.52E+00	1.11E+00	1.12E+00	8.41E-01	1.89E+00	1.26E+00	9.22E-01
WIDE01010212T	1.43E+00	2.39E+00	1.12E+00	1.22E+00	2.30E+00	2.66E+00	1.11E+00	1.01E+00	5.00E+00	4.88E+00	1.96E+00	1.02E+00	2.04E+00	1.57E+00	1.28E+00	1.13E+00	2.25E+00	1.18E+00	3.39E-01
WIDE01010274T	1.39E+00	1.42E+00	1.71E+00	6.69E-01	7.48E-01	1.78E+00	7.35E-01	7.40E-01	1.24E+00	1.54E+00	1.66E+00	6.57E-01	1.69E+00	1.61E+00	5.94E-01	1.24E+00	2.38E+00	1.35E+00	1.66E+00
CPCT02410004T	8.47E-01	1.70E+00	7.24E-01	9.79E-01	1.32E+00	1.94E+00	8.21E-01	1.41E+00	1.47E+00	1.12E+00	1.10E+00	7.98E-01	1.12E+00	1.35E+00	6.85E-01	1.06E+00	1.17E+00	1.01E+00	5.53E-01
WIDE01010235T	1.29E+00	1.84E+00	1.24E+00	5.86E-01	9.75E-01	2.06E+00	1.02E+00	1.11E+00	1.62E+00	1.40E+00	1.78E+00	8.41E-01	1.08E+00	9.92E-01	6.95E-01	7.20E-01	1.49E+00	1.22E+00	5.79E-01
WIDE01010231T	7.92E-01	1.71E+00	8.44E-01	1.13E+00	1.01E+00	2.08E+00	6.42E-01	6.80E-01	1.49E+00	1.30E+00	1.23E+00	4.51E-01	1.46E+00	1.21E+00	7.92E-01	1.01E+00	1.43E+00	1.39E+00	5.03E-01
CPCT02370024T	7.89E-01	1.94E+00	6.15E-01	1.29E+00	2.04E+00	2.01E+00	1.28E+00	9.50E-01	5.01E+00	4.41E+00	1.58E+00	1.04E+00	1.77E+00	8.68E-01	1.22E+00	1.18E+00	1.40E+00	1.18E+00	4.19E-01
CPCT02140091TII	2.22E+01	3.29E+01	2.55E+01	1.05E+01	5.18E+00	3.58E+01	3.15E+00	3.85E+00	1.15E+01	3.09E+00	6.36E+00	1.87E+00	1.47E+01	2.58E+00	1.78E+00	2.76E+00	1.26E+01	2.81E+00	2.26E+00
CPCT02360015T	8.72E-01	1.50E+00	1.13E+00	7.28E-01	9.57E-01	1.39E+00	7.24E-01	1.41E+00	1.59E+00	1.32E+00	1.65E+00	6.67E-01	9.04E-01	1.21E+00	7.97E-01	8.64E-01	1.13E+00	1.21E+00	5.72E-01
WIDE01010240T	2.82E-01	1.37E+00	8.11E-01	6.86E-01	6.07E-01	1.48E+00	3.18E-01	8.81E-01	7.30E-01	7.64E-01	1.06E+00	5.31E-01	7.11E-01	8.83E-01	4.77E-01	7.51E-01	1.13E+00	6.25E-01	6.37E-01
CPCT02040230T	9.87E-01	1.61E+00	7.96E-01	7.51E-01	1.14E+00	1.87E+00	7.15E-01	1.09E+00	2.01E+00	1.40E+00	1.17E+00	6.22E-01	1.55E+00	1.30E+00	6.28E-01	1.15E+00	1.65E+00	1.13E+00	4.09E-01
CPCT02320003T	8.12E-01	2.00E+00	1.14E+00	7.51E-01	1.11E+00	2.22E+00	1.05E+00	1.21E+00	1.61E+00	1.47E+00	1.13E+00	8.41E-01	1.35E+00	1.31E+00	9.65E-01	9.94E-01	1.77E+00	1.13E+00	6.31E-01
WIDE01010248T	6.71E-01	1.26E+00	7.52E-01	4.36E-01	5.35E-01	1.39E+00	8.14E-01	6.51E-01	7.37E-01	1.01E+00	1.01E+00	5.74E-01	8.45E-01	9.81E-01	7.16E-01	8.46E-01	1.33E+00	8.39E-01	4.39E-01
CPCT02010790T	1.27E+00	1.78E+00	2.99E+00	1.62E+01	7.17E+00	2.30E+00	1.91E+00	1.63E+00	9.64E+00	1.88E+00	3.31E+00	1.61E+00	1.88E+01	1.60E+00	1.29E+00	1.04E+00	3.91E+00	1.73E+00	1.84E+00
CPCT02040235T	1.75E+00	2.39E+00	2.12E+00	1.33E+00	1.23E+00	2.66E+00	1.18E+00	1.45E+00	2.66E+00	2.29E+00	1.92E+00	8.57E-01	2.42E+00	2.18E+00	9.10E-01	1.49E+00	3.54E+00	2.20E+00	6.23E-01
CPCT02080216T	1.13E+00	2.93E+00	2.32E+00	9.74E+00	5.69E+00	3.57E+00	1.25E+00	2.24E+00	6.29E+00	3.47E+00	2.66E+00	1.33E+00	1.12E+01	1.39E+00	1.41E+00	1.30E+00	3.52E+00	1.56E+00	7.44E-01
CPCT02160047T	1.22E+00	1.81E+00	1.05E+00	6.54E-01	8.53E-01	2.01E+00	5.58E-01	1.43E+00	1.49E+00	1.05E+00	1.24E+00	9.90E-01	9.87E-01	1.20E+00	8.95E-01	1.05E+00	1.37E+00	9.61E-01	2.31E-01
CPCT02270006T	1.90E+00	2.17E+00	1.84E+00	1.71E+00	2.86E+00	2.37E+00	2.40E+00	1.25E+00	6.97E+00	5.31E+00	1.81E+00	1.42E+00	2.55E+00	7.34E-01	1.58E+00	1.44E+00	3.43E+00	2.61E+00	7.08E-01
CPCT02210053T	6.53E-01	1.79E+00	7.02E-01	6.13E-01	1.14E+00	2.00E+00	7.16E-01	1.16E+00	1.33E+00	1.24E+00	1.54E+00	5.21E-01	1.25E+00	1.20E+00	4.51E-01	1.04E+00	1.48E+00	9.31E-01	7.59E-01
CPCT02360016T	7.22E-01	1.26E+00	8.45E-01	5.88E-01	7.44E-01	9.62E-01	5.98E-01	9.05E-01	1.31E+00	1.17E+00	5.42E-01	4.67E-01	6.91E-01	7.25E-01	5.24E-01	6.43E-01	8.10E-01	6.35E-01	4.04E-01
WIDE01010270T	6.99E-01	1.41E+00	1.32E+00	1.53E+00	2.12E+00	1.71E+00	1.56E+00	1.18E+00	7.04E+00	6.79E+00	2.07E+00	1.75E+00	2.02E+00	1.40E+00	1.61E+00	1.34E+00	2.46E+00	1.08E+00	6.84E-01
CPCT02060221T	7.98E-01	1.93E+00	1.00E+00	7.96E-01	1.18E+00	2.18E+00	4.55E-01	1.28E+00	2.54E+00	2.06E+00	1.34E+00	2.25E-01	1.32E+00	1.01E+00	7.37E-01	7.87E-01	1.74E+00	8.18E-01	4.76E-01
WIDE01010288T	9.27E-01	2.59E+00	8.11E-01	5.09E-01	8.47E-01	2.72E+00	5.73E-01	6.79E-01	1.28E+00	1.16E+00	9.62E-01	5.86E-01	1.35E+00	1.50E+00	5.90E-01	8.78E-01	2.05E+00	1.20E+00	5.62E-01
CPCT02270030T	6.36E-01	1.49E+00	7.65E-01	8.80E-01	1.09E+00	1.64E+00	2.36E-01	1.27E+00	1.10E+00	1.14E+00	1.83E+00	4.58E-01	1.19E+00	1.11E+00	7.51E-01	6.84E-01	1.53E+00	1.28E+00	3.96E-01
CPCT02310011T	7.04E-01	2.94E+00	5.66E-01	1.31E+00	1.54E+00	2.95E+00	1.11E+00	1.22E+00	1.79E+00	1.71E+00	1.55E+00	9.19E-01	1.43E+00	1.09E+00	9.64E-01	8.65E-01	1.53E+00	1.01E+00	5.48E-01
WIDE01010311T	1.22E+00	3.70E+00	8.67E-01	1.94E+00	2.71E+00	3.78E+00	2.16E+00	1.29E+00	6.01E+00	5.41E+00	2.01E+00	1.11E+00	2.42E+00	1.38E+00	1.69E+00	1.26E+00	2.35E+00	7.70E-01	5.91E-01
CPCT02120001T	1.04E+00	1.43E+00	1.21E+00	8.01E-01	1.15E+00	1.14E+00	7.71E-01	1.42E+00	2.08E+00	1.85E+00	1.86E+00	1.29E+00	1.57E+00	1.53E+00	8.23E-01	1.36E+00	1.45E+00	1.13E+00	4.24E-01
WIDE01010322T	7.97E-01	2.18E+00	1.07E+00	6.00E-01	8.53E-01	2.55E+00	4.46E-01	7.85E-01	1.13E+00	1.21E+00	1.44E+00	5.04E-01	1.09E+00	1.04E+00	2.11E-01	8.47E-01	1.07E+00	1.28E+00	5.02E-01
CPCT02290035T	1.94E+00	3.04E+00	2.21E+00	6.90E+00	9.03E+00	3.34E+00	2.45E+00	1.77E+00	7.90E+00	2.55E+00	2.05E+00	1.77E+00	9.21E+00	1.08E+00	1.41E+00	1.14E+00	3.74E+00	1.61E+00	1.09E+00
WIDE01010326T	2.32E-01	1.72E+00	6.04E-01	7.07E-01	7.80E-01	1.82E+00	5.29E-01	8.89E-01	9.85E-01	1.03E+00	1.69E+00	5.22E-01	1.04E+00	9.14E-01	6.70E-01	7.02E-01	9.59E-01	9.45E-01	6.98E-01
CPCT02270028T	1.70E+00	3.18E+00	1.33E+00	1.32E+00	1.46E+00	3.61E+00	9.86E-01	1.38E+00	3.01E+00	3.01E+00	1.74E+00	8.01E-01	1.42E+00	1.51E+00	9.43E-01	1.14E+00	1.75E+00	1.09E+00	5.56E-01
CPCT02030478T	1.33E+00	4.05E+00	9.15E-01	6.51E-01	7.42E-01	4.11E+00	7.86E-01	9.10E-01	2.05E+00	1.92E+00	1.12E+00	6.51E-01	1.61E+00	9.33E-01	7.86E-01	8.18E-01	2.51E+00	8.01E-01	6.66E-01
WIDE01010308T	9.95E-01	1.84E+00	1.14E+00	1.37E+00	1.31E+00	1.92E+00	9.71E-01	9.03E-01	1.24E+00	1.01E+00	1.26E+00	7.91E-01	2.21E+00	1.41E+00	7.02E-01	1.09E+00	1.45E+00	1.20E+00	6.24E-01
WIDE01010268T	7.30E-01	1.79E+00	9.40E-01	9.13E-01	1.27E+00	1.98E+00	1.03E+00	7.45E-01	1.27E+00	1.36E+00	1.07E+00	6.96E-01	1.40E+00	7.84E-01	5.04E-01	6.83E-01	1.06E+00	9.51E-01	3.31E-01
CPCT02060214T	1.36E+00	2.86E+00	3.49E+00	8.69E-01	1.63E+00	2.47E+00	2.79E+00	1.32E+00	2.22E+00	6.00E+00	1.91E+00	3.84E+00	1.77E+00	5.11E-01	6.38E+00	1.30E+00	3.59E+00	1.66E+00	1.09E+00
WIDE01010335T	1.31E+00	2.35E+00	9.27E-01	2.15E+00	2.69E+00	2.55E+00	1.00E+00	9.44E-01	3.61E+00	3.69E+00	1.39E+00	8.44E-01	2.14E+00	1.37E+00	1.14E+00	1.24E+00	1.53E+00	1.01E+00	5.92E-01
CPCT02360017T	5.35E-01	1.45E+00	8.48E-01	5.37E-01	9.52E-01	1.55E+00	5.85E-01	9.93E-01	1.69E+00	1.28E+00	1.30E+00	5.84E-01	9.39E-01	9.69E-01	2.81E-01	6.32E-01	1.11E+00	9.65E-01	5.22E-01
WIDE01010303T	6.84E-01	2.37E+00	8.50E-01	1.25E+00	1.14E+00	2.47E+00	7.82E-01	1.16E+00	1.30E+00	1.55E+00	1.73E+00	7.40E-01	1.46E+00	1.27E+00	1.17E+00	8.67E-01	1.99E+00	1.68E+00	9.05E-01
CPCT02220044T	8.43E-01	2.29E+00	9.52E-01	6.73E-01	8.49E-01	2.69E+00	7.90E-01	1.09E+00	1.43E+00	1.46E+00	1.42E+00	1.03E+00	1.34E+00	1.19E+00	1.28E+00	8.44E-01	1.75E+00	1.01E+00	2.17E-01
CPCT02120047TII	1.41E+00	3.79E+00	9.65E-01	8.45E-01	1.34E+00	4.06E+00	1.26E+00	1.96E+00	2.00E+00	1.34E+00	2.31E+00	9.46E-01	1.63E+00	1.13E+00	6.97E-01	8.71E-01	2.50E+00	1.15E+00	4.55E-01
WIDE01010339T	1.20E+00	2.71E+00	1.14E+00	6.03E-01	2.95E-01	2.76E+00	7.21E-01	7.77E-01	8.98E-01	6.86E-01	1.22E+00	6.11E-01	1.12E+00	9.53E-01	5.14E-01	4.81E-01	1.20E+00	8.38E-01	5.67E-01
WIDE01010352T	2.14E+00	7.67E+00	2.85E+00	2.92E+00	5.14E+00	9.75E+00	2.45E+00	1.53E+00	7.71E+00	7.74E+00	2.49E+00	1.74E+00	4.55E+00	2.37E+00	1.99E+00	1.87E+00	4.10E+00	2.05E+00	8.94E-01
WIDE01010346T	7.79E-01	1.27E+00	1.19E+00	1.03E+00	5.13E-01	2.22E+00	7.85E-01	9.92E-01	1.29E+00	1.32E+00	1.62E+00	5.98E-01	1.83E+00	1.37E+00	7.44E-01	9.38E-01	1.63E+00	1.49E+00	3.47E-01
CPCT02010824T	1.14E+00	2.17E+00	1.39E+00	8.70E-01	3.12E-01	2.88E+00	5.53E-01	9.93E-01	1.40E+00	1.14E+00	8.94E-01	8.32E-01	1.46E+00	9.10E-01	7.23E-01	8.90E-01	1.19E+00	8.77E-01	3.97E-01
WIDE01010341T	2.01E+00	4.38E+00	2.01E+00	6.62E+00	6.55E+00	4.94E+00	8.46E-01	1.42E+00	5.78E+00	1.70E+00	1.97E+00	1.25E+00	7.57E+00	1.18E+00	1.30E+00	1.13E+00	3.29E+00	1.02E+00	1.11E+00
WIDE01010332T	1.31E+00	3.40E+00	1.20E+00	1.27E+00	1.82E+00	4.03E+00	1.94E+00	1.09E+00	4.91E+00	4.63E+00	1.63E+00	9.67E-01	2.09E+00	1.14E+00	1.08E+00	1.23E+00	1.91E+00	1.23E+00	6.99E-01
CPCT02360018T	7.68E-01	2.38E+00	7.54E-01	6.28E-01	8.40E-01	2.31E+00	6.13E-01	7.46E-01	9.91E-01	1.36E+00	1.14E+00	4.51E-01	1.15E+00	1.18E+00	7.26E-01	8.70E-01	1.65E+00	9.30E-01	1.04E-01
CPCT02330104T	5.39E-01	1.11E+00	3.40E-01	7.28E-01	1.33E+00	1.03E+00	1.24E+00	6.12E-01	4.67E+00	4.29E+00	8.94E-01	9.26E-01	1.34E+00	7.74E-01	1.20E+00	8.70E-01	1.56E+00	5.59E-01	4.80E-01
CPCT02050359T	6.39E-01	2.07E+00	6.39E-01	8.30E-01	9.16E-01	2.34E+00	6.30E-01	1.07E+00	1.54E+00	1.35E+00	1.10E+00	5.51E-01	1.22E+00	7.15E-01	5.79E-01	6.57E-01	1.11E+00	9.72E-01	4.03E-01
CPCT02370025T	7.58E-01	7.04E-01	1.53E+00	6.05E+00	5.05E+00	7.47E-01	1.22E+00	1.13E+00	4.03E+00	1.67E+00	1.62E+00	1.13E+00	7.87E+00	1.45E+00	9.39E-01	1.10E+00	2.77E+00	8.07E-01	7.81E-01
WIDE01010131T	1.14E+00	2.76E+00	1.19E+00	2.29E+00	1.41E+00	2.92E+00	1.27E+00	1.13E+00	2.39E+00	1.68E+00	2.06E+00	9.34E-01	2.34E+00	2.10E+00	1.30E+00	1.03E+00	2.68E+00	2.24E+00	6.26E-01
WIDE01010371T	1.71E+00	3.95E+00	2.05E+00	9.49E-01	1.04E+00	4.05E+00	9.93E-01	9.64E-01	1.30E+00	1.12E+00	1.35E+00	8.73E-01	1.56E+00	2.02E+00	9.08E-01	1.31E+00	1.85E+00	1.15E+00	7.28E-01
CPCT02020719T	1.58E+00	1.46E+00	3.28E+00	1.55E+01	1.02E+01	2.67E+00	2.66E+00	2.36E+00	9.10E+00	3.17E+00	3.40E+00	2.19E+00	1.84E+01	1.86E+00	2.04E+00	1.51E+00	4.97E+00	2.32E+00	1.52E+00
WIDE01010400T	5.85E-01	1.35E+00	6.60E-01	3.70E-01	8.15E-01	1.48E+00	9.52E-01	8.18E-01	1.54E+00	1.36E+00	1.24E+00	7.03E-01	1.05E+00	1.37E+00	7.69E-01	9.91E-01	1.49E+00	1.09E+00	7.53E-01
CPCT02010825T	3.90E-01	7.94E-01	2.28E-01	6.82E-02	5.41E-01	8.61E-01	5.10E-01	7.40E-01	8.08E-01	6.41E-01	8.05E-01	2.69E-01	8.80E-01	3.74E-01	4.63E-01	4.04E-01	7.74E-01	8.52E-01	6.00E-02
CPCT02010359TII	1.78E+00	2.46E+00	3.17E+00	1.17E+01	8.22E+00	2.75E+00	1.97E+00	2.15E+00	7.63E+00	2.54E+00	3.05E+00	1.96E+00	1.43E+01	1.71E+00	1.50E+00	1.30E+00	4.56E+00	2.43E+00	1.13E+00
WIDE01010405T	9.81E-01	1.86E+00	8.40E-01	6.73E-01	6.68E-01	1.75E+00	7.08E-01	5.15E-01	1.24E+00	1.13E+00	7.83E-01	4.83E-01	9.27E-01	8.01E-01	4.87E-01	4.22E-01	1.47E+00	9.65E-01	3.97E-01
WIDE01010388T	1.61E+00	5.03E+00	1.63E+00	4.96E-01	6.96E-01	5.05E+00	3.25E-01	6.78E-01	1.11E+00	1.14E+00	1.00E+00	5.65E-01	1.37E+00	8.29E-01	7.30E-01	7.64E-01	1.96E+00	1.30E+00	5.75E-01
DRUP01330020T	8.54E+02	1.67E+02	6.58E+02	4.73E+00	3.76E+00	4.85E+02	4.94E+02	2.37E+01	1.77E+02	2.62E+01	7.02E+01	1.93E+01	2.79E+02	1.50E+01	5.05E+00	3.30E+01	1.63E+02	4.46E+00	1.01E+01
CPCT02230099T	1.90E+00	2.44E+00	4.00E+00	2.09E+01	9.76E+00	2.29E+00	2.47E+00	2.59E+00	1.14E+01	2.70E+00	3.79E+00	2.24E+00	2.52E+01	2.78E+00	2.26E+00	1.58E+00	6.63E+00	1.87E+00	6.90E-01
CPCT02110069T	8.84E-01	1.49E+00	9.67E-01	9.52E-01	1.33E+00	1.42E+00	7.89E-01	1.13E+00	1.36E+00	1.25E+00	1.35E+00	4.72E-01	1.11E+00	1.26E+00	7.94E-01	1.03E+00	1.11E+00	8.31E-01	4.94E-01
WIDE01010410T	4.89E-01	1.81E+00	7.67E-01	3.50E-01	5.79E-01	1.99E+00	6.48E-01	6.95E-01	8.51E-01	8.07E-01	1.30E+00	4.99E-01	1.02E+00	9.58E-01	6.61E-01	7.79E-01	8.85E-01	7.88E-01	5.45E-01
CPCT02020721T	9.02E-01	1.89E+00	6.77E-01	8.06E-01	7.39E-01	2.22E+00	5.40E-01	1.11E+00	1.59E+00	1.27E+00	1.40E+00	5.43E-01	1.25E+00	8.58E-01	7.82E-01	6.83E-01	1.09E+00	9.85E-01	0.00E+00
CPCT02230101T	1.19E+00	1.71E+00	9.41E-01	5.89E-01	7.72E-01	1.63E+00	9.71E-01	8.90E-01	1.55E+00	1.47E+00	9.70E-01	6.22E-01	1.33E+00	1.17E+00	7.31E-01	8.64E-01	1.30E+00	5.40E-01	2.79E-01
WIDE01010418T	1.05E-01	8.44E-01	4.24E-01	6.04E-01	7.15E-01	1.23E+00	5.33E-01	4.91E-01	5.21E-01	5.58E-01	8.99E-01	6.67E-01	9.72E-01	5.59E-01	3.88E-01	6.06E-01	1.03E+00	8.08E-01	5.03E-01
CPCT02300040T	1.26E+00	1.85E+00	1.49E+00	6.51E+00	3.51E+00	1.73E+00	1.25E+00	1.32E+00	3.55E+00	1.99E+00	2.08E+00	1.10E+00	7.87E+00	1.18E+00	9.96E-01	8.01E-01	2.17E+00	1.10E+00	5.12E-01
WIDE01010048T	8.69E-01	2.24E+00	1.19E+00	4.59E-01	8.12E-01	2.60E+00	4.34E-01	5.63E-01	1.07E+00	9.35E-01	8.18E-01	5.78E-01	1.03E+00	8.47E-01	8.87E-01	6.04E-01	1.29E+00	8.64E-01	3.73E-01
CPCT02290037T	1.10E+00	3.91E+00	1.21E+00	1.07E+00	1.33E+00	4.56E+00	9.06E-01	1.50E+00	1.56E+00	1.43E+00	1.88E+00	8.58E-01	2.26E+00	8.59E-01	9.89E-01	7.31E-01	1.80E+00	1.21E+00	6.68E-01
WIDE01010249T	5.91E-01	2.35E+00	7.59E-01	5.65E-01	3.07E-01	2.45E+00	3.46E-01	9.73E-01	1.19E+00	9.88E-01	1.38E+00	5.20E-01	1.09E+00	8.77E-01	6.09E-01	7.12E-01	1.20E+00	1.14E+00	4.23E-01
DRUP01010148T	5.64E+02	3.00E+02	6.73E+02	2.79E+00	1.22E+00	4.52E+02	1.17E+02	1.85E+01	1.95E+02	2.58E+01	6.24E+01	1.08E+01	1.48E+02	3.74E+00	1.45E+01	1.49E+01	1.33E+02	9.83E+00	5.05E+00
WIDE01010372T	2.62E+00	2.31E+00	2.61E+00	3.59E+00	4.68E+00	2.43E+00	3.06E+00	1.67E+00	8.42E+00	8.04E+00	2.77E+00	2.00E+00	5.60E+00	4.21E+00	2.30E+00	2.42E+00	4.38E+00	1.67E+00	9.65E-01
WIDE01010406T	1.03E+00	2.80E+00	1.45E+00	1.16E+00	1.62E+00	2.61E+00	1.46E+00	7.85E-01	4.64E+00	4.09E+00	1.33E+00	1.39E+00	1.60E+00	1.54E+00	1.33E+00	1.25E+00	1.87E+00	1.10E+00	6.47E-01
WIDE01010432T	8.63E-01	1.55E+00	1.32E+00	4.34E+00	2.83E+00	1.54E+00	1.07E+00	1.13E+00	2.80E+00	1.76E+00	1.67E+00	9.95E-01	5.01E+00	9.49E-01	1.02E+00	8.06E-01	1.57E+00	1.02E+00	5.47E-01
CPCT02010846T	1.00E+00	1.81E+00	2.04E+00	1.14E+01	6.35E+00	1.94E+00	1.91E+00	1.66E+00	6.65E+00	1.72E+00	2.19E+00	1.67E+00	1.38E+01	1.05E+00	1.78E+00	9.93E-01	3.50E+00	2.06E+00	9.40E-01
CPCT02010746T	1.02E+00	5.13E+00	1.13E+00	9.39E-01	1.30E+00	4.96E+00	8.11E-01	1.86E+00	3.07E+00	2.62E+00	2.25E+00	1.38E+00	1.72E+00	1.14E+00	1.35E+00	7.40E-01	2.36E+00	1.25E+00	8.01E-01
CPCT02250009T	9.61E-01	1.98E+00	8.74E-01	2.01E+00	1.52E+00	2.31E+00	9.85E-01	1.50E+00	2.21E+00	2.11E+00	1.34E+00	6.56E-01	2.14E+00	1.51E+00	7.52E-01	1.03E+00	1.48E+00	9.98E-01	3.88E-01
CPCT02010838T	5.18E-01	1.31E+00	5.26E-01	3.79E-01	5.67E-01	1.15E+00	2.97E-01	7.67E-01	8.69E-01	5.99E-01	7.20E-01	4.28E-01	5.50E-01	8.47E-01	4.24E-01	4.24E-01	1.03E+00	6.46E-01	2.52E-01
CPCT02170027T	1.95E+00	3.41E+00	1.61E+00	1.38E+00	1.27E+00	3.96E+00	1.03E+00	1.82E+00	2.51E+00	1.52E+00	2.08E+00	8.90E-01	2.90E+00	2.18E+00	9.64E-01	1.11E+00	2.96E+00	2.29E+00	6.11E-01
CPCT02030484T	6.82E-01	1.41E+00	6.18E-01	7.35E-01	7.44E-01	1.30E+00	6.66E-01	9.22E-01	9.68E-01	9.92E-01	1.04E+00	3.69E-01	7.87E-01	9.86E-01	4.76E-01	8.28E-01	9.62E-01	7.02E-01	3.47E-01
CPCT02050364T	1.54E+00	3.83E+00	1.88E+00	9.93E-01	1.22E+00	4.04E+00	1.46E+00	1.30E+00	2.18E+00	1.98E+00	1.43E+00	6.66E-01	2.54E+00	1.65E+00	9.32E-01	1.22E+00	2.06E+00	1.77E+00	6.94E-01
CPCT02290040T	7.92E-01	2.23E+00	7.45E-01	1.17E+00	1.02E+00	2.81E+00	7.32E-01	1.10E+00	1.43E+00	1.18E+00	1.23E+00	8.03E-01	1.65E+00	1.19E+00	5.25E-01	8.65E-01	1.54E+00	1.16E+00	4.79E-01
CPCT02080228T	2.14E+00	3.53E+00	2.91E+00	1.23E+00	2.33E+00	3.66E+00	1.81E+00	1.33E+00	3.82E+00	3.29E+00	1.31E+00	1.08E+00	2.20E+00	1.61E+00	1.31E+00	1.60E+00	2.47E+00	1.33E+00	2.87E-01
CPCT02040257T	1.07E+00	2.12E+00	1.28E+00	8.10E-01	7.27E-01	2.52E+00	1.07E+00	1.10E+00	1.12E+00	1.67E+00	1.66E+00	7.35E-01	1.40E+00	1.11E+00	1.27E+00	8.22E-01	1.67E+00	1.48E+00	6.07E-01
CPCT02160051T	4.58E-01	1.22E+00	8.36E-01	4.64E-01	6.41E-01	1.26E+00	7.14E-01	7.77E-01	9.00E-01	8.37E-01	9.09E-01	3.02E-01	6.28E-01	8.36E-01	6.49E-01	2.99E-01	9.31E-01	4.58E-01	3.99E-01
CPCT02120137T	5.22E-01	1.63E+00	6.50E-01	5.67E-01	6.80E-01	1.72E+00	7.41E-01	8.48E-01	8.41E-01	9.47E-01	1.39E+00	1.03E+00	8.26E-01	9.39E-01	6.32E-01	7.06E-01	1.25E+00	1.26E+00	4.31E-01
CPCT02150014T	7.09E-01	1.53E+00	9.20E-01	3.62E-01	7.06E-01	1.80E+00	2.68E-01	9.76E-01	1.07E+00	1.13E+00	1.08E+00	9.28E-02	1.47E+00	9.13E-01	7.20E-01	6.50E-01	1.97E+00	1.61E+00	2.84E-01
CPCT02210059T	2.60E+00	2.95E+00	5.62E+00	2.83E+01	1.22E+01	3.35E+00	3.18E+00	1.90E+00	1.57E+01	2.37E+00	2.32E+00	2.23E+00	3.28E+01	2.68E+00	2.41E+00	2.16E+00	8.09E+00	3.73E+00	8.64E-01
CPCT02040254T	1.07E+00	1.54E+00	1.17E+00	7.69E-01	1.01E+00	1.73E+00	1.16E+00	1.11E+00	1.80E+00	1.54E+00	1.43E+00	8.26E-01	1.01E+00	1.28E+00	1.12E+00	1.01E+00	1.51E+00	8.92E-01	6.03E-01
CPCT02070344T	5.22E-01	1.57E+00	3.22E-01	8.82E-01	8.20E-01	1.41E+00	5.06E-01	8.84E-01	1.57E+00	1.39E+00	8.76E-01	5.64E-01	9.05E-01	1.19E+00	6.65E-01	9.27E-01	1.04E+00	8.88E-01	1.88E-01
CPCT02300043T	8.81E-01	1.08E+00	1.06E+00	3.30E+00	3.65E+00	1.24E+00	1.40E+00	1.10E+00	3.03E+00	1.52E+00	8.80E-01	1.06E+00	4.06E+00	5.06E-01	1.32E+00	7.29E-01	1.73E+00	1.30E+00	4.68E-01
CPCT02220047T	1.16E+00	1.67E+00	2.73E+00	1.38E+01	6.36E+00	1.62E+00	1.25E+00	1.67E+00	7.32E+00	2.05E+00	1.76E+00	1.14E+00	1.61E+01	1.37E+00	8.82E-01	9.87E-01	4.14E+00	1.57E+00	6.44E-01
CPCT02360011T	1.23E+00	2.77E+00	1.01E+00	8.65E-01	7.64E-01	3.14E+00	9.63E-01	9.99E-01	1.60E+00	1.40E+00	1.33E+00	8.16E-01	1.11E+00	8.87E-01	1.05E+00	8.10E-01	1.17E+00	9.03E-01	5.20E-01
CPCT02020711T	8.70E-01	1.44E+00	1.10E+00	3.55E+00	3.46E+00	1.65E+00	9.34E-01	1.04E+00	3.17E+00	1.51E+00	1.79E+00	1.32E+00	4.26E+00	7.24E-01	1.22E+00	9.80E-01	1.94E+00	1.30E+00	9.91E-01
CPCT02150016T	1.73E+00	2.42E+00	1.91E+00	9.58E-01	1.12E+00	2.45E+00	6.22E-01	1.67E+00	1.62E+00	1.00E+00	2.66E+00	5.37E-01	1.74E+00	2.20E+00	7.30E-01	1.48E+00	1.51E+00	1.87E+00	7.92E-01
CPCT02030258T	1.52E+00	2.16E+00	1.65E+00	9.11E-01	1.66E+00	2.75E+00	1.05E+00	1.59E+00	2.63E+00	2.28E+00	1.64E+00	1.04E+00	2.01E+00	2.29E+00	1.19E+00	2.01E+00	2.98E+00	2.10E+00	4.85E-01
CPCT02250010T	2.53E+00	4.41E+00	1.65E+00	1.39E+00	9.31E-01	5.12E+00	1.35E+00	1.25E+00	1.79E+00	1.42E+00	1.68E+00	9.32E-01	1.57E+00	2.37E+00	8.74E-01	1.89E+00	1.70E+00	1.11E+00	4.44E-01
DRUP01110005T	8.09E-01	1.98E+00	1.12E+00	4.56E-01	1.34E+00	1.76E+00	7.70E-01	1.60E+00	1.54E+00	1.00E+00	1.72E+00	1.60E+00	1.30E+00	1.11E+00	1.01E+00	9.25E-01	1.36E+00	1.32E+00	5.13E-01
DRUP01180001T	2.95E+00	3.38E+00	3.28E+00	1.33E+01	6.22E+00	3.47E+00	1.76E+00	2.00E+00	7.32E+00	2.47E+00	3.02E+00	1.46E+00	1.43E+01	2.54E+00	1.52E+00	1.39E+00	3.68E+00	1.89E+00	1.04E+00
CPCT02010863T	6.28E-01	1.65E+00	1.00E+00	1.16E+00	9.90E-01	1.60E+00	1.02E+00	1.03E+00	1.06E+00	1.38E+00	1.40E+00	1.04E+00	1.25E+00	7.84E-01	9.28E-01	5.38E-01	1.63E+00	1.44E+00	1.91E-01
CPCT02070352T	6.70E-01	2.06E+00	7.03E-01	7.17E-01	8.29E-01	2.12E+00	4.38E-01	7.89E-01	1.76E+00	1.90E+00	1.17E+00	4.33E-01	1.60E+00	8.61E-01	5.58E-01	7.32E-01	1.84E+00	1.57E+00	5.07E-01
CPCT02060179T	8.00E-01	2.16E+00	7.65E-01	7.34E-01	1.01E+00	2.36E+00	6.30E-01	1.33E+00	1.41E+00	1.24E+00	1.54E+00	4.51E-01	1.73E+00	1.47E+00	2.12E-01	7.90E-01	1.48E+00	9.87E-01	5.31E-01
CPCT02120148T	5.97E-01	1.97E+00	6.48E-01	6.20E-01	9.08E-01	2.10E+00	8.81E-01	1.33E+00	1.05E+00	9.08E-01	1.75E+00	7.52E-01	1.13E+00	9.85E-01	8.99E-01	5.80E-01	1.44E+00	1.26E+00	2.71E-01
CPCT02030500T	1.38E+00	2.60E+00	2.62E+00	7.88E-01	1.12E+00	2.92E+00	3.50E+00	1.11E+00	2.19E+00	7.73E+00	2.33E+00	4.13E+00	2.80E+00	5.58E-01	7.54E+00	1.57E+00	4.60E+00	1.30E+00	1.17E+00
CPCT02150017T	7.52E-01	1.69E+00	1.14E+00	7.06E+00	4.11E+00	1.85E+00	1.26E+00	9.65E-01	4.35E+00	1.38E+00	1.18E+00	1.14E+00	7.83E+00	7.37E-01	1.16E+00	8.10E-01	2.02E+00	8.60E-01	3.86E-01
CPCT02170029T	5.88E-01	1.16E+00	6.11E-01	7.13E-01	9.77E-01	1.17E+00	5.18E-01	9.66E-01	1.86E+00	1.64E+00	1.65E+00	7.08E-01	9.33E-01	9.72E-01	7.10E-01	8.00E-01	1.11E+00	9.70E-01	3.26E-01
CPCT02010886T	1.90E+00	2.21E+00	1.58E+00	1.54E+00	1.67E+00	2.41E+00	1.29E+00	1.38E+00	6.01E+00	5.29E+00	2.05E+00	1.23E+00	2.13E+00	1.36E+00	1.43E+00	1.45E+00	2.61E+00	1.82E+00	6.70E-01
CPCT02390029T	8.58E-01	1.12E+00	1.22E+00	6.15E-01	7.10E-01	8.86E-01	5.65E-01	7.73E-01	9.47E-01	1.12E+00	1.20E+00	3.54E-01	8.31E-01	7.38E-01	8.85E-01	7.37E-01	1.40E+00	1.09E+00	2.05E-01
CPCT02080243T	1.85E+00	3.44E+00	3.16E+00	1.65E+01	9.10E+00	4.26E+00	3.21E+00	1.91E+00	9.44E+00	4.01E+00	2.70E+00	1.52E+00	2.00E+01	2.15E+00	2.06E+00	1.62E+00	5.33E+00	6.30E+00	8.94E-01
CPCT02010890T	7.05E-01	1.04E+00	6.80E-01	6.40E-01	7.98E-01	9.18E-01	2.83E-01	8.35E-01	8.14E-01	8.11E-01	8.54E-01	4.33E-01	6.65E-01	6.28E-01	4.62E-01	5.01E-01	6.80E-01	5.07E-01	4.94E-01
CPCT02150018T	6.81E-01	1.60E+00	6.79E-01	5.93E-01	7.70E-01	1.85E+00	9.26E-01	9.18E-01	7.93E-01	1.21E+00	1.30E+00	8.24E-01	1.03E+00	1.14E+00	6.80E-01	7.30E-01	1.18E+00	9.46E-01	4.54E-01
CPCT02010896T	2.16E+00	2.85E+00	2.46E+00	1.13E+00	1.56E+00	3.08E+00	1.30E+00	1.31E+00	3.63E+00	3.75E+00	1.97E+00	1.69E+00	1.83E+00	2.44E+00	1.40E+00	1.81E+00	2.48E+00	1.28E+00	4.93E-01
CPCT02360022T	4.34E-01	1.80E+00	7.06E-01	7.00E-01	9.15E-01	1.83E+00	4.67E-01	9.06E-01	1.57E+00	1.42E+00	1.16E+00	6.10E-01	9.78E-01	7.11E-01	7.38E-01	7.85E-01	1.24E+00	8.51E-01	3.43E-01
CPCT02220053T	7.00E-01	1.86E+00	6.43E-01	8.13E-01	7.06E-01	2.07E+00	6.37E-01	9.70E-01	1.23E+00	1.11E+00	1.02E+00	5.47E-01	1.05E+00	8.96E-01	7.18E-01	9.23E-01	1.37E+00	1.25E+00	5.63E-01
CPCT02040267T	6.64E-01	2.39E+00	7.59E-01	4.67E-01	8.42E-01	2.58E+00	8.14E-01	9.68E-01	1.10E+00	1.27E+00	1.06E+00	5.73E-01	1.50E+00	9.10E-01	9.17E-01	5.88E-01	1.37E+00	8.36E-01	2.54E-01
CPCT02040266T	9.08E-01	1.40E+00	1.58E+00	8.23E+00	4.83E+00	1.20E+00	5.72E-01	1.36E+00	5.62E+00	4.17E+00	1.61E+00	1.17E+00	9.92E+00	9.49E-01	1.36E+00	1.11E+00	2.63E+00	1.48E+00	6.00E-01
CPCT02010891T	3.54E-01	1.43E+00	9.92E-01	4.92E-01	4.46E-01	1.66E+00	3.06E-01	8.16E-01	9.91E-01	1.05E+00	1.11E+00	5.44E-01	1.34E+00	7.91E-01	7.60E-01	6.41E-01	1.55E+00	1.23E+00	5.12E-01
CPCT02350007T	1.40E+00	5.21E+00	2.03E+00	8.59E-01	1.06E+00	5.59E+00	1.25E+00	1.38E+00	1.82E+00	1.66E+00	2.01E+00	7.86E-01	1.84E+00	1.32E+00	1.16E+00	9.62E-01	2.73E+00	1.77E+00	4.51E-01
CPCT02020830T	6.86E-01	1.99E+00	4.18E-01	5.77E-01	7.57E-01	2.39E+00	5.45E-01	1.33E+00	9.24E-01	7.67E-01	1.14E+00	3.89E-01	1.02E+00	8.00E-01	4.64E-01	4.66E-01	1.26E+00	7.57E-01	3.87E-01
CPCT02030383T	1.20E+00	1.45E+00	1.19E+00	7.18E-01	7.32E-01	1.38E+00	5.90E-01	1.04E+00	1.06E+00	8.40E-01	1.55E+00	5.41E-01	1.09E+00	1.28E+00	6.70E-01	9.46E-01	1.20E+00	1.33E+00	4.81E-01
CPCT02350008T	1.31E+00	2.57E+00	1.68E+00	1.53E+00	1.91E+00	2.60E+00	1.05E+00	2.04E+00	2.49E+00	1.90E+00	3.22E+00	1.65E+00	1.81E+00	1.17E+00	1.22E+00	1.26E+00	4.25E+00	3.42E+00	5.06E-01
CPCT02030289TIII	1.12E+00	6.23E+00	1.61E+00	1.16E+00	2.10E+00	6.28E+00	1.28E+00	2.14E+00	4.00E+00	2.60E+00	2.02E+00	1.03E+00	2.27E+00	1.47E+00	1.40E+00	1.17E+00	3.30E+00	1.53E+00	7.61E-01
CPCT02160055T	6.35E-01	1.61E+00	5.09E-01	2.99E-01	7.66E-01	1.52E+00	5.66E-01	8.04E-01	8.99E-01	8.65E-01	1.00E+00	4.03E-01	8.93E-01	8.09E-01	5.67E-01	6.37E-01	1.14E+00	5.74E-01	2.65E-01
CPCT02050383T	5.32E-01	1.64E+00	7.97E-01	5.02E-01	7.79E-01	1.67E+00	5.81E-01	1.02E+00	8.52E-01	8.55E-01	1.54E+00	1.37E+00	9.33E-01	9.59E-01	9.22E-01	5.09E-01	1.13E+00	1.16E+00	5.25E-01
CPCT02290046T	6.38E-01	1.81E+00	4.79E-01	5.52E-01	8.62E-01	1.93E+00	5.66E-01	1.20E+00	1.42E+00	1.03E+00	1.09E+00	3.29E-01	1.02E+00	1.06E+00	8.17E-01	6.50E-01	1.45E+00	8.17E-01	4.93E-01
CPCT02030522T	8.85E-01	1.95E+00	7.76E-01	8.21E-01	1.44E+00	2.16E+00	9.36E-01	1.06E+00	2.27E+00	1.94E+00	1.12E+00	7.06E-01	1.43E+00	1.14E+00	7.93E-01	1.01E+00	1.37E+00	1.30E+00	4.85E-01
CPCT02110076T	1.56E+00	2.66E+00	1.05E+00	1.65E+00	1.43E+00	3.29E+00	1.01E+00	1.11E+00	3.26E+00	2.97E+00	1.22E+00	9.47E-01	1.92E+00	1.26E+00	1.28E+00	1.29E+00	1.60E+00	1.04E+00	5.66E-01
CPCT02080250T	2.36E+00	2.90E+00	2.34E+00	1.40E+00	1.21E+00	2.86E+00	1.08E+00	1.23E+00	1.82E+00	1.51E+00	1.49E+00	8.89E-01	1.71E+00	1.66E+00	7.67E-01	1.39E+00	2.14E+00	1.52E+00	9.71E-01
CPCT02230110T	3.33E+00	5.29E+00	2.98E+00	2.44E+00	4.35E+00	6.02E+00	2.70E+00	1.23E+00	1.16E+01	1.08E+01	2.32E+00	1.73E+00	3.36E+00	1.92E+00	1.95E+00	2.08E+00	4.11E+00	1.55E+00	6.70E-01
CPCT02010900T	1.11E+00	2.87E+00	1.23E+00	1.07E+00	1.80E+00	3.58E+00	1.12E+00	9.84E-01	4.00E+00	3.21E+00	1.21E+00	1.00E+00	1.84E+00	8.08E-01	1.01E+00	9.56E-01	1.66E+00	8.12E-01	4.31E-01
CPCT02120158T	1.27E+00	3.33E+00	9.11E-01	1.31E+00	1.25E+00	4.26E+00	9.62E-01	1.50E+00	1.49E+00	1.23E+00	1.91E+00	1.13E+00	2.75E+00	1.04E+00	7.95E-01	7.03E-01	1.89E+00	1.50E+00	6.62E-01
CPCT02180070T	3.73E-01	1.23E+00	6.95E-01	6.31E-01	9.83E-01	1.05E+00	7.76E-01	9.08E-01	2.60E+00	2.21E+00	8.95E-01	8.57E-01	7.68E-01	8.12E-01	8.91E-01	6.47E-01	1.14E+00	6.66E-01	4.92E-01
CPCT02210069T	1.47E+00	2.12E+00	1.48E+00	8.35E-01	1.26E+00	2.36E+00	1.29E+00	1.01E+00	2.70E+00	2.38E+00	1.60E+00	9.58E-01	1.34E+00	1.40E+00	9.89E-01	1.04E+00	1.57E+00	1.53E+00	3.99E-01
CPCT02070360T	4.88E-01	1.42E+00	1.32E+00	5.87E+00	5.31E+00	1.41E+00	1.37E+00	1.54E+00	5.36E+00	1.76E+00	1.99E+00	9.74E-01	7.22E+00	1.06E+00	7.16E-01	8.59E-01	2.70E+00	1.63E+00	8.06E-01
CPCT02180069T	1.49E+00	3.52E+00	1.11E+00	7.23E-01	1.22E+00	3.50E+00	1.09E+00	1.42E+00	1.86E+00	1.55E+00	9.36E-01	7.82E-01	1.87E+00	1.79E+00	7.94E-01	9.16E-01	1.80E+00	1.33E+00	2.88E-01
CPCT02410009T	7.00E-01	1.54E+00	8.82E-01	8.83E-01	8.24E-01	1.38E+00	9.97E-01	1.14E+00	1.23E+00	1.26E+00	1.55E+00	7.03E-01	8.73E-01	9.77E-01	7.78E-01	8.71E-01	1.30E+00	1.40E+00	4.03E-01
CPCT02080254T	9.20E-01	2.24E+00	9.28E-01	5.76E-01	7.36E-01	2.35E+00	3.65E-01	1.06E+00	8.72E-01	1.02E+00	1.10E+00	4.78E-01	1.10E+00	5.11E-01	8.16E-01	5.37E-01	1.37E+00	8.42E-01	2.40E-01
CPCT02110077T	1.30E+00	2.14E+00	1.54E+00	8.13E-01	1.13E+00	2.36E+00	1.23E+00	2.06E+00	1.54E+00	1.43E+00	2.84E+00	1.14E+00	1.60E+00	1.27E+00	8.36E-01	9.02E-01	2.11E+00	1.87E+00	7.48E-01
CPCT02010915T	6.66E-01	1.39E+00	6.01E-01	1.30E+00	1.70E+00	1.12E+00	1.73E+00	1.22E+00	2.85E+00	2.57E+00	1.71E+00	1.11E+00	1.47E+00	8.99E-01	1.47E+00	9.51E-01	1.60E+00	9.77E-01	2.35E-01
CPCT02120154T	8.48E-01	2.24E+00	7.35E-01	5.94E-01	7.66E-01	2.49E+00	6.25E-01	7.89E-01	1.18E+00	9.75E-01	1.03E+00	5.53E-01	1.24E+00	8.38E-01	6.91E-01	6.66E-01	9.63E-01	8.29E-01	2.10E-01
CPCT02080253T	3.28E+00	7.14E+00	3.29E+00	2.11E+00	2.23E+00	1.00E+01	1.75E+00	2.00E+00	3.54E+00	2.08E+00	3.65E+00	1.25E+00	6.74E+00	3.07E+00	1.08E+00	1.23E+00	3.81E+00	2.76E+00	7.87E-01
CPCT02140083T	1.37E+00	2.14E+00	1.25E+00	1.13E+00	2.19E+00	2.67E+00	2.32E+00	1.17E+00	7.02E+00	5.54E+00	1.08E+00	1.25E+00	1.80E+00	1.04E+00	1.37E+00	1.32E+00	2.12E+00	1.00E+00	4.00E-01
CPCT02020791T	8.39E-01	4.03E+00	7.79E-01	1.13E+00	2.30E+00	4.21E+00	1.09E+00	1.10E+00	4.72E+00	4.14E+00	1.31E+00	8.40E-01	2.03E+00	7.37E-01	1.22E+00	1.11E+00	1.70E+00	1.15E+00	4.82E-01
DRUP01010091T	1.74E+00	1.81E+00	1.91E+00	8.83E+00	5.96E+00	1.99E+00	1.83E+00	1.72E+00	5.95E+00	2.16E+00	2.12E+00	1.66E+00	1.05E+01	1.29E+00	1.30E+00	1.06E+00	3.55E+00	1.88E+00	6.89E-01
CPCT02100187T	5.48E-01	1.24E+00	5.86E-01	4.67E-01	8.09E-01	1.13E+00	5.78E-01	9.79E-01	1.32E+00	1.31E+00	1.43E+00	1.16E+00	6.03E-01	5.29E-01	6.81E-01	7.07E-01	6.94E-01	9.08E-01	3.75E-01
CPCT02040282T	9.95E-01	1.95E+00	9.60E-01	1.05E+00	1.63E+00	2.22E+00	6.30E-01	1.15E+00	1.25E+00	1.34E+00	1.62E+00	6.24E-01	1.36E+00	1.28E+00	7.84E-01	6.33E-01	2.26E+00	1.86E+00	5.80E-01
CPCT02290052T	1.76E+00	4.09E+00	2.03E+00	1.31E+00	1.64E+00	5.27E+00	1.57E+00	1.51E+00	2.90E+00	2.70E+00	2.18E+00	1.51E+00	2.41E+00	1.95E+00	1.26E+00	1.32E+00	2.18E+00	1.53E+00	5.13E-01
CPCT02310018T	1.25E+00	3.19E+00	5.37E-01	1.08E+00	1.53E+00	4.41E+00	8.57E-01	1.51E+00	2.08E+00	1.18E+00	1.60E+00	6.24E-01	2.41E+00	9.91E-01	7.70E-01	6.81E-01	1.74E+00	1.52E+00	3.42E-01
CPCT02310019T	2.06E+00	1.28E+01	2.34E+00	1.29E+00	2.01E+00	1.38E+01	1.36E+00	1.67E+00	5.62E+00	4.29E+00	2.16E+00	1.21E+00	3.08E+00	7.11E-01	1.32E+00	1.24E+00	3.99E+00	2.32E+00	8.36E-01
CPCT02470001T	6.72E-01	1.78E+00	7.75E-01	5.40E-01	8.30E-01	1.67E+00	4.46E-01	8.50E-01	1.04E+00	9.10E-01	1.13E+00	3.08E-01	1.22E+00	1.18E+00	6.64E-01	3.08E-01	1.00E+00	7.42E-01	3.08E-01
DRUP01220002T	2.13E+00	2.17E+00	2.23E+00	2.22E+00	3.67E+00	2.86E+00	3.68E+00	1.48E+00	6.28E+00	5.88E+00	1.57E+00	1.76E+00	3.09E+00	1.61E+00	1.45E+00	1.67E+00	2.68E+00	1.33E+00	6.57E-01
CPCT02030521T	6.66E-01	1.35E+00	7.79E-01	6.89E-01	1.15E+00	1.43E+00	3.20E-01	1.18E+00	1.97E+00	1.86E+00	1.34E+00	1.17E+00	8.73E-01	8.68E-01	5.61E-01	7.02E-01	1.00E+00	7.21E-01	6.16E-01
CPCT02010901T	1.25E+00	2.64E+00	3.66E+00	1.64E+01	8.28E+00	2.69E+00	1.99E+00	2.44E+00	9.51E+00	2.35E+00	3.32E+00	1.35E+00	1.90E+01	1.09E+00	1.59E+00	1.03E+00	4.83E+00	3.32E+00	9.14E-01
CPCT02290048T	1.13E+00	1.93E+00	1.18E+00	7.19E-01	8.19E-01	1.84E+00	8.64E-01	9.65E-01	1.03E+00	1.16E+00	1.39E+00	6.52E-01	1.84E+00	1.53E+00	7.25E-01	8.27E-01	1.29E+00	6.73E-01	5.14E-01
CPCT02210071T	7.27E-01	2.39E+00	9.30E-01	8.24E-01	1.37E+00	2.49E+00	1.58E+00	1.41E+00	2.25E+00	2.16E+00	1.48E+00	8.67E-01	1.29E+00	1.08E+00	8.71E-01	7.29E-01	1.19E+00	4.42E-01	4.53E-01
CPCT02120165T	6.65E-01	1.73E+00	9.89E-01	1.24E+00	1.69E+00	1.71E+00	1.09E+00	1.51E+00	1.78E+00	1.32E+00	2.09E+00	7.39E-01	1.47E+00	1.24E+00	9.10E-01	9.82E-01	1.78E+00	1.43E+00	4.45E-01
CPCT02020773T	3.57E-01	1.45E+00	8.90E-01	1.31E+00	2.35E+00	1.98E+00	1.85E+00	9.25E-01	6.38E+00	5.47E+00	1.42E+00	1.19E+00	2.05E+00	1.30E+00	1.34E+00	1.26E+00	3.15E+00	2.43E+00	4.31E-01
CPCT02040290T	1.23E+00	2.48E+00	1.47E+00	1.14E+00	1.81E+00	2.62E+00	1.49E+00	1.14E+00	4.90E+00	4.46E+00	1.56E+00	1.36E+00	1.84E+00	1.48E+00	1.62E+00	1.29E+00	2.42E+00	1.28E+00	5.07E-01
CPCT02020829T	1.39E+00	2.29E+00	1.40E+00	3.95E-01	8.04E-01	2.20E+00	8.60E-01	1.04E+00	1.19E+00	1.15E+00	1.40E+00	7.21E-01	1.21E+00	6.59E-01	7.55E-01	4.83E-01	1.24E+00	8.33E-01	3.65E-01
CPCT02150027T	8.61E-01	2.38E+00	1.01E+00	4.64E+00	5.08E+00	2.40E+00	1.30E+00	1.60E+00	4.97E+00	1.77E+00	1.34E+00	1.14E+00	5.85E+00	5.29E-01	7.70E-01	7.26E-01	1.83E+00	9.22E-01	6.47E-01
CPCT02010933T	1.16E+00	2.15E+00	1.07E+00	5.21E+00	2.74E+00	1.75E+00	7.01E-01	1.70E+00	3.31E+00	1.46E+00	1.44E+00	5.58E-01	5.46E+00	1.02E+00	7.85E-01	8.44E-01	1.69E+00	1.06E+00	8.78E-01
CPCT02210073T	1.63E+00	2.33E+00	2.47E+00	9.21E+00	4.68E+00	2.39E+00	1.40E+00	1.67E+00	5.04E+00	1.46E+00	2.45E+00	1.21E+00	1.02E+01	1.46E+00	1.20E+00	1.22E+00	2.76E+00	1.47E+00	6.02E-01
CPCT02190049T	1.92E+00	2.69E+00	2.24E+00	1.32E+00	1.27E+00	2.57E+00	1.80E+00	1.61E+00	1.82E+00	1.75E+00	2.01E+00	1.44E+00	2.04E+00	2.00E+00	1.26E+00	1.46E+00	1.24E+00	1.44E+00	5.38E-01
CPCT02020824T	1.33E+00	1.71E+00	1.18E+00	8.75E-01	9.22E-01	1.77E+00	7.68E-01	9.41E-01	1.14E+00	1.03E+00	9.73E-01	7.25E-01	1.06E+00	8.04E-01	7.28E-01	8.64E-01	1.17E+00	8.55E-01	3.98E-01
CPCT02010934T	1.04E+00	1.49E+00	9.71E-01	5.19E-01	1.01E+00	1.96E+00	9.64E-01	1.11E+00	1.46E+00	1.45E+00	1.40E+00	7.62E-01	1.43E+00	1.16E+00	1.02E+00	9.17E-01	1.52E+00	9.24E-01	4.76E-01
CPCT02290057T	7.84E-01	2.78E+00	1.15E+00	5.19E-01	8.04E-01	3.17E+00	4.79E-01	1.55E+00	1.60E+00	1.15E+00	2.12E+00	6.63E-01	1.45E+00	1.36E+00	3.70E-01	9.89E-01	1.66E+00	1.16E+00	4.48E-01
CPCT02020801T	9.65E-01	1.92E+00	8.26E-01	8.14E-01	9.63E-01	1.93E+00	7.92E-01	1.19E+00	1.25E+00	1.26E+00	9.75E-01	5.40E-01	1.28E+00	1.13E+00	2.09E-01	6.29E-01	1.33E+00	9.31E-01	3.85E-01
CPCT02340066TII	9.25E-01	3.78E+00	9.26E-01	1.72E+00	2.18E+00	4.33E+00	1.20E+00	1.08E+00	6.36E+00	5.77E+00	1.90E+00	1.17E+00	1.98E+00	1.42E+00	1.44E+00	1.23E+00	2.42E+00	9.71E-01	6.01E-01
CPCT02020795T	1.41E+00	5.60E+00	1.56E+00	6.48E-01	1.12E+00	5.88E+00	8.72E-01	1.44E+00	1.47E+00	1.06E+00	2.07E+00	5.84E-01	1.95E+00	1.48E+00	8.65E-01	1.11E+00	1.94E+00	1.42E+00	3.78E-01
CPCT02010939T	2.32E+00	2.15E+00	2.13E+00	8.98E-01	1.04E+00	2.10E+00	1.33E+00	9.92E-01	2.02E+00	1.70E+00	1.54E+00	9.94E-01	2.34E+00	1.44E+00	1.09E+00	1.07E+00	1.77E+00	1.47E+00	6.23E-01
CPCT02010936T	7.45E-01	8.59E-01	7.38E-01	8.98E-01	8.13E-01	8.81E-01	7.24E-01	8.34E-01	1.08E+00	8.86E-01	1.30E+00	8.73E-01	1.06E+00	9.82E-01	6.65E-01	7.09E-01	9.48E-01	7.41E-01	5.30E-01
CPCT02020807T	1.18E+00	3.52E+00	1.05E+00	9.01E-01	9.31E-01	3.68E+00	7.10E-01	9.94E-01	1.62E+00	1.25E+00	1.19E+00	7.71E-01	1.11E+00	8.80E-01	9.94E-01	7.23E-01	1.46E+00	9.25E-01	3.34E-01
CPCT02020597TII	1.07E+00	2.97E+00	1.07E+00	1.07E+00	1.63E+00	3.10E+00	7.13E-01	1.40E+00	2.75E+00	1.98E+00	1.70E+00	8.16E-01	3.53E+00	2.74E+00	8.56E-01	1.88E+00	2.77E+00	2.12E+00	6.04E-01
CPCT02050409T	1.10E+00	2.33E+00	2.41E+00	1.20E+01	6.48E+00	2.47E+00	1.64E+00	2.20E+00	6.98E+00	2.16E+00	3.26E+00	1.27E+00	1.45E+01	1.05E+00	1.37E+00	1.02E+00	3.61E+00	2.07E+00	9.59E-01
DRUP01020034T	1.21E+00	1.95E+00	2.94E+00	1.65E+01	8.87E+00	1.67E+00	1.57E+00	2.06E+00	9.61E+00	2.27E+00	2.33E+00	1.55E+00	1.92E+01	1.76E+00	1.60E+00	9.40E-01	5.24E+00	2.17E+00	5.72E-01
CPCT02010940T	8.46E-01	3.17E+00	1.04E+00	5.32E-01	8.03E-01	3.64E+00	6.96E-01	1.26E+00	1.43E+00	9.45E-01	1.22E+00	4.38E-01	1.53E+00	7.78E-01	6.34E-01	7.61E-01	1.79E+00	7.52E-01	4.54E-01
DRUP01210004T	1.26E+00	2.85E+00	1.30E+00	8.68E-01	1.40E+00	3.06E+00	7.96E-01	1.18E+00	2.87E+00	2.54E+00	1.19E+00	6.22E-01	1.62E+00	1.62E+00	9.16E-01	1.42E+00	2.43E+00	1.68E+00	3.50E-01
CPCT02060272T	6.28E-01	1.30E+00	6.90E-01	2.36E-01	5.65E-01	1.38E+00	8.31E-01	8.12E-01	9.05E-01	1.08E+00	9.41E-01	4.45E-01	9.74E-01	1.09E+00	4.77E-01	8.66E-01	1.59E+00	1.25E+00	2.68E-01
CPCT02130163T	2.08E+00	6.52E+00	2.17E+00	1.50E+00	1.84E+00	7.27E+00	1.45E+00	1.93E+00	2.84E+00	2.39E+00	2.62E+00	1.51E+00	2.59E+00	2.64E+00	1.10E+00	1.62E+00	2.57E+00	1.52E+00	6.98E-01
DRUP01220003T	1.54E+00	3.14E+00	1.61E+00	1.45E+00	1.26E+00	3.49E+00	1.97E+00	1.57E+00	1.74E+00	1.52E+00	2.29E+00	1.88E+00	2.31E+00	2.42E+00	1.50E+00	2.13E+00	1.86E+00	1.94E+00	7.13E-01
DRUP01210005T	2.16E+00	2.63E+00	4.43E+00	2.59E+01	1.10E+01	3.02E+00	2.59E+00	1.85E+00	1.39E+01	2.34E+00	2.51E+00	2.12E+00	2.88E+01	2.34E+00	1.92E+00	1.97E+00	7.28E+00	3.93E+00	8.20E-01
CPCT02450016T	1.01E+00	1.69E+00	6.57E-01	5.33E-01	6.38E-01	1.89E+00	8.12E-01	1.24E+00	1.38E+00	1.36E+00	2.06E+00	8.40E-01	1.58E+00	1.43E+00	8.43E-01	7.43E-01	2.22E+00	1.17E+00	5.33E-01
DRUP01120001T	1.11E+00	1.56E+00	1.42E+00	9.07E-01	1.13E+00	1.65E+00	9.84E-01	1.19E+00	1.47E+00	1.51E+00	1.89E+00	1.57E+00	1.56E+00	1.76E+00	1.08E+00	1.41E+00	1.33E+00	1.34E+00	8.08E-01
CPCT02220026T	2.18E+00	2.05E+00	2.08E+00	2.37E+00	4.03E+00	2.48E+00	3.69E+00	1.95E+00	6.86E+00	5.61E+00	1.75E+00	1.78E+00	3.71E+00	1.78E+00	1.86E+00	1.72E+00	2.64E+00	1.28E+00	8.11E-01
CPCT02010969T	8.24E-01	1.08E+00	6.57E-01	1.20E+00	2.00E+00	1.28E+00	1.03E+00	1.56E+00	5.07E+00	4.47E+00	1.44E+00	9.64E-01	1.77E+00	8.96E-01	1.47E+00	9.70E-01	1.76E+00	1.01E+00	4.94E-01
CPCT02010643T	1.49E+00	2.41E+00	1.30E+00	6.34E-01	1.07E+00	2.96E+00	6.06E-01	1.10E+00	1.41E+00	1.15E+00	1.16E+00	7.61E-01	1.16E+00	1.18E+00	9.90E-01	9.46E-01	1.41E+00	1.14E+00	2.45E-01
CPCT02040160T	1.14E+00	2.72E+00	1.20E+00	8.35E-01	7.27E-01	3.04E+00	5.33E-01	1.40E+00	1.22E+00	1.05E+00	1.01E+00	6.66E-01	1.26E+00	1.13E+00	7.28E-01	8.96E-01	1.64E+00	1.31E+00	4.78E-01
CPCT02140085T	8.73E-01	1.76E+00	9.41E-01	7.90E-01	1.48E+00	1.89E+00	8.68E-01	1.44E+00	1.36E+00	1.26E+00	8.58E-01	6.95E-01	9.55E-01	1.53E+00	7.85E-01	1.09E+00	1.16E+00	1.67E+00	4.49E-01
DRUP01080004T	2.12E+00	3.10E+00	2.22E+00	1.20E+00	3.33E+00	3.52E+00	1.70E+00	3.57E+00	4.41E+00	2.58E+00	2.57E+00	2.10E+00	2.00E+00	2.19E+00	1.63E+00	1.58E+00	3.15E+00	2.24E+00	7.41E-01
CPCT02080070TII	1.23E+00	4.60E+00	1.52E+00	1.01E+00	1.69E+00	4.72E+00	1.25E+00	2.19E+00	3.13E+00	2.22E+00	2.20E+00	9.48E-01	2.04E+00	1.31E+00	1.14E+00	1.31E+00	2.73E+00	1.52E+00	7.66E-01
CPCT02060128T	1.41E+00	2.54E+00	1.26E+00	2.30E+00	1.70E+00	2.24E+00	1.22E+00	1.48E+00	2.62E+00	2.13E+00	2.24E+00	8.07E-01	2.89E+00	2.83E+00	7.19E-01	1.84E+00	1.78E+00	1.08E+00	5.80E-01
CPCT02060129T	6.04E-01	1.40E+00	1.09E+00	6.23E-01	8.59E-01	1.52E+00	5.10E-01	1.07E+00	8.67E-01	8.25E-01	5.93E-01	4.97E-01	6.27E-01	8.62E-01	2.42E-01	7.16E-01	1.06E+00	9.40E-01	3.77E-01
CPCT02220060T	9.07E-01	1.31E+00	1.37E+00	6.62E+00	6.14E+00	1.35E+00	1.44E+00	1.46E+00	4.68E+00	1.58E+00	1.84E+00	1.04E+00	9.19E+00	9.45E-01	1.00E+00	7.55E-01	3.56E+00	1.43E+00	6.81E-01
CPCT02090062T	6.57E-01	1.36E+00	8.98E-01	5.58E-01	7.90E-01	1.20E+00	9.95E-01	1.05E+00	1.32E+00	1.42E+00	1.44E+00	6.20E-01	9.72E-01	9.09E-01	8.86E-01	7.61E-01	1.24E+00	5.37E-01	2.12E-01
CPCT02440018T	8.53E-01	3.38E+00	6.54E-01	6.35E-01	1.41E+00	4.02E+00	8.66E-01	1.03E+00	1.48E+00	1.10E+00	9.89E-01	7.23E-01	1.65E+00	1.31E+00	7.52E-01	7.35E-01	1.50E+00	8.88E-01	2.17E-01
CPCT02030549T	1.45E+00	5.66E+00	2.13E+00	1.12E+00	1.47E+00	5.64E+00	1.02E+00	1.29E+00	2.69E+00	2.31E+00	1.75E+00	7.05E-01	2.02E+00	2.39E+00	8.00E-01	1.89E+00	1.90E+00	1.89E+00	5.06E-01
CPCT02230022T	9.04E-01	1.59E+00	7.00E-01	6.21E-01	8.23E-01	1.67E+00	7.24E-01	9.56E-01	1.11E+00	1.06E+00	1.18E+00	5.98E-01	9.78E-01	1.41E+00	6.16E-01	1.08E+00	1.45E+00	1.03E+00	6.76E-01
CPCT02030550T	1.63E+00	3.58E+00	1.58E+00	7.89E-01	9.13E-01	3.71E+00	9.79E-01	1.20E+00	2.56E+00	2.30E+00	1.46E+00	6.42E-01	1.20E+00	1.07E+00	1.09E+00	6.70E-01	1.90E+00	7.72E-01	6.60E-01
CPCT02140091T	1.69E+01	1.54E+01	1.86E+01	3.43E+00	1.84E+00	1.85E+01	4.22E+00	9.17E-01	6.69E+00	1.17E+00	2.46E+00	1.01E+00	6.31E+00	1.94E+00	8.50E-01	1.32E+00	6.07E+00	1.48E+00	5.15E-01
CPCT02020597T	8.31E-01	1.67E+00	9.22E-01	9.38E-01	1.25E+00	1.85E+00	7.11E-01	1.66E+00	2.05E+00	1.53E+00	1.45E+00	7.52E-01	2.51E+00	2.23E+00	8.00E-01	1.63E+00	2.39E+00	1.32E+00	6.19E-01
CPCT02100110T	1.45E+00	1.29E+00	2.23E+00	8.23E+00	6.54E+00	2.17E+00	2.71E+00	1.86E+00	5.78E+00	2.82E+00	2.43E+00	1.75E+00	9.61E+00	1.66E+00	1.55E+00	1.10E+00	3.46E+00	1.52E+00	9.85E-01
CPCT02230047T	5.43E-01	2.61E+00	4.64E-01	7.17E-01	1.13E+00	2.41E+00	5.86E-01	1.29E+00	2.12E+00	1.93E+00	1.80E+00	5.90E-01	1.39E+00	1.04E+00	8.44E-01	7.28E-01	1.50E+00	8.31E-01	0.00E+00
CPCT02310003T	8.01E-01	2.79E+00	9.54E-01	1.45E+00	2.06E+00	3.39E+00	1.91E+00	9.13E-01	5.76E+00	4.95E+00	1.40E+00	1.70E+00	2.50E+00	1.30E+00	1.61E+00	1.34E+00	2.26E+00	6.61E-01	2.59E-01
CPCT02390035T	2.08E+00	4.72E+00	1.71E+00	1.43E+00	1.32E+00	5.36E+00	1.18E+00	1.29E+00	1.50E+00	1.28E+00	1.76E+00	9.78E-01	1.85E+00	1.19E+00	2.02E-01	7.19E-01	1.89E+00	1.08E+00	3.08E-01
CPCT02060150T	9.31E-01	2.35E+00	9.38E-01	9.37E-01	1.60E+00	2.59E+00	7.96E-01	1.49E+00	1.86E+00	1.52E+00	1.08E+00	6.09E-01	1.34E+00	1.20E+00	7.26E-01	7.55E-01	1.39E+00	1.10E+00	5.58E-01
CPCT02460004T	8.49E-01	2.00E+00	7.13E-01	3.14E-01	6.50E-01	1.88E+00	7.12E-01	8.55E-01	1.23E+00	1.05E+00	1.50E+00	5.45E-01	1.16E+00	1.18E+00	6.67E-01	1.03E+00	1.35E+00	1.13E+00	3.80E-01
CPCT02190051T	6.46E-01	1.82E+00	5.42E-01	8.65E-01	8.76E-01	1.82E+00	7.10E-01	9.34E-01	1.09E+00	9.35E-01	1.14E+00	5.89E-01	1.09E+00	1.21E+00	6.01E-01	7.71E-01	1.05E+00	1.04E+00	4.74E-01
CPCT02020857T	5.15E-01	1.91E+00	9.65E-01	7.35E-01	1.30E+00	2.21E+00	8.40E-01	1.61E+00	1.64E+00	1.10E+00	2.08E+00	7.33E-01	1.71E+00	1.47E+00	5.63E-01	1.02E+00	3.49E+00	2.76E+00	2.00E-01
CPCT02080153T	9.05E-01	2.32E+00	1.13E+00	7.71E-01	9.37E-01	1.90E+00	8.70E-01	1.84E+00	1.32E+00	1.22E+00	2.55E+00	2.20E+00	1.20E+00	7.43E-01	1.17E+00	8.43E-01	1.21E+00	1.16E+00	2.86E-01
CPCT02040175T	2.48E-01	8.48E-01	5.00E-01	4.17E-01	9.41E-01	6.80E-01	2.62E-01	1.12E+00	1.17E+00	5.23E-01	3.50E-01	5.26E-01	3.21E-01	4.18E-01	5.10E-01	3.43E-01	3.40E-01	6.37E-01	2.32E-01
CPCT02370006T	1.32E+00	4.29E+00	1.41E+00	7.70E-01	8.74E-01	4.49E+00	9.80E-01	1.14E+00	1.58E+00	1.33E+00	1.62E+00	6.23E-01	2.09E+00	8.08E-01	9.60E-01	8.41E-01	1.37E+00	8.65E-01	7.12E-01
CPCT02220063T	7.98E-01	9.35E-01	8.24E-01	9.68E-01	1.39E+00	1.01E+00	1.02E+00	7.60E-01	3.84E+00	3.75E+00	1.36E+00	9.90E-01	1.55E+00	1.22E+00	8.91E-01	9.07E-01	1.59E+00	1.07E+00	8.93E-01
CPCT02310021T	2.45E+00	7.39E+00	2.90E+00	7.62E-01	1.39E+00	7.69E+00	1.47E+00	9.19E-01	2.46E+00	1.89E+00	1.29E+00	9.96E-01	2.25E+00	1.78E+00	1.21E+00	1.48E+00	2.64E+00	1.42E+00	8.92E-01
CPCT02160030T	3.41E-01	7.30E-01	3.74E-01	3.24E-01	6.37E-01	5.94E-01	4.34E-01	1.01E+00	5.93E-01	6.58E-01	1.09E+00	3.30E-01	5.63E-01	4.20E-01	5.87E-01	4.79E-01	7.44E-01	9.00E-01	2.47E-01
CPCT02060278T	7.34E-01	1.30E+00	5.57E-01	6.24E-01	7.89E-01	1.45E+00	5.33E-01	7.49E-01	8.91E-01	8.44E-01	9.11E-01	5.28E-01	9.45E-01	8.61E-01	5.02E-01	7.17E-01	1.05E+00	7.14E-01	3.24E-01
CPCT02060277T	7.56E-01	1.48E+00	1.92E+00	9.11E+00	4.23E+00	1.36E+00	1.13E+00	1.09E+00	4.72E+00	1.55E+00	1.80E+00	1.02E+00	1.12E+01	1.20E+00	1.16E+00	7.34E-01	2.78E+00	1.49E+00	6.73E-01
CPCT02150004T	5.77E-01	1.36E+00	8.47E-01	5.76E-01	7.87E-01	1.45E+00	4.47E-01	1.11E+00	1.23E+00	9.91E-01	1.51E+00	4.90E-01	1.21E+00	1.01E+00	5.56E-01	7.09E-01	1.14E+00	1.31E+00	3.62E-01
CPCT02010687T	7.89E-01	5.88E-01	1.29E+00	6.85E-01	1.12E+00	9.37E-01	7.75E-01	1.05E+00	1.24E+00	1.34E+00	1.30E+00	8.24E-01	1.04E+00	1.03E+00	7.01E-01	8.88E-01	1.52E+00	9.55E-01	5.06E-01
CPCT02080143T	7.21E-01	1.93E+00	1.08E+00	1.00E+00	1.80E+00	1.84E+00	7.51E-01	1.64E+00	2.41E+00	1.44E+00	1.21E+00	7.13E-01	1.27E+00	1.33E+00	8.29E-01	9.91E-01	2.31E+00	1.06E+00	5.61E-01
CPCT02160029T	6.96E-01	1.97E+00	6.79E-01	8.92E-01	1.39E+00	2.15E+00	7.08E-01	1.32E+00	1.62E+00	1.43E+00	9.18E-01	5.42E-01	1.22E+00	1.11E+00	6.91E-01	6.58E-01	1.76E+00	1.21E+00	4.43E-01
CPCT02230118T	7.63E-01	1.67E+00	9.21E-01	1.11E+00	1.35E+00	1.70E+00	8.17E-01	1.28E+00	3.79E+00	3.94E+00	1.75E+00	9.25E-01	1.52E+00	1.64E+00	8.21E-01	1.17E+00	1.98E+00	6.97E-01	4.06E-01
CPCT02010658T	8.29E-01	1.45E+00	9.82E-01	1.72E+00	2.91E+00	1.70E+00	2.11E+00	7.34E-01	8.32E+00	7.43E+00	1.32E+00	1.30E+00	2.28E+00	1.23E+00	1.59E+00	1.28E+00	2.52E+00	1.08E+00	6.59E-01
CPCT02320007T	9.67E-01	2.39E+00	1.31E+00	6.77E-01	8.41E-01	2.44E+00	6.27E-01	1.12E+00	8.44E-01	8.60E-01	1.62E+00	6.53E-01	1.12E+00	9.97E-01	9.01E-01	8.44E-01	1.18E+00	7.96E-01	6.74E-01
CPCT02040306T	6.70E-01	1.54E+00	8.22E-01	9.78E-01	1.59E+00	1.56E+00	1.65E+00	6.46E-01	4.55E+00	3.43E+00	9.28E-01	8.95E-01	1.40E+00	7.69E-01	1.47E+00	8.31E-01	2.05E+00	1.28E+00	6.52E-01
CPCT02340025T	1.18E+00	2.96E+00	2.50E+00	1.31E+01	6.86E+00	3.15E+00	1.67E+00	2.20E+00	7.52E+00	2.30E+00	2.76E+00	1.41E+00	1.55E+01	1.94E+00	1.30E+00	1.28E+00	4.30E+00	1.64E+00	7.16E-01
CPCT02120073T	1.71E+00	1.83E+00	2.31E+00	1.38E+01	6.59E+00	1.38E+00	3.26E+00	1.99E+00	7.47E+00	2.75E+00	2.81E+00	2.20E+00	1.60E+01	1.51E+00	1.65E+00	1.20E+00	4.49E+00	1.87E+00	6.82E-01
CPCT02030394T	1.04E+00	1.92E+00	1.28E+00	7.53E-01	1.15E+00	2.00E+00	6.57E-01	1.62E+00	1.65E+00	1.13E+00	1.22E+00	5.18E-01	1.20E+00	1.01E+00	6.85E-01	6.79E-01	1.37E+00	1.11E+00	3.15E-01
CPCT02180077T	1.19E+00	2.41E+00	1.37E+00	1.34E+00	1.34E+00	2.73E+00	1.35E+00	1.10E+00	3.57E+00	3.11E+00	1.91E+00	8.90E-01	1.99E+00	2.28E+00	1.51E+00	1.59E+00	2.08E+00	9.06E-01	6.86E-01
CPCT02020617T	8.52E-01	1.24E+00	8.35E-01	1.82E+00	3.21E+00	1.06E+00	1.38E+00	1.41E+00	6.24E+00	5.30E+00	9.40E-01	1.03E+00	2.03E+00	1.23E+00	1.12E+00	1.34E+00	2.08E+00	9.66E-01	7.11E-01
CPCT02310022T	7.27E-01	1.98E+00	9.87E-01	6.40E-01	7.04E-01	1.98E+00	4.25E-01	7.56E-01	1.16E+00	1.16E+00	9.99E-01	4.57E-01	8.37E-01	1.16E+00	5.35E-01	8.82E-01	1.27E+00	1.13E+00	3.39E-01
CPCT02080261T	1.50E+00	1.83E+00	1.04E+00	8.39E-01	1.14E+00	2.06E+00	1.06E+00	1.13E+00	2.00E+00	1.78E+00	1.22E+00	9.90E-01	1.25E+00	8.31E-01	9.37E-01	9.66E-01	1.35E+00	1.02E+00	4.53E-01
CPCT02380020T	1.31E+00	1.37E+00	2.06E+00	9.69E+00	9.21E+00	1.48E+00	1.79E+00	2.14E+00	7.46E+00	2.67E+00	2.87E+00	1.73E+00	1.29E+01	1.31E+00	1.17E+00	1.23E+00	4.42E+00	2.05E+00	1.06E+00
CPCT02120063T	1.04E+00	1.33E+00	1.04E+00	1.08E+00	2.46E+00	1.38E+00	1.87E+00	5.46E-01	6.45E+00	5.41E+00	9.95E-01	1.15E+00	2.26E+00	1.12E+00	1.25E+00	1.26E+00	2.11E+00	1.14E+00	5.28E-01
CPCT02010504T	7.78E-01	1.92E+00	6.38E-01	9.62E-01	1.18E+00	2.31E+00	1.11E+00	1.33E+00	1.68E+00	1.33E+00	1.42E+00	7.72E-01	1.42E+00	1.15E+00	9.95E-01	7.79E-01	1.59E+00	1.47E+00	5.58E-01
CPCT02100115T	1.05E+00	3.09E+00	1.08E+00	3.48E-01	1.10E+00	3.08E+00	5.08E-01	1.50E+00	1.52E+00	1.01E+00	1.22E+00	4.69E-01	6.83E-01	9.62E-01	6.95E-01	6.52E-01	1.16E+00	8.34E-01	3.31E-01
CPCT02100117T	9.39E-01	1.45E+00	9.41E-01	3.16E+00	3.04E+00	1.58E+00	1.40E+00	1.06E+00	2.16E+00	1.47E+00	1.47E+00	1.29E+00	3.42E+00	1.18E+00	1.32E+00	7.16E-01	2.22E+00	1.61E+00	5.99E-01
CPCT02190019T	7.38E-01	2.50E+00	9.61E-01	4.86E-01	1.95E+00	2.54E+00	9.64E-01	3.63E+00	3.25E+00	2.63E+00	6.41E+00	1.61E+00	2.54E+00	1.76E+00	1.41E+00	1.66E+00	4.23E+00	3.31E+00	2.54E+00
CPCT02210035T	6.68E-01	1.76E+00	6.17E-01	9.49E-01	1.03E+00	1.70E+00	8.59E-01	1.27E+00	1.31E+00	1.19E+00	1.46E+00	6.73E-01	1.32E+00	1.27E+00	8.49E-01	8.62E-01	1.47E+00	1.19E+00	5.01E-01
CPCT02120061T	8.83E-01	1.72E+00	9.73E-01	8.08E-01	1.18E+00	1.85E+00	6.05E-01	1.13E+00	1.70E+00	1.45E+00	1.05E+00	3.69E-01	1.75E+00	1.28E+00	8.72E-01	8.16E-01	2.27E+00	1.65E+00	4.13E-01
CPCT02210034T	1.02E+00	2.65E+00	6.10E-01	3.91E-01	1.18E+00	2.56E+00	6.79E-01	1.61E+00	1.69E+00	1.05E+00	1.26E+00	5.52E-01	8.62E-01	1.28E+00	6.65E-01	9.73E-01	1.25E+00	6.11E-01	2.25E-01
CPCT02370008T	9.62E-01	3.13E+00	7.27E-01	1.06E+00	1.35E+00	3.02E+00	1.08E+00	1.04E+00	1.99E+00	1.87E+00	1.00E+00	8.27E-01	1.20E+00	1.34E+00	8.20E-01	1.07E+00	1.24E+00	1.04E+00	3.86E-01
CPCT02330061T	4.80E-01	1.60E+00	6.98E-01	5.39E-01	8.02E-01	1.58E+00	6.13E-01	8.78E-01	8.79E-01	9.43E-01	6.75E-01	3.96E-01	7.18E-01	6.75E-01	7.00E-01	6.07E-01	1.22E+00	8.12E-01	6.43E-01
CPCT02100125T	6.92E-01	1.21E+00	6.48E-01	6.24E-01	1.02E+00	1.24E+00	6.93E-01	9.43E-01	1.57E+00	1.38E+00	1.15E+00	5.15E-01	1.33E+00	1.26E+00	6.39E-01	7.98E-01	1.25E+00	9.46E-01	3.63E-01
CPCT02340037T	7.16E-01	3.44E+00	5.32E-01	8.45E-01	1.25E+00	3.28E+00	7.74E-01	8.98E-01	1.32E+00	1.22E+00	1.23E+00	7.24E-01	1.33E+00	9.06E-01	6.94E-01	8.67E-01	1.62E+00	1.28E+00	4.91E-01
CPCT02170014T	8.09E-01	2.08E+00	8.34E-01	6.02E-01	1.06E+00	2.04E+00	6.62E-01	1.49E+00	1.19E+00	1.33E+00	1.89E+00	7.14E-01	1.25E+00	1.03E+00	8.21E-01	9.47E-01	1.74E+00	1.04E+00	8.17E-01
CPCT02170018T	1.61E+00	1.83E+00	1.42E+00	2.82E+00	7.38E+00	2.09E+00	9.60E-01	1.85E+00	7.71E+00	5.58E+00	1.68E+00	1.11E+00	3.49E+00	1.65E+00	1.14E+00	1.64E+00	2.37E+00	1.96E+00	5.26E-01
CPCT02080029T	1.06E+00	2.13E+00	8.11E-01	9.58E-01	1.02E+00	2.39E+00	5.91E-01	1.59E+00	1.90E+00	1.45E+00	1.85E+00	5.70E-01	1.17E+00	1.37E+00	8.14E-01	1.06E+00	1.58E+00	1.35E+00	4.03E-01
CPCT02240008T	9.70E-01	1.37E+00	1.80E+00	6.98E+00	7.32E+00	1.41E+00	1.31E+00	1.12E+00	6.23E+00	2.19E+00	1.49E+00	1.25E+00	8.80E+00	7.35E-01	9.64E-01	9.01E-01	3.26E+00	1.07E+00	7.00E-01
CPCT02010661T	1.36E+00	2.78E+00	1.53E+00	9.68E-01	1.18E+00	2.98E+00	8.72E-01	1.26E+00	2.09E+00	1.94E+00	1.79E+00	6.25E-01	1.89E+00	1.23E+00	9.57E-01	1.17E+00	1.69E+00	1.52E+00	4.66E-01
CPCT02010678T	7.21E-01	1.37E+00	8.86E-01	5.05E-01	5.44E-01	1.59E+00	3.75E-01	7.09E-01	9.78E-01	1.23E+00	1.07E+00	6.24E-01	9.82E-01	7.43E-01	7.72E-01	7.28E-01	1.75E+00	1.03E+00	5.11E-01
CPCT02290018T	5.87E-01	2.71E+00	7.37E-01	5.57E-01	8.28E-01	2.85E+00	6.32E-01	1.20E+00	8.52E-01	7.78E-01	8.22E-01	6.24E-01	8.15E-01	8.07E-01	2.47E-01	6.90E-01	7.72E-01	4.64E-01	4.59E-01
CPCT02080128T	1.60E+00	2.70E+00	2.09E+00	7.77E+00	5.69E+00	3.03E+00	1.29E+00	1.94E+00	5.44E+00	2.43E+00	2.36E+00	1.36E+00	9.04E+00	7.68E-01	1.18E+00	1.43E+00	3.18E+00	2.16E+00	6.61E-01
CPCT02230058T	4.12E-01	3.06E+00	6.64E-01	4.68E-01	6.97E-01	3.06E+00	5.37E-01	9.75E-01	1.15E+00	9.14E-01	1.11E+00	4.14E-01	9.56E-01	8.92E-01	5.15E-01	6.01E-01	1.37E+00	7.99E-01	2.64E-01
CPCT02240001T	2.00E+00	8.72E+00	2.35E+00	1.11E+00	1.60E+00	1.18E+01	1.24E+00	1.65E+00	3.25E+00	1.28E+00	4.05E+00	9.39E-01	8.42E+00	2.77E+00	6.38E-01	1.05E+00	4.77E+00	2.70E+00	1.28E+00
CPCT02080127T	9.32E-01	1.75E+00	1.03E+00	7.78E-01	1.02E+00	2.45E+00	4.83E-01	1.13E+00	1.50E+00	1.37E+00	1.06E+00	5.54E-01	1.22E+00	9.42E-01	8.47E-01	7.79E-01	1.58E+00	1.37E+00	4.45E-01
CPCT02270007T	1.12E+00	1.78E+00	1.67E+00	7.51E+00	6.16E+00	1.69E+00	1.02E+00	1.56E+00	5.01E+00	1.98E+00	2.47E+00	1.18E+00	9.23E+00	9.80E-01	9.42E-01	7.88E-01	3.28E+00	1.63E+00	6.50E-01
CPCT02270009T	1.91E-01	1.08E+00	5.58E-01	7.83E-01	1.17E+00	1.61E+00	5.80E-01	1.38E+00	1.35E+00	1.16E+00	1.44E+00	5.96E-01	9.11E-01	8.72E-01	4.42E-01	7.00E-01	1.39E+00	1.28E+00	5.68E-01
CPCT02020635T	7.51E-01	1.52E+00	8.12E-01	7.20E-01	9.88E-01	1.80E+00	3.33E-01	1.37E+00	1.06E+00	6.02E-01	1.28E+00	8.43E-01	8.50E-01	8.55E-01	6.64E-01	8.55E-01	9.71E-01	9.03E-01	5.23E-01
CPCT02270008T	7.43E-01	2.79E+00	7.11E-01	8.24E-01	1.26E+00	3.25E+00	7.23E-01	1.09E+00	1.37E+00	1.34E+00	9.79E-01	5.63E-01	1.52E+00	5.89E-01	6.13E-01	7.90E-01	1.29E+00	1.02E+00	4.66E-01
CPCT02050157T	1.13E+00	3.00E+00	9.54E-01	6.62E-01	8.17E-01	3.03E+00	1.02E+00	9.02E-01	1.29E+00	1.25E+00	1.41E+00	6.70E-01	1.39E+00	1.20E+00	6.74E-01	7.17E-01	1.57E+00	1.25E+00	0.00E+00
CPCT02080103T	1.71E+00	4.62E+00	1.96E+00	9.48E-01	1.12E+00	4.93E+00	1.49E+00	1.08E+00	2.71E+00	2.06E+00	1.64E+00	1.03E+00	1.56E+00	1.75E+00	9.75E-01	1.50E+00	2.12E+00	1.63E+00	6.74E-01
CPCT02050164T	1.20E+00	3.59E+00	1.65E+00	1.11E+00	1.13E+00	3.54E+00	1.09E+00	1.03E+00	1.51E+00	1.64E+00	1.56E+00	1.77E+00	1.40E+00	2.09E+00	1.31E+00	1.60E+00	1.50E+00	8.16E-01	3.45E-01
CPCT02050160T	1.34E+00	1.76E+00	1.28E+00	7.66E-01	1.03E+00	2.11E+00	1.24E+00	9.12E-01	1.40E+00	1.32E+00	1.28E+00	9.62E-01	1.48E+00	1.38E+00	9.76E-01	1.12E+00	1.31E+00	9.44E-01	7.04E-01
CPCT02300011T	8.77E-01	2.85E+00	8.94E-01	7.44E-01	7.19E-01	2.99E+00	6.40E-01	8.84E-01	1.02E+00	1.03E+00	1.40E+00	7.91E-01	1.08E+00	8.37E-01	8.70E-01	7.96E-01	1.43E+00	6.93E-01	0.00E+00
CPCT02080100T	5.54E-01	1.64E+00	8.90E-01	6.16E-01	7.06E-01	1.56E+00	6.13E-01	9.95E-01	8.55E-01	8.82E-01	1.12E+00	3.04E-01	7.73E-01	5.88E-01	4.10E-01	5.75E-01	1.04E+00	7.36E-01	3.43E-01
CPCT02180028T	5.84E-01	8.14E-01	6.39E-01	1.05E+00	1.58E+00	1.27E+00	1.00E+00	8.31E-01	3.84E+00	3.50E+00	1.49E+00	8.22E-01	1.43E+00	1.01E+00	1.02E+00	9.26E-01	1.23E+00	9.85E-01	3.24E-01
CPCT02330032T	4.62E-01	9.64E-01	6.25E-01	3.19E-01	6.49E-01	9.47E-01	4.00E-01	6.06E-01	7.54E-01	6.29E-01	8.05E-01	3.29E-01	4.53E-01	2.56E-01	4.89E-01	4.66E-01	7.19E-01	6.62E-01	5.14E-02
CPCT02100066T	1.34E+00	4.35E+00	1.31E+00	1.41E+00	2.05E+00	4.78E+00	2.32E+00	1.52E+00	6.26E+00	5.20E+00	2.28E+00	1.62E+00	2.07E+00	1.50E+00	1.90E+00	1.55E+00	2.54E+00	1.58E+00	5.71E-01
CPCT02100067T	8.77E-01	3.96E+00	7.34E-01	6.13E-01	8.43E-01	4.36E+00	7.08E-01	8.47E-01	1.07E+00	9.92E-01	1.31E+00	6.03E-01	1.24E+00	9.25E-01	7.65E-01	7.03E-01	1.83E+00	1.74E+00	6.70E-01
CPCT02080106T	1.09E+00	2.65E+00	9.28E-01	1.12E+00	9.58E-01	3.40E+00	8.20E-01	8.60E-01	1.14E+00	1.03E+00	1.43E+00	8.67E-01	1.50E+00	4.49E-01	8.16E-01	6.73E-01	1.29E+00	1.06E+00	2.99E-01
CPCT02330027T	1.09E+00	2.21E+00	1.32E+00	6.23E-01	2.03E-01	2.12E+00	7.37E-01	1.03E+00	1.17E+00	1.18E+00	1.70E+00	7.20E-01	1.03E+00	1.27E+00	1.02E+00	8.04E-01	1.41E+00	1.15E+00	3.13E-01
CPCT02020508T	1.53E+00	3.23E+00	1.54E+00	1.29E+00	1.27E+00	3.45E+00	7.55E-01	1.19E+00	1.68E+00	1.52E+00	1.62E+00	8.01E-01	2.59E+00	2.99E+00	9.75E-01	2.17E+00	2.46E+00	1.23E+00	9.66E-01
CPCT02100075T	8.48E-01	1.34E+00	7.06E-01	5.60E-01	8.16E-01	1.57E+00	9.23E-01	4.89E-01	1.13E+00	1.28E+00	7.72E-01	7.06E-01	1.36E+00	1.47E+00	4.10E-01	1.25E+00	1.22E+00	6.18E-01	3.13E-01
CPCT02010517T	5.73E-01	1.98E+00	6.97E-01	4.64E-01	6.60E-01	2.26E+00	5.86E-01	1.10E+00	9.70E-01	1.08E+00	1.48E+00	5.46E-01	1.48E+00	1.12E+00	7.13E-01	7.39E-01	1.44E+00	1.00E+00	4.10E-01
CPCT02210017T	1.41E+00	1.47E+00	7.89E-01	5.67E-01	3.32E-01	1.57E+00	7.57E-01	6.51E-01	8.86E-01	8.26E-01	1.20E+00	5.17E-01	1.18E+00	1.19E+00	7.56E-01	8.93E-01	1.39E+00	1.19E+00	3.40E-01
CPCT02160022T	6.75E-01	1.87E+00	7.50E-01	3.53E-01	6.52E-01	2.53E+00	7.28E-01	5.55E-01	1.08E+00	9.18E-01	9.42E-01	4.61E-01	1.35E+00	1.02E+00	4.91E-01	8.63E-01	1.03E+00	7.98E-01	2.78E-01
CPCT02030340T	5.27E-01	2.00E+00	8.16E-01	4.72E-01	6.66E-01	2.19E+00	3.12E-01	8.13E-01	1.07E+00	9.47E-01	1.17E+00	5.95E-01	9.67E-01	9.62E-01	4.95E-01	4.21E-01	1.09E+00	9.97E-01	2.33E-01
CPCT02020514T	1.56E+02	8.58E+01	1.70E+02	9.64E+00	5.16E+00	1.27E+02	3.10E+01	6.23E+00	3.57E+01	5.83E+00	1.61E+01	4.56E+00	3.17E+01	3.65E+00	3.27E+00	5.44E+00	2.68E+01	2.93E+00	2.06E+00
CPCT02010521T	7.93E-01	2.48E+00	8.16E-01	8.55E-01	1.18E+00	2.79E+00	6.55E-01	9.89E-01	1.33E+00	1.05E+00	1.64E+00	6.02E-01	1.83E+00	1.13E+00	8.83E-01	8.76E-01	1.63E+00	1.02E+00	5.04E-01
CPCT02050166T	9.81E-01	2.70E+00	1.17E+00	7.70E-01	9.52E-01	2.64E+00	6.19E-01	7.12E-01	1.21E+00	1.34E+00	1.17E+00	5.17E-01	1.60E+00	1.48E+00	6.72E-01	7.81E-01	2.26E+00	1.28E+00	6.21E-01
CPCT02240003T	1.99E+00	2.35E+00	2.42E+00	1.93E+00	2.94E+00	2.31E+00	1.17E+00	7.25E-01	4.07E+00	3.31E+00	1.31E+00	1.09E+00	2.46E+00	1.99E+00	1.32E+00	1.44E+00	2.40E+00	1.38E+00	5.86E-01
CPCT02390001T	9.79E-01	3.04E+00	8.07E-01	6.15E-01	6.07E-01	3.61E+00	7.13E-01	7.58E-01	8.03E-01	8.11E-01	9.95E-01	6.66E-01	1.76E+00	7.65E-01	6.29E-01	6.62E-01	1.24E+00	8.40E-01	5.88E-01
CPCT02010572T	5.78E-01	1.41E+00	5.82E-01	9.23E-01	4.92E-01	1.29E+00	7.50E-01	7.76E-01	1.37E+00	1.22E+00	1.10E+00	4.97E-01	1.41E+00	8.30E-01	5.80E-01	8.40E-01	8.32E-01	7.44E-01	3.67E-01
CPCT02240005T	9.63E-01	1.71E+00	9.17E-01	7.07E-01	5.11E-01	1.67E+00	5.88E-01	1.08E+00	1.11E+00	7.79E-01	1.72E+00	7.29E-01	1.16E+00	1.50E+00	5.86E-01	8.66E-01	1.49E+00	8.12E-01	3.63E-01
CPCT02120016T	1.26E+00	1.65E+00	1.73E+00	5.63E+00	5.62E+00	1.67E+00	1.03E+00	1.03E+00	4.14E+00	2.15E+00	1.69E+00	1.08E+00	7.51E+00	1.33E+00	1.23E+00	1.10E+00	2.89E+00	1.19E+00	5.33E-01
CPCT02100079T	7.67E-01	2.13E+00	3.58E-01	7.34E-01	1.01E+00	2.06E+00	7.55E-01	1.08E+00	1.85E+00	1.60E+00	1.02E+00	6.70E-01	8.93E-01	1.00E+00	8.45E-01	7.30E-01	1.33E+00	9.04E-01	4.74E-01
CPCT02180030T	1.69E+00	2.38E+00	1.60E+00	9.95E-01	1.94E+00	3.10E+00	1.72E+00	6.71E-01	5.70E+00	5.01E+00	1.59E+00	1.59E+00	2.29E+00	1.91E+00	1.45E+00	1.55E+00	2.41E+00	9.52E-01	6.94E-01
CPCT02040114T	1.75E+00	1.15E+00	3.37E+00	1.55E+01	9.07E+00	1.63E+00	2.61E+00	1.29E+00	8.85E+00	2.41E+00	2.07E+00	1.87E+00	1.83E+01	2.36E+00	2.02E+00	1.44E+00	5.13E+00	1.39E+00	7.47E-01
CPCT02080112T	7.66E-01	1.00E+00	1.76E+00	9.73E+00	4.99E+00	1.78E+00	1.58E+00	1.29E+00	5.59E+00	1.74E+00	2.18E+00	1.21E+00	1.08E+01	1.59E+00	1.05E+00	9.85E-01	3.49E+00	1.78E+00	5.41E-01
CPCT02330035T	2.74E+00	2.64E+00	2.89E+00	2.92E+00	1.70E+00	2.71E+00	1.88E+00	1.19E+00	1.76E+00	2.18E+00	1.99E+00	1.43E+00	2.86E+00	1.15E+00	1.54E+00	1.03E+00	2.19E+00	1.75E+00	1.65E+00
CPCT02060093T	5.64E-01	1.70E+00	6.02E-01	5.90E-01	7.26E-01	1.66E+00	4.19E-01	8.32E-01	1.78E+00	1.53E+00	1.11E+00	5.97E-01	8.46E-01	6.32E-01	7.47E-01	6.42E-01	1.04E+00	7.67E-01	0.00E+00
CPCT02300016T	1.01E+00	2.38E+00	9.99E-01	1.14E+00	1.65E+00	2.49E+00	1.13E+00	1.17E+00	2.13E+00	1.83E+00	1.86E+00	8.00E-01	1.71E+00	7.99E-01	1.00E+00	1.18E+00	1.70E+00	1.45E+00	5.78E-01
CPCT02300018T	7.41E-01	1.52E+00	8.50E-01	6.44E-01	8.13E-01	1.55E+00	8.14E-01	9.89E-01	1.52E+00	1.48E+00	1.10E+00	9.55E-01	9.48E-01	1.11E+00	7.71E-01	8.39E-01	1.39E+00	1.08E+00	5.02E-01
CPCT02030265TII	6.47E-01	1.60E+00	6.85E-01	2.88E-01	5.79E-01	1.43E+00	6.74E-01	6.00E-01	7.19E-01	9.24E-01	9.55E-01	1.09E+00	8.86E-01	8.33E-01	9.19E-01	4.56E-01	8.25E-01	3.33E-01	0.00E+00
CPCT02010593T	8.63E-01	1.03E+00	1.28E+00	5.34E+00	2.81E+00	1.08E+00	1.41E+00	7.89E-01	2.83E+00	1.46E+00	1.20E+00	1.01E+00	6.32E+00	1.05E+00	9.61E-01	8.01E-01	1.53E+00	1.75E+00	4.80E-01
CPCT02330037T	9.48E-01	1.56E+00	1.56E+00	7.51E+00	3.51E+00	1.52E+00	1.64E+00	1.03E+00	4.20E+00	1.13E+00	1.35E+00	1.32E+00	8.22E+00	1.23E+00	1.38E+00	8.23E-01	3.01E+00	2.01E+00	5.69E-01
CPCT02120033T	1.08E+00	1.96E+00	8.21E-01	6.92E-01	7.49E-01	2.37E+00	8.20E-01	8.67E-01	1.49E+00	1.31E+00	1.46E+00	8.68E-01	1.25E+00	1.87E+00	8.88E-01	1.47E+00	1.27E+00	1.55E+00	8.84E-01
CPCT02120029T	9.55E-01	1.28E+00	1.19E+00	5.39E-01	5.53E-01	1.72E+00	5.92E-01	6.64E-01	9.37E-01	1.10E+00	1.10E+00	6.13E-01	8.94E-01	3.76E-01	8.30E-01	5.53E-01	1.08E+00	8.21E-01	4.18E-01
CPCT02040123T	7.57E-01	2.82E+00	9.81E-01	6.01E-01	7.76E-01	2.98E+00	6.02E-01	7.23E-01	1.17E+00	8.36E-01	8.20E-01	4.91E-01	1.52E+00	1.47E+00	6.08E-01	1.01E+00	1.48E+00	9.22E-01	5.12E-01
CPCT02120024T	4.52E-01	1.31E+00	8.88E-01	1.20E+00	1.94E+00	9.85E-01	1.15E+00	7.06E-01	5.57E+00	4.96E+00	1.32E+00	1.14E+00	1.40E+00	1.01E+00	1.31E+00	1.09E+00	1.88E+00	6.20E-01	3.07E-01
CPCT02120008T	1.95E+00	3.94E+00	1.27E+00	1.26E+00	9.57E-01	4.38E+00	1.19E+00	1.25E+00	1.42E+00	1.61E+00	1.89E+00	8.78E-01	2.09E+00	1.55E+00	8.93E-01	9.79E-01	2.37E+00	1.38E+00	4.40E-01
CPCT02020539T	1.34E+00	1.79E+00	1.30E+00	6.40E-01	6.40E-01	2.03E+00	6.09E-01	5.36E-01	1.17E+00	1.17E+00	1.05E+00	8.18E-01	1.24E+00	1.32E+00	9.07E-01	7.39E-01	1.53E+00	1.04E+00	2.39E-01
CPCT02070168T	9.84E-01	2.71E+00	1.23E+00	1.01E+00	1.04E+00	3.08E+00	8.16E-01	9.80E-01	1.87E+00	1.67E+00	1.59E+00	1.05E+00	2.48E+00	1.81E+00	8.45E-01	9.55E-01	1.75E+00	9.60E-01	4.79E-01
CPCT02050183T	6.15E-01	2.14E+00	4.61E-01	3.07E-01	9.99E-01	2.27E+00	6.53E-01	8.10E-01	1.19E+00	1.17E+00	1.26E+00	7.23E-01	9.66E-01	9.35E-01	1.11E+00	9.48E-01	1.15E+00	1.02E+00	2.33E-01
CPCT02290011T	8.66E-01	1.01E+00	5.65E-01	7.85E-01	8.56E-01	1.36E+00	2.86E-01	6.57E-01	1.06E+00	8.01E-01	1.29E+00	5.50E-01	1.07E+00	1.54E+00	6.13E-01	1.16E+00	1.05E+00	1.11E+00	4.71E-01
CPCT02080122T	1.22E+00	2.80E+00	9.43E-01	7.26E-01	9.31E-01	2.94E+00	3.48E-01	9.88E-01	1.15E+00	9.89E-01	1.20E+00	5.81E-01	1.69E+00	1.59E+00	5.36E-01	1.05E+00	1.82E+00	9.57E-01	0.00E+00
CPCT02210020T	5.40E-01	1.32E+00	6.37E-01	7.30E-01	8.50E-01	1.52E+00	6.47E-01	6.31E-01	1.18E+00	1.21E+00	1.26E+00	5.25E-01	1.21E+00	8.37E-01	7.07E-01	5.46E-01	1.93E+00	1.41E+00	5.28E-01
CPCT02020545T	1.20E+00	4.08E+00	1.26E+00	8.78E-01	1.26E+00	4.24E+00	1.15E+00	1.17E+00	1.74E+00	1.71E+00	1.77E+00	1.04E+00	1.61E+00	1.99E+00	9.48E-01	1.38E+00	2.27E+00	2.00E+00	6.69E-01
CPCT02020541T	6.52E-01	1.68E+00	8.75E-01	4.05E-01	4.28E-01	1.86E+00	3.84E-01	7.08E-01	7.65E-01	8.38E-01	9.24E-01	7.95E-01	8.77E-01	9.49E-01	6.70E-01	5.78E-01	1.19E+00	9.63E-01	3.96E-01
CPCT02100093T	1.82E+00	8.41E+00	2.39E+00	8.85E-01	1.22E+00	8.11E+00	1.63E+00	1.25E+00	1.73E+00	2.03E+00	1.86E+00	9.66E-01	2.45E+00	1.54E+00	1.21E+00	8.73E-01	2.28E+00	1.37E+00	6.03E-01
CPCT02080125T	8.76E-01	1.35E+00	1.85E+00	7.19E+00	3.76E+00	1.03E+00	1.18E+00	1.03E+00	3.80E+00	1.74E+00	1.25E+00	1.01E+00	8.21E+00	1.15E+00	1.06E+00	7.11E-01	2.54E+00	8.95E-01	6.72E-01
CPCT02010535T	6.72E-01	1.90E+00	6.71E-01	3.46E-01	6.81E-01	1.97E+00	4.36E-01	9.00E-01	1.08E+00	1.28E+00	9.38E-01	4.54E-01	1.04E+00	9.00E-01	7.88E-01	6.87E-01	1.68E+00	8.94E-01	3.96E-01
CPCT02160027T	3.20E-01	6.98E-01	8.42E-01	3.97E-01	5.36E-01	7.09E-01	2.19E-01	4.09E-01	6.38E-01	7.39E-01	8.10E-01	3.17E-01	7.45E-01	6.34E-01	4.81E-01	4.54E-01	7.58E-01	6.36E-01	5.11E-01
CPCT02230021T	1.05E+00	3.99E+00	1.08E+00	1.25E+00	1.31E+00	4.33E+00	9.24E-01	1.21E+00	1.86E+00	1.62E+00	1.89E+00	9.50E-01	2.33E+00	1.62E+00	1.03E+00	1.37E+00	2.35E+00	1.39E+00	8.82E-01
CPCT02230025T	8.48E-01	2.89E+00	9.41E-01	5.04E-01	8.28E-01	2.81E+00	5.21E-01	6.81E-01	1.05E+00	9.83E-01	1.01E+00	5.54E-01	1.05E+00	7.91E-01	6.77E-01	6.97E-01	1.42E+00	8.59E-01	7.50E-01
CPCT02230028T	7.30E-01	1.40E+00	7.27E-01	4.56E-01	6.41E-01	1.51E+00	8.97E-01	8.78E-01	1.18E+00	1.04E+00	1.38E+00	9.36E-01	1.06E+00	1.27E+00	9.26E-01	1.21E+00	1.14E+00	8.45E-01	0.00E+00
CPCT02330042T	5.87E-01	1.55E+00	5.75E-01	6.51E-01	1.20E+00	1.35E+00	7.75E-01	6.72E-01	1.81E+00	1.59E+00	7.56E-01	6.14E-01	8.77E-01	8.97E-01	7.26E-01	5.76E-01	1.05E+00	6.46E-01	0.00E+00
CPCT02230036T	5.66E-01	1.45E+00	8.28E-01	5.96E-01	8.12E-01	1.55E+00	3.49E-01	8.66E-01	9.72E-01	1.15E+00	1.01E+00	5.49E-01	9.36E-01	8.68E-01	7.19E-01	7.51E-01	1.29E+00	1.16E+00	0.00E+00
CPCT02410001T	5.85E-01	1.43E+00	4.49E-01	5.62E-01	7.43E-01	1.43E+00	6.38E-01	8.88E-01	1.41E+00	1.22E+00	1.25E+00	5.11E-01	1.10E+00	7.85E-01	7.72E-01	6.77E-01	1.53E+00	1.18E+00	4.83E-01
CPCT02040138T	8.33E-01	1.38E+00	7.97E-01	3.23E+00	3.74E+00	1.70E+00	8.30E-01	1.08E+00	3.24E+00	1.82E+00	1.57E+00	7.99E-01	4.15E+00	9.05E-01	1.04E+00	7.76E-01	1.82E+00	1.28E+00	6.19E-01
CPCT02020561T	2.69E+00	1.76E+01	3.12E+00	1.01E+00	9.24E-01	1.79E+01	1.14E+00	1.09E+00	2.80E+00	2.13E+00	1.74E+00	8.78E-01	3.09E+00	1.45E+00	8.11E-01	9.38E-01	5.01E+00	1.32E+00	9.65E-01
CPCT02040134T	7.14E-01	1.51E+00	8.54E-01	8.34E-01	1.24E+00	1.80E+00	3.06E-01	1.19E+00	1.68E+00	1.59E+00	1.34E+00	6.58E-01	1.01E+00	1.32E+00	1.17E+00	1.30E+00	1.42E+00	8.50E-01	3.85E-01
CPCT02050215T	1.72E+00	2.83E+00	1.12E+00	1.11E+00	1.32E+00	3.69E+00	1.02E+00	1.81E+00	2.89E+00	2.69E+00	2.51E+00	8.06E-01	2.45E+00	1.32E+00	6.88E-01	1.08E+00	1.54E+00	1.45E+00	6.30E-01
CPCT02050209T	1.91E+00	3.74E+00	1.60E+00	7.35E-01	9.96E-01	4.16E+00	1.37E+00	1.70E+00	2.08E+00	1.57E+00	1.83E+00	1.00E+00	2.01E+00	1.03E+00	1.19E+00	9.36E-01	1.95E+00	9.87E-01	6.07E-01
CPCT02050210T	5.11E-01	1.78E+00	8.59E-01	5.38E-01	9.15E-01	1.92E+00	7.10E-01	9.26E-01	1.14E+00	1.07E+00	1.29E+00	4.59E-01	1.03E+00	3.98E-01	6.91E-01	4.76E-01	1.03E+00	1.01E+00	2.81E-01
CPCT02050218T	1.22E+00	1.77E+00	1.05E+00	8.38E-01	5.02E-01	1.88E+00	7.96E-01	8.99E-01	1.89E+00	1.97E+00	1.20E+00	7.48E-01	1.99E+00	2.19E+00	9.62E-01	1.80E+00	2.29E+00	1.93E+00	4.26E-01
CPCT02300021T	1.36E+00	1.64E+00	1.41E+00	4.44E-01	9.17E-01	1.88E+00	6.85E-01	1.28E+00	1.14E+00	1.05E+00	1.06E+00	4.45E-01	1.39E+00	1.22E+00	7.00E-01	8.97E-01	1.62E+00	1.07E+00	6.06E-01
CPCT02180038T	1.08E+00	2.66E+00	8.85E-01	5.87E-01	1.25E+00	2.44E+00	1.07E+00	1.69E+00	1.49E+00	1.33E+00	1.24E+00	4.35E-01	9.70E-01	3.11E-01	7.70E-01	4.16E-01	1.04E+00	8.87E-01	4.60E-01
CPCT02030367T	1.30E+00	2.04E+00	1.33E+00	1.19E+00	2.63E+00	2.25E+00	1.66E+00	1.31E+00	6.88E+00	6.32E+00	1.89E+00	1.05E+00	2.08E+00	1.30E+00	1.26E+00	1.45E+00	2.01E+00	7.63E-01	6.17E-01
CPCT02060121T	1.60E+00	1.91E+00	2.97E+00	7.46E-01	1.04E+00	2.14E+00	1.90E+00	1.28E+00	1.22E+00	3.03E+00	1.91E+00	2.09E+00	1.21E+00	5.35E-01	3.23E+00	9.18E-01	1.75E+00	1.44E+00	8.19E-01
CPCT02230044T	5.98E-01	1.83E+00	4.08E-01	6.21E-01	8.36E-01	1.64E+00	5.15E-01	1.20E+00	1.25E+00	7.02E-01	9.02E-01	4.70E-01	7.70E-01	6.82E-01	4.89E-01	6.70E-01	9.16E-01	6.67E-01	3.61E-01
CPCT02110042T	9.30E-01	1.70E+00	1.39E+00	1.02E+00	1.36E+00	1.75E+00	8.16E-01	1.79E+00	2.14E+00	1.92E+00	1.54E+00	1.39E+00	1.36E+00	1.46E+00	9.18E-01	1.22E+00	1.57E+00	1.13E+00	4.94E-01
CPCT02010628T	1.56E+00	2.30E+00	1.24E+00	1.02E+00	1.19E+00	2.17E+00	1.27E+00	1.23E+00	1.73E+00	1.47E+00	1.50E+00	9.05E-01	1.38E+00	1.43E+00	9.25E-01	1.11E+00	1.40E+00	1.02E+00	6.35E-01
CPCT02010633T	5.09E-01	1.56E+00	7.62E-01	8.31E-01	1.16E+00	1.47E+00	6.79E-01	1.25E+00	2.11E+00	1.59E+00	1.32E+00	4.66E-01	1.04E+00	8.10E-01	6.70E-01	3.63E-01	2.09E+00	1.44E+00	4.94E-01
DRUP01010037T	1.85E+02	1.20E+02	2.15E+02	2.39E+00	3.30E+00	1.52E+02	2.44E+01	1.27E+01	1.21E+02	9.18E+00	3.90E+01	5.81E+00	8.75E+01	1.13E+01	3.63E+00	8.73E+00	8.65E+01	4.98E+00	2.09E+00
CPCT02040145T	4.82E-01	1.66E+00	5.77E-01	1.18E+00	1.03E+00	1.68E+00	5.58E-01	9.90E-01	1.49E+00	1.28E+00	9.47E-01	5.77E-01	1.19E+00	6.98E-01	5.38E-01	6.93E-01	1.06E+00	5.92E-01	5.00E-01
CPCT02120047T	7.64E-01	8.34E-01	7.45E-01	7.54E-01	9.95E-01	6.14E-01	4.67E-01	1.09E+00	1.18E+00	7.50E-01	8.35E-01	5.32E-01	8.79E-01	7.13E-01	5.42E-01	5.86E-01	1.08E+00	7.06E-01	4.97E-01
CPCT02120051T	1.58E+00	9.18E-01	2.49E+00	1.30E+01	6.34E+00	1.03E+00	3.01E+00	1.29E+00	7.82E+00	2.61E+00	9.78E-01	2.28E+00	1.55E+01	1.65E+00	1.51E+00	1.22E+00	3.88E+00	1.14E+00	7.28E-01
CPCT02120052T	1.99E+00	4.23E+00	2.14E+00	1.59E+00	1.58E+00	4.66E+00	1.42E+00	1.31E+00	1.51E+00	1.40E+00	2.00E+00	7.13E-01	1.84E+00	1.55E+00	7.74E-01	1.11E+00	1.98E+00	1.35E+00	7.95E-01
CPCT02100105T	1.30E+00	2.73E+00	3.34E+00	1.83E+01	9.59E+00	3.13E+00	1.77E+00	2.15E+00	9.75E+00	2.10E+00	2.44E+00	1.41E+00	2.15E+01	1.07E+00	1.38E+00	8.20E-01	5.81E+00	2.38E+00	7.97E-01
CPCT02100102T	7.26E-01	1.59E+00	8.66E-01	4.38E-01	9.85E-01	1.68E+00	6.74E-01	9.85E-01	9.30E-01	1.05E+00	9.97E-01	4.57E-01	8.73E-01	1.01E+00	7.91E-01	7.59E-01	9.35E-01	5.01E-01	4.01E-01
CPCT02260008T	1.32E+00	3.33E+00	1.78E+00	7.20E-01	1.18E+00	4.26E+00	1.11E+00	1.89E+00	1.92E+00	1.87E+00	2.41E+00	8.80E-01	3.39E+00	1.85E+00	9.53E-01	1.04E+00	2.91E+00	1.96E+00	4.63E-01
CPCT02100067TII	8.81E-01	4.10E+00	6.85E-01	6.87E-01	1.09E+00	4.20E+00	8.79E-01	1.88E+00	1.87E+00	1.54E+00	1.57E+00	7.09E-01	1.62E+00	1.09E+00	7.67E-01	6.76E-01	2.81E+00	1.57E+00	1.03E+00
CPCT02210028T	1.35E+00	4.17E+00	1.33E+00	1.21E+00	1.54E+00	4.57E+00	1.17E+00	1.78E+00	2.32E+00	1.99E+00	1.97E+00	8.48E-01	1.72E+00	9.40E-01	1.20E+00	4.90E-01	1.68E+00	1.30E+00	8.91E-01
CPCT02100104T	7.63E-01	3.18E+00	7.10E-01	7.38E-01	9.30E-01	3.08E+00	7.15E-01	1.36E+00	1.87E+00	1.54E+00	1.17E+00	5.42E-01	9.43E-01	8.75E-01	6.86E-01	8.15E-01	1.45E+00	6.72E-01	4.84E-01
CPCT02020591T	5.13E-01	1.47E+00	6.32E-01	5.79E-01	7.17E-01	1.49E+00	6.62E-01	1.05E+00	8.89E-01	9.69E-01	1.15E+00	4.27E-01	7.78E-01	8.96E-01	8.15E-01	7.07E-01	1.31E+00	8.70E-01	5.39E-01
CPCT02010639T	1.15E+00	1.98E+00	1.83E+00	4.51E+00	6.45E+00	1.92E+00	5.55E-01	1.57E+00	5.56E+00	2.51E+00	1.99E+00	1.44E+00	5.89E+00	1.59E+00	1.13E+00	1.02E+00	3.03E+00	1.62E+00	4.83E-01
CPCT02080055T	2.48E-01	4.63E-01	2.07E-01	3.26E-01	6.15E-01	4.02E-01	2.34E-01	9.44E-01	6.27E-01	4.52E-01	7.84E-01	1.91E-01	7.03E-01	3.63E-01	2.60E-01	3.35E-01	5.67E-01	6.32E-01	0.00E+00
CPCT02180007T	6.01E-01	4.22E+00	8.36E-01	6.54E-01	7.60E-01	4.36E+00	7.99E-01	1.24E+00	1.23E+00	1.30E+00	1.94E+00	1.12E+00	1.78E+00	8.86E-01	1.24E+00	4.90E-01	1.85E+00	1.12E+00	3.42E-01
CPCT02080056T	2.16E+00	2.50E+00	1.62E+00	8.76E-01	1.33E+00	2.66E+00	1.47E+00	1.20E+00	1.61E+00	1.89E+00	1.54E+00	1.72E+00	1.65E+00	2.31E+00	1.44E+00	1.81E+00	1.96E+00	2.05E+00	5.80E-01
CPCT02040070T	9.29E-01	2.31E+00	8.64E-01	1.15E+00	2.08E+00	2.56E+00	1.22E+00	8.87E-01	5.02E+00	4.59E+00	1.36E+00	1.20E+00	1.95E+00	1.52E+00	1.38E+00	1.45E+00	1.95E+00	1.17E+00	5.54E-01
CPCT02040069T	1.38E+00	4.15E+00	1.42E+00	7.31E-01	1.04E+00	4.26E+00	6.63E-01	8.20E-01	2.61E+00	2.27E+00	1.18E+00	7.54E-01	1.32E+00	2.11E+00	6.05E-01	1.52E+00	1.95E+00	1.04E+00	5.01E-01
CPCT02290001T	8.58E-01	2.08E+00	1.26E+00	1.31E+00	2.31E+00	2.40E+00	1.29E+00	1.31E+00	4.18E+00	3.05E+00	1.60E+00	1.06E+00	1.35E+00	9.38E-01	1.32E+00	1.43E+00	2.18E+00	1.80E+00	7.73E-01
CPCT02100043T	5.60E-01	1.71E+00	4.94E-01	4.40E-01	8.16E-01	2.02E+00	2.73E-01	9.89E-01	8.42E-01	8.17E-01	9.85E-01	3.18E-01	1.09E+00	9.32E-01	5.99E-01	8.17E-01	1.06E+00	9.86E-01	2.49E-01
CPCT02020407T	9.95E-01	1.96E+00	7.59E-01	1.59E+00	2.12E+00	1.92E+00	1.58E+00	1.08E+00	6.86E+00	5.83E+00	1.69E+00	1.21E+00	2.28E+00	1.60E+00	1.66E+00	1.39E+00	2.50E+00	1.21E+00	5.69E-01
CPCT02210004T	2.16E+02	1.41E+02	2.65E+02	1.74E+00	2.44E+00	1.90E+02	5.56E+01	5.51E+00	8.32E+01	2.81E+00	2.48E+01	5.20E+00	6.28E+01	1.36E+01	6.24E+00	1.08E+01	5.88E+01	3.79E+00	1.89E+00
CPCT02100035T	8.92E-01	1.32E+00	8.43E-01	7.18E-01	6.57E-01	1.32E+00	6.31E-01	4.62E-01	1.85E+00	1.64E+00	9.44E-01	6.03E-01	1.08E+00	1.21E+00	7.77E-01	9.42E-01	1.04E+00	1.01E+00	0.00E+00
CPCT02010433T	4.86E-01	8.24E-01	4.60E-01	3.13E-01	4.26E-01	9.50E-01	4.37E-01	4.03E-01	5.99E-01	6.18E-01	8.22E-01	2.54E-01	6.16E-01	7.32E-01	1.00E-02	4.94E-01	7.85E-01	5.67E-01	5.22E-01
CPCT02100049T	1.19E+00	2.63E+00	1.42E+00	2.18E+00	2.32E+00	3.34E+00	1.50E+00	1.39E+00	6.87E+00	5.91E+00	1.85E+00	1.31E+00	2.73E+00	1.59E+00	1.58E+00	1.55E+00	4.34E+00	3.33E+00	9.84E-01
CPCT02290003T	7.09E-01	1.59E+00	6.95E-01	5.98E-01	8.65E-01	1.75E+00	6.61E-01	9.91E-01	1.05E+00	9.14E-01	1.21E+00	5.40E-01	1.15E+00	1.17E+00	6.36E-01	9.04E-01	1.25E+00	1.10E+00	3.69E-01
CPCT02030305T	7.97E-01	1.20E+00	7.81E-01	7.26E-01	1.21E+00	1.53E+00	4.04E-01	7.58E-01	1.14E+00	7.96E-01	1.01E+00	2.94E-01	1.31E+00	1.02E+00	5.67E-01	5.95E-01	9.16E-01	7.07E-01	4.21E-01
CPCT02100037T	6.97E-01	2.35E+00	3.10E-01	6.00E-01	6.79E-01	2.59E+00	6.81E-01	8.22E-01	1.08E+00	9.49E-01	1.41E+00	6.26E-01	1.01E+00	9.56E-01	6.45E-01	7.67E-01	1.36E+00	9.86E-01	4.42E-01
CPCT02080060T	8.81E-01	1.06E+00	9.20E-01	7.67E-01	8.09E-01	9.62E-01	8.34E-01	9.06E-01	1.48E+00	1.35E+00	1.17E+00	7.33E-01	1.02E+00	1.31E+00	9.10E-01	1.11E+00	1.05E+00	3.66E-01	1.04E-01
CPCT02010447T	8.95E-01	1.58E+00	1.20E+00	1.45E+00	3.19E+00	1.35E+00	9.54E-01	1.15E+00	4.91E+00	4.17E+00	1.39E+00	9.36E-01	2.21E+00	1.20E+00	1.21E+00	1.04E+00	2.96E+00	2.28E+00	0.00E+00
CPCT02060059T	6.73E-01	1.61E+00	8.42E-01	4.31E-01	8.35E-01	1.55E+00	6.62E-01	1.39E+00	9.14E-01	9.05E-01	2.07E+00	1.21E+00	1.03E+00	9.99E-01	7.39E-01	6.93E-01	1.37E+00	1.06E+00	2.42E-01
CPCT02100048T	1.51E+00	3.20E+00	1.19E+00	1.52E+00	1.13E+00	4.11E+00	1.86E+00	1.20E+00	1.62E+00	2.24E+00	1.84E+00	1.19E+00	2.23E+00	1.09E+00	1.16E+00	9.57E-01	2.16E+00	1.80E+00	7.43E-01
CPCT02040071T	6.56E-01	1.68E+00	7.05E-01	5.16E-01	7.91E-01	2.21E+00	5.66E-01	9.70E-01	1.07E+00	1.19E+00	1.39E+00	3.41E-01	1.15E+00	1.03E+00	4.10E-01	6.02E-01	1.13E+00	9.35E-01	3.92E-01
CPCT02050096T	6.77E-01	1.17E+00	9.37E-01	2.98E+00	3.03E+00	1.38E+00	1.12E+00	1.10E+00	2.39E+00	1.69E+00	1.66E+00	1.00E+00	3.90E+00	9.70E-01	9.10E-01	6.53E-01	1.96E+00	1.42E+00	5.48E-01
CPCT02010461T	9.11E-01	2.44E+00	9.47E-01	1.47E+00	1.32E+00	3.31E+00	1.20E+00	1.13E+00	2.16E+00	1.80E+00	1.88E+00	1.00E+00	2.85E+00	1.80E+00	1.21E+00	1.20E+00	2.46E+00	1.79E+00	4.00E-01
CPCT02100050T	6.45E-01	1.88E+00	4.58E-01	6.72E-01	8.75E-01	1.83E+00	7.66E-01	1.15E+00	3.06E+00	2.52E+00	1.65E+00	6.02E-01	1.21E+00	1.13E+00	9.01E-01	8.73E-01	1.54E+00	1.05E+00	4.60E-01
CPCT02020436T	9.04E-01	3.78E+00	1.34E+00	1.05E+00	9.88E-01	3.50E+00	9.51E-01	1.94E+00	1.61E+00	1.83E+00	2.74E+00	2.49E+00	1.44E+00	1.28E+00	1.21E+00	1.25E+00	2.58E+00	1.69E+00	5.27E-01
CPCT02160014T	5.07E-01	8.26E-01	5.37E-01	5.74E-01	5.18E-01	6.45E-01	5.11E-01	3.80E-01	5.37E-01	3.86E-01	6.87E-01	4.00E-01	7.31E-01	6.43E-01	2.01E-01	4.90E-01	7.45E-01	8.54E-01	2.61E-01
CPCT02230002T	1.08E+00	3.24E+00	8.95E-01	4.38E-01	6.13E-01	3.52E+00	1.00E+00	7.61E-01	1.14E+00	1.27E+00	1.41E+00	5.20E-01	1.51E+00	8.77E-01	7.32E-01	8.54E-01	1.37E+00	1.18E+00	0.00E+00
CPCT02160015T	1.03E+00	4.97E+00	1.05E+00	8.22E-01	1.10E+00	4.90E+00	9.59E-01	1.31E+00	2.55E+00	2.31E+00	1.49E+00	6.84E-01	1.55E+00	1.18E+00	8.90E-01	6.51E-01	1.66E+00	7.40E-01	3.99E-01
CPCT02080064T	8.56E-01	2.76E+00	1.15E+00	8.03E-01	1.29E+00	3.06E+00	9.98E-01	1.08E+00	3.00E+00	2.28E+00	1.56E+00	7.62E-01	1.50E+00	7.40E-01	1.08E+00	9.75E-01	1.76E+00	1.21E+00	6.58E-01
CPCT02080063T	1.16E+00	2.76E+00	1.23E+00	6.25E-01	9.55E-01	3.45E+00	3.34E-01	1.02E+00	1.13E+00	1.09E+00	1.39E+00	6.26E-01	1.53E+00	1.01E+00	9.06E-01	9.03E-01	1.36E+00	1.32E+00	4.66E-01
CPCT02010468T	1.61E+00	2.62E+00	1.67E+00	1.43E+00	1.65E+00	2.77E+00	1.69E+00	8.88E-01	1.94E+00	1.79E+00	1.37E+00	1.04E+00	1.83E+00	1.58E+00	1.23E+00	1.26E+00	2.16E+00	1.55E+00	7.95E-01
CPCT02300005T	1.05E+00	3.16E+00	6.82E-01	4.59E-01	1.05E-01	2.96E+00	7.64E-01	7.28E-01	8.53E-01	7.15E-01	1.20E+00	5.84E-01	1.19E+00	9.68E-01	5.93E-01	7.40E-01	1.11E+00	9.10E-01	4.38E-01
CPCT02100051T	7.03E-01	1.80E+00	7.37E-01	9.69E-01	1.40E+00	1.95E+00	1.13E+00	7.07E-01	1.14E+00	1.32E+00	8.62E-01	3.88E-01	1.53E+00	8.65E-01	1.02E+00	3.94E-01	1.57E+00	7.98E-01	4.61E-01
CPCT02160013T	1.14E+00	1.90E+00	1.31E+00	6.46E-01	6.71E-01	2.06E+00	5.74E-01	4.21E-01	1.74E+00	1.35E+00	5.97E-01	7.59E-01	1.15E+00	1.70E+00	6.89E-01	1.17E+00	1.07E+00	8.11E-01	0.00E+00
CPCT02080069T	9.87E-01	2.13E+00	7.26E-01	7.15E-01	7.57E-01	2.34E+00	8.16E-01	9.23E-01	1.01E+00	6.22E-01	1.33E+00	7.32E-01	1.15E+00	1.42E+00	8.76E-01	9.65E-01	1.25E+00	7.39E-01	2.61E-01
CPCT02080067T	6.99E-01	2.12E+00	8.12E-01	1.04E+00	1.42E+00	2.39E+00	8.27E-01	9.15E-01	1.28E+00	1.35E+00	1.31E+00	8.37E-01	1.24E+00	9.99E-01	7.15E-01	8.82E-01	1.64E+00	1.41E+00	3.14E-01
CPCT02010427T	1.77E+00	2.81E+00	1.98E+00	6.31E-01	9.43E-01	3.08E+00	1.05E+00	8.21E-01	1.28E+00	1.17E+00	1.07E+00	5.56E-01	1.32E+00	8.91E-01	7.53E-01	8.71E-01	1.47E+00	9.83E-01	5.95E-01
CPCT02330017T	7.82E-01	1.34E+00	1.39E+00	1.10E+00	1.28E+00	1.00E+00	7.18E-01	9.22E-01	2.07E+00	1.99E+00	1.49E+00	6.45E-01	1.51E+00	9.89E-01	9.62E-01	7.90E-01	8.78E-01	4.40E-01	3.76E-01
CPCT02050109T	6.06E-01	8.55E-01	7.34E-01	4.61E-01	5.56E-01	6.09E-01	9.90E-01	6.08E-01	9.23E-01	1.14E+00	1.14E+00	8.17E-01	1.08E+00	5.66E-01	9.56E-01	5.86E-01	8.81E-01	8.08E-01	4.48E-01
CPCT02070078T	1.81E+00	3.57E+00	1.85E+00	1.36E+00	1.24E+00	4.73E+00	1.69E+00	1.51E+00	2.05E+00	1.89E+00	2.34E+00	9.74E-01	3.10E+00	1.89E+00	1.29E+00	6.71E-01	2.47E+00	2.14E+00	5.97E-01
CPCT02210010T	5.87E-01	9.83E-01	9.70E-01	5.10E-01	2.79E-01	1.14E+00	3.06E-01	7.61E-01	6.58E-01	8.06E-01	1.18E+00	4.06E-01	7.88E-01	6.64E-01	5.83E-01	2.82E-01	1.15E+00	8.57E-01	2.69E-01
CPCT02080070T	9.63E-01	3.40E+00	7.43E-01	8.22E-01	1.04E+00	3.67E+00	1.12E+00	8.25E-01	1.29E+00	1.35E+00	9.78E-01	6.34E-01	1.58E+00	1.23E+00	7.05E-01	9.00E-01	1.70E+00	1.25E+00	6.36E-01
CPCT02050117T	5.93E-01	1.78E+00	6.32E-01	5.27E-01	3.60E-01	2.06E+00	6.96E-01	7.87E-01	1.08E+00	1.37E+00	1.43E+00	3.94E-01	9.15E-01	1.06E+00	8.51E-01	8.62E-01	1.50E+00	1.63E+00	6.54E-01
CPCT02080072T	1.24E+00	2.77E+00	1.16E+00	9.98E-01	1.39E+00	2.89E+00	9.60E-01	6.36E-01	2.00E+00	2.08E+00	8.38E-01	6.27E-01	1.36E+00	1.32E+00	4.95E-01	9.13E-01	1.47E+00	1.22E+00	5.13E-01
CPCT02080073T	1.68E+00	2.37E+00	3.03E+00	1.30E+01	6.86E+00	3.44E+00	3.17E+00	1.73E+00	7.75E+00	3.40E+00	2.40E+00	1.78E+00	1.50E+01	1.80E+00	1.89E+00	1.06E+00	4.09E+00	2.70E+00	9.18E-01
CPCT02040078T	1.84E+00	2.58E+00	2.07E+00	6.34E-01	9.62E-01	2.92E+00	1.13E+00	1.16E+00	1.37E+00	1.31E+00	1.26E+00	8.06E-01	1.78E+00	1.01E+00	8.64E-01	7.46E-01	1.43E+00	8.23E-01	7.96E-01
CPCT02080076T	3.78E-01	1.21E+00	4.67E-01	4.36E-01	5.21E-01	1.33E+00	4.75E-01	6.38E-01	1.04E+00	8.50E-01	8.92E-01	3.49E-01	1.19E+00	9.02E-01	5.89E-01	5.33E-01	9.74E-01	1.15E+00	2.65E-01
CPCT02010508T	8.10E-01	1.43E+00	1.13E+00	4.57E-01	6.31E-01	1.27E+00	2.88E-01	6.35E-01	7.00E-01	6.07E-01	8.64E-01	4.02E-01	6.98E-01	7.52E-01	4.16E-01	4.34E-01	9.56E-01	9.81E-01	2.81E-01
CPCT02080019T	1.19E+00	2.31E+00	1.50E+00	1.05E+00	7.72E-01	2.74E+00	1.19E+00	6.09E-01	1.55E+00	1.53E+00	9.31E-01	7.25E-01	1.81E+00	1.52E+00	9.65E-01	1.00E+00	1.37E+00	1.06E+00	4.66E-01
CPCT02190009T	1.03E+00	2.83E+00	1.27E+00	1.83E+00	3.19E+00	3.35E+00	1.86E+00	9.90E-01	8.34E+00	7.15E+00	1.42E+00	1.14E+00	2.11E+00	1.07E+00	1.77E+00	1.60E+00	2.84E+00	1.01E+00	5.75E-01
CPCT02010509T	1.42E+00	2.05E+00	8.51E-01	6.29E-01	7.78E-01	2.11E+00	9.29E-01	6.05E-01	1.53E+00	1.52E+00	9.16E-01	4.79E-01	1.41E+00	1.26E+00	6.21E-01	1.06E+00	1.27E+00	1.22E+00	6.31E-01
DRUP01010012T	1.24E+00	1.86E+00	1.24E+00	1.82E+00	2.21E+00	2.13E+00	1.28E+00	1.12E+00	2.86E+00	2.17E+00	1.95E+00	1.02E+00	1.86E+00	1.80E+00	1.22E+00	1.29E+00	3.30E+00	2.46E+00	1.26E+00
CPCT02020441T	1.01E+00	2.00E+00	8.13E-01	8.17E-01	9.28E-01	1.97E+00	7.35E-01	5.00E-01	7.78E-01	1.47E+00	8.76E-01	6.96E-01	1.04E+00	9.62E-01	8.28E-01	7.50E-01	1.64E+00	9.89E-01	3.93E-01
CPCT02140039T	7.89E-01	1.38E+00	8.72E-01	1.20E+00	1.83E+00	1.45E+00	2.04E+00	7.15E-01	6.10E+00	5.51E+00	1.02E+00	1.17E+00	1.82E+00	1.30E+00	1.17E+00	1.21E+00	1.83E+00	1.13E+00	3.82E-01
CPCT02040086T	6.70E-01	5.33E+00	5.91E-01	5.73E-01	7.44E-01	5.86E+00	4.89E-01	7.98E-01	1.39E+00	1.26E+00	1.30E+00	5.58E-01	2.45E+00	6.51E-01	1.04E+00	7.86E-01	2.41E+00	1.97E+00	0.00E+00
CPCT02060070T	4.51E-01	1.13E+00	6.85E-01	3.16E+00	1.95E+00	1.37E+00	1.15E+00	9.13E-01	1.80E+00	1.35E+00	1.53E+00	7.36E-01	3.66E+00	1.13E+00	1.05E+00	8.03E-01	1.50E+00	6.46E-01	9.30E-01
DRUP01020002T	1.23E+00	2.35E+00	2.48E+00	1.42E+01	6.53E+00	2.59E+00	1.54E+00	1.25E+00	8.20E+00	2.46E+00	2.02E+00	1.44E+00	1.66E+01	9.69E-01	1.32E+00	7.72E-01	3.76E+00	2.06E+00	1.23E+00
CPCT02100055T	1.62E+00	4.53E+00	1.25E+00	7.80E-01	7.89E-01	5.11E+00	5.95E-01	1.00E+00	1.52E+00	1.33E+00	1.61E+00	8.82E-01	2.62E+00	1.24E+00	9.25E-01	5.85E-01	1.95E+00	1.05E+00	5.77E-01
CPCT02220008T	2.08E+00	3.81E+00	1.95E+00	1.05E+00	1.97E+00	5.18E+00	1.51E+00	1.07E+00	5.43E+00	4.13E+00	2.23E+00	1.16E+00	3.74E+00	2.18E+00	1.32E+00	1.44E+00	2.75E+00	1.57E+00	4.18E-01
CPCT02300008T	8.57E-01	1.86E+00	2.53E+00	1.03E+01	6.98E+00	2.05E+00	1.24E+00	1.69E+00	6.54E+00	3.42E+00	2.88E+00	1.29E+00	1.21E+01	1.45E+00	1.24E+00	1.17E+00	4.14E+00	2.61E+00	1.47E+00
CPCT02010520T	5.96E-01	1.24E+00	8.86E-01	5.33E-01	6.43E-01	1.17E+00	4.43E-01	7.86E-01	1.57E+00	1.46E+00	1.41E+00	8.79E-01	9.51E-01	7.84E-01	5.58E-01	6.18E-01	2.06E+00	1.40E+00	2.91E-01
CPCT02020475T	6.35E-01	2.19E+00	7.37E-01	7.56E-01	7.87E-01	2.44E+00	9.02E-01	7.70E-01	9.89E-01	1.25E+00	1.09E+00	3.22E-01	1.36E+00	8.39E-01	6.69E-01	5.98E-01	1.31E+00	1.28E+00	3.13E-01
CPCT02020478T	9.41E-01	2.52E+00	8.81E-01	9.00E-01	1.09E+00	2.98E+00	6.18E-01	1.06E+00	1.32E+00	1.15E+00	1.45E+00	7.67E-01	2.07E+00	1.49E+00	8.90E-01	9.38E-01	1.71E+00	1.35E+00	5.87E-01
CPCT02010523T	1.83E+00	2.69E+01	1.47E+00	1.28E+00	1.41E+00	2.81E+01	1.34E+00	1.34E+00	4.26E+00	2.94E+00	2.19E+00	9.39E-01	3.96E+00	1.70E+00	1.34E+00	1.62E+00	6.72E+00	2.02E+00	9.74E-01
CPCT02050120T	1.09E+00	2.23E+00	9.89E-01	7.11E-01	9.70E-01	2.26E+00	8.88E-01	1.03E+00	1.28E+00	1.59E+00	1.38E+00	7.42E-01	1.42E+00	1.75E+00	8.90E-01	1.38E+00	1.96E+00	1.57E+00	6.46E-01
CPCT02050143T	1.28E+00	2.75E+00	1.11E+00	8.53E-01	8.61E-01	3.07E+00	1.21E+00	9.57E-01	1.89E+00	1.89E+00	1.41E+00	9.49E-01	1.46E+00	1.52E+00	1.01E+00	1.24E+00	1.13E+00	9.84E-01	5.30E-01
CPCT02050138T	1.20E+00	6.49E+00	1.04E+00	9.87E-01	1.02E+00	6.95E+00	8.36E-01	1.31E+00	1.30E+00	9.85E-01	1.91E+00	1.05E+00	1.67E+00	8.30E-01	1.00E+00	6.70E-01	1.96E+00	6.33E-01	6.58E-01
CPCT02010528T	8.32E-01	1.61E+00	8.72E-01	5.82E-01	8.03E-01	2.09E+00	4.11E-01	8.50E-01	1.04E+00	9.06E-01	1.32E+00	4.33E-01	1.01E+00	1.22E+00	4.48E-01	1.02E+00	1.03E+00	1.14E+00	6.43E-01
CPCT02110020T	8.13E-01	1.60E+00	8.89E-01	5.80E-01	6.37E-01	1.75E+00	6.58E-01	8.45E-01	1.22E+00	9.96E-01	1.00E+00	3.70E-01	1.45E+00	1.41E+00	6.93E-01	9.27E-01	1.55E+00	1.04E+00	2.33E-01
CPCT02300009T	1.40E+00	3.47E+00	2.95E+00	1.61E+01	7.27E+00	4.32E+00	1.79E+00	2.42E+00	9.21E+00	2.08E+00	3.56E+00	1.81E+00	1.78E+01	1.29E+00	1.29E+00	1.01E+00	4.58E+00	2.71E+00	3.92E-01
CPCT02020493T	1.10E+00	1.83E+00	1.55E+00	9.87E+00	5.32E+00	1.90E+00	1.59E+00	1.70E+00	5.57E+00	1.15E+00	2.50E+00	1.28E+00	1.14E+01	1.21E+00	1.18E+00	8.03E-01	3.13E+00	1.83E+00	6.09E-01
CPCT02020487T	1.42E+00	4.83E+00	1.01E+00	5.44E-01	7.59E-01	4.75E+00	9.35E-01	1.01E+00	1.08E+00	1.13E+00	1.54E+00	8.08E-01	1.95E+00	1.28E+00	8.79E-01	7.60E-01	1.41E+00	7.83E-01	5.87E-01
CPCT02020345TII	9.85E-01	2.29E+00	9.22E-01	6.42E-01	8.30E-01	2.19E+00	1.12E+00	7.23E-01	1.40E+00	1.47E+00	1.01E+00	7.22E-01	1.39E+00	1.61E+00	1.12E+00	1.06E+00	1.64E+00	1.14E+00	2.24E-01
CPCT02030329T	5.77E-01	1.81E+00	6.73E-01	6.69E-01	7.33E-01	1.78E+00	6.18E-01	5.65E-01	1.61E+00	1.42E+00	7.44E-01	6.46E-01	8.96E-01	5.64E-01	8.20E-01	5.07E-01	1.19E+00	6.51E-01	2.56E-01
CPCT02370003T	2.35E+00	1.49E+00	1.82E+00	9.53E+00	8.23E+00	2.05E+00	2.80E+00	2.35E+00	6.84E+00	2.83E+00	3.74E+00	1.93E+00	1.17E+01	1.84E+00	1.73E+00	1.19E+00	4.01E+00	1.39E+00	8.97E-01
CPCT02290008T	1.09E+00	1.82E+00	2.35E+00	9.57E+00	4.86E+00	1.83E+00	1.05E+00	1.69E+00	5.33E+00	1.52E+00	2.06E+00	1.07E+00	1.03E+01	1.40E+00	9.79E-01	9.35E-01	3.27E+00	1.54E+00	7.50E-01
CPCT02160018T	6.15E-01	1.44E+00	5.01E-01	5.29E-01	4.12E-01	1.30E+00	5.35E-01	6.46E-01	1.16E+00	8.67E-01	8.32E-01	6.30E-01	9.34E-01	1.21E+00	5.79E-01	6.75E-01	1.28E+00	6.86E-01	2.91E-01
CPCT02160019T	4.52E-01	1.26E+00	2.60E-01	3.90E-01	5.62E-01	1.16E+00	5.24E-01	5.83E-01	5.43E-01	3.91E-01	6.70E-01	5.73E-01	7.50E-01	7.09E-01	6.26E-01	7.08E-01	8.53E-01	6.72E-01	2.66E-01
CPCT02110023T	1.24E+00	3.96E+00	1.22E+00	5.57E-01	1.13E+00	4.31E+00	9.95E-01	1.27E+00	1.29E+00	1.40E+00	1.89E+00	7.43E-01	1.62E+00	1.14E+00	1.04E+00	1.00E+00	1.86E+00	1.21E+00	4.95E-01
CPCT02110028T	1.22E+00	2.48E+00	9.25E-01	5.62E-01	6.44E-01	2.81E+00	6.59E-01	4.99E-01	1.12E+00	1.14E+00	6.55E-01	3.81E-01	1.31E+00	1.19E+00	6.94E-01	8.39E-01	9.02E-01	7.11E-01	2.87E-01
CPCT02010555T	1.73E+00	3.86E+00	1.20E+00	1.01E+00	1.45E+00	3.86E+00	1.48E+00	7.64E-01	2.89E+00	2.28E+00	1.39E+00	9.52E-01	1.97E+00	1.44E+00	1.20E+00	1.33E+00	2.10E+00	1.80E+00	6.21E-01
CPCT02110029T	1.63E+00	3.51E+00	2.14E+00	1.27E+00	1.58E+00	3.75E+00	1.11E+00	9.64E-01	3.88E+00	3.47E+00	1.56E+00	9.99E-01	2.22E+00	1.78E+00	1.02E+00	8.95E-01	2.04E+00	1.10E+00	4.53E-01
CPCT02210014T	8.65E-01	1.45E+00	1.05E+00	5.78E-01	8.41E-01	1.36E+00	6.43E-01	6.66E-01	1.05E+00	9.93E-01	9.80E-01	5.92E-01	9.70E-01	1.00E+00	5.56E-01	1.02E+00	1.12E+00	9.97E-01	0.00E+00
CPCT02060075T	1.95E+00	3.27E+00	1.25E+00	1.60E+00	1.46E+00	3.62E+00	1.28E+00	7.81E-01	2.48E+00	2.19E+00	1.27E+00	7.27E-01	2.28E+00	2.23E+00	7.85E-01	1.54E+00	2.03E+00	1.23E+00	6.89E-01
CPCT02020490T	7.12E-01	1.90E+00	5.34E-01	8.08E-01	7.62E-01	2.13E+00	4.01E-01	9.35E-01	1.36E+00	1.24E+00	1.28E+00	6.74E-01	1.04E+00	1.06E+00	7.57E-01	8.05E-01	1.21E+00	8.21E-01	3.81E-01
CPCT02050127T	4.27E-01	1.56E+00	5.74E-01	6.39E-01	9.94E-01	1.59E+00	5.40E-01	1.11E+00	9.09E-01	1.17E+00	9.44E-01	4.97E-01	9.82E-01	1.03E+00	7.66E-01	7.59E-01	1.45E+00	6.28E-01	6.47E-01
CPCT02040097T	1.25E+00	1.56E+00	1.40E+00	1.23E+00	1.17E+00	1.72E+00	1.12E+00	8.72E-01	1.31E+00	1.25E+00	1.44E+00	9.57E-01	1.35E+00	1.68E+00	9.28E-01	1.16E+00	1.43E+00	1.57E+00	6.47E-01
CPCT02050146T	5.96E-01	1.90E+00	4.34E-01	6.52E-01	3.02E-01	2.26E+00	4.61E-01	9.39E-01	9.32E-01	8.36E-01	1.32E+00	4.52E-01	1.27E+00	5.13E-01	6.43E-01	7.87E-01	1.38E+00	8.88E-01	6.78E-01
CPCT02080095T	1.20E+00	3.27E+00	1.05E+00	5.59E-01	6.26E-01	3.67E+00	9.05E-01	8.60E-01	9.03E-01	7.96E-01	1.22E+00	6.09E-01	1.28E+00	8.86E-01	7.20E-01	7.15E-01	1.03E+00	1.25E+00	6.19E-01
CPCT02110030T	8.73E-01	4.06E+00	8.80E-01	7.57E-01	1.14E+00	4.37E+00	6.60E-01	9.63E-01	1.26E+00	7.48E-01	1.27E+00	6.72E-01	2.13E+00	1.07E+00	5.69E-01	9.75E-01	1.84E+00	1.19E+00	5.28E-01
CPCT02290010T	1.59E+00	6.32E+00	1.14E+00	1.11E+00	8.62E-01	7.17E+00	1.09E+00	8.46E-01	1.74E+00	1.43E+00	1.28E+00	6.53E-01	2.02E+00	1.31E+00	1.09E+00	1.03E+00	1.98E+00	9.84E-01	6.04E-01
CPCT02010554T	1.28E+00	5.17E+00	1.41E+00	5.28E-01	8.24E-01	5.22E+00	6.86E-01	8.71E-01	1.33E+00	1.03E+00	1.49E+00	4.91E-01	1.17E+00	7.46E-01	4.53E-01	6.08E-01	1.58E+00	1.33E+00	2.88E-01
CPCT02050156T	9.96E-01	3.09E+00	6.74E-01	6.17E-01	8.93E-01	3.09E+00	6.62E-01	7.41E-01	1.28E+00	1.22E+00	1.18E+00	6.07E-01	1.34E+00	1.21E+00	7.70E-01	9.25E-01	1.64E+00	9.14E-01	3.50E-01
CPCT02300014T	9.04E-01	1.57E+00	1.08E+00	5.31E-01	7.70E-01	1.50E+00	7.16E-01	7.97E-01	1.58E+00	1.62E+00	1.13E+00	6.74E-01	1.22E+00	1.35E+00	6.48E-01	1.00E+00	9.73E-01	7.54E-01	2.90E-01
CPCT02230014T	2.48E+00	4.57E+00	2.46E+00	7.68E-01	5.56E-01	4.91E+00	1.42E+00	1.06E+00	1.30E+00	1.11E+00	1.45E+00	6.72E-01	9.63E-01	2.28E+00	8.87E-01	1.94E+00	1.69E+00	1.33E+00	5.69E-01
CPCT02230016T	6.23E-01	3.18E+00	5.10E-01	3.57E-01	5.03E-01	3.25E+00	6.83E-01	8.10E-01	1.25E+00	1.32E+00	1.44E+00	9.06E-01	9.29E-01	5.11E-01	8.58E-01	5.45E-01	1.47E+00	9.40E-01	0.00E+00
CPCT02220029T	1.41E+00	3.56E+00	1.23E+00	1.58E+00	1.46E+00	3.87E+00	1.61E+00	1.81E+00	2.17E+00	1.78E+00	2.23E+00	1.93E+00	1.96E+00	2.37E+00	1.40E+00	2.02E+00	1.64E+00	1.40E+00	4.53E-01
CPCT02140053T	1.08E+00	2.39E+00	8.35E-01	1.08E+00	1.72E+00	2.47E+00	7.32E-01	1.21E+00	4.89E+00	4.56E+00	1.27E+00	8.86E-01	1.51E+00	1.12E+00	9.57E-01	1.22E+00	2.01E+00	1.36E+00	4.80E-01
CPCT02050285T	8.22E-01	1.67E+00	1.11E+00	1.80E+00	2.87E+00	2.18E+00	1.82E+00	1.58E+00	6.56E+00	5.65E+00	1.22E+00	1.24E+00	2.31E+00	1.36E+00	1.74E+00	1.62E+00	3.09E+00	1.70E+00	3.11E-01
CPCT02050288T	1.37E+00	2.59E+00	1.46E+00	1.12E+00	2.27E+00	2.64E+00	1.55E+00	1.74E+00	3.96E+00	3.11E+00	1.12E+00	1.03E+00	1.50E+00	1.37E+00	1.19E+00	1.10E+00	1.58E+00	9.30E-01	5.65E-01
CPCT02020637T	8.80E-01	3.74E+00	8.74E-01	8.66E-01	1.54E+00	4.11E+00	6.59E-01	1.09E+00	3.44E+00	3.04E+00	1.68E+00	5.84E-01	1.75E+00	1.08E+00	8.97E-01	9.67E-01	1.90E+00	1.31E+00	4.98E-01
CPCT02010682T	9.96E-01	9.27E-01	6.23E-01	7.80E-01	1.43E+00	1.40E+00	7.70E-01	1.92E+00	2.15E+00	1.13E+00	1.96E+00	1.12E+00	1.66E+00	1.71E+00	6.86E-01	1.28E+00	1.10E+00	1.02E+00	4.34E-01
CPCT02330066T	2.08E+00	5.48E+00	1.94E+00	7.63E-01	1.92E+00	5.29E+00	1.00E+00	2.48E+00	3.22E+00	1.47E+00	1.67E+00	1.30E+00	3.03E+00	1.93E+00	1.07E+00	1.09E+00	2.34E+00	1.45E+00	7.88E-01
CPCT02330067T	4.54E-01	1.78E+00	6.49E-01	3.58E-01	9.56E-01	1.72E+00	6.14E-01	1.50E+00	1.22E+00	1.06E+00	1.40E+00	3.26E-01	1.01E+00	7.10E-01	6.46E-01	6.53E-01	1.52E+00	1.14E+00	3.05E-01
CPCT02020599T	1.47E+00	3.64E+00	1.53E+00	9.73E-01	1.23E+00	4.20E+00	1.20E+00	1.15E+00	1.93E+00	1.56E+00	1.86E+00	9.14E-01	2.11E+00	3.02E+00	1.12E+00	2.82E+00	2.12E+00	1.99E+00	2.79E-01
CPCT02030384T	6.57E-01	1.95E+00	6.28E-01	8.76E-01	1.74E+00	2.13E+00	1.17E+00	9.11E-01	3.92E+00	3.60E+00	1.02E+00	7.94E-01	1.68E+00	1.01E+00	1.06E+00	1.02E+00	1.96E+00	1.16E+00	4.88E-01
CPCT02010419TII	1.75E+00	2.55E+00	3.85E+00	1.73E+01	9.01E+00	2.62E+00	2.07E+00	3.33E+00	1.14E+01	2.07E+00	3.15E+00	1.48E+00	2.06E+01	1.74E+00	1.44E+00	1.21E+00	5.30E+00	2.51E+00	9.47E-01
CPCT02020493TII	1.50E+00	2.89E+00	2.10E+00	1.11E+01	7.20E+00	2.26E+00	1.75E+00	4.19E+00	8.58E+00	1.21E+00	2.62E+00	1.59E+00	1.33E+01	1.08E+00	1.52E+00	8.01E-01	3.28E+00	1.62E+00	8.02E-01
CPCT02010691T	1.13E+00	2.54E+00	1.08E+00	9.15E-01	1.17E+00	2.46E+00	9.91E-01	1.30E+00	1.03E+00	1.10E+00	1.42E+00	5.98E-01	1.30E+00	9.95E-01	7.02E-01	6.84E-01	1.26E+00	1.49E+00	3.88E-01
CPCT02210037T	1.30E+00	1.34E+00	2.02E+00	7.59E+00	3.66E+00	1.38E+00	1.29E+00	1.46E+00	4.46E+00	2.01E+00	1.85E+00	1.12E+00	9.02E+00	1.34E+00	1.16E+00	1.13E+00	2.26E+00	1.18E+00	5.30E-01
CPCT02040191T	6.46E-01	1.22E+00	8.26E-01	6.03E-01	4.35E-01	1.18E+00	5.25E-01	8.54E-01	9.01E-01	8.11E-01	1.17E+00	3.99E-01	8.67E-01	9.57E-01	5.95E-01	9.13E-01	8.78E-01	9.95E-01	0.00E+00
CPCT02190026T	1.04E+00	1.99E+00	1.22E+00	3.46E-01	8.61E-01	1.88E+00	6.37E-01	1.12E+00	1.12E+00	1.02E+00	1.15E+00	6.40E-01	1.21E+00	1.12E+00	8.07E-01	1.24E+00	1.17E+00	8.69E-01	4.99E-01
CPCT02390008T	8.30E-01	1.80E+00	8.79E-01	5.05E-01	9.23E-01	2.03E+00	9.52E-01	1.13E+00	8.84E-01	1.14E+00	1.46E+00	8.16E-01	8.47E-01	7.68E-01	1.09E+00	6.31E-01	1.37E+00	1.12E+00	4.30E-01
CPCT02190024T	1.17E+00	3.00E+00	1.08E+00	1.26E+00	1.85E+00	3.43E+00	1.93E+00	8.96E-01	2.99E+00	2.58E+00	1.28E+00	9.79E-01	2.30E+00	1.28E+00	1.11E+00	1.18E+00	1.68E+00	1.30E+00	8.92E-01
CPCT02010694T	9.29E-01	2.13E+00	1.10E+00	9.47E-01	9.22E-01	2.03E+00	9.04E-01	9.98E-01	1.78E+00	1.23E+00	1.02E+00	8.95E-01	1.48E+00	2.40E+00	7.19E-01	1.52E+00	1.58E+00	9.98E-01	4.12E-01
CPCT02230071T	5.05E-01	1.16E+00	3.46E-01	7.81E-01	1.26E+00	1.26E+00	2.21E-01	1.47E+00	1.90E+00	1.05E+00	9.66E-01	4.36E-01	1.17E+00	1.01E+00	6.30E-01	6.04E-01	1.23E+00	9.93E-01	2.03E-01
CPCT02230074T	4.97E-01	1.78E+00	5.56E-01	6.20E-01	7.74E-01	1.84E+00	5.32E-01	7.02E-01	1.25E+00	1.07E+00	1.09E+00	2.04E-01	1.28E+00	6.92E-01	7.76E-01	5.96E-01	1.58E+00	6.97E-01	2.05E-01
CPCT02100132T	1.17E+00	3.81E+00	1.22E+00	1.47E+00	2.89E+00	4.43E+00	1.27E+00	1.03E+00	6.83E+00	5.58E+00	1.57E+00	9.93E-01	2.16E+00	1.73E+00	1.68E+00	1.54E+00	3.32E+00	1.93E+00	5.98E-01
CPCT02330071T	2.17E+00	3.16E+00	2.01E+00	9.37E-01	1.27E+00	3.28E+00	1.15E+00	1.10E+00	1.59E+00	1.69E+00	1.22E+00	9.23E-01	1.43E+00	1.14E+00	8.37E-01	7.65E-01	1.19E+00	9.32E-01	4.57E-01
CPCT02380026T	1.30E+00	2.28E+00	1.75E+00	1.87E+00	2.41E+00	2.43E+00	1.95E+00	2.10E+00	3.77E+00	2.61E+00	2.25E+00	1.18E+00	2.08E+00	1.93E+00	1.17E+00	1.78E+00	2.42E+00	2.18E+00	8.62E-01
CPCT02080170T	7.13E-01	1.06E+00	8.31E-01	7.11E-01	8.88E-01	8.62E-01	4.49E-01	8.87E-01	1.89E+00	1.73E+00	9.41E-01	5.48E-01	8.66E-01	3.86E-01	1.94E-01	6.76E-01	1.44E+00	1.10E+00	2.50E-01
CPCT02380024T	1.22E+00	2.25E+00	1.22E+00	7.79E-01	1.09E+00	2.40E+00	8.50E-01	1.04E+00	1.55E+00	1.41E+00	1.68E+00	1.03E+00	1.28E+00	1.56E+00	8.94E-01	9.14E-01	1.90E+00	1.35E+00	8.47E-01
CPCT02040207T	1.22E+00	2.34E+00	1.02E+00	3.75E-01	6.18E-01	2.52E+00	7.10E-01	8.39E-01	9.60E-01	8.52E-01	8.43E-01	5.05E-01	6.69E-01	1.20E+00	7.22E-01	8.76E-01	1.11E+00	5.13E-01	4.49E-01
CPCT02340047T	4.70E-01	1.03E+00	4.68E-01	1.93E+00	1.93E+00	1.26E+00	9.61E-01	1.23E+00	1.90E+00	1.18E+00	1.10E+00	5.91E-01	1.83E+00	5.06E-01	5.35E-01	2.17E-01	9.66E-01	7.52E-01	3.12E-01
CPCT02360008T	5.55E-01	9.15E-01	6.99E-01	3.93E-01	6.13E-01	1.03E+00	5.72E-01	8.41E-01	9.74E-01	8.44E-01	7.98E-01	5.53E-01	8.56E-01	7.20E-01	1.12E-01	6.39E-01	8.64E-01	6.69E-01	2.35E-01
CPCT02080173T	1.53E-01	8.97E-01	4.98E-01	5.52E-01	5.02E-01	1.07E+00	5.11E-01	7.82E-01	1.17E+00	1.06E+00	5.50E-01	2.69E-01	5.09E-01	5.77E-01	5.14E-01	6.50E-01	8.91E-01	2.57E-01	2.37E-01
DRUP01080009T	9.78E-01	3.39E+00	1.47E+00	1.09E+00	2.18E+00	3.37E+00	1.23E+00	2.16E+00	2.70E+00	2.52E+00	2.12E+00	7.89E-01	1.89E+00	1.53E+00	1.18E+00	1.30E+00	2.74E+00	1.47E+00	2.12E+00
CPCT02030428T	6.89E-01	2.40E+00	6.44E-01	3.38E-01	6.27E-01	2.62E+00	4.75E-01	1.07E+00	8.85E-01	8.61E-01	7.65E-01	4.71E-01	9.20E-01	9.82E-01	4.94E-01	4.57E-01	1.50E+00	9.10E-01	4.26E-01
CPCT02300028T	3.33E-01	1.24E+00	3.48E-01	4.73E-01	7.92E-01	1.32E+00	6.67E-01	8.78E-01	1.14E+00	9.09E-01	7.66E-01	6.22E-01	8.04E-01	7.65E-01	7.71E-01	6.72E-01	1.20E+00	7.97E-01	4.17E-01
WIDE01010647T	9.77E-01	1.90E+00	1.11E+00	9.17E-01	1.98E+00	1.83E+00	1.70E+00	7.76E-01	4.40E+00	3.56E+00	1.37E+00	1.17E+00	1.47E+00	1.09E+00	1.24E+00	9.44E-01	1.66E+00	1.02E+00	5.36E-01
WIDE01010448T	6.62E-01	1.56E+00	1.13E+00	2.09E+00	1.68E+00	1.48E+00	9.44E-01	8.60E-01	1.50E+00	1.21E+00	1.09E+00	6.16E-01	2.57E+00	1.23E+00	9.24E-01	8.12E-01	1.30E+00	1.56E+00	5.63E-01
WIDE01010481T	1.14E+00	1.49E+00	1.02E+00	5.08E+00	4.87E+00	1.40E+00	1.56E+00	8.81E-01	4.35E+00	2.32E+00	1.50E+00	1.50E+00	5.97E+00	1.29E+00	1.35E+00	1.24E+00	2.39E+00	1.46E+00	9.31E-01
WIDE01010468T	1.62E+00	3.11E+00	1.93E+00	1.35E+00	2.35E+00	3.42E+00	1.48E+00	8.79E-01	6.80E+00	5.95E+00	1.52E+00	7.76E-01	1.97E+00	1.30E+00	1.30E+00	1.38E+00	2.48E+00	1.23E+00	5.09E-01
WIDE01010489T	8.15E-01	1.18E+00	3.29E-01	9.29E-01	1.27E+00	1.23E+00	6.84E-01	1.12E+00	2.28E+00	2.11E+00	1.80E+00	9.90E-01	1.41E+00	1.55E+00	6.58E-01	1.11E+00	1.43E+00	1.38E+00	4.93E-01
WIDE01010478T	9.38E-01	1.21E+00	6.11E-01	8.63E-01	7.98E-01	1.03E+00	8.43E-01	4.16E-01	1.06E+00	9.04E-01	7.54E-01	6.08E-01	1.15E+00	8.08E-01	2.18E-01	4.81E-01	8.77E-01	9.23E-01	2.30E-01
WIDE01010534T	9.20E-01	1.33E+00	9.13E-01	7.09E-01	1.19E+00	1.23E+00	1.56E+00	8.73E-01	1.25E+00	1.91E+00	1.10E+00	1.11E+00	1.73E+00	1.43E+00	1.10E+00	1.08E+00	1.21E+00	1.40E+00	3.02E-01
WIDE01010547T	9.90E-01	2.25E+00	8.88E-01	1.06E+00	9.23E-01	2.19E+00	9.65E-01	8.84E-01	2.06E+00	1.96E+00	1.65E+00	6.78E-01	1.60E+00	1.48E+00	6.32E-01	1.09E+00	1.61E+00	1.07E+00	6.80E-01
WIDE01010550T	7.60E-01	1.37E+00	7.85E-01	1.20E+00	1.61E+00	1.05E+00	1.36E+00	8.14E-01	4.55E+00	3.82E+00	1.25E+00	8.18E-01	1.61E+00	1.17E+00	1.08E+00	1.09E+00	1.76E+00	5.49E-01	6.45E-01
WIDE01010584T	7.24E-01	8.47E-01	1.09E+00	3.19E+00	2.69E+00	1.24E+00	1.17E+00	6.78E-01	2.24E+00	1.53E+00	1.16E+00	1.07E+00	3.72E+00	5.92E-01	7.29E-01	5.96E-01	1.57E+00	7.25E-01	4.22E-01
WIDE01010564T	9.00E-01	1.62E+00	7.59E-01	7.80E-01	8.59E-01	1.63E+00	7.89E-01	6.38E-01	1.39E+00	1.15E+00	1.12E+00	7.84E-01	1.10E+00	9.55E-01	1.05E+00	9.37E-01	1.38E+00	1.36E+00	5.21E-01
WIDE01010574T	1.59E+00	2.01E+00	2.88E+00	1.37E+01	8.10E+00	1.90E+00	1.79E+00	2.00E+00	1.06E+01	8.54E+00	2.61E+00	1.62E+00	1.65E+01	1.58E+00	1.75E+00	1.80E+00	4.85E+00	1.62E+00	8.53E-01
WIDE01010035T	4.29E-01	1.17E+00	5.33E-01	6.53E-01	6.47E-01	1.51E+00	2.49E-01	6.85E-01	6.47E-01	6.51E-01	9.00E-01	4.87E-01	9.82E-01	9.17E-01	7.66E-01	3.09E-01	1.10E+00	7.58E-01	3.89E-01
WIDE01010613T	6.12E-01	2.48E+00	9.18E-01	3.26E-01	5.08E-01	2.82E+00	5.95E-01	6.91E-01	1.07E+00	9.31E-01	1.23E+00	5.95E-01	1.03E+00	7.61E-01	7.37E-01	6.23E-01	1.52E+00	1.26E+00	5.37E-01
WIDE01010659T	7.05E-01	1.24E+00	6.97E-01	5.98E-01	6.88E-01	1.24E+00	6.41E-01	6.82E-01	8.62E-01	8.51E-01	1.13E+00	7.57E-01	1.04E+00	8.20E-01	1.01E+00	6.19E-01	8.95E-01	7.19E-01	5.05E-01
WIDE01010649T	5.47E-01	1.52E+00	5.29E-01	6.61E-01	3.32E-01	1.54E+00	5.33E-01	8.46E-01	1.06E+00	9.62E-01	9.81E-01	7.85E-01	8.46E-01	8.70E-01	7.25E-01	8.41E-01	1.05E+00	8.24E-01	2.96E-01
WIDE01010701T	1.59E+00	4.17E+00	1.50E+00	1.04E+00	1.59E+00	4.58E+00	1.05E+00	8.28E-01	2.21E+00	1.86E+00	1.26E+00	8.52E-01	1.54E+00	1.58E+00	1.22E+00	1.50E+00	2.10E+00	1.36E+00	6.41E-01
WIDE01010702T	2.72E-01	1.21E+00	3.63E-01	6.30E-01	7.25E-01	1.19E+00	3.26E-01	7.09E-01	1.15E+00	1.00E+00	8.83E-01	4.32E-01	1.33E+00	1.19E+00	2.91E-01	6.98E-01	1.45E+00	1.38E+00	4.57E-01
