MutationType	CPCT02060044T	CPCT02030247T	CPCT02050043T	CPCT02020342T	CPCT02010371T	CPCT02030256T	CPCT02050045T	CPCT02050047T	CPCT02010393T	CPCT02020358T	CPCT02090002T	CPCT02010403T	CPCT02030272T	CPCT02020373T	CPCT02050052T	CPCT02030270T	CPCT02050056T	CPCT02050055T	CPCT02030279T	CPCT02020320T	CPCT02060037T	CPCT02100033T	CPCT02010436T	CPCT02010439T	CPCT02060043T	CPCT02030284T	CPCT02020410T	CPCT02020408T	CPCT02030291T	CPCT02050079T	CPCT02050073T	CPCT02220001T	CPCT02010440T	CPCT02011020T	CPCT02340050T	CPCT02080280T	CPCT02080282T	CPCT02060163T	CPCT02011025T	CPCT02010754TII	CPCT02010716T	CPCT02170039T	CPCT02080284T	CPCT02030555T	CPCT02011037T	CPCT02120180T	CPCT02050304T	CPCT02020895T	CPCT02090032T	CPCT02020662T	DRUP01080025T	CPCT02020891T	CPCT02080266TII	CPCT02020901T	CPCT02080287T	CPCT02011045T	CPCT02020897T	CPCT02120101T	CPCT02020910T	CPCT02120095T	CPCT02080294T	CPCT02080292T	CPCT02120098T	CPCT02120105T	CPCT02020914T	CPCT02160035T	CPCT02050310T	CPCT02290061T	CPCT02050308T	CPCT02090035T	CPCT02020933T	CPCT02020930T	CPCT02020934T	CPCT02020939T	CPCT02020670T	CPCT02020837TII	CPCT02030459T	CPCT02350019T	CPCT02050424T	CPCT02340064T	CPCT02011045TII	CPCT02120189T	CPCT02010754T	CPCT02020868T	CPCT02060286T	CPCT02060288T	CPCT02120193T	CPCT02120187T	CPCT02120191T	CPCT02080304T	CPCT02080307T	CPCT02080303T	CPCT02340067T	CPCT02030461T	CPCT02020919T	CPCT02050432T	CPCT02120110T	CPCT02080308T	CPCT02020951T	DRUP01060009T	CPCT02020949T	CPCT02020960T	WIDE01010033T	CPCT02340115T	CPCT02050322T	CPCT02050046T	CPCT02050331T	WIDE01010071T	CPCT02020895TII	CPCT02030468T	CPCT02020959T	CPCT02080313T	CPCT02080311T	CPCT02011108T	CPCT02080314T	CPCT02020694T	CPCT02020672T	WIDE01010123T	CPCT02020665T	CPCT02080207T	CPCT02060291T	CPCT02050441T	CPCT02050440T	CPCT02050438T	DRUP01230001T	CPCT02080205T	CPCT02020714T	WIDE01010172T	CPCT02340081T	CPCT02010801T	CPCT02010794T	CPCT02340083T	CPCT02050347T	CPCT02120198T	CPCT02120199T	WIDE01010255T	CPCT02040241T	WIDE01010305T	WIDE01010314T	CPCT02060228T	WIDE01010328T	CPCT02030479T	CPCT02040246T	WIDE01010376T	WIDE01010381T	WIDE01010392T	CPCT02080221T	CPCT02020723T	CPCT02020736T	CPCT02020743T	CPCT02020739T	CPCT02050365T	CPCT02020670TII	CPCT02030490T	CPCT02300042T	CPCT02020700T	CPCT02220050T	CPCT02050370T	CPCT02050373T	CPCT02080234T	CPCT02030499T	CPCT02020770T	CPCT02050376T	CPCT02080239T	CPCT02050301T	CPCT02080242T	CPCT02020789T	CPCT02020796T	CPCT02220057T	CPCT02340098T	CPCT02340097T	CPCT02170038T	CPCT02010920T	CPCT02050399T	CPCT02050404T	CPCT02050402T	CPCT02060256T	CPCT02080259T	CPCT02020813T	CPCT02020785T	CPCT02020810T	CPCT02020821T	CPCT02340100T	CPCT02080266T	CPCT02010941T	CPCT02020822T	CPCT02020819T	CPCT02050405T	CPCT02020837T	CPCT02340102T	DRUP01060021T	DRUP01060019T	DRUP01060018T	CPCT02070394T	CPCT02080269T	CPCT02030459TII	CPCT02050411T	CPCT02030547T	CPCT02020828T	CPCT02080270T	CPCT02060133T	CPCT02050276TII	CPCT02080271T	CPCT02050243T	CPCT02060126T	DRUP01010106T	CPCT02050245T	CPCT02030548T	CPCT02050415T	CPCT02020853T	CPCT02020506TII	DRUP01080021T	CPCT02020854T	CPCT02010994T	DRUP01080022T	CPCT02020863T	CPCT02050276T	CPCT02030552T	CPCT02080275T	CPCT02030553T	CPCT02120062T	CPCT02020615T	CPCT02050421T	CPCT02120053T	CPCT02020626T	CPCT02120055T	CPCT02070422T	CPCT02120058T	CPCT02170017T	CPCT02020609T	CPCT02050249T	CPCT02060146T	CPCT02060049T	CPCT02050159T	CPCT02010550T	CPCT02010534T	CPCT02050079TII	CPCT02050170T	CPCT02050168T	CPCT02020509T	CPCT02050073TII	CPCT02020511T	CPCT02010565T	CPCT02020517T	CPCT02010393TII	CPCT02050181T	CPCT02020519T	CPCT02020520T	CPCT02060092T	CPCT02080116T	CPCT02080113T	CPCT02050194T	CPCT02050193T	CPCT02030350T	CPCT02080123T	CPCT02020542T	CPCT02010505T	CPCT02020553T	CPCT02170006T	CPCT02050212T	CPCT02050214T	CPCT02050217T	CPCT02020573T	CPCT02180032T	CPCT02010503TII	CPCT02010622T	CPCT02030370T	CPCT02030339TII	CPCT02040142T	CPCT02120050T	CPCT02120037T	CPCT02050235T	CPCT02050236T	CPCT02050232T	CPCT02050240T	CPCT02020574T	CPCT02020578T	CPCT02090005T	CPCT02020423T	CPCT02020426T	CPCT02050092T	CPCT02010403TII	CPCT02020412T	CPCT02010469T	CPCT02180012T	CPCT02020445T	CPCT02050105T	CPCT02050055TII	CPCT02010493T	CPCT02010503T	CPCT02010501T	CPCT02020464T	CPCT02090009T	CPCT02020468T	CPCT02340001T	CPCT02080079T	CPCT02010526T	CPCT02010532T	CPCT02060051T	CPCT02050141T	CPCT02110024T	CPCT02120013T	CPCT02050158T	CPCT02050149T	CPCT02010557T	CPCT02220014T	CPCT02050052TII	CPCT02020506T	CPCT02030339T	CPCT02080163T	CPCT02050281T	CPCT02070243T	CPCT02340040T	CPCT02120077T	CPCT02030437T	CPCT02010641TII	CPCT02050291T	CPCT02020643T	CPCT02150006T	WIDE01010503T	WIDE01010567T	WIDE01010459T	CPCT02060041T	WIDE01010561T	WIDE01010651T
A[Del(C):R1]A	4	6	3	3	2	1	2	5	10	1	6	0	4	3	3	3	4	5	2	5	2	1	7	0	2	4	5	3	8	4	4	0	3	20	9	6	7	1	2	3	7	1	2	4	13	4	34	1	19	3	12	5	1	8	5	1	7	3	3	3	5	0	5	12	6	8	5	8	9	5	4	9	6	2	13	3	4	0	32	2	1	12	1	4	7	7	4	4	7	2	6	2	11	25	4	1	2	0	1	4	9	2	1	3	7	5	1	5	2	2	3	3	4	5	2	8	1	3	4	5	13	4	6	5	118	10	4	14	4	2	21	6	1	7	4	15	5	9	4	10	3	14	5	3	4	7	1	0	4	3	7	7	14	1	4	2	21	16	1	32	6	4	2	1	2	6	5	5	8	6	5	1	4	4	2	2	7	4	5	23	2	3	22	3	12	9	2	9	2	5	13	8	9	8	11	5	5	3	2	8	1	4	5	1	1	71	3	3	5	3	8	10	6	1	17	9	4	1	20	9	20	3	8	2	3	1	53	3	3	21	5	4	0	5	6	0	4	56	4	0	4	7	4	5	9	7	10	13	3	17	6	5	4	6	19	6	1	2	2	7	1	2	1	0	10	6	8	9	3	2	9	17	14	5	14	0	19	14	9	18	8	0	4	4	1	7	16	10	3	9	11	1	13	0	1	1	0	4	1	1	18	3	8	6	2	4	2	7	10	1	3	7	2	5	2	5	3	11	11	5	28	4	12	6	6
A[Del(C):R1]G	2	1	1	0	0	0	0	1	4	0	0	0	0	0	1	0	0	3	0	0	1	0	1	0	0	1	1	1	1	0	0	0	0	1	0	2	1	1	0	0	1	1	1	0	0	1	8	0	5	0	5	1	2	0	1	0	1	0	3	6	1	1	1	1	2	3	0	1	1	1	1	2	2	1	3	3	1	0	6	0	0	3	0	0	3	1	0	1	1	0	2	0	1	11	1	0	1	0	0	0	1	0	0	4	2	0	0	0	0	0	0	1	3	1	3	0	0	1	0	0	7	0	2	0	16	2	0	2	0	0	2	1	0	1	2	4	1	2	1	2	2	1	0	1	0	0	1	0	0	1	2	1	3	0	2	3	1	2	0	2	1	1	1	1	1	1	1	0	4	1	1	0	1	0	0	0	4	0	0	3	0	1	2	2	2	3	0	0	2	0	2	0	0	1	6	2	1	0	1	0	0	0	0	0	4	7	0	2	0	0	1	1	0	0	2	4	0	0	4	1	2	3	0	0	1	0	3	0	2	3	1	0	0	3	1	0	1	1	1	0	0	3	1	2	4	0	1	3	0	3	1	1	2	0	1	1	1	1	1	0	0	0	0	0	1	1	0	1	0	0	4	2	4	0	3	0	3	4	3	1	3	1	3	0	0	0	0	4	1	1	1	0	0	0	0	0	0	3	0	1	3	0	1	0	0	0	1	1	1	0	0	1	0	1	1	0	0	2	0	0	5	7	1	1	0
A[Del(C):R1]T	6	2	1	0	8	2	2	1	13	0	4	1	5	4	2	2	0	4	1	5	1	1	4	0	0	3	3	5	6	0	1	3	2	10	3	3	3	1	2	3	7	4	0	4	8	2	25	5	10	1	10	7	2	5	2	3	1	2	7	6	4	0	2	4	2	5	5	7	3	3	2	3	2	3	17	8	1	0	40	3	3	5	2	1	10	4	3	1	3	4	4	3	5	20	6	2	3	0	0	1	6	7	1	4	2	1	1	3	6	0	3	3	3	6	2	4	2	3	5	3	7	2	4	6	37	16	3	10	2	4	26	7	2	4	1	14	5	3	6	6	5	9	8	3	8	5	2	0	0	2	6	5	17	2	9	1	13	18	2	31	3	9	0	2	5	6	10	1	6	4	2	0	6	1	0	1	2	4	3	23	4	3	19	1	13	5	3	4	1	3	11	7	8	12	11	1	3	0	0	5	1	2	2	1	3	27	1	2	3	1	7	21	1	2	24	9	3	3	11	7	13	4	14	3	3	1	20	4	6	23	2	4	0	12	5	0	0	4	5	0	1	16	0	8	9	2	9	7	2	11	1	10	4	2	5	11	2	3	1	2	2	1	1	1	2	3	0	4	1	1	6	13	8	0	19	2	18	6	8	13	7	1	8	3	1	3	9	4	1	3	8	1	2	0	2	4	0	8	3	2	16	1	1	2	2	7	3	7	3	0	5	9	0	3	1	3	1	6	12	4	23	7	12	3	3
A[Del(C):R2]A	0	1	0	0	2	1	2	0	0	1	3	0	1	0	1	2	2	1	3	2	2	2	1	2	0	3	2	2	1	3	1	1	1	3	0	1	1	0	0	1	1	2	0	1	1	1	3	0	5	0	3	1	1	0	1	1	1	2	3	1	4	0	0	4	2	4	3	3	0	1	1	0	3	0	4	6	2	0	13	1	0	0	2	1	2	1	2	1	1	1	1	0	5	6	2	1	0	1	1	0	2	1	0	2	2	1	0	3	0	1	1	3	1	1	2	2	1	0	2	1	3	1	1	1	27	3	0	1	0	2	10	2	1	3	3	4	4	3	5	3	3	3	1	1	1	0	0	0	2	3	4	2	4	4	0	2	5	3	1	7	2	1	0	1	0	2	3	3	2	3	1	0	3	0	1	0	0	4	2	14	4	2	9	1	1	1	2	4	3	1	4	1	1	8	2	1	4	0	2	3	0	2	0	1	0	65	3	0	0	1	3	3	1	0	4	4	2	1	1	4	0	2	7	2	2	1	32	1	3	6	4	0	1	1	2	2	3	11	4	0	1	2	2	0	0	0	1	3	2	3	4	3	6	2	5	3	2	1	1	0	1	3	0	0	2	3	0	5	1	0	2	2	3	0	3	2	9	6	3	4	0	0	2	0	1	1	3	0	1	1	1	2	4	0	3	0	0	1	1	0	0	1	1	1	0	1	2	3	3	1	3	2	0	0	0	3	2	2	5	0	11	4	1	1	2
A[Del(C):R2]G	0	1	0	1	0	1	1	0	1	0	0	0	1	0	0	0	0	0	0	2	0	0	1	0	0	0	0	0	1	0	1	0	0	0	0	0	1	0	0	0	0	0	1	2	0	0	0	0	0	0	3	0	1	0	0	0	1	0	0	0	0	0	1	0	0	0	0	0	0	0	0	0	0	1	2	0	0	1	1	0	0	0	0	0	0	1	1	0	0	0	0	0	0	1	0	1	0	0	0	0	0	0	0	0	0	1	0	0	0	0	0	0	1	0	0	0	0	0	0	0	0	0	1	1	3	1	0	1	0	0	0	0	0	0	0	2	0	1	1	0	1	1	0	0	0	0	0	0	0	0	0	0	2	1	0	0	2	0	0	0	1	0	0	0	0	1	0	0	0	0	0	0	0	0	0	0	0	0	1	6	0	0	0	1	0	0	0	0	0	0	1	0	0	1	3	0	0	0	1	0	0	1	0	0	0	11	1	1	0	0	0	1	0	0	0	1	1	0	0	0	1	1	0	2	0	0	7	0	0	2	1	0	0	0	0	1	0	3	0	0	1	0	1	0	1	0	1	1	0	0	0	1	0	0	0	0	0	0	0	1	0	0	0	0	2	0	0	2	0	0	0	0	0	0	1	0	2	1	1	0	0	1	0	0	0	0	0	0	0	2	0	0	1	0	0	0	0	0	0	0	0	0	0	0	1	0	0	0	0	0	0	1	0	0	0	0	0	0	0	0	3	0	0	0	0
A[Del(C):R2]T	4	1	1	2	1	0	3	1	1	0	5	0	0	1	1	0	0	3	0	1	0	1	0	1	1	2	2	0	3	0	0	3	1	3	1	2	0	0	1	1	3	0	0	2	3	1	10	0	1	0	5	2	0	0	2	0	0	0	0	0	0	0	0	0	0	1	0	3	0	1	2	1	3	0	3	0	0	0	16	0	0	2	1	2	4	0	0	0	3	2	1	3	6	12	0	0	3	0	0	1	2	0	0	5	2	1	2	2	0	1	0	1	0	0	1	3	0	0	2	1	6	2	3	3	15	1	1	4	0	1	11	0	1	0	1	4	5	5	1	3	2	0	1	1	1	1	1	1	4	0	4	2	3	4	1	1	5	10	1	10	0	3	0	0	0	2	3	1	1	3	1	1	0	2	1	1	4	0	0	11	1	2	4	0	3	2	0	4	0	1	10	8	6	7	4	0	0	1	0	0	2	2	0	0	0	38	0	4	1	2	3	3	1	0	7	4	2	2	2	3	4	4	6	0	2	0	18	0	4	6	5	4	0	6	1	0	1	2	0	0	1	3	2	3	1	4	4	6	0	4	0	3	0	1	1	4	0	2	0	3	1	0	1	0	2	1	0	2	1	2	3	3	4	2	8	0	1	4	2	9	2	0	3	0	0	0	6	2	2	1	4	2	2	0	0	2	0	3	0	2	8	3	3	3	3	5	2	4	1	0	0	0	0	2	0	1	2	2	3	0	7	3	3	4	1
A[Del(C):R3]A	1	0	0	1	1	1	1	0	0	0	0	0	1	0	0	0	0	1	0	0	0	1	0	0	0	1	1	1	1	0	1	1	0	0	1	1	1	0	1	0	2	0	1	3	1	0	6	1	1	2	0	0	1	0	0	0	0	1	0	0	0	0	0	1	0	0	0	1	1	0	0	0	0	0	1	1	1	0	7	0	0	1	1	0	2	2	0	0	0	0	0	0	1	4	0	0	0	0	0	0	0	0	0	2	0	3	0	0	1	0	0	0	1	0	1	1	0	1	1	1	1	1	1	0	24	2	1	1	1	1	3	0	0	0	0	4	0	0	0	0	0	2	1	0	0	2	0	1	0	0	1	0	1	4	0	0	4	1	0	4	1	0	0	1	0	0	0	3	0	1	0	0	1	1	0	1	0	1	0	6	3	3	5	1	0	1	2	0	0	0	4	2	2	4	1	1	1	1	0	0	2	1	0	0	1	32	0	2	2	0	1	2	0	0	3	1	1	2	2	5	1	1	5	1	1	0	25	2	1	1	2	0	1	5	1	0	0	11	0	1	1	1	1	0	0	1	2	0	0	0	0	5	1	0	1	1	0	0	0	0	2	0	0	0	3	0	0	1	1	0	0	2	0	0	3	0	1	4	2	2	0	0	2	1	0	0	2	2	0	4	1	0	0	0	1	0	0	1	0	2	3	0	0	1	1	3	1	1	1	0	1	0	0	2	1	0	0	0	1	0	3	2	0	1	1
A[Del(C):R3]G	1	0	0	2	0	0	0	0	0	0	0	0	0	0	0	0	1	0	0	0	0	0	0	0	1	0	0	0	0	0	0	0	0	0	0	0	0	0	0	0	0	0	0	0	0	0	0	0	0	0	0	0	0	0	0	0	0	0	0	0	0	0	0	0	1	0	0	0	0	0	1	0	0	0	0	0	1	1	1	1	0	0	0	0	0	0	0	0	0	0	0	0	0	1	0	0	1	0	0	0	0	1	0	0	0	0	0	0	0	0	0	0	0	0	0	0	0	1	0	0	0	0	0	0	5	0	0	0	0	0	0	0	0	1	0	2	0	0	0	0	0	0	0	0	1	1	0	1	0	0	0	0	0	0	0	0	2	1	0	0	0	0	0	0	0	0	0	0	0	0	0	0	0	0	0	1	0	0	0	4	0	0	1	0	1	0	0	0	0	0	0	0	0	1	0	1	0	0	0	0	0	0	0	0	0	4	0	0	0	0	0	0	0	0	0	0	0	0	0	0	1	0	1	1	0	0	6	1	0	2	1	0	0	0	0	0	0	0	0	0	0	0	0	0	0	0	0	1	0	0	0	0	0	0	0	0	0	0	0	0	0	0	1	0	0	0	0	1	0	1	0	0	0	0	0	0	0	0	0	0	0	0	0	0	0	0	0	0	1	0	1	0	0	0	1	0	0	0	0	0	1	2	0	0	0	0	0	0	1	0	0	0	0	1	0	0	0	0	1	0	0	2	0	0	0
A[Del(C):R3]T	4	0	0	1	0	2	0	1	0	0	1	0	0	0	2	0	0	1	0	1	0	0	1	1	0	0	0	0	2	0	0	1	0	0	1	1	1	0	1	0	1	0	1	1	2	1	0	1	2	0	1	0	1	0	0	1	0	0	0	1	0	0	0	1	1	1	1	2	1	0	0	1	2	1	1	0	0	0	2	0	1	0	2	1	1	0	0	0	2	0	0	0	0	5	0	1	2	0	0	0	0	0	0	2	2	0	0	2	1	0	0	1	0	0	1	1	0	2	1	0	2	0	1	0	15	0	0	1	0	1	5	0	1	2	0	2	2	0	0	1	0	2	0	0	2	1	1	0	1	0	2	0	1	0	0	0	3	0	0	3	2	1	0	0	0	1	0	2	3	0	1	0	0	2	0	0	1	0	0	3	0	1	0	1	2	1	0	1	0	0	0	2	2	5	1	0	0	1	0	1	1	1	0	1	0	13	1	1	0	0	0	2	0	0	1	2	0	0	3	1	4	1	3	1	0	0	13	1	0	3	2	2	0	1	1	0	0	3	0	1	0	1	1	0	0	3	3	0	0	6	0	1	0	0	1	1	0	1	0	0	0	0	2	1	0	1	0	1	0	1	4	2	0	0	4	0	4	3	1	1	0	0	1	0	0	0	1	2	0	0	1	0	1	0	1	1	0	2	0	0	0	1	1	1	0	1	2	0	1	0	2	1	0	0	0	1	0	2	2	1	6	0	0	0	1
A[Del(C):R4]A	1	0	0	1	1	0	0	0	1	1	0	0	3	2	0	0	0	1	1	0	0	3	1	0	1	2	1	1	2	0	1	0	1	0	1	0	0	1	2	1	0	0	0	1	0	1	2	0	0	1	2	2	0	0	0	0	0	1	0	0	1	0	1	0	0	0	1	0	0	0	0	1	0	0	0	0	0	0	6	0	0	2	2	1	2	1	0	0	2	0	0	0	1	2	0	0	0	0	0	0	0	1	0	4	3	1	0	0	0	0	1	1	1	0	0	1	0	0	0	1	1	1	3	0	29	0	1	0	1	0	0	3	0	0	0	2	0	1	1	1	1	2	1	1	3	0	0	0	0	0	2	0	0	2	0	1	1	3	1	3	0	1	0	1	0	0	3	1	0	1	0	1	1	0	1	0	1	0	0	1	0	0	2	0	0	0	0	0	0	0	0	0	0	13	2	0	2	0	0	1	1	0	1	1	0	17	1	0	0	0	1	0	0	0	2	1	0	0	1	1	1	2	4	0	0	1	13	0	0	3	0	0	2	0	1	0	0	10	0	0	1	1	0	0	1	2	1	0	0	0	1	1	0	0	1	2	0	0	0	0	1	1	0	0	0	0	1	2	0	0	2	2	3	0	3	0	0	3	2	2	0	0	1	0	0	0	0	3	0	3	3	1	0	0	0	0	1	2	0	1	0	0	0	1	2	3	0	1	1	0	0	1	1	1	0	1	0	2	2	0	3	1	0	3	0
A[Del(C):R4]G	0	0	0	1	0	0	0	0	1	0	0	0	1	0	0	0	0	0	0	0	0	0	0	0	0	0	0	0	1	0	0	0	0	2	0	0	0	0	2	0	0	1	0	0	0	0	0	0	1	0	0	0	0	0	0	0	0	0	0	0	0	0	0	2	1	0	0	0	0	0	1	1	1	0	1	0	0	0	2	0	0	1	0	0	1	0	0	0	0	0	1	0	0	0	0	0	0	0	0	0	0	0	0	1	0	1	0	0	0	0	0	0	0	0	1	0	0	0	0	0	0	0	0	0	12	1	0	1	0	1	1	0	0	0	0	2	0	1	0	0	0	1	0	0	1	0	0	0	0	0	0	1	1	0	1	0	0	3	0	2	0	0	0	0	0	0	0	0	0	0	0	0	0	0	0	0	0	0	0	2	0	0	1	0	2	1	0	0	0	0	1	0	0	2	0	0	0	0	0	0	0	0	0	0	0	1	0	0	0	0	1	1	0	0	1	1	0	0	1	1	0	0	0	1	1	0	3	1	0	2	0	0	0	0	0	0	0	1	1	0	0	1	1	0	0	0	0	0	0	3	0	0	0	0	1	0	0	0	0	0	0	0	0	0	0	0	1	0	0	0	0	1	2	0	1	0	0	0	1	3	0	0	0	1	0	0	0	0	0	0	1	0	0	0	0	0	0	2	0	0	0	0	0	0	0	0	0	1	0	0	0	0	0	1	0	0	0	1	1	0	2	1	1	0	0
A[Del(C):R4]T	0	1	0	2	1	0	0	0	1	0	0	1	0	0	1	0	1	0	0	0	0	1	1	1	1	0	0	0	1	0	0	0	2	2	1	2	2	0	0	0	0	0	0	1	0	1	3	0	1	0	0	0	0	0	0	0	0	3	0	0	0	0	0	3	1	1	0	0	0	1	0	0	0	0	1	0	0	0	2	0	0	0	0	0	1	0	0	0	1	0	0	0	3	1	0	0	0	0	0	0	0	0	0	0	0	0	0	0	0	0	1	0	0	1	0	1	0	0	0	1	0	1	0	1	17	0	1	0	0	0	4	1	0	1	0	0	0	3	0	1	1	0	1	0	0	0	0	0	1	1	0	1	1	0	0	0	1	1	0	0	1	0	1	0	0	2	1	0	1	0	1	0	0	2	0	1	0	0	0	6	0	1	2	0	0	0	0	1	0	0	5	2	3	2	0	0	0	0	1	3	0	0	0	0	0	10	1	0	1	0	1	0	0	1	5	0	0	0	1	1	1	0	2	1	0	1	4	0	0	5	0	0	0	0	0	0	0	1	0	0	0	1	0	0	1	0	1	0	0	1	0	0	1	0	3	1	0	0	0	1	0	0	0	1	2	0	0	0	1	0	0	0	1	0	1	0	0	2	0	3	1	1	0	0	0	0	1	0	0	3	1	0	0	0	0	0	0	1	0	0	2	2	0	0	0	0	1	1	0	0	1	2	0	0	0	0	0	0	0	1	4	1	0	1	0
A[Del(C):R5]A	0	0	1	1	0	0	0	1	1	0	1	0	1	1	0	0	0	0	0	1	0	0	1	1	0	0	1	0	1	0	0	0	0	2	0	0	0	0	1	1	0	1	0	2	0	1	1	0	0	0	1	1	0	0	0	0	0	2	1	1	2	0	0	3	0	0	0	1	1	1	0	0	0	0	2	0	0	0	4	2	1	0	0	0	1	3	0	1	1	0	0	0	1	1	1	0	0	0	0	0	1	0	0	0	1	0	0	0	0	2	0	0	1	3	2	0	0	0	2	0	0	0	1	0	59	0	0	0	0	1	1	0	0	0	0	7	1	1	0	1	0	0	0	0	3	3	0	0	1	0	2	0	2	1	0	1	0	1	0	1	0	1	0	0	0	1	0	0	1	0	1	1	1	0	0	0	0	1	1	4	1	3	1	1	2	1	0	2	0	1	5	0	0	2	1	0	2	0	1	3	0	0	0	0	0	18	1	0	1	0	0	0	0	0	1	2	0	0	3	2	0	0	0	0	0	0	11	0	0	2	0	0	0	1	1	1	0	19	0	0	0	0	1	0	1	0	1	0	0	1	1	0	0	0	0	1	0	0	2	1	0	0	0	0	1	0	0	0	1	0	0	1	1	0	1	0	2	1	3	1	1	0	0	0	1	0	2	0	0	1	0	0	0	0	0	0	0	0	2	0	0	0	1	0	0	0	0	0	0	0	0	1	0	1	0	0	0	0	2	1	2	0	5	2	0
A[Del(C):R5]G	0	0	0	0	0	0	0	0	0	0	0	0	0	0	0	1	0	1	0	2	0	0	0	0	0	0	0	0	1	0	0	0	0	0	0	0	0	0	0	0	0	0	0	0	0	0	0	0	1	1	0	0	0	0	0	0	0	0	1	0	0	1	0	0	0	0	0	0	0	0	0	0	0	0	0	1	0	0	0	0	0	0	0	0	0	0	0	0	0	0	1	0	0	0	0	0	0	0	0	0	1	0	0	0	0	0	0	0	0	0	0	0	0	0	0	0	0	0	0	0	0	0	0	0	14	0	0	1	1	0	1	0	0	1	0	0	0	0	0	1	0	0	0	0	0	0	1	0	0	0	0	0	0	0	1	0	1	0	0	0	0	1	0	0	0	0	0	0	0	0	0	0	0	0	0	0	0	0	0	0	0	0	1	0	0	0	1	0	0	0	0	0	0	1	0	0	0	0	0	0	0	0	0	0	0	1	0	0	0	0	0	0	0	1	0	0	0	0	0	0	0	1	0	0	0	0	2	0	0	0	0	0	0	0	0	0	0	6	0	0	0	0	0	0	0	1	0	1	0	0	0	0	0	0	1	0	0	0	1	0	0	0	0	0	0	0	0	0	0	0	0	0	0	1	1	0	1	0	0	1	0	0	0	0	0	0	0	2	0	0	0	0	0	0	0	0	0	0	0	0	0	0	0	0	0	0	0	0	0	0	0	0	0	0	0	0	0	1	0	0	0	1	1	0	0
A[Del(C):R5]T	0	0	0	1	0	0	0	2	0	0	0	0	0	0	0	1	0	0	0	0	0	0	0	0	0	2	1	0	0	0	1	0	0	0	2	0	0	1	0	0	0	0	0	1	2	0	0	0	0	0	0	0	1	0	1	1	0	1	0	0	1	0	0	6	0	1	1	0	0	0	0	0	0	0	0	2	0	0	0	0	1	0	0	0	0	0	1	1	0	0	0	0	0	1	0	0	0	0	0	0	0	0	0	0	0	0	1	0	0	0	0	0	1	1	0	0	0	1	0	0	0	0	0	0	50	0	0	0	0	0	1	1	1	2	1	1	0	0	0	0	0	0	0	0	2	0	0	0	0	0	1	0	0	0	2	0	2	0	0	1	0	0	0	0	0	0	0	1	0	0	1	0	0	0	0	0	1	1	0	2	0	0	3	1	0	0	0	0	1	2	1	1	1	5	0	0	0	0	0	2	0	0	0	0	1	8	0	0	0	0	2	0	1	0	0	2	0	0	0	1	1	0	0	0	0	2	9	0	1	5	1	1	0	1	0	1	0	11	0	0	1	0	0	0	0	1	0	0	0	1	0	1	0	0	2	0	0	0	0	0	0	0	0	0	0	0	1	0	0	0	2	2	0	0	0	0	2	0	0	1	0	0	0	0	0	0	1	0	0	0	2	0	0	0	0	0	0	0	1	0	1	0	0	0	0	0	1	2	0	0	0	0	0	0	0	0	0	1	0	0	1	0	0	0	0
A[Del(C):R6]A	1	0	0	0	0	0	0	1	4	0	0	1	1	0	0	0	0	2	0	0	1	0	0	0	1	0	0	0	1	0	0	0	0	0	0	1	0	0	0	1	1	0	0	0	0	0	1	0	0	1	0	0	0	0	0	0	0	0	0	1	1	0	0	10	0	0	0	0	0	0	1	0	0	0	0	0	0	0	1	0	0	0	2	0	1	3	0	0	0	0	0	0	1	1	0	0	0	0	0	1	0	0	0	0	0	0	0	1	0	0	0	0	1	0	0	0	0	0	0	0	1	0	0	0	98	1	0	1	0	2	0	0	0	1	0	1	0	0	0	0	0	0	0	0	0	1	0	0	0	0	0	1	0	0	0	0	2	1	0	1	1	0	0	0	0	1	0	0	1	0	0	0	0	1	0	0	1	1	0	1	0	0	1	0	0	0	0	0	0	0	0	1	1	0	0	0	1	0	0	1	0	0	0	0	1	8	0	0	1	0	0	2	0	1	2	0	0	0	1	0	1	1	0	0	0	0	6	0	1	1	0	1	0	2	0	0	0	45	0	0	0	0	0	0	4	1	0	1	0	0	0	0	0	0	0	1	0	0	0	1	0	0	0	0	0	0	0	0	0	0	0	0	2	0	1	0	1	0	0	2	0	0	0	0	0	0	2	1	0	0	0	0	0	0	0	0	0	0	1	1	0	1	0	0	1	0	0	0	0	0	0	1	0	0	1	0	0	0	0	0	1	0	3	0	0
A[Del(C):R6]G	0	0	0	0	0	1	0	0	0	0	0	0	0	0	0	0	0	0	0	0	0	0	0	0	0	0	0	0	1	0	0	0	0	0	0	0	0	0	1	0	0	0	0	0	0	0	1	0	1	0	0	0	0	0	0	0	0	0	0	0	0	0	0	0	1	0	0	0	0	0	0	0	0	0	0	0	0	0	0	0	0	0	0	0	0	0	0	0	0	0	1	0	0	0	0	0	0	0	0	0	0	0	0	0	0	0	0	0	0	0	0	0	0	1	0	0	0	0	0	0	0	0	0	0	19	0	0	0	0	0	0	0	0	0	0	0	0	0	0	0	0	1	1	0	0	0	0	0	0	0	0	0	0	0	1	0	0	0	0	0	0	0	0	0	0	0	0	0	0	0	0	0	0	0	0	0	0	0	0	0	0	0	0	0	0	0	1	0	0	0	1	0	0	0	0	0	0	0	0	0	0	0	0	0	0	0	0	0	0	0	0	0	0	0	0	0	0	0	0	0	0	0	1	0	0	0	1	0	0	0	0	0	0	0	0	0	0	13	0	0	0	0	1	0	0	0	0	0	0	0	0	0	0	0	0	0	0	0	0	1	0	0	0	0	0	0	0	0	0	0	0	0	0	0	1	0	0	0	0	1	0	0	0	0	0	0	0	0	0	0	0	0	0	0	0	0	0	0	0	0	0	0	0	0	0	0	0	0	0	0	0	0	0	0	0	0	0	0	1	0	0	0	0	0	0
A[Del(C):R6]T	1	0	0	0	1	0	0	0	1	0	0	0	0	0	0	0	0	1	0	0	0	0	0	0	0	0	0	1	0	0	0	0	0	0	1	1	0	0	0	0	0	0	0	0	0	0	1	1	1	0	0	1	0	0	1	0	0	0	0	0	0	0	0	8	0	0	0	0	0	0	0	0	0	1	0	0	0	0	2	0	0	0	0	1	0	2	0	0	0	0	0	0	0	2	0	0	0	1	0	0	0	0	0	0	0	0	0	1	0	0	0	0	1	0	0	0	0	0	1	2	0	0	0	0	47	0	1	0	0	0	0	0	0	0	0	1	0	0	0	1	0	0	0	1	1	0	0	0	0	0	0	0	0	1	1	0	0	0	0	0	0	0	0	0	0	0	0	0	0	0	0	0	0	0	0	0	0	0	0	0	0	0	0	0	0	0	1	0	0	1	0	0	0	3	0	0	0	0	0	1	0	0	0	0	0	4	0	0	1	0	1	0	0	0	0	0	0	0	1	0	0	0	0	0	0	0	3	0	0	0	0	0	1	0	0	0	0	20	0	0	0	2	0	0	1	0	0	0	0	0	0	1	0	0	0	1	0	0	0	0	0	0	0	0	0	0	0	0	0	0	0	1	0	0	0	0	1	0	0	1	0	0	0	0	0	0	0	1	0	0	0	0	1	0	0	0	0	0	0	0	0	0	0	0	0	0	1	1	0	0	0	0	0	0	0	0	0	1	0	0	1	0	0	2	0
A[Del(C):R7]A	0	0	0	0	0	0	0	0	0	0	0	0	0	0	0	0	0	0	0	0	0	0	0	0	0	0	0	0	0	0	0	0	0	0	0	0	1	0	0	0	0	0	0	0	1	0	0	0	0	0	1	0	0	0	0	1	1	0	0	0	0	0	0	5	0	0	0	0	0	0	0	0	0	1	0	0	0	0	0	0	1	0	0	0	0	0	2	0	0	0	0	0	0	0	0	0	1	0	0	0	0	0	0	0	0	0	0	0	0	0	0	0	0	3	0	0	0	0	1	0	1	0	0	0	146	1	1	2	0	2	0	0	0	0	0	0	1	0	0	0	0	1	0	0	3	0	0	0	1	0	0	0	0	0	0	0	1	0	0	0	0	0	0	0	0	0	0	0	0	0	0	0	0	0	0	0	0	0	0	2	0	0	0	0	0	0	0	0	0	0	0	0	0	1	1	0	1	0	0	1	0	0	0	0	0	0	0	0	0	0	0	1	0	0	0	1	0	0	0	1	0	0	0	0	0	1	1	0	1	0	0	0	0	0	0	0	0	59	0	0	0	0	0	0	0	0	0	0	0	1	0	0	0	1	0	0	0	0	0	0	0	0	0	0	0	0	0	1	0	0	1	0	0	0	2	0	0	0	0	1	0	0	0	0	0	1	0	0	0	0	0	0	0	0	0	0	0	0	0	0	1	1	0	0	0	0	0	0	0	0	0	0	0	0	0	0	0	0	0	0	1	1	0	0	0
A[Del(C):R7]G	0	0	0	0	0	0	0	0	0	0	1	0	0	0	0	0	0	0	0	0	0	0	0	0	0	0	0	0	0	0	1	0	0	0	0	0	0	0	0	0	0	0	0	0	1	0	0	0	0	0	0	0	0	0	0	0	0	0	0	0	0	0	0	5	0	0	0	0	0	0	0	0	0	0	0	0	0	0	0	0	0	0	0	0	0	0	0	0	0	0	0	0	0	0	0	0	0	0	0	0	0	0	0	0	0	0	0	0	0	0	0	0	0	0	0	0	0	0	0	0	0	0	0	0	30	0	0	0	0	0	0	0	0	0	0	0	0	1	0	0	0	0	0	0	1	0	0	0	0	0	0	0	0	0	0	0	0	0	0	1	0	0	0	0	0	0	0	0	0	0	0	0	0	0	0	0	0	0	0	0	0	0	0	0	0	0	0	0	0	0	0	0	0	0	0	0	0	0	0	0	0	0	0	0	0	0	0	0	0	0	0	0	0	0	1	0	0	0	0	0	0	0	0	0	0	0	0	0	0	0	0	0	0	0	0	0	0	11	0	0	1	0	0	0	0	0	0	0	0	0	0	0	0	0	0	0	0	0	0	0	0	0	0	0	0	0	0	0	0	0	0	0	0	0	0	0	0	0	0	0	0	0	0	0	0	0	0	0	0	0	0	0	0	0	0	0	0	0	0	0	0	0	0	0	0	0	0	0	0	0	0	1	0	0	0	0	1	0	0	0	0	0	0	0	0
A[Del(C):R7]T	0	0	0	0	0	0	0	0	0	0	0	0	0	0	0	0	0	0	0	0	0	0	0	0	0	0	0	0	0	0	0	0	0	0	1	0	0	0	0	0	0	0	0	0	0	0	0	0	0	0	0	0	0	0	0	0	0	0	0	0	0	0	0	1	0	0	0	0	0	0	0	0	0	0	0	0	0	0	0	0	0	1	0	0	0	0	0	0	0	0	0	0	0	0	0	0	0	0	0	0	0	2	0	0	0	0	0	0	0	0	0	0	0	0	0	0	0	0	0	0	0	0	1	0	13	0	0	0	0	0	0	0	0	0	0	0	0	0	0	0	0	0	0	0	0	0	0	0	0	0	0	0	0	0	0	0	0	0	0	0	0	0	0	0	0	0	0	0	0	0	0	0	0	0	0	0	0	0	0	0	0	0	1	0	0	0	0	0	0	0	0	0	0	0	1	0	0	0	0	0	0	0	1	0	0	1	0	0	0	0	0	0	0	0	0	0	0	0	0	0	0	0	0	0	0	0	1	0	0	1	0	0	0	0	0	0	0	15	0	0	0	0	0	0	0	0	0	0	2	0	0	0	0	0	0	0	0	0	0	0	0	0	0	0	0	0	0	0	0	0	0	1	0	0	0	0	1	0	0	0	0	0	0	0	0	0	0	0	0	0	0	0	0	0	0	0	0	0	0	0	2	0	0	0	0	0	0	0	0	0	0	0	0	0	0	0	0	0	0	0	0	0	0	0	1
A[Del(C):R8]A	0	0	0	0	0	0	0	0	0	0	0	0	0	0	0	0	0	0	2	0	0	0	0	0	0	1	0	0	0	0	0	0	0	0	0	2	1	0	1	0	0	0	0	0	0	0	0	0	0	0	0	0	0	0	0	0	0	0	0	0	0	0	1	3	0	0	0	0	0	0	0	0	0	0	0	0	0	0	0	1	0	0	0	0	1	0	0	0	0	0	0	0	0	0	1	0	0	0	0	0	0	0	0	0	1	0	0	1	0	0	0	1	0	0	1	0	0	0	0	0	0	1	0	0	136	1	0	0	0	0	0	1	0	0	0	0	0	0	0	0	0	0	0	0	3	0	0	0	0	0	0	0	0	0	0	0	0	0	0	0	0	0	0	0	0	0	0	0	0	0	0	0	0	0	0	0	0	0	0	0	0	0	0	0	0	0	0	0	0	0	1	0	0	1	0	0	0	0	0	0	0	0	0	0	0	0	0	0	0	0	0	1	0	0	0	0	0	0	1	0	0	1	2	0	0	0	0	0	0	0	0	0	0	0	0	0	0	55	0	0	0	0	0	0	0	0	0	1	0	1	0	0	1	1	1	0	0	0	0	0	0	0	0	1	0	0	0	0	0	0	0	0	0	0	1	0	0	0	0	1	0	0	0	0	0	0	1	0	1	0	0	0	0	0	0	0	0	0	0	0	1	0	0	1	2	0	0	0	0	0	0	0	0	0	0	0	0	0	0	0	0	0	0	0	0
A[Del(C):R8]G	1	0	0	0	0	0	0	0	0	0	0	0	0	0	0	0	0	0	0	0	0	0	0	0	0	0	0	0	0	0	0	0	0	0	0	0	0	0	0	0	0	0	0	0	0	0	0	0	0	0	0	0	0	0	0	0	0	0	0	0	0	0	0	0	0	0	0	0	0	0	0	0	0	0	0	0	0	0	0	0	0	0	0	0	0	0	0	0	0	0	0	0	0	0	0	0	0	1	0	0	0	0	0	0	0	0	0	0	0	0	0	0	0	0	0	0	0	0	0	0	0	0	0	0	8	0	0	0	0	0	0	0	0	0	0	1	0	0	0	0	0	0	0	0	1	0	0	0	0	0	0	0	0	0	0	0	0	0	0	0	0	0	0	0	0	0	0	0	0	0	0	0	0	0	0	0	0	0	0	0	0	0	0	0	0	0	0	0	0	0	0	0	0	0	0	0	0	0	0	0	0	0	0	0	0	0	0	0	0	0	0	0	0	0	0	0	0	0	0	0	0	0	0	0	0	0	0	0	0	0	0	0	0	0	0	0	0	8	0	0	0	0	0	0	0	0	0	0	0	0	0	0	0	0	0	0	0	0	0	0	0	0	0	0	0	0	0	0	0	0	0	0	0	0	1	0	0	0	0	0	0	0	0	0	0	0	0	0	0	0	0	0	0	0	0	0	0	0	0	0	0	0	0	0	0	0	0	0	0	0	0	0	0	0	0	0	0	0	0	0	0	0	0	0	0
A[Del(C):R8]T	0	0	0	0	0	0	0	0	0	0	0	0	0	0	0	0	0	1	0	0	0	0	0	0	0	0	0	0	0	0	0	0	0	0	0	0	0	0	0	0	0	0	0	0	0	0	0	0	0	0	0	0	0	0	0	0	0	0	0	0	0	0	1	1	0	0	0	0	1	0	0	0	0	0	0	0	0	0	0	0	0	0	0	0	0	0	0	0	0	0	0	0	0	0	0	1	0	0	0	0	0	0	0	0	0	0	0	1	0	0	0	0	0	0	0	0	0	0	0	0	0	0	0	0	23	0	0	0	1	0	0	0	0	0	0	0	0	0	0	0	0	0	0	0	0	0	0	0	0	0	0	1	0	0	0	0	0	0	0	0	1	0	0	0	0	0	0	0	0	0	0	0	0	0	0	0	0	0	0	0	0	0	0	0	0	0	0	0	0	0	1	0	0	0	0	0	0	0	0	0	0	0	0	0	0	0	0	0	0	0	0	0	0	0	0	0	0	0	0	0	0	0	0	1	0	0	0	0	0	0	0	0	0	0	0	0	0	9	0	1	0	0	0	0	0	0	0	0	0	0	0	0	0	0	0	0	0	0	0	0	0	0	0	0	0	0	0	0	0	0	0	0	0	0	0	0	0	0	0	1	0	0	0	0	0	0	0	1	0	0	0	0	0	0	0	0	0	0	0	0	0	0	0	0	0	0	0	0	0	0	0	0	0	0	0	0	0	0	0	0	0	0	0	0	0
A[Del(C):R(9,)]A	0	0	0	0	0	0	0	0	0	0	0	0	0	0	0	0	0	0	0	0	0	0	0	0	0	0	0	0	0	0	0	0	0	0	0	0	0	0	0	0	0	0	0	0	0	0	0	0	0	0	0	0	0	0	0	0	0	0	0	0	0	0	0	0	0	0	0	0	0	0	0	0	0	0	0	0	0	0	0	0	0	0	0	0	0	0	0	0	0	0	0	0	0	0	0	0	0	0	0	0	0	0	0	0	0	0	0	0	0	0	0	0	0	0	0	0	0	0	0	0	0	0	0	0	0	0	0	0	0	0	0	0	0	0	0	0	0	0	0	0	0	0	0	0	0	0	0	0	0	0	0	0	0	0	0	0	0	0	0	0	0	0	0	0	0	0	0	0	0	0	0	0	0	0	0	0	0	0	0	0	0	0	0	0	0	0	0	0	0	0	0	0	0	0	0	0	0	0	0	0	0	0	0	0	0	0	0	0	0	0	0	0	0	0	0	0	0	0	0	0	0	0	0	0	0	0	0	0	0	0	0	0	0	0	0	0	0	0	0	0	0	0	0	0	0	0	0	0	0	0	0	0	0	0	0	0	0	0	0	0	0	0	0	0	0	0	0	0	0	0	0	0	0	0	0	0	0	0	0	0	0	0	0	0	0	0	0	0	0	0	0	0	0	0	0	0	0	0	0	0	0	0	0	0	0	0	0	0	0	0	0	0	0	0	0	0	0	0	0	0	0	0	0	0	0
A[Del(C):R(9,)]G	0	0	0	0	0	0	0	0	0	0	0	0	0	0	0	0	0	0	0	0	0	0	0	0	0	0	0	0	0	0	0	0	0	0	0	0	0	0	0	0	0	0	0	0	0	0	0	0	0	0	0	0	0	0	0	0	0	0	0	0	0	0	0	0	0	0	0	0	0	0	0	0	0	0	0	0	0	0	0	0	0	0	0	0	0	0	0	0	0	0	0	0	0	0	0	0	0	0	0	0	0	0	0	0	0	0	0	0	0	0	0	0	0	0	0	0	0	0	0	0	0	0	0	0	0	0	0	0	0	0	0	0	0	0	0	0	0	0	0	0	0	0	0	0	0	0	0	0	0	0	0	0	0	0	0	0	0	0	0	0	0	0	0	0	0	0	0	0	0	0	0	0	0	0	0	0	0	0	0	0	0	0	0	0	0	0	0	0	0	0	0	0	0	0	0	0	0	0	0	0	0	0	0	0	0	0	0	0	0	0	0	0	0	0	0	0	0	0	0	0	0	0	0	0	0	0	0	0	0	0	0	0	0	0	0	0	0	0	0	0	0	0	0	0	0	0	0	0	0	0	0	0	0	0	0	0	0	0	0	0	0	0	0	0	0	0	0	0	0	0	0	0	0	0	0	0	0	0	0	0	0	0	0	0	0	0	0	0	0	0	0	0	0	0	0	0	0	0	0	0	0	0	0	0	0	0	0	0	0	0	0	0	0	0	0	0	0	0	0	0	0	0	0	0	0
A[Del(C):R(9,)]T	0	0	0	0	0	0	0	0	0	0	0	0	0	0	0	0	0	0	0	0	0	0	0	0	0	0	0	0	0	0	0	0	0	0	0	0	0	0	0	0	0	0	0	0	0	0	0	0	0	0	0	0	0	0	0	0	0	0	0	0	0	0	0	0	0	0	0	0	0	0	0	0	0	0	0	0	0	0	0	0	0	0	0	0	0	0	0	0	0	0	0	0	0	0	0	0	0	0	0	0	0	0	0	0	0	0	0	0	0	0	0	0	0	0	0	0	0	0	0	0	0	0	0	0	0	0	0	0	0	0	0	0	0	0	0	0	0	0	0	0	0	0	0	0	0	0	0	0	0	0	0	0	0	0	0	0	0	0	0	0	0	0	0	0	0	0	0	0	0	0	0	0	0	0	0	0	0	0	0	0	0	0	0	0	0	0	0	0	0	0	0	0	0	0	0	0	0	0	0	0	0	0	0	0	0	0	0	0	0	0	0	0	0	0	0	0	0	0	0	0	0	0	0	0	0	0	0	0	0	0	0	0	0	0	0	0	0	0	0	0	0	0	0	0	0	0	0	0	0	0	0	0	0	0	0	0	0	0	0	0	0	0	0	0	0	0	0	0	0	0	0	0	0	0	0	0	0	0	0	0	0	0	0	0	0	0	0	0	0	0	0	0	0	0	0	0	0	0	0	0	0	0	0	0	0	0	0	0	0	0	0	0	0	0	0	0	0	0	0	0	0	0	0	0	0
G[Del(C):R1]A	4	2	0	0	1	0	1	1	2	0	0	0	1	2	1	1	1	0	2	1	0	0	2	3	0	0	1	1	3	0	1	2	1	0	2	1	1	1	0	0	3	0	0	2	3	1	13	0	2	1	5	1	1	1	0	0	2	3	0	3	0	2	1	0	3	0	1	2	0	0	3	3	0	0	2	2	1	1	10	3	0	0	0	1	2	5	1	1	3	0	0	1	3	8	1	1	0	0	2	0	2	1	0	1	2	0	1	0	0	0	1	1	0	3	1	0	0	1	2	1	1	2	2	1	15	2	1	5	0	0	7	0	0	3	0	3	2	1	4	0	1	1	1	0	1	3	1	1	2	0	5	0	2	2	2	0	7	6	2	13	0	1	0	0	1	0	1	2	3	1	3	0	2	1	1	1	0	0	1	3	1	0	2	1	2	6	1	5	1	0	5	7	6	13	4	0	3	2	0	2	0	1	3	2	1	60	0	1	1	1	0	3	1	0	6	1	1	3	6	3	1	2	2	3	1	1	27	1	1	6	1	4	1	3	0	1	0	1	0	1	1	1	2	2	2	3	1	0	0	0	3	1	2	1	2	3	1	0	1	0	1	0	0	2	2	0	2	4	1	1	2	2	2	0	6	0	5	1	2	2	1	0	0	1	0	0	2	2	1	3	2	1	0	0	0	0	0	1	0	0	6	0	0	0	0	1	1	0	2	0	1	0	0	1	1	1	1	2	3	0	8	0	6	2	2
G[Del(C):R1]G	1	0	1	0	0	0	1	0	1	1	0	0	1	0	0	0	0	0	0	0	0	0	1	0	0	1	0	0	0	0	1	0	0	1	1	2	0	0	0	0	0	0	0	1	1	0	2	0	0	2	2	0	0	0	0	0	0	0	1	0	0	0	0	2	0	1	0	2	0	0	0	0	0	0	0	0	0	0	3	0	0	2	0	0	2	0	0	0	0	1	0	0	0	3	0	0	1	0	0	1	1	0	0	0	0	0	0	1	0	2	0	0	0	1	1	0	0	0	0	2	1	0	1	0	12	1	0	1	0	0	4	0	1	0	0	2	1	2	0	1	0	1	0	0	1	0	0	0	0	0	0	0	0	0	3	1	2	3	0	2	0	0	1	0	0	0	1	3	0	0	1	0	0	0	0	0	1	0	0	2	0	0	1	1	1	1	0	0	0	0	2	1	0	0	1	0	0	0	0	0	1	1	0	0	0	14	0	2	0	1	1	2	0	0	0	0	1	0	1	1	2	0	1	0	1	0	7	0	0	1	1	0	0	1	1	0	0	4	0	0	1	1	0	0	1	0	0	2	0	0	1	0	0	0	0	0	0	0	0	1	0	1	1	0	0	1	0	1	0	0	0	0	0	1	1	1	2	1	1	0	0	0	1	0	0	0	2	0	0	0	1	0	0	0	0	0	0	1	0	0	2	0	0	1	1	0	3	1	1	0	0	1	0	0	0	0	0	0	2	3	4	0	0	2	0
G[Del(C):R1]T	2	0	0	0	7	0	3	0	7	1	3	1	0	1	2	2	2	5	0	2	0	0	2	0	2	2	1	0	2	0	3	1	1	4	1	4	5	0	5	2	10	0	1	3	5	5	5	0	7	2	6	4	0	0	1	2	5	0	4	5	2	0	4	3	0	3	5	3	0	3	0	0	6	1	14	1	4	0	23	1	3	1	1	0	6	3	2	2	5	3	1	2	9	22	0	1	1	1	2	1	3	4	0	3	4	1	0	1	0	0	4	2	1	5	3	3	2	2	1	2	8	3	5	5	38	4	1	5	0	3	5	4	0	4	2	9	1	2	1	6	0	6	2	0	2	2	0	0	1	1	7	0	14	4	3	2	11	6	1	19	2	3	0	2	3	5	7	2	8	5	2	2	2	3	1	1	2	9	1	21	2	3	13	0	2	3	3	4	1	2	5	6	5	43	5	5	4	1	1	0	0	1	1	2	1	26	5	1	4	0	4	5	2	1	15	6	1	2	11	7	8	9	12	5	1	2	11	4	6	11	3	0	0	8	0	0	0	2	1	0	3	5	5	4	5	4	8	7	1	7	3	1	1	3	3	4	0	1	3	4	2	1	1	0	7	2	1	5	0	0	3	3	3	3	8	0	8	5	8	8	1	1	6	3	0	0	5	6	0	6	5	1	1	0	1	0	1	6	1	1	10	3	1	2	1	7	3	4	5	1	1	2	2	1	1	0	0	1	9	3	19	7	7	1	2
G[Del(C):R2]A	2	1	1	3	4	3	3	1	8	2	1	0	0	3	0	2	3	4	0	0	1	1	1	0	1	0	1	1	2	1	1	0	3	0	1	0	0	0	2	0	1	1	0	2	6	0	5	0	5	1	8	2	0	1	3	3	0	1	5	2	1	0	2	1	1	2	3	2	0	2	0	0	2	0	1	2	0	0	5	0	2	1	0	2	5	3	3	1	1	2	0	2	4	9	2	3	0	0	0	1	1	2	0	2	0	2	0	2	1	1	1	1	0	1	2	3	1	1	1	4	1	0	1	0	16	0	0	1	1	1	8	1	1	1	1	5	1	0	0	2	4	0	0	0	2	1	0	1	3	2	3	1	1	1	4	0	6	5	0	7	2	1	1	0	4	2	4	6	3	0	2	1	0	1	0	3	0	2	2	7	0	5	3	0	2	7	0	4	1	0	3	6	5	36	8	3	0	1	0	0	1	2	0	5	1	79	5	0	3	1	9	1	0	1	4	1	2	0	1	5	1	1	6	2	2	0	65	1	3	7	1	4	1	5	3	1	1	5	0	2	1	1	3	2	6	1	2	2	0	6	0	0	3	3	11	1	1	0	0	1	0	1	1	1	3	0	4	3	0	0	3	3	2	0	7	0	3	2	3	1	0	0	2	1	0	2	2	4	2	2	4	1	3	1	1	1	0	3	2	0	5	1	2	3	3	2	0	8	2	1	1	1	1	0	3	1	0	3	3	1	6	2	0	3	1
G[Del(C):R2]G	1	0	0	1	0	1	0	0	0	1	1	0	0	1	0	0	0	0	0	0	0	0	1	1	1	0	0	0	0	0	0	0	0	1	0	1	2	0	0	1	1	1	0	0	2	0	0	0	0	0	1	0	1	0	0	0	0	0	1	0	0	0	0	0	0	0	1	1	0	0	0	0	0	0	0	0	0	0	2	0	0	1	0	0	1	1	0	0	1	0	0	0	1	0	0	0	0	0	1	1	0	0	0	1	0	0	0	0	0	0	0	0	0	0	0	1	0	0	0	0	0	1	0	0	3	0	1	2	0	0	1	1	0	0	2	1	0	1	0	0	0	0	0	0	0	0	0	0	0	1	0	0	0	1	1	0	2	2	1	0	0	2	1	0	0	0	0	1	0	0	0	1	1	0	0	0	0	0	1	2	0	1	1	1	0	2	0	0	0	0	2	0	0	2	2	0	0	0	0	0	0	0	0	1	0	11	0	0	0	0	0	0	0	0	0	0	0	0	2	1	0	0	2	1	1	0	17	1	0	0	0	0	0	0	0	0	0	1	0	0	0	0	0	1	0	0	1	0	0	2	0	2	0	0	1	0	0	0	1	0	0	0	0	0	1	0	2	0	0	0	0	3	0	0	1	0	1	1	0	1	0	0	0	0	0	0	1	0	1	1	0	0	1	0	0	0	0	0	0	0	0	0	0	0	1	0	0	0	0	0	1	0	0	0	0	0	0	2	0	1	1	1	1	0	2
G[Del(C):R2]T	4	0	1	1	0	1	3	0	1	1	0	1	0	2	4	0	1	2	0	1	1	0	0	1	0	2	2	0	3	1	2	1	1	3	1	2	1	0	2	0	7	1	0	1	1	3	10	0	3	3	4	0	1	1	0	0	0	0	4	3	0	0	0	0	1	3	1	2	2	0	1	2	0	0	4	1	0	0	11	1	0	2	0	1	3	3	1	2	2	0	2	0	2	12	0	0	0	1	3	0	2	7	0	2	3	0	0	0	0	1	0	1	0	3	3	0	2	2	1	3	1	0	0	2	32	4	0	0	0	1	12	2	2	2	1	4	4	3	3	3	1	2	0	1	4	1	1	0	0	0	3	1	4	4	0	2	4	3	0	12	0	3	0	1	0	0	1	1	2	1	1	4	2	0	1	0	1	4	1	13	1	2	2	1	4	9	1	1	1	1	5	3	2	35	5	1	1	2	2	1	0	0	0	1	1	50	2	0	0	1	3	4	2	1	6	2	0	1	5	11	3	1	4	2	3	2	30	0	1	16	3	2	0	0	1	0	1	1	3	0	3	5	1	1	1	1	0	0	0	5	2	5	1	1	5	0	0	1	0	2	2	0	1	1	2	1	0	3	1	1	3	3	5	2	6	0	7	2	6	2	0	1	1	2	0	0	3	3	1	2	2	0	1	0	3	3	0	3	3	2	1	1	1	0	1	2	4	3	2	0	1	2	0	1	0	1	0	1	2	1	8	1	7	1	1
G[Del(C):R3]A	0	0	0	0	0	0	3	0	1	0	0	0	1	1	2	0	1	1	0	1	0	0	0	0	0	0	2	0	2	0	0	3	1	0	1	1	2	1	1	0	2	0	1	2	2	0	4	0	2	0	2	1	0	0	1	1	0	0	0	2	2	3	0	5	1	0	1	4	0	0	0	1	1	0	1	0	1	1	3	0	1	0	0	0	1	0	0	1	0	0	1	0	0	3	0	0	0	0	1	0	0	1	0	0	1	0	1	0	0	0	1	0	2	3	0	1	0	0	2	1	1	0	0	1	4	1	0	0	0	0	4	0	0	0	3	0	1	1	0	1	1	0	1	0	2	3	0	1	0	0	1	0	1	2	0	0	3	4	0	3	0	2	0	1	1	0	0	7	0	1	1	0	2	0	0	0	0	0	2	1	1	2	5	0	0	6	0	2	0	1	7	2	1	10	2	1	1	0	0	0	0	0	0	1	0	58	1	0	0	0	2	0	1	0	1	1	0	2	2	2	1	2	2	1	1	0	47	1	2	2	1	0	1	2	0	1	0	1	1	1	0	1	0	1	1	0	2	0	0	3	0	0	1	0	3	0	0	0	0	0	0	0	0	1	3	0	2	4	1	0	0	1	1	1	0	0	3	1	2	4	1	1	1	0	0	0	2	1	0	1	1	0	2	0	0	1	0	0	0	1	5	1	1	1	1	2	1	1	2	1	0	0	0	0	1	0	0	1	2	1	4	0	0	0	1
G[Del(C):R3]G	0	0	0	0	0	0	0	0	0	0	2	0	0	1	0	0	0	1	1	2	0	0	0	0	3	0	0	0	0	0	0	0	0	2	0	0	0	0	0	0	1	0	0	0	0	0	1	0	0	0	0	0	0	0	0	0	0	0	1	0	0	0	1	0	0	0	0	0	0	0	1	0	0	0	0	0	0	0	1	0	0	1	0	0	1	0	0	0	1	0	0	0	0	1	0	0	0	0	0	0	0	0	0	0	0	0	0	0	0	0	0	1	0	0	0	0	1	0	0	1	1	0	0	0	4	0	0	1	0	0	1	0	0	2	0	1	0	0	0	2	1	1	0	0	0	0	0	0	0	0	0	0	0	0	0	0	1	0	0	0	0	0	0	0	0	0	2	1	1	0	1	0	0	0	0	0	1	0	0	5	0	0	0	1	0	5	0	1	0	0	0	1	1	5	0	1	1	0	0	0	0	0	1	0	0	14	0	0	0	0	0	0	0	0	0	0	0	0	2	1	0	0	1	0	0	0	12	0	0	3	0	1	0	0	0	0	0	1	1	0	0	1	0	0	0	0	2	0	0	0	0	1	0	0	0	0	0	1	0	0	0	0	0	0	1	0	0	0	0	0	0	1	0	1	0	0	0	3	0	0	0	0	1	0	0	0	1	1	0	1	0	0	0	0	0	0	0	0	0	1	1	0	0	0	1	0	0	0	0	0	0	0	0	0	0	0	0	0	0	0	0	0	2	0	1
G[Del(C):R3]T	0	1	0	0	0	0	1	0	0	0	0	1	1	0	0	0	0	1	0	1	0	1	1	0	1	1	0	0	0	0	0	0	1	0	1	0	1	0	0	0	4	0	1	0	1	2	3	1	0	0	4	0	3	1	1	0	0	0	0	0	0	0	2	2	1	1	0	0	0	0	0	3	3	0	2	2	0	0	3	1	0	0	0	1	0	0	1	0	1	0	0	0	0	3	0	1	1	0	0	0	1	0	0	1	1	1	0	0	1	0	0	1	0	3	0	0	0	0	1	2	0	0	0	1	14	0	1	1	0	0	5	1	0	0	1	1	0	1	1	1	0	4	0	0	0	1	2	0	2	0	1	0	2	0	0	0	5	5	0	3	1	1	0	0	0	1	3	2	2	0	0	0	0	0	0	0	0	0	0	3	0	3	4	3	1	3	0	1	1	0	3	1	0	7	4	0	1	0	0	0	0	0	0	1	0	17	1	1	0	1	0	0	0	0	1	1	0	0	0	2	0	1	2	0	2	0	11	0	1	1	0	1	0	0	2	1	0	1	0	0	1	0	2	0	0	2	2	3	0	0	1	1	0	1	0	0	0	0	0	1	0	0	1	0	0	0	0	0	0	0	0	2	0	0	2	1	1	1	1	1	2	1	0	0	1	1	1	1	0	0	0	0	0	1	0	0	0	0	0	3	4	0	0	0	0	0	0	0	0	0	0	0	0	0	1	2	0	3	4	0	3	0	1	1	0
G[Del(C):R4]A	0	0	0	0	1	1	1	1	2	1	1	0	1	0	1	2	0	1	0	0	0	0	1	0	1	0	1	0	1	0	1	0	0	1	0	0	0	0	0	0	0	0	0	2	0	0	1	0	2	0	0	0	2	0	0	1	0	1	0	0	0	0	2	2	0	1	0	0	2	0	0	0	1	0	0	0	0	0	1	0	2	0	0	0	1	1	0	1	0	0	0	0	1	4	1	1	2	0	0	1	0	0	0	0	0	0	1	0	0	2	1	1	0	0	1	0	0	0	0	0	3	1	0	1	15	1	0	1	0	1	3	0	1	1	0	0	0	0	0	0	1	0	0	0	0	2	0	0	1	1	1	0	0	1	0	2	3	3	0	1	1	1	0	0	0	0	0	4	1	1	0	0	3	0	0	0	0	1	0	2	1	0	1	1	0	2	0	1	0	0	0	1	1	5	0	0	1	0	1	0	0	0	0	0	0	15	0	0	1	0	0	0	0	0	2	1	0	0	0	1	0	1	0	1	0	0	11	1	2	0	0	1	0	1	0	0	0	12	0	0	1	1	0	0	2	1	0	0	1	1	0	0	1	0	1	0	0	1	1	0	0	0	0	1	2	0	0	2	1	1	1	0	0	0	2	0	0	0	1	2	0	0	1	0	0	1	1	1	0	1	2	0	1	0	0	1	0	0	0	1	2	2	0	0	2	0	0	0	2	0	0	0	0	0	0	1	0	1	1	0	1	0	0	0	0
G[Del(C):R4]G	1	0	0	0	0	0	0	1	0	0	0	0	0	0	0	0	0	0	1	0	0	0	0	0	0	1	0	0	0	0	0	0	0	0	1	0	1	0	0	0	0	0	0	0	0	0	2	0	0	0	0	1	1	0	0	0	1	1	0	0	0	0	0	4	0	0	1	0	0	0	0	1	0	0	0	0	0	0	3	0	0	0	0	0	0	0	1	0	0	0	2	0	0	2	0	0	0	0	0	0	0	0	0	0	0	1	0	0	0	0	0	0	0	0	0	0	0	0	1	0	0	0	0	0	8	0	0	0	0	1	2	0	0	1	1	1	0	0	1	0	1	0	0	0	0	0	0	0	0	1	0	0	0	1	0	1	1	0	0	2	0	0	0	0	0	0	0	0	0	0	0	0	0	0	0	0	0	0	0	1	0	0	1	1	0	0	0	0	0	0	0	0	0	1	0	0	1	0	0	0	0	0	0	0	0	2	0	0	0	1	0	0	0	1	2	0	0	0	0	0	0	0	0	0	0	0	6	0	0	1	0	0	0	1	0	0	0	9	0	0	0	0	0	0	0	0	1	0	0	1	0	1	2	0	0	0	0	1	0	0	0	0	0	0	0	0	0	0	0	0	0	0	0	0	3	0	1	1	1	0	0	0	0	0	0	1	0	0	0	0	0	0	0	0	0	0	0	1	0	1	1	0	0	0	1	0	0	0	0	0	0	0	1	0	0	0	0	0	0	1	0	0	0	0	1
G[Del(C):R4]T	0	0	0	0	0	0	1	0	0	1	0	0	1	2	0	0	1	1	0	0	0	0	0	0	1	1	1	0	2	0	0	0	0	0	0	0	0	0	0	1	2	0	0	3	0	0	2	0	0	0	1	0	0	0	1	0	0	0	0	1	1	1	0	6	0	1	0	1	0	1	0	0	0	0	0	2	0	0	1	0	0	3	0	0	0	1	1	0	1	0	0	0	0	3	1	1	1	0	0	2	1	0	0	3	1	1	0	1	0	1	2	0	0	1	0	0	1	0	0	0	1	0	0	0	19	0	1	0	0	1	0	0	0	0	0	1	0	0	1	1	0	1	0	1	2	0	0	0	0	0	1	1	0	0	1	1	2	0	1	3	0	0	0	0	0	0	0	1	0	0	0	0	0	0	0	0	0	0	1	2	1	0	4	0	0	0	0	0	0	0	1	0	0	2	0	0	1	0	0	0	0	0	0	0	0	16	0	2	0	1	0	0	0	0	3	0	0	0	2	0	1	1	0	1	1	0	10	0	0	0	0	0	0	2	0	0	0	6	0	0	0	0	1	0	0	0	2	1	0	2	0	1	0	0	1	0	0	1	0	0	0	0	1	0	0	0	0	0	0	1	2	2	2	0	3	0	0	0	0	0	1	0	0	0	0	1	0	1	0	1	1	0	0	0	0	2	0	2	0	2	0	0	1	1	0	0	0	0	0	0	0	0	0	0	1	0	0	0	2	0	1	2	1	0	0
G[Del(C):R5]A	1	0	0	0	0	0	1	1	1	0	0	0	0	1	1	0	1	2	0	0	0	0	0	0	0	0	0	0	0	0	0	0	0	0	0	1	0	0	0	0	1	0	0	0	0	0	0	0	2	0	1	1	1	0	1	0	0	0	1	1	0	0	0	5	0	1	0	0	0	2	0	0	0	1	1	0	0	0	4	0	0	0	0	0	1	1	0	0	1	0	0	0	0	3	0	2	0	0	0	0	2	0	0	0	0	1	0	0	0	0	0	0	0	0	0	1	0	0	1	0	0	0	0	1	37	0	0	0	0	1	1	0	1	1	0	0	2	0	1	0	1	0	0	0	0	1	0	2	0	0	1	2	1	0	0	1	0	2	0	2	0	0	1	0	0	0	1	2	3	0	0	0	0	0	0	0	0	0	0	3	0	0	2	0	0	0	1	0	0	0	2	0	0	1	1	0	0	0	0	1	0	1	0	0	0	10	0	0	0	0	1	0	0	0	2	1	0	0	1	1	1	2	1	0	1	0	15	1	0	0	0	0	0	1	0	0	0	20	0	1	0	1	0	1	1	0	1	0	0	0	1	1	1	0	1	1	0	1	0	0	0	0	0	1	0	0	0	0	0	0	1	4	0	0	2	0	1	1	0	2	0	0	2	0	0	1	0	2	0	0	1	0	0	0	0	0	0	0	0	2	3	0	0	0	0	0	2	1	0	0	1	0	0	0	0	0	0	0	1	1	0	1	1	1	0
G[Del(C):R5]G	0	0	0	0	0	0	0	0	1	0	0	0	0	0	0	0	0	0	0	0	0	0	0	0	0	1	0	0	0	0	0	0	0	0	0	0	0	0	0	0	0	0	0	2	0	0	0	0	0	0	0	0	0	1	0	0	0	0	0	0	0	0	0	2	0	0	0	0	0	1	0	0	0	0	2	0	0	0	0	0	0	0	0	0	2	0	0	0	0	0	0	0	0	0	0	0	0	0	0	0	0	0	0	0	0	0	0	0	0	0	0	0	0	0	0	0	0	0	0	0	0	0	0	0	18	2	0	0	0	0	1	0	0	0	0	0	0	0	0	0	1	0	0	0	0	1	0	1	1	0	1	0	2	0	0	0	0	0	0	1	0	0	0	0	0	1	0	0	0	0	0	0	0	0	0	1	0	0	0	2	0	0	0	0	0	0	0	0	0	0	0	0	0	1	0	0	0	0	0	0	0	0	0	0	0	3	0	0	0	0	0	2	0	0	0	1	0	0	0	0	0	0	1	0	0	0	3	0	0	0	0	0	0	0	1	0	0	5	0	0	0	0	0	0	1	0	0	0	0	0	1	1	0	0	0	0	0	0	0	0	0	0	0	0	0	0	0	0	0	0	0	0	0	0	2	0	0	0	0	0	0	0	0	1	0	0	0	1	0	0	0	0	0	0	0	1	0	0	0	0	0	1	0	0	0	0	0	0	0	0	0	0	0	0	0	0	0	0	0	0	0	0	0	0	0
G[Del(C):R5]T	0	0	0	0	0	0	0	0	1	0	1	0	1	1	1	0	0	0	0	0	0	0	0	1	0	0	0	0	0	0	0	0	0	0	0	1	0	0	0	0	0	0	0	1	0	0	4	0	1	0	0	0	0	0	0	0	0	0	0	0	0	0	0	4	0	0	0	1	0	0	0	0	1	0	1	0	0	0	2	1	0	0	0	2	0	0	0	0	0	0	0	0	0	1	1	0	0	0	0	0	0	0	0	0	0	1	0	0	0	2	0	0	0	0	1	0	0	1	0	0	0	0	0	0	33	1	0	1	1	0	1	0	0	0	0	0	0	1	0	0	0	0	2	0	0	1	0	0	1	1	0	1	1	0	2	0	0	0	1	0	0	0	0	0	0	0	0	0	0	0	0	1	0	1	0	0	0	0	1	0	0	0	3	0	0	2	0	0	0	0	1	0	0	1	0	0	0	0	0	0	0	0	0	0	0	7	0	0	0	0	0	1	0	0	0	0	0	0	0	0	0	1	1	0	0	1	5	0	0	1	0	0	0	0	0	0	0	29	1	0	0	0	0	0	1	0	0	1	0	2	0	0	0	0	0	0	0	0	0	1	0	0	0	0	0	0	0	1	0	0	0	2	0	1	2	0	0	0	0	2	0	0	0	0	0	0	1	0	0	0	1	0	0	0	1	0	0	0	0	5	0	0	0	0	1	0	1	0	0	0	1	0	1	0	0	0	0	0	0	0	1	1	0	0	0
G[Del(C):R6]A	0	0	0	0	0	0	0	0	0	0	0	0	1	0	0	0	0	0	0	1	0	0	0	0	0	0	0	1	0	0	0	0	0	0	1	0	0	0	1	0	0	0	0	0	0	0	2	0	1	0	0	0	0	0	0	0	0	0	0	0	0	0	0	11	0	0	1	0	0	0	0	0	0	0	2	0	0	0	1	0	0	0	0	0	0	1	0	0	0	0	1	0	0	0	0	0	0	0	1	1	0	0	0	0	1	0	0	0	0	0	0	0	1	1	0	0	0	0	0	1	0	0	2	0	66	2	1	3	0	0	0	0	0	0	0	2	0	0	0	1	0	1	0	0	2	0	0	0	0	0	0	0	2	1	0	0	0	1	0	1	0	1	1	0	0	0	0	0	0	0	0	0	1	0	0	0	0	0	1	1	0	0	0	0	0	0	0	0	0	1	0	0	0	1	0	0	0	0	0	0	0	0	0	1	0	6	0	0	0	0	0	2	1	0	1	1	0	0	0	0	1	0	2	0	1	0	2	0	0	0	0	0	0	0	1	0	0	39	0	0	0	0	0	0	0	1	0	0	0	0	0	0	0	0	0	0	0	0	0	0	0	0	0	0	0	0	0	0	0	0	0	0	2	1	0	1	1	2	0	2	0	0	0	0	0	0	0	0	0	0	0	0	1	0	0	0	0	0	0	0	0	0	0	0	0	0	0	0	0	0	1	0	0	0	0	0	1	1	0	1	2	0	0	0	0
G[Del(C):R6]G	0	0	0	0	0	0	0	0	0	0	0	0	0	0	0	0	0	0	0	0	0	0	0	0	0	0	0	0	0	0	0	0	0	0	0	0	0	0	0	0	0	0	0	0	1	0	0	0	0	0	1	0	0	0	0	0	0	0	0	0	0	0	0	4	0	0	0	0	0	0	0	0	0	1	2	0	0	0	2	0	0	1	1	0	0	0	0	0	0	0	0	0	0	1	0	0	0	0	0	0	0	0	0	1	0	0	0	0	0	1	0	0	0	0	0	0	0	0	0	0	0	0	0	0	26	0	0	0	0	0	0	0	1	0	0	0	1	0	1	0	0	0	0	0	0	0	0	0	0	0	0	0	2	0	0	0	0	0	0	0	0	0	0	0	0	0	0	1	0	0	0	0	0	0	0	1	0	2	0	0	0	0	0	0	0	1	0	0	0	0	0	0	0	0	1	1	0	0	0	0	0	0	0	0	2	2	0	0	1	0	0	0	0	0	0	0	0	0	0	0	0	0	2	0	0	0	2	0	0	1	0	0	0	0	0	0	0	11	0	0	0	0	0	0	1	0	1	0	0	0	0	0	0	0	1	0	0	0	0	0	0	0	0	0	0	1	0	0	0	0	1	1	0	0	3	0	0	0	0	1	0	0	0	0	0	0	1	0	0	0	1	0	0	0	0	0	0	0	0	0	0	0	0	0	0	0	0	0	0	0	1	0	0	0	0	0	0	0	0	0	0	0	1	0	0
G[Del(C):R6]T	0	0	0	0	0	0	0	0	0	0	1	0	0	0	0	0	0	1	0	2	0	0	0	0	0	0	0	0	0	0	0	0	0	0	0	0	0	0	0	0	0	0	0	0	0	0	0	0	2	0	1	0	0	0	0	0	0	0	0	0	0	0	0	8	0	0	0	0	0	0	0	0	0	0	0	0	0	0	1	0	0	0	1	0	0	0	0	0	0	0	0	0	0	0	0	0	0	0	0	0	0	0	0	0	1	0	0	0	0	0	0	0	1	1	0	0	0	0	0	0	0	0	0	0	39	0	0	1	0	0	0	0	0	0	0	0	0	0	0	1	0	0	1	0	1	0	0	0	0	0	0	0	0	0	0	0	0	0	0	1	0	1	0	0	0	0	0	0	0	0	0	0	0	0	1	0	0	0	0	0	0	0	1	0	0	1	0	0	0	0	0	0	0	0	1	0	0	0	0	0	0	0	0	1	0	4	0	0	0	0	1	0	0	0	0	0	0	0	0	0	0	0	1	0	0	0	4	0	0	1	0	0	0	0	0	0	0	20	0	0	0	1	0	0	0	1	0	0	0	1	0	0	0	1	0	0	0	0	0	0	0	0	0	0	0	1	0	0	0	0	0	0	0	0	1	0	0	0	0	1	0	0	0	1	0	0	0	2	1	0	0	0	0	0	0	0	0	0	1	1	0	1	0	0	0	0	0	1	0	0	0	0	0	0	0	0	0	1	0	0	1	1	0	0	0
G[Del(C):R7]A	1	0	0	0	0	0	0	0	0	1	0	0	0	0	0	0	0	0	0	0	0	0	0	0	0	0	0	0	1	0	0	0	0	0	1	0	0	0	0	0	0	0	0	0	0	0	0	0	0	0	0	0	0	0	0	1	0	0	0	0	0	0	0	7	0	0	0	1	0	0	0	0	1	0	0	0	0	0	1	0	1	0	0	0	0	0	0	0	0	0	0	0	0	0	0	0	1	0	0	0	0	0	0	0	0	0	0	0	0	0	0	0	0	0	0	0	0	0	0	0	0	0	0	0	65	0	0	0	0	0	0	0	0	0	0	0	0	0	0	0	0	0	0	0	0	0	0	0	0	0	0	0	0	0	1	1	1	0	0	0	0	0	0	0	0	0	0	0	0	0	0	1	0	0	0	0	0	0	0	0	0	0	0	0	0	0	0	1	0	0	0	0	0	0	0	0	0	0	0	1	0	0	0	0	0	2	0	0	1	0	0	0	0	0	0	0	0	0	0	0	0	0	0	0	0	0	0	0	0	0	0	0	0	0	0	0	0	26	0	0	0	0	0	0	0	0	0	0	0	0	0	0	0	0	0	0	0	0	0	1	0	0	0	0	0	0	0	0	0	0	0	0	0	0	1	0	1	0	0	3	0	0	0	0	0	0	0	0	0	0	0	0	1	0	0	0	0	0	0	0	0	0	0	0	0	1	0	0	0	0	0	0	0	0	0	0	0	0	0	0	0	0	0	0	0
G[Del(C):R7]G	0	0	0	0	0	0	0	0	0	0	0	0	0	0	0	0	0	0	0	0	0	0	0	0	0	0	0	0	0	0	0	0	0	0	0	0	1	0	0	0	0	0	0	0	0	0	0	0	0	0	0	0	0	0	0	0	0	0	0	0	0	0	0	5	0	0	0	0	0	0	0	0	0	0	0	0	0	0	1	0	0	0	0	0	0	1	0	0	0	0	0	0	0	0	0	0	0	0	0	0	0	0	0	0	0	0	0	0	0	0	0	0	0	0	0	0	0	0	0	0	0	0	0	0	13	0	0	0	0	0	0	0	0	0	0	0	0	0	0	0	0	0	0	0	0	0	0	0	0	0	0	0	0	0	0	0	0	0	0	0	0	0	0	0	0	0	0	0	0	0	0	0	0	0	0	0	0	0	0	0	0	0	0	0	0	0	0	0	0	0	1	0	0	0	0	0	0	0	0	1	0	0	0	0	0	0	0	0	0	0	0	0	0	0	0	0	0	0	0	0	0	0	0	0	0	0	0	0	0	0	0	0	0	0	0	0	0	15	0	0	0	0	0	0	0	0	0	1	0	0	0	0	0	0	0	0	0	0	0	0	0	0	0	0	1	0	0	0	0	0	0	0	0	0	0	0	0	0	0	0	0	0	0	0	0	0	0	0	0	0	0	0	2	0	0	0	0	0	0	0	0	0	0	0	0	0	0	0	0	0	0	0	0	0	0	0	1	1	0	0	0	0	0	0	0
G[Del(C):R7]T	0	0	0	0	0	0	0	0	0	0	0	0	0	0	0	0	0	0	0	0	0	0	0	0	0	0	0	0	1	0	0	0	1	0	0	0	0	0	0	1	0	0	0	0	0	0	0	0	0	0	0	0	0	0	0	0	0	0	0	0	0	0	0	1	0	0	0	0	0	0	0	0	0	0	0	0	0	0	0	0	0	0	1	0	0	0	0	0	0	0	0	0	0	0	0	0	0	0	0	0	0	0	0	0	0	0	0	0	0	0	0	0	0	0	0	0	0	0	0	0	0	0	0	0	18	0	0	0	0	0	0	0	0	0	0	1	0	0	0	0	0	0	0	0	1	0	0	0	0	0	0	0	0	0	0	0	0	0	0	0	0	0	0	0	0	0	0	0	0	0	0	0	0	0	0	0	0	0	0	0	0	0	1	0	0	0	0	0	0	0	0	1	0	1	0	0	0	0	0	0	0	0	0	0	0	1	0	0	0	0	0	0	0	1	0	0	0	0	0	0	0	0	0	0	0	0	0	0	1	0	0	1	0	0	0	0	0	10	0	0	0	0	0	0	0	0	0	0	0	1	0	0	0	0	0	0	0	0	0	0	0	0	0	0	0	0	0	0	0	0	0	0	0	0	0	0	2	0	0	2	0	0	0	0	0	0	0	0	0	0	0	0	0	0	0	0	0	0	0	0	0	0	0	0	0	0	0	0	0	0	0	0	0	0	0	0	0	0	0	0	1	0	0	0	1
G[Del(C):R8]A	0	0	0	0	0	0	0	0	0	0	0	0	0	0	0	0	0	1	0	1	0	0	0	0	0	0	0	0	0	0	0	0	0	0	0	0	2	0	1	0	0	0	0	0	0	0	0	0	0	0	0	0	0	0	0	0	0	0	0	0	0	0	0	0	0	0	0	0	2	0	0	0	0	1	0	0	1	0	0	0	0	0	0	0	0	0	0	0	0	0	0	0	0	0	0	0	0	0	0	0	0	0	0	0	0	0	0	0	0	0	0	0	0	0	1	0	0	0	0	0	0	1	0	0	67	1	0	0	0	0	0	1	0	0	0	0	0	0	0	0	0	0	0	0	0	0	0	0	0	0	0	0	0	0	0	0	0	0	0	0	0	0	0	0	0	0	0	0	0	0	0	0	0	0	0	0	0	0	0	0	0	0	1	0	0	0	0	0	0	0	0	1	1	1	0	1	0	0	0	1	0	0	0	0	0	0	0	0	0	0	0	1	0	0	0	1	0	0	0	0	0	0	1	0	0	0	1	0	0	2	0	1	0	0	1	0	0	23	0	0	0	0	0	0	0	0	0	0	0	0	0	0	0	0	0	0	0	0	0	0	0	0	0	0	0	0	0	0	0	0	0	0	0	0	0	0	0	0	0	5	0	0	0	0	0	0	0	1	0	0	0	0	0	0	0	0	0	0	0	0	1	0	0	0	0	0	0	0	0	0	0	0	0	0	1	0	0	0	1	0	0	0	0	0	0
G[Del(C):R8]G	0	0	0	0	0	0	0	0	0	0	0	0	0	0	0	0	0	0	0	0	0	0	0	0	0	0	0	0	0	0	0	0	0	0	0	0	0	0	0	0	0	0	0	0	0	0	0	0	0	0	0	0	0	0	0	0	0	0	0	0	0	0	0	3	0	0	0	0	0	0	0	0	1	0	0	0	0	0	0	0	0	0	0	0	0	0	0	0	0	0	0	0	0	0	0	0	0	0	0	0	0	0	0	0	0	0	0	0	0	0	0	0	0	1	0	0	0	0	0	0	0	0	0	0	7	0	0	0	0	0	0	0	0	0	0	0	0	0	0	0	0	0	0	0	0	0	0	0	0	0	0	0	0	0	0	0	0	0	0	0	0	0	0	0	0	0	0	0	0	0	0	0	0	0	0	0	0	0	0	0	0	0	0	0	0	0	0	0	0	0	0	0	0	0	0	0	0	0	0	0	0	0	0	0	0	0	0	0	0	0	0	0	0	0	0	0	0	0	0	0	0	0	0	0	0	0	1	0	0	0	0	0	0	0	0	0	0	8	0	0	0	1	0	0	0	0	0	0	0	0	0	0	0	0	0	0	0	0	0	0	0	0	0	0	1	0	0	0	0	0	0	0	0	0	1	0	0	1	0	0	0	0	0	0	0	0	0	0	0	1	0	0	0	0	0	0	0	0	0	0	0	0	0	0	0	0	0	0	0	0	0	0	0	0	0	0	0	0	0	0	0	0	0	0	0
G[Del(C):R8]T	0	0	0	0	0	0	0	0	0	0	0	0	0	0	0	0	0	0	0	0	0	0	0	0	0	0	0	0	0	0	0	0	0	0	0	0	0	0	0	0	0	0	0	0	0	0	0	0	0	0	0	0	0	0	0	0	0	0	0	0	0	0	0	2	0	0	0	0	0	0	0	0	0	0	0	0	0	0	0	0	0	0	0	0	0	0	0	0	0	0	0	0	1	0	0	0	0	0	1	0	0	0	0	0	0	0	0	0	0	0	0	0	0	0	0	0	0	0	0	0	0	0	1	0	20	0	0	0	0	0	1	0	0	0	0	0	0	0	0	0	0	0	0	0	0	0	0	0	0	0	0	0	0	0	0	0	0	0	0	0	0	0	0	0	0	0	0	0	0	0	0	0	0	0	0	0	0	0	0	0	0	0	0	0	0	0	0	0	0	0	0	0	0	0	0	0	0	0	0	0	0	0	0	0	0	0	0	0	0	0	1	0	0	0	0	0	0	0	0	0	0	0	1	0	0	0	0	0	0	0	0	0	0	0	0	0	0	3	0	0	0	0	0	0	0	0	0	0	0	0	0	0	0	0	0	0	0	0	0	0	0	0	0	0	0	0	0	0	0	0	0	1	0	0	0	0	0	0	0	0	0	0	0	0	0	0	0	0	0	0	0	0	0	0	0	0	0	0	0	0	0	0	0	0	0	0	0	1	0	0	0	0	0	0	0	0	0	0	0	0	0	0	0	0	0
G[Del(C):R(9,)]A	0	0	0	0	0	0	0	0	0	0	0	0	0	0	0	0	0	0	0	0	0	0	0	0	0	0	0	0	0	0	0	0	0	0	0	0	0	0	0	0	0	0	0	0	0	0	0	0	0	0	0	0	0	0	0	0	0	0	0	0	0	0	0	0	0	0	0	0	0	0	0	0	0	0	0	0	0	0	0	0	0	0	0	0	0	0	0	0	0	0	0	0	0	0	0	0	0	0	0	0	0	0	0	0	0	0	0	0	0	0	0	0	0	0	0	0	0	0	0	0	0	0	0	0	0	0	0	0	0	0	0	0	0	0	0	0	0	0	0	0	0	0	0	0	0	0	0	0	0	0	0	0	0	0	0	0	0	0	0	0	0	0	0	0	0	0	0	0	0	0	0	0	0	0	0	0	0	0	0	0	0	0	0	0	0	0	0	0	0	0	0	0	0	0	0	0	0	0	0	0	0	0	0	0	0	0	0	0	0	0	0	0	0	0	0	0	0	0	0	0	0	0	0	0	0	0	0	0	0	0	0	0	0	0	0	0	0	0	0	0	0	0	0	0	0	0	0	0	0	0	0	0	0	0	0	0	0	0	0	0	0	0	0	0	0	0	0	0	0	0	0	0	0	0	0	0	0	0	0	0	0	0	0	0	0	0	0	0	0	0	0	0	0	0	0	0	0	0	0	0	0	0	0	0	0	0	0	0	0	0	0	0	0	0	0	0	0	0	0	0	0	0	0	0	0
G[Del(C):R(9,)]G	0	0	0	0	0	0	0	0	0	0	0	0	0	0	0	0	0	0	0	0	0	0	0	0	0	0	0	0	0	0	0	0	0	0	0	0	0	0	0	0	0	0	0	0	0	0	0	0	0	0	0	0	0	0	0	0	0	0	0	0	0	0	0	0	0	0	0	0	0	0	0	0	0	0	0	0	0	0	0	0	0	0	0	0	0	0	0	0	0	0	0	0	0	0	0	0	0	0	0	0	0	0	0	0	0	0	0	0	0	0	0	0	0	0	0	0	0	0	0	0	0	0	0	0	0	0	0	0	0	0	0	0	0	0	0	0	0	0	0	0	0	0	0	0	0	0	0	0	0	0	0	0	0	0	0	0	0	0	0	0	0	0	0	0	0	0	0	0	0	0	0	0	0	0	0	0	0	0	0	0	0	0	0	0	0	0	0	0	0	0	0	0	0	0	0	0	0	0	0	0	0	0	0	0	0	0	0	0	0	0	0	0	0	0	0	0	0	0	0	0	0	0	0	0	0	0	0	0	0	0	0	0	0	0	0	0	0	0	0	0	0	0	0	0	0	0	0	0	0	0	0	0	0	0	0	0	0	0	0	0	0	0	0	0	0	0	0	0	0	0	0	0	0	0	0	0	0	0	0	0	0	0	0	0	0	0	0	0	0	0	0	0	0	0	0	0	0	0	0	0	0	0	0	0	0	0	0	0	0	0	0	0	0	0	0	0	0	0	0	0	0	0	0	0	0
G[Del(C):R(9,)]T	0	0	0	0	0	0	0	0	0	0	0	0	0	0	0	0	0	0	0	0	0	0	0	0	0	0	0	0	0	0	0	0	0	0	0	0	0	0	0	0	0	0	0	0	0	0	0	0	0	0	0	0	0	0	0	0	0	0	0	0	0	0	0	0	0	0	0	0	0	0	0	0	0	0	0	0	0	0	0	0	0	0	0	0	0	0	0	0	0	0	0	0	0	0	0	0	0	0	0	0	0	0	0	0	0	0	0	0	0	0	0	0	0	0	0	0	0	0	0	0	0	0	0	0	0	0	0	0	0	0	0	0	0	0	0	0	0	0	0	0	0	0	0	0	0	0	0	0	0	0	0	0	0	0	0	0	0	0	0	0	0	0	0	0	0	0	0	0	0	0	0	0	0	0	0	0	0	0	0	0	0	0	0	0	0	0	0	0	0	0	0	0	0	0	0	0	0	0	0	0	0	0	0	0	0	0	0	0	0	0	0	0	0	0	0	0	0	0	0	0	0	0	0	0	0	0	0	0	0	0	0	0	0	0	0	0	0	0	0	0	0	0	0	0	0	0	0	0	0	0	0	0	0	0	0	0	0	0	0	0	0	0	0	0	0	0	0	0	0	0	0	0	0	0	0	0	0	0	0	0	0	0	0	0	0	0	0	0	0	0	0	0	0	0	0	0	0	0	0	0	0	0	0	0	0	0	0	0	0	0	0	0	0	0	0	0	0	0	0	0	0	0	0	0	0
T[Del(C):R1]A	3	2	0	2	3	5	6	0	7	3	6	1	2	0	5	0	6	6	2	2	1	2	2	2	3	4	3	3	14	0	1	3	2	8	3	4	3	0	2	7	7	0	2	5	8	5	15	2	18	2	13	2	3	7	3	4	2	2	3	6	1	2	2	6	3	1	3	10	2	3	4	2	11	1	10	3	0	0	54	0	3	6	5	2	5	5	1	0	1	3	4	0	2	34	1	2	3	0	0	2	2	8	0	5	4	2	1	5	2	3	0	0	3	4	4	3	0	1	6	2	13	6	3	9	65	7	1	12	0	3	19	8	0	2	1	23	7	11	3	6	3	4	1	1	9	0	1	3	2	1	7	2	10	3	8	1	8	9	1	25	2	13	1	2	1	4	5	1	5	3	2	1	2	4	1	3	0	4	1	24	5	6	16	2	9	15	2	3	2	2	10	15	13	23	11	5	8	5	1	7	1	7	2	4	0	51	3	5	4	4	11	7	2	3	18	8	7	4	7	13	16	2	12	3	3	4	39	2	2	24	8	13	0	8	1	1	0	6	4	1	1	8	3	4	7	3	8	9	0	10	4	3	4	0	7	1	1	0	0	3	4	2	2	0	11	6	6	8	2	1	6	14	7	3	19	1	7	23	7	10	3	1	3	4	4	0	14	7	2	8	8	4	3	1	0	4	1	5	0	4	9	6	2	0	3	3	5	11	6	0	4	1	1	2	1	3	0	2	9	4	41	7	11	3	1
T[Del(C):R1]G	1	0	0	0	1	0	0	1	2	2	5	0	1	0	0	0	0	0	1	0	0	1	3	0	2	3	0	1	3	0	0	0	0	1	0	1	2	0	1	2	6	0	0	0	1	0	2	1	0	0	2	2	4	0	0	0	0	0	1	1	0	0	0	0	2	0	0	3	1	0	0	0	5	1	4	0	1	0	11	2	0	2	2	0	2	0	1	2	1	2	0	0	0	10	1	1	0	0	0	1	1	2	0	0	0	1	0	2	1	0	1	0	0	1	0	1	1	0	0	0	1	0	1	2	11	2	1	4	0	0	1	2	1	0	1	6	2	2	0	1	0	1	1	0	1	2	0	1	0	1	2	1	2	1	4	1	0	4	0	4	0	1	0	0	2	0	1	2	0	1	0	0	0	0	0	0	4	2	0	4	1	0	4	5	1	2	2	1	0	0	3	1	1	0	1	2	0	0	0	0	0	0	1	0	1	2	1	1	0	1	0	2	0	0	5	2	0	1	0	3	2	2	1	1	3	2	9	1	1	4	0	1	0	0	1	1	0	1	0	0	0	1	1	1	2	0	2	4	0	6	2	1	0	0	1	0	0	0	1	0	0	1	0	0	2	1	0	1	1	0	1	3	4	0	5	0	2	3	4	3	1	0	2	2	0	1	1	0	0	1	2	0	1	0	0	0	0	1	1	0	5	1	2	0	1	0	0	0	1	0	2	1	0	1	0	0	1	2	3	1	7	3	3	3	0
T[Del(C):R1]T	19	8	3	10	9	4	4	2	22	0	11	3	7	9	6	1	10	10	2	7	2	4	6	4	3	7	8	10	18	2	3	2	1	11	7	7	2	1	6	13	18	1	0	7	14	7	43	3	23	10	22	5	4	0	5	5	3	2	6	9	6	1	8	19	9	7	9	15	9	8	3	7	15	2	23	7	5	0	101	6	5	13	9	7	20	7	8	6	8	3	10	4	13	65	6	2	6	2	2	7	10	11	0	12	15	3	1	4	2	4	3	4	4	14	6	11	5	1	12	5	13	4	9	9	543	14	5	18	2	3	32	13	1	15	4	33	10	8	8	11	5	27	7	4	32	9	2	0	4	4	16	10	24	11	20	6	19	24	1	100	4	16	2	3	4	13	12	8	14	10	7	3	1	9	1	3	8	11	4	62	6	9	35	7	25	15	5	9	7	3	25	15	14	43	18	7	15	2	2	6	0	5	7	8	10	80	8	2	6	7	15	17	5	4	81	19	4	5	17	29	39	10	27	4	7	5	47	6	8	48	11	14	2	13	9	1	3	40	9	0	3	17	13	11	20	12	12	26	2	29	6	12	9	4	14	19	1	0	4	6	1	2	5	1	22	12	2	18	3	1	19	27	12	3	43	0	27	36	16	23	4	4	12	7	4	6	26	13	3	22	13	0	4	1	5	2	0	13	5	5	22	5	6	6	11	12	7	15	10	3	9	7	1	7	4	3	5	11	24	5	76	22	44	6	1
T[Del(C):R2]A	6	4	0	1	2	2	1	2	6	2	3	0	5	2	0	1	2	6	0	6	0	0	2	2	0	1	0	2	4	1	3	0	1	8	0	3	2	0	2	2	4	1	0	5	3	2	17	2	9	1	7	4	4	1	2	0	2	3	4	5	3	1	4	2	3	1	2	3	4	1	2	4	3	4	9	3	1	0	32	1	0	4	0	1	5	5	2	2	3	3	3	1	5	21	2	4	2	1	0	0	7	3	0	2	3	7	1	0	0	1	1	4	2	6	1	4	0	0	0	4	4	2	4	2	50	8	0	4	0	1	10	2	0	3	4	17	0	2	1	4	3	6	2	1	4	1	0	2	4	0	5	5	9	5	5	4	4	10	2	18	4	5	1	3	1	2	3	5	2	3	6	0	0	2	0	1	3	2	5	22	5	3	13	4	6	4	2	4	1	2	10	5	3	18	9	1	2	1	1	2	0	1	1	3	1	84	1	2	1	2	4	9	1	1	14	5	1	1	6	8	6	4	6	8	5	3	46	3	2	13	5	4	3	5	2	0	1	7	0	2	3	10	7	2	7	1	5	9	2	8	0	5	3	1	4	3	0	0	3	3	0	1	2	3	7	2	0	5	0	2	4	5	7	4	14	0	12	16	3	8	3	0	7	3	1	0	5	5	1	5	6	0	5	1	1	1	1	6	1	4	10	5	1	2	2	2	0	4	3	0	2	1	0	1	1	3	1	2	10	2	23	5	16	6	1
T[Del(C):R2]G	0	0	0	1	1	0	1	0	1	0	1	0	0	0	0	0	1	1	1	1	1	0	1	1	0	0	2	0	0	0	0	0	1	0	0	0	0	0	1	1	1	1	0	2	2	0	9	1	0	1	4	3	0	2	1	0	0	0	0	0	0	0	0	4	0	0	0	1	0	0	0	1	1	0	4	0	0	0	13	0	0	0	1	0	3	0	1	1	1	0	1	2	0	4	0	0	0	0	0	0	2	0	0	2	0	1	0	1	1	1	0	0	1	0	1	0	1	0	0	1	9	0	0	2	9	1	0	4	0	0	4	0	0	1	0	1	1	0	0	2	0	1	2	1	0	1	0	0	1	0	3	1	4	2	0	0	2	3	0	4	0	0	1	0	0	1	1	0	2	1	0	0	0	0	0	0	4	0	0	8	0	1	2	0	5	1	0	1	0	0	4	0	1	4	4	0	2	0	0	1	0	0	0	0	0	7	0	2	2	0	0	1	1	0	3	2	0	0	3	3	1	1	0	1	2	1	17	1	1	7	0	0	0	1	1	0	0	2	1	1	0	2	0	0	2	0	3	3	0	2	0	0	1	0	1	0	0	1	0	0	1	1	0	0	2	0	0	0	0	0	2	1	2	0	3	0	8	1	1	2	0	0	1	1	0	0	5	1	0	2	1	0	2	0	0	0	0	3	0	0	2	0	0	0	0	0	0	0	0	0	1	1	0	0	0	0	0	1	2	1	6	3	6	1	1
T[Del(C):R2]T	10	2	2	7	9	0	11	6	14	2	8	0	4	4	4	0	5	7	5	11	0	4	1	2	2	6	7	8	25	1	1	0	2	12	3	8	5	2	4	3	16	1	0	5	10	5	28	4	15	2	17	6	3	5	6	3	2	1	8	8	2	1	5	10	7	10	5	15	7	2	7	5	10	2	20	0	7	1	86	4	2	8	5	5	14	6	4	4	6	1	6	4	4	48	3	9	1	2	1	2	9	8	1	5	6	8	1	3	3	3	3	1	4	8	12	5	0	2	6	3	8	1	3	15	154	20	2	10	0	5	19	7	0	4	6	42	6	11	6	5	3	18	5	1	10	6	3	0	6	4	18	10	20	6	9	5	5	15	1	37	4	10	0	6	3	9	15	5	14	6	7	4	3	0	1	4	4	4	7	39	5	5	36	4	10	12	3	4	1	1	17	13	11	31	18	3	11	3	0	3	0	2	3	3	5	62	5	1	9	5	15	20	4	3	28	17	2	4	4	14	25	9	15	8	6	2	37	6	3	36	6	10	1	15	8	0	1	6	4	0	1	21	2	9	12	7	9	18	1	27	5	8	15	3	23	8	1	3	4	8	3	0	3	1	13	2	1	8	3	1	15	18	18	4	31	1	26	25	11	18	2	0	8	10	4	1	16	8	3	13	11	4	9	1	3	2	1	20	0	5	9	5	3	3	5	3	6	16	5	1	6	8	0	5	2	2	5	5	20	5	22	9	34	10	3
T[Del(C):R3]A	5	2	0	1	0	0	2	1	1	0	0	1	2	2	0	0	3	1	1	3	0	0	2	2	0	1	1	0	3	0	0	0	0	5	2	4	4	0	3	3	4	0	0	3	4	0	9	1	2	1	6	1	2	4	1	0	0	0	0	1	0	1	0	3	2	1	2	1	1	1	0	2	5	1	3	0	1	0	18	2	0	4	3	1	7	1	3	1	3	1	1	1	0	11	3	1	0	1	1	0	3	2	0	2	3	1	0	0	1	1	0	0	4	2	3	2	0	0	2	0	3	1	2	1	36	2	0	4	0	1	3	1	2	0	0	9	3	5	1	0	1	2	0	1	6	1	3	0	3	2	2	1	4	5	2	0	7	4	0	19	1	1	0	0	2	0	3	11	1	1	2	2	3	0	0	0	1	1	2	14	0	2	3	1	1	5	1	0	1	1	7	2	2	22	7	1	4	0	0	2	0	0	0	3	1	146	2	0	1	2	1	3	0	1	11	2	0	0	2	4	8	3	5	3	2	2	90	1	1	8	3	1	0	5	1	1	0	7	2	1	1	3	3	2	1	0	3	2	0	4	0	4	3	1	8	1	0	0	2	0	1	1	0	0	3	1	1	10	3	0	3	4	6	0	8	0	5	4	3	6	2	0	0	2	0	0	5	1	4	1	1	0	3	0	2	0	0	4	1	3	3	1	1	0	3	0	0	2	6	1	1	0	0	2	0	0	2	3	4	2	18	3	5	3	0
T[Del(C):R3]G	0	0	0	0	0	0	1	0	1	0	0	0	0	1	1	0	0	1	0	0	0	1	0	0	0	0	0	1	0	0	0	0	0	0	0	0	1	0	0	0	0	0	0	0	0	1	0	0	0	0	0	0	0	0	0	0	0	0	0	1	0	0	0	0	1	0	0	1	0	0	0	0	1	0	0	0	0	0	3	0	0	0	0	0	1	1	0	0	0	0	0	0	0	0	0	0	0	0	0	0	1	0	0	0	0	1	0	0	0	0	0	0	0	0	0	0	0	1	1	0	1	0	1	0	7	1	0	2	0	0	2	0	0	0	0	0	0	1	0	0	0	0	0	0	0	0	0	0	0	1	0	0	0	0	1	0	2	0	0	1	0	1	2	0	0	0	1	1	0	1	0	0	0	0	0	0	0	0	1	1	0	0	1	0	1	1	1	0	0	0	0	0	0	0	0	0	0	0	0	0	0	0	0	0	0	18	1	0	0	0	0	1	0	0	1	1	0	0	1	1	2	1	1	0	1	0	14	0	0	2	0	0	0	0	0	0	0	4	1	0	0	0	0	1	1	0	0	2	0	0	1	0	1	1	0	1	0	0	0	0	0	1	0	0	1	1	0	0	0	0	0	1	1	0	1	0	0	2	2	0	0	0	2	0	0	0	3	1	0	2	0	0	0	1	0	0	0	0	0	0	1	0	1	0	0	0	1	0	0	0	0	0	0	0	0	0	0	0	0	0	1	0	0	0	0
T[Del(C):R3]T	3	0	0	3	1	1	2	0	6	1	1	1	1	2	1	1	1	6	0	2	1	1	1	1	1	2	4	2	4	0	3	0	1	4	3	2	1	0	3	0	1	1	0	2	7	5	12	0	1	2	4	1	1	2	0	2	2	1	0	0	1	0	1	1	1	1	2	4	1	2	0	2	1	0	6	0	1	1	18	1	2	6	0	0	3	0	1	1	1	1	0	2	1	12	3	1	1	0	0	2	2	5	0	1	2	0	1	1	0	0	2	0	2	3	3	2	0	0	2	0	2	0	2	2	36	1	0	1	0	0	3	2	0	1	0	8	2	6	2	0	1	6	3	1	2	2	0	0	1	2	6	4	6	2	4	3	2	6	0	11	1	0	0	0	1	1	1	3	0	1	4	2	1	1	0	2	1	3	1	14	1	3	12	0	2	3	1	5	0	2	4	1	1	7	4	0	4	1	0	1	2	2	2	0	0	60	4	1	3	1	1	1	1	4	3	0	2	0	7	7	10	2	1	2	1	2	46	2	3	12	3	1	3	5	2	0	0	5	4	0	4	0	1	3	5	2	4	3	2	4	0	5	3	2	5	0	0	0	0	5	1	0	0	1	1	1	0	1	0	1	5	2	5	0	3	0	9	3	1	4	1	1	2	1	0	0	4	8	1	1	5	3	4	0	1	1	0	4	1	0	3	1	4	0	0	2	1	1	1	1	1	5	0	1	0	0	2	2	6	0	10	3	5	1	1
T[Del(C):R4]A	1	0	0	2	1	2	0	0	2	1	2	0	1	2	2	0	0	2	0	3	0	0	2	0	1	2	0	1	1	0	1	1	0	1	0	2	0	0	2	0	4	0	0	0	1	0	14	0	0	0	1	0	0	1	0	0	0	1	2	1	4	0	0	3	2	1	0	1	1	1	1	2	0	0	3	1	1	1	9	0	0	2	0	0	4	1	0	1	1	1	1	0	1	6	1	2	1	0	0	1	3	1	0	2	0	2	0	0	0	1	0	0	0	5	1	0	0	3	1	0	4	1	0	1	49	3	0	2	0	1	3	2	0	2	0	3	3	2	2	0	2	1	1	0	5	2	0	1	1	1	4	3	4	0	1	0	3	2	0	2	1	1	0	0	0	0	0	2	3	2	0	2	1	0	1	0	1	2	1	7	1	0	5	0	0	2	0	1	0	1	1	0	0	3	1	1	4	1	0	1	0	0	0	0	0	39	1	1	1	0	4	3	1	0	2	1	0	1	0	5	1	4	4	0	1	1	34	1	1	5	3	0	0	2	0	1	0	16	1	1	1	2	1	0	2	2	1	1	0	4	0	1	2	0	1	3	1	0	1	0	0	1	0	0	0	2	1	2	0	0	1	4	1	1	4	1	3	2	5	4	1	0	2	1	0	0	0	2	0	0	0	0	2	0	1	0	0	1	1	1	1	1	3	1	0	1	3	2	2	0	0	0	0	3	0	2	0	3	1	0	8	2	6	1	1
T[Del(C):R4]G	0	0	0	0	0	0	1	0	1	0	1	0	0	0	1	0	0	0	0	0	0	0	0	0	0	0	1	0	2	0	0	0	0	0	0	0	0	0	0	0	1	0	0	0	0	1	2	0	0	0	0	0	1	0	0	0	0	0	0	1	0	0	0	0	0	0	0	0	0	0	0	0	0	0	1	0	0	0	2	0	0	0	0	0	1	0	0	0	1	0	1	0	0	4	0	0	0	0	0	0	1	0	0	0	0	0	0	0	0	0	0	0	0	0	0	1	0	0	0	0	0	1	0	0	14	0	0	0	0	1	1	0	0	0	1	0	0	3	0	0	0	1	0	0	0	0	0	0	0	0	1	1	1	1	1	0	0	1	0	0	0	0	0	0	0	0	0	3	0	0	0	0	0	0	0	0	1	0	0	1	2	0	0	1	0	3	0	0	0	0	0	1	1	0	0	0	0	0	0	0	0	0	0	0	0	2	0	0	0	0	2	0	0	0	0	0	0	0	0	0	1	0	0	0	1	0	2	1	0	1	0	1	0	0	0	0	0	6	0	0	0	1	0	0	1	0	0	0	0	2	1	1	0	0	0	0	0	0	0	0	1	0	0	0	0	1	0	0	0	0	1	1	1	0	0	0	2	2	0	1	1	0	0	0	0	0	1	0	0	0	0	0	1	0	0	0	0	0	0	0	0	0	0	0	0	0	1	1	0	1	1	1	0	0	0	0	1	1	0	0	0	1	3	0	0
T[Del(C):R4]T	1	1	0	1	1	0	0	0	2	1	1	0	0	0	1	0	0	0	0	1	0	0	0	1	0	0	1	0	0	0	0	0	0	2	0	0	2	1	0	0	1	0	0	0	2	1	5	0	3	0	1	0	0	0	0	0	1	1	0	2	0	0	0	0	0	2	0	2	0	0	0	0	2	0	1	0	0	0	5	2	0	1	0	0	1	3	0	1	2	0	0	2	0	3	1	1	1	1	0	0	1	0	0	0	2	0	0	0	0	0	0	0	0	0	0	1	0	0	1	0	1	1	1	1	37	2	1	0	0	0	1	0	1	0	0	6	0	2	1	0	0	3	0	0	0	0	0	0	0	1	1	0	1	0	0	0	2	1	1	9	1	1	1	0	1	1	1	1	1	0	2	0	0	0	1	0	0	0	2	0	0	4	3	0	2	2	0	0	0	0	3	1	0	5	1	0	0	0	0	0	0	0	0	1	0	24	2	0	0	0	1	2	1	1	6	1	0	2	3	0	4	0	3	3	0	0	8	0	0	5	1	0	0	1	0	0	0	8	1	0	0	4	0	1	2	0	1	4	0	4	0	0	1	1	2	0	0	0	1	0	0	1	0	0	1	1	0	0	0	0	0	0	1	2	3	0	2	2	1	2	1	0	0	2	0	0	2	0	0	1	0	0	0	0	0	1	1	1	0	0	1	1	0	0	0	2	1	1	0	0	0	2	0	2	0	0	0	1	5	0	5	2	4	2	0
T[Del(C):R5]A	0	0	0	0	0	0	0	0	3	0	0	0	1	1	0	0	1	0	0	0	0	0	0	0	0	2	0	0	1	0	1	0	0	0	1	1	2	0	0	1	1	0	0	0	0	0	2	0	2	0	1	0	0	0	0	0	0	0	0	0	0	0	0	4	0	0	0	1	0	1	1	0	0	0	0	1	0	0	8	0	0	0	1	0	2	0	1	1	0	0	1	0	1	9	0	0	0	0	0	0	1	1	0	0	2	0	0	2	0	0	0	1	1	1	1	1	0	0	0	0	1	0	0	0	88	2	0	1	0	0	3	0	0	1	0	1	0	0	1	1	0	0	0	0	1	1	1	0	0	0	1	0	0	0	1	0	1	2	0	1	1	1	0	0	1	0	4	2	1	0	1	0	0	0	0	1	0	0	0	4	0	3	2	0	1	0	0	0	0	0	2	1	1	3	1	0	1	0	0	1	0	0	0	0	0	18	0	1	0	0	0	3	0	0	1	2	0	2	0	2	2	1	0	1	0	0	21	2	0	2	1	0	0	1	1	0	0	35	0	2	1	0	1	0	3	0	1	3	0	2	0	0	1	0	0	0	0	0	0	1	1	0	0	0	1	0	0	1	0	0	0	0	3	0	2	0	1	1	1	0	1	0	0	0	0	0	1	1	0	1	1	2	2	0	1	0	0	1	0	0	0	2	1	0	1	1	1	0	1	0	0	1	0	0	0	0	1	1	2	0	2	2	3	1	0
T[Del(C):R5]G	0	0	0	0	0	0	0	0	0	0	0	0	0	0	0	0	0	0	0	0	1	0	0	0	0	0	0	0	0	0	0	0	0	0	0	0	0	0	0	0	0	0	0	0	0	0	1	0	0	0	0	0	0	0	0	0	0	0	0	0	0	0	0	0	0	0	0	0	0	0	0	1	0	0	0	0	0	0	0	0	0	0	1	0	0	0	0	0	0	0	0	0	0	1	0	0	0	0	0	0	0	0	0	1	1	0	0	0	0	0	0	0	1	1	0	0	0	0	0	0	0	0	0	0	21	0	0	1	0	0	0	0	0	0	0	0	0	1	0	0	0	0	0	0	0	0	0	0	0	0	0	0	0	1	0	0	0	0	0	2	0	0	0	0	0	0	0	0	0	0	0	0	0	0	0	0	0	0	0	0	1	0	0	0	0	0	0	0	0	0	0	0	0	0	0	1	0	0	0	0	0	0	1	0	0	4	0	1	0	0	0	0	0	0	1	0	0	0	0	1	0	0	0	0	0	0	1	0	0	0	0	0	0	0	0	0	0	12	0	0	0	0	0	0	0	0	2	0	0	1	0	0	0	0	0	0	0	0	0	1	0	0	0	0	0	0	0	0	1	0	0	0	0	0	2	0	0	0	1	1	0	0	0	0	0	0	0	0	0	0	0	0	0	0	0	0	0	0	0	0	0	0	0	0	0	0	0	0	0	0	0	0	0	0	0	0	0	0	0	0	1	1	0	0	0
T[Del(C):R5]T	1	0	0	0	0	1	0	0	0	0	0	0	0	1	0	0	0	0	1	0	0	1	0	0	0	1	0	1	0	0	0	1	0	0	0	1	0	0	1	0	1	0	0	0	1	0	0	0	1	0	1	1	0	0	1	0	0	0	0	0	1	0	0	4	0	0	0	0	2	0	0	0	0	0	3	0	0	0	11	0	1	0	0	0	2	0	0	0	0	0	0	0	0	4	1	0	0	0	0	0	1	0	1	3	2	0	0	0	1	1	1	0	0	0	1	0	1	0	0	2	1	0	0	1	77	1	0	2	0	0	2	0	0	0	0	2	1	4	0	2	0	1	1	0	5	0	0	0	0	0	1	0	3	0	1	0	1	3	0	3	2	2	1	0	0	0	0	2	2	0	1	1	0	0	1	0	0	1	1	3	0	2	3	0	1	1	0	0	0	0	1	0	0	0	1	0	3	0	0	0	1	0	1	1	2	11	1	0	0	0	4	0	0	0	3	2	0	1	1	1	0	0	1	0	0	0	16	0	2	3	0	0	0	2	0	0	0	33	1	0	0	0	0	0	0	0	1	1	0	1	0	1	0	0	1	0	0	0	0	0	0	1	0	0	1	1	0	1	0	0	0	1	2	0	2	0	1	1	1	1	0	0	1	0	0	0	0	0	1	1	1	0	1	0	0	1	0	0	0	0	2	0	0	0	0	0	0	4	1	0	0	0	0	0	0	1	0	0	2	0	1	2	4	1	0
T[Del(C):R6]A	1	0	0	0	0	0	0	0	0	0	1	0	0	0	0	0	0	0	0	2	0	0	0	0	0	0	0	0	3	0	0	0	1	1	0	0	0	0	0	0	0	0	0	0	1	0	1	0	2	1	2	1	1	0	0	0	0	0	0	2	0	0	0	3	0	0	0	0	0	1	0	3	0	0	0	0	0	0	2	0	0	0	0	0	3	0	1	1	0	0	1	0	0	3	0	0	1	0	0	0	1	0	0	0	0	0	0	0	0	0	1	0	0	0	1	1	0	0	0	0	0	1	0	0	138	0	0	1	0	0	3	0	0	0	1	2	0	0	0	0	0	2	0	0	2	0	0	0	0	0	0	2	0	1	1	1	0	0	0	3	0	0	0	1	0	0	0	0	1	0	0	0	0	0	0	0	0	1	0	2	0	1	3	1	0	0	0	0	0	1	2	0	0	2	1	0	1	0	0	0	0	1	2	0	0	13	0	1	0	0	0	0	0	0	2	0	1	0	2	1	0	0	1	1	0	1	2	1	0	3	0	0	0	1	0	0	0	53	1	0	0	2	0	0	0	0	0	0	0	0	0	1	1	0	1	0	0	0	1	0	0	0	0	0	0	0	0	0	0	0	0	0	1	0	1	0	2	1	0	5	0	0	0	1	0	1	0	0	0	0	0	0	1	0	0	0	0	0	0	0	2	0	0	0	0	1	0	0	1	0	0	0	0	0	1	1	0	0	0	0	2	2	2	1	0
T[Del(C):R6]G	0	0	0	0	0	0	0	0	0	0	0	0	0	0	0	0	0	0	0	0	0	0	0	0	0	0	0	0	0	0	0	0	0	0	0	0	0	0	0	0	0	0	0	0	0	0	1	0	0	0	0	0	0	0	0	0	0	0	0	0	0	0	0	1	0	0	0	0	0	0	0	0	0	0	0	0	0	0	2	0	0	0	0	0	0	0	0	0	0	0	1	0	0	0	0	0	0	0	0	0	0	0	0	0	0	0	0	0	0	0	0	0	0	0	0	0	0	0	0	0	0	0	0	0	22	0	0	0	1	0	0	0	0	0	0	0	0	0	0	0	0	1	0	0	1	0	0	0	0	0	0	0	0	0	0	0	0	1	0	1	0	0	0	0	0	0	0	0	0	0	0	0	0	0	0	0	0	0	0	0	0	0	0	0	0	0	0	1	0	0	0	0	0	0	0	0	0	0	0	0	0	0	0	0	0	1	0	0	0	0	0	0	0	0	0	0	0	0	0	1	0	0	0	1	0	0	2	0	1	1	0	0	0	0	0	0	0	11	0	0	0	0	0	0	0	1	0	0	0	0	0	0	0	0	0	0	0	0	0	0	0	0	0	0	0	0	0	0	0	0	0	0	0	0	1	0	0	0	0	1	0	0	1	0	0	0	0	0	0	0	1	0	0	0	0	0	0	0	0	0	1	0	0	0	0	0	0	0	0	0	0	0	0	0	0	0	0	0	0	0	1	0	0	0	0
T[Del(C):R6]T	0	0	0	1	0	0	0	0	1	0	1	0	0	0	0	0	1	1	0	0	0	0	0	0	0	0	0	0	0	0	0	0	0	1	0	0	0	0	0	0	3	0	0	0	0	0	2	0	1	1	1	0	0	0	0	0	0	0	0	1	0	0	0	6	0	0	1	0	0	0	0	0	0	0	0	0	0	0	2	0	0	0	0	1	0	1	0	0	0	0	0	0	0	1	2	0	0	0	0	0	0	1	0	1	0	0	0	0	0	0	0	0	0	1	0	0	0	0	0	0	0	0	0	0	78	1	0	1	0	1	0	0	0	0	1	0	0	0	0	1	0	0	0	0	0	0	0	1	0	0	0	0	0	0	0	0	0	0	0	1	0	1	0	0	0	0	0	0	0	0	0	0	1	0	1	0	0	0	0	1	0	0	0	0	0	0	0	1	0	0	0	0	0	3	1	0	1	0	0	0	0	0	0	0	1	4	0	0	1	0	0	1	0	0	1	1	0	0	0	0	1	0	0	1	1	0	4	0	1	0	2	0	0	1	0	0	0	25	0	0	0	1	0	0	1	1	0	0	0	2	0	1	0	0	1	0	0	0	0	0	0	0	0	0	0	0	0	0	0	0	1	0	0	0	3	0	0	0	0	0	0	0	0	1	0	0	0	1	1	0	1	0	0	0	0	0	0	0	1	0	0	0	0	0	0	0	0	0	0	0	0	0	0	0	0	1	0	0	1	0	0	1	3	1	0
T[Del(C):R7]A	0	0	0	0	0	0	0	0	0	0	0	0	0	0	0	0	0	0	0	0	0	0	0	0	0	0	0	0	0	0	0	0	0	0	0	0	0	0	0	0	0	0	0	0	0	0	0	0	0	0	2	0	0	0	0	0	0	0	0	0	0	0	1	6	0	0	0	0	0	0	0	0	0	0	1	0	0	0	0	0	0	0	0	0	0	1	0	0	0	0	0	0	0	2	0	0	0	0	0	0	0	0	0	0	0	0	0	0	0	0	0	0	1	3	0	0	0	0	0	0	0	0	1	0	143	0	0	1	0	0	0	0	0	0	0	0	0	0	0	0	0	1	0	0	1	0	0	0	1	0	0	0	1	0	0	0	0	0	0	0	0	0	0	0	0	0	0	0	0	1	1	0	0	0	0	0	0	0	0	1	0	0	0	0	1	0	0	0	0	0	1	0	0	2	1	0	0	0	0	0	0	0	0	0	0	1	0	0	0	0	0	0	0	0	0	0	0	0	0	0	0	0	0	0	0	0	1	0	0	1	0	0	0	0	0	0	0	69	0	0	0	0	1	0	0	0	0	0	0	0	0	0	0	0	1	0	0	0	0	0	0	0	1	0	0	0	0	1	0	0	0	0	0	0	0	0	0	0	0	2	0	0	0	0	0	1	0	0	0	0	0	0	0	0	0	0	0	0	0	0	0	0	0	0	0	0	0	0	0	0	1	0	0	0	0	0	0	0	0	1	0	0	1	1	0
T[Del(C):R7]G	0	0	0	0	0	0	0	0	0	0	0	0	0	0	1	0	0	0	0	0	0	0	0	0	0	0	0	0	0	0	0	0	0	0	1	0	0	0	0	0	0	0	0	0	0	0	0	0	0	0	0	0	0	0	0	0	0	0	0	0	0	0	0	2	0	0	0	0	0	0	0	0	0	0	0	0	0	0	0	0	0	0	0	0	1	0	0	0	0	0	0	0	0	0	0	0	0	0	0	0	0	0	0	1	0	0	0	0	0	0	0	0	0	1	0	0	0	0	0	0	0	0	0	0	19	0	0	0	0	0	0	0	0	0	0	0	0	0	0	0	0	0	0	0	1	0	0	0	0	0	0	0	0	0	0	0	0	0	0	1	0	0	0	0	0	0	0	0	0	0	0	0	0	0	0	0	0	0	0	0	0	1	0	0	0	0	0	0	0	0	0	0	0	0	0	0	0	0	0	0	0	0	0	0	0	1	0	0	0	0	0	0	0	0	0	0	0	0	0	1	0	0	0	0	0	0	0	0	0	0	0	0	0	0	0	0	0	13	0	0	0	0	0	0	0	0	0	0	0	0	0	0	0	0	0	0	0	0	0	0	0	0	0	0	0	0	0	0	0	0	0	0	0	0	0	0	1	0	0	0	0	0	0	0	0	0	0	0	0	0	0	0	0	0	0	0	0	0	0	0	0	0	0	0	0	0	1	0	0	0	0	0	0	0	0	0	0	0	1	0	0	0	0	0	0
T[Del(C):R7]T	0	0	0	0	0	0	0	0	1	0	0	0	0	0	0	0	0	1	0	0	0	0	0	0	0	0	0	0	0	0	0	0	0	0	0	1	0	0	0	0	0	0	0	0	0	0	0	0	0	0	0	1	0	0	0	0	0	0	0	0	0	0	0	5	0	0	0	0	0	0	0	0	0	0	0	0	1	0	0	0	0	0	0	0	0	0	0	0	0	0	0	0	2	0	0	0	0	0	0	0	0	1	0	0	0	0	0	0	0	0	0	0	0	1	1	0	0	0	0	0	0	0	1	1	48	0	0	3	0	2	0	0	0	0	0	0	0	0	0	0	0	0	0	0	0	0	0	0	0	1	0	0	0	0	0	0	0	1	0	2	0	0	0	0	0	0	0	0	0	0	0	0	0	0	0	0	0	0	0	1	0	0	4	0	0	0	0	0	0	1	0	0	0	0	0	1	0	0	0	0	0	0	0	0	0	0	0	0	0	0	0	0	0	0	0	0	0	0	0	1	0	0	0	0	1	1	1	0	0	0	0	0	0	1	0	0	0	18	0	0	0	0	0	0	1	1	0	0	0	1	0	0	2	0	0	0	0	0	1	0	0	0	1	0	0	0	1	0	0	0	0	0	0	0	1	0	1	0	1	1	0	0	1	0	0	0	0	1	0	0	0	0	0	0	0	0	0	0	0	0	1	0	0	1	0	0	0	0	0	0	0	0	0	0	0	0	0	0	0	0	0	0	0	2	0
T[Del(C):R8]A	0	0	0	0	0	1	0	0	0	0	0	0	0	1	0	0	0	0	0	1	0	0	0	0	0	0	0	0	0	0	0	0	0	0	0	0	1	0	0	0	0	0	0	0	0	1	0	0	0	0	1	0	0	0	0	0	0	0	0	0	0	0	0	4	0	0	0	0	1	0	1	1	0	0	0	0	0	0	0	0	0	0	0	0	0	0	0	0	0	0	0	0	0	0	0	0	0	0	0	0	0	0	0	0	0	0	0	0	0	0	0	0	0	0	0	0	0	0	1	0	0	0	0	0	125	0	0	1	0	0	0	0	0	0	0	0	0	0	1	0	0	0	0	0	2	0	0	0	0	0	0	0	0	0	0	0	0	1	0	1	0	0	0	0	0	0	0	0	0	0	0	0	0	0	0	0	0	0	0	0	0	0	0	0	0	0	0	0	0	0	0	0	0	1	1	0	0	0	0	0	0	0	0	0	0	1	0	0	0	0	0	0	0	0	1	0	0	0	1	0	0	0	0	0	0	0	3	0	0	0	0	0	0	0	0	0	0	33	0	0	0	0	1	0	0	0	0	0	0	0	0	0	0	0	0	0	0	0	0	0	0	0	0	0	0	0	0	0	0	0	0	0	0	0	0	0	0	0	0	0	0	0	0	0	0	0	0	0	0	0	0	0	0	0	0	0	0	0	0	0	1	0	0	0	0	0	1	0	0	0	0	0	0	0	0	0	0	0	0	0	0	0	0	0	0
T[Del(C):R8]G	0	0	0	0	0	0	0	0	0	0	0	0	0	0	0	0	0	0	0	0	0	0	0	0	0	0	0	0	0	0	0	0	0	0	0	0	0	0	0	0	0	0	0	0	0	0	0	0	0	0	0	0	0	0	0	0	0	0	0	0	0	0	0	1	0	0	0	0	0	0	0	0	0	0	0	0	0	0	0	0	0	0	0	0	0	0	0	0	0	0	0	0	0	0	0	0	0	0	0	0	0	0	0	0	0	0	0	0	0	0	0	0	0	0	0	0	0	0	0	0	0	0	0	0	16	0	0	0	0	0	0	0	0	0	0	0	0	0	0	0	0	0	0	0	0	0	0	0	0	0	0	0	0	0	0	0	0	0	0	0	0	0	0	0	0	0	0	0	0	0	0	0	0	0	0	0	0	0	0	0	0	0	0	0	0	0	0	0	0	0	0	0	0	0	0	0	0	0	0	0	0	0	0	0	0	0	0	0	0	0	0	0	0	0	0	0	0	0	0	0	0	0	0	0	0	0	0	0	0	0	0	0	0	0	0	0	0	7	0	0	0	0	0	0	0	0	0	0	0	0	0	1	0	0	0	0	0	0	0	0	0	0	0	0	0	0	0	0	0	0	0	0	0	0	0	0	0	0	0	0	0	0	0	0	0	0	0	0	0	0	0	0	0	0	0	0	0	0	0	0	0	0	0	0	0	0	0	0	0	0	0	0	0	0	0	0	0	0	0	0	0	0	0	0	0
T[Del(C):R8]T	0	0	0	0	0	0	0	0	0	0	0	0	0	0	0	0	0	0	0	0	0	0	0	0	0	0	0	0	0	0	0	0	0	0	0	0	0	0	0	0	0	0	0	0	0	0	0	0	0	0	0	0	1	0	0	0	0	0	0	0	0	0	0	0	0	0	0	0	0	0	0	0	0	0	0	0	0	0	0	0	0	0	0	0	0	0	0	0	0	0	0	0	0	0	0	0	0	0	0	0	0	0	0	0	0	0	0	0	0	0	0	0	0	0	0	0	0	0	0	0	0	0	0	0	37	0	0	2	0	0	0	0	0	0	0	0	0	0	0	0	0	0	0	0	0	0	0	0	0	0	0	0	0	0	0	0	0	0	0	0	0	0	0	0	0	0	1	0	0	0	0	0	0	0	0	0	1	0	0	0	0	0	1	1	0	0	0	0	1	1	0	0	0	0	0	0	0	0	0	0	0	0	0	0	0	0	0	0	0	0	0	0	0	0	0	0	0	0	0	0	0	0	1	0	0	0	0	0	0	0	0	0	0	0	0	0	0	13	0	0	0	0	0	0	0	0	0	0	0	0	0	0	0	0	0	0	0	0	0	0	0	0	0	0	0	0	0	0	0	0	0	0	0	0	0	0	0	0	0	0	0	0	0	0	0	0	0	0	0	0	0	0	0	0	0	0	0	0	1	0	1	0	0	0	0	0	0	0	0	0	0	0	0	0	0	0	0	0	1	0	0	0	0	0	0
T[Del(C):R(9,)]A	0	0	0	0	0	0	0	0	0	0	0	0	0	0	0	0	0	0	0	0	0	0	0	0	0	0	0	0	0	0	0	0	0	0	0	0	0	0	0	0	0	0	0	0	0	0	0	0	0	0	0	0	0	0	0	0	0	0	0	0	0	0	0	0	0	0	0	0	0	0	0	0	0	0	0	0	0	0	0	0	0	0	0	0	0	0	0	0	0	0	0	0	0	0	0	0	0	0	0	0	0	0	0	0	0	0	0	0	0	0	0	0	0	0	0	0	0	0	0	0	0	0	0	0	0	0	0	0	0	0	0	0	0	0	0	0	0	0	0	0	0	0	0	0	0	0	0	0	0	0	0	0	0	0	0	0	0	0	0	0	0	0	0	0	0	0	0	0	0	0	0	0	0	0	0	0	0	0	0	0	0	0	0	0	0	0	0	0	0	0	0	0	0	0	0	0	0	0	0	0	0	0	0	0	0	0	0	0	0	0	0	0	0	0	0	0	0	0	0	0	0	0	0	0	0	0	0	0	0	0	0	0	0	0	0	0	0	0	0	0	0	0	0	0	0	0	0	0	0	0	0	0	0	0	0	0	0	0	0	0	0	0	0	0	0	0	0	0	0	0	0	0	0	0	0	0	0	0	0	0	0	0	0	0	0	0	0	0	0	0	0	0	0	0	0	0	0	0	0	0	0	0	0	0	0	0	0	0	0	0	0	0	0	0	0	0	0	0	0	0	0	0	0	0	0
T[Del(C):R(9,)]G	0	0	0	0	0	0	0	0	0	0	0	0	0	0	0	0	0	0	0	0	0	0	0	0	0	0	0	0	0	0	0	0	0	0	0	0	0	0	0	0	0	0	0	0	0	0	0	0	0	0	0	0	0	0	0	0	0	0	0	0	0	0	0	0	0	0	0	0	0	0	0	0	0	0	0	0	0	0	0	0	0	0	0	0	0	0	0	0	0	0	0	0	0	0	0	0	0	0	0	0	0	0	0	0	0	0	0	0	0	0	0	0	0	0	0	0	0	0	0	0	0	0	0	0	0	0	0	0	0	0	0	0	0	0	0	0	0	0	0	0	0	0	0	0	0	0	0	0	0	0	0	0	0	0	0	0	0	0	0	0	0	0	0	0	0	0	0	0	0	0	0	0	0	0	0	0	0	0	0	0	0	0	0	0	0	0	0	0	0	0	0	0	0	0	0	0	0	0	0	0	0	0	0	0	0	0	0	0	0	0	0	0	0	0	0	0	0	0	0	0	0	0	0	0	0	0	0	0	0	0	0	0	0	0	0	0	0	0	0	0	0	0	0	0	0	0	0	0	0	0	0	0	0	0	0	0	0	0	0	0	0	0	0	0	0	0	0	0	0	0	0	0	0	0	0	0	0	0	0	0	0	0	0	0	0	0	0	0	0	0	0	0	0	0	0	0	0	0	0	0	0	0	0	0	0	0	0	0	0	0	0	0	0	0	0	0	0	0	0	0	0	0	0	0	0
T[Del(C):R(9,)]T	0	0	0	0	0	0	0	0	0	0	0	0	0	0	0	0	0	0	0	0	0	0	0	0	0	0	0	0	0	0	0	0	0	0	0	0	0	0	0	0	0	0	0	0	0	0	0	0	0	0	0	0	0	0	0	0	0	0	0	0	0	0	0	0	0	0	0	0	0	0	0	0	0	0	0	0	0	0	0	0	0	0	0	0	0	0	0	0	0	0	0	0	0	0	0	0	0	0	0	0	0	0	0	0	0	0	0	0	0	0	0	0	0	0	0	0	0	0	0	0	0	0	0	0	0	0	0	0	0	0	0	0	0	0	0	0	0	0	0	0	0	0	0	0	0	0	0	0	0	0	0	0	0	0	0	0	0	0	0	0	0	0	0	0	0	0	0	0	0	0	0	0	0	0	0	0	0	0	0	0	0	0	0	0	0	0	0	0	0	0	0	0	0	0	0	0	0	0	0	0	0	0	0	0	0	0	0	0	0	0	0	0	0	0	0	0	0	0	0	0	0	0	0	0	0	0	0	0	0	0	0	0	0	0	0	0	0	0	0	0	0	0	0	0	0	0	0	0	0	0	0	0	0	0	0	0	0	0	0	0	0	0	0	0	0	0	0	0	0	0	0	0	0	0	0	0	0	0	0	0	0	0	0	0	0	0	0	0	0	0	0	0	0	0	0	0	0	0	0	0	0	0	0	0	0	0	0	0	0	0	0	0	0	0	0	0	0	0	0	0	0	0	0	0	0
A[Del(T):R1]A	8	1	2	5	2	2	7	2	8	3	10	1	8	3	2	3	4	4	6	3	4	4	4	4	1	10	8	4	10	2	2	1	3	11	5	5	6	2	5	7	9	2	1	7	8	3	18	3	9	3	12	3	4	4	7	3	1	5	7	7	4	2	9	13	6	6	5	5	2	2	3	6	5	2	16	2	3	1	59	2	2	7	7	4	12	3	5	4	7	3	5	1	11	51	9	2	1	1	1	2	8	13	0	5	10	3	0	9	3	2	5	4	2	13	5	7	0	2	6	4	16	1	11	3	138	8	5	8	0	2	20	8	2	8	3	19	5	8	7	6	4	7	4	2	10	10	3	1	1	3	11	6	16	10	10	4	5	19	2	19	5	11	3	1	4	4	11	107	9	5	2	3	3	1	2	2	2	2	2	44	3	10	11	3	23	10	8	10	2	6	14	6	7	6	11	5	10	0	1	6	1	2	5	2	0	24	2	3	6	4	8	11	5	4	14	12	3	4	6	21	17	5	12	4	4	0	31	5	2	23	2	2	2	7	8	1	2	20	3	2	4	10	6	4	8	8	10	7	1	14	5	7	5	5	19	3	2	1	5	6	1	3	2	0	10	2	1	8	3	2	10	21	12	2	26	1	21	13	10	15	4	1	4	6	3	2	12	7	2	10	10	3	3	0	0	1	0	6	1	2	17	5	8	1	3	4	2	7	6	3	5	5	2	2	3	2	5	7	18	6	30	12	18	5	1
A[Del(T):R1]C	3	0	1	1	1	0	2	2	4	1	3	0	3	0	0	0	0	3	1	1	0	0	0	0	2	0	2	1	1	0	1	0	3	3	0	1	1	1	1	0	3	1	0	2	3	1	10	0	4	2	6	0	1	4	2	1	1	0	2	0	1	0	1	0	0	2	0	3	0	2	0	0	0	0	1	0	2	0	15	2	1	2	0	0	2	1	2	1	0	1	3	1	2	8	0	2	3	0	0	2	1	4	0	4	1	0	1	0	0	0	0	1	0	3	4	2	1	0	1	1	2	0	4	2	19	1	1	1	1	0	5	2	1	1	2	2	2	2	0	4	1	1	2	0	5	1	0	0	0	1	4	1	1	1	2	0	7	4	0	9	2	2	1	0	0	1	0	1	3	1	1	1	0	0	2	0	1	1	1	9	1	1	4	1	0	2	2	6	0	0	1	0	1	10	6	3	3	2	0	1	0	0	1	5	0	6	3	1	2	3	1	1	0	2	10	3	1	1	7	5	2	2	2	3	3	0	2	0	1	7	2	1	1	5	1	1	0	2	0	0	1	5	1	1	4	3	6	4	0	4	0	2	1	1	3	1	0	2	1	2	0	0	1	2	1	0	0	1	0	0	1	5	0	0	11	1	4	1	3	5	2	0	2	1	0	1	2	6	1	0	1	0	1	1	1	1	0	0	1	3	2	1	3	2	1	2	1	1	1	0	1	1	2	1	0	0	2	3	10	1	7	1	8	3	1
A[Del(T):R1]G	1	1	0	2	7	1	1	0	2	0	4	1	4	4	1	1	1	3	2	4	0	2	1	2	3	1	0	1	3	0	0	1	0	3	0	2	1	1	0	0	2	0	0	0	4	2	8	1	2	3	9	1	0	1	2	0	2	1	0	2	0	0	5	8	2	2	5	6	1	2	1	0	3	0	3	4	2	0	12	2	0	2	0	1	3	2	1	3	0	3	3	0	4	20	1	1	1	0	1	3	2	2	2	6	3	1	2	2	1	2	0	1	3	6	0	0	0	1	1	0	7	2	1	4	21	4	2	2	0	1	6	1	0	1	2	7	3	1	2	4	2	8	3	1	0	2	0	1	3	1	6	1	3	1	5	4	8	5	1	7	4	3	1	2	2	2	3	5	4	0	3	0	0	0	1	0	1	1	1	19	2	4	9	1	4	8	1	1	0	0	8	3	2	1	10	4	2	1	0	3	1	1	1	0	1	8	0	1	2	1	3	4	2	2	5	2	2	4	4	6	5	3	8	2	2	1	10	0	0	10	3	2	2	2	2	2	0	4	1	0	0	3	1	5	2	3	3	7	1	6	0	2	2	2	5	3	0	2	1	1	0	3	1	2	1	4	2	2	3	2	3	6	5	0	10	0	12	1	2	4	2	1	1	0	0	0	9	5	2	1	2	4	2	0	1	0	2	3	2	0	4	2	4	3	0	2	2	3	0	1	2	2	0	0	2	0	0	3	4	4	10	4	7	1	1
A[Del(T):R2]A	56	25	7	63	37	21	58	2	108	15	70	0	34	23	20	0	65	25	8	64	0	26	58	26	10	68	78	50	168	0	8	0	17	102	2	86	29	0	33	27	173	20	11	60	169	24	153	5	19	31	134	62	3	42	44	27	22	1	80	57	1	0	59	83	71	88	5	83	26	48	2	50	108	12	275	4	2	0	782	25	26	63	22	24	109	30	25	29	39	2	38	23	1	589	34	6	5	4	2	10	128	51	0	83	63	42	0	39	5	20	14	27	19	38	68	62	1	39	24	17	194	1	43	100	248	57	18	91	2	1	129	121	9	55	13	262	59	140	38	26	14	131	65	17	90	33	0	1	36	15	112	110	279	36	80	35	8	214	1	198	37	81	8	19	37	70	96	15	105	45	67	44	1	1	1	15	30	42	50	459	17	48	277	2	144	98	50	45	2	21	109	5	4	0	134	5	96	22	10	42	0	23	31	6	32	4	44	34	50	43	152	60	12	45	161	112	23	63	166	231	202	28	39	45	57	16	6	23	34	359	24	1	4	168	75	1	0	17	32	3	7	177	49	78	105	1	105	135	7	205	51	74	71	5	219	1	2	1	39	55	20	14	19	1	34	50	7	86	0	1	91	167	136	11	145	1	230	193	132	62	50	0	102	39	19	12	84	27	30	30	179	6	51	0	14	1	8	112	2	28	53	23	72	2	25	3	21	153	76	1	44	81	0	26	21	1	16	36	203	55	166	116	231	51	0
A[Del(T):R2]C	3	1	0	0	2	2	1	1	4	0	1	0	1	1	2	0	3	0	0	2	1	0	2	1	1	2	1	1	2	1	2	0	2	3	1	0	2	1	3	0	4	0	0	3	2	1	8	1	3	1	7	4	0	0	2	0	0	0	0	1	0	0	3	4	3	0	2	6	1	1	0	1	1	2	1	0	1	0	19	0	0	3	0	1	7	1	0	0	1	1	2	0	3	12	3	1	1	1	1	2	2	1	0	3	0	4	0	1	1	0	1	2	0	3	2	0	2	0	1	5	3	0	2	2	13	2	1	4	0	3	5	4	0	0	4	6	1	1	1	2	0	0	3	1	5	1	3	0	1	1	4	1	1	0	4	2	4	2	0	7	1	0	0	1	0	3	3	1	4	1	0	0	1	1	2	1	1	0	0	17	1	4	5	0	4	4	0	1	0	0	2	0	0	1	6	2	4	0	0	1	0	5	0	4	0	2	1	2	2	0	0	3	2	4	8	0	4	1	1	3	8	0	7	4	2	0	3	1	4	8	2	0	0	3	2	0	1	5	2	0	2	2	4	3	4	0	4	0	0	2	2	3	0	1	2	0	2	1	2	1	1	0	2	1	3	1	0	3	1	1	6	3	3	1	9	1	6	4	4	5	2	0	1	1	0	0	5	1	0	4	1	1	0	0	1	0	0	1	2	1	6	0	0	1	2	0	1	0	2	1	0	0	0	1	0	1	0	1	6	0	12	7	2	3	1
A[Del(T):R2]G	3	0	0	1	2	0	0	0	2	2	2	0	0	2	1	0	0	2	0	1	1	0	1	4	1	0	1	1	2	0	0	2	0	2	1	2	0	0	0	1	3	1	0	0	2	1	4	1	3	0	1	3	0	1	0	0	2	1	1	0	0	0	0	4	1	0	1	0	1	0	0	0	1	0	3	2	0	0	17	0	0	3	1	2	0	0	0	1	0	0	2	0	3	4	0	1	0	1	0	2	1	1	0	1	1	0	0	1	1	1	0	0	1	3	1	1	0	0	1	1	1	0	0	0	17	1	0	3	0	2	5	1	0	1	0	4	1	1	2	0	1	5	3	1	3	2	2	0	4	1	1	3	3	1	4	0	3	4	0	7	0	2	1	1	0	1	2	7	0	1	0	0	0	0	0	0	0	0	0	10	3	3	3	0	2	2	0	2	1	0	2	0	0	1	1	0	3	0	1	2	0	0	1	2	0	9	0	0	0	4	0	1	1	0	7	2	0	0	4	1	1	1	2	1	1	1	8	2	2	8	3	0	0	2	0	2	0	6	0	0	0	2	0	3	1	1	1	3	0	5	0	0	1	0	2	1	0	0	0	2	0	0	0	0	2	1	0	3	0	0	0	0	2	1	6	1	8	3	3	3	1	0	2	1	0	0	6	3	0	2	2	2	0	0	2	1	0	3	1	0	5	0	3	0	0	1	1	0	2	1	1	0	0	2	1	0	1	2	1	1	10	4	2	3	0
A[Del(T):R3]A	8	1	0	3	1	0	5	7	7	2	6	0	0	0	4	0	2	5	0	2	1	0	2	5	2	1	4	4	4	0	1	0	3	5	3	7	2	1	3	0	9	0	0	7	4	2	13	1	5	4	7	0	3	1	1	3	2	0	6	5	0	1	1	7	5	6	1	5	3	1	1	3	6	1	7	2	1	1	36	0	3	6	1	3	11	1	2	3	2	1	9	0	2	30	3	1	1	1	0	1	11	5	2	1	8	2	0	2	2	0	2	2	1	6	6	2	2	2	2	5	16	2	3	5	34	6	1	11	0	0	14	3	0	3	1	8	2	4	5	2	1	8	2	1	12	1	1	0	4	2	7	9	8	3	5	2	8	15	2	16	0	5	1	1	3	2	4	8	6	1	1	2	3	4	1	1	3	0	2	24	1	6	18	2	10	6	5	2	1	0	11	5	6	4	7	2	8	1	0	3	2	7	3	0	3	6	7	7	5	1	5	7	2	2	10	5	7	5	15	5	12	2	8	3	1	3	11	2	5	20	3	3	1	10	3	2	0	10	3	1	1	5	5	6	7	2	5	9	1	11	3	11	6	1	7	5	0	0	2	1	0	0	0	2	2	5	0	3	1	1	5	7	8	0	10	0	17	11	8	10	5	0	4	3	0	1	6	5	3	3	8	2	2	0	5	0	0	6	0	4	8	2	3	0	1	3	2	5	2	1	3	2	0	0	1	2	1	6	10	0	16	7	11	3	0
A[Del(T):R3]C	0	1	0	0	0	0	1	1	4	0	3	1	0	2	2	0	1	1	0	0	0	1	1	0	1	2	0	0	3	0	1	1	0	1	1	0	1	0	0	2	1	0	0	0	2	0	3	0	0	0	2	3	0	0	0	0	0	0	0	2	1	0	1	3	0	0	1	3	1	0	0	1	0	0	4	2	0	0	7	1	0	3	2	1	1	2	0	1	4	0	4	0	2	7	0	0	1	0	0	0	1	1	0	0	1	1	0	1	0	1	0	2	1	0	0	1	0	1	0	2	1	1	1	1	21	0	2	2	0	0	4	0	0	3	1	4	0	3	1	3	1	4	0	1	2	1	1	0	5	0	8	1	4	0	1	2	3	4	0	5	0	1	1	0	0	2	1	0	2	2	1	0	1	0	1	0	2	2	0	9	3	1	8	0	0	3	1	1	1	2	4	3	3	2	2	2	2	0	0	1	1	1	1	1	2	3	2	0	2	1	1	2	0	1	4	3	1	2	3	3	2	0	7	3	2	1	1	0	3	8	2	2	1	3	0	0	0	3	1	0	1	4	2	0	3	1	2	5	1	0	2	1	2	0	0	1	0	0	0	1	0	0	0	1	1	1	0	1	2	0	3	5	4	1	4	0	6	3	1	7	1	1	3	0	0	3	2	1	0	2	0	2	0	1	2	1	0	2	0	0	2	2	1	0	3	0	2	0	1	0	0	3	1	2	1	0	2	3	4	0	6	3	3	1	0
A[Del(T):R3]G	2	0	0	1	0	0	2	1	4	0	0	0	2	4	0	1	2	4	1	2	1	1	0	0	0	1	1	1	1	0	1	0	0	2	0	0	1	0	2	0	3	1	0	0	2	0	5	0	1	1	1	1	0	0	0	0	0	0	0	0	1	0	1	2	0	0	1	2	2	1	0	0	1	1	0	1	0	1	5	0	1	0	0	0	3	1	0	1	1	0	1	0	0	14	1	1	0	0	0	0	1	2	0	3	4	2	1	1	0	1	1	1	0	3	0	0	0	0	1	0	0	1	2	5	11	2	0	1	0	1	2	2	0	1	1	5	1	3	0	3	0	3	2	2	0	1	0	0	2	3	3	1	1	0	2	2	5	3	0	7	0	1	1	2	0	2	5	2	2	1	3	1	0	1	0	0	0	2	0	4	2	2	5	0	1	2	1	3	0	0	3	1	1	4	1	0	1	0	0	1	1	0	0	0	1	5	2	0	1	0	3	3	0	1	5	2	0	0	4	2	4	0	2	3	0	0	6	1	1	6	2	0	0	2	1	0	0	4	0	0	2	1	3	3	3	2	2	0	0	4	0	1	2	0	4	4	1	0	1	2	0	0	0	0	2	4	1	2	0	0	1	4	3	0	5	0	4	2	2	3	0	0	2	0	0	1	3	4	1	2	3	0	1	0	0	0	0	2	2	1	3	1	1	2	1	2	0	3	1	2	2	0	0	1	1	1	1	2	1	0	5	2	0	1	1
A[Del(T):R4]A	12	0	1	15	3	4	11	1	13	2	13	1	3	3	7	0	6	7	0	5	0	5	14	2	1	6	9	6	13	0	4	0	2	17	2	9	5	0	7	2	27	2	0	5	20	3	14	2	3	4	26	11	3	5	6	4	2	2	7	8	1	0	6	21	7	5	1	7	5	6	2	11	9	3	27	2	2	0	89	0	4	14	5	3	6	8	1	6	5	2	8	2	1	68	5	3	0	2	2	1	17	7	1	4	8	9	0	9	2	2	7	6	3	8	7	15	0	3	10	8	18	2	8	13	72	6	4	10	2	3	22	12	0	7	1	32	6	12	5	3	6	13	4	1	9	7	0	0	3	3	18	10	28	3	10	6	4	28	0	24	10	18	2	3	3	11	11	4	17	4	10	5	4	0	0	3	1	5	3	62	5	7	34	5	26	11	4	4	2	2	11	2	1	4	25	3	6	3	2	5	0	1	5	0	1	7	6	4	8	7	16	7	2	7	20	17	1	7	19	36	21	7	13	10	7	1	3	3	5	30	2	2	0	23	14	0	0	23	4	0	4	17	6	7	13	13	11	13	0	30	4	9	8	2	24	2	0	2	2	12	1	0	4	0	7	8	1	13	0	1	16	21	21	0	27	0	34	18	24	20	6	1	8	8	4	0	12	13	6	7	12	3	9	0	2	0	0	16	0	2	11	2	10	0	2	3	6	18	9	0	5	7	0	2	3	1	4	2	33	12	22	14	28	10	1
A[Del(T):R4]C	2	1	1	0	0	0	3	1	3	0	1	1	0	0	3	0	1	5	0	1	0	0	0	1	1	2	0	0	0	0	2	1	1	2	1	0	1	1	1	2	1	2	2	0	1	1	5	0	1	0	1	0	1	0	2	1	0	0	2	1	0	0	1	8	2	2	1	3	1	0	2	0	1	0	4	2	1	0	8	1	1	1	2	0	2	3	0	3	0	0	2	0	5	11	1	0	0	0	0	0	2	3	0	1	2	1	0	2	0	0	1	1	1	4	1	1	0	0	0	0	2	0	1	2	35	2	0	4	1	1	2	1	0	1	0	1	3	1	1	4	2	1	0	1	3	0	1	0	2	1	6	0	4	2	1	3	5	2	0	3	2	0	1	1	0	1	2	1	2	2	1	0	0	2	0	0	0	0	0	9	1	1	6	1	2	5	1	0	0	0	1	3	3	1	1	1	3	0	2	1	0	1	0	0	0	3	2	0	0	0	2	3	0	2	4	1	1	1	4	4	2	2	1	3	0	2	5	0	0	6	1	2	0	2	0	0	0	23	1	0	3	2	1	2	3	0	4	3	1	4	4	2	1	0	5	0	0	1	0	2	1	1	1	1	2	2	0	0	0	1	0	3	0	0	8	0	3	3	0	4	1	0	1	1	0	0	1	5	0	3	3	0	2	0	1	0	0	4	0	1	2	1	2	0	0	0	2	2	0	0	1	1	0	1	0	0	1	2	1	3	2	1	1	1	1
A[Del(T):R4]G	6	0	0	2	2	0	0	0	1	1	3	1	2	1	1	0	0	0	0	1	0	1	0	4	0	1	0	0	1	0	1	0	1	3	0	3	1	0	0	0	2	1	0	1	1	0	3	2	0	0	5	0	0	3	2	2	0	0	1	2	1	0	1	7	0	2	1	5	0	0	1	1	1	0	4	0	0	0	9	0	2	1	1	0	2	2	1	3	0	2	2	0	1	8	0	1	2	0	0	1	0	2	0	1	3	4	0	3	2	1	0	2	1	3	1	2	0	2	1	1	2	3	1	1	28	2	0	2	0	1	2	4	0	1	1	4	1	0	0	1	1	2	2	0	2	0	0	1	1	0	4	3	4	0	1	2	3	4	0	6	0	1	1	2	1	1	2	4	2	1	1	2	0	0	0	0	1	0	2	5	0	2	7	0	2	4	0	1	0	1	4	1	1	2	5	2	2	1	0	2	0	1	0	0	0	12	1	1	1	2	3	3	1	1	5	0	1	0	7	4	1	1	1	1	1	1	13	1	1	2	3	0	0	4	2	0	0	11	2	0	1	6	0	2	1	2	1	2	0	4	2	1	1	0	1	2	0	0	0	1	0	1	2	0	1	1	1	0	0	1	1	3	0	0	9	0	2	0	0	0	0	0	3	0	0	3	4	1	1	1	1	0	2	1	2	0	0	1	1	0	3	1	1	2	0	0	1	3	1	0	0	1	0	1	0	2	3	3	1	2	5	3	1	0	1
A[Del(T):R5]A	9	2	0	3	3	0	8	2	0	2	5	0	2	2	1	0	5	4	2	10	0	3	4	4	2	7	3	6	7	0	2	0	0	3	3	8	2	0	2	1	9	0	0	3	7	4	15	0	4	3	14	4	0	4	2	2	6	3	8	6	2	0	2	30	5	9	1	7	2	2	2	5	6	1	7	2	2	1	56	0	2	2	1	2	6	3	0	3	6	0	8	2	2	34	4	3	1	0	1	0	9	2	0	7	4	0	0	2	0	5	3	2	1	8	7	8	0	1	3	3	13	2	4	6	238	7	1	12	0	0	13	5	4	5	4	23	4	13	1	5	3	10	3	2	27	4	1	1	4	2	7	3	7	3	3	4	6	14	0	19	4	3	1	1	2	10	11	5	11	3	10	3	1	0	0	2	1	1	6	40	1	2	30	0	17	7	5	3	2	3	9	6	5	7	12	4	9	2	0	6	0	4	2	0	0	3	0	3	4	5	12	9	0	2	14	13	4	4	11	13	18	5	5	6	5	1	3	1	6	29	1	2	0	9	10	0	0	139	2	1	2	11	2	4	0	11	8	8	0	16	1	13	2	1	12	3	1	1	2	6	2	1	3	1	5	8	0	6	2	0	4	18	6	2	18	0	27	15	5	12	3	0	2	2	5	3	8	3	1	5	7	3	5	0	1	0	0	8	2	2	13	1	7	1	1	6	4	12	4	0	5	6	0	1	5	0	5	8	17	3	12	9	13	10	1
A[Del(T):R5]C	1	1	1	1	0	0	0	0	3	0	0	0	0	0	2	1	0	1	0	0	0	0	0	1	0	2	0	2	1	0	0	0	1	1	1	5	0	0	1	0	2	1	1	0	3	0	5	0	0	0	6	1	1	1	0	3	0	1	1	1	1	0	2	15	2	4	1	2	2	0	0	1	1	1	3	2	1	0	6	0	3	1	0	1	5	1	0	0	2	0	0	0	1	2	1	0	1	0	0	0	2	1	1	1	1	0	0	0	0	0	0	1	0	5	0	0	0	1	0	0	0	0	2	0	83	1	0	2	1	0	8	1	0	1	1	6	0	1	0	0	0	1	1	1	4	0	0	1	0	0	1	4	3	2	1	0	1	3	0	6	0	1	0	0	0	1	2	0	1	2	1	2	0	1	0	0	2	1	0	5	1	2	8	0	0	0	0	0	1	0	2	3	3	3	5	1	2	0	0	2	0	0	1	0	2	2	1	0	0	0	1	1	0	2	4	3	0	0	3	0	2	0	1	3	0	1	1	1	4	2	0	2	0	0	3	0	1	50	2	1	1	2	0	1	3	3	2	2	1	8	1	1	1	0	3	0	1	0	1	1	0	0	0	1	2	1	1	2	0	0	1	2	2	0	6	0	3	1	0	2	3	1	1	1	0	0	6	1	1	3	1	1	0	0	0	0	0	2	2	0	4	0	0	0	1	0	4	1	0	0	0	1	0	1	0	3	2	0	1	0	3	1	1	3	1
A[Del(T):R5]G	1	0	0	1	0	2	2	2	0	0	0	0	0	2	2	1	1	3	0	1	0	0	0	0	0	4	0	0	1	0	1	0	1	1	3	0	2	0	1	2	3	0	0	0	0	0	3	1	2	1	3	0	1	1	0	1	1	0	0	1	1	0	0	13	1	1	3	1	0	2	1	3	1	1	0	1	3	2	4	2	1	2	0	1	3	5	2	2	2	0	0	0	4	8	1	1	2	0	0	1	0	0	1	0	2	1	0	1	1	0	0	0	3	5	0	2	1	0	1	0	3	1	0	0	85	3	0	1	1	1	3	4	0	0	2	2	2	1	1	2	0	3	0	1	4	0	1	0	0	0	2	0	0	4	2	1	5	3	1	4	2	2	0	0	2	1	1	2	2	2	2	2	0	1	0	1	0	0	0	3	0	1	8	1	3	0	1	2	0	1	1	4	4	2	3	3	2	0	0	2	0	3	0	3	0	7	2	1	0	0	2	3	0	0	2	3	4	0	2	1	2	1	8	1	2	0	5	1	1	4	0	2	1	0	0	0	0	62	0	0	1	5	2	2	0	3	0	1	1	3	2	0	2	1	1	3	0	0	1	0	0	3	2	0	0	1	2	2	0	1	1	1	0	1	4	0	4	1	1	4	1	0	1	2	1	2	3	5	1	0	4	0	0	0	1	0	0	2	1	0	8	2	1	2	2	2	1	2	1	1	0	1	0	1	0	1	0	2	1	1	7	2	0	1	0
A[Del(T):R6]A	4	2	1	5	4	0	5	0	4	1	3	0	4	1	2	0	5	3	1	4	0	4	1	3	1	7	4	1	1	1	1	0	1	7	3	3	2	0	2	4	4	0	0	4	7	1	8	4	1	2	11	2	2	7	2	2	0	1	4	4	0	0	3	47	2	3	5	5	3	2	1	4	4	3	6	1	2	0	29	2	2	5	5	1	8	4	3	2	2	3	5	4	9	23	3	0	3	1	0	6	6	3	1	10	3	5	1	1	4	3	5	3	1	6	4	4	0	2	2	2	9	2	5	1	428	6	2	6	0	2	10	6	1	4	1	10	0	5	1	3	0	5	4	1	38	2	0	1	1	1	6	6	5	1	3	0	1	3	0	7	3	4	0	0	2	5	9	0	3	1	2	3	0	0	1	1	2	2	3	19	1	1	24	2	5	9	2	5	0	2	9	7	5	9	11	0	5	0	2	5	0	1	2	3	1	0	0	3	2	0	6	9	0	0	5	8	1	1	10	14	8	6	6	4	0	2	10	6	4	15	2	3	0	7	5	0	1	276	1	0	1	5	0	1	4	24	0	4	2	8	2	5	2	2	11	4	0	1	0	0	1	0	3	0	6	7	2	4	1	1	4	14	6	2	31	1	20	7	3	25	2	1	3	3	2	4	8	3	3	6	10	1	3	0	2	1	1	3	6	1	11	3	2	1	8	5	3	6	4	1	3	3	1	3	3	1	0	3	14	2	12	4	3	9	1
A[Del(T):R6]C	0	0	1	0	2	0	0	1	6	0	0	0	2	1	0	0	0	5	0	0	0	0	2	0	0	0	1	1	2	1	0	0	1	1	2	0	0	0	1	0	1	0	0	0	0	1	1	2	2	2	0	2	1	2	0	0	0	0	0	0	1	0	0	35	2	0	1	1	1	4	0	0	0	1	4	1	1	0	6	1	1	2	0	0	2	2	0	0	2	1	2	0	2	8	1	2	2	1	1	2	1	0	0	2	2	2	0	4	2	2	1	0	1	6	0	1	0	0	1	0	0	1	2	1	120	3	1	3	0	2	4	1	0	0	2	2	2	1	1	2	0	0	3	0	14	1	1	1	1	0	1	1	4	2	4	1	1	3	0	1	0	0	0	0	0	2	1	0	3	2	0	2	0	0	2	0	1	2	1	5	0	2	5	1	1	3	0	1	1	0	2	5	6	4	0	1	1	1	0	2	0	1	1	0	0	3	3	1	0	0	2	2	0	2	1	3	1	1	2	0	1	3	2	2	0	0	1	1	1	2	1	5	0	2	3	1	1	65	2	0	0	1	1	1	5	7	1	1	0	2	1	0	1	1	0	1	2	0	0	0	1	0	1	1	1	1	0	2	1	0	0	5	1	1	10	0	3	2	2	11	0	0	2	0	0	2	5	7	0	1	3	0	2	0	2	0	0	2	0	0	6	4	1	1	1	1	0	2	1	1	1	0	0	0	0	1	0	6	1	1	4	2	3	3	1
A[Del(T):R6]G	2	1	0	1	1	1	1	2	3	2	0	0	0	2	0	0	2	2	0	1	1	1	1	0	2	0	1	3	0	0	0	0	0	3	3	2	1	1	1	1	1	1	0	1	4	1	6	1	2	0	1	0	0	1	1	1	1	0	1	0	3	0	1	40	0	1	2	0	1	0	1	0	1	0	0	0	0	0	8	2	0	0	0	2	0	2	0	0	1	0	1	1	2	4	1	1	0	0	0	4	2	1	0	3	0	1	1	2	1	0	2	1	1	6	0	2	1	0	1	0	1	0	2	1	166	0	1	2	0	1	2	1	0	2	1	0	3	2	1	0	3	1	1	1	13	1	0	1	0	0	4	2	0	1	1	1	3	1	0	3	2	1	0	0	1	0	2	1	1	1	1	0	0	0	1	0	1	1	0	2	0	2	10	1	0	1	1	1	0	2	2	3	2	6	1	1	0	0	0	2	1	1	0	2	1	2	0	1	1	0	0	2	0	1	1	2	1	0	1	2	0	2	4	2	0	1	5	0	3	2	2	2	0	2	1	0	1	92	0	1	2	1	1	1	1	9	0	1	1	1	2	1	1	0	3	3	0	0	1	0	0	1	1	2	2	3	2	1	0	0	1	7	5	1	7	0	1	2	0	7	0	0	1	2	1	1	0	2	2	1	1	0	1	0	1	0	0	1	2	0	5	0	2	0	1	2	3	0	0	1	2	1	0	1	2	0	1	1	2	1	1	0	0	1	0
A[Del(T):R7]A	5	1	0	3	2	1	4	0	0	3	2	0	1	2	3	1	2	8	2	2	0	0	4	2	5	3	2	5	1	0	2	1	2	1	12	3	3	1	1	2	4	0	0	4	2	1	5	0	1	0	3	1	0	2	0	1	1	2	1	2	1	0	0	89	1	0	0	3	2	1	0	0	2	0	5	0	3	0	15	1	1	3	2	2	1	4	0	1	3	1	2	0	7	9	2	2	1	1	0	7	2	6	0	4	0	0	0	1	1	2	1	0	1	11	0	3	0	1	2	2	1	2	7	2	595	6	0	11	3	2	5	4	0	3	2	2	3	2	1	2	0	4	3	1	45	2	0	2	2	1	1	1	5	1	1	2	4	7	0	4	2	1	0	0	1	1	5	4	2	2	3	3	1	0	1	0	1	5	3	9	1	3	19	0	5	1	0	1	0	0	5	9	6	14	5	1	2	1	1	4	1	2	2	0	2	4	3	0	3	1	6	9	0	1	2	2	3	0	2	1	3	3	9	3	1	2	6	2	2	11	3	4	0	2	0	0	0	378	3	0	2	2	2	1	0	26	4	4	0	4	2	0	1	0	5	2	0	1	0	4	1	1	1	2	3	2	2	4	0	0	0	13	4	0	23	0	2	3	1	27	0	0	3	0	0	0	4	10	2	3	5	0	3	0	2	1	0	1	2	0	7	2	1	1	0	0	3	3	3	0	2	3	0	2	2	4	1	2	3	3	5	4	3	2	0
A[Del(T):R7]C	1	0	0	1	0	1	1	1	4	2	0	0	2	2	0	1	2	4	0	3	0	0	0	0	1	0	0	5	2	0	2	1	2	2	7	1	2	0	1	1	1	0	0	1	6	0	2	0	2	1	3	1	1	0	2	2	1	0	0	0	2	0	1	86	1	0	3	2	2	2	2	1	2	0	4	0	2	0	3	1	2	1	1	0	1	3	1	3	2	0	2	0	5	6	5	0	2	0	0	3	3	0	0	1	3	2	0	2	0	0	1	1	0	16	3	0	1	0	1	1	0	1	0	1	317	6	0	3	0	2	7	2	0	4	3	4	1	2	1	2	0	1	0	1	23	0	0	0	0	0	1	3	4	2	4	1	3	7	0	1	2	3	0	1	0	1	2	1	1	0	3	2	0	2	1	1	0	0	1	8	1	2	11	1	1	2	0	2	0	2	8	7	5	13	3	5	2	0	2	1	1	0	2	0	3	2	2	1	2	1	2	9	0	1	0	2	2	1	0	0	3	2	11	2	2	3	9	2	2	5	1	2	0	3	3	0	0	200	6	0	2	1	2	0	3	18	4	4	0	1	0	2	0	2	5	2	1	0	1	1	0	1	2	1	4	2	2	6	1	0	1	11	1	0	16	0	3	2	0	18	0	1	3	0	0	1	4	5	1	3	1	0	2	0	2	3	0	1	2	0	9	2	0	0	0	0	0	2	3	1	1	0	1	0	2	3	0	1	2	0	4	1	2	4	0
A[Del(T):R7]G	2	2	2	0	0	0	1	1	2	0	0	0	1	1	1	0	1	4	0	0	0	1	0	0	2	1	1	2	2	0	0	1	1	4	4	1	0	0	3	2	1	0	0	0	2	1	1	1	1	1	1	1	1	0	0	1	0	0	0	0	0	1	0	59	1	0	1	0	1	0	1	0	5	0	2	3	1	0	2	1	1	3	0	1	1	4	0	0	1	0	0	0	4	5	2	0	1	1	1	1	2	1	0	0	2	0	0	2	1	0	1	0	2	14	0	0	0	0	0	1	0	1	1	1	417	0	0	3	0	4	2	1	0	0	2	0	3	2	1	2	0	0	1	0	29	1	0	0	3	0	0	0	2	1	1	2	0	2	0	1	1	1	1	0	1	3	2	1	1	1	2	0	0	1	0	0	0	0	0	3	0	1	12	1	3	0	0	0	1	1	2	4	3	6	0	2	0	1	0	2	0	1	2	0	1	4	0	1	2	0	1	0	0	0	0	2	1	0	1	3	2	4	7	1	0	2	5	0	2	2	2	4	0	1	0	0	0	240	2	1	0	2	0	0	1	12	2	1	0	3	1	0	0	0	2	2	0	0	1	1	0	1	0	2	3	3	1	2	0	0	1	0	0	0	13	0	2	0	2	11	0	0	0	0	0	1	2	4	1	2	1	0	3	0	0	1	0	1	1	1	3	0	0	0	1	1	4	1	2	0	0	1	0	1	0	0	0	0	1	1	3	1	0	3	0
A[Del(T):R8]A	6	1	1	1	0	3	4	0	2	1	1	1	1	2	5	0	2	10	2	1	0	0	2	0	2	3	0	1	3	0	0	0	1	4	11	2	2	0	1	1	0	2	0	0	6	1	3	3	1	0	6	0	1	0	2	1	2	0	0	1	3	0	1	105	4	2	3	3	1	0	2	0	3	0	6	1	8	0	3	3	2	2	2	0	3	5	1	4	0	0	6	1	7	7	1	2	0	0	0	5	4	1	0	6	0	1	3	0	3	1	3	1	0	27	5	2	1	0	1	1	1	3	4	4	865	4	0	15	0	7	5	3	0	3	2	6	0	1	1	1	0	1	1	0	62	3	0	1	0	1	1	0	6	3	3	1	4	9	0	9	1	0	0	0	0	5	2	3	3	3	6	1	0	0	1	3	3	1	2	11	1	1	15	2	3	0	1	1	1	1	4	9	6	10	6	4	0	0	0	2	0	1	2	0	1	3	1	1	3	1	8	4	0	0	6	2	3	0	2	1	0	12	14	1	6	6	8	0	5	10	2	10	0	3	0	0	0	546	3	0	0	2	0	1	2	24	3	1	0	7	1	2	1	0	7	3	2	2	1	2	1	0	2	1	5	0	2	4	1	0	4	13	2	2	33	1	4	2	4	28	2	0	1	1	2	0	7	13	3	5	1	0	3	0	0	0	0	1	0	1	12	3	2	0	2	1	7	6	1	1	2	0	2	1	1	6	0	0	2	1	2	0	1	9	0
A[Del(T):R8]C	2	1	3	1	0	2	3	1	2	1	1	1	2	2	2	1	2	3	0	4	0	0	1	0	3	0	2	0	1	0	0	0	3	3	16	0	1	0	4	2	1	0	0	0	2	0	1	2	0	1	7	1	2	0	0	1	0	2	2	1	0	0	0	128	2	1	2	2	3	0	1	2	2	0	3	1	1	0	6	2	3	2	2	2	2	1	1	2	0	1	1	1	8	2	7	0	1	1	1	5	1	0	1	4	2	0	1	0	1	1	1	2	0	22	1	3	0	1	0	0	1	3	2	1	530	4	1	7	0	6	0	4	0	3	2	0	7	2	0	2	3	0	2	2	51	4	0	2	0	0	0	5	2	3	1	1	1	3	1	1	0	3	0	0	0	3	1	3	1	1	3	0	0	2	1	2	1	2	0	7	0	3	21	2	0	1	0	1	1	1	3	6	6	9	8	4	6	1	0	1	0	1	4	2	2	0	4	0	0	1	0	2	1	1	0	2	2	0	1	2	0	7	13	1	2	2	3	0	1	7	3	2	1	2	2	0	0	340	2	0	0	2	0	1	2	15	1	0	0	5	0	1	3	1	2	0	0	2	0	4	0	0	0	0	8	1	3	4	2	0	1	12	0	1	20	0	1	3	1	30	0	0	0	0	0	1	10	4	3	4	1	0	2	0	0	0	0	2	2	0	13	2	2	0	3	2	3	0	3	0	1	2	1	1	0	5	1	1	0	0	3	3	3	6	0
A[Del(T):R8]G	1	0	2	2	0	0	1	0	0	0	0	0	1	0	2	0	0	6	2	0	1	0	0	0	3	1	0	0	0	1	0	0	0	1	5	1	1	0	0	1	0	0	0	0	0	0	3	2	0	0	2	1	1	0	2	1	0	0	1	2	0	0	0	90	1	2	2	0	1	0	0	0	0	0	2	0	0	0	3	1	1	1	1	1	1	3	2	3	2	1	1	0	3	1	0	0	0	0	1	6	0	1	0	1	0	0	0	0	2	1	2	1	1	14	2	0	0	0	3	0	1	0	4	0	414	2	1	7	0	2	1	2	0	2	4	0	0	1	1	1	0	0	0	0	28	0	0	1	0	2	1	0	2	0	1	0	4	0	0	1	0	2	0	0	0	1	0	2	0	0	1	0	0	0	2	1	0	1	0	3	0	0	17	1	0	1	0	0	0	0	4	4	3	6	3	3	2	1	0	0	0	2	1	0	0	4	1	1	1	1	0	4	0	0	2	0	1	1	1	1	1	3	3	0	0	1	3	3	3	2	0	1	0	1	1	0	1	315	2	0	0	0	0	1	0	11	0	0	0	3	0	1	0	0	3	3	0	1	0	0	0	0	0	0	2	2	1	0	0	0	0	9	0	1	8	0	3	2	1	18	2	0	1	0	0	0	3	7	1	2	0	2	1	0	2	0	0	1	1	0	7	2	1	2	1	1	2	0	0	0	0	2	0	0	0	3	0	1	1	1	2	2	0	5	0
A[Del(T):R(9,)]A	0	0	0	0	0	0	0	0	0	0	0	0	0	0	0	0	0	0	0	0	0	0	0	0	0	0	0	0	0	0	0	0	0	0	0	0	0	0	0	0	0	0	0	0	0	0	0	0	0	0	0	0	0	0	0	0	0	0	0	0	0	0	0	0	0	0	0	0	0	0	0	0	0	0	0	0	0	0	0	0	0	0	0	0	0	0	0	0	0	0	0	0	0	0	0	0	0	0	0	0	0	0	0	0	0	0	0	0	0	0	0	0	0	0	0	0	0	0	0	0	0	0	0	0	0	0	0	0	0	0	0	0	0	0	0	0	0	0	0	0	0	0	0	0	0	0	0	0	0	0	0	0	0	0	0	0	0	0	0	0	0	0	0	0	0	0	0	0	0	0	0	0	0	0	0	0	0	0	0	0	0	0	0	0	0	0	0	0	0	0	0	0	0	0	0	0	0	0	0	0	0	0	0	0	0	0	0	0	0	0	0	0	0	0	0	0	0	0	0	0	0	0	0	0	0	0	0	0	0	0	0	0	0	0	0	0	0	0	0	0	0	0	0	0	0	0	0	0	0	0	0	0	0	0	0	0	0	0	0	0	0	0	0	0	0	0	0	0	0	0	0	0	0	0	0	0	0	0	0	0	0	0	0	0	0	0	0	0	0	0	0	0	0	0	0	0	0	0	0	0	0	0	0	0	0	0	0	0	0	0	0	0	0	0	0	0	0	0	0	0	0	0	0	0	0
A[Del(T):R(9,)]C	0	0	0	0	0	0	0	0	0	0	0	0	0	0	0	0	0	0	0	0	0	0	0	0	0	0	0	0	0	0	0	0	0	0	0	0	0	0	0	0	0	0	0	0	0	0	0	0	0	0	0	0	0	0	0	0	0	0	0	0	0	0	0	0	0	0	0	0	0	0	0	0	0	0	0	0	0	0	0	0	0	0	0	0	0	0	0	0	0	0	0	0	0	0	0	0	0	0	0	0	0	0	0	0	0	0	0	0	0	0	0	0	0	0	0	0	0	0	0	0	0	0	0	0	0	0	0	0	0	0	0	0	0	0	0	0	0	0	0	0	0	0	0	0	0	0	0	0	0	0	0	0	0	0	0	0	0	0	0	0	0	0	0	0	0	0	0	0	0	0	0	0	0	0	0	0	0	0	0	0	0	0	0	0	0	0	0	0	0	0	0	0	0	0	0	0	0	0	0	0	0	0	0	0	0	0	0	0	0	0	0	0	0	0	0	0	0	0	0	0	0	0	0	0	0	0	0	0	0	0	0	0	0	0	0	0	0	0	0	0	0	0	0	0	0	0	0	0	0	0	0	0	0	0	0	0	0	0	0	0	0	0	0	0	0	0	0	0	0	0	0	0	0	0	0	0	0	0	0	0	0	0	0	0	0	0	0	0	0	0	0	0	0	0	0	0	0	0	0	0	0	0	0	0	0	0	0	0	0	0	0	0	0	0	0	0	0	0	0	0	0	0	0	0	0
A[Del(T):R(9,)]G	0	0	0	0	0	0	0	0	0	0	0	0	0	0	0	0	0	0	0	0	0	0	0	0	0	0	0	0	0	0	0	0	0	0	0	0	0	0	0	0	0	0	0	0	0	0	0	0	0	0	0	0	0	0	0	0	0	0	0	0	0	0	0	0	0	0	0	0	0	0	0	0	0	0	0	0	0	0	0	0	0	0	0	0	0	0	0	0	0	0	0	0	0	0	0	0	0	0	0	0	0	0	0	0	0	0	0	0	0	0	0	0	0	0	0	0	0	0	0	0	0	0	0	0	0	0	0	0	0	0	0	0	0	0	0	0	0	0	0	0	0	0	0	0	0	0	0	0	0	0	0	0	0	0	0	0	0	0	0	0	0	0	0	0	0	0	0	0	0	0	0	0	0	0	0	0	0	0	0	0	0	0	0	0	0	0	0	0	0	0	0	0	0	0	0	0	0	0	0	0	0	0	0	0	0	0	0	0	0	0	0	0	0	0	0	0	0	0	0	0	0	0	0	0	0	0	0	0	0	0	0	0	0	0	0	0	0	0	0	0	0	0	0	0	0	0	0	0	0	0	0	0	0	0	0	0	0	0	0	0	0	0	0	0	0	0	0	0	0	0	0	0	0	0	0	0	0	0	0	0	0	0	0	0	0	0	0	0	0	0	0	0	0	0	0	0	0	0	0	0	0	0	0	0	0	0	0	0	0	0	0	0	0	0	0	0	0	0	0	0	0	0	0	0	0
C[Del(T):R1]A	5	4	2	3	5	1	1	1	7	0	1	0	3	3	1	2	2	2	1	6	1	1	2	3	0	3	3	9	5	1	1	4	3	4	2	7	4	2	6	5	10	1	0	4	4	0	37	2	2	1	13	2	1	5	2	4	3	0	6	1	2	0	3	5	8	2	2	11	3	1	1	10	2	5	12	4	3	0	44	0	4	4	3	3	12	4	2	2	5	0	7	2	4	26	3	6	2	3	0	1	8	2	1	4	8	11	0	0	2	1	2	2	4	5	3	6	1	1	3	4	14	0	5	6	17	5	3	5	0	1	16	5	1	5	4	14	2	6	2	6	7	8	5	2	3	2	1	0	9	1	9	7	12	13	10	11	5	10	0	42	4	4	0	3	4	3	5	9	9	6	6	4	1	0	1	2	8	1	4	24	0	8	28	3	9	13	1	1	2	2	9	2	1	7	14	2	7	2	3	5	1	3	2	1	0	29	5	3	7	2	6	5	1	3	36	3	3	4	9	16	6	3	7	11	8	3	10	4	4	25	3	0	0	6	3	0	1	5	4	0	1	10	4	4	6	1	7	7	1	17	3	10	7	1	5	2	0	1	2	1	2	1	3	1	2	2	0	8	3	0	4	13	11	2	10	1	9	10	7	5	3	0	3	2	1	3	7	5	6	2	13	1	3	0	1	2	0	9	0	0	2	3	4	1	5	1	0	6	7	0	1	3	0	3	3	1	1	6	13	1	26	12	13	6	6
C[Del(T):R1]C	4	2	2	2	3	4	1	2	1	3	3	0	2	1	1	0	0	6	1	2	1	1	3	2	0	4	1	0	1	1	2	2	2	3	3	2	1	2	2	3	3	0	0	6	6	3	22	1	2	0	3	3	2	3	0	0	0	4	1	2	0	0	4	3	1	3	1	1	1	1	2	1	1	0	3	2	0	2	12	0	0	4	2	0	4	3	2	1	0	0	4	0	4	14	2	0	0	0	0	0	2	0	0	2	1	1	0	1	1	2	0	0	1	4	2	0	1	4	2	0	6	0	2	2	28	1	1	4	0	3	3	0	0	2	1	13	2	4	2	1	3	2	0	1	3	3	1	2	3	0	5	2	3	0	3	1	6	6	2	17	0	1	2	0	1	0	4	1	5	2	2	1	0	1	0	0	1	0	3	11	1	2	4	3	2	0	1	2	0	0	1	2	1	5	3	1	2	0	0	1	0	0	0	1	2	14	3	1	2	0	0	2	0	0	12	5	1	0	5	7	6	3	8	1	0	2	8	2	2	11	5	0	0	3	1	0	1	9	0	0	3	4	3	1	1	3	1	2	2	8	2	2	1	2	2	4	4	2	1	1	2	0	0	0	4	2	1	3	2	1	4	6	2	0	8	0	7	3	5	6	0	1	2	1	0	3	2	6	3	1	5	1	2	0	0	2	0	3	1	1	5	2	2	1	1	2	2	0	1	0	2	2	0	0	1	0	1	4	4	3	17	4	6	3	0
C[Del(T):R1]G	2	1	1	0	2	1	3	1	2	0	1	0	2	2	3	2	1	4	1	1	0	1	1	2	1	0	3	6	7	0	3	3	0	4	4	3	2	2	3	2	4	1	0	0	2	1	27	1	3	3	6	0	1	3	2	0	0	1	1	0	1	0	0	4	4	1	3	9	1	0	1	2	3	2	10	0	1	0	9	1	0	6	5	1	8	2	1	3	1	0	4	0	2	13	2	0	0	1	0	2	1	3	1	4	3	2	0	0	1	0	2	4	3	2	3	2	2	1	1	1	6	3	3	2	14	1	1	2	1	3	5	2	0	1	4	1	6	4	1	4	2	2	5	0	1	2	1	0	2	2	7	2	10	2	2	6	7	3	0	33	2	0	0	1	1	1	0	1	3	0	1	0	1	0	2	0	2	1	3	12	2	3	17	1	5	9	1	1	0	3	0	2	2	8	7	0	7	2	0	1	1	2	2	4	4	17	2	0	4	4	1	0	0	0	30	1	3	3	4	5	5	1	10	2	3	0	12	2	1	7	5	0	0	2	2	0	0	5	2	1	3	3	0	4	1	1	1	6	2	3	2	2	4	1	6	5	3	1	1	0	1	2	1	1	5	4	3	1	3	5	2	5	5	1	5	1	8	3	3	4	2	1	2	2	0	1	1	5	0	5	3	0	1	0	2	2	0	3	2	3	4	3	3	3	0	1	3	1	1	1	2	1	0	2	1	2	0	4	6	3	16	5	6	3	1
C[Del(T):R2]A	9	2	1	10	9	1	11	0	13	4	15	0	5	2	6	2	8	6	2	15	0	3	8	9	2	9	7	10	19	1	2	0	2	10	0	9	0	2	2	1	24	3	3	10	22	5	31	0	4	5	22	10	2	5	3	3	5	0	13	5	0	1	9	11	11	19	0	19	5	6	2	5	15	4	43	4	0	0	108	2	3	17	1	3	13	5	4	0	6	0	6	2	1	81	6	1	2	2	1	2	20	6	0	12	8	7	0	8	0	5	1	2	5	3	6	12	0	5	9	6	19	0	12	11	46	9	1	10	0	0	13	17	2	8	2	36	11	15	6	4	5	16	7	1	15	7	1	0	10	2	15	10	43	8	9	5	3	26	1	32	7	15	0	4	8	7	14	3	11	6	9	3	1	0	0	1	4	5	6	68	4	6	38	1	22	15	9	12	1	6	13	1	1	7	22	1	8	2	1	7	1	0	4	0	2	20	2	8	14	2	28	9	2	6	27	10	0	5	24	47	25	3	15	9	6	3	12	4	9	56	4	1	0	21	10	1	1	4	7	2	3	12	4	8	13	3	25	22	4	24	3	9	8	0	25	2	0	0	5	9	4	3	6	0	6	10	2	7	0	0	18	24	18	3	25	0	28	28	23	6	7	0	9	6	1	3	15	7	6	6	19	1	6	0	2	0	1	16	2	7	6	2	3	2	5	1	5	28	7	0	6	14	0	5	6	1	4	5	23	5	37	10	34	10	1
C[Del(T):R2]C	1	1	2	0	2	0	3	0	2	0	4	0	3	1	1	0	3	1	0	0	0	1	3	0	0	1	0	0	2	0	2	1	0	2	3	1	1	0	1	0	1	0	0	5	2	0	12	0	0	0	2	2	1	3	3	0	0	1	7	2	2	1	2	1	1	1	1	3	2	0	1	1	4	0	6	2	1	0	22	1	0	4	0	2	3	0	0	2	0	4	2	0	0	11	1	2	0	0	0	0	6	5	0	5	2	0	0	2	1	1	2	1	0	1	3	1	0	0	2	0	1	0	4	2	32	3	0	0	0	1	5	1	0	4	1	6	0	2	2	6	2	2	2	0	1	2	1	3	1	1	4	0	6	0	0	1	8	4	0	11	2	4	0	1	1	3	6	4	0	1	3	0	0	0	1	0	1	0	0	12	1	1	3	1	5	1	1	2	1	1	3	1	0	4	3	1	3	0	1	1	1	0	0	1	0	9	0	1	1	2	4	4	0	1	7	3	0	0	4	4	6	0	5	3	1	2	10	1	0	7	1	0	0	1	1	0	0	2	1	0	2	5	0	2	3	0	3	2	1	4	0	4	6	2	2	2	0	2	0	2	1	0	1	1	1	0	1	5	2	1	1	2	1	0	9	0	11	3	4	4	1	0	3	0	1	1	2	6	1	1	4	0	1	1	1	0	0	2	0	0	2	3	1	0	1	2	1	4	6	1	1	1	0	1	1	0	0	3	8	0	20	4	5	1	0
C[Del(T):R2]G	1	1	0	1	2	1	1	1	2	0	0	3	1	0	1	0	0	3	0	0	2	2	0	0	0	5	0	0	0	0	0	1	0	1	0	1	1	0	1	2	0	1	0	2	2	2	10	0	3	0	3	0	2	0	0	0	2	0	1	0	0	0	1	1	1	0	3	2	0	0	0	0	2	1	2	0	0	0	5	0	2	0	1	0	4	1	1	0	0	0	1	0	1	3	1	1	1	0	0	0	1	1	1	0	1	1	1	0	0	1	2	1	0	3	1	2	0	1	1	1	4	0	0	1	9	0	0	2	0	1	6	1	0	1	1	6	2	4	1	2	0	3	2	1	0	1	1	1	1	0	2	0	3	1	1	1	2	3	0	12	2	5	0	0	0	1	0	7	1	2	0	0	1	0	1	1	2	1	0	4	3	1	2	2	4	0	1	4	0	0	0	2	3	4	3	0	0	1	1	2	1	0	1	0	1	30	3	1	1	0	2	1	1	0	6	3	0	1	2	0	3	0	4	1	0	2	11	0	1	3	0	4	1	3	0	0	0	1	3	1	0	2	1	0	2	1	1	0	1	0	1	1	0	0	3	1	0	1	2	3	1	1	1	1	2	1	3	1	0	3	2	2	1	0	4	0	2	2	1	3	1	2	0	0	0	0	2	3	1	1	3	0	0	1	0	2	0	2	0	0	2	4	0	0	1	2	1	1	1	1	0	1	0	1	1	0	0	2	2	2	3	0	1	0	0
C[Del(T):R3]A	4	0	1	1	2	2	7	3	3	1	1	0	2	0	2	1	2	4	4	4	0	1	5	3	3	7	2	4	9	0	1	0	3	5	4	2	1	0	5	1	7	3	0	6	3	3	9	0	3	0	10	1	2	2	1	0	1	0	2	5	0	1	0	3	4	3	1	7	3	4	1	4	5	2	7	1	2	0	35	4	1	3	1	2	6	0	1	1	1	0	2	0	0	15	2	2	1	2	0	4	5	3	0	3	4	2	1	2	0	2	3	2	0	3	6	4	0	0	0	3	6	0	7	1	24	1	1	3	1	0	6	7	2	5	0	13	3	2	4	1	2	4	3	0	10	5	1	0	1	0	9	4	7	0	4	3	5	11	1	8	1	3	0	0	2	0	5	3	6	3	2	3	1	0	0	2	1	2	3	29	2	3	18	2	8	5	2	1	1	2	8	4	4	3	9	1	2	2	0	1	1	1	1	0	1	14	3	2	2	0	10	1	1	0	6	4	1	2	5	5	14	3	4	5	3	2	8	2	2	10	1	1	3	7	1	0	0	5	1	0	1	7	3	2	3	3	2	6	1	11	1	6	6	1	8	4	0	0	4	3	1	0	0	0	2	0	5	1	0	0	5	6	5	1	9	0	14	13	8	10	3	0	4	0	0	1	4	4	1	2	4	1	2	0	2	0	0	6	3	1	7	0	4	1	1	2	2	10	0	0	1	2	0	1	2	2	0	1	4	4	14	5	9	4	0
C[Del(T):R3]C	1	1	0	2	0	1	2	0	1	0	1	1	0	2	2	3	0	1	1	2	1	0	2	1	1	0	0	0	2	1	3	1	0	1	1	1	1	0	0	0	1	1	0	0	4	1	9	0	2	0	6	1	2	0	1	0	0	1	1	1	1	0	0	1	3	0	2	1	2	1	1	3	3	2	0	0	0	0	5	1	0	1	1	0	1	1	0	2	3	1	0	2	4	3	1	2	2	2	0	3	1	2	2	3	5	0	0	1	1	2	0	0	3	2	1	1	0	1	4	2	5	0	1	4	12	2	0	1	0	1	2	1	2	0	0	6	2	1	2	2	1	3	2	0	4	2	1	2	1	0	3	1	0	2	0	2	4	3	0	16	1	4	2	1	0	2	1	1	2	1	0	1	1	2	2	3	2	2	3	10	1	2	6	2	2	1	2	3	0	0	2	2	0	4	5	0	1	0	0	0	0	0	0	2	1	3	0	0	1	3	1	4	2	1	11	0	0	0	3	1	4	1	5	1	0	0	2	0	2	2	1	2	0	3	0	0	1	2	3	0	2	4	1	0	1	3	1	1	1	5	1	2	1	2	1	0	0	1	0	1	0	0	1	0	3	0	0	1	1	0	1	0	2	0	6	0	4	4	1	3	1	1	2	2	0	0	2	1	2	3	1	3	2	0	3	0	1	1	0	2	5	1	0	2	0	1	2	1	1	0	1	0	0	0	0	0	1	1	4	1	8	2	1	2	0
C[Del(T):R3]G	3	0	0	1	0	3	0	0	2	1	0	0	1	2	0	1	0	2	0	1	1	0	1	0	0	0	2	1	3	0	0	0	0	1	1	2	0	0	2	1	0	2	0	3	2	0	5	0	1	0	4	0	3	0	1	0	0	0	1	1	0	0	0	2	1	0	1	2	1	0	1	1	1	0	2	2	2	0	10	0	0	1	1	1	2	1	1	0	0	1	2	1	0	6	0	3	0	0	1	1	1	3	0	3	1	3	0	1	0	0	0	0	0	2	0	2	0	0	1	0	4	0	1	2	11	1	0	2	0	2	4	2	0	1	0	6	1	2	2	3	1	4	0	1	2	1	0	1	4	1	3	2	2	1	3	1	5	2	0	6	0	1	1	1	3	1	1	1	5	0	0	2	1	2	0	1	1	1	1	6	0	2	2	3	2	4	1	2	1	0	5	1	1	6	5	1	2	0	0	2	0	0	1	2	2	9	1	0	2	1	1	0	0	0	3	5	0	0	1	5	3	1	4	0	0	1	8	1	2	3	0	1	1	7	2	0	0	0	0	1	0	4	0	2	2	0	1	2	1	2	2	2	0	2	4	3	0	0	2	2	0	0	0	0	0	1	2	3	2	0	0	3	0	0	2	1	7	3	0	4	1	0	1	0	1	2	0	6	1	1	1	1	0	0	0	0	0	1	1	1	3	0	0	1	3	5	1	1	1	1	2	2	0	1	0	1	1	1	1	2	6	1	1	1	0
C[Del(T):R4]A	3	3	0	7	4	0	3	0	12	0	3	0	6	4	2	0	3	2	1	7	0	1	1	2	0	2	6	4	17	0	2	0	1	9	1	5	1	0	3	5	6	3	2	3	11	3	15	1	4	3	8	6	1	6	1	2	0	1	3	9	1	0	3	10	6	3	1	14	1	4	1	6	10	3	18	1	0	1	46	2	2	6	4	2	5	3	1	2	4	0	6	1	4	35	1	2	1	1	0	1	9	5	1	6	10	3	0	3	1	1	1	3	1	7	9	11	1	2	1	1	14	0	3	11	42	10	1	11	0	0	14	8	2	5	2	30	9	6	1	5	8	10	4	0	4	4	0	0	3	2	11	7	19	1	8	3	3	10	0	23	3	6	1	4	1	6	9	6	9	5	5	2	1	1	1	0	0	1	2	32	2	2	26	0	13	11	3	2	0	1	12	4	4	5	8	1	7	4	1	4	1	0	5	1	4	10	3	1	3	1	10	10	1	6	17	8	0	5	12	22	14	2	11	7	6	1	7	1	1	17	2	2	0	9	6	0	0	14	1	3	2	17	1	7	12	4	6	8	0	16	1	7	3	1	12	1	0	0	1	1	1	8	0	0	5	6	0	6	1	0	1	14	8	0	16	0	25	13	9	6	4	0	8	4	0	1	5	5	1	3	17	1	5	0	0	0	1	7	0	0	8	2	5	1	2	0	3	10	4	1	1	10	0	5	2	0	4	5	15	2	11	11	13	6	0
C[Del(T):R4]C	3	0	0	0	0	2	2	1	2	0	0	0	3	0	1	0	0	1	0	0	0	0	1	1	1	1	1	1	2	0	3	1	1	2	0	1	1	0	2	1	3	1	0	0	0	0	3	0	1	0	5	1	0	0	1	1	0	1	0	1	1	0	4	5	1	3	0	2	1	0	1	1	3	0	1	1	1	0	12	1	1	1	1	1	0	2	0	0	2	2	3	0	4	3	2	0	1	1	0	0	1	2	0	0	3	4	0	0	0	0	0	1	2	5	0	0	1	0	0	1	0	0	3	3	26	4	0	1	0	2	4	2	1	2	2	3	2	2	1	1	1	2	0	0	3	0	1	0	1	2	5	1	1	3	0	0	0	4	0	7	0	1	0	0	1	1	2	0	1	3	1	1	0	2	0	0	1	0	0	7	1	0	2	1	4	2	1	0	1	0	1	2	2	6	6	0	0	2	0	2	2	2	1	0	1	7	1	0	2	1	2	4	0	0	7	1	2	1	0	0	1	2	2	5	3	0	4	0	1	3	0	2	0	2	3	0	0	22	0	0	3	1	2	1	2	1	2	2	1	0	0	1	1	1	3	2	0	2	0	1	0	0	0	1	2	3	1	2	2	1	1	2	4	0	5	0	0	1	0	6	1	0	1	2	1	0	2	2	0	1	2	2	2	0	0	1	0	1	0	2	6	2	0	0	1	2	1	2	2	2	1	3	0	1	1	0	0	1	1	1	5	1	2	2	0
C[Del(T):R4]G	0	4	0	0	0	1	0	2	0	0	0	1	0	0	1	0	0	1	2	1	0	0	0	0	1	3	0	0	1	0	0	1	0	4	0	1	0	0	2	3	1	1	0	1	2	1	5	0	1	0	4	1	0	0	1	0	0	0	2	3	0	0	0	7	3	1	2	0	5	0	1	1	0	0	3	2	0	0	4	2	0	0	2	1	0	6	0	0	3	0	2	1	3	10	2	0	0	0	0	1	3	1	0	0	1	0	0	5	1	0	1	2	1	3	1	1	1	0	0	2	1	1	1	1	26	1	0	4	0	3	3	2	0	1	1	2	1	0	3	1	0	0	1	0	8	0	0	0	1	0	3	1	3	2	3	1	3	2	0	8	0	1	0	0	3	1	4	2	3	1	0	1	0	1	1	2	0	3	1	9	0	0	2	0	4	0	2	1	1	1	3	2	1	2	4	1	0	1	0	1	0	0	1	0	1	18	0	0	3	1	1	2	0	0	6	0	0	0	4	5	3	0	3	1	0	0	26	3	3	7	0	1	0	0	0	0	0	6	1	0	0	2	1	3	0	3	2	3	0	1	1	0	1	1	0	2	1	1	0	0	1	1	0	0	1	1	2	2	0	1	0	3	0	0	1	0	4	2	0	1	1	1	1	0	0	0	1	1	1	1	0	0	2	1	1	0	0	1	1	0	4	1	0	0	2	4	1	1	1	1	5	0	1	2	0	2	0	1	1	0	5	1	0	4	0
C[Del(T):R5]A	3	2	0	1	2	0	1	3	3	1	3	0	2	0	1	0	1	2	1	0	0	2	2	0	1	3	1	1	4	0	1	0	1	0	2	2	1	0	0	3	5	0	0	3	7	3	7	0	1	1	0	1	1	4	0	2	1	0	5	1	0	1	4	23	2	1	0	4	1	1	1	3	0	2	7	1	0	0	13	1	2	4	1	0	4	3	0	1	3	0	0	0	3	9	0	0	0	1	1	1	4	2	0	8	2	2	0	1	0	1	0	2	1	2	0	2	0	0	1	1	8	0	1	2	70	3	2	6	0	0	3	3	1	3	0	7	2	2	3	0	0	3	3	0	7	2	0	0	1	2	6	2	7	0	2	3	2	5	0	4	0	7	0	0	1	1	4	2	3	2	4	1	2	0	0	0	1	2	0	15	0	1	8	1	5	2	1	1	1	1	6	1	1	3	0	0	1	0	2	0	1	1	0	1	2	9	1	3	2	2	2	2	0	1	3	2	1	0	8	2	8	1	4	0	3	0	3	0	2	10	2	1	0	4	4	0	1	54	1	0	1	1	3	1	3	4	8	3	1	5	0	5	2	0	6	1	1	0	2	2	2	1	0	1	1	0	1	3	0	0	5	6	4	2	7	0	7	7	4	3	0	0	3	3	0	0	2	1	1	1	2	2	1	1	2	0	1	5	1	2	4	1	5	0	2	0	2	2	2	0	1	3	1	1	1	1	0	3	8	0	6	5	3	2	0
C[Del(T):R5]C	3	0	0	1	0	1	1	1	0	0	3	0	0	2	0	0	0	3	1	0	0	0	4	0	0	0	0	1	1	0	1	0	1	2	1	0	1	0	1	0	2	0	0	2	1	0	4	0	1	0	0	0	1	0	1	1	1	0	1	0	0	0	1	16	0	1	1	4	1	0	0	0	1	0	4	0	0	0	10	0	1	0	2	0	2	0	0	0	0	3	1	0	1	4	1	1	0	1	0	0	0	1	0	2	1	1	0	1	0	0	2	0	2	3	0	0	1	0	0	0	0	0	1	1	57	0	0	2	0	1	2	1	0	1	1	1	1	1	0	0	0	1	0	1	5	0	0	0	1	0	3	5	4	0	2	1	1	2	0	2	0	0	0	0	0	0	0	2	2	1	2	0	0	0	0	0	0	0	0	7	1	2	2	1	0	1	1	0	0	0	2	1	1	0	0	0	2	0	0	1	0	0	0	1	0	8	0	0	2	0	1	1	0	1	2	1	0	0	1	2	2	0	5	1	0	1	6	0	0	4	2	1	0	3	1	0	0	44	0	0	1	0	1	0	0	3	0	1	1	2	0	1	0	2	0	1	0	1	0	0	1	0	1	0	4	0	1	1	0	0	3	1	4	0	4	0	2	1	0	4	0	0	1	0	2	0	1	4	1	4	1	0	1	0	0	0	0	0	0	0	2	2	2	0	0	1	1	1	1	1	0	1	1	1	0	0	1	3	0	0	2	2	0	2	0
C[Del(T):R5]G	2	0	0	0	0	0	0	0	2	1	1	0	0	2	0	1	0	2	0	0	0	1	0	2	1	0	1	0	0	0	1	0	0	1	0	1	1	0	0	0	1	0	0	0	2	0	2	0	1	1	1	1	0	1	0	0	1	1	2	0	0	0	0	9	0	0	0	0	0	0	0	0	1	0	0	0	1	0	2	0	0	0	0	1	1	1	1	0	0	1	1	0	1	3	0	1	1	0	0	1	0	0	0	1	0	0	1	0	0	0	0	2	0	4	2	2	0	0	0	1	0	1	0	1	35	1	0	2	0	1	2	2	0	0	0	2	0	0	1	0	0	1	0	0	2	0	0	0	1	0	0	1	0	0	0	0	2	1	0	5	1	0	0	0	0	1	3	1	0	1	0	1	1	0	0	1	1	0	0	3	0	0	2	0	0	0	1	0	0	0	2	0	0	2	1	0	1	0	0	1	0	0	0	0	0	5	0	0	0	0	2	1	0	1	3	0	0	0	0	0	0	2	1	0	1	0	8	0	1	2	4	0	0	1	0	0	0	30	0	0	2	1	0	1	1	0	0	1	0	2	0	1	0	1	4	1	2	0	0	0	1	0	0	0	1	0	0	0	1	0	0	1	0	1	1	0	1	0	1	1	0	0	0	0	0	1	0	1	1	1	0	1	0	0	0	0	0	0	0	0	3	1	2	0	0	0	1	2	0	0	1	0	0	0	1	0	2	1	1	0	1	1	1	2	1
C[Del(T):R6]A	4	1	1	0	2	0	1	1	3	0	0	0	1	1	0	0	0	2	0	0	0	0	2	3	2	0	2	3	3	0	1	0	1	2	4	1	1	0	1	1	2	0	0	1	3	1	0	1	0	0	4	1	0	0	2	0	0	1	0	1	0	0	2	27	0	2	1	0	0	1	0	0	2	0	2	1	2	0	8	0	1	3	1	1	1	6	0	1	0	0	0	0	2	13	1	0	0	0	0	1	2	1	0	0	3	1	0	1	0	2	0	1	1	1	0	3	0	1	2	0	0	0	0	2	111	0	1	3	0	0	4	1	0	2	0	2	0	1	0	2	0	3	0	0	9	1	1	0	0	0	3	2	2	0	0	0	3	2	1	5	1	2	0	1	1	3	2	0	2	5	2	1	0	0	1	0	1	0	0	6	3	0	7	0	6	2	1	2	1	0	1	4	2	2	4	2	2	1	0	0	0	1	1	1	0	4	0	0	1	0	0	1	1	2	1	1	1	1	4	3	4	1	3	0	0	1	4	0	4	8	0	2	0	3	3	0	0	82	1	0	1	2	1	0	4	2	5	4	0	8	1	1	1	0	2	2	0	0	2	0	0	1	0	0	1	0	1	2	0	0	2	8	1	0	7	0	3	4	3	10	3	0	1	3	0	0	3	3	0	1	0	1	1	0	0	0	0	3	0	0	5	2	0	0	1	0	0	0	2	0	2	0	1	0	0	0	1	0	5	2	4	1	4	4	0
C[Del(T):R6]C	0	0	0	1	1	1	0	2	1	0	0	0	0	0	1	0	0	2	1	0	0	0	0	0	0	0	0	0	0	0	0	0	0	1	3	0	0	0	2	0	0	0	0	0	0	0	0	0	2	0	2	1	0	1	0	0	3	0	0	1	0	0	0	14	0	0	2	1	0	0	0	0	0	1	3	1	1	0	4	0	0	0	1	1	2	1	1	1	0	0	0	0	2	3	0	1	0	0	0	1	1	0	0	1	1	0	0	0	0	1	0	0	0	1	0	2	0	0	1	0	1	0	1	2	93	1	1	2	0	0	1	1	0	0	2	2	1	1	0	1	0	0	0	0	5	2	0	1	0	1	0	0	3	1	0	0	3	5	0	2	1	0	0	0	0	0	1	0	4	0	0	0	0	0	0	1	0	0	0	2	0	1	4	0	1	1	1	1	0	0	0	1	1	0	2	0	1	0	0	0	1	1	0	0	0	4	1	0	1	0	2	2	0	0	1	2	0	0	1	0	2	2	0	1	0	1	4	0	2	3	0	0	0	1	1	0	0	56	1	0	0	1	0	0	0	1	1	1	0	0	1	1	3	0	0	1	0	0	0	1	0	0	0	0	3	0	0	0	0	0	3	2	1	0	5	0	3	1	0	7	0	0	0	0	0	1	1	2	0	1	2	0	0	0	1	0	0	0	0	0	7	0	1	0	3	0	1	0	0	1	1	1	1	2	0	0	0	2	1	1	1	2	3	1	0
C[Del(T):R6]G	0	0	1	0	0	1	0	0	1	0	0	0	0	0	0	0	3	1	0	1	0	0	1	0	0	0	1	0	0	0	0	0	0	2	2	0	0	0	1	0	1	0	0	0	1	1	3	1	0	0	3	0	0	1	0	0	0	0	1	1	1	0	0	15	0	1	2	0	0	0	1	0	2	0	1	0	0	1	4	0	1	1	1	0	1	1	0	0	0	0	1	0	3	2	1	0	0	0	0	0	0	1	0	0	1	0	0	1	1	0	1	0	0	3	0	0	0	0	0	0	1	0	1	0	67	3	0	3	0	0	2	1	0	0	0	0	0	0	0	0	0	1	1	0	3	1	0	0	0	2	2	1	2	0	3	0	5	0	0	1	0	1	0	0	0	1	0	0	2	0	0	0	0	1	1	0	1	1	0	0	2	1	3	0	3	1	1	0	0	0	1	3	2	0	3	0	0	0	0	0	1	1	1	0	0	3	0	0	0	0	0	2	0	0	0	3	0	1	0	3	0	0	0	1	0	0	7	0	0	0	1	2	0	1	2	0	1	46	1	0	0	0	0	0	1	2	0	0	0	0	0	1	0	0	1	2	0	0	1	0	0	0	0	0	1	0	0	0	1	0	0	2	1	0	6	0	0	1	0	6	1	0	0	0	0	1	2	2	1	1	0	0	1	0	0	0	0	1	1	0	6	0	0	1	0	0	0	0	0	0	1	0	0	1	0	1	0	0	1	0	1	1	0	4	1
C[Del(T):R7]A	0	1	0	1	0	0	0	1	0	0	1	0	0	1	1	1	0	3	0	1	0	0	0	2	1	2	0	0	0	0	1	1	0	0	6	1	3	0	1	0	0	0	0	1	1	1	0	1	0	0	3	0	0	0	0	1	1	2	2	0	1	1	0	57	1	1	3	2	0	1	0	1	1	0	0	1	0	0	4	1	1	2	0	0	2	3	0	1	1	0	3	0	5	2	1	1	0	2	1	2	0	1	1	0	0	0	1	1	1	0	2	1	0	7	2	2	0	1	0	1	1	0	2	1	377	1	1	7	0	0	1	1	0	0	1	4	1	0	0	1	2	1	0	0	21	0	0	0	1	0	0	1	0	1	3	1	1	1	0	1	1	0	1	0	0	1	2	0	2	3	0	0	1	1	0	1	1	1	2	2	0	1	15	0	2	1	0	0	1	0	3	3	5	6	1	1	0	0	0	1	1	2	0	0	2	3	1	0	0	0	0	1	0	0	2	1	1	1	2	2	0	3	4	3	2	2	3	3	1	7	0	2	0	1	1	0	0	246	1	0	1	0	0	1	0	16	1	1	0	0	0	1	0	0	2	1	0	1	1	1	0	0	0	0	1	0	2	1	0	0	2	5	0	1	9	0	1	0	1	10	0	0	3	0	0	0	2	4	0	1	1	0	1	0	0	0	0	1	0	0	7	0	0	0	0	1	1	0	1	0	0	1	1	0	0	1	0	1	2	2	3	2	2	0	1
C[Del(T):R7]C	0	3	0	0	0	0	1	1	1	0	0	0	1	1	3	0	1	6	0	0	0	0	0	0	0	1	1	1	0	0	0	0	0	2	7	0	1	0	8	0	3	0	0	0	1	1	1	0	1	0	3	1	3	1	0	2	2	2	1	0	0	0	0	97	0	0	6	1	1	0	2	2	0	1	2	0	1	1	3	1	2	2	0	0	2	4	1	1	1	0	1	0	2	2	1	1	1	1	0	1	1	3	0	4	1	0	0	0	0	2	1	0	1	20	0	2	0	0	0	1	0	3	4	4	365	4	0	4	0	3	2	3	0	4	0	1	1	0	0	1	2	2	1	2	29	1	0	0	1	0	0	0	2	1	2	1	7	1	1	2	1	0	0	0	0	0	1	2	1	0	2	0	0	0	2	2	1	0	2	4	0	1	11	0	2	2	0	0	0	1	3	4	4	10	2	1	3	0	0	1	0	1	0	1	1	4	3	1	0	0	3	4	0	0	1	4	0	2	3	2	1	1	3	1	0	1	1	0	6	4	0	2	0	1	1	0	0	269	1	0	0	1	0	1	1	7	1	0	2	3	0	1	1	3	0	0	0	0	2	3	0	1	0	0	4	0	1	0	0	0	0	5	1	0	9	0	1	2	0	21	0	0	2	1	1	0	2	7	1	3	1	0	3	0	0	1	1	1	1	0	8	3	0	1	3	2	6	3	0	0	0	1	1	1	0	1	0	2	3	1	3	0	1	2	2
C[Del(T):R7]G	1	1	0	1	0	0	0	0	2	0	0	0	0	1	2	0	0	4	0	0	0	0	2	0	1	2	1	2	0	0	0	0	0	2	4	1	1	0	0	0	0	0	0	0	0	0	0	0	2	0	3	1	0	0	0	0	1	2	0	1	2	0	0	56	0	0	1	0	1	1	0	1	0	0	1	0	1	0	4	2	0	1	0	1	1	1	0	1	1	1	0	1	3	4	2	0	1	1	0	3	0	0	0	2	0	0	0	0	0	1	0	1	0	6	1	1	0	0	0	0	1	0	1	0	332	0	0	6	0	0	1	0	0	1	1	1	0	0	0	1	0	1	0	0	25	2	1	0	0	1	0	1	1	1	0	0	2	0	0	3	3	3	0	1	1	0	0	0	0	0	2	1	0	0	1	0	1	1	1	2	0	1	11	0	1	0	0	0	0	0	2	1	1	8	3	3	0	0	0	0	0	0	0	0	0	3	1	1	1	0	0	0	1	1	1	0	0	0	1	2	1	1	2	1	1	0	2	0	1	4	1	1	0	1	0	0	0	236	0	0	0	0	0	1	1	5	1	0	0	0	0	0	0	0	0	1	0	1	0	0	1	0	2	0	2	2	2	1	0	0	1	5	0	0	7	0	1	1	0	7	0	0	0	0	0	1	3	5	0	2	0	0	2	0	0	0	0	0	1	0	4	1	0	0	0	0	2	0	0	0	1	0	1	0	0	1	0	1	2	0	1	1	1	2	0
C[Del(T):R8]A	0	0	1	0	1	0	0	0	3	0	1	0	1	0	1	0	0	7	1	1	0	1	0	0	0	2	0	0	2	0	0	0	2	1	10	0	4	0	1	1	0	1	0	1	2	0	2	0	3	0	2	1	1	0	0	2	2	0	1	1	0	1	1	78	2	0	0	2	2	1	0	0	1	0	2	0	2	0	7	0	2	0	0	1	1	4	0	1	3	0	1	0	8	3	3	1	0	1	0	5	1	2	1	1	1	0	0	1	0	0	0	0	1	13	0	0	0	1	1	0	2	2	5	2	767	1	1	15	0	1	1	0	0	1	1	3	1	1	0	1	0	1	1	1	35	0	0	0	2	1	0	0	2	1	2	0	1	3	0	3	0	0	1	0	1	3	0	2	0	2	1	3	0	0	1	0	2	3	1	5	0	3	18	1	0	0	0	0	1	1	3	2	2	8	2	3	4	0	0	0	0	0	1	0	0	4	3	0	1	1	3	3	0	3	1	4	0	1	3	1	3	2	9	1	3	3	4	0	4	4	1	2	2	1	1	0	0	436	5	0	0	1	1	0	3	15	2	0	1	4	0	1	1	1	1	1	1	0	0	2	0	0	0	0	2	5	1	3	0	0	0	8	1	2	22	0	3	1	1	27	0	0	1	0	2	1	6	6	2	2	0	0	2	0	0	0	1	1	0	2	5	0	0	2	3	3	2	3	3	0	1	0	1	1	1	4	0	1	1	3	4	2	0	9	0
C[Del(T):R8]C	1	0	0	0	3	0	1	0	0	1	0	0	2	1	0	0	1	7	0	0	0	1	3	1	1	0	1	0	1	0	0	0	0	1	12	0	3	0	2	0	1	1	0	3	2	1	1	1	0	2	2	0	0	0	1	1	2	1	2	0	1	1	0	107	1	0	3	0	3	0	1	0	0	0	1	0	2	0	2	1	1	1	1	0	0	2	0	3	0	0	0	1	4	2	5	1	0	2	0	1	1	1	0	1	0	0	0	0	1	0	2	0	0	15	2	3	2	0	1	0	2	2	4	1	648	2	0	5	0	4	1	1	0	0	3	0	0	1	0	0	0	0	1	0	40	1	0	1	0	0	0	2	1	2	2	1	2	6	0	4	2	0	0	1	1	1	0	1	0	1	3	0	0	0	2	2	0	0	2	4	0	2	17	0	0	0	2	0	0	0	1	7	6	3	2	3	3	0	0	3	0	0	1	1	1	4	0	0	1	0	0	2	0	1	1	2	0	0	2	0	1	4	8	0	1	2	3	0	2	2	0	4	1	5	0	0	0	512	1	0	0	0	1	3	0	9	1	2	3	3	0	1	1	1	1	0	1	3	0	0	0	0	1	0	4	0	1	0	0	0	1	9	0	0	15	0	2	3	0	20	0	1	2	0	0	1	2	8	2	3	0	0	3	0	0	0	0	3	0	0	9	1	2	1	0	0	0	0	0	0	0	0	0	0	0	5	0	1	0	0	2	0	1	4	0
C[Del(T):R8]G	2	0	1	0	0	0	1	0	0	1	0	0	0	2	1	0	2	1	1	2	0	1	1	0	4	2	1	1	0	0	0	0	1	2	3	0	0	0	1	0	1	0	0	0	0	0	0	0	1	0	0	1	0	0	1	1	0	0	0	0	0	0	0	71	0	0	0	1	1	0	1	0	1	1	1	0	3	0	0	0	0	0	0	1	0	1	0	1	0	1	1	0	3	1	4	0	0	1	0	5	0	0	0	2	0	2	1	0	0	1	0	0	0	7	0	1	0	1	1	0	0	0	2	1	609	5	0	8	0	2	2	1	0	2	0	1	0	0	1	0	1	0	0	0	24	0	1	0	1	0	1	1	1	1	0	0	1	2	0	4	0	1	0	0	0	1	2	3	2	2	0	0	0	0	0	3	0	1	0	2	0	1	5	0	0	1	0	0	0	0	2	8	6	5	0	3	1	0	0	0	0	1	0	0	2	0	0	1	0	0	1	4	0	1	2	2	1	0	0	0	0	0	8	0	1	1	3	0	0	1	0	6	0	1	0	0	0	441	1	0	0	0	2	1	0	13	1	0	0	2	0	0	1	1	1	2	0	1	0	0	0	0	0	0	3	1	1	0	0	0	1	5	1	0	15	0	0	2	0	13	0	0	0	0	0	0	2	2	1	2	1	0	0	0	0	0	0	1	1	1	5	0	1	0	2	0	2	0	0	0	0	0	0	1	0	2	0	1	0	1	0	0	0	4	0
C[Del(T):R(9,)]A	0	0	0	0	0	0	0	0	0	0	0	0	0	0	0	0	0	0	0	0	0	0	0	0	0	0	0	0	0	0	0	0	0	0	0	0	0	0	0	0	0	0	0	0	0	0	0	0	0	0	0	0	0	0	0	0	0	0	0	0	0	0	0	0	0	0	0	0	0	0	0	0	0	0	0	0	0	0	0	0	0	0	0	0	0	0	0	0	0	0	0	0	0	0	0	0	0	0	0	0	0	0	0	0	0	0	0	0	0	0	0	0	0	0	0	0	0	0	0	0	0	0	0	0	0	0	0	0	0	0	0	0	0	0	0	0	0	0	0	0	0	0	0	0	0	0	0	0	0	0	0	0	0	0	0	0	0	0	0	0	0	0	0	0	0	0	0	0	0	0	0	0	0	0	0	0	0	0	0	0	0	0	0	0	0	0	0	0	0	0	0	0	0	0	0	0	0	0	0	0	0	0	0	0	0	0	0	0	0	0	0	0	0	0	0	0	0	0	0	0	0	0	0	0	0	0	0	0	0	0	0	0	0	0	0	0	0	0	0	0	0	0	0	0	0	0	0	0	0	0	0	0	0	0	0	0	0	0	0	0	0	0	0	0	0	0	0	0	0	0	0	0	0	0	0	0	0	0	0	0	0	0	0	0	0	0	0	0	0	0	0	0	0	0	0	0	0	0	0	0	0	0	0	0	0	0	0	0	0	0	0	0	0	0	0	0	0	0	0	0	0	0	0	0	0
C[Del(T):R(9,)]C	0	0	0	0	0	0	0	0	0	0	0	0	0	0	0	0	0	0	0	0	0	0	0	0	0	0	0	0	0	0	0	0	0	0	0	0	0	0	0	0	0	0	0	0	0	0	0	0	0	0	0	0	0	0	0	0	0	0	0	0	0	0	0	0	0	0	0	0	0	0	0	0	0	0	0	0	0	0	0	0	0	0	0	0	0	0	0	0	0	0	0	0	0	0	0	0	0	0	0	0	0	0	0	0	0	0	0	0	0	0	0	0	0	0	0	0	0	0	0	0	0	0	0	0	0	0	0	0	0	0	0	0	0	0	0	0	0	0	0	0	0	0	0	0	0	0	0	0	0	0	0	0	0	0	0	0	0	0	0	0	0	0	0	0	0	0	0	0	0	0	0	0	0	0	0	0	0	0	0	0	0	0	0	0	0	0	0	0	0	0	0	0	0	0	0	0	0	0	0	0	0	0	0	0	0	0	0	0	0	0	0	0	0	0	0	0	0	0	0	0	0	0	0	0	0	0	0	0	0	0	0	0	0	0	0	0	0	0	0	0	0	0	0	0	0	0	0	0	0	0	0	0	0	0	0	0	0	0	0	0	0	0	0	0	0	0	0	0	0	0	0	0	0	0	0	0	0	0	0	0	0	0	0	0	0	0	0	0	0	0	0	0	0	0	0	0	0	0	0	0	0	0	0	0	0	0	0	0	0	0	0	0	0	0	0	0	0	0	0	0	0	0	0	0	0
C[Del(T):R(9,)]G	0	0	0	0	0	0	0	0	0	0	0	0	0	0	0	0	0	0	0	0	0	0	0	0	0	0	0	0	0	0	0	0	0	0	0	0	0	0	0	0	0	0	0	0	0	0	0	0	0	0	0	0	0	0	0	0	0	0	0	0	0	0	0	0	0	0	0	0	0	0	0	0	0	0	0	0	0	0	0	0	0	0	0	0	0	0	0	0	0	0	0	0	0	0	0	0	0	0	0	0	0	0	0	0	0	0	0	0	0	0	0	0	0	0	0	0	0	0	0	0	0	0	0	0	0	0	0	0	0	0	0	0	0	0	0	0	0	0	0	0	0	0	0	0	0	0	0	0	0	0	0	0	0	0	0	0	0	0	0	0	0	0	0	0	0	0	0	0	0	0	0	0	0	0	0	0	0	0	0	0	0	0	0	0	0	0	0	0	0	0	0	0	0	0	0	0	0	0	0	0	0	0	0	0	0	0	0	0	0	0	0	0	0	0	0	0	0	0	0	0	0	0	0	0	0	0	0	0	0	0	0	0	0	0	0	0	0	0	0	0	0	0	0	0	0	0	0	0	0	0	0	0	0	0	0	0	0	0	0	0	0	0	0	0	0	0	0	0	0	0	0	0	0	0	0	0	0	0	0	0	0	0	0	0	0	0	0	0	0	0	0	0	0	0	0	0	0	0	0	0	0	0	0	0	0	0	0	0	0	0	0	0	0	0	0	0	0	0	0	0	0	0	0	0	0
G[Del(T):R1]A	0	0	1	2	2	0	0	1	4	0	1	1	1	0	0	0	1	0	1	0	2	0	2	3	0	2	1	2	6	0	0	0	1	1	3	5	1	0	1	0	2	1	0	1	0	1	3	1	4	1	7	0	0	1	3	0	2	3	1	1	2	1	2	1	1	0	0	3	0	1	1	1	2	0	4	0	0	0	7	2	0	1	0	1	2	1	1	1	0	0	3	1	3	7	2	0	0	0	1	0	2	0	0	0	2	2	1	1	1	0	0	0	2	1	1	4	0	1	1	1	1	1	3	2	11	0	0	1	0	1	8	1	1	2	0	6	0	2	1	2	0	1	0	0	4	1	0	0	1	2	2	1	4	0	3	2	2	8	1	13	2	4	0	1	2	1	0	8	2	2	2	1	0	0	1	1	2	2	1	5	1	2	5	0	2	7	2	0	1	1	5	1	0	3	7	1	1	0	2	3	0	1	2	0	0	9	3	0	4	4	0	0	2	1	12	2	1	1	6	6	3	1	3	3	0	0	9	2	2	4	1	0	0	2	4	0	0	0	0	0	0	1	2	2	3	3	1	3	2	3	2	1	3	2	5	1	0	0	0	0	1	1	0	2	1	0	1	5	0	0	7	5	1	0	6	0	4	4	2	3	1	0	0	1	1	1	1	1	0	1	4	0	1	0	0	0	0	1	1	0	5	2	2	0	1	0	0	0	4	1	1	1	0	0	0	1	1	2	2	0	7	4	6	0	0
G[Del(T):R1]C	1	1	0	0	0	0	2	0	2	0	3	0	0	1	2	1	0	4	0	0	1	0	0	1	1	1	1	0	3	0	2	0	2	1	0	1	1	0	3	0	4	0	0	0	0	1	11	0	7	0	3	1	0	0	0	1	1	0	3	1	1	1	0	3	0	1	4	4	0	0	1	1	2	0	1	0	0	2	9	0	1	2	0	0	4	0	0	1	1	1	1	0	1	7	1	1	0	1	0	0	2	1	0	1	1	0	0	0	0	0	0	0	2	2	0	2	0	0	0	2	4	0	1	1	9	0	1	4	0	1	0	0	0	1	1	3	1	1	0	0	1	3	1	0	1	0	0	1	0	1	3	0	1	3	2	1	6	2	0	6	0	2	0	0	2	1	0	0	1	1	0	2	0	0	0	1	0	0	2	2	0	1	2	0	2	4	0	0	0	0	4	2	2	4	3	0	2	0	0	1	0	0	3	1	0	6	1	0	0	0	0	1	0	0	3	3	1	2	1	3	2	2	8	0	1	0	2	0	0	7	0	2	0	4	0	0	0	3	1	0	3	1	2	0	2	2	0	1	2	1	0	3	0	0	0	0	0	0	1	0	1	1	2	0	0	0	0	0	0	0	1	3	0	0	4	0	3	1	1	2	0	0	0	1	0	1	0	6	0	0	3	1	1	0	2	0	0	3	2	0	2	1	2	1	1	0	1	0	1	0	0	0	0	0	0	0	1	0	0	1	7	3	3	1	0
G[Del(T):R1]G	2	0	2	2	3	1	3	3	1	0	4	0	0	3	1	2	1	4	2	0	0	1	1	1	2	3	1	1	2	0	0	1	0	2	1	0	2	2	1	0	5	1	1	1	4	1	5	0	2	1	3	0	0	3	0	1	0	1	2	0	1	0	2	8	0	0	0	2	1	0	2	2	2	3	2	2	1	2	9	0	1	2	2	0	3	2	1	1	1	1	1	3	3	6	0	1	3	1	1	3	0	6	2	3	1	1	0	2	0	0	2	2	1	1	1	2	2	2	1	0	3	0	2	1	31	3	0	2	0	0	5	5	1	2	1	4	2	3	4	5	0	2	1	0	2	3	1	1	0	0	1	1	2	1	1	1	4	0	0	8	1	4	0	0	1	1	2	2	1	1	3	2	1	1	1	0	6	1	3	7	0	0	3	0	2	0	2	1	0	1	1	1	1	2	2	1	0	2	0	1	0	0	0	1	2	6	1	1	2	0	1	3	1	1	3	4	0	1	3	3	2	3	5	4	2	1	6	0	2	6	1	1	1	0	2	1	0	6	2	0	0	0	3	2	1	1	1	3	0	6	0	5	0	1	5	1	1	0	1	1	0	0	1	1	1	2	2	3	2	1	1	2	3	0	1	0	1	3	4	4	1	0	2	0	0	2	3	3	1	1	4	0	2	0	0	0	0	1	1	2	4	1	1	0	2	1	0	1	2	1	0	2	0	1	2	0	3	2	0	1	10	2	3	1	0
G[Del(T):R2]A	27	15	8	34	18	8	35	4	51	13	26	0	14	8	12	0	21	16	4	29	0	16	27	18	6	28	34	19	109	0	4	0	8	47	3	29	13	0	20	21	89	8	4	37	55	10	78	3	7	18	61	28	0	20	13	12	6	0	36	35	1	0	17	35	31	50	2	51	16	27	0	20	56	7	113	0	0	0	407	12	12	28	21	15	52	15	11	17	12	0	22	15	0	265	18	5	3	1	0	6	84	22	0	37	27	13	0	15	3	11	3	7	9	28	25	32	1	14	15	17	95	1	29	53	113	28	6	39	1	1	54	53	3	32	7	170	39	72	14	13	8	70	20	11	50	19	0	1	13	10	55	45	114	14	45	26	2	87	0	99	14	42	3	15	13	33	52	3	61	25	41	11	1	0	0	6	7	14	19	273	10	23	152	0	68	61	21	24	0	9	70	4	3	3	61	0	37	21	4	14	0	15	15	0	20	1	12	18	23	22	87	29	5	29	75	61	16	25	74	117	89	13	45	38	24	8	2	23	13	204	6	3	0	63	34	0	0	3	17	6	4	95	21	36	48	0	58	70	7	118	27	57	37	0	88	1	0	0	12	30	11	8	11	0	25	22	0	47	1	1	56	100	87	7	67	0	127	105	66	27	28	0	34	31	4	10	30	19	11	25	71	3	29	0	5	0	8	72	4	16	19	5	37	1	11	2	12	87	41	0	18	36	0	24	10	2	12	30	78	29	93	56	127	36	3
G[Del(T):R2]C	0	0	0	2	2	0	1	0	2	0	1	0	2	0	0	0	0	1	0	0	0	0	2	0	1	1	0	0	2	0	1	1	0	2	0	0	1	0	1	0	0	0	1	1	0	1	5	0	0	0	4	2	0	1	0	0	0	0	2	0	1	0	0	1	0	3	0	2	2	2	2	1	0	0	2	0	0	0	7	1	0	1	0	0	3	0	0	0	2	0	1	0	0	8	1	0	0	0	1	1	1	3	0	2	2	0	0	0	0	0	0	1	1	1	1	1	0	0	1	0	5	0	1	2	18	0	1	1	0	0	2	2	0	1	1	1	0	1	0	1	0	1	2	1	5	2	0	0	0	2	2	0	2	1	0	1	1	6	1	5	0	2	0	0	1	0	1	1	0	1	2	1	0	0	0	0	1	2	1	8	1	1	5	0	2	2	1	0	0	0	1	1	1	1	4	0	2	0	1	1	0	1	0	1	1	4	0	1	0	1	2	0	0	0	4	0	1	0	0	2	2	2	7	1	1	0	2	0	1	2	0	1	0	0	0	0	0	1	1	0	0	5	2	0	2	1	0	0	0	2	0	0	0	1	2	0	0	0	0	0	1	0	0	0	3	3	0	3	0	0	0	2	1	0	6	0	4	3	2	3	1	0	0	1	1	0	2	1	0	3	3	1	0	0	2	0	0	0	0	0	1	2	1	2	0	1	0	2	2	0	0	0	0	1	0	1	1	0	2	0	5	2	1	1	0
G[Del(T):R2]G	2	0	0	1	0	0	0	2	3	2	0	1	1	0	1	0	1	3	0	3	2	2	0	2	0	2	0	0	1	1	0	0	1	3	1	2	0	1	0	0	3	1	0	1	1	0	3	1	2	1	0	1	1	1	1	0	1	2	3	0	0	1	0	2	1	1	2	3	0	0	0	1	0	0	3	0	0	0	12	0	0	0	0	0	2	1	0	0	0	0	3	0	2	11	1	1	1	0	0	0	2	0	0	0	2	1	0	1	1	0	1	0	0	2	1	1	1	0	1	1	1	0	0	0	15	1	0	3	0	0	10	1	0	2	1	1	2	1	2	2	0	0	0	0	6	2	1	0	0	0	2	0	3	1	2	2	4	3	0	8	0	2	0	0	0	0	2	1	2	0	0	2	1	0	0	1	2	1	0	6	0	1	5	1	2	4	0	0	0	2	1	0	0	3	0	0	1	0	1	1	0	0	0	1	0	6	1	0	1	3	0	1	1	1	6	0	0	1	0	3	1	0	2	1	0	1	6	2	0	5	0	0	1	5	2	0	1	7	0	1	0	0	1	1	3	2	1	2	0	2	0	2	4	0	2	0	0	0	0	1	0	0	0	0	4	1	0	3	0	0	3	2	2	0	1	0	0	4	2	2	2	1	1	1	2	2	2	6	0	3	1	1	1	0	0	0	1	4	0	2	3	0	1	0	1	1	1	0	1	1	4	2	0	1	0	1	1	6	5	0	3	0	3	1	0
G[Del(T):R3]A	4	1	0	4	2	1	1	1	6	1	0	0	1	1	1	1	1	3	1	1	0	1	1	1	0	0	1	2	2	0	1	0	0	4	1	4	2	0	2	1	5	2	0	4	3	1	3	1	3	1	4	2	1	0	0	2	0	0	0	3	0	0	1	2	0	5	2	3	1	1	1	2	3	0	4	1	1	0	12	3	2	1	1	0	2	2	3	1	2	0	1	0	3	17	2	1	1	0	0	0	7	0	0	0	1	0	0	1	1	1	2	2	1	2	1	1	0	0	4	0	9	0	1	1	15	1	0	1	1	1	6	3	0	5	0	8	1	3	1	3	1	3	2	0	3	1	0	0	0	0	4	3	4	2	3	1	3	4	0	7	0	1	0	4	1	1	1	1	3	3	7	1	1	2	0	0	0	2	3	19	2	5	6	1	3	1	1	2	0	0	3	2	3	2	4	1	1	0	0	1	0	0	0	1	0	5	1	1	2	0	5	2	0	0	6	4	0	0	4	3	7	1	6	3	1	1	6	0	2	9	0	3	0	6	3	0	0	4	0	0	1	1	0	3	5	1	4	3	0	8	2	2	2	0	4	1	1	0	0	3	1	1	0	1	1	1	0	8	1	0	3	2	5	1	5	0	6	6	5	1	5	1	4	0	1	1	4	3	0	1	4	0	2	0	2	0	0	4	0	1	3	2	1	3	3	2	1	5	3	1	2	0	0	4	2	0	0	4	8	0	7	5	0	3	0
G[Del(T):R3]C	0	0	0	1	2	1	2	2	1	0	0	0	0	0	1	0	1	1	2	0	0	1	0	0	0	2	1	0	1	1	1	0	1	3	1	1	1	0	0	0	0	0	0	1	4	1	6	0	0	3	3	1	3	3	1	1	1	0	0	1	0	0	0	2	1	2	0	0	1	1	1	1	1	1	5	1	1	1	6	1	1	2	1	2	1	0	1	1	0	0	0	0	0	4	0	1	0	0	0	0	1	1	0	0	2	0	0	1	0	1	0	1	0	1	0	2	0	0	1	1	4	0	1	1	24	0	0	3	0	1	3	1	1	2	0	1	1	1	0	0	1	3	2	0	2	1	1	0	3	1	1	3	5	0	1	0	1	0	0	3	0	1	0	0	0	1	3	0	0	2	1	0	1	0	0	0	0	0	0	3	0	2	5	2	1	1	1	0	0	0	2	0	0	3	3	0	1	0	0	0	0	3	1	1	0	4	0	1	0	0	0	0	0	0	3	0	3	2	1	4	2	2	2	0	1	0	1	1	1	7	1	1	0	1	0	0	1	4	1	0	1	4	1	2	1	1	0	3	3	4	2	0	1	0	1	0	0	0	0	2	0	1	1	0	2	2	1	0	0	2	2	5	1	0	4	0	3	3	5	4	0	0	1	0	0	2	3	3	1	2	0	1	0	0	0	0	0	1	0	0	0	0	1	0	0	1	1	0	0	0	0	2	1	1	0	1	0	0	4	0	9	1	0	1	0
G[Del(T):R3]G	1	1	1	3	0	0	0	1	0	1	0	1	0	1	0	1	0	3	0	0	0	1	1	0	2	1	1	0	1	0	0	0	1	0	0	1	0	0	1	1	2	0	1	2	1	1	5	2	7	1	1	3	0	2	0	0	1	0	1	0	0	0	0	4	0	0	0	1	1	1	2	4	0	0	1	0	0	0	7	0	0	0	0	0	1	1	0	2	1	0	0	0	2	7	0	1	2	0	1	1	1	1	0	1	0	1	0	1	1	0	1	0	1	3	1	1	0	0	0	1	4	0	0	0	15	0	1	2	0	1	2	2	0	0	1	2	0	1	1	3	1	1	0	0	4	0	1	0	2	3	2	2	1	1	0	0	4	1	1	4	0	0	0	0	0	1	2	1	1	1	1	0	1	0	0	0	0	1	3	10	0	1	3	0	3	2	3	2	0	0	2	0	0	1	2	2	3	1	1	1	0	1	0	2	0	9	2	0	0	0	0	0	0	2	4	2	0	0	0	2	5	0	2	0	0	2	4	2	3	4	1	0	0	2	1	0	1	8	0	0	0	0	0	0	0	1	4	1	2	2	2	1	0	2	2	0	0	0	2	1	0	1	1	2	1	0	0	2	0	0	2	2	4	0	5	0	4	2	0	1	1	1	1	1	2	3	1	6	1	0	0	0	1	0	1	1	0	1	0	0	1	0	1	0	3	2	0	0	2	0	1	2	0	0	0	0	0	2	4	1	4	2	1	0	1
G[Del(T):R4]A	6	3	0	2	2	3	2	1	4	0	6	0	0	2	1	0	2	1	2	3	0	2	2	2	0	2	4	4	5	0	0	0	0	5	1	4	3	0	2	0	7	2	1	2	3	0	7	0	5	1	6	3	2	1	0	0	1	3	7	4	1	1	1	5	4	8	2	10	3	1	0	3	4	0	8	0	1	0	30	0	0	2	2	1	5	1	1	2	0	0	2	0	4	19	2	0	3	0	0	0	4	5	0	3	3	1	0	1	0	3	1	2	0	2	3	3	2	1	3	4	9	0	4	3	46	0	0	4	0	1	8	7	0	4	0	17	3	5	1	2	1	7	4	0	11	0	0	0	0	1	1	6	9	2	1	1	0	8	0	6	2	3	0	0	3	2	7	4	9	1	2	1	0	2	0	3	2	1	2	28	2	1	8	2	13	3	3	4	0	2	0	2	2	3	7	4	3	1	0	2	0	0	0	1	3	3	0	2	4	2	8	0	1	3	5	3	0	5	7	15	9	2	2	1	1	0	6	0	1	16	3	3	0	4	2	0	0	26	1	1	0	9	0	6	4	1	3	5	1	21	2	6	4	1	9	4	1	0	0	7	3	1	1	0	4	4	2	2	1	1	9	8	11	1	5	0	9	5	5	4	5	0	2	1	1	1	8	1	2	4	10	1	2	1	1	0	0	6	2	0	5	0	1	0	1	2	4	8	2	0	3	2	1	3	0	1	0	1	9	3	7	7	7	5	1
G[Del(T):R4]C	3	1	0	2	0	1	0	0	0	1	1	0	0	0	0	2	0	0	0	0	0	0	0	1	0	0	2	1	3	1	1	0	2	2	2	0	0	0	0	0	3	3	0	2	0	1	10	0	3	0	3	1	0	0	1	0	1	0	0	0	0	0	1	7	3	1	1	1	0	0	0	0	0	0	4	1	0	0	6	0	0	0	1	0	0	0	0	1	2	0	1	0	3	11	1	0	0	0	0	0	0	4	0	0	0	1	0	0	0	1	1	0	0	3	0	0	2	0	0	1	3	1	2	0	35	1	0	1	0	1	2	1	0	1	0	3	0	1	2	1	0	2	1	1	6	3	0	0	2	0	4	2	4	3	0	0	3	4	0	5	1	0	0	0	0	2	2	0	3	0	1	1	0	0	0	0	1	1	2	9	1	1	2	0	3	3	0	0	1	1	3	1	1	2	3	0	0	0	1	0	0	0	2	1	0	2	0	1	0	0	1	1	0	0	2	1	1	2	0	1	3	2	2	1	0	0	1	0	1	1	2	1	0	3	0	0	1	12	0	0	1	0	0	0	0	0	1	1	1	2	1	2	2	1	4	1	0	2	0	1	0	0	1	1	2	1	0	0	0	0	2	5	1	0	4	0	4	3	0	4	4	0	0	0	1	0	1	0	0	1	1	0	1	0	0	0	0	2	1	0	2	0	2	0	0	0	0	1	0	1	0	2	1	0	0	0	1	2	2	1	1	1	1	1	1
G[Del(T):R4]G	2	2	0	1	2	0	2	1	2	1	2	0	0	1	0	1	3	2	0	2	0	0	0	0	0	4	2	3	0	0	1	0	0	1	4	3	1	0	2	1	3	0	0	1	3	0	7	0	2	0	2	0	0	1	0	0	2	0	1	2	0	0	1	11	3	0	1	1	3	0	1	0	0	0	5	0	0	0	7	1	1	0	1	0	1	2	0	0	2	0	2	0	3	7	0	0	1	0	0	0	0	2	2	0	0	1	0	0	0	0	1	1	0	3	0	2	3	1	1	1	3	0	3	2	30	1	1	1	0	1	3	2	0	1	0	2	0	2	2	0	2	2	0	1	6	1	0	0	0	0	2	1	5	3	1	0	2	4	0	2	0	0	0	0	1	0	1	0	0	2	1	1	0	2	0	0	2	1	0	4	2	2	6	1	2	3	1	2	0	1	4	2	3	4	2	0	0	2	0	2	0	4	0	0	0	1	0	0	0	2	1	1	1	0	2	5	2	0	2	1	1	3	4	2	3	1	5	0	0	3	0	0	0	2	0	0	0	22	0	0	2	0	2	1	2	4	2	2	1	3	0	1	1	0	3	2	0	0	0	3	0	0	0	1	2	0	2	1	1	0	1	1	2	1	1	0	4	1	2	5	4	0	1	0	0	3	2	4	1	1	2	1	3	0	0	0	0	2	2	1	1	1	2	0	1	1	0	2	1	0	3	1	0	0	0	1	2	2	4	1	7	4	1	5	1
G[Del(T):R5]A	4	1	1	5	3	2	2	1	4	0	3	0	0	2	2	0	3	5	0	2	0	0	5	1	1	3	3	0	3	0	1	0	1	2	3	2	2	0	1	0	2	0	1	1	3	3	6	1	1	1	4	0	0	2	4	0	0	0	1	1	0	0	1	21	4	7	2	5	0	2	1	1	6	2	1	0	2	0	14	1	0	7	1	0	3	1	2	1	4	1	0	0	6	7	1	1	0	1	0	0	2	1	0	1	1	2	0	0	1	1	1	1	0	2	3	1	0	0	1	3	2	0	3	0	91	2	0	2	0	1	2	4	0	2	5	5	1	5	3	2	1	2	4	0	5	3	0	0	1	4	1	4	1	1	3	2	3	5	0	10	2	1	1	1	3	0	6	1	2	1	0	1	0	0	0	1	2	1	0	16	1	1	6	0	5	0	2	0	0	0	4	5	5	5	5	2	2	1	3	1	0	1	2	2	3	1	3	0	3	0	4	1	1	1	6	3	1	2	3	3	2	0	5	1	2	1	5	0	3	7	0	2	0	3	1	0	0	62	2	0	1	3	1	0	4	5	0	2	1	3	3	1	1	2	5	3	0	1	1	3	1	0	1	1	1	0	2	2	0	0	5	3	2	1	4	0	4	7	3	5	0	0	3	0	2	0	3	6	2	1	4	1	1	0	1	0	1	1	0	1	4	1	1	3	3	2	1	4	2	0	1	2	1	1	0	0	1	0	6	3	4	4	1	1	1
G[Del(T):R5]C	1	0	0	1	1	0	0	0	2	1	0	1	1	1	3	1	0	2	0	1	0	1	0	1	0	1	0	0	0	0	1	0	0	3	1	0	0	0	3	0	1	0	0	0	1	0	1	1	0	0	2	1	1	0	1	0	0	1	1	0	0	0	0	16	0	0	0	1	0	0	0	1	2	0	3	0	1	0	3	1	0	2	0	0	2	1	0	2	0	1	2	0	0	3	0	1	0	0	0	1	1	0	0	0	1	0	0	0	1	2	1	0	0	2	0	1	0	0	1	0	1	0	2	1	54	2	0	1	0	1	2	2	0	0	1	2	0	2	1	0	2	2	0	0	7	1	0	0	1	0	1	2	3	0	1	0	2	3	0	2	2	1	0	0	0	2	2	0	0	1	1	0	0	0	0	0	0	0	3	3	0	0	5	1	1	2	1	0	0	2	0	1	1	3	2	1	1	1	0	0	0	4	0	0	0	1	2	2	1	0	1	2	0	0	2	0	3	0	0	1	0	0	5	0	1	0	1	0	0	3	0	0	0	2	2	0	0	54	1	0	1	1	2	2	2	0	1	1	1	1	0	2	1	0	1	1	1	0	0	1	0	0	1	1	0	1	1	1	0	0	1	0	0	1	8	0	3	2	1	4	1	1	0	0	0	0	0	3	0	0	2	2	0	0	0	1	0	1	1	1	3	0	1	0	1	2	3	1	2	0	0	1	0	0	0	1	1	2	3	0	3	1	0	2	1
G[Del(T):R5]G	0	0	1	0	0	0	1	1	4	0	0	0	2	3	0	1	0	1	0	1	0	0	1	1	1	0	0	0	4	1	1	0	1	1	3	0	0	0	1	0	1	0	0	1	2	1	2	1	1	0	2	2	0	0	1	0	1	0	0	1	1	0	0	11	0	0	0	0	1	0	1	0	0	1	1	0	0	0	5	0	0	2	0	0	1	0	0	5	0	1	0	0	3	2	0	0	1	0	0	3	0	1	0	0	0	2	0	2	1	0	1	0	0	5	0	1	1	1	0	1	0	2	1	1	53	3	1	5	0	1	4	0	1	1	0	5	1	1	3	1	1	0	0	0	4	2	0	0	0	0	1	0	1	1	3	2	2	1	1	4	1	6	2	0	1	1	1	0	1	0	0	0	0	1	0	0	0	0	0	4	0	0	5	0	2	2	1	1	0	0	3	1	1	4	2	1	2	0	0	2	0	0	1	1	0	3	1	0	0	3	1	4	0	0	2	1	1	0	0	0	1	0	0	2	0	1	7	1	0	3	1	1	0	1	1	0	1	34	2	0	1	0	0	1	4	2	1	2	0	3	2	1	0	0	3	2	0	2	0	0	0	0	0	1	2	0	0	2	0	0	1	5	1	0	4	0	1	1	1	7	1	0	0	1	1	1	0	1	0	1	1	1	3	0	0	0	0	1	1	0	6	0	0	0	1	1	0	0	1	0	3	1	0	0	0	2	0	1	0	0	3	1	2	1	1
G[Del(T):R6]A	2	0	0	0	1	0	0	0	1	0	0	0	2	1	0	0	0	0	0	1	0	0	1	0	1	0	0	3	5	0	0	0	0	3	2	1	1	0	1	0	1	0	0	0	0	0	1	0	1	0	5	1	0	2	0	1	0	2	0	0	0	0	0	26	2	4	1	1	0	1	0	1	3	1	3	0	0	0	6	0	1	1	0	0	2	0	1	1	3	1	0	1	0	6	1	0	0	0	0	0	1	1	0	1	1	3	0	2	0	0	0	0	0	6	0	1	0	0	0	0	0	0	0	3	140	1	1	2	0	0	3	1	0	0	0	1	0	0	0	1	0	0	1	1	6	0	0	0	1	0	3	3	3	3	0	0	2	2	0	5	1	2	0	0	1	1	3	0	2	1	1	3	1	1	0	1	2	0	0	8	0	3	9	0	4	1	1	0	0	1	0	4	1	4	5	0	1	0	0	0	0	2	1	1	1	0	0	0	2	0	2	1	1	2	5	0	2	1	2	2	0	1	1	4	0	1	3	0	0	4	0	1	1	1	1	0	0	91	2	0	0	1	1	0	1	3	0	0	0	6	2	1	3	0	3	0	0	0	0	1	0	0	1	1	1	1	2	4	0	0	0	5	1	0	9	0	2	1	2	8	1	0	2	3	1	0	1	1	0	1	1	0	2	0	1	0	0	1	0	0	6	1	0	0	1	1	0	2	2	0	0	1	0	1	0	1	0	2	1	1	3	1	0	0	0
G[Del(T):R6]C	0	0	0	0	0	0	2	0	0	0	0	0	1	0	1	0	0	3	1	1	0	0	0	0	1	0	0	2	1	0	1	0	0	1	2	0	1	0	0	0	0	0	0	1	2	0	1	0	1	1	0	1	0	1	0	2	0	0	2	0	0	0	0	13	0	1	0	1	2	0	0	2	0	0	2	0	0	0	3	1	2	0	0	0	0	1	2	0	0	0	0	0	2	6	1	0	0	0	0	3	2	0	0	2	0	0	0	0	0	1	1	1	0	4	0	0	0	2	0	0	0	0	1	1	76	2	1	0	0	0	0	1	0	0	0	0	2	1	1	1	1	1	0	1	7	0	0	0	0	0	0	1	2	0	1	2	0	3	0	3	0	1	0	0	0	0	0	0	0	0	1	0	0	0	0	0	0	1	0	4	0	0	3	0	0	0	0	0	0	1	1	1	1	0	1	0	0	1	1	0	0	0	1	0	0	0	1	0	0	0	0	2	0	0	2	0	0	0	0	0	1	0	1	0	1	0	2	2	1	4	1	1	1	0	1	0	0	64	0	0	1	1	0	0	0	2	0	1	2	0	1	1	0	0	1	1	2	2	0	1	0	1	0	1	2	0	0	0	0	0	1	4	1	0	3	0	1	0	0	6	1	0	0	1	0	0	1	3	0	2	0	0	2	0	0	0	0	1	1	2	5	0	0	1	1	3	2	0	0	0	1	0	1	0	0	0	0	0	1	2	0	0	0	1	0
G[Del(T):R6]G	1	0	0	0	0	0	2	0	2	0	1	0	1	0	0	1	0	3	0	2	0	0	1	0	0	1	1	2	2	0	0	0	0	0	1	0	1	0	0	1	0	1	0	0	0	0	1	0	2	1	2	0	1	0	0	0	0	0	0	0	0	2	1	18	0	0	0	1	1	1	0	0	0	0	2	1	0	0	4	1	0	1	1	0	1	0	0	1	0	1	0	0	2	0	2	1	0	0	0	0	2	1	0	0	0	0	0	0	0	2	1	0	1	5	1	1	0	0	0	0	0	0	1	1	68	1	0	2	1	0	0	0	1	0	1	2	1	1	2	0	0	0	2	0	7	0	0	0	0	0	0	0	2	0	2	0	2	1	0	2	0	0	0	0	0	0	1	2	1	0	0	0	0	0	0	1	0	1	1	3	4	1	1	1	1	0	0	0	0	1	2	0	1	3	3	2	0	0	1	1	0	0	0	1	0	3	3	0	0	1	0	1	1	0	1	1	0	0	1	1	1	0	4	1	0	1	4	1	3	2	1	1	0	1	2	0	0	57	0	0	0	0	1	0	2	3	1	0	1	0	0	1	0	1	3	2	0	0	0	0	2	0	0	0	2	0	0	1	1	0	1	3	2	0	8	0	2	2	0	6	1	0	0	0	0	1	0	5	0	1	1	0	1	0	0	0	0	1	1	0	5	0	2	0	0	1	0	0	0	0	0	1	0	1	0	1	0	3	3	0	1	1	1	1	1
G[Del(T):R7]A	1	1	0	2	0	1	1	0	1	0	0	0	0	0	0	0	0	3	0	1	0	0	0	1	1	0	0	1	0	0	0	0	1	1	6	0	0	0	1	0	0	0	0	0	0	1	1	0	1	0	1	0	0	1	1	1	1	1	0	0	0	0	0	42	1	1	2	1	0	0	0	0	1	0	1	0	2	0	3	0	1	0	1	0	2	1	0	2	0	0	1	0	2	2	4	0	0	2	0	1	3	1	0	0	0	1	0	1	0	2	1	1	0	5	2	0	0	0	0	0	1	0	2	0	251	1	0	1	0	2	3	1	0	2	0	0	0	1	0	1	0	2	0	0	10	0	0	0	0	0	0	4	1	2	1	1	1	3	0	1	0	0	1	0	0	1	4	0	1	0	0	0	0	0	0	1	1	2	1	2	0	1	6	0	3	2	0	1	0	0	0	3	3	4	2	3	2	0	0	0	0	0	0	0	0	1	0	1	0	0	1	1	0	0	1	2	1	1	1	1	0	0	3	0	0	0	1	0	0	3	1	0	0	0	2	0	0	158	3	0	0	2	1	0	0	5	0	2	0	1	0	1	0	0	1	0	0	1	0	0	0	0	0	0	2	0	0	1	0	0	0	3	0	0	6	0	3	1	3	13	0	0	0	0	0	0	3	3	0	0	0	0	0	0	0	0	0	0	0	2	5	0	1	0	1	1	0	0	0	0	0	0	0	0	0	2	0	2	3	0	2	0	0	0	0
G[Del(T):R7]C	4	1	0	0	0	0	2	2	1	0	1	0	1	0	1	1	0	2	1	0	1	0	0	0	0	0	0	0	0	0	0	0	1	1	3	1	1	1	2	0	0	0	1	0	0	0	1	1	0	0	2	0	1	0	0	1	1	0	1	1	1	0	0	43	0	0	1	0	1	0	0	1	0	0	4	1	0	0	3	0	0	2	0	0	0	2	0	1	1	0	1	1	2	2	3	0	0	0	0	2	0	2	0	0	1	1	0	0	0	3	0	1	0	9	0	1	0	0	0	0	1	1	0	0	219	1	0	3	0	1	0	0	0	0	1	2	1	1	1	0	0	0	0	0	14	0	0	1	2	0	3	1	4	2	1	1	2	2	0	1	1	0	0	1	0	0	2	2	4	1	1	0	0	0	0	0	0	0	0	3	1	0	4	1	2	0	1	0	0	0	0	1	1	6	2	0	3	0	2	0	0	3	1	0	0	0	0	0	0	0	5	1	0	0	0	0	2	1	1	0	0	1	5	1	0	0	3	0	2	1	2	1	0	2	1	0	0	140	0	0	0	1	1	0	1	4	1	0	0	1	2	0	0	1	2	2	0	0	0	1	1	1	0	0	3	1	0	0	1	0	1	6	0	0	9	0	3	1	1	6	1	1	0	1	0	1	1	2	0	3	1	1	0	0	0	0	0	1	0	0	4	1	0	1	1	2	2	3	0	0	0	0	0	0	0	2	0	2	0	1	2	0	0	2	0
G[Del(T):R7]G	0	2	1	0	0	0	0	0	1	0	0	0	0	1	0	1	0	0	0	1	0	0	0	0	1	0	0	0	0	0	0	0	1	1	4	0	0	0	0	0	2	0	0	0	2	0	1	1	0	0	0	1	0	0	0	0	0	1	0	0	0	0	0	38	0	0	1	0	0	0	1	0	0	0	1	0	0	0	0	0	0	1	0	0	1	0	0	0	0	1	1	0	3	4	0	0	0	0	0	2	0	0	0	2	0	0	0	0	1	0	0	0	0	0	0	1	2	0	0	1	0	0	2	0	210	3	1	1	0	1	3	0	0	2	0	1	1	0	0	0	1	0	1	0	14	1	0	0	0	0	0	1	1	0	2	1	2	0	0	0	1	0	1	0	0	0	1	1	1	1	1	0	0	0	0	0	1	1	0	3	0	0	2	0	2	0	0	1	0	0	1	2	2	4	0	0	0	0	1	0	0	1	0	0	0	0	0	0	0	0	0	3	1	0	1	0	1	1	3	1	1	2	0	0	0	0	1	1	1	0	0	1	0	1	0	0	0	130	0	0	0	2	0	0	0	2	0	0	0	0	0	1	0	1	2	0	0	0	1	0	1	0	0	2	2	0	0	0	0	0	1	3	1	0	13	0	1	0	1	4	1	0	0	0	0	0	2	0	0	2	0	0	0	0	0	0	0	1	0	0	6	1	1	2	1	2	1	0	0	0	0	0	1	0	0	0	0	0	0	1	1	3	1	3	0
G[Del(T):R8]A	2	0	0	0	0	0	2	0	3	0	1	0	0	1	2	0	0	2	2	2	0	1	0	0	0	0	0	2	2	0	0	0	0	1	6	0	2	0	2	0	0	0	0	1	1	0	0	1	1	1	1	0	1	1	1	0	1	1	0	0	0	0	1	80	2	0	1	1	0	0	0	1	3	0	2	0	1	1	4	1	0	0	2	0	0	3	0	1	0	1	0	0	7	2	4	0	3	0	0	3	0	0	0	0	0	2	0	1	1	0	0	0	0	12	0	2	0	0	0	0	0	0	3	0	405	3	1	3	0	3	1	1	0	0	0	0	0	1	0	1	0	1	3	1	21	0	0	0	1	0	2	0	2	1	0	2	2	1	0	1	1	0	0	0	0	1	1	2	0	0	0	1	0	1	0	0	0	0	0	2	0	0	16	1	1	1	0	0	0	0	2	6	4	1	3	3	1	0	0	0	0	0	1	0	2	0	1	1	2	0	2	2	1	1	0	1	0	1	2	0	0	1	3	0	1	1	0	0	2	1	0	1	0	1	1	0	0	274	2	0	0	2	0	1	3	8	2	0	1	1	0	0	1	0	4	1	0	0	1	0	0	1	0	0	1	1	1	0	0	0	0	6	1	0	10	0	0	0	0	7	0	0	0	0	0	0	3	2	2	0	3	0	1	0	0	0	0	1	0	0	3	0	1	0	1	0	1	0	0	0	1	0	0	0	0	0	0	0	1	0	0	0	2	2	0
G[Del(T):R8]C	0	0	1	0	0	0	0	0	1	1	0	0	0	1	4	0	2	4	0	1	0	0	0	0	1	0	0	0	0	0	1	0	0	0	6	0	1	0	3	2	2	0	0	0	2	0	0	2	0	0	1	0	0	0	0	1	0	0	0	0	0	0	1	73	0	0	1	0	0	0	1	0	0	0	1	0	1	0	2	0	1	0	0	0	2	0	0	0	1	0	0	0	1	2	3	0	0	0	0	2	0	0	1	2	1	0	0	0	2	0	3	0	0	9	0	0	0	0	0	0	0	1	2	0	274	3	0	4	0	1	0	2	0	2	2	0	2	1	0	0	1	2	0	1	20	2	1	0	0	0	0	0	2	2	0	1	1	1	0	1	1	0	0	0	0	1	1	1	1	1	1	0	0	0	0	1	0	0	1	4	0	1	4	1	0	0	0	0	0	0	1	3	3	2	1	0	0	0	0	1	0	0	0	0	0	1	1	1	2	0	0	2	0	1	1	2	0	0	0	0	0	2	2	1	1	1	0	0	1	2	1	2	0	2	0	0	0	183	0	0	1	0	0	0	1	4	0	0	0	3	0	0	0	0	0	0	1	0	0	0	0	0	0	0	3	0	1	1	0	0	0	5	0	0	6	1	0	0	0	14	0	0	0	1	0	0	0	4	1	3	0	0	4	0	0	0	2	0	1	1	5	0	0	0	0	0	4	0	0	0	0	1	0	0	1	3	0	1	0	1	2	1	2	4	0
G[Del(T):R8]G	1	1	0	0	0	0	1	0	2	0	0	0	0	0	0	0	1	2	1	0	1	0	1	0	1	0	0	0	0	0	0	0	0	3	5	0	0	0	0	0	0	0	0	0	0	0	3	0	0	0	0	0	0	0	0	0	0	0	0	0	1	0	0	43	0	0	1	1	1	0	0	0	0	0	0	1	0	0	4	0	0	0	0	0	0	0	0	0	0	0	0	0	1	2	0	0	0	1	0	1	0	0	0	0	0	0	1	0	0	0	1	1	0	7	2	0	0	0	0	0	0	0	0	0	314	2	0	4	0	0	1	0	0	0	0	0	0	1	0	0	0	1	1	0	11	0	0	0	0	0	0	1	0	0	1	0	0	3	0	1	0	0	0	0	0	0	2	0	1	0	1	0	0	0	0	0	0	1	1	4	0	0	5	0	0	0	0	1	0	0	2	1	1	4	0	0	2	0	0	0	0	1	0	0	0	2	0	0	0	0	2	1	0	0	0	0	1	1	0	0	0	1	2	0	0	0	0	2	2	1	0	1	0	0	0	0	0	203	0	0	0	0	0	0	0	4	0	0	0	1	1	0	0	0	1	0	0	0	0	0	0	0	0	0	0	0	1	0	1	0	0	2	1	0	4	0	0	0	0	10	0	0	0	0	1	2	1	2	1	0	0	0	1	0	0	0	0	0	0	0	4	0	0	0	1	0	0	2	0	0	0	0	0	0	0	0	0	0	1	0	1	0	0	1	0
G[Del(T):R(9,)]A	0	0	0	0	0	0	0	0	0	0	0	0	0	0	0	0	0	0	0	0	0	0	0	0	0	0	0	0	0	0	0	0	0	0	0	0	0	0	0	0	0	0	0	0	0	0	0	0	0	0	0	0	0	0	0	0	0	0	0	0	0	0	0	0	0	0	0	0	0	0	0	0	0	0	0	0	0	0	0	0	0	0	0	0	0	0	0	0	0	0	0	0	0	0	0	0	0	0	0	0	0	0	0	0	0	0	0	0	0	0	0	0	0	0	0	0	0	0	0	0	0	0	0	0	0	0	0	0	0	0	0	0	0	0	0	0	0	0	0	0	0	0	0	0	0	0	0	0	0	0	0	0	0	0	0	0	0	0	0	0	0	0	0	0	0	0	0	0	0	0	0	0	0	0	0	0	0	0	0	0	0	0	0	0	0	0	0	0	0	0	0	0	0	0	0	0	0	0	0	0	0	0	0	0	0	0	0	0	0	0	0	0	0	0	0	0	0	0	0	0	0	0	0	0	0	0	0	0	0	0	0	0	0	0	0	0	0	0	0	0	0	0	0	0	0	0	0	0	0	0	0	0	0	0	0	0	0	0	0	0	0	0	0	0	0	0	0	0	0	0	0	0	0	0	0	0	0	0	0	0	0	0	0	0	0	0	0	0	0	0	0	0	0	0	0	0	0	0	0	0	0	0	0	0	0	0	0	0	0	0	0	0	0	0	0	0	0	0	0	0	0	0	0	0	0
G[Del(T):R(9,)]C	0	0	0	0	0	0	0	0	0	0	0	0	0	0	0	0	0	0	0	0	0	0	0	0	0	0	0	0	0	0	0	0	0	0	0	0	0	0	0	0	0	0	0	0	0	0	0	0	0	0	0	0	0	0	0	0	0	0	0	0	0	0	0	0	0	0	0	0	0	0	0	0	0	0	0	0	0	0	0	0	0	0	0	0	0	0	0	0	0	0	0	0	0	0	0	0	0	0	0	0	0	0	0	0	0	0	0	0	0	0	0	0	0	0	0	0	0	0	0	0	0	0	0	0	0	0	0	0	0	0	0	0	0	0	0	0	0	0	0	0	0	0	0	0	0	0	0	0	0	0	0	0	0	0	0	0	0	0	0	0	0	0	0	0	0	0	0	0	0	0	0	0	0	0	0	0	0	0	0	0	0	0	0	0	0	0	0	0	0	0	0	0	0	0	0	0	0	0	0	0	0	0	0	0	0	0	0	0	0	0	0	0	0	0	0	0	0	0	0	0	0	0	0	0	0	0	0	0	0	0	0	0	0	0	0	0	0	0	0	0	0	0	0	0	0	0	0	0	0	0	0	0	0	0	0	0	0	0	0	0	0	0	0	0	0	0	0	0	0	0	0	0	0	0	0	0	0	0	0	0	0	0	0	0	0	0	0	0	0	0	0	0	0	0	0	0	0	0	0	0	0	0	0	0	0	0	0	0	0	0	0	0	0	0	0	0	0	0	0	0	0	0	0	0	0
G[Del(T):R(9,)]G	0	0	0	0	0	0	0	0	0	0	0	0	0	0	0	0	0	0	0	0	0	0	0	0	0	0	0	0	0	0	0	0	0	0	0	0	0	0	0	0	0	0	0	0	0	0	0	0	0	0	0	0	0	0	0	0	0	0	0	0	0	0	0	0	0	0	0	0	0	0	0	0	0	0	0	0	0	0	0	0	0	0	0	0	0	0	0	0	0	0	0	0	0	0	0	0	0	0	0	0	0	0	0	0	0	0	0	0	0	0	0	0	0	0	0	0	0	0	0	0	0	0	0	0	0	0	0	0	0	0	0	0	0	0	0	0	0	0	0	0	0	0	0	0	0	0	0	0	0	0	0	0	0	0	0	0	0	0	0	0	0	0	0	0	0	0	0	0	0	0	0	0	0	0	0	0	0	0	0	0	0	0	0	0	0	0	0	0	0	0	0	0	0	0	0	0	0	0	0	0	0	0	0	0	0	0	0	0	0	0	0	0	0	0	0	0	0	0	0	0	0	0	0	0	0	0	0	0	0	0	0	0	0	0	0	0	0	0	0	0	0	0	0	0	0	0	0	0	0	0	0	0	0	0	0	0	0	0	0	0	0	0	0	0	0	0	0	0	0	0	0	0	0	0	0	0	0	0	0	0	0	0	0	0	0	0	0	0	0	0	0	0	0	0	0	0	0	0	0	0	0	0	0	0	0	0	0	0	0	0	0	0	0	0	0	0	0	0	0	0	0	0	0	0	0
A[Ins(C):R0]A	4	1	0	0	1	3	4	7	3	1	3	1	2	3	0	1	1	6	0	1	1	1	1	1	0	0	1	3	6	0	1	0	1	4	1	2	1	0	2	3	3	0	0	2	8	0	6	2	29	3	6	3	0	0	1	2	0	0	1	2	1	0	1	4	1	2	4	1	0	1	3	0	5	0	7	5	0	0	33	2	2	1	1	1	3	1	3	0	1	2	3	1	3	16	5	0	0	0	0	4	7	1	0	12	1	1	1	0	2	1	2	1	1	4	6	1	1	1	3	2	7	3	2	4	71	3	1	5	0	0	2	1	0	3	2	6	2	3	6	1	2	2	4	1	12	5	0	0	0	1	4	2	6	2	3	0	4	3	0	7	2	3	1	0	2	3	2	4	7	2	2	2	1	1	1	1	3	1	1	29	6	2	6	0	8	5	2	4	0	0	4	7	6	7	5	0	3	1	0	1	0	1	0	0	1	7	2	4	4	2	10	3	1	0	2	3	2	5	3	11	9	1	5	0	2	2	4	1	0	5	2	5	1	5	4	0	1	6	3	0	0	6	3	3	3	48	3	6	1	5	0	1	3	0	8	3	0	1	3	4	0	1	0	0	2	4	1	1	0	0	3	13	3	1	12	2	11	20	2	12	1	0	0	1	0	1	4	12	2	4	10	1	1	0	0	1	0	5	0	0	5	3	1	0	3	1	0	12	0	1	3	3	1	2	2	1	3	7	7	3	10	7	10	1	0
A[Ins(C):R0]G	1	1	0	0	1	0	1	0	0	0	0	0	3	1	0	0	0	1	0	0	0	0	1	0	0	0	0	0	0	0	0	1	0	1	1	1	0	0	0	2	0	0	0	0	0	0	1	0	0	0	6	0	1	0	0	1	0	0	1	0	2	1	0	1	0	0	0	0	0	0	0	3	0	0	2	1	0	0	3	0	0	0	1	1	1	1	0	0	0	0	0	0	1	0	1	0	0	0	0	0	2	0	0	1	0	0	0	0	2	0	1	0	0	1	0	2	0	0	0	1	0	0	0	2	10	0	0	3	0	0	1	1	0	0	0	0	2	1	0	0	0	1	0	0	1	0	0	0	1	0	0	0	1	1	0	1	0	1	0	0	0	1	1	0	0	1	1	0	1	0	0	0	0	0	0	0	0	0	1	4	0	0	0	2	1	0	0	1	1	0	0	2	3	2	1	0	1	0	1	0	0	0	1	1	0	2	1	1	0	0	1	0	0	0	1	0	0	0	0	1	1	1	0	0	1	0	0	0	0	2	1	2	0	0	0	0	0	0	2	0	0	0	1	0	0	3	1	1	2	3	0	0	0	0	0	1	0	0	1	0	0	0	0	0	1	0	0	0	1	0	0	2	1	1	4	0	2	0	0	0	0	1	0	0	0	1	1	1	0	0	1	0	0	0	2	0	1	2	0	0	0	0	0	0	0	0	0	0	0	0	1	1	0	1	0	0	0	3	2	0	1	0	0	0	0
A[Ins(C):R0]T	1	1	0	0	0	0	1	3	1	0	1	0	0	0	0	0	0	0	0	0	0	0	1	1	0	2	1	1	1	0	0	0	0	1	0	2	0	0	0	4	0	0	0	0	3	1	4	1	35	0	2	1	0	0	1	0	1	0	0	3	0	0	0	2	1	1	1	0	0	1	1	0	2	0	3	0	1	0	6	1	0	1	1	0	1	0	0	2	0	0	1	0	2	5	1	0	0	0	0	0	0	0	0	2	1	2	0	0	1	0	1	0	1	0	0	1	1	1	4	1	2	0	0	1	15	2	2	3	1	0	0	2	0	0	3	1	0	1	1	2	0	1	0	0	1	1	0	0	0	0	0	2	3	0	0	0	1	1	1	1	0	0	0	1	1	1	1	1	1	1	1	2	0	0	0	0	1	1	0	6	0	1	2	0	0	2	0	0	0	1	0	4	5	1	2	1	1	0	0	0	0	1	0	1	1	4	1	0	0	0	1	2	1	0	0	1	0	0	0	1	2	0	1	1	1	0	5	0	0	2	3	3	0	1	1	0	0	1	0	0	0	1	0	0	1	31	3	2	0	0	1	1	0	2	5	1	0	0	0	0	0	0	0	1	1	0	1	2	0	0	0	5	2	0	2	0	2	2	3	1	1	0	1	0	2	0	1	0	0	1	1	0	0	0	0	0	0	3	0	1	0	0	1	0	1	2	1	0	3	0	1	1	0	0	0	0	0	4	1	2	0	3	1	2	0
A[Ins(C):R1]A	1	0	1	1	2	0	1	1	0	0	0	0	0	0	0	0	0	2	0	0	0	0	0	0	1	1	1	1	1	0	0	1	1	2	1	0	0	0	0	0	2	0	0	0	1	2	2	0	4	0	2	0	0	0	0	1	0	1	0	0	1	0	0	1	1	3	0	1	0	0	0	1	0	0	0	0	0	0	7	0	1	0	1	0	2	0	0	0	1	2	1	0	0	2	1	0	0	0	0	1	0	1	1	2	0	0	0	0	0	0	1	0	1	1	3	1	0	0	3	2	1	0	2	1	12	0	0	3	2	0	1	1	1	1	0	1	1	0	1	1	2	2	0	0	0	0	0	0	0	0	0	0	0	0	2	1	6	3	0	3	1	1	2	1	0	0	1	0	3	1	1	0	0	1	0	0	0	0	1	1	1	1	4	0	0	0	0	0	0	0	1	0	0	0	1	1	1	1	0	1	0	0	0	0	0	0	1	0	0	1	0	0	0	0	2	1	0	1	2	1	0	1	1	1	0	0	1	0	1	1	0	0	0	3	1	0	0	6	0	0	0	2	0	0	0	4	0	2	0	2	0	0	0	1	1	0	0	2	1	1	0	0	0	0	1	0	0	1	0	0	1	1	0	0	4	0	2	5	0	1	1	1	0	0	0	0	1	3	0	1	0	0	1	0	0	0	0	2	0	1	0	1	0	1	0	1	0	1	2	0	0	0	2	0	1	2	1	0	3	0	4	0	1	1	1
A[Ins(C):R1]G	0	0	0	0	0	0	0	0	0	0	0	0	0	0	0	0	0	0	0	0	0	0	1	0	0	0	0	1	0	0	0	0	0	0	0	0	0	0	0	0	0	0	0	0	0	0	1	0	0	0	0	0	0	0	0	0	0	0	0	0	0	0	0	0	0	0	0	0	0	0	0	0	0	0	0	0	1	0	0	0	0	0	0	0	0	0	0	0	0	0	0	0	0	0	0	0	0	0	0	0	0	1	0	0	0	0	0	0	0	0	0	0	0	0	0	0	0	0	0	0	0	0	0	0	1	0	0	0	0	0	0	0	0	0	0	0	0	0	0	0	0	0	0	0	0	0	0	0	0	0	0	0	0	0	0	0	0	0	0	0	0	0	1	0	0	0	0	0	0	0	0	0	0	0	0	0	0	0	0	0	0	1	0	0	0	0	0	0	0	0	0	1	1	0	0	2	1	0	0	0	0	0	0	0	0	1	0	0	0	0	0	0	0	0	0	1	0	0	0	0	0	0	0	0	0	0	0	0	0	0	0	1	0	0	0	0	0	0	0	0	0	0	0	0	0	0	1	0	0	1	0	0	0	0	0	0	0	0	0	0	0	0	0	0	0	2	0	0	0	1	0	0	0	0	0	0	0	0	0	0	0	0	0	0	0	0	0	0	0	0	0	1	0	0	0	0	0	0	0	0	0	0	0	0	0	0	0	0	0	0	0	0	0	0	0	0	0	0	0	0	0	0	0	0	0
A[Ins(C):R1]T	0	0	0	0	1	0	0	1	1	0	0	0	1	0	0	1	0	0	0	1	0	1	0	0	0	0	0	0	2	0	0	1	0	0	1	0	0	0	1	0	0	0	0	0	0	0	2	0	0	0	0	0	0	0	0	0	0	0	0	0	1	0	0	0	0	0	0	0	0	0	0	0	0	0	0	0	0	0	2	0	1	0	2	0	0	0	0	1	1	0	0	1	0	2	0	0	0	0	0	0	3	0	0	0	0	1	0	2	0	2	0	0	0	2	0	0	0	0	0	0	0	0	0	1	8	0	0	0	0	0	2	2	0	0	0	0	0	0	0	0	0	1	0	0	2	0	0	0	0	1	1	2	0	0	2	0	1	0	0	2	0	2	1	1	0	2	0	0	0	0	0	1	0	1	0	0	0	0	1	3	0	1	3	0	1	0	0	1	0	1	0	0	0	2	0	0	0	0	0	0	0	0	0	1	1	1	0	0	0	0	0	0	0	0	0	0	0	0	0	0	0	0	0	0	0	0	1	0	0	1	0	0	0	0	0	0	0	1	1	0	1	0	0	1	0	0	1	0	0	0	0	1	1	0	1	0	1	0	0	0	0	0	0	1	0	0	0	0	0	1	0	1	0	0	2	0	2	0	0	0	1	0	1	0	0	0	0	1	0	0	0	0	1	0	1	0	0	0	0	1	2	1	0	1	0	0	0	0	0	0	0	0	0	0	0	0	0	0	1	0	0	0	2	0	0
A[Ins(C):R2]A	2	0	0	0	0	0	0	0	0	0	0	0	0	2	0	0	0	1	0	1	0	0	0	0	0	0	2	0	1	0	0	0	0	0	3	1	1	0	0	0	0	0	0	0	0	0	2	0	0	0	2	0	2	1	1	0	0	0	0	0	1	1	0	0	1	0	0	1	0	0	0	1	0	0	2	1	0	0	5	0	0	2	1	0	0	0	0	0	1	0	0	1	0	3	1	0	0	0	0	0	0	0	0	0	0	0	0	0	0	1	0	0	2	0	0	0	0	0	0	0	0	0	0	0	2	1	0	1	0	1	0	1	0	0	1	0	0	1	0	0	1	0	1	0	0	0	0	0	2	0	0	0	2	0	0	0	2	1	0	0	1	0	0	0	0	0	0	0	1	1	0	0	0	0	0	0	0	0	0	0	0	0	1	2	0	0	0	0	0	1	0	0	0	0	2	1	0	0	0	1	0	1	0	0	0	0	1	0	1	0	2	0	0	0	0	1	1	0	1	1	1	0	1	0	0	0	1	0	0	6	0	0	0	1	1	0	0	1	0	0	0	1	0	0	0	0	0	0	0	0	0	1	1	1	0	0	0	0	0	0	0	0	1	0	2	0	0	2	0	0	0	1	0	1	1	0	2	1	0	2	0	0	0	0	0	0	2	1	0	2	2	0	0	0	0	0	0	0	0	0	0	0	0	0	0	0	0	2	1	0	1	0	0	0	0	0	0	0	1	1	3	0	1	1	0
A[Ins(C):R2]G	0	0	0	0	0	0	1	0	1	0	0	0	0	0	0	1	0	0	0	0	0	0	0	0	0	0	0	0	0	0	0	0	0	0	0	0	0	0	0	0	0	0	0	0	0	0	0	0	0	0	0	0	0	1	0	0	0	0	0	0	0	0	0	0	0	0	0	1	0	0	0	0	0	0	0	0	0	0	0	0	0	0	0	0	0	1	1	0	0	0	0	0	0	1	0	0	0	0	0	0	0	0	0	0	0	0	0	0	0	0	0	0	0	0	0	0	0	0	0	0	0	0	0	0	1	0	0	0	0	0	0	0	0	0	0	0	0	0	0	0	0	0	0	0	0	0	0	0	0	0	0	1	0	0	0	0	1	0	0	0	0	0	0	0	0	0	0	1	0	0	0	0	0	0	1	0	0	0	0	0	0	0	0	0	0	0	0	0	0	0	0	0	0	0	0	0	0	0	0	0	0	0	0	0	0	2	0	0	0	0	0	0	0	0	0	0	0	0	0	0	0	0	0	0	0	0	0	0	0	0	0	0	0	0	0	0	0	1	0	0	0	0	0	0	1	0	0	0	0	0	0	0	0	0	1	0	0	0	0	1	0	0	0	0	0	0	0	0	0	0	0	0	0	0	0	0	0	0	0	0	0	0	0	0	0	0	0	0	0	0	0	0	0	0	0	0	1	0	0	0	0	0	0	0	0	0	0	0	0	0	0	0	0	0	0	0	0	0	0	0	0	0	0	0	0
A[Ins(C):R2]T	1	0	0	0	2	0	0	0	0	0	1	0	0	0	0	0	0	0	0	1	1	0	1	0	0	0	0	1	0	0	0	0	0	1	1	0	0	0	0	0	0	0	0	0	2	0	0	0	0	0	0	1	0	0	1	1	0	0	0	1	1	0	0	1	1	1	0	0	1	0	0	0	1	0	1	1	1	0	2	0	0	2	0	0	0	0	1	1	0	0	0	0	0	2	0	0	1	0	0	1	0	1	0	0	0	2	0	0	0	0	0	0	0	1	0	0	0	0	1	0	0	0	0	0	2	1	1	0	0	0	0	2	0	2	1	0	1	0	0	0	0	0	0	0	1	0	0	0	1	0	1	0	1	0	0	0	2	0	0	0	0	0	1	0	0	0	1	0	0	0	1	0	0	0	1	1	0	1	0	1	0	0	0	0	0	1	0	0	1	0	0	0	0	1	0	0	1	1	0	1	1	0	0	1	0	2	1	0	2	0	0	1	0	0	0	2	0	0	2	1	2	1	0	0	0	0	3	0	0	0	0	0	0	1	0	1	0	1	0	0	0	0	0	0	0	0	1	0	0	0	0	0	0	1	1	0	0	0	0	1	0	0	1	0	1	0	0	1	0	0	3	0	0	0	0	0	1	1	1	0	1	0	0	0	0	0	0	0	0	1	1	0	0	0	0	0	0	2	0	0	1	1	0	0	0	0	0	0	1	0	0	0	1	1	0	0	1	0	0	1	0	0	2	0	0
A[Ins(C):R3]A	0	1	1	0	1	1	1	0	0	0	0	0	0	0	0	0	1	0	1	0	0	0	0	1	0	0	2	0	0	0	0	0	0	1	1	0	0	0	1	4	0	0	0	2	0	0	3	2	0	0	4	0	3	1	0	0	0	2	1	0	1	0	0	1	0	0	0	1	0	0	0	0	1	0	0	4	0	0	0	1	0	0	0	0	1	0	1	0	1	0	0	1	0	1	0	0	1	1	0	0	1	2	0	0	1	0	0	0	2	0	0	0	2	0	0	0	0	0	1	0	0	0	1	0	0	0	1	2	0	0	1	0	1	0	0	0	1	0	0	0	0	0	0	0	1	0	0	0	1	0	2	0	0	0	1	0	1	1	0	1	0	0	0	1	1	0	0	0	0	2	2	0	0	1	0	0	1	0	1	1	0	0	0	1	0	0	0	0	0	0	2	0	0	1	2	1	0	0	0	0	0	0	1	0	0	3	0	1	0	0	1	0	2	0	4	0	0	0	0	0	1	0	0	0	1	0	5	0	0	0	0	0	0	0	0	0	0	2	2	0	0	1	0	0	1	0	0	0	0	1	0	1	1	0	1	1	1	1	0	0	1	1	0	0	1	0	0	0	0	0	0	1	0	0	0	0	0	0	1	1	0	0	0	0	0	0	0	0	0	0	1	0	1	0	0	0	0	1	0	0	2	0	0	0	1	0	1	1	0	0	0	0	0	1	0	1	0	0	1	1	0	0	0	0	0
A[Ins(C):R3]G	0	0	0	0	0	0	0	0	1	0	0	0	0	0	0	0	0	0	0	1	0	0	0	0	0	0	0	0	0	0	0	0	0	0	0	0	0	0	0	1	0	0	0	0	0	1	0	0	0	0	0	0	0	0	0	0	0	0	0	0	0	0	0	0	0	0	0	0	0	0	0	1	0	0	0	0	0	0	0	0	0	0	0	0	0	0	0	0	0	1	0	0	0	1	0	0	0	0	0	0	0	0	0	0	0	0	0	0	0	0	0	0	0	0	0	0	0	0	0	1	0	0	0	0	0	0	0	0	0	0	0	0	0	0	0	0	0	0	0	0	0	0	1	0	0	0	1	0	0	0	0	0	0	0	0	0	0	0	0	0	0	0	0	0	2	0	0	0	0	0	0	0	0	0	0	0	0	0	0	0	0	0	1	0	0	0	0	0	0	0	0	0	0	0	0	0	0	0	0	0	0	0	0	1	0	1	0	0	0	0	0	0	0	0	1	0	0	0	0	0	0	0	0	0	0	0	3	0	0	0	0	0	0	0	0	0	0	0	0	0	0	0	0	0	0	0	0	0	0	0	0	0	0	0	0	0	0	0	0	0	0	0	0	0	0	0	0	0	1	0	0	0	0	0	0	0	0	1	0	1	0	0	0	0	0	0	0	0	0	0	0	0	0	0	0	0	0	0	0	0	1	0	0	0	0	0	0	0	0	0	0	0	0	0	0	0	0	0	0	0	1	0	0	0	0
A[Ins(C):R3]T	0	0	0	0	1	0	0	0	1	0	0	0	0	0	0	0	0	0	0	1	0	0	1	0	0	0	0	0	0	0	0	0	0	2	0	0	0	0	0	0	1	0	0	0	1	0	1	0	0	0	0	0	0	0	1	0	0	0	0	0	0	0	1	1	0	0	0	0	0	0	0	0	0	0	0	0	0	0	2	0	0	0	1	0	0	0	1	2	0	1	0	0	0	3	0	0	0	0	0	0	0	0	0	1	0	0	1	0	0	0	0	0	0	0	1	0	0	0	2	0	0	0	0	0	6	0	0	0	0	0	0	0	0	0	0	1	1	0	0	0	0	0	0	0	0	0	0	0	0	0	0	0	0	0	1	0	0	0	0	1	0	0	0	0	1	1	0	0	0	0	0	0	0	0	0	0	1	0	0	2	0	0	1	1	0	0	0	0	0	0	0	1	0	0	0	0	0	0	1	0	0	0	0	0	0	0	0	0	0	0	1	0	0	0	2	0	0	0	0	0	0	0	0	0	0	0	2	0	0	0	0	0	0	0	1	1	0	2	0	0	1	1	0	0	0	1	0	0	0	1	0	0	0	0	0	0	0	0	0	0	0	0	0	0	0	0	1	0	0	0	0	1	0	0	0	0	1	0	0	1	0	0	0	0	0	1	1	0	0	0	1	0	1	0	0	0	0	1	0	0	0	0	0	0	0	0	0	1	0	0	1	0	0	0	0	0	0	0	0	0	0	0	0	1	1
A[Ins(C):R4]A	0	1	0	1	0	0	0	0	1	0	1	0	1	0	0	0	0	0	1	0	0	0	0	0	0	1	0	0	0	0	1	0	0	0	0	0	0	0	1	2	1	0	0	1	1	0	0	1	0	0	1	1	3	0	2	0	1	0	0	0	0	0	0	2	1	0	0	1	1	0	0	0	0	1	2	1	0	0	2	0	0	0	0	1	0	0	0	0	2	0	0	0	1	0	0	1	0	0	0	0	1	0	0	0	0	2	0	0	1	0	0	0	0	0	0	0	0	0	1	1	0	0	0	1	8	0	0	0	0	0	1	0	0	1	0	0	0	1	0	0	0	1	0	1	0	0	0	0	0	0	0	0	2	0	0	1	0	1	0	0	0	1	0	0	0	1	0	0	1	0	0	0	0	1	0	0	1	1	0	2	0	1	0	0	1	1	2	0	1	0	1	1	0	1	0	0	0	0	0	0	0	1	0	0	0	1	0	1	0	0	0	0	0	0	0	1	1	1	0	1	1	0	1	0	0	0	5	0	0	0	0	0	0	0	1	0	0	6	0	0	2	0	1	1	0	0	0	0	0	0	0	0	0	0	1	1	0	0	0	0	0	0	0	0	1	0	0	0	1	0	1	1	0	0	0	0	1	1	0	1	1	0	0	0	0	0	0	0	0	0	1	0	0	1	0	0	0	1	0	0	2	0	0	0	0	0	0	0	0	0	0	0	1	0	0	0	0	0	0	0	0	1	0	1	0
A[Ins(C):R4]G	0	0	0	0	0	0	0	0	0	0	0	0	0	0	0	0	0	0	0	0	0	0	0	1	0	0	0	0	0	0	0	0	0	0	0	0	1	0	1	0	0	0	0	0	0	0	1	0	0	0	0	0	0	0	0	0	0	1	0	0	0	0	0	0	0	0	0	0	0	0	0	0	0	1	0	0	0	0	0	0	0	0	0	0	0	0	0	0	0	0	0	0	0	0	0	0	0	1	0	0	0	0	0	0	0	0	0	0	0	0	0	0	0	0	0	0	0	1	0	0	0	0	0	0	3	0	0	0	0	1	0	1	0	0	0	0	0	0	0	0	0	0	0	0	1	0	0	0	0	0	0	0	0	0	0	0	0	0	0	0	0	0	0	0	1	0	0	0	0	0	0	0	0	0	0	0	0	0	0	1	0	0	0	0	0	0	0	0	0	0	0	0	0	0	0	0	0	0	0	0	0	0	0	0	0	0	0	0	0	0	0	0	0	0	0	0	0	0	0	0	0	0	0	0	0	0	1	0	0	0	0	0	0	0	0	0	0	3	0	0	0	0	0	0	0	0	0	0	0	0	0	0	0	0	0	0	0	0	0	0	0	0	0	0	1	0	0	0	0	0	0	0	0	0	0	0	1	0	0	0	0	0	0	0	0	0	0	0	0	1	0	0	0	0	0	0	0	0	0	0	0	0	1	0	0	0	0	0	1	0	0	0	0	0	0	0	0	0	0	0	0	1	0	1	0
A[Ins(C):R4]T	0	0	0	1	1	1	1	0	0	0	1	0	0	0	0	1	0	0	0	1	0	0	0	0	0	2	1	0	0	0	0	1	0	0	0	0	0	0	0	0	0	0	0	0	0	0	0	0	0	0	1	1	0	0	0	0	0	0	0	1	0	0	1	1	0	0	0	0	0	0	0	1	0	0	0	1	0	0	0	0	0	0	0	0	1	0	0	0	0	0	0	0	0	0	0	0	0	0	0	3	0	0	0	0	0	0	0	0	0	0	0	0	0	0	0	0	0	0	0	0	0	0	0	0	7	1	0	0	0	0	0	0	1	1	0	1	0	0	1	0	0	0	1	0	0	0	1	0	0	0	1	0	0	0	0	0	0	0	0	0	0	0	0	0	0	0	0	1	0	0	0	1	0	0	2	0	0	0	1	1	0	1	0	0	0	0	0	0	0	0	0	0	0	1	0	2	0	0	0	0	0	0	0	0	0	0	0	0	0	1	0	1	0	1	0	1	0	0	0	0	0	0	0	0	0	0	1	0	0	0	0	0	0	0	1	0	2	3	1	0	1	0	1	0	0	0	0	0	0	0	0	0	0	0	0	0	0	0	0	0	0	0	1	0	0	0	0	0	0	0	0	0	0	0	0	0	0	0	0	0	0	0	0	0	0	0	0	0	0	0	0	0	0	0	0	0	0	0	0	0	1	0	0	0	0	0	0	0	0	0	0	0	0	0	0	0	0	0	0	0	0	0	1	0	0
A[Ins(C):R5]A	1	0	1	0	0	0	1	1	1	0	0	0	0	1	1	0	0	0	0	0	0	1	0	0	0	0	2	0	2	0	0	0	1	0	1	0	0	0	0	2	1	0	0	0	3	0	0	0	0	0	3	0	1	0	2	1	0	1	1	0	0	0	0	5	0	0	0	0	0	0	0	0	0	0	0	2	0	0	0	0	1	0	0	0	2	0	0	1	2	0	0	0	2	0	0	0	0	0	0	0	1	0	0	1	0	0	0	0	0	0	1	1	0	0	0	0	0	1	0	0	0	0	0	0	5	0	0	1	1	0	0	1	0	0	0	1	0	0	2	0	0	0	0	0	0	0	0	1	0	0	1	0	0	0	2	0	0	0	0	2	0	1	1	1	0	1	0	0	0	0	0	0	0	0	0	0	0	0	0	2	0	0	1	0	0	0	0	0	0	1	1	0	0	1	0	1	0	0	0	0	0	0	1	1	1	1	0	0	1	0	0	1	0	0	1	0	0	0	0	0	0	0	0	0	0	0	0	0	1	0	0	0	0	0	0	0	0	5	0	0	0	1	1	0	1	0	0	0	0	1	1	0	1	0	0	0	0	0	1	0	0	0	1	0	1	1	0	0	0	0	0	0	0	1	1	0	1	0	0	1	0	0	0	0	0	0	1	0	0	0	0	0	1	0	1	0	0	0	0	0	1	1	0	1	0	0	1	0	0	0	0	0	1	0	0	0	0	0	0	0	0	0	0	0	1
A[Ins(C):R5]G	0	0	0	0	0	0	0	0	0	0	0	0	0	0	1	0	0	0	0	0	0	0	0	0	0	0	0	0	0	0	0	0	0	0	0	0	0	0	0	0	0	1	0	0	0	0	0	0	0	0	0	0	0	0	0	0	0	1	0	0	0	0	0	1	0	0	0	0	0	0	0	0	0	0	0	0	0	0	0	0	0	0	0	0	0	0	0	0	0	0	0	0	0	0	0	0	0	0	0	0	0	0	0	0	0	0	0	0	0	0	0	0	0	0	0	0	0	0	0	0	0	0	0	0	6	0	0	0	0	0	0	0	0	0	0	0	0	0	0	0	0	0	0	0	0	0	0	0	0	1	0	0	0	0	0	0	0	0	0	1	0	0	0	0	0	0	0	0	0	0	0	0	0	1	0	0	0	0	0	0	0	0	0	0	0	0	0	0	0	0	0	0	0	0	0	1	0	0	0	0	0	0	1	0	0	0	0	1	0	0	0	0	0	0	0	0	0	0	0	0	0	1	0	0	0	0	0	0	0	0	0	0	0	0	0	0	0	1	0	0	0	0	0	0	0	0	0	1	0	0	0	1	0	0	0	0	0	0	0	0	0	0	0	0	0	0	0	0	0	0	0	0	0	0	0	0	0	0	0	0	0	0	0	0	0	0	0	0	0	0	0	0	0	0	1	0	0	0	0	0	0	0	0	1	0	0	1	0	0	0	0	0	0	1	0	0	0	0	0	0	0	0	0	0	0
A[Ins(C):R5]T	0	0	0	0	0	0	0	0	0	0	0	0	0	0	0	0	2	0	0	0	0	0	0	0	0	0	0	0	0	0	0	0	0	0	0	1	0	0	1	0	0	0	0	0	0	0	0	0	0	0	0	0	0	0	1	0	0	0	0	0	0	0	0	0	1	0	0	0	0	0	0	0	0	0	0	0	0	0	1	0	0	0	0	0	1	0	0	0	0	0	1	0	0	0	0	0	0	0	0	0	0	0	0	0	0	0	0	1	0	1	0	0	0	0	0	0	0	0	0	0	0	0	0	0	4	0	0	0	1	1	0	0	0	0	0	0	0	0	0	0	0	0	0	0	0	0	0	0	0	0	0	1	0	0	0	0	0	0	0	2	0	0	0	0	0	0	0	0	0	0	0	0	0	0	0	0	1	0	0	1	0	0	0	0	0	0	0	0	1	0	0	0	0	1	0	0	0	0	1	0	0	0	0	0	0	0	0	0	0	0	0	0	0	0	2	1	0	0	0	0	0	0	1	0	0	0	1	0	0	2	0	0	0	0	0	0	0	5	0	0	0	0	0	0	0	0	0	0	0	0	0	0	1	0	0	0	0	0	0	0	1	0	0	0	0	0	0	0	0	0	0	0	0	0	2	0	0	0	0	0	1	0	0	0	0	0	0	0	0	0	0	1	0	0	0	0	0	1	0	0	0	0	0	1	0	0	0	0	0	0	0	0	0	1	1	0	0	0	0	0	0	0	0	0	0
A[Ins(C):R6]A	0	0	0	0	0	0	0	1	0	0	1	0	0	1	0	0	1	2	0	1	0	0	0	0	0	0	1	0	0	0	1	0	0	0	1	0	1	0	0	0	1	0	0	1	0	0	0	0	0	1	0	0	2	0	0	0	0	0	0	0	1	0	0	1	0	0	0	0	1	0	1	0	0	0	2	0	1	0	2	1	0	0	1	0	0	0	1	1	1	0	0	0	0	2	1	0	0	0	0	1	0	0	0	2	0	0	0	0	0	0	1	0	0	2	0	1	1	0	0	0	0	0	1	0	14	0	0	0	0	1	0	0	0	1	1	1	2	1	1	0	1	1	0	0	0	0	0	0	1	0	2	1	2	0	1	0	0	2	0	0	0	0	1	0	0	1	1	0	0	0	0	0	0	0	1	0	0	0	0	2	1	0	3	0	0	0	0	1	1	0	0	0	0	1	0	1	0	0	0	0	0	0	0	2	0	1	0	0	0	1	0	1	0	0	0	1	0	0	0	0	0	1	0	0	0	0	0	1	0	0	2	0	1	1	1	0	0	8	1	0	1	1	0	0	0	0	0	0	0	2	0	1	1	0	1	0	1	1	0	1	0	0	2	0	0	0	0	1	0	0	0	1	0	0	0	0	0	0	0	0	2	0	0	0	0	0	2	2	0	1	0	0	0	0	0	0	0	0	0	0	0	0	0	1	1	1	0	0	1	0	0	1	0	1	0	0	0	1	0	0	0	0	0	0	0
A[Ins(C):R6]G	0	0	0	0	1	0	0	0	1	0	0	0	0	0	0	0	0	0	1	0	0	0	0	1	0	0	0	0	2	0	0	0	0	0	0	0	1	0	0	0	1	0	0	0	0	0	0	0	0	0	0	0	1	0	0	0	0	0	0	0	0	0	0	0	0	0	0	0	0	0	0	0	0	0	1	0	0	0	0	0	0	0	0	0	0	0	0	0	1	0	0	0	0	0	0	0	0	1	0	0	0	0	0	1	0	0	0	0	0	0	0	0	0	1	0	0	0	0	0	0	0	0	0	0	2	0	0	1	0	0	0	0	0	0	0	0	0	0	0	0	0	0	0	0	0	0	0	0	0	0	0	0	1	0	0	0	0	0	0	0	0	0	0	0	0	0	0	0	0	0	0	0	0	0	1	0	0	0	0	0	0	0	0	1	0	0	0	0	0	0	1	0	0	0	0	0	0	0	0	0	0	0	0	0	2	0	0	0	0	0	0	1	0	0	0	1	0	1	0	0	0	0	1	0	0	0	1	0	0	1	0	0	0	0	0	0	0	1	0	0	0	0	0	0	1	0	0	0	0	1	0	0	0	0	0	0	1	0	0	0	0	0	0	0	0	0	0	0	0	0	0	1	0	0	0	0	0	0	0	0	0	0	0	0	0	0	0	0	0	0	0	0	2	0	0	0	0	0	0	0	1	0	0	2	1	1	0	0	0	0	0	1	0	0	0	0	0	1	0	0	0	0	0	0	0
A[Ins(C):R6]T	0	0	0	0	0	0	0	0	0	0	0	0	0	0	0	0	0	0	0	0	0	0	0	0	0	0	0	1	0	0	0	0	0	0	0	0	0	0	0	0	0	0	0	0	1	0	0	0	0	0	0	0	0	1	0	0	0	0	0	0	0	0	0	2	0	0	1	0	0	1	0	0	0	0	0	0	0	0	0	0	0	0	0	0	0	0	0	0	0	0	0	0	0	0	1	0	1	0	0	0	1	0	0	0	0	0	0	0	0	0	0	0	0	1	0	0	0	0	0	0	0	0	0	0	5	0	1	1	0	0	1	0	0	0	0	0	0	1	1	0	1	0	0	0	0	0	0	0	0	0	1	0	0	0	0	0	0	0	0	1	0	1	0	0	0	1	0	0	1	0	0	0	0	0	0	0	0	0	0	0	0	0	0	0	0	1	1	0	0	0	0	0	0	1	0	0	0	0	0	0	0	0	0	0	0	0	0	0	0	0	0	0	0	0	0	0	0	0	0	0	0	0	0	0	0	0	0	0	0	0	0	0	1	0	0	0	0	5	0	0	0	0	1	0	0	0	0	0	0	1	0	0	0	0	0	0	0	0	0	0	0	0	0	0	0	0	0	0	0	0	0	2	0	0	1	0	0	0	0	0	0	0	0	0	0	0	0	0	0	0	0	0	0	0	0	0	0	0	0	0	0	0	1	0	1	0	0	0	0	0	0	0	0	0	0	0	0	1	1	0	0	1	0	0	0
A[Ins(C):R7]A	1	0	0	1	0	0	1	1	0	0	0	0	2	0	1	0	0	1	1	4	0	0	1	1	1	0	0	0	0	0	1	1	0	0	3	0	1	0	1	2	2	0	0	0	0	1	0	0	0	0	3	1	2	0	1	1	0	1	1	0	3	0	0	3	0	0	1	0	2	1	0	0	0	0	2	1	1	1	1	2	1	0	1	0	1	0	0	1	1	1	2	1	1	2	0	0	2	0	0	1	1	1	1	2	0	1	0	0	1	2	0	0	0	1	0	0	0	0	0	1	0	0	0	0	40	1	0	1	0	4	0	0	0	1	0	0	0	0	2	0	1	0	0	0	0	1	0	1	2	1	2	1	2	1	2	1	0	1	1	3	1	0	3	0	0	0	0	0	0	0	1	0	0	1	0	0	2	0	1	3	0	2	0	0	0	1	1	0	1	1	1	1	1	3	1	2	2	0	1	1	1	1	0	1	2	1	1	0	1	0	0	2	2	0	2	0	1	1	0	1	0	0	1	0	1	0	0	1	2	0	0	1	0	0	0	0	0	25	3	0	1	0	0	0	0	2	1	0	0	0	1	0	0	0	2	0	0	1	0	0	2	0	0	0	1	0	0	0	0	0	1	5	0	0	1	0	1	0	0	5	1	0	1	1	0	1	1	1	0	0	1	0	0	0	0	0	0	1	0	0	0	1	2	1	0	0	1	0	0	0	0	0	1	0	0	0	0	0	1	0	2	0	0	1	2
A[Ins(C):R7]G	0	1	0	0	1	0	1	0	0	0	1	0	0	0	0	0	0	0	0	0	0	0	0	0	1	0	0	0	0	0	0	0	0	0	2	0	0	0	1	0	0	0	0	1	0	1	0	1	0	0	0	0	0	0	0	0	0	0	0	0	1	0	0	1	0	1	0	0	0	0	0	0	1	1	2	0	0	0	0	0	0	0	0	0	1	0	0	0	0	0	1	0	0	0	0	1	0	0	0	0	1	0	0	1	0	0	0	1	1	0	0	1	0	0	0	1	0	0	0	0	0	0	0	0	9	0	0	0	0	1	0	0	0	0	0	0	2	1	0	0	0	0	0	0	0	0	0	0	1	0	0	0	2	1	0	0	0	0	0	0	0	0	1	0	0	0	0	0	0	0	0	0	0	0	1	0	0	0	0	1	0	1	0	0	0	0	0	0	0	0	1	0	0	0	0	1	0	0	0	0	0	0	0	0	0	0	1	2	1	0	0	0	0	0	0	0	0	0	1	1	0	1	0	0	0	0	0	0	0	0	1	0	0	0	0	0	0	6	0	0	0	0	0	0	0	0	0	1	0	0	0	0	0	0	0	0	0	0	0	0	0	1	0	0	0	0	0	0	0	0	0	0	2	0	1	0	0	0	0	0	0	0	0	1	0	0	1	0	0	0	0	0	0	0	0	1	0	0	1	2	2	0	0	0	2	0	0	0	0	0	1	0	0	0	0	0	0	0	0	0	0	1	0	1	0
A[Ins(C):R7]T	0	1	0	0	0	0	0	1	0	0	0	0	0	1	0	1	0	0	0	0	0	0	1	0	0	0	0	1	0	0	0	0	0	0	1	0	0	0	0	0	0	0	0	0	0	0	0	0	0	0	0	0	0	0	1	0	0	1	0	0	0	0	0	0	0	0	0	0	1	0	0	0	0	0	0	0	0	0	1	0	0	0	0	0	0	1	0	0	0	1	0	0	1	0	0	0	0	0	0	1	0	0	0	0	0	0	0	0	0	1	0	0	1	0	0	0	0	0	0	0	0	0	0	0	11	0	0	0	0	0	0	2	0	0	0	0	0	0	0	0	0	0	0	1	2	0	0	0	0	0	1	0	0	0	0	0	0	0	0	0	0	0	0	0	0	0	0	0	0	0	0	0	0	0	0	0	0	0	0	0	0	1	1	0	0	0	0	0	0	0	1	0	0	0	0	0	0	0	0	0	0	0	0	1	0	0	0	0	0	0	0	0	0	0	0	0	0	0	0	0	1	0	0	0	0	0	0	0	1	1	0	0	0	0	0	0	0	10	0	0	0	0	1	0	0	0	0	0	0	0	0	0	0	0	0	0	0	0	0	1	0	0	0	0	1	0	0	0	0	0	0	1	0	0	1	0	0	0	0	1	1	0	0	0	0	0	0	0	0	1	0	0	1	0	0	0	0	0	1	0	0	1	0	0	0	0	0	0	0	0	0	0	0	0	0	1	0	0	0	0	0	0	0	0	0
A[Ins(C):R8]A	0	0	0	0	1	0	0	0	2	0	0	0	0	0	0	1	0	0	1	2	0	0	0	0	2	0	0	0	0	0	1	0	0	0	1	0	0	1	0	1	0	0	0	1	0	0	0	1	0	0	4	0	2	0	0	0	0	0	1	0	1	0	0	8	0	0	0	0	2	0	0	1	1	1	1	0	1	0	2	0	0	0	0	0	0	0	0	0	0	0	1	0	1	1	0	0	1	1	0	2	0	0	0	1	0	1	0	0	1	1	0	0	1	2	0	0	1	0	0	0	0	1	0	0	30	0	0	0	0	0	0	0	0	0	1	2	0	1	1	1	0	0	0	0	0	1	0	0	1	1	1	0	1	1	0	0	2	1	0	0	0	0	0	0	0	0	0	0	1	0	0	0	0	2	1	0	0	1	0	0	0	2	0	2	0	0	0	0	0	0	1	1	0	3	4	1	0	0	0	0	0	0	1	2	0	0	2	0	0	0	0	0	0	0	0	0	0	0	0	0	0	1	0	1	1	0	1	0	0	2	1	0	0	1	0	0	0	27	1	0	1	0	2	0	1	3	0	0	0	0	0	1	1	1	0	0	0	0	0	1	0	1	0	0	1	0	0	0	1	0	0	0	0	0	1	0	0	0	0	1	0	0	0	0	0	1	0	0	1	1	0	0	0	0	0	1	1	0	0	0	0	0	0	2	1	0	0	0	0	0	1	0	0	0	0	0	0	0	0	0	0	0	0	0	0
A[Ins(C):R8]G	0	0	0	0	0	0	0	0	1	0	0	0	0	0	0	0	0	0	0	0	0	0	0	0	0	0	0	0	0	0	0	0	0	0	0	0	0	0	0	0	0	0	0	0	0	0	0	0	0	0	0	0	0	0	0	0	0	0	0	0	0	0	0	2	0	0	0	1	0	0	0	0	0	0	0	0	0	0	1	0	0	0	0	0	0	0	0	0	0	1	0	0	0	0	0	0	0	0	0	0	0	0	0	0	0	0	0	0	0	0	0	0	0	0	0	0	0	0	0	0	0	0	0	0	5	0	0	0	0	0	0	1	0	0	0	0	0	0	0	0	0	0	0	0	0	1	0	0	0	0	0	2	0	0	0	0	0	0	0	0	0	0	0	0	0	0	0	1	0	0	1	0	0	0	0	0	0	0	0	0	0	0	0	0	0	0	0	0	0	0	0	0	0	0	0	0	0	0	0	0	0	0	0	0	0	0	0	0	0	0	0	0	0	0	0	0	0	0	0	0	0	0	0	0	0	0	1	0	0	0	0	0	0	0	0	0	0	6	0	0	0	0	1	0	1	0	0	0	0	0	0	0	0	0	0	0	0	0	0	0	0	0	0	0	1	0	0	0	0	0	0	0	0	1	0	0	1	0	1	1	0	0	0	0	0	0	0	0	0	1	0	0	0	0	0	0	0	0	0	1	0	0	0	0	1	0	0	0	0	0	0	0	0	0	0	0	0	0	0	0	0	0	0	0	0
A[Ins(C):R8]T	0	0	1	0	0	0	0	0	0	0	0	0	0	0	0	0	0	0	0	0	0	0	0	0	1	0	0	0	0	1	0	0	0	0	1	0	0	0	0	0	0	0	0	0	0	0	0	0	0	0	0	0	0	0	0	0	0	0	0	0	0	1	0	4	0	0	1	0	0	0	0	0	0	0	0	0	0	0	0	0	0	0	0	0	0	0	0	0	0	0	2	0	0	1	0	0	1	0	0	1	0	0	0	2	0	0	0	0	0	0	0	0	0	0	0	0	0	0	1	0	0	0	0	0	5	0	0	0	0	0	0	0	0	0	0	0	0	1	0	0	0	0	0	1	1	0	0	0	0	0	0	0	0	0	0	0	0	0	0	0	0	0	0	0	0	0	0	0	0	0	0	0	0	1	0	0	0	0	0	2	0	0	0	0	0	0	0	0	0	0	1	0	0	2	0	0	0	0	0	1	0	0	0	1	2	0	0	0	1	0	0	0	0	0	0	0	0	0	0	0	0	0	0	0	0	0	0	0	0	0	0	0	0	0	0	0	1	10	0	0	0	0	0	0	0	0	0	0	0	0	0	1	0	0	0	0	0	0	0	0	0	0	0	0	0	0	0	0	0	0	0	1	0	0	0	0	0	0	1	1	0	0	0	0	0	0	0	0	0	0	0	0	0	0	0	0	0	0	0	0	0	0	0	0	0	0	0	0	0	0	0	0	0	1	0	0	0	1	0	0	0	0	0	0	0
A[Ins(C):R(9,)]A	0	0	0	0	0	0	0	0	0	0	0	0	0	0	0	0	0	0	0	0	0	0	0	0	0	0	0	0	0	0	0	0	0	0	0	0	0	0	0	0	0	0	0	0	0	0	0	0	0	0	0	0	0	0	0	0	0	0	0	0	0	0	0	0	0	0	0	0	0	0	0	0	0	0	0	0	0	0	0	0	0	0	0	0	0	0	0	0	0	0	0	0	0	0	0	0	0	0	0	0	0	0	0	0	0	0	0	0	0	0	0	0	0	0	0	0	0	0	0	0	0	0	0	0	0	0	0	0	0	0	0	0	0	0	0	0	0	0	0	0	0	0	0	0	0	0	0	0	0	0	0	0	0	0	0	0	0	0	0	0	0	0	0	0	0	0	0	0	0	0	0	0	0	0	0	0	0	0	0	0	0	0	0	0	0	0	0	0	0	0	0	0	0	0	0	0	0	0	0	0	0	0	0	0	0	0	0	0	0	0	0	0	0	0	0	0	0	0	0	0	0	0	0	0	0	0	0	0	0	0	0	0	0	0	0	0	0	0	0	0	0	0	0	0	0	0	0	0	0	0	0	0	0	0	0	0	0	0	0	0	0	0	0	0	0	0	0	0	0	0	0	0	0	0	0	0	0	0	0	0	0	0	0	0	0	0	0	0	0	0	0	0	0	0	0	0	0	0	0	0	0	0	0	0	0	0	0	0	0	0	0	0	0	0	0	0	0	0	0	0	0	0	0	0	0
A[Ins(C):R(9,)]G	0	0	0	0	0	0	0	0	0	0	0	0	0	0	0	0	0	0	0	0	0	0	0	0	0	0	0	0	0	0	0	0	0	0	0	0	0	0	0	0	0	0	0	0	0	0	0	0	0	0	0	0	0	0	0	0	0	0	0	0	0	0	0	0	0	0	0	0	0	0	0	0	0	0	0	0	0	0	0	0	0	0	0	0	0	0	0	0	0	0	0	0	0	0	0	0	0	0	0	0	0	0	0	0	0	0	0	0	0	0	0	0	0	0	0	0	0	0	0	0	0	0	0	0	0	0	0	0	0	0	0	0	0	0	0	0	0	0	0	0	0	0	0	0	0	0	0	0	0	0	0	0	0	0	0	0	0	0	0	0	0	0	0	0	0	0	0	0	0	0	0	0	0	0	0	0	0	0	0	0	0	0	0	0	0	0	0	0	0	0	0	0	0	0	0	0	0	0	0	0	0	0	0	0	0	0	0	0	0	0	0	0	0	0	0	0	0	0	0	0	0	0	0	0	0	0	0	0	0	0	0	0	0	0	0	0	0	0	0	0	0	0	0	0	0	0	0	0	0	0	0	0	0	0	0	0	0	0	0	0	0	0	0	0	0	0	0	0	0	0	0	0	0	0	0	0	0	0	0	0	0	0	0	0	0	0	0	0	0	0	0	0	0	0	0	0	0	0	0	0	0	0	0	0	0	0	0	0	0	0	0	0	0	0	0	0	0	0	0	0	0	0	0	0	0
A[Ins(C):R(9,)]T	0	0	0	0	0	0	0	0	0	0	0	0	0	0	0	0	0	0	0	0	0	0	0	0	0	0	0	0	0	0	0	0	0	0	0	0	0	0	0	0	0	0	0	0	0	0	0	0	0	0	0	0	0	0	0	0	0	0	0	0	0	0	0	0	0	0	0	0	0	0	0	0	0	0	0	0	0	0	0	0	0	0	0	0	0	0	0	0	0	0	0	0	0	0	0	0	0	0	0	0	0	0	0	0	0	0	0	0	0	0	0	0	0	0	0	0	0	0	0	0	0	0	0	0	0	0	0	0	0	0	0	0	0	0	0	0	0	0	0	0	0	0	0	0	0	0	0	0	0	0	0	0	0	0	0	0	0	0	0	0	0	0	0	0	0	0	0	0	0	0	0	0	0	0	0	0	0	0	0	0	0	0	0	0	0	0	0	0	0	0	0	0	0	0	0	0	0	0	0	0	0	0	0	0	0	0	0	0	0	0	0	0	0	0	0	0	0	0	0	0	0	0	0	0	0	0	0	0	0	0	0	0	0	0	0	0	0	0	0	0	0	0	0	0	0	0	0	0	0	0	0	0	0	0	0	0	0	0	0	0	0	0	0	0	0	0	0	0	0	0	0	0	0	0	0	0	0	0	0	0	0	0	0	0	0	0	0	0	0	0	0	0	0	0	0	0	0	0	0	0	0	0	0	0	0	0	0	0	0	0	0	0	0	0	0	0	0	0	0	0	0	0	0	0	0
G[Ins(C):R0]A	2	2	0	0	0	0	0	0	1	0	1	0	1	0	1	0	3	1	0	2	0	0	1	0	0	0	0	1	0	0	0	0	0	6	1	5	0	0	3	50	0	0	1	1	2	2	3	2	1	0	62	1	24	3	3	1	2	0	3	0	0	1	0	0	2	1	0	1	0	0	5	3	3	2	2	33	1	0	6	0	1	2	0	1	4	0	4	2	0	0	2	1	0	0	0	0	0	2	1	0	55	0	1	3	1	0	0	3	5	0	0	3	8	5	2	0	0	4	1	0	4	1	1	4	10	0	1	4	0	0	1	3	0	2	3	3	0	1	2	1	5	1	2	2	1	4	0	0	1	0	2	1	2	0	1	2	1	1	1	1	0	0	0	0	0	0	0	0	1	1	1	1	0	0	0	0	0	0	1	13	0	0	3	0	0	1	1	2	1	1	0	0	0	1	2	1	1	0	0	1	0	0	0	0	1	0	0	1	0	0	2	0	0	0	36	4	0	0	0	4	4	0	2	1	0	0	1	1	0	2	1	0	0	0	0	0	0	1	0	1	0	2	2	0	1	1	2	2	0	2	0	0	2	1	0	0	0	0	1	0	1	0	0	0	3	3	0	0	0	0	0	3	0	0	5	0	0	8	1	4	1	0	0	0	2	1	0	1	0	1	0	0	0	0	0	0	0	0	0	0	2	0	1	0	1	0	1	2	0	0	0	0	2	0	0	0	0	0	2	1	4	3	4	0	3
G[Ins(C):R0]G	0	0	0	0	0	0	0	0	0	0	0	0	1	0	0	0	0	1	0	0	0	0	0	1	0	0	0	0	1	0	0	0	0	0	0	3	0	0	0	0	0	0	0	0	1	0	0	0	0	0	1	0	1	0	0	0	0	0	0	0	0	0	0	0	0	0	0	0	0	1	0	0	1	0	0	2	0	0	2	0	0	0	0	1	0	0	1	0	0	0	0	0	1	1	0	0	0	0	0	0	3	1	0	0	0	0	0	0	0	1	0	1	0	0	1	0	0	0	0	0	1	0	1	0	5	0	0	0	0	1	1	0	0	0	1	1	0	0	0	0	1	0	0	0	1	0	1	0	0	0	0	1	0	0	0	0	1	0	0	0	1	0	0	0	0	0	0	0	0	0	0	1	0	0	0	0	2	0	0	2	1	0	0	1	0	3	0	0	2	0	0	0	0	0	1	0	0	0	0	0	0	0	0	0	0	2	0	0	0	0	0	0	0	0	0	0	0	0	0	1	1	0	0	1	0	0	1	1	0	1	0	0	0	2	1	0	0	1	0	0	0	0	0	0	0	0	1	0	0	1	0	0	2	0	0	1	0	0	0	2	0	0	0	0	0	1	0	0	0	0	0	0	0	0	0	0	0	1	0	2	0	0	0	0	0	0	0	1	0	0	0	0	0	0	1	0	0	0	0	0	1	1	0	0	0	1	0	0	0	0	0	0	0	0	0	0	0	0	0	0	0	0	1	0	0
G[Ins(C):R0]T	0	0	0	0	0	0	0	0	3	0	3	0	0	1	0	1	1	0	0	0	0	0	0	0	0	0	0	0	1	0	0	0	0	2	0	0	0	0	1	2	1	0	0	0	0	1	0	0	0	0	3	1	2	0	1	0	0	0	0	0	0	1	0	0	0	0	0	0	0	0	1	0	1	0	0	2	0	0	4	1	0	0	0	0	1	0	0	0	0	0	1	0	0	4	0	0	0	0	0	0	0	1	2	1	1	0	0	0	0	0	1	0	0	1	1	0	0	0	0	0	0	0	0	0	5	0	0	0	0	0	2	0	1	0	2	1	0	1	0	0	0	0	0	0	1	0	0	0	0	0	1	1	0	1	0	0	0	0	0	0	0	1	0	0	0	0	0	1	0	1	0	0	0	0	0	1	0	0	0	1	0	1	2	0	0	1	0	0	0	0	3	0	0	1	0	0	0	0	0	1	0	1	0	0	1	1	1	0	1	1	0	1	0	0	1	0	1	0	0	0	0	0	1	0	1	0	2	0	0	1	3	0	0	1	0	0	0	0	0	0	1	0	0	0	3	0	1	0	0	0	0	2	1	0	0	1	0	0	0	2	0	0	0	0	1	2	0	0	0	0	2	1	0	0	1	0	1	0	1	1	1	1	0	1	1	1	1	0	0	0	0	0	1	0	0	0	1	0	1	0	1	0	1	0	1	1	0	0	0	0	0	0	0	0	0	0	0	0	0	0	1	2	0	0	0
G[Ins(C):R1]A	0	0	0	0	1	0	0	0	1	0	0	0	0	0	0	0	0	2	0	1	0	0	0	1	0	0	0	0	0	0	0	0	0	1	0	3	0	0	0	9	0	1	0	0	0	0	1	1	0	0	17	0	10	0	0	0	0	0	1	0	2	0	0	1	0	1	0	1	0	1	1	2	1	1	0	14	0	1	3	3	0	0	0	0	0	1	0	1	0	2	0	0	0	2	0	0	0	2	0	0	11	1	2	0	0	0	0	1	0	0	0	0	1	1	0	0	0	0	0	1	0	1	0	0	2	1	0	0	0	1	1	0	0	0	1	0	0	0	0	0	1	0	0	0	1	0	0	0	0	0	1	0	0	2	1	0	0	0	1	0	0	2	0	0	0	0	0	0	0	1	0	1	0	0	1	0	0	1	0	3	0	0	0	0	0	1	0	1	0	0	0	1	2	2	1	0	0	0	0	2	0	0	1	0	0	2	0	0	0	0	0	1	0	0	9	0	0	0	0	1	0	0	0	0	1	0	2	0	0	0	2	0	0	0	1	0	0	1	0	0	0	0	0	1	1	1	1	0	0	1	0	0	1	2	2	0	0	0	0	1	0	0	0	0	1	1	0	1	0	0	1	0	0	1	1	0	0	1	0	2	1	0	0	1	0	0	0	2	0	1	0	0	0	0	0	0	0	0	0	0	0	0	0	0	0	1	0	0	1	0	1	0	0	1	0	0	0	1	0	0	1	1	0	0	1
G[Ins(C):R1]G	0	0	0	0	0	1	0	0	0	0	0	0	0	0	0	0	0	0	0	0	0	0	0	0	0	0	0	0	1	0	1	0	0	0	0	0	0	0	0	1	0	0	0	0	0	0	0	0	0	0	3	1	1	0	1	1	0	0	0	0	1	0	1	0	0	0	0	0	0	0	0	0	0	0	0	1	0	0	0	0	1	0	0	0	0	0	0	0	0	0	0	0	0	0	0	0	0	0	1	0	0	0	0	0	0	0	0	0	0	0	0	0	0	0	0	0	0	1	0	0	0	0	0	0	0	0	0	0	0	0	0	0	0	0	0	0	0	0	0	0	1	0	0	0	0	1	0	0	0	0	0	0	0	0	0	0	0	0	0	0	0	0	0	0	0	0	0	0	0	1	0	0	0	0	0	0	0	0	0	0	0	0	0	0	0	0	0	0	0	0	1	0	0	0	1	0	0	1	0	0	0	0	0	0	0	3	0	0	0	0	1	1	0	0	4	0	0	0	0	0	0	0	0	0	0	0	3	0	0	1	0	0	0	2	0	0	0	0	0	0	1	0	0	0	0	0	0	0	0	1	0	0	0	0	0	1	0	0	0	0	0	0	0	0	1	0	0	0	0	0	0	0	0	0	0	0	0	0	0	0	0	0	0	0	0	0	0	0	0	0	0	0	0	0	0	0	0	0	0	0	0	0	0	0	0	1	0	0	0	0	0	0	0	0	0	0	0	0	0	0	0	0	0	0	0
G[Ins(C):R1]T	0	0	0	0	0	0	1	0	0	0	1	0	0	0	0	0	0	0	0	0	0	0	0	1	0	0	1	0	0	0	1	0	0	1	1	0	1	0	0	5	0	0	1	1	0	0	1	2	0	0	5	1	5	0	0	0	1	2	1	0	0	0	0	0	0	0	0	0	0	0	3	1	0	0	2	2	1	0	1	0	0	0	0	1	0	0	0	0	1	0	0	0	1	1	0	0	0	0	0	0	3	1	0	1	0	0	0	1	0	0	0	0	0	1	1	0	0	0	0	0	1	0	0	2	3	0	0	0	0	1	1	2	0	1	1	0	0	0	0	0	0	0	0	0	0	0	0	0	0	0	0	2	2	1	0	0	1	1	0	1	0	0	0	0	0	0	0	0	1	0	0	0	0	0	0	1	1	0	0	1	0	0	5	0	0	0	1	2	0	0	1	0	0	2	0	1	0	0	0	1	0	1	0	0	1	2	0	0	1	0	0	0	0	0	4	0	0	0	0	1	1	0	1	1	0	0	0	0	0	1	0	0	0	1	1	0	0	3	0	0	1	0	0	0	0	1	0	2	0	0	0	0	1	0	0	0	0	0	0	0	0	0	0	0	1	0	0	0	0	0	0	0	0	0	2	0	1	2	0	0	0	0	0	0	0	0	1	0	0	0	0	0	1	0	0	1	0	0	0	0	2	0	0	0	0	0	0	0	0	0	0	4	1	2	1	0	1	2	0	0	2	0	0	0	0
G[Ins(C):R2]A	0	0	0	0	0	0	1	0	0	0	0	0	0	0	0	0	1	1	0	0	0	0	1	0	0	0	0	0	0	0	0	0	0	0	0	0	1	1	0	2	1	1	0	1	0	1	1	1	0	0	1	1	2	1	0	4	0	0	0	0	0	0	0	0	0	0	0	0	0	1	0	0	0	0	0	2	1	0	3	0	3	0	1	0	0	0	0	0	1	2	0	1	0	0	0	0	0	1	0	1	2	0	0	0	0	0	0	0	0	1	0	0	0	0	0	0	0	1	0	0	0	0	1	0	1	0	0	1	0	0	0	0	0	0	0	0	2	0	0	0	0	1	0	0	0	0	0	0	0	1	1	1	0	0	0	0	1	1	0	0	0	0	0	0	0	1	0	0	1	0	0	2	0	0	0	0	0	0	0	1	0	1	0	0	0	1	0	0	0	0	0	0	0	0	0	0	0	0	0	0	0	0	0	0	0	4	1	2	1	0	2	0	0	0	2	1	0	0	1	0	0	0	1	2	1	0	0	0	0	0	0	0	0	0	0	0	0	0	0	0	0	0	0	0	0	0	0	0	1	0	0	0	0	0	0	1	0	0	1	0	0	0	0	0	0	0	0	0	0	1	0	0	1	0	0	0	0	1	1	0	0	0	0	0	0	0	1	1	0	0	0	0	0	0	0	0	1	0	0	0	0	0	0	0	0	0	0	1	0	0	0	0	0	0	0	0	0	0	0	0	0	0	0	0	0
G[Ins(C):R2]G	0	0	0	0	0	0	0	0	0	0	0	0	0	0	0	0	0	0	0	0	0	0	0	0	0	0	0	0	0	0	0	0	0	0	0	0	0	0	0	1	0	0	0	0	0	0	0	0	0	0	1	0	0	0	0	0	1	0	0	0	0	0	0	0	0	0	0	0	0	0	1	0	1	0	0	1	0	0	0	0	0	0	0	0	0	0	0	0	0	0	0	0	0	0	0	0	0	0	0	0	0	0	0	0	0	1	0	0	0	0	0	0	1	0	0	0	0	0	0	0	0	0	0	0	0	0	0	0	0	0	0	1	0	0	0	0	1	0	0	0	0	0	0	0	0	0	0	0	0	0	0	0	0	0	0	0	0	1	0	1	0	0	0	0	0	0	1	0	0	0	0	0	0	0	0	0	0	0	0	0	0	0	0	0	0	0	0	0	0	0	1	0	0	0	0	0	0	0	0	0	0	0	0	0	0	1	0	0	0	0	0	0	1	0	0	0	0	0	0	0	0	1	1	0	0	0	1	0	0	0	0	0	0	0	0	0	0	0	0	0	0	0	1	0	0	0	0	0	0	0	0	0	1	0	0	0	0	0	0	0	0	0	2	0	0	0	0	0	0	0	0	0	0	0	0	0	0	1	0	0	0	0	0	0	0	0	0	0	0	0	0	0	1	1	0	0	0	0	0	0	0	0	0	0	0	0	0	0	0	0	0	0	0	0	0	0	0	0	0	0	0	0	0	0	0
G[Ins(C):R2]T	1	1	1	0	2	0	0	1	0	0	0	0	0	0	0	0	1	0	0	0	0	0	1	0	0	0	0	0	0	0	2	0	0	0	0	0	0	0	0	1	1	1	0	1	0	0	0	1	0	0	0	0	0	0	0	0	0	0	0	0	0	1	0	0	2	0	1	0	0	0	0	1	0	0	0	1	0	0	3	1	0	0	0	0	1	0	0	0	1	0	0	0	1	1	0	0	1	0	0	1	2	0	0	0	0	0	0	0	1	1	0	0	0	1	0	0	0	0	0	0	0	0	1	0	2	0	0	0	0	0	4	1	0	1	0	1	0	0	1	0	0	0	1	0	1	1	0	0	0	0	0	0	0	0	0	0	0	2	0	2	2	1	0	0	0	0	0	0	0	0	0	0	1	0	0	0	0	0	1	3	0	0	1	0	0	5	0	0	0	0	0	0	0	1	0	0	0	0	0	0	0	0	1	0	0	0	2	0	0	1	2	0	0	0	3	0	0	0	0	0	1	0	0	0	0	0	1	1	0	0	0	0	0	0	0	0	0	0	0	0	2	0	1	0	0	0	0	1	0	0	0	0	0	0	0	0	0	0	0	0	1	0	0	1	1	1	0	0	0	0	0	1	0	0	0	0	0	0	0	0	0	0	0	1	0	0	0	0	0	1	0	0	1	0	0	0	0	0	1	0	0	0	0	0	0	0	0	2	0	0	0	0	0	0	0	0	0	0	0	0	1	1	0	0	0
G[Ins(C):R3]A	0	0	0	0	0	0	0	0	2	0	0	0	0	0	0	0	0	0	1	1	0	0	0	0	0	1	0	0	0	0	1	0	0	0	0	0	0	0	0	1	1	0	0	0	1	0	1	0	0	0	0	0	0	0	0	0	0	0	0	0	1	0	0	0	0	0	0	0	0	0	0	1	0	0	1	0	0	0	0	0	0	0	0	0	0	0	0	0	0	0	0	0	0	0	0	0	0	1	0	1	1	0	0	0	0	0	0	0	0	0	0	0	0	1	0	0	0	0	0	0	1	0	1	0	0	0	0	0	0	0	1	1	0	0	0	0	0	0	0	0	0	0	0	0	0	0	0	0	0	0	0	0	1	0	1	0	0	0	0	1	0	0	0	1	0	0	1	0	0	0	0	0	0	0	0	0	0	0	0	0	0	0	0	0	0	1	0	0	0	0	0	0	0	0	0	0	0	0	0	0	0	0	0	0	0	3	0	0	0	0	0	0	0	0	0	0	0	1	0	0	1	0	0	0	0	0	2	0	0	0	1	1	0	0	0	0	0	1	2	0	0	0	1	0	2	0	0	1	0	0	0	0	0	0	2	1	0	0	0	0	0	0	0	1	0	0	0	0	0	0	1	0	0	0	0	0	0	0	0	0	0	0	0	0	0	0	0	0	0	0	1	0	0	0	0	0	0	0	0	1	0	0	0	0	0	0	0	0	0	0	0	0	1	0	0	0	0	0	0	0	0	0	0	0	0
G[Ins(C):R3]G	1	0	0	0	0	0	0	1	0	0	0	0	0	0	0	0	0	1	0	0	0	0	0	0	0	0	0	0	0	0	0	0	0	0	0	0	0	0	1	0	0	1	0	1	0	0	1	0	0	0	0	1	1	0	0	0	0	0	0	0	0	0	0	2	0	0	0	0	0	0	0	2	0	0	0	0	0	1	0	0	0	1	0	0	1	0	0	0	1	0	0	0	0	0	0	0	0	0	0	0	0	0	0	0	0	0	0	0	0	0	0	0	0	0	0	0	0	0	0	0	0	0	0	0	0	0	0	0	0	0	2	0	0	0	0	0	0	0	0	0	0	0	0	0	0	0	0	0	0	0	0	0	0	0	0	0	1	1	0	0	0	0	0	1	0	1	0	0	0	0	0	0	1	0	0	0	1	0	0	0	0	0	0	1	0	0	0	0	0	1	1	0	0	0	0	0	0	0	0	0	0	0	0	0	0	0	0	0	0	0	0	0	0	0	1	0	0	0	0	0	0	0	0	0	0	0	1	1	0	0	0	1	0	0	0	0	0	0	0	0	0	0	0	0	0	0	0	0	0	0	0	0	0	0	1	1	0	0	0	0	0	0	1	0	0	0	0	0	0	0	0	0	0	0	0	0	0	0	0	0	0	0	0	0	0	0	0	1	0	0	0	0	0	0	0	0	0	0	0	0	0	0	0	0	0	0	1	0	0	0	0	0	0	0	0	0	0	0	0	0	0	0	0	0	0
G[Ins(C):R3]T	0	0	0	0	0	0	0	0	0	0	0	0	0	0	0	0	0	0	0	0	0	0	1	0	0	0	0	0	1	0	0	0	0	1	0	0	0	0	0	1	0	0	0	0	0	0	0	0	0	0	0	1	0	0	0	0	0	0	0	0	0	0	0	0	0	0	0	0	1	0	0	0	0	0	0	0	0	0	0	0	0	0	1	0	1	0	1	0	0	0	0	0	1	0	0	0	0	0	0	1	0	0	0	0	0	0	0	0	0	0	0	0	0	0	0	0	0	0	0	0	1	0	0	0	2	1	0	1	0	0	2	0	0	0	1	0	0	0	0	0	1	0	0	0	0	0	0	0	0	0	0	0	0	1	0	0	0	0	0	0	0	0	1	0	0	0	1	0	1	0	0	0	1	0	1	0	0	0	0	0	0	0	0	0	0	2	0	0	0	0	1	0	0	0	0	0	0	0	0	0	0	0	0	0	0	1	0	1	0	0	1	0	0	0	0	0	0	0	0	0	0	0	0	0	0	0	1	0	0	0	0	0	0	0	0	0	0	2	0	0	0	0	0	0	0	0	0	0	0	0	0	0	0	0	0	0	0	0	0	0	0	0	0	0	0	0	0	0	0	0	0	0	0	0	0	0	0	1	0	0	0	0	0	0	0	0	1	0	0	0	0	0	0	0	0	1	0	0	0	0	0	0	0	0	1	0	0	0	0	1	1	0	0	0	0	0	0	0	0	0	1	0	0	0	0
G[Ins(C):R4]A	0	0	0	0	0	0	0	0	0	0	1	0	0	0	0	0	0	1	0	0	0	0	0	0	0	0	0	0	0	0	0	0	0	0	0	0	0	0	1	0	0	0	0	0	1	0	0	0	0	0	1	0	0	1	0	0	0	0	0	0	0	0	0	4	0	0	0	0	2	1	0	1	0	0	0	0	0	0	0	1	0	0	0	0	1	0	0	0	0	0	0	0	0	0	1	0	0	0	0	0	0	0	0	0	0	0	0	0	0	0	0	0	0	1	1	0	0	0	0	0	1	1	1	0	4	0	0	0	0	0	1	0	0	0	1	0	0	0	0	0	0	0	0	0	0	0	0	0	0	0	0	0	0	1	0	0	1	1	0	0	0	1	1	0	0	0	0	1	0	0	0	0	0	0	0	0	0	0	0	0	0	0	0	0	0	0	0	1	0	0	1	0	0	2	1	0	0	0	0	1	0	0	0	0	0	1	0	1	0	0	0	1	0	0	0	0	0	1	0	0	0	0	0	2	2	1	1	0	0	0	0	0	0	0	0	0	0	8	0	0	0	0	1	0	0	0	0	0	0	0	0	0	0	0	0	0	0	0	0	0	0	0	0	1	0	0	0	0	0	0	1	0	0	0	0	0	0	0	0	0	0	0	0	0	0	0	0	1	0	0	0	0	0	0	0	0	0	0	0	0	0	2	0	0	1	0	0	0	0	0	0	0	1	0	1	0	0	0	0	0	0	1	1	0	0
G[Ins(C):R4]G	0	0	0	0	0	0	0	0	1	0	0	0	0	0	0	0	0	0	0	1	0	0	0	0	1	0	0	0	0	0	0	0	0	0	0	0	0	0	0	0	0	0	0	0	0	0	0	0	1	0	0	0	0	0	0	0	0	0	0	0	0	0	0	0	0	0	0	1	0	1	1	1	0	0	0	0	0	0	0	0	0	0	0	0	1	0	0	0	0	0	0	0	1	1	0	0	0	0	0	1	1	0	0	0	0	0	0	0	0	0	0	0	1	0	0	0	1	0	1	0	0	1	0	0	0	0	0	0	0	1	0	0	0	0	0	0	1	0	0	0	1	0	0	0	0	0	0	0	0	0	0	0	0	1	1	0	1	1	0	0	0	1	0	0	0	0	0	0	0	0	1	0	0	0	0	0	0	0	0	0	0	0	0	0	0	0	0	0	0	0	0	0	0	0	0	0	0	0	0	0	0	0	0	1	0	0	1	0	0	1	0	0	0	0	0	0	0	0	0	0	0	2	0	0	0	0	0	0	1	0	1	0	0	0	1	0	0	0	0	0	0	0	0	0	1	0	0	0	0	0	0	0	0	0	0	0	1	0	0	0	0	0	0	0	0	0	0	0	0	0	0	0	0	0	0	0	0	0	0	0	0	0	1	0	0	0	0	0	0	0	0	0	0	0	0	0	0	2	0	0	0	0	0	0	0	0	0	0	0	0	0	0	0	0	0	0	0	0	0	0	0	0	0	0	0
G[Ins(C):R4]T	0	0	0	0	0	0	0	0	0	0	0	0	0	0	1	0	0	0	0	1	0	0	0	0	0	0	0	0	0	0	0	0	0	0	0	0	0	0	0	0	0	0	0	1	0	1	0	0	1	0	0	0	1	1	0	1	0	0	0	0	0	0	0	0	0	0	0	0	0	0	0	1	0	0	0	0	0	0	0	0	1	0	0	0	0	0	1	0	0	0	0	0	0	0	0	0	0	0	0	0	1	0	0	0	0	0	0	0	0	0	0	0	0	1	0	0	0	0	0	0	0	0	0	0	3	1	0	0	0	0	0	0	0	0	0	0	0	0	0	0	0	0	0	0	0	0	0	0	0	0	1	0	0	0	0	0	0	1	0	0	0	0	0	0	0	1	2	0	1	0	0	0	0	1	0	0	1	0	0	0	0	0	0	1	0	0	0	0	0	0	0	0	0	1	0	0	0	0	0	0	0	0	0	0	0	1	1	0	0	0	0	0	0	0	0	0	0	0	0	0	0	0	0	0	0	0	0	0	0	0	0	0	1	0	1	0	0	2	1	0	0	0	0	0	0	0	0	0	0	1	0	0	0	0	0	0	0	0	0	1	0	0	0	0	0	0	0	0	0	0	2	0	0	0	0	0	0	1	0	1	0	0	0	0	0	0	1	0	0	0	0	0	2	0	0	0	0	0	0	0	0	0	0	0	0	0	0	0	0	0	0	0	0	0	0	1	1	0	0	0	0	0	0	0	0
G[Ins(C):R5]A	0	0	0	0	0	0	0	0	0	0	0	0	0	0	0	0	0	0	0	3	0	0	0	0	0	1	0	0	0	0	1	0	0	0	0	0	0	0	0	2	0	0	0	1	0	0	0	0	0	0	0	0	1	0	0	0	0	0	1	0	0	0	0	1	0	0	0	0	1	0	0	1	0	0	0	2	1	0	0	0	0	0	0	0	1	0	0	1	0	0	0	0	1	0	0	0	0	0	0	0	0	0	0	0	0	0	0	0	0	0	0	0	1	1	0	1	0	0	0	0	0	1	0	0	9	0	0	0	0	0	0	0	0	0	0	0	1	0	0	0	0	0	0	0	0	0	0	0	0	0	0	2	0	0	1	1	0	1	0	0	0	0	1	0	0	0	0	0	0	1	0	0	1	0	0	0	0	0	0	0	0	0	2	0	0	0	0	0	0	0	0	0	0	2	0	0	0	0	0	0	0	0	0	0	1	4	0	0	0	0	0	0	0	0	1	0	0	0	0	0	0	0	0	0	0	0	0	0	0	0	0	0	0	0	0	0	0	6	0	0	1	0	0	1	0	0	0	0	0	3	0	0	1	0	0	1	0	0	0	0	0	0	0	0	0	0	0	0	0	0	0	1	0	0	0	0	0	0	0	0	0	0	0	0	1	0	0	0	0	0	0	0	0	0	0	0	0	0	0	0	2	0	0	0	1	0	0	0	0	0	0	0	0	0	0	0	0	0	0	1	1	0	0	0	0
G[Ins(C):R5]G	0	0	0	1	0	0	0	0	0	0	0	0	1	0	0	0	0	1	0	1	0	0	0	0	0	0	0	0	0	0	0	0	1	0	0	0	0	0	0	0	0	0	0	0	0	1	1	0	0	1	0	0	0	0	0	0	0	0	0	0	0	0	0	1	0	0	0	1	0	0	0	1	0	0	0	0	0	0	0	0	0	0	0	0	1	0	0	0	0	0	1	0	0	1	0	0	1	0	0	0	0	0	0	0	0	0	0	0	0	0	0	0	1	0	0	0	1	0	0	0	0	0	0	0	3	0	0	0	0	1	0	0	0	0	0	0	0	0	1	0	0	0	0	0	1	0	0	0	0	0	0	1	0	0	0	0	0	0	0	0	0	0	0	0	0	1	0	1	0	0	0	0	1	0	0	0	1	0	0	0	0	0	2	0	0	0	0	0	0	0	0	0	0	0	0	0	1	0	0	0	0	0	0	0	0	0	0	0	0	0	0	0	0	0	0	0	0	0	0	0	0	1	1	1	0	0	0	0	0	0	0	0	0	1	0	0	0	2	0	0	0	0	1	0	0	0	0	2	0	0	0	0	0	0	1	0	0	1	0	0	0	0	0	0	1	0	0	0	0	0	0	1	0	0	0	0	0	0	0	0	1	0	0	1	0	1	0	1	0	0	0	0	0	0	0	0	0	0	0	0	0	1	0	1	1	0	0	0	0	0	0	0	0	0	0	1	0	0	0	0	0	0	0	0	0
G[Ins(C):R5]T	1	0	0	0	2	0	1	0	0	0	0	0	0	0	0	0	0	0	0	0	0	0	0	0	1	0	0	0	0	0	0	0	0	0	1	0	1	0	0	0	0	0	0	1	0	0	0	0	0	0	0	0	0	1	1	1	0	0	0	0	0	0	0	1	0	0	0	0	0	1	0	1	0	1	1	0	0	0	1	1	0	0	0	0	1	0	0	0	0	0	0	0	1	0	1	0	0	0	0	3	1	0	0	0	0	1	0	0	0	0	1	0	1	0	0	0	0	0	0	0	0	0	1	1	14	0	0	1	0	1	0	0	0	0	0	1	0	0	0	0	0	0	0	0	0	0	0	0	0	0	0	0	1	0	0	0	1	0	1	0	0	0	0	0	0	0	0	0	0	0	0	0	0	0	0	0	0	0	0	2	0	1	0	0	0	0	0	0	0	0	0	0	0	1	0	0	0	0	0	0	0	0	0	1	0	1	0	0	0	1	0	0	0	0	0	1	0	0	0	1	0	0	0	0	1	0	1	0	1	0	0	0	0	2	0	0	0	8	0	0	0	0	0	0	0	0	0	0	0	0	0	1	0	0	1	0	0	0	0	0	0	1	0	0	0	0	0	1	1	0	0	0	2	0	0	0	0	1	0	1	0	0	0	0	1	0	0	0	0	0	0	0	0	0	0	0	0	0	0	0	0	0	0	0	0	0	0	0	0	0	0	0	1	0	0	0	0	0	0	0	0	0	0	0	0
G[Ins(C):R6]A	0	0	1	0	0	0	0	0	3	1	1	0	0	0	0	1	0	0	1	0	0	0	0	0	0	0	0	0	2	0	0	0	0	0	0	0	2	0	0	1	1	0	0	0	0	0	1	0	0	0	0	1	2	0	0	0	0	0	1	0	0	0	0	2	0	1	0	0	0	0	0	0	0	2	1	0	0	0	2	1	0	0	0	1	1	0	0	0	0	0	2	0	0	0	0	1	0	0	0	0	0	1	0	0	1	1	1	0	0	0	0	0	1	0	0	1	0	1	0	0	0	0	0	0	20	0	0	0	0	0	1	0	0	1	0	2	1	2	0	3	0	0	0	0	2	1	0	0	0	0	1	2	1	0	0	2	0	1	0	0	0	0	1	0	1	0	0	0	0	0	0	0	0	0	1	0	0	0	0	1	1	1	1	1	1	2	1	0	0	0	0	0	0	1	0	0	1	0	0	2	0	0	0	1	0	0	1	0	0	0	0	0	0	0	1	0	0	1	0	1	1	1	2	0	1	0	1	0	0	1	1	0	0	2	0	0	0	12	0	0	0	0	2	1	3	0	0	0	0	0	0	0	1	0	4	0	0	0	0	0	1	0	0	0	0	0	0	1	0	0	1	0	0	0	0	0	1	1	0	0	0	0	1	0	0	0	0	0	0	0	2	1	0	0	0	0	0	0	0	0	0	0	0	0	2	1	0	0	0	0	0	0	0	0	1	1	0	1	0	0	1	1	0	1	0
G[Ins(C):R6]G	0	0	0	0	0	0	0	0	0	0	0	0	0	0	0	0	0	0	1	0	0	0	0	0	0	0	1	1	0	0	1	0	0	1	1	0	0	0	0	0	1	1	0	0	0	0	0	2	0	0	0	0	0	0	0	0	0	1	1	0	0	0	0	0	0	0	0	0	0	0	0	0	0	0	0	1	1	0	1	0	0	0	0	1	2	0	2	0	0	0	0	0	0	0	0	1	1	0	0	0	0	0	0	0	1	1	0	0	2	0	0	0	2	0	1	0	0	0	0	1	0	0	0	0	10	1	0	0	0	0	0	1	0	0	0	3	1	1	0	0	0	0	1	0	1	0	1	0	0	1	3	0	0	0	0	0	0	1	1	0	1	0	2	0	0	0	1	1	0	0	0	0	0	1	0	0	0	0	0	2	0	0	0	0	0	1	0	0	1	0	2	0	0	1	0	2	1	1	0	0	0	1	0	1	1	0	1	1	1	0	0	0	1	1	0	0	1	0	0	2	0	1	0	0	0	0	2	0	0	1	2	0	0	0	0	0	0	6	0	0	1	0	0	0	0	0	1	0	0	0	0	0	0	0	1	1	0	0	0	0	1	0	0	0	0	0	0	1	1	0	0	0	2	0	0	0	1	1	0	1	0	0	1	0	0	0	0	0	0	0	0	0	1	0	0	0	0	1	1	2	0	0	0	5	1	0	0	0	1	0	0	0	0	1	0	0	0	0	0	0	0	1	0	0	0
G[Ins(C):R6]T	1	0	0	0	1	0	0	0	0	0	0	0	1	0	0	0	0	0	0	1	0	0	0	0	0	2	0	0	0	0	1	0	0	0	0	1	0	0	0	0	0	0	0	0	0	0	1	1	0	0	0	0	0	0	1	0	0	0	0	0	1	0	0	3	0	0	0	0	0	1	0	0	0	0	1	0	0	0	2	0	0	0	0	0	2	0	1	0	0	0	3	0	0	0	0	0	0	0	0	0	0	0	0	0	1	0	0	1	1	1	0	0	0	0	0	1	0	0	0	0	0	0	1	0	5	0	0	1	0	0	1	0	0	0	0	1	0	1	0	0	0	0	0	0	0	0	0	0	0	0	1	1	1	0	0	0	1	3	0	0	0	0	0	0	0	0	0	0	0	0	0	0	0	0	0	0	0	0	0	1	0	0	0	0	1	0	1	0	0	0	0	0	0	1	0	0	0	0	0	0	0	0	0	1	0	0	0	0	0	0	0	0	0	0	0	0	0	0	0	0	0	0	0	0	0	1	0	0	0	0	0	0	0	0	1	0	0	13	0	0	1	1	0	0	0	0	1	0	0	0	0	1	0	0	0	2	0	0	0	1	0	0	0	0	0	0	1	0	0	0	0	0	0	2	0	0	0	0	1	0	0	0	0	0	0	0	1	0	0	0	0	0	1	0	0	0	0	0	0	0	0	0	0	0	0	0	0	0	0	0	0	0	1	0	0	0	0	1	0	0	0	1	0	0	0
G[Ins(C):R7]A	1	0	0	0	1	0	0	0	0	0	0	0	2	1	0	1	0	1	1	1	0	0	0	0	0	0	0	0	0	0	0	0	0	2	1	0	0	0	0	1	0	0	0	0	0	0	0	0	1	0	1	0	1	0	1	0	0	0	0	0	1	0	0	2	0	0	1	2	1	0	0	0	0	2	3	2	1	0	2	0	0	0	0	1	1	0	0	0	0	0	0	0	2	1	0	1	2	0	1	1	1	1	0	0	0	0	0	0	0	0	2	0	0	4	0	1	0	1	0	0	0	1	0	0	36	1	0	1	0	0	0	1	1	0	1	1	0	1	2	1	1	0	0	0	1	0	0	0	1	0	1	0	3	2	0	0	0	0	0	0	0	0	1	1	1	3	0	1	0	0	1	1	0	1	1	0	0	1	0	3	0	0	2	0	0	0	0	0	1	0	2	0	0	4	0	0	0	0	0	0	0	0	0	1	0	1	4	0	0	0	0	1	0	0	0	1	0	0	0	0	0	2	0	0	0	1	0	0	0	0	0	0	1	1	0	0	0	23	1	0	0	0	2	0	0	1	0	0	0	1	0	1	1	0	2	0	0	0	0	0	0	0	0	0	1	0	1	1	0	0	2	1	1	0	1	0	0	1	0	1	1	0	0	0	0	1	0	1	1	2	1	0	1	0	0	0	0	2	0	1	0	0	0	0	0	0	0	0	1	0	0	0	1	0	0	0	0	0	0	0	0	0	0	1	1
G[Ins(C):R7]G	0	0	1	0	0	0	0	0	0	0	0	0	0	0	0	0	0	0	0	0	0	0	0	1	0	0	0	0	0	0	0	0	0	0	0	0	1	0	0	0	0	0	0	1	0	0	0	0	0	0	1	0	1	0	0	0	0	0	1	0	1	0	0	0	0	0	0	0	0	0	0	0	0	0	0	2	0	0	1	0	0	0	0	1	0	0	0	0	1	0	1	0	2	0	0	0	0	0	0	0	0	1	0	0	0	0	1	0	0	0	0	0	0	0	0	0	0	0	0	0	0	0	1	1	8	0	0	1	0	1	0	1	0	0	1	0	0	1	0	0	0	0	1	0	2	0	0	0	0	0	2	0	0	0	1	2	0	0	0	0	0	0	0	0	0	0	0	1	0	1	0	0	0	0	0	0	0	1	1	2	0	0	1	0	0	1	0	0	1	0	0	0	0	0	1	3	0	0	1	0	0	2	0	0	0	0	1	0	0	0	0	0	0	0	0	0	1	0	0	0	0	0	1	0	0	0	0	0	0	0	0	0	1	1	0	0	0	16	0	0	0	0	0	0	0	1	0	0	0	0	0	0	0	0	0	0	1	0	0	1	0	0	1	0	1	0	1	0	0	0	0	1	1	0	0	0	0	1	0	0	0	0	0	2	0	0	0	0	0	1	0	0	1	0	0	0	0	0	0	0	0	0	0	1	1	0	0	0	0	0	0	0	0	0	0	0	0	2	0	0	0	1	1	1	1
G[Ins(C):R7]T	0	0	0	0	0	0	0	0	0	0	0	0	0	0	0	0	0	1	1	0	0	0	0	0	0	0	0	0	0	0	0	1	0	0	1	0	0	0	0	0	0	0	0	0	1	0	0	0	0	1	0	0	0	0	0	0	0	0	0	0	0	0	0	1	0	0	0	0	1	0	0	0	0	0	0	0	0	0	0	0	0	0	0	0	0	0	0	0	0	0	0	0	1	0	0	0	0	0	1	0	0	0	0	0	0	0	0	0	0	0	0	0	0	0	0	0	0	0	0	0	0	0	0	0	6	0	0	0	0	1	1	0	0	0	0	0	0	0	0	0	0	0	0	0	0	0	0	0	0	0	0	0	0	0	1	0	0	0	0	0	0	0	0	0	0	0	0	0	1	0	0	0	0	0	0	0	0	0	0	0	0	0	0	0	0	0	0	0	0	1	0	0	0	0	0	0	0	0	0	0	0	0	0	0	0	0	0	0	0	0	0	0	0	0	0	0	0	0	0	0	0	0	1	0	0	0	1	0	1	0	1	0	0	1	0	0	0	11	0	0	0	0	0	0	0	0	0	0	0	0	0	0	0	0	0	1	0	0	0	0	0	0	0	0	0	0	0	0	1	0	0	0	0	1	0	0	0	0	0	1	0	0	0	0	0	0	0	1	0	0	0	0	0	1	0	0	0	0	1	0	0	1	0	0	0	0	0	0	0	0	0	0	1	0	0	0	0	0	0	0	0	0	0	1	0
G[Ins(C):R8]A	0	0	0	1	0	0	0	0	0	0	0	0	1	0	0	0	0	0	0	0	0	0	0	0	0	0	0	0	2	0	0	0	0	0	1	0	0	0	1	0	1	0	0	0	0	1	0	0	0	0	0	0	0	0	1	0	0	1	0	0	2	0	0	1	0	0	0	0	0	0	0	0	0	0	1	0	0	0	1	0	0	0	0	0	0	0	0	0	0	0	1	0	0	1	0	0	1	0	0	0	0	0	0	0	0	0	0	0	0	0	0	0	0	1	0	0	0	0	0	0	0	0	1	0	28	1	1	0	0	1	0	0	0	0	0	0	0	0	0	0	0	0	0	1	1	0	0	0	0	1	0	0	1	1	0	1	0	0	0	1	0	0	1	0	0	1	0	0	0	0	2	0	0	0	0	0	0	1	0	1	0	0	1	1	0	0	0	0	0	0	1	0	0	1	0	0	0	0	0	0	0	0	0	0	1	0	0	0	0	0	0	1	0	0	2	0	0	2	0	1	0	0	2	1	1	0	2	0	0	0	1	0	0	0	1	0	0	17	0	0	0	0	0	0	0	0	0	0	0	1	0	0	1	0	1	0	1	0	0	0	1	0	1	0	2	0	1	0	0	0	0	0	0	0	1	0	1	0	0	1	0	0	0	0	1	0	1	0	0	2	0	0	1	0	0	0	0	0	0	0	0	0	0	1	1	0	0	0	0	0	0	0	0	0	0	0	0	0	0	0	1	1	1	0	0
G[Ins(C):R8]G	0	0	0	0	0	0	0	0	0	0	0	0	0	0	0	0	0	0	0	1	0	0	1	0	0	1	0	0	0	0	0	0	0	0	0	0	0	0	0	0	0	0	0	0	0	0	1	0	0	0	0	1	0	0	0	0	0	0	0	0	0	0	0	1	0	0	0	0	0	0	0	0	0	0	0	0	0	0	0	0	0	0	0	0	1	0	1	0	0	0	0	0	0	0	0	0	0	0	0	0	0	0	0	0	0	0	0	0	0	0	0	0	0	1	0	0	0	0	0	1	0	0	0	0	3	0	0	0	0	0	0	1	0	0	0	0	0	1	0	0	0	0	0	0	0	0	0	0	0	0	1	0	0	0	0	0	0	0	0	0	0	0	0	0	0	0	0	0	0	0	0	0	0	0	1	0	0	0	0	4	0	0	0	0	0	0	1	0	0	0	0	0	0	0	0	0	0	0	0	1	0	0	0	0	0	0	0	0	1	0	0	1	0	0	0	0	0	0	0	0	0	0	0	0	0	0	0	0	0	0	0	0	0	0	0	0	0	5	0	0	0	0	0	0	0	1	0	0	0	1	0	0	0	0	0	0	0	0	0	0	0	0	0	0	0	0	0	1	0	0	0	0	0	0	1	0	1	0	0	0	0	0	0	0	0	0	0	0	0	0	0	0	0	0	0	0	0	0	0	0	0	0	0	0	0	0	0	0	0	0	0	0	0	0	0	0	0	0	0	0	0	0	0	0	0
G[Ins(C):R8]T	0	0	0	0	0	0	0	0	0	0	0	0	0	0	0	0	0	0	0	0	0	0	0	0	0	0	0	0	0	0	0	0	0	0	1	0	0	0	0	0	0	0	0	1	0	0	0	1	0	0	0	0	0	0	0	0	0	0	0	0	1	0	0	2	0	0	0	0	0	0	0	0	1	0	0	0	0	0	0	0	0	0	0	0	0	0	0	0	0	0	0	0	1	0	0	0	0	0	0	0	0	0	0	0	0	0	0	0	1	0	0	1	0	1	0	0	0	0	0	0	0	0	0	0	7	1	0	0	0	0	0	0	0	0	0	0	0	0	0	0	0	0	0	0	0	0	0	0	0	0	0	0	0	0	0	0	0	0	0	0	0	1	0	0	0	0	0	1	0	0	0	0	0	0	0	0	0	0	0	0	0	1	0	0	0	0	0	0	0	0	0	0	0	0	0	0	0	0	0	0	0	0	0	0	0	1	0	0	0	0	0	1	0	0	0	0	0	0	0	0	0	0	0	0	1	0	0	0	0	0	0	0	0	0	0	0	0	5	0	0	0	0	0	0	0	0	0	0	0	0	0	0	0	0	0	0	1	0	0	0	0	0	0	0	0	0	0	0	0	0	0	0	0	0	1	0	0	0	0	0	0	0	0	0	0	0	0	0	0	0	1	0	0	0	0	0	0	0	0	0	0	0	0	0	0	0	0	0	0	0	0	0	0	0	0	0	0	1	1	0	0	0	0	0	1
G[Ins(C):R(9,)]A	0	0	0	0	0	0	0	0	0	0	0	0	0	0	0	0	0	0	0	0	0	0	0	0	0	0	0	0	0	0	0	0	0	0	0	0	0	0	0	0	0	0	0	0	0	0	0	0	0	0	0	0	0	0	0	0	0	0	0	0	0	0	0	0	0	0	0	0	0	0	0	0	0	0	0	0	0	0	0	0	0	0	0	0	0	0	0	0	0	0	0	0	0	0	0	0	0	0	0	0	0	0	0	0	0	0	0	0	0	0	0	0	0	0	0	0	0	0	0	0	0	0	0	0	0	0	0	0	0	0	0	0	0	0	0	0	0	0	0	0	0	0	0	0	0	0	0	0	0	0	0	0	0	0	0	0	0	0	0	0	0	0	0	0	0	0	0	0	0	0	0	0	0	0	0	0	0	0	0	0	0	0	0	0	0	0	0	0	0	0	0	0	0	0	0	0	0	0	0	0	0	0	0	0	0	0	0	0	0	0	0	0	0	0	0	0	0	0	0	0	0	0	0	0	0	0	0	0	0	0	0	0	0	0	0	0	0	0	0	0	0	0	0	0	0	0	0	0	0	0	0	0	0	0	0	0	0	0	0	0	0	0	0	0	0	0	0	0	0	0	0	0	0	0	0	0	0	0	0	0	0	0	0	0	0	0	0	0	0	0	0	0	0	0	0	0	0	0	0	0	0	0	0	0	0	0	0	0	0	0	0	0	0	0	0	0	0	0	0	0	0	0	0	0	0
G[Ins(C):R(9,)]G	0	0	0	0	0	0	0	0	0	0	0	0	0	0	0	0	0	0	0	0	0	0	0	0	0	0	0	0	0	0	0	0	0	0	0	0	0	0	0	0	0	0	0	0	0	0	0	0	0	0	0	0	0	0	0	0	0	0	0	0	0	0	0	0	0	0	0	0	0	0	0	0	0	0	0	0	0	0	0	0	0	0	0	0	0	0	0	0	0	0	0	0	0	0	0	0	0	0	0	0	0	0	0	0	0	0	0	0	0	0	0	0	0	0	0	0	0	0	0	0	0	0	0	0	0	0	0	0	0	0	0	0	0	0	0	0	0	0	0	0	0	0	0	0	0	0	0	0	0	0	0	0	0	0	0	0	0	0	0	0	0	0	0	0	0	0	0	0	0	0	0	0	0	0	0	0	0	0	0	0	0	0	0	0	0	0	0	0	0	0	0	0	0	0	0	0	0	0	0	0	0	0	0	0	0	0	0	0	0	0	0	0	0	0	0	0	0	0	0	0	0	0	0	0	0	0	0	0	0	0	0	0	0	0	0	0	0	0	0	0	0	0	0	0	0	0	0	0	0	0	0	0	0	0	0	0	0	0	0	0	0	0	0	0	0	0	0	0	0	0	0	0	0	0	0	0	0	0	0	0	0	0	0	0	0	0	0	0	0	0	0	0	0	0	0	0	0	0	0	0	0	0	0	0	0	0	0	0	0	0	0	0	0	0	0	0	0	0	0	0	0	0	0	0	0
G[Ins(C):R(9,)]T	0	0	0	0	0	0	0	0	0	0	0	0	0	0	0	0	0	0	0	0	0	0	0	0	0	0	0	0	0	0	0	0	0	0	0	0	0	0	0	0	0	0	0	0	0	0	0	0	0	0	0	0	0	0	0	0	0	0	0	0	0	0	0	0	0	0	0	0	0	0	0	0	0	0	0	0	0	0	0	0	0	0	0	0	0	0	0	0	0	0	0	0	0	0	0	0	0	0	0	0	0	0	0	0	0	0	0	0	0	0	0	0	0	0	0	0	0	0	0	0	0	0	0	0	0	0	0	0	0	0	0	0	0	0	0	0	0	0	0	0	0	0	0	0	0	0	0	0	0	0	0	0	0	0	0	0	0	0	0	0	0	0	0	0	0	0	0	0	0	0	0	0	0	0	0	0	0	0	0	0	0	0	0	0	0	0	0	0	0	0	0	0	0	0	0	0	0	0	0	0	0	0	0	0	0	0	0	0	0	0	0	0	0	0	0	0	0	0	0	0	0	0	0	0	0	0	0	0	0	0	0	0	0	0	0	0	0	0	0	0	0	0	0	0	0	0	0	0	0	0	0	0	0	0	0	0	0	0	0	0	0	0	0	0	0	0	0	0	0	0	0	0	0	0	0	0	0	0	0	0	0	0	0	0	0	0	0	0	0	0	0	0	0	0	0	0	0	0	0	0	0	0	0	0	0	0	0	0	0	0	0	0	0	0	0	0	0	0	0	0	0	0	0	0	0
T[Ins(C):R0]A	2	1	0	1	1	0	0	0	0	0	1	0	1	0	0	0	2	1	1	0	0	0	1	0	0	2	0	0	1	1	2	0	0	1	0	1	0	0	0	0	0	0	0	0	0	0	6	0	0	0	1	1	0	0	0	0	0	0	2	0	0	0	0	2	0	2	0	1	1	0	0	1	0	0	1	1	0	0	7	0	0	1	0	0	0	0	2	2	1	0	1	0	1	7	0	0	0	0	0	0	0	1	1	3	1	0	0	0	0	1	0	0	2	0	6	0	0	0	0	0	1	0	0	0	6	0	0	4	0	0	0	1	0	0	1	3	0	2	2	1	0	1	2	0	3	0	0	0	1	0	1	0	1	0	1	1	1	1	0	2	1	1	0	0	1	2	0	23	2	1	1	0	0	0	0	0	0	0	1	6	0	1	2	0	1	1	0	0	0	0	2	0	0	0	1	0	0	0	0	0	0	1	0	0	0	1	0	0	0	1	1	0	1	0	1	0	1	0	1	1	3	1	0	1	2	1	0	0	0	0	1	0	0	2	0	1	1	2	0	0	2	1	2	2	0	0	2	0	0	1	0	0	2	0	1	0	0	0	1	0	0	0	1	0	0	1	0	1	1	0	1	3	4	0	5	1	2	2	2	1	1	0	0	0	0	0	3	2	0	0	0	1	0	0	1	0	0	0	0	2	0	1	0	1	1	0	0	1	1	0	2	0	0	2	1	0	0	0	1	1	1	3	1	1	0
T[Ins(C):R0]G	1	0	0	1	0	0	0	0	1	0	0	0	0	0	0	0	0	2	0	0	0	0	0	1	0	0	0	0	0	0	0	0	1	0	0	0	0	0	0	0	0	0	0	0	1	0	3	0	0	0	2	0	1	0	0	0	0	0	0	0	0	0	0	0	1	0	0	1	0	0	0	1	0	0	1	0	1	0	3	0	0	0	0	1	0	1	1	0	0	0	0	0	0	2	0	0	0	0	0	0	1	1	0	1	0	0	0	0	0	0	1	1	1	0	0	0	0	0	2	0	0	0	0	0	4	1	0	0	0	0	0	1	0	2	0	0	0	0	2	0	0	0	0	0	0	0	0	0	2	1	1	0	1	0	0	0	0	1	0	0	0	1	0	1	1	1	0	0	2	0	0	1	0	0	0	1	0	0	0	1	0	1	0	1	0	1	0	0	0	0	0	0	0	1	2	1	0	0	1	1	0	0	0	0	1	2	0	0	0	0	0	1	0	0	0	1	0	0	0	1	0	1	0	1	0	0	0	0	0	2	0	0	0	0	0	0	1	1	1	0	0	0	0	0	1	1	2	0	0	0	0	1	0	0	1	0	0	0	0	0	0	0	0	0	0	1	0	0	0	0	1	0	1	0	0	0	1	4	1	0	0	0	0	0	0	0	2	2	0	0	0	0	0	0	0	0	0	0	1	0	0	0	0	0	0	0	0	0	0	0	0	0	0	0	0	0	0	0	1	1	0	0	0	0	0
T[Ins(C):R0]T	9	1	1	3	3	2	8	0	10	1	6	0	3	2	0	1	2	1	1	5	1	1	3	0	2	2	3	4	5	0	1	1	4	5	4	4	4	0	5	1	9	2	0	5	8	0	12	0	4	4	7	2	0	2	3	4	4	1	5	2	3	0	5	3	2	3	4	3	1	1	3	1	6	2	4	1	0	0	51	0	3	3	0	3	9	3	2	0	1	0	5	2	1	35	6	0	0	0	0	1	4	4	0	13	3	2	0	2	0	0	1	2	4	4	21	2	0	1	1	2	6	0	3	6	47	7	2	7	0	3	6	5	1	3	1	16	6	3	6	0	2	3	8	2	10	3	1	1	2	1	7	1	4	4	5	2	2	12	0	15	4	2	1	1	2	2	6	3	3	4	2	3	1	0	1	2	2	3	5	19	6	6	8	1	9	9	0	1	1	1	8	1	1	0	7	1	6	0	1	4	0	0	1	1	2	4	5	4	4	0	3	6	1	2	11	6	0	4	3	20	22	3	4	5	1	3	8	0	2	15	6	1	0	10	4	1	0	13	1	0	1	10	1	5	10	1	3	2	0	13	1	0	9	1	10	1	0	0	1	4	0	0	3	1	7	6	1	2	0	1	5	10	5	3	8	1	9	33	9	10	0	0	3	2	2	1	7	3	2	7	10	1	4	0	1	2	0	10	0	0	4	5	4	1	1	3	0	3	1	0	2	5	0	2	0	0	2	6	7	3	17	9	32	3	1
T[Ins(C):R1]A	0	0	0	1	0	1	0	0	1	0	4	0	0	0	0	0	0	2	0	0	0	0	0	1	0	0	0	1	0	0	0	1	1	1	1	0	0	0	0	0	0	0	0	0	0	0	4	0	0	0	0	1	2	1	1	0	0	1	0	0	0	0	1	1	0	0	1	0	1	0	1	1	0	1	1	1	1	0	3	1	0	2	0	0	1	1	0	0	0	0	0	0	1	9	1	0	0	0	1	0	0	0	0	0	1	0	0	1	0	0	1	0	1	4	1	0	1	0	2	0	0	0	0	0	3	0	0	1	0	1	1	0	0	0	0	3	0	2	1	1	0	1	1	0	0	0	0	0	0	0	2	1	2	1	1	0	0	1	0	2	0	0	3	0	0	0	0	1	1	0	0	1	0	1	0	1	0	0	1	4	1	0	1	2	0	1	0	0	1	0	1	0	0	1	1	1	0	0	1	0	0	0	0	0	0	0	0	0	1	0	2	0	0	0	1	1	0	0	1	1	1	0	0	2	0	0	0	0	1	1	0	0	0	1	1	0	0	0	1	0	0	1	0	0	1	0	2	1	1	3	0	0	1	0	2	1	0	0	1	0	0	1	1	0	0	0	0	0	0	0	2	2	3	0	0	0	1	3	1	2	0	0	0	0	0	0	1	2	0	0	2	1	4	0	0	0	0	0	1	0	3	1	0	0	0	1	0	2	0	0	1	1	0	0	0	1	0	0	0	1	4	0	1	1	1
T[Ins(C):R1]G	0	1	0	0	0	0	0	0	0	0	0	0	0	0	0	0	0	0	0	0	0	0	0	0	1	0	0	0	0	0	0	0	0	0	0	0	0	0	0	0	0	0	0	0	0	0	0	0	0	0	0	0	0	0	0	0	0	0	0	0	0	0	0	0	1	0	0	0	0	0	0	0	0	1	0	0	1	0	0	0	0	0	0	0	0	0	0	0	0	0	0	0	0	0	0	0	0	0	0	0	2	0	0	1	0	1	0	0	0	0	0	0	1	0	0	0	0	0	0	0	0	0	0	0	1	1	0	0	0	0	0	0	0	0	0	0	0	0	0	0	0	0	0	1	0	0	0	0	1	0	0	1	0	0	0	0	0	0	0	0	0	0	0	0	0	0	0	0	0	0	0	0	0	0	0	0	0	0	0	0	0	0	0	0	0	0	0	0	0	0	0	0	0	0	0	1	0	1	0	0	0	1	0	1	0	0	0	0	0	0	0	1	0	0	0	0	1	0	0	0	0	0	0	0	0	0	0	0	0	0	0	0	0	0	0	0	0	0	0	0	0	0	0	0	0	1	0	0	0	0	0	0	0	0	1	0	0	0	0	0	0	0	0	0	0	0	0	0	0	0	0	0	0	0	0	0	3	0	0	0	0	0	0	0	0	0	0	0	0	0	0	0	0	0	0	0	0	0	0	0	0	0	0	0	0	1	0	0	0	0	0	0	0	0	0	0	0	1	0	0	0	0	0	1	0
T[Ins(C):R1]T	0	1	1	0	0	0	2	1	4	0	1	0	1	1	0	0	1	1	0	4	0	1	2	0	0	1	0	1	2	0	2	0	1	2	0	2	0	0	0	2	4	0	0	2	0	1	7	0	3	2	2	1	2	0	2	1	1	1	1	0	0	0	0	1	0	2	0	1	0	1	2	1	1	0	1	1	1	0	11	0	1	0	0	0	2	1	1	0	0	0	1	1	4	7	1	3	0	0	1	0	3	3	1	0	1	2	0	0	0	0	2	2	5	1	2	0	2	0	0	0	1	2	1	2	15	1	0	3	1	0	2	0	0	1	2	3	1	6	0	0	1	1	1	0	5	0	0	0	0	2	5	1	1	0	2	0	2	4	0	3	1	4	4	0	2	0	2	0	4	3	1	0	0	0	1	1	2	1	1	11	1	0	5	1	4	2	1	1	1	0	1	0	0	3	2	1	2	2	1	1	0	0	0	0	0	1	3	0	1	2	2	0	0	0	1	2	0	0	2	5	4	1	1	1	1	0	2	0	0	3	1	0	1	5	2	0	0	7	1	1	4	6	2	1	5	1	2	1	1	7	2	1	1	0	1	5	0	0	0	1	0	1	0	1	0	2	0	3	0	0	1	4	1	1	4	0	6	6	2	4	0	1	2	0	0	2	2	3	2	0	0	1	0	0	0	0	0	2	1	1	0	1	2	0	2	0	0	2	2	0	0	0	0	1	0	0	1	4	3	2	4	0	4	4	1
T[Ins(C):R2]A	0	0	1	0	0	0	1	1	0	0	0	0	0	1	2	0	1	0	0	0	0	0	0	1	0	1	0	0	0	0	0	1	1	0	0	0	0	0	2	0	0	1	2	0	0	1	1	1	0	1	3	0	1	1	1	0	0	0	0	1	0	0	1	1	1	0	0	0	0	0	0	0	0	0	1	2	1	0	1	0	0	1	1	1	0	0	0	0	0	1	0	0	0	1	0	0	0	0	0	1	0	0	1	0	0	0	0	0	1	0	0	0	0	0	0	0	0	0	1	0	0	0	0	0	2	0	0	0	1	0	0	0	1	0	0	0	0	0	0	0	0	0	0	1	0	1	0	0	0	1	2	1	1	0	0	0	0	0	0	1	0	1	1	0	1	0	0	0	0	0	0	0	0	0	0	0	0	0	1	1	1	0	0	1	0	0	1	0	0	1	0	0	0	0	3	1	2	0	0	0	0	0	1	0	0	0	1	0	0	0	1	1	0	0	1	0	0	0	0	0	0	1	2	0	0	0	0	0	0	2	1	1	0	2	0	0	0	0	0	0	0	0	0	0	0	2	1	0	1	0	0	0	3	1	1	0	0	0	0	1	1	0	0	0	1	0	0	2	0	0	0	1	0	0	4	0	2	1	1	0	0	0	0	0	0	0	0	0	0	0	0	1	1	0	0	0	0	1	0	0	1	0	1	0	0	0	2	0	1	0	0	0	2	0	0	0	0	0	1	0	1	0	0	1	0
T[Ins(C):R2]G	0	0	0	0	0	0	0	0	0	0	0	0	0	0	0	0	0	0	0	0	0	0	0	0	0	0	0	1	0	0	0	0	0	0	0	0	0	0	0	1	1	0	0	0	0	1	1	0	0	0	0	0	0	0	0	0	0	0	0	0	0	0	0	1	0	1	0	0	0	0	0	0	0	0	0	0	0	0	1	0	0	0	0	0	0	0	0	0	0	0	0	0	0	0	0	1	0	0	0	0	0	0	0	0	0	0	0	0	0	0	0	0	0	0	0	0	0	0	1	0	0	0	0	0	2	0	0	0	0	0	0	0	0	0	1	0	0	0	0	0	0	0	0	0	1	0	0	0	1	0	0	0	0	0	0	0	0	0	0	0	0	0	0	0	0	0	0	0	0	0	0	0	0	0	0	0	0	0	0	0	0	0	0	1	0	1	0	0	0	0	1	0	0	0	0	0	0	0	0	0	0	0	0	0	0	0	0	0	0	0	0	0	0	0	0	0	0	0	0	1	0	0	0	0	0	0	0	0	0	0	0	0	0	0	0	0	0	1	0	0	0	0	1	0	0	0	0	1	0	0	0	0	0	0	0	0	0	0	0	0	0	0	0	0	0	0	0	0	1	0	0	1	0	0	0	0	0	0	0	0	0	0	0	1	0	0	0	0	0	0	0	0	0	0	0	0	0	0	0	0	0	0	0	0	0	0	0	0	0	0	0	0	0	0	0	0	0	0	1	0	1	0	0	0	0
T[Ins(C):R2]T	0	2	0	0	0	0	2	0	1	0	1	0	1	0	0	0	0	0	0	1	0	0	0	1	0	1	1	0	3	1	0	0	1	1	1	1	0	0	0	1	0	2	0	1	1	0	2	0	2	1	1	1	0	4	1	0	0	1	0	1	0	0	1	0	1	2	0	1	2	1	1	1	1	0	0	0	0	0	9	0	0	0	0	1	0	0	1	1	0	0	0	0	0	1	1	0	0	0	0	1	2	1	0	0	1	0	0	1	0	1	1	0	2	1	0	0	0	0	1	0	0	1	0	1	5	0	0	0	1	0	1	1	0	0	0	1	0	1	1	1	1	1	1	0	0	2	0	0	1	0	0	0	0	0	0	0	0	0	1	5	0	0	0	2	1	0	0	0	0	1	0	0	0	1	0	1	0	0	0	3	0	0	0	1	0	2	0	1	0	1	2	1	0	2	1	0	2	2	0	1	0	0	0	0	0	2	0	1	1	0	2	0	1	0	5	0	0	1	1	2	0	1	0	0	0	0	2	2	0	0	1	1	0	1	0	0	0	3	0	0	1	1	0	0	1	0	0	1	0	0	0	1	1	0	2	1	0	0	0	1	0	0	0	0	1	0	0	1	0	0	1	1	2	0	0	0	1	3	1	1	1	0	1	0	0	1	1	0	0	0	1	0	2	0	1	0	0	1	0	0	0	0	0	1	0	2	0	2	0	0	1	0	0	0	0	0	0	3	0	0	1	2	0	1	1
T[Ins(C):R3]A	0	0	0	0	1	0	0	0	0	0	0	1	1	1	0	0	0	0	1	2	0	0	1	1	0	0	1	0	0	0	0	0	0	0	1	0	0	1	0	2	0	0	0	0	0	0	1	0	0	0	0	0	3	0	0	0	0	1	0	0	0	0	1	0	0	0	0	1	0	0	0	0	0	1	1	2	1	0	1	0	0	1	1	0	0	0	0	1	1	0	0	0	0	1	0	0	0	0	0	1	0	1	0	1	0	0	0	0	0	0	0	0	0	0	0	0	0	0	0	2	2	0	0	0	3	0	0	0	0	3	0	0	0	0	0	0	2	0	0	0	0	0	1	0	0	0	1	0	0	0	1	0	1	2	0	1	0	0	0	1	0	0	2	0	0	0	0	3	1	0	0	0	0	0	0	0	0	0	0	1	0	1	1	1	1	1	1	0	2	0	1	0	1	0	1	1	2	0	1	0	0	0	0	0	0	3	0	0	1	0	1	0	1	1	2	1	0	2	0	0	0	1	0	1	1	0	1	0	0	0	0	1	0	1	0	1	0	0	0	1	1	0	1	1	0	1	0	1	0	1	0	0	1	0	0	0	0	0	0	0	0	1	1	0	0	0	0	0	0	0	0	1	0	0	0	0	0	1	0	1	1	0	1	1	0	0	0	2	0	0	0	0	1	0	0	0	0	0	0	0	1	0	0	1	1	0	0	1	0	0	1	1	0	0	0	1	0	0	0	0	3	0	0	1	0
T[Ins(C):R3]G	0	1	0	1	0	0	0	0	0	0	0	0	0	0	0	0	0	0	0	0	0	0	0	0	0	0	0	0	1	0	0	0	0	0	1	0	0	0	0	0	0	0	0	0	0	0	0	0	0	0	0	0	0	1	0	0	0	0	0	0	1	0	0	0	0	0	0	0	0	0	0	0	0	0	0	0	0	0	0	0	0	0	0	0	0	0	1	0	0	0	0	1	0	0	0	0	0	0	0	0	0	0	0	0	0	0	0	1	0	0	0	0	0	0	0	0	0	0	0	1	0	0	0	0	1	0	0	0	0	0	0	0	0	0	0	0	0	0	0	0	0	0	0	0	0	0	0	0	0	0	1	1	0	0	0	0	0	0	1	0	0	1	0	0	0	0	2	0	0	0	0	0	0	0	0	0	0	0	0	0	0	0	0	0	0	0	0	0	0	0	0	0	0	0	1	0	1	0	0	0	0	0	0	0	0	1	0	0	0	0	0	0	1	0	0	0	0	0	0	0	0	0	0	0	0	0	2	0	0	1	1	0	0	0	0	0	0	1	0	0	0	0	0	0	0	0	0	0	1	0	0	0	0	0	0	0	0	0	0	0	0	0	0	0	1	0	0	0	0	0	0	0	0	1	0	0	0	0	2	0	0	0	0	0	0	0	0	0	0	0	0	0	0	0	0	1	0	0	0	0	0	0	0	0	0	0	0	0	0	0	0	0	0	1	0	0	0	0	2	0	0	0	0	0	0
T[Ins(C):R3]T	0	0	0	1	0	0	0	1	1	0	0	0	0	0	0	0	0	0	0	1	0	0	0	0	0	0	0	1	1	0	0	0	0	0	0	0	0	0	2	1	0	1	0	0	1	0	0	0	1	0	1	1	0	0	0	0	0	0	0	1	1	0	1	2	0	0	0	1	0	1	2	0	2	0	2	0	0	0	3	0	0	0	1	0	1	1	0	0	0	0	2	0	1	0	0	0	1	0	0	2	0	0	0	1	0	0	0	2	0	1	0	0	1	0	2	2	0	0	0	0	0	0	0	0	1	0	1	0	0	1	1	1	1	0	0	1	0	1	0	0	0	1	0	0	1	0	0	0	0	1	3	0	3	0	1	0	3	2	0	0	0	2	1	0	0	0	0	0	0	0	1	0	0	1	0	0	0	1	1	0	1	0	2	0	3	0	1	1	1	0	1	2	1	0	0	0	0	0	1	1	0	0	0	0	0	4	1	0	0	0	0	0	0	0	0	1	0	0	1	0	1	0	1	0	0	0	1	0	0	1	0	2	0	0	1	0	1	6	3	1	1	1	1	0	1	1	0	0	1	1	0	2	1	0	1	2	1	0	3	0	0	0	0	0	1	0	0	1	3	0	1	2	1	0	0	0	1	1	1	1	0	0	0	0	1	0	0	1	0	0	0	0	0	0	0	0	0	0	0	0	0	0	1	0	0	0	0	0	1	0	0	0	1	2	0	1	0	3	0	0	1	0	1	1	0
T[Ins(C):R4]A	2	0	0	0	1	0	0	0	1	1	0	0	0	0	0	0	0	1	0	0	0	1	0	0	1	0	0	0	0	0	0	0	0	0	1	0	0	0	0	2	1	1	0	1	0	0	0	0	0	0	0	1	1	0	0	0	1	0	0	0	0	0	0	0	0	1	1	0	2	0	0	0	0	0	1	2	0	0	1	0	0	1	0	0	0	0	0	0	0	0	0	0	1	0	0	0	1	0	0	3	0	0	0	1	0	0	0	1	0	0	0	0	0	1	0	0	0	0	0	0	0	0	1	0	20	1	0	0	1	0	0	0	0	0	0	0	0	1	0	2	0	0	0	0	1	1	0	0	1	0	0	0	1	1	0	0	0	0	0	0	0	1	0	0	0	1	0	1	1	0	0	0	0	1	0	0	0	0	0	1	0	1	0	0	0	0	0	1	0	0	0	0	0	2	1	1	1	0	1	0	0	0	0	1	0	5	1	0	1	0	0	1	0	0	0	0	1	0	0	0	1	0	0	1	0	0	2	3	1	0	0	0	0	0	1	0	0	16	2	0	0	1	0	0	1	1	0	0	0	1	0	0	0	0	0	1	0	1	0	0	0	1	0	0	0	0	0	0	0	0	0	1	0	0	1	0	0	0	0	1	0	0	0	0	0	0	0	1	0	0	0	0	0	0	0	0	0	0	0	0	2	0	0	1	1	0	0	0	0	0	0	0	1	0	0	0	0	0	0	1	0	0	0	0	0
T[Ins(C):R4]G	0	0	1	0	0	0	0	0	0	0	0	0	0	0	1	0	0	0	1	0	0	0	0	0	0	0	0	0	0	0	0	0	0	0	0	0	0	0	0	1	0	0	0	0	0	0	0	0	0	0	0	0	1	0	0	0	0	0	0	0	0	0	0	0	0	0	0	0	0	0	0	0	0	1	0	0	1	0	0	0	0	0	0	1	0	0	0	0	0	0	0	0	0	1	0	0	0	0	0	0	0	0	0	0	0	0	0	0	0	0	0	0	0	0	0	0	1	0	1	0	0	0	0	0	0	0	0	0	0	0	0	0	0	0	0	0	1	0	0	0	0	0	0	0	0	0	0	0	0	0	0	0	0	0	0	0	0	0	0	0	0	0	0	0	0	0	0	1	0	1	0	0	0	0	0	0	0	0	0	1	0	0	0	0	0	0	0	0	0	0	0	0	0	0	0	2	0	0	0	0	0	0	0	1	0	0	0	0	2	0	0	0	0	0	0	0	0	0	0	0	0	1	0	0	1	0	1	1	0	1	0	0	0	0	0	0	0	1	0	0	0	0	0	0	0	0	0	0	0	0	0	0	0	0	0	0	0	0	0	0	0	0	0	0	0	0	0	0	0	0	1	0	1	0	0	0	0	0	0	0	0	0	0	0	0	0	0	0	0	0	0	0	0	0	0	0	0	0	0	1	0	0	0	2	0	0	1	0	0	0	0	0	0	0	0	0	0	0	0	0	0	0	0	0	0
T[Ins(C):R4]T	0	0	0	2	0	0	1	1	0	0	1	0	2	0	0	0	0	1	1	1	0	1	1	0	2	0	0	0	1	0	0	0	0	1	0	0	0	0	0	0	2	0	0	0	0	0	0	1	0	0	0	0	0	0	0	0	1	0	1	0	0	0	0	1	0	1	0	0	0	1	0	0	0	0	0	1	0	0	0	0	0	0	0	0	0	1	0	0	2	1	0	0	0	1	1	0	1	0	0	2	0	0	0	0	0	0	0	1	0	0	0	0	1	0	1	1	0	0	0	1	0	0	0	0	13	0	0	0	0	0	2	1	0	0	0	1	0	1	0	0	0	0	0	0	0	1	0	1	1	0	0	1	0	1	0	0	1	0	1	0	0	0	1	0	0	0	1	0	0	0	1	0	0	0	0	0	0	1	2	1	1	1	1	0	0	0	0	0	0	0	0	0	0	2	1	0	0	0	0	0	0	0	2	1	0	0	0	0	2	0	0	2	0	0	0	1	0	0	0	1	1	0	1	0	1	0	0	0	0	1	0	0	0	0	0	0	1	13	0	0	1	0	0	0	0	1	0	0	0	0	0	0	0	0	0	0	0	0	1	0	2	0	0	1	0	0	0	1	0	0	0	2	0	0	1	0	0	0	0	0	0	1	0	1	1	0	1	1	0	0	0	0	0	0	0	1	0	0	0	0	1	0	1	0	0	0	0	0	0	0	0	0	0	0	0	0	0	0	0	0	0	0	0	0	0
T[Ins(C):R5]A	0	0	0	1	2	0	3	0	1	0	0	0	0	0	0	0	0	0	0	0	0	0	0	0	1	0	0	0	0	0	0	0	0	0	0	1	0	0	0	2	0	0	0	0	1	2	1	0	0	0	2	0	3	0	0	0	0	1	1	1	2	0	0	1	0	0	0	0	0	0	0	0	0	2	1	3	1	0	0	0	0	0	0	1	1	0	0	0	0	0	0	0	1	2	0	0	0	0	0	2	1	0	0	0	0	0	0	0	1	0	1	1	0	0	0	0	0	1	0	0	0	0	0	0	3	0	0	2	0	1	0	1	0	0	0	0	0	0	0	0	0	0	0	0	1	0	0	0	0	0	1	0	2	0	0	1	0	0	0	0	0	0	1	0	0	0	0	0	2	0	1	1	0	0	0	0	0	0	0	1	0	0	2	0	0	0	1	1	0	0	1	1	1	0	0	1	0	0	0	0	0	0	0	1	0	1	1	0	0	0	0	1	0	1	2	0	0	0	0	1	0	0	1	1	0	0	5	0	0	0	0	1	0	1	0	0	0	6	0	0	0	0	0	1	1	0	0	0	0	1	0	1	0	0	0	1	0	1	1	0	2	0	0	0	0	0	0	0	0	0	0	1	0	0	0	0	0	0	0	0	0	0	0	0	0	0	0	0	0	0	0	0	3	0	0	0	0	0	0	0	1	1	0	1	0	0	0	0	0	0	0	0	0	1	0	1	0	1	0	1	1	1	0	0	0
T[Ins(C):R5]G	0	0	0	0	0	0	0	0	0	0	0	0	0	0	0	0	0	0	0	0	0	0	0	1	0	0	0	0	0	0	0	0	1	0	0	0	1	0	0	0	0	0	0	1	0	0	0	0	0	0	2	0	0	0	2	0	0	0	1	0	1	0	0	1	0	0	0	0	0	0	0	0	1	0	0	0	0	0	0	0	0	1	0	0	0	1	0	0	0	0	0	0	0	0	0	0	0	0	0	1	0	0	0	0	0	2	0	1	0	0	0	0	0	1	0	0	1	0	0	0	0	0	0	0	1	0	0	1	0	0	0	0	0	1	0	0	0	0	0	1	0	0	0	0	0	1	0	0	0	0	0	0	0	1	0	1	0	0	0	0	0	0	0	0	0	0	0	0	0	0	0	0	0	0	0	0	1	0	0	0	0	0	0	0	0	0	0	0	1	0	0	0	0	0	1	1	0	0	0	0	0	0	0	0	0	1	0	0	0	0	1	0	0	0	0	0	0	0	0	1	0	0	0	0	0	0	0	0	0	0	0	0	0	0	0	0	0	3	0	1	0	0	0	1	0	0	0	0	0	0	0	0	1	0	0	0	0	0	0	1	0	1	0	0	0	0	0	0	0	0	0	0	0	0	0	0	0	0	0	1	0	0	0	0	0	0	0	0	0	0	1	0	0	0	0	0	0	0	0	0	0	0	0	2	0	0	0	1	0	0	0	0	0	0	0	0	0	0	0	0	1	0	1	0	0
T[Ins(C):R5]T	0	1	0	0	1	0	0	0	1	0	1	0	0	0	0	0	0	0	0	1	0	0	0	1	0	0	0	0	0	0	0	0	0	0	0	0	1	0	2	0	0	0	0	0	0	1	0	1	0	0	1	0	0	0	0	1	0	0	0	0	0	0	0	1	0	0	0	0	0	0	0	0	0	0	0	0	0	0	0	0	1	0	0	0	0	0	1	0	0	0	0	0	1	0	0	0	0	0	0	1	0	0	0	0	0	2	0	1	1	0	0	0	1	0	0	1	1	0	0	0	0	0	0	0	12	0	0	1	0	1	0	1	1	0	1	0	0	0	1	0	0	0	0	0	1	0	0	0	0	0	3	0	1	0	0	0	0	0	0	1	1	0	0	0	0	0	0	0	0	0	0	0	0	0	1	0	0	0	0	2	1	0	0	0	2	2	1	1	0	0	2	1	1	3	1	2	0	0	0	0	0	0	1	0	0	3	0	0	0	0	1	3	0	0	0	0	0	0	1	0	0	2	0	0	0	1	0	0	0	0	1	1	0	0	2	0	1	8	1	0	2	0	0	0	1	0	1	0	0	2	0	0	0	0	1	1	0	0	1	0	2	0	0	0	2	0	0	1	1	0	0	1	0	1	0	0	0	0	1	0	0	1	1	0	0	0	0	0	0	1	0	0	0	0	0	1	0	0	0	1	1	0	0	0	0	1	0	2	1	0	0	0	2	0	0	0	1	1	0	1	0	0	0	0	0
T[Ins(C):R6]A	0	0	1	0	0	0	0	0	0	1	0	0	0	1	0	0	0	1	1	0	0	0	0	0	0	1	0	0	0	0	0	0	0	0	1	2	0	0	0	0	1	1	0	0	0	0	0	0	0	0	1	0	1	1	0	0	0	1	0	0	1	0	0	2	0	0	0	0	1	0	0	0	0	0	0	1	0	0	1	0	0	0	0	0	0	0	2	1	0	0	0	0	1	1	0	1	1	0	0	0	2	0	0	0	0	0	0	0	0	0	0	0	0	1	1	0	0	0	0	0	0	0	0	0	16	0	2	1	0	0	0	0	0	1	0	0	0	0	0	0	0	0	0	1	3	0	0	0	0	0	1	0	0	0	0	0	0	0	0	1	0	0	0	0	0	0	0	0	0	0	1	0	0	1	0	0	0	0	0	2	0	0	1	1	2	1	1	1	1	0	0	0	0	0	1	1	0	0	0	1	0	0	0	0	0	2	0	0	0	1	0	0	0	0	2	0	0	0	0	0	0	0	0	0	0	0	1	0	0	0	0	0	0	1	0	0	0	5	1	0	0	0	0	0	0	0	1	0	0	0	1	0	0	0	0	1	0	0	0	0	1	0	0	0	2	0	1	0	0	0	0	0	0	0	0	0	2	0	2	2	0	0	1	0	0	0	0	1	0	0	0	0	0	0	0	0	0	0	0	0	1	1	0	0	0	0	0	0	0	0	0	0	0	0	0	1	0	0	2	0	1	0	0	0	0
T[Ins(C):R6]G	0	0	0	0	0	0	0	0	0	0	0	0	1	0	0	0	0	0	0	2	0	0	0	1	0	0	0	0	0	0	0	0	0	0	0	0	0	0	0	1	0	0	0	0	0	0	0	0	0	0	0	1	2	0	0	0	0	0	1	2	0	0	0	0	1	0	0	0	0	0	0	0	0	0	0	0	1	0	0	0	0	0	0	1	1	0	0	0	0	0	0	0	0	2	0	0	0	0	0	1	0	0	0	0	0	0	0	0	0	0	0	0	0	0	0	0	0	0	0	0	0	0	0	0	4	0	0	0	0	2	0	0	0	1	0	0	1	0	0	0	0	0	0	0	0	0	0	0	0	2	0	0	0	0	0	1	0	0	0	0	0	0	1	0	0	0	0	0	0	1	0	0	0	0	0	0	0	0	0	1	0	0	1	1	0	0	1	0	0	0	0	0	0	0	0	2	0	0	0	0	0	2	0	0	0	0	0	0	0	0	0	0	0	0	1	0	2	0	0	0	0	0	0	0	0	0	0	0	0	0	0	0	0	0	0	0	0	1	0	0	0	1	1	0	0	0	0	1	0	2	0	0	0	0	0	0	0	1	0	0	0	0	0	0	0	0	1	1	0	0	0	0	0	0	0	0	0	1	0	0	1	0	0	0	0	0	0	0	0	0	0	0	0	0	0	0	0	0	0	0	1	2	0	1	0	1	0	0	1	0	1	0	0	0	0	0	0	0	0	0	0	0	0	0	0
T[Ins(C):R6]T	0	0	0	0	0	0	0	0	1	0	0	0	0	0	0	0	0	0	0	0	0	0	0	0	0	0	0	0	1	0	0	0	0	1	0	0	0	0	0	0	0	0	0	0	0	0	0	0	0	2	0	0	0	0	0	0	0	0	0	0	0	0	1	1	0	0	0	0	0	0	0	0	0	0	0	0	0	0	1	0	0	0	0	0	0	0	0	1	0	0	0	0	2	0	0	0	2	0	0	0	0	0	0	0	0	0	0	0	0	1	0	0	0	0	0	0	0	0	0	0	0	0	0	1	9	0	0	0	0	1	0	0	0	0	0	0	0	0	0	0	1	0	0	1	0	0	0	0	0	0	0	0	0	1	1	0	0	1	0	0	0	0	1	0	0	0	0	1	0	0	0	0	0	0	0	0	0	0	1	1	0	0	1	0	0	0	0	0	0	0	0	0	0	0	0	0	1	0	2	0	0	0	0	0	0	0	0	0	0	0	0	0	0	0	0	1	0	0	0	1	0	0	0	1	0	0	1	0	0	1	0	0	0	0	0	0	0	4	0	0	0	0	0	0	1	0	0	0	0	0	0	0	0	0	0	1	0	0	0	0	0	0	0	0	0	0	0	0	0	0	1	0	0	0	0	0	0	0	0	1	0	0	0	0	0	0	0	0	0	0	0	0	1	0	0	0	0	0	0	1	1	0	0	0	0	0	0	0	0	0	0	0	0	1	0	0	0	0	0	0	0	0	0	0	0
T[Ins(C):R7]A	1	0	0	0	1	0	0	0	0	1	0	0	1	0	0	0	0	2	0	2	0	0	0	0	0	0	0	0	0	0	0	0	0	1	2	1	0	1	0	0	1	1	1	0	1	0	1	1	0	0	0	0	1	0	0	0	0	0	0	0	0	0	1	5	1	0	1	0	2	1	0	0	0	0	1	1	0	0	1	0	0	0	0	0	0	0	1	0	0	0	0	0	1	2	0	1	2	1	0	4	2	0	0	2	0	1	1	0	1	0	0	0	0	0	0	0	1	0	0	0	1	1	0	0	29	0	0	0	1	0	1	2	0	0	2	2	2	1	1	1	0	1	0	0	3	2	0	0	1	1	0	1	1	1	0	0	0	0	0	0	0	0	0	0	0	1	0	0	1	1	0	0	0	1	0	0	1	0	1	2	0	2	0	0	0	0	0	0	1	0	0	0	0	1	0	1	1	0	0	1	0	0	0	1	0	1	1	0	0	0	1	0	1	1	0	0	0	0	0	0	0	1	1	0	0	0	3	2	1	1	1	0	0	1	1	0	0	26	2	0	0	0	0	0	0	1	0	0	1	0	0	1	1	0	0	0	0	0	0	1	0	0	1	0	0	0	1	0	0	0	0	1	1	0	1	0	1	0	0	2	0	0	0	0	0	1	0	2	1	0	1	0	0	0	0	0	0	0	1	1	0	0	0	0	2	0	0	1	0	0	0	1	0	1	0	0	0	2	0	1	0	0	0	0	0
T[Ins(C):R7]G	0	0	0	0	0	0	1	0	1	0	0	0	0	0	1	0	0	0	0	0	0	0	0	0	0	0	0	0	0	0	0	0	0	0	0	1	0	1	0	0	0	0	0	0	0	0	0	0	0	0	0	0	0	0	1	0	0	0	0	0	0	0	0	2	1	0	0	0	0	0	0	0	0	0	0	0	0	0	0	0	0	0	0	1	0	2	1	0	1	0	0	0	2	1	0	0	0	0	0	3	1	0	0	0	0	1	0	0	0	0	0	0	0	0	0	1	0	0	0	0	0	0	0	0	7	0	0	0	0	0	0	0	0	0	0	0	0	0	0	0	0	0	0	0	0	2	0	0	0	0	0	0	0	0	0	0	0	0	0	0	0	0	0	0	0	0	0	0	0	0	2	1	0	0	0	0	0	0	0	2	0	0	0	0	0	0	0	0	0	0	0	1	1	0	0	0	0	0	1	0	0	0	0	0	0	0	0	0	0	0	0	0	0	0	0	0	0	0	0	0	0	1	0	0	0	0	0	0	0	0	1	1	0	1	0	0	0	8	0	0	0	0	2	1	0	0	0	0	1	0	1	0	0	0	0	0	0	1	0	1	0	0	0	0	0	0	0	0	0	0	0	0	0	0	0	0	0	0	1	0	0	0	0	0	0	0	0	0	0	0	1	0	0	0	0	0	0	0	0	0	0	0	1	0	0	0	1	0	0	0	0	0	0	0	0	0	0	0	0	0	0	0	0	0	0
T[Ins(C):R7]T	0	0	0	0	0	0	0	0	1	0	0	1	0	0	0	0	0	0	0	1	0	0	0	0	0	1	0	0	0	0	0	0	0	0	0	0	0	0	0	0	0	0	0	0	0	0	1	0	0	0	0	0	0	0	0	0	0	0	0	0	1	0	0	3	0	1	0	2	0	0	0	0	1	1	0	1	1	0	0	0	0	0	0	0	0	2	0	0	1	0	0	0	0	0	0	0	0	1	0	0	0	0	0	0	0	0	0	0	0	0	0	0	0	0	0	0	0	1	0	0	0	0	0	0	9	0	0	0	0	0	0	0	0	0	0	0	1	0	0	0	0	1	0	0	0	0	0	0	0	0	0	0	0	0	1	0	0	0	0	0	0	0	0	0	0	0	0	0	0	0	0	0	0	1	0	0	0	0	0	1	0	0	0	0	0	1	1	0	1	0	0	1	1	1	0	2	0	0	0	0	1	0	0	0	0	0	1	0	0	0	0	0	0	0	0	0	0	0	0	0	0	0	0	0	0	0	1	0	0	0	0	1	0	0	0	0	0	10	0	0	0	0	0	0	1	0	0	0	0	0	0	0	0	0	0	0	0	0	0	0	0	0	0	0	0	0	0	0	0	0	0	0	0	0	0	0	0	0	0	0	0	0	0	0	0	0	0	0	0	0	1	0	0	0	0	0	0	0	0	0	0	1	0	0	0	0	0	0	0	0	0	0	0	0	1	0	0	0	0	0	0	0	0	1	0
T[Ins(C):R8]A	0	0	0	1	0	0	0	1	0	0	0	0	0	0	0	0	0	1	0	0	0	0	0	0	1	0	0	0	0	0	0	0	0	1	2	0	0	0	1	0	0	0	0	1	0	1	0	0	0	0	2	0	1	0	0	2	0	0	0	0	0	1	0	3	1	1	0	0	0	0	0	0	0	0	0	0	1	0	2	0	2	0	0	0	0	0	0	0	0	0	0	0	0	1	0	0	0	0	0	2	0	0	0	0	0	1	0	0	0	1	0	0	0	0	0	0	0	0	1	0	0	1	1	0	28	2	0	0	0	1	0	0	0	0	0	0	1	0	1	0	0	0	0	0	0	0	0	0	1	0	1	0	0	0	0	0	2	0	0	1	0	1	0	0	1	0	0	1	0	0	2	0	0	1	1	0	0	0	0	1	0	0	0	1	0	0	0	0	0	0	1	1	0	1	2	1	0	0	0	0	0	0	0	1	1	2	2	0	0	0	1	1	1	0	0	0	0	0	0	0	0	0	0	0	0	0	0	1	1	1	0	0	0	1	0	0	0	18	1	0	0	0	1	0	0	3	1	0	0	1	0	0	0	0	0	0	0	1	0	0	1	0	0	0	2	0	0	0	0	0	1	2	0	0	0	0	2	1	0	2	0	0	0	0	0	0	0	1	0	2	1	0	0	1	0	0	0	0	0	0	0	1	0	2	0	0	0	2	0	0	0	0	2	0	0	1	0	0	0	0	0	1	0	0	0
T[Ins(C):R8]G	0	0	0	1	0	0	0	0	0	0	0	0	0	0	0	0	0	0	0	0	0	0	0	0	1	0	0	0	0	0	0	0	0	0	2	0	0	0	0	0	0	0	0	0	0	0	0	0	0	0	0	0	0	0	0	0	0	0	0	0	1	0	0	3	0	0	0	0	0	1	0	0	0	0	0	0	1	0	0	0	0	0	0	0	0	1	0	0	0	0	1	0	0	1	0	0	0	0	0	0	0	0	0	0	0	0	0	0	0	0	0	0	0	0	0	0	0	0	0	0	0	0	0	0	4	0	0	0	0	0	0	0	0	1	0	0	0	0	0	0	0	0	0	0	0	0	0	0	0	1	1	0	0	0	1	0	0	0	0	0	0	0	0	0	0	0	0	0	0	0	0	0	0	0	0	0	0	0	0	0	0	0	0	0	0	1	1	0	0	0	0	0	0	0	0	0	0	0	0	0	0	0	0	0	0	0	0	0	0	0	0	0	0	0	0	0	0	0	0	0	0	0	0	0	0	0	0	0	0	0	0	0	0	0	0	0	0	1	0	0	0	0	0	0	0	0	0	0	0	0	0	0	0	0	0	0	0	0	0	0	0	0	0	0	0	0	0	0	0	0	0	0	0	0	0	0	0	0	0	0	0	0	0	0	0	0	0	0	0	0	0	0	0	0	0	0	0	0	0	0	0	0	1	0	0	0	0	0	0	0	0	0	0	0	0	0	1	0	1	0	0	0	0	1	0
T[Ins(C):R8]T	0	0	0	0	0	0	0	1	0	0	0	0	0	0	0	1	0	0	0	0	0	0	0	0	0	0	0	0	0	0	0	0	0	0	0	0	0	0	0	0	0	0	0	0	0	0	0	0	0	0	0	0	0	0	0	0	0	0	0	0	0	0	0	0	0	0	1	0	0	0	0	0	0	0	0	0	0	0	0	0	0	0	1	0	1	0	1	0	0	0	0	0	0	0	0	0	0	0	0	0	0	0	0	0	0	2	0	0	0	1	0	0	0	0	0	0	0	0	0	0	0	0	0	0	14	0	0	1	0	0	1	0	0	0	1	0	0	0	0	0	0	0	0	1	1	0	0	0	0	0	0	0	0	0	0	0	0	1	0	0	0	0	0	0	0	0	0	0	0	0	0	0	0	0	0	0	0	0	0	0	0	0	0	0	0	0	0	0	0	0	0	0	0	1	0	0	1	0	0	0	0	0	0	0	0	0	1	0	1	0	0	0	0	0	0	0	0	0	0	0	0	0	0	1	0	0	0	0	0	0	0	0	0	0	1	0	0	9	0	0	0	1	0	0	0	0	0	0	0	0	0	0	0	0	0	0	0	0	0	0	0	0	0	0	0	0	0	0	0	0	2	0	0	0	0	0	0	0	0	0	1	0	0	0	0	0	0	0	0	0	0	0	0	0	0	0	0	0	0	0	0	0	0	0	0	0	0	0	1	0	0	0	0	0	0	0	0	1	0	0	0	0	0	0	0
T[Ins(C):R(9,)]A	0	0	0	0	0	0	0	0	0	0	0	0	0	0	0	0	0	0	0	0	0	0	0	0	0	0	0	0	0	0	0	0	0	0	0	0	0	0	0	0	0	0	0	0	0	0	0	0	0	0	0	0	0	0	0	0	0	0	0	0	0	0	0	0	0	0	0	0	0	0	0	0	0	0	0	0	0	0	0	0	0	0	0	0	0	0	0	0	0	0	0	0	0	0	0	0	0	0	0	0	0	0	0	0	0	0	0	0	0	0	0	0	0	0	0	0	0	0	0	0	0	0	0	0	0	0	0	0	0	0	0	0	0	0	0	0	0	0	0	0	0	0	0	0	0	0	0	0	0	0	0	0	0	0	0	0	0	0	0	0	0	0	0	0	0	0	0	0	0	0	0	0	0	0	0	0	0	0	0	0	0	0	0	0	0	0	0	0	0	0	0	0	0	0	0	0	0	0	0	0	0	0	0	0	0	0	0	0	0	0	0	0	0	0	0	0	0	0	0	0	0	0	0	0	0	0	0	0	0	0	0	0	0	0	0	0	0	0	0	0	0	0	0	0	0	0	0	0	0	0	0	0	0	0	0	0	0	0	0	0	0	0	0	0	0	0	0	0	0	0	0	0	0	0	0	0	0	0	0	0	0	0	0	0	0	0	0	0	0	0	0	0	0	0	0	0	0	0	0	0	0	0	0	0	0	0	0	0	0	0	0	0	0	0	0	0	0	0	0	0	0	0	0	0	0
T[Ins(C):R(9,)]G	0	0	0	0	0	0	0	0	0	0	0	0	0	0	0	0	0	0	0	0	0	0	0	0	0	0	0	0	0	0	0	0	0	0	0	0	0	0	0	0	0	0	0	0	0	0	0	0	0	0	0	0	0	0	0	0	0	0	0	0	0	0	0	0	0	0	0	0	0	0	0	0	0	0	0	0	0	0	0	0	0	0	0	0	0	0	0	0	0	0	0	0	0	0	0	0	0	0	0	0	0	0	0	0	0	0	0	0	0	0	0	0	0	0	0	0	0	0	0	0	0	0	0	0	0	0	0	0	0	0	0	0	0	0	0	0	0	0	0	0	0	0	0	0	0	0	0	0	0	0	0	0	0	0	0	0	0	0	0	0	0	0	0	0	0	0	0	0	0	0	0	0	0	0	0	0	0	0	0	0	0	0	0	0	0	0	0	0	0	0	0	0	0	0	0	0	0	0	0	0	0	0	0	0	0	0	0	0	0	0	0	0	0	0	0	0	0	0	0	0	0	0	0	0	0	0	0	0	0	0	0	0	0	0	0	0	0	0	0	0	0	0	0	0	0	0	0	0	0	0	0	0	0	0	0	0	0	0	0	0	0	0	0	0	0	0	0	0	0	0	0	0	0	0	0	0	0	0	0	0	0	0	0	0	0	0	0	0	0	0	0	0	0	0	0	0	0	0	0	0	0	0	0	0	0	0	0	0	0	0	0	0	0	0	0	0	0	0	0	0	0	0	0	0	0
T[Ins(C):R(9,)]T	0	0	0	0	0	0	0	0	0	0	0	0	0	0	0	0	0	0	0	0	0	0	0	0	0	0	0	0	0	0	0	0	0	0	0	0	0	0	0	0	0	0	0	0	0	0	0	0	0	0	0	0	0	0	0	0	0	0	0	0	0	0	0	0	0	0	0	0	0	0	0	0	0	0	0	0	0	0	0	0	0	0	0	0	0	0	0	0	0	0	0	0	0	0	0	0	0	0	0	0	0	0	0	0	0	0	0	0	0	0	0	0	0	0	0	0	0	0	0	0	0	0	0	0	0	0	0	0	0	0	0	0	0	0	0	0	0	0	0	0	0	0	0	0	0	0	0	0	0	0	0	0	0	0	0	0	0	0	0	0	0	0	0	0	0	0	0	0	0	0	0	0	0	0	0	0	0	0	0	0	0	0	0	0	0	0	0	0	0	0	0	0	0	0	0	0	0	0	0	0	0	0	0	0	0	0	0	0	0	0	0	0	0	0	0	0	0	0	0	0	0	0	0	0	0	0	0	0	0	0	0	0	0	0	0	0	0	0	0	0	0	0	0	0	0	0	0	0	0	0	0	0	0	0	0	0	0	0	0	0	0	0	0	0	0	0	0	0	0	0	0	0	0	0	0	0	0	0	0	0	0	0	0	0	0	0	0	0	0	0	0	0	0	0	0	0	0	0	0	0	0	0	0	0	0	0	0	0	0	0	0	0	0	0	0	0	0	0	0	0	0	0	0	0	0
A[Ins(T):R0]A	17	1	4	4	2	1	10	5	15	1	8	1	3	1	2	1	8	2	3	2	1	2	6	1	2	4	5	4	14	1	3	3	1	14	2	20	4	0	5	7	13	2	1	4	9	1	18	3	12	8	17	6	5	5	3	5	4	2	4	1	5	0	5	14	5	7	3	4	1	3	2	1	4	2	20	2	2	0	114	5	4	7	1	1	14	9	8	3	8	6	19	2	4	49	29	3	0	2	2	7	8	4	1	16	5	4	2	4	3	1	4	0	8	8	30	7	2	3	4	3	20	3	7	9	107	12	1	17	0	4	10	4	1	5	3	34	8	4	8	1	4	12	4	0	11	9	0	0	4	1	11	12	19	4	11	4	2	18	1	34	4	4	2	1	2	9	6	6	25	5	6	9	1	2	4	1	2	3	3	86	11	1	23	3	14	13	8	9	1	3	16	3	2	5	16	3	11	1	0	4	0	4	4	1	6	10	6	5	8	0	11	14	2	3	19	8	4	2	10	31	40	7	6	5	7	0	7	4	3	19	3	1	0	21	7	1	0	35	2	4	3	30	6	7	13	13	11	8	0	16	8	9	11	1	24	4	4	1	2	6	1	1	4	1	4	7	0	3	1	2	3	25	14	1	38	1	32	62	16	19	9	1	11	2	1	2	5	7	4	3	27	1	9	0	0	3	1	22	0	1	11	5	2	1	2	0	1	11	1	0	3	5	3	5	4	3	3	2	17	3	19	13	48	8	2
A[Ins(T):R0]C	0	0	0	0	0	0	0	1	1	0	0	0	0	0	2	1	1	1	0	0	0	0	1	0	0	0	2	1	1	2	0	0	0	0	0	2	0	1	1	2	2	0	0	0	2	0	1	0	1	0	1	0	1	2	0	2	0	0	0	1	0	0	0	0	0	2	0	2	1	1	0	1	0	0	1	1	0	0	4	0	1	2	1	0	0	0	0	0	0	0	0	1	1	1	0	0	0	0	1	1	1	0	1	1	2	4	0	1	0	0	0	0	0	1	0	1	0	1	2	1	1	0	1	1	7	1	0	0	1	2	0	0	0	0	0	2	0	1	1	1	0	0	0	0	1	1	0	0	0	0	0	1	2	1	0	0	0	1	0	1	1	0	0	0	0	0	0	0	1	1	0	0	0	0	0	1	0	0	1	5	1	1	1	2	0	1	0	0	2	1	1	0	1	2	2	0	2	0	1	0	0	0	1	0	0	4	0	0	1	0	2	1	1	0	1	1	0	1	0	1	1	1	0	1	1	0	4	0	0	3	2	1	0	2	0	1	2	5	0	0	0	1	1	0	1	0	0	0	0	0	1	1	1	0	2	0	0	0	0	1	0	2	0	2	0	0	0	1	0	0	1	0	1	0	1	1	0	1	1	0	1	0	0	0	1	2	0	2	0	0	0	0	1	1	0	0	0	0	0	2	0	1	0	0	1	0	1	1	0	0	0	0	0	0	0	0	1	1	0	1	1	0	1	0	0
A[Ins(T):R0]G	0	0	0	0	1	0	1	1	2	0	1	0	0	1	2	0	1	1	0	1	0	1	1	1	0	1	0	0	0	0	0	1	0	1	1	2	0	0	2	2	1	0	0	2	4	0	1	0	1	1	10	0	4	1	2	0	1	0	1	0	1	1	0	1	1	0	3	0	0	2	1	0	0	0	3	1	0	0	12	0	0	1	0	1	1	0	0	1	0	1	2	0	1	5	1	0	0	0	1	1	0	2	0	0	0	0	0	0	0	0	1	0	1	0	2	0	0	0	2	0	3	0	0	0	20	1	1	4	2	0	3	0	0	0	1	5	1	1	2	0	0	2	1	1	2	0	0	0	1	0	1	0	3	1	0	0	0	1	0	6	0	0	1	1	1	1	0	1	0	2	0	0	1	0	0	0	0	1	0	6	3	0	3	0	0	0	0	0	0	0	0	2	2	0	1	0	1	0	0	0	1	0	1	0	1	11	1	0	0	1	2	2	0	0	9	0	0	0	1	2	3	0	4	1	1	0	4	1	1	0	0	1	0	1	0	0	0	3	1	0	1	3	0	0	1	1	1	1	0	3	1	2	1	0	2	1	0	0	0	0	0	1	1	0	3	0	0	1	0	0	1	2	1	1	2	0	2	3	3	2	0	0	0	1	0	1	1	0	1	4	1	0	1	1	1	0	0	1	0	0	1	1	0	0	0	0	2	2	1	0	0	0	0	0	1	1	0	1	1	2	2	0	1	1	2
A[Ins(T):R1]A	2	1	0	2	3	1	2	2	12	2	3	0	1	1	1	2	4	2	0	3	0	1	2	1	3	3	1	4	4	0	0	3	4	1	1	1	2	2	4	2	5	2	0	3	7	2	6	0	1	2	6	2	3	1	1	2	0	2	2	0	3	1	0	6	3	4	1	3	1	1	0	1	3	4	4	2	2	0	18	0	2	1	2	0	2	1	0	2	2	1	1	0	11	12	6	0	1	0	0	5	4	6	0	3	3	5	2	3	0	1	1	0	2	2	2	4	0	2	3	0	4	3	4	2	22	2	0	1	1	4	2	0	1	2	0	7	3	3	3	2	0	5	2	4	4	1	1	0	4	4	3	4	6	2	5	0	8	6	0	7	2	3	4	2	1	3	5	14	2	2	1	1	1	4	0	1	1	0	3	13	2	5	3	2	3	4	1	1	1	4	7	2	1	6	6	4	1	3	1	4	0	1	2	5	3	5	8	3	4	0	1	3	1	2	7	3	0	2	3	11	7	4	0	4	1	0	5	2	6	8	3	1	1	7	3	1	0	7	1	1	1	3	6	1	9	4	3	4	0	6	4	7	4	4	2	4	2	2	1	3	0	2	1	0	1	2	0	3	2	0	1	3	4	1	1	1	4	5	5	5	3	0	4	1	0	3	2	2	1	1	7	1	1	0	1	0	0	7	1	2	6	0	1	1	3	1	1	1	2	1	0	0	1	2	1	0	4	3	5	1	15	7	11	4	1
A[Ins(T):R1]C	2	0	0	1	1	1	2	2	0	2	2	0	1	0	0	0	1	1	0	2	0	0	2	0	0	0	1	0	2	0	1	0	0	1	0	0	1	1	2	1	2	0	0	1	3	2	3	0	2	4	4	3	2	0	1	2	1	1	3	1	0	0	0	0	2	1	0	4	2	0	1	1	4	0	3	3	0	0	9	1	1	2	1	0	1	1	0	1	2	0	3	0	0	3	0	2	0	0	0	0	2	0	0	3	1	1	1	1	0	1	0	0	0	0	1	0	1	0	2	0	2	1	0	1	37	2	1	1	0	3	3	3	0	1	0	4	2	1	1	2	0	1	0	0	2	1	0	0	1	1	0	7	3	0	1	0	1	3	1	5	3	3	0	0	1	1	1	2	1	3	0	3	0	0	1	0	1	2	0	8	0	1	2	2	1	3	1	2	1	0	1	0	0	8	2	0	0	0	0	2	0	0	1	0	0	1	2	2	0	0	4	3	0	0	3	3	0	0	1	4	9	1	1	2	0	0	1	0	0	6	1	0	1	1	0	0	0	1	3	0	1	1	1	1	0	2	0	4	0	3	0	3	0	0	3	0	1	0	0	0	0	0	0	0	0	0	1	3	1	1	1	2	3	0	1	0	1	3	0	6	1	0	0	4	0	1	3	2	0	0	1	2	0	0	1	1	0	1	1	0	2	0	2	0	1	1	0	3	3	1	1	0	0	0	1	1	1	1	1	0	2	1	6	0	0
A[Ins(T):R1]G	2	0	0	2	3	1	0	1	2	1	1	0	1	0	1	0	0	0	1	0	1	1	0	2	1	2	0	1	0	0	3	0	0	3	2	1	0	0	0	0	1	1	0	0	1	1	4	0	3	1	4	1	1	2	2	1	1	0	2	0	1	0	1	2	2	1	0	3	3	1	3	1	3	0	2	0	0	0	16	0	1	3	1	0	1	1	0	1	1	0	1	0	5	5	1	0	0	0	0	1	1	0	0	2	0	1	0	3	0	3	2	0	0	1	1	0	3	0	0	0	3	0	1	0	20	3	3	3	0	2	3	1	0	1	0	3	1	1	1	2	1	4	1	0	1	0	0	1	2	1	5	0	2	1	2	0	1	2	0	6	1	0	0	0	0	1	1	7	2	2	1	0	1	0	0	1	1	1	0	11	0	3	3	1	5	4	2	2	0	0	4	0	0	2	3	0	1	0	1	1	0	0	0	0	2	24	1	0	2	0	2	2	1	0	4	0	0	1	2	3	3	2	0	2	0	0	14	0	0	4	1	0	0	1	2	0	0	1	0	0	3	0	2	0	2	3	0	3	0	4	0	0	2	0	4	2	0	0	2	3	2	0	3	0	0	0	0	0	2	1	1	2	3	2	2	0	3	1	4	1	1	0	0	1	0	1	0	0	0	0	1	0	0	0	1	0	1	1	0	3	2	0	1	1	1	0	1	3	0	0	1	0	1	1	1	0	1	2	6	1	4	1	2	0	0
A[Ins(T):R2]A	2	1	0	4	0	1	2	0	6	1	2	0	4	0	3	3	0	2	1	0	0	1	0	1	1	1	1	0	2	0	1	1	0	2	2	1	1	1	4	0	4	3	0	1	2	2	6	0	1	1	4	2	2	0	1	0	0	2	1	1	1	1	0	4	0	1	1	1	0	2	1	2	1	0	1	0	0	0	11	1	0	2	0	0	1	0	1	3	2	1	1	0	1	3	0	1	1	2	0	2	2	1	0	2	1	1	1	3	0	1	2	0	1	6	2	1	0	0	0	1	2	1	0	2	22	3	0	4	0	1	3	2	0	0	0	1	1	5	1	1	3	4	0	1	5	1	0	2	2	0	4	2	1	1	2	0	0	1	0	4	1	0	2	0	4	0	3	1	2	3	1	2	0	0	2	0	0	1	0	8	1	0	4	0	2	3	1	1	1	0	5	1	1	3	4	0	3	0	0	3	0	0	0	0	1	3	1	0	2	0	0	2	0	1	2	2	0	0	1	3	2	1	3	1	1	1	3	2	0	4	3	1	0	0	0	0	1	9	0	1	3	1	3	1	5	2	0	1	1	3	1	1	4	2	2	0	0	2	2	3	0	2	0	0	3	1	2	1	2	1	4	2	1	1	3	0	3	5	1	2	0	0	2	1	0	0	2	2	0	2	0	0	0	1	0	0	0	0	1	1	0	0	1	0	1	0	3	0	0	1	2	0	1	0	1	1	0	1	5	0	3	2	3	1	0
A[Ins(T):R2]C	0	0	0	1	2	0	0	0	2	0	0	0	0	3	0	1	0	0	0	1	0	1	2	0	0	2	1	1	1	0	1	0	0	2	0	1	1	0	0	1	6	2	1	1	1	2	2	0	2	0	2	2	1	2	0	0	1	0	1	2	0	0	2	1	2	3	0	2	1	0	0	0	1	0	2	1	1	0	24	0	0	1	0	2	4	2	0	0	0	0	1	0	2	7	1	1	0	0	1	1	4	1	0	1	1	0	0	0	0	1	0	0	0	0	0	1	0	0	0	0	2	0	0	0	73	0	2	4	0	0	1	0	0	0	0	4	2	1	1	0	0	2	1	0	1	0	0	0	1	1	5	0	4	2	3	1	0	3	0	4	0	1	0	0	0	5	2	1	2	2	0	0	0	0	0	1	0	0	0	19	0	0	7	1	2	0	2	1	0	0	0	1	1	3	1	0	2	1	0	0	0	0	0	0	0	0	0	0	1	0	4	0	1	0	2	1	0	1	3	2	8	2	2	2	1	0	4	2	2	4	1	1	0	1	0	0	0	2	0	0	1	3	1	0	3	0	1	2	0	2	0	1	2	1	4	0	0	0	2	3	1	0	1	0	1	1	1	0	0	0	3	2	4	0	6	0	3	1	1	0	0	0	2	1	1	0	0	0	0	1	2	1	0	0	1	0	0	2	0	1	0	1	2	0	1	0	0	4	0	0	0	2	1	0	1	1	1	3	3	1	4	1	8	2	0
A[Ins(T):R2]G	2	1	1	0	1	0	2	2	2	0	0	0	1	0	0	0	0	1	1	0	0	0	0	1	0	1	0	0	0	0	0	0	1	0	1	0	1	0	1	0	1	0	0	0	1	0	6	2	0	0	1	1	0	2	0	0	0	0	0	0	1	0	0	5	0	0	1	0	0	1	1	0	0	2	3	0	1	0	5	2	0	1	0	0	0	0	0	0	0	0	0	0	0	5	1	0	1	1	0	1	1	2	0	0	0	1	0	0	3	1	2	0	1	1	2	0	0	0	1	0	1	0	0	1	19	3	0	1	0	1	0	1	1	2	1	1	0	1	0	1	2	1	1	0	1	0	0	0	0	0	2	1	3	0	0	0	1	1	0	13	0	0	0	0	1	0	1	4	0	0	2	0	1	1	0	0	2	0	1	4	0	1	0	0	0	0	0	1	0	1	2	0	0	0	1	1	2	0	0	0	0	0	0	0	0	48	0	0	0	0	0	2	0	1	8	0	0	0	1	3	1	1	1	1	1	0	29	0	0	1	0	0	0	0	0	0	0	7	2	0	0	1	2	1	2	2	0	0	0	1	1	2	0	0	2	2	0	0	0	0	0	1	0	0	1	1	0	1	0	0	1	1	2	0	1	0	1	0	2	5	0	0	2	1	0	0	2	1	0	1	2	0	2	0	0	0	0	0	0	1	2	1	1	0	1	0	0	0	1	0	1	1	0	0	0	0	0	1	1	2	6	1	3	3	0
A[Ins(T):R3]A	0	0	2	0	3	1	1	2	2	1	1	0	1	0	0	0	2	1	0	4	2	1	1	1	2	2	0	0	3	0	0	0	1	2	1	0	0	0	0	0	2	1	0	0	7	0	0	0	0	1	1	3	1	1	0	0	2	1	1	1	0	0	0	1	1	0	1	0	3	1	0	1	1	0	5	0	1	0	14	2	0	0	1	0	0	0	2	0	1	0	1	0	0	11	1	1	0	2	0	4	1	0	0	2	2	2	0	2	0	2	0	1	0	1	1	1	0	1	2	1	5	0	1	2	16	1	1	2	0	0	2	1	0	0	0	7	1	1	2	1	1	0	2	0	2	3	0	0	4	0	4	3	6	0	2	1	2	3	2	5	2	0	0	1	1	3	1	9	1	1	2	3	1	0	0	1	2	1	1	23	1	2	4	1	3	3	2	2	0	2	2	2	2	1	1	1	2	0	0	0	0	1	1	0	0	2	1	0	0	2	2	1	2	0	3	2	1	1	3	2	3	1	1	3	2	1	0	0	0	7	1	2	0	3	2	0	0	6	4	0	0	1	2	0	2	3	3	1	1	3	1	3	0	1	4	0	0	0	0	1	1	0	0	0	1	2	1	1	0	0	5	7	3	0	5	0	3	1	2	2	3	0	1	2	0	0	1	2	0	1	4	0	1	0	0	1	0	3	0	1	1	1	2	0	2	1	1	2	1	0	1	0	1	0	0	0	0	0	3	1	6	3	2	2	2
A[Ins(T):R3]C	0	0	0	1	2	1	4	0	4	0	2	0	2	0	1	0	2	0	0	2	0	0	3	1	1	1	1	1	7	0	1	0	0	2	0	1	1	0	1	1	0	0	0	1	1	0	5	1	0	2	1	1	0	1	0	0	1	0	0	1	0	0	0	1	2	1	0	5	1	0	1	0	3	0	6	1	0	0	20	1	0	3	0	0	2	0	0	0	1	0	0	0	2	9	1	0	0	0	0	0	2	3	0	1	1	0	0	1	1	0	0	0	0	1	3	1	0	0	0	1	0	0	3	2	32	1	0	5	0	0	2	1	0	4	0	2	0	1	4	0	0	3	1	0	5	0	0	0	1	1	4	1	5	0	0	0	1	2	0	4	0	2	0	0	0	0	2	1	1	0	0	0	0	1	0	0	0	0	2	17	0	0	6	0	3	1	2	0	0	1	4	2	1	2	1	0	1	0	0	2	0	1	0	0	2	1	1	2	2	1	1	2	0	0	3	4	1	0	3	5	5	2	0	1	1	0	3	0	1	5	0	1	1	2	0	0	0	4	1	0	1	2	0	0	4	1	0	3	0	2	1	0	1	0	1	1	0	0	0	1	0	1	1	1	0	0	0	0	0	0	1	0	5	0	4	0	3	9	3	4	0	0	1	1	0	0	3	0	1	0	5	0	1	0	0	0	0	1	0	1	0	1	1	1	0	0	1	1	0	0	2	0	1	1	0	0	0	2	1	0	3	4	6	5	0
A[Ins(T):R3]G	0	0	0	0	0	0	0	0	2	0	0	0	0	0	1	0	1	0	1	0	0	1	0	0	0	1	1	1	2	0	0	1	0	0	0	1	0	0	0	0	0	0	0	0	0	0	1	1	2	0	2	0	0	1	1	0	0	0	1	1	0	0	0	3	1	1	1	3	1	0	0	1	1	1	0	1	1	0	3	0	0	1	0	2	0	0	0	0	1	0	0	0	2	5	1	0	0	0	0	0	0	0	0	2	1	2	0	1	1	0	1	1	0	1	1	0	1	0	0	0	1	0	0	0	11	0	1	0	0	0	1	0	1	1	0	1	0	0	0	1	1	1	0	0	0	1	1	0	0	0	3	2	0	0	3	0	1	3	1	3	0	0	0	0	1	0	1	2	1	1	0	0	0	0	0	0	0	1	0	5	1	0	4	0	1	1	0	1	0	0	2	1	0	0	2	2	0	0	0	2	1	0	0	0	0	24	1	0	0	1	1	0	0	0	1	1	0	0	0	0	2	2	1	2	1	0	17	0	0	3	1	0	0	3	2	1	0	6	0	0	0	1	1	0	2	0	0	2	0	2	1	1	2	0	0	1	0	0	0	0	0	0	0	0	0	1	0	0	0	1	0	1	1	0	2	0	1	1	1	2	1	0	0	0	0	0	1	0	0	0	2	1	3	0	0	0	0	2	1	0	1	1	2	0	2	1	1	1	0	0	0	1	0	0	0	1	0	2	1	0	6	0	0	1	0
A[Ins(T):R4]A	0	1	1	0	0	1	1	1	4	0	1	0	1	1	0	0	2	1	0	0	0	0	0	1	0	0	2	2	2	0	4	1	0	0	2	1	0	0	2	0	3	1	1	0	2	0	1	0	0	0	0	0	1	0	0	1	1	0	2	0	0	0	0	1	3	0	0	0	0	3	0	0	1	0	0	1	1	0	7	0	1	3	0	1	0	0	0	1	0	1	1	0	0	4	1	0	1	1	0	3	1	2	0	1	3	0	0	2	0	0	0	0	0	1	2	0	0	1	1	1	1	1	1	1	21	0	1	1	1	0	3	5	0	0	0	5	3	2	1	0	0	1	2	1	4	2	0	0	2	0	1	0	0	1	0	0	1	3	0	6	1	2	0	0	1	0	2	4	1	2	1	3	0	3	0	2	0	1	0	6	0	1	2	1	1	1	2	1	1	1	2	1	2	1	0	3	1	0	0	0	0	0	1	1	0	0	3	2	1	0	1	0	1	1	4	2	0	0	3	3	2	1	1	0	1	0	2	0	0	4	0	1	0	3	1	0	0	9	0	0	3	3	0	0	4	2	0	3	1	2	1	1	1	0	1	0	0	0	0	0	2	1	0	1	0	3	0	1	0	1	2	1	2	2	3	0	4	0	1	2	0	0	0	1	0	0	0	1	0	0	1	0	1	0	1	0	0	2	0	0	0	2	1	2	1	0	0	1	1	0	2	2	0	1	0	0	1	0	0	3	3	1	2	0	0
A[Ins(T):R4]C	1	2	1	0	1	2	0	3	1	0	0	0	0	1	2	0	0	1	0	0	1	0	0	0	1	1	2	2	3	0	1	0	0	1	0	0	1	0	0	1	0	1	0	3	2	1	5	0	2	2	4	2	0	1	1	0	0	0	0	2	1	1	1	3	0	1	1	2	0	1	0	2	3	0	1	0	0	0	17	0	0	1	2	0	3	0	0	1	0	0	1	1	1	6	0	2	0	1	0	0	3	0	0	0	0	0	0	1	2	2	1	1	1	2	0	0	0	0	2	2	1	1	2	3	39	1	0	2	0	0	2	0	0	0	1	3	1	0	1	1	0	0	2	0	3	1	1	0	0	0	4	2	2	1	1	1	2	1	1	5	1	0	0	0	2	0	3	2	0	0	0	3	1	0	1	0	1	0	0	5	1	0	2	0	2	2	0	0	0	0	1	0	0	2	4	1	1	0	1	1	0	1	0	0	0	0	0	0	0	2	3	0	0	1	3	2	1	0	2	2	5	0	0	2	1	0	0	0	2	6	0	0	0	4	0	0	0	12	1	0	2	5	0	2	1	4	2	1	0	3	1	2	0	1	9	0	0	0	1	1	0	0	0	0	0	0	0	0	2	0	2	4	2	0	4	0	2	1	1	4	0	0	1	0	1	1	3	1	1	3	0	0	2	1	0	0	0	0	0	1	1	2	0	2	0	1	2	3	1	0	2	2	0	1	1	0	1	1	1	0	5	0	2	3	0
A[Ins(T):R4]G	3	1	0	1	0	0	0	2	3	0	0	0	0	0	2	0	0	0	1	1	0	0	1	2	0	0	1	0	0	1	0	0	0	1	1	1	0	0	1	1	1	0	0	0	3	0	2	0	0	0	1	0	2	1	1	0	0	0	1	0	2	0	0	1	0	0	2	0	2	0	0	1	1	0	0	0	0	0	3	0	0	0	0	1	1	3	0	0	0	0	1	1	2	2	1	0	2	0	0	2	2	0	0	2	1	1	0	0	0	0	1	1	2	0	0	0	0	2	1	0	2	1	0	2	17	1	2	0	0	2	0	0	0	0	0	3	0	2	0	0	0	1	1	1	1	0	0	0	2	0	0	1	0	0	0	0	1	2	0	1	0	2	0	1	1	1	1	1	1	1	1	0	0	0	2	1	2	0	1	6	0	0	2	2	1	2	0	1	0	0	1	4	3	2	2	0	1	1	0	1	0	0	0	1	0	14	1	0	1	0	1	1	1	0	1	0	0	1	1	0	1	1	2	1	0	1	9	0	1	3	0	0	1	2	1	0	1	9	1	1	0	1	1	0	3	1	1	1	0	0	0	1	2	1	1	0	0	0	0	0	1	1	0	1	1	0	1	0	1	0	0	2	1	0	5	0	2	2	1	2	0	0	0	0	0	0	0	0	0	0	1	0	2	0	0	2	0	0	0	4	4	1	1	1	0	0	2	1	0	0	0	0	1	1	1	0	1	2	3	0	2	0	1	0	0
A[Ins(T):R5]A	5	5	1	4	0	0	3	1	2	0	1	1	0	1	0	1	0	1	0	4	0	0	1	0	3	2	2	0	3	0	3	0	1	1	2	2	1	0	0	1	7	2	0	4	3	2	4	1	1	2	4	0	1	1	1	1	1	5	1	0	0	0	0	4	1	1	0	0	5	4	0	1	2	1	3	1	1	0	7	1	1	0	0	0	1	1	2	0	3	1	0	0	6	9	0	1	0	0	0	3	2	3	0	1	0	1	1	1	0	3	2	0	1	2	1	1	1	1	0	1	3	3	2	0	96	3	0	2	1	1	7	1	0	3	1	4	2	1	2	1	1	1	1	2	4	1	0	0	1	1	6	3	3	2	2	1	0	0	0	8	1	0	0	0	0	1	1	13	1	0	2	0	0	0	0	0	0	1	1	13	0	1	8	1	1	1	2	0	0	0	2	3	1	9	4	0	0	2	0	1	0	2	0	0	0	3	2	0	0	2	4	5	2	2	2	6	2	1	3	7	1	1	1	2	0	1	4	1	0	6	2	1	1	2	1	0	0	34	2	0	3	2	2	1	2	7	1	1	1	4	3	2	3	0	5	2	0	0	1	0	1	1	2	0	2	1	1	2	1	0	3	3	7	2	4	0	3	1	4	6	1	1	0	2	0	1	2	2	1	1	4	0	2	0	1	1	0	2	0	0	2	3	0	1	3	2	0	4	2	0	0	1	0	0	0	3	0	4	3	1	3	3	2	4	0
A[Ins(T):R5]C	1	2	4	1	3	0	2	7	5	1	0	0	0	2	2	0	4	2	0	0	1	0	0	1	2	1	2	2	3	0	1	0	0	2	6	1	2	0	1	4	2	1	0	2	4	1	7	2	1	0	4	0	1	1	1	3	1	0	2	2	1	0	1	2	1	4	1	4	6	2	0	3	1	1	2	0	0	0	21	0	3	0	2	1	2	6	1	1	2	0	0	0	4	12	3	1	8	1	1	4	4	2	1	2	0	1	0	1	2	2	1	0	3	3	1	1	0	3	4	1	2	0	1	4	82	3	1	2	1	2	3	1	0	0	0	8	1	0	0	4	1	1	1	0	7	1	0	0	1	4	3	3	2	1	1	1	2	4	0	7	1	1	1	1	0	5	0	1	2	1	0	1	0	2	1	1	0	1	1	13	0	0	9	1	1	1	1	2	0	0	5	1	2	8	4	1	1	3	0	3	0	0	0	1	1	4	2	2	1	0	0	5	1	5	6	3	0	1	5	2	2	1	1	1	1	1	0	1	3	9	5	1	1	5	2	0	0	21	4	0	1	5	2	0	5	5	4	0	0	4	2	2	3	2	6	1	0	0	1	1	0	0	1	1	2	0	2	1	1	0	0	7	8	1	14	0	6	3	4	4	1	1	2	3	0	1	4	2	0	2	2	0	2	0	1	0	0	2	1	0	1	1	2	3	4	0	2	0	1	0	0	4	0	0	0	2	2	1	4	2	7	5	3	6	1
A[Ins(T):R5]G	1	0	2	2	1	0	1	3	5	1	1	0	1	1	0	3	2	0	1	2	0	1	0	1	0	1	1	1	2	0	1	0	0	3	3	3	3	1	1	0	3	0	0	3	3	2	2	3	0	1	3	0	0	0	1	2	2	2	0	2	0	1	0	0	0	0	1	6	7	3	0	1	0	0	4	1	2	0	5	0	2	0	1	2	2	3	1	1	3	0	1	0	1	9	1	0	2	1	0	1	3	1	0	0	2	2	0	0	3	1	0	0	1	2	2	1	3	0	1	0	2	0	1	0	110	0	0	3	0	1	3	0	1	0	4	7	2	0	0	2	3	0	1	0	10	3	1	2	2	2	7	3	4	1	2	2	1	0	0	1	0	3	2	0	0	3	2	2	1	4	2	1	0	0	1	2	2	0	0	11	0	2	8	0	1	3	0	2	1	1	4	3	3	5	3	0	1	1	0	3	0	0	0	1	1	3	1	0	1	0	3	1	1	3	1	0	0	1	3	4	0	0	3	4	2	2	10	2	1	6	2	3	0	3	1	0	1	26	1	0	1	4	1	1	5	7	2	4	1	3	1	1	2	2	5	1	1	1	0	2	2	0	2	0	2	1	1	3	1	0	1	4	3	1	8	0	1	6	2	2	4	0	2	1	0	1	2	2	0	1	6	0	3	0	0	0	0	2	0	3	0	3	1	1	0	1	0	3	1	0	0	0	1	2	0	1	2	1	3	0	5	1	2	7	2
A[Ins(T):R6]A	6	1	1	3	0	3	3	1	1	1	4	0	1	4	2	2	1	0	1	8	1	2	4	0	5	3	4	0	3	0	2	0	3	1	5	2	1	0	2	1	3	0	0	2	5	2	3	1	3	1	0	0	1	1	2	3	1	2	2	1	0	0	0	10	3	4	1	0	5	3	2	1	2	0	7	3	7	0	10	3	2	3	0	0	5	11	2	2	4	4	1	3	10	12	2	0	5	0	2	6	4	3	2	1	5	4	4	1	0	2	1	0	2	3	1	0	0	1	2	0	0	1	3	2	151	2	1	5	0	5	10	2	1	4	4	8	2	9	3	6	1	2	3	0	15	1	0	1	4	1	2	0	7	5	5	2	6	2	1	4	5	5	1	2	0	1	5	15	2	4	3	2	2	5	2	3	3	0	3	11	0	5	6	1	1	3	6	1	3	1	12	4	5	13	0	5	6	0	2	3	1	3	1	4	3	11	8	1	0	1	0	2	3	0	1	0	2	1	3	3	3	1	4	3	0	1	10	2	3	8	4	4	4	6	4	1	0	51	2	1	2	4	0	2	1	16	4	4	1	8	5	1	2	3	2	1	2	2	0	3	0	0	0	0	4	1	1	0	2	1	2	8	4	0	19	0	5	1	3	8	2	0	3	1	0	3	3	0	1	2	1	0	4	1	2	0	2	1	1	1	8	5	1	4	6	5	2	0	0	1	1	0	3	2	3	1	1	3	5	1	3	2	0	4	3
A[Ins(T):R6]C	3	2	3	3	0	0	4	5	4	2	3	1	2	3	1	1	2	2	2	3	1	2	2	4	4	2	3	4	6	0	3	0	0	4	10	1	4	0	1	3	3	2	1	5	0	4	3	4	3	2	8	2	0	2	4	5	2	1	1	1	3	3	1	9	4	7	2	2	10	4	0	5	1	2	8	3	6	0	11	4	6	0	2	5	2	4	3	4	6	3	2	0	5	16	0	1	3	1	0	9	2	0	0	4	5	2	4	4	3	4	0	1	3	6	4	2	1	1	2	5	2	5	1	3	149	6	2	10	0	6	10	1	1	1	1	2	4	6	3	1	0	3	4	0	28	5	1	1	8	2	10	5	7	3	3	2	4	4	2	4	4	4	4	0	0	1	1	3	6	2	3	4	0	2	4	1	3	1	1	17	1	1	4	0	3	3	3	0	3	1	11	4	4	14	8	10	0	0	0	2	1	2	0	1	5	5	7	3	1	1	1	8	0	2	3	1	2	0	4	5	1	3	6	3	4	6	4	1	3	5	9	4	2	14	1	1	0	51	4	1	3	4	3	1	3	21	5	3	0	4	3	5	5	6	11	4	1	0	1	5	2	0	1	1	6	2	2	4	3	0	6	7	4	1	19	0	6	8	4	5	4	0	1	5	2	6	4	3	1	5	4	1	2	0	2	1	0	4	1	5	3	7	3	2	2	3	1	1	5	0	2	1	4	2	4	0	0	3	4	2	5	2	3	11	3
A[Ins(T):R6]G	2	0	4	3	0	1	4	15	7	3	0	0	2	4	0	2	2	3	3	4	0	1	1	3	3	6	2	3	4	0	1	0	1	4	5	3	2	0	3	0	4	1	0	3	7	3	3	2	1	1	0	0	1	2	0	2	1	3	5	2	4	0	1	7	1	2	1	7	11	3	1	0	3	1	6	2	5	1	11	1	2	1	1	4	3	5	4	5	8	1	1	0	3	4	0	4	8	0	0	10	0	1	1	1	3	3	2	2	1	2	1	0	4	0	1	1	1	2	2	2	3	4	1	0	242	5	3	6	0	3	10	2	1	2	3	5	2	5	6	4	4	2	1	2	15	2	0	1	4	4	4	4	6	3	3	1	0	6	0	4	0	2	2	1	0	1	7	7	2	2	3	1	0	1	2	2	3	0	2	14	1	2	7	2	5	1	1	2	2	1	10	5	5	13	1	4	2	1	1	9	0	1	0	1	1	13	13	1	1	2	1	4	0	2	3	3	2	2	4	3	2	5	3	1	6	2	6	4	3	11	3	3	0	6	0	0	1	87	5	1	1	3	5	3	7	26	3	6	1	8	4	7	3	8	4	4	2	3	2	4	5	4	3	0	2	2	0	4	2	2	5	13	7	1	12	0	6	2	5	12	0	0	0	0	1	2	4	3	5	2	5	2	2	0	1	0	0	2	1	4	1	1	3	5	7	4	0	1	4	0	2	4	1	4	2	4	1	3	2	2	4	1	3	7	1
A[Ins(T):R7]A	2	1	1	0	2	0	4	7	0	1	3	1	5	7	1	1	3	5	3	8	0	1	1	1	5	6	2	1	4	0	1	1	3	1	6	2	4	1	2	2	4	2	0	6	5	0	6	3	2	0	5	2	1	1	3	5	0	2	3	1	0	0	0	18	1	4	3	5	13	2	0	2	2	1	2	1	4	0	4	0	4	3	2	2	4	7	4	0	2	2	1	0	6	7	1	4	8	0	3	9	4	3	0	3	2	3	2	1	3	1	1	5	1	3	0	0	0	3	0	3	0	2	4	2	259	12	0	5	1	4	5	3	0	2	2	9	2	3	5	5	3	0	0	1	16	3	0	1	9	0	3	5	3	4	6	2	2	2	4	6	0	1	3	0	0	2	0	17	6	1	2	3	0	4	4	1	3	3	2	18	0	3	12	2	4	0	4	3	1	6	14	8	6	13	5	4	3	0	1	0	0	1	0	3	1	4	7	0	1	1	2	11	0	2	3	3	0	2	4	4	4	3	8	1	5	5	5	0	6	6	5	8	4	6	3	0	0	107	11	1	1	6	5	3	0	23	4	1	1	5	0	6	4	2	5	0	2	2	2	2	2	2	3	0	7	1	2	1	3	0	7	11	1	2	12	0	6	3	5	8	1	0	3	1	1	1	2	5	1	5	5	1	2	0	0	0	0	1	0	0	1	3	2	2	3	3	1	2	1	1	0	2	0	1	2	5	2	5	2	0	2	1	3	6	4
A[Ins(T):R7]C	1	3	1	2	0	2	3	12	4	1	0	0	4	3	1	1	1	8	0	7	0	3	4	0	10	3	2	2	7	1	2	0	2	1	5	1	5	0	6	1	5	0	0	3	2	1	10	3	4	0	3	1	2	3	2	1	1	1	5	3	2	1	0	7	4	2	4	2	12	4	1	2	1	4	5	3	3	0	11	1	2	1	5	0	3	5	2	0	4	4	2	1	7	14	2	2	6	0	2	21	1	4	4	3	2	3	4	3	3	3	3	2	0	10	0	1	1	0	0	5	3	1	0	1	184	7	2	6	1	3	11	1	0	2	1	7	5	5	5	3	2	0	1	1	20	2	0	0	4	3	6	1	6	3	5	3	7	6	3	10	0	2	1	2	1	4	3	6	3	1	1	2	1	3	3	1	2	6	3	12	0	5	9	3	2	5	5	0	3	2	9	5	5	15	3	4	0	3	0	5	0	1	0	6	1	8	8	0	2	1	4	4	0	3	9	2	1	0	1	5	8	4	5	0	1	1	7	2	3	11	3	4	0	5	0	0	1	77	4	2	2	4	4	1	4	14	3	3	0	5	1	5	2	4	5	1	2	0	1	4	1	0	0	1	3	4	5	0	2	2	8	8	5	0	24	1	4	4	4	11	2	2	3	1	0	3	8	8	1	2	3	0	2	1	1	1	0	2	0	1	3	1	2	2	4	3	1	4	1	0	2	2	3	1	0	3	2	4	3	2	8	2	6	12	2
A[Ins(T):R7]G	2	2	5	3	1	3	3	4	3	1	0	0	2	6	0	0	2	2	1	3	2	0	0	2	4	6	1	0	3	0	4	3	0	2	8	2	3	1	3	2	4	1	1	1	4	2	5	5	1	0	4	1	2	2	1	1	2	2	3	0	2	1	4	12	0	4	5	4	8	8	0	1	5	5	4	3	6	0	5	6	1	2	4	2	2	4	3	1	7	6	1	1	11	5	1	4	3	1	1	10	3	2	1	3	1	3	2	1	5	4	4	4	0	2	2	2	3	3	2	1	1	3	2	4	237	13	4	3	0	3	6	0	0	1	2	9	1	4	5	6	2	3	0	1	12	0	1	0	4	0	7	4	4	11	4	3	7	3	1	4	2	2	6	0	4	1	2	6	3	1	4	5	0	3	2	2	1	4	2	10	0	4	7	1	1	0	2	1	2	1	7	6	5	19	4	9	3	0	2	2	1	2	3	1	4	13	10	5	2	0	5	12	0	1	3	6	2	1	2	2	6	1	5	0	2	4	7	1	3	8	6	5	3	5	0	1	0	97	5	0	5	2	3	3	2	26	4	5	3	6	2	2	3	3	8	5	1	2	0	4	4	1	4	0	3	1	1	1	1	1	3	10	3	2	18	2	1	6	2	9	2	1	3	3	1	4	4	3	3	4	6	0	2	0	0	0	0	2	0	1	3	2	5	4	3	2	0	5	1	0	1	3	2	2	1	3	0	4	3	1	4	1	1	10	2
A[Ins(T):R8]A	2	4	1	2	2	0	2	5	5	4	4	1	3	3	3	3	2	2	1	4	0	2	0	1	10	4	3	3	1	0	0	2	5	0	18	2	0	1	2	2	4	1	0	2	2	2	5	2	2	1	5	1	1	3	1	3	0	3	5	1	4	1	1	12	4	3	2	2	8	1	2	4	5	1	6	1	10	0	10	1	3	3	7	1	3	5	2	2	4	6	1	1	10	7	2	4	6	4	0	18	0	5	2	2	2	8	1	5	3	4	2	2	1	2	0	1	3	1	0	3	4	1	4	0	312	6	1	15	0	6	8	8	1	3	6	2	6	1	5	6	6	1	0	7	18	2	0	0	6	0	9	1	6	3	10	1	4	3	1	10	1	3	7	2	2	1	4	11	1	2	2	4	3	4	1	3	4	4	7	10	0	0	7	1	6	2	2	2	1	1	14	9	6	17	5	10	1	0	0	3	0	3	0	3	2	11	12	2	0	2	4	10	2	2	3	2	3	1	2	3	7	6	5	3	1	4	7	2	3	7	3	5	1	7	3	0	0	140	4	0	0	5	8	1	5	33	8	2	1	5	1	5	3	1	5	2	2	2	0	2	0	0	2	1	4	2	3	4	2	0	2	9	0	1	17	0	5	3	5	13	0	2	2	2	0	1	6	2	1	3	4	1	3	0	3	1	0	1	0	0	6	8	2	3	4	7	2	4	4	0	0	1	2	0	2	3	1	3	4	1	8	0	4	12	1
A[Ins(T):R8]C	0	2	4	1	5	1	5	11	2	2	0	0	2	3	1	0	2	3	7	5	0	2	2	2	5	3	2	2	4	2	3	1	2	2	15	5	0	1	4	3	4	1	1	2	4	2	3	5	1	0	4	3	1	2	1	4	1	2	1	0	3	1	1	11	3	1	0	2	6	1	1	3	3	1	3	1	5	0	7	2	3	0	3	1	1	7	1	1	3	3	3	0	17	3	0	3	4	5	1	16	3	2	1	2	3	2	1	1	8	1	4	0	2	5	0	1	0	0	4	0	1	3	3	0	216	7	3	3	2	5	4	1	0	2	4	3	2	2	3	9	5	3	1	6	17	4	2	2	7	1	4	2	3	3	9	1	5	5	2	8	1	1	11	2	2	2	2	6	7	3	4	1	0	4	1	1	3	5	1	18	2	3	11	2	1	0	6	4	1	1	13	6	6	17	4	3	3	1	2	3	0	2	2	6	1	9	9	3	1	1	6	8	1	1	5	4	1	1	2	4	2	4	2	0	3	2	6	2	6	4	5	4	0	3	0	0	1	88	2	2	3	0	4	2	1	23	4	1	2	7	2	1	6	5	2	5	0	1	1	0	1	2	5	0	4	3	6	2	4	1	4	11	2	1	12	0	2	1	4	8	3	0	0	3	1	3	5	4	2	5	3	1	6	0	0	0	1	0	2	2	0	2	1	3	8	5	2	6	0	0	1	1	3	1	2	1	1	4	1	0	4	1	1	12	1
A[Ins(T):R8]G	0	3	1	1	2	1	5	10	8	0	3	1	1	8	0	1	1	0	1	2	1	1	2	0	12	3	1	0	3	1	1	0	4	8	15	1	4	2	1	1	6	4	0	6	1	1	8	4	0	1	3	1	1	4	2	0	2	4	3	0	1	3	0	11	1	1	1	1	8	7	1	1	7	2	2	0	12	0	9	1	0	3	2	1	7	7	2	3	5	3	4	1	10	7	0	3	4	1	2	15	0	2	1	3	0	8	1	1	6	3	5	4	1	4	1	0	1	3	2	6	1	2	2	2	263	7	2	7	0	5	0	4	0	3	4	0	0	5	6	4	2	0	1	1	12	0	0	0	7	3	9	4	3	2	5	1	1	4	1	6	3	4	1	0	4	5	0	4	2	0	2	2	0	2	1	2	10	2	1	15	0	2	3	2	3	0	2	2	0	1	8	6	7	20	3	15	1	1	0	4	1	3	2	2	3	7	11	2	3	0	2	6	0	3	3	2	4	1	3	4	5	6	4	2	1	4	12	3	4	4	15	7	1	3	0	0	1	147	1	3	1	0	4	1	7	18	3	3	2	8	1	3	1	3	2	1	0	0	1	1	2	2	0	1	4	1	1	2	4	1	0	6	1	0	18	0	4	4	6	10	2	1	1	1	2	2	7	1	5	5	3	1	3	0	1	1	0	3	0	5	3	7	3	6	7	7	0	1	1	1	3	2	0	2	2	3	2	3	0	3	2	1	2	5	3
A[Ins(T):R(9,)]A	0	0	0	0	0	0	0	0	0	0	0	0	0	0	0	0	0	0	0	0	0	0	0	0	0	0	0	0	0	0	0	0	0	0	0	0	0	0	0	0	0	0	0	0	0	0	0	0	0	0	0	0	0	0	0	0	0	0	0	0	0	0	0	0	0	0	0	0	0	0	0	0	0	0	0	0	0	0	0	0	0	0	0	0	0	0	0	0	0	0	0	0	0	0	0	0	0	0	0	0	0	0	0	0	0	0	0	0	0	0	0	0	0	0	0	0	0	0	0	0	0	0	0	0	0	0	0	0	0	0	0	0	0	0	0	0	0	0	0	0	0	0	0	0	0	0	0	0	0	0	0	0	0	0	0	0	0	0	0	0	0	0	0	0	0	0	0	0	0	0	0	0	0	0	0	0	0	0	0	0	0	0	0	0	0	0	0	0	0	0	0	0	0	0	0	0	0	0	0	0	0	0	0	0	0	0	0	0	0	0	0	0	0	0	0	0	0	0	0	0	0	0	0	0	0	0	0	0	0	0	0	0	0	0	0	0	0	0	0	0	0	0	0	0	0	0	0	0	0	0	0	0	0	0	0	0	0	0	0	0	0	0	0	0	0	0	0	0	0	0	0	0	0	0	0	0	0	0	0	0	0	0	0	0	0	0	0	0	0	0	0	0	0	0	0	0	0	0	0	0	0	0	0	0	0	0	0	0	0	0	0	0	0	0	0	0	0	0	0	0	0	0	0	0	0
A[Ins(T):R(9,)]C	0	0	0	0	0	0	0	0	0	0	0	0	0	0	0	0	0	0	0	0	0	0	0	0	0	0	0	0	0	0	0	0	0	0	0	0	0	0	0	0	0	0	0	0	0	0	0	0	0	0	0	0	0	0	0	0	0	0	0	0	0	0	0	0	0	0	0	0	0	0	0	0	0	0	0	0	0	0	0	0	0	0	0	0	0	0	0	0	0	0	0	0	0	0	0	0	0	0	0	0	0	0	0	0	0	0	0	0	0	0	0	0	0	0	0	0	0	0	0	0	0	0	0	0	0	0	0	0	0	0	0	0	0	0	0	0	0	0	0	0	0	0	0	0	0	0	0	0	0	0	0	0	0	0	0	0	0	0	0	0	0	0	0	0	0	0	0	0	0	0	0	0	0	0	0	0	0	0	0	0	0	0	0	0	0	0	0	0	0	0	0	0	0	0	0	0	0	0	0	0	0	0	0	0	0	0	0	0	0	0	0	0	0	0	0	0	0	0	0	0	0	0	0	0	0	0	0	0	0	0	0	0	0	0	0	0	0	0	0	0	0	0	0	0	0	0	0	0	0	0	0	0	0	0	0	0	0	0	0	0	0	0	0	0	0	0	0	0	0	0	0	0	0	0	0	0	0	0	0	0	0	0	0	0	0	0	0	0	0	0	0	0	0	0	0	0	0	0	0	0	0	0	0	0	0	0	0	0	0	0	0	0	0	0	0	0	0	0	0	0	0	0	0	0	0
A[Ins(T):R(9,)]G	0	0	0	0	0	0	0	0	0	0	0	0	0	0	0	0	0	0	0	0	0	0	0	0	0	0	0	0	0	0	0	0	0	0	0	0	0	0	0	0	0	0	0	0	0	0	0	0	0	0	0	0	0	0	0	0	0	0	0	0	0	0	0	0	0	0	0	0	0	0	0	0	0	0	0	0	0	0	0	0	0	0	0	0	0	0	0	0	0	0	0	0	0	0	0	0	0	0	0	0	0	0	0	0	0	0	0	0	0	0	0	0	0	0	0	0	0	0	0	0	0	0	0	0	0	0	0	0	0	0	0	0	0	0	0	0	0	0	0	0	0	0	0	0	0	0	0	0	0	0	0	0	0	0	0	0	0	0	0	0	0	0	0	0	0	0	0	0	0	0	0	0	0	0	0	0	0	0	0	0	0	0	0	0	0	0	0	0	0	0	0	0	0	0	0	0	0	0	0	0	0	0	0	0	0	0	0	0	0	0	0	0	0	0	0	0	0	0	0	0	0	0	0	0	0	0	0	0	0	0	0	0	0	0	0	0	0	0	0	0	0	0	0	0	0	0	0	0	0	0	0	0	0	0	0	0	0	0	0	0	0	0	0	0	0	0	0	0	0	0	0	0	0	0	0	0	0	0	0	0	0	0	0	0	0	0	0	0	0	0	0	0	0	0	0	0	0	0	0	0	0	0	0	0	0	0	0	0	0	0	0	0	0	0	0	0	0	0	0	0	0	0	0	0	0
C[Ins(T):R0]A	0	0	0	3	1	0	5	0	2	0	1	0	0	0	0	2	1	0	0	2	1	0	1	2	0	2	0	2	3	0	1	1	0	0	1	3	2	0	6	0	2	0	1	0	1	1	5	0	2	1	2	1	2	0	2	0	1	0	1	0	0	0	0	1	1	1	0	0	0	1	0	1	4	1	2	1	0	0	16	0	0	3	2	0	2	0	0	1	1	2	2	0	1	6	0	0	0	1	0	2	1	1	0	0	0	1	0	2	0	3	0	0	1	0	1	0	1	1	0	2	6	0	0	0	18	1	1	1	0	1	2	1	0	1	0	4	2	3	0	0	1	3	1	0	2	0	1	0	1	1	2	1	3	1	2	0	0	5	0	3	0	1	1	1	0	2	2	0	2	2	0	2	0	3	0	2	4	3	0	10	2	0	5	1	1	1	3	2	2	0	3	1	1	3	2	0	1	0	0	0	0	1	0	1	2	3	1	1	0	0	3	2	0	2	4	2	0	0	1	4	9	0	1	1	2	1	1	0	1	4	1	1	0	1	0	0	0	0	0	0	2	3	0	2	4	0	0	2	0	3	0	0	3	0	3	1	1	0	0	0	0	1	1	0	2	2	0	0	0	1	0	1	1	1	3	0	1	8	3	4	0	0	1	2	0	0	2	0	0	1	4	0	1	1	0	0	0	0	0	0	1	1	1	1	0	0	0	2	1	0	0	0	0	0	2	0	0	0	2	0	2	1	4	2	0
C[Ins(T):R0]C	11	5	0	9	2	2	3	1	19	0	3	0	2	2	5	0	3	2	2	6	0	2	6	1	3	1	1	4	10	1	5	0	1	11	0	10	4	0	4	2	16	2	0	2	12	2	13	1	0	3	13	1	0	5	1	2	0	0	6	9	1	0	2	4	1	9	0	17	7	4	3	4	12	2	14	0	2	0	80	2	3	8	4	0	9	3	2	2	2	1	3	2	0	27	7	5	0	0	0	2	1	2	1	8	4	3	0	2	3	1	3	3	6	7	2	4	0	3	1	2	18	0	3	2	69	9	1	6	0	0	9	6	1	4	1	25	2	12	9	1	3	11	2	1	10	3	1	1	1	3	16	5	17	4	13	5	2	10	0	22	1	13	2	4	4	9	7	1	4	1	0	0	0	0	0	2	0	6	3	28	5	3	17	1	7	15	6	6	0	0	19	1	0	1	9	3	10	2	0	3	0	0	1	0	2	5	4	4	7	2	12	10	3	4	11	18	0	2	10	21	30	1	7	7	2	1	3	4	3	34	2	0	1	9	2	0	0	5	4	0	6	10	3	2	12	1	9	17	0	8	1	5	7	0	8	1	0	0	6	4	2	2	3	0	10	3	1	5	1	1	7	13	12	1	30	0	19	12	8	14	5	0	3	3	1	1	9	1	1	6	7	0	3	0	2	2	0	13	0	3	5	5	5	1	3	0	3	10	5	0	3	4	0	1	1	0	3	7	9	4	11	8	63	8	1
C[Ins(T):R0]G	0	2	0	2	0	0	0	0	0	0	0	0	0	0	1	0	0	0	0	0	0	0	0	0	0	2	0	0	2	0	1	1	0	1	0	0	4	0	1	0	0	0	2	0	0	0	2	0	0	0	1	0	1	0	0	0	0	0	1	0	1	0	0	0	0	0	0	1	1	0	2	1	1	0	3	1	2	0	6	0	0	1	0	0	2	0	0	0	0	0	0	0	0	5	0	0	0	0	0	0	1	1	0	0	0	0	0	0	0	0	0	0	0	1	0	0	0	0	0	0	0	0	0	0	9	0	0	1	0	0	0	1	0	0	0	1	0	0	0	1	0	1	0	0	0	0	1	0	0	0	0	0	2	0	3	0	1	3	0	1	1	0	0	1	0	0	1	0	0	0	0	0	0	0	0	0	1	1	0	3	0	0	1	2	0	2	0	0	0	0	1	0	0	0	1	1	0	0	0	1	1	0	0	0	0	2	0	0	0	0	1	1	0	0	0	0	0	0	1	1	0	1	1	0	1	0	3	0	1	3	1	0	0	1	0	0	0	2	1	2	1	1	0	0	0	0	0	0	0	0	1	2	1	0	0	0	0	0	1	1	0	0	0	0	0	1	0	0	0	0	0	1	1	0	1	0	1	1	0	2	1	0	0	0	1	0	1	1	0	1	1	0	1	0	0	0	0	0	0	2	1	1	1	0	2	0	1	0	0	0	0	1	0	0	1	0	0	0	1	0	0	0	2	1	0
C[Ins(T):R1]A	1	0	1	1	1	0	0	1	1	1	1	1	1	0	1	0	1	0	0	2	0	0	0	0	1	1	2	1	2	1	3	0	1	1	1	0	1	0	1	1	1	2	0	2	1	3	3	1	0	0	1	1	2	0	1	2	1	0	1	0	2	0	2	3	1	2	1	3	3	0	0	2	1	2	1	1	2	0	3	0	2	0	2	0	0	1	1	1	1	0	0	0	0	8	1	1	0	0	0	0	1	0	0	1	1	1	0	0	1	2	0	1	2	3	1	1	0	1	1	2	1	1	3	1	14	3	1	0	0	2	4	0	0	0	0	3	0	0	1	1	2	2	0	2	2	0	0	0	1	0	5	1	1	1	3	1	4	2	1	2	0	0	2	1	1	0	1	2	3	0	1	2	1	1	0	0	0	1	1	7	0	1	2	2	1	3	0	0	0	2	4	0	0	1	1	2	0	1	0	0	0	3	2	0	1	2	1	1	3	2	3	2	2	0	0	1	3	2	2	3	1	1	2	0	4	0	3	2	1	5	0	0	0	0	0	0	1	4	2	1	3	3	1	1	1	1	0	4	1	4	0	3	0	0	2	2	2	0	2	2	1	1	0	2	0	0	0	1	3	1	1	1	3	3	7	0	6	1	1	2	1	1	2	1	0	1	2	1	0	1	0	1	3	0	0	1	0	0	1	5	2	0	2	3	1	2	1	3	1	2	1	1	1	1	0	0	1	0	6	1	5	4	0	1	0
C[Ins(T):R1]C	2	0	0	4	0	1	0	0	5	1	1	0	0	1	0	0	0	2	0	2	0	0	2	2	1	0	1	0	2	0	3	1	0	4	2	2	0	1	2	2	6	0	1	2	1	0	2	2	0	0	2	0	4	1	3	1	1	0	2	2	1	1	0	6	1	4	2	2	2	0	0	2	3	1	2	6	2	0	22	1	1	1	0	0	2	1	0	1	2	1	0	0	1	3	0	1	2	0	0	1	5	2	1	0	1	3	0	1	1	0	1	1	2	3	2	1	1	1	3	1	3	1	0	5	43	2	2	4	0	0	5	2	0	5	2	9	2	6	1	0	1	1	2	0	1	0	0	0	1	1	8	2	2	4	4	1	2	5	0	7	1	1	1	2	1	4	5	0	2	5	3	0	1	1	0	2	0	0	1	18	0	2	6	2	1	3	1	2	2	0	3	2	1	2	0	2	1	1	2	0	0	2	2	2	3	3	0	1	0	1	3	1	2	2	6	2	3	0	3	6	13	1	2	5	2	0	4	0	1	5	0	0	0	3	3	0	0	2	1	1	2	3	1	1	4	0	1	4	0	7	2	2	2	1	5	2	0	1	0	1	1	0	2	0	5	1	1	5	0	1	2	5	4	0	5	0	1	7	4	3	0	0	0	1	1	1	3	3	0	6	4	2	1	0	0	0	0	4	1	1	1	3	2	2	0	0	1	4	3	0	2	0	1	4	1	0	1	1	2	1	7	3	4	0	0
C[Ins(T):R1]G	3	0	1	1	4	0	1	5	3	0	1	1	0	1	1	1	0	1	0	0	0	1	3	1	1	0	0	2	3	0	1	0	1	4	2	1	2	0	1	1	1	0	0	2	0	0	5	0	0	0	1	0	0	2	1	1	2	1	2	1	2	0	0	0	1	2	1	1	1	1	0	0	3	1	3	2	1	0	7	1	1	0	2	1	4	1	2	3	2	0	0	0	2	3	0	1	0	1	0	1	1	1	1	2	0	1	1	2	0	2	0	2	3	0	0	1	1	3	4	0	2	1	0	1	25	0	1	3	0	0	3	0	0	2	2	2	2	1	3	0	0	1	1	2	0	0	0	0	1	3	4	2	3	3	1	2	2	4	0	1	0	3	2	0	1	4	5	0	3	1	0	1	0	0	0	0	1	0	2	3	1	1	3	0	0	2	3	2	2	0	5	1	2	5	1	2	1	1	0	2	1	2	0	2	1	40	0	0	1	0	3	0	0	1	2	3	2	2	1	1	2	3	0	3	3	1	25	1	2	4	3	1	0	4	1	0	0	1	1	1	1	1	3	1	3	1	2	4	2	5	0	2	1	1	2	0	0	0	0	1	1	0	0	0	2	1	2	1	2	1	0	3	1	0	1	0	7	1	3	3	0	1	1	1	0	0	1	1	0	0	2	0	2	0	1	0	2	3	0	3	1	1	0	1	1	2	1	1	0	0	0	0	1	1	1	1	1	4	2	1	5	1	5	0	1
C[Ins(T):R2]A	0	0	0	0	0	1	0	1	0	0	3	0	0	1	0	0	1	0	0	1	0	0	0	0	0	0	1	1	1	0	1	0	0	0	1	0	0	0	1	1	1	0	0	0	0	1	5	0	0	0	4	1	0	0	2	1	0	0	2	0	0	0	1	1	1	0	0	1	0	0	0	0	1	0	0	0	1	0	9	1	1	2	1	0	1	0	0	0	1	1	1	0	0	2	1	0	0	0	1	0	0	0	0	0	1	1	0	0	0	2	1	1	1	2	1	0	1	0	0	1	1	0	0	0	44	0	0	1	0	0	1	2	0	0	0	2	1	2	1	1	0	2	2	1	2	2	0	0	0	0	1	2	0	2	0	0	0	2	0	8	0	1	0	0	0	0	3	2	3	0	1	0	0	0	0	0	0	2	1	5	1	1	3	1	0	0	1	0	0	0	3	0	0	3	4	0	2	0	0	1	0	2	0	0	0	2	1	0	1	0	1	1	0	0	4	3	2	1	1	1	5	0	0	1	0	2	0	1	0	5	1	0	0	0	2	0	0	1	0	0	1	1	0	0	1	0	1	2	0	2	1	0	1	0	1	2	0	0	0	0	1	0	0	1	1	0	0	4	0	0	0	1	0	0	3	0	2	3	2	1	0	0	0	2	0	0	1	1	0	1	1	0	0	0	0	1	0	1	0	1	0	1	1	0	0	0	0	2	2	1	1	0	0	0	0	0	0	0	0	1	7	1	4	0	0
C[Ins(T):R2]C	4	1	1	3	1	0	0	2	3	1	1	0	1	2	1	0	2	1	0	2	0	0	2	1	0	2	3	1	5	0	0	0	0	5	1	2	1	0	4	4	3	0	1	0	4	2	3	1	1	2	10	0	2	0	2	0	1	0	1	3	0	0	2	6	4	2	2	9	1	1	1	2	0	1	4	5	0	0	27	0	0	1	1	1	5	4	1	3	0	1	2	2	3	6	2	1	1	0	0	0	6	2	0	4	0	0	0	2	1	0	2	1	2	0	3	1	0	3	3	1	7	1	0	3	89	0	1	2	1	0	1	3	0	1	3	4	3	4	2	0	2	2	2	1	3	3	0	0	1	0	2	0	4	1	1	0	1	6	0	7	1	2	0	0	1	1	1	0	7	2	1	3	1	1	3	1	3	1	1	21	2	2	8	1	2	4	2	0	1	1	2	0	0	1	6	2	1	0	0	0	0	1	2	0	1	2	3	3	0	1	1	0	0	2	6	5	0	1	7	8	13	1	2	2	2	0	3	3	0	8	0	1	0	2	2	0	0	1	2	0	0	7	1	1	4	1	0	4	0	8	3	3	2	1	3	2	0	1	0	2	0	0	1	0	7	4	1	1	1	0	2	3	5	0	4	0	6	4	4	4	1	2	1	1	2	1	2	2	1	7	3	1	1	1	0	2	1	1	0	0	2	1	3	1	2	2	0	1	2	0	1	3	1	0	1	0	1	3	5	0	1	4	6	1	0
C[Ins(T):R2]G	0	0	0	0	0	0	0	3	0	0	0	0	0	0	1	2	0	0	0	4	0	0	0	0	0	2	2	1	1	0	1	1	0	2	1	1	0	0	0	0	1	0	0	1	1	0	3	1	1	0	1	2	0	2	0	0	0	0	1	1	0	0	0	5	1	1	0	1	1	1	0	0	3	1	3	0	0	0	5	0	0	2	0	0	2	0	0	0	1	2	0	1	0	4	1	0	0	0	0	0	0	0	0	0	1	0	0	0	2	0	0	1	2	2	0	1	0	0	0	0	1	0	1	1	99	1	0	1	0	0	2	0	0	0	0	3	0	1	1	0	1	0	1	0	3	0	0	0	2	0	2	1	2	1	0	0	0	1	0	9	0	1	1	0	0	0	3	0	2	0	0	0	0	0	0	0	0	0	0	7	0	0	2	0	0	2	0	1	0	0	3	0	0	1	1	1	1	2	1	1	1	0	0	1	1	42	0	1	0	0	2	1	0	0	6	2	0	1	1	3	4	1	0	1	0	0	19	0	1	3	0	0	0	1	0	0	0	16	2	0	1	3	0	0	0	1	2	1	0	2	2	1	1	0	0	1	0	0	0	0	1	1	0	1	4	1	0	1	1	0	1	3	2	0	0	1	1	0	1	0	0	0	1	1	0	1	1	1	0	3	1	0	0	0	0	0	0	2	0	0	3	1	0	1	0	1	1	2	1	1	0	0	0	1	0	0	0	3	1	1	8	1	2	1	2
C[Ins(T):R3]A	1	0	1	0	0	0	0	0	0	0	0	0	1	0	0	1	1	0	1	1	0	0	2	2	0	1	0	0	2	0	0	0	0	0	1	2	0	0	0	0	1	0	0	0	2	0	1	0	1	0	2	0	0	0	1	0	0	1	1	0	0	0	0	1	0	1	1	0	2	1	1	2	3	0	1	0	0	0	6	0	0	0	0	0	1	0	0	0	0	0	0	0	2	5	1	0	0	0	0	0	0	1	0	2	1	0	0	1	0	0	0	0	0	0	0	1	0	0	0	0	3	1	0	0	43	1	0	1	0	1	1	0	0	0	1	1	0	1	2	2	2	3	0	0	3	0	0	0	1	0	1	0	1	2	3	0	0	3	0	12	1	1	0	0	2	1	1	1	0	0	0	0	1	0	0	1	1	0	0	4	2	0	4	0	0	2	0	0	0	1	1	0	0	1	2	1	0	0	0	0	0	0	1	1	0	2	0	0	0	0	1	1	0	1	12	4	0	0	4	0	4	0	1	0	1	1	6	0	1	1	0	0	0	3	0	0	0	1	2	1	0	2	1	0	0	1	1	1	1	1	1	0	1	0	0	0	0	0	0	1	0	0	0	1	2	0	0	0	0	0	1	0	0	0	4	0	2	2	0	2	1	0	1	0	0	0	3	0	2	2	0	0	0	0	0	0	0	2	1	1	1	0	0	0	1	0	0	1	0	0	0	1	0	0	0	0	1	0	2	1	6	0	1	5	0
C[Ins(T):R3]C	2	3	0	1	2	1	2	0	2	1	1	0	1	1	0	0	2	1	1	0	0	1	2	1	3	1	1	1	3	0	2	0	1	2	0	1	0	0	2	1	4	0	1	1	3	0	5	1	0	1	5	1	5	3	0	1	1	1	2	2	0	0	2	2	2	1	1	3	0	0	0	2	2	1	1	0	1	1	17	1	1	1	0	0	2	0	2	0	1	0	1	0	1	9	2	1	2	0	0	1	2	0	0	3	0	1	0	0	0	0	0	0	0	1	2	0	0	0	0	0	3	1	3	1	100	1	0	3	0	1	2	2	0	1	0	9	0	3	5	2	0	2	1	0	4	0	1	1	1	0	5	1	1	0	1	2	3	2	0	4	0	0	0	1	1	3	0	0	1	0	0	1	0	1	0	1	2	0	0	20	2	1	8	4	2	7	1	1	0	2	3	1	1	2	5	3	2	2	0	0	0	2	1	0	0	2	0	1	1	1	4	0	0	3	3	1	2	0	4	5	9	1	2	1	0	0	4	0	1	6	0	0	0	5	0	0	0	4	2	1	2	5	5	0	2	0	2	6	0	4	3	4	1	1	3	0	0	0	1	1	0	0	0	1	3	0	0	0	0	0	3	6	2	2	5	0	5	9	2	3	1	0	1	2	2	0	2	1	4	3	6	0	2	0	0	1	0	1	0	2	0	2	1	0	1	0	1	5	1	0	2	2	0	0	0	0	0	1	2	0	3	2	7	7	1
C[Ins(T):R3]G	1	0	1	1	0	0	0	3	3	0	0	0	0	0	0	0	0	1	0	0	0	1	0	0	1	0	3	0	2	0	0	1	1	0	0	0	1	1	0	0	0	0	0	0	1	0	2	0	0	0	1	0	0	1	0	0	0	0	0	1	0	0	1	0	0	0	0	3	0	0	0	2	0	0	3	0	1	0	4	0	1	0	0	0	1	0	1	1	0	0	0	1	0	2	1	0	0	0	0	1	1	1	0	1	1	0	0	0	0	0	0	0	1	1	0	1	0	0	0	1	0	0	0	1	69	0	1	0	0	0	1	0	0	0	0	1	0	1	0	0	2	2	1	1	3	1	0	1	0	0	2	0	3	1	0	1	1	3	0	3	1	0	0	0	1	0	1	2	0	0	1	0	0	0	1	0	0	0	0	2	0	2	5	0	1	2	1	0	0	0	3	2	2	1	1	1	1	1	0	0	0	1	0	2	0	25	1	0	0	0	1	0	0	0	4	0	1	0	1	1	4	0	1	0	0	2	8	0	1	3	0	0	0	2	0	0	0	4	0	1	0	1	0	0	2	3	0	0	0	0	0	0	1	0	2	0	0	0	0	0	0	0	0	0	0	0	1	1	0	1	0	3	4	0	3	0	5	0	1	0	0	1	1	0	0	0	0	1	1	0	1	0	0	0	0	1	0	0	0	1	0	1	0	1	1	0	0	1	0	0	1	0	1	1	1	0	0	0	1	0	7	0	1	0	0
C[Ins(T):R4]A	0	1	1	2	0	0	1	0	2	0	1	0	0	0	1	0	1	1	0	0	1	0	0	0	0	0	2	0	2	0	0	0	1	0	0	0	0	0	0	1	0	0	0	0	1	0	2	0	0	0	1	1	0	0	1	0	0	0	0	1	0	0	0	2	1	1	0	0	0	1	0	1	0	1	1	0	1	0	6	0	0	0	0	0	0	2	1	0	1	0	0	0	1	0	0	0	0	0	1	1	2	1	0	0	0	0	0	1	0	1	0	0	0	1	1	0	0	0	0	0	1	0	0	0	46	1	1	1	0	1	2	0	0	0	0	1	0	2	0	0	0	0	1	0	4	0	0	0	1	1	1	0	1	0	0	1	0	1	0	6	0	0	0	0	1	1	0	4	4	0	0	0	0	0	0	0	0	0	0	9	0	0	4	0	0	1	1	0	0	0	1	0	1	0	1	1	0	0	0	2	0	0	2	0	1	1	0	0	1	0	1	1	0	0	4	1	0	0	3	2	0	0	2	0	0	0	2	0	0	3	0	1	0	1	0	0	0	5	0	0	0	0	0	0	2	1	0	1	0	3	1	0	0	0	1	0	0	1	1	0	0	0	0	0	2	0	0	0	0	0	0	1	1	0	0	0	3	4	0	2	0	0	0	1	2	1	1	2	0	2	1	0	0	0	0	0	0	0	0	0	1	1	1	1	1	0	1	1	0	0	1	1	0	0	0	0	1	1	3	0	2	1	1	1	0
C[Ins(T):R4]C	1	0	0	2	0	0	0	0	1	0	1	0	1	0	0	0	0	2	0	1	0	0	2	1	1	3	0	3	7	0	0	1	0	1	1	2	0	0	1	1	2	0	0	1	2	0	2	1	1	1	2	3	1	2	0	1	0	0	1	0	0	0	0	5	1	2	0	1	0	0	1	2	3	1	4	0	0	0	15	0	1	1	0	0	2	0	1	0	2	0	2	1	0	9	0	0	1	1	0	1	4	0	0	0	1	1	0	2	2	0	1	1	1	4	2	0	0	1	0	0	2	0	0	0	48	0	0	1	0	1	3	1	0	2	0	4	2	1	3	1	0	2	0	1	2	0	0	0	1	1	5	1	5	0	0	0	1	2	0	8	0	1	0	0	1	4	3	1	3	0	1	0	0	0	0	2	1	0	0	14	0	2	6	0	4	4	0	1	0	0	1	2	1	1	2	0	3	0	0	1	0	0	0	1	1	1	3	0	0	0	0	1	1	0	4	1	0	1	2	3	4	1	1	0	0	1	2	0	1	6	1	2	0	2	1	0	1	5	1	0	0	1	0	0	1	0	1	4	0	4	1	4	0	0	6	0	0	1	1	0	0	0	2	0	3	1	0	2	1	0	1	4	3	1	7	0	3	4	3	2	0	0	3	1	0	0	2	2	1	3	0	0	1	0	1	0	0	1	0	0	1	2	1	0	0	1	0	0	2	0	1	1	0	0	0	0	0	1	2	0	0	0	4	3	1
C[Ins(T):R4]G	1	1	0	1	0	0	1	1	3	0	0	0	0	1	0	0	0	1	0	1	0	0	0	0	0	0	0	1	3	0	0	0	0	2	0	0	1	0	0	0	1	0	0	0	0	0	0	0	1	0	0	0	0	0	0	0	0	0	0	0	0	0	1	1	1	0	0	1	0	0	0	2	0	0	0	0	0	0	1	0	0	0	0	1	1	0	0	1	1	1	0	1	0	1	0	1	0	0	0	0	0	0	0	1	0	1	0	0	0	0	0	0	0	1	1	0	0	0	2	0	0	0	1	1	47	1	0	1	0	0	1	2	0	2	0	0	0	2	0	0	2	0	0	0	1	0	0	1	1	1	1	0	2	1	1	0	0	2	0	3	0	0	1	0	0	0	1	0	1	0	0	1	0	0	1	0	0	1	0	5	0	0	1	0	3	0	0	0	0	0	0	0	0	2	0	1	0	0	0	0	0	0	0	0	0	3	0	0	0	0	0	1	0	0	1	0	0	0	1	3	1	2	0	0	0	1	3	0	1	2	0	0	0	0	0	0	0	6	0	0	1	0	1	0	3	1	0	0	0	2	2	0	1	0	1	1	1	0	1	0	0	0	0	0	1	0	0	0	0	0	0	1	1	0	2	0	3	1	1	0	0	0	1	0	0	0	1	1	0	1	3	0	1	0	0	0	0	1	0	1	0	1	0	0	1	1	0	0	0	0	0	0	0	0	1	0	0	0	1	0	2	1	0	1	0
C[Ins(T):R5]A	0	0	2	1	0	0	1	0	1	0	0	0	1	0	2	1	2	3	0	1	0	0	1	0	0	0	0	0	0	0	0	0	0	1	0	0	2	0	0	0	1	1	0	0	1	0	2	0	2	0	1	1	0	1	0	0	0	1	1	0	0	0	0	0	0	0	0	0	0	1	0	0	0	0	3	0	0	0	3	0	0	0	1	0	1	2	1	0	0	1	1	0	0	2	0	0	0	0	0	0	1	0	0	1	4	0	0	0	0	0	2	1	0	1	1	0	0	0	0	0	1	0	1	0	50	2	1	2	0	0	0	1	0	1	0	4	0	0	0	1	0	1	0	1	1	2	1	0	2	0	2	2	3	0	1	0	1	1	0	3	0	1	1	1	0	0	0	5	1	0	1	0	0	0	0	0	2	0	1	6	0	1	3	0	1	0	1	1	0	0	4	0	0	4	1	1	0	1	0	2	0	0	0	0	0	3	1	1	0	0	3	2	0	1	3	1	0	0	1	3	2	0	1	0	1	1	0	1	0	4	1	1	0	1	0	0	0	12	0	0	0	1	2	1	0	2	0	0	0	0	0	1	0	1	2	1	0	0	0	1	0	0	0	0	1	0	1	0	0	0	1	4	2	0	5	0	4	3	0	3	0	0	1	2	0	0	2	3	0	1	2	1	1	0	0	0	0	2	0	1	0	1	0	1	0	0	2	2	0	0	0	1	0	1	0	1	0	1	1	1	0	0	3	1	0
C[Ins(T):R5]C	1	1	1	2	0	3	3	3	3	1	1	0	0	2	0	0	0	2	1	0	0	0	0	0	1	1	0	2	1	0	0	0	0	3	2	0	3	1	1	1	0	0	0	1	1	0	3	0	0	0	0	1	1	0	1	1	1	0	0	0	0	0	0	1	2	2	0	2	0	0	0	1	0	2	1	0	0	0	9	0	2	3	1	0	1	2	1	2	3	2	1	0	2	9	1	0	1	1	0	0	1	0	0	0	1	0	0	3	1	0	0	1	0	1	2	2	0	0	0	0	0	0	1	2	70	1	0	1	0	0	1	1	0	0	0	7	2	4	0	0	0	2	1	0	4	0	0	0	0	0	4	2	1	1	2	0	0	1	0	12	1	1	2	1	1	0	2	1	2	1	1	1	0	0	0	1	0	1	1	14	1	0	6	1	1	0	1	2	0	0	1	1	0	1	0	0	2	1	0	0	0	0	1	1	2	1	4	0	1	1	1	2	0	1	7	2	0	1	2	4	2	1	2	1	1	2	2	0	1	5	0	0	0	0	1	0	0	12	1	0	0	0	3	3	3	1	0	2	0	7	2	1	2	2	3	1	0	1	1	3	0	0	0	0	3	2	0	1	0	0	3	3	3	0	8	0	6	1	2	1	1	0	0	1	0	1	1	4	0	1	1	0	1	0	0	0	0	1	2	1	0	2	0	0	1	1	0	1	0	0	0	2	0	0	0	0	1	0	9	0	3	2	2	7	1
C[Ins(T):R5]G	0	0	1	0	0	0	1	1	4	0	1	0	1	1	0	0	1	0	1	0	0	0	1	0	0	1	1	0	1	0	1	0	0	0	0	0	1	0	1	0	0	0	0	1	0	0	1	0	1	0	1	2	0	0	0	1	0	0	1	0	1	1	0	5	2	0	1	3	3	0	0	2	1	0	2	0	0	0	6	0	1	0	0	0	0	0	1	1	0	0	2	0	2	7	0	2	0	0	0	4	0	0	1	1	0	0	0	1	1	0	0	0	0	3	0	0	1	0	1	0	1	1	1	0	63	1	1	1	0	0	1	2	1	3	1	0	1	0	0	2	0	1	2	0	0	0	0	0	2	0	2	1	2	0	2	0	0	3	0	2	0	1	1	0	0	0	1	2	1	1	1	0	1	0	0	0	0	2	0	3	0	2	1	0	1	1	1	3	0	0	3	2	2	0	1	1	0	0	0	1	0	0	0	1	0	9	3	1	0	0	1	1	1	0	1	0	0	0	0	4	2	0	1	0	0	2	0	0	0	5	0	1	1	1	0	0	0	11	0	1	2	1	0	1	4	3	2	1	2	2	2	1	5	0	5	1	0	0	0	4	1	0	0	0	0	1	2	0	0	0	0	0	2	0	4	0	0	0	0	1	0	0	0	0	2	1	2	0	0	0	2	1	1	0	0	0	1	1	1	1	0	2	1	2	1	0	0	1	0	0	0	0	0	0	1	0	0	2	3	2	4	1	2	1	0
C[Ins(T):R6]A	0	2	1	3	0	0	2	1	1	0	1	0	0	1	0	0	0	1	0	1	0	0	1	0	2	0	4	0	0	0	0	0	1	1	4	0	0	0	1	0	1	3	0	2	0	3	0	3	4	0	0	0	0	1	0	0	0	0	4	0	3	0	0	3	1	2	0	0	3	3	0	2	1	1	1	0	1	0	6	2	0	3	1	1	0	3	2	0	1	0	2	2	1	5	1	0	3	0	0	2	1	1	1	0	2	3	1	0	2	0	1	1	1	4	0	0	0	0	1	0	1	0	0	1	76	1	0	3	0	4	2	0	0	2	1	1	2	2	0	1	1	0	0	0	6	0	0	0	2	0	1	2	1	0	5	0	0	0	0	2	0	0	1	0	1	0	0	3	0	1	1	2	0	0	0	0	1	0	2	5	1	3	2	0	0	0	0	0	0	0	3	4	3	9	0	0	0	0	0	1	0	0	1	1	0	3	2	1	1	1	1	1	0	1	2	3	0	1	1	1	1	2	2	0	0	0	0	0	1	2	2	3	2	2	1	1	0	17	1	0	0	0	2	3	0	8	0	0	0	5	0	0	4	1	3	1	1	2	0	0	1	0	0	0	0	0	0	2	0	0	1	9	1	0	6	0	0	1	3	1	0	0	1	1	0	2	0	1	0	0	0	0	0	0	1	2	0	0	0	1	2	3	0	1	2	0	0	1	2	0	0	0	1	0	0	1	0	0	0	0	4	1	2	5	0
C[Ins(T):R6]C	1	0	1	0	1	0	0	8	5	3	0	0	1	2	1	0	1	2	1	3	0	1	1	0	3	4	1	1	1	0	0	0	1	1	4	1	4	0	1	3	4	2	1	2	1	3	5	3	1	0	2	1	3	1	1	1	1	1	0	0	2	0	0	4	3	4	0	1	1	3	1	0	0	0	2	5	3	1	10	0	1	2	2	3	1	4	0	1	1	2	1	0	3	10	2	2	8	0	0	5	4	2	2	4	0	2	0	0	2	1	0	1	1	5	2	2	0	1	1	1	1	4	2	2	99	3	1	2	0	2	2	1	0	1	3	4	2	4	2	2	0	1	2	3	13	3	0	1	3	3	7	1	2	2	1	1	2	3	1	1	0	2	1	0	0	0	3	3	3	3	2	1	0	2	1	0	4	1	1	16	0	1	6	3	1	1	1	1	2	0	8	3	2	8	2	6	1	2	0	3	0	0	0	0	1	3	8	0	0	2	3	3	0	1	0	4	0	0	1	6	4	1	2	0	1	2	4	2	0	6	3	3	1	2	1	0	0	29	5	1	0	6	7	2	4	8	5	4	0	7	2	2	3	0	4	4	0	1	1	2	0	0	0	0	1	2	3	1	0	0	2	7	1	1	10	0	3	0	5	3	0	0	0	1	2	1	2	2	0	1	5	0	3	0	0	0	0	3	1	3	1	3	1	1	2	1	1	4	1	0	1	3	3	1	2	6	1	2	0	1	5	6	2	7	0
C[Ins(T):R6]G	1	1	3	1	2	1	0	4	1	0	2	1	3	1	1	2	0	2	0	2	0	0	0	1	1	1	0	0	1	0	0	1	1	0	5	0	1	0	0	1	1	2	1	4	4	0	1	0	1	0	3	0	1	2	0	1	0	3	2	0	1	0	0	8	1	2	2	3	2	3	2	0	2	2	3	1	3	0	3	2	1	1	0	2	3	5	0	0	1	0	1	2	2	5	1	2	7	1	2	8	3	2	0	3	2	1	0	2	0	1	1	1	0	5	0	1	1	0	0	3	0	0	1	0	101	4	1	3	1	0	4	0	0	1	3	4	1	4	1	1	1	1	0	1	7	2	1	1	2	2	2	1	3	1	3	1	5	1	0	3	0	0	3	1	0	0	0	1	1	2	3	1	0	0	2	1	0	0	0	8	0	0	4	1	0	1	2	0	1	1	5	5	5	5	2	4	5	1	1	0	0	0	0	3	1	4	3	1	1	0	0	2	1	0	1	1	0	1	0	0	2	1	3	2	2	1	7	0	1	3	2	3	2	2	1	0	0	40	2	0	0	3	1	1	1	11	1	0	0	2	0	1	2	0	1	2	0	2	1	0	4	0	1	0	0	1	0	2	2	0	2	2	1	1	6	0	0	0	0	6	1	1	1	1	0	1	2	2	0	0	1	0	1	1	0	0	0	1	1	1	0	2	1	0	6	0	1	0	1	0	0	1	0	0	2	1	0	3	2	1	0	1	1	5	4
C[Ins(T):R7]A	1	1	4	1	0	0	0	0	2	0	1	0	2	0	0	2	0	0	0	1	0	1	2	2	1	2	0	0	0	2	0	0	1	2	7	1	3	0	0	2	2	1	0	0	1	1	1	0	0	0	2	0	0	1	0	1	1	1	0	0	0	1	0	6	1	0	2	0	0	2	0	0	1	1	2	1	2	0	2	0	1	1	5	0	0	3	2	0	0	3	3	0	5	5	0	1	3	1	1	2	0	0	1	2	0	1	0	0	0	2	0	1	0	3	0	0	0	0	1	1	0	1	1	0	120	1	0	0	1	2	3	0	0	0	3	2	3	3	4	4	0	0	0	0	4	0	0	0	2	2	1	1	2	2	3	2	1	3	0	4	0	1	3	0	0	2	2	8	0	0	1	1	0	4	3	0	2	1	0	7	0	1	2	0	0	2	1	1	1	2	5	1	2	10	2	2	1	2	2	1	0	1	0	1	0	1	3	1	0	0	2	0	1	0	2	0	1	0	0	0	2	0	1	1	0	1	5	0	3	3	3	2	0	2	0	0	2	34	2	0	0	2	2	0	2	11	0	0	1	1	0	4	4	2	2	1	1	0	0	0	3	0	1	0	1	0	0	0	0	0	1	3	1	0	8	0	0	0	2	5	1	0	1	0	0	2	2	0	0	0	3	0	0	0	0	0	0	1	1	1	1	0	0	0	1	0	0	2	0	0	0	5	0	2	0	0	2	1	1	0	3	1	2	4	0
C[Ins(T):R7]C	0	2	0	1	0	0	5	6	0	1	1	0	0	2	1	0	0	3	2	2	0	0	0	3	4	2	0	0	4	0	0	1	2	2	4	0	0	0	1	0	1	1	0	0	0	1	4	4	2	0	3	2	0	1	2	1	2	0	0	1	1	0	0	5	2	1	1	0	3	2	0	2	1	0	1	0	3	0	7	2	1	0	1	2	0	3	0	1	3	5	0	0	4	8	0	1	3	1	0	5	3	0	1	1	1	5	2	0	7	2	1	3	0	1	1	2	0	0	1	4	0	2	2	1	110	5	1	1	0	0	4	1	0	0	2	6	4	1	1	0	2	0	1	2	3	1	0	0	2	1	2	1	1	1	3	1	2	1	0	3	1	0	1	0	0	0	2	1	2	1	0	0	0	2	1	0	3	0	3	11	1	2	5	1	0	1	0	1	0	2	5	5	3	12	3	2	2	0	0	3	0	1	0	1	0	4	4	1	0	1	3	4	0	0	2	0	0	0	3	1	1	1	4	1	1	2	1	1	3	3	1	3	2	2	1	1	0	38	2	0	0	0	3	0	0	4	4	1	1	4	0	2	3	1	0	2	0	0	2	1	1	0	1	0	3	0	1	0	2	1	1	6	1	0	8	0	1	2	0	2	3	0	0	1	1	0	2	4	1	2	1	0	0	0	1	1	1	2	0	2	1	2	2	1	3	1	1	3	0	0	1	0	0	0	1	0	1	1	3	0	5	0	0	6	0
C[Ins(T):R7]G	2	2	4	0	0	0	1	5	1	0	0	0	0	3	0	1	1	0	0	0	1	2	1	0	1	0	0	1	0	0	1	0	1	1	6	0	1	0	3	0	0	2	1	3	1	1	1	3	2	1	2	2	1	0	2	0	1	2	1	1	0	0	0	11	4	0	3	2	5	3	1	0	0	2	1	0	5	0	5	2	0	2	2	1	2	3	0	0	0	1	0	0	3	8	0	0	6	1	1	4	1	1	0	2	1	3	0	1	3	0	1	1	1	1	2	1	1	1	0	2	1	2	0	1	134	5	0	3	1	1	3	2	0	0	4	2	1	3	3	1	1	1	2	1	8	4	0	1	6	0	4	1	2	1	3	2	2	5	0	0	1	0	2	0	0	1	0	2	3	0	1	2	0	0	1	0	1	0	3	11	0	5	3	3	0	1	3	0	0	1	9	1	1	14	2	4	2	0	1	4	0	0	2	0	1	4	5	1	2	2	2	7	0	1	1	0	0	1	1	3	2	1	4	1	0	4	2	0	3	6	2	0	1	3	1	0	0	53	3	1	1	1	4	5	1	12	3	1	0	2	0	0	3	2	2	2	1	3	0	2	3	0	0	0	2	0	4	2	1	2	1	7	2	2	6	0	1	1	3	9	1	0	3	2	0	2	2	0	3	1	2	0	2	0	0	1	0	0	0	0	1	0	1	1	1	3	0	2	0	0	0	1	1	2	1	2	1	1	3	2	3	1	2	8	2
C[Ins(T):R8]A	0	0	6	1	1	0	2	8	4	1	1	0	0	3	1	0	0	4	0	3	0	1	2	1	12	2	1	1	1	2	3	1	1	0	10	0	0	0	3	2	2	2	0	1	2	0	3	2	2	0	0	1	3	1	0	1	0	3	1	2	5	1	1	6	1	0	5	2	3	1	1	0	2	0	2	0	5	1	4	0	1	2	1	2	0	6	4	2	1	3	2	0	11	8	0	3	3	0	0	9	3	2	1	2	0	4	2	0	1	1	3	1	2	4	0	1	1	2	0	0	0	1	2	1	184	3	0	2	0	5	2	3	0	2	1	3	2	2	2	3	1	1	0	4	3	1	0	0	4	1	3	3	2	2	1	0	7	4	0	4	0	0	2	0	0	1	3	9	0	0	4	2	0	2	1	1	0	1	4	7	0	1	5	3	0	0	2	0	0	1	10	4	3	10	0	6	1	2	0	4	0	0	2	1	3	2	9	1	1	0	3	3	0	0	0	0	0	1	3	3	2	3	3	2	6	0	6	1	1	4	3	2	2	2	1	0	2	81	0	1	3	4	3	1	2	16	3	2	0	4	1	2	2	4	4	2	1	1	0	1	1	0	2	0	4	0	1	2	2	1	0	10	0	0	11	0	2	0	1	7	1	0	0	1	0	2	5	6	1	6	0	1	2	0	0	0	0	4	1	2	4	3	2	1	7	2	1	3	1	0	1	1	1	0	1	4	1	1	0	0	2	0	1	4	5
C[Ins(T):R8]C	2	0	3	1	4	0	0	6	2	0	2	0	1	2	1	3	3	2	2	1	1	0	1	1	1	5	0	0	2	0	0	1	2	0	4	1	1	0	1	1	2	2	1	0	4	0	9	1	0	0	0	1	0	2	2	0	0	1	0	0	2	1	0	5	0	0	0	2	6	1	0	2	0	1	4	0	10	0	2	3	0	1	1	3	1	3	2	2	3	1	3	0	7	3	1	2	6	0	0	8	0	1	1	4	0	2	0	1	1	1	0	1	0	3	0	2	1	1	0	4	1	1	3	1	195	2	3	4	2	5	6	2	0	1	1	3	0	2	1	3	2	0	0	2	8	1	0	0	3	0	4	0	4	1	3	0	2	4	0	4	0	2	5	1	0	1	0	0	2	0	1	5	0	1	1	0	2	0	3	9	0	2	5	0	0	0	1	1	0	1	6	5	5	18	0	10	2	0	0	3	0	1	1	2	3	4	8	1	0	0	1	5	0	0	3	0	0	3	1	2	1	0	2	2	2	0	3	0	2	2	6	3	1	3	0	0	0	73	2	0	0	0	3	0	2	13	6	1	1	4	1	5	3	5	1	2	0	2	0	0	1	0	2	0	5	0	0	2	1	0	1	14	0	1	13	0	2	0	4	7	0	0	1	0	1	2	3	2	0	4	4	0	2	2	2	1	0	1	1	1	1	5	1	3	3	1	1	1	2	1	0	1	1	1	3	0	0	1	0	1	2	1	1	4	0
C[Ins(T):R8]G	0	0	2	0	2	0	2	7	4	0	0	0	2	3	2	1	1	0	3	2	0	0	1	0	4	4	1	2	0	0	2	0	1	1	13	1	5	1	3	0	0	0	1	1	1	1	3	2	0	1	1	1	3	2	1	3	0	2	1	1	0	1	0	15	3	2	2	0	3	2	1	2	1	1	4	0	6	0	7	1	3	0	0	0	1	2	3	1	3	6	5	0	5	7	0	1	8	3	1	9	2	5	1	3	1	3	0	1	2	1	0	1	0	6	0	2	1	0	0	1	2	1	3	1	198	2	1	6	0	7	2	5	0	3	1	2	2	1	2	2	0	0	1	1	10	2	0	3	5	1	1	3	3	3	6	2	3	2	0	6	1	4	5	0	0	3	2	8	5	1	3	0	0	4	2	1	1	0	4	6	1	1	6	4	0	1	2	0	0	0	8	7	7	18	1	8	3	0	1	1	1	0	1	3	3	6	5	2	2	2	4	3	1	2	2	2	0	1	0	0	3	1	6	0	3	1	2	0	5	6	8	6	1	3	0	1	1	129	1	0	2	2	6	3	4	19	2	2	0	2	0	3	1	4	3	2	1	1	0	0	1	1	0	0	5	1	0	2	2	3	0	4	0	1	6	0	0	1	2	10	1	0	1	1	0	1	2	1	2	3	0	2	8	0	0	1	0	2	0	0	4	6	0	1	4	2	2	4	1	1	1	0	1	1	0	3	1	1	1	0	4	3	2	13	2
C[Ins(T):R(9,)]A	0	0	0	0	0	0	0	0	0	0	0	0	0	0	0	0	0	0	0	0	0	0	0	0	0	0	0	0	0	0	0	0	0	0	0	0	0	0	0	0	0	0	0	0	0	0	0	0	0	0	0	0	0	0	0	0	0	0	0	0	0	0	0	0	0	0	0	0	0	0	0	0	0	0	0	0	0	0	0	0	0	0	0	0	0	0	0	0	0	0	0	0	0	0	0	0	0	0	0	0	0	0	0	0	0	0	0	0	0	0	0	0	0	0	0	0	0	0	0	0	0	0	0	0	0	0	0	0	0	0	0	0	0	0	0	0	0	0	0	0	0	0	0	0	0	0	0	0	0	0	0	0	0	0	0	0	0	0	0	0	0	0	0	0	0	0	0	0	0	0	0	0	0	0	0	0	0	0	0	0	0	0	0	0	0	0	0	0	0	0	0	0	0	0	0	0	0	0	0	0	0	0	0	0	0	0	0	0	0	0	0	0	0	0	0	0	0	0	0	0	0	0	0	0	0	0	0	0	0	0	0	0	0	0	0	0	0	0	0	0	0	0	0	0	0	0	0	0	0	0	0	0	0	0	0	0	0	0	0	0	0	0	0	0	0	0	0	0	0	0	0	0	0	0	0	0	0	0	0	0	0	0	0	0	0	0	0	0	0	0	0	0	0	0	0	0	0	0	0	0	0	0	0	0	0	0	0	0	0	0	0	0	0	0	0	0	0	0	0	0	0	0	0	0	0
C[Ins(T):R(9,)]C	0	0	0	0	0	0	0	0	0	0	0	0	0	0	0	0	0	0	0	0	0	0	0	0	0	0	0	0	0	0	0	0	0	0	0	0	0	0	0	0	0	0	0	0	0	0	0	0	0	0	0	0	0	0	0	0	0	0	0	0	0	0	0	0	0	0	0	0	0	0	0	0	0	0	0	0	0	0	0	0	0	0	0	0	0	0	0	0	0	0	0	0	0	0	0	0	0	0	0	0	0	0	0	0	0	0	0	0	0	0	0	0	0	0	0	0	0	0	0	0	0	0	0	0	0	0	0	0	0	0	0	0	0	0	0	0	0	0	0	0	0	0	0	0	0	0	0	0	0	0	0	0	0	0	0	0	0	0	0	0	0	0	0	0	0	0	0	0	0	0	0	0	0	0	0	0	0	0	0	0	0	0	0	0	0	0	0	0	0	0	0	0	0	0	0	0	0	0	0	0	0	0	0	0	0	0	0	0	0	0	0	0	0	0	0	0	0	0	0	0	0	0	0	0	0	0	0	0	0	0	0	0	0	0	0	0	0	0	0	0	0	0	0	0	0	0	0	0	0	0	0	0	0	0	0	0	0	0	0	0	0	0	0	0	0	0	0	0	0	0	0	0	0	0	0	0	0	0	0	0	0	0	0	0	0	0	0	0	0	0	0	0	0	0	0	0	0	0	0	0	0	0	0	0	0	0	0	0	0	0	0	0	0	0	0	0	0	0	0	0	0	0	0	0	0
C[Ins(T):R(9,)]G	0	0	0	0	0	0	0	0	0	0	0	0	0	0	0	0	0	0	0	0	0	0	0	0	0	0	0	0	0	0	0	0	0	0	0	0	0	0	0	0	0	0	0	0	0	0	0	0	0	0	0	0	0	0	0	0	0	0	0	0	0	0	0	0	0	0	0	0	0	0	0	0	0	0	0	0	0	0	0	0	0	0	0	0	0	0	0	0	0	0	0	0	0	0	0	0	0	0	0	0	0	0	0	0	0	0	0	0	0	0	0	0	0	0	0	0	0	0	0	0	0	0	0	0	0	0	0	0	0	0	0	0	0	0	0	0	0	0	0	0	0	0	0	0	0	0	0	0	0	0	0	0	0	0	0	0	0	0	0	0	0	0	0	0	0	0	0	0	0	0	0	0	0	0	0	0	0	0	0	0	0	0	0	0	0	0	0	0	0	0	0	0	0	0	0	0	0	0	0	0	0	0	0	0	0	0	0	0	0	0	0	0	0	0	0	0	0	0	0	0	0	0	0	0	0	0	0	0	0	0	0	0	0	0	0	0	0	0	0	0	0	0	0	0	0	0	0	0	0	0	0	0	0	0	0	0	0	0	0	0	0	0	0	0	0	0	0	0	0	0	0	0	0	0	0	0	0	0	0	0	0	0	0	0	0	0	0	0	0	0	0	0	0	0	0	0	0	0	0	0	0	0	0	0	0	0	0	0	0	0	0	0	0	0	0	0	0	0	0	0	0	0	0	0	0
G[Ins(T):R0]A	1	0	0	0	0	1	0	0	3	0	0	1	0	0	1	1	0	2	1	0	0	1	0	0	0	0	0	0	0	0	1	0	0	8	1	1	1	0	0	25	0	1	1	4	2	1	0	1	3	1	20	0	18	4	2	1	4	0	1	0	4	0	0	1	0	0	0	1	0	0	0	3	0	0	3	11	0	0	9	1	1	0	0	0	3	1	0	3	2	0	0	0	0	5	0	1	0	1	0	0	7	1	1	2	1	0	0	0	1	1	2	0	3	2	1	0	0	3	0	2	2	0	3	2	7	0	0	4	0	0	1	1	0	2	2	3	0	3	1	1	3	3	1	0	3	1	0	1	1	0	0	0	2	0	0	0	2	0	1	4	0	0	0	0	1	0	1	1	2	0	1	0	0	1	0	1	1	0	0	6	1	0	1	0	2	0	0	1	0	1	0	0	0	11	1	1	0	0	0	0	0	0	0	1	0	4	1	0	1	1	1	0	2	1	20	1	0	0	0	2	2	1	1	1	2	0	2	1	0	0	1	0	0	4	1	0	0	2	0	0	1	3	1	0	3	0	0	0	0	1	2	1	1	0	0	2	0	2	0	1	2	0	1	0	0	0	0	0	1	0	1	0	2	0	1	0	3	3	0	0	0	1	1	0	0	1	2	1	0	0	1	0	0	0	0	0	0	0	1	1	0	0	0	1	1	1	0	1	0	0	0	1	1	0	0	0	0	0	1	2	6	4	0	1	0
G[Ins(T):R0]C	0	0	0	0	0	0	1	0	1	1	0	0	0	1	0	0	1	2	0	0	0	0	0	0	0	0	0	0	0	0	0	0	0	0	1	1	0	0	2	0	0	0	0	0	1	0	1	0	1	0	2	0	0	0	0	0	1	0	1	0	0	0	0	2	0	0	0	0	0	0	1	0	0	0	1	1	0	0	1	0	0	1	0	0	0	1	0	0	0	0	0	0	0	1	1	0	0	0	0	0	0	0	0	0	0	0	0	0	1	0	0	0	0	1	1	2	0	1	0	0	0	0	0	0	4	0	0	0	1	0	0	0	1	0	0	0	0	1	0	0	2	0	0	0	1	0	0	0	0	0	0	1	1	0	0	0	0	1	0	2	1	1	0	0	0	1	0	1	0	0	1	1	0	1	0	0	0	0	1	1	0	0	0	1	2	1	0	0	0	0	0	1	0	28	2	0	0	0	1	0	0	0	0	0	0	3	0	0	0	0	1	1	0	0	1	1	0	1	1	0	1	0	2	0	0	0	3	0	0	1	2	0	0	1	0	0	0	1	0	2	0	0	0	1	0	0	0	0	1	0	0	1	0	0	2	0	0	0	1	0	0	1	0	0	0	0	0	0	1	0	0	0	0	0	0	0	0	1	1	3	0	0	0	1	0	0	0	1	1	0	0	0	0	0	0	0	0	0	1	1	0	0	0	0	0	0	0	1	0	0	0	0	0	1	1	0	0	0	2	0	0	0	0	1	0
G[Ins(T):R0]G	0	0	1	0	0	0	0	1	1	0	0	0	2	0	1	0	0	2	0	0	0	0	0	0	0	0	1	0	1	0	1	0	0	0	2	4	1	0	1	0	0	0	0	0	0	0	1	0	0	0	1	0	0	0	0	0	0	0	0	0	1	0	1	0	0	1	0	0	0	0	0	0	2	0	1	1	1	0	1	0	1	0	1	0	0	0	0	2	0	0	0	0	1	0	0	1	1	0	1	1	0	1	0	1	1	0	0	2	0	0	2	1	0	2	1	1	0	1	0	0	0	1	1	1	15	0	1	2	0	2	0	1	0	0	0	2	1	1	2	2	0	0	0	0	2	0	0	1	1	1	1	1	1	1	0	0	1	0	0	1	0	0	0	0	0	1	2	0	1	0	1	2	2	1	0	1	1	0	0	4	0	0	1	1	2	1	0	2	0	0	0	0	1	18	0	3	1	0	0	0	0	0	0	0	0	14	2	0	0	1	3	1	0	0	1	0	0	0	1	1	0	0	2	0	1	1	10	0	1	0	3	0	0	1	1	0	0	12	1	0	0	0	1	0	1	3	0	0	0	2	0	0	0	1	2	0	0	1	0	0	0	0	1	1	2	1	2	1	1	1	1	1	3	0	1	2	0	2	0	1	0	1	0	1	0	1	2	0	0	1	1	2	0	0	0	0	0	1	0	1	0	1	0	0	1	2	0	3	1	0	0	0	1	1	0	0	0	1	1	1	1	0	0	0	1
G[Ins(T):R1]A	0	1	1	1	2	1	2	0	1	1	2	0	1	2	0	0	2	2	0	2	0	1	0	3	1	0	1	0	3	0	0	0	0	1	1	3	1	1	2	1	2	1	0	1	0	0	3	0	2	3	3	1	4	1	1	1	2	2	0	0	1	0	2	1	0	2	2	4	2	3	0	1	1	1	2	3	3	0	7	0	1	1	1	2	2	1	1	1	2	1	2	2	4	0	1	1	3	0	0	2	1	1	2	1	0	1	1	0	0	1	3	0	2	0	0	0	0	1	2	0	0	0	1	0	13	5	1	3	0	0	0	2	0	0	0	1	2	1	0	0	1	3	0	1	1	2	0	1	1	1	6	2	2	0	1	0	4	3	0	3	1	1	2	1	0	2	2	9	3	3	2	1	1	1	0	1	1	3	1	3	1	1	1	2	0	0	2	0	2	1	8	1	1	58	1	3	0	0	1	1	0	4	0	2	1	8	4	0	1	0	1	5	1	0	2	2	5	0	5	1	0	6	4	2	2	1	3	2	4	4	3	1	4	1	1	2	0	1	1	0	0	2	1	5	1	0	1	0	1	5	0	2	1	2	4	5	0	0	0	2	3	0	0	0	4	4	1	3	2	2	4	3	0	1	2	0	3	2	0	7	2	1	1	0	0	0	4	2	1	4	4	0	3	0	0	0	1	0	0	2	3	0	1	0	0	1	0	1	3	0	2	1	2	0	1	1	1	2	3	0	5	2	4	0	0
G[Ins(T):R1]C	1	0	0	0	0	0	0	1	1	0	0	0	0	0	0	0	0	0	1	2	0	0	0	0	0	0	1	0	0	0	0	0	1	0	0	1	0	0	2	2	0	0	0	0	0	0	1	0	1	0	0	0	0	0	0	0	0	3	3	3	0	1	0	0	0	1	1	1	0	1	0	1	1	1	0	0	1	0	4	0	0	0	2	0	0	0	2	0	0	0	0	0	0	1	0	0	0	0	0	0	0	0	0	0	0	1	0	0	0	0	1	0	0	1	1	0	0	0	0	0	1	0	0	0	16	0	0	0	0	0	7	0	0	2	0	4	0	0	1	1	0	1	0	0	1	0	0	0	1	0	1	0	0	0	0	1	1	4	0	0	1	1	1	1	0	0	0	0	1	0	0	0	4	0	0	0	0	0	0	6	1	0	0	0	3	2	0	0	0	0	4	1	1	29	0	3	1	0	1	0	0	0	0	0	0	1	0	0	0	0	2	1	0	1	0	2	0	0	2	3	3	0	0	0	0	0	2	1	2	3	0	1	0	1	2	1	0	0	0	0	0	0	0	0	1	1	2	1	0	1	2	1	2	0	0	0	1	0	0	0	0	0	0	0	0	0	0	4	0	0	0	0	2	0	0	0	5	3	0	0	0	0	2	1	0	1	0	1	1	0	0	0	2	0	0	0	0	2	0	1	0	0	0	1	1	0	1	1	3	0	2	1	0	0	0	0	0	0	3	0	0	1	3	0	0
G[Ins(T):R1]G	2	0	1	0	0	2	1	1	2	0	0	0	1	1	1	1	0	0	0	1	0	1	2	1	0	0	1	0	0	2	3	0	0	0	0	0	2	0	0	1	0	0	0	1	1	0	3	1	0	1	5	1	0	1	2	0	0	0	1	1	1	1	2	1	1	0	0	0	0	0	1	0	3	1	0	2	1	1	3	1	0	0	1	0	1	1	2	0	1	0	2	0	2	2	1	0	0	0	0	1	0	3	0	1	2	0	1	1	1	3	0	4	2	2	2	0	0	1	2	0	1	0	0	0	8	1	0	0	2	0	6	1	0	0	0	3	1	1	0	1	0	3	0	0	0	1	1	0	1	2	2	1	0	0	0	0	4	1	0	3	0	0	2	1	0	1	0	3	1	2	1	1	1	1	0	0	1	1	2	3	3	0	1	1	1	0	2	5	0	1	4	1	0	103	4	4	0	2	0	1	0	1	2	4	0	23	0	0	0	0	0	0	0	1	4	2	0	0	0	1	0	2	0	3	1	0	20	0	1	3	1	0	0	1	1	0	2	7	0	1	4	1	0	2	1	3	1	1	0	1	2	1	1	2	3	2	0	0	1	0	0	0	0	0	1	1	1	1	0	0	1	2	2	0	1	0	1	0	1	0	0	0	0	0	0	1	1	0	0	1	1	1	2	2	0	0	0	0	0	3	2	0	1	1	0	0	2	1	0	0	0	1	0	0	0	1	2	3	1	2	1	1	1	0	0
G[Ins(T):R2]A	2	0	0	0	0	0	0	0	0	0	0	0	0	1	0	0	1	0	1	1	0	0	0	0	0	0	0	0	0	0	0	0	1	2	0	0	0	0	0	2	0	1	0	0	2	0	0	0	1	0	1	1	2	0	2	0	1	0	2	0	0	0	1	0	1	0	0	1	0	0	0	0	0	0	0	0	1	0	3	0	0	0	1	1	0	1	0	0	0	1	1	0	0	0	0	1	0	0	1	0	0	1	0	3	0	1	0	0	0	0	0	0	1	0	2	0	0	0	0	0	2	0	0	1	3	0	2	1	0	0	1	0	0	0	1	1	0	0	0	0	1	0	1	0	1	0	0	0	0	1	1	1	0	0	1	0	0	0	0	2	1	1	0	0	0	0	2	1	0	0	0	0	0	0	0	0	1	0	0	3	0	0	1	1	1	1	0	1	0	0	1	0	0	22	1	2	0	0	0	0	0	0	0	0	0	3	1	0	0	0	0	0	0	0	1	1	0	0	2	0	0	1	0	1	0	0	1	0	0	2	0	0	0	0	1	1	0	0	0	0	0	0	1	0	0	0	2	2	0	0	0	1	0	1	0	0	0	0	1	0	0	0	0	1	1	1	0	0	0	0	0	2	0	0	1	0	0	0	0	0	0	0	0	0	0	0	1	0	0	2	0	0	1	0	1	0	1	0	0	0	0	1	0	0	0	1	0	0	0	0	1	0	0	0	0	0	1	1	0	0	1	0	0	0	0
G[Ins(T):R2]C	0	0	1	0	0	0	3	0	1	0	0	0	0	0	0	0	0	0	0	0	0	0	0	0	1	1	0	1	0	0	0	0	0	0	1	0	0	0	0	0	3	0	0	0	1	0	1	1	0	0	0	0	1	1	0	0	0	2	0	1	0	0	0	0	0	0	0	0	0	0	1	0	0	0	1	0	0	0	6	0	0	0	0	0	0	0	0	0	0	0	1	0	0	1	0	1	0	0	0	0	1	0	0	0	1	0	0	1	1	0	0	1	0	1	0	0	0	0	0	0	1	0	1	0	11	1	0	2	0	0	0	0	0	1	0	3	0	1	1	1	0	1	1	0	2	1	0	0	0	1	2	1	1	0	0	0	0	1	1	5	1	2	1	1	0	0	0	0	1	0	0	0	0	0	0	0	0	1	0	2	0	0	1	0	1	2	0	1	0	0	0	1	1	47	0	0	3	0	0	0	0	0	1	0	0	3	0	0	1	0	1	1	0	0	5	1	0	0	1	3	1	0	0	1	1	0	2	0	0	1	1	0	0	2	0	1	0	0	0	0	0	1	1	0	0	0	0	2	0	2	0	1	0	0	0	1	0	0	0	0	1	0	0	0	0	0	0	0	1	0	1	0	1	0	2	0	1	0	0	3	0	0	0	1	0	0	0	0	0	0	2	0	0	0	0	0	0	0	0	0	0	0	0	0	0	1	0	1	0	0	0	0	0	0	0	0	0	0	1	0	3	1	1	0	1
G[Ins(T):R2]G	0	0	0	1	2	0	0	3	1	1	1	0	0	0	0	0	0	0	0	1	0	0	1	0	0	1	0	0	3	0	0	0	0	0	3	0	0	0	0	1	0	0	0	0	0	1	2	0	1	0	0	0	1	0	1	0	0	0	0	0	1	0	0	0	0	1	1	1	2	1	0	0	0	0	0	0	0	0	1	1	0	0	1	0	1	1	0	2	0	1	1	0	1	3	0	0	0	0	0	0	0	0	0	0	0	1	0	0	0	0	0	0	0	0	0	1	0	0	0	0	0	0	0	0	20	0	0	0	0	1	3	0	0	0	0	3	2	0	0	0	0	0	0	1	0	1	0	0	0	1	0	0	0	0	0	1	2	2	0	10	2	2	1	0	0	0	0	2	0	0	2	2	2	0	0	0	0	0	0	2	0	0	2	0	0	0	2	1	0	0	0	0	0	57	0	0	0	1	0	0	0	1	0	0	0	49	1	0	0	0	0	1	1	2	8	0	1	0	0	0	0	0	3	0	1	1	17	0	1	2	2	0	0	0	0	0	1	6	0	0	0	1	1	0	1	2	0	0	0	1	1	0	0	1	0	0	0	0	1	0	1	2	0	0	1	0	1	0	0	0	3	1	0	0	0	0	2	0	1	1	0	0	1	0	2	0	1	0	0	1	0	0	2	0	0	0	0	0	0	1	1	2	1	0	0	0	0	0	0	0	0	0	0	0	0	1	1	0	0	1	4	2	1	0	2
G[Ins(T):R3]A	3	0	1	0	1	0	1	0	0	0	0	0	0	0	0	0	0	1	0	0	0	0	0	0	0	1	1	0	1	1	0	1	1	0	1	0	1	0	0	0	2	0	0	0	0	0	0	0	0	0	0	0	0	0	1	0	1	0	0	1	0	0	2	0	0	1	0	0	0	0	1	0	1	1	0	0	0	0	1	0	0	1	0	0	2	0	0	0	1	0	1	0	0	3	0	0	0	0	0	0	0	0	0	0	0	1	0	1	0	0	0	1	0	0	0	0	0	0	0	0	0	0	0	0	6	1	0	0	0	0	4	1	0	0	1	1	0	1	0	0	0	0	1	0	2	0	0	0	1	0	2	0	0	1	0	0	0	4	0	3	1	0	0	0	0	0	1	0	1	0	0	0	0	0	0	1	0	0	0	2	0	0	1	0	0	0	0	0	0	1	0	0	0	20	0	0	0	0	0	0	0	0	1	0	0	2	0	0	0	0	1	1	0	0	1	1	0	0	3	3	0	0	1	0	0	0	1	0	2	2	1	0	0	0	0	1	1	2	0	0	0	2	0	1	0	0	0	0	0	0	0	0	0	1	1	0	0	0	0	0	1	0	0	0	0	0	0	0	0	0	1	0	1	1	2	0	1	2	0	0	0	0	0	0	0	0	1	1	0	0	0	0	1	1	1	0	0	0	0	0	0	2	1	0	0	0	0	1	0	0	0	2	0	0	0	0	1	0	0	0	4	0	2	0	0
G[Ins(T):R3]C	2	1	0	3	0	0	1	1	0	0	0	0	0	0	0	0	1	0	0	0	0	0	0	0	0	0	1	1	0	0	0	0	0	1	0	1	0	0	2	0	0	0	0	0	1	1	3	0	0	0	1	1	0	0	0	0	0	1	0	3	0	0	0	2	1	0	0	0	0	0	1	0	1	0	0	0	0	1	7	1	0	0	1	0	1	0	0	0	2	0	0	0	0	4	1	0	0	0	0	0	0	0	0	0	0	0	1	1	0	1	0	0	0	0	0	1	0	0	0	0	0	0	0	0	15	0	0	1	0	0	2	0	0	0	0	1	0	2	0	0	0	3	0	0	0	0	0	0	0	0	2	0	1	1	0	1	1	1	0	2	0	1	1	0	0	0	0	1	0	0	1	0	0	0	0	0	0	2	0	4	0	0	1	0	0	0	1	0	0	1	1	0	0	17	1	0	3	0	1	0	0	1	0	0	0	0	0	0	1	0	2	0	0	0	1	0	0	1	2	2	0	0	0	2	0	0	5	1	0	1	0	0	0	2	2	0	0	2	0	0	0	1	0	1	0	0	0	1	0	1	1	1	1	1	2	0	0	0	0	0	0	0	0	0	1	0	0	0	0	0	4	3	2	0	1	0	3	2	1	2	0	0	1	0	0	0	1	0	0	1	0	0	0	0	0	1	0	3	0	0	2	1	0	1	0	0	0	1	0	0	0	0	0	1	0	0	0	2	0	1	1	1	1	0	0
G[Ins(T):R3]G	0	0	0	0	0	0	0	0	2	0	0	0	0	1	2	0	2	0	1	3	0	0	0	0	0	0	0	0	0	0	0	0	0	0	0	1	0	0	0	0	0	0	1	0	1	1	1	1	0	1	1	0	1	0	0	0	0	0	0	0	1	0	0	1	1	1	1	2	1	1	0	0	0	0	1	0	0	0	3	0	0	1	0	0	0	0	0	0	0	0	0	0	1	1	0	0	1	0	0	1	0	1	0	0	2	0	0	2	0	0	0	0	0	0	0	0	1	0	0	0	1	0	0	0	21	1	1	0	0	1	0	1	0	1	1	0	0	0	0	0	0	0	1	0	0	1	0	0	0	1	2	0	0	1	0	1	1	1	0	0	1	0	0	1	0	2	0	1	0	0	0	0	0	1	2	0	0	0	0	1	2	2	0	0	0	0	0	0	0	0	1	0	0	22	0	0	0	0	0	0	0	0	0	0	0	16	0	0	0	0	0	3	0	0	0	0	0	0	0	0	1	1	1	0	0	0	5	0	0	0	0	0	0	2	0	0	0	4	0	0	0	0	0	0	2	0	0	0	0	0	0	0	0	1	0	0	1	1	1	0	0	1	0	1	1	0	0	0	0	0	0	0	3	0	1	1	2	1	2	0	0	0	0	0	0	0	1	1	0	1	0	0	2	0	0	0	0	0	1	0	0	0	0	1	0	0	1	0	0	0	0	0	0	0	0	0	0	0	0	0	1	1	0	0	0
G[Ins(T):R4]A	1	1	0	0	0	0	0	0	2	0	0	0	0	1	0	0	1	0	0	0	0	0	1	0	0	1	3	0	0	0	0	0	0	2	0	1	0	0	0	0	0	0	0	1	0	1	0	0	0	1	0	1	0	0	1	1	0	0	0	0	1	0	0	1	0	0	0	0	0	0	0	0	0	0	0	1	1	0	2	1	1	0	0	1	0	0	2	0	0	0	0	0	0	0	0	0	0	0	0	1	1	0	0	0	1	1	0	0	0	0	1	0	0	0	0	0	0	0	0	0	0	0	0	0	3	0	0	0	0	1	0	1	0	0	0	2	1	0	1	1	0	0	0	0	0	0	0	0	0	0	1	1	0	0	0	0	0	2	0	0	0	0	0	0	0	0	0	0	0	0	0	0	0	0	1	0	0	0	0	3	1	0	2	0	1	0	0	0	1	1	1	0	0	14	0	1	2	0	0	0	0	0	1	0	0	0	0	0	0	0	1	0	0	1	0	1	0	0	3	1	0	0	0	1	0	0	0	0	0	2	0	0	0	1	0	0	0	1	0	0	0	0	0	0	2	1	1	0	0	1	0	0	0	0	0	0	0	0	0	1	0	0	0	0	0	0	0	1	0	0	2	1	1	2	0	0	0	0	0	0	2	0	1	0	0	0	0	0	0	0	1	0	1	0	1	0	0	0	0	1	1	1	0	0	0	0	0	1	0	0	0	0	0	1	0	1	0	0	0	0	1	0	0	1	0
G[Ins(T):R4]C	0	0	0	2	1	0	2	0	1	0	1	0	0	0	0	0	0	0	0	2	0	0	1	0	0	0	1	0	4	0	0	0	0	3	0	0	0	0	1	1	4	0	0	0	3	0	2	0	0	1	2	1	0	0	0	1	0	0	0	0	0	0	0	2	0	0	0	2	0	1	0	0	3	0	5	0	0	0	10	0	1	1	1	1	0	0	1	0	0	0	1	1	1	4	0	0	2	1	0	1	0	0	0	2	0	1	0	0	0	0	0	1	0	0	1	0	0	0	0	0	4	0	1	1	13	0	2	2	0	1	1	0	0	0	0	2	1	1	1	0	0	1	0	0	0	0	0	1	0	0	2	0	5	1	0	1	0	1	0	1	0	2	0	0	1	0	2	0	0	1	0	0	0	0	0	0	1	0	0	8	0	1	4	0	3	0	0	1	0	1	1	1	1	7	2	0	3	0	0	0	0	0	0	0	1	0	1	0	0	0	2	0	0	0	1	3	0	0	1	0	5	1	1	0	1	0	1	0	0	2	0	1	0	2	2	0	0	3	1	0	0	0	1	0	1	0	1	3	0	3	1	1	1	0	0	0	0	0	1	0	0	0	1	0	1	0	0	0	1	0	1	4	1	0	3	0	3	1	0	1	1	0	1	1	0	0	0	0	1	1	1	0	0	0	0	0	0	1	0	0	1	2	0	0	0	0	0	2	0	0	0	2	0	0	0	0	0	1	1	0	1	1	5	0	0
G[Ins(T):R4]G	0	0	3	0	0	0	3	3	0	0	1	0	0	0	0	0	0	0	1	0	0	0	0	0	0	0	1	0	0	0	0	0	0	0	2	0	1	0	2	0	0	0	0	0	0	0	2	2	0	1	0	0	0	0	1	0	0	1	0	0	0	0	0	1	0	1	1	1	0	0	1	0	0	0	0	0	0	0	0	0	0	0	1	0	1	1	0	1	0	0	0	0	1	0	0	0	1	0	0	0	0	2	0	0	0	1	0	0	2	0	0	0	1	1	1	0	0	0	0	0	0	0	0	0	14	0	0	1	0	0	1	1	0	0	0	1	0	1	1	0	0	1	0	0	0	1	0	0	0	0	2	1	0	2	1	0	2	2	0	2	0	0	0	0	0	0	0	0	0	0	0	0	0	0	0	0	0	0	0	3	0	0	2	0	0	1	0	0	0	0	2	0	0	13	0	1	0	0	0	0	0	0	1	0	1	6	0	0	1	0	0	0	1	0	2	2	0	0	0	1	1	1	0	0	0	0	4	0	0	0	0	0	0	0	0	1	0	7	0	0	0	0	1	0	0	4	0	1	0	0	0	1	0	1	3	0	0	2	0	0	0	0	1	0	1	1	0	0	0	1	0	4	0	0	1	0	0	0	0	1	0	0	1	0	0	0	0	0	0	1	0	0	0	0	0	0	0	0	0	0	0	0	0	1	0	0	0	0	0	0	0	0	0	0	0	0	0	0	0	0	0	0	0	0	0
G[Ins(T):R5]A	1	0	0	0	0	0	1	2	1	0	0	0	2	0	0	0	0	0	0	1	0	0	1	0	0	0	1	0	3	0	0	0	0	1	1	1	0	0	0	1	1	1	0	0	1	0	0	0	0	0	1	0	0	1	1	0	0	0	0	0	0	0	0	1	0	0	0	2	0	0	1	0	2	0	1	0	0	0	2	1	0	0	0	0	1	1	2	1	0	0	0	0	1	3	0	0	0	0	0	0	0	0	0	0	0	0	0	2	0	1	0	0	0	0	2	0	0	0	1	1	2	0	0	1	18	1	0	1	0	0	2	0	1	1	1	3	0	1	2	0	0	0	0	0	3	1	0	0	1	0	1	2	1	1	0	0	0	0	0	4	0	2	0	0	0	0	0	0	1	0	1	0	0	1	0	0	0	0	0	4	0	0	2	0	1	0	0	0	0	0	3	1	1	11	1	0	0	0	0	0	0	1	0	0	0	0	1	1	0	1	1	2	0	0	2	0	2	0	1	3	1	0	0	0	1	0	0	1	1	0	1	1	0	1	0	0	0	7	0	1	0	1	0	1	1	3	0	0	0	0	0	0	1	0	0	0	0	0	0	1	0	0	0	0	1	0	0	1	0	0	0	1	0	0	8	0	1	3	0	2	0	0	1	1	0	0	1	0	0	1	2	0	2	0	0	2	0	0	0	1	0	3	0	1	0	2	0	1	0	0	1	1	0	0	0	0	0	3	2	0	3	1	0	0	0
G[Ins(T):R5]C	0	2	1	5	1	0	2	0	1	2	1	0	2	0	1	0	1	2	0	1	0	0	3	0	1	2	1	2	1	0	0	0	0	7	2	1	1	0	0	1	1	1	0	2	2	0	6	0	0	0	1	5	0	0	2	0	0	0	4	0	0	0	2	5	0	3	0	5	2	1	0	2	1	1	6	1	0	0	18	0	0	3	1	1	3	2	1	0	2	0	0	0	2	16	0	1	2	0	0	0	3	2	1	0	0	0	1	1	0	1	1	0	0	2	1	0	0	0	0	0	4	0	1	3	29	1	0	3	0	0	1	0	0	0	0	7	1	4	1	1	1	4	0	0	1	0	0	0	1	0	5	1	5	1	1	0	1	7	0	9	0	2	0	0	0	1	3	1	1	2	2	1	0	0	1	0	1	0	0	11	0	0	8	0	0	1	2	2	1	0	2	0	0	5	1	1	4	3	0	0	0	0	0	0	4	1	1	0	0	1	4	1	0	1	9	1	1	0	5	5	2	1	0	1	0	0	1	0	0	8	1	0	0	5	1	0	0	13	1	0	0	1	0	3	1	2	2	2	0	11	0	4	3	0	2	1	0	1	1	1	1	0	0	0	2	2	0	0	2	0	4	2	5	0	8	0	6	3	2	1	1	0	2	2	0	0	4	2	1	2	2	1	1	0	0	1	0	8	0	1	2	0	2	1	1	1	1	4	0	0	1	3	0	0	1	0	1	2	8	1	3	8	1	2	2
G[Ins(T):R5]G	0	0	1	0	1	2	1	2	0	0	1	0	0	2	0	1	0	0	0	0	0	1	0	0	1	0	0	1	1	0	1	0	0	3	0	0	0	1	0	0	0	0	0	1	0	0	1	0	0	0	1	0	1	0	2	0	1	0	0	0	2	0	0	5	0	3	0	0	1	1	0	1	0	0	1	0	1	0	2	0	0	1	0	0	2	0	2	1	1	0	0	0	3	7	0	0	0	0	1	0	2	1	0	1	0	2	0	0	0	0	1	0	1	1	0	0	0	1	0	0	1	2	1	1	47	1	0	1	0	0	2	0	0	2	0	1	1	0	1	2	0	1	0	0	1	0	0	0	0	0	2	0	1	0	0	0	0	2	0	4	1	1	1	1	0	0	1	1	1	0	1	2	0	0	0	0	0	1	0	6	0	2	6	1	1	1	1	2	0	0	4	0	0	15	1	0	0	1	1	0	0	1	1	1	1	6	0	1	1	0	1	1	0	1	2	2	1	1	1	2	2	1	4	0	1	0	4	0	1	2	2	0	0	1	2	0	0	18	0	0	1	2	0	0	0	3	0	0	1	6	0	0	2	0	3	0	1	0	1	1	0	1	0	0	1	2	0	1	1	0	3	4	4	0	3	0	1	0	1	0	0	0	2	0	1	1	0	0	0	1	2	0	1	0	1	0	0	0	0	1	1	0	2	1	0	0	0	0	1	0	0	0	1	0	0	0	0	2	3	1	0	2	2	1	0
G[Ins(T):R6]A	0	0	0	1	0	0	0	4	3	1	1	0	1	0	1	0	0	0	1	1	0	1	1	1	2	1	0	1	0	0	2	0	1	0	2	0	1	0	1	1	1	2	0	0	1	0	4	1	2	1	1	1	0	3	2	1	2	1	2	0	1	2	1	3	0	0	1	1	4	0	0	1	0	0	1	0	3	0	3	2	1	0	0	1	0	3	0	1	4	0	1	2	4	4	2	2	4	1	0	4	0	0	0	0	2	0	0	0	1	2	0	1	0	0	0	3	0	1	1	0	0	2	1	0	84	0	1	4	0	3	1	2	0	1	0	0	1	0	1	1	4	2	0	2	7	0	0	1	0	3	8	0	1	0	1	1	1	0	1	5	2	0	0	0	1	0	1	4	2	0	1	3	0	0	0	0	0	1	2	6	2	3	4	0	2	2	1	0	0	1	4	5	4	8	1	3	1	1	0	0	0	0	0	2	2	0	2	0	0	0	0	1	0	0	2	0	0	0	0	1	1	1	1	0	1	2	4	0	0	3	1	2	1	0	0	1	0	27	2	1	2	1	1	2	3	8	3	1	1	4	1	0	3	0	0	2	0	3	0	1	0	0	0	0	2	1	0	0	1	0	1	6	0	2	4	0	1	4	2	5	0	0	2	0	1	1	0	0	1	2	0	0	3	1	0	0	0	0	1	0	1	2	0	2	1	2	1	0	0	1	1	1	1	0	1	1	1	2	0	1	2	6	2	4	1
G[Ins(T):R6]C	2	0	6	3	3	3	6	5	5	1	0	0	2	3	1	0	2	1	1	2	1	0	0	1	3	2	1	0	2	0	2	1	1	0	5	1	1	0	2	1	4	2	0	1	2	4	2	1	1	0	1	1	1	2	2	5	0	3	4	0	2	1	0	8	1	1	2	2	2	0	1	1	3	2	4	0	2	0	5	3	5	1	1	0	6	2	2	2	1	1	0	0	3	7	0	0	5	0	0	10	1	4	0	1	3	1	0	1	2	2	2	1	0	3	1	1	0	1	2	2	0	1	0	2	141	2	0	3	1	4	3	2	1	1	1	3	1	3	1	2	0	1	2	2	15	1	0	0	2	2	4	3	4	2	0	1	4	3	1	3	2	0	5	2	1	0	2	2	1	1	2	1	0	2	0	0	2	0	0	7	0	2	10	0	0	2	1	2	0	0	7	4	5	10	2	2	4	0	0	4	0	0	0	2	2	3	8	1	0	1	1	4	0	1	4	1	0	0	1	6	1	0	1	3	1	0	8	1	0	4	6	5	1	7	1	0	0	56	1	1	2	2	1	2	5	14	2	0	2	8	0	3	3	1	5	0	0	1	0	1	1	0	1	0	2	0	0	3	3	0	4	10	2	1	15	1	1	4	0	9	0	0	1	3	0	0	2	1	1	2	1	1	6	0	1	1	0	1	1	2	1	2	1	2	3	2	1	1	3	0	1	0	3	0	1	1	0	2	3	1	2	2	1	7	1
G[Ins(T):R6]G	1	2	3	0	1	1	4	5	3	2	0	0	1	1	1	1	0	2	1	1	0	1	1	1	3	2	2	1	0	0	4	0	1	1	6	2	1	0	2	2	2	0	1	3	2	2	2	4	0	0	1	1	4	2	4	3	1	2	0	0	1	0	0	6	3	3	1	5	8	0	0	0	1	4	4	0	7	0	7	2	5	0	2	3	2	4	2	3	5	1	1	0	1	3	1	0	8	1	0	5	0	1	0	4	1	0	1	3	6	5	1	1	1	8	1	2	1	0	2	0	0	2	0	3	290	7	1	4	1	3	0	3	0	1	0	5	4	6	1	2	3	0	0	1	13	1	0	0	2	1	1	1	4	1	1	0	1	5	2	4	0	1	4	5	3	1	2	0	1	1	1	1	0	2	3	0	0	1	0	13	0	3	7	2	2	1	3	2	0	1	7	8	8	20	1	2	2	1	0	1	0	0	3	2	1	3	10	0	1	0	4	6	1	1	1	1	0	1	2	4	2	2	1	0	0	0	7	3	6	4	7	7	2	2	0	0	0	91	2	1	4	3	3	2	3	9	2	5	2	3	5	3	3	1	3	1	0	3	0	2	2	3	1	0	1	2	0	1	3	1	1	5	1	0	8	0	5	1	1	6	2	0	2	1	1	3	2	2	3	0	3	1	5	0	2	1	0	1	0	3	0	1	3	3	3	1	2	4	1	1	1	2	3	4	0	5	1	1	2	1	2	5	1	4	0
G[Ins(T):R7]A	2	2	1	3	2	0	0	5	1	0	0	0	0	2	2	0	1	1	2	2	0	0	0	0	1	1	1	1	0	0	3	0	1	1	8	0	0	0	2	1	2	1	0	1	3	0	5	2	0	1	0	2	2	0	0	2	0	1	3	0	2	0	0	2	0	0	2	0	2	2	0	0	1	1	3	0	4	0	2	0	3	3	3	0	3	2	2	3	1	1	1	0	4	6	0	4	3	2	0	3	1	2	1	0	1	1	0	0	2	1	2	1	2	5	1	1	0	1	1	1	0	3	1	1	157	4	0	5	2	0	0	0	0	1	0	2	1	0	2	5	1	1	1	2	14	2	0	0	2	0	3	3	3	2	3	0	1	2	0	5	0	2	2	0	0	1	1	6	0	1	2	1	0	1	3	0	3	0	1	11	0	1	6	2	0	1	1	0	0	1	5	5	3	6	0	7	4	1	0	2	0	1	1	1	1	2	6	0	0	0	0	7	0	1	1	2	1	1	1	1	1	1	2	1	0	2	7	1	1	0	8	3	3	1	0	1	0	67	3	0	3	2	4	2	1	11	2	2	0	2	0	2	1	2	1	0	2	1	0	1	2	0	2	0	0	0	1	1	3	0	0	7	1	2	9	0	7	0	0	6	0	0	0	0	1	1	2	1	0	2	1	0	3	1	0	0	0	0	2	1	2	4	1	1	4	3	4	0	0	0	0	0	0	0	0	4	0	1	2	0	5	0	0	3	2
G[Ins(T):R7]C	1	1	2	2	4	0	1	0	2	1	0	0	0	1	1	0	2	3	0	2	0	0	1	4	2	3	0	1	0	0	1	0	0	1	2	2	2	0	1	0	1	1	0	1	1	2	0	3	0	0	0	1	1	1	0	1	0	3	0	3	1	0	0	8	2	3	0	1	5	2	0	2	5	2	2	1	4	1	7	1	1	0	1	1	0	5	1	2	1	4	2	0	1	5	0	1	2	0	1	4	1	2	1	3	3	2	2	2	2	1	1	1	0	1	0	1	1	1	0	0	3	2	2	0	175	3	0	2	0	5	1	2	0	3	0	2	1	3	0	4	1	3	0	3	9	1	0	0	7	0	5	0	1	2	6	1	1	3	0	3	0	1	1	1	1	2	1	1	2	0	1	2	0	0	0	0	2	1	2	5	0	0	3	2	1	2	1	0	1	0	10	1	1	18	0	2	1	0	0	1	0	1	0	1	2	4	7	3	0	1	4	6	1	1	4	1	1	1	3	2	1	2	3	0	3	3	6	1	0	8	1	1	0	4	0	0	0	76	1	1	1	0	2	0	2	13	2	0	0	5	3	1	1	2	2	2	1	1	1	0	1	1	2	0	2	2	0	1	1	0	2	6	1	0	5	0	3	3	1	6	1	0	1	0	0	0	2	3	0	2	3	0	2	1	1	1	2	1	1	0	2	1	2	3	0	1	1	4	1	0	0	1	0	2	1	4	1	2	2	0	5	0	2	4	1
G[Ins(T):R7]G	2	3	1	1	0	0	1	6	1	1	3	0	0	4	2	1	0	4	1	8	0	1	1	1	6	3	0	0	1	0	1	1	2	2	12	3	4	0	3	0	3	1	0	1	3	1	0	0	0	0	2	1	1	2	1	4	1	1	0	0	1	2	1	8	3	2	1	1	5	3	1	0	2	3	5	0	6	0	3	2	4	1	1	0	0	4	0	1	4	2	0	1	4	9	0	4	5	4	0	7	2	4	2	1	0	2	0	0	0	0	2	1	2	3	1	2	1	1	0	3	3	0	1	2	317	4	1	3	0	2	5	4	0	2	1	8	0	2	3	2	3	1	1	2	13	0	0	2	4	1	1	1	6	0	2	2	1	4	1	3	0	1	1	0	1	1	1	0	5	1	1	1	0	2	2	0	2	2	1	9	0	0	3	2	3	1	0	1	2	1	12	7	5	11	2	7	1	1	2	3	0	0	3	2	4	3	7	0	2	1	3	7	0	1	4	1	0	0	1	1	2	1	3	6	0	0	8	2	5	5	3	3	1	3	2	0	0	135	3	1	0	0	2	2	0	19	1	2	0	6	1	0	2	4	4	2	1	2	1	0	2	1	1	0	0	0	1	2	0	0	1	5	4	2	10	0	8	1	3	9	2	0	1	2	0	3	0	4	1	0	2	0	3	0	2	2	0	1	0	0	1	3	0	1	2	3	1	3	2	0	5	1	1	0	2	2	1	5	1	2	3	0	4	0	3
G[Ins(T):R8]A	3	0	2	1	1	1	0	6	4	0	0	0	2	1	0	1	4	3	3	3	0	1	0	0	3	0	1	0	1	0	0	0	2	3	8	0	1	0	0	0	3	0	0	0	2	0	2	2	0	1	3	0	1	0	2	1	0	2	3	1	0	0	1	4	0	1	2	2	4	0	1	1	1	0	7	2	5	0	3	1	3	0	2	3	1	5	4	0	2	0	0	1	7	3	0	2	4	1	1	4	3	1	1	1	0	2	1	1	3	2	1	2	1	4	1	0	1	0	1	1	0	3	2	2	188	4	0	2	1	1	6	1	0	1	2	4	0	2	3	3	2	0	0	2	8	1	0	0	2	1	5	1	7	2	2	0	1	1	0	1	0	0	2	2	0	0	1	1	0	2	1	3	0	2	3	0	1	3	3	9	1	1	1	1	2	0	0	2	1	1	8	4	2	13	3	6	2	1	0	5	0	0	0	2	1	4	3	0	1	0	1	8	1	1	1	1	0	0	0	0	1	2	3	4	1	1	6	0	3	2	7	1	1	0	1	0	0	89	0	0	0	0	2	0	3	13	0	1	1	3	1	2	0	3	4	6	1	1	0	2	1	1	0	1	3	1	1	1	4	0	1	2	2	1	3	0	1	0	1	4	2	1	2	2	0	0	2	3	0	3	1	0	4	0	1	0	0	1	1	1	1	1	0	3	2	3	0	1	1	1	1	1	4	0	0	1	1	1	0	0	3	0	4	6	0
G[Ins(T):R8]C	3	1	2	2	2	0	1	8	3	1	0	0	2	2	0	1	1	3	0	0	0	0	0	0	5	3	0	0	1	1	0	0	1	1	7	2	1	0	2	0	1	0	1	2	1	0	2	0	2	0	0	0	2	2	1	4	0	1	1	0	2	1	2	6	0	1	1	0	3	1	1	2	0	1	0	0	8	0	5	0	4	1	3	1	0	0	2	2	2	1	0	1	6	2	0	2	1	0	0	10	0	4	2	2	1	3	1	1	1	1	2	0	2	2	2	0	0	1	1	1	0	2	1	2	193	9	1	1	1	7	3	4	0	2	1	6	1	1	5	3	1	0	1	0	9	2	0	4	5	0	3	2	0	1	1	1	2	1	0	4	0	1	2	3	0	1	2	2	0	1	1	3	0	0	2	1	0	0	2	4	0	6	6	2	1	1	1	1	0	1	5	3	3	8	0	6	2	0	1	2	0	1	0	1	1	3	2	0	1	1	2	8	0	0	3	2	1	1	3	2	2	3	2	0	1	2	5	0	1	3	1	2	0	0	2	0	0	87	3	0	0	1	1	0	2	17	4	3	0	6	0	1	1	1	1	3	1	4	0	1	2	0	0	0	3	1	1	1	2	0	0	3	3	1	9	0	3	0	1	5	2	2	0	1	0	1	1	3	0	2	0	1	1	0	1	2	0	0	0	0	2	3	3	4	2	1	1	2	0	0	0	2	0	1	1	5	0	1	2	0	4	0	0	4	2
G[Ins(T):R8]G	2	0	1	2	3	0	3	3	5	0	0	0	0	5	1	0	1	5	1	0	1	0	1	2	2	2	0	1	2	2	1	0	2	0	18	1	4	0	3	1	2	1	0	1	2	1	2	7	0	1	3	0	4	0	0	1	0	1	1	2	4	2	0	8	0	2	3	1	9	3	0	1	2	3	2	1	5	0	2	2	1	1	1	1	2	10	2	0	3	1	2	0	9	2	1	5	5	0	3	9	2	6	2	2	1	3	0	1	8	4	0	0	2	5	0	2	1	1	1	2	0	4	1	1	334	8	1	3	1	3	5	1	0	4	7	1	2	1	9	4	0	0	1	4	13	2	0	0	5	3	1	1	2	6	7	2	6	0	1	6	1	1	6	0	1	1	0	4	5	0	3	3	0	1	3	2	2	1	2	7	0	0	3	3	0	0	3	0	1	1	11	5	4	10	2	10	0	0	0	1	0	2	2	4	3	3	12	1	0	0	2	7	0	1	4	1	3	1	2	2	0	1	5	0	2	1	11	1	2	1	10	4	1	2	2	0	2	192	2	2	1	8	1	1	3	22	1	1	1	5	0	2	1	4	1	2	1	3	1	2	2	2	1	2	2	2	2	1	0	1	2	6	4	0	6	0	2	4	4	3	1	0	1	1	1	4	0	5	1	1	4	0	0	0	0	0	0	2	1	2	2	5	1	0	5	6	1	3	1	0	0	3	3	1	1	1	0	1	1	1	1	1	5	4	4
G[Ins(T):R(9,)]A	0	0	0	0	0	0	0	0	0	0	0	0	0	0	0	0	0	0	0	0	0	0	0	0	0	0	0	0	0	0	0	0	0	0	0	0	0	0	0	0	0	0	0	0	0	0	0	0	0	0	0	0	0	0	0	0	0	0	0	0	0	0	0	0	0	0	0	0	0	0	0	0	0	0	0	0	0	0	0	0	0	0	0	0	0	0	0	0	0	0	0	0	0	0	0	0	0	0	0	0	0	0	0	0	0	0	0	0	0	0	0	0	0	0	0	0	0	0	0	0	0	0	0	0	0	0	0	0	0	0	0	0	0	0	0	0	0	0	0	0	0	0	0	0	0	0	0	0	0	0	0	0	0	0	0	0	0	0	0	0	0	0	0	0	0	0	0	0	0	0	0	0	0	0	0	0	0	0	0	0	0	0	0	0	0	0	0	0	0	0	0	0	0	0	0	0	0	0	0	0	0	0	0	0	0	0	0	0	0	0	0	0	0	0	0	0	0	0	0	0	0	0	0	0	0	0	0	0	0	0	0	0	0	0	0	0	0	0	0	0	0	0	0	0	0	0	0	0	0	0	0	0	0	0	0	0	0	0	0	0	0	0	0	0	0	0	0	0	0	0	0	0	0	0	0	0	0	0	0	0	0	0	0	0	0	0	0	0	0	0	0	0	0	0	0	0	0	0	0	0	0	0	0	0	0	0	0	0	0	0	0	0	0	0	0	0	0	0	0	0	0	0	0	0	0
G[Ins(T):R(9,)]C	0	0	0	0	0	0	0	0	0	0	0	0	0	0	0	0	0	0	0	0	0	0	0	0	0	0	0	0	0	0	0	0	0	0	0	0	0	0	0	0	0	0	0	0	0	0	0	0	0	0	0	0	0	0	0	0	0	0	0	0	0	0	0	0	0	0	0	0	0	0	0	0	0	0	0	0	0	0	0	0	0	0	0	0	0	0	0	0	0	0	0	0	0	0	0	0	0	0	0	0	0	0	0	0	0	0	0	0	0	0	0	0	0	0	0	0	0	0	0	0	0	0	0	0	0	0	0	0	0	0	0	0	0	0	0	0	0	0	0	0	0	0	0	0	0	0	0	0	0	0	0	0	0	0	0	0	0	0	0	0	0	0	0	0	0	0	0	0	0	0	0	0	0	0	0	0	0	0	0	0	0	0	0	0	0	0	0	0	0	0	0	0	0	0	0	0	0	0	0	0	0	0	0	0	0	0	0	0	0	0	0	0	0	0	0	0	0	0	0	0	0	0	0	0	0	0	0	0	0	0	0	0	0	0	0	0	0	0	0	0	0	0	0	0	0	0	0	0	0	0	0	0	0	0	0	0	0	0	0	0	0	0	0	0	0	0	0	0	0	0	0	0	0	0	0	0	0	0	0	0	0	0	0	0	0	0	0	0	0	0	0	0	0	0	0	0	0	0	0	0	0	0	0	0	0	0	0	0	0	0	0	0	0	0	0	0	0	0	0	0	0	0	0	0	0
G[Ins(T):R(9,)]G	0	0	0	0	0	0	0	0	0	0	0	0	0	0	0	0	0	0	0	0	0	0	0	0	0	0	0	0	0	0	0	0	0	0	0	0	0	0	0	0	0	0	0	0	0	0	0	0	0	0	0	0	0	0	0	0	0	0	0	0	0	0	0	0	0	0	0	0	0	0	0	0	0	0	0	0	0	0	0	0	0	0	0	0	0	0	0	0	0	0	0	0	0	0	0	0	0	0	0	0	0	0	0	0	0	0	0	0	0	0	0	0	0	0	0	0	0	0	0	0	0	0	0	0	0	0	0	0	0	0	0	0	0	0	0	0	0	0	0	0	0	0	0	0	0	0	0	0	0	0	0	0	0	0	0	0	0	0	0	0	0	0	0	0	0	0	0	0	0	0	0	0	0	0	0	0	0	0	0	0	0	0	0	0	0	0	0	0	0	0	0	0	0	0	0	0	0	0	0	0	0	0	0	0	0	0	0	0	0	0	0	0	0	0	0	0	0	0	0	0	0	0	0	0	0	0	0	0	0	0	0	0	0	0	0	0	0	0	0	0	0	0	0	0	0	0	0	0	0	0	0	0	0	0	0	0	0	0	0	0	0	0	0	0	0	0	0	0	0	0	0	0	0	0	0	0	0	0	0	0	0	0	0	0	0	0	0	0	0	0	0	0	0	0	0	0	0	0	0	0	0	0	0	0	0	0	0	0	0	0	0	0	0	0	0	0	0	0	0	0	0	0	0	0	0
Del2:U1:R1	2	2	0	3	5	1	2	2	8	2	7	1	3	5	2	0	4	3	2	4	1	1	5	4	2	4	1	2	11	1	1	1	4	8	5	6	4	0	2	2	4	3	2	4	3	0	14	2	1	1	12	2	2	1	0	0	2	0	3	3	2	1	3	3	4	3	4	9	1	3	4	3	6	4	1	1	2	0	28	0	0	7	0	4	4	4	3	3	2	1	3	0	5	21	6	0	0	1	1	3	6	9	3	6	7	1	0	23	3	10	1	3	3	7	3	3	0	1	4	2	7	0	9	1	52	10	2	8	0	1	19	1	0	3	7	8	2	5	8	1	3	2	3	0	9	2	1	0	1	1	10	1	3	6	4	1	6	10	0	12	5	6	0	0	1	5	17	1	7	4	1	0	0	1	0	2	1	5	4	29	0	2	16	2	11	8	2	3	0	0	10	1	2	28	10	2	2	2	2	1	1	3	0	2	3	15	3	0	3	1	8	11	0	2	6	6	2	4	8	7	7	3	3	10	4	4	9	1	0	9	1	0	1	7	4	0	2	8	3	0	1	4	7	3	7	2	5	4	0	7	3	2	5	1	6	0	2	0	2	3	0	1	0	1	7	5	2	8	0	0	10	5	7	1	16	2	6	7	10	27	3	1	1	3	0	2	10	4	3	3	7	2	4	1	1	0	0	7	1	4	2	1	3	1	0	3	1	8	6	1	4	0	1	1	2	4	1	2	14	4	10	8	10	4	0
Del3:U1:R1	3	0	0	1	1	1	1	1	1	1	0	0	2	1	0	0	0	0	1	2	0	0	0	0	0	0	1	0	4	0	1	1	1	8	1	0	1	1	0	0	3	3	0	2	0	1	6	0	0	0	4	0	2	2	1	0	0	0	2	0	2	0	1	4	0	2	1	2	1	0	2	0	4	1	4	2	1	0	6	1	0	2	0	0	2	2	1	0	1	1	2	1	2	2	2	2	0	1	2	2	0	1	0	1	2	4	1	4	0	0	0	0	0	3	3	2	1	1	0	0	4	0	1	1	18	0	0	4	0	1	4	1	0	0	0	2	1	2	3	0	1	0	0	0	2	1	2	0	3	1	1	1	4	1	2	3	4	2	0	5	0	2	0	1	2	2	1	1	0	1	0	1	0	0	1	0	2	2	1	2	1	2	6	2	2	7	0	2	2	1	3	1	2	1	4	2	1	1	0	1	0	1	0	0	0	2	1	2	1	0	0	2	1	1	5	1	1	0	1	2	1	0	2	2	3	2	0	0	1	4	0	0	0	2	0	0	0	3	1	0	1	5	0	1	1	0	0	1	0	4	0	0	0	0	0	0	1	1	0	2	0	1	0	1	1	0	0	0	4	0	1	0	3	1	10	0	5	0	4	5	1	1	3	0	1	0	1	0	0	0	2	1	1	0	0	2	0	2	0	0	3	0	0	0	0	0	0	0	0	0	0	2	0	0	0	1	0	1	6	0	4	4	2	1	0
Del4:U1:R1	2	1	0	2	0	0	1	1	2	0	0	0	0	2	2	0	0	1	0	0	0	0	2	0	0	2	0	1	1	0	0	0	0	4	1	2	1	0	2	0	1	0	0	0	0	3	4	0	2	0	2	0	2	1	0	0	0	1	0	1	0	0	1	1	0	1	0	1	0	0	3	2	2	0	2	1	0	0	3	0	0	3	0	0	0	0	1	1	0	0	1	0	0	7	0	0	1	0	0	0	0	0	0	1	0	1	0	1	0	2	1	0	2	1	2	1	0	0	0	1	3	0	0	3	9	1	0	4	1	2	3	1	0	0	2	2	1	0	3	1	0	5	1	0	2	1	0	1	1	0	3	0	2	1	1	1	2	1	0	5	1	3	0	0	2	0	1	0	1	0	4	0	2	0	0	1	2	1	1	5	2	2	3	1	1	0	2	1	0	2	4	0	0	0	3	1	1	0	3	1	0	3	0	1	1	1	0	1	1	3	3	1	0	0	3	1	3	1	1	4	4	2	0	3	0	0	0	0	3	5	1	0	0	2	1	0	1	1	3	1	0	1	0	0	0	1	2	0	0	2	0	0	1	0	0	1	0	0	0	0	1	1	1	0	2	1	2	2	0	0	2	1	1	0	4	0	7	2	4	1	0	0	0	1	0	0	3	2	1	2	2	0	1	1	1	0	0	1	1	0	2	1	0	0	0	1	2	3	1	0	1	1	0	2	2	1	1	0	3	0	4	2	2	1	0
Del5:U1:R1	1	2	0	1	0	1	0	1	0	0	1	0	1	3	2	0	1	0	1	0	0	0	1	1	0	0	1	0	3	1	0	0	1	3	0	2	0	1	1	0	1	0	0	0	3	0	3	1	0	0	0	0	1	1	0	0	1	1	1	3	1	0	1	0	0	2	0	4	0	0	0	0	1	1	0	0	0	0	7	1	1	0	2	0	0	3	2	0	2	0	3	2	1	7	0	0	1	0	0	3	1	1	1	0	1	1	0	0	1	0	0	0	0	1	1	3	2	0	0	0	2	0	1	3	9	0	2	1	3	0	1	1	1	0	0	1	1	0	5	1	1	2	1	2	2	2	4	0	0	0	1	6	1	5	1	1	1	2	1	1	2	1	0	0	5	3	4	1	1	2	2	2	2	2	0	1	0	0	0	7	2	1	4	1	2	1	0	2	2	0	2	1	0	3	1	1	2	1	0	2	1	1	1	2	0	1	2	0	2	1	3	0	0	1	2	2	4	2	0	3	1	3	1	2	5	3	0	0	0	5	3	2	0	0	0	0	0	0	1	1	1	4	0	1	0	2	2	4	2	5	0	2	0	0	3	0	1	1	0	2	0	1	0	0	2	1	2	1	3	1	3	1	7	0	3	0	5	3	1	1	3	0	0	2	1	0	0	0	0	0	2	2	1	0	0	1	0	2	0	3	0	2	1	1	0	0	1	1	0	2	1	3	0	0	3	2	0	0	1	1	3	1	1	0	0
Del6:U1:R1	1	0	0	0	4	0	1	1	3	1	1	2	1	0	0	2	0	0	0	1	1	1	0	2	1	2	2	2	1	1	0	0	1	1	1	2	2	0	1	0	2	1	0	1	0	1	9	1	1	0	1	0	1	0	0	0	0	2	0	3	1	1	0	1	0	2	3	1	2	0	0	2	1	0	2	2	0	0	11	1	0	0	1	1	1	0	1	1	0	0	1	1	1	8	1	0	0	1	1	0	2	0	0	1	3	1	0	1	1	2	0	0	1	1	2	3	2	1	0	2	4	1	1	1	7	1	3	2	2	0	5	0	4	1	1	6	1	1	0	4	1	2	1	0	1	0	1	0	3	1	2	1	2	1	1	0	2	3	0	3	0	0	1	0	0	1	2	0	2	1	0	0	1	0	0	2	0	2	1	3	0	2	2	0	4	1	2	0	1	0	3	1	0	0	4	0	1	1	1	3	0	1	1	1	2	0	2	1	1	0	1	0	0	1	1	2	0	1	1	2	0	2	1	2	0	4	4	2	0	3	2	0	1	0	2	2	2	0	3	0	0	2	2	1	3	1	3	2	1	3	3	1	1	3	4	0	0	1	1	0	0	1	1	1	4	0	1	2	2	1	4	3	2	0	3	0	5	0	4	5	1	2	0	1	0	1	4	0	1	2	0	2	0	0	1	0	0	0	1	0	0	0	4	0	1	1	0	0	2	2	1	0	1	0	1	0	3	0	2	4	2	1	2	1	0
Del7:U1:R1	0	1	1	1	0	0	1	1	1	0	1	0	0	0	0	0	0	1	0	1	0	0	1	0	1	0	0	0	4	0	0	1	0	3	0	3	0	1	2	1	2	0	0	1	2	0	2	0	1	0	5	0	0	0	0	1	0	1	1	0	0	1	0	1	0	4	0	2	1	0	0	3	2	0	2	0	0	0	2	0	1	3	1	1	0	1	0	1	1	1	1	0	1	7	1	0	0	1	0	2	0	1	0	1	0	2	1	0	0	1	1	1	1	0	0	2	2	0	1	3	1	0	0	1	4	3	4	0	3	1	2	0	0	1	2	2	1	2	6	4	2	4	0	0	1	1	0	0	1	1	5	1	3	1	1	0	6	1	2	2	0	1	0	0	1	2	1	1	1	1	0	4	0	2	1	1	0	0	0	1	3	2	1	0	6	1	0	1	1	0	1	0	1	0	4	1	3	3	1	1	0	1	0	2	0	0	2	1	0	1	3	2	0	1	1	0	2	0	0	4	2	1	2	2	2	1	0	0	1	4	0	1	0	2	3	1	0	1	0	0	1	2	1	1	1	1	1	1	0	10	3	0	1	0	1	1	0	0	1	1	0	0	0	1	6	0	0	2	5	0	0	2	2	0	4	0	4	2	3	5	1	0	2	0	1	0	3	0	0	3	4	0	1	0	0	0	0	2	0	0	0	0	0	0	1	0	0	1	1	0	1	0	1	1	1	0	0	0	3	0	5	2	1	2	0
Del8:U1:R1	2	1	0	3	0	0	0	0	0	0	1	1	0	2	1	1	1	1	0	0	0	1	0	0	2	0	0	1	2	0	0	1	0	1	0	0	1	0	0	0	0	1	0	1	1	0	3	1	1	0	2	0	0	1	1	0	0	0	1	2	0	0	0	0	0	1	0	1	1	0	0	0	0	0	1	1	0	0	3	0	0	2	1	0	1	0	2	0	0	0	1	0	2	2	1	1	1	0	0	2	2	3	0	0	0	1	0	0	1	2	0	0	0	1	2	2	0	2	2	1	2	0	0	0	11	1	1	1	4	0	2	1	1	0	0	2	1	2	1	1	0	2	1	0	0	2	0	0	0	1	2	6	2	1	2	1	3	3	1	6	0	1	0	2	1	0	1	0	2	2	0	1	2	0	1	1	1	1	2	3	1	3	3	1	2	2	1	1	1	1	1	0	0	0	3	1	0	0	0	1	0	0	2	2	0	2	2	0	0	1	3	1	4	0	6	3	1	0	1	1	6	1	1	0	0	1	0	3	1	1	0	4	0	1	0	1	0	0	1	0	2	1	0	0	0	2	2	1	0	2	2	0	2	1	1	0	0	0	0	1	0	0	0	0	3	3	1	0	0	0	2	2	1	2	3	0	4	1	1	1	2	0	1	1	1	0	0	2	1	1	3	0	1	0	0	0	0	0	1	1	1	2	0	1	0	0	1	2	0	1	0	3	3	2	1	0	0	0	1	1	4	2	0	1	1
Del9:U1:R1	1	0	0	0	4	0	1	2	1	1	0	2	1	0	1	1	0	2	0	1	0	1	1	0	0	2	0	0	0	0	2	0	2	2	1	1	0	1	0	1	1	0	0	0	1	0	4	1	0	0	1	0	2	1	1	0	0	1	0	0	0	1	0	2	3	2	0	3	1	0	0	1	2	0	3	0	0	0	3	1	0	3	2	1	2	1	1	0	1	0	1	0	0	6	1	0	1	0	0	0	0	0	0	1	5	0	0	0	1	0	0	0	0	0	0	1	1	0	0	1	2	0	0	0	5	1	1	2	0	0	1	0	0	0	0	4	0	1	1	0	0	1	2	1	1	0	0	0	1	3	5	2	3	1	3	0	0	3	0	5	1	0	0	0	1	0	1	0	3	0	0	2	1	1	1	3	1	0	1	4	0	0	6	0	2	3	0	0	0	0	1	2	1	2	3	0	3	0	0	0	1	0	1	0	0	1	0	1	1	0	2	1	1	0	3	2	0	2	1	0	3	2	0	1	0	1	0	3	1	2	3	2	0	2	1	0	0	0	3	0	1	0	2	1	1	2	2	0	2	0	1	0	1	0	0	0	1	0	0	1	0	1	0	0	3	2	1	3	1	0	0	1	0	0	3	0	4	0	2	1	0	1	1	1	0	0	1	2	0	1	1	0	0	0	2	0	0	0	0	0	1	0	0	0	1	0	1	0	2	1	2	1	0	1	2	0	0	1	4	1	5	0	1	1	0
Del(10,):U1:R1	8	4	1	9	11	2	5	3	2	2	22	0	10	5	6	1	11	4	3	11	1	5	8	2	2	6	7	5	8	2	1	2	3	12	4	9	2	1	3	3	12	7	1	4	8	2	60	5	6	4	13	5	2	4	1	2	0	2	3	12	2	2	9	12	2	5	5	10	5	2	1	9	7	2	8	1	2	0	30	1	1	16	7	1	5	2	3	7	7	2	7	4	7	57	7	4	1	1	2	16	6	7	0	4	11	8	1	2	5	2	3	1	5	3	3	11	2	2	4	6	9	2	8	7	68	6	6	10	12	5	22	9	7	7	4	18	8	5	9	11	5	23	10	1	2	8	4	4	5	3	17	9	10	13	6	3	9	12	3	62	8	7	3	1	3	4	6	5	9	6	4	4	3	6	2	6	8	7	5	28	6	11	19	4	26	20	1	7	2	3	20	8	7	2	15	1	16	6	5	7	2	4	4	5	4	3	8	8	8	2	16	5	4	4	39	13	4	3	16	22	26	10	16	10	8	7	8	8	4	26	4	2	0	9	10	2	1	0	6	2	2	8	14	5	2	1	16	5	6	30	7	6	9	1	8	2	1	1	1	3	2	5	4	3	15	11	2	11	7	2	11	7	6	7	54	3	23	9	22	32	8	3	14	2	6	7	18	3	6	13	11	1	8	0	0	0	0	15	1	3	8	7	7	0	2	4	5	11	5	0	4	8	0	2	9	1	3	9	30	4	62	16	9	14	2
Del2:U(2,):R1	9	3	0	6	3	1	4	3	12	2	7	1	4	4	8	4	4	4	2	2	1	1	11	0	3	7	0	3	7	1	4	1	3	8	10	4	4	2	8	2	6	2	3	10	10	2	19	4	13	5	16	8	8	7	1	2	0	4	8	8	4	0	3	15	2	2	2	4	3	3	5	5	10	0	8	3	7	1	27	1	4	5	2	8	11	4	2	5	5	4	9	2	3	18	4	0	3	4	0	8	7	6	0	4	6	2	1	63	5	10	3	3	11	8	7	4	3	3	5	1	9	5	15	3	124	4	4	16	3	4	52	5	3	7	6	12	7	7	5	14	2	11	2	2	16	2	0	2	3	1	7	4	8	5	9	3	7	8	2	18	3	10	7	2	2	6	71	4	6	2	3	4	5	2	1	2	1	6	6	16	3	7	13	6	6	5	4	3	3	4	10	6	6	19	17	8	7	4	1	6	1	1	6	3	1	18	3	4	11	3	15	6	5	4	19	7	2	1	9	8	8	5	18	9	3	3	8	5	4	16	0	5	0	8	8	1	3	46	3	2	7	5	7	1	9	4	8	8	4	14	5	7	5	1	14	5	6	0	8	7	3	3	2	0	9	8	1	10	4	1	4	13	8	1	16	1	24	9	6	35	4	1	4	6	3	0	15	6	4	6	6	4	12	4	4	0	2	3	2	10	13	5	1	1	3	10	9	13	7	2	2	4	0	7	1	3	1	8	6	2	19	9	10	8	2
Del3:U(2,):R1	2	2	1	2	3	1	5	4	2	2	2	4	1	0	3	0	1	3	3	5	2	0	5	1	5	3	0	4	3	0	1	1	2	6	2	1	3	1	4	0	2	0	0	3	1	1	11	6	3	1	5	0	0	5	0	1	0	1	0	2	0	1	1	1	0	0	3	5	2	0	5	1	3	0	2	2	4	1	8	1	0	9	0	1	3	4	2	1	2	2	0	1	1	8	2	2	3	1	0	1	1	4	1	2	6	2	0	3	5	2	4	1	1	5	2	1	0	0	1	3	2	3	1	2	24	1	0	3	2	1	11	7	1	1	2	7	0	0	0	5	3	1	2	0	5	3	2	2	3	2	4	2	2	4	4	4	11	9	0	16	4	1	2	2	0	2	5	0	2	3	4	0	4	4	0	0	1	3	3	6	3	8	9	1	2	2	3	2	2	1	4	3	3	2	4	4	1	1	1	0	2	1	2	0	1	2	0	1	0	2	5	1	0	1	9	2	2	1	7	8	2	3	4	1	4	0	4	4	0	7	1	2	1	1	4	1	0	7	2	1	2	4	4	1	2	2	5	8	1	2	2	1	4	3	2	0	2	2	1	2	1	1	2	1	3	2	0	5	0	4	5	5	5	1	6	0	6	1	3	12	1	3	3	0	0	0	5	4	1	1	5	1	3	0	4	0	1	0	0	2	2	0	0	1	0	1	3	5	3	0	1	1	0	1	1	4	5	0	7	2	18	2	1	2	4
Del4:U(2,):R1	3	2	0	1	2	2	1	1	2	2	1	2	0	1	0	0	2	3	1	1	0	1	3	0	0	2	4	2	2	0	1	2	2	2	3	5	0	1	2	2	3	1	0	1	2	0	16	1	3	0	4	1	1	2	2	2	2	0	0	2	1	0	2	4	2	0	2	9	4	0	2	3	3	0	0	1	3	1	7	2	2	2	0	2	5	2	0	1	2	3	3	0	3	6	0	0	3	1	0	1	2	0	0	1	3	3	4	2	1	0	3	1	4	6	2	2	0	2	2	0	1	0	3	1	23	2	1	7	1	1	3	1	0	2	1	6	4	1	2	3	1	5	2	0	5	0	1	2	3	0	3	1	1	5	2	1	3	7	1	10	3	1	0	1	5	0	4	2	3	3	2	1	0	0	1	0	3	4	4	9	3	5	11	2	4	3	2	2	1	1	4	2	1	1	3	1	7	0	0	4	0	2	2	0	0	2	1	1	3	1	5	5	2	1	6	5	0	1	2	8	7	1	3	2	1	1	1	2	2	11	2	3	1	3	3	2	0	2	3	0	2	2	0	1	4	1	8	4	0	4	1	1	3	2	5	1	3	1	2	0	0	0	1	1	4	5	1	1	4	0	4	2	1	1	6	1	4	2	3	9	2	3	0	5	2	1	3	4	2	1	4	2	0	1	2	0	1	2	0	1	3	1	2	2	1	0	0	5	0	2	2	1	0	0	1	1	2	4	6	2	12	9	4	2	2
Del5:U(2,):R1	3	5	3	4	3	1	1	3	1	0	7	2	2	1	0	3	3	4	1	4	0	0	4	2	1	0	2	0	3	1	1	8	2	2	3	3	0	2	3	1	4	3	0	2	1	1	13	0	5	3	2	0	1	0	2	0	2	2	1	3	1	1	0	1	2	5	3	1	7	1	2	1	2	3	1	2	2	2	11	6	0	4	1	2	0	1	1	2	0	1	0	0	2	18	4	0	3	1	2	10	1	2	0	2	1	3	2	0	0	7	2	2	2	1	0	5	5	0	4	2	5	0	0	1	25	2	1	4	2	3	6	3	4	2	2	4	0	1	4	8	0	0	2	1	4	1	2	1	5	1	1	5	3	3	6	2	9	7	3	14	2	0	0	0	5	4	2	3	4	4	0	6	2	7	3	6	5	4	4	9	2	3	2	6	7	2	1	5	1	1	10	2	6	5	7	2	3	4	1	4	1	1	3	0	1	3	2	2	2	4	11	1	3	5	6	1	3	1	6	3	4	8	8	0	5	6	2	3	2	16	2	6	1	3	2	2	1	2	0	4	4	1	5	2	0	5	2	5	0	2	1	2	1	2	5	2	2	0	0	9	1	4	3	4	7	3	2	6	1	2	4	4	6	9	11	3	5	0	4	5	2	1	2	1	4	2	4	4	1	5	1	1	3	3	3	4	0	1	2	1	2	6	1	1	2	0	0	5	2	5	4	8	1	5	2	3	2	5	5	1	11	0	1	0	1
Del6:U(2,):R1	2	1	2	0	2	1	3	0	3	1	2	0	2	2	2	3	7	1	2	2	1	3	2	0	0	2	1	2	2	2	1	3	1	0	1	3	0	6	1	2	3	0	1	0	1	1	11	1	2	1	3	0	1	1	2	2	0	2	0	2	1	0	2	3	0	4	4	2	4	3	0	2	1	1	5	3	1	0	16	4	1	1	4	1	5	1	1	1	2	1	2	1	3	8	1	1	1	0	0	11	2	0	0	3	1	0	2	1	1	2	1	0	0	7	3	2	1	1	3	4	5	0	0	1	26	0	6	3	2	2	5	3	3	4	1	4	2	1	3	6	0	9	5	0	0	1	3	3	3	0	7	4	4	1	5	1	4	3	2	13	0	2	0	3	0	2	0	2	2	2	2	1	3	6	0	4	1	4	4	5	3	4	4	2	5	5	3	4	2	0	3	3	2	4	6	1	2	3	5	1	0	0	1	3	1	3	4	1	1	1	9	0	3	0	10	3	4	4	2	8	4	4	5	4	4	2	1	5	4	16	5	6	0	4	1	0	1	2	3	1	1	4	1	1	0	4	6	1	2	4	1	2	4	1	6	3	2	1	2	3	2	0	1	2	7	1	1	5	1	5	5	6	5	2	14	3	2	2	2	7	2	2	3	3	0	1	2	2	2	3	3	0	0	1	0	1	0	2	0	2	2	4	1	0	0	0	0	1	2	1	1	4	1	4	3	1	1	2	5	5	9	4	4	0	1
Del7:U(2,):R1	0	3	1	1	2	0	3	1	2	2	2	1	2	1	3	0	3	0	1	2	0	1	3	0	1	2	1	3	4	0	4	2	3	7	2	2	1	0	1	1	5	2	0	0	2	2	11	0	2	2	2	0	0	3	0	0	3	1	1	3	2	0	1	2	2	5	2	5	6	1	1	1	1	2	6	1	1	0	3	2	0	2	1	1	2	1	1	1	0	1	3	0	0	7	1	0	2	0	1	6	0	4	1	2	4	4	0	0	0	4	1	1	1	0	1	3	2	0	5	0	0	0	3	1	15	3	4	3	1	0	4	4	4	1	1	2	3	2	4	2	0	5	3	1	1	1	2	0	3	3	7	1	3	2	1	4	5	2	2	14	1	4	0	2	3	1	3	1	2	6	2	2	0	4	1	0	2	3	2	6	2	1	7	3	6	4	1	0	1	1	7	4	2	4	4	2	2	0	3	4	2	1	1	4	0	0	3	2	2	0	6	3	1	0	8	5	3	2	6	6	3	2	5	1	1	5	0	2	4	4	3	2	0	2	3	1	0	1	2	1	4	2	1	1	1	0	1	4	2	2	3	2	2	2	1	0	4	0	0	6	1	0	1	3	10	4	2	0	4	3	4	4	7	0	13	3	4	2	1	6	1	0	3	1	1	0	3	0	0	5	5	2	0	0	0	0	1	1	0	1	3	0	0	0	0	2	2	2	0	2	1	2	0	3	2	2	1	2	9	1	9	5	6	0	1
Del8:U(2,):R1	3	2	1	1	2	0	2	2	1	1	1	1	5	3	0	3	2	1	1	2	0	1	0	1	0	0	2	1	3	1	3	5	2	1	1	1	0	3	2	0	4	0	0	3	1	1	15	0	1	4	2	1	2	0	1	1	1	0	0	4	1	0	2	1	2	5	3	0	2	1	1	2	1	1	3	0	2	1	6	4	1	3	1	1	1	0	0	2	0	1	3	0	1	13	2	0	2	2	0	8	2	3	0	1	1	0	0	1	1	1	1	0	1	0	0	1	6	1	1	2	2	1	2	2	18	3	2	0	1	1	4	2	3	1	1	6	5	3	0	3	1	1	3	2	3	0	2	0	4	1	4	2	4	3	2	2	9	2	4	13	4	4	1	1	2	0	1	5	1	3	2	1	2	2	0	6	0	1	1	3	1	2	5	3	7	3	0	0	1	0	0	4	3	2	7	0	2	3	1	5	1	0	3	0	0	2	1	1	1	0	6	2	1	0	12	1	1	2	1	2	2	5	5	2	1	1	1	1	0	14	3	3	2	1	1	2	2	0	1	1	1	3	1	2	0	2	5	2	1	6	0	1	1	0	4	1	1	0	0	2	1	2	1	2	7	4	1	5	5	2	1	3	6	0	4	1	5	3	1	8	1	1	3	1	0	1	1	2	1	3	2	1	2	1	0	0	0	1	1	1	2	1	4	1	0	0	0	1	2	2	1	1	2	2	1	3	2	2	7	3	9	1	6	0	1
Del9:U(2,):R1	0	0	0	0	0	0	1	2	2	2	3	1	0	2	0	3	3	1	1	1	0	0	4	1	1	2	0	2	4	0	0	1	1	0	4	2	0	0	0	2	2	2	1	0	2	0	9	1	2	2	4	1	2	1	0	2	0	2	0	2	0	0	3	3	0	9	1	4	2	1	0	4	2	2	1	0	0	0	4	1	3	6	1	1	2	0	1	0	0	0	2	0	3	9	0	1	0	0	0	5	2	4	0	0	4	1	1	1	1	3	0	2	2	1	1	0	1	0	1	2	4	0	1	1	13	3	3	1	3	1	6	1	7	2	1	4	3	3	4	3	0	6	5	1	0	0	3	1	3	3	3	4	0	5	5	2	4	4	2	12	1	2	0	2	4	5	2	3	3	2	1	3	0	1	1	4	0	3	1	8	1	4	5	4	7	5	1	2	0	2	6	3	3	1	5	0	2	4	0	2	3	0	2	0	0	0	3	1	0	2	9	2	0	1	9	1	0	2	2	2	2	1	5	1	3	4	1	2	3	10	3	1	0	5	1	0	0	1	2	0	0	4	2	0	2	2	1	1	0	3	1	2	2	2	4	0	2	2	0	4	3	4	3	4	5	2	0	4	1	0	7	1	3	1	9	1	4	3	2	3	1	1	3	0	0	0	4	2	1	2	0	2	0	0	2	1	0	2	0	0	6	0	0	1	2	0	0	5	3	1	0	5	1	2	2	2	2	1	2	2	8	3	5	2	1
Del(10,):U(2,):R1	17	5	5	7	19	2	10	3	12	6	30	5	13	11	8	8	19	14	6	11	1	4	14	10	6	10	18	14	22	5	5	12	10	35	17	19	5	4	4	9	20	5	4	12	9	1	126	6	14	4	30	10	1	6	7	8	8	7	14	32	2	5	19	20	7	13	9	21	17	5	1	23	17	5	20	18	5	3	79	5	9	38	12	6	20	10	10	7	9	5	10	4	13	105	10	5	14	8	2	31	18	9	0	8	25	14	4	4	6	19	9	3	9	15	10	20	7	6	12	9	15	3	15	20	125	11	13	14	13	4	33	21	16	18	16	29	11	19	28	22	14	47	16	7	7	8	11	6	22	10	30	20	24	26	19	13	26	30	3	92	10	18	5	4	11	12	12	2	25	13	22	12	4	12	4	21	11	15	14	51	8	29	44	6	41	32	4	15	16	13	37	11	15	10	33	6	20	17	9	17	5	10	13	6	5	10	14	14	26	4	31	10	9	11	57	30	14	6	25	43	50	23	30	19	16	17	14	20	21	66	13	13	0	18	24	4	4	8	17	5	6	14	21	11	7	2	11	20	14	38	8	15	18	3	14	6	3	5	10	18	4	11	13	6	21	20	11	23	10	9	26	19	45	10	82	3	49	13	30	69	10	9	14	6	6	5	49	12	9	10	20	7	7	5	2	1	1	24	2	8	12	19	13	5	8	3	8	22	12	7	7	17	3	9	9	21	11	21	53	10	155	24	22	22	10
Del2:U1:R3	5	1	0	3	1	5	2	3	2	1	2	1	5	2	8	2	1	5	2	1	0	4	3	2	5	1	2	2	4	2	1	0	1	7	5	5	1	1	2	2	2	2	0	2	6	1	12	0	2	2	23	3	5	5	0	3	1	4	3	1	1	0	1	1	3	5	2	4	5	5	3	1	3	1	5	7	17	0	13	0	3	3	2	1	3	2	1	2	4	3	3	4	3	11	12	1	1	2	1	2	5	3	1	4	2	2	1	28	1	10	6	1	1	9	3	0	0	1	3	4	7	0	3	2	69	6	0	15	0	8	21	2	1	1	6	6	4	3	5	2	4	3	4	1	18	0	0	1	3	0	5	1	7	4	5	1	8	9	0	7	2	3	2	0	2	1	23	4	3	2	0	1	3	2	2	0	3	3	3	7	2	4	10	3	7	6	2	2	2	1	6	4	4	4	24	6	5	0	1	0	0	2	0	1	3	5	2	4	2	1	3	6	0	4	4	3	1	1	5	6	3	4	5	2	3	1	4	5	3	8	4	2	2	4	4	1	1	43	2	1	3	5	3	2	3	3	4	6	1	4	1	4	2	1	7	2	1	3	3	5	0	0	3	0	2	2	2	4	4	2	1	6	4	2	17	0	7	3	4	53	3	1	2	0	1	1	5	5	2	2	5	2	9	0	4	2	0	3	1	7	13	5	0	3	2	1	10	4	1	0	0	3	0	3	1	2	0	5	5	2	9	4	4	21	1
Del2:U1:R4	3	1	0	0	0	0	2	0	2	0	0	0	0	1	4	0	1	4	1	1	0	1	1	0	1	1	2	2	3	0	1	0	0	6	2	1	1	0	3	1	4	1	0	2	2	2	5	0	1	1	6	3	0	1	0	1	1	2	0	1	0	0	1	4	1	0	1	3	2	0	0	2	0	0	1	1	9	0	4	0	2	2	2	1	1	3	1	2	0	0	1	0	1	8	5	2	0	0	0	1	3	1	0	1	0	1	0	11	0	0	0	4	3	3	2	2	0	1	3	2	1	1	1	2	45	1	1	4	0	5	12	2	0	4	2	2	0	3	1	2	0	3	1	1	8	2	2	1	2	2	3	1	1	1	1	0	5	2	0	6	1	2	0	1	2	0	14	1	3	0	1	1	1	0	0	2	1	3	1	4	1	2	14	1	4	4	3	1	0	1	3	1	1	3	6	6	1	0	0	0	0	2	2	0	0	2	1	0	2	0	1	3	0	1	3	3	2	0	1	2	4	3	2	1	2	1	3	0	2	4	0	0	1	3	0	1	0	26	1	1	1	2	4	3	2	2	2	5	1	6	1	0	1	1	0	1	0	0	1	2	1	1	0	1	3	3	0	0	1	1	3	2	2	0	7	0	3	6	3	43	0	0	0	2	1	1	2	4	0	1	1	1	6	0	0	0	0	1	0	3	8	2	0	0	1	2	3	1	0	1	1	1	0	0	0	2	1	3	4	0	9	2	6	8	1
Del2:U1:R(5,9)	2	0	0	0	2	4	1	1	5	1	1	0	1	2	5	2	1	0	0	3	1	0	1	0	1	4	1	3	1	2	3	1	2	6	3	0	1	1	1	1	7	2	0	5	2	0	6	0	0	1	4	3	1	0	2	1	1	1	1	2	1	0	2	6	1	2	2	6	2	2	0	1	1	0	4	2	3	0	18	0	1	3	2	0	5	2	3	5	2	1	2	0	0	12	7	0	0	0	2	1	2	1	0	5	3	2	0	11	0	4	1	1	4	4	2	6	2	2	0	1	4	2	2	2	100	4	1	11	0	2	9	7	0	3	2	3	2	5	3	5	2	3	5	0	7	2	1	0	1	0	2	5	4	1	2	2	6	6	0	9	3	4	6	1	0	1	27	0	1	0	1	2	0	0	2	1	0	2	1	18	0	2	10	1	3	4	2	0	1	2	4	4	3	2	4	2	4	0	0	1	0	1	1	2	1	2	1	2	2	2	3	5	3	0	5	1	1	5	4	6	5	1	5	6	1	2	2	2	1	10	1	2	1	2	2	0	1	47	1	0	2	3	3	1	4	3	2	5	0	8	1	2	5	2	3	3	2	3	0	3	1	0	2	0	1	1	0	3	1	1	3	6	4	3	9	0	9	5	5	17	2	0	2	3	0	0	7	1	1	1	3	0	8	0	0	0	0	3	1	0	13	1	2	0	1	2	3	3	3	1	0	3	0	2	2	0	2	2	6	2	12	5	6	7	1
Del2:U2:R2	6	7	2	2	8	5	1	6	4	7	7	0	7	5	24	3	2	10	5	5	0	2	5	3	10	7	2	10	6	1	5	5	2	22	8	8	13	3	6	2	8	3	0	8	6	5	19	2	6	2	43	6	9	4	5	12	1	3	8	6	5	2	3	10	2	4	4	8	8	0	10	4	5	5	5	5	33	0	16	1	7	6	2	4	8	9	2	9	2	9	4	1	6	17	34	3	2	1	1	11	5	9	0	5	9	5	2	193	4	25	2	4	2	19	14	2	2	2	11	7	4	2	11	5	211	19	6	63	1	23	150	5	3	2	25	11	1	7	5	4	1	4	5	3	59	7	2	8	11	2	6	10	5	8	6	1	12	6	1	18	5	8	6	3	4	4	478	9	7	2	4	3	5	8	4	2	5	7	12	14	2	5	38	7	8	17	4	2	2	2	19	7	8	9	46	18	4	4	2	5	0	5	7	1	1	22	3	4	3	8	7	20	4	4	19	8	2	4	10	3	7	21	13	3	11	3	21	5	19	17	6	6	3	4	6	0	1	79	8	2	5	4	3	8	3	13	6	9	0	15	6	5	3	5	17	5	2	3	5	13	1	3	1	3	9	3	3	4	6	4	7	5	7	4	38	1	13	12	6	229	4	0	2	6	2	5	14	12	6	8	5	2	30	1	1	4	0	5	3	33	49	9	4	8	4	4	44	5	2	0	9	3	5	6	4	9	3	6	8	5	18	7	9	38	4
Del2:U2:R3	0	3	2	0	2	1	4	5	1	4	2	0	2	2	9	0	2	6	2	1	1	0	1	3	1	1	1	0	1	3	0	0	2	6	2	2	5	0	1	1	1	0	1	3	3	3	9	0	2	2	16	1	2	1	1	1	1	2	0	0	2	1	1	9	3	4	4	2	2	1	4	5	1	0	0	2	6	2	8	1	2	4	2	0	1	1	3	6	1	1	2	0	3	8	6	0	2	3	0	2	0	1	1	2	5	2	0	50	1	9	0	1	0	4	6	2	2	0	3	2	1	1	2	0	78	8	2	18	1	9	40	1	0	1	8	3	1	1	4	1	1	2	7	0	7	3	1	5	2	1	4	2	1	2	2	1	3	6	0	10	2	6	0	2	0	3	110	6	2	1	1	0	0	0	2	1	1	7	1	8	1	3	10	3	1	3	1	1	0	0	4	2	1	7	20	4	1	3	0	1	0	0	2	1	1	21	2	0	1	0	1	9	0	0	7	1	0	1	1	1	3	10	2	0	2	1	23	1	3	5	2	2	0	0	1	0	3	39	1	2	3	5	2	1	0	0	2	3	1	6	0	2	1	2	5	2	1	0	1	2	1	1	1	2	0	1	1	1	2	1	2	4	2	2	13	0	4	1	3	54	0	0	1	2	0	1	4	7	1	1	1	1	5	0	0	0	1	3	1	16	20	0	2	0	2	3	10	1	1	1	2	1	2	0	2	4	0	2	5	2	9	1	4	8	2
Del2:U2:R4	0	1	0	0	1	0	0	2	3	0	0	1	1	3	6	0	0	1	2	2	2	0	1	0	4	1	0	1	1	1	0	1	2	5	4	4	1	1	0	1	0	1	2	0	1	2	2	1	3	1	1	0	3	2	3	2	1	2	3	0	0	0	0	18	0	2	1	5	0	2	3	1	1	0	0	2	3	1	3	1	1	3	1	0	3	0	0	2	1	2	1	1	1	4	3	1	1	0	2	2	1	1	0	2	1	1	0	15	0	4	0	1	1	2	2	1	3	1	1	2	0	0	2	1	138	0	0	5	0	1	16	1	0	3	2	1	1	1	2	1	1	0	0	2	7	1	2	1	0	0	3	2	0	3	2	0	2	0	0	2	3	1	1	3	1	1	48	1	2	1	1	2	0	2	2	1	0	1	3	0	0	4	4	1	0	3	0	3	1	0	1	0	0	4	4	1	1	0	2	1	0	1	0	0	1	11	1	2	2	1	2	1	0	0	2	0	1	1	0	0	3	4	5	0	2	1	10	0	3	4	0	0	1	3	2	1	1	32	2	1	0	1	2	1	3	2	0	1	1	2	1	2	0	3	2	2	0	1	0	0	0	2	2	1	1	0	1	4	2	0	1	5	2	0	3	2	5	1	0	19	1	1	0	0	0	0	1	3	2	2	1	0	2	1	1	1	0	2	1	4	7	1	0	0	2	1	4	3	1	0	2	2	2	0	1	2	0	0	3	1	3	2	1	3	0
Del2:U2:R(5,9)	3	2	2	2	2	0	5	0	5	1	0	2	3	2	4	5	1	5	1	3	1	1	3	0	4	0	0	2	1	1	2	3	1	1	4	2	2	0	0	2	1	3	3	1	3	1	6	2	2	0	11	6	4	6	2	2	4	0	6	2	4	1	2	104	2	2	3	4	2	3	11	4	3	1	5	11	8	0	4	3	2	7	2	3	2	5	4	7	6	5	2	9	3	5	7	1	0	1	1	2	2	4	1	4	0	0	2	15	2	3	3	0	6	15	5	0	7	0	5	1	0	5	3	1	1328	1	3	7	0	6	16	3	0	3	12	9	3	1	12	8	1	1	2	1	12	5	2	4	3	0	1	4	5	11	8	4	8	3	2	8	2	3	1	3	0	1	17	6	2	2	2	4	1	1	1	1	3	4	5	7	1	3	6	10	2	1	8	1	4	4	6	4	2	4	10	9	6	0	2	2	3	3	8	1	0	18	4	2	3	1	3	3	1	3	3	4	0	3	2	0	3	7	2	2	2	6	19	1	2	4	2	1	2	3	1	2	3	227	3	1	1	9	9	0	5	4	0	1	2	4	3	0	4	3	4	10	9	4	1	0	2	0	2	3	2	3	2	3	8	4	4	9	3	3	7	0	3	1	3	13	3	1	3	2	2	1	1	9	1	0	0	0	2	1	1	4	0	2	0	2	18	3	0	1	1	4	6	4	1	2	5	5	1	2	1	2	4	3	0	3	6	3	1	7	8
Del3:U1:R4	0	0	0	0	0	0	1	0	0	0	0	0	0	0	0	1	0	0	0	0	1	0	0	0	0	0	0	0	1	0	0	0	0	0	0	0	0	0	1	0	0	0	0	2	1	0	1	0	0	0	0	0	2	0	0	0	0	1	1	0	0	0	0	0	0	2	0	0	0	1	0	0	0	0	0	1	0	0	4	0	0	0	1	0	0	0	0	0	1	0	0	0	0	3	0	0	0	0	0	0	0	1	0	0	1	0	0	2	0	0	0	0	1	1	0	0	0	0	0	0	0	0	1	0	2	0	0	0	0	0	1	1	0	0	0	3	0	1	1	0	0	1	0	0	1	0	0	0	1	1	0	1	1	0	0	0	0	0	0	0	1	1	0	0	0	0	2	2	0	1	1	0	0	0	0	1	1	1	0	1	1	2	1	1	0	2	1	0	0	0	0	0	0	0	0	0	0	0	0	0	0	0	0	0	0	0	0	1	0	0	0	0	0	0	0	1	0	0	0	0	0	0	0	0	0	0	0	1	2	2	0	0	0	1	0	1	0	0	0	0	0	1	3	0	0	0	1	0	0	2	0	1	0	1	0	0	0	0	0	0	0	0	0	1	0	1	1	1	0	0	1	0	0	0	1	0	0	0	0	1	0	1	0	0	0	0	1	0	0	0	0	0	1	0	0	0	0	1	0	1	0	0	1	0	0	0	0	0	1	0	0	1	0	0	0	0	0	1	1	0	1	0	0	2	0
Del3:U1:R(5,9)	1	0	0	0	0	0	0	0	2	1	1	0	0	1	0	1	1	0	0	0	0	0	0	1	2	0	0	0	0	0	0	1	0	2	0	0	0	0	0	0	1	2	0	1	1	0	2	0	0	1	2	1	0	0	1	0	1	0	0	0	0	0	2	2	2	0	1	0	1	0	3	1	2	0	0	0	0	0	2	0	0	2	0	0	2	0	2	0	1	0	0	0	3	3	0	0	0	0	0	1	1	1	0	0	3	2	0	1	0	1	0	1	0	1	0	0	0	0	0	1	0	0	1	0	9	1	0	0	0	2	3	0	0	0	0	1	1	1	1	0	0	0	0	0	0	1	1	0	1	0	1	0	0	0	0	0	0	0	0	0	1	1	0	0	0	0	4	0	0	0	1	0	0	0	0	1	0	1	0	3	0	1	2	0	2	0	1	0	0	0	2	2	2	1	1	1	1	0	1	0	0	1	1	0	0	2	0	0	2	0	0	2	0	0	1	0	1	0	1	2	0	0	0	0	0	0	1	0	1	0	1	1	0	0	0	1	0	1	0	0	0	0	2	0	1	0	1	0	0	1	0	1	2	0	2	1	0	0	1	0	0	0	0	1	0	0	1	1	1	0	1	2	1	0	1	0	1	5	0	7	1	0	0	0	0	0	1	0	0	1	1	1	0	0	0	0	0	1	0	0	2	0	1	0	0	1	0	0	1	0	0	1	0	1	0	1	0	0	1	0	1	2	1	1	0
Del3:U3:R2	3	3	0	0	3	2	5	9	5	5	8	5	6	2	24	2	5	2	2	5	1	0	5	2	9	3	1	7	3	3	1	3	3	18	6	3	8	2	4	3	1	1	1	2	3	2	10	3	3	2	38	8	8	5	1	6	4	1	5	1	0	0	2	7	2	4	4	6	3	4	5	3	4	3	3	4	38	1	13	3	4	10	3	0	2	12	4	10	2	4	2	1	6	14	32	1	1	1	5	9	4	3	1	6	5	4	0	9	4	6	9	3	0	12	11	3	1	2	8	3	4	1	10	1	183	15	3	43	1	21	16	6	0	10	19	4	2	0	3	3	2	3	2	3	53	7	4	0	7	2	4	2	3	3	10	4	15	3	2	10	5	10	6	2	4	2	31	7	1	5	4	2	2	1	0	7	4	13	4	10	2	7	38	8	7	5	2	1	2	2	11	18	18	12	42	14	3	3	1	4	2	2	2	1	4	7	4	5	8	0	0	19	2	0	6	6	3	2	9	6	3	14	7	2	2	2	12	3	12	13	3	11	0	6	0	3	3	94	4	4	5	7	6	4	4	12	7	4	1	6	1	5	3	4	7	2	1	0	1	10	2	2	2	1	3	1	6	6	0	0	8	7	5	0	41	1	5	2	1	180	2	5	2	1	1	3	12	6	4	3	3	2	25	1	0	1	1	4	2	4	39	3	5	1	1	7	31	0	1	5	6	7	0	7	1	8	0	5	7	2	7	2	7	43	2
Del3:U3:R3	1	0	1	1	1	0	2	1	2	1	1	0	0	0	6	0	1	4	0	0	1	0	1	0	6	2	1	0	0	0	3	2	2	4	2	1	2	0	1	1	0	0	1	2	0	0	0	0	1	0	15	1	0	1	1	2	0	2	2	0	1	1	0	1	0	1	0	0	1	2	2	0	0	0	0	1	10	1	2	0	1	1	0	1	0	3	1	4	1	0	2	1	4	0	8	3	0	0	0	5	0	1	0	1	1	1	0	4	0	1	2	2	0	5	3	0	1	0	1	1	1	2	4	2	55	5	1	14	2	5	4	1	0	0	8	1	1	0	0	0	1	0	2	1	15	0	0	1	0	0	3	2	0	2	1	2	2	3	1	2	0	1	2	0	0	0	8	1	1	2	0	2	0	0	3	1	0	6	2	1	0	1	12	0	1	2	0	0	1	1	6	5	3	4	18	6	1	3	1	0	0	0	0	0	0	0	1	0	1	0	0	6	0	1	2	2	1	1	1	2	0	3	1	0	1	1	3	1	8	2	0	2	1	0	1	0	0	49	1	0	3	0	0	0	2	1	1	0	0	0	0	0	3	1	4	2	0	1	0	1	0	3	1	1	1	0	1	1	0	0	0	5	1	1	17	1	1	0	1	56	0	0	0	1	0	0	3	5	0	1	2	0	10	0	0	0	0	0	0	0	15	1	0	1	1	1	11	0	0	0	0	0	0	2	0	1	0	2	1	1	1	0	3	24	1
Del3:U3:R4	0	0	0	1	1	0	0	0	0	0	0	0	0	1	5	0	0	1	0	0	0	0	0	2	2	0	0	0	0	0	0	0	0	0	2	0	0	0	0	0	0	0	0	0	0	0	0	0	0	0	5	0	0	0	0	0	0	0	0	0	1	0	0	0	0	0	0	0	0	0	1	1	0	0	1	0	3	0	1	0	0	1	0	0	0	0	1	3	0	2	0	1	0	0	2	1	0	0	2	1	0	0	1	0	0	0	0	0	0	0	0	0	0	3	2	0	1	0	3	0	0	2	0	0	20	1	0	4	0	1	0	0	0	1	1	0	0	0	0	1	1	1	0	0	6	0	0	1	1	1	0	0	1	1	0	0	1	0	0	0	1	0	0	0	0	0	2	0	0	0	0	0	0	0	0	0	0	0	1	0	1	0	3	0	0	1	0	0	0	0	2	2	1	1	5	1	0	1	0	0	0	0	0	0	0	0	0	0	0	0	0	1	0	1	0	0	1	1	0	0	0	0	1	0	1	1	1	0	2	1	0	1	1	1	0	0	0	14	0	1	0	0	1	0	0	0	0	0	0	0	0	0	0	0	1	1	1	0	0	1	0	0	0	0	1	0	0	0	0	0	0	1	1	0	2	0	1	2	0	25	1	0	0	0	0	0	0	0	1	1	0	0	5	0	0	0	0	0	0	0	2	0	2	0	0	0	3	0	0	0	0	0	0	0	1	0	0	0	0	0	1	1	0	6	1
Del3:U3:R(5,9)	0	0	0	0	0	1	0	0	0	0	0	0	0	1	1	0	0	2	0	0	0	0	0	0	0	1	0	1	3	0	2	1	0	0	1	0	0	0	0	0	0	0	0	0	2	1	1	0	0	0	4	0	0	0	0	1	1	0	0	0	0	1	0	5	0	0	1	0	0	0	0	0	0	1	1	2	1	0	1	1	1	0	0	0	0	0	0	2	1	0	0	1	1	2	3	0	0	0	0	0	2	1	3	1	1	1	0	2	0	0	0	0	0	3	0	0	1	0	0	0	0	0	3	0	53	0	0	2	0	2	1	0	0	1	4	3	0	0	0	2	0	0	0	0	4	0	0	0	1	0	0	3	1	0	2	0	0	0	0	1	1	0	0	0	0	2	2	0	1	0	0	1	0	0	0	0	1	0	0	0	0	0	3	0	0	4	0	1	1	0	1	0	0	3	1	0	0	0	0	0	0	0	1	0	0	0	0	0	0	0	0	0	0	2	2	0	0	1	0	1	0	1	1	1	0	0	0	0	4	0	2	0	0	0	1	1	1	19	1	0	1	1	0	0	0	0	2	0	0	2	1	0	0	0	0	1	0	0	1	2	0	1	0	0	0	0	0	0	0	0	0	1	1	0	2	1	0	0	0	8	0	0	0	0	0	1	1	4	1	0	3	0	8	1	2	0	0	1	0	0	5	1	0	0	0	1	0	0	0	0	2	0	0	0	0	3	0	1	0	1	4	0	0	4	0
Del4:U1:R(5,9)	0	0	0	0	0	0	0	0	0	0	0	0	1	0	1	0	1	0	0	0	0	0	0	0	0	0	0	0	0	0	0	0	0	1	0	0	0	0	0	1	1	1	0	1	0	0	0	0	0	0	0	0	0	1	0	0	0	0	0	0	1	0	0	1	0	0	0	0	0	0	0	1	2	0	0	1	1	0	0	0	0	1	0	1	0	0	0	0	1	0	0	0	0	0	0	0	0	0	0	0	0	0	0	1	0	1	0	1	0	0	0	0	0	3	0	0	0	0	1	0	0	0	0	0	7	0	1	1	0	0	2	0	0	0	0	2	0	3	0	1	0	0	0	0	0	0	0	0	1	0	1	0	0	0	0	0	1	1	0	3	0	0	0	0	0	0	1	0	1	0	0	0	1	0	0	2	0	1	0	1	1	0	0	0	0	0	0	0	0	0	0	1	1	1	0	2	0	0	0	0	0	0	0	0	2	0	3	0	0	0	0	0	0	0	2	0	0	0	0	2	1	2	0	1	0	0	0	0	0	0	0	0	0	1	0	0	0	4	1	0	0	1	0	0	0	0	0	0	0	2	2	1	1	0	1	0	0	0	0	0	0	1	0	0	0	2	0	0	0	0	2	0	0	0	4	0	1	1	0	2	0	0	0	0	1	1	1	0	0	0	0	0	2	0	0	0	0	1	0	0	1	0	0	0	1	0	0	0	0	0	1	0	0	0	1	1	0	0	0	0	1	0	0	1	0
Del4:U2:R3	0	0	0	0	1	0	0	0	1	0	0	0	0	0	0	0	0	0	0	0	0	0	1	0	0	1	0	0	0	0	0	0	0	1	0	0	0	0	0	0	0	0	0	0	0	0	1	1	1	0	0	0	0	0	0	0	0	0	0	0	1	0	0	0	0	0	0	0	0	0	0	0	0	0	0	0	0	0	0	0	0	0	0	0	0	1	0	1	0	0	0	0	0	1	1	0	0	0	0	0	0	1	0	0	0	1	0	1	0	0	0	0	0	1	0	0	0	0	0	0	0	0	0	0	1	2	0	2	0	0	0	0	0	0	0	2	0	0	0	0	0	0	0	0	1	1	0	0	0	0	0	0	0	0	0	0	0	0	0	0	1	0	0	0	0	0	2	0	0	0	0	0	0	0	0	0	0	0	0	0	0	1	1	0	0	0	0	0	0	0	0	0	0	0	0	0	0	0	0	0	0	0	0	1	1	0	0	0	1	0	0	3	0	0	0	1	0	0	1	0	0	0	1	0	0	0	1	0	0	0	0	0	0	0	0	0	0	2	0	0	0	0	0	0	1	1	0	0	0	0	0	0	0	0	0	1	0	0	0	0	0	0	0	0	0	0	0	0	0	0	0	0	1	0	0	0	0	0	1	3	0	0	0	0	0	0	0	0	0	0	1	0	1	0	0	0	0	0	0	0	0	0	1	0	0	1	0	0	0	0	1	0	0	1	0	0	0	0	0	0	1	0	0	1	0
Del4:U2:R4	1	0	0	0	0	0	1	0	0	0	0	0	0	0	0	0	0	0	0	0	0	0	0	0	0	0	0	0	0	0	0	1	0	0	3	0	1	0	0	1	0	0	0	0	0	0	0	0	0	0	1	0	0	0	0	0	0	0	0	0	0	0	0	0	0	0	2	0	1	0	1	0	0	0	0	0	3	0	1	0	0	1	1	0	0	1	1	1	0	0	0	2	0	1	2	1	0	0	0	0	0	1	0	1	0	0	0	0	0	0	0	0	1	1	1	0	0	0	0	0	0	0	2	0	7	3	1	4	0	2	2	1	0	0	2	0	0	0	0	0	0	0	1	0	1	0	0	1	0	1	2	0	0	1	0	0	0	1	0	0	0	0	1	0	0	0	4	2	0	2	0	0	0	0	1	0	0	0	1	0	0	0	3	0	0	0	0	0	0	0	0	0	0	0	2	0	0	0	1	1	0	0	0	0	0	0	0	0	0	0	0	3	0	0	0	0	0	0	1	0	0	2	0	0	1	0	0	0	0	0	0	0	0	0	0	0	1	8	0	1	1	0	0	0	0	1	0	0	0	1	1	1	0	0	0	1	0	0	0	0	0	0	0	0	0	0	0	1	1	0	0	1	0	0	0	0	1	2	0	4	0	0	1	0	0	0	0	0	1	0	0	0	2	0	0	0	0	0	0	0	2	0	0	0	0	2	0	0	0	0	0	0	1	0	0	0	0	0	0	0	0	0	0	5	1
Del4:U2:R(5,9)	1	0	2	1	0	2	1	1	0	0	0	1	0	0	4	0	1	2	0	0	0	0	1	0	0	0	0	0	0	0	0	0	2	5	0	0	2	2	1	0	1	0	1	0	0	0	1	0	0	1	4	0	1	1	0	0	0	0	0	0	0	0	0	0	0	0	5	0	0	0	1	0	0	0	0	0	1	0	0	1	0	1	1	0	1	1	0	1	0	0	0	1	1	3	2	1	0	0	0	0	0	3	1	1	0	0	0	2	0	0	1	0	1	4	1	1	1	0	2	0	1	0	0	0	46	3	0	9	0	1	1	1	0	0	1	2	0	0	1	0	0	1	0	1	6	1	0	0	0	0	1	2	1	2	0	0	1	0	1	1	1	0	0	1	0	1	3	1	1	0	1	1	1	3	0	0	1	2	1	2	1	0	4	1	0	2	3	0	0	1	4	0	1	1	4	1	0	1	0	0	1	0	0	1	0	1	0	0	0	0	1	2	1	1	2	1	0	1	0	1	1	2	0	0	0	0	0	1	0	0	1	1	0	0	0	1	0	17	3	0	0	0	0	2	0	1	0	1	1	0	0	0	0	0	2	1	0	0	1	1	0	0	0	0	1	3	1	1	0	1	0	3	0	0	2	0	0	0	0	15	0	0	1	0	0	0	1	2	1	1	1	0	3	1	0	0	0	0	1	0	4	0	1	1	1	2	2	1	1	0	0	0	1	0	0	3	2	0	0	1	3	0	0	5	0
Del4:U4:R2	0	0	0	0	1	2	2	3	4	1	0	1	3	1	14	0	1	5	1	4	0	0	1	3	5	3	1	0	3	2	2	3	4	7	1	3	7	0	4	3	3	3	3	2	2	0	6	3	1	1	8	2	4	3	1	3	4	2	3	0	0	1	2	5	4	0	1	2	5	0	13	1	3	0	2	0	16	0	5	1	3	3	3	2	0	4	0	2	0	2	0	0	3	3	6	1	0	1	0	7	2	1	0	4	2	1	0	15	2	1	6	1	0	8	7	4	0	0	1	0	0	2	5	1	72	14	1	18	1	15	9	2	0	2	4	7	0	1	2	6	0	3	1	1	33	2	0	0	2	2	2	1	2	2	6	0	8	4	4	2	4	4	2	1	0	2	9	4	0	0	2	1	1	2	1	1	0	4	2	6	1	3	14	2	1	7	0	0	0	0	8	10	10	4	11	9	5	0	1	1	0	2	4	4	0	2	4	1	3	1	1	16	1	0	1	5	0	1	4	4	2	10	2	0	4	2	4	3	10	10	2	8	5	4	3	2	2	33	1	1	2	1	6	1	4	9	4	2	3	2	3	1	0	0	6	1	3	2	2	2	1	1	0	0	1	1	4	4	0	1	3	3	0	2	10	3	6	2	0	91	2	1	0	0	1	0	8	8	5	1	2	0	6	2	0	2	1	3	4	3	16	3	1	3	0	2	20	1	3	0	0	3	2	1	1	3	3	1	7	3	6	4	8	23	3
Del4:U4:R3	0	0	0	0	1	0	3	0	1	1	0	0	0	1	1	0	0	6	2	1	0	0	0	2	4	0	0	2	3	1	1	0	1	1	1	0	2	0	1	2	1	0	0	1	0	0	0	2	1	2	7	0	0	0	1	0	0	0	0	0	2	0	0	0	0	0	1	2	1	1	3	0	0	0	0	1	3	0	2	1	1	1	0	2	1	2	2	1	0	2	0	0	5	2	4	0	2	0	0	2	0	0	1	1	3	1	0	0	1	0	3	0	0	2	2	0	0	0	1	0	0	1	5	1	24	4	0	6	0	4	1	1	0	0	4	1	1	0	1	0	1	1	0	0	4	0	1	0	0	0	0	0	0	1	0	1	1	0	1	2	1	2	0	1	0	1	4	0	0	0	1	0	0	2	2	0	4	0	0	0	0	0	5	0	0	3	0	1	1	0	0	0	0	1	7	3	1	2	0	0	1	1	1	1	0	2	1	0	0	0	0	5	0	0	2	0	1	1	1	0	0	2	1	0	1	1	1	0	2	2	0	0	1	1	0	0	1	15	0	0	1	0	2	0	1	0	1	0	1	0	0	1	1	1	3	0	0	0	0	1	0	1	1	0	0	0	0	0	2	0	1	3	1	0	6	0	1	4	2	26	0	0	1	0	0	1	2	6	1	0	2	0	1	0	0	0	0	0	1	0	4	0	1	0	0	2	4	0	0	0	0	1	0	0	1	0	0	0	2	0	1	0	1	1	1
Del4:U4:R4	0	0	0	0	0	0	0	0	0	1	0	1	3	1	0	0	0	1	1	0	1	0	0	0	0	0	0	1	1	0	0	0	1	0	1	0	0	1	0	0	0	0	0	1	0	0	1	1	0	0	1	0	0	0	0	0	1	1	0	0	1	0	0	3	0	0	1	1	0	0	3	1	0	0	0	0	0	0	4	0	0	0	0	0	0	0	0	1	1	0	0	0	2	2	0	0	0	0	0	0	1	0	1	0	0	0	0	0	0	1	0	1	0	3	0	1	0	0	0	0	0	0	1	0	14	1	0	0	0	1	2	0	0	2	0	1	0	0	2	0	0	0	0	2	1	0	1	0	0	3	0	1	1	0	1	0	0	0	0	1	1	0	0	0	0	0	2	1	0	0	1	0	0	1	0	0	0	0	0	0	1	1	3	0	0	0	0	1	0	0	1	1	1	0	1	0	1	0	0	1	0	0	0	0	0	1	1	0	1	0	0	1	0	0	1	0	0	0	0	1	0	0	1	0	2	0	0	0	1	0	0	1	1	0	0	0	0	3	0	0	1	1	3	0	1	0	0	0	0	0	0	0	0	0	3	3	1	0	0	1	0	1	1	0	0	1	2	0	0	0	0	0	0	0	2	0	1	2	0	17	0	2	0	1	0	0	2	1	1	0	2	0	2	0	1	1	0	1	0	1	3	0	0	0	0	0	0	0	0	0	1	0	0	0	0	1	1	0	1	0	1	1	0	5	0
Del4:U4:R(5,9)	0	0	0	0	0	0	1	0	1	0	0	0	0	1	5	1	0	4	1	0	0	0	0	0	1	0	0	0	0	0	0	0	1	0	1	0	0	0	1	1	0	0	0	1	0	0	1	0	0	0	1	0	0	0	0	0	0	0	0	2	1	0	0	1	0	0	0	0	1	0	2	0	0	0	0	1	0	0	1	0	0	0	1	1	0	0	0	0	0	0	0	0	2	0	0	0	1	1	1	0	0	1	0	0	0	0	0	1	0	0	0	0	0	1	0	0	0	1	1	0	0	0	1	0	37	2	1	1	0	1	1	1	0	1	0	0	0	0	1	0	1	0	0	0	1	0	0	0	0	1	0	1	0	0	0	0	2	0	0	0	0	0	0	1	0	0	0	1	1	0	0	0	0	0	2	0	1	1	0	0	0	0	1	0	0	1	0	0	0	0	0	1	1	0	1	0	0	0	0	0	0	0	0	0	0	0	1	0	0	0	0	2	0	0	0	2	0	0	1	1	1	0	0	1	0	0	2	0	1	0	0	1	0	0	1	0	0	19	1	0	0	0	0	0	0	0	0	0	0	0	0	1	0	0	1	1	1	0	0	1	0	0	0	0	0	0	0	0	0	0	1	3	1	0	1	0	1	0	0	11	0	0	0	0	0	0	0	4	0	0	0	0	0	0	0	0	0	1	0	0	2	1	0	0	0	0	4	0	0	1	0	0	0	0	0	0	0	1	1	1	2	1	1	7	0
Del5:U1:R(5,9)	0	0	0	0	0	0	0	0	0	0	0	0	1	0	0	0	0	0	0	0	0	0	1	0	0	0	0	0	0	0	0	0	0	0	0	0	0	0	0	0	0	0	0	0	0	0	0	0	0	0	0	0	0	0	0	0	0	0	0	0	0	0	0	1	0	0	0	0	0	0	0	0	0	0	0	0	0	0	0	0	0	0	0	1	0	0	0	0	0	0	0	0	0	2	0	0	0	0	0	0	1	0	0	0	0	0	0	1	0	0	0	0	0	0	0	0	0	0	0	0	0	0	0	0	1	0	0	0	0	1	0	0	0	0	1	1	0	1	0	0	0	0	0	0	1	0	0	0	0	0	0	0	0	0	0	0	0	0	0	0	0	0	0	0	0	0	0	0	1	0	0	0	0	1	0	0	1	0	0	2	0	1	0	0	0	0	0	0	0	0	0	0	0	0	0	0	0	0	0	0	0	0	0	0	0	0	1	0	0	0	1	0	0	0	0	1	0	0	0	0	0	0	1	0	0	0	0	0	0	0	1	0	0	0	1	0	0	0	0	0	0	0	1	0	0	1	0	0	0	0	0	0	0	0	0	0	1	0	0	0	0	0	0	0	0	0	0	0	0	0	0	0	0	0	1	0	0	0	0	0	0	0	0	0	0	0	0	0	0	0	0	0	0	0	0	0	0	0	0	0	0	0	0	0	0	0	0	0	0	0	0	0	0	0	0	0	0	0	0	0	0	0	0	1	0
Del5:U5:R2	1	1	0	0	0	0	0	1	0	0	1	1	1	1	2	0	0	4	0	1	0	0	1	0	0	0	0	0	1	0	0	0	0	0	0	0	2	0	3	1	0	0	0	0	0	1	1	1	1	0	5	0	2	0	0	1	0	0	0	0	0	0	0	0	0	0	1	1	1	0	6	0	0	0	0	1	2	0	0	0	1	2	1	0	0	4	0	1	0	1	0	0	3	1	1	0	0	0	0	1	0	2	1	0	1	1	0	2	1	0	0	0	0	4	2	3	0	0	0	0	1	1	1	0	6	1	0	2	0	2	3	2	0	1	2	0	2	0	3	3	0	1	0	0	5	0	0	0	1	1	0	0	0	0	3	0	0	2	1	2	0	1	0	0	0	0	2	0	0	0	0	2	1	1	0	1	2	1	1	1	0	0	2	1	1	0	1	0	0	0	1	2	2	2	5	2	0	0	1	0	0	0	0	0	0	1	0	0	0	0	0	1	0	0	1	0	0	1	0	0	0	2	1	0	2	1	0	1	1	1	0	1	0	0	0	0	1	2	0	0	0	1	2	0	0	1	0	0	2	0	1	0	0	0	2	0	0	0	0	0	1	0	0	0	2	1	1	2	0	1	2	4	0	1	3	1	1	0	0	8	1	0	0	0	0	1	1	4	0	1	0	0	2	0	1	0	0	0	0	1	5	0	0	0	0	1	2	0	2	0	1	0	0	0	0	0	1	0	0	1	1	1	2	1	0
Del5:U5:R3	0	0	0	0	0	0	0	0	0	0	0	0	0	0	2	0	0	0	0	0	1	0	0	0	0	0	0	0	0	0	0	0	0	1	0	1	0	0	0	1	0	0	0	0	0	0	0	0	1	0	1	0	1	0	0	0	0	0	0	0	0	0	0	0	0	0	1	0	0	0	0	0	0	0	0	0	0	0	1	0	0	0	0	0	0	1	0	0	0	0	0	0	1	1	0	0	0	0	0	0	0	1	1	0	0	0	0	1	0	0	0	0	0	0	1	0	0	0	0	0	0	0	1	0	8	1	0	3	0	1	1	1	0	2	0	0	0	0	1	0	0	0	0	0	0	0	0	0	0	0	0	0	0	0	1	0	0	0	0	1	1	0	0	0	0	0	0	0	0	0	0	0	0	0	0	0	1	0	0	0	0	1	2	1	1	0	0	0	0	0	1	0	0	1	1	0	0	0	0	0	0	0	1	0	0	0	0	0	0	0	0	1	0	0	0	0	0	0	0	0	0	1	0	0	1	1	1	0	1	0	0	0	0	0	0	0	0	4	0	0	0	0	1	0	0	0	0	0	0	0	0	0	0	0	0	0	0	0	0	0	0	0	0	0	0	0	1	0	1	0	0	0	0	0	1	0	2	0	0	3	0	0	0	0	0	0	0	0	1	0	0	0	1	0	0	0	0	0	0	0	1	0	0	0	0	0	1	0	0	0	1	0	0	0	1	0	0	1	0	0	0	0	0	1	0
Del5:U5:R4	1	0	0	0	0	0	0	0	1	0	0	0	0	0	0	0	0	0	0	0	0	0	0	0	1	0	0	0	0	0	0	0	0	0	0	0	0	1	0	0	0	0	0	0	0	0	0	0	0	0	0	0	1	1	0	0	0	0	0	1	0	0	0	0	0	0	1	0	0	0	0	0	0	0	0	0	0	0	1	0	0	0	0	0	0	0	0	0	0	1	0	0	0	0	0	0	0	0	0	1	0	0	0	0	0	0	0	0	0	0	0	0	0	1	0	0	0	0	0	0	0	0	0	0	3	1	0	0	0	0	1	0	0	0	0	0	0	0	0	0	0	0	0	0	1	0	0	0	0	0	0	0	0	0	0	0	0	0	0	0	1	1	0	0	0	0	1	0	0	0	0	0	0	0	0	0	0	0	0	0	0	0	0	0	0	0	0	0	0	0	0	0	0	0	0	0	0	0	0	0	0	0	0	0	0	0	0	0	0	0	0	1	0	0	0	0	0	0	0	0	0	0	0	1	0	0	1	0	0	1	0	0	0	0	0	0	0	3	0	0	0	0	0	0	0	0	0	0	0	0	0	0	0	0	0	0	0	0	0	0	0	0	0	0	0	0	0	0	0	0	0	2	0	0	0	0	1	1	0	1	0	0	0	0	0	0	0	0	0	0	0	0	0	0	0	0	0	0	0	0	2	0	0	0	0	0	0	0	0	0	0	0	0	0	0	0	0	0	0	0	0	0	0	0	1
Del5:U5:R(5,9)	1	0	0	0	0	0	0	0	0	0	0	0	0	0	2	0	0	0	0	0	0	0	0	0	0	0	0	0	0	0	0	0	0	0	0	0	0	0	0	0	0	0	0	0	0	0	0	0	1	0	1	0	1	0	0	0	0	0	0	0	0	0	1	0	0	0	0	0	0	0	0	0	0	0	0	1	0	0	1	0	0	0	0	0	0	0	0	1	0	0	0	0	0	2	0	0	0	0	0	1	0	0	0	0	0	0	0	0	0	0	0	1	0	3	0	0	0	0	0	0	0	0	0	0	4	0	0	1	0	1	0	0	0	0	0	0	1	0	0	0	0	0	0	0	0	0	0	0	0	0	0	0	0	0	0	0	0	1	0	0	0	0	0	1	0	0	0	0	0	0	0	1	0	0	0	0	0	0	0	0	0	0	0	1	0	0	0	0	0	0	1	0	0	0	0	0	0	0	0	0	0	0	0	0	0	0	0	0	0	0	0	0	0	0	0	0	0	0	0	0	0	0	1	0	0	0	0	0	0	0	0	0	0	0	0	0	0	1	0	0	0	0	0	0	0	0	0	0	0	1	0	0	0	0	0	0	0	0	0	0	0	0	0	0	0	0	0	0	0	0	0	0	0	0	1	0	0	0	0	2	0	0	0	0	0	0	0	0	0	0	0	0	0	0	0	0	0	0	0	0	1	0	0	1	0	0	2	0	0	0	0	0	0	0	0	0	0	0	0	0	0	0	0	0	0
Del(6,):U1:R(7,9)	1	0	0	0	0	0	0	0	0	0	0	0	0	0	0	0	0	0	0	0	0	0	0	0	0	0	0	0	0	0	0	0	0	0	0	0	0	0	0	0	0	0	0	0	0	0	0	0	0	0	0	0	0	0	0	0	0	0	0	0	0	0	0	0	0	0	0	0	0	0	0	0	0	0	0	0	0	0	0	0	0	0	0	0	0	0	0	0	0	0	0	0	1	0	0	0	0	0	0	0	0	0	0	0	0	0	0	0	0	0	0	0	0	0	0	0	0	0	0	0	0	0	0	0	0	0	0	0	0	0	0	0	0	0	0	0	0	1	0	0	0	0	0	0	0	0	0	0	0	0	0	0	0	0	0	0	0	0	0	0	0	0	0	0	0	0	0	0	0	0	0	0	0	0	0	0	0	0	0	0	0	0	0	0	0	0	0	0	0	0	0	0	0	0	0	0	0	0	0	0	0	0	0	0	0	0	0	0	0	0	0	0	0	0	0	0	0	0	0	0	0	0	0	0	0	0	0	1	0	0	0	0	0	0	0	0	0	0	0	0	0	0	1	2	0	0	0	0	0	0	0	0	0	0	0	0	0	0	0	0	0	0	0	0	1	0	0	0	0	0	1	0	1	0	0	0	0	1	0	0	0	0	0	0	0	0	1	0	0	1	0	0	0	0	0	0	0	1	0	0	0	0	0	0	0	0	0	0	0	0	0	0	0	0	0	0	0	0	0	0	0	0	0	0	0
Del(6,):U2:R(4,9)	0	0	0	0	0	0	1	0	0	0	0	0	0	0	0	0	0	0	0	1	0	0	0	0	0	1	0	0	0	1	0	0	1	1	0	0	0	0	0	1	0	0	1	0	0	0	0	0	0	0	0	0	0	1	0	0	0	0	0	2	0	0	1	2	0	0	0	0	0	0	0	1	0	0	0	0	0	0	0	1	0	0	0	0	0	0	1	0	0	0	0	1	2	0	0	0	0	0	1	1	0	0	0	0	0	0	0	0	1	0	0	0	1	0	1	0	0	0	1	0	0	0	0	0	3	1	0	0	0	0	1	0	0	0	1	0	0	0	1	0	0	0	0	0	1	1	0	0	0	2	0	0	0	0	1	1	0	0	1	0	0	0	0	0	1	0	0	0	0	0	1	0	0	0	0	0	0	1	0	1	1	0	0	0	0	0	0	0	0	0	0	0	0	0	0	0	0	0	2	0	0	1	0	1	0	0	0	0	0	1	0	0	0	0	0	1	0	0	0	0	0	0	0	0	0	0	1	0	0	0	0	0	0	0	0	0	0	3	0	0	0	0	1	0	0	0	1	0	0	0	0	0	0	0	0	0	0	1	1	1	0	1	0	1	1	0	1	0	0	0	0	0	0	0	1	0	1	1	0	2	0	0	0	0	0	0	0	1	0	1	0	0	0	0	0	0	0	1	0	0	0	1	0	0	0	0	0	0	0	1	2	0	0	0	0	0	0	0	0	0	1	0	0	1	0
Del(6,):U3:R(3,9)	0	0	1	0	0	0	0	0	0	0	0	0	0	1	0	0	0	0	0	0	0	0	0	0	0	0	0	0	0	0	0	0	0	0	0	1	0	0	0	0	0	1	0	0	0	0	1	0	0	0	0	0	0	0	0	0	0	0	1	0	0	0	0	0	0	0	0	1	0	0	0	0	0	0	1	0	0	0	1	0	0	0	0	0	0	0	0	0	0	1	0	0	0	3	1	0	0	0	0	0	0	0	0	0	2	1	0	0	0	1	0	1	0	0	0	0	0	0	0	0	0	0	1	0	3	0	0	0	0	0	0	0	0	0	1	0	0	0	0	0	0	0	0	0	0	0	0	2	1	1	0	0	0	0	0	1	0	0	0	0	0	0	0	0	0	0	0	0	0	0	0	0	0	1	0	0	0	1	0	0	1	0	0	0	0	0	0	0	0	0	0	1	1	0	0	0	0	0	0	0	0	0	0	0	0	0	0	0	2	0	0	0	0	0	0	0	0	1	0	0	0	1	1	0	0	0	0	0	0	1	0	1	0	0	0	0	0	0	1	0	0	0	0	0	0	1	1	0	0	0	0	0	0	0	2	0	0	0	0	0	0	0	0	0	0	1	0	0	0	0	1	1	1	0	0	0	1	0	1	1	1	0	0	0	0	0	0	0	0	0	0	0	0	1	0	0	0	0	0	0	0	0	0	0	0	0	0	0	0	0	0	0	0	0	0	0	0	0	0	0	1	0	0	1	0
Del(6,):U(4,):R(2,9)	7	4	4	2	3	0	5	1	6	0	7	2	3	4	1	1	0	9	2	4	0	2	4	1	3	5	5	2	4	2	3	1	3	12	8	2	0	1	4	4	6	3	0	2	5	1	15	2	1	0	7	3	3	2	2	1	2	2	3	5	2	1	2	5	3	2	5	2	4	1	5	0	3	0	4	1	2	0	17	2	2	7	2	3	3	5	1	2	3	1	4	1	14	52	0	0	2	2	2	4	1	7	0	4	7	2	5	3	4	0	4	3	1	19	0	7	0	2	1	2	8	1	4	5	21	1	2	7	1	7	5	2	0	6	9	9	4	4	5	0	1	4	3	3	10	3	1	3	4	2	6	1	4	3	6	3	5	7	2	2	2	1	1	0	3	3	3	4	8	2	2	0	0	1	2	4	4	0	3	14	1	1	13	4	5	8	6	4	0	1	0	7	5	2	4	2	2	0	1	2	3	1	1	0	2	1	0	3	9	1	1	4	0	4	2	7	0	1	9	10	4	7	8	2	3	3	7	3	2	10	1	4	1	1	3	0	3	8	1	2	3	10	6	4	7	6	1	5	1	20	2	4	8	1	6	4	2	3	1	3	3	1	4	1	1	4	3	4	1	4	3	6	3	5	7	1	7	5	9	33	4	1	1	7	2	0	5	13	4	1	4	2	2	1	2	1	0	2	0	0	14	2	2	1	4	8	1	1	2	0	1	0	0	0	4	4	2	2	24	1	9	17	0	12	2
Ins(2,4):M	43	8	7	22	11	3	31	8	43	6	17	2	14	6	14	6	15	11	3	24	6	1	20	11	14	14	2	16	47	5	6	1	7	31	6	22	14	7	18	22	41	1	4	19	32	11	60	10	27	12	45	13	12	33	7	13	10	1	17	20	16	3	9	27	15	11	7	32	20	16	11	9	43	12	53	9	8	1	196	13	13	26	15	4	46	16	14	13	20	7	13	10	17	112	7	10	8	8	2	24	14	21	4	23	15	27	4	13	14	11	10	11	18	21	32	7	7	15	15	5	27	17	22	31	313	28	6	34	6	20	30	20	8	20	12	87	13	42	14	9	16	40	12	6	24	5	13	10	17	11	55	23	61	18	38	28	19	40	8	67	6	33	15	11	18	20	24	48	37	8	12	13	3	6	2	11	12	13	12	124	10	18	54	16	14	32	29	11	4	4	36	14	17	14	43	13	24	4	6	14	4	10	13	10	11	14	22	22	12	11	46	48	6	13	26	41	10	14	24	54	87	15	21	16	15	11	24	20	15	52	13	9	5	33	19	5	8	147	13	5	5	38	10	14	38	16	22	41	5	60	8	25	26	9	50	12	8	5	8	16	11	7	6	8	28	15	10	23	8	5	24	53	29	2	52	3	56	86	29	48	9	5	14	18	8	13	27	17	6	27	45	5	17	3	7	3	0	34	9	9	28	16	13	16	18	11	12	48	11	5	15	15	5	9	6	6	5	19	54	4	47	29	97	25	11
Ins(5,):M	51	13	8	40	30	11	47	18	68	12	37	14	36	21	18	16	26	24	14	34	10	9	38	10	16	32	13	36	80	16	11	24	15	41	22	41	19	13	27	24	63	10	10	14	39	15	61	18	28	28	76	24	24	27	23	20	7	7	27	36	26	13	12	65	16	37	18	56	41	24	12	19	64	18	69	19	15	6	306	16	20	39	23	20	52	26	26	20	23	22	29	23	34	146	20	23	12	14	11	49	30	19	10	38	28	25	11	14	19	9	24	4	26	37	52	22	18	19	23	22	49	11	32	41	357	38	29	37	27	34	48	52	21	30	25	117	34	54	23	23	22	59	17	14	45	22	23	14	28	21	80	43	71	37	57	33	24	40	14	83	18	57	30	15	34	31	29	48	54	30	26	27	15	10	14	33	24	21	19	148	30	32	83	18	36	51	34	24	16	15	88	29	23	35	77	25	32	21	15	20	6	22	34	21	21	25	33	19	29	17	63	48	18	23	45	53	27	28	38	100	147	30	48	40	23	38	29	36	36	111	29	28	8	36	16	5	18	141	25	9	11	70	34	24	55	19	36	48	8	62	12	39	31	8	72	16	33	9	22	48	11	18	22	5	74	20	10	39	23	11	57	94	66	18	72	15	98	110	55	64	21	14	24	32	9	13	39	28	19	58	71	11	15	5	15	13	9	53	14	14	35	30	16	10	33	12	19	55	21	16	25	37	4	14	22	15	11	24	78	19	69	44	138	37	13
Ins2:U1:R0	3	0	1	2	1	0	3	0	5	1	3	1	1	1	0	1	0	1	0	2	0	0	6	0	5	0	1	0	1	0	0	0	1	1	0	1	1	1	0	14	1	0	1	1	3	1	3	1	4	1	21	1	9	2	1	0	1	0	2	2	3	1	3	2	0	3	0	3	0	1	1	1	1	0	3	16	1	0	9	1	0	1	2	1	2	0	1	3	1	0	1	3	2	7	0	0	1	0	0	5	14	5	1	2	0	1	1	0	3	1	0	1	0	1	3	0	0	2	0	1	1	1	2	0	23	1	1	3	1	0	1	0	1	1	1	6	3	2	3	0	0	1	2	1	2	2	1	0	2	3	2	2	3	0	1	1	0	4	0	5	1	0	1	0	0	1	2	1	4	0	0	1	1	0	0	1	4	0	2	8	1	2	3	1	1	3	5	1	2	2	1	1	2	2	0	3	2	0	0	2	0	2	0	0	0	1	0	1	1	0	3	0	0	0	7	1	0	2	2	7	7	0	0	0	1	0	2	1	0	4	2	4	1	0	2	0	0	2	2	0	2	5	1	2	3	1	1	3	0	6	0	3	1	2	2	3	0	0	1	0	1	0	0	0	5	0	0	0	0	0	1	2	2	0	1	3	6	4	4	0	1	1	1	1	0	1	2	2	0	2	3	0	0	0	0	0	0	2	0	0	3	0	0	0	0	0	0	3	2	0	0	1	0	0	1	2	0	2	2	0	3	1	7	1	2
Ins3:U1:R0	0	1	0	0	0	0	1	0	0	0	0	0	0	0	0	0	1	0	0	0	0	0	0	1	0	1	0	0	3	0	0	1	0	0	0	0	0	0	1	1	1	0	0	1	1	0	2	2	1	1	5	1	1	1	1	0	0	0	0	0	0	0	0	0	0	2	1	0	2	0	1	0	0	0	0	0	0	0	2	0	0	0	0	0	0	0	0	0	1	1	0	0	0	2	1	0	1	0	0	0	2	0	1	0	0	0	0	0	1	0	0	1	0	0	2	0	0	0	1	0	0	0	1	0	4	0	0	0	0	0	0	0	0	1	0	1	0	0	1	0	0	0	0	1	1	0	0	0	0	0	1	0	0	0	1	0	1	0	0	0	0	0	1	0	0	0	2	0	0	0	0	0	0	0	0	1	0	0	0	1	0	0	0	1	0	0	0	0	0	0	0	0	0	0	2	0	0	0	0	0	0	0	0	0	0	1	1	0	1	0	0	0	0	0	0	1	0	0	1	0	2	0	1	0	0	0	2	0	0	2	0	0	0	0	0	0	0	1	0	0	1	0	1	0	0	1	0	0	0	1	0	0	0	0	0	0	0	0	0	0	0	0	0	1	0	0	1	1	0	0	1	0	0	0	1	0	1	3	2	0	0	0	0	1	0	0	0	0	0	0	0	0	0	0	0	1	0	0	0	0	0	0	0	1	1	1	0	0	0	0	1	1	0	0	0	0	0	0	1	0	0	1	0	2	3
Ins4:U1:R0	0	0	0	0	0	0	1	0	0	0	0	0	0	0	0	0	0	0	1	0	0	0	1	0	0	1	0	0	1	0	1	0	0	1	0	0	0	0	1	0	0	0	1	0	1	0	0	0	0	0	0	0	0	0	0	0	1	0	1	0	0	0	0	0	0	0	0	0	0	0	0	0	0	0	0	0	0	0	0	0	0	2	0	0	0	0	0	0	0	0	0	0	0	1	0	0	0	0	0	0	0	1	0	1	0	1	0	0	0	0	0	0	0	0	2	0	0	0	0	0	1	0	0	1	4	0	1	0	0	0	0	0	0	0	0	3	0	2	1	0	0	1	0	0	0	0	1	0	1	0	1	0	0	0	0	0	0	2	1	1	0	1	0	0	0	1	0	0	0	0	0	0	1	0	0	0	0	0	0	1	0	0	2	0	1	1	3	0	0	0	0	1	0	1	0	0	0	1	0	0	0	0	0	0	0	0	0	0	0	0	0	0	0	0	0	1	0	0	1	1	3	0	0	0	0	0	1	0	0	0	0	0	0	0	0	0	0	0	0	0	1	0	0	0	1	0	0	1	0	0	0	0	0	0	0	0	0	0	0	0	0	0	0	0	0	0	0	0	0	0	0	0	0	0	0	0	1	3	0	0	0	0	0	0	0	0	0	0	0	0	0	0	0	0	0	0	0	1	0	0	0	0	1	0	0	0	0	0	0	0	1	0	0	0	0	0	0	0	3	0	0	0	2	0	0
Ins2:U2:R0	2	3	1	3	1	2	8	1	4	2	4	4	3	1	2	3	2	1	1	2	0	0	2	3	2	2	1	3	3	0	3	1	2	3	8	0	3	1	5	14	9	0	0	4	3	0	7	0	9	2	20	2	5	2	7	2	3	5	2	1	2	1	3	3	2	4	0	3	5	3	4	1	2	3	7	10	5	0	12	2	0	3	1	2	5	1	3	4	4	1	3	1	4	5	1	0	0	1	1	3	15	2	3	0	3	2	0	3	1	4	1	2	1	6	2	3	1	2	3	0	3	2	4	2	36	3	2	5	2	3	2	0	5	1	2	8	2	2	3	3	4	1	2	2	4	1	1	0	5	2	3	0	4	4	5	1	3	7	2	7	2	2	4	0	1	4	4	3	3	6	4	0	0	1	0	3	0	2	5	11	0	4	4	4	4	1	3	4	3	2	5	1	0	3	7	3	5	0	2	2	0	0	4	6	4	5	5	3	2	4	7	5	3	2	12	6	0	1	11	9	4	2	2	5	4	0	3	4	4	4	5	2	0	7	1	2	1	11	4	2	3	4	1	4	2	2	2	1	2	6	0	3	2	2	5	7	3	0	1	5	2	1	1	4	3	5	2	2	4	1	2	7	7	2	5	0	6	9	2	5	2	3	0	0	2	0	1	2	6	3	4	0	1	1	1	4	1	3	4	0	2	3	2	3	2	2	1	3	4	3	3	4	1	3	5	3	2	2	3	0	5	1	6	2	3
Ins3:U3:R0	2	1	1	0	2	0	4	0	0	1	0	2	1	2	1	2	0	3	1	1	0	1	3	1	3	1	0	1	2	1	0	1	0	1	2	1	2	0	3	7	3	1	0	0	2	0	1	1	3	0	10	0	3	2	1	1	0	0	2	0	1	0	0	6	0	1	1	1	1	0	1	3	3	2	0	3	0	0	6	0	0	0	0	0	0	1	0	2	0	1	0	3	1	4	1	1	2	1	0	4	5	0	1	3	0	2	0	1	1	1	1	0	0	4	3	3	0	1	0	0	0	0	2	0	13	2	0	1	0	1	4	1	1	0	3	3	1	5	1	0	0	2	1	0	1	1	0	1	0	1	4	1	1	2	2	2	0	2	3	4	1	1	0	1	3	0	2	0	1	1	2	1	0	1	1	0	3	0	0	2	1	0	2	0	2	1	1	2	2	1	1	0	1	1	4	2	5	0	1	0	0	1	2	0	0	1	0	1	1	1	1	1	1	0	3	3	1	1	0	3	2	0	0	1	1	1	1	3	2	2	4	1	1	1	1	0	2	5	0	1	0	3	2	1	1	3	1	2	1	3	0	0	0	3	2	1	1	1	1	0	0	1	3	2	2	0	0	1	2	0	2	4	1	1	3	1	1	4	0	0	0	0	0	1	1	0	2	1	1	2	3	0	3	0	1	0	0	1	1	0	3	1	0	0	1	0	1	2	1	1	0	0	0	0	0	2	0	0	0	0	4	2	1	0	0
Ins4:U2:R0	0	0	0	0	1	0	1	0	0	0	0	0	0	0	1	0	0	0	0	0	0	0	1	0	0	0	0	0	1	0	0	1	0	0	0	0	0	0	0	0	0	0	0	0	0	0	2	0	0	1	1	0	1	0	0	0	0	0	0	0	0	0	0	2	0	0	0	2	0	1	0	1	0	0	2	0	0	0	1	0	0	0	0	0	0	0	0	0	0	1	0	0	0	0	0	0	0	0	0	0	0	0	0	0	0	0	0	0	0	1	0	0	0	0	0	0	0	1	0	0	0	0	0	0	3	1	0	0	0	0	1	0	0	0	0	1	2	0	0	1	0	0	0	0	0	0	0	0	0	0	0	0	2	1	1	0	0	0	0	1	0	0	1	0	0	1	0	0	1	0	0	0	0	0	0	0	0	0	1	1	0	0	1	0	0	0	0	0	0	0	0	0	0	0	1	0	0	0	0	0	0	0	1	0	0	0	0	0	1	0	1	0	0	0	0	0	0	0	0	2	0	0	0	0	0	0	0	0	0	0	0	0	0	1	0	0	0	1	0	0	0	1	1	1	0	0	2	1	0	0	0	1	0	0	0	0	0	0	0	0	0	0	0	0	0	0	0	0	0	0	0	0	0	0	1	0	3	0	0	1	0	0	0	0	0	0	2	0	0	0	0	0	0	0	0	0	0	1	0	0	0	1	0	0	0	1	0	0	1	0	0	0	0	0	0	0	0	0	0	1	0	0	1	1	0
Ins4:U4:R0	3	0	0	1	1	0	0	1	3	2	1	1	2	1	1	0	0	2	0	1	0	2	0	0	1	2	1	2	2	0	1	0	0	1	3	2	0	1	2	1	1	1	0	0	1	3	4	0	2	0	7	0	2	3	2	2	1	1	1	2	2	1	2	3	0	1	1	1	4	1	1	1	1	1	2	5	0	1	12	0	3	1	0	0	6	0	0	1	1	0	0	1	1	6	1	2	1	1	0	1	1	1	0	1	4	2	0	2	0	0	2	1	1	3	2	0	0	2	2	3	1	0	1	1	13	1	0	0	0	1	2	2	0	3	1	2	3	3	0	2	1	1	0	0	4	2	0	1	1	0	4	1	3	1	3	4	0	4	2	5	0	4	1	2	1	1	0	2	4	3	0	2	3	1	0	2	1	3	3	9	0	1	3	1	1	2	3	1	1	1	2	1	1	0	2	0	1	2	1	2	1	0	2	0	0	0	1	2	3	1	3	3	2	0	6	2	0	1	0	2	4	2	0	1	0	1	0	0	1	7	2	1	1	1	2	0	0	3	1	0	1	4	1	1	0	2	2	2	1	3	0	2	1	0	3	1	0	1	0	2	1	1	0	0	3	0	1	2	2	1	3	6	3	1	3	2	3	7	3	3	2	1	0	2	1	0	2	2	0	2	0	0	0	0	1	0	0	2	2	2	1	1	1	0	0	0	1	2	1	0	2	1	0	3	0	2	1	0	2	0	4	0	5	2	0
Ins(5,):R0	12	15	11	14	28	4	28	10	23	5	34	9	28	20	15	26	40	15	4	21	3	3	16	9	3	5	12	10	23	17	8	39	15	8	23	3	3	26	15	10	31	2	5	3	6	5	22	3	8	18	18	1	8	8	4	5	3	13	3	32	5	3	20	32	6	43	30	7	62	13	14	5	12	1	21	11	26	2	30	22	4	7	25	3	3	6	4	1	8	4	4	5	17	35	2	2	26	5	1	110	7	8	1	6	27	24	7	3	0	37	4	3	9	7	6	31	63	4	25	30	12	2	4	7	169	33	66	7	96	15	16	50	46	2	5	9	20	5	5	25	5	34	14	7	8	8	38	17	53	32	69	44	32	35	38	12	24	21	22	27	23	9	21	12	19	38	19	43	23	49	9	31	15	55	18	65	16	17	17	24	9	44	16	25	47	33	9	26	29	10	21	35	32	58	59	19	14	34	17	21	15	4	36	31	17	10	27	21	17	12	85	18	41	3	11	27	35	20	8	32	27	71	7	29	33	80	4	45	11	34	58	48	5	7	9	2	19	8	4	13	17	20	10	3	14	9	7	11	7	17	5	8	9	18	19	13	30	12	25	49	14	34	20	32	93	19	37	46	60	35	26	34	92	33	58	22	41	16	18	26	5	3	7	6	10	10	1	7	9	21	11	3	8	7	0	2	2	13	3	10	17	9	6	3	9	5	2	5	3	32	37	42	12	32	51	39	10	19	19	2	10	5	15	6	4
Ins2:U1:R1	7	0	1	7	1	0	3	0	7	2	3	0	3	1	2	0	1	1	0	5	0	0	3	1	5	1	0	1	13	2	3	1	2	5	2	1	2	0	1	5	6	0	1	4	8	1	7	2	4	3	10	1	4	2	2	4	0	2	3	7	1	4	3	3	4	1	1	5	2	2	0	3	5	2	5	6	0	0	43	1	3	3	1	1	6	1	2	2	3	1	3	2	3	7	1	1	2	1	0	6	4	2	0	3	2	3	0	1	1	3	1	1	2	0	5	5	0	3	2	0	7	2	4	7	38	4	2	4	1	2	6	2	1	3	0	15	2	1	6	4	2	6	4	0	4	3	1	1	4	1	9	3	7	3	9	0	3	6	0	14	1	4	1	1	0	4	5	16	5	2	3	2	1	0	1	1	0	3	3	21	0	2	9	1	2	4	8	2	3	2	14	0	0	2	1	3	4	0	1	0	0	1	2	2	2	5	2	0	1	1	12	4	0	2	9	4	3	2	3	15	11	1	8	4	1	0	9	1	3	9	4	0	1	4	2	0	0	2	2	0	4	6	1	1	4	2	11	6	1	8	0	0	7	0	11	2	1	0	2	1	0	1	1	0	8	4	0	4	0	1	3	3	4	1	9	0	6	6	6	7	3	0	2	5	1	0	2	1	2	7	7	0	0	0	0	1	1	6	3	1	4	3	2	0	1	0	2	11	2	1	2	3	0	2	0	0	0	6	9	0	8	3	18	2	1
Ins2:U1:R2	2	0	1	2	1	0	1	2	2	0	2	1	0	0	1	0	0	1	1	0	0	1	1	1	1	1	0	2	3	0	0	1	0	1	2	1	1	0	1	3	3	0	0	4	3	1	6	0	2	0	3	2	1	1	3	0	1	0	0	1	2	0	0	2	1	1	1	2	2	3	2	0	0	2	3	1	1	0	2	1	0	1	1	1	0	0	0	0	3	0	1	1	1	4	0	1	1	0	1	1	1	1	1	0	1	0	1	0	0	2	2	0	0	0	1	0	0	1	3	1	2	0	2	1	10	0	0	2	0	1	1	1	1	1	1	1	2	5	0	0	0	2	0	0	1	1	0	1	0	0	1	0	4	0	0	1	2	4	1	3	1	1	1	0	1	1	0	1	1	1	0	1	1	1	1	0	0	0	0	7	1	1	3	1	1	3	0	0	0	0	4	1	1	2	2	2	3	1	0	0	0	0	1	3	0	3	1	0	0	0	3	0	1	3	1	0	0	2	2	3	0	2	2	0	2	2	1	2	2	5	1	1	0	1	2	1	0	0	1	2	0	1	0	2	1	2	0	1	0	3	1	1	2	0	4	0	0	0	0	1	0	0	0	0	2	0	0	0	0	0	2	3	3	0	1	0	2	4	3	4	0	1	1	2	0	0	2	1	2	2	0	0	3	0	0	0	0	1	1	1	0	1	1	2	1	2	2	3	0	0	1	0	0	1	2	0	0	0	1	0	3	2	1	1	1
Ins2:U1:R3	1	0	0	1	0	0	1	1	5	0	1	0	0	1	1	0	0	0	1	1	0	1	0	2	0	0	0	0	1	0	0	0	1	0	0	0	0	0	2	1	1	0	0	0	0	0	0	0	2	1	1	0	0	0	1	0	2	0	1	0	0	0	0	2	1	1	2	2	0	1	0	2	1	0	4	0	0	0	9	0	1	2	1	1	1	0	0	1	0	0	1	0	1	3	0	2	0	0	0	0	2	1	0	0	1	2	0	2	1	0	0	2	2	2	1	1	0	1	0	1	1	0	1	1	17	1	0	1	0	3	1	1	0	0	0	5	0	0	1	1	2	1	0	0	1	0	0	1	0	2	1	3	1	2	5	0	2	1	0	2	0	2	0	1	1	1	2	1	1	0	0	0	2	0	0	1	1	0	1	5	4	0	2	1	1	1	2	2	0	0	2	0	0	1	1	1	3	0	1	0	0	0	0	0	3	4	1	2	2	0	1	0	0	0	1	1	0	1	4	1	2	1	3	0	1	1	5	1	0	4	0	0	0	1	1	1	0	4	1	0	1	3	1	2	3	2	0	5	0	0	0	1	2	0	3	0	0	1	0	0	1	2	1	0	1	0	0	0	1	1	1	1	2	1	5	0	2	1	0	4	0	0	0	1	0	1	0	0	1	2	3	1	0	0	0	0	0	3	0	1	1	0	1	2	0	1	1	1	1	2	0	1	0	0	0	0	0	1	1	0	3	2	5	1	0
Ins2:U1:R4	0	0	0	1	0	0	0	0	0	0	0	0	0	0	1	1	0	0	0	0	0	0	0	1	1	1	0	1	0	0	0	0	0	1	0	0	0	0	1	0	0	1	0	1	2	1	2	0	0	0	2	1	0	3	0	0	0	0	0	1	0	0	0	0	0	0	0	0	0	2	0	0	1	0	4	0	1	0	3	0	0	0	0	1	0	0	1	1	1	1	0	0	0	5	0	0	0	0	0	0	1	0	0	0	0	1	0	0	0	0	1	0	0	1	0	0	0	0	0	0	0	0	0	1	11	3	0	1	0	0	0	1	0	0	1	2	0	0	1	1	2	1	1	0	0	0	0	0	1	0	0	1	4	0	0	0	0	1	0	0	0	0	0	0	0	1	0	1	1	1	0	0	0	0	1	0	1	0	1	5	0	1	3	0	0	1	1	0	0	0	2	0	0	1	2	1	0	0	0	0	0	1	0	0	0	0	2	0	1	0	1	2	0	0	0	0	1	0	0	1	0	0	1	0	0	0	1	0	0	0	0	0	0	1	0	0	0	1	2	0	0	1	1	0	0	0	0	2	0	2	0	0	1	0	2	1	0	0	1	0	0	0	1	0	0	1	0	0	0	0	0	1	0	0	0	0	0	1	1	2	0	0	0	0	0	0	1	0	1	0	1	0	2	1	0	1	0	1	0	0	0	0	0	0	0	0	2	1	0	0	0	1	0	0	1	0	1	0	0	1	3	0	2	0	0
Ins2:U1:R(5,9)	0	0	0	1	0	0	2	0	2	1	1	0	3	1	1	0	0	1	1	1	0	0	0	0	1	2	0	1	1	0	1	0	1	2	1	0	0	0	0	1	1	0	0	1	1	1	3	0	2	0	3	1	3	1	0	0	0	1	1	0	0	1	1	2	2	3	0	1	1	3	0	2	1	0	3	1	0	0	7	0	0	1	0	0	0	0	1	2	0	0	0	1	4	4	1	1	1	0	0	2	0	0	0	2	1	0	0	0	0	0	1	0	1	0	1	0	0	0	0	1	5	0	1	2	88	1	0	2	0	1	0	2	0	0	0	3	2	1	0	1	0	2	1	0	3	0	0	0	0	2	3	3	3	0	0	1	2	3	0	2	0	1	0	0	0	2	1	1	2	0	1	2	0	1	1	2	1	1	1	6	1	0	4	3	0	2	0	0	0	0	2	1	0	5	3	2	0	0	0	0	1	0	0	1	2	4	0	0	0	0	2	1	1	0	2	1	1	1	1	6	5	1	3	3	1	1	1	0	0	9	2	0	0	2	1	0	0	52	0	0	1	3	0	0	2	2	1	1	0	1	1	3	2	0	2	3	1	0	0	1	0	0	0	0	2	0	0	2	0	0	3	1	4	1	3	0	3	4	1	3	0	0	1	1	0	2	3	0	1	1	2	0	0	0	0	0	0	4	0	0	1	2	1	0	1	2	1	3	2	0	0	2	0	0	0	1	1	0	1	1	2	1	2	2	0
Ins2:U2:R1	4	1	3	2	2	0	4	2	1	1	4	2	2	2	3	2	2	3	2	3	0	2	1	2	2	3	1	4	2	4	1	2	1	2	10	2	4	1	2	2	3	1	1	5	6	2	2	1	4	2	5	3	1	3	1	2	0	3	1	1	5	1	1	3	2	3	1	7	1	5	0	4	2	1	3	1	2	1	8	2	3	4	1	1	6	4	2	5	4	1	3	1	6	8	2	3	2	0	2	2	5	7	0	5	4	1	0	1	1	0	1	2	3	3	4	2	1	2	1	2	2	3	1	4	32	6	3	0	2	1	5	4	1	0	3	0	7	1	1	1	2	2	1	0	2	0	1	1	2	2	5	5	4	4	4	2	10	5	1	3	2	2	2	3	3	1	2	1	5	2	2	5	1	3	3	1	1	3	1	11	3	8	4	1	7	7	2	2	2	0	10	5	4	6	6	4	5	1	2	2	1	0	3	2	0	1	5	1	2	0	5	5	1	2	5	6	0	3	3	9	5	8	1	1	2	1	8	2	1	3	2	2	1	4	4	0	5	11	3	0	2	5	6	3	0	2	5	5	1	6	1	2	5	4	4	1	2	3	1	3	3	0	2	0	3	4	2	3	3	0	3	6	1	2	5	0	10	1	2	15	2	1	2	1	2	2	3	3	5	4	1	0	2	1	2	0	1	2	0	2	2	3	1	2	4	0	2	4	3	0	4	2	1	1	2	2	3	1	6	0	4	7	4	2	2
Ins2:U2:R2	0	1	2	0	1	0	1	1	3	0	0	1	2	3	2	0	0	1	3	1	0	1	1	0	0	2	0	1	1	0	2	1	0	3	0	1	2	0	0	0	6	0	0	0	0	0	1	1	2	0	2	3	3	1	2	1	1	1	1	0	3	0	2	4	1	2	3	4	0	2	0	0	0	2	1	0	1	0	4	1	1	3	0	0	6	2	0	0	1	1	0	1	5	6	0	2	3	0	0	2	2	0	0	1	2	0	1	0	1	2	0	2	2	3	1	0	3	0	1	1	0	0	0	3	16	1	0	2	1	1	2	3	0	0	0	2	1	1	0	1	1	1	0	1	2	1	0	2	4	0	4	3	1	1	0	2	1	5	2	2	0	0	0	2	1	1	3	1	0	1	1	1	3	1	1	0	1	0	4	2	1	2	0	2	1	2	0	2	0	1	4	0	0	0	1	3	3	1	3	4	0	1	1	2	2	1	2	0	2	0	2	1	0	2	0	1	1	0	1	2	3	4	2	0	0	2	2	0	3	4	2	0	0	0	0	0	0	12	1	0	3	0	2	2	3	4	0	2	2	7	1	0	1	0	1	1	1	0	0	1	0	0	0	1	1	1	0	2	1	0	6	1	0	1	1	1	1	1	1	7	0	1	1	1	0	2	0	2	1	2	2	0	0	0	0	1	0	1	0	0	1	1	3	5	1	1	3	3	1	0	0	1	1	0	0	0	0	2	2	0	5	1	2	3	0
Ins2:U2:R3	2	2	1	0	0	1	3	0	2	0	0	0	1	0	1	1	0	1	2	2	0	1	1	2	1	0	1	1	2	0	0	0	1	1	2	2	0	0	0	0	1	2	0	1	4	0	0	0	1	1	1	0	1	1	1	0	1	0	0	1	4	1	1	3	1	0	0	2	1	1	0	0	1	1	7	0	1	0	1	1	0	2	0	0	0	1	0	1	1	1	3	0	2	4	0	0	1	0	0	1	0	1	0	3	1	1	0	0	1	0	1	1	1	0	0	0	0	1	5	2	0	0	1	0	25	2	0	1	1	0	3	0	1	1	0	0	1	1	0	3	1	0	1	0	0	0	0	0	1	3	2	2	6	0	1	0	1	1	0	2	0	1	0	1	1	2	0	8	0	0	0	0	2	1	0	1	0	3	1	3	0	0	3	1	0	1	0	0	0	0	3	0	0	1	1	2	0	0	0	0	0	0	2	2	0	1	2	0	2	0	0	2	0	1	2	0	0	1	0	1	1	1	2	1	0	0	1	0	1	0	0	0	0	2	0	0	0	18	1	0	0	0	0	0	1	1	1	1	0	2	1	1	0	3	2	0	0	1	2	1	1	0	0	3	1	0	1	2	0	0	0	1	3	1	1	0	4	1	0	3	1	1	1	1	2	0	0	2	0	0	1	0	2	1	0	0	0	1	1	2	1	1	0	3	2	2	0	0	1	0	0	1	0	2	0	1	1	0	1	1	3	2	0	0	0
Ins2:U2:R4	3	0	0	1	1	1	1	2	3	0	0	0	0	0	0	3	0	5	5	0	0	0	1	0	3	1	0	1	0	1	1	2	1	2	2	2	1	0	2	0	0	0	0	0	0	2	1	0	2	0	0	0	2	0	2	2	0	0	0	1	1	1	0	4	1	1	1	1	2	3	1	1	1	0	2	2	1	0	3	3	2	0	0	2	2	2	1	1	2	2	3	0	1	4	0	3	0	0	2	8	2	0	1	1	2	1	0	1	0	0	1	0	1	5	1	0	2	1	1	1	2	2	7	0	89	1	0	1	0	2	4	1	1	2	3	4	2	2	0	3	0	0	0	0	3	2	0	3	5	1	2	2	2	3	0	0	3	3	1	3	1	1	0	2	0	0	1	8	1	1	1	1	0	2	1	0	2	1	1	2	0	3	5	2	1	1	1	0	1	0	4	2	1	4	0	3	0	1	1	1	0	0	1	3	2	3	3	0	2	0	0	0	0	0	1	1	1	2	0	1	2	4	3	0	0	3	5	3	0	2	2	1	0	1	1	0	1	70	2	0	1	0	1	0	1	4	2	0	1	1	3	2	4	1	2	1	1	1	1	1	2	0	0	0	0	1	2	3	0	0	2	4	0	2	2	0	4	1	0	2	0	1	0	2	0	1	1	5	2	1	1	1	2	0	0	0	0	3	1	1	2	1	0	2	2	0	0	0	3	2	1	2	0	2	2	2	0	1	0	1	0	1	0	3	1
Ins2:U2:R(5,9)	6	14	7	7	7	1	19	15	46	7	6	0	7	16	18	17	7	19	7	22	1	5	6	13	8	23	8	4	20	1	16	2	5	9	24	8	15	0	13	8	19	2	1	14	20	19	20	15	3	1	14	7	14	13	13	15	2	18	15	2	16	1	5	43	10	7	8	7	27	24	4	5	12	10	22	5	32	1	21	8	15	11	4	11	25	8	13	14	39	7	15	2	27	15	6	17	8	9	2	30	10	20	4	10	10	10	4	6	14	8	5	5	10	25	5	3	11	6	8	10	7	18	15	10	693	13	4	18	3	31	11	9	1	11	12	19	20	18	18	13	18	5	11	5	45	11	1	3	21	8	43	24	23	12	16	8	17	13	14	7	8	8	42	10	3	13	15	32	14	5	18	16	2	16	9	5	7	3	5	44	5	26	24	14	10	6	13	9	4	9	29	10	11	40	11	39	9	4	6	16	1	7	13	29	14	6	25	4	7	0	12	23	8	10	6	15	6	7	8	13	6	29	32	20	12	12	16	9	17	28	14	4	2	29	1	0	1	632	16	6	17	11	11	7	43	32	16	20	3	19	5	22	32	15	36	8	9	11	5	12	5	8	6	1	18	5	7	18	20	3	11	45	11	5	23	1	20	14	4	17	7	2	6	5	4	10	10	23	3	14	13	5	16	1	5	7	1	3	2	6	14	17	7	38	15	16	12	9	12	2	7	10	8	8	7	6	7	16	16	5	13	4	7	18	8
Ins3:U1:R1	0	0	0	0	0	0	0	0	0	1	1	1	0	1	1	0	0	0	0	0	0	0	1	0	1	0	0	0	0	0	1	0	0	0	1	0	1	0	0	2	0	0	0	0	1	0	0	1	0	1	1	0	3	0	1	0	0	1	0	0	0	0	0	0	0	0	0	0	0	1	0	1	0	0	1	0	0	0	2	0	0	2	0	0	0	0	0	1	0	0	0	0	0	1	0	0	0	0	0	1	0	0	0	0	0	0	0	0	1	0	0	0	0	0	1	0	1	1	0	0	0	0	0	0	2	1	0	0	0	0	0	1	0	0	0	1	0	0	0	0	1	0	0	0	0	0	0	0	0	0	2	0	0	0	1	0	0	0	0	0	0	1	0	0	1	0	0	0	0	0	1	0	0	0	0	0	0	1	0	1	0	0	1	1	0	0	0	0	0	0	0	0	0	0	0	0	2	0	0	0	0	0	0	0	0	0	0	0	0	0	0	0	0	0	1	0	0	0	0	0	0	0	1	0	1	0	0	0	0	2	0	0	0	0	0	0	0	1	0	0	0	0	0	1	0	0	0	0	0	0	0	0	0	0	0	0	0	0	0	1	0	0	0	0	0	0	0	0	0	0	0	0	1	0	0	0	1	0	0	0	0	0	0	0	1	0	0	0	0	0	0	0	0	0	1	0	1	0	0	0	0	0	0	0	0	0	0	0	0	0	0	0	0	0	0	0	0	0	0	0	0	0	0	0	1
Ins3:U1:R2	0	0	0	0	0	0	1	0	0	0	1	0	0	0	0	0	0	0	0	2	0	0	0	0	0	1	0	0	0	0	0	0	0	0	0	0	0	0	0	0	0	0	1	0	2	0	0	0	0	0	2	0	0	0	0	0	0	0	0	1	0	0	0	0	0	0	0	0	0	0	0	0	1	1	0	1	0	0	6	0	0	0	0	0	1	0	0	0	0	0	0	0	0	4	0	1	0	0	0	0	0	0	0	0	0	0	0	0	0	0	1	0	1	0	1	0	0	0	0	0	2	0	0	0	1	0	1	1	0	0	0	0	0	0	0	2	0	0	0	0	0	0	0	0	1	0	1	0	0	0	0	0	0	1	0	0	0	1	0	0	0	0	0	0	0	0	0	0	0	1	0	0	0	0	0	0	0	0	0	0	0	0	2	0	0	0	0	0	0	0	0	0	0	0	2	0	0	0	0	0	0	1	0	0	1	0	1	0	0	0	1	0	0	0	1	0	1	0	0	1	2	0	0	0	0	1	0	0	1	0	0	0	0	0	0	0	0	0	0	0	0	0	0	0	0	0	0	1	0	1	1	0	0	0	2	0	1	0	0	1	0	0	0	0	2	1	0	0	0	0	0	0	1	0	2	0	0	0	0	0	0	0	0	0	0	0	1	0	0	2	1	1	0	0	0	0	0	1	0	0	0	1	0	0	0	1	0	0	0	0	0	0	0	0	0	0	0	1	0	0	0	2	0	0	0
Ins3:U1:R3	0	0	0	0	0	0	1	0	0	1	0	1	1	0	0	0	0	0	0	0	0	0	0	0	0	0	0	1	0	0	0	0	0	0	0	0	0	0	1	0	0	0	0	0	0	0	0	0	0	0	1	0	1	0	0	0	0	0	0	1	0	0	0	0	0	0	0	0	0	0	0	0	0	0	0	0	0	0	0	0	0	0	0	0	0	0	0	0	0	0	0	1	0	0	0	0	0	0	0	0	0	0	1	0	0	1	0	0	0	0	0	0	0	0	0	0	0	0	0	0	0	0	0	0	4	0	0	0	1	0	0	0	0	0	0	0	0	0	0	0	0	1	0	0	1	0	0	0	0	0	1	0	0	0	0	2	0	0	0	1	0	0	0	0	0	0	1	0	1	0	0	0	0	0	0	0	0	0	0	0	0	1	0	1	1	0	0	0	0	0	0	0	0	0	0	0	0	0	0	1	0	0	1	0	0	1	1	1	0	0	0	0	0	0	1	2	0	0	1	1	1	0	0	1	0	1	0	0	0	0	0	0	1	0	0	0	0	0	0	0	0	0	0	0	0	0	1	0	0	0	0	1	0	0	0	0	0	1	1	0	0	0	0	0	0	0	0	2	1	1	1	0	0	0	0	0	3	1	0	0	0	1	0	1	0	0	0	0	0	0	1	0	0	0	1	0	0	1	0	0	1	0	0	0	0	0	0	0	2	0	0	0	0	0	0	0	1	0	0	0	1	0	0	0	0
Ins3:U1:R4	0	0	0	0	0	0	0	0	0	0	0	0	0	0	0	0	0	0	0	0	0	0	0	0	0	0	0	0	0	0	0	0	0	0	0	0	0	0	0	0	0	0	0	0	1	0	0	0	0	0	0	1	1	0	0	0	0	1	0	0	0	0	0	1	0	0	0	0	0	0	0	0	1	0	1	0	0	0	3	0	0	0	0	0	0	1	0	0	0	0	0	0	0	0	0	0	0	0	0	0	0	1	0	0	0	0	0	0	0	0	0	0	0	0	0	0	0	0	0	0	0	0	0	0	0	0	0	0	0	0	0	1	0	0	0	1	0	0	0	0	0	0	1	0	0	1	0	0	0	0	0	0	1	0	0	0	0	0	0	0	0	0	0	0	0	1	0	0	0	0	0	0	0	0	0	0	0	0	0	0	0	0	0	1	0	0	0	0	0	0	0	0	0	0	0	0	0	0	0	0	0	0	0	1	0	0	0	0	1	0	0	0	0	0	0	0	0	0	0	1	1	0	0	0	0	0	1	0	0	1	0	0	0	0	0	1	0	0	0	0	0	0	0	0	0	0	0	1	0	0	0	0	0	0	0	0	0	0	0	0	0	0	0	0	0	0	0	0	0	0	0	0	0	0	0	0	0	0	0	1	0	0	0	0	0	0	0	0	0	0	0	0	0	1	1	0	0	0	0	0	0	0	0	0	0	0	0	0	0	0	0	0	0	0	0	0	0	1	0	0	0	0	0	1	0
Ins3:U1:R(5,9)	0	1	0	0	0	0	0	1	1	0	0	0	0	0	0	0	0	1	0	0	0	0	0	0	0	1	0	0	2	0	0	0	0	0	1	0	0	0	0	0	0	0	0	0	0	0	1	0	1	0	0	1	0	1	0	0	0	0	0	0	0	0	1	0	1	1	0	0	0	0	0	1	1	0	0	0	0	0	1	0	0	0	0	1	1	0	0	0	0	1	0	0	1	1	0	0	0	0	0	0	0	0	0	0	1	0	0	0	0	1	0	0	0	0	0	0	0	0	0	0	0	0	0	0	11	0	0	0	0	0	0	0	0	0	0	0	0	0	1	0	0	0	0	0	1	0	0	0	0	0	1	0	0	2	0	0	0	0	0	0	0	0	0	0	0	0	0	2	1	0	0	0	0	0	1	0	0	0	0	1	0	0	1	0	0	1	0	0	0	0	1	0	0	0	0	0	0	0	0	0	0	0	1	0	0	0	0	0	1	0	0	1	0	0	0	1	0	0	1	1	1	0	0	0	1	0	0	0	0	0	0	0	0	1	0	0	0	3	0	0	0	0	1	0	1	0	1	2	0	0	0	0	0	0	0	0	0	0	0	0	0	0	0	0	0	0	0	0	0	0	1	0	0	0	1	0	1	1	0	2	0	0	0	0	1	0	0	1	0	0	0	0	0	0	0	0	0	1	1	0	0	0	0	0	0	0	0	0	0	0	1	0	0	1	1	0	0	0	0	0	1	0	0	1	0
Ins3:U3:R1	1	3	2	1	3	1	4	0	3	0	2	0	4	4	6	1	1	3	0	7	1	3	3	2	1	3	2	1	2	3	2	0	5	6	6	1	2	1	7	1	5	0	0	4	4	3	8	1	3	1	5	3	5	7	3	2	3	1	2	2	1	0	0	3	3	2	3	5	5	4	0	3	3	1	6	0	4	0	20	1	1	5	0	2	3	2	4	0	3	0	1	0	2	11	0	1	1	1	1	1	7	5	1	3	3	3	0	1	1	1	0	0	0	7	2	1	0	0	0	1	1	2	1	4	20	6	1	7	0	1	6	4	0	1	1	4	1	2	0	1	1	6	4	2	6	1	3	0	3	2	7	5	7	3	1	1	2	3	0	6	4	2	1	1	2	3	2	1	4	1	2	2	3	1	3	1	0	3	5	8	0	1	10	1	3	7	2	1	0	1	9	0	0	3	6	4	4	0	0	3	0	3	2	0	1	4	6	0	4	1	6	5	0	3	2	6	3	0	8	4	3	6	6	4	1	2	3	1	5	2	4	0	2	6	4	0	2	2	1	1	1	8	3	3	3	4	2	7	1	8	4	1	3	1	3	3	1	2	1	0	1	0	1	1	5	1	0	1	2	1	5	5	4	2	5	0	7	3	4	16	2	1	1	0	0	3	6	5	0	5	4	1	1	2	3	0	0	2	0	1	1	2	4	0	4	1	4	7	1	1	1	1	5	0	0	0	0	0	8	1	7	4	2	5	2
Ins3:U3:R2	0	0	0	1	0	0	0	0	0	0	0	0	0	1	0	1	0	1	0	1	0	1	0	0	0	0	1	1	1	0	0	0	0	0	0	0	0	0	0	0	1	1	0	0	0	1	0	0	2	0	0	2	0	0	0	0	0	0	1	0	1	0	1	0	0	1	0	0	0	0	0	0	1	0	2	0	1	0	4	0	0	0	0	1	0	0	1	0	0	0	0	0	3	1	1	0	0	0	0	0	1	1	0	1	2	1	0	0	0	0	1	0	0	2	0	0	0	0	0	0	1	0	1	0	9	1	0	2	0	0	0	0	0	0	0	1	0	0	1	0	1	0	0	1	0	0	0	0	1	0	1	1	2	0	1	0	1	1	1	1	0	0	1	0	0	1	0	0	0	1	0	0	0	0	0	0	0	0	3	0	0	0	1	0	1	0	0	0	0	0	0	0	0	2	0	3	2	0	1	0	0	0	0	0	0	0	0	0	0	1	1	1	1	0	1	0	0	0	1	0	1	2	2	0	0	0	1	0	0	1	2	0	0	0	0	0	0	3	0	1	0	1	1	1	0	1	0	0	0	1	0	0	0	0	2	1	0	0	0	0	0	0	1	0	1	0	0	1	0	0	0	1	1	0	1	0	1	0	1	1	1	0	0	0	0	0	1	1	0	0	5	0	0	0	0	0	0	0	0	0	1	0	0	0	0	1	0	1	1	0	1	2	0	0	0	0	0	2	0	0	1	0	1	0	0
Ins3:U3:R3	0	0	0	0	0	0	0	0	0	0	0	1	0	0	0	0	0	0	0	0	0	0	0	0	0	1	0	0	0	0	0	0	0	0	1	0	0	0	0	0	1	0	0	0	0	0	0	0	1	0	0	0	0	0	0	0	0	0	0	0	0	0	0	0	0	0	0	0	0	0	0	0	0	0	0	0	1	0	0	1	0	0	1	0	0	1	0	0	0	0	0	0	0	0	0	0	0	0	0	0	0	0	1	0	0	0	1	0	0	0	0	0	0	1	0	0	0	1	0	0	0	0	0	1	1	0	0	0	0	1	0	0	0	0	0	1	0	0	0	0	0	0	0	0	1	0	0	0	0	0	0	0	0	0	0	0	0	0	0	0	1	0	2	0	0	0	1	0	0	0	0	0	0	0	0	0	1	0	1	2	0	1	0	0	0	0	1	0	0	0	0	1	1	0	0	1	0	0	0	0	0	0	0	1	0	0	0	0	0	0	0	0	0	0	0	0	0	0	0	0	0	0	0	0	0	0	0	0	1	0	0	1	1	0	0	0	0	0	0	0	0	0	0	1	0	1	0	0	0	0	0	0	0	0	0	0	0	0	0	0	0	0	0	0	0	0	0	0	1	0	1	1	0	0	0	0	0	0	0	0	0	0	0	0	0	0	0	0	0	0	0	0	0	0	0	0	0	0	0	0	0	0	0	0	0	0	0	0	0	0	0	0	0	0	0	0	0	0	0	0	0	0	0	0	0
Ins3:U3:R4	0	0	0	0	0	0	1	0	0	0	0	0	0	0	0	0	0	0	0	0	0	0	0	0	0	0	0	0	0	0	0	0	0	0	1	0	0	0	0	0	0	0	0	0	0	0	0	0	0	0	0	0	0	0	0	0	0	0	0	0	1	0	0	0	0	0	0	0	1	0	0	0	0	0	0	0	0	0	0	0	0	0	0	0	1	0	0	0	0	0	0	0	0	0	0	0	0	0	0	0	0	0	0	0	0	0	0	0	0	0	0	0	0	0	0	0	0	0	0	0	0	0	0	0	6	0	0	1	0	0	0	0	0	0	0	0	0	0	0	0	1	0	0	0	0	0	0	0	0	0	0	0	0	0	0	0	0	0	0	1	0	0	0	0	0	0	1	0	0	0	0	0	0	0	0	0	0	0	0	1	0	0	0	0	0	0	0	0	0	0	1	1	1	0	0	0	0	0	0	0	0	0	0	1	0	0	0	0	0	1	0	0	0	0	1	0	0	0	0	0	0	0	0	0	0	0	0	0	0	0	0	1	0	0	0	0	0	8	1	1	0	0	0	0	0	0	0	0	0	0	1	0	0	0	0	0	0	0	0	0	0	0	0	0	0	0	0	0	0	0	0	0	0	0	1	0	0	0	0	1	0	0	1	0	0	1	0	0	0	0	0	0	0	0	0	0	0	0	0	0	0	0	0	1	0	0	0	0	0	0	0	0	0	1	0	0	0	0	0	0	0	0	0	0	0
Ins3:U3:R(5,9)	0	0	0	0	0	0	0	2	1	0	0	0	0	0	1	1	1	3	1	0	0	0	0	0	4	0	1	0	3	0	0	0	0	0	3	0	0	0	2	0	0	1	0	1	0	0	0	1	1	0	2	2	1	1	0	0	0	0	0	0	0	0	0	0	0	0	0	0	3	1	0	0	0	0	3	0	3	1	0	1	1	1	1	3	0	1	0	0	0	1	0	0	1	3	0	1	0	2	0	2	0	2	0	1	0	2	1	1	1	0	1	0	1	1	0	1	1	0	1	1	0	0	0	0	59	1	0	0	0	3	0	0	0	2	3	0	0	1	1	2	1	1	0	0	4	1	0	0	1	2	1	1	3	1	1	0	0	2	1	1	0	1	1	0	0	0	3	1	2	0	1	0	0	1	3	0	1	1	0	7	0	4	1	1	0	1	0	0	0	0	5	1	1	0	2	4	0	0	0	0	0	0	0	2	0	0	2	1	0	1	0	1	0	0	1	0	0	0	0	0	1	0	2	0	0	1	0	1	0	1	3	1	0	2	0	0	0	61	3	0	0	1	1	0	1	6	0	0	0	0	0	3	4	1	2	0	0	0	0	1	0	2	0	0	0	2	0	0	1	0	4	2	0	1	0	0	1	1	0	1	0	0	0	1	1	3	0	4	0	0	1	0	3	0	0	1	0	1	0	0	2	1	2	1	3	1	0	0	0	0	1	1	1	0	0	0	0	0	1	0	1	1	0	2	0
Ins4:U1:R1	0	0	0	0	0	0	1	0	1	0	0	0	0	0	0	0	1	0	0	0	0	0	0	0	0	1	0	0	0	0	0	0	0	0	0	0	0	0	0	0	1	0	0	0	0	0	0	0	0	0	1	0	0	0	0	1	0	0	0	0	0	0	0	0	0	0	0	1	0	0	0	0	0	0	1	0	0	0	0	0	1	0	0	0	0	0	0	0	0	0	0	0	0	0	0	0	0	0	0	0	1	0	0	0	0	0	0	0	0	0	0	0	0	0	0	0	0	0	0	0	0	0	0	1	0	0	0	1	0	0	0	0	0	0	0	0	0	1	1	0	0	1	1	0	1	0	0	0	0	0	0	0	1	0	0	0	0	0	0	0	0	0	0	0	0	0	0	0	1	0	1	0	0	0	0	0	0	0	0	1	0	1	2	0	0	0	0	0	0	0	0	1	0	0	1	0	1	0	0	0	0	0	0	0	0	0	0	0	0	0	0	0	0	0	0	0	0	0	0	0	1	1	0	0	0	0	1	0	0	0	0	0	0	0	0	0	0	0	0	0	0	0	0	0	1	0	0	0	0	0	0	0	0	0	0	0	0	0	0	0	0	0	0	0	0	0	0	0	0	0	0	0	0	0	0	0	1	1	0	0	0	0	0	0	0	0	0	0	1	0	0	0	0	0	0	0	0	0	1	0	0	0	0	0	0	0	0	0	0	0	0	0	0	0	0	0	0	0	0	0	0	0	1	0	0
Ins4:U1:R2	0	0	0	0	1	0	0	0	0	0	0	0	0	0	0	0	0	0	0	0	0	0	0	0	0	1	0	0	0	0	0	0	0	0	0	2	0	0	0	0	0	0	0	0	1	0	0	0	0	1	1	0	0	0	0	0	0	1	1	2	0	0	0	0	0	0	0	0	0	0	0	0	0	0	1	0	0	0	1	0	0	0	0	0	0	0	0	0	0	0	0	0	0	0	0	0	0	0	0	0	0	0	0	0	0	0	0	0	0	0	0	0	0	0	0	0	0	0	0	0	0	0	0	1	8	0	0	0	0	0	0	1	0	0	0	2	0	0	0	1	0	0	0	0	0	0	0	0	0	0	1	0	1	0	0	0	0	1	0	0	0	0	1	0	0	0	0	0	0	1	0	0	0	0	0	0	0	0	0	0	0	0	0	0	0	2	0	0	0	0	1	0	0	0	1	0	1	0	0	1	0	0	0	0	0	0	0	0	0	1	0	1	0	0	0	0	0	0	0	0	2	0	0	0	0	0	0	0	0	0	0	0	0	0	0	0	0	2	0	0	0	0	0	0	0	0	0	0	0	0	0	0	1	0	1	0	0	0	0	0	0	0	0	0	1	0	0	1	0	0	0	0	0	0	0	0	0	0	0	1	0	0	0	0	0	0	0	0	0	2	0	0	0	0	0	0	0	1	0	0	0	0	0	0	0	0	0	0	1	0	0	0	0	0	0	0	0	0	0	0	0	0	1	0	0
Ins4:U1:R3	1	2	0	1	1	0	3	0	4	0	0	0	0	0	0	0	0	1	0	2	0	0	1	0	5	1	0	1	4	0	0	0	1	2	1	3	0	0	1	1	5	0	0	1	5	1	9	0	0	0	3	0	0	1	1	0	1	0	1	1	0	0	0	3	0	2	0	1	0	0	0	2	5	0	2	0	0	0	21	0	0	1	1	0	4	0	0	0	1	0	1	0	1	5	1	0	0	0	0	3	2	0	0	2	1	1	0	0	0	0	0	0	4	2	5	2	0	0	2	0	1	0	0	1	13	1	0	2	0	1	1	0	1	0	1	6	0	3	2	0	0	1	3	0	3	1	1	0	2	1	4	1	3	0	2	3	1	1	0	4	0	3	0	0	0	1	0	0	2	1	0	0	0	0	0	1	0	1	1	13	3	3	2	0	1	2	1	0	0	0	1	0	0	0	3	0	1	0	1	2	0	0	0	0	2	0	1	0	0	1	2	1	0	1	1	5	0	1	0	2	14	1	1	1	4	0	0	0	0	5	0	0	0	1	0	0	0	0	0	0	0	1	1	0	3	0	0	4	0	5	0	2	0	0	6	1	0	0	1	2	0	1	0	0	2	1	0	0	0	0	1	2	4	0	0	0	3	7	2	1	0	0	1	1	1	1	1	1	1	2	4	0	1	0	0	0	0	1	0	1	0	1	0	0	0	1	0	2	0	0	1	1	0	0	0	0	0	1	2	1	1	2	11	3	0
Ins4:U1:R4	0	0	0	0	0	0	1	0	0	1	0	0	0	1	0	0	0	0	0	1	0	0	0	0	1	0	0	0	0	0	1	0	0	0	0	0	0	0	0	0	1	0	0	0	1	0	1	0	1	0	0	0	0	0	0	0	0	0	0	0	0	0	0	0	0	0	0	0	0	0	0	0	0	0	0	0	0	0	4	0	0	0	0	0	0	0	0	0	0	0	0	0	0	0	0	0	0	0	0	0	0	0	0	1	1	0	0	1	0	0	0	0	0	1	0	0	0	0	0	0	0	0	0	0	1	0	0	0	0	0	0	0	0	0	0	0	0	2	0	0	0	1	0	0	0	0	1	0	0	0	0	0	0	0	0	0	0	1	0	1	1	1	0	0	0	0	0	0	1	0	0	0	0	0	0	0	0	0	0	1	0	0	0	0	0	0	0	0	0	0	0	0	0	0	0	0	1	0	0	0	0	0	0	0	0	0	0	0	0	0	0	0	0	0	0	0	0	0	0	0	1	0	0	0	0	0	0	0	0	0	0	0	0	0	0	0	0	0	0	0	0	0	0	0	0	1	0	1	0	0	0	0	0	0	0	0	0	0	0	0	0	0	0	0	1	1	0	0	0	0	0	0	1	0	0	0	0	1	0	0	0	1	0	0	0	1	0	0	0	1	0	0	0	0	0	0	0	0	0	0	0	0	0	0	0	0	0	0	0	0	0	1	0	0	0	0	0	0	0	1	0	0	1	0	0
Ins4:U1:R(5,9)	1	0	0	0	1	0	3	0	0	0	0	0	0	0	0	0	1	0	0	0	0	0	0	0	0	0	0	0	0	0	0	0	0	0	2	0	0	0	0	0	0	0	0	0	0	0	0	0	0	0	2	0	1	1	0	1	0	0	1	0	0	0	0	1	0	0	0	1	0	1	0	0	1	0	1	0	0	0	3	0	0	0	0	0	0	0	0	0	0	0	0	2	0	1	0	0	0	0	0	0	0	0	0	0	0	1	0	0	0	0	0	0	0	1	0	0	0	0	0	0	1	0	0	1	3	0	0	1	0	0	2	0	0	0	0	1	0	0	0	0	0	0	1	0	0	0	0	0	0	0	0	1	1	0	0	0	0	1	0	1	0	1	0	0	0	0	1	0	0	0	0	0	0	0	0	0	0	0	0	3	0	1	2	0	0	0	0	0	0	0	0	1	0	0	2	1	0	0	0	1	0	0	0	0	0	0	1	0	0	0	1	0	0	0	1	2	0	0	0	2	5	1	1	0	0	0	1	0	0	0	0	0	0	0	0	0	0	0	0	0	0	0	0	0	0	0	1	0	0	0	0	1	0	0	0	0	0	0	0	0	0	0	0	0	0	1	0	0	1	0	1	1	1	0	1	0	1	0	1	1	0	0	0	2	0	1	1	0	0	0	0	0	0	0	0	0	1	0	0	0	0	0	0	0	0	0	0	1	0	0	0	0	0	0	0	0	0	0	2	0	0	0	2	1	0
Ins4:U2:R1	1	0	0	0	0	0	1	0	0	0	0	0	0	0	0	0	0	0	0	0	0	0	0	0	0	0	0	0	0	0	0	0	0	0	0	0	0	0	0	0	0	0	0	0	0	1	0	0	0	0	0	0	1	0	0	0	0	0	0	0	0	0	0	0	0	0	0	0	0	0	0	0	0	0	0	0	0	0	1	0	0	1	0	0	0	0	0	0	0	0	0	1	2	0	0	0	0	0	0	0	0	0	0	0	0	0	0	0	0	0	0	0	0	0	0	0	0	0	0	1	2	1	0	0	1	0	0	0	0	0	0	0	0	0	0	0	1	0	1	0	0	0	0	0	0	0	0	0	0	0	1	0	0	0	0	0	0	0	0	0	0	0	1	0	0	0	0	0	0	0	0	0	0	0	0	0	0	0	0	0	0	0	0	0	0	0	0	0	0	0	0	0	0	0	0	0	1	0	0	0	0	0	0	0	0	0	0	0	0	0	0	0	0	0	0	0	0	0	0	0	0	0	0	0	0	0	0	0	0	0	0	0	0	0	0	0	0	1	0	0	0	1	0	0	0	0	0	0	0	0	0	0	0	0	0	0	0	0	0	0	0	0	0	0	0	0	0	0	0	0	0	0	0	0	0	0	0	0	0	0	0	0	0	0	0	0	0	0	0	0	0	0	0	0	0	0	0	1	0	0	0	0	0	0	0	0	0	0	0	0	0	0	0	0	0	0	0	0	0	0	1	0	1	0	0
Ins4:U2:R2	0	0	0	0	1	0	0	1	0	0	0	0	0	0	0	0	1	0	0	0	0	0	0	0	0	0	0	0	0	0	0	0	0	0	0	1	0	0	0	0	0	0	0	0	0	1	0	0	0	0	1	0	0	1	0	0	0	0	1	1	0	0	0	0	0	0	0	0	1	0	1	1	0	1	0	0	1	0	1	1	0	0	0	0	0	0	0	0	0	0	0	0	0	1	0	1	0	0	0	0	0	0	0	1	0	0	0	0	0	0	0	0	1	0	0	0	0	1	0	0	2	0	0	0	2	2	0	2	0	2	0	0	0	0	0	1	1	0	0	0	0	0	0	0	0	0	0	1	0	0	0	0	0	0	0	0	1	1	0	1	0	0	1	0	0	0	0	0	1	0	1	0	0	0	0	1	0	0	0	1	0	1	1	0	0	0	0	0	0	0	1	0	0	0	1	1	0	0	0	1	0	0	0	0	0	1	0	1	0	0	0	1	0	0	0	0	0	0	0	0	1	1	0	1	0	0	0	0	0	1	0	0	0	0	0	0	1	3	0	0	0	0	1	0	0	0	0	0	0	0	0	0	0	2	0	0	1	1	0	0	0	0	0	0	0	0	0	3	0	1	0	4	1	2	0	0	0	1	0	0	0	0	0	0	0	0	0	0	0	0	0	0	0	0	1	0	0	0	0	0	0	0	0	0	0	0	0	1	1	0	0	0	0	0	0	1	1	0	0	0	0	0	0	0	0
Ins4:U2:R3	0	0	0	0	0	0	0	0	0	0	0	0	0	0	0	0	0	0	0	2	0	0	0	0	0	0	0	0	0	0	0	0	0	0	1	0	1	0	0	0	0	0	0	0	0	0	0	0	0	0	2	0	0	0	0	0	1	0	0	0	0	0	0	0	0	0	0	0	0	0	0	0	0	0	0	0	1	0	0	0	0	0	0	0	0	1	0	0	0	0	0	0	0	1	0	0	0	0	0	0	0	0	0	0	0	0	0	0	0	0	0	0	0	0	0	0	0	0	0	0	0	0	0	0	1	0	0	0	0	0	0	1	0	0	0	0	0	0	0	0	0	0	0	0	0	0	1	0	0	0	0	1	0	0	0	0	0	0	0	0	0	0	0	0	0	0	0	0	0	0	0	0	0	0	0	0	0	0	0	0	0	0	0	0	0	0	0	0	0	1	1	0	0	0	2	0	0	0	0	0	0	0	0	0	0	0	0	0	0	0	0	0	0	1	0	0	0	0	0	0	0	0	0	0	0	0	0	0	1	0	0	0	0	0	1	0	0	0	0	0	0	0	0	0	0	0	0	0	0	0	1	0	0	0	0	1	1	0	0	1	0	0	0	0	0	1	0	1	0	0	0	0	0	0	0	0	0	0	1	0	0	0	0	0	0	0	0	0	0	0	0	0	0	0	0	0	0	0	0	0	0	1	0	1	0	0	0	0	0	0	0	0	0	0	0	0	0	0	0	0	0	0	0	0	0
Ins4:U2:R4	0	0	0	0	0	0	0	0	0	0	0	0	0	0	0	0	1	0	0	0	0	1	0	0	1	1	0	0	0	0	0	0	0	0	0	0	0	0	0	0	0	0	0	0	0	0	0	0	0	0	0	0	0	0	0	0	0	0	0	0	0	0	0	0	0	0	0	0	1	0	0	0	0	0	0	0	0	0	0	1	0	0	0	0	0	0	0	0	0	0	0	0	0	0	0	0	0	0	1	0	0	0	0	1	0	0	0	0	1	0	0	0	0	0	0	0	0	0	0	0	0	0	0	0	0	0	0	1	0	0	0	0	0	0	0	0	0	0	0	0	0	1	0	0	0	0	0	0	0	0	0	0	0	0	1	0	0	0	1	0	0	0	0	0	0	0	0	0	1	0	0	0	1	0	0	0	1	0	0	0	0	1	0	0	0	0	0	0	0	0	0	0	0	0	0	0	0	0	0	0	0	0	0	0	0	0	1	0	0	0	0	0	0	0	0	0	0	0	0	1	0	0	0	1	0	0	1	0	0	0	1	0	0	0	0	0	0	1	0	0	0	0	0	0	0	0	0	0	0	0	0	0	0	0	1	0	0	1	0	0	0	0	0	0	0	0	0	0	0	0	0	0	0	0	0	0	0	1	0	0	0	0	0	0	0	0	0	0	0	1	0	0	0	0	0	0	0	0	0	0	0	0	0	0	0	0	0	0	0	0	0	0	0	0	0	0	0	0	1	0	0	0	0	0	0
Ins4:U2:R(5,9)	1	1	0	0	2	0	0	1	2	0	0	0	1	0	0	0	0	0	0	0	0	0	1	0	0	1	0	0	0	0	1	0	0	0	0	0	0	0	1	0	0	0	0	0	0	1	1	1	0	0	0	0	0	0	1	0	0	2	1	1	2	0	1	1	0	2	0	0	1	2	1	0	0	0	0	0	3	0	0	0	0	2	0	0	0	1	0	0	0	3	2	0	1	2	0	0	0	0	0	0	0	0	1	0	2	0	0	0	1	0	0	0	0	0	0	0	1	0	0	0	0	0	2	0	15	0	0	0	0	3	0	1	0	1	0	0	1	0	0	0	0	0	1	0	0	1	1	0	0	3	0	0	0	1	1	2	0	0	2	0	0	0	2	0	0	0	0	0	1	0	0	0	0	0	0	0	0	0	1	1	1	1	0	0	0	0	2	1	0	1	1	0	0	1	0	4	0	0	1	0	0	2	1	1	0	0	0	1	0	0	0	0	0	0	0	1	2	1	0	0	0	1	0	1	1	0	0	0	0	0	0	0	0	0	1	0	0	22	0	1	0	0	0	0	3	0	1	0	0	0	0	1	2	1	1	0	2	0	0	1	0	0	0	0	0	0	0	1	1	0	1	0	0	0	1	0	1	1	1	2	0	1	0	0	0	0	1	0	0	1	0	0	1	0	0	0	0	0	0	1	1	0	0	2	0	0	0	0	0	0	0	0	0	0	1	0	1	0	0	0	1	0	0	2	1
Ins4:U4:R1	3	2	0	4	5	0	2	5	5	3	1	0	3	2	1	2	3	1	4	1	2	2	2	2	3	2	4	2	6	0	5	0	2	2	7	1	2	0	3	3	5	1	0	1	6	2	12	0	4	0	8	2	3	5	4	5	0	2	1	4	1	0	3	1	4	4	1	3	3	3	2	2	6	3	4	1	3	0	17	0	6	3	1	0	4	4	1	3	2	0	3	1	3	17	1	1	2	1	0	4	7	1	0	2	5	4	1	2	0	6	1	2	0	5	1	2	2	2	2	2	3	2	2	3	12	2	1	5	1	5	7	2	0	3	1	4	4	5	3	3	1	7	4	2	7	3	0	1	7	2	5	3	5	4	4	3	5	8	0	4	2	0	1	2	3	5	8	0	6	2	1	3	3	2	3	0	1	0	1	14	3	4	7	3	2	3	5	4	2	5	13	3	3	2	7	5	3	0	2	2	1	2	4	0	1	2	1	4	7	4	8	4	0	3	3	4	2	0	5	7	6	4	4	4	7	1	5	2	5	13	4	1	1	3	2	0	0	4	3	1	5	8	1	5	6	4	3	8	2	8	4	1	5	2	8	4	0	1	0	7	1	2	0	2	6	2	1	4	0	0	1	8	5	1	12	3	10	4	7	17	4	0	2	3	1	3	9	1	3	4	5	0	4	0	2	0	0	3	1	3	3	3	4	2	3	0	0	7	3	1	0	2	1	2	1	4	3	3	4	1	8	4	7	5	2
Ins4:U4:R2	0	0	0	0	0	0	1	1	1	0	0	0	0	0	1	0	0	0	1	0	0	0	0	0	0	1	0	0	0	0	0	0	0	0	0	0	1	0	0	0	0	0	0	0	1	0	1	0	0	0	1	0	0	0	1	0	0	1	1	0	0	0	0	0	0	1	0	0	2	1	0	0	3	0	0	0	1	0	4	0	0	0	0	0	0	0	0	0	1	0	0	0	1	1	1	0	0	0	0	0	0	0	1	1	0	0	0	0	0	0	0	0	0	0	0	0	0	0	0	0	0	0	0	1	4	1	1	0	0	0	1	1	0	2	0	0	1	0	0	1	0	1	1	0	0	0	0	0	0	0	1	0	0	0	2	2	0	0	0	0	0	1	0	0	0	0	1	0	0	1	0	0	1	0	0	0	0	0	0	2	0	0	0	0	0	0	0	0	0	0	1	2	2	0	1	1	1	0	0	0	0	0	1	0	1	1	0	0	0	0	0	1	0	0	0	0	0	0	0	3	1	0	0	0	0	0	0	0	1	1	0	3	0	0	0	0	0	2	0	0	0	1	1	0	1	0	0	0	0	2	0	0	0	0	0	0	1	0	1	0	0	0	0	1	0	0	0	1	0	0	0	1	0	0	0	0	1	1	0	5	0	0	0	0	0	0	0	0	1	0	0	0	0	0	0	0	0	0	0	0	0	0	0	0	0	1	0	1	1	0	0	0	0	0	0	1	0	0	0	0	1	0	2	2	0
Ins4:U4:R3	0	0	0	0	0	0	0	0	0	0	1	0	0	0	0	0	0	1	0	0	0	0	0	0	0	0	0	0	0	0	1	0	0	0	0	0	0	0	0	0	0	0	0	0	0	0	1	0	0	0	2	0	0	0	0	0	0	0	0	0	0	0	0	0	0	0	0	0	0	0	0	0	1	0	0	1	0	0	0	1	0	1	0	0	0	0	0	0	0	0	1	0	0	1	0	0	0	0	0	0	0	1	0	0	0	0	0	0	0	0	0	0	0	0	0	0	0	0	0	0	0	0	0	0	1	1	0	0	0	0	0	0	0	1	0	0	0	0	0	0	1	1	0	0	1	0	0	0	0	0	0	0	0	1	0	0	0	0	0	0	0	0	1	0	0	1	0	0	0	0	0	0	0	0	0	0	0	0	0	1	0	0	0	0	1	1	1	1	1	0	0	1	1	2	2	0	0	0	0	0	0	0	0	0	0	0	0	0	0	0	0	1	0	0	0	0	0	0	0	0	1	0	0	0	0	0	0	1	0	0	2	0	0	0	0	0	0	2	0	0	1	0	0	0	0	0	0	0	0	0	0	0	1	0	0	0	0	0	0	0	0	0	0	0	0	0	1	0	0	0	0	0	0	0	0	0	0	0	1	0	0	0	0	0	0	0	0	1	0	0	0	0	0	0	0	0	0	1	0	0	0	0	0	0	0	1	0	0	0	0	0	0	0	0	0	0	0	1	0	0	0	0	1	0	0
Ins4:U4:R4	0	0	0	0	1	0	0	1	1	0	0	0	0	0	0	1	0	1	2	0	0	0	0	0	0	0	0	0	0	0	0	0	0	0	0	0	0	0	0	0	2	0	0	0	1	0	0	0	0	1	0	0	0	0	0	0	0	1	0	0	0	0	0	0	0	0	1	0	0	0	0	0	1	0	0	0	1	0	0	0	0	0	0	0	0	0	0	1	1	0	0	0	0	2	0	0	0	0	0	1	0	1	0	0	0	1	0	1	0	0	1	0	0	1	0	0	0	0	0	0	0	1	0	0	13	0	0	0	0	0	0	0	0	0	3	0	1	1	0	0	0	0	0	0	0	0	1	0	1	0	0	0	0	0	0	0	0	0	0	0	0	0	0	0	0	0	0	0	1	0	0	0	0	0	0	0	0	0	0	1	0	0	0	0	0	1	0	1	0	0	1	0	0	0	1	1	1	0	0	0	0	0	0	0	0	1	0	1	0	0	1	0	0	0	0	0	0	0	1	2	0	0	1	0	1	1	0	0	0	0	0	0	0	0	0	0	0	8	0	0	0	0	2	0	1	2	1	1	1	0	0	0	0	0	0	1	0	1	0	1	0	0	0	0	0	0	0	0	1	0	0	1	1	0	1	0	3	0	0	0	0	0	0	0	0	0	1	1	1	0	1	0	0	0	1	0	0	1	0	0	0	1	1	0	0	0	0	1	0	0	0	0	0	0	0	0	0	0	1	0	1	1	0	0	0
Ins4:U4:R(5,9)	2	0	0	0	0	0	1	0	2	0	0	1	0	0	0	1	0	0	1	0	0	0	0	1	2	0	0	0	1	0	1	0	1	2	1	0	1	1	1	0	0	0	0	0	0	0	1	0	0	0	2	0	1	0	0	0	1	0	0	0	1	1	0	1	0	0	0	0	1	0	0	2	0	0	0	2	0	0	1	1	0	1	0	0	0	1	1	1	0	0	0	1	3	0	0	0	0	0	0	5	2	1	0	0	1	0	1	0	0	0	1	1	0	5	0	0	3	0	0	0	1	1	0	0	26	1	2	2	0	0	0	1	0	1	1	1	2	0	0	0	1	0	0	1	0	0	0	0	0	1	0	0	0	0	0	0	1	0	0	0	0	2	0	1	0	0	1	2	0	0	0	0	0	1	1	1	1	0	0	2	0	0	1	1	0	1	0	0	2	0	4	0	0	0	1	1	1	0	1	0	0	0	0	1	0	1	0	0	0	0	1	2	0	0	0	0	0	1	0	0	0	1	1	1	0	1	0	0	2	1	5	0	0	1	0	0	0	16	1	0	0	1	0	1	2	1	0	0	0	0	0	0	3	0	0	0	0	0	0	0	1	0	0	0	1	1	0	0	0	0	1	2	1	1	1	1	2	1	1	2	0	0	0	0	0	0	1	0	1	1	0	0	0	0	1	0	0	0	1	0	1	2	1	0	0	2	0	1	0	1	0	1	2	0	0	0	0	3	1	0	1	1	0	0	0
Ins(5,):U1:R1	0	0	0	0	0	0	0	0	0	0	0	0	2	0	0	0	0	0	0	0	0	0	0	1	0	0	0	0	0	0	0	0	0	0	0	0	0	0	0	0	0	0	0	0	0	0	0	0	0	0	1	0	2	0	0	0	0	0	0	0	0	0	1	0	0	0	0	0	1	0	1	0	0	0	0	1	0	0	1	0	0	0	0	0	1	0	0	0	0	0	0	0	0	0	0	0	0	0	0	0	0	0	0	0	0	0	0	1	0	0	0	0	0	0	1	0	0	0	0	0	0	0	0	0	2	0	0	0	0	0	0	1	0	0	0	0	1	0	1	0	0	0	0	0	0	0	0	0	0	0	0	0	1	0	0	0	1	0	0	0	0	0	1	0	0	0	0	0	0	0	0	1	0	0	0	1	0	0	0	0	0	0	0	0	0	0	0	0	0	0	0	0	0	1	0	0	0	0	0	0	0	0	2	1	0	0	0	0	0	0	1	0	0	0	1	0	0	0	0	0	0	0	1	0	1	0	0	0	0	0	0	0	0	0	0	0	0	1	0	0	0	0	0	0	0	0	1	1	0	0	1	0	0	0	0	0	0	0	0	1	0	0	0	0	0	0	0	0	0	2	0	1	1	0	0	0	0	0	1	0	0	0	0	0	0	0	0	0	0	0	0	0	0	0	0	0	0	0	0	0	0	0	0	1	0	0	0	0	0	0	0	0	0	1	0	0	0	0	0	0	0	0	0	0	0
Ins(5,):U1:R2	0	0	0	0	0	0	0	0	0	0	0	0	0	0	0	0	0	1	0	0	0	0	0	1	0	0	0	0	0	0	0	0	0	0	0	0	0	0	0	1	0	0	0	0	0	0	0	0	0	0	2	0	1	0	0	0	0	0	1	0	0	0	0	0	0	0	0	0	0	0	0	0	0	0	0	0	0	0	0	0	0	0	0	0	0	0	0	2	0	0	0	0	0	0	0	0	0	0	0	1	0	1	0	0	0	0	0	0	1	0	0	0	0	0	1	1	0	0	0	0	0	0	0	0	2	0	0	0	0	0	0	0	0	0	0	0	0	0	0	0	0	0	0	0	0	0	0	0	0	0	0	0	1	0	0	0	0	0	0	0	0	0	0	0	0	0	0	0	0	0	0	0	0	0	0	0	0	0	0	0	0	0	0	0	0	0	0	0	0	0	0	1	0	0	1	0	1	1	0	0	0	0	0	0	1	0	0	0	0	0	0	0	1	0	0	0	0	0	0	0	0	0	0	0	0	0	0	0	0	0	0	0	0	0	0	0	0	0	0	0	0	0	0	0	0	0	0	1	0	0	0	0	0	0	0	0	0	0	0	0	0	0	0	0	1	0	0	0	2	0	0	0	0	0	0	0	0	0	0	0	0	0	1	1	0	0	0	0	0	0	0	0	0	0	0	0	0	0	1	0	1	0	0	0	0	1	0	0	0	0	0	0	0	0	0	0	0	0	1	0	0	0	0	0	0
Ins(5,):U1:R3	0	1	0	0	0	0	0	0	0	0	0	0	0	0	0	0	1	0	0	0	0	0	0	0	0	0	0	0	0	0	0	0	0	0	0	0	0	0	0	1	0	0	0	0	0	0	0	1	0	0	1	0	0	1	0	0	0	0	0	0	0	0	0	0	1	0	0	0	1	0	0	0	0	0	0	0	0	0	0	0	0	0	0	0	0	0	0	0	0	0	0	0	0	0	0	0	0	0	0	0	0	0	0	0	0	0	0	0	0	0	0	0	0	0	0	0	0	0	0	0	1	0	0	0	1	0	0	0	0	0	1	1	0	0	0	0	0	0	0	0	0	0	0	0	0	0	0	0	0	1	0	0	0	1	0	0	0	0	0	1	0	0	0	0	0	1	0	0	1	0	0	0	0	0	0	0	0	0	0	0	0	0	1	1	0	0	0	1	0	0	0	0	0	0	0	0	0	0	0	0	0	0	0	0	0	0	0	0	0	0	0	0	0	1	0	0	0	0	0	0	0	0	0	0	0	0	0	0	0	1	0	0	0	0	0	0	0	0	0	0	1	0	0	0	0	0	0	1	0	0	0	0	2	0	0	1	1	0	0	0	0	0	0	0	0	0	0	0	0	0	1	0	0	0	0	0	1	0	0	0	0	0	0	0	0	0	0	0	0	0	1	0	0	0	0	0	0	0	0	0	1	0	0	0	0	0	0	0	0	0	0	0	0	0	0	1	0	0	0	0	0	0	2	0	0
Ins(5,):U1:R4	1	0	0	0	0	0	2	0	2	0	0	0	0	0	0	0	0	0	0	0	0	0	0	0	1	1	0	0	0	0	1	0	0	0	0	1	0	0	0	1	0	0	1	1	0	0	1	0	0	0	1	0	0	0	1	0	0	0	0	0	0	0	0	2	0	1	0	1	0	0	0	0	0	0	1	0	0	0	4	0	0	0	1	0	0	1	0	0	0	0	0	1	0	0	0	0	0	0	1	1	0	1	0	0	0	0	0	0	0	0	0	0	0	0	0	1	0	0	0	0	0	0	0	0	1	0	0	0	0	0	0	0	0	0	0	6	1	1	1	0	0	0	0	0	0	1	0	0	0	0	1	0	1	1	0	0	0	0	0	2	0	1	0	0	0	1	1	0	0	1	0	0	0	0	0	0	0	0	0	2	0	0	1	0	1	1	0	0	0	0	2	0	0	0	1	0	0	0	0	0	0	0	0	0	0	1	0	0	0	0	1	1	0	0	1	0	0	0	0	1	2	0	0	0	1	1	0	0	0	2	1	0	0	0	1	0	0	1	0	0	1	2	0	0	2	0	0	1	0	1	0	0	0	0	2	0	0	1	0	1	0	0	0	0	2	0	0	0	0	0	0	0	0	0	1	0	0	1	0	2	0	0	1	1	0	0	0	0	0	1	1	0	1	0	0	0	0	0	0	0	0	0	1	0	0	0	0	1	0	0	0	1	0	0	0	0	0	0	1	1	0	2	1	0	0
Ins(5,):U1:R(5,9)	0	0	0	0	0	0	0	0	0	0	0	0	1	0	0	1	0	1	0	0	0	0	1	0	0	0	0	0	0	0	1	0	0	0	1	0	1	0	0	1	1	1	0	0	1	0	0	0	0	0	1	1	1	0	0	0	0	0	0	0	0	0	0	0	0	0	0	0	0	0	0	0	1	0	1	0	0	0	2	0	0	0	2	0	1	0	0	2	0	0	0	0	0	1	0	0	0	1	1	0	0	0	0	0	0	0	0	0	0	0	0	0	1	0	0	0	0	0	0	0	1	0	1	0	3	0	0	0	0	0	3	0	1	1	0	4	1	0	0	1	1	0	1	0	0	0	0	0	0	0	3	0	0	0	0	0	1	0	0	1	1	1	0	0	0	0	2	0	0	0	0	0	0	0	0	0	0	0	0	3	0	0	0	0	0	0	0	0	0	0	0	0	0	1	1	0	0	0	0	0	0	0	1	0	0	0	0	0	0	0	0	0	0	0	0	0	0	0	1	0	1	1	0	0	0	1	1	1	1	0	1	0	0	1	1	0	0	6	0	0	1	1	0	1	0	0	0	0	1	2	0	0	1	0	0	0	0	0	0	1	0	0	0	0	0	0	0	1	0	0	1	1	1	0	0	0	1	0	0	0	0	0	0	1	1	0	0	1	0	0	1	0	1	0	0	0	1	0	0	1	0	1	0	0	0	0	0	0	1	0	0	0	0	0	0	0	0	0	0	0	0	1	1	0	0
Ins(5,):U2:R1	1	0	0	0	0	0	0	0	0	0	1	0	0	0	0	0	0	0	0	0	0	0	1	0	0	0	0	0	0	0	0	0	0	0	0	0	0	0	0	0	0	0	0	0	0	0	0	0	0	0	0	0	0	0	1	0	0	0	0	0	0	0	0	1	0	0	0	0	0	0	0	0	0	0	0	0	0	0	0	0	0	0	0	0	0	0	0	0	0	0	0	0	0	1	0	0	0	0	0	0	0	0	0	0	0	0	0	0	0	0	0	0	0	1	0	0	0	0	0	0	0	0	1	0	1	0	0	0	0	0	0	0	0	0	0	0	0	0	1	0	0	0	0	0	0	0	0	0	0	1	0	0	0	1	0	0	0	0	0	0	0	0	0	0	0	0	1	0	0	0	1	0	0	0	0	0	0	0	1	0	0	0	0	0	0	0	0	0	0	0	0	0	1	0	0	0	0	0	0	0	0	0	0	0	0	0	0	0	0	0	0	0	0	0	0	0	0	0	0	0	0	0	0	0	0	0	0	0	0	0	0	0	0	0	0	0	0	1	0	0	0	0	0	0	0	0	0	0	0	1	0	0	0	0	0	0	0	0	0	0	0	0	1	0	0	0	0	0	0	0	0	0	0	0	1	0	1	0	0	0	0	0	0	0	0	0	0	0	0	0	0	0	0	0	0	0	0	0	0	0	0	0	1	0	0	0	0	0	0	1	0	0	0	0	0	0	0	1	0	0	0	0	0	0	1
Ins(5,):U2:R2	0	0	0	0	0	0	0	0	0	0	0	0	0	0	0	1	0	1	0	0	0	0	0	0	0	0	0	0	0	0	0	0	0	0	0	0	0	0	0	0	0	0	0	0	0	0	0	0	0	0	0	0	0	0	0	0	0	0	0	0	0	0	0	0	0	0	0	0	0	0	0	0	0	0	0	0	0	0	0	0	0	0	0	0	0	0	0	0	0	0	0	0	0	0	1	0	0	0	0	0	0	0	0	0	0	0	0	0	0	0	0	0	0	0	0	0	0	0	0	0	0	0	1	0	1	0	0	0	0	0	0	0	1	0	0	0	0	0	0	0	0	0	0	0	0	0	0	0	0	0	0	0	0	0	0	0	0	0	0	0	0	0	0	0	0	0	0	0	0	0	0	0	0	0	0	0	0	0	0	0	0	0	0	0	0	0	0	0	0	0	0	0	0	0	0	0	0	0	0	0	0	0	0	0	0	0	0	0	0	0	0	0	0	0	0	0	0	0	0	0	0	0	0	0	0	0	0	0	0	0	0	0	0	1	0	0	0	0	0	0	0	0	0	0	0	0	0	0	0	0	0	0	0	0	0	0	0	0	0	0	0	0	0	0	0	0	0	0	0	0	0	0	0	0	0	0	0	0	0	0	0	0	0	0	0	0	0	0	0	0	0	0	0	0	1	0	0	0	0	0	0	0	0	0	0	0	0	0	0	0	0	0	0	0	0	0	0	0	0	0	0	0	0	0	0
Ins(5,):U2:R3	0	0	0	0	0	0	0	0	0	0	0	0	0	0	0	0	0	0	0	0	0	0	0	0	0	0	0	0	0	0	0	0	0	0	0	0	0	0	0	0	0	0	0	0	0	0	0	0	0	1	0	0	1	0	0	0	0	0	0	0	0	0	0	0	0	0	0	0	0	0	0	0	0	0	0	0	0	0	0	0	0	0	0	0	1	0	0	0	0	0	0	0	0	0	0	0	0	0	0	0	0	0	0	0	0	0	0	0	0	0	0	0	0	0	0	0	0	0	0	0	0	0	0	0	1	0	0	0	0	0	0	0	0	0	1	0	0	0	0	0	0	0	0	0	1	0	0	0	0	0	0	0	0	0	0	0	0	0	0	0	0	0	0	0	0	0	0	0	0	0	0	0	0	0	0	0	0	0	0	0	0	0	0	0	0	0	0	0	0	0	0	0	1	0	0	0	0	0	0	0	0	0	0	0	0	0	0	0	1	0	0	0	0	0	0	0	0	0	0	0	0	0	2	0	0	0	0	0	0	0	0	0	0	0	0	0	0	1	0	0	0	0	0	0	0	0	0	0	0	0	0	0	0	0	0	0	0	0	0	0	0	0	0	0	0	0	0	0	0	0	0	0	0	0	0	0	0	0	0	0	0	0	0	0	0	0	0	0	0	0	0	0	0	0	0	0	0	0	0	0	0	0	0	0	0	0	0	0	0	0	0	0	0	0	0	0	0	0	1	0	0	0	0	1	0
Ins(5,):U2:R4	0	0	0	0	0	0	0	0	0	0	0	0	0	1	0	0	0	1	0	0	0	0	0	0	0	0	0	0	1	0	0	0	0	0	1	0	0	0	0	0	0	0	0	0	0	0	0	0	0	0	0	0	0	0	0	0	0	0	0	0	0	0	1	0	0	0	0	0	0	0	0	0	0	0	0	0	0	0	0	0	0	1	0	0	0	0	0	0	0	0	0	0	0	0	0	0	0	0	0	0	0	0	0	0	0	0	0	0	0	0	0	0	1	0	0	0	0	0	0	0	0	1	0	0	0	0	1	0	0	0	0	0	0	0	0	0	0	0	0	0	0	0	0	1	0	0	0	0	0	0	0	0	0	0	0	0	0	0	0	0	0	0	0	0	0	0	0	1	0	0	0	0	0	0	0	0	0	0	0	0	0	0	1	0	0	0	0	0	0	0	0	1	0	0	0	0	0	0	0	0	0	0	0	0	0	0	0	0	0	0	0	0	0	0	0	0	0	1	0	0	0	0	0	0	0	0	1	0	0	0	0	0	0	0	0	0	0	0	0	0	0	1	0	0	0	0	0	0	0	0	0	0	0	0	0	0	0	0	1	0	0	0	0	0	0	0	0	0	0	0	0	0	0	0	0	0	0	0	0	0	0	0	0	0	0	1	0	1	0	0	0	0	0	0	0	0	0	0	0	0	0	0	0	0	0	0	0	0	0	0	0	0	0	0	0	0	0	0	0	0	0	0	0	0	0
Ins(5,):U2:R(5,9)	0	0	0	0	0	0	0	1	1	1	2	0	0	0	0	0	4	0	1	0	0	0	0	0	1	0	1	1	2	0	0	0	0	0	0	0	0	1	1	0	1	1	0	0	0	0	1	1	0	0	1	1	0	0	1	1	0	0	1	0	1	0	0	2	0	0	0	0	1	0	0	0	0	0	1	0	0	0	1	0	0	0	0	1	0	1	1	1	0	0	0	1	0	1	0	1	1	0	0	0	0	0	0	0	0	0	0	0	0	0	0	0	2	0	0	0	0	0	0	2	0	0	0	1	8	0	1	0	0	0	0	1	0	1	0	0	0	0	1	0	0	0	0	0	1	0	0	0	1	0	0	0	1	0	0	0	0	0	1	1	0	1	0	0	0	1	1	0	1	0	0	0	0	1	0	1	0	0	0	2	0	0	1	0	1	0	0	0	1	0	2	2	0	0	0	1	1	1	0	0	0	1	0	0	0	1	0	2	0	0	0	0	0	0	0	0	0	0	1	0	0	0	0	1	0	0	0	0	1	0	0	1	0	0	0	0	0	2	0	1	0	0	1	0	1	1	0	0	0	0	0	3	0	1	1	1	2	0	0	2	0	0	0	1	1	0	0	0	1	0	0	0	1	0	0	0	1	0	0	0	0	0	0	0	0	0	0	0	0	0	0	1	0	0	1	0	0	0	0	0	0	1	0	2	1	0	0	1	0	1	1	1	1	0	0	0	0	0	1	0	0	0	1	0	0
Ins(5,):U(3,):R1	20	7	6	9	7	7	12	4	15	3	7	1	8	2	3	5	18	11	4	17	2	7	5	5	6	9	12	9	12	4	4	3	5	12	17	14	8	0	10	10	22	4	0	16	15	3	37	4	14	8	15	9	13	13	4	11	4	6	9	5	3	5	14	20	7	8	4	14	11	8	4	8	12	5	31	3	10	0	97	7	10	23	6	10	35	8	7	6	14	8	17	7	6	60	3	4	4	5	4	7	16	13	3	9	21	4	1	6	6	3	7	6	3	23	5	8	2	4	5	3	9	6	13	12	42	11	4	14	5	7	22	8	3	17	9	21	11	33	10	4	6	17	15	6	21	13	7	5	11	9	42	15	30	13	18	6	9	19	1	36	4	17	7	6	8	10	19	9	23	7	10	6	1	5	4	7	9	6	10	74	6	11	39	10	23	16	7	4	4	4	36	4	7	4	15	13	22	2	2	6	4	4	7	3	6	8	13	11	13	4	24	14	5	12	25	18	5	4	11	33	35	13	15	11	11	6	15	8	13	49	4	5	4	21	12	1	2	6	15	3	7	15	17	7	16	24	10	27	6	30	15	11	12	2	13	7	5	2	5	11	6	2	6	4	15	9	3	10	10	0	14	24	34	5	45	2	43	15	17	49	11	2	6	8	5	4	25	14	6	15	26	9	9	1	3	4	2	15	4	5	16	13	10	6	9	5	4	23	6	1	10	12	2	6	3	3	6	16	33	15	30	16	18	20	8
Ins(5,):U(3,):R2	1	0	0	1	1	0	0	2	0	0	0	1	0	1	0	0	0	0	0	0	0	0	1	0	0	0	1	0	2	0	1	0	0	0	1	0	2	0	1	1	0	0	0	1	0	0	1	0	0	1	0	0	0	0	0	0	0	0	0	0	0	0	0	0	0	1	0	0	0	0	1	0	0	0	0	0	1	1	3	1	0	0	1	0	1	0	0	0	0	0	1	0	1	6	0	1	0	0	0	2	1	2	0	0	2	0	1	0	0	0	0	0	1	2	0	1	0	0	0	1	0	0	0	0	2	0	0	2	0	0	0	3	1	0	1	2	0	0	0	0	1	2	0	0	0	0	0	0	0	0	1	0	0	0	0	1	0	1	0	2	1	1	0	0	0	1	0	2	0	0	2	0	0	0	1	0	2	0	2	3	0	0	0	1	0	0	0	1	0	0	1	0	0	1	1	0	2	0	0	0	0	0	2	0	0	0	0	1	0	0	0	1	0	0	1	2	1	0	0	0	0	1	0	0	0	0	2	0	1	1	0	0	0	1	0	0	0	1	0	0	1	0	1	0	0	0	0	1	0	1	0	0	0	0	0	0	0	0	0	0	0	0	1	0	2	0	1	0	2	0	0	3	0	2	0	0	1	0	0	2	0	0	0	0	0	0	1	0	0	2	2	0	0	0	1	0	0	0	0	0	1	0	0	1	0	0	0	0	0	1	0	0	0	0	0	1	1	1	0	1	1	0	0	0	0
Ins(5,):U(3,):R3	0	0	0	0	0	1	1	0	1	1	1	0	0	0	0	0	0	0	0	1	0	0	1	0	0	0	0	1	0	0	0	0	0	1	0	0	1	0	1	0	0	0	0	0	1	0	1	0	0	0	1	0	0	0	0	0	0	0	0	0	0	0	0	0	0	0	0	0	0	0	0	0	0	0	0	0	0	0	0	0	0	0	0	0	1	2	0	0	1	1	0	0	0	1	0	0	0	0	0	0	0	1	0	0	1	0	0	0	0	0	0	1	0	0	0	0	0	1	0	0	0	0	1	1	2	0	0	0	1	0	0	0	0	0	1	1	0	0	0	0	0	0	1	0	0	0	0	0	0	0	1	0	0	0	0	0	0	1	0	0	0	0	0	0	0	1	0	0	2	0	0	0	0	0	0	0	0	0	0	1	0	0	0	0	0	1	0	0	0	0	3	0	0	0	1	2	1	0	0	0	0	0	0	0	0	0	1	2	0	0	0	0	0	0	0	0	0	0	0	0	0	1	0	0	0	0	0	0	0	0	0	0	0	1	0	1	0	1	0	0	0	0	0	0	0	0	1	0	0	0	0	0	0	0	0	0	0	0	1	0	0	0	0	1	0	0	0	0	0	0	0	1	0	0	0	0	0	0	1	0	0	1	0	1	0	0	1	0	0	0	0	0	0	0	0	0	0	1	0	0	0	0	0	0	1	0	0	0	0	0	0	0	0	0	0	0	0	0	0	0	3	0	0	1	1
Ins(5,):U(3,):R4	0	0	0	0	0	0	0	0	0	0	1	0	0	0	0	0	0	0	0	1	0	0	0	0	0	0	0	0	0	0	0	0	0	0	0	0	0	0	0	0	1	0	0	0	0	0	1	0	0	0	0	0	0	0	0	0	0	0	0	0	0	0	0	0	0	0	0	0	0	0	1	0	1	0	0	0	0	0	0	0	0	0	0	1	0	0	0	0	0	0	0	0	0	0	0	0	1	0	0	0	0	0	0	0	0	0	0	0	0	1	0	0	0	0	0	0	0	1	0	0	0	0	0	0	1	0	0	0	0	0	1	0	0	1	0	1	0	0	0	0	0	0	0	1	0	0	0	0	0	0	0	0	1	1	0	0	0	0	0	0	0	0	0	0	0	1	0	0	0	0	0	0	0	0	1	0	0	0	0	0	0	0	0	0	0	0	0	0	0	0	0	0	0	0	0	0	0	0	0	1	0	0	1	0	0	0	1	0	0	0	0	0	0	1	0	0	0	1	1	0	0	1	1	0	0	0	0	0	0	1	0	0	0	0	0	0	0	2	0	0	0	0	0	0	0	0	0	0	0	0	0	0	1	0	0	0	0	0	0	0	0	0	0	0	0	0	0	0	0	0	0	1	1	0	1	0	1	0	0	0	0	0	0	1	0	0	0	0	0	0	0	0	0	0	0	0	0	0	0	0	0	0	0	0	0	1	1	0	0	0	0	0	0	0	0	0	0	0	0	0	0	0	0	1	0
Ins(5,):U(3,):R(5,9)	0	0	0	0	0	1	0	2	0	0	0	0	0	0	0	0	1	0	1	0	0	0	0	0	0	1	0	0	1	1	0	0	0	0	2	1	0	0	0	0	0	0	0	1	0	0	1	1	0	0	1	0	0	0	1	0	0	1	0	0	1	0	0	0	0	0	0	0	0	0	0	0	0	1	0	0	0	0	1	0	0	0	0	0	0	0	0	0	1	1	0	0	3	0	2	0	1	0	0	0	0	1	0	1	1	0	0	0	0	0	0	1	0	2	1	0	0	1	0	0	1	0	0	1	5	0	1	0	0	0	0	1	0	0	1	0	0	2	0	0	1	0	0	0	0	0	0	1	1	1	1	0	0	0	0	0	1	0	0	2	0	0	0	0	0	1	0	0	0	0	1	0	0	0	1	0	0	3	0	0	0	0	0	0	0	2	0	2	0	0	0	0	1	1	1	0	0	1	1	0	0	0	1	0	3	0	1	0	0	0	0	0	0	0	1	1	0	0	1	0	1	0	0	0	0	0	1	0	0	1	4	0	0	0	0	0	0	2	0	0	0	0	0	1	0	0	0	0	0	0	1	0	0	0	1	0	1	0	0	1	0	0	1	0	0	0	0	0	1	0	0	2	0	0	2	0	0	1	1	1	0	0	0	0	1	0	1	0	0	0	0	0	0	0	0	0	0	0	2	0	1	1	0	0	0	1	0	0	0	0	0	0	0	0	0	0	0	0	2	0	0	0	0	0	0
Del2:M1	5	1	2	4	3	1	9	5	7	4	2	0	5	5	21	2	3	5	3	6	2	0	4	2	7	4	2	4	11	2	5	1	5	13	9	3	8	4	6	1	6	2	2	4	7	1	20	4	12	3	25	7	3	8	0	3	1	3	5	2	4	2	3	13	4	3	6	7	4	5	8	1	4	4	10	7	17	2	21	3	3	8	2	2	6	7	6	7	7	0	5	0	6	24	16	0	2	5	0	11	6	11	2	4	10	5	3	145	3	45	1	4	9	16	14	6	1	4	9	4	8	2	4	7	192	11	8	21	5	8	126	7	2	4	15	8	11	8	7	5	4	9	8	0	31	4	5	4	3	1	10	4	10	9	6	8	17	16	3	24	1	4	5	4	6	4	267	5	5	1	3	4	2	3	6	2	5	9	5	26	5	8	28	4	7	10	3	6	3	5	21	15	13	24	26	16	8	3	2	0	3	2	4	3	3	32	3	6	7	4	8	10	3	2	24	10	1	6	13	12	7	16	12	6	4	3	16	3	14	10	3	8	1	6	4	1	2	68	6	2	7	8	7	6	5	5	5	4	6	16	1	8	7	10	8	7	4	1	4	9	3	2	2	2	11	1	3	8	3	0	8	10	5	5	24	0	10	3	4	111	4	1	1	5	2	2	16	9	4	7	5	3	19	1	1	4	1	7	2	30	29	6	3	2	4	10	26	7	5	4	5	3	2	3	5	5	1	5	20	5	23	4	9	20	5
Del3:M1	1	1	0	2	3	1	2	1	1	0	3	2	4	2	0	0	1	1	4	3	0	1	2	1	2	0	2	4	2	1	0	0	0	5	5	1	2	2	0	0	1	0	0	3	1	3	15	1	4	0	8	0	3	1	1	0	3	0	2	5	0	1	1	3	1	3	3	4	1	0	0	0	1	2	4	4	3	3	9	1	0	5	1	0	1	3	2	2	2	2	4	0	3	12	3	0	3	2	0	4	4	4	0	1	6	1	0	0	1	0	0	3	3	3	3	1	0	2	3	0	4	2	1	3	20	6	3	6	1	1	5	1	1	2	3	7	1	0	4	7	1	0	3	1	10	2	2	0	1	0	4	2	2	2	5	1	7	4	0	11	1	4	2	2	3	2	5	1	4	4	2	1	4	0	2	1	1	2	4	7	3	1	9	1	7	6	3	3	4	2	7	2	0	4	9	1	3	0	1	0	0	4	3	0	2	6	2	2	4	0	1	5	1	1	6	3	2	2	8	5	1	2	9	6	1	1	0	5	4	3	2	1	0	3	1	2	0	12	1	0	0	4	4	1	1	5	1	2	1	3	4	9	2	2	2	1	2	1	1	0	1	0	2	3	3	1	3	1	5	1	6	2	3	0	11	2	9	0	6	11	1	1	4	1	0	1	7	3	2	2	5	2	1	0	1	1	0	2	0	3	5	1	0	0	1	4	1	0	2	1	2	2	1	0	1	2	3	4	7	4	6	3	5	4	4
Del3:M2	5	5	1	0	6	0	5	5	4	4	5	0	8	5	22	1	2	4	3	2	1	2	4	1	7	3	2	5	2	1	4	3	2	18	5	1	5	0	2	0	3	0	1	0	8	0	14	2	4	3	30	1	3	6	3	1	3	6	6	5	4	3	2	5	0	1	4	3	4	0	8	1	4	3	2	6	23	2	18	1	2	3	2	5	3	8	3	9	1	1	5	1	8	16	9	2	1	3	0	10	8	6	2	5	8	1	0	12	3	7	1	1	1	12	11	2	2	0	4	1	4	3	9	5	144	14	1	31	2	22	8	1	2	5	18	11	2	3	3	4	2	3	3	3	45	6	2	1	5	4	7	4	2	3	10	1	13	6	3	10	4	5	1	1	3	4	19	5	3	2	4	3	2	6	2	2	3	7	5	12	2	4	23	6	1	8	4	2	2	4	10	14	12	8	33	11	4	3	0	1	3	1	1	4	2	2	5	2	4	2	4	14	1	2	5	5	1	3	5	5	6	6	9	1	1	2	7	2	13	10	4	8	0	4	4	0	2	69	3	3	6	3	6	2	4	3	2	7	0	6	1	0	3	2	9	6	0	1	1	5	3	5	3	0	5	3	7	8	2	1	2	7	3	2	12	2	9	4	4	136	3	0	1	2	2	0	11	5	5	5	6	1	10	1	2	1	0	1	4	1	23	2	2	4	5	3	24	4	3	3	4	3	2	2	2	8	3	3	6	2	10	7	4	20	1
Del4:M1	1	3	1	3	2	1	1	1	7	3	6	0	4	2	2	1	2	3	2	1	0	1	4	2	4	1	0	3	5	2	2	4	1	4	6	2	1	3	2	3	2	0	0	5	2	0	12	4	10	2	8	4	1	3	1	2	1	4	0	2	1	2	2	4	0	2	6	8	3	2	2	6	3	2	3	7	3	0	12	1	3	1	0	2	7	2	1	2	3	3	5	3	6	11	2	4	2	2	3	1	3	1	0	3	4	3	0	5	2	3	5	2	2	2	4	4	1	2	3	5	4	2	1	5	85	3	1	6	2	4	5	2	2	4	0	4	5	2	5	12	4	2	3	1	8	3	4	2	6	3	2	2	3	1	5	3	6	7	0	12	1	6	1	2	1	2	2	1	1	4	2	3	2	5	1	1	3	2	4	9	3	2	8	0	4	1	0	0	2	1	4	6	7	3	7	3	4	1	1	1	1	0	4	1	2	2	2	3	3	1	4	4	1	4	10	5	2	1	4	4	4	4	4	4	3	2	1	1	3	6	6	5	0	3	1	1	2	17	3	0	3	6	0	4	5	5	2	3	0	9	1	1	1	1	6	2	1	1	0	4	0	1	0	1	2	2	4	2	2	1	6	3	2	0	12	0	6	7	7	18	2	1	0	3	0	2	8	3	2	2	0	1	4	0	1	1	1	1	2	3	3	3	1	0	0	3	2	3	1	2	2	3	1	3	0	4	1	4	3	3	12	4	8	5	3
Del4:M2	3	2	1	2	1	5	2	2	1	2	4	2	1	4	1	0	3	4	2	1	0	0	3	3	2	1	0	3	0	2	0	0	5	9	3	4	1	0	0	1	3	0	0	1	3	0	9	2	4	1	9	1	2	3	1	1	1	2	1	1	1	1	5	2	0	2	1	1	3	2	5	3	1	1	4	2	14	0	5	3	0	2	1	1	10	7	1	6	3	2	0	0	3	11	7	1	2	1	0	7	4	6	2	2	4	0	1	3	2	2	2	4	2	9	1	1	1	3	2	2	3	1	2	3	54	3	0	12	2	8	12	6	1	2	4	3	0	4	2	8	2	3	0	0	17	0	1	1	3	0	1	4	5	0	2	4	5	3	2	11	5	5	1	1	2	3	15	2	3	4	2	0	2	2	1	1	0	4	2	5	0	6	12	2	1	2	1	3	0	2	5	11	9	3	9	8	3	0	0	4	0	2	2	3	1	1	0	0	2	0	1	4	1	0	9	1	3	0	4	3	0	7	6	4	5	0	5	3	3	6	2	5	1	1	1	1	3	26	2	1	1	3	0	2	5	3	1	2	2	7	1	5	1	3	5	2	2	2	2	0	0	0	0	0	4	3	5	1	0	0	1	2	3	1	10	0	6	7	4	44	4	1	1	5	1	1	1	4	4	3	1	1	5	0	0	2	1	3	1	2	10	4	3	2	2	1	3	1	1	2	0	3	1	0	1	3	2	3	8	4	10	2	2	11	1
Del4:M3	2	3	0	1	2	1	1	0	4	1	1	1	2	4	4	0	4	6	0	3	2	0	3	1	2	3	2	1	1	2	0	1	1	4	4	3	3	4	2	0	1	1	0	2	1	2	1	0	0	2	9	0	4	0	0	0	0	3	1	1	3	2	0	3	0	1	3	2	2	0	6	4	2	2	1	3	9	0	8	2	0	1	0	0	1	7	1	5	1	0	1	0	2	2	7	0	3	0	4	3	3	7	1	1	5	1	1	6	0	2	2	2	2	11	5	2	1	0	1	1	1	1	3	3	48	7	0	11	1	5	8	1	0	1	9	4	2	0	1	2	1	1	0	1	19	3	1	0	1	1	0	1	2	5	5	2	6	0	2	6	1	0	1	1	2	2	21	6	2	2	2	2	1	2	1	1	3	2	5	4	0	3	9	1	0	7	0	2	0	1	9	6	4	3	10	8	5	1	1	4	0	2	3	0	0	3	1	0	2	2	3	8	2	1	5	2	2	1	3	1	3	2	4	3	4	2	6	1	7	3	2	6	1	2	1	1	2	30	4	2	0	3	4	1	4	5	2	3	0	4	1	0	0	2	7	1	1	1	0	4	1	0	1	1	3	2	3	7	0	2	2	1	1	1	11	0	1	3	1	63	4	0	0	1	1	1	4	7	0	2	1	0	8	2	2	2	0	3	3	6	19	3	2	1	1	1	10	2	4	0	1	0	0	1	0	4	0	0	2	1	6	3	1	10	1
Del5:M1	5	1	0	6	4	1	3	0	2	2	1	0	2	1	0	4	1	3	0	1	2	1	1	1	1	2	3	1	5	1	4	4	1	9	2	7	1	0	3	4	4	1	1	3	2	2	15	2	4	0	3	2	1	2	2	0	1	1	0	1	2	1	2	4	1	2	0	5	2	1	1	2	3	0	1	3	1	1	15	1	1	4	3	1	3	1	1	1	1	0	4	1	1	12	5	0	0	2	1	3	2	4	0	5	4	1	1	1	1	1	1	1	1	4	0	3	1	0	3	2	4	1	1	1	15	2	3	3	0	0	7	4	2	2	1	6	4	5	3	6	4	2	5	0	3	0	3	2	2	2	2	2	0	3	4	0	4	7	0	12	0	4	2	2	2	5	3	5	1	1	0	1	1	0	0	3	1	2	1	9	2	2	6	1	9	5	1	0	3	1	3	2	3	1	6	1	2	0	0	2	3	1	3	1	2	5	2	3	2	3	7	2	1	1	10	0	2	0	0	3	4	2	9	5	2	1	2	2	2	14	1	4	1	4	0	0	0	4	4	1	5	3	3	3	0	1	2	4	2	5	2	0	1	2	4	0	1	1	3	1	0	2	0	0	4	3	2	4	0	0	3	5	3	0	7	0	9	2	8	2	2	0	1	3	3	2	3	4	0	4	4	1	0	1	2	0	0	2	0	1	5	3	3	0	1	3	0	4	0	0	1	4	1	3	0	2	3	0	3	3	9	4	3	3	1
Del5:M2	2	1	0	1	0	1	3	0	1	0	1	0	3	2	3	1	1	2	0	1	1	2	1	0	1	0	2	0	2	1	0	2	1	2	4	1	0	0	2	1	2	0	0	3	0	1	7	1	3	0	5	0	1	1	0	0	0	1	0	1	1	1	1	3	1	3	1	2	3	0	2	2	1	1	1	0	3	0	6	0	0	5	2	1	2	2	0	2	1	1	3	3	1	10	0	1	2	0	0	2	3	1	0	5	1	1	0	2	1	2	1	1	1	4	3	3	2	5	1	2	2	1	0	0	11	1	1	4	1	3	4	0	1	2	1	4	1	0	1	4	1	1	4	0	5	5	2	1	2	0	3	2	1	1	1	2	3	3	2	7	2	3	0	0	1	2	4	0	1	0	3	0	0	2	2	2	1	2	1	5	5	1	4	1	5	4	2	1	0	2	4	4	4	3	5	1	2	2	1	2	0	1	1	0	1	3	3	2	2	2	4	2	1	0	6	4	1	5	5	4	1	2	4	3	0	0	3	2	1	7	0	2	0	0	3	3	3	0	0	1	0	3	2	1	0	3	3	0	1	5	0	1	0	1	1	3	2	0	1	1	1	1	0	2	0	1	2	0	1	0	5	2	1	1	1	1	2	2	4	11	0	1	0	1	0	3	1	2	0	0	1	2	0	0	0	0	0	4	0	1	4	4	0	1	1	1	2	2	1	1	1	2	0	0	1	2	1	5	2	2	7	4	8	1	7
Del5:M3	0	1	0	1	1	0	0	1	1	0	2	0	0	2	2	1	1	2	1	0	0	2	1	0	0	0	2	0	3	0	0	2	0	1	2	2	4	0	2	0	0	0	0	2	0	0	1	1	2	0	3	0	0	0	0	1	1	0	0	1	1	2	0	4	0	0	1	1	2	0	1	3	0	0	1	1	5	0	4	0	1	1	0	1	0	1	0	0	1	1	0	0	2	2	1	1	2	0	0	1	0	2	0	1	2	0	1	0	0	1	1	0	0	1	2	0	0	0	0	2	0	1	0	1	13	0	0	4	1	2	5	1	0	1	2	3	1	3	1	1	1	2	1	2	3	1	3	0	0	0	4	1	1	0	1	0	3	1	1	4	0	2	0	0	2	3	6	0	2	1	0	1	1	0	1	0	0	2	0	5	0	3	6	1	1	1	2	0	0	0	4	2	3	1	1	2	1	0	0	0	0	1	1	1	0	1	0	0	2	1	4	1	0	3	2	0	2	1	0	4	1	3	3	0	0	1	1	2	0	4	1	1	0	1	0	1	0	5	1	0	0	1	2	0	1	1	0	1	1	0	0	1	0	1	0	1	1	0	1	1	0	1	0	0	2	2	2	2	0	0	1	4	1	1	2	1	3	2	2	4	2	0	0	0	1	1	5	2	0	1	1	1	2	0	0	0	0	1	1	1	0	2	0	2	0	1	2	4	1	0	0	0	0	2	1	1	0	1	1	0	4	4	3	0	2
Del5:M4	1	2	0	0	0	0	2	1	0	0	0	0	1	0	0	0	1	2	0	0	0	0	1	1	2	0	0	0	1	0	1	0	0	1	0	1	0	0	0	0	2	0	0	0	3	0	4	0	0	0	2	0	1	1	1	0	0	2	0	0	0	0	0	1	1	0	0	1	5	2	0	1	2	0	0	0	3	1	2	0	0	1	0	0	1	1	0	3	1	0	1	1	1	2	0	2	1	0	1	6	0	0	0	0	0	0	1	2	0	1	0	0	0	2	0	0	0	1	0	1	0	0	0	0	1	0	1	1	0	1	2	0	1	1	2	0	1	0	2	2	0	1	1	0	2	1	1	0	0	0	0	0	0	1	1	2	3	3	0	3	0	0	1	0	1	1	2	2	1	1	0	0	0	1	2	0	1	0	1	3	1	2	1	1	0	1	0	0	0	0	0	0	0	0	2	2	0	0	0	3	1	0	1	0	0	3	1	0	0	0	1	2	0	1	5	0	1	1	1	0	1	1	1	0	0	0	1	0	1	2	0	0	0	0	0	1	0	4	1	0	2	2	1	1	0	1	0	1	0	1	0	0	0	0	0	0	0	1	0	0	1	1	0	0	0	3	0	1	0	1	1	2	2	0	3	0	2	0	1	7	0	0	0	0	0	0	0	3	0	0	0	0	3	0	1	3	0	0	0	2	1	1	0	0	0	1	0	1	2	1	0	1	0	0	0	1	0	0	0	0	1	1	3	3	0
Del6:M1	4	8	1	3	1	1	2	1	3	2	2	0	2	4	3	3	7	5	0	2	1	0	1	0	1	0	0	4	2	0	0	3	1	2	3	8	1	0	4	1	2	1	2	3	3	2	18	1	3	2	6	3	1	2	4	0	2	1	1	7	0	0	1	1	2	1	1	5	4	3	4	3	7	3	6	4	3	0	15	3	0	4	3	2	2	2	5	5	2	2	3	2	4	15	2	1	2	1	0	5	8	1	0	0	3	2	2	3	3	2	2	1	1	2	4	4	3	1	1	0	3	0	4	4	52	0	3	3	0	4	9	3	4	5	1	4	5	3	4	5	4	6	2	4	2	1	2	4	4	0	4	3	3	3	2	2	11	5	0	20	4	2	1	1	1	4	2	2	4	4	5	0	0	4	7	2	3	2	1	8	3	4	6	0	5	3	2	2	1	4	4	1	2	1	10	2	3	1	1	4	0	4	3	2	4	5	2	5	1	1	8	0	2	3	9	5	2	1	3	3	3	4	3	5	3	4	4	7	3	7	6	2	1	4	1	0	0	12	1	1	0	3	2	5	1	1	3	4	2	6	3	2	1	1	4	0	2	2	3	5	0	0	0	1	6	2	4	6	1	0	4	3	7	0	10	0	13	7	4	9	4	1	0	1	2	1	5	5	4	4	3	1	0	2	2	1	1	6	2	1	6	3	5	2	2	6	1	5	5	1	2	2	0	2	1	3	3	2	10	3	13	3	2	6	1
Del6:M2	0	2	0	1	0	0	2	0	0	0	0	0	1	5	0	0	2	2	0	0	0	0	3	0	1	1	1	0	3	0	0	2	1	2	3	1	0	0	1	2	1	1	0	0	1	0	7	1	2	2	0	1	1	3	3	1	0	1	2	1	0	0	2	1	2	3	5	2	1	2	1	2	1	0	2	2	1	0	2	1	1	3	1	2	0	1	2	0	2	0	2	1	2	4	0	0	2	0	0	1	0	0	0	3	0	0	0	1	0	3	0	1	2	3	1	2	0	0	1	0	4	1	0	1	10	1	1	3	1	0	6	1	2	1	3	1	5	0	0	2	1	5	1	1	1	2	0	0	1	2	1	2	2	2	1	1	3	0	0	7	2	1	0	1	1	1	3	1	2	0	0	1	1	1	0	2	1	2	3	7	2	1	3	1	2	3	2	1	0	0	7	5	5	2	3	0	5	1	0	2	0	1	1	0	0	0	3	1	2	1	3	1	1	2	7	4	1	1	3	2	2	3	7	2	1	1	3	1	3	7	1	3	0	1	0	0	0	0	2	1	0	2	1	0	0	5	1	2	0	4	0	3	2	0	3	0	2	1	0	1	0	0	1	0	3	2	0	2	1	0	2	3	1	0	7	0	1	2	5	3	1	0	0	1	0	0	2	1	0	2	3	2	0	0	1	2	0	0	0	0	0	6	0	1	1	2	1	3	0	0	1	4	0	0	0	0	0	1	1	1	4	1	2	0	0
Del6:M3	0	0	1	0	1	0	1	0	0	0	0	0	0	0	0	0	0	0	1	0	0	0	0	1	1	2	2	1	2	0	1	0	0	1	0	0	1	0	1	1	1	0	1	0	1	0	5	0	0	0	2	0	1	1	1	2	0	0	0	0	1	0	1	2	1	1	1	3	1	0	3	1	1	0	2	0	2	1	2	0	2	1	1	0	1	0	1	0	0	2	0	1	3	1	0	0	0	0	0	2	1	1	0	0	0	1	0	0	0	2	1	2	0	1	0	2	0	0	0	0	0	0	1	0	6	1	1	0	0	0	0	0	1	1	1	1	1	0	1	2	1	0	0	0	1	3	0	0	1	0	1	0	2	1	2	1	2	3	0	3	0	1	0	1	1	1	0	0	1	0	2	0	0	0	0	0	1	3	1	2	1	1	2	2	1	1	0	2	0	0	0	2	2	3	2	0	0	0	0	0	0	0	0	1	0	2	1	1	0	0	0	2	1	0	1	0	0	0	1	3	0	0	2	1	0	1	1	0	2	3	0	2	0	0	0	1	0	1	0	1	1	1	1	0	0	1	0	2	0	1	1	0	0	0	0	0	0	1	0	1	0	0	0	2	2	1	0	1	0	1	0	0	0	1	2	0	0	1	0	2	0	0	0	0	0	2	2	0	1	3	0	1	0	0	1	0	0	0	1	0	2	4	0	1	0	0	0	0	0	0	0	1	0	0	0	2	0	0	1	0	2	1	0	1	1
Del6:M4	0	0	0	0	0	0	1	0	0	1	1	0	0	1	0	0	1	0	0	1	1	1	0	1	0	1	0	1	2	0	0	1	0	1	0	1	1	1	0	0	0	0	1	1	2	0	1	0	2	0	1	1	2	1	0	0	0	0	0	1	1	0	1	0	2	1	0	0	0	0	3	2	1	1	2	0	0	1	1	1	0	0	0	0	0	2	0	0	0	0	1	0	1	1	0	1	0	0	1	3	0	1	1	2	0	0	0	2	0	0	0	0	0	1	0	0	0	0	2	1	1	0	1	0	6	2	2	2	2	0	0	3	0	0	1	2	3	1	0	2	1	0	1	0	1	1	0	1	0	0	1	1	1	1	0	0	2	0	0	3	0	1	0	0	3	0	0	1	0	0	1	1	0	1	0	3	2	0	1	0	0	0	2	2	1	1	1	1	0	0	1	1	0	1	1	1	0	0	0	2	2	0	0	0	0	0	0	0	2	0	0	1	1	2	3	3	0	0	2	0	0	4	1	0	0	2	0	1	2	1	0	0	0	0	0	0	0	1	0	1	0	0	1	0	0	1	1	0	0	0	0	1	1	1	0	0	1	0	0	2	0	1	0	0	2	0	3	0	2	0	0	0	1	0	4	0	1	1	0	2	1	1	0	1	0	0	0	0	0	1	0	0	0	0	0	2	0	0	0	1	0	1	0	0	0	2	1	0	0	0	1	0	1	0	1	0	0	1	1	0	3	0	0	0	0
Del6:M5	0	0	0	0	0	0	0	0	1	1	0	0	0	0	0	0	0	0	0	0	0	0	0	0	0	0	0	0	0	0	0	0	1	1	0	0	0	0	0	0	1	0	0	0	0	0	2	0	1	0	0	0	2	0	0	0	0	0	0	0	0	0	0	0	0	0	0	2	0	0	0	0	0	0	1	0	0	0	0	0	0	0	0	1	0	0	0	1	2	0	0	0	1	0	0	0	0	0	0	0	0	2	0	0	0	0	0	0	0	0	0	1	0	0	0	0	1	0	0	0	1	0	0	0	1	0	0	1	0	0	1	0	0	1	0	0	0	0	1	1	0	1	1	0	1	1	0	0	0	0	1	0	1	0	0	0	1	0	0	2	0	0	0	0	1	0	1	0	0	0	1	0	0	1	0	0	0	0	0	1	1	0	0	2	0	0	1	0	0	0	2	0	0	0	0	1	0	1	0	0	0	0	0	1	1	0	0	0	0	0	1	1	0	0	0	1	0	1	0	0	0	2	0	0	0	0	1	1	1	1	0	0	0	0	0	0	0	0	0	0	0	1	2	0	0	0	1	0	0	0	0	0	1	1	0	0	1	0	0	0	1	0	0	1	0	0	0	0	0	0	0	1	0	0	0	0	0	0	1	1	0	0	0	0	0	0	1	0	0	0	0	0	0	0	1	0	0	0	0	0	1	0	1	0	0	0	0	1	0	0	0	0	0	0	0	0	0	1	0	0	2	0	0	0	0
Del(7,):M1	23	16	10	16	30	4	24	14	27	7	30	6	22	29	18	5	19	14	4	23	4	12	33	17	10	14	18	20	40	6	8	10	15	62	28	31	6	9	17	16	29	17	5	21	34	7	201	24	26	14	42	10	7	14	12	7	7	4	24	51	6	2	23	33	10	19	22	27	19	13	7	42	44	10	38	22	6	4	124	11	7	57	14	11	36	18	14	11	14	7	29	13	16	168	15	9	14	5	5	27	24	21	2	20	45	23	11	11	23	5	9	16	13	17	22	28	9	4	13	7	46	8	34	25	230	27	14	29	14	8	54	24	7	18	16	67	14	31	27	44	14	55	19	11	30	18	17	6	27	7	52	35	36	33	38	17	41	42	1	158	17	20	9	7	18	21	23	4	26	22	15	12	11	8	4	19	10	20	17	98	13	48	73	8	64	43	12	19	8	9	52	39	33	18	47	5	29	14	8	15	5	12	18	11	6	13	21	19	26	11	53	25	15	18	112	48	17	14	55	70	66	34	57	34	18	22	24	22	15	81	13	22	2	31	32	7	3	29	25	6	11	34	36	12	20	11	31	24	15	72	14	18	32	4	34	4	12	5	14	17	9	7	14	4	44	37	14	23	8	10	55	31	36	8	140	8	83	45	61	83	13	10	23	15	9	12	76	14	9	37	29	14	18	6	13	6	2	42	3	7	12	23	26	7	8	10	12	38	16	9	26	20	3	18	13	7	9	30	76	25	249	50	35	40	7
Del(7,):M2	13	6	1	14	20	6	8	7	12	5	17	2	19	17	7	3	18	9	3	15	2	7	16	9	5	10	16	18	21	4	4	8	8	44	8	19	6	4	16	18	25	6	4	13	18	5	120	13	30	9	21	7	6	9	6	7	7	6	8	24	2	1	18	18	9	9	12	16	11	5	4	32	28	5	17	8	5	5	87	7	7	45	18	5	18	15	9	4	9	3	22	6	12	116	7	9	7	4	6	13	22	25	2	22	26	7	2	7	14	7	10	4	7	17	11	20	1	6	11	3	36	3	20	20	120	20	8	19	6	5	43	8	3	15	6	45	12	15	26	39	10	39	23	9	14	17	7	1	5	8	28	18	15	34	20	10	28	31	3	115	13	17	3	3	14	17	23	5	22	12	12	7	1	7	2	9	10	13	7	58	11	38	57	7	30	29	3	15	6	4	40	67	54	10	26	3	21	12	7	7	5	11	8	5	10	11	8	17	16	4	32	24	3	14	91	27	14	14	34	49	42	13	32	6	10	17	18	19	15	58	9	29	2	20	25	3	6	9	13	5	6	16	21	22	9	11	26	10	9	45	11	11	9	8	24	5	7	1	5	12	3	10	8	6	23	16	7	12	6	5	30	18	27	5	91	5	49	28	37	67	7	2	14	12	5	2	44	15	7	19	22	4	12	2	7	4	3	25	5	11	10	28	13	1	9	11	5	31	9	2	9	16	0	5	8	5	11	27	55	14	188	43	29	17	4
Del(7,):M3	4	6	2	7	3	1	2	1	7	7	9	2	5	13	5	4	9	9	1	7	0	3	9	4	5	3	5	6	15	2	2	1	4	16	7	17	8	1	4	4	10	4	1	10	6	3	68	5	10	2	11	5	5	2	3	3	3	1	4	12	2	0	8	3	5	3	4	14	6	2	4	7	7	4	8	7	4	1	44	2	3	15	4	3	7	6	4	3	6	5	11	4	5	55	8	3	2	3	2	4	11	10	1	5	14	9	1	5	5	4	3	5	2	15	4	8	0	1	3	6	14	3	6	10	78	8	5	8	2	3	13	6	3	9	3	27	4	15	12	22	4	24	7	3	8	10	4	1	4	5	15	7	8	12	8	1	12	12	1	41	6	6	3	1	2	6	8	2	6	1	3	6	3	2	2	2	5	8	11	36	2	16	33	4	15	18	3	4	0	2	13	30	23	6	12	2	6	0	1	6	1	4	3	0	4	8	7	3	10	3	14	9	5	2	21	17	5	3	13	18	20	16	15	2	12	3	13	4	10	25	1	16	2	3	5	0	2	6	9	1	2	14	12	8	5	5	9	9	6	25	4	4	8	2	11	1	4	3	2	4	3	4	3	0	12	8	4	5	4	1	15	14	10	4	48	2	23	9	17	47	7	2	5	2	1	2	25	11	5	11	18	5	4	1	3	2	0	8	3	3	9	19	12	2	4	4	6	14	6	0	1	3	0	8	2	1	5	11	29	9	60	12	11	11	2
Del(7,):M4	6	1	1	5	5	4	4	4	3	2	9	1	2	2	1	1	3	6	3	3	2	2	0	1	3	8	4	2	4	2	0	1	2	10	3	3	1	1	2	4	7	4	1	5	5	2	28	2	4	4	5	3	1	5	5	1	3	1	0	7	0	1	7	4	3	2	2	5	1	0	0	4	3	2	3	3	3	0	22	2	1	10	3	1	4	4	2	1	4	1	7	1	6	44	0	0	0	0	1	4	6	6	1	6	3	3	0	4	3	1	3	8	3	2	7	2	0	1	2	3	6	1	3	7	30	3	1	6	1	0	12	6	1	7	4	12	2	2	5	14	3	9	2	1	1	5	3	3	5	1	8	4	3	7	3	1	9	7	1	18	3	0	0	1	3	5	5	2	3	6	4	3	0	2	1	4	2	4	4	15	2	10	14	2	9	14	3	5	4	1	10	26	23	5	5	0	8	4	4	1	4	1	1	0	2	3	4	5	7	1	6	3	3	3	13	4	1	1	13	13	4	3	7	5	5	2	8	2	2	14	2	10	0	5	6	2	1	3	3	0	0	4	2	1	3	4	6	9	1	16	3	4	8	0	4	3	1	1	3	3	0	3	3	3	11	10	1	2	0	0	4	8	9	2	16	0	3	8	6	28	3	1	2	4	2	1	12	8	0	9	4	3	1	0	4	0	1	4	2	4	4	6	1	3	1	2	3	5	0	0	4	4	0	2	2	0	0	2	19	2	33	12	4	7	2
Del(7,):M5	3	3	1	3	5	0	0	3	1	0	10	1	0	3	1	1	0	2	1	1	0	0	4	2	3	4	2	1	2	0	0	1	2	10	2	2	3	2	3	2	3	3	0	3	3	1	17	3	2	0	2	0	2	1	2	1	0	0	4	3	0	0	0	3	0	2	2	0	1	1	0	2	4	2	1	0	1	1	18	1	1	2	2	0	2	1	1	2	1	0	1	1	3	35	4	1	1	1	1	2	4	1	0	4	2	1	0	0	2	3	1	1	0	4	4	3	0	0	0	0	3	0	4	4	11	1	3	2	0	2	7	2	0	1	4	5	3	3	4	6	8	2	1	1	5	3	1	1	1	0	5	1	1	1	3	1	1	7	0	7	0	0	0	1	2	6	3	1	3	1	2	2	0	0	1	1	2	0	2	11	1	5	7	1	3	10	2	2	0	1	5	10	10	2	1	1	2	1	0	2	0	4	1	0	0	5	0	1	1	1	1	2	0	0	4	6	3	2	3	7	1	9	2	3	1	0	5	1	0	11	1	4	0	1	1	1	0	1	3	0	0	2	5	0	1	2	2	1	1	7	0	6	0	0	3	0	2	2	1	1	1	1	0	1	0	4	0	1	0	0	2	2	1	2	7	0	9	5	6	19	0	1	0	1	1	0	2	4	2	0	4	0	1	0	1	0	1	1	0	2	5	6	4	1	2	2	1	1	1	0	1	1	2	1	3	2	0	1	17	1	16	3	3	7	2
Del(7,):M(6,)	5	13	1	4	4	2	8	1	4	1	59	0	3	6	4	1	10	7	3	6	2	3	4	3	4	9	5	10	8	3	6	3	3	43	2	7	5	3	10	2	31	13	0	3	11	0	59	9	3	8	13	9	0	6	1	3	4	1	9	3	2	1	7	21	8	3	4	7	12	4	4	6	12	3	13	2	5	0	56	1	3	21	5	7	12	4	5	7	8	0	11	0	6	218	6	3	6	2	4	3	7	12	1	5	14	4	1	4	10	1	2	6	6	12	8	7	3	5	5	3	9	2	14	18	30	10	3	12	1	5	4	12	2	8	18	18	5	10	15	9	20	19	12	3	16	22	1	1	8	6	35	8	15	8	7	5	5	19	3	13	13	3	1	0	2	7	9	4	17	8	10	3	1	3	0	2	10	2	2	66	2	14	33	2	13	38	5	4	3	6	15	7	8	2	12	8	12	8	0	6	0	4	1	2	7	6	6	6	5	3	7	14	5	6	8	18	3	8	13	59	9	13	12	7	5	5	16	11	4	60	11	4	1	10	6	1	3	8	7	0	6	15	13	20	4	9	12	9	12	57	8	9	17	1	11	4	4	3	5	5	2	1	2	2	4	14	1	7	1	1	13	11	17	3	21	1	18	21	29	125	9	1	4	8	2	0	16	10	3	2	6	3	4	0	6	1	0	12	2	4	25	9	1	7	4	6	3	7	3	2	8	5	1	5	8	4	3	5	88	2	23	31	3	28	2
Complex(0,1)	0	0	0	0	0	0	0	0	0	0	0	0	0	0	0	0	0	0	0	0	0	0	0	0	0	0	0	0	0	0	0	0	0	0	0	0	0	0	0	0	0	0	0	0	0	0	0	0	0	0	0	0	0	0	0	0	0	0	0	0	0	0	0	0	0	0	0	0	0	0	0	0	0	0	0	0	0	0	0	0	0	0	0	0	0	0	0	0	0	0	0	0	0	0	0	0	0	0	0	0	0	0	0	0	0	0	0	0	0	0	0	0	0	0	0	0	0	0	0	0	0	0	0	0	0	0	0	0	0	0	0	0	0	0	0	0	0	0	0	0	0	0	0	0	0	0	0	0	0	0	0	0	0	0	0	0	0	0	0	0	0	0	0	0	0	0	0	0	0	0	0	0	0	0	0	0	0	0	0	0	0	0	0	0	0	0	0	0	0	0	0	0	0	0	0	0	0	0	0	0	0	0	0	0	0	0	0	0	0	0	0	0	0	0	0	0	0	0	0	0	0	0	0	0	0	0	0	0	0	0	0	0	0	0	0	0	0	0	0	0	0	0	0	0	0	0	0	0	0	0	0	0	0	0	0	0	0	0	0	0	0	0	0	0	0	0	0	0	0	0	0	0	0	0	0	0	0	0	0	0	0	0	0	0	0	0	0	0	0	0	0	0	0	0	0	0	0	0	0	0	0	0	0	0	0	0	0	0	0	0	0	0	0	0	0	0	0	0	0	0	0	0	0	0	0
Complex(2,5)	0	0	0	0	0	0	0	0	0	0	0	0	0	0	0	0	0	0	0	0	0	0	0	0	0	0	0	0	0	0	0	0	0	0	0	0	0	0	0	0	0	0	0	0	0	0	0	0	0	0	0	0	0	0	0	0	0	0	0	0	0	0	0	0	0	0	0	0	0	0	0	0	0	0	0	0	0	0	0	0	0	0	0	0	0	0	0	0	0	0	0	0	0	0	0	0	0	0	0	0	0	0	0	0	0	0	0	0	0	0	0	0	0	0	0	0	0	0	0	0	0	0	0	0	0	0	0	0	0	0	0	0	0	0	0	0	0	0	0	0	0	0	0	0	0	0	0	0	0	0	0	0	0	0	0	0	0	0	0	0	0	0	0	0	0	0	0	0	0	0	0	0	0	0	0	0	0	0	0	0	0	0	0	0	0	0	0	0	0	0	0	0	0	0	0	0	0	0	0	0	0	0	0	0	0	0	0	0	0	0	0	0	0	0	0	0	0	0	0	0	0	0	0	0	0	0	0	0	0	0	0	0	0	0	0	0	0	0	0	0	0	0	0	0	0	0	0	0	0	0	0	0	0	0	0	0	0	0	0	0	0	0	0	0	0	0	0	0	0	0	0	0	0	0	0	0	0	0	0	0	0	0	0	0	0	0	0	0	0	0	0	0	0	0	0	0	0	0	0	0	0	0	0	0	0	0	0	0	0	0	0	0	0	0	0	0	0	0	0	0	0	0	0	0	0
Complex(6,10)	0	0	0	0	0	0	0	0	0	0	0	0	0	0	0	0	0	0	0	0	0	0	0	0	0	0	0	0	0	0	0	0	0	0	0	0	0	0	0	0	0	0	0	0	0	0	0	0	0	0	0	0	0	0	0	0	0	0	0	0	0	0	0	0	0	0	0	0	0	0	0	0	0	0	0	0	0	0	0	0	0	0	0	0	0	0	0	0	0	0	0	0	0	0	0	0	0	0	0	0	0	0	0	0	0	0	0	0	0	0	0	0	0	0	0	0	0	0	0	0	0	0	0	0	0	0	0	0	0	0	0	0	0	0	0	0	0	0	0	0	0	0	0	0	0	0	0	0	0	0	0	0	0	0	0	0	0	0	0	0	0	0	0	0	0	0	0	0	0	0	0	0	0	0	0	0	0	0	0	0	0	0	0	0	0	0	0	0	0	0	0	0	0	0	0	0	0	0	0	0	0	0	0	0	0	0	0	0	0	0	0	0	0	0	0	0	0	0	0	0	0	0	0	0	0	0	0	0	0	0	0	0	0	0	0	0	0	0	0	0	0	0	0	0	0	0	0	0	0	0	0	0	0	0	0	0	0	0	0	0	0	0	0	0	0	0	0	0	0	0	0	0	0	0	0	0	0	0	0	0	0	0	0	0	0	0	0	0	0	0	0	0	0	0	0	0	0	0	0	0	0	0	0	0	0	0	0	0	0	0	0	0	0	0	0	0	0	0	0	0	0	0	0	0	0
Complex(11,20)	0	0	0	0	0	0	0	0	0	0	0	0	0	0	0	0	0	0	0	0	0	0	0	0	0	0	0	0	0	0	0	0	0	0	0	0	0	0	0	0	0	0	0	0	0	0	0	0	0	0	0	0	0	0	0	0	0	0	0	0	0	0	0	0	0	0	0	0	0	0	0	0	0	0	0	0	0	0	0	0	0	0	0	0	0	0	0	0	0	0	0	0	0	0	0	0	0	0	0	0	0	0	0	0	0	0	0	0	0	0	0	0	0	0	0	0	0	0	0	0	0	0	0	0	0	0	0	0	0	0	0	0	0	0	0	0	0	0	0	0	0	0	0	0	0	0	0	0	0	0	0	0	0	0	0	0	0	0	0	0	0	0	0	0	0	0	0	0	0	0	0	0	0	0	0	0	0	0	0	0	0	0	0	0	0	0	0	0	0	0	0	0	0	0	0	0	0	0	0	0	0	0	0	0	0	0	0	0	0	0	0	0	0	0	0	0	0	0	0	0	0	0	0	0	0	0	0	0	0	0	0	0	0	0	0	0	0	0	0	0	0	0	0	0	0	0	0	0	0	0	0	0	0	0	0	0	0	0	0	0	0	0	0	0	0	0	0	0	0	0	0	0	0	0	0	0	0	0	0	0	0	0	0	0	0	0	0	0	0	0	0	0	0	0	0	0	0	0	0	0	0	0	0	0	0	0	0	0	0	0	0	0	0	0	0	0	0	0	0	0	0	0	0	0	0
Complex(21,)	0	0	0	0	0	0	0	0	0	0	0	0	0	0	0	0	0	0	0	0	0	0	0	0	0	0	0	0	0	0	0	0	0	0	0	0	0	0	0	0	0	0	0	0	0	0	0	0	0	0	0	0	0	0	0	0	0	0	0	0	0	0	0	0	0	0	0	0	0	0	0	0	0	0	0	0	0	0	0	0	0	0	0	0	0	0	0	0	0	0	0	0	0	0	0	0	0	0	0	0	0	0	0	0	0	0	0	0	0	0	0	0	0	0	0	0	0	0	0	0	0	0	0	0	0	0	0	0	0	0	0	0	0	0	0	0	0	0	0	0	0	0	0	0	0	0	0	0	0	0	0	0	0	0	0	0	0	0	0	0	0	0	0	0	0	0	0	0	0	0	0	0	0	0	0	0	0	0	0	0	0	0	0	0	0	0	0	0	0	0	0	0	0	0	0	0	0	0	0	0	0	0	0	0	0	0	0	0	0	0	0	0	0	0	0	0	0	0	0	0	0	0	0	0	0	0	0	0	0	0	0	0	0	0	0	0	0	0	0	0	0	0	0	0	0	0	0	0	0	0	0	0	0	0	0	0	0	0	0	0	0	0	0	0	0	0	0	0	0	0	0	0	0	0	0	0	0	0	0	0	0	0	0	0	0	0	0	0	0	0	0	0	0	0	0	0	0	0	0	0	0	0	0	0	0	0	0	0	0	0	0	0	0	0	0	0	0	0	0	0	0	0	0	0	0
