MutationType	SP101845	SP101682	SP61553	SP101724	SP102103	SP102174	SP101622	SP102161	SP101654	SP102074	SP101694	SP101616	SP101666	SP101558	SP102096	SP102084	SP101580	SP102064	SP101564	SP101921	SP101648	SP101628	SP101708	SP102055	SP101634	SP101588	SP101584	SP101686	SP101532	SP101732	SP101528	SP101536	SP101576	SP102015	SP102168	SP101716	SP101592	SP101658	SP102045	SP101552	SP101519	SP101690	SP102123	SP101662	SP101600	SP101544	SP102133	SP101881	SP102035	SP101642	SP101596	SP101670	SP101674	SP101572	SP101678	SP101740	SP101700	SP101891	SP102143	SP102113	SP101521	SP101526	SP101540	SP101604	SP101548	SP101523	SP102090	SP101795	SP102187	SP101515	SP101931	SP101610	SP61703	SP59707	SP68659	SP62616	SP59761	SP66960	SP61453	SP63796	SP69155	SP59950	SP59938	SP64976	SP64296	SP65807	SP59803	SP66159	SP63356	SP68348	SP62450	SP67428	SP61713	SP68725	SP67609	SP62110	SP64546	SP63546	SP60322	SP60243	SP63966	SP60362	SP69077	SP67346	SP66687	SP63716	SP65376	SP61343	SP60001	SP59860	SP60610	SP64036	SP60842	CPCT02020307T	CPCT02020333T	CPCT02080024T	CPCT02030259TII	CPCT02040038T	CPCT02030250T	CPCT02050058T	CPCT02020393T	CPCT02030280T	CPCT02030278T	CPCT02100030T	CPCT02060056T	CPCT02030296T	CPCT02060046T	CPCT02130056T	CPCT02180051T	CPCT02070434T	DRUP01210006T	CPCT02020659T	CPCT02080191T	CPCT02330084T	CPCT02360009T	CPCT02060196T	CPCT02290028T	CPCT02030455T	CPCT02080198T	CPCT02010679T	CPCT02100152T	CPCT02070465T	CPCT02040224T	DRUP01060007T	CPCT02040223T	CPCT02270023T	CPCT02220079T	CPCT02230082T	CPCT02090043T	CPCT02130051T	CPCT02030259TIII	DRUP01020026T	CPCT02210046T	CPCT02120120T	WIDE01010205T	CPCT02340080T	WIDE01010216T	CPCT02130087T	WIDE01010264T	CPCT02130085T	WIDE01010292T	WIDE01010277T	CPCT02120118T	WIDE01010301T	CPCT02220045T	CPCT02130093T	CPCT02030482T	CPCT02030477T	CPCT02370026T	WIDE01010385T	WIDE01010397T	WIDE01010414T	WIDE01010420T	CPCT02270031T	CPCT02120132T	DRUP01010084T	CPCT02020741T	CPCT02020740T	CPCT02030492T	CPCT02070349T	CPCT02070348T	CPCT02060226T	CPCT02230111T	CPCT02080236T	CPCT02030498T	DRUP01050029T	CPCT02030505T	CPCT02120149T	CPCT02070358T	CPCT02060168T	CPCT02030509T	CPCT02210066T	CPCT02030495T	CPCT02060251T	CPCT02380049T	CPCT02300049T	CPCT02140079T	CPCT02110074T	CPCT02210065T	CPCT02120153T	CPCT02110078T	CPCT02030517T	CPCT02020466T	CPCT02070397T	CPCT02050203T	CPCT02020572T	CPCT02060142T	CPCT02230050T	CPCT02070222T	CPCT02010646T	CPCT02070418T	CPCT02080160T	CPCT02100112T	CPCT02100119T	CPCT02340032T	CPCT02020513T	CPCT02180025T	CPCT02120022T	CPCT02020516T	CPCT02060089T	CPCT02090018T	CPCT02060094T	CPCT02120028T	CPCT02090019T	CPCT02060105T	CPCT02020544T	CPCT02060110T	CPCT02030355T	CPCT02040127T	CPCT02070190T	CPCT02090020T	DRUP01020004T	CPCT02060120T	CPCT02070210T	CPCT02040144T	CPCT02040143T	CPCT02020593T	CPCT02180005T	CPCT02030299T	CPCT02020420T	CPCT02030303T	CPCT02070058T	CPCT02040050T	CPCT02020434T	CPCT02220006T	DRUP01140003T	CPCT02020459T	CPCT02330021T	CPCT02110016T	CPCT02330023T	CPCT02040095T	CPCT02160017T	CPCT02080093T	CPCT02060088T	CPCT02290021T	CPCT02340042T	CPCT02040192T	CPCT02300026T	CPCT02450007T	CPCT02170020T	CPCT02030440T	CPCT02190003T	WIDE01010536T	WIDE01010554T
A[Del(C):R1]A	6	4	1	11	5	5	3	2	6	0	4	10	5	7	5	4	5	2	4	3	2	4	3	2	8	5	9	3	5	8	8	1	1	7	4	11	8	1	13	13	2	3	2	0	2	3	8	2	4	13	5	8	6	1	6	8	2	6	4	2	1	6	3	3	2	9	6	2	4	3	10	8	5	2	1	9	5	4	4	1	1	12	1	2	12	7	8	6	2	13	0	9	6	3	8	6	5	6	1	6	4	3	11	18	7	2	5	7	6	7	1	5	8	3	7	8	13	5	13	6	4	14	9	13	4	3	3	7	3	8	6	2	12	5	8	0	2	7	2	3	12	4	8	2	8	3	4	5	1	4	9	2	2	2	9	3	4	6	7	3	0	4	2	6	22	3	4	2	4	8	2	6	32	2	2	3	4	6	13	8	5	6	13	9	4	5	6	4	4	4	7	4	1	2	1	0	1	3	7	3	6	4	6	3	8	9	8	10	2	2	3	3	3	11	2	3	15	8	4	1	4	1	6	3	6	9	2	4	9	4	1	1	10	8	16	3	8	6	9	5	7	6	5	6	3	3	8	2	3	2	6	13	4	0	2	5	8	15	11	8	4	12	2	4
A[Del(C):R1]G	1	0	0	0	0	0	1	0	0	0	0	2	0	0	2	1	1	0	0	0	1	1	0	0	0	0	1	0	0	0	0	0	2	1	0	1	2	0	1	1	0	0	2	2	0	1	2	0	1	1	0	3	1	0	1	2	1	3	1	0	2	1	0	0	0	0	0	0	0	1	1	0	0	1	0	0	1	0	1	0	2	0	1	1	0	0	2	2	1	1	1	3	0	0	1	1	1	1	1	0	0	1	0	1	1	1	3	0	2	3	2	0	0	1	1	2	0	0	4	0	2	4	1	3	1	0	0	1	2	1	0	0	0	0	1	1	1	0	0	0	1	1	0	0	1	5	1	1	0	0	0	0	0	0	1	2	1	2	1	3	0	1	0	1	1	0	1	1	0	3	0	0	2	1	1	1	2	2	1	0	4	1	2	2	0	0	0	1	0	0	1	0	1	0	0	0	1	2	4	4	0	1	0	0	0	1	0	4	0	0	1	1	2	6	2	0	0	1	0	1	0	0	1	1	0	1	0	1	2	0	0	0	0	0	1	0	0	3	1	0	3	0	0	2	0	0	0	2	0	2	2	3	0	0	1	1	0	4	0	1	1	4	0	1
A[Del(C):R1]T	9	1	1	13	6	12	8	7	13	6	8	15	4	5	4	4	3	7	5	3	5	1	4	3	5	4	4	4	7	14	7	1	7	8	3	2	4	1	13	15	3	4	1	5	2	4	11	4	4	11	3	16	2	3	8	12	4	13	10	4	2	6	2	4	7	2	3	14	8	2	13	3	7	0	2	15	5	1	5	5	3	28	5	8	7	12	5	9	8	7	3	3	1	3	12	8	3	11	5	4	1	4	10	14	2	3	10	4	7	8	3	3	8	6	14	5	6	7	5	7	3	14	7	17	7	7	0	3	1	16	6	1	14	4	7	2	3	4	2	0	15	11	12	1	2	3	6	4	1	2	5	8	6	2	10	0	0	8	2	6	1	1	0	3	25	1	3	2	3	7	1	10	64	2	0	9	11	6	11	3	9	7	7	7	4	2	5	2	8	0	7	5	1	0	1	2	0	5	22	6	4	2	9	0	15	9	5	23	1	2	4	9	3	9	2	3	25	0	10	1	7	0	7	11	2	4	2	2	9	4	2	1	12	5	19	5	6	3	11	1	9	2	3	13	6	2	7	0	2	3	17	13	2	0	5	4	7	14	7	7	15	18	1	1
A[Del(C):R2]A	2	1	1	2	0	2	2	0	4	1	2	4	0	1	2	2	3	0	0	1	0	1	2	0	0	0	0	1	1	2	2	1	2	1	1	1	1	0	5	1	1	3	0	3	1	1	3	2	3	8	2	1	1	1	2	2	1	1	2	2	0	1	1	0	1	2	2	2	1	1	3	0	1	1	1	2	1	0	1	1	0	5	1	4	2	4	3	4	1	1	3	0	3	1	3	0	1	1	1	1	0	1	2	6	1	0	3	3	3	3	2	3	2	2	0	1	1	1	2	3	1	2	0	3	2	3	1	0	2	5	3	1	4	1	6	0	2	3	0	0	1	5	3	0	1	3	2	2	0	4	1	2	1	0	0	2	1	2	1	1	1	0	0	1	2	0	3	1	1	1	0	3	8	1	1	4	2	3	6	1	4	2	0	0	1	0	3	3	2	2	3	3	1	0	2	3	1	3	1	2	1	2	1	2	2	1	0	10	2	1	2	3	2	1	0	0	4	1	0	0	4	0	2	3	2	4	0	2	1	0	0	0	0	2	6	2	2	1	2	0	4	0	0	4	0	2	3	0	2	0	2	4	1	0	5	0	1	2	4	3	3	2	0	3
A[Del(C):R2]G	1	1	0	0	1	0	0	0	1	1	0	2	1	0	1	0	0	0	1	1	0	1	0	0	0	1	2	0	0	1	0	0	0	0	0	0	0	0	1	0	0	0	0	0	0	1	0	0	0	0	0	0	0	0	0	0	0	0	0	1	0	0	0	1	0	0	0	0	1	0	1	0	0	1	0	1	1	0	2	0	1	2	0	0	0	0	0	0	0	1	0	0	0	0	0	0	0	0	0	0	1	0	0	0	0	0	0	3	0	0	0	0	0	0	0	0	1	0	0	0	2	0	0	3	0	0	0	1	0	0	1	0	0	0	0	0	0	0	0	0	1	0	0	0	1	1	0	0	0	0	1	1	0	1	0	0	0	0	0	1	0	1	0	0	3	0	0	0	0	3	0	0	1	0	0	0	0	0	1	1	0	0	0	0	1	0	0	0	0	0	0	1	1	0	1	0	0	0	0	1	0	1	0	0	2	1	0	0	0	0	0	0	0	0	1	0	1	1	1	0	0	0	0	0	0	1	0	0	1	0	0	0	2	0	1	0	0	0	0	0	0	1	0	0	0	1	0	0	0	0	1	0	0	0	0	0	0	0	0	0	0	0	0	0
A[Del(C):R2]T	4	1	0	2	3	2	0	0	2	3	3	3	6	5	0	0	4	4	2	2	5	3	1	0	4	2	5	2	2	3	5	1	4	6	0	1	2	0	4	10	3	4	1	2	1	3	1	2	2	3	2	2	2	0	6	5	4	4	5	3	1	4	1	4	4	3	1	0	4	4	6	2	2	1	0	6	1	1	2	1	1	13	0	4	3	3	7	8	2	2	0	3	9	2	3	3	2	3	2	0	5	2	4	4	3	2	6	4	3	2	1	2	3	3	4	4	2	1	5	9	1	7	4	5	2	4	0	4	0	7	2	2	3	0	2	2	4	3	2	1	6	7	2	0	1	3	7	2	1	3	2	4	3	0	5	2	2	3	3	2	0	1	0	0	12	2	3	2	1	7	1	3	27	1	0	2	1	4	11	0	2	5	2	2	5	2	5	2	2	0	2	2	2	1	2	1	2	2	5	0	4	3	0	1	4	5	1	13	2	2	1	6	1	4	3	0	5	1	3	1	4	2	1	7	4	3	0	4	4	1	0	0	3	4	9	1	2	5	3	0	5	1	1	4	3	1	2	0	0	3	3	5	0	0	2	7	1	7	5	2	2	5	0	1
A[Del(C):R3]A	4	0	1	5	2	3	0	0	2	1	1	3	2	0	0	1	0	1	1	0	3	1	2	0	3	2	2	0	3	2	2	2	0	8	2	1	2	0	3	2	0	3	0	2	0	1	1	3	0	1	0	3	1	0	2	1	0	3	3	0	2	1	0	0	2	1	2	1	1	0	1	0	1	0	1	2	0	0	1	0	0	1	0	0	0	3	4	5	1	2	1	3	2	1	3	3	0	2	0	1	1	0	1	1	1	0	1	0	2	1	0	0	1	1	1	3	1	1	1	1	0	1	2	3	0	3	0	2	1	6	4	0	0	0	2	0	0	2	1	1	1	3	2	0	0	1	0	1	0	2	2	1	2	2	0	0	2	1	1	1	0	2	0	0	6	1	2	1	0	3	1	5	5	0	0	4	2	1	2	3	0	2	2	4	2	1	1	0	1	0	4	3	1	0	1	1	2	2	2	0	2	0	3	1	0	2	0	5	1	1	1	2	1	1	1	0	10	4	3	0	1	1	1	7	0	2	1	0	4	0	0	1	3	1	2	0	2	2	4	0	2	1	1	0	1	0	1	1	0	1	1	5	0	0	3	3	3	0	3	3	2	0	0	0
A[Del(C):R3]G	0	0	0	1	0	0	0	1	1	0	0	0	0	0	0	2	0	0	0	0	0	0	0	0	1	0	0	0	0	1	0	1	2	0	0	1	0	0	0	0	0	0	0	1	0	0	0	0	0	0	0	1	0	0	2	0	0	0	1	0	0	0	1	0	0	0	0	1	1	0	1	0	0	0	0	0	0	0	0	0	0	0	0	1	0	0	0	0	0	1	0	0	0	1	0	0	0	1	0	0	0	1	1	0	1	0	0	0	0	0	0	1	0	0	0	1	1	0	0	0	0	1	1	0	0	0	0	0	0	0	0	0	0	0	1	0	0	0	0	0	0	0	0	0	0	0	1	0	0	0	1	0	0	0	0	0	1	0	0	0	0	0	0	0	0	0	0	0	0	1	0	0	0	0	0	0	0	0	1	0	1	1	0	0	0	0	0	0	0	0	0	0	0	0	0	0	0	0	0	1	0	0	0	1	1	0	0	0	0	0	0	0	0	0	0	0	0	1	0	1	0	0	0	0	1	0	0	1	0	0	0	0	1	0	0	0	1	0	0	0	0	0	0	0	1	0	1	0	0	0	0	0	0	0	0	0	0	0	0	1	1	1	0	1
A[Del(C):R3]T	3	4	0	0	1	1	1	1	0	3	2	0	1	0	1	1	1	1	0	1	0	0	1	1	0	1	1	1	1	0	1	0	0	0	1	2	3	2	3	1	1	2	1	0	0	1	2	2	2	0	1	3	0	0	1	2	1	0	0	1	0	2	0	0	2	0	0	1	0	0	0	1	2	0	1	1	0	0	4	2	0	3	0	0	1	2	1	0	0	0	3	0	2	1	2	2	0	0	0	1	1	0	2	1	1	1	1	1	1	2	0	2	2	3	2	0	6	0	3	1	0	2	1	2	2	0	0	1	1	4	2	1	2	0	0	0	1	1	0	1	3	1	1	1	2	1	3	1	0	0	5	0	1	0	2	0	1	1	0	3	0	0	0	0	1	0	3	1	0	1	0	2	6	0	0	1	2	3	0	2	2	5	0	2	2	1	1	0	1	0	2	3	1	0	1	0	0	0	0	0	2	1	0	0	2	0	1	4	0	0	0	1	2	0	1	1	3	1	0	0	1	1	2	1	3	2	0	0	0	0	0	0	1	2	6	1	2	1	0	0	1	1	2	1	2	0	2	1	1	0	5	6	1	1	1	2	2	3	1	2	0	1	0	2
A[Del(C):R4]A	2	0	2	1	2	0	0	1	1	0	1	1	1	0	0	0	0	0	0	1	1	1	1	0	0	2	0	1	1	3	0	0	0	1	0	0	0	1	2	2	0	0	2	1	0	0	3	3	0	1	0	0	0	0	0	0	0	1	1	1	0	0	1	0	1	0	2	1	1	0	1	0	0	0	0	1	0	0	1	1	0	1	1	0	1	0	1	1	0	0	0	2	0	0	1	1	0	1	3	0	1	0	1	1	0	0	2	0	1	0	0	0	2	0	5	1	1	0	1	0	1	1	2	1	0	3	1	1	1	1	0	1	3	0	1	1	0	2	0	0	2	3	1	0	1	0	2	0	0	0	1	3	0	0	2	1	1	2	0	1	0	0	0	3	1	1	1	0	0	0	3	1	5	0	2	2	2	3	1	4	0	0	1	0	0	1	0	1	1	0	0	0	1	0	3	0	0	0	2	0	0	2	2	0	1	1	0	5	1	0	0	2	1	1	1	0	2	2	1	1	0	2	2	0	1	0	1	3	3	0	0	0	0	4	3	0	0	0	3	1	1	0	0	0	2	0	1	0	0	0	1	3	0	0	0	2	0	2	1	1	1	2	0	0
A[Del(C):R4]G	0	0	0	1	0	0	1	0	0	0	1	0	0	0	0	0	0	0	0	1	0	0	0	0	0	0	1	0	1	1	0	0	1	0	0	0	0	0	0	0	0	0	1	0	0	1	0	0	1	0	0	0	0	0	0	1	0	2	0	0	0	0	0	1	0	0	0	0	0	0	0	0	0	0	0	1	0	0	0	0	0	1	0	0	0	1	0	1	1	0	0	0	0	0	0	1	1	0	1	1	0	1	1	0	0	0	0	0	0	0	0	1	0	1	1	0	0	1	0	0	1	0	0	1	0	0	0	0	0	1	1	1	0	0	0	0	0	0	0	0	1	0	0	0	0	0	1	0	0	0	0	0	0	0	0	0	1	0	0	0	0	0	0	0	0	0	1	0	0	0	0	0	2	0	1	1	0	0	0	0	0	0	0	0	1	0	0	1	0	0	0	1	0	0	0	0	0	0	1	0	0	0	1	0	0	0	0	2	0	0	0	0	0	1	0	0	0	0	0	0	0	0	0	0	0	0	0	0	0	0	0	0	0	2	0	0	1	0	1	0	0	0	0	0	2	0	0	0	0	0	0	0	0	0	0	0	0	0	0	0	1	0	0	0
A[Del(C):R4]T	2	0	0	0	0	0	1	0	1	1	2	0	1	0	2	0	0	0	0	0	3	0	1	0	0	0	1	0	2	4	0	0	0	2	0	1	1	0	2	0	0	2	0	0	0	0	0	1	1	1	0	1	0	0	2	1	1	0	1	1	0	1	0	0	0	0	2	0	2	0	0	1	1	1	0	0	0	0	0	0	1	0	1	0	4	0	0	3	0	0	0	0	0	0	1	1	0	2	0	0	1	0	2	3	0	0	0	0	0	1	0	1	1	1	2	1	1	0	0	2	0	1	5	0	1	2	0	2	0	0	3	0	2	0	1	1	0	1	0	0	0	0	0	1	1	1	1	0	0	2	0	2	0	0	2	0	2	0	0	0	0	1	1	0	0	1	0	0	0	3	1	1	2	0	0	2	0	1	0	2	0	0	0	1	1	1	0	0	0	0	0	2	1	0	0	0	1	0	1	2	4	0	1	0	1	1	0	2	0	2	0	0	0	0	1	0	1	4	0	0	2	0	1	4	0	0	0	0	1	3	0	0	0	1	2	0	0	1	1	1	0	0	0	2	2	1	1	1	0	0	0	0	0	2	0	0	1	3	3	0	2	1	1	0
A[Del(C):R5]A	2	0	0	1	1	0	1	0	0	0	2	0	1	2	0	2	2	0	1	0	0	0	0	0	0	0	0	0	2	0	3	1	0	1	0	1	0	0	1	3	0	0	0	1	0	0	5	1	0	3	0	0	0	2	1	1	0	0	0	0	0	1	1	2	1	0	0	1	1	1	3	0	0	0	0	0	0	0	0	0	0	3	1	0	0	0	0	2	0	1	0	1	0	2	2	0	1	0	1	0	1	0	2	0	0	2	0	0	0	0	1	3	0	0	1	1	0	2	2	0	0	2	2	1	0	0	0	0	2	1	1	0	0	1	2	0	0	2	0	0	0	1	3	0	0	1	2	1	1	1	0	0	2	0	0	0	1	1	0	0	0	0	0	0	6	0	1	0	0	2	1	0	3	0	0	4	0	1	1	2	2	1	0	0	4	1	1	1	0	0	0	1	1	1	1	0	0	0	3	0	0	0	2	0	2	0	0	3	0	0	0	3	0	4	0	1	3	0	0	1	1	0	2	3	0	1	0	0	0	1	0	0	1	0	2	1	1	1	2	0	3	0	0	2	2	0	1	1	0	0	1	2	0	0	0	0	0	0	0	0	2	1	0	1
A[Del(C):R5]G	0	0	0	0	0	0	0	0	0	0	0	0	0	0	0	0	0	1	1	0	0	0	0	0	0	0	0	0	0	0	0	0	0	0	0	0	0	0	0	0	0	0	1	0	0	0	1	1	0	1	0	0	0	0	0	0	0	0	0	0	0	0	0	0	0	0	0	0	0	0	0	0	0	0	0	1	0	0	0	0	0	0	0	0	0	0	0	0	0	0	0	0	0	0	0	0	0	0	0	0	1	0	0	0	1	0	0	0	0	0	0	0	0	0	0	1	1	1	0	0	0	0	0	0	0	0	0	0	0	0	0	0	1	0	1	0	0	0	0	0	0	0	0	0	0	0	0	0	0	1	1	0	0	0	0	0	0	0	0	0	0	0	0	0	0	0	0	0	0	0	0	0	0	1	1	0	1	0	0	0	0	0	0	0	0	0	0	0	0	0	0	0	0	0	1	0	0	0	0	0	0	0	0	0	0	0	0	0	0	0	0	0	0	0	0	0	0	0	0	0	0	0	0	0	0	1	0	0	0	0	0	0	1	1	0	0	0	1	0	0	0	0	0	0	0	0	0	0	0	0	0	0	0	0	0	0	0	0	0	0	0	0	0	0
A[Del(C):R5]T	2	0	1	0	0	1	0	2	2	0	0	0	0	0	0	1	1	0	0	0	1	0	2	0	0	1	0	0	0	0	1	0	2	0	1	1	0	0	0	3	0	0	0	0	0	0	7	0	0	0	1	0	0	0	0	1	0	1	1	0	0	1	0	0	0	0	0	0	0	0	0	0	0	0	0	0	0	1	0	0	0	1	0	1	1	1	0	0	0	1	0	0	0	1	0	2	0	0	0	1	1	0	0	0	0	0	0	1	0	1	0	0	0	1	1	1	0	1	0	1	0	0	2	0	1	1	0	1	0	2	1	0	2	0	0	1	0	2	0	1	0	0	0	0	1	1	0	3	0	1	0	1	0	0	0	0	2	0	0	1	0	1	0	0	0	0	0	0	0	0	0	1	3	0	0	1	0	0	1	1	1	0	0	1	1	1	0	1	2	0	1	1	0	0	0	0	0	0	2	2	0	0	0	1	2	1	1	1	0	0	0	0	0	2	0	0	1	0	1	0	1	0	1	2	0	0	1	0	0	0	0	0	2	3	2	1	1	0	0	0	2	1	0	0	3	0	1	0	0	0	1	2	0	0	1	0	0	1	0	1	1	3	0	0
A[Del(C):R6]A	0	0	0	0	0	0	0	0	3	1	0	1	0	0	0	0	0	1	0	0	0	0	0	0	1	0	1	0	0	0	1	0	0	0	0	1	0	0	1	0	0	0	0	0	0	0	12	0	0	0	1	0	0	0	0	0	0	1	0	0	0	0	0	0	0	0	0	0	0	0	2	0	2	0	0	0	0	1	0	1	0	1	1	0	1	1	1	0	0	0	0	0	2	0	0	0	0	1	0	0	1	0	0	1	0	0	0	0	1	0	0	0	0	0	0	1	1	1	0	1	0	0	1	1	0	1	0	0	0	0	0	0	2	0	0	0	0	0	0	0	1	2	0	0	2	0	0	0	1	0	0	3	0	0	0	1	0	0	0	0	0	0	0	0	3	0	0	0	0	1	1	0	2	0	0	0	0	1	1	1	1	2	0	0	0	1	1	0	0	0	0	1	0	0	1	1	0	0	1	0	0	0	0	0	2	0	0	2	0	0	0	1	0	1	0	0	0	0	4	0	0	0	1	1	1	0	0	0	0	2	0	0	2	2	0	0	1	0	0	0	0	0	1	1	0	0	0	0	0	0	1	1	0	1	0	1	0	1	0	2	1	0	0	0
A[Del(C):R6]G	0	0	0	0	0	0	0	0	0	0	0	0	0	0	0	0	0	0	0	0	0	1	0	0	0	0	0	0	0	0	0	0	0	0	0	0	0	0	0	0	0	0	0	0	0	0	2	0	0	0	0	0	0	0	0	0	0	0	0	0	0	0	0	0	0	0	0	0	0	0	0	0	0	0	0	0	0	0	0	0	0	0	0	0	0	0	1	0	0	0	0	0	0	0	0	0	0	0	0	0	0	0	0	0	1	0	0	0	0	0	0	0	0	0	0	0	0	0	0	0	0	0	0	0	0	0	0	0	0	0	0	0	0	1	0	0	0	0	0	0	0	0	0	0	0	0	0	0	0	0	0	0	0	0	0	0	0	0	0	0	0	0	0	0	0	0	0	0	0	0	0	0	1	0	0	0	0	0	0	0	0	0	0	0	0	0	0	0	0	0	0	0	0	0	0	0	0	0	0	0	0	0	0	0	0	0	0	0	0	0	0	0	0	0	0	0	0	0	0	0	0	0	0	0	0	0	0	0	0	0	0	0	0	0	0	0	0	0	0	0	0	0	0	0	0	0	0	0	0	0	0	1	0	0	0	0	0	0	0	0	0	0	0	0
A[Del(C):R6]T	0	0	0	3	0	1	0	0	0	0	2	1	0	0	0	0	0	0	0	0	0	0	0	0	0	0	0	0	0	0	0	0	0	0	0	2	0	0	0	0	0	1	0	0	0	0	5	1	0	0	0	0	0	0	0	0	0	0	0	1	1	0	0	0	0	0	0	1	0	0	0	0	0	0	1	1	0	0	0	1	0	0	0	0	0	0	0	0	0	0	0	0	0	0	2	0	1	0	0	0	0	0	0	0	0	0	1	0	0	0	0	0	0	0	0	1	0	1	0	0	0	0	0	0	0	0	0	0	0	0	0	1	0	2	0	0	0	0	0	0	2	2	0	0	0	0	0	0	0	0	0	0	1	0	1	0	0	0	0	0	0	0	0	0	0	0	0	0	0	0	0	0	0	0	0	0	0	0	0	0	0	1	0	0	1	0	0	0	1	0	0	0	0	0	0	0	0	0	0	0	0	1	0	0	0	0	0	0	0	0	1	0	0	1	0	0	0	0	0	0	0	1	0	0	0	1	0	0	0	0	0	0	0	0	2	0	0	0	2	0	0	1	0	0	0	0	2	0	0	0	0	0	0	0	0	0	0	0	0	0	0	0	0	0
A[Del(C):R7]A	0	1	0	0	0	0	1	0	0	0	0	0	0	0	0	0	0	0	0	0	0	0	0	0	0	0	0	0	0	0	0	0	0	1	0	0	1	0	0	0	0	0	0	0	0	0	10	0	0	0	0	1	0	0	1	0	0	0	0	0	0	0	0	0	0	0	0	0	0	0	0	0	0	0	0	0	0	0	0	0	0	0	0	0	0	0	0	0	0	0	0	0	0	0	0	0	0	0	0	0	0	0	0	0	0	0	2	0	0	0	0	0	0	0	1	0	0	0	0	1	1	0	0	0	0	0	0	0	0	1	1	0	2	0	1	0	0	0	0	0	0	0	0	0	1	1	0	0	0	0	0	0	1	0	1	2	0	0	0	1	0	0	0	1	0	0	0	1	0	0	1	0	1	0	0	0	1	0	0	1	0	1	0	0	0	0	0	0	0	0	0	1	0	0	0	0	0	0	0	0	1	0	1	0	0	1	0	1	0	0	0	0	0	0	0	0	0	1	0	0	0	0	0	0	1	0	0	0	0	0	0	1	3	3	0	0	1	2	0	0	0	0	0	1	1	0	0	0	0	1	1	1	0	0	0	1	0	1	0	0	0	1	0	0
A[Del(C):R7]G	1	0	0	0	0	0	0	0	0	0	0	0	0	0	0	0	0	0	0	0	0	0	0	0	0	0	0	0	0	0	0	0	0	0	0	0	0	0	0	0	0	0	0	0	0	0	2	0	0	0	0	0	0	0	0	0	0	0	0	0	0	0	0	0	0	0	0	0	0	0	0	0	0	0	0	0	0	0	0	0	0	0	0	0	0	0	1	0	0	0	0	0	0	0	0	0	0	0	0	0	0	0	0	0	0	0	0	0	0	0	0	0	0	0	0	0	0	0	0	0	0	0	0	0	0	0	0	0	0	0	0	0	0	0	0	0	0	0	0	0	0	0	0	0	0	0	0	0	0	0	0	0	0	0	0	0	0	0	0	0	0	0	0	0	0	0	1	0	0	0	0	0	0	0	0	0	0	0	0	0	0	0	0	0	0	0	0	0	0	0	0	0	0	0	0	0	0	0	0	0	0	0	0	0	0	0	0	0	0	0	0	0	0	0	0	0	0	0	0	0	0	0	0	0	0	0	0	0	0	0	0	0	0	0	0	0	0	0	0	0	0	0	0	0	0	0	0	0	0	0	0	0	0	0	0	1	0	0	0	0	0	0	0	0
A[Del(C):R7]T	1	0	0	0	0	0	0	0	1	0	0	1	0	0	0	0	0	0	0	0	0	0	0	0	0	0	0	0	0	0	0	0	0	1	0	0	0	0	0	0	0	0	0	0	0	0	5	0	0	0	0	0	0	0	0	0	0	0	0	0	0	0	0	0	1	0	0	1	0	0	0	0	0	0	0	2	0	0	0	0	0	0	0	0	0	0	0	0	0	0	0	1	0	0	0	0	0	0	0	0	0	0	0	0	0	0	0	0	0	0	1	0	0	0	0	0	0	0	0	0	0	0	0	0	0	0	0	0	0	0	0	0	0	0	0	0	0	0	0	0	0	0	0	0	0	0	0	0	1	0	0	0	0	0	0	0	0	0	0	0	0	0	0	0	0	0	0	0	0	0	0	0	0	0	0	1	0	0	1	0	0	0	0	0	1	0	0	0	0	0	0	0	0	0	0	0	0	0	0	1	0	1	0	0	0	0	0	0	0	0	0	0	0	0	0	0	0	0	0	1	0	0	1	0	0	0	0	0	0	0	0	0	1	0	0	0	0	0	0	0	0	0	0	0	0	0	0	0	0	0	0	0	0	0	0	2	0	0	0	0	0	0	0	0
A[Del(C):R8]A	0	0	0	0	0	0	0	0	0	0	0	1	0	0	0	1	0	1	0	0	0	0	0	0	0	0	0	0	0	0	0	0	0	0	0	0	0	0	0	0	0	0	0	0	0	0	6	0	0	0	0	0	0	0	0	0	0	0	0	0	1	0	0	0	0	0	0	0	1	0	0	0	0	0	0	0	0	0	0	0	0	0	0	0	0	0	0	0	0	1	1	0	0	0	0	0	0	0	0	0	0	0	0	0	2	0	0	0	0	0	0	0	1	0	0	0	1	0	0	1	1	0	0	0	0	0	0	1	0	1	0	0	1	0	1	0	1	0	0	1	0	0	1	0	0	1	1	1	0	0	1	0	0	0	0	0	1	0	0	0	1	3	1	0	0	0	0	0	0	0	0	1	0	0	0	0	0	2	1	0	0	1	0	0	0	1	0	0	0	0	0	0	0	0	0	0	0	0	1	0	0	0	0	0	0	0	0	0	0	0	0	0	0	0	0	0	1	0	0	1	0	0	0	0	0	0	0	0	0	0	0	0	0	1	0	0	0	0	0	0	0	0	0	1	0	1	0	0	0	0	0	1	0	0	0	1	0	0	0	0	1	0	0	1
A[Del(C):R8]G	0	0	0	0	0	0	0	0	0	0	0	0	0	0	0	0	0	0	0	0	0	0	0	0	0	0	0	0	0	0	0	0	0	0	0	0	0	0	0	0	0	0	0	0	0	0	3	0	0	0	0	0	0	0	0	0	0	0	0	0	0	0	0	0	0	0	0	0	0	0	0	0	0	0	0	0	0	0	0	0	0	0	0	0	0	0	0	0	0	0	0	0	0	0	0	0	0	0	0	0	0	0	0	0	0	0	0	0	0	0	0	0	0	0	0	0	0	0	0	0	0	0	0	0	0	0	0	0	0	0	0	0	0	0	0	0	0	0	0	0	0	0	0	0	0	0	0	0	0	0	0	0	0	0	0	0	1	0	0	0	0	0	0	0	0	0	0	0	0	0	0	0	0	0	0	0	0	0	0	0	0	0	0	0	0	0	0	0	0	0	0	0	0	0	0	0	0	0	0	0	0	0	0	0	0	0	0	0	0	0	0	0	0	0	0	0	0	0	0	0	0	0	0	0	0	0	0	0	0	0	0	0	0	0	0	0	0	0	0	0	0	0	0	0	0	0	0	0	0	0	0	0	0	0	0	1	0	0	0	0	0	0	0	0
A[Del(C):R8]T	0	0	0	0	0	0	0	0	0	0	0	0	0	0	0	0	0	0	0	0	0	0	0	0	0	0	0	0	0	0	0	0	0	0	0	0	0	0	0	0	0	0	0	0	0	0	2	0	0	0	0	0	0	0	0	0	0	0	0	0	0	0	0	0	0	0	1	0	0	0	0	0	0	0	0	0	0	0	0	0	0	0	0	0	0	0	0	0	0	0	0	0	0	0	0	0	0	0	0	0	0	0	0	0	0	0	0	0	0	0	0	0	1	0	0	0	0	0	0	0	0	0	0	1	0	0	0	0	0	0	0	0	0	0	2	0	0	0	0	0	0	0	0	0	0	0	0	0	0	0	0	0	0	0	0	0	0	0	0	1	0	0	0	1	0	0	0	0	0	0	0	0	0	0	0	1	0	1	0	0	0	0	0	0	0	1	0	0	0	0	0	0	0	0	0	0	0	0	0	0	0	0	0	0	0	0	0	0	0	1	0	0	0	0	0	0	0	0	0	0	0	0	0	0	0	0	0	0	0	0	0	0	1	1	0	0	0	0	0	0	1	0	0	0	0	0	1	0	0	0	0	0	0	0	0	0	0	0	0	0	0	1	0	0
A[Del(C):R(9,)]A	0	0	0	0	0	0	0	0	0	0	0	0	0	0	0	0	0	0	0	0	0	0	0	0	0	0	0	0	0	0	0	0	0	0	0	0	0	0	0	0	0	0	0	0	0	0	0	0	0	0	0	0	0	0	0	0	0	0	0	0	0	0	0	0	0	0	0	0	0	0	0	0	0	0	0	0	0	0	0	0	0	0	0	0	0	0	0	0	0	0	0	0	0	0	0	0	0	0	0	0	0	0	0	0	0	0	0	0	0	0	0	0	0	0	0	0	0	0	0	0	0	0	0	0	0	0	0	0	0	0	0	0	0	0	0	0	0	0	0	0	0	0	0	0	0	0	0	0	0	0	0	0	0	0	0	0	0	0	0	0	0	0	0	0	0	0	0	0	0	0	0	0	0	0	0	0	0	0	0	0	0	0	0	0	0	0	0	0	0	0	0	0	0	0	0	0	0	0	0	0	0	0	0	0	0	0	0	0	0	0	0	0	0	0	0	0	0	0	0	0	0	0	0	0	0	0	0	0	0	0	0	0	0	0	0	0	0	0	0	0	0	0	0	0	0	0	0	0	0	0	0	0	0	0	0	0	0	0	0	0	0	0	0	0
A[Del(C):R(9,)]G	0	0	0	0	0	0	0	0	0	0	0	0	0	0	0	0	0	0	0	0	0	0	0	0	0	0	0	0	0	0	0	0	0	0	0	0	0	0	0	0	0	0	0	0	0	0	0	0	0	0	0	0	0	0	0	0	0	0	0	0	0	0	0	0	0	0	0	0	0	0	0	0	0	0	0	0	0	0	0	0	0	0	0	0	0	0	0	0	0	0	0	0	0	0	0	0	0	0	0	0	0	0	0	0	0	0	0	0	0	0	0	0	0	0	0	0	0	0	0	0	0	0	0	0	0	0	0	0	0	0	0	0	0	0	0	0	0	0	0	0	0	0	0	0	0	0	0	0	0	0	0	0	0	0	0	0	0	0	0	0	0	0	0	0	0	0	0	0	0	0	0	0	0	0	0	0	0	0	0	0	0	0	0	0	0	0	0	0	0	0	0	0	0	0	0	0	0	0	0	0	0	0	0	0	0	0	0	0	0	0	0	0	0	0	0	0	0	0	0	0	0	0	0	0	0	0	0	0	0	0	0	0	0	0	0	0	0	0	0	0	0	0	0	0	0	0	0	0	0	0	0	0	0	0	0	0	0	0	0	0	0	0	0	0
A[Del(C):R(9,)]T	0	0	0	0	0	0	0	0	0	0	0	0	0	0	0	0	0	0	0	0	0	0	0	0	0	0	0	0	0	0	0	0	0	0	0	0	0	0	0	0	0	0	0	0	0	0	0	0	0	0	0	0	0	0	0	0	0	0	0	0	0	0	0	0	0	0	0	0	0	0	0	0	0	0	0	0	0	0	0	0	0	0	0	0	0	0	0	0	0	0	0	0	0	0	0	0	0	0	0	0	0	0	0	0	0	0	0	0	0	0	0	0	0	0	0	0	0	0	0	0	0	0	0	0	0	0	0	0	0	0	0	0	0	0	0	0	0	0	0	0	0	0	0	0	0	0	0	0	0	0	0	0	0	0	0	0	0	0	0	0	0	0	0	0	0	0	0	0	0	0	0	0	0	0	0	0	0	0	0	0	0	0	0	0	0	0	0	0	0	0	0	0	0	0	0	0	0	0	0	0	0	0	0	0	0	0	0	0	0	0	0	0	0	0	0	0	0	0	0	0	0	0	0	0	0	0	0	0	0	0	0	0	0	0	0	0	0	0	0	0	0	0	0	0	0	0	0	0	0	0	0	0	0	0	0	0	0	0	0	0	0	0	0	0
G[Del(C):R1]A	2	0	1	3	3	2	2	1	4	1	3	6	1	1	1	3	1	4	3	4	1	2	1	1	1	1	3	0	3	7	1	0	2	3	2	5	2	1	5	2	2	2	1	7	2	4	5	4	2	6	2	5	0	0	2	3	4	8	1	2	1	1	0	3	0	3	0	2	2	1	2	2	4	0	1	4	2	1	1	3	0	2	0	0	0	4	3	0	3	4	1	2	1	0	2	3	3	1	4	1	2	0	7	5	1	1	5	2	2	0	1	3	3	4	6	0	5	4	4	4	4	8	6	2	3	1	0	2	1	6	3	2	3	3	3	2	5	2	0	0	2	8	1	1	3	1	2	1	0	3	4	1	2	1	3	2	1	3	0	3	0	1	0	1	12	3	0	0	1	7	0	3	18	3	0	3	4	1	7	5	5	2	3	3	3	1	2	2	2	0	2	4	0	0	0	2	2	1	4	3	0	2	1	1	5	7	5	8	0	1	1	3	1	4	2	0	4	5	2	4	3	2	1	7	1	2	0	0	0	1	0	0	3	4	9	4	2	2	3	0	3	1	5	1	8	0	2	0	0	1	1	9	0	0	5	1	5	4	2	7	5	2	0	1
G[Del(C):R1]G	0	2	0	1	0	0	0	1	0	0	0	0	0	0	0	0	1	0	0	0	0	0	0	1	1	1	1	0	0	0	1	0	1	1	0	4	0	0	2	1	0	0	2	0	0	3	1	1	0	1	0	1	0	0	0	1	0	1	0	0	0	1	3	0	1	1	0	1	0	0	0	0	1	0	0	1	0	0	1	1	0	1	0	0	0	0	0	0	0	0	0	0	0	0	1	1	0	0	1	0	0	0	0	3	0	0	1	0	0	1	1	0	0	0	1	1	0	0	1	2	1	1	1	4	0	0	0	0	2	0	0	0	2	1	2	0	0	0	0	0	2	1	0	0	1	2	0	0	0	1	0	1	0	1	1	0	1	2	2	1	0	0	0	0	0	0	1	0	0	3	1	1	0	0	0	0	0	0	2	1	2	3	0	2	0	0	0	1	1	0	0	0	0	0	0	0	0	1	1	0	0	0	2	0	0	1	0	0	0	0	0	0	0	1	0	0	1	0	0	1	1	0	0	2	0	0	0	0	1	0	0	0	1	0	1	0	0	0	1	1	1	0	1	1	0	0	0	0	0	0	0	2	0	0	0	2	1	1	0	0	0	1	0	0
G[Del(C):R1]T	14	4	0	16	1	1	5	6	7	2	11	9	3	0	4	2	3	4	0	9	2	2	3	1	3	5	2	1	6	13	7	3	9	12	1	7	5	0	16	28	2	7	1	4	1	3	8	10	5	12	3	19	4	2	9	14	5	11	6	6	4	6	2	6	9	4	6	5	8	1	10	6	3	0	3	9	4	1	1	3	0	13	7	5	11	11	5	9	1	10	0	4	1	4	11	6	3	12	4	3	3	2	13	8	6	1	10	3	10	6	2	6	3	6	9	6	5	8	4	9	6	16	8	9	3	10	1	7	2	16	11	1	16	0	3	1	0	6	1	1	26	11	8	0	2	5	11	6	0	4	4	7	3	3	8	0	2	11	5	2	1	1	0	3	22	2	7	2	1	15	2	5	47	0	1	10	14	5	10	7	8	7	1	7	9	4	7	3	5	1	5	6	4	2	4	0	1	1	19	5	12	4	8	7	13	8	3	20	1	2	4	7	0	11	5	0	17	3	6	1	10	0	6	11	10	5	2	6	6	2	2	0	15	16	31	2	6	8	9	3	4	10	4	12	51	1	4	0	0	1	5	25	2	1	2	5	6	21	11	10	9	12	1	3
G[Del(C):R2]A	2	2	0	5	2	3	4	0	1	1	3	6	4	4	1	4	1	2	0	3	1	2	1	1	3	1	1	1	1	2	0	1	2	4	1	2	0	0	7	3	0	0	1	6	0	2	5	5	2	2	0	4	1	1	2	7	2	4	4	1	3	3	0	2	3	4	3	3	3	1	1	0	1	0	0	4	1	0	1	2	0	9	2	3	3	7	2	2	3	5	0	3	0	0	4	0	4	1	3	1	0	1	2	1	1	0	1	0	2	1	0	1	5	0	4	2	2	5	2	4	3	5	4	7	2	2	1	4	1	2	5	0	7	0	1	0	0	3	1	0	1	4	2	1	3	3	6	1	1	6	2	3	0	0	5	0	5	0	1	5	0	0	0	0	5	1	0	0	1	2	2	4	7	4	1	9	3	2	1	3	2	3	0	0	5	1	2	1	2	1	0	3	1	0	0	1	0	0	7	2	3	1	4	0	3	8	2	14	1	4	4	3	0	3	3	0	4	1	1	0	0	0	2	8	3	4	1	0	3	1	0	0	4	2	4	0	2	2	3	0	4	6	0	7	18	0	2	1	2	2	1	6	0	2	2	0	2	1	0	4	4	3	0	0
G[Del(C):R2]G	2	1	0	0	1	0	0	0	1	0	1	2	0	0	1	1	0	0	0	0	0	0	0	0	0	0	0	0	0	0	0	0	0	1	0	0	0	0	0	0	0	0	0	0	0	2	0	1	0	0	0	1	0	0	2	3	1	1	2	0	0	0	0	0	0	0	0	0	0	0	0	1	0	0	0	3	0	2	1	0	0	2	0	1	2	0	0	0	1	1	0	0	0	1	0	1	0	0	0	2	1	0	0	0	1	0	0	3	1	0	0	0	1	0	1	1	0	0	1	1	1	0	0	1	1	0	0	0	0	0	0	0	0	0	0	0	0	1	0	0	0	3	0	1	2	0	0	0	0	0	0	0	0	0	1	0	1	0	0	1	0	2	0	0	1	0	0	0	0	4	0	1	3	0	0	1	2	1	1	0	1	1	0	1	0	1	1	1	0	0	1	0	1	0	0	0	0	0	0	0	1	1	0	0	0	1	0	0	0	1	1	0	0	2	0	0	0	2	0	0	0	0	0	0	0	0	0	1	0	0	0	0	0	0	1	2	1	0	0	0	0	1	0	0	6	0	0	0	0	0	0	0	0	0	0	0	0	3	0	0	1	0	0	0
G[Del(C):R2]T	3	2	1	3	0	4	6	0	1	3	5	5	7	2	1	1	3	1	1	3	3	2	1	2	2	1	4	1	1	4	3	0	2	3	0	2	1	1	5	3	0	1	1	8	2	1	2	4	3	5	0	2	1	1	7	2	1	3	0	2	0	2	0	3	4	3	3	5	1	2	2	1	2	0	0	3	2	1	0	1	0	3	2	2	4	3	5	3	3	1	0	0	2	1	3	2	2	5	3	2	1	1	1	4	1	3	2	2	9	3	2	1	3	1	4	2	1	2	2	3	2	4	3	6	3	5	2	0	0	5	5	1	8	2	0	0	1	1	3	0	3	2	2	0	2	3	4	4	0	3	1	0	2	1	2	1	2	6	1	0	0	0	0	1	8	2	1	0	1	3	0	6	11	0	3	3	3	4	4	5	3	1	1	0	7	5	0	1	1	1	0	6	2	0	1	2	0	2	5	2	2	0	4	0	5	2	2	7	3	2	2	6	0	3	0	0	3	0	1	0	0	0	1	5	1	5	2	2	2	2	0	0	1	7	3	2	1	4	10	0	2	3	3	1	6	1	3	3	1	3	0	8	1	0	1	3	2	3	0	4	4	4	0	1
G[Del(C):R3]A	4	0	0	1	1	6	4	0	0	0	1	0	0	1	1	0	1	0	0	0	0	0	1	0	1	0	1	1	1	2	0	1	2	2	2	1	0	0	2	1	0	0	0	2	0	0	1	1	2	3	2	9	0	0	1	2	0	2	1	1	0	1	0	2	1	2	0	2	1	0	0	2	1	0	0	1	2	0	0	1	0	3	2	1	0	0	0	4	0	2	1	2	0	0	2	0	1	1	0	0	0	1	2	1	0	0	3	0	1	2	0	0	3	0	4	3	2	2	0	1	0	2	5	1	2	0	1	1	1	1	2	0	2	2	3	0	0	1	0	0	3	2	1	1	2	1	1	2	1	1	1	0	0	0	2	0	0	3	0	0	1	1	1	1	5	2	2	0	0	3	0	2	9	0	0	1	0	1	2	0	2	0	0	1	2	2	5	1	0	0	2	2	0	1	0	0	0	0	2	1	2	1	2	1	0	1	3	5	0	0	0	1	3	0	3	1	1	3	2	0	2	1	1	1	1	2	0	1	1	3	0	0	2	3	4	1	0	1	1	0	2	0	0	0	5	0	1	0	0	0	3	2	0	0	1	3	2	1	3	0	2	4	0	0
G[Del(C):R3]G	0	0	0	1	0	2	0	0	0	1	0	0	0	0	0	0	0	0	0	0	0	0	0	1	0	0	1	0	0	0	0	0	2	2	0	1	0	0	0	1	0	0	0	0	0	0	0	0	0	1	0	1	0	0	0	0	1	1	0	0	0	0	0	0	1	0	1	0	0	0	0	1	0	0	0	1	0	0	0	0	0	0	0	0	0	0	0	3	0	0	1	0	0	0	0	0	0	0	1	1	1	0	2	0	0	0	1	0	1	0	0	0	1	0	0	0	0	0	1	0	0	0	3	0	0	0	0	1	0	0	1	0	0	0	0	0	0	2	0	0	2	1	0	0	0	0	0	0	0	1	0	0	1	0	0	0	1	1	1	1	0	0	0	0	0	0	0	0	0	0	0	0	0	0	1	1	1	2	0	1	1	0	0	0	0	1	0	0	0	0	0	1	0	0	0	0	0	0	0	0	1	0	0	0	1	0	0	0	1	0	0	0	0	1	0	1	0	0	0	0	0	0	0	3	0	1	0	0	0	0	0	0	1	1	3	2	0	1	1	0	0	0	0	0	0	0	0	0	0	0	0	2	0	0	0	1	0	0	0	2	2	1	0	0
G[Del(C):R3]T	0	0	0	2	0	2	0	2	0	0	1	1	0	1	0	0	0	0	2	0	0	0	2	0	2	0	1	1	0	1	0	1	0	0	0	1	1	0	2	3	0	0	0	1	1	1	0	1	2	2	0	2	0	0	0	3	1	3	2	0	0	2	0	0	0	0	0	1	1	1	0	1	0	1	1	1	0	1	0	0	0	3	1	1	0	1	2	3	0	0	0	0	0	1	3	1	1	1	0	1	0	0	1	1	2	2	0	1	0	0	0	0	2	1	3	1	2	1	0	4	1	2	1	0	2	1	0	2	0	2	2	0	0	1	1	0	0	1	0	0	1	0	3	0	0	2	3	1	0	0	2	5	1	1	1	0	1	0	0	0	0	0	0	1	1	0	0	3	0	0	1	0	4	0	0	0	0	1	2	1	4	3	1	1	4	1	0	0	3	1	0	2	0	1	0	1	0	2	1	1	2	0	1	1	0	2	2	2	0	0	0	5	1	0	2	0	7	0	2	0	0	0	0	1	2	1	0	0	2	0	0	0	2	3	5	1	2	0	2	0	0	4	2	0	4	1	1	0	1	1	1	2	0	0	1	0	1	2	1	0	0	2	0	0
G[Del(C):R4]A	0	0	0	2	1	0	0	1	0	1	0	0	1	1	1	0	1	0	0	1	1	0	1	0	1	0	0	0	0	3	0	0	1	1	0	0	0	1	0	1	0	0	0	0	0	0	1	0	1	1	1	2	0	1	0	1	0	1	0	0	0	0	0	0	0	1	0	0	1	1	0	1	0	1	0	4	0	1	0	0	0	1	1	0	0	1	0	0	0	3	0	1	0	0	2	0	0	1	1	0	0	1	1	3	1	0	0	0	0	0	0	0	0	0	2	2	0	0	0	0	1	1	0	0	0	2	0	2	1	1	0	2	1	0	2	0	0	1	1	0	1	1	1	0	2	2	3	1	1	1	0	0	2	1	0	0	1	1	0	2	0	0	0	1	3	0	1	0	0	0	1	1	1	0	0	1	1	1	0	1	1	0	0	0	1	0	0	2	0	0	1	0	1	0	0	0	0	0	1	0	1	0	1	1	2	0	2	2	0	0	2	1	1	0	3	0	1	1	0	1	0	0	0	1	0	0	0	0	1	0	0	0	2	0	1	0	0	0	1	0	0	0	0	0	2	0	1	0	0	0	1	2	0	0	0	0	0	1	1	0	1	1	0	0
G[Del(C):R4]G	0	0	0	1	0	1	1	0	0	0	0	0	0	1	0	0	0	0	0	0	0	1	0	1	0	0	0	1	0	2	0	0	0	0	0	0	0	1	1	0	0	0	0	0	0	0	0	0	0	1	0	0	0	0	0	0	0	1	0	0	0	0	0	0	0	0	0	0	0	0	0	0	0	0	0	0	0	0	0	0	0	0	0	0	0	0	0	0	0	1	0	1	0	0	0	0	0	0	1	0	0	0	0	1	0	1	1	0	0	0	0	0	0	0	0	0	0	0	1	0	0	1	0	1	0	0	0	0	0	2	0	0	1	0	0	0	0	0	0	0	2	0	0	1	0	0	0	0	0	0	0	1	0	1	1	0	0	0	0	0	0	0	1	0	3	0	0	0	0	0	0	0	0	0	0	1	0	0	1	0	1	0	1	0	0	0	0	0	0	1	0	0	0	0	0	0	0	0	0	0	0	0	0	0	0	2	0	0	0	0	0	0	0	0	0	0	1	0	0	0	0	0	1	0	1	1	0	0	0	0	0	0	1	0	2	1	0	0	1	0	0	0	0	0	0	2	0	0	0	0	0	0	0	0	0	0	0	0	0	0	1	3	0	0
G[Del(C):R4]T	1	0	0	1	0	0	1	0	0	0	1	1	0	1	1	0	0	0	0	0	1	0	0	0	0	1	0	0	0	1	1	0	1	0	1	0	0	0	1	0	0	0	0	0	0	0	1	3	2	0	0	0	0	0	2	2	0	0	2	0	0	1	0	1	1	0	1	0	1	0	1	0	0	2	2	1	0	0	0	0	0	1	0	0	1	0	2	1	0	1	0	2	0	0	1	0	0	0	0	0	1	0	1	0	0	1	1	0	0	1	1	0	0	0	1	0	0	0	1	1	0	1	2	1	0	0	0	0	0	1	0	0	0	1	0	0	1	0	0	1	2	0	0	0	0	1	1	2	0	0	1	1	0	0	1	0	3	3	0	2	0	0	0	0	2	1	0	0	0	1	0	1	0	0	2	1	1	0	0	2	1	0	1	0	2	0	0	0	0	0	1	0	0	0	0	0	0	0	0	1	2	0	2	0	1	1	0	2	0	0	0	2	0	2	1	0	1	2	1	1	1	1	0	1	1	0	0	0	0	1	0	0	1	2	2	0	0	0	3	0	1	0	0	0	1	0	0	0	0	0	0	0	0	0	1	1	1	0	1	0	3	2	0	0
G[Del(C):R5]A	2	2	0	1	1	1	0	1	0	0	0	0	0	0	2	1	1	0	0	0	0	0	0	0	0	0	0	0	1	1	1	0	2	2	0	0	2	0	5	0	0	2	0	0	0	0	2	1	2	2	0	0	1	0	2	3	0	0	0	0	0	0	0	0	0	0	1	0	3	0	1	0	0	0	1	0	0	0	0	0	0	4	1	1	0	1	1	0	0	2	0	1	0	0	0	0	0	1	0	0	0	0	1	1	1	1	2	0	1	0	1	0	0	0	3	1	1	1	1	1	0	2	1	4	0	1	0	0	1	3	1	1	1	0	1	0	1	0	0	0	0	5	1	0	1	1	1	0	0	1	0	0	0	0	3	0	0	1	0	1	0	1	0	0	2	0	3	0	0	3	0	1	7	0	0	0	0	1	0	0	1	1	1	1	0	0	4	2	0	0	0	0	1	0	0	0	0	0	2	0	0	0	1	0	4	1	0	0	0	1	0	0	0	0	0	0	3	0	0	0	2	2	1	1	0	1	0	0	0	1	0	0	2	0	2	0	0	0	0	1	0	0	0	0	4	0	1	0	1	0	0	1	0	0	0	0	1	0	0	1	0	0	0	0
G[Del(C):R5]G	0	0	0	0	0	0	0	0	0	0	0	0	0	0	0	0	0	0	0	0	0	0	0	0	0	2	0	0	0	0	0	0	0	0	0	0	0	0	0	0	0	0	1	0	0	1	0	0	0	2	0	0	0	0	0	0	1	0	0	0	1	0	0	0	0	0	0	0	0	0	0	0	0	0	2	0	0	0	0	0	0	0	0	0	0	0	0	0	0	0	0	0	0	0	1	0	0	0	0	0	0	0	0	1	0	0	1	0	0	1	0	0	0	0	0	0	0	0	0	0	1	0	1	0	0	0	0	0	0	0	0	0	0	0	2	0	0	0	0	0	0	0	1	0	0	1	0	0	0	0	0	1	0	0	1	0	0	0	0	0	0	0	0	0	0	1	0	0	0	0	0	0	2	0	0	0	0	0	0	0	0	0	0	0	0	0	0	0	0	0	0	0	0	0	0	0	0	0	1	1	0	0	0	0	2	0	0	2	0	0	0	0	0	0	0	0	0	0	1	0	0	0	0	0	0	0	0	0	0	0	0	0	0	0	2	0	0	0	0	0	0	0	0	0	0	0	0	0	0	0	0	1	0	0	0	0	0	0	0	0	0	0	0	0
G[Del(C):R5]T	0	0	0	0	0	1	1	0	0	0	3	1	0	1	0	0	0	0	0	0	1	0	0	0	0	0	0	0	0	0	1	0	1	0	0	0	0	0	1	0	0	0	1	1	1	1	4	0	0	0	1	0	0	0	0	1	1	1	0	0	2	0	1	0	1	0	0	1	0	0	0	1	0	0	1	3	0	1	1	0	0	2	0	1	0	1	2	0	0	0	0	0	1	0	0	1	0	2	1	0	0	0	0	0	0	0	0	1	2	2	0	0	0	0	0	2	0	0	0	0	0	0	0	1	0	0	0	0	0	1	0	0	0	0	0	0	0	0	0	0	2	0	1	0	1	3	0	0	0	1	0	1	0	0	0	1	0	1	1	0	0	0	0	0	1	0	0	0	0	2	1	0	2	0	0	0	0	0	3	1	1	1	0	2	2	0	0	0	0	0	0	0	0	0	0	1	0	0	1	2	2	0	0	0	0	2	0	0	0	0	0	2	0	2	1	0	0	0	0	1	0	0	0	1	0	0	0	0	0	0	0	0	0	2	0	2	2	0	0	0	1	0	1	1	1	0	0	0	0	0	0	1	0	1	0	0	0	0	0	2	0	1	0	0
G[Del(C):R6]A	0	0	0	0	1	1	2	0	1	0	1	0	1	0	0	0	2	0	0	0	0	0	2	0	0	0	0	1	0	1	0	0	0	0	0	0	1	0	0	0	2	1	0	0	0	0	6	0	1	0	1	0	1	0	1	0	0	2	1	0	0	1	0	3	0	0	0	0	0	0	0	0	0	1	0	1	0	0	0	0	0	2	0	1	0	0	0	0	0	0	0	0	0	0	0	0	1	0	0	0	0	0	2	0	0	1	0	0	0	1	0	0	0	0	1	1	2	0	0	1	1	0	1	0	1	0	0	0	0	0	1	0	1	0	0	0	1	0	0	0	1	0	0	1	0	0	1	0	0	0	1	0	0	0	0	0	0	1	0	0	0	0	0	0	0	0	0	0	0	0	0	0	0	0	0	0	0	0	1	0	0	1	0	0	0	0	0	1	1	0	1	0	0	0	0	0	0	0	0	0	0	0	1	0	0	0	0	0	0	0	1	1	0	1	0	0	0	0	0	2	1	0	0	1	0	0	0	0	0	0	0	0	0	0	1	0	1	1	0	0	0	1	0	0	1	0	0	0	0	0	1	2	0	0	0	0	0	1	0	1	0	0	0	0
G[Del(C):R6]G	0	0	0	0	0	0	0	0	0	0	0	0	0	0	0	2	0	0	0	0	1	0	0	0	0	0	0	0	0	0	0	0	0	0	0	0	0	0	0	0	0	0	0	0	0	0	0	0	0	0	0	0	0	0	0	0	1	0	0	0	0	0	1	0	0	0	0	0	0	0	0	0	0	0	0	0	0	0	0	0	0	0	0	0	0	1	0	1	2	0	0	0	0	0	0	0	0	0	0	0	0	0	0	0	0	0	0	0	0	0	0	0	0	0	0	0	0	0	0	0	0	0	0	0	0	1	0	0	0	0	0	0	0	0	0	0	0	0	0	0	0	1	0	0	0	0	0	0	0	0	0	0	0	0	0	0	0	1	0	0	0	0	0	0	0	0	0	0	0	1	2	0	1	0	0	0	0	0	0	2	0	0	0	0	0	0	0	0	0	0	0	0	0	0	0	0	0	0	0	0	1	0	0	0	1	0	0	0	1	0	1	1	1	0	0	0	0	0	0	0	0	0	0	0	0	0	0	0	0	0	0	1	1	0	1	0	0	1	0	0	0	1	0	1	0	0	0	0	0	0	0	0	0	0	0	0	0	0	0	0	0	0	0	0
G[Del(C):R6]T	0	0	0	0	0	0	0	0	0	0	0	1	0	0	0	0	0	0	0	0	0	1	0	0	0	0	0	0	0	0	0	0	0	0	0	0	0	0	1	1	0	0	0	0	0	0	2	1	0	1	0	0	0	0	0	0	0	0	0	1	0	1	0	0	0	0	0	0	0	1	0	1	0	0	0	1	0	0	0	0	0	1	0	0	1	0	0	0	0	0	0	0	0	0	1	0	1	0	0	1	0	0	0	0	0	0	0	0	0	0	0	0	0	1	0	2	0	0	0	1	0	0	0	0	0	0	0	0	0	0	1	0	0	0	0	0	0	0	0	0	1	0	0	0	0	0	1	0	0	0	0	0	0	0	0	0	0	0	0	0	0	0	0	0	0	1	0	0	0	0	0	2	1	0	1	0	0	1	1	0	1	0	0	1	1	0	0	0	1	0	0	1	0	0	0	0	0	0	2	0	0	0	1	0	0	0	0	1	0	0	0	0	0	0	0	0	0	0	0	0	0	0	0	0	0	1	0	0	1	0	0	0	0	0	1	0	0	0	0	0	0	0	0	0	1	1	0	0	0	0	0	1	0	0	0	0	0	0	0	1	0	0	0	0
G[Del(C):R7]A	0	0	0	0	0	0	0	0	0	0	0	0	0	0	0	0	0	0	0	0	0	0	0	0	0	1	0	0	0	0	0	0	0	0	0	0	0	0	0	0	0	0	0	0	0	0	4	0	0	0	0	0	0	0	0	0	0	0	0	0	0	0	0	0	0	0	0	0	0	0	1	0	0	0	0	0	0	0	0	0	0	0	0	1	0	1	0	0	0	0	0	0	0	0	0	0	0	0	0	0	0	0	0	0	0	0	0	0	0	0	0	0	0	0	1	0	0	0	0	0	0	0	0	0	0	0	0	0	0	0	0	0	0	0	0	0	1	0	0	0	0	0	0	0	0	0	0	0	0	0	0	0	0	0	0	0	0	0	0	0	0	0	0	0	0	0	0	0	0	0	0	0	0	0	1	0	0	0	0	0	0	0	0	0	0	0	0	0	1	0	0	0	0	0	0	0	0	0	0	0	0	0	0	0	0	0	0	0	0	0	0	0	0	0	1	0	0	0	0	0	0	0	0	0	0	0	0	0	1	0	0	0	0	0	0	0	2	1	0	0	0	0	1	0	1	1	0	0	0	0	1	0	0	0	0	0	0	0	0	0	0	2	0	0
G[Del(C):R7]G	0	0	0	0	0	0	0	0	0	0	0	0	0	0	0	1	0	0	0	0	0	0	0	0	0	0	0	0	0	0	0	0	0	0	0	0	0	0	0	0	0	0	0	0	0	0	2	0	0	0	0	0	0	0	0	0	0	0	0	0	0	0	0	0	0	0	0	0	0	0	0	0	0	0	0	0	0	1	0	0	0	0	0	1	0	0	0	0	0	0	0	0	0	0	0	0	0	0	0	0	0	0	0	0	0	0	0	0	0	0	0	0	0	0	0	0	0	0	0	0	0	0	0	0	0	0	0	0	0	0	0	0	0	0	0	0	0	0	0	0	0	0	0	0	1	0	0	0	0	0	0	0	0	0	0	0	0	0	0	0	0	0	0	0	0	0	0	0	0	1	0	0	0	0	0	0	1	0	0	0	0	0	0	0	0	0	0	0	0	0	0	0	0	0	0	0	0	0	0	0	0	0	0	0	0	0	0	0	0	0	0	0	0	0	0	0	0	0	0	0	0	0	0	0	0	0	0	0	0	0	0	0	0	0	0	0	0	1	0	0	0	0	0	0	0	0	1	0	0	0	0	0	0	0	0	0	0	0	1	1	0	0	0	0
G[Del(C):R7]T	0	0	0	0	0	0	0	0	0	0	0	0	0	0	0	0	0	0	0	0	0	0	0	1	0	0	0	0	0	0	0	0	0	0	0	0	0	0	1	0	0	0	1	0	0	0	4	0	0	0	0	0	0	0	0	0	0	0	0	0	0	0	0	0	0	0	0	0	0	0	0	0	0	0	0	0	0	0	0	0	0	0	0	0	0	0	0	0	0	0	0	0	0	0	0	0	0	0	0	0	0	0	0	0	0	0	0	0	0	0	0	0	0	0	0	0	0	0	0	0	0	1	0	0	0	0	0	0	0	0	0	0	0	0	1	0	0	0	0	0	0	0	0	0	0	0	0	0	0	1	0	0	0	0	0	0	0	0	0	0	0	0	0	0	1	0	0	0	0	0	0	0	0	0	0	0	0	0	0	0	0	0	0	1	0	0	0	0	0	0	0	0	0	0	0	0	0	0	0	0	0	1	0	0	0	0	0	0	0	0	0	0	0	0	0	0	0	0	0	0	0	0	0	0	0	0	0	0	0	0	0	0	1	0	0	0	0	1	0	0	0	0	0	0	0	0	0	0	0	0	0	0	0	0	0	0	0	0	0	0	0	1	0	0
G[Del(C):R8]A	0	0	0	0	0	0	0	0	0	0	0	0	0	0	2	0	0	0	0	0	0	0	0	0	0	0	0	0	0	0	0	0	0	0	0	0	0	0	1	0	0	0	0	0	0	0	6	0	0	0	0	0	0	0	0	0	0	0	0	0	0	0	0	0	0	0	0	0	0	0	1	0	0	0	0	0	0	0	1	0	0	0	0	0	0	0	0	0	0	0	0	0	0	0	0	0	0	0	0	0	0	0	0	0	0	0	0	0	0	0	0	0	0	0	0	0	0	0	0	0	0	0	0	0	0	1	0	1	0	0	0	0	0	0	0	0	0	3	0	0	2	0	0	0	1	0	0	1	0	0	0	0	0	0	0	0	0	0	0	0	0	0	1	0	1	0	0	0	0	0	0	0	0	0	0	0	0	1	0	1	0	0	0	0	0	0	0	0	0	0	0	0	0	0	0	0	0	2	2	0	0	0	0	0	1	0	1	1	0	0	0	1	0	0	0	0	0	0	0	0	0	0	0	0	0	0	0	0	0	0	0	0	0	0	0	1	0	0	0	0	0	0	0	0	0	0	0	0	0	1	0	0	0	0	0	1	0	1	1	0	0	0	0	0
G[Del(C):R8]G	0	0	0	0	0	0	0	0	0	0	0	0	0	0	0	0	0	0	0	0	0	0	0	0	0	1	0	0	0	0	0	0	0	0	0	0	0	0	0	0	0	0	0	0	0	0	0	0	0	0	0	0	0	0	0	0	0	0	0	0	0	0	0	0	0	0	0	0	1	0	0	0	0	0	0	0	0	0	0	0	0	0	0	0	0	0	0	0	0	0	0	0	0	0	0	0	0	0	0	0	0	0	0	0	0	0	0	1	0	0	0	0	0	0	0	0	0	0	0	0	0	0	0	0	0	0	0	0	0	0	0	0	0	0	1	0	0	0	0	0	0	0	0	0	0	0	0	0	0	0	0	0	0	0	0	0	0	0	0	0	0	0	0	0	0	0	0	0	0	0	0	0	1	0	0	0	0	0	0	0	0	0	0	1	0	0	0	0	0	0	0	0	0	0	0	0	0	0	0	0	0	0	0	0	0	0	0	0	0	0	0	0	0	0	0	0	0	0	0	0	0	0	0	0	0	0	0	0	0	0	0	0	1	0	0	0	0	0	0	0	0	0	0	0	0	0	0	0	0	0	0	0	0	0	0	0	0	0	0	0	0	0	0	0
G[Del(C):R8]T	0	0	0	0	0	0	0	0	1	0	0	0	0	0	0	0	0	0	0	0	0	0	0	0	0	0	0	0	0	0	0	0	0	0	0	0	0	0	0	0	0	0	0	0	0	0	3	0	0	0	0	0	0	0	0	0	0	0	0	0	0	0	0	0	0	0	0	0	0	0	0	0	0	0	0	0	0	0	0	0	0	0	0	0	0	0	0	0	0	0	0	0	0	0	0	0	0	1	1	0	0	0	0	0	0	0	0	0	0	0	0	0	0	0	0	0	0	1	0	0	0	0	0	0	0	0	0	0	0	0	0	0	1	0	0	0	0	1	0	0	0	1	0	0	0	0	0	0	0	0	0	0	0	0	0	0	0	0	0	0	0	1	0	0	0	0	0	0	0	0	0	0	0	0	0	0	0	0	0	0	0	0	0	0	0	0	0	0	0	0	0	0	0	0	0	0	0	0	0	0	0	0	1	0	0	0	0	0	0	0	0	0	0	0	0	0	0	0	0	0	0	0	0	0	0	0	0	0	0	0	0	0	0	1	0	0	0	1	0	0	0	0	0	0	0	0	0	0	0	0	0	0	0	1	0	0	0	0	0	0	0	1	0	0
G[Del(C):R(9,)]A	0	0	0	0	0	0	0	0	0	0	0	0	0	0	0	0	0	0	0	0	0	0	0	0	0	0	0	0	0	0	0	0	0	0	0	0	0	0	0	0	0	0	0	0	0	0	0	0	0	0	0	0	0	0	0	0	0	0	0	0	0	0	0	0	0	0	0	0	0	0	0	0	0	0	0	0	0	0	0	0	0	0	0	0	0	0	0	0	0	0	0	0	0	0	0	0	0	0	0	0	0	0	0	0	0	0	0	0	0	0	0	0	0	0	0	0	0	0	0	0	0	0	0	0	0	0	0	0	0	0	0	0	0	0	0	0	0	0	0	0	0	0	0	0	0	0	0	0	0	0	0	0	0	0	0	0	0	0	0	0	0	0	0	0	0	0	0	0	0	0	0	0	0	0	0	0	0	0	0	0	0	0	0	0	0	0	0	0	0	0	0	0	0	0	0	0	0	0	0	0	0	0	0	0	0	0	0	0	0	0	0	0	0	0	0	0	0	0	0	0	0	0	0	0	0	0	0	0	0	0	0	0	0	0	0	0	0	0	0	0	0	0	0	0	0	0	0	0	0	0	0	0	0	0	0	0	0	0	0	0	0	0	0	0
G[Del(C):R(9,)]G	0	0	0	0	0	0	0	0	0	0	0	0	0	0	0	0	0	0	0	0	0	0	0	0	0	0	0	0	0	0	0	0	0	0	0	0	0	0	0	0	0	0	0	0	0	0	0	0	0	0	0	0	0	0	0	0	0	0	0	0	0	0	0	0	0	0	0	0	0	0	0	0	0	0	0	0	0	0	0	0	0	0	0	0	0	0	0	0	0	0	0	0	0	0	0	0	0	0	0	0	0	0	0	0	0	0	0	0	0	0	0	0	0	0	0	0	0	0	0	0	0	0	0	0	0	0	0	0	0	0	0	0	0	0	0	0	0	0	0	0	0	0	0	0	0	0	0	0	0	0	0	0	0	0	0	0	0	0	0	0	0	0	0	0	0	0	0	0	0	0	0	0	0	0	0	0	0	0	0	0	0	0	0	0	0	0	0	0	0	0	0	0	0	0	0	0	0	0	0	0	0	0	0	0	0	0	0	0	0	0	0	0	0	0	0	0	0	0	0	0	0	0	0	0	0	0	0	0	0	0	0	0	0	0	0	0	0	0	0	0	0	0	0	0	0	0	0	0	0	0	0	0	0	0	0	0	0	0	0	0	0	0	0	0
G[Del(C):R(9,)]T	0	0	0	0	0	0	0	0	0	0	0	0	0	0	0	0	0	0	0	0	0	0	0	0	0	0	0	0	0	0	0	0	0	0	0	0	0	0	0	0	0	0	0	0	0	0	0	0	0	0	0	0	0	0	0	0	0	0	0	0	0	0	0	0	0	0	0	0	0	0	0	0	0	0	0	0	0	0	0	0	0	0	0	0	0	0	0	0	0	0	0	0	0	0	0	0	0	0	0	0	0	0	0	0	0	0	0	0	0	0	0	0	0	0	0	0	0	0	0	0	0	0	0	0	0	0	0	0	0	0	0	0	0	0	0	0	0	0	0	0	0	0	0	0	0	0	0	0	0	0	0	0	0	0	0	0	0	0	0	0	0	0	0	0	0	0	0	0	0	0	0	0	0	0	0	0	0	0	0	0	0	0	0	0	0	0	0	0	0	0	0	0	0	0	0	0	0	0	0	0	0	0	0	0	0	0	0	0	0	0	0	0	0	0	0	0	0	0	0	0	0	0	0	0	0	0	0	0	0	0	0	0	0	0	0	0	0	0	0	0	0	0	0	0	0	0	0	0	0	0	0	0	0	0	0	0	0	0	0	0	0	0	0	0
T[Del(C):R1]A	5	1	1	2	4	3	4	1	4	1	2	3	3	5	3	2	3	1	2	3	4	3	4	3	6	4	4	3	3	1	3	2	5	0	3	4	2	0	5	7	3	2	4	5	0	1	7	5	2	6	1	0	1	1	3	5	2	3	1	5	1	3	3	0	4	4	5	2	3	2	6	1	1	2	1	3	2	1	1	4	0	6	2	2	2	3	5	5	3	2	2	5	2	0	5	3	1	1	2	1	2	3	8	5	2	1	2	0	1	4	1	3	3	2	4	1	1	3	3	2	4	4	8	2	1	4	2	2	0	9	3	0	6	2	7	4	1	2	0	0	6	3	2	1	4	1	4	3	1	2	1	6	2	4	5	1	1	6	1	9	0	0	0	4	6	3	2	1	2	5	0	2	11	2	4	3	1	5	4	1	2	3	0	2	4	4	4	4	3	2	4	1	1	1	3	2	2	3	2	5	3	7	4	1	3	3	3	2	2	3	1	3	1	3	3	0	7	3	5	0	2	1	2	3	4	4	0	1	1	3	1	0	5	5	7	1	2	4	1	0	2	1	2	4	6	2	3	0	4	0	4	5	0	1	3	3	2	3	6	6	2	6	1	2
T[Del(C):R1]G	0	1	0	0	1	1	0	1	0	0	1	0	1	0	0	1	0	0	1	1	0	0	1	0	0	1	3	0	2	0	0	0	3	0	1	1	1	0	4	0	0	2	2	0	0	2	0	0	0	1	0	0	0	0	0	1	0	0	0	1	1	0	1	0	0	0	1	0	0	0	3	0	3	0	0	0	0	2	0	0	1	2	0	0	0	0	1	0	1	2	0	1	1	0	1	2	0	0	0	0	1	1	0	0	2	0	1	5	0	2	0	1	1	2	0	1	0	0	2	0	0	1	1	2	0	1	0	0	0	4	0	1	0	0	4	2	2	2	0	0	2	0	1	0	3	1	2	1	0	0	0	0	3	0	0	0	0	0	1	2	0	0	0	1	0	0	0	0	1	5	0	1	2	0	1	2	1	0	2	0	7	1	2	4	1	1	0	1	2	0	1	0	0	0	1	0	0	0	1	3	0	0	0	1	2	1	1	1	0	1	1	0	3	2	0	0	1	1	0	0	0	0	0	1	0	0	0	2	2	0	0	0	2	0	4	2	1	3	1	0	0	0	1	0	0	0	0	1	0	0	0	1	0	0	1	4	0	4	0	1	2	0	0	0
T[Del(C):R1]T	15	4	0	16	1	15	23	6	9	4	15	16	4	6	3	11	4	11	4	11	6	3	5	1	3	8	9	1	11	14	13	2	6	28	5	10	12	2	23	43	6	13	4	8	1	9	8	14	11	25	5	16	9	2	13	20	9	14	7	9	6	9	2	3	7	4	9	7	15	4	13	7	11	1	6	33	5	1	6	4	1	29	12	7	11	14	13	15	3	17	2	6	7	7	12	14	4	7	6	5	9	1	14	13	8	7	15	4	16	9	4	9	13	8	18	10	12	10	10	9	7	23	15	20	9	13	2	5	8	20	12	4	22	5	8	5	8	7	3	0	43	21	13	1	4	15	6	9	1	15	10	23	10	8	25	3	2	18	4	12	1	3	2	3	44	4	8	4	3	21	2	18	89	4	1	16	12	12	19	11	11	7	2	8	15	4	6	7	13	2	10	11	1	0	5	3	1	8	21	12	25	6	13	3	7	22	11	39	2	9	6	14	3	14	6	0	32	7	22	9	7	4	4	16	13	9	0	5	16	8	0	4	24	8	30	7	11	7	13	3	11	12	6	10	19	2	11	2	2	5	9	35	6	3	16	7	10	15	15	14	18	23	1	0
T[Del(C):R2]A	1	1	0	5	3	5	4	2	0	1	1	2	4	1	3	3	3	5	0	4	0	0	0	0	1	2	2	3	2	4	5	1	3	2	0	3	1	0	8	2	2	3	0	1	1	2	1	3	2	4	2	1	0	0	4	4	0	2	1	1	3	4	1	1	0	1	4	1	2	5	4	1	0	0	1	5	2	3	1	3	0	6	3	2	2	4	4	5	1	7	0	2	1	3	4	3	2	5	0	1	2	2	0	7	1	2	4	1	4	2	1	1	1	3	2	3	3	3	4	3	2	8	2	4	0	6	0	0	1	6	2	0	5	0	2	1	2	0	1	2	3	4	3	2	3	1	3	3	1	2	1	6	0	2	2	1	6	1	0	2	0	0	2	0	3	0	5	1	2	3	3	3	2	1	0	2	4	1	6	6	2	2	1	2	5	2	2	3	3	3	0	2	1	0	2	0	1	1	6	5	4	3	2	1	5	2	1	5	1	1	1	3	1	4	3	1	4	4	4	1	1	1	2	2	0	1	0	1	0	2	0	2	2	2	3	0	0	0	1	1	1	1	2	3	9	0	2	1	0	6	2	3	0	2	1	2	2	5	4	3	2	3	0	1
T[Del(C):R2]G	1	0	2	0	0	0	0	0	0	1	1	0	0	0	1	0	1	0	1	0	2	1	0	0	1	0	1	0	1	0	0	0	0	1	0	0	0	0	0	0	0	0	1	0	0	1	1	0	0	0	0	1	1	1	0	0	0	3	1	0	1	1	0	1	0	0	1	0	1	0	0	0	1	0	0	1	0	0	0	0	1	2	1	1	1	0	1	1	0	0	0	0	0	1	0	1	0	1	0	0	0	0	0	0	1	0	0	1	0	2	0	0	1	1	1	2	0	0	0	0	1	0	2	1	0	1	0	1	0	0	1	0	1	0	2	1	0	1	0	0	0	1	1	0	1	1	1	0	2	1	0	0	2	0	1	0	1	0	1	0	0	0	0	0	2	0	0	0	0	0	0	2	0	0	0	3	0	0	2	0	2	2	2	0	0	0	0	2	0	1	1	1	0	0	0	0	0	0	1	2	0	0	0	1	0	0	1	0	1	1	0	1	0	1	0	0	1	0	0	0	0	0	0	2	0	0	0	0	0	0	0	0	0	0	1	0	0	1	1	0	0	2	1	1	0	0	1	1	0	0	1	1	0	0	0	0	0	0	0	0	0	0	0	0
T[Del(C):R2]T	6	3	1	6	3	5	6	6	6	5	4	6	4	4	2	1	2	7	3	4	2	1	2	2	6	5	6	6	4	8	4	1	5	10	0	5	4	1	11	14	3	7	3	5	5	4	3	4	0	9	7	11	1	1	9	8	0	7	3	4	0	7	2	6	7	2	5	5	9	8	7	5	1	1	3	8	1	3	0	3	2	14	3	6	7	7	6	12	3	5	2	8	5	2	7	4	2	8	5	3	6	2	9	4	4	5	7	3	14	5	3	3	6	5	12	5	8	8	5	6	4	11	10	9	4	10	1	1	6	9	4	1	6	4	7	4	4	5	3	0	21	9	6	0	4	3	5	4	3	2	8	3	3	1	11	3	6	8	2	3	1	1	0	1	23	3	3	4	1	4	2	6	42	3	0	2	3	7	16	4	8	5	7	5	8	4	7	4	6	3	3	4	0	0	3	0	2	4	13	7	11	1	9	4	5	7	4	24	3	2	8	14	4	10	3	2	16	2	6	4	6	2	2	14	6	8	1	1	13	6	0	1	9	3	9	2	7	5	11	2	9	7	6	9	6	0	2	1	1	1	5	15	2	1	4	5	7	15	5	10	9	12	0	2
T[Del(C):R3]A	3	0	0	4	1	2	4	1	1	1	3	0	3	3	1	0	2	1	1	0	1	0	1	0	1	1	1	0	3	8	1	0	2	2	1	3	0	0	3	3	4	0	0	2	1	0	5	3	0	7	2	2	1	2	3	6	1	3	2	0	2	3	0	1	3	1	2	2	4	1	3	1	0	0	0	2	0	2	0	1	2	3	1	0	3	3	0	5	0	5	0	1	1	2	6	0	0	2	1	1	2	2	2	3	1	2	8	0	1	1	0	0	2	0	4	2	1	1	2	2	3	3	2	0	1	1	2	2	0	6	3	1	3	0	7	1	0	1	0	1	2	5	4	1	2	1	1	0	2	0	1	4	4	0	1	1	2	1	1	0	0	0	0	3	2	0	4	0	1	3	0	0	15	1	0	2	3	3	3	4	2	0	2	4	1	1	6	2	0	1	3	3	0	1	1	2	2	1	1	4	2	1	3	0	3	1	1	5	2	1	0	2	2	3	0	1	3	0	4	1	2	0	0	11	0	0	1	3	1	0	0	0	3	2	2	1	1	1	1	1	3	0	2	5	4	1	1	1	2	3	0	4	1	0	0	0	1	4	3	2	3	4	0	1
T[Del(C):R3]G	1	0	0	0	0	0	1	0	0	0	0	0	0	0	1	0	0	0	0	0	0	0	0	0	0	0	0	1	0	0	0	0	0	0	0	1	0	0	1	0	0	0	0	1	0	0	1	0	1	0	0	0	1	0	1	0	0	0	0	0	1	1	0	1	0	0	0	0	0	0	0	0	0	1	0	1	1	1	0	1	0	1	0	0	0	0	0	0	0	1	0	0	0	0	1	0	1	0	0	0	1	0	0	1	0	0	0	0	0	0	0	0	0	0	0	0	0	0	1	0	0	2	0	1	0	0	0	0	0	0	0	0	1	0	0	0	0	0	0	0	1	0	1	1	0	0	0	1	0	0	0	1	0	0	0	0	1	1	0	0	1	0	0	1	0	0	0	0	0	0	1	0	1	0	0	1	0	1	1	0	0	0	0	0	0	0	0	0	0	0	0	0	0	0	0	0	0	0	2	0	0	0	2	0	1	0	2	0	0	0	0	0	0	1	0	0	3	0	0	0	0	0	0	0	0	0	0	0	0	0	1	0	0	0	0	1	0	0	0	0	0	0	0	0	3	0	0	0	0	0	0	0	0	0	0	1	0	0	0	0	1	0	0	0
T[Del(C):R3]T	0	1	0	1	0	0	1	0	2	1	1	3	1	0	0	1	2	0	0	1	0	0	1	0	2	0	2	1	0	2	0	1	3	1	0	3	0	0	4	1	1	1	0	2	0	2	3	4	2	2	2	5	1	0	2	3	0	1	1	1	0	0	2	3	1	1	0	1	1	1	1	0	0	0	0	0	3	3	1	1	1	3	0	1	1	3	0	5	0	3	0	3	1	0	3	1	3	2	1	2	3	0	0	4	2	1	4	0	1	0	0	1	2	0	1	1	3	3	1	1	2	4	1	1	2	2	0	1	1	1	0	0	1	0	2	0	2	1	0	1	1	5	0	0	4	1	1	4	0	0	3	3	0	0	2	0	1	5	0	2	0	1	0	2	4	1	1	0	1	3	2	3	8	0	0	1	4	3	4	3	3	1	1	0	6	1	4	0	0	1	0	0	0	3	1	0	1	3	4	1	2	1	0	1	2	0	1	4	1	0	1	1	1	1	2	0	1	0	2	1	4	0	2	2	1	0	0	2	2	1	0	0	2	1	5	1	1	1	4	0	2	2	3	0	0	1	0	1	0	0	2	1	0	1	1	2	1	1	0	0	2	0	0	2
T[Del(C):R4]A	1	0	0	0	0	1	1	0	0	1	0	0	2	1	0	3	2	0	1	1	0	1	0	0	2	0	1	0	0	1	1	0	0	1	1	2	0	0	1	2	1	2	1	1	0	1	5	3	1	0	0	0	0	1	1	2	1	1	3	0	0	1	0	1	2	1	1	0	0	0	1	1	0	0	0	1	0	0	1	0	0	3	1	0	2	0	1	4	0	0	1	1	1	2	1	1	0	1	1	1	1	0	2	0	0	0	1	1	2	0	0	1	1	0	1	0	0	0	2	2	1	0	1	2	0	0	0	1	1	2	1	1	0	1	2	0	0	0	0	0	1	4	1	0	0	1	1	1	1	2	0	2	0	0	0	0	2	3	1	3	0	2	0	1	2	4	2	0	0	1	1	0	8	0	1	1	1	0	3	2	1	0	0	0	2	0	3	0	3	0	2	1	0	0	1	1	0	1	3	1	1	1	2	2	1	1	1	2	0	0	0	3	1	0	3	1	1	0	1	0	0	0	2	2	0	2	0	1	1	0	0	0	2	1	0	1	0	1	1	0	1	0	0	2	0	1	1	2	0	1	0	2	0	0	1	1	0	0	1	2	1	0	0	1
T[Del(C):R4]G	0	0	0	0	0	0	0	0	1	0	0	0	0	0	0	0	0	0	0	0	0	0	0	0	0	0	3	0	1	0	0	0	0	0	0	0	0	0	0	0	0	0	0	0	0	0	1	0	0	0	0	1	0	0	0	0	0	0	0	0	0	0	0	0	0	0	0	0	0	0	1	0	0	0	2	0	0	0	0	0	0	0	0	0	0	0	0	1	0	1	0	0	0	0	1	0	0	0	0	1	0	0	1	0	0	0	0	0	1	0	0	0	0	0	0	0	0	1	0	0	0	1	0	0	0	0	0	0	0	0	0	0	0	1	0	0	0	0	0	0	1	0	0	0	0	0	1	0	0	1	0	0	0	0	1	0	0	0	0	1	0	0	0	0	1	0	0	0	0	0	1	1	0	0	0	0	1	0	0	0	0	0	0	1	0	0	0	0	0	0	0	0	0	0	0	0	0	0	1	0	0	0	0	0	0	0	0	0	1	0	0	0	0	0	0	0	0	0	0	0	0	0	0	0	0	0	0	0	0	0	0	1	0	0	0	0	0	0	1	0	0	0	0	0	1	0	0	0	0	0	0	0	0	0	0	0	0	0	0	2	0	0	0	0
T[Del(C):R4]T	1	2	0	0	0	0	2	0	1	1	1	1	1	1	0	0	0	0	0	2	0	0	0	0	0	0	2	0	1	0	0	0	0	1	0	1	0	0	1	1	0	0	1	1	0	0	0	2	0	2	0	1	0	1	3	1	2	0	2	1	0	1	1	0	0	1	1	2	0	1	0	0	0	0	2	2	2	0	0	0	1	0	0	0	1	1	0	1	1	4	0	2	1	1	1	1	1	0	0	0	2	0	2	1	0	0	2	0	1	1	0	1	2	0	0	0	1	1	0	0	0	1	1	2	2	0	0	1	0	3	2	0	0	1	2	0	1	4	0	0	2	2	1	0	1	1	1	0	0	0	1	1	1	0	1	1	1	0	0	1	0	1	1	0	0	0	0	0	2	0	0	1	8	0	1	0	0	1	1	2	0	0	0	0	1	0	1	0	0	2	1	2	0	0	1	1	0	0	1	0	0	1	2	0	3	1	0	1	1	0	0	0	0	2	1	0	2	2	1	0	0	0	0	0	2	1	0	0	1	1	0	1	2	1	0	0	0	2	0	0	1	1	2	0	3	0	1	0	0	0	1	1	0	0	0	1	1	2	0	1	0	3	0	0
T[Del(C):R5]A	1	0	0	1	0	2	1	0	0	0	2	2	0	0	0	0	1	2	0	0	1	0	0	0	0	0	1	0	0	1	2	0	1	0	0	0	0	0	3	3	0	1	0	0	0	0	3	0	0	1	1	0	1	0	3	1	0	1	1	0	0	0	1	0	0	0	0	0	0	0	1	0	0	0	0	2	0	0	1	0	0	2	0	0	0	2	0	1	1	2	0	1	0	0	0	0	1	1	1	0	0	0	1	0	0	0	0	0	1	1	0	4	2	0	1	0	0	0	0	2	1	0	1	1	0	0	0	0	0	3	0	0	1	1	0	0	0	0	0	1	4	1	0	0	0	0	1	0	0	1	0	0	0	1	1	1	1	0	0	1	0	0	0	1	3	0	0	0	0	0	0	0	0	0	2	1	0	1	2	0	0	0	0	1	0	1	0	3	3	0	0	0	0	1	0	0	1	0	1	1	3	0	0	0	0	3	0	3	1	0	0	0	0	0	1	0	1	1	0	0	0	0	0	0	1	1	1	0	0	1	0	1	2	0	1	0	2	0	1	0	0	1	1	0	0	1	0	0	0	1	0	1	0	1	1	0	0	1	1	1	2	2	0	0
T[Del(C):R5]G	1	0	0	0	1	0	0	0	0	0	0	1	0	0	0	0	0	0	0	0	0	1	0	0	0	0	0	0	0	0	1	0	0	0	0	0	0	0	0	0	0	0	0	0	0	0	0	0	0	0	0	0	0	0	0	0	0	0	0	1	0	0	0	0	0	0	0	0	0	0	0	0	0	0	0	0	0	0	0	0	1	0	0	1	0	1	0	0	0	0	0	0	0	0	0	0	0	0	0	0	0	0	1	0	0	0	0	0	1	0	0	0	0	0	0	1	0	0	0	0	0	0	0	0	0	0	0	0	1	0	0	0	0	0	0	0	0	0	0	0	0	0	0	0	0	0	0	0	0	0	0	1	0	0	0	0	0	0	0	0	0	0	0	1	0	0	0	0	0	0	0	0	0	0	0	0	0	0	0	0	0	0	0	0	1	0	0	0	0	0	1	0	1	0	0	0	0	0	0	0	1	0	0	0	0	0	0	1	0	0	1	0	0	1	0	0	0	0	0	0	0	0	0	1	0	0	0	0	0	0	0	0	0	0	0	0	0	1	0	1	0	0	0	0	1	0	1	0	0	0	0	0	0	0	0	0	0	0	0	0	0	0	0	0
T[Del(C):R5]T	0	0	0	2	0	1	0	2	0	0	0	1	0	1	0	0	0	0	0	0	1	0	0	0	0	0	0	0	0	0	1	1	2	0	0	0	0	0	0	1	0	0	0	1	0	0	6	0	0	1	0	0	0	0	1	3	0	0	0	0	0	0	0	1	1	1	0	2	0	0	0	0	0	0	1	1	0	1	1	0	0	0	0	0	0	1	1	1	0	1	0	1	0	1	1	0	0	1	0	0	0	0	1	1	0	0	1	1	0	1	0	1	1	0	1	0	2	0	0	1	0	1	2	1	0	0	0	1	0	0	2	0	1	0	0	0	0	1	0	0	0	1	0	1	1	0	1	0	0	3	1	1	0	0	0	0	0	0	0	1	0	0	0	0	1	0	0	1	0	1	0	1	2	0	0	2	0	0	1	0	1	1	0	0	1	1	1	0	1	0	1	0	0	0	1	0	0	0	2	0	0	0	0	0	0	2	0	1	0	0	1	0	0	0	0	1	0	0	0	1	0	0	0	0	0	2	0	0	0	0	0	1	0	1	2	1	0	1	2	0	2	3	0	0	1	0	0	1	1	0	1	0	1	0	0	0	0	0	0	0	0	0	0	0
T[Del(C):R6]A	0	0	0	1	0	1	0	0	0	0	0	1	1	0	1	2	0	0	0	0	1	0	0	0	0	1	0	0	0	0	0	0	0	0	0	0	0	0	0	1	0	2	1	1	1	1	6	0	3	1	0	2	0	0	1	0	0	0	0	0	0	0	0	0	0	0	0	1	1	0	0	0	1	0	0	0	0	0	1	1	0	0	1	0	0	0	0	0	1	0	0	0	0	0	0	0	2	0	0	0	1	1	0	0	1	1	1	1	0	0	0	0	2	0	1	0	0	0	0	1	0	0	0	1	0	0	0	1	0	1	0	0	3	0	1	0	0	0	0	0	2	1	0	0	0	0	0	0	0	0	0	1	0	0	0	0	0	1	0	0	0	0	0	1	2	0	0	0	0	0	0	0	1	0	0	2	0	0	0	3	0	1	0	0	0	0	0	0	1	0	0	0	0	0	0	0	0	1	1	0	2	1	0	0	0	1	0	0	0	0	0	0	0	1	1	0	0	0	2	0	0	2	2	0	0	0	0	0	0	0	0	0	1	0	0	0	0	0	1	0	0	0	0	1	2	0	1	0	0	0	0	0	0	0	0	0	0	0	1	0	0	1	0	0
T[Del(C):R6]G	0	0	0	0	0	0	0	0	0	0	0	0	0	0	0	0	0	0	0	0	0	0	0	0	0	0	0	0	0	0	0	0	0	0	0	2	0	0	0	0	0	0	0	0	0	1	0	0	0	0	0	1	0	0	0	0	0	0	0	0	0	0	0	0	0	0	0	0	0	0	0	0	0	0	0	0	0	0	0	0	0	0	0	0	0	0	0	0	0	1	0	0	0	0	0	0	0	0	0	0	0	0	0	0	0	0	0	0	0	0	0	0	0	0	0	0	0	0	0	0	0	1	0	0	0	0	0	0	0	0	0	0	0	0	0	0	0	0	0	0	0	0	0	0	1	0	0	0	0	0	0	0	0	0	0	0	0	0	0	0	0	0	0	0	0	0	0	0	0	0	0	0	2	0	0	0	0	1	0	0	1	0	0	0	0	0	0	0	0	0	0	0	0	0	0	0	0	0	0	0	0	0	0	0	0	0	0	0	0	0	0	0	0	0	0	0	1	0	0	0	0	0	0	0	0	0	0	0	0	0	1	0	0	0	0	0	0	0	0	0	0	0	0	0	0	0	0	0	0	0	0	0	0	0	0	0	0	1	0	0	0	0	0	0
T[Del(C):R6]T	0	0	0	0	0	0	0	0	0	0	1	0	0	0	0	0	0	0	0	0	0	0	0	0	0	0	0	0	0	0	0	0	0	0	0	0	0	1	1	0	2	0	0	0	0	0	19	1	0	0	0	0	0	0	0	0	0	0	0	1	0	0	0	1	0	1	0	0	0	0	0	0	0	0	0	0	0	0	0	0	0	0	1	0	0	0	0	0	0	0	0	0	0	1	1	1	0	0	1	0	1	0	0	0	0	0	0	0	0	0	1	0	0	0	0	0	0	0	1	1	0	1	0	1	0	0	0	0	0	0	0	0	0	0	0	0	0	0	0	0	0	1	1	0	0	0	2	1	0	1	0	0	1	0	1	0	0	1	0	2	0	0	1	0	0	0	0	0	0	1	0	1	3	1	0	0	0	1	1	1	0	1	1	1	0	0	0	0	0	0	0	0	0	0	0	0	0	0	0	0	0	0	0	1	0	0	1	0	0	1	0	1	1	0	0	0	0	0	0	0	1	0	0	1	0	0	0	1	0	0	0	1	0	0	0	0	1	0	0	0	1	0	0	0	2	0	0	1	0	0	0	0	0	0	0	1	0	0	0	0	0	1	0	0
T[Del(C):R7]A	0	0	0	0	0	0	0	0	0	0	0	0	0	0	0	0	0	0	0	0	0	0	0	0	0	0	0	0	0	0	0	0	0	0	0	0	0	0	0	1	0	0	0	0	0	0	7	0	0	0	0	0	0	0	0	0	0	0	0	0	0	0	0	0	0	0	1	0	0	0	0	0	1	0	0	0	0	0	0	0	0	0	0	0	0	0	0	0	0	0	0	0	0	0	0	0	0	0	0	0	0	0	0	0	0	0	0	0	0	0	0	0	0	0	0	0	0	0	0	0	2	0	0	1	0	0	0	0	0	0	0	0	0	0	0	0	0	0	0	0	0	0	0	0	0	0	1	0	0	1	0	0	1	0	0	0	0	0	0	0	1	0	0	0	1	0	0	0	0	1	0	0	0	0	0	1	0	0	1	0	0	0	0	0	0	0	1	0	0	0	0	0	0	0	0	0	0	0	0	0	0	0	0	0	0	0	0	0	0	0	0	0	1	0	0	0	1	0	0	1	0	0	0	0	0	0	0	0	0	0	0	0	2	0	0	0	0	1	0	0	0	0	0	0	1	0	0	0	0	0	0	0	0	0	0	0	0	0	0	0	0	0	0	0
T[Del(C):R7]G	1	0	0	0	0	0	0	0	0	0	0	0	0	0	0	0	0	0	0	0	0	0	0	0	0	0	0	0	0	0	0	0	0	0	0	0	0	0	0	0	0	0	0	0	0	0	1	0	0	0	0	0	0	0	0	0	0	0	0	0	0	0	0	0	0	0	0	0	0	0	0	0	0	0	0	0	0	0	0	0	0	0	0	0	0	0	0	0	0	0	0	0	0	0	0	0	0	0	0	0	0	0	0	0	0	0	0	0	0	0	0	0	0	0	0	0	0	0	0	0	0	0	0	0	0	0	0	0	0	0	0	0	0	0	0	0	0	0	0	0	0	0	0	0	0	0	0	0	0	0	0	0	0	0	0	0	0	0	0	0	0	0	0	0	1	0	1	0	0	0	0	0	0	0	0	0	0	0	0	0	0	0	0	0	0	0	0	0	0	0	0	0	0	0	0	0	0	0	0	0	0	0	0	0	0	0	0	0	0	0	0	0	0	0	0	0	0	0	0	0	0	0	0	0	0	0	0	0	0	0	0	0	0	0	0	0	0	0	0	0	0	0	0	0	0	0	0	0	0	0	0	0	0	0	0	0	0	0	0	0	0	0	0	0
T[Del(C):R7]T	0	0	0	0	0	0	0	0	0	0	0	0	0	0	0	0	0	1	0	0	0	0	0	0	0	0	0	0	0	0	0	0	0	0	0	0	0	0	0	0	0	0	0	0	0	0	8	0	0	0	0	0	0	0	0	0	0	0	0	0	0	0	0	0	0	0	0	0	0	0	0	0	0	0	0	0	0	0	0	0	0	1	0	0	0	0	1	0	0	0	0	0	0	0	0	0	0	0	0	0	0	0	0	0	0	0	0	0	1	0	0	0	0	0	0	0	0	0	0	0	0	0	1	0	0	0	0	0	0	0	0	0	0	0	1	0	0	0	0	0	0	0	0	0	0	1	0	0	0	0	0	0	0	0	0	0	0	0	0	0	0	0	0	0	0	0	1	0	0	0	0	0	1	0	0	0	0	0	0	0	1	0	0	0	0	0	0	0	0	0	0	0	0	0	0	0	0	0	0	0	0	0	0	0	0	0	1	1	0	0	0	0	0	0	1	0	0	0	0	0	0	0	0	0	0	0	0	0	0	0	0	0	0	0	0	0	0	0	1	0	0	0	0	0	0	0	0	0	0	0	0	0	0	0	1	0	0	0	0	0	1	0	0	0
T[Del(C):R8]A	0	1	0	0	0	0	0	0	0	0	0	0	0	0	0	2	0	0	0	0	0	0	0	0	0	1	0	0	0	0	0	0	0	0	0	0	0	0	0	0	0	0	0	0	0	0	4	0	0	0	0	0	0	0	1	0	0	1	0	0	0	0	0	0	0	0	0	0	1	0	0	0	0	0	0	0	0	0	0	0	0	0	0	0	0	0	0	0	0	0	0	0	0	0	0	0	0	0	0	0	0	0	1	0	0	0	0	0	0	0	0	0	0	0	0	0	0	0	0	0	0	0	0	0	0	0	0	0	0	0	0	0	0	0	0	0	0	0	0	0	0	0	0	0	0	1	0	0	0	0	0	1	0	0	0	0	1	0	0	0	0	0	0	0	0	0	0	0	0	0	0	0	0	0	0	0	0	1	0	0	0	0	0	0	0	0	0	0	0	0	0	0	0	0	0	0	0	0	1	0	0	0	1	0	0	0	0	0	0	0	0	0	0	0	0	0	0	0	1	0	0	0	0	0	0	0	0	0	1	1	0	0	0	0	0	1	0	0	0	0	0	0	0	0	0	0	0	0	0	0	0	0	0	0	0	0	0	0	1	0	0	0	0	0
T[Del(C):R8]G	0	0	0	0	0	0	0	0	0	0	0	0	0	0	0	0	0	0	0	0	0	0	0	0	0	0	0	0	0	0	0	0	0	0	0	0	0	0	0	0	0	0	0	0	0	0	1	0	0	0	0	0	0	0	0	0	0	0	0	0	0	0	0	0	0	0	0	0	0	0	0	0	0	0	0	0	0	0	0	0	0	0	0	0	0	0	0	0	0	0	0	0	0	0	0	0	0	0	0	0	0	0	0	0	0	0	0	0	0	0	0	0	0	0	0	0	0	0	1	0	0	0	0	0	0	0	0	0	0	0	0	0	0	0	0	0	0	0	0	0	0	0	0	0	0	0	0	0	0	0	0	0	0	0	0	0	0	0	0	0	0	0	0	0	0	0	0	0	0	0	0	0	0	0	0	0	0	0	0	0	0	0	0	0	0	0	0	0	0	0	0	0	0	0	0	0	0	0	0	0	0	0	0	0	0	0	0	0	0	0	0	0	0	0	0	0	0	0	0	0	0	0	1	0	0	0	0	0	0	0	0	0	0	0	0	0	0	0	0	0	0	0	0	0	0	0	0	0	0	0	0	0	0	0	0	0	0	0	0	0	0	0	0	0
T[Del(C):R8]T	0	0	0	0	0	0	0	0	0	0	0	0	0	0	0	0	0	0	0	0	0	0	0	0	0	0	0	0	0	0	0	0	0	0	0	0	0	0	0	0	0	0	0	0	0	0	1	0	0	0	0	0	0	0	0	0	0	0	0	0	0	0	0	0	0	0	0	0	0	0	0	0	0	0	0	0	0	0	0	0	0	0	0	0	0	0	0	0	0	0	0	0	0	0	0	0	0	0	0	0	0	0	0	0	0	0	0	0	0	0	0	0	0	0	1	0	0	0	0	0	0	0	0	0	0	0	0	0	0	0	0	0	0	0	0	0	0	0	0	0	0	0	0	0	0	0	0	0	0	0	0	0	0	0	0	0	0	0	0	0	0	0	0	0	0	0	0	0	0	0	0	0	0	0	0	0	0	0	0	0	0	0	0	0	0	0	1	0	0	0	0	0	0	0	0	0	0	0	0	0	0	0	0	0	0	0	0	0	0	0	0	0	0	0	0	0	0	0	0	0	0	0	0	0	0	0	0	0	0	0	0	0	0	0	0	0	0	0	0	0	0	0	0	0	1	0	0	0	0	0	1	0	0	0	0	0	0	0	0	0	1	0	0	0
T[Del(C):R(9,)]A	0	0	0	0	0	0	0	0	0	0	0	0	0	0	0	0	0	0	0	0	0	0	0	0	0	0	0	0	0	0	0	0	0	0	0	0	0	0	0	0	0	0	0	0	0	0	0	0	0	0	0	0	0	0	0	0	0	0	0	0	0	0	0	0	0	0	0	0	0	0	0	0	0	0	0	0	0	0	0	0	0	0	0	0	0	0	0	0	0	0	0	0	0	0	0	0	0	0	0	0	0	0	0	0	0	0	0	0	0	0	0	0	0	0	0	0	0	0	0	0	0	0	0	0	0	0	0	0	0	0	0	0	0	0	0	0	0	0	0	0	0	0	0	0	0	0	0	0	0	0	0	0	0	0	0	0	0	0	0	0	0	0	0	0	0	0	0	0	0	0	0	0	0	0	0	0	0	0	0	0	0	0	0	0	0	0	0	0	0	0	0	0	0	0	0	0	0	0	0	0	0	0	0	0	0	0	0	0	0	0	0	0	0	0	0	0	0	0	0	0	0	0	0	0	0	0	0	0	0	0	0	0	0	0	0	0	0	0	0	0	0	0	0	0	0	0	0	0	0	0	0	0	0	0	0	0	0	0	0	0	0	0	0	0
T[Del(C):R(9,)]G	0	0	0	0	0	0	0	0	0	0	0	0	0	0	0	0	0	0	0	0	0	0	0	0	0	0	0	0	0	0	0	0	0	0	0	0	0	0	0	0	0	0	0	0	0	0	0	0	0	0	0	0	0	0	0	0	0	0	0	0	0	0	0	0	0	0	0	0	0	0	0	0	0	0	0	0	0	0	0	0	0	0	0	0	0	0	0	0	0	0	0	0	0	0	0	0	0	0	0	0	0	0	0	0	0	0	0	0	0	0	0	0	0	0	0	0	0	0	0	0	0	0	0	0	0	0	0	0	0	0	0	0	0	0	0	0	0	0	0	0	0	0	0	0	0	0	0	0	0	0	0	0	0	0	0	0	0	0	0	0	0	0	0	0	0	0	0	0	0	0	0	0	0	0	0	0	0	0	0	0	0	0	0	0	0	0	0	0	0	0	0	0	0	0	0	0	0	0	0	0	0	0	0	0	0	0	0	0	0	0	0	0	0	0	0	0	0	0	0	0	0	0	0	0	0	0	0	0	0	0	0	0	0	0	0	0	0	0	0	0	0	0	0	0	0	0	0	0	0	0	0	0	0	0	0	0	0	0	0	0	0	0	0	0
T[Del(C):R(9,)]T	0	0	0	0	0	0	0	0	0	0	0	0	0	0	0	0	0	0	0	0	0	0	0	0	0	0	0	0	0	0	0	0	0	0	0	0	0	0	0	0	0	0	0	0	0	0	0	0	0	0	0	0	0	0	0	0	0	0	0	0	0	0	0	0	0	0	0	0	0	0	0	0	0	0	0	0	0	0	0	0	0	0	0	0	0	0	0	0	0	0	0	0	0	0	0	0	0	0	0	0	0	0	0	0	0	0	0	0	0	0	0	0	0	0	0	0	0	0	0	0	0	0	0	0	0	0	0	0	0	0	0	0	0	0	0	0	0	0	0	0	0	0	0	0	0	0	0	0	0	0	0	0	0	0	0	0	0	0	0	0	0	0	0	0	0	0	0	0	0	0	0	0	0	0	0	0	0	0	0	0	0	0	0	0	0	0	0	0	0	0	0	0	0	0	0	0	0	0	0	0	0	0	0	0	0	0	0	0	0	0	0	0	0	0	0	0	0	0	0	0	0	0	0	0	0	0	0	0	0	0	0	0	0	0	0	0	0	0	0	0	0	0	0	0	0	0	0	0	0	0	0	0	0	0	0	0	0	0	0	0	0	0	0	0
A[Del(T):R1]A	4	6	5	6	2	3	11	1	4	4	6	5	7	2	2	1	1	5	1	6	1	5	3	3	4	0	3	0	6	8	2	3	6	3	3	3	2	0	7	9	0	7	3	3	1	3	10	4	5	8	6	4	1	1	7	9	2	9	2	5	4	4	2	4	4	1	2	1	6	0	7	4	8	0	3	7	6	3	5	2	3	6	1	2	2	3	2	9	3	4	2	6	2	1	8	5	4	4	5	1	0	0	6	9	3	2	9	0	2	4	2	2	3	6	9	3	1	7	6	5	3	10	3	6	1	4	2	6	1	8	8	2	8	1	9	0	6	2	2	1	10	9	3	0	4	4	6	7	4	7	2	6	3	2	4	2	4	7	3	5	1	2	1	0	18	1	8	2	3	5	2	4	21	1	4	1	6	4	10	4	8	5	5	3	4	2	3	3	4	1	1	7	0	0	1	2	0	0	7	2	9	1	8	5	9	5	3	9	2	2	5	8	2	8	2	4	11	2	3	1	4	2	4	8	2	7	2	0	6	2	0	0	3	5	8	1	4	5	5	2	6	2	1	2	2	3	7	4	1	0	2	11	1	1	4	2	4	3	5	5	12	8	2	2
A[Del(T):R1]C	1	2	0	1	1	1	3	3	2	1	2	2	2	2	1	4	2	0	0	1	4	1	2	1	0	2	4	0	3	4	0	1	3	2	3	2	1	1	4	4	3	3	2	2	1	3	3	2	0	6	3	6	2	0	4	2	1	5	0	2	1	3	0	3	2	2	2	0	1	3	4	1	2	2	1	4	2	0	3	3	0	6	3	0	3	3	3	2	1	3	2	3	0	0	5	0	1	2	0	1	1	1	3	7	2	0	4	1	4	2	0	3	0	0	4	2	1	1	1	2	3	4	2	1	3	2	1	1	0	5	3	2	3	2	6	1	0	0	0	0	1	5	7	1	1	2	1	0	0	0	0	3	1	1	2	0	2	1	0	3	2	0	2	1	6	1	2	1	3	4	0	6	10	1	0	1	4	2	4	0	1	5	0	6	0	0	1	1	0	1	6	2	3	1	0	0	1	0	3	3	6	0	3	1	6	3	2	5	0	1	0	6	0	0	3	0	5	4	4	2	2	0	0	5	3	2	0	0	3	4	0	0	2	3	4	1	1	0	3	1	0	1	4	1	1	0	1	1	1	0	3	1	1	0	0	0	1	7	5	2	3	5	0	0
A[Del(T):R1]G	1	1	0	1	2	3	3	1	1	1	3	4	2	0	4	0	3	1	0	1	1	2	3	1	0	1	3	0	0	2	6	0	2	1	2	1	3	1	2	2	0	2	2	3	1	3	3	0	2	5	4	4	1	0	3	2	1	4	2	3	2	2	3	1	1	1	4	4	1	1	4	0	2	2	1	3	2	1	1	1	3	4	0	0	4	0	3	2	2	2	1	3	1	1	2	2	0	2	2	0	0	1	4	5	2	0	7	1	2	1	1	1	1	4	4	2	2	2	3	4	2	3	2	2	2	3	2	0	0	6	3	2	2	1	1	3	5	1	2	2	4	2	9	0	4	2	1	1	1	3	1	3	1	0	5	2	2	1	1	1	0	1	0	1	5	1	3	0	2	2	1	3	12	2	0	3	3	3	5	3	3	2	1	4	0	0	2	2	0	2	3	1	0	0	2	3	0	1	1	2	1	0	3	3	3	1	6	3	3	2	2	2	4	3	2	2	1	0	3	1	1	1	1	4	2	4	0	0	1	1	0	0	5	4	4	2	4	0	1	0	4	4	4	1	0	1	2	0	1	1	4	3	0	1	3	0	3	0	1	3	2	5	0	1
A[Del(T):R2]A	3	0	1	5	5	0	1	1	2	0	0	3	0	0	2	4	2	2	1	1	1	1	3	1	0	2	3	2	2	1	2	2	3	6	2	0	3	1	2	2	2	0	3	2	1	3	3	2	0	4	0	3	2	0	2	0	3	1	0	0	1	2	1	2	0	0	3	3	1	2	3	0	2	0	3	2	0	3	1	1	0	5	2	3	0	0	3	4	2	3	4	2	2	1	2	5	3	3	1	0	0	1	1	8	1	1	3	3	0	2	1	4	0	0	5	1	7	1	2	3	0	6	1	7	8	3	0	5	0	6	3	3	4	2	4	1	2	3	2	1	9	4	2	1	5	1	3	2	1	2	6	4	2	1	4	3	1	10	0	4	0	3	0	0	9	1	2	0	0	5	0	2	10	0	3	3	1	1	5	6	4	7	1	2	5	1	5	4	4	0	3	2	0	1	3	3	4	1	2	1	7	1	3	5	2	3	2	2	0	4	3	6	1	1	0	2	5	0	3	1	4	2	2	4	4	0	2	3	2	1	0	0	4	5	7	0	1	2	1	1	2	2	4	2	2	0	2	1	0	2	2	6	1	0	3	2	3	4	0	3	8	2	0	2
A[Del(T):R2]C	2	2	0	0	2	2	4	1	2	0	2	1	2	1	0	0	2	1	1	3	0	0	0	4	2	1	2	0	1	0	3	0	0	1	2	2	1	2	3	1	1	1	0	1	2	1	2	1	0	3	2	3	0	1	2	1	0	6	0	2	1	1	1	0	1	2	1	1	0	1	2	0	0	0	0	0	0	0	0	0	0	5	0	0	2	1	2	1	1	1	1	2	0	1	1	1	0	1	0	0	3	3	2	6	0	0	3	1	0	0	1	0	1	3	0	2	1	1	0	0	1	3	1	2	0	2	1	2	1	5	1	2	1	0	2	1	1	1	0	0	1	3	0	2	0	1	0	1	1	1	1	2	0	1	1	1	0	3	0	2	0	1	0	1	2	0	1	0	1	1	0	4	6	0	1	3	1	3	3	3	0	2	0	2	1	1	1	1	0	0	1	1	2	0	1	0	1	1	2	1	0	0	2	0	1	2	0	1	0	0	1	1	1	1	3	0	1	1	0	0	1	0	1	2	0	1	0	1	3	0	0	0	1	2	1	0	1	3	3	0	5	1	0	0	3	1	1	2	0	1	2	3	0	1	1	0	1	1	0	2	1	1	0	0
A[Del(T):R2]G	3	2	1	3	2	3	2	1	2	1	1	0	3	1	1	1	2	2	0	1	1	0	1	0	1	1	0	2	1	3	0	1	1	3	0	2	0	1	4	3	0	2	0	1	0	2	1	2	0	4	0	0	2	0	0	3	0	1	1	1	1	0	0	2	1	1	0	1	1	0	1	2	1	0	1	4	0	3	1	0	0	1	1	2	2	0	0	0	0	2	0	0	1	1	2	1	0	2	0	1	0	1	1	4	0	1	1	1	2	0	1	0	1	2	1	1	0	2	3	2	1	1	1	1	1	1	2	3	1	6	1	0	3	1	1	1	2	2	0	0	3	3	1	0	2	1	0	2	3	1	0	2	0	0	1	0	1	2	2	2	0	0	0	1	1	0	2	0	0	1	0	2	5	0	2	1	2	1	2	4	2	2	1	1	4	1	1	2	0	0	0	2	1	0	0	0	0	2	2	1	1	1	2	2	0	2	1	2	2	0	0	3	0	0	1	0	2	1	1	0	2	2	0	2	1	2	1	0	0	1	0	1	4	1	1	2	0	1	0	2	1	0	1	2	3	4	0	1	0	2	2	1	1	0	0	3	1	1	1	0	2	2	0	0
A[Del(T):R3]A	2	2	0	5	3	5	7	0	3	1	2	4	1	2	1	2	3	1	2	0	1	0	3	1	0	3	1	1	2	10	2	0	0	4	3	2	0	2	5	8	1	5	4	1	0	3	18	4	1	5	1	6	4	0	2	6	2	4	4	1	1	6	1	1	1	3	1	3	5	1	7	1	3	0	1	8	0	3	2	3	1	5	1	3	3	1	2	5	2	5	1	2	2	2	2	3	3	8	1	3	3	0	4	4	1	2	7	1	2	1	0	0	7	1	1	1	3	5	3	4	4	5	7	1	3	2	2	5	2	4	4	0	7	2	2	1	2	1	1	0	9	9	2	1	3	3	3	3	1	3	3	7	4	0	5	4	2	1	3	4	0	2	0	3	12	0	5	0	1	2	1	3	21	0	1	4	4	3	5	2	4	5	2	1	0	2	2	1	2	2	3	4	2	0	0	1	0	2	5	2	7	1	4	1	2	5	2	5	1	1	0	6	1	2	4	1	3	3	3	0	4	0	0	3	3	5	2	2	1	2	1	0	8	3	7	3	3	1	5	1	4	4	3	2	0	1	2	2	0	2	2	7	0	1	3	3	3	4	3	2	2	3	0	0
A[Del(T):R3]C	2	2	1	1	1	1	3	0	0	0	1	0	1	0	0	0	1	0	2	0	1	1	1	0	1	0	3	1	0	1	0	0	3	1	0	1	2	0	2	1	0	0	3	0	0	0	4	0	0	0	2	1	0	2	1	2	0	0	0	1	2	0	1	1	1	0	2	0	1	1	1	0	1	0	0	0	1	0	1	0	0	5	2	0	1	0	1	3	2	1	1	1	2	0	1	2	1	0	1	0	3	0	0	3	0	0	0	0	1	1	0	1	1	0	1	2	2	0	1	0	2	1	1	2	1	1	0	0	3	1	0	1	1	2	2	0	0	1	0	0	1	1	2	0	0	1	0	0	1	0	1	2	0	0	2	1	1	1	1	1	0	0	0	2	3	0	1	0	0	0	1	0	5	0	0	0	1	0	0	4	0	1	1	0	2	2	0	0	0	0	2	0	0	0	1	0	1	0	4	1	3	2	0	2	1	1	0	1	1	2	2	0	1	1	0	0	1	2	1	0	1	0	1	0	1	2	0	1	1	2	0	0	0	4	3	3	4	0	3	0	0	1	2	4	2	1	0	0	1	1	0	0	0	0	0	2	1	1	0	0	2	0	0	0
A[Del(T):R3]G	2	0	0	2	1	1	2	0	0	0	2	1	1	2	0	0	0	1	0	1	0	2	0	0	1	1	2	0	0	1	1	2	4	1	0	4	2	1	3	3	0	2	2	1	0	1	4	1	2	1	0	2	2	1	2	2	2	2	1	1	1	5	2	0	1	0	2	0	0	1	3	0	2	0	1	3	0	0	1	1	1	4	0	1	0	2	0	5	1	4	1	2	1	1	3	2	2	2	0	2	1	2	1	1	0	0	1	0	2	1	0	0	0	0	6	2	1	1	1	4	0	2	4	3	1	3	0	0	0	3	1	0	4	0	3	0	0	2	0	0	3	6	1	0	1	0	1	1	0	4	0	3	1	0	2	1	1	1	2	1	1	0	1	1	3	0	0	1	0	2	1	1	7	0	1	0	1	2	4	8	1	0	1	4	1	0	2	1	1	0	2	1	0	0	0	2	0	2	1	1	4	1	4	1	2	1	0	4	1	1	1	0	0	4	0	1	2	1	3	1	2	2	0	2	0	1	0	0	2	1	1	1	4	3	3	0	0	4	0	1	1	1	0	2	1	1	2	1	0	0	4	1	0	1	0	1	1	2	1	1	3	3	0	0
A[Del(T):R4]A	7	2	2	4	1	3	2	3	3	0	3	3	2	1	2	0	1	3	0	1	2	3	0	1	0	1	1	3	4	3	0	1	1	3	0	3	2	0	5	13	1	6	0	3	1	5	24	0	2	4	4	3	0	3	7	5	1	1	4	1	1	5	0	3	2	2	0	3	10	1	2	0	5	1	1	4	0	1	1	1	2	7	1	4	3	5	3	6	1	6	1	3	2	1	6	2	1	4	0	2	4	0	1	1	2	0	3	0	7	2	1	1	3	4	3	2	4	1	2	7	4	9	3	2	4	2	0	4	1	5	2	0	6	1	4	2	1	1	1	0	5	6	1	1	2	1	3	2	1	1	5	6	4	1	3	1	0	1	1	3	0	1	0	2	11	1	1	1	1	3	0	2	14	1	0	6	3	4	4	2	1	2	1	1	3	2	2	1	2	1	0	1	3	2	0	1	0	3	6	1	2	6	0	0	11	4	3	5	2	2	4	4	3	4	1	5	6	2	9	0	2	1	1	2	2	3	1	0	10	3	0	0	6	5	5	3	3	2	1	2	1	1	1	1	1	2	0	0	0	3	2	3	1	0	1	1	1	1	2	1	1	3	0	3
A[Del(T):R4]C	1	1	0	0	1	1	3	0	3	1	0	0	1	0	1	2	0	2	0	0	3	1	1	0	0	0	0	0	4	1	1	0	2	1	0	4	0	0	5	1	1	2	1	0	0	1	14	1	4	1	0	0	0	0	2	3	0	3	0	2	2	1	0	0	0	0	2	0	1	1	2	2	1	0	1	2	0	0	1	0	1	4	0	2	0	0	1	3	0	1	0	1	1	2	2	1	0	2	0	0	2	0	4	1	1	1	0	4	2	0	0	3	2	1	0	1	1	0	3	2	0	1	1	3	0	0	0	0	0	3	3	0	2	0	1	0	2	3	0	0	2	6	2	0	0	1	1	0	0	0	1	2	0	0	1	1	0	1	0	1	0	1	0	1	2	0	1	0	0	2	0	1	10	2	2	0	1	2	3	0	2	1	0	1	2	1	1	3	1	0	0	2	0	1	0	0	0	2	4	0	2	1	1	1	5	0	1	3	1	1	0	3	1	2	0	1	1	2	1	0	2	0	0	1	3	2	0	0	5	1	0	0	4	2	5	1	0	3	3	0	1	0	3	1	2	1	1	0	0	0	0	1	0	1	0	2	3	0	3	4	4	4	0	1
A[Del(T):R4]G	3	0	0	1	0	3	4	3	1	0	2	2	1	0	1	1	0	3	4	0	1	1	4	1	1	0	1	1	1	1	1	0	1	4	2	2	0	0	5	3	0	2	1	0	0	2	5	2	0	3	2	1	2	0	3	4	1	4	1	1	0	0	0	0	2	4	2	0	6	1	4	1	0	1	0	7	0	0	1	0	0	6	4	3	2	3	4	2	0	4	0	3	0	1	2	1	2	1	0	1	0	3	3	2	2	2	4	0	5	2	1	0	1	1	5	2	5	0	3	2	0	5	1	4	1	2	0	1	1	1	4	1	4	0	2	0	0	1	0	1	4	2	2	0	1	1	0	1	1	1	5	3	1	0	3	2	2	1	0	1	0	0	0	1	3	0	0	0	1	2	1	1	9	0	0	2	1	2	4	1	0	4	0	3	1	2	4	2	0	1	1	4	0	0	0	1	1	2	5	2	4	1	0	0	2	0	1	8	0	0	0	3	1	2	0	1	7	0	1	0	0	1	3	2	1	5	0	0	2	0	0	1	1	4	6	2	2	0	2	0	2	0	1	0	0	0	2	0	1	0	0	6	0	0	1	0	1	0	1	1	2	4	0	0
A[Del(T):R5]A	4	10	2	2	0	2	3	2	4	0	4	4	2	0	1	5	4	4	0	2	1	1	5	1	1	1	1	1	1	4	1	1	2	3	3	5	3	0	8	7	0	5	2	4	0	4	35	0	1	4	4	4	2	0	2	5	0	3	2	0	2	4	5	0	2	1	1	1	1	1	6	2	2	2	0	2	1	2	3	0	0	9	0	2	2	0	4	6	2	4	0	1	0	0	4	3	3	4	0	2	2	0	8	4	1	0	3	2	2	3	0	0	2	1	4	2	2	5	2	6	1	5	4	6	1	1	2	4	1	2	2	2	4	1	5	1	3	1	0	0	4	3	4	0	2	2	3	3	0	2	1	2	3	1	1	1	0	5	3	1	0	0	0	1	11	0	1	2	0	1	0	5	20	0	1	3	3	5	9	1	1	4	1	3	1	2	7	1	1	1	1	2	1	2	2	0	0	2	17	2	6	1	5	0	3	2	2	9	1	3	1	1	3	3	3	0	11	2	3	0	1	2	0	6	2	2	0	1	4	3	1	0	13	3	9	1	4	0	6	0	0	1	2	6	4	0	3	1	0	1	5	2	2	1	1	5	2	3	2	1	6	9	1	1
A[Del(T):R5]C	0	0	0	1	3	2	0	1	4	0	1	4	1	1	0	1	2	0	1	0	1	2	0	1	0	1	0	2	0	6	1	0	3	2	1	3	2	0	1	2	1	2	1	2	1	0	26	1	0	1	1	1	1	0	1	2	2	3	4	0	1	1	1	0	0	1	2	0	2	0	1	1	3	0	0	0	2	0	0	1	0	5	0	0	1	0	2	4	0	0	0	0	1	2	3	3	1	0	2	0	2	0	1	2	2	2	1	1	2	4	0	0	1	1	2	1	0	2	0	1	0	1	1	0	1	0	0	2	0	3	2	0	1	0	2	3	0	1	0	0	0	2	3	0	0	0	1	1	0	0	0	4	0	0	1	0	2	1	0	1	0	1	0	1	1	1	1	0	0	1	0	1	8	0	0	0	4	3	10	0	2	2	1	1	2	1	0	0	0	1	0	2	1	0	1	1	0	0	3	1	3	0	0	0	2	0	1	6	1	0	0	4	0	0	0	0	4	1	3	1	0	0	0	1	0	0	0	1	0	0	0	0	2	2	1	2	4	0	2	2	1	2	0	0	0	0	0	3	0	0	0	1	1	0	0	3	1	2	2	3	3	2	0	1
A[Del(T):R5]G	2	1	0	1	1	1	0	2	1	1	4	4	0	1	1	2	0	1	1	1	1	1	0	0	0	3	3	4	3	6	1	1	4	3	0	1	0	1	4	2	1	3	0	2	2	1	23	4	0	1	0	1	2	1	1	2	0	5	2	2	1	4	0	0	0	1	1	1	1	0	0	2	1	1	1	4	1	1	1	0	0	5	2	1	1	2	2	4	1	2	0	3	2	0	4	0	1	4	0	0	1	1	4	5	1	3	4	1	2	2	0	0	1	2	3	1	3	2	1	5	4	1	5	1	1	2	2	1	1	2	3	0	4	2	2	0	0	3	0	0	7	4	0	0	1	2	1	1	0	1	2	1	2	1	1	0	0	3	1	0	0	1	0	2	12	0	2	1	1	2	1	0	13	0	0	2	2	2	6	2	0	3	0	2	4	0	3	0	1	0	1	3	0	0	0	0	0	1	5	0	3	0	2	1	7	3	1	4	2	1	1	2	1	3	2	0	4	2	1	0	1	0	2	4	3	1	0	1	2	0	0	0	9	1	6	1	3	1	0	0	1	1	2	1	3	0	3	2	4	0	0	2	0	0	1	3	1	5	2	6	3	3	0	1
A[Del(T):R6]A	0	4	0	7	0	0	5	3	11	0	1	2	2	3	1	2	1	1	0	5	2	0	3	0	1	2	0	1	1	5	1	0	1	2	1	4	0	2	3	6	0	4	3	3	0	4	103	3	4	6	5	2	0	1	2	2	1	3	3	0	3	6	0	1	1	1	5	4	1	2	4	1	1	1	0	5	5	3	4	0	1	4	2	1	7	4	3	3	1	2	1	0	1	0	4	4	0	4	2	2	6	2	0	3	4	1	3	0	3	2	0	1	3	4	1	3	1	0	1	11	0	10	4	3	3	2	1	7	1	1	1	3	7	0	13	1	1	2	0	0	3	5	4	0	5	3	1	1	1	1	2	4	3	1	7	1	3	3	3	7	2	3	3	1	4	0	1	0	0	1	0	4	11	0	2	2	2	1	10	0	3	4	3	5	1	1	1	4	2	0	2	1	2	0	0	2	1	2	10	2	6	3	5	0	5	1	2	9	0	4	0	11	1	4	1	0	7	0	7	3	0	3	3	1	2	3	0	0	7	0	0	2	20	11	4	3	6	6	3	1	2	2	1	2	2	0	0	2	0	2	9	6	0	1	4	4	4	0	3	4	4	19	1	0
A[Del(T):R6]C	1	0	0	4	0	0	3	1	4	1	1	3	0	0	2	1	0	1	2	2	0	1	1	0	1	1	0	1	1	0	0	0	3	3	1	2	0	0	3	3	2	0	0	0	0	1	42	0	3	3	0	1	0	1	2	0	0	6	0	1	0	0	2	0	0	0	2	1	0	0	2	0	2	0	0	4	1	0	1	1	0	2	1	2	3	1	2	0	1	1	0	0	2	0	2	1	0	1	0	0	1	0	0	1	3	1	2	1	0	2	2	1	0	2	1	1	2	1	0	1	1	1	1	0	0	0	2	2	0	2	2	0	7	1	1	0	2	1	0	0	2	1	2	1	0	0	0	1	0	1	2	0	0	0	0	0	1	2	0	3	0	1	0	0	4	0	0	0	0	0	0	3	0	0	0	1	1	3	5	0	1	3	2	1	1	0	0	0	0	1	0	2	0	0	0	0	1	1	2	1	7	2	1	0	2	0	1	4	1	3	0	0	0	5	1	0	1	1	1	1	1	0	1	1	1	2	0	0	3	1	0	1	6	3	2	2	6	0	2	1	1	2	1	1	1	0	0	1	1	0	0	3	0	0	2	0	0	1	1	0	0	8	0	0
A[Del(T):R6]G	2	0	0	5	0	1	1	2	2	1	3	4	0	1	0	1	3	1	1	0	0	0	0	0	1	4	2	1	1	1	1	0	1	1	1	2	1	1	3	4	1	4	0	1	1	1	27	0	1	4	0	1	0	1	4	2	1	1	0	0	1	2	0	3	0	0	0	2	2	0	2	0	1	0	0	0	2	1	0	0	0	7	2	0	3	1	1	6	0	4	0	2	0	0	2	1	0	1	2	0	1	2	2	3	2	1	3	1	4	1	1	0	2	1	4	0	2	0	0	4	0	3	4	1	0	1	0	3	0	1	2	0	2	1	3	1	0	0	0	1	1	2	1	0	0	0	1	1	0	2	2	3	4	1	4	0	2	5	1	1	0	1	0	2	7	0	2	1	0	3	1	2	8	1	1	1	0	1	3	3	4	3	0	1	2	2	0	1	0	0	0	2	0	0	0	0	0	3	9	1	1	1	1	0	3	1	0	4	0	2	1	2	0	6	3	2	2	0	0	3	0	0	3	1	2	0	1	0	4	3	1	0	14	7	5	1	2	0	1	1	1	1	0	3	2	1	1	2	1	1	1	0	1	0	3	4	3	1	0	6	0	9	2	0
A[Del(T):R7]A	3	4	2	1	3	2	0	1	3	0	1	4	2	0	0	4	2	4	0	2	0	0	3	4	1	6	0	3	1	3	4	0	5	3	1	11	2	0	1	3	2	4	3	1	0	1	129	3	0	4	1	0	0	0	2	2	2	2	1	0	4	5	1	0	0	0	1	1	1	0	4	1	1	0	1	2	1	3	3	1	1	2	1	5	3	1	0	3	0	7	0	1	0	1	0	3	0	1	1	0	1	2	1	4	5	0	7	1	1	6	0	3	2	0	2	1	1	1	1	16	2	5	2	8	1	2	0	3	0	2	1	0	2	1	13	0	3	3	0	0	2	4	2	1	1	5	0	1	2	0	1	4	2	1	2	1	2	5	3	3	3	3	0	0	6	4	5	2	0	1	1	4	11	0	0	1	7	2	10	2	0	11	1	4	3	0	2	7	0	1	0	1	1	1	1	0	2	3	17	5	4	3	4	0	0	2	3	7	1	4	1	1	2	3	7	1	9	0	4	2	2	1	5	4	3	3	0	1	4	3	0	1	26	10	6	3	6	2	2	1	1	2	2	4	3	1	1	0	0	2	1	4	1	0	3	6	4	1	4	3	1	17	1	0
A[Del(T):R7]C	5	2	3	1	0	2	0	2	6	1	2	1	0	1	2	2	0	2	2	0	0	0	1	1	1	3	2	2	2	2	0	0	3	3	0	4	0	0	1	4	2	2	0	1	0	2	108	1	1	4	6	1	0	0	1	4	2	0	1	1	2	0	2	1	3	1	0	1	1	0	3	0	2	2	0	3	3	3	0	1	0	5	1	1	5	2	4	2	0	2	1	4	1	0	3	3	0	0	0	2	3	2	2	4	1	0	2	5	3	3	0	1	2	3	1	0	2	1	0	7	3	5	3	0	0	0	0	2	1	3	1	1	3	0	11	0	0	2	0	0	3	1	4	0	0	1	2	2	1	0	2	1	1	2	2	1	0	3	3	1	1	4	1	1	6	0	1	1	0	2	1	0	9	0	1	3	6	1	15	2	2	11	0	4	3	1	0	1	0	2	1	1	2	0	2	1	1	0	14	2	3	0	4	1	3	0	3	6	0	7	0	1	2	8	5	0	4	0	1	4	2	0	4	0	3	1	0	0	3	7	0	0	16	10	4	3	8	5	2	0	0	1	2	4	1	0	1	4	0	0	3	6	2	1	4	2	1	3	2	1	1	9	0	1
A[Del(T):R7]G	0	3	0	4	0	1	3	1	4	1	2	3	2	0	1	1	0	1	1	1	1	0	3	0	0	1	1	2	0	1	0	0	0	1	1	3	2	0	3	3	1	2	1	2	0	1	80	0	0	2	2	1	1	1	1	0	1	1	0	0	2	2	2	0	1	0	2	0	1	0	4	1	2	0	0	0	0	1	1	0	1	2	0	0	0	0	0	3	0	6	0	1	0	0	3	4	0	2	2	0	4	1	1	0	2	0	2	1	3	2	2	0	1	1	0	0	3	2	1	5	2	6	0	2	2	2	0	1	2	1	2	1	4	3	8	1	2	3	1	0	0	2	2	0	4	1	3	1	0	3	4	1	2	2	1	0	1	2	1	2	0	1	0	0	2	0	2	0	0	0	1	4	7	0	0	1	1	1	7	1	1	1	2	0	1	2	1	4	1	1	1	2	0	1	0	0	0	6	5	2	2	3	0	1	1	1	1	6	0	7	2	2	0	5	0	0	4	3	1	2	0	2	5	3	0	0	0	0	4	3	2	0	20	6	3	2	0	2	0	1	0	1	0	1	1	0	1	3	1	0	2	6	1	0	1	3	0	2	2	3	0	15	0	0
A[Del(T):R8]A	1	1	2	3	2	1	0	0	1	0	1	1	0	1	0	5	1	2	1	1	0	2	1	1	0	5	3	0	2	2	0	0	0	1	1	6	3	1	2	1	2	2	1	3	1	2	166	1	0	4	1	1	0	0	2	2	1	2	0	0	5	2	1	2	0	1	1	1	0	0	4	0	1	0	0	1	0	2	2	0	0	2	0	5	4	2	4	0	1	5	1	0	3	0	1	6	1	0	3	1	4	0	1	3	5	2	4	3	0	4	0	2	0	5	2	1	2	1	0	13	4	10	5	3	1	0	0	5	3	0	1	2	4	2	25	0	1	1	0	1	0	5	0	1	2	2	3	4	2	0	2	5	0	3	2	1	4	2	5	5	1	3	2	0	3	1	5	0	0	2	1	1	14	2	0	6	1	5	29	3	1	17	1	2	2	4	0	6	1	1	0	1	0	0	0	1	2	5	24	2	6	4	1	1	3	1	1	8	1	17	5	4	2	12	9	0	7	0	1	4	3	1	9	2	0	1	0	2	3	10	0	1	28	12	8	1	8	8	1	3	1	1	1	1	4	3	0	0	0	2	4	7	4	0	7	4	1	3	1	3	4	19	1	0
A[Del(T):R8]C	0	4	1	6	0	1	3	1	4	0	4	0	1	0	2	5	2	1	3	4	0	1	2	0	0	1	2	1	1	0	1	2	3	0	0	7	0	1	1	0	1	2	1	1	1	1	141	2	1	2	2	1	0	1	0	2	1	5	1	0	2	2	3	0	3	2	1	1	1	0	1	1	0	0	0	0	3	0	1	0	1	2	0	2	2	2	1	1	1	0	1	2	2	1	3	2	0	1	1	0	4	0	1	1	3	1	1	1	0	3	2	0	1	2	1	1	4	2	5	7	1	6	0	4	2	1	0	5	1	1	1	1	3	1	19	1	5	3	0	0	1	4	0	0	0	1	0	1	3	1	4	4	0	4	2	1	1	3	2	2	3	4	1	3	3	0	5	1	1	2	0	2	5	0	0	7	0	4	12	2	0	8	2	1	0	0	3	2	1	0	1	1	0	0	1	0	0	7	13	3	6	5	0	0	1	4	0	3	0	10	3	2	0	4	1	1	3	2	1	7	5	0	2	2	2	0	1	0	4	8	1	2	25	17	6	4	4	6	1	0	0	1	1	4	1	1	1	5	0	0	4	2	1	0	3	1	0	2	2	1	3	12	0	2
A[Del(T):R8]G	0	2	1	1	0	1	1	1	3	0	0	1	0	0	2	2	2	1	0	1	0	0	2	1	0	0	0	0	0	0	0	0	2	0	0	4	0	1	0	1	0	1	0	0	0	0	108	0	1	3	1	0	0	0	1	3	1	3	1	0	0	2	1	0	1	0	0	1	1	0	1	2	1	0	0	0	0	0	0	1	0	2	0	1	0	0	0	1	0	4	0	0	0	0	1	0	1	2	1	0	2	0	0	4	1	1	3	2	0	2	1	0	1	1	3	1	2	2	1	5	0	4	1	1	1	0	0	3	0	2	0	2	0	0	6	2	2	3	0	0	1	4	1	0	1	2	1	0	0	0	2	1	0	0	1	2	0	5	1	2	2	0	1	0	4	0	1	1	0	0	0	2	7	0	0	0	0	2	6	2	0	2	1	2	2	1	3	2	0	0	0	0	1	0	0	1	1	1	5	2	1	2	2	0	0	0	0	1	0	3	0	0	0	3	7	1	4	1	1	2	1	0	1	4	2	0	0	0	0	5	0	0	9	10	3	2	2	4	1	0	0	1	1	1	0	0	0	0	0	0	5	2	2	0	3	4	0	0	0	0	1	2	0	0
A[Del(T):R(9,)]A	0	0	0	0	0	0	0	0	0	0	0	0	0	0	0	0	0	0	0	0	0	0	0	0	0	0	0	0	0	0	0	0	0	0	0	0	0	0	0	0	0	0	0	0	0	0	0	0	0	0	0	0	0	0	0	0	0	0	0	0	0	0	0	0	0	0	0	0	0	0	0	0	0	0	0	0	0	0	0	0	0	0	0	0	0	0	0	0	0	0	0	0	0	0	0	0	0	0	0	0	0	0	0	0	0	0	0	0	0	0	0	0	0	0	0	0	0	0	0	0	0	0	0	0	0	0	0	0	0	0	0	0	0	0	0	0	0	0	0	0	0	0	0	0	0	0	0	0	0	0	0	0	0	0	0	0	0	0	0	0	0	0	0	0	0	0	0	0	0	0	0	0	0	0	0	0	0	0	0	0	0	0	0	0	0	0	0	0	0	0	0	0	0	0	0	0	0	0	0	0	0	0	0	0	0	0	0	0	0	0	0	0	0	0	0	0	0	0	0	0	0	0	0	0	0	0	0	0	0	0	0	0	0	0	0	0	0	0	0	0	0	0	0	0	0	0	0	0	0	0	0	0	0	0	0	0	0	0	0	0	0	0	0	0
A[Del(T):R(9,)]C	0	0	0	0	0	0	0	0	0	0	0	0	0	0	0	0	0	0	0	0	0	0	0	0	0	0	0	0	0	0	0	0	0	0	0	0	0	0	0	0	0	0	0	0	0	0	0	0	0	0	0	0	0	0	0	0	0	0	0	0	0	0	0	0	0	0	0	0	0	0	0	0	0	0	0	0	0	0	0	0	0	0	0	0	0	0	0	0	0	0	0	0	0	0	0	0	0	0	0	0	0	0	0	0	0	0	0	0	0	0	0	0	0	0	0	0	0	0	0	0	0	0	0	0	0	0	0	0	0	0	0	0	0	0	0	0	0	0	0	0	0	0	0	0	0	0	0	0	0	0	0	0	0	0	0	0	0	0	0	0	0	0	0	0	0	0	0	0	0	0	0	0	0	0	0	0	0	0	0	0	0	0	0	0	0	0	0	0	0	0	0	0	0	0	0	0	0	0	0	0	0	0	0	0	0	0	0	0	0	0	0	0	0	0	0	0	0	0	0	0	0	0	0	0	0	0	0	0	0	0	0	0	0	0	0	0	0	0	0	0	0	0	0	0	0	0	0	0	0	0	0	0	0	0	0	0	0	0	0	0	0	0	0	0
A[Del(T):R(9,)]G	0	0	0	0	0	0	0	0	0	0	0	0	0	0	0	0	0	0	0	0	0	0	0	0	0	0	0	0	0	0	0	0	0	0	0	0	0	0	0	0	0	0	0	0	0	0	0	0	0	0	0	0	0	0	0	0	0	0	0	0	0	0	0	0	0	0	0	0	0	0	0	0	0	0	0	0	0	0	0	0	0	0	0	0	0	0	0	0	0	0	0	0	0	0	0	0	0	0	0	0	0	0	0	0	0	0	0	0	0	0	0	0	0	0	0	0	0	0	0	0	0	0	0	0	0	0	0	0	0	0	0	0	0	0	0	0	0	0	0	0	0	0	0	0	0	0	0	0	0	0	0	0	0	0	0	0	0	0	0	0	0	0	0	0	0	0	0	0	0	0	0	0	0	0	0	0	0	0	0	0	0	0	0	0	0	0	0	0	0	0	0	0	0	0	0	0	0	0	0	0	0	0	0	0	0	0	0	0	0	0	0	0	0	0	0	0	0	0	0	0	0	0	0	0	0	0	0	0	0	0	0	0	0	0	0	0	0	0	0	0	0	0	0	0	0	0	0	0	0	0	0	0	0	0	0	0	0	0	0	0	0	0	0	0
C[Del(T):R1]A	5	0	1	3	0	1	3	1	0	1	1	1	2	5	3	0	1	1	0	3	3	3	0	1	3	2	3	4	2	4	3	3	2	2	1	1	1	2	5	4	2	2	0	1	2	0	4	4	0	6	2	4	1	0	3	7	5	5	3	3	2	3	2	1	4	3	3	2	3	4	3	3	2	2	1	3	1	1	2	0	0	9	3	2	1	5	2	5	2	6	1	6	3	1	7	3	2	4	1	2	1	2	4	2	3	0	0	0	2	2	0	3	3	0	1	3	1	3	2	4	4	2	5	5	1	1	1	3	0	6	4	0	2	2	4	1	1	3	1	2	2	3	5	0	3	3	2	4	0	2	1	3	1	0	2	4	1	5	1	0	1	0	1	4	1	1	1	1	1	3	2	0	10	1	2	2	3	1	4	4	3	5	1	5	4	2	2	1	4	1	1	1	5	1	1	5	0	0	3	1	3	0	5	1	3	9	2	7	2	1	1	5	0	3	0	1	7	3	0	3	1	2	4	8	1	8	1	3	2	1	1	0	4	2	8	1	5	3	4	2	1	3	2	0	6	0	2	0	1	0	1	4	1	2	3	0	3	3	0	2	3	3	1	0
C[Del(T):R1]C	1	1	0	0	2	0	5	1	2	0	1	1	1	1	2	1	2	2	4	3	0	1	4	1	5	0	2	1	2	0	2	1	0	4	3	7	1	0	8	6	3	3	2	0	1	3	6	3	5	3	5	6	3	0	3	4	5	2	3	2	3	3	2	2	5	3	2	1	7	3	2	0	2	3	1	3	2	3	1	0	0	8	3	2	1	3	1	4	0	3	0	5	1	1	8	4	2	0	3	0	1	0	6	5	1	0	1	0	3	4	0	3	3	2	3	4	3	1	4	6	1	3	2	3	3	2	2	2	3	2	4	1	5	3	2	0	0	0	0	4	3	7	3	1	2	3	1	0	1	6	2	5	1	1	3	1	1	5	1	3	1	0	3	2	5	0	2	3	3	1	2	4	12	2	3	3	1	3	3	0	4	3	1	4	3	2	0	1	1	1	4	4	1	0	3	0	2	1	3	0	3	2	4	1	6	0	6	5	1	2	0	7	5	5	4	1	3	0	4	1	3	1	0	3	2	1	2	1	5	1	1	2	4	3	6	2	2	1	4	1	2	5	1	4	2	4	2	1	1	0	0	6	0	0	1	0	0	5	2	6	2	3	1	0
C[Del(T):R1]G	1	0	4	1	0	2	1	2	3	0	2	1	2	0	2	1	1	1	1	3	0	1	2	1	1	2	2	3	3	1	2	4	2	1	1	4	3	0	5	1	4	3	1	1	1	2	4	2	2	3	3	4	0	1	1	2	1	2	3	3	2	0	0	3	1	1	2	1	0	1	2	2	2	1	3	2	1	4	3	0	1	3	2	1	5	4	4	2	2	2	0	0	2	2	3	2	1	3	0	3	1	0	4	1	0	2	5	0	5	4	4	0	3	6	4	1	2	2	0	3	2	2	4	1	3	3	1	3	3	3	4	0	4	0	0	2	2	5	1	2	3	4	7	2	4	2	6	7	1	2	2	4	3	1	5	1	4	0	3	1	0	0	0	2	5	1	2	2	4	5	0	5	12	2	2	3	6	1	5	2	1	3	4	4	3	3	2	4	1	4	2	4	1	2	1	1	1	1	6	7	2	5	3	3	1	1	2	2	3	1	3	4	2	4	1	0	3	1	2	4	3	1	1	2	2	0	0	1	2	2	0	1	2	2	3	1	3	1	3	0	2	3	0	4	4	0	1	1	1	1	2	5	0	2	1	3	1	4	5	7	4	3	1	1
C[Del(T):R2]A	2	1	2	0	5	5	5	0	1	1	2	1	3	2	2	1	1	1	0	2	0	0	2	0	1	1	0	1	1	2	0	0	0	3	0	2	1	0	3	0	1	1	0	0	0	2	0	2	2	2	2	1	1	2	2	1	0	3	1	2	0	1	2	0	2	2	1	1	1	1	1	3	3	1	1	3	0	2	1	0	1	2	2	0	1	0	2	0	2	3	0	2	1	0	1	1	0	1	1	0	3	0	0	4	0	0	2	0	2	2	1	0	0	2	1	1	2	1	1	3	3	2	1	2	3	1	0	0	0	2	1	1	2	1	1	0	0	0	0	0	6	3	3	0	0	0	1	0	0	1	2	1	4	0	1	0	1	2	0	1	0	1	0	2	5	1	1	0	0	1	2	2	9	0	0	1	2	0	8	3	1	1	1	1	2	1	0	0	2	1	1	1	0	0	1	2	0	1	3	3	4	0	2	0	1	3	0	0	1	1	0	1	0	3	1	1	5	1	2	0	1	0	1	2	1	0	1	1	0	0	1	1	3	2	3	0	0	2	0	0	2	2	2	1	2	2	2	1	1	0	2	4	0	0	0	1	3	1	2	2	2	3	0	0
C[Del(T):R2]C	4	0	0	1	3	1	2	0	1	1	0	0	2	1	0	0	2	0	1	0	0	1	1	1	0	1	1	0	4	2	0	1	2	3	1	0	1	0	3	3	4	1	0	3	1	0	2	1	2	6	1	0	1	0	2	5	0	6	1	0	1	1	0	1	0	1	0	0	0	1	2	1	1	0	1	4	1	1	0	0	1	3	3	0	1	2	4	1	0	0	2	1	1	1	0	1	2	2	0	0	0	1	2	3	1	0	2	1	1	0	0	2	2	0	0	1	3	1	3	2	3	2	2	2	1	0	2	2	2	2	3	1	5	1	3	2	0	1	0	0	5	3	1	0	3	0	1	0	2	1	2	2	1	0	2	0	1	3	0	1	0	0	0	3	4	1	0	0	1	2	0	1	3	0	2	0	1	3	0	1	1	1	1	2	2	1	0	1	2	0	1	2	1	0	1	1	3	0	2	2	1	0	2	1	3	1	1	3	0	2	0	2	0	1	0	0	4	1	2	0	1	3	0	4	2	5	0	2	1	0	0	1	4	3	2	1	0	0	0	0	0	1	1	0	3	0	3	0	0	1	0	1	0	1	2	2	0	3	1	3	2	2	0	0
C[Del(T):R2]G	1	1	0	2	1	0	0	1	1	1	0	1	1	0	1	2	0	1	0	1	1	2	0	0	1	1	1	0	1	2	0	0	2	0	0	1	0	0	0	0	0	1	0	3	1	1	2	2	1	3	2	1	0	0	2	3	1	2	1	2	3	0	1	1	0	3	0	1	1	1	1	1	1	0	1	2	3	0	0	0	0	5	0	2	2	2	3	0	0	3	1	1	1	0	0	0	4	1	1	0	1	0	1	7	0	0	2	1	3	1	0	1	1	0	3	0	1	2	1	2	2	2	1	2	2	2	0	1	2	5	3	0	3	0	0	2	0	0	1	0	0	1	1	0	0	0	0	0	0	2	1	3	0	1	0	0	0	1	1	1	0	0	0	3	4	0	1	1	1	2	0	3	6	0	1	3	1	2	2	2	1	2	1	2	3	1	1	0	0	1	0	2	0	1	0	0	1	0	0	2	7	0	3	1	2	2	1	3	0	1	0	5	0	2	1	0	2	1	2	1	1	2	0	3	0	3	0	1	2	0	0	0	0	3	1	1	4	1	4	2	1	2	0	1	4	0	2	0	2	1	2	2	0	0	0	0	0	0	0	2	0	2	0	0
C[Del(T):R3]A	3	0	0	1	0	4	1	3	5	0	3	3	1	2	1	1	1	2	2	2	0	1	2	1	2	2	0	2	1	4	0	1	0	2	3	3	1	1	3	5	0	0	2	3	0	1	3	1	2	5	3	7	0	0	1	3	1	6	3	1	0	0	0	1	1	3	1	2	0	2	3	3	4	0	1	4	0	2	0	0	0	8	3	1	0	1	3	2	2	2	1	2	0	0	1	1	1	2	1	0	0	0	5	7	3	1	3	3	11	4	1	1	2	3	4	1	0	1	2	2	1	3	6	2	2	1	0	2	2	4	1	1	2	3	2	1	0	2	0	0	5	3	0	0	0	1	1	0	1	1	1	3	0	2	3	1	2	4	0	2	1	1	1	2	8	1	6	0	1	7	2	3	8	0	2	1	3	6	5	3	1	2	1	3	4	1	2	0	1	1	2	1	0	0	0	0	0	1	4	1	2	3	2	1	5	1	3	5	0	3	1	7	1	3	1	0	3	0	2	0	1	1	1	1	3	5	0	0	3	0	0	0	4	5	4	2	1	0	6	1	3	1	1	3	2	0	1	1	1	0	2	3	0	1	3	0	5	1	2	2	3	5	0	0
C[Del(T):R3]C	2	0	0	3	2	4	1	1	1	1	2	2	1	0	0	0	2	3	0	0	1	1	1	0	3	1	1	1	3	0	1	0	3	2	0	3	2	0	5	1	0	1	1	0	0	4	4	0	1	4	2	4	0	0	5	2	0	2	3	2	0	0	0	1	2	3	2	1	0	2	2	0	1	1	0	2	1	2	0	1	0	3	1	2	2	2	3	2	2	0	0	1	1	1	2	0	1	0	0	0	1	0	1	4	0	1	3	0	1	3	0	1	1	2	5	1	1	0	3	1	4	5	2	3	1	2	0	0	0	4	2	1	4	1	5	0	1	2	0	0	3	1	0	1	0	0	2	0	0	1	1	2	1	0	2	3	3	3	2	2	0	1	2	1	2	1	2	0	1	2	0	2	10	0	3	3	0	0	1	3	2	3	1	0	0	2	0	1	1	0	1	2	1	1	0	1	3	1	2	2	2	2	0	1	1	0	0	4	0	5	0	1	0	2	1	1	3	4	1	1	3	0	0	5	0	2	1	1	1	0	3	1	4	1	7	1	0	0	1	1	1	1	0	0	1	2	2	4	1	0	2	1	1	1	1	2	0	0	0	1	1	2	1	0
C[Del(T):R3]G	4	1	0	2	1	1	1	0	4	0	3	4	0	2	1	1	0	1	1	1	1	0	1	0	1	1	2	0	1	4	5	1	1	3	1	4	0	1	6	2	1	1	2	1	0	0	5	3	0	7	0	2	1	0	3	4	5	5	2	2	0	0	0	1	1	1	0	1	2	1	1	0	2	3	0	8	1	3	1	1	1	5	1	5	2	2	1	0	1	1	1	0	3	4	6	3	2	2	0	0	2	2	4	4	0	0	0	1	3	1	0	3	3	1	5	2	6	2	3	4	1	4	5	3	0	2	1	0	2	3	5	0	4	2	3	0	1	2	1	0	2	8	0	1	1	4	2	3	0	3	5	6	0	1	1	2	1	1	1	0	0	2	0	1	9	0	2	0	3	4	1	5	13	1	1	5	1	2	7	1	2	3	0	1	0	1	4	4	2	0	2	3	0	0	0	0	1	0	2	1	3	1	2	0	4	4	3	6	2	1	0	2	0	3	1	0	9	0	4	1	1	1	1	5	3	2	0	1	1	5	0	0	1	2	7	0	2	3	2	1	1	3	5	2	4	0	0	0	0	2	2	6	0	0	0	2	1	4	0	6	1	7	1	0
C[Del(T):R4]A	3	2	0	2	3	0	1	2	4	0	0	5	3	1	1	0	1	1	2	0	1	3	1	0	3	2	1	0	0	7	7	1	1	3	0	6	1	0	2	6	0	2	0	1	1	1	8	1	0	4	2	5	3	1	4	4	2	7	2	3	3	0	0	3	3	3	5	3	2	2	2	2	3	0	2	3	1	1	1	1	0	2	3	2	0	2	0	2	2	2	1	2	1	0	5	5	3	4	1	1	1	0	5	3	2	1	3	0	1	2	3	0	4	1	8	1	0	2	0	2	2	3	1	1	0	4	0	1	1	0	1	1	5	1	4	0	0	5	0	0	7	2	2	0	2	1	1	3	0	2	0	2	0	1	2	0	0	3	3	1	1	3	0	0	14	1	5	2	1	3	0	2	15	0	0	5	1	0	6	2	1	2	0	4	3	0	4	1	1	0	2	1	0	0	1	1	0	2	4	0	6	1	3	1	3	1	2	11	2	1	1	3	0	1	0	0	5	1	0	0	2	1	5	1	4	2	0	0	1	2	1	0	5	8	12	2	0	4	2	4	5	2	0	1	0	1	0	0	0	0	0	2	0	0	0	2	3	3	3	3	2	1	0	1
C[Del(T):R4]C	4	0	0	0	1	1	2	1	1	2	0	1	1	1	1	2	1	3	0	3	0	0	2	0	0	2	2	1	0	1	2	1	2	3	1	2	2	0	4	0	0	3	2	0	1	3	11	1	2	4	1	1	2	0	1	3	0	2	3	0	2	1	2	0	1	1	2	0	3	1	2	0	1	0	2	2	1	1	1	0	1	2	1	1	6	2	0	5	0	3	1	0	1	0	3	2	0	2	2	1	0	0	2	0	2	0	0	3	0	2	0	1	1	2	2	1	2	1	2	3	0	4	1	3	1	2	1	2	0	3	3	2	4	0	4	2	1	1	1	0	3	8	3	0	0	3	0	4	0	1	2	1	1	4	2	0	1	0	2	0	0	1	1	0	4	1	3	0	2	1	0	2	12	0	2	1	3	2	3	2	0	2	1	0	1	0	1	0	0	1	2	2	0	0	0	1	0	0	4	1	2	1	2	2	2	1	1	2	1	0	1	2	0	3	1	1	4	0	1	0	4	1	2	3	1	2	1	3	2	3	0	0	4	5	4	0	0	2	3	1	0	2	0	2	2	1	2	1	0	1	2	3	0	2	2	2	1	2	4	6	2	2	0	1
C[Del(T):R4]G	2	2	1	1	1	2	2	2	4	0	5	1	4	0	0	1	5	2	2	0	2	1	1	1	2	2	1	2	0	4	0	1	1	8	2	2	4	0	11	11	1	4	2	2	0	2	8	4	7	11	2	5	1	2	5	9	1	2	6	2	1	2	1	2	0	1	0	2	4	1	1	1	0	0	0	4	1	0	0	3	0	9	1	0	2	1	0	2	2	5	0	2	2	1	4	2	1	2	0	0	3	2	6	3	1	1	2	1	2	0	2	2	0	1	2	1	5	1	1	2	2	11	3	2	0	3	1	0	1	6	1	0	4	1	3	0	0	1	0	0	7	8	3	0	2	1	3	1	0	2	5	0	1	2	3	2	1	1	2	0	0	0	0	1	15	1	2	1	0	2	0	4	21	0	1	4	2	4	5	3	3	2	0	1	3	0	3	0	1	2	0	1	0	1	0	2	0	0	6	1	4	1	2	0	7	3	4	5	0	1	0	6	1	5	0	0	8	2	1	0	2	0	2	3	3	4	0	0	2	1	0	0	5	2	4	3	4	1	0	1	6	4	3	3	1	0	0	1	0	2	1	1	1	0	1	2	3	2	3	4	1	7	0	2
C[Del(T):R5]A	3	1	0	4	1	1	2	0	2	0	4	4	1	1	0	1	0	2	1	0	2	0	1	0	0	4	1	0	2	1	2	0	1	4	1	1	2	1	5	5	1	2	2	0	0	1	8	0	0	1	0	2	0	0	2	3	1	4	3	1	1	2	0	0	3	1	2	0	1	1	4	2	2	0	0	4	2	1	0	1	0	2	0	3	1	4	0	1	0	1	1	1	1	0	2	3	1	0	0	1	1	1	1	1	2	0	1	0	1	0	1	4	0	2	2	2	1	0	0	2	1	3	2	3	2	0	0	3	0	3	0	0	5	2	5	0	1	0	0	0	5	0	0	0	0	3	2	1	1	2	1	5	0	0	3	1	1	2	1	1	1	1	0	2	4	1	3	2	1	2	3	1	7	1	0	0	4	4	1	1	1	4	0	1	8	1	1	1	1	1	1	1	0	0	0	1	0	1	1	2	2	0	1	3	5	0	2	6	0	2	0	0	0	0	1	1	2	1	2	0	3	0	1	4	2	0	0	0	3	0	1	0	1	2	4	0	2	0	2	0	2	1	0	1	2	0	1	1	2	1	2	1	0	0	0	0	4	0	1	3	3	4	1	2
C[Del(T):R5]C	0	1	0	2	2	1	2	1	1	0	2	1	0	0	0	0	1	0	1	1	0	1	0	1	1	1	0	1	0	0	0	0	0	2	0	3	0	0	3	7	1	0	2	2	0	3	19	2	1	0	1	0	0	0	0	2	0	1	0	0	0	1	1	0	1	0	2	0	1	0	1	0	1	1	0	1	3	0	0	2	0	2	0	0	0	0	0	1	1	0	0	1	0	0	1	1	0	0	0	0	0	0	0	2	1	0	0	0	1	1	1	0	0	2	1	2	1	1	0	0	1	1	1	3	0	1	1	0	0	1	1	0	2	1	4	0	0	0	2	2	2	2	1	0	1	0	0	1	0	0	1	0	2	0	1	0	0	1	0	1	0	0	0	0	1	0	2	1	0	2	0	0	2	0	0	5	1	0	1	0	1	1	1	1	2	1	0	0	0	1	1	1	0	2	0	0	0	0	0	4	2	0	0	0	2	0	0	2	1	1	0	0	0	1	1	0	4	0	1	0	1	1	1	1	1	2	0	0	1	2	0	1	3	1	0	0	0	0	2	0	1	0	0	2	2	0	0	1	0	0	0	2	1	1	1	2	1	0	0	0	4	2	0	0
C[Del(T):R5]G	1	0	2	3	0	1	5	0	5	1	1	2	0	1	0	2	2	1	0	2	1	1	0	0	1	0	0	0	1	2	0	1	1	3	1	0	0	0	2	1	1	2	1	2	0	2	13	1	1	3	0	3	2	0	0	2	3	1	1	0	0	3	1	1	1	0	2	0	1	1	2	1	0	1	1	1	1	0	0	1	0	4	1	2	3	1	0	2	0	3	1	0	0	1	2	0	2	1	1	1	0	0	2	0	0	2	4	2	2	0	0	0	1	2	0	0	1	0	1	0	0	4	1	0	0	0	0	0	0	1	1	0	2	1	1	0	1	0	0	0	0	1	0	0	2	0	0	0	0	0	2	2	0	0	4	0	1	1	0	1	0	0	0	1	3	1	1	1	0	3	1	0	7	0	0	1	3	1	1	1	4	2	0	0	3	1	0	0	2	0	1	1	0	0	0	0	0	1	1	2	4	0	1	1	1	1	0	4	0	1	1	2	0	2	3	2	5	1	2	0	0	0	2	6	0	1	0	2	2	0	0	0	3	4	4	0	0	0	0	1	1	0	0	1	0	0	0	0	1	0	0	3	0	0	0	0	0	1	3	3	2	1	0	0
C[Del(T):R6]A	0	3	0	4	0	1	1	3	2	0	0	2	0	0	0	2	0	0	1	2	1	0	0	0	0	0	0	0	1	2	3	1	2	2	0	0	0	0	3	2	1	0	0	0	0	0	30	0	1	2	0	4	0	1	1	0	0	1	1	0	1	1	1	1	0	1	1	0	1	1	1	1	1	0	0	2	2	1	1	1	0	3	0	3	0	1	0	1	1	1	0	0	0	0	0	5	0	0	0	0	2	1	4	1	1	0	1	1	1	1	1	0	2	1	1	1	1	1	2	0	3	4	0	3	1	1	0	1	1	2	1	0	2	0	3	0	1	1	0	0	2	2	4	0	1	2	2	0	0	2	1	4	1	0	1	0	1	1	1	2	0	5	1	0	3	0	0	0	2	2	1	2	7	0	0	2	2	0	3	1	1	2	4	1	0	2	1	2	2	0	0	1	0	0	0	0	0	1	5	1	4	0	0	0	3	0	0	4	1	0	0	0	0	3	3	1	2	1	5	4	1	0	2	0	1	0	1	0	2	0	0	0	4	2	1	2	2	1	1	1	0	1	1	2	1	2	0	2	0	1	3	1	2	0	3	2	0	1	1	1	0	7	0	0
C[Del(T):R6]C	1	2	0	1	0	1	0	0	0	0	1	2	0	1	0	1	1	0	0	1	0	0	1	0	0	0	4	1	0	0	0	0	1	0	0	1	1	0	0	1	0	0	0	0	0	0	24	0	2	0	0	1	0	0	0	2	0	2	0	1	0	2	1	1	0	0	0	0	2	1	0	0	1	1	0	3	1	0	0	0	0	5	0	3	0	0	2	0	0	3	0	3	1	1	3	0	0	0	0	1	0	1	0	1	3	1	1	1	3	3	0	2	1	0	0	2	1	0	2	2	3	3	0	1	0	0	1	4	0	3	2	0	4	3	1	0	0	0	0	1	2	1	3	0	0	0	3	1	1	1	1	1	1	0	0	0	0	1	2	1	1	0	0	0	1	0	4	0	1	0	0	1	5	0	0	0	1	3	5	3	1	3	0	0	3	2	0	1	0	0	1	1	0	0	0	2	0	1	5	0	1	0	1	0	0	1	0	3	0	1	2	0	4	1	0	1	2	2	1	1	3	0	0	1	1	3	0	0	1	0	0	0	6	3	3	0	3	2	1	1	2	1	0	0	0	0	0	0	0	0	0	1	2	0	0	3	0	0	1	1	1	2	0	0
C[Del(T):R6]G	1	1	0	8	0	2	0	1	1	0	0	1	3	2	0	0	0	0	0	0	0	2	2	0	0	2	1	1	1	1	1	0	0	1	0	0	0	0	2	1	0	0	2	0	0	1	8	0	1	1	0	2	0	0	2	1	1	1	0	0	1	0	1	0	1	1	2	1	3	1	0	0	1	0	0	5	0	0	0	0	0	1	0	2	1	1	0	2	0	2	0	1	0	0	2	1	0	2	1	0	0	1	2	2	0	0	0	1	0	2	0	2	2	1	1	0	0	0	3	2	2	1	0	1	0	2	0	0	0	3	0	0	0	0	2	0	0	2	0	1	4	2	0	0	4	0	1	0	1	1	0	3	0	0	4	0	0	1	0	0	0	1	0	2	1	1	1	0	0	2	0	0	5	1	0	0	1	1	1	3	0	1	1	3	1	0	0	1	2	0	0	0	1	0	0	0	1	0	3	0	1	0	1	0	2	0	2	3	1	2	1	2	0	0	0	0	6	0	2	0	0	1	1	0	1	1	0	1	2	0	0	1	2	3	1	0	0	0	1	0	0	1	0	0	1	0	1	1	0	0	0	4	1	0	0	0	0	0	2	0	3	2	0	0
C[Del(T):R7]A	0	1	1	3	0	0	3	1	0	0	3	2	0	2	0	3	1	1	0	0	0	3	2	0	0	4	0	0	1	0	0	0	2	0	1	3	0	0	2	2	0	0	0	1	0	3	71	3	1	2	1	1	0	0	0	1	0	2	0	0	1	0	2	0	1	2	0	0	0	0	1	0	0	0	0	1	1	2	0	1	0	1	0	0	5	1	0	1	1	3	0	0	1	1	2	2	0	2	0	0	2	1	2	2	1	0	1	0	0	3	1	1	0	1	0	1	3	0	2	3	1	2	2	1	0	0	0	1	0	0	1	1	0	0	10	0	2	1	0	0	1	2	2	0	1	1	0	0	0	0	1	4	0	2	1	0	1	2	1	2	0	1	1	0	1	1	5	1	1	1	1	2	2	0	0	0	0	3	8	2	0	3	1	1	0	1	0	0	1	0	0	1	1	1	2	0	0	2	3	3	2	1	1	0	1	2	0	1	0	5	2	3	0	6	1	0	3	1	3	2	1	0	2	0	2	2	1	1	1	2	1	2	13	7	2	1	2	1	1	1	0	0	1	1	0	1	1	1	0	0	3	2	1	0	2	0	2	2	0	0	2	2	0	0
C[Del(T):R7]C	1	4	2	2	3	0	1	2	2	0	1	1	1	0	0	1	0	0	0	0	1	1	2	0	0	0	0	3	0	0	0	1	2	4	2	4	0	0	1	1	0	1	0	0	2	0	63	1	0	2	1	2	0	0	2	2	0	2	0	0	2	1	1	0	0	0	1	1	0	1	2	0	1	1	0	0	0	1	0	0	0	2	1	2	4	1	1	0	0	2	1	0	1	0	2	1	0	0	0	0	3	1	2	1	1	2	0	0	0	0	0	1	1	0	0	2	2	3	3	5	1	2	1	2	1	0	0	1	0	1	1	0	2	0	6	1	1	7	0	0	1	3	1	0	0	4	0	1	0	1	2	0	0	3	1	0	0	2	0	3	1	5	1	0	3	1	4	1	0	0	0	0	4	0	2	1	1	3	2	2	2	5	1	1	2	2	0	2	3	1	1	1	0	0	1	0	0	4	6	2	1	0	3	0	2	3	1	5	1	1	0	2	0	3	0	0	1	0	1	2	0	1	1	0	2	0	0	2	1	3	0	0	7	7	6	2	3	3	1	0	1	2	0	1	1	0	0	1	0	2	4	0	1	1	2	2	2	1	0	1	2	4	0	0
C[Del(T):R7]G	0	2	0	2	1	2	0	0	2	0	0	0	0	1	0	1	0	0	0	0	0	0	0	0	2	2	0	0	0	3	2	0	0	0	0	0	1	0	1	0	0	0	1	0	0	1	59	0	0	1	1	1	0	0	1	3	0	2	1	0	0	3	0	0	0	0	0	0	0	0	0	1	1	0	0	1	0	0	2	0	0	2	0	4	4	0	0	0	0	2	0	0	0	2	2	1	0	0	0	0	3	0	3	2	2	1	0	1	2	2	0	0	0	1	1	0	0	1	3	3	1	3	0	0	0	1	1	1	1	1	1	1	1	1	3	0	3	1	1	0	1	0	3	1	2	1	0	0	0	1	0	2	0	1	0	0	1	1	0	1	0	0	0	0	2	1	1	0	0	0	1	3	4	0	0	2	1	0	3	4	0	5	0	1	1	1	0	0	1	0	0	1	1	0	0	0	0	0	6	2	1	3	1	0	2	1	2	3	0	4	2	0	1	3	1	0	1	0	1	1	2	0	0	3	1	1	0	0	2	3	1	0	10	3	3	0	2	1	0	0	0	1	0	2	0	0	1	2	0	0	2	2	5	2	0	3	0	0	0	0	3	6	0	1
C[Del(T):R8]A	0	2	0	1	0	1	0	0	1	1	0	1	0	1	2	3	1	0	0	0	1	0	1	1	0	2	2	0	1	0	0	0	0	4	0	5	1	0	2	0	0	0	0	0	2	3	122	1	0	1	0	0	0	1	0	0	0	2	0	0	1	1	0	2	0	2	0	0	0	0	0	1	1	0	0	4	0	2	0	0	0	3	0	1	1	1	1	0	1	1	0	0	0	0	0	0	0	2	0	0	1	0	1	3	0	0	1	0	1	1	0	1	1	1	0	1	3	0	0	3	8	3	0	1	1	1	0	2	1	0	0	1	0	0	11	0	2	1	1	1	2	2	0	1	0	3	0	1	0	0	2	1	2	1	0	0	2	4	2	5	2	3	0	0	3	1	1	0	0	0	1	1	7	0	1	1	1	2	2	3	0	4	0	1	0	1	0	0	0	0	0	0	0	0	0	0	0	0	6	3	3	1	0	0	0	0	0	7	0	7	0	2	0	3	3	1	4	0	1	6	1	0	1	2	1	0	0	1	0	1	0	0	17	15	5	0	2	2	1	0	0	0	0	0	0	0	1	5	0	0	4	1	0	0	2	5	1	1	4	0	3	4	2	0
C[Del(T):R8]C	0	1	1	0	2	2	1	0	3	0	1	1	1	0	0	2	0	0	0	0	0	0	0	2	0	0	1	0	0	1	0	0	1	0	0	3	0	1	0	1	1	1	0	0	1	2	102	0	0	4	0	1	0	0	0	0	2	2	0	0	1	1	1	0	0	0	0	0	1	1	3	0	0	0	1	1	2	1	2	0	0	1	1	0	1	0	1	0	1	4	0	1	0	0	1	2	1	0	0	0	0	0	0	1	0	1	2	0	1	0	0	1	0	1	0	1	1	1	1	3	1	3	1	1	0	1	0	4	1	1	0	0	3	0	13	0	2	1	0	0	1	3	3	0	3	1	0	1	0	3	0	2	0	1	0	2	2	3	0	2	0	0	0	2	1	0	4	0	0	0	0	3	4	0	0	0	0	5	4	0	1	4	0	0	0	0	0	1	2	1	1	0	0	0	0	0	0	2	11	1	1	4	0	1	1	0	0	3	0	3	1	0	1	3	4	0	0	0	2	3	2	0	2	2	0	1	0	0	3	9	0	0	14	12	1	1	5	2	0	1	0	1	0	0	2	1	0	3	0	0	1	1	3	1	1	1	1	2	1	1	1	5	0	0
C[Del(T):R8]G	0	0	2	0	0	0	1	0	3	0	0	0	0	0	0	1	0	0	0	0	0	0	0	0	0	1	0	0	0	0	1	0	0	0	0	1	0	0	1	0	0	0	2	1	1	1	114	2	1	1	0	0	0	1	0	1	2	3	0	0	0	0	0	0	0	0	1	0	0	0	1	0	0	0	1	0	1	0	0	0	0	0	0	1	1	1	0	1	0	1	0	0	0	0	0	1	0	1	0	0	1	0	1	1	1	0	2	0	0	2	0	0	0	1	0	0	1	1	1	6	2	1	0	0	0	0	1	2	0	0	0	0	2	1	14	0	0	1	0	0	1	0	1	0	0	0	0	0	0	1	1	1	1	1	0	0	0	1	0	2	0	2	0	2	1	0	1	0	0	1	0	2	7	0	0	3	0	0	3	1	0	7	0	0	2	1	1	0	0	1	0	0	0	0	0	0	0	0	6	1	2	0	2	0	0	0	1	0	0	5	1	1	2	2	2	0	0	0	1	2	1	1	1	2	0	0	0	0	1	3	0	0	17	15	3	1	3	2	0	0	0	1	0	0	0	0	1	1	0	0	2	1	1	1	1	0	1	0	1	0	1	2	0	1
C[Del(T):R(9,)]A	0	0	0	0	0	0	0	0	0	0	0	0	0	0	0	0	0	0	0	0	0	0	0	0	0	0	0	0	0	0	0	0	0	0	0	0	0	0	0	0	0	0	0	0	0	0	0	0	0	0	0	0	0	0	0	0	0	0	0	0	0	0	0	0	0	0	0	0	0	0	0	0	0	0	0	0	0	0	0	0	0	0	0	0	0	0	0	0	0	0	0	0	0	0	0	0	0	0	0	0	0	0	0	0	0	0	0	0	0	0	0	0	0	0	0	0	0	0	0	0	0	0	0	0	0	0	0	0	0	0	0	0	0	0	0	0	0	0	0	0	0	0	0	0	0	0	0	0	0	0	0	0	0	0	0	0	0	0	0	0	0	0	0	0	0	0	0	0	0	0	0	0	0	0	0	0	0	0	0	0	0	0	0	0	0	0	0	0	0	0	0	0	0	0	0	0	0	0	0	0	0	0	0	0	0	0	0	0	0	0	0	0	0	0	0	0	0	0	0	0	0	0	0	0	0	0	0	0	0	0	0	0	0	0	0	0	0	0	0	0	0	0	0	0	0	0	0	0	0	0	0	0	0	0	0	0	0	0	0	0	0	0	0	0
C[Del(T):R(9,)]C	0	0	0	0	0	0	0	0	0	0	0	0	0	0	0	0	0	0	0	0	0	0	0	0	0	0	0	0	0	0	0	0	0	0	0	0	0	0	0	0	0	0	0	0	0	0	0	0	0	0	0	0	0	0	0	0	0	0	0	0	0	0	0	0	0	0	0	0	0	0	0	0	0	0	0	0	0	0	0	0	0	0	0	0	0	0	0	0	0	0	0	0	0	0	0	0	0	0	0	0	0	0	0	0	0	0	0	0	0	0	0	0	0	0	0	0	0	0	0	0	0	0	0	0	0	0	0	0	0	0	0	0	0	0	0	0	0	0	0	0	0	0	0	0	0	0	0	0	0	0	0	0	0	0	0	0	0	0	0	0	0	0	0	0	0	0	0	0	0	0	0	0	0	0	0	0	0	0	0	0	0	0	0	0	0	0	0	0	0	0	0	0	0	0	0	0	0	0	0	0	0	0	0	0	0	0	0	0	0	0	0	0	0	0	0	0	0	0	0	0	0	0	0	0	0	0	0	0	0	0	0	0	0	0	0	0	0	0	0	0	0	0	0	0	0	0	0	0	0	0	0	0	0	0	0	0	0	0	0	0	0	0	0	0
C[Del(T):R(9,)]G	0	0	0	0	0	0	0	0	0	0	0	0	0	0	0	0	0	0	0	0	0	0	0	0	0	0	0	0	0	0	0	0	0	0	0	0	0	0	0	0	0	0	0	0	0	0	0	0	0	0	0	0	0	0	0	0	0	0	0	0	0	0	0	0	0	0	0	0	0	0	0	0	0	0	0	0	0	0	0	0	0	0	0	0	0	0	0	0	0	0	0	0	0	0	0	0	0	0	0	0	0	0	0	0	0	0	0	0	0	0	0	0	0	0	0	0	0	0	0	0	0	0	0	0	0	0	0	0	0	0	0	0	0	0	0	0	0	0	0	0	0	0	0	0	0	0	0	0	0	0	0	0	0	0	0	0	0	0	0	0	0	0	0	0	0	0	0	0	0	0	0	0	0	0	0	0	0	0	0	0	0	0	0	0	0	0	0	0	0	0	0	0	0	0	0	0	0	0	0	0	0	0	0	0	0	0	0	0	0	0	0	0	0	0	0	0	0	0	0	0	0	0	0	0	0	0	0	0	0	0	0	0	0	0	0	0	0	0	0	0	0	0	0	0	0	0	0	0	0	0	0	0	0	0	0	0	0	0	0	0	0	0	0	0
G[Del(T):R1]A	2	3	0	0	1	1	2	1	0	0	1	2	1	1	0	0	2	4	0	0	3	2	1	1	1	2	2	1	1	1	1	0	0	3	0	2	2	0	7	1	1	1	1	1	0	1	2	1	3	3	2	5	3	2	1	3	2	3	2	1	2	1	1	0	0	1	0	2	4	2	1	1	1	0	2	1	0	1	0	0	0	3	0	2	1	2	2	1	2	0	0	2	0	0	2	1	1	4	1	1	2	0	2	4	3	0	2	1	3	4	0	0	1	0	1	1	1	1	3	1	2	2	2	2	1	1	1	0	4	3	4	0	0	1	0	0	1	2	0	1	4	5	1	0	2	0	0	0	0	1	1	1	1	1	1	0	0	1	2	1	0	0	0	1	12	1	5	0	0	2	0	4	5	1	1	1	0	3	4	1	2	1	2	0	1	2	0	2	1	1	0	2	2	0	2	0	0	0	4	1	1	0	0	0	1	0	1	5	1	0	0	2	0	1	0	0	2	1	0	2	3	1	0	0	1	4	0	1	2	3	1	2	0	1	4	2	2	1	2	1	2	4	1	3	0	2	3	2	1	0	4	3	0	1	0	2	1	2	3	1	1	4	1	0
G[Del(T):R1]C	3	1	1	1	0	0	1	2	1	1	0	3	1	2	0	1	0	0	1	1	2	1	1	1	0	0	0	0	1	2	1	0	1	4	0	2	0	0	4	3	0	3	0	1	0	1	4	2	2	3	1	5	2	1	2	5	3	3	1	2	0	3	3	7	1	2	1	2	3	3	0	1	1	0	0	3	2	0	1	2	0	1	2	3	1	0	1	1	0	3	1	2	0	0	4	1	2	2	1	2	1	2	2	4	0	1	4	0	2	1	1	6	3	0	1	2	3	1	2	0	1	3	1	5	1	2	0	1	1	4	2	1	1	0	1	0	0	2	0	1	0	3	1	0	1	0	0	1	0	1	3	3	1	2	4	0	1	0	0	0	0	1	0	1	10	0	2	0	1	4	1	3	9	0	0	3	0	3	3	1	1	1	2	1	2	0	0	1	1	0	2	2	0	0	1	2	2	0	0	3	3	0	0	1	2	2	3	9	1	0	2	5	0	1	0	0	3	0	3	1	3	1	2	1	0	1	0	0	3	0	0	0	3	2	0	3	1	0	2	0	5	3	1	2	0	2	1	0	3	0	0	8	1	0	0	0	1	4	2	2	1	2	0	0
G[Del(T):R1]G	1	1	0	0	1	1	1	1	3	1	2	4	1	1	1	0	0	1	0	0	5	4	2	1	3	2	1	3	3	1	0	0	6	4	0	3	2	1	4	2	2	2	0	1	0	0	1	2	2	0	1	5	1	0	5	4	2	1	2	2	0	1	1	2	1	2	3	2	1	0	0	1	0	1	1	4	1	0	0	1	1	3	3	0	3	1	2	2	2	0	1	0	3	2	2	1	1	3	0	1	2	0	1	4	2	3	1	2	3	5	0	3	2	2	6	2	4	2	2	2	2	6	4	2	4	2	0	1	0	5	2	2	3	1	2	2	1	5	0	0	4	5	3	2	2	1	3	4	0	0	6	2	1	3	6	1	2	3	2	1	0	0	0	3	6	0	0	0	1	4	3	5	8	2	1	2	1	2	4	6	1	1	0	1	0	2	0	3	0	1	1	3	3	0	0	2	0	1	3	6	1	0	1	1	5	7	2	5	2	1	0	5	2	4	1	0	3	3	2	0	2	0	0	2	7	1	0	1	4	0	0	0	5	1	4	0	2	3	1	1	2	1	1	1	1	0	1	0	0	1	5	7	1	0	0	2	3	7	3	3	3	3	0	0
G[Del(T):R2]A	1	1	0	0	1	1	0	2	2	0	1	0	0	0	1	2	1	1	1	1	0	1	1	0	2	1	0	0	2	2	0	1	0	2	1	0	1	0	2	3	1	1	0	2	0	1	1	0	3	0	0	1	0	0	3	2	0	0	1	0	2	2	1	4	2	2	1	0	1	1	2	1	0	1	0	2	1	1	2	0	1	0	2	0	0	0	1	1	2	0	1	0	1	0	0	1	0	0	0	1	0	0	0	4	0	1	2	1	6	1	2	1	0	0	1	0	1	1	2	2	1	4	0	2	0	2	0	0	3	1	2	0	0	0	2	1	1	0	0	1	0	4	0	0	1	2	2	1	0	1	1	0	1	0	1	0	1	0	0	2	0	0	0	1	4	2	0	0	0	3	1	3	3	0	0	2	1	0	1	1	1	1	0	1	0	1	1	0	0	0	1	2	0	0	1	1	1	1	2	1	1	3	1	0	3	3	1	2	1	1	1	2	2	4	2	0	1	3	0	1	1	0	1	3	1	4	1	0	1	0	0	0	1	8	2	1	0	0	0	1	0	1	0	1	1	1	2	3	0	1	0	1	0	0	0	1	0	2	0	3	3	3	0	0
G[Del(T):R2]C	6	0	0	1	1	1	2	0	0	0	0	0	1	0	0	1	1	1	0	1	0	2	0	1	1	0	0	0	0	1	0	0	0	2	0	0	1	0	1	9	0	2	1	1	0	1	4	1	1	1	0	0	0	0	1	3	1	0	1	0	2	0	1	0	0	0	0	4	3	0	0	2	0	0	0	1	0	0	0	0	0	2	1	0	2	0	0	0	0	3	0	1	1	2	1	0	1	2	1	0	1	1	2	1	0	0	0	1	0	0	0	0	0	0	2	0	1	4	2	0	1	3	0	0	0	1	1	0	0	0	1	3	0	0	1	0	1	1	0	0	1	3	2	0	0	1	0	2	0	0	1	2	0	0	0	0	0	0	0	1	0	0	0	0	5	0	1	0	0	2	0	0	4	1	1	1	1	1	0	2	0	0	2	2	1	0	0	0	0	0	0	1	1	0	0	0	0	1	2	0	1	0	1	0	2	2	1	3	0	0	0	0	1	1	0	0	2	1	2	0	1	0	1	2	2	1	0	0	0	1	0	0	1	0	2	0	0	0	2	2	3	0	2	1	0	0	1	0	0	0	1	1	0	1	0	0	0	0	0	0	2	1	1	0
G[Del(T):R2]G	2	3	0	2	1	1	1	1	0	0	1	1	1	0	0	0	0	2	0	0	2	0	0	0	0	2	0	2	0	1	1	2	0	2	1	1	2	0	2	2	1	1	0	1	0	0	1	0	0	2	0	2	0	0	0	3	0	2	0	0	0	1	0	1	2	0	0	0	0	0	2	0	1	0	0	1	1	1	0	0	1	2	0	2	1	1	1	3	3	2	1	0	1	0	0	0	3	1	0	0	3	0	0	3	0	0	3	0	1	1	0	2	1	1	1	1	0	1	1	0	0	1	0	1	0	3	0	2	0	1	0	0	3	2	0	0	1	1	0	1	3	1	0	1	1	0	2	1	0	0	0	1	1	1	2	0	0	3	1	1	1	1	0	0	1	0	1	0	0	2	0	0	3	0	1	2	1	3	2	1	2	2	1	0	1	1	1	0	1	2	0	1	0	1	0	1	0	0	4	1	2	0	1	0	1	2	1	2	0	0	1	1	3	0	0	0	5	1	2	0	1	3	0	0	1	0	0	0	1	1	0	0	1	2	5	0	1	0	0	1	2	1	1	2	2	1	3	1	0	0	0	2	0	0	1	1	1	1	2	1	3	1	0	0
G[Del(T):R3]A	2	0	1	2	1	2	3	4	0	1	2	2	2	1	0	2	2	1	2	1	2	2	2	0	1	2	3	1	2	2	1	3	3	5	0	3	1	0	4	0	0	0	1	0	0	2	3	2	2	3	0	4	4	0	0	5	0	2	0	1	0	1	0	0	0	1	2	1	4	1	5	0	0	1	0	3	0	1	0	1	0	3	2	1	1	1	1	2	0	1	0	1	3	0	3	0	1	2	1	1	0	0	1	2	0	0	3	0	2	2	1	0	0	2	3	1	2	1	0	1	1	3	5	1	1	2	1	1	0	1	2	1	2	0	2	0	1	1	1	1	4	1	2	1	0	1	0	2	0	0	2	2	0	1	4	2	1	0	1	0	0	0	0	1	3	0	3	0	1	0	0	3	6	0	0	1	1	1	0	2	1	0	1	2	2	0	1	1	1	0	0	2	1	0	1	1	0	1	0	2	2	0	3	0	0	2	1	1	0	0	1	3	1	1	0	0	2	1	1	0	0	0	1	1	0	2	0	0	2	2	0	2	1	2	3	1	1	0	1	0	1	2	0	2	2	0	0	2	0	0	2	3	0	1	1	0	1	3	1	2	2	1	0	1
G[Del(T):R3]C	1	0	0	1	0	0	3	2	2	0	0	1	0	0	2	0	0	0	0	0	2	1	0	1	1	0	0	0	0	2	0	0	2	1	0	1	1	0	4	0	0	1	0	2	0	0	2	0	1	1	1	2	3	0	0	2	1	1	2	2	2	2	0	1	1	1	1	1	1	0	3	1	1	0	2	1	1	0	1	0	2	4	0	4	0	1	1	1	0	2	1	0	1	0	2	1	1	0	1	1	0	1	0	2	0	2	3	2	0	1	2	1	0	0	0	0	1	1	0	1	3	2	2	1	1	1	0	0	1	1	3	1	1	0	2	0	1	1	0	0	3	3	1	0	0	0	2	1	1	0	1	2	0	0	1	0	1	3	0	1	0	0	0	0	5	0	0	1	0	2	1	1	3	0	1	2	2	0	1	2	0	2	0	1	0	0	1	0	0	0	1	1	0	0	1	1	0	2	2	1	3	0	0	1	1	1	0	0	0	0	2	2	0	1	1	0	1	0	1	2	0	0	0	1	3	1	0	1	2	2	0	1	2	1	1	0	1	1	2	0	1	0	1	1	1	0	3	0	0	1	3	1	0	0	1	2	0	3	0	4	2	1	0	0
G[Del(T):R3]G	3	2	0	2	0	2	2	3	1	0	5	1	1	2	2	3	0	1	0	2	0	1	0	0	0	2	0	2	2	3	5	0	1	3	1	0	1	0	3	3	2	3	0	1	0	2	5	1	3	4	2	2	1	1	4	4	1	4	1	3	0	3	1	1	1	0	0	1	1	1	2	2	1	0	1	3	1	1	0	1	0	3	3	1	1	1	1	3	2	1	0	2	0	0	1	0	0	2	2	0	0	0	1	2	1	1	2	0	0	0	1	0	2	1	1	0	0	0	1	1	0	1	2	2	1	0	0	2	0	1	1	0	1	3	0	0	0	0	0	0	4	4	1	1	1	2	2	1	1	3	0	1	1	0	2	1	0	4	0	0	0	1	0	1	8	2	0	1	0	1	0	1	8	0	0	2	0	2	7	1	0	0	1	0	2	3	2	0	0	1	0	3	1	3	1	0	1	0	2	0	2	1	3	0	1	2	1	0	1	0	0	1	1	0	0	0	4	0	3	0	1	1	0	5	3	1	0	1	2	0	1	0	2	0	2	1	2	1	6	2	1	0	0	3	3	1	0	1	0	0	3	1	0	0	0	0	0	1	0	3	3	3	0	1
G[Del(T):R4]A	1	2	1	8	4	2	3	1	4	0	6	1	2	0	1	3	0	1	1	1	2	2	2	0	0	1	1	3	1	2	1	1	1	3	1	0	0	1	6	7	1	0	1	3	0	0	11	0	1	7	1	2	0	0	3	5	1	4	5	2	2	5	1	1	3	2	1	2	3	1	3	1	1	0	0	3	2	0	1	1	2	7	1	1	3	4	2	5	1	1	0	3	2	0	4	2	1	3	1	0	1	1	1	5	1	1	5	2	1	3	2	1	0	3	0	0	0	2	0	2	1	4	1	1	2	1	1	4	0	0	2	1	5	1	3	0	1	1	0	0	2	0	0	1	0	3	0	1	0	1	1	1	1	0	4	0	0	0	0	0	1	0	0	0	8	0	2	0	0	2	0	1	11	0	0	1	2	2	6	3	1	1	1	0	1	2	4	0	2	0	1	2	1	2	0	2	0	4	2	1	5	1	2	0	5	1	0	3	0	0	0	3	2	1	0	0	5	1	1	0	1	0	1	1	1	4	0	0	5	0	1	1	2	3	4	0	1	0	2	0	0	1	4	1	1	0	2	2	3	0	1	6	0	0	1	1	4	4	3	1	2	1	0	0
G[Del(T):R4]C	0	1	0	0	0	1	0	3	0	0	0	2	0	0	0	0	0	0	0	3	0	1	1	1	1	0	0	0	0	0	0	0	3	0	0	1	0	0	0	1	0	0	1	1	0	2	6	1	1	1	0	1	0	0	1	2	2	4	2	2	0	2	0	0	0	0	1	2	4	0	2	0	0	0	0	1	1	0	1	0	0	4	1	1	2	1	0	0	1	2	0	1	0	2	0	2	1	1	1	0	0	0	3	2	2	2	2	0	2	1	1	0	0	0	2	2	2	3	2	3	0	3	4	1	1	1	0	0	0	4	1	0	2	1	3	0	0	2	0	0	2	4	1	1	1	0	2	1	0	1	2	1	1	0	0	0	0	2	0	0	0	0	0	2	2	0	2	0	0	0	0	0	6	0	0	1	1	1	1	2	0	2	1	0	1	1	0	2	1	0	1	1	0	0	0	0	0	1	1	0	1	0	3	0	2	2	0	3	0	0	0	2	0	4	0	0	2	0	0	1	0	0	1	1	0	0	0	0	2	2	0	1	3	6	4	2	0	0	0	1	1	0	2	2	3	0	1	0	0	1	2	4	0	1	0	3	0	0	2	1	0	3	0	0
G[Del(T):R4]G	2	0	0	2	3	1	4	1	4	1	1	2	0	1	1	1	2	0	1	0	2	2	1	0	1	2	3	0	2	3	2	0	3	7	0	0	1	0	3	5	0	4	2	2	0	1	5	2	2	4	3	2	0	0	6	9	1	1	2	1	2	1	0	2	3	1	0	5	4	2	2	1	3	0	1	5	2	2	0	0	1	9	1	2	1	3	3	2	0	3	0	4	1	0	2	3	4	2	0	1	4	0	6	4	0	0	4	2	3	0	1	2	1	1	6	2	2	3	2	2	2	1	6	5	3	1	0	0	1	4	6	0	4	0	2	0	0	0	0	0	6	4	2	0	0	0	0	0	0	2	2	1	0	2	2	0	1	4	2	0	0	0	0	2	8	0	2	0	0	3	0	3	18	0	1	1	3	0	3	4	0	2	1	3	2	0	2	0	1	0	4	7	0	0	1	0	0	0	6	1	6	0	1	0	4	3	1	4	0	0	1	4	0	3	2	1	4	4	0	0	1	1	0	4	2	2	0	0	2	1	0	1	6	4	6	3	2	0	1	0	0	0	1	3	1	1	1	0	1	1	1	7	1	0	1	7	4	0	8	6	1	3	1	0
G[Del(T):R5]A	0	5	0	3	1	0	2	3	3	0	3	2	3	4	1	2	2	1	0	1	0	2	2	1	0	1	1	3	1	1	2	0	2	1	2	1	1	1	1	7	3	3	1	1	2	2	9	3	1	2	2	3	0	0	2	6	1	3	0	2	1	5	2	2	2	2	0	2	4	3	4	0	6	0	2	2	0	0	0	1	0	6	2	2	3	1	0	2	2	0	1	1	0	0	1	3	0	3	0	2	2	1	1	4	4	1	2	1	6	2	0	1	0	3	2	3	1	0	2	3	0	1	2	2	3	0	0	2	0	3	2	0	3	1	5	0	0	2	2	1	5	2	5	0	3	1	4	1	0	2	2	5	2	2	3	0	1	0	1	0	0	1	0	2	2	0	0	0	1	1	1	4	6	0	0	2	0	3	1	1	2	2	2	1	2	0	0	5	2	0	2	2	2	1	0	1	0	3	5	5	3	0	3	0	5	1	3	5	1	2	0	5	2	3	1	1	3	1	2	0	1	0	0	3	3	0	0	1	0	1	0	0	3	3	3	2	3	3	0	1	4	0	1	6	1	0	1	0	0	0	2	1	0	0	2	4	3	3	4	5	4	1	0	0
G[Del(T):R5]C	0	1	0	0	1	0	1	0	2	0	0	0	0	0	0	0	1	0	0	2	2	0	0	0	1	1	2	0	0	0	0	1	1	1	0	1	0	0	1	1	2	0	0	0	0	3	15	0	2	0	2	2	0	0	0	2	1	2	1	2	2	1	1	1	0	1	1	0	1	1	0	1	5	1	0	0	0	1	0	0	0	0	1	0	0	1	1	1	0	1	0	2	0	0	1	3	1	0	1	1	0	1	2	0	1	1	0	2	2	2	0	1	2	0	3	1	5	2	1	1	0	1	1	3	1	1	0	4	0	1	0	0	3	0	2	0	1	2	0	0	0	1	1	0	1	3	2	0	0	0	4	2	1	1	2	0	0	1	2	0	0	0	1	1	3	0	0	0	0	2	0	1	6	0	0	1	2	0	4	0	0	3	0	1	1	0	0	0	0	0	1	0	0	0	0	0	0	0	1	0	7	1	1	0	1	0	0	5	0	0	0	3	2	0	0	1	3	0	1	1	0	0	0	2	1	0	0	2	2	0	1	1	5	0	3	0	2	0	3	0	0	1	0	1	1	0	0	1	0	0	1	5	0	0	3	2	1	1	1	2	1	0	0	0
G[Del(T):R5]G	2	4	0	5	0	2	0	4	1	3	6	8	0	0	0	1	2	2	1	2	1	0	0	1	3	0	3	2	3	1	1	1	4	1	2	3	1	0	5	3	1	1	0	2	0	2	16	2	1	1	0	0	1	0	2	2	0	3	0	1	0	0	0	0	0	2	1	1	2	0	1	1	0	0	1	0	0	0	0	0	0	3	1	2	2	0	0	2	1	1	0	1	2	1	4	1	1	3	4	0	3	3	3	2	0	1	4	0	3	3	1	1	6	0	3	1	1	1	0	3	1	5	2	3	2	1	2	0	0	3	1	0	5	1	6	0	1	0	0	1	3	2	1	0	1	1	2	2	0	1	0	4	3	0	3	0	2	3	1	1	0	1	0	0	9	0	1	0	1	2	0	0	7	0	0	0	1	5	2	0	1	4	1	0	0	0	1	2	1	2	0	1	0	2	0	0	0	2	5	4	2	3	0	1	1	2	0	4	1	1	1	1	0	3	2	2	4	3	1	0	0	0	2	1	1	1	0	0	1	0	0	0	2	2	5	1	2	1	4	0	3	1	1	1	1	0	0	0	0	1	1	6	0	1	0	2	2	2	3	4	0	4	0	0
G[Del(T):R6]A	0	2	0	1	1	4	0	0	4	0	1	0	0	0	0	2	0	1	0	0	0	1	2	0	0	3	0	0	0	3	0	1	1	0	0	2	1	0	2	1	0	1	2	1	0	2	10	1	0	0	1	3	1	2	0	2	1	1	0	0	0	2	3	0	0	0	2	2	0	1	5	0	1	0	0	1	1	0	1	1	0	2	0	0	0	2	2	2	0	0	0	0	0	0	3	3	0	0	1	1	0	1	1	2	0	0	1	0	0	0	1	0	1	0	0	1	1	0	3	0	1	1	0	2	0	0	0	0	0	3	1	1	1	0	3	0	0	0	1	0	2	1	1	0	2	0	0	0	1	3	1	1	0	0	1	0	0	0	0	0	0	1	0	1	0	1	3	1	0	2	1	1	2	0	0	1	1	0	2	0	0	0	1	0	1	0	1	1	0	0	1	1	1	0	0	0	0	0	2	1	2	3	0	0	0	0	1	1	0	1	0	0	1	1	0	1	4	1	1	2	2	0	0	0	0	0	0	0	2	1	0	0	5	2	1	0	2	1	2	0	0	4	0	2	1	0	0	0	1	0	2	0	0	0	1	2	0	0	0	1	1	2	0	1
G[Del(T):R6]C	0	0	0	2	0	1	0	0	3	0	1	3	1	0	3	0	1	0	2	0	0	1	0	1	0	0	1	1	1	1	0	0	2	2	0	1	1	0	0	0	1	0	1	0	0	1	18	0	0	1	0	1	0	0	1	1	0	1	1	0	0	1	0	0	1	0	0	0	0	0	1	0	0	0	0	2	0	0	1	1	0	0	0	0	1	0	1	2	0	0	0	1	0	0	0	3	0	3	0	2	1	1	1	0	1	0	0	2	0	0	0	0	0	0	1	1	1	0	0	3	0	0	1	1	0	0	2	0	0	1	0	1	1	2	1	1	0	0	1	0	1	0	0	0	0	0	1	0	1	0	1	0	3	0	1	0	1	1	1	1	0	1	1	0	3	0	1	0	1	1	0	1	2	0	0	2	0	0	1	0	0	2	0	2	0	0	1	0	1	1	0	0	0	0	0	1	0	1	4	1	1	0	2	0	2	0	0	3	0	2	0	3	0	2	0	0	0	1	0	0	1	1	1	0	0	0	0	1	0	2	0	0	6	1	1	3	1	1	0	0	1	0	1	3	0	0	0	0	0	0	0	5	0	0	0	0	1	2	1	2	1	1	0	0
G[Del(T):R6]G	2	1	0	0	2	5	0	2	2	2	3	1	0	1	0	1	0	1	0	2	0	1	1	0	0	0	1	2	1	1	1	0	1	0	0	2	3	0	1	1	2	0	2	2	0	0	10	1	0	1	0	0	0	0	0	0	0	1	2	1	0	3	0	0	1	0	1	1	2	1	3	0	2	1	1	0	1	0	1	1	0	3	0	1	0	2	1	3	0	0	1	0	1	0	3	1	0	0	0	0	1	0	2	1	0	1	0	3	3	0	0	0	1	0	0	0	3	0	0	4	1	1	1	0	2	1	0	2	1	2	1	0	3	0	2	1	0	1	0	1	2	2	2	0	2	2	1	2	0	0	4	1	2	0	0	1	1	0	1	1	0	0	0	1	3	0	1	1	0	4	1	1	2	0	0	0	0	2	6	2	1	5	1	2	1	0	0	0	2	0	0	0	0	0	0	0	0	0	3	0	2	1	2	1	0	2	0	3	2	1	1	1	3	1	0	0	4	0	1	0	0	0	4	3	2	0	0	0	3	3	0	0	9	1	2	0	1	2	3	1	0	1	0	1	2	0	1	0	0	0	3	3	0	0	1	0	0	3	3	0	1	1	1	0
G[Del(T):R7]A	1	4	0	0	0	1	0	1	2	2	2	1	0	0	0	2	0	1	0	0	0	2	0	0	0	0	0	2	0	0	0	1	1	0	0	3	1	0	0	2	0	0	1	0	0	0	31	3	0	4	0	1	0	0	2	1	0	1	0	0	0	0	0	0	0	0	0	0	1	0	2	1	1	0	0	1	1	1	1	0	0	2	0	1	0	2	1	0	1	2	1	0	0	1	0	2	0	0	0	1	0	0	0	0	2	0	0	0	2	1	0	0	1	0	0	0	2	0	0	2	5	3	0	1	1	0	1	0	0	0	0	0	1	2	2	0	1	0	0	1	0	0	0	0	1	2	0	0	1	1	2	3	0	0	0	1	0	1	0	0	2	1	0	1	2	0	2	0	0	1	0	0	0	1	0	1	0	1	1	0	1	0	0	2	0	0	0	1	0	0	0	0	0	0	0	0	0	2	3	2	1	1	0	0	1	1	0	2	0	0	0	0	1	2	1	0	4	3	1	3	0	0	1	2	1	0	0	0	0	2	0	0	8	2	1	2	0	0	0	0	1	0	0	1	2	0	0	1	0	0	1	1	0	0	2	2	0	1	1	3	1	3	0	1
G[Del(T):R7]C	1	1	1	2	0	1	0	2	2	1	0	1	0	0	0	1	2	0	3	0	0	0	0	0	0	0	1	0	0	0	0	0	1	0	0	1	0	0	0	1	1	0	0	0	1	0	46	0	0	2	2	0	1	0	1	1	0	3	0	0	0	0	0	1	0	2	1	0	1	1	2	1	0	0	0	1	0	0	0	0	0	1	0	1	0	0	2	2	0	2	0	3	0	1	0	2	0	1	0	0	1	1	1	0	2	0	1	1	0	1	1	1	1	0	2	1	0	0	1	3	0	3	1	0	0	1	0	1	3	0	3	1	3	0	4	0	2	0	0	0	0	0	2	1	1	0	1	0	0	2	0	4	0	0	1	0	2	0	0	2	0	2	0	1	3	0	0	0	1	2	0	0	6	1	0	0	2	1	4	1	0	2	1	1	2	0	0	0	0	0	0	3	2	0	0	0	0	2	1	1	3	3	0	1	1	1	1	3	0	2	0	0	0	3	3	0	1	1	3	0	0	0	0	1	0	0	0	1	1	3	0	1	12	7	0	0	0	1	0	0	0	2	0	2	0	1	2	1	0	0	1	1	0	0	2	2	0	1	0	1	0	6	0	0
G[Del(T):R7]G	0	0	0	3	0	1	1	0	1	0	2	1	2	0	0	0	0	0	0	0	1	0	1	0	0	2	2	0	1	2	0	0	1	2	0	0	1	0	1	0	0	1	0	0	1	1	25	0	0	2	1	0	0	0	0	1	0	0	0	0	3	0	1	0	0	0	1	0	1	0	4	0	0	0	0	3	0	0	0	0	1	4	1	0	0	0	2	1	0	0	0	1	0	0	2	3	0	1	0	1	1	2	0	0	0	0	1	0	2	3	1	0	0	2	2	1	1	3	0	1	0	3	1	1	2	1	0	1	0	2	0	0	0	0	2	0	0	0	0	0	0	0	3	0	0	0	1	0	0	0	1	1	0	0	2	0	0	0	1	0	0	0	0	0	1	0	2	1	0	0	1	2	1	0	0	0	1	1	2	1	0	1	0	1	2	3	0	0	1	0	0	0	0	0	1	1	0	1	3	1	1	0	3	1	3	0	0	1	0	1	0	0	0	1	2	0	2	1	0	0	1	0	1	0	0	0	0	0	2	1	0	0	4	2	2	1	4	2	1	0	2	1	0	0	1	0	0	0	0	0	0	0	1	0	0	1	0	0	0	1	1	3	0	0
G[Del(T):R8]A	0	1	0	2	0	0	0	0	6	0	0	0	0	0	0	0	0	0	0	1	0	1	0	0	0	0	0	0	0	0	0	0	0	0	0	1	1	0	1	1	0	1	1	0	1	0	71	0	0	0	1	2	0	0	0	1	0	0	0	0	0	2	1	1	0	1	0	0	0	0	1	0	1	0	0	1	1	1	0	0	0	1	0	1	0	1	0	1	0	0	1	0	0	0	1	0	0	1	0	0	1	1	0	0	0	0	1	0	1	2	0	0	0	0	2	0	0	0	0	5	0	4	1	2	1	0	0	0	1	0	0	0	2	0	9	1	1	0	0	0	0	2	0	0	0	1	0	0	0	0	0	1	1	1	2	0	0	1	0	1	1	1	1	0	0	2	2	0	0	0	0	1	2	0	0	1	1	1	2	0	1	2	0	2	1	1	1	0	1	0	0	0	0	1	0	0	0	1	4	1	0	1	2	1	0	0	0	1	0	2	0	1	0	2	2	0	2	1	2	2	0	0	1	1	0	0	0	1	0	1	1	0	11	9	2	0	1	1	0	0	0	0	0	0	0	1	0	1	0	0	2	2	0	0	1	2	0	1	0	2	0	5	0	0
G[Del(T):R8]C	0	0	1	1	1	2	1	0	0	0	2	0	0	1	0	0	1	0	0	0	0	1	2	2	0	1	0	2	0	0	0	2	0	0	0	0	0	0	0	0	1	0	0	0	0	1	46	2	1	0	0	0	0	0	1	2	0	0	0	0	1	1	0	0	0	0	2	0	1	0	0	0	0	0	0	0	0	0	0	0	0	0	0	0	0	0	0	0	0	2	0	0	1	0	2	0	2	1	0	1	1	0	1	0	3	0	0	0	0	1	0	0	0	1	0	0	0	0	0	5	1	0	0	1	0	0	1	1	0	0	1	0	0	0	9	0	2	0	0	0	2	1	1	0	0	0	0	2	0	0	0	0	0	2	0	0	0	0	2	0	0	1	0	0	0	0	2	0	0	0	0	0	1	0	0	1	0	2	3	0	0	3	1	0	2	2	0	1	0	1	0	1	0	0	0	0	0	1	4	0	0	3	0	0	0	0	0	1	0	3	1	0	1	2	1	0	3	2	0	1	0	1	0	2	0	0	0	0	1	1	0	0	6	5	1	2	2	0	0	1	1	1	0	0	1	0	0	0	0	0	2	2	2	0	2	2	0	3	1	1	0	4	0	0
G[Del(T):R8]G	0	0	1	0	0	0	0	0	2	0	0	0	0	0	0	2	1	0	0	0	0	0	0	1	0	0	0	0	0	0	0	0	1	0	0	0	0	0	1	0	0	0	0	0	0	1	43	1	0	1	0	0	0	0	0	2	0	1	1	0	0	0	1	0	1	0	0	0	1	1	0	0	0	0	0	1	1	0	0	0	0	0	0	1	0	0	0	0	0	1	0	0	0	0	0	0	0	0	0	0	0	1	1	1	1	0	0	0	0	0	0	0	0	0	0	0	1	0	0	2	1	1	0	1	0	1	0	1	0	0	0	0	2	1	1	1	2	0	0	0	0	0	0	0	1	0	0	0	0	2	1	0	0	0	1	0	2	1	0	2	0	0	1	0	2	0	0	0	1	0	0	0	1	0	0	0	0	0	4	4	0	3	0	0	0	0	0	1	1	0	0	0	1	0	2	0	0	0	0	0	1	0	0	0	1	0	0	3	0	0	0	0	0	0	1	0	0	0	1	2	1	0	1	0	1	0	0	0	0	0	0	0	11	4	3	1	2	1	0	0	0	0	0	1	2	1	0	0	0	0	1	0	0	1	1	1	0	1	0	0	2	1	0	0
G[Del(T):R(9,)]A	0	0	0	0	0	0	0	0	0	0	0	0	0	0	0	0	0	0	0	0	0	0	0	0	0	0	0	0	0	0	0	0	0	0	0	0	0	0	0	0	0	0	0	0	0	0	0	0	0	0	0	0	0	0	0	0	0	0	0	0	0	0	0	0	0	0	0	0	0	0	0	0	0	0	0	0	0	0	0	0	0	0	0	0	0	0	0	0	0	0	0	0	0	0	0	0	0	0	0	0	0	0	0	0	0	0	0	0	0	0	0	0	0	0	0	0	0	0	0	0	0	0	0	0	0	0	0	0	0	0	0	0	0	0	0	0	0	0	0	0	0	0	0	0	0	0	0	0	0	0	0	0	0	0	0	0	0	0	0	0	0	0	0	0	0	0	0	0	0	0	0	0	0	0	0	0	0	0	0	0	0	0	0	0	0	0	0	0	0	0	0	0	0	0	0	0	0	0	0	0	0	0	0	0	0	0	0	0	0	0	0	0	0	0	0	0	0	0	0	0	0	0	0	0	0	0	0	0	0	0	0	0	0	0	0	0	0	0	0	0	0	0	0	0	0	0	0	0	0	0	0	0	0	0	0	0	0	0	0	0	0	0	0	0
G[Del(T):R(9,)]C	0	0	0	0	0	0	0	0	0	0	0	0	0	0	0	0	0	0	0	0	0	0	0	0	0	0	0	0	0	0	0	0	0	0	0	0	0	0	0	0	0	0	0	0	0	0	0	0	0	0	0	0	0	0	0	0	0	0	0	0	0	0	0	0	0	0	0	0	0	0	0	0	0	0	0	0	0	0	0	0	0	0	0	0	0	0	0	0	0	0	0	0	0	0	0	0	0	0	0	0	0	0	0	0	0	0	0	0	0	0	0	0	0	0	0	0	0	0	0	0	0	0	0	0	0	0	0	0	0	0	0	0	0	0	0	0	0	0	0	0	0	0	0	0	0	0	0	0	0	0	0	0	0	0	0	0	0	0	0	0	0	0	0	0	0	0	0	0	0	0	0	0	0	0	0	0	0	0	0	0	0	0	0	0	0	0	0	0	0	0	0	0	0	0	0	0	0	0	0	0	0	0	0	0	0	0	0	0	0	0	0	0	0	0	0	0	0	0	0	0	0	0	0	0	0	0	0	0	0	0	0	0	0	0	0	0	0	0	0	0	0	0	0	0	0	0	0	0	0	0	0	0	0	0	0	0	0	0	0	0	0	0	0	0
G[Del(T):R(9,)]G	0	0	0	0	0	0	0	0	0	0	0	0	0	0	0	0	0	0	0	0	0	0	0	0	0	0	0	0	0	0	0	0	0	0	0	0	0	0	0	0	0	0	0	0	0	0	0	0	0	0	0	0	0	0	0	0	0	0	0	0	0	0	0	0	0	0	0	0	0	0	0	0	0	0	0	0	0	0	0	0	0	0	0	0	0	0	0	0	0	0	0	0	0	0	0	0	0	0	0	0	0	0	0	0	0	0	0	0	0	0	0	0	0	0	0	0	0	0	0	0	0	0	0	0	0	0	0	0	0	0	0	0	0	0	0	0	0	0	0	0	0	0	0	0	0	0	0	0	0	0	0	0	0	0	0	0	0	0	0	0	0	0	0	0	0	0	0	0	0	0	0	0	0	0	0	0	0	0	0	0	0	0	0	0	0	0	0	0	0	0	0	0	0	0	0	0	0	0	0	0	0	0	0	0	0	0	0	0	0	0	0	0	0	0	0	0	0	0	0	0	0	0	0	0	0	0	0	0	0	0	0	0	0	0	0	0	0	0	0	0	0	0	0	0	0	0	0	0	0	0	0	0	0	0	0	0	0	0	0	0	0	0	0	0
A[Ins(C):R0]A	0	1	0	2	0	1	0	0	1	0	0	2	0	0	2	0	0	1	0	2	0	0	2	0	1	2	0	0	2	0	0	0	2	0	0	1	1	0	1	2	0	3	0	0	1	1	16	0	0	2	0	2	0	0	0	0	0	0	3	1	2	1	0	0	1	3	1	0	3	1	0	0	0	0	0	0	0	1	1	0	0	3	0	0	2	0	1	3	0	1	0	2	1	1	3	1	1	2	0	1	0	0	2	2	1	1	0	1	1	3	0	2	0	1	0	1	0	1	1	0	0	2	4	5	1	3	1	2	1	2	0	2	6	1	14	2	0	3	0	1	0	3	3	1	0	3	3	0	0	1	0	0	1	1	0	0	0	0	0	1	0	1	0	0	4	1	2	0	0	3	0	1	8	0	0	2	3	1	4	1	0	3	0	0	0	2	3	2	1	0	0	0	1	0	0	3	0	2	2	2	1	16	1	1	0	3	1	8	0	4	1	4	1	3	3	2	2	1	1	1	3	1	1	6	2	0	0	0	0	0	0	0	5	13	2	0	2	0	0	0	2	1	1	0	1	1	1	0	0	0	1	1	3	1	2	1	1	1	1	1	1	0	0	1
A[Ins(C):R0]G	0	0	0	0	0	0	0	0	0	0	0	0	0	0	0	0	0	0	0	0	0	0	0	0	0	0	0	0	1	0	0	0	2	0	0	0	0	0	0	1	0	0	0	0	0	0	0	0	0	0	0	0	0	0	0	0	0	0	0	0	0	0	0	0	0	0	0	0	1	0	0	0	0	0	0	0	0	0	0	0	0	0	0	0	0	0	0	0	0	0	0	0	1	0	1	0	1	0	0	0	0	0	0	1	0	0	0	0	0	0	0	0	0	0	1	0	1	0	0	2	1	1	0	0	0	1	0	0	0	2	1	0	0	0	0	0	0	0	0	0	0	1	2	0	0	0	0	0	0	1	1	0	2	0	1	0	1	0	0	0	0	0	0	1	0	1	0	1	0	0	0	0	0	1	0	0	0	0	2	0	0	0	0	0	0	0	0	0	0	0	0	1	0	0	0	0	0	0	0	0	0	0	0	0	0	0	0	0	0	0	0	1	0	0	0	0	0	0	0	0	0	0	1	1	1	0	0	0	0	0	0	0	1	1	0	0	0	1	0	0	1	0	0	0	0	0	0	0	0	0	0	1	0	0	0	0	0	0	0	0	0	0	1	0
A[Ins(C):R0]T	0	1	0	0	0	0	0	0	0	0	0	0	0	0	0	1	0	0	0	0	0	2	0	0	0	1	0	0	0	0	0	0	0	0	0	0	0	0	0	0	0	0	1	1	0	0	0	2	0	0	0	1	1	0	0	0	0	1	0	0	0	0	1	0	0	0	1	0	0	0	0	0	0	0	0	0	1	0	0	0	0	1	0	0	0	1	0	0	0	0	1	0	0	0	0	0	0	0	0	0	0	0	0	0	0	1	1	0	0	0	0	0	1	0	0	2	1	1	0	0	0	0	1	3	1	0	0	0	2	0	0	0	1	0	8	0	1	2	1	0	1	1	0	0	0	0	1	0	0	0	1	1	0	0	0	0	0	2	0	1	0	0	1	0	0	1	1	1	0	3	0	0	3	0	0	2	1	0	2	0	1	2	0	0	1	0	1	0	0	1	0	0	0	0	0	1	0	0	0	0	0	11	0	0	2	1	0	5	0	1	0	1	0	1	1	0	1	0	0	0	0	1	0	0	0	0	0	0	0	0	1	0	1	10	2	0	2	0	0	1	0	2	1	1	1	0	1	0	0	0	1	3	1	0	0	1	0	1	2	0	0	0	1	1
A[Ins(C):R1]A	1	0	0	0	0	0	0	0	1	0	1	0	0	0	0	0	1	0	0	1	0	0	1	0	0	0	0	0	0	1	0	0	1	2	0	0	0	0	0	1	2	1	0	1	0	0	6	0	0	2	0	1	0	0	1	2	0	0	0	0	1	0	1	0	0	0	1	0	1	0	0	1	0	0	0	0	0	0	0	0	0	0	1	0	0	1	0	0	0	1	0	0	1	0	1	0	0	0	0	0	0	0	0	0	0	0	2	0	0	1	0	0	0	1	3	0	0	0	0	2	0	0	1	2	0	0	0	0	0	1	1	0	1	0	2	2	0	1	1	0	0	2	1	0	0	0	0	0	0	0	0	0	0	0	1	0	0	1	0	0	0	0	0	1	1	0	1	0	0	0	0	0	2	0	0	2	0	0	0	0	1	0	0	0	0	0	0	1	0	0	0	0	0	0	0	0	0	1	0	0	0	3	0	1	0	1	0	0	0	0	0	0	0	0	0	2	2	0	0	0	1	1	0	1	1	1	0	0	2	0	0	0	0	0	0	0	0	0	0	0	2	1	0	0	1	0	0	0	0	1	0	0	0	0	0	1	0	0	1	0	0	0	0	0
A[Ins(C):R1]G	0	0	0	0	0	0	1	0	0	0	0	0	0	0	0	0	0	0	0	0	0	0	0	0	0	0	0	0	0	0	0	0	0	0	0	0	0	0	0	0	0	1	0	0	0	0	0	1	0	0	0	0	0	0	0	0	0	0	0	0	0	0	0	0	0	0	0	1	0	0	0	0	0	0	0	0	0	0	0	0	0	0	0	0	0	0	0	0	0	0	0	0	0	0	0	0	0	0	0	0	0	0	0	0	0	0	0	0	0	0	0	0	0	0	0	1	0	0	0	0	2	0	0	0	0	0	0	0	0	0	0	0	0	0	0	0	0	0	0	0	0	0	0	0	0	0	0	0	0	0	0	0	0	0	0	0	0	0	0	1	0	0	0	0	0	0	0	0	0	0	0	0	1	0	0	0	0	0	0	1	0	0	1	0	0	0	0	0	0	0	0	0	0	0	0	0	0	0	0	0	0	0	0	0	0	0	0	1	0	0	0	0	0	1	1	0	0	0	0	0	0	0	0	0	0	0	0	0	0	0	0	0	0	0	0	0	0	1	0	0	0	0	0	0	0	0	0	0	0	0	0	1	0	0	0	0	0	0	0	0	0	0	0	0
A[Ins(C):R1]T	0	0	0	0	0	0	1	0	0	0	0	0	0	0	0	0	0	1	0	1	0	0	0	1	0	0	0	0	0	0	0	0	0	0	0	1	0	0	0	0	0	0	0	0	0	0	2	0	0	0	0	0	0	0	0	0	0	2	1	2	0	0	0	0	0	0	1	0	0	0	0	0	0	0	0	0	0	0	0	0	0	0	0	0	0	0	0	1	0	0	0	0	1	0	0	1	1	1	0	0	0	0	0	0	0	0	0	0	0	0	1	0	0	1	0	1	0	2	0	0	1	0	1	0	1	0	0	0	0	0	0	0	1	0	1	0	0	1	0	0	1	0	0	0	0	1	0	0	1	0	0	0	0	0	0	0	0	0	0	0	0	0	0	0	1	0	0	0	0	0	0	0	0	0	0	1	0	0	0	2	0	0	0	0	1	0	0	0	0	0	1	0	0	0	0	0	0	0	0	0	0	0	1	0	1	1	1	2	0	0	0	0	0	0	0	0	1	0	0	0	0	0	0	1	0	1	1	0	0	0	1	0	0	1	0	2	0	0	1	0	0	0	0	0	0	0	0	0	1	0	1	0	0	0	0	1	1	0	0	0	0	1	0	0
A[Ins(C):R2]A	0	0	0	1	0	0	1	0	0	1	0	0	1	0	0	0	0	0	0	0	0	0	0	1	0	0	0	1	0	0	0	0	0	1	0	0	0	0	0	0	0	0	0	0	0	1	1	0	0	1	0	0	0	0	0	1	0	0	0	1	0	0	0	0	0	0	0	0	0	0	0	0	0	0	0	0	0	0	1	0	0	0	0	0	0	0	1	1	0	0	0	0	0	0	0	0	0	0	0	0	0	0	0	0	0	0	0	0	0	1	0	0	0	0	0	0	0	0	0	1	2	0	1	0	0	0	0	0	1	0	0	1	1	0	0	0	0	0	0	0	0	1	0	0	0	0	0	1	0	0	0	0	0	0	0	0	0	0	0	0	0	0	0	1	1	2	0	0	0	1	0	0	1	1	0	0	1	1	1	0	0	0	0	0	0	1	0	1	0	0	0	0	0	0	0	0	0	1	1	0	0	0	0	0	0	0	0	0	0	0	0	0	0	1	0	0	1	0	0	0	0	1	0	0	0	0	0	0	0	0	0	0	2	0	1	0	0	2	1	0	0	0	1	0	0	0	0	0	0	0	1	0	0	0	1	0	1	0	0	0	2	0	0	0
A[Ins(C):R2]G	0	0	0	0	0	0	0	0	0	0	0	1	0	0	0	0	0	0	0	0	0	0	0	0	0	0	0	0	0	0	0	0	0	0	0	0	0	0	0	0	0	0	0	0	0	0	1	0	0	0	0	0	0	0	0	0	0	0	0	0	0	0	0	0	0	0	0	0	0	0	0	0	0	0	0	0	0	0	0	0	0	0	0	0	0	0	0	0	0	0	0	0	0	0	1	0	0	0	0	0	0	0	0	0	0	0	0	0	0	0	0	0	0	0	0	0	0	0	0	0	1	0	0	0	1	0	0	0	0	0	1	0	0	0	0	0	0	0	0	0	0	0	0	0	0	0	0	0	0	0	0	0	1	0	0	0	0	0	0	0	0	0	0	0	0	0	0	0	0	0	0	0	1	0	0	0	1	0	0	0	1	0	0	0	0	0	0	0	0	0	0	0	0	0	0	0	0	0	0	0	0	0	0	0	0	0	0	0	0	0	0	0	0	0	0	0	0	0	0	1	0	0	0	0	0	0	0	0	0	0	0	0	0	0	0	0	0	0	0	0	0	0	0	0	0	0	1	0	0	0	0	0	0	0	0	0	0	0	0	0	0	0	0	0
A[Ins(C):R2]T	1	0	0	0	0	0	0	0	0	0	0	0	0	0	0	0	0	0	0	0	0	0	0	0	0	0	0	0	0	1	0	0	0	1	0	0	1	0	0	0	0	1	0	0	0	0	2	0	0	0	0	0	0	0	0	0	0	0	0	0	0	0	0	0	2	0	0	0	1	0	1	0	0	0	0	0	0	0	0	0	0	0	0	0	0	0	0	0	0	0	0	0	0	0	0	0	0	1	0	1	0	0	0	1	0	0	0	0	0	0	0	0	0	1	0	0	0	1	0	0	0	0	1	1	0	0	0	0	0	0	1	0	2	0	0	0	0	2	0	0	0	0	2	2	0	0	0	0	0	0	0	0	0	0	0	0	0	1	0	0	0	0	0	0	0	0	0	0	0	0	0	0	1	0	0	1	0	1	0	0	0	0	0	0	0	1	0	0	0	1	0	0	0	0	0	0	1	0	0	0	0	0	0	0	0	3	1	0	0	0	0	0	0	0	0	0	1	0	0	0	1	0	0	0	0	0	0	1	0	0	0	0	0	1	0	0	0	0	0	0	0	0	0	0	1	0	0	0	0	0	1	0	0	1	1	1	0	0	0	0	0	0	0	0
A[Ins(C):R3]A	0	0	0	1	0	0	0	0	0	0	0	1	0	0	0	0	0	0	0	0	0	0	0	0	0	1	0	0	0	0	0	0	0	0	0	0	0	0	0	0	0	0	0	0	0	0	5	1	0	0	0	0	0	1	0	0	0	1	0	0	0	0	1	0	0	1	0	0	0	0	0	0	0	0	0	0	0	0	0	0	0	0	0	0	0	0	0	0	0	0	0	0	0	0	0	0	0	0	0	0	0	0	1	0	0	0	0	0	1	0	0	0	0	0	0	0	0	0	0	0	0	0	0	1	0	0	0	0	0	0	6	0	0	0	0	0	0	0	0	0	0	0	3	1	0	0	0	0	0	0	1	2	1	0	0	0	0	0	0	0	0	0	0	0	0	0	0	0	0	0	0	2	1	1	0	1	0	0	0	0	0	1	0	0	0	0	0	0	0	0	0	0	0	0	0	0	0	0	0	0	1	0	0	0	0	0	0	0	0	1	0	0	0	1	1	0	0	0	3	0	0	0	0	0	1	0	0	1	0	0	0	0	0	1	0	0	0	1	1	0	0	0	0	0	0	0	0	0	0	0	0	1	0	1	0	1	0	1	0	1	2	0	0	0
A[Ins(C):R3]G	0	0	0	0	0	0	0	0	0	0	0	0	0	0	0	0	0	0	0	0	0	1	0	0	0	0	0	0	0	0	0	0	0	0	0	0	0	0	0	0	0	0	0	0	0	0	2	0	0	0	0	0	0	0	0	0	0	0	0	1	0	0	1	0	0	0	0	0	0	0	0	0	0	0	0	0	0	0	0	0	0	0	0	0	0	0	0	0	0	0	0	0	0	0	0	0	0	0	0	0	1	0	0	0	0	0	0	0	0	0	0	0	0	0	1	0	0	0	0	0	0	0	0	2	0	0	0	0	0	0	1	0	1	0	0	0	0	1	0	0	0	0	0	0	0	0	1	0	0	0	0	0	0	0	0	0	0	0	0	0	0	0	0	0	0	0	0	0	0	0	0	0	0	0	0	0	0	0	0	0	0	0	0	0	0	0	0	0	0	0	0	0	0	0	0	0	0	0	0	0	0	1	0	0	0	0	0	1	0	0	0	0	0	0	0	0	0	0	0	0	0	0	0	0	0	0	0	0	0	0	0	0	0	0	0	0	0	0	0	0	0	0	0	0	0	0	0	0	0	0	0	0	0	1	0	0	0	0	0	0	0	0	0	0
A[Ins(C):R3]T	0	0	0	0	0	0	0	0	0	0	0	0	0	0	0	0	0	0	0	0	0	0	0	0	1	0	0	0	0	0	0	0	0	0	0	0	0	0	0	0	0	0	0	0	0	0	7	0	0	1	1	0	0	0	0	0	0	0	0	1	0	0	0	0	0	0	1	0	0	0	1	0	0	0	0	0	0	0	0	1	0	0	0	0	0	0	0	1	0	0	0	0	0	0	0	1	0	0	0	0	0	0	0	0	0	0	0	0	0	1	0	0	0	0	0	0	0	0	0	1	0	1	0	0	1	0	0	1	0	0	0	0	0	0	0	0	0	0	0	0	0	0	0	0	0	1	0	0	0	1	0	0	0	0	0	0	0	0	0	0	0	0	0	0	1	0	0	0	0	0	0	0	0	0	1	0	0	0	0	0	0	0	0	1	0	0	0	0	0	0	1	0	0	0	0	0	0	0	1	1	0	0	0	0	0	1	0	1	0	0	0	0	0	0	2	0	0	1	1	0	0	0	0	0	0	0	0	0	0	0	0	0	0	0	0	0	0	0	1	0	0	1	0	0	0	0	0	0	0	0	0	0	0	0	0	0	0	0	0	0	1	0	0	0
A[Ins(C):R4]A	2	0	0	0	1	0	0	1	0	1	0	0	0	0	0	0	0	0	0	0	0	0	0	0	0	0	0	0	0	0	0	2	0	0	0	0	0	0	0	0	0	0	0	0	0	0	20	0	0	0	1	0	1	0	0	0	0	0	0	1	0	0	0	0	0	0	0	0	0	1	0	0	0	0	0	0	0	0	0	0	0	1	0	0	0	0	1	0	0	0	0	0	0	0	0	0	0	1	0	0	0	0	0	0	0	0	0	0	0	0	0	0	0	0	0	1	0	0	2	1	0	0	0	2	0	0	0	0	1	0	1	0	0	0	0	0	0	0	0	0	0	1	0	2	0	1	0	0	0	0	0	0	0	1	0	0	0	0	0	0	0	0	0	0	0	0	0	0	0	0	0	0	0	0	0	0	0	0	0	0	0	2	0	1	0	0	1	0	0	0	0	0	2	0	0	0	0	0	0	0	0	0	1	1	0	0	0	0	1	0	0	0	0	0	0	0	1	0	1	1	0	0	0	0	0	0	0	0	0	0	0	0	0	0	0	0	1	0	0	2	0	0	0	0	0	0	0	0	0	0	0	0	0	0	0	1	1	0	0	0	1	0	0	0
A[Ins(C):R4]G	0	0	0	0	0	0	0	0	0	0	0	0	0	0	0	0	0	0	0	0	0	0	0	0	0	0	0	0	0	0	0	0	0	0	0	0	0	0	0	0	0	0	0	0	0	0	9	0	0	0	0	0	0	0	1	0	0	0	0	0	0	0	0	0	0	0	0	0	0	0	0	0	0	0	0	0	0	0	0	0	0	0	0	0	0	0	0	1	0	0	0	0	0	1	0	0	0	0	1	0	0	0	0	0	0	0	0	0	0	0	0	0	0	0	0	0	0	0	0	0	0	0	0	0	0	0	0	0	0	1	0	0	0	0	0	0	0	0	0	0	1	0	0	0	0	0	0	0	0	0	0	0	0	0	0	0	0	0	0	0	0	0	0	0	0	0	0	0	0	0	0	0	0	0	0	0	0	0	0	0	1	0	0	0	0	0	0	0	0	0	0	0	0	0	0	0	0	0	0	0	0	0	0	0	0	0	0	0	0	0	0	0	0	0	0	0	0	0	0	0	0	0	0	0	0	0	0	0	0	0	0	0	0	0	0	0	0	0	0	0	0	0	0	0	0	0	0	0	0	0	0	0	0	0	0	0	0	1	0	0	0	0	0	0
A[Ins(C):R4]T	0	0	0	1	0	0	0	0	0	0	0	0	0	0	0	0	0	0	0	0	0	0	0	0	0	0	0	0	0	0	0	0	0	0	0	0	0	0	0	0	0	1	0	0	0	0	12	0	1	0	0	0	0	0	0	0	0	0	1	0	0	0	1	0	0	0	0	0	0	0	0	0	0	0	0	0	1	0	0	0	0	0	0	0	0	0	1	0	0	0	0	0	0	0	0	0	0	0	0	0	0	0	0	0	0	0	0	0	0	0	0	0	0	0	0	0	0	1	0	0	0	0	0	0	0	0	0	0	0	0	1	0	0	0	0	0	0	0	0	0	0	1	0	0	0	0	1	0	0	0	0	0	0	0	0	0	0	0	0	1	0	0	1	0	0	0	1	0	0	0	0	0	1	0	0	0	0	0	0	0	0	0	0	0	0	0	1	0	0	0	0	0	0	0	1	0	0	0	0	0	0	0	1	0	0	0	0	0	0	0	1	0	1	0	0	0	0	0	0	0	0	0	0	0	0	0	1	0	0	0	0	0	1	0	1	0	0	0	1	0	0	0	0	0	0	0	0	0	0	0	0	0	0	0	0	0	0	1	0	0	0	0	0	0
A[Ins(C):R5]A	0	0	0	0	1	0	0	0	1	0	0	0	0	0	0	0	0	0	0	0	0	0	1	0	0	0	0	0	0	0	0	0	0	0	0	1	0	0	0	0	1	0	1	0	0	0	25	0	0	1	0	1	0	0	0	0	0	0	0	0	0	0	0	0	0	0	0	0	0	0	0	0	0	0	0	0	0	0	0	0	0	0	0	0	0	0	1	0	0	0	0	0	0	0	0	0	0	0	0	0	0	0	0	0	0	0	0	0	1	0	0	0	0	0	0	0	0	0	0	0	0	0	0	0	0	0	1	0	0	0	3	0	0	0	0	0	0	0	0	1	0	1	0	0	0	0	0	0	0	1	0	0	0	0	1	0	1	0	0	0	0	0	0	0	0	0	0	0	0	0	0	0	0	1	0	0	0	0	0	0	0	0	0	0	1	0	1	0	0	0	0	0	0	0	1	0	0	0	0	0	0	0	1	0	0	0	0	0	0	1	0	0	1	0	0	0	0	0	0	0	0	0	0	0	1	0	0	0	0	1	0	0	0	0	1	0	0	0	0	0	0	0	0	0	0	0	0	0	0	0	0	0	0	0	0	0	0	0	0	0	0	0	0	1
A[Ins(C):R5]G	0	0	0	0	0	0	0	0	0	0	0	0	0	0	0	0	0	0	0	0	0	0	0	0	0	0	0	0	0	0	0	0	0	0	0	0	0	0	0	0	0	0	0	0	0	0	5	0	0	0	0	0	0	0	0	0	0	0	0	0	0	0	0	0	0	0	0	0	0	0	0	0	0	0	0	0	0	0	0	0	0	0	0	0	0	0	3	1	0	0	0	0	0	0	0	1	0	0	0	0	0	0	0	0	0	0	0	0	0	0	0	0	0	0	0	0	0	0	0	0	0	0	0	0	0	0	0	1	0	0	1	0	0	0	0	0	0	0	0	0	0	0	0	0	1	0	0	0	0	0	0	0	0	0	0	0	0	0	0	0	0	0	0	0	0	0	0	0	0	0	0	0	0	0	0	0	0	0	0	0	0	0	0	0	0	0	0	0	0	0	0	0	0	0	0	0	0	0	0	0	0	0	0	0	0	0	0	0	0	0	0	0	0	1	0	0	0	0	0	0	0	0	0	0	0	0	0	0	0	0	0	0	0	0	0	0	0	0	0	0	0	0	0	0	0	0	0	0	0	0	0	0	0	0	0	0	0	0	0	0	0	0	0	0
A[Ins(C):R5]T	0	0	0	0	0	0	0	0	0	0	0	0	0	0	0	0	0	0	0	0	0	0	0	0	0	0	0	0	0	0	0	0	1	0	0	0	0	0	0	0	0	0	0	0	0	0	15	0	0	0	0	0	0	0	0	0	0	0	0	0	0	0	0	0	0	0	0	0	0	0	0	1	0	0	0	0	0	1	0	0	0	0	0	0	0	0	0	0	0	0	1	0	0	0	0	0	0	0	0	0	0	0	0	0	1	0	0	0	0	0	0	0	0	0	0	0	0	0	0	0	0	0	0	0	0	0	0	0	0	0	0	0	0	0	0	0	0	0	0	0	0	0	0	0	0	0	0	0	0	0	0	1	0	0	1	0	0	0	0	1	0	0	0	0	0	0	0	0	0	0	0	0	0	0	0	0	0	0	0	0	0	0	0	0	0	0	0	0	0	0	0	0	0	0	0	0	0	1	0	0	0	0	0	0	0	0	0	0	0	0	1	0	0	0	0	1	0	0	0	0	0	0	0	0	0	0	0	0	0	0	0	0	0	0	1	0	0	1	0	0	0	0	0	1	0	0	0	0	0	0	0	0	0	0	0	0	0	0	0	0	0	0	0	0
A[Ins(C):R6]A	0	0	0	0	0	0	0	1	0	1	0	0	0	0	1	0	0	0	0	0	0	0	0	0	0	0	0	0	0	0	0	0	0	0	0	0	0	0	0	0	0	1	0	0	1	0	45	0	0	1	0	0	0	0	0	0	0	1	0	0	0	0	0	0	0	0	1	0	0	0	0	0	0	0	0	0	0	0	0	0	0	0	0	0	0	0	0	0	0	0	0	0	0	0	0	0	0	0	0	0	1	0	0	0	0	0	0	0	0	1	0	0	0	0	0	1	0	0	0	1	1	0	0	0	0	1	0	0	1	0	2	0	1	0	0	0	0	0	0	1	0	0	0	0	0	0	0	0	0	1	0	0	0	0	0	0	0	0	0	1	0	1	1	0	0	0	0	0	0	0	0	0	1	0	1	0	1	0	0	2	0	0	0	2	0	0	0	0	0	0	0	1	0	0	0	0	0	0	0	0	1	0	0	0	0	1	0	0	1	0	0	0	0	0	1	0	0	0	0	0	0	0	0	0	0	0	0	0	0	0	0	0	0	0	1	0	1	1	0	0	0	0	0	0	0	0	0	0	0	0	1	1	1	0	0	0	0	1	0	0	0	0	1	0
A[Ins(C):R6]G	0	0	0	0	0	0	0	0	0	0	0	0	0	0	0	0	0	0	0	0	0	0	0	0	0	0	0	0	0	0	0	0	0	0	0	0	0	0	0	0	0	0	0	0	0	0	9	0	0	0	0	1	0	0	0	0	0	0	0	0	0	0	0	0	0	0	1	0	0	0	0	0	0	0	0	0	0	1	0	0	0	0	0	0	0	0	0	0	0	0	0	0	0	0	0	1	0	0	0	0	0	0	0	0	0	0	0	0	0	0	0	0	0	0	0	0	0	0	1	0	0	0	0	0	0	0	0	1	0	0	0	1	0	1	0	0	0	0	0	0	0	0	0	0	0	0	0	0	0	0	0	0	0	0	1	0	0	0	0	0	0	0	0	0	0	0	0	0	0	0	0	0	0	0	0	0	0	0	0	0	1	0	0	0	0	0	0	0	0	0	0	0	0	0	1	0	2	0	0	0	0	0	0	0	0	0	0	0	0	0	0	0	0	0	1	0	0	0	0	0	0	0	0	0	0	0	0	0	0	0	0	0	0	1	0	0	0	0	0	0	0	0	0	0	0	0	0	0	0	0	0	0	0	0	0	0	0	0	0	0	0	0	0	0
A[Ins(C):R6]T	0	0	0	0	0	0	0	0	0	0	0	0	0	0	0	0	0	0	0	0	0	0	0	0	0	0	0	0	0	0	0	0	0	0	0	0	0	0	0	0	0	0	0	0	0	0	13	0	0	1	0	0	0	0	0	0	1	0	0	0	0	0	0	0	0	0	0	0	0	0	0	0	0	0	0	0	0	0	0	0	0	0	0	0	0	0	0	0	0	0	0	0	0	0	0	0	0	0	0	0	0	0	0	0	0	0	0	0	0	0	0	0	0	0	0	0	0	0	0	0	0	0	0	0	0	0	0	0	0	0	1	0	0	0	0	0	0	0	0	0	0	0	0	0	0	1	0	0	0	0	0	1	0	0	0	1	0	0	0	1	0	1	0	0	0	0	0	0	0	0	0	0	0	0	0	0	0	0	0	0	0	0	0	0	0	0	0	0	0	0	0	1	0	0	0	0	0	0	0	0	0	0	0	0	0	0	1	0	0	0	0	0	0	0	0	0	0	0	1	0	0	0	0	0	0	0	0	0	0	0	0	0	0	1	1	0	0	0	0	1	0	0	0	0	0	1	0	0	0	0	0	0	0	0	0	0	0	0	1	0	0	0	1	0
A[Ins(C):R7]A	0	0	1	1	0	0	0	0	1	0	0	1	0	0	0	0	0	0	0	1	0	0	1	0	0	0	0	0	0	0	0	0	0	0	0	0	0	0	0	0	1	0	1	1	0	0	93	0	0	3	1	0	0	0	1	0	0	0	0	0	1	1	0	0	0	0	0	0	0	1	1	0	0	0	0	0	0	0	0	0	0	0	0	0	1	0	0	1	1	0	0	0	0	1	0	0	0	0	0	0	0	0	0	0	0	0	0	0	0	0	0	0	1	0	1	0	0	0	0	2	0	2	0	0	0	0	1	1	0	0	1	0	0	0	2	1	1	2	1	0	0	0	0	0	0	0	0	1	1	2	1	0	0	1	0	0	0	1	0	0	0	1	0	1	0	3	0	0	0	1	1	0	1	0	1	1	1	1	6	0	1	4	0	0	0	0	0	0	1	0	0	0	0	0	0	0	0	1	1	0	0	3	0	1	0	0	0	0	0	0	0	2	1	0	0	1	0	0	0	0	0	0	1	1	0	0	0	0	0	2	0	0	3	0	2	0	3	0	2	0	0	0	0	0	1	1	1	1	0	0	0	1	0	0	1	1	0	1	0	1	1	0	0	0
A[Ins(C):R7]G	0	0	0	0	0	0	0	0	0	0	0	0	0	0	0	1	0	0	0	0	0	0	0	0	0	0	0	0	0	0	0	0	0	0	0	0	0	0	0	0	0	0	0	0	0	0	27	0	0	0	0	0	0	0	0	0	0	0	0	0	0	0	0	0	0	0	0	0	0	0	0	0	0	0	0	0	0	0	0	0	0	0	0	0	0	0	0	0	0	1	0	0	0	0	0	0	0	0	0	0	0	0	0	0	0	0	0	0	0	0	0	0	0	0	0	0	0	0	0	0	1	1	0	1	0	0	1	1	0	0	0	0	0	0	0	0	0	0	0	0	0	0	0	0	0	0	0	0	0	0	0	0	0	0	1	0	0	0	0	0	0	1	0	0	0	0	0	0	0	0	0	0	0	0	0	0	0	1	1	0	0	0	0	0	0	1	0	2	0	0	0	0	0	0	0	0	0	0	0	0	0	0	0	0	0	0	0	0	0	0	0	0	0	0	1	0	0	0	0	0	0	0	0	0	0	0	0	0	0	1	0	0	0	0	0	0	0	0	0	0	0	0	0	0	0	0	0	0	0	0	0	1	0	0	1	0	0	0	0	0	1	1	0	0
A[Ins(C):R7]T	0	1	0	0	0	0	0	0	1	0	0	0	0	0	0	0	0	0	0	0	0	0	0	0	0	1	0	0	0	0	0	0	0	0	0	0	0	0	0	0	0	0	0	0	0	0	18	0	0	0	0	0	0	0	0	0	0	0	0	0	0	0	0	0	0	0	0	0	0	0	0	0	0	0	0	0	0	0	0	0	0	0	0	0	0	1	0	0	0	0	0	0	0	0	0	0	0	0	0	0	2	0	0	0	0	0	0	0	0	0	0	1	0	0	0	0	0	0	0	0	0	0	0	0	0	0	0	0	0	0	0	0	0	0	0	0	0	0	1	0	1	0	0	0	0	0	0	0	0	0	0	0	0	0	0	0	0	1	0	1	0	1	0	0	0	0	1	0	0	0	0	0	0	0	0	0	0	0	0	0	0	0	0	0	0	0	0	0	0	0	0	0	0	0	0	0	0	1	0	0	0	0	0	0	1	0	0	0	0	0	0	1	0	0	1	0	0	0	0	0	0	0	0	0	0	0	0	0	0	1	0	0	0	0	0	0	0	0	0	0	0	0	0	0	0	0	0	0	0	0	0	0	0	0	0	0	1	0	1	0	0	0	0	1
A[Ins(C):R8]A	0	0	1	0	0	0	0	0	0	0	0	0	0	0	0	0	1	1	0	0	0	0	0	0	0	0	0	0	0	0	0	0	0	0	0	0	0	0	0	0	1	0	0	0	2	0	50	0	0	0	0	0	0	0	0	0	0	0	0	0	0	2	0	0	0	0	0	0	0	0	0	0	0	0	0	0	1	0	1	0	0	0	0	0	0	0	0	0	0	0	0	0	0	0	0	0	0	0	0	0	0	0	0	0	1	0	0	0	0	1	0	0	0	1	0	0	0	0	0	0	0	0	0	0	0	0	0	2	0	0	0	1	1	0	4	0	3	0	0	0	0	1	0	0	0	1	0	0	1	0	0	0	2	0	0	1	0	0	0	2	0	2	0	0	0	0	0	0	0	1	0	0	1	0	0	0	0	0	4	0	1	0	0	0	0	0	0	1	0	0	0	0	1	0	0	0	0	1	0	0	1	1	0	0	0	1	0	0	0	0	0	2	0	0	0	0	0	1	0	1	0	0	1	0	0	0	0	1	1	1	0	0	0	2	0	0	1	1	0	1	0	0	0	1	0	0	0	0	0	0	0	0	0	0	0	1	1	0	1	0	0	1	0	0
A[Ins(C):R8]G	0	0	0	0	0	0	0	0	0	0	0	0	0	0	0	0	0	0	0	0	0	0	0	0	0	0	0	0	0	0	0	0	0	0	0	0	0	0	0	0	0	0	0	0	0	0	2	0	0	0	0	0	0	0	0	0	0	0	0	0	0	0	0	0	0	0	0	0	0	0	0	0	0	0	0	0	0	0	0	0	0	0	0	0	0	0	0	0	0	0	0	0	0	0	0	0	0	0	0	0	0	0	0	0	0	0	0	0	0	0	0	0	0	0	0	0	0	0	0	0	0	0	0	0	0	0	0	0	0	0	0	0	0	0	0	0	0	0	0	0	0	0	0	0	0	0	0	0	0	0	0	0	0	0	0	0	0	0	0	0	0	0	0	0	0	0	0	0	0	0	0	0	0	0	0	0	0	0	0	0	0	0	0	0	0	0	0	0	0	0	0	0	0	0	0	0	0	0	0	0	0	0	0	0	0	0	0	0	0	0	0	0	0	0	0	0	0	0	0	0	0	0	0	0	0	0	0	0	0	0	0	0	0	0	0	0	0	0	0	0	0	0	0	0	0	0	0	0	0	0	0	0	0	0	0	0	0	1	0	0	0	0	0	0
A[Ins(C):R8]T	0	0	0	0	0	0	0	0	0	0	0	0	0	0	0	0	0	0	0	0	0	0	0	0	0	0	0	0	0	0	0	0	0	0	1	0	0	0	0	0	0	0	0	0	0	0	9	0	0	0	1	0	0	0	0	0	0	0	0	0	0	0	0	0	0	0	0	0	0	0	0	0	0	0	0	0	0	0	0	0	0	0	0	0	0	0	0	0	0	0	0	0	0	0	0	0	0	0	0	0	0	0	0	0	0	0	0	0	0	0	0	0	0	0	0	0	0	0	0	0	0	2	0	0	1	0	0	0	0	0	0	0	0	0	1	0	0	0	1	1	0	0	0	0	0	0	0	0	0	0	0	0	0	0	0	0	0	0	0	1	0	0	0	0	0	0	0	0	0	0	0	0	0	0	1	0	0	0	1	0	0	0	0	0	0	0	0	1	0	1	0	0	0	0	0	0	0	0	0	0	0	0	0	0	0	0	0	0	0	0	0	0	0	0	2	1	0	0	0	0	0	0	0	0	0	0	0	0	0	0	0	1	2	0	0	0	0	1	0	0	0	0	0	0	0	0	0	0	0	0	0	0	0	0	0	0	0	0	1	0	0	0	0	0
A[Ins(C):R(9,)]A	0	0	0	0	0	0	0	0	0	0	0	0	0	0	0	0	0	0	0	0	0	0	0	0	0	0	0	0	0	0	0	0	0	0	0	0	0	0	0	0	0	0	0	0	0	0	0	0	0	0	0	0	0	0	0	0	0	0	0	0	0	0	0	0	0	0	0	0	0	0	0	0	0	0	0	0	0	0	0	0	0	0	0	0	0	0	0	0	0	0	0	0	0	0	0	0	0	0	0	0	0	0	0	0	0	0	0	0	0	0	0	0	0	0	0	0	0	0	0	0	0	0	0	0	0	0	0	0	0	0	0	0	0	0	0	0	0	0	0	0	0	0	0	0	0	0	0	0	0	0	0	0	0	0	0	0	0	0	0	0	0	0	0	0	0	0	0	0	0	0	0	0	0	0	0	0	0	0	0	0	0	0	0	0	0	0	0	0	0	0	0	0	0	0	0	0	0	0	0	0	0	0	0	0	0	0	0	0	0	0	0	0	0	0	0	0	0	0	0	0	0	0	0	0	0	0	0	0	0	0	0	0	0	0	0	0	0	0	0	0	0	0	0	0	0	0	0	0	0	0	0	0	0	0	0	0	0	0	0	0	0	0	0	0
A[Ins(C):R(9,)]G	0	0	0	0	0	0	0	0	0	0	0	0	0	0	0	0	0	0	0	0	0	0	0	0	0	0	0	0	0	0	0	0	0	0	0	0	0	0	0	0	0	0	0	0	0	0	0	0	0	0	0	0	0	0	0	0	0	0	0	0	0	0	0	0	0	0	0	0	0	0	0	0	0	0	0	0	0	0	0	0	0	0	0	0	0	0	0	0	0	0	0	0	0	0	0	0	0	0	0	0	0	0	0	0	0	0	0	0	0	0	0	0	0	0	0	0	0	0	0	0	0	0	0	0	0	0	0	0	0	0	0	0	0	0	0	0	0	0	0	0	0	0	0	0	0	0	0	0	0	0	0	0	0	0	0	0	0	0	0	0	0	0	0	0	0	0	0	0	0	0	0	0	0	0	0	0	0	0	0	0	0	0	0	0	0	0	0	0	0	0	0	0	0	0	0	0	0	0	0	0	0	0	0	0	0	0	0	0	0	0	0	0	0	0	0	0	0	0	0	0	0	0	0	0	0	0	0	0	0	0	0	0	0	0	0	0	0	0	0	0	0	0	0	0	0	0	0	0	0	0	0	0	0	0	0	0	0	0	0	0	0	0	0	0
A[Ins(C):R(9,)]T	0	0	0	0	0	0	0	0	0	0	0	0	0	0	0	0	0	0	0	0	0	0	0	0	0	0	0	0	0	0	0	0	0	0	0	0	0	0	0	0	0	0	0	0	0	0	0	0	0	0	0	0	0	0	0	0	0	0	0	0	0	0	0	0	0	0	0	0	0	0	0	0	0	0	0	0	0	0	0	0	0	0	0	0	0	0	0	0	0	0	0	0	0	0	0	0	0	0	0	0	0	0	0	0	0	0	0	0	0	0	0	0	0	0	0	0	0	0	0	0	0	0	0	0	0	0	0	0	0	0	0	0	0	0	0	0	0	0	0	0	0	0	0	0	0	0	0	0	0	0	0	0	0	0	0	0	0	0	0	0	0	0	0	0	0	0	0	0	0	0	0	0	0	0	0	0	0	0	0	0	0	0	0	0	0	0	0	0	0	0	0	0	0	0	0	0	0	0	0	0	0	0	0	0	0	0	0	0	0	0	0	0	0	0	0	0	0	0	0	0	0	0	0	0	0	0	0	0	0	0	0	0	0	0	0	0	0	0	0	0	0	0	0	0	0	0	0	0	0	0	0	0	0	0	0	0	0	0	0	0	0	0	0	0
G[Ins(C):R0]A	0	0	0	0	0	0	2	0	0	0	0	0	0	0	0	0	1	1	0	0	0	0	1	0	0	0	0	0	0	0	0	0	0	1	0	0	0	0	0	0	0	0	1	0	0	0	1	0	1	1	0	0	1	0	1	0	0	0	0	1	0	0	0	0	0	0	0	0	0	1	0	0	0	0	0	0	0	0	0	0	0	0	0	0	2	1	0	0	0	1	1	2	0	0	3	0	0	0	0	0	0	0	0	0	0	0	0	0	0	0	0	0	0	0	0	1	0	0	0	0	0	0	0	1	0	0	0	0	0	2	73	0	0	0	1	0	0	1	0	0	1	0	0	0	0	1	0	0	0	0	0	0	0	0	3	0	0	0	2	0	5	0	0	0	1	0	0	0	0	1	2	0	4	0	0	1	0	0	0	0	0	0	0	0	0	0	0	0	0	0	0	1	0	0	0	0	0	0	1	1	1	0	0	0	0	0	0	2	0	0	0	1	1	2	0	0	0	1	0	0	0	0	0	0	0	0	0	0	0	0	0	0	1	0	5	0	0	0	3	0	0	0	0	1	0	0	0	0	1	0	0	0	0	0	0	0	1	0	1	0	0	0	0	0
G[Ins(C):R0]G	0	0	0	1	0	0	0	0	0	0	0	0	1	1	0	0	0	0	0	0	0	0	0	0	0	0	0	0	0	0	0	0	0	0	0	0	0	0	0	2	0	0	0	0	0	0	2	0	1	0	0	1	0	0	0	0	0	0	0	0	0	0	1	0	0	0	0	0	0	0	0	0	0	0	0	0	0	0	0	0	0	0	0	0	0	0	0	0	0	1	0	0	0	0	0	0	0	2	0	0	0	1	0	0	0	0	0	0	0	0	0	0	1	0	1	0	0	0	0	0	0	0	0	1	0	0	0	0	0	0	0	0	0	1	0	0	0	1	0	0	0	0	1	0	0	0	0	0	0	0	0	0	1	0	0	1	0	0	0	0	0	0	0	0	0	0	1	0	0	0	0	0	1	1	0	0	1	0	0	1	0	0	0	0	0	0	1	1	1	0	0	0	0	0	1	0	0	0	0	0	0	0	0	0	1	0	1	0	0	0	0	0	0	0	0	0	0	0	0	0	0	0	0	0	0	2	0	0	0	0	0	0	0	0	1	0	0	0	1	0	0	0	0	1	1	0	0	0	0	0	0	0	0	0	0	0	0	1	1	0	0	0	0	0
G[Ins(C):R0]T	0	0	0	0	0	0	0	1	0	0	2	0	0	0	0	0	1	0	0	0	0	0	0	0	0	0	0	0	0	0	0	0	0	0	1	1	0	1	3	0	1	0	0	0	0	0	0	0	0	1	0	1	0	0	0	1	1	0	1	0	0	0	0	0	1	0	0	1	0	0	0	0	0	0	0	0	0	0	0	0	0	1	0	0	0	0	1	0	0	1	0	0	0	1	1	0	1	1	0	0	0	0	0	0	0	0	0	1	0	0	0	0	1	0	1	0	0	0	0	1	0	0	0	0	1	0	0	0	0	1	7	0	1	0	3	0	0	1	0	0	0	1	0	0	0	0	0	0	0	1	0	0	0	1	0	0	0	0	0	0	0	0	0	0	0	0	0	0	0	0	0	1	1	0	0	0	0	1	0	0	0	0	1	0	0	0	1	0	0	0	0	0	0	0	0	0	0	0	1	0	0	0	2	0	2	0	0	0	1	0	0	0	0	0	1	0	1	0	0	0	0	1	1	2	0	0	0	0	0	0	1	0	0	1	0	0	0	0	0	0	0	0	0	1	0	2	0	0	0	1	0	0	0	0	1	0	0	2	1	1	0	0	0	0
G[Ins(C):R1]A	0	1	0	1	0	0	1	0	0	0	0	0	0	0	1	0	0	2	1	0	0	0	1	0	2	2	0	1	0	0	0	1	0	0	0	0	0	0	0	0	1	0	0	0	0	0	1	0	0	1	0	2	0	1	1	0	0	0	0	1	0	0	0	0	0	0	0	1	0	0	0	0	0	0	0	0	0	0	0	1	0	2	1	0	0	0	0	1	0	0	0	0	0	0	0	1	0	0	0	0	0	0	0	1	0	0	2	0	1	1	0	0	1	0	1	0	2	1	0	0	1	0	0	2	1	1	2	0	0	0	22	0	1	2	0	0	0	0	0	0	0	1	0	0	0	1	1	0	1	0	2	1	1	0	1	0	0	0	0	0	0	0	1	1	1	0	1	1	0	1	0	0	2	0	0	1	0	0	0	0	0	0	1	0	0	0	0	0	0	0	0	1	0	0	0	0	0	1	0	0	1	0	0	0	0	0	0	0	0	0	1	1	0	2	0	0	0	0	0	0	0	0	1	1	0	0	0	0	2	0	0	0	0	1	0	0	1	0	1	0	0	0	0	1	1	0	0	0	0	0	0	1	0	0	0	0	0	0	0	0	1	0	0	0
G[Ins(C):R1]G	0	0	0	0	0	0	0	0	0	0	0	0	0	0	0	0	0	1	0	0	0	0	0	0	0	0	0	0	0	0	0	0	0	0	0	0	0	0	0	0	0	0	0	0	0	0	0	0	0	0	0	0	0	0	0	1	0	0	0	0	0	0	0	0	0	0	0	0	0	0	0	0	0	0	0	0	0	0	0	0	0	0	0	0	0	0	0	0	0	0	0	0	0	0	0	0	0	0	0	0	0	0	0	0	0	0	0	0	0	0	0	0	0	0	0	0	0	0	0	0	0	0	0	0	0	0	0	0	0	0	1	0	0	0	0	0	1	0	0	0	0	0	0	0	0	1	0	0	0	0	0	0	0	0	0	0	0	0	0	0	0	0	0	1	0	0	0	0	0	0	0	0	0	0	0	0	0	1	0	0	0	0	0	0	0	0	0	1	0	0	0	0	0	0	0	0	0	0	0	0	0	0	0	0	0	0	0	0	0	0	1	0	0	0	0	0	0	0	0	0	0	0	0	0	0	0	0	0	0	0	0	0	0	0	0	0	0	0	0	0	0	0	1	0	0	0	0	0	0	0	0	0	0	0	0	0	0	0	0	0	0	0	0	0
G[Ins(C):R1]T	0	0	0	0	0	0	1	0	0	0	0	0	1	0	0	0	0	0	0	0	0	0	0	0	0	0	2	1	0	0	0	1	0	0	0	1	0	0	2	1	0	0	1	0	0	0	2	0	0	2	0	0	0	0	1	0	0	0	0	0	0	0	0	0	1	0	0	1	0	0	0	1	0	0	0	0	0	0	0	0	0	1	1	0	1	2	2	0	0	0	0	0	0	0	0	1	1	0	0	0	0	0	1	0	0	0	0	0	0	0	0	0	0	0	2	0	0	1	0	0	0	0	3	1	0	0	0	0	0	1	4	0	0	0	0	0	0	2	0	0	0	0	1	0	0	1	0	0	1	1	0	0	0	1	0	0	1	0	0	0	1	0	0	0	1	0	0	0	0	1	0	0	3	0	0	2	0	1	2	2	1	0	0	0	0	0	1	0	0	0	0	0	0	0	0	0	0	1	0	0	1	0	0	0	2	2	1	1	0	0	1	1	0	0	0	0	2	1	0	0	0	0	1	1	0	0	0	0	0	0	0	0	1	1	1	0	1	0	0	0	0	0	0	1	1	0	0	0	1	0	0	2	0	0	0	0	1	0	1	1	1	0	0	0
G[Ins(C):R2]A	0	0	0	0	0	0	0	0	0	0	0	0	0	0	0	0	0	0	0	0	0	0	0	0	0	1	1	0	0	0	0	0	0	0	0	0	0	0	1	1	0	0	0	1	0	0	1	1	1	1	0	0	0	1	1	0	0	0	0	0	0	1	1	0	0	0	0	0	0	0	0	0	0	1	0	0	0	0	0	1	0	0	0	0	0	0	1	1	2	0	0	0	0	0	0	1	1	0	0	0	0	0	0	0	0	0	0	0	0	0	0	0	0	0	1	0	0	0	0	0	0	0	1	0	0	0	0	0	0	0	1	0	0	0	0	0	0	0	0	0	0	0	0	0	0	0	0	0	0	0	0	0	0	0	0	0	1	0	0	0	0	0	0	0	0	0	0	0	0	0	0	0	1	0	0	1	0	0	0	0	1	0	0	0	0	0	0	0	0	0	0	0	0	0	0	0	0	1	0	0	0	0	1	0	0	2	0	0	0	0	0	0	1	0	0	0	0	0	0	0	0	0	0	0	0	0	0	0	1	0	0	0	0	1	1	0	0	0	0	0	0	0	0	0	0	0	0	0	0	0	0	0	0	0	0	0	0	0	0	2	0	1	0	0
G[Ins(C):R2]G	0	0	0	0	0	0	0	0	0	0	0	0	0	0	0	0	0	0	0	0	0	0	0	0	0	0	0	0	0	0	0	0	1	0	1	0	0	0	0	0	0	0	0	0	0	0	0	2	0	0	0	0	0	0	0	0	0	0	0	0	0	0	0	0	0	0	1	0	0	0	0	0	0	0	0	0	0	0	0	0	0	0	0	0	0	0	0	0	0	0	0	0	0	0	0	0	0	0	0	0	0	0	0	0	0	0	0	0	0	0	0	0	0	0	0	0	0	0	0	0	0	1	0	1	0	0	0	0	0	0	1	0	0	0	1	0	0	0	0	0	0	0	0	0	0	0	1	0	0	0	0	0	0	0	0	0	0	0	0	1	0	0	0	0	0	0	0	0	0	0	0	0	0	0	0	0	0	0	0	0	0	1	0	0	0	0	0	0	0	0	0	0	0	0	0	0	0	0	0	0	0	0	0	0	0	0	0	0	0	0	0	0	0	0	0	0	0	0	0	0	0	0	0	0	1	0	0	0	0	0	0	0	0	0	0	0	0	0	0	0	0	0	0	0	0	0	0	0	0	0	0	0	1	0	0	0	0	1	0	1	0	0	1	0
G[Ins(C):R2]T	0	0	0	0	1	0	0	0	0	0	0	0	0	0	0	0	0	0	0	0	0	0	0	0	0	1	0	0	0	0	0	0	0	0	0	0	0	1	0	1	0	0	0	0	0	0	2	0	1	0	0	0	0	1	0	1	0	1	0	0	0	0	0	0	0	0	0	1	0	0	1	0	0	0	0	0	0	0	0	0	0	0	0	1	0	0	1	0	0	0	0	0	1	0	0	0	0	0	0	0	0	0	1	0	0	0	0	0	0	0	0	1	0	0	0	0	0	0	0	0	0	0	0	0	0	0	0	0	0	1	4	0	0	0	0	0	0	0	0	0	0	0	0	0	0	0	1	1	0	1	0	0	0	0	0	0	0	0	0	0	0	1	0	1	1	0	0	0	0	0	0	0	0	0	0	0	0	1	0	0	0	0	0	0	0	0	0	0	0	0	0	1	0	0	0	0	0	0	0	0	1	0	1	1	0	0	1	0	0	0	0	1	0	1	0	0	1	0	0	0	0	0	0	0	0	0	0	0	0	0	0	2	0	0	0	0	1	0	0	0	0	0	0	0	0	0	0	0	0	1	1	1	0	0	0	0	0	0	0	0	0	0	0	0
G[Ins(C):R3]A	0	0	0	0	0	0	0	0	0	0	0	0	0	0	0	0	0	0	0	0	0	0	0	0	0	0	0	0	0	0	0	0	0	0	0	0	0	0	0	0	0	0	0	0	0	0	4	0	0	0	0	0	0	0	0	0	0	0	0	0	1	0	0	0	0	0	0	1	0	0	0	0	0	0	0	0	0	0	0	0	0	0	0	0	0	0	0	0	0	1	0	0	1	0	0	0	1	0	0	0	1	0	0	0	0	0	0	0	1	0	0	0	0	0	0	0	0	0	0	0	0	0	1	0	0	0	0	0	1	0	1	1	0	0	0	0	0	2	0	0	0	1	0	1	0	0	0	0	0	0	0	0	0	1	0	0	0	0	0	0	0	0	0	0	0	0	0	0	0	0	0	0	1	0	0	0	0	0	2	0	0	0	0	0	0	0	0	0	0	0	0	0	0	0	0	0	0	0	0	0	0	0	0	0	0	1	1	0	0	1	0	0	0	0	0	0	0	0	0	0	0	0	0	1	0	0	0	0	0	0	0	0	1	0	0	0	0	0	0	0	0	0	0	0	0	0	0	0	1	0	0	0	0	0	0	0	0	0	1	0	0	1	0	0
G[Ins(C):R3]G	0	0	0	0	0	0	0	0	0	0	0	0	0	0	0	0	0	0	0	0	0	0	0	0	0	0	0	0	0	0	0	0	0	0	0	0	0	0	0	0	0	0	0	0	0	0	3	0	0	0	0	0	0	0	0	0	0	0	0	0	0	0	0	0	0	0	0	0	0	0	0	0	0	0	0	0	0	0	0	0	0	0	0	0	0	1	0	1	0	0	0	0	0	0	0	0	0	0	0	0	0	0	0	0	0	0	0	0	0	0	0	0	0	0	1	0	0	0	0	0	1	0	1	0	1	0	1	0	0	0	0	0	0	0	0	0	0	0	1	0	0	1	0	0	0	0	1	0	0	0	0	0	0	0	0	0	0	0	0	0	0	0	0	0	0	0	0	0	0	0	0	0	0	0	0	1	1	0	0	0	0	1	0	0	0	0	0	0	0	0	0	0	0	0	0	0	0	0	0	0	0	0	0	0	1	1	0	0	0	0	0	0	0	0	0	0	1	0	0	0	0	0	0	0	0	0	0	0	1	0	0	0	0	0	0	0	0	0	0	0	0	0	0	0	0	0	0	0	1	0	1	0	0	0	0	0	0	0	0	0	0	0	0	0
G[Ins(C):R3]T	0	0	1	0	0	0	0	0	0	0	0	0	0	0	0	0	0	0	0	0	0	0	0	0	0	0	0	0	0	0	0	0	0	0	0	0	0	0	0	0	0	0	0	0	0	0	6	0	0	0	0	1	0	0	0	0	0	0	0	0	0	0	1	0	0	0	0	0	0	0	0	0	0	0	0	0	0	0	0	0	0	0	0	0	0	0	0	0	1	0	0	0	0	0	1	0	0	0	0	0	0	0	0	0	0	0	0	0	0	0	0	1	0	0	0	0	0	0	0	0	0	0	1	0	0	0	0	0	0	0	0	0	0	0	0	0	0	0	0	0	0	0	0	0	0	0	0	0	0	0	0	0	0	0	0	0	0	0	0	0	0	0	0	0	1	0	0	0	0	0	0	0	0	0	0	0	0	1	0	0	1	0	0	0	0	0	0	0	0	0	0	0	0	0	0	0	1	0	1	0	0	1	0	0	0	1	0	0	0	0	0	1	0	0	0	0	1	0	1	1	0	0	1	0	0	0	0	0	0	0	0	0	0	0	0	0	0	0	1	0	1	0	0	0	1	0	0	0	0	0	0	0	0	0	0	0	0	0	0	0	0	0	0	0
G[Ins(C):R4]A	0	1	0	0	0	0	0	0	0	0	0	0	0	0	0	0	0	0	0	0	0	0	0	0	0	0	0	0	0	0	0	0	0	0	0	1	0	0	0	0	0	0	0	0	0	0	31	0	0	0	0	0	1	0	0	0	0	0	0	0	0	1	0	0	0	0	0	0	1	0	0	0	0	0	0	0	0	0	0	0	0	0	0	0	0	1	0	0	0	0	0	0	0	0	0	0	0	0	0	0	0	0	0	0	0	0	1	0	0	0	0	1	0	0	0	0	0	0	0	0	0	0	0	1	0	0	0	1	0	0	3	0	0	0	0	1	1	0	0	0	0	0	0	0	0	0	1	0	1	0	0	0	1	0	0	0	0	1	0	0	0	0	0	0	0	0	0	0	0	0	0	0	1	0	0	0	1	0	0	1	1	1	0	0	0	0	0	0	0	0	0	0	0	0	0	0	0	0	0	0	0	1	0	1	0	0	0	0	0	0	0	0	0	0	0	0	0	0	0	0	0	0	0	0	0	0	0	0	1	0	0	0	0	1	0	0	0	0	0	0	1	0	0	0	0	0	0	0	0	0	0	0	0	0	0	0	0	0	0	0	0	0	0	0
G[Ins(C):R4]G	0	0	0	0	0	0	0	0	0	0	0	0	0	0	0	0	0	0	0	0	0	0	0	0	0	0	0	0	0	0	0	0	0	0	0	0	0	0	0	0	0	0	0	0	0	0	3	0	0	0	0	0	0	0	0	0	0	0	0	0	0	0	0	0	0	0	0	0	0	0	0	0	0	0	0	0	0	0	0	0	0	0	0	0	0	0	0	0	0	1	0	0	0	0	0	1	0	0	0	0	1	0	0	0	0	0	1	0	0	0	0	0	0	0	0	0	0	0	0	0	0	0	0	1	0	1	0	0	0	0	1	0	0	0	0	0	0	0	1	0	0	0	0	0	0	0	0	0	0	0	0	0	0	0	0	0	0	0	0	1	0	0	0	0	0	0	0	0	0	0	0	0	0	0	0	0	0	0	0	0	1	0	0	0	0	0	0	0	0	0	0	0	0	0	0	0	0	0	0	1	0	0	0	0	0	0	0	1	0	0	0	0	0	0	0	0	0	0	0	0	0	0	0	0	0	0	0	0	0	0	0	0	0	0	0	0	1	0	0	0	0	0	0	1	0	0	0	0	0	0	0	0	0	0	0	0	0	0	0	0	0	0	0	0
G[Ins(C):R4]T	0	0	0	1	0	0	0	0	0	0	0	0	0	0	0	0	0	0	0	0	0	0	1	0	0	1	0	0	0	0	0	0	0	0	0	0	0	0	0	0	0	0	0	0	0	0	12	0	0	0	1	0	0	0	0	0	0	0	0	0	0	0	0	0	0	0	0	0	0	0	0	0	0	0	0	0	0	0	0	0	0	0	0	0	0	0	0	1	1	0	0	0	0	0	0	1	0	0	0	0	0	0	0	0	0	0	0	0	0	0	0	0	0	0	0	0	0	0	1	0	0	0	0	0	0	1	0	0	0	0	0	0	0	0	0	0	0	0	0	0	0	0	0	0	0	0	0	0	0	1	0	0	0	1	0	0	0	0	0	0	0	0	0	0	0	0	0	0	0	0	0	0	0	0	0	0	0	0	0	1	0	0	0	0	0	0	0	0	1	0	0	0	0	0	0	0	0	0	0	0	1	0	0	0	0	0	1	0	0	0	0	0	0	0	1	0	0	0	1	0	0	0	2	0	0	0	0	0	0	1	0	0	0	0	0	0	0	0	0	1	0	0	0	0	0	0	0	0	0	0	0	0	0	0	0	0	0	0	0	0	1	0	0	0
G[Ins(C):R5]A	0	0	0	1	0	0	0	0	0	0	0	0	0	0	0	0	0	0	0	0	0	0	0	0	0	0	0	0	0	0	0	0	0	0	0	0	0	0	0	0	0	0	0	0	0	0	16	0	0	0	0	0	0	0	0	0	0	0	0	0	0	0	0	0	0	0	0	0	0	0	0	0	0	0	0	0	0	0	0	0	0	0	0	1	0	0	1	1	0	0	0	0	0	0	0	0	0	0	0	0	0	0	0	0	0	0	0	0	0	0	0	0	0	0	0	0	0	0	0	0	0	0	0	1	0	0	0	0	0	0	1	0	0	0	0	0	0	0	0	0	0	0	0	0	0	0	0	0	0	0	0	0	0	0	0	0	0	0	0	0	0	0	0	0	0	0	1	0	0	0	0	0	0	0	1	0	0	0	0	0	0	0	1	0	0	0	0	0	0	0	0	0	1	0	0	0	0	0	0	1	0	0	0	0	0	0	0	1	0	1	0	0	0	0	1	0	0	1	1	0	0	0	0	0	0	0	1	0	1	1	0	0	1	0	0	0	0	0	0	0	0	0	0	0	2	0	0	0	0	0	1	0	1	0	0	0	0	1	0	0	0	0	0	0
G[Ins(C):R5]G	0	0	0	0	0	0	0	0	0	0	0	0	0	0	0	0	0	0	0	0	0	0	0	0	0	0	0	1	0	0	0	0	0	0	0	0	0	0	0	0	0	0	0	0	0	0	6	0	0	0	0	0	0	0	0	0	0	0	0	0	0	0	0	0	0	0	0	0	0	0	0	0	0	0	0	0	0	0	0	0	0	0	0	0	0	0	0	0	0	0	0	0	0	0	0	0	0	0	0	0	0	0	0	0	0	0	0	0	0	0	0	0	0	0	0	0	0	0	0	0	0	0	0	0	0	0	0	0	0	0	2	0	0	0	0	0	0	0	0	0	0	0	0	0	0	0	0	0	0	0	0	0	0	1	0	0	0	0	0	0	0	0	0	0	0	0	0	0	0	0	0	0	0	0	0	0	0	0	0	0	0	0	0	0	0	0	0	0	0	0	0	0	0	0	0	0	0	0	1	0	0	0	1	0	0	0	0	0	0	0	1	0	0	0	0	0	0	0	0	0	0	0	1	0	0	0	0	0	1	0	0	0	0	0	0	0	0	1	1	1	0	1	0	0	0	0	0	0	0	0	0	0	0	0	0	0	0	0	0	0	0	0	0	0
G[Ins(C):R5]T	0	0	0	0	0	0	0	0	1	0	0	1	0	0	1	0	0	0	1	0	0	0	0	0	0	0	0	0	0	0	0	0	0	0	0	0	0	0	0	0	1	0	0	0	0	0	23	0	0	0	0	0	0	0	0	0	0	0	0	0	0	0	0	0	0	0	0	0	0	0	0	0	0	0	0	0	0	1	0	0	0	0	0	0	0	1	1	0	0	0	0	0	0	0	0	0	0	0	0	0	0	0	0	0	0	0	0	0	0	0	0	0	0	1	0	0	0	0	0	0	0	0	0	0	0	0	0	0	0	0	0	0	0	0	1	0	0	0	0	0	0	0	0	0	0	0	0	0	0	0	0	1	0	0	0	0	0	0	0	0	0	0	0	0	0	0	0	0	0	0	0	0	0	1	0	0	0	0	0	0	0	0	0	0	0	0	0	0	1	0	0	0	0	0	0	0	1	2	0	0	0	0	0	0	0	0	1	1	1	0	0	0	1	0	0	0	0	0	0	0	0	0	0	1	0	0	0	0	0	0	0	0	0	0	0	0	0	0	0	0	0	0	0	0	0	0	0	0	1	0	0	0	0	0	0	0	0	0	0	0	0	0	0	0
G[Ins(C):R6]A	0	0	0	0	0	0	0	0	0	0	0	0	0	0	0	1	0	0	0	0	0	1	0	0	0	0	0	0	0	0	0	1	0	0	0	0	0	0	0	0	0	1	0	0	0	1	34	0	0	0	0	1	0	0	0	0	0	0	0	0	0	0	0	0	0	0	0	0	0	0	0	0	0	0	0	0	0	1	0	0	0	0	0	0	1	1	0	0	0	0	0	0	0	0	1	0	0	0	0	0	0	0	0	0	0	0	0	0	1	0	0	0	1	0	0	0	0	0	0	0	0	0	0	0	0	0	0	0	0	0	1	0	0	0	0	0	0	0	0	0	0	0	0	1	0	2	0	0	0	0	0	0	0	0	0	0	0	0	0	1	0	0	0	0	1	0	0	0	0	1	0	0	0	0	0	0	0	0	0	0	0	0	1	0	0	0	0	0	0	0	0	0	0	0	1	0	0	1	0	0	0	0	0	1	0	1	0	0	0	1	1	0	0	0	0	0	0	0	0	0	0	0	0	0	0	0	1	0	0	0	0	0	1	1	3	0	1	1	0	0	0	0	0	2	0	0	1	0	0	0	0	2	0	0	1	0	0	0	0	0	2	0	0	0
G[Ins(C):R6]G	0	0	0	0	0	0	0	0	0	0	0	0	0	0	0	0	0	0	0	0	0	0	0	0	0	0	0	0	0	0	0	0	0	0	0	0	0	0	0	0	0	0	0	0	1	0	32	0	0	0	0	0	0	0	0	0	0	0	0	0	0	0	0	0	0	0	0	0	0	0	0	0	1	0	0	0	0	0	0	0	0	0	0	0	0	0	0	0	0	0	0	0	0	0	0	0	1	0	0	0	0	0	0	0	0	0	0	0	0	0	0	0	0	0	0	0	0	0	0	0	0	0	0	0	0	0	0	0	0	0	0	0	1	0	0	0	0	0	0	0	0	0	0	0	0	1	0	0	1	0	0	1	0	0	0	0	0	0	0	0	0	0	0	0	1	0	0	0	0	0	0	0	2	0	0	0	0	0	0	0	0	1	0	0	0	0	0	0	0	0	0	0	0	0	0	0	0	0	1	0	0	1	0	0	0	0	0	0	0	0	0	0	0	0	1	0	0	0	1	1	0	0	0	0	1	0	0	0	0	0	0	0	0	0	0	0	0	0	1	0	0	0	0	0	0	2	0	0	0	0	0	0	0	0	0	0	0	0	0	0	0	1	0	0
G[Ins(C):R6]T	0	0	0	0	0	0	0	0	0	0	0	0	0	1	0	0	0	0	1	0	0	0	0	0	0	0	0	0	0	0	0	0	0	0	0	0	0	0	0	0	2	0	0	0	0	0	36	0	0	0	0	0	0	0	0	0	0	0	1	0	0	0	0	0	0	0	0	0	0	0	0	0	0	0	0	0	0	1	0	0	0	0	0	0	0	0	0	1	1	0	0	0	0	0	0	0	0	0	0	0	0	0	1	0	0	0	0	0	0	0	0	1	0	0	1	0	0	0	0	1	1	1	0	0	0	0	0	0	0	0	0	0	0	0	0	0	0	0	0	0	0	0	0	0	0	1	0	0	0	0	0	1	0	0	0	0	0	0	0	1	0	0	0	0	0	0	0	0	0	0	0	0	0	0	0	0	0	0	0	0	0	0	0	0	0	0	0	0	0	0	0	0	0	0	1	0	0	0	0	0	0	0	0	0	0	0	0	0	0	0	0	0	0	0	1	0	0	0	0	0	0	0	0	0	0	0	0	1	0	0	0	0	0	0	0	0	0	0	0	0	0	0	0	0	1	0	0	0	0	0	0	0	0	0	1	0	0	0	0	0	0	0	0	0
G[Ins(C):R7]A	0	0	0	0	0	0	0	0	0	0	0	1	0	0	1	0	0	0	0	0	0	0	0	1	0	0	0	0	0	0	0	0	1	0	0	0	1	0	0	0	0	0	0	0	0	0	77	0	0	0	0	0	0	0	0	1	0	0	0	0	0	0	1	0	0	0	2	0	0	0	0	0	0	0	0	0	1	0	0	0	0	0	0	0	0	0	1	0	0	0	0	0	0	0	0	0	0	0	0	0	0	0	0	0	0	0	0	0	1	0	0	0	0	0	0	0	1	0	0	0	0	0	0	0	0	0	0	0	1	1	1	0	0	1	1	0	0	0	0	0	0	0	1	0	0	0	0	0	0	0	1	1	0	1	0	0	1	0	0	1	0	0	0	0	0	0	1	0	0	0	2	0	0	0	0	0	0	0	0	0	1	0	0	0	0	0	0	0	0	0	0	0	0	0	0	0	0	0	1	1	0	0	0	0	0	0	0	1	0	0	0	1	0	0	0	0	0	0	0	1	1	0	1	1	1	0	0	0	1	1	0	0	1	0	1	0	3	1	0	1	0	1	1	2	0	1	0	0	0	0	1	1	0	0	0	1	0	0	0	0	0	0	1	0
G[Ins(C):R7]G	0	0	0	0	0	0	0	0	0	0	0	0	0	0	0	0	0	0	0	0	0	0	0	0	0	0	0	0	0	0	0	0	0	0	0	0	0	0	0	0	0	0	0	0	0	0	32	0	0	1	0	0	0	0	0	0	0	0	0	0	0	0	1	0	0	0	1	0	0	0	2	0	0	0	0	0	0	0	0	0	0	0	0	0	0	0	0	0	0	0	0	0	0	0	0	0	0	0	0	0	0	0	0	0	0	0	0	0	0	1	0	0	0	0	0	0	0	0	0	0	0	0	0	0	0	0	0	0	0	0	0	0	0	0	1	0	0	1	0	0	0	0	0	0	0	0	0	1	0	0	0	0	0	0	1	0	0	0	0	0	0	0	0	0	1	0	0	0	0	0	0	0	0	0	0	0	1	0	0	0	0	0	0	0	0	0	0	0	1	0	0	0	0	0	0	0	0	0	0	0	1	0	0	0	0	0	1	0	0	0	0	0	0	1	2	0	0	0	0	0	0	0	0	0	0	0	0	0	0	1	0	0	0	0	0	0	1	0	0	0	0	0	0	0	0	0	0	0	0	0	0	0	0	0	0	1	0	0	0	0	0	0	0	0
G[Ins(C):R7]T	0	0	0	0	0	0	0	0	0	0	0	0	0	0	0	0	0	0	0	0	0	0	1	2	0	0	0	0	0	0	0	0	0	0	1	0	0	0	0	0	0	0	0	0	0	0	31	0	0	0	0	0	0	1	0	0	0	0	0	0	0	0	0	0	0	0	0	0	0	0	0	0	0	0	0	0	0	0	0	0	0	0	0	0	0	0	0	0	0	0	0	0	0	0	0	0	0	0	0	0	0	0	1	0	0	0	0	0	0	0	0	0	0	1	0	0	0	0	0	0	1	1	0	0	0	0	0	0	0	0	0	0	0	1	1	0	0	0	0	0	0	0	0	1	0	0	0	0	0	0	0	0	0	0	0	0	0	0	0	0	0	1	0	0	0	0	0	0	0	0	0	0	0	0	0	0	0	0	0	1	0	0	0	0	0	0	0	0	0	1	0	0	0	0	0	0	0	0	0	0	0	0	0	0	0	0	0	0	0	0	0	0	0	0	0	0	0	0	1	0	0	0	1	0	0	0	0	0	0	0	0	0	0	1	0	0	1	0	0	0	0	0	0	0	0	0	0	0	0	0	0	0	0	0	1	0	0	0	0	0	0	0	0	0
G[Ins(C):R8]A	0	0	0	0	0	0	0	0	0	0	0	0	0	0	0	0	0	0	0	0	0	0	0	0	0	1	0	0	0	0	0	0	0	0	0	0	0	1	0	0	0	0	0	0	0	0	42	0	0	0	0	0	0	0	0	0	0	0	0	0	0	0	0	0	0	0	0	0	0	0	0	0	0	1	0	0	0	0	0	0	0	0	0	0	0	0	0	0	1	0	0	0	0	0	0	0	0	0	0	0	0	1	0	0	0	0	1	0	0	1	0	0	0	0	0	0	0	0	1	0	2	1	0	0	0	0	0	0	0	0	1	1	0	0	1	0	1	0	0	0	0	0	0	0	1	0	0	0	0	0	0	0	0	0	0	0	0	0	0	0	0	0	0	0	0	0	0	1	0	1	0	0	0	0	0	0	1	1	0	0	0	1	0	0	2	0	0	0	0	0	0	0	0	0	0	0	0	1	0	0	0	0	1	0	0	0	0	1	0	0	0	0	0	1	1	0	0	0	0	0	0	1	0	0	0	0	0	1	0	0	0	1	1	1	1	0	0	0	0	0	0	0	0	0	0	0	0	0	0	2	1	1	0	0	0	0	0	0	0	0	0	0	0	0
G[Ins(C):R8]G	0	0	0	0	0	0	0	0	0	0	0	0	0	0	0	0	0	1	0	0	0	0	0	0	0	0	0	0	0	0	0	0	0	0	0	1	0	0	0	0	0	0	0	0	0	0	9	0	0	0	0	0	0	0	0	0	0	0	0	0	0	0	0	0	0	0	0	0	0	0	0	0	0	0	0	0	0	0	0	0	0	0	0	0	0	0	0	0	0	0	0	0	0	0	0	0	0	0	0	0	0	0	0	0	0	0	0	0	0	0	0	0	0	0	0	0	0	0	0	0	0	0	0	0	0	0	0	0	0	0	0	0	0	0	0	0	1	0	0	0	0	0	0	0	0	0	0	0	0	0	0	0	0	0	0	0	0	0	0	1	0	0	0	0	0	0	0	0	0	0	0	0	0	0	0	0	0	0	0	0	0	0	0	0	0	0	0	0	0	0	0	0	0	0	0	0	0	0	0	0	0	0	0	0	0	0	0	0	0	0	0	0	0	0	0	1	0	0	0	0	0	0	0	0	0	0	0	0	0	1	0	0	0	0	0	0	0	0	0	0	0	0	0	0	0	0	0	0	0	0	0	0	0	0	0	0	0	0	0	0	0	0	0	1
G[Ins(C):R8]T	0	0	0	0	0	0	0	0	0	0	0	1	0	0	0	0	0	0	0	0	0	0	0	0	0	0	0	0	0	0	0	0	0	0	0	0	0	0	0	0	0	0	0	0	0	0	19	0	0	0	0	0	0	0	0	0	0	0	0	0	0	0	0	0	0	0	0	1	0	0	0	0	0	0	0	0	0	0	0	0	0	0	0	0	0	0	0	0	0	0	0	0	0	0	0	0	0	0	0	0	0	0	0	0	0	0	0	0	0	0	0	0	0	0	0	1	0	0	0	0	0	0	0	0	0	0	0	0	0	0	0	1	0	0	0	0	0	0	0	0	0	0	0	0	0	0	0	0	0	0	0	0	0	0	0	0	0	1	1	0	0	0	0	1	0	0	0	0	0	0	0	0	0	0	0	0	0	0	1	0	0	0	0	0	0	0	0	0	1	0	0	0	0	0	0	0	0	0	0	0	0	0	0	0	0	0	0	1	0	0	0	0	0	0	0	0	0	0	0	0	0	0	1	0	0	0	0	0	0	0	0	0	0	0	0	0	0	0	0	0	0	0	0	0	0	1	0	0	0	0	0	0	0	0	0	0	0	0	0	0	0	0	0	0
G[Ins(C):R(9,)]A	0	0	0	0	0	0	0	0	0	0	0	0	0	0	0	0	0	0	0	0	0	0	0	0	0	0	0	0	0	0	0	0	0	0	0	0	0	0	0	0	0	0	0	0	0	0	0	0	0	0	0	0	0	0	0	0	0	0	0	0	0	0	0	0	0	0	0	0	0	0	0	0	0	0	0	0	0	0	0	0	0	0	0	0	0	0	0	0	0	0	0	0	0	0	0	0	0	0	0	0	0	0	0	0	0	0	0	0	0	0	0	0	0	0	0	0	0	0	0	0	0	0	0	0	0	0	0	0	0	0	0	0	0	0	0	0	0	0	0	0	0	0	0	0	0	0	0	0	0	0	0	0	0	0	0	0	0	0	0	0	0	0	0	0	0	0	0	0	0	0	0	0	0	0	0	0	0	0	0	0	0	0	0	0	0	0	0	0	0	0	0	0	0	0	0	0	0	0	0	0	0	0	0	0	0	0	0	0	0	0	0	0	0	0	0	0	0	0	0	0	0	0	0	0	0	0	0	0	0	0	0	0	0	0	0	0	0	0	0	0	0	0	0	0	0	0	0	0	0	0	0	0	0	0	0	0	0	0	0	0	0	0	0	0
G[Ins(C):R(9,)]G	0	0	0	0	0	0	0	0	0	0	0	0	0	0	0	0	0	0	0	0	0	0	0	0	0	0	0	0	0	0	0	0	0	0	0	0	0	0	0	0	0	0	0	0	0	0	0	0	0	0	0	0	0	0	0	0	0	0	0	0	0	0	0	0	0	0	0	0	0	0	0	0	0	0	0	0	0	0	0	0	0	0	0	0	0	0	0	0	0	0	0	0	0	0	0	0	0	0	0	0	0	0	0	0	0	0	0	0	0	0	0	0	0	0	0	0	0	0	0	0	0	0	0	0	0	0	0	0	0	0	0	0	0	0	0	0	0	0	0	0	0	0	0	0	0	0	0	0	0	0	0	0	0	0	0	0	0	0	0	0	0	0	0	0	0	0	0	0	0	0	0	0	0	0	0	0	0	0	0	0	0	0	0	0	0	0	0	0	0	0	0	0	0	0	0	0	0	0	0	0	0	0	0	0	0	0	0	0	0	0	0	0	0	0	0	0	0	0	0	0	0	0	0	0	0	0	0	0	0	0	0	0	0	0	0	0	0	0	0	0	0	0	0	0	0	0	0	0	0	0	0	0	0	0	0	0	0	0	0	0	0	0	0	0
G[Ins(C):R(9,)]T	0	0	0	0	0	0	0	0	0	0	0	0	0	0	0	0	0	0	0	0	0	0	0	0	0	0	0	0	0	0	0	0	0	0	0	0	0	0	0	0	0	0	0	0	0	0	0	0	0	0	0	0	0	0	0	0	0	0	0	0	0	0	0	0	0	0	0	0	0	0	0	0	0	0	0	0	0	0	0	0	0	0	0	0	0	0	0	0	0	0	0	0	0	0	0	0	0	0	0	0	0	0	0	0	0	0	0	0	0	0	0	0	0	0	0	0	0	0	0	0	0	0	0	0	0	0	0	0	0	0	0	0	0	0	0	0	0	0	0	0	0	0	0	0	0	0	0	0	0	0	0	0	0	0	0	0	0	0	0	0	0	0	0	0	0	0	0	0	0	0	0	0	0	0	0	0	0	0	0	0	0	0	0	0	0	0	0	0	0	0	0	0	0	0	0	0	0	0	0	0	0	0	0	0	0	0	0	0	0	0	0	0	0	0	0	0	0	0	0	0	0	0	0	0	0	0	0	0	0	0	0	0	0	0	0	0	0	0	0	0	0	0	0	0	0	0	0	0	0	0	0	0	0	0	0	0	0	0	0	0	0	0	0	0
T[Ins(C):R0]A	0	0	0	1	0	0	0	0	1	0	0	0	0	0	0	0	0	0	0	0	0	0	1	0	1	0	0	0	0	0	0	0	0	1	0	0	0	0	1	0	0	0	0	0	0	0	0	1	0	1	0	1	0	0	0	0	0	0	0	0	0	0	0	0	0	0	0	0	0	0	0	0	0	0	0	0	0	0	0	0	0	0	0	0	0	0	0	0	0	0	0	0	0	0	2	0	0	0	0	0	0	0	1	0	0	0	0	0	0	0	0	0	1	0	0	0	0	0	0	0	0	0	1	1	1	0	1	0	0	0	1	0	2	0	1	0	0	0	0	0	0	1	0	0	0	1	1	0	0	0	0	0	0	0	0	0	1	1	0	0	0	0	0	0	2	0	1	0	1	0	1	0	0	0	0	0	1	2	0	0	0	0	0	0	1	1	0	0	1	0	0	0	1	1	0	0	0	0	0	0	0	0	1	0	0	1	0	0	0	0	0	0	1	0	0	0	0	0	1	0	1	0	0	0	0	0	1	1	1	1	0	0	1	2	0	1	1	1	3	0	0	0	0	0	0	0	2	0	0	0	2	0	2	0	0	1	1	1	0	1	0	0	0	1
T[Ins(C):R0]G	0	0	0	0	0	0	0	0	0	1	0	0	0	0	0	0	0	0	0	0	0	0	0	0	0	0	0	0	0	0	0	0	0	0	0	0	0	0	0	1	0	0	0	0	0	0	0	0	0	0	0	0	0	0	0	0	0	0	0	0	0	0	0	0	0	0	0	1	0	0	0	0	0	0	0	0	0	0	0	0	0	0	0	0	0	0	0	0	0	0	0	0	0	0	0	0	0	0	0	0	0	0	1	0	0	0	0	0	1	0	0	0	0	0	0	1	0	0	0	0	0	0	0	0	0	0	0	0	0	1	0	0	1	0	1	0	0	0	0	0	0	0	0	0	1	1	0	0	0	0	0	0	1	0	0	0	0	1	0	1	0	0	0	0	0	0	0	0	0	0	1	0	0	0	0	0	0	0	0	1	1	3	0	1	2	0	0	0	0	0	0	0	0	0	0	0	1	0	0	0	0	1	0	0	1	0	0	0	0	0	0	0	0	0	0	0	0	1	0	0	0	0	0	0	0	0	0	0	0	0	0	0	0	0	1	0	1	0	0	0	0	0	2	1	0	0	0	0	0	0	1	0	0	0	0	0	1	0	0	0	0	0	0	0
T[Ins(C):R0]T	1	0	0	2	1	1	1	0	1	0	3	4	1	0	0	1	1	2	0	0	2	0	2	1	0	2	3	1	0	1	1	1	0	1	0	2	2	0	4	2	0	1	0	0	3	1	78	1	0	5	2	0	1	0	4	3	1	3	1	2	1	0	1	0	1	1	0	0	3	0	1	0	1	0	0	1	2	1	1	0	2	3	2	0	0	0	2	1	0	1	1	0	0	1	1	1	0	1	0	0	1	2	0	1	1	0	2	1	1	0	1	5	1	0	3	1	5	0	2	4	1	3	3	3	0	1	0	2	2	2	0	0	2	2	3	0	1	2	1	0	1	2	2	0	0	0	3	0	2	1	2	3	2	0	3	0	0	2	0	2	0	0	0	1	0	0	1	2	2	1	1	2	4	1	0	0	1	0	0	3	1	2	1	1	1	0	1	1	0	0	1	0	1	0	1	1	1	2	0	1	3	1	0	1	3	4	1	1	1	1	1	2	0	3	0	1	2	0	0	0	1	1	0	1	1	1	1	1	1	0	0	0	2	2	1	2	1	1	2	0	1	3	0	1	0	0	1	3	1	1	2	4	3	1	1	2	0	2	3	0	1	2	0	3
T[Ins(C):R1]A	0	0	1	0	0	0	0	0	0	0	0	0	0	0	0	0	1	0	0	0	0	0	0	0	0	0	0	0	0	0	0	0	1	0	0	1	1	0	1	0	1	1	0	0	0	0	1	0	1	0	1	0	0	0	1	0	0	1	1	0	0	1	0	0	0	0	0	0	1	0	0	0	0	0	2	0	0	1	0	0	0	1	0	1	0	0	0	1	0	1	0	3	0	0	1	0	0	0	3	0	0	0	0	0	0	0	0	0	0	0	0	0	1	0	0	0	0	0	0	0	0	0	0	0	0	0	0	0	1	1	0	0	0	0	0	0	0	1	0	0	2	2	0	0	1	0	3	1	0	0	0	0	0	0	0	1	0	0	0	1	0	0	0	0	1	0	0	0	0	1	0	1	1	0	0	0	1	0	0	0	0	0	0	1	0	0	0	2	1	0	0	0	0	0	0	0	0	1	0	0	0	0	0	0	1	0	0	1	0	1	0	0	0	1	1	0	0	0	0	0	0	0	1	0	0	0	0	0	1	2	0	0	1	1	2	0	0	1	0	0	1	0	0	1	0	0	0	0	0	0	0	2	0	0	0	1	0	0	0	1	1	0	0	1
T[Ins(C):R1]G	0	0	0	0	0	0	0	0	0	0	0	1	0	0	0	0	0	0	0	0	0	0	0	0	0	0	0	0	0	0	0	0	0	0	0	0	0	0	0	0	0	0	0	0	0	1	0	0	0	0	0	0	0	0	0	0	0	0	0	0	0	0	0	0	0	0	0	0	0	0	0	0	0	0	0	0	0	0	0	0	0	0	1	0	0	0	1	0	1	0	0	0	0	0	0	0	0	0	0	0	0	0	0	0	0	0	0	0	0	0	0	0	0	0	0	0	0	0	0	0	0	0	0	0	0	0	0	0	0	0	1	0	0	0	1	0	0	1	0	0	1	0	0	0	0	0	1	0	0	1	0	0	0	0	0	0	0	0	1	0	0	0	0	0	0	0	0	0	0	1	0	0	0	0	0	1	0	0	0	0	0	0	0	0	0	0	0	1	0	0	0	1	0	0	0	0	0	0	0	1	0	0	0	0	0	0	0	0	0	0	0	0	0	0	0	0	0	0	0	0	0	0	0	0	0	0	0	0	0	0	0	0	0	0	0	0	0	0	0	1	0	0	0	0	0	0	0	0	0	0	0	1	0	0	0	0	0	1	0	1	0	0	0	0
T[Ins(C):R1]T	1	0	1	0	0	0	0	1	1	0	1	1	0	0	1	0	1	0	0	1	2	1	0	0	2	1	0	0	0	0	0	0	2	0	1	1	0	0	1	1	1	0	0	2	0	1	5	0	1	2	0	0	0	0	0	1	2	1	0	0	0	0	0	0	0	0	1	0	0	0	1	0	0	0	0	0	1	0	0	0	0	1	0	0	0	0	0	2	0	0	0	0	0	0	0	1	0	0	0	0	2	1	0	2	0	0	1	0	0	0	0	1	0	0	1	3	1	0	0	1	0	0	0	0	1	2	0	0	1	1	1	0	0	0	1	0	0	0	0	2	1	0	0	0	0	1	0	0	0	0	1	1	1	1	1	0	1	1	1	2	0	0	0	1	0	0	0	1	0	1	2	1	2	0	1	2	1	0	0	0	1	0	0	0	0	0	2	1	1	0	0	0	0	1	0	1	0	0	4	1	1	0	0	0	1	1	0	0	1	0	0	0	0	0	0	0	6	0	3	0	1	0	3	1	3	0	2	0	0	0	0	0	1	0	1	2	1	1	1	2	0	1	0	0	2	0	1	3	1	1	0	4	1	0	1	1	1	1	0	0	0	4	0	0
T[Ins(C):R2]A	0	1	0	0	1	0	0	0	1	0	0	0	0	0	0	0	0	0	0	0	0	0	1	0	0	0	1	0	0	0	2	0	0	0	0	1	0	0	1	0	0	0	0	0	0	1	1	0	0	0	0	0	0	0	0	0	0	0	0	0	0	0	0	0	0	0	0	0	0	0	1	1	0	0	0	0	0	0	0	0	0	2	0	0	0	0	0	1	0	0	0	0	0	0	0	0	0	0	0	0	0	0	1	0	0	0	0	0	0	0	0	0	0	0	0	0	1	0	0	0	0	0	0	0	0	0	0	0	0	1	1	1	0	0	0	0	1	0	0	0	0	0	1	0	0	0	0	0	0	0	0	0	0	0	0	0	0	1	1	0	0	0	0	0	0	0	0	0	0	0	0	0	2	0	0	0	0	0	0	0	1	1	0	0	0	0	0	0	0	0	0	0	0	0	1	0	0	0	0	1	0	0	1	0	0	1	0	2	0	1	0	0	0	2	0	0	0	1	0	0	0	0	0	0	0	0	0	0	0	2	0	0	1	0	0	0	1	0	0	0	0	0	0	0	0	0	0	2	0	0	0	1	0	0	0	0	0	1	0	0	1	0	0	0
T[Ins(C):R2]G	0	0	0	0	0	0	0	0	0	1	0	0	0	0	0	0	0	0	0	0	0	0	0	0	0	0	0	0	0	0	0	0	0	0	0	0	0	0	0	0	0	0	0	0	0	0	1	0	0	0	0	0	0	0	0	0	0	0	0	0	0	0	0	0	0	0	0	0	0	0	0	0	1	0	0	0	0	0	0	0	0	0	0	0	0	0	0	1	0	0	0	0	0	0	0	0	0	0	0	0	0	0	1	0	0	0	0	0	0	0	0	0	0	0	0	0	0	0	0	0	0	0	0	0	0	0	0	0	1	0	0	0	0	0	0	0	0	0	0	0	0	0	0	0	0	1	1	0	0	0	0	0	0	0	0	0	0	0	0	0	0	0	0	0	0	0	0	0	0	0	1	0	1	0	0	0	0	0	1	1	0	0	0	0	0	0	0	0	0	0	0	0	0	0	0	0	0	0	0	0	1	0	0	0	0	0	0	1	0	0	0	0	0	0	0	0	0	0	0	0	0	0	0	0	0	0	0	0	1	1	0	0	0	0	0	0	0	0	0	0	0	0	0	0	0	0	0	0	0	0	0	0	0	0	0	0	0	0	0	1	0	0	0	0
T[Ins(C):R2]T	2	0	1	0	0	0	0	0	1	0	0	0	0	0	0	0	0	0	0	0	0	1	0	0	0	0	0	0	1	0	0	0	1	0	0	0	1	0	0	0	0	0	0	0	0	0	3	0	1	0	0	0	0	0	0	1	0	0	0	0	0	1	0	0	0	0	0	0	0	0	1	0	1	0	0	1	0	0	0	0	0	0	0	0	0	1	0	1	0	0	0	0	0	0	0	0	1	1	0	0	1	0	0	1	0	0	0	0	0	0	0	0	0	0	0	0	0	2	0	1	0	0	0	0	0	0	0	0	1	0	0	0	0	1	1	0	1	0	0	0	0	1	0	0	0	1	0	1	0	1	0	0	0	0	0	0	0	0	0	0	0	1	1	0	0	0	0	0	0	0	0	0	3	0	0	0	0	0	0	1	0	1	0	0	1	0	0	0	0	0	0	0	0	0	0	0	0	0	0	1	1	0	0	0	1	0	0	0	0	1	0	1	0	1	0	0	1	0	1	0	0	0	0	3	0	0	0	0	0	0	0	0	0	2	0	0	0	0	0	0	0	0	0	2	2	0	1	0	0	1	0	0	0	1	1	0	0	0	0	0	0	1	0	0
T[Ins(C):R3]A	0	0	0	0	0	0	0	0	0	0	0	0	0	0	0	0	0	0	0	0	0	0	0	0	0	0	0	0	0	0	0	0	0	0	0	0	0	0	0	1	0	0	0	0	0	0	4	0	0	0	0	0	0	0	0	1	0	0	0	0	0	1	0	0	0	0	1	0	0	0	0	0	0	0	0	0	0	0	0	0	0	0	0	1	0	0	1	0	0	0	0	1	0	0	1	0	0	0	0	0	0	0	0	0	0	0	0	0	0	0	1	0	0	0	0	0	0	0	0	1	0	0	0	0	0	0	0	0	1	0	1	0	0	0	0	0	1	0	0	0	0	0	0	0	0	0	0	0	0	1	0	2	1	1	0	0	0	1	0	0	0	0	0	0	1	1	1	0	0	0	0	0	0	0	0	1	0	0	0	0	0	0	0	0	0	0	0	0	1	0	0	0	0	0	0	0	0	1	0	0	1	0	0	0	0	0	0	0	0	0	0	0	0	0	0	0	0	0	2	0	1	0	0	0	0	0	0	0	0	0	0	0	0	0	0	1	0	2	0	1	1	0	0	0	2	0	0	0	1	0	0	0	0	0	0	0	0	0	0	0	0	0	0	0
T[Ins(C):R3]G	0	0	0	0	0	0	0	0	0	0	0	0	0	0	0	1	0	0	0	0	0	0	0	0	0	0	0	0	0	0	0	0	0	0	0	0	0	0	0	0	0	0	1	0	0	0	0	0	0	0	0	0	0	0	0	0	0	0	0	0	0	0	0	0	0	0	0	0	0	0	0	0	0	0	0	0	0	0	0	0	0	0	0	0	0	0	0	0	0	0	0	0	0	0	0	0	0	0	0	0	0	0	0	0	0	0	0	0	0	0	0	0	0	0	0	0	0	0	0	0	0	0	0	0	1	0	0	0	0	0	0	1	0	0	0	0	0	0	0	0	0	0	0	0	0	0	0	0	0	0	0	0	0	0	0	0	0	0	1	0	0	0	0	0	0	0	0	0	0	0	0	1	1	0	0	0	0	0	0	0	0	0	0	0	0	0	0	0	1	0	0	0	0	1	0	0	0	0	0	0	0	0	0	0	0	0	0	0	0	0	0	0	1	0	0	0	0	0	0	0	0	0	1	0	0	0	0	0	0	0	0	1	0	0	0	0	0	0	0	0	0	0	0	0	0	0	0	0	0	0	0	0	0	0	0	1	0	0	0	0	0	0	0	0
T[Ins(C):R3]T	1	0	0	1	0	1	0	0	0	0	0	0	0	0	0	0	0	0	1	0	0	0	0	0	0	0	0	0	0	0	0	0	0	0	0	0	0	0	1	0	0	0	1	0	1	1	9	0	0	0	0	0	0	0	0	0	0	0	0	0	0	0	0	0	0	0	0	0	1	0	0	0	1	0	0	0	0	0	1	1	0	0	0	0	0	0	0	1	0	0	0	0	0	0	0	1	0	0	0	0	0	0	0	0	1	0	0	0	0	0	0	0	0	0	2	1	0	1	0	0	0	1	0	1	0	1	0	1	0	2	1	0	0	0	0	0	0	0	0	0	0	0	1	0	0	0	0	0	0	1	0	1	1	0	0	0	0	0	0	0	0	0	0	0	1	0	0	0	0	0	0	1	0	0	1	0	1	0	1	0	0	0	0	2	0	1	0	0	0	0	0	0	0	0	0	0	0	0	0	1	0	0	0	0	1	1	0	2	1	0	0	0	0	0	1	0	0	1	0	0	0	0	0	0	0	1	0	1	0	0	3	0	0	0	1	0	1	0	0	0	0	0	0	1	0	0	0	1	0	0	1	1	0	0	0	0	0	1	0	0	2	1	0	0
T[Ins(C):R4]A	0	0	0	2	0	0	0	0	0	0	0	0	0	1	0	0	0	0	0	0	0	1	0	0	0	0	0	0	0	0	0	0	0	0	0	0	0	0	0	0	1	0	0	1	0	0	80	1	0	1	0	0	0	0	0	0	0	0	0	0	0	0	0	0	0	0	1	0	0	0	1	0	1	0	1	0	0	0	0	1	0	1	0	1	1	0	0	0	0	0	0	0	0	0	0	0	0	0	0	0	0	0	0	0	0	0	0	0	0	0	0	0	0	0	0	1	0	1	0	0	0	0	1	2	0	0	0	0	0	2	1	0	0	0	1	0	1	2	0	0	0	0	0	0	0	1	1	0	0	0	0	0	0	2	0	0	1	0	1	0	0	0	0	0	0	0	0	0	1	0	0	0	0	0	2	0	1	0	0	1	1	0	0	0	0	1	0	0	0	1	1	0	0	0	0	0	0	0	1	0	0	0	1	1	0	0	0	0	0	1	0	2	0	0	0	0	0	0	1	0	1	1	0	0	0	0	0	0	0	0	0	0	0	2	0	2	0	3	0	0	0	0	1	0	1	1	0	0	1	0	0	1	0	0	0	0	0	0	0	0	0	2	0	0
T[Ins(C):R4]G	0	1	0	0	0	0	0	0	0	0	0	0	0	0	0	0	0	0	0	0	0	0	1	0	0	0	0	0	0	0	0	0	0	0	0	0	0	0	0	0	0	0	0	0	0	1	5	0	0	0	0	0	0	0	0	0	0	0	0	0	1	0	0	0	0	0	0	0	0	0	0	0	0	0	0	0	0	0	0	0	0	0	0	0	0	0	0	0	0	0	0	0	0	0	0	0	0	0	0	0	0	0	1	0	0	0	0	0	0	0	0	0	0	0	0	1	0	0	0	0	1	0	0	0	0	0	0	0	0	0	0	0	0	0	0	0	0	0	0	0	0	0	1	0	0	0	0	0	0	0	0	0	0	0	0	0	0	0	0	0	0	0	0	0	1	0	0	0	0	0	0	0	0	0	0	0	0	0	0	0	0	0	0	0	0	0	0	0	0	0	0	0	0	0	0	0	0	0	0	0	0	0	0	0	0	0	0	0	0	1	0	0	0	0	0	0	0	0	0	0	0	0	0	0	0	0	0	0	0	0	0	0	0	0	0	0	0	0	0	0	0	0	0	0	0	0	0	0	0	0	0	0	0	0	0	1	0	0	0	0	0	0	0	0
T[Ins(C):R4]T	0	0	0	0	0	0	0	0	1	0	0	0	0	0	1	0	1	1	0	0	0	0	0	0	0	0	1	0	0	0	0	0	0	0	0	0	0	0	0	0	1	0	0	0	0	0	34	0	0	1	0	0	0	0	0	1	0	0	0	0	0	0	0	0	0	0	0	0	0	0	0	0	0	0	0	0	1	0	0	0	0	0	0	0	0	0	0	0	0	0	0	0	0	0	0	0	0	0	0	0	0	0	0	0	0	0	0	0	0	0	0	0	0	0	0	0	0	0	0	0	0	0	0	4	0	0	1	1	1	0	0	0	0	0	0	0	0	0	0	0	0	0	0	1	1	0	1	0	0	0	0	1	0	0	0	0	0	0	0	1	0	0	0	0	1	0	0	0	0	0	0	0	0	1	1	0	1	0	2	0	0	0	0	0	0	1	0	0	2	0	1	0	1	0	0	0	0	0	0	0	1	0	0	0	0	0	0	0	0	0	0	0	0	0	0	0	0	0	3	0	0	0	0	0	0	0	1	0	0	0	0	0	0	0	3	0	0	0	0	0	0	0	0	0	0	1	0	0	0	0	1	0	0	0	0	0	0	0	0	0	1	0	0	0
T[Ins(C):R5]A	0	0	0	0	0	0	0	0	0	0	0	0	0	0	0	0	0	0	0	0	0	0	0	0	0	0	0	0	0	0	0	0	0	0	0	0	0	0	0	0	0	0	0	1	0	0	31	0	0	0	0	0	0	0	0	1	0	0	0	0	0	0	0	0	0	0	1	0	0	0	0	0	0	0	1	0	0	0	0	0	0	0	0	0	0	0	0	0	0	1	0	0	0	0	0	0	0	0	0	0	1	0	0	0	0	0	0	0	0	0	0	0	0	0	0	0	0	0	0	1	2	0	0	1	0	0	0	0	1	1	3	0	0	0	0	0	0	1	0	0	0	0	1	1	0	0	0	0	0	0	0	0	0	0	0	0	0	1	0	0	0	0	0	0	0	0	0	0	0	0	0	0	0	0	0	0	0	0	0	1	0	0	0	1	0	0	0	0	0	0	0	0	0	0	0	0	0	0	0	0	0	0	0	0	0	1	0	0	0	0	0	0	0	1	0	0	0	0	1	0	0	1	0	0	0	0	1	0	0	0	0	0	0	0	0	0	0	0	2	0	0	0	0	0	1	0	0	0	0	0	0	0	0	1	1	0	0	1	0	0	0	0	0	0
T[Ins(C):R5]G	0	0	0	0	0	0	0	0	0	0	0	0	0	0	0	0	0	0	0	0	0	0	0	0	0	0	0	0	0	0	0	0	0	0	0	0	0	0	0	0	0	0	0	0	0	0	8	0	0	0	1	0	0	0	0	0	0	0	0	0	0	0	0	0	0	0	0	0	0	0	0	0	0	0	0	0	0	1	0	0	0	0	0	0	0	1	0	0	0	0	0	0	0	0	0	1	0	0	0	0	0	0	0	0	0	0	0	0	0	0	0	0	0	0	0	0	0	1	0	0	0	0	0	0	0	0	0	0	0	0	1	0	0	0	0	0	1	0	0	0	0	0	1	0	0	0	0	0	0	0	0	0	0	0	0	0	1	1	0	1	0	0	0	0	1	0	0	0	0	0	0	0	1	1	0	0	0	0	1	0	0	0	0	0	0	0	0	0	0	0	0	0	0	0	0	0	0	0	0	0	0	0	0	0	0	0	0	0	0	0	0	0	0	0	0	0	1	0	0	0	0	0	0	0	1	0	0	0	0	0	0	0	0	0	0	0	0	0	0	0	0	0	0	0	0	0	0	0	0	0	0	0	0	0	0	0	0	0	0	0	0	0	0	0
T[Ins(C):R5]T	0	0	0	1	0	1	0	0	0	0	0	1	0	0	0	0	0	0	0	0	0	0	0	0	0	0	0	0	0	0	0	0	1	0	0	0	0	0	0	0	2	0	1	0	1	0	38	0	0	0	0	0	0	0	0	0	0	1	0	0	0	0	0	0	0	0	0	0	0	0	0	0	0	0	0	0	0	0	0	0	0	0	0	0	0	0	1	0	0	0	0	0	0	0	0	0	0	0	0	0	1	0	0	0	0	0	0	0	2	0	0	0	1	1	0	1	0	0	0	0	0	0	0	6	1	0	1	0	0	0	0	0	0	0	1	0	0	1	1	0	1	0	0	1	0	0	0	0	0	0	1	0	0	1	1	0	0	0	0	0	0	0	0	0	0	0	0	0	0	0	0	0	0	2	0	0	0	0	1	0	0	0	1	1	0	0	0	0	0	0	0	0	0	0	0	0	1	1	0	0	0	0	2	0	0	0	1	0	0	0	0	0	0	0	0	0	0	1	1	0	0	0	0	2	0	0	0	0	0	0	0	1	0	0	0	0	1	0	0	0	0	0	0	0	1	0	0	0	0	0	0	0	1	0	0	0	1	0	0	0	0	0	0	0
T[Ins(C):R6]A	1	0	0	0	0	0	0	0	0	0	0	0	0	0	1	0	0	0	0	0	0	1	0	0	0	0	0	0	0	0	0	0	0	0	0	0	0	0	0	0	1	0	0	0	0	0	45	0	0	0	0	0	0	0	0	1	0	1	0	0	0	1	0	0	0	0	0	0	0	0	0	0	1	0	0	0	0	0	0	0	0	1	0	0	1	0	0	0	0	0	0	0	0	0	0	0	0	0	0	0	0	0	0	0	0	0	0	0	0	0	0	0	0	0	1	0	0	0	0	0	0	0	0	0	0	0	1	1	0	1	3	0	0	0	1	0	0	2	0	0	0	0	0	0	0	0	0	0	1	0	1	0	0	0	0	0	0	1	1	1	0	0	0	0	0	0	0	0	0	0	0	0	0	0	0	1	1	1	0	0	0	1	0	0	0	0	0	1	0	2	1	0	0	0	0	0	0	0	0	0	0	2	0	0	0	0	0	1	0	0	0	0	0	0	0	0	0	0	0	0	0	0	0	0	0	0	0	0	1	1	0	0	0	1	0	0	1	0	0	0	0	0	0	0	1	0	1	1	0	0	0	1	0	0	2	0	0	0	0	0	0	0	0	0
T[Ins(C):R6]G	0	0	0	0	0	0	0	0	0	0	0	0	0	0	1	0	0	0	0	0	0	0	0	0	0	0	0	0	0	0	0	0	0	0	0	0	0	0	0	0	1	0	0	0	0	0	11	0	0	0	0	0	0	0	0	0	0	0	0	0	1	0	0	0	0	0	1	0	0	0	0	0	0	1	0	0	0	0	0	0	0	0	1	0	0	0	1	0	2	0	0	0	0	0	0	0	0	0	0	0	0	0	0	0	0	0	0	0	0	0	0	0	0	0	0	0	0	0	0	0	0	0	0	0	0	0	0	0	0	0	0	0	0	0	1	0	0	0	0	0	0	0	0	0	2	0	0	0	0	0	0	0	0	0	0	0	0	0	0	0	0	0	0	0	0	0	0	0	0	0	0	0	0	0	0	0	0	0	1	0	0	0	0	0	0	0	0	0	0	0	0	0	0	0	0	0	0	0	0	0	0	0	0	0	0	0	0	0	0	0	0	0	0	0	0	0	0	0	0	0	0	0	0	0	0	0	0	0	0	0	0	0	0	0	1	0	0	0	0	0	0	0	0	0	0	0	0	0	0	0	0	0	0	0	0	0	0	0	0	0	0	0	0	0
T[Ins(C):R6]T	0	0	0	0	0	0	0	0	0	0	0	0	0	0	0	0	0	0	0	0	0	0	0	0	0	0	0	0	0	0	0	1	0	0	0	1	0	0	0	0	2	0	0	0	1	0	20	0	0	0	0	0	0	0	0	0	0	0	0	1	0	0	0	0	0	0	0	0	0	0	0	0	0	0	0	0	0	1	0	0	0	0	0	0	0	0	0	0	0	0	0	0	0	0	0	0	0	1	0	0	0	0	0	0	0	0	0	0	0	0	0	0	0	0	0	0	0	0	0	0	0	0	0	0	0	0	0	0	0	0	0	0	0	0	0	0	0	0	0	0	0	0	0	0	0	0	0	0	0	0	0	0	0	1	0	0	0	0	0	2	0	0	0	0	0	0	1	0	0	0	1	0	0	0	0	0	0	0	0	1	0	0	0	0	0	0	0	0	0	0	1	0	0	0	0	0	0	0	1	0	0	0	0	0	0	0	0	0	0	0	0	1	0	0	0	0	0	0	0	1	0	0	0	0	0	0	1	0	0	0	0	0	0	0	0	0	1	0	0	0	0	0	0	0	0	0	0	1	0	0	1	0	0	0	0	0	0	0	0	0	0	2	0	0
T[Ins(C):R7]A	0	0	0	0	0	0	1	0	0	1	0	0	0	0	0	0	0	0	0	0	0	0	0	0	0	0	0	0	0	0	0	0	0	0	0	0	0	0	0	0	1	0	0	0	0	1	90	0	0	1	0	0	0	0	0	0	1	0	0	1	0	0	0	0	0	0	0	0	0	0	0	0	0	0	0	0	1	0	0	1	0	0	1	0	0	0	0	1	0	1	0	0	0	0	1	1	0	0	1	0	0	1	0	1	0	0	0	0	0	0	1	1	1	0	0	0	1	0	0	0	1	0	0	0	0	0	2	0	0	0	1	0	0	0	1	0	0	0	0	0	0	0	1	0	1	0	0	0	0	0	1	0	0	0	1	0	0	0	0	6	1	1	0	0	0	0	0	0	0	0	1	0	1	0	0	1	0	2	0	0	0	0	0	0	0	1	0	0	0	0	0	1	0	0	1	0	1	0	0	0	0	2	1	0	0	2	0	0	0	2	0	0	0	0	2	0	0	0	0	1	0	0	1	1	0	0	0	0	0	0	0	0	0	0	1	0	1	0	0	1	1	0	0	0	0	0	0	0	0	0	1	0	0	0	0	0	0	1	0	0	0	0	0	0
T[Ins(C):R7]G	0	0	1	0	0	0	0	0	0	0	0	0	0	1	1	0	0	0	0	0	0	0	0	0	0	0	0	0	0	0	0	0	0	0	1	0	0	0	0	0	0	0	0	0	0	1	19	0	0	2	0	0	0	0	0	0	0	0	0	0	0	0	0	0	0	0	0	0	0	0	2	0	0	0	0	0	0	1	0	0	0	0	0	0	0	0	1	0	0	0	0	0	0	0	0	0	0	0	0	0	0	0	0	0	0	1	0	0	0	0	0	0	0	0	1	0	0	0	0	0	0	1	0	0	0	0	0	1	0	0	0	0	0	0	0	0	0	0	0	0	0	0	0	0	0	0	0	0	0	0	0	1	0	0	0	0	0	1	0	0	0	1	0	0	0	0	0	0	0	0	0	0	0	0	0	0	0	0	0	0	1	0	0	0	0	0	0	0	0	0	0	0	0	0	0	0	0	0	0	0	0	3	0	0	0	0	1	0	1	0	0	0	0	0	1	0	0	0	1	1	0	0	0	0	0	0	0	0	0	1	0	0	0	0	1	0	0	0	0	0	0	0	0	1	1	1	0	0	0	1	0	0	0	0	0	0	0	0	0	0	0	0	0	0
T[Ins(C):R7]T	0	0	0	0	0	0	0	0	0	0	0	0	0	0	0	1	0	0	0	0	0	0	0	0	0	0	0	0	0	0	0	0	0	0	0	0	0	0	0	0	1	0	0	0	0	0	24	0	0	0	0	0	0	0	0	0	0	0	0	0	0	0	0	0	0	0	0	0	0	0	0	0	0	0	0	0	0	0	0	0	0	0	0	0	0	0	0	0	0	0	0	0	0	0	1	0	0	0	0	0	0	0	0	1	0	0	0	0	0	0	0	0	0	0	0	0	0	0	0	0	1	0	1	1	0	0	0	0	0	0	0	0	0	1	0	0	0	0	0	0	0	1	0	0	0	0	1	0	0	0	0	1	0	1	0	0	1	0	0	0	0	0	0	0	0	0	0	0	0	0	0	0	0	0	0	0	1	0	0	1	0	0	0	0	0	1	0	0	0	0	0	0	0	0	0	0	0	0	0	0	0	0	1	0	0	0	0	0	0	1	0	0	0	1	0	1	0	0	2	0	0	0	0	1	0	0	0	0	0	0	0	0	0	0	1	0	1	0	0	0	0	0	0	0	0	0	0	0	0	0	0	1	0	0	1	0	0	0	0	0	0	1	0	0
T[Ins(C):R8]A	0	0	0	0	0	0	0	0	0	0	0	1	0	0	0	0	1	0	0	0	0	0	0	0	0	2	0	0	0	0	0	0	0	0	1	1	0	0	0	0	1	1	0	0	0	0	38	0	0	0	0	0	0	0	1	0	0	0	0	0	0	0	0	0	0	0	0	0	0	0	0	0	0	0	0	1	0	0	0	0	0	0	0	0	0	0	0	0	0	0	0	0	0	0	0	0	0	0	0	0	0	0	0	0	0	0	0	0	0	0	0	0	0	0	0	0	0	0	1	1	1	0	0	1	0	1	0	0	2	0	0	0	1	0	0	0	0	1	0	0	0	1	0	0	0	0	0	0	1	0	0	1	0	0	0	0	0	0	1	2	0	0	0	1	0	0	0	0	0	0	0	0	1	0	0	0	0	1	3	0	0	0	0	0	0	0	1	0	1	1	0	0	1	0	0	0	0	0	1	0	0	0	0	0	0	0	1	0	0	0	0	0	0	1	1	1	1	0	1	0	0	0	1	0	0	0	0	1	1	0	1	0	0	0	2	0	1	0	0	0	0	0	0	0	0	0	0	0	0	0	1	1	0	0	0	0	0	0	0	0	0	0	0	0
T[Ins(C):R8]G	0	0	0	0	0	0	0	0	0	0	0	0	0	0	0	0	0	0	0	0	0	0	0	0	0	0	0	0	0	0	0	0	0	0	0	0	0	0	0	0	0	0	0	0	0	0	4	0	0	0	0	0	0	0	0	0	0	0	0	0	0	0	0	0	0	0	0	0	0	0	0	0	0	0	0	0	0	0	0	0	0	0	0	0	0	0	0	0	0	0	0	0	0	0	0	0	0	0	0	0	0	0	0	0	0	0	0	0	0	0	0	0	0	0	0	0	0	0	0	0	0	0	0	1	0	0	0	0	0	0	0	0	0	0	0	0	0	0	0	0	0	0	0	0	0	0	0	0	1	0	0	0	0	0	0	0	0	0	0	2	0	1	0	0	0	0	0	0	0	0	0	0	0	0	0	0	0	0	0	0	0	0	0	0	0	0	0	0	0	0	0	0	0	0	0	0	0	0	0	0	0	0	1	0	1	1	0	0	0	0	0	0	0	0	0	0	0	0	0	0	0	0	0	0	0	0	0	0	0	0	0	0	0	0	0	0	0	0	0	0	0	0	0	0	0	0	0	0	0	1	0	0	0	0	0	0	0	0	0	0	0	0	0	0
T[Ins(C):R8]T	1	0	0	0	0	0	0	0	0	0	0	0	0	0	0	0	0	0	0	0	0	0	0	0	0	0	0	0	0	0	0	0	0	0	0	0	0	0	0	0	0	0	0	0	0	0	20	0	0	0	0	0	0	0	0	0	0	0	0	0	0	0	0	0	0	0	0	0	0	0	0	0	0	0	0	0	0	0	0	0	0	1	0	0	0	0	0	0	0	0	0	0	0	0	1	0	0	0	0	0	0	0	0	0	0	0	0	1	0	0	0	0	0	0	0	0	0	0	0	0	1	0	0	0	0	0	0	1	0	0	0	0	0	0	0	0	0	0	0	0	0	1	1	0	0	0	0	0	0	0	0	0	0	0	0	0	0	0	0	0	0	2	0	0	0	0	0	0	0	0	0	0	0	0	0	0	0	0	0	0	0	1	0	0	0	0	0	0	0	0	1	0	0	0	1	0	0	0	0	0	0	1	0	0	0	0	0	0	0	0	0	0	0	1	1	0	0	0	0	1	0	0	0	0	0	0	0	0	0	0	0	0	2	0	0	0	1	0	0	0	0	0	0	0	0	0	0	2	0	0	0	0	1	0	0	0	0	0	0	0	0	0	0	0
T[Ins(C):R(9,)]A	0	0	0	0	0	0	0	0	0	0	0	0	0	0	0	0	0	0	0	0	0	0	0	0	0	0	0	0	0	0	0	0	0	0	0	0	0	0	0	0	0	0	0	0	0	0	0	0	0	0	0	0	0	0	0	0	0	0	0	0	0	0	0	0	0	0	0	0	0	0	0	0	0	0	0	0	0	0	0	0	0	0	0	0	0	0	0	0	0	0	0	0	0	0	0	0	0	0	0	0	0	0	0	0	0	0	0	0	0	0	0	0	0	0	0	0	0	0	0	0	0	0	0	0	0	0	0	0	0	0	0	0	0	0	0	0	0	0	0	0	0	0	0	0	0	0	0	0	0	0	0	0	0	0	0	0	0	0	0	0	0	0	0	0	0	0	0	0	0	0	0	0	0	0	0	0	0	0	0	0	0	0	0	0	0	0	0	0	0	0	0	0	0	0	0	0	0	0	0	0	0	0	0	0	0	0	0	0	0	0	0	0	0	0	0	0	0	0	0	0	0	0	0	0	0	0	0	0	0	0	0	0	0	0	0	0	0	0	0	0	0	0	0	0	0	0	0	0	0	0	0	0	0	0	0	0	0	0	0	0	0	0	0	0
T[Ins(C):R(9,)]G	0	0	0	0	0	0	0	0	0	0	0	0	0	0	0	0	0	0	0	0	0	0	0	0	0	0	0	0	0	0	0	0	0	0	0	0	0	0	0	0	0	0	0	0	0	0	0	0	0	0	0	0	0	0	0	0	0	0	0	0	0	0	0	0	0	0	0	0	0	0	0	0	0	0	0	0	0	0	0	0	0	0	0	0	0	0	0	0	0	0	0	0	0	0	0	0	0	0	0	0	0	0	0	0	0	0	0	0	0	0	0	0	0	0	0	0	0	0	0	0	0	0	0	0	0	0	0	0	0	0	0	0	0	0	0	0	0	0	0	0	0	0	0	0	0	0	0	0	0	0	0	0	0	0	0	0	0	0	0	0	0	0	0	0	0	0	0	0	0	0	0	0	0	0	0	0	0	0	0	0	0	0	0	0	0	0	0	0	0	0	0	0	0	0	0	0	0	0	0	0	0	0	0	0	0	0	0	0	0	0	0	0	0	0	0	0	0	0	0	0	0	0	0	0	0	0	0	0	0	0	0	0	0	0	0	0	0	0	0	0	0	0	0	0	0	0	0	0	0	0	0	0	0	0	0	0	0	0	0	0	0	0	0	0
T[Ins(C):R(9,)]T	0	0	0	0	0	0	0	0	0	0	0	0	0	0	0	0	0	0	0	0	0	0	0	0	0	0	0	0	0	0	0	0	0	0	0	0	0	0	0	0	0	0	0	0	0	0	0	0	0	0	0	0	0	0	0	0	0	0	0	0	0	0	0	0	0	0	0	0	0	0	0	0	0	0	0	0	0	0	0	0	0	0	0	0	0	0	0	0	0	0	0	0	0	0	0	0	0	0	0	0	0	0	0	0	0	0	0	0	0	0	0	0	0	0	0	0	0	0	0	0	0	0	0	0	0	0	0	0	0	0	0	0	0	0	0	0	0	0	0	0	0	0	0	0	0	0	0	0	0	0	0	0	0	0	0	0	0	0	0	0	0	0	0	0	0	0	0	0	0	0	0	0	0	0	0	0	0	0	0	0	0	0	0	0	0	0	0	0	0	0	0	0	0	0	0	0	0	0	0	0	0	0	0	0	0	0	0	0	0	0	0	0	0	0	0	0	0	0	0	0	0	0	0	0	0	0	0	0	0	0	0	0	0	0	0	0	0	0	0	0	0	0	0	0	0	0	0	0	0	0	0	0	0	0	0	0	0	0	0	0	0	0	0	0
A[Ins(T):R0]A	2	1	0	1	0	1	0	1	1	1	1	1	0	0	1	2	2	2	0	1	3	3	2	1	1	1	3	0	3	0	0	1	0	0	3	10	1	0	6	2	1	3	0	0	0	1	38	2	2	1	0	0	1	0	0	6	1	1	0	0	2	3	1	1	3	0	2	0	3	2	0	0	3	1	1	1	1	1	2	0	0	1	0	1	2	6	2	1	0	2	0	1	0	0	4	1	2	1	1	2	0	1	2	2	1	0	1	0	3	2	0	4	1	2	4	7	2	4	4	2	3	7	1	4	4	2	2	6	7	0	3	4	7	2	9	0	5	3	4	2	4	9	3	1	3	4	4	8	1	4	1	4	2	0	4	3	5	3	4	7	1	4	1	1	6	3	8	1	0	1	2	6	8	2	2	3	3	3	6	4	3	5	2	2	1	2	2	4	2	2	4	2	0	1	1	0	0	2	5	2	2	1	3	0	0	5	3	7	0	1	6	4	2	4	2	2	3	1	5	2	2	3	4	3	1	4	0	1	2	1	0	2	8	5	8	2	2	5	4	3	6	5	1	1	3	0	0	3	0	0	4	12	3	0	4	3	3	4	5	5	4	6	0	1
A[Ins(T):R0]C	1	0	0	0	0	0	0	1	0	0	0	0	0	0	0	0	2	0	0	0	0	0	0	0	0	0	0	0	0	0	0	0	0	0	0	2	0	0	0	2	0	1	0	1	0	2	1	0	0	0	2	0	0	0	1	0	0	0	0	0	0	0	0	0	1	0	0	0	0	0	0	0	1	0	0	1	0	0	0	0	0	1	0	0	1	0	0	1	0	0	0	0	0	0	2	0	1	2	0	0	0	0	0	0	0	0	0	0	0	0	0	1	0	1	1	0	0	0	0	0	0	2	0	1	0	0	0	1	1	1	1	0	2	0	1	0	1	0	0	0	0	0	0	0	0	1	0	0	0	0	1	1	0	0	0	0	1	0	0	0	1	0	0	0	0	0	1	1	0	0	0	2	3	0	0	0	0	0	1	1	1	0	1	1	0	1	0	0	1	0	1	1	0	0	0	0	0	0	1	0	1	0	0	0	1	0	0	1	0	0	1	0	0	0	0	0	3	1	3	0	0	0	0	0	1	0	0	0	2	0	0	0	0	0	1	0	1	2	0	1	0	0	0	0	0	0	0	0	0	0	2	1	0	0	1	0	0	0	0	0	0	1	0	0
A[Ins(T):R0]G	0	1	0	0	0	0	0	0	0	0	0	1	1	1	1	1	0	1	0	0	2	0	0	0	0	0	0	0	0	2	0	0	0	0	0	3	1	0	1	1	0	0	0	0	0	0	11	1	0	0	0	0	1	0	0	0	0	2	0	0	3	0	1	0	0	0	0	0	3	0	0	1	0	0	0	1	0	0	0	0	0	0	0	0	2	1	0	0	1	3	0	0	0	1	3	0	0	0	1	0	0	1	0	1	1	0	0	0	1	1	0	2	0	0	1	1	1	2	1	2	0	1	2	0	0	1	1	0	0	0	9	0	2	0	0	0	0	2	0	0	0	2	0	1	2	1	0	1	1	1	1	0	1	0	2	0	2	1	0	0	0	0	1	0	0	1	0	1	0	1	1	1	2	0	1	1	1	0	2	1	0	1	0	0	1	0	0	1	0	0	0	4	0	0	1	0	0	1	1	1	0	0	0	1	1	1	1	0	0	1	0	0	1	0	0	0	1	0	0	0	0	0	0	1	1	0	0	0	0	1	0	1	0	1	2	1	2	0	1	0	0	0	0	0	2	0	0	0	0	0	0	2	0	0	0	1	0	0	1	0	3	1	0	0
A[Ins(T):R1]A	2	3	0	0	0	1	2	3	1	1	2	2	1	1	2	1	0	0	0	0	0	0	0	0	1	2	2	0	2	1	2	3	1	1	0	4	2	1	0	0	1	1	0	0	1	3	2	1	1	0	1	2	1	0	3	0	0	3	1	1	0	1	2	0	0	1	0	2	0	1	4	1	3	0	0	1	1	3	0	0	0	0	0	0	0	1	3	2	0	0	0	1	1	0	1	4	1	0	0	0	0	0	4	0	0	0	2	1	1	2	1	0	1	1	3	1	0	1	3	1	0	3	1	2	4	1	0	1	4	1	2	3	4	4	4	1	3	0	1	0	3	4	2	1	2	4	1	1	1	4	0	1	1	0	3	0	1	0	0	1	0	0	0	2	2	3	2	0	1	1	0	1	4	1	3	4	2	1	2	1	4	5	1	1	1	1	2	1	0	2	2	1	0	1	0	0	0	2	2	1	2	2	1	0	0	3	4	1	3	1	1	2	2	3	1	2	5	1	2	2	2	0	4	2	1	0	0	4	2	4	0	1	1	1	3	1	4	2	3	2	4	4	0	1	1	0	1	4	0	2	3	2	1	2	1	1	3	0	2	1	0	1	3	2
A[Ins(T):R1]C	1	0	1	0	0	1	0	0	0	0	0	0	0	1	0	0	1	0	0	2	0	0	1	0	0	0	0	0	2	1	2	0	0	0	0	2	1	1	2	1	2	1	1	0	0	1	0	0	0	1	0	0	1	0	0	1	2	1	0	0	0	1	1	0	0	0	1	0	1	0	1	1	0	0	0	0	0	0	0	0	0	2	0	0	0	1	0	0	0	1	0	0	1	0	3	0	1	0	0	1	1	0	0	1	0	1	1	0	1	1	0	0	0	1	1	0	1	1	1	0	1	0	0	0	2	1	0	0	0	0	1	0	0	0	2	0	0	1	0	1	0	1	0	0	1	1	1	0	0	0	2	0	0	0	1	0	2	0	0	0	0	0	0	0	1	0	1	0	0	0	0	0	3	0	0	1	0	0	0	0	1	1	0	1	0	0	0	0	0	2	0	0	0	0	0	0	1	1	0	0	1	1	0	0	0	2	0	4	0	0	0	1	0	1	0	0	1	0	1	0	2	0	0	2	0	2	0	0	1	1	1	0	1	0	1	0	1	1	1	1	0	2	1	0	4	0	0	0	0	1	1	0	0	0	0	2	0	0	0	0	0	2	1	1
A[Ins(T):R1]G	0	2	0	0	1	1	2	2	0	1	2	1	0	0	0	1	1	1	0	1	0	1	1	0	1	0	0	0	1	1	0	0	0	2	0	1	0	0	3	0	0	3	0	0	0	1	11	1	0	1	2	1	0	2	1	4	0	0	0	1	0	0	0	1	1	0	1	3	3	0	0	1	3	2	0	0	1	0	0	1	0	1	0	1	0	0	0	2	1	0	1	0	0	0	0	1	2	2	0	0	0	1	2	1	1	0	0	0	2	0	3	0	1	0	0	0	1	0	0	0	2	0	1	1	3	0	0	0	2	1	1	0	3	0	2	0	0	1	0	0	4	1	0	0	0	2	1	1	2	1	1	1	1	0	0	1	0	0	0	0	0	0	0	1	1	2	0	0	0	2	0	1	4	0	0	1	0	2	1	2	0	0	0	4	0	1	2	0	0	2	0	2	1	0	0	0	0	0	0	0	0	1	1	0	0	1	1	0	0	0	1	2	1	1	0	0	0	1	2	0	0	0	0	1	0	0	0	2	0	0	0	0	0	0	4	0	2	1	2	0	0	1	0	0	2	0	0	0	0	0	1	1	0	0	0	1	1	1	0	2	0	1	0	0
A[Ins(T):R2]A	1	1	0	2	1	2	0	1	1	0	0	0	1	0	0	2	0	0	0	0	0	1	0	1	0	0	0	0	1	0	0	0	0	1	0	0	0	0	0	0	1	3	0	0	1	0	16	1	2	0	3	0	0	0	0	1	0	0	0	1	0	0	1	1	0	0	0	2	2	1	0	0	2	0	2	1	1	1	0	0	0	1	1	0	0	0	0	0	3	2	0	0	0	0	0	0	0	1	1	1	0	0	1	0	0	0	0	0	0	1	2	1	2	0	1	0	0	0	2	1	1	0	0	0	3	0	0	5	0	1	1	1	0	0	1	0	1	2	0	0	0	0	0	0	0	1	1	0	2	2	0	1	1	0	2	0	1	0	1	2	1	0	1	0	1	0	0	0	1	0	1	1	1	1	2	1	2	1	3	2	0	4	0	1	0	1	2	0	0	0	0	0	1	0	0	1	0	0	3	2	3	1	0	0	0	0	0	2	3	0	2	4	1	1	1	0	0	0	0	1	2	0	0	0	0	1	0	0	0	1	0	0	0	2	2	1	1	1	2	0	1	0	1	2	1	0	0	0	0	0	2	1	0	0	1	0	3	0	0	2	1	1	0	0
A[Ins(T):R2]C	0	0	0	0	0	0	0	0	1	0	1	0	0	0	0	0	1	0	1	0	0	0	0	0	0	0	1	0	0	1	0	0	0	0	1	0	2	0	0	0	0	0	2	0	0	0	8	0	0	1	0	1	0	0	1	1	0	0	0	0	0	0	1	0	0	0	0	0	0	0	0	0	0	0	0	0	0	1	0	0	1	1	0	0	0	0	0	1	0	0	0	1	0	0	0	0	0	0	1	0	0	0	0	0	1	0	1	0	0	0	0	0	0	1	0	0	0	0	0	0	0	1	1	1	2	0	0	0	0	0	0	1	0	0	3	0	0	0	0	0	3	0	0	1	0	0	0	0	0	0	0	0	0	0	0	2	1	0	0	2	1	0	0	0	1	1	1	0	0	0	0	0	3	0	0	0	0	0	0	0	0	1	0	0	1	0	1	0	0	0	0	1	0	0	0	0	0	0	0	0	0	1	0	0	0	1	1	2	0	1	0	1	3	0	0	0	1	0	0	0	0	0	0	0	0	0	0	0	0	1	0	1	1	0	0	0	1	0	1	0	0	0	0	1	2	0	0	2	0	1	0	1	1	0	0	0	1	1	0	1	0	0	1	0
A[Ins(T):R2]G	0	1	0	0	0	1	0	0	0	0	0	0	1	0	1	1	0	0	0	1	0	0	0	0	0	1	2	0	1	1	0	2	1	2	2	3	1	0	0	1	1	0	1	0	0	1	23	2	0	1	0	1	0	0	0	0	0	1	0	1	1	1	0	0	0	0	0	2	0	0	1	0	1	0	0	1	1	1	1	1	0	0	1	0	0	1	2	0	0	0	0	0	0	1	0	0	0	0	0	0	1	0	0	0	0	0	0	0	0	0	0	0	0	0	1	0	1	0	0	0	0	1	0	1	0	0	0	0	0	1	1	0	0	0	2	0	0	1	0	0	0	1	1	1	0	1	1	0	0	0	1	1	0	0	0	0	1	0	0	0	0	0	0	0	3	0	0	0	1	1	1	2	5	0	0	2	0	2	0	0	0	0	0	0	0	1	1	1	0	2	1	0	0	0	0	1	1	0	1	0	0	2	0	0	0	0	1	0	0	0	0	1	0	0	2	0	1	0	2	1	0	0	0	0	2	0	0	0	1	0	0	0	2	1	2	2	1	0	1	1	1	2	1	0	1	0	0	1	0	0	3	0	0	0	0	1	0	0	0	1	2	1	1	0
A[Ins(T):R3]A	0	1	0	2	1	0	0	0	0	0	1	1	0	0	0	1	0	0	0	0	0	0	0	1	0	0	0	0	0	0	0	0	0	0	0	0	0	0	1	0	0	1	0	0	0	2	12	0	0	0	0	1	0	0	0	1	1	0	0	0	0	0	0	0	1	0	1	1	0	1	0	0	0	0	1	0	1	0	2	0	0	1	0	1	0	0	0	1	0	0	0	0	0	1	0	0	0	0	0	0	1	0	0	0	0	0	0	0	1	0	1	0	1	0	2	1	1	0	0	0	1	0	2	2	1	1	1	0	3	1	0	0	0	1	1	2	1	1	0	0	1	0	0	1	0	0	2	1	1	1	0	0	0	0	1	1	0	2	0	0	0	0	0	1	0	0	0	0	1	0	0	1	3	0	0	2	0	0	2	1	0	2	0	0	0	1	2	0	0	1	0	0	0	0	0	0	2	1	0	0	1	1	0	0	2	2	0	0	1	0	3	0	1	0	0	0	1	0	0	0	0	0	0	0	1	0	0	1	0	0	0	0	1	0	2	1	2	1	1	0	0	0	0	0	0	0	1	1	0	1	0	2	0	0	1	0	0	0	0	0	0	0	0	2
A[Ins(T):R3]C	0	0	1	1	0	0	0	0	0	0	0	0	0	0	0	0	0	0	0	0	0	0	0	0	0	0	0	0	0	0	0	0	2	1	0	0	0	1	0	0	0	1	0	0	0	1	11	0	0	0	1	0	0	1	0	0	0	0	0	0	0	1	0	0	0	0	0	0	0	0	0	0	1	0	0	0	0	1	0	0	0	1	0	0	0	0	0	0	2	1	0	0	0	0	0	0	0	0	0	0	1	0	0	0	0	0	1	2	1	1	1	0	0	0	1	0	0	0	1	0	1	1	0	0	0	0	0	0	1	0	0	0	2	0	0	0	0	1	0	0	1	0	0	0	1	0	0	1	0	0	0	1	0	0	0	0	0	0	1	0	0	0	0	0	1	0	0	0	0	0	1	0	1	0	0	0	0	0	0	0	0	0	0	0	0	0	0	0	0	0	0	1	0	0	0	1	0	0	0	0	1	0	0	0	0	0	0	0	0	0	0	0	1	1	0	0	0	0	1	0	0	0	0	0	0	0	0	0	0	0	0	0	0	0	0	0	0	0	1	0	0	2	0	0	0	0	0	0	0	0	0	1	0	0	0	0	0	0	0	0	1	0	1	0
A[Ins(T):R3]G	1	0	0	2	0	1	1	1	1	0	0	1	0	0	2	0	0	0	0	0	0	1	1	0	1	1	0	0	0	0	0	0	0	0	1	0	0	0	4	0	1	2	0	0	1	0	21	0	0	0	1	2	0	0	1	0	0	0	0	0	0	0	0	0	0	0	1	0	0	0	0	0	0	0	0	1	0	1	0	0	1	0	0	0	0	0	0	1	0	1	0	0	0	0	2	0	0	1	0	0	2	0	0	1	0	0	0	0	1	1	0	0	1	1	1	1	0	0	0	1	2	0	0	1	0	0	1	0	0	0	0	0	1	0	0	0	0	0	0	0	0	0	0	0	0	0	0	0	0	0	0	0	0	0	1	0	2	1	0	1	0	0	0	2	0	1	0	0	0	1	1	1	0	1	0	2	1	0	0	1	1	1	0	0	0	0	0	1	0	0	0	0	1	0	1	0	0	0	2	0	1	0	1	0	0	0	0	0	0	0	0	0	0	0	1	0	0	0	2	0	0	0	0	1	0	0	0	0	0	0	0	1	0	1	0	0	0	1	0	0	0	0	0	1	2	0	1	1	0	0	1	1	0	0	2	1	0	0	0	1	1	0	0	1
A[Ins(T):R4]A	2	1	0	0	0	0	0	0	0	0	0	2	1	0	0	0	0	0	1	0	0	0	0	2	0	0	1	0	0	0	0	0	1	0	1	1	0	0	0	0	0	0	0	0	1	1	64	0	0	0	0	0	0	0	0	0	0	1	0	0	0	0	0	0	0	0	1	0	0	0	0	0	0	0	0	0	0	1	0	0	0	1	0	0	0	0	2	0	1	0	0	0	2	0	0	0	0	0	0	0	0	1	0	0	0	0	1	1	1	2	0	0	1	0	0	0	0	1	0	0	0	1	1	0	1	0	0	2	0	0	0	1	0	0	1	0	1	1	0	0	1	1	2	0	0	0	4	0	0	0	0	4	1	1	0	0	2	0	1	2	0	0	0	0	0	0	1	0	1	2	0	0	0	0	0	0	1	2	1	1	4	1	0	0	0	2	0	1	0	0	1	0	0	0	0	0	0	1	2	1	0	2	0	0	1	5	0	1	0	3	0	1	0	2	2	1	2	1	2	0	0	1	0	0	0	0	1	0	3	0	0	0	2	0	3	0	0	0	0	2	0	0	1	0	2	0	0	0	0	0	2	0	1	0	1	1	0	0	1	0	2	1	0	0
A[Ins(T):R4]C	1	0	2	2	0	0	0	1	0	0	0	1	0	0	1	0	1	1	0	1	0	0	0	0	0	0	0	0	1	0	0	0	1	0	0	1	0	0	0	0	1	0	0	0	1	0	52	0	0	1	0	0	0	0	0	0	1	1	0	0	0	0	0	0	1	0	1	1	1	0	0	0	0	1	0	2	0	1	1	0	0	0	0	0	0	0	1	1	0	0	0	1	0	0	0	0	0	2	0	0	0	0	1	2	1	0	1	0	0	0	1	1	0	1	0	1	1	0	2	1	0	3	1	0	2	1	0	1	0	0	0	0	1	0	2	0	1	0	0	0	0	0	0	0	1	1	2	0	1	0	1	0	0	1	1	0	0	3	0	0	0	1	0	0	1	0	0	0	1	0	0	0	0	1	0	1	0	1	5	2	2	1	1	0	1	0	0	1	0	2	0	0	0	0	0	0	0	1	1	0	0	1	0	0	1	2	0	0	0	0	0	0	0	1	2	0	0	0	1	1	1	3	0	1	0	1	0	0	0	0	0	1	2	1	3	0	1	2	1	1	0	0	0	2	1	0	0	0	0	0	1	1	1	0	0	1	0	2	1	1	0	2	1	1
A[Ins(T):R4]G	0	1	0	3	1	0	1	1	0	0	0	2	0	0	2	1	1	0	0	0	0	0	0	0	1	0	0	1	0	1	1	0	1	1	0	1	0	0	0	0	3	2	0	0	0	1	47	0	0	1	0	1	0	0	0	1	0	0	0	0	0	1	2	0	0	0	3	0	0	0	0	0	2	0	2	0	1	0	0	0	1	2	0	0	1	0	0	3	0	0	0	1	1	0	0	0	0	0	0	0	2	2	0	0	2	2	0	0	0	1	0	0	0	3	0	0	0	2	0	2	0	0	0	0	0	0	0	1	1	0	1	0	0	0	1	0	1	0	0	0	1	0	0	0	0	0	1	0	2	0	0	1	0	0	0	0	3	1	0	0	1	0	0	0	0	1	0	0	0	0	0	1	2	0	0	0	0	2	1	3	1	0	0	0	0	1	0	3	0	0	0	1	0	0	0	0	0	2	1	0	2	1	1	0	1	1	0	0	0	0	0	0	2	0	0	1	1	1	0	3	0	1	0	0	1	1	0	0	1	2	0	0	0	4	1	0	1	0	1	1	0	0	0	0	1	1	0	0	2	2	1	0	1	0	2	1	0	1	3	1	0	1	0	0
A[Ins(T):R5]A	0	1	3	2	0	2	1	0	1	1	1	3	0	0	1	2	1	1	2	0	1	1	1	0	1	0	1	0	0	1	0	3	1	0	1	6	0	0	2	1	4	3	3	0	0	0	168	0	1	1	2	1	0	0	1	1	0	0	0	0	1	0	4	0	0	0	1	0	0	0	1	1	4	1	0	0	0	3	0	1	1	1	1	2	2	3	2	3	0	2	0	1	0	0	0	1	0	0	0	0	2	3	0	0	2	4	1	0	1	0	0	0	0	1	0	1	1	2	1	3	1	2	0	1	1	0	2	1	0	1	0	2	2	0	2	0	1	1	1	0	0	1	2	0	0	2	2	0	1	0	1	8	0	0	0	1	0	1	0	3	0	1	0	0	4	2	2	0	1	1	1	0	3	1	1	2	1	2	2	2	3	4	1	0	1	2	0	0	0	2	0	0	2	0	0	0	0	3	4	2	3	4	1	0	0	4	0	0	0	1	1	0	2	1	5	1	0	0	5	4	3	1	1	0	0	0	0	1	2	0	1	2	2	8	3	1	4	1	0	0	0	2	0	1	2	3	1	0	0	2	1	2	2	0	1	1	0	2	3	0	0	3	0	0
A[Ins(T):R5]C	2	0	4	2	2	1	0	1	2	1	3	2	3	1	0	4	2	0	2	0	0	1	1	1	0	2	2	0	1	1	0	1	1	1	2	1	0	0	0	1	4	3	1	0	2	2	115	1	0	2	3	1	1	0	2	1	0	0	0	1	2	3	2	1	0	0	2	0	0	0	2	1	1	1	1	1	1	0	1	0	0	1	2	1	3	1	0	2	1	0	0	1	0	0	0	0	0	1	0	0	4	3	0	0	4	1	0	1	1	0	0	1	0	3	0	3	2	1	3	2	1	7	1	3	0	0	0	2	0	1	2	2	2	1	8	0	1	2	1	0	0	2	1	0	2	3	2	0	0	1	2	6	1	0	1	0	3	1	0	4	1	0	0	1	2	0	2	1	1	0	1	0	4	1	0	3	1	2	2	6	0	2	1	3	0	2	0	2	1	1	0	2	1	1	0	1	2	2	3	4	1	2	2	1	1	4	0	3	0	2	2	4	1	3	4	5	2	1	7	4	1	1	3	0	0	1	0	0	0	0	0	0	2	4	8	2	6	2	1	0	2	2	2	4	5	5	0	3	0	2	2	0	2	0	1	4	0	4	1	1	0	2	0	1
A[Ins(T):R5]G	2	0	2	3	0	1	1	0	2	0	1	3	1	1	0	1	2	3	1	2	0	4	0	1	0	1	0	0	1	0	0	1	4	1	2	0	0	0	1	0	2	0	1	0	1	1	113	0	0	0	3	0	0	1	1	1	0	0	1	0	0	1	2	0	1	0	0	0	0	0	0	0	4	2	0	1	0	1	1	1	1	2	1	0	0	1	2	0	1	0	1	1	0	1	1	0	0	1	0	0	3	0	0	3	1	0	0	0	0	3	0	2	0	3	0	2	0	0	2	2	0	7	0	3	0	0	1	0	1	1	0	1	0	1	1	0	0	3	0	0	1	0	0	1	3	5	6	1	2	0	0	5	1	0	1	2	4	1	0	3	0	1	0	0	3	1	1	0	0	1	2	2	2	3	0	0	3	1	2	4	1	2	0	1	1	0	0	1	0	1	1	0	0	0	2	0	0	3	3	2	1	1	0	0	1	5	0	1	2	2	1	1	0	1	1	4	2	1	2	1	2	2	3	0	0	1	0	0	2	2	1	0	2	3	5	1	6	3	0	0	1	1	2	3	5	2	0	0	0	1	2	1	0	1	2	3	1	1	1	0	3	3	0	1
A[Ins(T):R6]A	2	0	6	3	2	5	0	0	4	1	3	5	0	2	2	2	2	0	1	4	2	2	2	2	1	1	1	1	1	4	0	1	4	1	2	6	2	0	0	1	1	1	1	1	1	4	297	0	2	2	2	3	0	1	2	3	0	0	2	0	4	2	3	4	1	0	3	1	0	0	3	0	5	2	4	0	6	7	1	0	0	1	1	2	5	1	0	2	3	4	0	1	2	1	1	2	1	2	0	2	9	0	2	3	6	1	2	5	1	1	2	2	2	9	1	5	1	0	0	3	8	10	1	4	5	2	2	0	2	1	2	3	4	2	11	2	1	6	1	0	1	1	3	2	4	3	6	2	2	0	1	11	0	2	2	1	10	3	2	10	0	5	3	0	9	2	4	1	0	3	3	3	3	3	1	3	0	3	3	5	3	7	0	2	1	4	1	1	0	4	1	1	0	0	1	2	1	5	5	4	2	6	1	2	2	8	1	3	1	6	0	3	3	8	6	4	3	2	8	5	3	3	2	8	2	1	0	4	6	1	0	2	4	4	6	2	10	4	1	4	2	1	1	3	5	5	0	5	2	2	1	3	2	2	0	4	1	6	3	0	2	11	3	1
A[Ins(T):R6]C	3	1	3	4	0	0	1	0	4	1	0	5	1	0	2	7	6	0	2	3	4	3	2	0	0	2	3	2	2	2	0	2	5	0	4	5	2	2	3	0	4	0	5	1	2	4	254	2	1	3	5	1	0	3	4	0	3	0	3	0	3	2	8	1	1	0	1	2	3	0	3	0	2	2	2	2	5	2	0	1	3	2	2	2	6	6	3	3	2	6	5	1	3	2	1	3	1	1	1	0	5	3	3	0	6	4	2	2	0	5	1	4	3	5	1	4	4	2	1	3	4	11	2	5	3	3	4	3	4	7	2	5	0	6	9	3	4	4	1	2	3	1	3	0	6	3	10	0	3	2	5	10	3	3	1	2	4	2	3	10	0	2	0	2	2	2	3	0	1	2	6	1	6	2	5	6	2	5	4	8	1	3	2	3	1	2	0	4	2	3	2	1	1	0	1	3	4	2	7	3	4	12	0	0	6	6	0	4	1	4	1	8	2	7	9	6	3	3	9	7	4	3	4	2	1	0	1	4	1	4	0	3	3	7	3	6	11	4	1	2	0	5	3	1	4	3	1	3	1	2	3	0	3	1	1	4	6	2	3	0	2	3	1	0
A[Ins(T):R6]G	4	1	3	1	0	6	0	3	3	4	2	6	1	3	4	4	3	2	4	3	0	2	0	2	0	3	1	4	1	2	0	3	4	0	1	11	0	1	0	1	3	0	3	2	2	4	386	1	0	7	4	1	1	2	4	0	3	0	1	0	5	7	4	1	2	1	1	2	1	1	1	0	8	3	0	0	1	4	4	0	2	2	0	4	6	1	4	1	1	3	2	1	2	1	0	3	1	1	0	0	7	6	3	2	4	2	3	2	0	1	2	6	2	1	2	4	4	5	2	6	6	12	4	2	2	0	2	4	3	0	1	3	4	2	8	1	2	1	0	1	3	4	3	0	1	5	8	1	4	1	4	10	3	1	4	5	5	5	6	10	0	4	1	1	4	3	6	1	1	2	3	0	5	1	3	1	2	5	9	5	5	6	2	6	0	3	0	1	5	5	0	1	1	0	0	0	2	1	8	6	2	8	4	4	2	7	1	2	0	3	2	5	7	4	10	7	0	4	12	6	6	2	4	2	0	1	0	2	5	3	3	2	2	13	7	6	13	10	1	3	1	3	2	2	17	8	1	1	0	3	4	8	4	0	3	5	1	5	6	1	2	9	5	3
A[Ins(T):R7]A	3	0	4	3	2	2	0	0	4	1	1	6	3	0	4	4	3	3	1	4	0	6	2	1	1	4	1	2	0	1	0	1	3	0	1	10	2	1	2	3	2	1	4	2	3	1	541	0	2	4	6	3	0	2	2	2	1	0	2	1	1	1	4	3	1	1	1	2	0	0	1	4	4	1	2	1	1	1	2	0	2	4	0	3	4	7	3	2	2	7	1	0	0	1	1	1	2	3	0	0	6	4	2	2	6	3	5	2	0	2	3	3	0	6	3	2	1	3	2	5	7	13	1	3	5	5	4	9	0	2	1	4	3	7	14	1	3	7	2	0	2	3	2	1	4	4	10	0	5	3	2	10	0	2	1	3	8	1	2	14	0	8	1	1	3	1	4	0	1	2	7	4	4	3	7	3	1	4	3	2	6	6	4	8	1	3	3	2	2	3	2	0	1	0	0	1	3	2	8	1	2	2	1	4	4	4	2	2	1	6	4	4	1	7	8	5	2	3	10	10	4	0	5	5	1	1	0	1	5	6	2	3	8	8	6	6	14	10	4	3	4	1	1	9	5	2	1	1	0	1	4	10	8	2	4	1	1	2	2	3	5	4	1	0
A[Ins(T):R7]C	3	3	7	7	1	0	3	0	3	0	3	7	0	1	3	3	0	2	3	3	1	4	1	0	1	3	2	2	1	6	2	3	1	0	2	12	3	0	3	1	6	0	4	2	5	5	369	1	1	3	4	2	1	3	6	0	1	1	2	1	1	3	5	2	2	0	4	2	2	0	3	2	3	3	1	3	6	5	2	1	0	2	1	2	8	3	4	3	4	4	0	2	1	0	2	0	0	1	3	1	4	3	4	2	4	1	0	1	3	8	2	2	1	4	2	2	3	3	2	5	6	7	4	4	6	3	2	4	2	1	3	6	3	4	4	2	5	1	1	0	1	2	4	2	4	5	9	1	3	0	3	5	2	3	2	1	6	5	4	9	0	4	0	2	3	7	5	0	1	3	7	3	2	0	1	3	3	3	8	8	3	1	4	6	1	1	1	2	3	4	1	3	3	1	2	1	2	7	9	6	3	7	1	1	4	4	0	9	1	4	4	7	1	6	8	5	2	1	7	8	3	1	4	2	0	1	1	4	5	6	2	5	8	7	4	1	7	5	3	4	1	2	1	10	8	4	0	2	0	0	2	4	3	1	3	6	1	7	5	0	6	5	6	5
A[Ins(T):R7]G	5	1	4	2	2	3	2	2	2	1	4	5	0	0	5	2	3	0	1	1	0	1	3	0	0	2	2	0	2	4	2	2	1	1	6	3	0	1	0	0	6	4	3	1	2	1	454	0	2	3	0	2	0	3	4	1	1	2	1	2	0	4	6	3	3	3	3	1	0	1	6	0	6	2	3	4	0	5	0	2	2	4	2	1	1	3	4	0	4	5	1	1	0	1	2	5	1	2	1	3	4	7	1	2	4	0	1	2	1	7	2	5	0	4	1	1	2	2	3	2	5	5	2	6	0	2	0	5	0	0	2	4	3	2	9	2	4	6	2	0	2	1	2	1	3	6	10	0	6	0	2	10	2	1	3	4	7	3	0	15	2	5	3	1	5	4	4	0	0	4	4	5	6	0	2	2	2	3	11	12	4	5	3	5	0	6	1	1	4	4	0	2	6	0	1	5	1	7	9	2	7	8	1	1	2	4	1	2	0	5	8	3	5	5	10	9	3	0	11	8	5	3	0	2	1	1	0	2	4	3	4	5	7	12	9	3	9	9	1	1	3	2	0	5	7	5	1	5	0	4	1	4	5	0	1	8	1	3	11	1	3	4	3	1
A[Ins(T):R8]A	1	1	2	7	1	1	1	3	2	4	1	5	2	1	3	2	0	5	1	5	3	3	2	3	1	1	2	1	2	1	1	0	1	0	0	6	1	0	5	0	9	4	7	1	6	10	589	2	1	8	3	1	1	0	6	2	0	1	2	3	7	5	6	2	0	3	2	0	1	2	3	2	4	1	2	1	2	8	2	2	1	2	1	2	1	1	6	3	3	2	0	4	0	0	0	2	1	2	0	0	6	4	3	1	7	6	0	1	4	3	1	3	3	4	2	3	4	2	4	3	6	12	4	4	2	3	5	4	3	3	2	10	1	6	14	1	7	6	2	1	0	3	4	3	4	9	10	0	4	2	4	11	0	2	3	1	9	3	4	14	1	12	2	0	4	8	4	1	0	2	4	2	8	4	7	0	5	5	13	9	8	2	2	6	1	1	1	3	2	4	0	2	4	0	5	0	1	2	8	4	6	5	4	1	3	8	3	2	1	3	6	3	0	5	9	4	5	3	13	7	4	2	3	3	0	1	1	5	1	9	1	4	9	10	8	2	12	10	1	1	2	4	1	4	7	7	2	7	0	3	5	6	3	1	4	12	3	5	4	2	3	8	0	1
A[Ins(T):R8]C	5	5	4	4	3	4	1	2	3	0	6	3	3	3	4	6	4	1	2	3	1	2	3	1	0	2	2	0	3	0	0	0	5	0	1	5	2	0	1	3	7	2	2	2	2	3	388	1	1	4	4	4	1	1	2	0	3	0	1	0	6	1	5	1	3	1	1	0	1	1	0	0	6	2	1	2	2	5	1	0	2	2	0	3	1	1	2	0	4	2	2	3	2	1	1	2	1	1	1	0	2	0	3	2	0	1	3	0	2	4	6	3	1	4	2	1	1	3	4	1	8	6	5	1	2	2	2	4	3	0	0	2	4	5	17	1	5	7	1	1	1	0	4	1	4	11	8	2	4	1	1	11	1	2	6	4	11	4	6	25	0	7	0	2	5	4	7	0	0	1	4	1	5	1	6	5	1	6	7	7	3	3	1	4	1	4	2	3	6	4	3	0	4	2	1	0	0	5	8	4	2	4	5	3	6	5	0	1	1	3	2	11	5	7	10	4	4	4	12	6	4	0	6	5	1	1	1	2	6	0	3	5	10	15	10	0	9	11	0	6	0	1	6	4	8	8	0	8	1	0	3	8	2	0	2	15	3	6	8	1	7	9	3	1
A[Ins(T):R8]G	2	4	4	6	1	1	0	2	2	1	0	7	4	2	5	5	3	2	1	0	4	1	0	4	1	3	2	0	1	0	1	1	4	0	1	6	1	1	3	2	1	0	1	0	5	4	479	1	3	7	2	5	1	0	1	2	2	0	1	0	4	1	7	1	3	1	5	0	3	2	1	1	8	2	1	2	3	5	3	0	0	3	1	2	1	4	5	2	1	4	0	6	0	1	2	1	3	0	1	1	3	1	1	3	4	0	3	3	0	2	1	6	3	7	2	2	3	1	3	5	7	10	3	3	4	3	4	2	1	0	3	5	5	3	7	0	8	3	2	0	4	2	5	1	5	7	8	0	12	2	2	10	2	2	5	3	9	2	4	18	0	13	1	4	3	2	5	1	1	2	1	0	5	3	6	6	5	6	11	3	3	3	2	8	1	2	3	1	4	4	1	3	4	0	3	0	1	5	5	2	10	9	3	1	2	9	3	1	0	3	4	9	0	8	8	6	2	2	8	9	5	3	6	4	3	1	0	3	6	2	3	7	8	12	6	1	7	6	5	3	3	2	0	4	12	8	0	9	0	1	4	6	7	2	4	7	1	6	4	0	4	7	5	3
A[Ins(T):R(9,)]A	0	0	0	0	0	0	0	0	0	0	0	0	0	0	0	0	0	0	0	0	0	0	0	0	0	0	0	0	0	0	0	0	0	0	0	0	0	0	0	0	0	0	0	0	0	0	0	0	0	0	0	0	0	0	0	0	0	0	0	0	0	0	0	0	0	0	0	0	0	0	0	0	0	0	0	0	0	0	0	0	0	0	0	0	0	0	0	0	0	0	0	0	0	0	0	0	0	0	0	0	0	0	0	0	0	0	0	0	0	0	0	0	0	0	0	0	0	0	0	0	0	0	0	0	0	0	0	0	0	0	0	0	0	0	0	0	0	0	0	0	0	0	0	0	0	0	0	0	0	0	0	0	0	0	0	0	0	0	0	0	0	0	0	0	0	0	0	0	0	0	0	0	0	0	0	0	0	0	0	0	0	0	0	0	0	0	0	0	0	0	0	0	0	0	0	0	0	0	0	0	0	0	0	0	0	0	0	0	0	0	0	0	0	0	0	0	0	0	0	0	0	0	0	0	0	0	0	0	0	0	0	0	0	0	0	0	0	0	0	0	0	0	0	0	0	0	0	0	0	0	0	0	0	0	0	0	0	0	0	0	0	0	0	0
A[Ins(T):R(9,)]C	0	0	0	0	0	0	0	0	0	0	0	0	0	0	0	0	0	0	0	0	0	0	0	0	0	0	0	0	0	0	0	0	0	0	0	0	0	0	0	0	0	0	0	0	0	0	0	0	0	0	0	0	0	0	0	0	0	0	0	0	0	0	0	0	0	0	0	0	0	0	0	0	0	0	0	0	0	0	0	0	0	0	0	0	0	0	0	0	0	0	0	0	0	0	0	0	0	0	0	0	0	0	0	0	0	0	0	0	0	0	0	0	0	0	0	0	0	0	0	0	0	0	0	0	0	0	0	0	0	0	0	0	0	0	0	0	0	0	0	0	0	0	0	0	0	0	0	0	0	0	0	0	0	0	0	0	0	0	0	0	0	0	0	0	0	0	0	0	0	0	0	0	0	0	0	0	0	0	0	0	0	0	0	0	0	0	0	0	0	0	0	0	0	0	0	0	0	0	0	0	0	0	0	0	0	0	0	0	0	0	0	0	0	0	0	0	0	0	0	0	0	0	0	0	0	0	0	0	0	0	0	0	0	0	0	0	0	0	0	0	0	0	0	0	0	0	0	0	0	0	0	0	0	0	0	0	0	0	0	0	0	0	0	0
A[Ins(T):R(9,)]G	0	0	0	0	0	0	0	0	0	0	0	0	0	0	0	0	0	0	0	0	0	0	0	0	0	0	0	0	0	0	0	0	0	0	0	0	0	0	0	0	0	0	0	0	0	0	0	0	0	0	0	0	0	0	0	0	0	0	0	0	0	0	0	0	0	0	0	0	0	0	0	0	0	0	0	0	0	0	0	0	0	0	0	0	0	0	0	0	0	0	0	0	0	0	0	0	0	0	0	0	0	0	0	0	0	0	0	0	0	0	0	0	0	0	0	0	0	0	0	0	0	0	0	0	0	0	0	0	0	0	0	0	0	0	0	0	0	0	0	0	0	0	0	0	0	0	0	0	0	0	0	0	0	0	0	0	0	0	0	0	0	0	0	0	0	0	0	0	0	0	0	0	0	0	0	0	0	0	0	0	0	0	0	0	0	0	0	0	0	0	0	0	0	0	0	0	0	0	0	0	0	0	0	0	0	0	0	0	0	0	0	0	0	0	0	0	0	0	0	0	0	0	0	0	0	0	0	0	0	0	0	0	0	0	0	0	0	0	0	0	0	0	0	0	0	0	0	0	0	0	0	0	0	0	0	0	0	0	0	0	0	0	0	0
C[Ins(T):R0]A	0	0	0	0	1	0	0	2	1	0	0	0	0	1	0	0	1	0	0	0	1	0	0	0	0	0	0	0	0	0	0	0	0	1	0	1	1	0	1	0	0	0	1	0	1	1	2	0	0	0	0	0	1	0	1	1	0	0	1	0	0	0	0	0	0	0	0	0	0	0	0	2	1	0	0	2	0	0	0	0	0	0	0	0	1	0	0	0	1	1	0	0	3	0	1	1	0	1	0	0	0	0	0	0	0	0	0	0	0	0	0	0	0	0	3	0	0	0	1	0	0	1	0	1	0	1	2	1	0	1	3	0	1	0	1	0	0	0	0	0	3	0	1	1	0	1	0	1	0	0	0	2	0	1	0	0	0	0	0	0	0	0	1	0	2	0	0	0	0	0	1	2	2	0	0	1	2	2	1	1	0	1	0	1	0	0	2	1	0	0	1	0	0	0	1	1	0	0	1	0	0	0	2	1	0	0	0	1	0	1	0	3	0	0	2	0	0	0	1	0	0	1	1	1	0	1	1	0	0	0	0	0	2	0	0	1	1	0	0	0	1	1	1	0	0	0	1	0	0	0	0	1	0	0	0	2	1	0	0	1	0	6	0	0
C[Ins(T):R0]C	0	0	0	0	0	0	1	0	1	0	0	0	2	0	0	0	1	0	0	0	0	0	0	0	0	1	0	0	0	0	0	1	1	0	1	0	0	0	0	1	0	0	1	1	0	0	3	0	2	1	1	1	0	1	0	2	0	1	1	0	0	1	1	1	0	0	0	2	0	0	1	0	0	0	0	0	1	0	0	0	0	0	0	0	0	1	1	1	1	1	0	2	0	0	0	0	0	0	0	0	1	0	0	0	0	0	0	1	0	1	0	0	1	0	1	0	2	1	2	3	1	1	0	1	1	2	0	0	0	1	2	1	1	1	1	0	0	0	1	1	0	0	1	0	0	1	1	0	0	0	1	1	2	1	0	1	1	1	0	1	0	0	0	0	0	0	1	0	0	0	0	0	1	0	0	0	2	0	0	2	1	1	0	0	0	0	0	0	0	0	0	0	1	0	0	0	0	0	1	0	2	0	1	0	0	1	0	0	1	0	0	2	1	2	1	0	1	0	1	0	1	1	1	1	0	0	0	2	0	0	0	0	1	1	0	1	2	1	1	1	1	0	1	2	1	2	1	0	0	0	2	2	0	0	0	0	1	0	0	1	0	1	0	0
C[Ins(T):R0]G	0	0	0	0	0	0	0	1	0	1	0	0	0	0	0	0	0	0	0	0	0	0	1	0	0	0	0	0	0	0	0	0	0	0	0	1	0	0	0	0	0	0	0	0	0	0	1	0	0	0	0	0	0	0	0	0	0	0	0	0	0	0	0	0	0	0	1	0	0	0	0	0	0	0	1	0	0	0	0	0	0	1	2	0	0	0	0	0	0	0	0	1	0	0	1	0	0	0	0	0	0	0	0	0	0	0	1	1	0	0	0	0	0	0	1	0	1	0	0	0	0	0	0	0	0	0	1	0	0	1	0	0	0	1	2	0	0	1	0	0	0	1	0	0	1	0	0	0	0	0	0	0	0	1	0	0	1	0	0	0	0	2	0	0	0	0	1	0	0	1	0	0	0	0	0	0	1	1	1	0	0	0	1	0	0	0	0	0	0	0	0	0	0	0	0	0	0	0	1	0	0	0	0	0	0	0	0	1	0	0	0	0	0	1	0	0	0	0	0	1	0	0	0	0	0	0	0	0	1	1	0	0	0	1	0	0	0	0	0	1	0	0	0	0	0	0	0	0	0	0	0	1	1	0	0	0	0	0	0	1	1	0	0	0
C[Ins(T):R1]A	3	0	2	1	1	0	0	0	3	0	2	0	0	0	2	1	0	0	0	0	0	2	0	0	1	0	0	1	1	1	0	0	1	0	0	0	0	1	1	0	1	2	0	0	1	4	4	0	1	0	0	0	0	0	3	0	0	0	0	0	0	0	1	0	0	2	0	1	0	1	0	0	1	0	0	0	0	1	1	0	0	2	0	0	0	1	0	1	0	1	0	2	0	0	0	2	1	1	0	0	0	0	2	1	0	1	1	0	0	0	0	0	0	1	0	2	0	0	2	0	0	0	1	2	2	0	1	0	1	1	1	0	1	0	1	0	0	3	1	0	2	0	1	0	0	1	4	1	0	1	0	1	0	0	0	1	3	0	0	0	0	0	0	1	2	2	0	0	0	2	1	2	1	0	3	2	2	0	3	2	1	0	1	1	0	0	0	2	2	0	0	1	0	0	3	0	3	1	0	0	3	2	1	1	1	0	0	2	0	1	1	0	0	2	0	0	1	1	2	0	0	1	0	0	1	3	0	0	2	2	0	1	2	1	3	0	1	1	3	0	1	1	1	0	5	0	1	0	0	0	0	2	0	0	3	2	1	0	1	0	0	0	0	0
C[Ins(T):R1]C	0	1	0	1	0	0	2	0	0	0	0	1	1	0	0	0	1	0	0	1	0	0	1	0	0	0	0	0	2	0	0	1	2	0	0	1	1	0	0	1	0	0	0	0	1	0	3	0	0	0	0	2	0	0	2	2	0	1	1	0	1	0	0	0	0	3	0	1	0	0	0	0	3	0	0	0	1	0	0	0	0	2	0	0	1	1	1	2	0	0	0	0	0	1	2	0	0	0	0	0	0	0	0	0	0	0	0	0	2	0	0	2	0	0	1	0	1	2	0	0	0	0	1	0	1	0	0	1	0	1	2	0	1	0	0	0	2	1	1	1	1	0	2	1	0	1	0	0	1	0	1	2	2	0	1	0	1	1	0	1	0	0	1	0	0	0	0	0	0	1	1	4	3	0	0	0	0	0	3	0	0	2	0	0	0	0	0	1	1	1	0	1	0	0	0	0	1	1	0	0	1	2	3	1	2	0	1	0	0	0	0	0	2	0	0	0	0	0	2	0	1	0	2	0	0	0	0	0	0	0	0	0	0	0	1	0	0	0	2	0	0	0	2	0	1	1	1	0	1	0	1	1	0	0	1	0	0	0	0	1	0	1	0	1
C[Ins(T):R1]G	1	0	2	1	0	0	1	1	0	0	1	0	1	0	1	1	0	1	0	1	2	0	0	0	0	3	0	0	1	1	0	0	0	1	0	0	1	0	2	1	1	0	1	1	1	0	7	2	1	1	0	2	0	0	1	3	0	3	0	0	0	1	0	0	0	0	2	0	2	0	0	1	0	0	0	0	0	1	1	0	0	0	0	0	2	1	1	0	0	4	0	0	0	0	0	1	1	0	0	1	0	1	0	0	0	1	0	0	1	1	0	0	0	0	0	0	0	1	0	1	4	4	4	0	2	0	0	1	0	1	1	0	1	2	3	0	0	0	1	0	2	0	3	1	0	0	1	2	1	1	0	2	1	0	0	1	2	1	0	2	0	1	2	0	5	0	2	0	0	0	0	0	5	0	0	3	0	1	6	0	0	0	1	1	0	0	0	1	0	0	0	1	2	0	2	0	0	0	1	0	0	1	1	1	0	1	0	1	0	2	1	3	0	1	2	0	2	1	2	0	0	0	0	0	0	1	0	1	1	1	1	1	0	0	1	0	2	0	3	1	0	1	2	1	5	1	2	2	0	0	1	2	0	0	1	3	0	0	2	1	1	2	0	1
C[Ins(T):R2]A	0	0	0	1	0	0	0	0	2	1	0	0	0	0	0	1	0	1	0	1	0	0	0	0	0	0	1	0	0	3	0	0	0	0	0	1	0	0	1	1	1	1	0	1	0	1	6	0	1	1	0	0	0	1	0	0	0	0	0	0	0	1	1	0	0	0	1	0	0	0	1	0	2	0	1	0	0	0	0	1	0	1	1	0	0	1	0	0	0	1	0	2	0	0	1	0	0	0	0	0	0	1	0	0	1	1	0	1	0	0	1	0	0	0	3	1	0	0	1	0	0	0	0	3	3	0	0	2	0	0	1	0	2	0	2	0	1	0	0	0	0	3	0	0	0	0	2	0	0	0	0	0	0	0	0	0	0	1	0	0	0	0	0	0	0	1	0	0	0	1	0	0	3	2	1	1	0	0	1	0	0	0	1	0	0	0	0	1	0	0	0	1	0	0	1	0	0	0	1	1	0	0	1	0	0	1	2	3	0	0	0	1	1	0	1	0	1	0	0	1	0	0	0	0	0	0	0	1	1	0	0	1	0	1	1	0	1	0	1	0	0	1	0	0	0	0	1	2	0	0	0	2	0	0	0	0	0	2	0	1	0	0	0	0
C[Ins(T):R2]C	0	0	1	1	0	0	0	0	0	0	0	0	0	0	0	0	0	0	0	0	0	0	1	0	1	1	0	2	0	0	0	0	0	1	0	1	0	0	1	0	0	0	0	0	0	0	25	0	1	0	0	2	1	0	1	0	0	2	0	1	0	0	0	0	0	1	0	0	0	0	0	0	0	0	0	1	0	0	0	0	1	1	1	0	0	0	0	0	0	0	0	0	0	0	0	0	1	0	0	0	2	0	1	0	0	0	0	0	0	0	0	0	0	0	0	0	0	0	0	0	2	2	2	1	0	0	1	3	0	0	1	0	5	0	0	1	1	1	2	0	3	2	1	4	0	0	0	2	0	1	0	0	0	0	0	0	0	0	1	0	0	0	0	0	1	0	1	1	0	2	1	1	4	0	0	1	0	0	1	0	0	0	0	2	3	1	0	0	1	1	0	0	0	0	2	0	0	0	0	2	0	0	1	0	0	0	1	1	1	1	1	1	0	1	2	0	2	0	0	0	0	1	0	0	1	0	0	0	2	0	0	0	1	1	1	0	0	1	2	0	2	0	1	0	4	0	2	1	0	0	2	0	0	3	1	0	0	1	0	0	1	1	0	0
C[Ins(T):R2]G	0	0	0	0	0	0	0	0	1	0	0	0	1	0	1	2	0	0	1	1	1	0	0	0	0	0	0	0	0	1	1	1	1	0	1	0	0	0	0	1	1	0	0	0	1	0	37	0	0	0	0	0	0	0	0	0	1	0	0	0	0	0	0	0	0	0	0	0	0	0	0	0	0	0	0	0	0	1	0	0	0	0	0	0	0	0	1	3	0	1	0	0	0	1	0	1	0	1	2	0	0	0	0	0	1	0	0	0	0	1	0	0	0	0	1	0	0	0	0	1	0	0	0	0	0	1	0	0	0	1	0	0	0	0	1	0	1	0	1	0	1	0	1	0	1	1	2	0	0	1	0	0	0	0	0	0	0	0	0	1	0	0	0	0	0	0	0	0	0	0	0	0	3	0	0	0	1	0	0	2	0	0	0	1	0	0	1	0	0	0	0	0	0	0	0	0	0	1	1	2	0	1	0	0	0	1	0	1	0	0	0	3	0	0	1	0	0	0	0	0	1	1	0	0	0	0	0	0	0	0	0	1	1	1	1	0	0	0	0	1	1	0	1	0	1	0	0	0	1	0	1	0	0	0	0	2	0	0	1	0	0	0	0	0
C[Ins(T):R3]A	0	0	0	1	0	1	0	0	0	0	0	0	0	0	0	0	0	0	0	0	0	0	0	0	0	0	0	0	1	0	0	1	2	1	0	1	0	0	0	1	0	2	0	0	0	1	6	0	1	1	0	0	0	0	0	1	0	0	0	0	0	0	0	0	0	1	0	0	0	0	0	1	1	0	1	0	1	0	0	0	0	1	1	0	0	0	0	2	0	1	0	0	0	0	1	0	0	1	0	0	0	0	0	2	1	0	0	0	0	0	0	0	0	0	0	0	1	0	1	1	0	0	0	1	0	0	0	1	0	0	0	0	1	0	2	0	0	1	0	0	1	0	2	0	2	1	1	1	0	0	0	1	2	0	1	1	0	0	0	0	0	0	1	0	1	0	0	0	0	0	1	1	0	0	0	0	1	2	0	0	0	0	0	0	0	0	0	0	2	1	0	0	1	1	0	0	1	0	0	0	0	0	1	1	0	1	0	1	0	0	0	1	0	1	0	0	1	0	0	1	0	0	0	0	0	1	0	0	1	0	0	0	1	1	0	0	2	0	0	3	0	0	0	0	1	0	0	1	0	0	1	0	0	0	0	0	0	3	0	0	0	0	0	2
C[Ins(T):R3]C	0	0	1	0	0	0	1	0	0	0	0	0	0	0	0	1	0	0	0	1	0	1	1	0	0	0	1	1	1	2	0	1	0	1	0	1	1	0	0	0	0	1	1	0	0	0	13	0	1	1	1	1	0	0	1	0	0	0	0	0	0	0	0	0	0	0	0	0	0	0	1	1	2	0	0	2	1	0	0	0	2	0	0	0	0	0	0	0	0	0	0	0	0	0	0	0	0	0	0	0	1	0	0	0	1	0	1	0	0	1	0	0	1	1	1	0	0	1	0	1	0	1	1	0	0	2	0	1	0	0	1	1	0	0	1	0	0	0	0	0	2	1	2	0	0	1	0	0	2	0	1	0	3	0	2	0	0	0	1	0	0	1	0	3	0	1	2	0	0	0	0	0	4	2	0	1	0	1	1	0	0	1	1	2	2	0	2	0	0	0	0	1	0	0	1	0	1	1	3	0	1	0	2	0	1	1	0	0	1	1	0	1	1	1	1	0	0	0	1	0	2	1	0	0	0	1	1	0	0	1	0	0	1	2	1	0	2	1	0	1	2	0	0	0	0	0	0	0	0	0	1	0	1	0	0	0	2	0	1	0	0	1	1	1
C[Ins(T):R3]G	0	1	0	0	1	1	1	1	0	1	2	0	0	0	0	2	0	1	1	0	0	2	0	0	0	0	0	0	0	0	1	0	0	1	0	0	0	0	2	1	0	2	1	0	0	0	25	0	0	1	1	1	0	0	1	0	0	1	0	0	0	0	1	0	0	0	0	1	0	0	1	2	0	0	1	0	0	0	0	1	0	0	0	0	0	0	0	1	1	1	0	2	0	0	0	0	0	0	1	0	0	1	0	0	0	0	0	0	1	1	0	0	0	0	0	0	0	0	0	5	1	1	0	0	0	1	0	1	1	0	0	0	0	1	4	1	0	0	1	0	1	1	0	0	2	1	0	0	2	1	0	1	0	0	1	0	0	1	0	2	1	0	0	1	1	0	1	1	0	0	1	0	1	0	0	0	0	0	1	0	0	1	0	0	1	0	1	0	1	0	0	0	0	0	0	0	0	1	1	0	1	1	1	0	1	0	1	0	0	1	1	0	2	0	1	0	1	0	0	1	1	0	0	1	1	0	0	1	1	0	0	0	0	0	2	1	1	0	0	0	1	0	0	0	0	0	1	0	0	0	0	0	0	0	0	0	0	0	0	0	0	1	0	0
C[Ins(T):R4]A	0	0	1	0	0	0	0	0	0	0	1	0	0	0	0	1	0	1	0	0	1	0	0	0	0	0	0	0	0	0	0	0	0	0	0	0	0	0	0	0	0	0	2	0	0	0	25	0	0	0	0	0	1	0	0	0	0	0	1	0	0	0	0	0	0	0	0	1	0	0	0	0	0	0	0	0	0	0	0	0	0	0	0	0	1	0	0	0	0	0	0	1	0	0	1	0	0	0	0	0	0	1	0	0	0	0	1	0	0	0	0	0	0	0	0	1	0	0	0	2	1	0	1	0	0	0	0	0	0	0	0	1	0	0	0	0	0	1	0	0	0	0	1	0	0	2	0	0	0	0	0	2	0	1	0	0	0	0	1	0	0	0	0	0	0	0	1	0	0	1	0	0	0	0	0	1	0	0	0	2	0	0	0	3	0	0	1	1	0	0	0	0	0	0	0	0	0	0	0	1	0	0	0	0	0	0	0	1	0	0	0	0	0	0	1	1	0	0	2	0	0	0	0	0	0	0	0	0	0	0	0	1	0	2	1	0	1	0	0	0	0	0	1	0	0	1	0	0	0	0	0	0	1	0	0	0	0	1	0	1	0	0	0	0
C[Ins(T):R4]C	0	0	0	0	0	0	1	0	0	0	1	0	0	0	0	0	0	1	0	0	0	0	0	0	0	0	0	0	0	0	1	0	1	0	0	0	1	0	0	1	2	0	1	0	0	0	26	0	0	0	0	0	0	0	0	0	1	1	0	0	0	0	0	0	2	0	1	0	0	0	0	0	2	0	0	0	0	2	0	0	0	0	0	0	2	0	1	0	1	0	0	0	0	0	0	0	0	0	0	0	0	0	1	2	1	0	0	0	0	0	0	0	0	1	1	3	0	0	1	0	1	2	1	0	1	0	1	0	1	0	0	1	1	1	1	0	0	2	0	0	1	0	1	0	1	0	1	0	0	0	0	0	0	0	0	0	3	0	0	0	0	0	0	0	0	0	1	0	0	1	0	0	3	0	0	0	0	1	1	3	1	1	0	1	0	1	0	0	0	1	0	0	0	0	0	0	0	0	3	0	0	0	0	0	0	0	0	1	0	1	1	2	1	0	0	0	0	0	0	3	0	1	0	0	0	0	1	0	0	0	0	0	0	1	2	0	2	0	0	0	1	0	0	0	0	0	0	1	0	0	2	0	0	0	1	1	0	0	0	0	1	0	0	0
C[Ins(T):R4]G	1	0	0	0	0	0	0	0	1	0	0	0	0	0	1	0	0	0	0	0	0	0	1	0	0	0	0	1	0	0	0	1	0	0	0	0	0	0	0	0	1	1	0	0	0	0	20	0	0	0	0	0	0	0	1	0	0	0	0	0	0	1	1	0	0	0	0	0	0	0	1	0	0	0	0	0	0	0	0	0	0	2	0	0	0	1	0	0	0	0	0	0	0	0	0	0	0	0	0	0	2	0	0	0	0	0	0	0	0	1	0	1	0	0	0	0	0	0	2	0	0	1	0	1	0	0	0	2	0	0	0	0	0	0	1	1	0	0	1	0	0	0	1	0	0	0	1	0	1	1	0	0	1	0	0	1	0	0	0	0	0	0	0	0	0	0	0	0	0	1	0	1	0	0	0	0	0	1	1	1	0	0	0	0	0	0	0	0	0	0	0	0	0	0	0	0	0	0	0	2	0	0	0	0	1	0	0	0	0	0	0	0	1	3	0	0	0	0	0	0	0	0	0	0	0	1	0	1	0	1	0	1	0	0	2	0	0	0	1	1	0	1	0	2	2	1	1	0	0	1	1	2	0	0	0	0	0	0	2	0	0	0	0	0
C[Ins(T):R5]A	0	0	0	0	0	0	0	0	1	1	1	0	0	0	0	0	1	0	0	1	0	0	0	0	0	1	0	0	1	0	0	0	1	0	0	0	0	0	0	0	0	1	0	0	1	0	35	1	0	0	0	0	0	0	1	0	0	0	0	0	1	0	2	0	0	0	0	0	0	0	1	0	0	0	0	0	0	2	1	0	0	0	0	0	0	0	2	0	2	0	0	0	0	1	0	0	1	0	0	0	0	0	1	2	0	0	1	0	0	1	0	0	0	0	1	0	2	2	0	0	1	3	0	0	1	1	2	0	0	0	0	0	1	0	1	0	1	1	0	0	1	0	0	0	0	3	1	0	1	1	2	2	0	0	1	1	2	3	1	5	0	1	0	1	2	1	0	0	0	0	0	1	2	1	2	2	0	1	1	0	0	0	0	0	0	0	0	1	1	1	0	0	0	0	1	1	0	0	0	0	0	2	0	0	0	1	0	0	0	1	0	3	1	2	0	1	1	1	2	0	1	1	1	2	0	0	0	1	0	0	0	0	1	1	2	0	1	0	1	0	0	0	0	0	3	1	0	0	0	2	1	0	2	0	2	0	0	1	3	0	1	1	0	0
C[Ins(T):R5]C	0	0	0	1	0	0	0	1	1	0	0	1	1	0	1	1	0	0	0	2	1	2	2	0	2	2	0	0	0	0	0	0	1	1	1	2	0	1	1	0	3	0	1	0	2	0	65	0	1	1	2	0	0	0	0	0	0	0	0	0	1	0	2	0	0	1	0	0	1	0	0	0	0	0	0	0	1	2	0	1	0	1	1	0	1	0	1	0	1	2	0	0	0	0	0	1	0	1	0	0	0	1	0	0	1	0	1	1	1	0	0	0	0	4	0	0	0	0	0	0	2	2	1	1	2	1	0	0	1	0	0	0	0	0	3	1	1	1	0	0	0	0	0	0	0	0	0	1	0	0	0	2	1	1	1	0	2	3	0	1	0	0	0	0	0	0	1	0	0	0	3	0	1	0	1	0	0	0	3	1	0	1	1	1	1	0	0	0	0	0	0	0	2	0	1	1	0	1	2	2	1	1	1	0	2	0	0	2	0	0	0	2	1	1	2	0	1	0	2	0	1	0	0	0	0	0	0	0	1	1	0	0	1	0	0	0	1	0	1	0	0	0	0	0	0	1	0	1	0	1	0	1	2	0	2	1	1	2	0	0	0	1	0	0
C[Ins(T):R5]G	1	0	1	0	0	0	1	0	0	1	0	1	0	1	0	1	0	0	0	0	0	1	0	1	1	0	2	1	0	0	0	0	1	0	0	2	0	0	1	0	0	0	0	1	0	0	48	3	0	0	2	0	0	0	1	0	0	0	0	0	2	0	2	1	1	0	0	0	1	0	0	1	0	0	0	0	0	1	0	0	0	0	0	0	1	0	0	0	1	1	0	0	0	1	0	0	2	0	0	1	1	0	0	0	0	1	0	1	1	1	0	0	0	0	0	0	1	0	1	0	1	1	3	2	1	0	0	1	0	0	0	0	0	0	1	0	0	2	0	0	0	0	1	1	0	1	1	0	0	1	1	0	0	0	1	0	0	0	0	0	0	1	0	0	2	0	0	0	0	0	1	0	0	0	0	0	1	1	0	0	1	0	0	2	0	1	1	0	2	1	0	0	0	0	1	1	0	1	3	0	0	0	0	0	0	1	1	0	0	0	1	0	0	1	0	0	0	0	0	2	1	2	0	0	1	0	0	2	1	0	0	2	0	2	1	0	3	2	0	0	0	0	0	0	0	0	0	0	0	1	1	0	0	2	0	1	0	1	3	0	1	1	0	0
C[Ins(T):R6]A	2	0	0	2	0	2	0	0	1	0	1	2	3	0	0	1	1	0	0	1	0	0	2	0	1	0	1	0	0	1	0	0	2	0	0	4	2	1	1	1	2	1	1	1	1	1	100	1	1	1	1	1	0	3	0	3	1	1	0	0	2	0	1	2	1	0	1	1	1	1	1	0	1	0	1	1	0	1	0	1	0	0	1	0	1	1	4	2	1	6	0	0	0	0	0	0	1	1	1	0	4	1	0	3	3	1	0	1	0	1	1	0	2	0	0	0	1	1	1	3	2	3	1	0	1	0	1	0	0	1	0	0	0	1	1	2	1	2	1	0	0	0	2	0	0	3	4	1	2	0	0	5	2	0	1	2	4	1	0	7	0	4	0	0	0	1	0	1	0	0	1	0	2	0	0	0	1	1	4	1	0	2	1	3	1	1	1	1	0	1	1	0	1	0	0	0	0	0	2	3	2	2	2	0	1	5	1	2	0	1	2	1	0	1	2	0	1	0	4	4	2	0	4	1	0	0	0	0	3	1	3	1	1	3	2	1	4	2	1	1	1	0	1	1	3	1	0	1	0	0	1	0	3	1	0	2	0	6	1	0	0	2	0	0
C[Ins(T):R6]C	1	3	2	4	0	3	0	1	1	1	1	2	3	0	1	2	0	0	1	3	1	4	0	2	0	1	1	1	1	1	1	1	1	0	2	3	1	0	1	2	5	0	1	1	1	1	146	1	2	2	1	2	0	2	2	2	2	0	1	0	1	2	2	0	0	0	4	2	1	0	5	1	5	1	0	1	2	5	1	0	1	0	1	2	3	1	3	2	1	4	2	1	0	1	2	3	2	1	0	1	3	2	1	2	7	3	3	2	0	3	1	5	0	2	0	2	2	3	1	3	2	12	1	2	4	0	2	2	3	1	0	3	2	3	4	0	1	3	1	2	3	3	2	0	4	3	5	0	1	1	2	8	0	0	4	4	6	3	0	12	0	1	2	1	0	2	3	0	2	2	0	0	5	0	1	0	1	2	6	1	1	3	1	3	2	3	0	2	0	2	0	0	0	0	0	1	1	2	4	1	3	3	1	0	1	4	1	2	1	1	0	3	3	6	2	3	0	1	7	6	3	1	11	2	2	1	0	0	3	4	1	2	5	7	8	1	4	5	1	3	2	5	1	2	3	0	0	3	0	2	4	3	1	0	1	4	0	2	2	0	1	4	0	1
C[Ins(T):R6]G	1	2	4	4	0	1	1	1	4	0	1	5	2	0	1	1	2	0	1	2	1	1	1	2	0	0	0	0	1	3	0	1	3	3	1	1	1	1	1	1	6	1	1	0	1	2	169	0	1	2	2	1	1	2	1	0	1	0	0	0	1	1	1	0	1	1	0	2	2	0	3	1	5	1	1	0	0	0	1	2	2	1	0	0	2	2	2	2	2	3	0	3	0	1	0	0	0	0	0	0	5	3	1	2	3	2	1	0	0	1	1	0	0	4	0	2	0	0	3	2	1	5	1	1	1	0	2	2	1	0	2	0	2	2	8	1	1	1	2	1	1	4	0	2	2	4	7	0	1	2	0	8	0	0	1	0	4	4	1	9	1	3	0	1	0	1	0	0	0	0	2	0	1	2	0	0	0	0	3	3	1	4	2	1	0	1	0	0	1	1	1	1	0	0	0	4	1	1	3	3	1	4	1	0	2	2	2	1	0	3	2	3	1	1	6	6	1	0	5	3	5	2	8	2	1	0	0	0	6	0	0	5	5	3	6	1	3	4	0	1	2	0	0	3	3	2	0	2	0	1	4	1	1	0	3	8	1	4	2	0	3	3	0	0
C[Ins(T):R7]A	4	0	0	3	0	1	0	1	0	3	1	1	1	2	1	2	1	0	0	3	0	2	1	0	2	4	1	2	0	0	1	1	3	1	0	1	3	0	2	0	3	1	1	0	2	1	227	1	1	2	2	3	0	0	1	4	1	2	3	0	2	1	2	0	0	1	2	1	0	0	0	0	1	0	0	1	1	1	0	2	0	1	0	0	1	1	2	0	2	2	0	1	0	0	0	1	1	0	1	0	2	1	0	0	2	0	0	0	0	2	0	2	0	2	2	3	1	2	0	2	3	3	1	1	0	3	4	2	1	0	0	2	0	1	6	1	1	1	0	0	1	0	3	0	1	2	6	0	1	0	1	4	1	3	2	0	4	2	2	3	1	2	0	0	0	2	2	0	1	3	1	2	0	1	3	0	0	2	4	2	3	0	0	4	1	0	0	1	0	1	0	0	0	0	0	2	2	1	2	1	3	2	3	2	1	5	0	1	0	2	0	2	1	2	3	5	1	0	3	4	1	0	3	2	0	0	0	1	2	1	2	1	3	6	3	0	5	4	2	0	0	0	0	1	1	0	0	2	0	1	3	3	2	1	4	5	0	2	1	0	0	4	2	0
C[Ins(T):R7]C	2	3	1	1	1	2	0	2	6	2	2	7	0	0	0	1	2	1	0	0	1	1	0	1	0	0	1	2	0	0	1	0	2	1	2	2	0	0	3	0	2	2	2	0	1	1	168	1	2	2	2	1	0	2	1	1	0	0	0	0	0	0	2	0	1	1	1	1	2	0	2	1	6	3	2	0	0	3	1	1	1	0	0	0	0	2	1	0	2	5	0	1	0	0	1	1	1	1	0	1	1	2	0	0	2	2	1	2	0	1	2	1	1	2	0	1	1	2	0	2	1	6	0	1	1	0	2	3	1	0	0	2	0	5	7	0	6	1	1	1	2	0	1	0	2	5	3	0	1	3	1	3	1	1	2	0	1	2	2	7	0	1	1	0	4	1	1	1	1	0	0	1	5	1	1	1	1	2	1	1	1	0	2	3	0	2	0	2	1	3	0	0	0	1	2	1	1	3	5	1	0	2	2	0	3	3	2	0	0	6	3	2	0	4	1	1	0	2	2	3	4	0	2	2	0	0	0	0	3	0	2	5	5	6	3	0	4	1	0	0	1	1	0	2	3	3	0	4	0	2	2	1	0	2	2	2	0	4	4	0	4	5	1	1
C[Ins(T):R7]G	1	0	2	3	0	2	0	2	2	1	0	5	0	0	3	1	1	0	1	3	1	0	2	2	0	1	1	2	1	2	0	1	1	0	1	4	0	0	1	0	4	2	1	0	2	1	291	0	3	2	3	2	0	0	3	3	0	0	1	1	1	4	1	0	0	0	1	1	1	0	3	0	2	0	0	1	3	4	0	1	0	2	1	1	1	0	1	0	2	3	0	0	0	0	1	1	1	1	0	0	0	2	0	2	6	2	1	2	2	0	0	3	2	2	1	0	1	0	3	0	3	3	0	3	1	0	0	1	2	1	0	1	2	1	8	0	2	2	1	1	0	0	4	1	0	4	4	1	2	1	0	3	3	1	2	2	10	4	1	11	0	4	0	2	4	1	3	0	0	0	0	0	2	0	1	2	1	4	7	4	1	0	1	5	2	1	2	0	3	3	0	0	1	0	1	1	0	1	5	0	5	2	1	1	2	3	2	0	0	2	1	1	0	2	5	3	1	3	2	0	1	0	0	0	0	1	0	1	1	2	0	3	1	3	5	2	9	5	3	2	0	2	0	2	3	2	0	10	0	2	2	2	0	1	3	4	1	5	4	1	1	2	3	0
C[Ins(T):R8]A	2	0	1	2	3	0	2	2	3	1	1	2	0	1	3	4	1	2	1	1	1	1	3	2	0	2	0	1	0	0	1	1	1	1	1	2	0	0	3	0	3	2	2	1	2	3	337	0	0	1	1	1	0	1	2	3	2	0	0	0	3	1	1	0	1	2	2	0	0	1	1	1	2	1	1	1	4	3	2	0	2	3	0	3	0	2	2	2	1	5	2	1	0	2	1	1	2	1	0	0	4	0	2	2	2	2	1	0	2	2	2	0	1	3	1	1	0	2	1	3	6	4	2	0	3	2	2	1	1	0	0	2	2	3	5	2	1	5	2	1	1	3	2	2	1	1	5	2	3	1	0	3	3	1	2	1	2	1	1	9	1	5	1	0	2	3	3	0	1	3	3	3	6	0	3	1	5	4	5	3	1	4	1	4	0	2	1	2	5	2	1	0	1	0	0	2	1	3	5	2	0	9	2	0	2	4	4	2	1	2	3	6	1	3	2	3	0	0	8	2	1	1	3	1	0	1	0	1	3	4	2	9	4	5	10	1	9	8	0	3	0	2	2	1	5	4	0	6	1	0	7	4	4	1	0	6	1	2	0	1	1	2	0	0
C[Ins(T):R8]C	1	3	0	4	0	1	1	0	1	1	0	2	0	0	3	0	2	1	0	1	0	1	3	1	1	0	1	1	2	0	0	2	1	0	1	2	2	0	0	0	2	2	1	2	2	0	319	1	0	0	4	2	0	1	0	0	0	1	1	2	2	0	2	1	0	1	0	1	0	0	3	0	4	3	0	0	3	5	1	1	0	1	1	2	0	0	2	3	3	0	0	1	1	3	1	1	1	0	0	0	1	0	0	3	1	1	0	0	3	0	3	3	0	2	1	2	2	3	2	4	2	3	1	3	1	1	1	3	0	2	0	2	4	1	7	0	2	3	0	1	2	0	2	0	1	4	6	1	0	1	1	5	1	1	4	0	3	3	3	6	1	6	4	1	2	6	1	1	1	2	2	0	8	2	1	2	1	5	7	1	2	1	1	3	1	3	0	2	3	1	1	0	3	0	4	2	2	7	4	1	1	5	2	2	2	2	0	0	2	5	4	0	1	3	8	6	1	0	6	0	3	0	7	1	2	0	0	0	3	2	3	3	5	8	3	1	7	8	0	2	0	4	0	4	4	3	0	4	0	1	4	3	3	0	3	2	1	1	3	1	4	7	1	2
C[Ins(T):R8]G	2	4	4	5	1	0	1	0	4	0	2	3	2	0	1	3	1	0	1	2	1	2	1	1	0	3	0	0	0	0	0	1	2	0	1	6	2	0	1	3	2	1	0	1	2	4	477	2	1	3	4	2	0	2	0	4	2	0	1	1	2	2	5	1	1	1	1	1	0	2	0	0	5	1	0	0	1	1	2	0	1	4	1	0	1	3	3	0	4	0	1	0	1	0	2	2	2	3	0	0	4	2	1	4	4	3	0	0	3	2	3	1	0	4	1	2	1	2	2	4	5	7	4	6	1	0	1	0	1	0	1	1	1	1	12	2	1	3	3	0	3	1	3	1	2	6	9	2	3	0	1	5	1	1	6	2	12	2	2	13	0	4	3	0	1	5	3	2	0	1	5	2	6	3	2	2	3	4	9	4	0	4	0	9	0	2	1	5	0	7	0	1	0	0	4	0	1	10	8	2	4	7	1	1	1	2	0	3	3	2	2	4	1	4	3	1	3	1	6	1	2	1	5	1	0	1	0	2	3	0	1	7	9	11	13	2	15	11	2	5	1	0	0	1	5	4	3	2	2	2	2	3	2	3	3	9	0	4	4	1	1	4	2	3
C[Ins(T):R(9,)]A	0	0	0	0	0	0	0	0	0	0	0	0	0	0	0	0	0	0	0	0	0	0	0	0	0	0	0	0	0	0	0	0	0	0	0	0	0	0	0	0	0	0	0	0	0	0	0	0	0	0	0	0	0	0	0	0	0	0	0	0	0	0	0	0	0	0	0	0	0	0	0	0	0	0	0	0	0	0	0	0	0	0	0	0	0	0	0	0	0	0	0	0	0	0	0	0	0	0	0	0	0	0	0	0	0	0	0	0	0	0	0	0	0	0	0	0	0	0	0	0	0	0	0	0	0	0	0	0	0	0	0	0	0	0	0	0	0	0	0	0	0	0	0	0	0	0	0	0	0	0	0	0	0	0	0	0	0	0	0	0	0	0	0	0	0	0	0	0	0	0	0	0	0	0	0	0	0	0	0	0	0	0	0	0	0	0	0	0	0	0	0	0	0	0	0	0	0	0	0	0	0	0	0	0	0	0	0	0	0	0	0	0	0	0	0	0	0	0	0	0	0	0	0	0	0	0	0	0	0	0	0	0	0	0	0	0	0	0	0	0	0	0	0	0	0	0	0	0	0	0	0	0	0	0	0	0	0	0	0	0	0	0	0	0
C[Ins(T):R(9,)]C	0	0	0	0	0	0	0	0	0	0	0	0	0	0	0	0	0	0	0	0	0	0	0	0	0	0	0	0	0	0	0	0	0	0	0	0	0	0	0	0	0	0	0	0	0	0	0	0	0	0	0	0	0	0	0	0	0	0	0	0	0	0	0	0	0	0	0	0	0	0	0	0	0	0	0	0	0	0	0	0	0	0	0	0	0	0	0	0	0	0	0	0	0	0	0	0	0	0	0	0	0	0	0	0	0	0	0	0	0	0	0	0	0	0	0	0	0	0	0	0	0	0	0	0	0	0	0	0	0	0	0	0	0	0	0	0	0	0	0	0	0	0	0	0	0	0	0	0	0	0	0	0	0	0	0	0	0	0	0	0	0	0	0	0	0	0	0	0	0	0	0	0	0	0	0	0	0	0	0	0	0	0	0	0	0	0	0	0	0	0	0	0	0	0	0	0	0	0	0	0	0	0	0	0	0	0	0	0	0	0	0	0	0	0	0	0	0	0	0	0	0	0	0	0	0	0	0	0	0	0	0	0	0	0	0	0	0	0	0	0	0	0	0	0	0	0	0	0	0	0	0	0	0	0	0	0	0	0	0	0	0	0	0	0
C[Ins(T):R(9,)]G	0	0	0	0	0	0	0	0	0	0	0	0	0	0	0	0	0	0	0	0	0	0	0	0	0	0	0	0	0	0	0	0	0	0	0	0	0	0	0	0	0	0	0	0	0	0	0	0	0	0	0	0	0	0	0	0	0	0	0	0	0	0	0	0	0	0	0	0	0	0	0	0	0	0	0	0	0	0	0	0	0	0	0	0	0	0	0	0	0	0	0	0	0	0	0	0	0	0	0	0	0	0	0	0	0	0	0	0	0	0	0	0	0	0	0	0	0	0	0	0	0	0	0	0	0	0	0	0	0	0	0	0	0	0	0	0	0	0	0	0	0	0	0	0	0	0	0	0	0	0	0	0	0	0	0	0	0	0	0	0	0	0	0	0	0	0	0	0	0	0	0	0	0	0	0	0	0	0	0	0	0	0	0	0	0	0	0	0	0	0	0	0	0	0	0	0	0	0	0	0	0	0	0	0	0	0	0	0	0	0	0	0	0	0	0	0	0	0	0	0	0	0	0	0	0	0	0	0	0	0	0	0	0	0	0	0	0	0	0	0	0	0	0	0	0	0	0	0	0	0	0	0	0	0	0	0	0	0	0	0	0	0	0	0
G[Ins(T):R0]A	0	0	1	0	0	0	3	1	0	0	1	2	3	1	1	1	1	0	0	1	1	1	0	0	3	0	0	0	1	0	1	0	1	2	0	1	0	0	2	3	0	0	0	0	0	0	1	0	1	2	1	3	1	0	3	3	2	2	0	1	0	1	0	0	0	2	1	1	1	2	1	2	0	0	1	1	0	0	1	1	1	1	1	2	1	1	4	3	1	1	0	0	0	1	2	0	0	0	0	0	0	0	1	0	1	0	1	0	0	0	0	1	0	0	1	1	0	1	1	1	0	4	1	3	1	2	0	1	1	4	29	0	2	0	1	0	1	1	0	0	3	7	1	0	0	1	0	0	0	1	0	0	1	0	2	0	0	0	3	0	1	2	0	2	2	0	1	0	0	1	2	2	5	1	0	1	1	1	1	0	1	1	1	0	0	1	0	1	0	0	0	1	1	0	0	0	0	1	1	0	2	1	1	0	3	0	0	1	1	1	3	2	1	0	1	0	1	0	0	1	1	0	1	0	0	1	0	1	3	0	0	0	0	1	7	2	1	1	1	0	0	0	1	0	1	0	2	0	0	0	2	1	0	1	0	0	0	2	7	0	2	3	0	0
G[Ins(T):R0]C	0	0	0	1	0	0	0	0	0	0	0	0	1	0	0	0	0	2	0	0	1	0	0	0	0	0	0	0	1	0	0	0	0	0	0	0	0	0	1	0	0	0	0	0	0	0	2	0	0	0	0	1	0	0	0	0	0	1	1	0	0	0	1	0	1	0	0	0	0	0	0	0	0	0	1	1	1	0	0	0	0	0	1	0	0	3	0	1	0	2	0	1	0	0	0	0	1	0	0	1	0	0	0	0	0	0	1	0	0	0	0	0	0	0	0	1	1	2	1	0	2	0	1	0	0	0	0	0	0	0	0	0	1	1	0	0	0	2	0	0	1	1	1	1	0	3	0	0	0	3	0	2	1	0	0	1	2	0	0	0	1	0	0	1	1	0	0	0	0	1	0	1	0	0	0	1	2	0	3	2	0	1	0	0	1	0	0	2	0	0	1	0	0	0	1	0	0	0	5	0	1	0	1	0	1	3	0	1	0	2	1	0	0	1	1	0	0	1	0	0	1	0	1	4	0	0	0	0	0	0	0	0	1	2	2	0	1	0	2	1	0	0	0	1	6	0	2	1	0	0	2	1	0	0	0	0	0	4	1	0	0	0	0	0
G[Ins(T):R0]G	0	0	0	0	0	1	0	0	0	0	1	0	5	0	1	0	2	0	0	0	0	0	0	0	1	0	0	0	0	2	1	0	0	1	0	0	0	0	1	0	1	1	0	0	0	0	4	0	0	1	0	0	0	0	1	2	0	1	0	0	0	1	0	0	0	1	0	0	0	0	1	0	0	0	0	0	0	1	0	0	0	1	0	1	0	0	0	2	0	0	0	0	1	0	2	0	0	1	0	0	0	0	0	1	0	1	1	0	1	0	0	0	0	2	3	0	1	2	2	1	1	2	1	2	1	0	0	1	0	0	0	0	2	1	1	0	2	2	1	0	2	4	1	1	0	2	2	1	0	0	1	0	0	1	2	0	2	0	0	2	0	2	1	0	1	2	0	0	0	0	0	1	1	0	0	3	2	0	1	1	1	1	0	1	1	0	0	1	1	0	0	1	0	0	1	0	0	2	0	2	2	0	2	0	3	1	2	0	0	0	1	1	0	1	2	0	0	1	1	0	1	3	2	1	0	4	0	0	0	0	0	1	0	4	0	1	2	2	0	0	0	2	2	1	6	0	1	0	0	0	0	1	0	0	0	0	1	1	1	0	0	0	0	1
G[Ins(T):R1]A	2	1	0	5	3	1	2	1	2	0	3	2	1	0	3	1	0	3	2	2	1	3	7	1	1	1	0	5	1	4	4	0	6	3	2	0	0	2	6	3	2	0	2	0	2	1	5	2	2	2	2	3	2	2	2	3	0	2	2	0	2	0	4	1	0	2	4	0	1	1	3	0	1	3	2	2	2	1	2	1	1	4	1	4	4	2	3	2	2	2	4	2	2	1	1	0	1	1	0	0	6	0	3	0	2	3	0	1	4	4	2	2	2	5	5	4	7	1	3	4	1	4	2	5	3	4	0	3	1	3	2	1	2	2	2	1	3	3	3	1	2	2	7	1	3	1	1	4	2	2	5	2	5	1	1	1	3	4	4	1	1	0	5	1	2	0	4	0	0	5	2	2	5	4	4	2	1	1	5	4	6	2	1	4	7	3	0	2	4	1	0	0	4	5	2	0	0	4	1	2	1	3	0	4	1	2	0	3	0	2	2	2	3	2	2	1	2	5	1	1	3	2	1	1	0	0	0	4	2	0	0	1	2	4	0	1	3	0	3	2	1	1	2	5	12	0	2	6	1	2	5	2	0	0	3	2	0	4	3	3	3	2	0	4
G[Ins(T):R1]C	0	0	0	2	1	0	0	0	0	0	2	0	1	0	0	0	2	1	0	0	1	0	0	0	0	0	0	0	0	0	1	0	0	2	0	0	0	0	3	1	0	1	0	1	0	0	1	0	0	0	0	0	0	0	0	1	0	0	0	0	0	0	0	0	0	0	0	0	0	0	0	0	1	1	0	2	0	0	0	0	0	2	1	0	0	0	1	2	1	1	0	0	0	0	0	0	1	0	0	0	0	0	1	0	3	0	0	0	0	0	0	0	1	0	1	0	1	0	0	0	0	1	0	2	0	1	0	1	0	1	2	0	0	0	0	0	0	1	0	0	3	0	0	1	0	1	1	0	0	2	2	1	0	0	0	1	0	0	0	0	0	0	0	0	0	0	1	1	0	2	0	1	1	1	1	0	0	0	1	1	1	0	0	0	1	0	0	1	0	0	0	1	0	0	0	0	0	0	1	0	1	1	0	0	1	2	1	1	0	0	1	1	0	1	1	0	1	2	0	0	0	0	1	0	0	0	0	1	0	0	0	0	0	3	0	0	2	0	2	0	0	0	0	0	3	0	1	0	0	0	0	2	0	0	1	0	0	1	2	1	0	0	0	0
G[Ins(T):R1]G	2	0	1	4	0	0	3	0	0	1	1	0	0	0	0	0	0	0	1	1	0	0	0	0	2	0	1	0	0	3	1	1	0	3	0	1	1	1	3	1	0	1	0	0	0	0	4	3	1	0	0	1	2	0	1	2	0	0	0	0	0	4	0	0	0	0	0	0	0	1	1	1	0	1	0	2	0	3	1	1	0	0	0	1	0	1	0	2	1	2	2	2	2	1	0	1	0	1	2	1	0	1	2	0	1	0	1	0	0	0	1	0	3	2	0	1	1	2	2	1	3	4	2	0	1	1	1	3	2	2	3	1	4	0	1	0	0	1	1	2	3	1	1	1	2	10	1	1	2	2	2	3	0	0	2	0	2	5	0	2	1	0	0	1	1	4	2	0	1	1	0	0	4	1	0	7	8	1	2	10	0	6	1	4	2	0	0	5	3	1	1	3	0	0	1	0	1	0	3	2	0	2	0	2	0	4	0	7	1	3	0	2	0	1	2	1	1	2	3	0	1	1	0	5	3	4	0	6	2	1	0	1	0	7	7	1	2	2	4	0	2	0	0	1	9	0	0	1	0	0	1	6	0	0	3	1	0	4	3	1	3	3	0	2
G[Ins(T):R2]A	2	2	0	1	1	0	0	0	0	0	0	0	0	0	0	0	1	0	0	3	0	1	0	0	1	1	0	1	0	1	0	2	0	3	0	1	0	0	0	0	0	0	1	0	0	1	4	1	1	0	0	0	0	0	0	0	0	1	1	0	0	0	0	1	1	0	0	0	1	0	0	0	1	1	0	0	0	0	0	0	0	1	0	0	1	0	0	0	1	0	0	0	0	0	0	0	0	0	0	0	0	1	0	0	0	0	0	0	0	0	1	0	0	0	1	1	0	0	0	0	0	1	0	0	0	0	0	1	0	4	0	0	1	0	1	0	0	0	0	0	2	1	0	0	0	3	0	0	0	1	0	1	0	0	2	0	0	4	0	0	0	1	0	0	0	1	1	0	0	2	0	2	1	0	0	3	1	0	2	1	0	1	1	0	0	0	0	1	1	0	0	0	0	1	0	0	0	0	1	0	0	1	0	0	2	2	0	0	0	1	1	0	1	1	0	0	0	0	0	0	3	0	0	2	1	0	0	0	0	1	0	0	0	3	1	0	3	0	1	1	1	0	0	0	1	0	0	2	0	0	1	1	0	0	4	0	0	3	1	0	0	1	0	0
G[Ins(T):R2]C	2	0	0	0	0	0	0	0	1	0	0	0	0	0	0	0	0	0	0	0	1	0	1	0	0	0	0	0	1	1	0	0	1	4	1	0	0	0	3	1	0	0	0	0	0	0	3	0	1	0	0	0	0	0	0	0	0	0	0	1	0	0	0	1	0	0	0	0	0	0	1	0	0	0	0	0	0	0	0	0	0	0	0	0	0	0	0	0	1	0	0	0	0	0	0	0	0	0	0	0	0	0	0	0	0	0	0	0	1	1	0	1	0	0	3	0	0	0	0	1	0	2	1	0	0	2	1	2	0	1	0	0	0	0	0	0	0	0	0	0	0	0	0	1	0	3	2	1	0	0	2	0	0	0	0	0	0	2	0	1	0	0	0	0	0	1	0	0	0	0	1	1	1	0	0	1	0	0	0	1	2	0	0	0	2	1	1	0	1	0	1	0	0	0	0	0	0	0	1	0	0	1	1	0	0	3	0	0	0	0	1	1	0	0	1	0	1	0	0	0	0	0	0	2	0	2	0	2	0	0	0	0	0	2	1	0	1	0	2	1	1	1	0	1	5	1	0	0	1	0	0	1	0	0	1	0	0	3	0	0	1	0	0	0
G[Ins(T):R2]G	3	0	0	1	0	0	0	0	0	1	0	0	0	0	1	0	1	0	0	0	0	0	0	0	0	0	0	1	0	0	0	0	0	2	0	0	2	0	1	0	0	0	0	0	0	0	34	1	0	0	0	1	0	0	1	0	0	1	0	0	0	1	0	1	0	0	0	0	0	0	1	0	0	0	0	0	0	0	0	0	0	0	0	0	0	0	0	0	0	0	1	1	0	0	1	0	0	0	0	0	0	0	0	0	1	0	1	0	1	0	0	0	0	1	1	1	0	2	1	1	3	3	0	1	1	4	1	5	0	1	0	0	1	1	0	0	2	1	1	0	0	0	1	1	0	5	0	1	1	2	0	0	1	1	2	0	1	2	0	1	0	0	1	1	1	2	0	0	0	0	0	0	0	0	1	3	1	0	1	6	1	3	0	0	1	0	0	4	2	0	0	0	2	0	2	0	0	0	2	1	3	0	1	1	2	0	3	1	0	0	0	0	1	0	2	1	1	0	0	0	3	0	1	2	0	1	0	4	0	1	0	1	0	3	3	2	1	0	2	0	0	1	0	1	1	1	1	0	0	0	1	1	0	0	1	2	0	3	0	2	0	1	0	0
G[Ins(T):R3]A	0	0	0	0	1	0	0	0	0	0	0	1	0	0	0	0	0	0	0	1	0	0	0	0	0	0	0	0	0	0	0	1	0	1	0	1	0	0	0	0	0	0	1	0	0	0	6	3	0	0	0	0	0	0	0	1	0	0	0	0	0	0	0	0	0	0	0	0	0	0	0	0	0	0	0	0	0	0	0	0	0	0	0	0	0	1	0	0	0	1	0	0	0	0	0	0	0	0	0	0	0	0	2	1	0	0	0	0	0	0	0	0	0	0	1	0	0	0	0	1	0	0	1	0	0	0	0	2	0	1	0	0	0	0	0	0	1	0	0	0	0	0	0	0	0	1	0	0	0	0	1	0	1	0	0	0	0	1	0	2	0	0	0	0	0	1	0	0	0	0	1	1	2	1	0	0	0	0	0	0	0	0	0	0	1	1	0	0	2	1	0	0	0	0	0	2	0	1	0	1	2	0	0	0	0	2	0	2	0	0	1	1	0	0	0	0	0	1	0	0	0	0	0	1	0	0	0	0	0	0	0	0	0	1	1	0	0	0	0	1	0	1	0	1	2	0	0	0	0	0	0	0	0	0	1	0	0	0	0	1	1	0	1	0
G[Ins(T):R3]C	0	0	0	0	0	1	0	0	0	0	2	0	2	0	0	0	1	0	0	0	0	1	0	0	0	0	0	0	0	0	0	0	1	0	0	0	0	0	0	0	0	0	0	1	0	1	8	1	0	0	0	0	0	0	1	3	0	0	0	0	0	0	0	0	0	0	0	0	0	1	0	0	0	0	0	0	0	0	0	0	0	1	0	0	0	0	1	0	1	1	0	0	0	0	2	1	0	0	0	0	0	0	0	0	0	0	0	1	1	1	0	0	0	0	0	0	0	1	0	0	0	1	0	0	1	0	0	1	0	0	1	0	0	1	2	0	0	1	0	0	2	1	0	0	0	0	0	0	0	0	0	0	0	0	0	0	0	0	0	2	0	0	0	0	0	1	0	0	0	0	0	0	1	0	0	1	0	0	0	2	0	0	0	1	0	0	0	2	0	1	0	1	0	0	0	0	0	0	1	1	0	0	0	0	0	2	1	1	1	0	0	0	0	0	4	1	1	0	0	0	0	0	0	1	1	0	0	1	0	0	0	0	0	1	0	0	1	0	0	1	1	0	0	1	4	0	1	2	0	0	0	1	1	0	0	1	0	2	0	0	0	0	0	0
G[Ins(T):R3]G	1	0	0	0	0	0	0	1	0	0	1	0	1	0	0	0	0	0	0	0	0	0	0	0	1	0	0	0	0	0	0	0	0	2	0	0	0	0	1	0	0	0	0	0	0	0	13	0	0	0	0	0	0	0	0	0	0	0	0	0	0	0	0	0	0	0	0	0	1	0	0	0	0	0	0	1	0	0	2	0	0	1	0	0	0	1	1	0	0	0	0	0	0	0	0	0	0	0	0	0	0	0	0	0	1	0	2	0	0	0	0	0	0	0	0	1	0	1	0	2	0	2	1	1	0	0	0	2	0	1	1	0	0	1	1	0	0	1	1	0	2	0	0	1	1	2	0	0	0	1	0	0	0	0	1	0	2	2	0	4	0	0	0	0	0	2	1	1	0	0	0	1	2	1	0	0	1	1	0	1	0	2	0	0	1	1	0	0	2	1	0	1	0	0	1	0	0	0	3	2	0	0	0	0	0	2	0	1	0	1	0	1	1	2	0	0	2	1	0	0	1	0	0	0	0	0	0	2	1	1	0	0	0	2	0	0	3	0	0	0	0	0	0	2	4	1	0	0	0	0	0	0	0	0	2	0	0	1	1	1	1	3	0	0
G[Ins(T):R4]A	0	0	0	2	0	0	1	0	0	1	0	0	0	0	0	0	0	0	0	0	0	0	0	0	0	0	0	0	0	0	0	0	0	0	0	0	0	0	0	0	0	0	0	0	0	0	14	0	0	1	0	0	0	0	1	1	1	0	0	0	0	0	0	0	0	0	0	0	0	0	0	0	0	0	0	0	0	0	0	0	0	0	0	0	1	0	0	1	0	0	0	1	0	0	0	0	0	0	0	0	0	0	1	0	0	0	0	0	0	1	0	1	0	0	0	0	0	0	0	0	1	2	0	0	0	0	0	1	0	0	0	0	1	0	1	0	0	0	0	0	0	0	0	0	0	0	0	0	1	0	0	0	0	0	0	0	0	1	0	1	0	0	0	0	1	0	1	0	0	0	0	0	1	0	0	0	1	1	0	0	0	0	1	0	0	0	1	0	0	0	0	0	0	0	0	0	0	0	2	0	1	1	0	0	0	1	1	0	0	0	0	1	0	1	0	0	0	0	0	0	0	0	0	0	1	0	1	0	0	0	0	0	0	1	0	0	1	0	0	0	0	0	0	0	3	1	0	0	1	0	0	1	0	0	1	1	0	0	0	0	0	1	0	0
G[Ins(T):R4]C	0	0	0	0	0	0	2	0	0	0	0	0	0	0	0	0	0	0	1	0	0	0	0	0	0	0	0	0	0	0	0	0	0	0	0	0	0	0	0	0	0	0	1	0	0	0	4	0	0	0	0	0	0	0	0	0	0	0	0	0	0	0	0	0	0	0	0	0	0	0	0	1	0	0	0	0	0	0	0	0	0	0	0	0	1	0	0	0	0	1	0	0	0	0	0	0	0	0	0	0	0	0	0	0	0	0	0	0	1	0	0	0	0	0	1	0	0	0	1	0	0	0	0	0	0	0	0	0	0	0	0	0	0	0	0	0	1	1	0	0	0	0	0	0	0	0	1	0	0	0	0	0	0	0	1	0	0	0	0	1	0	0	1	0	1	0	1	0	0	0	0	0	0	0	0	0	1	0	0	1	1	0	0	0	1	0	0	0	0	0	0	0	0	0	0	0	0	0	0	0	0	0	0	0	0	0	0	0	0	1	0	1	0	0	1	0	0	0	1	0	0	0	0	0	0	0	0	0	0	1	0	0	1	1	0	0	0	0	0	0	0	0	0	0	2	0	1	0	0	0	0	0	0	0	0	1	0	0	0	0	0	0	0	0
G[Ins(T):R4]G	0	0	0	0	0	0	1	0	0	0	0	1	1	0	0	0	0	0	0	0	0	0	0	2	0	1	0	0	0	1	0	1	0	0	0	0	0	0	0	0	1	0	1	0	0	0	28	0	0	0	1	0	0	0	0	0	0	0	1	0	0	0	0	0	0	0	0	0	0	0	1	0	1	1	1	2	1	0	1	1	0	2	0	0	1	0	1	0	1	0	0	0	0	0	0	0	0	0	0	0	0	0	0	0	0	0	1	0	0	0	0	0	0	0	0	1	0	0	0	0	0	1	0	0	1	0	0	0	0	0	0	0	1	0	1	0	0	0	0	0	0	0	0	0	0	1	0	0	0	0	0	0	0	0	0	0	0	0	0	0	0	0	0	0	0	0	0	0	0	0	0	0	0	0	0	0	0	0	0	1	2	0	2	1	0	0	0	0	0	1	1	0	0	0	0	0	0	1	2	0	0	1	1	0	0	0	0	0	0	1	1	1	0	1	1	0	0	0	0	0	0	1	0	2	1	0	0	1	2	0	0	1	2	1	1	1	0	0	0	0	0	0	0	2	3	0	0	0	0	0	1	1	0	0	0	0	0	0	0	0	0	0	0	0
G[Ins(T):R5]A	1	0	0	1	0	0	0	1	3	0	0	0	0	0	0	0	0	0	0	1	0	0	0	0	0	0	0	0	0	0	0	1	1	0	0	0	2	1	0	0	0	1	0	0	0	0	44	0	0	0	0	0	0	0	0	2	0	0	0	0	1	0	0	0	0	0	1	0	0	0	0	0	2	0	1	1	0	1	0	0	0	0	0	1	0	0	0	0	0	0	0	1	0	1	1	2	0	0	1	0	0	0	0	1	1	0	0	0	0	0	1	0	0	2	1	0	1	1	0	0	0	1	0	0	0	0	0	1	2	0	0	0	0	1	2	0	1	0	0	0	1	0	0	0	1	1	0	1	0	0	1	0	0	1	1	0	0	0	1	1	1	1	1	0	1	0	0	0	0	0	0	0	3	0	0	0	0	0	1	1	0	1	0	1	1	0	0	0	0	0	0	0	2	1	0	0	1	0	1	0	1	1	0	0	0	1	0	0	0	0	1	0	0	1	0	0	0	0	1	1	1	0	0	0	2	1	0	1	1	0	0	0	0	2	0	0	0	0	2	0	0	0	0	1	4	0	0	0	0	0	0	1	2	0	0	1	0	0	0	0	0	1	1	1
G[Ins(T):R5]C	0	0	0	1	0	0	0	1	1	0	0	0	0	0	0	0	0	0	0	0	0	0	0	0	0	0	0	0	1	0	0	0	0	0	0	2	1	0	0	0	0	0	0	0	0	0	34	0	0	1	0	1	1	1	2	0	0	0	0	0	1	0	0	0	0	0	1	0	0	0	0	0	0	0	0	0	0	0	0	0	0	1	0	0	1	0	1	0	0	1	0	0	0	0	0	0	0	0	0	0	1	0	0	1	1	0	0	0	0	0	0	1	0	1	0	0	0	0	0	0	0	0	4	0	0	1	1	0	0	0	0	0	0	0	4	0	0	0	0	0	0	0	0	0	0	0	0	1	0	0	0	2	1	0	2	0	0	0	0	0	0	1	0	0	0	0	0	0	0	0	2	0	0	0	0	0	0	0	1	0	1	0	0	0	0	2	0	0	1	1	0	0	0	0	1	0	1	0	1	0	0	1	1	0	1	1	0	0	0	0	0	2	1	0	1	0	1	0	1	1	1	0	0	1	0	0	0	0	1	0	0	2	2	1	3	0	0	1	0	1	0	0	0	1	0	0	1	0	1	0	0	0	1	0	1	1	0	0	0	0	0	2	0	0
G[Ins(T):R5]G	0	1	0	1	0	1	0	1	0	0	0	0	0	0	0	1	0	0	0	0	0	1	0	0	0	1	2	0	0	1	0	1	0	1	0	0	1	0	0	1	0	0	1	1	0	0	52	0	0	0	0	1	0	2	0	1	0	1	0	0	1	0	1	0	0	0	1	0	0	0	0	0	0	0	0	1	0	0	1	0	0	1	1	1	0	0	2	0	1	0	0	0	0	1	0	0	1	0	0	0	2	2	1	0	0	0	0	0	0	0	0	0	0	1	0	2	1	0	1	0	0	1	0	0	1	0	1	0	3	0	1	1	0	0	1	0	1	1	0	0	0	0	1	0	0	2	1	0	0	1	1	0	0	0	0	0	2	0	0	0	1	0	0	0	0	0	0	1	0	0	0	0	0	1	0	0	0	1	2	1	0	1	0	0	1	0	0	0	1	0	2	0	0	0	2	1	0	0	3	0	0	2	0	0	1	2	1	0	0	1	0	1	0	0	1	0	1	0	0	0	1	2	0	1	0	1	0	1	0	0	0	0	1	0	0	1	0	0	0	3	0	0	0	0	2	0	0	0	0	0	0	0	0	1	1	0	0	1	2	0	1	0	0	0
G[Ins(T):R6]A	1	0	2	2	0	0	0	1	1	0	1	2	0	0	0	0	3	0	1	2	1	0	0	1	0	1	0	0	0	0	1	2	2	1	1	1	1	0	1	0	2	1	1	1	1	0	174	0	1	0	1	1	0	0	0	0	0	0	0	0	1	0	0	0	0	0	1	0	0	0	1	0	1	0	0	1	1	3	0	0	0	0	0	2	0	0	0	1	0	0	0	2	0	0	2	1	0	0	0	1	0	0	0	3	2	0	0	2	1	1	1	2	1	1	2	1	0	2	1	0	1	3	1	2	1	1	1	0	0	0	1	2	0	1	5	0	1	0	0	0	1	0	2	1	3	2	1	0	0	0	0	1	1	0	0	0	1	0	1	6	0	2	0	1	1	1	2	0	0	0	1	2	1	0	0	2	1	2	1	3	0	2	0	3	0	0	0	0	0	0	0	1	0	1	0	0	1	1	1	2	1	1	2	0	3	2	1	1	0	6	0	0	0	1	0	0	0	0	1	3	0	1	1	0	0	1	0	1	1	2	0	1	1	5	1	1	5	1	1	1	0	1	1	2	4	0	1	1	0	1	1	2	1	0	1	2	2	1	0	0	3	1	0	0
G[Ins(T):R6]C	0	4	0	3	1	0	0	0	5	0	2	0	1	2	3	3	0	1	2	2	1	1	1	0	0	2	1	0	0	0	2	0	1	0	0	0	0	0	1	0	3	2	1	0	2	2	226	1	1	0	2	0	0	1	0	0	1	1	1	0	4	1	7	0	1	0	0	4	0	0	2	0	4	2	1	0	0	6	1	1	0	1	0	2	0	1	2	1	0	3	0	1	1	3	1	0	0	1	0	0	6	1	0	0	0	2	0	1	3	1	1	1	1	0	1	3	2	1	1	2	1	8	1	2	0	0	2	0	2	1	1	0	1	3	9	1	3	3	1	1	2	1	0	0	0	1	4	0	0	1	3	4	2	0	4	1	2	2	1	6	0	4	1	1	3	3	1	0	0	2	1	0	1	1	2	3	0	4	2	2	2	4	4	4	0	1	0	2	3	2	0	0	0	0	1	1	1	2	6	2	1	1	0	1	1	3	0	2	0	4	2	5	0	0	5	0	4	0	4	3	5	2	0	0	0	1	0	1	2	2	0	2	5	7	4	2	5	0	0	0	0	3	1	2	2	2	0	6	1	2	2	2	1	3	2	6	1	1	2	2	3	4	1	5
G[Ins(T):R6]G	1	1	2	2	0	0	0	2	1	0	0	4	1	0	1	4	3	2	0	0	0	4	1	2	1	2	2	1	1	1	3	0	0	0	1	1	2	0	0	1	4	0	2	0	1	0	347	0	3	2	2	0	2	0	3	2	2	2	0	0	0	1	3	0	0	0	0	1	1	0	1	1	6	2	2	2	0	4	0	2	0	1	0	1	2	1	1	1	1	1	0	2	2	1	1	0	0	1	0	1	1	0	0	3	1	0	0	0	1	2	1	1	0	2	0	0	1	1	2	1	3	5	0	2	1	0	2	4	3	1	1	0	2	0	4	0	1	4	3	1	0	2	0	1	1	4	3	0	2	1	1	1	1	0	0	0	5	2	1	6	1	3	1	1	0	2	0	0	0	1	1	0	5	0	1	1	0	0	8	1	3	0	1	4	2	3	0	2	0	5	1	1	1	1	0	2	0	2	3	0	0	5	2	0	1	0	2	3	0	1	1	4	2	3	2	3	2	1	4	8	1	4	1	1	1	0	0	0	3	2	2	2	2	6	7	0	4	4	0	1	0	0	1	0	5	3	0	4	0	0	0	1	3	0	2	2	1	1	2	1	2	2	2	5
G[Ins(T):R7]A	4	2	3	1	3	0	0	0	2	1	1	2	1	0	2	4	1	1	1	3	1	0	0	0	2	1	1	0	0	2	0	1	2	3	2	5	0	1	2	2	1	1	0	1	2	1	290	1	0	1	2	0	0	1	4	0	0	2	0	0	1	1	2	1	1	1	0	0	0	0	1	1	2	1	0	1	1	2	0	0	0	3	0	0	1	3	0	0	3	4	1	0	0	0	1	1	2	1	3	1	0	1	0	4	3	2	0	1	0	2	2	3	1	0	1	2	2	1	2	4	3	6	2	2	1	2	1	2	2	1	1	2	1	1	8	1	0	0	0	0	0	2	0	1	0	5	2	1	4	0	1	2	1	1	2	2	5	1	0	8	0	2	0	1	2	1	4	0	0	2	1	0	0	0	1	0	2	2	3	3	1	3	0	0	1	6	2	0	1	2	2	1	1	0	0	2	1	2	6	0	3	2	1	0	1	3	2	1	0	1	0	1	0	4	3	1	3	1	1	3	0	2	3	2	0	1	0	2	0	3	2	3	2	8	8	2	3	4	1	1	3	0	0	1	5	1	1	1	0	0	0	2	1	1	0	1	0	4	2	1	3	1	2	1
G[Ins(T):R7]C	1	1	2	0	1	2	1	0	2	1	3	7	1	2	1	2	0	0	1	1	2	0	0	0	0	2	0	0	1	0	0	1	0	1	1	1	1	0	3	0	7	2	2	0	0	1	282	0	2	2	3	0	0	1	1	0	0	0	0	0	4	2	3	1	1	0	1	0	0	0	0	1	4	3	0	1	2	3	0	0	1	1	0	1	1	1	2	3	1	2	0	0	0	0	0	0	0	2	0	1	2	1	0	1	1	0	1	1	0	1	0	1	1	1	0	1	0	1	2	0	3	2	2	3	0	2	1	0	0	0	1	0	0	2	6	0	0	2	0	1	0	3	0	0	0	9	1	1	1	0	0	7	3	1	0	1	7	1	0	2	0	3	2	2	0	3	2	0	2	1	0	2	4	0	0	1	1	1	4	4	1	2	0	1	1	1	0	2	3	3	1	1	2	0	2	1	0	2	1	1	0	3	0	2	1	3	1	2	1	7	1	0	0	1	7	3	3	1	5	2	1	2	4	2	2	0	1	1	5	3	2	2	3	4	2	0	5	3	1	1	1	2	1	4	4	1	1	0	0	0	1	2	5	2	5	1	1	5	3	0	2	8	4	1
G[Ins(T):R7]G	3	3	6	4	0	2	0	1	3	0	4	3	1	0	5	1	1	0	2	0	0	0	0	2	0	1	0	1	0	5	2	0	2	0	2	7	3	2	3	0	6	1	1	2	2	2	454	0	2	1	3	2	0	1	2	1	0	1	1	1	0	0	1	0	0	0	1	1	0	0	1	0	2	1	0	0	1	0	2	1	0	2	0	1	0	0	1	4	1	4	1	0	3	0	4	0	1	3	0	0	6	2	1	2	2	1	1	3	2	2	0	5	1	0	1	0	2	2	0	4	2	0	1	3	0	2	2	3	4	0	2	1	4	3	10	1	2	5	0	0	3	3	2	1	1	2	5	0	1	3	1	5	1	0	3	0	10	4	1	9	0	4	2	0	3	3	1	1	1	0	0	0	2	2	2	3	1	2	4	5	0	2	3	2	1	2	1	0	1	1	1	0	0	0	1	1	0	2	3	1	2	4	0	2	3	1	1	1	0	4	1	6	1	5	3	2	1	1	4	2	4	0	1	1	2	0	0	2	5	1	1	0	1	5	7	0	9	5	1	4	0	0	1	1	5	4	0	3	0	1	1	1	2	1	0	7	3	3	2	0	0	8	5	1
G[Ins(T):R8]A	1	2	0	4	1	1	0	0	0	0	1	3	1	1	1	2	0	1	0	2	0	0	0	1	1	2	0	1	1	0	0	0	1	1	0	3	1	0	4	1	1	0	1	1	0	0	335	2	0	1	0	1	0	0	2	4	1	0	0	1	1	0	2	1	0	0	0	1	0	0	0	0	2	1	2	0	0	0	1	1	0	1	0	1	1	0	3	1	1	1	0	0	0	0	0	2	2	0	1	1	2	2	0	1	6	1	1	2	0	1	1	3	2	1	0	2	2	0	1	1	4	4	2	2	0	0	2	1	0	2	0	0	2	1	11	2	2	5	3	1	0	3	0	3	1	2	4	1	1	1	2	4	2	1	1	0	3	2	1	6	1	2	1	0	3	2	2	0	2	0	1	1	5	1	1	3	0	1	3	6	3	3	2	4	1	1	0	1	1	3	0	0	0	0	1	0	3	1	4	2	4	6	1	0	1	1	4	4	0	5	1	7	1	2	4	5	2	3	3	2	2	0	6	1	0	0	0	1	1	3	6	2	7	6	9	0	7	7	0	3	1	2	0	3	1	2	0	2	0	1	4	3	5	1	1	4	1	1	3	0	1	4	0	0
G[Ins(T):R8]C	0	2	3	0	0	0	0	0	3	1	1	4	3	2	1	4	2	2	1	1	1	1	2	2	1	0	1	1	2	2	1	1	1	0	1	3	0	1	0	0	4	1	1	1	2	0	300	1	0	1	1	1	0	1	0	0	1	0	1	1	3	2	1	0	0	0	0	1	1	1	4	0	2	2	2	1	1	4	0	2	2	1	0	1	0	0	1	0	2	3	2	0	1	0	2	0	2	0	0	0	3	1	0	0	2	2	0	2	1	4	0	3	1	2	0	0	2	1	0	3	3	0	1	3	1	2	0	1	5	3	1	0	1	2	4	0	2	3	0	0	1	1	3	2	3	2	5	1	3	1	2	6	1	0	1	2	3	2	1	9	0	5	3	2	1	2	2	0	1	2	2	0	1	0	2	4	1	3	7	1	3	1	4	1	1	1	2	3	2	3	1	1	2	0	1	1	0	0	4	1	5	5	1	0	3	0	0	1	0	2	3	2	1	1	8	2	1	2	11	3	3	2	3	1	0	2	0	0	4	3	1	2	4	2	2	1	7	2	0	0	2	0	0	1	6	5	1	5	1	0	3	3	0	1	0	3	0	2	0	0	3	6	2	2
G[Ins(T):R8]G	4	2	2	3	1	2	0	2	2	1	1	3	0	2	2	1	1	1	1	1	0	0	1	2	1	0	0	0	1	0	0	2	1	0	1	5	2	3	2	0	1	0	2	2	2	0	491	1	0	2	2	4	0	0	0	1	2	0	0	2	2	1	6	2	1	1	0	2	0	0	3	1	2	1	1	1	4	3	2	2	0	3	3	1	2	2	3	1	4	4	2	1	2	1	0	1	1	0	0	2	4	3	0	0	4	5	1	0	1	1	4	2	0	3	2	2	2	5	1	4	5	4	2	1	3	2	3	2	3	3	0	2	0	3	14	0	2	6	3	2	0	2	1	1	5	4	5	3	1	2	2	8	4	4	3	2	13	0	1	16	2	7	0	0	3	2	2	1	1	1	2	0	2	0	2	5	3	2	10	5	5	3	1	1	0	2	0	3	0	2	2	0	2	0	0	1	2	3	4	3	2	3	3	3	5	3	2	2	0	1	4	6	0	2	11	1	3	1	10	2	2	4	3	3	0	0	1	2	3	5	0	2	4	8	9	1	5	11	1	4	3	3	0	2	7	3	0	5	0	1	0	4	4	0	1	5	3	5	6	0	1	3	2	2
G[Ins(T):R(9,)]A	0	0	0	0	0	0	0	0	0	0	0	0	0	0	0	0	0	0	0	0	0	0	0	0	0	0	0	0	0	0	0	0	0	0	0	0	0	0	0	0	0	0	0	0	0	0	0	0	0	0	0	0	0	0	0	0	0	0	0	0	0	0	0	0	0	0	0	0	0	0	0	0	0	0	0	0	0	0	0	0	0	0	0	0	0	0	0	0	0	0	0	0	0	0	0	0	0	0	0	0	0	0	0	0	0	0	0	0	0	0	0	0	0	0	0	0	0	0	0	0	0	0	0	0	0	0	0	0	0	0	0	0	0	0	0	0	0	0	0	0	0	0	0	0	0	0	0	0	0	0	0	0	0	0	0	0	0	0	0	0	0	0	0	0	0	0	0	0	0	0	0	0	0	0	0	0	0	0	0	0	0	0	0	0	0	0	0	0	0	0	0	0	0	0	0	0	0	0	0	0	0	0	0	0	0	0	0	0	0	0	0	0	0	0	0	0	0	0	0	0	0	0	0	0	0	0	0	0	0	0	0	0	0	0	0	0	0	0	0	0	0	0	0	0	0	0	0	0	0	0	0	0	0	0	0	0	0	0	0	0	0	0	0	0
G[Ins(T):R(9,)]C	0	0	0	0	0	0	0	0	0	0	0	0	0	0	0	0	0	0	0	0	0	0	0	0	0	0	0	0	0	0	0	0	0	0	0	0	0	0	0	0	0	0	0	0	0	0	0	0	0	0	0	0	0	0	0	0	0	0	0	0	0	0	0	0	0	0	0	0	0	0	0	0	0	0	0	0	0	0	0	0	0	0	0	0	0	0	0	0	0	0	0	0	0	0	0	0	0	0	0	0	0	0	0	0	0	0	0	0	0	0	0	0	0	0	0	0	0	0	0	0	0	0	0	0	0	0	0	0	0	0	0	0	0	0	0	0	0	0	0	0	0	0	0	0	0	0	0	0	0	0	0	0	0	0	0	0	0	0	0	0	0	0	0	0	0	0	0	0	0	0	0	0	0	0	0	0	0	0	0	0	0	0	0	0	0	0	0	0	0	0	0	0	0	0	0	0	0	0	0	0	0	0	0	0	0	0	0	0	0	0	0	0	0	0	0	0	0	0	0	0	0	0	0	0	0	0	0	0	0	0	0	0	0	0	0	0	0	0	0	0	0	0	0	0	0	0	0	0	0	0	0	0	0	0	0	0	0	0	0	0	0	0	0	0
G[Ins(T):R(9,)]G	0	0	0	0	0	0	0	0	0	0	0	0	0	0	0	0	0	0	0	0	0	0	0	0	0	0	0	0	0	0	0	0	0	0	0	0	0	0	0	0	0	0	0	0	0	0	0	0	0	0	0	0	0	0	0	0	0	0	0	0	0	0	0	0	0	0	0	0	0	0	0	0	0	0	0	0	0	0	0	0	0	0	0	0	0	0	0	0	0	0	0	0	0	0	0	0	0	0	0	0	0	0	0	0	0	0	0	0	0	0	0	0	0	0	0	0	0	0	0	0	0	0	0	0	0	0	0	0	0	0	0	0	0	0	0	0	0	0	0	0	0	0	0	0	0	0	0	0	0	0	0	0	0	0	0	0	0	0	0	0	0	0	0	0	0	0	0	0	0	0	0	0	0	0	0	0	0	0	0	0	0	0	0	0	0	0	0	0	0	0	0	0	0	0	0	0	0	0	0	0	0	0	0	0	0	0	0	0	0	0	0	0	0	0	0	0	0	0	0	0	0	0	0	0	0	0	0	0	0	0	0	0	0	0	0	0	0	0	0	0	0	0	0	0	0	0	0	0	0	0	0	0	0	0	0	0	0	0	0	0	0	0	0	0
Del2:U1:R1	1	5	3	1	1	2	1	1	3	3	7	1	1	0	4	4	0	2	3	4	2	2	2	4	4	5	6	9	3	2	1	2	2	2	1	3	1	1	2	4	1	7	2	1	0	2	5	2	3	1	2	1	2	1	1	3	0	1	2	1	2	5	2	5	1	3	2	1	1	3	7	0	3	3	1	2	0	1	1	1	1	7	2	4	5	4	5	5	1	1	0	3	2	2	7	5	2	3	3	1	5	0	5	6	4	1	4	0	5	5	3	2	0	1	5	4	2	5	4	3	2	5	7	6	4	6	0	1	2	7	4	2	11	0	2	2	5	1	2	1	8	8	3	1	3	6	3	2	1	1	2	4	2	2	2	1	3	5	6	3	1	3	0	1	4	2	4	1	0	5	1	4	8	2	1	9	5	3	10	5	1	7	3	4	6	1	2	7	2	1	0	3	4	1	3	1	3	6	9	6	7	8	0	0	3	7	4	3	0	3	3	4	5	6	3	0	8	1	4	2	6	3	6	5	7	3	1	1	7	2	2	1	5	6	5	2	16	3	5	1	2	4	1	8	5	1	3	3	1	3	8	5	0	1	3	1	1	4	3	3	2	4	0	2
Del3:U1:R1	0	1	1	2	0	1	0	0	2	1	3	1	1	0	1	0	0	0	1	0	2	0	0	0	2	2	0	0	0	1	0	1	0	3	1	1	0	0	1	1	1	1	0	0	2	3	0	0	0	1	1	1	0	0	1	5	1	2	0	1	0	1	0	0	1	0	1	2	0	0	1	0	1	0	2	1	2	0	2	0	0	3	1	1	2	1	0	2	0	3	1	0	0	2	5	0	1	0	0	1	2	0	1	1	2	0	3	0	5	2	0	0	0	0	3	1	0	3	2	0	4	3	3	3	2	1	0	0	1	3	2	1	8	2	2	1	0	4	1	0	0	3	1	0	1	1	0	1	1	0	0	2	1	0	1	1	1	2	1	0	0	1	0	1	2	0	0	0	0	1	0	0	3	1	0	1	1	1	5	1	2	2	1	1	0	0	1	0	0	2	2	3	0	0	2	0	1	4	1	2	0	0	1	0	0	0	1	4	0	0	0	1	0	1	1	0	0	0	1	1	1	1	0	2	2	2	0	0	0	0	1	1	2	3	4	1	1	1	0	0	1	0	1	0	3	1	0	0	0	0	3	5	1	0	2	0	1	0	1	2	0	1	1	0
Del4:U1:R1	0	1	0	0	0	0	1	0	0	0	0	0	1	1	0	1	1	0	0	2	0	0	0	1	0	1	0	0	0	0	0	2	1	1	1	1	3	0	1	2	0	2	2	1	0	0	1	1	1	3	3	0	1	0	1	2	0	1	0	0	0	1	3	0	1	1	1	0	0	0	2	1	3	0	0	1	0	0	1	0	2	2	0	1	0	1	1	4	1	0	0	0	1	1	1	2	1	0	1	0	0	1	1	1	1	1	2	1	0	1	0	1	1	0	0	2	3	2	1	0	1	2	5	3	2	2	0	0	0	3	2	0	5	2	0	0	3	2	0	1	0	5	0	0	0	5	0	0	2	3	2	1	0	0	0	0	0	0	1	0	0	0	0	0	1	0	0	0	0	0	1	0	3	0	0	2	1	4	2	3	1	2	1	4	1	0	3	3	1	0	2	1	0	0	1	0	0	1	2	2	4	1	1	0	2	2	5	4	3	1	1	2	0	0	0	1	0	0	1	0	3	0	1	1	2	0	0	0	0	3	0	1	1	2	5	1	1	0	3	0	1	2	1	0	0	0	0	2	0	0	0	3	1	0	0	2	0	2	5	2	1	1	0	0
Del5:U1:R1	3	0	0	0	1	0	0	1	2	0	1	0	0	0	1	0	1	0	0	0	2	1	0	0	0	0	1	0	0	0	0	0	0	0	0	1	0	0	3	3	3	0	0	0	0	0	0	2	0	1	0	0	0	0	1	2	0	1	1	1	0	2	0	0	0	0	0	0	0	1	0	0	0	0	0	1	0	0	1	0	0	0	0	0	1	1	1	0	0	0	1	2	1	0	6	2	0	0	0	2	1	0	0	2	0	0	1	0	1	0	0	2	0	0	2	0	0	4	0	0	0	3	0	1	0	1	0	0	0	2	3	2	2	0	0	1	0	1	0	0	1	1	0	0	0	0	1	1	1	4	0	2	1	2	2	3	0	3	1	1	0	0	2	0	4	0	0	2	1	2	0	0	5	1	1	2	1	2	3	3	1	2	2	0	2	0	1	2	4	0	0	4	1	1	1	0	2	0	1	1	3	4	0	2	1	1	1	5	2	1	0	5	3	1	0	0	2	1	1	1	1	0	1	1	1	1	1	1	0	0	0	0	0	1	5	0	1	0	1	2	0	1	2	0	0	0	0	1	0	2	0	6	0	0	2	1	2	1	1	2	1	3	0	0
Del6:U1:R1	2	1	0	0	0	1	0	0	1	0	1	1	0	0	0	0	0	0	0	0	2	0	0	0	0	2	1	0	0	3	0	0	0	0	0	1	1	0	6	0	0	0	1	1	0	1	0	1	1	4	2	0	0	0	0	5	0	0	0	1	0	1	1	0	0	0	0	0	0	0	0	1	0	0	0	2	1	0	1	0	0	1	1	0	2	3	0	0	0	1	0	0	2	0	2	0	0	0	1	0	1	0	0	0	0	0	0	0	2	0	0	1	1	0	3	0	1	1	1	2	0	0	0	1	2	2	0	0	4	0	1	2	1	0	0	0	3	0	0	0	2	1	2	1	1	2	1	0	2	3	3	2	1	2	0	0	0	2	0	1	0	1	2	1	4	0	2	0	0	2	1	1	2	0	0	2	1	3	1	2	1	1	0	1	1	1	0	0	0	0	3	1	0	0	1	0	1	3	0	0	2	0	0	1	1	2	3	1	4	0	0	5	4	0	1	0	0	1	0	0	0	0	0	4	2	1	0	0	1	1	0	2	0	1	2	1	0	2	6	0	2	0	1	0	0	0	1	1	2	1	0	2	0	0	1	1	1	3	1	5	3	3	0	0
Del7:U1:R1	1	1	0	2	1	1	0	1	0	1	1	0	0	1	0	0	0	1	2	0	0	0	0	0	0	1	0	0	0	0	1	1	1	3	0	0	0	0	4	3	0	1	0	0	0	0	1	1	5	5	0	1	1	0	1	2	0	0	1	0	0	2	0	0	0	0	0	0	0	0	0	1	1	0	0	0	0	0	0	0	0	1	0	0	1	1	1	4	0	1	0	3	1	1	2	2	0	0	0	1	0	0	0	0	0	0	0	0	1	1	0	1	0	0	0	0	0	3	1	3	7	2	2	1	1	0	1	0	1	0	0	1	6	0	0	1	0	1	0	0	3	1	1	1	1	2	0	0	0	7	0	5	2	0	0	0	0	1	1	0	0	0	0	0	2	2	0	0	0	1	0	1	4	2	1	0	1	0	0	1	1	0	2	0	2	0	1	0	0	0	2	1	1	0	0	1	1	1	0	2	1	1	1	0	2	3	1	2	0	2	0	6	2	0	1	0	1	0	0	1	1	0	0	3	1	3	0	0	1	0	0	0	0	3	1	2	1	0	0	2	1	0	0	0	0	0	2	1	0	0	0	2	0	1	2	2	0	3	3	1	1	2	0	0
Del8:U1:R1	0	0	0	1	0	1	3	0	0	0	1	0	0	1	0	0	0	0	0	1	0	0	0	0	0	0	0	0	0	3	0	0	0	1	0	0	0	0	3	2	0	1	0	0	0	0	0	0	1	0	0	4	0	0	0	3	0	1	0	1	0	0	0	0	0	1	0	0	1	0	2	0	0	0	0	2	0	0	0	1	0	0	2	1	0	4	0	1	0	0	0	4	1	0	2	0	0	0	0	0	0	0	1	1	0	0	3	0	2	0	0	1	1	2	3	1	1	0	0	1	2	0	2	0	0	2	0	0	1	2	1	0	4	0	1	0	0	2	0	0	4	1	0	0	1	1	0	0	0	2	1	1	1	1	3	2	0	2	0	0	0	0	0	0	1	1	0	1	1	2	1	0	6	1	2	1	0	2	1	1	0	0	1	0	1	0	0	1	1	0	0	0	1	0	0	1	0	0	0	0	0	0	1	2	1	1	1	0	1	0	0	1	3	0	0	1	0	0	0	1	0	0	0	2	1	1	1	1	0	0	0	0	1	1	1	0	0	1	2	0	5	1	1	0	0	0	4	0	0	1	1	3	0	0	0	0	0	1	4	1	1	1	0	0
Del9:U1:R1	0	0	0	0	0	0	0	0	0	0	1	1	0	2	0	0	0	0	0	1	0	0	0	0	0	0	0	0	1	1	0	1	0	5	0	1	0	0	4	4	0	0	0	2	1	0	0	0	1	2	0	3	0	0	1	0	2	0	1	0	0	1	1	1	1	2	0	0	0	1	4	0	0	0	0	3	1	0	0	0	0	0	0	0	2	2	0	1	0	3	0	0	2	0	3	1	2	0	0	0	1	0	1	0	0	0	1	0	2	1	0	0	1	0	0	0	0	2	0	0	1	2	2	1	1	4	0	1	1	2	0	2	1	0	0	0	2	0	0	2	1	1	0	1	2	0	0	2	0	3	0	0	0	1	1	0	0	1	0	1	0	0	2	0	1	1	0	1	0	2	0	0	0	1	1	0	0	1	0	0	0	0	2	0	3	2	0	0	0	1	0	0	0	0	0	2	0	0	2	0	1	2	2	0	2	1	1	3	1	0	0	2	1	1	0	0	0	0	0	0	0	0	0	0	0	0	1	1	0	0	0	0	1	1	1	1	0	0	1	0	1	2	0	1	0	0	3	0	0	0	0	0	0	0	1	0	0	0	3	1	0	0	0	0
Del(10,):U1:R1	18	0	0	2	3	3	15	3	2	4	3	3	9	16	0	3	10	21	0	1	7	5	1	0	11	2	4	2	16	18	2	1	0	24	4	2	2	1	29	23	3	7	3	6	2	3	5	17	23	28	2	18	11	1	19	63	11	28	19	6	3	2	1	6	10	15	3	33	8	8	12	19	6	1	9	14	2	5	1	1	0	4	6	2	16	25	2	17	3	14	2	8	22	6	19	5	12	3	7	13	3	0	53	5	1	1	29	1	14	5	0	16	14	3	19	3	14	15	2	10	6	20	18	4	8	16	1	3	0	4	16	4	19	1	6	0	3	16	3	4	24	59	10	2	5	9	4	14	1	18	15	9	2	2	4	6	1	7	0	2	0	0	5	4	50	3	1	3	0	3	2	12	56	3	7	9	3	30	7	5	6	4	11	2	4	0	9	3	2	5	5	20	0	1	3	6	4	6	0	2	5	5	14	3	29	15	14	21	6	5	2	28	7	4	2	0	6	6	1	0	3	5	4	26	8	9	1	0	2	3	1	4	12	4	18	2	3	4	26	2	12	29	8	5	1	1	12	3	1	2	2	26	2	0	2	5	6	4	10	5	6	12	0	3
Del2:U(2,):R1	4	5	1	6	7	7	3	3	8	3	3	6	3	2	2	3	2	5	2	2	2	0	3	4	5	1	3	1	4	3	0	2	5	4	1	2	1	0	16	10	1	5	2	5	1	3	4	7	6	6	5	6	1	3	4	6	3	6	6	3	2	3	4	3	3	2	4	3	3	3	6	3	6	2	0	6	2	1	1	1	4	10	4	3	3	2	4	7	2	9	0	3	1	0	8	6	2	2	3	3	5	4	2	6	1	0	6	2	5	10	2	0	3	4	8	7	2	8	8	8	6	4	5	11	4	5	1	4	6	8	1	2	16	6	5	2	1	9	2	1	12	10	5	4	4	9	6	3	3	5	2	4	5	1	7	2	5	8	4	6	0	6	3	3	10	3	6	2	2	6	2	4	21	3	0	13	7	5	11	6	6	9	4	5	4	2	7	4	2	1	5	2	8	1	4	2	2	6	8	5	6	3	5	0	7	9	5	11	2	2	9	8	4	11	5	2	5	6	4	2	5	8	3	5	1	8	2	4	6	3	1	2	9	5	17	4	14	5	11	3	6	3	4	5	11	3	4	2	2	1	4	11	4	2	4	4	4	2	6	12	13	16	0	3
Del3:U(2,):R1	4	2	1	4	3	1	0	1	4	1	2	0	3	2	4	1	1	0	2	1	2	0	0	1	2	1	3	0	3	3	1	3	2	2	1	3	3	0	7	3	1	3	3	1	1	2	1	4	2	6	1	7	0	2	3	3	3	3	3	0	1	1	2	0	5	3	4	5	2	1	5	3	7	0	1	5	2	0	0	1	0	9	0	3	4	3	3	8	2	6	1	6	1	1	4	6	2	2	1	3	1	1	1	1	2	2	3	4	0	6	1	1	1	3	5	3	4	1	1	2	3	4	8	3	6	7	0	2	2	3	8	4	12	3	9	2	2	5	1	0	10	2	2	2	2	4	1	0	0	3	3	2	3	2	6	1	2	3	2	3	0	0	1	0	5	3	1	0	1	1	0	4	13	2	2	4	3	5	4	3	4	2	0	5	0	1	1	3	0	0	2	7	2	1	0	0	1	4	0	5	4	2	3	1	3	2	1	9	2	0	1	7	1	3	0	1	3	2	0	2	2	2	3	9	4	2	1	0	2	0	3	0	5	4	12	3	5	2	7	0	2	5	2	3	4	1	1	2	0	0	2	10	0	1	2	0	1	3	3	3	1	5	0	1
Del4:U(2,):R1	2	4	0	3	0	0	2	3	1	0	0	3	0	1	3	4	0	4	0	0	3	0	2	0	1	0	1	1	0	5	2	2	3	3	1	1	1	1	13	6	0	5	1	3	0	3	1	1	3	12	2	4	1	0	2	5	0	5	3	3	3	3	2	1	1	2	0	2	0	0	1	1	3	0	1	3	3	1	0	1	1	7	2	0	3	1	0	7	2	1	1	5	3	2	10	5	0	1	1	0	0	0	2	4	0	0	2	3	3	5	0	2	1	2	4	5	0	2	5	2	2	4	5	3	7	9	0	2	0	2	2	0	7	1	1	2	3	0	2	2	11	4	2	2	1	4	2	5	2	4	0	2	1	0	2	1	4	4	1	1	1	0	2	3	3	1	5	0	0	1	2	1	7	3	0	4	0	1	8	7	5	2	1	0	1	2	1	0	0	0	3	2	2	0	2	1	0	2	2	3	3	3	7	2	5	4	1	8	0	0	0	5	1	4	3	2	2	4	0	0	2	1	3	5	3	2	0	1	3	0	0	2	2	2	8	2	1	2	8	0	2	7	2	1	1	0	4	0	1	0	0	10	1	2	1	0	0	3	6	2	1	4	0	1
Del5:U(2,):R1	3	1	0	3	2	2	0	3	1	0	1	0	0	1	0	1	1	0	0	0	2	0	1	0	1	0	0	1	2	4	0	1	5	2	0	3	0	0	3	6	3	1	3	1	0	2	1	2	6	2	1	5	1	0	2	4	2	2	6	3	2	5	1	0	2	0	0	2	2	0	4	2	0	0	0	3	0	1	1	1	0	2	1	1	1	6	0	8	4	9	0	2	0	0	6	3	2	0	2	0	3	0	3	1	0	0	3	1	2	1	0	1	0	3	4	4	1	7	2	5	7	13	4	2	3	6	0	2	0	0	6	8	6	0	2	2	3	4	2	3	2	8	4	7	5	5	4	1	1	11	2	10	3	1	2	1	1	6	3	2	1	0	4	1	3	0	5	2	0	1	0	4	8	1	4	1	4	8	4	3	6	6	7	5	1	1	6	1	3	0	3	8	1	1	0	3	2	3	1	5	6	4	2	4	7	15	4	7	3	2	1	8	7	3	1	1	1	1	3	0	0	2	3	9	1	6	0	2	5	1	1	1	2	6	5	2	0	1	5	3	4	4	4	0	2	0	4	1	1	0	1	6	3	0	6	1	2	4	2	5	5	8	0	1
Del6:U(2,):R1	0	1	1	3	1	2	0	0	1	0	0	2	0	1	1	0	0	3	2	1	0	0	0	1	4	0	1	0	2	2	0	0	0	3	0	2	2	0	10	4	0	2	1	1	1	0	0	2	1	4	2	5	0	1	2	7	0	1	1	2	0	1	1	1	4	1	0	2	0	0	4	0	5	0	1	7	0	1	1	0	0	2	2	0	2	2	0	2	3	2	1	1	2	0	6	0	2	0	3	0	1	1	5	0	0	0	4	0	7	3	0	0	3	4	3	3	1	11	2	6	3	5	6	1	2	8	3	3	3	4	2	2	7	2	0	2	2	2	2	2	5	2	1	5	1	2	2	2	3	8	2	3	3	1	1	0	0	3	2	7	0	1	1	1	5	1	1	0	1	2	1	1	12	1	1	4	0	3	5	3	4	4	4	2	2	0	2	1	2	2	5	2	2	0	0	2	2	1	2	2	6	3	3	0	9	17	3	7	4	3	1	5	7	1	1	1	1	0	0	1	0	0	2	5	2	2	1	0	4	1	0	0	5	3	5	4	2	3	4	0	2	2	1	4	1	0	5	0	0	0	0	2	2	0	2	1	2	4	6	3	1	5	0	0
Del7:U(2,):R1	4	0	1	1	0	0	2	1	1	0	0	0	1	2	1	1	1	1	0	0	2	0	0	1	5	2	0	0	0	1	0	1	1	3	0	0	0	0	8	7	0	2	0	0	0	0	0	2	3	5	0	7	2	0	2	4	0	0	5	4	0	3	0	0	0	1	0	0	0	0	6	3	1	0	2	3	1	0	0	1	0	0	1	1	2	2	4	5	1	5	1	2	3	1	6	0	2	1	0	1	1	0	4	0	1	0	0	1	3	1	0	5	0	2	5	2	2	4	0	6	2	5	1	1	0	5	0	0	5	4	2	2	7	2	1	0	1	6	1	3	4	5	4	0	1	3	0	4	1	3	3	8	3	0	3	3	2	2	0	2	0	2	1	1	7	0	2	3	0	1	0	0	8	2	4	4	6	7	3	6	3	1	0	1	1	1	4	0	0	1	0	3	0	0	0	2	1	0	0	4	1	0	6	3	2	11	1	5	2	1	0	6	10	2	3	0	1	0	1	1	0	2	3	6	0	6	1	0	0	3	1	0	2	4	9	0	0	0	5	0	0	3	2	2	0	1	2	1	1	0	1	10	0	0	0	3	5	3	4	3	3	7	2	0
Del8:U(2,):R1	3	0	0	1	0	1	2	1	2	0	2	1	1	3	1	1	2	2	0	0	2	2	1	0	0	0	0	0	1	4	1	0	1	3	0	0	0	0	4	1	3	1	1	2	0	0	1	1	2	3	1	7	3	1	2	7	1	0	2	3	0	2	0	1	2	0	0	0	2	2	1	1	5	0	0	5	0	0	1	0	0	2	1	0	0	5	2	7	4	3	0	3	4	3	3	1	1	2	0	2	0	0	2	3	1	1	3	0	2	2	0	3	0	1	4	2	0	3	3	2	4	5	2	3	1	3	0	2	0	3	4	4	8	1	1	1	6	6	3	4	6	6	1	1	0	1	0	1	1	7	0	6	3	2	3	1	0	5	0	4	0	0	2	1	5	3	0	3	0	1	0	1	6	1	2	7	2	7	1	4	2	1	3	3	3	2	2	2	1	2	4	5	2	0	1	1	4	1	1	2	1	2	4	0	9	5	4	6	1	1	0	3	5	1	0	1	0	0	1	0	0	1	1	2	1	2	1	0	4	2	0	0	2	3	2	7	2	1	1	4	4	7	3	1	0	4	1	0	0	2	0	6	1	0	2	5	3	2	5	2	1	4	0	1
Del9:U(2,):R1	1	0	0	2	0	1	2	2	0	0	4	2	2	2	0	0	0	1	0	0	1	0	0	0	1	0	1	0	0	1	0	0	3	2	0	1	0	0	7	1	0	1	1	2	0	0	2	1	3	4	0	3	2	0	2	8	0	3	3	0	0	2	0	1	0	1	0	1	0	1	4	1	0	1	1	4	1	0	0	0	0	2	1	0	2	2	1	5	2	3	0	2	1	0	5	0	1	0	0	0	2	1	3	0	0	1	1	1	0	2	0	2	1	0	0	0	1	2	0	0	1	3	1	2	3	2	0	0	1	0	4	2	5	0	0	2	1	8	3	2	6	4	3	2	1	2	0	1	1	4	1	2	3	3	3	0	1	0	0	0	0	0	0	2	5	4	1	0	0	3	2	0	8	4	2	2	1	5	3	4	0	2	1	3	2	0	4	1	0	2	4	4	2	1	1	1	3	1	0	4	3	1	4	2	10	2	2	4	0	1	0	7	3	2	0	1	0	0	0	0	2	0	3	3	4	0	0	0	3	2	1	0	1	2	7	0	1	2	1	2	4	1	3	0	0	0	2	0	0	2	1	3	1	0	3	1	1	1	5	3	1	5	1	0
Del(10,):U(2,):R1	29	4	2	10	1	8	51	11	4	5	6	3	19	32	10	7	19	41	3	1	23	7	1	0	27	5	7	2	41	27	1	4	5	53	3	10	4	1	65	62	6	15	5	15	6	3	6	51	43	60	3	55	23	4	56	151	44	58	50	34	3	11	4	19	14	32	6	46	25	22	20	38	9	3	47	40	5	7	4	4	4	23	24	4	48	41	16	39	11	45	7	29	47	21	61	9	23	3	11	36	7	3	88	8	2	2	74	7	32	9	1	61	14	4	59	10	24	47	15	22	16	41	37	18	26	27	1	7	8	20	31	5	41	8	4	4	14	34	7	6	42	112	25	7	16	25	5	17	3	51	21	23	12	8	27	6	6	18	3	19	2	2	10	15	98	7	10	4	4	4	1	29	132	10	14	24	7	57	16	28	19	12	8	4	11	5	34	10	8	3	19	30	6	4	6	5	6	7	4	10	12	16	47	7	51	57	35	49	6	7	5	52	17	14	5	0	7	3	7	2	4	5	2	53	29	26	1	5	7	7	1	3	23	14	41	5	6	6	47	5	58	67	15	7	4	1	36	3	0	5	4	51	4	5	9	7	16	18	46	30	5	55	1	3
Del2:U1:R3	2	0	0	1	0	1	1	3	4	2	0	1	0	0	1	2	0	3	1	3	2	2	1	2	0	1	6	2	0	2	0	2	5	1	2	4	3	3	6	1	1	5	2	2	1	2	4	2	2	2	2	2	0	3	3	4	1	2	1	0	1	8	4	3	1	3	0	2	0	1	3	1	2	1	1	0	1	2	1	1	0	7	1	2	3	3	3	4	1	2	0	2	3	2	7	3	0	1	0	0	4	0	3	2	1	1	3	1	1	8	0	0	1	2	2	2	3	3	3	7	3	1	6	7	2	6	3	4	2	9	3	1	5	2	3	0	6	2	0	0	6	4	4	1	1	3	1	1	1	2	3	1	2	0	2	2	1	2	1	1	0	2	0	3	3	1	2	1	1	3	1	4	10	1	1	3	4	0	5	4	5	7	5	3	1	2	2	6	2	3	0	4	4	0	1	2	3	9	2	2	2	1	5	0	0	7	2	1	2	1	0	2	1	8	2	1	8	1	2	3	4	2	3	1	2	3	0	4	3	0	1	3	4	2	5	0	6	0	4	3	2	2	3	5	6	2	2	2	0	2	5	8	2	1	5	5	0	2	7	0	7	3	0	1
Del2:U1:R4	2	1	1	1	0	2	1	0	4	2	1	0	2	2	3	1	1	0	2	1	1	0	0	0	0	1	3	0	1	3	0	3	1	0	1	1	0	0	1	2	2	0	1	2	1	1	3	1	0	1	2	2	0	1	2	3	0	1	0	2	0	2	1	0	0	0	0	2	1	1	1	1	2	1	0	1	0	1	2	1	0	3	0	1	1	3	0	0	2	2	1	0	2	3	4	4	0	2	1	1	1	1	1	0	0	2	0	1	1	3	1	1	0	4	2	0	2	4	5	2	1	3	3	1	4	2	0	1	2	0	2	1	1	1	0	0	0	1	0	1	0	3	1	0	1	1	0	1	0	2	2	2	0	0	1	0	1	6	0	2	0	1	0	0	2	1	1	0	1	0	3	3	4	1	1	2	1	3	3	1	1	2	2	2	0	0	1	1	0	0	0	2	3	0	1	0	0	1	5	1	1	3	3	3	4	2	1	9	0	2	0	1	1	1	1	0	2	0	2	2	1	1	2	3	0	0	0	2	1	2	0	0	4	3	5	1	1	1	3	0	1	2	1	2	4	1	3	2	1	1	2	4	0	0	2	3	0	1	0	1	2	0	0	1
Del2:U1:R(5,9)	1	2	1	1	1	2	0	2	5	0	1	2	3	0	2	0	2	0	0	1	1	0	1	1	0	2	1	0	0	1	2	0	1	2	0	2	0	0	4	5	1	3	1	0	0	0	9	2	2	1	0	2	0	1	0	3	0	5	0	0	1	3	3	1	2	0	2	2	4	0	1	4	1	1	0	2	0	0	1	3	0	2	0	1	1	2	2	4	0	1	1	3	0	1	1	3	1	2	1	0	5	1	1	1	1	1	1	2	4	2	0	1	2	1	6	3	0	2	0	0	1	3	4	2	0	2	1	1	1	2	2	1	2	0	5	1	2	1	0	0	2	2	4	0	2	0	1	3	0	0	0	6	3	1	2	2	3	2	2	0	1	1	0	1	7	1	5	0	0	1	1	1	10	1	0	1	4	2	2	1	1	4	1	3	5	0	4	0	0	0	2	2	0	0	0	0	0	1	3	2	8	2	0	0	1	1	4	6	0	0	0	5	1	2	1	0	1	1	1	4	2	1	1	9	2	0	0	2	3	2	0	1	5	4	6	0	1	0	2	0	4	0	0	1	1	0	4	1	0	0	7	4	1	0	1	1	2	0	3	1	1	1	0	1
Del2:U2:R2	4	8	8	4	6	8	7	5	15	2	10	5	3	4	8	4	6	5	4	8	4	4	5	2	3	4	9	4	8	6	6	4	5	9	9	9	2	2	13	13	6	6	7	0	1	3	17	5	4	13	4	8	4	3	7	8	7	8	2	6	8	9	8	0	3	9	9	2	1	1	8	1	10	3	3	12	8	4	4	3	3	21	1	3	4	5	12	16	5	6	3	4	6	3	10	11	2	8	0	7	11	5	8	10	3	3	6	4	7	21	2	5	3	10	6	7	2	7	20	16	8	17	3	8	4	9	2	11	8	17	12	3	10	6	25	3	9	11	4	0	9	21	17	3	9	11	9	3	3	3	4	5	11	2	11	2	7	12	6	12	1	7	1	6	6	3	12	4	4	12	4	6	25	6	3	21	10	7	19	5	14	12	7	9	6	4	3	9	4	4	5	11	7	0	4	3	3	15	11	11	4	11	4	3	6	5	7	19	6	11	3	15	11	14	2	4	17	7	6	10	6	1	3	9	6	7	1	3	8	7	0	2	14	8	12	4	9	7	10	3	3	9	1	9	6	3	7	8	3	6	12	11	5	0	10	10	4	5	11	8	12	15	2	7
Del2:U2:R3	3	2	0	5	3	2	3	1	2	1	7	2	2	0	3	4	0	0	1	2	2	0	1	1	0	2	3	3	0	1	0	1	1	1	0	2	3	0	5	3	2	4	1	0	1	2	5	3	0	5	0	2	0	0	0	1	0	4	0	0	1	0	3	1	4	1	5	3	1	0	2	2	1	1	1	4	1	5	0	0	0	2	2	0	1	0	3	2	1	0	2	1	2	0	4	7	0	2	0	1	4	1	2	1	2	1	3	1	3	5	1	1	4	4	1	3	4	0	3	2	4	4	3	1	4	1	1	2	1	5	2	2	1	2	7	1	5	2	1	0	3	3	3	3	2	2	5	2	3	0	4	2	2	0	4	3	1	9	1	1	3	0	3	0	2	1	2	0	0	2	1	2	6	0	1	8	3	2	1	1	5	4	2	0	4	1	3	6	1	2	2	1	0	0	1	0	4	2	3	1	5	3	2	3	3	2	0	9	1	4	1	4	3	6	0	3	5	3	2	0	2	0	4	4	5	0	1	2	2	2	1	0	4	3	4	0	3	0	3	1	2	4	0	3	4	0	3	3	0	2	6	4	0	2	3	1	2	1	0	0	6	4	1	3
Del2:U2:R4	1	0	1	1	0	0	0	1	0	0	0	1	0	0	0	1	1	2	1	1	0	0	0	0	0	0	1	0	0	1	0	0	2	2	0	1	1	0	2	0	0	2	0	1	0	1	11	0	0	0	0	1	0	0	1	1	0	1	0	0	1	3	3	0	0	0	0	1	0	0	1	0	0	0	0	0	0	0	1	0	0	0	0	1	0	0	0	1	0	0	0	0	1	1	4	1	1	2	0	0	0	0	1	2	0	0	0	0	0	3	0	0	0	2	2	1	1	1	2	3	2	5	2	0	0	0	0	0	0	1	1	1	4	1	2	1	1	3	1	1	2	2	4	0	0	0	2	1	0	0	0	2	0	2	1	4	1	4	1	0	1	1	2	1	1	1	2	1	0	3	1	1	2	0	0	2	2	1	2	1	1	4	1	0	1	2	1	0	0	0	1	1	1	0	2	0	4	2	1	1	1	1	0	0	1	1	1	4	1	1	0	2	3	1	1	0	0	2	1	1	1	0	0	3	1	3	2	1	1	2	2	2	3	5	3	1	1	2	1	1	0	0	0	3	0	1	2	1	1	0	0	4	0	0	6	1	1	1	2	1	1	2	0	0
Del2:U2:R(5,9)	2	1	2	1	0	0	2	0	2	0	0	0	0	0	0	0	0	1	0	0	0	1	1	1	0	2	0	1	1	0	0	0	0	1	0	3	0	0	5	0	0	0	0	0	0	1	59	0	1	1	0	0	0	0	0	2	1	2	2	0	0	1	1	0	0	0	1	0	1	0	1	1	11	8	1	2	3	1	5	0	0	3	0	0	5	0	8	9	6	2	1	1	10	0	4	4	0	2	1	1	0	8	4	4	2	0	5	0	1	5	5	1	4	2	4	3	0	0	10	6	2	3	2	3	3	2	0	1	2	3	4	0	5	2	14	2	6	6	0	1	5	3	4	2	0	3	3	1	0	2	4	8	2	5	3	0	19	7	3	5	2	1	4	2	6	1	14	6	0	5	5	2	7	2	1	11	4	2	3	2	4	2	5	2	3	1	3	4	2	3	2	2	3	1	6	2	4	3	7	2	3	7	6	1	3	2	7	4	0	3	4	3	2	4	7	1	5	0	4	4	1	9	2	3	2	1	2	2	8	5	1	2	10	7	6	0	3	5	4	2	2	0	0	4	0	3	2	2	4	1	5	1	2	0	2	10	3	11	1	3	4	6	3	2
Del3:U1:R4	1	0	0	1	0	2	0	0	0	0	0	0	1	2	0	0	0	0	0	1	1	0	0	0	0	0	0	0	0	1	0	0	0	0	0	0	0	0	1	1	0	1	0	1	1	0	0	0	0	0	0	0	0	0	0	1	0	0	0	0	0	0	0	0	0	0	1	0	0	0	0	0	0	0	0	0	0	0	0	0	0	1	0	1	0	0	1	0	0	0	0	0	0	0	0	0	0	0	0	0	0	0	1	0	0	0	0	0	0	0	0	0	0	0	0	0	0	0	0	0	0	0	0	2	0	0	0	0	0	2	0	0	0	1	0	0	0	2	0	0	1	1	0	0	0	0	0	0	0	0	0	0	1	0	1	0	0	0	0	0	0	0	0	0	0	0	0	0	0	0	0	0	0	0	0	0	0	1	1	0	0	1	0	1	0	0	1	0	0	1	1	0	0	0	0	0	0	1	0	0	0	0	1	0	2	0	1	1	0	0	1	0	0	0	0	0	0	0	0	0	1	0	1	0	0	1	0	0	0	0	0	0	0	0	1	0	0	0	0	0	0	0	0	0	0	0	0	0	0	0	0	1	0	0	1	0	0	0	1	1	1	1	0	0
Del3:U1:R(5,9)	0	1	1	1	0	2	0	0	0	0	0	1	0	0	0	0	1	1	1	0	0	0	3	0	0	0	0	1	0	0	0	1	1	1	0	0	0	0	1	0	0	0	0	0	0	0	0	0	0	1	1	0	1	0	0	0	1	1	0	0	1	0	0	2	0	0	1	0	0	0	0	0	0	0	0	1	0	0	0	0	0	0	0	1	0	0	2	0	1	0	1	1	0	0	1	1	0	1	0	0	0	0	1	0	0	0	0	1	1	0	0	1	1	1	1	0	0	1	1	1	0	5	2	0	0	3	0	0	1	1	0	0	2	0	0	1	2	0	0	0	1	0	2	1	0	0	1	1	0	2	0	0	0	0	0	1	0	2	0	1	0	0	1	2	3	1	1	1	0	1	3	1	2	0	1	0	1	0	2	0	1	1	1	0	0	0	0	0	1	0	0	0	0	0	1	0	0	1	0	0	0	2	1	0	1	0	1	1	0	0	0	0	0	0	0	0	0	0	0	0	0	0	0	0	0	0	0	1	0	0	0	0	0	0	2	0	1	0	0	0	0	1	0	1	1	0	0	1	0	0	0	2	0	0	0	1	3	0	0	0	1	2	0	0
Del3:U3:R2	6	12	2	12	6	6	6	6	14	4	8	6	3	1	6	7	6	2	4	8	4	4	5	2	4	10	7	8	6	10	2	6	5	8	6	16	4	1	13	8	1	9	7	5	2	7	16	3	4	11	6	6	2	5	4	15	2	11	5	1	4	9	10	4	7	2	10	6	4	4	11	3	5	1	3	7	6	5	5	3	1	18	3	4	6	6	14	11	8	8	6	9	1	7	9	19	3	6	2	4	10	1	8	18	8	3	5	5	6	12	5	3	5	6	11	4	5	8	12	12	3	10	5	8	5	13	3	10	5	6	8	5	7	7	19	5	9	4	3	2	4	10	6	2	7	18	4	4	4	5	3	9	7	3	10	1	4	13	1	4	1	9	6	7	11	2	12	1	2	4	6	6	29	4	4	15	6	10	15	5	11	16	13	6	4	1	3	9	3	3	7	5	4	1	2	4	2	9	5	16	10	8	11	4	9	9	5	17	3	8	7	11	7	15	7	2	18	8	9	8	10	4	7	6	4	7	0	8	11	7	2	5	8	9	13	2	18	6	3	6	8	8	3	9	6	4	8	2	0	4	13	22	3	2	20	9	3	8	8	9	13	13	2	4
Del3:U3:R3	4	3	0	3	2	2	0	2	2	1	3	1	0	0	5	3	1	3	0	4	1	0	0	2	1	3	6	2	2	1	0	0	1	0	0	2	1	1	1	0	0	2	3	1	2	0	6	2	1	3	3	1	1	0	0	1	1	7	1	1	0	3	1	2	0	1	3	2	0	2	3	0	5	0	3	3	2	0	1	0	0	3	2	2	0	0	3	1	5	0	0	2	0	1	2	6	0	0	0	1	2	0	2	2	5	1	2	2	5	1	1	0	0	2	0	4	0	2	4	3	2	2	1	3	2	0	2	2	2	1	1	1	2	2	0	2	5	1	1	0	2	3	0	1	2	4	3	0	0	1	0	0	1	1	5	0	2	5	0	2	0	2	2	1	3	1	4	0	0	2	3	2	4	0	1	5	3	7	4	0	4	4	0	1	1	2	2	6	1	0	0	1	1	2	0	0	2	5	4	4	3	2	3	0	0	3	0	7	0	1	2	3	6	5	3	0	5	0	0	3	3	2	4	0	2	0	0	0	3	3	0	4	3	3	2	0	7	2	3	0	0	2	2	2	3	1	3	2	0	1	6	3	1	1	1	6	1	1	1	0	2	2	0	3
Del3:U3:R4	0	0	0	1	0	0	0	1	1	0	1	1	1	1	1	0	0	0	0	0	0	0	1	0	0	0	1	1	0	0	0	0	0	0	0	0	1	0	0	1	0	0	1	0	0	1	1	0	1	0	0	0	0	0	0	1	0	0	0	0	0	0	0	0	0	0	0	0	0	0	1	0	0	0	1	1	0	0	1	0	0	0	0	0	0	0	0	0	0	0	0	0	0	0	0	0	0	0	0	0	0	1	0	1	0	0	2	0	0	2	0	0	1	0	2	2	2	1	2	1	1	0	0	2	3	1	0	0	0	2	1	0	0	0	1	1	2	1	0	0	0	0	0	0	0	0	0	0	0	0	2	1	0	0	0	0	0	1	0	0	0	0	0	0	1	0	2	0	0	2	0	1	3	0	1	0	1	0	1	0	3	1	0	2	0	0	1	0	0	1	1	2	0	0	2	0	0	1	1	1	2	0	2	1	1	1	0	3	0	1	0	1	1	1	0	0	2	0	1	1	0	0	1	2	0	0	0	0	0	3	0	0	1	0	4	1	1	2	0	0	1	0	0	2	0	0	0	0	0	0	0	0	0	0	4	2	0	0	0	1	0	0	0	1
Del3:U3:R(5,9)	1	2	2	0	0	0	0	0	0	0	0	0	0	0	0	1	0	0	1	1	0	0	0	0	0	0	1	0	1	0	0	0	1	0	0	0	1	0	0	0	0	0	2	0	0	1	0	0	1	2	0	0	0	0	0	0	0	0	1	1	0	0	0	0	0	0	0	0	0	0	0	0	3	2	0	0	0	1	0	0	0	2	0	0	1	1	2	4	3	1	1	1	0	0	3	2	0	1	0	1	4	2	3	0	0	1	2	0	0	7	3	0	0	0	0	1	1	0	0	0	0	0	1	1	0	0	0	1	0	0	0	0	3	1	2	0	2	0	0	0	0	1	0	0	0	0	0	0	0	1	0	0	1	0	1	0	0	1	0	0	0	0	0	1	0	0	1	0	0	1	0	1	2	0	0	0	1	0	0	1	0	0	1	0	0	0	0	0	1	0	0	0	1	1	1	0	1	2	0	3	0	3	0	2	0	0	1	0	1	0	0	1	2	0	1	0	0	0	0	0	0	0	1	0	1	0	0	0	1	0	0	0	0	3	0	0	0	2	0	1	0	1	0	2	1	0	0	0	1	1	0	0	0	0	1	0	0	0	0	0	0	0	1	0
Del4:U1:R(5,9)	0	0	0	0	1	0	0	0	2	0	0	0	0	0	0	0	1	1	0	0	0	0	1	0	0	1	0	0	1	0	0	0	1	0	0	0	2	0	0	0	0	0	0	0	0	0	0	1	2	1	0	1	1	0	0	1	0	0	0	0	0	0	0	1	0	0	1	0	0	0	1	0	0	0	0	0	0	1	0	0	0	1	0	0	0	0	1	0	0	0	1	0	0	0	2	0	0	0	0	1	0	0	0	1	0	1	0	0	0	0	0	0	1	0	0	0	0	0	2	1	0	2	1	0	0	0	0	1	1	0	0	0	2	0	0	0	0	0	0	0	1	1	0	0	0	2	0	0	0	0	0	1	0	0	0	0	1	2	0	1	0	0	0	1	0	1	3	0	0	0	0	0	0	1	0	0	0	1	0	1	0	0	0	0	0	0	0	0	0	0	1	0	0	0	0	0	0	1	0	0	0	0	0	0	0	1	0	0	0	0	0	0	0	0	0	0	1	0	1	2	0	0	0	0	0	0	0	0	1	0	0	0	0	0	0	0	0	0	0	0	0	0	0	0	0	0	0	0	0	0	0	2	0	0	0	0	0	0	0	2	0	1	0	0
Del4:U2:R3	0	0	0	0	0	1	0	0	0	0	0	0	0	1	0	0	1	0	0	0	0	0	0	0	1	0	2	1	0	1	0	1	0	0	1	1	0	0	0	0	0	1	1	0	0	0	0	0	1	1	0	2	0	0	0	0	0	1	0	0	0	0	0	0	0	0	0	0	0	0	0	1	0	0	0	0	0	0	0	0	0	0	0	0	1	0	0	1	0	1	0	0	0	0	2	0	0	0	0	0	1	0	0	0	0	0	1	0	1	0	0	0	0	0	1	1	0	1	1	0	0	0	0	0	0	0	0	0	0	2	0	0	1	1	0	0	0	1	0	0	2	0	0	0	0	0	0	0	1	0	0	1	0	0	0	0	0	0	0	0	0	0	1	0	1	0	0	0	1	0	0	0	2	0	0	1	0	0	0	1	0	0	1	0	0	0	1	0	1	0	0	0	0	2	0	0	0	0	0	0	0	0	0	0	0	2	0	2	1	1	0	0	0	1	1	0	0	0	0	0	0	0	1	0	0	0	0	1	0	0	0	0	2	1	1	0	1	0	1	0	0	0	0	0	0	0	1	0	0	0	0	2	0	0	0	0	0	1	0	0	0	0	0	0
Del4:U2:R4	0	2	0	1	0	1	1	0	1	1	1	0	0	0	0	1	0	0	1	2	0	0	0	1	0	0	1	0	0	0	0	2	0	1	0	0	0	0	0	1	0	1	0	0	0	0	1	0	2	0	1	0	0	0	0	0	0	0	0	0	0	0	0	0	0	0	3	0	0	0	0	0	1	0	0	0	0	0	0	0	0	0	0	0	0	0	1	0	2	0	1	0	1	0	1	1	1	0	0	0	1	0	0	0	1	0	0	0	0	0	0	1	0	1	0	1	0	1	3	2	0	0	1	0	0	2	0	0	0	0	0	0	1	1	0	1	1	0	0	2	0	1	1	0	1	2	0	0	0	0	0	1	0	0	0	0	0	1	2	2	0	0	1	0	0	0	1	1	0	1	0	0	1	0	0	1	1	0	3	3	2	3	1	1	0	1	0	1	0	1	0	0	0	0	1	0	0	0	1	0	1	1	0	2	0	0	0	1	0	0	1	1	1	0	0	1	2	1	0	0	0	0	0	0	0	0	0	1	0	1	0	0	2	0	0	1	1	1	0	1	0	1	0	0	0	0	1	0	0	0	0	1	0	0	0	0	1	2	1	0	1	1	1	2
Del4:U2:R(5,9)	0	1	0	1	2	0	2	1	1	0	0	0	0	0	1	0	1	0	1	1	0	0	0	0	0	0	1	1	1	1	0	1	0	0	0	2	0	0	0	0	0	2	0	0	0	0	2	0	1	1	0	0	0	0	1	1	0	1	1	1	0	0	0	0	0	0	1	0	0	0	0	1	1	0	0	1	0	0	1	0	0	0	0	0	1	1	0	0	4	1	0	0	0	0	0	0	0	0	0	2	1	0	1	2	1	0	0	1	0	0	0	1	0	0	0	2	0	1	2	3	1	2	1	1	0	1	1	2	0	3	3	0	1	1	2	0	1	1	0	0	3	1	2	2	1	3	1	0	1	1	0	0	0	0	0	0	0	1	0	0	0	0	0	2	3	1	0	2	2	1	0	0	2	0	1	3	0	0	1	1	1	2	1	3	0	1	1	1	0	0	1	2	2	1	0	0	0	3	1	3	1	0	3	0	0	1	1	2	0	3	2	0	2	2	0	1	3	0	0	1	3	0	1	1	2	2	0	0	1	1	1	0	2	1	2	0	3	1	0	0	2	0	1	2	0	0	3	0	0	0	2	1	0	0	1	0	2	2	1	3	0	3	0	0
Del4:U4:R2	4	9	3	4	2	1	4	9	15	2	4	3	2	2	8	8	5	8	1	2	5	3	4	4	1	11	6	2	6	7	3	7	4	5	3	7	2	0	9	4	4	8	2	1	2	3	8	5	4	11	8	3	3	1	6	4	1	10	4	4	5	9	2	5	1	2	6	1	4	2	6	4	1	5	2	5	6	13	3	2	0	17	1	2	7	2	13	11	6	6	3	7	7	4	7	9	2	3	4	1	16	2	8	4	3	1	5	3	7	6	4	3	2	4	5	6	7	3	13	11	4	9	6	4	7	3	1	5	2	2	9	4	5	3	16	2	6	5	2	0	7	4	12	2	6	6	9	5	1	4	7	2	2	3	5	4	4	8	4	7	2	5	3	2	9	4	15	0	5	6	2	6	15	4	4	10	5	8	9	7	5	8	4	7	5	5	4	6	2	1	4	8	1	0	6	2	2	8	9	5	2	8	5	2	3	5	4	8	1	4	6	2	10	13	8	2	6	3	4	7	4	4	6	5	3	4	0	2	7	9	3	1	14	3	13	6	8	5	4	4	4	1	4	2	8	2	9	6	4	2	8	2	2	2	7	5	6	3	8	5	4	6	1	3
Del4:U4:R3	0	3	0	0	0	1	0	2	2	0	2	2	2	0	0	0	2	0	1	0	0	0	0	1	0	1	2	1	0	1	1	1	1	1	1	3	2	0	2	0	0	2	0	2	0	0	3	0	2	3	2	0	0	1	1	1	0	0	2	1	0	1	1	2	0	0	2	1	0	2	0	0	1	1	0	2	0	1	0	0	1	3	0	0	0	0	3	0	0	0	1	1	0	0	3	1	0	2	1	0	5	0	2	2	2	1	0	0	0	1	0	1	0	3	2	0	1	1	3	3	2	2	2	2	1	2	0	3	2	1	0	1	4	1	3	1	1	2	1	0	3	3	4	1	1	6	3	1	0	0	1	1	3	0	0	0	2	3	0	0	1	0	1	1	2	1	3	2	0	1	1	1	2	0	0	3	0	1	0	4	3	3	1	1	2	0	2	0	1	0	1	0	0	2	2	0	0	1	1	2	3	2	0	1	2	1	0	2	1	0	3	2	2	3	1	1	1	2	1	0	1	0	4	2	1	1	0	0	2	0	2	3	2	4	5	1	4	1	0	0	1	0	2	1	2	1	1	1	1	1	2	2	1	0	2	2	1	0	0	0	1	2	0	2
Del4:U4:R4	1	0	0	0	0	0	0	1	1	0	0	0	0	0	0	1	1	0	1	0	0	0	1	1	1	1	0	0	0	0	0	1	0	0	0	0	1	0	1	0	1	2	0	0	0	0	0	0	0	0	1	0	0	1	0	0	0	0	0	0	0	0	0	0	0	0	0	0	0	0	2	0	1	0	0	0	1	0	2	0	0	0	1	0	3	1	1	1	0	2	0	0	0	0	0	0	1	1	0	1	0	1	2	1	0	1	1	0	0	2	0	0	0	2	2	2	2	0	4	2	0	0	0	1	3	0	0	2	0	1	1	1	1	0	0	0	1	0	0	1	0	0	0	1	0	2	2	2	0	0	2	0	0	0	0	0	2	3	1	4	1	0	1	1	0	0	1	0	0	0	1	1	3	1	0	1	0	0	2	0	0	0	2	0	0	1	0	0	0	0	1	1	0	0	1	0	0	1	1	2	0	1	0	1	0	0	0	1	0	1	1	0	0	0	3	0	2	0	0	0	2	2	1	2	1	0	0	1	0	1	0	0	1	0	0	0	1	0	1	0	0	0	1	0	0	2	0	0	0	0	0	0	0	1	3	0	0	0	1	1	0	2	0	0
Del4:U4:R(5,9)	0	0	0	1	0	0	0	1	1	0	0	0	0	0	0	0	1	0	0	0	0	0	0	0	0	0	0	0	0	0	1	2	0	0	1	1	0	0	1	2	0	0	0	1	0	0	3	1	1	0	0	0	0	0	0	1	0	0	0	0	0	0	1	0	0	0	0	1	0	0	0	0	0	0	0	0	1	1	0	0	0	1	1	0	1	0	2	0	0	0	0	0	0	0	0	1	0	1	0	0	0	0	0	1	0	0	1	2	0	2	0	0	0	0	0	0	0	0	2	1	0	0	0	1	0	1	1	0	0	1	0	0	0	0	1	3	1	0	0	0	0	1	1	0	2	1	1	0	0	0	1	0	0	0	3	1	0	0	0	1	0	0	0	0	0	1	3	0	0	0	0	0	3	2	0	2	1	0	2	0	0	2	1	0	0	0	1	0	1	0	0	0	0	0	0	0	1	2	1	3	1	0	0	1	1	0	0	0	1	1	2	0	0	2	1	0	0	1	0	0	0	0	1	1	0	1	1	1	1	0	0	0	1	1	2	0	0	0	0	1	1	0	0	2	0	0	1	0	0	0	1	0	0	0	1	0	0	1	0	0	1	0	0	1
Del5:U1:R(5,9)	0	0	0	0	0	0	0	0	0	0	0	0	0	0	0	0	0	0	0	0	0	0	0	0	0	0	0	0	0	0	0	0	0	0	0	0	0	0	0	0	0	0	0	0	0	0	0	0	0	0	0	1	0	0	0	0	0	0	0	0	0	0	0	0	0	2	0	0	0	0	0	0	0	0	0	1	0	0	0	1	0	0	0	0	0	0	0	0	0	0	0	0	0	0	1	0	0	1	0	0	0	0	1	0	0	0	0	0	0	0	0	0	0	0	1	0	0	0	0	0	1	0	1	0	0	0	0	0	0	0	0	0	0	0	0	0	0	0	0	0	0	1	0	0	0	0	0	0	0	0	0	0	0	0	0	0	0	0	0	0	0	0	0	0	0	0	0	0	0	0	0	0	1	0	0	0	0	2	0	0	0	0	0	0	0	0	0	0	0	0	0	0	0	0	0	0	0	0	0	0	0	0	0	0	0	0	0	1	0	0	0	1	0	0	0	0	0	0	0	0	1	0	0	0	0	0	0	0	0	0	0	0	0	0	0	0	0	0	0	0	0	0	0	0	0	0	0	0	0	0	0	0	0	0	0	0	0	0	0	0	0	0	0	0
Del5:U5:R2	1	2	0	3	0	1	2	0	4	2	1	0	2	0	1	0	0	1	0	0	1	0	0	0	1	0	3	1	2	1	0	4	4	0	0	2	1	0	2	3	0	0	1	1	0	1	0	1	2	1	3	3	0	0	1	3	1	2	1	1	1	2	2	1	1	1	2	2	1	0	2	1	0	2	0	0	1	0	0	0	0	2	1	2	2	2	2	4	0	4	1	6	1	0	2	1	1	0	0	0	2	0	1	1	0	0	0	0	0	1	0	0	0	2	0	4	2	3	5	2	2	1	4	0	1	5	0	1	3	2	2	0	4	0	3	0	2	2	1	1	1	5	5	1	6	0	1	0	1	0	3	1	1	1	0	2	3	1	0	1	0	2	0	3	3	1	4	1	0	0	2	2	8	0	0	1	2	0	3	2	3	2	2	1	1	1	1	1	3	1	1	2	0	0	0	1	0	0	0	3	2	2	0	0	7	1	2	3	2	1	1	3	4	5	1	0	1	0	1	1	0	0	0	3	0	0	0	1	4	1	1	0	4	2	5	0	0	0	3	2	2	1	2	1	0	0	3	0	0	0	2	4	0	0	4	4	1	2	2	3	1	2	0	3
Del5:U5:R3	0	0	0	0	0	0	0	2	2	0	0	0	0	0	1	1	0	0	0	0	0	1	0	0	0	0	0	0	1	0	0	0	0	0	1	1	0	0	0	0	0	0	0	0	0	0	1	0	0	0	1	0	0	0	0	1	0	0	0	0	0	0	0	0	0	0	0	0	0	0	0	0	0	0	0	0	0	0	0	0	0	1	0	0	0	0	0	0	0	0	0	1	0	0	0	1	0	0	0	0	0	0	0	0	0	0	0	0	1	0	0	1	0	0	0	1	0	0	1	2	0	0	0	0	0	1	0	0	0	0	0	0	0	1	0	0	0	1	1	0	0	0	0	0	1	0	1	0	1	0	0	1	0	0	2	0	0	0	0	1	0	0	0	0	0	1	3	0	0	1	0	0	2	0	0	0	1	0	1	0	0	0	0	1	0	0	0	0	0	1	0	0	0	0	0	0	0	0	1	4	1	1	0	0	0	1	0	1	0	0	0	0	0	0	1	0	0	0	1	0	0	0	0	0	0	0	0	1	2	0	1	1	0	1	1	0	0	0	0	0	0	0	0	1	0	0	0	0	0	1	0	0	0	0	0	0	1	0	0	0	0	0	0	1
Del5:U5:R4	0	0	0	0	0	0	0	0	0	0	0	0	0	0	0	1	0	0	0	1	0	0	0	0	0	0	1	0	0	0	0	0	0	0	0	0	0	0	0	0	0	0	0	0	0	0	3	0	0	0	0	0	0	0	0	0	0	0	1	0	0	0	0	0	0	0	0	0	0	0	0	0	0	0	0	0	0	0	0	0	0	0	0	0	0	0	0	0	0	0	0	0	0	0	1	0	0	0	0	0	0	0	0	0	0	1	0	0	0	0	0	0	0	0	0	0	0	0	1	1	1	0	0	0	0	0	0	0	0	0	0	0	0	0	0	0	0	0	0	0	0	0	0	0	0	0	0	0	0	0	0	0	0	0	0	0	0	0	0	0	0	0	0	1	0	0	1	0	1	0	1	0	1	0	0	0	0	0	0	0	0	0	0	0	0	0	0	0	0	0	0	0	0	0	0	0	0	0	0	0	0	0	0	0	0	0	0	0	0	0	0	0	0	0	0	0	1	0	0	0	0	0	0	1	0	0	0	0	0	0	0	0	0	0	0	0	0	0	0	1	0	0	0	0	0	0	0	0	0	0	0	0	0	0	1	0	0	0	1	0	0	1	0	0
Del5:U5:R(5,9)	0	0	0	0	0	0	0	0	0	0	0	0	0	0	0	0	0	0	0	0	0	0	0	0	0	0	0	0	0	0	0	0	0	0	0	0	0	0	0	0	0	0	0	0	0	0	0	0	0	0	0	0	0	0	0	0	0	0	0	0	0	0	0	0	0	0	0	0	0	0	0	0	0	0	0	0	0	0	0	0	0	0	0	0	0	0	0	0	0	1	0	0	0	0	0	0	0	0	0	0	1	0	0	0	0	0	0	0	0	0	0	0	0	0	0	0	0	0	0	0	0	0	0	0	0	0	0	0	0	0	0	0	0	0	1	0	0	0	0	0	0	0	0	0	0	0	0	0	0	0	0	0	0	0	0	0	0	1	0	0	0	0	0	0	0	0	0	0	0	0	0	1	1	0	0	0	0	0	0	0	0	0	0	0	0	0	0	0	0	0	0	0	0	0	0	0	0	0	0	0	0	0	0	0	0	0	0	0	0	0	0	0	0	0	0	0	0	0	0	0	0	0	0	0	0	0	0	0	0	0	0	0	1	0	0	0	0	0	0	0	0	0	0	1	0	0	1	0	0	0	0	0	0	0	1	0	0	0	0	0	0	0	0	0
Del(6,):U1:R(7,9)	0	0	0	0	0	0	0	0	0	0	0	0	0	0	0	0	0	0	0	0	0	0	1	0	0	0	0	0	0	0	0	0	0	0	0	0	0	0	0	0	0	0	0	0	0	0	0	0	0	0	0	1	0	0	0	0	0	0	0	0	0	0	0	0	0	0	0	0	0	0	1	0	1	0	0	0	0	0	0	0	0	0	0	0	0	0	0	0	0	0	0	0	0	0	0	0	0	0	0	0	0	0	0	0	0	0	0	0	0	0	0	0	0	0	0	0	0	0	0	0	0	1	0	0	0	0	0	0	0	0	0	0	0	0	0	0	0	0	0	0	0	1	0	0	0	0	0	0	0	0	0	0	0	0	0	0	0	0	0	0	0	0	0	0	0	0	0	0	0	0	0	0	0	0	0	0	0	0	0	0	0	0	0	0	0	0	0	0	0	0	0	0	0	0	0	0	0	0	0	0	0	0	0	0	0	0	0	1	0	0	0	0	0	0	0	0	0	0	0	0	0	0	0	0	0	0	0	0	0	1	0	0	0	0	0	0	0	0	0	0	0	0	0	0	0	0	0	0	0	0	0	2	0	0	0	0	0	0	0	0	0	0	0	0
Del(6,):U2:R(4,9)	0	0	0	0	0	0	0	0	0	0	0	0	0	0	0	0	0	0	0	0	0	0	0	0	0	0	0	0	0	0	0	0	0	0	0	0	0	0	0	0	0	0	0	0	0	0	0	0	0	0	0	0	0	0	0	1	0	0	0	0	0	0	0	0	0	0	0	0	0	0	0	0	0	0	0	0	0	0	0	0	0	0	0	0	0	0	0	0	0	0	0	0	1	0	0	0	0	0	0	0	0	0	0	0	0	0	0	0	0	1	0	0	0	0	1	1	0	0	1	0	0	1	1	1	0	0	0	0	0	0	0	0	1	0	0	0	0	0	0	0	1	0	0	0	0	0	0	0	0	0	0	0	0	0	1	0	0	0	0	1	0	1	0	1	0	0	0	0	0	1	0	0	0	0	0	0	0	0	0	0	0	0	0	0	0	0	0	0	0	1	0	0	0	0	0	0	0	0	2	0	1	0	0	0	0	1	0	0	1	0	0	1	0	0	0	0	0	0	0	1	1	0	0	0	1	1	0	3	1	0	0	0	0	0	0	0	2	0	1	1	0	0	0	0	0	0	1	1	0	1	1	0	0	0	0	0	1	0	1	0	0	0	0	0
Del(6,):U3:R(3,9)	0	0	0	0	0	0	0	0	0	0	0	0	0	0	0	0	0	0	0	0	0	0	0	0	0	0	0	0	0	0	0	0	0	0	0	0	0	0	0	0	0	0	0	1	0	0	0	0	1	0	0	0	0	0	0	1	0	0	0	0	0	0	0	0	0	0	0	0	0	0	0	0	1	0	0	0	0	0	0	0	0	0	0	0	0	0	0	0	0	0	0	0	0	0	0	1	0	1	0	0	0	0	0	0	0	0	1	0	0	0	0	0	0	0	1	0	1	0	0	0	0	3	0	1	0	0	0	0	1	0	0	0	0	0	0	0	0	0	0	0	0	0	0	0	0	0	0	0	0	0	1	0	0	0	0	0	0	0	0	0	1	0	0	0	0	0	0	0	1	0	0	0	1	0	0	2	0	0	0	0	1	0	0	0	0	0	0	0	0	0	0	0	0	0	0	0	0	0	0	1	2	0	0	0	0	0	0	0	0	1	2	1	0	0	0	0	1	0	0	0	0	0	0	0	0	0	0	0	0	1	0	0	1	0	1	0	0	0	0	0	0	0	0	0	0	0	1	0	0	0	2	2	0	0	1	2	0	0	0	0	0	0	0	0
Del(6,):U(4,):R(2,9)	1	0	0	0	3	3	1	2	0	1	1	1	1	3	0	1	3	1	0	0	0	0	0	0	0	0	3	0	1	2	1	1	2	1	0	1	1	0	5	3	0	1	0	2	0	0	5	1	3	3	1	2	3	0	1	6	2	3	2	1	3	0	1	2	2	2	0	0	0	1	4	3	1	2	1	3	1	0	1	0	0	0	0	2	2	3	1	3	1	4	0	5	0	2	3	1	1	1	3	1	0	0	5	1	0	1	4	0	5	1	0	0	0	2	2	4	3	5	3	2	2	3	7	3	4	8	0	6	2	3	6	1	5	1	6	0	3	6	2	2	4	6	3	0	1	7	3	5	3	2	4	4	1	1	2	1	5	5	2	4	0	0	0	2	5	1	3	1	2	2	0	2	17	0	1	4	1	4	6	1	2	4	0	0	3	0	4	1	0	1	0	5	1	0	0	2	0	1	1	3	2	3	1	1	4	6	2	3	1	1	2	6	1	7	3	1	2	0	7	1	2	0	2	3	3	3	0	1	0	2	1	1	2	7	18	4	0	4	2	4	3	12	0	2	3	2	4	0	0	1	2	5	2	0	6	2	2	1	4	1	1	8	1	6
Ins(2,4):M	0	0	3	0	0	2	3	0	0	0	3	2	1	1	1	1	0	2	1	0	2	2	0	2	0	0	1	0	1	1	0	2	3	0	1	2	1	0	7	2	1	0	1	4	3	1	49	3	3	0	3	4	1	0	0	4	0	1	1	3	2	0	2	0	2	2	1	0	1	1	2	0	0	0	1	1	0	1	1	1	0	0	1	1	1	5	1	6	3	3	0	3	0	0	6	1	3	3	1	0	3	1	0	0	1	1	0	1	1	0	1	0	1	7	18	10	8	5	5	9	9	8	14	13	7	18	5	10	7	8	7	3	17	7	25	3	7	11	5	1	8	15	10	8	10	9	7	4	5	4	8	9	5	8	10	4	9	9	6	7	4	6	6	7	16	11	20	1	1	12	3	9	17	4	7	9	9	11	9	4	9	12	5	13	6	7	6	3	1	14	5	7	3	4	8	2	3	9	8	6	10	18	7	3	4	10	7	18	2	5	7	14	9	8	7	4	5	8	6	6	7	3	4	19	7	11	3	6	8	4	3	4	12	13	22	7	6	10	9	15	6	8	9	11	11	7	4	6	1	1	7	22	4	3	12	4	9	11	6	9	7	10	4	4
Ins(5,):M	2	2	1	1	0	3	0	2	1	1	1	0	2	0	2	1	2	1	3	0	0	1	2	0	0	1	0	0	0	5	0	0	3	1	1	1	2	0	4	0	0	0	1	0	0	2	12	1	2	5	1	2	2	0	2	4	1	1	1	2	0	1	1	1	0	1	1	0	3	1	2	2	1	1	0	5	2	1	1	0	0	0	1	0	0	3	1	9	2	10	0	7	0	4	10	2	1	1	2	1	0	1	2	0	0	1	1	1	0	2	1	3	6	12	27	23	32	30	23	28	9	26	20	29	30	34	14	16	18	13	19	15	43	10	35	11	23	17	17	16	28	25	24	19	16	24	17	21	9	37	15	37	28	10	25	13	11	26	6	17	7	8	10	19	33	16	15	10	3	17	10	11	34	24	17	27	27	34	24	11	33	23	18	19	8	11	20	13	25	11	8	16	19	4	11	12	21	16	16	14	19	27	23	13	21	35	24	25	22	14	7	39	24	16	10	9	12	10	14	10	15	8	21	27	29	14	6	8	17	8	9	11	29	33	40	11	18	20	20	16	21	18	8	24	14	14	20	8	10	10	21	40	11	4	24	12	11	27	12	15	22	15	9	11
Ins2:U1:R0	0	0	0	0	0	0	0	0	0	0	0	0	0	0	0	0	0	0	0	0	1	0	0	0	0	0	0	0	0	1	0	0	0	1	0	0	0	0	0	0	0	0	0	0	0	0	1	1	0	1	0	0	2	0	0	0	0	1	0	0	0	0	0	0	0	0	0	0	0	0	0	0	2	0	0	0	0	0	0	0	0	0	0	0	0	2	0	0	0	1	0	0	0	0	0	0	0	1	0	0	0	0	1	0	0	0	0	0	0	0	0	0	0	1	2	0	0	1	1	0	1	2	2	1	0	3	2	0	0	1	18	1	3	1	0	0	0	2	0	0	3	3	1	0	0	1	0	0	0	2	0	0	0	0	0	0	0	1	1	0	1	1	0	0	0	0	0	0	0	3	1	2	3	1	1	3	1	3	2	0	2	3	0	0	2	0	1	0	1	0	0	3	2	0	0	0	0	4	0	2	1	0	1	0	0	1	2	1	0	0	0	2	0	3	2	1	0	0	0	2	0	0	2	1	0	1	0	2	1	2	0	0	2	3	1	1	0	2	0	0	0	0	0	0	1	0	0	0	0	1	0	2	1	0	0	2	1	4	0	0	0	1	1	1
Ins3:U1:R0	0	0	0	0	0	0	0	0	0	0	0	0	0	0	1	0	0	0	0	0	0	0	0	0	0	0	0	0	0	0	0	0	0	0	0	0	0	0	0	0	0	0	0	0	0	0	0	0	0	0	0	0	0	0	0	0	0	0	0	0	0	0	0	0	0	0	1	0	0	0	0	0	0	0	0	0	0	0	0	0	0	0	0	0	0	0	0	0	0	0	0	0	0	0	1	0	0	0	0	0	0	0	0	0	0	0	0	0	1	0	0	0	0	0	0	0	0	0	0	0	0	3	0	0	0	0	0	0	1	0	4	0	0	0	0	0	0	0	0	0	1	1	0	0	0	0	0	0	0	0	0	1	0	0	0	0	0	0	0	0	1	1	0	0	0	0	0	0	0	0	1	0	1	0	0	0	0	0	2	0	0	0	0	0	1	2	0	0	0	0	0	0	0	0	0	0	0	0	1	0	0	0	0	0	0	2	0	0	1	0	0	1	0	0	0	0	0	0	0	0	0	0	1	1	0	0	0	0	1	0	1	0	0	0	0	0	0	0	0	0	1	0	1	0	0	0	0	0	0	0	0	2	0	0	0	0	0	0	1	0	0	0	0	0
Ins4:U1:R0	0	0	0	0	0	0	0	0	0	0	0	0	0	0	0	0	0	0	0	0	0	0	0	0	0	0	0	0	0	1	0	0	0	0	0	0	0	0	0	0	0	0	0	0	0	0	0	0	0	0	0	0	0	0	0	0	0	0	0	0	0	0	0	0	0	0	0	0	0	0	0	0	0	0	0	0	0	0	0	0	0	0	0	0	0	0	0	1	0	0	0	0	0	0	0	0	0	0	0	0	0	0	0	0	0	0	0	0	0	0	0	0	0	0	0	0	0	0	0	0	0	0	0	1	0	0	0	0	0	0	0	0	0	0	0	0	0	1	0	0	1	0	0	0	0	1	0	0	0	0	1	0	0	0	0	0	0	1	0	0	0	0	0	0	0	0	2	0	0	0	1	0	0	0	0	0	0	0	0	0	0	1	0	0	0	1	0	0	0	0	0	0	0	0	0	0	0	0	0	0	0	0	0	0	0	0	1	0	0	0	0	1	0	0	0	0	0	0	0	0	0	0	0	0	0	0	0	0	0	0	0	0	0	0	2	0	0	0	0	0	0	0	0	0	0	0	0	0	0	0	0	0	0	0	0	0	1	0	0	0	0	0	0	0
Ins2:U2:R0	0	2	0	2	0	0	0	0	0	1	0	0	0	0	0	0	0	1	0	0	1	0	0	0	0	0	0	1	0	0	0	0	2	1	0	2	0	0	2	1	0	1	0	0	0	0	6	1	1	2	0	2	1	0	0	0	2	2	0	0	0	0	1	0	1	0	0	0	0	0	0	0	0	0	0	1	1	0	0	0	0	0	0	0	0	4	1	2	0	2	0	1	1	1	1	0	1	0	0	0	0	0	0	1	0	0	2	1	2	0	0	1	0	3	3	2	5	1	4	1	2	3	3	6	3	2	0	1	2	2	24	1	7	2	4	0	3	3	1	1	7	3	2	1	1	2	1	1	1	1	6	2	2	1	6	1	3	2	1	5	1	0	3	2	5	1	1	1	0	1	3	1	3	2	0	1	2	3	4	1	1	1	1	2	0	2	4	0	0	1	0	4	1	1	1	5	2	2	0	0	4	4	4	2	4	5	1	4	2	2	1	7	3	1	2	3	2	1	1	4	1	1	3	6	4	5	1	3	4	1	1	4	3	2	6	0	5	3	3	1	0	1	1	3	4	1	2	2	2	0	5	6	0	1	0	4	3	3	2	6	3	2	1	1
Ins3:U3:R0	1	0	0	0	0	0	0	0	0	0	1	0	0	0	0	0	0	2	0	0	1	1	0	0	0	0	0	0	0	2	0	0	0	0	0	0	0	0	1	0	0	1	0	0	0	0	0	0	1	1	0	1	1	0	0	0	0	0	1	0	0	0	0	0	1	0	0	0	0	1	1	0	0	0	1	0	0	0	1	0	0	1	0	0	2	2	0	3	0	3	0	2	0	0	0	1	0	0	0	1	0	0	1	0	0	0	0	0	1	0	0	0	0	3	1	1	2	2	4	4	0	6	3	2	1	5	2	0	0	2	6	1	5	0	1	0	2	0	0	0	7	3	2	3	1	4	1	1	0	1	1	1	0	2	3	1	0	1	2	2	0	0	0	1	4	1	1	0	0	0	1	0	5	0	0	2	2	5	6	2	2	1	0	0	1	0	0	1	0	0	0	1	0	1	1	0	0	1	0	0	4	0	2	2	1	4	3	4	1	1	0	3	1	2	0	0	2	2	1	0	0	2	1	3	2	3	0	0	0	0	0	1	2	1	6	0	1	3	3	0	3	0	0	0	0	1	0	0	2	0	2	3	1	0	1	2	2	3	0	2	0	3	0	0
Ins4:U2:R0	0	0	0	0	0	0	0	0	0	0	0	0	1	0	0	0	0	0	0	0	0	0	0	0	0	0	0	0	0	0	0	0	0	0	0	0	0	0	0	0	0	0	0	0	0	0	0	0	0	0	0	0	0	0	0	0	0	0	0	0	0	0	0	0	0	0	0	0	0	0	0	0	0	0	0	0	0	0	0	0	0	0	0	0	0	0	0	0	0	0	0	0	0	0	0	0	0	0	0	0	0	0	0	0	0	0	0	0	0	0	0	0	0	0	0	0	0	0	0	0	0	0	0	0	0	0	0	0	0	1	0	0	1	0	0	0	1	0	0	0	0	0	0	0	1	0	0	1	0	0	0	1	0	0	0	0	0	0	0	0	0	0	0	0	0	0	0	0	0	0	1	0	0	0	0	0	0	0	0	0	0	1	0	0	0	0	0	0	0	0	0	0	0	0	0	0	0	0	0	0	0	0	0	0	0	0	0	0	0	0	0	0	0	0	0	0	0	0	0	0	0	0	0	0	0	0	0	0	0	0	0	0	0	0	0	0	0	0	0	0	0	1	0	0	0	0	0	0	0	1	1	0	0	0	0	0	0	0	0	0	1	0	0	0
Ins4:U4:R0	0	0	0	1	0	0	0	0	0	0	1	0	1	0	0	0	0	0	1	0	0	0	0	0	0	0	0	0	1	0	0	0	1	0	0	0	0	0	2	0	0	1	0	0	0	0	1	1	0	1	0	0	1	0	0	0	0	0	0	0	2	0	0	0	0	1	0	0	0	0	0	0	0	1	0	0	0	0	0	0	0	0	0	0	1	2	1	1	1	0	0	0	1	1	0	0	0	0	0	0	1	0	2	0	1	0	0	0	0	0	0	2	0	1	0	3	0	1	2	2	2	3	3	3	1	4	0	1	0	1	4	0	5	1	3	2	1	0	1	1	3	1	0	1	0	2	0	1	0	1	0	1	1	2	2	2	3	2	1	2	1	0	0	1	1	2	0	1	0	1	0	1	1	3	1	1	2	2	2	1	1	4	2	0	0	0	2	1	0	0	1	2	1	0	1	0	1	1	0	1	3	4	2	0	3	4	3	2	0	1	0	8	1	2	0	0	2	0	2	0	0	0	0	4	4	2	1	0	1	0	1	0	2	1	7	0	2	0	2	2	0	0	0	2	1	1	2	2	1	0	0	4	0	0	1	1	2	1	3	0	1	3	0	1
Ins(5,):R0	0	1	0	0	0	0	0	1	0	0	0	0	0	0	0	1	0	1	0	0	0	0	1	1	0	0	0	0	0	1	0	1	0	1	0	0	2	0	6	1	0	0	0	1	0	0	1	0	0	0	0	1	0	0	0	3	0	2	2	1	0	3	0	0	0	1	0	0	0	0	1	1	0	0	0	1	0	0	0	0	0	0	0	1	0	3	2	4	0	4	0	4	1	0	4	0	1	1	0	0	0	0	1	0	1	0	0	0	3	0	0	2	1	22	29	18	15	18	14	41	29	23	9	20	13	29	7	15	22	2	14	28	64	9	17	24	37	28	34	39	34	13	16	42	35	14	5	29	15	122	18	80	41	24	8	46	4	57	5	30	2	2	28	6	30	23	14	23	2	6	5	4	10	42	50	26	32	82	29	36	70	26	42	7	28	12	26	32	37	11	24	13	25	10	14	27	34	12	21	20	32	49	33	34	38	79	25	23	24	37	4	57	75	22	15	9	4	3	19	5	1	6	16	13	20	17	7	2	17	18	17	16	18	47	47	31	21	16	12	17	13	14	9	2	4	3	21	4	2	5	4	22	4	2	31	35	25	30	21	40	34	20	4	1
Ins2:U1:R1	0	0	1	1	0	0	0	0	0	0	0	0	0	0	0	0	1	0	0	2	0	0	0	0	0	1	0	2	0	1	0	0	0	0	0	0	1	0	2	0	0	0	0	0	0	1	2	0	1	2	0	0	0	0	1	2	0	1	0	0	0	0	0	0	1	0	1	0	1	0	0	0	0	0	0	0	0	0	0	0	0	1	0	0	0	1	0	0	0	2	0	1	0	0	1	0	0	0	0	0	0	1	0	0	2	0	0	1	0	0	0	0	1	2	1	2	1	3	3	4	0	0	0	2	1	2	1	1	0	1	6	2	1	2	2	0	0	0	1	0	2	1	1	0	3	0	2	0	1	1	1	4	1	1	2	1	1	1	4	2	0	1	1	3	3	1	0	1	1	1	1	0	5	1	1	2	3	3	1	1	1	1	2	1	1	1	0	1	1	0	4	0	1	0	1	0	0	0	0	0	0	3	0	0	1	0	0	1	2	1	0	3	2	2	2	1	0	1	2	0	3	2	0	3	3	0	0	0	1	1	0	1	4	0	3	2	3	0	5	3	2	2	0	0	1	1	0	0	1	0	0	7	1	1	2	2	3	1	3	0	1	1	1	1
Ins2:U1:R2	3	0	0	0	0	0	0	0	0	1	2	0	1	0	0	1	0	0	0	0	0	0	0	0	0	1	0	0	0	1	1	0	0	0	0	1	0	0	0	0	0	0	0	0	0	0	1	0	0	0	1	0	0	0	0	0	0	0	0	0	0	0	0	1	0	0	0	0	0	0	0	0	0	0	0	0	0	0	0	0	0	0	0	0	0	0	1	1	0	0	0	0	0	0	0	0	1	0	0	1	0	0	0	0	0	1	0	0	0	0	0	0	1	0	0	0	0	0	1	2	0	0	1	3	1	1	0	1	0	1	1	0	0	0	0	0	0	0	0	0	1	0	1	0	0	0	0	0	1	0	0	1	0	0	0	0	0	0	1	1	0	0	0	0	0	0	0	0	0	0	0	0	2	0	1	1	1	0	1	0	1	0	1	0	0	0	0	0	0	0	0	1	1	0	0	0	1	1	0	1	0	0	0	0	0	2	0	1	0	0	0	1	0	0	1	0	0	0	2	0	0	1	0	1	1	0	0	0	2	0	0	0	0	1	1	0	0	1	1	0	0	0	1	0	1	0	1	0	0	1	0	0	0	1	0	0	0	0	0	0	0	0	0	0
Ins2:U1:R3	1	0	0	0	0	0	0	0	0	0	0	0	0	1	1	0	0	0	0	2	0	0	0	0	0	1	0	0	0	0	1	1	2	0	0	0	0	0	1	0	0	0	0	0	0	0	2	0	0	0	1	1	0	0	0	1	0	0	0	2	0	0	0	0	1	0	0	0	0	0	0	1	0	0	0	0	0	1	1	0	0	1	0	0	0	0	0	0	2	0	0	0	0	0	1	0	0	0	0	0	0	0	0	0	0	0	0	0	0	0	0	0	0	1	1	2	1	0	1	1	1	0	2	2	1	1	0	1	0	2	1	0	1	0	3	1	0	0	0	0	1	1	0	1	2	0	1	1	1	3	0	1	0	0	0	1	1	1	0	1	1	0	0	0	1	0	0	0	0	4	0	0	1	0	0	0	1	0	2	0	1	2	2	0	1	1	0	0	1	0	1	1	1	0	0	0	1	0	1	1	0	0	0	0	2	0	1	0	0	0	0	2	0	1	0	0	2	0	2	1	0	0	1	0	1	0	0	0	0	0	0	0	0	1	1	0	0	1	0	1	2	1	0	0	1	0	1	0	0	0	0	1	0	2	1	0	1	1	2	0	0	0	0	1
Ins2:U1:R4	0	0	0	1	0	1	0	1	1	0	0	0	0	0	0	0	0	0	0	0	0	0	0	0	0	0	0	0	0	1	0	0	2	0	1	0	0	0	0	0	0	0	0	0	0	0	0	0	0	0	0	0	0	0	0	0	0	0	0	0	0	0	0	0	0	0	0	0	0	1	0	1	0	1	0	0	0	0	0	0	0	0	1	0	0	0	1	0	0	1	0	1	0	0	1	0	0	0	0	0	0	0	1	0	0	0	1	0	1	0	0	0	0	0	0	0	1	0	0	2	0	0	0	0	1	1	0	1	0	0	1	0	0	0	1	0	0	0	1	1	0	0	0	1	0	0	0	0	0	0	1	0	0	0	0	0	0	0	1	2	0	0	0	0	0	0	0	0	0	1	0	0	0	0	0	0	0	1	1	0	0	0	0	1	0	0	1	0	0	0	0	2	0	0	0	0	0	0	0	0	0	0	1	0	0	0	0	1	0	0	1	1	1	0	0	0	2	0	0	0	0	0	1	1	0	1	1	0	0	0	0	0	0	1	0	0	1	0	1	0	0	0	0	0	0	1	0	0	0	1	0	0	0	0	0	1	0	0	1	0	0	1	0	0
Ins2:U1:R(5,9)	1	0	0	0	1	0	1	1	1	0	0	0	0	1	0	0	0	0	0	0	0	0	0	0	0	0	0	0	0	0	0	0	0	0	0	2	0	0	0	0	0	0	0	0	0	0	124	0	0	1	0	1	1	0	0	0	0	1	0	1	0	1	1	1	0	0	0	0	0	0	0	0	1	0	0	1	0	0	0	0	0	2	2	0	0	0	0	2	0	1	0	2	0	0	0	1	0	0	0	1	2	0	0	0	1	0	0	0	4	0	0	0	1	0	0	0	0	0	1	1	0	2	2	1	0	0	0	1	0	0	1	0	1	0	0	0	2	0	0	0	2	1	0	0	0	1	1	2	0	0	1	5	2	0	3	0	0	2	1	2	0	0	0	0	8	0	3	0	0	1	0	0	1	1	0	3	0	0	0	1	3	0	0	0	0	1	1	0	0	0	1	1	0	0	1	1	0	0	2	0	1	1	0	0	1	0	2	0	0	0	0	1	0	1	0	0	0	0	5	0	0	2	0	1	1	1	0	1	0	0	0	1	0	0	1	0	0	1	1	2	1	1	0	0	0	1	0	0	0	0	0	1	0	0	1	0	0	0	0	2	1	0	0	0
Ins2:U2:R1	5	2	1	0	1	1	1	1	2	0	0	1	3	1	1	0	0	0	1	0	1	0	0	0	4	0	1	0	0	0	0	1	1	2	0	2	1	0	3	2	0	0	0	1	0	2	12	3	0	1	0	1	1	1	0	3	1	2	0	0	1	0	1	0	0	3	1	0	0	0	0	0	1	1	0	0	2	1	1	0	0	0	1	2	1	2	0	2	1	0	0	1	1	3	0	1	0	4	0	0	1	0	2	0	3	0	2	0	1	1	0	1	0	3	2	1	3	0	0	6	3	2	2	1	2	2	2	1	2	6	2	0	1	3	0	4	1	3	0	0	6	2	2	0	1	0	4	1	0	3	3	4	0	3	1	0	2	1	3	2	1	0	2	0	4	2	3	0	1	1	0	0	6	1	1	5	2	2	7	2	1	2	4	1	1	1	0	2	1	2	1	3	0	0	4	1	1	2	3	2	1	1	2	2	2	5	4	2	2	2	1	4	1	1	2	0	3	2	2	4	4	2	2	0	3	2	0	3	4	2	1	0	1	6	5	0	1	4	2	0	1	1	1	4	2	1	2	0	1	1	2	4	2	1	0	3	0	2	3	1	2	0	1	2
Ins2:U2:R2	0	1	0	1	2	0	0	0	0	0	1	1	0	0	0	0	0	0	0	1	0	0	1	0	1	0	1	0	0	1	0	1	1	1	1	0	0	0	1	1	0	0	0	0	0	2	11	0	1	0	0	0	0	2	0	1	1	0	0	0	1	0	1	0	0	2	1	0	0	0	1	0	1	0	0	0	1	0	0	0	0	1	0	2	0	0	0	1	1	1	1	1	0	0	1	0	0	0	0	1	0	0	2	0	1	0	1	0	0	0	0	2	0	1	0	1	1	1	0	2	3	3	1	1	5	2	2	1	1	1	1	1	1	2	2	1	0	0	0	0	1	1	1	0	0	2	2	1	1	1	0	4	1	3	2	1	1	1	1	1	0	1	0	0	5	2	2	1	0	1	0	1	3	2	1	3	0	1	3	0	0	2	0	0	1	1	0	0	0	1	0	1	0	0	0	0	0	1	0	0	3	2	1	1	0	0	1	3	1	1	0	1	0	1	2	1	0	1	2	0	0	1	1	0	0	1	0	2	1	0	1	1	0	3	1	0	0	1	4	2	3	2	0	2	4	1	1	0	0	0	2	4	0	0	0	3	1	1	0	0	0	2	0	0
Ins2:U2:R3	0	0	1	0	0	1	0	0	0	0	1	0	0	1	0	0	0	0	0	1	0	0	0	0	0	0	0	1	0	0	0	1	0	0	0	0	0	1	1	0	0	0	0	0	0	0	15	0	0	0	0	0	0	0	0	0	0	0	1	0	0	0	0	0	0	0	0	0	0	0	2	0	0	0	0	0	0	0	1	0	0	1	0	1	0	1	1	2	0	1	0	0	0	0	0	0	0	0	0	0	0	0	0	0	0	0	0	0	0	0	0	0	0	0	1	0	0	0	1	0	0	0	1	0	2	1	0	3	0	0	1	1	0	1	2	0	0	1	1	0	1	1	0	1	0	2	0	0	0	1	0	1	0	1	1	0	0	0	0	0	1	0	1	1	3	0	1	0	0	3	0	1	0	0	0	0	3	2	2	1	1	3	1	2	0	0	2	0	0	1	0	0	1	0	1	0	0	0	1	1	0	1	1	2	0	3	2	1	1	0	0	2	0	0	1	1	1	0	2	0	0	2	0	1	2	0	1	2	0	0	0	1	2	3	3	0	2	3	0	0	0	1	0	3	1	0	0	0	0	0	1	1	1	0	2	0	0	2	1	0	1	1	0	2
Ins2:U2:R4	0	1	1	0	1	1	0	0	2	0	0	1	0	0	1	0	0	0	1	0	0	1	2	0	0	0	0	0	0	0	0	1	1	1	0	2	0	0	2	0	0	1	0	0	0	0	160	0	0	0	0	0	1	0	0	1	0	0	0	0	0	1	0	0	0	0	1	0	0	0	1	1	0	0	0	0	2	0	0	0	0	0	0	1	2	0	0	0	0	4	0	0	0	0	0	0	0	0	0	0	0	0	0	0	0	1	0	0	0	0	0	0	0	1	2	0	0	0	3	0	4	1	0	0	1	2	2	2	2	2	3	2	1	2	3	0	2	3	0	0	0	1	0	3	1	2	2	0	2	1	3	1	0	1	2	1	1	0	1	3	0	4	0	2	2	2	0	0	0	1	0	0	1	0	0	2	2	2	1	2	0	3	0	2	2	1	1	0	0	0	0	3	0	0	0	0	0	2	6	2	1	2	0	0	1	3	0	2	0	2	1	2	0	1	4	4	1	1	0	2	1	0	0	0	0	0	3	0	0	3	2	0	1	3	1	0	2	3	1	0	0	0	0	0	1	0	0	0	0	0	3	1	2	2	1	0	3	3	0	0	2	0	0	0
Ins2:U2:R(5,9)	3	7	4	4	1	2	1	2	8	1	1	6	1	2	5	2	3	2	1	5	1	6	3	1	1	2	4	1	2	2	0	2	2	1	1	7	1	1	4	2	2	5	2	1	5	4	999	0	2	12	3	3	1	2	2	5	0	2	1	0	3	1	5	1	1	1	0	0	2	0	3	1	3	2	1	3	3	8	0	0	1	3	0	1	0	5	4	1	4	3	0	0	2	2	0	4	1	1	0	1	2	2	1	3	3	0	0	1	2	3	2	3	1	9	4	7	9	3	7	13	22	15	10	7	7	2	2	13	6	4	7	5	8	5	34	1	6	15	5	0	1	2	6	0	6	11	5	3	4	5	5	24	4	9	4	1	8	2	4	33	5	21	6	6	10	8	3	0	2	4	10	3	9	10	5	3	6	12	11	10	11	9	4	14	1	11	4	2	5	8	3	4	1	1	7	3	3	10	19	1	8	12	7	2	14	8	3	11	1	9	7	15	7	18	12	10	4	4	24	10	2	3	8	2	2	3	0	3	9	15	1	4	14	20	13	2	23	21	2	8	4	5	1	10	10	12	1	9	0	3	12	14	7	1	7	12	7	11	3	3	8	16	3	3
Ins3:U1:R1	0	0	0	0	0	0	0	0	0	0	0	0	0	0	0	0	0	0	0	0	0	0	0	0	0	0	0	0	0	0	0	0	0	0	0	0	0	0	0	0	0	0	0	0	0	0	0	0	0	0	0	1	0	0	0	0	0	0	0	0	0	0	0	0	0	0	0	0	0	0	0	0	0	0	0	0	0	0	0	0	0	0	0	0	0	0	0	1	0	0	0	0	0	0	0	0	0	0	0	0	0	0	0	0	0	0	0	0	0	0	0	0	1	0	0	0	0	0	0	0	0	0	0	0	0	0	0	0	0	1	0	0	0	0	0	0	0	2	0	0	0	0	0	0	0	0	2	0	0	0	0	0	0	0	0	0	1	1	0	0	0	0	0	0	0	0	1	0	0	0	0	0	0	0	0	0	0	0	1	0	1	0	0	0	0	1	0	0	0	0	0	0	0	0	0	0	0	0	0	1	0	0	0	0	1	0	0	0	0	0	1	1	0	0	0	0	0	0	0	0	0	0	0	0	1	0	0	0	0	0	0	0	0	0	0	0	0	0	0	0	0	0	0	0	0	0	0	0	0	0	0	0	0	0	0	0	0	0	0	0	0	0	1	0
Ins3:U1:R2	0	0	0	0	0	0	0	0	0	0	0	0	0	0	0	0	0	0	0	0	0	0	0	0	0	0	0	0	0	0	0	0	0	0	0	0	1	0	0	1	0	0	0	0	0	0	1	0	0	0	0	0	0	0	0	0	0	0	0	0	0	0	0	0	0	0	0	0	0	0	0	0	0	0	0	0	0	1	0	0	0	0	0	0	0	0	0	0	0	0	0	0	0	0	0	0	0	0	0	0	0	0	0	0	0	0	0	0	0	0	0	0	0	0	0	0	0	0	1	0	0	0	0	0	0	0	0	0	0	0	0	0	0	0	0	0	0	0	0	1	0	0	1	0	0	1	1	0	0	0	0	0	0	0	1	1	0	0	0	0	0	0	0	0	0	0	0	0	0	0	0	0	0	0	0	0	0	0	0	0	0	0	0	0	0	0	0	0	0	0	0	0	0	0	0	0	0	0	1	0	1	0	0	0	0	0	0	0	0	0	0	0	0	0	0	0	0	0	0	0	0	0	0	0	0	0	0	0	0	0	0	0	0	0	0	0	0	0	0	0	0	0	0	0	0	0	0	0	0	0	0	0	0	0	0	0	0	0	0	0	0	1	0	0
Ins3:U1:R3	0	0	0	0	0	0	0	0	0	0	0	0	0	0	0	0	0	0	0	0	0	0	0	0	0	0	0	0	0	0	0	0	1	0	0	0	0	0	0	0	0	0	0	0	0	0	0	0	0	0	0	0	0	0	0	0	0	0	0	0	0	0	1	0	0	0	0	0	0	0	0	0	0	0	0	0	0	0	0	0	0	0	0	0	0	0	0	0	0	0	0	0	0	0	0	0	0	0	0	0	0	0	0	0	0	0	0	0	0	0	0	0	0	0	0	0	0	0	0	0	0	0	0	0	1	0	0	0	0	0	0	0	0	0	0	0	0	0	0	0	0	0	0	0	0	0	0	0	0	0	0	0	0	2	0	0	0	0	0	0	0	0	0	1	0	0	1	0	0	0	0	0	0	0	0	1	0	0	0	0	0	0	0	0	0	0	0	0	0	0	0	0	0	0	0	0	0	0	0	0	0	0	0	0	0	0	0	0	0	0	0	0	1	0	0	0	0	0	0	0	1	0	0	0	1	0	0	0	0	0	0	1	0	1	2	1	0	0	0	0	0	1	0	0	0	0	0	1	0	0	0	0	0	0	1	0	0	0	0	0	0	0	0	1
Ins3:U1:R4	0	0	0	0	0	0	0	0	0	0	0	0	0	0	0	0	0	0	0	0	0	0	0	0	0	0	2	0	0	0	0	0	0	0	0	0	0	0	0	1	0	0	0	0	0	0	0	0	0	0	0	0	0	0	0	0	0	0	0	0	0	1	0	0	0	0	0	0	1	0	0	0	0	0	0	0	0	0	0	0	0	0	0	0	0	0	0	0	0	0	0	0	0	0	0	0	0	0	0	1	0	0	1	0	0	0	0	0	0	0	0	0	0	0	1	0	0	1	0	0	0	1	0	0	0	0	0	0	0	0	0	0	0	0	0	0	0	1	0	0	1	0	1	0	0	0	0	0	0	0	0	0	1	0	0	0	0	0	0	0	0	0	0	0	1	0	1	0	0	0	0	0	0	0	1	0	0	0	0	0	0	0	1	0	0	0	0	0	0	0	0	0	0	0	0	0	0	1	0	0	0	0	0	0	0	0	0	0	0	0	0	0	0	0	1	0	0	0	1	0	0	0	0	1	0	0	0	0	0	0	0	0	1	0	0	0	0	0	0	1	0	0	0	0	0	0	0	1	0	0	0	1	0	0	0	0	0	0	0	1	0	0	0	0
Ins3:U1:R(5,9)	0	1	0	0	0	1	0	0	0	0	0	0	0	0	0	0	0	0	0	0	0	0	0	0	0	0	0	0	0	0	0	0	0	0	2	0	0	0	0	0	0	0	0	0	0	0	1	0	0	0	0	0	0	0	0	0	0	1	0	0	0	0	0	0	0	0	0	0	0	0	0	0	0	0	0	0	0	0	0	0	0	0	1	0	0	1	0	2	0	0	0	2	0	0	0	0	0	1	0	0	0	0	0	0	0	1	1	0	0	0	0	0	0	0	0	1	0	0	1	0	1	0	1	0	0	0	0	0	0	1	1	0	1	1	0	0	0	0	0	0	0	0	0	0	0	0	0	0	0	0	0	0	0	0	0	0	0	0	0	0	0	0	0	0	5	0	0	0	0	0	0	0	0	0	0	0	0	0	0	0	0	0	0	0	0	0	1	1	1	1	0	1	0	0	0	0	0	0	0	0	0	0	0	0	0	0	1	1	0	0	1	1	0	0	0	0	1	0	1	0	1	0	0	0	0	0	0	0	0	0	0	1	0	0	0	0	1	0	0	0	0	0	0	0	0	0	0	0	0	0	0	0	1	0	0	1	0	0	1	1	0	0	0	0
Ins3:U3:R1	2	0	1	1	0	0	1	1	0	1	0	2	0	0	1	0	0	0	1	0	1	1	1	0	1	2	0	0	0	0	0	0	0	1	4	2	2	0	1	0	0	1	1	1	0	1	9	0	0	2	4	0	2	0	1	2	0	0	2	0	0	0	1	0	0	2	2	1	0	0	1	1	3	1	1	0	2	1	0	0	1	2	1	1	0	1	1	2	1	0	2	0	0	0	1	1	0	0	1	2	0	0	2	2	1	1	0	1	0	3	1	0	0	2	6	1	1	2	3	4	3	3	1	3	4	0	1	0	3	2	1	2	1	1	1	0	0	1	1	2	1	2	1	1	1	2	3	0	2	3	1	2	1	4	1	1	2	2	0	2	0	2	2	2	2	2	2	0	0	1	5	2	6	0	0	5	3	2	4	1	2	2	2	2	1	1	0	1	2	0	0	1	0	1	1	0	1	0	3	5	4	0	3	0	0	4	0	1	0	1	0	2	0	2	3	0	1	3	2	0	1	1	1	2	1	1	0	0	2	1	0	0	1	2	3	0	2	1	4	1	2	3	0	1	1	2	0	0	0	0	0	2	1	2	1	3	2	1	1	0	1	1	0	0
Ins3:U3:R2	0	0	0	0	0	0	1	0	1	0	0	0	0	0	0	0	0	1	0	0	0	0	0	0	0	1	0	0	0	0	0	0	0	0	0	1	0	0	0	1	0	1	1	0	0	0	2	0	1	1	0	2	0	0	0	0	0	0	1	1	0	0	1	1	0	0	0	0	0	0	3	0	1	0	0	0	0	0	0	0	0	0	0	0	0	0	0	1	1	1	0	0	1	0	0	0	1	0	0	0	0	0	2	0	0	1	0	1	1	1	0	0	0	0	0	0	1	0	0	0	0	3	3	1	1	0	0	2	0	0	2	1	0	0	1	0	0	1	0	0	0	0	0	0	0	0	0	0	0	1	1	1	0	1	0	0	0	0	0	0	0	1	0	0	2	0	0	0	0	0	0	2	3	0	0	0	0	0	0	0	0	0	1	0	0	0	0	1	1	0	0	2	0	0	2	0	0	1	0	0	0	1	0	1	0	1	0	0	0	0	1	0	0	0	1	0	2	0	2	0	0	0	0	2	0	0	0	0	0	0	0	0	0	0	1	0	0	0	2	0	0	0	0	0	1	0	0	0	0	0	0	0	0	0	0	0	0	1	0	0	0	1	0	0
Ins3:U3:R3	0	0	0	0	0	0	1	0	0	0	0	1	0	0	0	0	0	0	0	0	0	0	0	0	0	0	0	0	1	1	0	0	0	0	0	0	0	0	0	1	0	0	0	1	0	0	8	0	0	0	0	1	0	0	0	0	0	0	0	0	0	0	0	0	0	0	0	0	0	0	1	0	0	0	0	0	0	0	0	0	0	0	0	0	0	0	0	0	0	0	0	0	0	0	0	0	0	0	0	0	0	0	0	0	0	0	1	0	0	0	0	0	0	0	0	0	0	0	0	0	0	0	0	0	1	0	0	1	0	0	0	0	0	0	0	0	0	0	0	0	0	0	0	0	0	0	0	0	0	0	0	1	0	0	0	0	0	0	0	0	0	0	0	0	0	0	0	0	0	1	0	0	2	0	0	0	0	0	0	0	0	0	0	0	0	0	0	0	0	0	0	0	0	0	0	0	0	0	0	0	0	0	0	0	0	0	0	0	0	0	0	0	0	0	0	0	0	0	1	0	0	0	0	1	0	1	0	0	0	0	0	0	1	0	0	0	0	1	0	0	0	0	0	0	0	0	0	0	0	0	0	0	0	0	0	0	0	0	0	0	0	0	0	0
Ins3:U3:R4	0	0	1	0	0	0	0	0	0	0	0	0	1	0	1	0	0	1	0	0	0	0	0	0	0	0	0	0	0	1	0	0	0	0	0	0	0	0	0	0	0	0	1	0	0	0	16	0	0	0	0	0	0	0	0	0	0	0	1	0	0	0	0	0	0	0	0	0	0	0	0	0	1	0	0	0	0	0	0	0	0	0	0	0	0	0	0	0	0	0	0	0	0	0	0	0	0	0	0	2	0	0	0	0	1	0	0	0	1	0	0	0	0	0	0	0	0	0	0	0	0	0	0	0	0	0	0	0	1	0	0	1	0	0	0	0	0	0	0	0	0	1	0	0	1	0	1	0	0	0	0	0	0	0	0	0	0	0	1	0	0	0	0	0	0	0	0	0	0	0	0	0	0	0	0	0	0	0	0	0	0	0	1	0	0	0	0	0	0	1	0	0	0	1	0	0	0	0	1	0	0	0	0	0	0	0	0	0	0	0	0	0	0	0	0	0	0	0	0	0	0	0	0	1	0	0	0	0	0	0	0	0	0	0	1	1	0	0	0	0	0	0	0	0	0	0	0	1	0	0	0	0	0	0	0	0	0	0	0	0	0	0	0	0
Ins3:U3:R(5,9)	0	0	0	2	0	0	1	0	1	0	0	1	0	0	0	0	0	1	1	0	1	0	0	1	0	0	0	0	1	0	0	1	0	0	0	2	0	0	0	0	0	0	1	0	0	0	95	0	0	1	1	0	1	0	0	0	0	0	0	1	0	0	2	0	0	0	0	1	0	1	0	0	0	0	0	0	1	0	0	0	0	1	0	1	0	0	0	0	1	0	0	1	0	0	1	0	0	0	0	0	0	0	1	0	1	0	0	0	0	0	0	0	0	0	0	0	0	0	0	0	0	0	0	1	1	1	0	2	2	0	1	0	2	0	0	0	1	0	0	0	0	0	0	0	0	2	0	2	0	0	0	0	0	0	1	1	2	1	1	2	1	2	1	0	0	0	1	0	1	0	0	0	2	0	0	0	1	1	4	3	1	1	1	0	0	0	0	0	0	0	1	1	0	0	1	0	0	1	0	0	1	0	3	0	1	1	0	0	0	0	1	1	0	1	2	0	0	1	0	0	0	0	0	2	0	1	0	1	1	1	0	1	0	7	1	0	1	3	0	0	0	0	0	0	1	1	0	0	0	0	0	0	1	0	0	2	0	3	0	0	1	1	0	3
Ins4:U1:R1	0	0	0	0	0	0	0	0	0	0	0	0	0	0	0	0	0	0	0	0	0	0	0	0	0	0	0	1	0	0	0	0	0	0	0	0	0	0	0	0	0	0	0	0	0	0	0	0	0	0	0	0	0	0	0	0	0	0	0	0	0	0	0	0	0	0	0	0	0	0	0	0	0	0	0	0	0	0	0	0	0	0	0	0	0	0	0	0	0	0	0	0	0	0	0	0	0	0	0	0	0	0	0	0	0	0	0	0	0	0	0	0	0	0	0	1	0	0	0	0	0	0	0	0	0	0	0	0	0	0	0	0	0	0	0	0	0	0	0	0	0	0	0	0	0	0	0	0	0	0	0	0	1	0	0	0	0	0	0	0	0	0	0	0	0	0	0	0	0	0	0	0	0	0	0	0	0	0	0	0	0	0	0	0	0	0	0	0	0	0	0	0	0	0	0	0	0	0	0	0	0	0	0	0	0	0	0	0	0	0	0	0	0	0	0	0	0	0	0	0	0	0	0	0	0	0	0	0	0	0	0	0	0	0	0	0	0	0	0	0	0	0	0	0	0	0	0	0	0	0	0	0	0	0	0	0	0	0	0	0	0	0	0	0
Ins4:U1:R2	0	0	0	0	0	0	0	0	0	0	0	0	0	0	0	0	0	0	0	0	0	0	0	0	0	0	0	0	0	0	0	0	0	0	0	0	0	0	0	0	0	0	0	0	0	0	0	0	0	0	0	0	0	0	0	0	0	0	0	0	0	0	0	0	0	0	0	0	0	0	0	0	0	0	0	0	0	0	1	0	0	0	0	0	0	0	0	0	0	0	0	0	0	0	0	0	0	0	0	0	0	0	0	0	0	0	0	0	0	0	0	0	0	0	0	0	0	0	0	0	0	0	0	0	0	0	0	1	0	0	0	0	0	0	0	0	0	0	0	0	0	0	0	0	0	0	0	0	0	0	0	0	0	0	0	0	0	0	0	0	0	0	0	0	0	0	0	0	0	0	0	0	0	0	0	0	0	0	0	0	0	0	0	0	0	0	0	0	0	0	0	0	0	0	0	0	0	0	0	0	0	0	1	0	0	0	0	0	0	0	0	0	0	0	0	0	0	0	0	0	1	0	0	0	0	0	0	0	0	0	0	0	1	0	0	0	0	0	0	0	0	0	0	0	0	0	0	0	0	0	0	0	0	0	0	0	0	0	0	0	0	0	0	0
Ins4:U1:R3	0	0	0	0	0	0	0	0	0	0	0	0	0	0	0	0	0	0	0	0	0	0	0	0	0	0	0	0	0	0	0	0	0	0	0	0	0	0	0	0	0	0	0	0	0	0	0	0	0	0	0	0	0	0	0	0	0	0	0	0	0	0	0	0	0	0	0	0	0	0	0	0	0	0	0	1	0	0	0	0	0	0	0	0	0	0	0	0	0	0	0	0	0	0	0	0	0	0	0	0	0	0	0	0	0	0	0	0	0	0	0	0	0	1	0	0	0	0	0	0	1	0	0	0	1	0	0	0	0	0	0	0	0	0	2	0	0	0	0	0	0	0	0	0	0	0	0	0	0	0	0	0	0	0	0	0	1	0	0	0	1	0	0	0	0	0	0	0	0	0	0	0	0	0	0	0	0	0	0	0	0	0	0	0	0	0	0	0	0	0	0	0	0	0	0	0	0	1	0	0	0	0	1	0	0	0	0	0	0	0	0	0	0	0	0	0	1	0	0	0	0	0	0	0	0	0	0	0	0	0	0	0	0	0	0	0	0	0	0	1	0	0	0	0	0	0	0	0	0	0	0	1	0	0	0	0	0	0	0	0	0	0	0	0
Ins4:U1:R4	0	0	0	0	0	0	0	0	0	0	0	0	0	0	0	0	0	0	0	0	0	0	0	0	0	0	0	0	0	0	0	0	0	0	0	0	0	0	0	0	0	0	0	0	0	0	0	0	0	0	0	0	0	0	0	0	0	0	0	0	0	0	0	0	1	0	0	0	0	0	0	0	0	0	0	0	0	0	0	0	0	0	0	0	0	0	0	0	0	0	0	0	0	0	0	0	1	0	0	0	0	0	0	0	0	0	0	0	0	1	0	0	0	0	0	0	0	0	0	0	0	0	0	0	0	0	0	0	0	1	0	0	0	0	0	0	0	0	0	0	0	0	0	0	0	0	0	0	0	0	0	0	1	0	0	0	0	1	0	0	0	0	0	0	0	0	0	0	0	0	0	0	0	0	0	0	0	0	0	0	0	0	0	0	0	0	0	0	0	0	0	0	0	0	0	0	0	0	0	0	0	0	0	0	0	0	0	0	0	0	0	0	0	0	0	0	0	0	0	0	0	0	0	0	0	0	0	0	0	0	0	0	0	1	0	0	0	0	0	0	0	1	0	0	0	0	0	0	0	0	0	0	0	0	0	0	0	0	0	0	0	0	0	0
Ins4:U1:R(5,9)	0	0	0	0	1	0	0	0	0	0	0	0	0	0	0	0	0	0	0	0	0	0	0	0	0	0	0	0	1	0	0	0	0	0	1	0	0	0	0	0	0	0	0	0	0	0	0	0	0	0	0	0	0	0	0	0	0	0	0	0	0	0	0	0	0	0	0	0	0	0	0	0	0	0	0	0	0	0	0	0	0	0	0	0	0	0	0	0	0	0	0	0	0	0	0	0	0	0	0	0	0	0	0	0	0	0	0	0	0	0	0	0	0	0	1	0	0	0	0	0	1	0	0	0	0	0	0	0	0	0	0	0	0	1	0	1	0	0	1	0	0	0	0	0	0	1	0	0	0	0	0	2	0	0	0	1	0	0	0	1	0	0	0	0	0	0	0	0	0	1	0	0	1	1	0	1	0	0	0	0	0	0	0	1	0	0	0	0	0	0	0	0	0	0	1	0	0	0	0	1	0	1	0	0	0	0	1	1	0	0	0	0	0	1	0	0	0	0	2	0	0	0	0	1	1	0	0	0	0	0	0	0	0	0	0	0	0	1	1	0	0	0	0	0	0	0	0	0	0	0	0	0	0	0	0	0	0	0	0	0	0	0	0	0
Ins4:U2:R1	0	0	0	0	0	0	0	0	0	0	0	0	0	0	0	0	0	0	0	0	0	0	0	0	0	0	0	0	0	0	0	0	0	0	0	0	0	0	0	0	0	0	0	0	0	0	0	0	0	0	0	0	0	0	0	0	0	0	0	0	0	0	0	0	0	0	0	0	0	0	0	0	0	0	0	0	0	0	0	0	0	0	0	0	0	0	0	0	0	0	0	0	0	0	0	0	0	0	0	0	0	0	0	0	0	0	0	0	0	0	0	0	0	0	0	0	0	0	0	1	1	0	0	0	0	0	0	0	0	1	0	1	0	0	0	0	0	0	0	0	0	0	0	0	0	1	0	0	0	0	0	0	1	0	0	0	0	0	0	0	0	0	0	0	0	0	0	0	0	0	0	0	0	0	0	0	0	0	0	0	0	0	0	0	0	0	0	0	0	0	0	0	0	1	0	0	0	0	0	0	0	0	0	0	0	0	0	0	0	0	0	0	0	0	0	0	0	0	1	0	0	0	0	0	0	0	0	0	0	0	0	0	0	1	0	0	0	0	0	0	0	0	0	0	0	0	0	0	0	0	0	0	0	0	0	0	0	0	0	0	0	0	0	0
Ins4:U2:R2	0	0	0	0	0	0	0	0	0	0	0	0	0	0	1	0	0	0	0	0	0	0	0	0	0	0	1	0	0	0	0	0	0	0	0	0	0	0	0	1	0	0	0	0	0	0	0	0	0	0	0	0	0	0	1	1	0	0	0	0	0	0	0	0	0	1	0	0	0	0	0	0	0	0	1	0	0	0	0	0	0	0	0	0	1	0	0	0	1	0	0	0	0	0	0	0	0	0	0	0	0	0	0	0	0	0	0	1	0	0	0	0	0	0	0	1	0	0	0	0	1	0	0	0	1	0	0	0	0	1	0	1	0	0	1	0	0	1	0	0	1	0	0	0	0	0	0	0	0	0	1	0	0	0	0	0	0	0	0	0	0	0	0	1	0	0	0	0	0	0	0	0	1	1	0	0	0	0	1	0	0	0	1	0	0	0	0	0	0	0	0	0	0	0	1	0	0	0	0	0	0	0	1	0	0	1	1	0	0	0	0	0	0	1	0	0	0	0	0	1	0	0	0	0	0	1	0	0	0	0	1	0	0	1	0	0	0	0	1	0	0	0	0	0	0	1	1	1	0	0	0	0	1	0	0	0	0	1	0	1	0	0	0	0
Ins4:U2:R3	0	0	0	0	0	0	1	1	0	0	0	0	0	0	0	0	0	0	0	0	0	0	0	0	1	0	0	0	0	0	0	0	0	0	0	1	0	0	0	0	0	0	0	0	0	0	1	0	0	0	0	0	0	0	0	1	0	0	0	0	0	0	0	0	0	0	0	0	0	0	0	0	0	0	0	0	0	0	0	0	0	0	0	0	0	0	0	0	0	0	0	0	0	0	0	0	0	0	0	0	0	0	0	0	0	0	0	0	0	0	0	0	0	1	0	0	1	1	0	0	0	0	0	0	0	0	0	0	0	0	0	0	0	0	0	0	0	1	0	0	0	0	0	0	0	0	0	0	1	0	1	1	0	0	0	0	0	0	0	0	0	0	0	0	0	2	0	0	0	0	1	1	0	0	0	0	0	0	0	0	1	0	0	0	0	0	0	0	0	0	0	0	0	0	0	0	0	0	0	0	0	0	0	0	0	0	0	0	0	0	0	0	0	0	0	0	0	0	1	0	0	0	0	0	1	0	0	0	0	0	0	0	0	0	0	0	0	1	1	0	0	0	0	0	0	0	0	0	0	0	0	0	1	0	0	0	0	0	0	1	0	0	0	0
Ins4:U2:R4	1	0	0	0	0	0	0	0	0	0	0	0	0	0	0	0	0	0	0	0	0	0	0	0	0	0	0	0	0	0	0	0	0	0	0	0	0	0	0	0	0	0	0	0	0	0	1	0	0	0	0	0	0	0	0	0	0	0	0	0	0	0	0	0	0	0	0	0	0	0	0	0	0	0	0	0	0	0	0	0	0	0	0	0	0	0	0	0	0	0	0	0	0	0	0	0	0	0	0	0	0	0	0	0	0	0	0	0	0	0	0	0	0	0	0	0	0	0	0	0	0	0	0	0	0	0	0	0	0	1	0	0	0	0	0	0	0	0	0	0	0	0	0	0	0	0	1	0	0	0	0	0	0	0	0	0	0	0	0	0	0	0	1	0	0	0	0	0	0	0	0	0	0	0	0	0	0	0	0	0	0	0	0	0	0	1	0	0	0	0	1	0	0	0	0	0	0	0	0	0	0	0	0	0	0	0	0	0	0	1	0	0	0	0	0	0	0	0	0	0	0	0	0	0	0	0	0	0	0	0	0	0	0	0	0	0	0	0	0	0	1	0	0	0	0	0	0	0	0	0	0	2	0	0	0	1	0	0	0	0	0	0	0	0
Ins4:U2:R(5,9)	0	0	0	0	0	0	0	0	0	0	0	0	0	0	0	0	0	0	0	0	0	0	0	0	0	0	0	0	0	0	0	0	0	0	0	0	0	0	0	0	0	0	0	0	0	0	19	0	0	0	0	0	0	0	0	0	0	0	0	0	0	0	0	0	0	0	0	0	0	0	0	0	0	0	0	0	0	0	0	0	0	0	0	0	0	0	0	0	0	0	0	0	0	0	0	0	0	0	0	0	0	0	0	0	0	0	0	0	0	0	0	0	0	0	0	0	0	0	0	1	0	0	0	0	0	0	1	0	1	0	0	0	0	0	2	0	0	0	0	0	0	0	1	1	0	0	0	0	0	0	0	0	0	0	0	0	0	0	0	5	0	0	0	0	0	0	0	0	0	1	0	1	1	0	0	0	0	0	0	0	0	0	0	0	0	0	1	0	0	0	0	0	0	0	0	1	0	1	0	1	1	0	1	0	0	0	0	0	0	0	0	0	0	0	0	0	0	0	0	0	0	2	1	0	0	0	0	0	0	0	0	0	0	0	0	0	0	2	0	0	1	0	1	0	0	0	0	0	0	0	0	1	0	0	0	1	0	1	0	0	0	0	0	1
Ins4:U4:R1	4	0	1	3	3	3	1	0	0	3	2	1	0	0	3	0	0	1	0	4	1	1	1	1	3	0	0	1	0	0	0	0	1	0	1	0	3	0	1	1	1	1	2	1	0	2	2	1	1	2	2	0	0	0	3	0	0	2	0	1	0	3	2	0	2	1	1	1	0	0	3	2	2	1	1	4	1	1	1	0	1	1	0	1	2	0	1	0	1	0	1	1	1	0	0	1	2	1	1	1	2	0	1	3	3	0	2	2	1	0	2	1	2	1	1	0	1	0	1	4	1	4	3	2	7	0	0	8	2	1	0	1	2	0	1	1	0	0	1	2	2	3	0	0	0	4	5	4	1	5	1	3	5	0	1	0	0	2	0	1	0	2	0	0	3	4	3	0	1	2	2	1	7	0	1	7	4	0	7	2	2	1	1	0	0	1	2	1	1	0	0	0	1	0	4	1	1	3	2	1	5	2	1	3	2	4	4	2	1	1	2	2	2	4	0	1	1	3	3	1	0	0	0	2	2	1	0	1	2	1	0	0	1	2	4	2	7	3	2	0	4	4	0	1	1	0	1	1	0	0	2	4	1	1	2	1	1	3	0	5	2	1	0	2
Ins4:U4:R2	0	0	0	1	0	0	0	0	0	1	0	0	0	0	0	0	0	1	0	0	0	0	0	0	0	0	1	0	0	1	0	0	0	0	0	0	0	0	1	0	0	0	1	0	0	0	1	0	0	0	0	0	0	0	0	0	0	0	0	0	0	0	0	0	0	1	0	0	0	0	0	0	0	0	0	1	0	1	0	0	0	0	1	0	0	0	1	1	0	0	0	0	0	0	0	0	0	0	0	0	0	0	0	0	0	1	0	0	0	0	0	0	0	0	1	0	0	0	0	0	0	1	1	0	0	3	0	1	0	0	0	0	0	0	0	0	0	0	0	0	0	0	0	0	1	0	1	2	0	1	0	0	1	0	1	0	1	0	0	2	1	0	0	0	2	1	0	0	0	0	0	0	3	0	0	0	0	1	1	2	0	0	0	0	1	0	1	1	0	0	0	0	0	0	0	0	0	0	0	1	1	0	1	1	1	1	0	0	0	0	0	0	0	0	0	2	0	0	0	0	0	0	0	1	0	1	0	0	1	1	0	0	0	1	1	0	0	0	0	0	0	0	0	0	0	0	0	0	0	0	0	2	0	0	0	2	1	1	1	0	0	0	0	0
Ins4:U4:R3	0	0	0	0	0	0	0	0	0	0	0	1	0	0	0	0	0	0	0	0	0	0	0	0	0	0	0	0	0	0	0	0	1	0	0	0	0	0	0	0	0	0	0	1	0	0	7	0	0	0	0	1	0	0	0	0	0	0	0	0	0	0	0	0	0	0	0	0	0	0	0	0	0	0	1	0	0	0	0	0	0	0	0	0	0	0	0	0	0	0	0	0	0	0	0	0	0	0	0	0	1	0	0	0	0	0	0	0	0	0	0	0	0	0	0	0	0	0	0	0	0	0	0	0	0	0	1	0	0	1	0	0	0	0	0	0	0	0	0	0	1	0	0	0	0	0	0	0	0	1	0	0	0	0	0	0	0	0	0	1	0	0	0	0	1	0	0	0	0	0	0	0	0	1	0	0	0	1	0	0	0	0	0	0	1	0	1	0	0	0	0	0	0	0	1	0	0	0	0	1	0	0	0	0	0	0	0	0	0	1	0	0	0	0	0	0	0	0	0	0	0	0	0	1	0	0	0	0	0	0	0	0	1	0	0	1	0	0	0	0	0	0	0	0	0	0	0	1	0	0	0	0	0	0	0	0	0	0	0	0	0	0	0	0
Ins4:U4:R4	0	0	0	1	0	0	1	0	1	0	1	0	0	0	0	0	0	0	0	1	0	0	0	0	0	1	0	0	0	0	0	0	0	0	1	1	0	0	0	0	0	0	1	0	0	0	19	0	0	0	0	0	0	1	0	1	0	0	0	0	0	0	0	0	0	0	0	0	0	0	0	1	0	0	0	0	0	0	0	0	0	0	0	0	0	0	0	1	0	0	1	0	0	0	1	0	0	0	0	0	0	0	0	0	0	1	0	0	0	0	0	0	0	0	0	0	1	0	0	0	0	1	1	0	0	0	0	0	0	0	0	0	0	0	0	0	1	0	0	0	0	1	1	0	0	1	1	0	0	0	0	0	0	0	1	0	0	0	0	0	0	0	0	0	0	0	0	0	1	0	0	0	0	0	0	1	0	0	0	1	0	0	0	0	1	0	0	0	0	0	0	0	0	0	0	0	0	0	0	0	0	0	1	1	1	1	1	1	0	0	0	1	0	1	0	0	0	0	0	0	1	0	0	1	1	0	0	1	1	0	0	0	0	0	1	0	0	0	0	0	1	0	0	0	0	0	0	0	0	0	0	1	1	0	0	1	0	0	0	0	1	0	0	0
Ins4:U4:R(5,9)	0	1	2	0	1	0	1	1	1	0	0	1	0	1	1	1	0	0	0	0	0	0	1	0	0	0	0	0	0	0	1	0	1	0	1	0	1	0	0	0	0	0	0	0	0	1	45	0	0	0	0	0	0	0	0	0	1	1	0	1	1	0	0	0	0	0	0	0	0	0	0	0	0	0	0	0	1	1	0	0	0	0	0	0	0	0	0	0	0	0	0	0	1	0	0	1	0	2	0	0	1	0	0	0	1	1	0	0	0	0	0	0	0	2	1	0	0	0	0	0	1	1	0	0	0	1	0	0	1	0	0	0	1	1	3	0	1	0	0	0	0	2	0	0	0	0	0	0	0	0	0	0	0	0	1	0	2	1	0	1	1	0	0	1	0	0	0	0	0	0	1	0	1	1	1	0	0	1	2	1	0	0	1	0	0	1	2	1	0	0	0	0	1	0	1	0	0	0	0	0	1	1	0	0	0	0	0	1	0	1	0	0	0	0	0	0	1	0	0	0	0	0	0	0	0	1	0	0	0	0	0	0	1	2	3	0	0	2	0	0	0	0	0	1	1	1	0	4	0	0	0	1	0	0	0	2	1	0	0	0	1	0	0	2
Ins(5,):U1:R1	0	0	0	0	0	0	0	0	0	0	0	0	0	0	0	0	0	0	0	0	0	0	0	0	0	0	0	0	0	0	0	0	0	0	0	0	0	0	0	0	0	0	0	0	0	0	0	0	0	0	0	0	0	0	0	0	0	0	0	0	0	0	0	0	0	0	0	0	0	0	0	0	0	0	0	0	0	0	0	0	0	0	0	0	0	0	0	1	0	0	0	0	0	0	0	0	0	0	0	0	0	0	0	0	0	0	0	0	0	0	0	0	0	0	0	0	0	0	0	0	0	0	0	0	0	1	0	0	0	0	0	0	0	0	0	0	0	0	0	0	0	0	0	0	0	0	0	1	0	1	0	1	0	0	0	0	0	1	0	0	0	0	1	0	0	0	1	0	0	0	1	1	0	0	1	0	0	2	0	0	1	0	0	0	0	0	0	0	0	1	0	0	0	0	0	0	0	0	0	0	0	0	0	0	0	2	0	0	0	0	1	1	0	0	1	0	0	0	0	0	0	0	0	0	0	0	0	0	0	0	0	0	0	0	0	0	0	0	0	0	0	0	0	0	0	0	0	0	0	0	0	0	0	0	1	0	0	0	0	0	0	0	0	0
Ins(5,):U1:R2	0	0	0	0	0	0	0	0	0	0	0	0	0	0	0	0	0	0	0	0	0	0	0	0	0	1	0	0	0	0	0	0	0	0	0	0	0	0	0	0	0	0	0	0	0	0	0	0	0	0	0	0	0	0	0	0	0	0	0	0	0	0	0	0	0	0	0	0	0	0	0	0	0	0	0	0	0	0	0	0	0	0	0	0	0	0	0	0	0	0	0	0	0	0	0	0	0	0	0	0	0	0	0	0	0	0	0	0	0	0	0	0	0	0	0	0	0	0	2	0	0	0	0	0	0	0	0	0	0	0	0	2	1	0	0	0	0	0	0	0	0	0	0	0	0	0	0	0	0	0	0	0	0	0	0	0	1	0	0	0	0	0	0	1	0	0	0	0	0	0	0	0	0	0	0	0	0	0	0	0	0	0	0	1	0	0	0	1	1	0	0	0	0	0	0	0	0	0	0	0	0	0	0	0	0	1	0	0	0	1	0	0	1	0	0	1	0	0	0	1	0	0	0	0	1	0	0	0	0	0	0	0	0	0	0	0	0	0	0	0	1	0	0	0	0	0	0	0	0	0	0	0	0	0	0	0	0	0	0	0	0	0	0	0
Ins(5,):U1:R3	0	0	0	0	0	0	0	0	0	0	0	0	0	0	0	0	0	0	0	0	0	0	0	0	0	0	0	0	0	0	0	0	0	0	0	0	0	0	0	0	0	0	0	0	0	0	0	0	0	0	0	0	0	0	0	0	0	0	0	0	0	0	0	0	0	0	0	0	0	0	0	0	0	0	0	0	0	0	0	0	0	0	0	0	0	0	0	0	0	0	0	0	0	0	0	0	0	0	0	0	0	0	0	0	0	0	2	0	0	0	0	0	0	0	0	0	0	0	1	0	0	0	0	0	0	0	0	0	0	0	0	0	0	0	1	0	0	0	0	0	1	0	1	0	0	0	0	0	0	0	0	0	0	0	0	0	0	0	0	0	0	0	0	1	0	0	0	0	0	0	0	1	1	0	1	0	0	0	0	0	0	0	0	0	0	0	0	0	0	0	0	0	0	0	0	0	0	0	0	0	0	0	0	0	0	0	0	1	0	0	0	0	0	0	0	0	0	0	0	0	0	0	0	1	0	0	0	0	0	0	0	0	0	0	0	0	0	0	0	0	0	0	0	0	0	0	0	0	0	0	0	0	0	0	0	0	0	0	1	0	0	0	0	0
Ins(5,):U1:R4	0	0	0	0	0	0	0	0	0	0	0	0	0	0	0	0	0	0	0	0	0	0	0	0	1	0	0	0	0	0	0	0	0	0	0	0	0	0	0	0	0	0	0	0	0	0	0	0	0	0	0	0	0	0	0	0	0	0	0	0	0	0	0	0	0	0	0	0	0	0	0	0	0	0	0	0	0	0	1	0	0	0	0	0	0	0	0	0	0	0	0	0	0	0	0	0	0	0	0	0	0	0	0	0	0	0	0	0	0	0	0	0	0	0	0	0	0	0	0	1	0	0	0	0	0	0	0	0	0	0	0	0	0	0	0	0	0	0	0	0	1	0	0	0	0	0	0	0	0	0	0	0	0	0	0	0	0	0	0	0	0	0	0	0	0	0	0	0	0	0	0	0	0	0	0	0	0	0	1	0	0	0	0	0	0	0	0	0	0	0	0	0	0	0	1	0	0	0	0	0	0	0	0	0	1	0	0	0	0	0	0	0	0	0	0	0	0	0	0	0	0	0	0	0	1	0	0	0	0	0	0	0	0	0	0	0	0	0	0	0	0	0	0	0	0	0	0	0	0	0	0	0	0	0	0	0	0	0	0	0	0	0	0	0
Ins(5,):U1:R(5,9)	0	1	0	0	0	0	0	0	0	0	0	0	0	0	0	0	1	0	0	0	0	0	0	0	0	0	0	0	0	0	0	0	0	0	0	0	0	0	0	0	0	0	0	0	0	0	0	0	0	0	0	0	0	0	0	0	0	1	0	0	0	0	0	0	0	0	0	0	1	0	0	0	0	0	0	1	0	0	0	0	0	0	0	0	0	0	0	0	0	0	0	0	0	0	0	0	0	0	0	0	0	0	0	0	0	0	0	0	0	0	0	0	0	0	0	1	0	0	1	0	0	0	0	0	0	0	0	0	0	1	0	0	1	0	0	1	0	0	1	0	0	1	0	0	0	0	0	1	1	0	1	0	0	0	0	1	0	0	0	0	0	0	0	0	0	0	0	2	0	0	0	1	1	0	0	0	0	0	1	0	1	0	0	0	0	1	1	0	0	0	0	0	0	0	0	0	0	0	0	1	0	0	1	1	0	0	0	0	0	0	0	0	0	0	0	0	0	0	0	0	0	0	0	0	0	0	0	0	0	0	0	0	0	0	1	0	1	1	0	0	0	0	0	0	0	0	1	0	0	0	1	0	0	0	1	0	0	0	0	0	0	1	0	0
Ins(5,):U2:R1	0	0	0	0	0	0	0	0	0	0	0	0	0	0	0	0	0	0	0	0	0	0	0	0	0	0	0	0	0	0	0	0	0	0	0	0	0	0	0	0	0	0	0	0	0	0	0	0	0	0	0	0	0	0	0	0	0	0	0	0	0	0	0	0	0	0	0	0	0	0	0	0	0	0	0	0	0	0	0	0	0	0	0	0	0	0	0	0	0	0	0	0	0	0	1	0	0	0	0	0	0	0	0	0	0	0	0	0	0	0	0	0	0	0	1	0	0	0	0	0	1	0	0	1	0	0	0	0	0	0	0	0	0	0	0	0	0	0	0	0	0	0	0	0	2	0	0	0	0	0	0	0	0	0	0	0	0	0	1	0	0	0	0	0	0	0	0	0	0	0	0	0	0	0	0	0	0	0	0	0	0	0	0	0	0	0	0	0	0	0	0	0	0	0	0	0	0	0	0	0	0	0	0	0	0	1	0	0	0	0	0	0	0	0	0	0	0	0	0	0	0	0	0	0	0	0	0	0	0	0	0	0	0	0	0	0	0	0	0	0	0	1	0	0	0	0	0	0	0	0	0	0	0	0	0	0	0	0	0	0	0	0	0	0
Ins(5,):U2:R2	0	0	0	0	0	0	0	0	0	0	0	0	0	0	0	0	0	0	0	0	0	0	0	0	0	0	0	0	0	0	0	0	0	0	0	0	0	0	0	0	0	0	0	0	0	0	0	0	0	0	0	0	0	0	0	0	0	0	0	0	0	0	0	0	0	0	0	0	0	0	0	0	0	0	0	0	0	0	0	0	0	0	0	0	0	0	0	0	0	0	0	0	0	0	0	0	0	0	0	0	0	0	0	0	0	0	0	0	0	0	0	0	0	0	0	0	0	0	0	0	0	0	0	0	0	0	0	1	0	0	1	0	0	0	0	0	0	0	0	0	0	1	1	0	0	0	0	0	0	0	1	0	0	1	0	0	0	0	0	0	0	0	0	0	0	0	0	0	0	0	0	0	0	0	0	0	0	0	0	0	0	0	0	0	0	0	0	0	0	0	0	0	0	0	0	0	0	0	0	0	0	0	0	0	0	0	0	0	1	0	0	0	0	0	0	0	0	0	0	0	0	0	0	0	0	0	0	0	0	0	0	0	0	0	0	0	0	0	0	0	0	0	0	0	0	0	0	0	0	0	0	0	0	0	0	0	0	0	0	0	0	0	0	0
Ins(5,):U2:R3	0	0	0	0	0	1	0	0	0	0	0	0	0	0	0	0	0	0	0	0	0	0	0	0	0	0	0	0	0	0	0	0	0	0	0	0	0	0	0	0	0	0	0	0	0	0	0	0	0	0	0	0	0	0	0	0	0	0	0	0	0	0	0	0	0	0	0	0	0	0	0	0	0	0	0	0	0	0	0	0	0	0	0	0	0	0	0	0	0	0	0	0	0	0	0	0	0	0	0	0	0	0	0	0	0	0	0	0	0	0	0	0	0	0	0	0	0	0	0	0	0	0	0	0	0	0	0	0	0	0	0	0	0	0	0	0	0	0	0	0	0	0	0	0	0	0	0	0	0	0	0	0	0	0	0	0	0	0	0	0	0	0	0	0	0	0	0	0	0	0	0	0	0	0	0	0	0	0	0	0	0	0	0	0	0	0	0	0	0	0	0	0	0	0	0	0	0	0	0	0	0	0	0	0	0	0	0	0	0	0	0	0	0	0	0	0	0	0	0	0	0	0	1	0	0	0	0	0	0	0	0	0	0	0	0	0	0	0	0	0	0	0	0	1	0	0	0	0	0	0	0	0	0	0	0	0	0	0	0	0	0	0	0	0
Ins(5,):U2:R4	0	0	0	0	0	0	0	0	0	0	0	0	0	0	0	0	0	0	0	0	0	0	0	0	0	0	0	0	0	0	0	0	0	0	0	0	0	0	0	0	0	0	0	0	0	0	0	0	0	0	0	0	0	0	0	0	0	0	0	0	0	0	0	0	0	0	0	0	0	0	0	0	0	0	0	0	0	0	0	0	0	0	0	0	0	0	0	0	0	0	0	0	0	0	0	0	0	0	0	0	0	0	0	0	0	0	0	0	1	0	0	0	0	0	0	0	0	0	0	0	0	0	1	0	0	0	0	0	0	0	0	0	1	1	0	0	0	0	0	0	0	0	0	0	0	0	0	0	0	0	0	0	0	0	0	0	0	0	1	0	0	0	0	0	0	0	0	0	0	0	0	0	0	0	0	0	0	0	0	0	0	0	0	0	0	0	0	0	1	0	0	0	0	0	0	0	0	0	0	0	0	0	0	0	0	0	0	0	0	0	0	0	0	0	0	1	0	0	0	0	0	0	0	0	0	0	0	0	0	0	0	0	0	1	0	0	0	0	0	0	0	0	0	0	0	0	0	0	0	1	0	0	0	0	0	1	0	0	0	0	0	0	0	0
Ins(5,):U2:R(5,9)	0	0	0	0	0	0	0	0	0	0	0	0	0	0	0	0	0	0	0	0	0	0	0	0	0	0	0	0	0	0	0	0	0	0	0	0	0	0	0	0	0	0	0	0	0	0	0	0	0	0	0	0	0	0	0	0	0	0	0	0	0	0	0	0	0	0	0	0	0	0	0	0	0	0	0	0	0	0	0	0	0	0	0	0	0	0	0	0	0	0	0	0	0	0	0	0	0	0	0	0	0	0	0	0	0	0	0	0	0	0	0	0	0	1	1	0	0	0	0	1	4	0	0	0	0	1	1	0	1	0	0	0	0	0	0	0	1	0	0	0	0	1	1	1	0	1	0	0	0	1	0	0	1	0	2	0	0	2	0	1	1	1	0	1	0	1	2	0	0	0	1	0	0	0	0	1	0	0	1	1	2	1	1	1	0	0	0	1	1	0	0	0	0	1	0	1	0	0	1	0	0	0	1	0	0	0	2	0	0	0	1	1	0	0	1	1	0	0	2	0	0	0	0	0	0	0	0	0	0	0	0	0	1	0	1	0	0	1	0	0	0	1	1	1	2	0	0	0	0	0	2	2	0	0	1	0	0	0	0	0	0	1	0	0
Ins(5,):U(3,):R1	12	2	4	4	4	7	3	3	3	3	2	3	1	5	1	2	8	6	1	0	5	4	1	3	1	8	2	0	4	7	6	3	9	4	6	5	3	0	19	8	1	5	3	4	3	10	13	5	3	15	3	1	5	3	4	13	7	7	3	4	4	5	11	6	8	7	5	4	4	2	8	6	8	3	5	6	0	4	1	2	1	5	1	1	7	7	4	15	4	8	2	11	8	7	11	5	4	6	5	8	4	5	13	3	1	4	6	6	10	8	0	9	9	4	7	10	7	7	15	7	6	3	14	5	5	6	1	3	5	6	3	2	19	4	5	1	7	10	0	1	9	13	5	4	3	3	4	9	2	12	5	8	10	3	13	2	2	7	5	13	2	5	2	1	35	3	5	2	1	17	1	8	34	1	5	7	3	15	14	3	7	4	6	3	3	1	3	6	6	1	9	4	1	1	2	3	2	5	9	4	6	8	10	1	9	7	6	9	1	3	3	10	3	7	5	1	5	4	9	8	7	2	6	13	4	6	3	5	7	4	3	3	6	10	13	3	10	5	7	3	6	15	6	5	4	3	7	4	2	4	2	17	1	3	9	11	3	9	5	8	5	10	3	3
Ins(5,):U(3,):R2	0	1	1	1	1	1	0	1	0	0	0	1	0	0	0	1	0	0	0	1	0	0	0	0	0	0	1	0	0	0	0	1	0	0	0	0	0	0	0	0	0	2	0	2	0	0	2	2	0	1	0	0	1	0	2	1	0	0	0	0	0	0	2	0	0	0	0	0	0	1	0	1	0	0	0	2	1	0	1	0	0	1	0	0	1	0	0	1	0	0	0	2	0	0	0	1	0	0	0	1	0	0	0	0	0	0	2	2	2	0	0	0	1	0	0	0	1	0	0	0	0	0	0	0	0	3	1	1	0	0	1	0	3	0	0	0	0	0	0	0	0	1	1	0	0	0	0	0	1	1	1	2	1	1	1	2	0	0	0	0	0	0	0	1	4	0	0	0	1	0	0	0	2	1	0	3	0	2	3	0	0	0	0	1	0	2	0	0	0	0	1	0	0	0	0	0	0	0	0	0	0	0	0	1	1	0	0	2	0	0	1	0	0	1	0	0	2	0	0	0	0	0	0	0	0	0	0	0	0	1	1	0	0	0	1	0	0	1	0	0	2	0	1	0	1	0	0	0	0	0	0	2	0	0	1	0	1	0	0	1	0	1	0	0
Ins(5,):U(3,):R3	0	0	0	0	0	0	0	0	0	0	0	0	0	1	0	0	0	0	0	0	0	0	0	0	0	0	0	0	0	0	0	0	0	0	2	0	0	0	0	0	0	0	0	0	0	1	3	0	0	0	0	0	1	0	0	0	0	0	1	0	0	0	0	0	0	0	0	2	0	0	1	1	0	0	0	0	1	0	0	0	0	0	0	0	0	1	0	0	0	0	0	0	0	0	0	0	0	0	0	0	0	0	0	0	0	1	0	0	0	0	0	0	0	0	0	0	0	0	0	1	0	0	0	0	0	0	1	0	0	1	0	1	1	0	0	0	0	0	0	0	0	0	0	0	0	0	1	0	0	0	0	0	0	0	0	0	0	0	0	0	0	0	0	0	1	0	0	0	0	0	0	0	0	0	0	0	1	0	0	1	0	0	0	1	0	0	1	0	0	0	0	0	0	0	0	0	0	1	1	0	0	0	0	0	0	0	0	1	0	1	0	0	0	0	0	0	0	0	0	0	0	0	0	0	0	0	0	0	0	0	0	0	0	1	0	0	0	0	0	0	0	0	0	0	1	0	0	0	0	0	0	0	0	0	0	0	0	0	0	0	0	0	0	0
Ins(5,):U(3,):R4	0	0	0	1	0	0	0	0	0	0	0	0	0	0	0	1	0	0	0	1	0	0	0	0	0	0	0	0	0	0	0	0	1	0	0	0	0	0	1	0	0	0	0	0	0	0	4	0	0	0	0	0	0	0	0	0	0	0	0	0	0	0	0	0	0	0	0	0	0	0	0	0	0	0	0	1	0	0	0	0	0	0	0	0	0	0	1	0	0	1	0	0	1	0	1	0	0	0	0	0	0	0	0	0	1	0	0	0	1	0	0	0	0	0	0	0	0	0	0	0	1	0	0	0	0	0	0	0	0	0	0	0	0	0	0	0	1	0	0	0	1	0	1	0	0	0	0	0	0	0	0	0	0	1	0	0	0	0	0	0	0	0	0	0	0	1	1	0	0	0	0	0	0	0	0	1	0	0	0	1	0	0	0	1	1	0	0	0	0	0	0	0	0	0	1	0	0	1	0	0	0	0	0	0	0	0	0	0	0	1	0	0	0	0	0	0	0	0	0	0	1	1	0	0	0	0	0	0	0	0	0	0	0	1	0	0	0	0	0	0	1	0	0	1	0	0	0	0	0	0	1	0	0	2	0	0	0	0	0	0	1	0	0	0
Ins(5,):U(3,):R(5,9)	0	0	0	0	0	0	0	0	0	1	0	0	1	0	0	0	0	0	0	0	0	0	0	0	0	0	0	0	0	1	1	0	0	0	0	1	0	0	0	0	1	0	0	0	0	0	8	0	0	0	0	0	0	0	0	0	0	0	0	0	0	0	0	0	0	0	0	1	0	1	0	1	1	0	0	0	0	1	0	0	0	0	0	0	2	0	0	0	0	0	0	0	0	0	0	0	0	0	0	0	1	0	0	0	1	0	0	0	0	0	0	0	0	1	1	1	0	0	2	1	0	0	0	2	0	1	0	0	0	0	1	1	0	2	0	0	0	0	1	0	0	2	0	0	0	1	0	0	0	1	0	0	0	0	1	0	0	1	0	1	0	0	0	1	0	0	0	0	0	0	1	1	1	0	1	0	0	1	0	0	1	1	1	1	0	0	0	1	0	0	0	0	0	1	0	0	0	0	0	0	0	1	1	0	0	1	2	0	0	0	1	0	2	1	0	0	0	1	0	0	0	0	0	0	0	0	2	0	0	0	1	0	1	0	1	0	1	0	0	1	0	1	0	1	1	0	0	1	0	0	0	0	0	0	1	1	0	1	1	0	0	0	0	0
Del2:M1	8	7	2	6	9	5	4	4	13	4	7	5	2	0	10	5	5	5	6	6	7	3	3	2	3	5	5	5	2	9	2	3	2	6	3	9	5	0	15	6	2	7	5	4	0	5	20	3	7	5	6	6	2	2	7	12	5	10	4	5	5	7	6	4	9	5	2	9	3	6	9	2	10	3	0	6	5	5	7	4	2	15	2	9	3	4	11	4	3	5	1	7	3	0	9	16	3	6	3	3	2	1	6	12	6	2	1	4	8	9	1	6	5	1	10	15	4	3	14	14	11	8	8	8	5	12	2	8	3	9	8	5	7	8	14	6	6	5	2	1	9	7	11	2	10	9	6	8	3	3	3	8	4	1	4	3	5	12	6	10	2	4	5	4	16	4	10	1	2	4	5	5	32	5	5	13	6	8	15	15	7	8	9	8	1	4	1	4	10	1	11	6	3	1	5	0	5	9	6	10	9	7	6	2	8	6	3	12	3	8	5	12	9	8	7	1	12	8	6	2	4	1	5	11	5	12	3	1	10	8	1	1	9	11	11	4	5	8	7	3	4	11	5	7	16	4	1	5	0	5	11	11	4	1	11	12	5	4	7	3	8	5	1	3
Del3:M1	6	4	1	5	3	1	2	3	8	1	2	2	2	1	1	3	4	2	2	2	0	0	1	1	1	2	3	4	0	3	1	1	2	2	4	4	2	1	12	1	1	6	5	2	2	2	0	5	5	2	2	7	3	1	1	5	3	3	0	2	2	5	1	2	0	1	4	3	2	2	5	2	5	1	1	2	1	2	0	2	0	6	0	4	2	5	3	4	2	4	0	5	0	0	5	4	0	4	4	1	3	0	3	4	1	0	2	0	5	6	1	1	2	1	4	2	8	7	4	3	3	7	3	2	3	8	1	5	2	10	5	2	9	0	4	0	3	2	0	0	6	1	1	2	4	3	3	1	1	3	7	3	3	0	1	1	3	7	0	4	0	0	2	2	6	0	6	1	3	2	2	4	14	2	1	6	1	3	3	3	7	3	3	0	0	0	2	0	6	2	5	6	2	0	1	1	3	3	0	6	4	2	6	0	4	4	5	3	2	3	0	6	3	2	1	2	4	0	3	1	2	2	4	5	2	4	1	2	4	0	1	0	3	1	9	1	1	0	3	1	3	8	2	1	0	2	5	1	0	2	8	7	0	2	4	3	0	4	2	0	0	7	0	1
Del3:M2	5	9	5	4	6	4	9	2	16	3	5	1	6	2	3	6	2	1	6	5	3	3	4	1	2	11	10	4	2	8	1	6	7	4	4	9	9	0	12	11	4	8	4	2	0	3	17	4	9	8	7	3	1	1	8	4	7	10	3	4	4	9	4	5	4	2	2	4	3	1	10	5	13	0	3	5	4	4	0	3	4	12	4	5	4	4	8	10	6	5	0	10	2	3	11	9	3	4	1	4	3	4	4	6	4	2	11	0	6	11	4	2	3	8	6	7	5	6	8	10	7	10	9	9	8	5	4	9	3	8	8	2	11	6	10	5	6	4	1	1	7	8	9	1	9	9	6	1	1	5	4	2	5	1	6	1	8	7	1	10	1	3	1	4	8	2	12	3	0	7	4	6	20	1	5	9	5	4	13	11	7	5	3	4	6	1	4	7	4	1	2	6	3	0	3	2	3	4	2	7	7	5	4	3	5	3	3	15	2	4	3	11	8	9	4	3	8	5	2	1	9	3	3	10	7	6	2	3	9	6	1	4	11	6	13	2	3	5	7	1	6	7	3	8	7	2	3	0	1	3	13	17	3	0	12	8	6	4	9	7	6	11	0	3
Del4:M1	3	3	1	3	1	3	3	3	1	1	3	4	2	0	1	2	4	1	0	4	2	2	1	0	2	1	3	1	2	3	1	1	2	4	2	3	0	0	14	4	2	6	2	2	2	2	4	1	2	12	2	1	1	0	7	13	0	4	6	2	2	1	1	0	0	2	2	0	3	2	8	1	4	0	4	4	2	0	0	0	0	4	2	3	3	4	1	11	3	4	2	3	3	1	10	3	2	1	2	1	5	3	4	5	1	1	3	2	2	1	1	1	3	1	6	1	5	4	6	5	3	12	4	10	8	8	1	5	3	6	12	2	8	2	3	2	4	6	2	0	7	6	6	0	5	8	7	1	3	4	5	1	1	0	4	4	3	8	4	1	1	0	3	1	7	2	2	0	2	3	3	2	13	2	2	4	3	7	8	6	8	4	3	6	0	2	7	3	2	2	4	9	3	1	4	3	5	3	6	5	9	3	5	1	2	10	1	7	2	4	3	10	3	1	2	2	10	4	1	2	2	1	4	10	4	3	1	3	3	4	1	0	6	1	6	2	6	2	11	2	3	5	0	3	1	0	3	6	0	1	5	8	0	1	3	4	1	5	4	3	2	11	1	4
Del4:M2	3	5	0	5	0	3	2	5	14	1	4	5	5	1	3	6	2	5	5	3	4	8	3	3	4	6	12	1	3	7	2	8	5	1	1	13	2	1	18	9	3	8	5	3	1	3	8	2	4	11	5	8	3	4	3	8	4	4	5	4	1	4	4	5	5	1	4	1	6	1	11	1	5	1	5	10	4	3	3	3	1	8	1	3	1	11	5	7	1	6	3	9	3	2	6	3	0	6	5	3	6	3	6	5	7	2	5	2	4	4	2	4	3	3	7	5	4	8	15	9	5	12	6	6	7	6	3	6	2	5	3	4	9	5	5	2	6	5	2	1	7	11	10	2	11	8	4	3	3	5	3	4	4	0	10	0	3	6	1	4	3	5	2	5	10	3	9	0	3	4	4	4	25	3	1	12	8	7	5	5	7	10	7	5	5	2	5	6	2	4	3	4	4	1	1	2	3	10	8	5	7	3	1	0	4	7	1	15	4	1	3	9	4	7	5	2	6	5	5	2	1	0	8	12	4	4	0	2	4	2	1	4	8	6	11	1	13	4	9	1	9	6	5	6	1	5	6	2	5	1	13	16	4	0	7	7	8	8	5	8	1	13	1	1
Del4:M3	2	7	1	3	4	7	2	1	7	2	5	7	1	3	4	6	3	1	3	3	4	9	3	6	1	7	6	3	1	9	5	7	5	2	2	6	2	0	8	8	1	8	1	5	1	4	8	4	2	9	5	3	3	1	2	6	2	7	6	0	2	5	2	4	6	3	1	4	3	3	2	3	3	2	3	6	4	1	4	1	0	13	4	1	3	5	7	8	3	6	1	5	1	3	10	5	3	6	0	4	5	3	1	3	5	2	3	3	3	5	2	1	3	1	5	5	3	4	6	7	3	12	5	8	3	4	2	5	0	5	6	0	10	2	3	2	5	5	2	0	9	7	8	1	4	9	6	2	4	2	5	5	0	1	8	1	4	5	2	5	0	1	3	5	6	3	9	1	0	5	4	3	9	2	4	11	4	7	9	6	5	1	7	4	1	0	3	7	0	2	5	5	1	3	3	2	1	4	1	7	7	5	4	0	4	8	2	13	2	5	2	9	8	7	2	0	5	1	5	3	3	1	4	7	3	5	2	2	3	4	1	1	4	8	15	2	5	3	4	4	5	6	1	9	7	2	6	4	1	0	13	5	0	1	8	8	2	2	6	7	1	15	0	0
Del5:M1	4	2	0	3	0	0	4	2	1	1	0	0	1	3	3	1	2	2	1	1	1	0	2	0	1	0	3	1	0	5	2	0	0	2	1	1	0	1	14	5	1	1	2	0	0	0	3	3	5	5	1	7	2	0	3	7	3	5	3	0	1	2	0	1	3	2	0	1	0	0	8	1	5	1	2	3	0	2	1	0	0	5	2	0	8	6	3	8	0	4	1	5	4	0	7	0	2	2	2	1	0	1	5	1	0	0	3	2	1	1	1	2	3	1	4	3	2	10	1	6	1	5	6	5	8	5	1	2	3	3	6	4	9	0	1	1	2	7	1	3	6	8	3	1	1	6	1	0	0	7	2	3	0	2	4	1	0	4	0	2	0	0	1	1	5	1	4	0	1	1	1	1	12	1	1	4	0	6	5	6	2	4	3	0	0	1	1	3	2	3	3	6	3	1	0	1	3	1	2	2	4	3	4	3	9	7	8	5	2	2	0	8	3	2	2	1	3	2	1	1	2	2	4	5	3	3	1	0	3	0	1	0	5	2	12	1	4	1	8	3	3	4	2	2	2	1	5	1	0	0	1	13	1	0	2	2	4	2	4	5	1	9	0	1
Del5:M2	7	4	1	3	0	2	5	1	1	2	2	4	3	1	3	3	3	3	1	0	3	0	2	0	2	1	2	1	1	2	1	0	3	1	0	1	0	0	23	5	1	4	1	3	0	2	0	4	5	6	1	5	4	0	2	5	2	4	4	3	0	2	0	2	5	1	1	3	1	0	3	0	3	0	3	4	1	0	0	0	1	6	4	2	1	8	2	17	0	5	0	5	3	3	12	3	3	2	1	1	0	1	5	1	1	1	4	1	4	0	0	3	3	1	6	6	2	20	2	3	4	12	7	4	2	9	1	2	1	1	6	5	29	1	1	1	0	2	1	1	7	7	2	0	1	2	2	4	0	2	3	1	1	0	4	0	2	3	2	1	1	0	0	1	5	2	5	0	0	1	2	0	25	2	1	3	1	7	2	2	1	0	0	0	4	1	4	0	1	0	9	6	0	0	2	1	0	0	8	2	1	1	3	0	5	3	5	8	0	4	0	17	4	1	0	0	4	3	1	2	1	0	1	8	1	5	0	3	1	0	0	1	4	1	9	0	2	2	2	0	6	1	3	1	1	0	7	1	0	0	2	10	1	0	5	0	5	1	3	7	0	10	1	0
Del5:M3	0	0	0	3	0	0	0	1	4	1	2	1	0	1	0	1	1	1	0	0	2	0	1	1	1	1	0	1	1	3	1	1	1	0	0	1	1	1	15	5	1	3	0	1	0	1	1	4	6	3	1	5	1	0	1	6	1	4	4	1	2	1	2	1	1	1	0	1	2	2	7	1	3	0	1	1	0	1	1	0	0	7	2	1	2	1	1	12	0	3	0	6	0	1	10	3	0	2	0	1	2	1	3	0	0	1	2	0	3	1	0	1	0	0	3	1	5	12	2	1	3	7	4	1	1	6	1	1	2	0	5	6	11	1	1	0	0	3	0	0	7	2	3	0	1	2	2	0	1	1	3	0	0	1	3	1	0	1	0	0	0	0	0	2	7	0	0	0	1	1	1	4	8	0	2	3	0	6	2	1	2	1	0	2	0	0	2	2	0	0	4	5	1	0	0	0	1	1	3	1	1	0	3	0	1	4	2	13	2	1	4	6	2	1	1	0	1	0	0	2	0	2	3	5	1	0	0	1	1	0	0	0	0	2	6	3	2	1	2	2	5	2	4	3	2	1	3	0	0	3	2	8	0	0	6	1	3	2	6	0	1	9	0	3
Del5:M4	1	3	0	2	1	2	2	0	2	0	1	1	0	1	0	0	0	6	0	0	1	1	1	1	0	3	4	1	1	3	0	1	2	2	0	1	2	0	8	3	0	1	3	2	0	0	1	1	1	3	0	3	2	0	3	7	1	1	1	1	2	1	2	1	1	3	3	1	1	1	5	0	0	0	0	1	0	2	1	0	1	4	1	1	2	3	3	5	0	2	0	4	2	1	6	0	2	1	1	0	0	1	1	3	2	0	2	1	3	0	0	0	0	0	4	1	2	7	1	1	6	5	2	4	3	3	1	2	2	1	4	2	4	1	1	0	2	3	0	0	0	2	3	0	4	2	1	0	0	1	2	1	0	0	1	2	4	1	1	1	0	0	1	1	3	0	4	0	1	0	1	2	14	0	0	3	0	4	2	0	2	0	1	1	2	1	0	1	0	0	2	4	2	0	0	0	0	2	0	2	1	0	3	1	1	1	1	6	0	0	1	3	2	1	3	0	1	3	2	0	0	1	1	5	0	2	0	1	0	1	0	0	6	4	4	1	1	0	2	0	2	2	3	0	3	0	0	3	0	0	1	2	3	0	6	1	0	1	3	5	0	7	0	3
Del6:M1	2	0	0	3	0	1	5	0	0	3	4	1	2	2	4	1	0	4	2	0	1	0	0	0	4	1	0	0	2	4	0	0	4	1	0	2	0	0	16	6	1	2	0	0	0	1	1	1	7	6	0	3	2	0	2	8	1	2	3	5	0	0	0	2	4	2	1	1	2	0	3	3	2	1	0	2	2	1	0	0	3	5	2	1	6	7	2	12	1	3	1	4	2	0	6	1	0	1	5	0	1	0	5	0	0	0	2	0	5	4	0	1	2	3	6	1	2	9	1	3	3	6	5	7	6	14	1	2	5	4	3	6	8	1	2	2	4	4	0	1	9	7	3	1	4	2	1	1	1	7	4	6	3	3	6	1	3	4	1	5	0	1	4	4	6	1	2	3	0	2	1	5	11	3	1	6	3	4	2	3	2	4	3	2	2	2	4	2	2	1	3	2	2	1	0	3	2	1	1	0	4	1	4	3	3	9	1	5	3	4	2	5	3	1	1	1	1	0	1	1	3	1	3	8	3	5	0	0	1	0	1	3	4	1	7	2	3	3	3	2	7	8	3	2	2	2	2	0	1	1	1	8	2	0	4	4	8	1	4	6	2	5	3	2
Del6:M2	2	0	0	0	0	1	0	0	1	1	2	0	1	1	1	2	0	0	1	1	6	1	0	1	1	0	1	0	2	4	0	0	3	2	0	4	2	0	26	13	3	1	2	3	0	1	1	6	6	10	0	3	2	0	2	9	3	2	7	5	0	1	1	1	8	2	0	3	1	1	9	4	3	0	2	8	0	2	3	1	0	6	2	3	4	5	2	8	2	2	0	8	1	1	17	0	1	2	5	0	0	0	5	2	2	1	7	0	1	1	0	3	0	3	11	3	3	10	0	2	0	12	8	4	10	15	0	1	0	2	15	4	24	1	2	2	0	7	0	2	11	5	5	0	1	3	0	2	1	3	1	1	1	1	2	2	1	1	1	1	0	0	2	4	12	1	1	1	1	1	0	2	15	1	3	5	1	14	8	2	1	2	2	0	2	0	2	0	0	0	10	15	0	0	0	0	0	2	0	1	2	0	6	0	11	7	5	15	1	1	2	16	4	2	1	1	0	1	2	0	2	0	2	12	3	3	0	1	3	2	0	0	2	2	12	1	3	0	2	2	2	7	8	1	1	0	4	1	2	0	1	24	0	0	5	2	5	1	10	6	4	9	3	3
Del6:M3	2	0	2	0	0	0	2	3	0	0	1	2	1	3	0	2	1	1	1	1	2	0	1	0	0	0	2	0	0	7	0	1	1	2	0	0	0	0	15	11	2	1	0	2	0	1	0	4	6	5	1	8	3	0	2	9	1	5	3	1	3	4	0	0	2	0	1	3	0	0	5	1	0	0	1	3	1	0	0	1	0	8	3	3	7	6	0	7	0	3	0	5	1	2	11	2	2	1	0	2	0	0	4	2	0	0	8	1	2	2	0	2	0	2	9	0	3	10	0	3	1	13	4	2	8	14	0	1	1	3	4	1	13	0	3	0	1	1	0	0	5	7	2	1	0	2	3	1	1	2	2	1	0	0	5	0	0	0	0	1	0	0	0	2	5	0	2	0	0	0	0	5	19	1	0	1	1	4	3	1	0	0	0	1	0	1	3	0	0	0	4	3	0	0	0	1	0	0	0	1	4	2	2	0	5	4	2	8	0	0	0	8	0	2	0	1	4	1	1	0	0	1	1	3	2	1	0	1	2	0	0	0	1	2	10	0	3	0	4	0	4	3	5	2	0	0	1	0	1	1	2	7	0	0	1	1	6	2	3	8	1	9	0	1
Del6:M4	2	0	1	0	0	2	0	1	0	1	0	1	0	1	0	0	0	1	1	0	0	0	1	0	1	0	0	0	0	2	0	0	1	0	0	1	0	1	6	5	0	1	0	0	0	0	1	0	1	3	1	1	5	0	3	2	1	0	3	2	0	1	0	0	2	0	0	3	0	0	3	1	1	0	0	0	1	0	1	0	0	7	0	1	0	3	2	11	0	3	0	4	0	0	6	1	0	1	1	1	0	1	4	0	0	0	3	0	3	1	0	2	2	2	7	2	2	6	2	1	1	1	1	2	4	5	0	1	0	3	3	2	4	2	1	0	0	1	0	0	6	2	1	0	0	1	1	0	0	1	1	4	0	1	4	2	2	1	0	1	0	1	1	2	3	0	2	1	0	1	1	1	8	0	0	2	1	4	2	0	0	0	1	0	0	1	2	2	0	0	1	4	2	1	1	0	0	1	0	2	0	2	1	1	4	0	1	7	0	0	0	1	2	2	0	1	1	1	2	0	0	0	0	8	1	3	1	0	1	2	0	0	1	3	4	0	1	0	1	0	4	2	1	1	0	0	2	1	0	0	0	5	0	1	1	1	5	2	5	4	0	8	0	0
Del6:M5	0	0	1	0	0	0	0	1	0	1	1	0	0	1	0	0	0	0	0	0	0	2	0	0	1	0	0	0	0	1	1	0	1	1	0	1	0	0	4	1	2	1	0	1	0	0	0	1	2	1	0	0	2	0	0	1	0	3	1	0	0	0	0	0	0	0	0	0	0	0	1	0	0	0	1	1	0	0	0	0	0	0	2	0	0	0	2	6	0	0	0	0	0	1	5	0	0	1	2	0	1	0	3	0	0	0	0	0	0	1	0	0	0	0	2	0	1	1	1	0	0	2	0	3	0	4	0	0	0	0	0	1	4	0	1	0	1	1	0	0	0	2	0	0	0	2	1	0	1	1	0	0	0	0	0	0	0	2	0	0	0	0	0	0	2	1	0	0	0	0	0	1	3	0	0	0	1	0	3	0	0	0	1	0	0	0	0	0	0	0	2	1	1	0	0	0	1	0	0	0	0	0	0	1	3	0	2	3	0	0	0	4	1	0	1	0	0	0	0	0	0	0	0	2	0	1	0	0	1	0	0	0	1	0	3	0	1	0	0	0	2	2	0	0	0	0	1	1	0	0	1	5	0	0	1	0	1	1	0	3	1	6	0	0
Del(7,):M1	91	16	1	16	13	9	122	15	7	10	15	13	61	75	14	18	37	93	8	6	53	9	8	3	70	8	13	4	79	93	11	7	15	131	15	23	12	4	176	183	16	18	12	41	5	5	9	74	91	134	7	109	40	5	107	299	90	135	82	62	10	33	16	37	37	97	6	105	50	57	62	87	23	6	70	131	13	9	13	7	2	72	53	6	135	81	19	69	15	68	7	49	104	37	121	23	71	6	31	86	9	5	224	22	7	8	213	3	68	23	9	118	60	9	119	10	84	94	11	29	24	114	103	14	38	88	6	20	10	38	68	17	128	8	9	10	11	79	9	3	119	256	73	6	16	66	15	47	7	81	71	24	16	3	63	12	5	34	4	7	0	2	6	31	253	12	16	2	6	20	8	78	276	12	5	32	19	142	36	31	22	16	16	13	7	4	54	16	15	9	37	60	15	0	3	12	7	13	11	20	19	10	69	10	106	103	74	124	11	15	8	124	16	22	2	2	34	15	10	12	7	9	13	155	76	62	3	7	15	6	0	3	75	12	81	9	12	4	133	13	115	142	33	14	15	10	56	5	2	9	13	128	2	0	28	14	37	14	87	56	15	131	2	6
Del(7,):M2	82	8	1	32	7	14	145	31	14	11	27	32	63	68	14	35	53	106	8	6	55	8	8	6	97	19	10	4	107	109	13	5	22	139	3	23	12	1	297	216	21	28	10	85	2	14	12	115	175	220	9	184	62	4	119	391	97	158	155	65	3	25	6	60	111	121	6	113	66	62	94	91	16	1	80	266	19	5	8	3	3	79	94	11	166	177	18	171	15	124	9	119	145	59	244	11	94	6	48	89	8	3	255	27	4	5	216	3	163	26	6	108	55	6	172	14	90	170	11	36	19	187	258	47	55	143	5	19	11	34	174	36	195	5	23	10	6	84	1	6	137	301	83	3	5	101	19	46	5	65	79	10	17	2	56	4	8	30	3	6	1	1	5	33	359	10	15	3	3	32	5	87	433	5	4	27	10	151	28	19	8	23	7	7	1	3	78	7	7	6	88	167	5	0	7	1	6	3	16	16	16	5	96	1	214	101	120	221	7	8	8	216	11	35	3	4	37	5	8	2	7	3	11	222	94	120	3	6	9	7	2	0	92	10	150	9	16	9	126	3	149	135	61	14	5	4	107	6	5	11	10	184	2	1	38	13	67	16	194	115	19	263	2	1
Del(7,):M3	47	5	0	14	3	13	114	16	10	7	11	13	32	62	2	19	21	62	9	4	59	6	6	4	73	3	10	3	54	88	10	4	10	77	4	19	7	2	252	142	7	20	4	83	3	10	5	61	137	148	2	138	50	2	70	251	52	118	131	47	7	21	4	40	75	84	4	70	50	42	61	59	6	0	44	194	11	5	3	4	0	69	58	14	96	150	8	106	5	89	7	74	75	43	177	4	54	5	42	43	7	4	146	18	4	6	156	2	132	17	2	64	47	6	105	15	65	126	5	21	3	146	180	22	36	114	0	13	4	18	125	23	170	3	8	3	2	74	2	0	95	182	50	2	4	79	5	34	3	46	60	8	7	3	50	3	2	10	2	1	1	1	2	29	267	3	11	3	2	17	1	44	295	2	6	14	9	108	16	5	4	10	5	4	0	3	66	2	3	3	58	118	3	0	2	6	0	6	8	12	11	5	53	2	184	89	74	173	2	2	1	193	9	11	0	1	30	5	4	3	5	4	8	140	60	125	0	6	6	2	1	2	67	5	126	3	8	5	85	4	77	98	33	8	2	1	54	0	4	5	8	172	3	1	21	5	53	6	157	85	7	212	0	0
Del(7,):M4	25	4	1	9	6	8	58	14	6	2	6	11	13	26	2	9	13	48	4	5	33	3	6	3	41	3	3	0	35	31	4	1	6	53	3	7	1	1	138	86	12	17	0	35	0	3	1	39	79	66	4	89	28	2	44	135	36	54	65	34	4	18	2	18	37	43	4	40	27	18	35	23	3	0	16	108	6	1	3	0	1	43	29	3	56	83	10	76	4	70	4	47	45	22	98	7	39	6	33	26	6	1	89	12	2	1	90	2	79	8	1	43	31	0	76	10	24	75	3	12	5	68	127	10	26	67	0	2	1	9	86	17	114	2	8	3	2	36	0	0	53	116	26	1	3	46	1	20	1	29	24	5	1	0	38	0	3	9	0	1	1	0	3	15	135	2	10	1	1	9	1	21	171	0	1	12	6	45	14	2	2	8	3	1	2	1	31	3	4	1	46	75	2	0	0	4	0	1	4	4	6	3	32	1	91	42	40	94	2	1	2	91	1	5	5	0	14	1	3	0	0	1	4	91	46	69	0	0	4	1	1	0	33	6	74	1	7	2	49	1	48	43	31	4	2	1	26	0	4	1	4	90	1	1	14	2	25	5	98	51	7	131	1	1
Del(7,):M5	15	2	0	1	1	1	34	5	3	0	9	1	10	15	5	9	11	11	5	0	20	3	2	0	22	1	3	1	14	16	2	0	4	19	2	8	5	0	53	32	4	8	2	21	1	1	3	19	36	42	1	26	11	0	18	55	16	18	32	15	1	4	1	10	16	12	2	13	12	9	13	9	4	0	8	54	2	1	2	1	1	14	13	3	20	32	2	32	1	27	3	26	20	17	52	2	11	2	15	12	1	0	32	5	1	0	31	0	29	4	0	18	6	2	28	1	9	39	2	3	2	46	54	13	14	37	0	4	2	5	38	9	54	1	1	0	1	17	0	0	28	58	7	0	1	21	3	10	0	9	6	0	1	0	13	0	0	4	0	1	0	0	2	13	84	2	5	0	0	7	0	9	80	0	0	1	2	28	9	1	0	2	0	0	0	1	14	0	0	1	14	41	2	0	0	0	0	2	3	3	5	0	12	1	44	29	24	45	0	0	1	35	1	5	2	0	12	0	1	0	0	0	1	43	7	34	0	1	1	0	0	0	16	4	18	1	3	1	19	0	22	25	16	5	1	1	20	1	1	1	3	45	1	0	4	0	19	6	43	31	2	67	0	0
Del(7,):M(6,)	9	1	2	4	2	8	17	10	0	2	1	5	12	14	4	5	4	14	2	2	8	2	1	2	12	2	4	1	10	10	0	2	5	15	2	10	2	0	57	29	4	8	0	15	2	2	5	12	33	33	4	26	9	1	9	57	4	18	30	12	0	2	3	9	18	11	2	14	5	8	14	8	6	1	11	64	3	4	5	2	1	19	8	1	19	34	1	32	1	24	5	19	18	9	47	4	17	7	6	10	2	1	29	7	3	0	23	1	29	5	1	16	8	1	21	7	8	27	2	6	3	25	41	9	6	31	1	8	1	7	38	12	43	1	4	1	2	15	1	2	22	43	15	1	2	16	2	8	2	14	8	5	2	0	25	0	3	2	1	9	0	1	2	7	58	1	5	1	0	1	2	15	64	1	0	5	5	26	11	3	6	6	3	4	1	1	8	2	5	1	15	38	2	0	2	1	0	1	4	7	5	5	15	1	45	15	28	51	2	1	5	36	1	8	3	1	8	1	1	1	1	3	5	41	17	19	2	3	4	3	0	2	10	9	38	2	2	5	15	3	11	16	13	6	4	1	8	2	2	0	2	43	0	1	11	3	20	4	34	16	4	62	1	2
Complex(0,1)	0	0	0	0	0	0	0	0	0	0	0	0	0	0	0	0	0	0	0	0	0	0	0	0	0	0	0	0	0	0	0	0	0	0	0	0	0	0	0	0	0	0	0	0	0	0	0	0	0	0	0	0	0	0	0	0	0	0	0	0	0	0	0	0	0	0	0	0	0	0	0	0	0	0	0	0	0	0	0	0	0	0	0	0	0	0	0	0	0	0	0	0	0	0	0	0	0	0	0	0	0	0	0	0	0	0	0	0	0	0	0	0	0	0	0	0	0	0	0	0	0	0	0	0	0	0	0	0	0	0	0	0	0	0	0	0	0	0	0	0	0	0	0	0	0	0	0	0	0	0	0	0	0	0	0	0	0	0	0	0	0	0	0	0	0	0	0	0	0	0	0	0	0	0	0	0	0	0	0	0	0	0	0	0	0	0	0	0	0	0	0	0	0	0	0	0	0	0	0	0	0	0	0	0	0	0	0	0	0	0	0	0	0	0	0	0	0	0	0	0	0	0	0	0	0	0	0	0	0	0	0	0	0	0	0	0	0	0	0	0	0	0	0	0	0	0	0	0	0	0	0	0	0	0	0	0	0	0	0	0	0	0	0	0
Complex(2,5)	0	0	0	0	0	0	0	0	0	0	0	0	0	0	0	0	0	0	0	0	0	0	0	0	0	0	0	0	0	0	0	0	0	0	0	0	0	0	0	0	0	0	0	0	0	0	0	0	0	0	0	0	0	0	0	0	0	0	0	0	0	0	0	0	0	0	0	0	0	0	0	0	0	0	0	0	0	0	0	0	0	0	0	0	0	0	0	0	0	0	0	0	0	0	0	0	0	0	0	0	0	0	0	0	0	0	0	0	0	0	0	0	0	0	0	0	0	0	0	0	0	0	0	0	0	0	0	0	0	0	0	0	0	0	0	0	0	0	0	0	0	0	0	0	0	0	0	0	0	0	0	0	0	0	0	0	0	0	0	0	0	0	0	0	0	0	0	0	0	0	0	0	0	0	0	0	0	0	0	0	0	0	0	0	0	0	0	0	0	0	0	0	0	0	0	0	0	0	0	0	0	0	0	0	0	0	0	0	0	0	0	0	0	0	0	0	0	0	0	0	0	0	0	0	0	0	0	0	0	0	0	0	0	0	0	0	0	0	0	0	0	0	0	0	0	0	0	0	0	0	0	0	0	0	0	0	0	0	0	0	0	0	0	0
Complex(6,10)	0	0	0	0	0	0	0	0	0	0	0	0	0	0	0	0	0	0	0	0	0	0	0	0	0	0	0	0	0	0	0	0	0	0	0	0	0	0	0	0	0	0	0	0	0	0	0	0	0	0	0	0	0	0	0	0	0	0	0	0	0	0	0	0	0	0	0	0	0	0	0	0	0	0	0	0	0	0	0	0	0	0	0	0	0	0	0	0	0	0	0	0	0	0	0	0	0	0	0	0	0	0	0	0	0	0	0	0	0	0	0	0	0	0	0	0	0	0	0	0	0	0	0	0	0	0	0	0	0	0	0	0	0	0	0	0	0	0	0	0	0	0	0	0	0	0	0	0	0	0	0	0	0	0	0	0	0	0	0	0	0	0	0	0	0	0	0	0	0	0	0	0	0	0	0	0	0	0	0	0	0	0	0	0	0	0	0	0	0	0	0	0	0	0	0	0	0	0	0	0	0	0	0	0	0	0	0	0	0	0	0	0	0	0	0	0	0	0	0	0	0	0	0	0	0	0	0	0	0	0	0	0	0	0	0	0	0	0	0	0	0	0	0	0	0	0	0	0	0	0	0	0	0	0	0	0	0	0	0	0	0	0	0	0
Complex(11,20)	0	0	0	0	0	0	0	0	0	0	0	0	0	0	0	0	0	0	0	0	0	0	0	0	0	0	0	0	0	0	0	0	0	0	0	0	0	0	0	0	0	0	0	0	0	0	0	0	0	0	0	0	0	0	0	0	0	0	0	0	0	0	0	0	0	0	0	0	0	0	0	0	0	0	0	0	0	0	0	0	0	0	0	0	0	0	0	0	0	0	0	0	0	0	0	0	0	0	0	0	0	0	0	0	0	0	0	0	0	0	0	0	0	0	0	0	0	0	0	0	0	0	0	0	0	0	0	0	0	0	0	0	0	0	0	0	0	0	0	0	0	0	0	0	0	0	0	0	0	0	0	0	0	0	0	0	0	0	0	0	0	0	0	0	0	0	0	0	0	0	0	0	0	0	0	0	0	0	0	0	0	0	0	0	0	0	0	0	0	0	0	0	0	0	0	0	0	0	0	0	0	0	0	0	0	0	0	0	0	0	0	0	0	0	0	0	0	0	0	0	0	0	0	0	0	0	0	0	0	0	0	0	0	0	0	0	0	0	0	0	0	0	0	0	0	0	0	0	0	0	0	0	0	0	0	0	0	0	0	0	0	0	0	0
Complex(21,)	0	0	0	0	0	0	0	0	0	0	0	0	0	0	0	0	0	0	0	0	0	0	0	0	0	0	0	0	0	0	0	0	0	0	0	0	0	0	0	0	0	0	0	0	0	0	0	0	0	0	0	0	0	0	0	0	0	0	0	0	0	0	0	0	0	0	0	0	0	0	0	0	0	0	0	0	0	0	0	0	0	0	0	0	0	0	0	0	0	0	0	0	0	0	0	0	0	0	0	0	0	0	0	0	0	0	0	0	0	0	0	0	0	0	0	0	0	0	0	0	0	0	0	0	0	0	0	0	0	0	0	0	0	0	0	0	0	0	0	0	0	0	0	0	0	0	0	0	0	0	0	0	0	0	0	0	0	0	0	0	0	0	0	0	0	0	0	0	0	0	0	0	0	0	0	0	0	0	0	0	0	0	0	0	0	0	0	0	0	0	0	0	0	0	0	0	0	0	0	0	0	0	0	0	0	0	0	0	0	0	0	0	0	0	0	0	0	0	0	0	0	0	0	0	0	0	0	0	0	0	0	0	0	0	0	0	0	0	0	0	0	0	0	0	0	0	0	0	0	0	0	0	0	0	0	0	0	0	0	0	0	0	0	0
