MutationType	CPCT02020340T	CPCT02140010T	CPCT02110007T	CPCT02140015T	CPCT02020376T	CPCT02050051T	CPCT02140017T	CPCT02040048T	CPCT02060029T	CPCT02060039T	CPCT02050077T	CPCT02060050T	CPCT02020866T	CPCT02120177T	CPCT02140095T	CPCT02120176T	CPCT02120085T	CPCT02100138T	CPCT02080177T	CPCT02230079T	CPCT02340107T	CPCT02120096T	CPCT02120102T	CPCT02440023T	CPCT02160060T	CPCT02180055T	CPCT02140104T	CPCT02140105T	CPCT02190055T	CPCT02030551TII	CPCT02050317T	CPCT02180078T	CPCT02220075T	CPCT02230085T	CPCT02120195T	CPCT02080302T	CPCT02070470T	CPCT02300034T	CPCT02020955T	CPCT02020965T	CPCT02140094TII	CPCT02210083T	CPCT02100200T	CPCT02140106T	CPCT02140059T	WIDE01010156T	CPCT02100174T	CPCT02120200T	CPCT02140070T	CPCT02040248T	CPCT02060149T	CPCT02020718T	CPCT02230096T	CPCT02180064T	CPCT02020764T	CPCT02440012T	CPCT02020752T	CPCT02140071T	CPCT02140074T	CPCT02140017TII	CPCT02120143T	CPCT02030431T	CPCT02180067T	CPCT02160052T	CPCT02140080T	CPCT02170036T	CPCT02290045T	CPCT02060269T	CPCT02230113T	CPCT02050407T	CPCT02030543T	CPCT02190050T	CPCT02140087T	CPCT02100190T	CPCT02140094T	CPCT02130164T	CPCT02140093T	CPCT02020592T	CPCT02180076T	CPCT02020865T	CPCT02230059T	CPCT02180022T	CPCT02120014T	CPCT02180033T	CPCT02140046T	CPCT02080111T	CPCT02120027T	CPCT02140042TII	CPCT02070169T	CPCT02160024T	CPCT02020566T	CPCT02230033T	CPCT02030356T	CPCT02090021T	CPCT02330047T	CPCT02100107T	CPCT02020580T	CPCT02180003T	CPCT02020414T	CPCT02050087T	CPCT02010458T	CPCT02020447T	CPCT02060067T	CPCT02020480T	CPCT02140042T	CPCT02120002T	CPCT02030332T	CPCT02230015T	CPCT02060138T	CPCT02360007T	CPCT02040181T	CPCT02300027T	CPCT02120090T	WIDE01010520T	WIDE01010600T	WIDE01010710T	WIDE01010727T
A[Del(C):R1]A	11	10	10	3	4	12	9	16	6	4	8	8	12	9	14	7	7	6	5	9	11	15	2	10	7	6	7	8	9	3	3	9	9	8	10	16	5	13	7	9	16	2	12	6	14	1	9	4	3	8	7	8	13	3	7	9	7	5	9	11	7	11	6	8	3	2	5	4	6	1	11	6	4	6	3	5	18	4	5	13	3	5	12	32	6	9	10	1	3	12	1	5	8	8	10	9	4	0	8	6	3	5	9	9	9	8	8	8	15	62	3	9	7	15	3	15	6
A[Del(C):R1]G	0	1	1	0	1	0	0	0	0	0	2	1	2	1	0	0	2	1	1	2	1	1	0	2	1	2	0	1	6	0	1	0	2	0	0	0	0	3	1	1	1	0	3	0	0	0	3	1	0	0	1	1	1	2	1	2	0	2	1	0	2	0	0	0	0	0	1	0	0	1	3	3	1	1	0	0	2	0	0	2	1	0	3	2	1	1	1	0	0	2	0	1	3	0	0	0	0	0	0	0	0	1	0	0	0	1	0	2	2	5	3	0	0	1	0	0	0
A[Del(C):R1]T	8	5	8	4	8	4	9	18	4	9	10	16	8	12	13	6	3	6	5	13	7	13	3	17	6	4	2	8	11	5	3	6	5	9	11	11	3	11	1	5	18	2	11	5	15	0	5	1	2	4	9	3	9	6	5	6	6	5	7	9	7	5	1	16	3	3	3	9	2	6	13	11	10	5	5	7	7	0	4	13	5	6	11	10	5	6	9	3	3	13	1	4	9	15	5	11	6	0	8	3	0	5	10	6	8	9	11	8	8	14	2	10	5	10	2	14	6
A[Del(C):R2]A	3	5	12	6	0	3	8	7	4	5	4	14	4	4	7	3	5	2	4	8	9	8	0	12	6	8	2	2	8	4	0	4	6	3	8	6	0	5	4	3	5	0	8	3	4	0	4	1	4	1	0	3	10	0	2	3	1	7	3	7	3	2	4	6	0	1	4	3	0	6	2	5	6	4	2	3	3	0	4	15	5	3	4	11	1	0	4	2	1	5	0	1	3	6	2	3	2	0	6	3	1	0	3	7	2	3	4	4	4	13	4	4	4	7	1	3	2
A[Del(C):R2]G	0	0	0	2	0	1	2	1	1	0	0	0	0	0	0	0	2	2	0	1	2	2	0	2	1	0	0	2	0	1	0	1	1	0	0	1	0	0	0	0	0	0	0	2	2	1	0	1	1	0	1	0	0	1	0	0	0	0	0	2	1	0	0	0	0	0	0	0	0	0	1	0	0	0	0	0	2	0	0	2	0	1	1	0	1	0	1	0	0	1	0	0	0	0	1	1	0	0	0	1	1	1	0	0	0	1	3	0	1	4	0	2	0	0	0	0	0
A[Del(C):R2]T	6	6	15	5	7	6	12	15	4	5	6	8	3	9	12	4	9	3	4	9	4	9	2	4	4	1	3	11	7	3	0	9	4	6	8	8	1	9	5	5	7	1	7	4	6	4	4	3	1	7	0	10	5	5	4	6	3	3	6	12	5	2	4	9	1	0	1	9	0	4	5	5	6	7	3	3	6	0	4	11	4	4	10	6	2	3	7	1	2	11	0	2	5	9	6	6	2	0	5	5	0	3	7	4	5	3	7	7	8	19	11	3	6	11	2	6	0
A[Del(C):R3]A	8	3	8	3	1	8	10	4	1	3	4	4	0	2	4	5	6	2	4	3	3	3	0	1	2	0	2	4	5	3	0	3	7	3	2	8	1	4	3	4	3	1	10	1	4	0	5	2	1	2	1	2	5	2	2	5	3	1	2	11	3	3	2	6	2	1	1	1	0	1	5	4	3	2	2	3	8	3	4	6	2	2	5	9	0	1	1	1	0	8	1	1	2	4	3	6	1	1	3	0	0	2	0	1	1	3	3	2	9	28	3	5	2	4	1	6	2
A[Del(C):R3]G	0	2	1	1	0	1	3	2	0	0	1	1	0	1	1	1	0	0	1	1	0	0	0	4	2	0	0	1	1	2	0	1	0	1	0	4	1	4	1	0	1	1	1	1	3	0	0	0	0	0	0	0	2	0	1	2	0	1	0	3	1	0	0	0	0	0	0	1	0	0	0	0	0	0	1	0	3	0	0	1	0	0	0	3	0	0	0	0	0	0	0	0	1	1	0	2	1	0	0	0	0	0	1	0	0	1	1	0	0	2	2	0	0	3	2	0	0
A[Del(C):R3]T	4	1	5	3	1	3	15	8	0	2	1	4	2	7	9	5	1	0	3	4	5	5	1	7	4	1	0	6	4	3	0	5	2	5	2	9	0	1	4	2	6	0	5	4	6	0	4	1	2	2	2	7	6	4	2	6	0	4	1	15	2	1	1	4	3	0	3	4	0	3	1	5	9	8	2	4	2	0	1	4	3	1	4	8	6	0	7	2	0	4	0	4	4	4	2	5	1	0	6	2	1	2	3	3	5	3	3	3	5	16	1	4	3	5	4	3	2
A[Del(C):R4]A	3	4	4	2	2	1	3	3	1	2	3	3	2	5	6	1	0	3	0	2	5	0	0	3	3	3	2	1	6	2	3	1	2	3	1	5	1	3	1	1	2	0	5	2	4	1	3	1	0	0	1	1	4	0	1	1	1	4	3	3	2	2	1	5	0	0	0	0	0	0	1	1	2	1	1	6	2	1	1	6	2	4	1	8	1	0	3	0	1	1	0	1	0	3	2	1	2	0	1	3	0	0	2	3	2	1	2	1	5	37	2	4	2	4	0	3	0
A[Del(C):R4]G	0	0	0	0	0	0	1	1	0	0	2	0	1	0	1	3	1	1	0	1	0	2	0	1	1	2	0	2	1	1	1	1	0	2	0	0	0	1	0	0	1	0	3	0	1	0	0	0	0	1	1	0	1	0	0	0	0	2	1	1	0	0	0	0	0	0	0	0	0	1	0	0	0	0	0	0	0	1	0	0	0	0	1	2	1	0	0	0	0	3	0	1	0	0	2	2	0	0	1	0	0	0	0	0	0	0	2	1	2	13	0	1	1	0	1	1	0
A[Del(C):R4]T	2	2	0	1	1	1	4	4	2	2	2	2	1	2	4	3	1	0	1	1	5	2	1	3	1	0	1	2	3	2	2	2	3	6	3	4	0	2	1	2	0	0	2	3	3	0	5	0	1	1	0	1	3	3	0	2	1	2	2	4	0	2	4	2	0	0	0	1	0	0	1	4	3	0	0	0	4	0	2	2	2	1	0	4	1	1	2	0	1	2	0	3	0	4	1	1	0	0	2	1	0	0	0	1	1	3	0	0	4	14	4	3	1	3	0	2	0
A[Del(C):R5]A	0	0	0	2	0	0	2	3	1	1	3	3	2	0	1	0	0	0	0	3	0	2	0	1	0	2	0	0	2	3	0	0	0	0	1	1	1	2	1	2	1	0	2	0	2	1	1	0	1	1	0	0	0	1	1	1	2	1	0	2	1	0	0	2	2	0	1	2	0	1	1	0	0	4	0	0	2	0	0	0	0	1	1	13	1	1	0	1	1	3	0	1	0	1	0	0	0	0	1	0	0	2	0	0	1	1	0	0	1	83	2	1	0	2	0	1	0
A[Del(C):R5]G	0	0	1	0	0	2	4	1	0	0	0	0	0	0	1	0	0	0	0	0	0	0	0	0	0	0	0	0	0	0	0	0	0	1	1	1	0	0	0	0	0	1	1	0	0	0	1	0	0	1	0	0	0	0	0	2	0	1	0	4	1	0	0	0	0	0	0	0	0	0	0	0	0	0	0	1	0	0	0	0	0	1	1	7	0	0	1	0	0	1	0	0	0	0	1	0	0	0	1	0	0	0	0	1	0	0	0	0	1	24	0	0	0	0	0	0	0
A[Del(C):R5]T	0	0	1	0	1	0	3	6	0	0	0	3	0	1	1	0	1	1	1	2	0	1	0	2	1	1	0	1	0	0	0	2	2	1	0	3	0	1	0	0	2	0	3	0	0	2	0	0	0	0	0	1	0	1	1	1	0	1	0	3	1	0	0	2	0	0	0	0	1	0	1	1	0	0	0	0	0	0	0	2	0	0	3	16	0	0	0	0	0	1	0	0	0	0	0	0	1	0	0	0	2	1	0	1	1	2	0	0	0	72	0	0	0	2	0	1	0
A[Del(C):R6]A	0	0	0	0	0	0	0	0	0	0	0	1	0	0	2	0	0	1	0	0	0	0	0	0	1	1	0	0	0	0	0	0	0	0	1	0	1	0	0	2	0	0	0	1	0	0	1	1	0	0	0	0	1	0	1	0	0	1	0	0	0	0	0	0	0	0	0	0	0	0	0	0	0	1	0	0	0	0	0	0	0	0	2	43	0	0	0	0	0	0	0	0	0	0	0	1	0	0	1	0	0	0	0	0	0	0	0	0	0	116	0	4	0	0	0	0	0
A[Del(C):R6]G	0	0	0	0	0	0	0	1	0	0	0	1	0	0	1	0	0	0	0	0	0	0	0	0	0	0	0	1	0	0	0	0	0	0	0	0	0	1	1	0	0	0	0	0	0	0	0	0	0	0	0	0	0	0	0	0	1	0	1	0	0	0	0	0	0	0	0	0	0	0	0	0	0	0	0	0	0	0	0	0	0	0	0	10	0	0	0	0	0	0	0	0	0	0	0	0	0	0	0	0	0	0	0	0	0	0	0	0	0	25	0	0	0	0	0	0	0
A[Del(C):R6]T	0	1	1	0	0	1	1	1	2	0	0	0	0	0	0	0	0	1	0	0	1	1	0	0	0	0	0	0	1	0	0	0	0	1	1	0	0	0	1	1	0	0	0	0	0	0	0	0	0	0	1	0	1	0	0	0	0	0	0	1	0	0	0	0	0	0	0	1	0	0	0	0	0	0	0	0	0	0	0	0	0	0	0	26	0	0	0	0	0	0	0	0	0	0	1	0	0	0	0	1	0	0	0	0	1	0	0	0	0	57	1	2	0	2	0	0	1
A[Del(C):R7]A	0	0	0	0	0	0	0	0	1	0	0	0	0	0	0	0	0	0	1	0	1	0	0	1	0	0	0	0	0	2	0	0	0	0	0	1	0	0	0	0	1	0	1	0	0	0	0	0	0	0	0	0	1	0	0	0	0	0	0	0	0	0	0	1	0	0	0	0	0	0	0	0	0	0	0	0	0	0	0	0	0	0	0	58	0	0	0	0	0	0	0	0	0	0	0	0	0	0	1	0	0	1	1	0	0	0	1	0	0	175	0	0	0	0	0	1	0
A[Del(C):R7]G	0	0	0	0	0	0	0	0	0	0	0	0	0	0	0	0	0	0	0	0	0	0	0	0	0	0	0	0	0	0	0	0	0	0	0	0	0	0	0	0	0	0	0	0	0	0	0	0	0	0	0	0	0	0	0	0	0	1	0	0	0	0	0	0	0	0	0	0	0	0	0	0	0	0	0	0	0	0	0	0	0	0	0	15	0	0	0	0	0	0	0	0	0	0	0	0	0	0	0	0	0	0	0	0	0	0	0	0	0	34	0	0	0	0	0	0	0
A[Del(C):R7]T	0	0	0	0	0	0	0	0	0	0	0	0	0	0	0	1	0	0	0	1	0	0	0	0	0	0	0	0	0	0	0	0	0	0	0	0	0	0	0	0	0	0	0	0	0	0	0	0	0	0	0	0	0	0	0	0	0	0	0	0	0	0	0	0	0	0	0	0	0	0	0	0	0	0	0	0	0	0	0	0	0	0	0	4	0	0	0	0	0	0	0	0	0	0	0	0	0	0	0	0	0	0	0	0	0	0	0	0	0	22	0	0	0	0	0	0	0
A[Del(C):R8]A	0	0	1	0	0	0	0	0	0	0	0	0	0	0	0	0	0	0	0	0	0	0	0	2	0	0	0	0	0	1	0	0	0	0	1	0	0	0	0	0	0	0	0	0	0	0	0	0	0	0	0	1	0	0	0	0	0	0	0	0	1	0	0	0	0	0	0	0	0	0	0	1	0	0	0	0	0	0	0	0	0	0	0	43	0	0	1	0	0	1	0	0	0	0	0	0	1	0	0	0	0	0	0	0	0	0	1	0	0	121	0	0	0	0	0	0	0
A[Del(C):R8]G	0	0	0	0	0	0	0	0	0	0	0	0	0	0	0	0	0	0	0	0	0	0	0	0	0	0	0	0	0	0	0	0	0	0	0	0	0	0	0	0	0	0	0	0	0	0	0	0	0	0	0	0	0	0	0	0	0	0	0	0	0	0	0	0	0	0	0	0	0	0	0	0	0	0	0	0	0	0	0	0	0	0	0	3	0	0	0	0	0	0	0	0	0	0	0	0	0	0	0	0	1	0	0	0	0	0	0	0	0	12	0	0	0	0	0	0	0
A[Del(C):R8]T	0	0	0	0	0	0	0	0	0	0	0	0	0	0	0	0	0	0	0	0	0	0	0	0	0	0	0	0	0	0	0	0	0	0	0	0	0	0	0	0	0	0	0	0	0	0	0	0	0	0	0	0	0	0	0	0	0	0	0	0	0	0	0	0	0	0	0	0	0	0	0	0	0	0	0	0	0	0	0	0	0	0	0	9	0	0	0	0	0	0	0	0	0	0	0	0	0	0	0	0	0	0	0	0	0	0	0	0	0	16	0	0	0	0	0	0	0
A[Del(C):R(9,)]A	0	0	0	0	0	0	0	0	0	0	0	0	0	0	0	0	0	0	0	0	0	0	0	0	0	0	0	0	0	0	0	0	0	0	0	0	0	0	0	0	0	0	0	0	0	0	0	0	0	0	0	0	0	0	0	0	0	0	0	0	0	0	0	0	0	0	0	0	0	0	0	0	0	0	0	0	0	0	0	0	0	0	0	0	0	0	0	0	0	0	0	0	0	0	0	0	0	0	0	0	0	0	0	0	0	0	0	0	0	0	0	0	0	0	0	0	0
A[Del(C):R(9,)]G	0	0	0	0	0	0	0	0	0	0	0	0	0	0	0	0	0	0	0	0	0	0	0	0	0	0	0	0	0	0	0	0	0	0	0	0	0	0	0	0	0	0	0	0	0	0	0	0	0	0	0	0	0	0	0	0	0	0	0	0	0	0	0	0	0	0	0	0	0	0	0	0	0	0	0	0	0	0	0	0	0	0	0	0	0	0	0	0	0	0	0	0	0	0	0	0	0	0	0	0	0	0	0	0	0	0	0	0	0	0	0	0	0	0	0	0	0
A[Del(C):R(9,)]T	0	0	0	0	0	0	0	0	0	0	0	0	0	0	0	0	0	0	0	0	0	0	0	0	0	0	0	0	0	0	0	0	0	0	0	0	0	0	0	0	0	0	0	0	0	0	0	0	0	0	0	0	0	0	0	0	0	0	0	0	0	0	0	0	0	0	0	0	0	0	0	0	0	0	0	0	0	0	0	0	0	0	0	0	0	0	0	0	0	0	0	0	0	0	0	0	0	0	0	0	0	0	0	0	0	0	0	0	0	0	0	0	0	0	0	0	0
G[Del(C):R1]A	5	6	6	2	1	1	2	5	1	0	1	8	6	3	9	7	1	4	6	4	5	9	1	5	3	6	2	8	2	0	0	4	4	4	4	7	0	3	4	3	9	0	7	1	5	1	4	0	1	3	4	10	9	3	5	3	3	2	6	1	4	2	2	2	3	0	3	1	1	1	6	7	4	1	0	5	4	1	1	7	8	3	3	9	2	1	2	3	3	6	1	1	4	2	3	6	3	0	5	6	1	2	2	4	4	3	2	5	4	5	7	4	5	5	1	4	3
G[Del(C):R1]G	0	0	1	0	2	0	3	2	1	0	0	0	1	1	2	0	1	0	0	3	0	0	0	3	0	0	0	1	2	0	1	0	0	0	0	1	0	1	0	2	3	0	2	1	0	0	2	0	1	0	0	0	0	0	0	2	1	0	0	3	0	0	0	0	0	0	0	0	0	0	1	0	0	0	0	0	1	1	0	1	0	1	0	5	0	1	1	0	0	1	0	0	1	0	1	0	1	0	1	1	1	0	1	0	2	0	2	1	1	10	1	2	1	0	0	0	0
G[Del(C):R1]T	3	4	11	6	3	7	14	8	2	6	7	17	3	5	11	3	1	6	5	9	8	4	3	6	3	3	0	7	8	6	2	6	7	11	12	4	3	7	4	7	10	0	7	1	11	1	6	3	2	3	1	6	7	7	4	4	5	3	7	14	7	3	3	3	3	3	6	4	0	4	2	5	9	3	4	6	8	0	1	7	4	1	8	4	3	2	8	2	5	6	1	3	6	3	3	6	6	1	5	3	8	2	10	7	8	3	4	2	5	13	15	9	5	11	1	6	3
G[Del(C):R2]A	5	4	8	3	1	1	3	11	1	3	4	10	4	0	9	4	1	7	1	4	9	12	1	8	2	4	1	1	4	3	3	2	4	8	6	5	0	6	4	7	14	2	3	2	3	1	8	1	1	1	3	3	4	0	2	3	3	4	6	3	1	0	4	8	1	0	1	2	3	2	5	7	4	1	8	2	6	0	2	7	5	6	4	7	2	1	2	0	2	7	0	1	2	6	4	7	5	2	8	2	2	3	2	3	4	3	3	2	7	7	3	5	5	5	0	9	0
G[Del(C):R2]G	1	1	0	0	0	0	0	0	0	1	0	1	1	0	4	1	0	1	1	0	0	4	0	2	1	1	1	1	0	1	0	2	0	3	1	2	0	3	0	1	1	0	1	0	1	0	0	0	1	1	0	2	0	1	0	0	0	1	0	0	0	1	0	1	0	0	1	1	0	0	1	1	0	0	1	0	0	0	1	3	1	0	2	0	2	1	2	1	0	0	0	1	1	1	0	1	1	0	2	1	1	1	2	0	1	0	4	2	4	2	0	0	0	3	0	0	3
G[Del(C):R2]T	3	6	10	5	1	5	10	7	2	5	4	13	4	4	10	8	3	3	3	8	7	9	1	9	4	1	4	4	7	2	1	7	3	7	2	6	0	7	4	7	9	2	3	6	6	3	2	2	2	4	3	4	5	0	3	7	2	4	4	10	7	4	4	9	3	0	2	1	0	2	7	2	8	6	2	4	3	1	3	14	1	2	8	3	2	2	3	1	2	7	0	2	7	6	6	5	0	0	4	1	1	6	4	5	3	8	5	5	3	5	3	4	4	4	0	6	2
G[Del(C):R3]A	3	3	2	5	0	1	4	6	1	0	3	3	3	2	2	5	3	3	3	3	6	2	0	4	0	1	1	4	5	0	2	4	6	4	2	0	0	1	1	0	3	0	1	1	1	1	4	2	2	1	1	2	3	3	2	2	2	2	2	4	2	1	4	1	2	1	1	3	0	3	4	3	1	0	1	5	3	1	0	2	0	5	2	2	1	3	2	0	2	0	0	0	4	4	1	4	2	0	2	1	0	3	4	4	2	0	3	2	3	8	2	1	6	2	0	4	1
G[Del(C):R3]G	0	0	1	0	1	0	0	0	2	1	0	2	0	0	3	4	1	0	0	1	0	0	1	0	1	0	0	3	0	0	0	1	0	0	0	1	0	0	0	0	0	0	0	0	1	0	0	0	2	0	0	0	2	1	0	3	0	0	2	0	2	1	0	1	2	0	1	2	1	0	1	0	0	0	0	0	1	0	0	3	0	0	3	2	1	1	2	0	1	2	0	1	0	0	1	1	1	0	0	0	0	0	1	0	0	0	0	0	0	2	1	0	0	0	2	0	1
G[Del(C):R3]T	1	6	5	4	0	3	11	5	1	2	2	3	1	3	9	7	1	1	1	1	4	4	0	6	7	2	1	5	5	0	0	2	2	2	4	3	2	4	1	5	11	0	2	1	4	1	2	0	0	2	0	3	4	3	5	1	2	5	1	11	1	2	2	7	0	0	2	1	0	1	3	2	3	3	4	2	6	0	1	3	1	2	2	1	0	1	1	2	0	4	0	0	3	2	2	6	2	0	1	1	0	2	1	1	3	2	0	1	1	13	3	5	2	1	0	4	2
G[Del(C):R4]A	1	1	2	1	2	2	0	3	1	1	2	1	1	1	4	1	2	0	1	5	1	4	0	1	1	0	1	1	2	0	1	1	0	1	1	1	1	0	0	1	2	0	1	0	2	1	1	1	1	1	0	0	3	0	5	0	1	2	1	0	0	0	0	1	1	0	0	2	0	2	1	0	1	1	0	1	2	0	0	0	0	2	5	4	2	1	0	0	1	0	0	1	0	0	0	2	0	1	1	1	0	0	2	1	0	1	1	1	1	16	2	3	1	1	0	1	0
G[Del(C):R4]G	0	0	0	0	0	1	0	0	0	1	1	1	0	2	2	1	0	0	0	0	1	0	0	1	0	0	1	2	0	1	0	0	0	0	0	0	0	1	0	0	1	1	2	0	1	0	0	0	0	0	0	0	0	1	0	0	1	1	0	0	1	2	0	1	0	0	0	0	0	1	1	1	0	0	0	0	0	1	0	0	0	1	1	2	0	0	0	0	0	1	0	0	0	1	2	0	0	0	1	1	0	0	0	1	0	0	0	0	0	5	0	0	0	1	0	1	0
G[Del(C):R4]T	1	2	4	1	0	1	4	5	4	2	2	3	2	3	2	3	0	0	1	3	0	0	0	2	2	0	2	1	3	1	0	3	1	2	0	3	0	1	1	1	3	1	1	1	3	0	0	0	1	0	2	1	0	3	4	2	0	0	1	4	1	0	0	2	1	0	0	0	1	0	1	0	1	0	2	0	1	0	3	4	1	0	3	3	1	1	1	2	1	1	0	1	2	1	1	2	1	0	2	2	0	3	2	1	5	4	1	0	1	23	0	5	0	2	0	3	2
G[Del(C):R5]A	2	1	1	0	0	1	1	0	1	0	1	1	0	1	0	0	1	2	0	0	2	0	0	1	0	2	2	1	1	0	0	0	0	2	1	0	1	0	0	1	2	0	1	1	0	0	0	0	0	3	0	0	1	2	1	2	1	0	0	1	0	1	0	1	0	0	1	1	0	2	4	0	2	1	0	0	2	0	0	1	1	3	1	11	1	1	1	1	0	1	0	0	2	0	2	1	0	0	1	0	0	0	1	1	0	0	1	0	0	36	0	1	0	1	1	0	0
G[Del(C):R5]G	0	0	0	0	0	0	0	0	0	0	2	0	1	0	1	0	0	0	0	0	0	0	0	0	0	0	0	0	0	0	0	0	0	0	0	0	0	0	0	0	0	0	0	0	0	0	0	0	1	0	0	0	0	0	0	0	0	0	0	0	0	0	0	2	0	0	0	0	0	0	0	0	0	0	0	0	0	0	0	0	0	1	0	3	0	0	2	0	0	0	0	0	0	0	0	0	0	0	0	0	0	0	0	0	0	0	0	0	0	11	0	1	0	0	0	1	0
G[Del(C):R5]T	1	0	0	0	0	0	0	1	0	1	1	2	1	0	4	2	0	1	0	1	0	1	0	0	2	0	0	2	0	0	0	0	0	2	0	0	0	1	0	1	1	0	1	0	0	0	1	0	0	1	1	1	1	0	0	1	0	0	0	0	1	0	1	0	0	0	0	0	0	0	2	0	0	0	2	0	2	0	0	0	0	0	1	13	0	2	1	0	1	1	0	1	2	1	0	1	0	0	1	0	0	2	0	0	0	0	0	0	0	49	0	0	0	1	1	0	0
G[Del(C):R6]A	2	0	0	0	0	1	1	1	0	0	1	1	0	0	0	1	0	0	0	0	1	1	0	0	0	1	0	1	1	0	0	0	0	0	1	0	0	1	0	0	1	0	1	2	2	1	0	0	0	1	0	1	1	0	1	1	0	0	0	1	0	2	0	0	0	0	0	0	0	0	0	0	0	1	1	2	0	0	0	0	0	0	2	22	0	0	4	0	0	0	0	0	1	0	1	0	0	0	0	0	0	0	1	1	0	0	0	0	0	56	0	0	0	0	0	2	0
G[Del(C):R6]G	0	0	0	0	0	0	0	0	0	0	0	1	0	0	0	0	0	0	1	0	0	0	0	0	0	1	1	0	0	0	0	0	0	0	0	0	1	0	0	0	0	0	1	0	0	0	0	1	0	0	0	0	0	0	0	0	0	0	0	0	0	0	0	0	0	0	1	0	0	0	0	0	0	0	0	0	0	0	0	1	1	0	0	12	0	0	1	0	0	0	0	0	0	0	0	0	0	0	0	0	0	0	0	0	0	0	0	0	0	28	1	0	0	0	0	0	0
G[Del(C):R6]T	0	1	0	0	0	0	1	0	0	1	0	0	0	0	0	0	0	0	1	1	0	0	0	0	0	0	0	0	0	1	0	0	0	0	2	0	0	0	0	0	0	0	0	0	3	0	0	0	1	0	0	0	0	1	0	1	0	0	0	1	2	0	0	0	0	0	0	0	0	0	0	0	0	0	0	0	0	0	0	0	0	1	0	14	0	0	0	0	0	0	0	0	0	0	0	0	0	0	0	0	0	1	0	0	0	0	0	0	0	31	0	0	0	0	0	1	0
G[Del(C):R7]A	0	0	0	0	0	0	0	0	1	0	0	0	0	0	0	0	0	1	0	0	0	0	0	0	0	0	0	0	0	0	0	0	0	0	1	0	0	0	0	0	0	0	0	0	0	0	0	0	0	0	0	0	0	0	0	0	0	0	0	0	0	0	0	0	0	0	0	0	0	0	0	0	0	0	0	0	0	0	0	0	0	0	0	17	0	0	0	0	0	0	0	0	0	0	0	0	0	0	0	0	0	0	0	0	0	0	0	0	0	66	0	0	0	0	0	0	0
G[Del(C):R7]G	0	0	0	1	0	0	0	0	0	0	0	0	0	0	0	0	0	0	0	0	0	0	0	1	0	0	0	0	0	1	0	0	0	0	0	0	0	0	0	0	0	0	0	0	0	0	0	0	0	0	0	0	0	0	0	0	0	0	0	0	0	0	0	0	0	0	0	0	0	0	0	0	0	0	0	0	0	0	0	0	0	0	0	9	0	0	0	0	1	0	0	0	0	0	0	0	1	0	0	0	0	0	0	0	0	0	0	0	0	23	0	0	0	0	0	0	0
G[Del(C):R7]T	0	0	0	0	0	0	0	0	0	0	0	0	1	0	0	0	0	0	0	0	0	0	0	0	0	0	0	0	0	0	0	0	0	0	0	0	0	0	0	0	0	0	0	0	0	0	0	0	0	0	0	0	0	0	0	0	0	0	0	0	0	0	0	0	0	0	0	0	0	0	0	0	0	0	0	0	0	0	0	0	0	0	0	7	0	1	0	0	0	0	0	0	0	0	0	0	0	0	0	0	0	0	0	0	0	0	0	1	0	15	0	0	0	0	0	0	0
G[Del(C):R8]A	0	0	0	0	0	0	0	0	0	0	0	0	0	0	0	1	0	0	0	1	0	0	0	0	0	1	0	0	0	0	0	0	0	0	0	0	0	0	0	1	0	0	0	0	0	0	0	0	0	0	0	0	0	0	1	0	0	0	0	0	0	0	0	1	0	0	0	0	0	0	0	0	0	0	0	0	0	0	0	0	0	0	0	15	0	0	1	0	0	0	0	0	0	0	0	0	0	0	0	0	0	0	0	0	0	1	0	0	0	54	1	0	0	0	0	1	0
G[Del(C):R8]G	0	0	0	0	0	0	0	0	0	0	0	0	0	0	0	0	0	0	0	0	0	0	0	0	0	0	1	0	0	0	0	0	0	0	0	0	0	0	0	0	0	0	0	0	0	0	0	0	0	0	0	0	0	0	0	0	0	0	0	0	0	0	0	0	0	0	0	0	0	0	0	0	0	0	0	0	0	0	0	0	0	0	0	1	0	0	0	0	0	0	0	0	0	0	0	0	0	0	0	0	0	0	0	0	0	1	0	0	0	4	0	0	0	0	0	0	0
G[Del(C):R8]T	0	0	0	0	0	0	0	0	0	0	0	0	0	0	0	0	0	0	0	0	0	0	0	0	0	0	0	0	0	0	0	0	0	0	0	0	0	0	0	0	0	0	0	0	0	0	0	0	0	0	0	0	0	0	0	0	0	0	0	0	0	0	0	0	0	1	0	0	0	0	0	0	0	0	0	0	0	0	0	0	0	0	0	6	1	0	0	0	0	0	0	0	0	0	0	0	0	0	0	0	0	0	0	0	0	0	0	0	0	10	0	0	0	0	0	0	0
G[Del(C):R(9,)]A	0	0	0	0	0	0	0	0	0	0	0	0	0	0	0	0	0	0	0	0	0	0	0	0	0	0	0	0	0	0	0	0	0	0	0	0	0	0	0	0	0	0	0	0	0	0	0	0	0	0	0	0	0	0	0	0	0	0	0	0	0	0	0	0	0	0	0	0	0	0	0	0	0	0	0	0	0	0	0	0	0	0	0	0	0	0	0	0	0	0	0	0	0	0	0	0	0	0	0	0	0	0	0	0	0	0	0	0	0	0	0	0	0	0	0	0	0
G[Del(C):R(9,)]G	0	0	0	0	0	0	0	0	0	0	0	0	0	0	0	0	0	0	0	0	0	0	0	0	0	0	0	0	0	0	0	0	0	0	0	0	0	0	0	0	0	0	0	0	0	0	0	0	0	0	0	0	0	0	0	0	0	0	0	0	0	0	0	0	0	0	0	0	0	0	0	0	0	0	0	0	0	0	0	0	0	0	0	0	0	0	0	0	0	0	0	0	0	0	0	0	0	0	0	0	0	0	0	0	0	0	0	0	0	0	0	0	0	0	0	0	0
G[Del(C):R(9,)]T	0	0	0	0	0	0	0	0	0	0	0	0	0	0	0	0	0	0	0	0	0	0	0	0	0	0	0	0	0	0	0	0	0	0	0	0	0	0	0	0	0	0	0	0	0	0	0	0	0	0	0	0	0	0	0	0	0	0	0	0	0	0	0	0	0	0	0	0	0	0	0	0	0	0	0	0	0	0	0	0	0	0	0	0	0	0	0	0	0	0	0	0	0	0	0	0	0	0	0	0	0	0	0	0	0	0	0	0	0	0	0	0	0	0	0	0	0
T[Del(C):R1]A	5	5	7	6	1	7	8	15	4	3	9	9	7	6	8	5	6	4	9	9	9	4	2	5	5	5	0	8	11	10	3	10	4	11	10	12	2	9	6	5	5	3	9	2	9	2	3	1	1	5	3	3	9	5	6	10	4	5	9	7	4	3	3	7	3	1	8	5	3	2	5	10	6	11	3	5	6	1	2	6	2	1	7	8	4	2	10	2	5	6	0	2	4	9	7	8	3	1	6	4	3	3	2	8	5	4	2	6	14	22	6	9	5	5	2	4	1
T[Del(C):R1]G	2	0	0	0	0	0	0	4	1	4	0	0	1	1	2	3	1	1	0	1	0	2	0	1	1	0	0	1	1	0	0	1	2	1	0	2	0	2	1	1	1	1	1	0	2	1	1	1	0	1	0	0	2	1	0	0	1	3	2	0	2	0	0	1	1	0	1	0	0	1	0	0	3	1	1	0	0	0	1	2	0	1	1	1	1	0	0	0	0	1	1	0	0	0	1	2	0	1	3	1	0	0	0	1	1	0	1	1	3	5	3	0	1	1	1	2	0
T[Del(C):R1]T	15	9	14	8	7	10	12	18	7	5	7	17	5	8	18	13	8	10	12	21	12	13	1	13	7	5	2	12	21	5	2	9	9	19	9	19	5	10	8	5	17	2	16	5	16	3	12	3	4	5	10	12	14	10	8	12	5	6	13	9	7	8	8	12	6	2	5	9	4	4	10	9	7	9	5	9	16	1	8	15	2	7	16	17	8	10	9	5	7	11	0	7	6	9	10	12	8	3	7	1	5	5	9	12	13	9	4	5	18	57	14	8	7	15	4	17	2
T[Del(C):R2]A	6	3	7	5	2	6	7	9	2	7	3	3	4	4	9	11	5	6	3	8	4	4	0	5	4	1	2	7	13	6	3	4	2	10	7	13	1	7	4	1	11	3	9	4	2	0	4	0	4	1	2	4	8	3	7	1	3	6	7	7	8	2	2	6	2	1	4	8	1	3	7	6	1	1	6	2	9	0	3	11	0	5	2	10	9	3	5	1	0	6	0	3	6	6	6	10	3	1	8	4	1	0	2	7	5	4	6	8	5	12	6	6	3	5	1	4	0
T[Del(C):R2]G	1	0	2	0	0	0	0	1	1	0	2	2	1	0	3	2	0	0	0	1	1	1	0	1	1	1	0	0	2	0	0	2	0	0	0	2	0	2	1	2	3	0	2	3	3	0	1	0	0	0	0	0	1	1	1	0	0	0	1	0	0	0	0	1	1	1	0	0	0	0	1	0	0	2	0	2	0	0	0	2	0	1	0	3	0	0	0	1	0	2	0	0	1	2	2	1	0	0	1	0	0	1	0	3	1	0	1	0	1	8	2	1	1	3	1	1	0
T[Del(C):R2]T	10	8	11	8	3	5	19	12	8	11	7	11	4	7	11	12	3	6	7	10	10	4	1	13	8	8	6	6	13	4	2	4	8	9	10	7	0	7	5	7	11	3	15	2	4	1	7	6	1	1	5	5	6	4	5	9	1	6	9	19	5	6	2	10	1	0	5	7	3	7	10	9	6	6	3	4	10	1	2	18	3	4	12	7	4	2	7	3	3	8	2	8	4	6	11	12	1	0	5	4	3	12	7	3	6	8	5	5	7	21	8	10	9	9	5	8	3
T[Del(C):R3]A	11	7	8	4	1	2	12	6	2	2	3	8	3	7	11	7	0	5	4	4	7	5	1	8	2	3	2	4	5	1	1	5	5	2	8	7	2	6	3	4	7	1	6	4	2	2	2	1	1	3	3	3	5	4	3	2	4	6	7	12	5	2	3	5	2	1	4	7	1	2	4	7	5	4	3	4	5	1	3	9	4	2	3	4	2	0	6	1	1	7	0	3	4	6	4	3	2	1	5	2	1	0	2	7	4	4	3	7	8	9	10	5	1	5	1	5	3
T[Del(C):R3]G	1	1	0	2	0	1	1	1	0	1	1	2	1	0	0	0	1	0	0	1	2	2	0	0	1	4	0	1	1	1	0	0	1	0	1	2	0	0	0	0	1	1	2	2	1	1	0	0	0	0	0	1	2	0	0	0	0	1	1	1	0	2	0	1	0	0	0	0	0	2	0	0	1	1	0	0	1	0	0	1	0	2	0	3	1	1	1	0	0	0	0	1	0	1	1	1	0	0	0	0	0	0	0	3	1	0	0	0	2	12	2	1	1	3	1	0	0
T[Del(C):R3]T	7	9	5	1	2	5	7	8	6	5	3	5	1	6	10	9	5	6	4	8	8	7	1	11	5	2	0	2	5	5	2	7	2	3	11	15	2	4	8	5	5	1	8	2	10	0	4	2	0	4	3	4	4	3	4	5	2	5	5	7	6	3	3	5	1	0	1	5	0	2	8	5	2	4	1	4	9	0	2	13	1	4	5	13	2	1	2	2	1	6	0	5	4	5	4	2	2	1	2	0	2	4	3	3	2	4	1	1	7	17	4	7	4	1	2	3	0
T[Del(C):R4]A	2	1	2	4	1	0	0	4	3	6	1	2	0	3	5	1	3	2	1	1	7	5	0	3	2	4	1	3	5	1	0	3	1	0	3	6	0	2	1	0	4	0	2	1	1	0	1	1	1	6	1	2	3	2	0	0	1	4	3	0	3	1	3	4	1	0	2	0	0	1	3	2	0	0	0	4	1	1	1	5	2	3	1	14	3	3	4	1	0	1	0	2	3	4	0	4	1	0	1	3	0	0	1	1	2	1	2	1	5	59	4	1	1	2	2	6	0
T[Del(C):R4]G	0	2	2	1	1	0	0	0	0	0	1	0	0	0	1	0	0	0	0	2	0	1	0	1	0	1	0	0	0	1	0	1	0	0	1	1	0	1	0	0	1	1	1	1	1	0	2	0	0	1	0	1	0	1	1	0	1	0	0	0	2	0	0	0	0	0	0	0	0	0	0	0	0	0	1	0	0	0	0	0	1	1	0	2	0	0	0	0	0	0	0	0	0	2	0	0	0	1	1	0	1	1	0	0	0	0	0	0	1	22	0	0	0	0	0	0	0
T[Del(C):R4]T	0	3	2	1	0	2	2	7	3	0	2	4	0	2	2	2	0	1	3	3	4	3	2	3	2	0	0	2	2	0	0	3	0	2	2	2	0	5	1	2	5	0	4	1	3	0	1	1	0	0	0	3	3	2	2	1	2	1	3	2	3	1	1	3	0	0	1	2	2	1	2	3	2	4	3	1	2	0	0	3	4	3	2	11	0	0	1	4	2	2	0	1	4	3	2	1	3	0	3	1	0	3	3	1	4	4	1	2	5	23	2	2	1	2	1	2	0
T[Del(C):R5]A	2	1	1	0	0	1	2	1	2	0	0	0	2	1	1	3	1	1	0	1	1	0	0	1	0	0	1	1	1	4	1	1	1	5	1	2	0	1	0	0	2	1	1	0	1	0	2	0	1	1	0	1	2	2	2	1	0	1	2	2	1	0	0	1	1	0	0	1	0	0	3	0	0	0	1	0	1	0	0	2	3	0	2	25	0	0	0	0	0	0	0	0	0	2	1	0	1	0	1	1	1	0	0	0	1	0	0	0	0	114	1	1	2	1	0	1	0
T[Del(C):R5]G	0	1	1	0	0	0	1	0	0	0	3	0	1	0	0	0	0	0	0	0	0	0	0	0	0	0	0	0	0	1	0	0	0	1	1	0	0	1	0	0	0	0	0	0	0	0	0	0	0	0	0	0	0	0	0	0	0	1	3	1	0	0	0	0	0	0	0	0	0	0	0	0	0	0	0	0	0	0	0	0	0	0	0	7	0	2	0	0	0	0	0	1	0	0	0	0	0	0	0	0	0	1	1	0	0	0	0	0	0	31	1	0	0	0	0	0	0
T[Del(C):R5]T	1	1	0	1	0	0	2	2	0	1	1	1	2	0	0	1	0	2	1	0	0	0	0	1	0	1	0	2	2	1	0	0	1	2	1	4	0	1	1	0	0	0	1	2	3	0	1	0	0	0	1	0	0	0	1	1	0	0	2	2	3	0	0	1	0	1	1	0	0	0	4	0	0	2	0	1	1	0	0	0	1	0	0	39	0	1	1	1	0	1	0	1	0	1	2	0	0	0	2	0	2	3	0	1	1	1	1	2	0	108	0	1	0	1	1	4	0
T[Del(C):R6]A	0	0	0	0	0	0	0	0	0	0	0	0	0	0	2	2	1	1	0	1	0	1	0	0	0	0	0	0	2	0	0	0	0	0	0	0	0	0	0	0	1	0	0	0	1	0	0	0	0	1	0	0	0	1	0	0	0	1	1	0	0	0	1	0	1	1	0	1	0	0	0	0	0	1	0	2	0	0	0	0	0	1	0	34	0	1	0	0	0	1	0	0	0	0	0	1	0	0	0	1	0	0	0	2	1	0	1	0	0	144	0	0	0	1	0	1	1
T[Del(C):R6]G	0	0	0	0	0	0	1	0	0	0	0	0	0	0	0	0	0	0	1	0	0	0	0	0	1	0	0	0	0	0	0	0	0	0	0	0	0	0	0	0	0	0	1	0	0	0	0	0	0	0	0	0	0	0	0	0	0	0	0	1	0	0	0	0	0	0	0	0	0	0	0	0	0	0	0	0	0	0	0	0	0	0	0	9	0	0	0	0	0	0	0	0	0	0	0	0	0	0	0	0	0	0	0	0	0	0	0	0	0	34	0	0	0	0	0	0	0
T[Del(C):R6]T	1	0	0	0	0	1	0	0	0	0	2	0	0	1	1	0	1	1	1	0	0	0	0	1	0	0	0	0	0	0	0	0	1	0	0	0	0	0	1	0	0	0	1	0	0	0	0	0	0	0	0	0	0	1	1	0	1	1	0	0	0	1	0	0	0	0	1	1	0	0	0	0	1	0	0	0	0	0	0	2	1	0	3	20	1	0	1	0	0	0	0	0	1	0	0	0	0	0	0	0	0	0	0	0	0	0	0	1	1	65	0	0	0	0	0	1	0
T[Del(C):R7]A	0	0	0	0	0	0	0	1	0	0	0	0	1	0	0	0	0	0	0	0	0	0	0	1	0	0	0	0	0	0	0	0	0	0	1	0	0	1	0	0	0	0	0	0	0	0	0	0	0	0	0	0	0	0	0	1	0	0	0	0	0	0	0	0	0	0	0	0	0	0	0	0	0	0	0	0	0	0	0	0	0	0	0	53	1	0	1	0	0	0	0	0	0	0	0	0	0	0	0	1	0	0	0	0	0	0	0	0	0	125	0	1	0	0	0	0	0
T[Del(C):R7]G	0	0	0	0	0	0	0	0	0	0	0	0	0	0	0	0	0	0	1	1	0	0	0	0	1	0	0	0	0	0	0	0	0	0	0	0	0	0	0	0	0	0	0	0	0	0	0	0	0	0	0	0	0	0	0	0	0	0	0	0	0	0	0	0	0	0	0	0	0	0	0	0	0	0	0	0	0	0	0	0	0	0	0	6	0	0	1	0	0	0	0	0	0	0	0	0	0	0	0	0	0	0	0	0	0	0	0	0	0	36	0	0	0	0	0	0	0
T[Del(C):R7]T	0	0	0	0	0	0	0	0	0	0	0	0	0	0	0	0	0	0	0	0	1	0	0	0	0	0	0	0	0	0	0	1	0	0	0	0	0	2	0	0	0	0	0	0	0	0	0	0	0	0	0	0	0	0	0	0	0	0	0	0	0	0	0	0	0	0	0	0	0	0	0	0	0	0	0	0	0	0	0	0	0	0	0	19	0	0	0	0	0	0	0	0	0	0	0	0	0	0	0	0	0	0	0	0	0	0	0	0	0	41	0	0	0	0	0	0	0
T[Del(C):R8]A	0	0	0	0	0	0	0	0	0	0	0	0	0	0	0	0	0	0	0	0	0	0	0	0	0	0	0	1	0	0	0	0	0	0	0	0	0	0	0	0	0	0	0	0	0	0	0	0	0	0	0	0	0	0	0	0	0	0	0	0	0	0	0	0	0	0	1	0	1	0	0	0	0	0	0	0	0	0	0	0	0	0	0	51	0	0	0	0	0	0	0	0	0	0	0	1	0	0	0	0	0	0	0	0	0	0	1	0	0	92	0	0	0	0	0	0	0
T[Del(C):R8]G	0	0	0	0	0	0	0	0	0	0	0	0	0	0	0	0	0	0	0	0	0	0	0	0	0	0	0	0	0	0	0	0	0	0	0	0	0	0	0	0	0	0	0	0	0	0	0	0	0	0	0	0	0	0	0	0	0	0	0	0	0	0	0	0	0	0	0	0	0	0	0	0	0	0	0	0	0	0	0	0	0	0	0	5	0	0	0	0	0	0	0	0	0	0	0	0	0	0	0	0	0	0	0	0	0	0	0	0	0	18	0	0	0	0	0	0	0
T[Del(C):R8]T	0	0	0	0	0	0	0	0	0	0	0	0	0	0	0	0	0	0	0	0	0	0	0	0	0	0	0	0	0	0	0	0	0	0	0	0	0	0	0	0	0	0	0	0	0	0	0	0	0	0	0	0	0	0	0	0	0	0	0	0	0	0	0	0	0	0	0	0	1	0	1	0	0	0	0	0	0	0	0	0	0	0	0	10	0	0	0	0	0	0	0	0	0	1	0	0	0	0	0	0	0	0	0	0	0	0	0	0	0	15	0	0	0	0	0	0	0
T[Del(C):R(9,)]A	0	0	0	0	0	0	0	0	0	0	0	0	0	0	0	0	0	0	0	0	0	0	0	0	0	0	0	0	0	0	0	0	0	0	0	0	0	0	0	0	0	0	0	0	0	0	0	0	0	0	0	0	0	0	0	0	0	0	0	0	0	0	0	0	0	0	0	0	0	0	0	0	0	0	0	0	0	0	0	0	0	0	0	0	0	0	0	0	0	0	0	0	0	0	0	0	0	0	0	0	0	0	0	0	0	0	0	0	0	0	0	0	0	0	0	0	0
T[Del(C):R(9,)]G	0	0	0	0	0	0	0	0	0	0	0	0	0	0	0	0	0	0	0	0	0	0	0	0	0	0	0	0	0	0	0	0	0	0	0	0	0	0	0	0	0	0	0	0	0	0	0	0	0	0	0	0	0	0	0	0	0	0	0	0	0	0	0	0	0	0	0	0	0	0	0	0	0	0	0	0	0	0	0	0	0	0	0	0	0	0	0	0	0	0	0	0	0	0	0	0	0	0	0	0	0	0	0	0	0	0	0	0	0	0	0	0	0	0	0	0	0
T[Del(C):R(9,)]T	0	0	0	0	0	0	0	0	0	0	0	0	0	0	0	0	0	0	0	0	0	0	0	0	0	0	0	0	0	0	0	0	0	0	0	0	0	0	0	0	0	0	0	0	0	0	0	0	0	0	0	0	0	0	0	0	0	0	0	0	0	0	0	0	0	0	0	0	0	0	0	0	0	0	0	0	0	0	0	0	0	0	0	0	0	0	0	0	0	0	0	0	0	0	0	0	0	0	0	0	0	0	0	0	0	0	0	0	0	0	0	0	0	0	0	0	0
A[Del(T):R1]A	20	17	18	4	3	14	20	25	7	8	13	16	8	5	25	13	12	10	9	12	9	7	2	15	12	6	2	15	15	5	2	16	9	22	13	15	2	17	4	7	12	1	14	5	17	2	5	5	8	4	7	12	7	10	8	11	7	11	9	18	11	10	9	9	3	4	4	4	4	8	8	11	6	12	6	10	18	3	1	21	10	7	17	19	11	3	9	7	3	18	0	6	6	17	11	15	5	5	15	3	5	3	7	10	8	17	9	8	16	49	12	10	6	23	4	14	6
A[Del(T):R1]C	4	4	10	1	1	5	14	10	7	5	7	4	7	6	12	13	4	2	5	8	5	4	0	12	6	3	2	5	10	2	0	7	5	10	8	7	1	4	8	1	5	1	12	2	7	2	5	2	1	3	2	1	4	2	1	4	1	5	10	14	5	3	3	6	0	1	3	5	0	6	4	9	5	7	1	5	5	0	1	13	1	3	11	6	4	1	3	1	3	10	0	1	5	6	3	8	3	2	7	1	0	1	3	4	3	7	8	3	10	6	10	5	7	10	2	5	5
A[Del(T):R1]G	5	13	5	6	2	2	11	20	7	7	6	9	6	9	16	8	2	5	4	21	9	7	2	10	6	0	2	8	8	3	1	6	7	9	11	6	2	12	5	11	12	3	6	3	13	1	5	5	1	6	3	4	10	8	6	10	4	9	8	11	3	5	0	8	1	0	0	2	1	6	3	11	9	11	2	10	19	1	5	14	5	6	9	10	2	1	9	2	1	12	0	5	3	7	5	12	4	1	4	1	2	3	9	3	5	9	2	9	18	10	11	6	3	16	1	7	2
A[Del(T):R2]A	15	11	13	9	2	9	17	20	6	11	6	16	3	14	17	11	9	9	11	14	7	17	1	12	11	6	0	11	15	10	2	7	6	10	10	10	5	8	7	13	9	4	20	3	20	0	6	2	5	8	6	8	16	4	5	7	5	10	9	18	4	10	12	18	4	1	4	6	0	2	9	9	6	7	4	4	10	0	1	13	6	8	14	21	3	4	9	3	4	7	0	5	14	7	6	11	1	2	8	3	2	6	9	7	5	9	5	7	13	41	8	17	7	16	4	8	4
A[Del(T):R2]C	12	9	17	7	3	4	19	19	6	10	7	13	7	5	13	15	4	6	6	11	6	12	1	12	15	0	1	11	17	4	0	7	3	18	13	11	2	17	9	8	14	2	21	5	24	5	6	2	3	7	6	10	10	5	6	13	4	6	14	18	8	3	4	10	1	1	2	3	2	5	9	9	8	10	6	8	14	0	3	18	4	4	3	2	2	4	2	1	4	11	0	2	10	8	13	10	3	1	5	6	0	3	4	8	6	7	4	7	14	10	14	10	8	14	5	8	0
A[Del(T):R2]G	3	3	4	5	1	6	14	9	3	6	1	5	4	13	9	6	3	3	2	8	12	8	1	11	11	5	0	15	8	5	2	5	7	5	8	8	2	5	4	10	8	4	10	3	8	1	4	1	0	4	2	8	15	3	5	4	10	6	5	14	7	6	2	10	0	1	4	4	2	4	8	3	6	4	5	4	8	1	1	11	3	4	5	7	2	3	6	3	2	7	0	2	6	5	9	3	5	0	10	5	0	5	5	7	4	3	3	0	12	16	13	9	5	9	2	5	3
A[Del(T):R3]A	7	12	10	3	4	13	21	37	9	13	7	10	9	16	24	14	10	5	7	14	12	16	6	8	6	2	1	13	10	7	3	7	7	24	7	16	5	15	7	11	17	1	25	9	20	2	8	5	2	4	2	7	11	5	9	9	7	14	15	21	16	7	3	17	4	0	5	3	1	10	8	13	11	18	6	10	18	3	3	25	6	9	20	21	6	3	7	2	3	17	0	4	9	22	6	17	4	3	7	7	2	8	8	11	4	7	7	7	34	39	14	14	13	12	6	5	3
A[Del(T):R3]C	12	6	17	4	5	7	21	19	7	9	8	11	6	18	19	15	10	7	9	13	15	9	4	17	12	5	4	15	15	8	0	9	11	19	8	14	2	11	6	9	12	0	23	6	13	3	2	3	4	5	6	7	12	11	12	16	7	12	20	21	5	5	4	19	4	2	4	5	0	3	9	12	16	11	5	5	18	1	7	22	4	2	10	7	5	1	10	2	6	8	0	2	14	9	12	7	3	0	12	2	0	6	4	8	4	9	3	7	16	23	9	10	5	15	4	9	3
A[Del(T):R3]G	6	6	13	6	1	5	18	20	7	8	8	13	2	5	17	10	12	4	4	14	10	5	1	18	11	4	0	6	8	4	1	7	4	6	8	11	5	11	8	11	11	2	14	1	10	1	6	2	3	6	2	5	7	7	5	15	4	5	7	17	5	4	3	8	1	0	5	9	0	3	11	13	13	4	7	8	17	2	2	9	7	5	5	9	6	1	8	2	1	12	0	4	4	8	6	12	5	0	5	3	1	5	8	13	9	7	7	7	14	21	13	16	6	12	5	4	4
A[Del(T):R4]A	10	16	20	5	2	4	16	9	3	8	8	14	6	11	18	15	6	8	6	20	6	13	1	11	13	9	0	9	10	6	0	10	12	21	11	20	2	13	5	10	8	0	12	3	12	0	15	4	2	7	5	11	19	6	4	13	7	12	13	16	9	5	6	21	3	0	2	5	0	7	6	12	13	9	4	10	24	2	1	13	1	5	10	31	10	0	12	2	4	10	0	2	9	12	6	7	4	0	8	3	1	3	3	7	5	5	7	5	14	87	14	7	7	10	3	11	3
A[Del(T):R4]C	10	6	16	7	1	2	13	18	6	3	8	7	5	7	14	7	2	2	8	2	5	8	2	8	10	0	3	8	7	5	0	6	7	8	11	4	1	13	8	7	6	1	5	4	11	2	8	1	4	7	3	3	14	2	6	4	5	4	5	13	3	2	2	11	2	0	5	6	0	5	7	5	6	3	3	12	21	1	3	19	5	3	4	19	4	2	6	1	1	9	0	2	8	8	6	12	1	0	8	4	1	4	9	10	4	7	6	2	8	63	8	11	2	10	2	9	1
A[Del(T):R4]G	2	6	9	4	4	8	11	13	3	4	7	9	7	5	14	12	1	4	2	12	6	7	3	12	4	2	2	11	10	2	0	12	7	10	9	10	3	4	3	4	12	0	7	2	11	1	3	3	0	3	5	3	12	7	8	4	2	7	10	11	5	5	4	2	0	0	5	2	2	6	8	7	6	7	4	7	14	2	1	19	5	4	8	9	2	1	3	0	4	5	0	3	5	4	8	6	1	1	5	1	0	5	3	15	2	11	7	2	11	46	7	11	1	7	2	9	0
A[Del(T):R5]A	8	5	10	2	4	6	12	19	7	8	9	14	2	9	16	7	6	3	8	10	12	11	1	9	5	2	1	10	10	3	0	13	6	9	6	13	2	13	2	8	7	0	9	1	17	0	5	4	2	4	1	3	14	7	12	14	5	1	14	11	11	1	3	2	3	6	3	6	1	5	4	9	6	6	3	5	13	1	3	13	5	3	13	112	3	1	5	2	2	7	0	4	3	12	5	11	1	0	6	3	1	5	4	12	9	3	6	4	9	357	9	9	4	8	3	9	2
A[Del(T):R5]C	4	6	8	4	2	3	8	11	4	4	6	4	2	2	2	5	5	0	3	6	2	2	1	2	4	2	2	2	1	0	0	7	4	7	2	8	2	5	3	4	2	0	6	0	16	1	3	1	2	4	1	3	4	3	5	5	2	1	7	8	1	3	2	5	1	2	1	4	1	0	3	4	1	0	0	2	5	1	4	9	4	3	2	39	3	0	4	0	0	4	0	2	3	2	2	5	1	0	3	6	0	1	3	2	3	6	1	6	4	138	7	6	4	4	1	2	2
A[Del(T):R5]G	7	6	8	3	3	2	8	9	3	4	4	8	1	2	5	11	7	4	4	8	2	6	0	3	8	1	0	6	2	3	0	2	0	5	6	8	0	3	3	6	4	2	5	3	11	1	5	2	3	2	0	2	11	3	1	5	4	2	5	8	6	2	3	5	0	1	1	3	0	3	4	4	2	3	1	3	2	1	2	12	4	3	5	44	1	3	5	5	2	4	0	3	5	7	6	10	2	0	4	1	0	1	5	4	12	3	4	3	3	140	7	5	6	4	1	3	3
A[Del(T):R6]A	1	2	11	4	1	1	12	9	1	2	6	6	2	5	7	6	2	3	2	6	7	3	1	4	3	0	0	2	8	1	0	0	3	2	1	5	1	7	3	2	8	1	6	1	2	1	5	1	5	3	3	3	8	2	2	1	1	1	4	9	1	4	1	4	0	5	1	4	1	4	2	4	2	4	4	1	4	1	0	1	2	3	6	208	5	1	6	0	1	4	1	1	3	5	2	2	1	0	6	2	0	6	4	6	2	5	4	0	7	655	5	4	2	4	0	10	0
A[Del(T):R6]C	1	2	1	2	3	0	7	3	2	1	1	5	2	5	4	3	0	2	1	2	2	2	2	4	2	2	1	0	7	1	0	0	0	4	1	3	0	3	1	2	4	0	2	1	3	1	3	0	3	0	0	2	2	3	1	2	1	2	4	7	0	3	0	3	3	0	0	3	0	1	2	2	2	1	1	2	4	0	1	2	1	2	3	70	4	1	1	1	1	3	0	3	0	1	3	4	0	1	3	1	0	2	3	1	2	1	4	0	2	145	1	5	0	3	2	2	0
A[Del(T):R6]G	2	2	0	4	2	1	3	2	1	0	4	4	4	3	4	4	11	2	2	4	2	2	0	6	1	0	1	4	4	1	1	0	1	5	2	4	1	1	1	6	2	0	2	0	6	1	4	2	2	2	4	3	4	2	2	0	2	0	0	3	0	1	0	9	1	1	2	2	0	1	3	1	3	3	0	2	1	1	0	2	5	4	1	118	0	4	6	2	4	3	0	1	9	4	3	5	0	2	4	1	1	1	3	4	4	0	1	4	2	305	3	5	2	2	0	6	3
A[Del(T):R7]A	0	0	0	3	0	2	4	5	1	2	3	0	0	3	3	5	0	1	2	2	3	0	1	2	1	1	3	2	3	2	0	2	4	4	0	4	1	1	2	1	2	1	4	0	0	0	5	0	2	1	2	1	4	1	1	6	2	2	3	2	0	1	1	1	0	9	0	3	0	1	2	1	1	1	0	0	2	1	0	2	1	3	5	318	4	2	4	1	1	4	0	0	3	3	0	3	0	0	2	1	0	0	0	1	3	2	0	0	1	840	3	1	0	1	1	6	1
A[Del(T):R7]C	0	4	2	2	0	1	5	4	2	2	3	4	4	0	3	5	1	2	3	3	4	2	0	0	6	1	2	2	1	2	0	2	2	3	2	3	0	0	1	3	4	0	3	2	4	0	0	0	3	0	2	4	2	1	1	3	2	1	3	4	3	2	1	2	0	4	0	0	2	1	3	0	0	2	3	6	0	1	1	2	0	7	1	163	2	1	5	0	0	5	0	1	3	1	0	3	2	1	2	0	1	1	2	3	1	0	1	0	2	419	5	3	0	3	0	1	0
A[Del(T):R7]G	2	0	0	1	0	2	0	1	2	0	1	4	2	1	4	4	2	2	2	4	3	0	2	2	2	1	3	2	1	2	1	1	2	5	1	1	1	1	2	1	1	0	1	0	3	1	4	0	3	1	0	0	3	2	3	0	1	2	0	1	0	1	0	0	1	4	0	0	1	0	1	3	0	0	0	0	0	0	1	2	0	4	0	235	1	1	1	0	2	1	0	0	0	0	0	1	0	0	2	0	0	1	1	1	1	1	2	1	0	638	2	0	0	4	0	6	0
A[Del(T):R8]A	2	2	0	1	3	2	0	2	1	0	4	0	1	0	3	3	2	2	1	3	8	1	0	1	2	0	0	2	2	2	0	0	0	1	1	2	1	0	0	0	1	0	1	0	2	0	2	1	0	0	1	2	3	1	3	1	0	1	1	0	1	0	0	0	0	15	0	0	0	2	0	1	1	3	1	0	1	0	0	4	1	1	3	444	5	4	1	0	0	1	0	0	0	1	3	2	1	1	1	2	0	0	1	1	0	2	4	0	0	1339	1	2	0	1	0	12	1
A[Del(T):R8]C	1	0	1	1	1	1	4	2	0	0	3	0	1	2	2	6	2	2	3	2	5	2	0	1	0	0	0	2	1	3	0	1	1	1	0	1	0	0	0	2	4	0	0	1	0	0	4	0	2	0	2	0	2	2	3	0	0	1	1	3	0	0	0	1	0	11	0	1	1	0	0	1	0	0	1	0	0	0	0	1	2	2	1	289	1	0	2	0	0	1	0	1	1	1	0	0	1	0	0	2	1	1	0	0	4	2	0	5	0	723	2	4	0	2	0	4	0
A[Del(T):R8]G	0	0	0	2	0	1	1	0	0	1	1	0	0	0	1	3	0	3	0	4	3	0	1	0	0	0	1	1	0	1	0	1	1	0	0	2	1	0	0	0	1	0	0	1	0	0	2	0	1	1	1	0	1	0	0	0	1	2	0	0	2	0	0	1	0	8	0	0	0	0	0	0	1	1	1	0	1	0	0	0	0	5	1	294	0	2	3	0	0	1	0	0	0	0	0	3	1	0	1	0	0	1	0	1	1	0	1	1	0	847	1	1	0	0	0	4	2
A[Del(T):R(9,)]A	0	0	0	0	0	0	0	0	0	0	0	0	0	0	0	0	0	0	0	0	0	0	0	0	0	0	0	0	0	0	0	0	0	0	0	0	0	0	0	0	0	0	0	0	0	0	0	0	0	0	0	0	0	0	0	0	0	0	0	0	0	0	0	0	0	0	0	0	0	0	0	0	0	0	0	0	0	0	0	0	0	0	0	0	0	0	0	0	0	0	0	0	0	0	0	0	0	0	0	0	0	0	0	0	0	0	0	0	0	0	0	0	0	0	0	0	0
A[Del(T):R(9,)]C	0	0	0	0	0	0	0	0	0	0	0	0	0	0	0	0	0	0	0	0	0	0	0	0	0	0	0	0	0	0	0	0	0	0	0	0	0	0	0	0	0	0	0	0	0	0	0	0	0	0	0	0	0	0	0	0	0	0	0	0	0	0	0	0	0	0	0	0	0	0	0	0	0	0	0	0	0	0	0	0	0	0	0	0	0	0	0	0	0	0	0	0	0	0	0	0	0	0	0	0	0	0	0	0	0	0	0	0	0	0	0	0	0	0	0	0	0
A[Del(T):R(9,)]G	0	0	0	0	0	0	0	0	0	0	0	0	0	0	0	0	0	0	0	0	0	0	0	0	0	0	0	0	0	0	0	0	0	0	0	0	0	0	0	0	0	0	0	0	0	0	0	0	0	0	0	0	0	0	0	0	0	0	0	0	0	0	0	0	0	0	0	0	0	0	0	0	0	0	0	0	0	0	0	0	0	0	0	0	0	0	0	0	0	0	0	0	0	0	0	0	0	0	0	0	0	0	0	0	0	0	0	0	0	0	0	0	0	0	0	0	0
C[Del(T):R1]A	10	5	8	10	0	5	12	11	1	6	7	4	12	5	12	14	5	4	8	3	4	5	0	10	3	1	0	15	9	10	3	7	2	4	5	5	2	6	4	8	5	1	9	2	6	2	4	4	4	7	3	1	9	5	3	4	4	4	4	14	13	2	4	5	1	0	7	4	2	3	6	11	5	5	3	3	9	1	3	11	5	8	2	9	3	1	4	1	5	3	0	2	7	7	5	10	1	1	6	3	1	2	3	0	2	2	4	6	3	14	6	5	3	7	3	7	4
C[Del(T):R1]C	3	7	6	9	0	5	11	12	3	4	3	6	2	3	6	1	3	6	4	6	5	7	0	6	6	2	0	12	5	4	2	2	1	6	8	8	1	6	8	6	5	1	5	2	8	2	4	2	0	6	0	4	8	8	12	1	1	8	8	10	2	2	4	4	2	2	0	4	1	3	8	6	9	5	2	3	6	1	2	10	2	5	6	10	0	1	7	3	5	4	0	3	6	8	7	4	5	1	8	1	2	4	4	6	7	7	2	1	10	17	8	6	5	3	0	3	3
C[Del(T):R1]G	11	6	6	5	1	3	11	16	8	9	12	4	2	10	19	7	6	5	10	8	8	3	1	8	6	5	3	4	7	4	1	6	8	8	5	20	2	7	5	7	10	4	11	6	5	4	5	1	5	4	5	4	6	3	6	9	4	5	8	11	2	4	1	6	1	2	4	10	2	6	9	7	11	7	0	7	12	2	2	11	4	6	9	2	5	4	6	4	3	8	0	2	2	8	3	9	0	1	8	6	1	4	3	2	7	3	4	8	7	11	11	8	6	17	4	7	4
C[Del(T):R2]A	12	2	3	2	1	2	12	12	2	2	4	5	3	1	3	3	2	2	3	7	4	3	0	8	3	2	1	2	9	4	0	4	6	5	1	9	2	4	1	3	5	2	11	3	8	1	3	1	0	2	2	4	5	4	4	3	2	4	1	12	2	5	2	3	1	1	2	4	1	3	3	7	6	2	4	2	10	1	2	8	1	5	3	5	2	0	3	2	2	4	0	4	1	3	4	1	0	1	6	1	0	1	2	2	4	4	5	4	6	14	3	4	3	6	3	5	1
C[Del(T):R2]C	8	4	9	6	2	2	11	17	4	4	1	14	4	4	11	5	1	2	5	10	4	3	0	5	4	3	0	6	5	5	2	8	9	7	6	7	3	4	7	3	9	5	5	3	7	1	1	0	1	3	1	11	2	5	4	4	3	4	8	12	3	3	2	5	1	0	2	8	0	6	2	8	5	3	1	3	16	2	4	9	2	3	6	12	2	1	6	1	3	12	2	6	4	8	4	5	4	0	7	8	1	3	4	5	3	3	1	4	9	19	5	6	7	9	0	2	1
C[Del(T):R2]G	1	2	6	3	2	4	3	13	5	5	2	3	7	4	5	6	4	3	3	4	3	5	4	1	4	3	2	8	6	2	0	3	5	6	2	7	0	4	5	6	4	2	5	3	3	0	4	4	1	6	1	2	5	3	4	5	0	3	3	3	3	0	1	6	1	1	5	4	1	2	3	7	7	2	1	5	5	2	1	10	2	1	9	8	2	2	2	1	2	4	1	3	6	8	3	2	2	0	3	1	1	4	1	4	2	4	4	3	5	8	5	5	3	3	3	3	0
C[Del(T):R3]A	6	2	8	1	1	8	13	9	4	7	6	10	3	5	5	7	2	5	6	3	7	9	0	8	13	1	3	8	6	4	1	4	5	9	5	10	2	6	3	6	9	2	6	3	9	4	2	2	2	4	2	4	6	2	5	5	2	3	4	13	5	3	3	5	2	1	0	2	1	4	4	6	3	7	4	1	12	1	1	5	4	2	4	3	2	3	6	2	3	6	0	3	4	9	3	7	1	1	3	5	0	3	2	10	8	4	5	3	9	24	9	7	5	8	3	5	2
C[Del(T):R3]C	7	3	6	4	0	6	12	12	3	10	3	7	2	4	16	14	6	3	4	4	10	9	1	11	5	3	3	7	7	5	1	7	2	12	9	5	4	6	8	9	8	0	16	3	14	1	3	2	3	3	6	4	4	5	4	7	1	6	3	12	2	3	6	7	0	2	1	6	0	3	2	9	4	1	1	7	14	2	4	13	7	3	10	11	2	2	5	2	2	8	0	1	4	7	2	11	5	0	9	2	4	9	4	7	5	5	5	3	10	15	7	9	5	14	0	6	0
C[Del(T):R3]G	8	10	11	7	1	5	8	20	3	3	10	9	2	5	9	7	4	2	8	9	7	5	1	6	13	4	1	7	9	1	1	3	2	10	5	10	2	9	2	9	13	2	8	3	8	1	3	0	2	5	6	1	14	4	4	4	7	2	9	8	2	4	7	4	1	0	3	1	1	2	6	7	5	7	11	4	10	0	3	8	3	3	11	8	5	4	7	2	1	8	0	4	6	10	2	5	2	1	6	2	1	3	2	3	3	8	3	4	6	8	6	7	4	7	4	2	6
C[Del(T):R4]A	8	3	4	5	0	4	7	11	1	4	5	6	5	6	7	6	0	2	5	4	5	7	2	8	5	1	2	6	3	3	1	4	8	7	4	6	1	9	1	3	2	2	9	3	7	1	2	6	2	2	1	3	7	1	6	9	3	1	3	7	3	3	0	3	2	1	0	5	1	5	4	3	8	6	0	2	4	0	1	9	3	0	6	16	2	2	4	3	0	4	0	2	4	3	4	3	2	0	5	0	4	5	3	4	7	3	2	4	3	74	6	4	2	3	0	3	1
C[Del(T):R4]C	4	4	4	5	1	4	4	12	0	5	2	5	2	8	12	7	6	4	3	11	2	9	2	18	2	0	0	6	4	3	2	2	3	12	7	12	1	6	4	5	7	2	8	1	10	2	2	2	2	5	1	1	5	3	3	3	3	5	9	3	3	2	1	6	2	0	2	4	1	5	6	5	2	0	3	2	4	0	0	13	1	4	8	23	4	1	5	1	2	6	0	2	4	6	6	9	3	0	6	1	1	4	4	1	1	5	3	11	6	71	4	3	2	7	1	4	0
C[Del(T):R4]G	4	1	4	2	1	3	2	10	1	2	8	5	4	6	8	4	0	2	3	14	2	6	2	7	2	2	1	11	8	1	0	6	4	8	4	8	5	8	5	1	1	0	4	1	6	1	4	1	1	5	0	4	2	6	2	3	4	4	2	2	5	4	3	3	0	0	4	2	1	1	4	4	2	1	0	3	6	1	3	10	2	4	2	16	2	0	7	0	2	5	0	1	4	10	4	8	2	0	2	2	2	0	3	2	2	6	4	4	4	50	7	2	4	5	1	1	0
C[Del(T):R5]A	2	2	1	2	1	2	6	5	1	1	3	3	3	3	9	0	1	4	3	1	5	0	1	6	3	3	2	2	7	2	0	2	2	1	4	4	0	3	2	0	1	0	7	0	5	1	3	0	1	1	0	2	3	1	1	2	2	0	4	6	3	1	0	3	0	1	0	2	0	1	2	1	1	5	0	2	4	0	1	4	0	3	5	40	1	0	3	0	0	3	0	0	2	2	3	5	2	0	4	3	1	3	2	3	0	0	7	3	7	139	3	5	4	5	2	3	1
C[Del(T):R5]C	6	4	2	5	2	3	4	8	2	3	5	5	0	3	5	6	0	0	4	3	3	2	1	3	2	3	0	4	3	2	0	5	3	5	0	4	1	6	2	4	1	0	3	1	2	0	1	0	0	3	1	2	4	1	2	3	1	1	3	4	2	1	2	2	2	0	2	0	0	2	3	4	2	3	0	2	3	3	1	4	0	1	4	48	0	2	4	2	0	3	0	1	3	5	2	4	0	1	3	1	0	2	1	2	5	4	0	3	0	160	8	6	3	3	3	4	0
C[Del(T):R5]G	3	0	0	0	0	1	4	2	5	1	4	2	7	4	7	4	1	1	2	2	2	2	0	3	1	2	0	6	3	0	0	2	2	2	5	3	1	3	1	1	1	0	2	1	3	0	2	0	0	0	2	0	3	2	1	3	0	4	1	4	1	0	2	1	0	0	2	1	0	0	0	6	0	1	0	2	2	1	1	4	2	2	3	32	4	1	0	2	0	4	0	2	3	3	3	3	0	0	1	0	0	0	2	1	4	3	2	2	5	93	3	4	1	6	0	6	0
C[Del(T):R6]A	0	4	1	2	0	0	3	5	1	4	1	3	0	1	3	2	0	2	1	3	0	3	0	1	0	0	0	2	2	1	1	0	0	3	1	1	1	2	1	2	1	0	2	0	0	0	5	1	1	3	0	0	5	0	1	2	0	1	0	2	2	0	0	1	0	3	2	1	0	0	1	2	1	2	1	1	1	1	2	1	1	2	4	86	0	0	0	0	0	1	0	2	0	0	0	1	0	0	4	0	1	0	0	1	1	0	0	1	1	264	1	1	1	5	2	4	0
C[Del(T):R6]C	0	0	1	0	1	1	4	0	3	2	1	4	3	2	2	2	0	0	2	0	0	1	0	0	0	1	0	3	2	0	0	4	3	2	2	0	1	0	1	0	1	0	3	1	1	1	2	0	0	1	1	3	6	1	1	1	1	1	1	4	2	1	0	0	0	0	1	2	0	0	3	2	0	0	1	2	3	0	1	4	2	1	1	46	2	1	3	0	0	0	0	0	2	0	1	0	0	0	2	2	1	0	0	2	0	1	0	0	1	111	1	2	2	2	0	5	0
C[Del(T):R6]G	2	3	3	0	0	2	2	5	1	3	1	1	0	1	3	1	1	2	0	1	0	1	0	2	1	2	0	1	3	1	0	0	0	5	2	2	1	3	1	0	1	0	1	2	1	1	2	0	0	0	0	1	3	0	0	1	0	1	2	2	1	0	0	4	1	1	0	1	1	0	1	1	0	0	0	1	5	0	0	3	1	1	0	38	2	0	1	0	0	1	0	0	0	0	1	0	0	0	1	0	0	0	0	2	1	0	2	1	2	122	0	0	0	0	1	0	0
C[Del(T):R7]A	0	1	0	1	2	2	0	1	2	1	3	0	1	1	0	1	0	1	2	1	1	1	0	0	3	0	0	3	3	0	0	1	1	1	1	2	0	1	1	0	0	0	1	1	1	0	0	0	0	1	0	2	1	0	0	0	0	0	1	0	0	0	1	0	0	1	0	1	0	0	0	1	0	2	0	0	1	1	2	3	0	1	2	217	0	0	2	0	0	2	0	0	0	1	0	0	0	0	1	0	0	1	1	1	0	0	1	1	1	573	1	0	1	4	0	6	0
C[Del(T):R7]C	2	2	2	2	1	1	2	2	1	1	1	0	0	1	2	2	0	0	0	2	4	2	0	2	0	1	0	0	1	0	1	4	0	1	1	0	2	0	0	1	1	0	3	0	0	1	0	1	0	0	0	2	0	2	0	1	0	0	0	2	1	1	0	0	0	4	0	1	1	0	0	1	2	1	1	1	2	0	1	0	0	1	1	196	1	1	2	0	1	3	0	0	0	1	1	2	1	0	1	0	2	0	1	1	1	0	1	1	2	461	2	3	0	1	0	2	0
C[Del(T):R7]G	0	1	2	0	0	0	0	2	0	0	0	0	0	0	1	3	1	2	0	2	3	0	1	0	0	0	2	1	2	0	0	0	0	1	0	1	0	0	2	2	2	0	3	1	3	0	2	0	2	0	0	0	1	0	0	0	0	0	0	0	0	0	0	0	1	8	0	1	1	0	0	0	0	0	0	0	4	1	0	3	1	0	2	228	2	1	2	2	1	3	0	0	0	1	0	1	0	0	1	2	2	0	1	3	2	1	0	2	1	640	2	1	0	3	1	7	0
C[Del(T):R8]A	0	0	2	0	0	1	1	3	0	1	1	0	1	0	0	6	1	0	3	2	1	0	0	1	2	0	2	0	1	0	0	0	1	0	0	0	0	0	0	1	1	0	0	0	1	0	2	2	1	0	0	2	4	0	2	1	0	0	1	2	1	0	0	1	1	8	1	0	0	1	0	0	0	0	0	0	0	2	0	1	1	1	4	426	3	0	0	0	0	0	0	0	1	1	0	2	2	0	0	0	0	2	1	0	1	0	2	0	0	1201	0	1	1	3	0	7	0
C[Del(T):R8]C	0	1	2	0	1	1	1	0	1	0	1	0	0	0	2	2	0	2	2	3	7	3	0	1	0	1	0	0	1	1	0	1	0	1	0	0	0	0	0	0	4	0	1	1	1	0	3	0	0	0	0	1	4	0	0	0	1	1	1	2	0	0	0	1	0	7	0	0	0	1	1	1	0	0	2	0	1	0	0	1	0	0	1	323	1	0	1	1	0	0	0	0	0	2	0	5	0	0	1	0	0	1	1	2	0	0	0	1	1	802	0	0	0	2	0	8	0
C[Del(T):R8]G	0	0	0	0	1	0	2	0	1	0	1	1	0	1	2	0	2	0	0	1	3	0	0	0	0	0	1	0	0	1	0	0	0	0	0	0	0	1	0	0	2	0	1	0	1	0	0	0	0	0	0	0	0	1	0	0	1	0	0	1	0	0	0	1	0	5	0	1	0	0	0	2	0	0	0	0	0	0	0	2	1	0	0	430	0	0	2	0	0	2	0	0	1	0	1	1	2	0	0	0	1	0	1	0	0	1	1	0	1	1245	1	2	2	1	0	7	0
C[Del(T):R(9,)]A	0	0	0	0	0	0	0	0	0	0	0	0	0	0	0	0	0	0	0	0	0	0	0	0	0	0	0	0	0	0	0	0	0	0	0	0	0	0	0	0	0	0	0	0	0	0	0	0	0	0	0	0	0	0	0	0	0	0	0	0	0	0	0	0	0	0	0	0	0	0	0	0	0	0	0	0	0	0	0	0	0	0	0	0	0	0	0	0	0	0	0	0	0	0	0	0	0	0	0	0	0	0	0	0	0	0	0	0	0	0	0	0	0	0	0	0	0
C[Del(T):R(9,)]C	0	0	0	0	0	0	0	0	0	0	0	0	0	0	0	0	0	0	0	0	0	0	0	0	0	0	0	0	0	0	0	0	0	0	0	0	0	0	0	0	0	0	0	0	0	0	0	0	0	0	0	0	0	0	0	0	0	0	0	0	0	0	0	0	0	0	0	0	0	0	0	0	0	0	0	0	0	0	0	0	0	0	0	0	0	0	0	0	0	0	0	0	0	0	0	0	0	0	0	0	0	0	0	0	0	0	0	0	0	0	0	0	0	0	0	0	0
C[Del(T):R(9,)]G	0	0	0	0	0	0	0	0	0	0	0	0	0	0	0	0	0	0	0	0	0	0	0	0	0	0	0	0	0	0	0	0	0	0	0	0	0	0	0	0	0	0	0	0	0	0	0	0	0	0	0	0	0	0	0	0	0	0	0	0	0	0	0	0	0	0	0	0	0	0	0	0	0	0	0	0	0	0	0	0	0	0	0	0	0	0	0	0	0	0	0	0	0	0	0	0	0	0	0	0	0	0	0	0	0	0	0	0	0	0	0	0	0	0	0	0	0
G[Del(T):R1]A	2	4	3	1	3	5	5	5	4	6	4	6	3	5	7	7	4	2	2	7	7	4	3	7	6	0	2	1	6	3	0	1	3	4	3	7	2	3	0	4	6	1	3	4	4	0	5	1	2	2	0	3	2	4	2	6	1	1	2	4	4	3	2	8	1	0	2	4	0	5	2	2	3	1	2	5	2	2	1	2	2	3	4	4	1	0	3	1	2	3	0	6	6	9	1	1	0	0	2	5	1	2	6	2	3	4	4	4	10	8	4	4	1	2	1	5	3
G[Del(T):R1]C	2	1	7	5	2	2	9	4	2	5	4	3	3	6	6	7	5	2	1	2	1	2	1	7	7	1	1	3	4	5	0	2	2	5	2	7	2	4	4	5	4	1	7	3	10	1	3	1	1	2	1	4	9	2	4	8	4	3	6	9	1	5	3	6	1	0	0	6	0	2	2	4	4	4	0	4	14	0	2	7	1	3	4	4	3	0	1	1	3	4	0	1	0	2	2	5	2	0	3	4	1	3	2	2	1	2	2	7	11	4	12	3	2	6	1	3	1
G[Del(T):R1]G	4	7	11	3	0	3	9	4	3	6	2	6	5	3	1	3	7	2	2	5	5	2	0	11	5	0	4	4	9	3	2	4	2	6	3	8	2	4	4	6	5	1	10	2	4	1	2	3	3	2	4	5	3	3	4	6	0	8	6	8	2	4	1	5	1	1	3	1	1	4	7	9	2	3	1	2	10	2	3	11	2	2	6	5	2	1	3	3	1	4	0	4	3	4	3	5	2	0	5	3	4	1	1	4	4	7	8	4	4	20	6	5	2	9	0	4	1
G[Del(T):R2]A	5	3	1	2	1	4	6	5	2	1	1	1	2	5	4	4	1	3	4	7	2	5	1	3	4	0	1	2	1	3	0	1	3	4	6	3	1	3	3	3	4	4	3	0	8	1	1	1	4	3	6	1	7	2	1	3	3	1	4	6	3	5	1	10	0	2	1	3	1	3	5	3	1	2	3	1	6	0	0	7	4	2	4	5	4	1	5	0	1	3	0	1	0	0	3	2	0	0	5	1	1	5	2	4	2	1	2	3	3	3	9	4	2	5	0	4	1
G[Del(T):R2]C	2	4	6	0	4	1	4	6	1	1	5	6	1	4	4	4	0	1	4	3	8	8	0	1	4	0	1	2	3	2	0	5	1	4	2	7	1	6	4	1	4	0	5	5	4	0	1	0	1	5	2	1	4	1	3	2	1	4	4	4	2	3	0	6	1	1	3	2	0	4	2	3	3	3	4	3	4	2	0	8	2	2	2	5	1	0	1	0	1	3	0	2	4	4	4	4	0	0	2	1	0	1	2	3	4	2	3	2	7	5	8	7	4	4	2	0	2
G[Del(T):R2]G	6	4	4	1	3	5	5	8	3	3	5	2	3	1	7	0	2	0	2	3	2	4	0	2	3	0	0	2	3	2	2	4	4	3	4	4	1	3	4	2	5	1	4	2	6	1	4	2	0	3	1	2	6	4	2	2	1	4	0	5	5	0	3	0	0	1	1	3	1	1	8	4	4	5	2	0	5	2	0	6	3	1	2	2	3	1	5	1	0	2	0	2	4	5	2	3	2	0	3	1	0	0	0	3	2	3	1	5	2	6	5	10	0	3	2	4	0
G[Del(T):R3]A	7	2	2	3	1	3	11	7	4	4	3	10	3	1	8	7	1	1	5	5	11	2	0	6	3	0	2	3	5	1	0	5	3	4	4	9	1	4	1	3	8	3	4	4	7	0	1	1	1	2	1	3	6	3	2	6	4	5	3	10	1	3	1	8	0	1	1	6	1	2	4	3	2	3	1	0	8	2	1	8	4	3	5	7	1	0	5	1	1	3	0	2	3	3	1	1	2	2	3	3	0	3	4	3	4	4	2	2	3	9	5	10	5	6	0	1	0
G[Del(T):R3]C	10	3	5	2	1	1	13	15	2	2	4	4	4	7	6	3	3	3	1	3	3	2	0	11	7	3	0	14	7	1	0	4	3	7	5	6	2	9	3	7	6	2	9	4	8	1	6	1	1	4	3	4	6	1	4	1	1	1	8	12	3	4	3	7	0	0	1	2	2	1	5	7	5	6	1	6	7	1	1	12	2	5	7	9	2	1	5	1	0	9	0	4	5	2	5	1	1	0	6	2	0	4	2	5	1	7	2	2	7	11	8	4	3	5	3	3	1
G[Del(T):R3]G	6	7	5	2	0	3	7	5	1	2	3	6	3	5	5	2	0	3	2	8	4	2	0	5	8	0	0	6	5	1	0	4	4	3	4	1	0	3	3	6	4	1	5	4	9	1	2	3	0	4	4	4	5	2	2	6	2	6	3	7	1	0	2	3	0	1	1	6	0	3	3	2	2	7	1	0	6	0	1	7	3	0	3	4	1	0	3	0	0	7	0	2	2	3	1	5	3	1	4	2	0	3	1	8	3	2	2	5	6	18	3	1	3	8	0	2	0
G[Del(T):R4]A	2	1	5	2	0	2	6	8	1	5	5	8	1	1	6	5	1	2	2	6	6	1	2	5	2	1	2	3	4	2	2	3	5	6	2	3	0	5	4	2	4	0	6	2	2	0	2	1	3	3	2	3	7	4	3	3	4	3	4	6	5	3	3	3	1	0	2	3	0	4	0	2	1	4	1	1	5	1	2	9	0	4	8	23	3	0	2	0	1	4	0	3	3	3	2	5	3	1	7	4	1	5	2	3	3	3	1	4	6	39	6	1	3	6	1	4	1
G[Del(T):R4]C	7	5	2	3	3	0	9	7	4	0	2	2	2	5	5	5	4	0	4	4	5	3	0	6	4	0	0	0	5	0	1	1	4	3	4	4	1	10	2	1	2	0	6	2	3	1	0	4	0	2	1	1	3	1	6	4	0	2	4	9	4	0	1	5	0	0	1	2	0	3	2	2	5	3	1	3	4	0	2	5	1	1	3	16	1	0	5	0	2	4	0	1	3	5	4	4	0	0	2	2	1	1	2	3	0	2	1	1	4	41	4	3	1	4	2	2	0
G[Del(T):R4]G	0	2	6	2	3	3	8	3	2	3	7	6	0	1	7	2	1	2	8	7	4	0	1	6	4	2	2	3	4	1	1	5	4	4	3	6	2	4	2	3	3	1	8	2	6	1	0	1	0	3	2	3	1	1	3	1	1	6	4	8	6	3	0	6	1	1	1	1	2	0	3	3	3	7	1	4	4	0	0	2	0	2	1	13	3	0	2	2	0	5	0	0	4	6	4	2	2	1	5	1	0	0	7	4	3	2	2	4	6	34	6	6	2	4	1	1	1
G[Del(T):R5]A	1	2	4	1	0	1	6	2	3	2	2	1	3	5	4	4	3	0	1	4	3	1	1	4	4	1	1	2	5	1	3	3	1	2	2	1	0	0	2	1	4	0	4	1	1	0	4	2	1	2	2	2	2	1	1	4	0	3	1	6	2	0	2	0	0	0	2	1	0	1	2	6	4	1	0	2	3	1	1	5	3	1	5	34	1	0	4	1	0	4	0	2	4	1	1	2	0	0	2	1	0	0	2	0	1	3	1	2	5	95	2	4	6	3	1	4	2
G[Del(T):R5]C	1	4	3	0	0	2	8	2	1	1	2	3	1	2	2	3	1	1	3	3	3	2	0	3	2	1	0	2	1	3	1	2	4	3	2	5	0	2	1	2	6	1	2	1	1	0	2	2	0	0	0	0	2	0	1	4	1	1	3	8	2	1	0	2	0	2	2	1	0	2	1	2	2	2	2	1	3	0	2	5	1	0	3	24	1	1	1	2	1	2	0	1	1	0	3	5	0	1	5	0	0	0	1	2	4	1	0	0	3	64	3	4	2	3	3	2	0
G[Del(T):R5]G	1	1	1	1	0	0	3	3	2	3	2	3	0	0	3	2	0	1	2	6	5	4	0	2	1	2	1	4	3	1	0	1	3	4	2	3	0	1	1	0	2	0	3	1	4	1	1	0	2	6	1	0	1	4	4	0	3	3	1	3	3	2	2	3	1	1	3	1	0	2	1	2	0	2	0	1	2	0	0	1	1	1	3	27	0	2	2	1	0	2	0	1	2	2	2	0	1	0	1	1	0	1	0	1	3	1	0	1	0	105	4	2	0	4	2	2	1
G[Del(T):R6]A	1	2	3	0	0	0	1	0	0	3	0	2	0	1	0	2	0	1	0	0	1	1	0	0	0	0	0	2	1	0	0	1	1	1	2	1	0	0	0	0	1	0	1	1	1	0	1	0	0	1	0	0	1	0	0	0	0	0	0	1	0	1	0	1	0	0	1	1	1	2	1	0	1	0	0	0	1	0	0	0	0	1	0	52	2	0	1	1	1	2	0	1	1	0	0	3	2	0	2	1	0	2	1	0	1	1	0	4	0	162	1	1	1	3	1	1	0
G[Del(T):R6]C	1	1	2	0	0	0	2	2	0	1	1	0	1	1	0	0	1	0	1	1	2	2	0	2	1	0	0	1	0	2	0	1	0	1	0	1	0	0	3	1	2	0	2	1	3	1	1	1	0	1	0	1	4	0	1	0	0	1	4	2	0	0	1	0	2	0	0	0	0	1	1	1	2	1	0	1	0	0	0	2	0	1	1	29	0	1	1	0	0	0	0	0	1	0	0	0	2	0	3	2	0	0	0	0	1	1	0	3	0	86	0	3	0	4	0	3	1
G[Del(T):R6]G	1	1	0	2	2	1	2	3	1	0	1	2	0	1	1	6	0	3	2	1	1	2	0	3	0	0	0	1	2	1	1	0	0	0	1	1	0	1	1	0	2	0	3	0	0	0	2	0	0	3	0	1	2	0	0	1	1	0	0	2	1	0	0	0	0	0	0	2	0	0	1	0	0	2	2	2	0	2	0	0	0	0	3	27	0	1	2	1	0	0	0	2	1	1	2	2	0	1	2	1	0	0	2	0	2	2	0	1	4	94	3	3	1	1	0	1	0
G[Del(T):R7]A	2	2	1	1	0	0	1	0	1	0	2	0	1	1	0	3	0	0	1	2	2	0	0	0	1	0	0	1	1	1	0	1	2	2	0	1	0	1	1	1	0	0	0	0	1	0	0	0	1	0	0	0	2	1	0	0	0	1	0	2	0	0	1	3	0	1	0	1	0	1	1	2	0	0	0	2	1	0	1	1	0	2	1	109	0	1	1	0	0	1	0	1	1	0	0	2	0	0	4	0	0	2	1	1	1	0	0	0	0	278	1	0	0	3	0	3	0
G[Del(T):R7]C	1	0	1	0	0	1	0	0	0	1	0	0	3	0	0	0	1	0	0	1	0	0	0	2	1	1	0	0	1	2	0	0	0	0	0	1	1	0	1	0	0	0	1	0	3	0	2	0	0	1	0	0	2	0	0	2	0	1	0	0	0	1	1	1	0	3	1	0	0	3	2	0	1	1	0	0	1	0	0	1	1	1	2	124	0	0	1	1	0	0	0	0	1	2	1	0	1	0	1	0	0	1	1	1	2	0	0	3	2	256	1	0	0	3	1	0	0
G[Del(T):R7]G	0	0	0	0	0	2	1	2	0	2	0	0	0	2	0	0	0	0	1	0	1	0	0	1	2	0	0	0	3	0	0	0	1	0	1	0	0	2	0	2	0	0	3	0	0	0	1	0	0	0	1	0	0	1	0	1	0	1	1	1	1	1	1	0	0	1	0	0	0	0	0	0	0	0	0	0	0	0	0	0	0	0	0	86	0	2	0	0	1	0	0	1	2	2	1	0	1	0	0	2	0	0	1	0	0	2	1	0	0	292	2	0	0	1	0	2	0
G[Del(T):R8]A	0	1	0	0	1	0	0	0	0	0	0	0	0	0	0	0	0	0	1	1	3	2	0	1	0	0	0	0	1	1	0	0	0	0	0	0	0	0	0	0	1	0	0	0	1	0	0	0	0	0	0	0	0	0	0	0	0	0	1	0	0	0	0	0	0	0	1	1	0	0	1	0	0	0	1	0	1	0	1	0	0	2	0	187	1	1	2	0	0	1	0	1	1	1	0	0	1	0	1	0	0	2	0	0	2	0	0	0	1	465	0	0	0	1	0	1	1
G[Del(T):R8]C	0	0	0	1	1	0	1	0	2	0	0	0	0	0	0	0	0	0	0	1	0	0	0	0	0	0	0	0	0	0	0	0	0	2	0	1	0	0	0	0	0	0	1	1	0	0	1	1	0	0	1	0	1	1	1	0	0	0	1	0	0	1	0	0	0	2	0	0	0	0	0	1	0	1	0	1	1	1	1	0	0	2	0	146	0	1	1	0	0	1	0	0	0	1	0	1	0	0	0	1	0	0	0	0	0	1	0	0	1	319	1	0	1	1	0	2	0
G[Del(T):R8]G	0	0	0	0	0	0	0	0	0	0	0	0	0	1	1	1	0	0	0	0	0	0	0	0	0	0	0	0	0	0	0	2	0	0	0	0	0	1	0	2	2	0	0	0	1	0	1	1	0	0	0	0	0	0	0	0	0	0	0	0	0	0	0	0	0	1	0	0	0	0	0	0	0	0	0	0	0	0	0	0	0	1	0	155	0	1	0	0	0	0	0	0	0	1	0	1	0	0	1	0	0	0	0	1	0	1	0	0	0	436	1	0	0	0	0	2	0
G[Del(T):R(9,)]A	0	0	0	0	0	0	0	0	0	0	0	0	0	0	0	0	0	0	0	0	0	0	0	0	0	0	0	0	0	0	0	0	0	0	0	0	0	0	0	0	0	0	0	0	0	0	0	0	0	0	0	0	0	0	0	0	0	0	0	0	0	0	0	0	0	0	0	0	0	0	0	0	0	0	0	0	0	0	0	0	0	0	0	0	0	0	0	0	0	0	0	0	0	0	0	0	0	0	0	0	0	0	0	0	0	0	0	0	0	0	0	0	0	0	0	0	0
G[Del(T):R(9,)]C	0	0	0	0	0	0	0	0	0	0	0	0	0	0	0	0	0	0	0	0	0	0	0	0	0	0	0	0	0	0	0	0	0	0	0	0	0	0	0	0	0	0	0	0	0	0	0	0	0	0	0	0	0	0	0	0	0	0	0	0	0	0	0	0	0	0	0	0	0	0	0	0	0	0	0	0	0	0	0	0	0	0	0	0	0	0	0	0	0	0	0	0	0	0	0	0	0	0	0	0	0	0	0	0	0	0	0	0	0	0	0	0	0	0	0	0	0
G[Del(T):R(9,)]G	0	0	0	0	0	0	0	0	0	0	0	0	0	0	0	0	0	0	0	0	0	0	0	0	0	0	0	0	0	0	0	0	0	0	0	0	0	0	0	0	0	0	0	0	0	0	0	0	0	0	0	0	0	0	0	0	0	0	0	0	0	0	0	0	0	0	0	0	0	0	0	0	0	0	0	0	0	0	0	0	0	0	0	0	0	0	0	0	0	0	0	0	0	0	0	0	0	0	0	0	0	0	0	0	0	0	0	0	0	0	0	0	0	0	0	0	0
A[Ins(C):R0]A	0	0	1	1	2	0	2	0	2	0	3	2	0	1	3	1	0	1	0	1	1	2	0	5	0	1	0	2	1	5	0	2	0	0	1	0	1	1	0	1	2	2	3	1	3	0	0	1	0	0	0	0	2	0	1	1	1	2	0	2	1	1	1	0	0	4	1	1	1	3	2	1	1	0	0	3	1	0	1	1	1	4	3	6	0	3	2	1	0	0	0	0	0	1	2	1	0	1	2	0	2	1	1	1	1	2	1	1	2	10	2	0	0	1	0	2	0
A[Ins(C):R0]G	0	0	1	0	0	0	0	0	0	0	0	0	0	1	3	1	0	0	0	0	0	1	0	1	0	0	0	0	0	1	0	0	0	0	0	0	0	0	0	0	2	0	1	2	0	0	0	0	0	0	0	0	0	0	1	0	0	0	0	0	0	0	0	1	0	0	0	0	0	0	0	1	1	0	0	0	0	0	0	0	0	0	0	1	1	0	1	0	1	0	0	0	0	0	1	0	1	1	0	0	1	0	0	0	0	0	0	0	0	2	1	0	0	0	0	0	0
A[Ins(C):R0]T	0	1	0	1	0	0	0	0	2	0	1	0	0	0	0	2	1	0	1	0	1	0	1	2	0	0	0	2	1	2	0	0	1	2	0	1	0	1	0	3	1	0	0	1	0	0	0	1	1	0	0	0	1	3	0	1	0	0	1	0	1	1	0	1	0	1	1	1	0	0	0	0	0	0	1	0	0	0	0	1	0	0	0	0	0	1	0	0	1	0	1	0	0	2	0	1	0	0	0	0	0	0	2	0	2	1	1	0	1	1	0	1	1	1	0	1	0
A[Ins(C):R1]A	0	2	2	2	0	0	1	5	1	0	2	2	0	1	1	1	1	0	0	2	0	1	0	1	0	0	1	2	0	1	0	0	2	1	0	2	0	0	0	1	0	0	3	1	1	1	1	1	1	0	0	1	1	1	0	1	0	2	1	1	0	1	1	1	0	1	1	2	1	0	0	0	1	1	0	1	0	0	0	4	2	2	1	2	0	2	0	0	0	1	0	0	0	1	4	0	0	0	1	2	0	0	0	1	0	0	0	1	1	8	0	2	0	2	0	0	0
A[Ins(C):R1]G	0	0	0	1	0	0	0	0	0	1	0	0	0	0	0	0	0	0	0	0	0	0	0	0	0	1	0	0	0	0	0	1	0	0	0	0	0	0	0	0	1	0	0	0	0	0	0	0	0	0	0	0	0	0	0	0	0	0	0	0	0	0	0	0	0	1	0	0	0	0	0	0	0	0	1	0	1	0	0	0	0	0	0	1	0	0	0	0	0	0	0	0	0	0	0	0	1	0	1	0	0	0	0	0	0	0	0	0	0	1	0	0	0	0	0	0	0
A[Ins(C):R1]T	0	2	0	1	0	1	3	0	1	0	1	2	0	0	0	2	0	3	0	0	0	0	0	0	0	1	0	2	0	0	0	0	2	1	0	1	0	0	1	1	2	0	1	0	0	0	0	0	0	0	1	1	0	0	1	1	2	0	0	3	0	0	1	0	1	0	0	0	0	0	2	0	0	1	0	0	1	0	0	3	0	0	1	1	0	0	1	0	0	0	0	0	1	0	1	2	0	0	0	0	0	0	1	2	0	1	0	1	1	1	2	0	0	3	0	0	0
A[Ins(C):R2]A	0	2	1	0	0	2	2	1	0	1	0	2	0	2	1	0	0	2	1	1	2	0	0	1	1	0	0	0	2	0	0	0	3	2	1	3	0	0	0	0	0	0	0	1	2	0	1	0	0	0	0	0	0	2	0	1	2	1	0	1	2	1	0	0	0	0	1	2	0	0	0	0	1	0	0	0	0	0	0	1	1	0	2	2	0	0	1	0	0	1	0	0	1	1	0	4	0	1	1	0	0	1	0	0	0	1	0	0	1	2	1	3	1	1	1	0	0
A[Ins(C):R2]G	0	0	0	0	0	0	0	0	0	0	0	1	0	0	0	0	0	0	0	0	0	0	0	0	1	0	0	0	1	0	0	0	0	0	0	1	0	0	0	0	0	0	0	1	0	0	0	0	0	0	0	0	0	0	0	0	0	0	0	1	0	0	0	0	0	0	0	0	0	0	0	0	0	0	0	0	0	0	0	0	0	1	1	0	0	0	0	0	0	0	0	0	0	0	0	0	0	0	0	0	0	0	0	0	0	0	0	0	0	1	0	0	0	0	0	0	0
A[Ins(C):R2]T	2	1	1	0	0	2	3	1	0	1	1	0	0	0	1	1	0	0	2	1	0	2	0	2	1	1	0	2	1	0	1	1	1	0	0	1	1	0	1	0	1	0	1	0	0	0	0	0	0	1	0	0	1	2	0	1	0	1	1	3	0	1	1	1	0	0	0	0	0	0	0	1	0	0	0	1	0	0	0	2	2	1	2	0	0	0	1	0	0	1	1	1	0	0	0	3	1	0	2	0	0	0	0	1	1	0	1	0	1	2	0	1	0	2	0	0	0
A[Ins(C):R3]A	0	0	0	0	0	1	0	2	1	1	0	1	0	0	3	0	0	0	0	2	0	1	0	0	1	0	1	0	0	2	0	1	1	0	0	0	1	0	0	0	2	0	2	1	1	0	0	0	1	0	0	0	0	0	0	0	1	0	0	1	0	0	0	0	0	0	0	0	0	0	1	1	1	0	0	0	0	0	0	1	0	0	0	0	1	0	0	0	0	0	0	0	1	1	0	0	0	0	1	0	0	0	1	0	0	0	0	0	1	0	0	1	0	0	0	0	0
A[Ins(C):R3]G	0	0	0	1	1	0	0	0	0	1	0	0	0	0	0	0	0	0	0	0	0	0	0	0	0	0	0	0	1	1	0	0	0	0	0	0	0	0	0	0	0	0	0	0	0	0	0	0	0	0	0	0	0	0	0	0	0	0	1	1	0	0	0	0	0	0	0	0	0	0	0	0	0	0	0	0	0	0	0	0	1	0	0	1	0	0	0	0	0	0	0	0	0	0	0	0	0	0	0	0	0	0	0	0	0	0	0	0	0	1	0	1	0	0	0	0	0
A[Ins(C):R3]T	0	0	0	0	0	0	0	1	0	1	1	0	0	0	1	0	0	1	1	0	0	0	0	0	0	0	0	0	0	0	0	1	0	0	1	0	0	0	0	0	3	0	0	0	0	0	1	0	1	0	0	0	0	1	0	0	0	0	1	0	0	0	0	0	0	0	0	0	0	0	0	2	0	0	2	1	1	1	0	0	0	0	0	2	1	1	0	1	0	0	0	0	0	0	0	0	0	0	0	0	0	1	0	0	1	1	0	0	1	4	0	1	0	2	0	0	1
A[Ins(C):R4]A	0	0	0	1	1	0	0	0	0	0	1	0	0	0	1	0	1	1	0	0	2	1	1	0	1	2	1	0	0	1	0	0	1	0	0	0	0	0	0	0	1	0	0	0	0	0	0	0	0	0	0	1	0	0	0	0	0	0	0	0	0	0	0	0	1	0	0	0	0	0	0	1	0	1	0	0	0	0	0	0	0	0	2	5	0	0	0	0	0	0	0	0	0	0	0	0	0	0	0	0	0	1	0	0	0	0	0	0	0	10	1	1	0	0	0	0	0
A[Ins(C):R4]G	0	0	0	0	0	0	0	1	0	0	0	0	0	1	0	1	0	0	0	0	0	0	0	0	0	0	0	0	0	0	0	0	0	0	0	0	0	0	0	0	0	0	0	0	0	0	0	0	0	0	0	0	0	0	0	0	0	0	1	0	0	0	0	0	0	0	0	0	0	0	0	1	0	0	0	0	0	0	0	0	0	0	0	2	0	0	0	0	0	0	0	0	0	0	0	0	0	0	0	0	0	0	0	0	0	0	0	0	0	2	1	0	0	0	0	0	0
A[Ins(C):R4]T	0	0	0	0	0	0	0	0	0	0	0	0	0	0	0	0	0	0	0	0	0	0	0	0	1	0	0	0	0	0	0	0	0	0	0	0	0	0	0	0	1	0	0	0	0	0	0	0	0	0	0	0	0	1	0	0	0	0	0	0	0	0	0	0	0	0	0	0	0	0	0	0	0	0	0	0	1	0	0	1	0	0	0	4	1	0	0	0	0	0	0	1	1	0	0	0	0	0	1	0	0	0	0	0	0	0	0	0	0	4	0	0	0	0	0	0	0
A[Ins(C):R5]A	0	0	0	1	0	0	0	0	0	0	0	0	0	1	2	2	0	0	0	2	0	0	0	0	1	0	0	0	0	1	1	0	0	0	0	0	0	0	0	0	2	0	0	0	0	0	0	0	1	0	0	0	1	1	0	0	0	1	0	0	0	0	0	0	0	1	0	1	0	0	1	0	0	0	0	0	0	0	0	0	0	0	0	7	0	1	0	0	0	1	0	1	0	0	0	0	0	0	0	0	1	0	0	0	0	0	0	0	0	4	0	0	0	0	0	1	0
A[Ins(C):R5]G	0	0	0	0	0	0	0	0	0	0	0	1	0	0	0	0	0	0	0	0	0	0	0	0	0	0	0	0	0	0	0	0	0	0	0	0	0	0	1	0	0	0	0	0	0	0	0	0	0	0	0	0	0	0	0	0	0	0	0	0	0	0	0	0	0	0	0	0	0	0	0	0	0	0	0	0	0	0	0	0	0	0	0	2	0	0	0	0	0	0	0	0	0	0	0	0	0	0	0	0	0	0	0	0	0	1	0	0	0	0	0	0	0	0	0	0	0
A[Ins(C):R5]T	0	0	0	1	0	0	0	0	0	0	0	0	0	0	0	0	0	1	0	0	1	0	0	0	0	0	0	0	0	0	0	1	1	0	0	0	0	0	0	0	0	0	0	1	0	0	1	0	0	0	0	0	0	0	0	0	1	0	1	0	0	0	0	0	0	1	0	0	0	0	0	0	0	1	0	0	0	0	0	0	0	1	0	5	0	0	0	0	0	0	0	0	0	0	0	0	0	0	0	1	0	0	0	0	0	0	0	0	0	5	0	0	0	1	0	0	0
A[Ins(C):R6]A	0	0	0	0	0	0	0	1	0	0	0	0	0	0	0	0	0	0	0	0	1	0	0	0	0	0	0	0	1	0	0	0	0	0	0	0	0	0	0	1	1	0	0	0	0	0	0	0	0	0	0	0	0	0	0	0	0	0	0	0	0	0	0	0	1	0	0	0	0	0	1	0	0	1	0	0	0	0	0	0	0	0	0	6	0	0	1	0	0	0	0	1	0	0	0	0	0	0	0	0	0	0	0	0	0	0	1	0	0	7	0	0	0	0	0	0	0
A[Ins(C):R6]G	0	0	0	0	0	0	0	0	0	0	0	0	0	0	1	2	0	0	0	0	0	0	0	0	0	0	0	0	0	0	0	0	0	0	0	0	0	0	0	1	0	0	0	0	0	0	0	0	0	0	0	0	0	0	0	0	0	0	0	0	0	0	0	0	0	0	0	0	0	0	0	0	0	0	0	0	0	0	0	0	0	0	0	2	0	1	0	0	0	0	0	1	0	0	0	0	0	0	0	0	0	0	0	0	0	0	0	0	0	1	0	0	0	0	0	0	0
A[Ins(C):R6]T	0	0	0	0	0	0	0	1	0	0	0	0	0	0	0	0	0	0	0	1	0	0	0	1	0	0	0	0	0	0	0	0	0	0	0	0	0	0	0	0	0	0	0	0	0	0	0	0	0	0	0	0	0	0	0	0	0	0	0	0	0	0	0	0	0	1	1	0	0	0	0	0	0	0	0	0	0	0	0	0	0	0	0	4	0	2	0	0	0	0	0	0	0	0	0	1	0	0	0	0	0	0	0	0	0	0	0	0	0	3	0	0	0	0	0	0	0
A[Ins(C):R7]A	0	0	0	2	0	0	2	0	0	0	0	1	0	0	1	0	0	1	0	0	0	0	0	0	0	0	1	1	0	4	1	0	1	0	0	0	0	0	0	0	1	0	0	0	0	0	0	0	0	0	0	0	1	0	2	0	0	0	0	0	0	0	0	0	0	2	0	0	1	1	0	0	1	2	0	0	1	0	0	1	0	1	0	12	0	0	1	0	0	0	0	1	0	0	0	0	0	0	2	0	0	0	0	1	0	0	0	0	0	39	0	0	0	1	1	2	0
A[Ins(C):R7]G	0	0	0	0	0	0	0	0	0	0	0	0	0	0	0	0	0	0	0	1	1	0	0	0	0	0	0	0	0	0	0	0	0	0	0	0	0	0	0	0	0	0	1	0	0	0	0	0	0	0	0	0	0	0	0	0	0	0	0	0	0	0	0	0	0	0	0	0	0	0	0	0	0	0	0	0	0	0	0	0	0	0	0	0	0	0	0	0	0	0	0	0	0	0	0	0	0	0	0	0	0	0	0	0	0	0	0	0	0	14	0	0	0	0	0	0	0
A[Ins(C):R7]T	0	0	0	0	1	0	0	0	0	0	0	0	0	0	0	0	0	0	1	0	0	0	0	0	0	0	0	0	1	0	0	0	0	0	0	0	0	0	0	0	0	0	0	0	0	0	0	0	0	0	0	0	0	0	0	0	0	0	0	0	0	0	0	0	0	0	0	0	0	0	0	0	0	0	0	0	0	1	0	1	0	0	0	1	0	0	0	0	0	0	0	0	0	0	1	0	0	0	0	0	0	0	0	0	0	0	0	0	0	4	0	0	0	0	0	0	0
A[Ins(C):R8]A	0	0	0	0	0	0	0	0	0	0	0	1	0	0	0	2	0	2	0	0	3	0	0	1	0	0	0	0	0	1	0	0	0	1	0	0	1	0	0	0	0	0	0	0	1	0	0	0	0	0	1	0	0	0	0	0	0	0	0	0	0	0	0	0	0	0	0	0	0	0	0	0	0	1	0	0	0	0	0	0	0	0	0	15	0	0	0	0	0	0	0	0	0	0	0	0	0	0	0	1	0	1	1	1	1	0	0	1	0	18	1	0	0	0	0	0	0
A[Ins(C):R8]G	0	0	0	0	0	0	0	0	0	0	0	0	0	0	0	0	0	0	0	0	0	0	0	0	0	0	0	0	0	0	0	0	0	0	0	0	0	0	0	0	0	0	0	0	0	0	0	0	0	0	0	0	0	0	0	0	0	0	0	0	0	0	0	1	0	2	0	0	1	0	0	0	0	0	0	0	0	0	0	0	0	0	0	2	0	0	0	1	0	0	0	0	1	0	0	0	0	0	0	0	0	0	0	0	1	0	0	0	0	9	0	0	0	0	0	0	0
A[Ins(C):R8]T	0	0	0	0	0	0	0	1	0	0	0	1	0	0	0	0	0	0	0	0	1	0	0	0	0	0	0	0	0	0	0	0	1	0	0	0	0	0	0	0	0	0	0	0	0	0	0	0	0	0	0	0	0	0	0	0	0	0	0	0	0	0	0	0	0	1	0	0	0	0	0	0	0	0	0	0	0	0	0	0	0	0	0	1	0	1	0	0	0	0	0	0	0	0	0	0	0	0	0	0	0	0	0	0	0	0	0	0	0	6	0	0	0	0	0	0	0
A[Ins(C):R(9,)]A	0	0	0	0	0	0	0	0	0	0	0	0	0	0	0	0	0	0	0	0	0	0	0	0	0	0	0	0	0	0	0	0	0	0	0	0	0	0	0	0	0	0	0	0	0	0	0	0	0	0	0	0	0	0	0	0	0	0	0	0	0	0	0	0	0	0	0	0	0	0	0	0	0	0	0	0	0	0	0	0	0	0	0	0	0	0	0	0	0	0	0	0	0	0	0	0	0	0	0	0	0	0	0	0	0	0	0	0	0	0	0	0	0	0	0	0	0
A[Ins(C):R(9,)]G	0	0	0	0	0	0	0	0	0	0	0	0	0	0	0	0	0	0	0	0	0	0	0	0	0	0	0	0	0	0	0	0	0	0	0	0	0	0	0	0	0	0	0	0	0	0	0	0	0	0	0	0	0	0	0	0	0	0	0	0	0	0	0	0	0	0	0	0	0	0	0	0	0	0	0	0	0	0	0	0	0	0	0	0	0	0	0	0	0	0	0	0	0	0	0	0	0	0	0	0	0	0	0	0	0	0	0	0	0	0	0	0	0	0	0	0	0
A[Ins(C):R(9,)]T	0	0	0	0	0	0	0	0	0	0	0	0	0	0	0	0	0	0	0	0	0	0	0	0	0	0	0	0	0	0	0	0	0	0	0	0	0	0	0	0	0	0	0	0	0	0	0	0	0	0	0	0	0	0	0	0	0	0	0	0	0	0	0	0	0	0	0	0	0	0	0	0	0	0	0	0	0	0	0	0	0	0	0	0	0	0	0	0	0	0	0	0	0	0	0	0	0	0	0	0	0	0	0	0	0	0	0	0	0	0	0	0	0	0	0	0	0
G[Ins(C):R0]A	0	0	0	0	0	0	1	2	1	0	0	0	2	2	65	4	1	0	0	0	2	0	0	4	2	0	1	3	1	46	0	0	1	1	0	2	2	0	0	1	54	1	1	1	0	0	0	1	0	0	0	0	0	0	0	0	0	0	0	0	0	0	0	1	0	1	0	0	0	0	0	1	0	0	0	1	0	0	5	0	0	1	0	1	1	0	2	0	2	0	0	0	0	0	2	0	0	0	0	0	0	0	0	0	0	0	1	0	1	3	0	0	0	1	0	5	1
G[Ins(C):R0]G	0	0	0	0	0	0	0	2	0	0	1	0	0	0	1	0	0	0	0	1	1	0	0	0	0	0	1	0	0	0	0	1	0	1	0	0	0	1	0	0	0	0	1	0	0	0	1	0	0	1	0	0	1	0	0	0	0	0	1	0	0	0	0	0	0	0	0	0	0	0	0	0	0	0	0	0	0	0	0	0	1	0	1	0	0	1	1	0	0	0	0	0	0	0	1	0	0	0	0	0	1	0	0	0	1	0	0	0	0	3	0	0	0	0	0	0	0
G[Ins(C):R0]T	0	0	0	1	0	0	1	0	1	0	1	0	0	0	2	0	0	0	0	0	0	1	0	1	1	0	0	0	0	0	0	0	0	0	0	1	1	0	0	1	0	0	1	0	1	0	1	1	0	0	1	1	0	0	1	0	0	0	1	1	0	0	0	1	0	1	1	0	0	0	0	0	0	0	0	0	0	1	1	1	0	1	0	0	0	0	0	1	1	0	0	0	0	0	1	1	0	0	2	0	0	0	0	0	0	0	1	1	0	2	0	0	0	0	0	0	1
G[Ins(C):R1]A	1	0	0	0	0	0	1	2	0	1	0	0	0	0	16	1	0	1	0	3	0	0	0	0	1	2	1	3	1	13	0	0	1	0	1	0	0	0	0	1	12	0	1	1	0	0	0	0	0	0	1	0	0	0	0	1	0	1	1	1	0	1	1	2	0	0	1	0	0	0	0	2	2	0	1	1	2	0	2	0	0	1	1	1	0	0	0	1	0	0	0	0	0	0	2	0	1	0	0	0	1	0	0	0	1	1	0	0	1	0	2	1	0	2	0	0	1
G[Ins(C):R1]G	1	0	0	0	0	0	0	0	0	0	0	1	0	0	2	0	1	0	0	0	0	0	0	0	0	0	0	0	0	1	0	0	0	0	0	0	0	0	0	0	1	0	0	0	0	0	0	0	0	0	2	0	0	0	0	0	0	0	0	0	0	0	0	0	0	0	0	1	0	0	0	0	0	0	0	1	0	0	1	0	0	0	0	0	0	1	0	0	1	0	0	0	0	0	0	1	0	0	0	0	0	0	0	0	0	0	0	0	0	0	1	0	0	0	1	0	0
G[Ins(C):R1]T	1	0	1	0	0	1	1	0	1	0	0	1	0	0	8	0	0	0	0	1	0	0	0	1	0	0	0	0	1	3	0	2	0	0	2	1	0	1	1	1	7	1	2	0	1	0	0	0	0	0	0	0	0	1	0	3	0	0	0	1	0	0	1	0	0	0	1	0	0	0	0	0	1	1	1	0	0	0	0	0	0	0	2	0	0	0	0	0	0	0	0	0	1	0	0	1	1	0	0	0	0	0	0	2	1	1	0	1	0	1	2	1	1	0	1	0	0
G[Ins(C):R2]A	1	0	1	0	1	0	2	1	2	0	1	1	0	0	2	2	0	0	1	1	0	2	0	1	2	0	0	2	0	2	0	1	1	0	1	0	0	1	1	0	2	0	1	0	0	0	1	0	0	1	1	1	1	1	1	1	0	0	0	2	1	0	0	0	0	0	0	0	1	0	0	0	1	0	1	1	3	0	0	0	1	3	2	1	1	1	1	1	2	0	0	1	1	1	0	1	0	0	1	0	0	0	0	0	0	1	0	0	0	0	1	2	1	1	1	1	0
G[Ins(C):R2]G	0	0	1	0	0	0	0	0	0	0	0	1	0	0	1	0	0	1	0	0	0	0	0	0	0	0	0	1	1	1	0	0	0	0	0	0	0	0	0	0	1	1	0	0	0	0	0	0	0	0	0	0	0	1	0	0	0	0	0	0	0	0	0	0	0	0	1	0	0	0	1	0	0	0	0	0	0	0	0	0	0	0	1	0	1	0	0	0	0	0	0	0	0	1	1	0	0	0	1	0	0	0	0	0	0	0	0	0	0	0	0	0	0	0	0	0	0
G[Ins(C):R2]T	0	0	0	0	0	0	2	2	0	0	2	1	0	0	2	1	1	0	1	2	1	1	0	1	1	0	0	2	0	1	0	1	0	3	1	0	1	0	0	2	4	0	0	0	0	0	0	1	0	1	1	0	2	0	0	0	0	1	1	1	1	0	0	1	0	1	0	1	0	1	0	0	0	0	1	0	0	0	0	3	0	0	0	1	0	0	1	0	0	1	0	0	1	1	0	0	0	0	0	0	0	0	1	0	1	1	0	0	1	0	3	2	0	1	1	0	0
G[Ins(C):R3]A	0	0	0	0	0	0	0	0	0	0	0	0	0	0	0	0	0	0	3	1	0	1	0	0	0	0	0	0	0	0	1	0	0	1	0	0	0	0	0	0	0	0	0	0	0	0	0	0	0	0	0	0	0	0	0	2	1	0	1	0	0	1	0	0	0	0	0	0	0	0	2	0	1	0	0	0	0	0	0	2	0	0	1	5	0	0	0	0	0	2	0	2	1	1	0	0	0	0	1	0	0	0	0	0	0	0	0	0	0	2	0	1	1	0	0	0	0
G[Ins(C):R3]G	0	0	0	0	0	0	0	0	0	0	0	1	0	0	1	0	0	0	0	0	0	0	0	0	0	0	0	1	1	0	0	0	0	0	0	0	0	0	0	0	0	0	1	1	0	0	0	0	0	0	0	0	1	0	0	0	0	0	0	0	0	0	0	1	0	0	0	0	1	0	0	0	0	0	0	0	0	0	0	0	0	0	0	3	0	0	0	0	0	1	0	0	0	0	0	0	0	1	0	0	0	0	0	0	0	1	0	0	0	1	0	0	0	0	0	0	0
G[Ins(C):R3]T	0	0	1	0	0	0	1	0	1	0	0	0	0	0	0	0	0	0	2	0	0	0	0	0	1	0	0	0	0	1	0	0	0	0	1	0	0	0	0	0	0	0	0	0	0	0	0	0	0	0	0	0	1	1	0	0	0	0	0	1	0	0	0	0	0	0	0	0	0	0	0	2	0	0	0	0	1	0	0	1	0	0	0	0	0	0	0	0	0	0	0	0	0	0	0	1	0	0	0	0	0	1	0	0	0	0	0	0	0	4	0	0	0	0	0	0	0
G[Ins(C):R4]A	0	0	0	0	0	0	1	0	0	0	0	0	0	0	1	0	1	0	0	0	0	1	0	0	0	0	0	1	0	0	0	0	0	0	0	0	0	0	0	0	0	0	0	0	0	0	1	0	1	0	0	0	1	0	0	0	1	0	0	0	0	0	0	0	0	0	0	0	0	0	0	0	0	0	0	0	0	0	0	0	0	0	1	5	0	0	0	0	0	0	0	0	0	0	0	0	0	0	0	0	0	0	0	0	0	0	1	0	0	8	0	0	0	0	0	1	0
G[Ins(C):R4]G	0	0	0	0	0	0	0	0	0	0	1	0	0	0	1	0	0	0	0	0	0	0	0	0	1	0	0	0	1	0	0	0	0	1	0	0	0	1	0	0	2	0	0	0	0	0	0	0	0	0	1	0	0	0	1	0	0	0	0	0	0	0	0	0	1	0	0	0	0	0	0	0	0	1	0	0	0	0	0	0	1	0	0	1	0	0	0	0	1	0	0	0	0	1	1	0	0	0	0	0	0	0	1	0	1	0	0	0	0	1	0	0	0	0	0	0	0
G[Ins(C):R4]T	0	0	1	0	1	0	0	0	0	0	0	0	0	0	0	1	0	0	1	1	1	0	0	1	0	0	0	0	0	0	0	0	0	0	0	0	0	0	0	0	0	0	0	0	0	0	0	0	0	0	0	0	0	0	0	0	0	0	1	0	0	1	0	1	0	0	0	1	0	0	0	0	0	0	0	0	0	0	0	0	0	0	0	2	0	0	0	0	0	0	0	0	0	0	0	0	0	0	1	0	0	0	0	0	0	0	1	0	0	8	0	0	0	0	0	0	0
G[Ins(C):R5]A	0	0	0	0	0	0	0	0	0	0	0	0	1	0	0	0	0	0	0	1	0	0	0	0	1	0	0	0	0	0	0	0	0	0	0	0	0	0	1	0	1	0	0	2	1	0	0	0	0	0	1	0	0	0	0	0	1	0	0	0	0	0	0	0	1	0	0	0	0	0	1	0	0	0	0	1	0	0	0	0	0	1	1	7	0	0	0	0	1	0	0	0	0	0	0	0	0	0	0	0	0	0	0	0	0	0	0	0	0	3	0	0	0	0	0	0	0
G[Ins(C):R5]G	0	0	0	0	0	0	0	1	0	2	0	0	0	0	0	0	0	0	0	0	0	0	0	0	0	0	0	0	1	0	0	0	0	0	0	0	0	0	0	0	0	0	0	0	2	0	0	0	0	0	0	0	1	0	1	0	0	0	0	1	0	0	0	0	0	1	0	0	0	0	1	0	0	0	0	0	0	0	0	1	0	0	0	2	0	0	0	1	0	1	0	0	0	0	0	0	0	0	0	0	0	0	1	0	1	0	0	0	0	3	0	0	0	0	0	0	0
G[Ins(C):R5]T	0	0	0	0	0	0	0	0	0	0	0	1	1	0	1	0	0	0	0	0	1	0	0	1	0	0	1	1	0	1	0	0	0	0	0	1	0	0	0	0	0	0	0	1	1	1	0	0	0	1	0	0	1	0	0	0	0	0	0	0	0	0	0	0	0	0	0	0	0	1	0	0	0	0	0	0	0	0	0	0	0	0	1	11	0	1	1	1	0	0	0	2	0	0	1	0	0	0	0	0	0	0	0	0	1	0	0	0	0	13	0	0	0	0	0	0	0
G[Ins(C):R6]A	0	0	0	0	0	0	0	2	1	0	0	0	1	0	1	1	0	0	0	0	0	0	0	0	1	0	0	1	1	1	0	0	0	0	1	1	0	0	0	1	1	0	0	0	1	0	1	0	0	0	0	0	0	1	1	0	1	0	0	0	0	0	0	0	0	1	0	0	0	0	0	1	0	0	0	0	1	0	0	0	0	1	0	11	0	0	0	0	0	0	0	1	0	0	1	1	0	1	0	0	0	0	0	0	1	0	1	0	0	20	0	0	0	0	0	2	0
G[Ins(C):R6]G	0	0	0	0	0	0	2	0	1	0	0	0	0	1	0	2	0	0	0	3	0	0	0	1	0	0	0	0	1	0	0	0	1	1	0	2	0	0	2	0	1	0	0	0	0	0	0	0	0	0	0	0	0	1	0	0	1	0	0	2	1	0	0	0	0	1	1	0	0	0	0	1	0	0	1	2	0	0	0	2	0	2	0	9	0	0	0	0	0	0	0	0	0	0	1	0	0	0	0	0	0	0	2	0	0	0	1	0	0	12	0	0	0	0	0	0	0
G[Ins(C):R6]T	0	0	0	0	0	0	0	0	0	0	0	0	2	0	0	0	0	1	0	0	0	0	0	0	0	0	0	1	0	0	0	0	0	0	0	0	0	0	0	1	0	0	0	0	0	0	0	0	0	0	0	1	0	0	1	0	0	0	0	0	0	1	0	0	0	0	0	0	0	0	0	0	0	1	0	0	1	0	0	3	0	1	0	4	0	1	0	0	0	0	0	0	0	0	0	2	0	1	0	0	0	0	0	0	0	0	0	1	0	23	0	0	0	0	0	0	0
G[Ins(C):R7]A	0	0	0	1	0	0	0	0	0	0	0	2	0	0	3	0	0	0	0	1	1	0	0	0	0	0	1	0	1	1	0	0	0	1	0	0	0	0	0	0	0	0	0	0	0	0	0	0	0	0	0	0	2	0	0	0	0	0	2	0	1	0	1	0	0	0	0	0	0	0	0	0	0	2	0	1	0	0	0	1	1	2	0	18	0	1	0	0	0	0	0	0	0	1	0	0	1	0	0	1	0	0	1	0	0	0	0	0	1	30	0	0	0	0	0	0	0
G[Ins(C):R7]G	0	0	0	0	0	0	0	0	0	0	0	0	0	0	1	1	0	0	0	0	1	0	0	0	0	0	0	0	0	1	0	0	0	0	0	0	0	0	0	0	0	0	1	0	0	0	0	1	0	0	0	0	0	0	0	0	0	0	0	0	0	0	0	0	0	0	0	0	0	0	0	0	0	0	0	0	0	0	0	0	0	1	1	4	0	0	0	0	0	0	0	0	0	0	1	0	0	0	0	0	0	0	1	0	0	0	0	0	0	12	0	0	1	0	0	0	0
G[Ins(C):R7]T	0	0	0	0	0	1	0	0	0	0	0	0	0	0	0	0	0	0	1	0	0	0	0	0	0	0	0	0	0	0	0	0	0	0	0	0	0	0	0	0	0	0	0	0	0	0	0	0	0	0	0	0	2	0	0	0	0	0	0	0	0	0	0	0	0	1	0	0	0	0	0	0	0	0	0	0	1	0	0	0	0	0	0	8	0	0	1	0	0	0	0	0	0	0	0	1	0	0	0	0	0	0	0	0	0	0	0	0	0	16	0	0	0	1	0	0	0
G[Ins(C):R8]A	0	0	0	0	0	0	0	1	0	0	0	0	0	1	0	0	0	0	1	0	0	0	0	0	0	0	0	0	0	0	0	0	0	0	1	0	0	0	0	1	0	0	0	1	0	0	0	0	0	0	0	0	0	0	1	1	0	0	0	0	0	0	0	0	0	0	0	0	1	0	0	0	0	0	0	0	0	0	0	0	0	0	0	14	0	0	0	0	0	0	0	0	0	0	0	0	0	0	0	0	0	0	0	0	0	0	0	0	1	23	1	0	0	0	0	0	0
G[Ins(C):R8]G	0	0	0	0	1	0	0	0	0	0	0	0	0	0	0	0	0	0	0	0	0	0	0	0	0	0	0	0	0	1	0	0	0	0	0	0	0	0	0	0	0	0	0	0	0	0	0	0	1	0	0	0	0	0	1	0	0	0	0	0	0	0	0	0	0	1	0	0	0	0	0	0	0	0	0	0	0	0	0	0	0	0	0	3	0	0	0	0	0	0	0	0	0	0	0	0	0	0	0	0	1	0	0	0	0	0	0	0	0	3	0	0	0	1	1	0	0
G[Ins(C):R8]T	0	0	0	0	0	0	1	0	0	0	0	0	0	0	0	1	0	0	0	0	0	0	0	0	0	0	0	0	0	1	0	0	0	0	0	0	0	0	0	0	0	0	0	0	0	0	0	0	0	0	0	0	0	0	0	0	0	0	0	1	0	0	0	0	0	0	0	0	0	0	0	0	0	1	0	0	0	0	0	1	0	0	0	3	0	0	1	0	0	0	0	0	0	0	0	0	1	0	0	0	0	0	0	0	1	0	0	0	0	7	0	0	0	0	0	0	0
G[Ins(C):R(9,)]A	0	0	0	0	0	0	0	0	0	0	0	0	0	0	0	0	0	0	0	0	0	0	0	0	0	0	0	0	0	0	0	0	0	0	0	0	0	0	0	0	0	0	0	0	0	0	0	0	0	0	0	0	0	0	0	0	0	0	0	0	0	0	0	0	0	0	0	0	0	0	0	0	0	0	0	0	0	0	0	0	0	0	0	0	0	0	0	0	0	0	0	0	0	0	0	0	0	0	0	0	0	0	0	0	0	0	0	0	0	0	0	0	0	0	0	0	0
G[Ins(C):R(9,)]G	0	0	0	0	0	0	0	0	0	0	0	0	0	0	0	0	0	0	0	0	0	0	0	0	0	0	0	0	0	0	0	0	0	0	0	0	0	0	0	0	0	0	0	0	0	0	0	0	0	0	0	0	0	0	0	0	0	0	0	0	0	0	0	0	0	0	0	0	0	0	0	0	0	0	0	0	0	0	0	0	0	0	0	0	0	0	0	0	0	0	0	0	0	0	0	0	0	0	0	0	0	0	0	0	0	0	0	0	0	0	0	0	0	0	0	0	0
G[Ins(C):R(9,)]T	0	0	0	0	0	0	0	0	0	0	0	0	0	0	0	0	0	0	0	0	0	0	0	0	0	0	0	0	0	0	0	0	0	0	0	0	0	0	0	0	0	0	0	0	0	0	0	0	0	0	0	0	0	0	0	0	0	0	0	0	0	0	0	0	0	0	0	0	0	0	0	0	0	0	0	0	0	0	0	0	0	0	0	0	0	0	0	0	0	0	0	0	0	0	0	0	0	0	0	0	0	0	0	0	0	0	0	0	0	0	0	0	0	0	0	0	0
T[Ins(C):R0]A	0	1	0	1	0	0	0	0	0	0	0	0	0	0	2	0	1	0	0	0	2	0	1	1	0	1	2	0	0	3	0	0	0	0	0	0	1	0	0	1	1	0	0	0	0	0	1	0	0	0	0	2	0	1	0	1	0	0	0	0	0	0	0	0	0	0	1	0	0	2	3	1	0	0	0	2	2	0	0	0	0	0	0	1	1	1	4	1	0	0	0	0	1	1	0	0	0	0	1	0	0	0	0	0	2	0	0	0	0	5	0	0	1	0	0	1	0
T[Ins(C):R0]G	1	0	0	0	0	0	0	0	0	0	0	1	0	0	0	0	0	1	0	0	0	0	0	1	0	0	1	0	1	1	1	1	0	0	1	0	0	0	0	0	0	0	0	0	2	1	0	0	0	0	0	0	0	0	0	1	0	0	0	0	0	0	0	0	0	0	0	0	0	0	0	0	0	0	0	0	0	0	0	0	0	0	1	1	1	1	0	0	0	0	0	0	0	0	0	0	1	0	1	0	0	0	0	0	0	0	0	0	0	2	0	0	0	1	0	0	0
T[Ins(C):R0]T	0	0	0	0	0	0	3	0	1	2	0	1	0	1	0	2	0	1	2	1	0	2	0	0	3	0	0	2	2	5	0	0	0	2	0	1	0	1	1	0	1	0	2	0	1	0	1	0	0	0	0	0	2	0	1	0	1	0	0	1	1	0	1	1	0	1	0	2	0	0	2	0	1	0	0	1	0	0	1	1	1	0	2	5	1	2	1	3	1	0	0	0	1	1	0	1	0	0	2	0	3	2	2	0	0	0	1	0	0	15	2	0	0	1	1	3	1
T[Ins(C):R1]A	0	1	2	0	0	0	3	4	0	4	1	1	1	1	4	1	2	4	1	1	1	1	0	3	4	1	1	3	2	0	1	2	2	3	2	2	0	4	0	0	3	1	0	0	2	0	2	0	1	1	1	1	2	1	2	1	1	0	1	3	0	3	0	0	2	1	0	0	1	0	1	1	1	1	2	2	2	1	0	3	1	0	1	2	1	0	1	1	0	3	0	0	0	2	2	2	0	0	2	0	0	1	1	1	1	1	0	2	2	5	2	0	1	3	0	2	0
T[Ins(C):R1]G	0	0	1	0	0	0	1	1	0	0	0	0	1	0	0	0	0	0	0	0	1	0	0	0	0	0	0	0	0	0	0	0	0	0	0	0	0	0	0	0	0	0	1	0	0	0	0	0	1	0	0	0	0	1	0	0	0	0	0	1	0	0	0	0	0	0	0	0	0	0	0	0	0	0	0	0	0	0	0	0	0	0	0	2	1	0	0	0	0	1	0	0	0	0	0	0	0	0	0	0	0	0	0	1	0	0	0	0	0	0	0	0	1	1	0	0	0
T[Ins(C):R1]T	0	0	4	0	0	1	3	3	1	1	0	0	1	1	1	1	3	0	4	0	1	0	1	1	1	0	1	1	1	3	0	3	1	2	0	2	0	3	1	0	3	0	1	0	3	0	2	1	2	1	0	0	3	1	0	1	1	3	1	3	3	0	0	1	0	2	0	2	2	0	0	1	2	1	4	2	3	0	1	4	0	0	2	1	1	0	2	0	0	2	1	2	0	1	1	5	2	0	0	1	1	1	0	3	2	3	2	2	0	1	1	2	2	1	0	0	0
T[Ins(C):R2]A	0	1	1	1	0	1	4	0	1	1	1	3	1	1	3	0	0	2	1	2	2	1	0	3	0	1	0	1	2	0	0	1	0	1	3	1	0	1	2	0	1	0	0	0	1	1	2	1	0	0	2	4	1	2	0	1	1	1	1	4	1	0	1	1	0	0	0	1	0	0	0	1	2	0	0	0	3	0	2	0	1	0	1	3	1	1	0	1	0	1	0	0	0	2	0	1	0	0	1	0	0	0	0	0	0	0	1	0	1	3	2	1	0	2	0	0	1
T[Ins(C):R2]G	0	1	0	0	0	0	1	0	0	0	0	0	0	0	0	0	0	0	0	0	0	0	0	0	0	0	1	0	0	0	0	0	0	0	0	0	0	0	0	0	1	0	0	0	0	0	0	0	0	0	0	0	0	0	0	1	0	0	0	1	0	1	1	0	0	0	0	0	0	0	0	0	0	0	0	0	0	1	0	1	0	0	0	0	0	0	0	0	0	0	0	0	1	0	0	0	0	0	0	0	0	0	0	0	1	1	0	0	0	0	0	0	0	0	0	0	0
T[Ins(C):R2]T	2	2	3	2	0	0	2	3	2	0	3	0	0	2	2	2	1	0	1	0	0	1	0	2	1	1	0	1	1	1	1	0	0	1	1	3	0	1	2	1	1	0	3	0	1	0	0	0	0	0	0	2	2	0	0	0	0	0	0	1	1	2	0	1	0	0	1	0	0	0	2	2	0	1	1	2	2	0	0	3	1	2	0	5	1	0	1	2	1	1	0	0	0	2	0	0	0	0	2	1	0	0	0	1	3	0	0	0	1	4	0	2	0	3	0	1	0
T[Ins(C):R3]A	0	0	2	0	0	0	0	0	0	0	0	1	1	0	0	0	1	1	0	1	0	0	0	2	2	0	0	0	2	3	0	0	0	0	0	1	0	1	0	0	2	1	1	1	0	0	0	0	2	1	0	1	1	3	1	0	2	0	0	1	0	0	0	1	1	1	0	2	0	0	1	0	0	0	1	1	2	1	3	1	1	0	1	0	0	0	2	1	0	0	0	1	1	0	0	1	0	0	2	0	0	0	1	1	2	0	3	0	2	3	0	0	1	0	0	0	0
T[Ins(C):R3]G	0	0	0	0	0	0	1	0	0	0	0	0	0	0	0	0	0	0	0	0	0	0	0	0	0	0	0	0	0	0	0	0	1	0	0	0	0	0	0	0	0	0	0	0	0	0	0	0	0	0	0	0	0	0	0	0	0	0	0	1	0	0	0	0	0	0	0	0	0	0	0	0	0	0	0	0	0	0	0	0	0	0	1	0	0	0	0	0	0	0	0	0	0	1	0	0	0	0	0	0	0	0	1	0	0	0	0	0	0	2	1	0	0	0	0	0	0
T[Ins(C):R3]T	0	1	0	1	0	0	2	1	0	0	0	1	1	0	0	1	0	0	0	2	0	2	0	1	0	2	0	0	0	0	0	1	0	0	0	0	0	0	0	0	0	0	1	0	0	0	0	0	1	0	0	0	0	1	0	1	0	0	0	2	1	0	0	1	2	0	0	0	0	2	1	3	0	0	0	1	2	0	0	1	1	1	3	0	0	0	0	0	0	2	0	0	1	1	0	2	0	0	0	0	0	1	2	0	0	1	1	0	0	3	1	0	0	2	1	0	0
T[Ins(C):R4]A	0	0	1	0	0	0	0	0	0	0	0	0	0	1	2	0	0	0	1	0	1	0	0	0	0	0	1	0	0	1	0	0	1	2	0	0	0	1	0	0	1	0	0	0	0	1	1	0	0	0	0	0	0	1	2	1	0	0	0	0	0	0	0	0	1	2	0	1	0	0	0	0	0	0	1	1	0	1	1	1	0	1	0	8	0	0	0	0	0	0	0	0	0	0	0	0	0	0	0	0	0	0	0	0	0	0	0	1	0	22	2	0	0	1	0	0	0
T[Ins(C):R4]G	0	0	0	0	0	0	0	0	0	0	0	0	0	0	0	0	0	0	1	0	0	0	0	0	0	0	0	2	0	0	1	0	1	0	0	0	0	0	0	0	1	0	0	0	0	0	0	0	0	0	0	0	1	0	0	0	0	0	0	0	0	0	0	0	0	0	0	0	0	0	1	0	0	0	0	0	0	0	0	0	0	0	0	1	1	0	0	0	0	0	0	0	0	0	0	0	0	0	0	0	0	0	0	2	0	0	0	0	0	5	0	0	0	0	0	0	0
T[Ins(C):R4]T	0	0	0	0	0	0	0	0	0	0	0	0	0	0	0	0	0	0	0	0	1	1	0	0	0	0	0	0	0	1	0	0	1	1	0	2	1	0	0	0	0	0	1	0	1	0	0	0	0	0	0	0	0	2	0	0	0	1	1	0	0	0	0	2	1	0	0	1	0	0	1	0	0	0	0	0	0	0	0	0	0	1	1	8	0	0	0	0	0	1	0	0	0	0	0	0	0	0	0	0	0	0	0	0	0	0	0	0	0	18	0	0	0	1	0	0	0
T[Ins(C):R5]A	0	0	1	1	0	0	1	0	0	0	0	0	0	1	2	0	0	0	0	0	0	0	0	0	0	0	0	1	1	3	1	0	1	1	0	0	0	0	0	0	1	0	0	1	0	0	0	0	0	0	0	0	0	0	2	0	0	0	0	0	0	0	0	0	0	0	0	0	0	0	0	1	0	0	0	0	0	0	0	1	0	0	0	7	0	0	0	0	0	0	1	2	0	0	0	0	0	0	0	0	0	1	0	1	0	0	1	0	0	14	0	0	0	0	0	1	0
T[Ins(C):R5]G	0	0	0	0	0	0	0	0	0	0	0	0	0	0	2	0	1	0	0	0	0	0	0	0	0	0	1	1	0	1	0	0	0	0	0	2	0	0	0	0	0	0	0	0	0	0	0	0	0	0	0	0	0	0	0	0	0	0	0	0	0	0	0	0	0	0	0	0	0	0	0	0	0	0	0	0	0	0	0	0	0	0	0	4	0	0	0	0	0	0	0	0	0	0	0	0	0	0	0	0	0	0	0	0	0	0	0	0	1	1	0	0	0	0	0	0	0
T[Ins(C):R5]T	0	0	0	0	0	0	0	0	0	0	0	0	0	0	0	0	0	1	0	0	0	0	0	1	0	0	0	1	0	0	0	0	0	3	0	0	0	0	0	0	0	0	0	0	1	0	0	0	0	1	0	0	0	0	0	1	0	0	0	0	0	0	0	1	2	1	0	0	0	0	0	0	1	0	0	0	0	0	0	0	1	0	0	7	0	0	0	0	0	0	0	0	0	0	0	0	0	0	1	0	0	0	0	0	0	0	0	0	0	13	0	0	0	0	0	0	0
T[Ins(C):R6]A	0	0	0	1	0	0	0	0	1	0	0	0	0	0	2	0	0	0	0	0	0	0	0	0	0	0	0	0	1	1	0	0	0	1	0	0	0	0	0	1	2	1	0	0	0	0	0	0	0	0	0	0	0	0	1	0	0	0	0	0	0	0	0	0	0	0	0	0	3	0	0	0	1	1	0	0	0	0	0	0	0	0	0	9	0	0	1	0	0	0	0	0	0	0	0	0	0	0	0	0	1	0	0	0	1	0	0	0	0	22	0	0	0	0	0	1	0
T[Ins(C):R6]G	0	1	0	0	0	0	0	0	1	0	0	0	0	0	0	1	0	0	0	0	0	0	0	0	0	0	0	1	0	1	0	0	1	0	0	0	0	0	0	0	1	0	0	0	0	0	0	0	1	1	0	0	1	0	0	0	0	0	0	1	0	0	0	0	0	0	0	0	0	0	0	0	0	0	0	0	0	0	0	0	1	0	0	0	0	0	0	0	0	0	0	0	0	0	1	0	0	0	0	0	0	0	0	0	0	0	0	0	0	7	0	1	0	0	0	0	0
T[Ins(C):R6]T	0	0	0	0	0	0	0	0	1	0	0	0	0	0	0	1	0	1	0	0	0	0	0	0	0	0	0	0	1	0	0	0	0	0	0	0	0	0	0	0	0	0	0	0	0	0	0	0	0	0	0	0	0	0	0	0	0	0	0	0	1	0	0	0	0	0	0	0	0	0	0	1	0	0	0	0	0	0	0	0	1	1	0	4	0	0	0	0	0	1	0	0	0	0	0	0	0	0	0	0	0	0	0	0	0	0	0	0	0	12	0	0	0	0	0	0	0
T[Ins(C):R7]A	0	0	0	0	0	0	1	0	1	0	0	1	1	0	2	1	0	0	0	1	0	1	0	0	0	0	1	1	1	4	0	0	0	0	0	1	0	0	0	0	1	0	0	0	0	0	0	0	1	0	0	0	1	0	0	0	1	0	0	0	0	0	0	0	1	1	0	0	0	1	1	0	0	0	0	0	0	0	0	0	0	2	0	8	0	0	0	0	0	0	0	0	0	0	1	0	0	0	0	1	0	0	1	0	1	0	0	0	1	33	0	0	0	0	0	1	0
T[Ins(C):R7]G	0	0	0	0	0	0	0	1	0	0	0	1	0	0	0	0	0	0	0	0	0	0	0	0	0	0	0	0	0	0	0	0	0	0	0	0	0	0	0	0	0	0	0	0	0	0	0	0	0	0	0	0	0	0	0	0	0	0	0	0	0	0	0	0	0	0	0	0	0	0	0	0	0	0	0	0	0	0	0	0	0	0	0	4	1	0	0	0	0	0	0	0	0	0	0	0	0	0	0	0	0	0	0	1	0	0	0	0	1	12	0	0	0	0	0	0	0
T[Ins(C):R7]T	0	0	0	0	0	0	2	0	0	0	0	0	0	0	0	0	0	0	0	0	0	0	0	0	0	0	0	0	0	1	0	0	0	0	1	0	0	0	1	0	0	0	0	0	0	0	0	0	0	0	0	0	0	1	0	0	0	0	0	2	0	0	0	0	0	0	0	0	0	1	0	0	0	0	0	0	0	0	0	0	0	0	1	4	0	1	0	0	0	0	0	0	2	0	0	0	0	0	0	0	0	0	0	0	0	0	0	1	0	8	0	0	0	0	0	0	0
T[Ins(C):R8]A	0	0	1	0	1	0	1	1	0	0	0	1	0	0	0	0	1	1	0	0	1	0	0	1	0	0	0	0	0	0	0	0	0	1	0	0	0	1	0	0	0	0	0	0	0	0	0	0	0	0	0	0	2	0	0	0	0	0	0	0	0	0	0	0	0	0	0	0	0	0	0	0	0	1	0	0	0	0	0	0	0	1	0	8	0	0	0	0	0	0	0	0	0	0	0	0	0	0	0	0	0	0	0	0	0	0	0	0	0	19	0	0	0	2	0	1	0
T[Ins(C):R8]G	0	0	1	0	0	0	0	0	0	0	0	0	0	0	0	0	0	0	0	0	0	0	0	0	0	0	0	0	0	0	0	0	0	0	0	0	0	0	0	0	0	0	0	0	0	0	0	0	0	0	0	0	0	0	0	0	0	0	0	0	0	0	0	0	0	0	0	0	0	0	0	0	0	0	0	0	0	0	0	0	0	0	0	3	0	0	0	0	0	0	0	0	0	0	0	0	0	0	0	0	0	0	0	0	0	0	0	0	0	5	0	0	0	0	0	0	0
T[Ins(C):R8]T	0	0	0	0	0	0	0	0	0	0	0	0	0	0	0	0	0	0	0	0	1	0	0	0	0	0	0	0	0	0	0	0	0	1	0	0	0	0	0	0	1	0	0	0	0	0	0	0	0	0	1	0	0	0	0	0	0	0	0	0	0	0	0	0	0	1	0	0	0	0	0	0	0	0	0	0	0	0	0	0	0	0	0	1	0	0	0	0	0	0	0	0	0	0	0	0	0	0	0	0	0	0	0	0	0	0	0	0	1	8	0	0	0	0	0	0	0
T[Ins(C):R(9,)]A	0	0	0	0	0	0	0	0	0	0	0	0	0	0	0	0	0	0	0	0	0	0	0	0	0	0	0	0	0	0	0	0	0	0	0	0	0	0	0	0	0	0	0	0	0	0	0	0	0	0	0	0	0	0	0	0	0	0	0	0	0	0	0	0	0	0	0	0	0	0	0	0	0	0	0	0	0	0	0	0	0	0	0	0	0	0	0	0	0	0	0	0	0	0	0	0	0	0	0	0	0	0	0	0	0	0	0	0	0	0	0	0	0	0	0	0	0
T[Ins(C):R(9,)]G	0	0	0	0	0	0	0	0	0	0	0	0	0	0	0	0	0	0	0	0	0	0	0	0	0	0	0	0	0	0	0	0	0	0	0	0	0	0	0	0	0	0	0	0	0	0	0	0	0	0	0	0	0	0	0	0	0	0	0	0	0	0	0	0	0	0	0	0	0	0	0	0	0	0	0	0	0	0	0	0	0	0	0	0	0	0	0	0	0	0	0	0	0	0	0	0	0	0	0	0	0	0	0	0	0	0	0	0	0	0	0	0	0	0	0	0	0
T[Ins(C):R(9,)]T	0	0	0	0	0	0	0	0	0	0	0	0	0	0	0	0	0	0	0	0	0	0	0	0	0	0	0	0	0	0	0	0	0	0	0	0	0	0	0	0	0	0	0	0	0	0	0	0	0	0	0	0	0	0	0	0	0	0	0	0	0	0	0	0	0	0	0	0	0	0	0	0	0	0	0	0	0	0	0	0	0	0	0	0	0	0	0	0	0	0	0	0	0	0	0	0	0	0	0	0	0	0	0	0	0	0	0	0	0	0	0	0	0	0	0	0	0
A[Ins(T):R0]A	4	3	1	2	1	3	7	4	4	4	2	5	0	1	4	2	3	2	1	7	6	1	0	8	5	1	0	5	4	4	1	1	2	3	1	4	0	4	1	3	5	4	4	7	2	1	2	0	3	4	1	0	13	5	4	2	0	3	6	7	4	4	2	8	0	2	2	2	2	3	2	4	1	5	2	1	1	0	1	6	2	1	5	19	4	6	1	1	0	3	0	2	3	5	3	8	1	0	4	2	3	3	3	0	3	1	3	0	5	35	4	1	1	3	1	3	2
A[Ins(T):R0]C	0	3	2	0	0	0	1	2	2	0	1	2	0	1	1	1	2	1	0	0	0	0	0	1	2	0	1	4	1	1	1	0	0	1	2	0	0	3	1	1	2	0	3	0	2	0	1	0	1	2	1	1	1	0	0	1	0	1	1	2	2	1	0	0	0	0	0	1	1	0	1	1	3	4	1	2	1	0	0	3	1	0	0	1	0	1	0	1	1	2	0	1	0	1	2	1	0	0	2	1	0	1	0	0	0	1	0	0	0	6	1	2	1	1	0	3	1
A[Ins(T):R0]G	0	0	2	1	0	1	3	3	1	3	0	0	1	0	4	0	2	0	0	0	1	1	0	1	2	1	1	1	2	6	0	0	1	1	2	1	0	3	1	0	3	0	1	0	0	0	2	0	1	1	1	0	1	0	0	0	0	1	2	3	0	2	1	4	0	1	0	0	0	0	3	1	0	0	0	1	2	0	1	1	0	2	3	4	0	2	2	0	1	1	0	0	1	1	0	1	1	0	0	1	0	0	0	0	0	1	0	2	1	18	2	0	0	1	1	1	0
A[Ins(T):R1]A	2	11	5	3	3	2	9	10	6	8	4	11	1	4	7	11	3	1	4	4	9	4	2	12	3	2	2	13	10	6	2	10	5	3	5	9	2	7	4	9	12	4	9	6	6	3	2	2	2	5	1	5	9	6	7	3	1	5	7	9	6	4	0	7	3	4	3	8	2	4	2	4	2	3	4	9	8	1	2	11	6	2	6	9	5	2	4	0	1	5	0	2	2	5	3	9	0	1	2	3	1	3	4	3	2	5	3	7	7	13	3	8	2	3	1	9	5
A[Ins(T):R1]C	1	3	2	1	1	0	5	3	0	2	0	5	0	2	3	3	1	0	1	3	2	2	0	2	0	0	0	2	2	3	0	2	1	1	1	3	3	0	3	2	1	0	3	0	2	0	2	1	0	1	0	1	4	1	0	3	1	2	0	5	1	0	2	2	1	1	0	2	0	0	3	1	2	1	1	0	1	0	0	0	0	0	1	1	1	1	1	0	0	1	0	0	0	1	1	3	2	0	1	2	1	2	0	1	1	0	0	3	1	6	1	0	4	2	0	0	1
A[Ins(T):R1]G	2	0	3	4	1	2	7	12	1	2	2	5	2	2	7	12	3	2	1	4	0	4	1	10	0	1	1	5	3	2	0	4	4	6	3	7	1	0	0	5	3	3	3	1	5	1	0	0	1	4	1	2	7	5	3	4	1	0	1	7	3	6	1	6	1	2	0	3	2	2	3	1	3	2	2	5	6	0	0	8	5	3	5	8	4	1	6	0	1	6	0	2	1	6	5	5	0	1	1	0	0	1	4	2	2	2	2	1	3	15	4	4	4	3	2	1	3
A[Ins(T):R2]A	7	12	11	9	3	8	16	18	4	10	11	14	3	7	22	6	5	9	4	15	7	8	2	15	9	4	6	9	3	3	2	7	4	7	10	9	4	9	6	8	11	2	9	0	16	1	1	3	1	6	2	3	11	4	2	6	2	3	12	16	5	7	2	6	2	2	1	2	0	5	7	7	4	7	7	4	14	1	3	15	1	8	14	10	8	2	7	1	2	8	0	5	3	7	4	15	2	0	8	6	1	5	5	4	4	8	3	4	11	24	7	10	6	4	2	4	1
A[Ins(T):R2]C	2	2	3	3	0	1	5	7	0	3	5	10	2	2	5	3	1	2	1	5	1	5	0	6	3	0	0	6	1	1	0	2	4	7	2	7	1	7	1	4	4	1	3	2	1	0	0	0	1	2	2	2	8	3	6	5	1	3	5	5	1	2	0	6	0	0	2	2	0	0	2	3	3	3	0	4	3	0	2	4	0	2	4	7	2	0	2	0	0	5	0	3	3	7	3	3	0	0	8	1	1	3	1	2	0	1	1	4	10	7	3	3	1	4	0	1	0
A[Ins(T):R2]G	4	5	7	3	1	6	11	14	3	5	6	11	2	1	6	6	4	3	6	4	6	8	2	15	8	1	1	3	6	1	0	8	11	7	6	9	4	10	4	9	5	0	8	3	13	1	2	2	2	3	1	8	6	4	2	4	3	2	5	11	3	2	5	5	0	1	0	2	0	3	4	6	3	6	3	4	6	0	1	11	2	3	9	9	2	1	7	1	1	2	0	4	2	3	5	11	1	0	6	3	0	4	4	0	4	4	2	2	8	34	10	5	5	6	2	2	1
A[Ins(T):R3]A	2	5	6	2	1	4	7	14	8	3	0	6	2	3	8	9	1	1	4	8	4	2	1	5	2	2	2	7	6	5	0	0	5	3	6	5	1	10	2	1	6	0	3	1	5	2	2	0	0	2	2	3	7	3	5	7	1	10	5	7	4	3	1	6	0	1	2	2	0	3	1	3	5	3	1	0	4	1	0	7	2	3	3	3	2	1	3	3	0	2	0	1	2	4	5	8	2	0	4	2	2	2	2	3	6	3	2	2	9	15	5	5	2	4	2	1	1
A[Ins(T):R3]C	2	1	2	2	0	5	6	7	1	2	1	3	3	3	3	3	0	2	0	2	4	1	0	7	2	0	1	3	4	0	0	2	0	3	0	4	2	1	1	2	1	0	2	0	6	0	2	1	1	1	0	1	4	0	3	3	4	1	4	6	2	0	1	4	0	1	1	2	0	0	0	4	0	1	0	3	1	0	0	5	1	4	2	3	0	0	3	0	0	3	0	1	1	2	3	3	1	0	2	1	0	1	2	0	0	2	0	1	4	11	2	4	6	1	1	0	3
A[Ins(T):R3]G	2	3	3	0	1	2	6	5	1	2	2	3	0	3	5	8	1	2	3	7	1	3	0	8	3	0	0	3	2	1	0	4	1	4	2	3	0	2	1	3	4	1	0	2	6	0	4	1	1	3	0	1	2	0	2	4	2	2	5	6	3	0	0	4	0	0	1	1	0	0	2	4	3	1	1	0	6	1	1	6	1	3	2	9	0	3	0	1	2	3	0	2	0	0	3	4	1	0	2	0	1	1	1	3	5	4	1	0	2	21	3	2	5	2	2	2	0
A[Ins(T):R4]A	2	0	4	1	2	3	6	6	4	2	3	4	1	1	4	6	0	1	1	4	1	1	0	4	2	1	1	3	0	4	0	0	2	2	2	3	0	1	0	1	3	0	1	0	1	1	1	1	1	1	0	2	8	3	0	0	0	1	4	7	2	2	0	3	0	2	0	2	0	1	4	2	2	2	1	1	1	1	0	5	1	4	2	10	1	1	2	2	1	2	0	1	3	2	3	1	0	0	0	3	0	0	1	1	3	4	1	1	5	29	7	3	7	2	3	4	0
A[Ins(T):R4]C	3	1	0	2	0	2	2	6	3	2	1	0	0	3	1	2	1	3	4	3	2	1	0	2	2	1	0	4	0	1	0	8	2	3	2	3	0	3	0	0	4	0	3	0	2	1	0	0	1	1	0	0	4	0	2	0	0	1	1	2	0	2	0	1	1	1	0	1	1	0	1	1	0	1	1	0	5	0	0	2	1	1	3	14	0	2	2	0	1	3	0	5	0	2	4	4	0	1	0	0	1	0	1	2	0	0	1	1	0	33	3	2	0	2	3	0	0
A[Ins(T):R4]G	0	2	2	0	1	1	4	1	4	1	1	0	0	0	2	4	3	0	2	1	1	0	0	0	2	1	2	1	3	4	0	3	0	3	1	2	0	6	0	0	0	0	2	0	2	1	1	0	1	1	0	0	6	1	1	1	2	4	3	3	1	0	1	2	0	3	3	4	0	1	0	3	2	0	0	2	2	0	1	1	2	4	1	15	1	1	5	1	3	4	0	0	1	1	1	3	1	0	1	1	0	1	2	2	2	2	2	1	0	48	1	0	1	2	1	4	0
A[Ins(T):R5]A	4	4	6	0	0	3	5	3	1	0	8	4	2	2	0	7	7	4	10	1	5	1	0	2	1	3	0	2	4	2	1	1	2	2	0	2	0	4	1	2	3	1	6	0	1	1	1	0	2	1	0	3	5	2	1	0	1	2	1	5	0	3	2	1	0	8	0	3	1	1	1	3	2	3	1	1	4	0	0	2	3	5	1	32	3	2	2	1	0	2	1	1	1	0	0	1	0	0	1	0	0	0	1	1	1	3	0	1	1	94	2	3	2	0	1	4	0
A[Ins(T):R5]C	0	1	5	1	2	0	2	4	2	1	2	5	0	1	1	1	3	6	2	3	8	2	2	2	0	1	3	0	4	4	1	2	0	5	1	1	0	3	0	3	1	1	1	2	2	0	2	0	2	3	3	0	8	0	0	3	1	0	0	2	3	5	3	0	4	5	0	2	1	1	3	1	0	6	0	1	4	1	0	0	1	3	1	30	0	1	3	2	0	4	0	0	2	2	3	1	0	0	0	1	0	1	2	1	4	0	1	1	1	92	0	0	0	1	0	2	1
A[Ins(T):R5]G	1	0	3	1	1	4	6	2	3	0	3	2	2	1	2	5	7	3	9	4	2	1	1	2	1	3	2	2	1	3	2	0	3	7	1	4	1	3	1	1	0	1	6	1	1	0	3	0	0	0	2	2	6	2	4	4	2	3	3	3	5	3	2	2	1	12	0	2	0	0	4	1	1	6	0	2	1	1	0	1	2	2	2	54	2	4	4	0	1	1	1	5	0	1	3	3	1	0	2	1	0	1	2	4	1	2	3	0	5	98	4	4	4	4	0	6	1
A[Ins(T):R6]A	2	1	1	3	4	1	1	1	5	2	2	4	2	2	0	8	3	10	8	9	3	3	0	1	3	3	3	2	3	6	1	1	2	6	3	1	0	3	1	1	3	1	2	3	1	0	3	0	4	4	2	0	14	1	5	3	2	2	4	3	2	4	1	3	2	11	1	2	3	2	6	4	1	8	0	0	2	1	0	3	0	5	1	52	0	10	2	0	1	1	0	4	2	1	4	2	5	1	1	0	2	3	2	2	0	2	3	2	2	153	1	1	1	2	0	9	0
A[Ins(T):R6]C	4	2	1	0	3	1	9	5	7	0	3	4	0	1	1	12	3	10	9	3	9	1	0	1	4	1	3	2	7	8	2	1	1	6	4	3	0	3	3	1	3	1	1	0	4	3	1	0	5	4	3	4	6	0	9	2	2	2	0	7	1	1	1	0	3	11	1	1	1	1	1	3	2	8	0	0	4	0	0	1	2	6	3	59	2	12	7	0	1	4	0	2	0	2	2	5	5	0	0	2	2	3	0	0	1	2	3	3	2	178	0	2	3	4	2	5	2
A[Ins(T):R6]G	2	2	1	1	4	1	8	3	9	1	1	4	0	1	2	15	3	11	11	3	11	0	0	3	0	2	4	1	3	11	1	2	1	5	3	7	0	3	3	2	1	3	3	2	1	0	0	1	6	0	3	4	13	0	10	2	0	3	2	4	2	6	3	1	2	17	1	2	1	4	7	3	2	10	0	0	1	1	3	1	2	8	5	110	2	8	5	3	0	6	0	5	4	2	0	3	4	0	6	1	2	5	2	4	5	1	1	1	6	244	3	4	1	0	0	12	1
A[Ins(T):R7]A	0	3	6	0	4	1	6	2	8	0	2	2	0	2	2	13	1	10	3	4	6	2	0	5	2	6	5	1	7	8	0	0	0	5	1	2	2	2	3	4	3	1	5	1	1	0	1	0	3	2	1	6	10	0	10	0	2	1	3	4	3	2	6	2	2	20	1	1	2	2	4	4	2	7	2	0	0	1	2	0	3	4	1	101	4	4	1	1	0	5	0	2	1	4	3	5	0	0	1	2	2	4	2	1	3	2	5	3	5	233	2	1	1	4	0	8	1
A[Ins(T):R7]C	2	0	1	1	3	3	4	3	12	0	2	4	1	0	2	12	4	5	7	5	7	2	0	3	2	2	2	3	5	19	0	0	2	6	3	4	0	2	2	1	3	4	4	3	2	1	3	1	4	1	0	5	11	2	9	3	0	2	1	8	3	2	3	2	3	15	2	1	0	6	2	6	1	2	3	2	5	0	1	0	1	10	4	70	5	7	6	1	1	5	0	6	2	1	0	2	0	1	1	2	3	1	0	0	3	3	3	1	2	190	0	5	3	1	0	5	1
A[Ins(T):R7]G	3	4	5	3	3	5	6	1	7	4	2	2	1	1	0	7	3	5	8	3	4	1	0	4	2	1	4	3	5	12	2	1	4	6	2	4	1	2	1	0	3	2	2	2	1	1	3	0	12	2	1	3	10	1	15	2	1	2	3	4	2	5	0	1	3	22	1	0	1	4	4	4	1	7	0	1	5	0	1	1	1	5	2	117	6	5	2	0	0	2	0	5	0	2	1	4	5	0	2	1	0	7	2	0	1	2	5	1	6	269	4	0	2	3	0	11	3
A[Ins(T):R8]A	1	1	2	5	2	2	4	5	14	1	3	3	0	0	2	15	5	4	6	6	4	2	0	6	3	3	3	3	6	11	1	1	4	6	3	2	0	3	1	3	1	1	1	0	1	2	0	1	5	2	4	3	9	1	17	4	5	1	2	3	1	6	0	1	5	7	5	2	3	6	6	2	2	12	1	3	3	1	2	1	3	10	4	113	2	9	3	1	0	1	0	1	1	1	2	5	6	0	3	4	2	7	3	0	3	0	2	3	5	307	4	1	1	4	0	14	1
A[Ins(T):R8]C	2	0	0	2	3	1	7	2	8	1	5	5	1	1	1	10	4	8	5	7	8	1	0	3	1	2	4	4	2	10	0	2	1	6	3	3	1	2	2	1	3	0	1	1	2	3	2	1	5	1	2	5	5	0	8	3	4	1	2	6	1	4	2	0	7	10	1	2	3	5	5	4	0	9	0	0	4	1	2	3	1	12	2	87	0	7	11	1	0	7	0	1	0	0	0	5	3	0	5	3	1	5	3	1	3	0	3	0	1	241	1	2	2	0	0	8	1
A[Ins(T):R8]G	1	0	1	1	5	4	3	8	13	4	5	4	0	0	0	10	4	3	10	4	9	0	0	4	3	2	6	8	3	14	3	0	1	12	2	4	0	2	2	3	2	0	1	0	2	0	0	0	4	1	0	2	8	2	20	4	6	0	4	7	1	1	1	1	0	13	2	2	3	4	6	4	3	5	0	1	2	1	2	2	2	7	1	109	9	7	9	0	2	1	0	5	0	1	0	5	5	1	2	5	3	4	1	0	1	4	3	2	3	303	3	7	1	2	2	15	0
A[Ins(T):R(9,)]A	0	0	0	0	0	0	0	0	0	0	0	0	0	0	0	0	0	0	0	0	0	0	0	0	0	0	0	0	0	0	0	0	0	0	0	0	0	0	0	0	0	0	0	0	0	0	0	0	0	0	0	0	0	0	0	0	0	0	0	0	0	0	0	0	0	0	0	0	0	0	0	0	0	0	0	0	0	0	0	0	0	0	0	0	0	0	0	0	0	0	0	0	0	0	0	0	0	0	0	0	0	0	0	0	0	0	0	0	0	0	0	0	0	0	0	0	0
A[Ins(T):R(9,)]C	0	0	0	0	0	0	0	0	0	0	0	0	0	0	0	0	0	0	0	0	0	0	0	0	0	0	0	0	0	0	0	0	0	0	0	0	0	0	0	0	0	0	0	0	0	0	0	0	0	0	0	0	0	0	0	0	0	0	0	0	0	0	0	0	0	0	0	0	0	0	0	0	0	0	0	0	0	0	0	0	0	0	0	0	0	0	0	0	0	0	0	0	0	0	0	0	0	0	0	0	0	0	0	0	0	0	0	0	0	0	0	0	0	0	0	0	0
A[Ins(T):R(9,)]G	0	0	0	0	0	0	0	0	0	0	0	0	0	0	0	0	0	0	0	0	0	0	0	0	0	0	0	0	0	0	0	0	0	0	0	0	0	0	0	0	0	0	0	0	0	0	0	0	0	0	0	0	0	0	0	0	0	0	0	0	0	0	0	0	0	0	0	0	0	0	0	0	0	0	0	0	0	0	0	0	0	0	0	0	0	0	0	0	0	0	0	0	0	0	0	0	0	0	0	0	0	0	0	0	0	0	0	0	0	0	0	0	0	0	0	0	0
C[Ins(T):R0]A	2	0	4	2	0	0	1	1	1	2	0	3	1	0	4	3	0	1	0	1	1	1	0	0	3	0	1	1	1	3	0	3	2	4	0	1	0	0	0	0	2	3	1	0	0	0	1	1	1	1	1	0	2	1	2	1	0	1	1	0	1	0	1	2	0	0	1	0	0	1	1	2	3	0	0	2	1	1	0	5	2	0	1	0	0	3	1	0	1	2	0	0	1	1	2	1	0	0	1	0	1	2	1	0	0	0	0	0	2	3	3	1	1	1	0	1	0
C[Ins(T):R0]C	1	0	1	1	0	0	2	1	2	0	0	0	2	1	1	0	1	0	1	0	0	2	0	1	0	0	0	2	0	2	0	0	0	0	0	1	0	1	2	0	1	0	0	0	3	1	1	1	3	1	1	1	0	0	0	0	1	0	1	1	0	0	1	1	0	0	0	1	0	0	1	4	0	0	1	0	0	2	2	1	3	0	1	2	0	0	1	0	1	2	0	0	1	1	0	0	1	0	1	0	0	2	1	0	0	0	0	0	2	4	2	2	2	2	0	1	0
C[Ins(T):R0]G	0	0	0	0	0	0	0	0	0	0	1	0	0	0	0	0	1	1	0	1	0	0	0	0	0	0	0	0	1	1	0	0	0	1	0	1	0	1	1	0	0	0	1	0	0	0	0	1	0	0	0	0	1	0	0	1	0	1	0	0	0	0	0	0	0	1	0	0	0	0	1	0	0	0	0	0	0	0	0	0	0	0	0	1	0	1	0	1	0	0	0	0	0	0	0	1	0	1	0	0	1	0	0	0	0	1	0	1	0	4	1	0	0	1	0	1	0
C[Ins(T):R1]A	2	3	4	3	1	1	7	2	2	0	1	3	3	3	3	5	3	2	3	5	1	1	1	6	5	6	1	2	4	2	1	3	3	6	1	4	2	6	4	1	3	1	4	5	5	2	2	1	1	4	0	4	4	4	4	6	3	3	5	7	2	1	1	2	1	1	5	3	0	2	5	3	2	0	2	1	4	2	1	3	4	2	6	2	4	2	6	2	1	2	0	4	5	2	4	5	3	2	7	4	2	2	2	0	3	2	2	1	4	7	4	3	2	3	2	4	1
C[Ins(T):R1]C	1	1	1	1	0	1	4	5	0	0	0	3	0	1	6	2	3	1	0	2	1	1	2	1	0	2	3	2	4	5	0	0	2	1	1	2	0	1	0	4	3	0	5	0	0	0	0	0	0	1	0	0	3	3	0	1	0	3	1	4	0	1	1	3	0	0	0	1	2	0	1	1	2	3	0	1	2	1	0	0	2	0	0	0	0	2	1	2	0	1	0	0	1	2	1	1	2	0	2	0	0	1	3	1	3	0	0	1	0	3	0	2	0	2	1	1	0
C[Ins(T):R1]G	3	2	3	1	1	1	9	10	2	4	0	4	1	2	6	4	2	4	3	3	2	2	1	3	4	3	1	5	2	0	1	0	2	6	2	6	1	2	2	2	5	1	1	2	0	4	4	0	0	1	1	1	5	2	2	0	1	1	2	9	1	1	1	2	2	2	4	3	0	3	0	2	1	1	2	1	3	2	3	5	2	0	1	4	4	1	3	2	0	3	1	1	4	4	3	5	2	1	1	1	1	3	2	2	3	3	1	2	5	9	2	1	2	4	2	2	1
C[Ins(T):R2]A	0	2	2	3	2	0	9	4	1	3	0	4	2	2	6	2	2	0	2	1	1	6	1	3	2	0	0	4	2	3	0	2	2	2	0	5	0	3	0	1	2	1	2	1	4	0	1	1	0	0	1	2	1	0	1	4	0	1	0	8	1	2	1	4	0	1	0	2	0	1	2	3	2	1	0	2	0	2	2	2	1	1	3	8	1	1	4	0	1	2	0	5	0	2	0	4	0	1	4	1	0	0	1	3	0	2	1	1	0	22	2	3	2	2	1	0	0
C[Ins(T):R2]C	2	0	2	1	0	1	4	3	3	0	2	1	0	2	5	1	2	1	2	2	1	2	0	2	4	0	0	2	1	8	0	0	0	2	5	6	0	3	1	4	2	0	0	0	5	0	4	2	1	1	2	1	3	0	1	2	3	0	2	4	1	0	2	3	1	1	0	2	0	2	4	1	0	1	1	0	4	1	1	4	3	1	3	11	0	0	0	0	1	2	0	2	1	1	2	1	0	0	1	2	0	1	3	1	1	1	3	2	2	24	2	1	3	1	1	3	0
C[Ins(T):R2]G	2	1	3	3	0	1	6	4	2	1	0	2	2	2	1	2	1	0	1	4	1	5	0	2	0	2	2	2	3	0	0	0	1	6	0	0	0	1	1	0	2	0	1	1	5	0	0	1	0	0	0	1	2	1	2	2	0	0	2	6	1	1	0	3	0	1	0	1	0	0	2	1	1	2	1	2	2	0	0	3	2	0	3	15	4	0	1	0	0	3	1	0	0	3	1	4	0	0	4	0	0	3	1	0	0	1	0	1	4	36	1	2	4	2	0	0	1
C[Ins(T):R3]A	1	2	4	1	0	6	4	3	1	3	3	4	1	1	1	4	1	1	0	2	1	4	2	2	5	1	2	0	2	1	0	4	2	3	2	5	0	2	2	1	2	2	4	1	2	0	0	1	0	0	1	1	3	4	3	3	2	1	4	3	0	0	2	5	0	0	1	0	0	2	0	1	0	3	0	5	2	1	0	6	0	1	3	6	2	3	0	0	2	1	0	1	1	2	1	4	1	2	3	2	0	3	1	1	0	1	0	0	1	11	1	1	2	2	1	1	1
C[Ins(T):R3]C	0	1	1	1	2	0	1	2	1	0	1	1	0	2	3	2	2	3	0	2	2	1	0	0	2	0	1	2	2	1	2	0	2	2	1	3	0	1	0	1	2	2	1	2	1	1	0	0	0	1	0	0	1	0	0	1	1	0	6	1	2	4	0	2	1	0	1	0	0	2	2	2	1	0	2	1	3	0	0	2	0	1	1	3	0	0	0	0	0	2	0	2	3	0	5	0	2	2	0	0	3	1	3	3	2	0	2	0	3	13	2	1	0	1	0	3	0
C[Ins(T):R3]G	1	0	4	2	2	3	11	4	1	0	0	4	1	3	2	2	1	2	1	2	0	1	0	2	2	1	0	0	2	2	0	0	0	2	0	2	0	1	2	0	0	0	2	1	3	0	0	3	0	1	1	1	3	4	1	3	0	0	1	10	1	1	0	0	1	1	0	2	0	0	2	1	0	0	0	2	2	0	0	2	1	0	3	4	2	0	1	0	0	2	0	2	1	1	1	3	1	0	0	0	0	1	1	0	1	1	1	1	4	24	2	0	1	4	1	1	0
C[Ins(T):R4]A	0	0	0	1	1	0	2	1	0	0	0	0	0	1	0	0	1	1	1	3	2	2	0	1	2	0	2	1	2	1	0	0	0	2	1	2	0	3	0	0	1	1	1	1	2	0	0	2	0	0	1	1	3	1	2	0	0	0	0	2	0	1	1	3	0	1	0	1	0	0	2	3	1	0	0	0	2	0	2	0	0	3	0	6	1	0	0	0	1	0	0	0	3	1	2	2	0	0	1	1	0	0	0	2	0	1	2	1	2	23	3	0	0	0	0	1	0
C[Ins(T):R4]C	1	1	1	1	1	1	0	3	2	1	0	2	0	0	3	2	0	2	0	1	0	0	0	2	1	0	0	0	0	3	0	0	1	1	0	0	1	0	1	0	2	0	1	0	3	0	0	0	0	0	0	0	2	0	3	1	0	0	1	0	0	0	0	0	1	2	0	1	1	1	0	0	0	2	0	1	1	0	0	2	0	0	1	6	1	0	1	0	0	0	0	0	0	0	0	0	0	0	0	0	0	1	1	1	0	1	0	0	1	15	1	2	1	1	0	3	0
C[Ins(T):R4]G	0	1	1	0	1	2	3	5	1	0	1	3	0	3	0	2	1	2	2	0	2	1	0	2	1	0	1	1	1	1	0	0	0	3	0	1	0	1	0	1	1	0	0	0	1	0	1	0	0	2	0	0	1	0	0	0	0	1	0	3	1	0	0	2	1	2	0	0	1	0	1	0	1	1	0	1	2	0	1	1	1	0	1	6	0	0	0	0	0	0	0	1	2	0	1	3	1	0	0	0	0	0	0	2	1	0	1	0	1	23	1	0	0	1	0	3	0
C[Ins(T):R5]A	0	0	1	0	0	0	1	0	1	0	0	4	0	0	0	2	0	2	2	1	4	1	0	3	1	0	1	1	2	1	0	1	0	3	1	1	0	0	0	0	1	1	0	0	3	0	1	0	0	0	0	0	0	1	1	1	0	1	3	1	0	0	0	1	0	2	0	0	1	1	1	1	0	2	1	0	0	1	1	1	2	1	1	12	0	2	1	2	0	1	0	1	0	1	2	0	1	0	0	0	0	0	0	0	2	0	0	1	5	22	0	0	0	1	0	0	1
C[Ins(T):R5]C	0	0	1	1	1	1	3	2	1	0	1	0	0	0	2	1	0	2	2	3	1	1	0	3	0	1	1	2	2	1	0	1	3	2	0	1	0	1	0	1	0	0	1	1	1	1	0	1	2	2	1	1	4	2	4	0	0	1	1	3	0	0	0	1	2	1	1	0	1	1	1	0	0	1	0	0	1	0	0	1	0	2	0	14	1	1	2	0	0	0	0	0	1	1	0	3	2	0	1	1	0	1	0	0	0	0	0	0	1	38	0	1	0	1	0	3	0
C[Ins(T):R5]G	1	2	1	1	0	0	2	3	0	0	0	2	0	0	0	1	1	0	1	0	2	0	0	0	1	1	1	1	0	1	0	2	1	0	0	1	0	2	1	0	0	1	0	0	2	1	1	1	0	0	1	0	1	0	1	0	2	0	0	1	0	1	1	2	3	3	0	1	1	0	0	0	1	2	0	0	0	1	0	0	0	0	0	9	0	1	0	0	0	4	0	1	0	0	1	1	0	0	1	0	0	2	0	1	2	1	4	0	1	40	0	2	0	0	0	1	0
C[Ins(T):R6]A	0	1	0	2	5	0	2	0	3	0	2	6	0	0	0	2	1	6	3	1	3	0	1	3	0	2	1	0	1	1	0	0	1	6	0	1	0	0	0	1	1	0	1	1	1	0	0	0	0	0	0	2	7	1	4	3	1	1	2	4	1	2	0	1	1	4	0	0	1	1	2	2	0	2	2	0	0	1	0	0	0	3	1	24	0	2	0	0	1	3	0	0	0	1	0	2	0	1	1	2	0	2	0	1	0	0	0	1	0	54	0	0	0	0	0	1	0
C[Ins(T):R6]C	0	1	4	3	3	2	6	2	10	0	2	2	0	0	0	10	0	6	5	4	2	2	0	1	0	2	2	1	1	3	0	0	1	9	1	1	0	4	0	0	3	1	0	1	0	0	1	0	11	2	1	3	6	0	3	2	4	0	0	6	2	3	5	1	1	5	2	0	1	1	2	0	0	8	1	0	2	0	0	1	0	5	1	35	1	7	5	0	1	2	0	0	2	1	1	4	1	0	2	3	1	1	1	0	3	1	1	3	1	100	1	1	2	0	1	4	1
C[Ins(T):R6]G	0	2	0	1	0	1	3	5	7	0	1	5	0	0	0	11	1	7	5	3	2	1	0	3	0	1	1	0	1	7	0	1	1	7	4	3	0	1	0	0	1	1	1	0	0	1	2	0	2	1	1	0	7	1	1	1	1	0	2	2	0	3	0	0	3	8	1	1	1	2	1	0	2	7	1	1	0	0	2	1	1	7	2	58	2	4	0	1	0	1	1	4	1	0	1	1	0	1	2	3	0	0	1	0	2	1	1	0	5	99	1	1	0	2	0	3	0
C[Ins(T):R7]A	0	0	0	2	1	3	1	4	5	0	0	0	2	0	0	4	2	2	3	1	2	0	0	1	0	0	3	1	0	4	0	0	1	6	0	0	1	2	0	1	1	0	1	1	1	0	1	0	1	2	0	1	2	0	1	0	0	1	1	1	0	0	0	0	0	6	0	1	0	0	1	3	2	4	1	2	2	0	1	0	1	2	4	28	1	4	1	1	2	1	0	0	0	1	2	8	2	0	1	1	2	0	0	1	1	3	1	0	0	110	2	0	0	1	0	7	0
C[Ins(T):R7]C	0	0	2	2	2	1	2	0	3	0	2	2	0	0	0	6	6	3	6	0	4	0	1	1	1	2	1	0	0	3	0	1	0	5	1	3	1	2	1	2	1	1	4	0	2	0	2	1	2	1	0	1	11	0	6	2	1	0	0	1	0	3	1	1	1	6	0	0	2	1	4	1	0	2	0	0	0	0	0	0	0	0	3	37	2	2	2	1	2	2	0	2	0	3	1	3	2	0	6	0	1	3	0	0	3	2	2	3	1	105	3	0	0	1	0	8	1
C[Ins(T):R7]G	0	1	1	0	0	0	3	4	8	0	3	4	0	2	2	5	0	3	5	3	8	2	0	6	0	1	0	0	1	8	0	1	1	3	0	4	0	1	0	2	2	1	0	1	1	0	1	0	1	0	1	1	1	1	5	2	1	1	0	3	1	0	0	1	3	6	1	1	2	1	2	5	1	4	0	0	1	1	0	0	1	3	1	65	2	3	1	2	0	3	0	2	0	1	2	1	0	0	3	3	1	6	1	0	2	1	1	2	1	162	0	2	0	1	0	3	0
C[Ins(T):R8]A	1	0	1	1	5	2	2	1	1	0	9	2	0	0	0	10	0	3	11	2	4	2	0	2	2	1	2	0	2	10	1	0	2	3	1	1	0	3	0	0	0	1	1	1	1	0	0	0	2	1	0	3	8	1	4	2	3	3	2	1	2	1	1	1	2	6	1	1	0	0	2	0	2	8	0	0	0	1	0	0	2	7	1	58	1	8	9	0	0	1	0	2	0	1	1	3	2	0	0	0	2	5	0	0	3	0	3	0	0	154	2	0	0	2	0	10	1
C[Ins(T):R8]C	0	0	3	1	2	2	6	2	4	1	1	2	1	0	1	6	4	4	3	7	4	2	0	3	1	3	1	4	3	3	0	1	2	4	2	1	0	3	1	0	0	1	0	1	1	0	0	0	3	2	0	1	6	1	14	2	0	0	0	5	2	2	3	0	0	10	0	0	1	2	0	3	1	3	1	0	2	0	0	2	1	8	1	59	1	7	4	1	0	1	0	1	1	1	2	4	3	0	1	2	0	2	0	1	3	1	1	1	1	166	1	0	1	3	0	9	0
C[Ins(T):R8]G	2	1	1	3	2	1	5	5	9	3	2	2	1	1	1	9	0	3	7	3	8	1	0	2	1	0	1	2	3	9	0	1	1	2	2	2	0	3	0	0	4	1	1	0	1	0	0	0	3	2	0	3	8	0	10	3	4	1	1	7	2	1	2	1	3	14	0	0	3	2	3	1	0	4	2	0	3	0	0	0	3	11	0	81	0	9	2	0	0	0	0	1	1	0	4	3	2	0	3	5	3	5	2	3	1	2	4	1	2	241	1	0	0	3	0	5	0
C[Ins(T):R(9,)]A	0	0	0	0	0	0	0	0	0	0	0	0	0	0	0	0	0	0	0	0	0	0	0	0	0	0	0	0	0	0	0	0	0	0	0	0	0	0	0	0	0	0	0	0	0	0	0	0	0	0	0	0	0	0	0	0	0	0	0	0	0	0	0	0	0	0	0	0	0	0	0	0	0	0	0	0	0	0	0	0	0	0	0	0	0	0	0	0	0	0	0	0	0	0	0	0	0	0	0	0	0	0	0	0	0	0	0	0	0	0	0	0	0	0	0	0	0
C[Ins(T):R(9,)]C	0	0	0	0	0	0	0	0	0	0	0	0	0	0	0	0	0	0	0	0	0	0	0	0	0	0	0	0	0	0	0	0	0	0	0	0	0	0	0	0	0	0	0	0	0	0	0	0	0	0	0	0	0	0	0	0	0	0	0	0	0	0	0	0	0	0	0	0	0	0	0	0	0	0	0	0	0	0	0	0	0	0	0	0	0	0	0	0	0	0	0	0	0	0	0	0	0	0	0	0	0	0	0	0	0	0	0	0	0	0	0	0	0	0	0	0	0
C[Ins(T):R(9,)]G	0	0	0	0	0	0	0	0	0	0	0	0	0	0	0	0	0	0	0	0	0	0	0	0	0	0	0	0	0	0	0	0	0	0	0	0	0	0	0	0	0	0	0	0	0	0	0	0	0	0	0	0	0	0	0	0	0	0	0	0	0	0	0	0	0	0	0	0	0	0	0	0	0	0	0	0	0	0	0	0	0	0	0	0	0	0	0	0	0	0	0	0	0	0	0	0	0	0	0	0	0	0	0	0	0	0	0	0	0	0	0	0	0	0	0	0	0
G[Ins(T):R0]A	0	0	1	1	0	3	2	1	1	2	0	0	2	2	30	3	0	0	1	2	1	0	0	3	3	1	1	3	4	19	1	2	0	3	1	1	1	1	0	0	6	2	3	0	2	0	0	1	1	0	0	1	2	0	1	0	0	0	1	2	1	1	1	0	2	0	1	1	0	0	0	1	2	2	0	0	0	0	2	0	0	2	0	1	0	0	0	0	1	1	0	0	0	1	0	0	0	0	1	0	0	0	0	0	2	1	0	1	3	2	1	0	0	0	0	1	0
G[Ins(T):R0]C	0	1	0	2	0	1	2	2	0	0	0	0	0	2	0	0	0	2	1	0	1	0	0	2	1	0	0	1	1	1	0	1	0	1	1	0	0	0	0	2	0	0	0	0	1	1	0	0	0	1	0	0	1	0	2	0	0	0	0	2	0	0	0	1	0	0	0	1	0	0	1	0	0	2	1	1	0	0	1	0	0	1	1	0	0	0	2	0	0	1	0	0	0	0	1	0	0	0	0	0	0	0	0	0	0	1	0	0	0	3	0	0	0	0	0	0	0
G[Ins(T):R0]G	2	1	2	1	1	1	1	2	0	0	2	0	0	0	3	0	2	1	1	1	1	3	1	3	0	0	1	0	2	2	0	0	1	1	0	2	2	1	0	1	0	0	0	0	1	0	0	1	0	0	0	1	0	0	1	1	0	2	0	1	0	0	0	1	0	0	0	1	1	0	2	1	3	1	0	0	0	1	0	0	0	2	0	2	0	2	1	0	0	2	0	0	1	0	2	0	1	0	0	0	1	1	1	2	0	0	1	0	2	8	2	0	1	0	1	1	2
G[Ins(T):R1]A	2	4	6	2	2	2	5	14	5	1	3	4	4	3	6	6	3	2	4	3	3	4	0	7	2	1	1	3	7	4	0	4	2	4	2	6	2	2	4	1	5	6	4	3	4	4	2	0	0	1	2	2	3	3	1	3	1	2	3	5	2	2	0	2	0	0	0	3	2	3	4	5	4	4	0	2	3	2	3	4	2	3	5	1	0	2	6	0	1	3	0	3	4	1	5	3	5	0	4	1	5	1	3	2	2	4	3	2	2	4	4	3	4	1	5	1	1
G[Ins(T):R1]C	1	1	0	0	0	1	0	2	0	3	1	0	0	0	2	0	0	0	1	0	0	0	0	1	0	2	0	0	1	0	0	0	2	1	0	2	0	2	1	0	0	1	0	0	1	0	1	0	0	0	0	0	0	0	1	1	0	1	1	0	0	0	0	1	0	0	0	0	0	1	1	3	0	0	0	0	1	0	0	1	1	0	0	0	0	2	0	0	0	1	0	1	1	1	0	1	0	0	0	0	0	0	0	1	1	0	1	0	1	0	1	1	0	1	0	1	0
G[Ins(T):R1]G	2	0	3	1	0	0	2	5	3	0	4	1	1	1	6	5	3	1	2	2	0	2	0	4	1	0	1	3	4	0	0	1	0	4	3	2	0	1	0	5	1	1	2	0	1	0	2	0	0	1	1	0	0	0	2	1	0	3	4	2	2	0	2	2	0	0	0	1	2	1	1	3	2	2	0	2	7	0	1	5	3	1	3	5	1	2	1	1	0	1	0	0	2	5	1	2	1	0	2	1	1	2	2	0	3	2	1	1	2	17	1	0	0	1	1	1	0
G[Ins(T):R2]A	1	0	0	1	0	0	3	6	4	1	0	2	3	2	2	2	1	0	1	6	1	1	1	4	1	1	0	0	0	1	0	1	3	7	1	1	1	3	1	0	1	1	3	1	1	1	2	1	0	1	0	1	0	3	2	2	1	2	2	3	1	1	1	2	0	0	0	0	0	1	1	0	3	0	2	1	2	0	0	4	2	0	3	1	3	0	0	1	0	0	0	0	0	0	1	2	0	0	3	0	1	1	0	0	1	1	1	1	1	2	1	2	0	4	1	3	0
G[Ins(T):R2]C	1	0	3	1	0	1	1	1	1	0	1	0	0	0	1	0	1	1	0	0	2	0	0	3	0	0	0	4	1	0	0	1	1	1	0	3	0	2	0	1	0	0	0	1	0	1	0	0	0	0	0	0	0	0	0	0	0	2	0	1	1	0	1	2	0	0	0	0	0	0	0	0	0	1	0	0	2	1	0	2	0	0	1	4	0	0	2	0	0	0	0	0	0	2	2	3	1	0	2	0	0	1	1	0	0	0	0	0	1	8	0	1	1	2	0	1	1
G[Ins(T):R2]G	0	4	0	1	0	2	3	2	0	0	2	3	0	2	4	2	0	0	1	2	1	3	0	4	0	0	0	4	4	1	0	1	1	5	0	4	0	4	0	1	4	1	2	2	4	0	0	0	0	2	1	0	6	4	1	2	0	1	2	3	1	1	0	3	0	0	1	6	0	1	2	2	2	1	1	3	2	0	0	1	1	3	2	9	1	0	2	0	0	3	0	1	0	1	3	4	0	0	0	0	0	0	2	3	2	4	2	1	1	32	1	1	2	3	0	1	1
G[Ins(T):R3]A	1	2	2	1	1	0	2	1	2	0	3	1	1	2	0	2	0	1	0	2	3	1	0	1	1	1	1	2	1	0	0	2	1	2	0	1	0	1	1	1	1	0	1	0	2	0	0	0	0	0	2	2	3	1	1	0	0	0	1	2	1	4	0	1	1	1	0	0	0	2	1	2	0	2	0	1	2	0	0	5	1	1	0	1	2	0	2	0	0	2	0	0	0	0	0	0	0	0	1	1	1	0	1	0	0	3	0	1	2	7	1	2	2	1	0	0	1
G[Ins(T):R3]C	1	0	0	1	0	1	2	4	0	3	0	3	1	1	1	2	0	0	0	2	1	1	0	0	2	3	1	0	0	0	0	0	0	2	1	1	0	1	0	1	1	0	1	0	2	0	1	0	0	0	0	0	3	2	0	0	0	0	0	2	0	0	0	1	0	0	0	0	0	0	1	1	0	0	0	1	0	0	0	0	0	2	1	1	0	2	1	0	0	1	0	2	1	1	0	0	0	0	0	0	0	1	1	1	0	0	0	0	0	6	0	0	1	2	0	0	1
G[Ins(T):R3]G	3	2	1	2	1	0	2	4	0	2	1	3	0	3	1	1	1	0	0	1	3	1	0	1	1	0	0	2	3	0	0	0	1	4	0	0	1	4	0	0	3	0	1	1	1	1	0	1	0	0	0	0	1	0	0	2	1	2	0	2	1	1	1	5	1	1	1	1	0	0	1	2	3	1	3	0	0	1	1	1	0	1	1	9	0	0	1	0	1	2	0	1	0	0	2	0	0	0	1	0	0	0	0	0	0	2	1	2	2	11	1	0	0	1	0	4	1
G[Ins(T):R4]A	1	0	1	0	0	0	2	1	0	0	3	1	1	0	0	0	0	0	1	2	1	1	0	2	0	0	2	0	0	0	0	0	0	0	0	1	0	4	0	0	1	0	2	0	1	0	0	0	0	0	1	1	0	0	1	1	0	0	1	2	0	0	1	1	0	1	1	0	0	0	0	1	0	1	0	2	2	0	0	0	1	1	1	3	1	0	1	0	0	2	0	0	1	2	1	1	0	0	0	0	0	2	0	1	0	0	1	2	1	10	1	1	0	1	0	0	0
G[Ins(T):R4]C	0	0	1	1	0	0	1	1	0	0	0	0	0	1	1	1	0	0	0	0	1	0	0	1	2	0	0	1	0	1	0	0	1	2	0	1	0	1	0	0	1	0	0	0	0	0	1	0	0	0	1	0	1	1	0	0	0	1	0	1	0	0	1	1	0	0	0	0	0	0	0	0	0	0	2	1	0	0	0	1	0	2	0	2	1	0	0	0	0	0	0	0	2	1	2	0	0	1	0	0	1	2	2	1	0	0	1	0	0	8	2	1	0	1	0	0	0
G[Ins(T):R4]G	0	1	4	0	1	1	1	4	1	2	0	1	0	0	1	1	2	0	1	2	0	0	0	1	2	0	0	0	3	0	0	0	0	1	0	0	0	1	2	1	0	0	1	0	2	0	0	0	1	0	0	0	1	1	1	0	1	0	2	2	1	0	3	2	0	0	0	0	1	0	1	0	0	0	0	0	0	0	0	2	0	2	1	6	1	0	1	0	0	0	0	0	0	0	0	1	3	0	0	0	0	0	3	0	1	0	0	0	1	22	2	0	0	2	0	0	0
G[Ins(T):R5]A	0	0	0	2	0	0	3	0	1	0	0	0	0	0	0	0	2	1	1	1	1	0	0	0	0	0	0	1	0	0	1	0	0	0	1	0	0	0	0	2	0	0	0	0	1	2	0	0	0	0	0	1	2	0	1	0	0	0	1	4	0	0	0	0	0	0	0	1	0	0	1	1	0	0	0	1	1	0	1	2	0	2	0	6	0	0	3	0	0	1	0	0	1	2	0	0	0	0	0	0	0	0	0	0	0	0	0	0	0	23	0	0	0	0	0	2	1
G[Ins(T):R5]C	1	1	1	0	1	0	2	1	1	1	0	2	0	0	1	0	0	1	1	0	2	0	0	0	1	0	1	0	1	1	0	0	0	0	0	0	0	0	0	0	2	0	2	0	0	0	0	0	0	1	1	1	1	0	2	0	1	0	1	2	0	0	0	0	1	0	0	1	0	0	1	0	0	2	0	0	0	0	0	0	0	1	1	8	3	1	0	0	0	1	0	1	0	0	0	0	0	0	0	0	0	0	1	0	2	0	0	0	0	20	0	0	0	0	0	0	0
G[Ins(T):R5]G	0	0	1	1	0	1	0	0	0	0	1	0	0	0	0	0	0	0	1	1	3	0	0	0	1	0	2	2	1	3	0	1	1	0	1	1	0	1	0	0	1	0	0	0	0	1	0	1	1	0	1	0	1	1	1	1	0	0	0	0	0	0	2	0	0	1	0	1	0	2	2	0	0	2	0	1	0	0	0	1	1	0	1	19	2	0	2	0	0	1	0	0	0	0	0	1	1	0	0	1	0	1	0	0	0	0	2	1	0	37	1	2	0	0	0	4	0
G[Ins(T):R6]A	1	0	1	2	1	0	1	0	3	0	3	1	1	0	0	3	2	3	0	1	3	0	0	3	0	0	0	0	1	3	1	0	0	2	1	1	0	1	0	0	0	0	0	0	0	0	1	0	1	0	1	1	0	0	1	0	0	0	0	1	1	0	0	0	1	2	0	1	0	0	2	0	0	2	0	0	0	0	0	0	0	1	0	27	0	2	1	0	0	2	0	1	0	0	1	2	1	0	0	0	1	3	0	0	2	0	0	0	1	70	0	0	0	0	1	4	1
G[Ins(T):R6]C	1	0	1	2	0	4	2	4	2	0	1	1	0	1	1	6	1	4	3	0	1	1	0	1	1	2	2	2	0	5	1	1	0	4	0	2	0	2	2	0	2	2	4	2	2	1	2	0	0	0	2	0	6	1	2	1	2	0	2	4	1	1	0	2	3	7	1	2	1	2	2	3	3	2	2	0	1	0	2	0	4	7	2	52	2	6	3	0	0	0	0	1	0	0	1	0	1	0	0	0	2	0	0	2	2	2	1	1	3	98	0	0	0	0	0	7	0
G[Ins(T):R6]G	0	1	0	3	3	4	4	1	2	1	1	3	0	0	0	7	0	5	7	6	5	1	0	1	1	1	4	2	2	5	2	0	0	6	2	1	1	1	3	2	0	0	1	2	0	1	2	0	2	1	3	3	7	1	5	2	3	1	1	1	1	1	1	1	3	8	0	0	1	4	1	2	1	6	0	0	2	0	1	0	0	3	0	82	5	5	4	1	0	2	0	1	1	1	0	5	2	0	0	1	2	3	1	0	2	1	2	1	0	186	2	1	1	1	0	7	1
G[Ins(T):R7]A	0	0	0	0	3	1	3	0	2	0	3	1	0	0	0	5	3	5	4	2	2	1	1	3	1	0	2	0	3	4	0	0	0	3	0	0	0	0	0	2	0	1	2	0	2	0	0	1	3	1	0	1	2	1	11	1	2	2	2	0	0	1	1	1	0	5	0	0	1	1	1	2	0	2	0	0	3	1	1	0	0	2	2	35	1	1	3	1	0	0	0	1	0	0	0	0	2	0	3	2	2	2	0	0	1	0	0	0	3	110	1	0	2	0	0	4	0
G[Ins(T):R7]C	1	0	1	0	7	1	4	0	3	0	2	2	0	0	1	6	1	2	2	3	5	1	0	1	0	4	1	1	1	4	0	0	1	5	1	1	2	3	2	0	0	0	2	0	1	1	1	1	0	3	0	0	3	1	5	2	2	0	0	4	1	2	1	0	1	9	1	3	1	0	1	3	0	8	0	1	2	0	0	0	1	6	2	46	0	4	1	0	0	3	0	1	1	1	0	1	1	1	2	3	3	3	0	1	0	0	0	0	4	115	1	0	0	1	0	7	0
G[Ins(T):R7]G	0	0	0	2	4	2	3	3	8	1	1	1	2	0	1	3	6	4	4	5	11	0	0	3	1	2	3	2	2	6	0	0	2	4	4	2	2	2	0	0	2	2	3	1	2	1	0	0	1	2	0	3	5	0	4	0	1	5	0	1	0	0	2	0	3	7	1	4	1	3	2	2	0	4	1	0	0	0	0	2	0	4	1	111	1	4	1	1	2	4	0	0	1	3	1	4	3	0	1	2	0	1	0	1	3	0	1	1	2	222	1	1	1	0	0	5	0
G[Ins(T):R8]A	0	0	1	2	2	1	6	4	2	0	3	0	0	0	2	4	2	1	2	3	4	0	0	1	0	0	1	1	5	9	0	0	1	2	2	1	0	3	0	1	0	0	0	0	0	1	0	1	4	3	1	2	6	1	4	1	0	0	2	7	1	0	2	1	2	8	1	1	3	1	1	2	1	3	0	1	2	0	0	1	2	4	2	68	2	6	3	1	0	4	0	0	0	1	0	5	2	0	2	2	2	5	0	0	1	0	1	1	0	169	4	0	0	2	0	8	0
G[Ins(T):R8]C	1	3	1	1	1	2	2	4	2	1	4	1	1	0	1	2	4	5	7	3	1	0	0	1	0	1	2	1	4	3	0	0	1	1	2	4	0	0	1	0	0	1	3	0	0	1	1	0	3	0	1	0	1	2	9	1	1	3	1	2	4	1	2	0	2	10	3	1	1	3	5	2	0	4	0	0	0	1	0	0	2	6	2	84	1	0	2	0	0	1	0	0	0	1	2	3	0	0	0	3	0	2	0	3	2	0	2	0	1	160	1	0	1	1	0	4	1
G[Ins(T):R8]G	0	1	0	1	4	0	4	2	6	2	1	1	1	0	1	5	0	4	7	5	8	1	0	2	1	1	3	2	9	8	2	1	1	3	1	0	1	2	2	1	0	0	3	1	0	0	1	3	1	0	0	3	6	0	7	3	0	4	2	4	3	4	1	3	0	5	0	0	2	7	3	2	0	4	0	0	4	2	0	1	2	9	1	116	1	4	5	1	0	6	0	1	0	1	0	5	4	1	4	0	1	7	0	0	1	0	1	1	2	252	3	1	1	2	0	12	0
G[Ins(T):R(9,)]A	0	0	0	0	0	0	0	0	0	0	0	0	0	0	0	0	0	0	0	0	0	0	0	0	0	0	0	0	0	0	0	0	0	0	0	0	0	0	0	0	0	0	0	0	0	0	0	0	0	0	0	0	0	0	0	0	0	0	0	0	0	0	0	0	0	0	0	0	0	0	0	0	0	0	0	0	0	0	0	0	0	0	0	0	0	0	0	0	0	0	0	0	0	0	0	0	0	0	0	0	0	0	0	0	0	0	0	0	0	0	0	0	0	0	0	0	0
G[Ins(T):R(9,)]C	0	0	0	0	0	0	0	0	0	0	0	0	0	0	0	0	0	0	0	0	0	0	0	0	0	0	0	0	0	0	0	0	0	0	0	0	0	0	0	0	0	0	0	0	0	0	0	0	0	0	0	0	0	0	0	0	0	0	0	0	0	0	0	0	0	0	0	0	0	0	0	0	0	0	0	0	0	0	0	0	0	0	0	0	0	0	0	0	0	0	0	0	0	0	0	0	0	0	0	0	0	0	0	0	0	0	0	0	0	0	0	0	0	0	0	0	0
G[Ins(T):R(9,)]G	0	0	0	0	0	0	0	0	0	0	0	0	0	0	0	0	0	0	0	0	0	0	0	0	0	0	0	0	0	0	0	0	0	0	0	0	0	0	0	0	0	0	0	0	0	0	0	0	0	0	0	0	0	0	0	0	0	0	0	0	0	0	0	0	0	0	0	0	0	0	0	0	0	0	0	0	0	0	0	0	0	0	0	0	0	0	0	0	0	0	0	0	0	0	0	0	0	0	0	0	0	0	0	0	0	0	0	0	0	0	0	0	0	0	0	0	0
Del2:U1:R1	12	4	4	8	2	6	9	7	7	5	5	5	4	4	9	12	2	5	2	5	4	5	0	6	5	2	1	8	7	3	2	5	8	9	6	5	1	5	2	9	13	3	5	2	4	2	8	1	4	5	4	0	9	3	7	5	2	2	3	9	5	2	3	5	2	0	4	4	0	3	6	2	7	3	5	2	5	1	4	9	6	3	4	6	1	14	2	2	1	6	0	4	7	3	6	5	4	1	8	1	1	2	2	4	9	5	6	3	12	16	9	5	1	9	8	4	4
Del3:U1:R1	2	0	3	3	1	2	7	3	1	1	1	8	2	2	3	4	0	3	2	6	1	1	0	5	1	0	1	5	2	2	0	1	6	1	3	4	0	0	0	1	5	1	3	3	3	0	1	0	0	5	2	3	3	2	4	2	1	3	5	7	1	2	2	4	0	0	1	3	1	0	1	2	5	3	3	2	8	0	2	2	3	2	7	5	1	3	0	2	1	5	0	5	3	1	4	1	0	2	1	0	0	2	1	4	4	1	0	2	4	11	4	1	1	3	0	2	0
Del4:U1:R1	2	1	4	3	2	2	5	6	4	0	3	2	2	1	5	5	2	3	4	1	1	3	0	4	4	1	0	3	4	3	1	0	1	1	2	6	3	3	2	3	2	2	5	1	0	0	4	0	3	1	1	1	2	1	2	3	1	2	3	5	1	2	2	5	0	1	0	0	0	0	2	3	1	2	1	0	2	0	2	2	1	0	3	6	0	2	5	0	1	3	0	0	2	3	3	1	3	0	4	1	0	0	3	1	0	0	2	0	5	6	2	2	1	1	0	0	0
Del5:U1:R1	0	1	0	2	2	0	3	4	0	0	0	4	1	2	3	1	5	1	4	1	1	5	0	3	2	1	0	1	1	1	1	3	3	4	2	2	0	4	1	2	0	0	3	1	2	0	0	0	2	1	0	2	1	3	7	4	2	3	2	6	1	0	2	0	1	3	1	0	0	4	2	1	1	2	1	0	2	4	1	4	1	2	1	2	1	1	0	0	1	4	1	1	1	3	1	4	2	0	1	1	2	0	0	3	0	2	1	1	5	0	2	0	0	3	0	2	2
Del6:U1:R1	2	2	4	1	0	1	3	3	1	2	1	2	2	0	3	3	3	0	2	3	2	2	0	3	6	2	0	5	0	0	0	2	1	2	2	1	1	2	1	1	4	1	0	0	3	1	1	1	1	3	2	2	2	2	5	1	0	1	0	3	4	2	1	3	0	0	2	2	0	0	3	0	3	4	5	1	1	2	0	4	1	0	1	2	1	1	2	0	0	2	0	1	0	2	3	4	1	1	0	0	1	1	1	3	0	2	0	3	4	2	2	1	2	1	1	5	1
Del7:U1:R1	0	0	2	1	0	2	1	5	0	0	1	3	1	1	4	0	1	0	3	2	3	3	0	3	1	2	2	2	0	1	2	0	2	2	0	2	0	0	0	5	2	0	1	0	3	0	1	0	1	0	1	0	2	1	3	1	2	3	1	2	1	0	0	4	1	0	0	0	0	3	1	1	0	5	2	2	0	4	0	1	0	2	1	0	0	0	2	1	0	2	2	0	0	3	0	2	0	2	1	0	0	2	1	4	0	2	0	1	6	5	2	1	1	3	0	1	0
Del8:U1:R1	1	0	0	2	2	1	2	2	0	1	2	2	0	4	2	2	2	1	0	4	0	2	0	2	0	0	0	1	0	1	0	1	1	3	0	1	0	6	2	1	3	0	2	0	1	0	3	1	0	2	1	0	1	0	1	0	2	1	0	1	0	2	0	1	1	1	1	1	1	2	1	2	2	1	1	3	1	0	0	2	1	1	3	0	0	2	2	0	1	2	1	0	0	5	3	3	0	0	2	1	1	2	0	0	2	2	1	1	3	0	1	0	0	5	1	1	1
Del9:U1:R1	0	1	1	2	0	1	2	0	1	0	0	2	0	0	4	0	0	0	1	1	0	1	0	2	1	0	0	1	1	1	0	0	0	3	1	1	0	0	0	0	1	0	2	0	1	1	0	0	1	2	1	1	3	0	1	3	0	1	1	2	0	0	1	1	0	2	0	0	0	1	0	0	0	3	2	2	1	2	1	1	0	1	1	1	1	0	1	0	2	2	4	1	2	1	1	2	1	0	0	0	1	0	1	1	0	1	1	1	5	1	3	1	0	0	0	0	0
Del(10,):U1:R1	10	5	5	2	3	7	10	22	5	1	5	10	7	4	9	11	5	7	5	11	3	10	1	7	2	4	4	8	5	4	4	9	1	10	9	12	1	8	3	9	12	1	2	1	4	2	3	5	4	5	3	3	7	3	11	11	2	8	7	13	7	5	5	10	2	3	5	4	0	7	11	3	7	5	14	5	5	5	2	14	3	3	2	3	5	5	3	1	2	6	3	1	8	5	6	11	5	4	5	6	1	8	8	3	6	0	4	2	17	9	17	2	3	7	3	3	3
Del2:U(2,):R1	16	13	11	7	6	16	23	26	7	8	13	13	7	11	19	13	4	16	6	12	16	14	1	12	17	5	7	10	18	10	0	16	10	15	12	9	2	13	9	14	25	2	17	7	22	2	9	8	8	12	7	10	15	8	15	7	3	5	10	23	10	4	9	17	5	1	7	12	0	10	11	16	13	15	8	11	24	4	3	21	5	8	13	31	6	30	6	9	8	10	1	6	8	16	8	16	6	3	8	5	1	10	10	9	14	8	9	11	21	108	22	12	10	19	4	8	4
Del3:U(2,):R1	3	7	2	10	2	4	17	12	6	4	5	13	4	5	8	3	5	4	5	7	6	8	2	8	12	0	3	10	8	6	0	5	8	7	11	9	2	6	5	4	9	1	9	1	10	2	7	1	2	5	4	3	5	1	1	7	8	2	7	16	5	3	3	10	1	3	1	3	1	2	7	2	7	6	2	8	11	0	4	9	2	3	7	13	2	1	4	1	3	8	0	3	11	5	8	7	2	2	9	3	6	2	3	4	2	2	7	6	14	21	7	13	3	15	6	5	7
Del4:U(2,):R1	6	2	6	2	0	3	7	11	2	5	5	4	3	3	6	4	7	2	2	5	4	3	1	5	0	4	1	6	5	0	1	3	4	13	5	5	1	6	4	4	10	0	6	2	7	0	3	3	4	4	0	1	4	8	2	5	3	5	6	7	6	4	1	7	1	2	3	2	3	3	9	9	3	5	3	4	5	3	1	9	4	3	3	8	2	2	6	1	1	6	3	0	5	5	4	7	5	0	5	5	1	3	3	1	4	5	4	4	10	13	8	6	2	7	3	2	2
Del5:U(2,):R1	7	10	4	7	1	3	11	6	2	3	3	5	3	5	5	4	4	3	2	2	2	9	1	8	5	1	4	5	2	1	3	1	3	8	7	7	1	6	3	3	16	0	6	0	6	2	3	4	4	3	3	4	12	2	2	8	3	6	3	12	3	6	3	7	2	1	2	7	1	4	9	9	7	5	12	1	3	3	2	6	5	6	7	3	2	4	4	3	5	7	1	3	5	7	8	2	6	2	6	3	3	3	4	5	2	4	1	3	11	4	8	9	4	6	5	9	2
Del6:U(2,):R1	6	4	5	6	1	0	9	5	3	3	4	6	3	2	4	3	3	3	8	3	4	7	0	4	8	4	2	3	3	1	2	5	3	4	7	4	1	7	3	3	3	1	5	1	6	0	3	3	5	3	5	5	3	3	11	4	2	6	1	8	1	1	0	5	2	2	2	3	1	3	3	0	8	3	8	1	3	6	0	7	7	2	5	1	3	1	4	2	1	2	1	3	6	5	9	8	2	0	3	1	1	2	7	4	4	3	2	2	9	5	8	7	4	11	1	2	2
Del7:U(2,):R1	2	6	1	5	1	4	5	9	2	3	7	5	0	2	4	5	2	0	2	7	0	7	0	2	3	0	1	2	2	4	3	5	3	5	4	3	1	4	4	2	8	1	4	0	4	0	1	1	3	6	3	4	4	6	3	10	2	3	1	7	2	4	5	5	2	1	1	2	1	5	4	2	4	1	4	3	5	1	0	6	4	1	3	4	3	2	4	0	1	6	1	0	5	8	4	3	6	2	4	4	1	2	2	2	0	2	2	2	8	7	5	7	5	7	1	1	2
Del8:U(2,):R1	4	2	3	3	1	1	9	4	2	3	4	2	3	1	5	2	1	4	2	3	2	10	1	3	3	5	0	3	6	3	6	2	0	4	7	5	1	6	4	0	3	1	5	1	6	0	1	0	2	5	1	1	5	3	2	2	6	4	6	10	2	1	1	6	2	1	1	3	1	3	5	3	3	3	8	1	4	4	3	5	2	2	1	2	0	3	2	2	2	3	1	1	2	6	4	6	7	2	4	1	0	0	0	1	1	3	3	3	8	6	6	1	3	2	2	0	1
Del9:U(2,):R1	4	3	4	4	3	0	5	8	1	2	2	5	0	1	0	3	6	3	0	3	4	3	2	3	2	3	1	5	0	2	0	1	3	3	0	3	0	2	4	5	6	1	4	1	3	0	2	1	2	2	3	4	5	1	4	3	1	2	2	5	2	0	3	3	1	2	1	0	1	2	4	0	0	3	7	2	0	4	2	5	3	0	2	0	1	1	0	0	1	2	0	1	2	6	4	2	5	2	2	2	0	0	3	3	0	1	1	2	5	6	5	7	3	3	0	1	0
Del(10,):U(2,):R1	21	11	16	17	16	13	31	22	11	15	16	8	17	17	17	21	18	11	9	20	11	19	4	22	18	6	5	11	21	9	6	13	13	22	19	14	4	18	2	14	32	4	21	10	18	2	9	5	6	13	13	20	14	15	18	21	8	12	18	31	10	7	8	14	5	16	9	10	4	11	25	20	14	23	20	11	14	14	5	19	20	10	15	7	9	18	14	2	10	18	5	12	19	23	23	29	13	12	12	8	5	7	21	14	12	14	6	8	39	14	23	14	14	28	4	8	1
Del2:U1:R3	4	3	11	5	2	7	13	15	4	4	6	6	4	8	6	8	10	4	7	6	10	5	0	7	9	1	4	6	5	10	3	4	3	10	5	12	2	3	7	1	7	1	10	4	10	4	7	4	3	4	1	5	13	6	10	7	0	6	7	12	3	5	5	7	1	3	2	4	2	9	10	6	5	8	2	6	6	2	3	8	2	7	9	65	5	7	2	1	2	7	3	1	2	4	3	8	3	1	5	4	1	8	4	2	4	9	4	4	12	74	6	9	5	5	5	3	1
Del2:U1:R4	8	2	4	5	1	2	2	7	7	3	4	1	1	0	4	4	2	2	4	7	3	4	2	5	3	6	0	4	6	4	0	1	4	11	4	8	1	3	7	4	2	2	3	2	3	1	4	3	0	7	1	5	7	2	6	6	2	2	1	2	6	1	2	2	2	0	2	1	0	2	4	2	4	4	0	1	4	0	1	3	2	0	3	42	0	9	2	2	0	10	0	6	2	4	3	5	2	0	1	2	0	1	3	2	3	1	3	4	11	41	6	7	2	4	1	1	1
Del2:U1:R(5,9)	2	5	2	4	1	2	4	7	4	4	3	4	2	3	4	1	4	2	4	4	5	6	0	2	1	2	2	5	3	1	1	2	3	9	1	5	1	1	2	5	2	0	2	3	5	0	5	4	1	1	0	3	9	1	6	4	1	4	7	3	3	2	0	5	0	2	0	3	0	4	0	3	5	4	2	2	2	0	1	4	2	4	4	44	2	5	2	1	1	5	3	1	0	4	3	5	1	1	4	2	0	3	4	4	4	2	1	1	7	137	6	2	3	5	0	1	3
Del2:U2:R2	13	12	12	12	4	11	22	22	12	6	12	23	7	16	13	15	15	14	11	11	16	8	2	7	12	10	6	13	16	19	2	11	17	25	13	19	4	20	9	13	7	6	19	8	17	4	11	7	4	9	7	6	17	11	22	8	11	11	17	21	10	9	5	10	2	6	4	5	4	9	6	12	9	12	2	6	14	3	5	20	5	14	8	69	11	101	15	2	2	13	3	7	11	11	5	13	8	3	11	13	7	8	7	8	10	12	12	10	12	134	19	13	9	17	4	12	3
Del2:U2:R3	4	2	5	4	1	3	7	6	3	1	3	7	0	3	6	7	1	2	3	8	4	6	1	2	2	6	3	5	2	5	2	3	6	10	3	4	1	0	3	1	3	4	4	0	10	1	2	0	4	0	2	2	5	1	4	4	2	3	4	7	6	2	3	6	0	0	0	4	1	1	5	4	3	1	0	3	2	0	2	6	3	2	8	38	3	33	4	0	1	5	0	3	3	4	2	5	6	3	4	5	1	1	4	4	3	2	1	1	7	66	6	2	3	6	2	5	1
Del2:U2:R4	2	1	0	1	2	2	1	2	6	1	1	3	2	0	3	3	1	5	2	3	2	1	0	2	3	0	0	2	1	1	1	1	1	2	0	2	0	3	0	1	1	1	1	1	1	0	3	1	0	3	4	3	1	1	3	0	2	1	1	3	0	1	2	3	0	2	0	3	1	1	1	1	1	2	0	0	2	1	0	0	1	1	3	37	2	16	1	0	1	3	2	2	1	1	2	1	1	2	2	1	0	1	0	1	1	3	2	1	2	97	2	1	0	2	1	1	3
Del2:U2:R(5,9)	2	2	1	1	2	3	10	4	5	2	3	3	4	3	2	5	4	3	6	2	4	0	1	5	3	4	2	2	7	17	6	0	4	4	0	5	2	2	1	5	1	5	3	3	5	1	3	2	1	7	2	2	3	5	4	0	1	2	2	8	1	0	1	0	2	0	3	3	0	1	7	3	2	8	2	1	5	3	3	3	3	3	4	158	3	7	1	4	5	3	0	2	6	2	1	2	2	0	6	2	8	2	4	3	1	1	4	4	4	616	3	4	1	3	0	8	5
Del3:U1:R4	1	2	0	1	1	0	1	3	0	2	1	2	1	0	0	1	0	0	0	2	3	2	0	1	1	1	0	2	1	0	0	0	1	0	2	0	0	0	0	0	3	0	3	0	2	0	1	0	0	3	0	0	2	1	0	0	0	1	2	1	1	1	1	1	0	0	0	0	1	0	1	1	1	2	1	1	1	0	0	3	2	0	2	1	0	0	0	1	0	1	0	2	0	1	1	2	0	0	0	1	1	0	0	0	1	0	0	1	4	2	2	1	0	1	1	1	0
Del3:U1:R(5,9)	2	0	0	2	1	2	1	0	0	0	2	1	0	0	2	0	0	3	0	0	0	0	0	0	2	0	1	0	0	2	0	1	1	0	1	0	0	0	0	3	2	0	1	0	1	0	3	0	0	2	0	3	2	1	1	1	1	1	0	1	1	1	0	4	0	0	1	1	0	0	4	2	4	0	1	1	0	0	0	0	0	0	3	5	1	2	1	0	0	5	0	0	2	2	1	2	1	0	2	0	1	1	0	2	0	1	0	1	1	6	0	1	0	2	0	2	0
Del3:U3:R2	7	8	10	9	6	10	8	8	5	3	9	9	6	7	8	8	13	4	8	7	5	4	2	12	6	6	5	9	20	7	1	11	11	11	7	10	4	11	3	5	13	2	8	8	5	4	9	7	8	7	3	2	9	7	5	13	2	7	6	7	4	4	4	11	3	3	4	4	4	6	8	7	4	6	5	3	9	1	4	15	6	7	11	119	9	9	9	2	2	5	1	7	5	5	8	13	5	3	6	5	3	9	4	5	6	11	18	5	6	134	4	6	3	18	8	7	3
Del3:U3:R3	0	0	1	2	0	3	4	4	3	0	3	0	2	1	0	4	1	0	6	1	5	1	0	0	1	1	1	3	2	0	2	2	0	2	1	3	0	0	0	1	0	0	3	1	3	1	1	0	1	1	0	2	1	2	1	1	0	1	1	4	2	0	1	0	0	2	1	2	1	0	3	1	1	1	0	0	2	1	1	2	2	3	2	52	3	2	6	1	2	3	0	1	2	0	2	0	0	2	0	1	1	0	0	2	5	1	2	1	1	53	2	1	0	4	1	3	1
Del3:U3:R4	0	0	0	0	0	1	3	0	1	1	0	0	0	0	1	0	0	1	0	0	3	1	0	1	0	0	0	0	3	1	0	0	0	0	0	2	0	1	0	2	1	0	0	1	0	0	1	0	4	0	1	0	2	2	0	0	0	0	0	3	1	0	0	0	0	0	0	0	0	0	1	0	0	2	0	0	0	0	1	0	1	2	1	13	0	1	0	1	0	0	0	0	0	0	1	1	0	0	1	1	0	1	1	0	2	0	0	0	2	17	0	0	1	0	1	0	0
Del3:U3:R(5,9)	0	0	0	2	0	0	0	1	0	0	0	0	0	1	0	1	0	0	3	0	1	0	0	1	0	0	1	0	1	1	1	2	1	2	0	1	0	0	0	0	0	0	1	0	1	0	0	0	0	2	0	0	0	0	0	0	0	0	1	1	1	0	0	3	0	1	0	0	0	0	0	1	0	2	0	0	0	0	1	2	0	0	0	14	0	1	0	1	0	1	0	0	0	1	0	2	0	0	1	0	0	0	0	0	0	0	1	0	0	33	2	1	1	2	0	0	0
Del4:U1:R(5,9)	0	0	0	0	1	0	3	1	0	2	0	0	0	0	0	0	1	0	1	0	1	0	1	1	1	0	0	0	0	0	0	1	1	2	0	1	0	0	0	0	0	0	1	0	0	0	0	0	0	3	0	2	2	1	2	0	0	0	0	1	0	0	0	4	0	0	0	0	0	0	1	0	0	0	0	1	1	0	0	1	0	1	1	0	0	0	0	1	0	0	0	2	0	1	0	0	0	0	1	1	0	1	0	0	1	0	1	0	4	2	2	0	0	1	0	2	0
Del4:U2:R3	1	0	1	0	0	1	2	0	0	0	0	0	1	0	0	0	0	1	0	1	1	0	0	0	0	0	0	0	2	1	0	0	1	1	0	0	0	0	0	1	0	0	0	0	0	0	0	0	0	0	0	0	0	0	2	0	0	0	0	2	0	0	1	0	1	0	1	0	0	0	0	1	0	0	0	0	0	0	0	0	0	0	0	2	0	0	0	0	0	0	0	0	0	0	1	0	0	0	0	1	0	1	1	0	0	0	1	1	0	0	0	0	0	0	0	0	0
Del4:U2:R4	1	0	2	0	2	0	0	0	0	0	0	0	0	0	1	0	0	0	0	0	1	1	0	0	0	0	0	1	1	1	1	0	0	2	0	0	0	1	0	0	3	0	0	0	0	0	1	0	0	1	0	0	1	1	1	0	0	0	0	1	0	0	0	1	0	1	0	0	0	0	0	0	1	0	3	0	0	0	0	0	1	0	0	3	1	1	1	0	1	2	0	0	1	1	0	0	0	0	0	0	0	0	2	0	0	0	0	1	0	3	1	3	0	2	0	1	0
Del4:U2:R(5,9)	0	1	1	1	0	0	1	2	1	1	0	2	1	0	0	0	1	1	0	4	0	0	0	2	0	0	0	1	0	2	1	1	0	3	1	1	0	1	1	0	3	2	2	1	0	0	2	1	1	0	1	0	2	0	3	1	0	1	0	1	0	0	0	0	0	1	0	0	1	1	0	2	0	0	0	1	1	1	0	2	1	4	1	14	0	3	0	1	1	1	0	0	0	0	0	2	0	1	1	0	1	0	1	1	1	0	4	0	0	33	0	0	0	1	2	1	0
Del4:U4:R2	9	1	1	8	6	1	12	8	7	4	3	7	5	6	4	3	6	2	1	4	3	2	2	5	0	7	1	3	7	13	4	4	8	7	3	9	0	9	5	5	5	3	6	6	5	4	5	4	5	3	5	1	9	7	4	11	6	3	9	12	9	3	1	8	1	3	4	2	2	5	7	9	5	6	3	4	13	4	6	5	7	1	7	50	7	13	4	0	1	5	0	4	4	3	7	7	4	2	4	6	4	2	2	6	6	8	8	8	8	73	2	4	6	16	3	10	0
Del4:U4:R3	0	2	2	3	0	1	5	5	4	1	1	3	0	1	2	1	1	1	0	1	0	1	0	0	1	2	1	0	1	6	0	0	1	1	1	0	1	2	1	4	3	2	1	1	3	2	0	2	2	2	1	1	2	1	3	5	0	1	1	4	0	0	1	2	1	1	2	1	1	3	3	0	0	0	0	1	0	0	1	0	2	0	2	18	1	4	2	0	1	2	0	0	1	1	2	4	1	0	3	0	3	3	1	0	1	0	2	2	2	26	2	3	1	3	0	1	1
Del4:U4:R4	1	2	1	0	1	0	0	5	1	1	1	3	0	0	1	2	0	1	1	1	0	1	0	0	2	0	0	1	3	0	1	0	0	1	0	2	0	0	1	0	0	1	0	0	0	2	0	2	1	1	1	0	1	1	0	2	0	0	0	0	1	1	3	2	0	1	1	1	0	0	3	0	0	1	0	0	0	0	1	1	0	0	0	4	1	1	1	1	0	2	0	1	1	1	1	0	1	1	0	0	2	0	0	1	2	1	3	1	0	13	0	2	1	0	0	0	0
Del4:U4:R(5,9)	0	0	0	1	0	1	2	2	1	0	0	0	0	0	0	2	0	1	1	1	1	0	0	1	1	0	2	0	1	0	1	2	0	0	2	0	2	0	0	0	1	0	0	0	3	0	0	1	0	1	1	1	0	0	0	0	2	1	1	1	2	0	0	1	0	1	0	0	0	0	1	0	0	0	0	0	0	0	1	1	0	0	2	13	0	0	1	0	0	0	0	0	0	0	1	0	2	1	0	2	2	1	0	0	0	0	0	2	0	36	0	1	0	2	1	1	0
Del5:U1:R(5,9)	0	0	0	0	0	0	0	1	1	0	0	0	0	0	1	0	0	0	0	0	0	0	0	0	0	0	0	0	0	0	0	0	0	0	0	0	0	0	0	1	1	0	0	0	0	0	1	0	0	0	1	0	0	0	0	0	0	0	0	0	0	0	0	0	0	1	0	0	0	0	0	0	0	0	0	0	0	0	0	0	0	0	0	0	0	0	0	0	0	0	0	0	0	1	0	0	0	0	1	0	0	0	1	1	0	0	0	1	0	0	1	0	0	2	0	0	0
Del5:U5:R2	4	1	1	3	0	1	3	0	1	1	1	4	0	1	1	0	1	0	1	2	1	1	0	1	3	1	2	1	5	0	2	0	2	1	0	5	1	0	1	2	3	2	0	1	2	1	6	0	0	2	1	1	3	1	1	3	3	0	1	4	1	0	0	1	0	0	1	2	0	2	4	0	3	1	0	1	2	1	1	0	3	3	2	13	3	5	1	2	0	1	0	0	3	1	0	1	4	0	0	1	1	1	1	1	2	1	1	1	1	14	2	2	1	1	0	2	0
Del5:U5:R3	0	1	0	0	1	0	0	0	0	1	0	2	0	0	0	0	0	0	0	1	0	0	0	1	0	0	0	0	0	1	0	0	0	1	1	1	0	0	0	1	0	0	0	0	0	0	0	0	0	0	0	0	0	0	0	0	0	0	0	0	0	0	0	0	0	0	0	0	0	0	1	0	0	0	0	0	0	0	0	1	0	0	1	1	0	0	0	0	0	0	0	0	0	1	1	0	0	0	0	0	0	0	0	1	0	0	0	0	0	4	0	0	0	1	2	1	0
Del5:U5:R4	0	0	0	0	0	0	1	1	0	0	0	0	0	0	0	0	0	0	0	0	0	0	0	0	0	0	0	0	0	0	0	0	0	2	0	0	1	0	0	0	0	0	0	0	0	0	0	0	0	1	0	0	0	0	0	0	0	0	1	1	1	0	0	0	0	0	0	0	0	1	0	0	0	0	0	0	0	0	0	0	0	0	0	1	1	0	0	0	0	0	0	0	0	0	0	0	0	0	0	0	0	0	0	0	0	0	0	0	0	1	0	0	0	0	0	0	0
Del5:U5:R(5,9)	0	0	0	0	0	0	0	1	0	0	0	0	0	0	0	0	0	0	0	0	0	0	0	0	0	0	0	0	1	0	1	0	0	0	0	0	0	0	0	0	0	0	0	0	0	0	0	0	0	0	0	0	0	0	0	0	0	0	0	0	0	0	0	0	0	0	0	0	0	0	0	1	0	0	0	0	0	0	0	0	0	0	0	0	0	0	0	0	0	0	0	0	0	0	0	0	0	0	0	0	0	0	0	0	0	0	0	0	0	6	0	0	0	0	0	0	0
Del(6,):U1:R(7,9)	0	0	0	0	0	0	1	0	0	0	0	0	0	0	0	0	0	0	0	0	0	0	0	0	0	0	0	0	0	0	0	0	0	0	0	0	0	0	0	0	0	0	0	0	0	0	0	0	0	0	0	0	0	0	0	0	0	0	0	1	0	0	0	0	0	0	0	0	0	0	0	0	0	0	0	0	0	0	0	0	0	0	0	0	0	0	1	0	0	0	0	0	0	0	0	0	0	0	0	0	0	0	0	0	0	0	0	0	0	1	0	0	0	1	0	0	0
Del(6,):U2:R(4,9)	0	0	0	0	1	0	0	0	0	0	2	0	0	0	0	0	0	0	0	3	2	0	1	0	0	0	0	0	0	0	0	0	0	1	0	0	0	0	0	0	0	1	0	0	0	0	0	0	0	0	0	0	0	0	1	0	0	1	2	0	0	0	0	1	0	0	0	0	0	0	0	0	0	0	1	1	0	0	0	1	1	0	0	0	0	0	1	0	0	0	0	0	0	0	1	0	1	3	0	0	0	0	0	0	0	0	1	0	1	4	0	0	0	0	1	1	0
Del(6,):U3:R(3,9)	1	0	0	0	0	0	0	2	0	0	0	0	0	0	1	0	0	0	2	1	0	0	0	0	1	1	0	0	1	0	0	0	2	0	0	0	0	0	0	0	0	0	0	1	0	0	1	0	0	0	0	0	0	0	0	0	0	0	0	0	0	0	0	0	0	0	0	0	1	0	0	0	0	0	0	0	1	0	0	1	0	0	1	0	0	1	0	0	0	0	0	0	0	0	0	0	0	0	0	0	0	0	0	0	0	0	1	0	0	3	0	0	0	1	1	0	0
Del(6,):U(4,):R(2,9)	3	2	1	0	2	2	1	4	0	2	3	1	0	2	0	2	2	2	4	1	2	1	0	3	0	2	2	1	1	7	1	0	0	1	1	4	1	2	1	1	1	0	1	1	2	2	3	2	0	2	4	1	3	2	2	2	0	1	2	1	2	1	2	4	0	3	1	0	2	0	3	2	0	3	1	3	2	1	1	2	2	1	2	1	1	2	4	0	0	1	0	2	3	3	1	1	1	0	0	1	0	1	2	1	1	0	3	1	6	12	3	1	0	2	2	5	0
Ins(2,4):M	8	8	13	9	6	4	6	16	3	8	15	11	9	2	11	15	3	10	7	13	7	8	1	12	4	6	5	6	15	30	5	8	3	15	5	9	3	8	7	9	12	5	8	3	6	5	4	2	5	16	3	5	5	5	4	6	3	6	5	9	6	7	5	8	3	6	5	9	3	5	11	5	4	13	6	3	5	0	5	11	4	8	13	52	4	10	12	2	7	5	1	5	4	6	8	11	7	6	10	2	13	10	10	5	7	12	10	5	10	167	5	8	3	16	7	12	4
Ins(5,):M	15	16	16	20	13	11	29	14	11	9	14	13	17	17	11	8	20	10	12	19	19	19	7	23	16	15	7	21	24	51	23	11	12	18	9	20	13	10	13	11	31	9	10	13	16	7	20	6	18	15	13	10	18	12	29	18	9	28	10	30	18	14	15	21	7	23	8	15	9	21	19	11	16	28	32	12	11	16	8	13	19	11	29	62	11	10	19	5	11	8	18	10	10	26	20	31	21	25	16	12	18	8	22	11	8	13	17	13	30	179	12	13	9	23	4	25	13
Ins2:U1:R0	0	0	0	1	1	3	1	0	0	1	0	0	1	0	17	1	1	1	1	3	0	1	0	2	1	0	1	1	0	12	0	0	1	1	0	1	0	1	1	1	19	0	0	0	1	0	0	1	0	0	0	1	1	0	1	1	1	1	0	0	0	1	0	0	0	1	0	0	0	0	1	1	0	1	0	0	1	1	0	2	0	1	0	4	0	1	1	0	4	0	0	0	1	2	1	3	0	1	0	1	1	0	0	1	0	0	2	2	3	5	1	0	0	0	0	1	2
Ins3:U1:R0	0	0	0	0	0	0	0	0	0	0	0	0	0	0	0	1	0	0	0	0	0	0	0	0	1	0	0	0	1	0	2	0	0	0	0	0	0	0	0	0	4	0	0	0	0	0	0	0	0	0	1	0	0	0	0	0	0	0	0	0	0	1	0	0	0	0	0	0	0	0	0	0	0	0	0	0	0	0	1	0	0	0	1	0	0	0	0	0	0	1	0	1	0	0	0	0	0	0	0	0	0	0	0	0	0	1	0	0	1	0	0	1	0	0	0	0	0
Ins4:U1:R0	0	0	0	0	0	0	0	0	0	0	0	0	0	0	0	0	0	0	0	0	0	0	0	0	0	0	0	0	0	0	0	0	0	0	0	0	0	0	0	0	0	0	0	0	0	0	0	0	0	0	1	0	0	0	0	2	0	0	0	0	0	0	0	0	0	0	0	0	0	0	0	0	0	1	0	0	0	0	0	0	0	0	0	0	0	0	0	0	0	0	0	0	0	0	0	0	0	0	0	0	0	0	0	0	0	0	0	0	0	0	0	0	0	0	0	0	0
Ins2:U2:R0	4	3	3	0	0	4	4	7	4	0	4	2	3	3	12	3	3	3	2	4	3	3	2	7	0	2	1	6	1	9	0	1	1	3	0	0	1	1	0	2	18	2	1	3	2	1	4	1	5	5	0	3	3	3	1	4	1	1	5	2	3	2	2	1	1	2	4	3	2	1	3	5	2	3	0	0	0	1	2	5	2	2	4	0	3	2	4	2	3	2	3	4	0	5	3	7	2	3	1	1	0	1	5	4	1	3	3	0	1	12	2	0	1	4	1	3	2
Ins3:U3:R0	1	0	1	1	0	0	2	2	0	4	0	0	1	0	6	2	1	2	3	2	2	0	0	4	1	0	1	1	1	4	1	0	1	3	0	1	0	3	1	0	5	0	0	0	2	1	0	1	1	0	2	1	4	1	0	1	0	1	2	3	3	0	2	0	1	0	0	0	0	1	2	0	0	3	3	0	1	1	0	3	0	1	3	2	2	0	2	1	0	1	0	0	0	3	1	2	1	0	1	1	3	0	1	0	0	3	1	0	1	11	2	2	0	1	0	2	0
Ins4:U2:R0	0	0	0	0	0	0	0	0	0	0	0	0	0	0	0	0	0	0	0	0	0	0	0	0	0	1	1	0	0	0	1	0	0	0	0	0	0	0	0	0	1	0	0	0	0	0	0	0	0	0	0	0	0	0	0	0	0	0	0	0	0	0	0	0	0	0	0	1	0	0	0	0	0	0	1	0	0	0	0	0	0	0	1	0	0	0	0	0	0	0	0	1	0	0	0	0	0	0	0	0	0	0	0	0	0	0	1	0	0	0	0	0	0	0	0	1	0
Ins4:U4:R0	0	2	1	1	1	0	0	2	0	0	0	0	0	0	2	0	0	2	0	0	0	0	1	1	0	0	2	2	1	4	0	1	1	1	0	1	0	0	0	0	5	0	2	2	0	0	0	1	1	2	1	0	1	1	2	1	1	0	2	0	0	0	0	3	0	1	0	0	2	1	3	1	2	1	1	0	0	0	0	0	2	0	0	2	1	0	1	1	0	3	0	1	0	0	0	0	0	1	1	1	1	2	0	0	2	1	3	1	0	4	1	2	2	2	0	0	1
Ins(5,):R0	7	6	23	26	9	12	16	10	5	3	21	13	3	3	14	2	56	15	13	13	6	44	4	6	1	15	0	4	3	19	28	4	2	13	3	4	3	30	3	5	13	4	1	4	9	2	18	4	23	8	21	23	13	22	76	21	11	30	13	32	8	12	22	10	12	31	23	10	14	21	34	22	14	34	93	6	7	57	0	5	29	4	11	7	8	16	6	3	4	5	41	12	16	48	65	59	55	52	25	5	8	4	14	5	5	4	9	5	57	29	34	15	25	7	4	5	2
Ins2:U1:R1	3	1	3	1	0	3	4	8	1	2	4	4	3	2	15	6	3	1	5	8	8	2	0	5	4	0	1	7	5	8	0	2	0	6	1	8	0	5	5	1	15	1	4	2	9	0	5	1	1	5	2	1	6	1	3	4	0	1	0	3	3	2	3	5	1	3	1	3	0	4	2	7	2	3	2	1	6	0	1	7	1	1	3	3	0	4	4	0	0	3	1	4	4	2	6	9	2	1	6	3	0	2	2	3	3	3	1	0	4	13	3	2	5	5	1	2	1
Ins2:U1:R2	2	2	9	1	0	7	9	20	8	1	2	6	0	5	14	4	2	1	4	7	4	6	2	9	0	1	1	5	5	2	0	4	2	4	2	7	0	7	4	3	3	0	4	2	10	1	2	0	0	0	0	0	6	1	5	4	2	2	4	9	3	4	1	10	2	0	2	4	1	0	0	6	1	1	1	5	10	0	1	6	3	2	4	6	2	0	1	0	0	3	0	2	4	4	6	3	0	0	3	4	0	1	2	3	1	7	2	2	3	10	8	6	6	8	0	1	2
Ins2:U1:R3	4	3	1	0	0	3	8	6	1	0	2	3	1	2	6	3	0	0	5	2	1	1	0	1	1	0	2	8	6	3	1	1	3	3	0	4	0	5	2	4	2	2	3	0	3	0	1	2	0	1	0	0	6	1	1	1	0	1	3	7	4	2	2	2	1	1	2	1	0	1	2	3	1	5	2	2	2	0	0	5	2	1	6	4	1	0	0	1	0	3	0	0	1	5	5	3	1	0	6	0	0	2	2	1	4	1	0	0	3	7	1	2	0	8	1	2	1
Ins2:U1:R4	0	3	1	2	0	0	2	3	3	1	3	2	0	0	5	4	1	0	2	1	1	3	1	2	0	0	0	5	1	1	0	1	0	4	2	3	0	3	0	0	1	0	3	0	4	0	0	1	0	1	1	3	0	2	2	1	0	0	0	2	0	3	1	0	0	0	0	2	1	0	0	3	2	1	0	1	2	0	1	1	3	0	1	1	0	1	0	0	0	2	0	2	1	1	0	4	0	0	0	0	0	1	1	1	0	0	0	0	1	2	0	0	0	0	0	1	0
Ins2:U1:R(5,9)	0	0	3	0	0	3	3	5	0	0	0	0	0	1	2	2	1	0	0	0	4	2	0	4	1	0	0	1	1	2	2	0	1	0	0	7	1	1	0	3	2	0	1	0	2	0	1	2	1	0	1	0	3	0	2	1	2	0	1	3	4	0	2	3	0	0	1	1	0	1	1	1	0	0	0	2	4	0	0	0	0	1	2	11	1	2	3	0	1	1	2	2	3	1	2	2	0	0	1	0	1	0	1	2	0	0	0	0	2	40	2	0	0	3	0	0	0
Ins2:U2:R1	4	7	6	7	3	6	19	13	10	1	10	8	4	5	14	12	7	5	3	9	6	6	0	10	5	3	1	6	11	4	4	5	5	15	8	10	3	11	7	5	5	1	7	3	5	0	2	2	2	5	4	3	11	5	8	0	4	3	7	18	5	8	3	9	1	1	2	6	1	9	4	9	5	6	1	7	10	0	2	17	1	6	6	5	3	3	4	1	2	9	1	11	6	6	6	5	4	0	7	2	0	3	5	9	6	4	3	7	4	18	9	4	8	4	5	5	2
Ins2:U2:R2	1	0	5	0	1	2	8	8	5	2	0	5	5	1	6	6	0	4	1	13	2	1	1	4	3	1	1	1	4	3	1	2	2	3	6	6	0	3	2	2	2	1	7	3	8	0	2	1	1	0	0	0	9	5	3	7	0	1	4	9	4	4	0	3	1	3	2	1	0	1	2	4	5	1	2	1	6	3	0	7	2	2	5	7	1	0	2	0	1	5	0	2	1	1	2	5	1	1	4	1	0	4	2	3	2	5	3	0	3	33	2	2	4	3	2	1	3
Ins2:U2:R3	1	0	3	0	0	1	1	4	0	0	2	1	0	1	3	1	3	0	1	1	1	0	0	0	1	0	0	0	0	4	1	2	1	2	0	0	0	1	1	1	2	3	3	0	1	0	0	2	1	1	2	1	0	1	1	2	0	2	1	0	1	1	0	0	0	0	2	2	0	0	0	1	1	1	2	1	1	0	1	2	1	2	2	8	0	1	1	1	1	0	1	3	2	0	1	0	1	0	1	1	0	1	0	0	0	2	0	3	1	31	1	1	1	2	1	0	1
Ins2:U2:R4	0	1	1	1	0	0	1	0	2	0	1	0	0	2	1	1	0	0	1	1	0	1	0	1	1	0	2	2	1	5	0	0	0	0	1	1	0	0	0	1	0	1	1	0	0	3	2	0	2	0	1	0	1	1	0	3	1	0	0	2	2	1	0	1	0	2	0	2	0	2	0	1	0	1	0	0	2	0	0	0	1	0	1	45	1	1	1	0	2	1	0	0	1	2	1	1	2	2	2	1	0	3	0	2	1	1	3	0	0	116	2	0	1	2	1	2	2
Ins2:U2:R(5,9)	4	0	5	5	4	3	10	5	14	0	4	3	1	3	0	13	2	3	1	9	5	3	0	7	2	4	5	4	2	24	1	1	3	9	4	10	1	1	1	6	3	3	6	2	3	1	1	1	9	0	3	3	8	1	7	3	4	1	4	8	4	5	2	2	3	27	3	3	4	2	5	7	1	8	1	2	4	1	0	5	1	11	5	312	2	9	7	1	1	4	1	3	0	3	4	3	4	2	4	6	2	9	5	2	2	0	5	2	0	926	6	6	1	1	1	21	2
Ins3:U1:R1	1	0	0	0	0	0	1	2	0	1	0	0	1	1	1	1	0	2	0	5	1	1	0	1	0	0	0	1	1	0	0	1	0	1	0	0	0	0	1	0	3	1	0	0	0	0	0	1	0	1	0	0	1	1	0	0	0	0	1	1	0	1	0	2	0	0	0	0	0	0	0	0	0	0	1	1	0	0	1	2	0	1	3	0	0	0	0	2	0	2	0	0	0	1	0	1	0	0	1	0	1	0	1	1	1	0	0	0	0	0	0	1	0	1	0	0	0
Ins3:U1:R2	1	1	1	0	1	1	2	1	1	1	0	2	0	0	4	0	1	1	2	1	0	3	0	2	2	0	0	1	2	0	0	0	2	0	0	0	1	1	3	2	1	0	1	0	2	1	1	1	0	0	2	2	1	1	0	0	0	0	4	2	2	0	1	5	0	1	0	2	0	1	0	1	0	1	1	1	1	1	1	1	0	0	2	0	1	0	1	0	0	2	0	1	0	0	2	0	0	0	2	0	0	0	1	1	0	1	1	0	2	2	0	0	1	0	0	0	0
Ins3:U1:R3	0	0	1	0	0	0	1	1	0	0	0	0	0	1	2	5	0	0	0	0	1	0	0	2	1	0	0	0	0	0	0	0	1	0	0	0	0	0	1	0	1	0	0	0	2	1	0	0	2	0	1	0	0	0	0	0	0	1	0	1	2	0	0	0	0	0	0	0	0	1	1	2	0	0	1	0	0	0	0	2	0	0	0	0	0	1	0	0	0	0	0	0	0	0	2	1	1	0	0	0	0	0	0	0	1	0	0	0	2	0	0	1	0	0	0	0	0
Ins3:U1:R4	0	0	0	1	0	0	0	1	0	0	0	0	0	0	2	0	0	0	1	1	0	0	0	1	0	0	1	1	0	0	0	0	1	0	1	2	0	0	0	0	1	0	1	0	2	0	1	0	0	0	0	0	1	1	0	0	0	1	2	0	0	0	0	0	0	0	0	0	0	0	0	0	1	0	0	0	1	0	0	1	0	0	1	0	0	0	0	0	1	0	0	0	0	0	0	0	0	0	1	0	0	0	0	0	0	1	0	0	1	1	0	1	0	0	0	0	0
Ins3:U1:R(5,9)	0	0	0	0	2	1	1	1	0	0	0	1	0	1	2	0	0	0	0	0	0	0	0	0	2	0	0	0	0	1	0	1	1	1	1	2	0	0	1	1	0	0	0	2	0	0	0	0	0	2	0	2	1	0	0	0	0	0	1	1	0	0	0	0	1	0	0	0	1	1	0	1	0	0	0	0	0	0	0	1	0	0	1	1	0	0	0	0	0	0	0	0	1	0	0	1	0	0	0	0	0	1	0	0	0	0	0	1	1	3	0	0	0	0	0	0	0
Ins3:U3:R1	3	6	5	2	3	2	11	8	2	4	2	7	3	4	5	5	1	0	6	2	4	2	1	6	1	0	2	1	7	4	2	2	2	6	5	5	2	2	0	2	8	1	5	1	4	1	1	3	1	4	3	4	7	2	5	1	3	4	4	11	6	2	0	1	1	2	2	1	0	4	2	6	2	1	3	4	7	0	1	7	2	0	3	3	4	0	3	0	1	3	1	1	1	2	5	4	3	0	4	2	0	2	3	3	1	3	0	4	4	9	2	5	3	6	1	5	0
Ins3:U3:R2	2	0	2	0	2	0	1	2	0	1	0	0	0	0	5	1	1	0	0	1	0	0	0	1	0	0	1	1	1	1	0	1	1	2	1	2	0	0	1	0	0	0	1	1	3	0	0	0	0	0	1	1	1	0	0	0	2	0	1	1	0	0	1	1	0	0	0	1	0	1	0	0	1	1	0	1	0	0	0	2	0	0	2	0	0	0	0	0	0	0	0	1	0	2	3	1	0	0	0	0	0	2	1	1	1	0	0	1	1	1	2	1	0	2	1	0	0
Ins3:U3:R3	0	0	1	0	0	0	0	0	0	0	0	0	0	0	0	0	0	0	0	0	0	0	0	0	0	0	0	0	0	0	0	0	0	0	0	0	0	0	0	0	0	1	0	0	1	0	0	0	0	0	0	0	0	1	0	0	0	0	0	0	0	0	0	0	0	0	0	0	0	0	0	0	0	0	0	0	0	0	0	0	0	0	0	0	0	0	0	0	0	0	0	0	0	0	0	2	0	0	0	0	0	0	0	1	0	0	0	0	0	3	0	0	0	1	0	0	0
Ins3:U3:R4	0	0	0	0	0	0	0	0	1	0	0	0	0	0	0	1	0	0	0	0	0	0	0	0	0	0	0	0	0	0	0	0	0	0	0	0	0	0	0	0	0	0	0	0	0	0	0	0	0	0	0	0	0	0	0	0	0	0	0	0	0	0	0	0	0	0	0	0	0	0	0	0	0	0	0	0	0	0	0	0	0	0	0	1	0	0	0	0	0	0	0	0	0	1	0	0	0	0	0	0	0	0	0	1	0	0	1	0	0	3	1	0	0	0	0	0	0
Ins3:U3:R(5,9)	0	0	0	0	0	0	1	0	2	0	1	0	1	0	0	1	0	0	0	0	0	0	0	0	1	1	1	0	0	3	0	0	0	1	1	0	1	0	0	0	0	0	1	0	1	0	1	0	0	1	1	0	0	0	1	1	0	0	1	1	0	0	0	1	0	0	1	0	0	0	1	0	0	1	0	0	0	1	0	0	0	0	1	17	0	1	1	0	0	0	0	0	0	1	0	0	0	0	0	0	0	0	1	0	1	0	0	2	0	50	0	0	0	0	0	1	0
Ins4:U1:R1	0	0	0	0	0	0	0	0	0	0	0	1	0	1	2	0	0	0	0	0	0	0	0	0	0	0	0	0	0	0	0	0	0	1	0	0	0	0	0	0	0	0	0	0	0	0	0	0	0	0	0	0	1	0	0	0	0	0	0	0	0	0	0	0	0	0	0	0	0	0	0	0	1	0	0	0	0	0	0	0	0	0	0	0	0	0	0	0	0	0	0	0	0	0	0	0	0	0	3	1	0	0	0	0	0	0	1	0	0	0	0	0	0	0	0	0	0
Ins4:U1:R2	0	1	2	0	0	1	0	1	0	1	0	0	0	0	0	0	1	0	0	0	0	0	0	0	0	0	0	0	0	0	0	2	0	1	1	0	0	0	0	0	0	0	1	0	0	0	0	0	0	0	0	0	2	0	0	0	0	1	0	0	0	0	1	0	0	0	0	0	0	0	0	0	0	2	0	1	0	0	1	0	0	1	0	0	0	0	0	0	0	0	0	0	0	0	0	1	0	0	0	1	0	0	0	0	0	0	0	0	0	0	0	0	1	0	1	0	0
Ins4:U1:R3	0	0	1	0	0	0	0	0	0	1	0	0	1	0	1	0	1	0	0	1	0	0	0	0	0	1	0	1	0	1	0	0	0	0	0	0	0	0	0	0	0	0	1	0	1	0	0	0	0	0	0	0	1	0	0	0	0	1	0	0	0	0	0	1	0	0	1	0	0	1	0	0	0	0	0	0	0	0	0	0	0	0	1	1	1	0	0	0	0	0	0	0	0	2	1	1	0	0	2	2	0	0	1	0	2	0	2	1	0	3	1	0	1	0	0	1	0
Ins4:U1:R4	0	0	0	0	0	0	1	0	0	0	0	0	0	0	0	0	0	0	0	1	1	0	0	0	0	0	0	0	0	0	0	0	0	0	0	0	0	0	0	0	1	0	0	0	1	0	0	2	0	1	1	0	0	0	0	0	0	0	0	1	0	0	0	0	0	0	0	0	0	0	0	0	0	0	1	0	0	0	0	0	0	0	0	0	0	0	0	0	0	1	0	2	0	0	0	0	0	0	0	0	0	0	0	0	0	0	0	0	0	0	0	0	0	0	0	0	0
Ins4:U1:R(5,9)	1	0	0	0	0	0	0	1	0	0	0	0	0	0	1	0	0	0	0	0	0	0	0	0	0	0	0	0	0	0	0	0	0	1	0	0	0	1	0	1	0	0	0	0	0	0	0	0	0	0	1	0	0	0	0	1	0	0	0	0	0	0	0	0	0	1	0	0	0	0	1	1	0	0	0	0	0	0	0	0	1	0	0	0	0	0	0	0	0	0	0	0	0	0	0	0	0	0	0	0	0	0	0	0	1	0	0	0	0	0	0	1	0	1	0	1	0
Ins4:U2:R1	0	0	0	0	0	0	0	0	0	0	0	1	1	0	0	0	0	0	0	0	0	0	0	0	0	0	0	0	0	0	0	0	0	0	1	0	0	0	0	1	0	0	0	0	0	0	0	0	0	0	0	0	0	0	0	0	0	0	0	0	0	0	0	0	0	0	0	0	0	0	0	0	0	0	0	0	0	0	0	0	0	0	0	0	0	1	0	0	0	0	0	0	0	0	0	0	0	0	1	0	0	0	0	0	0	0	0	0	0	2	1	0	0	0	0	0	0
Ins4:U2:R2	0	0	1	1	0	0	1	2	0	0	2	1	0	0	0	1	1	0	0	0	1	0	0	2	0	0	1	1	1	0	0	0	0	0	0	1	0	1	0	1	0	0	1	0	0	1	1	0	0	1	0	1	2	0	1	1	0	0	1	1	0	0	0	1	0	0	0	1	0	0	0	0	1	0	0	0	0	0	0	3	0	0	1	0	0	0	1	0	0	0	0	0	0	1	0	0	1	1	1	0	0	0	0	1	0	3	1	0	0	3	0	0	0	2	0	0	0
Ins4:U2:R3	0	0	1	0	0	0	1	0	0	0	0	0	1	0	0	0	1	0	0	0	0	0	1	0	0	0	0	0	0	0	0	0	0	0	0	0	0	0	0	0	0	0	0	0	0	0	0	0	0	0	0	0	0	1	0	0	0	0	0	2	0	0	0	0	0	0	1	0	0	0	0	1	0	0	0	0	0	0	0	1	0	0	1	0	0	1	0	0	0	0	1	0	0	0	0	0	0	0	1	0	0	0	0	0	0	1	0	0	0	2	1	0	0	0	0	0	0
Ins4:U2:R4	0	0	2	0	0	0	0	0	0	0	0	0	0	0	0	0	0	0	0	0	1	0	0	0	0	0	0	1	0	0	0	0	0	0	0	0	0	0	0	0	0	0	0	0	0	0	1	0	0	0	0	0	0	0	0	0	0	0	0	0	0	0	0	0	0	0	0	0	0	0	0	0	0	0	0	0	0	0	0	0	0	0	0	3	0	0	0	0	0	0	0	0	0	0	0	0	0	0	0	0	0	1	0	0	0	0	0	0	0	2	0	0	0	0	0	0	0
Ins4:U2:R(5,9)	0	0	0	0	1	0	0	1	1	0	0	0	0	0	0	0	0	0	1	0	0	0	0	0	0	1	1	0	1	0	0	0	0	0	0	0	1	0	0	0	0	1	0	0	1	0	0	0	0	0	0	0	0	0	0	0	0	0	0	1	0	0	0	0	0	0	0	0	0	1	1	1	0	0	0	0	0	0	0	0	1	0	0	3	0	1	0	0	0	0	0	0	0	0	0	2	0	0	0	0	1	0	0	0	0	0	0	0	0	22	0	0	0	0	0	0	0
Ins4:U4:R1	0	0	1	3	7	0	5	6	1	2	4	3	1	2	4	1	2	2	2	6	1	3	1	4	1	0	1	2	3	0	1	1	1	0	0	6	1	2	0	3	2	0	5	0	5	0	2	1	3	3	2	1	4	1	4	1	0	2	1	5	0	2	1	3	0	3	1	3	0	3	2	1	1	1	1	1	3	0	1	2	0	2	2	4	0	3	4	0	0	3	1	0	4	4	2	4	0	4	0	0	0	0	4	3	0	3	1	3	1	10	3	2	1	3	0	2	0
Ins4:U4:R2	1	0	2	0	0	0	0	0	1	0	0	0	0	2	0	0	0	0	0	0	1	0	0	0	0	0	0	0	1	0	0	0	0	0	0	3	0	0	0	0	1	0	0	0	0	0	0	0	0	1	0	0	1	2	1	0	0	0	0	0	0	0	1	0	0	0	0	0	0	0	0	0	1	0	0	1	0	0	0	0	0	0	1	0	1	0	0	0	0	1	0	1	0	0	1	1	0	0	0	0	0	0	0	1	0	0	1	0	0	4	0	0	0	0	0	0	0
Ins4:U4:R3	0	0	0	0	0	0	0	0	0	1	0	0	0	0	0	1	0	0	0	0	0	0	0	0	0	0	0	0	0	1	0	0	0	0	0	0	0	0	0	0	0	0	0	0	0	0	0	0	0	0	0	1	0	0	0	0	0	0	0	0	0	0	0	0	0	0	0	0	0	0	0	0	0	0	0	0	0	0	0	0	0	0	0	1	0	0	0	0	0	0	0	0	0	1	0	0	0	0	1	0	0	0	0	0	0	0	0	0	0	3	0	0	0	0	0	0	0
Ins4:U4:R4	0	0	1	0	0	0	0	0	0	0	0	0	0	0	0	2	0	0	0	0	0	0	0	0	0	0	0	0	0	0	0	0	0	0	0	0	0	0	0	0	0	0	0	0	1	0	0	0	0	0	0	0	0	0	0	0	1	0	0	0	0	0	0	1	0	0	0	1	0	0	0	0	0	0	0	0	0	0	0	0	0	1	0	2	0	1	0	0	0	1	0	0	0	0	0	0	0	0	0	0	0	0	0	0	0	0	1	0	0	9	0	0	0	0	0	0	0
Ins4:U4:R(5,9)	0	0	0	1	1	0	1	0	1	0	1	2	0	0	0	0	1	0	0	0	0	0	0	0	0	0	0	0	0	2	0	0	0	0	0	2	0	0	0	1	0	0	1	0	0	0	0	0	1	0	1	0	0	0	0	0	0	0	0	1	0	1	0	0	0	0	0	0	0	0	1	1	1	2	0	0	0	0	0	0	0	0	0	1	0	1	0	0	0	0	0	0	0	0	0	0	2	0	1	0	0	0	0	0	1	0	0	0	1	21	0	0	0	1	0	0	0
Ins(5,):U1:R1	0	0	0	0	0	0	0	1	0	0	0	0	0	0	1	0	0	1	0	0	0	0	0	0	0	0	0	0	1	0	0	0	0	0	0	0	0	0	0	0	1	0	0	0	0	0	0	0	0	1	1	0	0	0	0	1	1	1	0	0	0	0	0	0	0	1	0	0	0	0	0	0	0	0	1	0	0	0	1	0	0	0	0	0	0	1	0	0	0	0	0	1	0	2	1	1	1	0	0	0	1	0	0	1	0	0	0	0	0	0	0	0	0	0	0	0	0
Ins(5,):U1:R2	0	0	0	0	0	0	0	1	0	0	0	2	0	1	0	0	0	0	0	0	1	1	0	1	0	0	0	0	1	0	0	1	0	1	0	2	0	0	0	0	1	0	0	0	0	0	0	0	0	0	0	0	0	1	0	0	0	0	0	0	0	0	0	0	0	0	0	0	0	1	0	1	0	1	0	0	0	0	0	0	0	0	0	0	0	0	0	0	1	0	0	0	0	0	0	0	0	0	1	0	0	0	0	0	0	0	0	0	0	0	0	0	0	0	1	1	0
Ins(5,):U1:R3	1	0	0	0	0	0	1	1	0	0	0	0	0	0	0	0	0	0	0	0	0	0	0	1	0	0	0	0	0	0	0	0	0	3	0	0	0	0	0	0	0	0	0	0	0	0	0	0	0	0	0	0	0	0	1	0	0	1	0	1	0	0	0	0	0	0	0	0	0	0	0	0	0	0	0	0	0	0	0	0	0	1	0	0	0	0	0	0	0	0	0	0	0	0	1	0	1	0	1	1	2	0	1	0	0	0	0	0	0	0	0	0	1	0	0	1	0
Ins(5,):U1:R4	0	0	0	0	0	0	0	0	1	0	1	0	0	0	0	0	0	0	0	0	0	1	0	0	0	0	1	0	0	0	0	0	0	0	0	0	0	1	0	0	0	0	0	0	1	0	0	0	0	0	0	0	0	0	0	0	0	0	2	0	0	0	1	0	1	0	0	0	0	0	0	0	0	0	0	0	0	1	1	0	0	0	0	0	0	0	1	1	0	0	0	0	0	0	1	0	0	0	0	0	1	0	1	1	1	0	1	0	0	0	1	0	0	0	0	0	0
Ins(5,):U1:R(5,9)	1	0	1	1	0	1	2	1	0	0	0	1	0	0	0	1	1	0	1	0	0	1	0	2	0	0	0	0	0	0	0	0	0	2	0	0	0	0	0	0	0	0	0	1	0	0	0	0	1	0	0	0	1	0	0	0	0	0	0	2	0	0	0	0	0	0	1	0	0	0	0	0	0	0	0	0	0	0	0	0	0	0	0	0	0	0	0	0	0	0	0	0	0	0	0	1	1	0	0	0	0	1	0	0	0	0	0	0	0	4	0	0	0	0	0	0	0
Ins(5,):U2:R1	0	0	1	0	0	0	0	0	0	0	0	0	0	0	0	0	0	1	0	0	0	0	0	0	0	0	0	0	0	0	0	0	0	0	0	0	0	1	0	0	0	0	0	0	0	0	1	0	0	0	0	1	0	0	0	0	0	0	0	0	0	0	0	0	0	0	0	0	0	0	0	0	0	0	0	0	0	0	0	0	0	0	0	1	0	0	0	0	0	0	0	0	0	0	0	0	0	0	0	0	0	0	0	0	0	0	0	0	0	1	0	0	0	0	0	0	0
Ins(5,):U2:R2	0	0	0	0	0	0	0	0	0	0	0	0	0	1	0	0	0	0	0	0	0	0	0	0	0	0	0	0	0	0	0	0	0	1	0	1	0	0	0	0	1	0	0	0	0	0	0	0	0	0	0	0	0	0	0	0	0	0	1	0	0	0	0	0	0	0	0	0	0	0	1	0	0	0	1	0	0	0	0	0	0	0	0	0	0	0	0	0	0	0	0	0	0	0	0	0	0	0	0	0	0	0	0	1	0	0	0	0	0	0	0	0	1	0	0	0	0
Ins(5,):U2:R3	0	0	0	0	0	0	0	0	1	0	1	0	0	0	0	0	0	0	0	0	0	0	0	0	1	0	0	0	0	0	0	0	0	0	0	0	0	0	0	0	0	0	0	0	0	0	0	0	0	0	1	0	0	0	0	0	0	0	0	0	0	0	0	0	0	0	0	1	0	0	0	0	0	0	0	0	0	0	0	0	0	0	1	0	0	0	0	1	0	0	0	0	0	0	0	0	0	0	0	1	0	0	0	1	0	0	0	0	1	0	0	0	0	0	0	0	0
Ins(5,):U2:R4	0	0	0	0	1	0	0	0	0	0	0	0	0	1	0	0	0	0	0	0	0	0	0	0	0	0	0	0	0	0	0	0	0	0	0	0	0	0	0	0	0	0	0	0	0	0	0	0	0	0	0	0	0	0	0	0	0	0	0	0	0	0	0	0	0	0	0	0	0	0	0	1	0	0	0	2	0	0	0	0	0	0	0	0	0	0	0	0	0	0	0	0	0	1	1	0	0	0	0	0	0	0	0	0	0	0	0	0	0	0	0	0	0	0	0	0	0
Ins(5,):U2:R(5,9)	2	0	0	1	0	0	1	2	0	0	0	1	0	1	0	0	0	0	0	1	0	1	1	0	0	0	0	0	0	1	0	0	1	0	0	1	0	1	0	0	2	0	1	1	0	0	0	0	1	0	0	0	0	0	0	0	1	0	0	0	2	0	0	0	0	0	0	0	0	0	0	0	0	0	2	0	0	1	0	0	0	0	1	2	0	0	0	0	2	0	1	0	0	0	0	0	0	0	0	0	0	3	1	0	0	0	0	1	0	3	0	1	0	1	0	0	0
Ins(5,):U(3,):R1	9	4	16	10	7	4	17	11	8	7	8	7	7	2	10	15	7	2	8	7	9	8	2	15	9	2	1	6	21	17	5	9	5	22	9	13	3	9	6	7	11	3	12	4	11	5	5	5	5	10	7	7	10	4	11	8	4	6	11	14	7	6	8	9	2	6	5	5	3	7	9	14	4	11	4	5	7	2	2	20	9	8	16	7	0	5	7	3	1	6	0	2	8	3	3	11	4	7	9	5	6	8	9	13	6	6	9	8	17	14	17	8	4	9	3	7	6
Ins(5,):U(3,):R2	0	1	1	0	2	0	0	0	0	0	0	0	0	0	0	1	0	1	0	0	0	0	0	0	0	1	0	1	0	2	0	1	0	0	2	2	0	1	0	0	0	0	0	0	0	0	0	0	0	0	0	0	0	0	1	0	0	1	0	0	0	0	1	0	0	0	0	1	0	0	0	1	0	1	0	0	0	0	0	1	0	1	0	1	1	0	2	0	0	0	0	1	1	1	0	0	0	0	0	0	0	0	0	0	0	0	0	1	1	4	0	0	1	2	1	0	1
Ins(5,):U(3,):R3	0	0	0	1	0	0	2	0	0	0	0	0	0	0	0	0	0	0	0	1	1	0	0	0	0	0	0	0	0	0	0	0	1	0	0	1	0	0	0	0	0	0	0	0	0	0	0	0	0	0	0	0	0	0	0	0	1	0	0	2	0	0	0	0	0	0	0	0	0	0	2	0	0	0	0	0	0	0	0	0	0	1	0	1	0	1	1	0	0	0	0	0	0	0	0	0	1	0	0	0	0	0	0	0	0	0	0	0	0	1	0	0	0	0	0	0	0
Ins(5,):U(3,):R4	0	0	1	0	1	0	0	0	0	0	0	0	0	0	0	0	0	0	1	0	0	0	0	0	0	0	0	0	0	1	0	0	0	0	0	0	0	0	0	0	0	0	0	0	0	0	0	0	0	0	0	0	0	0	1	0	0	0	0	0	0	0	0	0	0	0	0	0	0	0	0	1	0	0	0	0	1	0	0	1	0	0	0	0	0	0	1	0	0	0	0	0	1	0	0	0	1	0	0	0	0	0	1	0	0	0	0	0	0	1	0	0	0	0	0	0	0
Ins(5,):U(3,):R(5,9)	0	0	0	0	0	0	0	1	1	0	1	0	0	0	0	0	1	1	0	0	0	0	0	1	0	0	0	0	1	0	0	1	0	0	0	0	0	1	1	0	0	1	0	0	0	1	0	0	0	0	0	0	1	0	0	0	0	0	0	0	0	0	0	0	0	2	0	0	0	0	0	0	1	1	0	1	0	0	0	0	1	1	0	0	0	0	0	0	0	0	0	0	0	0	0	0	0	0	1	0	0	1	2	1	0	0	1	0	0	4	1	0	1	1	0	0	0
Del2:M1	16	5	9	14	3	9	26	24	8	18	15	19	12	9	22	18	13	11	14	18	15	15	2	19	6	5	5	14	18	14	6	12	11	32	16	18	8	24	3	11	18	5	8	6	23	9	15	7	6	5	5	7	11	10	12	13	6	10	22	23	5	6	8	21	4	5	5	19	4	10	17	8	14	12	3	11	19	3	7	24	9	9	7	49	7	119	12	5	3	19	1	8	8	13	8	15	2	3	11	6	9	11	9	16	7	15	20	16	19	100	19	15	5	17	5	13	5
Del3:M1	10	8	8	3	3	1	7	21	5	5	8	11	3	3	7	8	6	4	7	4	5	2	3	7	5	5	0	3	11	4	1	7	3	13	10	9	2	11	2	6	17	3	10	2	10	2	7	5	2	5	3	2	5	4	7	10	1	1	3	7	11	2	5	6	0	0	0	5	0	3	5	5	3	3	5	6	13	3	5	9	3	4	11	8	2	0	5	1	1	9	0	2	6	7	3	2	2	0	9	5	1	3	3	10	5	8	6	6	13	13	11	3	3	6	4	8	3
Del3:M2	10	5	12	6	3	2	11	14	7	4	8	13	6	7	8	7	7	4	9	8	7	7	3	8	10	6	9	3	9	6	3	5	5	10	5	12	3	11	4	9	13	3	7	2	12	1	14	5	4	7	5	4	9	6	7	14	2	6	9	12	9	2	2	7	2	0	4	5	1	5	7	2	10	6	4	2	12	1	5	11	5	5	10	77	4	11	6	3	2	12	0	5	6	5	7	12	4	3	6	7	5	3	3	6	14	4	7	10	8	118	12	6	6	11	4	8	5
Del4:M1	6	4	9	4	2	8	12	10	4	7	3	9	5	7	11	10	3	1	2	5	7	4	2	9	4	2	1	11	3	3	1	5	7	6	10	8	2	4	2	4	14	1	8	2	5	0	3	3	3	0	4	4	7	5	5	11	5	1	5	10	5	1	2	10	2	2	4	3	2	1	12	3	1	2	5	4	8	5	3	10	4	5	6	20	5	6	3	1	3	5	1	2	4	7	3	8	3	1	7	4	4	3	10	3	4	5	3	2	11	38	3	9	5	5	0	5	3
Del4:M2	10	6	7	12	2	6	12	6	10	5	5	7	2	7	8	2	5	5	4	6	8	11	2	7	8	4	5	4	3	10	1	7	2	7	5	5	4	1	2	7	9	3	4	3	12	3	7	5	5	2	2	5	11	6	5	7	4	5	7	9	8	3	1	12	1	3	1	3	0	5	5	5	8	4	3	2	8	3	1	4	8	5	8	40	6	12	7	2	0	5	1	4	5	4	5	5	1	1	7	3	1	10	3	8	10	7	4	6	7	46	11	5	3	7	3	3	1
Del4:M3	6	2	6	8	3	5	6	7	4	2	5	7	4	6	3	6	4	5	3	7	1	3	0	5	3	6	3	2	11	11	4	9	7	7	1	7	1	6	0	7	5	2	5	6	7	3	6	4	3	0	0	5	4	4	2	9	0	5	4	5	6	0	5	7	0	3	2	3	1	4	10	4	3	4	3	4	5	2	1	7	3	2	7	41	4	8	7	1	2	8	0	1	4	2	5	4	3	0	5	4	3	5	7	2	3	7	8	5	6	44	4	2	3	8	1	8	1
Del5:M1	15	5	4	1	4	3	9	16	2	5	8	4	2	2	9	2	6	4	1	6	2	8	0	5	3	1	1	5	8	4	1	3	4	8	3	7	2	8	6	5	6	2	5	0	0	0	6	1	4	1	1	4	7	1	2	2	0	4	5	10	5	2	1	4	2	2	5	8	0	7	4	3	4	2	2	1	8	2	3	4	4	4	7	7	3	2	0	2	4	6	2	2	3	4	5	3	0	1	2	6	1	3	7	4	3	7	4	6	10	11	8	4	6	8	2	7	2
Del5:M2	5	4	3	1	2	1	2	5	2	2	2	3	2	3	6	6	3	3	1	3	4	3	0	5	1	0	0	1	3	2	0	4	3	8	4	1	2	2	0	4	5	0	3	0	0	0	2	0	0	3	3	2	1	2	2	2	3	5	5	1	2	1	1	2	2	0	0	1	1	3	8	0	2	2	2	1	3	1	2	5	4	1	4	2	3	2	3	2	4	2	0	1	2	6	0	5	2	0	1	0	3	0	2	1	2	1	2	2	5	2	3	5	1	10	2	1	1
Del5:M3	2	3	1	2	2	0	5	3	1	2	2	1	1	2	2	2	1	2	1	2	2	3	0	1	5	1	1	3	2	4	2	0	1	5	1	3	1	2	3	0	1	0	2	1	0	1	1	0	0	0	1	2	0	1	1	4	3	1	2	4	0	0	2	0	0	0	0	2	0	1	5	2	1	3	1	0	1	1	1	7	1	1	2	11	0	4	0	0	0	2	0	0	0	2	3	1	0	0	0	0	2	1	2	0	0	3	1	2	3	9	1	2	0	3	0	0	1
Del5:M4	0	2	0	0	1	1	4	2	0	0	1	2	1	0	5	0	1	0	1	0	3	3	0	2	1	0	1	0	3	0	1	2	0	6	0	0	0	2	3	2	8	0	3	1	4	1	1	0	1	1	0	1	4	2	0	2	0	0	2	3	2	0	0	3	0	0	2	0	0	1	0	0	0	2	4	1	1	0	0	3	1	3	2	11	2	4	0	0	0	3	0	0	1	2	3	1	1	2	5	0	1	3	2	0	1	1	0	1	2	4	1	0	2	4	1	1	0
Del6:M1	6	5	6	2	5	0	5	8	2	1	4	8	3	2	6	3	3	3	2	6	6	6	1	4	5	0	3	1	5	4	4	3	3	12	2	5	2	1	4	8	12	0	4	0	5	0	5	7	5	2	5	3	5	0	6	7	4	3	3	6	2	1	2	3	3	2	3	0	1	4	2	9	6	6	5	2	7	3	3	8	2	4	4	10	1	1	1	1	2	7	4	2	5	5	7	9	5	5	3	4	1	3	3	6	2	5	3	3	12	12	6	7	2	6	1	4	2
Del6:M2	2	5	4	2	0	3	3	5	3	3	4	2	3	0	2	0	3	3	1	0	0	4	0	6	2	0	1	1	1	1	0	2	1	5	1	1	1	6	2	5	7	0	3	1	4	1	3	1	2	3	3	0	0	1	2	4	1	4	3	3	3	1	2	0	1	1	0	3	0	2	3	3	2	3	7	3	5	1	0	9	1	1	2	1	1	2	2	0	0	3	1	1	4	3	2	1	3	3	5	1	3	3	2	1	0	1	1	1	3	2	5	3	2	4	0	1	0
Del6:M3	0	0	3	0	0	2	1	0	1	2	1	1	0	0	2	3	1	0	1	2	0	1	0	3	1	1	2	1	4	0	0	1	0	1	0	0	0	2	0	3	3	0	2	1	3	0	0	2	1	0	1	2	3	1	0	1	0	1	0	0	0	0	0	0	0	1	0	1	1	1	6	0	2	1	2	0	0	0	0	5	1	1	5	0	0	2	2	1	0	2	0	1	2	1	2	3	1	1	2	0	1	1	3	0	1	1	0	0	0	0	0	2	2	4	0	1	0
Del6:M4	0	0	1	0	2	0	2	2	3	0	0	3	0	1	1	0	1	0	0	2	0	2	2	2	0	0	0	1	0	2	1	0	2	1	0	3	0	0	2	0	2	0	0	0	0	0	1	1	0	1	0	0	1	0	3	1	1	0	1	1	1	1	2	1	1	1	0	0	1	3	3	1	1	0	2	0	0	0	2	0	0	1	0	2	0	0	1	0	1	1	0	0	1	2	2	0	0	2	0	0	1	0	2	0	0	0	1	0	2	4	2	0	0	4	0	1	0
Del6:M5	1	0	2	0	0	0	0	1	1	0	1	0	0	0	1	1	0	0	0	0	0	0	1	1	0	0	1	1	1	1	0	0	0	0	2	0	1	0	0	2	0	0	0	0	1	0	0	0	0	1	0	0	0	0	0	1	0	1	2	0	0	0	0	0	0	0	0	0	0	0	2	1	2	0	0	1	0	0	1	4	0	0	0	0	0	0	2	0	0	0	0	2	0	1	1	0	1	0	0	1	1	0	2	0	0	1	0	0	1	1	1	0	0	1	0	0	0
Del(7,):M1	46	21	27	25	22	23	55	47	19	25	23	27	23	19	27	28	31	15	18	33	20	29	6	31	26	12	7	23	35	16	15	22	17	47	27	40	9	33	15	22	68	5	32	14	39	9	27	11	15	31	13	19	47	15	49	41	19	29	28	53	23	6	10	29	7	4	13	29	8	14	29	25	24	34	30	21	24	19	10	45	18	13	36	16	17	28	32	6	8	31	7	15	34	30	21	44	16	15	21	17	12	19	51	24	29	20	17	18	52	37	34	25	24	41	10	30	10
Del(7,):M2	22	12	23	12	9	19	26	37	16	20	19	22	15	12	15	18	15	16	14	26	11	16	5	33	13	7	6	17	22	11	9	16	14	25	23	25	7	15	6	14	46	3	18	7	18	8	9	9	10	8	13	11	26	12	9	22	8	16	19	30	15	8	10	19	7	4	11	9	1	8	46	15	22	21	19	13	13	3	5	29	4	5	29	12	11	19	9	7	6	24	1	7	17	25	10	24	9	9	15	11	6	11	39	6	17	8	7	13	29	20	29	24	12	28	7	21	4
Del(7,):M3	10	8	8	3	10	7	11	12	9	3	4	10	8	7	9	3	5	5	9	17	9	4	1	11	4	10	0	8	13	10	2	7	7	15	7	8	2	11	4	11	20	2	7	4	11	2	7	4	4	3	3	9	11	6	14	6	3	6	6	10	2	3	3	10	2	6	6	4	2	2	21	11	10	10	6	4	2	4	5	10	4	7	15	6	6	16	3	7	2	13	0	8	10	7	5	12	4	2	9	5	4	6	26	3	14	7	5	8	20	14	16	7	4	18	2	14	2
Del(7,):M4	8	4	2	5	3	3	10	4	4	2	5	3	7	0	5	5	4	3	2	4	4	2	0	5	1	2	3	5	8	7	3	1	4	7	2	5	3	2	3	4	5	3	7	3	4	1	1	1	2	3	1	3	2	5	2	7	1	4	6	8	4	1	2	4	1	0	0	0	0	4	12	1	7	5	0	5	6	2	0	5	2	3	8	1	1	5	6	1	1	1	0	1	5	4	1	5	2	5	5	1	3	2	16	8	3	0	2	1	5	15	4	4	3	7	1	7	1
Del(7,):M5	5	1	5	2	1	2	1	7	0	0	0	3	1	2	2	2	3	1	3	3	2	1	0	2	3	1	1	0	4	2	2	0	4	5	2	1	0	1	3	2	6	0	0	0	2	0	3	1	0	2	4	1	1	0	1	0	1	1	2	1	1	1	2	1	0	1	0	1	0	0	11	1	2	0	2	2	3	0	1	2	1	2	2	0	4	1	5	1	0	0	0	1	1	0	2	3	0	0	0	2	0	1	6	2	3	1	1	1	5	7	2	1	3	0	1	3	0
Del(7,):M(6,)	3	1	1	2	2	3	3	5	6	4	4	4	2	0	2	4	3	2	2	4	5	6	0	7	1	1	2	2	4	7	0	2	1	4	3	2	1	5	4	4	5	1	2	4	7	2	1	0	1	7	1	3	5	4	9	6	1	5	2	4	4	4	3	3	0	2	0	2	0	3	4	5	2	5	2	5	1	2	2	2	2	7	5	7	3	6	1	0	3	9	1	4	5	3	6	5	7	2	6	1	3	2	5	2	7	0	3	2	6	9	4	3	0	5	1	5	1
Complex(0,1)	0	0	0	0	0	0	0	0	0	0	0	0	0	0	0	0	0	0	0	0	0	0	0	0	0	0	0	0	0	0	0	0	0	0	0	0	0	0	0	0	0	0	0	0	0	0	0	0	0	0	0	0	0	0	0	0	0	0	0	0	0	0	0	0	0	0	0	0	0	0	0	0	0	0	0	0	0	0	0	0	0	0	0	0	0	0	0	0	0	0	0	0	0	0	0	0	0	0	0	0	0	0	0	0	0	0	0	0	0	0	0	0	0	0	0	0	0
Complex(2,5)	0	0	0	0	0	0	0	0	0	0	0	0	0	0	0	0	0	0	0	0	0	0	0	0	0	0	0	0	0	0	0	0	0	0	0	0	0	0	0	0	0	0	0	0	0	0	0	0	0	0	0	0	0	0	0	0	0	0	0	0	0	0	0	0	0	0	0	0	0	0	0	0	0	0	0	0	0	0	0	0	0	0	0	0	0	0	0	0	0	0	0	0	0	0	0	0	0	0	0	0	0	0	0	0	0	0	0	0	0	0	0	0	0	0	0	0	0
Complex(6,10)	0	0	0	0	0	0	0	0	0	0	0	0	0	0	0	0	0	0	0	0	0	0	0	0	0	0	0	0	0	0	0	0	0	0	0	0	0	0	0	0	0	0	0	0	0	0	0	0	0	0	0	0	0	0	0	0	0	0	0	0	0	0	0	0	0	0	0	0	0	0	0	0	0	0	0	0	0	0	0	0	0	0	0	0	0	0	0	0	0	0	0	0	0	0	0	0	0	0	0	0	0	0	0	0	0	0	0	0	0	0	0	0	0	0	0	0	0
Complex(11,20)	0	0	0	0	0	0	0	0	0	0	0	0	0	0	0	0	0	0	0	0	0	0	0	0	0	0	0	0	0	0	0	0	0	0	0	0	0	0	0	0	0	0	0	0	0	0	0	0	0	0	0	0	0	0	0	0	0	0	0	0	0	0	0	0	0	0	0	0	0	0	0	0	0	0	0	0	0	0	0	0	0	0	0	0	0	0	0	0	0	0	0	0	0	0	0	0	0	0	0	0	0	0	0	0	0	0	0	0	0	0	0	0	0	0	0	0	0
Complex(21,)	0	0	0	0	0	0	0	0	0	0	0	0	0	0	0	0	0	0	0	0	0	0	0	0	0	0	0	0	0	0	0	0	0	0	0	0	0	0	0	0	0	0	0	0	0	0	0	0	0	0	0	0	0	0	0	0	0	0	0	0	0	0	0	0	0	0	0	0	0	0	0	0	0	0	0	0	0	0	0	0	0	0	0	0	0	0	0	0	0	0	0	0	0	0	0	0	0	0	0	0	0	0	0	0	0	0	0	0	0	0	0	0	0	0	0	0	0
