MutationType	SP101845	SP101682	SP61553	SP101724	SP102103	SP102174	SP101622	SP102161	SP101654	SP102074	SP101694	SP101616	SP101666	SP101558	SP102096	SP102084	SP101580	SP102064	SP101564	SP101921	SP101648	SP101628	SP101708	SP102055	SP101634	SP101588	SP101584	SP101686	SP101532	SP101732	SP101528	SP101536	SP101576	SP102015	SP102168	SP101716	SP101592	SP101658	SP102045	SP101552	SP101519	SP101690	SP102123	SP101662	SP101600	SP101544	SP102133	SP101881	SP102035	SP101642	SP101596	SP101670	SP101674	SP101572	SP101678	SP101740	SP101700	SP101891	SP102143	SP102113	SP101521	SP101526	SP101540	SP101604	SP101548	SP101523	SP102090	SP101795	SP102187	SP101515	SP101931	SP101610	SP61703	SP59707	SP68659	SP62616	SP59761	SP66960	SP61453	SP63796	SP69155	SP59950	SP59938	SP64976	SP64296	SP65807	SP59803	SP66159	SP63356	SP68348	SP62450	SP67428	SP61713	SP68725	SP67609	SP62110	SP64546	SP63546	SP60322	SP60243	SP63966	SP60362	SP69077	SP67346	SP66687	SP63716	SP65376	SP61343	SP60001	SP59860	SP60610	SP64036	SP60842
A[Del(C):R1]A	6	4	1	11	5	5	3	2	6	0	4	10	5	7	5	4	5	2	4	3	2	4	3	2	8	5	9	3	5	8	8	1	1	7	4	11	8	1	13	13	2	3	2	0	2	3	8	2	4	13	5	8	6	1	6	8	2	6	4	2	1	6	3	3	2	9	6	2	4	3	10	8	5	2	1	9	5	4	4	1	1	12	1	2	12	7	8	6	2	13	0	9	6	3	8	6	5	6	1	6	4	3	11	18	7	2	5	7	6	7	1	5	8
A[Del(C):R1]G	1	0	0	0	0	0	1	0	0	0	0	2	0	0	2	1	1	0	0	0	1	1	0	0	0	0	1	0	0	0	0	0	2	1	0	1	2	0	1	1	0	0	2	2	0	1	2	0	1	1	0	3	1	0	1	2	1	3	1	0	2	1	0	0	0	0	0	0	0	1	1	0	0	1	0	0	1	0	1	0	2	0	1	1	0	0	2	2	1	1	1	3	0	0	1	1	1	1	1	0	0	1	0	1	1	1	3	0	2	3	2	0	0
A[Del(C):R1]T	9	1	1	13	6	12	8	7	13	6	8	15	4	5	4	4	3	7	5	3	5	1	4	3	5	4	4	4	7	14	7	1	7	8	3	2	4	1	13	15	3	4	1	5	2	4	11	4	4	11	3	16	2	3	8	12	4	13	10	4	2	6	2	4	7	2	3	14	8	2	13	3	7	0	2	15	5	1	5	5	3	28	5	8	7	12	5	9	8	7	3	3	1	3	12	8	3	11	5	4	1	4	10	14	2	3	10	4	7	8	3	3	8
A[Del(C):R2]A	2	1	1	2	0	2	2	0	4	1	2	4	0	1	2	2	3	0	0	1	0	1	2	0	0	0	0	1	1	2	2	1	2	1	1	1	1	0	5	1	1	3	0	3	1	1	3	2	3	8	2	1	1	1	2	2	1	1	2	2	0	1	1	0	1	2	2	2	1	1	3	0	1	1	1	2	1	0	1	1	0	5	1	4	2	4	3	4	1	1	3	0	3	1	3	0	1	1	1	1	0	1	2	6	1	0	3	3	3	3	2	3	2
A[Del(C):R2]G	1	1	0	0	1	0	0	0	1	1	0	2	1	0	1	0	0	0	1	1	0	1	0	0	0	1	2	0	0	1	0	0	0	0	0	0	0	0	1	0	0	0	0	0	0	1	0	0	0	0	0	0	0	0	0	0	0	0	0	1	0	0	0	1	0	0	0	0	1	0	1	0	0	1	0	1	1	0	2	0	1	2	0	0	0	0	0	0	0	1	0	0	0	0	0	0	0	0	0	0	1	0	0	0	0	0	0	3	0	0	0	0	0
A[Del(C):R2]T	4	1	0	2	3	2	0	0	2	3	3	3	6	5	0	0	4	4	2	2	5	3	1	0	4	2	5	2	2	3	5	1	4	6	0	1	2	0	4	10	3	4	1	2	1	3	1	2	2	3	2	2	2	0	6	5	4	4	5	3	1	4	1	4	4	3	1	0	4	4	6	2	2	1	0	6	1	1	2	1	1	13	0	4	3	3	7	8	2	2	0	3	9	2	3	3	2	3	2	0	5	2	4	4	3	2	6	4	3	2	1	2	3
A[Del(C):R3]A	4	0	1	5	2	3	0	0	2	1	1	3	2	0	0	1	0	1	1	0	3	1	2	0	3	2	2	0	3	2	2	2	0	8	2	1	2	0	3	2	0	3	0	2	0	1	1	3	0	1	0	3	1	0	2	1	0	3	3	0	2	1	0	0	2	1	2	1	1	0	1	0	1	0	1	2	0	0	1	0	0	1	0	0	0	3	4	5	1	2	1	3	2	1	3	3	0	2	0	1	1	0	1	1	1	0	1	0	2	1	0	0	1
A[Del(C):R3]G	0	0	0	1	0	0	0	1	1	0	0	0	0	0	0	2	0	0	0	0	0	0	0	0	1	0	0	0	0	1	0	1	2	0	0	1	0	0	0	0	0	0	0	1	0	0	0	0	0	0	0	1	0	0	2	0	0	0	1	0	0	0	1	0	0	0	0	1	1	0	1	0	0	0	0	0	0	0	0	0	0	0	0	1	0	0	0	0	0	1	0	0	0	1	0	0	0	1	0	0	0	1	1	0	1	0	0	0	0	0	0	1	0
A[Del(C):R3]T	3	4	0	0	1	1	1	1	0	3	2	0	1	0	1	1	1	1	0	1	0	0	1	1	0	1	1	1	1	0	1	0	0	0	1	2	3	2	3	1	1	2	1	0	0	1	2	2	2	0	1	3	0	0	1	2	1	0	0	1	0	2	0	0	2	0	0	1	0	0	0	1	2	0	1	1	0	0	4	2	0	3	0	0	1	2	1	0	0	0	3	0	2	1	2	2	0	0	0	1	1	0	2	1	1	1	1	1	1	2	0	2	2
A[Del(C):R4]A	2	0	2	1	2	0	0	1	1	0	1	1	1	0	0	0	0	0	0	1	1	1	1	0	0	2	0	1	1	3	0	0	0	1	0	0	0	1	2	2	0	0	2	1	0	0	3	3	0	1	0	0	0	0	0	0	0	1	1	1	0	0	1	0	1	0	2	1	1	0	1	0	0	0	0	1	0	0	1	1	0	1	1	0	1	0	1	1	0	0	0	2	0	0	1	1	0	1	3	0	1	0	1	1	0	0	2	0	1	0	0	0	2
A[Del(C):R4]G	0	0	0	1	0	0	1	0	0	0	1	0	0	0	0	0	0	0	0	1	0	0	0	0	0	0	1	0	1	1	0	0	1	0	0	0	0	0	0	0	0	0	1	0	0	1	0	0	1	0	0	0	0	0	0	1	0	2	0	0	0	0	0	1	0	0	0	0	0	0	0	0	0	0	0	1	0	0	0	0	0	1	0	0	0	1	0	1	1	0	0	0	0	0	0	1	1	0	1	1	0	1	1	0	0	0	0	0	0	0	0	1	0
A[Del(C):R4]T	2	0	0	0	0	0	1	0	1	1	2	0	1	0	2	0	0	0	0	0	3	0	1	0	0	0	1	0	2	4	0	0	0	2	0	1	1	0	2	0	0	2	0	0	0	0	0	1	1	1	0	1	0	0	2	1	1	0	1	1	0	1	0	0	0	0	2	0	2	0	0	1	1	1	0	0	0	0	0	0	1	0	1	0	4	0	0	3	0	0	0	0	0	0	1	1	0	2	0	0	1	0	2	3	0	0	0	0	0	1	0	1	1
A[Del(C):R5]A	2	0	0	1	1	0	1	0	0	0	2	0	1	2	0	2	2	0	1	0	0	0	0	0	0	0	0	0	2	0	3	1	0	1	0	1	0	0	1	3	0	0	0	1	0	0	5	1	0	3	0	0	0	2	1	1	0	0	0	0	0	1	1	2	1	0	0	1	1	1	3	0	0	0	0	0	0	0	0	0	0	3	1	0	0	0	0	2	0	1	0	1	0	2	2	0	1	0	1	0	1	0	2	0	0	2	0	0	0	0	1	3	0
A[Del(C):R5]G	0	0	0	0	0	0	0	0	0	0	0	0	0	0	0	0	0	1	1	0	0	0	0	0	0	0	0	0	0	0	0	0	0	0	0	0	0	0	0	0	0	0	1	0	0	0	1	1	0	1	0	0	0	0	0	0	0	0	0	0	0	0	0	0	0	0	0	0	0	0	0	0	0	0	0	1	0	0	0	0	0	0	0	0	0	0	0	0	0	0	0	0	0	0	0	0	0	0	0	0	1	0	0	0	1	0	0	0	0	0	0	0	0
A[Del(C):R5]T	2	0	1	0	0	1	0	2	2	0	0	0	0	0	0	1	1	0	0	0	1	0	2	0	0	1	0	0	0	0	1	0	2	0	1	1	0	0	0	3	0	0	0	0	0	0	7	0	0	0	1	0	0	0	0	1	0	1	1	0	0	1	0	0	0	0	0	0	0	0	0	0	0	0	0	0	0	1	0	0	0	1	0	1	1	1	0	0	0	1	0	0	0	1	0	2	0	0	0	1	1	0	0	0	0	0	0	1	0	1	0	0	0
A[Del(C):R6]A	0	0	0	0	0	0	0	0	3	1	0	1	0	0	0	0	0	1	0	0	0	0	0	0	1	0	1	0	0	0	1	0	0	0	0	1	0	0	1	0	0	0	0	0	0	0	12	0	0	0	1	0	0	0	0	0	0	1	0	0	0	0	0	0	0	0	0	0	0	0	2	0	2	0	0	0	0	1	0	1	0	1	1	0	1	1	1	0	0	0	0	0	2	0	0	0	0	1	0	0	1	0	0	1	0	0	0	0	1	0	0	0	0
A[Del(C):R6]G	0	0	0	0	0	0	0	0	0	0	0	0	0	0	0	0	0	0	0	0	0	1	0	0	0	0	0	0	0	0	0	0	0	0	0	0	0	0	0	0	0	0	0	0	0	0	2	0	0	0	0	0	0	0	0	0	0	0	0	0	0	0	0	0	0	0	0	0	0	0	0	0	0	0	0	0	0	0	0	0	0	0	0	0	0	0	1	0	0	0	0	0	0	0	0	0	0	0	0	0	0	0	0	0	1	0	0	0	0	0	0	0	0
A[Del(C):R6]T	0	0	0	3	0	1	0	0	0	0	2	1	0	0	0	0	0	0	0	0	0	0	0	0	0	0	0	0	0	0	0	0	0	0	0	2	0	0	0	0	0	1	0	0	0	0	5	1	0	0	0	0	0	0	0	0	0	0	0	1	1	0	0	0	0	0	0	1	0	0	0	0	0	0	1	1	0	0	0	1	0	0	0	0	0	0	0	0	0	0	0	0	0	0	2	0	1	0	0	0	0	0	0	0	0	0	1	0	0	0	0	0	0
A[Del(C):R7]A	0	1	0	0	0	0	1	0	0	0	0	0	0	0	0	0	0	0	0	0	0	0	0	0	0	0	0	0	0	0	0	0	0	1	0	0	1	0	0	0	0	0	0	0	0	0	10	0	0	0	0	1	0	0	1	0	0	0	0	0	0	0	0	0	0	0	0	0	0	0	0	0	0	0	0	0	0	0	0	0	0	0	0	0	0	0	0	0	0	0	0	0	0	0	0	0	0	0	0	0	0	0	0	0	0	0	2	0	0	0	0	0	0
A[Del(C):R7]G	1	0	0	0	0	0	0	0	0	0	0	0	0	0	0	0	0	0	0	0	0	0	0	0	0	0	0	0	0	0	0	0	0	0	0	0	0	0	0	0	0	0	0	0	0	0	2	0	0	0	0	0	0	0	0	0	0	0	0	0	0	0	0	0	0	0	0	0	0	0	0	0	0	0	0	0	0	0	0	0	0	0	0	0	0	0	1	0	0	0	0	0	0	0	0	0	0	0	0	0	0	0	0	0	0	0	0	0	0	0	0	0	0
A[Del(C):R7]T	1	0	0	0	0	0	0	0	1	0	0	1	0	0	0	0	0	0	0	0	0	0	0	0	0	0	0	0	0	0	0	0	0	1	0	0	0	0	0	0	0	0	0	0	0	0	5	0	0	0	0	0	0	0	0	0	0	0	0	0	0	0	0	0	1	0	0	1	0	0	0	0	0	0	0	2	0	0	0	0	0	0	0	0	0	0	0	0	0	0	0	1	0	0	0	0	0	0	0	0	0	0	0	0	0	0	0	0	0	0	1	0	0
A[Del(C):R8]A	0	0	0	0	0	0	0	0	0	0	0	1	0	0	0	1	0	1	0	0	0	0	0	0	0	0	0	0	0	0	0	0	0	0	0	0	0	0	0	0	0	0	0	0	0	0	6	0	0	0	0	0	0	0	0	0	0	0	0	0	1	0	0	0	0	0	0	0	1	0	0	0	0	0	0	0	0	0	0	0	0	0	0	0	0	0	0	0	0	1	1	0	0	0	0	0	0	0	0	0	0	0	0	0	2	0	0	0	0	0	0	0	1
A[Del(C):R8]G	0	0	0	0	0	0	0	0	0	0	0	0	0	0	0	0	0	0	0	0	0	0	0	0	0	0	0	0	0	0	0	0	0	0	0	0	0	0	0	0	0	0	0	0	0	0	3	0	0	0	0	0	0	0	0	0	0	0	0	0	0	0	0	0	0	0	0	0	0	0	0	0	0	0	0	0	0	0	0	0	0	0	0	0	0	0	0	0	0	0	0	0	0	0	0	0	0	0	0	0	0	0	0	0	0	0	0	0	0	0	0	0	0
A[Del(C):R8]T	0	0	0	0	0	0	0	0	0	0	0	0	0	0	0	0	0	0	0	0	0	0	0	0	0	0	0	0	0	0	0	0	0	0	0	0	0	0	0	0	0	0	0	0	0	0	2	0	0	0	0	0	0	0	0	0	0	0	0	0	0	0	0	0	0	0	1	0	0	0	0	0	0	0	0	0	0	0	0	0	0	0	0	0	0	0	0	0	0	0	0	0	0	0	0	0	0	0	0	0	0	0	0	0	0	0	0	0	0	0	0	0	1
A[Del(C):R(9,)]A	0	0	0	0	0	0	0	0	0	0	0	0	0	0	0	0	0	0	0	0	0	0	0	0	0	0	0	0	0	0	0	0	0	0	0	0	0	0	0	0	0	0	0	0	0	0	0	0	0	0	0	0	0	0	0	0	0	0	0	0	0	0	0	0	0	0	0	0	0	0	0	0	0	0	0	0	0	0	0	0	0	0	0	0	0	0	0	0	0	0	0	0	0	0	0	0	0	0	0	0	0	0	0	0	0	0	0	0	0	0	0	0	0
A[Del(C):R(9,)]G	0	0	0	0	0	0	0	0	0	0	0	0	0	0	0	0	0	0	0	0	0	0	0	0	0	0	0	0	0	0	0	0	0	0	0	0	0	0	0	0	0	0	0	0	0	0	0	0	0	0	0	0	0	0	0	0	0	0	0	0	0	0	0	0	0	0	0	0	0	0	0	0	0	0	0	0	0	0	0	0	0	0	0	0	0	0	0	0	0	0	0	0	0	0	0	0	0	0	0	0	0	0	0	0	0	0	0	0	0	0	0	0	0
A[Del(C):R(9,)]T	0	0	0	0	0	0	0	0	0	0	0	0	0	0	0	0	0	0	0	0	0	0	0	0	0	0	0	0	0	0	0	0	0	0	0	0	0	0	0	0	0	0	0	0	0	0	0	0	0	0	0	0	0	0	0	0	0	0	0	0	0	0	0	0	0	0	0	0	0	0	0	0	0	0	0	0	0	0	0	0	0	0	0	0	0	0	0	0	0	0	0	0	0	0	0	0	0	0	0	0	0	0	0	0	0	0	0	0	0	0	0	0	0
G[Del(C):R1]A	2	0	1	3	3	2	2	1	4	1	3	6	1	1	1	3	1	4	3	4	1	2	1	1	1	1	3	0	3	7	1	0	2	3	2	5	2	1	5	2	2	2	1	7	2	4	5	4	2	6	2	5	0	0	2	3	4	8	1	2	1	1	0	3	0	3	0	2	2	1	2	2	4	0	1	4	2	1	1	3	0	2	0	0	0	4	3	0	3	4	1	2	1	0	2	3	3	1	4	1	2	0	7	5	1	1	5	2	2	0	1	3	3
G[Del(C):R1]G	0	2	0	1	0	0	0	1	0	0	0	0	0	0	0	0	1	0	0	0	0	0	0	1	1	1	1	0	0	0	1	0	1	1	0	4	0	0	2	1	0	0	2	0	0	3	1	1	0	1	0	1	0	0	0	1	0	1	0	0	0	1	3	0	1	1	0	1	0	0	0	0	1	0	0	1	0	0	1	1	0	1	0	0	0	0	0	0	0	0	0	0	0	0	1	1	0	0	1	0	0	0	0	3	0	0	1	0	0	1	1	0	0
G[Del(C):R1]T	14	4	0	16	1	1	5	6	7	2	11	9	3	0	4	2	3	4	0	9	2	2	3	1	3	5	2	1	6	13	7	3	9	12	1	7	5	0	16	28	2	7	1	4	1	3	8	10	5	12	3	19	4	2	9	14	5	11	6	6	4	6	2	6	9	4	6	5	8	1	10	6	3	0	3	9	4	1	1	3	0	13	7	5	11	11	5	9	1	10	0	4	1	4	11	6	3	12	4	3	3	2	13	8	6	1	10	3	10	6	2	6	3
G[Del(C):R2]A	2	2	0	5	2	3	4	0	1	1	3	6	4	4	1	4	1	2	0	3	1	2	1	1	3	1	1	1	1	2	0	1	2	4	1	2	0	0	7	3	0	0	1	6	0	2	5	5	2	2	0	4	1	1	2	7	2	4	4	1	3	3	0	2	3	4	3	3	3	1	1	0	1	0	0	4	1	0	1	2	0	9	2	3	3	7	2	2	3	5	0	3	0	0	4	0	4	1	3	1	0	1	2	1	1	0	1	0	2	1	0	1	5
G[Del(C):R2]G	2	1	0	0	1	0	0	0	1	0	1	2	0	0	1	1	0	0	0	0	0	0	0	0	0	0	0	0	0	0	0	0	0	1	0	0	0	0	0	0	0	0	0	0	0	2	0	1	0	0	0	1	0	0	2	3	1	1	2	0	0	0	0	0	0	0	0	0	0	0	0	1	0	0	0	3	0	2	1	0	0	2	0	1	2	0	0	0	1	1	0	0	0	1	0	1	0	0	0	2	1	0	0	0	1	0	0	3	1	0	0	0	1
G[Del(C):R2]T	3	2	1	3	0	4	6	0	1	3	5	5	7	2	1	1	3	1	1	3	3	2	1	2	2	1	4	1	1	4	3	0	2	3	0	2	1	1	5	3	0	1	1	8	2	1	2	4	3	5	0	2	1	1	7	2	1	3	0	2	0	2	0	3	4	3	3	5	1	2	2	1	2	0	0	3	2	1	0	1	0	3	2	2	4	3	5	3	3	1	0	0	2	1	3	2	2	5	3	2	1	1	1	4	1	3	2	2	9	3	2	1	3
G[Del(C):R3]A	4	0	0	1	1	6	4	0	0	0	1	0	0	1	1	0	1	0	0	0	0	0	1	0	1	0	1	1	1	2	0	1	2	2	2	1	0	0	2	1	0	0	0	2	0	0	1	1	2	3	2	9	0	0	1	2	0	2	1	1	0	1	0	2	1	2	0	2	1	0	0	2	1	0	0	1	2	0	0	1	0	3	2	1	0	0	0	4	0	2	1	2	0	0	2	0	1	1	0	0	0	1	2	1	0	0	3	0	1	2	0	0	3
G[Del(C):R3]G	0	0	0	1	0	2	0	0	0	1	0	0	0	0	0	0	0	0	0	0	0	0	0	1	0	0	1	0	0	0	0	0	2	2	0	1	0	0	0	1	0	0	0	0	0	0	0	0	0	1	0	1	0	0	0	0	1	1	0	0	0	0	0	0	1	0	1	0	0	0	0	1	0	0	0	1	0	0	0	0	0	0	0	0	0	0	0	3	0	0	1	0	0	0	0	0	0	0	1	1	1	0	2	0	0	0	1	0	1	0	0	0	1
G[Del(C):R3]T	0	0	0	2	0	2	0	2	0	0	1	1	0	1	0	0	0	0	2	0	0	0	2	0	2	0	1	1	0	1	0	1	0	0	0	1	1	0	2	3	0	0	0	1	1	1	0	1	2	2	0	2	0	0	0	3	1	3	2	0	0	2	0	0	0	0	0	1	1	1	0	1	0	1	1	1	0	1	0	0	0	3	1	1	0	1	2	3	0	0	0	0	0	1	3	1	1	1	0	1	0	0	1	1	2	2	0	1	0	0	0	0	2
G[Del(C):R4]A	0	0	0	2	1	0	0	1	0	1	0	0	1	1	1	0	1	0	0	1	1	0	1	0	1	0	0	0	0	3	0	0	1	1	0	0	0	1	0	1	0	0	0	0	0	0	1	0	1	1	1	2	0	1	0	1	0	1	0	0	0	0	0	0	0	1	0	0	1	1	0	1	0	1	0	4	0	1	0	0	0	1	1	0	0	1	0	0	0	3	0	1	0	0	2	0	0	1	1	0	0	1	1	3	1	0	0	0	0	0	0	0	0
G[Del(C):R4]G	0	0	0	1	0	1	1	0	0	0	0	0	0	1	0	0	0	0	0	0	0	1	0	1	0	0	0	1	0	2	0	0	0	0	0	0	0	1	1	0	0	0	0	0	0	0	0	0	0	1	0	0	0	0	0	0	0	1	0	0	0	0	0	0	0	0	0	0	0	0	0	0	0	0	0	0	0	0	0	0	0	0	0	0	0	0	0	0	0	1	0	1	0	0	0	0	0	0	1	0	0	0	0	1	0	1	1	0	0	0	0	0	0
G[Del(C):R4]T	1	0	0	1	0	0	1	0	0	0	1	1	0	1	1	0	0	0	0	0	1	0	0	0	0	1	0	0	0	1	1	0	1	0	1	0	0	0	1	0	0	0	0	0	0	0	1	3	2	0	0	0	0	0	2	2	0	0	2	0	0	1	0	1	1	0	1	0	1	0	1	0	0	2	2	1	0	0	0	0	0	1	0	0	1	0	2	1	0	1	0	2	0	0	1	0	0	0	0	0	1	0	1	0	0	1	1	0	0	1	1	0	0
G[Del(C):R5]A	2	2	0	1	1	1	0	1	0	0	0	0	0	0	2	1	1	0	0	0	0	0	0	0	0	0	0	0	1	1	1	0	2	2	0	0	2	0	5	0	0	2	0	0	0	0	2	1	2	2	0	0	1	0	2	3	0	0	0	0	0	0	0	0	0	0	1	0	3	0	1	0	0	0	1	0	0	0	0	0	0	4	1	1	0	1	1	0	0	2	0	1	0	0	0	0	0	1	0	0	0	0	1	1	1	1	2	0	1	0	1	0	0
G[Del(C):R5]G	0	0	0	0	0	0	0	0	0	0	0	0	0	0	0	0	0	0	0	0	0	0	0	0	0	2	0	0	0	0	0	0	0	0	0	0	0	0	0	0	0	0	1	0	0	1	0	0	0	2	0	0	0	0	0	0	1	0	0	0	1	0	0	0	0	0	0	0	0	0	0	0	0	0	2	0	0	0	0	0	0	0	0	0	0	0	0	0	0	0	0	0	0	0	1	0	0	0	0	0	0	0	0	1	0	0	1	0	0	1	0	0	0
G[Del(C):R5]T	0	0	0	0	0	1	1	0	0	0	3	1	0	1	0	0	0	0	0	0	1	0	0	0	0	0	0	0	0	0	1	0	1	0	0	0	0	0	1	0	0	0	1	1	1	1	4	0	0	0	1	0	0	0	0	1	1	1	0	0	2	0	1	0	1	0	0	1	0	0	0	1	0	0	1	3	0	1	1	0	0	2	0	1	0	1	2	0	0	0	0	0	1	0	0	1	0	2	1	0	0	0	0	0	0	0	0	1	2	2	0	0	0
G[Del(C):R6]A	0	0	0	0	1	1	2	0	1	0	1	0	1	0	0	0	2	0	0	0	0	0	2	0	0	0	0	1	0	1	0	0	0	0	0	0	1	0	0	0	2	1	0	0	0	0	6	0	1	0	1	0	1	0	1	0	0	2	1	0	0	1	0	3	0	0	0	0	0	0	0	0	0	1	0	1	0	0	0	0	0	2	0	1	0	0	0	0	0	0	0	0	0	0	0	0	1	0	0	0	0	0	2	0	0	1	0	0	0	1	0	0	0
G[Del(C):R6]G	0	0	0	0	0	0	0	0	0	0	0	0	0	0	0	2	0	0	0	0	1	0	0	0	0	0	0	0	0	0	0	0	0	0	0	0	0	0	0	0	0	0	0	0	0	0	0	0	0	0	0	0	0	0	0	0	1	0	0	0	0	0	1	0	0	0	0	0	0	0	0	0	0	0	0	0	0	0	0	0	0	0	0	0	0	1	0	1	2	0	0	0	0	0	0	0	0	0	0	0	0	0	0	0	0	0	0	0	0	0	0	0	0
G[Del(C):R6]T	0	0	0	0	0	0	0	0	0	0	0	1	0	0	0	0	0	0	0	0	0	1	0	0	0	0	0	0	0	0	0	0	0	0	0	0	0	0	1	1	0	0	0	0	0	0	2	1	0	1	0	0	0	0	0	0	0	0	0	1	0	1	0	0	0	0	0	0	0	1	0	1	0	0	0	1	0	0	0	0	0	1	0	0	1	0	0	0	0	0	0	0	0	0	1	0	1	0	0	1	0	0	0	0	0	0	0	0	0	0	0	0	0
G[Del(C):R7]A	0	0	0	0	0	0	0	0	0	0	0	0	0	0	0	0	0	0	0	0	0	0	0	0	0	1	0	0	0	0	0	0	0	0	0	0	0	0	0	0	0	0	0	0	0	0	4	0	0	0	0	0	0	0	0	0	0	0	0	0	0	0	0	0	0	0	0	0	0	0	1	0	0	0	0	0	0	0	0	0	0	0	0	1	0	1	0	0	0	0	0	0	0	0	0	0	0	0	0	0	0	0	0	0	0	0	0	0	0	0	0	0	0
G[Del(C):R7]G	0	0	0	0	0	0	0	0	0	0	0	0	0	0	0	1	0	0	0	0	0	0	0	0	0	0	0	0	0	0	0	0	0	0	0	0	0	0	0	0	0	0	0	0	0	0	2	0	0	0	0	0	0	0	0	0	0	0	0	0	0	0	0	0	0	0	0	0	0	0	0	0	0	0	0	0	0	1	0	0	0	0	0	1	0	0	0	0	0	0	0	0	0	0	0	0	0	0	0	0	0	0	0	0	0	0	0	0	0	0	0	0	0
G[Del(C):R7]T	0	0	0	0	0	0	0	0	0	0	0	0	0	0	0	0	0	0	0	0	0	0	0	1	0	0	0	0	0	0	0	0	0	0	0	0	0	0	1	0	0	0	1	0	0	0	4	0	0	0	0	0	0	0	0	0	0	0	0	0	0	0	0	0	0	0	0	0	0	0	0	0	0	0	0	0	0	0	0	0	0	0	0	0	0	0	0	0	0	0	0	0	0	0	0	0	0	0	0	0	0	0	0	0	0	0	0	0	0	0	0	0	0
G[Del(C):R8]A	0	0	0	0	0	0	0	0	0	0	0	0	0	0	2	0	0	0	0	0	0	0	0	0	0	0	0	0	0	0	0	0	0	0	0	0	0	0	1	0	0	0	0	0	0	0	6	0	0	0	0	0	0	0	0	0	0	0	0	0	0	0	0	0	0	0	0	0	0	0	1	0	0	0	0	0	0	0	1	0	0	0	0	0	0	0	0	0	0	0	0	0	0	0	0	0	0	0	0	0	0	0	0	0	0	0	0	0	0	0	0	0	0
G[Del(C):R8]G	0	0	0	0	0	0	0	0	0	0	0	0	0	0	0	0	0	0	0	0	0	0	0	0	0	1	0	0	0	0	0	0	0	0	0	0	0	0	0	0	0	0	0	0	0	0	0	0	0	0	0	0	0	0	0	0	0	0	0	0	0	0	0	0	0	0	0	0	1	0	0	0	0	0	0	0	0	0	0	0	0	0	0	0	0	0	0	0	0	0	0	0	0	0	0	0	0	0	0	0	0	0	0	0	0	0	0	1	0	0	0	0	0
G[Del(C):R8]T	0	0	0	0	0	0	0	0	1	0	0	0	0	0	0	0	0	0	0	0	0	0	0	0	0	0	0	0	0	0	0	0	0	0	0	0	0	0	0	0	0	0	0	0	0	0	3	0	0	0	0	0	0	0	0	0	0	0	0	0	0	0	0	0	0	0	0	0	0	0	0	0	0	0	0	0	0	0	0	0	0	0	0	0	0	0	0	0	0	0	0	0	0	0	0	0	0	1	1	0	0	0	0	0	0	0	0	0	0	0	0	0	0
G[Del(C):R(9,)]A	0	0	0	0	0	0	0	0	0	0	0	0	0	0	0	0	0	0	0	0	0	0	0	0	0	0	0	0	0	0	0	0	0	0	0	0	0	0	0	0	0	0	0	0	0	0	0	0	0	0	0	0	0	0	0	0	0	0	0	0	0	0	0	0	0	0	0	0	0	0	0	0	0	0	0	0	0	0	0	0	0	0	0	0	0	0	0	0	0	0	0	0	0	0	0	0	0	0	0	0	0	0	0	0	0	0	0	0	0	0	0	0	0
G[Del(C):R(9,)]G	0	0	0	0	0	0	0	0	0	0	0	0	0	0	0	0	0	0	0	0	0	0	0	0	0	0	0	0	0	0	0	0	0	0	0	0	0	0	0	0	0	0	0	0	0	0	0	0	0	0	0	0	0	0	0	0	0	0	0	0	0	0	0	0	0	0	0	0	0	0	0	0	0	0	0	0	0	0	0	0	0	0	0	0	0	0	0	0	0	0	0	0	0	0	0	0	0	0	0	0	0	0	0	0	0	0	0	0	0	0	0	0	0
G[Del(C):R(9,)]T	0	0	0	0	0	0	0	0	0	0	0	0	0	0	0	0	0	0	0	0	0	0	0	0	0	0	0	0	0	0	0	0	0	0	0	0	0	0	0	0	0	0	0	0	0	0	0	0	0	0	0	0	0	0	0	0	0	0	0	0	0	0	0	0	0	0	0	0	0	0	0	0	0	0	0	0	0	0	0	0	0	0	0	0	0	0	0	0	0	0	0	0	0	0	0	0	0	0	0	0	0	0	0	0	0	0	0	0	0	0	0	0	0
T[Del(C):R1]A	5	1	1	2	4	3	4	1	4	1	2	3	3	5	3	2	3	1	2	3	4	3	4	3	6	4	4	3	3	1	3	2	5	0	3	4	2	0	5	7	3	2	4	5	0	1	7	5	2	6	1	0	1	1	3	5	2	3	1	5	1	3	3	0	4	4	5	2	3	2	6	1	1	2	1	3	2	1	1	4	0	6	2	2	2	3	5	5	3	2	2	5	2	0	5	3	1	1	2	1	2	3	8	5	2	1	2	0	1	4	1	3	3
T[Del(C):R1]G	0	1	0	0	1	1	0	1	0	0	1	0	1	0	0	1	0	0	1	1	0	0	1	0	0	1	3	0	2	0	0	0	3	0	1	1	1	0	4	0	0	2	2	0	0	2	0	0	0	1	0	0	0	0	0	1	0	0	0	1	1	0	1	0	0	0	1	0	0	0	3	0	3	0	0	0	0	2	0	0	1	2	0	0	0	0	1	0	1	2	0	1	1	0	1	2	0	0	0	0	1	1	0	0	2	0	1	5	0	2	0	1	1
T[Del(C):R1]T	15	4	0	16	1	15	23	6	9	4	15	16	4	6	3	11	4	11	4	11	6	3	5	1	3	8	9	1	11	14	13	2	6	28	5	10	12	2	23	43	6	13	4	8	1	9	8	14	11	25	5	16	9	2	13	20	9	14	7	9	6	9	2	3	7	4	9	7	15	4	13	7	11	1	6	33	5	1	6	4	1	29	12	7	11	14	13	15	3	17	2	6	7	7	12	14	4	7	6	5	9	1	14	13	8	7	15	4	16	9	4	9	13
T[Del(C):R2]A	1	1	0	5	3	5	4	2	0	1	1	2	4	1	3	3	3	5	0	4	0	0	0	0	1	2	2	3	2	4	5	1	3	2	0	3	1	0	8	2	2	3	0	1	1	2	1	3	2	4	2	1	0	0	4	4	0	2	1	1	3	4	1	1	0	1	4	1	2	5	4	1	0	0	1	5	2	3	1	3	0	6	3	2	2	4	4	5	1	7	0	2	1	3	4	3	2	5	0	1	2	2	0	7	1	2	4	1	4	2	1	1	1
T[Del(C):R2]G	1	0	2	0	0	0	0	0	0	1	1	0	0	0	1	0	1	0	1	0	2	1	0	0	1	0	1	0	1	0	0	0	0	1	0	0	0	0	0	0	0	0	1	0	0	1	1	0	0	0	0	1	1	1	0	0	0	3	1	0	1	1	0	1	0	0	1	0	1	0	0	0	1	0	0	1	0	0	0	0	1	2	1	1	1	0	1	1	0	0	0	0	0	1	0	1	0	1	0	0	0	0	0	0	1	0	0	1	0	2	0	0	1
T[Del(C):R2]T	6	3	1	6	3	5	6	6	6	5	4	6	4	4	2	1	2	7	3	4	2	1	2	2	6	5	6	6	4	8	4	1	5	10	0	5	4	1	11	14	3	7	3	5	5	4	3	4	0	9	7	11	1	1	9	8	0	7	3	4	0	7	2	6	7	2	5	5	9	8	7	5	1	1	3	8	1	3	0	3	2	14	3	6	7	7	6	12	3	5	2	8	5	2	7	4	2	8	5	3	6	2	9	4	4	5	7	3	14	5	3	3	6
T[Del(C):R3]A	3	0	0	4	1	2	4	1	1	1	3	0	3	3	1	0	2	1	1	0	1	0	1	0	1	1	1	0	3	8	1	0	2	2	1	3	0	0	3	3	4	0	0	2	1	0	5	3	0	7	2	2	1	2	3	6	1	3	2	0	2	3	0	1	3	1	2	2	4	1	3	1	0	0	0	2	0	2	0	1	2	3	1	0	3	3	0	5	0	5	0	1	1	2	6	0	0	2	1	1	2	2	2	3	1	2	8	0	1	1	0	0	2
T[Del(C):R3]G	1	0	0	0	0	0	1	0	0	0	0	0	0	0	1	0	0	0	0	0	0	0	0	0	0	0	0	1	0	0	0	0	0	0	0	1	0	0	1	0	0	0	0	1	0	0	1	0	1	0	0	0	1	0	1	0	0	0	0	0	1	1	0	1	0	0	0	0	0	0	0	0	0	1	0	1	1	1	0	1	0	1	0	0	0	0	0	0	0	1	0	0	0	0	1	0	1	0	0	0	1	0	0	1	0	0	0	0	0	0	0	0	0
T[Del(C):R3]T	0	1	0	1	0	0	1	0	2	1	1	3	1	0	0	1	2	0	0	1	0	0	1	0	2	0	2	1	0	2	0	1	3	1	0	3	0	0	4	1	1	1	0	2	0	2	3	4	2	2	2	5	1	0	2	3	0	1	1	1	0	0	2	3	1	1	0	1	1	1	1	0	0	0	0	0	3	3	1	1	1	3	0	1	1	3	0	5	0	3	0	3	1	0	3	1	3	2	1	2	3	0	0	4	2	1	4	0	1	0	0	1	2
T[Del(C):R4]A	1	0	0	0	0	1	1	0	0	1	0	0	2	1	0	3	2	0	1	1	0	1	0	0	2	0	1	0	0	1	1	0	0	1	1	2	0	0	1	2	1	2	1	1	0	1	5	3	1	0	0	0	0	1	1	2	1	1	3	0	0	1	0	1	2	1	1	0	0	0	1	1	0	0	0	1	0	0	1	0	0	3	1	0	2	0	1	4	0	0	1	1	1	2	1	1	0	1	1	1	1	0	2	0	0	0	1	1	2	0	0	1	1
T[Del(C):R4]G	0	0	0	0	0	0	0	0	1	0	0	0	0	0	0	0	0	0	0	0	0	0	0	0	0	0	3	0	1	0	0	0	0	0	0	0	0	0	0	0	0	0	0	0	0	0	1	0	0	0	0	1	0	0	0	0	0	0	0	0	0	0	0	0	0	0	0	0	0	0	1	0	0	0	2	0	0	0	0	0	0	0	0	0	0	0	0	1	0	1	0	0	0	0	1	0	0	0	0	1	0	0	1	0	0	0	0	0	1	0	0	0	0
T[Del(C):R4]T	1	2	0	0	0	0	2	0	1	1	1	1	1	1	0	0	0	0	0	2	0	0	0	0	0	0	2	0	1	0	0	0	0	1	0	1	0	0	1	1	0	0	1	1	0	0	0	2	0	2	0	1	0	1	3	1	2	0	2	1	0	1	1	0	0	1	1	2	0	1	0	0	0	0	2	2	2	0	0	0	1	0	0	0	1	1	0	1	1	4	0	2	1	1	1	1	1	0	0	0	2	0	2	1	0	0	2	0	1	1	0	1	2
T[Del(C):R5]A	1	0	0	1	0	2	1	0	0	0	2	2	0	0	0	0	1	2	0	0	1	0	0	0	0	0	1	0	0	1	2	0	1	0	0	0	0	0	3	3	0	1	0	0	0	0	3	0	0	1	1	0	1	0	3	1	0	1	1	0	0	0	1	0	0	0	0	0	0	0	1	0	0	0	0	2	0	0	1	0	0	2	0	0	0	2	0	1	1	2	0	1	0	0	0	0	1	1	1	0	0	0	1	0	0	0	0	0	1	1	0	4	2
T[Del(C):R5]G	1	0	0	0	1	0	0	0	0	0	0	1	0	0	0	0	0	0	0	0	0	1	0	0	0	0	0	0	0	0	1	0	0	0	0	0	0	0	0	0	0	0	0	0	0	0	0	0	0	0	0	0	0	0	0	0	0	0	0	1	0	0	0	0	0	0	0	0	0	0	0	0	0	0	0	0	0	0	0	0	1	0	0	1	0	1	0	0	0	0	0	0	0	0	0	0	0	0	0	0	0	0	1	0	0	0	0	0	1	0	0	0	0
T[Del(C):R5]T	0	0	0	2	0	1	0	2	0	0	0	1	0	1	0	0	0	0	0	0	1	0	0	0	0	0	0	0	0	0	1	1	2	0	0	0	0	0	0	1	0	0	0	1	0	0	6	0	0	1	0	0	0	0	1	3	0	0	0	0	0	0	0	1	1	1	0	2	0	0	0	0	0	0	1	1	0	1	1	0	0	0	0	0	0	1	1	1	0	1	0	1	0	1	1	0	0	1	0	0	0	0	1	1	0	0	1	1	0	1	0	1	1
T[Del(C):R6]A	0	0	0	1	0	1	0	0	0	0	0	1	1	0	1	2	0	0	0	0	1	0	0	0	0	1	0	0	0	0	0	0	0	0	0	0	0	0	0	1	0	2	1	1	1	1	6	0	3	1	0	2	0	0	1	0	0	0	0	0	0	0	0	0	0	0	0	1	1	0	0	0	1	0	0	0	0	0	1	1	0	0	1	0	0	0	0	0	1	0	0	0	0	0	0	0	2	0	0	0	1	1	0	0	1	1	1	1	0	0	0	0	2
T[Del(C):R6]G	0	0	0	0	0	0	0	0	0	0	0	0	0	0	0	0	0	0	0	0	0	0	0	0	0	0	0	0	0	0	0	0	0	0	0	2	0	0	0	0	0	0	0	0	0	1	0	0	0	0	0	1	0	0	0	0	0	0	0	0	0	0	0	0	0	0	0	0	0	0	0	0	0	0	0	0	0	0	0	0	0	0	0	0	0	0	0	0	0	1	0	0	0	0	0	0	0	0	0	0	0	0	0	0	0	0	0	0	0	0	0	0	0
T[Del(C):R6]T	0	0	0	0	0	0	0	0	0	0	1	0	0	0	0	0	0	0	0	0	0	0	0	0	0	0	0	0	0	0	0	0	0	0	0	0	0	1	1	0	2	0	0	0	0	0	19	1	0	0	0	0	0	0	0	0	0	0	0	1	0	0	0	1	0	1	0	0	0	0	0	0	0	0	0	0	0	0	0	0	0	0	1	0	0	0	0	0	0	0	0	0	0	1	1	1	0	0	1	0	1	0	0	0	0	0	0	0	0	0	1	0	0
T[Del(C):R7]A	0	0	0	0	0	0	0	0	0	0	0	0	0	0	0	0	0	0	0	0	0	0	0	0	0	0	0	0	0	0	0	0	0	0	0	0	0	0	0	1	0	0	0	0	0	0	7	0	0	0	0	0	0	0	0	0	0	0	0	0	0	0	0	0	0	0	1	0	0	0	0	0	1	0	0	0	0	0	0	0	0	0	0	0	0	0	0	0	0	0	0	0	0	0	0	0	0	0	0	0	0	0	0	0	0	0	0	0	0	0	0	0	0
T[Del(C):R7]G	1	0	0	0	0	0	0	0	0	0	0	0	0	0	0	0	0	0	0	0	0	0	0	0	0	0	0	0	0	0	0	0	0	0	0	0	0	0	0	0	0	0	0	0	0	0	1	0	0	0	0	0	0	0	0	0	0	0	0	0	0	0	0	0	0	0	0	0	0	0	0	0	0	0	0	0	0	0	0	0	0	0	0	0	0	0	0	0	0	0	0	0	0	0	0	0	0	0	0	0	0	0	0	0	0	0	0	0	0	0	0	0	0
T[Del(C):R7]T	0	0	0	0	0	0	0	0	0	0	0	0	0	0	0	0	0	1	0	0	0	0	0	0	0	0	0	0	0	0	0	0	0	0	0	0	0	0	0	0	0	0	0	0	0	0	8	0	0	0	0	0	0	0	0	0	0	0	0	0	0	0	0	0	0	0	0	0	0	0	0	0	0	0	0	0	0	0	0	0	0	1	0	0	0	0	1	0	0	0	0	0	0	0	0	0	0	0	0	0	0	0	0	0	0	0	0	0	1	0	0	0	0
T[Del(C):R8]A	0	1	0	0	0	0	0	0	0	0	0	0	0	0	0	2	0	0	0	0	0	0	0	0	0	1	0	0	0	0	0	0	0	0	0	0	0	0	0	0	0	0	0	0	0	0	4	0	0	0	0	0	0	0	1	0	0	1	0	0	0	0	0	0	0	0	0	0	1	0	0	0	0	0	0	0	0	0	0	0	0	0	0	0	0	0	0	0	0	0	0	0	0	0	0	0	0	0	0	0	0	0	1	0	0	0	0	0	0	0	0	0	0
T[Del(C):R8]G	0	0	0	0	0	0	0	0	0	0	0	0	0	0	0	0	0	0	0	0	0	0	0	0	0	0	0	0	0	0	0	0	0	0	0	0	0	0	0	0	0	0	0	0	0	0	1	0	0	0	0	0	0	0	0	0	0	0	0	0	0	0	0	0	0	0	0	0	0	0	0	0	0	0	0	0	0	0	0	0	0	0	0	0	0	0	0	0	0	0	0	0	0	0	0	0	0	0	0	0	0	0	0	0	0	0	0	0	0	0	0	0	0
T[Del(C):R8]T	0	0	0	0	0	0	0	0	0	0	0	0	0	0	0	0	0	0	0	0	0	0	0	0	0	0	0	0	0	0	0	0	0	0	0	0	0	0	0	0	0	0	0	0	0	0	1	0	0	0	0	0	0	0	0	0	0	0	0	0	0	0	0	0	0	0	0	0	0	0	0	0	0	0	0	0	0	0	0	0	0	0	0	0	0	0	0	0	0	0	0	0	0	0	0	0	0	0	0	0	0	0	0	0	0	0	0	0	0	0	0	0	0
T[Del(C):R(9,)]A	0	0	0	0	0	0	0	0	0	0	0	0	0	0	0	0	0	0	0	0	0	0	0	0	0	0	0	0	0	0	0	0	0	0	0	0	0	0	0	0	0	0	0	0	0	0	0	0	0	0	0	0	0	0	0	0	0	0	0	0	0	0	0	0	0	0	0	0	0	0	0	0	0	0	0	0	0	0	0	0	0	0	0	0	0	0	0	0	0	0	0	0	0	0	0	0	0	0	0	0	0	0	0	0	0	0	0	0	0	0	0	0	0
T[Del(C):R(9,)]G	0	0	0	0	0	0	0	0	0	0	0	0	0	0	0	0	0	0	0	0	0	0	0	0	0	0	0	0	0	0	0	0	0	0	0	0	0	0	0	0	0	0	0	0	0	0	0	0	0	0	0	0	0	0	0	0	0	0	0	0	0	0	0	0	0	0	0	0	0	0	0	0	0	0	0	0	0	0	0	0	0	0	0	0	0	0	0	0	0	0	0	0	0	0	0	0	0	0	0	0	0	0	0	0	0	0	0	0	0	0	0	0	0
T[Del(C):R(9,)]T	0	0	0	0	0	0	0	0	0	0	0	0	0	0	0	0	0	0	0	0	0	0	0	0	0	0	0	0	0	0	0	0	0	0	0	0	0	0	0	0	0	0	0	0	0	0	0	0	0	0	0	0	0	0	0	0	0	0	0	0	0	0	0	0	0	0	0	0	0	0	0	0	0	0	0	0	0	0	0	0	0	0	0	0	0	0	0	0	0	0	0	0	0	0	0	0	0	0	0	0	0	0	0	0	0	0	0	0	0	0	0	0	0
A[Del(T):R1]A	4	6	5	6	2	3	11	1	4	4	6	5	7	2	2	1	1	5	1	6	1	5	3	3	4	0	3	0	6	8	2	3	6	3	3	3	2	0	7	9	0	7	3	3	1	3	10	4	5	8	6	4	1	1	7	9	2	9	2	5	4	4	2	4	4	1	2	1	6	0	7	4	8	0	3	7	6	3	5	2	3	6	1	2	2	3	2	9	3	4	2	6	2	1	8	5	4	4	5	1	0	0	6	9	3	2	9	0	2	4	2	2	3
A[Del(T):R1]C	1	2	0	1	1	1	3	3	2	1	2	2	2	2	1	4	2	0	0	1	4	1	2	1	0	2	4	0	3	4	0	1	3	2	3	2	1	1	4	4	3	3	2	2	1	3	3	2	0	6	3	6	2	0	4	2	1	5	0	2	1	3	0	3	2	2	2	0	1	3	4	1	2	2	1	4	2	0	3	3	0	6	3	0	3	3	3	2	1	3	2	3	0	0	5	0	1	2	0	1	1	1	3	7	2	0	4	1	4	2	0	3	0
A[Del(T):R1]G	1	1	0	1	2	3	3	1	1	1	3	4	2	0	4	0	3	1	0	1	1	2	3	1	0	1	3	0	0	2	6	0	2	1	2	1	3	1	2	2	0	2	2	3	1	3	3	0	2	5	4	4	1	0	3	2	1	4	2	3	2	2	3	1	1	1	4	4	1	1	4	0	2	2	1	3	2	1	1	1	3	4	0	0	4	0	3	2	2	2	1	3	1	1	2	2	0	2	2	0	0	1	4	5	2	0	7	1	2	1	1	1	1
A[Del(T):R2]A	3	0	1	5	5	0	1	1	2	0	0	3	0	0	2	4	2	2	1	1	1	1	3	1	0	2	3	2	2	1	2	2	3	6	2	0	3	1	2	2	2	0	3	2	1	3	3	2	0	4	0	3	2	0	2	0	3	1	0	0	1	2	1	2	0	0	3	3	1	2	3	0	2	0	3	2	0	3	1	1	0	5	2	3	0	0	3	4	2	3	4	2	2	1	2	5	3	3	1	0	0	1	1	8	1	1	3	3	0	2	1	4	0
A[Del(T):R2]C	2	2	0	0	2	2	4	1	2	0	2	1	2	1	0	0	2	1	1	3	0	0	0	4	2	1	2	0	1	0	3	0	0	1	2	2	1	2	3	1	1	1	0	1	2	1	2	1	0	3	2	3	0	1	2	1	0	6	0	2	1	1	1	0	1	2	1	1	0	1	2	0	0	0	0	0	0	0	0	0	0	5	0	0	2	1	2	1	1	1	1	2	0	1	1	1	0	1	0	0	3	3	2	6	0	0	3	1	0	0	1	0	1
A[Del(T):R2]G	3	2	1	3	2	3	2	1	2	1	1	0	3	1	1	1	2	2	0	1	1	0	1	0	1	1	0	2	1	3	0	1	1	3	0	2	0	1	4	3	0	2	0	1	0	2	1	2	0	4	0	0	2	0	0	3	0	1	1	1	1	0	0	2	1	1	0	1	1	0	1	2	1	0	1	4	0	3	1	0	0	1	1	2	2	0	0	0	0	2	0	0	1	1	2	1	0	2	0	1	0	1	1	4	0	1	1	1	2	0	1	0	1
A[Del(T):R3]A	2	2	0	5	3	5	7	0	3	1	2	4	1	2	1	2	3	1	2	0	1	0	3	1	0	3	1	1	2	10	2	0	0	4	3	2	0	2	5	8	1	5	4	1	0	3	18	4	1	5	1	6	4	0	2	6	2	4	4	1	1	6	1	1	1	3	1	3	5	1	7	1	3	0	1	8	0	3	2	3	1	5	1	3	3	1	2	5	2	5	1	2	2	2	2	3	3	8	1	3	3	0	4	4	1	2	7	1	2	1	0	0	7
A[Del(T):R3]C	2	2	1	1	1	1	3	0	0	0	1	0	1	0	0	0	1	0	2	0	1	1	1	0	1	0	3	1	0	1	0	0	3	1	0	1	2	0	2	1	0	0	3	0	0	0	4	0	0	0	2	1	0	2	1	2	0	0	0	1	2	0	1	1	1	0	2	0	1	1	1	0	1	0	0	0	1	0	1	0	0	5	2	0	1	0	1	3	2	1	1	1	2	0	1	2	1	0	1	0	3	0	0	3	0	0	0	0	1	1	0	1	1
A[Del(T):R3]G	2	0	0	2	1	1	2	0	0	0	2	1	1	2	0	0	0	1	0	1	0	2	0	0	1	1	2	0	0	1	1	2	4	1	0	4	2	1	3	3	0	2	2	1	0	1	4	1	2	1	0	2	2	1	2	2	2	2	1	1	1	5	2	0	1	0	2	0	0	1	3	0	2	0	1	3	0	0	1	1	1	4	0	1	0	2	0	5	1	4	1	2	1	1	3	2	2	2	0	2	1	2	1	1	0	0	1	0	2	1	0	0	0
A[Del(T):R4]A	7	2	2	4	1	3	2	3	3	0	3	3	2	1	2	0	1	3	0	1	2	3	0	1	0	1	1	3	4	3	0	1	1	3	0	3	2	0	5	13	1	6	0	3	1	5	24	0	2	4	4	3	0	3	7	5	1	1	4	1	1	5	0	3	2	2	0	3	10	1	2	0	5	1	1	4	0	1	1	1	2	7	1	4	3	5	3	6	1	6	1	3	2	1	6	2	1	4	0	2	4	0	1	1	2	0	3	0	7	2	1	1	3
A[Del(T):R4]C	1	1	0	0	1	1	3	0	3	1	0	0	1	0	1	2	0	2	0	0	3	1	1	0	0	0	0	0	4	1	1	0	2	1	0	4	0	0	5	1	1	2	1	0	0	1	14	1	4	1	0	0	0	0	2	3	0	3	0	2	2	1	0	0	0	0	2	0	1	1	2	2	1	0	1	2	0	0	1	0	1	4	0	2	0	0	1	3	0	1	0	1	1	2	2	1	0	2	0	0	2	0	4	1	1	1	0	4	2	0	0	3	2
A[Del(T):R4]G	3	0	0	1	0	3	4	3	1	0	2	2	1	0	1	1	0	3	4	0	1	1	4	1	1	0	1	1	1	1	1	0	1	4	2	2	0	0	5	3	0	2	1	0	0	2	5	2	0	3	2	1	2	0	3	4	1	4	1	1	0	0	0	0	2	4	2	0	6	1	4	1	0	1	0	7	0	0	1	0	0	6	4	3	2	3	4	2	0	4	0	3	0	1	2	1	2	1	0	1	0	3	3	2	2	2	4	0	5	2	1	0	1
A[Del(T):R5]A	4	10	2	2	0	2	3	2	4	0	4	4	2	0	1	5	4	4	0	2	1	1	5	1	1	1	1	1	1	4	1	1	2	3	3	5	3	0	8	7	0	5	2	4	0	4	35	0	1	4	4	4	2	0	2	5	0	3	2	0	2	4	5	0	2	1	1	1	1	1	6	2	2	2	0	2	1	2	3	0	0	9	0	2	2	0	4	6	2	4	0	1	0	0	4	3	3	4	0	2	2	0	8	4	1	0	3	2	2	3	0	0	2
A[Del(T):R5]C	0	0	0	1	3	2	0	1	4	0	1	4	1	1	0	1	2	0	1	0	1	2	0	1	0	1	0	2	0	6	1	0	3	2	1	3	2	0	1	2	1	2	1	2	1	0	26	1	0	1	1	1	1	0	1	2	2	3	4	0	1	1	1	0	0	1	2	0	2	0	1	1	3	0	0	0	2	0	0	1	0	5	0	0	1	0	2	4	0	0	0	0	1	2	3	3	1	0	2	0	2	0	1	2	2	2	1	1	2	4	0	0	1
A[Del(T):R5]G	2	1	0	1	1	1	0	2	1	1	4	4	0	1	1	2	0	1	1	1	1	1	0	0	0	3	3	4	3	6	1	1	4	3	0	1	0	1	4	2	1	3	0	2	2	1	23	4	0	1	0	1	2	1	1	2	0	5	2	2	1	4	0	0	0	1	1	1	1	0	0	2	1	1	1	4	1	1	1	0	0	5	2	1	1	2	2	4	1	2	0	3	2	0	4	0	1	4	0	0	1	1	4	5	1	3	4	1	2	2	0	0	1
A[Del(T):R6]A	0	4	0	7	0	0	5	3	11	0	1	2	2	3	1	2	1	1	0	5	2	0	3	0	1	2	0	1	1	5	1	0	1	2	1	4	0	2	3	6	0	4	3	3	0	4	103	3	4	6	5	2	0	1	2	2	1	3	3	0	3	6	0	1	1	1	5	4	1	2	4	1	1	1	0	5	5	3	4	0	1	4	2	1	7	4	3	3	1	2	1	0	1	0	4	4	0	4	2	2	6	2	0	3	4	1	3	0	3	2	0	1	3
A[Del(T):R6]C	1	0	0	4	0	0	3	1	4	1	1	3	0	0	2	1	0	1	2	2	0	1	1	0	1	1	0	1	1	0	0	0	3	3	1	2	0	0	3	3	2	0	0	0	0	1	42	0	3	3	0	1	0	1	2	0	0	6	0	1	0	0	2	0	0	0	2	1	0	0	2	0	2	0	0	4	1	0	1	1	0	2	1	2	3	1	2	0	1	1	0	0	2	0	2	1	0	1	0	0	1	0	0	1	3	1	2	1	0	2	2	1	0
A[Del(T):R6]G	2	0	0	5	0	1	1	2	2	1	3	4	0	1	0	1	3	1	1	0	0	0	0	0	1	4	2	1	1	1	1	0	1	1	1	2	1	1	3	4	1	4	0	1	1	1	27	0	1	4	0	1	0	1	4	2	1	1	0	0	1	2	0	3	0	0	0	2	2	0	2	0	1	0	0	0	2	1	0	0	0	7	2	0	3	1	1	6	0	4	0	2	0	0	2	1	0	1	2	0	1	2	2	3	2	1	3	1	4	1	1	0	2
A[Del(T):R7]A	3	4	2	1	3	2	0	1	3	0	1	4	2	0	0	4	2	4	0	2	0	0	3	4	1	6	0	3	1	3	4	0	5	3	1	11	2	0	1	3	2	4	3	1	0	1	129	3	0	4	1	0	0	0	2	2	2	2	1	0	4	5	1	0	0	0	1	1	1	0	4	1	1	0	1	2	1	3	3	1	1	2	1	5	3	1	0	3	0	7	0	1	0	1	0	3	0	1	1	0	1	2	1	4	5	0	7	1	1	6	0	3	2
A[Del(T):R7]C	5	2	3	1	0	2	0	2	6	1	2	1	0	1	2	2	0	2	2	0	0	0	1	1	1	3	2	2	2	2	0	0	3	3	0	4	0	0	1	4	2	2	0	1	0	2	108	1	1	4	6	1	0	0	1	4	2	0	1	1	2	0	2	1	3	1	0	1	1	0	3	0	2	2	0	3	3	3	0	1	0	5	1	1	5	2	4	2	0	2	1	4	1	0	3	3	0	0	0	2	3	2	2	4	1	0	2	5	3	3	0	1	2
A[Del(T):R7]G	0	3	0	4	0	1	3	1	4	1	2	3	2	0	1	1	0	1	1	1	1	0	3	0	0	1	1	2	0	1	0	0	0	1	1	3	2	0	3	3	1	2	1	2	0	1	80	0	0	2	2	1	1	1	1	0	1	1	0	0	2	2	2	0	1	0	2	0	1	0	4	1	2	0	0	0	0	1	1	0	1	2	0	0	0	0	0	3	0	6	0	1	0	0	3	4	0	2	2	0	4	1	1	0	2	0	2	1	3	2	2	0	1
A[Del(T):R8]A	1	1	2	3	2	1	0	0	1	0	1	1	0	1	0	5	1	2	1	1	0	2	1	1	0	5	3	0	2	2	0	0	0	1	1	6	3	1	2	1	2	2	1	3	1	2	166	1	0	4	1	1	0	0	2	2	1	2	0	0	5	2	1	2	0	1	1	1	0	0	4	0	1	0	0	1	0	2	2	0	0	2	0	5	4	2	4	0	1	5	1	0	3	0	1	6	1	0	3	1	4	0	1	3	5	2	4	3	0	4	0	2	0
A[Del(T):R8]C	0	4	1	6	0	1	3	1	4	0	4	0	1	0	2	5	2	1	3	4	0	1	2	0	0	1	2	1	1	0	1	2	3	0	0	7	0	1	1	0	1	2	1	1	1	1	141	2	1	2	2	1	0	1	0	2	1	5	1	0	2	2	3	0	3	2	1	1	1	0	1	1	0	0	0	0	3	0	1	0	1	2	0	2	2	2	1	1	1	0	1	2	2	1	3	2	0	1	1	0	4	0	1	1	3	1	1	1	0	3	2	0	1
A[Del(T):R8]G	0	2	1	1	0	1	1	1	3	0	0	1	0	0	2	2	2	1	0	1	0	0	2	1	0	0	0	0	0	0	0	0	2	0	0	4	0	1	0	1	0	1	0	0	0	0	108	0	1	3	1	0	0	0	1	3	1	3	1	0	0	2	1	0	1	0	0	1	1	0	1	2	1	0	0	0	0	0	0	1	0	2	0	1	0	0	0	1	0	4	0	0	0	0	1	0	1	2	1	0	2	0	0	4	1	1	3	2	0	2	1	0	1
A[Del(T):R(9,)]A	0	0	0	0	0	0	0	0	0	0	0	0	0	0	0	0	0	0	0	0	0	0	0	0	0	0	0	0	0	0	0	0	0	0	0	0	0	0	0	0	0	0	0	0	0	0	0	0	0	0	0	0	0	0	0	0	0	0	0	0	0	0	0	0	0	0	0	0	0	0	0	0	0	0	0	0	0	0	0	0	0	0	0	0	0	0	0	0	0	0	0	0	0	0	0	0	0	0	0	0	0	0	0	0	0	0	0	0	0	0	0	0	0
A[Del(T):R(9,)]C	0	0	0	0	0	0	0	0	0	0	0	0	0	0	0	0	0	0	0	0	0	0	0	0	0	0	0	0	0	0	0	0	0	0	0	0	0	0	0	0	0	0	0	0	0	0	0	0	0	0	0	0	0	0	0	0	0	0	0	0	0	0	0	0	0	0	0	0	0	0	0	0	0	0	0	0	0	0	0	0	0	0	0	0	0	0	0	0	0	0	0	0	0	0	0	0	0	0	0	0	0	0	0	0	0	0	0	0	0	0	0	0	0
A[Del(T):R(9,)]G	0	0	0	0	0	0	0	0	0	0	0	0	0	0	0	0	0	0	0	0	0	0	0	0	0	0	0	0	0	0	0	0	0	0	0	0	0	0	0	0	0	0	0	0	0	0	0	0	0	0	0	0	0	0	0	0	0	0	0	0	0	0	0	0	0	0	0	0	0	0	0	0	0	0	0	0	0	0	0	0	0	0	0	0	0	0	0	0	0	0	0	0	0	0	0	0	0	0	0	0	0	0	0	0	0	0	0	0	0	0	0	0	0
C[Del(T):R1]A	5	0	1	3	0	1	3	1	0	1	1	1	2	5	3	0	1	1	0	3	3	3	0	1	3	2	3	4	2	4	3	3	2	2	1	1	1	2	5	4	2	2	0	1	2	0	4	4	0	6	2	4	1	0	3	7	5	5	3	3	2	3	2	1	4	3	3	2	3	4	3	3	2	2	1	3	1	1	2	0	0	9	3	2	1	5	2	5	2	6	1	6	3	1	7	3	2	4	1	2	1	2	4	2	3	0	0	0	2	2	0	3	3
C[Del(T):R1]C	1	1	0	0	2	0	5	1	2	0	1	1	1	1	2	1	2	2	4	3	0	1	4	1	5	0	2	1	2	0	2	1	0	4	3	7	1	0	8	6	3	3	2	0	1	3	6	3	5	3	5	6	3	0	3	4	5	2	3	2	3	3	2	2	5	3	2	1	7	3	2	0	2	3	1	3	2	3	1	0	0	8	3	2	1	3	1	4	0	3	0	5	1	1	8	4	2	0	3	0	1	0	6	5	1	0	1	0	3	4	0	3	3
C[Del(T):R1]G	1	0	4	1	0	2	1	2	3	0	2	1	2	0	2	1	1	1	1	3	0	1	2	1	1	2	2	3	3	1	2	4	2	1	1	4	3	0	5	1	4	3	1	1	1	2	4	2	2	3	3	4	0	1	1	2	1	2	3	3	2	0	0	3	1	1	2	1	0	1	2	2	2	1	3	2	1	4	3	0	1	3	2	1	5	4	4	2	2	2	0	0	2	2	3	2	1	3	0	3	1	0	4	1	0	2	5	0	5	4	4	0	3
C[Del(T):R2]A	2	1	2	0	5	5	5	0	1	1	2	1	3	2	2	1	1	1	0	2	0	0	2	0	1	1	0	1	1	2	0	0	0	3	0	2	1	0	3	0	1	1	0	0	0	2	0	2	2	2	2	1	1	2	2	1	0	3	1	2	0	1	2	0	2	2	1	1	1	1	1	3	3	1	1	3	0	2	1	0	1	2	2	0	1	0	2	0	2	3	0	2	1	0	1	1	0	1	1	0	3	0	0	4	0	0	2	0	2	2	1	0	0
C[Del(T):R2]C	4	0	0	1	3	1	2	0	1	1	0	0	2	1	0	0	2	0	1	0	0	1	1	1	0	1	1	0	4	2	0	1	2	3	1	0	1	0	3	3	4	1	0	3	1	0	2	1	2	6	1	0	1	0	2	5	0	6	1	0	1	1	0	1	0	1	0	0	0	1	2	1	1	0	1	4	1	1	0	0	1	3	3	0	1	2	4	1	0	0	2	1	1	1	0	1	2	2	0	0	0	1	2	3	1	0	2	1	1	0	0	2	2
C[Del(T):R2]G	1	1	0	2	1	0	0	1	1	1	0	1	1	0	1	2	0	1	0	1	1	2	0	0	1	1	1	0	1	2	0	0	2	0	0	1	0	0	0	0	0	1	0	3	1	1	2	2	1	3	2	1	0	0	2	3	1	2	1	2	3	0	1	1	0	3	0	1	1	1	1	1	1	0	1	2	3	0	0	0	0	5	0	2	2	2	3	0	0	3	1	1	1	0	0	0	4	1	1	0	1	0	1	7	0	0	2	1	3	1	0	1	1
C[Del(T):R3]A	3	0	0	1	0	4	1	3	5	0	3	3	1	2	1	1	1	2	2	2	0	1	2	1	2	2	0	2	1	4	0	1	0	2	3	3	1	1	3	5	0	0	2	3	0	1	3	1	2	5	3	7	0	0	1	3	1	6	3	1	0	0	0	1	1	3	1	2	0	2	3	3	4	0	1	4	0	2	0	0	0	8	3	1	0	1	3	2	2	2	1	2	0	0	1	1	1	2	1	0	0	0	5	7	3	1	3	3	11	4	1	1	2
C[Del(T):R3]C	2	0	0	3	2	4	1	1	1	1	2	2	1	0	0	0	2	3	0	0	1	1	1	0	3	1	1	1	3	0	1	0	3	2	0	3	2	0	5	1	0	1	1	0	0	4	4	0	1	4	2	4	0	0	5	2	0	2	3	2	0	0	0	1	2	3	2	1	0	2	2	0	1	1	0	2	1	2	0	1	0	3	1	2	2	2	3	2	2	0	0	1	1	1	2	0	1	0	0	0	1	0	1	4	0	1	3	0	1	3	0	1	1
C[Del(T):R3]G	4	1	0	2	1	1	1	0	4	0	3	4	0	2	1	1	0	1	1	1	1	0	1	0	1	1	2	0	1	4	5	1	1	3	1	4	0	1	6	2	1	1	2	1	0	0	5	3	0	7	0	2	1	0	3	4	5	5	2	2	0	0	0	1	1	1	0	1	2	1	1	0	2	3	0	8	1	3	1	1	1	5	1	5	2	2	1	0	1	1	1	0	3	4	6	3	2	2	0	0	2	2	4	4	0	0	0	1	3	1	0	3	3
C[Del(T):R4]A	3	2	0	2	3	0	1	2	4	0	0	5	3	1	1	0	1	1	2	0	1	3	1	0	3	2	1	0	0	7	7	1	1	3	0	6	1	0	2	6	0	2	0	1	1	1	8	1	0	4	2	5	3	1	4	4	2	7	2	3	3	0	0	3	3	3	5	3	2	2	2	2	3	0	2	3	1	1	1	1	0	2	3	2	0	2	0	2	2	2	1	2	1	0	5	5	3	4	1	1	1	0	5	3	2	1	3	0	1	2	3	0	4
C[Del(T):R4]C	4	0	0	0	1	1	2	1	1	2	0	1	1	1	1	2	1	3	0	3	0	0	2	0	0	2	2	1	0	1	2	1	2	3	1	2	2	0	4	0	0	3	2	0	1	3	11	1	2	4	1	1	2	0	1	3	0	2	3	0	2	1	2	0	1	1	2	0	3	1	2	0	1	0	2	2	1	1	1	0	1	2	1	1	6	2	0	5	0	3	1	0	1	0	3	2	0	2	2	1	0	0	2	0	2	0	0	3	0	2	0	1	1
C[Del(T):R4]G	2	2	1	1	1	2	2	2	4	0	5	1	4	0	0	1	5	2	2	0	2	1	1	1	2	2	1	2	0	4	0	1	1	8	2	2	4	0	11	11	1	4	2	2	0	2	8	4	7	11	2	5	1	2	5	9	1	2	6	2	1	2	1	2	0	1	0	2	4	1	1	1	0	0	0	4	1	0	0	3	0	9	1	0	2	1	0	2	2	5	0	2	2	1	4	2	1	2	0	0	3	2	6	3	1	1	2	1	2	0	2	2	0
C[Del(T):R5]A	3	1	0	4	1	1	2	0	2	0	4	4	1	1	0	1	0	2	1	0	2	0	1	0	0	4	1	0	2	1	2	0	1	4	1	1	2	1	5	5	1	2	2	0	0	1	8	0	0	1	0	2	0	0	2	3	1	4	3	1	1	2	0	0	3	1	2	0	1	1	4	2	2	0	0	4	2	1	0	1	0	2	0	3	1	4	0	1	0	1	1	1	1	0	2	3	1	0	0	1	1	1	1	1	2	0	1	0	1	0	1	4	0
C[Del(T):R5]C	0	1	0	2	2	1	2	1	1	0	2	1	0	0	0	0	1	0	1	1	0	1	0	1	1	1	0	1	0	0	0	0	0	2	0	3	0	0	3	7	1	0	2	2	0	3	19	2	1	0	1	0	0	0	0	2	0	1	0	0	0	1	1	0	1	0	2	0	1	0	1	0	1	1	0	1	3	0	0	2	0	2	0	0	0	0	0	1	1	0	0	1	0	0	1	1	0	0	0	0	0	0	0	2	1	0	0	0	1	1	1	0	0
C[Del(T):R5]G	1	0	2	3	0	1	5	0	5	1	1	2	0	1	0	2	2	1	0	2	1	1	0	0	1	0	0	0	1	2	0	1	1	3	1	0	0	0	2	1	1	2	1	2	0	2	13	1	1	3	0	3	2	0	0	2	3	1	1	0	0	3	1	1	1	0	2	0	1	1	2	1	0	1	1	1	1	0	0	1	0	4	1	2	3	1	0	2	0	3	1	0	0	1	2	0	2	1	1	1	0	0	2	0	0	2	4	2	2	0	0	0	1
C[Del(T):R6]A	0	3	0	4	0	1	1	3	2	0	0	2	0	0	0	2	0	0	1	2	1	0	0	0	0	0	0	0	1	2	3	1	2	2	0	0	0	0	3	2	1	0	0	0	0	0	30	0	1	2	0	4	0	1	1	0	0	1	1	0	1	1	1	1	0	1	1	0	1	1	1	1	1	0	0	2	2	1	1	1	0	3	0	3	0	1	0	1	1	1	0	0	0	0	0	5	0	0	0	0	2	1	4	1	1	0	1	1	1	1	1	0	2
C[Del(T):R6]C	1	2	0	1	0	1	0	0	0	0	1	2	0	1	0	1	1	0	0	1	0	0	1	0	0	0	4	1	0	0	0	0	1	0	0	1	1	0	0	1	0	0	0	0	0	0	24	0	2	0	0	1	0	0	0	2	0	2	0	1	0	2	1	1	0	0	0	0	2	1	0	0	1	1	0	3	1	0	0	0	0	5	0	3	0	0	2	0	0	3	0	3	1	1	3	0	0	0	0	1	0	1	0	1	3	1	1	1	3	3	0	2	1
C[Del(T):R6]G	1	1	0	8	0	2	0	1	1	0	0	1	3	2	0	0	0	0	0	0	0	2	2	0	0	2	1	1	1	1	1	0	0	1	0	0	0	0	2	1	0	0	2	0	0	1	8	0	1	1	0	2	0	0	2	1	1	1	0	0	1	0	1	0	1	1	2	1	3	1	0	0	1	0	0	5	0	0	0	0	0	1	0	2	1	1	0	2	0	2	0	1	0	0	2	1	0	2	1	0	0	1	2	2	0	0	0	1	0	2	0	2	2
C[Del(T):R7]A	0	1	1	3	0	0	3	1	0	0	3	2	0	2	0	3	1	1	0	0	0	3	2	0	0	4	0	0	1	0	0	0	2	0	1	3	0	0	2	2	0	0	0	1	0	3	71	3	1	2	1	1	0	0	0	1	0	2	0	0	1	0	2	0	1	2	0	0	0	0	1	0	0	0	0	1	1	2	0	1	0	1	0	0	5	1	0	1	1	3	0	0	1	1	2	2	0	2	0	0	2	1	2	2	1	0	1	0	0	3	1	1	0
C[Del(T):R7]C	1	4	2	2	3	0	1	2	2	0	1	1	1	0	0	1	0	0	0	0	1	1	2	0	0	0	0	3	0	0	0	1	2	4	2	4	0	0	1	1	0	1	0	0	2	0	63	1	0	2	1	2	0	0	2	2	0	2	0	0	2	1	1	0	0	0	1	1	0	1	2	0	1	1	0	0	0	1	0	0	0	2	1	2	4	1	1	0	0	2	1	0	1	0	2	1	0	0	0	0	3	1	2	1	1	2	0	0	0	0	0	1	1
C[Del(T):R7]G	0	2	0	2	1	2	0	0	2	0	0	0	0	1	0	1	0	0	0	0	0	0	0	0	2	2	0	0	0	3	2	0	0	0	0	0	1	0	1	0	0	0	1	0	0	1	59	0	0	1	1	1	0	0	1	3	0	2	1	0	0	3	0	0	0	0	0	0	0	0	0	1	1	0	0	1	0	0	2	0	0	2	0	4	4	0	0	0	0	2	0	0	0	2	2	1	0	0	0	0	3	0	3	2	2	1	0	1	2	2	0	0	0
C[Del(T):R8]A	0	2	0	1	0	1	0	0	1	1	0	1	0	1	2	3	1	0	0	0	1	0	1	1	0	2	2	0	1	0	0	0	0	4	0	5	1	0	2	0	0	0	0	0	2	3	122	1	0	1	0	0	0	1	0	0	0	2	0	0	1	1	0	2	0	2	0	0	0	0	0	1	1	0	0	4	0	2	0	0	0	3	0	1	1	1	1	0	1	1	0	0	0	0	0	0	0	2	0	0	1	0	1	3	0	0	1	0	1	1	0	1	1
C[Del(T):R8]C	0	1	1	0	2	2	1	0	3	0	1	1	1	0	0	2	0	0	0	0	0	0	0	2	0	0	1	0	0	1	0	0	1	0	0	3	0	1	0	1	1	1	0	0	1	2	102	0	0	4	0	1	0	0	0	0	2	2	0	0	1	1	1	0	0	0	0	0	1	1	3	0	0	0	1	1	2	1	2	0	0	1	1	0	1	0	1	0	1	4	0	1	0	0	1	2	1	0	0	0	0	0	0	1	0	1	2	0	1	0	0	1	0
C[Del(T):R8]G	0	0	2	0	0	0	1	0	3	0	0	0	0	0	0	1	0	0	0	0	0	0	0	0	0	1	0	0	0	0	1	0	0	0	0	1	0	0	1	0	0	0	2	1	1	1	114	2	1	1	0	0	0	1	0	1	2	3	0	0	0	0	0	0	0	0	1	0	0	0	1	0	0	0	1	0	1	0	0	0	0	0	0	1	1	1	0	1	0	1	0	0	0	0	0	1	0	1	0	0	1	0	1	1	1	0	2	0	0	2	0	0	0
C[Del(T):R(9,)]A	0	0	0	0	0	0	0	0	0	0	0	0	0	0	0	0	0	0	0	0	0	0	0	0	0	0	0	0	0	0	0	0	0	0	0	0	0	0	0	0	0	0	0	0	0	0	0	0	0	0	0	0	0	0	0	0	0	0	0	0	0	0	0	0	0	0	0	0	0	0	0	0	0	0	0	0	0	0	0	0	0	0	0	0	0	0	0	0	0	0	0	0	0	0	0	0	0	0	0	0	0	0	0	0	0	0	0	0	0	0	0	0	0
C[Del(T):R(9,)]C	0	0	0	0	0	0	0	0	0	0	0	0	0	0	0	0	0	0	0	0	0	0	0	0	0	0	0	0	0	0	0	0	0	0	0	0	0	0	0	0	0	0	0	0	0	0	0	0	0	0	0	0	0	0	0	0	0	0	0	0	0	0	0	0	0	0	0	0	0	0	0	0	0	0	0	0	0	0	0	0	0	0	0	0	0	0	0	0	0	0	0	0	0	0	0	0	0	0	0	0	0	0	0	0	0	0	0	0	0	0	0	0	0
C[Del(T):R(9,)]G	0	0	0	0	0	0	0	0	0	0	0	0	0	0	0	0	0	0	0	0	0	0	0	0	0	0	0	0	0	0	0	0	0	0	0	0	0	0	0	0	0	0	0	0	0	0	0	0	0	0	0	0	0	0	0	0	0	0	0	0	0	0	0	0	0	0	0	0	0	0	0	0	0	0	0	0	0	0	0	0	0	0	0	0	0	0	0	0	0	0	0	0	0	0	0	0	0	0	0	0	0	0	0	0	0	0	0	0	0	0	0	0	0
G[Del(T):R1]A	2	3	0	0	1	1	2	1	0	0	1	2	1	1	0	0	2	4	0	0	3	2	1	1	1	2	2	1	1	1	1	0	0	3	0	2	2	0	7	1	1	1	1	1	0	1	2	1	3	3	2	5	3	2	1	3	2	3	2	1	2	1	1	0	0	1	0	2	4	2	1	1	1	0	2	1	0	1	0	0	0	3	0	2	1	2	2	1	2	0	0	2	0	0	2	1	1	4	1	1	2	0	2	4	3	0	2	1	3	4	0	0	1
G[Del(T):R1]C	3	1	1	1	0	0	1	2	1	1	0	3	1	2	0	1	0	0	1	1	2	1	1	1	0	0	0	0	1	2	1	0	1	4	0	2	0	0	4	3	0	3	0	1	0	1	4	2	2	3	1	5	2	1	2	5	3	3	1	2	0	3	3	7	1	2	1	2	3	3	0	1	1	0	0	3	2	0	1	2	0	1	2	3	1	0	1	1	0	3	1	2	0	0	4	1	2	2	1	2	1	2	2	4	0	1	4	0	2	1	1	6	3
G[Del(T):R1]G	1	1	0	0	1	1	1	1	3	1	2	4	1	1	1	0	0	1	0	0	5	4	2	1	3	2	1	3	3	1	0	0	6	4	0	3	2	1	4	2	2	2	0	1	0	0	1	2	2	0	1	5	1	0	5	4	2	1	2	2	0	1	1	2	1	2	3	2	1	0	0	1	0	1	1	4	1	0	0	1	1	3	3	0	3	1	2	2	2	0	1	0	3	2	2	1	1	3	0	1	2	0	1	4	2	3	1	2	3	5	0	3	2
G[Del(T):R2]A	1	1	0	0	1	1	0	2	2	0	1	0	0	0	1	2	1	1	1	1	0	1	1	0	2	1	0	0	2	2	0	1	0	2	1	0	1	0	2	3	1	1	0	2	0	1	1	0	3	0	0	1	0	0	3	2	0	0	1	0	2	2	1	4	2	2	1	0	1	1	2	1	0	1	0	2	1	1	2	0	1	0	2	0	0	0	1	1	2	0	1	0	1	0	0	1	0	0	0	1	0	0	0	4	0	1	2	1	6	1	2	1	0
G[Del(T):R2]C	6	0	0	1	1	1	2	0	0	0	0	0	1	0	0	1	1	1	0	1	0	2	0	1	1	0	0	0	0	1	0	0	0	2	0	0	1	0	1	9	0	2	1	1	0	1	4	1	1	1	0	0	0	0	1	3	1	0	1	0	2	0	1	0	0	0	0	4	3	0	0	2	0	0	0	1	0	0	0	0	0	2	1	0	2	0	0	0	0	3	0	1	1	2	1	0	1	2	1	0	1	1	2	1	0	0	0	1	0	0	0	0	0
G[Del(T):R2]G	2	3	0	2	1	1	1	1	0	0	1	1	1	0	0	0	0	2	0	0	2	0	0	0	0	2	0	2	0	1	1	2	0	2	1	1	2	0	2	2	1	1	0	1	0	0	1	0	0	2	0	2	0	0	0	3	0	2	0	0	0	1	0	1	2	0	0	0	0	0	2	0	1	0	0	1	1	1	0	0	1	2	0	2	1	1	1	3	3	2	1	0	1	0	0	0	3	1	0	0	3	0	0	3	0	0	3	0	1	1	0	2	1
G[Del(T):R3]A	2	0	1	2	1	2	3	4	0	1	2	2	2	1	0	2	2	1	2	1	2	2	2	0	1	2	3	1	2	2	1	3	3	5	0	3	1	0	4	0	0	0	1	0	0	2	3	2	2	3	0	4	4	0	0	5	0	2	0	1	0	1	0	0	0	1	2	1	4	1	5	0	0	1	0	3	0	1	0	1	0	3	2	1	1	1	1	2	0	1	0	1	3	0	3	0	1	2	1	1	0	0	1	2	0	0	3	0	2	2	1	0	0
G[Del(T):R3]C	1	0	0	1	0	0	3	2	2	0	0	1	0	0	2	0	0	0	0	0	2	1	0	1	1	0	0	0	0	2	0	0	2	1	0	1	1	0	4	0	0	1	0	2	0	0	2	0	1	1	1	2	3	0	0	2	1	1	2	2	2	2	0	1	1	1	1	1	1	0	3	1	1	0	2	1	1	0	1	0	2	4	0	4	0	1	1	1	0	2	1	0	1	0	2	1	1	0	1	1	0	1	0	2	0	2	3	2	0	1	2	1	0
G[Del(T):R3]G	3	2	0	2	0	2	2	3	1	0	5	1	1	2	2	3	0	1	0	2	0	1	0	0	0	2	0	2	2	3	5	0	1	3	1	0	1	0	3	3	2	3	0	1	0	2	5	1	3	4	2	2	1	1	4	4	1	4	1	3	0	3	1	1	1	0	0	1	1	1	2	2	1	0	1	3	1	1	0	1	0	3	3	1	1	1	1	3	2	1	0	2	0	0	1	0	0	2	2	0	0	0	1	2	1	1	2	0	0	0	1	0	2
G[Del(T):R4]A	1	2	1	8	4	2	3	1	4	0	6	1	2	0	1	3	0	1	1	1	2	2	2	0	0	1	1	3	1	2	1	1	1	3	1	0	0	1	6	7	1	0	1	3	0	0	11	0	1	7	1	2	0	0	3	5	1	4	5	2	2	5	1	1	3	2	1	2	3	1	3	1	1	0	0	3	2	0	1	1	2	7	1	1	3	4	2	5	1	1	0	3	2	0	4	2	1	3	1	0	1	1	1	5	1	1	5	2	1	3	2	1	0
G[Del(T):R4]C	0	1	0	0	0	1	0	3	0	0	0	2	0	0	0	0	0	0	0	3	0	1	1	1	1	0	0	0	0	0	0	0	3	0	0	1	0	0	0	1	0	0	1	1	0	2	6	1	1	1	0	1	0	0	1	2	2	4	2	2	0	2	0	0	0	0	1	2	4	0	2	0	0	0	0	1	1	0	1	0	0	4	1	1	2	1	0	0	1	2	0	1	0	2	0	2	1	1	1	0	0	0	3	2	2	2	2	0	2	1	1	0	0
G[Del(T):R4]G	2	0	0	2	3	1	4	1	4	1	1	2	0	1	1	1	2	0	1	0	2	2	1	0	1	2	3	0	2	3	2	0	3	7	0	0	1	0	3	5	0	4	2	2	0	1	5	2	2	4	3	2	0	0	6	9	1	1	2	1	2	1	0	2	3	1	0	5	4	2	2	1	3	0	1	5	2	2	0	0	1	9	1	2	1	3	3	2	0	3	0	4	1	0	2	3	4	2	0	1	4	0	6	4	0	0	4	2	3	0	1	2	1
G[Del(T):R5]A	0	5	0	3	1	0	2	3	3	0	3	2	3	4	1	2	2	1	0	1	0	2	2	1	0	1	1	3	1	1	2	0	2	1	2	1	1	1	1	7	3	3	1	1	2	2	9	3	1	2	2	3	0	0	2	6	1	3	0	2	1	5	2	2	2	2	0	2	4	3	4	0	6	0	2	2	0	0	0	1	0	6	2	2	3	1	0	2	2	0	1	1	0	0	1	3	0	3	0	2	2	1	1	4	4	1	2	1	6	2	0	1	0
G[Del(T):R5]C	0	1	0	0	1	0	1	0	2	0	0	0	0	0	0	0	1	0	0	2	2	0	0	0	1	1	2	0	0	0	0	1	1	1	0	1	0	0	1	1	2	0	0	0	0	3	15	0	2	0	2	2	0	0	0	2	1	2	1	2	2	1	1	1	0	1	1	0	1	1	0	1	5	1	0	0	0	1	0	0	0	0	1	0	0	1	1	1	0	1	0	2	0	0	1	3	1	0	1	1	0	1	2	0	1	1	0	2	2	2	0	1	2
G[Del(T):R5]G	2	4	0	5	0	2	0	4	1	3	6	8	0	0	0	1	2	2	1	2	1	0	0	1	3	0	3	2	3	1	1	1	4	1	2	3	1	0	5	3	1	1	0	2	0	2	16	2	1	1	0	0	1	0	2	2	0	3	0	1	0	0	0	0	0	2	1	1	2	0	1	1	0	0	1	0	0	0	0	0	0	3	1	2	2	0	0	2	1	1	0	1	2	1	4	1	1	3	4	0	3	3	3	2	0	1	4	0	3	3	1	1	6
G[Del(T):R6]A	0	2	0	1	1	4	0	0	4	0	1	0	0	0	0	2	0	1	0	0	0	1	2	0	0	3	0	0	0	3	0	1	1	0	0	2	1	0	2	1	0	1	2	1	0	2	10	1	0	0	1	3	1	2	0	2	1	1	0	0	0	2	3	0	0	0	2	2	0	1	5	0	1	0	0	1	1	0	1	1	0	2	0	0	0	2	2	2	0	0	0	0	0	0	3	3	0	0	1	1	0	1	1	2	0	0	1	0	0	0	1	0	1
G[Del(T):R6]C	0	0	0	2	0	1	0	0	3	0	1	3	1	0	3	0	1	0	2	0	0	1	0	1	0	0	1	1	1	1	0	0	2	2	0	1	1	0	0	0	1	0	1	0	0	1	18	0	0	1	0	1	0	0	1	1	0	1	1	0	0	1	0	0	1	0	0	0	0	0	1	0	0	0	0	2	0	0	1	1	0	0	0	0	1	0	1	2	0	0	0	1	0	0	0	3	0	3	0	2	1	1	1	0	1	0	0	2	0	0	0	0	0
G[Del(T):R6]G	2	1	0	0	2	5	0	2	2	2	3	1	0	1	0	1	0	1	0	2	0	1	1	0	0	0	1	2	1	1	1	0	1	0	0	2	3	0	1	1	2	0	2	2	0	0	10	1	0	1	0	0	0	0	0	0	0	1	2	1	0	3	0	0	1	0	1	1	2	1	3	0	2	1	1	0	1	0	1	1	0	3	0	1	0	2	1	3	0	0	1	0	1	0	3	1	0	0	0	0	1	0	2	1	0	1	0	3	3	0	0	0	1
G[Del(T):R7]A	1	4	0	0	0	1	0	1	2	2	2	1	0	0	0	2	0	1	0	0	0	2	0	0	0	0	0	2	0	0	0	1	1	0	0	3	1	0	0	2	0	0	1	0	0	0	31	3	0	4	0	1	0	0	2	1	0	1	0	0	0	0	0	0	0	0	0	0	1	0	2	1	1	0	0	1	1	1	1	0	0	2	0	1	0	2	1	0	1	2	1	0	0	1	0	2	0	0	0	1	0	0	0	0	2	0	0	0	2	1	0	0	1
G[Del(T):R7]C	1	1	1	2	0	1	0	2	2	1	0	1	0	0	0	1	2	0	3	0	0	0	0	0	0	0	1	0	0	0	0	0	1	0	0	1	0	0	0	1	1	0	0	0	1	0	46	0	0	2	2	0	1	0	1	1	0	3	0	0	0	0	0	1	0	2	1	0	1	1	2	1	0	0	0	1	0	0	0	0	0	1	0	1	0	0	2	2	0	2	0	3	0	1	0	2	0	1	0	0	1	1	1	0	2	0	1	1	0	1	1	1	1
G[Del(T):R7]G	0	0	0	3	0	1	1	0	1	0	2	1	2	0	0	0	0	0	0	0	1	0	1	0	0	2	2	0	1	2	0	0	1	2	0	0	1	0	1	0	0	1	0	0	1	1	25	0	0	2	1	0	0	0	0	1	0	0	0	0	3	0	1	0	0	0	1	0	1	0	4	0	0	0	0	3	0	0	0	0	1	4	1	0	0	0	2	1	0	0	0	1	0	0	2	3	0	1	0	1	1	2	0	0	0	0	1	0	2	3	1	0	0
G[Del(T):R8]A	0	1	0	2	0	0	0	0	6	0	0	0	0	0	0	0	0	0	0	1	0	1	0	0	0	0	0	0	0	0	0	0	0	0	0	1	1	0	1	1	0	1	1	0	1	0	71	0	0	0	1	2	0	0	0	1	0	0	0	0	0	2	1	1	0	1	0	0	0	0	1	0	1	0	0	1	1	1	0	0	0	1	0	1	0	1	0	1	0	0	1	0	0	0	1	0	0	1	0	0	1	1	0	0	0	0	1	0	1	2	0	0	0
G[Del(T):R8]C	0	0	1	1	1	2	1	0	0	0	2	0	0	1	0	0	1	0	0	0	0	1	2	2	0	1	0	2	0	0	0	2	0	0	0	0	0	0	0	0	1	0	0	0	0	1	46	2	1	0	0	0	0	0	1	2	0	0	0	0	1	1	0	0	0	0	2	0	1	0	0	0	0	0	0	0	0	0	0	0	0	0	0	0	0	0	0	0	0	2	0	0	1	0	2	0	2	1	0	1	1	0	1	0	3	0	0	0	0	1	0	0	0
G[Del(T):R8]G	0	0	1	0	0	0	0	0	2	0	0	0	0	0	0	2	1	0	0	0	0	0	0	1	0	0	0	0	0	0	0	0	1	0	0	0	0	0	1	0	0	0	0	0	0	1	43	1	0	1	0	0	0	0	0	2	0	1	1	0	0	0	1	0	1	0	0	0	1	1	0	0	0	0	0	1	1	0	0	0	0	0	0	1	0	0	0	0	0	1	0	0	0	0	0	0	0	0	0	0	0	1	1	1	1	0	0	0	0	0	0	0	0
G[Del(T):R(9,)]A	0	0	0	0	0	0	0	0	0	0	0	0	0	0	0	0	0	0	0	0	0	0	0	0	0	0	0	0	0	0	0	0	0	0	0	0	0	0	0	0	0	0	0	0	0	0	0	0	0	0	0	0	0	0	0	0	0	0	0	0	0	0	0	0	0	0	0	0	0	0	0	0	0	0	0	0	0	0	0	0	0	0	0	0	0	0	0	0	0	0	0	0	0	0	0	0	0	0	0	0	0	0	0	0	0	0	0	0	0	0	0	0	0
G[Del(T):R(9,)]C	0	0	0	0	0	0	0	0	0	0	0	0	0	0	0	0	0	0	0	0	0	0	0	0	0	0	0	0	0	0	0	0	0	0	0	0	0	0	0	0	0	0	0	0	0	0	0	0	0	0	0	0	0	0	0	0	0	0	0	0	0	0	0	0	0	0	0	0	0	0	0	0	0	0	0	0	0	0	0	0	0	0	0	0	0	0	0	0	0	0	0	0	0	0	0	0	0	0	0	0	0	0	0	0	0	0	0	0	0	0	0	0	0
G[Del(T):R(9,)]G	0	0	0	0	0	0	0	0	0	0	0	0	0	0	0	0	0	0	0	0	0	0	0	0	0	0	0	0	0	0	0	0	0	0	0	0	0	0	0	0	0	0	0	0	0	0	0	0	0	0	0	0	0	0	0	0	0	0	0	0	0	0	0	0	0	0	0	0	0	0	0	0	0	0	0	0	0	0	0	0	0	0	0	0	0	0	0	0	0	0	0	0	0	0	0	0	0	0	0	0	0	0	0	0	0	0	0	0	0	0	0	0	0
A[Ins(C):R0]A	0	1	0	2	0	1	0	0	1	0	0	2	0	0	2	0	0	1	0	2	0	0	2	0	1	2	0	0	2	0	0	0	2	0	0	1	1	0	1	2	0	3	0	0	1	1	16	0	0	2	0	2	0	0	0	0	0	0	3	1	2	1	0	0	1	3	1	0	3	1	0	0	0	0	0	0	0	1	1	0	0	3	0	0	2	0	1	3	0	1	0	2	1	1	3	1	1	2	0	1	0	0	2	2	1	1	0	1	1	3	0	2	0
A[Ins(C):R0]G	0	0	0	0	0	0	0	0	0	0	0	0	0	0	0	0	0	0	0	0	0	0	0	0	0	0	0	0	1	0	0	0	2	0	0	0	0	0	0	1	0	0	0	0	0	0	0	0	0	0	0	0	0	0	0	0	0	0	0	0	0	0	0	0	0	0	0	0	1	0	0	0	0	0	0	0	0	0	0	0	0	0	0	0	0	0	0	0	0	0	0	0	1	0	1	0	1	0	0	0	0	0	0	1	0	0	0	0	0	0	0	0	0
A[Ins(C):R0]T	0	1	0	0	0	0	0	0	0	0	0	0	0	0	0	1	0	0	0	0	0	2	0	0	0	1	0	0	0	0	0	0	0	0	0	0	0	0	0	0	0	0	1	1	0	0	0	2	0	0	0	1	1	0	0	0	0	1	0	0	0	0	1	0	0	0	1	0	0	0	0	0	0	0	0	0	1	0	0	0	0	1	0	0	0	1	0	0	0	0	1	0	0	0	0	0	0	0	0	0	0	0	0	0	0	1	1	0	0	0	0	0	1
A[Ins(C):R1]A	1	0	0	0	0	0	0	0	1	0	1	0	0	0	0	0	1	0	0	1	0	0	1	0	0	0	0	0	0	1	0	0	1	2	0	0	0	0	0	1	2	1	0	1	0	0	6	0	0	2	0	1	0	0	1	2	0	0	0	0	1	0	1	0	0	0	1	0	1	0	0	1	0	0	0	0	0	0	0	0	0	0	1	0	0	1	0	0	0	1	0	0	1	0	1	0	0	0	0	0	0	0	0	0	0	0	2	0	0	1	0	0	0
A[Ins(C):R1]G	0	0	0	0	0	0	1	0	0	0	0	0	0	0	0	0	0	0	0	0	0	0	0	0	0	0	0	0	0	0	0	0	0	0	0	0	0	0	0	0	0	1	0	0	0	0	0	1	0	0	0	0	0	0	0	0	0	0	0	0	0	0	0	0	0	0	0	1	0	0	0	0	0	0	0	0	0	0	0	0	0	0	0	0	0	0	0	0	0	0	0	0	0	0	0	0	0	0	0	0	0	0	0	0	0	0	0	0	0	0	0	0	0
A[Ins(C):R1]T	0	0	0	0	0	0	1	0	0	0	0	0	0	0	0	0	0	1	0	1	0	0	0	1	0	0	0	0	0	0	0	0	0	0	0	1	0	0	0	0	0	0	0	0	0	0	2	0	0	0	0	0	0	0	0	0	0	2	1	2	0	0	0	0	0	0	1	0	0	0	0	0	0	0	0	0	0	0	0	0	0	0	0	0	0	0	0	1	0	0	0	0	1	0	0	1	1	1	0	0	0	0	0	0	0	0	0	0	0	0	1	0	0
A[Ins(C):R2]A	0	0	0	1	0	0	1	0	0	1	0	0	1	0	0	0	0	0	0	0	0	0	0	1	0	0	0	1	0	0	0	0	0	1	0	0	0	0	0	0	0	0	0	0	0	1	1	0	0	1	0	0	0	0	0	1	0	0	0	1	0	0	0	0	0	0	0	0	0	0	0	0	0	0	0	0	0	0	1	0	0	0	0	0	0	0	1	1	0	0	0	0	0	0	0	0	0	0	0	0	0	0	0	0	0	0	0	0	0	1	0	0	0
A[Ins(C):R2]G	0	0	0	0	0	0	0	0	0	0	0	1	0	0	0	0	0	0	0	0	0	0	0	0	0	0	0	0	0	0	0	0	0	0	0	0	0	0	0	0	0	0	0	0	0	0	1	0	0	0	0	0	0	0	0	0	0	0	0	0	0	0	0	0	0	0	0	0	0	0	0	0	0	0	0	0	0	0	0	0	0	0	0	0	0	0	0	0	0	0	0	0	0	0	1	0	0	0	0	0	0	0	0	0	0	0	0	0	0	0	0	0	0
A[Ins(C):R2]T	1	0	0	0	0	0	0	0	0	0	0	0	0	0	0	0	0	0	0	0	0	0	0	0	0	0	0	0	0	1	0	0	0	1	0	0	1	0	0	0	0	1	0	0	0	0	2	0	0	0	0	0	0	0	0	0	0	0	0	0	0	0	0	0	2	0	0	0	1	0	1	0	0	0	0	0	0	0	0	0	0	0	0	0	0	0	0	0	0	0	0	0	0	0	0	0	0	1	0	1	0	0	0	1	0	0	0	0	0	0	0	0	0
A[Ins(C):R3]A	0	0	0	1	0	0	0	0	0	0	0	1	0	0	0	0	0	0	0	0	0	0	0	0	0	1	0	0	0	0	0	0	0	0	0	0	0	0	0	0	0	0	0	0	0	0	5	1	0	0	0	0	0	1	0	0	0	1	0	0	0	0	1	0	0	1	0	0	0	0	0	0	0	0	0	0	0	0	0	0	0	0	0	0	0	0	0	0	0	0	0	0	0	0	0	0	0	0	0	0	0	0	1	0	0	0	0	0	1	0	0	0	0
A[Ins(C):R3]G	0	0	0	0	0	0	0	0	0	0	0	0	0	0	0	0	0	0	0	0	0	1	0	0	0	0	0	0	0	0	0	0	0	0	0	0	0	0	0	0	0	0	0	0	0	0	2	0	0	0	0	0	0	0	0	0	0	0	0	1	0	0	1	0	0	0	0	0	0	0	0	0	0	0	0	0	0	0	0	0	0	0	0	0	0	0	0	0	0	0	0	0	0	0	0	0	0	0	0	0	1	0	0	0	0	0	0	0	0	0	0	0	0
A[Ins(C):R3]T	0	0	0	0	0	0	0	0	0	0	0	0	0	0	0	0	0	0	0	0	0	0	0	0	1	0	0	0	0	0	0	0	0	0	0	0	0	0	0	0	0	0	0	0	0	0	7	0	0	1	1	0	0	0	0	0	0	0	0	1	0	0	0	0	0	0	1	0	0	0	1	0	0	0	0	0	0	0	0	1	0	0	0	0	0	0	0	1	0	0	0	0	0	0	0	1	0	0	0	0	0	0	0	0	0	0	0	0	0	1	0	0	0
A[Ins(C):R4]A	2	0	0	0	1	0	0	1	0	1	0	0	0	0	0	0	0	0	0	0	0	0	0	0	0	0	0	0	0	0	0	2	0	0	0	0	0	0	0	0	0	0	0	0	0	0	20	0	0	0	1	0	1	0	0	0	0	0	0	1	0	0	0	0	0	0	0	0	0	1	0	0	0	0	0	0	0	0	0	0	0	1	0	0	0	0	1	0	0	0	0	0	0	0	0	0	0	1	0	0	0	0	0	0	0	0	0	0	0	0	0	0	0
A[Ins(C):R4]G	0	0	0	0	0	0	0	0	0	0	0	0	0	0	0	0	0	0	0	0	0	0	0	0	0	0	0	0	0	0	0	0	0	0	0	0	0	0	0	0	0	0	0	0	0	0	9	0	0	0	0	0	0	0	1	0	0	0	0	0	0	0	0	0	0	0	0	0	0	0	0	0	0	0	0	0	0	0	0	0	0	0	0	0	0	0	0	1	0	0	0	0	0	1	0	0	0	0	1	0	0	0	0	0	0	0	0	0	0	0	0	0	0
A[Ins(C):R4]T	0	0	0	1	0	0	0	0	0	0	0	0	0	0	0	0	0	0	0	0	0	0	0	0	0	0	0	0	0	0	0	0	0	0	0	0	0	0	0	0	0	1	0	0	0	0	12	0	1	0	0	0	0	0	0	0	0	0	1	0	0	0	1	0	0	0	0	0	0	0	0	0	0	0	0	0	1	0	0	0	0	0	0	0	0	0	1	0	0	0	0	0	0	0	0	0	0	0	0	0	0	0	0	0	0	0	0	0	0	0	0	0	0
A[Ins(C):R5]A	0	0	0	0	1	0	0	0	1	0	0	0	0	0	0	0	0	0	0	0	0	0	1	0	0	0	0	0	0	0	0	0	0	0	0	1	0	0	0	0	1	0	1	0	0	0	25	0	0	1	0	1	0	0	0	0	0	0	0	0	0	0	0	0	0	0	0	0	0	0	0	0	0	0	0	0	0	0	0	0	0	0	0	0	0	0	1	0	0	0	0	0	0	0	0	0	0	0	0	0	0	0	0	0	0	0	0	0	1	0	0	0	0
A[Ins(C):R5]G	0	0	0	0	0	0	0	0	0	0	0	0	0	0	0	0	0	0	0	0	0	0	0	0	0	0	0	0	0	0	0	0	0	0	0	0	0	0	0	0	0	0	0	0	0	0	5	0	0	0	0	0	0	0	0	0	0	0	0	0	0	0	0	0	0	0	0	0	0	0	0	0	0	0	0	0	0	0	0	0	0	0	0	0	0	0	3	1	0	0	0	0	0	0	0	1	0	0	0	0	0	0	0	0	0	0	0	0	0	0	0	0	0
A[Ins(C):R5]T	0	0	0	0	0	0	0	0	0	0	0	0	0	0	0	0	0	0	0	0	0	0	0	0	0	0	0	0	0	0	0	0	1	0	0	0	0	0	0	0	0	0	0	0	0	0	15	0	0	0	0	0	0	0	0	0	0	0	0	0	0	0	0	0	0	0	0	0	0	0	0	1	0	0	0	0	0	1	0	0	0	0	0	0	0	0	0	0	0	0	1	0	0	0	0	0	0	0	0	0	0	0	0	0	1	0	0	0	0	0	0	0	0
A[Ins(C):R6]A	0	0	0	0	0	0	0	1	0	1	0	0	0	0	1	0	0	0	0	0	0	0	0	0	0	0	0	0	0	0	0	0	0	0	0	0	0	0	0	0	0	1	0	0	1	0	45	0	0	1	0	0	0	0	0	0	0	1	0	0	0	0	0	0	0	0	1	0	0	0	0	0	0	0	0	0	0	0	0	0	0	0	0	0	0	0	0	0	0	0	0	0	0	0	0	0	0	0	0	0	1	0	0	0	0	0	0	0	0	1	0	0	0
A[Ins(C):R6]G	0	0	0	0	0	0	0	0	0	0	0	0	0	0	0	0	0	0	0	0	0	0	0	0	0	0	0	0	0	0	0	0	0	0	0	0	0	0	0	0	0	0	0	0	0	0	9	0	0	0	0	1	0	0	0	0	0	0	0	0	0	0	0	0	0	0	1	0	0	0	0	0	0	0	0	0	0	1	0	0	0	0	0	0	0	0	0	0	0	0	0	0	0	0	0	1	0	0	0	0	0	0	0	0	0	0	0	0	0	0	0	0	0
A[Ins(C):R6]T	0	0	0	0	0	0	0	0	0	0	0	0	0	0	0	0	0	0	0	0	0	0	0	0	0	0	0	0	0	0	0	0	0	0	0	0	0	0	0	0	0	0	0	0	0	0	13	0	0	1	0	0	0	0	0	0	1	0	0	0	0	0	0	0	0	0	0	0	0	0	0	0	0	0	0	0	0	0	0	0	0	0	0	0	0	0	0	0	0	0	0	0	0	0	0	0	0	0	0	0	0	0	0	0	0	0	0	0	0	0	0	0	0
A[Ins(C):R7]A	0	0	1	1	0	0	0	0	1	0	0	1	0	0	0	0	0	0	0	1	0	0	1	0	0	0	0	0	0	0	0	0	0	0	0	0	0	0	0	0	1	0	1	1	0	0	93	0	0	3	1	0	0	0	1	0	0	0	0	0	1	1	0	0	0	0	0	0	0	1	1	0	0	0	0	0	0	0	0	0	0	0	0	0	1	0	0	1	1	0	0	0	0	1	0	0	0	0	0	0	0	0	0	0	0	0	0	0	0	0	0	0	1
A[Ins(C):R7]G	0	0	0	0	0	0	0	0	0	0	0	0	0	0	0	1	0	0	0	0	0	0	0	0	0	0	0	0	0	0	0	0	0	0	0	0	0	0	0	0	0	0	0	0	0	0	27	0	0	0	0	0	0	0	0	0	0	0	0	0	0	0	0	0	0	0	0	0	0	0	0	0	0	0	0	0	0	0	0	0	0	0	0	0	0	0	0	0	0	1	0	0	0	0	0	0	0	0	0	0	0	0	0	0	0	0	0	0	0	0	0	0	0
A[Ins(C):R7]T	0	1	0	0	0	0	0	0	1	0	0	0	0	0	0	0	0	0	0	0	0	0	0	0	0	1	0	0	0	0	0	0	0	0	0	0	0	0	0	0	0	0	0	0	0	0	18	0	0	0	0	0	0	0	0	0	0	0	0	0	0	0	0	0	0	0	0	0	0	0	0	0	0	0	0	0	0	0	0	0	0	0	0	0	0	1	0	0	0	0	0	0	0	0	0	0	0	0	0	0	2	0	0	0	0	0	0	0	0	0	0	1	0
A[Ins(C):R8]A	0	0	1	0	0	0	0	0	0	0	0	0	0	0	0	0	1	1	0	0	0	0	0	0	0	0	0	0	0	0	0	0	0	0	0	0	0	0	0	0	1	0	0	0	2	0	50	0	0	0	0	0	0	0	0	0	0	0	0	0	0	2	0	0	0	0	0	0	0	0	0	0	0	0	0	0	1	0	1	0	0	0	0	0	0	0	0	0	0	0	0	0	0	0	0	0	0	0	0	0	0	0	0	0	1	0	0	0	0	1	0	0	0
A[Ins(C):R8]G	0	0	0	0	0	0	0	0	0	0	0	0	0	0	0	0	0	0	0	0	0	0	0	0	0	0	0	0	0	0	0	0	0	0	0	0	0	0	0	0	0	0	0	0	0	0	2	0	0	0	0	0	0	0	0	0	0	0	0	0	0	0	0	0	0	0	0	0	0	0	0	0	0	0	0	0	0	0	0	0	0	0	0	0	0	0	0	0	0	0	0	0	0	0	0	0	0	0	0	0	0	0	0	0	0	0	0	0	0	0	0	0	0
A[Ins(C):R8]T	0	0	0	0	0	0	0	0	0	0	0	0	0	0	0	0	0	0	0	0	0	0	0	0	0	0	0	0	0	0	0	0	0	0	1	0	0	0	0	0	0	0	0	0	0	0	9	0	0	0	1	0	0	0	0	0	0	0	0	0	0	0	0	0	0	0	0	0	0	0	0	0	0	0	0	0	0	0	0	0	0	0	0	0	0	0	0	0	0	0	0	0	0	0	0	0	0	0	0	0	0	0	0	0	0	0	0	0	0	0	0	0	0
A[Ins(C):R(9,)]A	0	0	0	0	0	0	0	0	0	0	0	0	0	0	0	0	0	0	0	0	0	0	0	0	0	0	0	0	0	0	0	0	0	0	0	0	0	0	0	0	0	0	0	0	0	0	0	0	0	0	0	0	0	0	0	0	0	0	0	0	0	0	0	0	0	0	0	0	0	0	0	0	0	0	0	0	0	0	0	0	0	0	0	0	0	0	0	0	0	0	0	0	0	0	0	0	0	0	0	0	0	0	0	0	0	0	0	0	0	0	0	0	0
A[Ins(C):R(9,)]G	0	0	0	0	0	0	0	0	0	0	0	0	0	0	0	0	0	0	0	0	0	0	0	0	0	0	0	0	0	0	0	0	0	0	0	0	0	0	0	0	0	0	0	0	0	0	0	0	0	0	0	0	0	0	0	0	0	0	0	0	0	0	0	0	0	0	0	0	0	0	0	0	0	0	0	0	0	0	0	0	0	0	0	0	0	0	0	0	0	0	0	0	0	0	0	0	0	0	0	0	0	0	0	0	0	0	0	0	0	0	0	0	0
A[Ins(C):R(9,)]T	0	0	0	0	0	0	0	0	0	0	0	0	0	0	0	0	0	0	0	0	0	0	0	0	0	0	0	0	0	0	0	0	0	0	0	0	0	0	0	0	0	0	0	0	0	0	0	0	0	0	0	0	0	0	0	0	0	0	0	0	0	0	0	0	0	0	0	0	0	0	0	0	0	0	0	0	0	0	0	0	0	0	0	0	0	0	0	0	0	0	0	0	0	0	0	0	0	0	0	0	0	0	0	0	0	0	0	0	0	0	0	0	0
G[Ins(C):R0]A	0	0	0	0	0	0	2	0	0	0	0	0	0	0	0	0	1	1	0	0	0	0	1	0	0	0	0	0	0	0	0	0	0	1	0	0	0	0	0	0	0	0	1	0	0	0	1	0	1	1	0	0	1	0	1	0	0	0	0	1	0	0	0	0	0	0	0	0	0	1	0	0	0	0	0	0	0	0	0	0	0	0	0	0	2	1	0	0	0	1	1	2	0	0	3	0	0	0	0	0	0	0	0	0	0	0	0	0	0	0	0	0	0
G[Ins(C):R0]G	0	0	0	1	0	0	0	0	0	0	0	0	1	1	0	0	0	0	0	0	0	0	0	0	0	0	0	0	0	0	0	0	0	0	0	0	0	0	0	2	0	0	0	0	0	0	2	0	1	0	0	1	0	0	0	0	0	0	0	0	0	0	1	0	0	0	0	0	0	0	0	0	0	0	0	0	0	0	0	0	0	0	0	0	0	0	0	0	0	1	0	0	0	0	0	0	0	2	0	0	0	1	0	0	0	0	0	0	0	0	0	0	1
G[Ins(C):R0]T	0	0	0	0	0	0	0	1	0	0	2	0	0	0	0	0	1	0	0	0	0	0	0	0	0	0	0	0	0	0	0	0	0	0	1	1	0	1	3	0	1	0	0	0	0	0	0	0	0	1	0	1	0	0	0	1	1	0	1	0	0	0	0	0	1	0	0	1	0	0	0	0	0	0	0	0	0	0	0	0	0	1	0	0	0	0	1	0	0	1	0	0	0	1	1	0	1	1	0	0	0	0	0	0	0	0	0	1	0	0	0	0	1
G[Ins(C):R1]A	0	1	0	1	0	0	1	0	0	0	0	0	0	0	1	0	0	2	1	0	0	0	1	0	2	2	0	1	0	0	0	1	0	0	0	0	0	0	0	0	1	0	0	0	0	0	1	0	0	1	0	2	0	1	1	0	0	0	0	1	0	0	0	0	0	0	0	1	0	0	0	0	0	0	0	0	0	0	0	1	0	2	1	0	0	0	0	1	0	0	0	0	0	0	0	1	0	0	0	0	0	0	0	1	0	0	2	0	1	1	0	0	1
G[Ins(C):R1]G	0	0	0	0	0	0	0	0	0	0	0	0	0	0	0	0	0	1	0	0	0	0	0	0	0	0	0	0	0	0	0	0	0	0	0	0	0	0	0	0	0	0	0	0	0	0	0	0	0	0	0	0	0	0	0	1	0	0	0	0	0	0	0	0	0	0	0	0	0	0	0	0	0	0	0	0	0	0	0	0	0	0	0	0	0	0	0	0	0	0	0	0	0	0	0	0	0	0	0	0	0	0	0	0	0	0	0	0	0	0	0	0	0
G[Ins(C):R1]T	0	0	0	0	0	0	1	0	0	0	0	0	1	0	0	0	0	0	0	0	0	0	0	0	0	0	2	1	0	0	0	1	0	0	0	1	0	0	2	1	0	0	1	0	0	0	2	0	0	2	0	0	0	0	1	0	0	0	0	0	0	0	0	0	1	0	0	1	0	0	0	1	0	0	0	0	0	0	0	0	0	1	1	0	1	2	2	0	0	0	0	0	0	0	0	1	1	0	0	0	0	0	1	0	0	0	0	0	0	0	0	0	0
G[Ins(C):R2]A	0	0	0	0	0	0	0	0	0	0	0	0	0	0	0	0	0	0	0	0	0	0	0	0	0	1	1	0	0	0	0	0	0	0	0	0	0	0	1	1	0	0	0	1	0	0	1	1	1	1	0	0	0	1	1	0	0	0	0	0	0	1	1	0	0	0	0	0	0	0	0	0	0	1	0	0	0	0	0	1	0	0	0	0	0	0	1	1	2	0	0	0	0	0	0	1	1	0	0	0	0	0	0	0	0	0	0	0	0	0	0	0	0
G[Ins(C):R2]G	0	0	0	0	0	0	0	0	0	0	0	0	0	0	0	0	0	0	0	0	0	0	0	0	0	0	0	0	0	0	0	0	1	0	1	0	0	0	0	0	0	0	0	0	0	0	0	2	0	0	0	0	0	0	0	0	0	0	0	0	0	0	0	0	0	0	1	0	0	0	0	0	0	0	0	0	0	0	0	0	0	0	0	0	0	0	0	0	0	0	0	0	0	0	0	0	0	0	0	0	0	0	0	0	0	0	0	0	0	0	0	0	0
G[Ins(C):R2]T	0	0	0	0	1	0	0	0	0	0	0	0	0	0	0	0	0	0	0	0	0	0	0	0	0	1	0	0	0	0	0	0	0	0	0	0	0	1	0	1	0	0	0	0	0	0	2	0	1	0	0	0	0	1	0	1	0	1	0	0	0	0	0	0	0	0	0	1	0	0	1	0	0	0	0	0	0	0	0	0	0	0	0	1	0	0	1	0	0	0	0	0	1	0	0	0	0	0	0	0	0	0	1	0	0	0	0	0	0	0	0	1	0
G[Ins(C):R3]A	0	0	0	0	0	0	0	0	0	0	0	0	0	0	0	0	0	0	0	0	0	0	0	0	0	0	0	0	0	0	0	0	0	0	0	0	0	0	0	0	0	0	0	0	0	0	4	0	0	0	0	0	0	0	0	0	0	0	0	0	1	0	0	0	0	0	0	1	0	0	0	0	0	0	0	0	0	0	0	0	0	0	0	0	0	0	0	0	0	1	0	0	1	0	0	0	1	0	0	0	1	0	0	0	0	0	0	0	1	0	0	0	0
G[Ins(C):R3]G	0	0	0	0	0	0	0	0	0	0	0	0	0	0	0	0	0	0	0	0	0	0	0	0	0	0	0	0	0	0	0	0	0	0	0	0	0	0	0	0	0	0	0	0	0	0	3	0	0	0	0	0	0	0	0	0	0	0	0	0	0	0	0	0	0	0	0	0	0	0	0	0	0	0	0	0	0	0	0	0	0	0	0	0	0	1	0	1	0	0	0	0	0	0	0	0	0	0	0	0	0	0	0	0	0	0	0	0	0	0	0	0	0
G[Ins(C):R3]T	0	0	1	0	0	0	0	0	0	0	0	0	0	0	0	0	0	0	0	0	0	0	0	0	0	0	0	0	0	0	0	0	0	0	0	0	0	0	0	0	0	0	0	0	0	0	6	0	0	0	0	1	0	0	0	0	0	0	0	0	0	0	1	0	0	0	0	0	0	0	0	0	0	0	0	0	0	0	0	0	0	0	0	0	0	0	0	0	1	0	0	0	0	0	1	0	0	0	0	0	0	0	0	0	0	0	0	0	0	0	0	1	0
G[Ins(C):R4]A	0	1	0	0	0	0	0	0	0	0	0	0	0	0	0	0	0	0	0	0	0	0	0	0	0	0	0	0	0	0	0	0	0	0	0	1	0	0	0	0	0	0	0	0	0	0	31	0	0	0	0	0	1	0	0	0	0	0	0	0	0	1	0	0	0	0	0	0	1	0	0	0	0	0	0	0	0	0	0	0	0	0	0	0	0	1	0	0	0	0	0	0	0	0	0	0	0	0	0	0	0	0	0	0	0	0	1	0	0	0	0	1	0
G[Ins(C):R4]G	0	0	0	0	0	0	0	0	0	0	0	0	0	0	0	0	0	0	0	0	0	0	0	0	0	0	0	0	0	0	0	0	0	0	0	0	0	0	0	0	0	0	0	0	0	0	3	0	0	0	0	0	0	0	0	0	0	0	0	0	0	0	0	0	0	0	0	0	0	0	0	0	0	0	0	0	0	0	0	0	0	0	0	0	0	0	0	0	0	1	0	0	0	0	0	1	0	0	0	0	1	0	0	0	0	0	1	0	0	0	0	0	0
G[Ins(C):R4]T	0	0	0	1	0	0	0	0	0	0	0	0	0	0	0	0	0	0	0	0	0	0	1	0	0	1	0	0	0	0	0	0	0	0	0	0	0	0	0	0	0	0	0	0	0	0	12	0	0	0	1	0	0	0	0	0	0	0	0	0	0	0	0	0	0	0	0	0	0	0	0	0	0	0	0	0	0	0	0	0	0	0	0	0	0	0	0	1	1	0	0	0	0	0	0	1	0	0	0	0	0	0	0	0	0	0	0	0	0	0	0	0	0
G[Ins(C):R5]A	0	0	0	1	0	0	0	0	0	0	0	0	0	0	0	0	0	0	0	0	0	0	0	0	0	0	0	0	0	0	0	0	0	0	0	0	0	0	0	0	0	0	0	0	0	0	16	0	0	0	0	0	0	0	0	0	0	0	0	0	0	0	0	0	0	0	0	0	0	0	0	0	0	0	0	0	0	0	0	0	0	0	0	1	0	0	1	1	0	0	0	0	0	0	0	0	0	0	0	0	0	0	0	0	0	0	0	0	0	0	0	0	0
G[Ins(C):R5]G	0	0	0	0	0	0	0	0	0	0	0	0	0	0	0	0	0	0	0	0	0	0	0	0	0	0	0	1	0	0	0	0	0	0	0	0	0	0	0	0	0	0	0	0	0	0	6	0	0	0	0	0	0	0	0	0	0	0	0	0	0	0	0	0	0	0	0	0	0	0	0	0	0	0	0	0	0	0	0	0	0	0	0	0	0	0	0	0	0	0	0	0	0	0	0	0	0	0	0	0	0	0	0	0	0	0	0	0	0	0	0	0	0
G[Ins(C):R5]T	0	0	0	0	0	0	0	0	1	0	0	1	0	0	1	0	0	0	1	0	0	0	0	0	0	0	0	0	0	0	0	0	0	0	0	0	0	0	0	0	1	0	0	0	0	0	23	0	0	0	0	0	0	0	0	0	0	0	0	0	0	0	0	0	0	0	0	0	0	0	0	0	0	0	0	0	0	1	0	0	0	0	0	0	0	1	1	0	0	0	0	0	0	0	0	0	0	0	0	0	0	0	0	0	0	0	0	0	0	0	0	0	0
G[Ins(C):R6]A	0	0	0	0	0	0	0	0	0	0	0	0	0	0	0	1	0	0	0	0	0	1	0	0	0	0	0	0	0	0	0	1	0	0	0	0	0	0	0	0	0	1	0	0	0	1	34	0	0	0	0	1	0	0	0	0	0	0	0	0	0	0	0	0	0	0	0	0	0	0	0	0	0	0	0	0	0	1	0	0	0	0	0	0	1	1	0	0	0	0	0	0	0	0	1	0	0	0	0	0	0	0	0	0	0	0	0	0	1	0	0	0	1
G[Ins(C):R6]G	0	0	0	0	0	0	0	0	0	0	0	0	0	0	0	0	0	0	0	0	0	0	0	0	0	0	0	0	0	0	0	0	0	0	0	0	0	0	0	0	0	0	0	0	1	0	32	0	0	0	0	0	0	0	0	0	0	0	0	0	0	0	0	0	0	0	0	0	0	0	0	0	1	0	0	0	0	0	0	0	0	0	0	0	0	0	0	0	0	0	0	0	0	0	0	0	1	0	0	0	0	0	0	0	0	0	0	0	0	0	0	0	0
G[Ins(C):R6]T	0	0	0	0	0	0	0	0	0	0	0	0	0	1	0	0	0	0	1	0	0	0	0	0	0	0	0	0	0	0	0	0	0	0	0	0	0	0	0	0	2	0	0	0	0	0	36	0	0	0	0	0	0	0	0	0	0	0	1	0	0	0	0	0	0	0	0	0	0	0	0	0	0	0	0	0	0	1	0	0	0	0	0	0	0	0	0	1	1	0	0	0	0	0	0	0	0	0	0	0	0	0	1	0	0	0	0	0	0	0	0	1	0
G[Ins(C):R7]A	0	0	0	0	0	0	0	0	0	0	0	1	0	0	1	0	0	0	0	0	0	0	0	1	0	0	0	0	0	0	0	0	1	0	0	0	1	0	0	0	0	0	0	0	0	0	77	0	0	0	0	0	0	0	0	1	0	0	0	0	0	0	1	0	0	0	2	0	0	0	0	0	0	0	0	0	1	0	0	0	0	0	0	0	0	0	1	0	0	0	0	0	0	0	0	0	0	0	0	0	0	0	0	0	0	0	0	0	1	0	0	0	0
G[Ins(C):R7]G	0	0	0	0	0	0	0	0	0	0	0	0	0	0	0	0	0	0	0	0	0	0	0	0	0	0	0	0	0	0	0	0	0	0	0	0	0	0	0	0	0	0	0	0	0	0	32	0	0	1	0	0	0	0	0	0	0	0	0	0	0	0	1	0	0	0	1	0	0	0	2	0	0	0	0	0	0	0	0	0	0	0	0	0	0	0	0	0	0	0	0	0	0	0	0	0	0	0	0	0	0	0	0	0	0	0	0	0	0	1	0	0	0
G[Ins(C):R7]T	0	0	0	0	0	0	0	0	0	0	0	0	0	0	0	0	0	0	0	0	0	0	1	2	0	0	0	0	0	0	0	0	0	0	1	0	0	0	0	0	0	0	0	0	0	0	31	0	0	0	0	0	0	1	0	0	0	0	0	0	0	0	0	0	0	0	0	0	0	0	0	0	0	0	0	0	0	0	0	0	0	0	0	0	0	0	0	0	0	0	0	0	0	0	0	0	0	0	0	0	0	0	1	0	0	0	0	0	0	0	0	0	0
G[Ins(C):R8]A	0	0	0	0	0	0	0	0	0	0	0	0	0	0	0	0	0	0	0	0	0	0	0	0	0	1	0	0	0	0	0	0	0	0	0	0	0	1	0	0	0	0	0	0	0	0	42	0	0	0	0	0	0	0	0	0	0	0	0	0	0	0	0	0	0	0	0	0	0	0	0	0	0	1	0	0	0	0	0	0	0	0	0	0	0	0	0	0	1	0	0	0	0	0	0	0	0	0	0	0	0	1	0	0	0	0	1	0	0	1	0	0	0
G[Ins(C):R8]G	0	0	0	0	0	0	0	0	0	0	0	0	0	0	0	0	0	1	0	0	0	0	0	0	0	0	0	0	0	0	0	0	0	0	0	1	0	0	0	0	0	0	0	0	0	0	9	0	0	0	0	0	0	0	0	0	0	0	0	0	0	0	0	0	0	0	0	0	0	0	0	0	0	0	0	0	0	0	0	0	0	0	0	0	0	0	0	0	0	0	0	0	0	0	0	0	0	0	0	0	0	0	0	0	0	0	0	0	0	0	0	0	0
G[Ins(C):R8]T	0	0	0	0	0	0	0	0	0	0	0	1	0	0	0	0	0	0	0	0	0	0	0	0	0	0	0	0	0	0	0	0	0	0	0	0	0	0	0	0	0	0	0	0	0	0	19	0	0	0	0	0	0	0	0	0	0	0	0	0	0	0	0	0	0	0	0	1	0	0	0	0	0	0	0	0	0	0	0	0	0	0	0	0	0	0	0	0	0	0	0	0	0	0	0	0	0	0	0	0	0	0	0	0	0	0	0	0	0	0	0	0	0
G[Ins(C):R(9,)]A	0	0	0	0	0	0	0	0	0	0	0	0	0	0	0	0	0	0	0	0	0	0	0	0	0	0	0	0	0	0	0	0	0	0	0	0	0	0	0	0	0	0	0	0	0	0	0	0	0	0	0	0	0	0	0	0	0	0	0	0	0	0	0	0	0	0	0	0	0	0	0	0	0	0	0	0	0	0	0	0	0	0	0	0	0	0	0	0	0	0	0	0	0	0	0	0	0	0	0	0	0	0	0	0	0	0	0	0	0	0	0	0	0
G[Ins(C):R(9,)]G	0	0	0	0	0	0	0	0	0	0	0	0	0	0	0	0	0	0	0	0	0	0	0	0	0	0	0	0	0	0	0	0	0	0	0	0	0	0	0	0	0	0	0	0	0	0	0	0	0	0	0	0	0	0	0	0	0	0	0	0	0	0	0	0	0	0	0	0	0	0	0	0	0	0	0	0	0	0	0	0	0	0	0	0	0	0	0	0	0	0	0	0	0	0	0	0	0	0	0	0	0	0	0	0	0	0	0	0	0	0	0	0	0
G[Ins(C):R(9,)]T	0	0	0	0	0	0	0	0	0	0	0	0	0	0	0	0	0	0	0	0	0	0	0	0	0	0	0	0	0	0	0	0	0	0	0	0	0	0	0	0	0	0	0	0	0	0	0	0	0	0	0	0	0	0	0	0	0	0	0	0	0	0	0	0	0	0	0	0	0	0	0	0	0	0	0	0	0	0	0	0	0	0	0	0	0	0	0	0	0	0	0	0	0	0	0	0	0	0	0	0	0	0	0	0	0	0	0	0	0	0	0	0	0
T[Ins(C):R0]A	0	0	0	1	0	0	0	0	1	0	0	0	0	0	0	0	0	0	0	0	0	0	1	0	1	0	0	0	0	0	0	0	0	1	0	0	0	0	1	0	0	0	0	0	0	0	0	1	0	1	0	1	0	0	0	0	0	0	0	0	0	0	0	0	0	0	0	0	0	0	0	0	0	0	0	0	0	0	0	0	0	0	0	0	0	0	0	0	0	0	0	0	0	0	2	0	0	0	0	0	0	0	1	0	0	0	0	0	0	0	0	0	1
T[Ins(C):R0]G	0	0	0	0	0	0	0	0	0	1	0	0	0	0	0	0	0	0	0	0	0	0	0	0	0	0	0	0	0	0	0	0	0	0	0	0	0	0	0	1	0	0	0	0	0	0	0	0	0	0	0	0	0	0	0	0	0	0	0	0	0	0	0	0	0	0	0	1	0	0	0	0	0	0	0	0	0	0	0	0	0	0	0	0	0	0	0	0	0	0	0	0	0	0	0	0	0	0	0	0	0	0	1	0	0	0	0	0	1	0	0	0	0
T[Ins(C):R0]T	1	0	0	2	1	1	1	0	1	0	3	4	1	0	0	1	1	2	0	0	2	0	2	1	0	2	3	1	0	1	1	1	0	1	0	2	2	0	4	2	0	1	0	0	3	1	78	1	0	5	2	0	1	0	4	3	1	3	1	2	1	0	1	0	1	1	0	0	3	0	1	0	1	0	0	1	2	1	1	0	2	3	2	0	0	0	2	1	0	1	1	0	0	1	1	1	0	1	0	0	1	2	0	1	1	0	2	1	1	0	1	5	1
T[Ins(C):R1]A	0	0	1	0	0	0	0	0	0	0	0	0	0	0	0	0	1	0	0	0	0	0	0	0	0	0	0	0	0	0	0	0	1	0	0	1	1	0	1	0	1	1	0	0	0	0	1	0	1	0	1	0	0	0	1	0	0	1	1	0	0	1	0	0	0	0	0	0	1	0	0	0	0	0	2	0	0	1	0	0	0	1	0	1	0	0	0	1	0	1	0	3	0	0	1	0	0	0	3	0	0	0	0	0	0	0	0	0	0	0	0	0	1
T[Ins(C):R1]G	0	0	0	0	0	0	0	0	0	0	0	1	0	0	0	0	0	0	0	0	0	0	0	0	0	0	0	0	0	0	0	0	0	0	0	0	0	0	0	0	0	0	0	0	0	1	0	0	0	0	0	0	0	0	0	0	0	0	0	0	0	0	0	0	0	0	0	0	0	0	0	0	0	0	0	0	0	0	0	0	0	0	1	0	0	0	1	0	1	0	0	0	0	0	0	0	0	0	0	0	0	0	0	0	0	0	0	0	0	0	0	0	0
T[Ins(C):R1]T	1	0	1	0	0	0	0	1	1	0	1	1	0	0	1	0	1	0	0	1	2	1	0	0	2	1	0	0	0	0	0	0	2	0	1	1	0	0	1	1	1	0	0	2	0	1	5	0	1	2	0	0	0	0	0	1	2	1	0	0	0	0	0	0	0	0	1	0	0	0	1	0	0	0	0	0	1	0	0	0	0	1	0	0	0	0	0	2	0	0	0	0	0	0	0	1	0	0	0	0	2	1	0	2	0	0	1	0	0	0	0	1	0
T[Ins(C):R2]A	0	1	0	0	1	0	0	0	1	0	0	0	0	0	0	0	0	0	0	0	0	0	1	0	0	0	1	0	0	0	2	0	0	0	0	1	0	0	1	0	0	0	0	0	0	1	1	0	0	0	0	0	0	0	0	0	0	0	0	0	0	0	0	0	0	0	0	0	0	0	1	1	0	0	0	0	0	0	0	0	0	2	0	0	0	0	0	1	0	0	0	0	0	0	0	0	0	0	0	0	0	0	1	0	0	0	0	0	0	0	0	0	0
T[Ins(C):R2]G	0	0	0	0	0	0	0	0	0	1	0	0	0	0	0	0	0	0	0	0	0	0	0	0	0	0	0	0	0	0	0	0	0	0	0	0	0	0	0	0	0	0	0	0	0	0	1	0	0	0	0	0	0	0	0	0	0	0	0	0	0	0	0	0	0	0	0	0	0	0	0	0	1	0	0	0	0	0	0	0	0	0	0	0	0	0	0	1	0	0	0	0	0	0	0	0	0	0	0	0	0	0	1	0	0	0	0	0	0	0	0	0	0
T[Ins(C):R2]T	2	0	1	0	0	0	0	0	1	0	0	0	0	0	0	0	0	0	0	0	0	1	0	0	0	0	0	0	1	0	0	0	1	0	0	0	1	0	0	0	0	0	0	0	0	0	3	0	1	0	0	0	0	0	0	1	0	0	0	0	0	1	0	0	0	0	0	0	0	0	1	0	1	0	0	1	0	0	0	0	0	0	0	0	0	1	0	1	0	0	0	0	0	0	0	0	1	1	0	0	1	0	0	1	0	0	0	0	0	0	0	0	0
T[Ins(C):R3]A	0	0	0	0	0	0	0	0	0	0	0	0	0	0	0	0	0	0	0	0	0	0	0	0	0	0	0	0	0	0	0	0	0	0	0	0	0	0	0	1	0	0	0	0	0	0	4	0	0	0	0	0	0	0	0	1	0	0	0	0	0	1	0	0	0	0	1	0	0	0	0	0	0	0	0	0	0	0	0	0	0	0	0	1	0	0	1	0	0	0	0	1	0	0	1	0	0	0	0	0	0	0	0	0	0	0	0	0	0	0	1	0	0
T[Ins(C):R3]G	0	0	0	0	0	0	0	0	0	0	0	0	0	0	0	1	0	0	0	0	0	0	0	0	0	0	0	0	0	0	0	0	0	0	0	0	0	0	0	0	0	0	1	0	0	0	0	0	0	0	0	0	0	0	0	0	0	0	0	0	0	0	0	0	0	0	0	0	0	0	0	0	0	0	0	0	0	0	0	0	0	0	0	0	0	0	0	0	0	0	0	0	0	0	0	0	0	0	0	0	0	0	0	0	0	0	0	0	0	0	0	0	0
T[Ins(C):R3]T	1	0	0	1	0	1	0	0	0	0	0	0	0	0	0	0	0	0	1	0	0	0	0	0	0	0	0	0	0	0	0	0	0	0	0	0	0	0	1	0	0	0	1	0	1	1	9	0	0	0	0	0	0	0	0	0	0	0	0	0	0	0	0	0	0	0	0	0	1	0	0	0	1	0	0	0	0	0	1	1	0	0	0	0	0	0	0	1	0	0	0	0	0	0	0	1	0	0	0	0	0	0	0	0	1	0	0	0	0	0	0	0	0
T[Ins(C):R4]A	0	0	0	2	0	0	0	0	0	0	0	0	0	1	0	0	0	0	0	0	0	1	0	0	0	0	0	0	0	0	0	0	0	0	0	0	0	0	0	0	1	0	0	1	0	0	80	1	0	1	0	0	0	0	0	0	0	0	0	0	0	0	0	0	0	0	1	0	0	0	1	0	1	0	1	0	0	0	0	1	0	1	0	1	1	0	0	0	0	0	0	0	0	0	0	0	0	0	0	0	0	0	0	0	0	0	0	0	0	0	0	0	0
T[Ins(C):R4]G	0	1	0	0	0	0	0	0	0	0	0	0	0	0	0	0	0	0	0	0	0	0	1	0	0	0	0	0	0	0	0	0	0	0	0	0	0	0	0	0	0	0	0	0	0	1	5	0	0	0	0	0	0	0	0	0	0	0	0	0	1	0	0	0	0	0	0	0	0	0	0	0	0	0	0	0	0	0	0	0	0	0	0	0	0	0	0	0	0	0	0	0	0	0	0	0	0	0	0	0	0	0	1	0	0	0	0	0	0	0	0	0	0
T[Ins(C):R4]T	0	0	0	0	0	0	0	0	1	0	0	0	0	0	1	0	1	1	0	0	0	0	0	0	0	0	1	0	0	0	0	0	0	0	0	0	0	0	0	0	1	0	0	0	0	0	34	0	0	1	0	0	0	0	0	1	0	0	0	0	0	0	0	0	0	0	0	0	0	0	0	0	0	0	0	0	1	0	0	0	0	0	0	0	0	0	0	0	0	0	0	0	0	0	0	0	0	0	0	0	0	0	0	0	0	0	0	0	0	0	0	0	0
T[Ins(C):R5]A	0	0	0	0	0	0	0	0	0	0	0	0	0	0	0	0	0	0	0	0	0	0	0	0	0	0	0	0	0	0	0	0	0	0	0	0	0	0	0	0	0	0	0	1	0	0	31	0	0	0	0	0	0	0	0	1	0	0	0	0	0	0	0	0	0	0	1	0	0	0	0	0	0	0	1	0	0	0	0	0	0	0	0	0	0	0	0	0	0	1	0	0	0	0	0	0	0	0	0	0	1	0	0	0	0	0	0	0	0	0	0	0	0
T[Ins(C):R5]G	0	0	0	0	0	0	0	0	0	0	0	0	0	0	0	0	0	0	0	0	0	0	0	0	0	0	0	0	0	0	0	0	0	0	0	0	0	0	0	0	0	0	0	0	0	0	8	0	0	0	1	0	0	0	0	0	0	0	0	0	0	0	0	0	0	0	0	0	0	0	0	0	0	0	0	0	0	1	0	0	0	0	0	0	0	1	0	0	0	0	0	0	0	0	0	1	0	0	0	0	0	0	0	0	0	0	0	0	0	0	0	0	0
T[Ins(C):R5]T	0	0	0	1	0	1	0	0	0	0	0	1	0	0	0	0	0	0	0	0	0	0	0	0	0	0	0	0	0	0	0	0	1	0	0	0	0	0	0	0	2	0	1	0	1	0	38	0	0	0	0	0	0	0	0	0	0	1	0	0	0	0	0	0	0	0	0	0	0	0	0	0	0	0	0	0	0	0	0	0	0	0	0	0	0	0	1	0	0	0	0	0	0	0	0	0	0	0	0	0	1	0	0	0	0	0	0	0	2	0	0	0	1
T[Ins(C):R6]A	1	0	0	0	0	0	0	0	0	0	0	0	0	0	1	0	0	0	0	0	0	1	0	0	0	0	0	0	0	0	0	0	0	0	0	0	0	0	0	0	1	0	0	0	0	0	45	0	0	0	0	0	0	0	0	1	0	1	0	0	0	1	0	0	0	0	0	0	0	0	0	0	1	0	0	0	0	0	0	0	0	1	0	0	1	0	0	0	0	0	0	0	0	0	0	0	0	0	0	0	0	0	0	0	0	0	0	0	0	0	0	0	0
T[Ins(C):R6]G	0	0	0	0	0	0	0	0	0	0	0	0	0	0	1	0	0	0	0	0	0	0	0	0	0	0	0	0	0	0	0	0	0	0	0	0	0	0	0	0	1	0	0	0	0	0	11	0	0	0	0	0	0	0	0	0	0	0	0	0	1	0	0	0	0	0	1	0	0	0	0	0	0	1	0	0	0	0	0	0	0	0	1	0	0	0	1	0	2	0	0	0	0	0	0	0	0	0	0	0	0	0	0	0	0	0	0	0	0	0	0	0	0
T[Ins(C):R6]T	0	0	0	0	0	0	0	0	0	0	0	0	0	0	0	0	0	0	0	0	0	0	0	0	0	0	0	0	0	0	0	1	0	0	0	1	0	0	0	0	2	0	0	0	1	0	20	0	0	0	0	0	0	0	0	0	0	0	0	1	0	0	0	0	0	0	0	0	0	0	0	0	0	0	0	0	0	1	0	0	0	0	0	0	0	0	0	0	0	0	0	0	0	0	0	0	0	1	0	0	0	0	0	0	0	0	0	0	0	0	0	0	0
T[Ins(C):R7]A	0	0	0	0	0	0	1	0	0	1	0	0	0	0	0	0	0	0	0	0	0	0	0	0	0	0	0	0	0	0	0	0	0	0	0	0	0	0	0	0	1	0	0	0	0	1	90	0	0	1	0	0	0	0	0	0	1	0	0	1	0	0	0	0	0	0	0	0	0	0	0	0	0	0	0	0	1	0	0	1	0	0	1	0	0	0	0	1	0	1	0	0	0	0	1	1	0	0	1	0	0	1	0	1	0	0	0	0	0	0	1	1	1
T[Ins(C):R7]G	0	0	1	0	0	0	0	0	0	0	0	0	0	1	1	0	0	0	0	0	0	0	0	0	0	0	0	0	0	0	0	0	0	0	1	0	0	0	0	0	0	0	0	0	0	1	19	0	0	2	0	0	0	0	0	0	0	0	0	0	0	0	0	0	0	0	0	0	0	0	2	0	0	0	0	0	0	1	0	0	0	0	0	0	0	0	1	0	0	0	0	0	0	0	0	0	0	0	0	0	0	0	0	0	0	1	0	0	0	0	0	0	0
T[Ins(C):R7]T	0	0	0	0	0	0	0	0	0	0	0	0	0	0	0	1	0	0	0	0	0	0	0	0	0	0	0	0	0	0	0	0	0	0	0	0	0	0	0	0	1	0	0	0	0	0	24	0	0	0	0	0	0	0	0	0	0	0	0	0	0	0	0	0	0	0	0	0	0	0	0	0	0	0	0	0	0	0	0	0	0	0	0	0	0	0	0	0	0	0	0	0	0	0	1	0	0	0	0	0	0	0	0	1	0	0	0	0	0	0	0	0	0
T[Ins(C):R8]A	0	0	0	0	0	0	0	0	0	0	0	1	0	0	0	0	1	0	0	0	0	0	0	0	0	2	0	0	0	0	0	0	0	0	1	1	0	0	0	0	1	1	0	0	0	0	38	0	0	0	0	0	0	0	1	0	0	0	0	0	0	0	0	0	0	0	0	0	0	0	0	0	0	0	0	1	0	0	0	0	0	0	0	0	0	0	0	0	0	0	0	0	0	0	0	0	0	0	0	0	0	0	0	0	0	0	0	0	0	0	0	0	0
T[Ins(C):R8]G	0	0	0	0	0	0	0	0	0	0	0	0	0	0	0	0	0	0	0	0	0	0	0	0	0	0	0	0	0	0	0	0	0	0	0	0	0	0	0	0	0	0	0	0	0	0	4	0	0	0	0	0	0	0	0	0	0	0	0	0	0	0	0	0	0	0	0	0	0	0	0	0	0	0	0	0	0	0	0	0	0	0	0	0	0	0	0	0	0	0	0	0	0	0	0	0	0	0	0	0	0	0	0	0	0	0	0	0	0	0	0	0	0
T[Ins(C):R8]T	1	0	0	0	0	0	0	0	0	0	0	0	0	0	0	0	0	0	0	0	0	0	0	0	0	0	0	0	0	0	0	0	0	0	0	0	0	0	0	0	0	0	0	0	0	0	20	0	0	0	0	0	0	0	0	0	0	0	0	0	0	0	0	0	0	0	0	0	0	0	0	0	0	0	0	0	0	0	0	0	0	1	0	0	0	0	0	0	0	0	0	0	0	0	1	0	0	0	0	0	0	0	0	0	0	0	0	1	0	0	0	0	0
T[Ins(C):R(9,)]A	0	0	0	0	0	0	0	0	0	0	0	0	0	0	0	0	0	0	0	0	0	0	0	0	0	0	0	0	0	0	0	0	0	0	0	0	0	0	0	0	0	0	0	0	0	0	0	0	0	0	0	0	0	0	0	0	0	0	0	0	0	0	0	0	0	0	0	0	0	0	0	0	0	0	0	0	0	0	0	0	0	0	0	0	0	0	0	0	0	0	0	0	0	0	0	0	0	0	0	0	0	0	0	0	0	0	0	0	0	0	0	0	0
T[Ins(C):R(9,)]G	0	0	0	0	0	0	0	0	0	0	0	0	0	0	0	0	0	0	0	0	0	0	0	0	0	0	0	0	0	0	0	0	0	0	0	0	0	0	0	0	0	0	0	0	0	0	0	0	0	0	0	0	0	0	0	0	0	0	0	0	0	0	0	0	0	0	0	0	0	0	0	0	0	0	0	0	0	0	0	0	0	0	0	0	0	0	0	0	0	0	0	0	0	0	0	0	0	0	0	0	0	0	0	0	0	0	0	0	0	0	0	0	0
T[Ins(C):R(9,)]T	0	0	0	0	0	0	0	0	0	0	0	0	0	0	0	0	0	0	0	0	0	0	0	0	0	0	0	0	0	0	0	0	0	0	0	0	0	0	0	0	0	0	0	0	0	0	0	0	0	0	0	0	0	0	0	0	0	0	0	0	0	0	0	0	0	0	0	0	0	0	0	0	0	0	0	0	0	0	0	0	0	0	0	0	0	0	0	0	0	0	0	0	0	0	0	0	0	0	0	0	0	0	0	0	0	0	0	0	0	0	0	0	0
A[Ins(T):R0]A	2	1	0	1	0	1	0	1	1	1	1	1	0	0	1	2	2	2	0	1	3	3	2	1	1	1	3	0	3	0	0	1	0	0	3	10	1	0	6	2	1	3	0	0	0	1	38	2	2	1	0	0	1	0	0	6	1	1	0	0	2	3	1	1	3	0	2	0	3	2	0	0	3	1	1	1	1	1	2	0	0	1	0	1	2	6	2	1	0	2	0	1	0	0	4	1	2	1	1	2	0	1	2	2	1	0	1	0	3	2	0	4	1
A[Ins(T):R0]C	1	0	0	0	0	0	0	1	0	0	0	0	0	0	0	0	2	0	0	0	0	0	0	0	0	0	0	0	0	0	0	0	0	0	0	2	0	0	0	2	0	1	0	1	0	2	1	0	0	0	2	0	0	0	1	0	0	0	0	0	0	0	0	0	1	0	0	0	0	0	0	0	1	0	0	1	0	0	0	0	0	1	0	0	1	0	0	1	0	0	0	0	0	0	2	0	1	2	0	0	0	0	0	0	0	0	0	0	0	0	0	1	0
A[Ins(T):R0]G	0	1	0	0	0	0	0	0	0	0	0	1	1	1	1	1	0	1	0	0	2	0	0	0	0	0	0	0	0	2	0	0	0	0	0	3	1	0	1	1	0	0	0	0	0	0	11	1	0	0	0	0	1	0	0	0	0	2	0	0	3	0	1	0	0	0	0	0	3	0	0	1	0	0	0	1	0	0	0	0	0	0	0	0	2	1	0	0	1	3	0	0	0	1	3	0	0	0	1	0	0	1	0	1	1	0	0	0	1	1	0	2	0
A[Ins(T):R1]A	2	3	0	0	0	1	2	3	1	1	2	2	1	1	2	1	0	0	0	0	0	0	0	0	1	2	2	0	2	1	2	3	1	1	0	4	2	1	0	0	1	1	0	0	1	3	2	1	1	0	1	2	1	0	3	0	0	3	1	1	0	1	2	0	0	1	0	2	0	1	4	1	3	0	0	1	1	3	0	0	0	0	0	0	0	1	3	2	0	0	0	1	1	0	1	4	1	0	0	0	0	0	4	0	0	0	2	1	1	2	1	0	1
A[Ins(T):R1]C	1	0	1	0	0	1	0	0	0	0	0	0	0	1	0	0	1	0	0	2	0	0	1	0	0	0	0	0	2	1	2	0	0	0	0	2	1	1	2	1	2	1	1	0	0	1	0	0	0	1	0	0	1	0	0	1	2	1	0	0	0	1	1	0	0	0	1	0	1	0	1	1	0	0	0	0	0	0	0	0	0	2	0	0	0	1	0	0	0	1	0	0	1	0	3	0	1	0	0	1	1	0	0	1	0	1	1	0	1	1	0	0	0
A[Ins(T):R1]G	0	2	0	0	1	1	2	2	0	1	2	1	0	0	0	1	1	1	0	1	0	1	1	0	1	0	0	0	1	1	0	0	0	2	0	1	0	0	3	0	0	3	0	0	0	1	11	1	0	1	2	1	0	2	1	4	0	0	0	1	0	0	0	1	1	0	1	3	3	0	0	1	3	2	0	0	1	0	0	1	0	1	0	1	0	0	0	2	1	0	1	0	0	0	0	1	2	2	0	0	0	1	2	1	1	0	0	0	2	0	3	0	1
A[Ins(T):R2]A	1	1	0	2	1	2	0	1	1	0	0	0	1	0	0	2	0	0	0	0	0	1	0	1	0	0	0	0	1	0	0	0	0	1	0	0	0	0	0	0	1	3	0	0	1	0	16	1	2	0	3	0	0	0	0	1	0	0	0	1	0	0	1	1	0	0	0	2	2	1	0	0	2	0	2	1	1	1	0	0	0	1	1	0	0	0	0	0	3	2	0	0	0	0	0	0	0	1	1	1	0	0	1	0	0	0	0	0	0	1	2	1	2
A[Ins(T):R2]C	0	0	0	0	0	0	0	0	1	0	1	0	0	0	0	0	1	0	1	0	0	0	0	0	0	0	1	0	0	1	0	0	0	0	1	0	2	0	0	0	0	0	2	0	0	0	8	0	0	1	0	1	0	0	1	1	0	0	0	0	0	0	1	0	0	0	0	0	0	0	0	0	0	0	0	0	0	1	0	0	1	1	0	0	0	0	0	1	0	0	0	1	0	0	0	0	0	0	1	0	0	0	0	0	1	0	1	0	0	0	0	0	0
A[Ins(T):R2]G	0	1	0	0	0	1	0	0	0	0	0	0	1	0	1	1	0	0	0	1	0	0	0	0	0	1	2	0	1	1	0	2	1	2	2	3	1	0	0	1	1	0	1	0	0	1	23	2	0	1	0	1	0	0	0	0	0	1	0	1	1	1	0	0	0	0	0	2	0	0	1	0	1	0	0	1	1	1	1	1	0	0	1	0	0	1	2	0	0	0	0	0	0	1	0	0	0	0	0	0	1	0	0	0	0	0	0	0	0	0	0	0	0
A[Ins(T):R3]A	0	1	0	2	1	0	0	0	0	0	1	1	0	0	0	1	0	0	0	0	0	0	0	1	0	0	0	0	0	0	0	0	0	0	0	0	0	0	1	0	0	1	0	0	0	2	12	0	0	0	0	1	0	0	0	1	1	0	0	0	0	0	0	0	1	0	1	1	0	1	0	0	0	0	1	0	1	0	2	0	0	1	0	1	0	0	0	1	0	0	0	0	0	1	0	0	0	0	0	0	1	0	0	0	0	0	0	0	1	0	1	0	1
A[Ins(T):R3]C	0	0	1	1	0	0	0	0	0	0	0	0	0	0	0	0	0	0	0	0	0	0	0	0	0	0	0	0	0	0	0	0	2	1	0	0	0	1	0	0	0	1	0	0	0	1	11	0	0	0	1	0	0	1	0	0	0	0	0	0	0	1	0	0	0	0	0	0	0	0	0	0	1	0	0	0	0	1	0	0	0	1	0	0	0	0	0	0	2	1	0	0	0	0	0	0	0	0	0	0	1	0	0	0	0	0	1	2	1	1	1	0	0
A[Ins(T):R3]G	1	0	0	2	0	1	1	1	1	0	0	1	0	0	2	0	0	0	0	0	0	1	1	0	1	1	0	0	0	0	0	0	0	0	1	0	0	0	4	0	1	2	0	0	1	0	21	0	0	0	1	2	0	0	1	0	0	0	0	0	0	0	0	0	0	0	1	0	0	0	0	0	0	0	0	1	0	1	0	0	1	0	0	0	0	0	0	1	0	1	0	0	0	0	2	0	0	1	0	0	2	0	0	1	0	0	0	0	1	1	0	0	1
A[Ins(T):R4]A	2	1	0	0	0	0	0	0	0	0	0	2	1	0	0	0	0	0	1	0	0	0	0	2	0	0	1	0	0	0	0	0	1	0	1	1	0	0	0	0	0	0	0	0	1	1	64	0	0	0	0	0	0	0	0	0	0	1	0	0	0	0	0	0	0	0	1	0	0	0	0	0	0	0	0	0	0	1	0	0	0	1	0	0	0	0	2	0	1	0	0	0	2	0	0	0	0	0	0	0	0	1	0	0	0	0	1	1	1	2	0	0	1
A[Ins(T):R4]C	1	0	2	2	0	0	0	1	0	0	0	1	0	0	1	0	1	1	0	1	0	0	0	0	0	0	0	0	1	0	0	0	1	0	0	1	0	0	0	0	1	0	0	0	1	0	52	0	0	1	0	0	0	0	0	0	1	1	0	0	0	0	0	0	1	0	1	1	1	0	0	0	0	1	0	2	0	1	1	0	0	0	0	0	0	0	1	1	0	0	0	1	0	0	0	0	0	2	0	0	0	0	1	2	1	0	1	0	0	0	1	1	0
A[Ins(T):R4]G	0	1	0	3	1	0	1	1	0	0	0	2	0	0	2	1	1	0	0	0	0	0	0	0	1	0	0	1	0	1	1	0	1	1	0	1	0	0	0	0	3	2	0	0	0	1	47	0	0	1	0	1	0	0	0	1	0	0	0	0	0	1	2	0	0	0	3	0	0	0	0	0	2	0	2	0	1	0	0	0	1	2	0	0	1	0	0	3	0	0	0	1	1	0	0	0	0	0	0	0	2	2	0	0	2	2	0	0	0	1	0	0	0
A[Ins(T):R5]A	0	1	3	2	0	2	1	0	1	1	1	3	0	0	1	2	1	1	2	0	1	1	1	0	1	0	1	0	0	1	0	3	1	0	1	6	0	0	2	1	4	3	3	0	0	0	168	0	1	1	2	1	0	0	1	1	0	0	0	0	1	0	4	0	0	0	1	0	0	0	1	1	4	1	0	0	0	3	0	1	1	1	1	2	2	3	2	3	0	2	0	1	0	0	0	1	0	0	0	0	2	3	0	0	2	4	1	0	1	0	0	0	0
A[Ins(T):R5]C	2	0	4	2	2	1	0	1	2	1	3	2	3	1	0	4	2	0	2	0	0	1	1	1	0	2	2	0	1	1	0	1	1	1	2	1	0	0	0	1	4	3	1	0	2	2	115	1	0	2	3	1	1	0	2	1	0	0	0	1	2	3	2	1	0	0	2	0	0	0	2	1	1	1	1	1	1	0	1	0	0	1	2	1	3	1	0	2	1	0	0	1	0	0	0	0	0	1	0	0	4	3	0	0	4	1	0	1	1	0	0	1	0
A[Ins(T):R5]G	2	0	2	3	0	1	1	0	2	0	1	3	1	1	0	1	2	3	1	2	0	4	0	1	0	1	0	0	1	0	0	1	4	1	2	0	0	0	1	0	2	0	1	0	1	1	113	0	0	0	3	0	0	1	1	1	0	0	1	0	0	1	2	0	1	0	0	0	0	0	0	0	4	2	0	1	0	1	1	1	1	2	1	0	0	1	2	0	1	0	1	1	0	1	1	0	0	1	0	0	3	0	0	3	1	0	0	0	0	3	0	2	0
A[Ins(T):R6]A	2	0	6	3	2	5	0	0	4	1	3	5	0	2	2	2	2	0	1	4	2	2	2	2	1	1	1	1	1	4	0	1	4	1	2	6	2	0	0	1	1	1	1	1	1	4	297	0	2	2	2	3	0	1	2	3	0	0	2	0	4	2	3	4	1	0	3	1	0	0	3	0	5	2	4	0	6	7	1	0	0	1	1	2	5	1	0	2	3	4	0	1	2	1	1	2	1	2	0	2	9	0	2	3	6	1	2	5	1	1	2	2	2
A[Ins(T):R6]C	3	1	3	4	0	0	1	0	4	1	0	5	1	0	2	7	6	0	2	3	4	3	2	0	0	2	3	2	2	2	0	2	5	0	4	5	2	2	3	0	4	0	5	1	2	4	254	2	1	3	5	1	0	3	4	0	3	0	3	0	3	2	8	1	1	0	1	2	3	0	3	0	2	2	2	2	5	2	0	1	3	2	2	2	6	6	3	3	2	6	5	1	3	2	1	3	1	1	1	0	5	3	3	0	6	4	2	2	0	5	1	4	3
A[Ins(T):R6]G	4	1	3	1	0	6	0	3	3	4	2	6	1	3	4	4	3	2	4	3	0	2	0	2	0	3	1	4	1	2	0	3	4	0	1	11	0	1	0	1	3	0	3	2	2	4	386	1	0	7	4	1	1	2	4	0	3	0	1	0	5	7	4	1	2	1	1	2	1	1	1	0	8	3	0	0	1	4	4	0	2	2	0	4	6	1	4	1	1	3	2	1	2	1	0	3	1	1	0	0	7	6	3	2	4	2	3	2	0	1	2	6	2
A[Ins(T):R7]A	3	0	4	3	2	2	0	0	4	1	1	6	3	0	4	4	3	3	1	4	0	6	2	1	1	4	1	2	0	1	0	1	3	0	1	10	2	1	2	3	2	1	4	2	3	1	541	0	2	4	6	3	0	2	2	2	1	0	2	1	1	1	4	3	1	1	1	2	0	0	1	4	4	1	2	1	1	1	2	0	2	4	0	3	4	7	3	2	2	7	1	0	0	1	1	1	2	3	0	0	6	4	2	2	6	3	5	2	0	2	3	3	0
A[Ins(T):R7]C	3	3	7	7	1	0	3	0	3	0	3	7	0	1	3	3	0	2	3	3	1	4	1	0	1	3	2	2	1	6	2	3	1	0	2	12	3	0	3	1	6	0	4	2	5	5	369	1	1	3	4	2	1	3	6	0	1	1	2	1	1	3	5	2	2	0	4	2	2	0	3	2	3	3	1	3	6	5	2	1	0	2	1	2	8	3	4	3	4	4	0	2	1	0	2	0	0	1	3	1	4	3	4	2	4	1	0	1	3	8	2	2	1
A[Ins(T):R7]G	5	1	4	2	2	3	2	2	2	1	4	5	0	0	5	2	3	0	1	1	0	1	3	0	0	2	2	0	2	4	2	2	1	1	6	3	0	1	0	0	6	4	3	1	2	1	454	0	2	3	0	2	0	3	4	1	1	2	1	2	0	4	6	3	3	3	3	1	0	1	6	0	6	2	3	4	0	5	0	2	2	4	2	1	1	3	4	0	4	5	1	1	0	1	2	5	1	2	1	3	4	7	1	2	4	0	1	2	1	7	2	5	0
A[Ins(T):R8]A	1	1	2	7	1	1	1	3	2	4	1	5	2	1	3	2	0	5	1	5	3	3	2	3	1	1	2	1	2	1	1	0	1	0	0	6	1	0	5	0	9	4	7	1	6	10	589	2	1	8	3	1	1	0	6	2	0	1	2	3	7	5	6	2	0	3	2	0	1	2	3	2	4	1	2	1	2	8	2	2	1	2	1	2	1	1	6	3	3	2	0	4	0	0	0	2	1	2	0	0	6	4	3	1	7	6	0	1	4	3	1	3	3
A[Ins(T):R8]C	5	5	4	4	3	4	1	2	3	0	6	3	3	3	4	6	4	1	2	3	1	2	3	1	0	2	2	0	3	0	0	0	5	0	1	5	2	0	1	3	7	2	2	2	2	3	388	1	1	4	4	4	1	1	2	0	3	0	1	0	6	1	5	1	3	1	1	0	1	1	0	0	6	2	1	2	2	5	1	0	2	2	0	3	1	1	2	0	4	2	2	3	2	1	1	2	1	1	1	0	2	0	3	2	0	1	3	0	2	4	6	3	1
A[Ins(T):R8]G	2	4	4	6	1	1	0	2	2	1	0	7	4	2	5	5	3	2	1	0	4	1	0	4	1	3	2	0	1	0	1	1	4	0	1	6	1	1	3	2	1	0	1	0	5	4	479	1	3	7	2	5	1	0	1	2	2	0	1	0	4	1	7	1	3	1	5	0	3	2	1	1	8	2	1	2	3	5	3	0	0	3	1	2	1	4	5	2	1	4	0	6	0	1	2	1	3	0	1	1	3	1	1	3	4	0	3	3	0	2	1	6	3
A[Ins(T):R(9,)]A	0	0	0	0	0	0	0	0	0	0	0	0	0	0	0	0	0	0	0	0	0	0	0	0	0	0	0	0	0	0	0	0	0	0	0	0	0	0	0	0	0	0	0	0	0	0	0	0	0	0	0	0	0	0	0	0	0	0	0	0	0	0	0	0	0	0	0	0	0	0	0	0	0	0	0	0	0	0	0	0	0	0	0	0	0	0	0	0	0	0	0	0	0	0	0	0	0	0	0	0	0	0	0	0	0	0	0	0	0	0	0	0	0
A[Ins(T):R(9,)]C	0	0	0	0	0	0	0	0	0	0	0	0	0	0	0	0	0	0	0	0	0	0	0	0	0	0	0	0	0	0	0	0	0	0	0	0	0	0	0	0	0	0	0	0	0	0	0	0	0	0	0	0	0	0	0	0	0	0	0	0	0	0	0	0	0	0	0	0	0	0	0	0	0	0	0	0	0	0	0	0	0	0	0	0	0	0	0	0	0	0	0	0	0	0	0	0	0	0	0	0	0	0	0	0	0	0	0	0	0	0	0	0	0
A[Ins(T):R(9,)]G	0	0	0	0	0	0	0	0	0	0	0	0	0	0	0	0	0	0	0	0	0	0	0	0	0	0	0	0	0	0	0	0	0	0	0	0	0	0	0	0	0	0	0	0	0	0	0	0	0	0	0	0	0	0	0	0	0	0	0	0	0	0	0	0	0	0	0	0	0	0	0	0	0	0	0	0	0	0	0	0	0	0	0	0	0	0	0	0	0	0	0	0	0	0	0	0	0	0	0	0	0	0	0	0	0	0	0	0	0	0	0	0	0
C[Ins(T):R0]A	0	0	0	0	1	0	0	2	1	0	0	0	0	1	0	0	1	0	0	0	1	0	0	0	0	0	0	0	0	0	0	0	0	1	0	1	1	0	1	0	0	0	1	0	1	1	2	0	0	0	0	0	1	0	1	1	0	0	1	0	0	0	0	0	0	0	0	0	0	0	0	2	1	0	0	2	0	0	0	0	0	0	0	0	1	0	0	0	1	1	0	0	3	0	1	1	0	1	0	0	0	0	0	0	0	0	0	0	0	0	0	0	0
C[Ins(T):R0]C	0	0	0	0	0	0	1	0	1	0	0	0	2	0	0	0	1	0	0	0	0	0	0	0	0	1	0	0	0	0	0	1	1	0	1	0	0	0	0	1	0	0	1	1	0	0	3	0	2	1	1	1	0	1	0	2	0	1	1	0	0	1	1	1	0	0	0	2	0	0	1	0	0	0	0	0	1	0	0	0	0	0	0	0	0	1	1	1	1	1	0	2	0	0	0	0	0	0	0	0	1	0	0	0	0	0	0	1	0	1	0	0	1
C[Ins(T):R0]G	0	0	0	0	0	0	0	1	0	1	0	0	0	0	0	0	0	0	0	0	0	0	1	0	0	0	0	0	0	0	0	0	0	0	0	1	0	0	0	0	0	0	0	0	0	0	1	0	0	0	0	0	0	0	0	0	0	0	0	0	0	0	0	0	0	0	1	0	0	0	0	0	0	0	1	0	0	0	0	0	0	1	2	0	0	0	0	0	0	0	0	1	0	0	1	0	0	0	0	0	0	0	0	0	0	0	1	1	0	0	0	0	0
C[Ins(T):R1]A	3	0	2	1	1	0	0	0	3	0	2	0	0	0	2	1	0	0	0	0	0	2	0	0	1	0	0	1	1	1	0	0	1	0	0	0	0	1	1	0	1	2	0	0	1	4	4	0	1	0	0	0	0	0	3	0	0	0	0	0	0	0	1	0	0	2	0	1	0	1	0	0	1	0	0	0	0	1	1	0	0	2	0	0	0	1	0	1	0	1	0	2	0	0	0	2	1	1	0	0	0	0	2	1	0	1	1	0	0	0	0	0	0
C[Ins(T):R1]C	0	1	0	1	0	0	2	0	0	0	0	1	1	0	0	0	1	0	0	1	0	0	1	0	0	0	0	0	2	0	0	1	2	0	0	1	1	0	0	1	0	0	0	0	1	0	3	0	0	0	0	2	0	0	2	2	0	1	1	0	1	0	0	0	0	3	0	1	0	0	0	0	3	0	0	0	1	0	0	0	0	2	0	0	1	1	1	2	0	0	0	0	0	1	2	0	0	0	0	0	0	0	0	0	0	0	0	0	2	0	0	2	0
C[Ins(T):R1]G	1	0	2	1	0	0	1	1	0	0	1	0	1	0	1	1	0	1	0	1	2	0	0	0	0	3	0	0	1	1	0	0	0	1	0	0	1	0	2	1	1	0	1	1	1	0	7	2	1	1	0	2	0	0	1	3	0	3	0	0	0	1	0	0	0	0	2	0	2	0	0	1	0	0	0	0	0	1	1	0	0	0	0	0	2	1	1	0	0	4	0	0	0	0	0	1	1	0	0	1	0	1	0	0	0	1	0	0	1	1	0	0	0
C[Ins(T):R2]A	0	0	0	1	0	0	0	0	2	1	0	0	0	0	0	1	0	1	0	1	0	0	0	0	0	0	1	0	0	3	0	0	0	0	0	1	0	0	1	1	1	1	0	1	0	1	6	0	1	1	0	0	0	1	0	0	0	0	0	0	0	1	1	0	0	0	1	0	0	0	1	0	2	0	1	0	0	0	0	1	0	1	1	0	0	1	0	0	0	1	0	2	0	0	1	0	0	0	0	0	0	1	0	0	1	1	0	1	0	0	1	0	0
C[Ins(T):R2]C	0	0	1	1	0	0	0	0	0	0	0	0	0	0	0	0	0	0	0	0	0	0	1	0	1	1	0	2	0	0	0	0	0	1	0	1	0	0	1	0	0	0	0	0	0	0	25	0	1	0	0	2	1	0	1	0	0	2	0	1	0	0	0	0	0	1	0	0	0	0	0	0	0	0	0	1	0	0	0	0	1	1	1	0	0	0	0	0	0	0	0	0	0	0	0	0	1	0	0	0	2	0	1	0	0	0	0	0	0	0	0	0	0
C[Ins(T):R2]G	0	0	0	0	0	0	0	0	1	0	0	0	1	0	1	2	0	0	1	1	1	0	0	0	0	0	0	0	0	1	1	1	1	0	1	0	0	0	0	1	1	0	0	0	1	0	37	0	0	0	0	0	0	0	0	0	1	0	0	0	0	0	0	0	0	0	0	0	0	0	0	0	0	0	0	0	0	1	0	0	0	0	0	0	0	0	1	3	0	1	0	0	0	1	0	1	0	1	2	0	0	0	0	0	1	0	0	0	0	1	0	0	0
C[Ins(T):R3]A	0	0	0	1	0	1	0	0	0	0	0	0	0	0	0	0	0	0	0	0	0	0	0	0	0	0	0	0	1	0	0	1	2	1	0	1	0	0	0	1	0	2	0	0	0	1	6	0	1	1	0	0	0	0	0	1	0	0	0	0	0	0	0	0	0	1	0	0	0	0	0	1	1	0	1	0	1	0	0	0	0	1	1	0	0	0	0	2	0	1	0	0	0	0	1	0	0	1	0	0	0	0	0	2	1	0	0	0	0	0	0	0	0
C[Ins(T):R3]C	0	0	1	0	0	0	1	0	0	0	0	0	0	0	0	1	0	0	0	1	0	1	1	0	0	0	1	1	1	2	0	1	0	1	0	1	1	0	0	0	0	1	1	0	0	0	13	0	1	1	1	1	0	0	1	0	0	0	0	0	0	0	0	0	0	0	0	0	0	0	1	1	2	0	0	2	1	0	0	0	2	0	0	0	0	0	0	0	0	0	0	0	0	0	0	0	0	0	0	0	1	0	0	0	1	0	1	0	0	1	0	0	1
C[Ins(T):R3]G	0	1	0	0	1	1	1	1	0	1	2	0	0	0	0	2	0	1	1	0	0	2	0	0	0	0	0	0	0	0	1	0	0	1	0	0	0	0	2	1	0	2	1	0	0	0	25	0	0	1	1	1	0	0	1	0	0	1	0	0	0	0	1	0	0	0	0	1	0	0	1	2	0	0	1	0	0	0	0	1	0	0	0	0	0	0	0	1	1	1	0	2	0	0	0	0	0	0	1	0	0	1	0	0	0	0	0	0	1	1	0	0	0
C[Ins(T):R4]A	0	0	1	0	0	0	0	0	0	0	1	0	0	0	0	1	0	1	0	0	1	0	0	0	0	0	0	0	0	0	0	0	0	0	0	0	0	0	0	0	0	0	2	0	0	0	25	0	0	0	0	0	1	0	0	0	0	0	1	0	0	0	0	0	0	0	0	1	0	0	0	0	0	0	0	0	0	0	0	0	0	0	0	0	1	0	0	0	0	0	0	1	0	0	1	0	0	0	0	0	0	1	0	0	0	0	1	0	0	0	0	0	0
C[Ins(T):R4]C	0	0	0	0	0	0	1	0	0	0	1	0	0	0	0	0	0	1	0	0	0	0	0	0	0	0	0	0	0	0	1	0	1	0	0	0	1	0	0	1	2	0	1	0	0	0	26	0	0	0	0	0	0	0	0	0	1	1	0	0	0	0	0	0	2	0	1	0	0	0	0	0	2	0	0	0	0	2	0	0	0	0	0	0	2	0	1	0	1	0	0	0	0	0	0	0	0	0	0	0	0	0	1	2	1	0	0	0	0	0	0	0	0
C[Ins(T):R4]G	1	0	0	0	0	0	0	0	1	0	0	0	0	0	1	0	0	0	0	0	0	0	1	0	0	0	0	1	0	0	0	1	0	0	0	0	0	0	0	0	1	1	0	0	0	0	20	0	0	0	0	0	0	0	1	0	0	0	0	0	0	1	1	0	0	0	0	0	0	0	1	0	0	0	0	0	0	0	0	0	0	2	0	0	0	1	0	0	0	0	0	0	0	0	0	0	0	0	0	0	2	0	0	0	0	0	0	0	0	1	0	1	0
C[Ins(T):R5]A	0	0	0	0	0	0	0	0	1	1	1	0	0	0	0	0	1	0	0	1	0	0	0	0	0	1	0	0	1	0	0	0	1	0	0	0	0	0	0	0	0	1	0	0	1	0	35	1	0	0	0	0	0	0	1	0	0	0	0	0	1	0	2	0	0	0	0	0	0	0	1	0	0	0	0	0	0	2	1	0	0	0	0	0	0	0	2	0	2	0	0	0	0	1	0	0	1	0	0	0	0	0	1	2	0	0	1	0	0	1	0	0	0
C[Ins(T):R5]C	0	0	0	1	0	0	0	1	1	0	0	1	1	0	1	1	0	0	0	2	1	2	2	0	2	2	0	0	0	0	0	0	1	1	1	2	0	1	1	0	3	0	1	0	2	0	65	0	1	1	2	0	0	0	0	0	0	0	0	0	1	0	2	0	0	1	0	0	1	0	0	0	0	0	0	0	1	2	0	1	0	1	1	0	1	0	1	0	1	2	0	0	0	0	0	1	0	1	0	0	0	1	0	0	1	0	1	1	1	0	0	0	0
C[Ins(T):R5]G	1	0	1	0	0	0	1	0	0	1	0	1	0	1	0	1	0	0	0	0	0	1	0	1	1	0	2	1	0	0	0	0	1	0	0	2	0	0	1	0	0	0	0	1	0	0	48	3	0	0	2	0	0	0	1	0	0	0	0	0	2	0	2	1	1	0	0	0	1	0	0	1	0	0	0	0	0	1	0	0	0	0	0	0	1	0	0	0	1	1	0	0	0	1	0	0	2	0	0	1	1	0	0	0	0	1	0	1	1	1	0	0	0
C[Ins(T):R6]A	2	0	0	2	0	2	0	0	1	0	1	2	3	0	0	1	1	0	0	1	0	0	2	0	1	0	1	0	0	1	0	0	2	0	0	4	2	1	1	1	2	1	1	1	1	1	100	1	1	1	1	1	0	3	0	3	1	1	0	0	2	0	1	2	1	0	1	1	1	1	1	0	1	0	1	1	0	1	0	1	0	0	1	0	1	1	4	2	1	6	0	0	0	0	0	0	1	1	1	0	4	1	0	3	3	1	0	1	0	1	1	0	2
C[Ins(T):R6]C	1	3	2	4	0	3	0	1	1	1	1	2	3	0	1	2	0	0	1	3	1	4	0	2	0	1	1	1	1	1	1	1	1	0	2	3	1	0	1	2	5	0	1	1	1	1	146	1	2	2	1	2	0	2	2	2	2	0	1	0	1	2	2	0	0	0	4	2	1	0	5	1	5	1	0	1	2	5	1	0	1	0	1	2	3	1	3	2	1	4	2	1	0	1	2	3	2	1	0	1	3	2	1	2	7	3	3	2	0	3	1	5	0
C[Ins(T):R6]G	1	2	4	4	0	1	1	1	4	0	1	5	2	0	1	1	2	0	1	2	1	1	1	2	0	0	0	0	1	3	0	1	3	3	1	1	1	1	1	1	6	1	1	0	1	2	169	0	1	2	2	1	1	2	1	0	1	0	0	0	1	1	1	0	1	1	0	2	2	0	3	1	5	1	1	0	0	0	1	2	2	1	0	0	2	2	2	2	2	3	0	3	0	1	0	0	0	0	0	0	5	3	1	2	3	2	1	0	0	1	1	0	0
C[Ins(T):R7]A	4	0	0	3	0	1	0	1	0	3	1	1	1	2	1	2	1	0	0	3	0	2	1	0	2	4	1	2	0	0	1	1	3	1	0	1	3	0	2	0	3	1	1	0	2	1	227	1	1	2	2	3	0	0	1	4	1	2	3	0	2	1	2	0	0	1	2	1	0	0	0	0	1	0	0	1	1	1	0	2	0	1	0	0	1	1	2	0	2	2	0	1	0	0	0	1	1	0	1	0	2	1	0	0	2	0	0	0	0	2	0	2	0
C[Ins(T):R7]C	2	3	1	1	1	2	0	2	6	2	2	7	0	0	0	1	2	1	0	0	1	1	0	1	0	0	1	2	0	0	1	0	2	1	2	2	0	0	3	0	2	2	2	0	1	1	168	1	2	2	2	1	0	2	1	1	0	0	0	0	0	0	2	0	1	1	1	1	2	0	2	1	6	3	2	0	0	3	1	1	1	0	0	0	0	2	1	0	2	5	0	1	0	0	1	1	1	1	0	1	1	2	0	0	2	2	1	2	0	1	2	1	1
C[Ins(T):R7]G	1	0	2	3	0	2	0	2	2	1	0	5	0	0	3	1	1	0	1	3	1	0	2	2	0	1	1	2	1	2	0	1	1	0	1	4	0	0	1	0	4	2	1	0	2	1	291	0	3	2	3	2	0	0	3	3	0	0	1	1	1	4	1	0	0	0	1	1	1	0	3	0	2	0	0	1	3	4	0	1	0	2	1	1	1	0	1	0	2	3	0	0	0	0	1	1	1	1	0	0	0	2	0	2	6	2	1	2	2	0	0	3	2
C[Ins(T):R8]A	2	0	1	2	3	0	2	2	3	1	1	2	0	1	3	4	1	2	1	1	1	1	3	2	0	2	0	1	0	0	1	1	1	1	1	2	0	0	3	0	3	2	2	1	2	3	337	0	0	1	1	1	0	1	2	3	2	0	0	0	3	1	1	0	1	2	2	0	0	1	1	1	2	1	1	1	4	3	2	0	2	3	0	3	0	2	2	2	1	5	2	1	0	2	1	1	2	1	0	0	4	0	2	2	2	2	1	0	2	2	2	0	1
C[Ins(T):R8]C	1	3	0	4	0	1	1	0	1	1	0	2	0	0	3	0	2	1	0	1	0	1	3	1	1	0	1	1	2	0	0	2	1	0	1	2	2	0	0	0	2	2	1	2	2	0	319	1	0	0	4	2	0	1	0	0	0	1	1	2	2	0	2	1	0	1	0	1	0	0	3	0	4	3	0	0	3	5	1	1	0	1	1	2	0	0	2	3	3	0	0	1	1	3	1	1	1	0	0	0	1	0	0	3	1	1	0	0	3	0	3	3	0
C[Ins(T):R8]G	2	4	4	5	1	0	1	0	4	0	2	3	2	0	1	3	1	0	1	2	1	2	1	1	0	3	0	0	0	0	0	1	2	0	1	6	2	0	1	3	2	1	0	1	2	4	477	2	1	3	4	2	0	2	0	4	2	0	1	1	2	2	5	1	1	1	1	1	0	2	0	0	5	1	0	0	1	1	2	0	1	4	1	0	1	3	3	0	4	0	1	0	1	0	2	2	2	3	0	0	4	2	1	4	4	3	0	0	3	2	3	1	0
C[Ins(T):R(9,)]A	0	0	0	0	0	0	0	0	0	0	0	0	0	0	0	0	0	0	0	0	0	0	0	0	0	0	0	0	0	0	0	0	0	0	0	0	0	0	0	0	0	0	0	0	0	0	0	0	0	0	0	0	0	0	0	0	0	0	0	0	0	0	0	0	0	0	0	0	0	0	0	0	0	0	0	0	0	0	0	0	0	0	0	0	0	0	0	0	0	0	0	0	0	0	0	0	0	0	0	0	0	0	0	0	0	0	0	0	0	0	0	0	0
C[Ins(T):R(9,)]C	0	0	0	0	0	0	0	0	0	0	0	0	0	0	0	0	0	0	0	0	0	0	0	0	0	0	0	0	0	0	0	0	0	0	0	0	0	0	0	0	0	0	0	0	0	0	0	0	0	0	0	0	0	0	0	0	0	0	0	0	0	0	0	0	0	0	0	0	0	0	0	0	0	0	0	0	0	0	0	0	0	0	0	0	0	0	0	0	0	0	0	0	0	0	0	0	0	0	0	0	0	0	0	0	0	0	0	0	0	0	0	0	0
C[Ins(T):R(9,)]G	0	0	0	0	0	0	0	0	0	0	0	0	0	0	0	0	0	0	0	0	0	0	0	0	0	0	0	0	0	0	0	0	0	0	0	0	0	0	0	0	0	0	0	0	0	0	0	0	0	0	0	0	0	0	0	0	0	0	0	0	0	0	0	0	0	0	0	0	0	0	0	0	0	0	0	0	0	0	0	0	0	0	0	0	0	0	0	0	0	0	0	0	0	0	0	0	0	0	0	0	0	0	0	0	0	0	0	0	0	0	0	0	0
G[Ins(T):R0]A	0	0	1	0	0	0	3	1	0	0	1	2	3	1	1	1	1	0	0	1	1	1	0	0	3	0	0	0	1	0	1	0	1	2	0	1	0	0	2	3	0	0	0	0	0	0	1	0	1	2	1	3	1	0	3	3	2	2	0	1	0	1	0	0	0	2	1	1	1	2	1	2	0	0	1	1	0	0	1	1	1	1	1	2	1	1	4	3	1	1	0	0	0	1	2	0	0	0	0	0	0	0	1	0	1	0	1	0	0	0	0	1	0
G[Ins(T):R0]C	0	0	0	1	0	0	0	0	0	0	0	0	1	0	0	0	0	2	0	0	1	0	0	0	0	0	0	0	1	0	0	0	0	0	0	0	0	0	1	0	0	0	0	0	0	0	2	0	0	0	0	1	0	0	0	0	0	1	1	0	0	0	1	0	1	0	0	0	0	0	0	0	0	0	1	1	1	0	0	0	0	0	1	0	0	3	0	1	0	2	0	1	0	0	0	0	1	0	0	1	0	0	0	0	0	0	1	0	0	0	0	0	0
G[Ins(T):R0]G	0	0	0	0	0	1	0	0	0	0	1	0	5	0	1	0	2	0	0	0	0	0	0	0	1	0	0	0	0	2	1	0	0	1	0	0	0	0	1	0	1	1	0	0	0	0	4	0	0	1	0	0	0	0	1	2	0	1	0	0	0	1	0	0	0	1	0	0	0	0	1	0	0	0	0	0	0	1	0	0	0	1	0	1	0	0	0	2	0	0	0	0	1	0	2	0	0	1	0	0	0	0	0	1	0	1	1	0	1	0	0	0	0
G[Ins(T):R1]A	2	1	0	5	3	1	2	1	2	0	3	2	1	0	3	1	0	3	2	2	1	3	7	1	1	1	0	5	1	4	4	0	6	3	2	0	0	2	6	3	2	0	2	0	2	1	5	2	2	2	2	3	2	2	2	3	0	2	2	0	2	0	4	1	0	2	4	0	1	1	3	0	1	3	2	2	2	1	2	1	1	4	1	4	4	2	3	2	2	2	4	2	2	1	1	0	1	1	0	0	6	0	3	0	2	3	0	1	4	4	2	2	2
G[Ins(T):R1]C	0	0	0	2	1	0	0	0	0	0	2	0	1	0	0	0	2	1	0	0	1	0	0	0	0	0	0	0	0	0	1	0	0	2	0	0	0	0	3	1	0	1	0	1	0	0	1	0	0	0	0	0	0	0	0	1	0	0	0	0	0	0	0	0	0	0	0	0	0	0	0	0	1	1	0	2	0	0	0	0	0	2	1	0	0	0	1	2	1	1	0	0	0	0	0	0	1	0	0	0	0	0	1	0	3	0	0	0	0	0	0	0	1
G[Ins(T):R1]G	2	0	1	4	0	0	3	0	0	1	1	0	0	0	0	0	0	0	1	1	0	0	0	0	2	0	1	0	0	3	1	1	0	3	0	1	1	1	3	1	0	1	0	0	0	0	4	3	1	0	0	1	2	0	1	2	0	0	0	0	0	4	0	0	0	0	0	0	0	1	1	1	0	1	0	2	0	3	1	1	0	0	0	1	0	1	0	2	1	2	2	2	2	1	0	1	0	1	2	1	0	1	2	0	1	0	1	0	0	0	1	0	3
G[Ins(T):R2]A	2	2	0	1	1	0	0	0	0	0	0	0	0	0	0	0	1	0	0	3	0	1	0	0	1	1	0	1	0	1	0	2	0	3	0	1	0	0	0	0	0	0	1	0	0	1	4	1	1	0	0	0	0	0	0	0	0	1	1	0	0	0	0	1	1	0	0	0	1	0	0	0	1	1	0	0	0	0	0	0	0	1	0	0	1	0	0	0	1	0	0	0	0	0	0	0	0	0	0	0	0	1	0	0	0	0	0	0	0	0	1	0	0
G[Ins(T):R2]C	2	0	0	0	0	0	0	0	1	0	0	0	0	0	0	0	0	0	0	0	1	0	1	0	0	0	0	0	1	1	0	0	1	4	1	0	0	0	3	1	0	0	0	0	0	0	3	0	1	0	0	0	0	0	0	0	0	0	0	1	0	0	0	1	0	0	0	0	0	0	1	0	0	0	0	0	0	0	0	0	0	0	0	0	0	0	0	0	1	0	0	0	0	0	0	0	0	0	0	0	0	0	0	0	0	0	0	0	1	1	0	1	0
G[Ins(T):R2]G	3	0	0	1	0	0	0	0	0	1	0	0	0	0	1	0	1	0	0	0	0	0	0	0	0	0	0	1	0	0	0	0	0	2	0	0	2	0	1	0	0	0	0	0	0	0	34	1	0	0	0	1	0	0	1	0	0	1	0	0	0	1	0	1	0	0	0	0	0	0	1	0	0	0	0	0	0	0	0	0	0	0	0	0	0	0	0	0	0	0	1	1	0	0	1	0	0	0	0	0	0	0	0	0	1	0	1	0	1	0	0	0	0
G[Ins(T):R3]A	0	0	0	0	1	0	0	0	0	0	0	1	0	0	0	0	0	0	0	1	0	0	0	0	0	0	0	0	0	0	0	1	0	1	0	1	0	0	0	0	0	0	1	0	0	0	6	3	0	0	0	0	0	0	0	1	0	0	0	0	0	0	0	0	0	0	0	0	0	0	0	0	0	0	0	0	0	0	0	0	0	0	0	0	0	1	0	0	0	1	0	0	0	0	0	0	0	0	0	0	0	0	2	1	0	0	0	0	0	0	0	0	0
G[Ins(T):R3]C	0	0	0	0	0	1	0	0	0	0	2	0	2	0	0	0	1	0	0	0	0	1	0	0	0	0	0	0	0	0	0	0	1	0	0	0	0	0	0	0	0	0	0	1	0	1	8	1	0	0	0	0	0	0	1	3	0	0	0	0	0	0	0	0	0	0	0	0	0	1	0	0	0	0	0	0	0	0	0	0	0	1	0	0	0	0	1	0	1	1	0	0	0	0	2	1	0	0	0	0	0	0	0	0	0	0	0	1	1	1	0	0	0
G[Ins(T):R3]G	1	0	0	0	0	0	0	1	0	0	1	0	1	0	0	0	0	0	0	0	0	0	0	0	1	0	0	0	0	0	0	0	0	2	0	0	0	0	1	0	0	0	0	0	0	0	13	0	0	0	0	0	0	0	0	0	0	0	0	0	0	0	0	0	0	0	0	0	1	0	0	0	0	0	0	1	0	0	2	0	0	1	0	0	0	1	1	0	0	0	0	0	0	0	0	0	0	0	0	0	0	0	0	0	1	0	2	0	0	0	0	0	0
G[Ins(T):R4]A	0	0	0	2	0	0	1	0	0	1	0	0	0	0	0	0	0	0	0	0	0	0	0	0	0	0	0	0	0	0	0	0	0	0	0	0	0	0	0	0	0	0	0	0	0	0	14	0	0	1	0	0	0	0	1	1	1	0	0	0	0	0	0	0	0	0	0	0	0	0	0	0	0	0	0	0	0	0	0	0	0	0	0	0	1	0	0	1	0	0	0	1	0	0	0	0	0	0	0	0	0	0	1	0	0	0	0	0	0	1	0	1	0
G[Ins(T):R4]C	0	0	0	0	0	0	2	0	0	0	0	0	0	0	0	0	0	0	1	0	0	0	0	0	0	0	0	0	0	0	0	0	0	0	0	0	0	0	0	0	0	0	1	0	0	0	4	0	0	0	0	0	0	0	0	0	0	0	0	0	0	0	0	0	0	0	0	0	0	0	0	1	0	0	0	0	0	0	0	0	0	0	0	0	1	0	0	0	0	1	0	0	0	0	0	0	0	0	0	0	0	0	0	0	0	0	0	0	1	0	0	0	0
G[Ins(T):R4]G	0	0	0	0	0	0	1	0	0	0	0	1	1	0	0	0	0	0	0	0	0	0	0	2	0	1	0	0	0	1	0	1	0	0	0	0	0	0	0	0	1	0	1	0	0	0	28	0	0	0	1	0	0	0	0	0	0	0	1	0	0	0	0	0	0	0	0	0	0	0	1	0	1	1	1	2	1	0	1	1	0	2	0	0	1	0	1	0	1	0	0	0	0	0	0	0	0	0	0	0	0	0	0	0	0	0	1	0	0	0	0	0	0
G[Ins(T):R5]A	1	0	0	1	0	0	0	1	3	0	0	0	0	0	0	0	0	0	0	1	0	0	0	0	0	0	0	0	0	0	0	1	1	0	0	0	2	1	0	0	0	1	0	0	0	0	44	0	0	0	0	0	0	0	0	2	0	0	0	0	1	0	0	0	0	0	1	0	0	0	0	0	2	0	1	1	0	1	0	0	0	0	0	1	0	0	0	0	0	0	0	1	0	1	1	2	0	0	1	0	0	0	0	1	1	0	0	0	0	0	1	0	0
G[Ins(T):R5]C	0	0	0	1	0	0	0	1	1	0	0	0	0	0	0	0	0	0	0	0	0	0	0	0	0	0	0	0	1	0	0	0	0	0	0	2	1	0	0	0	0	0	0	0	0	0	34	0	0	1	0	1	1	1	2	0	0	0	0	0	1	0	0	0	0	0	1	0	0	0	0	0	0	0	0	0	0	0	0	0	0	1	0	0	1	0	1	0	0	1	0	0	0	0	0	0	0	0	0	0	1	0	0	1	1	0	0	0	0	0	0	1	0
G[Ins(T):R5]G	0	1	0	1	0	1	0	1	0	0	0	0	0	0	0	1	0	0	0	0	0	1	0	0	0	1	2	0	0	1	0	1	0	1	0	0	1	0	0	1	0	0	1	1	0	0	52	0	0	0	0	1	0	2	0	1	0	1	0	0	1	0	1	0	0	0	1	0	0	0	0	0	0	0	0	1	0	0	1	0	0	1	1	1	0	0	2	0	1	0	0	0	0	1	0	0	1	0	0	0	2	2	1	0	0	0	0	0	0	0	0	0	0
G[Ins(T):R6]A	1	0	2	2	0	0	0	1	1	0	1	2	0	0	0	0	3	0	1	2	1	0	0	1	0	1	0	0	0	0	1	2	2	1	1	1	1	0	1	0	2	1	1	1	1	0	174	0	1	0	1	1	0	0	0	0	0	0	0	0	1	0	0	0	0	0	1	0	0	0	1	0	1	0	0	1	1	3	0	0	0	0	0	2	0	0	0	1	0	0	0	2	0	0	2	1	0	0	0	1	0	0	0	3	2	0	0	2	1	1	1	2	1
G[Ins(T):R6]C	0	4	0	3	1	0	0	0	5	0	2	0	1	2	3	3	0	1	2	2	1	1	1	0	0	2	1	0	0	0	2	0	1	0	0	0	0	0	1	0	3	2	1	0	2	2	226	1	1	0	2	0	0	1	0	0	1	1	1	0	4	1	7	0	1	0	0	4	0	0	2	0	4	2	1	0	0	6	1	1	0	1	0	2	0	1	2	1	0	3	0	1	1	3	1	0	0	1	0	0	6	1	0	0	0	2	0	1	3	1	1	1	1
G[Ins(T):R6]G	1	1	2	2	0	0	0	2	1	0	0	4	1	0	1	4	3	2	0	0	0	4	1	2	1	2	2	1	1	1	3	0	0	0	1	1	2	0	0	1	4	0	2	0	1	0	347	0	3	2	2	0	2	0	3	2	2	2	0	0	0	1	3	0	0	0	0	1	1	0	1	1	6	2	2	2	0	4	0	2	0	1	0	1	2	1	1	1	1	1	0	2	2	1	1	0	0	1	0	1	1	0	0	3	1	0	0	0	1	2	1	1	0
G[Ins(T):R7]A	4	2	3	1	3	0	0	0	2	1	1	2	1	0	2	4	1	1	1	3	1	0	0	0	2	1	1	0	0	2	0	1	2	3	2	5	0	1	2	2	1	1	0	1	2	1	290	1	0	1	2	0	0	1	4	0	0	2	0	0	1	1	2	1	1	1	0	0	0	0	1	1	2	1	0	1	1	2	0	0	0	3	0	0	1	3	0	0	3	4	1	0	0	0	1	1	2	1	3	1	0	1	0	4	3	2	0	1	0	2	2	3	1
G[Ins(T):R7]C	1	1	2	0	1	2	1	0	2	1	3	7	1	2	1	2	0	0	1	1	2	0	0	0	0	2	0	0	1	0	0	1	0	1	1	1	1	0	3	0	7	2	2	0	0	1	282	0	2	2	3	0	0	1	1	0	0	0	0	0	4	2	3	1	1	0	1	0	0	0	0	1	4	3	0	1	2	3	0	0	1	1	0	1	1	1	2	3	1	2	0	0	0	0	0	0	0	2	0	1	2	1	0	1	1	0	1	1	0	1	0	1	1
G[Ins(T):R7]G	3	3	6	4	0	2	0	1	3	0	4	3	1	0	5	1	1	0	2	0	0	0	0	2	0	1	0	1	0	5	2	0	2	0	2	7	3	2	3	0	6	1	1	2	2	2	454	0	2	1	3	2	0	1	2	1	0	1	1	1	0	0	1	0	0	0	1	1	0	0	1	0	2	1	0	0	1	0	2	1	0	2	0	1	0	0	1	4	1	4	1	0	3	0	4	0	1	3	0	0	6	2	1	2	2	1	1	3	2	2	0	5	1
G[Ins(T):R8]A	1	2	0	4	1	1	0	0	0	0	1	3	1	1	1	2	0	1	0	2	0	0	0	1	1	2	0	1	1	0	0	0	1	1	0	3	1	0	4	1	1	0	1	1	0	0	335	2	0	1	0	1	0	0	2	4	1	0	0	1	1	0	2	1	0	0	0	1	0	0	0	0	2	1	2	0	0	0	1	1	0	1	0	1	1	0	3	1	1	1	0	0	0	0	0	2	2	0	1	1	2	2	0	1	6	1	1	2	0	1	1	3	2
G[Ins(T):R8]C	0	2	3	0	0	0	0	0	3	1	1	4	3	2	1	4	2	2	1	1	1	1	2	2	1	0	1	1	2	2	1	1	1	0	1	3	0	1	0	0	4	1	1	1	2	0	300	1	0	1	1	1	0	1	0	0	1	0	1	1	3	2	1	0	0	0	0	1	1	1	4	0	2	2	2	1	1	4	0	2	2	1	0	1	0	0	1	0	2	3	2	0	1	0	2	0	2	0	0	0	3	1	0	0	2	2	0	2	1	4	0	3	1
G[Ins(T):R8]G	4	2	2	3	1	2	0	2	2	1	1	3	0	2	2	1	1	1	1	1	0	0	1	2	1	0	0	0	1	0	0	2	1	0	1	5	2	3	2	0	1	0	2	2	2	0	491	1	0	2	2	4	0	0	0	1	2	0	0	2	2	1	6	2	1	1	0	2	0	0	3	1	2	1	1	1	4	3	2	2	0	3	3	1	2	2	3	1	4	4	2	1	2	1	0	1	1	0	0	2	4	3	0	0	4	5	1	0	1	1	4	2	0
G[Ins(T):R(9,)]A	0	0	0	0	0	0	0	0	0	0	0	0	0	0	0	0	0	0	0	0	0	0	0	0	0	0	0	0	0	0	0	0	0	0	0	0	0	0	0	0	0	0	0	0	0	0	0	0	0	0	0	0	0	0	0	0	0	0	0	0	0	0	0	0	0	0	0	0	0	0	0	0	0	0	0	0	0	0	0	0	0	0	0	0	0	0	0	0	0	0	0	0	0	0	0	0	0	0	0	0	0	0	0	0	0	0	0	0	0	0	0	0	0
G[Ins(T):R(9,)]C	0	0	0	0	0	0	0	0	0	0	0	0	0	0	0	0	0	0	0	0	0	0	0	0	0	0	0	0	0	0	0	0	0	0	0	0	0	0	0	0	0	0	0	0	0	0	0	0	0	0	0	0	0	0	0	0	0	0	0	0	0	0	0	0	0	0	0	0	0	0	0	0	0	0	0	0	0	0	0	0	0	0	0	0	0	0	0	0	0	0	0	0	0	0	0	0	0	0	0	0	0	0	0	0	0	0	0	0	0	0	0	0	0
G[Ins(T):R(9,)]G	0	0	0	0	0	0	0	0	0	0	0	0	0	0	0	0	0	0	0	0	0	0	0	0	0	0	0	0	0	0	0	0	0	0	0	0	0	0	0	0	0	0	0	0	0	0	0	0	0	0	0	0	0	0	0	0	0	0	0	0	0	0	0	0	0	0	0	0	0	0	0	0	0	0	0	0	0	0	0	0	0	0	0	0	0	0	0	0	0	0	0	0	0	0	0	0	0	0	0	0	0	0	0	0	0	0	0	0	0	0	0	0	0
Del2:U1:R1	1	5	3	1	1	2	1	1	3	3	7	1	1	0	4	4	0	2	3	4	2	2	2	4	4	5	6	9	3	2	1	2	2	2	1	3	1	1	2	4	1	7	2	1	0	2	5	2	3	1	2	1	2	1	1	3	0	1	2	1	2	5	2	5	1	3	2	1	1	3	7	0	3	3	1	2	0	1	1	1	1	7	2	4	5	4	5	5	1	1	0	3	2	2	7	5	2	3	3	1	5	0	5	6	4	1	4	0	5	5	3	2	0
Del3:U1:R1	0	1	1	2	0	1	0	0	2	1	3	1	1	0	1	0	0	0	1	0	2	0	0	0	2	2	0	0	0	1	0	1	0	3	1	1	0	0	1	1	1	1	0	0	2	3	0	0	0	1	1	1	0	0	1	5	1	2	0	1	0	1	0	0	1	0	1	2	0	0	1	0	1	0	2	1	2	0	2	0	0	3	1	1	2	1	0	2	0	3	1	0	0	2	5	0	1	0	0	1	2	0	1	1	2	0	3	0	5	2	0	0	0
Del4:U1:R1	0	1	0	0	0	0	1	0	0	0	0	0	1	1	0	1	1	0	0	2	0	0	0	1	0	1	0	0	0	0	0	2	1	1	1	1	3	0	1	2	0	2	2	1	0	0	1	1	1	3	3	0	1	0	1	2	0	1	0	0	0	1	3	0	1	1	1	0	0	0	2	1	3	0	0	1	0	0	1	0	2	2	0	1	0	1	1	4	1	0	0	0	1	1	1	2	1	0	1	0	0	1	1	1	1	1	2	1	0	1	0	1	1
Del5:U1:R1	3	0	0	0	1	0	0	1	2	0	1	0	0	0	1	0	1	0	0	0	2	1	0	0	0	0	1	0	0	0	0	0	0	0	0	1	0	0	3	3	3	0	0	0	0	0	0	2	0	1	0	0	0	0	1	2	0	1	1	1	0	2	0	0	0	0	0	0	0	1	0	0	0	0	0	1	0	0	1	0	0	0	0	0	1	1	1	0	0	0	1	2	1	0	6	2	0	0	0	2	1	0	0	2	0	0	1	0	1	0	0	2	0
Del6:U1:R1	2	1	0	0	0	1	0	0	1	0	1	1	0	0	0	0	0	0	0	0	2	0	0	0	0	2	1	0	0	3	0	0	0	0	0	1	1	0	6	0	0	0	1	1	0	1	0	1	1	4	2	0	0	0	0	5	0	0	0	1	0	1	1	0	0	0	0	0	0	0	0	1	0	0	0	2	1	0	1	0	0	1	1	0	2	3	0	0	0	1	0	0	2	0	2	0	0	0	1	0	1	0	0	0	0	0	0	0	2	0	0	1	1
Del7:U1:R1	1	1	0	2	1	1	0	1	0	1	1	0	0	1	0	0	0	1	2	0	0	0	0	0	0	1	0	0	0	0	1	1	1	3	0	0	0	0	4	3	0	1	0	0	0	0	1	1	5	5	0	1	1	0	1	2	0	0	1	0	0	2	0	0	0	0	0	0	0	0	0	1	1	0	0	0	0	0	0	0	0	1	0	0	1	1	1	4	0	1	0	3	1	1	2	2	0	0	0	1	0	0	0	0	0	0	0	0	1	1	0	1	0
Del8:U1:R1	0	0	0	1	0	1	3	0	0	0	1	0	0	1	0	0	0	0	0	1	0	0	0	0	0	0	0	0	0	3	0	0	0	1	0	0	0	0	3	2	0	1	0	0	0	0	0	0	1	0	0	4	0	0	0	3	0	1	0	1	0	0	0	0	0	1	0	0	1	0	2	0	0	0	0	2	0	0	0	1	0	0	2	1	0	4	0	1	0	0	0	4	1	0	2	0	0	0	0	0	0	0	1	1	0	0	3	0	2	0	0	1	1
Del9:U1:R1	0	0	0	0	0	0	0	0	0	0	1	1	0	2	0	0	0	0	0	1	0	0	0	0	0	0	0	0	1	1	0	1	0	5	0	1	0	0	4	4	0	0	0	2	1	0	0	0	1	2	0	3	0	0	1	0	2	0	1	0	0	1	1	1	1	2	0	0	0	1	4	0	0	0	0	3	1	0	0	0	0	0	0	0	2	2	0	1	0	3	0	0	2	0	3	1	2	0	0	0	1	0	1	0	0	0	1	0	2	1	0	0	1
Del(10,):U1:R1	18	0	0	2	3	3	15	3	2	4	3	3	9	16	0	3	10	21	0	1	7	5	1	0	11	2	4	2	16	18	2	1	0	24	4	2	2	1	29	23	3	7	3	6	2	3	5	17	23	28	2	18	11	1	19	63	11	28	19	6	3	2	1	6	10	15	3	33	8	8	12	19	6	1	9	14	2	5	1	1	0	4	6	2	16	25	2	17	3	14	2	8	22	6	19	5	12	3	7	13	3	0	53	5	1	1	29	1	14	5	0	16	14
Del2:U(2,):R1	4	5	1	6	7	7	3	3	8	3	3	6	3	2	2	3	2	5	2	2	2	0	3	4	5	1	3	1	4	3	0	2	5	4	1	2	1	0	16	10	1	5	2	5	1	3	4	7	6	6	5	6	1	3	4	6	3	6	6	3	2	3	4	3	3	2	4	3	3	3	6	3	6	2	0	6	2	1	1	1	4	10	4	3	3	2	4	7	2	9	0	3	1	0	8	6	2	2	3	3	5	4	2	6	1	0	6	2	5	10	2	0	3
Del3:U(2,):R1	4	2	1	4	3	1	0	1	4	1	2	0	3	2	4	1	1	0	2	1	2	0	0	1	2	1	3	0	3	3	1	3	2	2	1	3	3	0	7	3	1	3	3	1	1	2	1	4	2	6	1	7	0	2	3	3	3	3	3	0	1	1	2	0	5	3	4	5	2	1	5	3	7	0	1	5	2	0	0	1	0	9	0	3	4	3	3	8	2	6	1	6	1	1	4	6	2	2	1	3	1	1	1	1	2	2	3	4	0	6	1	1	1
Del4:U(2,):R1	2	4	0	3	0	0	2	3	1	0	0	3	0	1	3	4	0	4	0	0	3	0	2	0	1	0	1	1	0	5	2	2	3	3	1	1	1	1	13	6	0	5	1	3	0	3	1	1	3	12	2	4	1	0	2	5	0	5	3	3	3	3	2	1	1	2	0	2	0	0	1	1	3	0	1	3	3	1	0	1	1	7	2	0	3	1	0	7	2	1	1	5	3	2	10	5	0	1	1	0	0	0	2	4	0	0	2	3	3	5	0	2	1
Del5:U(2,):R1	3	1	0	3	2	2	0	3	1	0	1	0	0	1	0	1	1	0	0	0	2	0	1	0	1	0	0	1	2	4	0	1	5	2	0	3	0	0	3	6	3	1	3	1	0	2	1	2	6	2	1	5	1	0	2	4	2	2	6	3	2	5	1	0	2	0	0	2	2	0	4	2	0	0	0	3	0	1	1	1	0	2	1	1	1	6	0	8	4	9	0	2	0	0	6	3	2	0	2	0	3	0	3	1	0	0	3	1	2	1	0	1	0
Del6:U(2,):R1	0	1	1	3	1	2	0	0	1	0	0	2	0	1	1	0	0	3	2	1	0	0	0	1	4	0	1	0	2	2	0	0	0	3	0	2	2	0	10	4	0	2	1	1	1	0	0	2	1	4	2	5	0	1	2	7	0	1	1	2	0	1	1	1	4	1	0	2	0	0	4	0	5	0	1	7	0	1	1	0	0	2	2	0	2	2	0	2	3	2	1	1	2	0	6	0	2	0	3	0	1	1	5	0	0	0	4	0	7	3	0	0	3
Del7:U(2,):R1	4	0	1	1	0	0	2	1	1	0	0	0	1	2	1	1	1	1	0	0	2	0	0	1	5	2	0	0	0	1	0	1	1	3	0	0	0	0	8	7	0	2	0	0	0	0	0	2	3	5	0	7	2	0	2	4	0	0	5	4	0	3	0	0	0	1	0	0	0	0	6	3	1	0	2	3	1	0	0	1	0	0	1	1	2	2	4	5	1	5	1	2	3	1	6	0	2	1	0	1	1	0	4	0	1	0	0	1	3	1	0	5	0
Del8:U(2,):R1	3	0	0	1	0	1	2	1	2	0	2	1	1	3	1	1	2	2	0	0	2	2	1	0	0	0	0	0	1	4	1	0	1	3	0	0	0	0	4	1	3	1	1	2	0	0	1	1	2	3	1	7	3	1	2	7	1	0	2	3	0	2	0	1	2	0	0	0	2	2	1	1	5	0	0	5	0	0	1	0	0	2	1	0	0	5	2	7	4	3	0	3	4	3	3	1	1	2	0	2	0	0	2	3	1	1	3	0	2	2	0	3	0
Del9:U(2,):R1	1	0	0	2	0	1	2	2	0	0	4	2	2	2	0	0	0	1	0	0	1	0	0	0	1	0	1	0	0	1	0	0	3	2	0	1	0	0	7	1	0	1	1	2	0	0	2	1	3	4	0	3	2	0	2	8	0	3	3	0	0	2	0	1	0	1	0	1	0	1	4	1	0	1	1	4	1	0	0	0	0	2	1	0	2	2	1	5	2	3	0	2	1	0	5	0	1	0	0	0	2	1	3	0	0	1	1	1	0	2	0	2	1
Del(10,):U(2,):R1	29	4	2	10	1	8	51	11	4	5	6	3	19	32	10	7	19	41	3	1	23	7	1	0	27	5	7	2	41	27	1	4	5	53	3	10	4	1	65	62	6	15	5	15	6	3	6	51	43	60	3	55	23	4	56	151	44	58	50	34	3	11	4	19	14	32	6	46	25	22	20	38	9	3	47	40	5	7	4	4	4	23	24	4	48	41	16	39	11	45	7	29	47	21	61	9	23	3	11	36	7	3	88	8	2	2	74	7	32	9	1	61	14
Del2:U1:R3	2	0	0	1	0	1	1	3	4	2	0	1	0	0	1	2	0	3	1	3	2	2	1	2	0	1	6	2	0	2	0	2	5	1	2	4	3	3	6	1	1	5	2	2	1	2	4	2	2	2	2	2	0	3	3	4	1	2	1	0	1	8	4	3	1	3	0	2	0	1	3	1	2	1	1	0	1	2	1	1	0	7	1	2	3	3	3	4	1	2	0	2	3	2	7	3	0	1	0	0	4	0	3	2	1	1	3	1	1	8	0	0	1
Del2:U1:R4	2	1	1	1	0	2	1	0	4	2	1	0	2	2	3	1	1	0	2	1	1	0	0	0	0	1	3	0	1	3	0	3	1	0	1	1	0	0	1	2	2	0	1	2	1	1	3	1	0	1	2	2	0	1	2	3	0	1	0	2	0	2	1	0	0	0	0	2	1	1	1	1	2	1	0	1	0	1	2	1	0	3	0	1	1	3	0	0	2	2	1	0	2	3	4	4	0	2	1	1	1	1	1	0	0	2	0	1	1	3	1	1	0
Del2:U1:R(5,9)	1	2	1	1	1	2	0	2	5	0	1	2	3	0	2	0	2	0	0	1	1	0	1	1	0	2	1	0	0	1	2	0	1	2	0	2	0	0	4	5	1	3	1	0	0	0	9	2	2	1	0	2	0	1	0	3	0	5	0	0	1	3	3	1	2	0	2	2	4	0	1	4	1	1	0	2	0	0	1	3	0	2	0	1	1	2	2	4	0	1	1	3	0	1	1	3	1	2	1	0	5	1	1	1	1	1	1	2	4	2	0	1	2
Del2:U2:R2	4	8	8	4	6	8	7	5	15	2	10	5	3	4	8	4	6	5	4	8	4	4	5	2	3	4	9	4	8	6	6	4	5	9	9	9	2	2	13	13	6	6	7	0	1	3	17	5	4	13	4	8	4	3	7	8	7	8	2	6	8	9	8	0	3	9	9	2	1	1	8	1	10	3	3	12	8	4	4	3	3	21	1	3	4	5	12	16	5	6	3	4	6	3	10	11	2	8	0	7	11	5	8	10	3	3	6	4	7	21	2	5	3
Del2:U2:R3	3	2	0	5	3	2	3	1	2	1	7	2	2	0	3	4	0	0	1	2	2	0	1	1	0	2	3	3	0	1	0	1	1	1	0	2	3	0	5	3	2	4	1	0	1	2	5	3	0	5	0	2	0	0	0	1	0	4	0	0	1	0	3	1	4	1	5	3	1	0	2	2	1	1	1	4	1	5	0	0	0	2	2	0	1	0	3	2	1	0	2	1	2	0	4	7	0	2	0	1	4	1	2	1	2	1	3	1	3	5	1	1	4
Del2:U2:R4	1	0	1	1	0	0	0	1	0	0	0	1	0	0	0	1	1	2	1	1	0	0	0	0	0	0	1	0	0	1	0	0	2	2	0	1	1	0	2	0	0	2	0	1	0	1	11	0	0	0	0	1	0	0	1	1	0	1	0	0	1	3	3	0	0	0	0	1	0	0	1	0	0	0	0	0	0	0	1	0	0	0	0	1	0	0	0	1	0	0	0	0	1	1	4	1	1	2	0	0	0	0	1	2	0	0	0	0	0	3	0	0	0
Del2:U2:R(5,9)	2	1	2	1	0	0	2	0	2	0	0	0	0	0	0	0	0	1	0	0	0	1	1	1	0	2	0	1	1	0	0	0	0	1	0	3	0	0	5	0	0	0	0	0	0	1	59	0	1	1	0	0	0	0	0	2	1	2	2	0	0	1	1	0	0	0	1	0	1	0	1	1	11	8	1	2	3	1	5	0	0	3	0	0	5	0	8	9	6	2	1	1	10	0	4	4	0	2	1	1	0	8	4	4	2	0	5	0	1	5	5	1	4
Del3:U1:R4	1	0	0	1	0	2	0	0	0	0	0	0	1	2	0	0	0	0	0	1	1	0	0	0	0	0	0	0	0	1	0	0	0	0	0	0	0	0	1	1	0	1	0	1	1	0	0	0	0	0	0	0	0	0	0	1	0	0	0	0	0	0	0	0	0	0	1	0	0	0	0	0	0	0	0	0	0	0	0	0	0	1	0	1	0	0	1	0	0	0	0	0	0	0	0	0	0	0	0	0	0	0	1	0	0	0	0	0	0	0	0	0	0
Del3:U1:R(5,9)	0	1	1	1	0	2	0	0	0	0	0	1	0	0	0	0	1	1	1	0	0	0	3	0	0	0	0	1	0	0	0	1	1	1	0	0	0	0	1	0	0	0	0	0	0	0	0	0	0	1	1	0	1	0	0	0	1	1	0	0	1	0	0	2	0	0	1	0	0	0	0	0	0	0	0	1	0	0	0	0	0	0	0	1	0	0	2	0	1	0	1	1	0	0	1	1	0	1	0	0	0	0	1	0	0	0	0	1	1	0	0	1	1
Del3:U3:R2	6	12	2	12	6	6	6	6	14	4	8	6	3	1	6	7	6	2	4	8	4	4	5	2	4	10	7	8	6	10	2	6	5	8	6	16	4	1	13	8	1	9	7	5	2	7	16	3	4	11	6	6	2	5	4	15	2	11	5	1	4	9	10	4	7	2	10	6	4	4	11	3	5	1	3	7	6	5	5	3	1	18	3	4	6	6	14	11	8	8	6	9	1	7	9	19	3	6	2	4	10	1	8	18	8	3	5	5	6	12	5	3	5
Del3:U3:R3	4	3	0	3	2	2	0	2	2	1	3	1	0	0	5	3	1	3	0	4	1	0	0	2	1	3	6	2	2	1	0	0	1	0	0	2	1	1	1	0	0	2	3	1	2	0	6	2	1	3	3	1	1	0	0	1	1	7	1	1	0	3	1	2	0	1	3	2	0	2	3	0	5	0	3	3	2	0	1	0	0	3	2	2	0	0	3	1	5	0	0	2	0	1	2	6	0	0	0	1	2	0	2	2	5	1	2	2	5	1	1	0	0
Del3:U3:R4	0	0	0	1	0	0	0	1	1	0	1	1	1	1	1	0	0	0	0	0	0	0	1	0	0	0	1	1	0	0	0	0	0	0	0	0	1	0	0	1	0	0	1	0	0	1	1	0	1	0	0	0	0	0	0	1	0	0	0	0	0	0	0	0	0	0	0	0	0	0	1	0	0	0	1	1	0	0	1	0	0	0	0	0	0	0	0	0	0	0	0	0	0	0	0	0	0	0	0	0	0	1	0	1	0	0	2	0	0	2	0	0	1
Del3:U3:R(5,9)	1	2	2	0	0	0	0	0	0	0	0	0	0	0	0	1	0	0	1	1	0	0	0	0	0	0	1	0	1	0	0	0	1	0	0	0	1	0	0	0	0	0	2	0	0	1	0	0	1	2	0	0	0	0	0	0	0	0	1	1	0	0	0	0	0	0	0	0	0	0	0	0	3	2	0	0	0	1	0	0	0	2	0	0	1	1	2	4	3	1	1	1	0	0	3	2	0	1	0	1	4	2	3	0	0	1	2	0	0	7	3	0	0
Del4:U1:R(5,9)	0	0	0	0	1	0	0	0	2	0	0	0	0	0	0	0	1	1	0	0	0	0	1	0	0	1	0	0	1	0	0	0	1	0	0	0	2	0	0	0	0	0	0	0	0	0	0	1	2	1	0	1	1	0	0	1	0	0	0	0	0	0	0	1	0	0	1	0	0	0	1	0	0	0	0	0	0	1	0	0	0	1	0	0	0	0	1	0	0	0	1	0	0	0	2	0	0	0	0	1	0	0	0	1	0	1	0	0	0	0	0	0	1
Del4:U2:R3	0	0	0	0	0	1	0	0	0	0	0	0	0	1	0	0	1	0	0	0	0	0	0	0	1	0	2	1	0	1	0	1	0	0	1	1	0	0	0	0	0	1	1	0	0	0	0	0	1	1	0	2	0	0	0	0	0	1	0	0	0	0	0	0	0	0	0	0	0	0	0	1	0	0	0	0	0	0	0	0	0	0	0	0	1	0	0	1	0	1	0	0	0	0	2	0	0	0	0	0	1	0	0	0	0	0	1	0	1	0	0	0	0
Del4:U2:R4	0	2	0	1	0	1	1	0	1	1	1	0	0	0	0	1	0	0	1	2	0	0	0	1	0	0	1	0	0	0	0	2	0	1	0	0	0	0	0	1	0	1	0	0	0	0	1	0	2	0	1	0	0	0	0	0	0	0	0	0	0	0	0	0	0	0	3	0	0	0	0	0	1	0	0	0	0	0	0	0	0	0	0	0	0	0	1	0	2	0	1	0	1	0	1	1	1	0	0	0	1	0	0	0	1	0	0	0	0	0	0	1	0
Del4:U2:R(5,9)	0	1	0	1	2	0	2	1	1	0	0	0	0	0	1	0	1	0	1	1	0	0	0	0	0	0	1	1	1	1	0	1	0	0	0	2	0	0	0	0	0	2	0	0	0	0	2	0	1	1	0	0	0	0	1	1	0	1	1	1	0	0	0	0	0	0	1	0	0	0	0	1	1	0	0	1	0	0	1	0	0	0	0	0	1	1	0	0	4	1	0	0	0	0	0	0	0	0	0	2	1	0	1	2	1	0	0	1	0	0	0	1	0
Del4:U4:R2	4	9	3	4	2	1	4	9	15	2	4	3	2	2	8	8	5	8	1	2	5	3	4	4	1	11	6	2	6	7	3	7	4	5	3	7	2	0	9	4	4	8	2	1	2	3	8	5	4	11	8	3	3	1	6	4	1	10	4	4	5	9	2	5	1	2	6	1	4	2	6	4	1	5	2	5	6	13	3	2	0	17	1	2	7	2	13	11	6	6	3	7	7	4	7	9	2	3	4	1	16	2	8	4	3	1	5	3	7	6	4	3	2
Del4:U4:R3	0	3	0	0	0	1	0	2	2	0	2	2	2	0	0	0	2	0	1	0	0	0	0	1	0	1	2	1	0	1	1	1	1	1	1	3	2	0	2	0	0	2	0	2	0	0	3	0	2	3	2	0	0	1	1	1	0	0	2	1	0	1	1	2	0	0	2	1	0	2	0	0	1	1	0	2	0	1	0	0	1	3	0	0	0	0	3	0	0	0	1	1	0	0	3	1	0	2	1	0	5	0	2	2	2	1	0	0	0	1	0	1	0
Del4:U4:R4	1	0	0	0	0	0	0	1	1	0	0	0	0	0	0	1	1	0	1	0	0	0	1	1	1	1	0	0	0	0	0	1	0	0	0	0	1	0	1	0	1	2	0	0	0	0	0	0	0	0	1	0	0	1	0	0	0	0	0	0	0	0	0	0	0	0	0	0	0	0	2	0	1	0	0	0	1	0	2	0	0	0	1	0	3	1	1	1	0	2	0	0	0	0	0	0	1	1	0	1	0	1	2	1	0	1	1	0	0	2	0	0	0
Del4:U4:R(5,9)	0	0	0	1	0	0	0	1	1	0	0	0	0	0	0	0	1	0	0	0	0	0	0	0	0	0	0	0	0	0	1	2	0	0	1	1	0	0	1	2	0	0	0	1	0	0	3	1	1	0	0	0	0	0	0	1	0	0	0	0	0	0	1	0	0	0	0	1	0	0	0	0	0	0	0	0	1	1	0	0	0	1	1	0	1	0	2	0	0	0	0	0	0	0	0	1	0	1	0	0	0	0	0	1	0	0	1	2	0	2	0	0	0
Del5:U1:R(5,9)	0	0	0	0	0	0	0	0	0	0	0	0	0	0	0	0	0	0	0	0	0	0	0	0	0	0	0	0	0	0	0	0	0	0	0	0	0	0	0	0	0	0	0	0	0	0	0	0	0	0	0	1	0	0	0	0	0	0	0	0	0	0	0	0	0	2	0	0	0	0	0	0	0	0	0	1	0	0	0	1	0	0	0	0	0	0	0	0	0	0	0	0	0	0	1	0	0	1	0	0	0	0	1	0	0	0	0	0	0	0	0	0	0
Del5:U5:R2	1	2	0	3	0	1	2	0	4	2	1	0	2	0	1	0	0	1	0	0	1	0	0	0	1	0	3	1	2	1	0	4	4	0	0	2	1	0	2	3	0	0	1	1	0	1	0	1	2	1	3	3	0	0	1	3	1	2	1	1	1	2	2	1	1	1	2	2	1	0	2	1	0	2	0	0	1	0	0	0	0	2	1	2	2	2	2	4	0	4	1	6	1	0	2	1	1	0	0	0	2	0	1	1	0	0	0	0	0	1	0	0	0
Del5:U5:R3	0	0	0	0	0	0	0	2	2	0	0	0	0	0	1	1	0	0	0	0	0	1	0	0	0	0	0	0	1	0	0	0	0	0	1	1	0	0	0	0	0	0	0	0	0	0	1	0	0	0	1	0	0	0	0	1	0	0	0	0	0	0	0	0	0	0	0	0	0	0	0	0	0	0	0	0	0	0	0	0	0	1	0	0	0	0	0	0	0	0	0	1	0	0	0	1	0	0	0	0	0	0	0	0	0	0	0	0	1	0	0	1	0
Del5:U5:R4	0	0	0	0	0	0	0	0	0	0	0	0	0	0	0	1	0	0	0	1	0	0	0	0	0	0	1	0	0	0	0	0	0	0	0	0	0	0	0	0	0	0	0	0	0	0	3	0	0	0	0	0	0	0	0	0	0	0	1	0	0	0	0	0	0	0	0	0	0	0	0	0	0	0	0	0	0	0	0	0	0	0	0	0	0	0	0	0	0	0	0	0	0	0	1	0	0	0	0	0	0	0	0	0	0	1	0	0	0	0	0	0	0
Del5:U5:R(5,9)	0	0	0	0	0	0	0	0	0	0	0	0	0	0	0	0	0	0	0	0	0	0	0	0	0	0	0	0	0	0	0	0	0	0	0	0	0	0	0	0	0	0	0	0	0	0	0	0	0	0	0	0	0	0	0	0	0	0	0	0	0	0	0	0	0	0	0	0	0	0	0	0	0	0	0	0	0	0	0	0	0	0	0	0	0	0	0	0	0	1	0	0	0	0	0	0	0	0	0	0	1	0	0	0	0	0	0	0	0	0	0	0	0
Del(6,):U1:R(7,9)	0	0	0	0	0	0	0	0	0	0	0	0	0	0	0	0	0	0	0	0	0	0	1	0	0	0	0	0	0	0	0	0	0	0	0	0	0	0	0	0	0	0	0	0	0	0	0	0	0	0	0	1	0	0	0	0	0	0	0	0	0	0	0	0	0	0	0	0	0	0	1	0	1	0	0	0	0	0	0	0	0	0	0	0	0	0	0	0	0	0	0	0	0	0	0	0	0	0	0	0	0	0	0	0	0	0	0	0	0	0	0	0	0
Del(6,):U2:R(4,9)	0	0	0	0	0	0	0	0	0	0	0	0	0	0	0	0	0	0	0	0	0	0	0	0	0	0	0	0	0	0	0	0	0	0	0	0	0	0	0	0	0	0	0	0	0	0	0	0	0	0	0	0	0	0	0	1	0	0	0	0	0	0	0	0	0	0	0	0	0	0	0	0	0	0	0	0	0	0	0	0	0	0	0	0	0	0	0	0	0	0	0	0	1	0	0	0	0	0	0	0	0	0	0	0	0	0	0	0	0	1	0	0	0
Del(6,):U3:R(3,9)	0	0	0	0	0	0	0	0	0	0	0	0	0	0	0	0	0	0	0	0	0	0	0	0	0	0	0	0	0	0	0	0	0	0	0	0	0	0	0	0	0	0	0	1	0	0	0	0	1	0	0	0	0	0	0	1	0	0	0	0	0	0	0	0	0	0	0	0	0	0	0	0	1	0	0	0	0	0	0	0	0	0	0	0	0	0	0	0	0	0	0	0	0	0	0	1	0	1	0	0	0	0	0	0	0	0	1	0	0	0	0	0	0
Del(6,):U(4,):R(2,9)	1	0	0	0	3	3	1	2	0	1	1	1	1	3	0	1	3	1	0	0	0	0	0	0	0	0	3	0	1	2	1	1	2	1	0	1	1	0	5	3	0	1	0	2	0	0	5	1	3	3	1	2	3	0	1	6	2	3	2	1	3	0	1	2	2	2	0	0	0	1	4	3	1	2	1	3	1	0	1	0	0	0	0	2	2	3	1	3	1	4	0	5	0	2	3	1	1	1	3	1	0	0	5	1	0	1	4	0	5	1	0	0	0
Ins(2,4):M	0	0	3	0	0	2	3	0	0	0	3	2	1	1	1	1	0	2	1	0	2	2	0	2	0	0	1	0	1	1	0	2	3	0	1	2	1	0	7	2	1	0	1	4	3	1	49	3	3	0	3	4	1	0	0	4	0	1	1	3	2	0	2	0	2	2	1	0	1	1	2	0	0	0	1	1	0	1	1	1	0	0	1	1	1	5	1	6	3	3	0	3	0	0	6	1	3	3	1	0	3	1	0	0	1	1	0	1	1	0	1	0	1
Ins(5,):M	2	2	1	1	0	3	0	2	1	1	1	0	2	0	2	1	2	1	3	0	0	1	2	0	0	1	0	0	0	5	0	0	3	1	1	1	2	0	4	0	0	0	1	0	0	2	12	1	2	5	1	2	2	0	2	4	1	1	1	2	0	1	1	1	0	1	1	0	3	1	2	2	1	1	0	5	2	1	1	0	0	0	1	0	0	3	1	9	2	10	0	7	0	4	10	2	1	1	2	1	0	1	2	0	0	1	1	1	0	2	1	3	6
Ins2:U1:R0	0	0	0	0	0	0	0	0	0	0	0	0	0	0	0	0	0	0	0	0	1	0	0	0	0	0	0	0	0	1	0	0	0	1	0	0	0	0	0	0	0	0	0	0	0	0	1	1	0	1	0	0	2	0	0	0	0	1	0	0	0	0	0	0	0	0	0	0	0	0	0	0	2	0	0	0	0	0	0	0	0	0	0	0	0	2	0	0	0	1	0	0	0	0	0	0	0	1	0	0	0	0	1	0	0	0	0	0	0	0	0	0	0
Ins3:U1:R0	0	0	0	0	0	0	0	0	0	0	0	0	0	0	1	0	0	0	0	0	0	0	0	0	0	0	0	0	0	0	0	0	0	0	0	0	0	0	0	0	0	0	0	0	0	0	0	0	0	0	0	0	0	0	0	0	0	0	0	0	0	0	0	0	0	0	1	0	0	0	0	0	0	0	0	0	0	0	0	0	0	0	0	0	0	0	0	0	0	0	0	0	0	0	1	0	0	0	0	0	0	0	0	0	0	0	0	0	1	0	0	0	0
Ins4:U1:R0	0	0	0	0	0	0	0	0	0	0	0	0	0	0	0	0	0	0	0	0	0	0	0	0	0	0	0	0	0	1	0	0	0	0	0	0	0	0	0	0	0	0	0	0	0	0	0	0	0	0	0	0	0	0	0	0	0	0	0	0	0	0	0	0	0	0	0	0	0	0	0	0	0	0	0	0	0	0	0	0	0	0	0	0	0	0	0	1	0	0	0	0	0	0	0	0	0	0	0	0	0	0	0	0	0	0	0	0	0	0	0	0	0
Ins2:U2:R0	0	2	0	2	0	0	0	0	0	1	0	0	0	0	0	0	0	1	0	0	1	0	0	0	0	0	0	1	0	0	0	0	2	1	0	2	0	0	2	1	0	1	0	0	0	0	6	1	1	2	0	2	1	0	0	0	2	2	0	0	0	0	1	0	1	0	0	0	0	0	0	0	0	0	0	1	1	0	0	0	0	0	0	0	0	4	1	2	0	2	0	1	1	1	1	0	1	0	0	0	0	0	0	1	0	0	2	1	2	0	0	1	0
Ins3:U3:R0	1	0	0	0	0	0	0	0	0	0	1	0	0	0	0	0	0	2	0	0	1	1	0	0	0	0	0	0	0	2	0	0	0	0	0	0	0	0	1	0	0	1	0	0	0	0	0	0	1	1	0	1	1	0	0	0	0	0	1	0	0	0	0	0	1	0	0	0	0	1	1	0	0	0	1	0	0	0	1	0	0	1	0	0	2	2	0	3	0	3	0	2	0	0	0	1	0	0	0	1	0	0	1	0	0	0	0	0	1	0	0	0	0
Ins4:U2:R0	0	0	0	0	0	0	0	0	0	0	0	0	1	0	0	0	0	0	0	0	0	0	0	0	0	0	0	0	0	0	0	0	0	0	0	0	0	0	0	0	0	0	0	0	0	0	0	0	0	0	0	0	0	0	0	0	0	0	0	0	0	0	0	0	0	0	0	0	0	0	0	0	0	0	0	0	0	0	0	0	0	0	0	0	0	0	0	0	0	0	0	0	0	0	0	0	0	0	0	0	0	0	0	0	0	0	0	0	0	0	0	0	0
Ins4:U4:R0	0	0	0	1	0	0	0	0	0	0	1	0	1	0	0	0	0	0	1	0	0	0	0	0	0	0	0	0	1	0	0	0	1	0	0	0	0	0	2	0	0	1	0	0	0	0	1	1	0	1	0	0	1	0	0	0	0	0	0	0	2	0	0	0	0	1	0	0	0	0	0	0	0	1	0	0	0	0	0	0	0	0	0	0	1	2	1	1	1	0	0	0	1	1	0	0	0	0	0	0	1	0	2	0	1	0	0	0	0	0	0	2	0
Ins(5,):R0	0	1	0	0	0	0	0	1	0	0	0	0	0	0	0	1	0	1	0	0	0	0	1	1	0	0	0	0	0	1	0	1	0	1	0	0	2	0	6	1	0	0	0	1	0	0	1	0	0	0	0	1	0	0	0	3	0	2	2	1	0	3	0	0	0	1	0	0	0	0	1	1	0	0	0	1	0	0	0	0	0	0	0	1	0	3	2	4	0	4	0	4	1	0	4	0	1	1	0	0	0	0	1	0	1	0	0	0	3	0	0	2	1
Ins2:U1:R1	0	0	1	1	0	0	0	0	0	0	0	0	0	0	0	0	1	0	0	2	0	0	0	0	0	1	0	2	0	1	0	0	0	0	0	0	1	0	2	0	0	0	0	0	0	1	2	0	1	2	0	0	0	0	1	2	0	1	0	0	0	0	0	0	1	0	1	0	1	0	0	0	0	0	0	0	0	0	0	0	0	1	0	0	0	1	0	0	0	2	0	1	0	0	1	0	0	0	0	0	0	1	0	0	2	0	0	1	0	0	0	0	1
Ins2:U1:R2	3	0	0	0	0	0	0	0	0	1	2	0	1	0	0	1	0	0	0	0	0	0	0	0	0	1	0	0	0	1	1	0	0	0	0	1	0	0	0	0	0	0	0	0	0	0	1	0	0	0	1	0	0	0	0	0	0	0	0	0	0	0	0	1	0	0	0	0	0	0	0	0	0	0	0	0	0	0	0	0	0	0	0	0	0	0	1	1	0	0	0	0	0	0	0	0	1	0	0	1	0	0	0	0	0	1	0	0	0	0	0	0	1
Ins2:U1:R3	1	0	0	0	0	0	0	0	0	0	0	0	0	1	1	0	0	0	0	2	0	0	0	0	0	1	0	0	0	0	1	1	2	0	0	0	0	0	1	0	0	0	0	0	0	0	2	0	0	0	1	1	0	0	0	1	0	0	0	2	0	0	0	0	1	0	0	0	0	0	0	1	0	0	0	0	0	1	1	0	0	1	0	0	0	0	0	0	2	0	0	0	0	0	1	0	0	0	0	0	0	0	0	0	0	0	0	0	0	0	0	0	0
Ins2:U1:R4	0	0	0	1	0	1	0	1	1	0	0	0	0	0	0	0	0	0	0	0	0	0	0	0	0	0	0	0	0	1	0	0	2	0	1	0	0	0	0	0	0	0	0	0	0	0	0	0	0	0	0	0	0	0	0	0	0	0	0	0	0	0	0	0	0	0	0	0	0	1	0	1	0	1	0	0	0	0	0	0	0	0	1	0	0	0	1	0	0	1	0	1	0	0	1	0	0	0	0	0	0	0	1	0	0	0	1	0	1	0	0	0	0
Ins2:U1:R(5,9)	1	0	0	0	1	0	1	1	1	0	0	0	0	1	0	0	0	0	0	0	0	0	0	0	0	0	0	0	0	0	0	0	0	0	0	2	0	0	0	0	0	0	0	0	0	0	124	0	0	1	0	1	1	0	0	0	0	1	0	1	0	1	1	1	0	0	0	0	0	0	0	0	1	0	0	1	0	0	0	0	0	2	2	0	0	0	0	2	0	1	0	2	0	0	0	1	0	0	0	1	2	0	0	0	1	0	0	0	4	0	0	0	1
Ins2:U2:R1	5	2	1	0	1	1	1	1	2	0	0	1	3	1	1	0	0	0	1	0	1	0	0	0	4	0	1	0	0	0	0	1	1	2	0	2	1	0	3	2	0	0	0	1	0	2	12	3	0	1	0	1	1	1	0	3	1	2	0	0	1	0	1	0	0	3	1	0	0	0	0	0	1	1	0	0	2	1	1	0	0	0	1	2	1	2	0	2	1	0	0	1	1	3	0	1	0	4	0	0	1	0	2	0	3	0	2	0	1	1	0	1	0
Ins2:U2:R2	0	1	0	1	2	0	0	0	0	0	1	1	0	0	0	0	0	0	0	1	0	0	1	0	1	0	1	0	0	1	0	1	1	1	1	0	0	0	1	1	0	0	0	0	0	2	11	0	1	0	0	0	0	2	0	1	1	0	0	0	1	0	1	0	0	2	1	0	0	0	1	0	1	0	0	0	1	0	0	0	0	1	0	2	0	0	0	1	1	1	1	1	0	0	1	0	0	0	0	1	0	0	2	0	1	0	1	0	0	0	0	2	0
Ins2:U2:R3	0	0	1	0	0	1	0	0	0	0	1	0	0	1	0	0	0	0	0	1	0	0	0	0	0	0	0	1	0	0	0	1	0	0	0	0	0	1	1	0	0	0	0	0	0	0	15	0	0	0	0	0	0	0	0	0	0	0	1	0	0	0	0	0	0	0	0	0	0	0	2	0	0	0	0	0	0	0	1	0	0	1	0	1	0	1	1	2	0	1	0	0	0	0	0	0	0	0	0	0	0	0	0	0	0	0	0	0	0	0	0	0	0
Ins2:U2:R4	0	1	1	0	1	1	0	0	2	0	0	1	0	0	1	0	0	0	1	0	0	1	2	0	0	0	0	0	0	0	0	1	1	1	0	2	0	0	2	0	0	1	0	0	0	0	160	0	0	0	0	0	1	0	0	1	0	0	0	0	0	1	0	0	0	0	1	0	0	0	1	1	0	0	0	0	2	0	0	0	0	0	0	1	2	0	0	0	0	4	0	0	0	0	0	0	0	0	0	0	0	0	0	0	0	1	0	0	0	0	0	0	0
Ins2:U2:R(5,9)	3	7	4	4	1	2	1	2	8	1	1	6	1	2	5	2	3	2	1	5	1	6	3	1	1	2	4	1	2	2	0	2	2	1	1	7	1	1	4	2	2	5	2	1	5	4	999	0	2	12	3	3	1	2	2	5	0	2	1	0	3	1	5	1	1	1	0	0	2	0	3	1	3	2	1	3	3	8	0	0	1	3	0	1	0	5	4	1	4	3	0	0	2	2	0	4	1	1	0	1	2	2	1	3	3	0	0	1	2	3	2	3	1
Ins3:U1:R1	0	0	0	0	0	0	0	0	0	0	0	0	0	0	0	0	0	0	0	0	0	0	0	0	0	0	0	0	0	0	0	0	0	0	0	0	0	0	0	0	0	0	0	0	0	0	0	0	0	0	0	1	0	0	0	0	0	0	0	0	0	0	0	0	0	0	0	0	0	0	0	0	0	0	0	0	0	0	0	0	0	0	0	0	0	0	0	1	0	0	0	0	0	0	0	0	0	0	0	0	0	0	0	0	0	0	0	0	0	0	0	0	1
Ins3:U1:R2	0	0	0	0	0	0	0	0	0	0	0	0	0	0	0	0	0	0	0	0	0	0	0	0	0	0	0	0	0	0	0	0	0	0	0	0	1	0	0	1	0	0	0	0	0	0	1	0	0	0	0	0	0	0	0	0	0	0	0	0	0	0	0	0	0	0	0	0	0	0	0	0	0	0	0	0	0	1	0	0	0	0	0	0	0	0	0	0	0	0	0	0	0	0	0	0	0	0	0	0	0	0	0	0	0	0	0	0	0	0	0	0	0
Ins3:U1:R3	0	0	0	0	0	0	0	0	0	0	0	0	0	0	0	0	0	0	0	0	0	0	0	0	0	0	0	0	0	0	0	0	1	0	0	0	0	0	0	0	0	0	0	0	0	0	0	0	0	0	0	0	0	0	0	0	0	0	0	0	0	0	1	0	0	0	0	0	0	0	0	0	0	0	0	0	0	0	0	0	0	0	0	0	0	0	0	0	0	0	0	0	0	0	0	0	0	0	0	0	0	0	0	0	0	0	0	0	0	0	0	0	0
Ins3:U1:R4	0	0	0	0	0	0	0	0	0	0	0	0	0	0	0	0	0	0	0	0	0	0	0	0	0	0	2	0	0	0	0	0	0	0	0	0	0	0	0	1	0	0	0	0	0	0	0	0	0	0	0	0	0	0	0	0	0	0	0	0	0	1	0	0	0	0	0	0	1	0	0	0	0	0	0	0	0	0	0	0	0	0	0	0	0	0	0	0	0	0	0	0	0	0	0	0	0	0	0	1	0	0	1	0	0	0	0	0	0	0	0	0	0
Ins3:U1:R(5,9)	0	1	0	0	0	1	0	0	0	0	0	0	0	0	0	0	0	0	0	0	0	0	0	0	0	0	0	0	0	0	0	0	0	0	2	0	0	0	0	0	0	0	0	0	0	0	1	0	0	0	0	0	0	0	0	0	0	1	0	0	0	0	0	0	0	0	0	0	0	0	0	0	0	0	0	0	0	0	0	0	0	0	1	0	0	1	0	2	0	0	0	2	0	0	0	0	0	1	0	0	0	0	0	0	0	1	1	0	0	0	0	0	0
Ins3:U3:R1	2	0	1	1	0	0	1	1	0	1	0	2	0	0	1	0	0	0	1	0	1	1	1	0	1	2	0	0	0	0	0	0	0	1	4	2	2	0	1	0	0	1	1	1	0	1	9	0	0	2	4	0	2	0	1	2	0	0	2	0	0	0	1	0	0	2	2	1	0	0	1	1	3	1	1	0	2	1	0	0	1	2	1	1	0	1	1	2	1	0	2	0	0	0	1	1	0	0	1	2	0	0	2	2	1	1	0	1	0	3	1	0	0
Ins3:U3:R2	0	0	0	0	0	0	1	0	1	0	0	0	0	0	0	0	0	1	0	0	0	0	0	0	0	1	0	0	0	0	0	0	0	0	0	1	0	0	0	1	0	1	1	0	0	0	2	0	1	1	0	2	0	0	0	0	0	0	1	1	0	0	1	1	0	0	0	0	0	0	3	0	1	0	0	0	0	0	0	0	0	0	0	0	0	0	0	1	1	1	0	0	1	0	0	0	1	0	0	0	0	0	2	0	0	1	0	1	1	1	0	0	0
Ins3:U3:R3	0	0	0	0	0	0	1	0	0	0	0	1	0	0	0	0	0	0	0	0	0	0	0	0	0	0	0	0	1	1	0	0	0	0	0	0	0	0	0	1	0	0	0	1	0	0	8	0	0	0	0	1	0	0	0	0	0	0	0	0	0	0	0	0	0	0	0	0	0	0	1	0	0	0	0	0	0	0	0	0	0	0	0	0	0	0	0	0	0	0	0	0	0	0	0	0	0	0	0	0	0	0	0	0	0	0	1	0	0	0	0	0	0
Ins3:U3:R4	0	0	1	0	0	0	0	0	0	0	0	0	1	0	1	0	0	1	0	0	0	0	0	0	0	0	0	0	0	1	0	0	0	0	0	0	0	0	0	0	0	0	1	0	0	0	16	0	0	0	0	0	0	0	0	0	0	0	1	0	0	0	0	0	0	0	0	0	0	0	0	0	1	0	0	0	0	0	0	0	0	0	0	0	0	0	0	0	0	0	0	0	0	0	0	0	0	0	0	2	0	0	0	0	1	0	0	0	1	0	0	0	0
Ins3:U3:R(5,9)	0	0	0	2	0	0	1	0	1	0	0	1	0	0	0	0	0	1	1	0	1	0	0	1	0	0	0	0	1	0	0	1	0	0	0	2	0	0	0	0	0	0	1	0	0	0	95	0	0	1	1	0	1	0	0	0	0	0	0	1	0	0	2	0	0	0	0	1	0	1	0	0	0	0	0	0	1	0	0	0	0	1	0	1	0	0	0	0	1	0	0	1	0	0	1	0	0	0	0	0	0	0	1	0	1	0	0	0	0	0	0	0	0
Ins4:U1:R1	0	0	0	0	0	0	0	0	0	0	0	0	0	0	0	0	0	0	0	0	0	0	0	0	0	0	0	1	0	0	0	0	0	0	0	0	0	0	0	0	0	0	0	0	0	0	0	0	0	0	0	0	0	0	0	0	0	0	0	0	0	0	0	0	0	0	0	0	0	0	0	0	0	0	0	0	0	0	0	0	0	0	0	0	0	0	0	0	0	0	0	0	0	0	0	0	0	0	0	0	0	0	0	0	0	0	0	0	0	0	0	0	0
Ins4:U1:R2	0	0	0	0	0	0	0	0	0	0	0	0	0	0	0	0	0	0	0	0	0	0	0	0	0	0	0	0	0	0	0	0	0	0	0	0	0	0	0	0	0	0	0	0	0	0	0	0	0	0	0	0	0	0	0	0	0	0	0	0	0	0	0	0	0	0	0	0	0	0	0	0	0	0	0	0	0	0	1	0	0	0	0	0	0	0	0	0	0	0	0	0	0	0	0	0	0	0	0	0	0	0	0	0	0	0	0	0	0	0	0	0	0
Ins4:U1:R3	0	0	0	0	0	0	0	0	0	0	0	0	0	0	0	0	0	0	0	0	0	0	0	0	0	0	0	0	0	0	0	0	0	0	0	0	0	0	0	0	0	0	0	0	0	0	0	0	0	0	0	0	0	0	0	0	0	0	0	0	0	0	0	0	0	0	0	0	0	0	0	0	0	0	0	1	0	0	0	0	0	0	0	0	0	0	0	0	0	0	0	0	0	0	0	0	0	0	0	0	0	0	0	0	0	0	0	0	0	0	0	0	0
Ins4:U1:R4	0	0	0	0	0	0	0	0	0	0	0	0	0	0	0	0	0	0	0	0	0	0	0	0	0	0	0	0	0	0	0	0	0	0	0	0	0	0	0	0	0	0	0	0	0	0	0	0	0	0	0	0	0	0	0	0	0	0	0	0	0	0	0	0	1	0	0	0	0	0	0	0	0	0	0	0	0	0	0	0	0	0	0	0	0	0	0	0	0	0	0	0	0	0	0	0	1	0	0	0	0	0	0	0	0	0	0	0	0	1	0	0	0
Ins4:U1:R(5,9)	0	0	0	0	1	0	0	0	0	0	0	0	0	0	0	0	0	0	0	0	0	0	0	0	0	0	0	0	1	0	0	0	0	0	1	0	0	0	0	0	0	0	0	0	0	0	0	0	0	0	0	0	0	0	0	0	0	0	0	0	0	0	0	0	0	0	0	0	0	0	0	0	0	0	0	0	0	0	0	0	0	0	0	0	0	0	0	0	0	0	0	0	0	0	0	0	0	0	0	0	0	0	0	0	0	0	0	0	0	0	0	0	0
Ins4:U2:R1	0	0	0	0	0	0	0	0	0	0	0	0	0	0	0	0	0	0	0	0	0	0	0	0	0	0	0	0	0	0	0	0	0	0	0	0	0	0	0	0	0	0	0	0	0	0	0	0	0	0	0	0	0	0	0	0	0	0	0	0	0	0	0	0	0	0	0	0	0	0	0	0	0	0	0	0	0	0	0	0	0	0	0	0	0	0	0	0	0	0	0	0	0	0	0	0	0	0	0	0	0	0	0	0	0	0	0	0	0	0	0	0	0
Ins4:U2:R2	0	0	0	0	0	0	0	0	0	0	0	0	0	0	1	0	0	0	0	0	0	0	0	0	0	0	1	0	0	0	0	0	0	0	0	0	0	0	0	1	0	0	0	0	0	0	0	0	0	0	0	0	0	0	1	1	0	0	0	0	0	0	0	0	0	1	0	0	0	0	0	0	0	0	1	0	0	0	0	0	0	0	0	0	1	0	0	0	1	0	0	0	0	0	0	0	0	0	0	0	0	0	0	0	0	0	0	1	0	0	0	0	0
Ins4:U2:R3	0	0	0	0	0	0	1	1	0	0	0	0	0	0	0	0	0	0	0	0	0	0	0	0	1	0	0	0	0	0	0	0	0	0	0	1	0	0	0	0	0	0	0	0	0	0	1	0	0	0	0	0	0	0	0	1	0	0	0	0	0	0	0	0	0	0	0	0	0	0	0	0	0	0	0	0	0	0	0	0	0	0	0	0	0	0	0	0	0	0	0	0	0	0	0	0	0	0	0	0	0	0	0	0	0	0	0	0	0	0	0	0	0
Ins4:U2:R4	1	0	0	0	0	0	0	0	0	0	0	0	0	0	0	0	0	0	0	0	0	0	0	0	0	0	0	0	0	0	0	0	0	0	0	0	0	0	0	0	0	0	0	0	0	0	1	0	0	0	0	0	0	0	0	0	0	0	0	0	0	0	0	0	0	0	0	0	0	0	0	0	0	0	0	0	0	0	0	0	0	0	0	0	0	0	0	0	0	0	0	0	0	0	0	0	0	0	0	0	0	0	0	0	0	0	0	0	0	0	0	0	0
Ins4:U2:R(5,9)	0	0	0	0	0	0	0	0	0	0	0	0	0	0	0	0	0	0	0	0	0	0	0	0	0	0	0	0	0	0	0	0	0	0	0	0	0	0	0	0	0	0	0	0	0	0	19	0	0	0	0	0	0	0	0	0	0	0	0	0	0	0	0	0	0	0	0	0	0	0	0	0	0	0	0	0	0	0	0	0	0	0	0	0	0	0	0	0	0	0	0	0	0	0	0	0	0	0	0	0	0	0	0	0	0	0	0	0	0	0	0	0	0
Ins4:U4:R1	4	0	1	3	3	3	1	0	0	3	2	1	0	0	3	0	0	1	0	4	1	1	1	1	3	0	0	1	0	0	0	0	1	0	1	0	3	0	1	1	1	1	2	1	0	2	2	1	1	2	2	0	0	0	3	0	0	2	0	1	0	3	2	0	2	1	1	1	0	0	3	2	2	1	1	4	1	1	1	0	1	1	0	1	2	0	1	0	1	0	1	1	1	0	0	1	2	1	1	1	2	0	1	3	3	0	2	2	1	0	2	1	2
Ins4:U4:R2	0	0	0	1	0	0	0	0	0	1	0	0	0	0	0	0	0	1	0	0	0	0	0	0	0	0	1	0	0	1	0	0	0	0	0	0	0	0	1	0	0	0	1	0	0	0	1	0	0	0	0	0	0	0	0	0	0	0	0	0	0	0	0	0	0	1	0	0	0	0	0	0	0	0	0	1	0	1	0	0	0	0	1	0	0	0	1	1	0	0	0	0	0	0	0	0	0	0	0	0	0	0	0	0	0	1	0	0	0	0	0	0	0
Ins4:U4:R3	0	0	0	0	0	0	0	0	0	0	0	1	0	0	0	0	0	0	0	0	0	0	0	0	0	0	0	0	0	0	0	0	1	0	0	0	0	0	0	0	0	0	0	1	0	0	7	0	0	0	0	1	0	0	0	0	0	0	0	0	0	0	0	0	0	0	0	0	0	0	0	0	0	0	1	0	0	0	0	0	0	0	0	0	0	0	0	0	0	0	0	0	0	0	0	0	0	0	0	0	1	0	0	0	0	0	0	0	0	0	0	0	0
Ins4:U4:R4	0	0	0	1	0	0	1	0	1	0	1	0	0	0	0	0	0	0	0	1	0	0	0	0	0	1	0	0	0	0	0	0	0	0	1	1	0	0	0	0	0	0	1	0	0	0	19	0	0	0	0	0	0	1	0	1	0	0	0	0	0	0	0	0	0	0	0	0	0	0	0	1	0	0	0	0	0	0	0	0	0	0	0	0	0	0	0	1	0	0	1	0	0	0	1	0	0	0	0	0	0	0	0	0	0	1	0	0	0	0	0	0	0
Ins4:U4:R(5,9)	0	1	2	0	1	0	1	1	1	0	0	1	0	1	1	1	0	0	0	0	0	0	1	0	0	0	0	0	0	0	1	0	1	0	1	0	1	0	0	0	0	0	0	0	0	1	45	0	0	0	0	0	0	0	0	0	1	1	0	1	1	0	0	0	0	0	0	0	0	0	0	0	0	0	0	0	1	1	0	0	0	0	0	0	0	0	0	0	0	0	0	0	1	0	0	1	0	2	0	0	1	0	0	0	1	1	0	0	0	0	0	0	0
Ins(5,):U1:R1	0	0	0	0	0	0	0	0	0	0	0	0	0	0	0	0	0	0	0	0	0	0	0	0	0	0	0	0	0	0	0	0	0	0	0	0	0	0	0	0	0	0	0	0	0	0	0	0	0	0	0	0	0	0	0	0	0	0	0	0	0	0	0	0	0	0	0	0	0	0	0	0	0	0	0	0	0	0	0	0	0	0	0	0	0	0	0	1	0	0	0	0	0	0	0	0	0	0	0	0	0	0	0	0	0	0	0	0	0	0	0	0	0
Ins(5,):U1:R2	0	0	0	0	0	0	0	0	0	0	0	0	0	0	0	0	0	0	0	0	0	0	0	0	0	1	0	0	0	0	0	0	0	0	0	0	0	0	0	0	0	0	0	0	0	0	0	0	0	0	0	0	0	0	0	0	0	0	0	0	0	0	0	0	0	0	0	0	0	0	0	0	0	0	0	0	0	0	0	0	0	0	0	0	0	0	0	0	0	0	0	0	0	0	0	0	0	0	0	0	0	0	0	0	0	0	0	0	0	0	0	0	0
Ins(5,):U1:R3	0	0	0	0	0	0	0	0	0	0	0	0	0	0	0	0	0	0	0	0	0	0	0	0	0	0	0	0	0	0	0	0	0	0	0	0	0	0	0	0	0	0	0	0	0	0	0	0	0	0	0	0	0	0	0	0	0	0	0	0	0	0	0	0	0	0	0	0	0	0	0	0	0	0	0	0	0	0	0	0	0	0	0	0	0	0	0	0	0	0	0	0	0	0	0	0	0	0	0	0	0	0	0	0	0	0	2	0	0	0	0	0	0
Ins(5,):U1:R4	0	0	0	0	0	0	0	0	0	0	0	0	0	0	0	0	0	0	0	0	0	0	0	0	1	0	0	0	0	0	0	0	0	0	0	0	0	0	0	0	0	0	0	0	0	0	0	0	0	0	0	0	0	0	0	0	0	0	0	0	0	0	0	0	0	0	0	0	0	0	0	0	0	0	0	0	0	0	1	0	0	0	0	0	0	0	0	0	0	0	0	0	0	0	0	0	0	0	0	0	0	0	0	0	0	0	0	0	0	0	0	0	0
Ins(5,):U1:R(5,9)	0	1	0	0	0	0	0	0	0	0	0	0	0	0	0	0	1	0	0	0	0	0	0	0	0	0	0	0	0	0	0	0	0	0	0	0	0	0	0	0	0	0	0	0	0	0	0	0	0	0	0	0	0	0	0	0	0	1	0	0	0	0	0	0	0	0	0	0	1	0	0	0	0	0	0	1	0	0	0	0	0	0	0	0	0	0	0	0	0	0	0	0	0	0	0	0	0	0	0	0	0	0	0	0	0	0	0	0	0	0	0	0	0
Ins(5,):U2:R1	0	0	0	0	0	0	0	0	0	0	0	0	0	0	0	0	0	0	0	0	0	0	0	0	0	0	0	0	0	0	0	0	0	0	0	0	0	0	0	0	0	0	0	0	0	0	0	0	0	0	0	0	0	0	0	0	0	0	0	0	0	0	0	0	0	0	0	0	0	0	0	0	0	0	0	0	0	0	0	0	0	0	0	0	0	0	0	0	0	0	0	0	0	0	1	0	0	0	0	0	0	0	0	0	0	0	0	0	0	0	0	0	0
Ins(5,):U2:R2	0	0	0	0	0	0	0	0	0	0	0	0	0	0	0	0	0	0	0	0	0	0	0	0	0	0	0	0	0	0	0	0	0	0	0	0	0	0	0	0	0	0	0	0	0	0	0	0	0	0	0	0	0	0	0	0	0	0	0	0	0	0	0	0	0	0	0	0	0	0	0	0	0	0	0	0	0	0	0	0	0	0	0	0	0	0	0	0	0	0	0	0	0	0	0	0	0	0	0	0	0	0	0	0	0	0	0	0	0	0	0	0	0
Ins(5,):U2:R3	0	0	0	0	0	1	0	0	0	0	0	0	0	0	0	0	0	0	0	0	0	0	0	0	0	0	0	0	0	0	0	0	0	0	0	0	0	0	0	0	0	0	0	0	0	0	0	0	0	0	0	0	0	0	0	0	0	0	0	0	0	0	0	0	0	0	0	0	0	0	0	0	0	0	0	0	0	0	0	0	0	0	0	0	0	0	0	0	0	0	0	0	0	0	0	0	0	0	0	0	0	0	0	0	0	0	0	0	0	0	0	0	0
Ins(5,):U2:R4	0	0	0	0	0	0	0	0	0	0	0	0	0	0	0	0	0	0	0	0	0	0	0	0	0	0	0	0	0	0	0	0	0	0	0	0	0	0	0	0	0	0	0	0	0	0	0	0	0	0	0	0	0	0	0	0	0	0	0	0	0	0	0	0	0	0	0	0	0	0	0	0	0	0	0	0	0	0	0	0	0	0	0	0	0	0	0	0	0	0	0	0	0	0	0	0	0	0	0	0	0	0	0	0	0	0	0	0	1	0	0	0	0
Ins(5,):U2:R(5,9)	0	0	0	0	0	0	0	0	0	0	0	0	0	0	0	0	0	0	0	0	0	0	0	0	0	0	0	0	0	0	0	0	0	0	0	0	0	0	0	0	0	0	0	0	0	0	0	0	0	0	0	0	0	0	0	0	0	0	0	0	0	0	0	0	0	0	0	0	0	0	0	0	0	0	0	0	0	0	0	0	0	0	0	0	0	0	0	0	0	0	0	0	0	0	0	0	0	0	0	0	0	0	0	0	0	0	0	0	0	0	0	0	0
Ins(5,):U(3,):R1	12	2	4	4	4	7	3	3	3	3	2	3	1	5	1	2	8	6	1	0	5	4	1	3	1	8	2	0	4	7	6	3	9	4	6	5	3	0	19	8	1	5	3	4	3	10	13	5	3	15	3	1	5	3	4	13	7	7	3	4	4	5	11	6	8	7	5	4	4	2	8	6	8	3	5	6	0	4	1	2	1	5	1	1	7	7	4	15	4	8	2	11	8	7	11	5	4	6	5	8	4	5	13	3	1	4	6	6	10	8	0	9	9
Ins(5,):U(3,):R2	0	1	1	1	1	1	0	1	0	0	0	1	0	0	0	1	0	0	0	1	0	0	0	0	0	0	1	0	0	0	0	1	0	0	0	0	0	0	0	0	0	2	0	2	0	0	2	2	0	1	0	0	1	0	2	1	0	0	0	0	0	0	2	0	0	0	0	0	0	1	0	1	0	0	0	2	1	0	1	0	0	1	0	0	1	0	0	1	0	0	0	2	0	0	0	1	0	0	0	1	0	0	0	0	0	0	2	2	2	0	0	0	1
Ins(5,):U(3,):R3	0	0	0	0	0	0	0	0	0	0	0	0	0	1	0	0	0	0	0	0	0	0	0	0	0	0	0	0	0	0	0	0	0	0	2	0	0	0	0	0	0	0	0	0	0	1	3	0	0	0	0	0	1	0	0	0	0	0	1	0	0	0	0	0	0	0	0	2	0	0	1	1	0	0	0	0	1	0	0	0	0	0	0	0	0	1	0	0	0	0	0	0	0	0	0	0	0	0	0	0	0	0	0	0	0	1	0	0	0	0	0	0	0
Ins(5,):U(3,):R4	0	0	0	1	0	0	0	0	0	0	0	0	0	0	0	1	0	0	0	1	0	0	0	0	0	0	0	0	0	0	0	0	1	0	0	0	0	0	1	0	0	0	0	0	0	0	4	0	0	0	0	0	0	0	0	0	0	0	0	0	0	0	0	0	0	0	0	0	0	0	0	0	0	0	0	1	0	0	0	0	0	0	0	0	0	0	1	0	0	1	0	0	1	0	1	0	0	0	0	0	0	0	0	0	1	0	0	0	1	0	0	0	0
Ins(5,):U(3,):R(5,9)	0	0	0	0	0	0	0	0	0	1	0	0	1	0	0	0	0	0	0	0	0	0	0	0	0	0	0	0	0	1	1	0	0	0	0	1	0	0	0	0	1	0	0	0	0	0	8	0	0	0	0	0	0	0	0	0	0	0	0	0	0	0	0	0	0	0	0	1	0	1	0	1	1	0	0	0	0	1	0	0	0	0	0	0	2	0	0	0	0	0	0	0	0	0	0	0	0	0	0	0	1	0	0	0	1	0	0	0	0	0	0	0	0
Del2:M1	8	7	2	6	9	5	4	4	13	4	7	5	2	0	10	5	5	5	6	6	7	3	3	2	3	5	5	5	2	9	2	3	2	6	3	9	5	0	15	6	2	7	5	4	0	5	20	3	7	5	6	6	2	2	7	12	5	10	4	5	5	7	6	4	9	5	2	9	3	6	9	2	10	3	0	6	5	5	7	4	2	15	2	9	3	4	11	4	3	5	1	7	3	0	9	16	3	6	3	3	2	1	6	12	6	2	1	4	8	9	1	6	5
Del3:M1	6	4	1	5	3	1	2	3	8	1	2	2	2	1	1	3	4	2	2	2	0	0	1	1	1	2	3	4	0	3	1	1	2	2	4	4	2	1	12	1	1	6	5	2	2	2	0	5	5	2	2	7	3	1	1	5	3	3	0	2	2	5	1	2	0	1	4	3	2	2	5	2	5	1	1	2	1	2	0	2	0	6	0	4	2	5	3	4	2	4	0	5	0	0	5	4	0	4	4	1	3	0	3	4	1	0	2	0	5	6	1	1	2
Del3:M2	5	9	5	4	6	4	9	2	16	3	5	1	6	2	3	6	2	1	6	5	3	3	4	1	2	11	10	4	2	8	1	6	7	4	4	9	9	0	12	11	4	8	4	2	0	3	17	4	9	8	7	3	1	1	8	4	7	10	3	4	4	9	4	5	4	2	2	4	3	1	10	5	13	0	3	5	4	4	0	3	4	12	4	5	4	4	8	10	6	5	0	10	2	3	11	9	3	4	1	4	3	4	4	6	4	2	11	0	6	11	4	2	3
Del4:M1	3	3	1	3	1	3	3	3	1	1	3	4	2	0	1	2	4	1	0	4	2	2	1	0	2	1	3	1	2	3	1	1	2	4	2	3	0	0	14	4	2	6	2	2	2	2	4	1	2	12	2	1	1	0	7	13	0	4	6	2	2	1	1	0	0	2	2	0	3	2	8	1	4	0	4	4	2	0	0	0	0	4	2	3	3	4	1	11	3	4	2	3	3	1	10	3	2	1	2	1	5	3	4	5	1	1	3	2	2	1	1	1	3
Del4:M2	3	5	0	5	0	3	2	5	14	1	4	5	5	1	3	6	2	5	5	3	4	8	3	3	4	6	12	1	3	7	2	8	5	1	1	13	2	1	18	9	3	8	5	3	1	3	8	2	4	11	5	8	3	4	3	8	4	4	5	4	1	4	4	5	5	1	4	1	6	1	11	1	5	1	5	10	4	3	3	3	1	8	1	3	1	11	5	7	1	6	3	9	3	2	6	3	0	6	5	3	6	3	6	5	7	2	5	2	4	4	2	4	3
Del4:M3	2	7	1	3	4	7	2	1	7	2	5	7	1	3	4	6	3	1	3	3	4	9	3	6	1	7	6	3	1	9	5	7	5	2	2	6	2	0	8	8	1	8	1	5	1	4	8	4	2	9	5	3	3	1	2	6	2	7	6	0	2	5	2	4	6	3	1	4	3	3	2	3	3	2	3	6	4	1	4	1	0	13	4	1	3	5	7	8	3	6	1	5	1	3	10	5	3	6	0	4	5	3	1	3	5	2	3	3	3	5	2	1	3
Del5:M1	4	2	0	3	0	0	4	2	1	1	0	0	1	3	3	1	2	2	1	1	1	0	2	0	1	0	3	1	0	5	2	0	0	2	1	1	0	1	14	5	1	1	2	0	0	0	3	3	5	5	1	7	2	0	3	7	3	5	3	0	1	2	0	1	3	2	0	1	0	0	8	1	5	1	2	3	0	2	1	0	0	5	2	0	8	6	3	8	0	4	1	5	4	0	7	0	2	2	2	1	0	1	5	1	0	0	3	2	1	1	1	2	3
Del5:M2	7	4	1	3	0	2	5	1	1	2	2	4	3	1	3	3	3	3	1	0	3	0	2	0	2	1	2	1	1	2	1	0	3	1	0	1	0	0	23	5	1	4	1	3	0	2	0	4	5	6	1	5	4	0	2	5	2	4	4	3	0	2	0	2	5	1	1	3	1	0	3	0	3	0	3	4	1	0	0	0	1	6	4	2	1	8	2	17	0	5	0	5	3	3	12	3	3	2	1	1	0	1	5	1	1	1	4	1	4	0	0	3	3
Del5:M3	0	0	0	3	0	0	0	1	4	1	2	1	0	1	0	1	1	1	0	0	2	0	1	1	1	1	0	1	1	3	1	1	1	0	0	1	1	1	15	5	1	3	0	1	0	1	1	4	6	3	1	5	1	0	1	6	1	4	4	1	2	1	2	1	1	1	0	1	2	2	7	1	3	0	1	1	0	1	1	0	0	7	2	1	2	1	1	12	0	3	0	6	0	1	10	3	0	2	0	1	2	1	3	0	0	1	2	0	3	1	0	1	0
Del5:M4	1	3	0	2	1	2	2	0	2	0	1	1	0	1	0	0	0	6	0	0	1	1	1	1	0	3	4	1	1	3	0	1	2	2	0	1	2	0	8	3	0	1	3	2	0	0	1	1	1	3	0	3	2	0	3	7	1	1	1	1	2	1	2	1	1	3	3	1	1	1	5	0	0	0	0	1	0	2	1	0	1	4	1	1	2	3	3	5	0	2	0	4	2	1	6	0	2	1	1	0	0	1	1	3	2	0	2	1	3	0	0	0	0
Del6:M1	2	0	0	3	0	1	5	0	0	3	4	1	2	2	4	1	0	4	2	0	1	0	0	0	4	1	0	0	2	4	0	0	4	1	0	2	0	0	16	6	1	2	0	0	0	1	1	1	7	6	0	3	2	0	2	8	1	2	3	5	0	0	0	2	4	2	1	1	2	0	3	3	2	1	0	2	2	1	0	0	3	5	2	1	6	7	2	12	1	3	1	4	2	0	6	1	0	1	5	0	1	0	5	0	0	0	2	0	5	4	0	1	2
Del6:M2	2	0	0	0	0	1	0	0	1	1	2	0	1	1	1	2	0	0	1	1	6	1	0	1	1	0	1	0	2	4	0	0	3	2	0	4	2	0	26	13	3	1	2	3	0	1	1	6	6	10	0	3	2	0	2	9	3	2	7	5	0	1	1	1	8	2	0	3	1	1	9	4	3	0	2	8	0	2	3	1	0	6	2	3	4	5	2	8	2	2	0	8	1	1	17	0	1	2	5	0	0	0	5	2	2	1	7	0	1	1	0	3	0
Del6:M3	2	0	2	0	0	0	2	3	0	0	1	2	1	3	0	2	1	1	1	1	2	0	1	0	0	0	2	0	0	7	0	1	1	2	0	0	0	0	15	11	2	1	0	2	0	1	0	4	6	5	1	8	3	0	2	9	1	5	3	1	3	4	0	0	2	0	1	3	0	0	5	1	0	0	1	3	1	0	0	1	0	8	3	3	7	6	0	7	0	3	0	5	1	2	11	2	2	1	0	2	0	0	4	2	0	0	8	1	2	2	0	2	0
Del6:M4	2	0	1	0	0	2	0	1	0	1	0	1	0	1	0	0	0	1	1	0	0	0	1	0	1	0	0	0	0	2	0	0	1	0	0	1	0	1	6	5	0	1	0	0	0	0	1	0	1	3	1	1	5	0	3	2	1	0	3	2	0	1	0	0	2	0	0	3	0	0	3	1	1	0	0	0	1	0	1	0	0	7	0	1	0	3	2	11	0	3	0	4	0	0	6	1	0	1	1	1	0	1	4	0	0	0	3	0	3	1	0	2	2
Del6:M5	0	0	1	0	0	0	0	1	0	1	1	0	0	1	0	0	0	0	0	0	0	2	0	0	1	0	0	0	0	1	1	0	1	1	0	1	0	0	4	1	2	1	0	1	0	0	0	1	2	1	0	0	2	0	0	1	0	3	1	0	0	0	0	0	0	0	0	0	0	0	1	0	0	0	1	1	0	0	0	0	0	0	2	0	0	0	2	6	0	0	0	0	0	1	5	0	0	1	2	0	1	0	3	0	0	0	0	0	0	1	0	0	0
Del(7,):M1	91	16	1	16	13	9	122	15	7	10	15	13	61	75	14	18	37	93	8	6	53	9	8	3	70	8	13	4	79	93	11	7	15	131	15	23	12	4	176	183	16	18	12	41	5	5	9	74	91	134	7	109	40	5	107	299	90	135	82	62	10	33	16	37	37	97	6	105	50	57	62	87	23	6	70	131	13	9	13	7	2	72	53	6	135	81	19	69	15	68	7	49	104	37	121	23	71	6	31	86	9	5	224	22	7	8	213	3	68	23	9	118	60
Del(7,):M2	82	8	1	32	7	14	145	31	14	11	27	32	63	68	14	35	53	106	8	6	55	8	8	6	97	19	10	4	107	109	13	5	22	139	3	23	12	1	297	216	21	28	10	85	2	14	12	115	175	220	9	184	62	4	119	391	97	158	155	65	3	25	6	60	111	121	6	113	66	62	94	91	16	1	80	266	19	5	8	3	3	79	94	11	166	177	18	171	15	124	9	119	145	59	244	11	94	6	48	89	8	3	255	27	4	5	216	3	163	26	6	108	55
Del(7,):M3	47	5	0	14	3	13	114	16	10	7	11	13	32	62	2	19	21	62	9	4	59	6	6	4	73	3	10	3	54	88	10	4	10	77	4	19	7	2	252	142	7	20	4	83	3	10	5	61	137	148	2	138	50	2	70	251	52	118	131	47	7	21	4	40	75	84	4	70	50	42	61	59	6	0	44	194	11	5	3	4	0	69	58	14	96	150	8	106	5	89	7	74	75	43	177	4	54	5	42	43	7	4	146	18	4	6	156	2	132	17	2	64	47
Del(7,):M4	25	4	1	9	6	8	58	14	6	2	6	11	13	26	2	9	13	48	4	5	33	3	6	3	41	3	3	0	35	31	4	1	6	53	3	7	1	1	138	86	12	17	0	35	0	3	1	39	79	66	4	89	28	2	44	135	36	54	65	34	4	18	2	18	37	43	4	40	27	18	35	23	3	0	16	108	6	1	3	0	1	43	29	3	56	83	10	76	4	70	4	47	45	22	98	7	39	6	33	26	6	1	89	12	2	1	90	2	79	8	1	43	31
Del(7,):M5	15	2	0	1	1	1	34	5	3	0	9	1	10	15	5	9	11	11	5	0	20	3	2	0	22	1	3	1	14	16	2	0	4	19	2	8	5	0	53	32	4	8	2	21	1	1	3	19	36	42	1	26	11	0	18	55	16	18	32	15	1	4	1	10	16	12	2	13	12	9	13	9	4	0	8	54	2	1	2	1	1	14	13	3	20	32	2	32	1	27	3	26	20	17	52	2	11	2	15	12	1	0	32	5	1	0	31	0	29	4	0	18	6
Del(7,):M(6,)	9	1	2	4	2	8	17	10	0	2	1	5	12	14	4	5	4	14	2	2	8	2	1	2	12	2	4	1	10	10	0	2	5	15	2	10	2	0	57	29	4	8	0	15	2	2	5	12	33	33	4	26	9	1	9	57	4	18	30	12	0	2	3	9	18	11	2	14	5	8	14	8	6	1	11	64	3	4	5	2	1	19	8	1	19	34	1	32	1	24	5	19	18	9	47	4	17	7	6	10	2	1	29	7	3	0	23	1	29	5	1	16	8
Complex(0,1)	0	0	0	0	0	0	0	0	0	0	0	0	0	0	0	0	0	0	0	0	0	0	0	0	0	0	0	0	0	0	0	0	0	0	0	0	0	0	0	0	0	0	0	0	0	0	0	0	0	0	0	0	0	0	0	0	0	0	0	0	0	0	0	0	0	0	0	0	0	0	0	0	0	0	0	0	0	0	0	0	0	0	0	0	0	0	0	0	0	0	0	0	0	0	0	0	0	0	0	0	0	0	0	0	0	0	0	0	0	0	0	0	0
Complex(2,5)	0	0	0	0	0	0	0	0	0	0	0	0	0	0	0	0	0	0	0	0	0	0	0	0	0	0	0	0	0	0	0	0	0	0	0	0	0	0	0	0	0	0	0	0	0	0	0	0	0	0	0	0	0	0	0	0	0	0	0	0	0	0	0	0	0	0	0	0	0	0	0	0	0	0	0	0	0	0	0	0	0	0	0	0	0	0	0	0	0	0	0	0	0	0	0	0	0	0	0	0	0	0	0	0	0	0	0	0	0	0	0	0	0
Complex(6,10)	0	0	0	0	0	0	0	0	0	0	0	0	0	0	0	0	0	0	0	0	0	0	0	0	0	0	0	0	0	0	0	0	0	0	0	0	0	0	0	0	0	0	0	0	0	0	0	0	0	0	0	0	0	0	0	0	0	0	0	0	0	0	0	0	0	0	0	0	0	0	0	0	0	0	0	0	0	0	0	0	0	0	0	0	0	0	0	0	0	0	0	0	0	0	0	0	0	0	0	0	0	0	0	0	0	0	0	0	0	0	0	0	0
Complex(11,20)	0	0	0	0	0	0	0	0	0	0	0	0	0	0	0	0	0	0	0	0	0	0	0	0	0	0	0	0	0	0	0	0	0	0	0	0	0	0	0	0	0	0	0	0	0	0	0	0	0	0	0	0	0	0	0	0	0	0	0	0	0	0	0	0	0	0	0	0	0	0	0	0	0	0	0	0	0	0	0	0	0	0	0	0	0	0	0	0	0	0	0	0	0	0	0	0	0	0	0	0	0	0	0	0	0	0	0	0	0	0	0	0	0
Complex(21,)	0	0	0	0	0	0	0	0	0	0	0	0	0	0	0	0	0	0	0	0	0	0	0	0	0	0	0	0	0	0	0	0	0	0	0	0	0	0	0	0	0	0	0	0	0	0	0	0	0	0	0	0	0	0	0	0	0	0	0	0	0	0	0	0	0	0	0	0	0	0	0	0	0	0	0	0	0	0	0	0	0	0	0	0	0	0	0	0	0	0	0	0	0	0	0	0	0	0	0	0	0	0	0	0	0	0	0	0	0	0	0	0	0
