MutationType	SP117956	SP117975	SP2149	SP117113	SP117245	SP117402	SP117136	SP117378	SP116947	SP117369	SP117244	SP117162	SP117079	SP117344	SP118074	SP117598	SP117312	SP118038	SP117552	SP118073	SP117933	SP118012	SP117108	SP117812	SP117354	SP117370	SP116991	SP117629	SP124199	SP124195	SP117850	SP117127	SP117614	SP116948	SP117409	SP117593	SP117372	SP118077	SP117840	SP117363	SP117887	SP116946	SP117901	SP117454	SP124197	SP117919	SP117250	SP117983	SP117676	SP117011	SP117057	SP117126	SP117728	SP117618	SP117257	SP116963	SP117078	SP117944	SP117639	SP117834	SP117105	SP117785	SP117882	SP117778	SP117032	SP117710	SP117538	SP124207	SP117800	SP117724	SP124193	SP2293	SP2357	SP2144	SP2145	SP2147	SP2146	SP2148	SP2150	SP2152	SP2349	SP2155	SP2154	SP2158	SP2156	SP2159	SP2153	SP2160	SP2151	SP116341	SP116331	SP116351	SP116371	SP116361	SP116343	SP116333	SP116373	SP116363	SP116353	SP116345	SP116365	SP116375	SP116335	SP116355	SP116347	SP116367	SP116339	SP116349	SP116357	SP116359	SP116369	SP116377	SP116379	SP7692	SP5052	SP7785	SP3415	SP2799	SP9979	SP5393	SP11292	SP13036	SP7421	SP4875	SP8795	SP4820	SP4593	SP8085	SP11235	SP6730	SP10635	SP5381	SP10084	SP9251	SP3016	SP11045	SP2826	SP11171	SP5784	SP8564	SP5844	SP6519	SP6766	SP5448	SP12049	SP2714	SP2801	SP8891	SP9481	SP5808	SP6429	SP5017	SP8229	SP8157	SP5279	SP8660	SP11878	SP9433	SP2881	SP7378	SP9816	SP4265	SP2793	SP6825	SP4523	SP9930	SP5820	SP10470	SP9648	SP4535	SP11808	SP96163	SP11948	SP4557	SP96147	SP10150	SP4472	SP6813	SP96511	SP5636	SP5559	SP3631	SP5473	SP8394	SP6115	SP7291	SP2997	SP8831	SP2731	SP6223	SP7171	SP10563	SP8987	SP5980	SP12186	SP10944	SP2766	SP6673	SP117698	SP124201	SP2143	SP124191	SP117247	SP117362	SP117470	SP117586	SP117709	SP2157	SP3368	SP5666	SP2781	SP8532	SP12856	SP7456	CPCT02100011T	CPCT02020314T	CPCT02080016T	CPCT02010359T	CPCT02020322T	CPCT02010351T	CPCT02110004T	CPCT02040031T	CPCT02020341T	CPCT02080025T	CPCT02080022T	CPCT02100017T	CPCT02100021T	CPCT02020345T	CPCT02020344T	CPCT02020347T	CPCT02100020T	CPCT02100024T	CPCT02100023T	CPCT02080027T	CPCT02160001T	CPCT02160003T	CPCT02160004T	CPCT02030261T	CPCT02040035T	CPCT02160005T	CPCT02100027T	CPCT02010401T	CPCT02030265T	CPCT02080031T	CPCT02030264T	CPCT02100028T	CPCT02100029T	CPCT02020371T	CPCT02020369T	CPCT02040036T	CPCT02080036T	CPCT02030271T	CPCT02020377T	CPCT02030274T	CPCT02010419T	CPCT02050053T	CPCT02050060T	CPCT02030276T	CPCT02020382T	CPCT02020385T	CPCT02190002T	CPCT02080039T	CPCT02040047T	CPCT02080047T	CPCT02010422T	CPCT02060011T	CPCT02010434T	CPCT02080049T	CPCT02020401T	CPCT02160008T	CPCT02040055T	CPCT02160012T	CPCT02030289T	CPCT02050071T	CPCT02050074T	CPCT02050082T	CPCT02080053T	CPCT02300001T	CPCT02010382TII	CPCT02340049T	CPCT02160058T	CPCT02010720T	CPCT02470003T	CPCT02210076T	CPCT02120087T	CPCT02030447T	CPCT02011013T	DRUP01120002T	CPCT02230120T	CPCT02070424T	CPCT02011030T	CPCT02180050T	CPCT02460005T	CPCT02030448T	CPCT02010726T	CPCT02380034T	CPCT02080285T	CPCT02030337TII	CPCT02380035T	CPCT02010721T	CPCT02440021T	CPCT02080288T	CPCT02120179T	CPCT02060279T	CPCT02020898T	CPCT02040307T	DRUP01110007T	CPCT02080290T	CPCT02020664T	CPCT02210039T	CPCT02390038T	CPCT02150040T	CPCT02010708T	CPCT02140044T	CPCT02110050T	CPCT02080183T	CPCT02100195T	DRUP01010065T	CPCT02080184T	CPCT02090034T	CPCT02230124T	CPCT02030451T	CPCT02310006T	DRUP01050018T	CPCT02340066TIII	CPCT02390010T	CPCT02120099T	CPCT02390040T	CPCT02460001T	CPCT02200005T	CPCT02320008T	DRUP01220006T	CPCT02300032T	CPCT02380037T	CPCT02330076T	CPCT02011058T	CPCT02080296T	CPCT02150046T	CPCT02230126T	CPCT02180052T	CPCT02180053T	CPCT02340110T	CPCT02230125T	CPCT02390015T	CPCT02380036T	CPCT02050309T	CPCT02110056T	CPCT02390001TII	CPCT02160037T	CPCT02120183T	CPCT02110057T	CPCT02040321T	CPCT02040323T	DRUP01050019T	CPCT02050431T	CPCT02110079T	CPCT02380052T	CPCT02340066T	CPCT02340060T	CPCT02180057T	CPCT02340058T	CPCT02011073T	CPCT02210082T	CPCT02410017T	CPCT02110080T	CPCT02080196T	CPCT02020666T	CPCT02310004T	CPCT02060197T	CPCT02380039T	DRUP01220001T	CPCT02260028T	CPCT02010731T	WIDE01010011T	CPCT02060285T	CPCT02350021T	CPCT02080300T	CPCT02040219T	DRUP01060008T	CPCT02320009T	CPCT02210051T	CPCT02340112T	CPCT02390043T	CPCT02200007T	CPCT02120108T	CPCT02020946T	CPCT02030463T	WIDE01010018T	CPCT02040331T	CPCT02010765T	CPCT02040325T	CPCT02240011T	CPCT02050434T	CPCT02160039T	CPCT02150051T	CPCT02390021T	CPCT02080200T	CPCT02010772T	CPCT02210044T	CPCT02320010T	CPCT02040337T	CPCT02270021T	CPCT02010768T	CPCT02020966T	CPCT02110049T	CPCT02040329T	CPCT02340066TIV	CPCT02340071T	CPCT02030464T	CPCT02360012T	CPCT02080312T	CPCT02260029T	WIDE01010072T	CPCT02110063T	CPCT02020969T	WIDE01010069T	WIDE01010067T	WIDE01010076T	WIDE01010074T	CPCT02040071TII	CPCT02020680T	CPCT02020685T	CPCT02020693T	CPCT02010773T	CPCT02290030T	CPCT02020688T	CPCT02050337T	CPCT02050338T	WIDE01010124T	CPCT02230089T	CPCT02230120TII	CPCT02050333T	CPCT02020692T	WIDE01010135T	CPCT02230095T	CPCT02060289T	CPCT02140085TII	CPCT02160042T	CPCT02230128T	WIDE01010142T	WIDE01010185T	CPCT02180049T	CPCT02010791T	CPCT02120114T	CPCT02120117T	CPCT02220041T	CPCT02120121T	CPCT02160041T	WIDE01010093TII	WIDE01010173T	CPCT02250007T	CPCT02020597TIII	WIDE01010171T	WIDE01010162T	CPCT02050299T	CPCT02080029TII	WIDE01010207T	CPCT02030472T	CPCT02100164T	CPCT02100170T	WIDE01010174T	WIDE01010183T	WIDE01010212T	WIDE01010274T	CPCT02410004T	WIDE01010235T	WIDE01010231T	CPCT02370024T	CPCT02140091TII	CPCT02360015T	WIDE01010240T	CPCT02040230T	CPCT02320003T	WIDE01010248T	CPCT02010790T	CPCT02040235T	CPCT02080216T	CPCT02160047T	CPCT02270006T	CPCT02210053T	CPCT02360016T	WIDE01010270T	CPCT02060221T	WIDE01010288T	CPCT02270030T	CPCT02310011T	WIDE01010311T	CPCT02120001T	WIDE01010322T	CPCT02290035T	WIDE01010326T	CPCT02270028T	CPCT02030478T	WIDE01010308T	WIDE01010268T	CPCT02060214T	WIDE01010335T	CPCT02360017T	WIDE01010303T	CPCT02220044T	CPCT02120047TII	WIDE01010339T	WIDE01010352T	WIDE01010346T	CPCT02010824T	WIDE01010341T	WIDE01010332T	CPCT02360018T	CPCT02330104T	CPCT02050359T	CPCT02370025T	WIDE01010131T	WIDE01010371T	CPCT02020719T	WIDE01010400T	CPCT02010825T	CPCT02010359TII	WIDE01010405T	WIDE01010388T	DRUP01330020T	CPCT02230099T	CPCT02110069T	WIDE01010410T	CPCT02020721T	CPCT02230101T	WIDE01010418T	CPCT02300040T	WIDE01010048T	CPCT02290037T	WIDE01010249T	DRUP01010148T	WIDE01010372T	WIDE01010406T	WIDE01010432T	CPCT02010846T	CPCT02010746T	CPCT02250009T	CPCT02010838T	CPCT02170027T	CPCT02030484T	CPCT02050364T	CPCT02290040T	CPCT02080228T	CPCT02040257T	CPCT02160051T	CPCT02120137T	CPCT02150014T	CPCT02210059T	CPCT02040254T	CPCT02070344T	CPCT02300043T	CPCT02220047T	CPCT02360011T	CPCT02020711T	CPCT02150016T	CPCT02030258T	CPCT02250010T	DRUP01110005T	DRUP01180001T	CPCT02010863T	CPCT02070352T	CPCT02060179T	CPCT02120148T	CPCT02030500T	CPCT02150017T	CPCT02170029T	CPCT02010886T	CPCT02390029T	CPCT02080243T	CPCT02010890T	CPCT02150018T	CPCT02010896T	CPCT02360022T	CPCT02220053T	CPCT02040267T	CPCT02040266T	CPCT02010891T	CPCT02350007T	CPCT02020830T	CPCT02030383T	CPCT02350008T	CPCT02030289TIII	CPCT02160055T	CPCT02050383T	CPCT02290046T	CPCT02030522T	CPCT02110076T	CPCT02080250T	CPCT02230110T	CPCT02010900T	CPCT02120158T	CPCT02180070T	CPCT02210069T	CPCT02070360T	CPCT02180069T	CPCT02410009T	CPCT02080254T	CPCT02110077T	CPCT02010915T	CPCT02120154T	CPCT02080253T	CPCT02140083T	CPCT02020791T	DRUP01010091T	CPCT02100187T	CPCT02040282T	CPCT02290052T	CPCT02310018T	CPCT02310019T	CPCT02470001T	DRUP01220002T	CPCT02030521T	CPCT02010901T	CPCT02290048T	CPCT02210071T	CPCT02120165T	CPCT02020773T	CPCT02040290T	CPCT02020829T	CPCT02150027T	CPCT02010933T	CPCT02210073T	CPCT02190049T	CPCT02020824T	CPCT02010934T	CPCT02290057T	CPCT02020801T	CPCT02340066TII	CPCT02020795T	CPCT02010939T	CPCT02010936T	CPCT02020807T	CPCT02020597TII	CPCT02050409T	DRUP01020034T	CPCT02010940T	DRUP01210004T	CPCT02060272T	CPCT02130163T	DRUP01220003T	DRUP01210005T	CPCT02450016T	DRUP01120001T	CPCT02220026T	CPCT02010969T	CPCT02010643T	CPCT02040160T	CPCT02140085T	DRUP01080004T	CPCT02080070TII	CPCT02060128T	CPCT02060129T	CPCT02220060T	CPCT02090062T	CPCT02440018T	CPCT02030549T	CPCT02230022T	CPCT02030550T	CPCT02140091T	CPCT02020597T	CPCT02100110T	CPCT02230047T	CPCT02310003T	CPCT02390035T	CPCT02060150T	CPCT02460004T	CPCT02190051T	CPCT02020857T	CPCT02080153T	CPCT02040175T	CPCT02370006T	CPCT02220063T	CPCT02310021T	CPCT02160030T	CPCT02060278T	CPCT02060277T	CPCT02150004T	CPCT02010687T	CPCT02080143T	CPCT02160029T	CPCT02230118T	CPCT02010658T	CPCT02320007T	CPCT02040306T	CPCT02340025T	CPCT02120073T	CPCT02030394T	CPCT02180077T	CPCT02020617T	CPCT02310022T	CPCT02080261T	CPCT02380020T	CPCT02120063T	CPCT02010504T	CPCT02100115T	CPCT02100117T	CPCT02190019T	CPCT02210035T	CPCT02120061T	CPCT02210034T	CPCT02370008T	CPCT02330061T	CPCT02100125T	CPCT02340037T	CPCT02170014T	CPCT02170018T	CPCT02080029T	CPCT02240008T	CPCT02010661T	CPCT02010678T	CPCT02290018T	CPCT02080128T	CPCT02230058T	CPCT02240001T	CPCT02080127T	CPCT02270007T	CPCT02270009T	CPCT02020635T	CPCT02270008T	CPCT02050157T	CPCT02080103T	CPCT02050164T	CPCT02050160T	CPCT02300011T	CPCT02080100T	CPCT02180028T	CPCT02330032T	CPCT02100066T	CPCT02100067T	CPCT02080106T	CPCT02330027T	CPCT02020508T	CPCT02100075T	CPCT02010517T	CPCT02210017T	CPCT02160022T	CPCT02030340T	CPCT02020514T	CPCT02010521T	CPCT02050166T	CPCT02240003T	CPCT02390001T	CPCT02010572T	CPCT02240005T	CPCT02120016T	CPCT02100079T	CPCT02180030T	CPCT02040114T	CPCT02080112T	CPCT02330035T	CPCT02060093T	CPCT02300016T	CPCT02300018T	CPCT02030265TII	CPCT02010593T	CPCT02330037T	CPCT02120033T	CPCT02120029T	CPCT02040123T	CPCT02120024T	CPCT02120008T	CPCT02020539T	CPCT02070168T	CPCT02050183T	CPCT02290011T	CPCT02080122T	CPCT02210020T	CPCT02020545T	CPCT02020541T	CPCT02100093T	CPCT02080125T	CPCT02010535T	CPCT02160027T	CPCT02230021T	CPCT02230025T	CPCT02230028T	CPCT02330042T	CPCT02230036T	CPCT02410001T	CPCT02040138T	CPCT02020561T	CPCT02040134T	CPCT02050215T	CPCT02050209T	CPCT02050210T	CPCT02050218T	CPCT02300021T	CPCT02180038T	CPCT02030367T	CPCT02060121T	CPCT02230044T	CPCT02110042T	CPCT02010628T	CPCT02010633T	DRUP01010037T	CPCT02040145T	CPCT02120047T	CPCT02120051T	CPCT02120052T	CPCT02100105T	CPCT02100102T	CPCT02260008T	CPCT02100067TII	CPCT02210028T	CPCT02100104T	CPCT02020591T	CPCT02010639T	CPCT02080055T	CPCT02180007T	CPCT02080056T	CPCT02040070T	CPCT02040069T	CPCT02290001T	CPCT02100043T	CPCT02020407T	CPCT02210004T	CPCT02100035T	CPCT02010433T	CPCT02100049T	CPCT02290003T	CPCT02030305T	CPCT02100037T	CPCT02080060T	CPCT02010447T	CPCT02060059T	CPCT02100048T	CPCT02040071T	CPCT02050096T	CPCT02010461T	CPCT02100050T	CPCT02020436T	CPCT02160014T	CPCT02230002T	CPCT02160015T	CPCT02080064T	CPCT02080063T	CPCT02010468T	CPCT02300005T	CPCT02100051T	CPCT02160013T	CPCT02080069T	CPCT02080067T	CPCT02010427T	CPCT02330017T	CPCT02050109T	CPCT02070078T	CPCT02210010T	CPCT02080070T	CPCT02050117T	CPCT02080072T	CPCT02080073T	CPCT02040078T	CPCT02080076T	CPCT02010508T	CPCT02080019T	CPCT02190009T	CPCT02010509T	DRUP01010012T	CPCT02020441T	CPCT02140039T	CPCT02040086T	CPCT02060070T	DRUP01020002T	CPCT02100055T	CPCT02220008T	CPCT02300008T	CPCT02010520T	CPCT02020475T	CPCT02020478T	CPCT02010523T	CPCT02050120T	CPCT02050143T	CPCT02050138T	CPCT02010528T	CPCT02110020T	CPCT02300009T	CPCT02020493T	CPCT02020487T	CPCT02020345TII	CPCT02030329T	CPCT02370003T	CPCT02290008T	CPCT02160018T	CPCT02160019T	CPCT02110023T	CPCT02110028T	CPCT02010555T	CPCT02110029T	CPCT02210014T	CPCT02060075T	CPCT02020490T	CPCT02050127T	CPCT02040097T	CPCT02050146T	CPCT02080095T	CPCT02110030T	CPCT02290010T	CPCT02010554T	CPCT02050156T	CPCT02300014T	CPCT02230014T	CPCT02230016T	CPCT02220029T	CPCT02140053T	CPCT02050285T	CPCT02050288T	CPCT02020637T	CPCT02010682T	CPCT02330066T	CPCT02330067T	CPCT02020599T	CPCT02030384T	CPCT02010419TII	CPCT02020493TII	CPCT02010691T	CPCT02210037T	CPCT02040191T	CPCT02190026T	CPCT02390008T	CPCT02190024T	CPCT02010694T	CPCT02230071T	CPCT02230074T	CPCT02100132T	CPCT02330071T	CPCT02380026T	CPCT02080170T	CPCT02380024T	CPCT02040207T	CPCT02340047T	CPCT02360008T	CPCT02080173T	DRUP01080009T	CPCT02030428T	CPCT02300028T	WIDE01010647T	WIDE01010448T	WIDE01010481T	WIDE01010468T	WIDE01010489T	WIDE01010478T	WIDE01010534T	WIDE01010547T	WIDE01010550T	WIDE01010584T	WIDE01010564T	WIDE01010574T	WIDE01010035T	WIDE01010613T	WIDE01010659T	WIDE01010649T	WIDE01010701T	WIDE01010702T
[Del(C):R1]A	1	1	10	3	3	2	1	4	4	25	2	8	3	7	2	12	2	3	3	2	0	7	1	5	4	3	4	7	3	2	2	1	5	7	10	0	16	3	0	19	9	6	15	5	29	14	6	2	4	17	4	1	2	1	4	1	0	8	5	5	2	6	0	3	2	14	21	9	3	3	3	42	13	3	8	20	7	10	1	4	8	4	14	5	5	12	9	2	5	13	5	8	4	7	8	8	6	3	14	4	9	7	6	8	3	7	5	2	5	12	9	14	2	30	20	10	12	4	5	9	5	6	5	10	4	9	3	5	1	2	6	1	13	5	8	5	3	3	9	8	8	4	6	7	15	11	7	8	2	9	10	4	8	1	12	9	7	8	23	4	9	7	19	10	8	12	5	9	17	5	6	6	8	3	5	15	10	16	15	3	17	33	10	6	2	1	2	11	9	8	7	5	14	13	16	18	9	33	5	14	2	2	4	1	4	5	4	1	1	8	5	10	20	6	8	5	7	18	8	13	2	9	5	28	6	12	7	3	35	6	12	11	16	6	12	34	15	15	10	15	8	4	14	2	3	1	8	14	21	19	33	2	10	5	22	15	11	9	22	21	4	13	25	8	19	9	16	10	13	1	16	20	120	10	10	4	15	2	3	6	12	3	4	7	8	8	10	27	1	8	8	5	9	7	7	4	15	19	84	4	6	4	2	2	6	9	44	16	24	9	14	3	13	20	41	8	3	25	11	4	11	9	7	24	29	3	9	8	63	33	23	18	6	3	231	26	24	8	10	3	24	29	4	103	16	5	6	4	14	24	6	8	6	9	14	8	21	30	8	6	9	2	5	16	11	5	3	17	7	9	44	3	58	4	2	37	6	6	39	5	7	15	10	5	51	29	3	13	2	25	5	4	6	6	10	25	7	3	3	4	9	3	15	12	7	95	23	5	11	15	3	20	25	3	6	178	4	12	13	8	119	12	8	20	1	13	8	12	21	16	2	5	15	4	5	14	7	2	8	3	15	16	11	8	24	12	4	5	9	9	11	9	7	19	24	7	4	74	18	23	13	25	15	10	8	20	2	18	31	6	9	4	10	10	15	16	8	22	32	5	5	35	2	9	4	20	17	28	5	24	3	12	10	10	10	69	14	6	14	21	8	6	39	5	13	17	14	3	18	6	14	16	11	33	10	2	29	3	5	303	39	4	2	2	4	5	13	5	8	4	224	35	61	16	21	37	9	2	11	5	5	12	18	4	3	20	0	31	15	7	12	12	12	17	5	22	11	45	17	12	4	7	12	80	14	8	23	5	24	1	4	55	8	4	4	14	4	9	4	3	66	15	2	26	1	10	12	10	32	10	8	9	20	16	7	11	8	29	20	6	16	21	16	23	27	4	46	8	19	3	26	17	20	6	11	9	16	30	16	14	6	17	33	7	9	5	5	28	5	13	11	11	10	16	27	1	5	5	40	58	26	10	34	27	17	16	4	3	63	13	10	9	8	11	13	13	3	6	15	8	35	7	65	9	7	3	5	6	73	6	9	17	11	3	5	11	2	14	10	7	12	26	11	14	15	18	4	13	9	4	13	18	14	11	3	21	23	10	1	1	17	4	5	6	12	7	5	4	11	10	8	20	8	12	4	14	7	17	5	8	16	81	12	11	0	10	3	47	7	12	6	9	6	5	3	4	5	90	6	6	14	6	4	10	15	12	37	28	21	23	5	8	16	23	10	10	16	8	5	25	10	10	69	4	5	2	3	11	20	17	12	3	4	10	8	21	7	5	5	9	12	9	11	16	3	7	4	1	28	33	3	26	14	7	137	8	4	27	11	19	5	11	8	15	4	4	25	3	25	50	26	9	26	3	22	170	9	2	21	8	4	8	10	16	33	20	3	9	16	10	153	3	9	9	9	8	20	5	5	12	8	11	4	5	9	11	3	7	2	4	30	10	2	3	6	20	5	18	16	21	1	8	16	9	21	17	19	4	7	17	13	6	17	4	2	27	21	4	9	6	34	16	13	3	10	3	14	16	7	9	15	3	16	6	7	7	6	3	4	8	11	14	59	11	19	23	6	27	29	5	16	9	19	24	8	15	5	10	7	15	16	3	2	15	14	9	8	15	5	6	6	3	9	2	5	26	6	13	13	15	3	21	11	18	15	10	24	5	4	9	19	13	6
[Del(C):R1]T	2	1	23	4	2	2	1	4	0	16	3	6	3	12	6	12	4	6	1	4	2	3	2	3	4	3	1	15	0	3	0	0	5	2	17	0	4	3	2	18	25	2	16	2	54	21	6	6	0	3	4	4	1	0	1	1	6	14	6	6	4	1	2	8	2	11	22	20	7	3	2	40	29	14	21	29	9	11	3	3	4	25	25	3	0	7	20	2	2	21	11	4	9	11	8	19	24	13	17	3	14	13	5	26	3	17	4	2	12	18	29	18	3	13	69	47	14	3	2	6	6	22	17	35	12	26	4	5	3	6	3	2	45	9	10	1	6	17	22	10	4	1	3	14	51	35	7	21	2	29	19	5	2	5	15	18	10	9	45	1	22	9	41	11	5	23	5	30	36	4	6	21	10	5	6	8	10	17	40	1	19	37	17	6	3	0	11	32	7	20	4	8	25	40	7	18	29	92	5	11	1	3	4	0	19	0	4	1	1	3	0	7	25	3	2	6	2	45	8	17	9	18	5	18	7	8	11	6	44	3	15	23	22	5	25	102	17	16	5	14	5	3	16	5	2	11	17	12	31	19	33	11	3	12	25	17	7	11	22	38	11	10	44	5	33	11	18	11	11	2	31	22	55	9	4	4	10	4	4	11	41	3	4	6	4	17	31	23	8	10	3	3	24	11	4	7	16	26	66	8	14	2	5	8	5	9	68	20	40	16	7	4	32	35	38	8	3	31	18	6	5	16	5	24	18	9	6	5	75	24	36	25	13	4	177	67	54	11	11	6	48	52	7	55	16	15	21	11	60	28	3	20	9	7	8	5	20	19	17	6	14	2	5	33	21	2	8	18	8	12	55	11	69	3	0	58	6	2	37	2	9	18	7	3	54	41	3	21	9	20	9	11	8	6	16	23	11	10	4	3	3	8	24	28	11	49	18	9	12	14	7	26	36	12	5	139	8	10	10	6	105	10	33	22	2	27	11	7	20	31	7	3	9	6	2	29	14	6	12	7	56	11	11	12	56	20	4	16	23	4	14	13	9	35	25	7	7	47	20	27	13	32	21	6	17	14	6	23	47	10	6	5	20	7	29	17	31	18	37	8	4	48	2	5	5	15	21	49	6	51	11	10	6	15	13	50	15	6	8	22	21	11	50	7	14	30	26	7	14	6	31	26	14	108	10	2	74	3	4	285	64	6	3	7	12	6	30	6	27	5	168	56	15	14	58	32	5	9	25	2	11	22	19	9	1	23	1	43	12	6	25	26	16	22	5	16	20	44	44	20	5	3	9	54	24	14	26	2	53	8	18	54	7	7	7	26	7	15	4	11	46	15	5	39	3	5	24	19	37	18	30	13	20	17	10	13	2	35	23	5	39	17	8	63	32	9	51	5	25	3	60	25	32	13	15	13	20	36	7	30	12	38	45	9	14	6	7	17	3	27	17	4	11	38	31	7	8	2	47	68	43	16	60	59	11	6	11	15	83	10	13	1	34	12	5	5	10	12	22	10	60	13	28	27	6	9	8	11	84	4	6	13	18	4	5	32	6	14	5	2	20	30	7	12	39	93	4	13	12	4	24	64	16	16	5	39	17	9	6	8	12	2	6	11	8	16	8	27	6	9	9	35	2	13	7	30	11	15	8	12	17	18	23	11	4	11	1	44	3	16	11	8	8	11	5	2	8	90	4	9	15	9	8	11	18	5	32	61	18	44	5	19	25	31	14	48	21	6	2	21	18	13	11	13	6	7	4	20	13	21	27	4	1	18	8	22	5	10	3	19	13	8	13	17	6	11	2	6	19	19	5	32	24	3	110	4	8	117	13	35	3	16	8	8	10	2	36	0	19	76	21	9	22	2	22	115	5	1	35	3	2	3	10	21	21	46	2	23	14	2	70	4	5	13	12	9	35	6	2	9	12	23	9	7	16	33	4	10	5	8	65	13	2	3	10	20	7	30	11	18	5	15	35	13	21	23	27	2	12	10	10	22	15	4	4	59	29	10	6	7	94	18	7	13	9	4	19	18	11	7	7	4	27	3	7	7	3	5	5	5	5	16	67	17	20	25	6	30	22	0	16	16	35	30	8	26	3	11	16	21	29	4	1	18	22	41	8	20	7	6	5	1	8	7	6	24	11	58	12	27	10	25	8	12	27	10	46	2	7	10	12	14	1
[Del(C):R2]A	0	0	5	3	4	5	2	1	2	3	3	6	3	2	8	13	1	1	3	1	3	5	3	4	2	1	2	3	4	3	2	0	2	5	4	0	1	1	4	15	3	4	3	2	6	6	3	1	3	2	1	0	3	1	1	0	4	8	5	4	0	0	0	9	1	9	7	4	4	4	3	10	5	5	3	7	1	1	3	0	5	10	11	2	1	2	5	3	0	3	2	1	8	3	0	3	4	1	5	1	1	1	3	6	3	4	3	2	3	5	16	6	1	5	11	13	7	3	2	6	2	8	6	10	8	9	2	1	2	5	4	1	3	1	11	0	1	4	4	4	5	2	3	7	11	10	8	6	1	3	5	4	5	0	5	5	3	6	5	2	7	2	8	5	6	8	8	5	9	3	6	2	3	4	9	4	6	7	11	2	6	6	7	4	0	1	2	4	4	8	1	4	8	6	4	7	9	19	3	8	0	2	4	2	3	2	3	1	3	3	1	0	3	3	2	6	1	7	8	16	5	4	0	16	5	5	3	4	8	7	9	8	7	1	6	19	4	7	2	12	4	2	2	3	4	1	6	4	7	10	15	3	9	5	9	11	4	6	15	10	5	6	11	10	10	7	5	4	11	1	13	5	22	1	5	3	5	2	4	8	11	2	3	3	6	3	11	9	4	10	0	4	5	6	5	1	8	5	28	3	3	2	3	6	1	7	11	6	8	8	5	3	4	15	8	2	3	10	10	7	11	14	1	9	11	3	0	1	29	9	13	10	12	5	85	25	9	5	5	3	3	9	3	20	7	4	7	9	17	15	6	7	3	2	7	4	8	8	12	7	6	4	4	14	8	1	2	10	6	5	9	3	15	1	3	14	3	1	14	3	10	7	6	2	9	13	0	10	3	11	5	1	2	1	5	7	7	2	6	1	3	4	7	12	3	182	12	4	13	7	4	12	11	5	4	72	3	5	6	2	35	3	3	7	1	6	4	2	4	7	6	5	6	3	3	10	5	1	6	2	8	16	4	3	12	6	3	3	8	3	5	14	3	11	7	1	5	16	9	16	10	9	5	0	3	5	5	8	16	5	2	4	8	3	13	7	14	8	18	1	3	25	3	4	0	2	18	3	3	9	5	7	6	5	4	115	11	6	8	11	2	4	29	4	4	12	10	6	9	4	6	6	9	22	6	1	19	5	4	156	27	4	3	3	6	2	7	3	6	1	87	27	20	8	22	12	7	1	5	1	9	0	12	10	3	4	3	11	8	3	12	6	6	9	1	12	1	11	6	7	5	1	4	116	14	3	14	5	21	3	3	21	5	2	9	12	3	11	0	1	10	14	5	13	4	3	13	8	28	5	10	12	11	5	7	5	2	10	17	4	8	18	9	16	4	4	14	5	7	3	11	3	10	3	6	3	16	14	4	14	2	11	16	1	6	3	2	7	6	4	4	7	15	9	15	2	8	4	13	16	12	6	5	12	14	9	4	4	17	9	5	0	4	2	8	3	2	7	1	10	10	6	16	5	6	2	5	6	21	1	6	6	17	1	7	4	1	6	6	3	5	14	6	13	12	10	4	16	11	5	8	14	11	7	0	9	11	6	3	9	9	3	7	5	2	10	3	12	4	3	2	11	2	14	8	10	2	5	2	5	8	19	5	5	0	9	0	21	6	3	7	3	6	5	3	5	6	26	8	3	8	6	4	3	13	6	14	21	6	15	2	12	9	2	5	8	7	3	2	16	9	9	13	5	4	2	4	7	1	9	7	4	2	11	4	8	4	2	6	9	9	8	7	7	7	8	4	3	13	52	2	10	6	3	26	2	0	7	2	6	5	6	7	15	5	4	11	0	7	12	18	5	12	2	13	34	4	0	18	4	1	5	9	7	7	8	3	5	9	6	23	2	2	6	10	11	10	4	5	7	4	7	3	6	1	6	2	6	1	1	17	5	3	3	7	14	5	10	0	17	8	3	7	9	19	9	2	4	12	19	7	7	6	2	4	10	10	6	8	7	9	7	3	6	11	2	13	11	3	6	9	7	10	2	5	4	9	1	11	6	4	3	11	12	21	13	2	7	10	3	5	7	10	11	3	13	2	4	7	13	9	3	5	13	5	10	2	10	5	3	2	2	11	1	9	11	5	12	18	4	0	8	2	10	1	5	15	4	3	8	7	17	1
[Del(C):R2]T	3	1	10	0	3	0	1	4	4	5	0	2	4	3	3	13	0	1	1	0	2	3	0	1	2	2	0	6	5	4	2	4	6	4	10	4	0	5	5	11	9	5	8	7	17	4	2	2	1	3	3	3	2	3	0	1	3	4	6	2	3	1	0	6	1	8	7	1	1	2	2	13	11	5	11	15	2	2	4	0	3	9	17	2	0	3	8	2	0	13	2	4	4	6	7	6	17	1	9	1	8	4	1	6	4	8	6	2	7	10	20	8	2	9	21	23	7	2	1	6	2	11	4	14	6	19	4	3	1	5	2	1	24	3	12	2	2	12	7	5	4	3	2	6	23	16	11	9	1	7	7	5	2	1	11	10	3	4	19	6	15	4	13	4	5	12	1	12	20	4	0	5	6	5	8	5	4	4	18	0	9	8	6	3	2	3	3	17	1	8	6	8	9	14	1	6	13	36	1	8	4	3	2	1	8	3	0	1	2	8	3	9	8	2	3	3	2	17	3	26	5	14	4	14	0	6	8	5	14	2	5	6	4	5	4	37	12	11	5	8	2	2	11	1	3	4	14	11	11	13	31	3	6	3	14	6	5	3	19	16	5	6	12	4	10	3	8	4	12	0	12	15	17	3	4	0	5	4	1	7	16	1	3	2	4	11	18	9	2	5	4	4	6	12	2	6	6	7	28	6	5	3	4	11	3	5	12	5	9	11	6	2	16	10	17	0	4	9	11	5	6	8	2	12	18	1	4	0	38	10	6	14	8	6	76	32	27	7	4	3	13	21	2	10	9	3	4	5	27	18	6	8	2	10	6	6	10	19	9	4	10	2	6	11	7	0	3	7	4	6	20	0	33	4	3	37	3	2	13	0	7	13	6	4	21	22	6	18	7	24	5	2	4	0	2	9	4	1	5	6	3	3	23	13	6	102	20	3	5	5	10	18	29	10	5	79	4	3	5	3	29	10	21	11	2	10	8	5	10	18	3	1	3	5	5	8	11	4	4	2	32	10	8	4	23	5	3	7	9	9	16	5	5	10	8	5	9	22	11	14	13	10	11	3	8	5	6	16	15	2	2	9	8	5	9	11	14	7	20	3	5	22	5	4	3	7	22	17	1	34	4	9	5	4	6	53	8	2	9	14	9	0	30	5	4	9	11	3	13	3	13	11	11	32	7	2	22	3	0	118	42	6	4	8	7	3	11	7	15	4	93	47	11	13	16	20	3	1	11	2	6	5	17	7	1	4	4	22	11	3	17	9	10	24	6	8	10	14	14	7	3	1	8	72	4	8	12	7	29	1	7	13	7	5	3	16	3	3	3	6	25	9	3	10	4	8	11	5	23	11	5	3	9	7	2	4	5	8	17	7	12	12	10	19	7	8	10	5	14	1	31	8	12	3	8	8	13	19	4	14	5	11	24	11	7	4	4	18	1	19	4	6	3	22	16	2	8	1	25	25	20	6	19	30	19	9	6	7	32	12	6	3	14	6	1	5	5	14	9	2	34	4	25	5	3	6	3	1	17	1	8	8	11	1	2	8	1	1	8	5	7	17	4	8	12	39	8	12	8	1	3	21	23	4	4	16	14	11	4	6	3	6	4	5	6	12	5	11	9	3	3	17	1	2	5	9	4	4	4	7	6	6	7	8	3	13	3	25	3	8	6	9	3	2	5	1	2	33	7	3	10	3	1	3	12	6	19	31	13	26	8	9	9	16	16	20	10	8	5	18	10	7	3	3	3	4	3	12	5	11	8	5	2	8	3	12	4	6	5	13	6	10	6	9	4	8	5	7	12	35	2	7	5	1	31	3	5	30	8	10	5	9	4	10	5	4	10	1	14	23	12	6	18	4	23	42	6	0	27	6	2	4	7	17	5	19	0	11	15	6	15	0	4	7	12	3	19	1	4	3	4	5	9	14	13	17	2	6	4	4	31	11	3	0	9	15	5	14	6	11	5	6	14	7	13	18	6	4	8	8	8	13	5	0	6	14	11	12	11	6	34	9	3	4	9	6	9	10	6	9	7	3	10	0	4	3	9	2	3	4	4	8	27	8	14	7	8	8	11	3	9	15	14	12	2	8	4	8	8	14	4	5	3	16	10	15	2	8	3	6	4	4	4	2	0	11	4	18	11	11	4	12	3	10	13	8	30	5	5	12	2	11	1
[Del(C):R3]A	0	1	2	0	0	2	1	1	6	2	0	2	0	3	6	9	0	1	0	1	1	2	2	2	2	0	1	2	1	1	1	0	2	1	9	1	2	1	1	14	3	4	0	0	10	4	1	1	2	2	2	1	0	1	0	0	9	1	1	0	2	4	0	5	1	6	5	3	2	2	0	2	4	1	6	5	1	1	0	1	2	22	15	3	1	2	4	1	0	7	1	3	0	4	0	2	2	2	4	0	1	3	0	1	1	3	5	1	2	3	10	4	0	3	3	6	4	5	1	6	1	5	1	8	5	15	1	1	1	2	1	0	5	2	5	1	0	1	3	2	1	1	0	2	7	3	4	6	1	4	1	1	1	0	3	5	2	2	3	1	6	3	7	3	4	1	2	10	7	3	1	2	5	2	4	1	6	10	6	2	1	0	7	5	4	2	1	12	1	3	4	0	11	10	4	4	6	12	4	5	1	1	1	3	3	1	1	1	3	3	0	1	2	1	0	5	2	1	0	11	3	1	0	14	6	7	4	1	2	4	8	3	5	1	5	11	5	2	0	4	1	2	2	2	1	3	7	7	12	6	18	5	5	1	13	3	3	2	14	8	4	2	3	6	8	2	9	4	3	3	11	4	8	0	1	1	2	3	0	4	9	5	0	4	1	5	4	5	1	1	1	2	6	7	0	2	2	8	41	1	1	0	0	3	1	2	5	1	1	10	3	0	5	4	5	2	1	6	8	3	1	9	2	4	15	3	1	4	11	13	9	7	4	3	126	11	17	3	5	0	11	7	1	4	5	5	6	4	6	7	1	8	3	0	3	6	6	15	5	5	3	2	4	9	4	1	0	2	0	4	7	8	7	3	0	13	3	2	10	1	2	11	10	3	1	3	2	10	3	9	2	2	1	4	2	1	3	1	1	4	2	4	9	3	3	171	15	2	5	4	4	8	12	2	6	103	1	4	2	2	29	5	4	5	1	4	3	2	6	4	0	0	2	2	0	9	3	2	4	1	11	8	6	5	9	2	2	1	5	7	6	0	3	11	3	5	2	6	8	9	5	7	8	3	4	2	2	12	6	6	2	0	6	2	11	4	8	1	13	3	2	12	2	2	6	5	9	3	1	6	2	5	3	4	1	109	4	0	5	6	3	1	16	2	5	7	13	6	7	1	5	7	3	15	2	1	7	1	2	158	26	4	0	0	1	0	5	3	4	1	113	16	11	6	12	4	3	1	5	1	4	2	4	5	2	3	4	14	9	4	14	3	1	5	2	5	6	5	9	2	0	1	4	101	2	5	9	1	23	2	0	7	1	2	4	6	3	9	4	2	7	14	0	2	2	1	6	4	12	3	4	3	4	4	4	6	2	6	7	1	7	10	5	4	3	1	10	2	12	4	7	1	14	1	3	8	10	10	5	2	5	4	5	2	2	1	0	14	5	7	2	7	1	6	12	2	2	1	2	9	11	3	6	6	10	2	0	6	12	7	4	0	8	3	1	4	2	3	4	2	12	4	16	1	2	2	2	3	6	4	6	2	7	2	0	7	2	5	0	4	2	14	4	5	5	8	3	10	11	3	3	6	7	8	3	11	9	7	5	3	9	3	2	3	4	4	7	7	4	2	1	8	3	3	5	8	1	2	3	1	9	11	6	3	1	4	2	18	0	4	3	5	0	5	3	2	0	20	2	2	8	0	1	2	6	5	12	18	7	7	2	9	2	5	7	11	5	0	0	7	3	2	2	9	3	0	2	3	2	9	4	4	0	6	4	5	4	0	0	6	3	1	2	2	1	5	3	0	7	48	0	4	6	4	31	1	2	8	3	14	1	2	0	4	4	2	6	1	4	11	3	1	7	1	15	54	0	0	12	2	2	2	1	3	5	2	0	7	2	0	8	0	4	5	2	5	10	2	7	2	3	4	2	3	8	13	1	4	2	0	12	5	4	0	5	13	3	6	2	4	2	8	3	1	9	8	0	3	4	4	3	3	5	2	1	15	13	2	6	4	13	10	1	3	5	6	8	2	3	4	4	1	4	2	3	2	8	2	3	0	3	0	9	7	14	5	5	0	7	1	6	7	14	18	4	4	3	2	1	4	4	2	1	10	6	8	0	6	6	3	0	1	6	1	7	12	2	4	11	4	0	6	6	8	2	4	12	4	3	2	3	2	0
[Del(C):R3]T	0	0	0	0	1	1	1	1	2	2	0	1	0	2	0	5	1	0	0	2	0	2	1	1	3	1	1	0	1	0	0	2	3	0	4	5	1	1	2	4	2	0	3	1	7	7	0	0	0	0	1	0	1	1	0	0	2	1	2	2	3	2	0	2	1	4	6	4	1	1	1	3	4	2	3	8	1	3	3	0	1	7	6	3	0	4	3	0	0	2	2	0	3	3	4	1	6	1	0	1	1	3	0	2	1	1	2	0	3	3	7	2	1	5	3	9	1	0	1	4	1	2	2	3	3	6	1	3	0	2	1	0	1	2	5	1	0	1	2	2	4	2	0	0	4	2	2	4	3	3	2	4	2	3	3	3	4	1	5	1	3	0	4	6	1	0	2	6	3	1	2	0	5	1	1	4	0	2	6	1	5	0	4	3	0	2	0	8	0	0	4	0	4	5	0	3	2	10	2	4	0	2	2	2	3	1	0	0	1	2	2	2	3	3	2	1	2	4	2	5	0	2	1	15	1	3	3	1	6	2	1	3	6	1	2	9	4	1	0	1	3	2	3	1	1	2	4	2	7	6	8	2	1	2	3	5	0	6	3	5	3	4	5	1	7	3	6	2	3	1	7	2	10	0	0	3	3	0	1	3	0	0	1	5	1	4	3	4	1	2	2	0	2	3	1	2	1	1	20	1	3	2	3	5	3	1	1	2	5	6	2	1	7	9	2	1	2	2	0	1	1	2	4	2	15	3	0	1	13	10	2	2	3	1	81	17	10	1	1	0	12	8	2	3	1	3	4	1	6	3	2	2	2	2	0	1	3	14	6	4	3	1	1	4	1	1	2	4	5	2	9	8	6	1	0	10	1	3	7	0	3	7	3	1	2	4	0	3	3	6	1	3	3	1	0	1	5	1	5	3	5	4	3	4	0	77	12	0	3	1	2	5	15	3	1	76	1	3	1	4	39	3	4	2	1	3	7	2	3	6	2	1	1	1	1	1	2	2	2	2	4	7	2	4	4	5	1	1	3	2	4	2	3	7	2	2	4	8	4	9	3	6	6	1	0	3	2	5	10	2	1	2	5	1	2	4	5	3	8	1	1	11	0	1	1	1	9	7	0	7	4	6	2	2	0	42	5	1	2	2	1	3	18	2	1	8	3	2	8	2	4	3	4	13	1	4	5	0	1	135	19	0	0	2	3	1	1	4	4	2	92	11	8	3	7	5	3	2	4	1	4	2	7	4	0	2	1	18	6	3	7	3	2	3	2	2	4	2	13	2	1	0	6	43	2	2	5	3	13	0	1	6	2	4	2	6	1	3	0	3	4	4	1	3	0	4	1	2	15	6	2	4	4	1	3	3	1	5	10	2	2	10	6	6	2	3	10	3	9	1	5	2	7	1	7	7	5	11	2	1	1	6	5	1	3	1	1	12	1	1	1	0	2	8	3	1	4	0	5	8	15	1	7	5	4	3	3	3	12	1	1	0	7	1	2	4	3	5	5	1	12	2	5	0	3	4	1	2	7	0	6	8	3	2	0	7	2	4	2	1	2	10	4	4	9	11	1	10	7	1	4	4	5	5	3	3	5	3	2	3	4	1	1	1	0	8	1	6	1	3	0	5	1	0	3	2	2	2	3	1	6	6	2	6	0	9	1	7	2	2	2	3	0	3	0	2	2	33	3	2	5	1	1	3	4	3	3	5	5	10	3	3	3	3	4	3	5	3	3	3	1	1	8	7	2	2	2	5	2	7	4	1	1	0	2	3	6	2	0	2	1	2	2	1	5	3	2	2	9	28	3	2	4	2	26	4	0	11	4	7	2	6	1	2	2	2	3	2	4	7	11	1	6	1	10	50	2	0	7	0	0	0	2	7	4	7	3	5	4	3	4	1	3	5	7	2	2	1	3	2	3	2	1	4	4	3	1	0	4	3	13	2	1	1	3	11	3	4	1	9	2	2	6	1	2	2	1	0	2	2	4	2	1	2	0	5	5	5	4	2	8	2	4	0	7	2	6	3	1	1	3	2	3	3	4	1	2	1	3	1	3	3	7	4	5	8	2	5	7	1	7	1	6	4	4	2	1	1	4	6	0	2	2	8	2	8	0	2	0	0	0	1	3	1	1	1	6	5	6	4	1	5	1	7	1	2	14	1	0	2	0	4	1
[Del(C):R(4,5)]A	3	0	1	0	1	2	1	1	2	2	1	0	0	4	6	5	1	0	2	0	0	1	1	0	1	1	1	3	0	2	1	0	2	1	3	1	0	1	1	9	1	1	2	0	2	4	5	1	3	2	0	0	0	0	0	0	3	4	0	1	1	2	0	3	2	3	2	2	0	2	0	3	1	1	1	5	2	0	1	1	0	7	3	2	1	1	3	3	1	2	1	2	0	2	3	2	1	2	5	1	0	5	1	3	0	6	2	3	1	5	5	2	0	6	4	2	2	1	3	4	2	3	2	3	3	10	1	1	4	5	5	0	10	0	3	0	1	1	2	2	2	1	0	4	4	3	2	5	0	5	2	2	1	1	5	3	0	0	7	0	4	1	2	7	6	1	1	7	4	0	2	1	2	3	4	1	1	3	3	1	3	8	1	4	0	2	0	7	0	4	6	1	4	10	0	5	6	11	1	7	0	0	2	0	5	2	0	0	2	2	1	1	2	1	2	2	0	2	5	11	0	3	0	9	1	4	2	1	4	6	1	2	2	3	5	16	4	0	0	6	2	3	2	0	1	2	3	1	8	6	8	5	4	2	5	4	6	3	10	7	2	2	6	4	7	1	7	5	4	2	8	3	9	2	3	0	3	1	2	5	8	0	0	3	2	6	3	4	0	6	3	0	3	2	1	5	0	2	180	3	0	1	0	2	1	5	4	6	6	1	7	1	5	3	7	0	1	5	5	4	3	6	2	10	6	2	0	0	12	72	6	8	5	0	1080	16	14	2	0	2	5	8	3	1	7	5	2	6	11	8	1	4	2	2	2	1	1	6	6	4	9	4	6	13	1	2	1	6	4	3	6	4	14	2	0	9	1	4	6	0	4	6	3	2	8	6	0	4	4	6	2	4	2	1	3	9	7	0	3	4	1	2	2	6	2	99	4	1	5	4	1	4	6	6	2	809	0	1	5	0	225	6	4	3	0	2	0	3	4	2	1	2	3	1	2	3	2	0	3	1	11	5	0	1	12	4	2	5	3	2	2	4	3	8	3	2	3	11	1	4	4	0	10	1	2	2	4	7	39	5	3	2	3	0	7	0	10	1	8	2	2	6	1	2	1	1	10	2	1	8	1	5	2	1	1	58	9	0	5	8	0	3	20	5	0	6	5	4	6	5	5	9	4	11	3	0	5	2	5	1824	25	4	2	5	3	1	6	2	3	4	859	11	11	8	12	9	2	0	4	1	6	2	3	6	2	1	2	20	3	1	6	3	7	5	6	4	14	8	10	1	2	3	2	51	5	1	12	3	17	2	4	6	1	2	5	4	3	7	0	3	4	3	1	2	1	4	0	2	16	2	4	2	1	6	3	4	0	7	5	3	7	4	4	4	4	1	10	2	10	1	14	3	10	3	5	4	2	8	5	5	2	7	10	1	2	3	1	5	5	1	7	7	4	12	8	5	5	0	7	6	17	4	5	15	7	4	2	2	7	4	7	2	3	2	4	6	3	4	43	4	9	2	14	3	2	1	2	2	7	2	7	5	5	2	3	6	2	0	2	0	3	10	2	11	4	12	1	8	4	3	1	4	6	4	4	6	4	2	2	3	6	2	3	1	3	5	2	1	4	3	3	5	2	5	0	5	2	5	1	2	3	11	5	3	2	5	2	4	3	6	7	5	2	3	5	1	1	201	5	6	2	3	3	3	3	3	5	18	7	14	2	5	3	1	3	7	3	6	2	2	4	2	2	6	3	1	2	4	1	4	4	1	0	6	1	6	1	3	1	9	3	5	3	4	2	3	3	2	5	33	0	3	3	2	217	2	1	7	3	9	3	2	4	6	2	4	5	0	5	7	7	2	6	2	13	528	3	1	7	1	2	4	5	3	4	7	0	5	5	5	9	0	2	1	11	1	5	1	4	2	5	6	3	3	5	7	1	3	3	1	15	4	2	1	5	12	1	4	3	4	2	2	10	6	7	4	1	3	1	9	2	8	7	1	2	7	2	3	2	0	14	6	1	1	7	0	1	7	1	2	1	3	4	2	2	3	8	1	1	3	2	3	7	0	9	2	2	4	4	2	9	6	8	3	3	4	4	3	2	5	4	1	0	8	4	7	1	6	2	0	0	1	8	3	5	5	6	16	5	2	0	6	2	6	3	3	11	2	1	2	3	7	1
[Del(C):R(4,5)]T	1	1	2	1	0	0	0	0	2	0	0	1	0	1	2	5	0	1	0	0	0	0	0	1	1	1	1	2	1	0	1	1	2	1	3	0	2	0	0	4	3	0	0	1	3	4	0	1	1	1	0	3	1	0	0	0	0	2	2	2	5	4	2	4	0	3	2	4	2	1	0	1	2	1	3	0	2	0	0	0	2	7	7	0	0	2	1	1	0	3	3	1	3	1	1	1	1	1	2	0	1	1	0	1	0	1	3	2	2	1	7	5	0	2	7	3	3	1	2	3	3	1	5	7	2	7	4	2	2	2	1	0	2	2	0	0	1	2	2	3	1	1	0	2	1	2	3	1	0	4	4	1	2	2	4	1	2	3	6	2	3	0	5	3	3	2	1	1	5	1	1	3	3	3	1	4	4	3	2	0	4	0	0	1	1	1	2	5	0	4	3	1	5	5	0	3	0	5	0	1	0	0	0	0	3	1	0	0	0	1	1	0	0	0	2	0	2	5	2	6	2	3	0	10	0	5	2	0	2	0	0	2	3	3	1	11	5	2	3	3	2	0	2	0	1	0	4	1	5	5	7	3	0	2	6	8	3	0	4	8	0	3	5	4	6	3	4	1	3	0	8	6	6	1	3	0	1	1	1	4	6	1	1	1	0	4	2	2	2	2	1	0	3	2	1	2	1	5	168	0	1	1	0	1	1	2	1	4	1	2	3	2	1	3	2	1	0	2	2	3	1	1	1	7	5	3	1	2	10	92	7	7	5	0	831	17	4	5	1	2	6	3	2	4	2	3	2	3	6	3	2	7	4	2	1	2	6	6	3	1	0	3	2	8	1	0	0	5	2	0	2	2	6	2	2	6	2	3	3	1	1	5	2	3	1	5	1	3	1	3	2	0	2	3	4	6	4	0	3	1	1	1	3	5	2	49	4	0	1	0	1	6	9	2	1	926	0	3	0	0	264	3	4	1	0	1	0	1	5	2	3	3	3	2	1	3	2	0	7	1	3	5	1	2	11	4	1	3	2	2	6	2	2	6	2	0	1	11	3	3	3	2	3	3	1	4	3	3	32	1	1	0	4	2	0	3	6	3	5	0	0	2	3	1	3	4	6	1	2	3	1	3	1	3	1	26	6	1	3	7	1	2	7	3	0	8	1	1	5	1	3	7	4	9	4	1	8	0	0	1223	12	2	2	2	1	1	3	4	3	0	985	18	3	1	5	4	1	1	4	2	3	1	3	4	2	2	1	7	3	2	5	5	1	5	0	4	6	6	9	3	0	1	2	27	3	3	4	2	8	1	3	6	0	0	1	5	4	3	0	1	6	2	0	2	1	3	6	4	12	3	4	1	5	3	2	0	3	2	3	0	5	4	4	7	0	2	6	1	2	2	11	1	7	2	2	1	5	3	0	0	5	4	5	3	3	0	0	7	5	6	1	3	2	3	3	3	1	3	1	4	7	2	2	14	3	3	0	0	4	4	1	3	2	3	1	4	0	3	18	2	8	5	5	1	1	0	2	1	1	1	4	3	3	1	0	2	2	0	3	0	0	8	2	3	8	13	1	6	8	1	3	6	3	2	4	5	2	4	1	1	4	0	0	1	2	2	0	5	6	1	0	8	0	2	1	3	1	2	1	2	5	6	3	1	1	3	0	7	1	2	1	1	1	1	1	0	0	241	3	1	5	0	2	0	3	2	4	8	3	8	2	3	1	2	0	4	1	0	1	5	2	1	1	3	2	1	3	0	2	4	3	1	0	3	2	1	3	1	0	4	1	5	2	6	0	2	2	2	4	23	1	2	1	3	218	0	2	3	2	2	3	3	2	4	2	2	3	0	3	3	7	2	7	0	4	490	0	0	7	4	2	2	3	6	2	3	0	2	6	5	2	0	2	3	6	0	3	2	1	1	2	0	3	2	2	4	1	4	2	4	7	2	2	1	4	6	0	5	3	3	4	3	4	2	2	4	3	0	2	1	6	3	3	0	0	3	1	2	2	1	8	10	0	0	4	1	4	4	2	5	1	3	5	0	2	1	1	2	1	3	7	0	5	1	8	8	4	1	4	1	2	1	5	1	2	3	0	2	2	1	1	0	1	7	2	4	1	1	1	0	1	0	3	1	1	5	4	4	4	5	1	2	0	3	5	2	7	0	2	0	3	4	1
[Del(C):R(1,5)]G	3	0	1	1	2	2	2	4	4	0	0	1	2	3	3	6	0	1	0	2	1	2	0	3	4	1	3	0	2	2	2	1	3	2	1	1	4	0	2	10	6	1	1	1	9	4	5	5	0	0	1	1	0	2	2	3	6	4	3	1	1	8	1	2	2	6	5	4	3	2	1	8	4	1	3	3	2	1	1	1	2	2	5	4	0	2	4	2	0	3	4	1	1	3	4	4	5	5	11	3	3	5	1	4	2	12	6	2	1	3	5	11	4	5	7	7	1	4	4	7	0	4	1	10	1	8	2	2	2	2	0	1	6	3	7	1	1	4	4	8	14	1	4	4	5	8	5	5	0	3	2	0	1	1	6	4	15	3	2	1	5	4	4	6	0	5	6	3	4	0	0	3	6	2	5	0	5	2	7	2	3	3	7	6	7	1	6	10	1	5	5	2	6	3	4	5	2	7	2	2	0	2	0	1	3	1	2	0	3	3	2	3	2	4	2	5	1	11	5	10	3	9	1	6	3	11	2	3	9	9	6	2	6	3	3	15	4	6	2	3	3	3	3	3	0	2	3	0	7	9	19	6	4	1	7	19	4	0	5	12	5	3	15	3	2	6	8	2	7	0	11	6	9	7	6	3	3	2	1	11	5	0	3	6	6	5	4	7	3	2	3	1	3	0	3	5	3	2	114	1	5	1	4	3	0	1	12	5	1	4	1	2	7	5	2	2	2	4	6	0	5	8	3	13	9	4	2	2	23	40	6	6	7	1	453	12	12	6	6	3	10	7	2	6	4	5	3	2	13	8	3	7	3	4	4	3	3	6	14	2	4	5	8	8	3	2	1	8	4	6	12	2	8	6	0	7	2	3	10	1	3	7	4	3	7	9	1	10	5	15	4	4	3	3	9	5	4	1	3	2	1	0	6	6	3	94	7	1	14	2	3	5	15	4	2	310	3	7	2	3	129	8	1	13	0	7	5	3	8	9	4	10	2	3	1	6	2	0	2	4	5	12	2	0	13	3	2	5	7	3	4	4	2	7	3	1	5	16	14	8	4	5	7	4	1	3	5	6	22	3	1	2	3	1	9	6	9	3	7	2	1	9	4	1	2	5	7	5	2	8	3	13	6	5	3	51	5	0	1	5	8	2	14	3	7	6	5	1	3	3	6	8	6	17	3	0	18	2	4	827	20	3	5	2	4	4	1	3	5	3	329	11	12	7	6	3	4	1	3	1	7	3	8	7	3	3	1	14	8	0	9	6	4	4	6	12	5	7	7	5	2	2	2	56	4	2	10	4	13	0	0	10	4	2	4	7	3	7	1	2	8	5	1	5	3	5	4	6	10	5	10	5	3	3	1	2	1	3	9	2	11	7	8	15	3	2	11	7	6	2	9	6	6	7	7	3	10	9	4	6	1	6	5	0	5	2	1	8	6	5	3	10	3	10	5	5	3	1	6	16	12	2	5	10	7	4	7	2	14	3	6	1	7	2	5	3	7	5	17	4	14	2	9	2	6	3	7	3	6	1	4	8	13	1	1	5	3	7	3	5	8	11	7	4	13	9	4	7	5	2	5	8	7	1	2	11	16	1	3	1	5	1	1	8	2	4	2	8	5	2	2	9	0	4	6	6	0	3	3	2	6	19	10	2	4	3	2	8	4	1	5	9	3	2	4	4	3	76	2	1	6	2	2	2	4	0	13	18	4	8	3	5	3	2	2	5	5	4	4	10	5	4	5	3	3	7	3	13	3	3	3	2	0	10	2	4	3	3	4	5	5	11	4	6	1	4	3	2	6	35	2	11	6	3	143	3	1	10	3	8	4	8	4	6	1	3	6	0	7	9	7	8	6	0	11	199	6	2	9	4	2	3	1	7	8	5	3	6	16	3	7	2	1	2	5	7	7	6	4	5	4	2	0	4	5	6	0	1	2	5	10	2	1	1	9	13	2	10	3	7	7	3	7	6	9	11	3	0	6	3	8	2	13	2	0	6	8	5	7	4	16	5	2	1	5	0	7	5	0	3	1	5	2	2	1	7	11	3	4	2	2	2	16	1	19	12	5	3	12	1	8	6	5	11	4	6	2	2	7	3	5	2	5	4	7	7	3	9	3	3	2	2	3	2	6	6	15	3	7	4	3	5	6	3	3	6	8	5	4	6	2	6	4
Del(C):R(6,9)	1	1	3	0	0	1	1	0	0	0	1	2	0	1	7	1	0	0	0	1	0	1	0	1	1	2	1	3	0	1	2	0	3	3	6	3	0	1	0	3	0	0	1	1	3	4	0	0	0	0	0	3	1	0	2	2	1	0	6	1	1	0	2	3	0	2	1	12	2	2	0	5	3	0	4	2	1	1	0	0	6	1	2	5	0	1	4	0	0	2	3	4	3	2	1	2	1	0	6	2	4	5	4	0	1	2	4	1	0	2	5	1	2	6	5	8	1	0	1	1	0	10	2	2	4	8	0	0	1	3	0	0	4	3	2	0	0	1	2	3	5	1	0	0	2	1	5	0	0	4	1	9	0	3	4	3	1	1	9	1	1	0	5	5	4	0	1	2	4	1	0	1	4	2	3	4	3	5	2	4	5	3	10	1	1	4	1	5	2	0	2	2	3	4	2	3	1	4	1	3	1	1	1	1	1	0	2	1	3	1	4	2	1	3	0	3	4	9	4	6	2	12	2	3	1	7	7	0	6	1	1	7	4	2	4	14	14	8	2	7	6	2	1	1	0	2	3	3	7	3	6	8	1	4	9	13	7	0	4	13	3	5	13	6	6	6	4	6	7	0	3	8	22	2	5	4	1	5	1	8	15	1	1	7	9	4	6	9	5	11	6	2	1	3	0	2	4	5	1012	5	5	1	6	2	1	5	7	8	0	7	11	2	4	9	2	0	8	10	3	9	7	1	3	17	5	1	0	5	10	614	10	4	8	3	3815	12	5	10	2	0	19	10	2	11	6	4	2	8	8	6	2	1	1	3	3	3	9	6	2	11	4	4	0	43	1	2	1	15	1	9	6	4	9	2	0	10	3	5	5	2	1	4	4	4	4	4	2	0	3	4	5	0	8	3	3	5	19	4	3	5	2	2	4	2	8	38	5	2	8	3	4	7	11	5	7	5241	7	1	8	5	1480	9	5	10	1	3	8	3	3	7	7	3	4	4	3	10	9	1	2	2	10	6	4	1	7	4	5	2	5	2	5	4	5	6	2	8	3	4	4	6	4	7	4	0	2	7	3	4	240	7	3	5	5	2	9	10	5	6	5	5	6	4	6	2	2	2	3	9	2	6	4	9	5	4	4	30	2	6	2	5	8	8	21	3	4	15	6	4	1	3	2	7	16	7	4	0	12	5	13	5503	16	6	4	1	7	1	12	9	7	4	5831	9	11	6	7	9	4	2	6	4	17	4	6	6	0	2	2	7	7	1	6	6	3	5	13	7	12	6	16	5	1	1	3	20	2	0	9	8	12	3	2	16	2	3	5	7	1	15	2	10	6	10	2	3	2	1	3	13	28	1	6	4	10	4	7	5	4	10	2	4	17	4	2	9	2	6	13	1	15	3	10	1	6	6	6	3	4	13	4	4	4	2	21	5	1	7	3	4	5	18	0	2	4	4	5	6	4	2	17	7	8	2	9	10	3	8	1	7	12	1	8	6	5	1	2	16	2	11	162	2	6	1	4	10	7	3	1	2	8	2	2	1	18	0	1	4	3	3	8	1	6	5	12	5	8	4	11	6	5	7	3	2	5	2	8	4	6	2	3	3	4	3	3	1	3	9	5	6	7	4	2	16	3	21	4	11	2	5	1	4	11	13	4	5	6	2	2	13	3	3	5	6	4	2	6	5	3	1472	5	6	5	6	1	6	4	1	5	12	4	20	2	7	6	2	5	3	6	5	5	5	7	3	5	2	2	7	3	13	2	17	6	3	0	5	5	4	1	6	2	3	24	4	3	2	2	6	10	3	5	18	2	8	5	1	1677	3	1	9	9	6	3	5	2	8	4	1	11	0	3	11	6	9	8	1	4	2291	1	2	10	2	0	0	7	8	2	7	2	1	4	2	10	2	6	7	8	3	13	4	4	7	3	3	2	9	5	13	5	1	3	5	9	17	2	7	5	9	5	7	0	5	2	3	7	11	7	6	0	3	3	4	6	7	7	4	6	6	5	9	5	5	6	2	0	1	5	3	7	10	8	6	2	2	10	1	6	2	8	3	4	2	19	3	7	2	3	10	6	3	13	2	9	3	10	7	7	3	3	2	3	7	7	1	2	7	18	11	4	8	8	0	2	1	4	1	1	9	3	1	6	1	3	6	2	4	3	4	5	1	2	4	2	12	1
A[Del(T):R(1,4)]A	2	3	15	2	5	6	0	2	4	4	1	1	7	8	7	11	2	0	1	4	1	5	3	4	3	1	1	2	3	1	2	0	2	3	8	3	3	0	6	15	7	3	5	1	19	11	4	5	2	4	3	7	4	2	2	2	0	8	8	7	3	3	1	8	4	9	22	13	5	2	1	2	8	5	5	22	5	4	5	0	6	16	13	2	4	3	8	3	2	15	3	6	8	4	7	12	13	3	16	2	7	6	6	8	6	6	12	0	5	8	20	8	6	8	30	12	6	1	4	7	6	12	6	15	10	18	5	4	3	7	2	2	22	5	7	2	2	9	13	9	6	1	5	7	12	11	15	11	2	16	15	9	5	4	9	8	6	5	11	5	11	3	19	6	3	10	3	13	21	6	8	2	9	1	5	6	10	5	21	7	9	10	5	8	6	6	1	14	4	11	11	1	7	15	7	14	6	24	5	19	3	5	5	1	10	4	4	1	1	5	5	3	2	0	8	11	5	18	3	12	6	14	3	29	4	13	9	9	7	8	5	14	13	11	6	32	9	13	4	11	8	6	6	3	3	8	12	8	27	15	29	11	7	1	18	13	11	10	19	28	10	9	13	13	24	8	14	14	14	2	27	6	17	5	5	3	8	9	2	9	19	2	6	9	5	12	8	10	4	6	9	5	8	9	4	13	2	10	166	7	7	2	11	11	3	3	15	8	19	15	13	2	21	12	9	5	6	16	12	3	5	22	6	9	30	4	8	10	47	50	10	6	11	7	517	31	30	11	7	7	26	23	6	6	17	5	13	8	16	27	6	19	5	12	13	5	14	31	3	20	6	2	6	37	10	6	3	31	12	5	15	6	21	2	0	37	10	9	4	3	4	25	4	8	9	23	8	11	12	28	14	4	8	6	4	13	16	129	3	5	7	4	14	12	7	36	27	8	26	10	15	20	22	4	7	490	7	11	13	15	209	14	11	19	3	10	3	8	23	14	4	1	13	9	3	18	17	3	11	8	16	15	5	7	24	10	2	9	10	11	8	15	6	32	5	4	6	25	5	32	6	10	20	11	10	15	9	12	30	9	3	18	13	9	27	14	16	9	33	7	5	29	12	8	9	19	28	12	8	29	10	10	12	7	10	22	15	4	11	8	13	5	50	12	7	24	22	9	16	8	10	24	8	28	11	4	24	7	7	581	34	10	6	12	7	2	22	4	10	3	565	53	18	13	18	12	9	2	21	6	16	11	32	13	8	2	2	33	14	4	17	12	9	17	12	17	17	11	28	7	10	7	6	32	16	7	22	10	58	4	11	37	2	2	4	18	5	9	2	6	14	27	4	5	3	12	13	10	52	13	17	6	21	11	5	8	6	15	19	4	19	21	20	21	6	12	17	11	27	5	38	8	28	3	11	11	24	15	1	16	9	18	26	12	9	6	3	28	11	14	8	6	13	27	20	5	17	12	24	20	32	12	12	43	15	11	9	9	22	14	18	2	13	14	13	19	17	15	30	10	19	11	19	19	11	7	5	5	10	2	12	10	14	3	3	5	5	12	5	13	22	32	9	13	12	29	10	26	19	3	10	18	11	15	6	14	18	12	10	10	18	3	7	6	3	8	5	13	10	6	6	21	6	8	10	9	15	6	4	11	21	14	17	4	4	5	5	32	7	6	12	11	9	10	4	5	4	155	9	6	21	5	8	11	19	9	27	30	13	13	9	12	12	5	10	16	7	4	5	17	14	6	11	2	1	7	3	16	3	11	12	6	3	6	3	9	5	3	8	7	13	8	17	14	7	4	4	13	28	14	4	7	17	14	189	9	4	22	17	23	8	20	9	17	11	3	18	2	11	16	9	9	18	3	21	205	8	1	31	8	6	7	4	13	4	15	12	11	11	11	14	1	10	6	9	10	14	10	15	3	7	8	10	12	14	26	3	8	8	11	38	16	4	3	19	25	10	9	8	20	5	12	18	8	26	22	5	7	10	24	6	18	6	3	5	17	17	10	10	5	42	13	6	3	12	9	19	21	2	14	10	4	10	5	8	5	9	10	10	9	10	9	21	19	24	26	10	11	11	5	16	13	24	17	9	22	1	5	9	19	11	3	5	24	16	22	7	11	9	8	5	8	14	4	5	19	6	13	15	12	6	17	15	15	17	8	25	6	5	12	3	20	5
A[Del(T):R(1,4)]C	2	1	3	2	3	2	1	1	1	3	1	1	1	3	1	17	0	3	2	2	2	2	0	1	1	1	3	5	1	4	0	1	6	7	7	2	4	3	2	7	9	8	2	3	10	10	0	1	1	1	1	2	2	0	1	0	4	3	7	3	3	0	1	3	2	8	8	6	0	3	1	2	7	2	8	9	1	3	2	0	3	8	10	2	0	1	4	0	0	3	5	1	1	2	2	1	5	1	7	3	3	4	3	4	1	7	2	1	5	3	3	1	3	6	8	11	4	4	6	3	0	4	1	11	3	8	2	4	3	7	2	0	7	5	7	0	0	6	6	4	2	3	1	5	11	4	8	5	6	6	10	2	7	1	4	6	7	6	7	4	5	0	9	8	4	3	2	4	6	3	0	5	4	3	2	3	1	2	11	2	11	1	4	3	2	6	1	11	2	9	2	1	11	6	3	5	2	13	2	14	1	5	3	3	7	0	1	0	4	3	4	2	1	0	1	4	3	4	4	13	4	7	4	21	2	4	0	3	6	3	6	3	4	3	3	17	5	7	4	5	3	4	2	1	0	3	5	7	4	7	21	7	4	1	11	5	6	6	3	11	3	8	3	4	6	7	7	7	5	0	14	7	11	2	4	1	2	2	0	4	13	2	2	3	1	11	4	4	4	5	4	0	5	0	1	4	3	6	43	0	4	2	3	6	0	7	7	4	3	8	5	2	3	7	5	3	1	4	4	6	3	17	0	7	16	2	6	2	22	13	6	5	5	2	377	21	13	7	6	1	8	11	1	4	8	3	3	3	9	12	2	8	4	5	4	3	5	12	7	6	6	3	1	11	4	2	2	7	6	4	6	0	8	3	1	19	5	2	3	1	0	8	6	2	1	8	2	3	3	10	1	0	5	4	4	6	5	1	4	1	1	1	4	4	4	13	14	3	12	6	7	16	25	5	3	168	7	7	3	4	67	6	3	10	3	6	3	1	9	7	4	2	2	0	3	7	2	1	5	2	6	12	4	2	12	0	3	2	6	2	0	4	4	14	4	2	2	13	0	7	8	2	6	7	2	5	3	10	18	2	1	4	4	3	5	6	13	1	32	7	3	8	2	1	3	7	18	6	2	11	4	7	7	2	8	10	8	1	4	5	5	4	24	9	2	7	16	3	7	3	5	13	5	14	4	2	6	2	2	563	17	4	2	2	6	0	8	4	4	1	186	27	8	8	9	3	5	1	5	3	2	3	13	4	1	4	3	22	6	1	7	8	5	5	2	5	3	5	11	3	3	3	3	7	7	4	15	0	29	1	4	9	3	2	1	7	3	12	2	1	5	10	3	3	1	6	2	8	29	6	4	6	11	9	5	2	3	4	12	1	5	15	12	5	2	5	13	1	14	5	24	1	10	1	10	8	16	24	6	6	5	7	7	1	4	1	2	13	3	9	2	5	5	11	5	3	1	4	11	4	20	3	7	24	10	7	2	1	13	6	8	3	7	2	4	6	1	4	12	7	10	5	14	4	8	4	4	6	1	1	4	12	3	2	3	9	2	3	9	2	3	20	2	13	6	22	3	9	13	4	6	12	32	6	2	4	4	6	4	1	2	5	4	2	5	12	2	9	6	3	3	8	3	6	3	6	1	1	6	5	8	9	2	4	2	11	1	20	3	3	4	6	2	2	2	2	4	50	5	4	11	4	5	2	4	8	16	16	10	8	2	7	6	2	7	11	4	1	4	10	6	3	7	7	2	2	5	4	1	9	5	0	0	3	1	5	7	2	2	9	6	1	5	3	4	2	2	4	19	3	2	5	8	6	46	3	3	15	10	8	1	6	3	7	7	3	4	1	3	9	14	3	8	2	18	88	6	2	21	1	2	3	1	7	3	10	1	6	10	4	4	2	6	4	13	4	7	3	4	3	0	3	4	3	3	7	1	6	2	4	19	3	4	3	4	16	2	5	5	14	4	7	7	1	11	12	2	4	5	5	2	4	1	2	3	12	7	4	6	6	14	8	1	0	4	0	14	4	4	6	2	3	5	3	0	1	10	3	7	5	3	2	6	8	14	13	5	4	12	1	8	10	9	7	3	4	1	5	4	9	7	1	3	10	4	12	0	3	4	4	1	4	2	5	2	12	5	8	12	3	2	4	2	12	4	9	15	1	2	3	4	5	3
A[Del(T):R(1,4)]G	1	1	5	4	3	2	3	0	2	1	1	2	0	7	3	10	1	0	1	1	0	2	0	0	1	1	3	4	2	3	3	1	6	3	5	4	3	2	3	6	7	2	4	1	11	9	1	1	0	2	1	3	2	2	2	0	4	6	6	4	3	0	1	2	1	9	15	4	1	0	0	0	5	2	10	11	2	1	1	1	4	6	12	4	0	0	3	1	0	5	6	3	3	5	6	3	5	0	10	2	3	6	3	4	3	6	4	6	2	5	7	4	3	7	11	15	2	2	3	6	1	4	3	5	3	11	2	1	0	1	1	1	13	4	8	3	4	3	9	3	5	3	2	6	9	12	6	5	1	6	11	3	3	2	11	5	1	1	11	0	4	1	7	6	3	5	3	6	8	3	5	7	3	2	6	1	5	5	10	3	4	3	2	2	6	1	4	6	1	6	7	1	10	5	2	5	3	21	2	10	0	5	2	2	8	0	4	0	2	3	5	2	1	2	2	2	3	8	2	11	0	3	2	21	4	1	5	5	5	5	2	4	5	4	3	15	12	12	4	8	2	4	4	3	3	6	5	4	7	9	22	5	3	1	10	7	1	3	10	9	4	7	8	4	12	2	13	7	3	1	14	6	14	2	1	4	0	4	2	4	15	3	4	5	5	10	9	5	1	2	2	2	2	3	5	2	6	6	55	2	4	5	1	4	5	4	2	4	2	6	9	5	12	11	5	4	5	5	4	3	4	11	4	7	12	5	2	1	29	26	6	8	5	3	196	21	7	9	3	2	9	8	1	4	7	6	8	3	11	13	3	8	4	4	0	2	7	13	10	5	4	0	3	16	4	3	2	9	2	2	10	4	3	1	1	16	3	2	2	0	3	12	6	1	5	7	2	8	3	26	1	2	1	1	0	4	11	4	3	3	4	1	8	8	4	18	12	2	13	6	7	12	30	3	1	188	1	2	5	2	64	9	7	4	2	11	5	3	13	7	1	0	5	3	2	5	6	1	2	1	9	22	12	6	16	5	5	3	2	8	1	7	3	17	2	2	3	23	3	14	7	8	9	2	6	4	5	8	11	4	3	6	9	1	13	5	8	3	20	3	5	10	4	4	3	9	21	5	6	12	3	4	7	3	8	23	9	2	2	8	7	2	26	3	2	7	14	7	14	3	2	8	3	23	5	2	8	1	5	238	13	8	2	5	3	2	10	3	5	4	202	20	8	6	13	3	10	1	4	7	7	3	13	5	5	7	1	9	7	4	7	12	7	7	1	5	5	7	11	6	5	4	5	23	5	3	8	4	23	0	5	10	5	3	3	7	5	5	1	1	9	16	0	1	5	3	7	3	21	7	7	2	6	6	5	7	1	9	11	2	4	20	6	8	5	7	11	3	13	2	29	7	14	7	11	9	21	17	1	7	4	2	6	5	2	3	4	13	3	9	3	5	7	8	12	1	3	1	12	16	9	2	8	29	6	5	4	5	10	5	8	3	4	5	4	4	1	12	12	4	23	3	15	4	4	4	5	2	3	0	2	6	13	3	2	6	3	4	2	2	4	23	3	8	13	13	2	10	12	2	12	16	11	7	2	6	5	3	5	4	8	3	0	5	3	12	5	6	8	4	1	13	2	8	2	7	1	1	6	5	10	5	6	3	4	10	1	14	3	2	6	7	7	1	4	3	1	59	0	4	10	2	5	4	8	3	13	17	7	10	3	6	2	3	4	10	4	3	2	11	6	2	6	4	2	1	4	5	3	10	7	3	0	3	4	3	8	1	5	4	4	7	5	7	3	2	2	6	15	9	5	5	6	3	49	2	2	13	9	11	0	4	3	8	2	1	6	2	0	8	13	6	14	3	20	100	3	2	12	5	1	6	4	14	0	6	1	4	7	4	7	1	3	12	7	3	8	1	4	4	1	7	2	6	2	11	1	4	3	2	23	8	1	0	10	16	5	11	3	12	0	10	10	2	15	10	1	5	6	11	6	10	5	1	2	10	13	2	10	4	8	7	4	2	10	5	19	8	1	9	2	3	1	1	2	2	2	4	4	6	4	7	12	5	19	11	5	1	6	4	9	11	8	14	4	2	5	1	7	8	6	2	4	17	1	16	6	7	2	2	1	1	4	1	5	15	5	4	17	6	4	2	1	9	6	5	29	1	8	1	2	6	1
C[Del(T):R(1,4)]A	4	2	6	0	3	4	1	4	2	2	0	1	3	4	3	13	0	0	1	1	1	1	2	5	3	1	3	7	3	2	3	0	6	4	10	1	2	2	2	5	7	5	4	2	11	7	1	2	0	3	2	0	2	0	1	2	5	9	4	7	1	4	0	5	3	10	8	4	2	1	3	1	5	1	4	12	3	2	1	2	3	10	13	0	2	3	4	0	1	3	3	2	5	3	3	4	7	3	16	3	3	3	5	5	0	5	2	4	8	12	16	7	2	0	13	12	7	1	0	3	0	11	4	16	8	13	3	0	6	7	2	1	22	5	2	1	4	7	7	3	5	1	1	1	10	10	6	4	0	4	8	3	4	2	7	7	8	0	8	1	10	3	11	5	2	12	8	7	10	2	4	9	4	2	5	5	6	1	9	1	13	3	6	1	5	1	3	13	1	8	6	1	10	10	6	6	7	18	5	7	4	3	6	0	5	1	2	0	3	4	4	1	3	0	5	6	5	14	2	19	2	7	4	14	1	4	10	5	2	4	5	2	7	0	3	21	8	5	2	5	2	1	3	1	2	3	6	4	7	12	31	9	5	1	10	5	8	9	9	15	7	4	4	8	13	3	9	6	4	1	20	11	14	6	5	2	4	5	4	2	7	1	2	3	8	10	9	8	2	2	2	3	6	9	2	7	5	5	74	4	6	5	1	4	4	7	5	5	4	8	0	1	10	7	6	2	6	9	6	10	6	15	3	8	17	5	1	2	24	22	9	6	14	4	259	28	22	3	2	4	14	17	2	6	9	4	8	5	15	14	1	13	6	7	4	1	9	17	9	6	6	1	3	19	4	2	1	9	5	4	9	2	6	6	1	16	6	4	5	1	6	10	4	2	4	7	2	12	5	17	4	1	2	6	2	3	8	34	2	3	4	5	6	11	4	45	12	2	11	6	4	16	30	5	2	234	3	3	8	8	82	10	3	7	2	8	5	4	12	17	5	3	7	3	2	8	3	2	10	4	18	14	13	7	16	4	1	2	8	8	10	9	5	14	6	3	2	16	6	11	5	6	7	3	2	6	7	13	9	5	2	5	10	7	11	5	14	3	25	5	2	12	5	6	5	6	9	5	4	17	4	15	3	3	3	30	7	3	10	6	7	3	22	4	3	9	9	3	5	3	11	9	7	21	6	2	26	3	2	308	26	4	4	6	5	1	8	1	7	5	248	27	13	8	9	9	7	1	6	3	7	5	19	8	2	4	4	23	6	4	9	11	5	3	4	8	6	6	16	4	3	4	4	42	6	2	13	2	34	0	6	9	4	7	1	11	2	13	1	0	7	15	2	6	2	7	19	6	36	11	1	10	13	11	8	8	0	12	15	4	13	18	12	22	3	4	9	3	11	2	33	4	8	4	6	5	21	12	5	12	4	7	11	4	9	5	4	16	4	6	5	5	9	13	10	9	3	2	13	14	26	2	8	27	11	3	0	2	14	6	8	2	11	9	4	6	1	5	11	4	19	8	18	5	4	6	6	6	6	4	6	10	6	1	3	6	2	2	5	5	9	22	5	15	6	32	5	19	18	2	10	9	15	6	3	6	7	1	8	2	7	3	4	9	6	6	3	15	9	6	3	9	1	6	2	11	7	1	6	4	17	8	10	5	4	5	0	17	3	3	4	5	3	2	4	6	2	80	5	3	10	3	1	2	7	4	17	23	14	21	5	9	6	8	9	11	5	5	1	11	7	3	6	5	3	2	7	14	4	15	12	2	2	3	1	3	3	1	1	12	6	1	6	9	4	7	6	6	16	17	0	7	7	4	71	4	2	19	10	9	4	3	4	8	9	2	9	0	1	10	12	3	9	1	13	91	3	1	11	1	2	3	3	9	2	9	7	13	7	5	8	2	4	2	9	4	5	5	4	5	2	6	6	6	6	13	2	4	6	8	19	9	2	2	8	10	7	11	6	16	4	9	11	5	11	8	3	4	2	6	5	9	6	5	4	13	8	7	6	10	20	7	5	5	10	3	9	13	7	9	6	2	10	0	0	3	8	2	3	3	7	6	9	9	6	11	8	1	9	4	4	10	14	11	7	7	2	5	2	11	3	4	2	25	7	17	6	9	6	4	3	3	9	3	2	9	5	13	15	6	3	12	6	13	7	13	24	1	3	4	4	7	2
C[Del(T):R(1,4)]C	2	1	3	5	2	2	2	2	4	1	2	3	2	4	2	9	2	0	0	3	0	3	1	1	3	2	2	3	1	1	2	1	5	2	6	1	1	5	4	1	7	8	4	2	13	2	2	4	0	0	1	3	0	1	2	0	4	2	4	4	2	3	0	2	3	9	3	7	0	1	1	3	10	1	10	8	5	4	1	1	3	4	9	1	0	2	2	0	2	3	3	3	3	5	5	2	1	4	9	4	5	6	0	4	2	2	1	0	4	6	15	9	1	3	7	9	5	0	3	7	1	11	12	9	6	9	3	1	0	5	4	2	8	0	5	2	5	6	5	5	4	1	3	2	15	13	7	5	2	5	6	2	3	4	1	1	6	0	12	0	11	0	7	7	4	8	2	4	5	3	2	4	6	6	5	1	4	2	4	4	6	5	7	4	1	3	3	15	0	8	4	6	7	7	2	5	7	12	0	10	3	3	4	2	10	1	5	0	2	4	6	9	2	3	0	5	4	8	3	11	4	6	1	28	3	6	6	6	3	2	8	9	5	0	8	22	10	11	5	7	3	2	1	3	0	5	11	6	6	10	27	4	10	2	5	4	5	6	6	8	1	8	6	14	12	1	9	1	7	1	14	7	20	6	2	2	4	1	2	7	13	1	2	4	7	9	8	8	0	3	4	3	7	7	2	5	9	10	61	1	6	3	6	7	4	7	11	4	5	11	6	0	7	10	4	2	5	10	5	8	4	10	6	11	20	4	2	3	29	31	3	2	8	6	424	22	10	9	3	2	16	16	6	6	9	5	5	10	10	17	0	10	1	4	5	0	10	17	2	4	5	3	4	10	7	2	1	14	5	6	10	9	14	3	1	25	3	5	10	4	6	12	4	2	5	9	1	6	3	23	7	2	1	3	6	4	7	7	2	1	3	2	9	9	8	29	17	3	5	2	5	21	26	6	2	272	3	4	3	7	115	6	6	8	0	23	4	2	11	12	1	1	8	6	2	9	9	2	5	6	27	12	12	6	17	11	2	5	5	9	7	12	3	8	4	1	3	16	4	10	11	7	17	9	4	8	6	10	23	4	1	6	4	6	9	5	18	8	23	7	6	18	3	3	3	6	19	5	2	14	3	9	4	5	2	17	10	4	3	2	5	4	31	2	6	5	15	6	11	5	8	11	6	27	8	1	15	3	2	600	14	7	1	3	7	2	7	2	7	3	306	32	6	3	7	6	3	1	9	2	11	4	12	7	5	6	0	14	6	4	14	10	3	12	4	4	11	3	19	6	2	6	4	29	5	4	12	3	25	1	2	6	1	2	7	10	5	8	1	2	10	15	3	8	4	5	8	8	27	9	4	10	5	8	5	4	1	8	13	3	18	20	11	10	3	3	18	6	12	2	24	4	8	4	8	6	14	10	9	10	7	9	12	1	7	1	1	16	3	8	4	6	7	4	12	2	7	3	13	10	14	6	9	24	12	1	3	6	19	10	11	1	14	7	6	11	6	7	12	4	27	4	12	6	2	5	4	2	7	2	11	4	7	3	3	6	6	3	6	2	2	17	3	10	11	27	7	9	6	0	5	19	20	8	4	10	14	5	6	5	10	2	6	5	4	10	5	14	7	1	3	17	1	2	3	9	2	4	4	4	7	2	6	1	3	8	1	19	3	4	3	3	6	5	3	3	1	78	2	2	8	1	4	0	4	3	20	15	11	8	6	18	7	0	5	9	3	7	2	8	4	4	4	4	0	4	5	6	0	12	7	5	2	9	2	2	2	6	2	10	5	2	6	11	4	3	2	2	14	14	1	6	7	6	87	2	0	16	5	14	6	4	6	11	3	4	11	2	6	20	12	8	11	2	27	148	4	1	17	4	2	7	3	14	4	12	4	7	10	4	4	3	3	5	9	3	10	5	13	2	1	9	6	5	6	11	0	7	3	4	27	3	4	0	7	25	5	11	3	20	3	10	7	3	11	7	2	7	2	5	7	10	2	5	6	16	3	8	6	4	25	7	4	0	9	5	12	14	2	11	1	6	7	1	3	3	11	3	3	4	5	5	8	7	11	13	10	3	4	3	8	9	4	6	4	9	5	6	3	17	5	2	2	14	6	15	1	5	2	3	2	3	13	4	5	8	6	17	12	3	4	6	9	6	3	5	16	0	6	2	4	6	3
C[Del(T):R(1,4)]G	3	1	7	0	3	1	0	1	2	1	3	1	3	10	4	16	4	4	1	2	1	2	3	1	0	2	2	7	3	1	2	2	2	4	9	2	5	4	1	10	6	3	3	2	7	7	4	2	1	3	1	3	0	1	4	2	6	5	1	4	1	1	0	4	2	10	19	7	1	1	1	2	12	1	6	12	3	2	1	0	3	8	12	0	3	2	7	1	3	6	4	3	7	2	4	2	7	3	11	2	6	4	3	5	0	7	3	4	5	3	8	6	4	5	25	15	10	3	2	3	2	12	4	15	9	6	5	3	3	3	1	0	9	6	6	2	4	5	9	6	7	3	3	6	15	8	5	6	0	8	14	4	6	1	8	11	3	1	11	2	8	2	17	10	5	10	5	11	10	4	2	5	3	4	11	7	3	4	11	1	6	3	7	2	8	4	2	10	2	9	3	4	8	13	4	11	9	14	3	4	1	0	4	2	4	1	4	0	1	4	3	3	1	3	2	6	6	17	0	17	2	9	3	28	3	9	8	4	3	0	3	4	3	3	4	21	9	10	4	9	3	1	1	3	4	0	9	7	11	8	24	3	5	4	10	5	3	6	9	5	2	7	9	3	20	6	12	8	7	0	21	4	19	7	3	4	5	2	0	4	14	2	0	6	9	15	8	7	3	4	7	2	4	2	2	8	8	8	61	4	3	2	1	2	3	6	1	11	2	11	6	2	16	10	1	2	1	11	3	2	2	12	2	14	19	4	2	4	32	19	6	7	4	2	182	22	13	3	2	5	13	12	6	7	9	5	8	2	11	16	2	4	2	2	7	2	3	16	8	2	7	3	3	20	2	1	5	8	4	6	13	6	9	5	0	24	5	3	4	0	3	15	3	2	2	5	1	2	4	24	3	3	7	4	1	3	6	2	2	0	0	4	5	11	8	45	17	2	11	5	2	18	10	8	2	187	5	10	2	5	71	8	6	8	2	6	1	4	11	12	3	9	6	6	2	7	9	3	0	3	14	16	6	7	8	9	4	5	7	5	3	1	2	11	2	5	4	21	5	8	11	11	11	3	2	4	2	11	10	1	2	7	4	7	11	9	13	1	18	7	3	21	2	5	3	8	20	6	2	20	3	8	6	3	2	26	8	3	8	8	8	1	22	3	7	9	19	0	9	3	11	9	7	21	8	0	23	4	3	228	21	3	3	5	6	3	10	7	5	2	198	25	12	8	18	6	4	2	4	5	11	7	8	4	2	2	2	28	6	7	11	9	3	3	0	8	4	1	12	8	5	6	6	38	10	4	17	5	21	1	6	4	4	3	2	6	4	5	2	6	10	14	3	2	5	6	7	9	23	12	5	7	12	15	5	4	2	8	13	4	7	21	8	21	2	6	9	3	10	0	28	4	11	4	9	7	20	21	1	12	5	10	11	5	9	1	5	13	3	10	3	5	1	7	5	4	4	4	8	13	27	4	7	29	14	5	4	8	14	11	5	3	8	3	2	4	1	7	7	6	25	0	14	7	4	4	4	1	10	1	6	10	13	1	2	4	2	6	3	3	7	21	1	23	15	20	2	13	13	3	4	15	14	6	4	15	11	7	3	3	3	5	4	4	7	15	3	12	3	3	4	10	5	2	2	9	0	1	5	2	7	8	12	5	1	11	1	18	6	2	5	5	4	5	2	3	2	56	5	3	14	2	3	1	9	6	16	27	11	15	3	7	2	2	6	5	7	4	4	6	9	5	4	2	4	2	3	9	3	8	6	2	2	8	1	5	4	1	2	7	8	7	3	8	2	4	4	6	23	21	3	0	7	7	51	3	4	24	6	10	6	6	7	13	4	2	12	1	5	10	14	3	13	1	24	82	4	2	16	4	3	1	7	13	1	12	3	9	10	0	8	0	5	7	17	1	8	2	8	2	2	2	7	6	7	11	2	6	8	4	24	6	2	3	8	15	5	8	2	20	5	5	7	2	17	8	5	4	4	7	9	7	4	4	1	10	16	5	6	7	30	5	0	1	6	5	9	9	3	2	3	2	7	4	3	2	10	2	5	4	6	1	13	8	18	14	9	3	8	3	8	10	11	16	5	8	1	2	9	15	6	3	4	13	6	17	10	4	2	4	4	5	8	4	1	8	2	14	17	2	4	10	4	19	8	3	16	1	1	2	1	4	1
G[Del(T):R(1,4)]A	3	1	4	0	1	1	1	0	0	0	1	2	1	1	1	1	2	1	1	3	2	1	0	1	2	1	1	5	2	1	2	0	4	1	5	2	2	1	0	6	6	2	2	2	7	5	3	2	1	1	1	3	1	0	1	0	0	3	3	6	3	2	0	3	1	4	4	7	1	2	0	0	5	2	2	5	4	0	0	1	4	6	14	1	0	0	4	1	1	6	1	0	4	0	2	0	3	1	4	1	3	3	1	3	0	3	0	1	4	6	6	3	0	4	13	7	6	2	3	1	3	14	2	8	3	7	2	3	6	1	2	0	7	5	6	1	1	4	7	2	3	1	1	3	7	8	2	4	1	3	7	1	4	2	3	4	1	2	5	1	5	1	5	5	3	5	2	7	5	3	1	3	3	3	1	3	1	3	10	0	5	1	6	2	3	2	2	9	2	3	3	2	4	8	3	4	9	15	5	1	2	4	1	0	3	0	3	1	3	1	1	2	1	1	3	5	7	13	0	5	6	3	4	12	3	0	6	3	7	1	6	2	3	5	1	22	9	7	1	4	1	0	3	1	0	2	5	5	11	7	17	5	3	4	12	4	1	2	11	8	2	5	3	16	9	3	8	5	6	0	9	3	16	3	4	3	3	1	0	8	10	2	1	9	6	7	4	4	4	2	2	1	7	7	1	4	2	2	70	0	1	1	1	6	1	5	9	8	3	6	3	1	13	3	3	6	2	4	8	4	3	5	1	4	12	4	3	0	12	10	1	2	3	1	1376	21	10	7	5	3	8	6	5	4	3	5	9	9	8	8	2	13	0	5	3	3	8	9	1	4	2	1	1	8	7	0	2	38	2	3	6	3	6	4	0	15	0	1	3	2	2	14	4	3	1	5	0	3	0	9	4	2	2	2	2	2	6	39	3	0	1	2	5	5	6	18	8	3	8	4	2	13	15	0	2	131	2	4	6	5	59	5	4	4	1	1	4	1	13	4	4	1	3	4	3	6	3	2	3	0	13	8	0	4	15	3	1	4	8	5	4	4	1	6	0	5	0	10	4	9	4	5	6	8	1	6	1	14	10	3	2	2	3	2	10	11	11	3	14	3	4	11	5	3	0	4	9	2	1	12	5	9	5	3	3	10	10	2	4	2	5	2	16	3	3	4	12	0	8	2	10	6	4	23	2	0	16	4	2	2184	9	2	6	2	4	2	2	1	4	2	136	17	9	7	6	6	7	1	8	0	7	1	9	2	2	2	4	16	5	0	5	8	2	3	5	3	4	3	11	5	2	6	4	18	9	0	6	2	19	2	1	13	1	3	7	14	0	6	4	3	6	11	3	0	1	7	3	6	26	11	6	0	6	11	8	6	1	4	6	3	2	13	9	11	2	1	11	5	13	1	19	3	7	4	7	5	6	3	2	8	1	7	6	3	10	2	2	9	6	2	2	3	4	12	10	2	6	0	7	9	12	3	2	19	5	3	1	1	13	9	4	1	4	0	2	3	6	6	10	3	11	2	10	3	2	1	0	3	7	2	4	4	7	0	2	5	0	2	3	5	9	9	3	13	7	15	3	6	10	2	9	10	6	1	0	8	4	4	2	4	4	2	5	2	4	5	5	9	8	1	1	7	2	7	2	12	3	2	0	3	7	4	1	1	3	5	0	11	1	4	0	4	5	1	0	1	0	42	3	1	9	1	1	2	9	8	7	12	10	7	4	5	4	5	8	3	1	2	2	11	6	3	6	0	5	2	2	3	0	5	8	3	3	7	2	4	6	1	3	4	3	4	7	8	2	2	8	4	7	7	2	5	6	6	39	5	2	24	5	13	3	2	1	6	5	1	6	0	7	10	5	4	7	1	11	54	3	0	14	2	3	1	4	3	2	14	4	6	5	3	1	0	5	5	4	3	8	1	2	2	3	4	7	3	1	3	3	5	4	7	19	2	1	1	4	11	5	11	4	13	1	1	9	1	5	5	3	3	2	7	2	3	4	1	1	12	5	3	8	3	8	6	0	0	2	2	11	2	2	5	2	0	1	1	5	1	3	1	1	4	3	2	10	11	8	15	4	2	2	0	4	6	10	4	2	7	0	4	1	10	2	2	0	8	7	11	6	4	1	4	0	0	18	0	2	12	7	14	8	2	3	10	4	8	0	2	15	0	0	1	2	4	4
G[Del(T):R(1,4)]C	0	3	1	0	2	0	0	1	2	0	1	0	1	1	0	11	1	1	0	3	0	1	2	0	2	0	0	4	2	0	1	1	2	1	9	1	0	2	1	6	7	0	2	1	5	2	1	1	0	0	0	0	0	0	1	1	3	1	3	1	1	1	0	1	0	6	4	3	2	1	0	0	3	2	6	7	3	1	1	0	0	5	11	1	1	3	1	2	0	7	3	3	1	3	3	3	4	2	6	1	2	2	1	2	0	1	0	2	3	3	10	2	1	3	7	7	4	0	0	3	2	7	4	5	2	12	0	4	0	2	3	0	2	3	1	0	3	1	4	2	1	1	0	3	4	17	5	8	1	7	4	1	1	0	4	3	3	0	2	1	5	2	6	6	0	3	2	5	7	1	0	5	4	3	4	3	3	1	5	1	3	2	3	1	0	1	3	9	0	4	3	1	2	7	0	4	8	14	2	4	2	1	2	1	1	0	0	1	1	2	1	0	3	2	2	2	2	5	1	4	0	5	0	8	0	2	1	0	3	1	4	4	4	0	3	15	2	8	0	2	2	0	2	0	0	3	8	4	5	2	17	3	1	4	10	1	3	4	5	10	3	7	5	5	5	2	8	2	2	1	7	5	11	2	1	1	2	1	1	3	10	1	2	0	1	5	3	3	2	2	1	0	1	2	1	1	1	1	60	0	3	0	0	4	2	3	3	2	4	11	3	2	6	7	1	0	2	7	7	3	4	5	0	8	8	2	0	3	19	14	2	4	6	1	1529	20	6	1	4	1	4	15	1	1	8	8	3	6	8	8	0	8	0	4	3	4	1	7	2	1	1	1	2	6	0	0	3	29	1	4	7	1	4	1	0	15	0	0	5	1	1	12	2	0	2	6	3	1	2	8	1	1	3	4	2	1	1	4	4	0	1	1	6	8	3	9	7	2	6	3	3	13	11	0	0	137	3	0	2	3	59	3	7	3	0	5	2	3	6	8	2	0	1	1	1	3	2	2	2	1	11	10	4	3	7	5	1	3	10	7	2	4	2	8	1	0	0	7	1	9	5	4	9	2	3	2	2	7	9	2	3	6	4	2	8	5	4	1	22	2	1	13	1	2	1	2	12	4	2	14	3	2	2	2	3	8	5	4	2	4	3	2	12	2	1	7	7	3	12	0	6	5	1	12	1	1	10	0	2	2741	12	1	0	2	0	2	4	4	3	0	148	22	7	5	9	3	3	1	1	3	8	1	11	8	0	2	3	10	5	1	4	3	3	7	3	3	5	2	6	4	0	2	3	6	4	0	11	1	14	0	2	10	2	0	3	4	1	2	0	3	4	5	1	1	0	6	5	4	23	9	3	4	4	6	3	3	0	2	8	2	7	22	12	7	6	1	12	4	6	1	17	5	10	1	7	0	1	9	3	5	3	4	5	3	3	1	2	7	2	6	0	0	3	7	6	1	1	0	2	9	9	2	5	13	8	1	2	2	7	8	4	2	3	5	2	2	0	2	4	3	10	2	10	6	2	1	0	1	2	0	4	4	5	1	0	7	2	0	2	1	2	11	2	4	6	16	2	6	4	1	7	5	9	3	0	4	3	2	3	1	3	1	5	2	1	7	1	9	5	3	0	4	0	5	0	6	1	1	1	6	6	3	1	1	0	5	2	11	1	2	6	2	1	0	3	2	3	39	3	0	4	2	6	1	4	2	11	10	5	10	1	5	2	3	4	3	3	3	1	5	5	3	3	5	1	2	2	3	0	4	5	1	0	1	3	1	1	2	3	6	0	0	2	4	0	3	4	2	10	1	0	3	7	6	38	5	0	12	3	9	1	3	4	11	1	1	5	1	3	9	9	2	9	1	9	57	4	0	6	3	1	1	4	8	4	12	3	6	7	1	1	2	1	4	4	2	13	0	3	3	3	1	8	1	5	5	1	6	2	2	15	3	0	0	4	13	2	2	1	12	3	3	5	0	9	5	2	2	1	8	4	3	4	0	1	6	5	3	4	3	15	2	1	1	3	1	3	6	1	7	2	1	7	0	0	0	2	1	2	3	1	1	5	6	12	5	4	4	5	0	8	5	11	4	4	6	1	0	1	9	2	3	2	10	6	13	0	3	1	2	0	0	10	0	1	11	4	13	9	3	3	8	1	7	6	1	13	0	1	0	1	2	2
G[Del(T):R(1,4)]G	1	0	7	2	2	1	2	3	1	2	1	0	2	5	2	18	0	1	1	0	1	3	1	2	4	0	1	6	1	0	2	1	0	4	7	0	3	2	2	4	4	3	5	2	7	1	1	1	1	0	1	2	1	1	2	1	4	3	3	4	0	4	1	5	1	6	17	3	0	0	4	4	6	3	3	12	5	1	2	0	1	4	9	3	1	1	1	0	0	4	2	2	2	2	4	2	6	1	5	2	4	2	1	4	3	1	1	5	0	9	8	3	0	1	11	8	4	1	0	4	0	11	5	9	3	17	0	2	0	2	1	0	6	3	6	2	2	2	8	1	3	1	0	2	14	8	2	3	2	9	7	6	0	2	6	4	7	1	6	2	10	3	7	4	3	3	2	12	4	4	0	8	6	0	4	0	4	2	10	0	2	5	3	2	1	1	1	7	0	7	2	6	10	8	1	6	4	16	0	3	1	5	0	0	5	1	1	0	2	0	0	2	3	2	3	5	4	12	1	10	0	4	2	13	1	4	9	1	3	5	3	1	1	4	5	19	8	12	3	1	4	3	1	3	0	4	5	3	5	7	13	2	5	1	15	6	2	2	8	12	4	4	5	8	9	3	2	4	9	0	13	8	15	5	1	1	3	2	1	10	10	0	0	2	2	5	6	6	1	6	1	5	6	4	2	7	0	9	71	1	0	1	2	4	5	2	3	3	2	5	2	0	14	5	3	1	4	4	7	4	3	5	3	5	18	4	2	0	23	17	2	6	3	2	1388	23	10	4	1	1	13	6	6	4	7	10	3	5	15	15	0	4	3	1	3	0	3	16	5	2	1	4	2	6	0	0	2	22	6	4	8	4	3	3	1	10	1	1	4	2	4	8	4	2	3	8	2	0	4	11	2	4	3	3	1	4	4	4	1	0	2	1	14	5	3	17	10	1	5	4	6	15	13	3	4	179	2	6	4	4	64	8	4	3	1	4	2	3	6	12	1	3	7	0	1	6	3	2	3	1	14	12	8	11	13	1	0	7	10	7	1	7	1	9	0	3	4	11	2	7	5	6	12	2	7	6	3	7	13	10	0	1	7	1	10	7	6	1	17	1	1	10	3	1	0	5	20	2	2	24	1	5	5	4	5	12	6	1	3	5	3	2	17	6	4	2	15	1	5	1	10	4	3	23	4	2	18	4	1	2529	11	7	0	1	4	2	3	0	4	1	197	27	2	5	11	4	7	1	5	0	4	4	11	4	2	2	3	16	5	1	7	9	8	3	1	7	4	2	15	5	2	1	5	16	8	3	11	1	15	2	0	10	2	3	7	5	2	7	2	3	5	6	5	3	3	7	8	3	23	6	6	5	11	6	7	2	0	3	4	1	16	9	10	16	4	2	9	3	16	4	32	2	8	4	6	8	7	12	4	7	2	15	6	1	4	2	3	14	4	7	1	4	8	8	10	5	2	0	5	8	14	1	1	29	14	2	0	4	9	5	2	0	8	4	1	4	1	2	8	5	26	2	11	5	5	1	2	2	4	0	5	8	7	0	1	7	3	1	3	3	11	9	3	8	9	16	2	5	7	4	2	16	15	5	4	9	4	3	4	1	3	0	1	4	1	11	2	8	3	3	1	10	2	5	1	6	1	1	3	1	2	4	11	6	2	5	3	12	5	4	2	6	2	3	3	0	0	45	2	7	4	1	3	0	5	5	10	16	9	13	1	4	3	2	3	4	3	2	2	6	5	1	3	3	3	0	4	2	2	5	4	2	1	3	1	4	2	3	1	4	9	1	3	6	5	6	3	5	10	11	1	2	5	6	62	0	1	23	9	9	1	7	6	3	2	3	5	0	5	8	6	8	14	2	10	64	0	0	8	0	1	2	7	5	3	4	2	11	7	1	4	0	5	6	2	3	6	3	3	0	4	0	4	3	2	9	1	3	4	5	17	4	1	1	5	10	2	4	4	10	0	4	8	5	7	8	1	1	5	6	1	7	2	1	4	6	9	1	4	0	18	9	1	5	4	2	4	5	3	8	3	0	6	2	7	3	5	1	4	6	5	0	10	9	16	7	5	2	5	1	5	3	15	10	7	11	4	1	5	15	5	3	2	4	4	15	2	3	2	4	1	2	5	2	3	9	5	6	17	3	2	3	5	6	6	2	12	1	1	1	0	5	0
A[Del(T):R(5,7)]A	0	1	5	3	2	3	2	0	2	1	1	5	0	8	10	1	0	0	0	1	0	2	2	0	2	1	2	0	3	1	3	2	5	3	8	0	2	1	1	7	6	4	1	0	4	10	0	6	1	1	2	2	2	3	3	3	3	7	6	7	3	0	2	5	3	4	12	37	3	2	2	1	5	3	7	11	2	1	2	0	7	4	9	2	1	0	18	1	1	5	1	3	0	2	13	6	3	2	9	2	3	17	22	1	0	3	2	4	1	5	14	5	8	16	7	14	5	1	1	8	2	25	10	8	7	10	2	4	3	8	1	1	20	4	10	3	4	2	7	5	10	1	0	3	7	9	7	7	2	14	15	9	3	3	26	8	6	4	16	3	4	4	21	27	5	9	1	6	7	2	12	3	2	1	2	11	4	6	15	4	5	4	8	1	4	9	3	17	2	5	3	5	16	11	5	7	6	11	2	2	0	1	0	2	9	0	1	0	8	0	1	6	4	3	0	5	1	20	6	6	3	13	4	18	1	14	7	3	5	3	5	6	4	5	4	40	27	12	4	1	7	3	4	1	1	6	7	4	14	2	13	13	3	5	16	14	7	3	7	31	8	7	7	7	12	8	10	24	17	0	15	12	17	3	3	0	1	0	0	12	8	1	3	5	10	8	1	12	4	9	5	2	3	4	0	2	3	7	1286	3	1	1	1	10	5	6	4	6	3	10	9	0	8	20	4	5	3	3	4	7	8	8	4	21	10	4	2	6	11	539	6	2	3	0	4846	25	14	10	4	5	41	7	1	11	7	2	3	11	11	11	5	7	2	5	1	3	24	9	5	13	10	3	4	53	3	1	1	50	6	12	10	7	22	10	0	23	3	2	6	1	3	5	2	4	8	13	1	6	3	18	2	1	2	0	5	5	20	16	1	1	4	3	13	5	11	14	7	2	23	3	1	19	10	2	1	4615	4	3	5	6	1666	18	7	10	3	14	21	4	11	12	4	4	6	2	3	19	6	3	2	2	14	4	6	11	19	5	4	1	3	3	3	3	3	15	3	9	3	8	6	10	7	5	16	11	6	13	4	5	159	4	0	4	4	1	13	24	11	11	19	3	3	4	2	6	2	4	10	6	2	32	1	9	17	2	4	6	15	2	3	3	18	12	17	3	7	20	11	4	4	2	6	9	21	23	3	1	18	6	12	5843	23	3	3	5	11	1	5	4	5	2	4873	40	7	8	6	6	9	2	24	5	8	4	23	16	2	0	1	33	13	3	3	6	16	5	12	11	48	4	42	2	3	1	1	6	12	3	11	3	35	1	2	22	2	2	5	3	0	10	3	6	3	6	1	4	2	4	17	30	58	13	7	1	12	4	11	6	4	7	2	5	36	14	6	16	1	8	7	6	13	5	22	6	13	8	3	4	2	6	9	14	7	16	26	14	4	1	8	10	5	26	6	6	1	14	9	1	8	5	22	13	30	7	9	19	3	11	5	4	27	8	11	1	6	0	6	17	4	13	170	2	16	2	10	22	6	1	3	2	0	0	5	4	21	2	4	4	4	1	4	6	4	9	4	3	6	14	3	9	6	3	11	9	7	3	6	8	5	4	5	6	8	2	5	3	7	12	8	11	19	1	2	8	1	15	4	4	3	1	6	10	22	13	8	7	0	5	3	12	5	7	3	14	1	4	10	1	5	1642	4	5	32	5	1	8	11	0	23	12	7	34	2	10	4	2	9	13	4	1	4	2	25	11	4	2	3	8	3	12	1	19	12	1	2	11	2	5	6	0	6	6	31	2	12	17	2	7	12	11	12	15	4	7	8	2	1551	1	2	10	19	11	5	6	5	7	3	6	4	0	1	29	7	6	10	0	3	1977	4	1	9	4	3	0	1	6	3	9	1	5	3	4	5	3	6	11	6	8	17	6	5	14	5	4	15	3	2	23	3	4	5	14	25	22	4	4	10	7	11	18	4	5	1	3	10	13	26	10	1	5	5	4	9	10	5	3	3	13	9	17	8	3	25	14	1	3	7	14	29	10	2	18	2	7	10	5	9	10	20	7	9	2	24	3	16	10	6	10	8	7	20	1	25	4	13	11	8	15	3	1	7	8	10	2	2	12	17	12	4	10	13	4	3	1	9	1	1	6	4	7	12	3	13	8	9	5	5	6	18	2	1	3	4	27	1
A[Del(T):R(5,7)]C	1	0	2	0	0	1	1	1	0	1	1	0	0	5	9	2	0	2	1	0	2	1	0	1	1	1	2	3	2	0	1	1	2	0	2	2	1	2	2	2	6	3	3	4	4	5	1	1	0	1	2	2	2	0	0	3	2	3	7	4	0	1	0	2	0	1	5	22	4	4	1	0	3	1	3	6	1	1	2	1	4	2	8	6	0	2	9	0	0	4	7	3	1	4	6	3	4	0	14	6	2	12	5	5	1	5	5	2	2	1	12	3	2	21	5	13	2	0	2	9	0	21	7	3	13	12	1	5	6	3	2	1	8	2	8	0	4	2	7	3	5	3	2	3	7	5	4	4	0	9	11	4	2	2	15	6	1	0	16	2	7	1	8	10	4	5	2	1	6	0	0	3	0	1	1	5	4	2	3	1	1	3	3	2	3	3	1	9	3	2	3	2	9	1	2	3	5	10	2	3	0	1	1	2	5	2	0	1	5	4	0	1	0	2	2	4	2	14	1	5	6	3	2	4	0	5	4	2	5	3	4	4	3	0	7	31	20	8	2	2	1	0	3	0	0	4	2	1	5	3	3	9	2	1	13	7	5	5	1	19	2	5	9	5	8	8	3	15	13	1	7	6	10	0	5	1	1	1	2	7	7	0	2	2	11	2	3	6	3	6	1	3	2	4	3	1	1	4	683	0	3	2	2	2	2	4	7	5	5	7	6	3	5	8	4	2	2	5	6	8	4	6	2	13	4	4	1	4	14	235	3	2	5	0	5577	9	5	6	3	0	19	8	2	8	2	1	6	9	5	4	2	5	1	1	2	4	13	4	5	5	7	0	2	29	7	2	1	30	4	11	16	2	15	2	2	16	3	9	1	1	2	3	3	3	6	4	2	3	1	12	2	1	1	1	4	2	13	8	3	3	0	2	7	3	6	11	4	0	13	6	1	12	11	4	0	2573	6	2	9	5	709	10	4	12	1	10	8	1	9	5	4	2	5	0	2	14	5	2	2	3	1	2	3	5	11	4	2	2	1	2	3	1	2	8	3	11	4	3	5	7	4	2	9	3	3	8	1	8	65	2	0	4	3	2	12	12	2	6	12	3	2	4	1	3	3	4	4	3	0	14	2	11	12	3	2	3	5	2	2	3	7	4	13	5	5	16	8	7	1	3	1	6	16	9	1	0	16	5	4	8887	15	4	0	4	6	0	5	2	3	0	2703	23	7	6	6	2	6	0	10	3	15	3	14	5	0	2	2	20	4	1	6	3	8	6	4	8	15	4	28	0	1	3	3	7	3	3	14	3	11	5	2	26	1	3	1	2	2	11	0	3	3	7	2	0	3	6	20	24	29	4	3	0	10	5	5	1	0	4	5	2	31	9	3	11	5	5	10	7	9	3	14	2	9	6	2	3	4	3	5	5	6	10	17	8	3	3	4	3	8	26	1	3	1	6	3	2	5	4	16	20	19	2	4	13	0	9	5	4	21	6	10	3	6	3	4	7	7	7	61	1	14	2	2	19	2	4	5	0	7	0	4	2	14	2	4	4	0	3	4	3	4	4	0	3	6	10	4	14	11	1	8	6	4	1	4	5	4	1	4	5	4	1	6	2	5	13	8	6	3	1	1	4	4	7	6	10	2	0	2	8	18	12	5	1	2	2	0	11	7	3	4	13	3	1	6	0	1	658	2	8	15	6	1	4	2	2	14	11	7	19	0	4	3	2	8	4	2	3	7	4	12	4	1	1	2	2	0	2	1	12	3	2	1	4	5	2	3	0	3	2	17	2	4	3	0	3	12	7	4	6	0	8	9	2	585	1	0	7	15	5	4	5	7	13	1	0	4	0	2	22	6	8	2	2	8	870	1	2	6	4	1	1	7	6	1	16	1	3	2	0	6	2	6	9	1	0	10	7	5	6	2	2	11	0	0	8	0	4	2	7	22	12	2	2	11	3	13	7	8	3	2	2	4	12	13	3	2	2	3	9	4	8	6	6	2	2	7	10	4	5	17	4	3	0	4	8	10	9	7	13	1	0	2	3	5	2	13	6	5	3	26	7	19	4	3	7	3	4	21	0	9	4	8	10	7	6	0	5	6	4	2	2	2	6	16	7	2	10	1	2	2	0	4	2	4	3	3	4	8	2	6	5	0	1	3	5	11	2	2	1	0	10	2
A[Del(T):R(5,7)]G	0	0	5	1	0	1	0	0	2	0	0	0	0	2	11	2	1	0	0	0	0	2	1	0	1	0	0	2	1	0	0	0	1	2	6	0	1	1	0	4	5	2	2	0	6	3	1	2	0	0	1	1	1	0	0	1	3	2	7	1	1	0	2	2	0	1	2	16	2	1	0	0	6	3	2	6	2	0	0	3	4	8	11	2	0	0	4	1	0	3	4	3	3	2	3	1	6	1	6	0	2	10	7	3	4	7	1	1	2	5	12	1	6	5	5	6	3	2	0	5	1	18	9	8	7	12	0	1	3	3	3	0	15	4	6	0	1	3	3	4	5	3	0	2	8	6	4	3	0	5	7	2	2	2	12	2	2	3	12	3	7	0	8	7	3	6	2	6	9	1	6	5	4	0	1	6	4	5	13	5	3	0	7	1	4	3	1	3	1	3	2	1	7	6	2	9	5	13	1	4	1	1	1	0	7	1	1	1	2	0	2	2	0	1	1	4	2	14	2	11	0	3	1	10	0	2	0	4	3	4	4	3	6	4	3	22	17	1	2	6	2	0	2	4	1	2	2	3	5	5	8	8	0	2	11	5	2	4	8	8	3	5	8	2	7	8	8	9	11	2	11	9	13	4	1	4	1	3	2	7	7	1	0	2	7	20	7	5	2	3	2	5	2	3	2	2	4	3	792	0	2	0	2	1	1	1	3	6	7	9	0	2	6	12	4	0	1	3	8	0	4	2	0	12	11	2	3	2	8	393	8	0	6	1	3617	14	10	8	1	1	18	8	0	5	3	1	5	5	11	4	2	4	5	1	0	0	8	8	7	8	3	1	1	19	0	0	2	29	4	5	11	4	13	2	0	5	0	0	2	1	2	3	1	3	1	4	3	2	1	17	2	4	2	1	1	1	11	10	0	1	0	1	6	6	6	15	7	0	10	4	1	12	4	7	2	3615	6	1	8	5	1167	4	6	4	2	9	9	1	6	10	4	2	5	1	1	7	8	2	1	4	8	6	4	10	11	3	1	6	3	0	0	2	4	11	4	4	4	2	4	2	2	3	13	6	3	8	2	2	89	1	1	2	3	5	9	7	8	6	11	1	3	2	2	2	1	1	3	7	2	17	1	7	8	1	4	4	9	0	3	0	6	6	8	4	4	12	5	0	1	3	4	7	10	19	3	1	15	2	5	4341	14	6	0	0	5	0	6	0	6	2	3842	24	5	6	7	1	0	1	18	3	10	2	9	6	2	1	3	27	3	0	8	8	2	2	7	2	19	2	26	3	0	0	0	7	6	5	6	1	22	1	2	14	3	1	4	2	1	10	3	10	3	7	0	0	2	4	11	22	33	6	3	1	4	4	6	4	4	3	3	1	22	11	4	12	2	5	12	7	8	3	15	1	10	4	6	2	4	5	5	9	3	5	20	2	5	5	2	8	6	13	1	7	2	6	8	3	3	0	10	13	25	5	10	17	1	9	2	2	21	6	7	3	6	3	4	7	3	13	119	0	11	1	2	15	4	4	0	1	0	0	2	1	11	0	2	4	1	2	1	0	3	5	3	3	7	16	4	7	1	3	7	13	3	2	6	5	5	2	4	2	6	1	1	3	4	7	4	6	7	4	1	5	2	2	3	2	0	1	0	8	10	5	8	0	3	0	0	6	6	1	2	8	2	1	6	2	1	1043	2	3	11	4	1	2	4	3	10	16	9	17	2	5	3	1	8	8	5	1	1	0	10	3	5	3	1	1	2	5	5	14	2	1	0	8	8	3	2	0	0	5	23	4	5	7	1	3	3	3	6	6	0	2	15	2	819	1	1	11	10	8	3	4	8	5	1	1	2	2	1	15	10	10	5	0	9	1230	0	2	4	2	3	3	5	4	1	16	1	4	5	2	4	2	4	1	1	8	14	5	2	1	6	0	8	2	1	13	0	3	2	6	21	9	2	0	7	9	8	5	3	1	3	7	5	13	14	4	3	3	3	5	6	7	2	3	3	12	10	6	2	0	16	0	2	1	1	7	12	10	1	13	1	2	5	2	5	3	12	3	2	2	18	1	10	5	4	7	1	4	11	3	11	2	15	12	2	4	1	5	5	5	5	0	0	8	10	9	4	8	9	2	3	1	1	4	1	4	6	7	17	5	9	4	2	1	1	4	13	0	1	0	1	7	0
C[Del(T):R(5,7)]A	0	0	5	1	1	0	0	1	1	0	0	0	0	0	4	1	0	2	0	1	1	0	0	1	3	0	0	0	0	0	1	1	5	2	3	1	0	2	0	2	5	3	5	1	3	3	2	0	0	5	1	2	0	0	0	0	1	0	1	0	3	3	0	4	1	0	8	10	1	0	0	1	9	0	3	3	1	0	1	0	3	5	3	1	0	0	7	3	1	3	2	1	1	1	2	5	2	1	4	0	0	6	2	1	0	5	7	1	0	1	4	4	5	4	4	3	1	1	1	3	0	8	3	2	3	5	0	3	5	5	1	1	7	2	7	0	2	4	5	3	4	0	3	1	3	6	5	0	0	4	2	3	3	1	16	2	1	4	8	2	2	0	12	12	1	2	3	4	7	0	2	0	2	1	1	5	0	1	7	5	2	2	3	5	2	3	2	7	1	0	3	0	4	3	4	4	3	8	1	3	0	0	0	1	4	1	3	0	1	1	2	1	0	1	0	1	2	11	1	5	1	6	0	7	1	4	3	0	1	1	3	5	1	1	1	23	13	2	1	0	1	2	1	2	0	1	1	2	2	1	7	7	1	1	5	5	6	1	4	6	3	4	7	5	7	7	2	10	10	1	5	5	7	4	1	2	1	3	0	3	9	0	3	1	6	2	0	9	4	4	4	2	2	2	1	0	1	2	689	0	1	0	0	2	1	3	4	3	3	4	2	0	7	18	0	2	1	1	4	1	1	2	2	7	4	1	0	2	6	353	1	4	2	2	2575	5	4	4	3	0	16	1	0	3	3	0	4	4	9	6	3	4	1	1	1	2	5	4	5	7	8	0	3	19	2	0	0	20	6	5	6	1	11	4	1	8	4	3	1	0	1	0	3	1	1	5	1	3	4	8	3	1	2	2	1	3	11	9	3	1	0	1	9	5	3	17	5	3	11	3	2	9	12	3	0	2585	4	7	2	5	999	2	4	9	4	2	4	0	2	8	4	0	4	0	1	12	3	1	1	2	5	7	4	6	11	4	2	0	3	0	1	3	7	6	1	1	4	2	3	4	4	4	7	8	2	2	0	2	86	2	0	3	7	1	8	9	4	2	7	1	1	0	5	1	2	2	2	5	2	9	1	6	5	5	1	12	7	1	2	4	7	3	17	1	2	10	3	1	3	3	4	1	6	12	2	2	14	2	7	3249	13	1	1	1	4	1	2	1	1	3	2720	11	5	3	4	3	4	0	4	0	5	2	6	1	0	1	1	6	3	2	4	4	5	2	7	2	17	1	17	0	2	2	2	6	2	0	7	1	8	3	1	15	0	0	2	3	0	7	3	1	4	2	2	1	1	2	7	11	14	2	1	0	5	3	8	4	3	8	2	0	16	3	1	12	0	2	5	2	10	1	12	1	7	4	4	2	2	2	5	0	3	4	10	5	4	3	2	5	5	13	3	2	3	2	3	1	3	3	9	10	7	3	5	11	2	8	0	4	11	0	5	0	8	1	1	9	4	7	93	3	8	0	7	8	5	1	2	0	4	0	4	2	6	1	3	1	2	3	2	2	1	7	2	1	6	9	1	2	2	1	3	2	2	2	3	5	4	1	3	2	0	1	2	3	1	6	2	4	5	6	1	5	0	8	3	3	2	3	1	3	10	1	4	1	0	1	1	4	1	3	2	5	5	2	7	3	1	767	1	4	7	2	1	2	9	1	7	8	2	18	0	1	1	3	4	3	6	1	3	1	3	7	0	2	2	0	0	1	1	4	5	0	0	2	4	3	2	3	2	1	14	2	6	6	5	5	3	2	5	4	0	2	6	2	777	2	3	5	10	5	4	2	1	5	1	1	1	0	1	12	1	9	4	0	3	1045	4	0	5	1	0	4	4	4	1	9	4	2	4	2	8	4	4	3	3	6	9	3	1	3	3	2	5	3	0	11	0	0	1	3	10	8	0	0	4	4	1	8	4	3	4	0	3	4	6	2	3	2	3	4	2	3	4	1	2	8	6	11	2	0	20	1	3	2	3	5	12	7	2	9	2	0	6	2	6	1	6	3	3	7	11	0	7	8	2	3	1	2	14	2	12	3	7	6	5	5	1	1	0	2	3	0	2	2	10	6	2	3	5	1	1	1	5	3	0	3	3	4	9	1	2	4	0	5	3	2	10	1	0	2	1	6	1
C[Del(T):R(5,7)]C	2	2	4	0	0	0	0	0	0	0	0	1	1	5	10	2	1	0	0	0	0	2	1	0	1	0	0	1	1	0	2	0	0	1	3	1	2	3	1	2	0	1	0	0	3	4	0	0	2	0	1	0	0	0	0	0	0	0	6	4	3	0	0	1	0	2	1	13	0	3	1	1	3	0	4	1	0	1	1	0	5	5	3	1	0	3	3	1	0	1	1	0	1	1	3	0	1	1	6	4	3	7	3	0	0	4	2	0	0	0	3	5	3	4	4	3	1	1	0	2	0	12	2	5	6	3	2	3	0	0	0	1	9	1	5	0	1	3	3	0	4	1	1	0	7	6	1	4	2	3	5	0	0	1	6	0	2	4	8	2	3	1	14	10	0	2	0	3	3	0	3	1	3	2	5	6	0	2	5	1	4	3	7	1	1	0	1	4	0	0	4	0	3	5	3	0	2	4	0	0	0	0	1	0	2	1	1	0	1	2	1	0	2	1	0	0	1	4	3	6	0	1	0	4	1	5	8	0	2	3	3	0	0	3	2	19	15	3	2	1	4	0	0	0	0	1	3	3	1	2	2	9	7	1	5	9	3	2	5	10	1	1	8	1	3	4	0	8	7	0	5	3	5	3	1	1	0	0	0	1	6	1	3	2	3	7	2	4	0	3	4	4	3	3	2	1	1	3	768	1	3	0	1	2	0	2	5	4	6	9	1	0	6	2	1	3	1	1	4	1	4	0	0	7	3	3	1	3	8	241	1	3	3	0	7819	11	12	2	2	0	9	3	1	3	4	1	2	1	4	4	0	2	1	0	1	0	4	3	3	3	3	1	3	23	1	1	0	16	2	2	4	1	5	3	1	5	1	2	3	0	3	4	2	1	4	3	0	1	1	7	2	2	1	1	3	2	8	9	5	1	0	3	6	1	2	9	1	1	5	1	3	13	1	1	2	2269	2	4	4	3	851	1	1	6	0	4	4	0	2	3	0	0	6	1	2	4	2	2	3	2	8	3	4	1	8	2	4	6	8	2	1	3	2	0	0	4	3	6	1	3	1	4	2	0	1	7	1	3	60	1	1	2	1	4	3	7	2	2	10	2	1	5	0	3	0	2	3	3	2	11	0	3	7	1	0	6	8	2	0	3	7	5	11	0	1	7	5	2	1	0	2	8	5	10	2	0	5	3	1	13489	11	2	0	5	2	2	6	3	2	3	2469	11	5	2	4	2	3	1	10	0	10	1	10	1	3	0	0	11	3	1	2	0	5	2	3	12	12	1	11	2	2	0	3	9	4	0	5	0	6	0	2	18	1	3	4	0	1	4	1	0	1	2	1	0	3	2	4	19	19	3	6	1	5	0	6	0	1	4	5	2	19	1	2	4	1	3	1	1	5	3	13	2	0	2	1	2	3	10	4	1	5	1	13	4	1	1	2	1	2	8	3	3	2	4	4	1	0	0	12	7	10	3	3	13	4	3	3	1	17	2	2	3	3	2	3	6	2	3	60	0	7	3	3	4	3	1	0	1	1	0	2	3	4	0	0	5	1	3	1	2	6	7	0	3	3	15	1	2	1	2	5	5	5	1	3	4	0	0	0	2	1	2	2	2	1	3	3	4	4	1	1	6	0	4	1	2	1	2	2	3	8	4	9	3	1	3	0	6	1	4	3	7	1	1	6	2	0	665	1	4	5	1	2	0	5	5	4	11	3	6	3	4	2	1	3	6	4	1	1	3	13	5	1	0	2	3	1	3	1	4	1	1	0	4	3	0	1	1	3	5	7	1	3	3	0	4	6	1	4	5	1	2	6	0	598	0	1	7	8	4	2	5	1	2	2	1	2	0	1	13	9	2	1	2	5	833	4	0	8	0	1	0	3	3	2	4	0	2	6	0	3	0	2	5	5	3	5	3	2	5	4	2	5	1	2	10	2	2	1	4	9	8	0	0	3	3	4	5	5	3	2	2	4	5	11	4	0	4	3	5	1	5	1	1	2	5	6	3	1	0	8	6	1	0	3	3	6	5	2	12	3	0	5	0	4	1	5	3	5	1	3	1	6	3	7	7	1	1	11	0	4	2	5	6	2	0	2	2	3	6	2	3	0	2	10	4	0	2	3	1	1	0	2	1	2	0	3	6	8	3	1	2	5	5	2	2	4	2	1	3	1	6	0
C[Del(T):R(5,7)]G	1	1	3	0	0	1	0	0	1	0	1	0	0	1	3	2	0	0	1	1	0	0	0	0	1	0	0	1	0	2	0	0	2	1	3	0	0	0	0	7	0	0	0	1	9	4	1	2	0	0	1	1	0	0	0	0	0	0	2	1	1	2	0	1	1	1	2	7	1	3	0	0	1	0	2	4	3	0	0	0	3	5	8	1	0	1	5	1	0	0	4	2	0	1	2	3	3	1	3	0	0	6	2	0	0	4	0	0	1	1	4	3	0	4	10	11	3	1	1	2	0	8	1	3	5	7	0	2	3	4	1	0	3	2	6	0	4	0	7	3	5	0	1	1	3	4	2	2	0	7	8	2	2	1	9	1	1	1	5	1	4	1	8	9	1	2	0	6	3	1	2	0	1	2	1	6	1	1	2	3	2	0	1	0	2	0	1	1	2	0	2	0	0	8	1	3	1	4	0	1	0	2	1	2	3	0	2	0	1	0	0	1	2	0	1	1	0	11	2	4	0	2	1	3	1	1	2	1	0	0	4	3	1	1	1	18	9	5	4	2	4	2	0	0	0	1	3	3	3	1	7	10	3	2	3	5	4	3	3	8	1	0	5	2	8	4	1	7	5	1	3	5	10	1	0	2	0	1	0	5	5	1	3	3	6	2	3	4	0	2	1	2	1	2	1	0	0	0	592	1	3	0	1	2	0	5	3	0	3	5	3	1	3	9	0	1	1	3	0	1	0	1	2	5	5	0	1	2	7	347	2	2	3	0	2467	1	3	3	1	0	13	8	0	6	2	1	3	2	4	1	0	5	1	3	0	1	1	3	3	6	4	0	0	20	0	0	0	18	1	3	5	3	9	2	0	11	2	1	0	2	0	3	2	3	1	2	2	3	0	10	4	0	1	2	1	3	7	5	3	1	2	0	5	2	0	11	0	1	5	3	0	7	3	4	0	2371	0	1	2	2	945	4	7	2	0	11	5	1	2	5	0	3	9	0	0	5	2	2	0	0	8	7	2	2	2	6	0	2	2	0	4	0	0	3	0	1	5	4	2	3	1	3	6	1	5	4	1	3	61	1	2	3	1	1	3	12	2	5	9	1	2	2	0	3	2	2	3	3	0	12	0	7	2	2	0	6	6	0	2	2	4	0	8	1	1	4	6	1	1	1	3	9	2	14	1	1	14	1	3	3212	15	2	2	3	4	1	2	1	2	0	2514	14	0	2	3	3	4	1	7	1	8	1	4	2	1	0	0	11	0	1	4	3	5	4	4	3	17	0	16	2	1	0	0	7	1	0	5	1	8	0	3	11	0	1	0	5	1	6	1	3	0	2	0	0	0	4	7	17	10	1	4	2	3	3	5	2	2	5	3	4	15	3	1	11	0	2	1	0	6	1	13	0	3	2	2	0	4	2	4	4	1	2	7	2	1	1	0	2	3	15	1	1	1	3	2	0	1	0	13	8	11	0	3	12	3	3	2	5	11	4	6	0	10	3	3	6	1	3	73	2	7	0	1	10	0	1	0	1	3	1	0	3	8	0	2	5	2	2	0	2	1	4	0	1	3	15	0	2	2	1	2	7	3	1	0	2	0	3	2	2	3	0	1	2	1	2	1	3	6	0	1	6	1	1	2	5	0	0	0	1	2	3	4	2	1	1	0	4	3	2	1	8	0	0	5	1	0	725	0	1	4	2	0	1	4	2	6	8	1	12	1	3	0	0	1	3	3	0	0	1	10	6	1	2	2	2	0	3	0	8	1	1	2	3	2	2	1	1	1	5	8	1	7	1	3	1	3	1	2	4	1	1	5	2	653	0	0	8	9	2	2	2	3	1	3	0	5	0	0	9	1	2	1	0	3	924	1	0	5	1	1	0	0	0	0	7	1	1	0	1	1	0	2	1	0	1	7	5	2	5	0	3	1	1	0	9	1	3	0	3	8	7	0	1	4	2	4	3	4	2	0	2	3	4	8	3	0	0	2	0	3	0	1	4	2	6	1	5	2	0	19	5	1	2	0	5	5	10	3	5	0	0	2	1	1	5	9	3	0	1	5	0	5	1	1	2	4	0	10	0	5	2	5	2	4	1	1	2	4	3	0	1	1	6	7	2	0	1	5	0	2	1	2	0	2	0	5	5	7	5	3	2	2	2	4	4	6	0	0	1	0	3	0
G[Del(T):R(5,7)]A	2	1	2	1	1	0	0	0	0	0	0	2	0	4	5	2	2	0	1	0	0	0	0	1	1	1	1	4	1	1	1	2	2	2	3	1	3	1	0	2	1	2	2	0	5	2	0	0	0	0	1	1	0	0	0	0	1	0	4	2	2	0	0	1	1	0	3	5	2	1	0	0	4	2	0	8	0	1	1	0	0	4	7	3	0	0	2	2	1	3	1	1	1	0	2	4	1	0	8	0	1	7	4	2	0	4	2	1	1	2	5	4	1	7	3	3	4	2	1	5	0	10	2	5	2	7	3	2	3	1	0	2	11	4	7	1	1	1	4	1	1	0	2	2	6	6	2	2	0	1	8	1	0	1	8	0	0	2	3	1	3	1	8	10	1	2	1	4	5	1	1	2	1	0	1	3	1	0	5	1	2	1	11	2	1	0	0	5	1	4	1	3	2	3	0	1	0	7	1	1	2	0	0	2	1	0	1	0	1	1	2	0	0	0	2	2	2	7	0	2	1	3	0	5	0	3	2	0	2	3	0	2	2	3	0	14	3	2	1	2	0	0	1	0	0	2	3	1	6	3	6	5	1	1	9	5	3	1	3	8	2	1	2	0	2	0	0	5	1	1	5	0	3	1	1	0	0	0	0	3	4	0	0	1	4	1	5	2	0	1	4	1	4	2	0	3	0	2	612	1	0	0	1	0	3	0	3	0	3	4	0	0	6	6	2	2	0	1	2	1	2	1	0	4	2	1	1	2	6	137	1	2	1	1	8392	14	10	0	2	1	6	2	1	5	7	0	4	4	5	6	2	1	3	2	3	3	3	3	1	4	2	0	3	15	1	0	1	14	1	1	6	3	4	1	0	4	1	1	4	0	4	3	0	2	2	4	2	0	1	4	0	2	0	2	0	2	2	2	1	1	0	3	4	1	3	5	2	0	9	1	1	7	2	1	0	1657	2	5	1	1	571	1	4	12	1	3	3	2	6	5	1	2	2	1	1	5	4	1	2	0	7	1	1	5	3	4	2	3	3	0	3	4	0	1	0	6	3	4	4	8	4	3	5	4	2	6	1	0	38	0	1	1	3	0	5	4	2	2	9	0	2	4	1	1	0	2	4	2	1	13	0	8	4	1	2	2	3	0	1	2	6	2	8	3	0	4	2	1	4	0	2	1	2	13	1	1	9	1	1	11927	8	3	0	2	3	0	2	1	2	0	1767	8	5	4	7	3	3	1	5	1	4	1	2	1	1	2	0	11	2	0	0	4	3	3	2	3	3	1	10	2	3	0	1	3	1	1	4	2	14	0	4	12	1	2	4	3	1	3	2	5	5	4	2	0	1	2	12	11	12	2	3	2	7	4	4	0	1	7	2	0	16	3	0	8	2	2	0	1	3	2	12	2	1	4	5	1	2	0	4	4	1	5	9	2	2	0	2	2	6	18	1	4	4	8	3	2	4	1	8	8	10	0	2	10	3	0	3	2	7	7	4	0	3	1	1	0	2	2	32	3	6	2	3	7	1	1	0	0	1	0	2	1	4	0	2	2	0	2	1	2	2	4	1	0	6	4	0	2	5	1	4	4	2	1	0	7	2	4	3	2	4	1	1	0	0	1	5	3	2	0	1	4	3	1	2	2	0	1	2	3	5	7	0	1	0	1	0	2	2	2	1	2	3	0	5	1	0	475	2	3	7	1	1	6	3	0	4	8	3	7	2	5	2	1	7	3	2	1	0	0	3	3	1	0	0	4	0	3	0	5	5	1	0	3	2	1	0	0	1	1	5	0	7	7	1	2	3	1	3	4	2	1	3	0	440	2	2	12	6	5	1	4	2	5	3	1	1	0	1	7	3	2	1	0	2	605	2	1	3	2	3	2	1	1	2	7	0	2	2	1	3	1	3	2	0	3	5	1	3	2	4	3	1	0	0	7	0	4	1	0	3	6	1	0	2	4	4	4	4	3	1	2	6	2	7	0	2	0	1	1	2	3	1	2	1	3	5	1	0	0	11	0	1	0	2	1	4	8	2	8	4	1	3	1	3	1	1	2	2	1	7	0	7	5	6	4	2	1	9	0	5	1	3	6	4	3	1	4	3	6	2	0	2	2	9	3	1	6	3	0	0	0	2	1	1	2	3	6	5	2	4	0	4	2	1	1	9	1	1	3	1	4	1
G[Del(T):R(5,7)]C	1	0	4	0	0	3	0	0	0	0	0	1	0	0	4	0	0	1	0	1	0	0	0	0	3	0	0	1	1	0	0	1	0	2	4	1	0	0	3	1	4	0	0	1	2	5	0	0	0	1	0	0	2	1	0	1	0	1	3	2	0	0	0	1	1	2	2	6	0	0	0	2	2	1	1	1	3	1	1	0	1	1	1	1	0	0	3	0	0	4	2	2	0	0	3	2	4	1	5	0	2	7	0	1	3	2	1	0	2	1	7	4	0	3	4	2	0	1	1	9	0	14	3	8	2	5	1	2	3	1	0	0	2	1	3	1	0	0	1	0	4	0	0	1	8	3	0	1	0	4	2	2	1	0	6	5	5	0	5	0	1	1	6	6	1	0	0	2	1	0	2	0	0	0	2	2	0	0	3	1	3	0	4	3	1	2	0	5	0	4	2	1	1	1	1	5	5	8	0	1	0	1	0	0	2	0	0	1	2	0	0	1	0	2	1	3	0	2	1	1	1	3	1	0	0	3	0	1	1	0	1	1	0	1	0	11	7	1	2	1	3	1	1	0	0	1	0	0	4	2	5	6	0	2	2	5	7	1	3	5	2	0	3	0	4	3	2	9	3	0	2	1	9	2	0	1	1	1	0	3	2	1	1	2	4	1	1	4	0	2	2	3	0	1	3	0	0	2	447	0	2	0	0	1	0	4	2	1	0	2	1	0	3	5	1	2	1	2	3	1	1	2	2	1	2	0	1	1	9	132	2	1	3	1	5683	3	4	3	0	1	5	3	1	5	3	3	1	2	8	1	0	5	1	1	0	0	4	2	1	1	2	0	1	13	1	0	1	15	0	4	5	0	7	1	0	3	0	0	2	1	1	0	1	5	0	3	1	3	0	8	1	1	0	1	2	0	9	7	4	2	1	0	6	0	0	6	4	0	7	1	0	6	4	4	0	1467	2	2	3	2	422	1	2	4	0	2	3	1	2	5	0	0	3	1	0	2	4	1	1	1	7	2	2	2	8	3	0	2	4	1	3	2	2	5	0	0	0	2	2	1	1	2	4	2	3	2	0	1	32	2	2	1	0	1	2	4	2	1	6	1	1	3	1	2	1	1	2	5	2	4	1	2	6	2	6	4	0	0	2	0	2	2	7	3	1	4	4	1	1	0	2	4	7	12	1	0	4	1	2	8480	7	5	0	2	1	0	4	3	3	0	1571	14	3	4	4	4	1	1	6	0	4	1	2	4	1	0	1	11	3	2	0	2	1	0	4	4	5	1	11	0	1	1	1	2	3	2	8	0	11	0	3	7	0	0	3	2	1	2	2	2	5	4	1	2	1	0	6	3	23	1	2	0	4	3	2	1	2	1	2	3	13	2	0	4	2	0	6	0	7	0	11	1	5	2	0	1	3	2	2	2	2	5	4	5	3	4	1	2	1	12	1	7	2	3	2	1	0	2	3	3	11	1	5	10	0	1	1	5	8	3	3	0	4	1	2	1	5	3	29	3	5	2	0	8	0	2	2	1	1	0	4	3	7	0	1	3	2	0	0	1	1	1	1	3	2	9	1	2	3	0	4	5	2	7	1	1	1	0	0	1	2	3	0	1	2	5	0	1	4	2	0	2	0	5	2	3	0	1	1	3	4	3	3	2	0	2	1	1	3	1	3	1	1	3	1	2	0	375	1	1	4	0	0	1	4	2	2	2	0	5	0	3	0	2	2	4	1	1	0	1	4	0	7	2	2	2	1	2	0	2	2	3	0	0	4	0	0	0	2	0	6	2	0	1	0	2	6	1	2	3	0	2	5	1	342	0	1	4	6	6	0	2	3	4	1	0	2	0	2	9	2	3	3	1	2	447	3	0	4	2	1	0	0	0	2	4	1	3	1	2	3	1	1	1	0	4	3	1	2	1	3	1	5	0	3	14	1	3	0	2	5	5	1	0	2	5	2	0	3	4	0	0	4	3	5	3	3	2	2	4	1	5	0	1	3	1	3	0	2	1	7	2	1	0	0	2	4	2	0	3	0	0	4	1	5	2	4	1	2	1	3	1	5	3	3	3	1	2	16	0	8	3	4	3	4	7	2	3	3	2	1	0	1	0	3	2	2	5	4	2	1	0	2	1	1	0	1	3	6	3	1	4	6	2	2	1	2	0	1	2	0	5	0
G[Del(T):R(5,7)]G	0	0	4	0	1	1	1	1	2	0	0	0	0	0	2	3	1	0	0	0	0	1	0	3	0	1	0	0	3	0	0	1	0	2	6	1	1	1	0	2	1	0	1	1	5	1	0	1	1	1	0	0	0	0	0	0	2	2	5	1	2	0	0	1	1	3	4	9	0	1	0	0	3	1	4	5	1	1	0	1	1	10	6	3	0	2	3	0	0	6	2	0	1	2	1	2	3	0	5	2	1	3	4	1	1	4	1	1	2	4	4	1	1	8	11	5	2	0	0	3	1	10	6	4	2	7	1	2	1	0	0	0	3	3	4	0	0	0	3	1	1	1	0	3	5	4	3	3	0	4	2	2	2	2	2	4	0	2	7	2	2	0	8	4	2	3	1	2	3	1	1	6	3	3	1	2	3	6	7	0	2	2	3	0	0	0	2	2	0	2	2	1	2	6	1	2	4	6	0	0	0	1	0	0	0	1	0	0	0	1	0	1	0	1	0	1	5	1	4	7	0	5	2	2	0	3	5	0	2	1	0	1	4	0	2	11	7	3	0	2	2	1	1	0	1	1	2	1	3	1	1	3	1	1	3	9	6	0	1	8	1	1	4	2	5	4	1	6	3	0	4	1	2	1	1	2	0	1	0	3	7	0	1	1	4	0	3	4	0	3	2	1	7	3	0	2	2	2	459	0	1	3	0	2	0	6	3	0	0	2	2	0	7	4	2	0	1	1	3	1	6	4	1	4	6	0	2	0	11	151	4	1	1	2	5936	7	9	2	0	2	9	5	0	4	2	1	5	3	11	4	0	5	0	2	2	1	4	5	1	2	1	0	2	15	0	0	1	13	1	1	8	2	7	3	0	9	1	0	3	1	2	3	1	2	1	9	0	5	1	5	1	1	1	4	0	1	4	3	0	0	0	1	4	1	2	7	4	0	6	4	0	5	5	3	3	1580	1	1	1	1	521	3	8	4	0	1	6	0	5	4	0	0	3	0	0	4	4	1	2	2	11	0	5	3	11	2	1	3	2	0	1	3	0	8	1	4	0	3	1	1	2	2	1	3	4	1	2	3	41	1	0	1	0	0	5	6	3	2	7	2	1	2	0	4	1	0	3	3	0	9	1	4	2	5	0	3	2	2	1	1	4	5	9	0	3	4	3	0	0	2	4	2	5	7	2	2	4	2	2	8625	11	1	1	1	0	1	2	3	7	0	1699	8	4	3	5	3	1	0	7	1	6	3	4	3	1	1	2	8	1	1	2	0	4	3	3	1	7	3	11	1	1	3	0	3	1	0	5	1	13	2	0	5	1	2	1	1	2	3	1	1	3	2	0	2	3	4	6	4	11	1	1	2	3	1	1	1	1	1	2	2	9	4	2	3	0	0	3	4	3	2	12	3	7	0	4	1	3	2	2	6	2	2	11	3	2	0	3	4	2	11	5	4	4	2	4	2	4	0	4	6	8	2	4	11	1	2	1	3	9	1	1	2	8	3	1	2	0	2	38	0	15	1	4	8	2	1	3	1	0	0	1	1	5	1	3	3	1	1	1	2	2	1	1	0	4	6	1	3	4	1	4	5	1	1	2	6	0	3	2	3	2	1	3	2	0	3	4	1	4	0	1	6	1	7	1	4	0	2	2	5	7	4	6	2	2	0	1	5	1	3	4	1	1	1	2	2	0	431	1	2	6	1	1	2	5	1	8	14	0	9	2	2	0	0	4	5	2	2	0	1	6	6	2	1	0	3	2	4	3	5	4	1	0	3	1	2	0	2	0	2	4	0	3	7	0	8	5	2	2	1	1	5	7	1	360	1	3	12	3	6	4	0	2	4	2	0	0	0	2	6	2	3	0	1	2	491	1	1	6	0	1	1	4	1	4	2	1	4	5	0	5	0	3	2	2	3	6	0	1	2	1	1	4	1	1	5	0	1	2	1	8	5	1	0	6	2	6	5	2	3	1	3	3	4	9	1	0	1	4	1	2	2	4	0	1	5	7	3	0	1	8	4	1	0	2	1	3	5	1	7	1	2	3	0	3	1	4	1	2	1	5	2	9	2	1	4	2	2	9	0	4	1	5	10	5	1	1	1	4	4	0	0	0	2	8	4	0	7	1	1	0	2	3	0	1	1	1	5	4	0	0	3	1	2	3	5	5	1	2	2	2	3	1
A[Del(T):R(8,)]A	0	0	2	0	1	1	2	2	2	1	0	1	0	1	12	0	0	0	1	0	1	2	0	3	1	0	0	0	5	2	2	0	0	2	1	1	0	2	2	2	0	1	0	1	2	1	1	3	1	0	0	1	2	0	1	1	1	3	6	2	3	2	2	1	0	1	2	28	0	1	1	1	5	1	1	1	0	1	1	1	1	3	3	4	1	2	8	3	1	1	2	4	0	3	3	5	1	0	9	4	1	8	7	0	1	5	3	2	2	0	5	6	1	19	3	3	1	1	0	10	0	13	3	2	12	3	3	4	4	6	0	0	7	1	6	0	1	2	7	2	13	0	1	4	3	6	1	4	1	4	5	11	3	0	23	0	2	1	12	1	0	1	10	28	0	4	4	2	3	2	7	2	1	1	1	15	6	4	0	4	3	2	10	3	2	7	1	14	4	2	5	1	4	4	6	6	1	7	0	0	0	0	0	0	1	0	1	0	6	1	3	1	1	1	1	3	4	16	4	11	1	15	6	8	3	15	10	6	2	6	3	4	5	1	1	64	65	6	1	3	3	2	3	1	1	4	8	2	5	4	17	19	1	2	10	31	13	2	5	38	4	1	16	9	8	6	4	36	9	2	17	25	25	8	0	3	2	0	4	18	7	0	3	11	16	6	8	18	3	13	4	4	3	3	0	0	4	10	2930	4	4	1	0	18	2	23	8	2	5	10	6	1	5	25	5	3	1	6	2	10	3	5	3	38	9	0	6	7	16	1052	5	2	12	0	8409	15	7	12	0	2	84	8	1	16	8	1	6	14	10	5	0	2	4	0	5	5	46	5	16	8	10	2	2	64	3	1	4	66	7	23	13	4	31	9	0	31	2	4	4	3	1	3	4	6	3	5	1	6	3	23	9	3	3	0	12	3	25	1	3	4	2	4	16	4	12	9	4	3	30	6	0	14	18	7	5	6876	9	6	26	5	3426	21	6	36	2	17	21	1	4	5	4	3	19	3	4	31	12	0	1	6	17	1	10	20	3	11	4	3	5	0	3	8	7	7	1	16	3	3	13	12	6	4	17	18	6	19	4	2	354	6	1	10	6	3	7	30	10	15	27	5	4	4	7	9	1	3	12	3	3	20	0	29	12	10	1	0	15	0	5	2	9	15	20	4	12	45	8	3	4	1	5	5	24	18	2	3	23	4	15	10150	23	7	1	7	13	1	17	9	7	4	7655	55	6	4	7	3	10	3	39	6	12	7	41	12	0	3	4	42	12	1	5	2	10	1	21	28	85	6	94	1	2	3	2	3	1	3	19	9	22	7	3	40	3	4	2	7	0	27	2	12	2	5	1	2	3	8	20	50	81	6	6	0	23	4	21	3	4	12	1	4	62	16	4	20	4	14	15	6	13	4	24	2	7	11	1	2	0	16	11	4	8	25	30	20	7	5	11	6	15	31	5	14	9	6	9	6	14	2	47	12	35	6	3	20	9	15	8	4	31	7	17	2	4	5	4	13	11	13	361	5	7	1	3	39	3	4	7	2	1	3	6	1	29	1	8	1	0	1	4	2	1	1	10	3	5	4	4	8	9	3	14	10	7	1	8	5	2	3	4	11	8	2	3	3	6	26	19	5	18	6	3	8	1	10	2	8	1	6	8	9	29	7	14	2	0	1	3	9	4	8	7	27	3	4	17	5	1	3283	2	8	25	4	4	9	8	6	36	27	2	24	4	5	2	6	8	6	8	6	9	0	28	11	8	3	5	7	1	10	7	24	3	6	1	5	8	1	2	1	2	5	54	3	35	13	1	10	18	12	16	3	1	5	19	1	3497	1	8	10	19	8	4	18	2	8	6	2	7	1	2	36	8	22	5	2	2	3283	8	4	10	4	5	3	2	4	1	12	2	5	3	3	6	1	4	5	0	8	12	6	4	15	7	5	23	4	2	21	2	4	0	17	19	31	1	6	21	6	26	21	8	4	0	0	8	22	29	3	2	3	9	9	18	17	12	5	4	11	6	13	10	3	27	8	2	1	11	17	29	28	3	42	2	1	19	1	5	3	24	11	15	5	50	4	16	11	4	20	11	7	28	1	22	3	14	7	16	10	1	7	4	12	11	3	1	4	38	8	1	17	20	1	5	1	9	4	0	6	2	14	17	4	9	7	7	3	5	10	10	0	3	5	0	24	1
A[Del(T):R(8,)]C	1	0	2	1	1	0	2	0	0	0	0	0	1	1	9	0	0	0	1	1	1	0	1	1	1	0	2	1	4	3	1	0	0	1	2	0	0	1	0	1	0	1	0	0	0	1	0	3	0	1	1	0	1	3	0	0	2	1	6	1	2	0	1	1	0	1	2	33	2	0	1	1	2	0	2	5	2	2	1	0	1	3	1	3	1	0	10	2	2	1	5	3	3	1	9	5	2	2	10	1	0	6	1	1	1	1	1	1	0	2	5	5	3	15	2	6	2	1	0	9	1	16	4	2	6	2	1	4	2	6	0	0	7	1	12	1	0	1	6	1	5	1	0	6	2	1	4	5	1	5	4	8	3	0	21	1	2	0	8	1	0	0	15	15	1	6	1	0	2	1	1	0	0	1	2	4	3	4	2	1	3	0	8	6	2	2	0	6	0	0	2	2	6	0	4	2	1	10	1	2	0	0	0	0	5	1	0	0	2	2	0	1	0	1	0	4	2	19	3	4	2	9	0	4	0	7	9	2	3	1	5	3	3	2	4	50	39	8	4	2	6	3	3	1	0	5	4	1	2	3	13	21	4	4	13	9	11	5	3	43	0	0	7	6	6	15	3	34	20	1	9	17	21	4	7	0	0	3	1	15	2	0	1	14	9	0	4	21	2	20	2	10	4	1	0	1	1	8	1897	4	3	1	2	6	0	1	0	7	1	15	4	0	8	18	2	4	4	3	2	7	5	1	2	33	4	3	2	2	13	682	4	5	9	3	11350	7	6	12	1	3	36	6	3	21	12	2	5	9	8	10	4	9	2	0	3	1	28	3	7	9	11	1	2	48	3	1	2	68	2	17	6	3	19	3	0	15	4	2	5	0	0	1	1	6	4	3	0	0	1	18	4	3	3	4	3	9	31	2	2	4	2	7	7	2	10	8	3	2	22	4	3	16	8	9	4	5352	8	3	17	8	1941	15	4	13	1	11	11	0	2	4	4	4	11	1	1	20	6	1	0	2	9	3	9	4	4	2	2	5	9	3	7	5	1	9	0	12	4	7	14	9	10	6	12	21	6	8	1	2	187	3	0	4	5	1	9	19	7	18	21	3	2	1	3	4	2	4	8	10	3	25	2	19	11	2	2	1	10	1	6	5	18	11	15	3	8	24	7	3	1	3	1	8	16	10	2	2	25	6	8	16074	11	4	1	3	4	0	7	4	9	4	5799	41	4	2	3	4	9	4	32	3	12	7	16	7	0	3	2	37	6	1	6	3	13	7	15	16	59	4	43	2	3	6	2	3	2	1	18	4	19	1	1	44	1	3	6	4	2	6	4	4	7	7	4	3	1	9	15	52	54	7	5	1	14	2	9	6	8	11	1	4	70	14	3	14	3	7	10	9	8	3	32	2	6	8	1	3	0	6	12	5	7	11	22	10	4	10	5	2	7	40	4	5	5	2	3	2	12	3	22	14	32	7	11	26	3	22	6	5	39	9	15	0	1	2	3	23	6	19	171	3	8	1	3	36	5	6	1	0	7	0	11	2	22	1	2	2	2	2	3	3	6	4	4	3	7	6	1	5	3	3	7	4	8	3	13	3	1	1	3	8	4	0	3	3	8	13	18	2	17	2	2	8	0	7	2	4	0	3	4	9	19	10	3	3	0	0	1	14	4	7	8	19	5	1	15	4	0	1770	2	4	21	7	4	10	7	7	16	17	2	20	1	7	1	4	5	5	11	3	5	1	37	10	5	0	4	13	3	9	1	32	5	3	0	10	2	4	2	2	1	6	39	2	20	16	1	8	17	8	16	6	2	3	22	4	1672	2	3	5	24	6	4	15	3	11	5	2	2	0	2	38	6	16	4	1	3	1859	4	2	8	3	4	5	5	6	5	12	1	0	4	2	4	0	10	6	7	5	21	5	0	12	5	0	15	4	2	28	1	4	3	12	13	27	0	4	7	7	12	7	8	1	1	2	4	21	26	5	3	4	4	6	16	15	5	5	4	7	4	16	8	2	17	7	0	3	7	8	21	23	6	30	2	1	11	2	18	10	19	8	12	6	36	0	10	12	3	9	1	6	41	1	17	1	13	4	10	11	4	5	1	8	8	1	2	4	21	7	6	12	12	0	3	0	4	2	2	1	0	6	21	3	14	6	6	0	1	4	9	2	3	5	3	20	0
A[Del(T):R(8,)]G	0	0	0	0	0	0	0	1	0	0	1	0	0	0	9	0	1	0	1	0	0	0	0	1	0	1	0	1	1	0	2	0	0	0	0	2	0	1	1	0	0	0	1	0	4	0	0	0	0	0	2	0	0	1	0	1	1	0	2	1	0	3	0	0	0	0	3	18	2	1	0	2	1	0	1	2	0	0	0	0	1	1	3	1	0	2	8	0	0	0	4	2	0	1	0	2	1	0	1	2	1	1	6	0	0	3	0	0	0	0	7	2	0	5	0	3	2	0	1	8	0	8	1	1	7	5	1	3	1	4	1	0	0	0	6	0	0	2	3	1	4	0	1	4	0	1	0	1	1	1	2	3	0	0	15	2	0	3	3	1	0	0	8	13	2	3	0	0	7	0	0	1	1	1	1	11	2	4	0	3	1	0	5	5	0	2	0	4	1	2	0	4	3	3	5	3	1	7	1	0	0	0	0	1	1	0	0	1	1	0	1	0	0	0	0	0	2	12	3	5	2	9	1	5	1	4	2	3	2	2	4	4	1	2	4	45	24	5	5	2	1	3	3	0	0	1	3	3	4	2	13	13	1	0	6	15	7	0	2	14	2	1	7	2	4	5	5	20	16	1	3	11	8	2	3	2	0	1	0	11	4	0	3	9	6	0	3	8	1	9	0	4	0	2	1	3	0	4	1589	0	0	1	0	2	2	3	2	5	3	4	5	0	8	16	1	2	2	7	4	4	1	1	1	14	1	0	0	5	3	743	1	3	3	0	5154	5	1	5	1	0	31	2	0	8	6	3	1	2	3	4	0	3	3	2	1	2	14	1	6	4	6	1	1	42	1	0	0	30	6	5	4	6	7	2	0	11	2	0	4	0	1	1	3	2	1	7	0	2	0	11	6	4	0	3	5	1	12	3	1	0	2	2	3	0	4	4	3	1	16	2	0	16	7	5	1	4755	6	1	7	5	2313	8	2	14	3	11	5	1	3	2	1	1	5	3	3	16	5	1	0	5	3	5	1	4	3	2	4	1	5	2	3	5	4	7	1	6	1	1	5	4	5	4	10	6	3	8	1	2	195	4	0	2	3	5	2	13	8	11	12	2	1	1	1	3	3	1	2	6	1	6	0	14	12	2	1	2	7	1	4	3	9	1	12	0	1	16	5	0	0	1	0	5	11	5	3	0	16	1	12	6617	15	6	0	6	8	0	4	1	3	2	5355	25	4	1	2	4	1	2	25	3	10	5	9	4	0	0	2	22	1	0	7	2	7	0	9	6	36	2	36	0	2	3	0	3	1	0	18	0	9	0	3	11	2	4	0	3	0	6	2	6	6	3	2	0	1	1	16	29	30	5	3	1	9	0	11	3	3	5	1	2	34	15	2	15	0	6	10	6	12	1	15	1	7	2	0	2	0	7	8	3	9	11	22	6	5	1	7	2	10	15	1	6	3	5	3	1	6	1	21	8	21	5	6	11	5	9	0	3	17	5	7	2	1	1	1	10	4	16	206	0	3	1	0	22	3	5	2	1	4	0	4	2	13	0	3	1	1	2	2	3	3	1	1	1	4	2	3	3	2	2	6	1	3	1	4	2	1	2	3	4	6	1	4	0	1	21	4	4	12	4	1	5	2	13	1	6	0	1	2	8	10	3	7	6	0	1	0	6	3	5	3	14	6	2	10	1	1	1983	2	5	10	2	1	2	7	5	18	6	0	34	0	4	1	2	2	1	6	3	1	0	21	10	4	1	4	5	0	1	3	24	3	2	2	1	1	2	1	1	1	3	13	2	14	10	0	5	5	2	6	3	3	3	15	1	1876	0	4	6	15	5	4	3	3	5	1	1	8	0	2	17	0	8	2	1	3	2002	1	0	3	4	1	5	5	0	1	6	3	3	2	0	3	1	4	4	8	11	10	7	2	5	4	0	10	1	0	16	2	2	0	3	5	8	0	0	3	1	6	7	4	2	1	0	3	8	14	3	0	1	2	3	10	6	4	1	3	4	5	2	4	1	15	5	1	0	6	5	20	11	3	13	0	0	5	0	6	3	12	2	7	3	17	0	9	7	3	12	3	2	12	0	10	1	8	5	1	7	4	7	5	6	4	2	0	1	17	6	2	4	12	2	1	0	1	2	0	0	0	4	9	2	2	2	4	2	3	8	7	0	2	0	0	7	0
C[Del(T):R(8,)]A	0	1	2	0	1	1	1	0	0	0	0	0	0	0	10	1	0	0	1	0	0	0	0	0	2	1	2	1	0	1	1	1	0	0	0	0	0	0	2	5	3	0	0	1	1	2	1	1	0	0	0	0	0	1	0	0	1	1	0	0	1	0	0	1	0	0	0	28	0	2	0	0	0	1	0	4	0	0	0	0	2	0	3	0	0	0	6	0	0	1	1	6	0	2	2	2	0	1	5	0	0	6	3	0	1	2	1	2	0	1	3	3	0	14	1	2	1	0	0	6	0	16	1	1	3	0	0	4	3	0	1	0	1	0	3	0	0	0	2	2	7	1	0	3	2	3	1	2	0	3	4	3	0	1	17	0	0	1	6	2	0	1	15	10	2	0	1	1	1	0	4	1	0	1	1	6	1	0	0	3	1	1	4	2	0	2	0	4	0	0	0	1	2	1	3	2	1	4	1	0	1	0	1	1	2	0	0	0	2	2	0	1	0	1	0	2	2	9	4	4	1	10	2	6	1	10	3	5	5	2	3	5	7	0	2	28	30	9	3	4	4	2	0	1	1	0	8	2	7	0	6	15	3	4	13	13	11	0	2	21	4	1	7	5	6	9	3	18	14	0	4	5	10	3	2	2	0	1	1	7	8	0	1	5	10	1	5	12	1	10	4	5	3	6	2	0	2	5	2028	4	2	0	0	4	2	5	3	0	5	11	3	1	2	15	4	1	0	4	1	5	3	1	2	16	4	1	4	5	6	866	4	4	6	0	5777	9	4	7	2	0	43	8	0	10	3	2	4	4	6	7	3	5	1	1	1	2	11	5	4	3	6	4	2	42	2	1	1	49	3	11	4	4	16	2	0	7	4	2	2	2	2	0	1	3	3	3	1	1	1	14	5	3	0	1	7	2	17	1	2	4	0	1	5	1	7	9	3	3	21	5	1	15	8	7	0	6050	7	4	2	3	2661	8	3	11	2	9	9	0	5	1	1	1	9	1	1	12	9	1	2	2	5	5	3	8	4	3	0	1	2	0	2	2	3	1	1	3	2	3	4	7	7	6	11	9	2	6	1	2	248	6	2	8	3	5	4	16	1	9	12	1	2	1	3	2	4	6	8	6	3	9	0	7	5	6	5	1	8	2	4	4	10	10	9	1	3	11	7	2	2	2	2	7	13	6	2	0	15	6	16	7353	14	3	3	3	5	0	7	3	3	2	6604	23	5	2	2	5	1	2	20	3	10	3	14	7	2	1	3	13	5	2	5	3	3	2	19	11	30	4	40	2	3	1	2	1	0	1	11	2	7	1	1	15	0	1	1	3	0	8	1	14	4	4	1	2	1	3	7	33	33	2	6	0	8	1	18	5	3	9	2	2	44	14	2	8	0	7	13	1	12	3	9	0	1	7	2	4	0	4	9	5	4	7	20	8	2	3	9	4	7	22	1	12	2	6	3	3	7	2	18	7	10	7	7	7	4	9	5	3	16	7	4	2	0	3	0	8	2	8	229	0	3	2	2	17	3	4	4	2	6	0	13	0	24	1	3	1	1	0	1	4	3	6	7	1	5	2	5	3	3	1	16	2	5	2	7	1	2	3	5	4	10	2	5	0	5	13	2	2	8	5	4	9	1	3	2	1	0	3	1	6	7	7	6	2	3	0	0	5	1	1	4	15	5	0	10	5	1	2284	4	5	11	5	2	7	5	3	13	7	2	18	0	5	2	1	4	0	8	2	3	3	25	13	3	2	5	6	0	4	0	15	3	1	0	1	2	1	0	1	2	3	23	1	18	6	0	10	2	3	6	6	0	4	11	0	2419	0	4	12	24	1	6	3	3	8	2	1	3	1	1	18	3	16	0	0	6	2656	2	3	7	4	6	1	3	3	2	5	0	1	3	2	3	0	4	6	8	6	14	8	2	8	4	2	9	2	4	15	2	3	2	11	8	11	0	2	9	4	5	10	9	3	0	0	5	9	20	1	1	1	4	2	4	6	8	3	3	3	4	5	11	0	14	2	0	0	5	7	20	20	8	18	3	1	3	2	5	4	16	14	7	3	27	2	8	11	1	7	4	4	23	3	20	1	11	5	1	4	1	6	2	9	2	0	1	2	24	5	0	8	7	0	0	0	7	0	0	3	1	3	14	5	5	6	7	4	1	7	7	0	1	3	1	9	0
C[Del(T):R(8,)]C	0	0	0	0	1	1	0	0	0	0	2	0	0	0	5	0	0	1	0	0	0	0	0	0	0	0	1	0	1	2	0	2	1	1	0	0	1	0	0	1	0	1	0	1	2	2	0	3	1	1	0	0	0	0	0	1	1	1	2	1	1	0	0	2	0	1	3	17	1	1	0	0	2	0	1	1	0	1	0	0	3	1	0	2	0	1	3	0	0	0	1	1	0	1	3	3	1	0	6	2	0	4	3	0	0	1	2	0	1	1	3	2	1	7	0	2	0	0	0	7	0	17	4	2	9	1	1	3	1	7	0	0	3	2	3	1	1	0	2	1	3	0	0	3	2	2	1	0	2	3	4	0	1	0	10	0	1	0	7	4	1	0	14	7	2	2	3	1	2	0	2	2	0	1	0	3	0	1	2	2	5	0	4	0	0	2	0	4	1	0	2	1	6	2	4	2	4	1	3	1	1	0	0	0	1	0	1	1	2	0	0	3	2	2	1	2	1	11	0	7	1	9	3	2	0	5	6	3	2	3	4	0	2	3	1	33	31	5	1	5	2	2	2	0	0	2	9	2	0	3	16	14	2	5	11	13	8	2	7	21	1	3	7	10	2	9	3	13	11	0	5	11	14	0	2	0	0	3	1	9	2	0	1	6	5	1	6	11	2	12	4	3	1	4	1	1	1	1	2858	0	4	1	2	3	0	7	5	3	3	5	3	0	4	10	0	3	3	4	1	5	6	1	1	14	4	1	0	6	2	762	2	1	5	0	16556	6	10	11	0	2	35	3	3	17	6	3	3	2	9	3	0	1	1	2	0	6	4	2	8	4	7	1	1	32	1	0	0	47	0	8	4	3	15	3	0	7	1	1	5	0	1	1	2	2	2	2	2	2	3	15	1	3	1	0	2	2	13	1	2	0	0	1	3	2	3	3	2	0	16	2	0	12	6	1	1	5880	4	2	9	4	2454	10	4	11	0	3	11	0	2	2	4	1	12	1	0	6	7	2	1	5	13	1	7	4	1	4	2	3	2	0	1	0	2	2	1	2	3	2	5	7	7	2	8	7	2	8	2	3	230	3	0	3	0	2	1	10	4	8	12	3	1	2	1	5	2	0	5	3	2	18	0	14	12	10	3	3	3	1	3	2	12	7	10	1	10	17	1	5	1	2	1	4	11	14	1	0	11	9	5	21829	12	5	4	6	5	0	7	4	2	2	6427	27	2	2	2	6	5	0	15	3	14	3	12	0	1	1	2	16	5	0	1	2	6	2	12	13	41	0	43	4	3	2	2	2	1	1	12	0	5	3	3	25	0	2	2	2	0	5	5	8	10	2	2	0	1	1	12	27	47	4	4	0	6	0	8	0	6	7	0	5	52	11	2	9	0	3	8	4	9	1	17	2	4	7	2	0	0	1	12	0	10	7	8	7	8	4	6	1	14	34	2	8	1	3	6	1	13	2	8	8	11	2	3	10	0	8	6	2	28	5	4	2	3	0	4	10	3	9	176	1	4	1	3	18	6	3	1	1	1	0	5	1	15	0	1	0	2	1	5	0	4	1	2	0	9	1	6	2	0	4	8	3	3	2	2	2	1	2	4	12	5	2	3	0	3	13	3	1	10	2	1	3	1	9	5	5	0	2	1	8	10	7	6	2	1	2	0	10	1	5	2	9	5	2	10	1	2	2151	1	4	14	2	0	4	7	4	17	11	0	28	1	4	2	0	4	0	5	1	0	2	16	5	5	1	6	7	0	10	1	12	0	1	2	4	2	2	2	2	1	1	21	3	10	12	1	6	24	4	6	3	0	7	13	2	2095	1	5	6	16	4	1	9	1	3	2	2	3	1	1	26	5	5	2	3	3	2078	4	1	4	4	1	2	2	4	3	8	3	1	1	2	4	1	5	7	0	2	10	2	3	3	5	2	4	3	2	24	1	3	0	12	4	7	0	1	8	2	14	8	9	2	1	0	1	10	15	0	0	0	4	2	5	12	7	0	2	6	4	8	8	2	13	1	1	0	6	9	18	7	7	30	5	0	7	2	10	3	12	3	4	5	23	3	8	10	3	6	1	6	28	1	9	1	13	4	9	6	2	3	2	9	3	0	0	2	24	6	1	5	15	2	3	0	7	1	0	6	1	2	13	1	4	1	3	2	2	2	10	1	3	3	3	7	0
C[Del(T):R(8,)]G	0	0	1	1	0	0	1	1	1	0	0	0	0	0	4	0	0	0	1	1	1	0	1	0	2	0	4	1	0	1	0	0	1	0	1	0	0	0	1	0	0	1	2	0	3	1	1	0	0	0	0	1	1	1	1	0	0	0	4	1	0	0	0	2	0	0	3	23	0	1	0	0	2	1	2	3	1	0	0	1	2	2	2	1	0	0	9	0	0	1	0	1	0	0	2	0	0	1	3	1	1	0	2	1	0	4	0	0	2	0	2	4	1	9	1	1	0	0	1	2	0	10	2	0	3	1	1	4	0	2	0	1	0	0	4	0	2	0	3	4	3	0	1	5	0	0	2	1	1	1	0	2	2	0	7	1	0	1	1	1	0	0	2	8	1	0	0	0	1	1	4	0	1	1	0	5	2	3	2	2	1	0	4	2	0	1	1	4	0	2	1	1	1	0	1	3	1	4	2	0	1	0	0	1	1	0	2	0	1	1	2	0	0	0	0	2	0	11	0	2	0	16	2	3	0	6	6	2	1	4	0	2	3	0	1	21	35	4	0	0	2	2	0	0	2	0	4	1	2	0	5	11	3	2	5	8	7	2	4	7	2	1	6	2	4	6	5	9	1	0	3	7	13	0	1	0	0	1	0	9	2	0	0	9	10	1	5	12	0	4	1	5	5	3	0	1	0	5	2219	3	0	0	2	4	1	3	3	2	6	7	4	0	7	12	0	3	1	5	0	6	2	1	1	17	11	1	1	5	3	1301	2	1	8	1	6905	3	3	4	0	2	26	2	2	5	7	1	1	4	1	5	1	4	2	2	1	1	9	8	0	7	6	1	3	27	0	0	0	24	1	9	3	6	15	3	0	5	4	0	2	1	0	1	0	0	2	2	1	0	1	12	3	1	0	1	1	1	18	0	2	0	0	3	3	0	6	3	6	0	7	2	0	16	3	8	1	6821	4	1	4	5	3419	8	0	11	2	2	9	1	2	7	0	2	7	2	2	9	2	0	1	2	3	1	1	8	3	5	0	1	0	1	1	2	3	1	1	4	1	3	5	3	2	3	9	5	2	9	6	1	328	1	0	6	4	1	2	13	4	8	20	2	2	2	1	3	1	2	5	3	3	15	0	8	9	2	2	1	7	0	4	2	6	7	9	1	4	14	12	0	1	0	3	1	6	3	0	0	13	1	12	8772	7	2	1	2	5	0	3	3	7	0	7682	19	3	1	2	4	3	0	17	1	5	3	16	6	1	0	0	16	2	0	3	4	2	1	10	3	33	1	34	0	3	2	1	1	2	2	17	4	5	2	0	6	0	0	3	3	0	9	2	7	3	2	0	0	4	5	7	25	22	2	4	1	10	1	5	1	3	9	0	4	33	9	2	9	1	5	6	3	8	2	8	2	1	4	6	0	1	4	9	3	5	4	18	5	3	1	3	8	10	26	0	9	2	1	4	2	6	2	12	4	15	6	3	7	2	6	2	5	12	6	4	0	2	1	5	13	1	12	290	3	6	1	2	22	3	4	0	1	2	1	6	2	12	0	2	0	0	0	0	1	1	2	0	2	1	3	2	4	4	1	14	1	3	0	7	0	3	3	1	4	7	1	2	2	2	18	6	0	7	2	0	2	0	4	1	2	0	2	0	6	5	1	5	4	1	0	0	4	5	4	2	7	3	0	7	1	0	2791	1	2	5	2	3	4	4	2	14	10	0	31	1	3	5	1	2	0	5	1	2	0	16	12	1	3	3	6	2	5	4	14	3	2	0	3	3	4	2	0	1	4	16	4	13	13	0	2	3	3	10	3	2	3	14	1	2717	0	4	1	10	1	5	2	6	2	2	0	6	0	0	9	3	4	0	1	4	2822	2	2	2	2	3	0	3	1	2	7	4	1	4	3	1	2	4	4	0	10	13	8	2	7	4	3	7	1	1	15	0	3	2	3	11	9	0	1	5	1	7	4	2	0	1	0	1	7	18	4	0	0	1	5	8	4	3	1	3	4	2	0	4	0	10	3	4	1	7	10	21	9	5	13	3	1	5	0	7	5	8	5	1	1	16	1	3	5	2	7	1	2	16	1	9	2	9	3	4	3	1	4	0	7	2	1	3	1	23	4	0	1	11	2	0	0	1	1	1	3	0	4	11	1	2	4	2	3	2	4	8	0	0	4	1	2	0
G[Del(T):R(8,)]A	0	0	0	0	0	1	0	0	0	0	1	1	0	0	2	0	2	0	0	0	0	0	1	0	1	1	0	0	0	1	0	0	0	1	0	1	0	1	0	0	1	0	0	1	3	0	0	0	0	1	0	0	0	0	0	0	0	0	1	1	1	0	0	0	0	0	0	11	1	1	1	0	1	0	0	3	0	0	0	0	3	0	0	1	0	0	5	1	0	1	1	1	0	2	2	3	0	0	1	0	1	1	5	0	0	0	1	0	1	1	0	2	1	4	2	0	0	1	1	3	0	5	0	1	4	2	0	2	2	4	0	0	5	0	3	0	2	0	5	1	0	0	0	0	4	2	1	1	1	1	4	1	0	0	7	0	1	1	1	0	0	0	5	5	0	2	1	0	0	1	3	1	0	0	0	4	0	0	1	2	2	0	3	0	0	1	1	3	0	0	1	1	0	0	1	5	0	1	1	0	0	0	2	0	0	0	0	0	1	1	0	1	0	0	1	2	2	3	1	4	0	8	1	1	0	4	2	1	1	1	2	2	3	1	1	33	12	4	2	0	4	1	0	0	0	1	2	1	2	0	11	7	1	4	4	5	5	3	3	9	1	2	3	2	1	8	1	10	5	0	1	5	11	2	6	0	0	1	0	6	0	2	1	4	5	0	1	2	2	5	1	2	1	0	1	1	0	3	1447	0	2	0	1	4	0	4	1	1	2	4	1	1	6	6	1	1	1	2	1	1	2	1	0	10	4	0	0	8	6	421	0	0	1	1	8834	5	5	2	0	0	14	3	0	6	2	2	2	1	4	2	0	2	0	1	2	0	2	2	2	5	5	0	1	18	0	0	3	18	3	8	3	1	12	0	0	1	2	3	2	1	2	0	2	3	1	1	0	3	0	14	0	0	0	1	3	2	8	1	1	1	1	2	0	0	5	1	2	2	13	6	1	8	2	2	0	3223	3	1	1	4	1446	7	1	8	1	3	4	1	1	2	2	1	3	0	1	5	3	0	1	0	9	2	2	5	2	2	1	2	2	0	0	1	0	1	0	2	0	2	3	5	2	2	5	5	2	3	1	1	109	1	0	2	4	1	2	6	1	5	8	1	2	0	1	2	2	1	1	2	2	9	0	9	4	2	1	2	5	0	0	0	3	2	3	1	4	6	8	0	1	0	1	1	9	3	0	0	5	2	7	10830	5	4	0	3	1	1	3	0	3	1	3522	11	6	0	1	2	3	0	10	0	3	5	9	3	0	0	1	10	1	0	0	2	3	0	8	8	20	1	22	0	3	2	1	0	2	2	10	1	5	0	2	18	0	0	1	2	0	3	0	3	4	2	0	0	1	2	11	11	25	5	2	0	2	0	8	3	1	3	0	2	24	2	2	4	0	6	8	1	4	0	15	1	1	8	0	0	0	0	6	2	5	5	9	7	2	0	1	4	5	12	3	1	1	3	2	4	5	0	9	4	9	3	2	10	3	2	1	2	21	2	3	0	1	2	0	5	2	5	131	2	0	1	0	11	3	3	2	1	1	0	1	1	16	0	2	0	0	0	1	2	2	1	1	3	1	3	4	2	0	0	4	0	3	0	1	0	1	1	1	3	1	0	2	1	1	3	1	2	6	1	1	2	0	1	0	2	0	1	1	3	18	3	4	1	1	0	2	1	2	2	2	8	1	1	6	0	1	1340	0	2	6	2	0	1	1	2	13	5	0	5	0	0	2	1	3	3	1	2	0	0	6	8	3	2	1	2	2	5	0	6	0	0	0	2	1	1	0	1	1	0	7	2	9	2	2	3	7	3	4	1	1	1	3	0	1195	2	1	1	7	2	0	1	3	5	1	0	4	0	0	20	2	5	1	0	0	1336	2	0	3	0	0	0	1	1	1	4	3	0	2	1	1	0	2	3	3	4	9	0	2	1	2	1	3	2	1	13	0	1	1	5	3	3	0	0	5	1	6	5	2	0	0	0	0	5	12	1	0	1	3	0	3	3	1	0	3	2	0	2	2	1	13	3	1	1	1	2	14	14	1	20	4	1	4	0	2	2	6	1	4	0	15	0	6	4	0	3	0	1	6	0	8	0	3	1	3	5	2	3	0	6	2	1	0	2	7	5	1	3	11	1	0	0	3	0	0	2	0	4	8	0	4	3	3	0	1	2	3	0	2	4	2	7	0
G[Del(T):R(8,)]C	0	0	0	0	0	0	0	1	0	0	0	0	0	0	1	0	0	0	0	0	0	0	0	0	0	1	0	0	2	0	0	0	0	0	0	0	0	1	1	2	1	1	1	0	0	0	0	0	0	0	0	1	0	0	0	0	1	0	2	0	1	0	0	0	0	0	4	6	1	0	0	1	1	0	0	2	0	0	0	0	3	2	1	0	0	1	5	0	0	0	0	3	0	0	3	1	2	0	0	2	0	4	0	0	0	0	2	0	0	0	1	4	0	5	0	1	0	1	0	3	0	6	0	1	4	1	1	0	0	2	0	0	2	0	3	0	0	0	1	2	4	0	0	2	1	2	2	0	1	2	1	2	1	0	6	0	0	0	5	2	0	0	2	4	1	1	2	0	0	1	0	0	0	0	1	2	0	0	2	1	2	1	3	0	0	2	0	4	0	1	2	0	1	2	1	0	1	2	1	0	0	0	0	0	2	0	0	0	0	0	0	0	0	0	0	1	0	8	0	1	1	4	2	0	0	5	1	2	0	2	1	1	0	0	0	26	7	3	1	2	3	1	1	0	0	1	1	1	1	0	5	5	0	3	8	3	4	3	2	15	0	3	1	3	4	4	0	3	10	0	1	8	7	1	0	1	0	1	1	5	5	1	2	5	5	4	4	6	0	7	2	2	0	1	0	1	2	0	1068	0	0	0	1	4	0	8	1	3	1	7	1	0	2	2	1	0	1	3	0	6	3	2	1	8	2	0	0	3	2	316	1	2	5	0	7885	3	1	1	3	0	18	2	1	3	3	0	3	3	3	0	1	1	2	1	2	2	7	1	3	4	3	0	1	18	2	0	0	22	4	7	2	3	6	1	0	5	0	2	3	0	1	1	0	0	0	1	0	1	2	7	3	0	0	0	3	1	9	1	0	1	0	0	1	1	1	1	1	0	6	1	0	3	5	1	1	2845	0	2	6	2	1032	4	2	5	0	4	3	0	1	3	0	0	3	0	0	1	3	0	0	4	4	0	2	3	7	3	0	1	1	0	2	2	1	4	0	1	2	1	4	4	0	1	6	4	1	2	0	1	95	2	0	4	1	1	1	13	1	7	9	2	3	1	1	0	0	1	2	2	0	5	0	5	4	1	0	2	4	0	0	2	1	4	8	1	0	9	4	2	0	2	3	4	4	5	1	0	11	3	5	10054	4	2	0	1	2	0	4	1	1	0	3085	8	1	0	1	1	6	0	6	2	7	0	9	3	0	0	1	7	1	0	0	0	0	1	5	6	25	2	12	0	0	1	2	0	0	0	9	0	7	1	1	27	0	3	0	1	1	2	1	2	3	1	2	0	1	5	2	14	32	1	1	0	5	0	5	2	0	6	0	1	27	1	3	5	1	1	4	1	4	0	16	0	3	2	0	1	0	2	3	1	3	4	7	8	2	1	1	2	3	21	0	3	2	1	3	2	1	2	6	2	5	3	2	14	1	0	2	2	16	3	3	0	2	1	0	5	2	8	89	2	4	0	1	4	1	2	0	0	1	0	3	0	5	0	1	2	0	1	1	1	2	1	0	1	0	5	6	1	1	2	3	3	2	1	2	0	0	1	1	1	0	0	1	2	1	6	3	1	9	0	1	3	0	1	1	0	0	3	0	4	7	2	0	3	2	1	0	5	1	2	2	5	1	0	5	0	0	936	1	3	8	2	0	1	4	2	5	6	0	15	0	3	1	0	1	0	2	1	3	0	12	2	2	3	2	8	0	2	0	4	1	0	0	1	1	2	0	0	3	0	12	0	6	10	0	1	13	5	7	1	1	1	5	0	846	0	1	4	11	1	0	6	2	6	0	1	2	0	1	16	0	4	0	1	0	898	2	1	5	1	0	3	3	2	2	4	0	0	0	0	1	2	2	0	0	5	9	2	0	3	2	0	4	2	0	14	0	1	0	5	5	2	0	1	6	2	9	6	4	1	0	0	2	6	8	1	1	1	2	0	6	4	5	0	2	1	1	4	3	0	1	2	1	0	2	1	13	9	2	16	2	2	5	1	1	1	5	1	0	3	16	2	1	4	2	2	1	1	19	0	5	0	6	4	4	6	0	4	0	7	4	0	1	1	13	3	2	2	5	1	0	0	2	0	0	1	1	2	6	1	3	1	0	0	1	3	4	1	0	0	1	8	1
G[Del(T):R(8,)]G	0	0	0	1	0	0	0	0	0	0	0	0	0	0	1	0	0	0	0	0	0	1	0	0	2	1	1	0	0	0	0	2	1	1	0	0	0	0	0	0	0	0	0	0	0	1	0	0	0	0	0	0	0	0	0	0	1	0	1	0	0	1	0	0	0	0	1	4	0	1	0	0	1	0	0	0	0	0	0	0	2	2	2	0	0	2	1	2	0	0	0	0	0	0	0	1	0	0	4	0	0	3	1	0	0	1	1	0	0	0	0	0	1	6	0	0	0	0	1	5	0	5	0	1	1	0	0	0	1	1	0	1	1	0	1	0	0	0	1	0	3	0	0	1	1	0	0	1	0	3	3	0	0	0	2	0	0	0	2	0	0	3	2	3	0	2	0	1	0	0	2	1	0	0	0	2	0	3	0	1	1	0	1	1	0	2	0	2	0	0	2	0	0	0	1	0	0	2	1	1	0	0	0	0	0	0	0	0	1	0	1	1	0	0	1	0	1	5	1	4	0	5	2	2	1	2	4	0	0	3	0	1	1	1	0	19	14	1	0	3	2	0	0	0	1	0	0	2	0	0	3	6	1	2	2	3	2	2	1	7	1	0	2	2	3	6	3	10	9	0	0	5	8	1	2	1	0	1	0	3	1	0	1	0	2	3	1	10	1	2	1	1	1	0	1	2	1	2	994	1	3	0	0	0	0	7	1	2	3	3	2	0	4	9	1	1	1	0	0	3	3	0	1	7	7	0	1	1	0	476	0	0	3	1	6138	1	2	0	1	0	17	2	0	3	0	0	2	2	1	4	0	0	1	1	0	1	7	5	1	4	1	0	0	18	0	1	1	14	1	2	2	2	3	2	1	6	2	1	0	2	0	0	0	1	4	1	1	0	2	0	1	1	1	0	3	2	10	3	1	2	0	1	1	0	5	0	3	0	8	5	0	6	4	1	1	2960	2	0	2	1	1371	6	2	5	0	1	1	1	2	2	2	0	1	2	1	3	2	0	2	1	5	0	1	4	0	1	0	2	2	0	0	1	0	0	0	0	2	0	3	2	2	2	4	5	0	5	0	1	102	0	0	1	3	1	0	8	2	6	7	0	0	0	2	2	0	2	2	0	2	4	0	2	4	2	1	1	3	0	0	0	4	3	13	1	5	10	3	1	0	2	1	1	11	4	1	0	3	1	7	8133	4	1	0	0	1	0	3	0	0	1	3344	8	2	0	4	4	1	0	9	3	9	0	7	5	1	0	2	10	2	1	1	2	1	0	7	5	12	1	14	0	1	2	0	2	2	1	7	0	2	0	0	4	0	0	0	1	0	4	0	1	4	2	2	2	2	0	6	6	22	0	2	0	2	1	3	1	2	5	0	0	22	2	0	3	2	3	8	5	5	0	8	1	0	6	0	0	1	2	3	1	4	0	4	3	0	2	5	5	2	12	0	1	1	0	1	2	6	1	14	2	9	2	0	4	4	7	3	1	7	2	7	0	2	0	1	3	1	10	104	2	1	0	3	9	5	2	0	0	2	0	2	2	10	0	2	0	0	0	3	0	1	1	4	0	0	2	2	4	2	4	3	2	2	0	1	0	1	0	2	6	2	0	0	2	2	7	1	1	9	1	1	3	1	1	2	2	0	1	0	1	5	0	6	1	2	0	0	3	2	3	1	7	2	1	6	0	1	1043	2	1	5	1	0	2	3	0	6	2	0	11	0	0	0	0	4	0	3	2	2	0	9	5	1	1	3	1	1	1	0	5	0	0	0	2	0	0	0	0	0	0	6	0	7	3	0	1	4	3	2	1	4	0	3	0	1053	1	3	4	5	4	2	1	2	4	2	0	0	0	1	4	1	1	1	0	2	1155	5	0	1	2	0	4	1	1	0	4	1	2	3	1	0	2	1	1	1	2	8	0	2	1	1	2	1	0	2	4	0	2	0	6	4	6	0	2	4	2	5	2	2	1	0	1	0	2	5	1	2	1	3	2	1	7	1	2	1	0	1	4	0	0	8	4	1	1	1	4	5	17	1	15	4	0	2	0	3	3	5	1	3	3	9	0	2	1	0	1	0	0	21	0	6	0	3	1	2	0	1	1	2	2	1	0	2	2	10	5	1	3	8	0	0	0	2	0	0	2	0	1	8	0	2	6	0	2	0	2	2	0	2	4	1	5	1
A[Ins(C):R0]A	1	0	0	1	1	0	0	0	1	0	1	0	0	0	5	2	1	0	1	0	1	2	0	0	0	0	0	2	0	0	0	1	1	0	1	0	0	0	1	2	1	0	0	0	6	6	0	0	0	0	0	0	0	0	0	0	0	2	0	0	0	0	0	0	1	1	2	2	0	0	0	0	1	0	2	0	0	0	0	0	0	0	2	0	0	0	1	0	0	0	1	1	2	0	0	1	4	0	1	0	1	1	1	3	0	1	1	0	0	1	7	2	0	1	2	0	1	0	1	1	1	6	4	4	2	3	0	0	0	1	0	0	2	0	4	0	1	1	2	1	2	0	0	0	1	5	1	2	0	0	6	3	1	0	0	0	0	1	3	0	2	0	2	1	0	1	0	2	6	0	2	1	1	2	0	2	0	0	2	1	3	0	4	0	0	1	0	15	0	1	2	0	3	3	1	0	1	4	0	0	0	0	0	0	1	0	0	0	0	0	0	0	2	0	0	0	0	4	0	0	1	4	3	0	0	0	2	0	1	0	0	0	0	4	1	7	4	1	1	2	0	1	0	0	0	1	0	0	9	5	2	17	2	1	3	2	1	1	2	20	2	0	2	25	4	0	1	2	1	0	3	1	0	0	3	1	1	1	0	8	2	0	1	0	3	1	4	14	1	1	0	1	0	1	1	1	2	0	95	1	2	1	0	1	0	4	1	0	2	115	1	0	3	2	0	1	1	1	5	0	0	0	0	2	4	0	1	0	50	2	3	1	1	0	54	9	0	0	0	1	1	7	0	0	0	1	0	9	3	1	0	5	0	1	2	1	2	4	1	1	2	0	1	2	2	0	1	6	0	3	2	3	3	0	0	25	0	0	0	0	0	1	1	0	1	3	0	1	1	3	1	0	0	0	0	2	3	5	2	0	1	1	1	4	3	3	4	0	5	1	0	7	3	1	1	39	1	1	0	0	19	3	1	1	0	2	1	2	0	1	1	1	1	0	0	3	0	1	0	0	3	1	1	1	24	4	1	8	2	0	3	3	0	6	0	1	3	0	1	0	3	3	0	0	2	1	3	1	7	2	0	0	2	1	11	1	5	1	4	0	1	1	3	1	1	4	2	0	1	13	2	3	3	1	1	4	3	2	4	0	3	1	2	2	3	11	3	0	1	3	3	0	3	8	2	0	7	1	2	90	3	3	0	0	0	0	1	0	2	1	45	6	3	2	2	1	1	0	1	0	3	0	1	2	1	1	2	3	0	0	0	0	1	1	1	2	3	0	5	0	0	1	1	3	0	0	3	0	5	1	2	3	1	2	0	1	3	1	2	2	1	6	0	2	0	1	3	7	2	1	3	3	0	3	0	2	0	2	1	0	5	0	1	3	2	1	1	0	2	0	4	2	5	1	2	1	0	3	0	4	5	2	1	0	0	2	0	4	1	2	1	0	2	6	1	1	0	0	1	2	2	1	2	4	0	0	1	1	4	3	1	1	3	0	0	1	4	2	1	2	4	0	0	2	0	0	1	0	2	0	4	3	3	0	0	1	0	1	0	1	0	2	3	1	2	1	1	3	2	0	2	6	1	2	0	2	8	2	1	0	0	3	0	0	2	0	0	3	3	1	1	3	0	15	0	1	3	2	1	0	2	1	2	0	1	0	0	3	5	0	0	8	0	0	1	2	1	14	1	1	2	1	0	1	1	0	6	0	0	30	0	0	0	0	0	1	8	1	3	1	1	0	1	1	3	0	0	2	0	2	1	2	0	4	4	0	0	0	2	3	3	0	1	2	0	2	0	0	2	1	1	1	2	3	19	2	2	3	4	5	2	2	5	4	0	2	2	0	1	5	0	1	4	0	2	5	0	0	12	1	0	2	0	0	0	3	0	2	1	1	1	2	0	1	3	4	1	0	2	0	1	0	5	1	1	1	1	2	2	1	5	1	1	1	0	4	1	16	0	1	0	2	10	1	0	20	0	0	1	2	1	3	7	5	0	1	3	1	0	0	2	2	0	1	2	0	2	3	0	4	1	1	1	1	1	3	5	1	1	1	0	0	1	0	0	0	2	1	4	1	1	0	6	5	0	2	0	0	1	10	0	0	0	2	2	3	0	12	1	0	0	1	40	0	0	0	3	8	2	2	0	0	0	0	3	3	1	0	1	0	1	1	2
A[Ins(C):R0]T	0	0	0	0	0	0	0	0	0	0	0	0	0	0	0	0	0	0	0	0	0	0	0	0	1	0	0	0	0	0	0	0	0	0	1	0	0	0	0	0	1	0	0	0	0	2	0	0	0	0	0	0	0	0	0	0	0	0	0	0	0	0	0	0	0	0	0	1	0	0	0	0	0	1	0	0	0	0	0	0	0	0	1	0	0	0	1	0	0	1	0	0	0	0	0	0	0	0	1	0	0	0	0	0	0	0	0	0	0	0	0	4	0	0	0	0	1	0	0	0	0	3	1	1	2	2	0	0	1	0	0	0	1	0	2	0	0	0	0	0	0	0	0	0	1	2	0	1	0	0	1	0	0	0	0	0	0	0	0	0	0	0	1	0	0	0	0	1	4	0	0	0	0	0	0	0	3	0	1	0	0	1	0	0	0	0	0	4	0	1	0	0	0	1	0	0	1	4	0	0	0	0	0	0	0	0	0	0	0	0	0	0	0	0	0	1	1	3	0	1	0	0	0	1	0	2	1	0	0	0	1	0	2	1	0	2	0	0	2	1	0	0	0	0	1	0	0	0	2	0	0	5	0	0	0	3	0	0	0	14	1	0	1	23	2	0	0	0	0	0	0	1	3	0	0	0	0	0	0	4	1	1	0	1	3	2	0	14	0	0	0	2	0	0	1	1	0	1	22	0	0	0	0	0	1	0	0	0	0	89	1	2	2	1	2	0	1	1	2	0	0	0	1	2	0	0	0	1	22	0	2	0	0	0	4	5	1	0	0	0	0	3	0	0	0	0	1	2	0	1	1	3	1	0	0	0	1	0	1	2	1	0	0	2	0	0	0	1	0	0	1	1	1	0	1	25	1	0	2	0	0	0	0	0	1	1	0	1	1	0	0	0	1	0	0	0	1	1	1	0	0	0	0	0	1	2	0	0	3	1	0	0	0	0	0	6	0	0	0	1	5	2	0	0	0	1	0	0	0	0	0	0	0	1	0	5	0	2	0	0	0	0	1	1	12	1	0	4	0	1	1	1	0	2	0	0	0	2	0	0	0	0	0	0	1	0	0	0	5	1	0	1	1	0	2	0	3	0	4	1	0	1	0	0	0	0	4	0	0	4	1	0	3	0	0	2	1	1	2	0	0	1	1	0	0	6	0	0	0	0	2	0	1	0	0	0	5	0	0	6	0	0	0	0	0	0	0	0	0	0	7	4	1	0	1	0	0	0	1	0	1	4	0	1	1	0	0	2	3	0	3	2	0	1	1	0	0	2	4	0	0	1	0	4	0	0	0	0	2	0	0	1	0	2	0	1	0	0	0	0	0	1	0	1	1	1	0	4	2	0	2	0	1	3	0	0	0	1	0	0	2	0	1	4	1	1	0	0	0	1	2	1	1	1	1	1	1	1	0	2	4	1	2	0	0	0	2	0	0	0	0	1	2	2	0	1	0	0	0	0	4	0	1	2	0	0	1	0	2	1	2	0	4	0	1	1	2	0	2	2	1	0	0	0	0	0	1	0	0	0	0	0	2	0	1	1	1	1	2	2	1	1	0	0	1	0	0	0	1	0	0	1	0	0	0	1	6	1	1	0	0	0	0	0	1	2	0	3	0	0	0	0	0	11	1	2	3	0	0	0	0	0	3	0	0	0	0	1	2	0	0	10	0	1	0	0	0	0	0	1	0	1	0	0	0	0	1	2	1	13	0	0	0	0	1	1	4	0	0	0	0	0	1	0	0	0	0	0	0	0	0	0	0	2	1	0	0	0	0	0	0	0	0	1	0	0	1	0	1	3	0	0	1	0	2	0	0	1	4	1	0	0	4	5	2	0	0	0	0	0	2	0	4	0	0	1	0	1	6	0	1	0	0	0	0	2	3	2	0	0	1	0	0	0	0	0	3	1	0	0	0	0	0	0	0	1	0	1	0	0	0	0	0	0	1	0	1	13	0	0	0	0	6	1	0	22	0	0	0	3	0	0	1	1	0	0	0	1	1	0	2	0	1	0	0	1	0	0	0	2	1	1	2	1	1	0	0	0	0	0	0	0	0	0	1	1	1	1	2	0	0	0	1	0	1	0	0	0	0	2	0	0	0	0	0	1	0	6	0	0	0	0	36	0	0	0	0	4	0	0	0	1	2	1	0	0	4	0	0	0	0	1	1
Ins(C):R(0,3)	2	4	6	0	2	1	3	0	2	4	2	4	4	5	4	4	1	1	1	3	0	2	2	2	5	4	6	9	4	4	3	4	3	5	6	1	0	3	6	3	6	3	1	2	4	3	2	5	1	2	2	4	1	5	1	1	4	4	5	7	3	3	2	7	2	11	12	5	1	2	1	9	7	2	6	4	3	1	7	1	6	9	9	2	2	2	5	5	1	8	2	2	5	4	7	3	5	1	14	2	6	10	2	4	2	6	2	3	1	9	5	12	4	4	11	4	10	3	2	7	1	10	7	7	7	9	2	6	6	5	5	2	4	4	13	1	3	9	6	3	11	4	4	7	6	10	4	9	1	7	5	3	4	1	8	4	6	1	10	2	7	5	10	10	3	4	6	7	24	4	4	1	7	7	4	5	4	7	9	2	7	3	6	12	6	9	3	13	3	7	2	6	9	13	2	8	4	15	2	2	1	2	2	1	7	1	4	1	2	3	1	3	1	2	9	10	6	9	1	11	5	12	6	12	11	7	5	3	8	4	10	12	8	3	5	19	13	9	9	16	4	7	3	4	6	4	7	9	7	8	19	10	7	9	13	10	5	11	22	16	4	11	11	18	7	7	8	11	11	0	13	9	15	3	7	8	5	3	1	16	21	2	4	8	10	17	15	81	8	12	8	11	9	4	3	4	9	131	90	5	11	4	4	9	8	11	69	75	10	32	5	1	6	12	5	8	4	16	7	6	16	7	7	25	106	1	7	7	31	16	13	91	11	8	288	37	13	9	8	3	10	18	13	9	10	6	12	88	10	17	2	27	8	7	14	10	14	12	4	8	8	7	11	23	74	6	6	31	6	9	11	7	17	9	4	28	5	10	5	4	5	8	4	4	10	13	3	16	3	15	75	0	9	2	3	4	13	18	10	9	17	7	8	16	11	39	81	5	15	6	10	20	79	10	10	257	10	10	13	4	87	15	10	19	1	15	6	7	19	19	9	6	12	5	5	12	101	9	55	7	13	8	11	5	27	16	5	7	11	6	13	49	44	72	3	3	7	21	6	15	5	12	14	36	8	9	8	10	75	8	9	10	13	6	20	20	12	6	25	12	6	16	10	8	7	5	7	10	10	15	13	10	13	10	5	25	9	7	17	5	9	8	30	9	3	17	12	4	7	5	11	18	10	33	11	0	14	4	5	560	17	9	7	3	4	8	10	4	18	7	291	32	10	9	18	14	5	4	17	5	18	11	17	10	3	4	7	19	10	3	7	11	8	18	13	14	5	7	18	5	7	10	5	31	9	3	25	3	25	7	7	11	2	7	5	13	11	11	7	7	14	14	4	7	6	7	9	9	29	9	10	9	5	15	8	9	7	16	7	3	22	17	10	10	3	10	13	6	32	2	24	4	15	8	7	6	25	16	11	10	14	9	12	7	8	8	4	9	6	10	7	8	14	13	17	10	11	4	15	23	18	6	13	24	12	9	6	9	23	18	8	5	14	2	3	9	10	13	9	10	24	7	11	6	13	9	5	10	3	3	10	15	18	4	5	12	5	8	17	11	10	19	7	16	18	17	8	17	18	6	12	22	13	14	2	12	50	9	5	2	10	7	9	15	18	11	6	12	7	10	6	14	3	24	10	15	6	7	8	11	15	6	15	8	7	6	1	16	12	7	8	10	4	8	7	4	2	69	10	14	14	9	7	4	8	10	15	16	11	19	4	9	10	2	7	14	10	4	9	5	15	7	9	2	3	5	7	16	7	10	16	4	6	17	7	4	2	7	8	10	17	11	13	7	6	5	15	8	16	16	3	13	11	13	82	10	7	18	14	23	7	13	21	23	10	12	11	2	4	14	10	10	21	4	15	79	1	4	22	6	5	6	6	9	5	8	2	2	6	11	16	0	5	6	19	6	16	7	8	2	4	6	12	2	9	13	5	9	12	11	20	13	2	1	12	14	13	18	9	8	13	12	11	9	13	17	8	10	13	20	10	4	6	8	6	13	7	12	5	5	15	15	3	2	7	6	18	12	4	11	3	11	10	8	12	6	10	5	10	4	11	5	14	12	16	12	7	3	17	6	9	14	23	13	4	6	5	9	7	7	10	6	4	15	9	26	3	11	6	8	4	0	24	7	8	12	9	11	17	8	5	5	13	13	4	7	20	4	8	8	2	14	7
Ins(C):R(4,6)	1	1	0	3	0	1	2	1	1	3	4	0	0	7	4	1	2	2	0	2	0	0	1	1	0	5	3	0	1	2	1	1	2	5	3	2	2	2	2	3	2	0	1	2	1	6	0	0	1	1	3	3	0	1	0	2	3	0	3	1	4	2	0	3	2	0	3	9	1	1	0	1	2	0	0	0	0	0	0	0	3	1	0	2	0	2	4	2	0	0	6	3	2	0	4	0	2	0	4	3	1	10	1	0	3	2	6	2	1	3	2	5	3	4	3	8	2	4	1	5	0	4	3	0	8	3	3	0	3	3	2	0	3	0	2	1	4	0	3	4	9	3	3	4	4	5	5	3	2	5	1	9	2	2	5	1	3	3	8	1	3	2	3	12	4	1	1	1	2	1	2	1	1	1	2	4	1	4	2	1	5	0	2	3	4	0	2	5	1	19	4	2	3	3	1	5	2	5	2	1	3	1	1	1	0	0	3	1	2	2	2	1	2	3	5	2	2	4	3	5	0	4	3	5	3	2	4	2	10	6	4	3	9	2	5	12	7	3	7	5	4	5	2	6	4	0	9	3	4	1	5	18	3	4	5	11	14	4	2	9	5	8	11	6	6	2	5	3	10	2	5	6	9	3	5	2	1	4	0	11	2	2	4	2	5	2	4	12	2	5	2	5	2	2	3	6	8	25	188	2	3	1	3	4	3	6	8	8	2	3	4	5	3	3	2	4	4	5	1	6	4	3	2	3	17	1	1	8	9	70	3	16	5	4	1188	7	8	8	3	3	12	6	5	4	4	1	2	22	5	12	3	1	3	8	4	1	9	11	3	4	1	3	4	10	8	4	5	15	5	5	3	7	9	3	2	4	2	6	2	0	3	8	5	6	2	2	1	1	5	8	17	7	1	2	3	3	13	6	5	2	3	3	3	3	3	26	14	2	10	9	6	6	7	4	6	738	3	6	14	4	238	4	2	7	0	7	5	3	7	5	5	2	10	1	3	5	15	2	8	0	1	4	2	7	7	3	3	3	2	3	7	13	4	10	3	5	3	5	3	6	3	5	3	2	2	5	7	4	83	5	4	4	7	2	4	7	5	6	5	6	3	6	3	7	3	5	10	2	6	3	2	10	8	9	4	14	5	1	6	2	14	7	9	4	6	2	9	2	4	3	2	5	10	7	1	0	8	2	11	1674	5	5	2	3	4	0	4	4	7	5	804	11	7	2	5	8	3	2	11	3	7	5	3	9	3	6	4	13	8	2	6	3	9	3	8	6	7	4	18	7	5	4	2	12	3	1	10	2	9	3	2	4	9	5	4	4	3	17	3	0	4	12	5	5	3	7	6	9	10	5	8	0	7	3	7	3	5	8	3	2	13	9	6	5	1	5	4	5	19	2	9	2	8	3	5	7	5	8	4	3	3	8	8	2	3	2	4	8	11	9	4	6	10	6	2	3	3	4	5	8	15	4	5	9	7	3	9	4	22	14	8	1	1	1	4	11	6	6	49	4	4	5	8	5	7	5	1	4	6	2	11	1	13	2	1	2	3	2	10	9	3	9	1	3	7	3	4	3	4	2	5	5	2	7	7	3	7	10	3	3	3	7	2	6	4	3	3	2	6	1	3	6	2	7	4	5	1	3	4	1	6	6	9	8	0	1	0	11	8	2	4	10	5	1	1	1	1	212	1	4	6	3	1	14	6	5	9	7	0	6	2	10	3	1	0	4	3	2	5	2	4	9	7	2	3	5	6	6	3	13	2	6	1	11	1	3	1	3	2	6	24	5	6	9	4	3	4	2	4	10	1	0	4	6	239	0	4	1	6	10	3	11	10	5	4	3	4	1	5	10	3	7	2	2	4	317	2	4	11	2	2	4	4	2	2	8	2	1	7	5	8	0	3	9	3	3	8	5	3	0	2	3	1	2	1	8	3	10	5	9	4	7	1	3	2	4	1	3	5	5	8	2	3	7	7	6	1	1	1	35	3	7	8	2	4	7	0	5	6	4	4	7	4	3	9	3	5	9	6	8	2	5	5	4	6	6	7	8	2	0	5	3	7	5	6	7	6	2	13	2	5	0	3	0	4	5	2	2	1	5	3	2	4	6	2	6	2	4	4	2	1	3	19	3	3	5	2	2	7	2	4	3	5	4	0	3	3	5	4	2	5	9	5
Ins(C):R(7,)	1	0	0	2	1	0	1	0	3	0	0	0	0	0	4	0	0	0	2	1	0	2	1	1	2	2	1	4	2	0	1	3	2	3	1	3	2	1	2	1	3	0	2	1	1	1	1	1	1	1	0	0	0	1	0	1	2	0	3	2	4	0	2	4	0	0	1	6	2	1	0	0	1	0	1	1	0	0	2	0	0	2	0	0	1	3	4	0	0	0	1	1	0	1	2	0	1	1	9	1	0	5	1	2	0	1	2	0	0	0	4	5	1	2	0	8	0	0	0	3	0	6	4	2	11	1	2	2	1	9	1	0	1	2	6	2	1	2	1	0	4	2	2	5	2	2	1	1	0	2	1	11	0	0	4	0	0	2	7	3	0	1	3	5	6	2	3	1	0	1	2	3	0	3	1	2	1	0	0	3	5	2	6	4	0	3	0	7	3	0	5	6	1	0	0	4	0	7	1	1	0	4	1	3	0	2	3	2	0	3	0	3	1	1	3	3	4	4	1	9	4	3	1	2	1	5	4	1	3	8	4	3	10	3	3	9	14	1	2	2	6	3	1	3	2	5	4	3	4	6	4	10	2	2	4	10	13	7	3	11	2	5	17	8	11	5	10	6	9	0	6	7	4	3	5	4	3	3	3	7	3	1	1	7	2	2	5	9	3	9	0	3	1	1	4	2	2	8	283	4	2	1	3	0	2	6	1	6	5	5	4	3	4	2	4	4	4	3	0	12	8	2	5	8	14	0	4	0	6	65	7	7	5	4	1618	10	7	19	4	0	5	7	0	5	6	1	1	14	3	4	5	2	1	0	2	0	3	8	1	4	1	4	2	8	6	2	3	11	3	12	2	1	12	3	2	9	4	3	4	1	3	7	3	6	4	1	1	2	3	6	5	3	1	2	6	4	9	2	4	6	3	2	3	3	1	3	8	0	13	3	3	7	3	1	5	594	3	5	10	2	366	11	1	9	0	1	5	1	2	4	6	4	5	0	5	5	9	1	3	1	2	8	1	0	8	5	4	6	2	0	2	7	3	7	1	2	3	7	3	0	3	2	14	3	5	4	1	3	93	2	3	2	3	3	5	6	5	4	13	3	2	1	0	6	3	7	6	5	3	10	2	8	16	3	2	2	7	3	3	6	15	5	20	6	0	10	9	3	0	5	1	6	8	3	2	1	5	3	12	2454	5	3	3	1	6	1	5	6	8	7	754	4	2	1	4	16	8	1	8	1	7	2	2	4	2	2	1	14	0	2	1	3	7	2	1	4	15	4	10	5	9	5	8	4	3	1	12	3	11	0	0	13	2	4	3	3	4	9	4	1	5	23	3	2	6	4	4	12	26	7	11	5	6	2	6	1	8	6	6	2	19	5	10	2	2	4	8	6	27	2	9	4	2	3	4	6	3	8	7	6	4	8	4	2	2	11	5	8	9	8	2	9	6	3	2	12	6	2	7	6	11	6	5	11	5	3	5	4	13	14	2	1	1	1	4	12	2	17	40	3	4	2	6	6	5	4	3	6	3	1	4	2	21	0	2	1	3	1	3	3	6	3	6	4	10	1	7	5	1	3	4	3	3	1	5	0	1	2	2	6	3	1	1	3	2	7	2	1	8	2	5	8	8	16	0	0	1	5	7	7	12	7	2	7	1	0	3	10	7	4	2	5	4	3	2	3	5	248	5	5	5	7	4	3	3	3	6	1	2	5	4	5	5	1	0	5	2	0	10	0	7	4	4	2	2	10	1	11	3	18	1	3	1	12	8	4	5	0	2	5	37	3	7	7	3	5	8	5	9	5	6	1	7	1	297	6	1	0	17	10	0	13	8	6	9	0	4	0	12	9	11	9	3	2	6	355	3	0	6	6	3	5	0	3	2	10	2	1	4	5	9	2	5	6	6	6	8	8	3	1	6	10	4	1	2	8	0	8	3	7	2	4	3	3	5	2	3	2	6	2	15	2	3	11	11	0	1	6	7	39	3	4	13	2	3	4	6	9	1	1	1	3	3	2	12	5	7	7	1	14	4	2	6	5	2	10	13	8	6	4	4	4	5	7	2	1	6	3	13	2	8	6	2	10	6	2	1	5	1	5	5	1	7	17	9	9	2	3	8	1	0	2	10	6	2	2	1	2	13	1	1	5	4	0	0	4	3	2	3	2	2	10	0
A[Ins(T):R(0,4)]A	3	1	1	3	4	1	3	2	3	2	1	2	4	2	6	1	2	1	1	3	1	3	3	2	0	1	0	2	1	2	3	2	1	0	2	2	1	1	3	3	4	1	1	1	2	4	0	2	0	0	4	2	2	1	1	3	4	2	7	4	3	2	1	2	2	2	4	7	3	3	1	3	1	1	3	4	5	1	0	0	4	5	6	0	0	3	5	0	3	2	3	2	3	1	5	4	2	1	9	5	2	3	1	1	1	2	2	2	4	6	6	4	2	7	11	4	3	2	1	5	0	6	5	7	9	9	2	3	2	4	4	2	9	1	4	1	0	4	6	5	6	3	5	8	4	2	6	2	2	7	8	4	2	2	3	3	4	2	5	3	5	1	7	10	2	4	2	6	9	3	7	3	2	7	1	4	5	3	6	4	6	4	1	3	2	3	2	9	3	5	4	5	7	4	2	5	4	9	2	2	0	2	1	2	1	1	2	1	5	2	1	2	4	4	4	11	8	7	3	8	6	11	5	16	3	7	6	3	4	9	10	12	7	7	6	16	12	8	8	5	2	4	2	3	3	5	8	6	12	13	16	7	6	5	10	8	9	12	8	11	3	8	15	16	12	6	12	5	17	3	3	7	17	8	2	3	3	4	4	8	7	2	3	8	7	9	5	10	5	10	5	9	5	5	1	5	7	9	69	8	6	7	3	3	7	4	10	4	7	20	8	3	5	5	5	5	3	18	8	14	7	6	9	16	16	6	3	6	18	19	12	5	6	7	162	19	10	10	10	1	12	11	11	12	7	1	6	10	6	9	9	13	6	8	5	0	14	14	4	16	6	2	5	19	5	0	8	10	6	12	7	8	8	7	1	18	3	8	7	0	3	13	4	9	6	6	5	5	5	16	9	2	3	2	7	6	12	43	3	8	3	5	9	10	10	15	17	5	12	7	7	13	12	9	4	243	3	6	4	6	91	12	5	14	5	14	12	2	7	6	3	4	12	1	5	9	13	3	6	7	2	20	3	7	13	7	3	5	5	4	4	11	5	19	3	4	10	12	8	8	13	9	7	10	4	8	8	6	51	6	4	7	13	3	21	19	6	8	16	6	4	10	6	5	9	10	14	5	5	12	11	8	8	10	5	6	10	5	14	5	14	6	17	13	5	11	13	10	5	5	4	21	13	16	7	5	11	3	8	209	19	7	5	7	7	2	2	5	10	5	286	17	13	10	16	23	7	6	18	7	6	7	10	9	7	9	7	15	9	4	7	10	3	8	10	11	9	4	19	3	14	4	6	13	10	9	13	9	25	3	5	10	4	6	7	10	3	21	3	10	15	19	3	4	11	2	7	18	15	11	8	2	10	9	13	4	8	5	7	8	19	15	10	8	5	5	13	7	23	9	16	7	19	8	5	10	5	8	7	5	6	9	6	8	9	6	3	14	9	11	4	10	11	11	9	4	16	3	18	12	11	11	11	14	5	6	8	8	12	11	11	6	4	6	11	15	4	11	24	10	18	5	12	9	7	7	7	4	5	2	8	6	16	2	3	4	6	10	5	4	9	13	8	11	7	8	10	25	5	4	6	9	5	5	10	10	13	8	11	8	2	4	10	6	5	7	5	5	9	5	0	19	8	32	8	8	6	3	2	6	14	5	8	6	5	6	5	5	10	3	2	12	6	7	5	5	3	84	10	8	16	7	5	6	5	7	7	11	5	17	5	13	5	1	4	8	7	13	4	6	6	6	4	6	4	6	5	8	5	19	7	3	3	12	6	7	2	11	5	6	18	2	12	16	6	14	5	11	11	12	6	10	12	5	97	4	6	4	7	12	4	16	13	14	4	7	16	1	6	15	10	4	13	2	12	100	4	4	16	4	6	3	7	13	10	8	3	10	10	4	8	4	5	6	10	10	13	5	4	5	7	9	5	6	1	15	7	7	6	5	14	5	4	3	6	10	8	10	7	7	19	13	12	11	12	20	7	6	7	51	12	6	5	2	9	10	8	9	13	8	14	9	3	3	9	3	14	6	2	7	6	4	7	7	10	10	9	11	7	2	15	3	9	8	11	11	7	6	10	8	11	5	14	4	6	5	5	5	11	9	2	6	4	13	7	17	5	7	3	2	2	3	24	3	1	13	5	6	18	3	4	1	15	7	2	13	18	7	7	7	9	14	7
A[Ins(T):R(0,4)]C	2	0	2	0	2	0	0	0	1	0	0	1	0	3	2	0	2	3	0	1	0	0	0	0	1	0	2	3	1	0	0	0	0	0	5	1	0	1	0	2	1	0	1	0	7	2	1	0	0	2	2	0	0	0	1	0	2	1	2	4	1	1	0	0	1	3	2	2	0	2	0	5	0	1	3	4	1	1	1	0	1	1	5	0	0	3	3	3	0	1	5	0	1	1	7	1	0	1	1	2	0	3	0	1	2	2	5	2	0	4	5	4	0	4	2	2	0	2	0	2	1	4	1	1	7	6	1	2	1	2	1	1	0	2	8	0	0	0	2	1	5	0	0	0	4	0	4	1	1	5	2	1	4	0	1	2	2	2	2	0	2	0	6	3	2	3	0	0	5	0	0	2	2	0	0	1	0	0	2	0	2	2	2	1	3	1	1	3	1	0	2	2	1	0	0	1	2	8	0	1	2	0	3	1	1	0	2	0	3	1	1	0	0	1	2	1	2	2	0	3	1	1	1	7	1	2	0	1	5	1	2	4	4	3	1	3	4	1	0	0	1	3	0	0	1	1	1	0	6	5	8	7	2	1	6	6	3	3	4	3	0	2	3	2	4	4	3	0	1	2	0	5	7	2	0	1	2	1	1	0	2	0	0	2	1	5	2	5	1	5	0	5	2	2	1	0	4	4	40	2	2	0	1	1	2	0	4	4	2	5	2	2	2	2	6	3	2	4	2	1	1	3	3	3	8	1	2	1	6	8	5	7	5	1	97	4	6	2	1	3	10	2	3	4	4	4	2	6	3	1	4	4	3	0	4	1	6	5	2	3	3	0	3	5	1	0	0	6	1	4	1	1	8	1	0	7	2	2	1	1	1	4	3	1	5	1	2	3	4	4	6	1	2	0	0	5	11	2	0	2	2	5	1	4	2	7	8	2	6	2	0	4	5	4	2	180	1	3	3	4	34	2	4	3	1	13	1	2	3	2	1	1	4	0	2	5	4	2	2	0	1	2	1	6	14	1	0	0	3	2	0	7	6	4	2	1	2	4	2	4	0	9	4	5	2	0	0	0	22	0	4	3	2	2	7	5	3	2	5	3	0	2	2	2	2	1	1	4	0	5	1	4	1	0	2	4	2	1	3	7	3	0	4	0	3	1	1	3	2	1	4	5	2	4	0	0	1	5	2	80	8	1	1	3	3	0	4	2	2	1	186	2	5	1	4	4	0	2	3	1	5	1	4	2	0	3	4	3	2	0	4	7	3	4	1	6	2	7	11	3	2	1	2	6	3	1	5	1	4	0	1	7	1	3	1	3	3	6	1	3	2	5	1	1	0	4	1	2	2	1	1	3	3	3	4	5	2	2	2	3	3	4	2	1	3	2	5	4	4	3	2	3	2	3	3	2	4	6	3	1	1	1	1	1	3	2	2	4	5	5	3	3	4	3	5	1	4	2	6	2	3	4	5	4	2	4	2	1	8	7	4	0	1	1	2	1	0	1	17	2	2	1	7	4	3	2	4	2	4	0	2	3	6	1	0	3	2	2	0	2	1	0	2	4	4	6	2	3	3	3	2	1	3	3	2	4	8	3	2	2	0	2	0	2	3	4	1	4	4	2	0	8	2	4	2	3	0	1	0	1	2	1	2	2	2	0	0	6	6	1	5	4	1	1	3	3	0	23	3	3	4	2	3	2	6	3	4	6	2	9	1	2	2	0	0	4	2	0	3	4	2	2	4	0	1	3	3	0	3	4	2	1	0	0	1	4	3	2	3	2	4	0	0	3	1	1	3	0	2	1	2	0	2	1	32	1	3	2	10	4	2	3	5	3	0	1	7	0	1	8	4	1	4	0	5	54	1	0	6	1	1	1	0	2	1	3	3	3	0	1	6	1	3	6	2	2	4	0	2	2	2	0	1	2	0	5	0	1	2	3	8	3	0	1	4	5	3	6	2	0	2	3	8	7	3	2	2	2	3	12	1	2	3	3	0	1	2	5	2	1	1	4	0	3	0	3	1	3	1	2	2	3	2	0	1	1	1	4	2	0	4	3	0	3	5	2	3	3	2	2	2	3	3	5	3	2	1	2	5	5	1	2	0	3	1	8	1	2	2	1	1	0	6	1	1	1	1	1	2	2	1	1	3	4	0	2	2	0	3	2	1	2	0
A[Ins(T):R(0,4)]G	0	2	2	1	1	1	1	1	0	4	1	1	0	3	4	3	2	3	2	1	0	0	1	1	2	2	1	5	0	0	1	1	0	1	3	1	0	1	1	2	5	1	2	0	1	2	1	0	0	2	1	1	0	0	0	0	2	4	4	2	0	1	1	1	0	2	3	4	0	0	0	1	2	1	1	5	1	1	2	0	2	2	2	0	0	0	7	2	0	1	0	1	3	0	1	2	3	0	3	1	0	0	2	1	0	1	1	5	0	4	2	1	3	2	6	6	2	0	0	4	1	7	2	0	5	1	1	2	1	5	0	0	3	1	5	0	1	3	2	5	0	4	2	4	3	1	2	2	2	2	1	2	1	1	3	4	2	0	5	1	2	1	4	6	4	1	3	3	12	1	2	3	3	1	2	1	1	3	3	3	3	1	0	2	2	2	1	4	0	1	1	4	0	4	2	1	2	8	0	3	0	2	4	0	2	1	0	1	3	1	2	2	2	1	1	3	0	3	0	10	3	2	1	3	1	2	3	1	0	0	3	5	1	2	0	5	7	2	1	5	2	1	5	1	3	4	1	3	4	4	9	3	2	1	3	5	0	7	6	7	3	1	8	3	9	1	3	2	8	2	2	3	9	0	1	3	2	2	0	4	5	1	1	2	4	2	1	10	0	2	2	2	2	2	3	2	3	11	56	4	2	0	4	1	3	3	5	3	2	4	4	2	3	3	1	2	5	5	4	2	2	1	5	6	11	3	0	2	8	17	1	11	4	5	140	11	5	1	5	2	8	3	1	5	8	1	5	7	3	8	3	8	0	0	3	3	3	2	1	10	2	1	3	9	5	0	1	10	1	4	5	4	9	0	0	14	1	0	3	0	3	5	3	1	2	2	2	2	1	6	4	2	1	3	2	1	12	1	0	3	1	3	2	4	1	82	6	1	6	1	2	4	9	2	3	366	1	1	3	0	66	4	6	6	1	1	5	3	5	5	1	1	2	1	1	8	7	1	4	0	0	3	3	3	4	2	4	1	4	1	2	10	4	11	2	5	2	3	3	5	5	3	4	3	2	7	2	4	34	5	2	2	2	2	4	4	3	3	1	0	1	7	1	3	2	3	4	1	5	4	1	3	3	2	3	45	9	0	6	3	10	2	9	0	2	7	2	3	4	2	0	2	8	5	6	2	2	1	4	147	16	1	4	1	2	1	5	2	6	0	370	5	7	4	7	6	5	3	7	4	3	1	2	5	1	1	3	8	3	1	7	2	1	4	4	13	2	1	8	1	3	1	4	47	1	2	4	0	13	1	2	5	1	2	3	7	2	4	1	1	6	6	2	0	1	4	4	5	11	2	1	1	4	6	5	3	4	2	0	2	9	7	4	1	2	3	4	2	12	5	5	0	6	7	2	2	4	3	0	2	3	4	3	3	3	2	5	2	6	2	1	4	7	6	6	4	5	2	5	6	9	5	2	4	4	3	4	4	4	4	5	1	5	1	2	4	4	4	14	3	5	2	2	6	3	1	1	1	1	0	2	2	5	0	2	5	1	1	2	3	2	4	2	5	9	3	2	9	2	2	3	6	4	2	3	4	5	3	4	4	0	2	2	1	2	1	5	4	1	2	2	10	1	8	0	6	1	1	0	2	7	3	0	0	0	1	3	4	7	4	1	6	2	6	3	2	1	42	2	2	8	1	0	5	4	3	4	9	4	7	0	5	4	5	1	2	2	1	3	3	8	2	4	3	1	4	1	7	3	3	4	3	2	8	0	3	0	2	2	4	12	2	2	5	1	3	5	4	3	25	0	3	1	1	25	0	0	3	4	6	3	1	9	3	0	3	5	0	3	3	4	2	8	4	8	116	0	1	6	3	3	1	3	5	2	5	0	4	4	0	4	1	8	6	3	2	5	5	4	2	0	1	5	2	3	1	1	3	2	2	7	1	1	6	3	7	1	7	1	3	7	2	6	7	5	5	2	1	2	28	4	0	1	2	1	3	6	2	1	4	1	4	1	1	2	3	8	6	3	1	1	1	1	0	9	1	3	4	1	1	3	5	6	4	6	5	6	1	8	2	7	5	6	6	4	5	3	1	2	3	0	1	3	10	2	7	1	2	1	4	0	1	6	1	3	2	3	3	4	2	1	3	2	1	0	5	7	2	2	1	2	6	2
C[Ins(T):R(0,4)]A	0	2	1	3	3	2	1	0	2	0	0	1	0	4	2	2	0	0	0	2	3	0	0	1	3	0	0	1	0	0	2	1	2	4	2	1	1	1	2	2	3	0	0	2	8	3	3	1	1	0	0	3	3	2	1	1	1	2	3	2	3	0	0	1	3	4	2	0	0	0	0	2	0	1	1	2	0	4	1	2	2	1	3	1	1	0	2	1	0	1	2	2	5	0	4	2	1	0	4	2	0	3	0	0	1	1	0	2	2	1	4	3	1	3	5	1	3	5	0	2	2	6	1	1	4	2	1	5	2	3	0	1	5	0	5	0	4	2	1	2	2	0	0	2	2	3	1	3	2	5	3	2	4	3	5	2	3	1	5	0	7	0	5	8	2	1	0	2	5	0	3	6	1	2	2	4	2	7	4	0	6	2	2	0	2	1	0	1	1	0	1	1	4	1	5	3	0	8	0	3	0	1	1	1	1	1	1	0	1	1	0	2	0	3	3	2	1	3	0	1	3	2	2	9	0	3	2	2	2	4	3	6	4	4	1	7	10	4	2	0	0	1	4	0	1	4	6	2	6	5	8	6	2	3	4	4	3	6	3	4	1	0	3	7	4	5	6	3	5	1	6	2	8	2	1	1	0	3	2	2	6	0	0	5	3	10	1	1	2	1	2	2	0	1	3	0	3	4	25	2	5	2	1	3	3	0	3	7	5	2	2	2	3	3	4	3	0	7	2	5	3	8	1	7	7	1	0	2	8	10	3	4	3	2	36	9	3	3	3	1	1	5	3	6	6	2	4	2	0	8	2	7	2	3	7	6	8	6	0	7	6	3	1	6	2	2	1	5	3	1	5	4	10	1	1	7	3	3	4	2	4	7	2	4	4	5	1	3	5	3	3	1	0	3	1	3	5	5	2	3	2	5	3	6	3	16	6	0	5	5	3	6	3	6	1	209	1	0	3	2	21	3	3	8	3	7	3	0	2	4	3	4	1	0	0	3	6	3	6	1	1	5	2	2	7	6	3	2	4	0	2	7	1	1	0	2	4	4	5	3	4	4	3	2	3	2	4	5	13	3	0	3	5	6	4	5	5	2	7	3	0	7	1	4	6	3	3	3	6	4	2	2	2	1	1	15	3	3	7	4	0	3	9	3	6	6	3	1	2	2	2	6	4	11	3	1	5	3	4	52	2	1	1	2	4	2	5	0	5	0	219	4	2	5	3	5	5	1	5	0	5	2	5	5	0	6	6	6	4	1	2	6	6	3	2	9	2	5	4	1	3	3	4	10	5	1	5	3	5	1	3	5	3	2	3	7	1	5	2	1	6	13	3	1	2	1	6	4	3	7	3	2	6	2	3	2	3	5	9	2	10	5	4	4	1	4	10	2	10	2	6	2	4	3	2	7	8	6	3	3	3	6	9	2	3	3	1	6	3	2	3	5	7	5	4	1	8	5	7	5	3	2	2	5	4	2	0	4	3	2	6	2	2	2	4	7	3	6	6	9	8	6	3	3	7	0	4	5	0	0	3	2	5	2	1	3	3	5	2	5	3	5	3	11	8	3	1	3	5	2	3	7	6	5	0	3	15	1	4	2	8	0	2	2	6	4	2	2	7	1	0	11	1	6	2	5	3	2	2	0	5	5	4	1	1	0	1	2	3	4	3	6	0	2	1	1	1	22	1	6	13	1	1	1	4	2	6	2	1	4	2	5	1	2	1	1	2	1	3	5	7	3	3	6	1	3	4	4	4	4	4	6	1	2	3	3	3	3	4	4	7	0	1	0	2	12	1	0	5	3	2	4	2	4	22	0	1	1	2	8	2	2	4	4	2	2	8	1	4	3	6	3	4	2	6	41	4	0	6	5	0	5	3	3	4	5	2	2	0	1	6	1	2	7	2	3	5	0	2	0	0	3	3	2	3	3	1	2	6	2	3	4	2	1	3	4	1	6	3	4	1	5	6	5	5	4	4	2	3	16	6	2	3	4	2	7	7	2	3	2	6	2	3	1	4	2	2	5	1	5	2	4	5	4	4	3	5	0	3	1	3	4	5	2	9	4	8	3	4	0	6	1	7	9	7	5	1	9	3	4	2	1	5	9	3	7	5	3	0	1	2	0	8	1	2	4	2	2	3	4	0	8	7	4	2	1	8	1	5	2	2	2	3
C[Ins(T):R(0,4)]C	0	0	2	3	0	0	2	0	0	2	0	1	2	2	4	3	1	1	0	0	0	3	1	0	1	1	0	2	1	1	0	0	1	1	2	1	2	0	4	2	1	0	1	0	4	4	0	0	0	2	0	1	1	0	1	0	2	0	3	0	3	1	1	1	0	2	2	4	0	0	0	8	1	1	0	4	1	0	1	0	0	3	6	1	0	0	4	1	1	0	2	0	0	0	1	0	0	1	2	2	1	2	1	1	1	2	3	2	0	1	1	4	0	3	0	2	2	0	1	3	0	3	0	0	4	2	0	1	0	1	0	1	1	1	0	1	0	3	0	1	3	0	1	2	2	1	3	5	3	2	1	3	2	1	2	1	1	1	1	0	1	0	1	5	0	4	1	3	4	0	1	1	0	1	2	4	7	1	3	2	3	5	0	1	0	0	1	2	2	0	2	1	3	2	2	0	1	3	2	0	1	1	1	1	2	1	2	1	1	1	1	1	1	0	0	2	3	4	0	5	1	2	0	8	1	3	3	3	6	3	3	4	5	2	3	9	3	5	1	9	3	0	2	3	1	4	2	0	7	5	6	4	4	1	2	4	2	0	6	2	3	7	11	4	9	6	2	2	6	2	0	2	8	0	4	1	1	2	1	5	8	3	3	6	3	6	1	9	0	6	3	1	3	1	1	2	5	13	54	0	2	2	2	9	2	0	10	4	4	5	1	1	6	8	6	0	3	1	3	5	2	1	3	6	8	1	2	0	5	17	6	6	2	2	80	4	4	4	0	3	6	5	2	14	2	4	5	7	3	2	1	6	2	3	4	3	8	4	2	2	6	4	0	4	3	1	2	4	2	5	2	2	16	2	0	5	3	1	7	0	0	6	6	3	12	3	1	5	2	5	8	5	2	3	2	4	6	4	1	5	2	3	4	6	2	5	16	4	7	2	1	7	14	0	1	299	2	3	3	2	44	7	3	4	2	5	7	1	2	2	2	3	1	1	1	2	10	0	2	3	3	1	1	2	7	2	1	4	2	4	10	8	8	13	3	3	2	7	4	2	4	8	4	6	1	3	4	1	24	2	4	4	3	2	2	5	4	6	7	3	1	5	1	2	3	3	5	5	2	3	3	8	2	2	1	7	4	3	4	3	4	5	6	4	4	7	5	3	4	1	0	5	3	3	6	1	6	2	0	81	3	3	4	3	2	1	5	2	3	4	327	12	3	5	4	7	0	1	3	1	3	1	5	0	0	3	1	8	7	3	1	7	2	3	3	3	2	7	6	3	1	2	5	9	3	1	7	3	9	3	1	7	3	2	2	2	1	4	0	1	10	6	1	5	1	4	4	4	10	1	5	1	2	4	3	2	6	11	3	2	7	5	2	2	2	4	11	4	13	3	6	3	10	0	4	5	6	6	2	3	4	11	6	0	2	3	2	5	4	3	2	3	8	5	4	3	1	3	8	4	11	4	5	4	5	3	1	3	10	5	8	3	2	3	3	3	2	2	5	3	4	0	7	3	2	0	1	2	9	0	2	3	5	1	2	0	3	3	5	2	4	2	5	2	6	7	2	5	3	1	5	4	3	4	1	3	14	3	0	3	4	2	4	2	1	2	3	3	1	5	0	8	2	4	2	2	1	3	4	5	3	1	2	3	0	5	3	12	5	1	5	3	0	2	3	0	3	35	2	3	5	4	3	2	4	1	2	4	1	6	3	8	3	2	0	5	4	2	3	2	5	3	6	3	1	1	3	5	0	4	2	0	4	7	5	3	1	4	4	4	11	5	4	4	4	5	1	5	1	6	1	2	2	4	35	0	0	2	5	7	2	1	7	9	1	2	3	0	4	3	5	1	8	2	3	93	3	1	3	1	1	2	0	5	4	5	1	4	5	3	19	2	4	2	3	2	5	1	1	3	3	2	4	2	0	2	5	1	1	2	6	4	1	2	0	3	2	3	4	1	3	3	6	3	4	4	4	6	2	14	2	3	1	2	6	11	4	3	6	4	5	3	2	2	1	0	6	5	3	3	1	4	5	2	3	3	6	2	2	3	5	4	4	4	8	5	3	4	4	5	3	1	4	5	3	7	4	2	2	2	2	0	2	6	5	3	1	3	2	2	1	1	8	1	7	2	5	4	2	4	0	1	5	5	2	4	3	1	3	3	4	3	1
C[Ins(T):R(0,4)]G	0	0	1	3	0	1	0	1	1	1	1	1	0	1	3	3	1	1	1	2	0	1	0	0	2	0	0	3	0	0	0	2	2	2	3	0	2	0	1	0	2	1	0	1	1	3	1	0	1	2	0	0	0	0	2	1	4	1	1	1	0	2	0	3	2	2	5	5	1	0	0	1	3	0	2	4	3	2	0	0	1	1	3	1	2	2	5	1	1	0	1	1	4	1	4	1	3	1	4	2	0	4	1	0	2	2	3	3	1	2	4	5	0	7	2	2	0	1	1	4	0	6	3	2	0	5	2	2	1	0	2	0	3	3	1	3	0	1	2	2	3	1	3	2	2	4	2	4	1	4	3	3	3	0	3	0	1	0	1	1	5	0	4	4	2	2	1	3	6	1	4	0	1	0	0	2	0	3	2	1	5	4	0	4	2	2	1	5	0	1	2	3	1	1	1	1	2	3	0	2	1	0	2	3	3	4	0	0	1	1	2	0	3	2	2	2	2	5	0	3	0	3	0	3	2	2	3	1	1	3	4	5	2	0	4	9	10	0	4	2	1	1	1	0	1	4	4	0	2	0	4	5	0	1	2	4	2	3	7	9	4	2	6	5	7	4	4	1	4	0	4	3	6	2	4	0	2	1	0	5	2	1	1	0	4	7	3	1	3	3	0	0	2	0	1	3	3	1	73	2	3	1	0	3	3	1	3	0	3	4	1	1	2	6	5	4	3	5	5	2	5	4	2	11	7	1	1	0	8	29	3	4	3	4	76	5	2	3	3	1	6	7	4	3	4	0	3	1	0	5	2	8	2	0	2	2	2	5	2	4	5	0	0	9	0	4	1	8	3	1	6	3	1	0	2	5	1	1	3	2	1	4	6	4	1	2	1	3	1	3	5	6	1	0	0	0	1	2	1	4	2	3	2	0	1	77	5	1	13	1	0	6	6	2	3	566	3	2	4	2	49	4	0	3	1	7	2	3	1	2	2	3	3	2	1	2	2	1	4	0	3	4	2	1	5	5	4	0	2	0	3	6	3	5	2	1	4	6	2	6	1	0	3	4	4	3	2	6	7	1	0	1	4	2	5	5	4	1	10	2	2	5	2	4	2	3	4	4	2	5	1	3	1	1	2	52	2	3	6	3	8	4	6	1	0	4	3	2	5	2	3	6	3	4	3	2	6	2	1	84	9	2	0	1	3	0	2	3	2	1	575	8	1	2	4	6	0	1	3	1	6	1	3	4	1	3	3	6	5	5	1	9	2	4	2	4	0	6	4	2	3	2	1	59	1	0	9	1	12	0	2	3	1	2	3	6	3	4	1	2	6	9	1	2	0	2	4	2	4	3	3	4	4	3	5	1	2	3	2	1	3	6	4	4	0	3	5	3	6	1	1	1	5	1	0	3	7	3	0	5	9	2	4	1	3	1	1	5	5	2	2	3	7	2	5	2	3	0	3	3	4	4	4	2	6	4	4	0	10	6	4	1	4	4	2	4	1	3	7	5	3	4	7	4	3	2	1	4	2	1	2	1	6	1	2	2	1	3	3	2	5	3	1	2	5	3	4	4	4	2	1	3	8	4	4	3	15	0	5	2	1	1	2	3	6	4	1	2	6	4	0	6	2	8	3	2	2	1	0	2	8	4	5	3	0	1	0	5	2	4	7	7	0	5	5	2	1	43	0	3	4	2	3	0	1	1	8	4	1	4	0	1	2	3	2	4	0	3	2	4	6	4	1	5	2	3	3	4	3	3	2	4	1	5	0	3	3	3	1	2	4	2	4	4	2	3	2	3	4	22	1	2	2	3	38	3	1	4	5	7	2	1	3	3	1	7	3	0	0	4	3	6	1	2	5	134	2	1	3	2	2	2	0	3	3	2	3	4	3	6	4	1	3	3	3	1	5	4	2	1	4	2	2	0	1	3	2	3	1	2	4	5	2	1	4	6	0	7	5	1	6	2	1	5	4	8	6	3	2	12	9	3	2	0	2	9	3	1	1	1	3	3	2	2	6	0	3	5	2	0	4	2	5	3	3	2	4	4	2	1	2	2	5	2	6	1	7	1	2	5	7	5	5	5	1	3	0	2	2	4	3	4	1	9	2	4	1	6	2	0	1	0	6	3	5	3	1	2	6	2	2	1	5	2	1	5	8	1	3	4	2	8	2
G[Ins(T):R(0,4)]A	2	1	1	3	1	2	1	2	1	0	0	2	2	2	4	2	1	1	2	1	0	1	1	0	0	2	2	0	2	1	0	3	1	3	2	1	1	1	0	2	1	0	1	1	6	2	0	1	3	3	1	3	3	0	0	0	3	3	0	2	1	2	0	1	2	3	3	3	0	1	1	1	6	1	2	2	1	2	1	0	2	3	2	1	6	0	6	2	2	2	3	1	4	2	3	2	2	0	5	3	0	3	1	3	2	7	2	3	0	3	1	2	0	7	3	2	1	2	3	6	0	6	2	5	3	4	2	1	3	2	2	2	2	3	2	1	4	1	1	1	4	0	0	6	1	2	7	0	0	4	0	3	0	1	10	1	8	0	2	1	2	3	8	9	3	3	6	2	8	1	3	2	3	1	3	4	3	3	5	2	5	5	3	3	3	1	0	5	3	4	6	3	2	2	1	6	0	5	1	4	1	1	4	3	3	0	3	0	1	3	1	2	1	10	1	3	1	6	2	4	2	5	3	10	4	5	3	5	1	3	4	2	3	3	7	10	8	4	1	0	4	2	4	1	2	4	2	1	9	1	10	3	2	2	7	1	2	6	4	4	4	3	3	4	7	3	6	3	2	1	1	4	6	5	3	1	2	4	1	1	6	1	2	3	2	3	2	13	2	1	2	1	8	0	4	5	7	30	8	2	2	2	1	7	5	5	31	16	3	6	3	1	4	5	3	2	2	8	3	2	8	5	3	3	42	0	2	3	10	6	6	34	4	0	19	8	2	4	2	4	3	6	6	3	4	1	4	20	2	4	3	2	2	5	1	8	3	8	9	8	4	3	2	9	14	3	6	6	1	5	4	3	4	3	1	6	2	2	2	2	10	2	0	4	4	3	1	2	5	6	23	0	0	5	3	2	4	3	2	2	6	2	1	4	3	6	12	2	5	3	1	8	13	2	4	71	2	3	2	4	15	3	6	7	0	1	3	4	7	2	3	2	2	0	1	5	20	1	11	3	1	4	3	3	3	9	0	3	2	2	6	17	14	20	5	2	4	7	1	4	4	8	8	17	5	2	3	4	24	3	3	3	4	2	12	8	7	2	6	2	3	5	3	7	4	3	2	3	6	2	2	1	0	4	4	7	2	1	3	5	4	1	15	2	0	3	8	6	2	3	3	5	3	9	2	1	8	3	2	26	10	2	2	4	4	2	7	4	5	3	73	7	4	3	4	8	2	1	8	2	5	4	2	4	1	3	3	6	3	3	8	6	4	4	5	5	3	2	6	5	2	2	4	11	1	3	4	2	8	0	4	6	2	4	5	4	3	10	3	1	9	4	1	2	4	3	2	1	7	3	4	0	3	6	4	1	3	6	4	1	4	1	3	7	1	6	11	3	5	3	6	2	4	1	0	6	2	12	1	2	4	4	0	2	4	3	1	8	2	7	1	1	6	7	4	2	4	4	4	2	4	8	3	7	3	2	3	5	8	5	1	5	5	1	1	6	2	3	4	5	4	5	4	2	5	3	0	9	3	0	2	7	6	1	4	2	3	3	4	1	5	2	7	3	2	5	3	2	6	5	3	0	1	7	0	4	6	2	3	3	2	6	1	5	5	8	1	2	3	4	2	6	3	6	2	2	3	6	4	1	8	5	9	3	2	4	0	6	3	3	7	4	2	1	4	3	3	15	1	8	5	2	2	3	5	1	4	8	0	8	1	3	4	4	1	4	2	1	4	2	5	1	1	4	5	2	3	4	1	6	4	2	1	4	6	3	1	0	5	6	2	4	5	2	0	9	0	0	4	5	0	7	6	2	20	0	2	1	7	5	2	7	5	4	2	3	8	0	12	5	7	3	2	6	3	17	3	0	6	3	2	5	3	5	2	2	4	2	5	1	5	0	4	3	4	7	6	1	7	3	4	1	3	7	3	4	1	1	3	4	8	3	0	2	2	2	1	3	1	6	3	4	8	2	11	5	4	3	6	9	3	6	1	0	2	4	5	3	8	1	4	6	4	2	5	2	8	2	2	3	4	2	2	4	3	4	5	4	4	2	3	2	4	5	8	1	3	3	3	2	8	3	9	5	1	4	1	4	2	6	4	4	4	6	3	4	3	5	3	4	0	2	7	5	1	2	4	8	5	3	2	4	3	5	2	3	6	3	3	0	4	4	4
G[Ins(T):R(0,4)]C	0	0	0	0	0	0	1	1	1	1	0	0	0	1	0	0	0	3	0	0	0	0	1	0	0	0	1	0	0	1	0	0	0	0	1	1	2	0	1	0	2	0	0	0	0	1	0	0	0	0	0	0	0	0	0	1	0	1	0	0	2	0	1	0	0	1	0	1	1	0	0	4	1	0	1	2	0	0	0	0	1	0	2	0	0	2	1	2	0	0	0	2	2	0	1	0	1	0	0	0	0	0	0	1	0	0	0	0	1	3	0	2	0	3	1	2	1	0	0	0	0	1	1	2	1	2	0	1	0	3	0	0	1	0	2	0	0	0	0	3	2	0	0	0	2	1	1	2	0	0	2	3	0	1	1	1	1	1	0	0	0	1	0	0	0	0	0	0	2	0	0	2	2	2	2	1	1	3	4	0	2	3	2	1	0	0	0	3	0	0	1	1	3	3	0	0	0	2	0	1	0	0	0	1	2	1	0	0	0	0	0	0	2	0	1	1	2	1	1	1	1	0	2	1	1	0	3	0	3	1	0	0	1	1	4	5	0	1	1	0	2	1	2	0	1	1	0	0	4	1	4	0	0	0	2	1	0	0	1	1	0	2	4	1	3	1	3	1	0	0	3	0	4	1	1	0	0	1	0	1	2	1	1	4	4	0	0	1	2	1	0	1	0	0	1	0	2	0	9	0	1	0	0	0	1	0	3	0	1	0	0	0	1	2	3	1	0	1	5	0	0	3	1	0	4	0	1	5	2	3	1	5	2	0	20	9	6	0	0	2	1	3	1	5	2	3	1	0	1	1	0	0	1	1	1	2	5	3	3	1	4	0	2	4	1	0	0	6	0	0	3	4	6	0	0	0	2	0	6	0	0	1	0	0	6	0	1	0	1	2	0	2	0	0	0	2	1	0	0	1	1	0	1	4	1	8	5	0	2	0	0	2	3	0	1	83	2	0	0	4	10	2	0	3	0	1	3	2	3	5	2	0	1	3	0	0	2	0	0	2	0	0	0	3	2	0	1	0	0	3	1	2	2	1	0	1	1	6	1	4	0	1	1	4	0	1	0	2	8	2	1	2	2	2	3	5	1	3	5	0	0	4	0	1	3	0	2	0	0	1	1	1	0	0	0	5	2	1	3	6	3	0	2	2	1	2	0	2	0	1	1	3	2	10	0	0	2	3	0	29	6	1	0	0	0	0	1	1	2	0	84	6	2	0	8	3	2	0	0	0	1	2	0	0	0	2	2	5	3	1	1	4	3	0	0	2	0	3	3	2	2	1	2	2	1	2	3	1	4	1	0	6	0	1	0	5	0	3	1	1	6	7	1	2	1	1	3	3	0	1	0	2	0	2	0	1	0	1	1	0	1	2	1	2	0	2	4	0	4	0	1	0	2	0	1	0	2	2	3	1	1	1	3	3	1	2	2	3	0	3	1	3	2	1	1	1	0	4	4	4	5	2	2	2	2	1	0	0	8	2	0	1	2	1	1	1	0	2	0	1	8	0	4	3	0	2	1	1	1	0	0	1	1	1	0	2	1	1	1	2	1	1	4	2	2	1	1	1	1	0	0	2	3	0	1	2	4	1	1	0	0	0	0	1	0	3	1	0	1	0	0	1	0	6	0	1	1	2	1	2	3	2	0	2	0	0	1	4	0	0	3	0	1	1	1	0	0	4	0	0	2	0	0	1	3	1	0	6	1	3	0	2	5	3	1	2	0	2	1	0	2	2	2	1	1	0	2	2	2	3	3	1	0	1	0	1	4	0	1	0	5	0	0	2	0	0	0	0	3	0	1	5	4	3	12	0	1	2	1	2	0	5	0	1	1	1	1	0	1	5	0	0	2	0	1	32	2	0	4	1	0	0	1	0	2	1	2	0	4	1	8	1	2	1	2	0	2	3	4	0	1	1	1	3	2	3	2	2	2	1	2	2	1	0	2	1	0	2	0	3	1	3	5	3	1	3	3	1	4	0	0	1	2	1	1	6	1	0	0	1	5	5	3	0	4	0	3	0	0	2	0	0	0	0	0	0	0	1	2	0	2	6	3	1	3	2	2	1	1	0	2	1	2	0	0	1	0	1	1	1	1	0	1	1	1	2	0	2	3	1	0	1	2	0	1	3	1	1	1	1	1	4	0	2	2	1	2	0	1	0	0	1	1
G[Ins(T):R(0,4)]G	2	2	0	0	0	0	3	0	0	0	0	0	0	1	1	3	0	1	1	0	0	1	1	1	3	0	3	0	3	0	2	1	1	2	1	2	2	1	2	0	1	1	0	1	7	0	0	0	0	1	0	1	1	0	0	1	0	1	1	1	1	1	2	1	0	4	3	3	0	2	1	1	0	0	2	0	0	2	2	0	0	2	3	0	0	0	2	1	0	5	2	1	2	0	1	2	2	1	4	0	0	3	1	0	1	2	0	2	1	2	0	0	0	2	4	1	1	3	1	4	1	3	4	1	1	1	0	1	3	1	1	0	1	1	2	1	0	2	3	2	1	0	0	3	2	2	1	3	0	6	0	1	2	2	2	4	3	2	1	2	2	1	6	3	0	0	0	1	2	2	2	1	1	2	1	0	3	2	2	0	2	1	2	1	2	2	3	8	0	3	1	1	1	0	0	0	2	7	1	2	0	0	1	1	4	1	0	0	1	0	1	2	3	3	3	1	2	2	1	4	2	2	4	7	1	5	2	2	2	2	3	3	1	3	3	13	6	2	1	0	2	1	1	1	1	0	0	0	5	2	7	5	1	1	3	6	3	2	3	6	1	4	4	3	1	2	7	2	5	1	5	1	2	3	2	1	2	2	0	4	2	0	1	0	0	0	6	3	0	3	1	1	2	1	1	1	2	2	52	1	3	2	2	2	0	1	3	3	1	4	3	1	0	2	1	0	1	2	2	4	2	2	2	7	3	1	1	0	9	15	6	3	0	3	66	6	5	2	2	2	2	4	1	7	4	1	7	3	2	9	1	2	1	3	4	1	4	3	8	5	2	0	2	4	1	1	1	6	2	5	2	4	4	1	0	2	0	3	6	1	4	5	1	5	3	0	1	1	4	3	1	3	2	2	1	3	5	0	2	1	6	1	4	4	3	56	4	0	7	3	2	0	6	2	3	279	1	4	2	4	62	3	2	5	0	4	2	1	5	2	0	1	5	3	3	10	8	1	1	0	0	2	0	1	4	4	2	1	3	3	4	8	0	9	0	1	5	9	4	0	4	3	6	0	4	2	3	0	20	4	1	0	3	0	7	6	7	4	7	5	1	2	5	3	1	1	4	4	0	3	1	4	2	2	3	41	2	1	4	1	3	5	15	3	0	3	3	3	3	0	6	6	2	9	3	1	5	3	2	78	9	3	1	2	0	3	4	3	4	2	300	3	3	4	5	6	4	0	2	0	0	3	5	2	1	1	2	7	1	2	2	4	2	4	6	4	5	2	5	8	2	4	1	48	1	2	3	5	7	1	0	3	3	1	2	5	3	8	2	5	3	8	2	0	2	3	6	4	9	5	3	2	4	3	4	2	2	3	3	3	5	1	4	5	2	2	3	4	7	1	4	1	9	1	1	6	2	4	3	4	1	3	3	3	2	2	2	2	2	6	1	0	7	9	5	2	4	0	5	3	8	2	2	5	2	1	1	6	5	8	4	2	1	2	1	7	2	3	8	5	6	3	5	4	3	1	3	5	0	0	4	2	7	0	0	4	3	2	1	0	0	2	3	6	9	6	2	0	3	3	1	4	6	3	6	1	5	1	4	1	3	3	4	5	5	3	2	1	2	2	0	8	2	8	2	5	2	2	6	3	2	5	2	4	2	1	2	7	3	3	2	8	1	1	0	0	2	47	4	3	3	4	2	0	2	2	3	4	2	12	2	4	0	1	2	4	2	2	1	3	6	2	1	2	0	3	2	1	0	4	5	2	3	7	3	1	2	1	1	4	11	7	3	4	2	0	0	3	4	11	1	5	3	1	48	1	1	0	4	6	2	10	6	3	0	1	3	0	1	4	5	4	6	1	6	108	1	0	7	1	1	2	2	3	3	5	2	3	7	1	4	3	2	8	4	6	2	2	3	3	4	5	2	4	1	8	0	3	0	2	6	11	0	0	3	1	1	6	2	2	3	1	9	3	2	4	1	1	3	15	4	1	2	2	1	5	1	3	3	3	4	3	0	0	5	1	7	3	1	4	4	3	4	2	1	1	3	2	0	2	0	1	3	3	2	6	4	4	3	1	4	1	4	2	1	3	3	2	5	1	4	0	0	7	3	7	0	1	4	1	1	0	3	1	0	1	2	5	4	0	2	0	1	1	4	3	5	3	2	1	2	3	1
A[Ins(T):R(5,7)]A	2	0	2	16	1	4	6	3	1	6	2	1	1	6	11	6	4	2	3	5	1	3	1	4	7	5	2	3	3	4	2	3	1	5	3	3	2	3	5	4	4	3	1	4	6	5	6	11	1	0	2	3	9	5	1	2	14	3	3	11	2	2	4	5	2	2	3	20	2	9	1	1	5	5	9	8	2	1	3	5	4	2	6	8	1	4	18	9	3	4	16	1	8	2	12	7	2	0	34	10	1	14	2	2	5	2	14	3	3	4	5	11	8	16	4	14	3	5	1	12	0	38	9	6	22	7	3	7	5	14	4	1	5	5	4	3	5	6	9	7	12	3	1	13	5	3	9	6	3	13	4	20	8	2	16	3	2	0	15	3	2	4	16	35	9	6	11	0	6	3	4	2	8	7	3	7	6	8	8	8	3	7	6	3	4	9	8	12	6	3	6	10	14	4	10	10	6	14	4	2	0	8	7	2	1	3	2	1	4	10	6	1	3	2	9	10	9	8	2	21	5	20	3	8	2	15	7	11	8	8	7	10	4	10	8	17	36	3	6	6	6	7	4	4	7	5	3	4	13	15	9	20	6	8	9	19	18	8	8	26	6	17	28	12	17	13	12	13	26	0	9	4	48	6	8	6	7	6	2	6	12	3	2	11	6	4	5	13	4	18	5	9	2	5	5	5	5	7	278	5	7	7	7	5	7	10	12	7	4	16	16	12	2	12	9	3	6	13	3	27	15	2	10	31	21	2	2	14	13	80	12	6	19	7	776	33	2	28	2	1	15	5	6	22	9	7	15	11	12	11	4	12	5	6	11	14	11	20	9	13	1	1	4	41	6	3	6	33	13	15	9	3	20	7	1	19	8	10	10	0	8	8	9	11	16	5	1	6	2	6	10	11	0	3	13	6	48	4	11	6	4	3	4	2	18	14	13	2	37	3	6	18	13	10	7	1020	6	6	22	8	315	23	3	19	4	15	15	2	13	8	8	5	3	3	5	9	10	3	12	5	2	11	10	9	12	13	6	7	2	1	7	17	3	11	5	8	15	16	12	4	11	11	12	5	9	15	7	14	124	7	4	4	13	9	7	15	11	4	9	6	5	3	14	12	3	11	12	8	6	13	5	8	9	6	7	8	6	6	11	6	29	16	21	1	9	9	8	9	7	12	2	12	28	9	4	2	9	9	22	872	10	7	4	7	6	6	8	2	25	9	1080	14	13	5	5	32	7	12	22	6	12	5	16	4	2	12	4	18	10	6	1	9	8	5	10	15	12	9	20	6	7	10	7	8	12	7	14	4	19	1	5	23	8	12	11	3	4	38	8	4	13	35	5	9	11	7	6	23	22	7	9	3	7	8	34	3	8	5	3	11	31	8	11	5	2	8	33	8	47	10	8	4	13	4	6	4	4	14	9	12	8	8	19	11	9	12	6	14	29	16	4	22	17	11	7	13	24	2	34	16	19	8	9	9	4	10	14	8	17	24	15	7	2	6	14	18	8	9	78	13	6	10	20	19	13	7	12	8	9	5	13	7	33	1	2	5	6	2	7	14	7	8	10	3	14	10	8	10	7	10	10	2	9	7	15	2	9	7	4	18	11	6	9	20	3	12	9	6	12	3	5	24	13	35	4	10	6	3	7	14	31	19	5	7	8	2	1	16	23	4	15	18	2	10	7	8	6	254	12	8	11	11	8	7	12	5	11	3	4	15	3	18	5	5	7	10	11	8	17	6	34	7	14	10	3	12	3	25	5	45	5	3	0	20	12	5	3	3	1	8	81	8	7	24	13	8	7	11	4	4	7	13	10	3	388	3	2	3	20	20	5	11	23	16	10	6	12	0	14	16	16	19	7	4	11	529	6	2	21	6	3	7	1	5	10	12	5	1	10	3	19	2	13	27	14	5	16	12	5	4	6	6	16	5	2	15	2	18	7	13	18	16	3	12	15	18	8	7	11	6	17	3	12	20	27	6	7	6	15	157	14	14	24	6	6	21	13	11	17	7	10	14	5	1	16	7	23	24	7	16	7	7	7	11	23	20	32	31	11	7	16	16	13	13	9	11	21	4	37	5	23	8	9	15	13	4	5	8	7	14	5	2	14	28	17	15	5	15	11	7	2	4	11	7	5	13	6	5	17	1	3	8	7	6	1	10	8	4	10	4	4	22	3
A[Ins(T):R(5,7)]C	6	0	3	5	1	2	6	6	2	3	7	1	1	11	17	1	2	10	4	8	1	0	4	1	3	3	5	4	4	3	3	5	2	12	5	3	3	4	4	6	4	3	5	2	3	7	1	6	1	3	4	2	8	1	2	5	16	6	9	7	4	1	1	4	3	5	3	26	5	4	1	6	4	3	5	13	1	1	4	3	10	5	1	8	1	4	31	5	4	6	33	11	6	0	5	5	1	0	23	11	0	16	7	1	5	3	17	7	0	4	12	17	12	24	9	19	0	2	1	3	3	28	11	4	31	7	3	6	2	11	3	3	1	3	7	5	2	5	11	9	6	6	1	13	3	7	8	4	4	21	3	20	8	4	21	4	7	2	18	4	1	5	15	34	8	3	17	3	3	1	15	5	4	6	3	10	7	9	4	7	8	9	10	4	6	11	5	16	7	4	6	11	6	1	5	10	5	21	5	2	1	4	9	1	5	2	0	1	8	5	6	1	6	9	8	6	9	12	9	13	7	21	2	13	4	17	8	8	10	13	4	9	10	4	7	5	40	8	5	10	8	7	16	3	0	5	9	7	14	18	2	20	1	5	8	17	15	9	11	17	4	9	23	10	28	17	11	16	46	4	11	4	63	8	5	10	10	9	4	7	11	5	1	12	9	5	5	25	7	14	6	11	3	6	5	1	8	10	228	13	9	11	1	0	6	12	6	8	7	16	17	23	4	15	13	4	2	10	3	22	19	1	7	36	25	2	3	9	10	46	18	9	14	6	816	27	6	22	3	6	11	10	9	23	13	11	8	22	18	18	11	9	2	2	8	3	10	22	3	11	2	3	6	38	12	5	4	30	23	12	16	8	23	5	1	17	4	9	13	1	12	9	3	15	34	2	4	1	2	10	14	13	2	2	9	6	63	1	12	7	5	3	4	4	25	11	21	2	34	11	2	10	9	17	8	831	9	3	23	10	278	22	4	22	10	8	15	2	9	11	10	6	16	2	7	20	15	4	12	4	2	6	11	14	15	5	10	7	4	5	2	20	3	11	3	8	8	15	2	11	14	8	10	5	9	7	5	7	106	4	8	10	6	4	8	9	16	9	4	3	5	7	4	15	2	12	17	11	8	24	10	10	19	7	8	3	12	4	15	9	20	20	19	5	7	19	11	19	0	11	1	25	31	5	2	1	13	12	26	749	12	1	10	6	5	3	8	12	21	9	872	8	18	8	7	28	10	6	12	4	16	9	19	4	6	12	8	13	10	2	4	13	19	4	10	12	13	18	19	7	5	6	8	10	8	8	9	2	21	3	6	16	5	11	11	4	5	22	7	8	10	46	8	14	6	6	10	19	42	10	14	2	6	8	34	11	8	8	10	12	40	4	19	9	4	10	31	7	66	19	12	9	13	10	10	8	9	17	9	8	9	9	18	13	2	12	9	18	26	12	8	26	21	11	11	9	17	6	39	30	11	4	14	11	3	14	8	11	13	18	17	4	5	7	9	35	8	5	73	8	15	12	10	20	14	6	14	8	14	6	22	2	34	1	4	7	2	0	8	9	9	10	9	8	19	6	4	17	2	16	4	2	2	3	16	6	10	9	7	14	12	4	4	25	10	5	5	4	8	5	12	23	21	41	12	7	0	5	10	14	42	21	10	16	9	0	3	19	31	9	11	16	2	5	8	1	5	167	12	14	12	16	2	8	13	10	10	3	2	25	4	12	4	12	5	2	16	5	15	5	17	10	18	7	4	7	2	29	2	45	6	4	0	23	12	3	4	3	8	5	78	3	8	27	10	8	4	17	5	10	5	4	17	7	234	2	3	6	23	20	6	7	28	27	16	8	13	1	15	16	10	16	13	6	8	490	11	0	14	6	4	10	4	6	11	14	8	5	7	9	13	0	16	19	17	9	19	16	3	6	8	5	15	7	4	14	6	13	3	6	23	7	2	5	9	20	8	10	11	4	19	5	12	19	15	8	5	9	10	178	21	10	29	10	4	25	11	16	12	12	4	10	6	8	17	13	19	23	5	11	3	9	4	5	26	11	25	45	12	7	20	9	22	13	9	14	27	3	27	8	12	4	9	12	15	8	2	10	6	17	13	3	5	22	18	14	7	17	8	5	2	0	12	6	6	10	9	6	13	4	3	5	7	8	2	4	11	3	18	6	8	24	7
A[Ins(T):R(5,7)]G	0	0	5	8	4	3	3	3	3	6	4	4	5	7	16	3	2	10	1	4	1	7	5	2	5	4	5	1	5	8	0	2	1	6	5	1	0	4	11	8	3	6	2	6	4	7	4	7	1	4	3	6	4	4	0	3	12	2	6	3	6	1	2	8	4	3	9	25	13	6	5	3	2	2	5	6	2	5	5	4	4	9	5	16	2	3	22	3	0	3	20	4	7	4	11	13	2	0	19	12	2	9	4	3	3	7	9	3	1	2	10	16	9	19	3	37	1	7	1	7	1	33	4	5	19	11	3	9	12	21	5	2	5	5	7	4	2	1	6	4	7	4	5	12	5	4	10	5	6	15	3	22	4	3	16	7	4	7	19	4	2	4	17	37	5	3	9	5	10	3	15	3	3	6	1	14	2	5	1	6	2	3	4	6	5	4	7	9	4	2	6	6	8	3	5	13	2	16	6	6	1	4	7	2	3	1	2	0	8	7	2	6	2	8	10	7	13	13	7	6	12	17	5	7	3	13	13	5	8	17	11	12	5	9	8	10	31	6	12	5	5	3	7	1	2	8	6	4	13	9	3	23	6	11	8	22	16	8	7	32	3	15	30	12	22	9	17	17	27	0	13	5	44	8	7	4	8	9	3	17	16	3	3	14	10	8	4	12	10	17	13	13	3	4	6	4	7	3	305	8	8	5	4	4	3	6	8	8	6	22	10	19	1	11	10	9	7	17	8	19	18	4	7	36	19	2	7	15	12	93	15	4	12	8	1076	48	8	28	2	3	8	8	4	23	16	11	13	14	16	21	7	15	0	2	10	8	13	16	5	9	4	1	7	39	11	5	1	19	13	17	18	6	20	2	1	11	4	9	10	2	14	17	9	9	21	6	2	2	1	4	12	9	4	6	8	5	61	7	9	7	4	3	7	5	19	30	15	9	33	7	4	7	12	16	6	1144	6	3	16	6	369	29	7	20	9	8	11	4	9	9	10	2	6	0	4	15	16	0	12	6	1	11	11	6	11	14	14	7	3	0	9	21	6	18	4	8	10	20	5	8	4	8	13	4	5	4	1	10	142	5	5	4	15	6	10	17	9	13	10	2	9	4	9	10	0	11	14	10	10	14	5	12	16	9	11	15	10	8	10	5	31	18	26	5	4	13	16	9	1	7	3	10	29	5	1	5	13	15	28	1028	14	6	3	5	7	0	7	12	13	4	1188	3	15	4	5	33	9	11	25	10	17	7	27	8	4	15	3	23	13	8	4	9	15	8	12	22	14	12	14	4	7	7	10	14	5	6	8	3	13	2	7	15	6	12	14	3	4	36	8	8	9	31	6	10	11	9	9	16	30	10	9	4	9	3	31	5	8	9	6	23	18	5	11	11	6	7	32	9	67	20	9	3	18	11	6	5	5	8	3	12	6	3	9	8	8	7	7	14	31	11	4	25	23	16	7	10	11	2	37	19	19	3	12	11	1	12	12	12	23	27	14	6	2	4	13	29	7	20	101	8	5	9	12	25	11	4	8	9	13	4	25	3	40	3	3	8	5	1	8	10	9	5	5	11	11	2	16	7	6	19	7	3	3	13	17	4	11	11	8	10	18	15	4	20	5	14	9	2	14	7	13	21	13	51	4	9	7	5	15	12	35	29	3	14	7	5	4	21	35	8	15	23	2	15	5	6	8	260	18	14	20	7	13	8	7	22	21	4	2	20	4	15	8	5	2	5	10	1	20	10	24	12	16	7	6	11	5	9	4	54	9	5	1	12	5	3	8	5	8	7	92	3	12	19	3	11	6	17	10	18	10	6	14	6	303	9	1	5	33	16	6	12	44	19	11	11	17	0	10	19	16	21	14	8	14	708	5	2	19	2	5	5	2	6	12	4	3	1	9	7	18	3	17	28	25	10	14	20	7	13	10	9	12	5	1	15	3	12	7	9	13	11	2	7	9	13	13	7	11	4	25	3	16	35	19	5	10	10	12	212	20	14	19	7	7	19	10	12	17	9	4	18	7	6	14	14	28	21	3	11	9	8	8	6	34	12	26	35	22	7	27	11	21	14	8	15	21	4	33	7	21	10	12	12	15	3	3	8	7	11	7	2	7	22	13	17	2	17	15	3	1	2	16	16	10	5	2	8	21	3	5	3	10	7	5	7	10	4	17	8	14	18	1
C[Ins(T):R(5,7)]A	0	0	1	5	0	1	0	0	0	3	1	0	0	4	4	2	0	3	4	2	1	0	1	0	4	1	1	0	3	6	0	2	1	6	1	1	3	2	6	2	3	1	1	2	2	0	0	5	0	1	2	2	0	2	1	1	3	1	2	4	1	0	3	3	4	2	4	17	1	0	0	3	0	0	1	4	0	0	1	1	2	1	4	3	1	1	7	0	0	1	5	2	4	0	4	3	0	0	15	5	1	8	1	3	4	2	8	3	0	1	1	6	2	10	1	15	0	1	0	3	0	9	8	1	9	6	0	6	6	3	0	1	4	0	5	0	0	3	2	4	4	2	0	5	1	2	5	2	4	4	3	9	1	2	8	1	2	3	9	1	3	1	6	17	10	3	4	0	2	0	2	0	4	3	4	2	1	5	3	3	3	2	3	0	1	4	4	7	3	3	3	3	4	2	4	4	2	2	1	0	0	0	2	2	2	0	2	0	4	0	1	3	1	4	1	6	3	5	1	9	2	8	4	5	0	8	1	2	4	5	2	3	7	1	6	10	16	4	3	2	1	0	6	1	0	3	4	3	8	2	2	7	0	2	5	4	9	5	4	6	1	6	8	5	7	5	7	10	9	1	6	2	17	3	2	2	4	1	1	8	5	2	2	4	5	1	4	13	3	14	4	5	1	1	3	1	6	5	97	2	3	1	2	2	5	5	2	6	6	10	5	6	3	5	3	4	5	10	4	11	5	2	2	12	10	1	2	8	9	44	2	2	12	4	352	7	4	10	0	1	9	0	2	8	7	4	4	9	6	5	3	4	4	1	0	1	7	9	1	10	2	1	4	25	3	1	3	10	4	10	6	1	9	5	0	9	4	5	0	1	6	4	5	5	8	5	2	1	1	4	6	6	1	4	4	4	23	1	4	5	1	1	1	4	10	7	2	3	24	4	1	5	3	5	3	418	6	1	11	5	133	14	1	14	1	4	7	1	5	2	8	3	6	2	2	7	8	0	9	5	1	5	5	9	6	3	4	6	4	1	1	10	2	4	1	4	6	7	2	6	7	6	4	2	3	6	1	7	58	3	4	3	4	3	4	4	7	5	5	2	1	6	7	4	1	1	10	1	6	3	5	3	8	2	7	3	1	2	3	4	13	8	14	4	4	3	3	7	1	5	0	8	7	5	2	4	5	3	10	379	7	0	2	4	2	2	4	2	2	6	451	6	12	6	1	12	3	3	10	1	9	6	7	1	2	3	2	9	4	2	2	4	10	4	5	5	8	4	10	2	4	5	2	5	0	1	3	4	10	1	2	9	3	5	4	5	2	10	4	3	8	14	4	4	3	7	4	6	17	3	5	0	5	1	14	3	3	4	2	8	22	2	8	4	4	4	12	5	35	9	8	4	5	2	2	5	3	2	1	6	4	4	5	3	3	7	1	8	14	8	0	12	10	7	6	8	7	3	17	7	8	5	2	6	2	4	7	9	4	5	9	3	3	3	5	13	6	7	33	5	2	9	5	8	6	5	3	5	2	0	10	2	16	0	1	4	4	0	3	4	5	3	2	3	6	2	3	4	4	8	5	3	3	3	5	3	6	4	3	6	8	0	1	0	3	7	3	1	10	4	6	10	9	25	2	2	0	1	4	8	11	5	2	7	3	2	1	8	11	3	8	11	2	4	3	1	2	120	4	6	5	6	2	2	1	4	11	1	1	10	1	1	2	2	2	3	8	1	9	2	9	4	4	4	1	6	3	7	3	16	2	4	3	6	6	1	5	3	1	2	29	1	6	10	2	3	0	5	4	5	4	0	2	3	160	2	0	1	9	9	2	4	12	10	7	3	10	1	5	2	5	10	4	2	3	216	1	1	5	2	4	2	1	3	1	5	3	1	6	2	8	1	10	6	4	7	7	2	4	3	3	4	2	7	1	6	0	4	7	8	12	7	1	2	3	7	6	3	0	2	9	2	5	12	8	2	3	3	4	49	8	6	16	5	3	4	6	11	6	3	4	0	6	6	8	2	11	8	2	9	3	2	5	1	12	3	12	11	5	3	10	7	7	9	4	9	6	0	8	3	5	3	5	7	8	1	1	10	3	7	2	4	1	12	9	10	2	10	5	0	0	1	6	1	3	4	3	0	7	3	4	2	4	2	0	4	5	1	5	1	4	6	2
C[Ins(T):R(5,7)]C	0	1	4	4	3	2	3	2	4	1	2	1	3	0	11	2	2	3	1	5	2	0	1	0	1	1	1	0	2	3	0	1	1	7	2	2	2	1	3	3	2	0	1	3	1	3	4	2	1	4	3	4	4	1	2	0	8	3	7	2	3	1	3	1	2	2	4	16	0	4	3	8	3	2	3	4	2	3	0	4	4	1	2	2	3	1	14	0	2	3	11	3	2	2	6	3	1	1	19	5	0	6	1	0	4	3	10	1	0	3	4	7	5	12	3	14	4	2	2	4	0	17	8	1	17	3	0	1	3	12	0	2	2	2	5	3	1	2	2	7	2	4	3	3	2	3	2	1	2	10	2	14	3	2	17	2	0	2	9	1	0	0	9	14	4	4	7	1	0	1	8	1	1	5	0	4	3	5	3	3	6	3	0	1	1	2	2	10	4	2	7	4	2	0	4	3	3	7	1	0	1	1	5	4	2	0	1	0	2	3	2	3	2	2	8	2	10	7	3	2	3	10	5	7	4	8	3	5	2	6	5	7	5	6	9	7	25	4	4	1	2	3	2	0	1	3	6	0	5	4	2	13	0	6	8	9	7	6	5	10	11	8	27	9	15	4	6	8	15	0	2	2	23	3	3	1	8	5	1	3	11	1	2	5	12	0	5	11	8	10	6	7	2	4	5	1	1	5	97	1	5	4	4	1	1	4	3	5	4	9	10	12	2	10	7	4	3	8	2	7	3	2	3	10	16	3	5	6	16	20	8	9	14	3	437	21	3	12	2	4	6	5	3	16	9	3	9	13	6	8	3	7	3	3	1	2	8	13	4	7	2	9	3	24	5	1	5	15	11	9	11	2	17	1	2	23	5	5	9	2	3	3	3	11	13	3	2	2	4	3	2	8	3	2	6	5	36	1	6	8	2	2	3	1	9	8	12	3	17	4	2	6	1	5	3	493	5	3	9	5	140	13	2	13	3	4	7	0	7	7	10	4	1	0	4	12	5	1	6	3	0	6	5	11	6	6	5	5	3	1	3	12	3	17	1	10	6	12	2	4	5	4	6	6	1	3	5	5	61	2	5	2	6	7	5	9	6	1	0	1	4	2	3	12	7	7	9	4	8	6	11	5	7	1	2	5	2	4	13	7	14	8	11	2	3	13	4	10	6	3	2	7	18	2	4	1	5	6	15	427	7	1	6	2	5	0	6	6	8	6	514	5	7	5	2	18	1	2	7	4	9	0	7	2	1	4	3	7	5	3	1	8	10	5	6	7	8	9	5	5	4	7	5	2	2	5	5	2	8	0	5	13	3	3	12	5	1	18	3	2	9	16	2	6	6	3	3	10	22	5	5	1	4	1	19	3	5	6	4	6	19	2	7	4	2	2	17	3	50	5	7	3	16	7	5	1	3	7	9	5	4	10	9	7	3	8	5	12	18	12	0	10	13	2	4	6	12	1	25	10	6	3	4	7	0	7	11	4	9	14	9	2	1	1	7	20	4	8	64	9	5	5	5	11	8	1	4	5	10	1	14	3	18	1	4	3	4	0	3	5	4	3	5	5	10	5	8	10	1	4	3	1	2	9	10	2	3	1	3	8	7	5	1	13	6	9	6	2	12	4	2	10	7	24	1	5	1	3	1	8	24	6	2	12	5	1	1	7	15	4	7	12	2	8	9	5	4	89	3	3	11	6	1	5	6	7	10	1	1	11	4	5	3	3	0	2	5	4	11	2	10	3	11	4	1	6	2	2	4	25	4	6	1	12	6	3	4	1	0	9	55	3	11	13	5	3	3	6	6	10	3	5	3	2	119	2	2	1	10	9	4	5	19	12	5	5	10	0	6	9	8	12	8	1	4	302	6	3	9	6	2	5	3	1	8	3	3	6	9	6	25	5	11	20	9	5	7	7	4	1	2	2	5	3	3	6	4	7	5	7	7	7	3	5	7	3	3	6	5	4	12	0	4	13	9	3	2	3	2	107	10	9	19	1	4	17	3	9	6	4	6	9	5	5	12	5	11	19	6	15	10	1	3	2	16	7	22	23	9	2	16	10	8	10	2	10	10	5	15	4	16	1	9	5	3	8	1	7	4	6	8	2	2	13	7	6	2	6	3	0	2	2	7	4	4	2	1	3	9	1	3	5	8	2	1	4	4	1	3	0	2	13	6
C[Ins(T):R(5,7)]G	0	2	0	5	0	1	3	2	1	2	5	1	0	1	7	2	0	0	0	1	0	3	3	1	3	2	2	1	1	3	1	1	1	3	3	3	0	0	3	9	1	2	1	2	2	3	1	3	2	3	1	0	7	4	1	1	6	2	6	4	3	0	0	3	4	0	5	13	1	3	0	3	1	0	1	4	1	2	1	1	1	1	1	9	0	5	8	4	1	2	10	1	4	1	6	2	2	0	16	6	1	9	2	1	2	3	7	1	1	0	5	6	8	8	1	15	3	9	0	9	1	16	3	2	10	2	2	2	4	9	1	0	3	1	3	1	0	3	9	3	4	1	3	8	3	6	3	2	0	6	3	9	3	1	7	3	2	1	6	0	0	1	13	24	6	2	4	1	2	0	4	4	1	2	3	3	3	2	3	2	3	3	3	0	3	1	1	4	6	3	7	6	10	1	1	4	1	13	5	3	1	3	3	6	1	2	0	0	6	2	1	0	2	8	5	8	5	5	1	7	2	7	5	3	2	7	6	2	4	3	7	7	3	4	3	4	24	4	1	3	0	4	5	0	2	6	2	3	8	3	3	14	0	7	6	9	22	7	7	20	2	6	14	6	13	5	5	7	15	0	0	3	28	2	3	3	2	6	0	7	4	3	5	2	1	5	4	5	3	8	3	8	0	0	5	3	5	5	132	4	6	2	2	0	2	3	4	3	1	10	8	8	1	8	1	2	6	5	2	8	7	2	3	10	17	3	3	3	6	37	3	6	10	6	578	21	7	18	0	3	7	2	3	11	5	3	0	13	12	11	4	8	2	1	4	5	5	15	2	12	3	1	2	19	2	2	7	18	4	5	9	1	8	2	1	11	2	4	7	2	4	12	3	6	16	2	2	0	3	2	7	3	2	3	3	6	27	1	1	2	1	4	2	3	10	10	13	7	13	0	1	3	4	2	3	601	1	5	9	3	173	11	2	13	1	7	6	1	3	4	3	3	6	1	1	8	7	1	12	3	0	7	5	6	8	2	6	3	1	1	2	7	2	7	2	6	11	8	5	3	6	6	5	3	3	3	3	8	70	6	1	4	9	1	3	18	6	5	5	2	5	5	1	8	2	8	9	2	6	7	8	5	7	2	7	9	9	4	6	4	12	5	9	2	2	7	2	6	3	4	1	3	17	2	2	3	5	7	14	517	4	5	7	4	6	1	2	4	10	3	639	1	7	0	5	26	5	3	11	7	13	3	4	7	5	5	1	8	3	4	3	5	11	2	6	11	14	3	9	4	4	4	7	7	3	3	2	3	7	3	2	8	4	6	12	3	2	16	5	1	6	20	4	2	3	4	7	6	10	7	2	5	4	1	12	4	7	2	4	7	20	2	9	5	2	6	14	5	39	9	3	3	7	4	3	3	5	9	5	7	4	2	9	4	3	3	5	16	9	4	0	8	7	7	6	7	7	0	14	8	7	4	2	4	2	5	10	7	7	14	7	6	3	1	7	21	2	13	60	5	4	9	9	7	9	4	5	3	2	0	12	1	13	0	6	3	2	1	4	5	3	1	4	1	5	3	6	9	2	4	5	0	4	1	4	4	5	4	11	6	12	3	4	9	6	6	4	4	4	3	6	9	9	26	4	6	0	1	2	5	17	12	5	9	2	2	0	12	24	4	6	10	1	5	9	0	5	130	8	15	4	8	2	6	4	7	7	4	0	18	2	7	5	2	1	1	4	5	11	3	14	7	4	7	0	7	0	14	1	19	2	7	0	9	8	1	2	3	7	2	50	2	3	15	5	7	3	2	5	5	4	3	8	3	160	2	2	1	15	6	6	8	23	14	9	6	5	0	8	7	4	9	4	2	3	358	3	0	11	4	2	2	4	1	6	9	1	0	4	1	9	2	8	15	9	5	15	7	5	4	7	7	7	2	0	10	4	14	0	7	7	7	3	0	7	4	2	3	7	3	9	0	6	16	6	3	3	5	7	98	5	5	17	2	5	12	7	5	7	6	2	4	4	3	9	2	10	17	2	7	8	4	3	3	14	9	16	21	9	3	17	12	10	5	6	6	11	1	22	3	11	5	4	7	8	2	5	6	4	7	4	2	6	12	6	9	0	6	8	5	3	0	8	7	6	4	2	2	8	2	2	0	5	5	2	5	6	0	5	4	2	8	3
G[Ins(T):R(5,7)]A	0	2	0	2	1	0	2	2	1	1	0	1	1	4	7	1	1	1	1	2	1	2	1	0	1	4	1	1	4	1	0	3	1	1	1	1	0	1	4	2	1	0	1	2	1	2	1	0	0	3	0	2	1	0	0	1	3	1	2	1	2	0	1	6	2	1	2	8	1	0	0	2	1	0	4	10	1	1	2	0	2	1	0	4	0	2	10	4	0	2	7	4	1	0	2	1	0	2	14	4	0	3	2	2	2	3	7	1	0	2	8	6	7	9	2	11	2	2	0	2	0	11	5	2	9	2	0	2	2	5	0	0	1	3	0	0	2	3	4	3	2	2	1	5	3	3	3	1	1	4	1	3	2	2	8	1	1	2	4	0	2	0	6	15	4	5	4	0	2	0	3	0	5	3	0	2	3	4	2	2	4	0	2	1	4	4	2	9	4	2	2	3	1	0	3	5	3	5	3	0	0	2	1	1	5	0	1	1	3	4	1	1	2	1	2	4	5	5	4	3	1	8	0	4	2	3	0	1	2	7	1	5	4	2	2	8	19	1	0	1	4	3	2	2	1	2	3	4	3	7	3	11	0	5	6	7	3	4	5	5	5	3	6	6	9	2	7	3	12	1	3	2	18	5	7	1	0	4	3	0	4	5	0	5	3	1	5	8	1	6	1	4	5	1	2	1	3	1	116	1	5	2	2	2	3	5	3	1	3	8	2	7	2	3	1	3	1	4	4	6	7	1	1	6	9	2	3	4	3	32	0	5	8	0	418	14	4	10	0	1	7	6	2	8	3	2	3	7	2	4	3	3	0	1	2	3	1	9	1	6	0	1	1	25	2	2	2	14	11	5	8	3	8	1	1	6	2	3	2	1	4	2	3	5	7	1	1	0	1	1	4	4	1	3	2	2	21	4	0	3	1	1	3	2	8	8	7	4	17	5	1	7	2	2	1	460	4	2	7	4	169	12	2	6	3	4	4	1	3	2	2	1	0	1	1	8	6	2	7	1	1	4	3	10	3	1	4	2	0	2	3	8	0	3	2	1	3	7	4	4	4	2	5	3	3	2	3	3	58	1	3	5	9	2	2	5	6	4	4	4	3	3	6	3	7	7	5	3	4	3	3	4	1	0	2	5	7	1	7	5	7	5	14	2	4	9	2	4	1	3	2	6	7	5	2	1	5	1	10	464	6	0	2	3	2	0	3	3	7	2	491	8	3	1	1	13	3	1	9	1	9	4	4	5	2	4	2	3	4	5	0	7	2	4	6	1	6	2	9	4	3	5	4	5	6	2	3	0	6	1	4	7	4	2	3	5	3	13	2	2	4	12	3	2	3	2	8	7	14	1	6	2	6	1	8	0	1	2	1	6	15	3	3	6	1	0	11	6	28	2	1	1	2	5	2	1	1	3	2	7	3	1	8	1	4	8	6	6	7	5	2	2	10	7	2	1	4	4	20	10	2	3	4	2	0	9	8	5	8	8	10	1	0	3	3	11	0	3	33	7	5	7	8	8	3	1	4	3	6	0	8	0	12	0	3	4	2	1	3	2	4	4	2	0	9	2	5	9	3	7	3	0	3	2	10	2	7	3	2	3	10	4	2	7	4	0	1	1	4	0	5	5	3	12	1	7	1	3	5	6	10	5	2	5	3	1	1	14	11	5	4	8	3	8	3	3	0	121	5	5	7	6	2	5	4	1	5	3	1	4	0	6	2	2	3	2	5	5	6	1	8	3	3	3	4	1	2	2	2	25	2	6	2	8	2	3	0	2	2	4	29	0	2	6	2	5	1	6	2	2	2	2	4	3	189	3	0	1	7	12	3	10	12	9	5	2	5	1	9	8	11	2	3	6	4	267	4	0	7	7	2	2	0	5	1	2	1	0	3	4	12	1	13	16	10	3	2	6	1	2	1	5	7	3	2	5	3	9	3	1	2	6	0	2	4	3	3	3	6	3	7	5	7	11	7	4	3	2	6	78	2	7	13	2	3	9	3	8	4	6	1	6	2	3	9	5	7	11	2	5	1	3	5	5	9	7	11	8	5	0	14	4	7	6	1	3	6	2	12	4	14	6	9	2	4	2	1	2	3	8	3	2	4	3	8	8	0	7	3	1	1	0	6	7	0	4	2	0	5	3	1	3	5	2	1	4	4	2	3	0	2	8	0
G[Ins(T):R(5,7)]C	2	1	0	4	0	1	1	2	0	1	3	2	0	3	8	2	2	5	0	1	0	0	3	0	2	3	4	3	3	3	1	2	0	4	2	1	1	0	6	7	0	4	1	2	4	1	2	3	0	2	1	2	4	3	1	1	8	3	5	4	5	1	2	4	2	1	4	9	3	2	0	2	5	0	1	14	0	0	0	1	6	5	2	8	2	1	17	4	2	0	9	4	3	0	4	5	1	1	7	5	2	7	3	0	2	2	6	1	0	0	6	10	6	7	2	10	1	1	0	2	0	10	4	0	9	7	1	1	5	9	3	0	2	2	2	2	2	1	6	4	4	1	2	3	0	1	5	4	0	7	2	12	1	0	11	2	2	4	7	0	6	0	7	21	3	2	4	0	2	4	7	3	3	7	5	8	1	5	2	4	3	3	1	0	3	6	3	9	1	4	3	7	1	3	2	4	1	7	4	0	0	0	3	1	4	2	1	0	8	6	1	4	3	8	3	2	3	5	0	7	2	8	4	3	1	6	4	3	5	7	4	3	3	5	2	5	23	5	3	2	3	3	5	1	0	4	3	3	3	6	3	9	0	3	4	9	9	7	2	11	4	6	15	7	10	5	9	4	10	1	4	4	28	3	3	4	3	5	1	5	4	3	2	9	7	4	5	2	7	7	3	6	0	0	1	2	4	3	123	2	6	6	2	1	1	5	2	3	7	9	11	12	1	8	5	3	5	7	5	12	6	0	3	22	10	1	3	8	4	40	8	4	10	4	556	12	2	8	0	1	4	0	3	19	7	3	3	5	6	7	0	10	1	1	3	6	6	11	3	3	0	1	2	17	3	3	3	19	16	7	11	2	11	2	1	9	1	5	5	2	3	5	9	7	14	1	1	3	1	1	7	8	2	1	4	3	18	4	10	3	5	4	2	1	7	9	8	2	19	5	4	5	4	13	2	524	4	4	10	6	179	8	1	9	0	10	4	2	5	4	8	0	1	2	4	6	7	0	6	7	1	4	6	5	12	6	1	2	1	1	1	13	0	7	2	2	6	14	5	7	3	2	5	1	3	6	0	8	79	1	5	3	5	3	7	8	5	4	1	3	1	2	4	19	5	6	9	2	6	10	5	5	5	1	9	7	7	3	10	4	12	6	10	2	1	12	6	8	4	7	2	9	9	4	3	1	4	4	18	556	6	2	5	6	3	2	9	5	11	8	550	3	10	2	2	18	3	2	8	0	7	1	6	5	1	4	5	8	2	2	2	12	2	3	5	5	14	6	10	1	6	2	4	9	6	5	4	1	7	2	2	17	7	3	5	0	2	10	5	2	6	18	3	7	1	8	0	3	12	9	3	2	1	3	11	5	8	2	3	7	17	1	5	3	4	4	12	2	34	4	3	5	7	0	1	2	3	4	7	6	7	5	8	5	2	6	4	10	17	3	1	9	11	9	2	9	11	2	18	10	6	4	3	2	1	6	1	4	13	11	5	6	1	4	4	19	2	5	50	6	3	3	12	10	9	4	1	8	2	0	13	1	25	1	2	1	7	2	10	2	4	6	3	3	6	4	1	8	2	4	3	2	3	6	6	1	4	7	0	9	9	0	4	6	2	5	5	2	5	0	4	7	9	23	2	12	1	3	1	9	14	13	2	6	0	1	4	19	5	3	8	9	2	5	4	2	2	112	4	5	7	4	4	6	3	5	4	1	0	8	0	7	0	1	2	1	3	3	6	2	6	4	6	9	0	7	1	10	3	19	2	4	0	19	6	2	7	2	5	6	43	4	10	5	7	7	7	6	3	4	5	2	9	3	160	2	4	3	7	3	3	7	6	11	6	2	6	1	7	13	6	16	13	4	4	358	5	1	6	3	1	7	4	0	5	16	3	2	4	2	19	1	7	12	6	6	6	9	1	5	5	6	7	4	4	12	1	10	4	7	6	9	1	5	8	9	5	3	7	1	11	3	9	13	9	10	2	9	5	110	14	6	9	1	3	9	10	7	5	7	2	5	3	1	7	3	12	15	2	6	5	4	4	4	8	4	18	13	2	3	17	14	13	14	5	6	7	2	11	5	13	4	4	9	12	4	2	3	4	7	4	3	2	10	6	5	3	2	6	2	1	1	8	5	5	2	2	1	5	1	2	6	4	2	1	3	3	2	3	1	7	17	1
G[Ins(T):R(5,7)]G	1	1	1	8	0	3	2	0	0	0	4	0	1	3	8	2	7	3	1	3	1	0	5	1	2	4	2	2	0	5	4	3	1	8	5	0	4	0	1	3	1	2	1	1	4	3	1	4	0	2	0	4	7	1	0	2	9	4	9	4	4	0	1	3	2	2	5	20	3	5	1	0	1	2	3	4	1	0	0	2	4	2	3	4	1	0	11	3	0	1	8	3	8	1	5	5	2	1	11	4	0	4	3	3	2	5	7	3	0	1	0	7	6	8	2	12	0	1	0	6	2	10	1	1	13	4	0	4	3	11	0	1	4	1	1	0	5	1	4	6	3	5	3	4	1	2	9	3	1	14	3	11	5	1	10	1	1	4	11	4	1	1	9	18	4	6	7	1	1	1	2	2	2	4	0	5	2	4	1	8	3	3	2	3	5	4	3	10	7	2	3	4	2	0	6	9	1	10	2	2	1	5	2	5	1	1	2	1	6	4	1	1	1	5	5	5	8	9	3	5	3	11	1	9	1	9	6	5	8	8	4	5	11	7	3	9	32	6	4	6	5	4	3	2	2	1	1	3	6	2	5	22	1	5	7	9	10	5	6	13	4	5	15	8	18	12	7	6	13	2	6	2	34	4	5	2	5	2	2	5	5	3	4	12	6	5	5	11	3	10	4	4	1	3	4	1	2	2	239	3	7	3	6	0	4	4	7	8	6	9	9	7	2	10	5	3	5	4	4	11	10	2	1	14	15	2	2	9	6	62	13	4	4	8	775	16	6	23	1	6	3	3	4	23	4	6	3	13	5	8	7	8	3	3	3	5	8	14	3	6	2	2	5	21	4	2	4	21	15	12	10	2	13	2	0	8	3	5	9	1	5	8	4	4	15	3	1	0	0	1	5	5	1	4	3	5	37	1	5	4	2	3	5	1	11	15	8	2	19	7	6	11	3	3	3	913	3	9	6	7	317	18	0	10	1	11	9	4	3	5	9	2	8	2	4	13	9	2	6	3	2	6	2	3	8	7	4	8	3	1	1	6	3	9	2	7	3	9	6	2	3	1	7	1	3	2	1	4	109	1	3	9	6	2	12	14	1	8	6	4	5	2	1	3	3	13	5	4	6	9	7	1	7	3	4	8	8	5	6	5	8	7	14	1	3	14	12	7	6	6	0	7	10	2	5	0	10	5	13	928	7	5	2	4	2	1	5	7	17	2	991	4	10	7	4	17	6	4	16	3	12	5	12	4	2	2	4	16	2	3	4	5	8	9	5	10	9	5	8	6	7	5	8	7	1	4	5	1	11	5	4	5	6	5	10	2	4	19	2	2	8	18	4	2	5	10	9	4	17	4	6	4	7	3	13	3	9	4	2	9	14	3	5	8	3	4	13	7	55	9	2	3	9	4	6	1	4	11	6	7	9	3	12	6	2	7	6	13	16	3	3	13	7	12	3	12	17	2	27	13	16	1	4	2	1	4	8	11	13	8	9	4	3	1	9	23	1	8	63	8	4	6	6	11	7	6	4	7	4	1	15	0	25	1	1	2	3	5	1	3	7	3	13	4	10	4	13	9	5	7	3	6	5	3	13	2	7	5	4	13	9	4	5	10	3	7	6	6	7	3	5	17	16	20	2	5	1	1	1	14	21	17	1	6	3	2	3	20	20	2	7	8	2	7	3	2	5	196	6	7	8	6	6	5	4	7	7	2	4	10	4	9	3	1	2	1	6	3	10	1	10	8	10	4	2	6	4	10	0	29	1	4	1	10	9	0	5	5	10	8	66	3	6	17	3	6	3	13	4	13	1	6	7	2	344	0	0	1	14	11	5	12	18	16	7	4	4	2	22	13	9	11	10	3	4	702	5	1	9	3	2	2	1	2	8	5	3	2	5	3	15	0	8	28	6	8	5	10	8	2	3	3	5	4	2	8	3	6	2	7	5	9	1	4	3	5	5	3	6	1	16	1	7	19	8	4	2	4	5	163	7	7	18	2	5	10	7	7	8	5	5	9	2	1	12	4	11	16	2	6	4	2	4	2	13	14	16	14	13	3	12	8	11	4	9	6	17	1	17	4	12	8	13	8	6	2	1	7	4	10	5	3	3	17	12	4	3	11	10	1	1	2	12	9	6	6	4	2	7	4	2	3	6	2	3	9	3	1	7	1	5	11	6
A[Ins(T):R(8,)]A	1	1	6	13	2	0	3	1	2	0	5	0	1	1	10	2	2	0	2	2	1	1	1	3	7	3	4	0	2	5	2	2	1	4	2	0	2	0	4	3	4	2	4	2	5	4	3	5	0	3	0	5	4	3	2	0	7	2	3	0	8	1	5	4	2	1	4	21	4	4	0	2	3	2	8	9	2	3	1	3	3	3	2	2	0	3	21	1	1	1	9	3	4	2	7	2	3	1	25	7	2	8	3	0	1	5	14	5	0	2	12	12	6	11	4	12	1	1	0	6	0	17	2	2	21	5	1	3	1	7	1	0	3	0	4	2	3	2	6	5	9	4	1	13	2	3	11	2	0	7	6	21	2	1	18	3	1	0	14	2	4	1	16	15	7	7	11	3	5	0	9	3	7	2	5	8	3	5	0	2	6	3	3	1	6	2	6	14	5	3	2	4	6	1	6	1	2	14	5	0	1	2	4	7	4	1	4	0	11	2	1	3	1	6	10	5	12	11	3	14	7	15	4	5	3	18	9	7	8	4	8	14	9	10	12	14	42	13	6	3	6	4	4	5	4	4	6	1	9	15	8	24	4	10	11	21	16	13	6	27	4	14	27	19	18	14	13	20	37	0	7	8	44	3	9	3	9	22	5	11	10	3	7	15	4	3	10	10	4	13	5	12	4	2	5	8	5	7	351	5	11	7	2	0	6	6	9	9	2	11	16	27	5	14	5	6	6	10	3	31	17	5	6	20	18	6	11	8	14	71	20	11	29	12	676	32	4	37	4	13	22	9	2	21	10	4	16	7	8	23	12	6	6	2	12	8	13	17	6	5	4	5	6	30	11	6	6	26	18	20	12	7	25	5	0	17	8	8	10	4	6	10	6	9	37	4	0	2	4	10	13	11	3	6	5	3	60	6	13	8	5	3	8	2	17	9	11	4	39	9	7	10	10	4	7	964	8	5	21	9	365	27	2	27	3	7	9	5	10	17	11	6	5	1	10	21	16	1	14	3	2	9	11	5	14	9	15	10	1	4	6	16	4	11	2	8	11	23	6	10	12	17	15	5	6	6	5	7	129	10	4	4	5	5	5	9	11	6	7	13	4	6	11	20	6	17	7	4	12	17	7	18	13	3	6	6	7	5	8	13	17	22	24	7	9	18	18	10	5	10	2	12	25	12	5	4	16	10	27	739	5	9	13	8	10	2	6	9	15	9	1098	11	10	8	7	22	6	6	22	3	19	2	15	11	2	11	4	17	10	6	4	9	13	7	7	14	11	8	22	4	8	9	6	2	2	3	11	1	21	6	7	19	7	11	15	6	2	33	10	8	16	30	5	11	2	11	10	18	39	10	15	5	11	5	30	11	11	13	2	17	30	11	17	8	9	6	30	16	81	9	8	3	13	8	14	6	4	14	7	13	10	8	10	12	5	15	6	11	37	12	4	15	20	14	9	9	18	6	42	16	18	10	5	6	4	9	15	11	11	17	19	11	12	5	8	39	9	11	86	11	4	10	12	28	12	10	8	13	15	0	21	7	48	3	9	4	4	3	9	6	7	3	14	4	8	4	10	7	3	9	6	7	5	4	19	7	11	5	11	18	17	3	9	16	2	5	11	6	14	6	9	24	13	35	8	12	5	5	9	14	27	28	7	12	10	4	0	23	23	10	13	19	4	9	9	7	12	362	12	21	14	8	4	7	15	5	16	5	4	25	12	13	6	3	1	7	10	5	17	2	21	5	7	8	1	11	3	16	7	54	6	10	1	23	16	6	3	7	4	12	75	6	13	14	12	7	8	15	8	7	0	12	12	8	470	9	3	1	26	10	6	13	21	22	12	10	11	1	18	13	7	24	15	9	15	622	8	2	15	7	2	11	6	5	6	11	7	6	15	10	21	0	14	29	14	9	13	27	8	7	12	8	18	5	2	22	3	12	7	8	16	15	5	8	9	20	6	6	6	7	25	7	11	32	14	4	2	12	14	130	12	18	26	3	10	28	11	34	17	12	7	8	4	3	19	7	22	25	8	14	5	4	7	4	14	23	47	29	11	7	36	15	21	15	11	18	22	1	32	13	26	4	11	12	19	4	2	9	7	15	11	3	13	18	21	17	4	13	4	1	2	2	17	13	7	8	8	6	23	2	4	4	11	7	1	17	10	2	14	5	5	20	2
A[Ins(T):R(8,)]C	0	2	1	8	3	1	2	4	2	3	2	1	2	8	13	6	1	2	3	2	3	1	3	0	2	1	2	1	2	9	3	1	1	7	4	2	0	1	1	5	0	2	3	2	7	2	1	2	2	2	2	7	2	3	2	0	7	3	3	2	4	0	3	2	4	1	2	18	1	2	1	2	4	1	2	7	0	0	2	4	1	0	2	2	1	3	15	4	1	1	8	2	7	0	3	4	1	0	19	6	2	9	1	0	1	1	12	1	1	0	12	8	8	10	3	12	2	2	3	6	0	14	7	1	23	6	0	4	2	17	4	0	4	2	10	2	3	2	7	2	4	2	5	9	1	1	4	2	0	11	5	23	4	0	13	2	3	4	10	1	3	1	17	27	8	1	7	0	5	2	6	1	4	10	1	10	4	6	2	7	5	2	5	5	5	11	4	10	0	4	5	4	5	1	1	7	3	11	6	1	2	2	1	1	3	1	2	0	6	3	1	5	4	5	7	7	10	8	5	14	9	17	6	11	2	18	7	6	13	13	8	19	13	7	7	12	51	6	9	5	5	3	9	6	2	7	5	5	16	9	7	27	2	12	11	21	18	12	9	39	5	11	28	20	15	9	15	18	32	3	17	10	35	11	10	6	9	14	2	19	9	1	5	17	8	3	6	16	8	15	12	7	6	6	6	1	9	6	246	11	10	8	3	2	4	6	9	8	8	16	16	22	8	12	10	4	4	9	8	20	17	4	7	24	26	3	9	15	18	60	21	10	20	7	627	30	6	31	2	3	14	8	13	19	15	6	9	14	6	15	6	5	4	3	5	6	14	25	1	8	2	4	8	30	9	8	9	26	18	12	15	11	24	6	3	26	4	10	14	1	10	13	7	12	23	3	2	3	10	5	8	9	1	9	6	6	60	4	2	4	6	4	7	3	17	12	19	4	34	5	8	10	8	14	13	774	9	4	17	8	332	25	10	28	6	19	13	2	9	5	15	0	8	6	7	20	12	1	14	3	1	11	6	10	17	10	12	13	2	4	2	18	2	11	1	6	8	19	1	4	7	3	11	5	6	8	6	7	113	6	6	9	5	3	7	11	14	9	12	9	0	6	6	15	4	22	19	3	11	12	4	12	11	9	6	7	9	3	7	10	23	11	29	6	5	14	10	17	3	11	1	10	17	13	7	3	7	12	20	626	14	5	7	11	7	0	9	13	14	15	872	5	16	8	7	26	6	3	20	5	16	4	19	11	3	6	8	22	8	7	1	5	11	8	15	17	17	12	14	7	9	5	12	5	5	6	10	2	17	2	3	16	5	8	18	8	7	23	8	7	9	39	7	7	6	8	17	19	27	12	13	3	3	3	19	16	11	11	3	16	24	12	13	3	5	5	22	14	62	11	7	7	17	2	5	1	5	11	9	12	9	10	15	11	5	15	9	19	29	13	2	20	15	17	8	8	22	5	33	17	25	5	3	8	5	13	15	8	15	30	14	6	6	3	17	27	5	18	81	11	3	9	16	17	15	7	8	9	11	5	27	3	32	2	4	6	4	0	4	5	8	1	6	10	15	4	10	12	4	8	6	7	4	7	19	5	8	6	4	19	15	6	6	15	11	8	9	1	7	3	7	17	10	38	3	6	5	7	13	13	21	21	9	10	8	1	6	16	19	6	8	21	8	8	9	7	9	286	15	11	16	13	5	1	10	8	8	3	5	13	9	17	4	9	3	7	10	4	17	4	21	8	10	9	4	11	5	14	5	50	6	7	3	24	7	9	4	4	4	9	100	5	9	25	6	8	9	18	5	11	5	9	12	9	369	1	2	3	15	15	3	16	24	27	15	8	11	1	21	14	13	14	8	6	9	560	6	4	15	4	3	8	3	3	15	19	6	6	9	5	28	2	25	27	16	10	14	18	4	3	5	11	11	8	0	23	5	19	2	12	10	9	5	9	3	14	7	4	2	11	24	5	16	38	15	7	7	12	11	142	12	13	34	10	2	15	14	31	8	11	6	8	2	6	16	12	24	18	3	19	4	7	7	6	25	9	34	24	20	7	28	12	16	11	14	12	25	2	34	4	27	8	8	13	7	4	4	6	6	14	13	3	6	28	12	17	5	16	20	0	3	0	23	10	12	8	8	5	18	1	3	3	19	5	3	7	12	2	12	3	5	20	5
A[Ins(T):R(8,)]G	1	4	1	5	3	0	4	0	2	0	2	1	0	2	8	3	0	2	0	2	1	0	1	0	5	7	1	1	7	5	5	4	0	8	2	3	0	0	6	8	5	2	1	1	3	3	6	4	0	1	0	3	1	1	0	1	6	3	0	1	3	0	2	5	2	2	4	20	2	3	0	5	3	2	2	7	0	1	3	2	3	0	4	5	0	2	16	2	1	0	9	3	1	3	5	2	2	2	16	4	1	5	0	0	3	6	14	2	0	4	13	4	1	7	2	12	4	3	1	9	1	18	6	4	20	6	4	5	2	12	2	3	1	2	5	0	2	4	3	3	3	1	3	7	1	2	1	3	1	6	5	24	3	2	18	3	1	4	10	1	0	1	12	11	7	4	12	3	1	0	5	4	7	2	1	7	10	8	2	3	5	5	6	2	4	9	2	14	1	1	8	6	10	1	3	5	4	11	3	4	1	5	3	3	0	0	3	2	3	3	1	4	2	3	4	4	9	12	8	4	7	14	6	10	3	13	10	8	7	13	8	15	4	9	11	8	35	7	7	8	5	1	5	1	1	5	6	3	14	13	7	17	3	9	11	15	21	16	7	21	4	12	28	32	15	6	17	11	22	1	13	5	37	10	6	5	8	5	5	11	9	5	2	17	6	1	3	18	10	17	6	6	10	5	6	1	4	4	310	8	16	3	8	2	3	9	12	8	6	10	21	18	4	9	6	5	9	9	5	25	15	2	8	26	20	6	9	12	15	59	14	9	23	5	586	31	12	27	1	9	15	12	8	30	10	5	6	10	11	20	7	6	3	2	12	6	15	15	4	7	4	7	6	30	10	5	8	19	14	18	11	5	18	3	2	24	4	8	9	4	3	13	4	16	20	6	0	3	0	7	13	7	4	4	9	1	43	3	8	9	6	3	6	5	7	17	18	3	38	3	1	9	11	7	7	836	7	2	14	13	365	33	5	26	6	11	12	3	13	14	14	2	6	1	7	19	12	2	14	3	3	9	8	6	12	5	4	7	0	2	3	17	4	27	3	7	9	24	5	3	10	11	10	5	3	5	9	11	123	15	6	7	13	1	7	7	12	7	6	4	3	2	11	17	6	15	17	10	16	14	6	15	16	5	11	7	13	8	12	11	21	11	27	3	5	17	18	15	3	8	1	15	27	9	3	1	11	5	13	627	18	6	9	5	9	0	16	9	18	6	936	3	14	6	8	21	8	1	12	8	17	9	22	7	2	9	9	26	11	6	3	13	12	4	7	16	22	7	15	4	7	4	4	3	5	4	14	1	19	6	4	13	6	5	8	5	6	22	5	6	9	36	3	8	6	5	13	8	34	5	13	2	7	3	14	7	11	11	2	8	29	7	24	8	8	6	29	7	79	6	10	4	25	10	9	3	6	12	7	13	9	18	10	11	1	18	5	18	25	11	1	13	15	16	8	7	18	6	53	10	25	5	10	7	1	12	3	10	11	14	17	7	6	5	12	53	5	28	77	6	4	13	8	29	15	6	4	7	10	3	16	2	45	1	2	5	4	1	3	8	6	5	21	4	15	6	11	19	7	12	6	7	3	4	10	5	5	5	9	15	18	3	3	10	11	12	8	8	11	5	3	16	21	37	6	4	1	9	10	17	31	17	5	11	10	1	3	22	18	8	12	21	1	9	8	7	7	336	15	6	12	5	2	4	13	13	18	3	2	20	11	14	6	4	1	2	16	4	17	6	27	6	11	13	3	4	3	25	6	42	6	7	1	17	14	4	5	9	6	8	121	2	8	25	8	10	7	13	16	10	5	12	10	7	379	6	3	2	17	16	5	12	18	16	11	2	7	0	17	8	7	20	13	4	12	614	2	1	13	9	2	8	3	5	7	11	8	8	10	3	14	2	18	31	23	7	13	16	2	7	7	7	12	7	2	12	2	13	4	12	14	16	4	3	7	6	10	5	13	5	31	1	12	32	10	9	9	7	10	130	13	13	26	9	7	23	14	20	15	13	4	10	7	3	23	9	28	20	7	16	16	5	8	5	21	17	29	33	13	10	33	21	16	18	13	17	16	4	23	4	25	8	13	14	18	13	7	6	4	19	11	0	8	17	17	14	3	11	8	2	2	3	33	4	7	13	10	5	12	1	1	2	13	4	1	15	8	2	12	4	6	19	2
C[Ins(T):R(8,)]A	0	0	1	1	1	1	2	1	0	2	3	0	0	2	6	2	1	0	0	2	0	0	1	0	1	4	1	1	2	6	0	2	1	2	3	0	1	2	1	1	2	1	1	1	4	2	3	3	0	3	1	2	0	2	0	0	2	1	1	0	4	0	1	4	4	1	3	8	0	3	0	1	0	1	2	4	0	0	0	2	2	1	3	3	0	2	9	0	0	0	4	1	0	0	3	7	1	1	16	3	0	4	1	0	0	2	8	0	0	1	1	7	1	10	1	3	2	0	0	3	0	5	2	2	18	3	1	1	3	3	0	1	3	1	1	2	0	2	1	3	1	0	1	4	1	5	6	2	3	1	2	7	1	0	7	3	1	1	10	2	0	0	8	10	3	2	4	1	1	0	3	3	3	4	2	5	4	5	1	4	4	0	2	3	3	1	1	4	1	0	4	5	5	2	3	4	4	7	1	1	2	1	2	2	3	2	1	1	4	1	1	3	0	3	5	5	2	2	1	3	1	12	2	5	0	12	10	4	5	10	8	4	6	4	3	7	16	6	3	4	2	1	6	0	1	1	3	2	6	3	4	17	1	1	5	11	6	2	5	11	1	9	15	7	10	4	12	8	12	0	3	3	24	1	6	6	4	5	0	4	4	1	3	8	1	4	1	5	3	15	5	7	3	5	6	3	7	4	182	2	2	2	0	1	3	3	6	3	5	9	7	12	5	5	6	4	2	7	1	14	5	2	5	12	14	4	1	7	6	61	4	2	7	1	345	11	11	14	3	3	9	3	5	8	9	3	2	7	10	2	4	5	1	4	2	4	6	9	4	9	1	3	3	28	3	1	7	9	8	7	11	2	4	2	1	12	2	6	4	1	5	6	2	2	16	3	1	4	2	5	3	5	5	3	2	6	26	5	6	4	2	0	2	1	15	4	4	3	20	3	2	5	5	4	3	485	3	3	7	1	223	14	1	20	1	3	7	2	5	7	4	1	4	1	1	9	2	4	12	3	1	4	6	2	8	7	1	5	2	4	1	5	1	4	1	10	6	6	7	3	3	1	3	1	6	4	5	5	80	4	4	3	3	0	2	7	7	2	1	3	5	2	7	6	3	8	6	3	10	9	4	5	8	4	4	6	14	3	8	2	11	8	18	2	9	11	7	12	3	1	2	10	19	4	6	4	4	2	12	383	5	3	5	3	3	0	2	7	13	3	569	2	7	0	4	18	4	5	6	5	6	8	7	1	0	9	4	9	3	1	2	8	13	3	5	4	15	7	14	4	11	7	2	1	1	2	8	1	10	2	4	4	1	6	6	3	2	15	3	2	8	15	4	1	3	2	5	5	14	6	9	2	9	1	13	1	4	8	2	4	18	3	13	3	5	6	13	2	50	5	9	2	5	9	8	2	4	6	6	5	8	3	6	8	4	6	5	9	23	5	0	12	7	6	4	8	7	2	18	12	9	3	3	8	1	7	12	2	8	10	9	4	1	4	6	21	2	5	38	6	1	9	7	11	7	5	3	7	5	3	3	0	11	1	2	4	0	2	2	4	4	3	8	3	6	5	7	7	1	6	1	3	2	7	12	2	7	7	4	7	7	3	5	4	5	5	9	3	6	1	1	9	3	30	3	5	3	7	8	3	15	8	1	11	2	1	2	12	8	6	5	12	3	1	5	5	9	235	10	7	8	11	1	2	5	4	9	3	3	11	1	8	5	6	1	2	2	5	8	1	11	8	5	5	1	11	1	16	4	26	6	3	0	13	5	1	2	3	4	9	52	3	10	8	5	9	1	5	6	3	4	7	8	2	313	3	2	1	15	16	4	4	8	15	10	4	6	0	11	6	10	8	10	3	8	342	2	0	10	5	1	4	3	2	4	7	1	7	8	7	16	2	13	12	11	7	8	7	5	2	4	6	9	5	2	9	2	9	1	6	4	8	2	3	7	11	6	4	3	1	15	2	6	13	9	3	2	5	5	80	10	5	11	7	1	20	5	43	7	6	5	5	3	2	12	6	9	10	4	6	6	3	7	3	14	10	18	13	8	6	10	10	10	11	7	9	10	0	10	2	9	6	8	7	8	4	1	5	3	8	3	0	5	12	8	6	1	6	4	2	1	1	8	3	2	0	3	0	4	2	2	1	7	2	1	4	8	4	5	1	3	13	2
C[Ins(T):R(8,)]C	0	2	1	5	0	0	4	0	1	2	1	1	1	2	4	1	1	1	0	1	0	0	3	1	4	0	2	1	4	3	0	3	0	6	0	0	0	0	3	3	2	3	1	2	3	1	3	1	0	1	1	1	2	1	1	2	4	2	0	1	4	0	2	9	3	4	3	9	1	3	1	4	2	2	1	6	0	0	2	1	1	1	3	3	0	0	15	1	0	1	4	3	7	0	2	2	0	1	21	7	4	3	0	0	0	1	8	0	0	2	10	4	6	6	0	9	2	1	0	1	0	14	3	1	11	2	1	2	0	9	3	1	0	0	2	1	1	0	5	3	1	2	5	3	1	1	5	3	0	1	4	18	1	0	6	1	4	2	3	0	3	1	10	9	6	1	10	1	2	1	4	1	0	6	0	9	2	4	0	5	4	0	2	0	3	4	2	8	1	1	2	5	3	1	3	2	1	8	1	3	1	3	2	0	1	1	4	2	2	8	0	2	1	1	8	7	10	5	2	9	5	1	1	6	2	8	4	2	4	5	3	5	3	2	6	5	20	7	2	5	2	3	2	1	1	3	3	6	8	6	0	9	1	4	8	15	7	4	14	15	3	12	20	13	17	6	10	11	22	1	6	8	20	3	1	4	3	4	1	3	5	5	2	11	7	2	4	12	4	11	4	5	4	1	6	1	3	8	212	5	2	0	3	0	1	6	5	7	5	10	11	10	2	4	8	0	3	8	3	18	13	0	6	12	10	3	4	5	12	47	16	7	15	6	342	14	8	22	3	3	11	3	3	16	4	2	8	8	12	7	4	2	2	5	5	5	5	9	3	3	4	4	2	24	2	1	2	14	5	11	6	4	9	2	0	11	2	2	3	1	2	10	2	5	12	2	2	0	1	4	6	6	2	4	4	5	37	0	2	7	4	2	5	4	11	9	8	3	14	3	2	7	4	4	6	560	3	5	13	7	277	11	2	16	1	2	6	1	12	8	8	2	1	2	2	15	9	1	12	2	0	6	4	1	5	4	8	4	0	2	4	10	1	3	2	4	11	11	3	3	3	6	6	2	4	9	5	8	78	2	4	3	5	4	7	9	6	3	1	3	0	4	8	7	1	9	10	1	9	5	6	10	10	7	5	6	7	2	12	7	15	1	10	4	6	13	10	11	0	6	1	10	12	2	1	2	7	5	11	359	4	4	6	4	4	3	6	9	9	5	658	8	11	5	5	16	3	2	14	8	11	6	15	3	1	3	2	13	7	3	3	6	7	1	7	8	15	8	18	2	6	4	6	4	4	5	3	1	5	4	4	8	4	6	4	3	2	23	4	4	6	25	7	3	3	5	8	9	12	6	5	4	6	4	12	5	5	8	3	12	20	7	6	5	2	5	11	7	59	12	2	2	6	6	3	3	1	10	8	7	10	5	9	10	4	6	5	10	15	9	2	11	10	12	9	6	14	7	23	13	7	2	2	3	3	6	3	6	14	11	9	5	4	4	10	17	3	6	75	3	2	9	8	20	11	6	2	6	9	0	14	0	25	2	3	5	1	0	8	6	3	6	7	5	11	9	9	11	4	6	3	1	3	7	12	1	5	4	5	12	5	4	5	9	5	5	8	1	12	1	9	8	4	26	4	7	4	8	2	11	19	16	4	10	2	1	1	11	12	4	4	10	3	9	6	2	6	253	6	13	5	6	3	5	7	8	11	3	2	12	1	11	3	1	1	0	4	5	14	2	17	7	9	12	4	4	4	15	3	30	5	5	3	13	10	4	1	3	6	4	79	3	4	15	6	9	2	6	4	2	9	7	15	2	263	3	4	4	18	6	2	11	15	24	5	4	9	1	8	12	9	10	5	6	8	447	3	1	9	4	3	6	0	6	4	10	2	2	10	7	16	2	14	18	12	4	2	8	4	8	1	11	8	4	2	5	0	6	4	5	9	5	1	3	4	10	5	3	10	2	22	2	6	11	6	2	2	3	4	118	4	8	13	2	2	10	8	12	11	10	2	4	4	2	7	3	21	21	1	9	9	4	5	8	6	7	22	13	12	3	21	10	11	9	10	6	12	4	13	6	16	3	8	11	6	3	2	6	6	6	5	0	4	16	8	5	1	12	2	1	1	0	11	7	5	4	5	5	8	2	1	2	5	2	1	3	7	2	5	2	3	14	3
C[Ins(T):R(8,)]G	0	0	2	6	0	0	3	3	4	0	1	0	2	2	13	4	0	1	0	1	2	0	2	1	0	5	1	1	4	4	0	3	1	3	2	4	1	2	5	5	3	3	1	2	0	2	1	3	1	1	1	1	4	2	0	1	4	0	5	0	2	0	1	3	1	0	5	7	0	7	1	2	0	2	2	0	1	2	0	4	1	4	2	4	0	0	9	0	0	1	10	1	5	2	4	2	0	1	9	9	0	3	0	0	1	3	3	2	0	0	9	5	2	2	2	9	2	4	1	2	0	13	4	2	20	5	3	0	3	9	1	1	0	1	5	0	1	2	2	3	1	6	1	6	2	0	5	3	1	5	3	12	6	1	10	1	2	2	8	3	1	2	4	7	2	2	3	0	0	0	5	2	5	5	4	5	2	5	2	5	3	1	6	3	2	6	1	9	1	1	4	7	7	3	2	5	1	11	3	2	1	2	0	4	0	1	0	0	5	1	2	3	4	4	5	3	4	10	3	16	5	12	2	3	0	5	4	6	9	6	9	11	6	4	4	9	32	6	2	4	4	3	6	3	0	3	4	1	11	17	3	15	1	1	6	12	18	7	3	17	0	13	24	16	11	6	10	11	19	1	6	2	27	1	7	5	8	10	4	14	6	1	3	12	2	1	3	8	4	6	3	5	2	2	2	3	3	3	315	5	3	5	9	1	5	4	3	2	3	11	15	18	1	5	7	0	7	14	3	10	9	1	9	27	14	6	2	11	12	75	11	7	10	2	525	25	8	26	2	4	13	4	6	9	3	5	8	11	8	7	4	5	3	2	4	4	15	12	1	7	2	5	7	26	7	6	2	9	4	10	11	3	17	6	0	10	7	4	6	1	4	6	2	9	20	0	2	2	5	3	10	6	3	9	7	4	39	5	5	5	3	4	5	3	14	11	7	3	22	4	4	7	5	8	5	664	7	5	17	10	361	18	5	16	2	6	8	5	5	7	6	1	9	1	3	5	11	0	10	2	1	7	6	5	11	9	5	3	2	3	7	15	4	14	0	12	9	14	2	2	11	4	8	0	2	7	3	8	149	7	2	4	7	3	8	3	4	6	4	7	3	3	4	5	5	8	5	3	8	7	7	8	8	8	7	3	7	9	5	8	8	6	19	4	5	21	10	10	2	3	0	6	22	3	7	4	11	6	11	635	9	9	7	4	3	5	9	4	6	6	812	6	11	5	3	21	3	2	20	6	13	4	13	3	1	6	4	18	5	5	1	5	12	2	5	7	12	8	18	5	6	4	6	4	3	1	4	1	21	5	3	13	3	5	8	4	1	23	2	5	7	29	9	5	5	5	8	13	20	6	5	3	6	3	14	3	9	10	6	9	23	8	7	5	7	6	18	7	44	5	11	4	14	3	10	3	4	6	12	16	12	9	8	11	3	4	5	9	30	12	0	18	12	7	3	6	10	5	35	18	15	4	3	10	1	8	3	5	10	21	13	9	2	1	14	21	4	22	72	10	2	8	5	17	16	3	4	6	5	0	18	3	20	0	2	8	4	1	1	2	10	1	15	1	9	4	11	14	1	7	1	4	2	6	9	5	5	2	2	8	12	3	8	7	7	6	14	5	15	4	5	10	9	29	5	9	2	1	3	14	26	12	2	12	5	2	4	21	14	7	9	11	4	8	8	5	4	329	9	16	3	6	2	3	5	7	10	5	1	12	9	12	6	7	1	4	6	4	6	0	21	7	5	3	2	8	3	19	4	37	7	6	0	17	7	0	7	3	5	3	80	2	10	11	10	8	2	11	5	9	2	3	8	2	397	2	3	3	26	9	2	8	12	16	4	4	13	0	14	8	6	17	8	2	6	569	5	2	8	3	3	3	3	2	6	8	8	5	7	3	13	1	13	18	7	11	9	10	1	4	3	8	11	5	2	15	1	15	6	13	4	12	2	3	2	11	9	8	5	3	27	0	13	19	13	6	3	4	5	97	15	6	13	7	6	17	8	19	9	4	2	11	3	0	14	11	14	15	3	10	6	6	2	4	20	10	19	13	13	4	19	8	15	7	6	15	15	2	15	14	20	8	7	11	10	4	3	2	9	9	6	1	2	12	12	10	1	2	6	1	1	1	17	7	8	7	8	1	12	2	4	0	4	2	2	11	5	2	6	2	5	24	2
G[Ins(T):R(8,)]A	0	0	2	2	0	0	4	2	1	0	0	0	1	4	5	1	2	2	0	1	2	2	3	0	1	2	0	1	1	4	1	3	0	5	2	1	0	0	2	2	0	1	3	0	2	1	1	3	1	1	1	1	0	1	2	0	3	2	0	1	2	1	0	2	0	0	3	4	4	2	0	5	0	1	1	3	1	2	3	2	4	1	1	2	1	0	8	0	0	0	1	0	5	0	1	1	0	0	15	3	2	7	2	0	3	1	4	3	0	0	2	5	2	7	2	5	0	2	0	3	0	5	3	3	5	3	0	0	1	6	2	1	0	0	1	1	0	0	2	4	2	2	0	5	1	3	3	1	0	4	2	10	2	1	4	0	1	2	8	2	0	4	8	7	2	0	3	2	2	1	2	0	1	1	1	2	2	3	1	0	5	1	0	3	2	3	2	7	2	0	2	3	2	2	1	3	0	6	1	1	1	2	5	1	1	0	0	1	4	0	3	2	1	2	2	6	6	10	1	6	2	3	5	7	2	7	2	3	5	6	2	6	6	6	1	5	17	5	1	0	7	0	4	6	0	2	3	3	7	7	5	19	3	3	5	11	11	5	3	11	1	4	7	12	13	9	9	8	13	1	9	2	19	2	3	4	3	5	2	6	6	2	0	9	7	4	4	7	4	13	8	2	0	4	4	6	5	2	194	2	3	1	6	1	1	4	3	3	3	10	9	6	3	4	4	1	3	3	1	11	5	1	2	13	16	2	9	7	6	49	8	4	7	1	307	14	3	20	1	3	10	7	3	10	6	3	4	7	5	5	7	9	2	1	4	2	6	15	2	8	3	0	7	26	2	6	0	8	15	8	7	7	13	1	1	8	2	3	5	2	8	2	2	2	11	1	2	2	2	5	5	4	3	1	4	3	25	5	5	5	2	2	2	3	6	10	14	3	13	4	2	6	6	0	0	512	0	2	5	3	275	11	8	13	2	3	5	3	10	6	6	4	5	2	2	9	3	2	9	3	0	3	7	5	9	6	11	2	2	1	3	12	1	5	0	4	2	10	4	2	4	7	3	3	3	3	2	4	101	6	2	3	7	1	8	2	6	6	6	2	3	1	7	2	2	9	8	3	7	9	4	5	13	3	8	8	3	3	3	4	8	1	13	2	7	10	6	2	2	2	1	8	14	1	3	0	9	2	9	311	11	1	7	6	4	0	5	6	6	6	618	3	7	5	4	16	3	1	12	3	7	4	14	6	3	4	2	11	3	6	2	4	8	6	8	3	8	4	15	2	4	8	4	4	3	5	11	3	8	2	4	8	6	4	8	3	1	10	2	1	8	16	7	5	3	7	4	4	16	7	7	3	3	1	8	3	4	3	3	12	17	3	9	5	4	5	22	4	32	5	6	3	9	4	5	3	4	4	4	5	6	3	7	5	5	6	3	15	12	3	3	12	16	10	6	3	10	0	22	10	7	3	3	5	1	1	6	2	7	3	1	3	2	4	8	16	3	6	36	5	2	9	12	22	8	6	11	4	5	2	6	2	17	1	3	6	1	2	2	4	4	5	9	2	8	5	8	9	5	1	1	4	3	7	7	3	3	8	5	8	7	0	2	7	4	4	6	2	9	2	8	12	7	16	2	4	3	3	4	7	11	5	4	6	4	1	0	9	9	4	5	3	2	4	7	2	3	186	6	5	7	2	7	5	6	5	5	4	5	8	2	2	6	2	2	3	5	2	6	2	14	5	7	8	0	10	1	8	5	25	3	1	1	10	6	5	2	5	4	3	53	8	6	10	2	9	3	5	2	4	1	4	5	0	311	1	1	0	11	7	1	6	7	6	6	1	4	1	9	6	7	17	11	1	4	396	0	2	6	1	1	7	0	1	6	5	2	3	6	4	5	0	9	17	4	7	6	6	4	3	6	6	6	3	3	10	0	3	2	4	6	7	3	5	5	12	3	4	2	5	14	1	4	7	9	1	4	4	9	66	5	4	19	5	1	5	9	30	5	4	4	5	4	3	10	4	14	10	5	7	5	4	2	5	16	11	22	13	12	3	15	12	9	5	7	8	6	1	16	3	8	0	5	9	6	0	1	5	7	10	8	1	6	17	10	9	2	8	4	2	2	2	14	3	1	3	2	5	8	1	0	2	2	1	3	8	5	2	11	1	6	9	1
G[Ins(T):R(8,)]C	0	2	1	3	1	0	3	0	1	0	0	0	2	1	5	2	0	1	0	0	0	1	2	0	0	2	3	1	2	0	1	2	0	4	0	2	1	1	6	6	1	0	2	0	2	1	0	2	0	0	0	4	2	2	1	1	2	0	0	0	3	0	1	4	0	0	2	11	1	3	0	0	2	0	0	4	1	1	1	2	0	1	0	0	1	1	10	2	0	1	5	0	2	1	5	4	0	0	6	4	1	4	3	1	1	1	5	3	1	2	4	1	1	8	0	10	1	3	0	3	0	5	1	1	12	4	1	2	0	6	0	0	0	0	1	1	0	3	3	1	4	2	1	1	3	2	2	0	0	2	2	6	0	1	7	1	4	1	5	2	1	0	7	6	3	0	4	0	2	0	3	0	3	2	2	2	3	1	0	3	2	1	2	3	2	3	2	4	1	1	3	1	5	2	0	4	3	3	2	1	1	2	3	3	1	1	2	0	3	1	0	2	2	3	4	8	5	5	1	7	3	6	3	6	0	4	6	5	3	7	1	4	1	4	5	4	20	8	5	2	1	1	6	0	1	1	2	2	5	5	2	17	0	7	7	8	4	4	6	17	2	8	19	10	13	4	10	10	23	1	3	5	43	6	5	5	3	1	1	3	8	0	3	3	3	3	5	6	3	8	6	0	3	1	1	2	3	3	181	1	1	3	2	2	3	6	2	2	4	11	7	12	0	8	3	1	6	4	5	11	6	2	5	17	13	2	4	10	8	41	8	7	8	3	342	11	3	14	4	8	16	5	1	11	4	1	5	6	4	9	0	6	2	2	4	3	10	12	1	7	2	2	4	19	7	3	4	8	7	11	10	2	13	5	0	12	6	1	6	2	2	11	7	9	18	1	1	2	1	6	2	3	4	2	3	6	32	2	7	4	2	3	2	1	7	4	13	2	15	6	2	8	8	3	2	535	3	5	9	9	270	15	5	13	6	6	5	0	6	7	7	2	4	3	4	12	3	0	8	2	1	6	4	0	6	3	11	8	4	0	2	11	2	5	4	6	14	13	1	9	6	6	9	5	2	1	2	6	92	4	1	4	7	2	3	8	10	6	7	3	3	0	1	9	1	11	14	2	5	6	2	9	7	2	4	5	11	3	10	7	8	2	16	3	4	13	5	11	2	4	3	5	10	5	4	0	4	3	13	350	10	3	2	5	5	2	3	10	12	5	632	6	12	2	4	20	3	3	10	7	11	8	14	5	3	3	8	7	3	0	2	4	9	3	6	10	13	5	9	5	3	5	10	0	3	2	8	3	7	1	2	10	2	4	7	4	3	21	3	4	8	10	4	1	5	4	10	8	19	8	6	3	9	2	12	8	7	5	5	4	33	6	6	2	1	6	17	6	58	6	2	3	6	6	5	0	2	14	8	11	11	13	3	4	4	4	6	13	18	9	2	9	10	10	3	4	12	5	19	9	7	3	4	2	1	5	9	1	10	11	14	1	1	3	3	11	3	13	52	4	5	8	10	8	3	2	6	4	4	0	11	1	26	0	6	8	5	2	8	1	3	2	8	2	3	6	4	6	1	7	1	2	5	11	12	3	6	4	3	6	8	2	2	11	1	2	5	1	4	2	7	9	7	20	2	4	2	6	7	13	14	11	1	7	6	3	1	11	10	6	8	10	2	7	2	5	4	182	7	5	12	6	6	2	6	5	5	3	3	8	7	10	2	5	1	3	6	4	4	2	10	5	9	4	3	8	2	11	6	17	1	3	1	9	0	1	0	2	3	5	54	2	6	17	5	7	7	9	7	6	4	3	4	2	250	2	2	1	10	7	0	10	13	11	5	5	6	1	9	11	3	15	7	6	4	365	4	1	5	7	1	8	3	6	5	7	5	5	3	3	6	0	10	12	9	9	8	12	3	6	6	5	8	1	1	7	1	8	1	7	3	7	1	4	5	9	7	6	7	3	16	1	6	19	3	4	3	8	7	78	14	6	16	5	3	18	10	18	6	5	3	9	4	3	11	5	10	10	6	7	6	3	6	4	10	7	15	7	7	5	15	7	6	1	5	5	14	1	18	1	12	3	8	10	6	9	2	5	3	6	3	3	4	14	10	6	1	12	9	2	2	2	12	6	2	1	6	5	10	4	2	2	6	3	3	5	1	1	12	1	2	10	0
G[Ins(T):R(8,)]G	1	1	0	1	1	0	2	1	1	0	1	0	1	3	5	1	0	3	1	1	2	1	0	1	2	1	0	2	4	4	1	2	0	5	2	2	0	1	1	3	1	1	1	0	2	2	1	4	2	3	0	1	0	1	0	2	1	0	2	1	0	0	2	1	2	1	4	12	1	0	0	3	1	0	2	4	0	1	0	0	0	1	2	2	0	1	20	0	1	0	3	2	7	0	0	6	0	0	9	2	2	7	0	0	1	0	10	1	0	1	8	5	0	11	1	8	0	1	0	1	0	6	2	2	12	4	0	5	4	12	2	0	3	2	5	2	1	2	1	3	2	3	3	6	2	1	2	2	1	7	1	10	2	1	6	1	2	3	8	2	2	3	7	7	4	1	7	0	1	0	7	3	3	2	3	5	5	0	1	6	0	2	0	6	1	2	2	8	1	4	1	2	2	3	1	1	0	5	1	2	0	2	0	2	0	0	1	1	1	0	4	3	1	4	4	5	3	5	1	5	4	7	4	7	1	12	12	2	5	9	5	10	8	6	7	7	24	5	4	4	4	5	2	0	1	2	4	7	6	6	2	16	1	3	3	17	13	9	7	20	3	11	16	12	21	5	12	11	19	4	2	6	22	5	3	8	5	7	2	12	8	3	5	11	4	3	4	15	6	12	3	3	4	5	5	3	3	4	285	4	5	2	3	0	5	8	3	3	0	9	9	9	3	5	2	4	6	5	0	15	11	2	5	15	14	5	7	7	7	87	12	3	6	4	421	18	8	20	4	4	9	7	4	13	10	4	3	9	14	12	4	6	3	1	10	3	13	11	2	11	2	2	6	18	4	4	6	11	11	12	7	1	11	2	1	12	4	4	2	1	6	18	8	9	19	1	0	4	5	7	7	4	5	5	5	6	36	4	4	2	2	4	2	1	10	6	9	1	13	3	3	12	3	3	4	709	3	6	13	5	328	24	6	15	2	4	10	2	3	5	10	0	9	1	2	10	8	2	11	3	2	7	5	1	8	2	8	8	1	1	3	8	0	12	0	6	11	9	4	4	9	6	6	0	2	11	7	10	133	9	4	4	7	3	7	4	8	6	3	5	3	3	6	2	6	14	9	3	9	7	6	5	10	9	9	7	11	2	9	3	6	8	20	4	5	16	10	10	1	4	2	9	17	1	3	1	7	2	17	513	16	3	7	4	2	1	11	10	13	7	851	7	6	9	7	18	2	1	13	6	20	8	17	10	1	10	4	11	3	6	4	6	11	6	7	12	15	4	14	4	4	6	9	1	4	3	5	0	10	2	0	14	2	6	7	8	2	22	10	2	7	21	4	6	6	4	4	8	26	14	6	2	14	3	9	2	15	7	5	5	19	7	12	5	3	5	19	9	45	5	5	3	8	10	5	3	2	14	1	8	9	6	11	3	1	12	8	14	16	16	1	8	10	5	6	7	12	3	24	6	10	6	3	4	4	12	15	4	9	11	11	10	4	8	6	26	5	17	57	6	6	7	12	28	5	5	8	4	9	0	15	0	25	0	5	3	3	2	6	3	5	5	9	1	11	5	6	13	6	4	4	9	2	6	5	4	5	5	6	8	13	3	3	7	5	5	7	0	10	2	5	20	12	28	5	9	2	9	5	11	19	15	5	14	12	1	2	18	10	6	3	14	2	8	8	6	7	312	7	12	6	9	5	7	2	6	10	5	3	13	6	4	6	4	1	2	13	1	10	0	10	2	6	6	4	6	2	20	2	36	4	4	2	13	4	5	5	6	2	4	69	3	8	9	3	3	5	11	8	4	0	4	10	2	398	5	1	4	23	14	6	19	10	18	9	5	6	0	12	12	10	12	8	4	6	588	2	1	12	7	3	7	0	11	2	4	2	1	10	5	23	3	4	23	9	8	8	10	6	4	4	6	12	4	1	18	1	7	7	5	9	12	2	5	8	11	10	5	9	8	25	2	8	18	6	4	5	8	11	99	10	5	27	3	5	17	9	18	8	4	3	3	5	4	15	7	19	7	6	6	3	8	3	5	12	9	19	15	15	5	24	8	8	9	6	11	20	2	23	4	15	7	5	15	11	7	4	4	5	10	14	2	2	18	13	10	2	10	5	2	1	1	11	8	5	5	9	5	8	4	1	2	8	1	0	5	8	1	10	2	5	15	3
Del(2,4):R1	2	2	9	3	8	3	8	1	9	2	2	5	0	11	8	44	5	6	1	5	4	3	8	2	3	4	3	24	3	1	2	3	6	8	12	5	0	6	4	17	25	5	6	5	24	22	2	5	4	7	2	7	6	2	3	3	9	10	15	10	4	8	5	6	1	23	25	5	3	5	4	3	5	7	8	12	3	6	8	1	16	9	24	3	1	2	12	7	5	13	5	8	40	6	7	5	11	2	20	8	8	6	13	6	2	6	5	2	8	14	25	16	9	20	20	21	9	7	5	15	0	16	11	20	14	27	2	8	3	12	5	4	18	2	12	4	18	8	8	10	20	5	1	9	22	17	19	10	3	19	20	8	6	8	12	17	5	8	14	3	25	5	25	15	6	13	9	13	16	7	7	11	15	6	10	11	12	14	22	7	96	7	12	9	1	10	4	28	3	13	7	8	20	14	7	17	14	61	7	30	4	6	2	4	10	2	5	2	8	0	9	9	4	13	14	14	3	30	6	35	10	20	10	43	13	20	19	7	14	7	17	12	15	8	7	61	18	27	6	14	4	9	6	6	6	5	16	17	32	12	101	18	20	14	30	17	23	22	41	34	11	21	18	13	47	14	28	20	18	6	28	15	43	14	9	8	7	17	6	16	17	6	6	11	24	42	23	22	7	8	7	8	16	14	6	15	13	27	117	7	11	3	10	12	8	20	27	18	18	17	9	7	8	19	11	8	14	27	20	16	11	37	7	28	57	5	17	9	116	25	12	13	8	14	391	47	41	11	11	7	34	34	11	16	16	9	14	11	31	24	16	43	9	23	21	10	30	48	19	25	25	6	6	25	18	7	6	29	9	12	17	16	36	8	5	73	10	7	11	0	15	48	11	15	9	80	11	21	11	75	13	8	12	7	7	14	14	13	13	6	5	13	25	17	8	19	47	8	34	11	9	51	49	10	10	302	8	16	12	15	168	29	9	19	5	10	11	17	40	27	7	9	13	6	10	28	20	8	21	6	27	53	23	15	66	22	7	5	11	21	20	25	5	49	10	18	24	51	18	30	14	25	50	12	9	13	15	38	49	13	9	17	10	8	31	25	40	10	55	16	10	59	21	13	9	16	44	20	7	29	9	36	14	15	6	14	37	20	16	17	22	12	83	17	14	19	35	8	34	12	17	24	15	59	17	5	36	10	5	641	51	18	9	19	15	6	20	4	10	13	455	69	35	23	36	30	25	3	17	15	18	12	24	8	4	5	11	58	12	14	20	29	12	20	15	28	19	15	46	9	19	12	9	26	18	20	50	10	67	6	8	43	15	13	3	38	11	13	5	8	34	32	7	10	7	21	31	37	89	23	12	19	21	23	9	12	7	24	28	11	32	48	28	29	13	15	34	10	46	6	53	12	46	5	15	23	42	46	10	17	15	26	26	19	8	20	10	44	12	23	11	17	28	37	36	15	31	8	38	21	53	15	20	51	33	12	9	10	40	35	30	9	26	9	7	29	10	15	15	29	38	26	47	14	21	9	14	15	12	5	20	30	17	6	9	29	15	20	19	14	36	52	12	18	34	39	8	28	45	16	19	27	44	16	6	22	36	9	9	17	19	5	17	12	10	51	17	32	20	9	10	43	10	24	16	26	13	4	9	9	21	19	16	13	7	27	5	49	11	4	14	18	7	8	15	13	9	168	11	9	39	9	11	12	30	15	50	41	24	19	15	26	14	6	11	27	17	6	8	34	16	13	17	8	8	9	11	23	5	12	19	13	3	27	10	13	13	7	11	26	9	23	31	13	7	24	13	11	54	14	15	22	15	15	263	13	10	26	23	42	8	16	19	21	13	6	31	4	6	18	44	26	31	5	56	129	17	5	72	11	5	9	13	32	8	9	7	15	17	28	22	2	9	23	19	15	26	12	7	14	9	9	8	18	11	17	7	8	9	23	42	9	8	9	18	66	17	33	6	49	11	15	38	3	37	42	17	7	19	41	10	21	15	11	11	39	25	13	19	15	37	25	11	5	12	9	22	33	16	28	8	6	12	6	7	12	16	10	10	13	16	12	21	37	56	29	33	11	20	3	24	30	64	34	10	30	7	12	10	27	16	7	10	49	20	42	18	16	8	6	11	14	18	7	13	27	15	30	43	20	8	9	24	36	14	11	83	10	6	8	10	22	8
Del(5,):R1	5	4	49	3	8	2	1	3	4	1	3	3	5	35	9	52	4	2	1	6	2	6	6	4	7	3	9	48	7	4	7	4	5	10	44	3	3	3	7	24	71	6	33	5	81	66	3	11	2	7	3	8	7	1	1	5	8	36	10	10	9	8	3	11	6	26	76	8	7	7	0	5	38	34	39	63	27	21	1	3	14	32	55	8	5	5	7	7	5	23	14	4	27	32	11	5	51	30	17	12	85	11	18	37	3	20	8	5	29	62	94	14	9	23	167	67	34	2	14	10	13	15	13	113	10	81	8	5	5	15	8	1	20	7	22	2	53	53	11	13	12	5	7	18	143	114	14	47	10	49	58	8	10	9	16	50	18	5	21	13	74	22	151	23	11	87	11	73	79	7	13	65	113	10	6	8	83	13	64	8	47	15	15	11	5	13	9	148	9	46	10	13	80	106	6	21	71	189	5	38	12	3	8	5	52	5	4	4	11	2	5	8	2	10	21	15	9	143	8	76	24	25	12	96	13	29	29	29	19	18	70	23	33	14	18	190	22	45	11	45	9	17	7	28	10	7	43	19	110	30	131	44	27	17	116	26	23	37	90	61	22	45	32	34	111	14	47	13	70	5	55	38	44	18	10	16	15	12	3	54	16	21	8	18	24	141	16	12	6	5	10	35	97	4	15	15	20	32	39	10	12	8	10	12	8	39	17	16	23	37	7	5	99	18	34	21	11	169	59	44	19	50	48	71	84	30	18	8	295	5	10	14	27	22	79	67	80	9	30	32	86	113	15	12	37	22	27	8	118	55	17	57	6	46	24	14	18	83	26	34	31	6	11	26	25	16	30	37	15	16	46	10	32	12	6	107	16	25	20	9	19	92	12	8	12	15	26	25	11	123	21	15	4	25	8	27	32	20	35	10	11	16	73	65	21	21	65	20	53	22	13	54	62	18	15	40	6	23	15	63	100	44	76	58	27	16	35	29	64	111	7	38	35	9	15	31	19	22	15	13	69	96	43	29	133	74	29	17	41	35	54	32	7	134	28	20	26	103	25	68	31	52	68	14	45	18	19	58	63	32	15	33	41	9	113	39	129	45	89	25	20	69	48	15	34	44	85	39	15	211	11	47	15	22	22	52	71	27	24	18	58	9	161	24	20	138	52	16	47	30	86	31	15	207	18	15	162	10	8	85	172	23	2	22	24	8	60	15	39	7	62	150	47	56	121	46	52	16	48	15	41	31	83	8	13	14	21	175	31	17	80	98	24	81	13	58	17	42	117	16	18	21	20	20	63	17	57	14	148	22	9	52	20	18	23	114	11	28	32	19	59	99	15	15	36	43	46	40	144	66	37	27	30	137	44	25	19	16	53	13	52	85	75	135	19	35	61	53	77	15	104	35	156	20	35	38	78	58	23	133	85	80	37	20	30	19	34	81	31	31	12	24	49	127	147	29	44	14	67	39	153	9	30	133	71	35	35	49	160	79	53	20	102	21	41	34	21	33	25	42	151	35	63	27	48	12	23	44	29	32	22	37	39	17	14	58	20	30	65	38	45	94	14	39	149	96	51	46	108	10	37	198	75	41	48	54	52	31	29	54	42	18	30	29	30	222	48	166	34	12	23	146	20	49	32	99	35	37	33	11	23	22	25	12	16	36	14	64	13	10	9	28	13	12	4	9	10	87	28	16	74	9	15	8	98	27	58	127	77	29	16	36	21	10	22	56	13	8	15	54	14	10	23	25	11	21	15	32	7	26	44	19	5	27	15	9	30	20	13	86	22	37	40	50	27	27	30	48	100	27	29	61	39	41	69	32	27	120	30	119	22	40	68	59	43	19	169	15	10	32	62	20	80	17	63	31	11	6	82	19	30	10	14	91	4	27	19	59	38	14	21	7	9	30	38	9	31	4	30	10	15	30	23	27	7	30	3	24	10	33	122	28	7	7	15	102	13	60	12	61	10	30	109	11	50	154	11	16	20	36	18	23	19	16	7	95	66	16	20	10	169	66	6	7	24	12	36	42	11	38	15	27	22	7	11	25	16	17	19	19	16	9	51	52	123	92	50	62	99	37	33	54	243	231	29	76	9	22	19	49	21	52	13	103	40	85	11	28	17	54	18	12	74	18	11	57	32	112	70	22	14	19	15	43	44	14	194	9	8	9	14	36	9
Del(2,8):U(1,2):R(2,4)	7	6	19	4	4	3	6	5	5	2	2	7	6	6	11	15	14	1	6	6	4	7	9	5	11	5	7	8	8	6	5	6	7	9	8	6	2	10	3	10	17	8	4	10	22	8	8	4	7	5	5	11	3	1	2	6	18	12	14	10	7	2	10	15	2	24	15	11	10	12	1	3	14	7	12	13	6	9	6	6	21	12	15	10	8	3	19	13	1	8	10	12	65	5	20	11	5	6	31	15	12	24	80	2	10	14	13	4	6	7	17	29	13	52	21	23	12	9	4	44	3	22	14	44	38	15	4	16	7	10	3	4	24	9	31	7	5	11	19	38	32	5	6	9	29	13	23	12	8	19	18	8	9	14	41	10	9	10	23	7	9	7	30	20	10	14	14	6	19	8	16	7	19	15	10	17	10	18	14	11	260	6	16	19	5	13	13	28	7	17	18	7	18	16	13	18	17	44	8	16	5	7	2	9	10	3	6	1	11	6	6	8	0	7	13	15	16	25	8	27	15	19	10	36	4	27	18	8	23	13	16	22	11	10	10	38	38	28	10	12	11	12	11	7	9	7	27	13	23	22	66	13	15	16	29	19	17	24	18	49	11	24	21	21	35	26	14	28	29	8	27	29	40	25	9	9	16	14	6	19	31	6	4	13	26	26	24	26	12	13	10	9	8	15	9	17	23	22	341	14	10	6	8	27	10	24	40	22	19	20	20	7	10	32	22	13	11	24	22	17	20	40	9	57	43	17	14	17	64	86	19	14	17	10	900	41	25	17	25	10	32	32	14	15	24	7	25	15	26	21	25	30	8	21	17	2	27	44	30	34	45	6	13	57	24	6	14	83	14	26	43	21	26	19	5	57	18	10	7	3	16	18	11	16	13	136	14	14	24	51	13	9	12	5	20	17	30	14	19	27	13	18	21	17	12	51	37	7	40	20	6	44	41	9	16	815	17	15	21	20	396	41	12	44	9	12	17	12	33	20	14	13	13	9	7	45	24	16	22	11	192	27	24	19	34	25	11	9	22	16	23	40	16	28	5	23	25	41	19	30	17	15	27	31	31	16	19	25	84	15	11	23	30	26	26	50	34	23	38	21	13	41	16	17	8	19	32	38	14	31	18	35	14	22	11	36	32	10	28	12	22	8	61	23	17	34	32	17	22	9	27	29	27	36	20	3	36	6	17	1096	50	18	12	15	13	12	20	13	14	11	939	87	25	15	30	22	22	9	38	16	26	16	53	17	5	11	8	60	21	17	15	32	15	17	35	52	44	22	36	10	19	20	11	36	14	14	47	14	47	9	12	46	20	19	9	17	11	22	5	17	22	29	8	7	14	24	35	30	69	25	15	10	26	21	15	17	9	25	26	11	34	33	17	26	18	13	47	13	30	4	56	12	30	18	16	26	22	35	9	12	17	31	38	11	21	13	14	40	30	23	13	17	43	24	21	12	34	18	51	55	51	14	38	52	24	27	21	22	56	29	29	8	13	21	18	38	18	19	58	24	27	20	36	20	15	13	14	25	19	4	17	30	37	8	8	18	17	17	17	22	26	26	15	17	27	38	10	41	31	18	23	24	23	20	10	14	54	17	12	24	20	8	14	15	21	43	17	20	35	16	10	32	8	32	18	13	17	20	16	19	36	38	28	13	6	14	7	31	14	10	21	42	27	13	18	18	3	268	21	21	42	12	11	12	26	17	35	56	29	26	12	29	16	8	12	18	17	5	20	25	20	9	28	20	24	16	6	33	12	24	14	13	4	32	9	27	10	18	11	14	15	23	34	22	7	41	18	5	56	32	12	33	28	8	508	11	10	25	27	24	16	23	15	16	15	13	29	5	10	53	40	28	34	17	35	591	15	2	52	20	9	16	17	28	8	24	15	12	37	18	24	7	17	14	24	22	31	10	9	19	23	18	16	18	10	12	4	23	19	18	29	16	4	9	22	39	21	32	13	23	19	17	26	15	32	31	7	9	15	40	32	30	16	18	12	28	18	17	18	6	37	26	10	13	29	22	41	23	20	36	19	17	16	13	16	21	33	15	17	15	38	9	58	20	58	29	18	27	20	14	66	13	30	22	18	27	18	24	12	27	35	12	8	31	19	43	17	28	12	6	10	8	30	6	11	27	15	41	28	21	6	19	33	21	10	18	40	5	17	10	15	43	14
Del(2,):U(1,2):R(5,)	0	0	3	2	2	2	1	1	1	0	0	1	0	1	3	1	0	1	1	0	0	1	2	1	0	1	4	2	2	4	0	1	1	1	5	2	0	2	0	3	6	7	1	2	4	5	3	0	0	3	0	1	1	0	0	1	1	3	2	0	2	2	0	3	2	1	3	3	1	3	1	1	4	2	6	3	1	2	1	0	1	6	7	2	0	3	2	1	1	0	1	3	8	1	3	3	1	1	8	2	2	1	4	0	0	2	2	0	3	4	13	6	1	9	4	5	4	0	2	10	2	4	2	16	5	8	3	5	5	1	1	3	12	4	7	2	2	1	6	5	15	1	8	4	7	9	4	6	0	7	4	4	2	3	14	3	3	0	10	2	4	3	8	4	2	4	6	3	9	5	6	11	3	3	2	2	6	3	8	3	42	2	4	1	4	5	5	12	2	2	2	6	9	6	1	0	4	10	2	2	1	1	0	2	2	1	0	0	1	1	1	2	7	3	5	7	6	14	2	9	1	8	6	11	4	6	6	5	6	3	9	8	2	2	3	26	7	3	2	10	3	1	3	2	3	2	10	4	9	5	15	6	3	5	10	10	9	5	12	7	6	5	7	10	11	7	11	12	11	4	8	6	10	11	5	3	3	0	0	6	10	0	4	3	6	9	6	11	4	9	9	4	8	11	2	10	6	10	1173	9	4	4	1	4	4	13	14	2	6	10	2	6	4	14	3	4	2	13	5	4	5	14	6	23	12	5	3	3	20	289	11	6	11	7	3524	15	14	8	2	7	19	11	6	8	8	6	9	10	14	10	10	17	7	6	7	4	15	17	6	11	15	5	8	17	4	2	3	35	5	9	13	5	8	12	4	18	6	4	6	1	4	11	4	6	9	27	2	6	6	19	5	0	6	5	3	7	11	5	3	10	2	2	9	23	5	29	15	2	24	4	8	9	24	4	9	2976	18	11	10	11	1051	11	5	17	2	11	14	5	14	11	6	6	9	2	3	19	13	1	7	3	34	10	19	4	17	6	2	1	7	3	7	9	3	13	5	2	9	10	4	5	3	8	20	8	2	10	4	6	122	6	6	4	4	5	17	12	13	4	15	6	1	14	4	7	6	8	9	6	10	13	5	14	9	5	10	10	9	5	6	8	7	6	37	16	9	12	9	4	2	1	10	13	14	24	6	2	17	4	6	4837	22	6	6	6	10	4	10	4	4	3	3546	30	7	7	16	6	8	1	6	1	11	9	9	7	5	4	2	31	8	2	7	4	4	10	13	18	18	6	26	3	6	7	3	14	4	6	21	11	25	4	4	15	4	9	7	8	10	8	2	4	10	7	2	8	3	7	7	10	34	9	7	8	2	5	10	4	3	18	3	6	28	6	8	15	1	10	19	2	14	7	19	6	15	6	11	10	8	15	5	4	10	13	14	7	3	8	8	13	15	11	5	10	9	10	17	1	10	8	18	22	31	5	16	13	7	7	4	12	17	2	13	7	5	8	6	7	6	14	89	6	10	5	8	8	7	5	3	11	8	2	3	11	29	3	6	10	10	18	2	6	10	7	10	7	19	18	8	12	7	3	3	12	11	4	5	10	14	7	5	6	6	5	6	5	9	11	7	6	15	7	9	16	3	14	8	8	6	4	5	8	9	13	17	9	7	8	2	14	7	7	12	18	5	8	8	3	8	587	8	10	9	8	4	3	7	3	15	13	8	9	4	9	2	8	9	8	6	8	6	8	19	12	8	5	5	9	6	11	6	8	5	6	10	7	6	4	5	3	3	4	15	6	10	10	10	16	15	6	7	10	1	15	11	6	1678	5	2	17	15	12	6	11	10	10	6	5	10	1	4	16	8	4	5	1	12	1316	2	2	21	6	4	3	11	6	6	11	8	11	6	3	9	3	5	8	6	10	11	9	4	5	5	10	6	6	4	8	1	1	7	12	17	11	3	5	12	13	7	12	3	7	2	9	12	7	11	22	7	6	13	10	12	14	7	6	7	11	8	7	13	7	18	15	1	3	6	6	11	9	11	9	4	0	10	3	3	7	16	2	7	6	6	1	10	3	12	9	7	6	18	5	11	8	16	14	7	8	3	7	13	6	6	6	4	10	11	5	0	7	10	5	7	3	10	6	5	7	9	9	11	3	2	12	7	8	3	9	17	7	5	4	2	2	1
Del(3,):U(3,):R2	10	1	16	2	10	6	6	7	9	3	4	3	9	9	10	9	11	6	4	11	4	13	3	2	11	6	3	18	5	5	1	4	5	15	25	7	4	12	8	14	24	5	8	11	15	23	4	12	7	8	4	8	6	5	8	5	4	11	24	8	7	7	5	11	14	9	21	12	11	20	7	15	11	8	9	16	5	7	14	5	17	20	30	10	0	7	26	6	5	11	10	17	20	7	14	12	10	8	16	29	11	10	49	7	3	11	12	10	9	11	28	25	12	44	19	28	13	5	12	51	3	37	15	53	34	26	5	16	8	18	5	13	43	9	52	3	11	7	15	38	40	8	5	16	31	18	16	6	7	30	21	10	13	9	47	17	16	7	21	9	9	9	26	38	7	13	9	12	12	9	11	9	6	19	8	17	17	27	23	15	55	8	28	10	5	22	11	34	8	12	17	10	33	10	14	21	2	49	10	6	4	5	6	3	15	5	8	1	7	7	4	7	7	10	5	19	18	30	11	21	10	38	13	26	16	37	16	10	11	10	21	25	12	10	9	43	21	19	18	11	5	10	9	6	8	10	22	14	14	13	33	17	17	21	27	22	10	24	47	37	9	11	24	24	30	16	9	32	24	6	20	35	19	18	14	6	8	11	4	16	27	6	8	26	29	13	15	35	8	19	12	12	16	15	9	16	15	17	220	11	16	5	13	41	12	33	25	6	20	14	17	7	13	24	10	15	17	18	20	27	10	32	11	47	35	11	7	10	38	41	23	21	24	8	470	20	26	23	13	17	36	33	10	13	23	15	27	10	25	14	37	34	9	10	21	16	25	31	27	24	38	5	6	45	12	9	13	86	12	29	33	21	22	13	2	29	13	15	18	5	11	10	7	13	13	32	11	18	10	46	15	13	9	8	24	21	38	5	15	15	13	11	18	21	27	15	26	8	32	22	15	31	23	11	18	266	19	12	18	18	164	36	16	34	5	19	22	15	37	14	14	12	13	7	14	46	27	15	17	17	120	14	18	23	53	43	11	5	22	8	23	58	7	36	7	14	13	28	12	11	25	22	21	26	13	11	22	12	62	21	12	19	18	12	28	49	23	20	23	20	9	16	16	18	13	16	23	32	21	30	10	37	13	23	11	11	19	11	22	19	19	13	57	17	18	23	20	20	10	4	23	35	34	61	16	7	39	13	10	571	57	26	7	10	22	5	23	12	14	12	289	89	29	20	17	17	22	8	37	12	33	20	33	19	8	14	9	69	13	17	8	30	14	19	29	44	40	12	61	9	12	20	14	13	8	10	23	10	55	5	18	41	8	15	11	21	11	22	10	27	24	26	13	14	14	16	25	29	56	12	19	8	25	18	28	18	6	16	17	13	46	21	11	30	5	24	37	19	24	10	36	10	35	18	15	17	18	24	12	14	22	40	33	14	12	16	12	30	21	29	14	13	58	30	53	10	25	16	53	48	66	15	32	36	13	16	12	24	44	28	61	9	22	9	15	49	21	12	47	51	34	13	16	17	15	22	22	19	11	4	12	18	37	3	12	21	11	17	24	11	38	23	13	13	30	33	15	45	19	20	11	27	25	18	7	14	31	22	18	18	17	5	20	14	13	32	21	13	27	7	13	24	13	39	12	23	8	15	2	7	21	40	25	10	9	19	1	29	9	5	15	53	25	13	11	17	9	109	20	17	42	10	11	24	34	7	34	58	29	17	7	16	11	9	17	22	24	3	26	16	31	23	36	12	24	25	8	37	7	26	18	13	6	34	8	20	12	14	6	17	19	21	17	10	5	47	19	7	17	10	8	23	19	8	251	9	5	31	33	34	16	25	12	13	12	11	17	5	12	41	27	45	21	8	21	319	16	8	36	19	13	10	18	11	15	20	12	11	39	15	21	8	17	22	8	14	36	17	6	25	20	10	14	19	7	30	7	18	19	17	49	16	9	11	21	20	24	39	10	24	10	15	19	22	38	33	7	10	19	45	22	16	11	23	22	43	26	15	28	6	41	23	14	2	19	19	23	44	13	43	17	11	34	6	19	19	22	8	19	15	42	5	44	17	15	23	19	37	36	8	71	22	40	31	12	26	14	10	11	24	38	8	4	31	16	39	4	26	10	9	3	5	26	15	6	13	23	28	21	20	13	26	32	22	9	14	38	6	9	13	16	37	15
Del(3,):U(3,):R(3,)	3	0	7	2	3	1	5	5	1	1	1	0	1	1	2	6	3	2	2	2	1	3	0	1	5	4	0	0	1	3	3	3	4	3	5	1	3	1	2	3	5	3	4	6	7	3	5	4	3	5	1	2	0	0	1	2	4	1	9	3	7	4	0	6	3	1	5	7	1	5	2	7	1	2	7	8	1	0	3	0	3	10	9	0	1	2	7	1	1	0	6	5	7	2	6	6	4	2	12	5	4	9	14	0	2	2	9	6	3	2	5	3	2	17	6	8	2	7	1	18	0	17	3	32	24	12	5	8	11	7	4	5	25	9	15	1	6	1	4	10	25	3	5	2	9	14	19	1	0	33	8	10	1	5	14	1	6	7	10	1	6	7	6	13	1	4	5	5	6	8	1	5	3	9	6	5	1	6	12	5	23	5	11	6	10	8	1	21	2	2	9	7	3	3	1	9	3	10	2	3	6	1	1	4	3	2	1	0	3	7	9	6	4	6	6	4	11	17	5	8	1	18	8	8	4	25	8	3	14	4	8	7	5	8	4	16	8	7	10	9	4	3	7	2	3	1	9	5	6	12	27	14	1	6	24	13	12	8	7	14	5	4	20	6	10	7	9	15	8	2	9	18	14	7	5	3	3	2	1	16	10	3	2	6	16	9	17	4	6	13	9	6	7	10	4	4	4	5	225	8	6	2	3	13	3	38	12	13	11	6	10	3	10	9	11	4	8	12	5	6	11	10	3	24	8	8	1	7	17	45	16	10	8	4	402	8	13	10	8	4	19	10	5	7	10	5	12	7	13	10	8	8	7	7	8	3	10	5	9	15	19	4	10	22	2	3	8	66	7	10	12	9	11	14	4	18	4	8	9	3	7	7	9	7	4	12	2	16	7	16	11	3	6	5	4	15	20	3	14	10	8	4	12	3	14	7	6	3	25	7	8	18	9	5	6	411	11	9	15	8	172	22	6	21	5	5	14	10	9	8	9	10	9	2	8	17	11	4	6	13	59	15	5	9	8	13	10	2	10	3	11	27	7	11	2	14	10	13	10	9	8	5	10	14	7	8	10	6	39	4	5	16	9	6	9	28	9	8	5	9	3	7	6	8	9	17	10	11	5	16	4	15	4	11	3	6	8	5	10	12	10	8	29	12	11	8	9	13	9	7	4	14	24	19	10	2	16	3	4	591	13	9	2	8	10	4	5	3	8	6	506	51	10	4	8	10	11	7	20	6	23	7	11	4	4	4	11	20	13	4	8	8	7	5	18	16	25	10	27	5	4	12	11	3	7	7	10	8	14	2	10	30	3	4	14	7	3	8	4	6	10	11	5	3	7	8	11	18	20	3	9	3	9	7	24	5	5	18	6	4	39	11	8	11	3	10	18	4	10	9	21	4	13	13	10	11	11	15	4	4	5	10	17	3	12	9	13	6	10	21	8	7	25	12	8	7	14	8	31	16	24	11	15	14	5	14	8	6	20	11	34	5	9	6	12	22	13	11	18	20	18	4	8	12	13	11	7	8	5	0	6	5	19	0	3	1	11	6	8	8	17	9	9	6	9	18	10	25	5	8	3	5	2	12	4	14	8	11	12	9	10	4	16	5	5	11	10	10	11	7	5	4	6	22	7	6	10	4	11	10	13	15	16	8	7	8	2	5	8	7	7	42	7	7	12	9	9	123	6	11	14	9	6	10	7	3	26	27	13	12	4	6	9	4	5	13	5	3	16	5	13	8	14	6	8	14	3	17	8	16	6	7	4	22	4	10	2	4	7	7	11	11	11	12	2	18	9	5	7	4	0	12	13	6	293	5	4	11	12	6	6	21	8	9	4	5	17	1	9	13	10	10	3	3	11	284	7	4	21	10	8	5	6	6	8	12	6	6	20	9	15	3	7	7	4	8	19	5	3	12	10	9	7	9	4	22	2	5	3	12	19	7	4	1	6	10	7	24	6	10	6	7	8	11	24	11	2	8	12	12	7	11	10	9	8	21	5	10	7	4	19	11	8	3	10	10	16	18	6	26	7	8	9	4	5	9	17	8	5	14	10	4	16	11	8	12	5	22	22	4	39	7	24	4	7	9	6	6	4	5	20	7	6	12	10	19	6	14	4	1	2	5	8	3	5	6	2	13	19	16	5	8	10	8	5	7	13	4	5	7	7	11	11
Ins(2,4):R0	1	0	2	2	1	0	0	0	1	1	2	0	1	3	2	3	0	2	0	1	0	1	1	0	2	0	1	2	0	2	1	1	1	5	4	0	1	2	0	2	7	0	1	0	12	2	1	2	0	1	0	1	2	1	1	0	1	1	4	0	2	2	0	3	1	1	7	0	1	1	0	7	5	0	4	13	2	1	1	1	0	3	5	0	1	0	3	0	0	1	5	0	4	0	4	0	1	0	4	2	2	3	1	1	1	1	1	3	0	4	5	1	0	4	4	3	1	2	2	2	1	3	5	10	0	9	0	1	4	3	1	1	5	1	4	2	0	6	1	1	1	1	1	3	5	1	1	2	1	5	5	3	1	2	3	4	3	0	5	3	3	3	12	4	1	2	3	4	28	1	5	1	2	3	2	4	1	3	3	2	1	2	4	3	1	1	3	14	0	3	2	0	3	4	0	3	3	19	0	0	2	1	0	0	4	0	1	1	1	2	0	2	3	1	6	15	8	26	6	13	10	13	8	10	4	11	20	6	17	13	27	16	14	12	15	57	20	11	10	13	7	11	10	7	8	6	16	8	23	23	14	25	2	10	25	20	10	15	15	30	6	11	20	23	41	12	5	20	32	1	14	14	24	19	11	7	6	8	8	19	16	6	7	22	13	26	23	57	6	5	9	9	21	10	9	10	8	51	165	6	8	6	9	2	13	16	40	36	10	38	11	14	8	10	16	13	11	21	10	10	12	7	19	35	56	8	4	8	42	47	24	43	21	17	339	24	48	19	10	11	23	23	13	32	19	6	15	39	35	12	9	22	15	19	11	16	23	22	16	19	17	11	17	34	32	6	13	19	10	7	19	5	41	9	7	26	9	6	28	1	11	12	9	12	34	14	3	24	10	19	42	9	6	9	11	26	20	24	18	12	6	12	18	28	11	23	48	6	24	17	12	25	41	1	17	349	5	13	8	14	251	23	16	27	14	31	13	11	15	11	15	7	19	9	8	14	52	7	40	13	13	14	13	12	72	19	9	9	8	6	13	34	26	68	8	9	11	14	16	23	6	22	16	22	12	24	13	15	101	21	13	15	12	13	42	24	37	13	20	13	3	19	16	8	20	16	19	22	20	34	14	20	9	9	8	22	18	10	17	15	27	5	33	21	7	27	19	6	9	9	17	15	11	54	13	7	45	5	10	647	46	17	8	18	8	3	22	8	23	17	672	33	13	15	25	39	9	2	34	7	15	12	13	17	5	11	7	38	20	4	10	24	15	18	28	15	14	26	50	16	7	13	20	23	8	9	24	12	33	6	10	23	11	9	10	17	11	24	11	13	42	23	8	19	9	12	9	22	20	12	25	7	15	28	8	13	10	30	15	7	43	8	13	28	18	16	26	22	26	11	19	13	46	10	14	23	10	24	14	20	18	29	17	9	13	27	7	20	21	20	12	9	19	55	23	12	14	7	30	28	38	19	22	20	17	9	13	7	43	25	26	4	19	11	5	12	13	19	13	16	24	19	9	17	11	14	6	23	27	3	19	12	12	10	7	19	13	12	13	9	19	13	16	6	35	34	13	26	4	5	16	44	5	20	11	14	99	20	8	13	9	6	10	12	19	12	22	20	22	8	4	33	11	32	12	31	15	15	5	13	22	18	14	14	15	12	7	30	17	9	13	19	8	11	15	6	11	227	11	9	12	10	10	15	14	10	12	27	29	31	8	21	8	6	9	16	16	11	7	10	20	6	13	9	12	11	11	23	6	31	13	7	7	21	7	10	7	11	9	16	17	15	32	19	11	8	13	12	19	23	8	18	21	11	378	6	8	15	19	35	9	36	22	29	10	11	23	4	23	17	11	9	17	10	11	107	9	6	22	14	7	12	9	11	19	21	14	16	20	14	37	3	11	18	19	13	14	11	8	2	15	15	11	13	6	24	6	10	12	6	32	15	7	5	8	12	10	24	9	7	8	8	28	13	16	39	7	7	17	28	17	22	21	17	6	47	32	18	9	6	48	28	6	4	23	3	14	19	9	11	15	8	17	17	14	15	14	16	13	7	19	16	26	15	8	12	19	19	13	15	22	14	51	37	11	23	10	9	16	15	7	6	11	15	12	37	4	18	7	13	4	4	40	8	4	13	11	14	10	22	7	10	11	11	7	10	41	4	14	10	10	12	5
Ins(5,):R0	1	0	1	0	0	2	0	0	1	0	2	1	1	4	2	0	0	1	2	0	0	1	0	0	4	0	2	5	0	1	1	0	0	0	6	0	1	0	0	6	13	1	1	0	12	6	0	2	0	1	0	1	0	1	1	0	0	4	2	0	0	1	1	2	0	1	12	1	1	0	1	3	0	1	0	3	1	1	0	1	1	5	17	1	0	0	1	0	2	3	2	0	0	1	3	0	3	2	4	0	3	1	0	1	0	0	1	2	0	1	12	2	0	3	10	9	2	1	0	0	0	2	0	4	3	18	1	2	1	0	1	1	1	1	4	0	0	3	2	1	2	3	3	1	2	4	2	0	0	4	13	0	0	0	1	4	0	0	8	0	2	0	15	0	1	1	0	1	12	0	3	2	0	2	3	0	2	1	8	0	4	1	1	2	2	3	3	14	0	0	1	0	1	6	1	3	3	30	1	0	1	0	2	0	2	1	1	0	1	0	1	1	2	1	30	24	16	57	12	36	31	19	18	39	18	49	53	52	60	39	75	32	48	26	20	75	42	30	23	24	16	30	9	52	26	21	39	19	60	22	49	81	28	30	67	38	27	33	49	30	10	26	23	25	91	27	25	30	22	13	30	65	34	25	26	28	26	10	9	77	21	37	12	28	36	238	28	49	10	15	11	66	30	25	20	35	11	38	126	19	7	11	17	14	10	22	51	25	41	61	14	14	62	20	40	21	10	121	40	89	19	24	92	104	28	46	21	14	81	59	21	25	42	62	412	34	59	22	17	54	97	45	22	49	43	44	68	28	46	17	30	35	15	89	13	12	25	51	34	47	49	8	18	24	24	40	60	56	30	28	42	18	70	17	14	30	14	44	64	12	13	15	19	13	43	22	29	31	18	51	25	30	13	49	26	74	49	42	51	13	14	29	41	30	39	23	31	27	47	26	15	33	17	18	22	315	12	15	18	97	348	58	46	43	45	30	48	59	33	31	26	49	56	20	46	18	33	33	24	16	24	48	49	59	136	85	62	28	20	17	74	27	24	66	53	46	21	93	54	44	14	31	15	15	67	17	14	37	97	73	23	50	51	15	47	53	93	88	37	60	36	26	68	11	61	59	33	51	14	107	16	44	39	25	18	56	18	72	25	31	104	21	46	33	29	32	19	18	18	45	35	27	23	80	23	12	61	10	17	604	145	35	18	33	41	9	33	12	74	17	532	41	12	23	94	50	90	31	81	33	56	53	74	27	31	20	46	103	31	38	46	78	24	23	50	80	43	59	74	29	25	64	44	23	28	25	42	24	80	40	33	37	31	35	29	54	27	40	60	43	68	140	20	39	66	34	46	69	51	42	66	34	26	60	69	46	52	53	47	26	84	43	34	83	27	47	73	80	65	14	66	42	108	34	47	51	35	33	25	68	104	45	73	29	33	43	43	35	57	45	29	33	46	86	145	68	61	24	113	53	80	30	38	113	69	53	76	80	241	165	63	48	61	28	41	42	34	43	27	80	63	43	28	54	84	21	37	76	71	50	45	12	22	41	16	27	45	37	76	48	46	20	29	12	145	84	86	18	72	18	46	83	9	50	101	40	86	39	51	89	52	33	42	18	58	80	89	53	37	31	55	81	30	78	55	43	61	83	39	21	18	36	35	18	32	15	7	29	29	26	27	34	6	28	9	7	21	185	22	24	16	21	18	32	20	43	15	32	49	28	27	28	36	13	19	22	25	12	19	12	32	10	21	21	13	40	11	24	31	23	29	21	7	25	16	19	14	18	20	37	39	62	48	79	38	34	57	92	69	42	52	129	43	61	420	51	37	61	42	122	42	81	149	80	76	53	63	46	29	50	22	23	45	34	37	189	6	5	54	35	23	18	27	43	25	50	38	33	36	29	39	8	12	28	25	22	18	18	17	12	23	21	19	26	14	45	21	27	22	16	60	29	15	19	20	31	12	30	8	17	24	31	43	28	20	47	22	19	31	23	18	22	27	18	20	67	53	20	23	14	54	69	17	13	25	8	11	19	13	23	19	54	19	21	25	24	23	13	19	22	33	15	83	41	95	81	49	124	213	84	32	24	259	369	73	51	27	38	33	26	55	75	16	46	56	98	28	27	30	59	28	20	113	45	36	13	23	20	20	19	8	19	17	17	16	14	67	15	12	14	22	18	25
Ins(2,4):R1	0	1	2	2	3	1	0	2	0	5	2	1	0	1	3	2	0	3	1	0	1	2	0	1	4	3	4	0	3	3	4	0	2	2	3	4	0	3	2	1	4	4	2	0	5	2	0	4	0	3	0	3	1	2	1	3	3	2	3	2	5	3	4	5	3	6	5	4	1	3	1	4	2	2	2	5	1	0	0	0	2	2	4	5	1	1	4	2	1	4	4	2	10	1	10	3	1	2	4	3	3	5	1	4	5	4	2	1	0	0	3	6	3	10	5	6	1	1	1	3	0	5	8	3	2	9	1	4	4	13	1	1	6	2	3	1	4	2	1	3	5	4	3	7	8	7	4	4	1	7	2	6	2	4	4	6	3	2	6	4	8	2	9	17	3	3	5	4	6	2	7	3	1	7	0	2	6	5	9	2	8	2	9	8	4	4	6	4	3	3	4	0	3	7	2	4	4	13	2	2	2	2	4	4	6	2	1	2	6	1	3	2	3	0	3	4	2	7	2	14	3	14	10	13	6	8	8	4	3	3	6	7	3	5	7	17	30	10	9	5	3	10	7	2	1	5	11	7	11	3	36	14	6	11	7	8	13	12	8	9	1	9	13	9	16	3	9	7	50	3	9	7	22	10	6	8	3	4	1	16	12	4	6	3	5	13	12	22	11	6	5	8	6	4	5	4	6	21	22	8	7	2	5	8	8	2	17	19	9	5	7	5	8	12	11	11	5	14	7	6	9	12	6	16	23	3	4	7	30	11	19	12	4	9	59	12	9	12	9	4	9	6	6	9	8	9	8	17	8	10	2	9	6	5	10	6	26	10	6	17	21	2	5	14	10	0	9	16	4	9	16	12	8	5	1	25	6	6	14	3	2	6	2	9	10	7	2	24	4	30	17	4	5	5	3	11	7	6	5	8	11	15	5	11	12	7	13	5	18	7	5	19	11	4	5	53	10	4	11	4	26	6	12	15	4	10	8	6	9	11	16	7	12	3	4	22	29	4	9	8	5	20	8	6	16	13	4	2	8	2	15	12	15	23	3	12	17	10	8	16	14	12	14	8	3	9	8	6	13	8	0	5	5	5	10	17	16	7	25	6	2	11	10	6	5	6	9	16	9	5	9	11	3	6	9	11	8	7	7	7	7	10	11	7	6	11	13	9	6	8	10	13	9	16	8	1	11	5	3	104	11	6	3	6	1	8	9	5	5	9	90	16	11	3	9	7	8	3	28	3	16	9	15	3	3	7	7	10	4	1	9	5	7	12	11	25	9	11	14	3	13	9	13	13	5	11	21	8	15	3	8	11	3	5	6	12	11	14	1	6	33	21	3	4	3	6	8	16	22	6	19	6	3	11	6	10	4	17	6	4	27	15	13	7	3	20	15	8	17	2	16	9	12	6	4	14	25	9	6	7	5	10	9	5	8	14	9	6	14	8	5	7	4	14	6	4	19	5	7	24	9	8	12	11	12	6	13	9	19	7	7	5	16	5	4	13	6	4	8	5	15	3	5	8	7	5	6	26	19	2	10	7	8	5	2	5	4	8	13	8	3	4	10	13	11	11	6	7	10	4	6	10	9	5	2	18	33	9	15	7	7	4	4	5	10	16	14	4	12	6	6	18	5	12	12	7	8	9	7	7	15	8	7	9	8	6	4	6	3	1	6	7	5	5	7	5	6	24	11	9	6	4	5	6	10	6	11	7	3	19	6	12	11	6	8	19	14	7	7	4	6	9	12	5	5	2	8	16	4	9	6	1	1	5	6	7	5	3	6	7	9	8	14	6	6	18	3	12	9	6	4	8	5	12	45	1	3	8	21	15	2	17	3	11	5	5	13	5	9	15	12	5	20	4	14	19	3	4	33	4	2	4	3	22	12	7	2	7	8	4	19	4	4	7	5	11	11	3	5	4	4	7	11	6	6	11	3	4	7	9	20	4	4	3	7	7	3	31	6	6	7	3	7	4	17	24	10	8	6	29	8	7	6	7	6	32	6	5	3	4	18	8	4	2	6	2	14	11	8	10	7	5	13	2	3	10	6	11	7	11	11	7	20	12	16	9	8	10	10	5	21	6	11	9	8	8	5	5	10	7	11	3	2	17	8	10	7	18	5	2	4	0	11	3	4	6	7	4	17	12	5	5	11	8	4	5	24	7	6	5	5	8	6
Ins(5,):R1	6	3	3	2	4	1	2	2	2	4	1	4	2	6	3	2	1	0	2	2	4	2	0	3	6	0	2	4	1	3	1	2	3	4	10	1	0	1	0	3	17	1	5	3	11	8	3	1	3	3	1	1	0	3	3	0	3	5	3	3	2	4	4	1	8	5	10	7	6	3	2	4	3	4	8	12	2	4	2	1	0	18	23	6	1	0	3	3	2	10	4	4	2	8	12	3	1	1	6	0	6	3	4	3	3	5	3	5	4	4	17	5	5	10	16	5	3	2	5	8	2	4	7	15	7	49	2	3	1	3	1	1	9	3	10	2	3	4	6	5	6	2	1	8	10	8	3	3	1	7	3	5	5	5	11	6	9	4	8	3	14	7	16	3	6	11	10	7	5	4	2	12	10	10	3	4	9	8	13	3	4	1	9	3	6	3	7	21	4	4	4	0	4	13	4	2	3	46	3	4	2	2	4	2	6	3	0	1	3	2	3	3	9	1	5	6	7	25	4	8	2	9	0	5	3	7	5	6	6	4	12	8	2	5	6	21	20	8	2	8	2	6	2	4	2	2	11	4	19	3	17	13	1	3	49	14	6	6	15	9	11	12	17	13	30	6	7	5	15	1	7	8	7	6	7	1	5	5	4	7	12	1	0	7	5	5	9	10	12	6	3	6	2	4	5	5	7	7	11	5	5	2	6	1	3	4	6	6	9	11	7	4	7	7	5	8	2	17	13	9	4	12	7	24	7	7	2	1	17	1	14	5	7	18	10	9	25	6	9	4	8	6	7	7	8	2	7	3	20	9	3	15	3	9	3	3	23	3	3	7	8	6	5	20	5	1	3	13	5	4	16	7	19	5	2	16	5	3	9	6	8	10	5	5	9	5	4	4	7	8	3	3	5	3	7	8	13	12	0	2	4	3	9	15	7	9	3	5	19	8	7	20	6	8	9	18	5	4	11	4	26	11	8	14	1	4	7	4	9	8	18	4	6	8	3	19	16	7	9	4	4	5	5	8	29	4	6	3	8	6	5	16	7	31	5	9	3	15	7	4	16	7	7	5	9	2	3	8	18	5	2	9	6	5	12	6	18	4	21	5	4	8	0	8	7	7	6	7	4	17	5	4	4	4	4	14	9	1	13	5	5	5	11	9	4	9	8	4	2	5	3	11	8	28	7	4	26	5	7	20	20	3	2	5	2	4	6	3	8	7	26	13	8	8	19	10	5	1	19	1	6	6	6	8	1	8	4	38	4	5	13	10	6	8	11	14	3	5	15	7	9	5	6	7	7	6	8	6	73	2	6	9	4	10	5	8	4	10	7	7	38	3	1	9	5	11	5	10	9	2	9	3	14	14	12	9	4	9	6	4	18	5	5	19	7	12	12	11	25	2	10	5	33	2	2	10	6	9	4	7	5	15	13	2	6	4	0	4	10	9	3	6	14	21	19	5	2	2	11	17	39	3	11	11	5	8	5	14	22	13	6	2	10	3	3	17	7	3	10	6	15	6	4	5	3	9	1	11	8	5	4	8	9	3	4	13	9	2	5	1	4	5	1	9	21	19	3	4	6	8	6	18	6	13	3	23	10	11	2	2	3	2	5	11	3	26	9	14	12	7	0	27	4	25	4	17	11	6	6	4	3	4	6	1	5	6	2	13	17	5	7	9	3	7	4	7	5	18	3	3	13	2	3	3	11	7	3	12	13	6	3	5	5	1	15	14	8	3	4	3	4	2	2	4	8	5	2	8	4	11	8	8	1	15	3	2	3	4	5	13	9	8	7	9	6	4	7	6	6	12	2	6	10	6	20	2	4	11	11	24	3	8	12	9	4	2	20	3	5	20	8	8	13	7	8	22	6	1	13	6	1	7	1	12	5	14	2	11	15	10	11	4	8	5	5	8	18	6	3	2	3	10	5	1	4	21	3	8	23	5	28	2	5	6	7	3	6	19	6	6	24	3	19	5	11	40	4	9	10	11	12	7	4	8	5	42	11	4	7	1	10	15	1	3	5	4	11	3	2	6	4	2	9	2	10	8	6	6	4	1	8	3	10	11	11	5	12	6	11	3	26	4	39	22	17	8	5	4	4	10	7	6	3	9	9	14	4	8	0	4	3	0	11	3	3	10	18	16	7	7	3	12	1	2	3	7	15	4	2	3	6	9	7
Ins(2,):R(2,4)	1	3	7	1	0	1	0	2	1	1	2	2	2	7	3	3	0	1	1	3	1	0	1	1	2	1	1	4	1	0	1	2	1	0	3	3	0	0	3	6	3	5	2	2	3	4	0	0	0	1	0	1	1	0	1	0	1	2	2	3	0	2	2	2	2	1	4	4	3	0	1	3	1	3	1	7	2	1	0	3	4	9	10	4	3	1	5	1	0	3	3	2	3	1	3	10	5	2	8	2	3	1	2	0	0	5	4	4	1	1	8	11	10	4	10	10	3	4	3	5	0	3	8	1	12	13	2	4	1	6	1	2	2	4	8	1	3	2	2	3	8	1	2	4	1	4	3	4	4	4	5	6	2	2	11	3	5	5	6	1	5	2	13	4	5	4	1	1	7	0	3	2	2	3	1	1	3	4	15	2	6	0	7	1	1	1	1	14	2	2	1	4	6	3	1	3	7	15	3	1	2	2	2	4	4	1	1	0	2	1	1	2	2	2	3	5	6	12	4	10	6	11	3	13	3	11	4	3	9	1	7	7	8	10	4	25	10	6	4	2	2	5	3	2	1	3	7	9	16	7	23	9	5	6	17	12	8	11	3	10	9	9	12	4	8	11	16	13	12	2	11	11	23	6	5	7	3	9	1	12	13	3	3	9	6	8	10	15	8	4	3	13	10	1	5	7	3	16	121	8	11	7	3	8	5	2	13	9	4	20	5	4	7	10	8	4	6	8	12	12	9	8	5	13	9	5	9	5	24	57	16	8	4	10	324	20	13	21	2	6	17	11	4	9	5	11	6	9	5	15	5	13	8	3	2	10	10	11	9	10	13	8	5	18	8	3	6	17	8	9	8	5	25	9	0	14	6	3	4	2	4	8	7	4	12	8	5	11	7	24	9	5	3	7	8	13	12	7	9	11	8	4	8	13	12	14	13	5	25	10	6	8	13	5	5	390	6	9	16	7	194	13	3	12	3	8	5	4	10	8	12	11	9	6	7	7	21	7	9	3	3	13	8	10	7	10	6	2	6	4	10	12	10	22	9	5	10	11	14	7	10	9	6	9	4	9	11	8	66	7	4	7	13	2	18	20	5	6	25	8	3	9	6	9	7	3	11	7	10	13	6	13	2	13	8	13	7	5	10	10	9	6	31	12	9	5	12	7	5	6	5	17	11	19	3	5	22	3	7	492	9	2	4	5	5	3	7	8	10	5	499	15	5	12	13	14	10	1	14	5	17	8	14	7	3	13	11	31	11	6	10	10	6	7	11	15	15	9	20	7	8	6	8	11	11	4	18	7	30	0	4	14	4	7	4	9	7	9	6	10	27	16	4	10	5	7	15	10	32	9	15	3	8	11	11	10	5	15	2	6	27	7	12	16	5	13	17	8	18	4	9	5	22	8	3	11	15	6	3	5	6	12	14	9	6	8	7	7	16	14	6	6	17	8	9	3	6	12	14	13	28	6	12	11	6	11	10	9	24	9	10	3	7	4	6	8	6	7	31	11	17	6	10	11	11	8	6	13	10	1	7	5	9	2	8	9	15	5	7	8	3	12	5	1	24	8	11	6	6	8	8	6	9	9	6	7	20	5	7	1	9	5	6	5	11	16	7	8	9	7	3	13	2	29	13	8	8	5	9	7	17	8	13	3	0	7	3	14	10	5	12	8	2	5	9	3	7	184	8	6	15	10	3	5	2	5	7	14	7	15	5	7	8	2	9	15	11	4	9	3	12	4	7	6	1	5	8	18	2	15	6	4	3	7	4	4	1	6	4	7	15	3	14	12	6	12	6	6	5	6	2	10	6	7	248	8	2	4	18	26	3	19	8	12	8	4	10	3	7	23	12	13	13	7	13	180	5	2	26	11	6	9	2	8	7	15	7	8	7	8	18	1	4	9	10	7	9	5	7	2	8	3	7	4	3	25	3	4	11	7	23	11	4	8	8	18	7	19	3	4	11	6	15	8	12	18	7	7	10	20	5	8	14	9	8	17	10	8	5	5	11	10	5	3	17	4	14	8	8	15	7	8	9	11	9	8	10	9	6	1	3	3	11	12	17	12	12	11	12	5	12	6	14	13	7	7	5	8	3	10	6	8	2	18	12	19	8	8	3	5	3	4	10	6	5	10	8	5	13	9	1	7	8	7	9	5	10	2	13	0	3	17	5
Ins(2,):R(5,)	1	0	2	3	1	1	2	1	2	2	0	1	1	3	7	1	1	1	1	2	0	0	0	2	1	1	3	2	2	1	1	1	2	2	6	3	1	2	2	2	3	1	2	1	3	5	0	1	0	2	1	4	2	1	0	3	4	0	1	5	1	1	1	3	2	0	2	10	1	3	1	6	5	1	3	7	0	1	0	0	3	4	5	5	0	1	16	0	0	3	10	3	2	1	8	7	4	2	20	4	4	7	1	1	2	9	3	2	2	2	6	15	3	14	2	19	3	3	2	4	0	13	8	4	29	12	4	5	2	11	1	0	2	3	8	0	3	2	3	4	12	3	2	8	6	7	3	3	3	6	14	16	5	4	17	5	4	3	15	0	4	3	12	12	7	5	4	1	4	2	3	5	11	1	5	9	5	5	10	7	2	3	9	3	8	3	3	12	2	1	2	2	11	7	6	2	5	16	1	1	0	1	1	5	2	1	1	0	3	2	2	0	1	4	5	9	5	17	8	14	5	22	5	10	3	6	6	4	12	7	12	11	10	14	7	33	28	7	8	1	2	9	6	1	5	5	7	7	18	11	19	22	1	13	13	22	10	14	19	27	3	14	22	17	23	14	15	26	22	1	18	7	40	10	8	4	10	15	4	25	10	6	9	24	9	7	4	18	10	13	13	19	15	8	12	9	6	8	570	7	14	7	6	3	5	6	13	10	7	20	9	9	10	4	11	2	6	15	6	21	5	12	8	34	33	10	7	8	26	208	20	12	29	13	1865	16	11	55	6	7	18	7	10	20	15	6	11	27	17	21	9	16	9	3	6	13	12	28	8	17	7	3	7	52	6	7	9	30	14	11	13	9	30	12	1	18	10	5	10	2	11	10	13	10	17	9	3	11	5	13	16	14	3	2	12	13	36	4	3	7	5	4	13	15	13	12	25	5	35	11	6	15	17	7	7	1943	10	15	43	14	932	17	10	25	3	20	18	8	19	7	13	7	16	7	3	14	15	9	8	7	5	9	15	6	29	7	10	13	4	3	7	22	5	21	3	13	12	13	11	15	9	4	5	5	13	12	11	10	263	5	7	9	11	6	10	23	22	15	19	10	2	14	10	7	9	15	15	4	11	24	9	21	19	11	12	8	16	11	11	16	9	15	71	17	18	34	20	5	2	11	7	18	15	23	7	4	19	7	20	2591	13	8	9	14	10	7	6	14	27	7	2360	22	9	11	14	24	15	3	28	4	26	16	17	16	7	6	9	26	11	1	5	14	14	10	19	20	27	12	17	4	10	11	9	4	8	3	19	2	27	2	9	18	5	7	12	10	13	22	13	6	13	23	7	9	5	15	22	24	24	20	24	4	15	6	13	7	9	14	6	10	70	17	21	13	4	10	35	29	52	4	19	6	18	10	9	4	15	18	7	10	10	9	12	9	14	16	8	28	30	15	2	9	18	19	15	21	14	9	41	23	22	5	6	16	4	13	16	12	20	17	9	4	10	4	19	26	6	10	104	8	17	13	10	27	13	6	5	5	7	1	25	8	49	1	4	5	6	7	6	10	9	8	13	4	21	8	10	13	2	5	15	7	7	15	15	11	13	7	9	12	6	5	7	14	9	12	12	7	26	9	12	30	9	77	13	4	11	10	15	11	18	4	11	9	6	7	2	21	7	26	8	24	7	12	10	14	12	915	13	12	15	20	7	2	5	10	22	11	14	17	8	9	7	6	1	10	15	7	13	4	25	13	12	11	4	18	10	28	12	28	3	6	3	24	14	12	3	5	9	7	57	9	32	21	7	6	3	6	11	9	9	11	10	7	993	6	3	6	25	14	11	24	9	22	12	9	15	1	23	16	10	15	13	10	10	933	6	2	17	5	7	8	3	3	7	27	13	8	19	7	19	2	19	24	14	20	18	8	14	8	14	8	16	6	2	31	5	14	0	14	27	25	7	5	16	15	12	12	7	10	34	8	21	21	29	13	3	12	17	54	16	21	28	13	9	36	16	25	5	6	13	17	1	3	22	14	17	21	7	19	11	4	6	10	18	23	32	14	14	5	13	14	20	9	13	9	16	7	25	8	24	15	12	17	13	9	5	11	8	20	8	6	8	25	20	17	2	16	6	8	9	4	22	10	5	4	3	5	18	6	5	5	12	2	6	8	14	10	12	11	8	23	2
Del(2,5):M1	3	3	18	4	5	4	6	1	6	5	1	6	7	12	8	33	4	4	2	5	3	2	3	3	7	2	6	14	4	1	8	1	8	10	20	7	4	8	6	11	24	3	14	2	21	12	3	4	4	3	0	9	7	0	1	3	6	10	16	11	6	7	6	8	6	25	21	9	4	5	3	8	7	5	12	18	6	3	3	5	12	9	30	9	5	3	16	2	3	8	7	10	49	5	14	7	4	6	15	8	11	10	24	6	6	10	9	9	6	14	23	15	12	27	26	15	12	6	10	18	4	24	15	24	19	37	5	16	4	11	4	10	20	4	29	1	13	16	11	20	27	6	3	10	23	28	15	18	8	19	15	2	5	11	16	19	8	4	17	6	16	7	27	23	5	8	8	8	13	7	4	13	15	7	3	7	19	11	16	5	257	14	10	12	6	9	5	22	3	10	15	5	37	19	5	18	17	57	5	21	3	3	5	3	29	2	11	2	4	5	4	9	6	0	10	9	11	22	10	51	24	27	11	45	8	22	11	8	17	8	27	12	16	11	7	48	24	15	16	14	11	5	5	5	8	7	26	20	36	15	84	16	19	12	37	22	15	22	51	29	14	15	19	19	42	18	23	16	19	2	31	22	31	17	8	10	8	12	8	20	27	5	17	15	22	21	20	19	12	7	8	9	22	11	7	14	8	25	149	7	17	8	10	14	16	28	23	17	20	14	16	3	11	12	11	16	11	31	25	24	16	39	13	28	55	12	11	5	145	22	19	15	17	9	325	32	43	14	19	10	23	39	9	10	16	9	19	10	23	43	19	28	12	16	21	12	30	53	18	28	31	1	6	32	23	5	12	54	9	27	27	17	27	12	6	65	14	6	25	6	10	42	8	9	10	139	8	21	17	72	19	7	11	11	14	14	19	4	12	5	12	15	12	17	8	24	55	12	39	14	11	49	47	7	17	250	19	17	19	11	190	25	17	27	5	7	15	14	34	21	16	7	15	7	9	31	24	5	19	17	53	52	14	9	49	33	6	7	19	12	19	32	9	38	7	10	18	49	14	46	22	14	42	19	13	18	9	47	61	15	9	17	23	11	24	44	56	10	61	9	9	45	12	15	18	27	58	21	17	34	6	29	21	14	11	20	37	15	16	14	20	7	76	17	11	24	43	14	19	13	31	26	16	65	17	4	36	12	11	463	68	14	2	8	9	8	24	9	21	12	361	109	38	21	28	17	17	4	37	11	25	17	39	17	6	10	8	56	23	17	22	21	13	16	26	33	16	10	33	11	17	11	10	21	20	19	56	12	82	9	6	34	10	17	7	44	12	19	5	18	32	39	5	6	8	17	34	26	108	35	15	14	28	19	25	19	4	18	17	9	28	41	35	35	9	16	35	7	45	7	68	17	46	6	17	24	49	41	10	21	20	38	35	11	13	17	11	48	14	25	11	9	30	45	60	17	25	9	33	35	52	15	23	64	30	15	8	15	55	37	34	12	23	14	21	49	15	26	21	22	43	16	45	17	14	20	12	15	11	3	13	29	17	4	10	12	15	23	18	11	38	53	16	35	50	51	20	32	46	12	27	47	35	13	11	18	41	27	22	13	20	10	18	14	12	58	12	29	33	9	9	43	8	24	23	22	20	10	16	14	30	17	20	11	11	29	5	51	8	8	15	33	8	11	11	10	10	126	11	11	48	6	14	12	28	16	42	41	28	22	12	27	14	5	12	15	19	8	11	39	14	12	25	20	20	22	6	17	11	17	24	8	7	28	12	13	13	6	14	20	13	17	26	10	8	31	12	11	47	18	7	22	14	12	330	15	12	39	18	32	12	22	12	15	15	9	31	6	9	33	47	27	39	8	44	175	11	5	47	12	12	9	16	46	15	24	6	17	37	27	28	6	18	23	30	14	36	11	6	21	12	14	14	22	7	21	5	16	8	12	38	16	10	5	12	52	17	24	13	28	14	21	24	10	60	51	16	6	19	37	15	14	16	7	14	47	23	9	14	8	38	26	10	4	17	13	36	33	11	35	14	7	18	18	8	12	16	9	10	9	30	10	34	42	38	28	27	25	25	7	43	32	36	30	15	31	15	15	12	25	17	16	11	46	16	45	12	18	5	0	1	4	20	4	13	25	19	29	54	26	10	19	25	31	10	13	78	3	12	8	14	33	15
Del(3,5):M2	2	1	9	7	7	6	3	9	5	2	1	5	6	16	7	12	3	4	3	2	1	4	1	4	12	1	7	11	11	7	2	5	4	7	24	6	8	7	1	8	35	3	11	4	26	14	5	4	3	7	4	3	2	3	3	4	10	13	14	9	9	8	3	8	4	13	26	11	3	6	3	7	3	6	17	29	5	7	8	2	8	19	39	6	4	4	20	6	2	7	8	12	13	2	7	11	10	8	20	13	9	11	42	7	4	11	7	8	2	9	32	7	13	19	22	35	5	3	3	20	1	17	18	27	23	22	2	18	6	15	0	7	26	6	28	6	6	10	8	20	35	5	3	16	23	19	17	17	6	15	24	1	4	9	24	23	11	4	9	3	11	5	43	22	4	13	7	7	8	2	6	10	11	8	5	20	17	17	21	6	35	4	10	11	7	7	5	45	1	15	8	9	37	26	7	19	6	67	7	7	6	5	8	5	19	5	5	2	6	5	3	5	3	13	9	14	13	30	5	35	10	19	13	47	3	18	25	4	12	4	7	17	12	7	2	48	27	18	9	11	6	10	5	6	2	4	16	11	31	10	48	15	10	12	37	10	16	19	51	27	8	20	26	16	63	14	16	12	19	2	25	23	23	20	6	8	5	6	7	9	21	12	6	13	17	26	13	36	11	10	8	15	14	10	10	12	11	12	102	8	7	3	10	12	6	18	28	8	12	10	10	9	3	16	9	8	16	28	20	23	13	30	10	36	33	13	11	7	83	22	16	12	9	7	283	27	44	3	10	9	36	44	9	5	12	5	19	3	23	13	12	26	5	13	8	7	12	30	9	21	34	7	11	30	11	5	4	61	11	19	33	7	22	8	2	51	5	6	14	8	8	21	11	16	6	13	2	12	11	41	13	5	13	6	5	15	16	8	13	10	8	11	24	17	12	8	30	8	35	8	7	30	36	8	10	169	8	8	14	10	110	18	14	33	4	8	15	5	18	23	12	14	15	6	5	30	17	2	10	5	67	24	14	24	84	31	9	5	20	12	12	29	4	35	7	16	20	20	11	9	19	18	20	19	17	10	19	22	46	10	9	19	17	8	46	26	40	13	17	10	7	31	10	18	7	15	26	20	7	30	10	18	13	15	7	8	26	9	14	12	7	10	56	10	15	24	27	8	8	9	25	30	25	53	9	1	41	3	10	385	92	16	11	3	15	6	30	6	14	6	210	57	21	15	37	15	23	3	26	7	11	12	24	7	7	3	5	93	19	8	14	33	10	9	20	40	29	10	49	7	10	11	10	8	23	12	33	2	81	8	12	33	12	8	5	39	5	14	6	9	12	17	5	9	7	11	14	18	53	14	8	6	18	16	9	6	4	11	10	9	36	16	15	32	7	9	27	13	20	13	38	10	37	12	12	16	25	21	9	16	17	29	33	7	11	13	6	28	13	22	12	12	29	34	53	7	23	9	38	33	92	13	22	37	14	12	18	9	28	20	38	6	27	10	14	34	22	19	26	22	23	9	21	13	12	11	14	15	12	4	10	18	21	4	9	28	6	5	22	16	20	21	10	16	57	49	9	38	28	8	8	44	16	11	14	14	24	9	7	15	12	9	13	10	15	25	15	19	15	4	6	21	8	26	8	28	7	8	9	11	30	23	12	9	0	15	1	26	8	3	12	36	12	7	9	6	13	113	11	9	33	2	6	20	30	10	25	56	38	15	7	14	12	7	25	28	27	5	14	22	22	13	15	8	10	21	14	25	8	21	24	9	5	15	9	10	15	6	8	20	13	19	16	10	8	20	16	2	30	5	6	16	12	10	188	8	7	41	19	42	11	14	10	7	12	8	31	1	7	26	18	18	18	6	29	187	15	7	33	13	9	7	12	18	9	12	10	14	21	12	19	9	8	14	10	10	19	9	6	19	7	7	9	15	2	15	4	13	8	18	51	11	4	5	10	31	14	27	10	25	13	14	30	6	30	40	9	14	17	19	22	19	7	6	18	43	38	12	13	9	35	32	5	4	13	10	12	33	7	24	10	10	22	3	6	8	14	8	10	15	25	7	36	16	35	26	14	16	20	2	38	13	42	38	12	34	8	12	6	16	23	8	7	28	11	35	4	18	10	5	7	5	17	7	5	17	14	25	24	20	8	15	10	20	7	18	60	9	7	6	4	29	10
Del(4,5):M(3,4)	4	2	7	3	3	3	2	9	2	1	0	5	2	14	4	15	2	2	0	1	4	5	1	3	2	4	4	12	1	6	1	2	5	5	8	6	5	2	1	8	19	3	7	4	20	19	5	2	1	4	2	4	2	2	3	1	4	10	5	3	2	6	0	7	4	6	20	3	3	2	2	3	8	6	19	12	3	2	0	4	5	7	23	0	2	3	7	5	1	6	4	17	9	4	10	10	7	4	6	8	5	6	20	2	3	7	5	2	5	6	20	14	6	15	16	19	2	6	4	26	1	4	6	13	10	25	4	13	1	2	0	3	28	2	16	1	1	6	10	8	27	1	2	11	15	10	7	12	4	10	9	2	1	11	11	23	12	2	8	6	6	4	15	8	4	11	7	11	5	2	5	4	7	2	5	16	8	12	16	2	45	4	7	5	1	3	5	29	4	2	4	4	19	8	2	8	5	33	3	3	2	5	4	5	10	4	3	1	1	3	7	5	2	6	2	11	8	12	4	23	6	14	7	12	4	22	6	3	4	3	8	4	4	4	3	28	9	13	5	8	7	8	2	6	4	4	8	6	17	4	26	13	7	6	27	10	8	15	41	14	9	5	5	12	36	4	2	13	8	2	8	17	9	8	5	3	3	2	3	6	14	4	3	15	21	10	6	16	5	5	4	2	9	3	8	8	5	5	46	3	6	4	3	17	4	16	14	8	1	3	7	3	7	11	3	5	5	9	20	7	10	12	4	29	15	5	4	7	41	10	7	1	5	2	92	10	26	5	5	10	26	26	3	5	8	6	13	6	25	11	10	24	8	1	7	9	8	12	7	10	20	5	3	14	4	2	7	39	7	9	16	2	9	6	0	19	3	6	1	1	3	8	7	6	4	21	3	5	9	18	8	3	3	2	5	14	15	4	10	3	8	4	20	14	8	9	13	1	16	11	5	9	17	7	5	74	3	6	6	10	60	10	16	13	2	16	10	4	21	5	8	8	7	2	7	20	8	2	8	6	25	9	9	8	42	7	5	3	9	5	7	26	3	23	1	9	8	14	9	6	10	10	13	10	4	7	2	6	36	10	4	8	9	4	29	23	23	6	12	4	2	10	8	11	8	4	10	15	7	8	3	12	8	15	4	6	12	8	6	1	11	2	30	10	6	15	8	7	2	6	15	10	22	30	5	3	16	2	5	133	48	8	0	9	4	3	13	3	4	2	89	38	17	7	22	11	11	4	23	7	8	9	13	10	4	3	5	56	6	9	6	27	8	5	12	23	20	3	26	3	5	6	4	4	11	7	14	5	44	6	7	21	2	6	7	26	3	11	1	7	13	8	4	5	8	8	4	9	28	6	7	6	6	14	14	9	4	6	7	4	24	6	7	10	3	5	6	8	6	4	14	6	19	6	3	9	11	7	2	11	12	27	14	5	5	8	10	12	5	11	7	4	29	24	46	3	14	4	26	16	55	6	13	8	11	5	7	5	14	12	19	3	11	4	6	18	5	6	17	26	21	8	8	6	15	12	7	14	7	1	2	7	7	1	4	26	6	5	12	3	16	10	4	5	36	44	10	24	8	4	7	22	8	10	2	11	9	6	5	9	10	4	9	3	3	18	10	11	12	3	5	21	4	9	8	11	5	4	2	7	10	15	7	2	1	9	2	12	7	1	7	19	11	6	7	5	5	47	4	8	15	5	9	10	15	14	19	48	27	5	2	5	8	1	14	23	12	2	5	5	5	8	9	6	24	11	3	17	4	7	12	1	2	11	3	6	7	5	8	5	14	7	5	6	1	20	6	2	8	5	6	14	12	5	66	5	9	24	16	27	7	16	9	5	4	2	11	2	5	11	12	15	9	3	13	71	6	7	19	9	9	8	7	11	2	11	6	7	10	5	7	4	3	3	12	4	12	5	8	10	13	4	6	5	3	7	2	10	3	7	22	9	6	1	13	7	11	16	8	13	4	7	18	8	14	21	4	4	14	10	16	15	4	8	3	40	22	6	7	3	20	19	14	6	9	5	17	12	4	20	7	7	13	6	7	3	7	4	9	9	10	3	19	9	18	13	5	13	8	7	20	4	30	24	9	20	7	6	2	11	26	8	4	13	13	9	3	14	7	4	5	3	17	5	2	8	10	12	14	14	8	9	21	8	6	5	30	7	1	4	5	13	6
Del(6,):M1	4	4	88	5	8	3	1	4	2	5	0	1	6	44	6	37	1	1	4	5	2	1	4	1	12	1	9	42	4	5	2	3	5	5	46	2	5	5	8	20	71	5	35	3	78	52	6	6	1	7	1	6	4	2	2	1	3	38	9	9	8	4	0	6	2	22	81	7	3	5	4	4	34	65	68	96	38	57	1	2	9	35	89	3	6	2	9	4	4	48	9	6	24	61	8	11	61	48	9	6	134	5	16	52	4	17	8	6	46	77	89	9	9	20	244	54	41	8	5	14	18	18	17	119	11	84	7	7	1	11	1	2	16	8	26	6	33	66	12	12	15	10	6	5	213	133	18	61	4	63	65	6	6	6	12	78	9	2	12	10	108	33	234	16	4	102	4	98	121	8	8	123	160	11	6	9	104	11	105	3	45	9	15	7	7	6	15	179	7	54	7	4	78	183	7	9	114	177	12	21	1	8	6	7	52	5	1	3	6	5	2	9	9	9	5	5	6	195	4	76	12	31	6	42	3	28	25	16	13	5	101	14	21	18	6	249	16	37	9	21	6	13	5	13	2	3	30	16	119	23	107	13	19	5	131	18	25	27	128	51	18	31	24	25	101	14	27	16	50	5	36	15	25	7	9	16	11	11	3	24	18	8	4	18	15	47	25	16	6	10	4	11	110	12	4	12	13	18	52	9	9	6	6	10	7	43	8	21	16	34	9	6	68	10	12	11	8	170	68	18	12	47	21	35	64	13	9	2	279	15	5	10	12	17	122	53	86	11	43	8	77	142	2	7	18	8	13	7	215	37	14	78	7	24	20	7	8	62	19	18	24	3	5	21	22	10	10	26	11	20	29	12	22	14	4	92	8	11	20	5	13	73	8	16	9	12	11	22	18	96	14	7	5	13	8	15	16	6	16	6	7	4	62	85	15	16	62	13	82	11	11	60	59	3	10	89	9	23	14	27	142	32	101	35	7	10	25	12	50	147	8	12	20	8	11	24	12	6	18	8	77	65	18	10	146	47	10	14	59	20	24	39	4	154	8	8	22	55	21	37	35	52	70	6	18	14	17	59	88	13	5	16	21	8	116	27	98	12	75	20	7	49	18	9	23	19	87	17	8	240	16	34	12	41	21	22	68	20	21	14	18	4	130	6	2	187	37	11	31	15	146	27	19	216	9	3	221	4	5	156	209	24	6	8	8	8	81	13	34	4	129	129	33	73	123	20	32	7	17	11	15	17	46	9	5	8	9	198	16	10	107	98	5	88	28	27	19	17	125	10	17	17	8	18	81	14	48	12	166	9	10	34	17	7	13	92	5	19	6	12	30	45	11	14	9	24	19	24	107	43	21	17	26	142	14	22	6	26	38	12	50	33	40	174	9	29	35	30	51	12	101	16	163	11	21	40	58	41	11	126	44	86	21	15	10	12	9	56	13	25	11	12	41	136	158	11	24	7	54	36	175	6	18	99	39	13	8	20	69	38	41	10	185	11	23	36	12	15	28	33	185	22	72	23	21	15	13	24	12	7	11	35	31	14	8	83	14	12	25	23	33	73	10	29	115	113	12	22	60	7	20	265	57	13	17	68	39	25	25	20	22	6	17	29	16	158	11	210	25	10	11	150	7	34	15	163	12	14	23	11	19	22	20	7	4	30	8	45	10	21	2	16	11	11	5	11	9	113	25	24	81	7	4	9	150	19	33	183	88	30	8	32	12	3	41	57	10	6	14	37	20	10	20	21	13	14	6	27	3	20	57	7	4	33	9	10	19	8	9	106	17	24	23	8	20	6	14	18	55	19	9	13	20	13	122	16	6	87	42	173	17	26	24	29	17	7	193	9	10	33	46	20	43	12	63	53	7	6	63	16	26	8	13	88	14	16	12	81	26	14	14	6	8	15	34	12	33	3	35	7	11	25	9	18	8	25	4	13	6	32	142	8	7	7	9	79	9	31	13	28	11	27	126	14	47	184	6	11	19	22	12	12	17	8	10	137	82	17	14	6	218	83	5	6	18	8	29	37	13	23	8	12	24	5	11	25	16	7	17	10	8	7	35	28	65	42	26	29	38	20	31	20	169	140	18	76	6	12	13	39	14	16	8	58	25	61	16	15	7	34	7	4	43	7	9	40	34	116	46	25	10	19	14	37	71	12	183	7	5	6	3	37	14
Del(6,):M2	5	0	76	3	2	0	2	5	3	0	0	1	6	74	5	17	1	3	2	2	4	5	1	4	7	2	3	107	1	3	1	3	2	5	116	4	3	11	1	20	121	6	45	2	168	168	3	4	2	3	0	2	5	3	4	3	6	47	10	6	3	2	0	6	5	10	182	8	2	3	0	6	54	64	120	194	46	54	6	1	9	118	182	3	4	0	15	9	4	98	12	3	11	62	5	17	78	44	12	2	100	10	20	57	1	15	4	7	44	96	191	11	3	22	228	140	62	3	5	14	23	14	11	146	11	194	5	2	5	6	5	3	12	7	44	4	29	69	13	10	7	8	7	6	248	146	11	91	2	83	86	7	6	11	16	142	9	4	13	5	81	27	258	25	6	125	1	129	136	4	0	129	164	10	8	4	137	10	208	1	20	5	14	1	4	3	7	311	3	61	7	7	171	176	4	16	120	295	7	7	1	1	7	5	115	3	3	1	6	5	4	7	5	2	4	8	8	218	6	79	10	31	8	25	2	17	10	8	8	4	83	9	9	16	7	398	19	23	3	13	4	11	4	3	4	11	20	14	234	30	74	24	10	7	298	14	12	15	271	70	11	20	22	25	212	7	17	10	33	1	35	16	22	6	6	2	7	3	3	33	11	2	3	9	14	30	20	10	4	3	5	3	147	5	4	9	9	7	32	3	5	5	8	17	6	24	12	20	7	39	12	4	82	22	7	19	4	132	120	5	6	25	13	19	46	10	6	6	279	2	7	3	6	8	29	40	183	16	32	4	111	175	3	3	11	4	6	8	191	21	10	141	6	11	14	4	8	42	12	10	16	1	3	25	9	5	5	31	5	11	18	10	12	9	2	52	8	7	8	5	5	33	6	9	3	5	7	12	3	78	8	4	7	4	11	8	19	2	10	9	6	2	145	117	11	9	48	6	130	9	4	35	42	9	7	23	4	24	15	10	164	15	105	28	7	10	15	5	49	158	7	15	9	8	6	14	22	8	16	2	116	40	11	11	301	26	6	9	69	12	27	21	4	308	8	6	13	42	16	28	15	90	39	6	19	7	20	38	151	8	9	6	10	5	263	25	206	9	57	11	9	34	14	4	12	25	48	9	8	259	8	24	6	13	20	17	46	11	12	5	17	3	88	14	9	203	24	7	17	17	159	32	11	347	5	2	268	12	6	51	353	17	5	12	6	9	100	6	21	5	29	118	21	85	234	12	33	2	22	10	11	14	31	9	4	8	3	442	11	13	97	252	12	94	12	13	15	9	210	22	7	13	7	15	146	14	30	8	319	9	9	23	8	11	7	141	3	13	8	9	33	26	2	6	6	12	27	27	79	27	23	9	16	149	11	8	7	16	29	3	52	23	32	195	6	21	35	16	33	5	71	12	290	7	17	24	33	18	4	134	77	150	20	17	9	4	11	38	8	15	11	11	25	230	314	9	18	2	24	20	415	9	10	73	30	7	8	19	27	21	38	6	178	4	10	23	4	11	53	12	197	16	36	23	20	4	10	9	12	6	10	15	19	2	10	148	6	9	21	17	20	53	11	24	255	248	8	16	51	9	13	278	31	13	6	80	9	12	15	7	15	9	10	15	8	96	9	202	17	5	6	152	5	15	11	184	18	9	14	10	19	12	10	7	10	24	2	29	9	11	7	19	6	2	4	6	6	167	6	13	56	4	10	5	162	12	17	324	197	42	6	27	8	2	79	127	11	4	5	24	15	4	12	6	3	6	11	16	5	13	126	4	3	27	6	7	13	6	4	89	16	17	19	6	8	6	4	12	38	14	5	17	16	13	35	9	13	224	33	331	3	12	15	17	13	6	143	0	7	21	27	11	27	6	41	26	7	2	57	6	16	10	4	44	7	24	7	87	27	6	17	5	3	20	16	10	33	2	16	7	7	23	6	22	2	20	5	11	4	24	229	7	2	7	10	49	10	41	11	29	8	60	267	6	23	224	7	6	5	25	7	15	13	6	5	269	184	7	12	8	254	165	3	4	10	6	24	28	8	36	6	9	22	5	8	18	20	6	10	5	5	3	25	20	51	25	13	12	12	3	20	21	336	223	17	137	3	8	9	20	15	7	5	39	18	48	11	13	4	41	3	6	27	2	8	10	47	111	37	22	10	18	20	25	80	14	281	6	5	9	7	23	6
Del(6,):M3	2	0	46	1	5	1	4	1	1	2	0	1	1	54	6	13	0	3	0	1	0	2	0	0	6	0	0	66	2	0	2	1	0	2	71	0	0	2	2	15	103	3	20	4	86	98	0	5	0	5	1	1	3	1	0	0	3	46	7	1	2	0	0	2	3	10	117	6	1	1	0	3	49	27	112	138	30	26	1	2	5	85	134	1	2	3	8	2	2	78	3	2	2	37	2	10	76	35	9	1	74	2	16	21	4	8	2	1	30	50	171	7	2	10	141	101	27	4	1	4	16	12	8	83	5	140	0	5	6	6	2	1	6	6	26	2	14	36	12	8	1	3	7	0	122	102	8	63	3	36	63	3	3	3	9	84	4	3	7	7	50	12	209	19	8	81	2	87	75	6	1	75	82	3	2	2	91	5	138	5	14	1	8	3	1	5	2	274	3	39	4	4	114	109	1	8	77	250	1	3	1	2	5	2	100	1	1	0	5	3	3	1	1	7	2	4	5	148	6	44	8	17	1	15	3	15	2	3	6	4	50	1	6	7	8	281	5	8	2	9	1	4	3	2	0	4	13	2	171	12	51	7	7	1	214	10	5	10	219	58	5	9	20	9	126	4	13	8	20	1	22	8	10	6	6	2	2	7	0	14	5	0	2	8	6	14	4	7	4	3	2	5	72	3	5	4	9	7	21	0	5	3	3	8	3	12	7	7	3	21	0	2	42	5	0	6	0	75	102	6	4	10	6	6	22	3	2	0	182	2	1	9	3	6	25	15	141	9	17	2	109	139	1	3	8	2	5	4	137	24	10	99	2	8	5	1	5	17	7	13	6	0	7	9	7	2	1	6	2	8	11	9	7	7	0	27	1	1	1	2	4	10	6	3	1	4	3	8	2	22	3	4	6	5	2	5	7	2	1	4	4	6	92	66	8	6	13	8	78	10	6	16	17	3	7	22	3	9	9	4	123	10	70	10	3	5	5	3	16	93	5	6	11	3	4	12	6	4	3	4	70	19	5	5	256	17	6	7	35	7	14	7	3	199	0	5	9	15	3	16	9	55	10	7	9	5	10	14	132	8	3	6	6	2	210	9	115	0	23	1	2	23	6	2	6	19	26	8	7	143	4	16	4	12	8	9	28	1	18	10	4	4	42	8	8	103	12	5	7	4	80	16	11	267	1	0	178	2	2	33	263	11	1	3	4	5	88	4	10	5	33	40	13	62	172	2	23	0	15	5	9	7	18	9	1	4	3	358	5	7	46	165	8	49	8	6	9	0	173	9	4	3	3	7	109	4	10	4	220	4	1	12	6	7	1	128	3	8	1	7	10	7	1	4	2	11	15	14	37	10	6	8	12	84	5	6	3	4	7	5	25	8	15	130	2	11	17	7	11	2	47	5	199	4	9	15	16	15	0	97	54	136	7	4	3	2	3	11	4	12	7	3	7	170	234	1	10	1	20	19	316	3	10	48	19	6	4	3	15	9	27	8	94	7	6	8	4	7	45	3	115	3	18	19	5	1	1	6	1	0	3	15	10	3	1	112	5	4	8	7	6	19	2	6	160	160	5	13	21	7	3	203	13	17	2	60	3	8	8	1	5	2	3	9	5	58	7	113	7	5	4	105	3	4	7	142	5	5	8	5	7	15	9	5	2	7	2	13	1	12	4	15	2	3	5	3	3	140	6	2	26	4	2	4	93	5	10	216	130	28	2	9	6	3	74	87	6	5	3	11	13	1	8	3	6	5	3	12	2	8	98	2	2	16	4	3	6	3	6	56	5	5	11	4	3	6	3	4	21	6	3	9	12	3	32	11	5	151	19	196	3	4	2	17	6	3	75	3	3	12	18	7	23	3	15	15	4	0	24	4	5	1	7	22	1	20	1	52	18	3	8	0	2	3	8	2	17	4	14	2	3	9	7	6	3	15	5	5	4	8	174	5	3	2	5	21	4	26	7	7	4	35	192	9	9	134	0	7	4	13	1	8	6	2	5	232	136	3	2	4	174	109	3	3	3	3	9	17	4	21	6	5	18	4	4	3	13	3	4	2	9	2	17	14	20	14	5	5	7	4	14	7	249	155	5	109	4	1	3	15	5	5	4	15	10	33	5	3	0	27	4	4	9	0	1	7	27	93	16	10	6	7	7	4	38	6	216	0	0	2	7	13	6
Del(6,):M(4,)	2	1	48	1	0	2	1	1	2	1	0	1	1	72	3	6	1	1	0	1	2	2	3	1	5	4	3	82	2	5	2	3	3	1	60	0	4	3	2	22	109	2	24	1	108	110	1	4	1	2	1	2	3	0	1	0	7	55	4	3	1	0	2	1	3	6	148	7	1	2	1	2	34	37	106	146	32	28	1	0	4	99	151	5	0	3	8	2	3	63	3	3	6	32	3	15	54	32	12	1	64	8	16	21	3	14	8	2	27	56	124	9	7	7	126	109	43	3	4	3	13	5	10	86	13	133	3	5	6	9	1	1	13	4	36	2	12	46	4	7	5	8	9	4	112	123	6	65	1	63	74	7	5	10	9	112	9	4	25	7	54	12	205	18	3	69	1	78	87	1	5	75	82	5	3	5	76	11	155	7	12	3	5	4	6	6	6	285	3	31	6	6	117	83	5	9	75	273	1	5	1	1	0	4	96	1	2	0	9	1	1	9	2	4	0	5	5	160	2	46	7	24	2	21	9	19	6	5	13	5	53	4	6	11	5	324	16	9	3	9	1	4	1	3	3	6	10	6	230	24	46	16	13	7	217	20	9	10	210	68	10	11	22	13	160	10	13	10	17	1	12	22	20	6	4	4	9	6	1	34	8	2	8	9	19	10	8	6	4	6	5	6	87	14	4	6	7	12	45	5	5	3	6	12	7	15	12	7	8	23	9	1	36	16	5	9	7	61	99	8	9	16	2	16	31	15	6	1	122	7	2	7	4	7	41	14	144	18	14	7	111	153	5	2	13	6	10	9	144	23	10	124	1	9	8	5	7	29	11	10	19	2	8	24	8	4	9	53	5	6	21	3	7	19	0	25	11	4	8	2	6	13	10	7	15	7	4	6	7	41	7	7	5	4	7	9	10	2	9	6	4	8	115	79	3	11	28	8	97	13	5	16	15	4	10	36	8	29	11	3	140	15	70	29	4	8	11	6	24	88	6	10	13	1	4	15	9	6	10	5	83	17	4	4	243	20	9	6	42	9	19	23	7	252	3	11	10	12	5	7	11	85	15	3	10	5	15	13	156	3	4	10	12	2	232	20	143	7	32	4	4	19	8	1	10	11	30	14	6	110	7	16	6	21	5	10	27	4	19	5	12	10	53	14	9	90	15	5	8	10	95	36	6	221	5	0	197	5	3	59	309	10	3	10	6	4	100	2	19	3	67	72	23	67	165	12	31	4	25	5	21	17	24	11	2	5	5	415	10	6	46	201	9	63	15	17	15	6	204	13	12	8	6	7	106	4	23	7	245	5	3	12	7	5	7	118	8	6	5	10	16	17	3	2	6	6	28	26	38	10	22	3	5	96	6	11	6	13	14	6	37	14	13	140	3	6	22	20	23	9	36	7	255	12	11	15	10	13	5	71	74	133	19	6	8	10	10	26	3	12	10	9	25	180	228	6	5	4	28	31	382	4	14	31	14	6	12	3	22	9	39	3	98	4	8	11	7	10	46	14	131	11	13	18	10	5	12	10	10	3	10	13	12	3	4	118	5	3	11	11	13	14	5	7	192	198	10	25	14	4	12	146	14	13	2	43	8	14	8	3	12	3	6	8	5	34	10	110	17	5	2	127	4	43	11	110	7	7	7	3	12	12	9	9	4	5	4	8	5	19	7	17	8	10	3	4	3	156	23	9	24	8	9	7	86	2	14	222	135	50	8	21	6	3	74	112	2	4	7	5	24	10	19	3	5	2	6	13	2	14	94	3	3	19	1	7	4	6	5	49	13	6	26	11	6	11	2	8	21	10	8	7	12	6	41	15	5	195	25	267	4	17	7	24	7	4	80	4	6	13	15	10	19	4	14	22	7	4	34	10	10	5	10	22	6	19	3	41	29	7	17	5	6	9	11	7	21	6	7	6	10	3	7	14	4	26	3	7	5	12	210	4	5	2	20	24	5	30	9	7	8	43	213	12	29	160	6	8	18	13	7	10	13	5	7	227	134	7	7	4	151	135	1	3	10	11	10	17	3	21	10	6	20	9	3	12	18	7	8	8	7	2	28	9	22	16	17	11	16	4	13	9	257	155	12	115	7	5	4	13	6	9	5	16	12	28	4	5	2	22	2	3	15	1	3	9	27	77	22	12	9	8	13	10	49	10	210	4	4	0	5	15	12
Complex	0	0	0	0	0	0	0	0	0	0	0	0	0	0	0	0	0	0	0	0	0	0	0	0	0	0	0	0	0	0	0	0	0	0	0	0	0	0	0	0	0	0	0	0	0	0	0	0	0	0	0	0	0	0	0	0	0	0	0	0	0	0	0	0	0	0	0	0	0	0	0	0	0	0	0	0	0	0	0	0	0	0	0	0	0	0	0	0	0	0	0	0	0	0	0	0	0	0	0	0	0	0	0	0	0	0	0	0	0	0	0	0	0	0	0	0	0	0	0	0	0	0	0	0	0	0	0	0	0	0	0	0	0	0	0	0	0	0	0	0	0	0	0	0	0	0	0	0	0	0	0	0	0	0	0	0	0	0	0	0	0	0	0	0	0	0	0	0	0	0	0	0	0	0	0	0	0	0	0	0	0	0	0	0	0	0	0	0	0	0	0	0	0	0	0	0	0	0	0	0	0	0	0	0	0	0	0	0	0	0	0	0	0	0	0	0	0	0	0	0	0	0	0	0	0	0	0	0	0	0	0	0	0	0	0	0	0	0	0	0	0	0	0	0	0	0	0	0	0	0	0	0	0	0	0	0	0	0	0	0	0	0	0	0	0	0	0	0	0	0	0	0	0	0	0	0	0	0	0	0	0	0	0	0	0	0	0	0	0	0	0	0	0	0	0	0	0	0	0	0	0	0	0	0	0	0	0	0	0	0	0	0	0	0	0	0	0	0	0	0	0	0	0	0	0	0	0	0	0	0	0	0	0	0	0	0	0	0	0	0	0	0	0	0	0	0	0	0	0	0	0	0	0	0	0	0	0	0	0	0	0	0	0	0	0	0	0	0	0	0	0	0	0	0	0	0	0	0	0	0	0	0	0	0	0	0	0	0	0	0	0	0	0	0	0	0	0	0	0	0	0	0	0	0	0	0	0	0	0	0	0	0	0	0	0	0	0	0	0	0	0	0	0	0	0	0	0	0	0	0	0	0	0	0	0	0	0	0	0	0	0	0	0	0	0	0	0	0	0	0	0	0	0	0	0	0	0	0	0	0	0	0	0	0	0	0	0	0	0	0	0	0	0	0	0	0	0	0	0	0	0	0	0	0	0	0	0	0	0	0	0	0	0	0	0	0	0	0	0	0	0	0	0	0	0	0	0	0	0	0	0	0	0	0	0	0	0	0	0	0	0	0	0	0	0	0	0	0	0	0	0	0	0	0	0	0	0	0	0	0	0	0	0	0	0	0	0	0	0	0	0	0	0	0	0	0	0	0	0	0	0	0	0	0	0	0	0	0	0	0	0	0	0	0	0	0	0	0	0	0	0	0	0	0	0	0	0	0	0	0	0	0	0	0	0	0	0	0	0	0	0	0	0	0	0	0	0	0	0	0	0	0	0	0	0	0	0	0	0	0	0	0	0	0	0	0	0	0	0	0	0	0	0	0	0	0	0	0	0	0	0	0	0	0	0	0	0	0	0	0	0	0	0	0	0	0	0	0	0	0	0	0	0	0	0	0	0	0	0	0	0	0	0	0	0	0	0	0	0	0	0	0	0	0	0	0	0	0	0	0	0	0	0	0	0	0	0	0	0	0	0	0	0	0	0	0	0	0	0	0	0	0	0	0	0	0	0	0	0	0	0	0	0	0	0	0	0	0	0	0	0	0	0	0	0	0	0	0	0	0	0	0	0	0	0	0	0	0	0	0	0	0	0	0	0	0	0	0	0	0	0	0	0	0	0	0	0	0	0	0	0	0	0	0	0	0	0	0	0	0	0	0	0	0	0	0	0	0	0	0	0	0	0	0	0	0	0	0	0	0	0	0	0	0	0	0	0	0	0	0	0	0	0	0	0	0	0	0	0	0	0	0	0	0	0	0	0	0	0	0	0	0	0	0	0	0	0	0	0	0	0	0	0	0	0	0	0	0	0	0	0	0	0	0	0	0	0	0	0	0	0	0	0	0	0	0	0	0	0	0	0	0	0	0	0	0	0	0	0	0	0	0	0	0	0	0	0	0	0	0	0	0	0	0	0	0	0	0	0	0	0	0	0	0	0	0	0	0	0	0	0	0	0	0	0	0	0	0	0	0	0	0	0	0	0	0	0	0	0	0	0	0	0	0	0	0	0	0	0	0	0	0	0	0	0	0	0	0	0	0	0	0	0
