MutationType	SP97749	SP49235	SP50177	SP97775	SP97685	SP97747	SP97771	SP97681	SP98082	SP49334	SP49124	SP115501	SP98305	SP49247	SP49328	SP98092	SP120755	SP49417	SP49175	SP49223	SP49187	SP49157	SP49379	SP49541	SP98164	SP49481	SP98078	SP106677	SP106743	SP98359	SP98192	SP98053	SP106631	SP49551	SP49651	SP98265	SP98297	SP98060	SP98289	SP115498	SP98096	SP49114	SP98090	SP49286	SP49469	SP49205	SP98327	SP49449	SP49391	SP49531	SP49322	SP49433	SP109384	SP98065	SP49591	SP49385	SP98313	SP49119	SP109301	SP115830	SP49229	SP98853	SP98855	SP98859	SP98865	SP98879	SP98871	SP98867	SP98861	SP98877	SP98889	SP98887	SP98875	SP98851	SP98833	SP98873	SP98883	SP98849	SP98869	SP98893	SP98847	SP98881	SP98841	SP98845	SP98839	SP98843	SP98863	SP98891	SP98885	SP107047	SP107050	SP99261	SP107052	SP99269	SP99271	SP107056	SP107060	SP99279	SP107063	SP107068	SP107071	SP107073	SP98896	SP99003	SP107076	SP107078	SP107080	SP98898	SP107084	SP107088	SP107091	SP107094	SP112224	SP107097	SP107101	SP98900	SP107104	SP107109	SP107111	SP107115	SP98902	SP107119	SP98904	SP98909	SP107121	SP107123	SP98907	SP107132	SP107136	SP107141	SP98913	SP107146	SP107150	SP98915	SP107152	SP107155	SP112125	SP98921	SP112130	SP112133	SP98925	SP112138	SP112141	SP98927	SP112147	SP112152	SP112156	SP98933	SP112160	SP98937	SP112165	SP112168	SP98941	SP112170	SP112174	SP98945	SP112178	SP112180	SP98949	SP112182	SP98953	SP112186	SP98955	SP112188	SP112190	SP112192	SP112194	SP98959	SP112196	SP112198	SP112201	SP98965	SP112205	SP112208	SP98967	SP112210	SP112211	SP98973	SP112213	SP50097	SP112215	SP112217	SP98975	SP112219	SP112221	SP112228	SP50099	SP98981	SP112234	SP98985	SP112237	SP98989	SP112241	SP112245	SP98991	SP112248	SP112051	SP98997	SP112252	SP99001	SP112257	SP99007	SP112261	SP50101	SP112265	SP112268	SP99011	SP112269	SP99013	SP112273	SP112274	SP50105	SP112276	SP99019	SP99021	SP112283	SP112288	SP99025	SP112290	SP99029	SP99033	SP99037	SP99041	SP99045	SP112300	SP99049	SP112304	SP50107	SP112310	SP99053	SP99057	SP99061	SP50109	SP99065	SP106993	SP50111	SP99069	SP99073	SP99077	SP99081	SP99085	SP99089	SP99093	SP99097	SP99101	SP106998	SP99105	SP99109	SP50113	SP50115	SP50117	SP107004	SP99117	SP99121	SP107007	SP99125	SP99129	SP99133	SP50119	SP99137	SP50121	SP50123	SP99141	SP50125	SP99145	SP99149	SP50129	SP99153	SP99157	SP99161	SP99165	SP50131	SP50133	SP99169	SP50135	SP50137	SP99173	SP99177	SP99181	SP50139	SP107010	SP99189	SP50141	SP99193	SP50145	SP50147	SP107012	SP50149	SP107017	SP107019	SP107023	SP50151	SP50153	SP99197	SP50155	SP99201	SP50157	SP99205	SP50159	SP50161	SP107025	SP107028	SP50163	SP99217	SP50165	SP107030	SP50167	SP99229	SP99233	SP107032	SP50169	SP50171	SP50173	SP50175	SP107034	SP50179	SP99237	SP107037	SP107041	SP50181	SP99249	SP99253	SP50183	SP99257	SP107044	SP50185	CPCT02020315T	CPCT02020321T	CPCT02020330T	CPCT02010372T	CPCT02020326T	CPCT02020403T	CPCT02040063T	CPCT02060054T	CPCT02060053T	CPCT02020886T	CPCT02130167T	CPCT02080186T	CPCT02130172T	CPCT02020413TII	CPCT02130180T	CPCT02130057T	CPCT02130186T	CPCT02130184T	CPCT02020690T	CPCT02080215T	CPCT02050360T	CPCT02130096T	CPCT02020759T	CPCT02130127T	CPCT02060242T	CPCT02050386T	CPCT02290055T	CPCT02130048T	CPCT02130155T	CPCT02130156T	CPCT02130157T	CPCT02130158T	CPCT02020852T	CPCT02020839T	CPCT02130159T	CPCT02020861T	CPCT02060276T	CPCT02350014T	CPCT02030315T	CPCT02090015T	CPCT02020533T	CPCT02020546T	CPCT02050224T	CPCT02180031T	CPCT02080057T	CPCT02020421T	CPCT02080054T	CPCT02020413T	CPCT02020448T	CPCT02190014T	CPCT02080101T	CPCT02030336T	CPCT02050295T
A[Del(C):R1]A	4	7	4	13	5	7	12	5	7	3	7	7	8	15	1	5	1	8	5	2	3	4	4	8	8	0	9	6	1	3	2	8	1	8	0	6	11	3	4	7	6	15	18	5	3	1	6	1	1	10	5	2	5	7	3	11	4	4	7	4	1	9	5	1	2	4	5	8	9	3	7	11	9	0	3	6	4	1	3	7	5	8	5	13	4	3	0	2	5	9	8	2	6	5	4	9	3	5	5	2	15	0	14	8	19	4	15	9	10	4	5	2	9	6	13	8	7	4	7	0	8	9	3	16	16	5	12	1	9	3	5	8	7	4	8	6	8	5	1	4	5	2	11	14	4	4	7	8	4	2	5	9	10	15	6	2	11	9	13	8	6	7	14	1	9	6	5	4	7	4	2	5	9	3	6	6	10	17	7	6	4	6	6	10	2	6	7	4	11	8	4	2	3	3	3	6	8	7	4	3	0	2	2	5	2	8	8	6	2	7	4	5	4	7	6	3	3	9	13	5	11	1	10	8	8	5	9	10	7	6	0	10	1	4	11	4	8	4	6	7	5	8	2	2	3	9	2	13	7	5	5	5	11	11	8	6	3	4	7	7	7	7	12	3	0	8	9	5	4	3	12	8	2	0	3	2	5	10	6	5	5	3	0	5	3	12	22	6	0	3	4	5	15	12	11	3	8	2	11	5	8	3	9	2	11	7	2	4	4	2	8	10	3	0	6	6	5	9	3	4	4	5	5	8	2	6	8	0	4	8	3	3	8	7	1	6	3	7	2	10	5	11	5	6	11	7	6	9	8	7	8	5	5	6	3	2	6	3	7	6	6	10	7	6	6	9	3	0	10	10	3	11	8	19	0	8	2	12	7
A[Del(C):R1]G	0	2	3	1	0	0	1	0	1	1	3	1	0	0	0	1	0	0	0	0	1	1	2	1	2	0	2	0	0	0	0	0	0	2	0	0	2	0	0	1	1	1	1	1	0	1	0	0	0	4	2	0	0	0	0	1	0	1	0	0	0	2	1	1	0	1	0	2	1	1	0	1	1	0	1	0	2	1	0	0	2	2	0	2	0	0	0	1	0	1	0	1	0	2	1	1	2	0	0	0	0	0	1	1	1	0	1	0	0	0	2	0	3	0	2	1	1	0	1	0	0	2	1	1	0	1	2	0	4	0	1	2	0	0	1	0	1	1	0	1	0	0	1	3	2	0	1	0	1	2	1	1	0	1	0	1	2	0	2	2	1	1	0	1	2	1	0	0	2	3	0	1	2	0	0	0	2	0	1	3	2	1	0	0	0	0	0	0	0	1	0	1	0	0	0	2	1	2	1	0	0	0	0	2	0	0	2	1	1	1	0	2	0	1	0	1	1	1	3	1	1	0	2	0	0	3	0	2	2	0	1	2	2	0	2	0	1	0	1	1	2	0	0	0	1	0	3	0	4	1	1	0	1	1	1	0	2	0	0	4	0	1	1	0	0	3	0	1	1	0	1	1	1	0	1	0	1	0	0	0	2	1	0	1	2	1	1	1	0	1	1	1	1	1	1	1	1	0	0	0	2	1	0	1	0	1	3	0	1	0	1	1	0	0	1	0	1	1	0	1	1	0	2	1	0	1	0	0	2	1	1	3	1	0	0	1	0	2	0	1	2	1	3	1	2	0	0	3	0	0	1	1	0	1	0	1	0	1	0	0	0	1	2	4	0	0	0	1	1	1	0	3	2	1	0	0	0	1	1
A[Del(C):R1]T	6	1	2	9	2	4	5	7	7	7	4	3	8	3	4	5	2	3	0	0	2	4	3	8	5	1	6	3	2	4	1	5	1	2	7	3	7	2	5	9	4	7	16	7	6	4	2	0	3	3	6	3	5	2	8	4	4	4	8	3	4	4	2	3	2	5	1	4	13	3	3	4	2	1	3	6	2	6	1	10	2	8	0	5	4	2	0	2	2	13	5	5	1	3	2	3	7	4	6	2	8	1	5	7	7	2	6	3	3	0	8	2	4	5	9	1	1	4	3	1	4	1	1	8	4	2	5	2	5	1	4	5	3	4	3	4	5	4	5	4	1	3	3	6	8	1	3	7	1	1	0	5	6	6	3	0	2	2	6	4	5	6	4	3	9	4	2	5	7	3	1	4	7	1	3	4	3	12	6	6	1	6	0	3	2	2	2	2	6	5	9	1	1	3	0	2	6	3	7	4	0	5	2	7	9	6	9	9	3	11	1	5	2	8	6	5	7	3	6	4	3	3	0	3	5	7	6	4	3	2	1	4	3	3	5	5	5	7	5	2	6	4	4	1	0	5	3	4	7	2	3	1	8	6	6	2	3	1	6	3	1	3	2	3	1	2	5	1	4	2	3	4	4	2	3	0	5	5	4	2	4	0	1	1	5	3	6	6	2	4	0	4	7	11	6	3	4	2	4	2	6	0	2	2	3	3	2	2	0	0	5	2	2	0	1	2	3	3	0	4	1	1	15	7	0	5	9	0	4	5	3	2	10	6	3	7	6	3	6	9	8	8	7	2	4	5	3	11	7	2	8	0	4	6	3	10	7	2	8	1	4	6	8	3	2	5	5	2	1	4	2	3	4	11	1	1	3	10	3
A[Del(C):R2]A	1	0	3	12	1	9	7	9	2	2	3	2	13	11	7	2	2	4	3	0	6	13	1	6	12	2	8	6	1	2	1	8	4	5	0	0	8	0	5	9	12	7	21	7	2	3	7	1	0	10	1	3	2	6	2	5	5	3	8	1	5	8	5	2	0	7	2	16	11	18	11	7	9	0	4	10	5	4	3	6	8	6	4	6	11	6	0	7	16	11	9	9	6	12	5	12	8	13	3	4	16	0	13	4	15	2	6	9	5	1	10	4	5	12	21	6	6	0	11	0	10	10	10	16	8	14	15	0	6	1	3	4	7	4	10	2	4	6	6	6	6	4	21	8	7	2	7	4	7	5	7	15	13	21	1	6	13	8	17	11	4	8	21	5	13	7	14	4	11	7	4	3	5	9	8	8	3	9	10	13	15	12	5	21	5	11	6	5	13	18	1	3	5	1	3	11	4	12	5	4	0	0	5	4	2	8	14	3	2	13	2	3	4	10	8	3	6	7	21	16	16	1	14	8	2	9	10	17	4	6	2	22	5	2	15	0	6	10	5	8	10	7	12	0	3	14	3	6	11	5	3	20	10	11	10	7	11	7	6	9	4	6	1	3	3	8	7	9	6	4	10	10	4	2	5	2	10	14	5	5	4	4	0	5	5	12	15	6	3	7	6	6	16	8	14	2	9	3	5	10	6	4	11	1	5	8	8	4	5	1	17	12	3	1	5	8	5	7	5	6	3	13	8	23	6	5	6	0	2	2	5	4	14	21	0	3	1	6	3	6	7	5	8	7	10	2	2	9	3	4	8	3	1	0	5	4	3	1	8	3	3	10	6	3	4	14	1	1	11	15	0	8	1	11	2	9	2	4	8
A[Del(C):R2]G	0	0	0	1	0	2	1	1	1	1	0	0	0	0	1	0	0	2	0	0	0	4	1	2	2	0	1	0	0	1	0	1	1	1	1	2	1	0	2	3	0	1	3	1	0	0	0	0	0	2	0	0	0	0	1	0	1	1	0	0	1	1	1	1	0	1	0	2	0	1	1	2	3	0	1	2	3	1	0	1	2	0	0	0	0	0	0	0	0	2	0	2	0	1	1	0	1	2	0	0	0	0	1	0	2	0	2	0	2	0	3	1	0	0	4	1	1	0	0	0	1	0	1	2	3	0	4	0	1	1	3	0	0	0	1	0	1	1	1	0	1	0	3	0	1	1	0	2	1	0	1	0	5	1	1	0	0	1	3	1	1	1	0	1	2	1	0	0	2	0	0	1	0	0	1	2	1	1	3	2	2	0	1	0	0	1	3	2	0	1	0	0	1	0	0	2	2	2	0	0	0	2	2	0	1	0	0	1	0	1	0	1	0	1	2	0	1	0	1	1	1	0	0	2	0	1	1	2	1	0	0	1	0	0	3	1	0	0	1	1	1	0	0	0	0	1	0	0	0	0	0	1	0	0	0	0	1	1	0	1	1	1	0	0	0	1	1	0	1	0	2	0	2	0	0	0	0	1	0	0	1	0	0	0	0	1	1	1	0	1	0	0	1	1	0	1	1	0	0	1	1	0	0	0	3	1	5	0	0	0	2	2	1	0	2	1	0	1	1	1	0	4	1	2	1	0	1	0	2	0	1	1	2	7	0	1	0	1	0	2	0	0	0	2	1	0	0	2	1	1	0	0	0	1	0	2	0	1	4	0	1	0	1	2	1	4	0	0	4	2	0	2	0	4	0	1	0	1	0
A[Del(C):R2]T	3	3	2	6	3	2	7	1	4	6	4	1	3	6	4	2	1	4	0	2	1	4	4	7	6	0	3	2	1	3	1	3	0	4	3	5	6	5	5	4	4	12	9	7	3	0	1	2	2	6	2	2	2	4	2	3	2	3	6	4	1	4	2	4	2	3	2	1	1	4	4	4	2	0	4	2	0	3	0	5	2	6	0	5	2	3	1	5	2	7	6	7	1	4	5	4	3	2	1	0	3	1	7	0	5	0	9	1	7	0	1	1	5	2	4	5	3	1	8	0	1	5	0	6	8	3	5	2	1	3	4	1	8	3	7	1	3	2	1	7	3	1	4	4	1	4	2	1	3	4	4	8	7	10	2	0	6	1	5	2	3	5	5	0	5	2	7	2	3	1	1	5	4	8	1	4	3	7	4	15	7	8	4	3	2	6	3	0	6	6	5	0	3	1	3	5	2	3	7	1	1	4	2	4	3	7	3	1	2	5	0	2	1	3	4	1	3	5	7	4	5	1	5	4	1	3	3	4	4	1	1	10	1	5	7	3	4	4	1	3	4	7	10	1	1	6	0	6	5	1	1	3	2	5	3	4	4	4	1	6	2	3	3	6	2	1	6	2	1	1	3	4	1	3	6	0	3	7	3	0	9	1	0	0	5	2	5	1	2	5	6	3	3	6	5	2	4	1	4	6	3	2	2	2	4	2	2	1	3	0	4	6	3	1	3	3	1	6	2	4	6	3	10	5	0	7	3	0	2	0	2	4	8	7	0	3	2	4	3	11	3	6	1	2	6	0	4	5	4	3	7	4	1	6	5	3	3	4	1	0	2	4	4	3	2	4	1	2	7	3	0	4	4	10	1	1	0	5	5
A[Del(C):R3]A	2	2	0	6	1	6	4	5	3	6	3	1	3	6	8	2	0	2	3	0	3	9	2	3	9	2	1	2	0	2	0	7	2	3	1	3	10	2	2	10	2	7	14	4	1	0	3	0	0	12	4	3	2	2	2	5	0	5	4	2	1	6	1	0	1	5	1	2	13	6	5	7	4	1	1	3	0	0	0	3	4	4	3	10	5	9	0	6	5	11	2	8	3	6	6	12	7	6	3	4	8	2	10	7	8	3	3	5	4	1	3	2	5	3	11	3	4	2	2	0	7	10	2	11	12	8	7	1	4	1	4	4	2	4	6	3	4	1	3	7	2	1	10	6	7	3	2	5	3	2	5	14	10	9	0	3	6	4	9	4	4	4	10	3	7	4	9	2	7	3	2	3	6	2	3	3	4	11	6	14	3	3	2	9	3	6	6	4	11	6	1	3	4	6	2	11	3	9	3	3	1	2	1	5	0	4	16	2	0	10	1	6	1	1	4	0	2	6	16	8	8	2	3	8	2	4	4	10	7	4	2	17	3	1	15	0	4	6	2	3	3	5	9	0	0	5	1	5	12	4	2	6	2	6	8	4	3	7	7	9	3	1	3	3	3	7	3	3	4	1	3	8	3	1	2	2	4	6	2	3	0	2	0	5	3	12	22	8	0	3	7	4	12	4	11	1	2	3	4	7	7	1	2	1	7	0	4	2	1	0	9	9	3	1	2	4	2	8	2	6	2	3	6	9	2	0	1	0	2	2	7	7	10	6	3	3	3	3	0	2	1	7	1	4	4	2	2	4	3	1	7	1	0	0	1	5	2	1	5	0	0	4	1	2	3	7	1	0	9	11	1	2	5	12	1	2	2	4	2
A[Del(C):R3]G	0	0	1	1	0	1	0	1	0	1	0	0	0	0	1	0	0	2	1	0	0	0	0	0	2	0	0	0	1	0	0	0	0	1	0	1	1	0	0	1	0	2	2	0	0	0	0	0	0	0	1	0	0	0	0	0	0	0	1	0	0	2	0	0	0	0	2	1	0	0	0	2	0	0	0	0	0	0	0	1	1	0	0	2	0	0	0	1	0	3	0	0	0	1	2	0	1	0	0	1	2	0	2	1	1	0	0	0	3	0	4	1	1	0	0	0	1	0	1	0	0	1	0	1	3	0	2	0	0	0	0	1	0	0	0	1	1	0	0	1	0	0	1	0	0	1	0	0	1	1	1	0	1	2	0	0	0	1	2	0	0	0	2	0	2	3	1	0	1	1	1	0	1	0	1	0	1	1	0	1	3	1	1	0	0	0	2	0	0	1	1	0	0	0	0	1	0	1	1	0	0	0	0	1	0	0	2	1	0	0	0	1	1	0	0	0	0	0	1	0	1	0	0	1	0	1	2	0	1	0	0	2	1	0	0	0	0	1	0	0	0	0	1	0	0	0	0	0	0	0	0	1	1	3	2	2	2	0	0	0	0	1	0	2	1	1	1	0	0	3	1	1	0	0	0	0	0	1	0	0	1	0	0	1	0	1	8	1	0	1	0	1	1	1	0	0	0	0	3	1	0	0	0	0	0	1	0	0	0	0	3	3	0	0	2	0	0	0	0	0	1	0	2	0	0	0	0	0	0	0	1	0	4	1	0	0	0	3	0	1	1	0	3	0	0	1	0	0	1	1	0	0	1	2	0	0	1	0	1	0	1	2	1	0	0	0	0	0	0	2	0	0	2	0	0	0	0	0	2
A[Del(C):R3]T	5	1	2	4	0	3	3	4	6	1	2	1	5	2	2	2	0	1	0	0	4	7	1	0	3	0	3	1	0	1	0	1	1	4	0	1	4	0	2	3	0	6	4	4	1	0	3	0	1	4	1	0	2	4	3	3	0	1	5	1	1	4	2	2	0	3	0	1	6	2	1	1	3	0	3	3	1	3	1	2	3	3	1	8	3	1	0	4	2	3	2	3	0	2	4	1	2	1	0	3	4	0	3	4	5	2	1	4	4	2	3	1	2	0	3	2	2	2	1	0	7	1	2	2	0	2	4	0	1	1	4	0	0	0	3	2	4	0	2	1	1	1	2	3	0	0	1	5	6	2	4	5	4	3	4	0	0	3	8	0	2	1	8	1	5	2	2	0	3	3	0	3	2	4	0	0	2	7	1	7	0	2	0	1	1	1	0	0	8	1	3	1	2	0	1	1	4	5	4	1	0	0	1	3	1	4	2	2	3	5	0	2	0	1	1	1	5	1	8	2	2	2	3	3	0	1	3	9	6	2	1	3	0	0	2	1	3	3	4	0	2	4	1	1	0	1	2	2	5	0	2	0	2	2	3	1	2	2	2	3	1	3	2	2	1	4	0	2	2	1	0	4	2	0	2	0	3	3	1	2	5	1	0	3	1	4	11	1	2	2	1	3	4	2	1	1	2	0	3	0	1	0	4	1	3	2	1	4	2	0	3	0	0	0	1	2	1	4	1	0	2	2	7	3	0	1	1	0	2	0	3	5	2	3	1	5	2	2	0	2	2	3	1	2	3	2	1	3	4	2	1	3	1	0	0	3	2	0	2	1	4	4	0	0	0	3	1	0	6	6	0	4	4	5	0	2	1	1	1
A[Del(C):R4]A	2	0	0	3	3	1	2	1	0	2	3	2	3	4	3	1	0	2	1	0	4	4	2	4	4	0	3	1	0	2	0	1	3	3	1	2	5	0	3	3	3	3	9	2	3	2	4	0	0	3	3	1	0	1	0	4	1	2	4	3	1	1	0	1	0	1	0	1	5	0	3	6	3	2	1	2	3	0	0	4	1	2	4	13	1	2	0	5	3	5	3	5	0	2	0	4	1	3	0	1	6	0	4	3	8	1	3	5	3	0	1	1	5	3	4	1	1	0	1	0	4	5	3	3	0	1	5	1	0	1	0	3	3	1	3	3	1	0	0	2	2	2	7	1	6	0	1	3	0	0	1	3	2	3	0	2	3	1	4	2	1	4	6	2	0	3	2	0	2	1	0	2	3	1	0	0	1	5	3	9	7	3	2	2	1	7	1	2	1	3	0	0	2	2	0	6	1	5	6	3	0	0	1	1	1	6	4	0	1	4	1	1	1	5	5	2	2	2	6	2	4	0	2	3	0	3	0	6	6	2	0	7	1	3	3	1	3	3	1	0	2	1	7	0	1	3	1	5	2	2	1	1	2	4	2	1	0	2	3	2	2	3	4	0	0	5	3	5	2	1	2	0	2	1	2	0	2	2	2	0	3	1	0	0	2	5	21	2	1	0	1	2	1	4	4	1	1	1	2	4	3	0	2	0	2	2	1	0	0	0	8	2	0	1	0	0	0	3	1	3	2	2	0	0	0	2	1	0	3	0	2	3	2	7	0	2	1	2	1	2	1	2	4	2	7	2	0	5	6	0	2	1	1	1	1	2	1	1	3	1	0	3	4	3	2	6	0	1	3	5	1	4	1	3	0	2	2	0	1
A[Del(C):R4]G	0	0	0	1	0	0	0	1	0	1	0	0	0	2	0	0	0	0	2	0	0	1	1	1	0	0	2	0	0	0	0	0	1	0	0	0	0	0	0	0	0	0	1	0	0	0	1	0	0	1	0	0	0	0	0	2	0	0	2	0	0	0	0	0	0	1	0	2	0	0	0	0	1	1	0	3	1	0	0	0	0	0	0	8	0	1	1	1	0	1	0	0	0	0	0	1	0	0	0	0	0	0	0	1	2	0	1	1	0	0	1	0	0	0	3	1	0	0	0	0	2	0	0	1	0	0	0	0	0	0	1	0	0	0	1	0	2	0	0	1	0	0	2	0	0	0	0	1	0	0	0	0	0	0	1	0	1	0	2	0	0	2	3	2	2	0	0	0	0	0	0	1	0	0	0	1	0	0	1	4	1	0	1	0	0	0	1	0	1	1	1	0	0	0	0	0	1	0	3	1	0	0	0	1	0	0	0	0	0	2	0	1	0	0	0	0	0	0	0	0	0	0	0	0	1	0	1	3	0	1	0	1	0	0	2	0	2	0	0	0	0	1	1	0	0	0	1	2	0	0	1	1	1	0	1	0	0	0	0	0	0	1	1	0	0	1	2	1	0	0	2	0	2	0	0	0	0	0	1	0	0	0	0	0	0	2	9	0	0	0	1	0	0	0	2	1	0	0	0	0	0	0	0	1	0	0	1	0	0	0	1	1	0	0	0	0	1	0	0	0	0	0	1	0	0	1	1	0	0	0	0	1	1	0	0	0	0	3	0	1	1	0	0	0	0	0	2	1	1	1	0	0	0	0	1	0	0	0	0	0	0	0	3	0	0	1	3	0	1	0	1	1	1	1	0	0	2	0	0
A[Del(C):R4]T	0	1	1	2	0	1	7	1	0	0	3	0	3	2	1	2	0	1	1	1	0	1	0	0	3	1	2	1	1	0	0	0	0	0	4	0	2	0	2	2	1	2	4	1	1	0	2	0	0	2	1	1	0	0	2	1	0	0	1	2	1	0	3	0	0	1	1	0	1	1	0	4	1	0	1	2	1	2	2	2	0	0	1	8	2	3	1	1	1	2	1	1	1	0	1	3	0	1	1	1	2	0	1	3	3	0	1	2	3	0	1	0	1	1	3	0	1	0	2	0	2	6	0	1	0	2	0	0	2	0	1	2	1	0	2	0	0	0	2	2	0	0	3	1	0	0	0	2	1	1	0	0	1	2	0	0	3	0	2	3	0	3	1	0	1	2	1	0	4	1	2	1	3	1	0	2	2	4	1	6	1	1	1	0	1	2	2	1	1	0	0	0	0	1	0	1	0	2	0	2	0	1	0	1	0	2	2	2	0	1	0	0	1	0	0	1	2	1	4	1	2	0	2	4	1	1	0	2	2	1	1	8	2	1	0	0	2	3	1	0	0	0	2	0	0	1	0	2	3	1	0	3	3	6	4	1	2	2	4	1	0	3	2	0	0	0	0	0	3	1	0	2	0	0	1	0	2	2	0	1	0	0	0	1	2	3	24	1	1	0	1	3	1	4	5	1	1	0	1	2	1	0	0	0	1	0	0	1	0	0	0	3	0	0	2	1	2	3	2	1	0	1	2	1	0	0	2	0	2	0	1	1	4	5	0	0	1	1	0	5	2	4	0	2	1	0	0	1	2	0	0	2	1	0	0	0	2	0	1	0	2	2	0	0	1	2	1	0	4	5	0	0	1	3	0	0	1	0	1
A[Del(C):R5]A	0	0	1	3	1	0	2	4	2	0	2	0	0	2	1	1	0	2	0	0	3	4	2	4	1	1	2	1	0	2	0	2	4	1	0	0	0	0	0	2	2	5	5	0	0	0	2	0	0	3	0	0	0	0	1	1	4	0	3	0	0	2	2	0	0	2	1	3	8	1	3	4	3	1	2	4	2	1	0	1	4	1	1	17	1	6	0	3	2	1	2	2	4	1	0	3	1	3	0	2	3	0	2	1	5	2	4	2	0	0	3	0	5	1	1	0	2	0	0	0	1	5	0	2	3	2	4	0	1	0	1	1	0	2	4	0	1	1	1	1	1	2	5	2	1	0	2	1	1	2	0	2	1	4	0	1	1	3	4	2	3	2	5	2	3	0	1	1	1	2	0	1	1	2	3	1	0	3	4	7	3	5	0	2	1	6	0	1	6	3	0	0	1	3	1	2	4	7	1	1	0	0	0	0	2	5	2	2	2	3	0	3	0	2	1	0	0	1	4	1	3	1	1	1	0	1	5	3	3	1	0	2	3	1	5	1	0	1	3	1	2	2	1	0	0	2	0	4	2	0	1	4	1	4	3	1	1	0	0	3	0	0	1	1	0	1	3	2	0	1	0	1	2	1	0	2	1	3	2	0	1	0	0	0	0	3	48	4	1	1	3	0	4	1	3	1	1	0	1	2	1	0	1	0	1	1	1	1	1	0	2	1	1	1	1	0	2	2	1	2	0	1	1	0	0	1	1	0	2	0	3	3	3	5	0	4	2	0	1	1	1	0	2	3	3	0	2	4	4	0	2	2	2	1	1	0	1	1	2	0	2	2	1	0	0	3	3	0	4	2	1	2	0	0	0	3	0	4	1
A[Del(C):R5]G	0	0	0	0	0	0	0	0	1	0	0	0	0	0	0	0	0	0	0	0	0	0	1	1	0	0	0	0	1	1	0	0	0	0	0	0	0	0	0	0	1	0	1	0	0	0	0	0	0	0	0	0	0	1	0	0	0	0	0	0	0	0	0	0	0	0	0	0	0	0	1	0	1	0	0	0	0	1	0	0	0	0	0	3	1	0	0	1	0	0	0	0	0	0	0	0	0	1	0	0	0	1	0	0	0	0	1	0	1	0	0	0	0	0	0	0	1	0	1	0	0	0	1	0	0	2	0	0	0	0	0	0	0	0	0	0	0	0	0	0	0	0	0	0	0	0	0	1	0	0	0	0	0	1	0	0	0	1	0	0	0	0	1	0	0	0	0	0	1	0	0	0	0	0	0	0	0	0	0	0	1	0	0	1	0	0	0	0	0	0	0	0	0	0	1	0	0	1	0	0	0	0	1	0	0	0	0	0	0	1	1	0	0	0	0	0	0	0	1	1	0	0	0	0	1	1	0	0	0	0	0	1	0	0	0	0	1	0	0	0	0	0	0	0	0	0	0	2	1	0	0	0	0	0	0	0	0	1	0	0	0	0	1	0	0	1	0	0	0	0	0	0	1	0	0	0	0	0	1	0	0	0	0	0	0	0	12	1	0	1	0	0	2	1	1	0	0	0	0	0	0	0	0	0	0	0	0	0	0	0	0	0	0	0	0	0	0	0	0	0	0	0	0	0	1	0	2	0	0	0	1	1	0	0	0	0	0	0	0	0	0	0	1	0	0	0	0	1	0	1	1	0	0	0	0	0	1	0	0	0	1	0	0	0	0	0	0	0	0	0	0	0	2	0	0	0	0	0	1
A[Del(C):R5]T	0	2	1	0	0	2	0	0	0	0	0	0	2	1	3	0	0	1	1	0	0	1	1	0	0	0	0	1	0	1	0	0	0	2	0	2	2	0	1	4	1	3	2	0	2	0	2	0	1	1	0	0	1	0	0	1	2	0	1	0	1	2	0	0	1	2	0	1	2	0	0	1	0	1	1	1	2	0	0	0	0	0	2	33	0	2	0	1	1	1	0	0	0	0	1	2	1	3	0	1	0	0	0	0	1	1	1	1	0	1	0	1	1	0	1	0	1	0	1	0	2	1	1	1	4	0	0	0	2	0	2	0	0	1	0	1	0	0	0	3	0	0	1	2	2	0	2	1	0	0	0	3	1	0	0	0	0	1	1	0	1	1	2	0	3	1	2	0	2	1	1	1	2	1	0	1	2	2	0	3	1	2	0	0	1	1	1	0	1	1	1	0	0	0	0	1	0	3	0	0	0	1	1	1	0	2	1	1	1	0	0	2	1	0	0	0	0	4	2	0	1	0	0	0	0	0	1	2	0	0	0	4	2	2	2	1	0	2	1	1	1	2	3	0	0	0	0	0	2	1	0	0	0	4	3	2	2	3	1	2	0	3	1	1	0	4	1	1	0	1	0	3	0	0	0	0	0	1	1	0	1	0	0	1	1	3	58	2	1	1	0	0	0	1	1	0	1	0	2	1	1	0	1	0	0	0	0	0	1	0	1	6	1	0	0	1	1	2	1	0	0	1	2	1	0	0	0	0	1	2	0	0	2	3	1	1	0	0	0	0	1	0	0	1	3	0	0	1	3	0	1	1	0	1	0	0	0	0	0	1	0	2	0	0	0	4	2	0	2	8	0	0	3	0	1	1	0	1	0
A[Del(C):R6]A	0	1	0	1	0	0	1	0	0	0	0	0	3	0	1	0	0	0	0	0	2	0	0	1	3	0	1	0	1	1	0	2	0	1	0	1	0	0	1	1	1	0	1	0	1	1	1	0	0	1	0	0	1	1	1	0	0	1	0	1	0	0	0	0	0	2	0	1	0	0	2	2	3	0	0	1	0	0	1	0	0	0	1	44	0	0	0	1	0	1	0	1	0	0	0	2	0	1	1	0	0	0	1	0	1	0	0	0	1	0	0	0	0	1	1	0	0	0	1	0	1	1	0	1	1	1	0	0	0	1	0	2	1	0	2	2	1	1	0	0	0	0	1	1	0	0	1	0	1	1	1	1	0	0	0	1	0	0	1	0	1	0	1	0	0	0	0	0	0	0	0	1	1	0	0	1	1	2	2	3	0	0	1	1	0	0	1	0	2	2	0	0	0	0	1	1	1	0	1	0	0	0	0	1	0	0	1	0	0	1	0	0	0	1	0	0	0	0	1	0	0	0	0	2	0	1	0	0	2	1	0	1	0	0	1	0	0	0	0	0	0	0	0	0	0	0	0	0	0	1	0	1	2	2	0	0	0	0	0	2	1	2	0	1	0	0	0	1	0	0	0	1	0	1	0	0	0	1	0	0	0	0	0	0	1	1	105	2	0	0	0	0	1	0	1	1	2	0	0	1	0	0	0	0	1	1	0	0	1	0	1	1	0	0	0	0	0	1	1	4	0	1	1	0	1	0	0	0	0	0	1	1	2	1	0	1	1	0	0	0	0	0	0	1	2	0	0	2	2	0	0	0	0	1	0	2	0	0	0	0	0	0	2	0	0	0	0	1	0	1	0	0	0	0	0	0	0	2	0
A[Del(C):R6]G	0	0	0	0	0	0	0	0	0	0	0	0	0	0	0	0	0	0	0	0	0	0	0	1	0	0	0	0	0	0	0	0	0	1	0	1	0	0	0	1	0	1	0	0	0	0	0	0	0	0	0	0	0	0	0	0	0	0	0	0	0	0	0	0	0	0	0	0	0	0	0	0	0	0	0	0	0	0	0	0	0	0	0	9	0	0	0	0	0	0	0	0	0	0	0	0	0	0	0	0	0	0	0	0	0	1	1	0	0	0	0	0	0	1	0	0	0	0	0	0	1	0	0	0	0	0	1	0	0	0	1	1	0	0	0	0	0	0	0	0	0	0	0	0	0	0	0	0	0	0	0	1	1	0	0	0	0	0	0	0	0	0	0	0	0	0	1	0	0	0	0	0	0	0	0	0	0	1	0	0	0	0	0	0	0	0	0	0	0	1	0	0	0	0	0	0	0	0	0	0	0	0	0	0	0	0	0	0	0	0	0	0	0	0	0	0	0	1	0	0	0	0	0	0	0	0	0	0	0	0	0	0	0	0	0	0	0	0	0	0	0	0	0	0	0	0	0	0	1	1	0	0	0	1	0	1	1	0	0	0	0	1	0	0	0	0	0	0	0	0	0	0	0	0	0	0	0	0	0	0	0	0	0	0	1	0	25	0	0	0	0	0	1	1	0	0	0	0	0	0	0	0	0	0	1	0	0	1	0	0	1	0	0	0	0	0	0	0	0	0	0	0	0	0	0	0	0	0	0	0	0	0	0	0	0	0	0	0	0	0	0	0	0	0	0	0	0	0	0	0	0	0	0	0	0	0	0	1	0	0	0	0	0	0	0	0	0	0	0	0	0	0	0	0	0	0	0	1	0
A[Del(C):R6]T	0	0	0	0	0	0	0	1	0	0	0	0	1	2	1	0	0	0	1	0	0	0	1	0	1	0	0	0	0	0	0	1	0	0	0	0	0	1	0	0	0	1	2	0	0	0	0	0	0	1	1	0	0	0	0	0	0	0	0	0	0	0	0	0	0	1	0	1	0	0	0	0	1	0	1	0	0	1	2	0	0	0	0	24	0	0	1	2	0	0	1	0	0	1	0	2	0	0	0	0	1	0	1	0	1	0	0	1	2	0	1	0	0	1	0	0	0	0	1	0	0	1	0	0	1	0	0	0	1	0	0	0	0	0	1	1	1	1	2	0	0	0	0	2	0	0	0	0	0	0	0	0	0	2	0	0	0	0	0	0	0	1	0	0	0	0	0	0	0	1	0	0	1	1	0	1	0	0	0	0	0	3	0	0	0	0	2	0	0	0	0	0	0	0	0	0	0	1	0	0	0	0	0	0	0	1	1	1	0	1	1	0	0	0	0	0	0	0	1	0	0	0	0	0	0	1	1	0	1	0	0	1	0	0	0	0	0	0	0	0	1	1	1	0	0	0	0	0	0	0	0	0	1	1	2	1	2	0	2	2	0	0	1	0	0	1	0	0	0	0	1	1	0	0	0	0	0	1	0	0	0	0	0	0	0	1	47	1	1	0	2	0	0	0	0	0	1	0	1	1	1	0	1	1	0	0	0	0	0	0	0	0	0	0	0	1	0	1	0	0	2	0	3	0	0	0	0	0	1	0	1	2	1	0	0	0	0	0	0	0	1	0	0	0	1	0	0	1	0	0	0	1	0	0	1	0	0	0	0	0	0	1	0	0	0	3	0	0	1	0	0	0	0	0	0	0	0	0	0
A[Del(C):R7]A	0	0	0	1	0	0	0	0	0	0	1	0	0	0	0	0	0	1	0	0	0	0	1	2	0	0	1	0	0	0	0	2	0	0	0	0	0	0	0	0	0	0	0	0	0	0	0	0	0	0	0	0	0	0	1	0	0	0	1	0	0	0	0	0	0	0	0	1	0	1	0	0	0	0	0	0	0	0	0	2	0	0	0	33	0	0	0	0	1	0	0	0	0	0	0	1	0	0	0	0	0	0	1	0	0	0	0	0	0	0	0	0	0	0	0	0	0	0	0	0	1	0	0	0	0	0	1	0	0	0	0	0	0	0	1	1	0	0	0	0	0	0	0	0	0	0	0	0	0	0	0	0	0	0	0	0	0	0	0	0	0	0	0	1	0	0	0	0	1	0	0	0	0	0	0	1	0	0	0	0	0	0	0	0	0	0	0	0	0	0	0	0	0	0	0	0	0	0	0	0	0	0	0	0	0	1	0	0	1	1	0	0	0	0	0	0	0	1	1	0	0	0	0	0	0	0	1	1	0	0	0	0	1	0	0	0	0	0	0	1	0	0	1	0	0	0	0	0	1	1	0	0	1	0	0	0	0	0	1	1	0	0	0	0	0	0	0	0	0	0	0	1	0	0	0	0	1	0	0	0	0	0	0	0	0	0	105	0	0	0	0	0	0	0	0	0	0	0	0	0	0	0	0	1	0	0	0	0	0	0	0	0	0	0	0	0	0	0	0	0	0	0	0	0	0	0	1	0	0	1	2	0	0	2	0	0	1	0	0	0	0	0	0	0	2	1	0	1	1	0	0	1	0	0	0	0	0	0	0	0	0	1	0	1	0	0	0	0	0	0	0	0	0	0	0	0	0	0	0
A[Del(C):R7]G	0	0	0	0	0	0	0	0	0	0	0	0	0	0	0	0	0	0	0	0	0	0	0	0	0	0	0	0	0	0	0	0	0	0	0	0	0	0	0	0	0	0	0	0	0	0	0	0	0	0	0	0	0	0	0	0	0	0	0	0	0	0	0	0	0	0	0	0	0	0	0	0	0	0	0	0	0	0	0	0	0	0	0	9	0	0	0	0	0	0	0	0	0	1	0	0	0	0	0	0	0	0	0	0	0	0	0	0	0	0	0	0	0	0	0	0	0	0	0	0	0	0	0	0	0	0	0	0	0	0	0	0	0	0	0	0	0	0	0	0	0	0	0	0	0	0	0	0	0	0	0	0	0	0	0	0	0	0	0	0	0	0	0	0	0	0	0	0	0	0	0	0	0	0	0	0	0	0	0	0	0	0	0	0	0	0	0	0	0	0	0	0	0	0	0	0	0	0	0	0	0	0	0	0	0	0	0	1	0	0	0	0	0	0	0	0	0	0	0	0	0	0	0	0	0	0	0	0	0	0	0	0	0	0	0	0	0	0	0	0	0	0	0	0	0	0	0	0	0	0	0	0	0	0	0	0	0	0	0	0	0	0	0	0	0	0	0	0	0	0	0	0	0	0	0	0	0	1	0	0	0	0	0	0	0	0	19	0	1	0	0	0	0	0	0	0	0	0	0	0	0	0	0	0	0	0	0	0	0	0	0	0	0	0	0	0	0	0	0	0	0	0	0	0	0	0	0	0	0	0	0	0	0	0	0	0	0	0	0	0	0	0	0	0	0	0	0	0	1	0	0	0	0	0	0	0	0	0	0	0	0	1	0	0	0	0	0	0	0	0	0	0	0	0	0	0	0	1	0
A[Del(C):R7]T	0	0	0	0	0	0	0	0	0	1	0	0	0	0	0	0	0	0	0	0	0	0	1	2	1	0	0	0	0	1	0	0	0	0	0	0	0	0	0	0	0	0	0	0	0	0	0	0	0	1	0	0	0	0	0	0	0	0	0	0	0	0	0	0	0	0	0	0	0	0	0	0	0	0	0	0	0	0	0	0	0	0	0	10	0	0	0	1	0	0	0	0	0	0	0	0	0	1	0	0	0	0	0	0	0	0	0	0	0	0	0	0	0	0	1	1	0	0	0	0	0	0	0	1	0	1	0	0	0	0	0	0	0	0	0	0	0	0	0	1	0	0	0	0	1	0	0	0	0	0	0	0	0	0	0	0	0	0	0	0	0	0	0	0	0	0	0	0	0	0	0	0	0	0	0	0	0	0	0	0	1	0	0	0	0	0	0	1	0	0	0	0	0	0	0	1	0	0	0	0	0	0	0	0	0	0	0	0	1	1	0	0	0	0	0	0	0	0	0	0	0	0	1	0	0	0	0	1	0	0	0	0	0	1	0	0	0	0	0	0	0	1	0	0	0	0	0	0	1	0	0	0	0	0	0	0	0	0	0	0	0	0	0	0	0	0	0	0	0	1	0	1	0	0	0	0	0	0	0	0	0	0	0	0	0	0	16	0	0	0	0	0	0	0	0	0	0	0	0	0	0	0	0	0	0	0	0	0	0	0	0	0	0	0	0	0	0	0	0	0	0	0	0	1	0	0	0	0	0	0	0	0	0	0	0	0	0	0	0	0	0	0	0	1	1	1	0	0	0	0	1	1	0	0	0	0	0	0	0	0	1	0	0	0	0	1	0	0	0	0	0	0	0	0	0	0	0	0	0
A[Del(C):R8]A	0	0	0	0	0	0	0	0	0	0	0	0	0	0	0	0	0	0	0	0	0	1	0	1	0	0	0	0	0	0	0	0	0	0	0	0	0	0	0	0	0	0	0	0	0	0	0	0	0	0	0	0	0	0	0	0	0	0	0	0	0	1	0	0	0	1	0	0	0	0	0	0	0	0	0	0	0	0	0	0	0	0	0	8	0	0	0	0	0	0	0	0	0	0	0	0	0	0	0	0	0	0	0	0	0	0	0	0	0	0	0	0	0	0	0	0	0	0	0	0	0	0	0	0	1	0	0	0	0	0	0	0	0	0	0	0	0	0	0	0	0	0	0	0	1	0	0	0	0	0	0	0	0	0	0	0	0	0	0	1	0	0	0	0	0	0	0	0	0	0	0	0	0	0	0	0	0	0	0	0	0	0	0	0	0	0	0	0	0	0	0	0	0	0	0	0	0	0	1	0	0	0	0	0	0	0	0	0	0	0	0	0	0	0	0	0	0	0	0	0	0	0	0	0	0	0	0	0	0	0	0	0	0	0	0	0	0	0	0	0	0	0	0	0	0	0	0	1	0	0	0	0	0	0	0	0	0	0	0	0	0	0	0	0	0	0	0	0	0	0	0	0	0	0	0	0	0	0	0	0	0	0	0	0	0	0	29	0	0	0	0	0	0	0	0	0	0	0	0	0	0	0	0	0	0	0	0	1	0	0	0	0	0	0	0	0	0	0	0	0	1	0	0	0	0	0	0	0	2	1	0	0	1	1	0	0	0	2	0	0	0	0	0	0	1	0	1	0	0	0	0	0	0	0	0	0	2	0	0	0	0	1	0	0	0	0	0	0	0	0	1	0	1	0	0	0	0	0	1
A[Del(C):R8]G	0	0	0	0	0	0	0	0	0	0	0	0	0	0	0	0	0	0	0	0	0	0	0	0	0	0	0	0	0	0	0	0	0	0	0	0	0	0	0	0	0	0	0	0	0	0	0	0	0	0	0	0	0	0	0	0	0	0	0	0	0	0	0	0	0	0	0	0	0	0	0	0	0	0	0	0	0	0	0	0	0	0	0	2	0	0	0	0	0	0	0	0	0	0	0	0	0	0	0	0	0	0	0	0	0	0	0	0	0	0	0	0	0	0	0	0	0	0	0	0	0	0	0	0	0	0	0	0	0	0	0	0	0	0	0	0	0	0	0	0	0	0	0	0	0	0	0	0	0	0	0	0	0	0	0	0	0	0	0	0	0	0	0	0	0	0	0	0	0	0	0	0	0	0	0	0	0	0	0	0	0	0	0	0	0	0	0	0	0	0	0	0	0	0	0	0	0	0	0	0	0	0	0	0	0	0	0	0	0	0	0	0	0	0	0	0	0	0	0	0	0	0	0	0	0	0	0	0	0	0	0	0	0	0	0	0	0	0	0	0	0	0	0	0	0	0	0	0	0	0	0	0	0	0	0	0	0	0	0	0	0	0	0	0	0	0	0	0	0	0	0	0	0	0	0	0	0	0	0	0	0	0	0	0	0	0	2	0	0	0	0	0	0	0	0	0	0	0	0	0	0	0	0	0	0	0	0	0	0	0	0	0	0	0	0	0	0	0	0	0	0	0	0	0	0	0	0	0	0	0	0	0	0	0	0	0	0	0	0	0	0	0	1	0	0	0	0	0	0	0	0	0	0	0	0	0	0	0	0	0	0	0	0	0	0	0	0	0	0	0	0	0	0	0	0	0	0	0	0
A[Del(C):R8]T	0	0	0	0	0	0	0	0	0	0	1	0	0	0	0	0	0	0	0	0	0	0	0	0	0	0	0	0	0	0	0	0	0	0	0	0	0	0	1	0	0	0	0	0	0	0	0	0	0	0	0	0	0	0	0	0	0	0	0	0	0	0	0	0	0	0	0	0	0	0	0	0	0	0	0	0	0	0	0	0	1	0	0	3	0	0	0	0	0	0	0	0	0	0	0	0	0	0	0	0	0	0	0	0	0	0	0	0	0	0	0	0	0	0	0	1	0	0	0	0	0	0	0	0	0	0	0	0	0	0	0	0	0	0	0	1	0	0	0	0	0	0	0	0	0	0	0	0	0	0	0	0	0	0	0	0	0	0	0	0	0	0	0	0	0	0	0	0	0	0	0	0	0	0	0	0	0	0	0	0	0	0	0	0	0	0	0	0	0	0	0	0	0	0	0	0	0	0	0	0	0	0	0	0	0	0	0	0	0	0	0	0	0	0	0	0	0	0	0	0	0	0	0	0	0	0	0	0	0	0	0	0	0	0	0	0	0	0	0	0	0	0	0	0	0	0	0	0	0	0	0	0	0	0	0	0	0	0	0	0	0	0	0	0	0	0	0	0	0	0	0	0	1	0	0	0	0	0	0	0	0	0	0	0	0	0	3	0	0	0	0	0	0	0	0	0	0	0	0	0	0	0	0	0	0	0	0	0	0	0	0	0	0	0	0	0	0	0	0	0	0	0	0	0	0	0	0	0	0	0	0	0	0	0	0	0	0	0	0	0	0	1	0	0	0	0	0	0	0	0	0	0	0	0	0	0	0	0	0	0	0	0	0	0	0	0	0	0	0	0	0	0	0	0	0	0	0	0	0
A[Del(C):R(9,)]A	0	0	0	0	0	0	0	0	0	0	0	0	0	0	0	0	0	0	0	0	0	0	0	0	0	0	0	0	0	0	0	0	0	0	0	0	0	0	0	0	0	0	0	0	0	0	0	0	0	0	0	0	0	0	0	0	0	0	0	0	0	0	0	0	0	0	0	0	0	0	0	0	0	0	0	0	0	0	0	0	0	0	0	0	0	0	0	0	0	0	0	0	0	0	0	0	0	0	0	0	0	0	0	0	0	0	0	0	0	0	0	0	0	0	0	0	0	0	0	0	0	0	0	0	0	0	0	0	0	0	0	0	0	0	0	0	0	0	0	0	0	0	0	0	0	0	0	0	0	0	0	0	0	0	0	0	0	0	0	0	0	0	0	0	0	0	0	0	0	0	0	0	0	0	0	0	0	0	0	0	0	0	0	0	0	0	0	0	0	0	0	0	0	0	0	0	0	0	0	0	0	0	0	0	0	0	0	0	0	0	0	0	0	0	0	0	0	0	0	0	0	0	0	0	0	0	0	0	0	0	0	0	0	0	0	0	0	0	0	0	0	0	0	0	0	0	0	0	0	0	0	0	0	0	0	0	0	0	0	0	0	0	0	0	0	0	0	0	0	0	0	0	0	0	0	0	0	0	0	0	0	0	0	0	0	0	0	0	0	0	0	0	0	0	0	0	0	0	0	0	0	0	0	0	0	0	0	0	0	0	0	0	0	0	0	0	0	0	0	0	0	0	0	0	0	0	0	0	0	0	0	0	0	0	0	0	0	0	0	0	0	0	0	0	0	0	0	0	0	0	0	0	0	0	0	0	0	0	0	0	0	0	0	0	0	0	0	0	0	0	0	0	0	0	0	0	0	0	0
A[Del(C):R(9,)]G	0	0	0	0	0	0	0	0	0	0	0	0	0	0	0	0	0	0	0	0	0	0	0	0	0	0	0	0	0	0	0	0	0	0	0	0	0	0	0	0	0	0	0	0	0	0	0	0	0	0	0	0	0	0	0	0	0	0	0	0	0	0	0	0	0	0	0	0	0	0	0	0	0	0	0	0	0	0	0	0	0	0	0	0	0	0	0	0	0	0	0	0	0	0	0	0	0	0	0	0	0	0	0	0	0	0	0	0	0	0	0	0	0	0	0	0	0	0	0	0	0	0	0	0	0	0	0	0	0	0	0	0	0	0	0	0	0	0	0	0	0	0	0	0	0	0	0	0	0	0	0	0	0	0	0	0	0	0	0	0	0	0	0	0	0	0	0	0	0	0	0	0	0	0	0	0	0	0	0	0	0	0	0	0	0	0	0	0	0	0	0	0	0	0	0	0	0	0	0	0	0	0	0	0	0	0	0	0	0	0	0	0	0	0	0	0	0	0	0	0	0	0	0	0	0	0	0	0	0	0	0	0	0	0	0	0	0	0	0	0	0	0	0	0	0	0	0	0	0	0	0	0	0	0	0	0	0	0	0	0	0	0	0	0	0	0	0	0	0	0	0	0	0	0	0	0	0	0	0	0	0	0	0	0	0	0	0	0	0	0	0	0	0	0	0	0	0	0	0	0	0	0	0	0	0	0	0	0	0	0	0	0	0	0	0	0	0	0	0	0	0	0	0	0	0	0	0	0	0	0	0	0	0	0	0	0	0	0	0	0	0	0	0	0	0	0	0	0	0	0	0	0	0	0	0	0	0	0	0	0	0	0	0	0	0	0	0	0	0	0	0	0	0	0	0	0	0	0	0
A[Del(C):R(9,)]T	0	0	0	0	0	0	0	0	0	0	0	0	0	0	0	0	0	0	0	0	0	0	0	0	0	0	0	0	0	0	0	0	0	0	0	0	0	0	0	0	0	0	0	0	0	0	0	0	0	0	0	0	0	0	0	0	0	0	0	0	0	0	0	0	0	0	0	0	0	0	0	0	0	0	0	0	0	0	0	0	0	0	0	0	0	0	0	0	0	0	0	0	0	0	0	0	0	0	0	0	0	0	0	0	0	0	0	0	0	0	0	0	0	0	0	0	0	0	0	0	0	0	0	0	0	0	0	0	0	0	0	0	0	0	0	0	0	0	0	0	0	0	0	0	0	0	0	0	0	0	0	0	0	0	0	0	0	0	0	0	0	0	0	0	0	0	0	0	0	0	0	0	0	0	0	0	0	0	0	0	0	0	0	0	0	0	0	0	0	0	0	0	0	0	0	0	0	0	0	0	0	0	0	0	0	0	0	0	0	0	0	0	0	0	0	0	0	0	0	0	0	0	0	0	0	0	0	0	0	0	0	0	0	0	0	0	0	0	0	0	0	0	0	0	0	0	0	0	0	0	0	0	0	0	0	0	0	0	0	0	0	0	0	0	0	0	0	0	0	0	0	0	0	0	0	0	0	0	0	0	0	0	0	0	0	0	0	0	0	0	0	0	0	0	0	0	0	0	0	0	0	0	0	0	0	0	0	0	0	0	0	0	0	0	0	0	0	0	0	0	0	0	0	0	0	0	0	0	0	0	0	0	0	0	0	0	0	0	0	0	0	0	0	0	0	0	0	0	0	0	0	0	0	0	0	0	0	0	0	0	0	0	0	0	0	0	0	0	0	0	0	0	0	0	0	0	0	0	0
G[Del(C):R1]A	2	2	2	11	4	3	3	2	6	2	1	1	8	5	3	3	3	5	2	1	6	7	1	1	4	1	8	2	1	6	0	1	0	5	3	4	7	1	0	6	2	6	9	4	1	0	2	1	0	3	3	1	3	2	3	4	0	3	4	1	3	2	2	3	2	5	3	1	5	3	2	8	2	1	0	3	2	1	0	5	6	3	3	2	1	4	2	5	3	7	3	5	1	4	2	1	5	1	3	3	9	2	5	2	2	5	4	4	5	0	3	3	3	1	8	9	2	2	2	0	8	5	3	1	1	3	4	0	8	1	1	2	4	0	5	2	2	2	3	4	2	0	6	5	7	2	3	2	1	0	2	9	6	6	4	0	4	4	7	3	2	5	11	2	7	3	6	2	2	4	1	2	3	3	1	7	3	3	6	8	4	6	2	6	3	2	4	1	6	7	4	2	1	2	3	1	3	6	5	1	1	1	2	2	4	0	6	8	1	3	0	2	3	1	3	2	6	4	5	1	5	1	1	4	3	4	3	6	1	1	3	7	2	4	7	3	1	2	5	3	7	2	6	2	3	7	2	3	8	5	2	4	5	5	6	4	5	6	3	7	3	2	2	5	1	4	1	0	0	1	2	5	1	1	0	1	5	0	0	0	1	4	0	1	2	5	5	1	1	5	3	4	4	2	6	1	2	0	6	5	5	0	4	1	2	3	2	4	1	1	9	6	1	1	4	1	2	3	2	1	3	3	4	2	0	4	3	0	5	0	3	1	4	5	1	2	3	1	1	11	5	1	4	2	7	1	4	2	2	1	6	0	3	2	3	2	1	2	0	0	3	4	1	6	5	3	0	2	8	9	1	5	2	16	0	4	2	6	4
G[Del(C):R1]G	0	0	0	0	1	1	0	2	1	0	1	0	0	1	0	0	0	1	0	0	1	0	0	3	2	0	0	1	0	1	0	1	1	1	1	0	2	0	0	1	1	2	2	1	0	0	1	1	0	0	0	0	1	2	0	1	0	1	1	1	0	0	1	0	0	0	1	0	0	1	0	0	1	0	0	2	1	0	0	1	0	1	2	1	1	0	0	1	1	0	0	0	0	0	0	2	0	1	1	1	0	0	0	1	1	0	0	1	1	0	0	0	0	0	2	1	0	0	0	0	0	1	0	0	1	0	0	0	0	0	0	0	0	0	0	0	1	1	1	1	0	2	2	1	1	1	1	0	1	0	0	1	0	0	0	1	2	1	3	0	0	0	3	0	0	1	1	0	2	1	0	0	0	0	0	0	0	1	1	0	0	0	0	0	0	0	0	0	1	1	0	0	0	0	1	0	2	1	0	0	0	2	0	1	0	0	2	0	0	1	1	0	0	2	0	0	1	0	1	0	1	0	0	1	0	0	0	4	0	1	0	1	2	0	1	0	1	0	0	0	0	1	0	0	0	1	0	1	1	1	1	3	0	0	1	0	0	0	0	0	0	1	0	0	1	1	0	1	0	2	0	1	0	0	1	1	0	0	0	0	0	0	1	1	0	0	1	0	0	1	1	1	1	0	4	0	0	1	0	0	2	0	0	1	1	1	0	2	0	0	0	2	0	0	1	0	0	1	0	1	0	0	0	0	1	1	0	0	1	0	0	0	9	1	0	0	1	1	2	1	0	0	0	1	0	0	0	4	1	0	1	1	0	0	0	0	0	2	1	0	0	1	0	1	1	3	0	1	1	1	1	1	0	3	0	2	0	1	1
G[Del(C):R1]T	1	3	1	6	4	5	1	3	3	1	2	4	7	6	5	3	2	1	2	1	2	6	0	4	8	2	7	2	2	4	1	6	1	3	2	8	5	2	3	5	5	10	13	3	4	1	1	5	1	8	7	2	4	2	4	8	1	2	6	1	3	3	2	3	2	1	1	4	12	2	1	3	3	0	4	6	4	2	4	3	4	4	2	3	3	5	1	4	3	4	0	4	4	4	2	12	2	1	2	2	5	1	5	1	7	2	5	1	0	0	3	0	1	1	10	1	2	2	7	0	4	4	1	5	7	0	4	0	0	2	7	2	2	1	2	0	4	3	5	4	2	2	0	3	5	1	1	1	4	1	2	4	3	3	1	1	4	1	2	0	4	6	7	1	7	4	2	0	4	1	0	2	4	4	0	3	5	10	4	17	3	7	2	4	3	2	1	2	6	5	6	1	5	3	3	1	1	5	4	0	0	2	1	1	2	5	3	2	6	8	0	4	0	4	1	2	3	5	2	0	3	0	6	5	6	2	2	9	2	1	1	12	1	0	2	1	2	3	4	5	2	2	4	1	3	5	3	5	13	4	2	2	7	4	3	4	3	2	2	2	0	7	3	2	1	2	7	2	4	4	3	5	0	0	4	0	5	4	5	0	5	2	0	1	4	4	1	6	1	7	3	1	2	14	7	0	5	2	3	7	3	1	6	0	1	4	4	2	2	0	3	3	0	1	1	4	5	5	1	2	5	5	8	4	0	1	4	0	7	2	3	2	5	4	1	6	1	6	0	6	2	3	3	6	5	4	3	4	8	1	2	4	1	3	1	1	1	4	2	1	2	5	4	2	6	8	3	2	5	4	0	2	4	16	2	1	4	5	3
G[Del(C):R2]A	2	10	3	11	4	10	7	4	7	4	2	4	13	10	6	5	0	6	1	1	7	13	10	6	14	2	11	3	2	4	0	6	5	8	3	6	8	1	10	11	8	13	23	8	2	2	6	1	0	11	1	2	1	2	5	7	1	4	14	3	2	10	5	3	1	6	3	10	7	6	10	11	8	1	5	14	8	0	3	7	7	7	6	9	5	0	1	10	7	14	7	4	2	5	5	13	8	11	5	4	13	2	8	5	14	1	9	9	9	1	11	2	3	6	14	6	6	1	8	0	9	6	4	4	9	10	6	2	6	1	8	10	7	1	7	3	3	9	6	4	3	3	10	5	11	4	4	6	6	0	1	9	24	12	4	7	14	3	13	8	4	8	18	7	14	11	9	2	7	5	1	5	13	6	4	10	9	13	6	18	10	15	7	14	3	9	6	4	10	14	2	3	4	2	1	5	14	17	12	2	0	2	2	2	5	7	13	6	0	7	1	9	1	10	8	5	10	7	14	8	14	1	9	7	3	13	2	11	11	4	4	27	6	7	18	3	3	7	5	6	10	3	11	1	0	10	2	5	13	6	4	8	10	11	9	10	5	4	8	13	3	6	8	8	3	5	9	3	5	2	3	11	5	3	4	0	8	12	4	1	4	4	1	6	4	13	8	7	3	5	8	4	13	4	19	0	1	1	3	12	8	1	8	3	14	6	9	3	4	3	11	9	4	0	9	3	5	8	4	8	3	9	13	11	2	3	8	0	3	1	11	6	13	13	0	8	4	9	5	10	8	15	7	13	8	8	5	9	8	5	8	2	0	4	5	6	3	5	6	2	6	9	11	4	4	8	1	0	10	12	1	5	3	8	0	10	4	10	3
G[Del(C):R2]G	0	1	0	2	0	0	0	1	0	0	1	0	1	0	2	0	0	2	0	0	2	1	2	2	2	0	1	1	0	1	0	0	2	1	1	0	1	0	1	1	1	2	3	0	0	1	0	0	0	1	1	0	0	1	1	0	0	4	1	1	0	2	0	0	1	2	0	1	3	1	2	1	0	0	0	2	0	0	0	1	3	1	4	1	2	1	1	0	2	1	0	1	0	1	1	1	0	0	0	1	1	0	2	2	1	2	1	1	0	0	1	0	0	0	1	0	0	0	0	0	0	1	1	2	2	0	2	0	1	0	0	0	1	0	1	0	0	0	0	0	0	0	2	2	2	1	0	0	1	1	2	1	3	3	0	0	4	0	2	0	0	0	1	1	1	3	4	0	4	1	0	0	1	1	0	3	0	2	1	0	1	0	2	2	0	1	0	0	2	1	0	1	0	0	0	3	2	3	3	0	0	0	0	0	0	4	3	0	0	4	0	1	0	0	0	0	0	0	3	1	1	1	1	1	0	1	0	1	2	2	0	3	1	0	2	1	1	0	1	0	2	0	3	0	1	0	0	0	1	0	1	2	0	1	0	1	0	1	0	1	0	2	0	2	0	0	0	0	0	0	0	2	1	0	0	1	1	0	0	1	0	0	0	0	0	2	2	0	1	1	0	0	0	1	3	0	1	0	1	0	0	0	0	0	1	1	1	1	0	0	1	1	0	0	0	2	1	0	0	1	0	0	1	4	0	0	3	0	2	0	0	0	3	6	1	0	1	1	1	3	0	0	1	2	3	0	0	2	1	0	1	1	0	0	1	0	0	0	0	0	1	2	0	1	0	2	0	1	2	2	0	1	2	4	0	0	1	3	1
G[Del(C):R2]T	2	4	1	3	2	2	7	5	3	1	4	6	7	9	4	3	2	3	1	2	0	6	2	5	5	1	8	0	2	0	1	8	3	3	1	4	8	1	6	5	3	12	10	12	0	0	5	1	0	7	0	2	5	5	1	3	2	3	6	1	1	5	3	3	0	4	0	4	0	3	1	4	5	1	2	6	8	0	1	8	2	4	2	9	0	2	0	5	7	7	3	2	1	2	2	5	6	1	1	1	2	1	5	3	8	0	2	2	3	0	2	0	4	4	6	4	3	3	5	0	5	1	1	9	5	1	4	2	5	2	2	3	1	0	1	1	4	2	1	3	1	0	8	1	5	1	2	5	4	1	2	3	4	9	1	1	6	4	11	2	4	2	8	1	6	5	4	0	4	4	0	3	3	2	5	8	0	6	5	18	2	10	2	2	3	4	3	1	7	7	1	2	3	1	0	6	3	8	5	1	0	1	2	1	1	3	7	5	6	8	2	2	1	3	2	2	3	5	6	1	12	1	3	2	2	6	3	4	5	2	3	16	0	1	9	1	4	5	4	2	3	0	5	0	5	4	3	4	13	0	2	5	7	2	6	6	7	2	5	6	3	3	1	2	1	3	8	2	2	2	3	7	2	1	1	0	5	2	3	0	0	3	0	1	1	3	9	3	2	4	1	0	5	6	6	3	3	1	3	2	2	0	5	0	2	3	4	0	0	0	8	4	5	1	4	2	1	4	3	1	3	3	15	3	0	3	3	0	3	1	3	3	5	9	1	4	3	7	1	7	4	8	6	7	7	0	1	8	5	1	8	6	2	3	2	4	2	3	4	1	3	3	5	4	4	4	0	1	10	2	4	2	5	13	2	3	2	2	6
G[Del(C):R3]A	0	1	2	5	3	6	2	6	5	2	3	0	6	3	5	1	0	2	2	0	2	8	4	4	6	2	5	1	0	1	3	6	1	7	0	5	10	1	7	6	6	10	8	3	1	1	4	0	2	10	1	2	3	3	2	3	0	2	8	1	1	6	1	0	2	3	1	5	10	7	5	5	9	3	2	4	3	2	1	3	3	4	5	8	1	3	0	2	4	8	3	3	4	2	8	7	4	3	3	5	5	1	9	3	7	2	1	4	4	1	2	2	2	4	6	1	1	1	6	0	8	7	1	7	6	5	8	0	5	3	4	5	5	2	10	2	4	4	4	4	0	0	2	6	2	4	1	2	7	0	1	6	7	5	1	1	9	4	11	5	7	7	16	4	4	4	4	1	1	4	1	2	3	4	5	5	4	10	7	14	3	9	2	5	2	7	4	2	8	8	1	3	3	1	1	5	7	8	4	0	0	1	2	4	0	5	11	5	0	11	2	3	3	6	4	2	3	2	11	5	4	1	8	9	2	5	2	9	3	3	0	13	2	1	12	1	3	7	2	5	5	3	8	0	1	5	2	5	4	1	2	4	4	5	7	2	3	4	3	6	1	4	2	5	2	3	2	1	2	2	3	4	3	0	3	2	1	3	3	1	3	1	0	3	4	7	14	6	4	3	5	2	8	5	7	1	3	3	7	5	4	1	3	1	5	5	6	5	0	0	7	6	6	0	5	3	3	12	4	5	2	3	6	8	0	1	4	1	6	2	4	11	10	13	1	4	3	5	0	3	2	3	3	8	3	3	2	3	5	3	5	5	2	3	1	5	0	0	3	0	2	4	2	0	1	5	1	1	7	12	1	5	2	4	1	3	0	5	2
G[Del(C):R3]G	1	2	0	3	0	1	2	1	1	1	0	0	0	1	1	1	0	1	1	0	1	0	2	0	4	0	4	0	0	0	0	1	1	0	0	2	2	0	1	2	1	2	4	1	1	0	0	0	0	2	0	1	0	2	0	1	0	1	1	2	0	0	0	0	0	1	0	0	4	0	0	2	1	0	0	3	0	0	0	2	0	0	2	3	0	0	0	1	2	3	0	1	0	1	0	0	1	0	1	0	1	0	4	0	0	0	0	2	3	0	0	0	1	0	1	1	0	0	0	0	1	0	0	0	1	0	1	0	1	0	3	1	0	0	1	1	1	0	1	1	0	1	0	1	0	1	0	0	1	0	1	1	2	0	0	0	1	2	1	1	4	1	4	1	2	3	0	0	0	0	2	1	2	0	2	0	0	1	0	5	3	1	0	3	0	1	1	0	0	2	1	1	1	0	0	1	2	1	1	2	0	1	0	1	0	2	0	1	0	3	0	0	0	1	3	0	1	1	1	2	2	0	0	0	1	0	1	2	1	0	0	3	1	0	2	2	2	1	0	0	3	0	2	0	0	1	0	0	2	0	0	3	0	3	3	3	0	0	1	0	0	0	1	1	0	0	0	0	1	1	0	2	0	0	0	0	1	2	0	0	0	0	0	0	0	1	3	1	0	1	1	1	1	0	3	0	1	0	0	2	1	0	2	0	2	1	0	0	0	0	1	0	0	0	2	0	1	0	0	1	1	0	0	1	1	1	1	0	3	0	0	3	2	1	0	2	0	2	2	2	1	2	2	1	2	1	2	3	2	0	1	1	0	0	0	0	0	0	1	0	0	3	1	0	0	2	0	0	3	5	0	3	2	2	0	0	0	0	1
G[Del(C):R3]T	0	2	1	3	0	1	5	2	3	1	2	1	6	2	3	2	1	2	1	0	3	5	0	1	3	1	3	2	0	1	0	4	0	2	0	2	3	1	1	4	2	4	11	4	1	0	3	1	1	0	0	2	4	0	1	1	0	0	4	0	0	2	1	1	0	1	2	1	2	2	0	2	2	1	3	0	3	2	0	1	1	2	2	6	1	4	0	0	1	1	0	2	2	1	1	3	2	0	2	2	4	0	3	2	1	1	3	2	4	0	4	1	1	0	2	1	0	1	4	0	2	1	1	4	1	1	7	1	4	0	3	1	4	2	1	0	1	1	1	0	0	1	5	1	3	1	1	1	0	0	1	3	2	6	0	2	3	0	4	4	3	2	4	4	4	2	3	2	4	0	1	0	2	1	2	1	3	3	3	6	7	6	2	5	2	4	1	1	1	5	1	2	2	0	0	3	3	4	1	1	0	1	0	2	1	3	0	1	0	3	0	3	0	2	1	0	0	3	5	2	0	0	0	5	1	1	4	0	2	0	0	3	1	3	6	0	0	4	2	2	1	1	3	1	1	2	2	0	2	1	2	2	1	0	2	0	1	1	3	3	2	3	1	2	0	1	0	0	0	1	0	2	0	0	0	0	3	0	1	0	2	0	0	2	1	2	4	1	1	2	6	0	3	0	5	0	0	0	4	3	2	0	0	0	4	2	1	0	4	0	2	6	0	0	1	2	1	0	2	1	1	2	4	1	0	1	2	0	2	1	2	1	4	5	2	2	0	0	0	3	0	1	3	1	4	1	1	4	1	1	1	1	1	2	1	0	4	2	1	0	0	3	3	2	2	4	1	0	2	8	0	3	2	6	1	4	1	0	1
G[Del(C):R4]A	0	0	1	2	1	1	4	2	2	1	1	1	1	3	3	1	0	2	1	2	1	2	2	0	6	0	1	2	0	0	0	3	3	0	0	2	3	0	3	1	4	4	7	2	2	0	6	1	1	2	0	1	0	0	0	3	0	1	4	0	0	1	0	0	2	3	1	2	1	1	1	5	4	0	0	4	4	0	2	1	2	2	3	19	1	1	0	1	2	5	1	0	4	1	0	2	1	0	2	0	2	0	3	1	2	0	0	2	2	1	0	0	0	0	8	0	2	0	2	0	0	2	2	3	5	3	0	0	2	0	1	1	1	2	3	0	0	1	1	2	2	0	4	0	1	0	0	2	0	2	3	5	4	2	0	0	6	1	6	2	0	2	2	0	2	0	3	2	4	1	0	2	1	3	2	1	1	1	1	7	6	6	2	0	1	3	0	2	2	4	1	1	0	2	0	0	2	7	0	1	0	1	0	2	2	4	7	4	0	3	0	1	0	2	1	1	2	1	8	4	1	0	1	1	2	6	2	4	3	0	0	5	0	1	3	0	2	2	0	1	1	3	1	3	0	0	2	0	4	1	2	0	2	3	6	1	3	3	1	1	0	2	0	2	2	1	0	0	0	2	1	2	2	0	0	0	0	3	1	1	3	0	1	3	0	5	26	0	0	2	3	2	7	1	0	1	3	1	0	1	2	1	1	1	0	1	2	0	1	0	2	4	1	0	0	0	1	3	1	2	0	1	4	2	2	1	3	0	5	0	3	1	5	1	0	2	0	0	0	1	5	2	3	3	2	2	1	5	7	1	0	2	0	2	2	1	1	0	3	0	1	4	0	0	0	0	2	0	2	3	0	3	3	9	0	1	1	2	1
G[Del(C):R4]G	0	0	0	1	1	0	1	0	1	0	0	1	0	1	1	0	0	0	0	0	0	2	0	2	1	0	0	0	0	0	1	1	0	0	0	0	0	0	1	1	0	0	1	0	1	0	2	1	0	1	0	0	0	0	0	0	0	0	0	0	1	0	0	0	0	1	1	0	1	0	0	0	0	0	1	0	0	0	0	1	0	0	0	7	0	0	0	0	0	0	0	0	0	0	0	0	3	1	1	0	0	0	0	0	2	0	0	0	0	0	0	0	0	0	0	1	0	0	0	0	1	1	0	1	1	0	0	1	0	0	0	2	2	0	0	0	0	0	0	1	0	0	1	0	1	0	0	0	0	0	0	1	0	2	0	0	0	0	0	0	0	1	1	0	0	0	0	0	1	0	0	3	1	0	0	1	1	0	0	1	1	2	0	1	0	0	0	0	4	2	0	0	0	0	0	0	0	0	1	0	0	0	0	0	0	0	0	0	0	2	0	0	0	0	0	1	0	0	1	1	0	0	0	0	0	0	0	1	0	0	0	1	0	0	0	0	1	0	0	0	0	2	0	0	0	0	0	1	0	0	0	2	0	1	0	0	1	0	0	1	0	2	0	0	0	0	0	0	0	0	0	1	1	0	0	0	0	0	0	0	1	0	0	0	0	0	9	0	0	0	0	0	0	1	0	0	0	0	0	1	0	0	0	0	0	0	0	0	0	0	1	0	0	0	0	0	0	1	0	0	0	0	0	0	0	1	0	0	0	0	0	1	1	4	0	0	1	0	0	0	0	0	0	2	0	0	0	0	1	0	0	0	0	0	0	1	0	0	0	0	0	2	1	0	0	0	0	0	1	0	0	2	2	1	0	1	0	2	1
G[Del(C):R4]T	1	1	2	2	1	2	0	1	2	1	0	0	1	1	1	2	0	1	0	0	4	0	1	2	2	0	3	1	0	0	1	0	0	0	1	2	0	0	1	3	1	3	1	1	0	0	3	0	0	1	1	0	0	0	0	0	0	2	1	2	0	2	1	1	0	0	0	1	2	0	1	1	3	1	1	2	1	1	0	1	0	2	0	6	1	0	0	0	0	1	2	3	0	0	0	1	0	0	0	0	1	0	1	2	2	1	0	1	1	1	1	0	0	3	1	0	0	1	0	0	1	0	1	6	2	1	1	0	3	1	0	2	0	0	1	1	1	1	0	1	1	0	1	0	1	0	0	0	2	1	0	1	0	0	0	0	2	3	1	0	1	0	2	0	2	0	0	1	0	1	2	1	0	0	0	1	0	2	1	3	3	0	0	0	2	0	0	0	3	3	0	0	0	0	0	0	0	2	2	0	0	0	0	2	3	1	1	2	1	0	1	2	0	0	0	0	2	1	4	1	5	1	0	3	0	1	0	1	0	2	0	5	1	1	1	1	4	0	0	0	1	0	0	1	0	2	0	1	2	2	0	1	1	3	0	1	2	0	1	1	1	3	1	1	0	2	2	1	0	1	0	1	1	0	0	0	1	2	0	1	0	1	0	1	0	2	20	0	0	2	1	0	2	2	2	0	0	1	2	0	2	0	1	0	3	0	2	0	1	0	1	2	0	0	0	2	0	2	1	1	0	1	1	2	1	3	1	0	2	0	1	0	2	2	0	1	1	0	0	3	2	2	2	1	4	1	2	1	2	0	2	3	0	1	0	1	1	2	2	1	0	3	0	2	0	1	0	1	2	2	0	2	0	2	0	0	0	3	2
G[Del(C):R5]A	1	0	0	0	0	1	2	1	1	0	0	1	1	2	2	2	0	3	0	1	0	2	1	0	4	0	1	0	0	0	0	1	0	1	0	1	2	0	2	3	0	4	4	0	0	0	1	0	2	3	1	3	1	0	0	0	0	0	2	1	1	0	1	0	0	1	0	0	3	1	1	0	0	0	0	5	0	0	2	3	2	0	3	24	1	1	2	3	2	3	3	0	1	0	1	2	3	2	1	2	0	0	2	1	4	0	2	1	0	0	0	0	3	2	5	5	1	0	0	0	1	0	0	2	2	1	3	0	2	0	1	3	0	1	1	0	2	1	0	3	0	0	0	0	0	1	0	1	0	0	0	4	2	4	1	0	3	1	3	1	1	1	3	1	2	0	1	0	2	2	0	0	1	3	0	0	2	2	4	3	0	2	1	4	0	1	3	1	2	1	0	0	2	0	1	1	3	0	3	0	0	2	1	0	0	5	0	0	0	0	0	1	1	1	1	0	0	1	3	0	4	0	0	1	0	1	1	3	1	1	0	2	0	1	1	2	2	1	0	0	2	4	1	1	0	4	0	0	0	0	2	1	1	1	0	1	0	5	1	1	0	0	0	2	0	1	0	1	0	0	1	2	1	0	0	0	0	1	0	0	1	0	0	0	1	4	39	0	0	3	0	1	3	1	2	0	0	1	0	2	0	0	2	0	4	2	0	0	0	0	0	2	0	0	0	2	2	2	1	2	0	1	4	1	2	0	1	0	1	0	2	2	3	5	0	0	0	0	0	0	1	5	3	2	5	0	3	0	2	0	3	1	0	0	1	3	1	1	0	1	2	1	3	0	1	1	0	1	4	0	0	2	0	1	1	0	1	0	1
G[Del(C):R5]G	0	0	0	0	0	0	0	0	0	0	0	0	0	0	0	0	0	0	0	0	0	0	0	0	2	0	0	0	0	0	0	1	0	0	0	0	2	0	0	1	0	0	3	0	0	0	0	0	0	0	0	0	0	0	0	0	0	0	0	1	0	0	1	0	0	0	0	0	0	0	1	0	1	0	0	0	0	0	0	0	1	0	0	10	0	2	0	0	0	0	0	0	0	0	0	2	0	0	0	1	1	0	0	0	0	0	0	2	0	1	0	0	0	0	0	0	0	0	0	1	0	0	0	1	0	0	1	0	0	0	0	0	0	0	0	0	0	0	0	0	0	0	1	1	0	0	0	0	0	0	0	0	0	1	0	0	0	0	0	0	0	0	1	0	1	0	0	0	1	0	0	0	0	0	0	0	0	0	0	0	0	0	0	0	0	0	0	0	0	0	0	0	0	0	0	0	1	0	2	0	0	0	0	0	0	1	0	0	0	0	0	1	0	0	0	0	0	0	0	0	0	0	0	0	0	1	1	0	0	0	0	0	0	0	0	0	1	0	0	0	1	0	1	0	1	0	0	0	0	0	0	1	0	0	0	0	0	0	0	0	0	0	0	0	0	0	0	0	1	1	0	0	0	0	0	0	2	1	0	0	0	0	0	0	0	0	7	0	0	0	0	0	0	0	0	0	0	1	0	0	0	0	0	0	0	0	1	0	0	1	0	0	0	0	0	0	0	0	0	0	0	0	0	0	0	0	0	0	0	1	0	0	0	2	0	0	0	0	0	0	0	0	0	0	0	0	0	0	0	0	0	0	0	1	0	0	0	0	1	0	0	0	0	0	0	0	0	1	0	0	0	0	0	0	0	0	0	1	0
G[Del(C):R5]T	2	0	0	1	0	0	1	0	0	0	1	0	1	2	1	2	0	1	0	0	1	0	2	2	1	0	1	0	0	0	0	0	0	0	1	1	1	0	2	1	1	3	1	3	0	0	0	0	1	2	0	0	0	0	0	2	0	0	0	0	0	0	1	0	0	1	0	0	1	0	1	2	1	0	0	3	2	1	0	1	1	0	3	21	0	1	0	2	0	0	1	1	1	1	0	3	1	0	0	1	0	0	0	1	1	0	2	1	0	0	1	0	0	0	3	0	1	0	0	0	3	0	0	0	1	1	1	0	1	0	1	0	1	0	3	2	0	1	1	0	0	0	0	0	1	1	0	0	1	1	0	1	2	3	0	1	0	2	0	1	0	0	0	1	1	1	0	0	1	1	0	0	0	0	0	0	0	1	1	3	0	2	0	2	0	1	0	1	1	1	0	0	0	0	0	1	2	1	1	2	0	0	0	2	0	1	2	1	0	2	1	0	0	0	1	0	0	0	2	0	0	0	1	2	0	1	0	3	0	0	0	3	1	1	2	0	2	0	0	0	0	1	1	0	0	3	0	0	2	0	1	1	0	0	4	0	2	1	0	0	1	0	0	0	1	1	0	0	0	0	0	0	0	0	0	1	1	0	0	0	0	1	1	0	0	1	48	0	0	0	0	0	1	3	0	0	0	0	0	1	0	0	0	0	1	0	0	0	0	0	2	0	1	0	0	0	0	0	0	0	1	2	1	0	0	0	1	0	0	0	0	0	2	2	0	1	1	1	0	0	0	1	1	0	2	1	0	2	1	0	1	1	1	0	0	1	1	1	3	0	1	0	0	0	0	3	0	1	4	0	0	2	1	1	1	0	0	0	2
G[Del(C):R6]A	0	0	0	1	0	1	1	1	2	0	0	0	0	2	1	1	1	1	1	0	0	2	0	0	0	0	3	0	1	0	0	3	1	0	0	0	0	0	0	0	1	5	1	1	0	0	1	0	0	0	0	0	0	3	0	0	0	0	0	0	0	1	1	0	0	1	0	0	1	2	3	2	1	0	1	1	0	0	0	1	1	1	3	26	1	0	0	3	1	2	0	0	0	0	0	1	0	1	0	0	1	0	0	1	0	0	0	0	1	1	0	0	0	0	0	0	0	0	0	0	2	0	0	3	0	1	1	0	0	0	1	0	1	0	0	0	0	1	0	0	0	1	3	0	0	2	0	0	1	0	1	0	0	0	0	0	1	1	1	1	2	0	2	0	0	0	1	0	1	1	1	1	1	0	0	1	1	0	0	2	2	0	1	0	0	0	0	1	1	1	1	0	0	0	0	2	0	1	4	0	0	0	0	0	0	0	1	0	0	1	0	1	0	0	1	0	0	0	3	1	4	0	0	0	0	0	0	0	0	0	0	1	1	1	1	0	0	0	0	0	2	0	2	0	1	0	1	0	0	0	1	1	1	2	0	0	1	0	0	1	0	2	0	1	0	1	0	0	1	1	0	0	0	0	1	0	0	1	0	0	0	0	0	0	0	0	66	0	0	0	1	0	1	0	2	0	0	0	1	1	1	0	1	1	4	1	1	0	0	0	1	1	1	0	0	0	1	1	1	0	1	1	0	1	0	0	1	0	0	0	0	3	2	3	0	0	1	0	0	0	0	0	1	1	0	1	0	0	0	0	1	1	1	0	2	1	0	0	1	0	0	2	0	0	0	1	0	0	1	2	0	0	1	0	1	1	0	2	0
G[Del(C):R6]G	0	0	0	0	0	0	0	0	0	0	0	0	0	0	0	0	0	1	0	1	1	0	0	0	0	0	0	0	0	0	0	0	1	0	0	0	0	0	0	1	0	0	1	0	1	1	0	0	0	0	0	0	0	0	0	0	0	1	0	0	0	0	0	0	0	0	0	0	0	0	1	1	0	0	0	0	0	0	0	0	0	0	0	14	0	0	0	0	0	0	0	0	0	0	0	0	0	0	0	0	0	0	0	0	0	0	0	0	0	0	0	0	0	0	0	0	0	0	0	0	0	0	0	0	0	0	0	0	0	0	0	0	1	1	0	0	0	0	0	0	0	0	0	0	0	0	0	1	0	0	0	0	0	0	1	0	0	0	0	0	0	0	0	0	0	0	0	0	1	0	0	0	1	0	0	0	0	1	0	0	0	1	1	0	0	0	1	0	0	0	0	0	0	0	1	0	0	0	0	0	0	0	0	0	0	0	0	0	0	1	0	0	0	0	0	0	0	0	0	1	0	0	0	0	0	0	0	0	0	0	0	0	0	0	0	0	0	1	0	1	0	0	0	0	0	0	0	0	0	0	0	0	0	0	0	0	0	0	0	1	0	0	0	0	1	0	0	0	0	0	0	0	0	0	0	0	0	0	0	0	1	0	0	0	0	0	16	0	0	0	0	0	0	0	0	0	0	0	0	0	0	0	0	0	0	0	1	0	0	0	0	0	0	0	0	0	0	0	0	0	0	1	0	0	0	1	0	0	0	0	0	1	1	0	0	0	1	1	0	0	0	0	0	0	0	0	1	0	0	0	2	1	0	0	1	0	0	0	0	0	0	0	0	0	0	1	0	0	2	0	0	0	1	0	0	0	0	0	1
G[Del(C):R6]T	0	0	0	1	0	1	0	0	2	0	0	0	0	1	0	0	0	1	0	0	1	0	0	0	0	0	0	0	0	0	0	0	1	0	0	0	0	0	0	0	0	0	2	0	1	0	0	0	0	1	0	0	0	0	0	0	0	0	0	0	0	0	1	0	0	0	0	0	0	0	0	0	0	0	0	0	0	0	0	0	1	0	0	22	1	1	0	0	0	0	0	1	0	0	0	0	0	0	0	0	0	0	0	1	1	0	0	2	0	1	0	0	0	0	0	0	0	0	1	0	0	1	0	1	0	0	0	0	1	0	0	0	0	0	0	0	0	0	0	1	0	0	0	0	2	0	0	0	0	0	0	0	1	0	0	0	0	0	0	0	1	0	0	0	1	0	0	0	2	0	0	0	0	0	0	2	0	3	0	1	1	1	0	1	1	0	0	0	0	0	1	0	0	0	0	0	0	0	2	0	0	0	0	0	0	2	0	0	0	0	0	0	0	0	0	0	0	0	1	0	0	0	0	0	0	0	0	0	0	0	0	0	0	1	1	0	0	0	0	1	0	0	2	0	0	0	0	0	0	1	0	0	0	0	0	0	0	0	0	0	0	0	0	0	0	0	0	0	0	0	0	1	0	0	1	1	1	0	1	0	1	0	0	0	0	0	21	0	0	0	0	0	1	0	0	0	0	0	1	0	0	0	0	0	1	0	0	0	0	0	1	0	0	0	0	0	0	0	0	0	1	0	0	0	0	0	2	0	0	0	0	3	1	0	0	1	0	0	0	0	2	0	1	0	1	0	0	0	0	1	2	0	0	0	0	0	1	0	1	0	0	0	0	0	0	0	1	0	1	0	0	1	0	0	0	0	0	0	1
G[Del(C):R7]A	0	0	0	0	0	0	0	1	0	1	0	0	0	0	1	0	0	0	0	0	0	0	0	1	1	0	0	0	1	0	0	0	0	0	0	0	0	0	0	2	0	0	2	0	0	0	0	0	0	0	0	0	0	0	0	0	0	0	0	0	0	0	0	0	0	0	0	1	0	0	0	1	0	0	0	1	0	0	0	1	0	0	0	24	0	0	0	0	1	0	0	0	0	0	0	0	0	0	0	0	1	0	0	0	1	0	0	0	0	0	0	0	0	0	0	0	0	0	0	0	0	0	0	0	0	0	1	0	0	0	0	0	0	0	0	0	0	0	0	0	0	1	0	0	0	0	0	0	0	0	0	0	0	0	0	0	1	0	0	0	0	0	0	0	0	0	0	0	1	0	0	0	0	0	0	0	1	0	0	0	0	0	0	1	0	0	0	0	0	0	0	0	0	0	0	0	1	1	0	0	0	1	0	0	0	0	1	0	1	0	0	0	0	0	0	0	0	0	1	0	0	0	0	0	0	0	0	1	0	0	0	0	0	0	0	0	1	0	0	0	0	0	0	0	1	0	0	0	1	0	0	1	0	0	1	0	0	0	0	0	0	0	0	0	0	0	0	0	0	0	0	0	0	0	0	0	0	0	0	0	1	0	0	0	0	0	40	0	0	0	1	0	0	0	0	0	0	0	0	1	0	0	0	0	0	2	0	0	0	0	0	0	0	0	0	0	0	0	0	0	0	0	0	0	0	0	1	0	0	0	0	0	0	2	0	0	0	0	1	0	1	0	0	0	0	1	0	0	0	1	1	0	0	0	0	1	0	0	0	0	0	0	0	0	0	0	0	0	0	0	0	1	0	0	0	0	0	0	0
G[Del(C):R7]G	0	0	0	0	0	0	0	0	0	0	0	0	0	0	0	0	0	0	0	0	0	0	0	0	0	0	0	0	0	0	0	0	0	0	0	0	0	0	0	0	0	0	0	0	0	0	0	0	0	0	0	0	0	0	0	0	0	0	0	0	0	0	0	0	0	0	0	0	0	0	0	0	0	0	0	0	0	0	0	0	0	0	0	9	0	0	0	0	1	0	0	0	0	0	0	0	0	0	0	0	0	0	0	0	0	0	0	0	0	0	0	0	0	0	0	0	0	0	0	0	0	0	0	0	0	0	0	0	0	0	0	0	0	0	0	0	0	0	0	0	0	0	0	0	0	0	0	1	0	0	0	0	0	0	0	0	0	0	0	0	0	0	0	0	0	0	0	0	0	0	0	0	0	0	0	0	0	0	0	0	0	0	0	0	0	0	0	0	0	0	0	0	0	0	0	0	0	0	0	0	0	0	0	0	0	0	0	0	0	1	0	0	0	0	0	0	0	0	0	0	0	0	0	0	0	0	0	0	0	0	0	1	0	0	0	0	0	0	0	0	0	0	0	0	0	0	0	0	0	0	0	0	0	0	0	0	0	0	0	0	0	0	0	0	0	0	0	0	0	1	0	0	0	0	0	0	1	0	0	0	0	0	0	0	0	1	5	0	0	0	0	0	0	0	0	0	0	0	0	1	0	0	0	0	0	0	0	0	0	0	0	0	0	0	0	0	0	0	0	0	0	0	0	0	0	0	0	0	0	0	0	0	1	0	0	0	0	0	0	0	0	0	0	0	0	0	1	0	1	0	0	0	0	0	0	0	0	0	0	0	0	0	0	0	0	0	0	0	0	0	0	0	0	0	0	0	0	0	0
G[Del(C):R7]T	0	0	0	0	1	1	0	0	0	0	0	0	0	0	0	0	0	0	0	0	0	0	0	0	0	0	0	0	0	0	0	0	0	0	0	0	0	0	0	0	0	0	0	0	0	0	0	0	0	0	0	0	0	0	0	0	0	0	1	0	0	0	0	0	0	0	0	0	0	0	0	0	0	0	0	0	0	0	0	0	0	0	0	9	0	0	0	0	0	0	0	0	0	0	2	1	0	0	0	0	0	0	1	0	0	0	0	0	0	0	0	0	0	0	0	0	0	0	0	0	0	0	1	0	0	0	0	0	0	0	0	0	0	0	0	0	0	0	0	0	0	0	0	0	0	0	0	0	0	0	0	0	0	0	0	1	0	0	0	0	0	0	0	0	0	0	0	0	0	0	0	0	0	0	0	0	0	0	0	1	0	0	0	0	0	1	0	0	0	0	0	0	0	0	0	0	0	0	0	1	0	0	0	0	0	0	0	0	0	0	0	0	0	0	0	0	0	0	0	0	0	0	0	0	0	0	0	1	0	0	0	0	0	0	0	0	0	0	0	0	0	0	0	0	0	0	0	0	0	0	0	0	0	0	0	0	1	0	0	0	0	0	0	0	0	0	0	0	0	0	0	0	0	0	0	0	0	0	0	0	0	0	0	0	0	0	11	0	0	0	0	0	0	0	0	0	0	0	1	0	0	0	0	0	0	0	0	0	0	0	0	0	0	0	0	0	0	0	0	0	0	0	0	0	0	1	0	0	0	0	0	0	0	1	0	0	0	0	0	0	0	0	0	0	0	0	0	0	0	0	0	1	0	0	0	0	0	0	0	0	0	0	0	0	1	0	0	0	0	0	0	0	0	0	0	0	0	0	0
G[Del(C):R8]A	0	0	0	0	0	0	0	0	0	0	0	0	0	0	0	0	0	0	0	0	1	0	0	1	0	0	0	0	0	0	0	0	0	0	0	0	0	0	0	0	1	0	0	0	0	0	0	0	0	0	0	0	0	0	0	0	0	0	0	0	0	0	0	0	0	1	0	0	0	0	0	0	0	0	0	0	0	0	0	0	0	0	0	5	0	0	0	0	0	1	0	0	0	0	0	0	0	0	0	0	0	0	0	0	0	0	0	1	0	0	0	0	0	0	0	0	0	0	0	0	0	0	0	0	0	0	0	0	0	0	0	0	0	0	0	0	0	0	0	0	0	0	1	1	0	0	0	0	0	0	0	0	0	0	0	0	0	0	0	0	0	0	0	0	0	0	0	0	0	0	0	0	0	0	0	0	0	0	0	0	0	0	0	0	0	0	0	0	0	0	0	0	0	0	0	0	0	0	0	0	0	0	0	0	0	0	1	0	0	0	0	0	0	0	0	0	0	0	0	0	0	0	0	0	0	0	0	0	0	0	0	0	0	0	0	0	0	0	0	0	0	0	0	0	0	0	0	0	0	0	0	1	0	0	0	0	0	0	0	0	0	0	0	0	0	0	0	0	0	0	0	0	0	0	0	0	0	0	0	0	0	0	0	0	0	0	15	0	0	0	0	0	1	0	0	0	0	0	0	0	0	0	0	0	1	0	0	0	0	0	0	0	0	0	0	0	0	0	0	0	0	1	0	0	0	0	0	0	0	0	0	1	0	0	0	0	0	0	0	0	0	0	0	0	0	0	0	0	0	0	0	0	0	0	0	0	0	1	0	0	1	0	0	0	0	0	0	0	0	0	2	0	0	0	0	0	0	0	0
G[Del(C):R8]G	0	0	0	0	0	0	0	0	0	0	0	0	0	0	0	0	0	0	0	0	0	0	0	0	0	0	0	0	0	0	0	0	0	0	0	0	0	0	0	0	0	0	0	0	0	0	0	0	0	0	0	0	0	0	0	0	0	0	0	0	0	0	0	0	0	0	0	0	0	0	0	0	0	0	0	0	0	0	0	0	0	0	0	1	0	0	0	0	0	0	0	0	0	0	0	0	0	0	0	0	0	0	0	0	0	0	0	0	0	0	0	0	0	0	0	0	0	0	0	0	0	0	0	0	0	0	0	0	0	0	0	0	0	0	0	0	0	0	0	0	0	0	0	0	0	0	0	0	0	0	0	0	0	0	0	0	0	0	0	0	0	0	0	0	0	0	0	0	0	0	0	0	0	0	0	0	0	0	0	0	0	0	0	0	0	0	0	0	1	0	0	0	0	0	0	0	0	0	0	0	0	0	0	0	0	0	0	0	0	0	0	0	0	0	0	0	0	0	0	0	0	0	0	0	0	0	0	0	0	0	0	0	0	0	0	0	0	0	0	0	0	0	0	0	0	0	0	0	0	0	0	0	0	0	0	0	0	0	0	0	0	0	0	0	0	0	0	0	0	0	0	0	0	0	0	0	0	0	0	0	0	0	0	0	0	0	1	0	0	0	0	0	0	0	0	0	0	0	0	0	0	0	0	0	0	0	0	0	0	0	0	0	0	0	0	0	0	0	0	0	0	0	0	0	0	0	0	0	0	0	0	0	0	0	0	0	0	0	0	0	0	0	0	0	0	0	0	0	0	0	0	0	0	0	0	0	0	0	0	0	0	0	0	0	0	0	0	0	0	0	0	0	0	0	0	0	0	0	0
G[Del(C):R8]T	0	0	0	0	0	0	0	0	0	0	0	0	0	0	0	0	0	0	0	0	0	0	1	0	0	0	0	0	0	0	0	0	0	0	0	0	0	0	0	0	0	0	0	0	0	0	0	0	0	0	0	0	0	0	0	0	0	0	0	0	0	0	0	0	0	0	0	0	0	0	0	0	0	0	0	0	0	0	0	0	0	0	0	6	0	0	0	0	0	0	0	0	0	0	0	0	0	0	0	0	0	0	0	1	0	0	0	0	0	0	0	0	0	0	0	0	0	0	0	0	0	0	0	0	0	0	0	0	0	0	0	0	0	0	0	0	0	0	0	0	0	0	0	0	0	0	0	0	0	0	0	0	0	0	0	0	0	0	0	0	0	0	0	0	0	0	0	0	0	0	0	0	0	0	0	0	0	0	0	0	0	0	0	0	0	0	0	0	0	0	0	0	0	0	0	0	0	0	0	0	0	0	0	0	0	0	0	0	0	0	0	0	0	0	0	0	0	0	0	0	0	0	0	0	0	0	0	0	0	0	0	0	0	0	0	0	0	0	0	0	0	0	0	0	0	0	0	0	0	0	0	1	0	0	0	0	0	0	0	0	0	0	0	0	0	0	0	0	0	0	0	1	0	0	0	0	0	1	0	0	0	0	0	0	0	0	4	0	0	0	0	0	0	1	0	0	0	0	0	0	0	0	0	0	0	0	0	0	0	0	0	0	0	0	0	0	0	0	0	0	0	0	0	0	0	0	0	0	0	0	0	0	0	0	0	0	0	0	0	0	0	0	0	0	0	0	0	0	0	1	0	0	0	0	0	0	0	0	0	0	0	1	0	0	0	0	0	0	0	0	0	0	0	0	0	0	0	0	0
G[Del(C):R(9,)]A	0	0	0	0	0	0	0	0	0	0	0	0	0	0	0	0	0	0	0	0	0	0	0	0	0	0	0	0	0	0	0	0	0	0	0	0	0	0	0	0	0	0	0	0	0	0	0	0	0	0	0	0	0	0	0	0	0	0	0	0	0	0	0	0	0	0	0	0	0	0	0	0	0	0	0	0	0	0	0	0	0	0	0	0	0	0	0	0	0	0	0	0	0	0	0	0	0	0	0	0	0	0	0	0	0	0	0	0	0	0	0	0	0	0	0	0	0	0	0	0	0	0	0	0	0	0	0	0	0	0	0	0	0	0	0	0	0	0	0	0	0	0	0	0	0	0	0	0	0	0	0	0	0	0	0	0	0	0	0	0	0	0	0	0	0	0	0	0	0	0	0	0	0	0	0	0	0	0	0	0	0	0	0	0	0	0	0	0	0	0	0	0	0	0	0	0	0	0	0	0	0	0	0	0	0	0	0	0	0	0	0	0	0	0	0	0	0	0	0	0	0	0	0	0	0	0	0	0	0	0	0	0	0	0	0	0	0	0	0	0	0	0	0	0	0	0	0	0	0	0	0	0	0	0	0	0	0	0	0	0	0	0	0	0	0	0	0	0	0	0	0	0	0	0	0	0	0	0	0	0	0	0	0	0	0	0	0	0	0	0	0	0	0	0	0	0	0	0	0	0	0	0	0	0	0	0	0	0	0	0	0	0	0	0	0	0	0	0	0	0	0	0	0	0	0	0	0	0	0	0	0	0	0	0	0	0	0	0	0	0	0	0	0	0	0	0	0	0	0	0	0	0	0	0	0	0	0	0	0	0	0	0	0	0	0	0	0	0	0	0	0	0	0	0	0	0	0	0	0
G[Del(C):R(9,)]G	0	0	0	0	0	0	0	0	0	0	0	0	0	0	0	0	0	0	0	0	0	0	0	0	0	0	0	0	0	0	0	0	0	0	0	0	0	0	0	0	0	0	0	0	0	0	0	0	0	0	0	0	0	0	0	0	0	0	0	0	0	0	0	0	0	0	0	0	0	0	0	0	0	0	0	0	0	0	0	0	0	0	0	0	0	0	0	0	0	0	0	0	0	0	0	0	0	0	0	0	0	0	0	0	0	0	0	0	0	0	0	0	0	0	0	0	0	0	0	0	0	0	0	0	0	0	0	0	0	0	0	0	0	0	0	0	0	0	0	0	0	0	0	0	0	0	0	0	0	0	0	0	0	0	0	0	0	0	0	0	0	0	0	0	0	0	0	0	0	0	0	0	0	0	0	0	0	0	0	0	0	0	0	0	0	0	0	0	0	0	0	0	0	0	0	0	0	0	0	0	0	0	0	0	0	0	0	0	0	0	0	0	0	0	0	0	0	0	0	0	0	0	0	0	0	0	0	0	0	0	0	0	0	0	0	0	0	0	0	0	0	0	0	0	0	0	0	0	0	0	0	0	0	0	0	0	0	0	0	0	0	0	0	0	0	0	0	0	0	0	0	0	0	0	0	0	0	0	0	0	0	0	0	0	0	0	0	0	0	0	0	0	0	0	0	0	0	0	0	0	0	0	0	0	0	0	0	0	0	0	0	0	0	0	0	0	0	0	0	0	0	0	0	0	0	0	0	0	0	0	0	0	0	0	0	0	0	0	0	0	0	0	0	0	0	0	0	0	0	0	0	0	0	0	0	0	0	0	0	0	0	0	0	0	0	0	0	0	0	0	0	0	0	0	0	0	0	0	0
G[Del(C):R(9,)]T	0	0	0	0	0	0	0	0	0	0	0	0	0	0	0	0	0	0	0	0	0	0	0	0	0	0	0	0	0	0	0	0	0	0	0	0	0	0	0	0	0	0	0	0	0	0	0	0	0	0	0	0	0	0	0	0	0	0	0	0	0	0	0	0	0	0	0	0	0	0	0	0	0	0	0	0	0	0	0	0	0	0	0	0	0	0	0	0	0	0	0	0	0	0	0	0	0	0	0	0	0	0	0	0	0	0	0	0	0	0	0	0	0	0	0	0	0	0	0	0	0	0	0	0	0	0	0	0	0	0	0	0	0	0	0	0	0	0	0	0	0	0	0	0	0	0	0	0	0	0	0	0	0	0	0	0	0	0	0	0	0	0	0	0	0	0	0	0	0	0	0	0	0	0	0	0	0	0	0	0	0	0	0	0	0	0	0	0	0	0	0	0	0	0	0	0	0	0	0	0	0	0	0	0	0	0	0	0	0	0	0	0	0	0	0	0	0	0	0	0	0	0	0	0	0	0	0	0	0	0	0	0	0	0	0	0	0	0	0	0	0	0	0	0	0	0	0	0	0	0	0	0	0	0	0	0	0	0	0	0	0	0	0	0	0	0	0	0	0	0	0	0	0	0	0	0	0	0	0	0	0	0	0	0	0	0	0	0	0	0	0	0	0	0	0	0	0	0	0	0	0	0	0	0	0	0	0	0	0	0	0	0	0	0	0	0	0	0	0	0	0	0	0	0	0	0	0	0	0	0	0	0	0	0	0	0	0	0	0	0	0	0	0	0	0	0	0	0	0	0	0	0	0	0	0	0	0	0	0	0	0	0	0	0	0	0	0	0	0	0	0	0	0	0	0	0	0	0	0
T[Del(C):R1]A	2	3	12	10	5	6	8	7	5	2	5	2	7	7	10	3	4	11	3	2	6	13	6	9	13	5	10	8	2	3	1	10	4	9	6	6	12	0	6	15	7	13	27	4	6	2	9	0	4	14	1	5	1	9	1	5	2	9	11	5	1	6	1	4	0	6	4	7	10	5	5	9	6	0	7	14	9	5	1	5	6	6	4	6	5	6	2	6	5	10	19	5	4	9	7	10	0	13	8	9	12	2	11	6	10	5	6	11	10	2	6	2	4	11	26	8	8	0	3	0	6	11	3	9	22	9	15	0	5	4	10	9	13	3	13	11	5	8	8	7	1	4	12	9	10	2	7	6	5	3	9	25	25	13	1	3	21	2	11	6	6	5	18	8	9	13	12	1	9	12	4	10	4	18	2	12	2	20	9	15	16	13	4	17	5	14	6	6	16	16	2	0	2	2	5	9	11	15	10	4	2	4	4	8	3	9	24	11	5	13	5	11	1	11	6	3	7	7	18	12	17	3	11	9	2	8	10	14	9	5	3	34	6	5	21	5	6	7	7	7	8	6	7	2	3	7	4	7	12	6	4	12	8	8	9	4	11	6	14	13	9	14	4	5	4	6	6	6	7	9	8	7	5	3	2	1	8	14	2	5	10	7	0	10	9	14	23	6	3	7	6	10	18	9	15	2	4	4	11	9	8	2	3	1	9	13	6	6	2	2	20	13	3	2	11	10	5	9	7	5	7	3	10	10	7	3	6	1	8	2	5	4	15	14	4	9	4	5	6	11	2	6	5	7	6	3	3	8	8	5	10	3	4	5	1	5	3	4	9	0	6	6	9	3	5	6	2	2	8	10	2	6	7	13	2	7	1	13	2
T[Del(C):R1]G	0	0	1	2	0	0	2	1	2	1	1	0	1	4	2	0	0	1	1	0	1	0	0	1	2	0	3	0	1	1	0	0	1	1	0	1	0	0	1	0	0	1	1	1	2	0	1	0	0	3	1	0	0	1	0	0	2	2	0	0	0	0	0	1	0	0	0	1	1	1	1	0	2	0	2	3	1	0	0	1	1	1	0	0	1	1	0	1	1	1	1	0	1	3	0	1	1	0	0	1	2	0	1	0	3	0	0	1	1	0	2	0	2	2	1	3	0	1	1	0	0	2	1	3	1	0	7	0	2	0	2	2	0	0	3	1	0	1	1	0	1	1	1	2	0	0	0	1	0	0	0	2	2	1	0	0	1	0	3	4	1	1	2	1	3	1	2	0	1	2	0	3	2	1	0	0	2	4	3	0	2	2	1	3	0	1	0	1	0	1	0	1	1	0	0	1	1	2	1	0	0	0	1	1	1	0	3	1	1	2	1	0	0	0	0	1	0	3	1	3	2	0	0	1	1	1	0	1	2	0	0	5	2	2	0	2	3	1	3	1	3	0	2	0	1	0	2	1	1	0	0	0	0	0	0	2	1	0	1	2	2	0	0	2	0	1	0	0	0	0	1	1	2	2	2	0	1	2	0	2	2	0	0	1	1	2	3	1	1	2	0	1	1	2	2	0	1	0	0	1	3	1	1	2	1	0	0	0	0	0	4	1	1	1	0	0	1	3	3	1	0	3	2	2	0	0	1	0	1	0	1	0	2	2	1	1	0	2	0	1	0	0	5	0	1	0	0	2	1	1	3	1	1	1	0	2	2	0	1	0	0	0	0	2	1	1	0	0	3	1	0	0	1	4	0	0	0	2	0
T[Del(C):R1]T	2	5	2	18	8	5	13	8	14	3	8	8	9	13	8	7	4	11	5	0	3	9	3	13	12	1	3	5	4	3	1	10	3	7	4	10	11	2	8	16	6	19	24	7	8	3	5	4	2	9	9	3	1	6	6	9	2	6	12	6	4	8	9	4	4	10	3	8	16	9	6	8	7	2	6	10	7	1	2	8	6	6	3	10	4	5	1	9	4	6	8	6	4	7	6	10	6	4	4	6	9	0	12	5	13	2	4	9	5	3	6	2	5	5	23	9	5	2	10	0	8	6	4	6	11	4	14	4	6	0	12	11	4	3	9	5	2	3	5	3	3	2	9	7	10	4	7	3	3	2	6	15	14	11	3	3	11	5	10	2	13	2	18	4	12	10	7	1	13	4	3	8	4	9	5	6	7	19	7	13	9	16	4	11	4	7	4	5	5	4	10	2	4	2	6	7	10	4	9	2	1	2	6	9	4	8	7	5	8	10	3	9	3	10	4	2	6	7	13	4	11	2	9	6	2	9	6	11	8	3	2	21	5	5	10	3	5	7	8	7	7	3	6	3	4	10	0	12	21	5	6	6	10	10	11	3	9	5	7	9	8	5	8	13	3	3	7	3	6	4	4	19	2	0	2	2	8	7	2	4	10	2	0	2	11	10	11	8	4	7	7	11	6	29	9	4	3	4	11	10	13	1	4	1	11	8	8	5	3	2	4	6	3	1	2	5	6	7	6	1	6	11	17	4	2	4	6	2	4	4	8	8	12	13	4	9	3	7	6	16	12	13	10	6	13	6	10	5	15	9	10	5	2	4	5	11	6	6	7	1	8	6	4	7	7	14	7	3	11	4	1	6	10	25	1	3	4	13	6
T[Del(C):R2]A	8	10	9	6	6	10	7	12	6	5	4	3	11	16	7	7	1	6	20	2	12	18	10	10	17	3	14	7	3	8	1	14	4	10	1	10	17	0	11	19	11	12	40	8	6	2	9	1	4	19	9	4	3	6	3	10	4	11	15	8	1	13	3	3	2	13	6	19	12	18	14	14	12	1	4	19	8	1	5	8	7	7	6	8	6	10	5	15	13	23	15	8	4	11	13	24	5	9	1	9	23	2	17	6	21	4	5	19	19	5	7	5	6	5	23	5	8	3	4	0	11	10	8	28	19	13	19	1	11	6	17	6	9	6	12	6	9	5	11	3	3	2	23	12	8	2	7	8	12	1	4	23	21	24	4	5	20	8	21	8	12	13	29	12	21	12	7	2	6	15	5	14	11	9	7	17	7	21	19	30	16	21	10	20	7	7	9	7	17	21	4	2	3	1	1	9	12	22	10	4	1	2	3	7	3	11	19	7	4	30	5	15	5	5	15	2	7	10	30	22	17	4	10	10	3	9	11	14	13	11	1	24	8	6	21	2	19	9	10	2	12	7	18	1	1	23	8	6	17	12	7	11	8	17	9	14	10	9	16	33	10	12	6	11	3	15	9	7	5	5	9	12	4	4	11	2	12	12	7	2	7	4	1	11	6	23	17	9	5	14	5	8	17	7	27	2	9	4	10	18	8	2	4	1	12	9	12	5	3	1	15	17	9	2	9	10	4	9	7	14	10	16	9	15	4	4	10	2	6	3	6	9	26	23	1	11	6	9	3	5	4	15	19	8	7	1	4	9	11	9	12	3	1	5	5	8	5	3	6	2	3	9	9	2	4	14	1	2	12	17	0	12	9	20	2	9	3	9	11
T[Del(C):R2]G	0	0	2	1	0	1	2	1	0	0	1	0	4	3	0	0	0	0	2	0	1	4	0	4	0	0	2	0	0	1	0	0	1	1	0	0	5	0	0	2	2	4	6	1	1	0	1	0	0	3	1	0	0	1	1	0	0	1	0	1	0	2	0	1	0	0	0	0	1	3	1	4	1	0	1	3	1	0	1	1	2	1	2	1	1	0	0	1	0	1	2	3	1	1	3	6	1	1	0	2	1	0	4	0	2	1	0	5	1	0	3	0	2	2	1	0	0	0	0	0	1	3	0	2	2	1	1	0	2	1	3	0	0	0	3	0	1	0	1	2	0	1	1	2	0	0	3	1	0	0	0	0	3	2	1	0	1	1	3	0	1	0	0	0	4	0	2	1	1	0	3	3	0	2	0	0	1	2	2	3	2	0	1	2	0	2	2	2	2	0	0	1	1	0	0	0	2	5	0	0	0	0	0	0	0	0	2	1	1	5	0	0	0	0	2	0	0	1	2	5	4	0	3	2	1	0	1	3	0	0	0	4	0	0	0	0	1	2	0	1	1	3	0	0	1	2	0	0	6	1	2	0	0	3	1	0	1	0	1	2	0	6	1	0	0	0	0	0	1	1	1	1	2	1	0	0	1	1	0	1	1	0	0	1	1	6	1	1	0	2	1	0	2	3	3	0	1	2	0	1	1	0	1	1	1	1	1	1	0	0	1	1	1	0	0	0	0	2	1	0	1	1	2	2	1	0	3	0	1	0	1	0	6	2	0	1	0	0	0	2	0	1	1	1	2	0	3	1	0	1	2	2	1	2	0	0	0	0	1	0	0	1	0	1	0	0	1	0	5	2	0	1	2	2	0	1	1	0	1
T[Del(C):R2]T	5	3	8	13	2	4	5	9	1	8	6	3	8	9	8	4	1	3	5	1	8	14	5	8	13	1	6	6	3	6	5	8	6	8	3	5	14	0	10	7	10	14	18	5	4	1	3	2	6	11	5	1	1	7	3	4	7	4	9	6	1	6	4	0	3	9	2	11	8	5	8	14	9	1	3	16	13	3	5	2	6	8	4	5	6	6	5	8	8	7	3	8	6	9	5	11	5	3	4	6	4	0	7	5	13	2	7	12	6	2	7	1	12	5	20	5	3	2	1	0	6	10	1	14	14	2	13	3	8	1	3	8	12	7	11	5	4	3	8	4	4	0	8	3	6	4	3	2	3	1	2	12	13	15	4	1	18	10	14	6	9	8	11	5	12	7	6	3	3	2	3	8	10	9	4	9	6	16	9	36	11	9	6	13	3	8	6	4	11	6	5	3	1	5	2	4	7	14	4	2	1	2	4	10	3	6	9	8	2	7	1	4	1	2	3	4	5	5	11	8	11	2	3	11	2	11	4	13	10	11	2	18	4	3	19	3	3	10	6	9	7	7	16	2	1	11	5	7	7	5	4	7	5	7	11	9	3	9	7	14	9	7	5	7	4	8	6	3	3	4	7	11	6	1	3	1	6	9	9	3	7	2	0	6	6	8	14	8	4	5	5	5	6	7	8	2	6	3	8	18	2	5	7	1	7	5	6	3	4	0	7	4	5	1	8	10	2	12	3	10	2	5	17	8	1	4	6	0	7	2	3	8	20	11	1	4	4	5	3	16	9	6	12	4	6	5	5	13	12	7	6	5	0	2	3	4	10	7	8	4	9	8	5	4	9	10	7	2	13	14	1	11	11	18	2	5	4	9	3
T[Del(C):R3]A	2	4	3	2	3	10	8	10	4	2	7	1	6	16	4	4	0	4	3	2	10	10	6	8	16	2	13	5	1	4	3	9	6	13	3	3	9	0	8	17	11	15	21	6	3	2	8	0	3	15	3	2	3	7	1	7	0	7	18	4	2	13	3	4	1	4	3	7	9	8	9	12	10	0	6	10	4	3	4	7	7	8	10	8	4	6	2	8	14	9	9	9	7	11	4	8	4	9	4	4	11	1	16	4	12	5	3	5	6	1	9	0	1	3	12	2	2	1	4	0	10	4	5	23	11	4	13	0	12	2	12	5	2	3	17	3	4	3	7	8	3	1	14	13	7	0	6	6	4	1	2	15	16	16	2	3	6	10	9	8	7	7	17	6	13	12	9	2	9	5	3	8	6	3	5	6	8	10	10	17	12	17	2	10	4	9	9	5	16	14	4	2	5	5	1	10	7	17	11	5	1	5	3	5	2	17	11	11	2	11	1	9	1	3	9	2	4	4	13	13	13	3	5	11	2	8	3	8	4	2	0	19	3	7	9	3	8	7	5	6	8	10	13	0	0	14	2	8	12	6	4	16	6	11	8	10	8	10	4	16	6	11	1	6	1	5	8	6	2	4	3	13	5	2	3	1	6	7	6	5	5	2	0	6	3	11	13	11	3	3	4	6	16	14	15	2	3	5	7	9	5	2	4	2	15	9	15	2	2	3	8	14	7	0	4	4	3	10	3	3	3	6	6	7	5	2	13	0	0	1	4	11	13	22	1	5	7	6	2	13	9	8	7	7	14	1	1	10	10	2	12	6	1	4	4	10	5	1	5	1	3	7	6	2	2	13	1	2	18	19	0	8	4	14	2	7	9	5	6
T[Del(C):R3]G	0	2	1	2	0	2	2	1	0	2	0	0	2	2	0	1	0	0	0	0	0	3	2	1	1	0	0	0	0	0	0	2	1	1	0	1	2	0	1	1	1	2	2	0	2	1	0	2	1	0	0	0	1	0	0	0	1	2	1	0	0	2	0	0	0	1	0	1	0	0	2	1	0	0	0	2	2	0	1	1	0	0	1	2	0	2	0	1	0	2	0	2	0	0	0	1	0	0	2	1	2	0	1	2	1	0	0	2	2	0	0	0	0	0	1	0	0	0	0	0	2	1	0	3	1	1	5	0	0	0	1	0	1	0	2	1	1	1	1	0	0	1	3	1	0	0	0	2	1	0	0	1	1	0	1	1	0	2	0	1	0	0	2	1	1	1	0	0	1	2	1	1	1	0	3	1	0	2	2	2	2	1	3	4	0	3	4	1	2	0	1	0	1	0	0	0	0	2	0	1	0	1	0	1	0	0	3	0	0	2	0	2	0	2	1	0	0	0	1	3	1	0	0	2	1	1	0	0	2	0	0	2	0	0	2	0	1	0	0	0	2	0	0	0	1	0	1	1	0	1	0	1	1	4	1	0	0	1	0	1	0	1	1	0	0	1	1	0	2	0	1	1	1	0	0	0	1	0	1	0	0	0	0	2	0	1	3	2	0	1	2	1	1	1	1	0	0	0	0	2	0	0	2	0	0	0	0	0	0	0	2	2	1	0	0	0	0	1	0	1	1	1	2	1	0	0	3	0	0	0	1	1	3	1	0	1	0	0	0	0	2	2	0	3	2	0	0	2	2	2	0	1	1	0	0	2	0	0	1	0	2	2	0	0	0	1	0	0	3	4	0	1	0	3	0	0	1	2	1
T[Del(C):R3]T	1	3	3	6	2	3	4	6	5	3	2	2	3	1	4	1	2	2	4	0	4	6	4	8	5	1	5	1	2	4	3	4	4	3	1	2	8	1	1	4	2	9	16	0	1	0	5	0	3	4	1	1	2	1	0	4	1	0	6	2	1	5	5	2	1	4	3	6	5	2	3	4	5	0	2	5	5	2	0	4	1	4	4	6	4	1	1	4	1	9	2	4	2	4	4	11	3	8	5	2	8	0	4	3	5	4	3	4	5	2	2	3	2	3	8	6	0	0	1	1	8	4	4	8	6	1	7	1	3	1	4	7	3	0	6	3	5	3	3	2	0	2	8	7	1	1	3	2	1	1	1	6	6	4	1	1	5	0	12	2	1	1	9	2	12	6	0	1	6	5	2	0	2	2	2	1	1	1	6	9	10	5	0	3	0	2	3	4	8	3	0	3	2	3	2	3	6	12	1	1	0	0	0	4	4	3	6	2	1	7	0	3	0	0	1	0	2	2	6	4	4	0	7	5	1	4	1	4	3	5	1	12	2	4	10	2	7	3	2	2	4	4	4	1	1	5	1	3	8	1	4	3	3	4	7	1	5	6	3	2	1	2	6	2	1	3	2	6	3	1	4	4	1	0	2	0	1	3	1	3	4	3	1	1	0	6	15	2	1	4	5	4	5	2	9	2	0	2	4	3	3	2	2	5	3	3	4	1	0	2	9	10	2	0	4	3	1	0	1	4	2	4	3	3	3	1	5	0	7	2	2	3	12	11	1	2	5	2	4	3	4	2	3	3	6	1	4	8	7	5	4	3	3	0	6	3	1	3	5	1	3	3	3	2	1	11	1	0	9	8	0	3	1	6	0	0	0	3	0
T[Del(C):R4]A	4	1	3	4	0	2	1	8	2	3	3	0	2	2	6	5	2	4	0	1	4	9	6	5	4	0	3	0	0	4	0	5	4	1	0	4	5	0	6	8	2	5	9	5	3	0	1	1	3	5	2	1	1	1	0	2	0	2	7	2	0	4	2	1	0	2	2	5	3	2	3	7	1	0	0	2	6	1	0	3	5	3	4	15	4	2	1	6	2	4	3	6	1	2	4	1	2	6	3	2	4	0	5	2	6	2	3	6	3	2	4	2	5	5	7	0	2	0	5	0	12	4	0	5	5	2	8	2	0	0	5	2	3	1	5	1	2	2	7	5	1	1	7	2	4	1	5	0	4	0	3	5	6	5	0	1	7	3	11	1	1	5	7	0	9	2	4	0	7	5	1	6	5	6	2	4	2	3	6	9	4	2	2	5	0	3	8	3	4	3	1	3	2	1	2	3	6	11	8	1	0	1	2	3	3	1	6	3	2	5	2	7	2	5	3	0	1	5	6	4	4	0	2	4	0	2	4	6	4	0	0	9	3	2	11	1	5	7	3	2	2	5	4	0	0	4	2	4	5	2	3	8	1	4	5	2	1	3	1	9	0	2	2	4	3	7	2	4	1	1	2	6	1	2	0	0	2	1	1	0	4	1	0	2	3	6	43	2	0	0	1	3	7	3	4	0	2	2	1	2	1	0	2	0	4	1	4	2	0	1	4	7	1	0	1	3	2	6	2	2	2	7	4	11	1	2	2	0	4	1	0	5	8	5	0	1	2	1	2	3	3	5	5	2	5	1	4	2	2	2	3	4	1	1	0	7	3	3	2	0	2	5	3	1	0	5	0	0	7	3	0	6	7	8	1	1	0	6	3
T[Del(C):R4]G	0	1	1	2	0	2	1	1	0	0	0	0	1	0	0	0	0	0	1	0	0	1	1	0	3	1	0	0	0	1	0	0	0	0	0	0	1	0	0	0	0	1	3	0	2	0	0	0	0	0	0	0	0	1	0	2	0	0	2	0	0	0	0	2	0	0	0	0	1	0	0	0	1	0	0	2	1	0	0	0	2	0	0	2	1	1	0	1	0	0	0	1	0	0	0	0	0	1	1	0	1	0	0	2	1	0	2	2	0	0	2	0	1	0	0	0	0	0	0	0	1	0	0	2	0	0	1	1	0	0	1	0	0	1	0	1	0	0	0	1	0	1	1	0	0	0	1	0	1	0	0	1	2	0	0	0	1	1	0	0	0	0	0	0	1	0	2	0	1	0	0	1	0	0	0	0	1	0	2	1	2	0	0	2	0	0	1	1	1	0	0	0	0	0	0	0	0	2	0	0	0	0	0	0	0	1	0	0	0	0	0	2	0	0	1	0	0	1	2	0	1	0	0	1	0	0	0	0	1	0	0	1	1	0	1	0	2	1	0	0	0	0	0	0	0	0	0	0	1	0	0	1	0	0	0	0	0	0	0	0	0	2	0	0	0	0	0	0	0	1	1	0	0	0	0	0	0	0	0	0	0	0	0	0	0	0	2	0	1	1	0	0	0	0	1	0	0	1	0	1	0	0	0	1	1	0	0	0	0	0	0	0	0	0	0	0	0	0	0	1	0	0	0	0	0	0	1	0	0	0	0	0	0	3	0	0	0	2	0	0	0	0	0	1	0	0	2	1	3	0	0	0	0	0	0	2	0	0	0	0	0	0	1	0	0	1	0	0	3	1	0	0	0	0	0	0	0	0	1
T[Del(C):R4]T	1	0	3	2	0	1	1	2	1	3	0	2	3	1	2	1	0	3	2	0	3	3	4	4	5	0	4	1	1	3	1	2	1	3	0	0	3	0	2	5	4	5	8	1	1	0	4	0	0	7	0	2	0	2	0	1	4	5	6	2	0	4	0	0	0	1	0	1	4	1	2	1	5	0	0	1	1	2	0	0	1	2	0	6	5	3	1	2	2	0	4	3	3	3	2	2	0	6	1	2	2	0	3	0	4	0	3	1	3	1	1	1	2	2	4	2	1	0	0	0	0	1	0	3	2	2	7	0	5	2	4	2	2	2	2	0	2	0	2	1	1	0	4	1	4	2	1	1	1	2	2	2	4	4	1	0	1	1	4	2	1	4	3	0	4	2	0	1	5	1	1	3	1	0	1	4	3	3	2	4	3	6	0	2	0	0	1	0	1	1	1	3	2	0	1	2	1	4	6	0	1	0	0	1	0	3	5	2	0	3	0	1	0	1	2	0	4	1	6	2	2	1	5	2	0	2	0	6	0	2	0	6	3	0	8	2	1	4	1	1	2	3	3	0	0	2	2	2	4	2	1	2	2	1	2	3	1	0	2	5	2	3	3	2	1	0	2	0	2	2	1	0	0	0	2	0	2	0	1	1	0	1	0	0	6	3	13	0	2	1	1	0	4	1	3	0	2	0	0	2	2	2	1	0	1	1	0	0	2	0	3	3	0	0	3	1	1	5	0	3	0	2	6	1	0	0	4	1	3	0	1	3	7	9	1	3	2	6	2	4	2	1	3	2	4	2	0	2	0	2	1	1	0	2	1	3	4	0	1	0	1	2	2	1	2	2	1	1	7	1	0	4	1	5	1	3	0	5	1
T[Del(C):R5]A	2	0	0	2	0	1	1	5	0	0	2	0	1	5	1	2	0	2	1	0	6	2	4	5	2	0	4	0	0	1	0	2	1	1	1	1	4	1	0	4	4	3	3	2	2	0	2	0	0	0	1	0	0	2	0	1	0	0	5	0	1	1	1	0	0	3	0	1	4	3	1	6	3	0	1	8	0	0	0	3	0	1	0	18	2	2	0	3	1	1	3	0	0	1	0	1	3	3	1	2	3	1	1	3	5	2	1	0	1	0	3	0	2	5	3	0	0	0	0	0	5	1	1	2	5	0	3	0	0	0	0	0	0	1	4	0	0	1	1	2	0	1	3	1	1	0	0	2	0	2	2	3	1	2	0	1	2	2	5	0	1	1	2	1	4	3	4	0	0	2	0	1	1	1	0	4	1	3	2	7	2	3	0	2	0	3	1	1	2	4	0	1	0	1	1	0	0	4	4	0	0	0	2	2	0	2	6	3	3	4	0	4	0	1	2	0	2	2	4	2	1	1	2	2	3	4	0	3	4	0	0	7	0	2	5	0	0	4	2	3	4	2	4	0	0	4	2	2	6	0	1	2	3	1	3	2	1	1	4	3	0	3	0	1	0	3	0	0	2	1	0	1	0	0	2	1	1	4	1	0	5	0	0	2	2	3	88	1	0	1	1	0	8	0	5	2	1	0	1	4	4	1	1	0	2	2	2	1	1	1	3	2	2	0	0	2	1	3	0	0	1	2	3	1	1	2	2	0	0	0	0	2	2	4	0	1	1	1	0	4	1	1	2	2	1	1	0	3	1	2	1	1	0	1	2	1	1	1	1	0	0	1	4	1	1	7	0	0	6	7	1	1	2	3	2	0	3	0	2
T[Del(C):R5]G	0	0	0	0	0	1	0	0	0	0	0	1	1	1	0	0	0	0	0	0	1	0	0	1	0	0	1	0	0	0	0	0	0	0	0	1	1	0	0	1	0	0	1	0	0	0	0	0	0	0	0	0	0	0	0	0	0	0	1	0	0	0	0	0	0	0	0	0	0	2	0	0	0	0	0	1	0	0	0	0	0	0	0	4	2	0	0	1	1	0	0	1	0	0	0	0	0	0	0	0	0	0	0	0	0	1	0	0	1	0	0	0	0	0	2	0	0	0	0	0	0	0	0	1	1	0	2	0	1	0	2	0	0	0	0	0	0	0	0	0	0	0	1	0	0	0	0	0	0	0	0	1	0	0	1	0	0	0	0	0	0	0	0	0	0	0	0	0	0	0	0	0	1	0	0	1	0	0	0	1	1	1	1	0	0	0	0	0	2	0	0	1	0	0	0	0	0	0	0	0	0	0	0	0	0	0	0	0	0	0	0	0	0	0	0	0	0	0	0	0	0	1	0	0	0	0	0	1	0	0	0	1	0	0	1	0	1	0	0	0	0	0	0	0	0	0	0	0	0	0	0	0	0	0	1	0	0	0	0	1	0	0	0	0	0	0	0	0	0	0	1	0	0	0	0	0	0	1	0	0	0	1	0	0	0	1	9	0	0	0	0	0	0	0	0	1	0	0	0	0	0	1	0	0	0	0	0	0	0	0	1	0	0	0	0	0	0	0	0	0	0	1	0	1	0	0	0	0	0	0	0	0	0	0	0	0	1	0	0	0	0	0	0	0	0	1	0	0	1	0	0	1	1	0	0	0	0	1	0	0	0	1	0	0	1	1	0	0	1	0	0	0	0	0	0	1	0	0	0
T[Del(C):R5]T	0	0	1	1	0	0	2	0	0	1	0	0	1	2	2	0	1	1	0	0	2	2	1	2	3	0	0	1	0	0	0	1	0	0	1	0	3	0	2	4	2	2	5	0	0	1	1	0	1	1	0	0	0	0	1	1	0	1	1	0	0	1	2	0	0	1	0	1	0	6	1	3	2	0	0	4	0	2	0	3	2	0	1	26	1	1	0	1	3	2	1	0	0	2	0	3	0	1	0	2	3	0	3	1	1	0	0	0	0	0	0	0	1	2	3	0	0	0	0	0	4	0	0	2	1	0	4	0	0	1	1	1	1	0	0	1	2	1	2	3	0	0	2	1	1	2	0	1	0	0	0	4	1	3	1	0	2	1	5	3	2	1	3	1	2	1	0	1	3	0	0	0	0	1	2	2	5	2	1	6	2	4	0	4	0	4	2	3	4	1	0	1	1	0	0	1	1	0	1	0	0	0	1	1	0	0	3	2	0	0	0	1	0	3	0	0	0	0	1	2	2	0	3	1	0	1	1	4	5	1	0	1	1	0	2	0	1	1	1	0	1	1	0	0	0	1	0	0	5	1	2	1	3	2	2	3	1	1	0	3	1	4	0	1	1	0	0	1	1	0	1	0	0	1	0	2	0	0	1	0	0	0	0	0	0	2	83	1	1	0	2	0	2	0	1	2	0	0	0	3	0	0	2	0	1	1	1	0	0	0	3	3	0	0	0	0	1	3	0	0	0	2	4	2	0	2	2	0	1	1	2	3	2	3	0	2	0	2	1	1	0	1	2	0	0	1	0	3	2	0	4	1	0	1	0	2	1	0	1	0	0	3	1	1	0	0	2	0	2	6	0	1	3	1	0	1	0	1	1
T[Del(C):R6]A	0	0	0	0	0	0	0	0	0	0	0	1	2	2	2	0	0	1	0	0	0	0	1	1	2	0	2	0	0	0	0	0	0	0	1	3	1	0	0	1	2	0	2	0	0	0	2	0	1	2	0	0	1	0	0	1	0	0	4	1	0	1	0	0	0	1	1	1	0	3	0	1	0	0	0	0	3	1	0	1	0	0	0	45	1	2	1	1	2	2	0	2	0	0	0	3	0	1	0	1	2	0	1	0	1	0	1	1	0	0	0	1	0	0	1	0	0	0	1	0	2	2	0	2	2	0	1	1	2	0	2	1	1	0	0	1	0	0	1	1	0	0	2	2	0	0	2	1	0	0	0	2	2	1	1	2	0	1	0	1	0	1	0	1	2	0	1	0	0	2	0	2	1	1	2	0	0	3	1	1	1	0	2	2	0	0	2	0	1	1	0	1	1	0	1	0	0	2	1	1	0	0	0	2	0	0	2	0	0	3	1	0	0	1	2	0	0	2	0	0	0	0	2	2	1	0	1	0	1	0	0	0	0	0	0	0	0	0	1	0	1	0	1	0	0	1	0	0	3	1	0	1	0	2	1	1	0	0	0	0	0	0	1	1	1	0	2	1	0	0	0	0	0	0	0	1	1	1	1	0	1	0	0	0	1	0	111	1	0	0	0	0	2	0	1	0	2	0	1	1	0	0	1	0	2	0	0	0	0	0	0	0	0	0	0	1	1	0	1	0	0	0	0	0	0	0	0	0	0	0	0	1	1	1	0	1	0	2	1	1	0	2	3	1	1	2	0	2	2	1	0	2	0	1	0	0	2	0	2	0	0	3	1	0	0	0	1	0	0	0	0	1	0	0	0	0	1	0	2
T[Del(C):R6]G	0	0	0	1	0	1	0	0	0	0	0	0	0	1	0	0	0	0	0	0	0	1	0	1	0	0	0	0	0	1	0	0	0	0	0	0	0	0	0	0	0	0	0	0	0	0	0	0	0	0	1	0	0	0	0	1	0	0	0	0	0	0	0	0	0	0	0	0	0	1	0	0	0	0	0	0	0	0	0	1	1	0	0	8	0	0	0	0	0	1	0	0	0	0	0	0	0	0	0	0	0	0	1	0	0	0	0	0	1	0	0	0	0	0	0	0	0	0	0	0	0	1	0	0	0	0	0	0	0	0	0	0	0	0	0	0	0	0	0	0	0	1	0	0	0	0	1	0	0	0	0	0	0	0	0	0	0	0	0	0	0	1	0	0	0	0	0	0	0	0	0	0	0	0	0	0	0	0	0	0	0	0	0	0	0	0	0	0	0	0	0	0	0	0	0	0	0	0	0	0	0	0	0	0	0	0	1	0	0	0	0	0	0	0	0	0	0	0	0	0	1	0	0	0	0	1	0	0	0	0	0	0	0	0	0	0	0	0	0	0	0	0	1	0	0	0	0	0	2	0	0	0	0	0	0	0	0	0	0	0	0	0	0	0	0	0	2	0	0	0	0	0	0	0	0	0	0	0	1	0	0	0	0	1	0	0	27	0	0	0	0	0	1	0	0	0	0	0	1	0	0	0	0	0	0	0	0	0	0	0	0	1	0	0	0	0	0	0	0	0	0	0	1	0	0	0	0	0	0	0	0	0	0	0	0	0	0	0	0	0	0	0	0	0	0	0	0	0	0	0	0	0	0	0	0	0	0	0	0	0	0	0	0	0	0	0	0	0	0	0	0	0	0	0	0	0	0	0	0
T[Del(C):R6]T	0	0	1	2	1	0	0	0	0	1	0	0	0	0	0	0	0	0	0	0	0	0	0	0	0	0	1	0	0	0	0	0	0	0	1	0	0	0	0	0	1	0	0	1	0	0	2	0	0	0	0	1	0	0	0	0	0	0	0	1	0	0	0	0	0	1	0	0	0	3	0	1	1	0	1	0	0	0	0	3	0	1	0	18	0	0	0	2	0	0	1	1	0	1	0	3	0	0	0	0	1	0	1	0	1	0	0	0	0	0	2	0	0	0	1	0	0	0	0	0	0	0	0	1	1	1	2	0	0	0	0	0	0	1	1	0	0	0	0	0	0	0	0	0	0	0	0	0	0	0	0	1	1	0	0	0	0	0	0	0	0	1	0	0	0	0	3	0	1	1	0	2	0	1	1	1	0	0	2	2	0	0	0	0	0	0	0	0	0	0	0	0	2	0	0	1	0	0	0	0	0	0	0	0	1	0	0	1	0	0	0	1	0	1	0	0	0	0	0	0	1	0	0	1	0	1	0	2	0	0	0	0	0	2	1	0	1	2	0	0	1	0	1	0	2	0	1	1	5	1	0	0	2	1	3	1	0	0	2	0	0	1	0	0	0	0	0	0	0	0	0	1	2	0	0	0	1	1	0	0	0	0	0	0	1	0	52	0	0	0	0	0	0	1	2	0	3	0	0	0	0	0	1	0	0	0	0	0	0	0	0	1	0	0	0	0	0	0	0	0	0	2	2	0	0	0	1	0	0	0	0	0	1	3	0	1	0	0	0	0	1	0	1	1	2	1	0	0	0	0	0	1	1	0	0	0	1	0	1	0	0	2	0	0	1	1	1	1	1	4	0	0	0	1	0	1	0	1	0
T[Del(C):R7]A	0	0	0	0	0	0	0	0	2	0	0	0	2	0	0	0	0	0	0	0	0	0	0	1	0	0	0	0	0	0	0	0	0	0	0	0	0	0	0	1	0	0	0	0	0	0	0	0	0	2	0	0	0	0	0	0	0	0	1	1	0	1	0	0	0	0	0	0	0	0	2	0	0	0	0	0	0	0	0	0	0	0	0	30	0	0	0	0	0	0	0	0	0	0	0	1	1	0	0	0	0	0	0	0	0	0	0	0	0	0	1	0	0	0	0	0	0	0	0	0	0	0	0	0	0	0	0	0	1	0	1	0	0	0	0	0	1	0	1	0	1	1	2	0	0	0	0	0	0	0	0	0	0	0	0	0	1	0	2	0	0	2	0	0	0	1	1	0	0	0	0	0	0	0	0	0	0	1	0	0	1	0	0	1	0	0	0	0	1	1	0	0	0	0	0	0	1	2	0	0	0	0	0	0	0	0	0	0	0	0	0	0	0	0	0	0	0	1	0	0	0	0	1	0	0	0	0	0	0	0	0	1	0	0	0	0	1	0	0	0	0	0	1	0	0	0	0	0	0	0	0	0	1	1	0	0	0	0	0	1	0	0	0	0	0	0	0	0	1	0	0	0	0	0	2	0	0	1	0	0	0	0	0	1	0	0	77	1	0	0	2	0	1	1	3	0	0	0	0	0	0	0	0	0	0	2	0	0	0	0	0	0	0	0	0	0	0	0	0	0	0	0	0	0	0	0	0	0	0	0	0	0	0	0	0	0	0	0	0	0	0	0	0	0	0	0	0	2	1	0	0	0	0	0	0	0	1	1	0	0	0	1	0	0	0	0	1	0	1	2	0	0	0	0	0	0	0	0	0
T[Del(C):R7]G	0	1	0	0	0	0	0	0	0	0	0	0	0	0	0	0	0	0	0	0	0	0	0	0	0	0	0	0	0	0	0	0	0	0	0	0	0	0	0	0	0	0	0	0	0	0	0	0	0	0	0	0	0	0	0	0	0	0	1	0	0	0	0	0	0	0	0	0	0	0	0	0	0	0	0	0	0	0	0	0	0	0	0	9	0	0	0	0	0	0	0	0	0	0	0	0	0	0	0	0	0	0	0	0	0	0	0	0	0	0	0	0	0	0	0	0	0	0	0	0	0	0	0	0	0	0	0	0	0	0	0	0	0	0	0	0	0	0	0	0	0	0	0	0	0	0	0	0	1	0	0	0	0	0	0	0	0	0	0	0	0	0	1	0	0	0	0	0	0	0	0	0	0	0	0	0	0	0	0	0	0	0	0	0	0	0	0	0	0	0	0	0	0	0	0	0	0	1	0	0	0	0	0	0	0	0	0	0	0	0	0	0	0	0	0	0	0	0	0	0	0	0	0	0	0	0	0	0	0	0	0	0	0	0	0	0	0	1	0	0	0	0	0	0	0	0	0	0	0	0	0	0	0	0	0	0	0	0	0	0	0	0	0	0	0	1	0	0	0	0	0	0	0	0	0	0	0	0	0	0	0	0	0	0	0	0	18	0	0	0	0	0	0	0	0	0	0	0	0	0	0	0	0	0	0	0	0	0	0	0	0	1	0	0	0	0	0	0	0	0	0	0	0	0	0	0	0	0	0	0	0	0	0	0	0	0	0	0	0	0	0	0	1	0	0	0	0	0	0	0	0	0	0	0	0	0	0	0	0	0	0	0	0	0	0	0	0	0	0	0	0	1	0	0	0	0	0	0	0
T[Del(C):R7]T	0	0	0	0	0	0	0	0	0	0	0	1	1	0	0	0	0	0	0	1	0	0	0	0	0	0	0	0	0	1	0	0	0	0	0	0	0	0	0	0	0	0	0	0	0	0	0	0	0	0	0	0	0	0	0	0	0	0	0	0	0	1	0	0	0	0	0	0	0	0	0	0	0	0	0	0	0	1	0	0	0	0	0	10	0	0	0	0	0	0	0	0	0	0	0	0	0	0	0	0	0	0	0	0	0	0	1	0	0	0	0	0	0	0	0	0	0	0	1	0	0	0	0	0	0	0	0	0	0	0	2	0	0	0	0	0	0	0	0	0	0	0	0	0	0	0	0	0	0	0	0	0	0	0	0	0	0	0	0	0	0	0	0	0	0	0	0	0	0	0	0	0	0	1	0	0	0	0	0	0	2	0	1	0	0	0	0	0	0	1	1	0	0	0	0	1	0	1	0	1	0	0	0	0	0	0	0	2	0	0	0	0	0	0	0	0	0	0	0	0	0	0	0	0	0	0	0	1	0	0	0	0	0	0	0	0	0	0	0	0	0	0	0	0	0	0	0	0	0	0	0	0	0	0	1	0	0	0	0	0	0	0	0	0	1	0	0	0	0	0	0	0	0	0	0	0	0	0	0	0	0	1	0	0	0	0	23	0	0	0	0	1	0	0	0	0	0	0	0	1	0	0	1	0	0	0	0	0	0	1	0	0	1	0	1	0	0	0	0	0	0	0	0	0	0	0	0	0	0	0	1	0	1	0	0	0	0	0	0	0	0	0	0	0	0	0	0	0	0	0	0	0	0	0	0	0	0	0	0	0	0	0	1	0	0	0	2	0	0	0	0	0	0	0	0	0	0	1	0
T[Del(C):R8]A	0	0	0	0	0	0	0	0	0	0	0	0	0	0	0	0	0	0	0	0	0	0	0	0	0	0	0	0	0	0	0	0	0	0	0	0	0	0	0	0	0	0	0	0	0	0	0	0	0	1	0	0	0	0	0	0	0	0	0	0	0	0	0	0	0	0	0	0	0	0	0	0	0	0	0	0	0	0	0	0	0	0	0	14	0	0	0	0	0	0	0	0	0	0	0	1	0	0	0	0	0	0	0	0	0	0	0	0	0	0	0	0	0	0	0	0	0	0	0	0	0	0	0	0	0	0	0	0	0	0	0	0	0	0	0	0	0	0	0	0	0	0	0	0	0	0	0	0	0	1	0	0	0	0	0	0	0	0	0	0	0	1	1	0	0	0	0	0	0	0	0	0	0	0	0	0	0	0	0	0	1	0	0	0	0	0	0	0	0	0	0	0	0	0	0	0	0	0	0	0	0	0	0	0	0	0	0	0	0	0	0	0	0	0	0	0	0	0	0	0	0	0	0	0	1	0	0	0	0	0	0	0	0	0	0	0	0	0	0	0	0	0	0	0	0	0	0	0	0	0	0	0	0	0	0	0	0	0	0	0	0	0	0	0	0	0	0	0	0	0	0	0	0	0	0	0	0	0	0	0	0	0	0	0	0	0	30	0	0	0	0	0	0	0	0	0	0	0	0	0	1	0	0	0	0	0	0	0	0	0	0	0	0	0	0	0	1	0	0	0	0	0	0	0	0	0	0	0	0	0	0	1	0	0	0	0	0	0	0	0	0	0	0	0	0	0	0	0	0	0	0	1	0	0	0	0	0	0	0	0	0	1	0	0	0	0	0	0	0	0	0	0	0	0	0	0	0	0	0
T[Del(C):R8]G	0	0	0	0	0	0	0	0	0	0	0	0	0	0	0	0	0	0	0	0	0	0	0	0	0	0	0	0	0	0	0	0	0	0	0	0	0	0	0	0	0	0	0	0	0	0	0	0	0	0	0	0	0	0	0	0	0	0	0	0	0	0	0	0	0	0	0	0	0	0	0	0	0	0	0	0	0	0	0	0	0	0	0	2	0	0	0	0	0	0	0	0	0	0	0	0	0	0	0	0	0	0	0	0	0	0	0	0	0	0	0	0	0	0	0	0	0	0	0	0	0	0	0	0	0	0	0	0	0	0	0	0	0	0	0	0	0	0	0	0	0	0	0	0	0	0	0	0	0	0	0	0	0	0	0	0	0	0	0	0	0	0	0	0	0	0	0	0	0	0	0	0	0	0	0	0	0	0	0	0	0	0	0	0	0	0	0	0	0	0	0	0	0	0	0	0	0	0	0	0	0	0	0	0	0	0	0	0	0	0	0	0	0	0	0	0	0	0	0	0	0	0	0	0	0	0	0	0	0	0	0	0	0	0	0	0	1	0	0	0	0	0	0	0	0	0	0	0	0	0	0	0	0	0	0	0	0	0	0	0	0	0	0	0	0	0	0	0	0	0	0	0	0	0	0	0	0	0	0	0	0	0	0	0	0	0	1	0	0	0	0	0	0	0	0	0	0	0	0	0	0	0	0	0	0	0	0	0	0	0	0	0	0	0	0	0	0	0	0	0	0	0	0	0	0	0	0	0	0	0	0	0	0	0	0	0	0	0	0	0	0	0	0	0	0	0	0	0	0	0	0	0	0	0	0	0	0	0	0	0	0	0	0	0	0	0	0	0	0	0	0	0	0	0	0	0	0	0	0
T[Del(C):R8]T	0	0	0	0	0	0	0	0	0	0	0	0	0	0	0	0	0	0	0	0	0	0	0	0	0	0	0	0	0	0	0	0	0	0	0	0	0	0	0	0	0	0	0	0	0	0	0	0	0	0	0	0	0	0	0	0	0	0	0	0	0	0	0	0	0	0	0	0	0	0	0	0	0	0	0	0	0	0	0	0	0	0	0	2	0	0	0	0	0	0	0	0	0	0	0	0	0	0	0	0	0	0	0	0	0	0	0	0	0	0	0	0	0	0	0	0	0	0	0	0	0	0	0	0	0	0	0	0	0	0	0	0	0	0	0	0	0	0	0	0	0	0	0	0	0	0	0	0	0	0	0	0	0	0	0	0	0	0	0	0	0	0	0	0	0	0	0	0	0	0	0	0	0	0	0	0	0	0	0	0	0	0	0	0	0	0	0	0	0	0	0	0	0	0	0	0	0	0	0	0	0	0	0	0	0	0	0	0	0	0	0	0	0	0	0	0	0	0	0	0	0	0	0	0	0	0	0	0	0	0	0	0	0	0	0	0	0	0	0	0	0	0	0	0	0	0	0	0	0	0	0	0	0	0	0	0	0	0	0	0	0	0	0	0	0	0	0	0	0	0	0	0	0	0	0	0	0	0	0	0	1	0	0	0	0	0	11	0	0	0	0	0	0	0	0	0	0	0	0	0	0	0	0	0	0	0	0	0	0	0	0	0	0	0	0	0	0	0	0	0	0	0	0	0	0	0	0	0	0	0	0	2	0	0	0	0	0	2	0	0	0	0	0	0	0	0	0	0	0	0	0	0	0	0	0	0	0	0	1	0	0	0	0	0	0	0	0	0	0	0	0	0	0	0	0	0	0	0	0
T[Del(C):R(9,)]A	0	0	0	0	0	0	0	0	0	0	0	0	0	0	0	0	0	0	0	0	0	0	0	0	0	0	0	0	0	0	0	0	0	0	0	0	0	0	0	0	0	0	0	0	0	0	0	0	0	0	0	0	0	0	0	0	0	0	0	0	0	0	0	0	0	0	0	0	0	0	0	0	0	0	0	0	0	0	0	0	0	0	0	0	0	0	0	0	0	0	0	0	0	0	0	0	0	0	0	0	0	0	0	0	0	0	0	0	0	0	0	0	0	0	0	0	0	0	0	0	0	0	0	0	0	0	0	0	0	0	0	0	0	0	0	0	0	0	0	0	0	0	0	0	0	0	0	0	0	0	0	0	0	0	0	0	0	0	0	0	0	0	0	0	0	0	0	0	0	0	0	0	0	0	0	0	0	0	0	0	0	0	0	0	0	0	0	0	0	0	0	0	0	0	0	0	0	0	0	0	0	0	0	0	0	0	0	0	0	0	0	0	0	0	0	0	0	0	0	0	0	0	0	0	0	0	0	0	0	0	0	0	0	0	0	0	0	0	0	0	0	0	0	0	0	0	0	0	0	0	0	0	0	0	0	0	0	0	0	0	0	0	0	0	0	0	0	0	0	0	0	0	0	0	0	0	0	0	0	0	0	0	0	0	0	0	0	0	0	0	0	0	0	0	0	0	0	0	0	0	0	0	0	0	0	0	0	0	0	0	0	0	0	0	0	0	0	0	0	0	0	0	0	0	0	0	0	0	0	0	0	0	0	0	0	0	0	0	0	0	0	0	0	0	0	0	0	0	0	0	0	0	0	0	0	0	0	0	0	0	0	0	0	0	0	0	0	0	0	0	0	0	0	0	0	0	0	0	0
T[Del(C):R(9,)]G	0	0	0	0	0	0	0	0	0	0	0	0	0	0	0	0	0	0	0	0	0	0	0	0	0	0	0	0	0	0	0	0	0	0	0	0	0	0	0	0	0	0	0	0	0	0	0	0	0	0	0	0	0	0	0	0	0	0	0	0	0	0	0	0	0	0	0	0	0	0	0	0	0	0	0	0	0	0	0	0	0	0	0	0	0	0	0	0	0	0	0	0	0	0	0	0	0	0	0	0	0	0	0	0	0	0	0	0	0	0	0	0	0	0	0	0	0	0	0	0	0	0	0	0	0	0	0	0	0	0	0	0	0	0	0	0	0	0	0	0	0	0	0	0	0	0	0	0	0	0	0	0	0	0	0	0	0	0	0	0	0	0	0	0	0	0	0	0	0	0	0	0	0	0	0	0	0	0	0	0	0	0	0	0	0	0	0	0	0	0	0	0	0	0	0	0	0	0	0	0	0	0	0	0	0	0	0	0	0	0	0	0	0	0	0	0	0	0	0	0	0	0	0	0	0	0	0	0	0	0	0	0	0	0	0	0	0	0	0	0	0	0	0	0	0	0	0	0	0	0	0	0	0	0	0	0	0	0	0	0	0	0	0	0	0	0	0	0	0	0	0	0	0	0	0	0	0	0	0	0	0	0	0	0	0	0	0	0	0	0	0	0	0	0	0	0	0	0	0	0	0	0	0	0	0	0	0	0	0	0	0	0	0	0	0	0	0	0	0	0	0	0	0	0	0	0	0	0	0	0	0	0	0	0	0	0	0	0	0	0	0	0	0	0	0	0	0	0	0	0	0	0	0	0	0	0	0	0	0	0	0	0	0	0	0	0	0	0	0	0	0	0	0	0	0	0	0	0	0
T[Del(C):R(9,)]T	0	0	0	0	0	0	0	0	0	0	0	0	0	0	0	0	0	0	0	0	0	0	0	0	0	0	0	0	0	0	0	0	0	0	0	0	0	0	0	0	0	0	0	0	0	0	0	0	0	0	0	0	0	0	0	0	0	0	0	0	0	0	0	0	0	0	0	0	0	0	0	0	0	0	0	0	0	0	0	0	0	0	0	0	0	0	0	0	0	0	0	0	0	0	0	0	0	0	0	0	0	0	0	0	0	0	0	0	0	0	0	0	0	0	0	0	0	0	0	0	0	0	0	0	0	0	0	0	0	0	0	0	0	0	0	0	0	0	0	0	0	0	0	0	0	0	0	0	0	0	0	0	0	0	0	0	0	0	0	0	0	0	0	0	0	0	0	0	0	0	0	0	0	0	0	0	0	0	0	0	0	0	0	0	0	0	0	0	0	0	0	0	0	0	0	0	0	0	0	0	0	0	0	0	0	0	0	0	0	0	0	0	0	0	0	0	0	0	0	0	0	0	0	0	0	0	0	0	0	0	0	0	0	0	0	0	0	0	0	0	0	0	0	0	0	0	0	0	0	0	0	0	0	0	0	0	0	0	0	0	0	0	0	0	0	0	0	0	0	0	0	0	0	0	0	0	0	0	0	0	0	0	0	0	0	0	0	0	0	0	0	0	0	0	0	0	0	0	0	0	0	0	0	0	0	0	0	0	0	0	0	0	0	0	0	0	0	0	0	0	0	0	0	0	0	0	0	0	0	0	0	0	0	0	0	0	0	0	0	0	0	0	0	0	0	0	0	0	0	0	0	0	0	0	0	0	0	0	0	0	0	0	0	0	0	0	0	0	0	0	0	0	0	0	0	0	0	0	0
A[Del(T):R1]A	3	2	9	9	2	5	3	6	5	7	5	3	7	5	3	5	3	7	7	1	4	7	8	1	6	2	6	7	0	6	2	5	6	2	4	7	8	1	13	6	8	8	11	5	3	4	5	0	1	8	4	4	3	7	2	5	4	7	1	1	1	4	4	5	1	4	2	9	5	3	6	9	3	1	1	8	3	4	4	10	3	12	5	12	6	2	2	2	11	6	3	2	3	7	3	3	5	1	7	5	10	0	8	3	9	1	4	4	1	3	2	1	5	2	11	4	2	4	4	0	1	8	5	5	14	6	12	1	6	3	9	4	5	2	3	7	4	4	7	9	4	3	5	13	5	3	5	3	2	3	5	9	8	5	4	0	13	4	6	5	8	3	24	4	7	4	5	4	4	3	3	4	2	15	7	7	6	10	5	8	6	9	4	12	0	6	3	5	11	3	5	5	3	2	3	2	7	9	10	3	1	5	2	8	6	5	9	5	6	11	2	6	0	3	3	5	7	3	12	4	4	1	5	6	3	8	2	8	8	4	0	9	10	2	10	3	8	4	7	4	5	6	6	3	4	6	4	1	8	4	9	6	3	10	6	6	5	8	5	9	5	3	4	10	1	5	5	2	6	3	5	9	5	0	4	0	2	3	5	2	9	5	0	6	4	11	10	5	7	4	9	3	7	11	13	4	2	1	7	4	5	0	7	3	5	4	7	4	4	1	15	7	3	1	1	4	6	4	2	6	3	2	7	4	4	4	4	0	7	3	4	4	10	10	1	10	1	3	5	14	8	3	6	13	4	11	2	6	9	5	9	9	1	5	4	6	7	9	5	0	3	5	0	4	5	5	2	1	9	6	1	2	6	23	3	7	2	7	7
A[Del(T):R1]C	2	1	4	5	0	6	2	3	4	4	3	0	3	5	1	2	0	1	2	3	3	1	4	1	4	0	3	1	1	3	0	3	4	1	2	2	6	0	6	3	2	2	0	1	3	0	5	0	1	8	1	0	0	9	2	1	2	3	0	0	1	3	1	1	1	1	3	0	5	5	6	5	6	0	0	3	1	3	2	5	1	5	1	4	2	4	0	2	1	7	2	3	2	1	1	1	1	2	0	1	3	1	9	3	9	2	4	3	2	1	3	0	3	2	9	1	1	1	2	0	6	3	1	6	4	4	3	0	2	0	2	1	2	1	2	4	5	4	2	4	1	0	9	6	1	4	0	1	4	1	1	4	6	8	0	0	5	5	8	3	3	4	7	1	4	5	3	1	5	4	1	3	2	4	3	2	3	6	1	5	2	2	1	8	0	2	2	1	5	2	1	0	4	1	0	1	5	9	4	1	0	0	2	1	3	3	4	4	1	4	1	2	0	5	2	1	3	2	8	2	1	0	3	4	0	3	0	9	13	1	1	5	0	3	6	2	0	2	3	2	1	0	6	0	0	7	1	1	10	4	3	1	0	6	8	4	2	4	4	1	1	1	1	2	2	1	3	0	1	2	1	4	1	2	2	0	0	1	1	1	3	2	0	0	3	5	5	1	3	2	3	0	3	4	18	4	4	2	0	0	2	1	6	3	3	1	4	3	0	0	4	7	3	0	1	3	2	3	0	4	2	4	3	5	1	2	1	1	5	1	3	2	3	4	1	3	2	6	2	4	1	2	1	4	3	1	1	2	2	1	1	3	0	1	1	5	2	3	4	1	1	2	1	1	6	2	1	0	5	4	3	2	3	14	2	3	2	4	3
A[Del(T):R1]G	2	3	6	10	0	2	5	5	2	6	4	2	4	3	1	1	2	5	4	1	1	4	4	3	3	0	4	2	3	3	2	0	3	1	1	5	3	0	11	2	3	4	6	4	3	0	5	0	2	7	4	2	1	8	0	3	0	2	0	0	1	4	2	2	1	4	5	6	6	1	3	7	4	0	1	4	3	1	1	1	2	7	1	5	0	2	1	2	3	4	5	5	2	3	1	6	1	5	2	2	3	0	1	2	3	2	4	2	2	2	3	1	4	5	10	5	0	2	1	0	3	4	1	5	4	5	4	1	5	2	2	1	3	1	3	2	4	0	4	8	0	1	5	2	3	2	0	6	2	2	3	3	4	5	3	0	5	1	1	2	1	2	9	2	4	3	3	2	3	3	0	2	4	4	1	3	1	8	2	4	2	5	2	6	2	3	2	3	5	5	4	2	3	0	0	5	5	7	6	1	1	1	1	5	3	4	5	4	2	6	2	4	3	9	1	1	0	6	3	4	2	1	3	3	0	1	7	8	7	2	0	5	1	0	6	2	2	6	1	6	2	3	6	2	2	2	0	1	2	1	5	2	2	3	6	9	4	1	0	2	0	2	0	7	0	3	3	3	2	4	3	2	1	3	2	1	2	3	5	1	4	0	0	1	1	4	7	1	1	4	1	3	1	3	5	3	2	4	4	2	1	0	5	1	0	4	2	0	3	0	4	4	1	1	1	2	3	4	3	0	4	4	4	4	0	1	4	0	3	3	0	3	5	4	1	3	4	1	1	10	4	3	5	6	5	3	1	6	3	1	10	3	2	0	3	3	3	2	6	1	3	1	2	1	4	5	1	1	0	4	0	5	4	16	0	6	0	4	1
A[Del(T):R2]A	2	1	9	4	6	5	5	5	8	2	9	2	1	5	1	1	0	8	1	1	2	6	6	3	5	0	7	4	0	4	0	0	3	3	2	3	8	0	3	7	3	7	3	4	2	2	3	0	4	5	5	1	2	8	3	6	2	3	2	2	1	4	3	1	3	2	3	6	5	4	6	9	5	0	2	5	7	2	4	3	1	2	0	7	9	3	2	1	3	6	5	5	3	2	4	4	3	5	3	7	10	0	7	4	7	3	3	2	5	1	4	2	3	4	8	1	3	2	3	0	5	3	5	4	7	3	7	1	9	1	5	1	4	1	7	4	4	3	3	6	0	2	4	4	3	1	1	3	3	1	3	5	3	7	3	2	5	2	7	2	5	5	10	3	7	6	2	2	6	2	1	6	3	3	4	9	6	6	3	7	3	4	2	4	3	2	4	0	7	4	5	2	5	1	0	5	7	5	1	5	0	1	0	5	4	7	6	3	4	5	0	2	0	7	0	1	6	3	4	6	1	0	2	7	0	3	4	4	3	3	0	10	6	1	6	2	6	5	3	6	5	3	2	1	3	7	1	2	10	4	2	4	3	7	6	2	5	5	4	3	3	3	2	6	2	2	2	4	1	0	3	5	2	0	4	2	1	3	4	0	2	2	0	3	3	8	21	5	1	5	0	3	4	6	6	1	7	4	6	3	2	2	3	5	5	7	9	2	1	0	8	4	3	1	3	5	3	4	3	3	1	3	6	8	2	4	6	0	3	3	5	2	12	8	1	4	5	3	2	9	7	1	4	10	12	6	3	12	7	2	3	2	3	3	2	6	2	5	6	2	4	2	3	2	3	6	1	1	8	8	4	2	3	17	1	5	3	8	4
A[Del(T):R2]C	2	3	1	8	5	4	7	8	5	3	3	1	5	4	1	3	0	7	2	2	1	2	2	2	7	1	6	2	0	4	2	2	2	2	2	1	5	0	2	4	2	3	3	6	2	1	1	0	4	0	2	3	2	2	2	8	2	3	2	0	0	5	2	3	0	2	7	8	5	2	7	6	7	0	2	5	5	1	2	2	2	3	2	6	2	4	0	0	2	2	0	3	2	5	4	2	2	1	1	1	2	0	3	2	4	3	4	7	3	1	3	0	5	6	10	2	1	0	3	0	7	4	0	4	11	3	9	1	6	5	8	3	4	1	6	3	2	0	4	5	1	3	3	3	1	1	1	3	6	1	3	6	4	3	2	3	7	6	4	7	4	1	13	0	5	3	4	1	7	3	1	2	0	8	2	6	7	11	2	6	3	7	1	9	1	2	0	1	7	2	0	2	1	0	1	6	7	12	4	0	0	1	2	2	4	3	5	2	1	4	0	6	3	2	3	3	5	2	9	3	5	2	3	4	1	9	4	10	8	0	1	5	5	1	6	1	5	5	4	7	8	1	6	0	1	13	2	7	8	3	4	3	2	4	4	3	3	7	1	3	0	2	4	3	2	1	2	2	5	1	3	4	1	4	4	1	3	1	0	1	4	3	2	2	0	5	8	4	2	4	1	4	4	3	6	1	5	4	1	4	4	1	2	0	3	2	4	2	3	0	4	2	2	0	3	2	0	6	5	2	4	3	3	8	4	3	3	0	2	0	5	3	11	8	1	0	3	3	3	13	9	1	4	6	3	0	6	3	6	1	1	6	2	1	4	6	2	2	1	2	3	4	5	1	4	1	3	0	6	5	2	1	4	10	0	5	3	0	4
A[Del(T):R2]G	3	1	0	3	0	2	3	2	4	2	2	0	1	4	2	1	1	2	1	0	2	2	1	3	7	1	7	1	0	3	1	5	1	1	1	3	6	2	1	3	1	4	6	4	1	1	3	0	1	2	3	2	0	4	1	2	2	1	3	0	1	3	0	3	1	2	2	2	2	2	7	4	1	0	1	3	1	1	4	0	1	2	2	3	1	0	2	1	1	3	4	3	2	4	3	7	6	4	1	1	4	0	1	1	4	0	5	2	1	0	3	0	0	1	4	1	5	1	2	0	7	2	1	1	4	1	3	0	3	1	3	5	0	3	5	1	4	1	1	2	0	1	1	1	2	0	1	2	3	1	2	4	4	2	3	2	6	3	2	2	3	2	13	1	5	3	2	3	3	2	3	5	0	1	1	3	4	0	3	3	4	1	1	3	1	3	2	1	5	4	1	1	3	1	1	2	2	2	4	2	0	2	1	2	5	3	7	0	3	3	0	2	0	2	2	2	2	5	9	3	3	1	4	2	0	1	6	5	3	1	1	5	3	1	4	0	4	2	1	3	5	4	1	2	0	5	0	1	4	2	1	2	1	0	2	3	1	2	2	3	1	4	1	3	1	1	2	1	4	4	3	1	3	2	3	0	2	1	3	1	1	2	0	3	4	4	6	2	2	6	5	1	3	3	1	1	1	0	1	1	0	1	2	0	1	1	0	1	3	2	4	2	2	0	0	3	3	3	1	2	1	1	1	4	1	4	1	0	6	0	0	6	3	5	0	1	1	1	2	6	9	6	1	8	5	0	3	4	5	2	3	3	0	4	0	0	0	2	3	0	0	3	1	1	1	1	3	0	5	2	0	1	4	21	4	6	3	4	1
A[Del(T):R3]A	4	6	5	8	5	4	5	4	6	1	10	0	5	9	1	6	3	1	3	1	3	6	2	1	4	2	4	5	0	3	1	8	3	1	2	6	3	0	7	6	2	14	5	2	8	3	7	1	4	3	1	5	3	3	6	8	6	2	6	1	0	8	5	6	1	4	0	5	5	0	4	3	5	0	2	5	2	3	3	3	3	1	2	7	12	2	0	6	2	8	4	4	5	4	1	6	4	4	0	3	6	0	3	1	11	3	2	2	2	4	3	0	6	1	5	1	2	0	6	0	6	3	5	7	7	4	10	0	9	2	6	1	5	1	5	5	1	2	3	3	3	3	2	3	4	2	2	6	3	0	4	9	8	7	2	2	8	6	5	2	4	1	13	5	6	0	5	2	5	2	1	4	3	2	0	12	3	13	4	7	4	4	4	5	1	4	1	1	4	6	4	1	2	1	3	4	4	8	5	5	0	2	6	7	2	8	4	4	6	3	2	7	1	3	4	4	3	4	9	2	3	1	4	3	2	3	3	6	7	2	1	8	7	3	9	3	7	1	3	3	7	3	5	1	1	10	1	0	10	3	3	6	0	4	6	3	3	2	1	2	2	5	5	4	1	3	6	7	1	3	6	8	3	2	1	1	2	2	1	4	4	1	0	4	2	7	36	2	0	10	0	0	4	6	4	2	4	0	5	1	2	2	5	5	2	2	6	3	7	2	4	2	2	0	0	4	1	5	1	6	2	2	5	4	0	1	4	0	9	3	5	12	7	7	1	3	9	9	1	12	9	7	5	4	8	1	5	7	5	4	6	2	1	2	4	2	2	4	3	1	2	5	0	2	3	4	1	1	7	5	1	3	8	14	0	1	3	9	10
A[Del(T):R3]C	3	3	1	5	2	2	6	6	4	5	11	0	4	2	2	6	3	4	0	1	1	4	2	3	7	1	3	3	2	2	3	1	0	2	4	5	7	0	1	3	1	4	6	2	2	5	8	1	2	2	3	0	3	4	3	4	0	3	4	1	2	5	3	1	2	4	1	1	2	0	2	4	6	1	2	7	4	0	3	3	0	4	1	10	1	1	0	5	4	5	6	5	2	1	1	1	4	1	0	0	4	0	4	0	11	0	1	8	9	1	5	2	5	4	8	3	3	2	5	0	9	6	1	10	5	2	4	1	4	1	6	4	4	2	4	3	3	2	6	6	0	2	3	3	4	2	3	0	2	1	2	5	3	1	1	2	3	4	9	1	2	7	9	1	6	2	0	1	1	2	0	3	1	3	2	6	5	5	5	6	1	2	3	8	3	2	1	1	4	2	0	3	2	1	4	4	5	4	5	2	0	0	3	5	3	5	7	1	3	6	2	1	2	3	3	1	6	1	5	0	7	3	3	5	0	2	7	8	4	1	0	7	8	3	4	2	1	4	5	7	9	2	7	1	1	8	0	2	4	4	1	5	5	9	4	2	3	3	5	2	2	4	1	2	2	4	2	2	1	2	3	3	1	1	1	1	7	7	7	2	0	2	0	2	2	1	22	4	3	6	3	4	2	4	2	1	8	4	4	2	3	0	1	0	3	1	1	1	2	1	2	6	5	0	3	9	1	2	1	2	4	0	3	4	4	1	1	0	3	0	4	3	7	7	0	5	3	4	2	13	7	4	3	5	8	1	4	7	4	7	3	3	0	2	3	3	2	1	0	1	1	3	4	3	1	6	2	1	4	3	0	4	3	11	1	1	2	2	2
A[Del(T):R3]G	1	2	5	2	2	1	5	4	4	2	5	2	5	6	1	1	1	8	0	0	1	4	1	5	6	3	10	3	2	2	0	5	3	0	2	1	1	1	2	5	2	5	3	4	1	0	4	0	4	4	1	1	0	5	0	5	1	5	7	0	1	3	0	5	0	2	1	3	7	3	3	4	3	0	1	2	3	2	1	1	2	3	1	3	4	1	1	2	4	1	3	2	2	1	0	4	2	2	2	0	1	0	8	4	9	2	1	5	7	0	4	3	2	4	9	4	6	1	3	0	1	6	2	3	7	6	1	0	3	1	2	2	3	0	4	2	2	2	3	0	1	2	3	1	4	0	3	2	4	1	3	1	4	7	1	1	4	5	3	2	3	0	13	1	10	3	2	0	2	1	2	2	3	6	1	3	2	10	2	2	4	1	1	3	0	0	1	0	2	6	0	0	1	0	3	3	0	6	5	3	0	4	2	4	2	6	9	1	1	5	1	6	1	4	1	1	4	3	6	1	2	0	1	3	0	7	4	3	4	1	0	7	2	5	1	1	4	4	3	3	3	3	3	0	0	5	1	2	4	1	1	1	2	8	4	1	2	1	1	5	1	1	2	4	2	5	3	3	1	4	1	4	4	2	2	2	4	4	3	2	0	2	0	0	3	3	17	3	3	1	1	3	5	9	3	1	3	0	3	3	4	1	0	0	0	3	2	4	2	0	5	1	1	0	1	2	0	3	5	2	6	2	3	9	3	4	2	0	3	1	7	5	1	5	1	3	5	3	2	7	6	2	2	3	5	1	0	6	4	1	4	2	1	0	0	3	4	1	0	0	4	2	0	2	2	2	0	2	4	5	1	3	3	9	0	4	4	2	1
A[Del(T):R4]A	4	3	4	5	6	3	2	3	7	3	2	0	3	7	7	6	2	2	3	2	0	3	0	4	4	0	1	1	1	6	2	6	3	0	2	8	2	1	0	6	3	9	5	4	3	1	4	1	1	6	6	2	1	5	1	4	5	1	2	3	0	3	6	3	1	3	4	3	6	2	8	1	3	0	3	4	1	1	4	1	3	2	4	12	6	1	0	4	3	6	5	3	3	2	0	5	6	1	4	6	3	0	2	4	7	5	2	7	8	3	3	0	3	4	7	1	2	2	5	0	6	2	1	4	7	2	5	0	6	1	6	3	4	2	2	1	3	2	3	4	0	3	6	1	0	0	3	5	4	1	5	2	5	4	0	2	3	2	12	3	4	0	8	3	5	1	1	1	4	3	2	3	5	3	2	9	2	9	3	3	4	5	4	4	1	1	2	2	5	7	2	1	2	1	2	4	3	3	3	3	0	2	0	4	2	7	5	8	2	9	4	2	2	0	2	1	1	5	4	1	2	2	3	6	1	6	3	4	2	5	0	4	3	2	9	4	1	4	4	9	6	1	5	0	3	2	1	4	9	2	3	0	4	3	5	3	5	0	1	3	0	8	2	4	1	7	4	3	1	4	1	1	5	0	2	2	1	1	2	2	4	2	0	1	4	5	57	5	5	2	3	4	4	7	3	1	3	1	3	3	6	2	3	1	4	1	3	2	1	1	6	3	4	0	0	5	5	6	2	2	2	4	6	7	3	3	5	0	3	1	4	4	6	3	1	2	6	5	1	11	7	4	8	3	6	7	6	6	7	4	4	9	1	4	2	2	3	5	5	1	3	4	3	1	4	3	5	0	1	5	1	5	2	14	1	4	1	4	2
A[Del(T):R4]C	0	0	5	4	1	3	6	5	2	3	4	0	2	5	3	2	1	0	2	2	1	3	1	2	2	2	4	2	0	8	2	7	2	1	3	3	2	0	2	2	3	3	2	3	2	2	3	0	2	3	2	0	1	2	0	6	1	5	7	2	0	3	3	1	1	1	0	6	1	3	0	3	5	0	0	6	2	1	1	0	0	5	1	10	1	2	1	0	0	2	3	3	1	3	2	3	1	2	1	2	2	0	6	6	8	0	2	1	3	2	2	2	4	3	3	2	2	2	3	0	2	0	1	3	6	2	3	0	1	0	2	5	3	2	5	0	3	2	2	2	1	0	5	3	2	0	1	1	1	0	1	4	1	2	3	0	5	1	1	3	6	1	14	1	2	6	4	0	2	3	0	3	1	3	2	2	4	7	3	3	4	5	0	2	2	0	0	0	1	4	2	0	4	2	2	2	4	1	3	5	0	0	1	1	0	4	1	6	4	0	0	2	0	1	3	0	2	0	2	2	1	0	4	1	1	2	2	1	8	2	0	5	3	0	5	1	1	3	1	3	1	2	5	1	1	1	0	4	11	3	1	2	6	4	5	2	4	0	1	1	0	5	3	5	2	4	3	1	4	2	1	6	0	0	3	0	1	2	1	0	3	2	0	3	2	6	32	0	1	3	2	1	4	6	5	0	1	2	4	1	4	1	1	0	2	1	3	1	4	1	5	1	0	1	1	3	1	5	2	1	4	3	2	2	1	2	3	0	3	2	0	2	5	7	2	5	1	2	1	4	7	3	0	2	3	1	2	1	2	2	6	2	0	1	2	4	2	0	5	2	2	5	1	0	3	2	0	0	6	1	2	0	1	5	0	0	4	3	4
A[Del(T):R4]G	3	1	4	2	2	0	4	2	1	3	1	1	2	4	1	4	2	3	2	0	1	5	2	0	8	1	6	3	1	1	0	2	0	4	1	6	4	0	4	3	3	8	5	4	3	3	8	1	0	3	3	2	0	3	3	1	0	3	2	0	2	3	1	2	1	0	0	3	2	2	5	2	4	1	0	1	2	0	1	1	2	3	1	6	1	4	0	2	1	2	2	1	2	2	2	1	3	5	0	2	3	0	1	3	3	1	1	4	2	0	4	0	2	3	5	3	0	1	2	0	4	3	1	2	3	6	3	0	5	0	2	1	2	2	0	2	0	2	0	2	1	0	4	1	1	0	2	0	1	1	3	5	7	2	1	1	7	1	2	1	1	2	9	3	2	3	3	1	4	1	0	2	3	2	0	3	2	8	2	4	2	3	1	1	1	1	2	1	1	4	5	0	4	5	0	0	2	7	2	1	1	2	1	1	2	2	2	8	3	4	0	3	1	2	3	1	1	2	3	1	2	0	1	2	2	4	2	1	6	1	0	5	1	1	4	2	7	2	5	0	3	1	6	1	2	4	2	7	2	2	2	4	3	3	5	2	3	3	4	5	2	3	1	4	2	3	2	0	1	4	3	6	1	1	4	0	2	2	4	4	3	1	0	4	2	2	40	3	1	4	1	2	2	8	4	2	2	0	1	4	3	0	1	2	1	0	3	2	1	1	2	0	2	0	0	2	0	2	1	0	0	4	6	3	0	1	3	0	1	2	5	4	10	6	0	5	4	4	1	3	5	3	0	5	2	4	6	2	5	2	2	2	0	2	2	0	3	2	6	0	3	3	1	0	2	3	1	0	5	3	2	3	0	8	2	2	1	1	1
A[Del(T):R5]A	1	2	5	2	6	3	4	2	4	4	6	3	2	6	5	4	2	1	2	0	2	2	0	3	7	2	0	3	1	2	1	6	2	2	3	8	5	0	4	3	1	5	9	3	1	2	6	2	2	5	4	1	2	4	3	4	4	2	6	3	0	5	1	2	0	0	0	3	4	6	6	7	1	2	1	2	1	1	5	4	2	6	2	79	5	0	0	3	6	4	3	0	2	2	1	3	2	0	2	2	2	1	10	3	5	5	2	2	2	2	6	1	5	2	7	4	2	0	3	0	7	1	4	5	4	4	4	0	5	1	5	3	3	0	2	0	1	1	6	2	2	1	2	5	5	1	2	2	4	0	5	2	4	6	2	3	7	1	2	2	4	4	7	3	3	5	3	1	2	3	3	3	4	5	1	3	1	12	1	4	5	1	1	3	1	3	0	1	6	4	2	2	3	0	1	3	2	4	2	0	1	3	0	4	6	1	3	3	6	2	0	0	1	1	3	2	5	1	5	3	5	0	3	1	3	2	4	10	3	1	1	9	4	3	4	1	6	3	2	2	1	1	1	1	0	0	2	0	7	3	4	3	3	6	2	1	6	6	4	2	0	6	5	9	2	0	3	0	8	0	4	8	2	0	1	0	2	2	3	0	1	1	0	1	7	6	282	1	1	4	3	2	7	10	4	3	5	2	5	4	3	1	2	0	6	3	3	0	3	0	3	3	1	0	1	2	1	2	3	2	3	3	3	4	0	7	7	0	7	2	1	4	7	6	1	3	7	5	5	4	6	1	0	6	5	6	4	2	1	4	5	3	1	4	2	5	3	2	3	0	4	4	1	4	6	5	1	0	5	7	1	1	5	8	0	1	0	3	7
A[Del(T):R5]C	2	3	4	2	2	1	1	1	0	0	1	0	3	2	2	0	0	0	3	1	1	2	2	1	1	1	2	1	1	2	0	3	1	1	2	2	4	0	3	0	3	2	4	0	0	0	1	2	1	5	0	3	0	2	1	0	1	2	2	2	0	0	1	1	1	2	0	2	3	3	1	1	0	1	1	1	0	1	2	6	1	2	1	27	0	1	1	4	2	1	0	1	2	2	1	0	2	3	0	0	2	0	4	2	4	0	3	1	3	1	0	0	2	1	3	3	0	0	3	0	0	2	0	3	2	2	0	0	2	0	2	0	1	1	1	3	0	0	0	0	2	0	2	1	2	4	3	1	1	0	2	1	0	1	1	1	4	1	4	1	2	1	3	0	1	0	3	1	2	3	1	5	2	0	1	3	1	6	3	3	1	1	3	5	1	0	1	0	3	0	1	1	1	0	2	4	0	1	5	1	0	1	1	0	0	1	3	4	2	5	0	4	0	2	1	0	0	2	3	1	3	3	3	1	0	2	1	3	2	3	0	2	0	1	6	2	1	3	2	2	0	1	1	0	0	1	2	2	4	0	0	2	1	3	2	0	1	1	1	4	2	3	1	2	0	1	0	0	1	1	0	1	0	0	1	1	1	1	2	0	1	1	0	0	1	2	113	2	0	3	4	0	2	3	3	2	2	1	5	2	1	0	2	0	2	1	2	2	0	0	4	3	0	0	3	1	0	3	2	0	0	4	2	3	1	2	4	1	0	0	5	1	5	4	1	1	3	3	0	0	2	1	2	3	1	3	0	2	6	1	3	2	1	1	2	2	0	3	1	0	0	1	0	0	8	4	1	1	4	0	1	2	0	1	0	2	0	5	1
A[Del(T):R5]G	1	1	2	2	1	1	6	4	0	5	1	2	3	3	1	2	1	0	0	0	2	1	2	2	5	0	2	3	0	2	0	0	2	3	2	4	1	1	1	4	4	2	1	2	2	0	4	1	2	2	4	2	2	4	1	0	1	3	1	3	2	3	2	1	2	2	3	2	0	0	5	1	2	0	2	4	3	0	2	1	0	3	1	45	0	0	0	1	1	4	3	2	1	2	1	5	2	2	1	1	6	0	1	0	8	0	1	1	2	1	0	0	1	1	1	0	0	1	4	2	5	1	1	1	2	0	0	0	2	2	2	3	1	0	4	0	0	1	0	2	1	3	3	3	4	0	0	3	4	0	0	4	2	3	0	0	4	4	2	0	1	1	3	1	8	2	1	2	2	1	0	1	1	0	0	2	2	5	3	6	1	4	1	3	1	5	1	1	1	4	2	2	0	1	1	2	1	4	2	1	1	2	0	4	2	4	2	4	2	4	1	1	0	0	1	3	2	0	3	3	2	1	1	2	2	2	4	3	2	0	0	4	4	0	2	3	3	3	2	1	3	3	2	1	0	5	0	3	4	3	1	2	2	0	0	3	1	2	3	3	0	3	3	2	1	3	2	1	2	0	0	7	0	1	1	2	3	0	1	0	4	0	0	1	5	4	153	2	1	0	2	3	6	3	3	1	1	2	1	1	0	0	0	2	2	1	6	0	1	0	2	3	1	0	1	0	0	4	1	1	3	0	1	5	1	1	2	0	3	0	2	0	4	3	2	5	3	0	1	2	4	2	2	7	5	0	3	2	5	0	7	1	0	1	2	2	0	2	1	0	2	2	2	2	5	4	1	1	4	1	0	2	2	7	0	0	3	4	5
A[Del(T):R6]A	0	3	0	4	1	2	3	0	0	0	1	3	2	3	1	1	2	4	3	0	1	0	1	3	1	1	0	1	2	1	0	1	1	1	0	0	2	1	4	5	1	2	5	2	4	1	3	1	1	4	5	1	3	5	3	3	2	2	3	3	0	0	1	1	2	1	1	3	4	0	3	1	3	0	1	1	2	2	5	2	2	2	1	117	8	1	1	4	2	2	1	1	1	1	1	1	1	2	2	3	4	1	4	3	3	1	2	1	3	0	4	0	2	4	4	0	1	0	3	0	1	5	2	2	6	1	2	1	3	0	2	0	0	3	1	0	1	1	1	1	2	1	1	1	2	1	0	2	4	0	1	0	2	2	1	3	3	0	6	2	0	1	7	1	2	2	2	0	2	1	1	0	5	4	2	0	5	17	1	3	0	4	1	4	1	4	3	1	7	2	0	3	1	2	0	2	2	3	4	0	0	2	0	2	1	1	2	2	1	5	0	2	0	2	1	0	1	2	0	3	2	0	3	4	1	2	3	4	2	2	0	3	2	1	3	3	1	2	0	5	1	1	2	1	3	1	0	4	3	1	0	2	6	0	4	1	2	2	2	1	0	4	5	2	1	4	3	0	1	0	4	1	0	1	1	1	0	3	1	0	2	0	0	0	0	0	481	3	0	0	0	4	1	4	2	0	1	0	1	2	3	0	1	2	6	1	1	1	1	0	5	1	2	0	0	1	1	1	2	1	3	4	3	5	0	2	4	0	3	1	0	2	8	3	0	6	4	6	1	2	1	1	2	2	4	2	3	4	4	1	1	2	0	1	1	4	1	0	5	3	0	4	2	2	3	3	3	2	2	0	2	3	3	3	0	0	1	6	2
A[Del(T):R6]C	0	1	2	0	2	0	1	3	0	1	2	1	1	2	1	1	0	2	2	1	0	2	1	1	2	2	1	0	1	1	0	1	0	3	0	0	1	1	0	1	1	1	3	1	2	0	2	0	0	2	3	0	1	0	0	3	1	2	1	3	1	1	1	0	1	1	1	3	2	0	1	1	0	0	0	1	1	1	0	0	2	1	1	58	0	0	0	0	4	0	0	4	1	1	0	1	1	0	1	1	2	0	1	2	2	1	2	1	0	1	1	1	1	0	4	1	1	1	1	0	1	1	0	1	2	0	1	0	2	0	4	1	0	1	0	0	1	0	2	3	2	1	1	0	2	1	0	1	1	1	0	1	0	3	0	3	1	1	2	1	1	0	2	2	1	0	2	0	0	1	1	2	1	0	1	0	1	2	1	3	0	2	2	1	0	0	1	2	4	1	1	0	0	0	2	1	5	3	1	2	0	1	1	0	3	2	1	0	1	4	0	0	0	1	0	0	2	4	2	1	0	0	1	1	2	3	2	0	0	2	0	2	0	2	1	0	0	2	2	0	1	1	3	0	1	0	0	1	6	0	1	2	2	0	2	0	1	1	1	2	1	2	0	3	1	2	2	1	1	1	1	9	0	0	0	1	2	1	1	1	2	0	0	0	0	0	180	1	2	5	0	0	1	5	5	0	1	2	0	1	1	1	1	1	1	0	1	2	1	0	2	2	1	1	1	0	1	0	0	0	0	1	1	3	0	1	2	0	1	0	1	2	3	3	1	2	0	2	1	2	2	1	2	2	0	1	2	0	2	1	5	0	0	1	0	1	1	1	3	0	0	3	0	0	5	1	2	0	1	0	2	0	2	2	0	1	1	3	1
A[Del(T):R6]G	0	1	1	4	0	0	0	1	0	1	1	0	1	0	0	1	0	1	1	1	0	2	0	3	1	0	1	2	1	0	0	1	1	1	1	2	0	0	1	3	0	4	4	0	3	2	3	1	1	4	1	0	0	4	0	0	0	2	1	1	0	2	1	1	0	3	0	0	2	1	2	0	1	0	1	3	0	1	0	0	1	2	0	99	1	0	0	0	2	2	1	3	2	2	0	0	1	0	2	1	0	0	2	2	4	1	2	0	1	0	2	0	1	1	4	0	0	0	2	1	2	1	2	1	1	1	1	1	1	1	1	1	1	0	1	1	1	1	1	0	0	0	1	1	0	0	1	2	0	1	0	1	4	0	0	0	4	1	1	2	3	3	0	0	0	5	1	0	0	2	0	5	1	4	0	1	2	6	1	1	2	0	0	2	0	2	3	0	2	1	3	0	1	0	0	4	2	1	4	0	0	0	1	1	1	2	1	1	2	1	1	1	0	5	1	0	1	0	3	0	1	0	0	1	2	0	1	3	1	0	0	4	0	1	1	2	0	2	0	3	1	0	0	2	1	2	1	0	3	0	1	0	1	1	0	1	2	0	4	3	0	1	1	3	0	2	0	0	0	1	2	5	0	1	3	1	0	1	0	0	3	0	0	0	1	3	262	3	1	2	1	1	1	4	2	1	1	0	1	3	1	0	2	1	0	3	1	0	1	0	2	1	0	0	0	1	0	2	2	0	1	1	0	2	0	0	1	0	1	0	0	0	8	0	0	4	1	0	4	2	4	2	4	5	3	1	1	2	3	0	1	2	1	2	0	2	1	1	1	0	1	1	4	3	2	0	2	1	3	3	0	1	1	3	1	1	0	4	0
A[Del(T):R7]A	1	0	1	2	1	1	1	0	1	1	2	1	4	2	0	0	0	0	1	1	1	2	1	3	1	0	1	1	0	2	1	1	0	1	1	3	1	0	1	2	2	1	10	0	3	1	0	2	0	4	3	0	1	1	4	1	2	0	0	1	0	1	0	1	0	1	1	1	3	0	3	1	1	1	1	1	3	0	1	2	1	1	3	156	1	2	0	3	3	4	1	0	0	0	0	2	1	0	1	1	2	0	2	1	2	0	2	0	1	0	0	0	1	1	3	2	1	1	0	0	2	1	1	0	2	0	1	1	1	0	2	0	0	1	3	0	1	0	1	1	1	5	2	2	0	1	1	4	3	0	1	1	1	2	1	0	1	1	3	2	0	0	3	0	1	1	1	0	1	3	2	0	1	3	1	2	2	13	1	3	4	1	0	3	1	1	1	1	2	1	2	1	0	0	0	2	0	0	5	1	0	2	2	0	0	3	3	1	0	2	0	1	0	2	1	0	0	1	0	0	2	0	0	5	0	1	0	3	0	2	0	3	0	1	4	1	1	1	0	0	0	0	2	0	1	1	0	1	3	2	2	3	0	3	1	4	1	2	2	3	1	6	5	2	0	1	2	0	1	3	3	4	0	0	0	0	0	0	2	1	4	1	0	1	2	3	640	4	1	1	2	2	2	6	0	3	0	0	0	0	1	0	2	0	1	1	1	1	0	0	1	0	1	0	0	0	5	0	0	2	2	2	0	3	1	0	1	0	0	2	0	3	3	0	0	5	2	7	1	1	1	3	5	3	3	1	4	1	1	3	2	2	0	1	0	2	0	1	3	0	0	2	0	0	1	5	2	0	2	2	2	2	2	1	1	0	0	4	0
A[Del(T):R7]C	0	0	0	1	0	1	2	1	3	0	2	2	3	1	1	1	0	0	2	0	2	2	1	1	1	0	0	1	1	0	0	0	0	0	0	2	0	1	0	5	3	0	2	1	4	3	0	0	1	8	0	1	2	1	3	1	2	1	1	2	1	1	2	0	0	1	0	1	0	2	0	3	5	0	0	0	4	2	3	3	2	3	1	126	2	0	0	2	2	2	0	2	1	0	0	3	1	1	0	1	2	0	1	2	2	0	1	0	1	1	1	0	2	1	2	2	0	2	1	0	1	0	0	2	2	0	1	0	0	1	0	1	1	1	1	1	0	0	0	1	1	3	1	3	1	2	0	1	0	0	0	1	2	2	2	0	2	3	2	0	4	4	2	0	2	3	0	0	4	0	0	2	1	1	0	2	0	3	2	6	0	1	1	4	0	0	1	2	2	0	2	0	1	1	2	1	6	0	4	0	0	1	1	1	0	2	2	3	0	3	0	0	0	2	3	1	1	1	3	1	3	0	3	3	0	0	1	2	0	0	0	4	1	0	2	1	0	3	0	2	2	1	1	0	0	2	1	1	2	0	5	1	2	2	0	0	1	2	1	4	0	2	5	1	3	1	0	1	5	2	1	4	1	0	1	0	1	2	0	0	1	0	0	1	2	3	433	0	2	1	1	0	2	2	0	1	0	0	3	1	1	1	0	1	0	0	0	1	0	0	1	3	1	0	0	1	2	1	1	1	3	3	3	4	0	0	1	0	2	6	0	1	5	1	1	6	0	4	3	0	4	1	1	2	1	1	1	0	4	3	2	0	0	1	0	1	4	0	3	1	0	2	1	1	2	4	1	0	1	2	3	3	2	1	0	1	1	8	1
A[Del(T):R7]G	1	0	0	2	2	0	1	0	2	0	1	2	1	0	1	1	0	2	0	0	0	0	1	2	1	1	1	1	0	0	0	2	0	0	0	0	0	0	1	5	0	1	3	0	3	1	0	0	0	4	1	2	0	1	3	0	0	1	0	0	0	0	0	0	0	1	1	0	2	0	3	2	2	0	1	0	0	0	0	2	0	3	2	192	0	1	0	3	0	0	0	1	0	1	0	2	0	0	0	1	0	0	1	2	1	2	1	1	1	1	0	0	0	2	1	0	0	2	1	0	1	1	2	1	2	1	1	0	1	0	0	0	1	1	1	0	0	0	0	0	1	3	0	1	0	0	3	0	0	0	1	1	0	0	1	0	0	0	1	0	3	2	0	0	0	4	1	0	5	0	0	2	0	0	0	1	2	7	0	0	1	1	0	1	0	2	1	4	1	1	2	0	0	1	0	1	1	0	3	0	0	0	0	0	1	0	1	0	0	6	0	0	0	0	0	0	0	2	1	0	1	0	1	1	2	0	1	1	2	0	0	1	0	2	0	1	0	0	0	1	1	0	0	0	0	2	0	0	1	0	0	0	0	1	1	0	1	0	3	0	0	5	2	3	2	0	0	0	0	1	0	1	1	1	0	0	1	0	0	0	1	1	0	0	0	0	515	0	1	1	0	0	2	1	6	0	0	0	0	2	0	0	2	0	1	0	1	0	0	0	1	1	0	0	0	0	1	1	0	0	4	1	0	3	0	1	1	0	2	3	0	0	4	1	1	2	3	1	0	0	1	1	0	2	0	1	3	1	2	3	1	2	0	1	2	2	2	1	1	0	1	0	0	0	0	4	3	0	2	1	3	1	1	1	0	4	0	2	0
A[Del(T):R8]A	0	0	1	1	1	0	0	1	0	1	1	0	1	0	1	0	0	2	2	0	0	0	1	3	1	0	0	1	0	5	0	1	0	1	0	2	0	0	0	1	0	2	4	2	1	1	0	2	0	5	2	2	0	3	4	0	0	2	3	2	1	1	1	2	3	0	1	2	3	1	0	0	0	1	1	0	1	0	1	1	0	0	0	197	0	1	0	2	1	0	1	0	1	1	0	1	0	1	0	4	1	0	2	0	1	1	0	2	0	0	0	1	1	1	0	2	0	1	0	0	0	2	0	0	3	0	0	0	0	0	3	0	0	1	0	0	1	0	1	1	0	1	2	3	1	2	0	0	0	0	1	1	1	2	0	0	1	3	1	0	2	0	2	0	3	1	3	0	0	0	0	1	1	2	1	1	2	11	1	0	0	1	1	3	0	0	1	0	1	1	0	0	1	0	1	0	6	0	3	0	0	0	0	1	0	1	4	0	0	5	1	0	0	0	1	1	0	1	0	0	0	0	0	1	0	0	1	2	1	0	0	1	0	2	1	1	0	1	0	2	2	1	0	0	1	0	2	1	2	1	2	0	2	0	1	0	1	1	4	1	0	6	5	2	3	3	2	0	0	1	0	6	0	0	2	1	0	2	0	0	0	0	0	0	1	0	815	2	0	0	1	2	3	2	1	0	0	0	2	0	0	0	0	0	0	0	1	0	2	0	0	1	0	0	0	0	3	1	0	0	1	1	1	0	0	0	1	0	1	5	3	0	7	6	0	8	4	2	0	1	3	5	6	3	0	4	7	2	1	2	1	0	1	1	2	3	5	2	1	0	0	0	3	1	3	6	2	1	3	0	3	0	1	1	0	1	1	9	1
A[Del(T):R8]C	0	0	0	2	0	2	0	2	2	0	1	0	2	1	1	0	0	1	2	0	0	0	0	2	1	0	2	1	1	2	0	3	1	0	1	0	0	0	2	1	2	1	6	1	1	0	1	0	0	1	3	0	1	2	4	1	2	1	2	0	2	0	0	0	1	1	0	0	0	0	3	1	0	0	0	0	2	0	4	2	1	2	0	163	0	2	0	1	0	0	1	1	2	0	0	2	0	0	0	0	0	0	2	1	1	0	0	2	3	3	1	0	0	1	0	0	0	0	1	0	1	2	0	2	0	1	1	0	0	0	4	2	1	1	1	0	0	1	1	2	0	1	1	0	1	1	0	0	2	0	0	0	1	2	0	1	2	1	0	2	1	0	1	0	1	0	0	1	2	0	1	0	0	3	0	1	2	12	0	1	0	0	0	0	0	1	0	0	0	1	1	1	0	0	0	2	0	0	0	2	0	1	0	0	1	1	1	0	0	0	0	0	0	0	0	0	1	1	0	0	1	0	0	1	1	1	0	1	2	0	0	3	0	1	1	0	0	0	0	1	1	1	1	1	1	1	0	1	3	1	1	2	0	0	1	1	3	0	0	0	0	1	4	0	1	2	0	1	0	0	0	13	0	0	1	0	0	2	0	1	1	1	0	0	0	2	629	2	0	2	0	2	1	2	0	1	1	0	1	0	0	0	1	0	1	2	0	2	1	0	0	3	0	0	1	1	2	1	0	0	3	2	0	3	0	1	1	0	2	4	3	0	2	4	0	4	1	0	1	0	4	2	3	5	2	0	0	2	2	1	3	2	0	2	0	2	2	1	5	0	0	1	3	2	5	1	4	0	1	0	2	1	1	1	0	1	0	6	1
A[Del(T):R8]G	0	0	0	1	1	0	1	0	1	0	4	2	0	1	0	1	0	2	0	0	0	0	0	0	0	0	1	0	1	0	1	0	0	3	1	2	3	0	0	0	0	0	1	1	2	0	1	1	0	2	0	1	0	0	0	0	1	1	0	1	1	1	0	0	0	0	0	1	0	0	0	1	0	1	1	0	0	0	0	2	1	0	0	178	0	0	0	0	0	0	1	0	0	0	0	1	1	0	0	0	0	0	1	1	1	0	0	1	1	1	0	0	1	0	0	0	0	1	0	0	0	0	0	0	2	0	1	0	1	1	1	2	0	0	0	0	0	0	0	0	0	3	2	1	0	1	0	0	1	0	0	0	0	0	0	0	0	0	1	0	2	0	0	0	1	1	0	0	0	0	0	0	1	2	1	0	1	7	1	2	0	0	0	3	1	0	0	1	1	0	0	0	0	1	0	0	0	1	1	0	0	1	0	0	0	0	1	1	1	2	0	1	0	0	0	0	0	0	1	0	0	0	0	1	0	0	0	1	0	0	0	3	0	0	0	2	1	1	0	1	0	1	0	1	1	0	0	1	1	0	0	0	3	0	1	0	0	0	1	2	0	1	0	0	0	2	0	0	1	1	0	3	1	0	1	0	0	1	0	0	1	0	0	0	0	0	490	2	0	1	0	1	1	2	2	0	1	0	2	0	0	0	0	1	1	0	0	1	0	0	0	0	0	0	1	1	2	0	0	0	4	2	0	4	0	2	2	0	2	3	1	2	6	1	0	4	2	1	2	1	1	4	1	2	1	0	1	1	3	1	0	0	0	0	0	1	1	0	3	0	1	2	1	1	2	3	4	0	0	0	2	2	0	0	0	0	0	3	0
A[Del(T):R(9,)]A	0	0	0	0	0	0	0	0	0	0	0	0	0	0	0	0	0	0	0	0	0	0	0	0	0	0	0	0	0	0	0	0	0	0	0	0	0	0	0	0	0	0	0	0	0	0	0	0	0	0	0	0	0	0	0	0	0	0	0	0	0	0	0	0	0	0	0	0	0	0	0	0	0	0	0	0	0	0	0	0	0	0	0	0	0	0	0	0	0	0	0	0	0	0	0	0	0	0	0	0	0	0	0	0	0	0	0	0	0	0	0	0	0	0	0	0	0	0	0	0	0	0	0	0	0	0	0	0	0	0	0	0	0	0	0	0	0	0	0	0	0	0	0	0	0	0	0	0	0	0	0	0	0	0	0	0	0	0	0	0	0	0	0	0	0	0	0	0	0	0	0	0	0	0	0	0	0	0	0	0	0	0	0	0	0	0	0	0	0	0	0	0	0	0	0	0	0	0	0	0	0	0	0	0	0	0	0	0	0	0	0	0	0	0	0	0	0	0	0	0	0	0	0	0	0	0	0	0	0	0	0	0	0	0	0	0	0	0	0	0	0	0	0	0	0	0	0	0	0	0	0	0	0	0	0	0	0	0	0	0	0	0	0	0	0	0	0	0	0	0	0	0	0	0	0	0	0	0	0	0	0	0	0	0	0	0	0	0	0	0	0	0	0	0	0	0	0	0	0	0	0	0	0	0	0	0	0	0	0	0	0	0	0	0	0	0	0	0	0	0	0	0	0	0	0	0	0	0	0	0	0	0	0	0	0	0	0	0	0	0	0	0	0	0	0	0	0	0	0	0	0	0	0	0	0	0	0	0	0	0	0	0	0	0	0	0	0	0	0	0	0	0	0	0	0	0	0	0	0
A[Del(T):R(9,)]C	0	0	0	0	0	0	0	0	0	0	0	0	0	0	0	0	0	0	0	0	0	0	0	0	0	0	0	0	0	0	0	0	0	0	0	0	0	0	0	0	0	0	0	0	0	0	0	0	0	0	0	0	0	0	0	0	0	0	0	0	0	0	0	0	0	0	0	0	0	0	0	0	0	0	0	0	0	0	0	0	0	0	0	0	0	0	0	0	0	0	0	0	0	0	0	0	0	0	0	0	0	0	0	0	0	0	0	0	0	0	0	0	0	0	0	0	0	0	0	0	0	0	0	0	0	0	0	0	0	0	0	0	0	0	0	0	0	0	0	0	0	0	0	0	0	0	0	0	0	0	0	0	0	0	0	0	0	0	0	0	0	0	0	0	0	0	0	0	0	0	0	0	0	0	0	0	0	0	0	0	0	0	0	0	0	0	0	0	0	0	0	0	0	0	0	0	0	0	0	0	0	0	0	0	0	0	0	0	0	0	0	0	0	0	0	0	0	0	0	0	0	0	0	0	0	0	0	0	0	0	0	0	0	0	0	0	0	0	0	0	0	0	0	0	0	0	0	0	0	0	0	0	0	0	0	0	0	0	0	0	0	0	0	0	0	0	0	0	0	0	0	0	0	0	0	0	0	0	0	0	0	0	0	0	0	0	0	0	0	0	0	0	0	0	0	0	0	0	0	0	0	0	0	0	0	0	0	0	0	0	0	0	0	0	0	0	0	0	0	0	0	0	0	0	0	0	0	0	0	0	0	0	0	0	0	0	0	0	0	0	0	0	0	0	0	0	0	0	0	0	0	0	0	0	0	0	0	0	0	0	0	0	0	0	0	0	0	0	0	0	0	0	0	0	0	0	0	0	0
A[Del(T):R(9,)]G	0	0	0	0	0	0	0	0	0	0	0	0	0	0	0	0	0	0	0	0	0	0	0	0	0	0	0	0	0	0	0	0	0	0	0	0	0	0	0	0	0	0	0	0	0	0	0	0	0	0	0	0	0	0	0	0	0	0	0	0	0	0	0	0	0	0	0	0	0	0	0	0	0	0	0	0	0	0	0	0	0	0	0	0	0	0	0	0	0	0	0	0	0	0	0	0	0	0	0	0	0	0	0	0	0	0	0	0	0	0	0	0	0	0	0	0	0	0	0	0	0	0	0	0	0	0	0	0	0	0	0	0	0	0	0	0	0	0	0	0	0	0	0	0	0	0	0	0	0	0	0	0	0	0	0	0	0	0	0	0	0	0	0	0	0	0	0	0	0	0	0	0	0	0	0	0	0	0	0	0	0	0	0	0	0	0	0	0	0	0	0	0	0	0	0	0	0	0	0	0	0	0	0	0	0	0	0	0	0	0	0	0	0	0	0	0	0	0	0	0	0	0	0	0	0	0	0	0	0	0	0	0	0	0	0	0	0	0	0	0	0	0	0	0	0	0	0	0	0	0	0	0	0	0	0	0	0	0	0	0	0	0	0	0	0	0	0	0	0	0	0	0	0	0	0	0	0	0	0	0	0	0	0	0	0	0	0	0	0	0	0	0	0	0	0	0	0	0	0	0	0	0	0	0	0	0	0	0	0	0	0	0	0	0	0	0	0	0	0	0	0	0	0	0	0	0	0	0	0	0	0	0	0	0	0	0	0	0	0	0	0	0	0	0	0	0	0	0	0	0	0	0	0	0	0	0	0	0	0	0	0	0	0	0	0	0	0	0	0	0	0	0	0	0	0	0	0	0	0
C[Del(T):R1]A	0	3	6	5	5	3	5	2	4	4	13	3	4	4	0	1	1	3	1	2	0	2	4	6	2	4	6	6	2	4	4	7	3	6	3	4	3	1	4	5	3	7	6	10	2	3	4	1	2	6	3	1	1	8	1	1	2	4	5	2	2	3	2	3	1	2	3	5	3	3	5	5	5	0	1	2	4	1	2	11	6	2	2	3	1	5	1	1	3	6	4	1	3	4	3	6	2	3	1	4	5	0	3	4	13	0	2	1	2	4	5	2	2	2	5	2	3	2	4	0	7	1	4	8	10	3	4	1	9	3	1	3	1	1	5	0	6	1	1	5	1	3	4	4	4	4	1	3	3	2	1	6	5	4	4	1	10	2	6	2	0	6	11	3	7	6	2	2	4	2	2	6	1	5	5	2	2	6	0	5	8	11	3	6	1	3	4	3	5	7	2	2	3	1	0	2	5	9	3	1	0	2	5	4	3	6	2	2	6	7	0	4	0	2	1	1	5	4	7	2	5	1	3	3	2	4	2	5	3	2	2	12	7	0	12	0	3	2	1	5	7	0	10	1	0	5	1	3	4	6	2	3	2	5	4	1	1	2	4	5	1	8	3	9	5	7	3	2	0	5	2	5	4	1	4	3	8	3	4	3	4	2	0	3	5	11	9	2	1	5	3	0	4	11	4	3	3	3	3	8	2	2	3	3	4	4	1	3	3	0	9	3	2	0	1	3	1	3	0	5	0	9	4	5	3	3	4	0	3	2	2	6	11	13	0	3	3	5	2	7	3	1	4	7	5	4	5	4	9	4	6	0	0	3	2	4	1	1	4	2	3	6	2	2	3	2	2	4	7	10	1	4	5	11	2	7	3	4	5
C[Del(T):R1]C	0	1	1	2	4	1	0	3	1	2	6	1	6	1	4	2	0	5	1	1	0	1	9	3	4	0	2	1	0	3	0	4	0	3	1	3	3	0	4	3	0	8	11	0	0	0	1	1	2	4	2	2	1	3	2	3	1	3	4	1	1	4	2	1	1	2	1	4	2	3	5	5	9	0	2	8	3	2	1	1	2	2	3	7	2	3	1	3	5	4	5	6	3	3	3	3	1	4	1	1	4	0	2	3	10	0	1	3	0	2	1	3	2	3	3	2	1	3	3	1	5	5	2	3	12	4	1	0	7	1	1	3	3	0	2	0	2	3	4	2	0	4	10	4	2	0	1	1	3	1	2	3	6	3	2	1	8	3	4	1	0	4	14	1	11	3	2	3	5	2	3	1	1	3	3	4	5	3	5	9	5	3	2	3	3	2	4	0	1	6	1	5	3	0	2	1	1	4	3	1	1	1	0	0	1	3	3	4	3	3	4	7	2	5	3	0	1	3	9	2	2	0	3	9	1	5	1	3	4	1	1	8	1	1	5	2	5	1	0	4	8	1	4	0	0	19	1	4	4	2	2	1	3	1	4	5	2	2	2	5	2	5	1	0	0	8	3	9	3	5	3	4	4	1	2	0	1	2	3	1	2	2	0	3	2	3	2	4	2	2	2	0	2	11	14	1	1	1	1	2	4	0	3	1	1	1	1	2	3	0	5	2	1	0	5	2	2	5	1	3	2	1	7	4	5	3	2	0	2	3	3	3	7	4	2	4	2	3	1	15	4	3	1	7	1	3	3	3	2	4	6	6	0	2	3	5	4	3	5	0	4	5	1	2	1	5	1	0	4	5	0	2	4	19	0	1	2	7	3
C[Del(T):R1]G	0	3	7	8	3	2	11	10	5	1	10	3	10	4	1	0	0	5	7	2	4	7	6	3	7	1	6	0	1	3	0	6	5	1	3	5	15	2	4	5	4	7	15	1	3	1	5	2	3	14	3	3	3	4	5	2	1	6	11	2	5	7	4	1	0	4	14	3	4	2	5	13	14	1	3	4	3	8	1	12	2	3	4	4	4	4	4	4	3	8	6	3	4	2	3	3	5	8	2	5	8	1	7	8	13	3	5	2	5	3	4	2	2	0	15	3	1	2	1	0	7	3	2	7	13	4	9	1	6	2	11	1	10	4	5	1	2	6	6	5	0	0	8	2	7	3	3	6	3	3	3	9	13	3	1	5	3	6	11	6	6	2	15	2	14	5	5	2	5	7	1	1	4	6	5	9	16	3	5	16	3	10	3	8	2	3	4	3	8	8	2	1	1	4	2	8	6	8	5	3	1	4	6	4	8	9	9	6	5	12	1	8	1	1	4	3	4	1	12	4	12	2	6	6	3	9	4	10	13	5	0	8	11	3	5	5	4	6	3	3	12	4	4	0	1	22	1	3	13	5	7	2	3	5	7	7	4	3	3	2	3	6	3	2	1	4	5	5	2	1	3	9	2	1	2	1	7	2	2	3	6	1	0	2	3	15	6	7	11	5	5	4	8	8	8	1	5	4	8	10	6	0	2	2	0	4	5	2	7	1	7	6	5	4	3	5	3	9	0	7	0	5	6	9	6	4	3	0	5	0	3	10	8	15	0	7	4	4	1	8	6	3	3	7	7	2	3	5	11	8	8	7	1	5	2	5	5	4	9	2	1	2	6	3	2	7	1	4	5	6	1	8	7	27	0	4	4	6	1
C[Del(T):R2]A	4	1	4	4	0	2	1	4	3	3	3	1	6	7	2	2	0	3	3	1	1	1	7	3	2	2	4	1	1	2	0	0	1	3	3	10	5	0	3	4	5	9	6	3	5	0	4	0	2	6	2	3	1	2	1	4	2	2	4	1	1	3	4	3	3	4	2	1	7	0	1	4	1	0	0	3	2	0	0	3	2	3	2	1	6	0	1	2	2	4	0	2	3	3	0	2	3	3	4	1	7	0	2	3	7	1	1	3	2	1	2	2	3	2	9	0	1	1	4	0	3	2	5	2	4	0	8	1	4	1	4	4	3	2	3	0	4	2	3	3	2	2	1	1	2	1	2	2	1	2	1	1	6	3	3	2	10	1	3	2	1	3	9	2	3	6	0	2	1	2	2	5	0	6	2	1	3	7	7	6	2	4	1	6	1	3	0	1	2	2	1	1	1	0	1	4	3	6	6	2	1	3	2	2	2	1	2	6	1	0	1	3	1	1	1	0	5	1	4	3	4	2	2	1	0	7	4	3	4	1	1	3	2	1	6	2	3	2	3	0	6	6	4	1	0	3	1	2	3	2	0	4	2	3	5	2	3	3	1	5	1	7	1	2	1	5	6	3	1	2	3	0	1	0	3	0	2	1	0	0	4	1	0	4	3	2	9	1	2	3	2	1	3	9	5	1	2	1	5	6	2	1	3	1	4	2	5	5	1	0	3	3	3	2	1	3	2	4	0	5	1	3	2	8	2	2	1	0	0	2	2	5	5	5	1	1	4	1	3	9	2	4	3	6	0	3	2	5	4	3	0	1	0	0	3	2	1	2	3	0	1	1	3	1	0	5	2	1	3	2	1	4	1	11	1	3	0	3	1
C[Del(T):R2]C	5	1	3	5	2	5	4	5	3	3	11	1	4	8	1	2	1	2	1	0	1	5	1	5	5	2	2	4	0	2	0	2	2	1	1	0	2	4	3	3	4	8	8	5	0	0	2	1	1	1	1	1	1	4	2	3	0	2	1	3	1	5	2	1	0	1	1	2	4	4	1	6	5	2	1	1	3	1	1	3	0	7	1	4	3	3	0	2	6	2	7	1	2	3	0	5	4	6	0	2	2	0	7	6	9	0	5	6	3	0	3	0	3	5	5	2	2	1	2	0	2	2	0	2	4	0	5	0	4	5	1	3	1	1	5	3	0	2	3	2	0	0	5	4	1	2	4	1	2	2	1	3	4	4	2	0	2	1	2	2	4	1	17	1	2	3	4	1	0	1	2	6	4	2	2	5	5	1	5	7	8	8	1	4	1	1	0	4	5	1	0	2	2	4	2	6	5	3	4	2	1	1	2	1	0	3	3	2	2	2	1	3	1	1	3	1	9	2	2	2	3	0	2	6	2	5	4	3	5	4	0	6	5	0	4	0	5	5	5	1	7	4	5	0	2	5	3	1	6	0	0	2	1	2	5	3	6	2	3	5	3	3	3	8	1	3	1	7	3	2	1	5	1	0	2	0	3	0	5	2	2	0	1	1	2	6	15	0	4	4	2	3	1	10	10	3	2	0	2	0	2	0	3	1	0	4	6	0	0	0	4	2	6	0	1	4	2	2	2	3	3	3	1	6	1	3	3	0	4	2	3	5	2	5	0	3	1	2	0	13	5	2	2	6	0	1	3	2	2	4	8	3	1	3	2	7	4	1	1	2	1	6	2	2	4	4	0	1	2	1	1	2	6	18	0	1	1	3	1
C[Del(T):R2]G	3	0	7	4	1	2	2	2	2	1	4	1	5	4	1	2	0	4	1	0	3	2	0	2	4	2	3	0	0	1	2	3	1	2	4	1	3	0	3	5	1	9	4	2	2	0	2	0	3	1	1	2	0	3	1	5	0	6	3	4	2	6	4	4	2	5	4	4	1	1	2	4	4	1	2	4	4	1	2	6	1	1	1	3	3	2	1	2	3	1	3	1	0	3	4	5	1	1	1	1	1	1	6	1	13	2	1	2	2	1	3	0	2	3	6	1	2	1	3	0	3	2	1	4	6	1	3	0	4	0	3	1	3	0	5	2	6	1	2	1	2	0	5	2	0	0	5	4	3	1	1	0	8	5	4	0	6	3	7	2	7	2	6	1	5	2	2	1	4	6	1	7	1	1	0	4	0	4	1	2	5	2	5	6	2	5	0	3	4	1	1	2	2	1	1	1	4	4	3	2	2	1	2	2	3	3	2	4	1	2	0	2	0	2	2	0	4	0	5	4	5	0	0	4	2	8	2	4	3	2	0	8	5	5	8	0	0	6	3	2	4	4	1	1	1	3	0	2	3	2	3	3	1	4	4	2	5	2	2	2	0	3	1	2	0	2	1	1	2	1	1	3	1	0	2	3	7	2	2	0	1	1	0	1	2	4	7	3	1	2	3	1	2	6	2	2	3	1	3	1	3	0	7	0	1	3	1	1	2	1	5	1	0	0	3	7	1	2	1	4	2	3	3	4	1	0	0	0	3	0	4	4	7	8	1	1	0	2	0	11	3	2	2	3	5	2	1	1	2	1	5	1	1	0	3	2	0	1	2	1	1	3	4	2	1	4	1	2	4	5	0	3	0	10	0	1	2	2	2
C[Del(T):R3]A	1	2	0	2	0	2	6	6	2	6	6	1	3	3	1	2	0	4	3	0	1	4	3	3	4	2	4	1	0	1	1	4	1	2	0	2	1	0	1	1	2	8	5	3	4	1	1	0	1	5	1	1	0	4	2	9	1	5	0	1	2	5	3	1	1	4	0	1	5	1	2	1	3	2	2	1	4	0	3	4	4	2	1	5	7	1	0	0	3	4	3	3	2	2	2	2	0	2	3	3	0	0	5	5	7	4	2	0	1	1	5	1	5	3	2	4	1	0	6	0	2	3	4	7	4	2	3	2	6	1	2	2	1	0	0	1	3	1	1	3	1	0	2	2	6	1	3	0	1	0	4	3	4	3	0	3	1	2	3	2	1	2	11	0	0	2	2	0	0	2	0	0	2	1	2	5	1	12	2	5	2	4	1	4	2	2	2	0	2	2	2	1	2	3	1	3	4	3	3	2	1	1	0	1	2	4	3	3	0	4	0	4	2	2	1	2	4	2	4	0	2	0	3	2	2	5	4	4	1	3	0	4	4	1	2	4	1	0	2	2	8	2	2	0	0	10	2	1	7	4	1	2	0	1	2	2	2	0	1	2	0	1	1	4	0	2	2	2	0	0	3	2	1	0	1	1	2	2	2	2	4	0	0	4	4	1	16	4	2	3	3	1	2	6	3	4	2	0	5	2	3	0	0	0	7	4	4	2	2	2	3	1	0	0	1	0	4	0	1	5	0	4	4	1	1	1	5	0	3	1	2	1	4	5	0	2	1	1	0	11	10	3	2	4	4	3	1	3	3	2	3	3	1	0	2	5	2	3	5	0	0	2	1	2	5	1	1	2	4	4	0	2	1	9	2	3	1	2	1
C[Del(T):R3]C	5	4	2	1	3	2	1	1	1	3	4	1	5	5	1	1	1	1	1	0	0	1	4	0	4	4	4	1	0	0	0	5	1	1	1	3	1	0	2	4	2	8	1	1	2	1	3	0	1	1	0	0	0	3	1	3	2	0	3	1	1	2	1	1	0	4	3	0	0	2	3	5	3	0	2	0	0	2	2	4	3	5	0	10	1	1	1	0	4	3	1	4	2	0	2	1	2	5	1	5	4	0	5	1	2	0	4	1	1	3	3	0	3	5	7	6	3	2	3	0	3	1	1	3	5	2	6	0	2	0	3	1	1	1	4	2	0	1	2	1	2	0	3	2	3	1	1	4	1	0	2	4	5	4	0	0	1	2	7	5	1	2	8	5	3	1	2	1	2	1	1	1	3	2	1	4	5	7	1	5	6	3	4	4	1	1	2	2	4	2	0	0	0	0	1	3	1	5	3	1	0	2	1	3	1	4	4	0	1	3	3	4	2	1	2	1	3	0	6	1	1	0	1	2	1	3	2	2	5	0	0	4	1	1	3	1	1	2	1	6	4	5	2	0	1	3	0	2	9	2	0	4	1	2	3	2	0	3	2	0	1	2	4	2	3	2	3	4	2	1	2	4	1	0	2	1	1	5	3	1	0	3	0	1	0	4	15	0	2	3	3	1	2	4	7	1	1	0	3	2	2	0	1	0	2	4	1	0	0	0	0	2	0	0	1	5	0	1	0	1	2	1	1	6	1	4	1	0	3	2	6	1	8	5	0	1	4	3	2	6	2	3	6	2	4	0	3	2	4	1	1	2	0	1	1	4	1	1	2	1	2	2	2	2	6	1	0	0	3	3	0	3	3	9	2	2	1	4	4
C[Del(T):R3]G	1	1	3	10	1	3	2	7	2	4	2	3	2	5	0	0	1	1	1	0	1	0	3	1	4	4	3	2	0	3	0	7	0	1	3	4	5	0	1	3	1	8	7	2	2	0	0	1	1	3	2	4	1	5	0	6	2	4	2	3	0	2	0	2	0	3	0	0	2	3	2	4	4	0	1	0	2	1	1	5	2	3	0	6	2	1	1	2	0	5	1	2	0	2	0	1	2	0	2	3	3	1	6	2	8	0	4	4	1	0	3	0	3	3	3	2	1	3	4	0	5	2	1	3	4	0	4	2	1	4	1	4	1	2	2	4	1	1	5	1	0	2	2	2	3	1	1	3	0	0	2	1	2	1	0	0	2	3	4	2	0	2	6	1	6	2	1	1	1	1	1	1	1	1	1	6	6	6	2	8	2	2	1	1	3	2	1	0	5	5	5	1	1	2	0	4	0	1	3	0	1	1	1	2	1	4	2	0	1	2	0	0	1	1	3	1	1	1	3	3	0	0	1	1	0	5	1	3	0	0	0	7	5	1	2	0	2	2	4	5	4	2	1	0	0	7	0	2	2	3	5	2	4	2	4	3	3	3	1	2	2	3	3	2	0	3	3	0	1	0	2	3	3	1	2	0	3	3	2	1	2	0	0	1	1	1	8	1	2	1	1	2	0	6	0	1	1	1	1	2	4	1	2	2	3	1	2	2	1	1	3	1	3	1	1	1	2	6	0	1	1	3	3	5	2	2	1	0	1	3	5	3	5	7	0	1	1	2	0	10	0	5	5	3	0	2	2	3	3	3	5	0	0	1	1	2	2	7	0	0	0	2	1	4	2	0	3	1	3	1	0	3	3	5	0	1	1	3	1
C[Del(T):R4]A	4	1	3	3	4	4	1	1	2	3	5	3	6	8	6	3	0	3	2	1	0	2	2	4	2	1	5	1	2	0	2	1	4	0	1	3	4	0	1	3	0	6	7	3	4	2	1	3	2	6	4	2	3	1	1	2	0	2	2	2	1	5	0	2	2	3	0	6	2	0	3	5	1	1	0	3	3	0	1	7	1	2	2	27	2	2	1	1	1	3	2	2	1	0	3	3	0	2	0	2	0	0	3	3	8	0	3	1	1	2	2	0	0	2	3	6	0	0	7	0	6	3	4	2	2	2	5	0	5	3	4	3	1	0	2	0	1	2	2	3	0	2	5	4	2	2	2	3	1	1	3	5	4	2	1	1	2	1	2	5	1	2	7	3	3	2	0	2	2	1	2	3	7	4	3	2	2	3	5	5	1	3	1	2	1	4	5	2	5	3	4	2	1	3	0	2	2	3	5	2	1	0	4	0	1	3	3	6	0	4	1	1	2	3	0	0	0	3	5	0	2	2	3	5	1	9	2	4	2	3	2	5	6	4	5	3	3	4	6	0	8	3	3	0	1	2	0	2	7	1	1	3	5	4	5	7	4	0	0	5	4	2	6	2	3	2	4	1	1	1	1	2	2	0	2	0	2	1	1	0	1	0	0	1	3	2	35	5	0	5	6	1	2	8	4	1	2	1	3	2	2	2	2	1	1	1	5	0	6	0	3	2	3	1	2	1	2	1	2	2	1	5	0	3	2	3	4	0	2	0	2	2	6	3	0	1	2	5	1	1	3	7	4	4	5	1	3	5	6	6	7	1	1	1	5	5	3	2	6	1	1	4	1	2	8	5	1	0	3	4	1	1	3	1	1	2	2	3	1
C[Del(T):R4]C	2	0	1	1	2	0	1	2	2	3	11	3	5	2	0	2	1	2	0	0	0	5	0	1	3	1	2	2	1	0	0	1	2	3	0	1	4	1	1	0	2	3	9	5	2	0	3	0	2	2	2	1	1	1	1	0	1	2	1	0	3	2	3	1	1	3	1	2	2	6	3	6	4	0	0	1	2	0	0	1	0	3	0	20	3	0	0	4	2	5	0	2	1	1	1	4	5	2	0	0	5	0	3	6	2	0	1	0	1	0	1	1	0	4	4	3	1	1	2	0	3	1	0	2	1	2	3	0	2	2	1	0	1	0	1	1	0	1	0	2	0	3	1	1	1	1	0	2	1	2	1	5	5	0	1	4	7	4	2	3	3	1	7	2	3	2	2	4	5	4	1	3	5	3	5	4	4	1	3	2	2	3	0	5	0	2	0	0	2	3	2	0	1	0	0	2	1	7	6	1	1	2	3	4	2	2	3	1	2	4	0	5	0	1	0	0	4	3	1	1	2	0	3	1	2	3	0	5	5	0	1	3	2	1	4	0	1	3	1	2	5	1	4	0	3	2	1	3	4	2	2	2	4	3	2	2	1	0	2	1	0	2	2	1	1	1	4	2	3	0	0	2	0	0	2	0	1	3	2	1	4	1	0	2	2	1	54	3	3	3	0	3	2	10	3	0	2	2	3	2	4	1	0	1	5	3	1	0	2	0	3	2	1	0	0	3	4	3	0	0	2	1	0	1	1	3	2	0	3	2	2	4	3	5	1	1	2	2	0	4	7	3	5	3	1	3	3	5	4	2	2	1	0	2	3	2	3	2	3	0	0	5	2	2	10	3	0	1	3	2	0	5	6	5	0	3	3	1	2
C[Del(T):R4]G	1	2	4	4	2	4	4	3	3	2	2	3	4	1	2	5	2	4	0	1	1	3	2	3	5	0	1	2	2	1	1	3	5	3	1	5	3	1	2	5	4	4	4	3	3	0	6	0	3	1	5	1	0	2	1	1	0	1	2	3	1	3	4	2	1	2	0	1	1	1	3	5	6	0	0	2	5	3	0	5	1	2	1	15	2	0	0	4	7	4	2	3	3	1	1	2	6	3	2	3	5	0	5	2	4	1	1	2	0	2	1	1	1	2	3	4	3	1	0	0	4	4	1	4	1	0	3	0	2	0	2	3	4	2	2	1	1	0	0	1	0	1	1	4	5	0	0	4	4	0	4	6	5	2	2	0	9	2	2	3	3	2	9	0	3	3	1	0	3	2	1	1	2	3	1	1	3	11	4	6	3	3	1	1	1	3	3	1	5	1	4	1	5	2	2	1	6	4	1	1	0	1	1	1	4	4	6	4	0	7	1	3	0	4	0	1	1	1	3	3	2	1	0	1	1	5	2	2	1	1	1	5	5	0	3	2	3	4	4	2	2	0	4	1	3	2	1	1	6	2	0	1	4	0	3	2	4	2	3	0	1	6	2	2	0	4	1	1	0	0	0	9	0	0	1	0	3	3	0	1	4	0	0	0	1	6	39	4	1	1	2	0	4	9	4	0	5	1	3	3	1	0	2	3	5	5	1	1	1	1	0	3	1	1	2	2	4	1	5	2	2	1	2	5	2	0	0	0	2	0	0	1	8	3	0	3	4	3	1	3	2	2	2	7	4	4	6	3	2	1	2	0	0	3	0	2	3	0	5	0	0	3	2	0	6	2	2	1	3	7	1	0	1	4	0	4	2	3	0
C[Del(T):R5]A	2	1	1	1	3	3	3	1	3	1	3	5	3	3	4	1	0	2	1	0	0	2	0	1	3	0	2	2	1	1	1	0	1	4	0	3	3	0	5	3	3	5	7	3	4	0	1	2	1	1	2	1	1	1	2	1	1	2	2	6	0	1	0	0	1	2	3	3	1	2	1	2	4	0	2	1	1	0	4	0	1	3	0	33	3	4	0	2	3	2	2	2	1	5	1	5	1	3	1	2	3	0	4	3	2	1	3	2	2	0	1	0	1	1	1	1	1	0	0	0	5	1	1	3	5	1	3	0	3	0	1	1	3	1	3	3	0	1	0	2	2	0	3	1	1	2	1	2	1	0	3	0	5	2	1	0	1	2	3	0	2	2	7	2	3	6	0	1	7	0	1	3	1	6	3	2	1	6	3	3	2	3	2	2	0	1	0	1	4	2	1	1	5	0	0	0	3	4	5	2	1	1	1	1	3	3	4	5	1	5	0	1	0	0	3	0	1	2	2	0	1	0	1	2	1	1	0	3	4	1	0	5	1	0	5	1	2	2	0	2	1	2	3	1	2	1	0	2	3	2	3	4	5	2	4	1	2	1	2	4	0	2	2	1	0	4	3	0	0	2	0	3	2	0	2	0	3	0	1	1	0	1	0	2	3	2	109	5	3	3	1	1	3	3	2	4	2	1	4	4	3	1	2	2	1	1	2	0	1	1	3	1	0	0	2	0	1	2	3	2	2	1	0	2	0	0	1	0	2	4	2	2	2	4	0	1	2	1	1	2	1	3	2	3	1	4	3	2	5	1	1	1	0	2	1	2	1	1	1	2	2	1	2	3	12	3	0	1	3	2	0	4	4	3	2	2	0	1	1
C[Del(T):R5]C	2	1	0	1	0	0	2	1	2	2	2	1	0	2	0	3	1	3	1	1	1	0	2	1	8	0	2	0	0	1	0	1	1	0	1	2	1	0	2	3	3	2	3	0	3	0	0	1	0	4	0	0	0	1	0	3	1	4	2	1	1	1	1	2	0	1	1	1	2	1	1	5	2	0	1	2	0	0	0	2	0	1	3	51	2	2	0	2	1	1	2	0	0	1	0	3	1	2	0	3	2	0	2	1	1	2	0	3	2	1	2	0	1	0	2	2	0	0	1	0	2	1	0	0	1	2	4	0	2	0	3	1	0	0	2	2	1	4	2	3	0	0	2	5	3	1	2	3	2	1	0	2	2	1	1	0	5	1	1	0	2	0	4	2	4	2	2	2	3	1	1	4	3	6	1	4	2	6	1	4	1	5	1	5	1	0	1	1	3	3	2	0	2	0	0	1	2	4	3	0	2	2	1	0	0	0	1	3	1	1	3	2	0	3	2	0	1	2	3	0	4	1	1	1	2	1	0	3	2	3	1	1	3	1	4	2	1	1	2	1	0	2	2	0	1	4	1	2	6	0	1	3	3	1	5	1	2	2	1	1	4	3	1	1	0	2	2	2	0	1	1	4	0	0	1	0	1	0	0	1	2	1	0	3	0	6	116	3	0	3	1	1	2	6	3	2	1	0	2	1	1	1	3	1	0	2	1	1	2	0	1	1	2	0	1	3	0	0	0	0	2	2	1	4	2	1	3	0	0	0	4	2	5	4	0	4	2	0	2	2	1	0	1	1	1	2	1	1	2	1	2	1	1	0	0	3	0	3	1	2	0	1	2	0	3	5	0	0	2	3	1	5	1	4	0	3	1	4	0
C[Del(T):R5]G	1	1	0	1	2	1	4	4	2	0	3	0	2	2	1	2	0	3	1	0	1	1	3	1	3	1	1	4	1	1	1	0	0	2	0	2	1	0	1	2	2	1	1	4	0	1	2	0	0	2	0	2	1	1	1	0	2	3	0	1	0	2	0	0	0	1	2	0	4	2	1	1	2	0	0	1	0	0	0	1	1	0	0	20	1	3	1	0	1	1	0	2	1	1	0	2	1	2	2	0	1	0	0	1	3	1	1	0	0	0	4	0	5	1	1	1	1	0	2	0	5	2	0	2	2	2	4	0	2	0	1	2	0	1	2	1	1	1	0	0	0	1	2	0	0	1	0	0	5	1	1	2	3	2	0	0	5	1	2	2	0	2	2	1	1	1	1	0	3	1	1	2	2	4	0	3	1	0	0	2	2	0	0	0	0	1	2	1	3	4	1	0	0	0	0	1	1	3	0	0	0	0	0	2	0	1	0	2	0	1	1	2	0	1	0	0	0	2	3	0	3	0	0	3	2	3	1	3	8	2	0	4	3	1	5	4	4	2	1	2	3	0	2	1	0	1	0	3	3	1	1	1	1	0	1	2	2	1	0	3	0	1	0	1	0	1	0	0	0	0	0	2	0	1	0	0	2	1	1	0	3	2	0	1	0	2	85	0	0	2	0	0	2	1	3	0	3	1	1	5	3	0	1	0	1	0	1	2	0	0	0	0	2	0	2	3	0	2	1	0	0	1	0	3	2	2	1	0	2	0	2	3	2	2	0	2	2	1	1	2	3	0	1	2	6	0	2	0	2	1	3	2	0	1	1	1	0	1	3	0	1	1	0	0	2	5	3	0	1	1	0	1	2	2	1	1	0	2	2
C[Del(T):R6]A	0	1	0	3	0	1	1	2	1	0	1	1	1	3	1	2	0	1	0	0	2	2	2	0	1	0	0	1	0	1	0	1	1	0	0	1	5	1	1	3	0	0	4	2	0	1	0	0	2	1	0	2	1	1	1	0	1	0	0	0	0	3	1	0	1	0	0	1	0	0	0	2	1	0	0	1	0	0	3	0	0	2	0	52	1	0	0	1	3	1	0	1	1	0	0	2	3	1	1	1	0	0	2	2	4	3	0	2	0	0	2	3	1	0	4	0	0	1	2	1	3	1	1	0	3	0	3	0	2	1	0	1	0	0	0	1	1	2	2	2	2	3	2	1	0	1	0	0	2	0	1	0	0	0	0	0	0	2	0	1	1	0	2	0	2	5	0	1	2	1	0	1	1	1	0	2	1	3	1	2	0	0	0	1	0	3	1	2	2	1	1	1	0	0	0	2	1	2	2	0	0	2	0	2	0	1	1	1	0	2	0	1	0	1	3	2	2	1	0	0	1	0	1	2	0	0	0	4	2	0	0	3	1	1	1	2	1	1	0	0	0	1	1	1	0	1	1	3	1	1	0	0	0	5	1	0	1	1	2	0	0	0	1	0	1	0	1	1	0	2	3	5	0	1	0	0	1	1	0	0	0	1	0	1	0	0	175	1	0	1	1	0	2	5	2	1	1	0	0	0	1	0	0	0	0	0	1	1	1	0	0	2	0	0	1	0	0	0	0	0	1	0	2	4	0	1	1	1	2	1	0	1	1	2	0	4	0	2	0	1	3	1	1	1	4	2	2	2	2	3	0	1	0	1	1	0	0	0	0	0	0	0	0	1	6	2	0	1	1	2	0	2	3	3	1	0	0	2	2
C[Del(T):R6]C	1	1	0	1	0	2	1	4	0	2	1	3	2	2	0	2	0	1	0	1	0	2	1	3	1	0	0	0	0	0	0	0	1	0	0	0	0	0	1	1	1	2	3	0	2	0	2	1	0	0	0	1	0	0	0	0	0	1	0	1	0	1	0	0	1	0	1	2	1	0	1	1	0	0	0	1	1	0	0	1	2	0	0	42	0	2	0	0	2	2	0	2	1	2	1	0	0	2	0	1	2	0	0	1	3	2	4	0	0	1	3	1	1	0	3	2	0	1	2	0	1	0	0	2	4	0	2	0	2	1	2	2	2	1	0	0	0	0	1	1	0	3	1	0	1	2	0	0	1	0	1	1	1	2	0	2	3	3	2	2	1	1	5	0	1	1	1	1	0	0	0	1	0	2	3	3	1	5	1	2	2	1	1	1	1	1	2	1	1	0	1	0	2	2	0	2	2	6	1	0	0	2	1	0	0	2	0	2	2	3	0	1	1	0	0	0	0	3	3	2	1	0	0	8	0	1	0	1	2	1	0	1	3	1	4	0	0	1	0	0	2	1	0	1	1	3	0	1	2	0	1	1	1	3	3	0	0	1	1	3	0	1	2	0	1	2	1	1	2	0	2	7	0	0	0	2	3	0	2	1	0	1	0	0	0	4	105	4	3	0	1	2	2	1	2	0	1	1	0	1	0	0	0	1	0	2	2	1	0	0	0	0	1	0	2	0	0	2	1	0	1	2	1	0	1	1	1	0	1	0	2	2	1	1	0	0	1	4	1	1	0	2	0	1	1	0	0	0	3	1	1	0	0	1	1	2	1	2	0	0	0	2	1	0	6	5	2	0	0	0	0	1	1	3	0	1	2	1	1
C[Del(T):R6]G	0	0	1	0	2	0	2	3	2	1	1	0	0	1	2	1	0	1	0	1	2	0	0	1	0	0	2	0	1	0	0	1	0	0	1	1	1	0	1	1	0	0	2	1	1	1	1	1	0	1	2	0	0	1	0	2	1	1	1	1	1	1	0	0	0	1	1	1	0	0	0	1	1	0	0	1	2	0	0	1	0	1	0	21	0	0	1	0	1	3	0	1	1	0	1	3	1	0	0	1	1	0	2	1	2	0	1	0	0	0	3	1	2	1	1	0	0	0	0	0	2	0	0	1	1	0	3	0	2	2	1	0	0	0	0	0	0	0	2	0	0	1	2	0	2	0	0	0	0	0	0	0	2	1	0	0	2	0	2	1	2	0	3	0	1	2	1	0	2	1	0	0	0	0	0	0	1	2	1	1	1	1	0	3	0	1	0	0	2	0	1	0	0	1	0	2	1	1	1	1	0	2	1	0	0	0	2	0	0	4	0	0	0	0	1	0	4	1	1	1	1	0	1	1	0	1	0	1	1	0	0	3	0	0	3	1	3	3	0	2	2	0	1	1	1	0	0	1	4	0	1	1	1	1	0	0	1	1	0	1	0	1	0	0	1	2	0	0	1	2	0	4	2	1	0	0	0	0	1	0	1	0	0	1	1	1	89	2	0	0	1	1	0	2	1	1	1	1	4	2	1	0	0	0	0	3	1	0	1	0	1	1	1	0	0	0	0	0	0	3	1	0	2	3	0	0	0	0	1	0	0	0	3	6	0	2	1	3	0	1	0	1	0	2	2	1	0	1	0	0	1	1	0	1	1	2	0	0	1	0	2	3	0	0	1	1	0	0	2	4	0	4	2	0	0	0	0	1	0
C[Del(T):R7]A	0	2	0	4	0	2	1	1	0	0	3	0	2	1	2	0	0	3	0	0	1	1	0	6	1	0	1	1	0	0	1	0	0	1	1	2	1	0	2	2	1	1	4	0	3	0	1	1	0	1	2	2	0	2	0	1	0	1	1	2	1	0	0	1	1	0	1	1	2	1	0	0	0	0	0	1	2	0	1	1	1	1	0	108	1	0	0	1	0	0	1	1	0	0	0	3	2	3	1	1	1	0	2	1	1	0	1	0	0	0	1	0	1	0	0	1	3	0	1	0	1	1	0	2	0	0	2	0	0	1	0	1	1	0	1	1	1	0	1	1	1	2	0	1	4	0	0	2	2	0	0	0	0	2	2	0	1	2	1	0	2	1	2	1	0	2	2	0	0	0	0	1	1	4	1	1	1	5	0	1	0	0	0	2	0	1	0	0	0	1	1	1	0	0	3	1	1	2	3	0	0	2	0	0	2	1	1	3	0	2	0	1	0	1	0	0	0	0	2	0	1	0	0	2	1	0	0	3	2	2	0	2	1	0	0	1	1	0	0	0	1	1	0	1	0	0	1	1	1	0	2	0	0	0	0	0	0	0	1	0	1	1	1	1	2	0	1	0	3	0	1	2	1	1	1	1	1	1	0	0	0	0	0	1	0	0	471	0	4	0	0	0	0	0	2	0	0	0	0	0	1	0	1	1	1	2	0	1	1	0	1	3	1	0	0	0	2	1	1	0	5	5	2	2	0	0	1	0	0	1	1	1	4	0	0	2	3	0	0	0	1	2	1	0	0	1	0	4	1	0	1	2	0	0	2	3	1	2	0	1	0	2	2	0	5	5	2	1	1	2	1	2	0	1	0	2	0	3	0
C[Del(T):R7]C	0	0	0	5	0	3	0	3	0	1	1	0	3	1	0	2	0	4	2	0	0	0	2	0	3	1	0	1	1	1	2	2	1	0	0	2	2	0	1	2	1	0	4	1	1	0	0	0	1	1	2	0	0	1	0	1	1	2	2	1	0	1	0	2	1	0	1	2	1	1	2	1	1	0	1	2	1	0	2	2	0	2	0	170	0	1	0	1	0	0	3	1	1	1	0	1	0	0	0	1	0	0	0	3	2	0	0	0	2	0	1	2	1	1	4	0	0	1	0	0	0	0	1	0	2	2	1	0	0	1	1	0	0	0	1	1	1	0	0	0	1	2	1	0	0	0	1	1	0	0	1	2	1	0	1	0	1	3	0	0	1	1	2	0	0	2	1	0	1	0	1	1	0	3	2	2	3	4	1	1	0	0	0	1	1	1	1	1	0	3	1	1	2	2	2	0	1	0	1	1	0	0	1	2	0	2	0	1	1	5	0	2	1	4	0	0	2	2	0	0	2	0	2	1	1	0	1	2	1	0	0	2	0	0	2	0	1	0	0	2	2	1	1	0	0	3	0	2	1	0	1	0	1	0	1	2	0	3	5	3	0	4	1	1	2	0	0	0	3	0	0	4	0	1	1	0	0	1	1	1	0	0	0	0	1	2	520	3	1	0	2	0	2	2	2	0	0	1	0	1	1	0	0	1	0	0	0	0	1	0	1	1	1	0	1	1	2	1	2	1	0	1	1	2	0	0	1	0	3	0	0	0	5	2	0	1	4	0	0	0	2	1	4	2	0	0	0	2	1	2	1	3	0	1	0	1	2	0	2	0	2	2	2	0	4	1	2	0	2	2	2	2	1	1	0	0	4	3	1
C[Del(T):R7]G	0	0	1	1	1	0	0	0	1	1	1	2	3	2	1	0	0	1	1	0	1	1	1	0	2	0	1	2	0	0	1	1	0	1	0	1	2	0	0	3	1	4	1	0	2	0	0	0	1	2	0	2	0	2	2	0	1	1	2	0	0	3	0	2	0	0	0	1	2	0	1	4	0	0	1	2	1	0	1	2	0	4	0	154	0	1	1	0	1	0	0	0	2	0	0	1	0	1	0	1	0	0	1	0	0	0	0	0	0	0	2	0	1	1	1	1	1	0	3	0	0	1	0	2	0	1	3	0	2	0	1	1	0	2	1	1	0	1	0	0	0	3	0	1	1	4	1	0	0	0	0	1	1	3	2	0	3	2	1	0	0	0	2	0	1	1	1	1	1	1	0	3	0	0	0	0	0	7	1	0	0	0	0	2	0	2	1	3	2	0	0	0	0	0	1	1	0	0	0	1	0	0	0	0	0	1	1	0	0	1	0	3	0	1	0	0	1	1	0	1	0	0	0	1	0	1	2	0	0	0	0	2	0	1	1	2	0	0	0	2	0	0	0	0	0	1	0	4	0	1	2	0	0	1	2	1	1	0	1	1	0	3	2	0	1	1	1	0	0	0	1	3	1	0	1	0	0	1	0	0	0	0	0	2	3	1	484	1	0	0	0	0	1	4	2	0	2	0	0	0	1	0	0	0	1	0	1	0	1	0	1	0	0	0	1	0	0	1	0	0	1	0	0	1	0	0	3	0	0	2	0	0	5	3	0	3	0	0	1	0	1	2	0	0	0	1	1	1	2	2	0	5	0	1	1	3	1	1	4	0	1	1	0	1	4	1	2	1	0	3	4	0	0	0	0	0	0	2	1
C[Del(T):R8]A	0	1	0	0	0	0	0	2	1	0	1	1	3	0	0	0	0	0	1	0	0	0	0	2	0	0	2	1	1	0	1	0	0	2	0	0	1	0	0	2	2	2	3	0	0	2	1	0	0	0	0	0	1	2	0	0	1	0	0	0	1	0	0	0	4	0	0	1	1	0	3	1	0	0	0	1	2	0	2	3	1	1	0	161	0	0	0	0	1	0	0	0	0	0	0	0	1	0	0	0	2	0	0	3	1	0	3	0	1	0	0	0	0	0	1	0	0	0	1	0	0	2	1	0	2	1	1	0	0	0	1	1	1	0	1	1	1	1	0	0	0	1	0	0	0	1	1	0	2	0	1	0	0	1	0	0	0	2	1	0	2	0	0	1	2	0	3	0	3	0	0	1	0	1	1	4	1	5	0	1	3	0	0	2	1	0	0	0	0	3	1	0	1	0	0	1	1	0	0	0	0	0	0	0	1	0	1	0	1	5	0	2	0	1	0	0	1	0	1	0	0	0	0	0	1	0	0	1	2	0	0	1	0	2	4	1	0	0	0	0	1	1	3	0	1	0	1	1	3	0	0	0	0	0	0	1	0	0	0	1	0	1	0	0	3	0	0	0	1	0	0	4	0	0	0	0	0	0	0	0	0	0	0	0	0	1	826	1	0	1	1	0	1	0	0	2	1	1	1	0	1	0	0	0	2	1	1	0	1	0	0	1	0	0	0	0	1	2	0	0	1	2	0	2	0	0	2	0	2	8	0	2	3	0	1	7	1	2	0	0	0	2	3	1	1	0	0	3	3	0	3	1	0	2	0	1	1	1	1	1	0	1	1	1	0	3	3	0	0	0	5	2	2	0	0	1	0	3	0
C[Del(T):R8]C	0	0	0	1	0	0	1	0	0	0	1	0	2	3	0	0	0	0	0	0	1	1	1	0	2	1	0	1	0	1	0	2	0	0	0	0	0	0	0	0	0	0	2	2	0	0	0	0	0	2	1	0	0	1	2	0	0	0	1	0	1	1	0	1	1	0	1	2	1	2	0	1	0	0	0	2	0	0	1	1	0	0	0	219	0	0	0	1	3	0	0	0	0	0	0	0	2	0	0	1	0	0	1	2	0	1	2	0	1	1	1	0	0	0	1	0	0	0	0	0	1	0	0	1	0	1	0	0	1	0	2	0	0	1	1	0	0	0	1	0	0	2	0	1	1	0	0	3	0	0	0	0	0	0	0	0	1	0	0	0	1	0	0	0	1	2	3	0	2	0	0	2	0	0	2	0	0	2	2	1	0	2	1	0	0	1	1	1	0	0	2	0	1	1	1	1	0	0	1	0	0	1	1	1	1	2	0	0	0	2	0	0	0	0	1	0	2	1	0	0	0	1	0	0	0	3	0	1	0	1	0	3	1	1	2	0	0	1	0	0	0	0	1	0	0	1	0	2	0	0	0	1	2	0	0	0	0	1	1	0	0	0	2	0	1	0	0	0	1	0	1	1	1	0	4	1	0	0	0	0	1	0	0	0	0	1	758	1	1	1	0	0	0	1	2	0	0	1	0	0	0	0	1	0	1	0	0	0	0	0	1	0	1	0	0	0	0	1	0	1	0	0	1	3	0	0	2	0	2	4	0	2	1	5	0	5	0	1	0	0	1	0	4	2	1	0	1	0	2	1	3	1	1	1	1	1	1	1	0	0	0	2	2	1	2	2	3	0	0	3	2	2	1	0	0	2	0	9	2
C[Del(T):R8]G	0	0	0	0	0	0	0	0	0	0	0	0	3	0	0	0	1	0	0	0	0	0	0	0	0	0	0	1	0	1	1	0	0	0	0	0	0	0	0	1	0	1	1	0	0	1	0	0	0	2	1	0	0	0	0	0	1	0	1	0	1	1	1	0	1	1	0	1	0	1	0	0	1	0	0	1	0	0	0	1	0	0	0	246	0	1	0	1	0	0	0	0	1	0	1	1	1	0	0	1	0	0	0	1	0	0	0	0	0	1	1	0	0	1	1	1	0	0	1	0	0	0	0	1	0	1	0	0	1	0	0	4	1	0	0	0	0	0	0	0	1	3	1	0	0	3	0	0	1	0	0	0	0	0	0	0	0	0	0	0	3	0	1	1	0	1	1	0	1	0	0	0	0	1	1	0	0	6	1	0	0	2	0	0	0	0	0	0	0	0	1	1	0	1	0	1	1	1	1	0	0	0	0	0	0	0	2	0	0	2	0	0	0	0	0	0	1	0	0	1	0	0	0	1	0	0	1	0	2	1	0	1	0	1	0	1	1	0	0	0	0	0	0	0	1	1	0	1	1	0	0	0	0	2	0	0	0	1	0	1	0	0	1	0	3	0	1	0	2	1	1	3	0	0	0	0	0	0	0	0	0	0	0	0	0	0	761	1	1	0	0	0	0	0	0	1	0	1	3	1	0	0	0	1	0	0	2	0	1	0	0	0	0	0	0	1	1	1	0	0	0	2	1	3	0	0	1	0	0	3	0	0	3	3	0	8	0	1	0	0	1	2	1	2	0	0	2	1	2	0	0	0	0	0	0	1	2	0	0	0	0	0	1	0	2	2	5	0	0	0	4	0	1	1	0	1	1	3	1
C[Del(T):R(9,)]A	0	0	0	0	0	0	0	0	0	0	0	0	0	0	0	0	0	0	0	0	0	0	0	0	0	0	0	0	0	0	0	0	0	0	0	0	0	0	0	0	0	0	0	0	0	0	0	0	0	0	0	0	0	0	0	0	0	0	0	0	0	0	0	0	0	0	0	0	0	0	0	0	0	0	0	0	0	0	0	0	0	0	0	0	0	0	0	0	0	0	0	0	0	0	0	0	0	0	0	0	0	0	0	0	0	0	0	0	0	0	0	0	0	0	0	0	0	0	0	0	0	0	0	0	0	0	0	0	0	0	0	0	0	0	0	0	0	0	0	0	0	0	0	0	0	0	0	0	0	0	0	0	0	0	0	0	0	0	0	0	0	0	0	0	0	0	0	0	0	0	0	0	0	0	0	0	0	0	0	0	0	0	0	0	0	0	0	0	0	0	0	0	0	0	0	0	0	0	0	0	0	0	0	0	0	0	0	0	0	0	0	0	0	0	0	0	0	0	0	0	0	0	0	0	0	0	0	0	0	0	0	0	0	0	0	0	0	0	0	0	0	0	0	0	0	0	0	0	0	0	0	0	0	0	0	0	0	0	0	0	0	0	0	0	0	0	0	0	0	0	0	0	0	0	0	0	0	0	0	0	0	0	0	0	0	0	0	0	0	0	0	0	0	0	0	0	0	0	0	0	0	0	0	0	0	0	0	0	0	0	0	0	0	0	0	0	0	0	0	0	0	0	0	0	0	0	0	0	0	0	0	0	0	0	0	0	0	0	0	0	0	0	0	0	0	0	0	0	0	0	0	0	0	0	0	0	0	0	0	0	0	0	0	0	0	0	0	0	0	0	0	0	0	0	0	0	0	0	0
C[Del(T):R(9,)]C	0	0	0	0	0	0	0	0	0	0	0	0	0	0	0	0	0	0	0	0	0	0	0	0	0	0	0	0	0	0	0	0	0	0	0	0	0	0	0	0	0	0	0	0	0	0	0	0	0	0	0	0	0	0	0	0	0	0	0	0	0	0	0	0	0	0	0	0	0	0	0	0	0	0	0	0	0	0	0	0	0	0	0	0	0	0	0	0	0	0	0	0	0	0	0	0	0	0	0	0	0	0	0	0	0	0	0	0	0	0	0	0	0	0	0	0	0	0	0	0	0	0	0	0	0	0	0	0	0	0	0	0	0	0	0	0	0	0	0	0	0	0	0	0	0	0	0	0	0	0	0	0	0	0	0	0	0	0	0	0	0	0	0	0	0	0	0	0	0	0	0	0	0	0	0	0	0	0	0	0	0	0	0	0	0	0	0	0	0	0	0	0	0	0	0	0	0	0	0	0	0	0	0	0	0	0	0	0	0	0	0	0	0	0	0	0	0	0	0	0	0	0	0	0	0	0	0	0	0	0	0	0	0	0	0	0	0	0	0	0	0	0	0	0	0	0	0	0	0	0	0	0	0	0	0	0	0	0	0	0	0	0	0	0	0	0	0	0	0	0	0	0	0	0	0	0	0	0	0	0	0	0	0	0	0	0	0	0	0	0	0	0	0	0	0	0	0	0	0	0	0	0	0	0	0	0	0	0	0	0	0	0	0	0	0	0	0	0	0	0	0	0	0	0	0	0	0	0	0	0	0	0	0	0	0	0	0	0	0	0	0	0	0	0	0	0	0	0	0	0	0	0	0	0	0	0	0	0	0	0	0	0	0	0	0	0	0	0	0	0	0	0	0	0	0	0	0	0	0
C[Del(T):R(9,)]G	0	0	0	0	0	0	0	0	0	0	0	0	0	0	0	0	0	0	0	0	0	0	0	0	0	0	0	0	0	0	0	0	0	0	0	0	0	0	0	0	0	0	0	0	0	0	0	0	0	0	0	0	0	0	0	0	0	0	0	0	0	0	0	0	0	0	0	0	0	0	0	0	0	0	0	0	0	0	0	0	0	0	0	0	0	0	0	0	0	0	0	0	0	0	0	0	0	0	0	0	0	0	0	0	0	0	0	0	0	0	0	0	0	0	0	0	0	0	0	0	0	0	0	0	0	0	0	0	0	0	0	0	0	0	0	0	0	0	0	0	0	0	0	0	0	0	0	0	0	0	0	0	0	0	0	0	0	0	0	0	0	0	0	0	0	0	0	0	0	0	0	0	0	0	0	0	0	0	0	0	0	0	0	0	0	0	0	0	0	0	0	0	0	0	0	0	0	0	0	0	0	0	0	0	0	0	0	0	0	0	0	0	0	0	0	0	0	0	0	0	0	0	0	0	0	0	0	0	0	0	0	0	0	0	0	0	0	0	0	0	0	0	0	0	0	0	0	0	0	0	0	0	0	0	0	0	0	0	0	0	0	0	0	0	0	0	0	0	0	0	0	0	0	0	0	0	0	0	0	0	0	0	0	0	0	0	0	0	0	0	0	0	0	0	0	0	0	0	0	0	0	0	0	0	0	0	0	0	0	0	0	0	0	0	0	0	0	0	0	0	0	0	0	0	0	0	0	0	0	0	0	0	0	0	0	0	0	0	0	0	0	0	0	0	0	0	0	0	0	0	0	0	0	0	0	0	0	0	0	0	0	0	0	0	0	0	0	0	0	0	0	0	0	0	0	0	0	0	0
G[Del(T):R1]A	2	2	5	3	0	3	1	5	1	1	2	1	1	4	3	2	1	0	2	0	0	3	2	3	3	1	6	1	0	1	1	2	2	2	1	1	4	0	6	5	1	3	2	3	1	0	2	0	1	2	1	2	3	2	1	0	2	1	3	4	2	5	2	0	0	2	0	4	1	3	2	4	4	0	0	4	0	1	0	2	0	0	0	1	1	3	0	1	0	1	2	2	1	1	0	3	2	0	3	2	0	0	0	2	2	2	1	2	2	1	3	3	3	0	3	0	0	1	0	0	3	0	4	0	5	1	4	1	2	1	2	2	3	0	1	0	3	0	2	3	1	0	1	1	0	0	1	0	2	1	2	2	1	2	0	0	6	0	2	0	2	2	2	0	2	1	1	1	8	3	2	5	1	1	0	3	5	7	1	2	2	0	0	2	3	0	1	1	2	0	0	1	3	1	1	4	4	0	2	0	1	0	0	2	0	1	2	4	0	3	2	1	0	1	0	0	1	0	2	1	1	1	2	0	1	2	1	3	5	3	1	0	2	3	3	1	0	0	2	3	1	2	3	0	1	2	1	2	3	0	2	0	2	4	1	4	3	1	1	2	0	1	3	3	0	3	2	1	0	2	0	5	1	1	2	0	1	1	0	1	0	0	0	2	1	3	3	1	4	1	2	1	3	3	5	2	1	1	2	2	2	1	1	0	1	3	4	0	5	0	5	0	2	0	0	2	1	2	0	2	0	1	1	3	0	1	3	0	2	1	3	2	1	7	2	2	0	1	0	5	0	4	1	3	2	3	1	1	0	1	5	1	0	1	3	1	1	1	0	0	0	4	3	0	2	1	0	1	1	0	0	1	0	13	1	2	0	2	3
G[Del(T):R1]C	2	1	2	4	3	1	5	0	0	1	8	2	2	3	1	5	0	1	0	0	0	1	2	2	2	0	2	1	0	0	0	0	0	2	3	2	2	0	2	1	1	1	5	1	2	1	2	1	0	4	1	0	0	0	0	2	0	1	5	1	2	1	0	0	0	2	2	1	2	2	1	0	3	0	3	1	1	2	1	0	2	1	0	1	2	2	0	1	2	1	2	1	1	1	1	2	0	0	0	1	1	0	1	1	6	0	2	2	0	0	3	1	0	0	3	2	2	0	0	0	1	1	2	2	0	0	1	0	2	1	0	1	2	2	0	1	1	2	1	3	1	0	1	4	0	1	0	0	1	0	4	2	5	3	1	1	3	2	4	2	1	0	4	0	0	0	3	0	1	1	0	1	1	1	1	3	2	4	1	1	2	6	1	4	0	1	1	0	3	3	0	0	1	1	0	1	2	4	2	0	0	0	0	0	0	1	2	0	2	2	0	1	2	0	0	0	3	0	2	3	1	3	0	2	1	0	0	6	3	0	1	4	0	1	2	0	2	1	1	1	3	0	4	0	1	2	1	2	1	0	0	2	2	1	1	0	2	0	2	3	0	5	1	3	0	0	1	1	1	2	1	2	1	1	2	2	2	0	2	0	2	0	0	1	1	0	0	0	0	2	1	2	3	1	4	0	0	0	2	4	3	1	1	0	1	1	1	0	2	1	2	1	0	0	1	1	0	2	1	8	2	0	2	1	1	2	2	0	1	1	0	3	4	1	0	2	0	1	0	7	1	3	1	2	2	2	2	0	3	2	2	4	0	0	2	2	1	1	2	0	0	3	3	0	3	2	0	1	1	0	0	4	2	12	1	1	0	2	3
G[Del(T):R1]G	0	0	2	2	4	0	0	5	2	2	4	0	3	3	2	2	2	3	2	0	4	4	3	0	1	0	5	2	0	1	2	0	1	2	1	1	4	1	9	2	1	3	3	3	3	0	2	0	0	5	0	1	0	2	2	1	1	3	2	2	0	0	1	2	1	2	3	2	3	1	2	6	2	1	1	1	0	1	2	1	1	4	4	4	1	1	1	0	1	1	2	1	3	2	3	3	1	2	1	1	4	0	6	2	4	2	0	0	0	0	3	1	1	3	5	4	3	0	3	0	3	1	3	0	2	1	1	0	2	0	3	1	2	2	0	2	1	0	1	4	2	4	2	0	3	0	2	3	5	0	1	2	1	0	0	1	6	0	2	1	0	1	5	0	4	2	4	0	2	2	0	0	2	2	0	3	0	3	1	5	2	7	2	2	1	3	1	1	2	2	2	0	0	1	3	3	3	3	3	3	0	3	1	2	0	5	5	0	2	4	0	1	0	2	1	1	4	1	3	2	3	0	3	2	0	2	2	0	4	4	1	4	0	0	3	0	1	3	2	1	0	2	6	0	1	2	1	4	6	2	2	3	0	5	1	2	1	2	3	2	0	1	2	0	1	1	1	2	1	0	0	1	1	0	2	0	2	4	2	2	0	1	0	2	1	5	0	2	1	1	3	0	3	4	3	4	1	2	1	0	1	2	2	2	1	3	1	1	2	0	6	1	1	0	0	2	0	2	0	2	1	2	1	2	0	1	1	0	0	1	0	2	0	0	2	2	2	3	1	8	4	2	2	1	2	1	3	6	3	1	5	3	2	1	1	2	1	3	3	0	3	1	0	1	1	3	1	0	4	3	0	0	2	16	0	0	0	3	0
G[Del(T):R2]A	1	1	3	3	1	2	3	3	1	1	0	0	2	1	4	1	2	2	6	1	2	4	2	1	2	0	3	3	0	4	1	2	1	1	1	2	5	0	1	3	1	5	3	3	1	1	0	0	0	3	0	2	0	5	0	4	0	3	2	2	1	2	1	0	0	1	0	3	6	0	3	3	4	0	2	2	0	0	0	1	1	0	0	8	1	1	0	1	1	1	1	2	1	1	5	1	2	2	1	2	3	0	1	4	5	2	3	4	4	0	1	0	3	0	7	1	0	0	1	0	5	1	2	3	5	1	7	0	1	1	1	2	1	1	0	2	2	2	2	2	0	1	3	2	2	4	0	1	2	1	2	3	1	2	1	0	3	0	3	1	0	1	8	0	6	4	3	0	1	1	0	1	2	1	0	1	2	4	4	4	2	4	0	2	0	3	1	0	1	1	0	0	1	0	0	1	3	0	1	1	0	1	2	5	2	1	2	1	3	4	0	1	1	0	1	0	0	0	2	0	1	0	1	3	2	2	0	3	2	3	1	5	1	3	5	0	0	1	3	1	0	1	5	0	2	1	1	2	2	3	3	1	0	2	1	0	1	1	4	2	0	2	2	3	1	0	1	0	3	1	0	2	1	0	3	0	3	0	0	0	0	1	0	1	3	5	4	1	1	0	1	1	3	5	3	2	1	2	0	5	3	0	2	0	1	5	2	0	2	1	3	1	0	0	1	2	1	1	0	2	1	3	3	5	1	1	2	0	5	0	4	2	2	5	0	1	5	0	1	7	5	4	1	0	1	2	2	2	6	3	5	0	1	1	3	2	2	0	0	2	5	0	0	0	2	0	2	1	4	4	0	2	4	7	1	4	0	2	1
G[Del(T):R2]C	1	0	1	2	1	0	2	3	2	0	2	0	1	0	0	1	1	0	0	1	2	2	1	2	5	0	0	0	0	0	1	0	0	0	1	1	0	1	0	1	0	3	3	3	0	1	2	0	4	2	2	2	4	2	2	3	1	2	4	2	0	3	0	0	1	1	0	3	0	2	4	2	1	0	1	2	0	0	1	0	1	3	0	2	1	0	0	0	1	3	1	2	0	0	2	1	1	1	1	1	4	0	0	2	10	1	1	1	0	2	1	1	1	1	2	0	1	0	0	0	1	1	1	2	0	0	3	0	2	1	1	0	3	1	2	1	1	3	2	1	1	0	4	2	2	0	1	1	1	1	1	0	2	3	0	0	2	1	2	1	1	2	5	0	2	2	3	0	1	2	1	1	1	3	1	1	2	0	2	3	0	1	0	3	1	1	1	1	2	2	0	0	1	1	1	2	0	2	2	0	0	1	2	2	0	3	1	0	0	0	0	1	1	2	0	1	4	1	1	1	3	0	0	0	1	2	1	2	2	1	0	5	2	1	1	1	1	2	1	2	4	1	3	0	1	2	1	1	3	0	1	2	1	1	2	2	0	1	0	1	0	1	3	2	3	1	1	1	0	0	0	1	0	0	1	1	0	2	1	1	2	1	0	1	3	3	8	1	0	1	0	0	1	4	5	0	1	1	5	0	2	1	0	1	0	0	1	0	1	0	0	1	1	0	2	0	0	3	0	1	0	2	0	5	1	1	0	0	0	1	1	2	3	2	0	3	3	2	0	8	2	3	1	0	1	4	3	2	2	0	1	0	0	0	1	1	1	0	1	0	2	2	1	2	0	0	0	0	6	0	0	1	3	7	1	0	0	2	1
G[Del(T):R2]G	1	1	2	3	0	1	0	3	0	0	1	0	0	2	0	0	0	2	1	0	3	3	1	0	4	0	0	0	1	1	2	4	1	1	1	3	5	1	4	0	1	2	5	0	0	1	3	0	1	5	2	2	1	4	0	3	1	2	2	2	0	0	1	1	1	3	0	0	1	0	0	2	0	0	1	2	0	0	0	1	2	2	2	5	1	0	0	1	1	3	0	1	1	0	0	2	0	1	1	2	0	0	1	2	2	2	1	3	6	0	3	0	0	0	2	0	1	1	2	0	0	1	0	2	2	2	2	2	0	0	2	1	1	0	1	1	0	0	1	2	0	2	0	4	2	0	1	1	1	1	2	1	3	3	2	0	3	5	3	1	0	2	3	1	2	0	0	1	2	2	1	3	1	3	1	1	1	2	2	2	3	2	1	1	2	3	1	0	3	1	1	0	1	1	0	2	3	5	1	0	0	1	3	0	1	2	1	4	1	0	0	1	2	3	1	1	0	0	5	1	4	0	1	0	1	0	1	1	2	1	1	4	0	0	4	1	3	2	1	0	4	1	1	3	0	5	0	0	1	0	1	0	2	2	2	0	1	0	0	3	2	4	0	2	2	1	1	1	1	1	2	4	0	0	0	1	1	1	0	0	2	0	0	1	1	2	3	0	1	2	0	1	2	3	3	1	1	1	1	0	1	0	1	2	0	0	1	0	1	1	1	2	0	1	2	2	0	5	0	0	2	1	1	1	2	1	2	0	1	0	3	0	1	4	0	2	1	2	1	3	2	0	1	3	2	2	0	2	2	2	1	0	0	1	2	0	0	1	0	1	0	1	0	0	1	2	2	1	3	1	3	0	5	11	0	1	2	0	0
G[Del(T):R3]A	4	0	1	3	1	3	0	3	3	2	4	3	1	4	1	1	2	1	2	0	1	2	1	3	1	0	1	1	0	2	0	1	3	2	0	3	2	1	0	1	2	4	4	0	3	0	2	0	1	2	1	1	0	1	0	1	0	2	4	2	0	6	0	0	0	0	1	2	2	5	2	0	3	1	0	0	1	2	1	2	3	0	0	7	1	0	0	1	1	1	1	3	1	4	1	4	1	2	1	1	2	0	1	1	5	0	1	1	1	2	1	1	0	1	2	1	2	1	3	0	2	2	0	1	0	1	3	1	2	1	1	0	2	1	1	2	0	2	1	3	0	0	4	3	3	3	1	1	0	0	1	2	1	3	2	0	5	2	2	4	2	2	5	0	4	3	1	1	2	1	0	2	0	1	1	1	4	3	1	6	1	7	1	2	1	3	4	1	2	1	2	2	1	0	2	2	1	0	4	3	0	1	1	3	0	0	3	1	1	4	1	1	1	1	1	1	2	2	0	1	2	0	1	4	2	7	3	3	3	0	1	2	1	2	2	1	2	0	1	2	2	1	2	0	1	1	0	3	3	2	1	2	1	3	2	2	3	2	3	4	1	2	1	0	0	2	1	2	0	1	1	3	0	2	0	0	1	1	1	0	1	0	1	1	1	4	14	0	3	2	1	2	1	5	3	0	1	0	2	0	1	0	3	0	4	1	4	0	1	0	4	3	0	0	1	2	2	0	0	1	0	2	2	0	0	2	1	0	0	0	2	4	4	2	0	1	1	3	0	6	4	0	3	3	3	2	1	0	1	2	6	3	1	2	1	1	1	1	2	0	1	1	0	1	3	3	0	0	3	4	1	2	0	10	1	2	1	5	0
G[Del(T):R3]C	0	2	0	0	1	1	3	3	0	0	2	2	1	1	0	3	0	2	0	0	0	0	2	1	1	0	2	2	0	0	0	2	1	1	0	2	2	1	3	2	2	4	2	1	2	1	2	0	2	2	0	0	1	1	2	2	0	2	3	0	1	0	1	0	0	2	4	0	4	2	1	5	1	0	2	4	0	0	0	1	0	1	1	15	1	1	1	0	1	4	2	1	0	1	0	0	1	1	0	2	1	0	5	1	4	0	0	2	3	0	2	0	4	1	2	1	0	0	2	0	2	1	0	4	4	2	5	0	0	1	1	1	3	3	0	0	2	0	1	2	0	0	3	0	1	1	2	2	4	1	2	2	1	4	1	2	0	0	4	1	4	0	3	2	3	1	2	1	1	2	0	1	2	2	1	2	2	3	2	4	3	3	0	2	1	0	1	3	1	3	2	1	2	1	1	1	2	4	1	0	0	2	4	3	0	1	1	2	0	2	0	0	0	0	3	1	3	1	3	2	3	0	1	3	0	0	2	2	3	2	1	6	0	0	4	0	3	2	2	1	2	0	3	1	1	2	0	0	1	0	2	1	0	1	3	1	1	1	1	5	1	1	1	1	0	0	0	0	3	2	0	2	1	0	1	0	0	0	2	0	0	1	0	1	0	2	11	1	1	5	0	1	0	3	5	1	3	1	2	1	1	0	3	1	1	0	1	0	1	0	1	2	1	0	2	1	0	1	2	0	1	1	6	1	1	0	1	0	2	1	5	1	2	5	0	1	2	1	4	2	2	0	2	3	3	0	0	3	2	1	6	1	0	2	0	3	0	0	2	0	1	0	2	0	4	2	1	1	3	1	0	1	4	9	2	1	1	1	0
G[Del(T):R3]G	1	1	4	3	0	0	4	4	2	0	4	0	4	2	1	1	0	1	1	0	0	1	1	2	3	2	3	2	0	3	0	2	1	3	0	2	1	0	0	3	1	7	3	2	2	0	1	0	2	5	2	1	2	1	0	2	0	2	1	0	0	3	2	2	0	3	1	1	0	1	2	0	3	1	2	2	2	2	1	3	1	1	0	6	2	2	1	2	2	1	1	2	1	2	1	2	0	2	0	0	0	0	4	1	6	0	2	1	4	1	0	1	0	2	3	0	1	1	5	0	1	0	1	6	2	2	2	0	2	0	3	1	1	1	1	2	1	2	2	3	1	0	1	3	1	1	1	2	3	0	0	1	4	0	0	2	2	0	0	3	3	0	6	2	4	2	1	0	1	0	0	1	2	3	1	3	0	4	1	5	1	6	2	4	0	2	3	0	1	2	1	0	0	2	0	0	1	2	1	1	0	2	1	1	3	0	3	3	1	0	0	2	0	2	0	1	1	2	3	0	2	1	2	2	1	5	1	3	0	1	2	2	1	0	3	0	3	0	4	0	0	2	1	1	1	3	1	1	4	1	4	3	2	0	3	3	0	1	1	0	1	2	2	1	0	3	2	0	0	0	2	4	0	0	2	1	2	2	2	0	2	2	0	2	1	3	12	0	0	0	1	2	0	5	1	0	4	1	2	2	1	0	3	1	2	2	2	1	1	0	1	0	2	0	0	2	1	3	1	2	4	0	2	4	0	0	0	0	3	1	1	0	1	3	0	2	2	3	3	2	2	1	1	2	3	3	4	5	4	1	1	2	0	2	1	3	0	4	3	0	0	1	2	0	1	1	0	0	3	2	2	2	1	10	1	2	0	4	2
G[Del(T):R4]A	1	2	0	0	2	3	2	0	1	0	4	2	3	4	2	2	1	1	0	1	2	6	1	2	1	1	3	1	1	1	0	6	1	1	1	4	2	0	2	3	2	4	2	1	3	0	2	0	2	2	2	2	2	1	2	0	0	1	2	2	3	5	3	2	0	2	0	3	2	0	2	2	3	0	1	3	1	0	0	2	3	3	2	24	1	1	1	2	0	2	0	0	3	4	1	4	3	1	2	1	0	0	4	1	6	3	2	2	2	1	2	0	2	2	3	2	1	0	4	0	4	1	3	1	3	2	3	1	4	0	3	3	1	1	1	3	3	3	1	2	1	0	1	1	1	1	3	0	2	1	0	0	4	2	1	1	2	2	4	2	1	2	2	0	0	1	3	1	2	1	1	2	6	0	1	4	0	8	0	3	4	1	0	1	1	1	1	1	1	2	2	0	3	1	2	1	1	5	3	0	0	1	2	1	3	3	2	3	0	1	0	6	1	0	0	1	1	3	3	0	2	0	2	4	0	2	2	3	1	1	0	3	3	1	5	0	4	1	0	4	0	2	0	0	0	5	2	1	4	1	3	4	2	7	4	4	2	0	6	3	2	1	1	2	1	1	3	0	0	2	1	2	1	1	0	2	1	1	2	0	2	2	0	0	0	2	63	1	1	4	0	2	6	6	1	1	4	1	3	1	0	1	4	0	0	3	0	0	2	0	1	1	2	0	1	1	0	2	0	2	1	1	2	2	0	0	1	0	1	1	2	6	1	2	1	2	1	1	1	2	7	5	2	2	2	1	5	6	5	0	4	0	0	2	1	5	2	1	3	0	2	3	1	1	3	1	1	0	4	1	0	1	1	3	0	2	0	1	2
G[Del(T):R4]C	5	1	4	1	0	2	1	0	0	0	0	2	3	2	0	2	0	1	0	0	2	1	3	1	1	1	1	2	2	0	1	1	1	1	2	2	2	0	3	3	1	1	5	2	3	0	0	0	1	2	1	0	1	0	0	1	1	0	0	2	0	0	0	2	2	0	1	0	0	1	1	1	2	0	1	0	0	1	2	1	0	2	0	30	2	2	1	3	1	1	2	1	1	1	1	1	0	2	2	1	1	0	1	3	7	0	1	2	0	0	2	0	1	1	1	2	1	0	2	0	2	0	2	4	0	2	2	0	2	1	1	0	1	1	4	0	0	1	3	2	0	0	2	3	1	1	0	3	3	0	2	0	1	3	0	1	4	1	3	0	4	2	1	1	1	2	0	0	0	0	0	3	1	1	2	5	0	3	3	1	0	0	0	2	1	1	4	1	1	0	1	0	0	1	0	0	0	1	1	0	1	0	1	4	0	2	0	1	1	6	0	2	1	2	2	0	3	0	1	2	1	0	1	1	1	1	2	1	0	1	1	1	1	1	2	0	0	0	1	0	1	4	0	1	1	1	1	2	5	0	0	0	0	3	5	0	1	2	1	3	1	0	1	1	2	1	2	0	3	0	3	2	1	0	2	0	0	0	2	0	1	1	0	3	1	1	39	4	0	4	4	1	2	6	1	1	4	1	1	1	2	0	2	0	0	0	2	0	0	0	1	0	2	0	0	1	1	1	0	0	0	1	0	3	1	2	0	0	1	0	2	0	3	3	1	3	0	0	3	7	2	3	1	2	1	1	3	2	2	2	3	0	0	3	2	1	2	0	3	0	0	0	0	1	3	1	1	0	2	3	0	2	3	5	3	3	2	3	0
G[Del(T):R4]G	0	0	1	2	0	3	3	1	3	4	6	0	6	0	4	1	0	2	2	1	0	2	1	0	2	0	2	1	0	0	0	1	3	0	1	0	5	1	4	1	1	3	7	1	5	2	4	1	1	1	3	0	0	0	1	3	2	1	3	4	2	2	1	1	1	0	1	0	3	1	3	6	1	0	0	1	1	1	1	2	2	1	1	27	0	0	2	3	0	2	4	3	1	1	0	3	3	2	2	1	0	0	3	5	2	1	4	0	1	2	1	2	2	2	3	1	3	1	0	0	3	1	1	2	1	2	1	1	2	1	5	3	1	1	4	0	0	1	1	4	1	2	4	0	0	3	1	1	4	0	0	4	3	2	0	0	1	2	6	0	2	0	3	0	6	3	2	0	2	2	1	1	1	3	4	3	1	3	2	0	2	2	0	1	0	0	2	1	4	1	4	1	1	2	1	3	3	4	2	1	0	1	2	0	2	2	2	1	2	3	0	1	1	1	2	0	2	1	4	0	1	1	0	0	2	0	2	3	0	2	1	2	1	0	0	1	1	1	1	3	0	3	3	0	1	1	0	1	4	1	0	1	1	0	4	1	1	1	2	1	0	2	0	1	1	5	1	1	2	2	2	3	0	0	0	1	2	0	2	0	3	0	0	2	0	2	40	0	2	2	0	2	3	9	3	0	3	1	1	2	0	1	1	0	0	2	1	1	3	0	4	2	1	0	1	0	0	3	1	0	3	3	3	0	0	1	2	0	5	3	0	0	0	1	0	6	1	1	0	3	1	2	3	2	4	2	1	2	2	1	2	1	0	4	2	4	4	0	3	0	1	3	2	1	6	2	3	0	4	3	2	5	5	4	0	0	1	3	2
G[Del(T):R5]A	2	1	4	4	1	2	3	2	3	1	0	1	3	7	0	5	0	1	1	1	2	1	2	2	1	0	4	1	1	1	0	1	1	1	2	3	5	0	1	0	3	4	3	1	0	1	1	1	0	2	1	0	0	4	2	1	2	0	1	4	0	5	2	2	0	2	1	2	1	1	2	2	0	0	1	1	3	1	0	3	1	4	2	55	0	4	1	0	0	3	4	0	3	2	1	2	2	0	0	1	5	0	4	4	4	0	1	2	6	3	0	1	0	1	0	1	2	4	1	0	2	2	2	1	2	1	1	0	2	2	2	5	3	1	0	2	1	0	3	4	1	1	2	2	1	0	1	4	3	0	2	1	2	5	2	1	3	6	2	2	3	4	5	0	1	2	4	0	4	1	0	3	3	4	1	2	3	1	1	2	2	0	0	2	1	2	1	5	3	2	3	0	1	1	0	4	3	4	2	0	0	0	1	2	1	4	0	2	2	2	3	1	3	3	3	0	1	4	0	0	1	0	1	1	2	3	2	6	1	3	0	3	1	2	2	1	0	1	0	3	1	1	3	0	0	4	0	3	3	4	2	1	0	4	3	2	0	1	0	0	0	3	1	4	1	3	1	2	1	3	2	0	0	0	3	0	1	0	0	0	1	0	0	1	1	3	113	3	1	1	2	1	1	7	3	2	2	0	1	2	6	0	1	3	7	1	3	1	3	1	0	0	0	0	2	2	1	2	0	3	1	1	3	3	1	3	1	0	0	0	2	0	4	2	0	4	0	5	3	1	5	0	2	4	0	1	2	2	5	2	2	1	0	0	2	1	5	3	5	2	1	0	1	2	4	2	1	0	4	5	2	2	1	4	0	4	2	2	2
G[Del(T):R5]C	0	0	1	2	0	2	1	1	2	2	2	0	2	4	1	0	0	0	0	1	2	1	1	1	1	0	1	0	0	0	0	3	2	0	0	2	0	0	0	4	1	3	1	0	3	1	0	2	0	3	2	0	2	1	3	1	1	1	3	1	0	1	0	2	0	0	1	0	0	0	5	3	1	1	1	4	0	0	1	3	0	1	0	55	0	0	0	0	1	5	0	0	0	1	1	0	2	2	0	2	2	0	1	1	2	2	1	1	1	0	0	0	2	0	4	1	1	2	1	0	2	2	0	2	0	2	0	0	1	0	4	1	1	0	0	1	2	1	0	0	0	1	2	0	0	2	0	2	3	0	3	1	1	0	0	1	1	3	0	2	0	2	4	1	3	2	1	1	2	0	1	1	1	3	1	2	0	2	3	3	2	0	1	3	0	3	1	1	4	1	1	0	0	0	0	2	1	1	2	0	1	3	0	1	1	2	2	0	2	2	0	5	0	1	1	0	2	1	1	1	1	2	2	3	1	2	0	3	2	1	1	0	0	0	10	1	1	0	0	3	3	1	1	0	2	1	0	1	0	1	0	2	1	1	4	3	1	1	2	3	0	0	0	1	1	1	0	0	2	0	2	0	0	0	1	3	0	0	1	0	2	1	0	1	2	3	91	1	0	2	1	1	1	1	3	0	1	0	0	1	0	0	0	0	2	6	1	0	1	0	2	2	0	0	0	1	0	2	2	1	0	2	2	1	1	1	0	0	2	1	2	2	2	2	0	3	1	0	0	1	3	1	0	3	2	1	0	2	0	0	3	0	0	2	1	0	0	0	0	1	2	2	1	2	0	2	0	0	2	1	0	1	2	5	0	1	0	2	0
G[Del(T):R5]G	0	0	0	3	3	0	1	1	2	1	2	0	2	2	2	2	0	3	1	1	2	3	1	3	1	2	3	1	0	4	0	1	1	1	1	1	0	1	2	4	3	1	4	3	4	1	2	0	1	1	0	1	1	1	0	0	2	1	1	0	1	2	0	1	0	1	1	1	3	0	1	0	2	0	0	0	2	0	0	4	1	1	2	45	2	1	0	1	1	1	1	2	0	1	0	2	0	0	0	0	2	0	1	1	5	1	0	0	2	1	2	0	0	0	0	0	0	0	1	0	1	1	0	1	1	0	0	0	2	0	1	0	1	0	0	1	3	0	0	2	1	0	1	2	1	1	0	1	0	2	1	2	2	1	1	1	2	1	1	4	1	0	6	0	3	3	1	0	1	1	0	2	1	2	1	2	1	2	3	4	1	0	2	4	1	0	0	1	1	1	0	0	2	0	0	1	1	2	2	0	0	1	2	0	1	2	1	0	2	2	0	1	0	2	2	1	1	1	2	3	0	1	0	3	0	1	2	3	4	1	1	3	2	1	2	1	2	0	3	3	1	0	1	0	1	1	0	2	5	0	1	3	4	1	1	1	0	0	0	1	0	1	3	2	3	1	1	0	0	1	2	4	0	0	1	2	2	2	0	0	2	0	0	2	0	3	88	2	0	1	2	1	1	4	1	0	1	1	3	1	2	0	1	0	0	1	2	2	1	0	1	0	0	0	1	1	2	2	0	0	0	3	2	1	0	0	2	0	1	0	1	2	4	0	0	2	2	2	0	2	0	1	3	3	0	0	3	3	0	0	1	0	1	0	2	3	3	0	1	0	0	1	1	1	1	1	0	3	0	0	0	1	0	0	0	2	0	1	3
G[Del(T):R6]A	1	0	2	3	0	0	1	0	1	0	1	0	4	1	0	0	0	1	1	2	0	0	1	1	0	1	1	0	0	1	0	3	1	0	0	0	1	0	0	1	2	0	3	0	1	0	0	0	0	2	1	0	1	0	1	1	1	0	1	0	0	2	0	0	1	1	2	1	1	1	1	1	0	1	0	0	1	0	0	1	0	1	1	63	3	0	0	0	1	2	1	1	1	0	0	1	1	1	1	1	1	0	1	0	2	0	1	2	0	0	1	0	3	0	1	0	1	1	1	0	1	1	1	0	1	2	1	1	2	1	0	0	1	0	0	1	0	1	1	3	0	1	0	1	1	1	0	1	1	0	0	1	0	0	1	0	0	0	2	0	0	1	3	1	0	0	1	0	2	0	0	1	2	1	0	2	0	2	0	0	2	2	0	0	0	1	1	1	3	0	1	0	2	0	1	1	1	0	1	0	0	2	1	0	1	2	0	2	1	2	3	1	1	1	1	0	1	1	3	0	1	0	0	0	1	2	1	1	0	2	0	2	0	2	3	0	2	1	2	0	0	1	0	0	1	0	1	0	1	2	0	1	1	0	0	0	3	0	1	1	0	0	0	1	3	2	2	0	0	0	0	4	0	0	0	1	0	2	1	0	1	0	0	0	3	1	169	1	0	1	0	0	1	1	0	1	1	1	1	2	1	0	1	0	0	0	0	1	2	0	0	0	0	0	0	0	2	1	0	1	2	0	3	2	0	0	1	0	0	0	2	3	2	0	0	3	0	3	0	2	2	2	2	0	0	1	0	2	2	1	2	1	0	2	0	0	2	2	2	0	0	1	0	0	0	1	0	0	0	1	0	1	1	1	0	1	0	1	0
G[Del(T):R6]C	1	0	0	1	0	0	0	1	1	0	2	0	1	0	0	1	0	2	0	0	1	1	0	4	0	0	2	0	0	1	0	1	1	0	0	1	2	0	0	2	0	1	1	0	1	1	0	0	0	1	1	1	1	2	0	0	1	1	2	1	0	0	0	0	0	1	0	1	1	0	2	1	0	0	0	1	1	0	2	0	0	0	0	50	1	0	0	1	0	0	0	2	0	0	0	0	0	1	1	0	1	0	0	1	3	1	0	1	2	1	0	2	0	1	1	1	0	0	0	0	1	0	2	1	1	0	0	1	0	1	0	0	0	0	0	0	0	0	0	3	2	1	1	2	2	2	0	1	1	0	1	2	0	2	1	0	2	1	1	0	0	1	0	2	1	0	0	1	0	0	1	2	1	1	0	1	0	2	2	3	2	0	0	0	1	0	0	1	1	0	1	0	0	0	1	1	1	0	1	0	0	1	0	1	3	1	1	0	0	3	1	1	0	0	0	0	2	0	2	1	2	0	1	2	0	1	0	1	2	0	0	0	0	3	0	0	1	0	0	1	1	0	0	0	0	0	1	0	2	0	0	1	0	1	1	2	0	0	4	0	0	4	0	0	0	1	0	1	1	2	1	2	0	0	2	0	0	3	0	1	1	0	0	0	0	1	98	2	0	1	1	0	1	1	1	2	0	2	0	0	0	0	2	0	0	0	0	1	0	0	2	0	0	0	0	1	3	1	0	1	1	3	0	2	1	1	1	0	1	1	1	1	2	2	1	0	1	1	0	0	0	1	0	0	0	0	4	2	2	0	3	1	0	1	0	0	1	0	1	0	0	2	1	0	2	1	0	1	1	0	0	1	1	1	0	1	1	1	1
G[Del(T):R6]G	0	1	1	0	0	1	0	1	3	0	2	1	0	2	1	3	0	0	0	0	0	0	0	1	0	0	0	1	0	1	0	1	0	1	1	1	0	0	2	1	1	0	3	1	1	0	1	4	0	2	2	0	2	2	1	1	0	1	4	0	0	2	1	0	0	2	0	2	3	1	1	1	0	0	1	0	0	0	1	2	1	0	0	52	0	0	0	0	0	2	2	0	1	2	2	0	2	0	1	0	0	0	1	5	0	0	1	1	1	0	1	0	1	0	1	3	2	2	0	0	0	0	0	0	1	1	2	1	1	1	0	0	3	1	2	1	0	1	2	0	0	0	2	1	1	3	0	2	1	0	1	1	1	0	0	1	0	1	0	1	0	3	3	0	0	0	2	1	0	0	0	1	0	2	2	2	2	7	0	0	0	3	0	1	0	0	0	0	1	1	1	0	0	1	0	1	2	1	2	0	0	1	0	3	1	2	0	0	1	3	0	0	0	3	0	0	0	0	1	0	3	0	0	2	0	0	0	0	0	0	0	2	0	1	0	0	0	0	2	1	2	1	0	0	1	0	0	0	4	0	0	0	0	1	1	0	2	0	2	0	0	2	5	1	0	1	3	0	0	1	0	1	2	0	2	0	1	1	1	1	2	4	0	1	0	0	97	0	0	0	0	1	2	1	0	0	0	0	1	1	1	0	1	0	4	1	2	1	0	0	1	0	0	0	0	1	0	0	0	0	2	0	0	0	1	2	2	0	2	0	0	0	0	3	0	1	3	1	1	2	0	1	3	0	2	0	3	1	3	1	1	1	1	0	1	1	1	1	2	0	2	2	3	0	0	2	0	0	1	1	0	1	0	1	0	1	0	2	1
G[Del(T):R7]A	0	0	0	0	0	0	1	2	0	1	0	1	0	1	1	1	0	1	0	0	1	1	1	0	2	0	1	0	0	0	0	1	0	1	0	1	1	0	0	0	1	1	0	0	1	0	0	0	0	1	1	0	0	0	0	0	1	1	2	1	0	0	0	0	0	1	0	1	1	0	0	3	1	0	0	0	1	0	0	1	2	2	2	115	1	0	0	0	0	1	0	0	0	0	0	0	0	0	0	0	0	0	0	1	2	0	0	0	0	1	0	0	1	0	1	0	0	0	1	0	0	0	0	0	0	1	1	0	0	0	0	0	1	0	0	0	0	0	0	0	0	0	1	1	0	1	0	1	1	0	0	1	0	1	0	0	0	1	0	0	1	1	1	0	0	1	0	0	0	0	0	0	0	3	0	2	3	3	1	0	0	0	0	0	1	1	0	2	1	0	2	0	0	0	1	0	1	0	2	0	0	0	0	0	0	0	1	0	0	0	0	0	0	2	1	1	0	1	0	0	1	0	0	0	0	0	0	2	1	0	1	0	2	0	0	2	0	1	0	1	1	0	1	0	0	1	0	0	2	0	2	1	0	0	0	1	0	0	0	0	0	1	1	0	2	1	0	0	0	1	0	2	0	0	2	0	0	0	0	0	1	1	0	0	0	0	262	1	0	3	0	0	0	1	0	1	0	0	0	1	0	0	2	0	2	0	1	0	0	0	0	0	0	0	0	0	0	1	1	0	0	0	2	1	2	0	1	0	2	1	1	1	0	1	0	2	1	0	0	1	0	1	0	0	1	2	0	1	0	1	3	0	0	0	1	0	1	1	3	0	0	0	1	1	1	2	0	0	1	1	0	1	0	1	0	0	0	1	0
G[Del(T):R7]C	0	1	0	0	0	0	0	3	0	1	1	2	0	1	0	0	0	0	0	0	1	1	1	1	1	0	0	2	0	1	0	2	0	1	0	2	1	0	0	2	2	1	2	2	2	1	0	1	0	0	1	0	0	0	0	1	1	1	2	0	0	2	0	0	2	1	0	0	1	0	2	2	1	0	1	0	0	0	0	0	1	0	0	105	1	0	0	0	1	0	1	0	1	1	0	2	0	1	0	0	0	0	0	0	3	0	0	0	1	1	1	0	0	0	1	1	1	0	3	0	0	1	0	0	1	0	2	0	1	1	1	1	0	0	0	1	1	1	0	0	1	3	0	1	0	1	1	0	0	0	2	1	0	0	0	1	1	0	1	0	2	0	1	1	0	2	1	0	0	0	2	1	2	0	1	1	1	5	2	1	0	1	1	2	0	2	4	0	1	0	0	1	0	0	0	1	1	0	0	2	0	0	1	1	1	1	1	2	1	1	0	0	0	0	1	0	1	0	1	0	1	0	0	1	0	2	0	0	0	1	0	2	0	0	1	0	1	0	0	0	0	1	1	1	0	2	1	0	1	0	0	0	1	0	2	1	0	0	3	2	0	0	1	2	0	3	1	1	2	0	1	2	1	0	0	0	1	1	0	0	0	0	0	0	0	1	305	0	0	0	0	1	1	4	3	0	0	0	0	0	0	0	0	0	2	0	1	0	0	0	2	1	1	0	0	3	1	1	0	0	2	0	0	0	0	1	2	0	1	0	0	0	2	1	0	0	0	0	1	0	0	0	2	0	0	0	3	1	2	0	0	0	0	1	0	1	1	0	4	0	0	0	1	1	1	1	2	0	1	0	0	1	2	1	0	0	3	3	1
G[Del(T):R7]G	0	0	0	1	0	1	1	0	1	0	4	0	1	1	2	3	0	0	0	0	1	0	0	0	0	0	0	2	1	1	1	0	0	0	0	1	1	0	0	2	0	0	2	0	1	0	0	1	0	3	0	0	0	0	0	0	0	1	2	1	0	0	0	0	0	0	1	1	1	0	0	3	0	0	0	0	1	0	1	2	0	1	0	155	2	1	0	1	1	0	0	0	1	1	1	0	1	0	1	1	1	0	2	1	0	0	2	2	0	0	0	0	2	0	1	0	0	0	1	0	0	1	0	0	1	0	0	0	0	0	0	0	1	2	1	1	0	1	0	0	1	1	1	0	0	1	0	0	0	0	1	1	1	2	1	0	0	0	3	1	1	0	1	0	0	0	0	0	1	0	0	1	1	2	0	0	1	4	1	1	1	0	1	1	0	1	0	1	0	0	1	0	1	0	0	1	0	0	2	0	0	0	0	0	0	0	1	0	0	2	0	0	0	1	1	0	1	2	0	0	0	1	0	0	0	1	0	0	1	1	0	0	2	1	1	1	0	0	0	1	0	0	0	0	0	1	1	1	1	2	1	1	1	0	0	1	0	0	2	1	0	0	1	2	1	0	0	0	0	0	3	1	0	1	0	0	0	0	0	0	0	0	0	0	0	0	265	0	0	0	2	0	0	1	0	0	0	0	1	0	2	0	1	1	2	3	0	0	1	0	0	0	0	0	0	0	0	0	0	2	0	0	1	1	0	0	3	0	1	0	0	0	0	0	0	1	1	0	0	1	0	1	1	1	1	0	1	4	2	2	3	1	0	0	0	0	0	1	0	0	0	1	2	0	1	0	3	0	0	0	0	0	1	0	0	0	0	0	3
G[Del(T):R8]A	0	0	0	0	1	1	0	0	0	0	1	1	0	1	0	0	0	0	0	0	1	0	0	0	2	0	0	0	1	1	0	0	0	0	0	2	0	0	0	1	1	0	2	0	0	1	0	0	0	2	1	0	0	1	1	0	0	1	0	1	1	0	1	0	0	0	0	0	1	0	0	0	0	1	0	2	1	0	1	2	0	0	0	130	0	0	1	0	0	1	0	0	0	1	0	1	0	0	0	1	1	0	0	0	0	0	1	0	0	1	0	0	1	0	0	0	0	0	0	0	0	0	0	1	0	0	0	0	1	0	0	0	1	0	1	0	0	1	1	0	0	1	0	2	0	0	1	0	0	0	0	1	0	0	2	1	0	0	0	0	0	0	0	0	0	0	0	1	0	0	0	0	0	2	0	0	1	0	0	0	0	0	0	0	0	2	0	3	0	0	0	0	0	0	0	0	0	0	0	0	0	2	1	0	0	0	0	0	0	1	0	0	0	0	0	0	0	0	0	0	2	0	0	0	0	0	0	1	1	2	0	0	0	2	2	0	0	0	0	1	1	0	0	0	1	0	0	0	0	0	0	1	1	0	2	1	0	0	0	0	1	1	1	0	0	1	3	0	0	0	1	1	0	0	0	0	0	1	0	0	0	0	0	0	0	0	462	0	0	0	0	0	0	0	0	0	0	0	1	0	0	0	1	0	1	0	0	1	0	0	0	0	0	0	0	0	0	0	1	1	0	1	0	2	0	0	0	0	0	2	1	1	2	0	0	0	1	0	1	0	1	1	3	1	0	1	0	0	2	0	1	0	1	2	0	2	0	0	0	0	0	0	2	3	2	2	0	0	1	1	1	0	0	1	0	0	1	4	0
G[Del(T):R8]C	0	0	0	1	0	0	1	0	1	0	0	0	2	1	1	0	0	0	0	0	0	0	0	1	0	0	0	2	0	0	0	1	1	0	0	0	0	0	1	0	1	1	2	0	0	0	0	0	0	0	0	0	0	1	0	0	3	0	0	2	0	0	0	2	0	1	0	0	0	0	0	0	1	1	0	0	1	0	2	0	1	0	0	105	0	0	0	1	0	0	0	0	0	2	0	0	2	0	0	0	1	0	0	0	0	0	0	1	0	1	0	0	0	1	1	0	0	0	0	0	0	0	0	0	0	0	0	0	1	0	0	1	0	0	1	0	0	0	0	2	0	2	0	0	1	2	0	0	0	0	0	0	0	0	0	0	0	0	1	0	1	0	0	0	1	0	0	0	0	0	1	0	0	0	0	0	0	2	0	0	0	1	1	2	0	0	0	0	0	1	0	0	0	0	0	0	0	1	1	0	0	0	1	0	0	1	0	1	0	0	0	0	0	0	1	0	0	0	0	0	0	0	1	0	0	0	0	0	0	0	0	4	0	0	0	0	0	0	0	0	0	1	0	0	0	0	0	0	0	1	0	1	1	1	1	1	0	0	0	0	0	0	2	0	0	0	0	0	1	0	0	3	0	0	0	0	0	0	0	0	0	0	0	0	0	0	288	0	0	0	0	0	0	2	1	0	0	1	0	0	0	0	0	1	0	2	0	0	1	0	0	0	0	0	0	0	0	0	0	0	1	2	1	2	0	1	0	0	1	1	2	0	3	0	0	0	0	0	0	0	0	1	0	2	1	0	0	0	0	0	0	0	0	0	0	0	0	0	3	0	1	1	0	0	0	0	1	0	0	0	2	0	0	1	0	1	0	2	0
G[Del(T):R8]G	0	0	0	1	0	0	0	0	0	0	0	1	0	2	0	0	0	0	0	0	0	0	1	1	1	0	0	0	0	1	0	0	0	0	0	2	0	0	0	0	0	0	1	0	0	1	0	0	0	1	1	0	0	0	0	0	1	0	1	0	0	1	1	1	1	0	0	0	0	1	0	0	1	1	1	0	1	0	0	1	0	0	0	126	0	0	0	0	0	0	1	0	0	0	0	0	1	0	0	0	0	0	1	0	0	0	0	0	1	0	0	0	1	0	0	0	0	0	0	0	0	0	0	1	0	0	1	0	1	0	0	0	0	0	0	0	0	0	0	0	0	2	0	0	0	1	0	0	0	0	0	0	0	0	0	0	0	0	2	0	0	0	0	0	0	1	0	0	1	1	0	0	0	0	0	0	0	0	0	0	0	0	1	0	0	1	0	0	0	0	0	0	0	1	0	0	0	0	0	0	0	0	0	1	1	0	0	0	0	2	0	0	1	1	0	0	0	1	0	0	0	0	0	1	0	0	0	1	0	0	0	0	0	0	1	0	0	1	1	0	0	1	0	0	3	0	0	0	0	0	0	0	1	0	0	0	0	1	0	0	1	1	1	0	2	0	0	0	0	0	1	0	0	1	0	0	0	0	0	0	1	0	0	0	0	1	333	0	0	0	0	0	0	0	1	0	0	0	0	1	0	0	0	0	0	1	1	0	0	0	0	0	0	0	0	0	0	0	0	0	1	0	0	2	0	0	0	1	0	1	0	0	3	1	0	1	0	0	0	0	1	1	0	0	0	0	0	0	2	1	0	2	0	0	0	1	0	0	2	0	1	0	1	0	0	0	0	0	0	1	1	0	0	0	0	0	1	3	0
G[Del(T):R(9,)]A	0	0	0	0	0	0	0	0	0	0	0	0	0	0	0	0	0	0	0	0	0	0	0	0	0	0	0	0	0	0	0	0	0	0	0	0	0	0	0	0	0	0	0	0	0	0	0	0	0	0	0	0	0	0	0	0	0	0	0	0	0	0	0	0	0	0	0	0	0	0	0	0	0	0	0	0	0	0	0	0	0	0	0	0	0	0	0	0	0	0	0	0	0	0	0	0	0	0	0	0	0	0	0	0	0	0	0	0	0	0	0	0	0	0	0	0	0	0	0	0	0	0	0	0	0	0	0	0	0	0	0	0	0	0	0	0	0	0	0	0	0	0	0	0	0	0	0	0	0	0	0	0	0	0	0	0	0	0	0	0	0	0	0	0	0	0	0	0	0	0	0	0	0	0	0	0	0	0	0	0	0	0	0	0	0	0	0	0	0	0	0	0	0	0	0	0	0	0	0	0	0	0	0	0	0	0	0	0	0	0	0	0	0	0	0	0	0	0	0	0	0	0	0	0	0	0	0	0	0	0	0	0	0	0	0	0	0	0	0	0	0	0	0	0	0	0	0	0	0	0	0	0	0	0	0	0	0	0	0	0	0	0	0	0	0	0	0	0	0	0	0	0	0	0	0	0	0	0	0	0	0	0	0	0	0	0	0	0	0	0	0	0	0	0	0	0	0	0	0	0	0	0	0	0	0	0	0	0	0	0	0	0	0	0	0	0	0	0	0	0	0	0	0	0	0	0	0	0	0	0	0	0	0	0	0	0	0	0	0	0	0	0	0	0	0	0	0	0	0	0	0	0	0	0	0	0	0	0	0	0	0	0	0	0	0	0	0	0	0	0	0	0	0	0	0	0	0	0	0
G[Del(T):R(9,)]C	0	0	0	0	0	0	0	0	0	0	0	0	0	0	0	0	0	0	0	0	0	0	0	0	0	0	0	0	0	0	0	0	0	0	0	0	0	0	0	0	0	0	0	0	0	0	0	0	0	0	0	0	0	0	0	0	0	0	0	0	0	0	0	0	0	0	0	0	0	0	0	0	0	0	0	0	0	0	0	0	0	0	0	0	0	0	0	0	0	0	0	0	0	0	0	0	0	0	0	0	0	0	0	0	0	0	0	0	0	0	0	0	0	0	0	0	0	0	0	0	0	0	0	0	0	0	0	0	0	0	0	0	0	0	0	0	0	0	0	0	0	0	0	0	0	0	0	0	0	0	0	0	0	0	0	0	0	0	0	0	0	0	0	0	0	0	0	0	0	0	0	0	0	0	0	0	0	0	0	0	0	0	0	0	0	0	0	0	0	0	0	0	0	0	0	0	0	0	0	0	0	0	0	0	0	0	0	0	0	0	0	0	0	0	0	0	0	0	0	0	0	0	0	0	0	0	0	0	0	0	0	0	0	0	0	0	0	0	0	0	0	0	0	0	0	0	0	0	0	0	0	0	0	0	0	0	0	0	0	0	0	0	0	0	0	0	0	0	0	0	0	0	0	0	0	0	0	0	0	0	0	0	0	0	0	0	0	0	0	0	0	0	0	0	0	0	0	0	0	0	0	0	0	0	0	0	0	0	0	0	0	0	0	0	0	0	0	0	0	0	0	0	0	0	0	0	0	0	0	0	0	0	0	0	0	0	0	0	0	0	0	0	0	0	0	0	0	0	0	0	0	0	0	0	0	0	0	0	0	0	0	0	0	0	0	0	0	0	0	0	0	0	0	0	0	0	0	0	0
G[Del(T):R(9,)]G	0	0	0	0	0	0	0	0	0	0	0	0	0	0	0	0	0	0	0	0	0	0	0	0	0	0	0	0	0	0	0	0	0	0	0	0	0	0	0	0	0	0	0	0	0	0	0	0	0	0	0	0	0	0	0	0	0	0	0	0	0	0	0	0	0	0	0	0	0	0	0	0	0	0	0	0	0	0	0	0	0	0	0	0	0	0	0	0	0	0	0	0	0	0	0	0	0	0	0	0	0	0	0	0	0	0	0	0	0	0	0	0	0	0	0	0	0	0	0	0	0	0	0	0	0	0	0	0	0	0	0	0	0	0	0	0	0	0	0	0	0	0	0	0	0	0	0	0	0	0	0	0	0	0	0	0	0	0	0	0	0	0	0	0	0	0	0	0	0	0	0	0	0	0	0	0	0	0	0	0	0	0	0	0	0	0	0	0	0	0	0	0	0	0	0	0	0	0	0	0	0	0	0	0	0	0	0	0	0	0	0	0	0	0	0	0	0	0	0	0	0	0	0	0	0	0	0	0	0	0	0	0	0	0	0	0	0	0	0	0	0	0	0	0	0	0	0	0	0	0	0	0	0	0	0	0	0	0	0	0	0	0	0	0	0	0	0	0	0	0	0	0	0	0	0	0	0	0	0	0	0	0	0	0	0	0	0	0	0	0	0	0	0	0	0	0	0	0	0	0	0	0	0	0	0	0	0	0	0	0	0	0	0	0	0	0	0	0	0	0	0	0	0	0	0	0	0	0	0	0	0	0	0	0	0	0	0	0	0	0	0	0	0	0	0	0	0	0	0	0	0	0	0	0	0	0	0	0	0	0	0	0	0	0	0	0	0	0	0	0	0	0	0	0	0	0	0	0	0
A[Ins(C):R0]A	1	1	0	2	0	0	1	1	0	1	5	1	3	1	2	2	0	1	0	1	0	1	2	2	3	0	2	0	1	3	0	1	2	0	1	4	1	0	1	2	2	3	4	1	2	0	3	2	0	3	3	1	0	0	0	2	2	1	1	0	0	2	0	0	0	0	0	3	2	2	3	1	3	0	1	1	1	1	0	4	3	2	2	1	0	2	0	0	0	0	0	0	0	0	0	1	0	1	0	0	1	0	1	2	2	0	5	0	0	0	3	0	0	2	2	4	2	1	3	0	0	1	1	0	2	1	0	0	5	1	1	0	2	2	2	1	0	0	1	0	0	0	2	0	1	3	0	0	2	0	1	2	1	1	0	0	0	3	0	0	1	0	2	1	1	2	0	1	0	0	0	2	1	4	0	0	1	8	5	0	0	2	0	0	0	2	1	2	1	1	1	0	0	0	0	0	0	2	1	0	0	1	0	0	0	1	2	1	1	5	0	0	0	1	2	0	1	0	0	1	0	0	0	1	0	1	2	2	2	0	0	2	0	1	2	0	1	0	0	1	0	4	1	0	1	2	2	2	5	0	0	1	1	1	0	0	0	1	2	3	0	1	2	1	4	1	2	0	2	0	0	4	0	0	1	0	0	1	1	0	0	0	1	0	2	3	0	1	1	0	1	0	1	5	0	0	1	0	1	0	0	1	3	0	0	0	0	1	2	0	0	3	0	0	0	0	1	0	1	2	0	2	1	0	1	1	3	0	1	2	0	3	3	4	0	0	2	0	0	0	3	3	0	0	5	3	0	1	4	0	3	1	1	2	2	1	1	2	5	0	2	0	1	2	2	1	4	0	2	2	0	0	2	2	0	0	1	1	0
A[Ins(C):R0]G	0	0	0	0	0	0	0	1	2	1	0	0	1	1	0	0	1	0	0	0	0	0	0	0	0	0	0	0	0	0	0	0	0	0	0	0	0	0	0	0	0	0	1	0	0	0	0	0	0	0	0	0	0	0	0	0	1	0	0	0	0	0	1	0	1	0	0	0	0	0	0	0	0	0	0	0	0	0	0	0	0	0	0	0	0	0	0	0	0	0	1	0	0	0	0	0	0	0	0	0	0	0	0	1	1	0	2	0	1	0	0	0	0	0	0	0	0	0	0	0	0	0	0	1	2	0	0	0	0	0	0	0	0	0	0	0	1	0	0	0	0	0	1	0	0	0	0	0	0	0	0	0	0	0	0	0	0	0	1	0	0	0	0	0	0	0	0	0	0	0	0	0	1	0	0	0	0	1	0	1	0	0	0	0	0	0	0	1	0	0	0	0	0	0	0	0	0	1	1	0	0	0	0	0	0	0	0	2	0	0	0	0	0	0	0	0	0	0	0	0	0	0	0	2	0	1	0	1	0	0	0	0	0	0	0	0	0	0	0	0	0	0	0	0	0	0	1	0	0	0	0	0	0	0	0	0	0	0	1	0	0	0	0	1	0	0	0	0	0	0	0	0	0	0	0	0	0	0	0	0	0	0	0	0	0	0	0	0	0	0	0	0	1	0	0	0	0	0	0	0	0	0	0	0	0	0	0	0	1	0	0	0	0	0	0	0	0	1	0	1	0	1	0	1	0	0	1	0	0	0	0	0	0	0	0	0	1	2	0	1	1	1	1	0	0	0	0	0	1	0	1	0	0	0	0	0	1	0	1	0	0	0	0	3	0	0	0	0	0	2	0	0	1	1	1	0	0	0	0
A[Ins(C):R0]T	0	0	0	2	2	0	0	1	0	2	3	0	2	1	0	0	0	0	0	0	0	1	2	1	0	0	0	0	1	0	0	1	1	2	0	0	0	0	1	1	0	1	0	1	0	1	1	1	0	2	1	0	0	0	0	0	1	1	0	0	0	0	1	0	0	0	0	2	1	1	0	1	1	0	0	1	1	1	0	0	1	1	0	1	1	0	0	0	0	1	1	1	0	0	0	0	0	0	0	0	0	0	0	0	1	0	2	1	0	0	0	0	0	0	1	2	0	0	1	0	0	0	1	0	0	0	1	0	0	0	1	0	1	0	1	0	0	0	0	0	0	0	0	1	0	3	1	1	1	0	0	2	1	0	0	0	1	0	0	0	1	0	2	0	2	1	0	0	0	0	0	1	0	0	0	0	0	0	1	1	1	1	0	0	0	1	0	1	1	0	0	0	0	0	0	0	0	1	1	0	0	1	0	0	0	0	1	1	0	0	0	0	0	1	0	1	1	1	0	1	1	0	1	1	0	1	0	3	0	0	0	0	0	0	1	1	0	0	0	0	0	0	1	0	0	0	1	2	0	1	0	0	0	0	0	0	0	0	1	1	1	1	1	1	0	0	1	0	0	0	1	1	0	0	0	0	0	0	0	1	2	0	0	0	0	1	0	0	1	0	1	0	0	1	0	0	0	0	1	0	0	0	0	1	1	0	0	1	2	0	2	0	0	0	0	0	0	1	0	0	0	0	0	1	0	0	2	0	1	2	1	2	1	1	0	1	0	0	0	1	1	0	1	1	0	0	0	1	1	0	4	1	0	1	1	1	0	0	1	0	1	0	0	0	0	1	1	0	0	0	0	2	1	0	0	0	0	0	0
A[Ins(C):R1]A	0	0	1	2	0	0	3	1	1	0	0	0	1	0	0	2	1	0	0	0	0	0	0	2	0	0	2	0	0	0	0	1	0	0	0	0	2	0	0	0	0	1	2	1	0	0	0	0	0	1	0	1	0	0	2	1	0	0	0	0	0	0	0	0	0	0	1	0	0	0	0	0	0	0	0	0	4	0	0	2	1	1	0	1	0	0	0	0	1	0	1	0	0	0	0	1	0	1	0	1	0	0	0	0	2	1	0	0	0	0	1	0	1	0	2	2	0	0	0	0	1	0	1	1	0	0	0	0	0	0	0	0	1	0	1	0	1	1	0	0	0	0	0	0	0	0	0	0	0	0	0	0	0	0	0	1	2	0	0	1	0	0	0	0	1	0	1	0	0	0	0	0	0	0	0	0	0	0	0	0	1	0	0	1	0	2	0	0	0	1	0	0	1	1	0	1	2	1	0	0	0	0	0	0	0	0	0	1	1	1	0	1	0	0	0	0	1	1	1	0	0	0	2	0	0	0	2	0	1	0	0	0	0	1	0	0	0	1	0	0	0	1	2	0	1	0	0	1	0	0	0	0	0	0	1	0	0	0	0	0	0	0	1	1	0	0	0	0	0	2	0	1	0	0	0	0	0	0	0	0	0	0	0	1	0	1	3	1	0	1	1	1	0	0	3	0	0	1	0	0	3	0	1	0	0	1	0	1	0	0	0	0	0	0	1	1	1	1	0	0	0	0	1	1	0	1	1	0	0	0	0	0	1	0	0	0	0	0	0	4	1	0	0	2	0	1	1	2	0	0	0	1	1	0	2	0	0	0	1	1	0	1	1	0	0	1	0	0	0	1	1	0	0	2	0	1	0	0	0
A[Ins(C):R1]G	0	0	0	0	0	0	0	0	1	0	0	0	0	0	0	0	0	0	0	0	0	0	0	1	0	0	0	0	1	0	0	0	0	0	0	0	0	0	0	0	0	0	0	0	0	0	0	0	0	0	0	0	0	0	0	0	0	0	0	0	0	0	0	0	0	1	0	0	0	0	0	0	0	0	0	0	0	0	0	0	0	0	0	0	0	0	0	0	0	0	0	0	0	0	0	0	0	0	0	0	0	0	0	0	0	0	0	0	0	0	0	0	0	0	0	0	0	0	0	0	0	0	0	0	0	0	0	0	0	0	0	0	0	0	0	0	1	0	0	0	0	0	1	0	0	0	0	0	0	0	0	0	1	0	0	0	0	0	0	0	0	0	0	0	0	0	0	0	0	0	0	0	0	0	0	0	0	0	0	0	0	0	0	0	0	0	0	0	0	0	0	0	0	0	0	0	0	0	0	0	0	0	0	0	0	1	0	0	0	1	0	0	0	0	0	0	0	0	0	0	0	0	0	0	0	0	0	0	0	0	0	0	0	0	0	0	0	0	0	0	0	0	0	0	0	0	0	0	0	0	0	0	0	0	0	0	0	0	0	0	0	0	0	0	0	0	0	0	0	0	0	0	0	0	0	0	0	0	0	0	0	0	0	0	0	0	0	0	0	1	0	0	0	0	0	0	0	0	0	0	0	0	0	0	0	0	0	0	0	0	0	0	0	0	0	0	0	0	0	0	0	0	0	0	0	0	0	0	0	0	0	0	0	0	0	0	0	0	0	0	0	0	0	0	0	0	0	0	0	1	0	0	0	0	0	0	0	0	0	0	1	0	0	0	0	0	1	0	1	0	0	0	0	1	0	0	1	0	0
A[Ins(C):R1]T	0	0	0	0	0	0	0	1	1	0	0	0	0	0	1	0	0	1	0	0	0	0	0	1	0	0	0	0	0	0	0	0	1	0	0	0	0	0	1	1	1	0	1	1	0	0	1	0	0	1	0	0	0	0	0	0	0	1	0	1	0	0	0	0	0	0	2	1	0	0	0	1	0	0	0	0	2	0	0	0	0	2	0	0	0	0	0	0	0	0	0	1	0	0	0	0	1	0	0	0	0	0	0	2	0	1	0	0	0	0	0	0	1	1	1	0	0	1	0	0	0	0	0	1	0	0	0	0	0	0	0	0	0	1	0	0	0	0	0	0	0	1	0	0	1	1	1	0	0	0	0	1	0	0	0	1	1	0	0	0	0	0	1	1	0	0	2	0	0	0	0	0	0	0	0	0	0	1	1	0	0	0	0	0	0	0	0	0	0	1	0	0	0	0	0	0	0	1	0	0	0	0	1	0	1	0	0	0	0	0	0	0	0	0	0	0	1	0	0	0	0	0	0	0	0	1	0	0	2	1	0	0	0	0	0	0	2	0	0	0	1	1	0	0	0	0	1	0	2	0	0	0	0	0	0	0	1	0	0	0	0	0	0	0	0	0	1	2	1	0	0	2	1	0	0	0	0	0	0	0	0	0	0	0	0	1	0	0	0	1	0	1	0	1	0	0	1	1	0	1	1	0	0	0	1	0	0	0	0	0	0	1	0	0	0	0	1	0	0	0	0	1	0	2	0	1	1	0	0	0	0	1	1	2	0	0	0	0	0	1	1	1	0	1	0	0	0	0	0	0	0	0	0	0	0	1	0	0	0	0	2	0	0	0	1	0	0	1	0	1	0	0	0	2	0	0	0	1	0
A[Ins(C):R2]A	0	1	0	1	2	1	1	0	0	0	2	0	0	0	0	0	0	0	0	1	0	0	0	0	0	0	0	0	0	0	0	0	0	0	0	0	0	0	0	0	1	2	1	0	1	0	0	0	1	0	1	0	0	0	0	0	0	1	2	0	0	1	0	1	0	0	0	0	0	1	1	0	0	0	0	0	0	0	0	1	0	0	0	0	0	0	0	0	0	1	1	0	1	0	1	0	1	0	0	0	0	0	0	0	0	1	1	1	1	0	0	0	0	0	0	1	0	0	2	0	0	0	0	1	0	1	0	0	1	0	1	0	0	0	0	1	0	0	1	1	0	0	1	0	0	0	0	0	0	0	0	0	1	0	0	0	0	1	0	0	0	0	1	1	2	0	0	0	1	1	0	0	0	0	0	0	0	0	0	0	0	0	0	0	1	1	0	0	1	2	0	0	0	0	0	1	1	0	2	1	0	0	0	0	0	0	1	0	0	0	0	0	0	0	0	0	1	0	0	0	0	0	0	0	0	0	0	0	1	0	1	1	1	0	0	0	0	0	0	0	0	0	0	0	1	0	0	0	0	0	0	0	1	1	0	0	0	0	0	0	0	0	0	1	0	1	2	0	0	0	0	0	0	2	0	0	0	0	0	0	0	0	0	0	0	0	2	0	0	0	0	1	0	0	0	1	0	0	0	0	1	1	0	0	0	1	1	0	0	0	0	0	0	0	1	0	1	2	0	0	0	0	0	0	0	0	0	1	0	1	0	1	0	0	0	0	0	0	0	1	0	2	0	1	0	0	2	0	0	0	0	1	0	1	0	0	1	0	0	0	0	1	0	1	0	1	0	0	0	1	0	1	2	0	0	0	0	0	0
A[Ins(C):R2]G	0	0	0	0	0	0	0	0	0	0	0	0	0	0	0	0	0	0	0	0	0	0	0	0	0	0	0	0	0	0	0	0	0	0	0	0	0	0	0	0	0	0	0	0	0	0	1	1	0	0	0	0	0	0	0	0	0	0	0	0	0	1	0	0	0	0	0	0	0	0	0	0	0	0	0	0	0	0	0	0	0	0	0	0	0	0	0	0	0	0	0	0	0	0	0	1	0	1	0	0	0	0	0	0	0	0	0	0	0	0	0	0	0	0	0	0	0	0	0	0	0	0	0	0	0	0	0	0	0	0	0	0	0	0	0	0	0	0	0	0	0	0	0	0	0	0	0	0	0	0	0	1	0	0	0	0	0	0	0	0	0	0	0	0	0	0	0	0	0	0	0	0	0	0	0	0	0	0	0	0	0	0	0	1	0	0	0	0	0	0	0	0	0	0	0	0	0	0	0	0	0	0	0	0	0	0	0	0	0	0	0	0	0	0	0	0	0	0	0	0	0	0	0	0	0	0	0	0	0	0	0	0	0	0	0	0	0	0	0	0	0	0	0	0	0	0	0	0	0	0	0	1	0	0	0	0	0	0	0	0	0	0	0	0	0	0	0	0	0	0	0	0	0	0	0	0	0	0	0	0	0	0	0	0	0	0	1	0	0	0	0	0	0	0	0	0	0	0	0	0	0	0	0	0	0	0	0	0	0	0	0	0	0	0	0	0	0	0	0	0	0	0	0	0	0	0	0	0	0	0	1	0	0	1	0	0	0	0	0	0	0	0	0	0	0	0	0	0	0	0	0	0	0	0	0	0	0	0	0	0	0	0	0	1	0	0	0	0	0	0	0	0	0	0	0	0	0	0	0
A[Ins(C):R2]T	0	0	0	0	0	0	1	1	0	1	1	0	0	0	0	0	0	0	0	0	0	1	1	1	0	0	0	0	0	1	0	0	0	1	2	0	0	0	0	0	0	1	1	0	0	0	0	0	1	0	0	0	0	2	0	1	0	0	0	0	0	0	0	0	0	0	0	0	0	0	1	1	0	0	0	0	0	0	0	1	0	0	0	1	1	0	0	0	0	0	0	0	0	0	0	0	0	0	0	0	0	0	1	1	2	1	1	0	0	0	0	0	0	1	0	0	0	0	1	0	0	0	0	1	0	0	0	0	0	0	1	0	0	0	0	0	0	0	0	0	0	1	0	0	0	0	1	0	0	0	0	2	0	0	0	0	1	1	0	0	0	1	0	0	0	0	1	0	0	0	0	0	0	0	0	0	0	0	0	0	0	1	0	0	0	0	0	0	0	0	0	0	0	0	0	0	0	0	0	1	0	0	0	0	1	0	0	0	0	0	0	1	0	0	1	0	0	0	0	0	1	0	0	0	0	0	0	0	0	0	0	0	0	0	1	0	0	0	0	0	0	0	0	0	0	0	0	0	1	0	0	0	0	0	1	0	0	0	0	0	0	0	0	0	1	0	0	0	0	0	0	0	0	0	0	0	0	0	0	0	1	1	0	0	0	0	4	1	0	0	0	0	0	0	0	0	0	0	0	1	0	0	1	0	0	0	0	0	1	0	0	0	0	0	0	1	0	0	0	0	0	0	0	0	0	0	0	0	0	0	1	0	0	0	0	0	0	0	0	1	1	0	0	1	0	0	0	1	0	1	0	0	2	0	0	0	0	0	1	0	0	1	0	0	0	2	0	0	0	0	0	0	1	0	0	0	0	0	3
A[Ins(C):R3]A	0	1	0	0	0	0	0	1	0	0	0	1	0	1	0	0	0	0	0	0	0	0	0	0	0	0	0	0	1	0	0	0	1	0	0	0	2	0	0	0	0	0	1	0	0	0	0	0	1	0	0	0	0	0	0	0	0	0	0	0	0	1	1	0	0	0	0	0	0	0	0	1	0	0	0	1	0	0	0	0	0	0	0	2	0	0	1	0	0	1	0	0	0	0	0	0	0	2	0	0	1	0	0	1	0	0	0	1	0	0	0	0	0	0	1	0	0	0	0	0	1	1	1	0	0	0	2	0	0	0	0	0	0	1	0	0	0	0	0	0	0	0	1	0	0	1	0	0	0	0	0	0	0	0	0	0	0	0	2	0	2	0	2	0	0	0	1	0	0	0	0	0	0	0	0	0	2	1	0	0	0	0	0	0	0	0	0	0	2	0	0	0	0	0	0	0	0	0	0	1	0	0	1	0	0	0	0	0	1	0	0	0	0	0	0	0	1	0	0	0	0	0	0	0	0	0	0	0	0	0	0	0	1	0	0	0	0	0	0	0	0	0	0	0	0	0	1	0	0	0	0	1	0	0	0	0	0	0	0	0	0	0	0	1	0	0	0	0	0	1	0	0	0	0	0	1	0	0	0	0	0	0	0	0	0	0	6	1	0	2	0	0	0	0	0	0	0	0	1	1	0	0	0	0	0	0	1	1	0	0	0	0	0	0	0	0	0	0	0	0	0	0	0	0	0	0	0	0	0	0	0	0	1	0	0	1	0	0	0	1	1	2	1	1	0	0	1	0	0	0	0	1	0	0	0	1	1	0	1	0	0	1	0	2	0	1	0	0	0	1	0	0	0	1	0	0	0	0	0
A[Ins(C):R3]G	0	0	0	0	0	0	0	0	0	0	0	0	0	0	0	0	0	0	0	0	1	0	1	0	0	0	0	0	0	0	0	0	1	0	0	0	0	0	0	0	0	0	0	0	0	0	0	0	0	0	0	0	0	0	0	0	1	0	1	0	0	0	0	0	0	0	0	0	0	0	0	0	1	0	0	0	0	0	0	0	0	0	0	2	0	0	0	0	1	0	0	0	0	0	0	0	0	0	0	0	0	0	0	0	0	0	0	0	0	0	0	0	0	0	0	1	0	0	0	0	0	0	0	0	0	0	0	0	0	0	0	0	0	0	0	0	0	0	0	0	0	0	1	0	0	0	0	0	0	0	0	0	0	0	0	0	0	0	0	0	0	0	0	0	0	0	0	0	0	1	0	0	0	0	0	0	0	0	0	0	0	0	0	0	0	0	0	0	0	0	0	0	0	0	0	0	0	0	0	0	0	0	0	0	0	0	0	0	0	0	1	1	0	0	1	0	0	0	0	0	1	0	0	0	0	0	0	1	0	0	0	0	0	0	0	0	0	0	0	0	0	0	0	0	0	0	0	0	0	0	0	0	0	1	1	0	0	0	0	1	0	0	0	0	0	0	0	0	0	0	0	0	0	0	0	0	0	0	0	0	0	0	0	0	0	0	1	0	0	0	0	0	0	0	0	0	0	0	0	0	0	0	0	0	0	0	0	0	0	0	0	0	0	0	0	0	0	0	0	0	0	0	0	0	0	0	0	0	0	0	0	0	1	0	0	0	0	0	0	0	0	0	0	0	0	1	0	0	0	0	1	0	0	0	0	0	0	0	1	0	0	0	0	1	0	0	0	0	0	0	0	0	0	0	0	0	0	0	0
A[Ins(C):R3]T	0	0	0	0	1	1	1	0	0	0	1	0	0	0	1	0	0	0	1	1	0	0	1	2	1	0	0	0	1	0	0	0	0	0	0	1	1	0	0	0	1	0	0	0	0	0	0	0	0	0	0	0	0	1	0	0	1	0	0	0	0	0	1	0	0	0	0	0	0	0	0	0	1	1	0	0	0	0	0	0	0	1	1	3	0	0	0	0	0	0	0	2	0	0	1	0	0	0	0	0	0	0	1	0	1	0	0	0	0	0	0	0	0	0	2	0	0	0	0	0	0	0	0	1	1	0	0	0	0	0	0	0	0	0	0	0	0	0	0	0	0	0	0	0	0	0	0	0	0	0	0	0	0	0	0	0	1	0	0	0	0	0	0	0	0	0	0	0	0	0	0	0	0	2	0	0	1	0	0	1	0	0	0	0	0	0	0	0	1	0	0	0	0	3	0	0	0	1	0	0	0	0	0	1	0	0	0	0	0	0	0	0	0	0	0	1	0	1	0	0	1	0	0	0	0	0	0	1	0	0	0	0	0	0	1	1	0	1	0	0	0	0	0	0	0	0	0	1	1	0	1	0	0	0	0	0	0	1	0	0	0	0	0	1	0	0	0	0	0	0	0	0	1	0	0	0	0	0	0	0	0	0	0	0	0	0	2	0	0	0	0	0	0	1	0	0	0	0	0	1	0	0	0	0	0	0	0	0	0	0	0	0	0	0	0	0	0	0	0	0	1	0	0	1	0	0	1	0	0	1	0	0	0	2	0	0	0	0	0	0	0	0	0	1	0	0	0	0	0	0	0	1	0	0	0	0	0	0	0	0	0	0	0	0	1	0	1	0	2	0	0	0	1	1	0	0	1	1	0
A[Ins(C):R4]A	0	0	0	0	1	0	0	0	0	1	1	0	1	0	0	0	0	0	0	0	0	0	1	2	2	0	0	0	0	0	1	0	0	0	0	0	0	0	2	0	0	1	2	0	0	0	0	0	0	2	0	0	0	0	1	1	0	0	0	0	0	1	0	0	0	1	1	0	0	0	0	0	0	0	0	0	0	0	2	0	0	0	2	10	0	0	0	0	0	2	0	0	0	1	0	0	0	0	0	0	0	0	0	0	0	0	0	1	0	0	0	0	0	0	1	1	0	0	0	0	0	0	0	0	0	0	0	0	0	0	0	0	0	0	0	1	1	0	0	1	0	0	1	0	0	1	1	0	0	0	0	1	0	0	0	0	0	0	0	0	0	0	1	0	1	0	1	0	0	1	0	0	0	1	0	0	1	2	0	1	0	0	0	1	0	0	1	0	0	0	0	0	0	0	1	0	0	1	0	0	1	0	0	0	0	0	1	0	0	1	0	0	0	0	0	0	0	0	0	0	0	0	1	0	0	0	0	0	0	0	0	0	0	1	0	1	0	0	0	0	0	0	0	0	1	0	0	2	1	0	0	0	0	0	0	0	0	0	0	0	0	0	0	0	0	1	0	0	0	0	0	0	0	0	0	1	0	0	0	0	0	0	0	0	0	1	11	0	0	0	0	0	0	0	0	0	1	0	0	1	0	0	0	0	0	0	0	0	1	1	0	1	0	0	0	0	0	0	0	0	0	0	0	1	0	0	0	0	0	0	0	0	1	0	0	0	1	1	0	0	0	1	2	0	0	0	0	0	2	0	1	1	0	0	0	0	0	0	1	0	0	1	1	1	0	0	0	0	1	0	0	1	0	0	0	1	0	0	0
A[Ins(C):R4]G	0	0	0	0	0	0	0	0	0	0	0	0	0	0	0	0	0	0	0	0	0	0	0	0	0	0	0	0	0	1	0	1	0	0	0	0	0	0	0	0	0	0	0	0	0	0	0	0	0	0	0	0	0	1	0	0	0	0	0	0	0	0	0	0	0	0	0	0	0	0	0	0	0	0	0	0	0	0	0	0	0	0	0	9	0	0	0	0	0	0	0	0	0	0	0	0	0	0	0	0	0	1	0	0	0	0	0	0	0	0	1	0	0	0	0	0	0	0	0	0	1	0	0	0	0	0	0	0	1	0	0	0	0	0	0	0	0	0	0	0	0	0	0	0	0	0	0	0	0	0	0	0	0	0	0	0	0	0	0	0	0	0	1	0	1	0	0	0	0	0	0	0	0	0	0	1	0	0	1	0	0	0	0	0	0	0	0	0	0	0	0	0	0	0	0	0	0	0	1	0	0	0	0	0	0	0	0	0	0	0	1	0	0	0	0	0	0	0	0	0	0	0	0	0	0	0	0	0	0	0	0	0	0	0	0	0	0	0	0	0	0	0	0	0	0	0	0	0	0	0	0	0	0	0	0	0	0	1	0	0	0	0	0	0	0	0	1	0	0	0	1	0	0	0	0	0	0	0	0	0	0	0	0	0	0	0	14	0	0	0	0	0	0	0	0	0	0	0	0	0	0	0	0	0	0	0	0	0	0	0	0	0	0	0	0	0	0	1	0	0	0	0	0	0	0	0	0	0	0	1	0	0	1	0	0	0	0	0	0	0	0	0	1	0	0	0	0	0	0	0	0	0	0	0	0	0	0	0	0	0	0	0	0	1	0	0	0	0	0	0	0	0	0	0	0	0	0	0	0
A[Ins(C):R4]T	0	0	0	0	0	0	1	0	0	0	0	0	0	0	1	0	0	0	0	0	0	0	1	0	0	0	0	0	0	0	0	0	0	0	0	0	0	0	0	1	0	0	0	0	0	0	0	0	0	0	0	0	0	0	0	0	0	0	0	0	0	0	0	0	0	0	0	0	0	0	0	0	0	0	0	0	0	0	1	0	0	0	0	8	0	0	0	1	0	0	0	1	0	0	0	1	0	0	0	0	0	0	0	0	1	0	0	1	0	0	1	0	0	0	0	0	0	0	0	0	0	0	0	0	0	0	0	0	0	0	0	0	0	0	0	0	0	0	0	0	0	0	0	0	2	1	0	0	0	0	0	1	0	0	0	0	0	0	0	0	0	0	0	0	0	0	0	0	1	0	0	0	0	0	1	0	0	1	1	0	1	1	0	0	0	0	0	0	0	0	0	0	0	0	0	0	1	0	0	0	0	0	0	0	0	1	0	0	1	0	0	0	0	0	0	0	0	0	0	0	0	0	0	0	2	0	0	0	1	0	0	0	0	0	0	0	1	0	0	0	0	0	0	0	0	0	0	1	0	0	0	0	0	0	1	1	0	0	0	0	0	1	0	0	0	0	0	0	0	1	0	0	0	0	1	0	1	2	0	0	0	0	0	0	1	0	7	0	0	0	0	0	0	0	0	0	0	0	0	0	0	0	0	0	0	0	0	0	0	0	0	0	0	0	0	0	0	0	0	0	0	0	0	0	0	0	0	0	0	0	0	0	0	0	0	0	0	0	0	0	1	0	0	0	0	0	0	0	0	0	1	0	0	0	0	0	0	0	1	0	0	0	1	0	0	1	0	0	0	0	0	0	0	0	0	0	0	0	0
A[Ins(C):R5]A	0	1	1	0	0	0	1	0	0	0	0	0	2	4	1	1	0	1	0	0	0	1	0	0	0	0	0	1	0	0	0	1	0	0	0	0	0	0	0	2	0	0	0	1	0	0	0	0	0	1	0	0	0	4	0	0	1	0	0	0	1	0	0	0	0	3	0	0	0	1	1	1	1	0	1	1	0	0	0	0	0	1	1	4	0	0	0	0	1	0	0	0	0	0	0	1	0	0	0	0	0	0	0	2	1	0	0	0	0	0	0	0	0	0	0	0	0	0	0	0	1	0	0	2	0	0	0	1	1	0	1	0	0	0	1	0	0	0	0	0	0	0	1	0	0	0	0	0	0	0	1	0	2	0	0	0	0	1	0	0	0	0	1	0	0	0	0	0	0	1	0	0	0	0	0	1	0	0	1	0	1	0	1	1	0	0	0	0	0	1	0	0	0	0	0	0	0	0	0	0	0	0	0	0	0	1	0	0	0	1	0	0	0	2	0	0	1	0	0	0	0	0	1	1	0	0	0	0	1	0	0	0	0	0	2	0	0	1	2	1	0	0	0	0	0	1	0	0	0	1	0	0	0	1	0	0	1	1	0	0	0	0	0	0	0	0	0	0	0	0	0	0	0	0	0	0	0	1	0	0	0	0	0	0	1	0	15	0	0	0	0	1	0	0	1	0	0	0	0	0	0	0	0	0	0	0	0	1	0	0	0	0	0	0	0	0	1	0	0	0	0	0	0	0	0	0	1	0	0	0	0	0	1	0	1	0	2	0	0	1	0	0	0	1	0	0	0	0	3	0	2	0	0	0	2	0	1	0	0	0	1	0	0	3	0	0	1	0	2	1	0	0	0	0	0	1	0	0	1
A[Ins(C):R5]G	0	0	0	0	0	0	0	0	0	0	0	0	1	1	0	0	0	0	0	0	0	0	0	0	0	0	0	0	0	0	0	1	0	0	0	0	0	0	0	0	0	0	0	0	0	0	0	0	0	0	0	0	0	0	0	0	0	0	0	0	0	0	0	0	0	0	0	0	0	0	0	0	0	0	0	0	0	0	0	0	0	0	0	0	0	0	0	0	0	0	0	0	0	0	0	0	0	0	0	0	0	0	0	0	0	0	0	0	0	0	0	0	0	0	0	0	0	0	0	0	0	0	0	0	0	0	0	0	0	0	0	0	0	0	1	0	0	0	0	0	0	0	0	0	0	0	1	0	0	0	0	0	0	0	0	0	0	0	0	0	0	0	0	0	0	0	0	0	0	0	0	0	0	1	0	0	0	0	0	0	1	0	0	0	0	0	0	0	1	0	1	1	0	0	0	0	0	0	0	0	0	0	0	0	0	0	0	0	0	0	0	0	0	0	0	0	0	0	0	0	0	0	1	0	0	1	0	0	0	0	0	0	0	0	0	0	0	0	0	0	1	0	0	0	0	0	0	1	0	0	0	0	0	0	0	1	0	0	1	0	0	0	1	0	0	0	0	0	0	0	0	0	0	0	0	0	0	0	0	0	0	0	0	0	0	0	3	0	0	1	0	0	0	0	0	0	0	0	0	0	0	0	0	0	1	0	2	0	0	0	0	1	0	0	0	0	0	0	0	0	0	0	0	0	0	0	0	0	0	0	0	0	1	0	1	0	1	0	0	0	0	0	1	0	0	0	1	0	0	0	0	0	1	0	0	0	0	0	0	0	0	0	1	0	0	0	0	0	1	0	0	0	0	0	0	2	0	0	0
A[Ins(C):R5]T	0	1	0	0	0	0	0	0	0	0	0	0	0	1	0	0	0	1	1	0	0	1	0	0	0	0	0	0	0	0	0	0	0	0	0	0	0	0	1	0	0	0	0	0	0	0	0	0	0	0	1	0	0	1	2	0	0	0	0	0	0	0	0	0	0	0	0	0	0	0	0	1	0	0	0	1	0	0	0	0	0	0	0	2	0	0	0	0	0	0	0	0	0	0	0	0	0	0	0	0	0	0	0	0	0	0	1	0	0	0	0	0	0	0	0	1	0	0	0	0	0	0	0	0	0	0	1	0	0	0	0	0	0	0	0	0	0	0	0	0	0	0	0	0	0	1	0	0	0	0	0	0	0	0	0	0	0	0	1	0	0	0	0	0	0	0	0	0	0	0	0	0	0	0	0	0	0	1	0	0	0	0	0	1	0	0	1	1	0	0	0	0	0	0	0	0	0	0	0	0	0	0	0	2	1	0	1	0	0	0	0	0	0	0	0	0	0	0	0	0	0	0	0	0	0	0	0	1	0	0	0	0	0	0	0	0	0	0	0	0	0	0	0	0	0	1	0	0	0	0	0	0	0	1	0	1	0	0	0	0	0	0	0	0	0	0	0	0	1	0	0	1	0	0	0	0	0	1	1	0	0	0	0	0	1	0	9	0	0	1	0	0	0	0	0	0	0	0	0	0	0	0	0	0	0	0	0	0	0	0	0	0	0	0	0	0	0	0	0	0	0	0	0	0	0	1	0	0	0	2	1	0	0	0	0	0	0	0	0	0	0	0	0	1	0	0	0	0	1	0	0	0	0	0	1	0	1	1	0	0	1	0	0	0	0	0	1	0	1	0	0	0	0	0	0	0	0	0	0
A[Ins(C):R6]A	0	0	0	1	1	0	0	0	0	0	3	0	1	1	0	0	0	0	1	0	0	0	0	0	1	0	0	0	0	1	0	2	0	0	0	0	0	0	0	0	0	0	1	0	1	1	0	0	0	1	1	0	0	3	2	1	0	0	1	0	1	0	0	0	0	1	0	0	0	0	0	0	1	0	0	0	0	0	0	2	1	1	0	6	1	0	0	0	0	0	0	0	0	1	0	1	1	1	0	0	0	0	0	0	0	1	1	0	0	0	0	0	0	1	0	1	0	0	1	0	0	1	0	0	0	0	0	0	0	0	0	0	0	0	0	0	0	0	0	0	0	0	0	0	0	0	0	0	0	0	0	0	0	0	1	0	0	0	1	0	0	0	0	0	0	0	0	0	0	0	0	0	0	1	0	0	1	0	0	0	0	0	0	0	0	0	0	1	1	0	0	1	2	1	0	0	0	0	3	0	0	0	0	0	0	0	2	0	0	1	0	0	0	0	0	0	0	0	0	0	0	0	0	2	0	1	0	0	0	1	0	0	0	1	1	0	2	0	0	0	0	0	0	0	0	0	0	0	1	0	1	0	0	1	0	0	0	0	0	0	0	0	0	0	0	0	1	0	0	0	0	1	0	0	1	0	0	0	0	0	0	0	0	0	0	0	10	0	1	0	0	0	0	0	0	0	0	0	0	0	0	0	0	0	1	0	0	0	0	0	0	0	0	0	1	1	2	1	0	0	0	0	0	1	0	0	1	1	1	0	1	0	2	0	0	2	0	0	1	0	1	2	1	2	0	0	1	0	0	0	1	1	0	0	1	0	0	0	0	0	0	0	0	2	0	0	0	0	0	0	0	0	0	0	0	1	0	2	0
A[Ins(C):R6]G	0	0	0	0	1	0	0	0	0	0	0	0	0	0	0	0	0	0	0	0	0	0	0	0	0	0	0	0	0	0	0	0	0	0	0	0	0	0	0	0	0	0	0	0	0	0	0	0	0	0	0	0	0	0	0	0	0	0	0	0	0	0	0	0	0	0	0	0	0	0	0	0	0	0	0	1	0	0	0	0	0	0	0	1	0	0	0	0	0	0	0	0	0	0	0	0	0	0	0	0	0	0	0	0	0	0	0	0	0	0	0	0	0	0	0	0	0	0	0	0	0	0	0	0	0	1	0	0	0	0	0	0	0	0	0	0	0	0	0	0	0	0	0	1	0	0	0	0	0	0	0	0	0	0	0	0	0	0	0	0	0	0	0	0	0	0	0	0	0	0	0	0	0	0	0	0	0	0	0	0	0	0	0	0	0	0	0	0	0	0	0	0	0	0	0	0	0	0	0	0	0	0	0	0	0	0	0	0	0	0	0	0	0	0	0	0	0	0	0	0	0	0	0	0	0	1	0	0	0	0	0	0	0	0	0	0	0	0	0	1	0	0	0	0	0	0	0	0	0	0	0	0	0	1	0	0	0	0	0	0	0	0	0	0	0	0	0	0	0	0	0	0	0	0	0	0	0	0	0	0	0	0	0	0	0	1	4	0	0	0	0	0	0	0	0	0	0	0	0	0	0	0	0	0	0	0	0	0	0	0	0	0	0	0	0	0	0	0	0	0	0	0	0	0	0	0	0	0	0	0	0	0	0	0	0	0	0	0	0	0	0	0	0	0	1	0	0	0	0	0	0	0	0	0	0	0	0	0	0	0	0	0	0	0	0	0	0	0	0	0	0	0	0	0	0	0	0	0	0
A[Ins(C):R6]T	0	0	0	0	0	0	1	0	0	0	0	0	1	0	0	0	0	0	0	1	0	0	0	0	0	0	0	0	0	0	1	1	0	0	0	1	0	0	0	1	0	0	0	0	0	0	0	1	0	0	0	0	0	3	0	0	1	0	0	0	0	0	0	0	0	0	0	0	0	0	0	0	0	0	1	0	0	0	0	0	0	1	0	4	0	0	0	0	0	0	0	1	0	0	0	1	0	0	1	0	0	0	0	1	1	0	0	1	0	0	0	0	0	0	0	0	0	0	0	0	0	0	0	0	0	0	0	0	0	0	0	1	0	0	0	0	0	0	0	0	0	0	0	0	0	1	0	0	1	0	0	0	0	0	0	1	0	0	0	0	0	1	0	0	0	0	0	0	0	0	0	0	0	0	0	0	0	0	0	0	0	0	0	0	0	0	0	0	1	0	1	0	0	0	0	0	0	0	1	0	0	0	0	0	0	0	0	0	0	0	0	0	0	1	0	0	0	0	0	0	1	0	0	0	0	0	0	0	0	1	0	0	0	0	0	0	0	0	0	1	0	0	0	0	0	0	0	0	1	0	1	0	0	0	0	0	0	0	0	0	0	0	0	0	0	0	0	0	0	0	0	0	0	0	0	0	0	1	0	0	0	0	0	0	0	1	2	0	0	0	0	0	0	0	1	1	0	0	0	0	0	0	0	0	0	0	0	0	0	0	0	0	0	0	0	0	1	0	0	0	0	0	0	2	0	0	0	0	0	1	0	0	1	0	0	0	0	0	1	0	0	1	0	0	1	1	1	0	0	0	1	1	1	0	0	1	1	0	0	0	0	0	0	0	0	1	0	0	1	0	0	0	1	0	0	0	0	0	1
A[Ins(C):R7]A	0	0	0	0	0	0	0	1	1	1	0	2	1	0	0	1	0	1	0	0	0	1	1	2	0	0	0	0	0	0	0	0	0	0	1	0	0	0	0	0	1	0	2	1	1	2	0	0	0	0	0	0	0	1	1	0	0	0	1	0	2	0	0	0	0	0	0	0	0	1	0	0	0	0	0	0	0	0	1	0	0	0	0	21	1	1	0	1	0	1	0	0	0	0	0	1	1	0	0	1	1	0	1	0	0	1	0	0	0	0	1	0	0	1	1	0	1	0	0	0	0	0	0	3	0	0	1	0	0	0	1	2	0	1	0	0	1	0	0	0	0	1	0	1	1	2	0	0	0	0	0	1	0	1	0	0	0	1	0	0	1	0	1	0	1	0	0	0	1	0	0	0	1	1	0	0	1	1	1	0	0	1	0	2	0	1	1	0	0	1	1	0	1	1	1	0	0	0	1	0	0	0	0	0	0	0	1	0	0	4	0	0	0	0	0	0	1	0	0	0	1	0	0	0	1	0	0	0	0	0	0	1	0	0	1	0	0	0	0	0	0	0	1	0	0	0	0	0	1	1	0	0	0	0	0	0	0	0	0	0	0	0	1	0	0	1	2	0	1	0	0	1	0	0	0	0	0	0	2	0	1	0	0	1	0	1	18	0	2	1	0	0	0	0	1	0	0	0	0	0	1	0	1	0	0	0	1	1	0	0	0	1	0	0	0	1	0	1	0	0	2	1	0	0	0	0	3	0	0	0	1	0	2	3	0	2	0	0	0	0	1	0	2	4	0	0	1	1	1	2	2	0	1	0	0	0	4	0	2	0	1	0	1	1	1	0	2	0	2	1	1	2	0	0	1	0	0	0	1
A[Ins(C):R7]G	1	0	0	0	0	0	0	0	0	0	0	0	0	0	0	0	0	0	0	0	0	1	0	0	0	0	1	1	0	0	0	0	0	0	0	0	0	0	0	2	1	0	0	0	0	0	1	0	0	0	1	1	0	0	0	0	1	0	0	0	2	0	0	0	0	0	0	0	0	0	0	0	0	0	0	0	0	0	0	0	0	0	0	4	0	0	0	0	0	0	0	0	0	0	0	0	0	0	0	0	0	0	0	0	0	0	0	0	0	0	0	0	0	0	0	0	0	0	0	0	0	0	0	0	0	0	0	0	1	0	0	0	0	1	0	0	0	0	1	0	0	1	0	0	0	0	0	0	0	0	0	0	0	0	0	0	0	0	0	0	0	0	0	0	0	0	0	0	0	0	0	0	0	0	0	0	0	0	0	0	0	0	0	0	0	0	0	0	0	0	0	0	0	0	0	0	0	0	1	0	0	0	0	0	0	0	0	0	0	0	0	0	0	0	0	0	0	0	0	0	1	0	0	1	0	0	0	0	0	0	0	0	0	0	0	0	0	0	0	0	0	1	0	0	0	0	0	1	1	0	1	0	0	0	0	0	1	0	0	0	0	0	1	0	0	0	0	0	0	0	0	0	0	0	0	0	0	0	0	0	0	0	0	0	0	0	13	0	0	0	0	0	0	0	0	0	0	0	0	0	0	0	0	0	0	0	0	0	0	0	0	1	0	0	0	0	0	0	0	0	0	0	0	0	0	1	0	0	0	0	0	0	0	0	0	0	0	0	0	0	0	0	0	0	0	0	0	0	0	0	0	0	0	0	0	0	0	0	0	0	0	1	0	1	0	0	1	0	0	0	0	0	0	0	0	0	0	0	0
A[Ins(C):R7]T	0	0	0	0	0	0	0	1	0	1	0	0	0	0	0	0	0	0	0	0	0	0	0	0	0	0	1	0	0	0	0	0	0	0	0	0	0	0	0	0	0	0	0	0	0	0	0	0	0	0	0	0	0	0	0	0	0	0	0	0	0	1	1	0	0	0	0	0	0	0	0	1	0	0	0	0	0	0	2	0	0	0	0	3	1	2	0	0	0	0	0	0	0	0	0	0	0	0	0	0	0	0	0	0	0	0	0	0	0	0	0	0	0	0	0	0	0	0	0	0	0	1	0	0	0	0	0	0	0	0	0	0	0	0	1	0	0	0	1	0	0	0	0	0	0	0	0	0	0	0	0	0	0	0	0	0	0	0	0	0	0	0	0	0	0	0	0	0	0	0	0	0	0	1	0	0	0	1	0	0	0	0	0	0	0	0	0	0	0	1	0	0	1	0	0	0	0	0	0	0	0	0	0	0	0	0	0	0	1	0	0	0	0	0	0	0	0	0	0	0	1	0	0	0	0	0	0	1	0	0	0	0	0	0	0	0	0	0	0	0	0	0	0	0	0	0	0	0	1	0	0	0	0	0	0	0	0	0	0	0	0	0	0	0	0	0	0	0	0	0	0	0	0	0	0	0	0	0	0	0	0	0	0	0	0	0	9	0	0	0	0	0	0	0	0	1	0	0	0	0	0	0	1	0	0	0	0	1	0	0	0	0	0	0	0	0	0	0	0	0	0	0	0	0	0	0	1	0	0	0	1	1	0	0	0	0	1	0	0	0	0	0	2	1	1	0	0	1	1	0	0	1	0	0	0	0	0	0	0	0	0	0	0	0	0	0	0	0	1	0	1	0	0	0	0	0	1	0	2
A[Ins(C):R8]A	0	0	0	1	1	1	1	1	0	1	0	1	1	2	0	0	1	0	0	0	0	0	0	1	0	0	0	0	0	0	0	0	0	0	0	0	0	0	0	0	0	0	3	1	0	0	0	1	0	0	0	0	0	0	0	0	0	1	0	1	0	0	0	0	0	0	1	0	0	0	1	1	1	0	0	1	1	0	1	0	1	1	0	9	0	2	1	0	0	0	0	0	0	0	0	0	0	0	0	1	2	0	1	0	0	0	0	1	0	0	0	0	1	0	0	0	0	0	0	0	0	0	0	0	0	0	0	0	1	0	0	0	0	0	0	0	0	0	0	1	0	1	0	0	1	0	0	0	0	0	0	1	0	0	0	0	0	0	0	0	1	0	0	0	0	0	0	0	0	0	0	0	1	0	0	0	1	0	0	0	0	0	1	0	0	0	0	0	0	1	0	0	0	0	0	0	1	0	0	0	0	0	0	1	0	0	0	1	1	2	0	0	0	0	0	0	0	1	0	0	0	0	0	1	0	0	0	2	0	0	0	0	0	0	0	0	0	0	2	0	0	2	0	0	0	1	0	0	0	0	1	1	0	0	0	0	0	0	0	0	0	1	0	0	0	0	0	0	1	0	1	1	0	0	0	0	0	1	0	0	0	0	0	0	0	0	15	0	0	0	0	1	0	1	0	0	1	0	0	0	0	0	0	1	2	0	0	0	0	0	0	0	0	0	0	0	1	0	0	0	0	0	0	1	0	1	1	0	1	2	1	0	1	1	0	1	0	1	0	0	0	0	3	2	0	1	0	1	1	1	1	0	0	0	0	0	2	0	1	0	2	0	0	2	0	0	0	1	1	0	0	0	0	0	0	2	0	0	0
A[Ins(C):R8]G	0	0	0	0	0	0	0	0	0	0	0	0	0	0	0	0	0	0	0	0	0	0	0	0	0	0	0	0	0	0	0	0	0	0	0	0	0	0	0	0	0	0	0	0	0	0	0	0	0	0	0	0	0	0	0	0	0	0	0	0	0	0	0	0	0	0	0	0	0	0	0	0	0	0	0	0	0	0	0	0	0	0	0	1	0	0	0	0	0	0	0	0	0	0	0	0	0	0	0	0	0	0	0	0	0	0	0	0	0	0	0	0	0	0	0	0	0	0	0	0	0	0	0	0	0	0	0	0	0	0	0	0	0	0	0	0	0	0	0	0	0	0	0	0	0	0	0	0	0	0	0	0	0	0	0	0	0	0	0	0	0	0	0	0	0	0	0	0	0	0	0	0	0	0	0	0	0	0	0	0	0	0	0	0	0	0	0	0	0	1	0	0	0	0	0	0	0	0	0	0	0	0	0	0	0	0	0	0	0	0	0	0	0	0	0	0	0	0	0	0	0	0	0	0	0	0	0	0	0	0	0	0	0	0	0	0	0	0	0	0	0	0	0	0	0	0	0	0	0	0	0	0	0	0	0	0	0	0	0	0	0	0	0	0	0	0	0	0	0	0	0	0	0	0	0	0	0	0	0	0	0	0	0	0	0	0	0	0	0	0	0	0	0	0	0	0	0	0	0	0	0	0	0	0	0	0	0	0	0	0	0	0	0	0	0	0	0	0	0	0	0	0	0	0	0	0	0	0	1	1	0	0	0	0	0	0	0	0	0	0	0	0	0	0	0	1	0	0	0	0	0	0	1	0	0	0	1	0	0	0	0	0	0	1	0	0	0	0	0	0	0	0	0	0	0	0	0	0	0
A[Ins(C):R8]T	0	0	0	1	0	0	0	0	0	0	0	0	0	0	0	0	0	0	0	0	0	0	1	0	0	0	0	0	0	0	1	1	0	0	0	0	0	0	0	0	1	0	1	0	1	0	1	0	0	0	0	0	0	0	0	0	0	0	1	0	0	0	0	0	0	0	0	0	0	0	0	0	0	0	0	0	0	0	0	1	0	0	0	4	0	0	0	0	0	0	0	0	0	0	0	0	0	0	0	0	0	0	0	0	0	0	0	0	0	0	0	0	0	0	0	0	1	0	0	0	0	0	0	1	0	0	0	0	0	0	0	0	0	0	0	0	0	0	0	0	0	0	0	0	0	0	0	0	0	0	0	0	0	0	0	0	0	0	0	0	0	0	1	0	0	0	0	0	0	0	0	0	0	0	1	1	0	0	0	0	0	0	0	1	0	0	0	0	0	0	0	0	0	0	0	0	0	0	2	0	0	0	0	0	0	0	0	0	0	0	0	1	0	0	0	0	0	0	0	0	0	0	0	0	0	0	0	0	0	0	0	0	0	0	0	0	0	0	0	0	0	0	1	0	1	1	0	0	0	0	0	0	0	0	0	0	0	0	0	0	0	0	0	0	0	0	0	0	1	0	0	0	0	0	0	0	0	0	0	0	0	0	0	0	0	0	1	0	0	0	0	0	0	0	0	0	0	0	0	0	0	0	0	0	0	0	0	1	0	0	0	0	0	0	0	0	0	0	0	0	0	0	0	0	0	0	0	0	1	0	0	0	0	0	0	0	0	0	0	0	1	0	0	0	0	0	0	1	0	0	1	0	0	0	0	0	0	0	0	0	0	0	0	0	0	0	0	1	0	1	0	0	0	0	0	0	0	0	0
A[Ins(C):R(9,)]A	0	0	0	0	0	0	0	0	0	0	0	0	0	0	0	0	0	0	0	0	0	0	0	0	0	0	0	0	0	0	0	0	0	0	0	0	0	0	0	0	0	0	0	0	0	0	0	0	0	0	0	0	0	0	0	0	0	0	0	0	0	0	0	0	0	0	0	0	0	0	0	0	0	0	0	0	0	0	0	0	0	0	0	0	0	0	0	0	0	0	0	0	0	0	0	0	0	0	0	0	0	0	0	0	0	0	0	0	0	0	0	0	0	0	0	0	0	0	0	0	0	0	0	0	0	0	0	0	0	0	0	0	0	0	0	0	0	0	0	0	0	0	0	0	0	0	0	0	0	0	0	0	0	0	0	0	0	0	0	0	0	0	0	0	0	0	0	0	0	0	0	0	0	0	0	0	0	0	0	0	0	0	0	0	0	0	0	0	0	0	0	0	0	0	0	0	0	0	0	0	0	0	0	0	0	0	0	0	0	0	0	0	0	0	0	0	0	0	0	0	0	0	0	0	0	0	0	0	0	0	0	0	0	0	0	0	0	0	0	0	0	0	0	0	0	0	0	0	0	0	0	0	0	0	0	0	0	0	0	0	0	0	0	0	0	0	0	0	0	0	0	0	0	0	0	0	0	0	0	0	0	0	0	0	0	0	0	0	0	0	0	0	0	0	0	0	0	0	0	0	0	0	0	0	0	0	0	0	0	0	0	0	0	0	0	0	0	0	0	0	0	0	0	0	0	0	0	0	0	0	0	0	0	0	0	0	0	0	0	0	0	0	0	0	0	0	0	0	0	0	0	0	0	0	0	0	0	0	0	0	0	0	0	0	0	0	0	0	0	0	0	0	0	0	0	0	0	0	0
A[Ins(C):R(9,)]G	0	0	0	0	0	0	0	0	0	0	0	0	0	0	0	0	0	0	0	0	0	0	0	0	0	0	0	0	0	0	0	0	0	0	0	0	0	0	0	0	0	0	0	0	0	0	0	0	0	0	0	0	0	0	0	0	0	0	0	0	0	0	0	0	0	0	0	0	0	0	0	0	0	0	0	0	0	0	0	0	0	0	0	0	0	0	0	0	0	0	0	0	0	0	0	0	0	0	0	0	0	0	0	0	0	0	0	0	0	0	0	0	0	0	0	0	0	0	0	0	0	0	0	0	0	0	0	0	0	0	0	0	0	0	0	0	0	0	0	0	0	0	0	0	0	0	0	0	0	0	0	0	0	0	0	0	0	0	0	0	0	0	0	0	0	0	0	0	0	0	0	0	0	0	0	0	0	0	0	0	0	0	0	0	0	0	0	0	0	0	0	0	0	0	0	0	0	0	0	0	0	0	0	0	0	0	0	0	0	0	0	0	0	0	0	0	0	0	0	0	0	0	0	0	0	0	0	0	0	0	0	0	0	0	0	0	0	0	0	0	0	0	0	0	0	0	0	0	0	0	0	0	0	0	0	0	0	0	0	0	0	0	0	0	0	0	0	0	0	0	0	0	0	0	0	0	0	0	0	0	0	0	0	0	0	0	0	0	0	0	0	0	0	0	0	0	0	0	0	0	0	0	0	0	0	0	0	0	0	0	0	0	0	0	0	0	0	0	0	0	0	0	0	0	0	0	0	0	0	0	0	0	0	0	0	0	0	0	0	0	0	0	0	0	0	0	0	0	0	0	0	0	0	0	0	0	0	0	0	0	0	0	0	0	0	0	0	0	0	0	0	0	0	0	0	0	0	0	0
A[Ins(C):R(9,)]T	0	0	0	0	0	0	0	0	0	0	0	0	0	0	0	0	0	0	0	0	0	0	0	0	0	0	0	0	0	0	0	0	0	0	0	0	0	0	0	0	0	0	0	0	0	0	0	0	0	0	0	0	0	0	0	0	0	0	0	0	0	0	0	0	0	0	0	0	0	0	0	0	0	0	0	0	0	0	0	0	0	0	0	0	0	0	0	0	0	0	0	0	0	0	0	0	0	0	0	0	0	0	0	0	0	0	0	0	0	0	0	0	0	0	0	0	0	0	0	0	0	0	0	0	0	0	0	0	0	0	0	0	0	0	0	0	0	0	0	0	0	0	0	0	0	0	0	0	0	0	0	0	0	0	0	0	0	0	0	0	0	0	0	0	0	0	0	0	0	0	0	0	0	0	0	0	0	0	0	0	0	0	0	0	0	0	0	0	0	0	0	0	0	0	0	0	0	0	0	0	0	0	0	0	0	0	0	0	0	0	0	0	0	0	0	0	0	0	0	0	0	0	0	0	0	0	0	0	0	0	0	0	0	0	0	0	0	0	0	0	0	0	0	0	0	0	0	0	0	0	0	0	0	0	0	0	0	0	0	0	0	0	0	0	0	0	0	0	0	0	0	0	0	0	0	0	0	0	0	0	0	0	0	0	0	0	0	0	0	0	0	0	0	0	0	0	0	0	0	0	0	0	0	0	0	0	0	0	0	0	0	0	0	0	0	0	0	0	0	0	0	0	0	0	0	0	0	0	0	0	0	0	0	0	0	0	0	0	0	0	0	0	0	0	0	0	0	0	0	0	0	0	0	0	0	0	0	0	0	0	0	0	0	0	0	0	0	0	0	0	0	0	0	0	0	0	0	0	0
G[Ins(C):R0]A	0	1	0	0	0	0	0	0	0	0	1	0	1	1	0	0	0	0	0	0	0	0	0	0	0	0	0	0	0	1	0	1	1	1	2	0	0	0	0	0	1	0	0	1	0	0	1	0	0	0	1	0	0	0	0	0	0	2	0	0	0	0	0	0	0	1	0	0	1	0	1	1	0	1	0	1	0	0	0	1	0	0	0	0	1	0	0	0	0	1	0	0	0	0	0	0	0	0	0	0	0	0	1	0	2	0	0	0	0	0	0	0	0	0	0	0	0	0	0	0	1	0	0	0	1	0	0	0	1	0	0	0	0	0	0	0	0	1	0	0	0	0	1	0	0	0	0	0	0	0	0	0	0	0	0	1	2	0	0	1	0	0	0	0	0	0	0	0	0	0	0	0	0	0	0	0	1	0	0	0	1	1	0	0	0	1	0	0	1	0	0	0	0	0	0	1	0	0	0	0	0	0	0	0	1	1	1	0	0	0	0	0	0	0	0	0	0	0	1	0	0	0	0	0	0	0	1	0	0	0	0	1	0	0	0	0	0	0	1	1	1	0	0	0	0	0	0	0	0	0	0	1	0	0	0	0	0	0	0	0	0	0	0	0	0	0	0	0	0	0	0	0	0	0	0	0	0	0	0	0	1	0	0	0	0	0	1	0	1	0	0	0	1	0	0	0	0	0	1	1	0	0	1	0	0	0	0	1	0	0	0	0	0	0	1	0	0	0	0	0	0	0	0	0	2	0	1	0	0	0	0	1	0	2	0	4	1	0	1	0	0	0	0	3	1	0	1	0	0	0	0	0	0	0	0	0	0	1	0	0	1	1	0	55	0	0	0	1	1	0	0	1	1	0	0	0	0	0	2
G[Ins(C):R0]G	0	0	0	0	0	0	0	0	0	0	0	0	0	0	0	0	0	0	0	0	0	0	0	0	0	0	0	0	0	0	0	0	0	0	0	0	0	0	0	0	0	1	0	1	0	0	0	0	0	0	1	0	0	0	1	1	0	0	0	0	0	1	0	0	0	0	0	0	0	0	0	0	0	0	1	0	0	1	0	0	0	1	0	0	0	0	0	1	0	0	0	0	0	0	0	0	0	0	0	0	0	0	0	0	0	0	0	0	0	0	0	0	0	0	1	0	0	0	0	0	0	0	0	0	0	0	0	0	0	0	0	0	0	0	0	0	0	1	0	0	0	0	0	0	0	0	0	0	0	0	0	0	1	1	0	0	0	0	0	0	0	0	0	0	1	0	0	0	0	0	0	0	0	0	0	0	0	0	0	1	1	0	0	0	0	0	0	0	0	0	0	0	0	0	0	0	0	0	0	0	0	0	1	1	0	0	1	1	0	0	0	0	0	0	0	0	0	0	0	0	0	0	0	0	0	0	0	0	1	0	0	1	0	0	1	0	0	0	0	0	0	0	0	0	0	0	0	0	0	0	0	1	0	0	1	0	0	0	0	1	0	0	0	0	0	1	0	0	0	0	0	0	0	0	0	0	0	1	0	0	0	0	0	0	0	0	0	0	0	0	0	1	0	1	0	0	0	0	0	0	0	0	0	0	1	0	0	0	0	0	0	0	0	0	0	0	0	0	0	1	0	1	0	0	0	0	0	0	0	0	0	0	1	0	0	0	0	0	1	0	0	1	0	1	0	0	0	1	0	0	0	3	0	0	1	0	0	0	0	0	0	0	0	1	0	0	0	0	1	0	0	1	0	0	0	0	0	1	0
G[Ins(C):R0]T	0	0	1	0	1	1	0	0	0	0	0	0	1	3	0	0	0	0	0	0	0	1	0	1	2	0	1	0	0	1	0	0	0	0	0	0	3	0	0	0	0	0	1	0	0	0	1	0	0	1	0	0	0	0	0	0	0	1	2	0	0	0	0	0	1	0	0	1	0	1	0	0	0	0	0	0	0	1	0	0	0	0	1	0	0	1	0	0	0	1	0	0	0	1	0	0	0	0	0	0	1	0	0	0	3	0	3	0	0	0	0	0	1	0	0	0	0	0	0	0	1	0	0	1	0	1	0	0	0	0	0	0	0	0	0	0	0	0	1	0	0	0	0	0	0	0	0	0	1	0	0	0	0	0	0	0	0	0	0	0	1	0	0	0	0	0	1	0	1	1	0	0	1	0	0	1	0	0	0	1	0	0	0	0	0	0	0	0	1	0	0	2	0	0	0	2	0	1	0	0	0	0	0	0	0	1	0	0	2	0	0	0	0	1	0	0	0	0	0	1	0	0	0	0	0	1	0	1	0	1	0	1	0	0	1	0	2	0	0	0	0	0	1	0	0	0	0	0	1	0	0	0	1	0	0	0	0	0	0	1	0	0	0	0	0	2	0	0	0	2	0	1	0	0	0	0	1	1	0	0	2	0	0	0	0	0	0	0	0	1	0	0	0	0	0	0	0	0	1	2	1	0	0	0	1	1	0	0	0	0	0	2	0	0	0	0	0	0	0	1	0	0	0	0	0	1	0	0	0	1	0	0	0	1	0	0	0	1	0	0	0	1	1	0	1	1	0	0	0	0	1	0	0	1	0	0	0	0	0	0	0	1	1	4	2	1	0	0	0	4	0	0	0	0	1	0	0	1	1
G[Ins(C):R1]A	0	0	0	1	0	0	0	1	0	1	0	0	0	0	0	2	0	0	0	0	0	0	0	0	0	0	1	0	0	1	0	0	0	0	1	1	0	0	0	1	0	1	1	0	0	0	0	0	1	0	0	0	0	0	0	0	1	0	0	0	0	0	1	0	0	0	0	0	0	0	0	0	0	0	1	0	0	0	0	0	0	1	0	1	1	0	0	0	1	0	0	0	1	0	2	0	1	2	0	1	0	0	0	1	0	0	0	3	1	0	1	0	0	0	0	0	0	0	0	0	1	0	0	0	0	1	0	0	0	0	0	2	0	1	0	1	1	0	0	0	0	0	0	0	0	0	0	0	0	0	0	0	2	0	1	1	0	0	0	0	1	0	2	0	0	0	0	0	0	0	1	1	0	0	0	0	0	0	2	1	0	0	1	0	0	1	0	0	0	1	0	0	0	2	0	0	1	0	0	0	0	0	0	1	0	0	2	0	0	0	0	0	0	0	0	0	0	0	0	0	1	0	0	0	1	0	0	0	3	0	0	0	0	0	0	0	1	0	0	0	0	0	2	0	0	3	0	0	0	0	0	0	1	0	1	0	0	1	0	0	0	1	0	0	0	0	0	0	1	0	0	0	1	0	1	0	0	1	0	0	0	1	0	0	0	0	2	0	0	0	0	0	1	0	0	0	0	1	1	1	0	0	0	0	0	1	0	0	0	0	0	0	1	0	1	0	1	2	1	1	0	1	0	0	2	0	0	0	0	1	0	0	0	1	0	0	2	1	0	0	3	0	0	1	0	0	0	0	3	0	0	0	0	0	0	0	0	0	0	0	0	0	0	13	0	0	1	0	1	1	0	1	2	1	0	0	0	0	0
G[Ins(C):R1]G	0	0	0	0	1	0	0	0	0	0	0	0	0	0	0	0	0	0	2	0	0	0	0	0	0	0	0	0	0	0	0	0	0	0	0	0	0	0	0	0	0	0	0	0	0	0	0	0	0	0	0	0	0	0	0	0	0	0	0	0	0	0	0	0	0	0	0	0	0	0	0	0	0	0	0	0	0	0	0	0	0	0	0	0	0	0	1	0	0	1	0	0	0	0	0	0	0	0	0	0	0	0	0	0	0	0	0	0	0	0	0	0	0	0	1	0	0	0	0	0	0	0	0	0	0	0	0	0	0	0	0	0	0	0	0	0	0	0	0	0	0	0	0	0	0	0	0	0	0	0	0	0	0	0	0	0	1	0	0	0	1	0	0	0	0	0	0	0	0	0	0	0	0	0	0	0	1	0	0	0	0	0	0	0	0	0	0	0	0	0	0	0	0	0	0	1	0	0	0	0	0	0	0	0	0	0	0	0	0	0	0	0	0	0	0	0	0	0	0	0	0	0	0	0	0	0	0	0	0	0	0	0	0	0	0	0	0	0	0	0	0	0	0	0	0	1	0	0	0	0	0	0	0	0	0	0	0	0	0	0	0	0	0	0	0	0	0	0	0	0	0	0	0	0	0	0	0	0	0	0	0	0	0	0	0	0	0	0	0	0	0	0	0	0	1	0	0	0	0	0	0	0	0	0	0	0	0	0	0	0	0	0	0	0	0	0	0	0	0	0	0	0	0	0	0	0	0	0	0	0	0	0	0	0	0	0	0	0	1	1	1	0	1	0	0	0	0	0	0	0	0	0	0	0	0	0	1	0	0	1	0	0	0	1	0	0	0	0	0	0	0	1	0	1	0	0	0	0	0
G[Ins(C):R1]T	0	0	0	1	0	0	0	0	0	0	0	0	0	0	0	0	0	2	0	0	0	1	0	1	1	0	1	0	0	0	0	0	0	0	0	0	1	0	2	0	0	1	0	0	0	0	0	0	1	1	1	0	0	0	0	0	1	1	1	0	0	0	0	0	0	0	0	1	0	0	1	0	1	0	0	0	0	1	0	0	0	2	0	2	0	0	0	0	1	0	1	0	0	1	0	2	0	0	0	1	0	0	0	1	0	0	0	1	0	0	0	0	0	0	0	0	0	0	0	0	1	0	0	0	0	0	0	0	1	0	0	0	0	0	0	0	0	1	0	1	0	0	0	0	0	0	0	0	0	0	1	0	0	0	0	0	3	0	2	0	0	0	1	0	2	1	2	0	1	0	0	1	0	2	0	3	0	0	0	0	1	0	0	0	0	0	1	0	1	1	1	0	0	0	0	0	0	1	0	1	0	0	0	0	1	0	0	2	1	0	0	0	0	0	0	0	0	1	0	0	1	0	1	0	0	0	0	0	0	1	0	0	0	0	0	1	1	1	0	0	2	0	1	0	0	0	0	1	1	1	0	0	1	1	0	1	2	0	1	1	0	0	0	1	0	0	0	0	1	1	0	0	0	0	0	0	2	0	0	1	0	0	0	0	0	0	1	1	0	0	1	0	0	0	0	0	0	0	3	0	0	0	1	0	0	0	0	0	2	0	0	1	0	0	1	0	0	0	0	2	0	0	0	0	0	0	0	0	0	0	0	0	2	0	0	0	0	0	0	0	0	0	0	1	0	0	1	1	1	0	2	0	1	0	0	0	0	1	0	0	0	1	0	6	1	0	0	0	0	0	0	0	0	1	1	0	0	0	0
G[Ins(C):R2]A	0	0	1	0	0	1	0	0	0	0	0	1	0	0	0	0	0	0	0	1	0	1	0	2	0	0	0	0	1	0	1	0	0	0	0	0	0	0	0	0	1	0	1	1	1	0	1	1	0	0	0	0	1	0	0	0	2	0	0	0	0	0	0	0	0	1	0	0	1	0	1	0	0	0	0	1	0	0	0	1	1	0	0	0	0	0	0	1	0	0	0	0	0	0	0	1	0	0	0	0	0	0	0	1	0	0	0	0	3	0	0	0	0	0	0	0	0	0	0	0	0	0	0	0	0	0	1	0	0	0	0	1	0	0	0	0	0	0	0	0	0	0	0	0	0	0	0	0	0	0	0	0	0	0	0	0	0	0	3	0	0	1	1	0	1	1	1	0	1	0	0	0	0	0	0	0	0	0	0	1	1	0	0	0	0	0	0	0	0	0	0	0	0	0	0	1	0	0	0	0	0	0	1	1	0	1	1	0	1	0	0	0	0	0	0	0	0	0	0	1	1	0	1	2	0	1	0	0	1	0	1	0	0	0	1	0	0	0	0	0	0	0	2	0	0	0	0	0	0	0	0	0	0	0	0	0	0	0	0	0	0	0	0	0	0	0	0	1	0	0	0	0	1	0	0	0	0	0	0	0	0	0	0	0	0	0	2	0	0	1	0	1	0	0	1	0	0	0	0	0	1	0	0	0	0	0	0	0	0	0	0	0	0	0	0	0	0	0	0	0	0	0	0	0	0	0	0	0	0	1	0	0	0	0	0	1	0	1	0	0	1	0	1	0	0	0	0	0	1	0	1	0	0	0	0	0	1	0	0	0	0	0	1	2	0	0	0	0	0	0	1	0	0	1	1	0	0	0	0
G[Ins(C):R2]G	0	0	0	0	0	0	0	1	0	0	0	0	0	0	0	0	0	0	0	0	0	0	0	0	0	0	0	0	0	1	0	1	0	0	0	0	0	0	0	0	0	0	0	0	0	0	0	0	0	0	0	0	0	0	0	1	0	0	0	0	0	0	0	0	0	0	0	0	0	0	0	0	0	0	0	0	0	0	0	0	0	0	0	0	0	0	0	0	0	0	0	0	0	0	0	0	0	0	0	0	0	0	1	0	0	0	0	0	0	0	0	0	0	0	0	0	0	0	0	0	0	0	0	0	0	0	0	0	1	0	0	0	0	0	1	0	0	0	0	0	0	0	0	0	0	0	0	0	0	0	0	0	0	1	0	0	0	0	0	0	0	0	0	0	0	0	0	0	0	0	0	0	0	0	0	0	0	0	0	0	0	0	0	0	0	0	0	0	1	0	0	0	0	0	0	0	0	0	0	0	0	0	0	0	0	0	1	0	0	0	0	0	0	0	0	0	0	0	0	0	0	0	0	0	0	1	1	0	1	0	0	0	0	0	0	0	1	0	0	0	0	0	0	0	0	0	0	0	0	0	0	0	0	0	0	0	0	0	0	0	0	0	0	0	0	0	0	0	0	0	0	0	0	0	0	0	0	0	0	0	0	0	0	0	0	0	0	0	0	1	0	0	0	0	0	0	0	0	0	0	1	0	0	0	1	0	0	0	0	0	0	0	0	0	0	0	0	0	0	0	0	0	0	0	0	1	0	0	0	0	0	0	0	0	0	0	0	0	0	0	0	0	0	0	0	0	0	1	0	0	0	0	0	0	0	0	0	1	0	0	0	0	0	3	0	0	0	0	0	0	0	1	0	0	0	0	0	0	0
G[Ins(C):R2]T	0	0	0	2	0	0	0	1	1	1	1	0	2	0	0	0	0	0	1	0	0	0	0	0	0	0	0	0	0	1	0	0	0	0	0	0	1	0	0	0	0	0	0	0	1	0	0	0	1	0	1	0	0	1	0	1	0	0	0	0	0	0	0	0	0	1	1	0	0	1	1	1	0	0	2	1	0	1	0	1	1	1	0	0	0	0	0	0	0	0	0	0	0	0	0	0	0	0	0	0	0	0	1	0	2	0	0	0	0	0	1	0	0	0	0	0	0	0	0	0	0	0	0	0	0	0	1	0	0	0	1	0	0	0	1	0	0	0	1	1	1	0	1	0	1	0	0	0	0	1	0	0	0	0	1	0	0	0	0	1	0	1	2	0	0	1	0	0	0	0	0	0	0	1	0	0	1	0	0	0	0	1	1	0	0	1	0	0	0	1	0	0	0	0	0	0	0	2	0	0	0	0	1	1	1	1	0	1	1	1	0	0	0	0	0	0	0	2	0	0	0	0	0	1	0	0	1	1	1	0	0	0	0	1	1	0	0	0	0	1	0	0	0	0	0	1	0	0	1	2	1	0	1	0	0	0	2	0	2	0	0	0	1	0	0	1	0	0	0	0	1	0	1	0	0	0	0	1	0	0	0	0	0	1	0	0	2	0	0	0	0	0	0	1	0	0	0	1	0	1	2	0	0	0	0	0	0	0	1	0	1	1	0	0	0	0	0	1	0	0	0	1	0	0	0	0	2	0	0	0	0	0	0	0	0	0	1	1	0	2	1	1	0	1	0	0	0	1	1	0	0	1	0	0	1	0	0	1	1	0	0	0	0	2	0	0	0	2	1	3	0	0	0	2	0	0	0	1	0
G[Ins(C):R3]A	0	0	0	0	0	0	0	0	0	0	1	0	0	1	0	0	0	0	0	0	0	0	0	0	0	1	0	1	0	0	0	0	0	0	0	0	0	1	0	0	0	0	3	0	0	0	0	0	0	0	0	0	0	0	0	0	0	0	0	0	0	1	0	0	0	0	0	0	0	0	0	0	0	0	0	0	0	0	0	0	0	0	0	4	0	0	0	0	0	0	0	0	0	1	0	0	0	0	0	0	0	0	0	0	3	0	1	0	0	0	0	0	0	0	0	0	1	0	0	0	0	0	0	0	0	0	1	0	0	0	0	0	0	0	0	0	0	0	0	1	0	0	0	0	1	0	0	1	0	0	0	0	0	0	0	0	0	0	1	1	0	0	0	0	0	0	0	0	0	0	0	0	0	0	1	0	0	0	0	0	0	0	0	0	0	0	0	0	0	0	0	0	0	0	0	0	1	0	0	0	0	2	1	0	0	0	0	0	0	0	0	0	0	0	1	0	0	0	0	0	1	0	0	0	0	0	0	0	0	0	0	0	0	0	0	0	0	0	0	1	0	0	0	0	0	0	0	0	0	0	0	0	0	2	0	0	0	0	0	0	0	0	0	0	0	0	0	0	0	0	0	1	0	0	0	0	0	0	0	0	0	0	0	0	0	0	4	0	0	0	0	0	1	0	0	0	0	0	0	1	0	0	0	0	0	0	0	0	0	0	0	1	0	0	0	0	0	0	0	0	1	0	0	0	0	0	0	0	0	1	0	0	1	0	0	0	0	0	0	0	0	0	0	0	0	0	0	0	0	0	0	0	0	0	1	1	0	0	0	0	0	0	0	0	0	0	0	0	0	0	0	0	0	1	0	0	0	1	1
G[Ins(C):R3]G	0	0	0	0	1	0	0	0	0	0	0	0	1	0	0	0	0	0	0	0	0	0	0	0	0	0	0	0	0	0	0	0	0	0	0	1	0	0	0	0	0	0	0	0	0	0	0	0	0	0	0	0	0	1	0	0	0	0	0	0	0	0	0	0	0	0	0	0	0	0	0	0	0	0	0	0	0	1	0	0	0	0	0	6	0	0	0	0	0	0	0	0	0	0	0	0	0	0	0	0	0	0	0	0	0	0	0	0	0	0	0	0	0	0	0	0	0	0	0	0	0	0	0	0	0	0	0	0	0	0	0	0	0	0	0	0	0	0	0	0	0	0	0	0	0	0	0	0	0	0	0	0	0	0	0	0	0	0	0	1	1	0	0	0	2	0	0	0	0	0	0	0	0	0	0	0	0	0	0	0	0	0	0	0	0	1	0	0	0	0	0	0	0	0	0	0	0	0	0	0	0	0	0	0	0	0	0	0	0	0	0	0	0	0	0	0	0	1	0	0	0	0	0	0	0	0	0	0	0	0	0	0	0	0	0	0	0	0	0	0	0	1	0	0	0	0	0	0	0	0	0	0	0	0	0	0	0	0	0	0	0	0	1	0	0	0	0	0	0	0	0	0	0	0	0	0	0	0	0	0	0	0	0	0	0	0	4	0	0	0	0	0	0	0	0	0	0	0	0	0	0	0	0	0	0	0	0	0	0	0	2	0	0	0	0	0	0	0	0	0	0	1	0	1	0	0	0	0	0	0	1	0	0	0	0	0	0	0	0	0	0	0	0	0	0	0	0	0	0	1	0	0	0	0	1	0	0	0	0	0	0	0	0	0	0	0	0	0	0	0	0	0	0	0	0	0	0	1	0
G[Ins(C):R3]T	0	0	0	1	0	0	0	0	0	0	1	0	0	0	0	0	0	0	0	0	1	0	0	0	1	0	0	0	0	0	0	0	0	0	0	1	0	0	0	0	0	0	0	0	0	0	0	0	0	0	0	0	0	0	0	0	1	0	1	0	0	0	0	0	0	0	0	0	0	1	0	0	1	0	1	0	0	0	0	0	0	1	0	4	0	0	0	0	2	0	0	0	0	0	0	0	0	0	1	0	0	0	0	0	0	1	0	0	0	0	0	0	0	0	0	1	0	0	0	0	0	0	0	0	1	1	0	0	0	0	0	0	0	2	0	0	0	0	1	0	1	0	0	0	0	0	0	0	0	0	0	0	0	0	1	2	0	1	0	0	0	0	0	1	0	1	0	0	0	0	0	0	0	0	0	0	1	0	0	2	1	0	0	0	0	0	0	0	0	0	0	0	0	0	0	0	1	0	0	0	0	0	0	1	0	0	0	0	0	0	0	0	0	0	0	0	0	0	0	0	0	0	0	0	0	0	0	0	0	0	0	1	0	0	1	0	0	0	0	0	0	0	0	0	0	0	0	1	0	0	0	1	2	0	0	0	0	0	0	0	0	0	0	0	1	0	0	0	0	1	0	0	0	0	1	0	0	0	0	0	0	0	0	0	0	0	2	0	0	1	0	0	0	0	0	0	0	0	0	0	0	0	0	0	0	0	0	0	0	0	1	0	0	0	0	0	0	1	0	0	0	0	0	0	0	0	0	0	0	0	0	0	0	0	0	1	0	0	0	0	0	1	1	1	0	0	0	0	1	0	1	1	1	0	0	0	0	0	0	0	1	0	0	0	0	0	0	0	0	0	0	1	0	0	0	0	0	0	0
G[Ins(C):R4]A	0	0	0	0	0	0	2	1	0	0	1	0	0	1	0	0	0	0	0	0	0	0	0	0	1	1	0	0	0	0	0	0	0	0	0	0	1	0	0	0	0	3	1	0	0	0	0	0	0	0	0	0	0	0	0	0	0	0	0	0	0	0	0	0	0	0	0	1	1	0	0	0	0	0	0	0	1	0	0	0	0	0	0	7	0	0	0	0	0	0	0	0	0	0	0	0	0	0	0	0	0	0	0	0	1	0	0	0	0	0	0	0	0	0	0	0	0	0	0	0	1	0	0	1	0	0	0	0	1	0	0	1	0	0	0	0	0	0	0	0	0	0	0	0	0	0	0	0	0	0	0	0	0	2	0	0	0	0	1	0	0	0	0	0	0	0	0	0	0	1	0	0	0	0	0	0	0	0	0	0	0	0	0	2	0	0	0	0	0	0	0	0	0	0	0	0	0	0	0	1	0	0	0	0	1	0	0	1	0	0	0	0	0	1	0	0	0	0	0	0	0	0	0	0	0	0	0	0	1	1	0	0	0	0	0	0	0	0	0	0	0	0	0	0	0	0	0	0	0	0	0	0	0	0	1	0	0	0	0	0	0	0	1	0	0	0	0	0	0	0	0	1	0	0	0	2	0	0	0	1	0	0	0	0	0	0	9	0	0	0	0	0	0	0	0	0	0	0	0	0	1	0	0	0	2	0	0	1	0	0	0	0	0	0	0	0	0	0	0	0	0	0	0	0	0	0	0	0	0	0	0	0	0	0	0	0	0	0	0	0	1	0	0	0	0	1	0	1	0	0	0	0	0	0	0	0	1	0	0	0	0	0	0	0	0	0	0	0	0	0	1	2	0	0	0	0	0	0	1
G[Ins(C):R4]G	0	0	0	0	0	0	0	0	0	0	0	0	0	0	0	1	0	0	0	0	0	0	0	0	0	0	0	0	0	0	0	0	0	0	0	0	0	0	0	2	0	0	0	0	0	0	0	0	0	0	0	0	0	0	0	0	0	0	0	0	0	0	0	0	0	0	0	0	0	0	0	0	0	0	0	0	0	0	0	0	0	1	0	2	0	0	0	0	0	0	1	0	0	0	0	0	0	0	0	0	0	0	0	0	0	0	0	0	0	0	1	0	0	0	0	0	0	0	0	0	0	0	0	0	0	0	0	0	0	0	0	0	0	0	0	0	0	0	0	0	0	0	0	0	0	0	0	0	0	0	0	0	0	0	0	0	0	0	0	0	0	0	0	0	0	0	0	0	0	0	0	0	0	0	0	0	0	0	0	0	0	0	0	0	0	0	0	0	0	1	0	0	0	0	0	0	0	0	0	0	0	0	0	0	0	0	0	0	0	0	0	0	0	0	0	0	0	0	0	0	0	0	0	0	1	0	0	0	0	0	0	0	0	0	0	0	0	0	0	0	0	0	0	0	0	0	0	0	0	0	0	0	0	0	0	0	0	0	0	0	0	0	0	0	0	0	0	0	0	0	0	0	0	0	0	0	0	0	0	0	0	0	0	0	0	0	5	1	0	0	0	0	0	0	0	0	0	0	0	0	0	0	0	0	0	0	0	0	0	0	0	0	0	0	0	0	0	0	0	0	0	0	0	1	0	0	0	0	0	0	0	0	1	0	0	0	0	1	0	0	0	0	0	0	0	0	0	0	0	0	0	0	0	0	0	0	0	1	0	0	0	0	0	0	0	0	0	0	0	0	0	1	0	0	0	0	1	0	0
G[Ins(C):R4]T	0	0	0	0	0	0	0	0	0	0	0	0	1	1	0	0	0	0	1	0	0	0	0	1	0	0	0	0	0	0	0	1	0	0	0	0	0	0	0	0	0	0	0	0	0	1	0	0	0	0	0	0	0	0	0	0	0	0	0	0	0	0	0	1	0	0	0	0	0	0	0	0	0	0	1	0	0	0	0	0	0	0	0	3	0	1	0	1	0	0	0	0	0	0	0	0	1	0	0	0	0	0	0	0	0	0	0	0	1	0	0	0	0	0	0	0	0	0	0	0	1	0	0	1	0	0	0	0	0	0	0	0	0	1	0	0	0	0	0	0	0	0	0	0	0	0	0	0	0	0	0	2	0	0	0	0	0	0	1	1	1	1	0	0	1	0	0	0	0	0	0	0	0	1	0	0	0	0	0	0	0	0	0	0	0	0	0	0	0	0	0	0	0	0	0	0	0	0	1	0	0	0	0	0	0	0	1	0	0	1	0	0	0	1	0	0	0	1	0	0	0	0	1	0	0	0	0	0	0	0	0	0	0	0	0	0	1	1	0	0	0	0	0	0	0	0	0	0	2	0	0	0	0	1	0	1	0	0	0	0	0	0	0	0	1	0	0	0	0	0	0	0	0	0	0	0	0	0	0	0	0	0	0	0	0	0	4	0	0	0	0	0	2	0	0	0	0	0	0	0	0	0	0	0	1	0	0	0	0	0	0	0	1	0	0	0	0	0	1	0	0	0	0	0	0	0	0	0	2	0	0	0	0	0	0	0	0	0	0	0	1	0	0	0	0	0	0	0	0	0	0	0	0	0	0	0	0	0	0	0	1	0	1	0	0	0	0	0	0	0	0	1	1	0	0	0	0	1	0
G[Ins(C):R5]A	0	0	0	0	0	0	0	0	0	0	0	1	0	0	0	0	0	0	0	0	0	1	0	0	1	0	1	0	0	0	0	2	1	1	0	0	0	0	1	0	1	0	1	0	0	0	0	0	0	0	1	0	0	3	0	1	0	0	0	0	0	0	0	0	0	0	0	0	0	0	0	0	0	0	0	0	0	0	0	0	0	0	0	3	1	0	0	0	0	1	0	0	0	0	0	0	0	1	0	0	0	0	2	0	0	0	0	0	0	0	0	0	1	0	0	0	0	0	1	0	0	0	0	0	0	1	0	0	0	0	0	0	0	0	0	0	0	0	0	0	0	0	0	0	1	0	0	0	0	0	0	0	1	0	0	0	1	0	0	0	0	1	0	0	0	0	0	0	0	0	0	0	0	0	0	0	0	0	0	0	1	0	0	0	0	0	0	1	0	0	0	0	0	0	0	1	0	0	2	0	0	0	0	0	0	0	0	0	0	0	0	0	1	0	0	0	0	0	0	1	0	0	0	3	0	1	0	0	0	0	0	0	0	0	0	0	0	0	0	0	0	0	0	0	0	0	0	0	1	0	0	1	0	0	0	0	0	1	0	0	0	0	0	1	0	0	0	0	0	0	1	0	0	0	0	0	0	0	0	0	0	0	0	0	0	1	11	0	0	0	0	0	0	0	1	0	1	0	0	0	0	0	0	0	1	0	0	0	0	0	0	0	1	0	0	0	0	0	0	0	0	0	0	0	0	0	0	0	1	0	0	0	2	0	0	0	0	0	0	1	0	0	0	1	2	0	0	1	0	0	0	0	0	0	0	0	1	0	0	0	0	1	0	0	0	1	0	0	0	1	0	2	1	1	0	0	0	1	0
G[Ins(C):R5]G	0	0	0	0	0	0	0	0	0	1	0	0	0	0	0	0	0	0	0	0	0	0	0	0	0	0	0	0	0	0	0	0	0	0	0	0	0	0	0	1	0	0	0	0	0	0	0	0	0	0	1	0	1	2	0	0	0	1	0	0	0	0	0	0	0	0	0	0	0	0	0	0	0	0	0	0	1	0	0	0	0	0	0	2	0	0	0	0	0	0	0	0	0	0	0	0	0	0	0	0	0	0	0	0	0	0	0	0	0	0	0	0	0	0	1	0	0	0	0	0	0	0	0	0	0	0	0	0	0	0	0	0	1	0	0	0	0	0	0	0	0	0	0	0	0	0	0	0	0	0	0	0	0	0	0	0	0	0	0	0	0	0	0	0	0	0	0	0	0	0	0	0	0	0	0	0	0	0	0	0	0	0	0	0	0	0	0	0	0	0	0	0	0	0	0	0	0	0	0	0	0	0	0	0	0	0	0	0	0	0	0	1	0	0	0	0	0	0	0	0	0	0	0	0	0	0	0	0	0	0	0	0	0	0	0	0	0	0	0	0	0	0	0	0	0	0	0	0	0	0	0	0	0	0	0	0	0	0	0	0	0	0	0	0	0	0	0	0	0	0	0	0	0	0	0	0	0	0	0	0	0	0	0	0	0	0	1	0	0	0	0	0	0	0	0	0	0	0	0	0	0	0	0	0	0	0	0	0	0	0	1	1	0	0	0	0	0	2	1	0	0	0	0	0	0	0	0	0	1	0	0	0	1	0	0	1	0	1	0	0	0	0	0	0	0	0	0	0	1	0	0	1	0	0	0	0	0	0	0	0	0	1	0	0	0	0	0	0	1	0	0	0	0	0	0	0	0	0	0
G[Ins(C):R5]T	1	0	0	0	0	0	0	0	0	0	0	1	0	0	1	0	0	0	0	0	0	0	0	0	0	0	0	0	0	1	0	0	0	0	2	0	0	0	1	1	0	0	1	0	0	0	0	0	0	0	0	0	0	0	0	0	0	0	0	0	0	1	0	0	0	0	0	0	0	0	0	1	0	0	0	0	1	0	1	1	1	0	0	4	0	1	0	0	0	1	0	0	0	0	0	0	0	0	0	0	0	0	0	0	0	0	0	0	0	0	0	0	0	0	1	0	0	0	0	0	0	0	0	0	0	0	0	0	0	1	0	0	0	1	0	0	0	0	0	0	0	0	0	0	0	0	0	0	0	0	0	0	0	1	0	0	0	0	0	0	0	0	0	0	0	0	0	0	0	1	0	0	0	0	0	0	0	0	0	1	0	1	0	0	0	0	0	0	1	0	0	0	0	0	0	0	0	0	0	0	0	0	0	1	0	1	0	0	1	0	0	1	0	0	0	0	1	0	0	0	0	0	0	0	0	0	0	0	0	0	0	0	0	0	0	0	0	0	0	0	0	0	0	0	0	0	1	0	0	0	0	0	0	0	1	0	0	0	0	0	0	0	0	1	0	0	0	0	0	0	0	0	0	0	0	0	1	0	0	0	0	0	0	0	0	0	9	0	1	0	0	0	0	0	0	0	0	0	0	0	0	0	0	0	0	0	0	3	0	0	0	0	0	0	0	0	1	1	0	0	0	0	0	0	0	1	0	0	1	0	0	0	0	0	1	0	1	0	0	0	0	0	0	1	0	0	1	0	0	0	0	1	0	1	1	0	0	0	2	0	0	0	0	0	0	0	0	0	1	0	0	0	2	0	0	1	0	0	0
G[Ins(C):R6]A	0	0	0	0	0	0	0	0	1	0	2	0	2	4	1	0	0	0	1	0	0	0	0	1	0	0	0	0	0	1	0	1	1	0	0	1	0	0	1	4	2	1	0	0	0	0	0	0	0	0	0	0	0	2	0	0	0	1	0	0	1	0	0	0	0	0	0	0	0	0	1	1	0	0	0	0	0	0	1	0	1	1	0	7	0	0	0	0	0	0	0	0	1	1	0	2	0	0	0	1	0	0	1	0	0	0	0	1	0	0	1	0	0	0	0	0	0	0	1	0	0	1	0	0	0	1	0	0	1	0	1	1	0	0	0	0	0	0	0	0	1	1	0	0	0	1	0	1	0	0	1	1	1	0	0	0	2	0	0	0	0	0	1	0	1	0	0	0	0	0	0	0	1	0	0	0	1	0	0	0	0	2	0	0	0	0	0	1	0	1	1	0	0	0	0	0	0	1	1	0	0	0	0	0	0	0	1	0	0	1	0	0	0	0	0	0	1	0	0	1	0	0	0	0	0	0	0	0	0	1	0	0	0	0	2	0	1	0	0	1	0	0	0	0	0	0	0	0	0	0	0	0	0	0	0	0	1	0	1	0	0	1	0	0	0	0	0	0	0	0	0	0	1	0	0	0	1	0	0	0	1	0	0	0	0	1	17	0	0	2	0	0	0	1	0	0	0	0	0	0	0	0	0	0	0	0	1	0	0	0	0	1	0	0	0	0	0	0	0	0	0	0	1	2	0	0	0	0	1	0	0	1	1	0	0	0	1	0	0	0	0	0	1	0	1	0	0	0	2	0	0	0	0	0	0	0	0	1	2	0	0	0	2	1	1	1	0	0	3	0	0	0	0	0	0	0	0	1	1
G[Ins(C):R6]G	0	0	0	0	0	0	0	0	0	0	0	0	1	0	0	0	0	0	0	0	0	0	0	0	0	0	0	0	0	0	0	0	0	0	0	0	0	0	0	0	1	0	0	0	0	0	0	0	0	1	0	0	0	1	0	1	0	0	0	0	1	0	0	0	0	0	0	0	0	1	0	2	0	0	0	0	0	0	0	0	0	0	0	5	1	1	0	0	0	0	0	0	0	0	0	0	0	0	0	0	0	0	0	0	1	0	0	0	0	0	0	0	0	0	0	0	0	0	0	0	0	1	0	0	0	0	0	0	0	0	0	0	0	0	0	0	0	0	0	0	0	0	0	0	0	0	1	0	0	0	0	0	1	0	0	0	0	0	0	0	1	0	0	0	0	0	0	0	0	0	0	1	0	0	0	0	0	0	0	0	0	0	0	0	0	0	0	0	0	0	0	0	1	0	0	0	0	1	0	0	0	0	0	0	1	0	0	0	0	0	0	0	0	0	0	0	0	0	0	0	0	0	0	0	0	0	0	0	0	0	0	0	0	0	0	0	0	0	0	0	0	0	0	0	0	0	0	0	1	0	0	0	0	0	0	0	0	0	0	0	0	0	0	0	0	0	0	0	1	1	0	1	0	0	0	0	0	0	0	0	0	0	0	0	0	0	8	0	0	0	0	0	0	0	0	0	0	0	0	0	0	0	0	0	0	0	0	1	1	0	0	0	0	0	0	0	0	0	0	0	0	0	0	1	0	0	1	0	0	0	0	0	0	0	0	1	0	0	0	0	1	0	0	0	1	0	0	1	0	0	0	0	0	0	0	0	2	0	0	0	0	0	0	0	0	1	0	0	1	0	0	0	0	0	0	0	0	0	0
G[Ins(C):R6]T	0	0	0	0	0	0	0	0	0	0	0	1	0	1	0	0	0	0	0	0	0	0	1	0	0	0	0	0	0	0	0	1	0	0	0	0	0	0	0	0	0	0	1	0	0	0	0	0	0	2	0	0	0	0	0	0	2	0	0	0	0	0	0	0	0	0	0	0	1	1	0	0	0	1	0	0	0	0	0	0	0	0	0	3	0	0	1	0	0	0	0	2	0	0	0	0	0	0	0	0	0	0	0	0	0	0	0	1	0	0	0	0	0	0	0	0	0	0	1	0	0	1	0	0	1	0	0	0	1	0	0	0	0	0	0	0	0	0	0	0	0	0	0	0	0	0	0	0	0	0	0	0	0	0	0	0	0	0	0	0	2	1	0	0	1	0	0	0	0	1	0	0	0	0	0	0	0	0	0	0	0	1	0	0	0	0	1	0	0	0	0	0	0	0	0	0	0	1	0	0	0	0	0	0	0	0	1	0	0	0	0	0	0	0	0	0	0	1	0	0	0	0	0	0	0	0	0	0	0	0	0	0	0	0	0	0	0	0	0	0	0	1	1	0	0	0	0	0	1	0	0	0	0	1	0	0	0	0	0	0	0	0	0	0	0	0	0	0	0	0	0	0	0	0	0	0	0	0	0	0	0	0	0	0	0	0	12	0	0	0	1	0	0	0	0	0	0	0	0	0	0	0	0	0	0	0	0	1	0	0	1	0	0	0	0	0	1	0	0	0	0	0	0	0	0	1	0	0	0	0	0	0	0	0	0	1	1	2	0	0	0	0	1	1	0	0	0	0	0	0	1	1	0	0	0	0	1	0	1	0	0	0	0	0	1	1	0	0	1	0	0	0	1	0	0	0	0	1	0
G[Ins(C):R7]A	0	0	0	1	0	0	0	0	0	0	0	1	2	1	1	0	0	0	1	0	0	0	0	3	0	0	2	0	0	0	1	0	0	1	2	0	0	0	0	1	0	0	3	0	1	0	1	0	0	0	0	0	0	1	0	1	0	0	1	0	3	2	0	1	0	1	0	1	0	0	0	1	0	0	0	0	1	1	1	0	0	1	0	13	0	0	3	1	0	0	0	0	0	0	0	0	0	0	0	1	0	0	0	0	0	0	0	0	0	0	0	0	0	0	1	1	1	0	0	0	0	0	0	0	1	0	1	0	0	0	1	0	1	0	0	0	0	0	0	0	0	1	0	0	0	0	0	0	0	0	1	0	0	1	0	0	0	1	0	0	1	0	0	0	1	0	0	0	1	0	0	1	0	0	0	1	1	0	0	0	1	1	0	0	0	0	1	0	0	0	0	0	1	0	0	1	0	0	0	0	0	0	0	0	0	0	0	1	1	0	0	0	0	0	0	0	0	1	0	0	0	0	0	0	0	0	0	1	1	0	0	0	0	0	2	0	0	2	0	0	0	0	0	0	0	0	0	1	0	0	1	1	3	0	0	0	0	0	0	0	0	1	2	0	0	0	1	0	1	1	0	3	0	0	0	0	1	2	0	0	0	0	0	0	0	0	32	0	1	0	0	0	0	0	1	0	0	0	2	0	0	0	0	0	2	0	0	1	0	0	1	1	0	0	0	0	0	0	0	0	0	1	1	0	0	0	1	0	0	1	0	0	1	0	1	0	0	2	2	0	0	0	2	1	0	1	0	1	2	1	1	0	1	1	1	1	1	0	0	0	1	0	0	3	0	2	1	0	1	0	1	0	0	0	0	1	0	0	2
G[Ins(C):R7]G	0	0	0	0	0	0	0	0	0	0	0	0	0	0	0	0	0	0	0	0	0	0	0	0	0	0	0	0	0	0	0	0	1	0	0	0	0	0	0	0	0	1	0	0	0	0	0	0	0	0	0	0	0	0	0	0	0	0	0	0	0	1	0	0	0	0	0	0	0	0	0	0	0	0	0	0	0	0	0	0	0	1	0	4	0	0	0	0	0	1	0	0	0	0	0	0	0	0	0	0	0	0	1	0	0	0	0	0	0	0	0	0	0	0	0	0	0	0	0	0	0	0	0	0	0	0	0	0	0	0	0	0	0	0	0	0	0	0	0	0	0	0	0	0	0	0	0	0	1	0	0	0	0	0	0	0	0	0	1	0	0	0	0	0	0	0	0	0	1	1	0	1	0	0	0	0	0	0	0	0	0	0	1	0	0	0	1	0	0	0	0	0	0	0	0	0	0	0	0	0	0	0	0	0	0	0	0	0	0	0	0	0	0	0	0	0	0	0	0	0	0	0	0	1	0	0	0	0	1	0	0	0	0	0	0	0	0	0	0	0	0	0	0	0	0	1	0	0	1	0	0	0	0	1	0	0	0	0	0	0	0	0	1	0	1	0	0	0	0	1	0	0	1	0	0	0	0	0	0	0	0	0	0	0	0	0	5	0	0	0	0	0	0	0	0	0	0	0	0	0	0	0	0	0	0	0	0	0	0	0	0	0	0	0	0	0	0	0	0	1	0	1	0	0	0	0	0	0	0	1	1	0	0	0	1	1	0	0	0	0	0	1	0	0	0	1	0	1	0	0	2	0	1	0	0	0	0	0	0	1	0	0	0	2	0	0	2	0	0	0	0	1	0	0	0	1	0	0	0
G[Ins(C):R7]T	0	1	0	0	0	0	0	0	0	0	0	0	0	0	0	0	0	0	0	0	0	0	0	0	1	0	0	0	0	0	0	0	0	0	0	0	1	0	0	0	0	0	0	1	0	0	0	1	0	0	0	0	0	1	0	0	0	0	0	0	0	0	0	0	0	0	0	0	0	1	0	0	0	0	0	1	0	0	0	1	0	0	1	2	0	0	0	0	0	0	0	0	0	0	0	0	1	0	0	0	0	0	0	0	0	0	0	0	0	0	0	0	0	0	0	0	0	0	1	0	0	0	0	0	0	0	0	0	0	0	0	0	0	0	0	0	0	0	0	0	0	0	0	0	0	0	0	0	0	0	0	0	0	0	0	0	0	0	0	0	0	0	0	0	0	0	0	0	0	0	0	0	0	0	0	0	0	1	0	0	0	0	0	0	0	0	0	0	0	0	1	0	0	0	0	0	0	0	0	0	0	0	0	0	0	0	0	0	0	0	0	0	0	0	0	0	0	1	0	0	0	0	0	0	1	0	0	0	1	0	0	0	0	0	0	0	1	0	0	0	0	0	0	0	0	0	0	1	0	0	0	0	1	0	0	0	0	0	0	0	0	0	0	0	0	0	0	0	0	0	0	0	0	0	0	0	0	0	0	0	1	0	0	0	0	0	4	0	0	1	0	0	0	0	0	0	0	0	0	1	0	0	0	0	0	0	0	0	0	0	0	0	0	0	0	0	0	0	0	0	0	0	0	0	0	0	1	0	0	0	0	0	2	1	0	0	0	0	2	0	0	0	0	1	0	0	0	1	0	0	1	0	0	0	0	0	0	0	0	0	1	0	1	1	0	0	0	0	0	0	0	2	0	0	0	1	0	0	0
G[Ins(C):R8]A	0	0	0	0	0	0	0	0	0	0	0	1	1	0	0	0	0	0	0	0	0	0	0	0	0	0	0	2	0	1	0	0	0	0	1	0	0	0	0	0	1	0	1	0	0	0	0	0	0	0	0	0	0	1	0	0	0	2	0	0	0	1	0	0	0	0	0	0	0	0	0	0	1	0	0	0	0	0	0	0	0	0	0	13	0	1	0	0	0	0	0	0	0	0	0	0	1	0	0	0	0	0	0	1	0	0	0	0	0	0	0	0	0	0	0	0	1	1	0	0	0	0	0	0	0	0	0	0	1	0	0	0	0	0	0	0	0	0	0	0	0	0	0	0	0	0	1	0	0	0	0	0	0	0	0	0	0	0	0	0	0	0	0	0	0	0	0	0	0	0	0	1	0	0	0	0	0	0	1	0	1	0	0	0	0	0	1	1	1	1	0	0	0	0	0	0	0	0	0	0	0	1	0	0	0	0	0	0	0	0	0	0	0	0	0	0	0	2	0	0	1	0	0	0	0	0	0	0	0	0	0	1	1	0	0	0	0	0	0	0	0	0	0	0	0	0	0	0	1	0	0	0	0	0	0	0	0	0	1	0	0	0	1	0	0	0	0	0	0	0	0	2	0	0	0	0	0	0	0	0	0	0	0	0	0	0	11	0	0	0	1	0	0	0	0	0	1	0	0	0	0	0	0	0	0	0	0	0	0	0	0	0	0	0	0	0	0	0	0	0	1	0	0	1	0	0	0	0	0	0	0	0	2	0	0	2	0	0	0	0	2	0	1	0	2	2	0	1	0	0	0	1	0	1	0	0	1	1	0	0	0	1	0	0	0	1	0	1	2	0	0	1	0	0	0	1	0	0	1
G[Ins(C):R8]G	0	0	0	0	0	0	0	0	0	0	0	0	0	0	0	0	0	0	0	0	0	0	0	0	0	0	1	0	0	0	0	0	0	0	0	0	0	0	0	0	0	0	0	0	0	0	0	0	0	0	0	0	0	0	0	0	0	0	0	0	0	0	0	0	1	0	0	0	0	0	0	0	0	0	0	0	0	0	0	0	0	0	0	0	0	0	0	0	0	0	0	0	0	0	0	0	0	0	0	0	0	0	0	0	0	0	0	0	0	0	0	0	0	0	0	0	0	0	0	0	0	0	0	0	0	0	0	0	0	0	0	0	0	0	0	0	0	0	0	0	0	0	0	0	0	0	0	0	0	0	0	0	0	0	0	0	0	0	0	0	0	0	0	0	0	0	0	0	0	0	0	0	0	0	0	0	0	0	0	0	0	0	0	0	0	0	0	0	0	0	0	0	0	0	0	0	0	0	0	0	0	0	0	0	0	0	0	0	0	0	0	0	0	0	0	0	0	0	0	0	0	0	0	0	0	0	0	0	0	0	0	0	0	0	0	0	0	0	0	0	0	0	0	0	0	0	0	0	0	0	0	0	0	0	0	0	0	0	0	0	0	0	0	0	0	0	0	0	0	0	0	0	0	0	0	0	0	0	0	0	0	0	0	0	0	0	1	0	0	0	0	0	0	0	0	0	0	0	0	0	0	0	0	0	0	0	0	0	0	0	0	0	0	0	0	0	0	0	0	0	0	0	0	0	0	0	0	0	0	0	0	0	0	0	0	0	0	0	1	0	0	0	0	0	0	1	0	0	0	0	1	0	0	0	0	1	1	0	1	0	0	0	0	1	0	0	0	0	0	0	0	0	0	0	0	0	0	0	0
G[Ins(C):R8]T	0	0	0	0	0	0	0	0	0	0	0	0	1	0	0	0	0	0	0	0	0	0	0	0	0	0	0	0	0	0	0	0	0	0	0	0	0	0	0	0	0	0	0	0	0	0	0	1	0	1	0	0	0	0	0	0	0	0	0	0	1	0	0	0	0	0	0	0	0	0	0	0	0	0	0	0	0	0	0	0	0	0	0	0	0	0	0	0	0	0	0	0	0	0	0	0	0	0	0	0	0	0	0	0	0	0	0	0	0	0	0	0	0	0	0	0	0	0	0	0	0	0	0	0	0	0	0	0	0	0	0	0	0	0	0	0	0	0	0	0	0	0	0	0	0	0	0	0	0	0	0	0	0	0	0	0	0	0	0	0	1	0	0	0	0	0	0	0	0	0	0	0	0	0	0	0	1	0	0	0	0	0	0	1	0	0	0	0	0	0	0	1	0	0	0	0	0	0	0	0	0	0	0	0	0	0	0	0	0	0	0	0	0	0	0	0	0	0	0	0	0	0	0	0	0	0	0	0	0	0	0	0	0	0	0	0	0	0	0	0	0	0	0	0	1	0	1	0	0	0	0	0	0	0	1	1	0	0	0	0	0	0	0	0	0	0	0	0	0	0	0	0	0	0	0	0	0	0	0	0	0	0	0	0	0	0	4	0	0	0	0	0	0	0	0	0	0	0	0	0	0	0	0	0	0	0	0	0	0	0	0	0	0	0	0	0	0	0	0	0	0	0	0	0	0	0	1	0	0	0	0	0	0	0	0	1	0	0	0	0	0	0	0	0	0	0	0	0	0	0	1	0	0	0	0	0	1	0	0	0	0	0	0	0	0	0	0	0	0	0	0	0	1	0	0	0	0	0	1
G[Ins(C):R(9,)]A	0	0	0	0	0	0	0	0	0	0	0	0	0	0	0	0	0	0	0	0	0	0	0	0	0	0	0	0	0	0	0	0	0	0	0	0	0	0	0	0	0	0	0	0	0	0	0	0	0	0	0	0	0	0	0	0	0	0	0	0	0	0	0	0	0	0	0	0	0	0	0	0	0	0	0	0	0	0	0	0	0	0	0	0	0	0	0	0	0	0	0	0	0	0	0	0	0	0	0	0	0	0	0	0	0	0	0	0	0	0	0	0	0	0	0	0	0	0	0	0	0	0	0	0	0	0	0	0	0	0	0	0	0	0	0	0	0	0	0	0	0	0	0	0	0	0	0	0	0	0	0	0	0	0	0	0	0	0	0	0	0	0	0	0	0	0	0	0	0	0	0	0	0	0	0	0	0	0	0	0	0	0	0	0	0	0	0	0	0	0	0	0	0	0	0	0	0	0	0	0	0	0	0	0	0	0	0	0	0	0	0	0	0	0	0	0	0	0	0	0	0	0	0	0	0	0	0	0	0	0	0	0	0	0	0	0	0	0	0	0	0	0	0	0	0	0	0	0	0	0	0	0	0	0	0	0	0	0	0	0	0	0	0	0	0	0	0	0	0	0	0	0	0	0	0	0	0	0	0	0	0	0	0	0	0	0	0	0	0	0	0	0	0	0	0	0	0	0	0	0	0	0	0	0	0	0	0	0	0	0	0	0	0	0	0	0	0	0	0	0	0	0	0	0	0	0	0	0	0	0	0	0	0	0	0	0	0	0	0	0	0	0	0	0	0	0	0	0	0	0	0	0	0	0	0	0	0	0	0	0	0	0	0	0	0	0	0	0	0	0	0	0	0	0	0	0	0	0	0
G[Ins(C):R(9,)]G	0	0	0	0	0	0	0	0	0	0	0	0	0	0	0	0	0	0	0	0	0	0	0	0	0	0	0	0	0	0	0	0	0	0	0	0	0	0	0	0	0	0	0	0	0	0	0	0	0	0	0	0	0	0	0	0	0	0	0	0	0	0	0	0	0	0	0	0	0	0	0	0	0	0	0	0	0	0	0	0	0	0	0	0	0	0	0	0	0	0	0	0	0	0	0	0	0	0	0	0	0	0	0	0	0	0	0	0	0	0	0	0	0	0	0	0	0	0	0	0	0	0	0	0	0	0	0	0	0	0	0	0	0	0	0	0	0	0	0	0	0	0	0	0	0	0	0	0	0	0	0	0	0	0	0	0	0	0	0	0	0	0	0	0	0	0	0	0	0	0	0	0	0	0	0	0	0	0	0	0	0	0	0	0	0	0	0	0	0	0	0	0	0	0	0	0	0	0	0	0	0	0	0	0	0	0	0	0	0	0	0	0	0	0	0	0	0	0	0	0	0	0	0	0	0	0	0	0	0	0	0	0	0	0	0	0	0	0	0	0	0	0	0	0	0	0	0	0	0	0	0	0	0	0	0	0	0	0	0	0	0	0	0	0	0	0	0	0	0	0	0	0	0	0	0	0	0	0	0	0	0	0	0	0	0	0	0	0	0	0	0	0	0	0	0	0	0	0	0	0	0	0	0	0	0	0	0	0	0	0	0	0	0	0	0	0	0	0	0	0	0	0	0	0	0	0	0	0	0	0	0	0	0	0	0	0	0	0	0	0	0	0	0	0	0	0	0	0	0	0	0	0	0	0	0	0	0	0	0	0	0	0	0	0	0	0	0	0	0	0	0	0	0	0	0	0	0	0	0
G[Ins(C):R(9,)]T	0	0	0	0	0	0	0	0	0	0	0	0	0	0	0	0	0	0	0	0	0	0	0	0	0	0	0	0	0	0	0	0	0	0	0	0	0	0	0	0	0	0	0	0	0	0	0	0	0	0	0	0	0	0	0	0	0	0	0	0	0	0	0	0	0	0	0	0	0	0	0	0	0	0	0	0	0	0	0	0	0	0	0	0	0	0	0	0	0	0	0	0	0	0	0	0	0	0	0	0	0	0	0	0	0	0	0	0	0	0	0	0	0	0	0	0	0	0	0	0	0	0	0	0	0	0	0	0	0	0	0	0	0	0	0	0	0	0	0	0	0	0	0	0	0	0	0	0	0	0	0	0	0	0	0	0	0	0	0	0	0	0	0	0	0	0	0	0	0	0	0	0	0	0	0	0	0	0	0	0	0	0	0	0	0	0	0	0	0	0	0	0	0	0	0	0	0	0	0	0	0	0	0	0	0	0	0	0	0	0	0	0	0	0	0	0	0	0	0	0	0	0	0	0	0	0	0	0	0	0	0	0	0	0	0	0	0	0	0	0	0	0	0	0	0	0	0	0	0	0	0	0	0	0	0	0	0	0	0	0	0	0	0	0	0	0	0	0	0	0	0	0	0	0	0	0	0	0	0	0	0	0	0	0	0	0	0	0	0	0	0	0	0	0	0	0	0	0	0	0	0	0	0	0	0	0	0	0	0	0	0	0	0	0	0	0	0	0	0	0	0	0	0	0	0	0	0	0	0	0	0	0	0	0	0	0	0	0	0	0	0	0	0	0	0	0	0	0	0	0	0	0	0	0	0	0	0	0	0	0	0	0	0	0	0	0	0	0	0	0	0	0	0	0	0	0	0	0	0
T[Ins(C):R0]A	0	0	0	0	0	1	0	0	0	0	1	0	0	1	0	0	0	0	0	0	0	1	0	0	0	0	1	0	0	0	0	0	0	0	0	0	0	0	0	1	0	0	0	0	3	0	0	0	0	0	1	0	0	0	0	0	1	0	1	0	0	0	0	0	0	0	0	0	0	1	1	0	0	0	0	0	0	0	0	1	0	0	0	0	0	0	0	0	0	0	0	1	0	0	0	0	0	0	0	1	0	0	0	0	0	0	0	0	0	0	0	0	0	2	0	0	1	0	0	0	0	1	0	0	0	2	2	0	0	0	0	0	0	1	0	0	0	0	1	0	0	0	1	0	1	0	0	0	0	0	0	0	1	0	1	0	0	1	1	0	0	0	2	0	0	0	0	0	1	1	0	1	0	1	0	0	1	0	0	0	0	0	0	0	0	0	0	0	1	0	0	1	1	1	0	0	0	0	0	0	0	0	0	0	0	0	0	0	0	1	0	2	0	0	0	0	0	0	0	0	0	0	0	0	0	0	0	1	0	0	0	0	0	0	0	0	0	1	0	1	0	0	0	0	0	0	0	0	0	1	0	1	0	0	1	0	0	0	0	1	0	0	1	0	1	0	0	0	0	1	0	0	0	0	0	0	2	1	0	0	0	0	0	0	0	0	1	0	0	0	0	0	1	0	1	0	0	0	0	0	0	0	0	0	0	0	3	0	0	0	0	0	0	0	0	0	0	1	0	0	1	0	0	0	0	0	1	0	0	0	0	0	0	0	0	0	2	0	0	1	1	0	0	0	1	0	0	0	1	0	0	0	0	0	0	0	1	0	0	0	0	0	1	1	0	1	0	0	2	0	1	0	2	4	0	0	0	0	2
T[Ins(C):R0]G	0	0	0	0	1	0	0	0	0	0	0	0	0	0	0	0	0	0	0	0	0	0	0	0	2	0	0	0	0	0	0	0	0	0	0	1	0	0	0	0	1	0	1	0	0	0	0	1	0	1	0	0	0	0	0	0	0	0	0	0	0	0	0	0	0	1	0	0	0	0	1	1	0	0	1	1	0	1	0	0	0	0	0	2	1	0	0	0	1	0	0	0	0	1	0	0	0	0	0	0	0	0	0	0	0	0	0	0	0	0	0	0	0	0	0	0	0	0	0	0	1	0	0	0	0	0	0	0	0	0	0	0	0	0	0	0	0	0	0	0	0	0	0	0	0	0	0	1	0	0	0	0	0	0	0	0	0	0	0	0	0	0	0	0	4	1	0	0	0	0	0	0	0	0	0	0	0	1	0	0	0	0	0	0	0	0	0	0	0	0	0	0	0	0	0	0	0	0	0	0	0	0	0	0	1	0	0	0	0	1	0	0	0	1	0	0	1	0	0	0	0	0	0	0	0	0	0	0	0	0	0	0	0	0	0	0	1	0	0	0	0	0	0	0	0	0	0	1	0	0	1	0	0	1	0	0	0	1	0	0	0	0	0	0	0	1	0	0	0	0	0	0	0	0	0	0	0	1	0	0	0	0	0	0	0	0	1	1	0	0	0	0	0	0	0	0	0	0	1	0	0	0	0	1	0	0	0	0	0	0	0	1	0	0	0	0	0	0	0	0	0	1	0	0	0	0	0	0	0	0	1	0	0	0	0	0	0	2	0	0	0	0	0	2	0	0	0	1	0	0	0	0	0	0	1	0	0	0	0	0	0	0	0	0	1	1	0	1	2	0	1	0	0	0	0	0	1	0	0
T[Ins(C):R0]T	0	0	0	5	0	1	5	0	5	1	2	1	3	6	2	0	0	2	1	0	0	3	2	0	2	0	3	0	0	1	2	5	0	0	0	0	1	0	2	3	2	5	9	4	2	2	2	2	0	2	2	0	0	1	1	4	1	2	2	4	0	1	1	0	0	0	0	3	2	1	0	4	2	0	0	3	3	1	0	1	2	2	0	8	2	2	1	3	4	3	3	1	1	1	0	3	1	1	0	1	2	0	5	1	2	0	2	4	2	0	0	1	3	1	4	1	1	0	2	0	2	2	0	1	0	3	5	0	3	0	3	2	1	0	1	0	0	1	1	2	0	0	2	2	1	2	0	0	2	0	0	0	1	9	0	0	4	1	2	0	4	0	1	0	2	2	1	1	0	1	0	5	2	1	2	1	6	1	4	0	2	3	2	4	0	1	3	1	3	3	0	0	0	1	0	3	2	2	1	0	0	0	0	0	1	4	4	3	2	3	0	2	0	2	4	1	2	5	1	0	1	2	1	3	0	2	1	1	2	1	0	2	2	4	3	1	0	1	1	2	5	1	2	2	0	2	0	5	2	0	2	4	2	5	3	4	1	0	4	1	0	1	1	1	0	3	0	1	0	0	0	3	0	0	1	0	3	2	0	1	4	0	0	2	1	1	25	3	0	3	3	2	4	1	2	0	1	0	1	0	1	2	0	2	0	0	1	2	0	0	5	5	0	0	0	0	1	1	1	1	0	2	0	2	0	0	1	0	4	1	1	4	1	5	1	0	1	2	0	2	4	1	4	2	5	1	0	0	1	1	2	2	0	1	1	0	0	6	0	0	3	4	1	1	2	2	1	0	2	3	1	3	3	3	0	2	4	5	5
T[Ins(C):R1]A	1	1	0	2	0	0	0	0	1	0	1	0	0	0	0	1	0	1	0	0	1	1	1	1	0	0	0	0	0	1	0	2	0	0	0	0	1	0	0	0	0	3	1	0	2	1	1	0	0	1	1	0	0	1	0	3	0	0	0	0	0	0	0	0	0	1	1	0	2	1	1	2	1	0	0	1	0	1	0	0	0	0	0	1	0	0	0	0	0	0	0	0	0	0	1	1	1	0	0	0	2	0	2	2	0	0	0	0	0	1	0	0	0	0	0	1	0	1	0	0	2	0	0	0	1	0	0	0	0	0	1	1	0	0	0	1	1	0	0	1	1	1	0	0	1	1	0	0	0	0	3	0	1	1	0	1	3	0	0	0	1	0	0	1	0	0	1	0	0	1	0	0	0	2	0	3	1	0	1	1	1	0	1	1	0	1	0	0	1	0	0	0	0	0	0	0	0	0	2	0	0	1	1	0	0	0	0	1	1	0	0	1	1	0	0	0	1	0	0	1	1	0	0	1	0	0	0	1	2	0	0	0	0	0	0	2	0	0	0	0	2	1	0	0	1	0	1	1	3	0	1	0	0	0	2	0	1	0	0	1	1	1	0	0	1	0	1	0	0	0	0	1	0	0	0	0	2	0	1	0	1	0	0	0	0	0	0	0	0	1	0	0	1	0	1	0	0	0	0	1	0	0	0	0	0	0	0	0	0	0	0	0	0	0	0	0	0	0	0	0	0	2	0	0	2	0	0	0	2	0	0	0	1	0	1	0	1	1	0	1	0	2	1	1	0	0	0	0	1	0	0	0	1	0	1	3	0	0	0	0	1	1	0	0	2	0	0	0	3	1	0	1	2	0	0	1	0	1	0
T[Ins(C):R1]G	0	0	0	0	0	0	0	0	0	0	0	0	0	1	0	0	0	0	1	1	0	0	0	0	0	0	0	0	1	0	0	0	0	0	0	0	0	0	0	0	0	0	0	0	0	0	0	0	1	0	0	0	0	0	0	0	0	0	1	0	0	0	0	0	0	0	0	0	0	0	0	0	0	0	0	0	0	0	0	0	0	0	0	0	0	0	0	0	0	0	0	0	0	0	0	0	0	0	0	0	0	0	0	0	0	0	0	0	0	0	0	0	0	0	0	0	0	0	0	0	0	0	0	0	0	0	0	0	1	0	0	0	0	0	0	0	0	0	0	0	0	0	0	0	0	0	0	0	0	0	0	0	0	1	0	0	0	0	0	0	0	0	0	0	0	0	0	0	0	0	0	0	0	0	0	0	1	0	0	0	0	0	0	0	0	0	0	0	0	0	0	0	0	0	0	0	0	0	0	0	0	0	0	0	0	0	0	0	1	0	0	0	0	0	0	0	0	0	0	0	0	0	0	0	0	0	0	0	0	0	0	0	0	0	0	0	0	0	0	0	0	0	0	0	0	0	0	0	0	0	0	0	0	0	0	0	0	0	0	0	0	0	0	0	0	0	0	0	0	0	0	0	0	0	0	0	0	0	0	0	0	0	0	0	0	1	0	0	0	0	0	0	0	0	0	0	0	0	0	0	0	0	0	0	0	0	0	0	0	0	0	0	0	0	0	0	0	0	0	0	0	0	0	0	0	0	0	0	0	2	0	0	0	0	0	0	0	0	0	0	0	0	0	0	0	0	0	0	0	0	0	0	0	1	0	0	0	0	0	0	0	0	0	0	0	0	0	0	0	0	0	0	0	1	0	0	0	0	0
T[Ins(C):R1]T	0	0	0	0	0	0	0	0	1	0	0	2	0	2	0	0	0	1	1	0	0	1	1	2	1	0	2	0	0	0	0	0	1	0	1	0	1	0	0	0	3	1	0	0	1	0	1	1	0	0	0	1	1	0	0	0	0	0	0	0	0	1	0	2	0	0	0	1	0	0	1	1	0	0	0	0	0	0	0	2	0	1	1	1	0	0	0	0	0	0	0	1	0	0	0	0	0	0	2	1	0	0	0	3	1	0	2	0	0	0	1	1	0	0	2	0	0	0	0	0	2	1	0	1	0	0	0	0	0	0	3	1	0	0	1	0	1	0	0	0	2	0	0	1	0	1	0	1	2	1	0	2	1	0	0	0	1	0	3	1	0	0	0	0	1	2	0	0	2	0	0	1	0	1	1	0	0	0	3	3	0	1	0	5	0	1	1	0	1	1	1	0	0	0	0	0	0	1	0	0	1	1	1	0	0	0	0	1	0	1	0	1	0	0	1	0	0	0	0	1	2	0	0	1	0	1	0	0	0	0	0	1	2	0	5	1	0	1	1	1	1	1	0	0	0	1	1	0	1	0	1	0	1	1	0	0	0	0	0	0	0	0	1	0	0	1	1	0	0	0	0	0	0	0	2	0	0	0	0	2	0	0	0	1	0	0	2	0	1	1	0	0	1	0	1	0	0	0	1	3	1	0	0	0	1	0	0	0	1	0	1	1	0	0	0	0	0	0	0	0	0	2	1	2	0	0	0	0	1	1	0	2	1	3	1	2	1	1	0	1	0	0	3	2	1	2	1	0	1	1	0	1	0	0	0	0	0	1	0	0	0	0	0	1	1	0	0	0	6	1	2	1	1	4	1	0	1	0	0
T[Ins(C):R2]A	0	0	0	1	0	0	0	0	0	0	0	0	0	0	0	0	0	0	0	0	0	0	1	1	2	0	3	0	0	0	0	1	0	0	0	0	0	0	0	0	0	2	0	2	0	0	0	0	0	0	0	1	0	2	0	0	1	0	1	1	1	0	0	0	1	3	0	1	1	0	1	0	2	0	1	1	0	0	0	0	0	0	0	0	1	0	1	0	0	0	0	2	0	0	0	0	1	0	0	0	1	1	0	0	1	0	0	0	1	0	0	1	0	0	0	0	0	0	0	0	0	0	0	0	0	0	0	0	1	0	0	0	0	0	0	1	0	0	0	0	0	0	0	0	0	0	1	0	1	0	0	0	0	3	0	0	0	0	0	0	0	0	1	0	0	0	0	0	0	0	0	2	0	0	0	0	0	0	0	0	0	1	0	0	0	1	0	0	1	0	1	0	0	0	0	1	2	0	0	1	0	1	0	0	4	0	0	1	0	0	0	1	0	0	0	0	1	2	0	0	0	0	0	1	0	1	0	0	0	1	0	0	1	1	1	0	1	1	0	1	0	0	0	1	0	0	1	0	1	1	0	1	0	0	1	0	0	0	1	0	0	0	0	0	0	0	0	0	0	0	0	0	0	0	0	0	0	1	0	1	0	0	0	0	0	1	1	1	0	1	0	0	0	1	0	1	1	0	1	0	2	0	1	0	0	0	1	0	0	0	1	1	1	0	0	0	0	1	0	0	1	0	0	1	0	0	0	0	0	0	0	0	1	0	0	0	0	0	0	2	0	0	1	2	0	1	0	1	0	1	0	1	0	1	0	0	1	0	0	0	1	0	0	2	1	0	1	1	0	1	0	0	0	4	0	0	1	0	1
T[Ins(C):R2]G	0	0	0	0	0	0	0	0	0	0	0	0	0	0	0	0	0	0	0	0	0	0	0	0	0	0	0	0	0	0	0	0	0	0	0	0	0	0	0	0	0	0	0	0	0	0	0	0	0	0	0	0	0	0	0	0	0	0	0	0	0	0	0	0	0	0	0	1	0	0	0	0	0	0	0	0	0	0	0	0	0	1	0	0	0	0	0	0	0	0	0	0	0	0	0	0	0	0	0	0	1	0	0	1	0	1	0	0	0	0	0	0	1	0	0	0	0	0	0	0	0	0	0	0	0	0	0	0	0	0	0	0	0	0	0	0	0	0	0	0	0	0	0	0	0	0	0	0	0	0	0	0	0	0	0	0	0	0	0	0	1	0	0	0	0	0	0	0	0	0	0	0	0	0	0	0	0	0	0	0	0	0	0	0	0	0	0	0	0	0	0	0	0	1	0	0	0	0	0	0	0	0	0	0	0	0	0	0	0	0	0	0	0	0	0	0	0	0	0	0	0	0	0	0	0	0	0	1	0	0	0	0	0	0	0	0	0	0	0	0	0	0	0	0	0	0	0	0	0	0	0	0	0	0	0	0	0	0	0	0	0	1	0	0	0	0	0	0	0	0	0	0	0	0	0	0	0	0	0	0	0	0	0	0	0	0	1	0	1	0	0	0	0	0	1	0	0	0	0	0	0	0	0	0	0	0	0	0	0	0	0	0	0	0	0	0	0	0	0	0	0	0	0	0	0	0	0	0	0	0	0	0	0	0	0	0	0	0	1	0	0	0	0	0	0	0	0	0	0	0	0	0	0	0	0	0	0	0	1	1	0	0	0	0	0	0	0	0	0	0	1	0	0	0	0	0	0	0	0
T[Ins(C):R2]T	0	0	0	0	0	0	0	1	0	0	0	0	2	0	1	0	0	1	0	0	0	0	0	0	0	0	2	0	0	0	0	0	0	0	0	0	0	0	1	0	1	0	0	2	0	0	0	0	0	1	0	0	0	1	0	0	0	1	1	0	0	0	0	1	0	0	0	0	3	0	0	0	0	0	0	0	0	0	1	1	0	1	0	4	2	0	0	0	0	0	0	1	0	0	1	0	1	0	0	1	0	0	0	0	1	0	0	0	0	0	1	0	2	0	1	2	1	0	0	0	0	0	0	0	1	0	0	0	0	0	0	0	0	0	0	0	0	1	0	1	0	0	0	0	0	0	0	0	0	0	0	0	0	2	0	1	1	0	0	0	0	1	0	1	1	1	0	0	0	0	0	0	1	0	1	1	0	0	0	2	1	1	0	1	0	1	0	0	0	0	0	0	1	0	1	0	1	1	0	0	0	0	0	2	0	1	2	0	0	0	0	0	0	0	1	0	0	0	0	0	0	0	0	0	1	0	0	0	0	0	0	0	1	0	3	0	1	0	0	0	0	0	0	0	1	1	0	0	1	1	1	0	0	0	1	1	0	0	0	0	0	0	1	0	0	0	0	0	0	0	0	0	0	0	1	0	0	0	0	0	1	1	1	0	0	1	1	1	0	1	0	0	0	1	0	0	0	0	0	0	0	0	0	0	2	0	1	1	0	0	0	0	0	0	0	0	0	2	0	1	0	0	0	0	0	0	2	0	0	0	2	1	2	1	0	1	0	1	0	0	0	2	0	1	1	1	2	1	0	0	0	1	1	0	1	0	1	2	0	0	0	1	1	0	3	0	0	0	3	0	0	0	1	1	0	1	0	1	0
T[Ins(C):R3]A	0	0	0	1	1	0	2	0	0	0	2	0	0	1	0	0	1	0	0	0	0	0	0	1	1	0	1	0	0	0	1	1	0	0	0	0	0	0	0	1	1	1	0	0	0	0	1	0	1	2	0	0	0	0	0	2	0	1	1	0	0	0	1	0	0	0	0	1	0	0	0	0	0	1	3	0	0	1	0	0	0	0	0	4	0	0	0	0	0	2	0	0	1	0	0	0	0	0	0	0	1	0	0	1	1	1	0	1	0	0	1	0	0	0	0	0	0	1	0	0	0	0	0	1	1	0	1	0	0	0	0	0	0	0	0	0	0	0	1	1	1	0	0	0	0	0	1	0	0	0	0	0	0	0	0	0	1	0	1	0	0	0	2	0	0	2	0	0	0	0	0	2	0	0	0	0	0	0	0	1	0	1	0	0	1	1	0	0	0	1	0	0	0	0	0	0	0	0	0	0	0	0	0	0	0	1	0	0	0	4	0	0	0	0	0	1	0	0	2	0	0	0	0	0	0	0	0	1	2	0	0	1	0	0	0	0	1	0	0	2	0	0	0	0	0	1	0	0	0	0	0	0	0	0	0	0	0	0	0	1	0	0	2	0	0	0	0	0	0	0	0	0	0	0	0	0	0	0	0	0	0	0	0	0	0	0	5	0	0	0	0	0	1	1	0	0	1	0	1	0	0	0	0	1	0	3	1	0	0	0	0	0	0	0	1	2	0	0	0	0	1	0	0	1	1	1	1	0	0	0	0	0	0	0	0	0	2	1	0	0	0	2	1	2	1	0	1	0	0	0	0	2	0	0	0	0	0	1	0	0	0	0	0	0	0	1	0	0	1	1	0	0	0	2	0	0	1	1	0
T[Ins(C):R3]G	0	0	0	0	0	0	0	0	0	0	1	0	0	0	0	0	0	0	0	0	0	0	0	0	0	0	0	0	0	0	0	0	0	0	0	0	0	0	0	0	0	0	0	0	0	0	0	0	0	0	0	1	0	0	0	1	0	0	0	0	0	0	0	0	0	0	0	0	0	0	0	0	0	0	0	0	0	0	0	0	0	0	0	1	0	0	0	0	0	0	0	0	0	0	0	0	0	0	0	0	0	0	0	0	0	0	0	0	0	0	0	0	0	0	0	0	0	0	0	0	0	0	0	0	0	0	1	0	1	0	0	0	0	0	0	0	0	0	0	0	0	0	1	0	0	0	0	1	0	0	0	0	1	0	0	0	0	0	0	0	0	0	0	0	1	0	0	0	0	0	0	0	0	0	0	0	0	0	0	0	1	0	0	1	0	0	0	0	0	0	0	0	0	0	0	1	0	0	0	0	0	0	0	0	0	0	0	0	0	0	0	1	0	0	0	0	1	0	0	0	0	0	0	0	0	0	0	0	0	0	0	0	0	0	0	0	0	0	0	0	0	0	0	0	0	0	0	0	0	1	0	0	0	0	0	0	0	0	0	0	0	0	0	0	0	0	0	0	1	0	1	0	0	0	0	0	0	0	0	0	0	0	0	0	0	1	1	0	0	0	0	0	1	0	0	0	0	0	0	0	0	0	1	0	0	0	0	0	0	0	0	1	0	0	0	0	0	0	0	0	0	0	0	2	0	0	0	0	0	0	1	0	0	0	0	0	0	0	0	1	0	0	1	0	1	0	0	0	0	1	0	0	0	0	0	0	0	0	1	0	0	0	0	0	0	0	0	0	0	0	0	0	0	0	0	0	0	0	1
T[Ins(C):R3]T	1	0	0	0	0	2	0	0	0	0	0	0	1	1	0	0	0	0	0	0	0	1	0	0	0	0	2	0	0	1	0	0	0	1	0	0	0	0	0	1	0	0	0	0	1	0	0	0	0	2	0	0	0	0	0	0	0	0	1	1	0	0	2	0	0	1	1	0	0	0	0	0	0	0	0	1	0	0	0	0	0	1	0	1	0	0	0	0	0	1	0	0	1	0	0	0	0	2	1	0	0	0	1	1	1	0	0	1	1	0	0	0	1	0	0	1	0	0	0	0	0	1	0	0	0	0	2	0	0	0	0	1	0	0	0	0	0	0	0	1	0	0	0	0	0	0	0	0	0	0	0	2	1	1	0	1	1	1	0	0	0	0	0	0	0	0	0	0	0	1	0	0	0	0	0	0	0	1	0	0	0	0	0	0	0	1	0	0	0	0	0	0	1	0	0	1	1	0	1	0	0	0	0	0	0	0	0	1	0	2	0	0	1	0	0	0	0	0	0	0	1	0	0	0	0	0	0	0	0	0	1	0	0	0	0	0	1	0	0	0	0	0	0	0	0	0	0	0	0	0	1	0	0	0	0	0	0	0	0	0	0	0	0	0	0	0	0	0	0	0	0	0	1	0	1	0	1	2	0	1	0	0	0	0	0	1	8	0	0	0	0	0	0	0	1	0	2	0	1	0	0	0	0	0	0	0	0	0	0	0	1	1	0	0	0	0	0	0	0	0	1	0	1	0	0	0	0	1	0	0	1	0	2	1	1	2	0	0	0	0	0	0	1	0	3	2	0	0	0	1	0	0	1	0	0	0	1	1	1	1	4	0	2	1	0	1	0	0	0	1	0	1	0	0	2	1	0	0	1
T[Ins(C):R4]A	0	1	0	1	0	0	0	0	0	0	1	0	0	1	1	0	0	0	1	0	1	1	0	0	1	0	1	0	0	0	0	0	0	1	0	0	1	0	0	1	0	0	1	0	0	1	1	0	0	0	0	0	0	0	0	0	0	0	0	1	1	0	0	0	1	0	0	2	1	0	0	0	1	0	0	2	1	0	0	0	0	0	1	12	0	0	1	0	0	0	0	1	0	1	0	2	0	0	1	1	1	0	0	0	0	0	0	1	0	0	0	0	1	0	0	0	0	0	0	0	0	1	0	0	1	0	1	0	0	0	1	0	0	0	0	1	0	1	0	1	0	0	1	1	0	1	1	1	1	0	0	0	0	1	0	0	0	1	0	0	0	1	0	1	0	1	1	0	0	0	0	2	0	0	0	1	0	1	2	2	0	0	0	2	0	1	0	0	0	1	0	0	0	0	0	0	0	1	0	0	0	0	0	0	1	0	0	0	0	0	0	1	0	0	1	0	1	0	1	1	0	0	0	0	0	1	0	1	1	0	0	0	0	0	0	0	4	0	1	1	0	0	0	1	0	0	0	0	1	0	0	0	0	0	0	1	0	0	0	1	0	0	0	0	0	0	1	0	0	0	0	0	0	1	0	0	0	0	0	0	0	0	0	0	0	1	25	0	0	0	1	0	0	5	2	2	0	1	0	0	0	0	0	0	0	0	0	0	0	0	0	0	0	0	1	1	1	0	0	2	0	1	0	0	0	0	1	0	2	1	0	0	3	3	0	0	0	1	1	1	0	1	0	1	0	0	0	0	1	0	0	1	0	0	0	0	0	2	0	0	1	0	0	0	0	0	0	0	2	1	0	0	0	0	0	0	0	0	0
T[Ins(C):R4]G	0	0	0	0	0	0	0	0	0	0	0	0	0	0	0	0	0	0	0	0	0	0	0	0	0	0	0	0	0	0	0	0	0	0	0	0	1	0	0	0	0	0	0	0	0	0	0	0	0	0	0	0	0	0	0	0	0	0	0	0	0	1	0	0	1	0	0	0	0	0	0	0	0	0	0	0	0	0	0	0	0	0	0	2	0	0	0	0	0	0	0	0	0	0	0	0	0	0	0	0	0	0	0	0	0	0	0	0	0	0	0	0	0	0	0	0	0	0	0	0	0	0	0	0	0	0	0	0	0	0	0	0	0	0	0	0	0	0	0	0	0	0	0	0	0	0	0	0	0	0	0	0	0	0	0	0	1	0	0	0	0	0	0	0	0	0	0	0	0	0	0	0	0	0	0	0	0	0	0	0	0	0	0	0	0	0	0	0	0	0	0	0	0	0	0	0	0	0	0	0	0	0	0	0	0	0	0	0	0	0	0	0	0	0	1	0	0	0	0	0	0	0	0	0	0	0	0	0	0	0	0	0	0	0	0	0	0	0	0	0	0	0	1	0	0	0	0	0	0	0	0	0	1	0	0	0	0	0	0	0	0	0	0	0	0	0	0	0	0	0	0	0	0	0	0	0	1	0	0	0	0	0	0	0	0	0	1	0	0	0	0	0	0	0	0	0	0	0	0	0	0	0	0	0	0	0	0	0	0	0	0	0	0	0	0	0	0	0	0	1	0	0	0	0	0	0	0	0	0	0	0	0	0	0	0	0	0	0	0	0	0	0	0	0	0	0	0	0	2	0	0	0	0	0	0	0	0	0	0	0	0	0	0	0	0	0	0	0	0	0	0	0	0	0	0	0	0	0	0
T[Ins(C):R4]T	0	0	0	0	0	1	0	0	0	0	0	0	1	0	0	0	0	0	1	0	0	0	0	0	0	0	0	0	0	0	0	0	0	0	0	1	0	0	0	0	0	2	0	1	0	0	0	1	0	0	0	0	0	0	0	0	0	1	1	0	0	0	0	0	0	0	0	0	0	0	0	0	0	0	1	0	0	0	0	1	0	0	0	5	0	0	0	1	0	0	0	0	0	0	0	0	0	0	1	0	1	0	0	0	1	0	1	0	0	0	0	0	0	0	0	0	0	0	1	0	0	0	0	0	0	0	0	0	0	0	1	1	0	0	0	0	1	0	0	0	0	0	0	0	0	0	0	0	0	0	0	0	0	0	0	0	1	0	0	0	1	1	1	0	1	0	0	0	0	0	0	0	1	0	0	0	0	0	0	0	0	0	0	0	0	0	1	0	0	0	0	1	0	0	0	0	0	0	0	0	0	0	0	0	0	1	0	0	0	0	0	0	0	0	1	0	0	0	0	0	1	1	1	0	1	0	0	0	0	0	0	0	0	0	1	0	0	0	0	0	0	0	0	0	0	0	0	0	0	0	2	0	0	0	0	0	0	1	0	0	0	0	0	0	0	0	0	0	0	0	0	0	0	0	1	0	0	0	0	1	0	0	0	0	0	1	13	1	1	0	0	0	0	1	0	0	0	0	0	1	0	0	0	0	1	0	0	0	0	0	0	0	0	0	0	0	0	0	1	0	0	0	0	0	0	1	0	0	1	0	0	0	1	1	0	0	0	0	0	0	0	0	1	0	0	1	1	0	1	0	0	0	0	0	0	0	1	0	0	0	1	0	0	1	0	1	0	0	0	0	0	0	0	0	0	1	0	1	0
T[Ins(C):R5]A	0	0	0	3	0	0	0	0	1	0	0	1	0	0	0	0	0	0	0	0	0	1	0	0	0	0	1	0	0	1	0	0	0	0	1	1	0	0	0	4	1	0	2	0	1	0	0	0	0	1	0	0	0	0	0	0	1	0	0	0	0	0	0	0	0	1	0	0	1	0	0	0	0	0	0	1	0	1	0	1	1	0	0	4	0	1	0	0	2	0	0	0	0	0	0	0	0	2	0	1	0	0	0	0	0	1	0	1	0	0	0	0	0	1	0	0	0	0	0	0	0	1	0	1	2	0	0	0	0	0	2	0	0	0	0	0	0	0	0	0	0	0	1	0	1	0	0	2	0	0	0	0	0	0	0	0	0	0	0	1	0	0	0	0	0	0	0	0	0	0	0	0	0	0	1	0	1	0	1	0	0	0	0	0	0	0	2	0	0	0	0	0	0	0	0	0	0	1	1	0	0	0	0	1	0	0	1	0	2	3	0	1	0	0	0	0	0	1	1	0	1	0	0	0	0	0	0	0	0	0	0	0	0	0	0	0	0	0	0	0	0	0	0	0	0	0	0	1	1	0	0	0	0	0	0	0	0	0	0	0	0	1	0	0	0	0	0	0	2	1	0	0	1	1	0	0	0	0	0	0	0	0	0	0	0	1	8	0	0	0	0	2	0	1	2	0	0	2	0	1	0	0	1	0	0	0	0	0	0	0	0	0	0	0	0	1	0	0	0	0	0	0	0	0	0	0	0	0	1	0	0	1	2	0	0	0	0	0	0	0	0	0	0	0	0	0	2	1	1	2	0	0	1	1	1	1	2	0	1	0	1	0	2	4	1	0	0	0	0	0	0	0	1	0	0	0	0	0	0
T[Ins(C):R5]G	0	0	0	0	0	0	0	0	0	0	1	0	0	0	1	0	0	0	0	0	0	0	0	0	0	0	0	0	0	0	0	0	0	0	0	0	0	0	0	1	0	0	0	0	0	0	0	0	0	0	0	0	0	0	0	0	0	0	0	0	0	0	0	0	0	0	0	0	0	0	0	0	0	0	0	0	0	0	0	0	0	1	0	1	0	0	0	0	0	0	0	0	0	0	0	0	0	0	0	0	0	0	0	0	0	0	1	0	0	0	0	0	0	0	0	0	0	0	0	0	0	0	0	0	0	0	0	0	0	0	0	0	0	0	0	0	1	0	0	0	0	0	0	0	0	0	0	0	0	0	0	0	0	0	0	0	0	0	1	0	0	0	0	0	0	0	0	0	0	0	0	0	0	0	0	0	1	0	0	0	0	0	1	0	0	0	0	0	0	0	0	0	0	0	0	0	0	0	0	0	0	0	0	0	0	0	0	0	0	0	0	0	0	0	0	0	0	0	0	0	0	0	0	0	0	0	0	0	0	0	0	0	0	0	0	0	0	0	0	0	0	0	0	0	0	0	0	0	0	0	0	0	0	0	0	0	0	0	0	0	0	0	0	1	0	0	0	0	0	0	0	0	0	0	0	0	0	0	0	0	0	0	0	0	0	0	5	0	0	0	0	0	2	0	0	0	0	0	0	0	0	0	0	0	0	0	0	0	0	0	0	1	0	0	0	1	0	0	0	0	0	0	0	0	0	0	0	0	1	0	0	0	0	0	0	0	2	0	0	1	0	0	0	0	0	0	0	0	0	0	0	0	0	0	0	0	0	0	0	0	0	1	0	2	0	0	0	0	0	0	0	0	0	1	0	0	0	0	0
T[Ins(C):R5]T	0	0	0	0	0	0	0	0	0	0	1	0	0	0	1	0	0	0	0	0	0	0	0	0	0	0	0	0	0	1	1	0	0	1	0	0	1	0	0	0	0	0	1	0	0	0	0	0	0	0	1	0	0	0	0	0	0	0	1	0	0	0	0	0	0	0	1	1	0	0	0	1	0	0	0	0	0	0	1	1	0	0	0	6	0	0	1	0	1	0	0	0	0	0	0	1	0	0	1	1	0	0	0	0	0	0	0	0	0	0	0	0	0	0	0	1	0	0	0	0	0	0	0	0	0	0	0	0	1	0	0	0	0	0	1	0	0	0	0	0	0	0	2	0	0	0	0	0	0	0	1	0	1	0	0	0	1	0	1	0	0	0	0	0	0	0	0	0	1	0	0	1	1	0	2	0	0	0	0	0	0	0	0	2	0	0	0	0	0	0	0	0	0	0	0	1	0	0	1	0	0	0	0	0	1	0	0	1	0	0	0	0	0	0	0	0	0	1	0	0	0	0	0	0	1	0	0	0	0	0	0	1	0	0	0	0	2	0	0	0	0	0	1	0	0	0	0	0	0	0	0	0	1	0	1	0	1	1	1	0	0	0	0	0	0	2	0	0	0	1	1	2	0	0	1	0	0	0	0	0	1	1	0	1	0	1	12	0	0	0	0	0	1	1	0	0	0	0	0	0	0	0	0	0	0	1	0	0	0	0	0	0	1	0	0	1	0	0	0	0	1	2	0	0	0	0	1	0	1	0	0	0	1	0	0	1	0	1	0	0	1	0	0	1	0	0	2	0	0	1	0	0	0	0	0	0	0	0	1	0	1	1	1	1	0	0	0	0	1	1	1	1	0	0	0	0	0	0	1
T[Ins(C):R6]A	1	0	0	0	0	0	0	0	1	0	0	1	0	0	1	1	0	0	0	0	0	0	1	0	2	0	1	0	0	0	0	0	0	0	0	0	2	0	0	2	0	0	2	0	1	0	0	0	0	2	0	0	0	0	0	0	0	0	0	0	0	0	0	0	2	1	0	1	1	0	0	0	1	0	0	1	0	1	0	1	1	0	0	4	0	0	0	0	1	0	2	1	0	0	0	0	0	1	0	0	1	0	0	1	0	0	0	0	0	0	0	0	0	0	0	1	0	1	1	0	0	1	0	0	0	0	0	0	3	0	0	0	0	0	0	0	1	0	0	2	0	0	0	0	0	2	0	1	1	0	0	0	0	2	0	0	1	0	0	0	2	0	1	0	2	0	0	1	0	0	0	0	0	0	0	0	1	0	0	0	0	0	0	0	0	0	0	1	1	0	0	0	1	1	0	0	0	0	0	1	0	0	0	0	0	1	0	0	0	4	0	0	1	0	0	0	0	1	0	0	1	0	0	1	0	0	0	0	0	0	0	1	0	0	0	0	0	0	0	0	1	0	0	0	0	1	0	0	3	0	0	0	0	1	0	0	0	0	0	0	1	1	0	0	0	0	0	0	0	0	1	0	0	0	0	1	1	0	0	0	0	0	0	1	0	0	15	0	0	0	0	0	0	0	0	0	1	0	0	1	0	0	0	0	0	1	0	0	1	0	0	0	2	0	0	0	0	1	0	1	0	0	0	0	0	0	0	0	0	2	1	0	0	1	1	1	0	0	0	0	0	0	0	0	0	1	1	0	1	0	0	1	0	0	0	1	0	0	1	0	1	1	1	1	0	1	1	1	0	0	1	0	0	1	0	1	1	0	2
T[Ins(C):R6]G	0	0	0	0	0	0	0	0	0	0	0	0	0	0	1	1	0	1	0	0	0	0	0	0	0	0	0	0	0	0	0	0	0	0	0	0	0	0	0	0	0	0	0	0	0	0	0	0	0	0	1	0	0	0	0	0	0	0	0	1	0	0	0	0	0	0	0	0	1	0	0	0	0	0	1	0	0	0	0	1	0	0	0	3	0	0	0	0	0	0	0	0	0	0	0	0	1	0	0	0	0	0	0	0	1	0	0	0	0	0	0	0	0	0	0	0	0	0	0	0	0	0	0	0	0	1	0	0	0	0	0	0	0	0	0	0	0	0	0	0	0	0	0	0	0	0	0	0	0	0	0	0	0	0	0	0	0	0	0	0	0	1	0	0	0	0	0	0	0	0	0	0	0	0	0	0	0	0	0	0	0	0	0	0	0	0	0	0	0	0	0	0	0	0	0	0	0	0	0	0	0	0	0	0	0	0	0	0	0	0	0	0	0	0	0	0	0	0	0	0	0	0	0	0	0	0	0	0	1	0	0	0	0	0	0	0	0	0	0	0	0	0	0	0	0	0	0	0	0	0	0	0	0	0	0	0	0	0	0	0	0	0	0	0	0	0	0	0	0	0	0	0	0	0	0	1	0	0	0	0	0	0	0	0	0	0	4	0	0	1	0	0	0	1	0	0	0	0	0	0	0	0	0	0	0	0	0	0	0	0	1	1	0	0	0	0	0	0	0	0	0	0	0	0	0	0	0	0	0	0	0	0	0	1	0	0	0	0	0	0	0	0	1	1	0	0	0	0	0	0	0	0	0	0	0	0	0	0	1	0	0	0	0	2	0	0	0	0	0	0	0	0	0	0	0	0	0	0	0
T[Ins(C):R6]T	0	0	0	0	0	0	0	0	0	0	0	0	1	0	0	0	0	0	0	0	0	0	0	0	0	0	0	0	0	1	0	0	0	0	0	1	0	0	0	0	0	0	1	0	1	1	0	0	0	1	0	0	0	0	0	0	1	0	0	0	0	0	0	0	0	0	0	0	0	0	0	0	0	0	0	0	1	0	0	0	0	0	0	3	0	0	0	0	0	0	0	0	0	0	0	0	0	0	0	0	0	0	0	1	0	0	1	0	0	0	0	1	0	0	0	0	0	0	0	0	0	0	0	0	0	0	1	0	0	0	0	0	0	0	0	0	0	0	0	0	0	0	0	0	0	1	0	0	0	0	0	0	0	0	0	0	0	0	0	0	0	0	0	0	0	0	0	0	0	0	0	0	0	0	0	0	2	0	0	0	0	0	0	0	0	0	1	1	2	0	0	0	0	0	0	0	0	0	0	0	0	0	0	1	1	0	0	0	0	0	0	0	0	0	0	0	0	1	0	0	0	0	0	1	0	0	1	1	0	0	0	0	1	0	0	0	1	0	0	0	0	0	0	0	0	0	0	0	1	1	0	0	0	0	0	0	0	0	0	0	0	0	0	0	0	0	0	0	0	0	0	0	0	0	0	0	0	0	0	0	0	0	0	0	0	0	14	0	0	0	0	0	2	0	1	0	0	0	0	0	0	0	0	0	0	0	1	1	0	1	0	0	0	0	0	0	1	0	0	0	0	0	0	0	0	0	0	0	0	0	1	1	0	0	1	1	0	1	0	0	0	0	0	1	0	0	0	1	0	0	0	0	0	0	0	0	0	0	0	0	1	0	0	0	0	0	0	0	0	1	0	3	0	1	1	0	0	0	0
T[Ins(C):R7]A	0	1	0	0	0	1	0	0	0	0	0	3	1	1	0	0	0	1	0	0	0	0	1	0	0	0	0	0	0	1	0	0	0	0	0	0	0	0	2	1	2	0	1	0	0	0	0	0	1	2	1	1	0	0	0	0	1	0	1	1	0	0	0	0	0	0	0	0	0	0	0	2	0	0	0	0	0	0	0	0	0	0	0	18	0	0	0	2	2	0	0	0	0	0	0	0	0	0	0	0	0	0	2	0	1	0	0	0	0	0	0	0	0	1	0	0	0	1	1	0	1	0	0	2	0	0	1	0	1	0	0	0	0	0	0	1	0	0	0	0	0	0	0	1	0	0	0	0	0	0	2	0	0	1	0	1	0	1	0	0	1	0	0	0	1	1	0	0	0	0	0	0	0	1	0	2	0	0	0	0	0	0	0	1	0	2	2	2	0	0	1	0	1	1	0	0	0	0	3	0	0	0	0	0	0	0	0	0	1	1	0	1	0	0	0	0	0	2	0	0	1	0	1	0	0	2	0	0	1	0	0	1	0	0	1	0	0	0	0	0	0	1	0	0	2	0	1	0	0	0	0	2	0	2	0	1	0	1	0	0	0	1	0	0	1	0	1	0	3	0	1	0	0	0	0	2	1	0	0	0	0	0	0	0	0	0	24	0	0	0	0	0	2	1	1	0	0	0	0	1	0	0	0	1	1	0	0	0	0	0	0	0	0	0	0	1	1	0	0	0	1	0	0	0	0	0	1	0	1	2	2	0	0	0	0	1	1	1	3	0	2	0	0	0	0	0	0	1	1	0	0	1	1	0	1	0	1	1	2	0	1	2	2	1	0	0	0	0	0	0	1	2	0	0	0	0	0	1	0
T[Ins(C):R7]G	0	0	1	0	0	0	0	0	0	0	0	0	0	0	0	0	0	0	0	0	0	0	0	0	0	0	0	0	0	0	0	1	0	0	0	0	0	0	0	0	0	0	0	0	0	0	1	0	0	1	1	0	1	0	0	0	0	0	0	0	0	0	0	0	0	0	0	0	0	0	0	2	0	0	0	0	0	0	0	0	0	0	0	2	0	0	0	0	0	0	0	0	0	0	0	1	0	0	0	0	0	0	1	0	0	0	1	0	0	0	0	0	0	0	0	0	0	1	0	0	0	0	0	0	0	0	0	0	0	1	0	0	0	0	0	0	0	0	0	0	0	0	0	0	1	0	0	0	0	0	0	0	0	0	0	0	0	0	0	0	1	0	0	0	0	0	0	0	1	0	0	0	0	0	0	0	1	1	0	0	0	1	0	0	0	0	0	0	0	0	0	0	0	0	0	0	0	0	0	0	0	0	0	0	0	0	0	0	0	0	0	0	0	0	0	0	0	0	0	0	0	0	1	0	0	1	0	1	0	0	0	0	0	0	1	0	0	0	0	0	0	0	0	0	0	0	0	0	0	0	0	0	1	0	0	0	0	0	0	0	0	0	0	0	0	0	0	0	0	0	0	0	0	0	0	0	0	0	0	0	0	0	0	0	0	0	4	0	0	0	0	0	0	1	1	0	0	0	0	0	0	0	0	0	0	0	0	0	0	0	0	1	0	0	0	0	0	0	1	0	0	0	0	2	0	0	1	0	1	0	0	0	0	1	0	0	0	0	0	0	0	0	0	0	0	0	0	1	0	0	0	0	0	0	0	0	1	0	0	0	0	0	1	0	0	0	0	0	1	0	0	0	0	0	0	0	0	0	1
T[Ins(C):R7]T	0	0	0	0	0	0	0	0	0	0	0	0	1	0	0	0	0	0	0	0	0	0	1	0	0	0	0	0	0	0	0	0	0	0	0	1	0	0	0	0	0	0	0	0	0	0	1	0	0	0	0	0	0	0	0	0	2	0	0	0	0	0	0	0	0	0	0	0	0	0	0	0	0	0	0	0	0	1	1	0	0	0	0	4	0	0	0	0	0	1	0	0	0	0	0	1	0	0	0	0	0	0	0	0	0	0	0	1	0	0	1	0	0	0	0	0	0	0	0	0	1	0	0	0	0	0	1	0	0	0	1	0	0	0	0	0	0	0	1	1	0	0	0	0	0	0	0	0	0	0	0	0	0	2	0	0	0	0	0	0	1	0	0	0	0	0	0	0	0	0	0	0	0	1	0	1	0	0	0	0	0	0	0	0	0	0	0	0	1	1	1	0	0	0	0	0	1	0	0	0	0	0	0	0	0	0	0	0	0	0	0	0	0	0	0	0	1	0	0	0	1	0	0	0	1	0	0	0	0	0	0	0	0	0	1	0	0	0	0	0	0	0	0	0	0	0	0	0	0	0	0	0	0	0	1	0	0	1	0	0	0	0	0	1	1	1	1	0	0	0	0	0	0	0	0	0	1	1	0	0	0	0	0	0	0	0	15	0	0	0	0	0	0	0	1	0	0	0	1	0	0	0	0	0	0	0	0	0	0	0	0	0	0	0	0	0	0	0	0	0	0	0	0	1	0	0	0	0	0	0	0	0	1	1	0	0	0	0	0	0	1	0	1	0	0	0	0	0	0	0	2	0	0	0	0	0	0	0	0	0	0	0	0	1	0	0	0	0	0	0	0	0	0	0	0	0	0	0	1
T[Ins(C):R8]A	1	0	0	0	0	1	0	0	0	0	0	0	1	0	0	0	0	1	0	0	0	0	0	0	0	0	0	0	0	0	1	0	0	0	0	0	2	0	0	0	0	0	3	0	1	1	0	0	0	0	0	0	0	0	0	0	0	0	0	0	0	2	0	0	0	0	0	0	0	1	1	1	1	0	0	1	0	0	0	0	0	1	0	8	0	0	0	1	0	0	0	0	1	0	0	2	0	0	0	0	0	0	0	0	0	0	0	0	0	0	1	0	0	0	1	0	0	1	0	0	0	0	0	0	0	0	1	0	0	0	0	0	1	0	0	0	0	0	0	0	0	0	0	0	0	1	0	0	0	0	0	0	2	0	0	0	0	0	0	0	1	0	0	1	1	0	0	0	0	0	0	0	2	2	0	1	0	0	0	1	0	0	0	0	0	0	0	0	0	0	0	0	0	0	0	0	1	0	0	0	0	0	0	0	0	0	0	0	0	2	0	0	0	0	0	0	0	2	0	0	0	0	0	1	0	0	0	0	0	0	0	1	0	0	0	0	0	0	0	0	1	0	0	0	1	0	0	0	0	0	1	0	0	0	0	0	0	0	0	0	0	0	0	0	0	0	1	0	0	0	0	1	0	0	0	0	0	0	0	0	1	0	0	0	0	0	17	0	1	0	0	0	0	0	0	1	0	0	0	0	0	0	0	1	0	0	0	0	1	0	0	0	0	0	0	0	0	0	0	0	0	0	0	0	0	0	0	0	2	2	1	0	1	0	0	0	0	0	0	0	0	1	1	0	2	0	1	1	1	0	0	0	0	0	0	0	1	0	1	0	2	2	0	0	0	0	0	0	1	0	1	1	0	0	0	0	0	1	1
T[Ins(C):R8]G	0	0	0	0	0	0	0	0	0	0	0	0	0	0	0	0	0	0	0	0	0	0	0	0	0	0	0	0	0	0	0	0	0	0	0	0	0	0	0	0	0	0	1	0	0	0	0	0	0	0	0	0	0	0	0	0	0	0	0	0	1	0	0	0	0	0	0	0	0	0	0	1	0	0	0	0	0	0	0	0	0	0	0	1	0	0	0	0	0	0	0	0	0	0	0	0	0	0	0	0	0	0	0	0	1	0	0	0	0	0	0	0	0	0	0	0	0	0	0	0	0	0	0	0	0	0	0	0	0	0	0	0	0	0	0	0	0	0	0	0	0	0	1	0	0	0	0	0	0	0	0	0	0	0	0	0	0	0	0	0	0	0	0	0	0	0	0	0	0	0	0	0	0	0	0	0	0	0	0	0	0	0	0	0	0	0	0	0	0	0	0	0	0	0	0	0	0	0	0	0	0	0	0	0	0	0	0	0	0	0	0	0	0	0	0	0	0	0	0	0	0	0	0	0	0	0	0	0	0	0	0	0	0	0	0	0	0	0	0	0	0	0	0	0	0	0	0	0	0	0	0	0	0	1	0	0	0	0	0	0	0	0	0	0	0	0	0	0	0	0	0	0	0	0	0	0	0	0	0	0	1	0	0	0	0	0	3	0	0	0	0	0	0	0	0	0	0	0	0	0	0	0	0	0	0	0	0	0	0	0	0	0	0	0	0	0	0	0	0	0	0	0	0	0	0	0	2	0	0	0	0	0	0	0	0	0	0	0	0	0	0	0	0	1	0	0	0	0	0	0	0	0	1	0	0	0	0	0	0	0	0	0	0	1	0	0	0	0	0	0	0	0	0	0	0	0	0	0	0
T[Ins(C):R8]T	0	0	0	0	0	0	0	0	0	0	0	0	0	0	0	0	0	0	0	0	0	0	0	0	1	0	0	0	0	0	0	0	0	0	0	0	0	0	0	0	0	0	1	0	1	0	0	0	0	0	0	1	0	0	0	0	0	0	1	0	0	0	0	0	0	0	0	0	0	0	0	0	0	0	0	0	0	0	0	0	0	0	0	2	0	0	0	0	0	0	0	1	0	1	0	0	0	0	0	0	0	0	0	0	0	0	0	0	0	0	0	0	0	0	0	0	0	0	1	0	1	0	0	0	0	0	0	0	0	0	0	0	0	0	0	0	0	0	0	0	0	0	0	0	0	0	0	0	0	0	0	0	0	0	0	0	0	0	0	0	1	0	0	0	0	0	0	0	0	0	0	0	0	0	0	0	0	0	0	0	0	0	0	1	0	1	1	0	1	1	0	0	0	0	0	0	0	0	0	0	0	0	0	0	0	0	0	0	0	1	0	0	0	0	0	0	1	0	0	0	0	0	0	0	0	0	0	0	0	0	0	0	0	0	0	0	0	0	0	0	1	1	0	0	0	0	0	0	0	0	0	0	0	0	0	0	0	0	0	0	0	0	0	0	0	0	1	0	0	0	0	1	0	0	0	0	0	0	0	0	0	0	0	0	0	0	3	0	0	0	0	0	0	0	0	0	0	0	0	0	0	0	0	0	0	0	0	0	0	0	0	0	0	0	0	0	0	0	0	0	0	0	0	0	0	0	0	0	0	0	0	0	1	0	0	0	0	1	0	0	0	0	1	0	2	0	0	1	0	1	0	0	0	0	0	0	1	0	0	0	0	0	0	0	0	0	0	0	0	0	0	0	0	0	0	0	0	0	1
T[Ins(C):R(9,)]A	0	0	0	0	0	0	0	0	0	0	0	0	0	0	0	0	0	0	0	0	0	0	0	0	0	0	0	0	0	0	0	0	0	0	0	0	0	0	0	0	0	0	0	0	0	0	0	0	0	0	0	0	0	0	0	0	0	0	0	0	0	0	0	0	0	0	0	0	0	0	0	0	0	0	0	0	0	0	0	0	0	0	0	0	0	0	0	0	0	0	0	0	0	0	0	0	0	0	0	0	0	0	0	0	0	0	0	0	0	0	0	0	0	0	0	0	0	0	0	0	0	0	0	0	0	0	0	0	0	0	0	0	0	0	0	0	0	0	0	0	0	0	0	0	0	0	0	0	0	0	0	0	0	0	0	0	0	0	0	0	0	0	0	0	0	0	0	0	0	0	0	0	0	0	0	0	0	0	0	0	0	0	0	0	0	0	0	0	0	0	0	0	0	0	0	0	0	0	0	0	0	0	0	0	0	0	0	0	0	0	0	0	0	0	0	0	0	0	0	0	0	0	0	0	0	0	0	0	0	0	0	0	0	0	0	0	0	0	0	0	0	0	0	0	0	0	0	0	0	0	0	0	0	0	0	0	0	0	0	0	0	0	0	0	0	0	0	0	0	0	0	0	0	0	0	0	0	0	0	0	0	0	0	0	0	0	0	0	0	0	0	0	0	0	0	0	0	0	0	0	0	0	0	0	0	0	0	0	0	0	0	0	0	0	0	0	0	0	0	0	0	0	0	0	0	0	0	0	0	0	0	0	0	0	0	0	0	0	0	0	0	0	0	0	0	0	0	0	0	0	0	0	0	0	0	0	0	0	0	0	0	0	0	0	0	0	0	0	0	0	0	0	0	0	0	0	0	0	0
T[Ins(C):R(9,)]G	0	0	0	0	0	0	0	0	0	0	0	0	0	0	0	0	0	0	0	0	0	0	0	0	0	0	0	0	0	0	0	0	0	0	0	0	0	0	0	0	0	0	0	0	0	0	0	0	0	0	0	0	0	0	0	0	0	0	0	0	0	0	0	0	0	0	0	0	0	0	0	0	0	0	0	0	0	0	0	0	0	0	0	0	0	0	0	0	0	0	0	0	0	0	0	0	0	0	0	0	0	0	0	0	0	0	0	0	0	0	0	0	0	0	0	0	0	0	0	0	0	0	0	0	0	0	0	0	0	0	0	0	0	0	0	0	0	0	0	0	0	0	0	0	0	0	0	0	0	0	0	0	0	0	0	0	0	0	0	0	0	0	0	0	0	0	0	0	0	0	0	0	0	0	0	0	0	0	0	0	0	0	0	0	0	0	0	0	0	0	0	0	0	0	0	0	0	0	0	0	0	0	0	0	0	0	0	0	0	0	0	0	0	0	0	0	0	0	0	0	0	0	0	0	0	0	0	0	0	0	0	0	0	0	0	0	0	0	0	0	0	0	0	0	0	0	0	0	0	0	0	0	0	0	0	0	0	0	0	0	0	0	0	0	0	0	0	0	0	0	0	0	0	0	0	0	0	0	0	0	0	0	0	0	0	0	0	0	0	0	0	0	0	0	0	0	0	0	0	0	0	0	0	0	0	0	0	0	0	0	0	0	0	0	0	0	0	0	0	0	0	0	0	0	0	0	0	0	0	0	0	0	0	0	0	0	0	0	0	0	0	0	0	0	0	0	0	0	0	0	0	0	0	0	0	0	0	0	0	0	0	0	0	0	0	0	0	0	0	0	0	0	0	0	0	0	0	0	0
T[Ins(C):R(9,)]T	0	0	0	0	0	0	0	0	0	0	0	0	0	0	0	0	0	0	0	0	0	0	0	0	0	0	0	0	0	0	0	0	0	0	0	0	0	0	0	0	0	0	0	0	0	0	0	0	0	0	0	0	0	0	0	0	0	0	0	0	0	0	0	0	0	0	0	0	0	0	0	0	0	0	0	0	0	0	0	0	0	0	0	0	0	0	0	0	0	0	0	0	0	0	0	0	0	0	0	0	0	0	0	0	0	0	0	0	0	0	0	0	0	0	0	0	0	0	0	0	0	0	0	0	0	0	0	0	0	0	0	0	0	0	0	0	0	0	0	0	0	0	0	0	0	0	0	0	0	0	0	0	0	0	0	0	0	0	0	0	0	0	0	0	0	0	0	0	0	0	0	0	0	0	0	0	0	0	0	0	0	0	0	0	0	0	0	0	0	0	0	0	0	0	0	0	0	0	0	0	0	0	0	0	0	0	0	0	0	0	0	0	0	0	0	0	0	0	0	0	0	0	0	0	0	0	0	0	0	0	0	0	0	0	0	0	0	0	0	0	0	0	0	0	0	0	0	0	0	0	0	0	0	0	0	0	0	0	0	0	0	0	0	0	0	0	0	0	0	0	0	0	0	0	0	0	0	0	0	0	0	0	0	0	0	0	0	0	0	0	0	0	0	0	0	0	0	0	0	0	0	0	0	0	0	0	0	0	0	0	0	0	0	0	0	0	0	0	0	0	0	0	0	0	0	0	0	0	0	0	0	0	0	0	0	0	0	0	0	0	0	0	0	0	0	0	0	0	0	0	0	0	0	0	0	0	0	0	0	0	0	0	0	0	0	0	0	0	0	0	0	0	0	0	0	0	0	0	0
A[Ins(T):R0]A	1	0	2	3	2	0	2	3	2	1	1	2	2	0	2	3	0	1	1	2	1	4	4	3	2	0	2	0	0	2	0	3	1	0	2	2	2	0	3	1	2	4	6	4	1	2	1	1	2	1	1	2	0	1	3	1	0	3	1	2	1	1	1	2	1	1	2	0	4	1	2	1	2	0	0	6	3	0	1	1	0	1	0	2	2	0	3	5	0	2	0	0	2	0	0	4	1	2	0	1	3	0	6	1	2	1	2	3	0	0	4	2	2	3	3	0	1	0	0	0	1	0	0	1	1	3	3	0	3	1	0	4	2	0	0	2	0	3	3	2	0	1	0	2	1	0	0	2	5	0	2	1	0	3	1	2	4	0	6	2	1	2	1	0	1	0	5	2	3	1	0	4	1	3	2	3	7	2	1	3	2	1	1	1	0	1	3	1	5	0	1	0	0	0	1	4	3	1	2	0	0	1	0	0	4	4	1	1	2	1	0	1	0	1	0	0	1	0	3	2	1	0	2	2	0	4	3	1	6	0	1	1	2	0	4	0	0	3	0	0	1	0	2	1	0	1	0	2	3	1	4	3	4	1	1	1	1	0	2	1	0	2	1	0	0	0	0	0	1	1	2	3	0	0	0	0	1	1	1	1	2	1	0	0	4	1	17	2	1	2	0	0	0	2	2	0	0	0	2	3	0	1	2	0	0	0	0	0	2	0	3	1	0	0	0	0	1	4	1	0	0	0	1	3	0	0	5	0	3	3	6	1	3	6	1	4	1	5	1	0	4	2	4	4	3	1	5	3	0	2	0	6	1	5	0	3	6	3	3	1	1	3	4	3	3	5	2	1	2	1	4	2	6	2	0	2	0	7	3
A[Ins(T):R0]C	0	0	0	1	0	0	2	0	0	0	1	0	0	1	0	1	0	0	0	0	0	1	0	1	2	1	1	0	0	1	0	0	1	0	1	0	1	0	0	0	1	2	2	1	0	0	0	0	0	1	0	0	0	0	1	0	0	1	2	0	0	1	0	0	1	0	0	2	1	1	0	0	0	0	0	0	1	0	2	0	0	1	1	0	0	0	0	0	0	1	0	0	0	0	0	0	0	0	0	0	0	0	0	0	0	0	0	2	0	0	2	0	0	0	0	0	0	0	0	0	0	0	0	1	1	0	0	0	1	0	0	0	0	0	1	0	0	0	0	0	0	0	0	0	1	0	0	0	1	0	0	0	0	0	0	0	1	0	0	1	1	0	0	0	0	0	0	1	1	0	0	0	1	1	1	1	0	0	0	1	2	1	0	0	0	1	1	0	1	0	0	0	1	0	0	0	0	1	2	0	0	1	0	1	1	1	0	3	0	0	0	0	0	0	0	0	0	0	0	0	0	0	0	0	0	0	0	1	0	0	1	2	0	0	0	1	1	1	0	0	0	1	0	0	0	0	0	0	2	0	0	1	0	0	0	0	0	0	0	0	0	0	0	0	0	0	0	0	0	1	0	0	0	1	0	1	0	1	0	0	0	0	0	0	0	0	1	2	1	0	0	1	0	0	0	0	1	0	0	0	1	0	0	0	0	1	0	0	0	0	0	0	0	0	0	0	1	1	1	1	0	1	0	0	0	0	0	0	1	0	0	0	0	1	0	0	0	0	2	0	3	2	0	1	0	1	2	0	3	1	1	1	0	0	0	1	2	0	0	0	0	0	0	0	0	0	0	0	1	0	0	1	0	1	0	1	0	0	1
A[Ins(T):R0]G	0	0	0	0	0	0	1	0	2	0	0	1	1	1	2	2	0	0	0	0	0	0	0	0	1	0	0	0	0	0	0	3	0	2	1	1	0	0	3	0	0	2	3	1	0	1	1	0	0	0	0	0	0	0	0	0	0	0	1	0	0	1	0	0	0	1	0	1	2	2	1	1	1	1	0	1	1	2	0	1	1	1	0	2	0	0	0	1	0	1	0	0	0	0	0	2	1	0	0	0	0	0	0	0	3	0	0	1	0	0	2	0	0	0	0	0	0	0	1	0	1	0	0	0	0	1	1	0	1	1	0	1	0	2	0	0	0	0	0	0	0	0	0	2	1	0	0	0	0	0	1	1	1	1	1	1	0	0	1	1	0	0	2	1	1	0	3	0	2	0	0	1	0	0	0	0	0	1	0	0	1	2	0	2	0	0	1	0	1	1	1	0	0	0	0	1	0	1	0	0	0	0	0	1	0	1	2	1	1	0	0	0	0	1	1	0	0	0	2	0	1	0	0	1	1	3	0	1	0	2	0	2	1	0	0	0	3	0	0	0	0	1	1	0	0	0	0	1	0	0	0	5	0	0	1	0	1	1	1	2	1	3	0	1	0	0	2	1	0	0	0	0	0	0	0	0	2	2	0	0	1	1	0	0	2	1	9	2	0	1	1	0	0	1	1	0	0	0	1	0	0	0	0	2	0	1	1	0	0	0	0	0	0	0	1	0	1	0	0	0	0	0	1	1	0	1	2	0	1	0	1	1	2	2	0	1	0	0	1	0	0	0	1	2	2	0	0	2	0	0	1	0	0	0	1	0	2	2	1	0	0	0	1	9	0	2	0	0	4	0	0	0	0	1	0	1	2	0	1
A[Ins(T):R1]A	1	0	2	16	7	3	2	7	2	3	0	1	9	1	1	3	0	0	3	0	3	3	1	1	2	2	5	4	2	3	0	2	21	2	1	3	1	0	5	2	3	4	3	1	2	2	1	1	2	3	0	3	0	1	0	6	2	4	2	2	3	23	1	1	3	2	5	3	3	1	9	12	7	0	2	4	4	7	1	17	0	9	1	2	1	2	2	6	24	5	2	2	2	4	1	4	1	2	4	4	8	0	3	4	1	0	2	5	1	1	4	2	1	1	27	2	8	2	4	0	10	5	1	11	10	2	11	0	14	1	5	1	7	7	3	6	2	1	1	13	1	2	2	15	1	0	0	2	2	0	2	10	7	24	5	4	25	2	4	3	3	3	9	0	15	14	12	4	2	12	1	2	5	16	5	15	5	19	1	1	3	6	4	12	1	10	3	1	14	2	2	2	7	2	5	6	19	13	6	3	0	2	0	1	9	3	9	4	10	16	0	6	2	0	7	8	3	7	8	2	1	1	4	11	0	13	3	13	4	1	2	2	15	5	5	2	11	16	2	3	0	2	2	0	0	8	1	1	17	9	4	6	0	2	6	4	17	5	3	11	7	2	1	4	0	5	2	0	2	4	2	13	3	0	9	0	10	2	3	2	3	4	0	1	3	4	11	6	5	2	0	3	6	5	6	2	3	7	4	6	9	1	3	2	0	1	4	3	9	1	9	3	2	0	3	3	2	12	2	7	4	4	2	5	0	3	3	0	4	7	0	2	5	3	2	2	3	4	1	4	4	4	3	35	1	3	7	3	2	4	2	3	4	2	1	6	2	2	0	2	2	1	2	3	3	1	2	0	3	4	0	1	6	5	3	1	4	2	3
A[Ins(T):R1]C	1	2	0	3	2	1	0	2	0	1	0	1	1	0	0	2	0	0	0	0	2	1	1	1	0	0	0	1	0	0	0	0	0	0	1	0	0	1	1	3	1	1	3	1	1	0	0	0	0	1	1	1	0	0	0	2	0	0	2	0	1	9	0	1	1	1	1	1	0	2	0	1	2	2	0	1	1	1	0	3	0	3	0	2	0	0	0	2	6	0	1	1	2	0	0	5	0	0	0	1	0	0	1	0	0	1	0	0	2	0	0	1	2	2	4	0	2	0	2	0	1	0	1	4	2	0	0	0	3	0	1	0	2	1	0	0	0	0	0	1	1	2	0	2	1	1	0	0	2	0	1	3	2	5	3	0	5	0	0	0	1	0	7	0	4	1	6	0	1	0	0	0	0	2	2	1	4	5	0	3	1	0	0	5	0	1	0	0	0	0	0	0	3	0	0	3	5	2	2	0	0	0	0	1	6	2	1	3	3	2	0	0	0	1	1	0	0	3	6	0	0	0	0	0	0	3	0	3	2	1	0	0	1	0	0	2	3	4	0	0	2	0	0	1	1	0	0	0	10	2	1	0	1	1	3	1	1	0	0	1	0	0	1	0	0	0	4	0	0	2	1	0	0	1	0	0	3	1	1	1	1	0	0	0	1	1	2	1	1	2	0	1	1	0	3	0	0	0	1	0	2	0	3	0	0	0	2	0	2	1	4	1	0	0	0	1	1	0	0	1	0	1	0	3	2	1	0	0	3	0	1	1	1	2	1	0	1	1	1	2	1	0	0	7	0	0	1	0	1	0	0	0	0	1	0	0	0	0	0	0	0	2	0	2	1	1	0	1	2	1	0	0	4	1	1	1	1	1	0
A[Ins(T):R1]G	1	0	1	13	2	4	2	1	2	2	2	0	5	4	0	0	0	0	0	2	1	2	3	1	1	0	2	0	0	2	0	3	14	5	1	2	6	0	4	2	6	4	3	2	2	0	2	0	3	1	2	1	1	0	3	6	0	0	1	1	1	21	2	0	1	2	4	10	2	3	12	7	5	1	4	5	5	6	1	25	1	6	0	0	2	1	0	5	16	6	2	4	0	2	1	6	2	3	4	3	4	0	7	2	5	0	2	3	1	0	0	0	0	1	25	3	5	2	7	0	4	7	3	10	15	0	3	1	19	1	0	3	3	3	1	7	2	3	2	20	3	1	3	7	1	0	0	1	1	3	2	6	6	10	1	1	28	2	2	1	1	2	23	2	16	2	15	2	0	8	0	0	5	16	4	14	8	17	0	6	1	2	5	16	1	10	0	2	7	0	0	0	5	1	2	9	8	14	5	1	0	2	0	0	6	4	0	5	14	4	0	6	0	0	3	1	6	1	9	4	1	0	0	9	1	8	0	12	1	3	4	4	5	3	4	0	6	14	3	0	2	1	1	0	0	5	2	0	15	4	8	4	4	2	3	4	10	7	2	5	7	3	0	0	3	8	0	0	1	5	1	14	1	1	1	0	6	2	6	0	5	2	0	2	1	4	13	5	0	3	0	5	11	2	8	2	2	3	8	3	10	5	10	0	4	2	9	4	2	2	16	6	1	0	1	6	1	7	0	11	1	0	2	3	0	2	3	0	3	0	0	0	2	0	2	3	1	4	0	4	0	3	0	31	2	0	4	2	1	0	0	2	1	0	3	7	1	0	3	0	0	2	0	2	0	4	0	0	5	1	0	1	7	3	3	0	2	1	0
A[Ins(T):R2]A	1	0	1	3	3	1	1	3	1	1	1	2	1	2	2	3	0	1	1	0	3	0	1	4	1	2	2	1	0	4	0	3	6	1	0	4	1	0	2	1	2	1	3	3	2	0	0	0	1	3	2	0	2	2	0	1	0	1	2	0	1	2	0	2	1	2	0	2	2	1	6	3	1	0	0	0	3	2	2	1	1	3	0	5	0	1	2	3	4	4	2	1	2	2	2	5	2	1	3	0	1	1	3	1	2	0	1	3	1	1	0	1	0	1	3	3	2	1	0	0	6	3	1	6	3	1	4	2	2	0	2	1	2	0	1	2	2	1	2	6	0	3	3	4	0	1	3	2	1	0	3	3	5	3	1	0	6	2	0	1	2	2	7	0	4	2	5	0	2	2	2	4	1	2	2	1	5	5	2	1	1	2	2	3	0	3	0	0	3	0	0	0	1	1	3	4	3	4	3	0	0	0	0	6	5	4	0	0	2	5	0	3	1	1	0	3	3	3	6	0	1	1	1	2	0	1	1	2	3	0	0	2	1	1	4	0	5	3	2	0	0	0	1	0	0	5	0	2	2	2	1	4	0	3	3	2	2	0	0	2	2	2	0	1	2	0	5	1	1	2	2	4	0	0	1	0	3	3	1	3	4	1	1	2	0	2	15	0	3	5	1	0	0	1	1	1	4	2	2	2	2	1	3	0	2	0	1	4	3	0	2	3	4	0	1	4	1	3	1	3	4	2	1	1	0	2	2	0	2	3	2	2	1	4	1	2	3	1	0	1	4	1	2	8	6	0	5	4	4	1	0	2	0	0	2	3	0	2	0	1	0	1	1	0	2	2	0	0	1	0	0	1	1	2	0	5	1	5	3
A[Ins(T):R2]C	2	1	0	7	1	2	0	5	0	1	2	0	5	1	0	0	1	1	0	0	2	2	0	0	0	1	3	2	0	1	0	1	3	0	0	0	0	0	1	0	1	1	0	1	0	0	0	0	0	2	1	1	0	0	0	3	0	1	1	0	1	5	0	0	0	0	2	1	1	3	0	3	1	0	0	1	1	2	0	3	0	3	0	4	2	2	0	1	3	2	0	0	4	2	0	4	1	1	0	1	0	0	1	0	3	0	0	0	4	1	0	0	0	1	6	0	0	0	0	0	1	4	0	3	0	0	1	0	3	1	2	2	0	5	0	1	1	1	0	4	2	2	0	4	1	0	1	0	1	0	1	4	4	4	1	1	7	1	0	1	0	0	4	0	5	2	4	0	2	0	1	1	2	5	1	5	5	8	2	1	1	0	0	8	0	1	0	1	2	1	0	0	0	0	1	2	3	7	0	1	0	0	0	0	3	0	6	4	1	4	0	2	1	0	3	2	1	2	4	2	2	0	0	3	0	1	0	7	2	0	0	1	1	0	2	2	5	2	0	0	4	1	2	0	0	0	0	1	8	1	1	1	0	2	1	0	3	1	1	4	2	5	0	1	1	1	0	2	0	2	0	4	0	1	4	0	2	1	0	0	3	2	0	0	0	2	11	1	1	3	0	1	1	0	3	0	2	2	3	1	3	0	0	1	2	2	2	1	3	0	1	1	0	0	0	1	0	6	0	1	2	1	2	3	1	1	0	0	0	0	1	0	3	2	0	1	2	1	0	3	0	0	1	8	0	0	3	1	1	0	1	1	4	2	0	2	2	0	2	0	3	2	0	1	0	1	0	1	1	2	0	2	2	2	1	1	2	2	2
A[Ins(T):R2]G	0	3	3	9	3	2	2	3	2	3	1	1	5	1	1	0	0	1	0	1	2	1	1	0	2	1	4	1	1	2	1	0	2	2	1	1	3	0	6	2	0	3	4	3	1	0	2	1	1	2	1	2	0	1	1	0	1	2	1	2	2	10	3	1	1	2	3	2	0	1	3	6	2	1	0	2	3	0	0	6	2	3	0	13	2	2	0	1	3	8	2	1	0	0	2	2	0	0	0	3	6	0	1	1	5	1	1	2	2	0	1	0	2	2	4	2	1	1	1	0	2	3	0	3	5	1	3	1	6	0	0	2	0	3	1	3	0	1	1	6	0	0	1	5	2	1	1	0	0	0	2	3	4	2	0	0	2	2	4	0	3	4	10	1	4	1	1	0	1	3	0	2	1	2	0	2	4	7	1	6	0	0	1	4	0	1	4	1	0	3	1	0	3	1	0	4	2	4	4	0	0	1	0	2	0	2	4	4	0	4	2	0	0	1	1	2	2	5	4	3	4	0	2	1	1	1	2	2	2	0	1	4	5	2	2	0	1	6	1	2	3	1	2	1	2	0	1	0	3	2	0	0	3	1	0	3	1	0	1	7	3	4	3	2	1	1	0	2	2	0	0	3	2	1	1	0	3	1	1	2	1	1	0	0	0	3	47	1	0	1	4	0	1	3	6	0	3	2	4	3	2	2	6	0	2	2	3	1	1	0	1	4	2	0	1	5	1	3	1	0	0	1	0	5	1	0	1	0	2	1	0	2	1	1	0	1	0	0	2	0	0	3	1	8	6	1	2	2	1	1	2	1	0	1	0	5	2	1	1	0	1	3	0	1	1	1	1	1	3	3	0	1	2	3	1	1	0	6	2
A[Ins(T):R3]A	2	1	0	3	1	2	1	2	0	0	1	2	1	0	1	2	0	0	1	0	0	1	2	1	0	1	2	1	1	1	1	0	2	0	0	0	2	0	2	0	1	2	3	2	1	1	1	0	0	0	2	1	0	2	0	2	2	1	2	0	1	4	2	0	1	2	1	0	1	1	0	2	1	0	1	0	0	1	0	3	1	3	0	5	0	1	1	4	3	1	2	1	2	0	0	0	0	1	1	1	0	0	3	1	2	0	0	1	0	0	1	0	0	0	4	1	1	0	0	0	4	3	0	1	1	2	0	0	2	0	1	1	2	1	0	1	1	1	1	1	0	2	0	1	0	1	0	0	3	0	0	0	3	3	0	1	4	1	0	1	4	0	2	0	2	2	2	0	5	2	0	0	1	2	0	2	5	2	0	1	2	2	2	3	1	1	2	0	4	1	0	0	0	2	0	2	0	3	1	2	0	0	0	1	3	0	4	0	1	0	2	0	0	2	2	1	2	1	2	0	0	0	1	2	1	0	1	2	2	0	0	3	1	3	2	1	1	3	1	0	3	4	0	0	1	1	1	0	3	0	2	1	0	0	1	1	2	1	3	2	1	1	1	1	1	3	4	1	0	0	0	2	0	1	1	0	1	2	0	0	1	0	0	0	0	1	23	1	1	3	0	0	1	1	2	0	1	0	1	1	0	1	0	0	2	1	4	0	0	0	1	1	1	0	2	1	0	3	0	4	2	0	1	1	1	0	0	0	1	1	0	4	1	4	0	0	1	0	1	2	2	3	2	5	0	2	1	2	0	2	3	1	0	0	0	2	3	2	2	0	1	0	0	2	1	1	1	0	1	1	0	2	5	2	1	1	0	2	0
A[Ins(T):R3]C	0	0	0	0	3	0	1	4	2	0	0	1	0	4	1	1	0	3	0	0	2	2	0	4	2	0	0	0	0	1	0	0	3	1	0	0	2	0	1	1	0	0	2	0	0	0	3	0	0	0	0	0	2	1	1	0	1	1	0	1	2	1	0	0	1	0	2	1	3	0	2	1	0	0	1	1	0	2	0	3	1	4	0	1	0	0	0	1	2	5	0	1	0	0	1	1	0	0	1	1	0	0	2	0	1	1	1	1	0	0	1	0	1	1	3	3	0	2	2	0	0	1	1	0	4	0	0	0	2	0	3	0	0	1	0	2	0	0	0	3	0	0	0	0	0	1	0	1	0	1	0	3	2	3	0	1	3	0	0	2	2	0	4	0	8	4	4	0	0	0	0	1	0	2	0	1	4	1	0	1	1	0	1	1	0	0	0	0	0	0	0	1	0	0	0	4	7	4	0	0	0	0	0	0	1	3	2	2	1	1	1	0	1	0	1	0	2	2	2	0	0	0	0	1	0	1	1	2	0	0	0	0	2	3	0	1	1	3	0	1	0	0	0	0	0	1	3	1	3	3	0	0	1	1	2	0	1	2	1	2	1	0	0	1	1	0	2	1	0	1	0	1	1	0	3	0	4	0	0	0	2	2	0	1	1	0	21	2	0	0	0	0	1	1	1	0	1	0	1	1	2	0	1	0	0	1	1	1	2	1	1	1	0	0	0	2	0	1	1	2	0	2	0	3	0	0	0	0	0	0	0	0	0	0	0	0	1	0	0	2	0	2	1	3	1	3	1	0	0	0	0	1	0	0	0	1	2	0	0	1	0	1	1	1	0	0	0	0	1	0	0	2	1	1	0	0	0	1	1
A[Ins(T):R3]G	1	1	2	5	0	0	1	1	0	0	1	1	6	2	0	0	0	1	1	0	0	1	2	2	1	0	1	0	0	3	0	2	0	2	0	2	2	0	1	1	1	3	2	0	1	0	2	0	0	2	1	0	0	0	1	0	1	2	0	1	1	4	0	0	1	0	1	1	1	3	1	2	1	0	0	2	3	0	0	5	1	4	2	7	0	1	0	0	2	4	0	2	0	2	0	3	0	2	2	1	0	0	2	1	3	0	0	2	0	0	0	0	0	4	5	1	2	0	2	0	1	2	0	0	2	0	4	0	0	2	1	0	1	0	1	0	1	2	0	0	1	2	2	1	0	0	0	1	2	2	1	1	3	3	0	0	7	0	1	0	0	1	3	1	6	1	2	0	0	2	1	0	2	1	1	2	1	0	0	3	1	1	0	2	0	1	2	1	0	5	0	0	2	0	2	2	3	2	5	0	0	0	0	0	0	3	2	0	3	2	1	2	1	2	1	0	4	3	4	1	1	0	0	3	0	1	0	3	2	1	0	1	6	2	2	0	3	4	0	0	1	1	0	0	0	0	1	0	4	2	0	0	3	1	1	1	0	1	1	2	0	4	2	1	1	2	0	0	2	2	1	7	1	0	0	0	1	1	1	0	3	2	0	0	1	1	26	1	0	0	0	1	1	1	1	0	2	0	1	1	1	0	2	0	0	1	2	1	0	1	0	1	2	0	0	4	0	2	1	0	0	1	1	1	0	4	2	0	2	0	1	0	1	2	2	2	3	0	1	1	3	0	0	7	0	2	3	1	2	1	1	1	0	1	0	1	2	2	1	0	1	1	3	1	1	0	0	1	0	3	0	1	1	3	2	0	0	1	0
A[Ins(T):R4]A	1	0	0	0	2	1	1	1	0	0	1	1	1	0	1	1	0	0	1	0	2	0	0	2	0	1	0	0	1	2	0	1	4	0	0	1	2	0	0	3	2	1	3	2	1	1	2	1	1	0	1	1	1	1	1	1	3	0	2	1	3	3	0	1	3	1	0	1	3	1	2	2	2	0	1	1	1	1	1	2	0	0	3	3	3	0	0	0	1	0	0	0	0	1	1	4	1	3	1	0	3	1	3	0	0	0	0	0	1	0	0	0	0	0	3	3	1	1	2	0	2	3	0	3	2	1	1	0	1	0	2	0	2	0	2	4	0	0	0	2	0	0	0	0	2	1	1	0	0	0	2	2	2	1	0	0	6	2	0	0	0	0	2	0	2	1	3	0	0	4	0	2	1	1	1	1	5	4	1	2	1	1	2	1	0	0	0	0	0	2	0	1	3	0	1	3	0	4	5	1	0	0	1	0	1	1	0	0	1	0	2	1	1	1	2	0	1	2	4	0	0	0	2	0	0	1	0	1	1	0	0	1	0	0	2	1	1	2	1	0	0	0	0	0	0	2	0	1	3	2	2	1	0	1	1	1	1	1	0	2	0	2	0	0	2	0	1	0	1	1	1	2	0	0	0	0	1	3	0	1	0	0	0	0	1	2	33	2	0	2	0	1	2	1	2	0	2	1	1	1	3	0	1	2	1	1	0	0	2	0	2	3	0	0	0	0	1	1	0	1	0	0	1	3	0	1	2	0	0	1	3	0	7	0	1	3	1	0	0	0	1	2	1	3	0	0	1	2	2	1	0	0	0	0	1	1	1	1	0	1	1	4	0	2	2	1	1	0	2	0	2	1	0	1	0	0	0	0	0
A[Ins(T):R4]C	1	2	0	0	1	0	0	2	2	1	1	1	1	0	2	0	0	1	3	1	1	1	1	2	1	0	1	0	0	1	1	1	0	2	0	0	1	0	0	2	2	2	4	2	3	1	1	2	0	1	0	1	0	0	0	1	0	1	1	3	3	1	0	3	1	0	0	4	2	0	0	1	0	0	0	2	1	1	3	0	1	2	0	8	2	0	0	1	1	1	1	1	1	2	1	1	0	0	1	1	1	0	2	1	0	1	2	0	1	0	0	0	0	0	3	0	0	1	2	0	2	2	1	2	0	0	2	1	1	0	0	2	0	0	0	0	1	1	2	2	0	1	0	2	0	2	0	1	0	1	0	1	0	1	0	0	0	0	1	1	3	2	4	0	1	0	1	3	0	0	0	1	1	3	0	1	4	3	1	2	2	0	1	1	0	0	0	0	1	1	0	0	1	0	0	1	0	1	2	0	0	0	1	1	1	0	0	1	0	4	0	0	1	1	1	1	2	3	4	0	0	0	0	1	3	1	1	3	3	1	0	0	1	0	2	1	3	0	0	0	1	1	1	1	0	0	0	2	1	1	3	0	0	1	0	1	0	1	1	1	0	0	0	0	0	0	0	0	2	0	0	1	1	1	0	0	0	0	2	0	1	0	0	0	0	1	38	1	0	0	0	0	2	2	2	0	1	4	1	0	0	1	0	2	5	0	0	0	0	0	0	1	2	1	1	1	1	1	2	1	0	2	0	3	3	1	1	0	0	3	0	0	1	0	0	0	0	0	2	0	1	1	1	2	1	2	2	0	3	0	0	1	2	0	2	1	3	3	0	0	1	2	0	1	2	0	1	2	4	3	0	1	1	2	0	0	0	1	2
A[Ins(T):R4]G	0	1	1	3	0	2	2	2	1	0	1	0	6	2	1	1	0	1	0	0	0	1	2	4	1	1	0	2	1	1	1	1	0	2	0	1	3	0	2	3	1	8	3	0	1	1	2	1	0	4	0	2	0	1	1	1	4	2	1	1	7	1	2	0	0	0	1	1	0	0	0	3	1	0	1	2	1	1	0	2	0	4	0	11	0	0	1	1	1	4	0	0	2	0	0	1	0	2	2	4	3	1	1	1	5	1	0	2	2	0	0	0	1	0	1	0	0	0	2	0	1	1	1	0	2	0	2	0	1	0	1	1	0	1	2	2	1	0	2	0	0	0	1	3	3	1	2	0	0	0	0	0	1	2	1	0	2	0	0	1	2	0	1	0	1	3	1	1	2	2	0	3	0	3	0	1	2	2	1	1	2	2	1	4	2	4	3	0	2	2	1	2	1	1	2	0	3	4	0	1	0	1	1	2	2	1	1	0	2	2	1	1	0	0	2	0	0	1	0	0	4	1	0	2	0	1	0	5	1	0	0	2	1	0	1	1	1	0	2	0	2	0	2	0	0	1	1	2	1	0	1	2	1	0	1	2	3	1	1	4	1	4	1	1	1	1	1	4	0	1	1	2	3	1	1	1	0	0	1	0	1	1	0	2	1	3	42	2	1	0	0	2	2	0	0	0	0	3	1	3	2	1	1	1	1	3	1	1	0	1	0	1	1	0	0	1	0	2	1	0	0	3	1	0	1	0	3	0	2	3	1	1	2	3	3	0	0	0	1	0	2	7	4	1	2	1	2	2	2	1	2	1	3	1	0	1	1	2	3	0	2	2	1	1	0	0	3	0	1	0	1	0	1	3	0	2	1	1	2
A[Ins(T):R5]A	2	3	1	0	0	1	1	0	4	1	2	1	11	2	2	2	0	0	4	2	1	1	5	1	1	0	2	1	2	0	8	1	2	3	2	5	0	0	1	3	5	1	10	1	5	0	1	0	0	6	1	2	2	1	1	4	11	3	1	3	10	6	2	1	2	1	0	2	2	0	5	4	5	0	0	2	3	1	0	6	1	4	2	24	9	2	1	2	2	2	3	5	1	3	0	4	1	1	0	3	2	0	5	4	1	2	0	3	1	1	2	0	1	2	3	0	1	1	1	0	4	7	3	4	4	3	4	1	4	2	0	3	1	6	3	1	1	0	1	0	0	3	1	1	0	1	3	0	1	0	2	3	3	4	1	0	2	4	5	2	9	2	2	2	3	3	4	1	3	1	1	2	3	6	2	3	8	5	3	4	0	1	0	4	2	0	2	2	2	2	3	3	4	4	3	1	1	3	7	1	1	0	0	1	1	5	4	2	1	4	1	2	1	0	1	3	0	3	4	0	1	1	1	6	1	2	0	3	1	1	0	1	2	4	3	8	2	0	0	4	6	2	2	0	4	4	2	4	5	2	1	2	0	2	4	2	3	0	1	2	0	1	2	2	4	1	3	0	2	3	1	9	1	1	0	2	4	4	5	0	2	2	0	2	0	3	94	3	1	3	0	0	4	1	4	1	0	0	1	2	1	0	0	0	1	1	3	2	3	0	2	0	1	0	1	5	3	0	1	0	0	5	4	2	0	2	1	0	0	7	4	1	3	2	3	4	2	2	0	1	3	5	6	4	2	4	2	2	5	1	0	4	5	3	2	3	8	2	3	0	2	4	3	4	1	1	4	1	1	2	4	3	3	1	1	0	1	3	1
A[Ins(T):R5]C	1	4	1	3	1	2	2	0	4	0	7	5	5	4	0	2	0	2	8	1	2	2	6	2	8	0	2	2	2	5	4	5	2	3	0	1	1	0	1	5	3	2	17	1	3	0	5	3	1	7	4	3	3	0	2	1	14	2	4	8	15	5	3	4	0	2	1	8	2	2	3	1	4	0	2	3	5	2	4	5	3	1	1	27	1	0	0	1	3	2	1	1	3	3	2	5	3	6	1	3	2	1	4	4	2	1	1	2	1	3	3	2	2	3	5	3	4	1	3	0	2	7	0	2	3	5	0	0	2	0	0	6	2	3	2	3	3	2	1	5	2	4	1	2	3	1	3	5	2	0	5	4	3	1	0	2	4	3	5	2	10	4	3	3	4	4	4	1	2	0	2	6	5	2	1	4	6	8	1	4	2	2	0	5	2	2	0	1	3	3	2	1	4	3	0	1	6	1	2	2	0	0	1	1	3	3	3	1	5	7	1	2	2	2	4	2	0	2	2	2	0	0	0	3	2	0	4	2	1	1	0	4	2	2	5	1	2	4	1	1	2	3	1	1	5	4	2	11	2	1	3	3	2	2	5	0	5	1	2	0	2	2	4	2	6	0	4	1	2	1	3	8	2	3	3	6	2	3	1	0	1	1	0	3	2	2	95	3	2	1	2	2	1	6	5	2	0	2	4	0	1	1	0	2	2	4	2	3	3	0	2	1	3	0	0	0	0	1	2	0	1	0	2	2	0	1	5	0	5	5	4	1	3	1	2	3	1	1	2	0	1	6	1	3	0	3	8	3	7	3	4	1	2	1	3	4	9	9	1	0	3	1	0	7	3	0	5	0	1	3	4	1	1	0	0	1	3	2	4
A[Ins(T):R5]G	2	4	0	6	4	3	7	3	5	1	2	1	6	2	2	2	0	3	3	1	1	2	6	0	3	1	4	2	1	2	3	3	2	4	1	3	3	0	3	5	8	3	15	2	2	0	0	3	4	5	6	5	1	0	2	3	8	4	4	4	9	6	1	3	1	2	0	3	7	0	4	6	2	0	0	8	6	1	4	5	2	5	2	23	2	2	1	2	6	1	0	3	2	4	1	2	4	2	1	2	3	0	5	5	2	1	3	1	2	1	3	1	3	2	10	4	3	3	2	0	3	2	4	1	4	5	8	2	6	1	2	2	2	3	2	4	2	1	0	5	2	2	2	7	3	1	1	2	3	0	2	7	7	4	0	1	3	4	4	1	6	3	12	1	5	2	8	1	4	3	1	9	2	2	2	3	7	13	1	5	4	3	2	2	0	5	6	2	0	12	1	2	10	4	2	4	6	2	2	1	0	2	0	0	1	1	4	5	2	5	1	4	1	1	3	0	2	4	6	1	2	1	3	5	3	4	7	5	1	1	1	1	3	2	3	3	5	4	0	1	2	0	2	1	2	4	1	3	6	1	4	7	1	2	4	0	5	0	2	4	0	6	5	2	6	4	1	1	3	5	6	4	0	0	0	2	3	3	1	2	2	2	0	4	0	2	90	5	2	1	2	4	4	1	6	0	2	3	5	3	3	0	7	2	1	2	4	3	2	0	4	3	2	0	1	4	0	3	3	1	1	3	2	6	0	2	2	0	1	3	1	1	2	2	2	8	2	5	3	1	2	1	7	8	1	8	5	8	12	2	5	4	2	3	2	1	6	1	9	0	2	4	3	3	4	2	7	1	9	4	2	7	3	2	0	4	1	3	4
A[Ins(T):R6]A	0	5	1	5	4	5	4	2	3	3	5	4	18	12	2	5	1	12	11	0	1	1	8	4	4	0	3	3	3	6	3	2	4	4	0	6	2	0	7	10	7	1	22	3	5	3	3	6	1	10	6	8	5	5	4	1	11	2	4	4	23	5	5	5	5	3	3	6	1	1	4	2	4	1	0	2	5	2	6	8	4	3	4	37	5	1	1	3	6	4	4	4	3	1	1	8	9	2	3	7	2	0	4	8	6	4	5	9	6	1	6	1	1	4	8	4	6	3	8	0	6	6	1	3	10	5	4	0	5	2	3	4	2	2	8	0	2	0	5	3	3	6	2	5	4	2	4	4	6	2	4	4	11	7	0	5	3	6	4	3	17	3	4	3	7	10	3	6	2	1	2	8	5	8	7	8	7	9	3	8	3	2	1	4	3	1	4	4	5	8	7	8	6	4	2	3	4	3	7	2	0	4	2	1	2	2	2	8	9	7	1	4	2	9	3	0	7	5	3	2	2	0	6	2	3	2	4	5	5	3	1	3	1	3	8	5	4	2	1	3	8	4	6	3	9	4	3	7	6	2	1	8	4	5	4	2	10	2	4	6	1	8	9	2	7	4	8	2	5	5	5	12	4	1	3	1	2	3	5	2	5	2	0	4	5	3	159	5	3	8	1	3	4	9	3	4	2	0	8	3	0	0	6	2	2	2	2	6	0	1	1	8	1	1	1	6	3	3	6	0	6	3	6	7	0	2	3	0	5	4	8	2	5	9	3	5	3	7	5	1	1	7	8	5	4	9	7	6	7	3	10	6	11	3	4	5	6	10	7	0	3	4	3	7	2	2	3	2	7	5	6	5	3	3	0	0	8	4	5
A[Ins(T):R6]C	2	1	3	9	3	3	1	3	4	4	4	6	17	6	1	3	0	5	11	4	2	4	9	8	8	1	4	5	4	8	9	5	3	6	9	13	9	0	7	9	9	2	20	1	8	5	1	7	2	19	7	6	7	3	5	2	18	7	6	6	25	10	8	5	5	7	5	11	4	2	6	6	11	1	6	6	22	1	5	4	7	4	4	37	6	3	1	2	4	5	8	4	6	5	2	4	5	6	2	10	5	1	8	14	3	2	3	4	4	1	5	6	6	7	16	8	3	6	7	1	4	10	0	6	12	6	4	1	3	2	10	6	2	6	6	2	6	7	5	3	2	11	4	5	3	6	3	5	8	0	2	7	8	4	1	2	9	6	1	0	20	7	8	4	6	1	12	3	11	2	2	15	7	13	5	7	13	12	4	8	4	8	4	3	1	4	7	4	11	3	3	1	11	4	4	10	4	6	5	3	0	6	1	0	4	4	4	5	5	13	0	4	2	8	2	2	4	5	5	6	8	0	6	11	7	5	3	9	3	5	1	7	5	7	5	15	8	6	8	5	6	6	3	4	10	7	2	10	6	4	4	7	8	5	7	3	13	2	3	2	7	10	8	6	11	10	4	0	6	5	8	6	5	3	5	4	6	7	5	3	5	4	1	5	2	5	177	4	3	8	2	0	8	13	4	5	2	3	3	2	1	1	4	3	3	3	5	4	4	1	2	1	5	1	1	5	3	4	10	3	7	3	6	10	3	0	8	0	6	14	12	6	6	3	6	3	4	8	4	0	6	2	7	5	9	7	4	4	5	1	11	6	10	8	6	4	22	9	14	0	3	5	7	11	5	4	16	0	15	3	5	2	3	2	0	3	1	4	3
A[Ins(T):R6]G	4	2	4	8	9	0	5	5	4	6	3	10	18	7	2	1	0	9	10	7	3	3	11	11	6	0	4	6	3	12	9	6	1	5	1	9	4	0	7	7	4	5	37	3	10	3	2	8	2	14	12	6	2	3	3	4	17	4	10	6	38	9	9	4	2	5	2	11	4	6	10	12	9	3	1	6	7	4	4	16	6	5	3	63	4	5	1	6	2	9	1	1	4	2	2	13	7	9	5	6	5	0	9	14	8	4	4	8	7	0	3	1	6	3	12	4	4	4	10	1	6	14	4	5	6	7	5	4	7	3	6	6	5	5	9	3	1	5	6	4	9	11	5	7	4	6	3	5	11	0	6	9	5	12	0	7	9	6	10	5	21	4	9	6	10	2	4	1	9	5	2	8	8	11	4	9	14	8	4	7	3	4	1	7	2	4	14	5	5	6	3	3	9	4	3	4	6	6	10	4	0	6	3	4	4	1	7	7	7	13	3	6	2	8	5	5	5	4	11	4	8	0	4	7	3	1	4	3	4	3	0	13	3	13	6	5	3	2	1	6	3	9	1	3	9	10	6	8	4	5	7	3	5	6	6	1	16	2	2	6	3	8	2	9	6	6	3	0	2	3	4	18	4	0	3	5	8	6	4	3	11	2	0	9	3	8	266	5	4	4	4	1	11	9	6	10	7	3	7	7	3	0	8	4	4	3	1	10	7	1	5	10	4	0	4	7	3	7	8	3	11	5	2	9	4	3	6	0	7	18	11	4	9	8	8	4	2	8	9	1	6	5	13	12	8	11	12	6	7	6	16	9	7	8	3	9	13	7	14	1	10	13	5	9	5	4	8	2	10	5	9	6	9	4	0	7	4	7	6
A[Ins(T):R7]A	3	2	2	8	1	1	2	2	6	5	4	13	22	13	4	3	0	5	7	4	3	5	13	8	6	0	4	6	1	9	13	5	2	3	4	12	1	0	5	17	7	7	29	3	6	2	5	9	1	16	8	7	3	2	2	1	13	11	6	8	20	6	4	6	4	1	1	5	4	4	8	7	6	2	3	6	8	3	5	10	5	4	3	24	1	5	5	5	6	5	8	8	7	6	0	6	7	6	2	9	4	0	9	12	5	2	3	11	7	2	8	2	2	5	4	3	5	4	12	0	2	8	3	8	15	6	8	1	12	1	4	5	1	2	5	7	1	5	5	1	2	7	5	3	4	6	5	9	7	1	4	7	7	3	1	3	3	9	7	0	21	4	7	2	5	3	3	5	8	5	0	5	8	9	3	11	4	11	2	12	6	3	0	5	2	7	12	8	6	6	5	8	11	1	1	3	5	1	12	3	0	5	1	1	4	7	8	8	7	17	1	2	3	5	5	1	5	4	8	3	3	1	4	10	1	7	7	7	1	3	0	3	5	6	11	7	4	8	4	4	7	9	2	6	15	2	3	14	6	4	9	4	3	7	6	1	9	3	9	3	7	9	4	4	6	7	10	1	4	6	2	18	6	2	1	3	4	5	2	4	1	2	0	4	2	3	250	8	7	4	2	7	5	8	4	1	3	3	2	3	5	0	3	3	5	4	2	13	7	1	1	4	3	0	1	4	4	4	7	5	8	4	5	8	2	5	4	0	8	17	6	5	4	6	9	12	2	9	7	1	6	5	13	8	3	10	9	8	7	7	7	4	7	10	5	6	10	5	6	0	5	7	6	8	4	4	14	1	8	7	10	3	11	3	0	6	6	5	9
A[Ins(T):R7]C	3	6	1	6	5	4	2	6	2	4	4	12	14	13	2	5	0	6	19	4	3	6	10	6	4	0	8	7	3	12	14	4	3	4	7	4	6	0	9	5	11	4	38	7	6	2	8	11	7	16	15	3	3	5	6	3	17	9	9	7	26	5	7	8	6	3	6	11	4	1	5	11	8	1	3	4	16	0	7	13	5	3	3	25	3	4	3	4	3	8	11	3	7	10	2	7	6	2	1	12	8	1	12	13	6	1	7	6	3	3	4	6	9	6	13	4	3	6	7	0	4	10	1	7	4	6	8	1	5	1	5	9	6	3	7	5	3	3	5	5	2	7	7	7	2	7	3	6	7	1	4	7	4	8	1	5	6	9	7	3	29	2	6	2	9	7	9	4	3	1	2	4	4	3	2	13	12	9	10	11	8	3	4	6	5	7	10	4	7	6	5	5	6	4	0	0	8	3	15	3	1	4	2	0	3	6	7	5	8	12	1	6	2	11	2	0	5	6	7	2	5	1	4	6	10	1	3	5	5	3	0	10	9	1	10	9	6	6	1	3	12	5	1	6	16	8	6	12	3	2	8	4	6	11	7	5	10	3	3	11	1	14	7	6	7	4	3	1	11	3	3	11	3	3	7	2	7	7	4	1	5	0	0	5	2	8	197	5	5	11	3	3	7	9	2	9	5	3	7	3	3	0	6	2	2	2	1	3	3	1	3	9	2	0	2	10	3	6	4	3	1	4	2	9	1	6	7	0	10	15	4	7	4	7	4	11	5	10	9	0	6	6	18	9	3	9	12	9	12	4	14	2	5	7	4	5	17	7	10	0	4	4	7	8	1	3	10	6	9	2	6	11	5	1	1	3	8	10	4
A[Ins(T):R7]G	3	6	8	5	5	3	9	5	2	8	7	9	20	8	6	7	1	4	7	4	6	6	8	6	4	0	3	2	4	7	11	3	5	9	7	7	3	0	4	10	2	6	51	5	6	8	6	3	1	16	18	6	4	6	3	7	16	8	4	3	22	9	6	7	6	3	6	10	2	3	10	11	6	3	2	7	10	2	7	15	7	6	4	85	8	5	5	5	6	7	6	2	5	2	0	12	9	7	2	8	7	1	13	10	7	2	1	9	5	0	6	0	4	4	8	6	6	2	6	0	10	8	1	5	9	4	7	0	9	3	7	4	3	6	9	4	1	8	5	1	1	2	4	5	3	10	3	5	7	2	3	12	5	5	2	4	3	9	15	5	23	7	8	0	10	2	9	3	10	3	2	8	6	9	2	15	5	13	4	14	9	4	5	6	2	7	11	3	7	2	6	3	11	3	2	5	2	7	9	3	0	6	0	0	3	6	3	8	4	20	0	5	0	8	2	1	9	11	5	5	8	1	6	11	7	4	10	7	3	6	1	10	2	5	5	10	7	6	2	6	5	6	3	4	7	5	7	18	12	8	6	3	4	4	10	3	9	4	11	7	1	13	6	6	9	6	6	1	9	2	4	24	6	0	2	5	5	12	3	5	9	1	0	5	2	9	293	9	7	7	3	4	10	10	4	4	4	5	6	6	7	0	5	2	7	5	4	12	4	0	2	4	3	1	0	7	3	4	3	1	5	12	6	12	1	4	6	0	11	9	10	2	8	8	6	3	6	5	7	2	5	4	10	8	6	14	10	6	11	3	12	5	6	7	0	11	6	10	14	1	7	8	6	7	6	3	7	1	13	7	5	11	8	4	1	3	5	7	9
A[Ins(T):R8]A	5	4	1	2	3	5	3	1	10	3	4	12	18	12	10	4	0	7	14	7	2	5	4	7	4	0	2	7	9	10	15	10	1	4	4	6	4	0	3	7	9	2	24	3	8	1	4	3	2	16	12	2	0	2	2	6	14	12	10	8	18	3	10	5	4	2	3	6	1	3	12	7	6	1	0	5	13	1	9	10	4	5	1	40	1	1	6	8	4	3	8	3	5	3	1	7	4	6	0	8	7	0	10	19	8	6	6	6	6	2	10	1	0	4	8	7	3	7	7	0	13	13	0	7	5	2	4	0	7	3	4	5	1	5	5	6	1	4	3	5	5	3	5	4	1	8	5	5	4	0	2	5	7	7	2	7	11	3	7	4	20	8	9	0	4	3	10	6	9	4	1	5	3	10	4	9	11	7	2	11	2	2	4	6	1	1	14	8	6	6	6	2	6	1	2	7	4	7	9	1	0	5	2	1	4	4	5	5	8	20	1	6	0	11	6	0	3	4	6	6	5	0	1	8	3	5	5	10	2	4	0	4	4	4	7	8	7	6	2	4	13	6	3	8	17	8	1	7	10	2	6	2	4	10	5	2	3	1	1	7	0	10	5	5	7	2	3	1	2	5	2	15	8	1	3	1	2	8	3	1	4	0	0	2	1	1	232	3	2	5	2	1	5	7	7	8	3	4	7	5	4	0	2	4	2	4	6	11	3	0	7	6	1	1	1	6	3	4	6	4	3	8	3	10	1	6	9	0	4	15	9	5	5	4	7	14	5	9	13	2	6	6	13	7	5	13	9	9	8	7	19	6	6	9	8	2	20	15	8	0	5	17	10	13	1	7	8	3	16	8	10	7	5	3	0	4	4	4	13
A[Ins(T):R8]C	3	4	4	7	3	4	3	9	7	9	4	13	13	15	6	5	0	2	4	5	0	4	7	7	2	0	3	6	2	6	9	6	3	2	4	8	0	0	4	9	8	2	41	3	6	8	4	11	3	12	8	2	1	6	1	2	9	6	9	9	13	6	7	3	0	1	6	7	4	1	3	6	2	0	4	3	10	0	9	11	4	8	0	30	2	0	1	4	4	6	0	3	4	4	2	10	6	8	4	13	1	0	8	9	9	1	8	8	2	2	4	2	7	3	9	10	1	2	10	0	4	7	0	7	5	5	8	1	5	1	2	4	3	8	5	3	1	2	3	5	5	6	7	5	3	7	1	4	6	0	5	1	7	4	3	4	4	10	12	3	22	8	3	3	11	1	3	1	5	2	0	8	5	12	2	10	9	8	4	10	5	9	0	9	0	3	7	4	4	3	8	3	5	4	1	7	5	3	11	4	0	6	0	3	3	3	3	4	3	9	1	3	3	9	4	1	2	4	5	2	5	0	5	5	6	6	5	7	5	1	0	9	2	3	10	9	4	6	2	4	3	5	1	6	5	4	5	18	5	1	8	7	4	5	5	3	5	2	11	5	0	15	4	5	8	3	4	1	1	5	3	8	4	0	4	2	3	9	3	2	4	0	0	5	2	2	211	5	6	6	5	3	5	8	6	4	1	0	4	2	0	0	2	4	2	2	0	5	3	0	9	8	0	0	0	4	2	1	3	2	5	5	7	6	1	1	6	0	7	15	8	5	4	8	8	9	5	10	6	0	3	6	17	7	5	5	8	4	9	3	4	7	12	10	4	11	18	4	9	0	11	4	6	10	3	9	8	4	11	5	8	3	6	3	0	2	3	4	4
A[Ins(T):R8]G	1	3	4	10	4	3	3	5	5	5	5	15	19	12	7	2	0	2	12	3	3	2	9	13	8	1	2	3	1	11	12	11	0	5	3	12	4	0	9	8	9	5	28	5	5	7	5	6	3	11	6	4	1	2	7	2	7	5	2	9	23	4	3	12	2	3	8	11	2	3	7	7	6	1	0	5	3	2	12	15	6	5	6	60	1	1	4	6	5	4	3	3	3	4	0	5	6	4	2	5	3	0	11	15	8	3	3	7	3	1	2	0	5	6	8	4	2	0	4	0	1	7	2	2	6	5	1	0	6	3	4	7	3	4	3	4	1	0	4	2	4	4	6	6	5	4	1	3	9	0	2	7	2	4	1	0	5	8	7	4	23	2	6	2	10	3	4	2	8	2	0	9	3	12	3	5	7	10	9	8	3	10	4	5	0	5	11	3	8	6	6	7	3	3	1	4	4	2	7	1	0	5	2	0	10	4	4	2	12	22	0	2	1	10	3	1	6	5	7	2	4	0	4	7	5	4	7	8	3	3	0	8	0	2	4	1	4	4	1	5	11	10	2	6	15	0	4	12	11	5	2	7	7	5	6	3	3	3	5	6	1	5	9	2	6	5	7	0	1	6	4	8	4	0	0	8	8	7	0	0	3	0	0	0	6	3	287	4	1	4	1	2	2	6	6	3	1	1	10	3	1	0	2	3	3	4	2	8	2	0	6	3	2	0	2	1	5	2	0	3	6	6	3	11	1	6	3	0	8	20	11	1	11	8	8	8	6	9	15	1	12	4	11	7	10	14	4	7	7	5	14	6	4	3	4	7	20	9	11	1	8	11	2	9	4	5	10	1	11	7	5	6	11	1	1	3	6	3	3
A[Ins(T):R(9,)]A	0	0	0	0	0	0	0	0	0	0	0	0	0	0	0	0	0	0	0	0	0	0	0	0	0	0	0	0	0	0	0	0	0	0	0	0	0	0	0	0	0	0	0	0	0	0	0	0	0	0	0	0	0	0	0	0	0	0	0	0	0	0	0	0	0	0	0	0	0	0	0	0	0	0	0	0	0	0	0	0	0	0	0	0	0	0	0	0	0	0	0	0	0	0	0	0	0	0	0	0	0	0	0	0	0	0	0	0	0	0	0	0	0	0	0	0	0	0	0	0	0	0	0	0	0	0	0	0	0	0	0	0	0	0	0	0	0	0	0	0	0	0	0	0	0	0	0	0	0	0	0	0	0	0	0	0	0	0	0	0	0	0	0	0	0	0	0	0	0	0	0	0	0	0	0	0	0	0	0	0	0	0	0	0	0	0	0	0	0	0	0	0	0	0	0	0	0	0	0	0	0	0	0	0	0	0	0	0	0	0	0	0	0	0	0	0	0	0	0	0	0	0	0	0	0	0	0	0	0	0	0	0	0	0	0	0	0	0	0	0	0	0	0	0	0	0	0	0	0	0	0	0	0	0	0	0	0	0	0	0	0	0	0	0	0	0	0	0	0	0	0	0	0	0	0	0	0	0	0	0	0	0	0	0	0	0	0	0	0	0	0	0	0	0	0	0	0	0	0	0	0	0	0	0	0	0	0	0	0	0	0	0	0	0	0	0	0	0	0	0	0	0	0	0	0	0	0	0	0	0	0	0	0	0	0	0	0	0	0	0	0	0	0	0	0	0	0	0	0	0	0	0	0	0	0	0	0	0	0	0	0	0	0	0	0	0	0	0	0	0	0	0	0	0	0	0	0	0	0
A[Ins(T):R(9,)]C	0	0	0	0	0	0	0	0	0	0	0	0	0	0	0	0	0	0	0	0	0	0	0	0	0	0	0	0	0	0	0	0	0	0	0	0	0	0	0	0	0	0	0	0	0	0	0	0	0	0	0	0	0	0	0	0	0	0	0	0	0	0	0	0	0	0	0	0	0	0	0	0	0	0	0	0	0	0	0	0	0	0	0	0	0	0	0	0	0	0	0	0	0	0	0	0	0	0	0	0	0	0	0	0	0	0	0	0	0	0	0	0	0	0	0	0	0	0	0	0	0	0	0	0	0	0	0	0	0	0	0	0	0	0	0	0	0	0	0	0	0	0	0	0	0	0	0	0	0	0	0	0	0	0	0	0	0	0	0	0	0	0	0	0	0	0	0	0	0	0	0	0	0	0	0	0	0	0	0	0	0	0	0	0	0	0	0	0	0	0	0	0	0	0	0	0	0	0	0	0	0	0	0	0	0	0	0	0	0	0	0	0	0	0	0	0	0	0	0	0	0	0	0	0	0	0	0	0	0	0	0	0	0	0	0	0	0	0	0	0	0	0	0	0	0	0	0	0	0	0	0	0	0	0	0	0	0	0	0	0	0	0	0	0	0	0	0	0	0	0	0	0	0	0	0	0	0	0	0	0	0	0	0	0	0	0	0	0	0	0	0	0	0	0	0	0	0	0	0	0	0	0	0	0	0	0	0	0	0	0	0	0	0	0	0	0	0	0	0	0	0	0	0	0	0	0	0	0	0	0	0	0	0	0	0	0	0	0	0	0	0	0	0	0	0	0	0	0	0	0	0	0	0	0	0	0	0	0	0	0	0	0	0	0	0	0	0	0	0	0	0	0	0	0	0	0	0	0	0
A[Ins(T):R(9,)]G	0	0	0	0	0	0	0	0	0	0	0	0	0	0	0	0	0	0	0	0	0	0	0	0	0	0	0	0	0	0	0	0	0	0	0	0	0	0	0	0	0	0	0	0	0	0	0	0	0	0	0	0	0	0	0	0	0	0	0	0	0	0	0	0	0	0	0	0	0	0	0	0	0	0	0	0	0	0	0	0	0	0	0	0	0	0	0	0	0	0	0	0	0	0	0	0	0	0	0	0	0	0	0	0	0	0	0	0	0	0	0	0	0	0	0	0	0	0	0	0	0	0	0	0	0	0	0	0	0	0	0	0	0	0	0	0	0	0	0	0	0	0	0	0	0	0	0	0	0	0	0	0	0	0	0	0	0	0	0	0	0	0	0	0	0	0	0	0	0	0	0	0	0	0	0	0	0	0	0	0	0	0	0	0	0	0	0	0	0	0	0	0	0	0	0	0	0	0	0	0	0	0	0	0	0	0	0	0	0	0	0	0	0	0	0	0	0	0	0	0	0	0	0	0	0	0	0	0	0	0	0	0	0	0	0	0	0	0	0	0	0	0	0	0	0	0	0	0	0	0	0	0	0	0	0	0	0	0	0	0	0	0	0	0	0	0	0	0	0	0	0	0	0	0	0	0	0	0	0	0	0	0	0	0	0	0	0	0	0	0	0	0	0	0	0	0	0	0	0	0	0	0	0	0	0	0	0	0	0	0	0	0	0	0	0	0	0	0	0	0	0	0	0	0	0	0	0	0	0	0	0	0	0	0	0	0	0	0	0	0	0	0	0	0	0	0	0	0	0	0	0	0	0	0	0	0	0	0	0	0	0	0	0	0	0	0	0	0	0	0	0	0	0	0	0	0	0	0	0
C[Ins(T):R0]A	0	0	0	0	2	1	2	0	0	0	1	1	2	0	1	2	0	0	0	0	0	0	1	1	2	0	0	0	1	0	0	0	2	0	1	3	0	0	0	2	0	2	1	0	0	0	2	0	1	0	0	0	0	1	0	0	1	0	0	1	1	0	1	0	0	0	0	0	1	1	0	0	1	0	0	1	0	0	0	1	1	1	0	0	0	0	1	0	1	1	0	0	0	0	0	2	0	0	0	1	2	0	0	0	2	0	0	0	0	0	0	0	0	1	1	0	0	0	0	0	0	1	0	0	0	0	0	0	0	0	1	1	0	0	0	0	0	0	0	0	0	0	0	0	0	0	0	0	0	0	1	2	1	1	1	0	1	0	0	0	0	0	0	0	1	1	1	0	0	0	0	0	0	1	0	0	1	0	1	1	0	0	0	1	0	0	0	0	1	0	0	0	0	1	0	0	0	0	2	0	0	0	1	0	2	1	2	0	1	0	0	1	1	0	1	0	0	0	2	0	0	0	0	1	0	0	0	1	1	0	0	1	0	1	2	0	1	1	0	1	0	0	0	0	0	0	0	0	1	0	1	1	0	0	1	1	1	0	1	1	0	1	1	0	0	0	0	0	0	0	0	0	0	0	1	0	1	0	0	0	0	0	0	0	0	1	2	1	0	1	0	1	0	0	0	0	0	0	0	1	1	0	1	0	1	1	0	0	1	0	0	1	0	0	0	0	0	0	1	0	0	0	1	0	0	0	1	0	2	0	0	2	1	1	0	0	1	0	1	2	0	1	0	1	0	1	2	0	2	3	1	0	2	1	1	1	1	1	1	0	0	2	0	0	1	0	0	0	1	2	1	0	1	3	0	0	1	1	0
C[Ins(T):R0]C	0	0	0	0	0	0	1	0	0	1	1	0	0	1	0	0	0	0	0	0	1	3	0	0	0	0	2	1	1	0	0	3	0	0	0	0	2	0	0	2	0	1	0	0	0	0	0	0	0	0	0	0	0	0	0	0	0	1	0	1	1	1	0	0	1	0	0	1	1	1	0	0	0	0	0	0	1	0	0	0	1	1	0	0	0	0	0	1	2	0	0	0	0	0	0	0	0	0	0	1	1	0	1	2	1	0	0	1	0	0	0	0	0	0	0	2	0	0	0	0	0	0	0	0	1	0	0	0	1	0	0	0	1	0	0	0	0	0	0	0	0	0	0	0	1	1	0	1	0	0	0	0	0	0	0	0	0	2	0	0	1	0	4	0	0	0	0	0	1	0	0	0	0	0	0	0	0	3	0	1	0	0	0	0	0	0	0	0	0	1	0	0	0	0	0	0	1	1	0	0	0	1	0	0	0	0	1	0	1	2	0	1	0	1	0	0	1	0	1	0	0	0	1	0	0	1	0	0	1	0	0	0	1	0	0	0	1	0	0	0	0	0	0	0	0	1	1	1	2	0	0	1	1	2	2	0	0	0	0	0	0	1	0	0	0	0	0	0	0	0	0	1	0	0	0	0	0	0	0	0	0	0	0	0	0	1	1	0	0	0	0	0	0	0	0	0	0	1	0	3	0	0	0	0	1	1	0	0	0	0	0	0	0	0	0	1	2	1	0	0	0	0	0	0	0	0	0	0	0	0	1	0	1	0	1	0	1	1	4	1	1	0	1	1	2	2	1	1	1	0	0	1	0	0	1	0	0	0	4	0	1	1	1	2	0	0	0	0	0	2	0	0	2	1	0	0	0	3	0
C[Ins(T):R0]G	0	0	1	0	0	0	0	0	0	0	0	0	0	0	0	0	0	0	0	0	0	0	0	0	0	0	0	0	0	0	0	1	0	1	0	0	0	0	1	0	0	0	1	0	0	0	1	0	0	0	0	0	0	0	0	0	0	1	0	0	0	0	0	0	0	0	0	1	0	0	0	0	1	0	0	0	1	0	0	0	0	0	0	1	0	0	0	1	1	0	0	2	0	0	0	0	0	0	0	0	1	0	0	0	0	0	0	0	0	0	0	0	0	0	0	0	0	0	1	0	0	0	0	0	0	0	1	0	0	0	0	0	0	0	1	0	0	0	1	0	0	0	0	0	0	0	0	0	0	0	0	1	0	0	0	0	1	0	0	0	0	0	0	0	0	0	0	0	0	0	0	0	0	0	0	0	0	0	0	0	0	0	0	0	0	0	0	0	0	0	0	0	0	0	0	0	1	0	0	0	0	0	0	0	2	0	1	0	0	1	1	0	0	0	0	2	0	0	1	0	0	0	0	0	0	0	1	0	1	0	0	0	0	0	0	0	1	0	0	0	0	0	0	0	0	0	0	0	1	0	0	0	0	0	0	0	0	0	0	0	0	0	0	0	0	1	1	0	0	1	0	0	0	1	0	0	0	0	0	0	1	0	0	0	0	0	1	0	0	0	0	0	0	0	0	0	0	0	0	0	0	0	0	0	0	0	0	0	0	0	0	0	0	0	0	0	0	0	0	0	0	0	1	0	0	0	0	0	0	0	1	0	1	0	0	0	0	0	0	0	0	0	0	0	0	0	0	0	0	1	0	2	0	0	0	0	0	0	0	0	0	1	0	0	0	0	0	0	0	0	0	1	0	0	0	0	0	0	0
C[Ins(T):R1]A	0	0	2	3	1	2	1	0	1	0	0	0	3	2	0	0	0	3	0	0	2	3	1	3	2	1	1	2	2	0	0	3	0	1	1	1	0	0	1	2	1	3	1	0	1	1	3	2	0	0	2	0	1	2	1	2	1	2	2	1	3	1	1	0	3	1	2	2	2	2	0	3	1	0	0	1	2	1	1	2	0	1	1	1	2	1	0	0	0	1	0	1	2	0	0	0	2	3	1	2	4	0	1	3	0	2	0	2	3	1	2	1	4	1	1	1	2	0	1	0	4	2	4	1	3	1	0	1	1	1	2	2	2	1	2	1	2	3	1	3	2	1	1	4	0	1	3	2	2	0	0	1	2	3	0	1	5	0	1	1	1	3	3	2	2	1	1	0	5	1	1	1	2	0	1	1	1	3	1	0	2	3	0	3	0	4	1	2	2	1	2	1	1	1	1	3	0	2	2	3	0	1	1	1	0	1	0	1	1	1	0	0	4	1	2	0	2	0	2	1	1	1	2	2	0	0	0	1	2	2	1	1	1	1	0	2	2	2	1	1	3	0	1	0	3	2	1	0	1	1	1	2	0	0	2	1	0	2	0	1	4	1	3	3	2	1	1	0	1	2	3	0	3	1	0	0	0	1	1	1	0	2	0	1	1	2	3	3	0	0	0	2	2	1	1	1	0	1	0	1	4	0	1	0	2	0	2	1	2	0	2	1	2	0	1	2	5	2	0	3	2	3	1	3	0	1	2	1	2	1	1	1	1	1	0	0	1	4	1	1	3	1	3	7	3	2	3	2	3	2	0	4	1	0	3	3	1	1	1	0	0	0	2	0	1	2	4	0	2	3	1	3	3	3	1	0	1	0	2
C[Ins(T):R1]C	0	0	1	0	0	1	1	0	0	1	2	1	3	0	0	0	0	4	0	0	2	0	0	0	1	1	1	0	1	0	0	0	0	0	1	0	0	0	3	1	0	3	3	1	0	1	1	0	0	0	1	0	0	1	0	0	1	0	1	2	0	3	0	0	1	0	0	0	1	1	0	0	1	0	0	1	2	0	0	0	0	0	1	0	0	0	0	0	3	1	0	3	1	0	0	0	0	1	0	0	0	0	2	1	0	0	1	0	1	0	1	0	1	0	2	4	2	0	0	0	0	0	1	2	1	2	1	0	1	0	0	0	0	0	1	0	1	0	1	0	0	0	1	1	1	0	1	0	0	1	1	3	0	1	0	0	2	1	1	0	0	0	0	0	2	1	0	1	1	1	0	0	1	1	1	1	2	2	2	1	0	0	1	1	0	1	2	1	1	1	0	1	2	0	0	0	0	2	1	1	0	1	0	1	0	0	1	1	0	0	0	1	0	0	0	0	1	1	0	0	1	0	0	1	1	2	0	0	1	0	0	0	0	1	1	0	1	2	1	2	0	2	0	0	0	0	2	0	1	0	0	2	2	0	0	0	0	1	0	1	0	0	0	1	1	0	0	0	1	1	1	0	0	0	1	0	0	0	1	0	0	0	0	0	0	1	8	0	0	1	2	2	1	1	1	1	2	0	0	3	2	0	1	0	1	0	1	3	0	0	1	1	0	0	0	1	0	2	0	1	0	1	0	0	0	0	0	0	0	3	1	1	1	1	1	0	0	1	1	1	2	2	1	2	2	1	1	2	1	2	1	2	0	0	0	1	1	0	2	0	1	1	0	2	0	2	2	0	2	1	0	0	3	2	1	1	1	2	0
C[Ins(T):R1]G	0	1	1	0	1	2	3	4	2	0	2	1	4	2	1	0	0	2	1	0	0	2	0	3	4	1	0	3	0	0	0	2	1	2	1	3	1	0	3	3	1	6	2	3	3	0	3	0	0	0	1	2	0	3	4	2	2	1	4	0	1	4	0	1	1	1	1	4	1	1	2	4	0	0	0	1	1	0	3	2	1	0	1	2	1	1	0	1	4	2	2	4	2	3	4	1	1	3	1	0	3	0	3	1	2	3	3	3	2	0	3	1	0	1	1	2	0	0	4	0	4	2	2	2	1	2	5	0	0	2	1	2	2	2	1	2	1	1	1	3	1	2	2	1	2	1	2	0	1	1	1	5	2	1	1	1	3	1	3	2	2	0	1	3	3	2	3	0	0	2	1	2	2	1	1	1	2	4	2	4	2	1	1	1	0	1	2	1	4	2	1	4	2	1	0	3	2	3	1	0	0	2	1	2	3	4	2	4	1	1	0	2	0	0	1	0	1	1	2	2	6	1	3	5	1	1	3	3	2	2	0	1	1	0	3	2	3	5	2	1	1	2	0	1	2	0	1	2	3	0	5	4	0	0	4	1	1	0	0	3	1	2	0	0	1	1	1	0	0	2	0	4	2	0	1	0	0	0	2	1	2	2	0	0	2	0	4	1	1	3	3	2	0	3	1	2	5	0	1	2	2	1	1	1	3	2	2	1	2	0	2	1	0	2	0	1	1	4	2	2	0	0	1	1	0	1	3	0	3	2	0	1	7	4	0	1	0	3	2	3	1	2	2	5	2	0	1	5	0	2	2	3	2	1	1	2	5	1	4	0	0	1	3	1	0	1	2	1	5	4	1	0	2	1	0	0	1	0	2
C[Ins(T):R2]A	1	1	2	6	0	1	0	1	1	0	0	0	2	3	0	2	0	0	1	1	1	0	1	1	1	0	2	0	0	0	0	2	1	0	0	1	0	0	0	0	1	0	1	1	0	1	0	1	1	0	0	1	0	2	1	2	1	1	2	0	1	2	1	0	0	0	0	0	1	0	1	0	3	0	2	2	0	1	0	0	1	2	2	6	0	0	0	3	1	0	0	0	0	0	0	1	0	0	0	0	1	0	0	0	1	1	1	1	0	0	3	0	0	2	1	1	3	0	0	0	1	1	1	0	1	1	0	0	2	0	2	1	2	1	2	0	1	1	1	3	0	0	0	2	1	1	0	1	0	0	0	4	1	1	0	1	3	1	0	0	2	1	1	0	3	2	2	1	2	0	0	1	0	0	0	2	0	2	0	0	1	0	0	0	0	2	1	2	3	3	0	2	1	2	0	1	2	2	2	2	0	0	0	2	1	0	0	1	0	4	0	1	1	0	1	1	1	2	0	1	3	0	0	1	0	3	2	1	1	1	0	1	1	1	5	1	1	0	0	2	1	2	0	0	1	1	0	3	0	1	0	3	1	0	1	1	0	0	1	0	2	1	0	0	1	1	0	1	0	0	0	3	1	0	0	0	0	1	0	0	2	0	0	0	1	1	30	0	0	0	2	0	0	0	3	0	2	0	1	0	0	0	0	0	2	0	0	0	2	0	3	2	0	0	0	2	2	1	1	0	0	1	0	1	0	1	1	0	0	1	1	1	4	1	1	1	0	0	0	2	2	1	2	7	6	0	0	2	0	1	0	0	0	1	1	2	2	1	3	0	0	1	0	0	0	1	1	1	1	0	0	0	1	2	1	0	0	0	0
C[Ins(T):R2]C	0	1	1	3	0	0	0	3	1	0	0	1	3	2	0	0	0	0	0	0	0	0	0	0	0	1	1	0	0	0	0	1	1	0	0	1	0	0	1	0	0	2	2	2	1	0	0	0	0	0	0	0	2	2	1	1	1	2	0	0	0	1	0	1	0	0	0	0	0	2	0	0	1	0	1	0	1	1	0	1	0	1	0	18	0	0	0	0	0	3	0	1	0	1	0	2	0	0	0	0	0	0	0	2	2	0	0	1	0	0	0	0	0	0	1	0	0	1	1	0	2	1	2	2	1	2	1	0	0	0	0	2	0	0	0	0	0	0	1	0	1	1	0	1	1	0	1	0	2	0	1	1	1	2	0	0	2	0	2	3	2	2	0	0	1	0	0	0	0	0	0	0	1	0	1	2	1	0	0	2	0	0	0	1	0	1	0	2	0	0	0	0	1	0	0	1	2	1	0	0	0	1	0	0	1	0	1	3	0	3	0	2	4	4	2	3	1	1	0	0	1	1	0	0	0	1	0	0	3	0	0	0	1	2	0	1	3	0	0	0	0	0	0	0	0	0	0	3	1	2	1	0	0	0	0	0	0	0	1	0	1	0	0	1	0	0	1	0	0	0	2	0	0	0	0	0	1	2	5	0	0	0	0	1	0	1	51	1	0	0	0	0	0	1	2	1	0	0	0	3	0	1	0	0	0	1	2	0	0	0	0	0	0	1	1	0	0	2	0	0	0	1	0	2	0	0	1	0	3	0	0	0	0	1	0	1	2	2	0	0	0	1	1	0	2	0	0	2	0	0	0	2	0	2	0	4	0	1	0	1	0	0	0	3	0	2	0	1	1	0	2	0	0	1	0	0	1	0	2
C[Ins(T):R2]G	1	1	1	5	0	0	0	0	0	2	0	1	2	0	0	0	0	2	1	0	1	1	4	0	3	0	3	0	0	0	0	3	4	3	0	1	0	0	2	1	2	0	4	1	0	0	3	0	1	3	0	0	0	4	1	0	0	1	1	0	1	5	0	0	0	1	1	0	0	2	2	2	2	0	2	0	2	1	1	1	1	1	3	44	0	1	0	4	2	1	0	1	2	1	1	0	0	1	1	1	0	0	5	3	3	0	3	2	1	0	1	0	0	0	1	1	3	0	4	0	2	3	0	2	1	0	1	1	1	0	1	1	1	4	1	0	3	1	0	3	0	0	2	2	0	0	0	1	0	0	0	0	3	4	1	1	5	1	3	2	2	3	1	0	5	1	0	0	1	1	0	0	2	2	2	1	3	4	0	3	4	1	0	3	0	0	0	0	1	2	2	0	1	2	0	1	2	7	0	1	0	1	0	0	4	3	5	2	0	2	0	0	1	0	1	0	3	1	2	0	0	0	3	1	0	4	1	1	0	0	0	3	3	2	1	0	0	2	0	1	0	1	1	0	0	4	0	1	2	0	1	1	0	1	6	1	0	0	2	4	0	2	2	1	1	3	0	0	0	2	0	2	1	0	0	1	4	0	0	0	2	2	0	1	0	1	125	2	1	2	2	2	2	4	4	1	1	1	1	1	0	0	2	0	3	1	2	0	1	0	2	0	1	0	0	1	0	2	0	2	1	1	1	3	0	1	1	0	1	2	1	2	1	2	0	0	1	0	2	1	0	3	3	2	4	0	1	2	1	0	2	0	1	0	0	0	1	1	3	0	0	1	0	1	0	1	0	0	1	4	0	1	2	0	1	1	0	1	2
C[Ins(T):R3]A	1	0	0	3	1	1	1	1	3	1	2	2	1	1	0	0	0	2	1	1	0	2	0	0	0	0	1	2	3	0	1	1	2	0	0	1	0	0	1	3	4	0	1	0	0	0	1	0	1	0	1	1	0	0	0	0	0	0	2	0	1	2	0	0	0	3	0	0	1	1	0	1	1	0	1	0	1	0	0	2	0	2	0	2	1	0	0	2	0	2	1	1	0	1	0	3	0	0	1	1	1	1	2	2	6	1	1	1	1	0	0	0	1	2	0	3	1	0	0	0	0	2	1	0	1	0	1	0	1	0	0	0	2	1	0	2	1	2	0	1	1	1	1	1	0	0	0	1	0	0	0	0	1	1	1	0	1	2	1	2	2	0	1	0	0	2	1	0	1	0	1	0	0	0	1	1	0	2	1	1	1	2	0	1	0	0	0	0	1	4	1	1	0	1	0	1	1	1	4	1	0	1	0	0	0	1	1	0	1	2	0	1	2	0	2	0	0	0	1	0	1	0	1	3	1	3	1	2	0	1	1	2	1	1	1	1	0	1	1	0	2	2	1	0	1	1	0	3	1	0	0	1	0	1	0	4	1	0	1	3	0	2	2	1	0	1	1	0	2	0	0	3	1	0	3	0	1	0	0	0	1	0	0	0	0	0	29	2	0	1	0	0	0	0	1	0	2	0	2	1	0	0	1	1	2	0	0	0	1	0	1	1	0	0	1	0	0	3	1	2	1	1	0	1	0	0	0	0	2	0	1	3	1	2	0	1	0	0	0	1	3	0	0	1	0	1	1	1	1	2	0	0	1	1	0	0	1	1	0	1	0	0	2	0	0	1	0	1	4	1	0	0	2	2	0	0	0	2	0
C[Ins(T):R3]C	0	0	1	2	1	0	2	2	0	1	1	0	2	0	1	0	0	2	2	0	0	0	1	1	1	0	1	0	0	0	3	0	1	0	0	2	1	0	0	2	1	0	4	1	0	1	1	0	0	2	0	0	1	1	0	0	1	0	0	1	2	1	0	0	0	1	1	0	0	0	2	1	1	0	0	0	0	0	0	3	0	2	0	8	1	0	0	0	1	3	0	0	0	0	0	0	1	1	0	0	0	1	1	0	0	0	0	1	0	0	0	0	1	0	1	0	1	0	0	0	1	1	0	1	1	1	1	0	4	0	1	1	1	1	2	0	0	0	0	1	1	0	1	0	1	0	0	0	0	1	0	2	0	3	0	0	2	0	1	0	1	1	2	0	2	3	1	0	0	0	0	0	0	1	0	2	1	0	1	0	0	0	2	2	0	0	1	0	1	1	0	0	3	0	0	2	2	0	0	0	0	0	0	0	1	0	1	0	1	2	0	0	0	1	1	1	0	0	0	0	0	1	1	0	0	1	1	0	0	1	0	2	0	3	1	0	0	0	1	0	1	0	2	0	0	0	0	2	1	0	1	0	2	2	1	0	0	0	0	1	0	1	0	0	0	2	0	0	0	0	0	2	1	0	2	0	0	0	1	0	0	0	0	0	1	0	16	0	1	1	1	0	0	2	0	0	0	0	1	3	1	0	1	0	0	0	1	0	0	0	0	2	2	0	2	0	0	0	0	1	1	1	0	1	0	1	0	0	0	2	2	0	2	0	0	0	0	1	0	1	1	0	3	3	0	2	1	0	2	0	1	1	0	1	1	0	1	1	1	2	1	1	1	2	1	2	0	1	1	3	1	0	2	2	0	1	0	3	2
C[Ins(T):R3]G	0	1	0	2	0	1	2	1	0	1	1	0	1	2	1	1	0	4	0	0	0	2	1	0	1	0	2	0	1	2	0	2	2	1	2	1	4	0	1	0	4	1	2	0	1	0	1	0	0	0	0	0	1	0	0	0	2	1	1	1	0	4	1	0	0	0	1	0	1	0	2	0	2	0	1	1	3	0	0	1	2	1	0	14	0	1	0	1	2	3	1	2	0	0	1	2	0	0	1	0	1	0	1	1	6	1	1	0	0	1	0	0	2	1	3	1	0	0	2	0	3	0	0	0	1	1	2	0	2	0	1	1	1	0	1	1	0	1	0	2	2	1	0	1	0	0	0	2	2	0	0	1	3	1	0	1	2	2	1	1	1	1	3	1	2	0	1	0	1	2	0	1	1	1	0	1	2	1	3	2	4	4	3	3	1	3	1	1	1	2	1	0	1	0	1	0	1	3	0	0	0	2	1	0	1	0	0	1	0	2	0	0	0	0	1	0	0	0	1	2	2	1	0	2	2	0	0	3	1	0	1	1	2	0	0	0	1	4	0	0	1	2	2	0	1	0	2	0	2	0	2	1	1	1	3	1	3	1	4	0	1	1	1	1	2	2	1	1	0	1	1	0	2	0	0	0	0	1	3	0	1	1	0	0	1	1	49	1	0	1	0	1	2	2	0	0	0	0	3	1	2	0	3	0	2	0	1	1	0	0	1	2	2	0	0	0	0	2	0	2	0	3	2	3	0	0	1	0	0	1	0	2	1	3	0	1	0	0	0	0	2	0	1	4	4	1	0	3	1	1	2	1	2	2	1	2	0	2	2	0	1	3	1	0	2	0	1	0	2	2	2	2	1	2	0	0	2	2	0
C[Ins(T):R4]A	1	0	0	0	0	0	1	0	0	0	0	0	1	0	0	0	0	1	1	0	0	0	0	1	1	1	0	0	0	0	1	1	0	0	0	0	0	0	1	2	0	1	2	1	0	0	0	0	1	2	0	1	0	0	0	0	2	1	0	0	0	0	0	0	0	1	0	0	1	0	0	0	2	0	0	0	0	0	0	1	1	0	0	4	1	0	0	0	0	3	0	1	0	0	0	0	1	0	0	0	0	0	0	1	2	0	0	1	0	0	0	0	2	0	0	2	0	0	0	0	0	0	0	1	0	0	2	0	1	1	0	0	1	2	0	2	1	0	0	0	0	1	0	0	0	1	1	2	0	0	1	1	0	2	0	0	1	0	0	0	1	0	2	1	2	0	1	0	0	1	0	1	0	0	1	3	0	2	0	0	0	1	0	2	2	1	0	0	1	0	0	0	0	0	0	0	1	0	3	0	0	0	0	0	1	2	2	0	0	0	0	1	0	0	1	0	0	2	1	1	0	1	2	1	0	0	0	0	0	0	0	1	0	0	0	1	0	1	1	0	2	0	0	0	0	0	0	0	1	0	0	0	0	0	0	0	0	2	0	1	0	2	0	0	0	2	0	0	0	0	0	1	1	2	2	0	0	0	0	0	1	1	0	0	0	0	24	0	0	0	0	0	1	2	0	0	0	1	0	1	0	0	1	0	1	2	1	0	1	0	1	0	0	0	0	0	0	0	0	0	0	1	0	0	0	3	0	0	1	0	0	0	0	1	0	0	0	1	0	0	2	1	0	2	0	0	0	0	2	1	1	0	2	0	0	2	2	0	0	1	2	0	1	0	1	3	1	0	0	1	1	1	0	1	0	1	0	0	0
C[Ins(T):R4]C	0	0	1	1	0	0	0	2	1	0	0	1	0	2	1	0	0	0	0	1	1	0	0	1	1	0	0	0	0	0	1	0	1	0	2	2	0	0	1	1	0	1	2	0	1	0	1	0	1	0	1	0	0	0	0	0	1	0	0	0	2	1	0	1	0	0	1	0	0	0	2	0	2	0	2	0	0	1	1	1	0	1	1	7	1	1	1	1	0	1	0	0	0	0	0	0	1	0	0	0	0	0	0	1	0	0	1	0	0	0	1	0	0	0	0	1	0	1	2	0	0	1	0	1	0	0	2	0	3	0	0	0	0	0	1	1	0	1	0	0	1	1	2	1	0	0	1	0	0	0	1	0	1	0	2	0	0	1	1	1	2	0	2	0	2	1	3	0	0	0	0	1	0	3	0	0	2	0	2	1	0	2	0	0	0	3	0	0	2	1	0	0	1	1	0	0	0	1	1	0	0	2	1	0	1	0	3	0	0	2	0	0	0	0	0	0	0	0	0	2	0	0	1	1	2	0	0	0	0	0	0	1	0	1	0	1	2	0	0	1	2	0	0	0	0	0	0	1	1	0	0	0	1	0	1	0	1	1	0	0	0	1	0	0	0	0	0	0	0	0	1	0	0	0	1	0	0	0	0	1	1	0	0	0	1	0	18	1	0	0	0	0	0	2	2	0	1	1	1	1	0	0	0	0	0	0	0	0	0	0	0	0	0	0	0	0	0	1	0	0	0	0	0	0	0	0	0	0	0	1	1	0	0	0	0	1	1	0	0	0	2	0	0	1	0	0	0	0	2	0	1	0	0	0	0	2	2	2	4	0	1	1	1	3	2	3	0	0	0	1	1	0	0	0	2	0	1	2	2
C[Ins(T):R4]G	0	0	0	0	0	0	1	1	0	0	1	0	1	0	2	0	0	0	2	0	0	0	0	1	2	0	2	0	0	1	2	2	1	0	0	1	0	0	1	3	0	2	2	0	1	0	1	1	0	1	0	1	0	1	0	2	0	0	1	0	3	0	0	0	0	0	0	1	0	0	0	2	1	1	0	2	1	0	2	1	0	1	0	7	1	0	0	1	0	1	0	0	2	0	0	3	0	0	2	0	0	0	3	1	3	2	0	0	0	0	0	1	0	0	1	2	0	1	0	0	1	0	0	0	1	0	2	0	1	0	0	0	0	1	1	0	0	0	1	0	1	0	0	0	2	0	1	0	0	0	0	0	1	1	0	0	0	2	2	2	0	1	1	1	1	1	3	0	1	0	1	0	0	1	0	1	0	4	0	1	1	1	0	2	0	0	1	1	0	2	0	0	1	0	0	0	1	0	0	0	0	1	1	0	2	3	0	0	0	1	0	0	0	2	1	1	0	1	0	0	0	0	0	2	0	0	0	2	1	0	0	0	2	0	2	0	3	0	0	0	3	1	0	1	0	0	0	2	2	0	0	0	0	0	1	2	1	1	1	0	2	1	1	0	0	2	1	0	1	0	1	1	0	0	1	1	1	1	0	0	2	0	0	0	0	0	30	0	0	0	0	1	1	6	2	0	2	0	0	0	0	0	2	1	0	0	2	4	0	0	0	0	1	0	2	1	1	0	0	0	3	1	0	2	0	0	0	0	1	0	0	0	3	1	0	1	0	2	0	4	1	2	0	0	1	1	1	2	3	0	2	0	0	1	1	1	0	1	0	0	0	0	0	2	0	0	2	0	2	0	2	0	0	2	0	0	0	0	1
C[Ins(T):R5]A	1	1	1	0	0	1	1	0	1	0	2	1	4	0	0	0	0	2	3	0	0	0	1	0	4	0	2	0	1	0	0	2	1	0	0	5	0	0	0	5	3	1	7	0	3	0	0	3	2	0	3	0	0	1	0	1	5	1	1	1	7	2	1	0	0	0	0	0	1	1	1	0	3	0	0	1	0	0	1	1	1	3	0	5	1	0	0	1	1	0	0	3	0	0	1	0	1	1	0	0	0	0	2	4	2	1	2	1	0	0	0	0	0	0	2	1	0	0	2	0	1	3	0	1	1	0	1	0	4	2	0	0	0	1	0	1	0	2	1	1	2	0	1	1	2	2	0	0	2	0	1	2	1	1	0	0	1	1	3	1	2	2	2	2	2	1	0	1	0	1	1	1	0	3	1	1	1	1	0	2	0	0	0	1	1	4	2	1	1	1	0	0	3	1	0	2	3	1	2	1	0	1	0	2	2	2	1	0	1	4	0	2	0	1	0	0	1	1	1	1	1	1	2	0	1	0	1	0	0	3	0	2	0	3	3	1	1	1	0	1	1	0	1	1	0	2	0	3	1	0	0	1	2	0	1	0	2	2	1	3	1	3	0	1	3	0	2	0	0	1	0	1	2	1	1	0	5	1	1	0	0	1	0	4	1	0	31	5	1	3	2	2	1	1	1	2	0	0	0	0	0	0	3	2	0	0	0	2	0	0	0	0	3	0	0	1	1	1	0	2	1	0	2	0	0	0	2	0	2	4	0	1	3	0	0	0	1	0	0	0	0	0	0	3	0	0	0	0	1	1	1	2	2	3	1	0	0	1	3	0	3	0	1	0	0	0	1	0	2	2	2	0	0	0	1	0	1	3	3
C[Ins(T):R5]C	1	1	3	2	2	1	1	0	1	0	3	1	6	1	0	0	0	4	3	2	3	1	3	2	2	0	0	1	0	2	1	1	0	0	1	2	0	0	0	3	2	1	6	2	5	2	1	0	1	3	2	0	0	0	3	2	1	1	1	4	10	1	2	2	0	0	1	1	1	1	5	0	2	0	0	3	1	0	0	2	1	2	0	8	2	1	1	0	2	0	3	1	3	2	1	1	0	1	2	1	0	0	0	4	3	2	0	0	2	1	3	0	1	1	2	0	1	2	1	0	1	7	0	1	2	0	2	0	0	0	0	1	0	1	2	2	1	0	2	2	1	2	2	4	1	1	3	2	0	1	4	1	3	2	0	2	1	1	0	1	8	0	4	0	0	1	1	0	0	1	0	0	3	3	1	3	6	3	0	2	1	1	1	2	0	1	4	1	2	1	1	1	4	1	0	0	4	1	3	1	0	2	1	0	1	3	0	1	0	3	0	1	2	1	1	0	1	3	0	2	1	0	2	1	2	1	0	2	2	0	0	2	2	1	1	3	1	1	0	1	2	0	1	0	1	2	0	1	2	1	2	5	0	1	2	1	5	6	0	1	0	2	1	1	1	1	3	0	1	1	1	3	0	1	1	1	0	2	3	0	2	2	0	0	0	1	45	2	2	5	0	0	3	1	0	0	0	1	1	1	0	0	1	0	0	2	1	0	1	1	0	0	1	0	0	1	1	1	1	0	3	0	0	3	0	3	2	0	3	1	0	0	3	1	1	1	0	0	3	2	1	0	0	1	2	0	2	1	2	0	0	0	3	0	0	2	3	1	4	0	1	1	0	1	0	2	1	1	0	2	3	0	2	1	0	1	1	1	3
C[Ins(T):R5]G	0	2	0	2	1	0	4	2	2	1	0	0	4	0	3	0	0	2	3	1	0	2	2	1	2	0	2	1	0	2	0	3	2	1	0	2	2	0	1	4	4	1	4	0	1	1	1	0	0	2	1	2	0	1	2	0	5	0	2	2	6	4	0	0	1	0	0	1	2	1	0	4	2	0	0	1	2	2	1	0	0	2	0	11	1	0	1	3	1	3	1	0	0	1	1	4	0	1	1	1	2	0	3	2	2	0	0	1	3	0	1	1	0	1	3	1	0	1	1	0	2	3	0	2	2	3	4	1	2	1	1	2	3	3	1	0	0	1	1	1	0	1	1	2	0	0	0	1	2	0	0	2	1	5	1	0	2	3	2	4	6	1	1	0	2	0	4	1	1	2	1	4	2	3	0	1	2	2	3	5	1	1	2	1	0	1	3	0	3	3	1	2	1	1	1	1	2	4	5	1	0	3	0	1	0	1	0	1	0	5	0	0	1	0	2	1	0	1	2	2	3	0	2	3	3	2	1	2	1	1	0	2	3	3	4	1	3	2	0	1	2	3	2	0	0	2	0	1	3	1	2	0	1	1	4	2	3	0	1	1	2	3	3	1	1	1	1	1	2	1	0	3	0	0	3	0	1	1	1	1	1	0	0	3	1	4	41	2	0	3	0	0	4	1	3	2	0	0	1	0	0	0	1	0	1	0	0	1	0	0	2	2	0	0	0	0	1	1	1	1	1	2	2	2	0	1	0	1	2	0	1	3	1	4	0	2	0	2	1	0	1	1	3	3	1	0	0	0	2	3	2	1	1	1	0	1	3	2	2	0	0	2	0	0	0	3	1	0	6	0	1	2	1	0	0	0	1	1	1
C[Ins(T):R6]A	0	2	2	0	0	0	1	0	3	1	3	4	4	0	0	1	0	2	5	0	1	0	1	3	2	1	1	1	0	4	2	2	6	1	3	4	3	0	2	5	1	0	10	1	3	1	1	1	3	4	4	1	3	1	2	1	3	3	3	7	9	5	2	1	0	2	2	4	3	1	1	7	5	1	1	5	4	3	3	4	3	1	1	10	0	0	2	1	2	0	2	1	4	2	0	3	6	0	2	3	1	0	8	3	3	0	1	3	1	1	1	3	3	3	6	2	0	2	2	0	3	2	1	1	3	3	0	0	2	0	0	0	2	6	1	2	0	0	3	1	2	3	1	3	3	1	3	2	0	0	4	2	5	2	3	0	2	2	3	1	8	2	5	0	4	0	1	1	1	2	0	2	0	4	2	4	3	4	1	5	3	1	1	1	1	1	4	2	5	4	1	3	2	0	1	2	4	2	4	1	0	0	1	1	8	1	2	1	3	4	0	2	1	0	0	0	2	1	2	1	1	0	3	1	4	2	1	2	2	1	0	1	1	1	3	3	1	1	1	2	6	4	2	0	3	2	1	7	5	4	3	4	1	4	3	0	4	1	1	3	2	10	1	1	1	0	5	1	4	1	2	6	1	2	0	0	2	3	3	2	1	2	0	1	2	2	80	4	2	3	2	0	2	7	3	1	3	2	2	2	0	1	1	3	0	2	1	1	3	0	1	2	0	0	0	3	1	2	2	0	2	1	4	5	0	2	2	0	0	6	2	1	4	4	3	4	2	2	1	1	1	2	3	3	0	4	4	1	5	4	4	0	5	3	2	1	4	4	7	1	5	3	2	5	1	1	3	1	4	5	3	1	4	1	0	4	0	4	5
C[Ins(T):R6]C	2	3	3	3	1	2	2	3	2	3	4	0	18	6	4	4	0	3	9	1	3	2	8	7	5	0	3	6	1	8	12	4	2	4	3	10	1	0	2	10	6	4	26	4	5	3	1	4	1	5	7	2	5	6	2	4	12	4	5	2	23	1	1	6	3	2	1	6	2	0	6	1	2	0	2	6	4	3	4	5	2	2	0	16	0	3	1	2	6	6	4	1	5	6	1	9	7	6	1	8	1	0	8	4	3	5	3	4	0	4	8	1	3	8	10	5	1	6	6	0	4	12	0	4	5	4	2	1	7	2	8	2	2	4	2	3	1	1	3	5	3	7	2	2	3	1	1	2	3	0	4	6	6	4	0	4	3	6	7	2	16	2	7	0	1	2	4	1	5	0	0	13	3	8	3	8	15	6	3	5	3	2	4	2	1	1	9	4	7	4	2	2	11	1	0	0	2	2	8	4	0	2	1	3	1	3	0	8	3	8	0	5	3	2	2	2	4	3	8	3	4	0	8	6	3	2	3	3	4	6	0	5	5	3	10	2	4	3	2	2	5	5	6	9	6	6	0	9	4	3	4	2	4	6	2	2	10	0	1	2	3	4	4	3	6	4	4	1	5	3	0	9	1	4	1	3	3	2	2	5	6	3	0	5	1	4	121	6	4	3	1	3	5	13	6	4	3	3	4	1	0	0	2	2	2	1	5	8	5	0	5	3	3	2	0	6	1	5	2	2	4	2	6	6	1	1	4	0	7	9	3	3	5	4	8	3	4	3	3	1	9	2	4	6	7	3	5	2	4	4	11	4	8	6	0	5	11	8	4	0	3	6	5	9	2	1	7	4	8	5	11	5	9	1	0	2	7	6	3
C[Ins(T):R6]G	3	2	0	2	4	3	1	4	2	8	6	11	11	0	2	1	1	7	5	2	0	3	9	5	3	0	2	0	1	4	6	5	0	5	2	6	4	0	5	8	9	2	18	2	3	2	5	4	2	10	3	4	4	2	4	3	10	0	4	8	12	4	3	1	2	2	6	5	2	4	5	6	7	0	0	4	9	0	2	1	2	3	2	34	1	0	2	3	0	2	4	2	5	1	1	1	9	7	4	6	2	0	6	4	5	3	1	5	4	3	5	3	3	2	8	6	4	3	3	0	4	3	0	2	7	5	9	0	2	0	2	5	5	4	2	4	2	1	3	3	5	3	0	7	3	3	1	2	1	2	7	5	5	3	0	2	2	3	5	0	14	3	5	0	4	3	2	0	6	1	0	6	6	6	1	11	8	8	1	6	3	1	2	7	0	3	4	3	4	4	4	1	6	1	2	5	3	4	4	3	0	1	1	2	5	4	5	5	2	13	0	5	1	1	3	2	3	4	4	3	0	1	1	4	1	1	6	3	3	0	0	6	4	4	3	1	3	5	3	2	4	3	4	0	7	5	1	9	6	2	4	1	7	7	4	3	3	6	3	4	3	3	7	3	2	3	5	0	5	3	2	2	4	1	4	1	4	3	2	2	1	1	0	3	1	1	134	6	3	2	2	1	9	6	1	0	1	3	3	4	1	0	5	1	5	2	2	3	1	0	5	4	2	0	1	4	3	3	2	4	4	3	3	5	0	0	1	0	5	4	5	4	4	3	6	5	3	5	5	1	3	4	8	5	2	3	5	6	4	3	8	1	2	4	3	3	6	3	2	0	5	2	2	5	3	4	6	1	7	7	3	2	8	1	0	1	1	3	4
C[Ins(T):R7]A	1	2	2	3	2	2	1	1	3	4	1	6	5	1	3	3	0	4	4	2	4	4	0	2	0	0	1	3	3	2	3	3	1	2	2	3	0	0	4	5	1	2	11	2	3	3	3	2	1	8	3	3	2	2	1	2	5	0	3	5	13	1	5	3	1	0	1	2	1	1	1	2	2	0	0	1	2	0	4	4	0	2	1	15	1	2	1	6	2	2	3	3	3	3	0	4	3	5	2	2	3	0	2	6	3	2	2	2	2	0	3	1	2	3	4	5	2	2	5	0	3	6	0	3	5	3	5	0	1	1	3	2	2	3	7	5	1	1	3	0	2	5	0	1	1	2	1	3	1	1	4	2	2	1	0	0	4	0	2	2	7	4	8	1	3	1	0	2	2	2	1	4	1	4	1	4	1	2	0	6	1	1	0	3	1	0	1	1	5	3	3	3	4	1	2	1	3	2	3	1	0	2	0	1	4	3	0	1	2	10	0	2	1	1	4	0	2	2	0	3	3	1	1	6	1	1	2	7	0	1	0	1	0	3	6	1	2	6	3	1	3	1	2	3	7	3	1	7	5	3	2	3	3	3	1	2	3	1	2	4	1	7	2	2	6	1	5	0	0	2	2	7	0	0	0	1	2	4	3	2	3	0	0	3	0	4	96	1	4	3	2	0	3	4	2	2	0	1	1	4	1	0	1	1	0	1	1	2	0	1	1	1	3	0	0	1	1	2	7	3	3	5	5	2	0	2	5	0	2	6	1	2	4	4	4	4	4	0	4	0	2	3	6	6	1	4	1	5	8	0	5	1	1	3	3	2	4	5	7	0	3	3	5	1	4	5	3	1	4	4	0	2	4	1	0	3	2	4	5
C[Ins(T):R7]C	2	1	1	3	0	3	2	1	3	0	1	1	7	5	0	2	0	2	6	2	1	1	2	2	5	0	0	2	1	9	5	2	1	1	2	2	5	0	3	6	3	2	15	3	3	3	0	6	1	4	5	4	2	4	0	0	11	2	8	3	14	3	4	4	1	2	2	5	1	2	2	6	5	2	1	3	4	2	1	1	4	5	2	20	0	1	2	2	3	2	1	2	3	2	1	6	1	5	2	5	3	0	3	9	0	2	1	4	5	1	1	2	3	0	7	5	3	1	1	0	1	4	0	0	4	6	2	1	4	2	3	2	3	1	5	4	1	2	1	2	0	4	2	7	0	0	3	4	4	1	3	3	3	4	1	1	1	4	3	0	9	3	5	3	4	5	3	1	5	0	2	7	2	2	1	5	3	3	3	6	1	3	4	2	2	5	4	1	3	3	2	2	5	3	0	3	5	4	5	2	0	5	0	3	6	3	2	5	1	9	0	3	1	2	2	0	6	2	4	2	9	0	2	1	4	1	4	1	2	1	0	4	0	0	9	10	1	6	1	4	4	6	5	1	3	5	0	4	4	0	5	3	2	3	6	2	4	2	6	3	3	3	1	2	2	2	0	0	2	2	5	11	3	2	1	0	2	6	4	0	3	1	0	0	1	2	104	3	5	3	2	2	1	2	2	1	3	2	1	1	2	0	1	0	2	4	5	6	1	0	3	7	2	0	2	2	1	1	5	4	4	3	2	5	2	3	1	0	2	6	6	1	3	2	3	5	2	5	1	0	3	3	6	6	2	3	3	5	3	4	6	1	1	4	4	3	5	3	6	1	1	5	2	3	5	1	4	1	2	4	6	1	3	1	0	2	1	3	1
C[Ins(T):R7]G	1	2	2	2	1	3	5	2	4	4	3	7	5	3	4	3	0	4	8	4	6	1	6	6	0	0	4	3	0	5	5	3	3	1	3	6	1	0	2	5	4	3	19	4	4	3	6	5	1	8	8	1	2	2	1	2	9	6	4	1	13	8	3	2	1	3	4	5	6	4	4	5	7	0	0	5	6	0	6	5	4	5	4	39	0	3	2	3	1	2	2	1	4	3	2	4	3	2	1	7	1	0	6	14	4	2	7	4	3	0	6	1	1	3	8	3	1	4	4	0	5	5	2	4	6	4	6	1	3	0	4	3	3	2	3	3	4	2	5	4	5	2	2	4	2	3	2	5	5	1	1	6	6	8	1	3	2	4	5	2	18	1	9	0	5	5	5	1	5	0	4	3	1	10	2	5	5	7	4	3	4	3	1	2	2	4	8	5	6	4	1	3	4	0	2	1	5	5	7	4	1	2	5	2	9	2	2	3	5	11	0	3	1	7	2	0	4	3	8	2	2	0	3	4	7	5	4	6	3	1	0	2	3	4	6	3	2	4	4	3	4	5	2	1	6	4	2	4	5	2	2	3	6	6	5	4	4	2	1	3	3	8	7	7	2	3	4	0	3	4	1	9	4	0	0	4	3	4	1	2	3	0	0	2	3	5	145	1	0	5	4	5	5	9	1	3	1	2	6	0	0	0	3	1	2	1	1	2	3	0	1	2	1	0	1	4	5	4	4	2	2	4	3	8	2	0	5	1	7	8	3	5	5	10	2	6	2	4	5	0	4	2	7	2	5	5	8	9	11	3	9	1	0	1	5	4	5	8	1	0	8	5	3	4	2	4	5	0	6	4	3	1	1	0	1	1	3	3	4
C[Ins(T):R8]A	1	1	1	5	4	4	3	2	6	1	3	8	13	5	1	4	1	2	8	3	1	1	10	4	3	0	4	4	1	7	11	3	0	2	0	9	2	0	6	4	3	7	17	0	7	1	4	9	1	6	5	0	3	4	1	2	3	4	4	7	17	3	6	1	1	3	3	7	2	2	5	6	4	0	0	4	8	0	3	10	3	4	3	17	1	0	3	3	1	1	3	2	2	1	2	8	7	4	3	3	5	0	9	7	4	1	6	2	7	3	1	0	3	3	2	4	2	2	6	0	3	9	0	2	2	5	4	0	5	2	3	3	4	1	4	3	0	2	0	4	1	5	3	1	2	2	1	0	6	0	7	4	2	7	0	0	3	5	7	2	15	0	4	0	5	5	2	1	2	3	1	2	4	6	4	3	4	3	2	3	0	3	2	3	0	3	8	2	5	2	3	1	4	1	1	0	0	2	2	2	0	1	0	5	3	1	4	3	3	9	0	2	1	2	3	0	7	3	3	2	4	1	7	5	4	4	1	3	3	2	0	4	1	2	6	5	1	2	4	3	5	3	0	2	4	3	2	3	7	3	1	1	1	3	7	1	6	4	2	1	1	6	2	1	3	4	1	0	4	2	0	7	0	0	3	1	2	3	1	1	2	0	0	3	2	0	141	2	6	3	2	2	6	5	2	2	2	1	5	2	0	0	2	1	3	2	2	3	3	0	5	7	1	0	2	1	1	1	2	1	2	8	3	5	0	1	1	0	6	2	7	1	6	4	1	2	5	3	5	0	2	3	10	6	7	8	1	6	5	3	9	2	8	5	4	10	8	7	5	0	3	4	1	7	4	2	8	2	4	5	3	6	6	2	1	2	3	1	5
C[Ins(T):R8]C	3	4	1	8	0	5	3	2	5	2	1	9	13	4	5	4	0	2	5	2	2	4	4	5	3	0	0	0	1	7	13	2	1	2	5	5	1	0	3	5	5	2	10	2	4	1	2	7	1	12	4	0	1	5	5	1	9	6	5	5	16	4	3	7	1	0	2	5	2	1	5	3	3	1	2	6	4	0	6	4	1	4	1	34	0	2	2	2	3	3	3	2	0	2	0	13	3	2	2	5	4	0	6	9	5	1	1	3	3	0	3	0	2	5	6	5	1	4	2	0	4	4	0	2	4	0	3	0	3	0	5	2	1	2	2	0	1	0	5	3	3	3	1	3	4	4	2	1	3	0	1	8	4	4	1	1	4	9	3	1	9	7	4	0	3	0	3	3	3	1	0	4	2	2	5	8	1	4	4	7	1	3	1	5	3	4	11	4	2	3	1	5	3	2	1	2	3	2	11	2	0	1	0	0	2	3	7	4	4	13	2	2	3	3	2	0	5	1	2	1	3	0	3	5	4	3	0	4	5	0	0	5	0	6	4	1	4	7	0	3	6	2	3	3	6	2	2	6	5	1	4	1	6	10	5	3	3	2	0	3	1	5	9	4	1	2	3	0	2	2	1	9	2	0	3	3	0	2	1	0	4	1	0	2	3	3	158	4	3	0	2	0	2	4	4	5	2	2	3	3	2	0	4	3	1	2	5	6	0	0	3	5	0	0	1	1	4	1	5	4	3	7	3	6	1	2	3	0	6	5	9	2	7	4	0	6	0	5	2	2	5	4	7	6	3	6	3	2	9	1	10	2	4	7	1	4	6	4	14	0	4	4	1	11	2	3	8	2	8	3	1	5	3	2	0	2	3	1	3
C[Ins(T):R8]G	1	3	3	3	0	6	4	4	2	2	6	10	13	9	4	5	0	3	9	2	1	4	4	5	5	0	1	4	1	10	5	6	0	3	3	7	0	0	4	6	5	1	17	3	2	3	6	5	3	14	13	3	2	2	3	3	9	6	2	4	13	6	3	3	3	2	1	6	4	4	7	8	5	1	1	4	8	1	9	5	5	4	1	85	0	5	2	1	7	2	2	4	3	2	1	14	4	1	2	4	4	0	11	9	7	0	4	7	2	1	1	2	2	4	5	0	1	0	0	0	4	4	0	5	2	8	5	1	6	2	6	10	3	4	2	4	4	2	3	0	5	3	4	3	0	2	0	6	3	0	2	2	2	3	2	1	5	2	2	0	13	3	4	0	4	1	4	4	3	2	1	8	4	10	1	4	6	4	2	8	2	5	0	3	0	3	4	2	4	10	5	4	7	3	0	1	4	0	8	2	0	3	1	1	5	4	4	2	6	12	1	1	1	2	1	0	6	4	3	2	2	0	6	3	4	4	4	8	1	1	0	5	5	5	5	7	2	2	5	3	6	3	3	3	13	2	2	9	6	1	3	2	4	2	6	2	4	0	7	1	1	9	7	5	9	2	4	0	2	0	3	15	2	1	2	5	3	3	2	1	2	2	0	1	0	3	190	0	3	5	4	2	5	4	8	3	1	3	9	1	1	0	2	4	2	3	2	3	3	0	2	5	1	0	1	3	1	1	4	1	3	4	2	13	1	4	8	0	5	9	7	2	5	10	5	6	4	7	2	0	2	1	10	8	3	8	2	2	8	4	8	4	6	5	4	3	12	5	9	0	5	9	6	10	2	4	14	2	3	6	5	2	3	1	1	4	3	4	7
C[Ins(T):R(9,)]A	0	0	0	0	0	0	0	0	0	0	0	0	0	0	0	0	0	0	0	0	0	0	0	0	0	0	0	0	0	0	0	0	0	0	0	0	0	0	0	0	0	0	0	0	0	0	0	0	0	0	0	0	0	0	0	0	0	0	0	0	0	0	0	0	0	0	0	0	0	0	0	0	0	0	0	0	0	0	0	0	0	0	0	0	0	0	0	0	0	0	0	0	0	0	0	0	0	0	0	0	0	0	0	0	0	0	0	0	0	0	0	0	0	0	0	0	0	0	0	0	0	0	0	0	0	0	0	0	0	0	0	0	0	0	0	0	0	0	0	0	0	0	0	0	0	0	0	0	0	0	0	0	0	0	0	0	0	0	0	0	0	0	0	0	0	0	0	0	0	0	0	0	0	0	0	0	0	0	0	0	0	0	0	0	0	0	0	0	0	0	0	0	0	0	0	0	0	0	0	0	0	0	0	0	0	0	0	0	0	0	0	0	0	0	0	0	0	0	0	0	0	0	0	0	0	0	0	0	0	0	0	0	0	0	0	0	0	0	0	0	0	0	0	0	0	0	0	0	0	0	0	0	0	0	0	0	0	0	0	0	0	0	0	0	0	0	0	0	0	0	0	0	0	0	0	0	0	0	0	0	0	0	0	0	0	0	0	0	0	0	0	0	0	0	0	0	0	0	0	0	0	0	0	0	0	0	0	0	0	0	0	0	0	0	0	0	0	0	0	0	0	0	0	0	0	0	0	0	0	0	0	0	0	0	0	0	0	0	0	0	0	0	0	0	0	0	0	0	0	0	0	0	0	0	0	0	0	0	0	0	0	0	0	0	0	0	0	0	0	0	0	0	0	0	0	0	0	0	0
C[Ins(T):R(9,)]C	0	0	0	0	0	0	0	0	0	0	0	0	0	0	0	0	0	0	0	0	0	0	0	0	0	0	0	0	0	0	0	0	0	0	0	0	0	0	0	0	0	0	0	0	0	0	0	0	0	0	0	0	0	0	0	0	0	0	0	0	0	0	0	0	0	0	0	0	0	0	0	0	0	0	0	0	0	0	0	0	0	0	0	0	0	0	0	0	0	0	0	0	0	0	0	0	0	0	0	0	0	0	0	0	0	0	0	0	0	0	0	0	0	0	0	0	0	0	0	0	0	0	0	0	0	0	0	0	0	0	0	0	0	0	0	0	0	0	0	0	0	0	0	0	0	0	0	0	0	0	0	0	0	0	0	0	0	0	0	0	0	0	0	0	0	0	0	0	0	0	0	0	0	0	0	0	0	0	0	0	0	0	0	0	0	0	0	0	0	0	0	0	0	0	0	0	0	0	0	0	0	0	0	0	0	0	0	0	0	0	0	0	0	0	0	0	0	0	0	0	0	0	0	0	0	0	0	0	0	0	0	0	0	0	0	0	0	0	0	0	0	0	0	0	0	0	0	0	0	0	0	0	0	0	0	0	0	0	0	0	0	0	0	0	0	0	0	0	0	0	0	0	0	0	0	0	0	0	0	0	0	0	0	0	0	0	0	0	0	0	0	0	0	0	0	0	0	0	0	0	0	0	0	0	0	0	0	0	0	0	0	0	0	0	0	0	0	0	0	0	0	0	0	0	0	0	0	0	0	0	0	0	0	0	0	0	0	0	0	0	0	0	0	0	0	0	0	0	0	0	0	0	0	0	0	0	0	0	0	0	0	0	0	0	0	0	0	0	0	0	0	0	0	0	0	0	0	0	0
C[Ins(T):R(9,)]G	0	0	0	0	0	0	0	0	0	0	0	0	0	0	0	0	0	0	0	0	0	0	0	0	0	0	0	0	0	0	0	0	0	0	0	0	0	0	0	0	0	0	0	0	0	0	0	0	0	0	0	0	0	0	0	0	0	0	0	0	0	0	0	0	0	0	0	0	0	0	0	0	0	0	0	0	0	0	0	0	0	0	0	0	0	0	0	0	0	0	0	0	0	0	0	0	0	0	0	0	0	0	0	0	0	0	0	0	0	0	0	0	0	0	0	0	0	0	0	0	0	0	0	0	0	0	0	0	0	0	0	0	0	0	0	0	0	0	0	0	0	0	0	0	0	0	0	0	0	0	0	0	0	0	0	0	0	0	0	0	0	0	0	0	0	0	0	0	0	0	0	0	0	0	0	0	0	0	0	0	0	0	0	0	0	0	0	0	0	0	0	0	0	0	0	0	0	0	0	0	0	0	0	0	0	0	0	0	0	0	0	0	0	0	0	0	0	0	0	0	0	0	0	0	0	0	0	0	0	0	0	0	0	0	0	0	0	0	0	0	0	0	0	0	0	0	0	0	0	0	0	0	0	0	0	0	0	0	0	0	0	0	0	0	0	0	0	0	0	0	0	0	0	0	0	0	0	0	0	0	0	0	0	0	0	0	0	0	0	0	0	0	0	0	0	0	0	0	0	0	0	0	0	0	0	0	0	0	0	0	0	0	0	0	0	0	0	0	0	0	0	0	0	0	0	0	0	0	0	0	0	0	0	0	0	0	0	0	0	0	0	0	0	0	0	0	0	0	0	0	0	0	0	0	0	0	0	0	0	0	0	0	0	0	0	0	0	0	0	0	0	0	0	0	0	0	0	0	0
G[Ins(T):R0]A	0	0	0	1	0	0	0	0	0	0	0	0	0	0	0	1	0	0	0	1	0	0	0	0	2	0	0	0	0	0	1	3	0	1	0	2	0	1	4	2	0	0	1	0	0	2	0	0	0	0	0	1	0	0	2	1	0	1	1	0	0	1	1	1	0	0	0	0	0	0	1	1	0	0	0	1	0	1	0	0	0	0	0	0	1	1	0	1	0	2	0	2	1	0	0	0	0	1	0	0	0	0	1	1	0	0	0	0	0	1	0	0	0	0	1	0	0	0	1	0	0	1	0	1	1	0	0	0	0	0	0	0	0	1	0	0	0	0	1	1	0	0	0	2	0	1	0	0	0	0	1	0	2	1	0	0	1	1	2	0	0	1	0	1	2	0	0	0	2	0	0	0	0	1	0	0	0	0	0	2	0	0	0	1	0	1	0	0	1	0	0	0	0	0	0	2	0	1	2	0	0	0	0	0	0	2	1	1	0	2	0	1	0	0	0	0	0	1	0	0	0	0	0	0	1	1	0	0	0	0	0	0	0	0	1	0	0	0	0	0	2	0	0	0	0	1	0	0	0	0	1	0	2	0	0	0	1	0	3	1	0	3	0	0	1	0	1	0	1	0	0	0	0	0	1	0	1	1	0	0	0	0	0	0	0	0	1	2	0	1	0	0	1	2	1	0	0	0	1	1	2	0	0	0	0	1	1	0	0	0	1	0	0	0	0	2	1	0	1	0	0	1	0	0	0	0	2	0	1	0	1	0	1	1	1	1	0	1	2	0	0	0	0	6	0	2	0	0	0	0	2	0	1	0	1	1	0	0	0	1	0	2	2	26	0	1	0	1	0	0	0	0	0	1	0	0	0	1	0
G[Ins(T):R0]C	0	0	0	0	0	1	1	0	0	0	0	1	1	1	1	0	0	0	0	0	0	0	3	0	2	0	1	0	0	1	0	2	0	0	1	0	1	0	4	0	1	0	0	2	0	0	1	0	0	2	0	0	1	3	2	1	0	0	1	0	0	1	0	0	0	0	0	1	0	0	0	0	0	0	0	0	0	0	0	0	0	0	0	1	0	0	0	1	0	0	1	1	0	0	0	1	0	0	0	0	0	0	0	1	0	0	0	0	0	0	0	0	0	0	2	1	0	0	0	0	0	0	0	1	2	0	0	0	0	1	0	0	0	0	0	0	0	2	0	1	0	0	0	0	0	0	0	0	1	0	0	3	1	0	0	0	3	0	0	0	0	0	1	0	1	0	1	0	1	0	0	0	1	0	0	0	0	0	0	3	0	0	0	0	0	0	0	2	0	0	0	0	0	0	0	1	0	3	0	0	0	0	0	2	0	2	3	1	1	0	0	0	0	0	0	0	0	0	0	1	1	0	1	0	0	1	0	1	0	0	0	4	0	0	1	0	1	0	0	1	1	0	1	0	0	0	0	1	2	1	0	0	0	0	1	0	0	0	0	1	0	0	0	1	0	0	0	0	1	0	0	0	1	0	0	0	0	0	0	0	0	0	0	0	0	1	0	1	0	0	0	0	0	0	1	0	0	0	0	0	0	0	1	1	0	0	0	0	0	0	1	0	0	0	0	0	0	0	0	1	0	0	0	2	0	0	0	0	1	0	2	1	1	0	0	1	1	0	0	0	1	0	2	0	1	0	1	1	1	1	1	0	0	1	0	0	0	0	0	0	1	0	0	0	0	1	1	0	3	1	0	1	0	0	0	1	1	2	2
G[Ins(T):R0]G	0	1	0	1	0	2	0	0	1	2	1	1	2	0	0	0	0	0	0	0	0	0	1	0	1	1	3	1	1	1	0	1	0	0	1	1	2	0	0	1	0	3	2	1	1	0	1	1	0	0	0	0	0	2	2	0	0	0	0	0	0	1	0	0	0	0	2	0	0	0	0	1	0	1	0	0	0	1	0	0	1	4	0	1	0	2	0	0	0	0	0	2	0	0	1	1	1	0	0	0	2	0	1	0	1	0	0	0	1	1	0	0	0	0	0	1	0	0	3	0	1	1	1	0	0	1	0	0	0	1	2	1	2	2	0	0	1	1	0	0	0	0	0	0	0	1	1	0	1	0	0	0	2	1	0	0	1	2	1	2	0	3	1	0	2	0	1	0	2	0	0	3	1	0	1	0	0	1	0	6	1	0	0	1	0	0	1	0	2	0	0	0	0	0	0	0	0	3	1	1	0	1	0	0	1	3	1	0	0	1	0	0	0	0	0	0	1	0	2	0	2	0	0	0	0	1	1	2	1	0	0	8	0	0	1	0	1	1	0	0	1	0	0	0	0	0	0	1	6	0	0	1	0	0	1	0	1	1	0	0	0	2	0	0	0	0	0	0	1	2	0	1	0	1	1	1	0	0	1	0	0	0	0	1	0	2	5	0	0	0	1	0	2	1	1	0	0	0	1	0	1	1	1	2	1	0	0	0	0	0	3	1	0	0	0	1	0	0	0	3	0	1	0	2	0	0	3	0	0	1	1	0	3	1	0	0	0	2	0	1	1	0	2	2	3	1	2	1	1	2	2	1	0	0	0	2	1	0	0	0	1	0	1	1	0	3	1	0	1	1	0	2	1	1	0	0	1	1	1
G[Ins(T):R1]A	4	1	1	4	0	1	1	1	4	0	2	1	3	2	1	2	0	4	2	2	2	1	0	7	7	0	1	7	0	4	3	1	1	2	0	2	3	2	4	1	3	2	1	3	3	1	3	1	0	3	2	2	1	0	0	0	0	2	2	4	4	1	1	1	0	3	1	5	3	4	3	3	2	0	1	6	3	1	1	0	1	3	2	0	3	2	1	2	1	2	4	0	2	0	0	2	2	3	2	1	3	0	5	4	2	1	2	1	3	2	0	0	3	1	4	5	1	1	2	0	1	0	0	0	1	2	2	0	1	2	3	3	3	0	5	1	1	2	4	0	0	2	3	5	0	1	3	1	1	1	2	3	5	1	1	1	6	4	2	2	7	3	2	1	5	1	4	0	3	0	0	3	1	2	3	2	3	3	5	18	1	7	0	2	1	3	2	3	3	1	1	0	2	0	0	2	2	6	5	5	0	0	0	2	1	3	2	4	2	6	0	2	0	1	1	1	2	5	3	0	3	2	1	3	1	4	6	3	2	1	3	27	2	1	2	1	2	4	4	7	7	3	3	1	1	1	1	9	2	3	3	3	0	3	2	1	2	3	0	3	1	1	2	1	0	2	4	2	2	1	3	2	1	0	5	0	1	0	0	1	1	0	0	2	1	2	2	2	1	2	1	1	4	2	1	3	2	0	1	2	1	1	4	1	5	1	1	1	5	1	2	2	0	1	4	3	0	3	0	2	1	7	5	5	0	2	5	0	2	0	5	2	1	1	1	1	3	1	3	1	3	4	2	2	1	3	2	3	1	3	0	0	0	1	1	4	2	0	0	2	2	3	3	1	2	3	2	0	4	2	2	3	2	3	1	2	1	1	3
G[Ins(T):R1]C	0	1	0	0	0	0	0	1	0	0	1	0	0	1	0	0	0	0	0	0	1	0	2	1	2	0	1	0	0	0	0	1	1	0	0	1	2	0	0	0	0	0	1	0	2	0	1	0	0	1	0	2	0	0	0	0	0	1	1	0	0	2	0	0	0	0	0	0	0	0	0	1	0	0	1	0	1	0	1	1	0	0	0	0	1	2	0	0	0	1	0	0	0	0	0	0	0	0	0	0	0	0	0	0	3	0	1	0	1	0	1	0	0	0	0	1	1	0	1	0	0	1	0	1	2	0	1	0	0	1	0	1	1	0	1	0	0	0	0	0	0	0	0	1	0	1	1	0	0	0	0	0	0	0	0	0	0	1	0	0	0	3	1	0	0	0	0	0	1	0	0	1	0	0	1	0	0	3	0	10	2	0	0	1	0	0	0	0	0	1	1	0	0	0	0	0	0	1	0	1	0	0	1	0	0	3	1	0	1	0	0	0	0	1	0	0	0	0	0	1	0	0	1	0	0	1	2	1	0	0	0	5	0	0	1	0	0	0	0	1	1	1	0	0	0	0	0	0	0	0	0	0	1	1	1	2	0	0	0	1	0	0	0	0	0	0	0	0	0	0	1	0	0	0	0	0	0	0	0	0	0	0	0	0	0	0	3	0	0	1	1	0	0	1	0	0	0	2	0	2	0	0	1	0	1	0	0	0	1	0	0	1	0	0	0	0	1	1	0	0	0	0	0	1	0	0	0	0	0	0	0	2	2	1	0	0	2	1	0	1	0	1	0	1	0	0	2	0	1	0	1	0	1	1	0	0	0	0	0	0	0	3	1	0	0	1	1	0	2	0	0	0	2	3	0	0	1	0	0
G[Ins(T):R1]G	1	1	2	3	3	2	1	1	0	3	0	1	1	1	0	2	0	1	0	0	0	2	0	0	1	0	0	0	0	5	0	0	2	0	0	1	0	0	1	1	2	4	2	0	1	1	0	0	0	0	1	1	0	0	0	0	1	2	3	1	0	1	0	0	1	2	1	1	2	2	1	1	2	0	1	0	0	0	1	1	0	1	0	1	0	0	0	0	1	2	0	0	1	1	1	0	0	0	0	1	1	0	0	0	4	0	0	0	0	0	0	0	2	0	4	2	0	0	2	0	1	2	0	1	1	0	3	1	1	1	1	1	1	1	0	2	2	0	0	0	0	0	0	0	0	0	0	1	0	0	0	0	2	0	0	0	1	0	3	2	2	1	3	1	3	1	0	0	3	1	0	0	2	0	0	1	2	1	0	54	0	0	0	1	0	1	3	0	1	3	1	0	0	0	0	1	1	3	0	0	0	1	1	0	3	1	1	0	1	0	0	2	2	1	1	0	1	0	2	2	1	0	3	2	0	0	1	0	0	2	0	44	0	2	2	0	1	0	0	1	1	1	1	0	1	2	0	5	5	1	3	3	1	4	0	0	1	1	0	1	2	1	2	1	0	1	1	0	3	0	2	0	0	0	0	0	2	0	2	0	1	0	0	0	0	0	9	2	1	1	2	0	0	0	0	0	1	1	1	0	0	0	5	0	2	1	1	0	1	0	0	0	0	0	0	0	0	1	0	1	1	0	0	0	1	0	1	0	0	2	1	0	1	2	0	1	1	0	0	3	3	2	2	1	2	2	1	2	2	1	0	2	1	1	0	1	1	0	2	0	2	0	1	0	0	7	1	0	2	0	1	1	1	0	0	0	1	1	1
G[Ins(T):R2]A	1	0	0	0	0	0	1	1	0	0	1	0	1	0	0	0	0	1	0	0	0	2	0	1	1	1	0	0	1	3	0	1	0	0	0	0	0	0	0	0	1	1	1	0	1	0	0	0	1	2	1	0	0	2	1	0	0	0	1	0	0	0	2	0	0	1	1	1	0	0	0	2	0	0	0	0	1	0	0	1	1	0	0	3	2	0	0	1	0	0	3	1	1	0	0	0	0	0	0	0	0	0	1	1	0	0	0	0	1	0	1	0	1	0	0	2	1	0	1	0	1	0	0	0	0	2	3	0	1	0	2	0	0	0	0	0	1	0	0	1	0	0	0	0	0	0	0	0	0	0	0	0	0	2	0	0	1	1	0	1	0	5	0	0	0	3	1	0	1	0	0	0	0	1	0	1	1	1	0	5	1	0	0	0	0	0	0	1	0	0	0	0	0	0	0	0	0	0	1	1	0	0	0	1	0	1	0	0	0	2	0	0	0	0	0	0	5	0	1	0	2	0	1	0	0	0	1	1	0	1	0	10	0	0	1	0	0	1	2	4	2	0	0	0	0	0	1	3	1	0	0	0	0	1	1	0	0	0	0	0	1	0	0	0	1	0	1	1	0	0	1	0	0	0	1	0	0	0	0	0	1	0	0	1	0	0	8	4	0	1	0	0	0	2	0	0	0	0	2	0	3	0	1	0	1	0	0	0	0	0	0	0	0	0	0	1	0	0	0	0	0	1	0	1	1	0	2	0	1	0	1	0	0	0	0	0	2	0	0	2	0	1	1	1	0	0	0	1	1	0	1	1	0	0	0	0	1	0	0	0	0	0	0	0	0	2	0	0	0	0	0	0	0	0	0	0	0	1	0
G[Ins(T):R2]C	0	1	0	1	1	0	1	0	0	0	0	0	0	0	0	0	0	0	0	0	0	0	0	1	0	0	0	0	0	2	1	1	0	0	0	0	0	0	1	1	2	1	0	0	0	0	0	0	0	0	0	0	0	0	0	0	0	1	0	0	0	0	1	0	0	1	0	1	0	0	0	0	0	0	0	0	1	0	0	0	0	0	0	1	0	0	0	1	0	0	1	0	0	0	0	0	1	1	0	0	0	0	0	0	0	0	0	1	1	0	0	0	1	0	0	1	1	0	2	0	0	0	0	1	1	0	0	0	0	0	1	0	0	0	0	0	0	0	0	1	0	0	0	0	1	0	1	1	0	0	0	0	1	1	0	0	0	1	0	0	0	1	1	0	0	1	0	0	1	1	0	1	0	0	0	1	1	0	0	20	1	0	0	0	0	1	0	0	1	0	0	0	0	0	0	0	0	1	0	0	0	0	0	1	0	0	1	0	0	0	0	0	0	0	0	0	0	1	0	1	0	0	0	0	0	0	0	2	2	0	0	17	0	0	0	0	0	0	0	0	0	1	0	0	1	0	0	0	1	0	0	0	0	0	1	0	0	0	0	0	1	1	0	0	0	0	0	1	1	0	1	0	0	0	0	0	1	0	0	0	0	0	0	1	0	0	12	0	0	0	0	0	0	1	1	0	0	0	1	0	0	0	0	0	1	0	0	0	0	0	0	0	0	0	1	0	0	0	0	0	0	0	1	0	1	0	1	0	1	0	0	2	1	0	0	0	0	0	1	2	0	0	2	1	0	1	0	1	1	1	2	0	0	0	0	0	0	0	1	0	0	1	0	2	0	4	1	0	0	0	0	0	0	1	0	1	0	0	0
G[Ins(T):R2]G	0	0	2	2	0	0	2	2	0	0	3	1	0	0	1	0	0	1	0	0	0	1	3	0	1	0	5	0	1	0	0	1	0	2	0	2	0	0	1	1	2	1	2	0	1	1	1	1	0	2	0	0	0	0	1	2	1	0	1	0	2	3	0	0	0	0	0	2	0	0	0	1	1	0	1	0	1	0	0	1	1	0	1	9	0	0	0	1	0	1	1	0	1	0	0	2	0	1	1	0	2	0	1	0	1	1	2	1	0	2	1	1	0	1	1	0	1	0	6	0	1	0	0	3	2	0	2	0	2	0	1	0	1	0	0	0	2	0	0	2	0	0	1	2	0	1	0	1	0	0	0	1	0	2	0	0	1	0	2	1	2	2	0	1	2	0	0	0	1	0	0	1	1	2	1	2	1	0	0	38	2	0	1	0	0	0	0	0	2	1	0	0	0	0	0	0	2	0	0	0	0	0	0	0	0	0	2	2	0	1	2	0	0	1	0	0	1	1	0	0	0	1	2	0	0	1	1	2	0	1	0	20	0	0	2	0	1	0	0	1	0	0	1	0	0	0	0	3	4	1	1	1	1	0	2	0	0	1	0	2	0	2	2	0	1	0	2	0	0	0	0	1	0	0	1	0	2	0	1	0	0	0	1	0	0	0	34	0	0	2	0	0	0	0	1	0	0	0	2	0	2	0	4	0	2	0	0	0	0	0	0	1	0	0	0	0	0	0	1	2	0	0	0	0	0	1	1	0	0	0	1	0	0	1	0	0	1	2	1	0	0	1	2	4	1	1	1	3	0	0	2	0	1	0	2	0	0	1	1	1	0	0	1	1	0	7	1	0	1	3	1	1	1	1	0	1	1	0	2
G[Ins(T):R3]A	1	1	2	1	0	0	0	1	0	1	0	0	3	2	0	0	0	0	0	0	1	0	0	0	0	0	1	0	0	1	1	0	1	0	0	1	0	0	0	1	1	1	1	2	0	0	0	0	0	0	2	1	0	0	0	0	0	0	1	1	0	1	0	1	0	0	0	2	1	0	2	0	0	0	0	0	1	0	1	0	1	1	1	1	0	0	0	0	0	0	0	2	0	1	0	0	1	1	2	1	0	0	0	1	0	0	0	0	1	1	1	0	1	0	0	0	1	1	0	0	1	0	0	0	1	0	1	0	0	0	0	0	1	1	2	1	1	0	0	0	0	0	0	0	1	3	0	0	0	0	0	2	1	0	0	0	0	0	1	1	4	1	1	0	1	0	0	1	1	1	2	1	2	2	0	2	0	0	0	9	0	0	0	0	0	1	1	0	0	1	0	1	0	1	0	0	0	1	0	0	0	1	0	1	0	3	0	0	0	0	0	0	0	0	0	0	2	0	2	0	1	0	0	0	1	0	1	0	0	1	0	8	2	0	0	0	0	1	0	0	0	0	0	0	1	1	0	0	0	0	1	0	1	0	0	2	0	1	2	0	0	0	0	0	0	1	0	0	1	0	0	0	0	0	0	0	0	0	0	0	0	0	0	1	0	1	8	0	0	1	0	0	2	1	1	0	0	0	0	2	0	0	0	2	0	0	0	0	2	1	3	0	2	0	0	2	0	3	0	0	1	1	0	0	0	1	1	0	1	0	0	1	0	0	0	0	1	1	1	1	1	1	1	1	1	1	1	1	1	0	1	0	1	1	0	0	0	2	0	0	0	1	0	1	0	1	1	0	1	0	0	0	0	0	0	0	0	1	0
G[Ins(T):R3]C	0	0	0	0	0	0	0	2	1	0	0	0	0	0	0	1	0	1	0	0	1	0	0	0	1	0	0	1	1	0	0	0	0	0	0	0	1	0	0	0	1	0	1	0	1	1	0	0	0	1	0	0	1	1	0	0	0	0	1	0	1	0	0	0	0	0	1	1	0	1	1	0	1	0	1	1	0	0	1	0	0	0	0	4	1	0	0	0	1	0	1	0	0	0	0	0	0	0	0	0	0	0	1	2	1	0	0	0	1	0	0	2	0	0	0	1	0	0	1	0	0	0	0	0	0	1	1	1	0	0	0	1	0	0	1	2	1	0	0	0	0	0	1	0	0	1	0	0	0	0	0	0	0	0	0	0	1	0	0	0	2	1	1	0	3	1	0	0	1	0	0	1	1	1	0	0	0	1	0	11	1	0	0	1	0	0	0	1	0	1	0	0	0	0	0	0	1	0	0	0	0	0	0	1	1	0	0	0	0	0	0	0	0	0	0	1	0	0	0	1	1	0	0	0	0	0	0	0	0	0	0	3	0	1	0	0	0	2	0	0	0	2	0	0	0	0	0	2	0	0	1	0	0	0	1	0	0	1	0	0	0	0	0	0	0	1	0	0	1	0	1	0	0	1	0	0	0	0	0	0	0	0	0	0	1	1	17	0	1	0	0	0	1	1	0	0	0	0	0	0	0	0	0	0	0	0	0	0	0	0	0	0	0	0	0	0	0	0	0	0	1	0	1	0	0	1	1	0	0	0	0	1	1	0	1	0	0	2	1	0	1	0	1	1	0	0	0	0	1	0	0	0	0	2	1	0	1	1	0	0	0	0	1	0	1	0	0	0	0	0	0	0	1	1	0	0	1	0	0
G[Ins(T):R3]G	0	1	1	1	0	2	3	1	0	1	1	0	2	1	1	1	0	0	0	0	1	2	2	2	2	0	0	1	0	1	0	2	0	1	0	0	1	0	1	2	0	1	1	2	0	0	1	0	0	0	0	1	0	1	1	0	0	2	1	0	3	0	0	1	0	1	1	1	0	0	0	1	0	0	0	0	0	0	0	2	0	1	0	4	0	1	0	2	0	2	1	4	0	0	0	3	1	0	1	0	0	0	1	2	2	0	1	1	0	0	0	0	0	0	1	0	1	0	2	0	1	0	0	1	2	2	0	0	1	0	0	0	0	0	1	0	0	1	1	1	0	1	1	2	0	1	1	1	0	0	1	1	0	1	0	1	1	3	1	3	1	2	2	1	1	1	0	0	1	3	0	1	2	0	0	2	1	0	0	11	2	1	0	2	0	0	0	0	2	1	0	0	0	0	0	0	2	1	0	0	0	0	0	0	0	3	1	0	1	1	0	1	0	5	1	0	0	1	1	0	1	0	0	0	0	2	0	1	2	1	0	13	1	0	0	0	1	0	1	0	1	1	2	0	0	1	1	4	4	0	2	1	0	1	1	0	0	0	1	0	1	4	0	0	0	3	0	0	0	0	0	1	0	0	0	0	1	1	0	0	0	0	0	0	0	3	24	1	0	1	0	0	0	0	2	0	1	0	0	0	0	0	0	0	0	0	0	0	2	0	2	0	0	0	0	0	0	1	0	1	1	0	0	2	0	0	0	0	0	0	1	0	2	3	0	1	1	0	0	0	1	3	1	1	2	0	2	1	1	0	0	1	1	0	2	1	1	0	0	0	0	2	1	0	0	2	0	0	2	2	0	2	1	0	0	1	0	3	1
G[Ins(T):R4]A	0	2	0	1	0	1	1	1	0	1	0	1	0	0	0	1	0	1	0	0	0	1	0	0	0	0	0	0	0	0	0	1	0	0	0	0	1	0	1	0	0	1	1	0	0	0	0	0	0	1	0	0	0	0	0	0	0	0	0	1	0	0	0	0	0	0	0	0	0	0	0	1	0	0	0	0	1	0	0	1	0	3	0	1	0	0	0	0	0	0	0	0	0	0	0	0	0	1	0	0	0	0	0	0	1	0	0	0	0	0	1	0	0	0	0	0	0	0	0	0	0	0	0	0	0	0	0	0	0	0	0	0	0	0	0	0	0	0	0	1	1	0	0	0	0	0	0	0	0	0	0	0	0	1	0	0	0	1	0	0	2	0	1	0	0	0	1	1	2	0	0	0	0	0	0	0	0	0	0	2	0	0	1	1	0	0	1	0	0	0	0	0	0	0	0	0	1	0	1	0	0	0	0	0	1	1	0	0	0	0	0	0	1	0	0	0	0	0	0	0	0	0	0	0	0	0	1	2	0	1	0	1	0	0	0	0	0	2	0	0	0	0	0	0	1	0	0	1	1	0	1	0	0	0	0	0	0	0	0	0	0	0	1	0	1	1	0	0	0	0	0	1	0	0	0	0	1	0	0	0	1	0	0	0	0	0	12	1	0	0	0	0	0	0	0	0	0	0	0	0	0	0	1	0	0	0	0	0	0	0	0	1	0	1	0	0	1	1	2	0	0	0	0	0	0	2	1	0	0	0	0	0	1	0	0	0	0	0	0	0	0	0	0	0	0	0	1	1	0	0	0	0	0	0	0	0	0	0	1	0	1	0	2	0	0	1	0	0	0	0	0	3	1	0	0	0	0	0	0
G[Ins(T):R4]C	0	0	0	0	0	1	0	0	0	0	0	0	0	0	1	0	0	0	2	1	0	0	0	0	0	0	2	0	0	0	0	0	0	0	0	0	0	0	1	0	0	0	0	0	0	0	0	0	0	0	0	0	0	0	0	0	0	0	0	0	0	2	0	0	0	0	0	0	0	0	1	1	1	0	1	0	1	0	0	0	0	2	0	3	0	0	0	0	1	0	1	0	0	0	1	0	0	0	0	0	0	0	0	0	1	0	1	0	0	0	0	0	0	0	0	0	0	0	0	0	1	0	0	1	1	1	0	0	0	0	0	0	0	0	0	0	0	0	0	0	0	0	2	1	1	1	0	0	0	0	0	0	0	0	0	0	1	0	0	0	0	0	1	0	0	0	0	0	0	0	0	0	0	0	0	1	0	0	0	3	0	1	0	3	1	1	0	1	0	0	0	0	0	0	0	0	0	0	0	0	0	0	0	0	1	0	0	0	0	0	0	0	1	0	0	0	0	1	0	0	0	0	0	0	0	0	0	1	0	0	0	4	1	0	1	0	0	0	0	1	0	0	0	0	0	1	0	0	0	0	0	0	0	0	0	0	0	0	0	0	1	0	0	0	0	0	0	0	0	1	0	1	0	0	0	0	0	0	1	0	0	0	0	1	0	0	7	1	0	0	0	0	1	0	0	0	0	0	1	0	0	0	1	1	0	0	0	0	0	0	0	0	0	0	0	0	0	0	0	0	0	0	2	0	1	0	0	0	0	0	0	0	0	0	0	0	0	1	0	0	0	0	2	0	0	0	0	0	1	0	1	1	0	0	0	0	0	0	1	0	0	0	0	0	0	0	0	0	0	0	0	0	0	0	0	0	0	0	0
G[Ins(T):R4]G	0	0	0	0	0	0	0	0	2	0	0	0	0	0	0	0	0	1	0	0	1	1	0	2	0	0	0	0	1	0	1	2	0	0	0	1	0	0	1	0	0	3	2	2	1	0	0	1	0	0	1	0	0	1	1	0	1	0	0	0	2	0	0	0	0	2	0	0	1	1	1	0	0	0	0	1	1	0	0	1	0	0	1	2	2	0	0	1	0	1	1	0	0	0	0	2	1	0	0	1	1	0	1	1	0	0	1	0	0	0	0	0	1	0	1	1	1	0	0	0	1	1	0	0	0	2	0	0	0	0	2	0	0	0	0	0	0	0	0	1	0	2	1	2	0	1	0	1	0	0	0	0	1	1	0	0	1	1	1	0	2	1	0	1	0	1	0	0	2	1	0	2	0	0	0	1	0	2	0	5	1	0	0	0	1	2	1	0	0	1	1	0	0	0	0	1	0	1	0	0	0	0	0	0	0	1	1	1	0	3	0	0	0	0	0	0	1	0	1	0	0	0	2	0	0	0	0	1	0	0	0	8	0	0	0	0	1	1	0	0	0	0	1	0	1	2	1	3	0	0	0	0	1	0	0	0	0	0	0	0	0	1	0	1	0	0	1	0	0	1	0	0	0	0	0	0	1	0	0	0	0	0	0	0	0	0	19	0	0	0	0	0	1	1	1	0	0	0	1	0	2	0	0	1	0	0	1	0	0	0	0	0	1	0	0	2	0	0	0	0	0	2	0	1	0	0	0	0	1	0	2	2	1	1	0	0	2	0	0	0	0	1	1	0	1	0	0	1	0	0	1	0	1	1	0	0	0	1	1	0	0	0	0	0	1	1	0	0	1	1	0	1	0	1	0	2	0	3	0
G[Ins(T):R5]A	0	1	0	0	0	0	1	3	0	0	0	1	1	0	0	2	0	0	3	0	0	3	1	1	1	0	2	1	1	1	1	1	1	0	1	0	0	0	0	1	2	0	1	0	1	2	0	1	1	1	2	1	0	1	0	1	1	0	3	0	4	2	0	0	0	0	3	0	0	0	1	0	2	0	1	1	3	0	0	1	1	1	0	6	0	0	1	0	1	1	0	1	0	0	0	3	0	1	0	0	0	1	2	0	0	1	0	0	0	0	0	0	0	1	0	1	0	0	1	0	2	1	0	2	0	1	1	0	2	0	0	0	1	1	1	0	0	0	0	0	0	1	1	1	1	2	0	1	1	0	1	1	2	0	1	0	1	5	1	0	0	2	3	0	3	3	1	0	0	0	0	1	2	1	0	0	0	1	0	5	0	0	0	1	0	0	1	0	1	0	0	1	1	1	0	0	0	0	3	0	0	0	0	1	2	0	0	2	1	1	0	1	0	2	1	0	1	2	0	0	0	1	0	2	1	2	1	0	2	1	0	1	0	1	0	0	1	1	0	0	0	0	0	0	1	2	0	2	1	0	1	1	2	3	1	0	1	1	1	1	0	0	1	0	0	0	2	0	1	2	0	2	0	0	0	0	0	4	1	0	2	0	0	1	0	1	32	0	0	0	0	0	4	2	0	0	1	0	1	0	0	0	3	0	0	0	1	0	0	0	0	0	0	0	0	1	0	0	0	0	1	0	0	2	0	0	0	0	0	2	0	1	1	1	1	0	0	1	0	1	0	1	1	4	2	0	2	2	2	0	0	1	0	0	0	0	2	1	1	0	0	2	1	1	0	1	0	0	0	2	3	0	1	0	0	0	0	1	0
G[Ins(T):R5]C	0	1	1	1	1	0	0	1	2	0	0	1	5	0	1	1	0	0	1	0	0	1	3	2	0	0	1	0	0	2	2	0	0	0	2	1	1	0	0	0	1	1	7	0	1	1	0	0	0	2	2	2	0	0	0	1	0	0	0	2	2	1	0	1	0	0	0	2	0	0	1	0	0	0	0	0	1	0	2	0	0	2	0	10	0	0	0	1	0	0	0	0	0	0	0	1	1	1	1	0	1	1	2	3	1	0	1	0	0	0	0	0	1	2	0	1	0	0	1	0	2	0	0	1	1	1	2	0	0	0	0	1	0	2	0	0	0	0	3	1	0	4	1	0	0	2	0	0	0	0	0	1	1	0	0	0	0	1	1	1	0	0	2	0	0	0	1	0	0	1	0	0	0	0	2	2	1	0	1	3	0	1	0	0	0	0	0	0	1	1	0	1	0	0	0	0	0	0	2	0	0	0	0	2	0	1	0	0	0	0	1	0	0	2	0	0	0	0	0	1	0	0	0	0	0	1	1	1	0	0	1	1	0	0	1	0	0	1	0	1	0	3	0	0	0	2	0	0	0	0	3	0	2	0	1	1	1	0	0	1	0	2	1	0	1	0	1	0	0	0	0	2	0	0	1	0	1	0	0	0	0	0	0	0	1	0	32	1	0	0	1	0	0	0	2	0	0	0	1	1	0	0	1	0	1	1	0	3	2	0	0	0	0	0	0	1	1	0	0	0	1	0	0	2	0	1	0	0	2	1	0	0	1	1	1	1	0	0	3	1	0	1	0	1	1	0	0	0	1	0	0	1	1	0	0	1	2	0	1	1	1	1	0	0	0	2	1	1	3	0	1	1	0	1	0	1	1	1	0
G[Ins(T):R5]G	1	1	1	1	1	0	0	0	0	0	1	0	2	1	0	1	0	1	3	2	1	0	0	1	1	0	3	3	0	0	2	1	1	1	0	1	2	0	0	2	3	2	6	1	2	0	1	1	0	3	0	1	0	0	1	2	1	1	2	1	2	1	0	0	1	2	0	1	0	0	1	4	1	0	0	0	3	1	1	2	1	2	0	19	0	0	0	0	1	2	3	0	1	1	0	0	0	2	3	3	2	0	2	1	3	0	1	1	1	0	4	1	1	0	2	3	0	0	0	0	1	2	0	1	4	0	1	0	1	0	0	0	1	1	0	1	0	1	1	0	0	0	1	1	1	2	0	0	0	0	1	0	1	4	1	0	3	1	5	0	1	1	3	0	1	1	2	0	1	0	0	0	1	2	0	0	3	2	0	7	1	1	1	1	0	1	1	1	2	1	0	2	3	0	0	1	3	1	3	2	0	0	2	1	0	1	2	1	1	3	1	0	3	1	0	1	2	4	0	1	1	0	1	2	0	1	0	0	0	0	0	1	1	0	2	0	1	1	2	0	0	1	1	0	2	2	1	2	0	2	1	1	1	1	1	2	2	1	1	3	1	3	2	1	0	1	1	0	0	1	2	1	1	1	0	1	3	1	0	2	0	0	0	1	2	0	54	0	1	1	0	5	3	1	0	0	0	0	2	0	0	1	1	0	0	1	1	2	0	0	4	1	1	0	1	3	2	2	0	2	0	4	3	1	1	2	1	0	1	4	0	1	0	1	1	2	1	1	1	0	1	2	2	0	0	3	2	2	1	0	2	1	2	1	0	1	0	1	1	0	1	0	0	1	1	4	0	1	0	3	0	2	1	0	0	1	0	1	3
G[Ins(T):R6]A	2	0	1	2	3	3	2	4	2	1	1	1	3	1	0	0	0	2	6	0	2	3	2	3	0	0	2	3	2	1	6	5	1	0	3	3	0	0	1	3	1	1	7	0	2	1	2	1	0	4	1	2	1	1	2	3	2	1	3	2	8	3	3	3	1	0	0	4	2	1	2	3	3	0	0	1	1	0	2	5	0	0	1	25	0	1	0	1	2	2	3	0	3	2	0	2	2	3	2	6	1	0	3	3	2	3	2	0	0	1	3	0	1	1	1	0	0	4	3	0	0	5	0	2	3	1	1	0	4	0	5	3	0	3	4	0	0	1	3	0	0	5	4	3	3	1	0	1	1	0	4	3	3	4	0	1	3	1	2	2	7	0	4	1	2	0	5	0	5	0	1	4	1	2	1	0	2	3	1	2	2	1	2	2	2	0	6	3	0	1	1	3	3	0	1	3	0	1	5	0	0	0	0	3	3	0	0	2	0	5	0	0	0	3	3	1	1	5	5	3	1	1	1	0	0	1	2	0	0	1	1	8	2	1	1	1	1	3	2	3	0	3	0	0	0	0	0	2	1	0	1	1	1	5	1	0	2	0	4	1	1	1	3	0	1	4	1	0	2	1	1	7	2	0	1	0	3	1	0	1	1	0	0	1	3	1	93	4	3	2	1	2	0	1	1	0	2	3	3	0	1	0	1	0	0	0	0	3	1	0	3	4	4	0	1	2	0	1	4	0	1	1	3	1	0	1	0	0	1	1	4	2	5	6	1	2	5	2	2	2	3	0	2	3	3	0	3	4	3	2	10	2	1	3	0	4	3	2	6	1	1	0	4	1	2	2	3	1	3	3	3	1	2	2	0	1	3	1	1
G[Ins(T):R6]C	2	2	4	2	0	3	3	4	2	1	5	4	4	6	1	1	0	5	5	0	0	2	3	4	1	0	0	2	0	5	7	4	1	1	2	5	0	0	4	6	3	4	12	0	0	3	2	3	4	4	5	2	2	3	2	2	8	3	5	4	19	4	7	2	1	1	3	9	1	4	4	5	3	1	0	1	5	2	1	4	2	3	0	29	2	2	0	2	2	2	2	2	3	0	0	3	2	4	1	3	2	0	2	9	2	1	4	3	3	2	4	2	1	1	6	2	0	2	3	0	2	3	1	2	9	6	7	0	2	0	4	4	2	3	2	2	0	1	6	3	1	4	5	3	4	5	1	2	3	1	3	5	3	3	2	0	3	4	5	2	10	6	2	3	5	4	4	0	4	1	1	7	2	5	1	4	6	7	2	3	0	2	1	4	0	3	4	2	2	2	2	7	4	2	2	3	1	7	5	1	0	1	0	2	3	2	2	8	4	9	0	2	2	7	0	0	3	5	1	1	4	1	2	1	2	2	1	5	2	3	1	3	3	7	7	2	3	4	2	3	3	4	3	0	5	3	0	2	4	4	3	1	5	5	4	2	5	0	2	1	3	7	4	4	7	2	4	0	5	2	3	8	1	0	1	0	1	1	1	1	0	2	0	3	1	1	141	6	6	2	3	0	1	4	1	1	3	1	10	3	0	0	2	0	0	1	2	2	3	1	2	1	3	1	1	2	0	3	4	5	2	3	4	5	2	1	2	0	4	9	1	2	4	5	2	4	1	3	4	0	2	4	10	1	4	4	3	2	2	3	6	2	5	3	2	4	8	5	4	1	4	4	8	7	3	3	5	1	6	7	4	4	4	0	0	2	3	5	3
G[Ins(T):R6]G	2	2	2	5	0	2	2	3	4	3	4	5	10	5	3	1	0	1	7	4	1	2	8	4	6	0	1	5	3	7	4	3	2	9	5	6	4	0	4	5	5	4	19	3	7	5	1	4	1	8	4	4	3	5	2	2	9	2	4	6	22	4	4	2	1	2	2	5	3	4	2	10	11	0	1	2	4	1	3	6	3	2	4	82	3	3	3	1	4	4	3	2	1	4	1	3	4	4	1	3	3	0	5	4	1	0	4	5	4	3	5	2	2	2	5	6	1	0	8	0	3	6	0	2	3	6	4	1	3	4	4	6	3	5	6	3	0	4	3	1	6	3	3	3	5	6	4	1	0	1	1	4	4	5	0	3	2	4	8	3	9	1	4	1	0	4	7	1	4	0	2	0	8	2	3	4	5	6	4	8	2	7	2	1	3	3	6	3	5	5	7	5	4	2	1	4	3	0	7	1	0	2	1	1	2	0	4	5	1	18	1	1	1	5	3	1	3	2	1	2	1	1	2	5	3	3	6	3	0	2	0	3	2	3	7	1	5	5	2	3	2	4	2	3	7	4	3	7	3	5	4	3	1	1	4	0	7	2	3	1	6	6	5	1	2	3	5	0	0	1	6	7	2	3	3	8	0	1	3	1	2	4	0	3	3	1	285	7	2	5	2	2	2	7	5	3	2	1	3	2	1	0	3	3	2	1	1	8	4	0	2	5	2	0	1	0	4	5	3	1	2	4	6	8	1	5	2	0	3	4	3	1	4	7	9	1	5	3	5	2	5	5	8	1	3	9	5	5	2	2	9	3	3	4	4	6	3	6	1	0	4	7	3	2	1	3	5	0	4	3	3	8	6	4	0	4	2	2	1
G[Ins(T):R7]A	0	3	5	2	0	1	1	2	6	1	1	5	8	3	2	1	0	4	7	2	1	2	6	6	0	0	2	2	1	5	4	4	0	6	3	5	1	0	1	6	2	2	11	1	3	1	0	8	2	7	7	1	2	0	1	1	2	3	1	6	12	8	0	1	1	1	0	4	2	0	4	5	5	0	0	1	3	0	2	4	1	3	1	33	0	3	2	3	2	0	3	2	3	0	0	4	1	3	2	3	1	0	5	5	4	2	5	3	2	2	4	1	1	3	4	2	0	1	4	0	4	5	1	5	5	3	4	0	1	1	1	2	3	4	3	1	3	0	3	0	3	3	3	2	4	8	3	1	2	1	6	2	8	2	0	2	3	1	4	1	9	2	2	2	5	3	2	0	1	1	1	1	2	5	0	3	2	6	2	6	1	2	3	1	0	1	4	4	2	4	1	4	4	2	1	1	4	3	7	2	0	1	0	0	1	1	0	1	1	9	1	2	1	1	4	2	2	2	2	2	2	0	3	0	1	0	3	3	1	2	0	2	3	1	3	2	3	0	0	0	1	3	3	3	6	2	3	3	2	3	2	0	5	2	0	1	3	1	2	3	1	7	6	1	7	1	4	0	3	4	0	8	3	1	0	2	6	3	1	0	3	0	0	4	1	1	133	2	2	1	1	0	1	5	1	3	2	2	3	2	0	0	5	0	1	0	1	3	3	0	1	5	1	0	1	1	4	1	2	1	2	2	3	2	0	0	0	0	6	4	5	2	1	6	0	1	1	4	1	0	2	2	4	2	5	3	2	4	3	0	3	4	1	2	2	1	2	3	1	0	2	3	1	3	1	3	0	2	4	2	3	2	5	1	0	2	2	1	3
G[Ins(T):R7]C	3	0	2	4	3	2	1	4	4	1	2	6	13	2	3	1	1	4	9	4	2	1	1	7	6	0	0	2	0	6	7	1	0	3	3	6	3	0	3	5	7	3	16	4	4	2	2	2	0	5	10	3	2	0	2	1	7	4	4	3	15	5	2	4	5	1	0	6	1	1	2	2	0	1	0	0	4	2	4	5	2	2	1	30	2	3	0	2	2	1	0	1	3	0	1	2	4	1	2	2	3	0	7	2	1	2	1	4	2	1	4	0	2	4	1	2	1	1	2	0	1	4	0	1	5	3	3	0	5	0	3	4	1	3	4	0	3	2	1	1	3	9	2	3	3	2	5	4	3	0	2	4	4	2	0	2	4	4	1	1	20	2	3	3	1	1	2	3	1	2	1	4	3	3	1	3	3	7	1	7	1	3	2	2	0	3	8	0	4	3	3	3	3	0	0	7	1	3	5	2	1	4	0	0	2	3	0	7	3	8	0	4	1	4	4	0	3	2	3	0	2	0	5	4	1	2	2	7	5	4	0	4	2	4	1	5	1	4	6	4	3	2	1	3	6	7	0	5	3	0	5	4	0	7	3	0	3	1	2	1	2	5	9	1	2	5	4	0	3	2	11	8	1	0	3	8	0	2	3	0	2	0	0	3	1	2	140	4	4	1	1	2	7	5	0	2	1	1	4	2	2	0	0	0	0	3	1	3	1	0	1	0	1	0	1	4	0	2	1	3	4	4	6	3	3	5	3	0	6	5	3	2	4	4	3	6	0	7	5	1	3	4	10	5	3	5	4	4	4	2	8	3	2	2	1	3	7	5	3	0	4	2	4	1	2	1	5	2	2	2	7	3	3	0	3	3	2	2	1
G[Ins(T):R7]G	5	3	2	7	1	1	3	2	1	3	4	5	4	7	5	4	1	6	8	2	3	0	10	6	8	0	2	5	0	4	3	4	0	3	4	9	2	0	5	2	4	3	24	5	4	4	3	7	0	8	3	2	3	3	3	3	7	9	5	8	22	10	3	6	5	1	0	3	3	2	5	6	6	1	0	6	3	3	8	11	6	2	0	65	1	2	1	4	1	2	2	0	5	2	0	11	6	1	1	3	2	0	6	7	3	2	7	8	4	0	4	4	5	2	4	3	1	4	0	0	5	5	1	2	8	4	3	0	0	1	7	6	3	7	6	3	5	3	2	2	0	8	3	4	1	3	4	3	2	1	7	7	6	2	0	4	3	4	6	5	12	5	7	2	3	4	6	1	8	1	0	9	3	9	2	13	5	13	3	8	2	5	1	9	1	0	8	6	6	7	1	10	4	3	2	2	9	3	8	2	0	3	0	2	2	3	0	4	5	12	1	4	0	8	3	0	7	9	6	2	3	1	2	5	4	5	5	8	1	1	0	6	1	2	3	6	9	3	1	2	7	4	5	4	8	8	3	13	5	2	1	7	5	7	1	1	7	2	3	5	1	8	5	3	6	3	3	0	2	3	3	11	4	1	1	3	3	2	1	1	3	2	0	3	1	3	258	4	5	3	3	1	4	3	4	5	2	4	2	3	2	0	0	1	1	4	2	5	2	0	3	2	3	0	0	2	1	5	5	3	6	3	1	5	0	6	5	0	1	6	2	1	8	2	3	7	5	8	7	2	1	7	7	4	3	2	7	5	8	4	9	4	5	5	7	7	7	8	2	0	6	2	5	11	6	0	11	0	6	3	8	4	1	2	1	3	1	7	5
G[Ins(T):R8]A	0	2	2	7	1	5	4	2	0	0	0	1	7	4	4	1	0	2	9	2	2	3	5	1	3	0	0	2	1	3	8	7	0	1	2	5	1	0	3	2	5	1	19	2	3	4	0	8	0	11	3	1	2	3	1	1	2	3	1	5	11	5	3	3	2	0	2	1	2	2	4	4	10	0	0	6	8	0	3	9	1	3	0	21	0	0	2	0	5	3	5	3	2	3	0	5	5	1	2	5	2	0	9	5	1	1	0	3	4	0	1	0	2	1	8	1	2	2	4	0	1	1	0	2	5	4	6	0	3	4	0	4	1	3	1	2	1	0	1	3	0	2	3	2	1	2	1	0	5	0	2	3	4	6	1	2	4	4	4	3	9	1	3	0	2	0	2	2	5	0	0	8	2	5	1	4	3	5	1	5	1	0	1	3	0	2	2	1	4	2	4	2	1	1	0	5	2	4	5	1	0	0	0	1	6	3	2	6	1	12	0	3	1	6	3	0	2	2	6	1	1	0	0	3	4	1	1	7	4	2	0	1	3	3	4	4	2	3	1	0	3	6	2	3	12	0	0	6	5	0	5	4	1	4	4	1	1	1	1	1	0	4	5	0	3	3	3	0	6	1	2	3	3	0	4	1	1	4	0	0	2	1	0	0	2	2	131	1	0	4	0	0	3	1	1	2	1	0	1	2	0	0	2	1	2	1	3	8	2	0	2	3	0	0	3	1	3	2	0	1	2	5	3	5	0	1	4	0	7	3	2	6	3	2	2	2	3	3	5	0	4	6	7	4	3	4	4	7	5	1	5	4	5	3	4	3	5	4	5	0	5	1	6	5	3	1	2	0	6	5	4	5	0	1	1	2	1	3	4
G[Ins(T):R8]C	1	0	1	4	0	0	1	0	0	6	2	5	11	2	3	1	0	2	9	2	0	2	3	2	2	0	1	2	0	3	1	6	2	2	2	10	2	0	3	2	2	1	17	3	3	3	3	5	1	7	2	2	0	2	3	2	11	7	4	3	9	3	2	4	0	1	0	7	0	2	0	2	4	0	0	3	5	0	6	2	3	2	1	40	1	4	0	1	6	2	2	7	5	1	1	6	3	4	1	3	1	0	3	6	0	0	3	3	2	2	5	2	0	3	4	2	1	4	7	0	1	4	0	0	7	1	0	0	6	0	2	1	1	3	7	2	2	0	3	1	0	3	0	1	5	4	1	3	5	0	2	3	2	1	2	0	3	0	4	0	10	5	4	0	3	1	1	2	6	0	0	4	1	8	2	4	3	5	3	4	2	4	2	1	0	4	5	1	1	7	2	1	2	1	2	5	2	3	3	0	0	5	1	3	5	3	1	3	5	7	0	0	1	2	1	0	1	8	3	0	0	1	1	2	3	2	1	4	4	2	0	0	2	3	6	1	3	2	1	2	3	3	0	3	6	2	0	8	5	1	1	2	5	4	2	1	4	1	1	3	0	4	2	2	3	4	1	0	3	2	5	5	5	0	0	1	1	7	1	0	2	1	0	3	0	1	136	2	3	3	2	0	1	3	3	3	2	1	4	4	0	0	0	3	2	2	1	9	3	0	1	1	2	0	2	4	3	0	3	0	1	3	0	3	1	4	4	0	5	1	6	2	3	6	5	4	4	5	4	2	1	2	7	8	4	4	4	5	5	0	5	2	4	5	1	2	8	5	5	0	3	7	4	9	0	2	9	1	7	2	3	2	1	2	0	0	2	5	2
G[Ins(T):R8]G	2	1	1	5	1	3	2	1	1	1	1	6	12	2	5	5	1	3	7	0	1	5	6	7	11	0	1	1	0	5	9	6	0	1	3	4	4	0	4	5	7	2	20	5	6	0	2	13	2	5	8	3	1	2	3	3	4	3	3	6	9	4	6	3	1	2	3	8	2	1	4	4	5	2	3	3	6	0	4	8	3	4	0	72	0	2	0	3	5	6	2	6	0	2	0	6	3	2	0	6	4	0	8	9	2	0	4	5	4	1	5	0	2	3	5	5	2	2	6	0	3	5	0	4	3	4	3	0	5	0	0	2	3	4	2	1	0	3	0	1	1	2	4	4	3	4	0	1	5	0	1	0	0	5	0	1	3	6	5	2	11	2	3	1	1	2	3	6	6	1	0	3	6	8	7	11	7	9	3	6	0	2	4	4	1	7	8	2	4	5	1	3	7	2	3	2	2	1	10	1	0	4	1	1	2	0	4	4	4	10	1	0	0	2	3	0	4	3	3	1	4	0	2	2	1	1	1	6	8	3	0	5	1	4	1	2	2	4	1	3	2	2	2	4	6	5	2	4	8	1	2	3	3	5	2	4	2	1	2	1	1	4	3	6	3	1	2	0	2	0	0	7	2	0	0	2	3	2	1	0	0	0	0	0	3	2	195	3	1	9	1	1	8	6	4	2	0	2	5	2	2	0	0	2	0	0	4	7	1	0	1	2	0	0	0	1	2	3	0	0	1	4	2	4	0	6	3	0	3	6	9	1	5	3	5	7	3	11	7	1	2	5	12	7	1	3	4	5	8	6	7	0	4	8	6	6	16	7	11	0	8	7	5	14	5	7	5	1	14	3	3	4	5	4	1	1	2	5	11
G[Ins(T):R(9,)]A	0	0	0	0	0	0	0	0	0	0	0	0	0	0	0	0	0	0	0	0	0	0	0	0	0	0	0	0	0	0	0	0	0	0	0	0	0	0	0	0	0	0	0	0	0	0	0	0	0	0	0	0	0	0	0	0	0	0	0	0	0	0	0	0	0	0	0	0	0	0	0	0	0	0	0	0	0	0	0	0	0	0	0	0	0	0	0	0	0	0	0	0	0	0	0	0	0	0	0	0	0	0	0	0	0	0	0	0	0	0	0	0	0	0	0	0	0	0	0	0	0	0	0	0	0	0	0	0	0	0	0	0	0	0	0	0	0	0	0	0	0	0	0	0	0	0	0	0	0	0	0	0	0	0	0	0	0	0	0	0	0	0	0	0	0	0	0	0	0	0	0	0	0	0	0	0	0	0	0	0	0	0	0	0	0	0	0	0	0	0	0	0	0	0	0	0	0	0	0	0	0	0	0	0	0	0	0	0	0	0	0	0	0	0	0	0	0	0	0	0	0	0	0	0	0	0	0	0	0	0	0	0	0	0	0	0	0	0	0	0	0	0	0	0	0	0	0	0	0	0	0	0	0	0	0	0	0	0	0	0	0	0	0	0	0	0	0	0	0	0	0	0	0	0	0	0	0	0	0	0	0	0	0	0	0	0	0	0	0	0	0	0	0	0	0	0	0	0	0	0	0	0	0	0	0	0	0	0	0	0	0	0	0	0	0	0	0	0	0	0	0	0	0	0	0	0	0	0	0	0	0	0	0	0	0	0	0	0	0	0	0	0	0	0	0	0	0	0	0	0	0	0	0	0	0	0	0	0	0	0	0	0	0	0	0	0	0	0	0	0	0	0	0	0	0	0	0	0	0
G[Ins(T):R(9,)]C	0	0	0	0	0	0	0	0	0	0	0	0	0	0	0	0	0	0	0	0	0	0	0	0	0	0	0	0	0	0	0	0	0	0	0	0	0	0	0	0	0	0	0	0	0	0	0	0	0	0	0	0	0	0	0	0	0	0	0	0	0	0	0	0	0	0	0	0	0	0	0	0	0	0	0	0	0	0	0	0	0	0	0	0	0	0	0	0	0	0	0	0	0	0	0	0	0	0	0	0	0	0	0	0	0	0	0	0	0	0	0	0	0	0	0	0	0	0	0	0	0	0	0	0	0	0	0	0	0	0	0	0	0	0	0	0	0	0	0	0	0	0	0	0	0	0	0	0	0	0	0	0	0	0	0	0	0	0	0	0	0	0	0	0	0	0	0	0	0	0	0	0	0	0	0	0	0	0	0	0	0	0	0	0	0	0	0	0	0	0	0	0	0	0	0	0	0	0	0	0	0	0	0	0	0	0	0	0	0	0	0	0	0	0	0	0	0	0	0	0	0	0	0	0	0	0	0	0	0	0	0	0	0	0	0	0	0	0	0	0	0	0	0	0	0	0	0	0	0	0	0	0	0	0	0	0	0	0	0	0	0	0	0	0	0	0	0	0	0	0	0	0	0	0	0	0	0	0	0	0	0	0	0	0	0	0	0	0	0	0	0	0	0	0	0	0	0	0	0	0	0	0	0	0	0	0	0	0	0	0	0	0	0	0	0	0	0	0	0	0	0	0	0	0	0	0	0	0	0	0	0	0	0	0	0	0	0	0	0	0	0	0	0	0	0	0	0	0	0	0	0	0	0	0	0	0	0	0	0	0	0	0	0	0	0	0	0	0	0	0	0	0	0	0	0	0	0	0	0
G[Ins(T):R(9,)]G	0	0	0	0	0	0	0	0	0	0	0	0	0	0	0	0	0	0	0	0	0	0	0	0	0	0	0	0	0	0	0	0	0	0	0	0	0	0	0	0	0	0	0	0	0	0	0	0	0	0	0	0	0	0	0	0	0	0	0	0	0	0	0	0	0	0	0	0	0	0	0	0	0	0	0	0	0	0	0	0	0	0	0	0	0	0	0	0	0	0	0	0	0	0	0	0	0	0	0	0	0	0	0	0	0	0	0	0	0	0	0	0	0	0	0	0	0	0	0	0	0	0	0	0	0	0	0	0	0	0	0	0	0	0	0	0	0	0	0	0	0	0	0	0	0	0	0	0	0	0	0	0	0	0	0	0	0	0	0	0	0	0	0	0	0	0	0	0	0	0	0	0	0	0	0	0	0	0	0	0	0	0	0	0	0	0	0	0	0	0	0	0	0	0	0	0	0	0	0	0	0	0	0	0	0	0	0	0	0	0	0	0	0	0	0	0	0	0	0	0	0	0	0	0	0	0	0	0	0	0	0	0	0	0	0	0	0	0	0	0	0	0	0	0	0	0	0	0	0	0	0	0	0	0	0	0	0	0	0	0	0	0	0	0	0	0	0	0	0	0	0	0	0	0	0	0	0	0	0	0	0	0	0	0	0	0	0	0	0	0	0	0	0	0	0	0	0	0	0	0	0	0	0	0	0	0	0	0	0	0	0	0	0	0	0	0	0	0	0	0	0	0	0	0	0	0	0	0	0	0	0	0	0	0	0	0	0	0	0	0	0	0	0	0	0	0	0	0	0	0	0	0	0	0	0	0	0	0	0	0	0	0	0	0	0	0	0	0	0	0	0	0	0	0	0	0	0	0	0
Del2:U1:R1	1	4	2	4	0	1	2	3	1	3	4	0	4	3	0	2	0	4	3	1	2	3	0	1	1	1	6	2	4	2	3	1	2	3	0	5	2	2	0	3	0	4	3	2	2	1	2	2	3	1	3	1	0	4	2	2	2	3	2	1	2	6	1	3	1	1	0	1	2	4	2	3	3	0	1	5	5	2	4	3	1	3	1	4	5	2	0	2	4	1	5	5	6	0	1	2	0	1	2	0	7	0	0	0	5	3	3	3	1	0	0	0	5	5	4	0	1	0	3	0	2	0	1	2	0	2	5	0	3	1	2	2	1	1	1	2	1	2	2	3	0	1	1	2	0	0	1	1	1	2	3	4	3	2	4	0	2	5	3	2	4	0	7	2	4	2	0	0	3	2	2	2	2	3	0	3	2	4	2	10	1	5	1	4	1	1	0	4	2	8	3	1	0	1	2	3	1	2	5	2	0	1	2	3	2	0	7	0	3	4	1	3	0	4	0	1	0	6	3	1	4	2	0	2	1	6	3	4	1	1	0	4	0	1	1	2	2	3	0	1	1	3	0	1	2	5	1	3	5	0	0	2	2	1	1	1	3	1	2	3	1	1	1	1	0	2	1	0	2	3	1	3	0	0	2	0	1	2	3	2	2	1	1	1	1	5	6	2	2	3	4	3	2	5	4	2	4	0	4	1	3	1	0	0	0	2	1	2	0	0	5	0	2	0	0	0	1	2	3	1	2	2	1	5	0	1	5	1	3	0	2	2	2	3	2	3	1	5	2	5	2	1	3	2	3	3	2	4	2	3	4	2	2	0	2	3	5	1	1	0	2	0	0	3	3	3	5	2	7	3	2	1	3	6	1	2	1	8	4
Del3:U1:R1	1	2	0	1	1	1	2	0	2	0	3	0	0	1	1	0	1	0	0	2	0	0	1	2	0	1	2	2	1	0	1	4	0	0	2	3	3	1	0	4	0	0	2	1	1	0	3	0	0	3	0	1	0	2	2	0	0	0	0	0	0	2	1	0	0	0	0	2	3	1	5	1	1	0	0	2	0	1	1	2	0	1	0	2	1	2	0	2	1	0	0	1	1	0	0	1	1	0	0	2	0	0	2	0	3	0	2	2	2	0	0	0	0	0	1	0	0	0	2	0	1	0	1	2	0	1	3	0	0	1	1	0	1	1	1	0	0	1	0	1	5	1	1	1	2	1	0	2	3	0	3	3	2	0	0	0	4	1	0	2	2	0	5	0	3	4	2	1	1	4	0	0	1	0	0	1	0	4	2	3	2	1	1	0	0	1	0	2	0	1	0	0	1	1	0	2	2	0	1	1	0	0	1	1	1	2	1	2	1	0	0	2	1	0	1	0	1	0	0	0	1	0	0	2	1	7	0	1	0	0	1	2	1	0	3	0	0	0	1	1	2	0	0	1	2	1	0	2	0	0	3	1	0	1	0	0	1	1	0	1	0	1	0	0	0	1	0	2	1	1	0	2	1	0	0	1	0	1	1	1	1	0	0	1	0	2	0	4	0	2	1	2	1	5	2	0	0	1	0	0	1	0	0	0	0	0	0	0	0	0	1	1	1	0	0	3	1	0	0	0	1	1	1	1	0	1	3	0	1	2	0	0	3	5	0	0	0	2	0	6	0	0	2	4	0	2	0	3	1	0	1	0	2	1	2	0	2	2	1	0	3	1	0	1	2	2	1	1	0	4	0	1	1	18	0	0	2	1	0
Del4:U1:R1	1	0	0	2	0	1	1	1	2	1	2	0	1	1	1	1	1	2	0	0	1	0	0	1	0	0	2	1	0	2	1	1	0	1	2	0	2	0	1	0	1	2	0	2	2	1	0	1	0	0	2	0	0	1	2	1	0	1	2	2	2	1	0	0	0	1	2	0	0	1	0	0	1	0	0	1	1	1	0	0	0	4	0	0	1	0	0	1	2	1	1	0	0	0	0	2	0	0	0	0	1	0	1	4	4	1	0	6	0	1	0	0	1	1	2	0	2	0	1	0	1	1	1	1	0	0	2	0	2	1	0	0	0	0	0	0	0	0	0	1	1	1	1	1	1	1	0	0	0	1	0	1	1	2	0	1	0	1	0	0	0	1	3	1	1	0	0	0	0	1	0	0	0	0	0	1	3	2	2	1	0	1	0	1	0	0	2	2	2	2	0	1	1	0	0	0	1	2	0	0	0	0	0	0	1	0	2	2	4	0	0	0	0	1	0	0	1	0	1	0	0	0	0	2	0	1	0	0	1	1	0	3	0	0	2	0	0	2	0	2	1	1	3	0	0	1	1	2	2	0	1	0	1	0	1	1	1	1	1	3	1	0	0	1	0	1	2	0	0	0	1	2	1	1	0	0	0	0	0	1	1	0	0	1	0	0	0	1	0	0	2	1	2	0	0	0	1	0	0	3	2	1	1	1	4	0	1	0	0	0	1	1	0	0	0	1	1	0	0	1	0	0	1	3	0	0	1	0	3	0	3	3	1	3	0	1	0	0	0	7	2	0	1	0	0	1	0	2	0	2	1	1	0	0	2	0	0	0	3	0	1	0	0	2	1	0	1	1	0	0	2	1	0	11	0	3	1	1	1
Del5:U1:R1	1	1	0	3	1	0	1	1	1	0	1	0	1	3	0	0	0	0	0	1	1	0	0	0	0	0	4	0	0	0	0	0	0	2	2	1	3	0	1	1	0	1	0	0	0	0	0	0	2	2	1	0	1	0	1	1	0	0	0	0	0	1	1	0	1	1	0	0	0	0	2	0	0	0	0	1	0	1	0	0	0	0	1	0	2	0	0	0	0	0	1	0	1	0	0	1	2	1	0	0	0	0	0	0	5	3	2	1	0	0	0	0	0	1	2	0	0	1	1	0	1	0	0	1	0	3	0	0	0	0	1	0	0	0	0	0	0	1	0	0	0	0	0	1	1	0	1	2	0	1	0	0	0	2	0	0	2	1	2	1	0	0	4	1	1	0	0	0	1	0	0	2	1	1	0	0	0	1	1	2	0	1	0	2	0	0	0	0	0	1	1	0	0	0	2	0	1	1	0	0	0	0	1	0	1	2	1	2	0	1	0	0	1	1	0	0	1	0	0	1	0	0	2	1	1	2	1	2	1	0	1	4	1	2	2	0	2	1	0	1	2	2	1	0	0	1	0	2	2	0	0	0	0	0	1	0	1	2	0	1	0	2	2	0	0	0	0	0	0	2	2	5	0	0	1	0	0	1	2	0	0	0	0	0	1	0	2	1	0	1	1	2	0	3	0	0	1	0	0	0	0	0	0	1	2	0	0	0	0	0	1	0	0	0	0	1	0	0	0	0	2	0	0	2	0	1	0	0	1	3	0	1	0	1	2	0	0	1	2	7	2	1	1	2	1	0	3	0	1	0	1	1	1	2	1	0	3	4	2	0	2	1	2	1	4	0	1	0	2	0	0	2	5	14	2	1	3	1	1
Del6:U1:R1	0	0	0	1	1	0	0	2	1	2	2	0	1	1	2	0	0	2	0	0	0	1	1	3	1	1	0	1	0	1	0	1	0	1	1	1	1	0	0	0	0	0	0	0	0	0	0	0	2	1	0	0	0	1	0	1	0	0	0	0	0	2	0	0	1	2	0	1	0	0	0	0	0	0	0	2	0	0	0	0	1	1	0	2	0	0	1	1	0	0	1	0	0	1	0	2	1	0	0	1	1	0	3	1	7	0	2	1	0	0	0	0	1	0	2	0	0	0	1	0	0	0	0	2	0	0	5	0	1	0	0	0	0	2	1	0	0	2	0	0	0	0	0	0	0	0	0	1	0	0	1	1	1	0	2	0	0	0	2	0	0	1	0	1	1	2	0	0	1	0	0	0	0	2	0	1	0	2	1	0	1	0	0	1	0	0	0	1	0	1	0	0	0	1	0	1	1	0	2	1	0	1	0	1	1	1	1	3	1	1	0	0	0	2	0	0	0	1	0	0	0	0	0	1	1	0	0	0	1	0	0	0	1	0	1	2	1	0	0	1	2	0	1	0	0	0	0	0	2	0	0	1	1	0	0	1	1	1	0	2	0	1	0	1	0	0	0	1	1	0	0	1	0	0	2	0	0	0	0	0	1	0	0	0	0	2	0	1	0	0	0	1	0	7	0	0	1	1	1	2	1	0	0	0	0	0	1	0	1	0	0	0	0	0	0	0	1	2	0	3	1	2	0	0	0	0	3	0	0	1	0	0	1	2	0	0	0	0	4	5	0	0	0	1	1	0	0	1	0	0	0	0	0	1	0	2	2	3	1	0	1	3	0	0	3	1	1	0	3	5	0	2	3	6	3	0	0	1	1
Del7:U1:R1	2	1	1	1	0	0	0	1	0	0	1	0	0	1	1	1	1	1	0	0	2	0	0	0	0	0	0	0	1	0	0	2	0	0	3	0	1	0	1	0	2	1	0	1	0	0	0	0	0	1	0	0	0	0	1	2	0	1	0	0	0	1	0	0	1	0	0	0	1	0	0	0	0	0	0	0	1	0	1	1	0	0	0	2	1	0	0	1	1	0	2	0	0	1	0	0	0	0	0	0	1	0	1	0	1	0	1	0	0	0	1	0	1	0	1	0	0	0	0	0	3	0	0	0	0	2	2	0	1	0	0	0	1	0	0	0	0	0	0	1	1	0	0	1	1	0	0	0	1	0	0	1	1	0	0	1	2	1	1	0	2	0	0	0	2	3	0	0	2	0	1	0	0	1	1	0	0	1	2	2	0	2	2	2	1	2	0	1	1	0	0	0	3	1	1	2	0	1	1	0	2	0	1	0	2	1	1	0	1	0	0	0	0	1	0	1	0	0	1	0	0	0	0	1	1	0	0	0	0	0	0	1	0	2	0	0	1	0	0	0	3	0	0	1	0	1	1	0	1	0	0	0	1	0	1	1	1	0	0	1	0	0	0	0	1	1	2	0	1	0	0	1	1	0	0	0	2	1	1	0	0	1	0	0	0	1	0	1	0	2	2	0	1	0	1	0	0	0	2	0	0	0	1	0	0	1	0	0	0	0	0	1	0	0	0	1	2	0	0	0	2	0	0	2	0	0	1	0	0	0	0	0	3	0	0	0	0	1	0	6	2	0	0	0	1	0	1	1	4	0	0	2	1	2	1	0	1	2	0	0	2	3	1	0	5	0	2	1	2	2	0	0	0	8	1	0	0	1	1
Del8:U1:R1	1	0	0	1	0	0	0	1	0	0	3	0	1	1	0	1	0	0	0	0	0	3	0	0	3	0	1	0	0	0	0	2	1	0	2	0	1	0	0	0	1	1	0	0	1	0	0	0	0	0	0	0	0	1	1	0	0	1	0	1	1	0	1	1	0	0	1	0	1	0	1	1	0	0	0	0	1	0	1	1	1	0	0	1	0	0	1	0	1	1	0	0	0	0	0	0	1	2	0	0	0	0	0	1	4	1	0	1	2	0	2	0	0	0	2	0	1	1	1	0	1	0	0	1	0	0	0	0	2	0	2	0	1	0	1	0	1	1	0	1	1	1	1	0	0	0	0	0	0	0	0	0	1	1	0	0	0	0	0	1	1	1	1	0	1	0	0	0	0	0	0	0	1	0	0	3	0	1	1	1	2	2	0	1	0	0	1	0	0	1	0	0	1	1	0	0	1	1	0	0	0	0	3	0	1	1	1	2	0	0	0	1	0	0	0	0	0	0	0	0	0	0	0	0	0	0	0	1	0	1	0	3	0	0	0	0	0	1	0	0	1	0	0	1	0	0	1	0	2	1	1	0	1	1	0	0	1	0	0	0	0	0	2	0	0	1	0	1	0	0	0	1	0	0	0	1	1	0	0	0	0	0	0	0	0	1	1	3	0	1	2	0	1	2	0	0	1	0	1	1	1	0	0	1	1	1	2	0	0	1	0	1	0	0	0	2	0	0	0	0	1	0	1	0	1	0	1	1	1	0	2	0	0	0	0	2	0	0	0	0	2	0	1	3	2	0	1	0	1	0	1	1	0	1	0	2	3	4	3	1	1	2	0	1	2	0	1	0	1	1	0	2	1	1	2	1	0	1	1
Del9:U1:R1	1	0	0	0	0	2	0	1	0	0	5	0	0	0	1	0	0	0	0	0	0	1	1	0	0	0	2	1	0	1	0	0	0	0	3	0	0	0	0	1	0	2	0	0	0	0	0	0	1	0	0	1	1	1	0	1	0	0	0	0	1	2	0	1	0	0	0	0	1	0	0	3	2	0	0	0	0	1	0	0	0	0	0	1	0	0	0	1	0	1	1	0	0	0	0	0	1	0	0	1	1	0	2	2	4	1	0	0	0	0	0	0	0	0	0	1	0	1	1	0	0	1	1	2	0	1	0	1	0	0	1	0	1	0	0	1	0	0	0	0	1	1	1	0	2	0	0	0	0	0	0	1	1	1	0	1	2	0	1	0	0	0	4	0	2	1	1	0	1	0	0	0	1	0	1	0	1	1	1	1	1	2	1	1	0	1	0	1	1	1	2	0	0	0	0	0	0	1	0	0	0	0	1	0	0	0	0	0	2	0	0	1	0	0	0	1	1	1	0	1	0	0	1	0	0	2	0	0	0	1	0	0	0	0	0	0	0	1	0	0	0	1	1	0	0	0	0	1	0	0	0	0	0	1	0	0	1	2	2	3	1	0	1	1	1	0	1	0	0	2	0	0	0	0	0	0	1	0	0	0	0	0	0	1	1	1	2	0	0	0	0	1	1	5	0	0	1	1	0	1	0	0	1	0	1	0	0	0	0	0	0	1	0	0	0	0	1	0	0	0	1	0	1	1	0	0	1	0	0	4	0	0	0	2	0	1	0	2	1	6	2	1	0	0	1	1	0	2	0	0	1	0	0	0	2	1	0	1	3	1	0	2	0	0	2	0	0	0	2	0	0	0	1	3	1	1	1	0	1
Del(10,):U1:R1	2	4	3	11	13	6	6	3	4	2	45	3	5	5	6	4	0	6	2	2	7	8	0	3	2	1	10	1	3	4	2	1	2	2	2	5	6	1	6	5	6	13	5	7	4	1	2	5	4	10	0	2	4	5	1	3	3	4	6	6	2	7	0	3	0	6	2	6	4	6	6	4	7	2	4	4	3	3	6	6	4	4	1	3	4	3	2	3	7	9	3	6	1	6	1	5	2	6	3	0	8	0	5	8	52	1	14	6	5	3	3	2	2	5	12	6	5	0	4	0	11	6	5	8	9	3	10	0	14	3	7	6	2	1	6	4	4	2	3	4	5	1	5	2	6	2	1	3	2	1	2	6	7	5	5	7	9	6	4	4	2	3	20	1	10	5	5	2	3	3	2	2	7	6	3	3	5	15	2	6	2	14	4	14	0	8	4	4	6	5	2	0	4	2	8	10	7	11	3	2	0	3	1	2	5	9	12	2	11	4	1	3	0	4	2	1	4	7	9	0	2	1	4	7	1	14	5	9	8	4	0	5	4	2	6	1	19	5	3	6	3	5	0	1	3	2	5	6	7	6	5	10	0	3	6	8	10	5	6	11	3	6	3	5	1	3	2	1	6	5	5	8	0	3	4	1	4	0	1	0	4	3	0	1	3	7	3	10	5	4	3	4	3	41	8	5	7	4	9	11	16	1	4	2	1	2	8	4	5	1	9	6	4	2	3	2	3	5	4	4	4	4	5	6	2	3	5	1	3	4	6	8	7	8	1	2	1	5	10	20	6	9	7	7	12	5	6	4	10	4	10	8	2	4	6	10	6	8	5	2	10	7	5	4	19	1	2	4	10	8	2	9	2	20	1	3	5	6	2
Del2:U(2,):R1	4	3	7	7	4	7	3	5	7	7	7	1	4	10	3	4	2	6	3	2	3	8	3	2	7	1	4	1	1	4	2	4	3	3	3	5	10	0	13	8	4	7	8	6	1	2	7	3	2	2	4	3	5	4	4	4	2	7	5	2	6	11	1	2	1	4	5	7	8	5	4	4	8	1	2	4	5	4	2	6	4	21	6	2	11	3	1	4	5	9	8	3	0	3	4	3	4	2	3	2	10	0	7	6	10	2	4	3	7	1	10	1	3	5	7	3	6	4	5	0	6	5	6	12	8	8	12	2	6	3	7	2	2	2	4	1	7	1	2	7	0	2	6	1	4	6	3	2	6	2	2	7	10	6	1	0	7	6	3	1	7	2	13	2	6	5	3	3	9	9	1	6	4	4	1	9	5	4	8	17	6	6	0	7	5	7	5	4	6	5	2	3	0	1	2	5	4	6	8	1	0	2	2	8	5	5	7	4	4	5	3	2	2	6	3	2	2	2	6	3	6	0	3	3	1	11	7	5	5	4	3	13	2	2	8	2	4	6	6	1	3	2	5	2	2	7	4	5	10	4	4	5	4	9	6	1	5	8	4	5	1	6	3	7	2	2	4	5	6	3	8	8	5	1	4	4	2	0	5	4	6	0	0	1	4	2	16	4	3	6	5	3	0	16	8	3	4	3	3	4	4	2	3	4	6	4	2	4	5	0	10	5	1	0	3	2	4	4	2	8	5	7	6	10	0	5	7	1	6	6	6	3	18	10	2	6	7	8	3	21	16	4	7	12	6	2	8	5	9	6	5	2	7	5	6	10	10	8	6	3	8	8	5	5	14	7	5	2	10	5	5	3	6	45	2	3	4	2	7
Del3:U(2,):R1	1	0	1	6	3	6	3	5	0	4	4	0	1	2	2	2	0	1	1	0	2	2	1	2	5	0	5	0	1	0	1	5	0	1	4	5	1	1	2	1	0	2	3	2	4	2	4	2	0	4	0	0	2	4	2	4	0	0	2	2	1	1	4	1	0	0	1	3	2	4	5	2	2	1	4	4	2	2	1	1	0	6	3	3	2	1	0	2	3	5	1	0	3	0	2	0	2	0	3	1	3	0	2	2	9	0	1	3	2	1	2	1	0	3	4	3	0	0	2	0	5	1	1	2	7	2	3	1	1	0	5	0	6	3	1	2	1	0	2	1	2	3	1	2	4	2	1	1	2	0	2	3	4	4	1	0	4	4	5	0	5	2	4	4	5	2	4	1	3	2	0	2	2	4	0	6	2	9	2	6	4	6	0	7	2	3	1	2	3	1	0	1	3	0	2	2	3	9	3	1	0	1	4	10	2	4	3	5	3	4	1	0	0	2	5	0	3	1	1	2	2	0	2	3	0	3	1	5	4	3	0	5	3	0	2	0	2	4	2	4	2	2	0	0	1	1	1	5	6	2	2	2	2	5	2	1	3	3	1	4	2	1	1	3	0	0	3	0	4	1	2	7	1	0	1	1	3	0	2	1	5	0	0	3	1	4	2	0	2	8	1	1	3	8	3	0	0	1	0	4	2	0	1	1	5	0	0	1	1	1	2	2	2	0	0	8	0	4	1	2	0	3	4	0	1	4	6	0	4	3	3	1	5	5	2	3	2	4	2	13	5	4	3	4	5	2	2	2	6	1	5	2	1	3	3	1	4	4	1	1	4	4	2	5	6	2	1	1	4	1	1	1	5	38	2	3	4	8	3
Del4:U(2,):R1	0	4	1	6	3	2	1	4	3	1	5	0	1	2	5	2	0	3	1	3	3	3	1	2	1	1	1	3	1	2	1	0	3	5	2	2	0	0	2	1	3	3	4	3	3	0	3	0	0	2	1	2	1	3	1	1	0	3	2	1	0	2	4	1	1	2	0	1	4	0	2	3	4	1	0	1	0	2	0	3	2	3	1	2	2	0	0	0	2	2	1	1	1	1	0	3	2	1	1	0	6	0	3	1	2	1	0	1	1	0	1	0	2	7	6	3	2	0	1	0	4	1	2	4	3	3	1	1	2	1	2	3	2	0	1	0	1	0	2	5	1	2	1	0	0	1	1	1	3	0	1	0	0	1	2	1	5	0	4	3	2	1	3	0	4	2	2	2	3	1	0	1	2	1	1	1	2	2	3	3	3	8	1	4	0	1	1	1	4	3	3	2	0	0	1	1	1	2	2	0	0	2	0	0	2	3	3	0	7	6	0	2	3	4	1	1	2	4	2	2	1	0	1	0	0	2	1	3	1	1	0	2	1	1	2	1	2	2	2	6	2	3	1	1	1	2	0	4	3	4	3	2	1	4	4	1	2	2	0	2	1	2	2	1	1	0	1	0	2	0	1	0	0	0	0	1	1	0	0	1	3	0	1	0	4	1	3	1	2	1	2	1	3	5	6	0	3	2	3	1	1	0	1	1	2	0	0	0	1	0	2	3	1	0	2	2	1	3	1	1	1	0	2	1	0	2	2	0	1	2	0	2	5	0	1	1	1	2	4	14	3	1	0	2	2	1	4	4	0	1	2	1	1	2	4	1	4	3	3	1	6	2	2	3	6	5	1	2	4	4	1	5	7	22	0	4	3	0	1
Del5:U(2,):R1	3	1	1	7	3	0	1	0	1	1	5	0	1	1	2	1	0	2	0	0	1	2	2	2	1	0	2	0	2	0	0	1	2	2	2	2	1	0	3	0	2	4	3	4	1	0	2	0	2	1	0	1	2	3	0	1	2	1	1	0	2	1	3	4	1	1	0	1	3	1	5	2	1	1	0	2	0	1	0	3	2	3	0	0	2	2	0	1	2	0	2	3	0	3	4	0	0	0	0	0	4	0	2	0	7	0	1	2	0	1	3	2	1	3	5	3	0	1	2	0	2	1	2	2	1	0	0	0	2	2	4	2	1	0	1	1	1	0	0	2	1	0	2	1	3	1	0	2	3	0	0	5	0	4	1	1	1	1	0	1	2	0	4	1	2	2	1	0	1	0	0	0	0	1	1	1	0	3	0	2	2	1	1	7	1	5	1	1	3	0	1	0	2	0	1	1	2	2	1	2	0	1	2	1	0	2	0	0	5	1	0	2	1	1	1	1	0	0	0	2	1	0	3	1	1	4	2	0	0	1	0	6	1	1	2	0	1	2	0	1	0	1	0	0	0	2	0	1	2	0	1	3	0	2	1	1	2	2	1	1	1	2	3	2	0	2	2	0	1	2	1	4	1	0	3	0	2	2	0	0	2	0	0	2	1	1	3	1	0	0	1	1	2	5	3	0	1	1	2	5	2	0	0	0	0	1	2	0	0	2	4	1	0	0	2	0	1	2	0	1	0	3	3	4	2	1	0	0	4	5	1	2	6	7	1	1	0	1	0	15	2	1	1	2	3	4	5	5	2	0	2	2	2	1	3	1	6	10	5	1	5	3	2	2	10	0	1	1	2	8	1	2	5	12	2	0	1	3	1
Del6:U(2,):R1	0	5	1	6	2	0	3	1	1	3	7	0	0	1	0	1	0	3	1	1	2	0	2	0	1	2	9	1	0	4	1	4	1	0	3	1	2	1	1	0	0	1	1	1	2	0	1	0	2	2	0	0	2	1	0	0	0	0	0	0	0	3	4	0	0	0	1	3	3	1	3	2	0	1	1	1	3	0	0	1	2	1	2	0	0	1	1	1	2	2	0	1	0	1	1	2	2	3	0	0	4	0	0	1	4	0	2	2	5	1	2	0	1	3	1	1	0	0	1	0	0	2	0	2	2	0	0	1	3	1	0	3	2	1	2	0	3	1	1	1	0	1	1	1	2	0	0	0	1	1	2	1	0	0	1	0	3	2	1	0	3	1	2	0	3	0	2	2	2	0	0	0	3	1	1	4	3	3	0	4	1	3	1	1	0	3	3	0	3	2	1	0	0	1	2	0	0	3	3	2	0	1	3	2	0	1	2	2	3	2	0	3	2	5	2	2	2	0	7	4	0	1	1	2	0	4	2	2	3	1	0	1	1	1	2	1	4	1	4	1	1	2	0	1	1	2	0	2	3	0	0	1	0	0	5	1	3	1	1	2	0	3	0	3	0	1	0	0	0	2	1	3	3	1	3	1	1	1	0	2	1	0	0	1	2	0	1	2	0	0	2	3	1	6	7	1	1	0	4	1	2	2	5	1	2	3	0	0	1	0	0	1	1	0	1	1	0	1	2	1	1	3	1	2	0	0	2	0	0	5	4	1	1	2	0	4	1	1	1	13	0	6	1	2	4	4	2	5	4	1	1	1	1	4	2	4	5	2	5	0	3	5	2	3	8	0	2	0	5	5	0	2	1	21	6	0	1	7	3
Del7:U(2,):R1	1	1	3	3	2	0	2	0	0	1	3	1	1	2	0	0	0	0	1	0	2	0	0	0	5	0	3	0	0	1	0	0	2	0	4	1	2	0	2	0	1	5	2	2	2	1	1	0	1	1	1	0	1	3	1	3	0	1	3	0	1	3	2	0	0	1	1	0	1	0	2	1	2	1	0	2	0	2	1	0	2	7	0	1	0	1	0	3	1	1	4	0	0	2	1	1	4	0	2	3	1	1	0	1	6	1	2	0	1	1	3	0	2	4	1	1	2	1	1	0	3	0	1	1	2	4	1	1	2	1	2	1	1	0	0	2	0	0	1	3	0	3	0	4	1	0	0	0	2	0	0	3	0	1	4	3	2	2	1	1	1	3	6	0	1	0	3	0	1	1	0	3	1	3	0	1	2	1	1	3	1	3	0	5	1	0	0	1	3	1	0	0	2	1	0	2	2	0	1	0	0	0	0	0	1	1	1	2	1	0	1	2	0	0	2	0	2	1	4	1	1	1	2	1	0	3	4	1	3	0	0	2	0	0	0	1	1	1	2	3	2	3	2	0	0	1	1	2	2	0	1	2	0	3	3	3	1	2	2	5	0	2	1	0	0	2	1	1	1	1	3	2	1	0	1	1	4	1	0	0	3	1	0	0	0	1	3	0	2	2	0	0	1	6	1	1	3	0	3	3	1	0	1	1	1	2	3	0	1	0	3	3	1	0	1	0	0	1	1	0	0	1	1	0	1	1	2	0	0	0	1	2	4	2	1	1	1	1	2	13	2	2	1	1	5	1	4	2	4	2	0	2	2	1	0	0	1	7	3	3	1	2	0	1	5	2	0	1	4	2	0	3	2	16	0	3	0	3	3
Del8:U(2,):R1	1	1	2	5	2	2	6	0	1	2	2	0	0	4	2	3	0	2	0	0	0	0	1	1	3	1	3	2	0	1	0	2	0	1	5	1	1	0	1	1	0	3	1	0	0	2	2	0	1	2	1	1	0	0	5	2	0	0	2	0	0	4	0	0	2	0	0	0	2	1	1	1	4	0	0	2	0	1	0	1	0	0	1	0	0	1	1	1	0	3	0	1	0	0	0	1	3	1	0	0	0	1	2	2	12	1	0	2	1	0	1	0	2	0	5	0	2	0	2	0	1	1	0	2	1	2	0	0	3	0	3	0	2	0	1	1	1	2	1	1	0	0	0	1	0	1	0	0	0	0	3	2	0	3	1	0	3	2	2	0	0	0	6	0	4	1	2	2	1	2	0	0	0	2	1	0	2	2	0	2	2	1	1	3	1	1	0	0	1	1	1	0	0	2	1	3	4	3	0	1	0	1	0	1	0	0	1	1	4	2	1	0	0	1	0	1	0	1	2	2	0	0	0	5	1	3	1	2	1	1	0	1	2	0	2	0	3	0	2	0	2	0	0	0	0	1	1	2	4	3	2	3	0	1	0	1	1	2	1	1	1	0	1	1	0	1	2	0	0	1	0	1	0	0	3	3	2	0	0	1	2	0	0	0	1	2	0	0	1	0	0	0	1	8	1	0	0	1	2	3	1	0	0	0	0	1	1	2	2	0	0	1	2	0	1	0	0	2	1	0	0	0	2	5	0	4	3	0	1	2	0	2	2	3	0	6	0	1	2	9	1	3	0	2	3	2	2	5	4	2	0	3	2	4	3	2	3	2	1	2	2	1	0	3	3	0	0	0	0	2	0	2	4	10	0	1	3	0	2
Del9:U(2,):R1	0	2	0	2	6	1	4	1	2	1	7	2	1	0	2	1	0	2	1	0	0	1	1	2	1	2	5	1	1	1	0	2	1	0	4	0	2	0	1	0	4	2	1	2	3	1	2	0	0	0	0	0	2	3	1	0	0	2	2	2	1	0	0	2	2	3	1	2	1	0	2	0	0	0	0	3	0	1	1	2	2	4	0	2	2	0	2	0	3	1	0	2	0	1	0	3	1	3	0	1	2	0	3	3	11	0	1	0	1	2	3	0	1	1	2	0	1	0	1	0	4	1	0	3	2	0	0	0	2	0	0	2	1	0	0	1	1	1	1	1	0	0	0	4	4	1	0	0	0	0	2	1	3	1	0	1	4	1	0	0	1	1	5	1	2	1	0	0	0	0	0	1	0	1	1	1	0	2	3	2	0	2	1	0	0	0	0	0	2	1	0	0	1	1	0	2	0	1	2	0	0	0	1	0	1	0	1	1	2	3	0	0	0	3	1	2	1	1	3	0	1	0	1	3	0	5	1	0	1	0	0	0	1	1	1	0	0	1	3	2	1	0	2	0	0	0	1	0	5	0	3	1	2	0	1	1	4	4	4	1	0	2	0	0	2	1	2	1	1	2	0	3	1	0	0	0	1	2	0	0	4	2	0	0	0	1	1	5	0	0	1	0	2	6	1	0	2	1	3	3	0	1	1	1	1	0	3	0	2	0	1	1	1	0	1	0	1	2	1	0	0	0	2	2	0	2	0	0	1	1	4	0	2	4	1	0	2	1	2	12	0	1	1	1	2	2	1	3	2	1	6	3	0	3	2	2	2	1	1	0	5	4	3	0	4	0	0	1	3	3	1	4	3	10	1	1	0	1	1
Del(10,):U(2,):R1	5	7	9	35	22	12	18	16	11	11	114	7	14	13	13	11	8	14	9	5	7	5	9	17	18	9	15	11	4	16	3	7	12	4	24	15	17	1	19	5	9	32	18	12	17	7	17	0	9	18	10	7	7	14	3	17	5	7	11	4	2	18	8	7	6	13	2	22	10	11	17	17	22	2	5	14	9	6	5	5	8	24	1	8	13	9	3	19	9	18	5	14	7	7	3	20	6	13	8	8	21	0	23	11	120	7	53	13	14	8	6	3	11	8	34	8	12	4	8	0	30	11	0	15	19	9	16	2	23	6	13	12	10	6	4	8	10	10	11	12	7	6	23	19	10	0	4	6	9	2	10	12	12	19	15	2	38	11	18	14	14	15	38	5	32	24	10	9	16	7	2	10	15	18	3	22	13	31	15	13	7	24	10	23	0	11	12	10	17	13	6	3	12	5	6	28	19	20	11	0	2	11	7	14	11	16	24	9	25	18	5	10	2	14	16	4	9	17	22	6	8	2	7	17	3	33	11	23	24	6	1	17	13	8	18	5	32	10	11	10	23	6	8	2	3	10	4	11	23	15	12	13	10	8	20	7	10	8	21	20	6	7	12	13	2	10	6	4	8	9	13	27	6	2	10	3	15	9	8	5	11	4	1	3	8	19	8	14	9	11	10	7	19	100	22	5	15	8	15	21	26	3	11	5	17	7	20	10	12	3	8	14	7	3	9	5	8	20	3	7	6	12	12	38	4	8	6	4	7	11	11	16	13	38	2	12	5	12	16	55	18	14	9	19	23	11	18	31	14	11	13	10	5	7	11	13	18	19	16	4	11	20	10	12	32	10	11	4	15	25	5	20	21	62	8	11	14	18	4
Del2:U1:R3	2	3	0	2	1	1	1	1	4	1	5	0	4	4	1	1	2	4	0	2	0	7	1	4	9	2	1	5	0	3	2	2	1	1	3	0	6	0	4	2	1	5	3	0	4	0	3	2	2	5	2	4	3	4	0	3	3	1	4	7	1	3	4	0	0	0	3	2	1	0	3	3	6	0	2	2	5	0	1	1	3	4	2	11	8	2	2	3	1	3	1	2	0	1	0	1	0	4	1	0	4	0	3	0	3	1	1	1	4	0	2	1	1	4	0	0	4	1	0	0	3	1	9	3	3	3	2	0	2	0	2	2	2	7	3	0	0	2	3	6	1	3	4	4	3	2	1	1	0	2	3	2	6	6	1	1	5	1	6	0	5	3	9	2	4	3	4	5	2	1	1	2	3	2	0	3	1	5	3	2	2	5	0	2	0	0	0	1	4	4	4	0	3	0	1	2	4	1	4	0	0	1	2	2	1	2	2	1	1	4	1	2	0	1	0	1	3	0	3	0	1	0	3	2	0	3	3	2	2	3	1	2	0	1	4	1	5	0	2	1	4	0	3	3	1	4	2	7	5	3	3	3	1	0	4	0	4	1	6	1	0	2	1	5	2	2	1	2	3	3	2	1	0	0	2	2	0	1	0	1	4	0	0	3	1	4	43	1	2	1	1	1	2	3	4	3	3	0	1	2	0	0	4	1	4	0	3	2	4	0	2	2	2	0	1	1	1	9	0	3	3	2	1	6	0	5	0	1	2	2	1	4	6	3	1	2	0	2	3	9	4	3	4	0	1	3	4	8	3	3	2	2	3	2	0	1	2	3	2	1	5	1	3	4	5	3	1	1	8	2	0	5	6	12	1	4	3	0	2
Del2:U1:R4	2	3	0	1	1	4	2	2	2	2	1	0	1	0	0	4	0	2	0	1	1	2	2	4	0	0	3	2	0	1	1	3	1	1	1	3	1	1	0	1	3	7	1	4	6	0	0	0	1	2	0	3	0	2	0	2	0	2	2	1	1	3	1	1	0	0	1	1	8	3	2	1	1	0	0	1	2	0	1	3	1	1	2	15	4	0	0	0	0	0	1	4	0	2	1	1	1	3	0	0	1	0	2	0	0	0	1	3	0	2	2	2	2	0	2	1	1	1	1	0	2	2	1	1	2	0	0	0	3	0	1	3	0	1	1	0	1	1	0	0	0	0	1	1	2	1	3	2	1	0	2	1	3	1	2	0	2	2	2	0	1	1	1	2	1	0	2	0	1	1	0	2	3	2	0	2	3	2	1	2	3	3	0	3	1	3	1	2	1	0	2	0	1	0	0	2	1	3	2	0	0	0	0	1	1	3	2	1	4	2	0	1	1	1	7	0	2	0	1	0	1	0	1	2	2	2	2	1	2	1	1	3	0	2	2	0	0	0	3	1	5	2	0	0	1	1	2	3	3	2	1	1	0	0	2	1	1	0	1	1	1	1	2	1	0	2	1	0	1	0	1	2	0	0	3	0	0	2	2	3	1	0	0	1	1	3	24	3	2	1	0	0	1	6	2	2	3	0	1	1	1	0	3	2	0	0	3	3	0	0	1	1	1	0	2	1	0	2	0	2	1	2	1	1	1	1	0	0	1	5	0	2	2	2	0	4	0	3	0	4	2	5	1	3	3	1	1	2	3	1	1	3	1	0	1	3	0	1	4	1	0	2	2	1	3	1	1	0	1	3	0	0	3	6	1	2	0	4	1
Del2:U1:R(5,9)	0	0	2	3	0	3	0	0	5	1	2	0	1	3	0	2	0	0	0	0	1	5	1	2	1	0	0	2	0	0	0	0	0	2	1	5	3	0	1	3	1	2	7	3	1	0	1	0	2	6	1	2	1	0	1	3	1	1	1	3	1	4	1	1	1	2	2	3	1	1	0	2	3	0	3	4	1	0	1	0	1	3	0	21	7	1	1	1	2	2	3	1	3	1	1	1	2	3	1	1	1	0	1	3	2	0	1	3	1	1	1	0	2	0	4	0	4	0	1	0	0	2	0	4	2	0	0	0	0	0	1	0	0	0	3	0	2	1	2	1	2	1	2	3	1	2	2	4	2	0	2	0	3	4	1	1	1	0	3	2	2	2	7	0	1	1	3	0	0	0	1	2	2	1	0	1	2	4	0	1	1	3	1	1	0	1	3	1	2	1	1	0	1	0	0	0	2	2	1	2	0	3	1	3	1	2	2	1	2	2	0	0	1	2	0	0	0	1	1	1	2	1	1	0	0	4	1	2	1	1	0	0	0	0	1	1	1	1	1	1	2	1	1	0	0	3	1	1	1	0	0	0	3	4	4	0	0	2	0	0	0	0	0	2	2	2	3	1	3	1	1	1	1	0	3	0	0	0	4	1	1	0	0	0	1	1	72	5	1	2	0	0	4	5	4	0	0	0	1	2	1	1	4	1	1	0	3	0	1	0	1	0	0	1	0	1	2	1	1	0	0	2	1	0	3	4	2	0	2	6	1	3	0	4	0	4	0	2	2	3	2	3	3	0	5	4	2	4	1	2	1	2	2	1	2	3	2	1	0	0	2	2	1	1	3	5	1	0	1	2	3	3	0	6	0	4	2	1	0
Del2:U2:R2	6	4	9	9	4	10	11	7	4	7	9	4	8	3	3	6	2	8	10	5	4	10	6	10	5	2	7	11	2	8	2	8	4	1	5	7	9	1	11	6	9	12	11	11	6	3	2	4	2	9	3	2	3	11	2	7	7	7	8	2	1	10	2	1	4	8	3	8	10	2	9	12	7	2	5	3	7	6	2	7	6	19	4	26	13	4	1	6	11	6	2	5	4	3	2	10	8	5	5	3	8	1	7	6	12	3	8	7	3	3	4	3	5	7	6	9	1	3	7	1	8	7	16	8	6	5	4	2	8	0	2	9	1	3	4	5	5	0	7	2	1	3	10	5	3	4	2	5	5	2	6	6	6	6	3	4	10	6	6	0	7	0	13	4	8	5	7	5	8	7	3	2	4	7	2	11	5	24	11	10	5	6	3	7	2	6	3	6	11	11	4	5	3	3	3	4	6	8	6	4	0	5	2	11	6	11	8	12	7	11	3	6	1	8	4	1	6	3	14	2	4	5	4	8	8	8	7	8	8	5	0	11	9	3	11	5	5	5	4	8	5	7	7	2	1	4	5	12	6	1	7	4	2	6	11	4	8	4	2	5	4	5	8	11	6	4	10	2	2	6	6	15	4	5	7	4	5	11	5	5	8	2	0	4	7	4	45	8	6	8	3	2	4	15	14	1	11	4	4	4	3	3	5	5	6	4	7	3	3	1	15	6	2	1	4	5	4	10	2	2	6	6	10	14	7	8	10	0	8	15	6	7	19	10	6	7	10	8	4	14	11	10	13	10	6	3	10	8	7	13	7	8	5	6	7	4	12	4	7	2	7	7	3	6	10	5	13	0	12	5	7	3	7	19	0	2	3	15	4
Del2:U2:R3	3	2	1	4	3	3	1	4	5	1	2	1	3	3	1	2	0	3	0	1	2	1	2	5	5	1	8	1	0	0	1	4	2	3	4	0	3	1	6	4	1	4	13	0	2	4	5	0	2	4	3	0	0	5	1	1	2	5	0	1	0	4	2	0	1	4	1	6	6	2	6	2	6	0	1	1	2	3	4	3	0	1	3	15	3	2	0	2	2	6	3	3	2	1	1	5	3	3	0	3	5	0	5	4	4	1	3	3	1	1	4	0	1	0	7	1	1	0	2	0	5	3	3	2	2	3	5	2	2	0	2	3	2	6	2	0	1	1	0	2	1	1	3	2	4	0	2	0	1	2	0	1	3	4	1	1	1	3	2	0	1	1	9	4	3	7	1	3	3	1	0	0	1	1	1	5	3	7	4	10	1	6	3	1	0	4	0	2	5	6	1	1	1	0	1	2	2	5	5	2	0	0	2	0	3	7	2	1	2	3	1	2	0	0	0	0	3	3	4	1	2	1	2	6	3	3	4	3	1	2	0	3	3	1	1	2	3	5	4	1	2	3	1	0	1	3	1	4	7	1	3	2	0	1	2	1	3	3	0	2	0	4	0	4	3	3	2	1	1	3	0	9	0	1	1	0	1	5	0	1	3	1	0	1	1	5	23	4	2	5	1	1	3	3	5	1	4	1	1	5	1	0	0	1	3	0	0	4	2	0	3	4	0	1	0	2	1	8	1	2	2	2	3	1	1	5	12	0	5	4	2	2	5	7	0	2	2	7	0	4	3	5	1	8	4	0	4	7	6	1	6	2	2	4	1	1	3	0	3	1	2	4	1	2	2	6	3	1	7	4	3	0	8	6	1	2	5	3	3
Del2:U2:R4	0	1	3	1	1	1	1	0	1	0	2	0	4	3	2	0	0	0	1	0	1	2	2	1	2	0	0	0	0	2	1	1	2	1	0	0	0	0	2	2	2	1	1	1	0	0	1	0	1	0	0	0	0	2	0	1	0	3	0	0	1	0	0	0	0	2	0	1	0	0	1	2	1	0	0	0	1	1	1	1	1	2	1	30	2	0	0	0	1	1	0	2	0	0	0	3	1	0	1	0	0	0	0	1	1	0	0	0	0	1	2	0	1	1	6	1	2	0	1	0	1	1	2	1	3	2	0	0	0	0	1	0	0	0	1	1	1	1	1	0	1	1	0	1	1	2	0	1	0	0	0	0	1	2	1	1	1	0	2	1	0	2	4	1	1	0	1	1	0	0	1	0	0	0	1	3	1	1	0	2	2	0	2	1	0	1	2	2	1	1	0	2	2	0	0	0	2	0	0	0	0	0	0	1	3	2	2	0	2	2	0	1	0	0	1	0	3	0	1	4	2	0	3	1	0	3	0	0	1	0	0	0	1	0	0	0	3	2	3	1	1	1	2	0	0	1	0	1	1	0	0	1	1	1	2	0	0	0	1	2	1	3	1	2	0	0	0	0	1	1	0	5	0	0	0	1	3	1	1	0	1	3	0	0	0	0	53	0	0	1	0	0	0	1	2	1	1	1	0	1	2	0	2	0	3	2	1	1	0	0	2	1	1	0	1	0	1	2	1	1	1	2	1	2	1	1	1	0	1	1	1	2	4	3	1	3	2	0	1	0	1	1	1	1	1	1	1	3	2	1	3	1	1	2	1	1	3	5	3	0	1	2	0	0	1	3	1	0	4	6	0	1	3	1	0	2	0	3	5
Del2:U2:R(5,9)	0	1	1	2	0	0	4	2	1	0	2	0	2	2	1	0	0	1	1	0	1	1	0	2	3	0	4	1	0	1	0	1	1	0	1	0	1	0	0	3	1	0	3	1	0	2	1	1	0	3	2	0	0	2	0	0	0	0	0	1	0	1	0	0	0	0	0	0	0	2	1	0	0	0	0	0	0	0	1	2	0	1	1	44	0	0	0	2	1	2	2	1	0	0	0	1	2	2	1	0	1	1	1	3	0	1	0	1	1	0	0	0	0	0	1	1	2	0	1	0	2	0	0	0	3	1	3	1	4	0	1	2	1	0	0	0	1	1	0	0	0	0	0	1	0	2	0	0	1	0	2	1	0	1	1	0	2	0	4	0	0	0	1	0	2	0	0	0	0	2	0	3	1	2	2	1	1	2	1	0	0	3	0	4	0	1	1	1	1	2	0	0	0	0	1	1	1	2	2	1	0	1	1	2	1	0	1	0	1	1	0	2	0	1	0	0	0	1	0	1	3	1	0	5	1	2	0	3	0	0	0	1	1	3	3	0	0	1	1	0	2	0	1	0	1	1	0	0	0	0	3	1	1	0	0	1	0	2	1	1	0	2	3	0	0	1	0	0	1	0	1	2	1	0	1	0	0	1	0	0	1	0	0	0	0	1	239	0	0	0	0	0	0	3	1	0	0	1	0	1	1	0	0	0	2	2	0	0	1	1	3	1	1	0	1	0	2	1	0	1	2	0	0	0	0	0	1	1	5	1	4	7	4	4	1	7	3	4	1	6	5	3	16	3	5	3	6	6	4	5	9	4	4	6	3	5	7	3	7	2	3	6	6	4	1	5	2	2	3	5	1	3	2	3	1	2	5	1	9
Del3:U1:R4	0	0	0	2	0	0	1	0	2	1	0	0	0	0	1	0	0	0	0	0	0	0	0	0	1	1	0	0	0	1	0	0	0	0	1	1	1	0	0	1	0	0	0	1	0	0	0	0	1	1	0	0	0	0	0	0	0	1	1	0	1	1	1	1	0	0	2	0	1	0	0	1	0	0	0	0	0	2	0	1	1	0	0	0	0	0	1	0	0	0	0	0	0	0	0	0	0	0	0	0	0	0	1	0	0	0	0	0	0	0	0	1	0	0	0	0	0	0	0	0	0	0	1	0	1	1	1	0	0	0	0	0	0	0	0	0	0	0	0	1	0	0	0	0	1	0	0	0	0	0	0	0	0	1	0	0	1	1	1	0	0	0	1	0	0	0	0	0	0	0	0	0	0	0	0	0	0	2	0	0	0	0	0	3	0	0	1	1	0	0	0	0	1	0	0	0	1	1	0	0	0	0	0	0	0	0	0	1	0	0	0	1	0	0	0	0	0	0	0	0	0	0	1	1	0	0	0	0	0	0	0	0	0	0	0	0	1	1	0	2	0	0	1	0	0	0	0	1	1	0	1	1	0	0	0	0	1	0	1	1	0	0	0	0	0	0	0	0	1	0	0	0	0	0	0	0	0	0	0	0	0	0	0	0	0	1	1	0	0	0	0	0	0	0	0	0	0	0	0	1	0	0	0	0	0	0	1	0	0	0	0	0	0	0	0	0	0	1	0	0	0	0	0	0	0	1	0	0	1	0	1	1	1	0	0	0	0	0	0	0	0	0	1	1	0	0	0	1	0	0	0	1	0	0	0	0	0	0	0	0	0	0	1	0	0	0	0	0	0	0	0	0	1	2	1	1	0	0	1
Del3:U1:R(5,9)	0	0	1	1	1	0	0	0	0	0	1	1	0	1	0	1	0	2	1	0	2	2	0	1	0	0	1	2	0	0	0	0	0	1	0	1	0	0	0	0	0	0	0	1	1	1	0	0	0	1	2	2	0	0	0	1	1	2	0	0	0	0	0	0	0	2	0	0	0	2	1	0	0	0	0	0	0	0	0	0	1	0	0	1	0	0	0	0	0	1	1	1	1	0	0	1	1	0	1	0	0	0	0	0	3	0	0	1	0	0	0	0	0	0	1	0	0	0	0	0	0	0	0	0	0	0	0	0	0	0	1	0	2	1	0	1	0	0	0	0	1	0	0	1	0	0	0	1	0	0	2	0	1	0	1	0	1	1	0	0	2	0	4	0	0	0	0	0	2	0	0	0	0	0	0	0	0	0	0	0	1	0	0	0	1	0	4	1	0	2	1	0	0	0	0	1	0	0	1	0	0	1	1	3	0	0	1	1	0	1	0	0	1	0	1	0	2	0	1	1	0	0	0	1	0	2	1	0	2	0	0	1	0	1	0	0	0	0	0	0	0	0	0	0	0	0	0	1	0	1	1	0	1	0	1	1	0	0	1	1	0	0	1	1	0	1	1	0	0	2	1	2	0	1	0	0	2	0	1	0	0	0	0	1	0	2	1	0	1	0	1	1	0	1	1	0	0	1	0	2	1	0	0	0	0	0	0	1	0	0	1	1	0	0	0	1	0	0	0	0	1	0	1	1	1	2	0	0	0	1	1	0	1	2	0	1	1	1	0	0	0	0	0	0	0	0	1	2	1	1	0	0	0	1	0	1	1	1	2	0	0	0	0	0	0	1	1	0	0	1	0	0	3	5	0	1	0	2	0
Del3:U3:R2	8	5	6	7	3	9	5	7	6	2	8	6	11	3	6	9	2	13	4	1	7	5	10	11	10	0	7	4	6	3	3	8	2	6	9	9	4	3	8	3	8	10	14	1	6	2	4	3	4	7	5	4	9	1	3	2	2	3	6	5	2	2	4	5	7	2	2	2	5	4	8	1	2	3	2	2	8	3	11	5	2	8	4	16	2	5	3	3	4	4	5	6	7	2	1	3	8	4	4	6	7	0	4	9	6	3	4	6	10	1	8	1	8	4	6	1	5	3	3	0	1	7	5	11	6	2	6	0	8	1	4	8	4	4	9	6	1	6	6	4	5	3	7	4	3	1	3	7	6	1	10	6	3	5	8	0	5	3	7	3	7	3	7	3	11	10	9	4	4	3	4	9	2	4	6	6	7	19	10	6	2	2	4	10	4	6	4	6	8	7	1	6	7	2	4	5	6	7	9	5	0	4	2	3	4	5	8	2	10	10	0	4	5	4	10	0	4	1	4	3	3	2	4	8	2	5	6	6	8	6	0	9	3	4	4	2	8	9	2	4	4	3	5	2	8	6	3	4	6	5	9	5	5	6	8	3	10	5	5	7	1	7	8	3	10	7	6	3	4	6	3	13	3	0	3	2	5	3	5	5	4	3	1	2	1	3	55	5	8	6	5	6	7	16	10	3	7	2	6	5	3	4	1	2	4	3	1	4	8	0	6	4	6	0	2	2	5	5	6	3	5	5	6	7	1	3	5	1	3	13	6	9	10	2	4	8	7	9	7	10	5	6	8	5	5	2	5	10	12	3	7	8	1	4	3	2	19	8	10	1	8	6	7	5	8	5	7	1	3	4	6	7	15	12	1	6	4	12	3
Del3:U3:R3	0	0	1	1	0	1	0	1	0	1	4	1	5	2	4	1	0	3	1	0	0	0	1	4	0	1	1	2	3	2	1	1	0	0	2	8	1	1	3	0	1	0	3	2	1	1	2	0	0	2	0	1	4	0	0	0	1	1	1	0	0	2	0	1	1	1	2	2	2	2	3	1	1	0	0	1	0	0	1	1	2	2	3	11	1	1	0	2	2	0	0	2	0	3	0	2	1	1	1	0	0	0	1	1	0	1	0	3	1	0	1	1	0	2	0	0	0	0	2	0	2	1	0	1	3	0	1	0	2	0	3	4	0	0	2	1	1	1	0	1	2	1	2	3	0	1	1	2	0	1	0	4	1	4	2	0	1	2	0	2	2	0	1	1	0	1	1	0	0	2	1	1	2	1	1	7	2	3	5	2	2	1	3	1	1	1	2	1	3	1	0	1	0	0	1	1	3	2	2	1	0	2	2	2	0	1	1	0	2	3	1	2	1	0	0	0	1	1	1	2	2	1	0	2	0	2	1	1	2	1	0	3	1	2	0	1	1	1	1	1	3	1	1	0	3	0	1	0	0	1	2	0	0	2	1	1	3	3	2	1	1	4	2	0	1	0	0	0	3	3	2	4	1	0	1	2	1	3	0	1	2	0	0	0	0	0	20	1	1	2	1	1	2	4	0	0	0	0	0	1	2	0	2	1	0	3	1	4	1	2	2	2	0	0	3	1	2	0	1	3	1	0	0	1	1	0	2	0	1	5	4	0	2	1	2	2	2	1	0	1	1	3	1	1	3	1	2	3	3	5	1	2	0	2	1	3	0	2	3	1	0	3	1	4	0	1	2	0	1	2	5	2	1	0	0	0	2	2	3
Del3:U3:R4	0	0	0	1	0	1	1	0	0	0	1	2	2	0	1	1	0	0	0	0	0	2	1	1	0	0	0	1	0	0	0	0	0	0	1	1	0	0	0	1	0	1	1	2	1	0	0	0	0	0	0	0	0	0	0	0	0	0	0	0	0	0	0	0	1	1	0	0	0	0	0	1	0	0	1	1	2	0	1	0	0	0	0	2	0	0	1	0	0	1	0	0	1	1	0	1	0	1	1	1	2	0	1	1	1	0	1	1	1	0	0	0	0	1	0	0	0	1	0	0	0	2	1	0	1	0	0	0	1	0	3	0	0	0	0	0	0	1	0	0	0	0	0	0	1	1	0	0	1	0	1	0	1	1	0	0	0	2	1	1	0	0	0	0	1	0	1	0	0	0	0	1	0	1	0	0	1	0	0	0	1	0	0	0	0	0	0	0	0	0	0	0	0	0	0	1	0	0	2	1	1	0	0	0	1	0	2	1	0	0	0	1	0	0	0	0	1	2	1	1	0	0	0	0	0	1	1	0	0	0	0	1	0	0	1	1	1	0	0	1	1	0	0	1	0	1	0	0	0	0	0	1	2	0	0	1	1	0	0	2	0	1	0	0	0	1	0	0	0	0	1	2	0	0	0	0	0	2	0	0	1	0	0	0	0	0	6	0	2	0	0	0	0	0	0	0	1	0	0	0	1	0	0	0	0	1	1	2	2	0	1	0	0	0	0	0	1	2	1	0	1	1	0	1	1	0	1	0	1	0	2	0	1	1	2	1	3	1	0	0	2	2	1	0	1	0	0	0	0	0	0	2	0	0	0	1	0	0	1	0	1	1	0	0	0	1	2	0	2	1	0	0	0	0	0	3	2	0	1
Del3:U3:R(5,9)	0	0	0	0	0	0	0	0	0	0	0	1	0	0	0	0	0	0	0	1	1	2	0	1	0	0	0	0	0	0	0	0	0	0	0	0	0	0	0	1	0	0	0	0	0	1	0	0	0	0	0	1	0	0	0	0	0	0	0	1	0	1	0	0	0	1	0	0	0	0	0	0	0	0	2	0	1	0	0	0	0	0	0	6	0	0	0	0	0	2	0	0	0	0	0	0	0	0	0	0	1	0	0	1	0	0	0	0	0	0	0	1	0	0	0	0	0	0	1	0	0	0	0	0	0	0	0	0	0	0	0	0	0	0	0	0	0	0	0	0	0	0	0	0	0	1	0	0	0	0	0	0	1	0	0	0	1	0	0	0	0	0	0	0	0	0	1	0	0	0	0	0	0	0	0	0	0	2	0	1	0	0	0	0	0	0	0	2	0	0	0	0	0	1	0	0	0	1	0	0	0	0	1	0	0	0	1	1	1	1	0	0	0	0	0	0	1	0	0	0	0	0	0	1	0	0	0	0	0	0	0	0	1	0	0	0	1	1	0	1	0	0	0	0	0	0	0	0	0	0	0	1	1	1	0	0	0	0	0	1	0	1	1	0	0	1	0	0	0	0	0	0	0	0	0	0	0	0	0	0	0	0	0	0	1	1	13	0	0	0	0	0	0	0	0	0	0	0	1	0	0	0	0	0	0	0	1	1	0	0	0	0	0	0	0	0	0	0	0	1	0	1	1	0	0	0	0	0	0	0	0	0	1	0	0	1	2	1	0	0	0	0	2	1	1	0	1	0	1	0	1	0	1	0	0	0	1	1	0	0	1	0	2	0	0	1	1	0	1	0	0	2	1	0	0	0	0	1	0
Del4:U1:R(5,9)	0	0	0	0	1	0	0	0	0	0	0	0	0	0	0	2	0	1	0	0	0	0	0	2	1	0	0	1	1	0	0	0	0	0	0	0	0	0	0	0	0	3	2	1	0	0	0	1	0	0	0	0	0	0	0	0	0	0	0	0	0	0	0	0	0	0	0	0	1	0	0	0	0	0	0	0	1	0	1	0	0	0	0	0	1	0	0	1	0	0	0	0	0	0	0	0	0	1	0	0	0	0	0	1	0	0	0	0	0	0	1	0	0	0	0	1	0	0	0	0	1	0	0	0	0	0	1	0	0	0	0	0	0	0	0	0	0	0	0	1	0	1	0	0	0	1	0	0	0	0	0	0	0	0	0	0	2	0	0	0	0	0	0	0	1	0	0	0	0	0	0	0	0	0	0	0	1	0	1	0	0	0	0	1	0	0	3	0	0	0	0	0	0	0	0	0	1	1	0	0	0	0	0	0	0	0	0	1	0	0	0	0	0	0	1	0	0	0	0	0	0	0	0	0	0	1	1	0	0	0	0	0	0	0	1	0	1	1	0	0	0	0	0	0	1	0	0	0	1	0	0	0	1	1	0	0	0	0	0	1	0	0	0	0	0	1	0	0	0	0	0	0	0	0	1	0	0	0	0	0	0	0	0	0	1	0	1	2	0	0	0	0	0	1	0	0	0	0	0	1	2	0	0	0	0	0	0	0	0	0	0	0	0	0	0	0	1	0	0	0	0	0	0	0	1	0	0	0	0	0	0	0	0	2	0	0	0	0	0	0	0	0	1	1	0	1	0	0	1	0	0	0	0	1	0	0	0	0	1	1	0	0	0	0	0	0	0	0	0	0	0	2	1	4	0	0	0	1	1
Del4:U2:R3	0	0	0	0	0	0	0	2	0	0	1	0	0	0	1	1	0	0	0	0	0	0	0	0	0	0	1	0	0	0	0	0	0	0	0	0	1	0	0	1	0	0	0	0	0	0	0	0	0	1	0	1	0	0	0	0	0	0	0	0	0	0	1	0	0	0	0	0	0	0	0	0	0	0	2	0	0	0	0	1	0	0	0	0	0	0	0	0	0	1	0	0	0	0	0	1	0	0	0	0	0	0	0	1	0	0	0	0	0	0	0	0	0	0	0	0	0	0	0	0	0	0	0	0	0	0	0	0	0	0	0	0	0	0	0	0	0	0	0	0	0	0	0	0	0	0	0	0	0	0	0	0	0	1	0	0	0	0	0	0	0	0	1	0	0	0	1	0	0	0	0	2	0	0	0	0	0	0	0	0	0	0	1	0	0	0	0	0	0	0	1	0	0	0	0	1	0	0	0	0	0	0	0	0	0	0	1	0	0	0	0	0	0	0	0	0	0	1	0	0	0	0	0	0	0	1	0	0	1	0	0	0	0	0	0	0	0	0	0	0	0	0	1	0	0	0	1	1	0	0	0	0	0	0	0	0	0	0	0	0	0	1	0	0	0	0	0	0	0	0	0	1	0	0	1	0	0	0	1	0	0	0	0	0	0	0	3	0	1	0	1	1	0	1	0	0	0	1	0	0	0	0	0	0	0	0	1	0	0	0	0	0	0	0	0	1	0	1	0	0	0	1	0	0	0	1	0	0	0	1	0	0	1	0	0	0	0	0	0	0	0	1	1	0	0	1	0	0	0	0	0	0	0	0	2	1	0	0	0	0	0	0	0	1	0	0	0	0	0	1	0	0	0	0	0	0	0	1	0
Del4:U2:R4	0	0	0	0	0	0	0	0	0	2	1	0	0	0	0	0	0	0	1	0	0	0	0	0	0	0	1	0	0	0	0	0	0	0	0	0	1	0	0	0	0	0	0	2	1	0	0	0	0	0	0	0	0	0	0	0	0	0	0	0	1	0	0	1	0	0	0	1	0	0	0	0	0	0	0	0	0	0	0	0	0	0	0	2	0	2	0	0	0	0	0	0	0	0	0	0	0	0	1	0	0	0	0	0	0	0	0	0	0	0	0	1	1	0	0	0	0	1	1	0	0	1	1	1	0	0	0	0	0	0	0	1	0	0	0	1	0	0	0	0	0	0	0	1	0	0	1	0	0	0	0	0	0	1	0	0	0	0	0	1	1	0	0	0	1	0	2	0	0	0	0	0	1	0	0	0	0	1	1	0	0	1	0	0	0	0	0	0	0	0	0	0	0	0	0	0	0	1	0	0	0	0	0	0	0	0	0	0	1	2	0	0	0	1	1	0	0	0	0	0	0	0	0	0	0	0	0	0	1	0	0	0	0	1	0	1	0	0	0	0	1	0	0	0	0	0	0	0	1	0	0	0	0	1	0	0	0	0	0	1	0	1	0	0	0	1	0	0	2	0	1	2	0	0	0	0	0	0	0	0	0	0	0	0	0	0	2	1	0	0	1	0	0	0	0	0	0	0	3	0	0	1	0	1	0	0	0	0	0	0	0	0	0	0	0	0	0	1	0	0	0	0	0	0	0	0	1	0	1	2	0	0	0	1	0	0	0	0	0	0	1	0	0	2	1	1	0	0	0	1	1	0	0	1	1	0	0	1	1	0	0	1	0	0	0	2	0	0	1	0	0	1	0	2	0	0	0	1	1
Del4:U2:R(5,9)	0	0	0	0	0	1	0	0	1	0	0	0	0	0	0	1	0	0	0	0	0	1	1	1	1	0	1	0	0	1	0	0	0	0	0	0	0	0	1	0	0	0	1	0	0	3	0	0	0	0	0	0	0	0	1	0	0	0	0	0	1	2	0	0	0	0	0	1	0	0	0	1	0	0	0	0	0	0	0	0	0	0	0	2	0	0	0	0	0	1	1	0	0	0	0	0	2	0	0	0	0	0	0	0	0	0	0	1	0	2	1	0	1	0	0	0	0	0	0	0	0	1	0	0	0	1	0	0	0	0	0	0	0	0	0	1	0	0	1	0	0	0	0	0	0	1	0	0	0	0	0	0	0	0	0	0	0	0	1	0	0	0	0	0	0	2	1	0	0	0	1	1	0	0	1	0	0	0	0	0	1	0	0	0	0	0	0	0	0	0	1	0	0	0	0	0	0	0	0	0	0	0	1	0	0	0	1	0	0	1	0	0	0	0	0	0	0	0	1	0	1	0	1	0	0	0	0	1	0	0	0	0	0	1	0	0	0	1	1	0	0	0	0	0	0	1	1	0	2	0	0	0	0	1	0	0	0	0	0	0	1	0	0	0	0	0	0	0	0	0	0	0	0	0	0	0	0	0	0	0	1	0	0	0	0	0	3	0	0	0	1	0	0	0	0	0	0	0	0	0	0	0	0	0	0	0	1	0	0	0	0	0	0	0	0	0	0	0	0	0	0	0	0	0	0	0	4	2	1	3	1	0	1	1	0	0	2	0	1	0	0	2	1	1	0	0	0	0	0	0	1	0	1	1	0	1	1	0	0	0	0	0	1	0	0	2	4	0	0	0	1	1	1	0	0	0	0	2	2
Del4:U4:R2	4	2	4	5	5	4	2	7	2	6	3	2	4	7	1	7	7	5	4	5	6	2	1	6	9	1	6	1	4	7	2	3	1	3	4	6	3	0	5	2	6	8	4	4	9	3	7	2	2	7	3	3	0	3	1	4	0	3	4	2	5	9	5	4	0	5	1	8	4	2	4	9	6	1	3	1	5	2	7	4	1	7	2	7	2	2	3	4	11	4	3	3	6	0	1	5	4	2	3	4	2	0	5	4	10	2	5	5	9	5	3	1	4	3	4	8	2	2	3	0	3	3	2	8	9	4	2	1	4	4	6	5	2	2	9	4	5	1	4	5	2	5	5	3	2	3	0	1	7	3	8	7	0	4	3	4	7	4	7	5	5	4	6	2	4	4	1	4	6	1	1	9	7	3	3	4	5	9	6	9	5	4	2	3	3	4	6	6	7	2	4	1	5	2	4	7	6	3	6	5	0	4	3	2	4	4	5	8	5	4	2	2	3	3	4	0	1	4	7	1	2	0	6	3	2	7	3	8	7	5	3	7	2	10	5	2	4	4	3	4	9	9	2	3	3	9	4	4	2	1	9	6	4	6	5	5	1	3	5	8	1	3	5	2	3	4	1	4	4	6	8	4	1	1	2	2	4	4	1	2	4	3	1	3	3	3	43	5	7	2	1	6	2	4	7	2	4	1	11	6	5	2	4	3	3	4	1	5	2	0	8	4	2	0	3	3	5	3	5	3	5	1	6	5	1	4	1	0	6	11	4	9	6	6	2	5	8	5	4	3	4	4	6	6	1	4	7	5	3	6	2	9	1	2	3	3	8	9	9	4	8	4	4	5	2	10	7	3	8	4	6	9	14	9	0	2	2	7	3
Del4:U4:R3	0	0	2	0	0	0	0	0	0	2	2	1	1	2	2	2	0	0	2	0	0	2	0	1	1	0	3	2	1	2	0	1	1	0	1	1	0	3	3	1	0	0	2	0	3	0	3	0	0	0	1	1	0	0	1	1	0	2	1	2	0	1	1	0	0	0	0	1	0	2	1	1	2	1	1	0	2	1	1	0	0	0	0	4	0	0	0	0	1	0	1	1	2	0	2	1	0	2	1	0	2	0	0	0	0	0	0	2	1	1	0	1	3	0	0	1	0	0	0	0	1	1	1	2	0	0	0	0	2	0	1	0	0	0	1	0	0	0	0	1	0	0	1	0	1	1	2	1	0	0	1	0	1	1	1	1	0	0	0	1	2	0	0	0	0	1	0	0	1	0	0	1	1	1	0	1	1	2	0	0	1	1	1	2	0	1	0	1	1	0	1	0	2	0	0	1	2	0	0	0	0	2	0	1	0	0	0	1	1	0	0	0	0	1	0	0	1	0	1	0	0	0	3	4	0	0	0	3	1	0	0	0	1	0	0	0	0	4	0	0	1	1	2	0	0	4	0	0	0	1	1	0	3	1	1	1	0	1	2	2	0	5	0	1	1	0	1	0	1	0	2	3	0	0	0	2	1	1	3	0	0	0	0	0	0	1	13	1	1	1	1	0	1	0	1	1	1	0	2	1	1	0	0	0	1	0	3	0	0	0	0	0	0	0	0	0	0	3	0	0	2	0	0	2	1	1	4	0	0	2	1	1	0	3	0	2	3	2	3	0	1	1	2	0	0	0	1	5	0	2	1	2	1	3	1	2	1	0	1	1	1	1	1	0	0	1	5	0	1	1	2	1	1	0	0	2	1	0	1
Del4:U4:R4	0	1	0	0	0	0	0	0	0	0	1	0	1	1	1	1	0	0	0	0	0	0	0	1	1	0	1	0	1	0	0	0	0	0	0	0	2	0	1	1	0	0	0	1	0	0	1	0	0	1	0	0	0	0	0	0	0	0	1	0	0	0	0	0	0	2	0	0	0	0	2	0	0	0	0	0	1	0	0	0	0	0	0	3	1	0	2	0	0	1	0	0	0	0	0	1	0	0	0	1	2	0	0	0	1	0	0	1	0	0	0	0	0	0	0	0	0	0	0	0	0	0	0	1	0	2	0	0	1	1	0	0	0	0	1	2	0	0	0	1	0	0	0	0	1	0	0	2	0	0	0	0	0	0	1	0	0	0	0	0	0	0	1	0	0	0	1	0	2	0	0	1	2	2	0	1	0	1	0	1	0	0	0	0	0	0	0	1	1	0	2	0	0	1	0	1	0	0	0	0	0	1	0	1	1	1	0	0	0	0	0	0	0	0	0	0	0	0	0	1	0	0	1	0	0	0	0	0	1	0	0	1	0	0	0	0	0	1	1	0	1	0	0	0	0	1	1	0	0	0	1	0	0	0	0	0	0	1	0	0	0	0	0	0	1	0	0	0	2	0	0	1	0	0	0	0	0	0	0	0	0	0	0	1	0	1	4	0	0	0	1	0	0	0	0	1	1	0	0	1	0	0	0	0	0	1	0	0	1	0	0	1	0	0	0	0	0	1	1	0	2	2	0	0	0	0	0	0	2	0	0	1	1	0	0	2	1	0	0	1	0	1	1	0	1	1	0	3	0	0	1	0	0	0	1	1	1	2	0	0	3	2	2	0	3	1	1	1	0	1	2	0	2	0	0	0	1	0	0
Del4:U4:R(5,9)	0	0	0	0	0	0	1	2	0	1	1	0	0	0	0	1	0	0	0	0	0	0	0	1	0	0	1	2	2	0	1	0	0	0	0	0	0	0	1	2	0	0	0	0	0	0	0	0	0	2	1	1	0	0	0	1	0	0	0	1	0	1	0	0	0	0	0	0	0	0	0	0	0	1	1	0	0	0	0	2	0	0	1	0	0	3	0	0	0	0	0	0	0	0	0	0	0	0	0	0	0	0	1	0	0	0	0	1	0	1	0	0	0	0	0	0	0	0	0	0	0	0	0	1	0	0	0	0	1	0	2	0	0	0	1	0	0	1	0	0	0	0	0	1	0	0	0	0	0	0	0	1	1	1	0	0	0	0	1	1	1	0	0	0	0	0	1	1	0	0	1	0	0	0	0	0	1	1	0	0	0	0	0	1	0	1	0	0	2	0	0	0	0	0	0	0	1	1	1	0	0	0	0	0	0	0	2	0	0	1	0	0	0	0	0	0	0	0	1	0	0	0	0	0	0	1	0	0	0	2	0	1	0	0	0	1	0	0	1	0	0	1	0	0	0	0	0	0	0	0	0	0	0	1	0	0	1	0	0	0	0	1	1	0	1	0	0	0	0	0	0	0	0	0	0	0	0	0	0	0	1	0	0	0	0	0	9	0	0	0	0	0	0	0	1	0	0	0	0	1	0	0	1	0	0	1	2	0	0	0	0	0	0	0	0	0	0	0	0	0	0	0	0	0	0	0	0	0	0	1	0	1	0	2	1	0	0	2	0	0	0	0	1	2	0	0	1	0	1	3	0	0	0	1	0	1	1	0	1	0	0	0	0	1	0	0	0	0	0	0	0	0	0	0	0	0	0	2	2
Del5:U1:R(5,9)	0	0	0	0	0	0	0	0	0	0	0	0	0	0	0	0	0	0	0	0	0	0	0	0	0	0	0	0	0	0	0	0	0	0	0	0	0	0	0	0	0	0	0	0	0	0	0	0	0	0	0	0	0	0	0	1	0	0	0	0	0	0	0	0	0	0	0	0	0	0	0	1	0	0	0	0	0	0	0	0	0	0	0	0	0	0	0	0	0	0	0	0	0	0	0	0	0	0	0	0	0	0	0	0	0	0	0	0	0	0	0	0	0	0	0	0	0	0	0	0	0	0	0	0	0	0	0	0	0	0	0	0	0	0	2	0	0	0	0	0	0	0	0	0	1	0	0	0	0	0	0	0	0	0	0	0	0	0	0	0	0	0	0	0	0	0	0	0	0	0	0	0	0	0	0	0	1	0	0	0	0	0	0	0	0	0	0	0	0	0	0	0	0	0	0	1	0	0	0	0	0	0	0	0	0	0	0	0	0	0	1	0	0	0	1	0	0	0	1	0	1	0	0	0	0	0	0	0	0	0	0	0	0	0	0	0	0	0	0	0	0	0	0	0	0	0	0	0	0	0	0	0	0	0	0	0	1	0	0	0	0	1	0	0	0	0	0	0	0	0	0	0	0	0	0	0	0	0	0	0	0	0	0	0	0	0	0	0	0	0	0	0	0	0	0	1	0	0	0	0	0	0	0	0	0	0	0	0	0	0	0	0	0	0	0	1	0	0	0	0	1	0	0	0	0	0	0	0	1	0	0	0	0	0	0	0	0	0	0	0	1	0	0	0	0	0	0	0	0	0	0	0	0	0	0	0	0	0	0	0	0	0	0	0	0	0	0	0	0	0	0	0	0	0	0	0	0	0	0
Del5:U5:R2	1	0	1	2	0	1	0	0	1	0	1	1	1	1	0	2	1	2	3	0	0	1	0	1	1	0	1	2	2	2	0	1	0	1	3	2	0	2	4	0	1	2	0	0	1	1	1	0	2	1	1	0	1	1	0	3	0	0	0	3	0	2	0	0	0	0	2	0	0	0	0	1	1	0	0	1	0	0	3	0	1	0	1	3	1	0	1	4	0	1	2	1	0	1	0	0	2	0	1	0	0	0	0	0	2	0	0	1	3	2	3	0	1	0	1	0	0	0	1	0	1	2	0	0	2	1	1	0	4	0	0	2	1	1	0	2	0	0	0	1	0	1	0	0	0	0	0	1	1	0	1	0	1	2	2	1	0	0	0	1	1	0	0	0	0	0	0	2	1	1	1	0	2	0	0	0	2	4	1	1	0	3	1	0	0	0	0	0	0	0	2	0	2	0	0	1	0	0	3	0	0	0	1	1	1	1	4	0	1	3	0	0	1	2	0	0	0	0	0	0	0	1	1	2	1	0	2	0	0	0	0	2	0	2	2	0	2	0	0	1	0	0	0	0	0	1	0	3	0	1	0	1	0	3	1	0	0	0	0	2	0	1	1	0	0	2	0	1	1	0	1	1	1	1	0	1	0	2	2	0	0	1	0	0	0	0	5	2	1	1	0	0	0	2	0	0	1	0	3	2	0	1	0	0	0	1	0	2	1	0	0	0	2	0	0	2	0	4	1	1	1	0	1	4	0	0	1	0	0	3	1	2	4	0	0	2	0	1	0	1	1	3	3	0	2	0	2	0	3	1	0	0	2	3	0	2	2	2	0	1	1	1	0	0	4	2	1	1	4	1	2	3	2	2	1	1	0	2	1
Del5:U5:R3	0	0	0	0	0	0	0	0	0	0	0	1	1	1	0	1	0	1	0	0	0	1	0	0	0	0	1	0	0	0	0	1	0	0	0	0	1	0	0	0	0	1	1	0	1	0	0	0	0	0	0	0	0	0	1	0	0	0	0	0	0	1	0	0	0	0	0	0	0	0	0	0	0	0	2	1	0	0	0	1	1	0	0	1	0	0	0	0	0	0	0	1	0	0	0	0	1	0	0	0	0	0	0	0	0	0	1	0	0	0	2	0	0	0	0	0	0	0	0	0	0	0	0	0	0	0	0	0	0	0	0	0	0	0	0	0	0	0	0	0	0	0	0	0	0	0	1	0	0	0	0	1	0	1	0	1	0	0	0	0	0	0	1	0	1	0	0	1	0	0	0	0	0	0	0	0	0	0	2	0	0	0	0	0	0	1	0	0	0	1	0	0	0	0	0	0	0	1	0	0	0	0	0	0	0	0	0	0	0	1	0	0	0	0	0	0	0	0	0	0	0	0	0	0	0	0	1	0	0	0	0	0	0	1	0	0	0	0	0	0	1	0	0	0	0	0	0	0	0	0	0	1	0	0	0	0	0	0	1	0	0	0	0	0	1	0	1	0	0	0	0	1	0	0	0	0	0	0	0	0	0	0	0	0	0	2	3	2	0	1	0	0	0	0	0	0	0	0	0	0	0	0	0	0	0	0	0	0	1	0	0	1	0	0	0	0	0	1	0	0	0	0	0	0	0	0	0	0	0	0	1	0	0	0	0	0	1	1	0	0	1	0	0	0	2	0	0	1	0	0	0	0	0	0	0	0	0	0	1	0	0	0	0	0	0	0	0	0	1	2	0	0	0	0	0	0	0	0	1
Del5:U5:R4	0	0	0	0	0	0	0	0	0	0	0	0	1	0	0	1	0	0	0	0	0	0	0	0	1	0	0	0	0	0	1	0	0	0	0	0	0	0	0	0	0	0	0	0	0	0	0	0	0	0	0	0	0	0	0	0	0	0	0	1	0	0	0	0	0	0	0	0	0	0	0	0	0	0	0	0	1	0	0	0	0	0	0	0	0	0	0	0	0	1	0	0	0	0	0	0	0	0	0	0	0	0	0	0	0	0	0	0	0	0	1	0	0	0	0	0	0	0	0	0	0	1	0	0	0	0	0	0	0	0	0	0	0	0	0	0	0	0	0	0	0	1	0	0	0	0	0	0	0	0	0	0	0	0	0	0	0	0	0	0	0	0	0	0	0	0	0	0	0	0	0	0	0	0	0	0	0	0	1	0	0	0	0	0	0	0	0	0	0	0	0	0	0	0	0	0	0	0	1	0	0	0	0	0	0	0	0	0	0	0	0	0	0	0	0	0	0	0	0	0	0	0	0	0	0	0	0	0	0	0	0	0	0	0	0	0	0	1	0	0	1	0	0	0	0	0	0	0	0	0	0	0	0	0	0	0	0	0	0	0	0	0	0	0	1	0	0	0	0	0	0	1	0	0	0	0	0	0	0	0	0	0	0	0	0	0	3	0	0	0	0	0	0	0	0	0	0	0	0	1	0	0	0	0	0	0	0	0	0	0	0	0	0	0	0	0	0	0	0	0	0	0	0	0	0	0	1	0	0	0	0	0	0	0	0	0	0	0	0	0	0	0	0	0	0	1	1	0	1	0	0	1	0	0	0	1	0	0	0	0	0	0	0	0	0	0	1	0	0	0	0	0	1	0	0	0	0	0	0
Del5:U5:R(5,9)	0	0	0	0	0	0	0	0	0	0	0	1	0	0	0	0	0	0	0	0	0	0	0	0	0	0	0	0	0	0	0	0	0	0	0	0	0	0	0	0	0	0	0	0	0	0	0	0	0	0	0	0	0	0	0	0	0	0	0	0	0	0	0	0	0	1	0	0	0	0	0	0	0	0	0	0	0	0	0	0	0	0	1	0	0	1	0	0	0	0	2	0	0	0	0	0	0	0	0	0	0	0	0	0	0	0	0	0	0	0	0	0	0	0	0	0	0	0	0	0	0	0	0	0	0	0	0	0	0	0	0	0	0	0	0	0	0	0	0	0	0	0	0	0	0	0	0	0	0	0	0	0	0	0	0	0	0	0	0	0	0	0	0	0	0	0	0	0	0	0	1	0	1	0	0	0	0	0	0	0	0	0	0	0	0	0	0	0	0	0	0	0	0	0	0	0	0	1	0	0	0	0	0	0	0	0	0	0	0	0	0	0	0	0	0	0	0	0	0	0	0	0	0	0	0	0	0	0	0	0	0	0	0	0	0	0	0	0	0	0	0	0	1	0	0	0	0	0	0	0	0	0	0	0	0	0	0	0	0	1	0	0	0	0	0	1	0	0	0	0	0	1	0	0	0	0	0	0	0	1	0	0	0	0	0	0	1	0	0	0	0	0	0	0	0	0	0	0	0	0	0	0	0	0	0	0	0	0	0	0	0	0	0	0	0	0	0	0	0	0	0	0	0	0	0	0	1	0	0	0	0	0	0	1	0	0	0	0	0	0	0	1	0	0	0	0	0	0	0	0	0	0	0	0	0	0	0	0	1	0	0	0	0	0	0	0	0	0	0	0	0	0	0	0	0	0	0	0	0
Del(6,):U1:R(7,9)	0	0	0	0	0	0	0	0	0	0	0	0	0	0	0	0	0	0	0	0	0	0	0	0	0	0	0	0	0	0	0	0	0	0	0	0	0	0	0	0	0	0	0	0	0	0	0	0	0	0	0	0	0	0	0	1	0	0	0	0	0	0	0	0	0	0	0	0	0	0	0	0	0	0	0	0	0	0	0	0	0	0	0	0	0	0	0	0	0	0	0	0	0	0	0	0	1	0	0	0	0	0	0	0	0	0	0	0	0	0	0	0	0	0	0	0	0	0	0	0	0	0	0	0	0	0	0	0	0	0	0	0	0	0	0	1	0	0	0	0	0	0	0	0	0	0	0	0	0	0	0	0	0	0	0	0	0	0	0	0	0	0	0	0	0	0	0	0	0	0	0	0	0	0	0	0	0	0	0	0	0	0	0	0	0	0	0	0	0	0	0	0	0	0	0	0	0	0	0	0	0	0	0	0	0	0	0	0	0	0	0	0	0	0	0	0	0	0	0	0	0	0	0	0	0	0	0	0	0	0	0	0	0	0	0	0	0	0	0	0	0	0	0	0	0	0	0	0	0	0	0	0	0	0	0	0	0	0	0	0	0	0	0	0	0	0	0	0	0	0	0	0	0	0	0	0	0	0	0	0	0	0	0	0	0	0	0	0	0	0	0	0	0	0	0	0	0	0	0	0	0	0	0	0	0	0	0	0	0	0	0	0	0	0	0	0	0	0	0	0	0	0	0	0	0	0	0	0	0	0	0	0	0	0	0	0	0	0	0	0	0	0	0	0	0	0	0	0	0	0	0	0	0	0	0	0	0	0	0	0	0	0	0	0	0	0	0	0	0	0	0	0	0	0	0	0	0	0	1
Del(6,):U2:R(4,9)	0	0	0	0	0	0	0	0	0	0	0	0	0	0	0	0	0	0	0	0	0	0	0	0	0	0	0	0	0	0	0	0	0	0	0	0	0	0	0	0	0	0	0	0	0	0	0	0	0	0	0	0	0	0	0	0	0	0	0	0	0	0	0	0	0	0	0	0	0	0	0	0	0	0	0	0	1	0	0	0	0	0	0	0	0	0	0	0	0	0	0	0	0	0	0	0	0	0	0	0	0	0	0	0	1	0	0	0	0	0	0	0	0	0	0	0	0	0	0	0	0	0	0	0	0	0	0	0	0	0	0	0	0	0	0	0	0	0	0	0	0	0	0	0	0	0	0	0	0	0	0	0	0	0	0	0	0	0	0	0	0	0	0	0	0	0	0	0	0	0	0	0	0	0	0	0	0	0	0	1	0	0	0	0	0	0	0	0	0	0	0	0	0	0	0	0	0	0	0	0	0	0	0	0	0	0	0	0	0	0	0	1	0	0	0	0	0	0	0	0	0	0	1	0	0	0	0	0	0	0	0	0	0	0	0	0	0	0	0	0	0	0	0	0	0	0	0	0	1	0	0	0	0	0	1	0	0	0	0	0	0	0	0	0	0	0	0	0	0	0	0	0	0	0	0	0	0	1	0	0	0	0	0	0	0	0	0	0	0	0	0	0	0	0	0	0	1	0	0	0	0	0	0	0	0	0	0	0	0	0	0	0	0	0	0	0	0	0	0	0	0	0	0	0	0	0	1	0	0	0	1	0	0	0	0	1	0	0	0	0	0	2	0	0	0	0	0	1	0	0	0	0	0	1	0	0	0	0	0	0	0	0	0	1	1	0	1	1	0	0	1	1	0	0	1	0	0	0	0
Del(6,):U3:R(3,9)	0	0	0	0	0	0	0	0	0	0	0	0	0	0	1	0	0	0	0	0	0	0	0	0	0	0	0	0	0	0	0	0	0	0	0	0	0	0	0	0	0	0	0	0	0	0	0	0	0	0	0	0	0	0	0	0	0	0	0	0	0	0	0	0	0	1	0	0	0	0	0	0	0	0	0	0	0	0	0	0	0	0	0	0	1	0	0	0	0	0	0	0	0	0	0	0	0	0	0	0	0	0	0	0	0	0	0	0	0	0	0	0	0	0	0	0	0	0	0	0	0	0	0	0	0	0	0	0	0	0	0	0	0	0	0	0	0	0	0	0	0	0	0	0	0	0	0	0	0	0	0	0	0	0	0	0	0	0	0	0	1	0	0	0	0	0	0	0	0	0	0	0	0	0	0	0	0	0	0	0	0	0	0	0	0	0	0	0	0	0	0	0	0	0	0	0	0	0	0	0	0	0	0	0	0	0	0	0	0	0	0	0	0	0	0	0	0	0	0	0	0	0	0	0	0	0	0	0	0	0	0	0	0	0	1	1	0	1	0	1	0	0	0	0	0	0	0	1	0	0	0	0	0	0	0	0	0	0	0	0	0	0	0	0	0	0	0	0	0	0	0	0	0	0	0	0	0	0	0	0	0	0	0	0	0	0	0	0	0	0	0	0	0	0	0	0	0	0	0	0	1	0	0	0	0	0	0	0	0	0	0	0	0	0	0	0	0	0	0	0	0	0	0	0	0	0	0	0	0	0	0	0	0	0	0	0	1	0	0	1	2	0	0	0	0	1	0	0	0	0	1	0	1	0	0	0	1	0	0	0	0	0	0	0	2	0	1	0	1	0	0	0	0	1	0	0	0	0	0
Del(6,):U(4,):R(2,9)	0	0	0	2	1	0	1	2	0	1	4	1	0	0	0	2	0	4	1	1	0	1	0	3	1	0	0	2	4	1	0	1	2	0	4	1	0	0	1	0	2	2	2	0	1	0	2	1	0	0	2	0	2	0	4	0	1	0	1	0	1	0	0	1	0	0	1	0	1	1	1	2	1	1	1	0	0	1	0	1	0	3	1	1	1	1	0	1	4	0	0	1	1	0	0	3	2	1	0	1	0	0	3	0	2	0	2	2	2	0	1	0	0	2	2	0	1	0	1	0	0	1	0	2	3	1	1	0	1	0	2	0	3	0	2	0	1	1	0	0	1	0	2	1	1	1	0	1	1	1	0	0	2	0	0	1	3	1	1	0	2	1	1	1	2	0	1	0	1	0	0	1	1	0	1	3	0	4	0	0	1	3	2	1	1	0	2	1	2	2	1	2	0	1	2	1	0	1	0	0	0	1	1	0	2	4	0	0	2	2	0	1	0	2	0	0	1	0	1	0	1	0	0	1	1	2	0	4	0	0	0	1	0	0	3	0	4	1	1	0	0	1	0	2	0	0	1	0	3	1	2	3	0	0	0	1	0	0	2	0	1	1	1	2	0	1	2	0	0	0	2	3	1	0	1	0	0	0	0	0	0	1	0	1	0	3	3	5	0	0	0	0	1	4	1	2	1	0	0	1	2	0	1	2	1	0	0	1	0	0	3	0	0	0	0	0	3	0	1	0	0	0	1	1	0	2	1	0	2	5	3	2	3	3	2	3	2	2	4	1	1	3	2	3	6	2	2	3	3	2	2	5	4	1	1	1	6	3	1	0	5	3	0	1	6	0	2	0	6	1	0	3	4	1	0	0	1	3	4
Ins(2,4):M	0	0	2	3	2	4	3	2	0	0	4	1	2	4	2	0	0	1	0	1	1	3	2	2	4	0	3	1	1	2	0	5	3	1	0	2	1	1	1	3	2	7	2	1	0	1	0	1	1	5	2	1	1	1	0	2	0	2	1	2	0	1	2	1	2	6	2	1	2	3	2	6	3	0	0	0	1	1	2	3	1	2	3	3	1	1	2	1	1	1	1	1	1	2	0	2	2	0	0	1	2	0	1	1	9	1	2	2	3	2	1	1	3	1	4	2	1	2	0	0	2	0	1	2	1	2	3	1	2	1	3	3	2	2	6	1	1	4	2	3	1	1	4	2	1	6	0	1	1	0	0	4	1	2	1	0	2	3	4	0	3	2	4	1	3	1	1	1	2	1	0	1	1	4	2	2	6	1	1	4	0	4	1	5	0	2	5	1	3	2	1	0	0	3	0	2	3	2	1	0	0	1	0	2	0	5	5	2	8	3	0	4	0	1	0	0	1	1	3	0	0	0	2	0	1	2	3	1	2	0	0	2	0	0	4	0	5	3	0	1	1	1	0	2	3	2	0	2	6	2	0	0	1	1	4	2	4	2	2	1	0	3	0	2	1	1	0	1	2	2	1	4	0	1	0	0	2	5	1	1	2	0	0	2	1	3	14	1	1	3	2	3	3	2	1	0	1	0	2	3	3	0	1	1	2	0	0	0	4	0	1	2	0	0	0	0	0	1	0	1	1	2	2	3	0	1	11	2	5	13	5	8	8	6	1	7	12	7	3	5	8	6	9	9	6	6	15	12	10	11	24	7	3	6	5	9	17	14	4	2	8	10	7	5	3	11	4	9	16	8	7	6	12	5	1	1	6	6	4
Ins(5,):M	3	2	1	3	0	4	2	1	5	0	5	2	2	1	2	3	1	0	0	0	0	0	1	1	0	0	1	0	3	4	0	3	1	2	3	2	2	0	1	10	5	3	1	2	1	0	2	0	1	2	3	0	1	4	0	2	3	3	0	2	0	2	1	1	0	0	0	1	4	3	4	3	1	0	2	0	1	2	3	1	1	4	1	1	0	0	0	3	5	1	0	0	0	0	0	0	2	1	0	0	1	0	3	1	6	1	6	4	6	2	3	0	2	2	1	1	2	0	0	0	1	3	0	2	2	3	5	0	2	1	1	1	2	1	5	0	0	3	1	3	0	1	1	1	3	2	0	0	2	0	1	1	1	3	5	0	2	2	3	0	3	0	3	2	4	0	0	0	0	1	0	0	0	1	2	1	4	3	1	2	2	2	2	1	0	3	2	3	1	0	0	0	0	0	2	1	5	0	0	0	0	0	0	1	1	1	3	1	24	1	0	0	0	0	4	0	1	2	2	1	0	0	2	3	1	2	0	3	2	2	0	0	1	3	1	1	1	0	0	0	1	1	0	1	2	2	2	2	1	0	1	2	0	2	0	2	3	1	0	4	0	0	3	2	0	0	3	1	2	1	2	2	0	0	2	0	2	0	1	0	4	0	0	0	1	4	4	0	0	2	1	1	0	4	4	1	1	0	2	0	0	0	0	1	2	1	4	2	1	1	1	0	0	0	0	0	2	0	1	0	1	1	0	2	1	2	18	10	10	18	17	13	19	17	7	24	16	14	12	23	10	21	10	18	15	23	27	24	26	11	25	23	8	18	13	19	41	25	22	6	17	17	21	15	19	17	11	5	24	36	9	14	20	12	8	14	14	11	24
Ins2:U1:R0	0	0	0	1	0	0	0	1	0	0	0	0	1	1	0	0	0	0	1	0	1	1	1	0	0	0	0	0	0	1	0	0	0	0	0	0	1	0	1	0	0	1	0	0	0	0	0	0	1	2	0	1	0	0	1	0	0	0	0	0	0	0	0	0	0	0	0	0	1	1	1	0	0	0	0	0	0	0	0	0	0	0	0	0	0	1	0	1	0	0	0	0	0	0	0	0	0	0	0	0	0	0	0	0	1	0	0	0	0	0	1	0	1	0	0	0	0	0	0	0	0	0	0	1	0	0	0	0	2	1	0	0	0	0	1	0	0	0	0	0	0	0	0	0	1	0	3	0	0	0	1	0	1	2	0	0	1	1	1	0	2	0	0	0	0	0	0	0	0	0	0	0	0	0	0	0	0	1	0	0	0	0	0	0	0	0	0	0	0	0	0	0	0	0	1	1	0	1	0	0	0	0	0	0	0	2	0	0	5	0	0	1	0	0	0	0	1	1	0	0	0	0	0	0	0	0	0	0	1	0	0	1	0	0	2	0	0	0	0	0	0	0	0	1	0	1	0	0	0	0	0	0	1	0	0	1	0	0	0	1	0	1	0	0	0	0	1	0	0	0	0	0	0	0	0	0	0	0	0	0	1	0	0	0	0	0	0	0	1	0	0	0	1	0	0	0	0	0	1	1	0	0	0	0	0	0	0	0	0	0	0	1	0	0	0	0	0	0	0	0	0	0	0	1	0	0	1	0	1	1	0	0	0	0	1	1	1	0	1	1	1	0	1	2	0	0	0	0	0	0	1	0	2	1	1	0	0	1	1	0	1	0	1	13	2	0	0	0	1	1	0	0	0	1	0	1	0	0	0
Ins3:U1:R0	0	0	0	0	0	0	0	0	0	0	0	0	0	0	0	0	0	0	0	0	0	0	0	0	0	0	0	0	0	0	0	0	0	0	0	0	0	0	0	0	0	0	0	0	0	0	0	0	0	0	0	0	0	0	0	0	0	0	0	0	0	0	0	0	0	1	0	1	0	0	0	0	0	0	0	0	0	0	0	0	0	0	0	0	0	0	0	0	0	0	0	0	0	0	0	0	0	0	0	0	0	0	0	0	0	0	0	0	0	0	0	0	0	0	0	0	1	0	0	0	0	0	0	0	0	0	0	0	0	0	0	0	0	0	0	0	0	0	0	0	0	0	0	0	0	0	0	0	0	0	0	0	0	0	0	0	1	0	0	0	0	0	2	0	0	0	0	0	0	0	0	0	0	0	0	0	0	0	0	0	0	0	0	0	0	0	0	0	0	0	0	0	0	0	0	0	0	0	0	0	0	0	0	0	0	0	0	0	1	0	0	0	0	0	0	0	0	0	0	0	0	0	0	0	0	0	0	0	0	0	0	0	0	0	0	0	0	0	0	0	0	0	0	0	0	0	0	0	0	0	0	0	0	0	0	0	0	0	0	1	0	0	0	0	0	1	0	0	0	0	0	0	0	0	0	0	0	0	0	0	0	0	0	0	0	0	0	0	0	0	0	0	0	0	0	0	0	0	0	0	0	0	0	0	0	0	0	0	0	0	0	0	0	0	0	0	0	0	0	0	0	0	0	0	0	0	0	0	1	0	1	0	1	0	0	0	1	0	1	0	0	0	0	0	0	1	0	0	0	0	0	0	0	0	0	2	0	0	0	0	0	0	0	3	0	0	0	0	0	0	0	0	0	0	0	0	0	0	0
Ins4:U1:R0	0	0	0	0	0	0	0	0	0	0	0	0	0	0	0	0	0	0	0	0	0	0	0	0	0	0	0	0	0	0	0	0	0	0	1	0	0	0	0	0	0	0	0	0	0	0	0	0	0	0	0	0	1	0	0	0	0	0	0	0	0	0	0	0	0	0	0	0	0	0	0	0	0	0	0	0	0	0	0	0	0	0	0	0	0	0	0	0	0	0	1	0	0	0	0	0	0	0	0	0	0	0	0	0	0	0	0	0	0	0	0	0	0	0	0	0	0	0	0	0	0	0	0	0	0	0	0	0	0	0	0	0	0	0	0	0	0	0	0	0	0	0	0	0	0	0	0	0	0	0	0	0	0	0	0	0	0	0	0	0	0	0	0	0	0	0	0	0	0	0	0	0	0	0	0	0	0	0	0	0	0	0	0	0	0	0	0	0	0	0	0	0	0	0	0	0	0	0	0	0	0	0	0	0	0	0	0	0	1	0	0	0	0	0	0	0	0	0	0	0	0	0	0	0	0	0	0	0	0	0	0	0	0	0	0	0	0	0	0	0	0	0	0	0	0	0	0	0	0	0	0	0	0	0	0	0	0	0	0	0	0	0	0	0	0	0	0	0	1	0	0	0	0	0	0	0	0	0	0	0	0	0	0	0	0	0	0	0	0	0	0	0	0	0	0	0	0	0	0	0	0	0	0	0	0	0	0	0	0	0	0	0	0	0	0	0	0	0	0	0	0	0	0	0	0	0	0	0	0	0	0	0	0	0	0	0	0	0	0	0	0	0	0	0	0	0	0	0	0	0	0	0	0	0	0	0	1	0	0	0	0	0	0	0	0	0	0	0	0	0	0	0	0	0	0	0	0	0	0
Ins2:U2:R0	0	0	0	2	0	0	0	0	1	0	1	1	4	0	0	0	0	0	0	0	0	0	2	0	1	0	2	0	1	1	0	0	0	0	0	0	0	0	1	1	1	1	1	1	1	1	1	0	0	0	0	0	1	0	0	1	1	0	0	1	0	3	2	1	0	0	0	0	2	1	1	2	0	0	0	0	0	0	1	0	0	1	0	1	0	0	0	0	2	0	0	0	0	0	0	0	0	0	0	0	0	0	1	1	1	1	0	0	0	0	0	0	4	1	2	0	0	0	1	0	4	0	0	0	0	0	0	0	0	1	2	0	0	2	1	1	0	1	0	1	0	0	0	0	0	2	0	0	1	0	1	1	1	1	0	0	3	0	1	0	0	0	2	0	0	0	0	0	0	0	0	0	1	1	1	0	2	2	1	0	0	0	1	0	0	0	2	0	0	0	0	0	0	0	0	1	0	1	0	0	0	0	1	0	2	0	0	1	5	1	0	0	0	0	0	0	0	0	3	0	1	1	0	1	0	0	1	2	1	0	0	2	1	1	2	0	1	0	0	1	0	0	0	0	0	0	0	0	0	0	2	0	0	1	0	0	0	0	0	0	0	1	1	1	0	0	1	0	1	0	0	1	0	0	0	0	0	0	0	0	0	0	0	0	1	0	0	0	0	1	0	0	0	1	1	1	0	0	0	1	0	0	0	0	0	0	0	1	1	0	1	0	0	0	1	0	0	1	0	0	1	0	0	1	0	0	1	0	4	1	1	2	1	3	0	1	4	3	1	4	1	2	0	4	1	4	4	2	3	3	6	5	1	2	1	0	1	1	2	0	4	2	2	21	1	0	0	0	2	7	1	1	1	1	0	2	3	5	4
Ins3:U3:R0	0	0	0	0	0	0	0	0	0	1	0	0	1	1	1	0	0	1	1	0	0	0	0	0	0	0	0	0	0	1	0	0	0	0	0	0	0	0	0	0	0	0	0	1	0	0	0	0	1	1	1	0	0	0	0	2	0	0	1	0	0	1	1	2	0	0	0	0	0	0	0	1	0	0	0	0	1	0	0	1	0	0	0	1	0	0	0	1	1	1	0	0	0	0	0	0	0	1	0	0	2	0	0	1	0	0	0	0	0	1	0	0	0	0	1	0	0	0	0	0	0	0	0	1	0	0	0	0	0	0	0	0	0	1	0	0	0	0	0	2	0	0	1	0	0	0	0	0	0	0	0	0	1	0	0	0	1	0	0	0	0	0	0	1	0	0	0	0	0	0	0	0	0	0	0	0	0	0	0	1	0	0	0	1	0	1	0	0	1	0	0	0	0	0	0	1	0	0	0	0	0	0	0	0	0	0	0	0	1	1	0	0	0	0	0	0	0	0	0	0	0	0	0	1	0	0	0	0	1	0	0	0	0	0	0	1	1	0	1	0	0	0	0	0	0	0	0	0	0	1	0	0	0	0	0	0	0	0	0	1	0	0	0	0	0	0	0	0	0	0	0	0	0	0	0	0	0	0	0	0	0	0	0	0	0	0	0	0	1	0	1	0	0	0	2	0	0	0	0	0	1	0	0	0	0	0	0	0	0	0	0	0	0	0	0	0	1	1	0	0	0	0	0	0	0	0	1	0	1	2	0	0	2	2	0	2	1	0	3	2	1	0	3	1	1	0	3	2	1	0	1	0	0	1	0	0	1	4	0	1	3	0	0	5	3	0	2	2	2	0	0	1	1	1	0	0	1	3	4
Ins4:U2:R0	0	0	0	0	0	0	0	0	1	0	0	0	0	0	0	0	0	0	0	0	0	0	0	0	0	0	0	0	0	0	0	0	0	0	0	0	0	0	0	0	0	0	0	0	0	0	0	0	0	0	0	0	0	0	0	0	0	0	0	0	0	0	0	0	0	0	0	0	0	0	0	0	0	0	0	0	0	0	0	0	0	0	0	0	0	0	0	0	0	0	0	0	0	0	0	0	0	0	0	0	0	0	0	1	0	0	0	0	0	0	0	0	0	0	0	0	0	0	0	0	0	0	0	0	0	0	0	0	0	0	0	0	0	0	0	0	0	0	0	0	0	0	0	0	0	0	0	0	0	0	0	1	0	0	0	0	0	0	0	1	0	0	0	0	0	0	0	0	0	0	0	0	0	0	0	0	0	0	0	0	0	0	0	0	0	0	0	0	0	0	0	0	0	0	0	0	0	0	0	0	0	0	0	0	0	0	0	0	1	0	0	0	0	0	0	0	0	0	0	0	0	0	0	0	0	0	0	0	0	0	0	0	0	0	0	0	0	0	0	0	0	0	0	0	0	0	0	0	0	0	0	0	0	0	0	0	0	0	0	0	0	0	0	0	0	0	0	0	0	0	0	0	0	0	0	0	0	0	0	0	0	0	0	0	0	0	0	0	0	0	0	0	0	0	0	0	0	0	0	0	0	0	0	0	0	0	0	0	0	0	0	0	0	0	0	0	0	0	0	0	0	0	0	0	0	0	0	0	0	0	0	0	0	0	0	0	0	0	0	0	0	0	0	0	0	0	0	0	1	0	0	0	0	0	0	0	0	0	0	0	0	0	0	1	0	0	0	0	0	0	0	0	0	0	0	0	0	0	1
Ins4:U4:R0	0	0	0	0	1	0	0	0	0	0	0	0	1	0	2	0	0	0	0	0	1	0	0	0	1	0	0	1	0	1	0	0	1	0	1	0	0	0	0	0	0	0	1	0	0	1	0	0	1	0	0	0	0	0	0	0	0	2	0	0	0	0	1	0	0	0	0	0	0	0	0	0	0	0	0	0	0	0	0	0	0	0	0	1	0	0	0	0	0	0	0	0	0	0	0	1	0	0	0	0	0	0	0	0	0	0	1	0	1	0	0	0	0	0	1	0	0	0	0	0	0	0	0	0	0	0	0	0	1	0	0	0	0	1	0	0	1	0	1	0	0	0	0	0	0	0	0	0	1	0	0	0	0	0	1	0	1	0	0	0	0	0	1	0	0	0	0	0	1	0	0	0	0	0	0	0	0	0	0	0	0	0	0	0	0	0	1	1	0	0	0	0	0	0	0	0	0	0	0	0	0	0	0	0	0	0	0	0	1	2	0	0	0	0	0	0	0	0	0	0	1	0	0	0	0	0	0	0	0	0	0	0	0	0	0	0	0	0	0	0	0	0	1	0	0	0	0	0	0	0	0	0	0	1	0	0	0	0	0	1	0	0	0	0	0	1	0	0	0	0	0	0	0	0	0	0	0	0	0	0	0	0	0	0	0	0	2	1	0	0	0	0	0	0	0	0	0	1	0	0	0	0	0	0	0	0	0	1	1	0	0	0	0	0	0	0	0	0	1	0	0	0	0	0	0	0	0	0	2	5	1	0	0	0	1	0	0	0	0	2	2	1	1	2	0	1	1	0	0	2	1	2	1	1	0	1	3	3	1	0	1	0	0	1	0	1	2	0	0	0	0	0	3	1	0	0	0	2	0
Ins(5,):R0	0	2	0	1	0	1	0	0	1	1	1	1	0	0	0	3	0	0	0	0	1	1	0	2	0	0	0	0	0	0	0	0	0	0	2	0	1	0	0	1	0	2	0	1	0	1	1	0	0	3	0	0	0	0	0	0	1	0	0	0	0	0	0	0	0	0	0	0	1	1	1	1	1	0	0	0	0	1	0	0	0	1	0	0	0	0	0	0	0	0	0	0	0	0	0	0	0	0	0	0	0	0	1	1	2	0	1	0	1	0	0	0	0	0	0	0	1	0	0	1	0	1	0	0	1	0	1	0	1	0	0	0	0	0	0	0	0	0	0	0	1	0	0	0	0	0	0	0	1	0	0	0	1	0	0	0	0	0	0	0	0	0	1	0	0	0	0	0	0	0	0	0	0	0	0	0	2	0	1	0	0	0	0	0	0	0	1	0	0	0	0	1	0	0	0	0	0	1	0	0	0	0	1	1	0	0	0	0	10	1	1	1	0	0	0	0	0	0	1	0	0	0	0	0	0	0	0	1	0	0	0	0	0	0	1	2	0	0	0	0	0	0	0	1	0	0	0	0	1	1	0	2	1	0	0	0	0	0	1	2	0	1	0	0	0	0	1	0	1	1	0	0	0	0	1	1	0	0	0	0	0	0	0	0	2	0	0	0	0	0	0	0	0	1	0	0	0	0	0	0	2	0	0	0	0	0	0	0	0	0	1	0	0	0	0	0	0	0	0	0	0	0	0	0	0	0	10	10	0	22	17	8	7	20	2	7	3	5	9	71	5	24	5	3	12	18	43	33	18	9	9	16	11	12	25	28	39	37	36	12	16	38	16	14	11	3	5	3	27	55	1	23	14	9	18	8	12	6	16
Ins2:U1:R1	1	0	1	3	0	1	2	0	1	0	1	0	2	0	0	0	0	0	0	0	0	1	0	0	1	0	3	0	0	0	0	1	1	0	0	4	1	0	0	0	0	3	0	2	0	1	0	0	1	1	0	0	1	0	0	0	1	0	0	0	0	0	0	0	0	1	1	1	1	0	1	0	0	0	0	2	1	0	2	0	0	0	0	0	1	0	0	1	2	1	0	0	0	1	1	0	0	0	1	1	1	0	2	0	3	0	1	1	1	0	0	0	3	1	1	0	0	0	0	0	0	0	0	1	0	1	0	0	1	0	1	0	1	1	1	0	1	0	0	1	1	0	0	1	0	0	0	1	1	0	0	1	1	0	2	0	0	1	0	1	0	1	2	0	2	0	0	0	1	0	0	1	2	1	0	0	2	1	1	1	1	0	0	0	1	3	0	2	0	0	1	0	0	1	0	0	2	1	0	0	0	0	2	1	2	0	2	1	0	3	0	0	0	0	0	0	1	0	0	0	1	0	1	1	0	2	0	0	1	0	0	2	0	0	1	0	0	0	0	1	0	1	0	1	0	0	1	1	0	2	2	0	0	1	2	0	0	0	0	1	0	2	1	0	0	0	0	0	0	0	0	2	1	0	2	0	1	0	0	0	2	0	0	0	1	2	2	1	0	1	0	1	1	0	1	0	0	0	0	2	0	0	0	0	0	1	1	0	0	0	1	1	0	0	0	0	2	1	0	1	1	1	0	0	0	0	1	0	5	2	1	1	2	3	1	1	2	0	1	4	1	1	1	3	1	0	2	2	4	1	1	1	0	1	0	1	4	1	1	0	1	3	1	13	2	1	0	0	5	1	1	0	1	1	0	0	1	2	0
Ins2:U1:R2	0	0	0	0	1	0	0	3	0	0	0	0	1	0	0	0	0	2	1	1	0	1	1	0	1	0	0	0	0	1	0	0	0	0	1	1	0	0	0	1	1	0	0	3	0	0	0	0	0	1	0	0	0	0	0	0	0	1	0	0	0	1	0	0	0	1	0	0	0	0	1	1	0	0	0	0	0	0	0	0	0	0	1	2	0	1	0	0	1	1	0	0	0	0	0	0	0	0	0	0	0	0	0	0	0	1	0	0	1	0	0	0	1	0	3	1	0	1	1	0	0	1	0	0	2	1	0	0	0	0	0	0	1	0	0	0	0	1	0	0	0	0	15	0	0	0	1	0	0	0	0	1	0	0	0	0	1	1	0	1	2	1	4	0	2	1	0	0	1	1	0	1	0	1	1	1	1	0	2	0	0	1	0	0	0	0	0	0	1	0	1	0	1	1	0	1	2	0	1	0	0	0	1	0	0	1	2	0	0	0	0	1	0	1	1	0	0	0	0	0	0	0	0	0	0	0	0	3	1	1	0	0	0	0	1	0	1	0	1	1	1	0	1	0	0	0	1	0	2	0	0	0	0	0	1	0	0	1	0	0	1	0	0	0	0	1	0	0	0	0	1	0	0	0	0	0	0	1	0	2	0	1	0	2	3	1	1	0	0	0	1	0	1	2	0	1	0	1	1	0	1	0	0	0	0	0	0	0	0	0	0	0	0	0	2	0	1	0	0	0	0	0	1	1	0	1	1	0	2	1	2	2	0	0	0	0	0	0	0	2	3	1	1	1	0	1	3	2	1	2	0	2	2	0	0	0	2	1	0	0	0	1	0	1	2	0	0	0	2	1	0	0	0	4	0	0	1	0	1
Ins2:U1:R3	0	0	0	0	2	0	0	2	1	0	1	1	2	1	0	1	0	0	0	0	1	0	0	0	1	0	0	0	1	0	0	0	0	2	1	0	0	0	0	2	1	1	1	2	0	0	1	0	0	0	0	0	0	0	0	1	0	0	1	1	0	0	0	0	0	0	0	0	2	0	1	0	0	0	1	1	1	0	0	0	2	2	0	3	0	0	0	1	2	1	0	0	0	0	0	2	1	0	0	1	0	0	0	0	2	0	0	0	1	0	0	0	0	0	0	0	0	0	0	0	1	1	0	0	0	0	0	0	1	1	1	0	1	0	0	1	0	1	2	0	0	0	10	1	1	0	0	0	1	0	0	1	1	0	0	0	1	0	1	0	2	0	0	0	0	0	1	0	0	0	0	0	0	2	0	0	0	1	1	1	0	0	0	0	1	1	1	0	0	0	0	1	0	0	0	0	0	1	0	0	0	1	0	1	0	1	0	0	0	0	0	1	0	1	0	0	0	0	1	4	0	1	0	1	0	1	0	0	1	2	0	0	0	1	0	0	1	1	0	0	1	0	0	0	1	0	0	2	0	1	0	0	1	1	1	0	0	0	0	0	1	0	0	0	1	0	1	0	0	0	0	1	0	0	0	0	2	2	1	0	0	0	0	1	0	0	16	0	2	2	0	1	1	1	1	0	0	2	0	0	1	0	2	2	1	1	0	0	0	0	2	0	1	0	1	0	0	1	1	3	1	1	0	0	1	1	0	0	0	0	2	1	3	1	2	3	1	1	0	2	2	0	0	2	3	1	0	2	0	1	0	1	2	0	0	1	1	2	0	0	0	0	1	0	2	0	1	1	0	1	0	2	0	3	0	0	1	0	0
Ins2:U1:R4	1	0	0	0	0	0	0	0	0	0	1	0	0	0	0	1	0	0	0	0	0	0	1	0	0	0	1	0	0	0	0	1	0	0	0	2	0	0	1	0	0	1	1	1	1	1	1	0	0	0	0	1	0	0	0	1	0	0	0	0	0	0	1	0	0	0	0	0	0	0	0	0	0	0	0	1	0	0	1	0	0	0	1	2	0	0	0	1	0	0	0	0	0	0	0	2	0	0	0	0	0	0	0	0	0	0	0	0	0	0	0	0	0	1	0	0	0	0	0	1	0	2	0	0	1	0	1	0	1	1	0	0	0	0	0	1	0	0	0	0	0	0	7	0	1	1	0	0	0	1	0	0	1	0	0	0	0	0	1	1	0	0	0	0	0	0	0	0	0	0	0	2	0	1	1	0	0	2	0	0	1	0	0	0	0	1	0	0	1	0	0	0	1	0	0	0	0	0	0	1	0	0	0	0	2	0	0	1	0	0	0	0	0	0	0	0	0	0	1	0	0	0	0	1	0	0	0	0	0	0	0	1	0	0	0	0	0	0	0	0	0	0	0	0	0	1	0	1	2	1	0	1	0	0	0	0	0	1	0	0	2	0	0	0	1	1	0	0	0	0	1	0	0	1	0	0	1	1	0	0	0	0	0	0	0	0	7	0	0	0	0	0	0	0	0	0	0	0	0	0	1	0	0	0	0	0	0	0	0	0	1	0	0	1	0	1	1	0	0	1	0	2	1	1	0	0	0	0	0	0	1	0	3	1	0	0	0	0	0	1	0	0	0	0	1	0	1	1	1	2	1	1	0	0	1	0	0	1	0	0	2	0	2	0	0	1	1	0	1	1	0	0	0	0	1	1	0	2	0
Ins2:U1:R(5,9)	1	0	0	0	0	0	0	0	0	0	0	1	0	1	0	0	0	1	0	1	0	1	0	0	0	1	0	0	1	0	1	0	0	0	0	1	0	0	0	1	0	1	0	0	2	1	0	0	0	0	1	0	0	0	0	0	1	1	1	0	0	0	0	0	0	0	1	0	0	0	0	0	0	1	1	1	1	0	1	2	0	0	0	8	2	0	0	0	0	0	0	3	0	0	0	2	1	0	0	2	1	0	1	0	0	3	0	1	1	0	0	0	0	0	1	0	0	0	0	0	0	1	0	1	1	0	1	0	2	0	1	2	0	0	1	0	0	0	1	0	0	1	17	1	0	0	0	0	0	0	0	0	1	0	0	0	2	1	0	0	2	1	0	0	0	0	1	0	2	2	0	0	0	0	1	1	1	1	1	0	0	0	0	1	0	2	3	0	1	0	0	1	1	0	1	2	1	1	0	0	0	0	1	0	1	1	0	1	0	0	0	0	0	1	2	0	0	1	0	0	3	0	0	0	0	1	1	1	0	1	0	0	1	0	0	0	2	0	0	0	0	0	0	0	0	0	1	0	0	0	0	1	0	0	0	0	0	1	0	0	0	0	1	0	0	0	0	0	0	1	0	1	0	0	0	0	0	0	0	0	0	0	0	0	0	0	27	1	0	0	0	0	1	1	2	0	1	0	0	2	0	0	0	0	1	0	0	0	0	0	0	1	1	0	0	0	1	0	1	0	0	0	0	3	1	0	1	0	1	1	0	1	0	1	0	0	0	6	0	0	0	0	1	3	0	1	0	0	0	1	1	1	0	0	0	1	2	2	0	1	1	0	1	0	0	1	0	0	1	0	0	0	0	0	0	0	0	0	2
Ins2:U2:R1	2	0	2	4	4	2	2	0	1	0	5	0	5	1	0	2	0	2	2	1	1	2	2	2	1	0	1	4	0	3	2	5	2	0	0	3	1	0	4	2	4	6	1	0	4	3	1	0	3	2	2	0	1	1	1	1	1	1	1	0	1	3	0	0	0	0	1	2	2	1	4	0	3	0	1	0	1	0	2	2	0	4	0	0	2	1	0	0	2	1	2	3	0	0	0	3	1	1	2	0	4	0	3	2	9	0	2	1	3	0	3	1	2	1	4	2	0	1	1	0	2	0	0	5	4	5	3	0	1	1	2	0	0	0	4	1	1	1	0	3	0	1	1	0	2	0	1	0	1	0	1	4	2	4	0	1	6	3	1	3	4	2	4	3	2	0	4	0	1	2	3	2	1	0	1	2	2	2	2	3	1	1	0	2	3	1	1	2	3	1	0	0	1	3	0	1	0	2	1	0	0	0	1	1	1	3	3	1	2	1	0	1	2	3	1	0	1	1	2	1	2	0	1	0	2	4	2	2	0	2	0	2	3	2	1	2	0	1	1	0	0	2	2	0	1	2	1	1	1	2	1	1	0	3	2	1	3	1	1	4	1	2	0	2	3	0	0	0	3	1	1	4	1	1	1	1	2	2	2	0	4	2	0	1	1	1	5	1	0	1	2	1	1	2	2	1	0	1	1	0	1	0	1	0	0	3	1	0	0	0	1	3	0	0	1	2	0	0	2	2	1	1	0	4	3	2	0	2	1	8	1	1	0	0	1	2	2	3	4	4	3	2	2	3	2	1	3	2	2	4	4	8	2	5	0	1	4	3	2	1	2	1	0	0	1	3	3	1	3	1	0	0	1	9	2	1	4	3	4
Ins2:U2:R2	0	1	0	1	1	1	2	1	1	0	3	1	0	1	0	0	1	0	1	1	1	0	0	0	0	0	1	1	0	2	0	2	0	1	0	0	0	1	2	0	2	0	0	2	0	1	2	1	1	1	1	1	1	0	0	1	0	0	2	1	0	1	1	0	1	2	0	1	0	1	3	1	0	0	1	1	0	0	0	1	0	4	0	4	0	0	0	0	1	1	0	0	0	0	0	1	2	2	0	0	2	0	1	2	1	0	0	1	1	1	0	0	0	0	3	2	1	0	1	0	0	1	0	1	2	1	1	0	1	0	1	1	0	0	0	1	0	0	0	0	2	1	1	0	0	1	0	0	1	0	0	2	2	0	1	0	1	1	0	1	1	1	3	0	1	2	2	0	0	0	0	1	0	1	0	2	2	1	1	1	3	0	0	1	0	3	0	1	0	3	0	0	1	1	0	0	0	1	0	0	0	2	2	0	1	2	0	0	2	1	0	1	1	0	1	1	2	1	2	0	2	0	1	1	0	2	3	2	0	0	1	1	0	0	1	0	2	0	2	0	0	1	0	1	0	0	0	1	1	2	0	0	0	2	0	0	1	0	0	1	0	1	1	0	0	0	0	0	1	2	0	1	0	0	1	0	0	3	1	0	1	1	0	1	0	0	5	0	0	1	1	0	0	3	2	2	0	0	0	2	2	1	1	0	1	1	0	0	0	1	1	4	0	0	0	0	1	0	0	0	0	2	1	2	0	0	1	0	2	3	2	1	0	3	0	1	0	2	1	2	1	1	1	4	0	0	1	4	1	1	4	0	2	1	2	1	1	0	1	0	4	3	1	0	2	2	1	0	2	1	1	1	2	1	1	1	1	1	1
Ins2:U2:R3	0	1	0	0	0	0	0	0	0	0	3	0	0	0	0	1	0	1	0	0	0	0	1	0	0	0	0	0	0	1	0	0	1	0	0	0	1	0	0	1	0	0	1	0	0	0	0	1	0	0	0	0	0	0	0	0	0	0	0	0	1	0	0	0	0	1	0	0	0	0	0	1	1	0	2	0	0	0	0	0	1	0	0	1	1	0	0	0	0	0	0	0	0	0	0	1	0	0	0	0	1	0	1	0	3	0	0	1	0	0	0	1	0	0	0	0	0	0	0	0	0	0	0	0	1	1	0	0	0	0	1	2	0	0	1	0	0	0	0	1	0	0	0	0	0	1	1	0	0	1	0	2	0	2	0	0	0	0	0	0	0	1	0	0	0	2	1	0	2	0	0	0	1	0	0	0	1	0	0	0	1	1	0	0	0	0	0	0	0	1	0	0	0	0	1	0	1	0	0	1	0	1	0	0	0	1	0	1	1	0	0	0	1	1	0	1	1	0	0	0	0	0	0	0	0	1	0	1	0	0	0	1	0	0	0	0	1	0	1	2	0	0	0	0	0	0	0	0	1	0	0	0	0	0	1	0	0	0	0	0	0	1	0	0	0	0	0	0	1	0	0	2	0	0	0	0	0	0	0	0	0	0	0	0	1	0	11	0	0	0	1	0	0	0	0	1	0	0	0	0	0	0	1	1	0	0	0	0	1	0	1	1	0	0	0	0	0	1	0	1	1	0	0	1	0	1	0	0	0	0	2	1	2	0	1	2	1	3	0	0	1	0	1	1	1	0	2	1	0	2	0	2	0	0	2	0	0	0	1	0	0	0	0	2	2	2	0	0	0	0	1	0	1	1	1	0	0	1	2
Ins2:U2:R4	0	0	1	0	0	1	0	0	0	1	1	0	1	1	0	0	0	0	2	2	0	0	0	1	0	0	0	0	0	1	0	0	0	0	1	0	0	0	1	2	0	0	2	2	0	1	0	0	0	0	1	1	0	0	0	0	0	2	0	0	1	1	0	0	0	0	1	1	0	0	0	2	0	1	0	0	1	0	1	0	2	1	0	22	0	0	1	0	1	0	1	1	1	0	0	0	2	0	1	1	1	0	2	0	0	0	2	0	0	0	2	0	1	1	0	0	3	1	0	0	1	0	0	1	0	0	2	0	0	0	0	0	0	0	2	1	0	0	1	0	2	3	0	0	0	0	1	0	0	0	0	0	1	0	1	0	0	0	1	0	6	0	2	0	0	0	0	0	0	1	0	0	1	2	0	1	0	2	0	0	0	0	0	0	0	0	3	0	0	1	1	1	2	0	1	0	0	1	1	0	0	0	0	0	1	1	0	0	1	1	0	1	0	1	2	0	0	0	0	0	0	0	1	0	0	0	0	2	1	0	2	2	1	1	1	0	0	0	0	1	0	0	0	0	0	0	1	1	1	0	2	0	0	0	2	0	2	0	0	0	0	2	0	0	1	1	0	1	2	0	2	2	1	0	2	0	1	0	1	0	0	0	0	0	0	0	77	0	0	3	0	1	1	0	0	0	0	0	1	0	0	0	0	0	0	0	0	0	1	0	1	1	0	0	1	0	3	0	0	0	1	1	0	1	0	1	2	0	0	2	2	1	0	2	0	1	2	2	1	1	0	1	3	1	1	0	0	2	1	0	4	1	2	1	1	2	2	3	1	0	1	0	2	1	1	0	0	1	1	2	0	0	0	1	0	0	0	1	2
Ins2:U2:R(5,9)	2	1	2	6	4	0	0	5	4	1	1	8	13	5	4	2	0	2	4	3	0	2	1	4	3	0	1	1	0	6	3	3	1	2	1	1	1	0	3	8	4	1	13	3	3	4	4	6	1	8	2	1	1	3	0	1	2	7	3	4	16	7	2	1	1	1	0	1	6	1	3	5	0	0	0	0	6	0	2	10	4	3	2	83	3	1	0	1	2	4	1	1	7	2	1	3	3	4	0	4	0	0	8	4	3	0	4	1	2	0	12	0	1	3	3	0	5	2	2	0	2	4	0	3	6	2	6	0	5	1	4	2	3	3	3	4	1	1	1	2	1	3	1	1	2	4	0	2	1	0	2	2	3	5	0	2	3	4	3	0	24	8	2	1	2	4	4	0	4	2	2	2	1	5	2	6	4	8	5	2	3	1	2	3	0	1	16	4	2	5	5	4	2	3	1	1	3	3	7	2	0	2	0	0	5	1	4	2	8	13	0	2	1	5	1	2	2	3	2	0	2	0	2	3	4	3	5	8	2	1	0	4	4	2	8	5	7	3	2	2	2	5	3	2	9	0	1	5	4	3	7	1	5	2	1	0	1	0	3	1	2	8	4	1	2	3	3	0	3	2	1	6	0	1	2	5	3	1	1	2	3	0	0	0	0	1	454	4	3	4	2	1	2	3	5	3	2	1	2	0	3	0	3	2	2	0	5	3	0	1	2	4	0	0	0	2	3	2	4	1	3	6	3	6	0	2	8	0	12	7	3	2	11	9	14	7	4	8	5	2	13	4	15	8	6	8	5	8	13	6	10	5	7	3	4	5	19	6	1	0	13	4	4	28	3	4	9	2	8	5	11	7	9	4	1	2	5	6	11
Ins3:U1:R1	0	0	0	0	0	0	0	0	0	0	0	0	0	0	0	0	0	0	0	0	0	0	0	1	0	0	0	0	0	0	0	0	0	0	0	0	0	0	0	0	0	0	0	0	0	0	0	0	0	0	0	0	0	0	0	0	0	0	0	0	0	0	0	0	0	0	0	0	0	0	0	0	0	0	0	0	0	0	0	0	0	0	0	1	0	0	0	0	0	0	0	0	0	0	0	0	0	0	0	0	0	0	0	0	0	0	0	0	0	0	0	0	0	0	0	0	0	0	0	0	0	0	0	0	0	0	0	0	1	0	0	0	0	0	0	0	0	0	0	0	0	0	0	0	0	0	0	0	0	0	0	0	0	0	0	0	0	0	0	0	0	0	0	0	0	0	0	0	0	0	0	0	0	0	0	0	0	0	0	0	0	0	0	0	0	0	0	0	1	0	0	0	0	0	0	0	0	0	0	0	0	0	0	0	0	1	0	0	1	0	0	0	0	0	0	0	0	0	0	0	0	0	0	0	0	0	0	0	0	0	0	0	0	0	0	0	0	0	0	0	0	0	0	0	0	0	0	0	0	0	0	0	1	0	0	0	0	0	0	0	0	0	0	0	0	0	0	0	0	0	0	0	0	0	0	0	0	0	0	0	0	0	0	0	0	0	0	0	0	0	0	0	0	0	0	0	0	0	0	0	0	0	0	0	0	0	0	0	0	0	0	0	0	0	0	0	0	0	0	0	0	0	0	0	0	0	0	0	1	0	0	0	0	0	1	0	0	0	0	0	0	0	0	0	1	0	0	1	0	0	0	1	0	0	0	0	0	0	0	0	0	0	0	4	0	0	0	0	0	0	1	0	1	0	0	0	0	0	0
Ins3:U1:R2	0	0	0	0	0	0	0	0	0	0	0	0	0	0	0	0	0	0	0	0	0	0	0	0	0	0	0	0	0	0	0	0	0	0	0	0	0	0	0	0	0	0	0	0	0	0	0	0	0	0	0	0	0	0	0	0	0	0	0	0	0	0	0	0	0	0	0	0	0	0	0	0	0	0	0	0	0	0	0	0	0	0	0	0	0	0	0	0	0	0	0	0	0	0	0	0	0	0	0	0	0	0	0	0	0	0	1	0	0	0	0	0	0	0	0	0	0	0	0	0	0	0	0	0	0	0	0	0	0	0	0	0	0	0	0	0	0	0	0	0	0	0	0	0	0	0	0	0	0	0	1	0	1	0	0	0	0	0	0	0	0	0	0	0	0	0	0	0	0	0	0	0	0	0	0	0	0	0	0	0	0	0	0	0	0	0	0	0	0	0	0	0	0	0	0	0	0	0	0	0	0	0	0	0	0	0	0	0	0	0	0	0	1	0	0	0	0	0	0	0	0	0	0	0	0	0	0	0	0	0	0	0	0	0	0	0	0	1	0	0	0	0	0	0	0	0	0	0	1	0	0	0	0	0	0	0	0	0	0	0	0	0	0	0	0	0	0	0	0	0	0	0	0	0	0	0	0	0	0	0	0	0	0	0	0	0	0	0	0	0	0	0	1	1	0	0	0	0	0	0	0	0	0	0	0	0	0	0	0	0	0	0	0	0	0	0	0	0	0	0	0	0	0	0	0	0	0	0	0	0	0	1	0	0	0	0	0	0	1	0	0	0	0	0	0	0	0	0	0	0	0	1	0	0	0	0	0	0	0	0	0	1	1	0	1	0	0	0	0	0	0	0	0	0	0	0	0	0	1
Ins3:U1:R3	0	0	0	0	0	0	0	0	0	0	0	0	0	0	0	0	0	0	0	0	1	0	0	0	0	0	0	1	0	0	0	0	0	0	0	1	0	0	0	0	0	0	1	0	0	0	0	1	0	0	1	0	0	0	0	0	0	2	0	0	0	0	0	0	0	0	0	1	0	0	0	0	0	0	0	0	0	0	0	0	0	0	0	0	0	0	0	0	0	0	0	0	0	0	0	0	0	0	0	0	0	0	0	0	0	0	0	1	0	0	0	0	0	0	1	0	0	0	0	0	0	0	0	0	0	0	0	0	0	0	0	0	0	0	0	0	0	0	0	0	0	0	0	0	0	0	1	0	0	0	0	1	0	1	0	0	0	0	0	0	0	1	0	0	1	0	0	0	0	0	0	0	1	0	0	0	0	0	0	0	0	0	0	0	0	0	0	0	0	0	0	0	0	0	0	0	0	0	0	0	0	0	0	0	0	0	0	0	0	0	0	0	0	0	0	0	0	0	1	0	0	0	0	0	0	0	0	0	0	0	0	0	0	0	0	0	0	0	0	0	0	0	0	0	0	0	0	0	1	0	0	0	0	0	0	0	0	0	0	0	0	0	0	0	0	1	0	0	0	0	0	0	0	0	0	0	1	0	0	0	0	0	0	0	0	1	0	0	0	0	0	0	0	1	0	0	0	0	0	0	0	0	0	0	0	0	0	0	0	0	0	0	0	0	0	0	0	0	0	0	0	1	1	1	0	0	0	0	0	0	0	0	1	0	0	0	0	0	0	2	0	0	0	1	0	0	0	1	0	0	1	0	0	0	0	0	0	1	0	0	0	0	1	0	0	0	0	0	0	0	0	0	0	1	0	0	0	0	0
Ins3:U1:R4	0	0	0	0	0	1	0	0	0	0	1	0	0	0	0	0	0	0	0	0	0	0	0	0	0	0	0	0	0	0	0	1	0	1	0	0	0	0	0	0	0	0	0	0	0	0	0	0	0	0	0	0	0	1	0	0	0	0	0	0	0	0	0	0	0	0	0	0	0	0	0	0	0	0	0	0	0	0	0	1	0	0	0	0	0	0	0	0	0	0	0	0	0	0	0	0	0	0	0	0	0	0	0	0	1	0	1	1	0	0	1	0	0	0	0	1	0	0	0	0	0	0	0	0	1	0	1	0	0	0	0	0	0	0	0	0	0	0	0	0	0	0	0	0	0	0	0	0	0	0	0	0	0	0	0	0	0	0	0	0	0	0	1	0	0	0	1	0	0	0	0	0	0	0	0	1	0	0	0	1	0	0	0	0	0	0	0	0	0	0	0	0	0	0	0	0	0	0	0	0	0	0	0	0	0	0	0	1	0	2	0	0	0	0	0	0	0	0	0	0	0	0	0	0	0	0	0	0	0	0	0	0	1	0	0	0	0	0	0	0	0	0	1	0	1	0	1	0	1	0	0	0	0	0	0	0	0	0	0	0	0	0	0	0	0	0	0	0	0	0	0	0	0	0	0	0	0	0	0	0	0	0	0	0	0	0	0	0	0	0	0	0	0	1	0	0	0	0	0	0	0	0	0	0	0	0	0	0	0	0	0	1	0	0	0	0	0	0	0	0	0	0	0	0	0	0	0	0	0	0	0	0	0	0	0	0	0	0	0	1	0	0	0	0	0	1	0	0	0	0	0	0	0	1	0	0	0	0	0	0	0	1	0	0	0	0	0	0	0	0	0	0	0	0	0	0	0	0	0
Ins3:U1:R(5,9)	0	0	0	0	0	0	1	0	0	0	0	0	0	0	0	0	0	0	0	0	0	0	0	0	1	0	1	0	0	0	0	0	0	0	0	1	0	0	0	0	1	0	0	0	0	0	0	0	0	0	0	0	0	0	0	0	0	0	0	0	0	0	0	0	0	0	0	0	0	1	2	0	0	0	0	0	0	0	1	0	0	0	0	0	0	0	0	0	1	0	0	0	0	0	0	1	0	0	0	0	0	0	0	0	0	0	0	0	0	0	1	0	0	0	0	0	0	0	0	0	0	0	0	0	0	0	0	0	1	0	0	0	0	0	0	0	0	1	0	1	1	0	0	0	0	0	0	0	0	0	0	0	0	0	0	0	0	1	0	0	0	0	1	0	0	0	0	0	0	0	0	0	0	0	0	0	0	0	0	0	0	0	0	0	0	0	1	0	0	0	0	0	0	0	0	0	0	0	0	0	0	0	0	0	0	0	0	0	0	1	0	0	0	0	0	0	0	0	1	0	0	0	0	0	0	0	0	0	0	0	0	0	0	0	0	0	0	0	0	0	0	0	0	0	1	0	0	0	0	1	0	0	0	0	0	0	0	0	0	0	0	0	0	0	0	0	1	0	0	0	0	0	0	0	0	0	0	0	0	0	0	0	0	0	0	0	0	0	0	0	0	0	0	0	1	0	0	0	0	0	0	0	0	0	1	0	0	0	0	0	0	0	0	0	0	0	0	0	0	0	0	0	0	1	0	0	1	0	0	0	0	0	1	0	0	0	0	0	0	0	0	1	0	0	0	0	0	0	1	0	0	0	0	0	1	1	0	0	0	0	0	0	0	0	0	1	0	0	0	0	0	0	0	0	0	0	0	0	0
Ins3:U3:R1	2	0	1	1	0	2	1	2	2	1	4	1	1	0	2	2	1	3	7	1	1	1	1	3	1	0	0	0	1	0	1	2	0	0	2	6	1	1	1	1	4	6	3	2	2	0	1	0	4	4	1	1	1	0	1	0	2	4	1	1	1	1	2	0	1	3	2	2	0	1	3	1	3	0	1	3	4	1	1	4	0	0	1	0	2	1	3	3	3	0	0	2	0	0	0	2	2	2	1	1	1	0	2	4	6	0	0	2	0	0	2	1	0	0	4	3	2	0	5	0	2	1	1	3	2	4	3	0	3	0	5	1	0	0	0	0	2	1	0	1	1	2	3	1	4	1	1	1	3	0	0	3	4	3	0	0	4	2	1	2	7	2	3	1	8	1	2	2	0	1	0	3	2	1	0	2	3	3	2	0	1	4	0	3	1	0	1	1	1	4	1	3	1	0	1	1	4	0	2	0	1	0	1	3	5	8	1	4	0	3	1	0	0	1	0	0	2	2	0	1	0	0	1	3	2	1	1	1	3	2	0	1	0	0	1	2	3	1	0	3	0	0	0	1	1	4	2	1	4	1	5	0	2	1	1	1	4	0	1	0	2	1	1	1	0	1	1	0	1	2	0	3	0	0	1	0	1	0	1	1	0	0	0	5	2	2	2	2	0	2	0	0	1	3	2	4	0	0	2	2	3	1	0	2	4	0	1	0	1	0	2	2	0	1	0	3	0	0	1	1	0	0	5	3	1	3	3	0	4	4	4	1	4	2	0	1	0	4	0	4	4	2	0	4	2	1	3	1	2	2	3	1	2	4	3	2	3	4	4	1	1	0	3	4	2	1	0	1	2	1	2	1	4	5	0	2	1	1	3
Ins3:U3:R2	0	0	0	0	0	2	1	0	1	0	2	0	0	0	0	0	0	0	0	0	0	0	0	1	0	0	0	0	0	1	0	0	0	0	1	1	0	0	0	0	0	1	0	0	0	0	0	0	0	0	0	0	0	0	0	0	0	1	1	0	1	0	0	0	0	3	0	0	0	1	0	0	3	0	0	0	0	0	0	0	1	1	0	0	0	0	1	0	0	0	0	0	1	0	0	1	1	0	0	0	0	0	0	0	2	0	2	0	0	0	1	0	1	0	0	0	0	1	0	0	1	0	0	0	0	1	1	0	0	0	1	0	1	0	0	2	0	0	0	1	0	0	0	0	0	0	0	1	0	0	1	0	0	0	1	0	1	0	1	0	0	0	0	0	0	0	0	0	1	0	0	0	1	1	0	0	1	0	0	0	1	0	0	1	0	0	1	1	0	0	0	0	0	0	0	0	1	0	1	0	0	1	0	0	0	2	0	0	1	0	0	0	0	0	0	0	1	0	0	0	0	0	0	0	1	0	0	1	1	0	0	0	0	0	0	1	0	3	1	0	0	0	0	0	0	1	0	1	0	0	1	1	0	0	1	1	0	0	0	0	0	0	1	0	0	0	0	0	0	0	0	0	0	0	0	0	0	0	1	1	3	0	0	0	0	1	1	1	0	0	0	0	1	2	2	0	0	0	0	1	0	0	1	0	1	0	0	0	0	0	0	0	0	0	0	0	0	0	0	0	0	1	0	1	0	0	1	0	0	0	0	2	2	0	1	1	0	0	0	2	0	1	0	0	0	0	0	0	0	1	0	0	0	1	0	0	1	0	0	0	1	0	0	0	1	0	0	0	1	2	1	0	3	3	0	0	0	0	1
Ins3:U3:R3	0	0	0	1	0	0	0	0	0	0	0	0	0	1	0	0	0	0	0	0	1	0	0	0	0	0	0	0	0	0	0	0	0	0	0	0	0	0	0	0	0	0	0	0	0	0	0	0	0	0	0	0	0	0	0	0	0	0	0	0	0	0	0	0	0	0	0	0	0	0	0	0	0	0	0	0	0	0	0	0	0	0	0	0	0	0	0	0	1	0	0	0	0	0	0	0	0	0	0	0	0	0	0	0	0	0	0	0	0	0	0	0	0	0	0	0	0	0	0	0	0	0	0	0	0	0	0	0	0	0	0	0	0	0	0	0	0	0	0	0	0	0	0	0	0	0	0	0	0	0	0	0	0	0	0	0	0	0	0	0	1	0	0	0	1	0	0	0	0	0	0	0	0	0	0	0	0	0	0	0	0	0	0	0	0	1	0	0	0	1	0	0	0	0	0	0	0	0	0	0	0	0	0	0	0	0	0	0	0	0	0	0	0	0	0	0	0	0	0	0	0	0	0	0	1	1	0	0	0	0	0	0	0	0	0	0	0	0	0	0	1	0	0	0	0	0	0	0	0	0	0	0	0	0	0	0	0	0	0	0	1	0	0	0	0	0	0	0	1	0	0	0	0	0	0	0	0	0	0	0	0	0	0	0	0	0	1	0	0	0	0	0	0	1	1	0	0	0	0	0	0	0	0	0	0	0	0	0	0	0	0	0	0	0	0	0	0	0	0	0	0	1	0	1	0	0	1	0	0	0	0	0	0	0	0	0	0	0	0	0	0	0	0	1	0	0	0	0	1	0	0	0	0	0	0	0	1	0	0	0	0	0	0	0	0	0	0	0	0	0	0	0	0	0	0	0	0	0	0
Ins3:U3:R4	0	0	0	1	0	0	0	0	0	0	0	0	0	0	0	1	0	0	0	0	0	0	0	0	0	0	0	0	0	0	0	0	0	0	0	0	0	0	0	0	0	0	1	0	0	0	0	0	1	0	0	0	0	0	0	0	0	0	0	1	0	0	0	0	0	0	0	0	0	0	0	0	0	0	0	0	1	0	0	0	0	0	0	2	1	1	0	0	0	0	0	0	0	0	0	0	0	0	0	0	0	0	1	0	0	0	0	0	0	0	0	0	0	0	0	0	0	0	0	0	0	0	0	0	0	0	1	0	0	0	0	0	0	0	0	0	0	0	0	0	0	0	0	0	0	0	0	0	0	0	0	0	0	0	0	0	0	0	0	0	0	0	0	0	0	0	0	0	0	0	0	0	0	0	0	0	0	0	0	0	0	0	0	0	0	0	0	0	0	0	0	0	0	0	0	0	0	0	0	0	0	0	0	0	0	0	0	0	0	0	0	0	0	0	0	0	1	0	0	0	0	0	0	0	0	0	0	1	0	0	0	0	0	0	0	0	0	0	0	0	0	0	0	0	0	0	0	0	0	0	0	0	0	0	0	0	0	0	0	0	0	0	0	0	0	0	0	0	0	0	0	0	0	0	0	1	0	0	0	0	0	0	0	0	0	0	6	0	0	0	0	0	0	0	0	0	0	0	0	0	0	0	0	0	0	0	0	0	0	0	0	0	0	0	0	0	0	1	0	0	0	0	0	0	0	0	0	0	0	0	0	0	0	0	0	0	0	0	0	0	0	0	0	0	0	0	0	0	1	0	0	0	0	0	0	0	0	0	0	0	0	0	0	0	1	0	0	0	0	0	0	0	0	0	0	0	0	0	0
Ins3:U3:R(5,9)	0	0	0	0	1	1	0	0	0	0	1	2	1	0	0	0	0	0	0	1	0	0	0	0	0	0	0	0	0	0	0	0	0	0	0	0	0	0	0	1	0	0	0	0	0	0	0	1	0	0	0	0	0	0	0	1	0	0	0	0	0	0	1	0	0	0	0	0	1	2	0	1	0	0	1	0	0	1	0	0	0	0	0	5	1	0	0	0	0	0	0	1	0	1	0	0	0	0	0	0	0	0	0	0	0	0	0	0	0	0	0	1	0	0	0	1	0	0	0	0	0	0	0	0	0	1	0	0	1	0	0	0	0	0	1	0	0	0	0	0	0	0	0	0	0	0	0	0	0	0	1	0	0	0	0	0	2	0	0	0	1	0	0	0	1	0	0	0	0	0	0	0	0	0	0	0	0	0	0	0	0	0	1	0	0	0	0	0	0	0	0	1	0	0	0	0	1	0	0	0	0	0	0	0	0	0	0	1	0	0	0	1	0	0	0	0	1	0	0	0	1	0	0	1	1	0	0	0	0	0	0	0	0	0	0	0	0	0	0	0	0	1	0	1	0	0	0	0	0	0	0	0	1	1	0	0	0	0	0	0	0	3	0	0	1	2	0	0	0	0	0	0	1	1	0	0	0	1	0	0	0	0	0	0	0	0	33	0	0	0	0	0	0	1	1	1	0	0	0	0	0	0	0	0	0	0	0	0	1	0	0	0	0	0	0	0	0	0	0	0	0	0	0	0	0	0	1	0	0	3	0	0	1	0	0	0	1	1	0	0	0	1	1	1	0	1	2	0	1	0	0	0	0	0	0	1	0	1	0	0	0	0	0	2	0	0	1	0	1	0	2	0	0	0	0	0	0	0	0
Ins4:U1:R1	0	0	0	0	0	0	0	0	0	0	0	0	0	0	0	0	0	0	0	0	0	0	0	0	0	0	0	0	0	0	0	0	0	0	0	0	0	0	0	0	0	0	0	0	0	1	0	0	0	0	0	0	0	0	0	0	0	0	0	0	0	0	0	0	0	0	0	1	0	0	0	0	0	0	0	0	0	0	0	0	0	0	0	0	1	0	0	0	0	0	0	0	0	0	0	0	0	0	0	0	0	0	0	0	0	0	0	0	0	0	0	0	0	0	0	0	0	0	0	0	0	0	0	0	0	0	0	0	0	0	0	0	0	0	0	0	0	0	0	0	0	0	0	0	0	0	0	0	0	0	0	0	0	0	0	0	0	0	0	0	0	0	0	0	0	0	0	0	0	0	0	0	0	0	0	0	1	0	0	0	0	0	0	0	0	0	0	0	0	0	0	0	0	0	0	0	0	0	0	0	0	0	0	0	0	0	0	0	0	0	0	0	0	0	0	0	0	0	0	0	0	0	0	0	0	1	0	0	0	0	0	0	0	0	0	0	1	0	0	0	0	0	0	0	0	0	0	0	0	0	1	0	0	0	0	0	0	0	0	0	0	0	0	0	0	0	0	0	0	0	0	0	0	0	0	0	0	0	0	0	0	0	0	0	0	0	0	0	0	0	0	0	0	0	0	0	0	0	0	0	0	0	0	0	0	0	0	0	0	0	0	0	0	0	0	0	0	0	0	0	0	0	0	0	0	0	0	0	0	0	0	0	0	0	0	0	0	0	0	0	0	0	0	0	0	0	0	0	0	0	0	1	0	0	0	0	0	0	0	0	0	0	0	0	0	0	0	0	0	0	0	0	0	0	0	1	0	0	0
Ins4:U1:R2	0	0	0	0	0	0	0	0	0	0	0	0	0	0	0	0	0	0	0	0	0	0	0	0	0	0	0	0	0	0	0	0	0	0	0	0	0	0	0	0	0	0	0	0	0	0	0	0	0	0	0	0	0	0	0	0	0	0	0	0	0	0	0	0	0	0	0	0	0	0	0	0	0	0	0	0	0	0	0	0	0	0	0	0	0	0	0	0	0	0	0	0	0	0	0	0	0	0	0	0	0	0	0	0	0	0	0	0	0	0	0	0	0	0	0	0	0	0	0	0	0	0	0	0	0	0	0	0	0	0	0	0	0	0	0	0	0	0	0	0	0	0	0	0	0	0	0	0	0	0	0	0	0	0	0	0	0	0	0	0	0	0	0	0	0	0	0	0	0	0	0	0	0	0	0	0	0	0	0	0	0	0	0	0	0	0	0	0	0	0	0	0	0	0	0	0	0	0	0	0	0	0	0	0	0	0	0	0	0	0	0	0	0	0	0	0	0	0	0	0	0	0	0	0	0	0	0	0	0	0	0	0	0	0	0	0	0	0	0	0	0	0	0	0	0	0	0	0	0	0	0	0	0	0	0	0	0	0	0	0	0	0	0	0	0	0	0	0	0	0	0	0	0	0	0	0	0	0	0	0	0	0	0	0	0	0	0	0	0	0	0	0	0	0	0	0	0	0	0	0	0	0	0	0	0	0	0	0	0	0	0	0	0	0	0	0	0	0	0	0	0	0	0	0	0	1	0	0	0	0	0	0	0	0	0	0	0	0	0	0	0	0	0	0	0	0	0	0	0	0	0	0	0	0	0	0	0	0	0	0	0	0	0	0	0	1	0	0	0	0	0	0	0	0	0	0	0	0	0
Ins4:U1:R3	0	0	0	0	0	0	0	0	0	0	0	0	0	0	0	0	0	0	0	0	0	0	0	0	0	0	0	0	0	0	0	0	0	0	0	0	0	0	0	0	0	0	0	0	0	0	0	0	0	0	0	0	0	0	0	0	0	0	0	0	0	0	0	0	0	0	0	0	0	0	0	0	0	0	0	0	0	0	0	0	0	0	0	0	0	0	0	0	0	0	0	0	0	0	0	0	0	0	0	0	0	0	0	1	0	0	0	0	0	0	0	0	0	0	0	0	0	0	0	0	0	0	0	0	0	0	0	0	0	0	0	0	0	0	0	0	0	0	0	0	0	0	0	0	0	0	0	0	0	0	0	0	0	0	0	0	0	0	0	0	0	0	0	0	0	0	0	0	0	0	0	0	1	0	0	0	0	0	0	0	0	0	0	0	0	0	0	0	0	0	0	0	0	0	0	0	0	0	0	0	0	0	0	0	0	0	0	0	0	0	0	0	0	1	0	0	0	0	0	0	0	0	0	0	0	0	0	0	0	0	0	0	0	0	0	0	0	0	0	0	0	0	0	0	0	0	0	0	0	0	0	0	0	0	0	0	0	0	0	0	0	0	0	0	0	0	0	0	0	0	0	0	0	0	0	0	0	1	0	0	0	0	0	0	0	0	0	0	0	0	0	0	0	0	0	0	0	0	0	0	0	0	0	0	0	0	0	0	0	0	0	0	0	0	0	0	0	0	0	0	0	0	0	0	0	0	0	0	0	1	0	1	1	0	0	0	0	1	0	0	0	0	0	0	1	1	1	1	1	1	0	0	0	0	0	1	0	0	0	0	1	0	0	0	0	1	1	0	1	0	0	0	1	1	0	0	0	0	0
Ins4:U1:R4	0	0	0	0	0	0	0	0	0	0	0	0	0	0	0	0	0	0	0	0	0	0	0	1	0	0	0	0	0	0	0	0	0	0	0	0	0	0	0	0	0	0	0	0	0	0	0	0	0	0	0	0	0	0	0	0	0	0	0	0	0	0	0	0	0	0	0	0	0	0	0	0	0	0	0	0	0	0	0	0	0	0	0	0	0	0	0	0	0	0	0	0	0	1	0	0	0	0	0	0	0	0	0	0	0	0	0	0	0	0	0	0	0	0	0	0	0	0	0	0	0	0	0	0	1	0	0	0	0	0	0	0	0	0	0	0	0	0	0	0	0	0	0	0	0	0	0	1	0	0	0	0	0	0	0	0	0	0	0	0	0	0	0	0	0	0	0	0	0	0	0	0	0	0	0	0	0	0	0	0	0	0	0	0	0	0	0	0	0	0	0	0	0	0	1	0	0	0	0	0	0	0	0	0	1	0	0	0	0	0	0	0	0	0	0	0	0	0	0	0	0	0	0	0	0	0	0	0	0	0	0	0	0	0	0	0	0	0	0	0	0	0	0	0	0	0	0	0	0	0	0	0	0	0	0	0	0	0	0	0	0	0	0	0	0	0	0	0	0	0	0	0	0	0	0	0	0	0	0	0	0	0	0	0	0	0	0	0	0	0	0	0	0	0	0	0	0	0	0	0	0	0	0	0	0	0	0	0	0	0	0	0	0	0	0	0	0	0	0	0	0	0	0	0	0	0	0	0	0	0	0	0	0	0	0	0	0	0	0	0	0	0	0	0	0	0	0	0	0	0	0	0	0	0	0	0	0	0	0	0	0	0	0	0	0	0	0	0	0	0	0	0	0	0	0	0	0	0	0
Ins4:U1:R(5,9)	0	0	0	0	0	0	0	0	0	0	0	0	0	0	0	0	0	0	0	0	0	0	0	0	0	0	0	0	0	0	0	0	0	0	0	0	0	0	0	0	0	0	0	0	0	0	0	0	0	0	0	0	0	0	0	0	0	0	0	0	0	0	0	0	0	0	0	0	0	0	0	0	0	0	0	0	0	0	0	0	0	0	0	0	0	0	0	0	0	0	0	0	0	0	0	0	0	0	0	0	0	0	0	0	0	0	0	0	0	0	0	0	0	0	0	0	0	0	0	0	0	0	0	1	0	0	0	0	0	0	0	0	0	0	0	0	0	0	0	0	0	0	0	0	0	0	0	0	0	0	0	0	0	0	0	1	0	0	0	0	0	0	0	0	0	0	0	0	0	0	0	0	0	0	0	0	0	1	0	0	0	0	0	0	0	0	0	0	0	0	0	0	0	0	0	0	0	0	0	0	0	0	0	0	0	0	0	0	0	0	0	0	0	0	0	0	0	0	0	0	0	0	0	0	0	0	0	0	0	1	0	0	0	0	1	0	0	0	0	0	0	0	0	0	0	0	0	0	0	0	0	0	0	0	0	0	0	0	0	0	0	0	0	0	0	0	0	0	0	0	0	0	0	0	0	0	0	0	0	0	0	0	0	0	0	0	0	0	0	0	0	0	0	0	0	0	0	0	0	0	0	0	0	0	0	0	0	0	0	0	0	0	0	0	0	0	0	0	0	0	0	0	0	0	0	0	0	0	0	0	0	0	2	0	0	0	0	0	0	0	0	0	0	0	0	0	0	0	1	0	0	0	0	0	0	0	0	0	0	0	0	0	0	0	0	1	0	0	0	0	0	0	0	0	0	0	0	0	0
Ins4:U2:R1	0	0	0	0	0	0	0	0	0	0	0	0	0	0	0	0	0	0	0	0	0	0	0	0	0	0	0	0	0	0	0	0	0	0	0	0	0	0	0	0	0	0	0	0	0	0	0	0	0	0	0	0	0	0	0	0	0	0	0	0	0	0	0	0	0	0	0	0	0	0	0	0	0	0	0	0	0	0	0	0	0	0	0	0	0	0	0	0	0	0	0	0	0	0	0	0	0	0	0	0	0	0	0	0	0	0	0	0	0	0	0	0	0	0	0	0	0	0	0	0	0	0	0	0	0	0	0	0	0	0	0	0	0	0	0	0	0	0	0	0	0	0	0	0	0	0	0	0	0	0	0	0	0	0	0	0	0	0	0	0	0	0	0	0	0	0	0	0	0	0	0	0	0	0	0	0	0	0	0	0	0	0	0	0	0	0	0	0	0	0	0	0	0	0	0	0	0	0	0	0	0	0	0	0	0	0	0	0	0	0	0	0	0	0	0	0	0	0	0	0	0	0	0	0	0	0	0	0	0	0	0	0	0	0	0	0	0	0	0	0	0	0	0	0	0	0	0	0	0	0	0	0	0	0	0	0	0	0	0	0	0	0	0	0	0	0	0	0	0	0	0	0	0	0	0	0	0	0	0	0	0	0	0	0	0	0	0	0	0	0	0	0	0	0	0	0	0	0	0	0	0	0	0	0	0	0	0	0	0	0	0	0	0	0	0	0	0	0	0	0	0	0	0	0	0	0	0	0	0	0	0	0	0	0	0	0	0	0	0	0	0	0	0	0	0	0	0	0	0	0	0	0	0	0	0	0	0	0	0	0	0	0	0	0	0	0	0	0	0	0	0	0	0	0	0	0	1	0	0
Ins4:U2:R2	0	0	0	0	0	0	0	1	0	0	0	0	1	0	0	0	0	1	0	0	0	0	0	0	0	0	1	0	0	0	0	0	0	0	0	0	0	0	0	0	0	0	0	0	0	0	0	0	0	0	0	0	0	0	0	0	0	0	0	0	1	1	0	0	1	0	0	0	0	0	0	0	0	0	0	0	0	0	0	0	0	0	0	0	0	0	0	0	0	0	0	0	2	0	0	0	0	0	0	0	0	0	0	0	0	0	0	0	1	0	0	0	0	1	0	0	0	0	0	0	0	0	1	0	0	0	0	0	0	0	0	0	0	0	0	0	0	0	0	0	0	0	0	0	0	0	0	0	0	0	0	0	0	0	0	0	0	0	0	0	0	1	1	0	0	0	0	0	0	0	0	1	1	0	0	0	0	0	0	0	1	0	0	2	0	0	0	0	1	0	0	0	0	0	0	1	0	0	0	1	0	0	0	0	0	1	0	0	0	0	0	0	0	1	0	0	0	0	0	0	0	0	0	2	0	0	0	0	1	0	0	1	1	1	1	0	0	0	0	0	0	0	0	0	0	0	0	0	0	0	0	0	0	0	0	0	0	0	0	0	0	0	0	0	1	0	1	0	0	0	0	0	0	0	0	0	1	0	0	1	0	0	0	0	0	1	0	0	0	1	0	1	0	0	0	0	0	0	0	0	0	0	0	0	0	0	0	0	0	0	0	0	0	0	0	0	0	0	0	0	0	0	0	0	0	0	0	0	0	0	0	0	0	0	0	0	0	0	0	0	0	0	0	1	1	0	0	0	0	0	0	0	0	0	1	0	0	0	0	0	0	0	0	0	1	1	0	0	1	0	0	0	0	0	0	0	0	0	0
Ins4:U2:R3	0	0	0	0	0	0	0	0	0	0	0	0	0	0	0	0	0	0	0	0	0	0	0	0	0	0	1	0	0	0	0	0	0	0	0	0	0	0	0	0	0	0	0	0	0	0	0	0	0	0	0	0	0	0	0	0	0	1	0	0	0	0	0	0	1	0	0	0	0	0	0	0	0	0	0	0	1	0	0	0	0	0	0	0	0	0	0	0	0	1	0	0	0	0	0	0	0	0	0	0	0	0	0	0	0	0	0	0	0	0	0	0	0	0	0	0	0	0	1	0	0	0	0	0	0	0	0	0	0	0	0	0	0	0	0	0	0	0	1	0	0	0	0	0	0	0	0	0	0	0	0	0	0	0	0	0	0	0	0	0	0	0	1	0	1	0	0	0	0	0	0	0	0	0	0	0	0	1	0	0	0	0	0	0	0	0	0	0	0	0	0	0	0	0	0	0	0	0	0	0	0	0	0	0	0	0	0	0	0	0	0	0	0	0	0	0	0	0	0	0	0	0	0	0	0	0	0	0	0	0	0	0	0	0	0	0	0	0	0	0	0	0	0	0	0	0	0	0	0	0	0	0	0	0	0	0	0	0	0	0	0	0	0	0	0	0	0	0	0	0	0	0	0	0	0	0	0	0	0	0	0	0	0	0	0	0	0	1	0	0	0	0	0	0	0	0	0	0	0	0	0	0	0	0	0	0	0	0	0	0	0	0	0	0	0	0	0	0	0	0	0	0	0	0	0	0	0	0	0	0	0	0	0	0	0	0	0	0	0	0	0	0	0	0	0	1	0	0	0	2	0	0	0	0	0	1	0	0	0	0	0	0	0	0	0	0	0	0	0	0	0	0	0	0	0	0	0	0	1
Ins4:U2:R4	0	0	0	0	0	0	0	0	0	0	0	0	0	0	0	0	0	0	0	0	0	0	0	0	0	0	0	0	0	0	0	1	0	0	0	0	0	0	0	0	0	0	0	0	0	0	0	0	0	0	0	0	0	0	0	0	0	0	0	0	0	0	0	0	0	0	0	0	0	0	0	0	0	0	0	0	0	0	0	0	0	0	0	0	0	0	0	0	0	0	0	0	0	0	0	0	0	0	0	0	0	0	0	0	0	0	0	0	0	0	0	0	0	0	0	0	0	0	0	0	0	0	0	0	0	0	0	0	1	0	0	0	0	0	0	0	0	0	0	0	0	0	0	0	0	0	0	0	0	0	0	0	0	0	0	0	0	0	0	0	0	0	0	0	0	0	0	0	0	0	0	0	0	0	0	0	0	0	0	0	0	0	0	0	0	0	0	0	0	0	0	0	0	0	0	0	0	0	0	0	0	0	0	0	0	0	0	0	0	0	0	0	0	0	0	0	0	0	0	0	0	0	0	0	0	0	0	0	0	0	0	0	0	0	0	0	0	0	0	0	0	0	1	0	0	0	0	0	0	0	0	0	0	0	0	0	0	0	0	0	0	0	0	0	0	0	0	0	0	0	0	0	0	0	0	0	0	0	0	0	0	0	0	0	0	0	0	0	0	0	0	0	0	0	0	0	0	0	0	0	0	0	0	0	0	0	0	0	0	0	0	0	0	0	0	0	0	0	0	0	0	0	0	0	0	0	0	0	0	0	0	0	0	0	0	0	0	0	0	0	1	0	0	0	1	0	0	0	0	0	0	0	0	0	0	0	0	0	0	0	0	0	0	0	0	0	0	0	0	0	0	0	0	0	0	0	0	0	0
Ins4:U2:R(5,9)	0	0	0	0	1	0	0	0	0	0	0	0	0	0	0	0	0	0	0	0	0	0	0	0	0	0	0	0	0	0	0	0	0	0	0	0	0	0	0	0	0	1	0	0	0	0	0	0	0	0	0	0	0	0	0	0	1	0	0	0	0	0	0	0	0	0	0	0	0	0	0	0	0	0	0	0	0	0	0	0	0	0	0	0	0	0	0	0	0	0	0	0	0	0	0	0	0	0	0	0	0	0	0	0	0	0	1	0	0	0	0	0	0	0	0	0	0	0	0	0	0	0	0	0	0	0	0	0	0	0	0	0	0	0	0	0	0	0	0	0	0	0	0	0	0	0	0	0	0	0	0	0	0	0	0	0	0	0	0	0	0	0	0	0	0	0	0	0	0	0	0	0	0	0	0	0	0	1	0	0	0	0	0	0	0	0	0	1	0	0	0	0	0	0	0	0	0	0	0	0	0	0	0	0	0	0	0	0	0	0	0	0	0	0	0	0	0	0	0	0	0	0	0	0	0	0	0	0	0	0	0	0	0	0	0	0	0	0	0	0	0	0	0	0	0	0	0	0	0	0	0	0	0	0	0	0	0	0	0	0	0	0	0	0	0	0	0	0	0	0	0	0	0	0	0	0	0	0	0	0	0	0	0	0	0	0	3	0	0	0	0	0	0	0	0	0	0	0	0	0	0	0	0	0	0	0	0	0	0	0	0	0	0	0	0	0	0	0	0	0	0	0	0	0	0	0	0	0	0	0	0	0	0	1	0	0	0	0	0	0	0	0	0	1	0	0	0	1	0	0	0	0	0	0	0	0	1	2	0	1	1	0	0	0	0	0	0	1	0	1	0	0	0	1	0	0	0	0	0
Ins4:U4:R1	2	1	1	1	2	2	4	2	1	1	8	1	3	2	1	3	0	2	2	1	0	1	1	4	3	1	3	3	0	4	0	0	3	1	0	4	1	0	1	2	6	8	2	4	2	0	0	1	2	1	0	1	0	0	4	1	1	0	0	1	2	8	1	1	1	0	2	1	5	3	4	1	1	1	2	7	2	0	1	3	1	2	1	3	1	2	1	2	0	0	3	2	5	0	0	5	3	2	0	5	2	0	3	1	3	0	0	1	4	2	1	1	1	2	3	0	0	0	2	0	0	2	1	1	3	4	7	0	2	0	1	2	0	2	1	0	1	0	4	3	1	1	3	4	0	0	1	2	1	1	1	2	3	3	0	1	3	2	3	0	3	0	3	0	5	1	2	0	2	1	1	3	1	7	1	2	5	6	2	3	2	2	1	3	2	2	1	0	4	1	0	0	0	0	0	1	0	1	2	4	0	0	1	1	0	5	3	3	1	2	0	3	0	1	5	0	2	0	1	1	0	0	3	2	1	0	0	2	0	0	1	2	1	1	3	1	2	2	2	1	3	0	0	0	0	3	0	0	2	2	3	2	2	4	2	1	1	0	1	2	0	2	0	2	0	0	0	0	1	1	2	1	1	1	2	3	2	4	2	1	2	0	0	4	3	4	5	1	1	2	1	3	4	3	2	0	1	1	3	1	1	1	4	1	4	0	2	1	1	0	3	6	0	0	1	2	2	3	0	0	0	2	3	3	1	3	3	0	4	6	3	2	2	5	1	1	0	5	4	3	2	2	4	0	0	3	5	2	2	5	0	0	4	0	1	6	0	0	2	1	1	2	3	4	2	2	2	0	3	2	0	1	0	4	0	0	3	6	3
Ins4:U4:R2	0	0	0	1	0	0	0	0	0	1	3	0	0	0	1	1	0	0	0	0	0	0	1	1	0	1	0	0	0	0	0	0	0	0	0	0	0	0	1	1	0	0	0	1	0	0	0	0	0	1	0	0	0	0	0	0	0	0	0	0	0	1	0	0	0	0	1	0	0	0	0	0	0	0	0	0	1	0	1	0	0	0	0	0	0	0	0	0	0	0	0	0	1	0	0	0	0	0	0	0	0	0	0	1	1	0	0	1	0	0	0	0	0	0	0	0	0	0	0	0	0	0	0	0	0	0	0	0	0	0	0	0	0	0	0	0	0	0	0	0	0	0	0	0	0	0	0	0	0	0	0	0	1	0	0	0	1	1	0	0	1	1	0	0	0	0	0	0	0	0	0	0	0	0	0	0	0	0	0	0	0	0	0	0	0	0	0	1	0	0	0	0	0	0	0	0	0	0	0	0	0	0	0	0	1	0	0	0	1	0	0	1	0	1	0	0	0	0	0	0	0	0	0	0	0	0	0	0	0	0	0	0	0	0	1	0	0	0	0	0	0	0	0	0	0	1	0	0	0	0	0	0	0	0	0	0	1	0	0	0	0	0	0	0	0	0	0	0	0	0	0	0	0	0	0	0	0	0	0	0	2	1	0	0	0	1	0	0	0	0	0	1	0	0	0	0	0	1	1	0	0	0	0	0	0	0	0	0	1	0	0	0	0	0	0	0	0	1	0	0	0	0	0	0	0	0	0	0	1	1	1	2	1	0	0	0	1	0	1	2	0	0	0	0	0	0	1	0	0	0	0	0	0	0	0	0	1	0	0	0	1	0	0	0	1	0	0	0	0	0	0	0	1	0	1	0	0	1	0
Ins4:U4:R3	0	0	0	0	0	0	0	0	0	0	0	0	0	0	0	0	0	0	0	0	0	0	0	0	0	0	0	0	0	0	0	0	0	0	0	0	0	0	0	0	0	0	0	0	0	0	0	0	0	0	0	0	0	0	0	1	0	0	0	0	0	0	0	0	0	0	0	0	0	0	0	0	0	0	0	0	0	0	0	1	0	0	0	0	0	0	0	0	1	0	0	0	0	0	0	0	0	1	0	0	0	0	0	0	0	0	0	1	0	0	0	0	0	1	0	0	0	0	1	0	0	1	0	0	0	0	0	0	0	0	0	0	0	0	0	0	0	0	0	0	0	0	0	0	0	0	0	0	0	0	0	0	0	0	0	1	0	0	0	0	0	0	0	0	0	0	0	0	0	0	0	0	0	0	0	0	0	0	0	0	0	1	0	1	0	0	0	0	0	0	0	0	0	0	0	0	0	0	0	0	0	0	0	0	0	0	0	0	0	0	0	0	0	0	0	0	1	0	0	0	0	0	0	0	0	1	0	0	0	0	0	0	0	0	0	0	0	0	0	1	0	0	0	0	0	0	0	0	0	0	0	0	0	0	0	0	0	0	0	0	0	0	0	0	0	0	0	0	0	0	0	0	0	0	0	0	0	0	0	0	1	0	0	0	0	0	0	0	0	0	0	0	0	0	0	0	0	0	0	0	0	0	0	0	0	0	0	0	0	0	0	0	0	0	0	0	1	0	0	1	0	0	0	0	0	0	0	0	0	0	0	0	0	0	0	0	0	0	0	0	0	0	0	0	0	0	1	0	0	0	1	0	0	0	0	0	0	0	0	0	0	0	0	0	1	0	0	0	0	0	0	0	0	0	0	0	0	0	0
Ins4:U4:R4	1	0	0	0	0	0	0	0	0	0	0	0	0	0	0	0	0	0	1	0	0	0	0	0	0	0	0	0	0	1	0	0	0	0	0	0	0	0	1	1	0	0	0	0	0	0	0	0	0	1	0	0	0	0	0	0	0	0	0	0	0	0	0	0	0	0	0	1	0	0	0	0	0	0	0	0	0	0	0	0	0	0	0	3	0	0	0	0	1	0	0	0	0	0	0	0	0	0	0	0	0	0	1	0	0	0	0	0	0	0	1	0	0	0	0	0	0	0	0	0	0	1	0	0	0	0	0	0	1	0	0	0	0	0	0	1	0	0	0	0	0	0	0	0	0	0	0	0	0	0	0	0	0	0	0	0	0	0	0	0	0	0	0	0	0	0	0	0	0	0	0	0	0	0	0	0	0	2	0	0	0	0	0	0	0	0	1	0	0	0	0	0	0	0	0	0	2	0	0	0	0	0	0	0	0	0	0	0	1	0	0	0	0	0	0	0	0	1	2	0	0	0	0	1	0	0	0	0	0	0	0	0	0	0	0	0	0	0	0	0	0	0	0	0	0	0	0	0	0	0	0	0	0	0	0	0	0	0	0	0	0	0	1	0	0	0	0	0	0	0	0	0	0	0	0	0	0	2	1	0	0	0	0	0	0	0	0	1	0	0	0	0	0	1	0	0	0	0	0	0	0	0	0	0	0	0	0	0	0	0	0	1	0	0	0	0	0	0	0	1	0	0	1	0	0	0	0	0	0	0	0	0	0	0	1	0	1	0	0	0	0	0	1	0	0	0	1	1	0	0	0	1	0	0	0	0	0	0	0	0	0	0	0	1	0	0	1	0	0	0	0	0	0	0	0	0	1	0	0
Ins4:U4:R(5,9)	0	0	0	0	0	0	0	0	2	0	2	0	0	0	0	0	0	0	0	0	0	0	0	0	0	0	1	0	0	0	0	0	0	2	0	1	1	0	1	2	2	0	0	1	1	0	0	0	1	0	0	0	2	0	0	2	0	0	0	0	0	0	1	1	0	0	0	2	0	1	0	1	0	0	2	1	0	2	0	0	0	0	0	0	0	0	0	0	0	0	0	0	0	0	0	1	2	0	0	0	0	0	0	2	0	0	1	1	1	0	0	0	0	0	0	0	0	1	0	0	0	0	0	0	0	0	1	0	0	1	1	0	0	0	0	0	0	1	1	0	0	0	0	0	0	0	0	0	0	0	0	0	0	2	1	0	0	1	0	1	0	1	0	0	0	0	0	0	1	0	0	1	0	0	0	0	0	0	0	0	0	0	0	0	0	1	1	0	0	0	0	2	0	0	1	0	0	0	0	1	0	0	0	0	1	0	0	0	1	0	0	0	0	0	0	1	0	0	1	1	1	0	0	0	0	1	0	0	0	0	0	0	0	0	0	0	1	1	0	0	0	0	0	0	1	0	1	0	0	0	0	1	2	1	0	0	0	0	0	0	0	0	0	0	0	0	0	0	0	0	1	0	0	0	0	1	0	0	0	0	0	1	0	0	0	0	5	0	0	0	0	0	1	0	2	0	0	0	0	0	0	0	0	1	1	0	0	0	1	0	0	0	0	0	0	0	0	1	0	0	0	0	0	0	0	0	0	0	0	0	0	0	0	0	0	0	0	0	0	0	0	0	0	1	0	0	2	2	0	0	0	1	0	0	0	0	2	1	0	0	0	0	0	1	0	0	1	1	0	0	1	0	0	0	0	0	0	0	0
Ins(5,):U1:R1	0	0	0	0	0	0	0	0	0	0	0	0	0	0	0	0	0	0	0	0	0	0	0	0	0	0	0	0	0	0	0	0	0	0	0	0	0	0	0	0	0	0	0	0	0	0	0	0	0	0	0	0	0	0	0	0	0	0	0	0	0	0	0	0	0	0	0	0	0	0	0	0	0	0	0	0	0	0	0	0	0	0	0	0	0	0	0	0	0	0	0	0	0	0	0	0	0	0	0	0	0	0	0	0	0	0	0	0	0	0	0	0	0	0	0	0	0	0	0	0	0	0	0	0	0	0	0	0	0	0	0	0	0	0	0	0	0	0	0	0	0	0	0	0	0	0	0	0	0	0	0	0	0	0	0	0	0	0	0	0	0	0	0	0	0	0	0	0	0	0	0	0	0	0	0	0	0	0	0	0	0	0	0	0	0	0	0	0	0	0	0	0	0	0	0	0	0	0	0	0	0	0	0	0	0	0	0	0	0	0	0	0	0	0	0	0	0	0	0	0	0	0	0	0	0	0	0	0	0	0	0	0	0	0	0	0	0	0	0	0	0	0	0	0	0	0	0	0	0	0	0	0	0	0	0	0	0	0	0	0	0	0	0	0	0	0	0	0	0	0	0	0	0	0	0	0	0	0	0	0	0	0	0	0	0	0	0	0	0	0	0	0	0	0	0	0	0	0	0	0	0	0	0	0	0	0	0	0	0	0	0	0	0	0	0	0	0	0	0	0	0	0	0	0	0	0	0	0	0	0	0	0	0	0	0	0	0	0	0	0	0	0	0	0	0	0	0	0	0	0	0	0	0	0	0	0	0	1	0	0	0	0	1	0	0	0	0	0	0	0	0	0	0	0	0	0	0	0	0
Ins(5,):U1:R2	0	0	0	0	0	0	0	0	0	0	0	0	0	0	0	0	0	0	0	0	0	0	0	0	0	0	0	0	0	0	0	0	0	0	0	0	0	0	0	0	0	0	0	0	0	0	0	0	0	0	0	0	0	0	0	0	0	0	0	0	0	0	0	0	0	0	0	0	0	0	0	0	0	0	0	0	0	0	0	0	0	0	0	0	0	0	0	0	0	0	0	0	0	0	0	0	0	0	0	0	0	0	0	0	0	0	0	0	0	0	0	0	0	0	0	0	0	0	0	0	0	0	0	0	0	0	0	0	0	0	0	0	0	0	0	0	0	0	0	0	0	0	0	0	0	0	0	0	0	0	0	0	0	0	0	0	0	0	0	0	0	0	0	0	0	0	0	0	0	0	0	0	0	0	0	0	0	0	0	0	0	0	0	0	0	0	0	0	0	0	0	0	0	0	0	0	0	0	0	0	0	0	0	0	0	0	0	0	0	0	0	0	0	0	0	0	0	0	0	0	0	0	0	0	0	0	0	0	0	0	0	0	0	0	0	0	0	0	0	0	0	0	0	0	0	0	0	0	0	0	0	0	0	0	0	0	0	0	0	0	0	0	0	0	0	0	0	0	0	0	0	0	0	0	0	0	0	0	0	0	0	0	0	0	0	0	0	0	0	0	0	0	0	0	0	0	0	0	0	0	0	0	0	0	0	0	0	0	0	0	0	0	0	0	0	0	0	0	0	0	0	0	0	0	0	0	0	0	0	0	0	0	0	0	0	0	0	0	0	0	0	0	1	0	0	0	0	0	1	0	0	0	0	0	0	0	0	0	0	0	0	0	0	0	0	0	0	0	0	0	0	0	0	0	0	0	0	0	0
Ins(5,):U1:R3	0	0	0	0	0	0	0	0	0	0	0	0	0	0	0	0	0	0	0	0	0	0	0	0	0	0	0	0	0	0	0	0	0	0	0	0	0	0	0	0	0	0	0	0	0	0	0	0	0	0	0	0	0	0	0	0	0	0	0	0	0	0	0	0	0	0	0	0	0	0	0	0	0	0	0	0	0	0	0	0	0	0	0	0	0	0	0	0	0	0	0	0	0	0	0	0	0	0	0	0	0	0	0	0	0	0	0	0	0	0	0	0	0	0	0	0	0	0	0	0	0	0	0	0	0	0	0	0	0	0	0	0	0	0	0	0	0	0	0	0	0	0	0	0	0	0	0	0	0	0	0	0	0	0	0	0	0	0	0	0	0	0	0	0	0	0	0	0	0	0	0	0	0	0	0	0	0	0	0	0	0	0	0	0	0	0	0	0	0	0	0	0	0	0	0	0	0	0	0	0	0	0	0	0	0	0	0	0	0	0	0	0	0	0	0	0	0	0	0	0	0	0	0	0	0	0	0	0	0	0	0	0	0	0	0	0	0	0	0	0	0	0	0	0	0	0	0	0	0	0	0	0	0	0	0	0	0	0	0	0	0	0	0	0	0	0	0	0	0	0	0	0	0	0	0	0	0	0	0	0	0	0	0	0	0	0	0	0	0	0	0	0	0	0	0	0	0	0	0	0	0	0	0	0	0	0	0	0	0	0	0	0	0	0	0	0	0	0	0	0	0	0	0	0	0	0	0	0	0	0	0	0	0	0	0	0	0	0	0	0	0	0	0	0	0	0	0	0	0	0	1	0	0	0	0	1	0	0	0	0	0	0	0	1	0	1	0	0	0	0	0	0	0	0	0	0	0	0	0
Ins(5,):U1:R4	0	0	0	0	0	0	0	0	0	0	0	0	0	0	0	0	0	0	0	0	0	0	0	0	0	0	0	0	0	0	0	0	0	0	0	0	0	0	0	0	0	0	0	0	0	0	0	0	0	0	0	0	0	0	0	0	0	0	0	0	0	0	0	0	0	0	0	0	0	0	0	0	0	0	0	0	0	0	0	0	0	0	0	0	0	0	0	0	0	0	0	0	0	0	0	0	0	0	0	0	0	0	0	0	0	0	0	0	0	0	0	0	0	0	0	0	0	0	0	0	0	0	0	0	0	0	0	0	0	0	0	0	0	0	0	0	0	0	0	0	0	0	0	0	0	0	0	0	0	0	0	0	0	0	0	0	0	0	0	0	0	1	0	0	0	0	0	0	0	0	0	1	0	0	0	0	0	0	0	0	0	0	0	0	0	0	0	0	0	0	0	0	0	0	0	0	0	0	0	0	0	0	0	0	0	0	0	0	0	0	0	0	0	0	0	0	0	0	0	0	0	0	0	0	0	0	0	1	0	0	0	0	0	0	0	0	0	0	0	0	0	0	0	0	0	0	0	0	0	0	0	0	0	0	0	0	0	0	0	0	0	0	0	0	0	0	0	0	0	0	0	0	0	0	0	0	0	0	0	0	0	0	0	0	0	0	0	0	0	0	0	0	0	0	0	0	0	0	0	0	0	0	0	0	0	0	0	0	0	0	0	0	0	0	0	0	0	0	0	0	0	0	0	0	0	0	0	0	0	0	0	0	0	0	0	0	0	0	0	0	0	0	0	1	0	0	0	0	0	0	1	0	0	0	0	0	0	0	0	0	0	0	0	0	0	0	0	0	0	0	0	0	0	0	0	0	0	0	0
Ins(5,):U1:R(5,9)	0	0	0	0	0	0	0	0	0	0	0	0	0	0	0	0	0	0	0	0	0	0	0	0	0	0	0	0	0	0	0	0	0	0	0	0	0	0	0	0	0	0	0	0	0	0	0	0	0	0	0	0	0	0	0	0	0	0	0	0	0	0	0	0	0	0	0	0	0	0	0	0	0	0	0	0	0	0	0	0	0	0	0	0	0	0	0	0	0	0	0	0	0	0	0	1	0	0	0	0	0	0	0	0	0	0	0	0	0	0	0	0	0	0	0	0	0	0	0	0	0	0	0	0	0	1	0	0	0	0	0	0	0	0	0	0	0	0	0	0	0	0	0	0	0	0	0	0	0	0	0	0	0	0	0	0	0	0	0	0	0	0	0	0	0	0	0	0	0	0	0	0	0	0	0	0	0	0	0	0	0	0	0	0	0	0	0	0	0	0	0	0	0	0	0	0	0	0	0	0	0	0	0	0	0	0	0	0	0	0	0	0	0	0	0	0	0	0	0	0	0	0	0	0	0	0	0	0	0	0	0	0	0	0	0	0	0	0	0	0	0	0	0	0	0	0	0	0	0	0	0	0	0	0	0	0	0	0	0	0	0	0	0	0	0	0	0	0	0	0	0	0	0	0	0	0	0	0	0	0	1	0	0	0	0	0	0	0	0	0	0	0	0	1	0	0	0	0	0	0	0	0	0	0	0	0	0	0	0	0	0	0	0	0	0	0	0	0	0	0	0	0	0	0	0	0	0	0	0	0	0	0	0	0	0	0	0	0	0	1	0	0	0	1	0	0	1	1	1	0	0	0	1	0	1	0	1	0	0	0	0	0	0	1	0	0	0	0	0	0	0	0	0	1	0	0	0	0	0
Ins(5,):U2:R1	0	0	0	0	0	0	0	0	0	0	0	0	0	0	0	0	0	0	0	0	0	0	0	0	0	0	0	0	0	0	0	0	0	0	0	0	0	0	0	0	0	0	0	0	0	0	0	0	0	0	0	0	0	0	0	0	0	0	0	0	0	0	0	0	0	0	0	0	0	0	0	0	0	0	0	0	0	0	0	0	0	0	0	0	0	0	0	0	0	0	0	0	0	0	0	0	0	0	0	0	0	0	0	0	0	0	0	0	0	0	0	0	0	0	0	0	0	0	0	0	0	0	0	0	0	0	0	0	0	0	0	0	0	0	0	0	0	0	0	0	0	0	0	0	0	0	0	0	0	0	0	0	0	0	0	0	0	0	0	0	0	0	0	0	0	0	0	0	0	0	0	0	0	0	0	0	0	0	0	0	0	0	0	0	0	0	0	0	0	0	0	0	0	0	0	0	0	0	0	0	0	0	0	0	0	0	0	0	0	0	0	0	0	0	0	0	0	0	0	0	0	0	0	0	0	0	0	0	0	0	0	0	0	0	0	0	0	1	0	0	0	0	0	0	0	0	0	0	0	0	0	0	0	0	0	0	0	0	0	0	0	0	0	0	0	0	0	0	0	0	0	0	0	0	0	0	0	0	0	0	0	0	0	0	0	0	0	0	0	0	0	0	0	0	0	0	0	0	0	0	0	0	0	0	0	0	0	0	0	0	0	0	0	0	0	0	0	0	0	0	0	0	0	0	0	0	0	0	0	0	0	0	0	0	0	1	0	0	0	0	0	0	0	0	0	0	0	0	0	0	0	0	0	0	0	0	0	0	0	0	0	0	0	0	0	0	0	0	0	0	0	0	0	0	0	0	0	0	0
Ins(5,):U2:R2	0	0	0	0	0	0	0	0	0	0	0	0	0	0	0	0	0	0	0	0	0	0	0	0	0	0	0	0	0	0	0	0	0	0	0	0	0	0	0	0	0	0	0	0	0	0	0	0	0	0	0	0	0	0	0	0	0	0	0	0	0	0	0	0	0	0	0	0	0	0	0	0	0	0	0	0	0	0	0	0	0	0	0	0	0	0	0	0	0	0	0	0	0	0	0	0	0	0	0	0	0	0	0	0	0	0	0	0	0	0	0	0	0	0	0	0	0	0	0	0	0	0	0	0	0	0	0	0	0	0	0	0	0	0	1	0	0	0	0	0	0	0	0	0	0	0	0	0	0	0	0	0	0	0	0	0	0	0	0	0	0	0	0	0	0	0	0	0	0	0	0	0	0	0	0	0	0	0	0	0	0	0	0	0	0	0	0	0	0	0	0	0	0	0	0	0	0	0	0	0	0	0	0	0	0	0	0	0	0	0	0	0	0	0	0	0	0	0	0	0	0	0	0	0	0	0	0	0	0	0	0	0	0	0	0	0	0	0	0	0	0	0	0	0	0	0	0	0	0	0	0	0	0	0	0	0	0	0	0	0	0	0	0	0	0	0	0	0	0	0	0	0	0	0	0	0	0	0	0	0	0	0	0	0	1	0	0	0	0	0	0	0	0	0	0	0	0	0	0	0	0	0	0	0	0	0	0	0	0	0	0	0	0	0	0	0	0	1	0	0	0	0	0	0	0	0	0	0	0	0	0	0	0	0	0	0	1	0	0	0	0	0	0	0	0	0	0	1	0	0	0	0	0	0	0	0	0	0	0	0	0	0	0	0	0	0	0	0	0	0	0	0	0	0	0	0	0	0	0
Ins(5,):U2:R3	0	0	0	0	0	0	0	0	0	0	0	0	0	0	0	0	0	0	0	0	0	0	0	0	0	0	0	0	0	0	0	0	0	0	0	0	0	0	0	0	0	0	0	0	0	0	0	0	0	0	0	0	0	0	0	0	0	0	0	0	0	0	0	0	0	0	0	0	0	0	0	0	0	0	0	0	0	0	0	0	0	0	0	0	0	0	0	0	0	0	0	0	0	0	0	0	0	0	0	0	0	0	0	0	0	0	0	0	0	0	0	0	0	0	1	0	0	0	0	0	0	0	0	0	0	0	0	0	0	0	0	0	0	0	0	0	0	0	0	0	0	0	0	0	0	0	0	0	0	0	0	0	0	0	0	0	0	0	0	0	0	0	0	0	0	0	0	0	0	0	0	0	0	0	0	0	0	0	0	0	0	0	0	0	0	0	0	0	0	0	0	0	0	0	0	0	0	0	0	0	0	0	0	0	0	0	0	0	1	0	0	0	0	0	0	0	0	0	0	0	0	0	0	0	0	0	0	0	0	0	0	0	0	0	0	0	0	0	0	0	0	0	0	0	0	0	0	0	0	0	0	0	0	0	0	0	0	0	0	0	0	0	0	0	0	0	0	0	0	0	0	0	0	0	0	0	0	0	0	0	0	0	0	0	0	0	0	0	0	0	0	0	0	0	0	0	0	0	0	0	0	0	0	0	0	0	0	0	0	0	0	0	0	0	0	0	0	0	0	0	0	0	0	0	0	0	0	0	0	0	0	0	0	0	0	0	0	1	0	0	0	0	0	0	0	0	0	0	0	0	0	0	0	0	0	0	0	0	0	0	1	0	0	0	0	0	0	0	0	0	0	0	0	0	0	0	0	0	0
Ins(5,):U2:R4	0	0	0	0	0	0	0	0	0	0	0	0	0	0	0	0	0	0	0	0	0	0	0	0	0	0	0	0	0	0	0	0	0	0	0	0	0	0	0	0	0	0	0	0	0	0	0	0	0	0	0	0	0	0	0	0	0	0	0	0	0	0	0	0	0	0	0	0	0	0	0	0	0	0	0	0	0	0	0	0	0	0	0	0	0	0	0	0	0	0	0	0	0	0	0	0	0	0	0	0	0	0	0	0	0	0	0	0	0	0	0	0	0	0	0	0	0	0	0	0	0	0	0	0	1	0	0	0	0	0	0	0	0	0	0	0	0	0	0	0	0	0	0	0	0	0	0	0	0	0	0	0	0	0	0	0	0	0	0	0	0	0	0	0	0	0	0	0	0	0	0	0	0	0	0	0	0	0	0	0	0	0	0	0	0	0	0	0	0	0	0	0	0	0	0	0	0	0	0	0	0	0	0	0	0	0	0	0	0	0	0	0	0	0	0	0	0	0	0	0	0	0	0	0	0	0	0	0	0	0	0	0	0	0	0	0	0	0	0	0	0	0	0	0	0	0	0	0	0	0	0	0	0	0	0	0	0	0	0	0	0	0	0	0	0	0	0	0	0	0	0	0	0	0	0	0	0	0	0	0	0	0	0	0	0	0	0	0	0	0	0	0	0	0	0	0	0	0	0	0	0	0	0	0	0	0	0	0	0	0	0	0	0	0	0	0	0	0	0	0	0	0	0	0	0	0	0	0	0	0	0	0	0	0	0	0	0	0	0	0	0	0	0	0	0	0	0	0	0	0	0	0	0	0	0	0	0	0	1	0	0	0	0	0	0	0	0	0	0	0	0	0	0	0	0	0	0	0	0
Ins(5,):U2:R(5,9)	0	0	0	0	0	0	0	0	0	0	0	0	0	0	0	0	0	0	0	0	0	0	0	0	0	0	0	0	0	0	0	0	0	0	0	0	0	0	0	1	0	0	0	0	0	0	0	0	0	0	0	0	0	0	0	0	0	0	0	0	0	0	0	0	0	0	0	0	0	0	0	0	0	0	0	0	0	0	0	0	0	0	0	0	0	0	0	0	0	0	0	0	0	0	0	0	0	0	0	0	0	0	0	0	0	0	0	0	0	0	0	0	0	0	0	0	0	0	0	0	0	0	0	0	0	0	0	0	0	0	0	0	0	0	0	0	0	0	0	0	0	0	0	0	0	0	0	0	0	0	0	0	0	0	0	0	0	0	0	0	0	0	0	0	0	0	0	0	0	0	0	0	0	0	0	0	0	0	0	0	0	0	0	0	0	0	0	0	0	0	0	0	0	0	0	0	0	0	0	0	0	0	0	0	0	0	0	1	0	0	0	0	0	0	0	0	0	0	0	0	0	0	0	0	0	0	0	0	0	0	0	0	0	0	0	0	0	0	0	0	0	0	0	0	0	0	0	0	0	0	0	0	0	0	0	0	0	0	0	0	0	0	0	0	0	0	0	0	0	0	0	0	0	0	0	0	0	0	0	0	0	0	0	0	0	0	0	0	0	0	0	0	0	0	0	0	0	0	0	0	0	0	0	0	0	0	0	0	0	0	0	0	0	0	0	0	0	0	0	0	0	0	0	0	0	0	0	0	0	1	0	0	0	0	1	0	0	0	1	0	0	0	0	0	1	1	1	0	0	0	0	1	0	0	0	0	1	0	0	0	0	0	0	0	0	0	0	0	0	0	0	0	0	0	0	0	0	0	0
Ins(5,):U(3,):R1	6	9	9	4	10	12	14	10	12	5	38	1	15	13	8	9	0	5	7	3	4	10	10	11	11	2	18	7	2	6	6	14	3	6	4	29	5	0	4	15	14	17	6	2	11	6	10	6	4	9	7	3	5	6	1	10	13	10	6	10	9	15	2	2	7	13	13	15	8	7	25	13	8	1	9	11	6	6	5	27	6	12	9	2	5	5	1	7	5	7	1	6	6	6	4	19	3	6	3	9	5	0	7	15	54	6	13	8	10	5	7	4	15	9	14	10	4	3	3	0	13	7	3	8	12	15	19	0	8	4	16	5	6	1	7	4	5	1	10	8	8	3	5	10	8	4	4	9	10	3	5	9	13	13	3	3	8	10	11	6	29	6	25	2	20	5	1	3	9	7	2	12	6	11	9	13	13	25	12	16	8	5	7	14	2	6	8	5	10	8	5	4	7	4	5	11	4	12	11	4	0	3	11	7	4	20	9	11	8	20	3	5	3	13	8	1	13	10	13	5	6	0	11	10	3	16	6	11	7	2	0	6	5	8	10	7	7	14	9	7	16	6	7	1	6	29	6	11	8	7	10	4	10	10	13	8	7	2	6	7	2	7	6	7	6	2	4	5	5	5	11	17	6	2	9	3	6	9	11	5	20	0	2	6	7	15	7	10	4	9	7	7	12	39	8	4	4	7	16	12	11	1	2	2	10	6	7	5	4	0	9	12	8	2	3	7	8	12	3	3	6	8	8	16	3	13	15	0	8	26	8	5	21	24	5	7	8	13	16	10	15	8	7	14	3	11	8	12	14	11	7	13	5	16	6	8	24	14	7	1	10	9	3	7	16	18	10	1	21	13	5	10	17	16	6	8	7	6	17
Ins(5,):U(3,):R2	0	0	0	2	0	0	0	0	0	0	0	1	0	0	1	1	0	0	0	0	0	0	0	0	1	0	0	0	0	1	0	0	2	0	0	1	0	0	0	0	1	2	1	0	1	0	0	1	0	0	0	0	1	0	0	0	1	0	0	1	0	2	0	0	0	0	1	0	0	0	1	0	1	0	3	1	2	0	0	0	0	1	1	0	1	0	0	0	1	0	0	1	0	1	0	2	0	1	0	0	0	0	0	0	0	0	0	0	0	0	0	0	1	0	1	0	0	0	0	0	0	0	0	0	1	0	0	0	0	0	0	0	0	0	0	1	1	0	0	0	0	2	0	0	0	1	0	0	0	0	0	0	0	0	0	0	1	1	1	1	0	0	1	0	0	1	0	0	0	1	0	0	0	1	0	1	0	0	0	0	0	1	1	1	0	0	1	0	0	1	0	0	0	0	0	1	0	1	0	0	0	0	0	0	2	1	0	0	1	1	0	0	0	0	1	0	1	0	0	0	0	0	0	0	0	2	1	1	0	0	0	0	1	0	0	0	1	0	0	0	0	1	0	0	0	0	0	1	0	0	0	2	0	0	1	0	1	0	0	1	0	0	1	0	0	1	0	0	0	1	1	1	1	0	1	1	0	0	0	0	1	0	0	0	0	0	2	1	0	0	0	0	0	1	0	0	0	0	1	1	0	0	0	1	0	0	0	1	1	0	0	0	0	0	1	1	0	0	0	0	0	0	0	1	0	0	1	0	0	1	0	1	0	1	0	0	1	1	0	0	0	0	1	1	1	0	1	0	1	0	0	1	1	0	0	2	3	0	0	0	1	0	0	1	1	0	0	0	0	0	0	0	1	0	0	0	0	0	1
Ins(5,):U(3,):R3	0	0	0	0	0	1	0	0	1	0	0	0	0	0	0	0	0	1	0	0	0	0	0	0	0	0	0	0	0	0	0	0	0	0	2	0	0	0	0	2	0	0	0	0	0	0	0	0	0	0	0	0	0	0	0	0	0	0	0	0	0	0	0	0	0	1	0	1	0	2	0	2	0	0	0	0	0	0	0	0	0	0	0	0	1	1	0	0	0	0	0	0	0	0	0	0	0	0	0	0	0	0	0	0	0	0	0	1	0	0	0	0	0	0	0	0	0	0	0	0	0	0	0	0	0	0	0	0	0	0	0	0	0	0	0	0	0	0	0	1	0	0	0	0	0	0	0	0	0	0	0	0	0	0	0	0	0	0	0	0	1	0	0	0	0	0	0	0	0	0	0	0	0	0	0	1	0	0	0	0	0	0	0	0	0	0	0	0	1	0	0	0	0	0	0	0	0	0	0	0	0	0	0	0	0	1	0	1	0	0	0	0	0	0	0	0	0	0	0	0	0	1	0	0	0	1	0	0	0	0	0	0	0	0	0	1	0	0	0	0	0	1	0	0	0	0	0	0	0	0	0	2	0	0	0	1	0	1	0	0	0	0	0	0	1	0	0	0	0	0	1	0	0	0	0	1	0	0	0	0	0	0	0	0	0	0	0	0	0	0	0	0	1	0	0	0	0	0	0	0	0	0	0	0	0	1	0	0	1	0	1	0	0	0	0	0	0	0	0	0	0	0	0	0	0	0	0	0	0	0	1	0	0	0	0	0	0	0	0	0	0	0	0	1	0	0	0	0	0	0	0	0	0	0	0	0	0	0	0	0	0	2	0	0	0	0	0	0	0	0	1	0	0	0	0	1	0	0	0
Ins(5,):U(3,):R4	0	0	0	0	2	0	0	0	0	0	0	1	1	0	0	0	0	0	0	0	0	1	0	0	0	0	0	0	0	0	0	0	1	0	0	0	0	0	0	0	0	0	0	0	0	0	0	0	0	0	0	0	0	0	0	1	0	0	0	0	1	2	0	0	0	0	0	0	0	0	0	0	0	0	0	0	1	0	0	0	0	0	0	0	0	0	0	0	1	0	0	0	0	0	0	0	0	0	0	0	0	0	0	0	0	0	0	0	0	0	0	0	0	0	1	0	0	0	0	0	0	0	0	0	0	0	0	0	0	0	0	0	0	0	0	0	0	0	0	1	0	0	0	0	0	0	0	0	0	0	0	0	0	0	0	0	0	0	0	0	0	0	0	0	0	0	0	0	0	0	0	0	0	0	0	0	0	1	0	0	0	0	0	0	0	1	2	1	0	0	0	0	0	0	1	0	0	0	0	0	0	0	0	0	0	0	0	0	1	1	0	0	0	0	0	0	1	0	0	0	0	0	1	0	0	0	0	1	0	0	0	1	0	1	0	0	0	0	0	0	0	0	0	0	0	0	0	1	0	0	0	1	0	1	0	0	0	0	0	0	0	0	0	0	0	0	0	0	0	0	0	0	0	0	0	0	0	0	0	0	0	0	0	0	0	0	0	0	0	0	1	0	0	0	0	1	0	0	0	0	0	0	0	0	0	0	0	0	0	0	0	1	0	0	0	0	0	0	0	0	0	0	0	1	0	0	0	0	0	0	0	0	1	1	0	0	0	1	0	0	1	0	0	0	0	0	0	0	0	1	0	0	0	0	0	0	1	2	0	0	0	0	0	0	0	0	0	0	0	0	0	0	0	0	0	0	0	0	0
Ins(5,):U(3,):R(5,9)	0	0	1	0	0	0	0	0	1	0	0	0	1	1	1	1	0	0	0	0	0	1	0	0	0	0	0	0	0	0	0	0	0	1	0	0	0	0	0	6	1	0	0	0	0	1	0	1	2	0	0	1	0	0	0	2	1	0	1	0	2	0	0	0	0	0	0	0	0	0	0	0	0	0	0	0	0	0	0	0	0	0	0	1	1	1	0	0	0	0	0	0	0	0	0	0	0	0	2	0	1	0	0	1	0	0	0	1	0	0	0	0	1	0	0	0	0	0	0	1	0	1	0	1	0	0	0	0	0	0	0	0	0	0	0	0	0	0	0	0	0	0	0	0	0	0	0	0	1	0	0	0	0	0	0	0	0	0	1	0	2	0	0	0	1	0	0	0	0	0	0	1	1	0	0	0	1	0	0	0	0	0	0	0	0	0	0	1	0	1	1	1	0	0	0	0	0	0	0	0	1	0	0	0	0	0	0	0	0	0	0	0	0	0	0	0	0	0	0	0	0	0	1	0	0	1	0	0	0	0	0	1	0	0	0	0	0	0	0	0	0	0	1	0	0	0	0	0	0	1	1	0	0	0	0	0	0	0	0	0	0	0	0	0	0	0	0	0	0	0	0	0	0	0	0	0	0	0	0	0	0	0	0	0	1	0	0	0	0	0	1	0	0	0	1	0	0	0	0	0	2	0	0	0	0	0	0	1	0	0	1	0	1	0	0	0	0	0	1	0	0	0	0	0	0	0	0	1	0	1	1	0	2	0	0	0	0	0	0	0	1	0	0	1	0	0	2	0	0	0	1	0	1	0	1	0	0	1	0	0	0	0	0	0	0	1	0	0	0	0	1	0	0	0	0	0	0	0	1
Del2:M1	2	7	13	9	7	1	9	8	6	6	5	3	5	3	5	5	1	6	8	3	2	5	5	8	9	3	7	10	7	8	2	5	1	1	2	6	4	0	23	6	5	10	11	6	7	0	6	1	3	3	7	3	7	9	7	10	3	5	8	4	9	8	6	1	5	11	4	6	8	6	5	4	7	2	5	4	7	2	2	3	2	8	7	15	11	3	2	4	7	8	1	6	1	4	6	3	5	10	5	3	6	1	7	3	15	2	9	8	11	2	6	0	6	8	7	5	4	4	5	0	7	3	13	3	6	1	7	0	9	2	3	10	4	6	7	1	2	5	7	5	5	5	2	7	2	4	2	6	6	0	5	9	11	10	2	2	7	4	7	3	11	6	15	7	8	4	4	3	11	4	2	8	9	11	3	13	7	15	5	11	6	8	3	8	3	3	9	2	18	4	5	3	2	1	2	9	5	9	10	5	0	2	5	7	3	6	4	10	3	6	2	5	1	4	3	4	4	4	8	3	3	2	2	15	1	5	6	5	5	4	2	17	7	2	4	5	8	3	8	3	7	9	8	3	1	3	7	3	14	2	4	8	4	11	8	1	8	8	7	8	2	3	4	3	2	4	7	0	7	7	6	10	2	1	8	4	7	5	3	3	4	2	1	2	7	6	28	5	3	4	8	4	6	10	16	4	8	1	5	10	4	4	3	1	5	1	5	1	1	3	3	3	4	1	4	2	6	12	0	6	0	7	4	10	0	3	14	3	4	7	10	7	15	12	6	9	7	4	5	18	9	6	7	7	11	7	4	5	8	6	6	4	6	4	6	6	9	9	12	1	12	10	6	11	7	10	10	3	5	10	9	8	17	47	4	6	3	14	7
Del3:M1	2	2	3	5	0	2	1	5	2	2	6	3	2	1	2	0	1	3	0	1	0	2	2	2	4	4	4	2	1	3	0	6	0	3	5	7	7	2	4	2	3	4	7	1	2	0	3	2	3	2	2	1	3	1	2	3	2	2	1	1	1	3	2	1	2	3	1	1	3	0	4	0	3	1	1	2	1	0	2	5	3	6	1	3	0	1	1	0	0	6	4	3	3	6	1	2	3	0	0	3	2	0	5	1	10	3	1	4	1	4	1	0	5	0	6	3	2	1	4	1	5	3	2	3	5	2	5	0	4	3	2	0	1	1	1	2	2	3	1	0	0	3	2	1	1	3	0	4	2	0	5	3	4	0	3	1	5	0	1	2	3	3	4	1	2	1	3	1	6	1	2	2	4	2	0	6	3	2	8	2	3	3	0	4	2	1	4	1	4	2	1	3	3	0	1	0	1	3	2	1	0	4	0	1	1	4	2	4	8	1	3	5	1	2	2	2	1	3	6	1	4	1	4	8	4	4	2	1	3	0	0	5	5	2	4	0	3	5	6	2	3	3	3	0	1	1	1	2	6	2	4	1	1	3	4	0	1	2	0	4	0	0	0	2	2	3	2	2	1	2	4	2	2	0	3	0	1	2	2	3	3	0	0	1	3	0	3	1	2	0	5	0	1	8	4	1	3	2	5	1	3	1	2	0	4	1	3	1	4	0	0	5	1	0	2	2	1	6	1	3	1	2	5	3	1	3	8	1	3	6	3	1	4	4	1	6	2	3	1	18	3	0	6	3	2	2	2	3	3	4	0	2	2	4	1	7	4	2	6	0	8	3	2	2	4	2	3	3	3	2	2	1	4	24	2	2	1	9	4
Del3:M2	0	4	1	2	3	4	2	2	6	6	7	2	6	5	5	3	1	8	5	2	2	5	3	3	3	2	3	4	8	5	3	3	5	6	8	7	3	1	6	6	1	8	5	1	2	2	6	2	3	5	3	2	6	6	3	3	5	3	6	5	7	6	3	2	2	4	1	3	8	4	10	5	1	0	5	4	6	2	2	2	1	3	3	19	5	4	3	3	2	1	2	4	4	7	1	4	4	7	6	3	3	1	9	8	6	0	7	1	4	0	6	1	3	3	5	3	1	3	5	0	3	4	0	7	2	5	3	0	2	3	5	3	3	4	6	2	2	2	3	9	2	2	1	2	3	2	3	3	2	0	3	3	5	8	5	1	7	5	4	2	11	2	4	7	5	6	5	3	3	2	1	6	3	2	2	6	5	16	6	5	6	7	2	3	2	4	5	4	3	4	3	2	2	2	1	5	2	7	6	3	0	2	1	3	2	7	2	7	8	6	0	1	1	3	1	0	1	6	5	2	4	2	6	3	2	8	6	5	3	4	2	5	6	4	3	1	2	3	6	2	6	3	7	4	4	8	3	6	3	6	7	3	2	3	3	3	1	5	6	4	2	7	9	8	3	2	5	1	7	3	4	8	2	1	0	3	7	2	3	4	5	0	0	4	3	1	35	5	1	1	0	2	3	11	8	2	2	0	4	3	7	0	3	1	7	2	5	3	3	0	5	4	2	0	1	4	4	4	2	2	1	4	7	6	3	3	3	0	6	2	2	4	8	6	3	7	4	9	7	10	7	9	8	6	5	5	7	3	9	5	9	9	4	1	4	3	13	4	4	1	5	5	4	5	4	3	7	0	7	3	6	3	11	18	2	1	4	10	2
Del4:M1	1	1	6	3	6	3	2	2	4	4	5	3	3	2	2	2	0	5	4	2	1	0	3	4	0	0	8	0	0	2	0	2	1	0	6	2	1	1	2	3	3	3	3	1	1	3	1	1	0	0	2	0	1	3	1	4	0	0	0	3	2	7	2	0	1	3	1	3	4	2	2	1	3	1	2	2	0	0	1	1	2	3	1	4	0	2	0	1	4	5	2	3	2	0	0	0	3	1	0	0	4	1	4	4	7	1	3	2	2	0	2	1	2	5	2	0	1	3	5	0	2	6	2	0	5	3	1	0	3	1	3	1	4	1	4	1	0	0	1	1	2	4	3	0	3	0	0	2	1	0	1	5	0	1	1	1	0	5	0	0	2	4	2	1	3	1	4	0	5	3	0	1	2	2	0	2	3	2	1	4	6	1	1	13	0	1	2	5	2	1	2	0	1	1	1	2	2	1	5	0	0	2	0	2	1	2	2	1	3	3	1	3	0	2	0	1	3	6	6	0	3	1	1	3	1	5	4	1	5	1	0	2	2	4	3	1	2	1	0	0	1	1	2	1	3	4	1	1	5	0	3	4	4	1	4	0	2	1	2	3	1	2	5	3	3	2	1	2	1	0	4	4	4	1	4	2	3	2	1	0	0	2	0	2	2	6	10	1	3	2	4	2	2	10	6	0	2	2	1	2	3	1	4	2	1	1	3	0	3	0	2	4	2	0	2	1	2	3	1	7	1	1	1	7	0	2	5	2	1	3	2	1	3	7	3	2	2	1	1	22	4	3	6	2	1	1	2	1	3	5	6	2	2	2	0	4	6	6	2	0	9	9	2	5	5	1	2	3	3	4	0	3	1	29	2	1	1	6	5
Del4:M2	4	2	2	10	1	3	3	2	2	2	4	2	1	4	2	2	1	2	4	2	3	2	3	5	4	1	4	5	4	8	2	2	1	2	13	10	4	0	5	0	6	4	3	1	2	3	3	0	2	3	3	3	2	4	0	5	3	1	3	4	5	8	5	2	3	3	2	2	5	3	2	3	1	0	4	1	2	1	2	3	0	6	0	8	2	2	1	2	2	1	1	1	1	2	1	5	3	2	1	2	4	0	3	4	6	0	4	6	2	1	4	2	6	4	2	4	1	3	2	1	5	2	0	3	5	4	3	0	8	2	2	4	3	2	5	1	2	4	3	2	4	5	2	5	2	2	1	1	0	0	4	6	2	6	2	2	5	4	1	3	7	0	6	1	4	2	1	3	4	2	2	4	1	7	1	8	6	6	1	6	1	5	0	5	0	3	3	2	5	4	1	0	3	0	2	4	1	2	3	2	3	2	1	5	4	5	3	0	8	2	0	1	0	2	2	1	5	2	3	5	1	0	4	2	3	3	5	4	3	1	1	4	4	4	5	3	5	2	1	2	2	3	0	1	1	6	1	7	2	2	4	0	1	2	1	1	2	2	2	4	2	4	5	3	3	2	1	2	2	2	1	8	1	1	2	0	1	1	1	3	1	1	0	0	2	3	19	5	3	2	1	1	1	9	1	2	2	2	4	1	2	1	0	3	3	2	3	1	2	1	5	5	4	2	2	3	8	3	2	2	3	1	3	1	1	4	2	0	2	6	2	4	7	6	2	5	2	2	3	7	5	2	5	1	5	3	6	5	6	3	3	5	3	3	1	6	7	5	2	0	8	6	2	7	10	3	6	1	3	2	1	3	3	14	0	2	4	4	4
Del4:M3	1	4	4	3	2	1	1	3	2	3	4	2	3	3	7	6	3	1	2	2	2	3	0	2	3	0	10	5	7	4	1	6	2	1	4	3	2	2	2	2	5	3	5	2	4	2	2	1	2	4	1	1	2	4	2	2	2	5	2	2	1	4	2	1	3	4	3	1	2	1	0	2	4	0	0	2	1	3	3	2	5	3	1	13	7	1	1	4	0	3	3	7	2	1	0	2	5	5	1	5	7	0	4	3	8	2	6	3	1	5	1	2	4	4	4	4	2	2	4	1	3	3	0	2	7	1	1	0	1	2	2	6	1	6	5	3	5	2	6	3	4	5	2	4	1	2	0	3	3	0	5	7	1	8	5	1	3	5	4	3	5	1	3	0	4	9	2	1	4	1	2	7	5	2	1	1	6	8	3	8	1	7	0	6	2	2	0	4	5	3	0	0	3	0	2	1	3	3	5	1	0	7	3	6	2	3	2	5	9	7	1	0	1	5	1	2	1	2	3	4	2	3	1	3	2	6	2	8	4	2	3	4	1	7	3	1	4	6	3	3	10	0	3	0	1	6	5	5	3	4	1	1	1	3	1	2	2	6	3	3	4	2	1	3	2	1	5	1	2	1	2	5	1	1	3	4	2	2	0	4	2	2	0	0	2	2	23	0	3	5	2	4	8	12	6	2	2	0	2	5	5	1	3	0	4	3	3	4	0	0	1	3	3	2	0	2	1	3	4	1	3	2	2	3	2	4	3	0	2	4	7	15	9	4	0	8	5	4	3	3	1	3	3	3	4	5	5	6	4	7	2	5	6	7	3	0	4	4	5	1	6	2	3	3	3	4	4	0	3	0	5	2	2	10	2	3	2	5	5
Del5:M1	1	2	2	3	3	1	2	2	2	0	6	0	1	3	1	0	0	0	2	1	3	1	1	1	2	2	2	2	1	0	0	1	0	3	6	2	6	0	2	0	1	5	2	1	2	2	2	0	0	0	0	0	0	5	3	1	1	1	2	3	1	2	1	1	0	6	1	4	3	0	4	3	2	0	0	1	3	2	0	1	0	3	1	1	2	0	0	2	5	0	2	1	1	1	0	1	2	2	1	2	1	1	2	2	5	1	2	2	1	0	3	0	1	3	1	1	1	4	1	0	3	0	1	3	1	2	4	0	2	1	2	3	2	0	1	0	0	1	3	2	2	1	2	1	2	1	0	1	0	2	1	2	3	1	5	2	2	2	1	2	0	1	3	1	0	1	1	1	1	0	1	1	0	3	4	2	0	2	2	2	2	2	2	3	1	1	0	3	0	2	1	0	4	2	4	2	1	6	1	2	0	2	3	2	1	2	1	2	6	2	1	2	0	1	4	0	2	1	3	1	1	1	2	0	1	1	1	0	3	0	0	0	2	0	0	0	0	3	0	1	4	0	3	0	1	1	1	3	2	0	3	2	2	1	2	0	5	0	0	2	3	0	1	3	0	0	3	1	0	0	4	6	1	0	4	0	2	1	1	1	2	1	1	2	2	3	3	1	2	1	4	2	1	17	2	2	1	1	0	6	2	0	1	2	0	3	2	2	2	1	1	2	0	0	0	0	3	1	0	1	2	0	6	3	1	0	0	0	2	6	4	5	4	3	0	4	1	3	2	14	3	1	1	4	3	2	4	6	2	2	4	3	3	0	1	2	9	5	2	2	5	1	1	3	4	2	4	1	1	1	0	8	3	19	5	0	2	4	0
Del5:M2	1	4	0	2	3	0	0	1	1	2	3	1	1	3	2	1	0	3	3	1	2	3	0	6	1	1	1	1	0	1	1	2	2	1	12	1	2	1	4	0	1	6	2	1	0	0	0	0	0	4	0	1	1	2	1	3	1	0	1	0	2	5	1	5	0	2	0	3	7	1	3	3	1	0	4	4	1	2	1	0	0	3	4	2	0	0	1	0	0	2	1	1	1	2	0	0	0	0	1	0	1	0	2	0	3	1	3	1	0	1	0	1	1	1	2	1	1	2	3	0	1	1	0	1	2	0	2	2	2	1	0	1	2	1	1	1	0	2	1	0	1	0	5	1	1	1	0	1	0	0	0	1	1	0	1	2	2	1	2	1	1	0	5	1	3	2	3	0	2	0	0	0	1	2	0	1	2	6	0	3	0	1	0	0	0	4	4	3	0	0	1	0	1	2	1	1	2	0	0	0	0	2	1	0	2	1	1	3	6	4	1	5	0	1	1	1	2	0	0	0	0	1	0	1	1	2	2	2	2	0	2	3	3	1	1	1	2	2	0	2	0	1	2	0	1	2	0	0	0	2	1	3	2	1	2	2	1	1	2	1	2	0	0	3	0	0	1	1	1	1	0	3	2	0	1	3	1	0	0	1	0	0	0	1	0	1	1	0	0	2	1	0	2	7	1	0	2	3	4	1	0	0	3	0	1	1	0	0	0	0	2	1	1	0	1	0	0	1	1	1	1	1	1	2	1	1	2	0	1	6	2	1	1	1	0	7	1	1	3	8	1	2	2	2	4	1	1	2	0	6	3	2	0	2	2	0	8	4	3	1	7	1	2	0	12	2	1	2	4	1	3	0	2	8	1	3	1	4	2
Del5:M3	1	3	0	1	0	0	3	1	1	0	5	1	2	1	0	1	0	3	1	2	0	0	0	0	0	0	0	0	1	1	1	0	2	2	8	1	0	1	0	0	3	3	0	0	2	0	0	0	0	2	0	1	2	1	1	1	1	0	0	1	1	3	0	0	1	1	0	0	1	0	2	1	0	0	0	1	3	0	0	2	0	2	1	2	1	0	0	0	1	0	0	0	0	1	0	2	3	0	1	0	0	0	0	3	3	0	1	0	1	0	2	0	1	2	1	1	0	1	3	0	1	0	0	3	0	0	1	0	1	1	0	0	0	1	3	1	1	1	0	0	0	0	1	2	2	0	0	1	1	0	0	5	1	2	0	1	0	1	0	2	0	1	0	0	0	2	0	1	1	1	0	0	1	0	1	1	1	6	4	1	1	2	0	2	1	0	0	0	0	0	0	1	0	1	2	2	0	3	0	1	0	1	0	0	1	1	0	0	1	2	0	1	0	0	0	0	0	0	2	0	0	0	2	1	0	2	2	0	1	0	1	1	0	0	2	0	4	2	0	1	0	0	1	0	0	0	0	2	1	1	1	1	0	0	1	0	1	0	2	2	1	1	0	1	0	0	1	2	0	1	1	3	1	0	1	1	1	1	1	1	1	0	0	0	0	0	2	1	2	1	0	2	0	8	1	0	1	0	1	1	1	0	0	0	0	0	1	1	0	0	0	2	2	0	0	0	0	0	1	2	1	0	1	1	1	1	0	0	0	6	0	2	2	1	0	3	2	0	2	4	1	0	1	1	0	1	4	3	0	0	1	0	0	0	0	1	5	1	3	1	5	1	2	1	4	0	1	1	1	0	0	0	2	4	0	0	1	2	0
Del5:M4	0	1	1	1	0	1	3	2	0	0	0	0	1	1	1	1	0	1	2	1	0	0	0	0	1	1	1	0	1	1	0	1	0	1	1	1	1	0	1	0	0	2	0	0	1	2	0	0	1	3	0	0	0	0	2	1	0	0	0	1	1	0	0	2	1	0	0	2	1	1	1	0	0	0	0	0	1	0	1	1	0	1	0	1	2	0	0	1	0	1	0	0	0	0	0	1	0	1	0	0	1	0	0	1	1	1	3	1	2	1	1	0	1	1	2	1	0	1	0	0	2	0	0	0	0	1	1	0	2	0	0	0	2	0	1	0	0	0	1	0	0	0	2	0	0	0	1	1	0	0	0	1	0	0	0	0	2	3	1	0	0	1	0	0	0	1	0	0	0	0	0	1	1	0	0	0	3	3	0	2	2	0	3	0	0	0	2	3	1	1	0	1	0	0	0	1	1	0	0	0	0	0	0	1	0	1	1	0	3	1	0	0	0	0	0	0	1	0	0	0	0	0	0	2	0	1	1	2	1	1	0	1	0	0	0	1	0	0	0	2	0	0	0	1	1	0	3	0	0	0	0	0	1	1	1	0	2	1	0	3	0	1	0	5	1	0	0	0	0	0	1	1	2	0	0	0	1	0	1	0	5	0	0	2	0	0	1	0	0	2	1	0	0	4	1	0	1	0	1	0	2	0	1	0	3	2	1	1	1	0	0	0	2	0	0	0	1	1	0	0	1	1	0	1	1	1	0	0	0	3	0	1	2	1	1	2	0	1	2	2	1	0	0	1	2	2	2	1	1	3	1	1	1	1	0	2	3	2	1	1	3	1	0	0	5	0	4	0	0	1	1	2	4	6	1	0	2	1	3
Del6:M1	1	1	0	3	4	3	1	2	1	3	10	0	1	1	1	0	0	2	1	1	1	1	2	0	3	1	3	1	0	3	1	3	3	0	6	3	2	0	0	1	2	1	2	2	2	1	1	1	2	4	1	0	0	2	1	3	1	3	0	0	1	1	2	2	0	0	0	3	1	1	1	2	0	0	2	1	0	3	1	1	1	5	1	2	1	0	0	3	2	2	0	0	0	2	0	1	0	1	1	0	4	0	3	3	5	0	3	1	1	1	0	0	1	0	3	0	1	1	1	0	1	2	0	3	4	4	1	0	1	0	3	4	0	2	1	1	1	2	0	1	1	1	3	2	1	0	1	2	2	1	2	2	0	5	0	2	2	1	1	0	4	0	9	0	2	0	1	1	1	0	1	1	1	1	2	0	3	3	1	1	1	4	0	4	1	3	1	0	0	5	0	1	1	1	4	0	3	1	0	0	0	1	1	0	1	2	1	0	0	2	1	0	0	2	2	0	1	0	1	3	0	0	0	2	2	4	3	1	4	1	2	3	4	0	2	0	0	1	2	1	4	0	2	0	1	1	1	1	0	1	0	2	1	1	2	1	1	3	2	4	0	1	1	3	0	0	0	2	2	0	1	3	1	1	1	0	1	3	2	0	2	0	0	0	1	5	1	0	1	0	1	0	2	8	5	1	1	1	1	1	2	0	2	3	4	3	2	1	0	0	2	1	0	0	0	1	1	0	2	1	3	2	0	6	0	0	4	1	2	4	0	3	6	2	3	7	1	2	1	17	3	2	2	4	3	1	4	4	0	6	3	0	0	3	1	3	7	3	4	0	6	4	2	3	10	3	3	3	3	7	4	8	2	26	0	2	5	2	0
Del6:M2	0	0	1	1	2	0	1	2	2	2	4	0	0	1	0	2	0	2	1	3	1	1	1	2	1	0	1	0	1	1	0	2	0	2	14	2	2	0	1	2	0	2	2	2	1	0	0	0	1	1	0	1	1	1	1	3	2	1	1	1	1	2	0	2	0	0	0	2	2	0	1	3	1	0	0	1	1	1	0	1	0	2	4	2	2	1	1	3	1	1	0	0	0	0	0	1	0	1	2	2	1	0	2	2	6	1	4	0	3	0	1	0	0	0	2	1	0	1	0	0	3	1	2	1	4	1	1	0	1	1	0	0	0	1	0	1	1	0	1	1	3	0	3	0	0	0	0	0	0	0	3	0	0	0	1	2	3	1	2	1	0	1	1	2	3	0	0	1	2	1	0	0	0	0	2	2	0	1	1	1	4	8	0	1	0	3	2	1	3	1	0	0	2	2	1	1	2	2	1	2	0	2	1	0	1	1	3	1	7	1	1	4	0	3	0	0	0	0	2	0	0	0	1	1	1	3	3	2	1	0	0	0	2	1	1	1	3	1	0	0	3	2	0	0	1	1	0	0	3	0	3	1	0	1	3	0	2	0	1	1	1	1	0	3	1	0	1	0	0	0	0	3	0	0	0	0	0	2	1	0	0	0	0	1	1	3	3	1	0	1	2	0	2	7	1	1	0	0	2	2	0	0	4	3	0	0	2	0	0	0	2	0	1	0	0	0	1	0	1	0	0	3	3	2	2	0	0	1	0	4	1	1	2	1	0	5	0	2	4	9	1	0	3	4	1	2	2	1	1	1	1	1	0	0	0	2	13	4	3	0	5	1	1	2	8	0	0	1	3	2	0	1	1	13	3	2	1	1	2
Del6:M3	2	0	0	1	0	0	0	0	2	1	3	1	2	0	3	1	0	2	0	1	0	1	0	2	1	0	0	0	0	0	0	1	0	1	5	0	3	0	0	0	1	3	0	0	1	0	0	0	2	0	0	0	0	1	2	0	1	0	0	0	0	1	0	1	0	2	0	2	4	0	0	1	0	0	1	0	1	0	0	0	0	1	1	0	0	1	0	0	0	0	1	2	1	0	0	0	1	0	0	0	0	0	2	0	5	0	0	1	1	0	2	0	2	0	1	1	1	1	0	0	2	1	0	0	3	0	0	0	1	1	1	0	0	0	1	0	0	0	0	1	0	0	0	0	1	0	0	2	1	0	1	1	1	1	3	0	1	0	0	1	0	0	1	0	0	0	0	0	0	0	1	2	0	1	0	0	0	2	1	0	1	1	0	1	0	0	1	1	0	1	0	0	0	0	0	0	1	0	0	0	0	1	0	0	1	1	0	3	3	0	0	0	0	0	0	0	0	1	1	0	0	0	1	0	1	1	0	0	0	0	0	1	1	0	1	0	1	2	0	1	0	1	0	0	0	0	0	1	2	0	0	0	0	1	0	0	4	1	1	0	0	0	0	2	0	1	0	2	0	0	0	3	0	0	2	0	1	1	0	0	0	0	0	1	1	0	1	1	1	2	2	0	1	5	1	0	1	0	1	2	2	0	0	1	2	0	0	0	1	0	0	0	0	0	0	0	1	1	0	1	0	1	0	4	0	1	1	0	1	2	0	3	1	1	0	3	0	0	2	3	0	0	1	0	0	1	0	0	0	1	0	0	1	1	2	1	3	4	2	0	6	0	0	3	7	2	1	0	1	0	0	0	0	7	1	1	2	3	0
Del6:M4	0	0	0	1	0	1	0	1	0	1	0	0	1	1	0	0	0	0	0	1	0	0	1	1	0	0	1	0	0	0	0	0	1	1	4	1	0	0	2	0	1	1	1	0	1	0	0	0	0	2	0	1	1	1	0	1	0	0	0	0	0	2	0	0	0	1	0	0	0	0	3	0	0	0	0	0	1	0	0	0	0	1	0	0	0	1	0	0	0	1	0	1	0	0	1	0	0	0	0	0	0	0	0	1	0	0	1	0	3	0	0	0	0	0	0	0	0	1	0	0	0	0	0	0	0	1	0	0	0	0	0	0	0	0	1	0	0	0	0	1	0	0	1	0	2	2	0	0	0	0	0	0	0	0	0	0	0	0	0	0	0	0	0	0	0	0	0	0	0	0	1	0	2	2	0	0	1	3	0	2	0	1	0	0	0	0	0	1	0	0	0	0	0	1	1	2	0	0	0	1	0	1	1	1	0	0	0	1	2	1	0	0	0	1	0	0	0	0	0	0	0	0	0	0	0	0	1	0	0	0	0	0	1	1	0	1	0	0	0	1	1	0	0	1	0	0	0	0	0	0	0	1	0	0	0	1	1	1	0	0	0	1	0	0	0	0	1	1	0	0	0	1	0	0	1	0	0	0	0	0	2	0	0	1	0	0	1	0	0	1	0	1	0	3	0	0	0	0	0	1	0	0	0	0	3	1	3	0	1	0	0	0	0	0	2	0	0	2	0	0	0	1	1	0	0	0	1	0	0	0	1	2	2	1	0	3	0	0	0	4	0	1	0	0	0	1	2	0	1	1	1	1	1	2	1	0	6	6	1	1	3	2	0	1	2	1	0	1	1	4	0	0	0	7	0	1	0	0	0
Del6:M5	0	0	0	1	1	0	1	0	0	0	0	0	0	0	0	1	0	0	0	0	0	0	1	0	0	0	0	0	0	0	0	0	0	0	2	1	0	0	0	1	0	0	1	0	0	3	1	0	1	1	0	0	0	0	0	0	0	0	0	0	0	0	0	0	0	0	0	0	1	0	0	0	1	0	0	0	0	0	0	1	0	0	1	1	0	0	0	0	0	0	0	0	0	0	0	1	0	0	0	0	2	0	0	0	1	0	0	0	1	0	0	0	0	0	0	0	0	0	0	0	0	1	1	0	2	0	0	0	1	0	0	1	0	0	0	0	0	0	0	0	0	0	0	0	0	0	0	1	0	0	0	0	0	0	0	0	1	1	1	0	0	0	0	0	0	0	0	0	0	0	0	0	0	0	0	2	2	2	0	0	0	0	0	0	0	0	0	0	0	0	0	0	0	0	0	0	1	0	0	0	0	0	0	0	0	1	0	0	1	0	0	0	0	0	0	0	1	1	0	0	0	0	0	0	0	0	0	0	0	0	0	0	0	0	0	0	0	2	0	0	0	0	0	0	0	0	0	1	0	0	0	0	0	0	0	1	3	0	1	0	0	0	0	0	0	0	0	0	0	0	0	1	1	0	0	0	0	0	0	0	1	0	0	0	1	0	0	0	0	0	0	0	0	3	0	0	0	0	0	0	1	0	0	0	1	0	0	0	0	0	0	1	0	0	0	0	1	0	0	0	0	0	0	0	0	0	0	0	0	0	0	0	1	1	1	0	0	0	1	0	0	0	0	1	0	0	0	1	0	0	0	0	0	0	0	0	1	0	0	0	1	0	0	0	3	0	0	0	0	0	0	0	0	1	0	0	1	1	0
Del(7,):M1	10	8	11	26	24	27	26	23	22	11	140	5	21	21	10	15	6	16	6	15	10	17	17	25	18	11	27	12	4	21	6	27	14	10	52	33	22	2	23	13	18	53	26	24	29	13	11	7	10	17	11	15	11	16	5	36	8	13	17	15	5	16	13	11	13	18	20	31	31	19	22	22	31	3	13	25	17	7	13	19	13	38	6	10	21	14	5	23	28	33	10	28	13	14	11	25	21	14	12	5	39	0	26	19	176	16	76	21	19	12	15	3	22	14	34	17	17	8	15	0	48	13	6	28	37	17	24	2	45	8	25	13	17	9	16	10	15	7	8	38	9	11	38	20	10	7	6	16	15	2	9	30	26	26	23	19	51	20	22	13	22	18	71	9	49	36	24	1	30	22	10	16	26	22	7	31	31	78	22	29	15	37	15	42	2	20	20	14	27	12	6	7	20	8	10	43	37	25	28	7	0	9	14	25	17	23	30	12	56	25	3	25	4	10	16	10	12	17	48	8	15	0	13	31	8	39	15	23	24	14	6	27	23	13	21	10	51	26	13	18	26	14	17	4	9	12	7	16	29	11	20	31	14	23	23	23	34	15	26	28	11	21	10	16	6	28	16	3	15	20	12	40	10	3	15	5	19	7	11	14	17	8	2	10	12	27	8	33	17	18	15	12	27	144	26	13	17	18	31	24	38	5	11	4	17	6	27	16	22	6	32	16	9	3	7	16	19	32	11	19	3	18	20	41	6	23	23	2	23	34	22	22	31	63	1	25	10	27	27	80	38	21	18	32	34	21	28	30	29	22	24	19	14	17	17	17	32	34	21	8	26	28	12	8	65	17	10	9	18	40	5	33	29	129	16	16	24	34	16
Del(7,):M2	8	7	8	24	17	20	11	17	16	10	101	8	23	18	9	16	3	14	5	12	6	14	9	27	18	7	21	13	4	15	5	8	13	2	87	11	15	0	21	12	11	28	10	10	19	12	16	6	9	13	9	5	10	7	12	22	6	7	14	4	5	24	13	13	1	18	10	28	21	11	14	16	15	4	12	14	15	7	5	13	12	25	8	10	9	7	3	17	22	17	8	8	10	9	4	12	18	10	12	8	16	1	21	8	137	9	39	13	7	9	10	4	18	7	30	10	6	2	9	0	30	14	3	15	19	13	12	1	27	5	13	7	7	4	12	8	9	11	9	22	10	6	38	17	11	10	7	5	7	1	7	17	12	18	10	12	34	16	11	7	21	12	49	6	31	24	7	6	19	7	4	17	13	29	3	16	17	92	9	24	12	38	10	26	2	18	14	3	24	10	9	6	17	5	4	25	21	25	12	6	0	7	5	16	11	27	21	15	32	28	2	16	1	10	17	7	13	16	32	7	15	4	13	14	13	30	21	14	18	11	9	16	11	12	22	5	49	22	9	11	13	9	10	3	7	9	6	10	28	15	10	21	7	18	16	12	23	12	16	17	3	12	5	18	4	11	7	5	12	16	7	50	3	4	10	4	12	5	4	9	11	6	2	7	10	8	11	21	8	12	2	8	24	129	22	6	13	8	22	31	22	2	14	4	17	7	24	11	11	5	13	15	5	0	7	5	11	21	8	13	17	12	19	25	6	16	16	3	14	46	13	18	17	34	5	25	10	14	32	53	14	9	14	28	29	14	14	21	13	17	13	7	13	9	9	16	58	50	22	2	50	14	8	10	106	13	15	8	14	27	3	19	30	88	8	11	19	13	9
Del(7,):M3	2	5	7	7	6	4	9	8	13	4	52	5	11	11	6	7	4	8	3	9	4	9	8	17	12	3	10	7	3	11	3	6	3	2	82	7	6	2	15	6	4	13	14	8	10	11	7	2	1	6	6	0	6	9	4	8	3	7	4	8	1	9	3	5	3	5	1	12	20	4	9	13	11	3	9	19	9	3	4	11	2	7	6	3	3	9	3	5	8	11	1	11	4	8	3	12	5	6	6	3	6	1	11	8	56	6	24	4	9	3	6	0	6	5	13	6	4	0	3	0	18	6	3	10	10	4	12	0	10	4	19	7	4	1	3	1	3	9	5	14	7	3	15	11	2	1	1	2	7	0	5	10	6	5	8	11	16	5	6	2	8	7	25	2	15	5	14	5	9	1	3	8	10	14	4	13	22	49	8	17	11	25	1	16	4	10	9	5	9	3	4	4	3	1	5	11	14	20	7	2	0	3	7	6	8	11	9	4	27	13	2	9	4	9	15	1	8	12	17	5	3	0	6	11	2	20	10	10	6	5	2	15	16	1	5	1	20	9	10	8	7	8	3	2	2	2	4	5	8	5	7	11	5	9	7	2	18	5	11	11	4	9	4	5	4	7	4	3	4	2	9	29	5	3	5	5	7	3	7	3	11	3	0	4	4	12	6	8	9	2	6	5	6	88	3	3	5	1	8	24	15	1	4	3	8	2	12	5	5	1	8	9	7	1	3	3	6	9	1	5	4	6	8	13	2	12	6	0	8	38	8	7	14	11	0	21	5	5	22	19	10	5	6	13	9	6	10	8	7	5	8	5	8	5	9	6	35	23	5	1	40	8	6	5	85	6	4	7	11	6	1	7	16	39	1	4	12	16	9
Del(7,):M4	3	4	2	14	7	2	3	1	1	6	26	5	1	2	3	3	2	7	0	1	1	4	3	6	4	3	6	3	0	3	3	2	2	1	43	6	6	0	10	1	1	10	4	5	12	2	1	1	2	6	2	2	2	3	3	7	0	2	1	2	3	4	2	6	1	2	4	4	9	3	6	2	4	1	3	7	4	2	2	6	2	7	0	2	6	2	0	1	4	6	0	8	3	4	2	3	0	3	3	1	2	1	5	8	25	2	11	1	4	0	3	0	6	1	3	0	1	1	4	0	5	3	4	7	3	4	3	2	2	1	9	8	0	0	1	0	2	0	3	3	0	1	14	3	1	6	0	1	3	0	1	2	8	3	4	1	7	3	2	1	3	3	14	0	7	3	4	6	7	0	0	1	3	6	5	2	10	35	8	3	1	12	2	3	3	6	6	3	4	3	2	1	1	1	4	8	5	7	3	3	0	1	0	3	4	4	8	3	23	8	0	1	0	1	6	1	2	3	2	2	0	1	2	5	4	7	6	9	1	3	0	7	4	1	3	5	4	5	5	3	4	1	4	0	2	6	0	3	6	0	2	9	1	1	4	1	5	4	4	5	1	3	3	6	1	4	2	0	1	2	5	14	0	0	6	2	1	2	1	4	3	0	0	0	2	2	5	3	3	3	1	1	3	33	3	1	3	2	5	12	10	0	3	1	3	3	2	5	1	0	4	3	2	1	2	4	5	4	0	3	0	3	1	10	1	2	4	1	7	19	6	2	10	9	0	19	0	2	6	10	5	3	4	6	4	3	3	7	3	6	8	2	3	4	3	8	25	20	6	0	20	10	1	3	43	3	2	3	8	4	1	7	4	19	2	3	6	9	9
Del(7,):M5	1	1	3	2	1	3	2	0	3	0	4	2	7	3	4	1	0	2	1	3	1	0	1	5	3	0	1	2	2	2	0	1	0	0	18	3	1	1	2	0	2	2	4	2	4	5	0	0	2	6	0	2	1	4	0	2	0	1	0	0	1	3	1	2	1	0	1	2	2	1	2	3	3	0	2	3	0	2	1	3	0	2	1	3	1	0	0	3	2	0	1	4	1	2	0	3	1	0	1	0	1	0	1	0	14	5	5	1	1	0	1	1	2	1	1	0	0	0	1	0	4	0	0	0	7	0	1	0	3	1	2	0	1	1	3	3	1	3	0	1	0	0	2	4	2	1	0	0	1	0	1	1	0	0	3	2	2	2	0	1	0	2	10	0	2	1	3	1	3	0	0	1	0	1	0	3	2	15	1	3	4	8	2	3	0	4	3	3	4	1	0	0	0	0	1	4	2	2	3	1	0	2	0	1	2	2	2	1	7	1	0	1	1	0	4	1	2	3	4	0	0	1	0	2	3	3	4	3	2	1	1	2	1	1	0	2	0	1	0	4	1	1	3	0	0	0	1	1	5	1	0	3	0	1	3	1	2	1	2	3	1	1	3	2	0	2	0	0	1	4	2	15	1	1	2	1	0	1	1	2	2	0	0	0	0	4	1	6	0	1	0	3	2	18	0	0	4	0	3	8	0	0	1	0	1	1	3	4	2	0	4	2	0	0	1	2	0	2	3	1	1	3	1	1	0	1	0	0	1	14	1	1	4	5	0	12	2	0	4	3	5	2	2	2	0	4	0	4	1	3	2	0	1	2	1	1	18	12	3	0	15	0	1	3	26	2	0	2	2	1	0	3	1	1	0	1	5	5	2
Del(7,):M(6,)	0	3	3	8	0	2	2	2	3	0	15	7	6	6	3	5	1	9	2	0	1	2	2	5	3	0	5	5	5	2	2	3	2	4	15	0	1	0	5	4	5	5	2	2	0	2	3	0	2	2	3	2	2	0	3	3	3	1	2	9	4	3	2	3	1	2	1	2	5	4	5	4	3	2	2	6	4	4	5	3	4	5	2	2	7	1	0	2	4	5	2	5	3	2	0	8	1	2	0	2	5	1	1	4	9	0	4	1	4	2	3	2	4	4	4	2	3	0	1	0	8	1	3	1	0	2	4	0	5	1	0	1	1	2	0	2	0	2	1	3	3	2	9	3	2	3	2	3	5	3	1	2	5	3	4	2	2	5	1	2	8	0	9	1	8	0	3	3	4	2	0	4	7	0	1	3	6	17	1	4	2	3	1	1	1	7	2	2	2	1	2	1	1	0	1	3	4	5	1	0	1	2	3	2	3	2	11	2	10	4	1	1	0	3	0	1	3	2	5	0	3	2	1	1	2	4	4	6	3	2	0	4	3	1	4	2	2	2	0	5	1	2	1	2	0	1	1	0	2	3	2	6	2	3	5	3	7	1	2	5	0	2	1	2	1	1	0	1	0	1	3	8	1	1	3	2	1	1	2	0	2	0	1	0	1	2	4	2	2	2	3	1	2	17	3	0	2	1	5	6	1	0	2	0	1	1	3	1	2	1	3	4	0	0	3	0	1	0	1	0	1	2	0	4	0	4	5	0	3	18	2	4	7	9	2	10	5	3	9	5	5	3	1	6	4	0	12	10	6	2	3	5	4	3	5	5	10	15	5	0	12	3	2	3	23	4	8	2	4	3	4	3	8	6	2	0	3	6	2
Complex(0,1)	0	0	0	0	0	0	0	0	0	0	0	0	0	0	0	0	0	0	0	0	0	0	0	0	0	0	0	0	0	0	0	0	0	0	0	0	0	0	0	0	0	0	0	0	0	0	0	0	0	0	0	0	0	0	0	0	0	0	0	0	0	0	0	0	0	0	0	0	0	0	0	0	0	0	0	0	0	0	0	0	0	0	0	0	0	0	0	0	0	0	0	0	0	0	0	0	0	0	0	0	0	0	0	0	0	0	0	0	0	0	0	0	0	0	0	0	0	0	0	0	0	0	0	0	0	0	0	0	0	0	0	0	0	0	0	0	0	0	0	0	0	0	0	0	0	0	0	0	0	0	0	0	0	0	0	0	0	0	0	0	0	0	0	0	0	0	0	0	0	0	0	0	0	0	0	0	0	0	0	0	0	0	0	0	0	0	0	0	0	0	0	0	0	0	0	0	0	0	0	0	0	0	0	0	0	0	0	0	0	0	0	0	0	0	0	0	0	0	0	0	0	0	0	0	0	0	0	0	0	0	0	0	0	0	0	0	0	0	0	0	0	0	0	0	0	0	0	0	0	0	0	0	0	0	0	0	0	0	0	0	0	0	0	0	0	0	0	0	0	0	0	0	0	0	0	0	0	0	0	0	0	0	0	0	0	0	0	0	0	0	0	0	0	0	0	0	0	0	0	0	0	0	0	0	0	0	0	0	0	0	0	0	0	0	0	0	0	0	0	0	0	0	0	0	0	0	0	0	0	0	0	0	0	0	0	0	0	0	0	0	0	0	0	0	0	0	0	0	0	0	0	0	0	0	0	0	0	0	0	0	0	0	0	0	0	0	0	0	0	0	0	0	0	0	0	0	0	0	0
Complex(2,5)	0	0	0	0	0	0	0	0	0	0	0	0	0	0	0	0	0	0	0	0	0	0	0	0	0	0	0	0	0	0	0	0	0	0	0	0	0	0	0	0	0	0	0	0	0	0	0	0	0	0	0	0	0	0	0	0	0	0	0	0	0	0	0	0	0	0	0	0	0	0	0	0	0	0	0	0	0	0	0	0	0	0	0	0	0	0	0	0	0	0	0	0	0	0	0	0	0	0	0	0	0	0	0	0	0	0	0	0	0	0	0	0	0	0	0	0	0	0	0	0	0	0	0	0	0	0	0	0	0	0	0	0	0	0	0	0	0	0	0	0	0	0	0	0	0	0	0	0	0	0	0	0	0	0	0	0	0	0	0	0	0	0	0	0	0	0	0	0	0	0	0	0	0	0	0	0	0	0	0	0	0	0	0	0	0	0	0	0	0	0	0	0	0	0	0	0	0	0	0	0	0	0	0	0	0	0	0	0	0	0	0	0	0	0	0	0	0	0	0	0	0	0	0	0	0	0	0	0	0	0	0	0	0	0	0	0	0	0	0	0	0	0	0	0	0	0	0	0	0	0	0	0	0	0	0	0	0	0	0	0	0	0	0	0	0	0	0	0	0	0	0	0	0	0	0	0	0	0	0	0	0	0	0	0	0	0	0	0	0	0	0	0	0	0	0	0	0	0	0	0	0	0	0	0	0	0	0	0	0	0	0	0	0	0	0	0	0	0	0	0	0	0	0	0	0	0	0	0	0	0	0	0	0	0	0	0	0	0	0	0	0	0	0	0	0	0	0	0	0	0	0	0	0	0	0	0	0	0	0	0	0	0	0	0	0	0	0	0	0	0	0	0	0	0	0	0	0	0	0
Complex(6,10)	0	0	0	0	0	0	0	0	0	0	0	0	0	0	0	0	0	0	0	0	0	0	0	0	0	0	0	0	0	0	0	0	0	0	0	0	0	0	0	0	0	0	0	0	0	0	0	0	0	0	0	0	0	0	0	0	0	0	0	0	0	0	0	0	0	0	0	0	0	0	0	0	0	0	0	0	0	0	0	0	0	0	0	0	0	0	0	0	0	0	0	0	0	0	0	0	0	0	0	0	0	0	0	0	0	0	0	0	0	0	0	0	0	0	0	0	0	0	0	0	0	0	0	0	0	0	0	0	0	0	0	0	0	0	0	0	0	0	0	0	0	0	0	0	0	0	0	0	0	0	0	0	0	0	0	0	0	0	0	0	0	0	0	0	0	0	0	0	0	0	0	0	0	0	0	0	0	0	0	0	0	0	0	0	0	0	0	0	0	0	0	0	0	0	0	0	0	0	0	0	0	0	0	0	0	0	0	0	0	0	0	0	0	0	0	0	0	0	0	0	0	0	0	0	0	0	0	0	0	0	0	0	0	0	0	0	0	0	0	0	0	0	0	0	0	0	0	0	0	0	0	0	0	0	0	0	0	0	0	0	0	0	0	0	0	0	0	0	0	0	0	0	0	0	0	0	0	0	0	0	0	0	0	0	0	0	0	0	0	0	0	0	0	0	0	0	0	0	0	0	0	0	0	0	0	0	0	0	0	0	0	0	0	0	0	0	0	0	0	0	0	0	0	0	0	0	0	0	0	0	0	0	0	0	0	0	0	0	0	0	0	0	0	0	0	0	0	0	0	0	0	0	0	0	0	0	0	0	0	0	0	0	0	0	0	0	0	0	0	0	0	0	0	0	0	0	0	0	0
Complex(11,20)	0	0	0	0	0	0	0	0	0	0	0	0	0	0	0	0	0	0	0	0	0	0	0	0	0	0	0	0	0	0	0	0	0	0	0	0	0	0	0	0	0	0	0	0	0	0	0	0	0	0	0	0	0	0	0	0	0	0	0	0	0	0	0	0	0	0	0	0	0	0	0	0	0	0	0	0	0	0	0	0	0	0	0	0	0	0	0	0	0	0	0	0	0	0	0	0	0	0	0	0	0	0	0	0	0	0	0	0	0	0	0	0	0	0	0	0	0	0	0	0	0	0	0	0	0	0	0	0	0	0	0	0	0	0	0	0	0	0	0	0	0	0	0	0	0	0	0	0	0	0	0	0	0	0	0	0	0	0	0	0	0	0	0	0	0	0	0	0	0	0	0	0	0	0	0	0	0	0	0	0	0	0	0	0	0	0	0	0	0	0	0	0	0	0	0	0	0	0	0	0	0	0	0	0	0	0	0	0	0	0	0	0	0	0	0	0	0	0	0	0	0	0	0	0	0	0	0	0	0	0	0	0	0	0	0	0	0	0	0	0	0	0	0	0	0	0	0	0	0	0	0	0	0	0	0	0	0	0	0	0	0	0	0	0	0	0	0	0	0	0	0	0	0	0	0	0	0	0	0	0	0	0	0	0	0	0	0	0	0	0	0	0	0	0	0	0	0	0	0	0	0	0	0	0	0	0	0	0	0	0	0	0	0	0	0	0	0	0	0	0	0	0	0	0	0	0	0	0	0	0	0	0	0	0	0	0	0	0	0	0	0	0	0	0	0	0	0	0	0	0	0	0	0	0	0	0	0	0	0	0	0	0	0	0	0	0	0	0	0	0	0	0	0	0	0	0	0	0	0
Complex(21,)	0	0	0	0	0	0	0	0	0	0	0	0	0	0	0	0	0	0	0	0	0	0	0	0	0	0	0	0	0	0	0	0	0	0	0	0	0	0	0	0	0	0	0	0	0	0	0	0	0	0	0	0	0	0	0	0	0	0	0	0	0	0	0	0	0	0	0	0	0	0	0	0	0	0	0	0	0	0	0	0	0	0	0	0	0	0	0	0	0	0	0	0	0	0	0	0	0	0	0	0	0	0	0	0	0	0	0	0	0	0	0	0	0	0	0	0	0	0	0	0	0	0	0	0	0	0	0	0	0	0	0	0	0	0	0	0	0	0	0	0	0	0	0	0	0	0	0	0	0	0	0	0	0	0	0	0	0	0	0	0	0	0	0	0	0	0	0	0	0	0	0	0	0	0	0	0	0	0	0	0	0	0	0	0	0	0	0	0	0	0	0	0	0	0	0	0	0	0	0	0	0	0	0	0	0	0	0	0	0	0	0	0	0	0	0	0	0	0	0	0	0	0	0	0	0	0	0	0	0	0	0	0	0	0	0	0	0	0	0	0	0	0	0	0	0	0	0	0	0	0	0	0	0	0	0	0	0	0	0	0	0	0	0	0	0	0	0	0	0	0	0	0	0	0	0	0	0	0	0	0	0	0	0	0	0	0	0	0	0	0	0	0	0	0	0	0	0	0	0	0	0	0	0	0	0	0	0	0	0	0	0	0	0	0	0	0	0	0	0	0	0	0	0	0	0	0	0	0	0	0	0	0	0	0	0	0	0	0	0	0	0	0	0	0	0	0	0	0	0	0	0	0	0	0	0	0	0	0	0	0	0	0	0	0	0	0	0	0	0	0	0	0	0	0	0	0	0	0	0
