hdp.1	hdp.2	hdp.3	hdp.4	hdp.5	hdp.6	hdp.7	hdp.8	hdp.9	hdp.10	hdp.11	hdp.12
A[Del(C):R1]A	0.00481228692329644	0.00193727492796966	0.0272322743581028	0.00742869273712024	0.00472956516714522	0.00322910272138526	0.00191942226113123	0.00448114947399392	0.00251942994047194	0.00343264339032772	0.0137118063013722	0.00807671142655349
A[Del(C):R1]G	0.000626543702875953	0.0004528774736827	0.00258727737651244	0.00126441065130874	0.000112480116362146	0.000737620065975167	0.000168871972116783	0.000843660917416713	0.000506561468146992	0.00155728058185697	0.00134262082503848	9.09929935394975e-05
A[Del(C):R1]T	0.00314864892689072	0.0024468952521373	0.00697695447748253	0.00736650504763664	0.00130933644368885	0.00593743284575163	6.79397296087284e-05	0.003534527237866	0.000213647252153884	0.00193820958334614	0.0115244889835853	0.0222716184187151
A[Del(C):R2]A	0.00131304351016588	0.00108899174122389	0.0265800807710729	0.00549325016133743	0.000395879092669652	0.0013452749346828	0.000302071074603416	0.00365538146994344	0.000783047297852178	0.000886886048206949	0.00310545017423648	0.000797271943393692
A[Del(C):R2]G	6.8101388001021e-05	0.000235269763473147	0.00447037232871104	0.000166953417110412	9.21904931774792e-06	0.000453689583646021	2.52667787928337e-05	0.000213977799170048	1.70933447805286e-05	0.000148494313379598	0.000789612361888475	0.000168986988001924
A[Del(C):R2]T	0.00124779120280367	0.00132599967501822	0.0113172384320345	0.00511189959235296	0.00146332156869492	0.00278430326523962	0.000161964972064851	0.00252740416957689	0.00102315598649125	0.000401530706696937	0.00536378981014903	0.00826303041332484
A[Del(C):R3]A	0.000649394229985938	0.000646823639520072	0.0146292874628645	0.00383559927292445	0.00110262144245952	0.000637321191611849	0.000354295289517526	0.000468137586558811	0.000574582810420079	0.0011850031391559	0.00277713997596379	0.000472296966466915
A[Del(C):R3]G	0.000158143269454255	0.000230840232654658	0.00207597128792303	0.000314418506024505	0.000145846131675334	6.81576441696183e-05	2.06564132466185e-05	0.000336762053363396	0.000263440908688467	0.000338307777091633	0.000588547054548926	7.79939944624264e-05
A[Del(C):R3]T	0.000625611159551735	0.000652879200639019	0.00612161432121572	0.00277858095827635	0.000550057084816257	0.00138002133044438	0.000271187134327204	0.00133072344305652	4.7603205029527e-05	0.000809311368906344	0.00316201565124503	0.00371338073634997
A[Del(C):R4]A	0.000537125660749955	4.54167083920994e-06	0.00706863637942295	0.00204822201634749	0.000442977248389193	0.000506151105269172	0.00104077055100456	0.00114231843692227	0.00011012886093725	0.00104602843394112	0.00206144404365801	0.000537291961852271
A[Del(C):R4]G	4.96209518483216e-05	5.60700103606165e-06	0.00185306445932016	0.000517404896926475	0.000109432815541635	0.000298519409509265	0.000305047771270461	0.000145260970084872	1.49028932754723e-05	0.000618109026191538	0.000324414806548538	9.53259932318545e-05
A[Del(C):R4]T	0.000271148226349707	0.000214467789629358	0.00322280527782424	0.00133761959061765	0.000314412012506123	0.000299626604875613	0.000529675342541327	0.00085395436870156	0.000357943245049467	0.00115224874267388	0.00157574081709408	0.00100958892831919
A[Del(C):R5]A	0.000434346523754552	0.000228597432240234	0.00710588004214967	0.00119917711236588	0.000243051170506819	0.0014716905938641	0.00245148921892707	0.000313186297100313	5.73820063913855e-05	0.00215499044769531	0.00126047469463009	0.000511293963698129
A[Del(C):R5]G	5.38656318068327e-05	4.48560082884932e-06	0.000958376330246088	0.000111776928268866	0.000114717375192395	7.20653925214359e-05	0.000699210280284656	0.000233479064299545	4.90895828365295e-05	0.000443110271842394	0.000185895225484201	0.000927261934164403
A[Del(C):R5]T	0.000226794536449901	0.000233868013214131	0.0028056792560837	0.000555053384162878	0.000136935669782448	0.000686982160249531	0.00295490998288815	0.000370095143656907	0.000407795574392222	0.000667703580582152	0.00044041243968658	0.000311975977849706
A[Del(C):R6]A	0.000353585056210608	1.64285130356606e-05	0.00272250836942447	0.000107875431372421	0.000129876732438733	0.000941474271661651	0.00391169855581354	0.000324954070834814	0.000238602753229346	0.00380379236883904	0.000337760638054192	0.000225315984002565
A[Del(C):R6]G	3.22113326851557e-05	1.0092601864911e-06	0.000421811018693472	2.06568616366628e-05	8.39357795624246e-05	0.000271718768729716	0.00096698190688541	2.36561738512455e-05	3.09010123034727e-06	0.000497565902742706	8.53282813943198e-05	3.03309978464992e-05
A[Del(C):R6]T	0.000129182975737323	3.53241065271884e-06	0.00114586998332242	0.000181282318969043	0.000311248991401289	7.95878080986847e-05	0.00237530705993843	8.53364639721699e-05	0.000311943763443285	0.00244364580043788	0.000222805433687402	0.00100525592862683
A[Del(C):R7]A	0.00025508918717334	2.57922047658836e-06	0.000719145156775996	0.000256841096015915	0.000570501001713355	0.000424479164716185	0.00503205917507328	0.000229123111607389	0.00014206642618508	0.00658835009449875	0.000253433636926997	0.000194984986156066
A[Del(C):R7]G	2.09790091282775e-05	4.31739079776747e-06	0.000131513753536249	1.41756515713729e-05	6.13317506912937e-06	4.19757302124405e-05	0.00125132767414983	7.45202983642634e-06	1.44726260155505e-06	0.00156816013404534	1.95592556290468e-05	1.73319987694281e-05
A[Del(C):R7]T	0.000102383609999268	1.28961023829418e-05	0.000298230626690812	1.70618653147335e-05	6.32218486685725e-05	8.73381756631229e-05	0.000795744914123783	3.78632810933532e-05	0.000248674918632061	0.000852308748033796	6.48088940022763e-05	0.000207983985233137
A[Del(C):R8]A	0.00034254888831848	8.13015150228939e-06	0.000342334865419862	0.000196109284261263	0.000976756346543987	0.000113031621076324	0.00369346318893617	0.00022271651041708	0.000225929426664378	0.00871593911686856	0.000422828312255698	0.00175919787509695
A[Del(C):R8]G	3.68611866397065e-05	1.23354022793356e-06	1.83386309871002e-05	2.28662199446335e-05	0.000136318494932724	1.48168791673083e-05	0.000318605323352594	4.10799846198682e-05	3.98975095563825e-06	0.000759890424391076	3.31245458233857e-05	1.29989990770711e-05
A[Del(C):R8]T	0.000145139113581362	1.96245036262158e-06	3.32713554623807e-05	8.45494605660128e-05	0.000407566841386295	0.000136152465491244	0.000706787844423038	3.7407581427097e-05	2.16698238178784e-05	0.000902366262092	6.01042483635926e-05	0.000554623960621699
A[Del(C):R(9,)]A	0	0	0	0	0	0	0	0	0	0	0	0
A[Del(C):R(9,)]G	0	0	0	0	0	0	0	0	0	0	0	0
A[Del(C):R(9,)]T	0	0	0	0	0	0	0	0	0	0	0	0
G[Del(C):R1]A	0.00110256848188979	0.00180237048304202	0.0159831690602981	0.00542730783981601	0.00113371162551435	0.0031983617676843	6.73375516614065e-05	0.00123686271473909	0.000494416196855564	0.00103575651631646	0.00275275262918367	0.000775606944931907
G[Del(C):R1]G	0.000208426648629435	0.00022915813234384	0.00411301096385688	0.000680418504568627	0.000255896122066693	0.000349157315234901	0.000220735260185495	0.000444173145286275	8.93586868446626e-05	0.000735700781759482	0.00188166622912091	0.000944593932933831
G[Del(C):R1]T	0.00161126443391763	0.00110385029396946	0.00936171170148433	0.00761392763641482	0.00377413992634481	0.00662929969144093	5.67225031767546e-05	0.000675400517117259	0.000431558061701538	0.00316204346462117	0.00743222909950888	0.0841728520237275
G[Del(C):R2]A	0.00121095252583041	0.00106090066603323	0.031561702923398	0.00642149992211693	0.000619527828838282	0.00134253951083653	9.63123788869603e-05	0.003810855473725	0.000579609114320075	0.00051148362774964	0.00419615985700072	0.00278611880218557
G[Del(C):R2]G	0.000249034086899191	0.000453718523838109	0.00652157577445616	0.000658695276349794	0.000197920259620772	0.000300049944280393	3.44875098852639e-05	0.000604284563318557	5.03217118081236e-05	0.000248522536558334	0.000934743135949446	0.000268645980926135
G[Del(C):R2]T	0.000726467327899266	0.000625460965572677	0.0184222820015497	0.00723255791114444	0.00136978100553367	0.00241036431254028	0.000192187846329492	0.00174683085007395	0.000556355124681575	0.0024162733100916	0.00288571716219067	0.00889564836840897
G[Del(C):R3]A	0.000619642882276737	0.000204431257774808	0.0216335642124088	0.00322903463595694	0.000535900636700719	0.00245165618679115	0.000255595094606012	0.0013054991262361	5.56218221462509e-05	0.000191347017610928	0.00291781299541084	0.00196718186033009
G[Del(C):R3]G	7.42883306072144e-05	4.7659508806524e-06	0.00611913491129907	0.000704376632809975	0.0010466899717033	0.000781126330958736	6.27518811098765e-05	0.00016674586905572	2.90625976474433e-05	0.000105757349065166	0.000786992573792298	0.000394302972004489
G[Del(C):R3]T	0.000479748520977445	0.000663644642628257	0.00904778689765095	0.00234470385333416	0.000311943313107228	0.000317244037028391	0.000175459836852784	0.00113017538110967	0.00015685197384421	0.000466836954806398	0.000984039043895304	0.00227915783817979
G[Del(C):R4]A	0.000284207048555399	0.000213066039370343	0.00658873364911213	0.00141158201050559	0.000469245752930558	0.000652007812500763	0.000751489584033064	0.00110705532451285	0.000428311499649401	0.000358359717694139	0.00106105532745568	0.000467963966774558
G[Del(C):R4]G	6.5753951357299e-05	0.000228821712281676	0.00143928432811767	0.000284272897435113	2.02510497565592e-05	0.0001949315136165	0.000344535067771975	0.000270993869177525	6.10783933061679e-05	0.000443804711343779	0.00068556151111572	0.000298976978772635
G[Del(C):R4]T	0.000157252529796295	0.000456914514428664	0.00367953809125895	0.00104559478281874	0.000372503595236367	0.000243420157748637	0.00060659075291061	0.00028820323304438	0.000186364396354299	0.000959252431247162	0.000992981985459216	0.000784272944316621
G[Del(C):R5]A	7.511475693247e-05	0.000217607710209553	0.00607194735191725	0.00106833967961929	0.00014098587973376	0.00120879682349557	0.00187755284745009	0.000639534272796617	0.00026545534176901	0.0012388511354925	0.000862266904011238	5.63289960006413e-05
G[Del(C):R5]G	6.66479066818945e-05	2.01852037298219e-06	0.000962378645497312	0.000200317281732225	0.000156260957264422	4.40272980971447e-05	0.000552901934850174	7.73885256754059e-05	6.75910750131657e-05	0.00139321924965465	0.000119783295517858	0.000233981983387279
G[Del(C):R5]T	0.000435761417074056	1.07654419892384e-05	0.00339948105162735	0.000248265465358098	0.00022210579904432	0.000274519321715185	0.00168759134987221	0.00027950473059143	0.000143220324745779	0.00184226119223804	0.000765334744452702	0.000398635971696846
G[Del(C):R6]A	0.000156181712806761	2.26522841856891e-05	0.00242137447000222	0.000349768238952037	0.0010027548370886	0.000555095653375687	0.00239792197622508	0.000403267398774093	0.000175392581226293	0.00318663819696191	0.00130218556164828	0.00011699099169364
G[Del(C):R6]G	5.31099501475523e-05	4.87809090137364e-06	0.000561558213632193	0.000106445095358012	9.60864094163601e-05	0.000131691119456252	0.000896827226214924	9.31369700239687e-05	0.000168801669108401	0.00164978571043736	0.000438464743824501	6.49949953853553e-05
G[Del(C):R6]T	9.59876490617847e-05	1.26157523311387e-05	0.00102833620067775	4.85739556321773e-05	0.000242704009653849	0.0004691251896357	0.00160874972991749	9.78413989314969e-05	0.000596467767867919	0.00147669666471703	0.000201696251069518	0.00036397197415799
G[Del(C):R7]A	8.2796984524048e-05	3.36420062163699e-06	0.000531148869919282	0.000328568615881335	7.12836951430885e-05	0.000107300256826991	0.00174967456651062	0.000235087416062802	0.000133676214616605	0.00347161880734298	7.86347913894286e-05	0.00036397197415799
G[Del(C):R7]G	3.97327769449719e-05	1.98487836676582e-05	0.000134011918444698	6.26857529171926e-05	0.000135585599798678	9.68795945554775e-05	0.000623047117445782	0.000103417018377456	4.43957581828374e-06	0.000708530836267774	4.98445546675708e-05	0.000216649984617851
G[Del(C):R7]T	3.67550696407437e-05	3.13992058019452e-06	0.000220468679668195	4.42765621603152e-05	2.24883085868077e-05	0.000146019530079584	0.000743999402183569	2.44737526642347e-05	0.000567991898302187	0.000671985957507363	0.000125983003473208	0.00032064197723442
G[Del(C):R8]A	0.000256015299164288	5.49486101534042e-06	0.00011096953551286	0.00012244697951921	0.000320930921856329	7.50287683548975e-05	0.00137793891190047	5.07703039934945e-05	0.000368660811342064	0.00549880345180413	5.49469691794961e-05	8.23269941547834e-05
G[Del(C):R8]G	1.96670171411014e-05	1.03729519167141e-05	2.17482884972811e-05	7.41220556038273e-05	3.41374838753427e-05	2.27626341493374e-05	0.000389671819211454	5.66541908607448e-05	8.11640513034252e-06	0.000230582849439208	2.65133528267514e-05	0.000112657992001283
G[Del(C):R8]T	0.000178691379253411	9.53190176130481e-06	2.13431806742893e-05	5.17794408073256e-05	0.000245944177614898	2.58888328307915e-05	0.000431438653683903	0.000293765449558979	1.69368839587389e-05	0.000748374302659767	0.000134706486348435	0.000264312981233778
G[Del(C):R(9,)]A	0	0	0	0	0	0	0	0	0	0	0	0
G[Del(C):R(9,)]G	0	0	0	0	0	0	0	0	0	0	0	0
G[Del(C):R(9,)]T	0	0	0	0	0	0	0	0	0	0	0	0
T[Del(C):R1]A	0.00208422789829473	0.00175471097423549	0.018618575496781	0.0096026757704489	0.000730580728360442	0.0012467671116474	0.000208718295848719	0.00185081079156855	0.000994641001720072	0.00508650893283572	0.00871877822958835	0.0541971601520016
T[Del(C):R1]G	0.000613443077004003	0.000214916349712243	0.00284745412483055	0.000494155551263696	0.000137938578913249	0.000223913980559147	0.000111307939505758	0.00101066144216828	0.000218497537629365	0.000259257413850584	0.0021441662531242	0.000489628965236343
T[Del(C):R1]T	0.00589181515374477	0.000521451096353734	0.0192421002033375	0.0117836891607055	0.00420041488036336	0.0126431290174706	0.000938647249906694	0.00573905479096895	0.00148000202851455	0.0536908504644325	0.021453184112398	0.126540923015594
T[Del(C):R2]A	0.00102423162698882	0.000847498206600719	0.0316780964025409	0.00732360135263301	0.00268093040034358	0.000716420531166556	0.000131546437457705	0.00197071341551939	8.52124750672346e-05	0.00459678440946283	0.00639468328407857	0.0136489490309246
T[Del(C):R2]G	0.000161313916756597	8.97120165769864e-06	0.00533631655734451	0.000804934362965822	0.000377672434602803	0.000290541089957637	1.32403163811782e-05	0.000499500445942332	6.24474254968281e-05	0.000635614688622297	0.0011497166376844	0.000784272944316621
T[Del(C):R2]T	0.00243535940086265	0.000356268845831357	0.0227155134326608	0.00948440486125747	0.000765219666801185	0.00444395655482615	0.000260180765157542	0.00335014311113989	0.00135450089183646	0.0142058016600923	0.0120423977727138	0.0378704173112004
T[Del(C):R3]A	0.000786716057977042	0.000191423015371145	0.0531698728769026	0.00511731443583608	0.000466584186391125	0.00280221377851879	0.000200688623346102	0.00128794128615387	0.000561596562211531	0.00347034566825711	0.00252943969727868	0.0035487267480404
T[Del(C):R3]G	4.16782552592895e-05	0.000223270781255975	0.00730598080071744	0.000383036322144313	9.16118917558632e-05	0.000416989313708534	0.000120120253378396	0.000393295617841896	1.52353725217755e-05	0.000428787457126318	0.000985342079859371	0.000285977979695563
T[Del(C):R3]T	0.000775940359082367	0.000861627849211594	0.022388388865595	0.00427196030960594	0.00166459771656106	0.000515204055617549	0.000302707445620301	0.0024263728729816	0.000388590008517532	0.00254752237585346	0.00333959887889529	0.00217083284587087
T[Del(C):R4]A	0.000559397367865597	5.49486101534042e-06	0.0155257310591715	0.00200669118850055	0.000893746329256148	0.000853321981758566	0.00148177756532146	0.000563057146453724	0.000239932670214559	0.00340234846707978	0.00182481271258346	0.00121323991385997
T[Del(C):R4]G	6.39596093748375e-05	2.91564053875206e-06	0.00226662703261772	0.000379351929821483	0.000143763166557517	0.000108244629345347	0.000390158120645254	0.000392880126969722	3.79417492840108e-05	0.00125531513867118	0.000282937114387081	0.00151654989232496
T[Del(C):R4]T	0.000722193706941038	0.000210430748883394	0.00752999792483518	0.00241069725828468	0.000394567596113989	0.000217694147765838	0.000818517498453419	0.000582035697260162	8.0694668838056e-05	0.00252185704928142	0.000759423076026251	0.000602286957237626
T[Del(C):R5]A	0.000274666165648655	3.30813061127637e-06	0.00856269278560845	0.000624411910004433	0.000398926393490163	0.000827823923762956	0.00329488407510328	0.000337820884940874	3.55948369571648e-05	0.00219298207541694	0.0012827771838677	0.000333640976311491
T[Del(C):R5]G	3.12980833607488e-05	2.39418944239833e-05	0.00100330953961293	0.000139361979975321	3.37517495942654e-05	0.00015552838440234	0.000643268518862947	6.17339018463664e-05	0.000178384894443022	0.000963882027923065	7.35735253816318e-05	2.16649984617851e-05
T[Del(C):R5]T	0.000220305321179996	6.50412120183152e-06	0.00549493127403923	0.000454910706868355	0.000319812292441205	0.000755498014684732	0.00339666544550551	0.000712566845779867	5.72646607750432e-05	0.00436385782670644	0.000684930567385751	0.000368304973850347
T[Del(C):R6]A	0.000390349772851258	5.49486101534042e-06	0.0043234457229093	0.000105014759343603	0.000900303812034462	0.000360978253999149	0.00458956666184532	0.0004974766033069	0.000352564904300445	0.00797780779685422	0.000547768886957652	0.000225315984002565
T[Del(C):R6]G	2.00818381370468e-05	4.31739079776747e-06	0.000521546314115032	1.6582958167052e-05	3.70304909834226e-05	2.89499023730486e-05	0.000844768277803706	3.3882610479291e-05	1.01112806081616e-05	0.00179043864444715	4.52633545412724e-05	2.16649984617851e-05
T[Del(C):R6]T	0.000170131274670414	4.09311075632501e-06	0.00187085544454655	6.60891863800493e-05	0.000568842344304722	4.14872616684633e-05	0.00225556862917017	0.000611441728665053	3.54579337380988e-05	0.0043037888098366	0.000575214939211315	0.000134322990463068
T[Del(C):R7]A	9.44891484097649e-05	2.91564053875206e-06	0.000797177175680608	4.58154504615318e-05	0.000199386049888866	0.000176239450666973	0.00403336319616724	3.6764240721794e-05	6.06285684435225e-06	0.0104694277928461	0.000214219112492604	0.00029031097938792
T[Del(C):R7]G	1.47309688560146e-05	2.46708045586713e-06	0.000107582383992846	1.07594472512447e-05	2.10225183187139e-05	2.56283162740036e-05	0.00110228578276521	2.77574708475521e-05	5.88683841983879e-06	0.00123925622520164	2.42913336038162e-05	1.29989990770711e-05
T[Del(C):R7]T	0.000178356949923346	4.26132078740685e-06	0.000465825233461857	8.39556157028877e-05	0.000200388959019667	0.000143609751929296	0.00164517674669303	0.000258689978188606	0.000324773550830043	0.00240064842131043	0.000133622909073053	0.000350972975080919
T[Del(C):R8]A	0.000123944654788524	2.46708045586713e-06	0.000159616233257123	8.4051397132424e-05	0.000163589908604891	4.52321871722885e-05	0.00278173918208118	5.76057989873388e-05	9.67123454687802e-05	0.00881127987341294	6.09820831183324e-05	0.000658615953238267
T[Del(C):R8]G	2.63813290754734e-05	8.69085160589556e-06	5.7615334825498e-06	6.51952263710438e-06	5.37327853540705e-05	2.05808079862393e-05	0.000343961384049289	2.60955073588527e-05	8.85177099275428e-05	0.00116191302573483	1.37573165469382e-05	0.000545957961236985
T[Del(C):R8]T	4.17136275922771e-05	1.85031034190035e-06	5.49071140088307e-05	5.81520985858076e-05	0.000113830186345917	0.000131463167469063	0.000813095997312546	7.78040165475807e-05	1.76409576567927e-05	0.00306574785376238	4.83769246869902e-05	4.33299969235702e-05
T[Del(C):R(9,)]A	0	0	0	0	0	0	0	0	0	0	0	0
T[Del(C):R(9,)]G	0	0	0	0	0	0	0	0	0	0	0	0
T[Del(C):R(9,)]T	0	0	0	0	0	0	0	0	0	0	0	0
A[Del(T):R1]A	0.00496382199781528	0.00404517089746668	0.0104684512699044	0.0077377985665198	0.00715517804684372	0.00476914634683657	0.000741828142266254	0.00534122898232722	0.000663882824456571	0.0113702894360185	0.00994829553294582	0.00114391191878225
A[Del(T):R1]C	0.00178580438754495	0.00156418507903012	0.00115926104747132	0.00468846904865887	0.00341841577233531	0.00176034293878502	0.000102510822552927	0.000781913612638986	0.00043625188635523	0.000764057061399389	0.00419547404859858	0.00061095295662234
A[Del(T):R1]G	0.0015570064907813	0.00107458174856122	0.00232567899981549	0.00657106581705218	0.000658448417798983	0.000319165346634701	0.000196118149714378	0.00425398319036516	0.00119332668779031	0.00130409951364351	0.00448280033675936	0.000987923929857401
A[Del(T):R2]A	0.00260333296322082	0.00315870403366533	0.00214255525982976	0.00668150819073618	0.0107698939948193	0.000906271971925694	0.000898601466602301	0.00278212688008279	0.00191883551842931	0.0232299561756592	0.00660476011382225	0.00123057191262939
A[Del(T):R2]C	0.00126125841467204	0.000639029908079946	0.000565121662075176	0.00627870258153557	0.00398174211642062	0.000402335257389218	0.000225691355657302	0.00178175888919936	0.000298664151193881	0.000557837464467122	0.0021263215185005	0.00117857591632111
A[Del(T):R2]G	0.00145005020282673	0.000661401842213832	0.00376447944914459	0.00471705661266114	0.00146062142872738	0.000271783897868913	0.00020925778650184	0.00135399093189831	7.76827980186036e-05	0.000784803441503281	0.000673079798196763	0.00040730197108156
A[Del(T):R3]A	0.00312526138345265	0.000849741007015143	0.00316406839448879	0.00738690649212787	0.00554199870995027	0.00082430695024632	0.00109089379175546	0.00132213216405445	0.00100899628211928	0.000618456245942231	0.00451960081561822	0.000788605944008978
A[Del(T):R3]C	0.000945004032429882	0.00110199998362756	0.000865257795933393	0.00588867421503511	0.00485481308821103	0.000993154243614438	0.000307931386803693	0.000755523240790202	0.000263577811907533	0.00163806704385148	0.0016010608633011	0.000251313982156707
A[Del(T):R3]G	0.000781841107358024	8.18622151265001e-06	0.00251380657161484	0.00436790137485813	0.00252520947107267	0.00225099330892532	0.000328297158959018	0.00137284885632251	0.000224697297692784	0.000178702431689867	0.00256303059281553	0.000563289960006413
A[Del(T):R4]A	0.00460936549594652	9.30762171986234e-06	0.00244735388465075	0.00425453447485896	0.0110194255012482	0.00237438046313396	0.0024380988329628	0.00186981614823771	0.00144395736669474	0.00096964008878872	0.00331235856916227	0.000532958962159914
A[Del(T):R4]C	0.00258553103272816	0.000430225189497011	0.00117755091547973	0.00273667339013989	0.00704813678384477	0.00111966759650453	0.00146502296123509	0.000845175448660447	0.000583403289248476	0.000633473500159692	0.00234787878089601	0.00143422289817017
A[Del(T):R4]G	0.000932601206217778	3.36420062163699e-06	0.00314721515885266	0.00459905389147241	0.00753111467718168	0.00113467986308943	0.00131052917486998	0.00080581103925472	0.000635348282082668	0.000304801071149783	0.00224806622604848	0.000186318986771352
A[Del(T):R5]A	0.00464855160956351	0.00018458247410715	0.0025313312359576	0.00305736238708471	0.00521393170389401	0.00370936499382364	0.012197000346106	0.00314289358351281	0.00268416362821381	0.00437479524885326	0.00267026359457421	0.000623951955699411
A[Del(T):R5]C	0.00218257906233341	0.000203534137609038	0.00101763085135536	0.0021422538384376	0.0030681690451171	0.00046570590982786	0.00492693448231368	0.0019374071310886	0.000550585631878079	0.000772274595499118	0.00087847941463784	0.00158587788740267
A[Del(T):R5]G	0.00246357687558685	0.000201795967287859	0.00203083927564306	0.00209264544336643	0.00318496938542731	0.00278707125365549	0.00676500953133714	0.00141165034261109	0.000631084724688898	0.000222018095588787	0.002147307255606	0.00239614882987343
A[Del(T):R6]A	0.00584308815722104	0.00019736643646937	0.00155504388853757	0.00166416402562146	0.00531179249100333	0.0023543532528309	0.0236572787150007	0.00159021759712675	0.00247370426530389	0.00530129328361841	0.00218739961479514	0.000957592932010902
A[Del(T):R6]C	0.00342740863616603	6.1116311293072e-06	0.000640209147266375	0.00147597905829716	0.00205303213760592	0.00101510276352381	0.00731986996922734	0.0002535030437521	0.000895620859129893	0.000791400616766443	0.000612180012086687	0.00194118386217595
A[Del(T):R6]G	0.00253604513887852	5.60700103606165e-06	0.00123782945914156	0.00177065381897992	0.00331816343268331	0.00175089921360147	0.0131055804901761	0.00185216448763596	0.0012468362888424	0.000533011252292591	0.00166717279326745	0.00118290891601347
A[Del(T):R7]A	0.00712045063040234	0.000649234649965579	0.000731309644460833	0.000790075470530423	0.00467876396232734	0.00104265238940413	0.0314075425496753	0.00111401144588893	0.00368066260219263	0.00948257139141892	0.00103786128729529	0.00149921789355553
A[Del(T):R7]C	0.00789229423019142	0.000207459038334281	0.000580924618170216	0.000608224848412798	0.00182425313549896	0.000431610805458252	0.0178555544398061	0.00119027412533006	0.00207568749227352	0.00218175530347787	0.0014899461859863	0.00120890691416761
A[Del(T):R7]G	0.00432079478776711	0.000216093819929816	0.000538707131616767	0.00121335914936589	0.00141946358093643	0.000430861820357487	0.0267613730603967	0.000242606460556031	0.00171696194311511	0.00151512231712702	0.000842268731004822	0.00337107376065376
A[Del(T):R8]A	0.0116434079481934	7.73766142976508e-06	0.00112036694546575	0.000251253845959631	0.00919278081320655	0.00192518479009253	0.0495546176025094	0.000666956670360157	0.00362953902867283	0.00938656513035237	0.000976934068849128	0.00294210679111042
A[Del(T):R8]C	0.0100920353053571	0.000424113558367703	0.000394132401787394	0.00105653940750042	0.003087108598318	0.000681413618848191	0.0307561664740957	0.000632095645891551	0.00412814055251127	0.0028364960133675	0.00100368059653261	0.00361805474311811
A[Del(T):R8]G	0.00469922730006819	4.7659508806524e-06	0.000499437929775091	0.000424790639993505	0.0012731545681238	0.0014160703089899	0.0313759747480078	0.000185067676225494	0.00201816858266307	0.000681794915464433	0.000393489428812128	0.00178086287355874
A[Del(T):R(9,)]A	0	0	0	0	0	0	0	0	0	0	0	0
A[Del(T):R(9,)]C	0	0	0	0	0	0	0	0	0	0	0	0
A[Del(T):R(9,)]G	0	0	0	0	0	0	0	0	0	0	0	0
C[Del(T):R1]A	0.00149605031404377	0.00431705437770531	0.00769716491779306	0.00738127454407114	0.00143736165157841	0.00241476052943608	0.000125089646155033	0.0015763321602373	9.38178202656701e-05	0.0012088455620368	0.00517055643476193	0.00110058192185868
C[Del(T):R1]C	0.00164070064629658	0.0010750303086441	0.00249119555349452	0.00710557089186521	0.00082840294204165	0.001722307521494	0.000383659537813115	0.00150531002695812	0.00126418388245834	0.000919698314647413	0.0056216674855219	0.00285544679726328
C[Del(T):R1]G	0.000824194652610713	0.0022139804290993	0.00541252934204402	0.00997395013304615	0.00191177624387541	0.000461407386640861	0.000139762272227949	0.00285994429956173	0.00033549111712264	0.000349187329280006	0.00725800633302911	0.000216649984617851
C[Del(T):R2]A	0.000694583993210904	0.000190525895205375	0.00791539425143972	0.00583581563678834	0.00219903256299369	0.00057580671964032	7.50404903881895e-05	0.00085282852246728	5.35878314629844e-05	0.00414510938377001	0.00330525359411609	0.00072794394831598
C[Del(T):R2]C	0.000433005590767659	0.000883719433293677	0.00484953449603955	0.00673213186896043	0.000500953110835114	0.000375176406344086	0.000276076743274859	0.00132375391874907	5.22774720804953e-05	0.0023363259624946	0.00363018961505026	0.00029031097938792
C[Del(T):R2]G	0.000454405852225152	0.000652038150483609	0.00872516352861832	0.00489198543013761	0.0012307623706334	0.00149376937205187	0.00017528127304506	0.00162463632486046	0.000688799210326586	0.000265189084591585	0.00238053697700594	0.00304176578403463
C[Del(T):R3]A	0.000885584944343998	0.000648842159893054	0.00404402260200072	0.00361697496729352	0.0020075154924388	0.000457271686301854	0.000157935888701224	0.00146809008657007	0.000837065396575084	0.00136729350826959	0.00382848425644516	0.000537291961852271
C[Del(T):R3]C	0.000683573550651858	0.000197534646500452	0.00233956519574804	0.00647481825122547	0.00131427384248664	0.00081681709923867	0.000249787971625056	0.000544695130489867	0.000136688085436058	0.000664347122992122	0.00478960358354093	0.000103991992616569
C[Del(T):R3]G	0.000297651750757319	0.000646543289468269	0.00552544939670462	0.00431722022777616	0.00100672790018369	0.00166411463562152	0.000205164116229036	0.000621761985812622	9.1959848006917e-05	0.000371785548054259	0.00403485772081727	0.000255646981849064
C[Del(T):R4]A	0.00101934059803663	5.99949110858597e-06	0.00449308087278875	0.00343334919601515	0.00146933902347972	0.00236529494821598	0.00231633541263036	0.00170042990170397	0.000399170671591062	0.00126220166372658	0.00337328578760843	0.000272978980618492
C[Del(T):R4]C	0.00037863831496573	0.000417665507176232	0.0036193570735545	0.00441906781451643	0.000873881013780666	0.000739736762999068	0.00238018717081121	0.00137317052667516	0.000840351073832669	0.000235154576156663	0.00364095680696386	0.000498294964621058
C[Del(T):R4]G	0.000560818692518371	6.56019121219213e-06	0.00643671693853446	0.00239293938124864	0.000809463388840753	0.00222985890325591	0.00170287375235236	0.00139562043670396	0.000546028710443453	0.000393428912514107	0.00436478642691902	0.00235281883294986
C[Del(T):R5]A	0.000913397245072151	0.000205384447950938	0.00319859633440212	0.00233839504984204	0.000502573194815639	0.000719579294417609	0.00502786862443671	0.00203110702422971	0.000288279064147587	0.000445801224910263	0.00220008707023474	0.000597953957545269
C[Del(T):R5]C	0.000481211649296477	5.27058097389795e-06	0.00230055481279328	0.00183687709936132	0.000236725128297151	0.000524517522522715	0.00552322362321064	0.00056518821254004	0.000932975880332192	0.000245831583490465	0.00227866699695199	0.000550290960929342
C[Del(T):R5]G	0.000394070299148226	3.70062068380069e-06	0.00312166335801729	0.0014543579969365	0.000941615953537843	0.000544023699712204	0.00403863272811005	0.000484998474210294	0.000641743618173323	0.00020321035909293	0.00176003125091727	0.000966258931395616
C[Del(T):R6]A	0.00149163198808696	1.08775820099596e-05	0.00171026395171556	0.000783632573036948	0.00119257467680675	0.00296764179207907	0.0097596423629838	0.000886898773985618	0.000142633596664068	0.000250461180166368	0.00167842005106255	0.000147321989540139
C[Del(T):R6]C	0.00101030457479161	3.70062068380069e-06	0.00138858583426992	0.00137397822126964	0.000555727378748093	0.000742797832541325	0.00392569871818503	0.000257899205238337	0.000796972310991465	0.00384959644095126	0.00143015740948769	0.000476629966159272
C[Del(T):R6]G	0.000754134923628834	0.000450410393226832	0.00118937781331207	0.000953114619887119	0.000533894818439117	0.000352348643055552	0.00474979158659236	0.000687851840351144	6.39924761120018e-05	0.000357318058442061	0.00110186092738304	0.000766940945547193
C[Del(T):R7]A	0.00472863457144742	0.000214692069670801	0.00112715250150086	0.000280045743678244	0.00254399473056113	0.000813756029696413	0.0232212714873001	0.000328264594880852	0.00185179205629241	0.00382019850205927	0.000294060926669799	0.000883931937240832
C[Del(T):R7]C	0.00313501771602396	5.21451096353734e-06	0.00107080500412139	0.00106808426247386	0.00182799475802541	0.000405103245805089	0.0214307305038155	0.000347417383794977	0.00193497054067638	0.00417670638108305	0.000976303125119159	0.00181985987078995
C[Del(T):R7]G	0.00266375855496354	2.091411386451e-05	0.000613183204075118	0.000981861819605281	0.000648187885922327	0.000421613482591518	0.0254574241518028	0.000433155935707961	0.000764232884031963	0.000606506099522555	0.000694092967638347	0.00157721188801796
C[Del(T):R8]A	0.00590805105458607	0.00020919720865546	0.000572042254051285	0.000213017899288739	0.0068297726073269	0.000543339843750636	0.0447709292862892	0.000583215155219884	0.00357820032152308	0.00896206005015126	0.000515192987855979	0.00315009077634355
C[Del(T):R8]C	0.00473913372301146	6.95268128471645e-06	0.000791944532966964	0.000296820264704368	0.00343291938130381	0.000159045357918976	0.0357995397559647	0.000295802695125772	0.00111263201895226	0.0110379711996263	0.000401060753571759	0.00106158492462747
C[Del(T):R8]G	0.00328179038825602	0.000225737861711842	0.000171120545230418	0.000233578979495865	0.0011200180585361	0.000586911237873402	0.043727780417335	0.000231347998213228	0.00078995113161365	0.00114212149994534	0.000199515380350711	0.0015728788883256
C[Del(T):R(9,)]A	0	0	0	0	0	0	0	0	0	0	0	0
C[Del(T):R(9,)]C	0	0	0	0	0	0	0	0	0	0	0	0
C[Del(T):R(9,)]G	0	0	0	0	0	0	0	0	0	0	0	0
G[Del(T):R1]A	0.000669852301119307	0.00229791723460915	0.00292265038897422	0.00365239493993604	0.00177912222461292	0.00122973584174739	9.64320546304344e-05	0.00148882442138473	5.66779326933316e-05	0.000456680777098635	0.00288457872024312	0.00107458392370454
G[Del(T):R1]C	0.000794491539901042	0.000659775811913375	0.00102227833832468	0.00328079492047836	0.000581494428724058	0.00193576827521204	4.84268845775287e-05	0.000704149804885486	0.000120885542435294	0.000168690928878226	0.00163329385820171	0.000684613951392409
G[Del(T):R1]G	0.00162475415545244	0.00133452231659303	0.0025530682714598	0.00545341147207897	0.00278770164934578	0.00198200996404188	0.00039556442486632	0.000733689865603982	0.000135905781327109	0.00135867088446072	0.00520405131712247	0.00111791392062811
G[Del(T):R2]A	0.00141812506447211	0.00180192192295913	0.00128596977210708	0.00426406153438351	0.00169649794160616	0.000405233504083483	1.19238832029635e-05	0.000920365893592734	0.000540943733735286	0.0113110884685254	0.00137707583916202	0.000298976978772635
G[Del(T):R2]C	0.000491131980866179	6.1116311293072e-06	0.000533590769852315	0.00435609471731063	0.00028197175946752	0.000305357969124945	6.24251473340425e-05	0.000245447882004452	0.000330973310893462	0.00157056173732097	0.00127003486375593	0.00252613882064414
G[Del(T):R2]G	0.000466805462770621	0.000654000600846231	0.00398502314878	0.00398717657787996	0.000464539794701415	0.000272467753830481	8.07621306952352e-05	0.000912511775815493	0.000225186237760877	0.000776643777362001	0.00236422845320304	0.000138655990155425
G[Del(T):R3]A	0.000828809134232277	3.53241065271884e-06	0.00145864698165733	0.00389654818925271	0.00126740712733575	0.00053790156062769	0.000387682922331814	0.000365926832003798	6.72585957668625e-05	0.000669584354231738	0.00133426767870041	0.000753941946470122
G[Del(T):R3]C	0.000353240979880638	0.000208636508551854	0.000928754696188994	0.00298093519174338	0.00053196614703373	0.000317016085041201	0.000421458076601161	0.0013579984083751	0.000238857002064755	0.00177319339682941	0.00105270218111761	0.000476629966159272
G[Del(T):R3]G	0.00047497325602412	6.72840124327398e-06	0.00200186656430242	0.00266829822030825	0.000377016686324971	0.000604235588899793	0.00036784334352478	0.000905555654439405	2.29801832003674e-05	0.000728640646828729	0.00225772240835062	0.00056762295969877
G[Del(T):R4]A	0.000605407126082549	5.1023709428161e-06	0.00160898699596761	0.00224482297861371	0.00110887033781297	0.00241065739366667	0.0018169665274126	0.00133518661919956	0.000405585565284442	0.00190643897615775	0.00409372751405701	0.000619618956007054
G[Del(T):R4]C	0.000345471929289909	3.70062068380069e-06	0.00103909031297884	0.00174345189299161	0.00038878158189783	0.00162487432925535	0.00157143179371832	0.000577813773881611	8.70313321205403e-05	0.00106168225770152	0.00262882705091688	0.00137356090247718
G[Del(T):R4]G	0.000524414130540868	5.04630093245549e-06	0.00231090756826974	0.00241659100891548	0.00134567261296633	0.00192912510301395	0.00154134189250198	0.00135963356600107	0.000489741929804596	0.000671233648047528	0.00312499571369749	0.000155987988924853
G[Del(T):R5]A	0.000901171280524985	0.000210318608862673	0.00100694050602641	0.00218351647828184	0.000544772525165497	0.00273845235124496	0.00474070952739316	0.000466328190825147	0.000719621992219164	0.00325454859320156	0.00384613696471625	0.000628284955391768
G[Del(T):R5]C	0.000377718634308052	3.81276070452192e-06	0.000675112187015806	0.00156875295094603	0.00101694985863224	0.00107834315768406	0.00310186989625933	0.000309299447005774	0.000197668690728607	0.00109238227065861	0.00222723136679146	0.000233981983387279
G[Del(T):R5]G	0.000728110533549872	0.000435159350408745	0.00160274533469485	0.0018081554413577	0.00109209089658611	0.000758819600783777	0.00447993608236317	0.00123124688649905	0.000502473929177735	0.000588277062611186	0.00225599417117723	0.000476629966159272
G[Del(T):R6]A	0.00102175234801305	5.32665098425857e-06	0.000642140911422308	0.000916992250094661	0.000331692908298386	0.000878787475184577	0.007572668830589	0.000613720226996334	0.00126666769800425	0.00377815597724623	0.000590686776763604	0.000515626963390486
G[Del(T):R6]C	0.00127304061722354	0.000222261521069484	0.000329810281892366	0.000651147699702333	0.000292309438200392	0.000792458801179007	0.00376349249501825	0.000209889905105101	0.000450528936343543	0.00139967175002169	0.00113471114984557	0.000112657992001283
G[Del(T):R6]G	0.00106513490658902	0.000223775411349221	0.000758639418519334	0.00117681534128347	0.000380372574570344	0.0006769197082436	0.0040651057624125	0.000344683185797439	0.000746200774320695	0.00193870147799295	0.00143635711744304	0.000216649984617851
G[Del(T):R7]A	0.00161558950554202	5.32665098425857e-06	0.000221496453219118	0.000277172300792155	0.000345656489273385	0.000322682320151337	0.0129534574233008	0.000657306559780612	0.000873031827984	0.0054858405811116	0.000873788485167199	0.000294643979080277
G[Del(T):R7]C	0.00246596611589683	5.94342109822535e-06	0.000468863542134295	0.000313696952588665	0.00067788942556528	0.0014695413322706	0.011304728396603	0.000252082333027889	0.000445033249978179	0.00326768507376944	0.000339145971026515	0.00220549684340972
G[Del(T):R7]G	0.00101128535311536	0.000217888060261356	0.000438795539272238	0.000277363863651227	0.00115446412983631	0.000490194466165917	0.0119440533147763	0.000494541361338955	0.00100960256780372	0.00354016577312557	0.000943864387697914	0.000502627964313415
G[Del(T):R8]A	0.00243299588588575	7.90587146084693e-06	0.000179807857434575	0.000173836909179755	0.00133429345167455	0.000541418534144326	0.0235246096050923	0.000219794671380495	0.00145504652743909	0.00451828381082704	0.00026672460376048	0.000498294964621058
G[Del(T):R8]C	0.00206740674612581	7.17696132615891e-06	0.000235367645158226	0.000295153667830437	0.000431019485675796	0.000402888855072393	0.0147153427148757	0.00104730505650783	0.00155224781297596	0.00616054642666606	0.00071978335038253	0.000324974976926777
G[Del(T):R8]G	0.00192345742919949	6.22377115002843e-06	0.000234208586664666	0.000132395477333714	0.00207424752306517	0.000443399179652901	0.0177528612542155	0.000560872468641966	0.000355322526284489	0.00645388924604298	0.000428410792649121	0.0025304718203365
G[Del(T):R(9,)]A	0	0	0	0	0	0	0	0	0	0	0	0
G[Del(T):R(9,)]C	0	0	0	0	0	0	0	0	0	0	0	0
G[Del(T):R(9,)]G	0	0	0	0	0	0	0	0	0	0	0	0
A[Ins(C):R0]A	0.00395302221036184	5.66307104642227e-06	0.000744186821834266	0.00134701255614085	0.219968098232018	0.00406233236370156	0.000311012562294406	0.000768068384543611	0.000988147877615798	0.00470419105234378	0.00215343838272114	0.000576288959083484
A[Ins(C):R0]G	0.000274251344652709	1.30643124140236e-05	0.000628536040366834	0.00025247346282906	0.00881317970719836	0.000440338110110644	7.08176462970332e-06	0.000915808896930171	0.000155874093708024	0.000834397995893895	0.00104834043968	0.00146888689570903
A[Ins(C):R0]T	0.000582894243969264	4.82202089101302e-06	0.00129558358090641	0.000507584107684686	0.151353491446844	0.00262792820202772	3.69114185943576e-05	0.0011426133014122	0.000295300243525402	0.00108002703452979	0.00140605810223648	0.00145588789663196
A[Ins(C):R1]A	0.000407727235348071	0.000451643933454766	0.000616150243778696	0.000751111584995055	0.00606590301050948	0.000427312282271252	2.40814190479477e-05	0.000464411571640598	0.000188457059845736	0.000763275816960331	0.00167012176939665	0.000138655990155425
A[Ins(C):R1]G	2.54584327511608e-05	1.6821003108185e-06	0.000224380970958754	8.84701137483655e-05	0.00022789181326048	2.45211209076553e-05	9.80201327501855e-07	0.000218601810489413	4.1657693801517e-06	8.64866529017184e-05	7.49039936817844e-05	0.000108324992308926
A[Ins(C):R1]T	0.000183235116208999	0.000690502177590992	0.000574938024786005	0.000490017793507728	0.00465851291257078	0.000413830550457482	3.04128357622184e-05	0.000898813979965084	0.000793803979350222	0.000572854718684583	0.000839072863850847	0.000489628965236343
A[Ins(C):R2]A	8.5266616499909e-05	0.00249119056032219	0.000532416707365311	0.000874069398805125	0.00025782479347208	6.9427662383959e-05	7.98218212822247e-06	0.000453153109297796	1.60176766307242e-05	7.29161476454768e-05	0.000591976096559628	0.000350972975080919
A[Ins(C):R2]G	4.65724998781182e-05	0.00158874374356807	0.000202932762330356	5.83436614448802e-05	2.7772868237567e-06	0.00014374001020769	2.1579626124847e-06	9.64608970013675e-05	8.97693965018607e-06	5.52658103185955e-06	5.18471152018211e-05	0.000108324992308926
A[Ins(C):R2]T	0.000145216289580608	0.00116143419460981	0.000472745825437966	0.000632751279802727	0.000513026593832834	0.000265564065075603	3.66948624871189e-05	0.000534790364214474	7.67831482933126e-05	5.193828770779e-05	0.000295501124314294	0.000675947952007695
A[Ins(C):R3]A	0.000343613273974743	0.00861723168229207	0.000869140079237065	0.000755715479041433	0.000648226459350434	0.000310959075095884	6.15361275253781e-05	0.000648165760592766	0.000140638721186248	3.75576030332654e-05	0.000516331429803532	0.000753941946470122
A[Ins(C):R3]G	0.000103435132988991	0.00090037222637078	0.000617234282305036	0.000158071285878079	0.000102335304769813	4.70558030698034e-05	2.24059586393108e-05	0.000120465547067985	1.30058058112718e-05	1.28181957964072e-05	0.000160122545731762	0.000207983985233137
A[Ins(C):R3]T	0.000423943842189565	0.00255707282249592	0.000417902478401273	0.000177444676358956	0.000102528171910351	0.000124168703879004	2.93205571511456e-05	0.000196299332705576	3.45778416155315e-05	0.00023553073088658	0.000379334343391948	0.000216649984617851
A[Ins(C):R4]A	0.000386725716553347	0.00140163811899469	0.00141696963886787	0.000543278653758548	0.000372079287527182	0.000428517171346396	0.000487481094699328	0.00045438617898296	9.092329506256e-05	0.000255380126634515	0.000533078870983803	9.09929935394975e-05
A[Ins(C):R4]G	2.63556037423915e-05	0.000471268437080982	0.000253511224230552	5.15112528046239e-05	0.000155528062130375	0.000103783283310355	0.000110057992851696	4.43637028031856e-05	1.00721654027142e-05	4.58040721122182e-05	6.65234150076276e-05	0
A[Ins(C):R4]T	0.000188261203159872	0.000923192720587551	0.000502487491442613	4.0936982983816e-05	0.000245365576193282	5.21684404967647e-05	0.000241429665731629	0.000460497915683338	1.04437598544648e-05	0.000121700522617808	5.40554182567134e-05	0.000251313982156707
A[Ins(C):R5]A	0.00011099516524843	0.000221812960986599	0.000716684501851157	0.000251509263105061	0.000267815311351982	0.000138431985363138	0.000369125583633431	0.000829494018968686	7.36148166520705e-05	0.000142504772680148	0.000536082711785178	0.00056762295969877
A[Ins(C):R5]G	2.22170407828432e-05	1.79424033153973e-06	6.14188471635875e-05	7.64718933417846e-05	0.000110744312097298	0.0001778025500077	6.68474509976556e-05	6.15328578759592e-05	8.84785947220954e-05	0.000212238072610941	8.5026525697378e-05	0.000268645980926135
A[Ins(C):R5]T	9.155646043843e-05	0.000674522224638217	0.000301501497261634	2.38687322404468e-05	0.000318346502173111	0.000152630137708075	0.000145335742566884	0.000134096328261593	0.000272672097174061	0.000178094797126155	3.01207050220103e-05	0.00127823490924532
A[Ins(C):R6]A	0.000723328837263276	5.60700103606165e-06	0.000410145413790653	0.000106617501931177	0.000147389068799644	7.45077352413219e-05	0.000289136596233338	0.000745015342603587	1.83450313548465e-05	0.0011512070834218	0.000752071209955305	0.000272978980618492
A[Ins(C):R6]G	3.62148376460241e-05	7.23303133651953e-06	0.000118764110107091	2.5107505395783e-05	2.00581826160206e-06	0.000378465427873533	0.000126028055953068	3.88148892199473e-05	9.28790553349317e-05	0.000100896272555467	7.41770367755154e-05	0.000415967970466274
A[Ins(C):R6]T	0.000216800244547589	0.000229830972468167	0.00011948430179241	3.80060712400052e-05	0.00027772868237567	0.000163539268523566	0.000187429310815166	6.49237995101604e-05	1.15976584151641e-05	0.000211485763151107	5.75941896117584e-05	0.000537291961852271
A[Ins(C):R7]A	0.00213447912080356	7.73766142976508e-06	0.000163513520554239	0.000229422065453989	0.000849811194641441	0.000668257532730405	0.00129893202544285	0.000544226027892251	0.000600731325261689	0.00109209292086636	0.00104085141192862	0.00235281883294986
A[Ins(C):R7]G	0.000520648584911007	5.1023709428161e-06	3.66097440037018e-05	3.83891969581504e-05	0.000419061722962399	5.06704702952346e-05	0.000177154293411178	7.23356205525053e-05	2.99231321672869e-05	0.000445569745076467	0.00010217173575089	0.00100958892831919
A[Ins(C):R7]T	0.000534887556771831	4.99023092209487e-06	3.90516439367356e-05	2.66208519824566e-05	0.000388858728754045	3.963108120135e-05	0.000356438055210205	3.29712111467784e-05	0.00032817657370397	0.000281624152791042	5.78822291406574e-05	0.00149488489386317
A[Ins(C):R8]A	0.00139096554407091	8.69085160589556e-06	0.000139807210912497	0.000448122996228549	0.000860804621652145	0.00123781185500782	0.000638209844182448	0.00033044927269261	0.000902681153713155	0.00098543858744524	0.000271113777534179	0.0014818858947861
A[Ins(C):R8]G	5.15439204961925e-05	8.13015150228939e-06	1.66694367164397e-05	2.49159425367104e-05	1.55836649555237e-05	2.53026705780188e-05	2.74874286995191e-05	5.13868388360766e-05	1.05806630735309e-05	0.000533098057230264	0.000127670092142474	0.000251313982156707
A[Ins(C):R8]T	0.000470587086733658	8.13015150228939e-06	1.30872332816512e-05	3.77314978086678e-05	0.00014438034140724	9.42092998484022e-05	0.000138514225188862	6.05276380239233e-05	2.1904515050563e-05	0.000220397736752221	4.18754610346983e-05	4.76629966159272e-05
A[Ins(C):R(9,)]A	0	0	0	0	0	0	0	0	0	0	0	0
A[Ins(C):R(9,)]G	0	0	0	0	0	0	0	0	0	0	0	0
A[Ins(C):R(9,)]T	0	0	0	0	0	0	0	0	0	0	0	0
G[Ins(C):R0]A	0.000176450059608652	0.000950891305705695	0.000318298467922349	0.00122312246974996	0.000360815846519724	0.000338476136406599	1.20283620266313e-05	9.98384357042082e-05	2.02616764217707e-05	0.000792066121288604	0.00295365334250671	0.00349673075173212
G[Ins(C):R0]G	0.000137730217653779	0.000222654011142008	0.000609323426761613	9.71159841211758e-05	8.27785767191926e-05	0.000559068530866702	3.08535464365991e-05	0.000383404254497863	0.000139993320296366	0.000525574962631921	0.000596859052382869	0.000329307976619134
G[Ins(C):R0]T	5.88820717578003e-05	0.000462689725495807	0.000986598841914516	0.000402920546916049	0.00108048029472568	0.000245960194177318	3.13037551858587e-05	0.000466006520472495	5.29815457785491e-05	0.000333620310457281	0.00126779912836495	0.000199317985848423
G[Ins(C):R1]A	0.000132263584373878	0.00207722567382976	0.000558519904959754	0.000962418189409412	0.000981848039054207	0.000308842378071983	5.02638122591067e-06	0.000310237652201008	0.000162386775415022	0.000119125309466837	0.00146861754467973	0.000810270942470763
G[Ins(C):R1]G	7.60794569230407e-05	9.58797177166542e-06	0.000600497327618097	8.5347639145482e-05	0.000184496706639282	7.33028461661781e-05	4.46979403800749e-06	0.000288524903397032	9.2507460883181e-06	1.48147093628905e-05	0.000358046850589507	0.000515626963390486
G[Ins(C):R1]T	0.000167246821698607	2.69136049730959e-06	0.000721155691897511	0.000916698520377416	0.000905318357688467	0.000617359110447981	1.63955768559467e-05	0.00112971968144342	3.95259151046319e-05	0.000278036215367217	0.000444198102066396	0.00156421288894088
G[Ins(C):R2]A	0.000129334112069179	0.00158184713229371	0.00048946777613146	0.000622240864268277	0.000217785575096254	6.13190845539375e-05	7.4863826195442e-06	0.00114529388768429	7.85042173329997e-05	0.000120890343199525	0.000407068435174509	0.000459297967389844
G[Ins(C):R2]G	3.95237586136816e-05	0.000678054635290936	0.000583193972178643	4.82546842003896e-05	0.000134466970383553	3.46487020527825e-05	1.468402376277e-05	0.000175270133400984	0.000261289572388858	8.02366973892489e-05	0.000190860478315698	0.000268645980926135
G[Ins(C):R2]T	5.41035911378401e-05	0.000239531084260554	0.000554483830723281	0.000514352662038585	3.33274418850803e-05	0.00022384885141995	1.29933664343269e-05	0.000242847713320519	3.83524589412089e-05	8.25225607479762e-05	0.000550594417574471	9.09929935394975e-05
G[Ins(C):R3]A	8.54048901652241e-05	0.00362391690962737	0.000646019443727618	0.00016930325484837	7.38295413981988e-05	3.54628162927445e-05	4.3898202475272e-05	0.000175913474106287	0.000101249709300683	1.0387657541558e-05	0.000577944456651834	0.00182852587017466
G[Ins(C):R3]G	7.86552058978645e-05	0.000718368972740219	0.00049555564647142	5.76093371517686e-05	9.68964514066225e-05	1.72266573175958e-05	7.72611402948749e-05	0.000125330811151839	1.04242022517411e-05	2.04570303116477e-05	0.000150068594556382	0.000797271943393692
G[Ins(C):R3]T	0.00011706955952239	0.00138436855580362	0.000507273765351294	0.000390488117362237	0.000166637209425402	0.000139376357881494	8.37787192767719e-05	0.000168045953397686	0.000142105541390527	9.85236042590669e-05	0.000230239596766605	0.000238314983079636
G[Ins(C):R4]A	0.000111561122576231	0.0011729846167441	0.000808992820517868	0.000198305871711962	8.37814858499936e-05	0.000626998223049131	0.000552208575384015	0.000920848399121711	1.06588934844257e-05	0.000129686576883741	0.000378264482284609	0.000346639975388562
G[Ins(C):R4]G	4.73796322035623e-05	0.000226298561815448	0.00018327002892181	9.74671826961423e-05	0.000358038559695967	6.16121656803238e-05	5.88842650191909e-05	0.000233009961701928	5.74602368022803e-05	7.75457443213801e-06	0.000263021238388921	0.000636950954776482
G[Ins(C):R4]T	7.23878716257901e-05	0.000467175326324657	0.000336261999073346	0.000292126974657089	3.39446167348041e-06	0.000204244980521666	0.000323115009305093	0.00027502815151703	3.76679428458788e-05	8.20596010803858e-05	0.000116752022380397	0.000229648983694922
G[Ins(C):R5]A	0.000193776071439301	0.000258370607741721	0.000866664420318781	0.000160842561905996	0.000297709718135475	0.000169921924164868	0.000367767358925749	0.000214513916424467	1.00917230054379e-05	0.000283504926440628	0.000344522708899297	0.00102258792739626
G[Ins(C):R5]G	7.35969622806388e-05	0.000460390855071022	0.000144529717849041	0.000113162566282825	6.68091774825916e-05	0.000135338351251282	0.000117255633994921	0.000319860956917832	4.6292845647038e-05	0.000172510346135846	0.000157255866610814	0.000489628965236343
G[Ins(C):R5]T	0.000303909438029488	6.4480511914709e-06	0.000285087128433745	5.29735159622115e-05	0.000164014216314076	0.000161064361234081	0.000443106088865136	0.00020454213549227	1.42183771801422e-05	0.000276184376696856	0.00033726685600465	0.000545957961236985
G[Ins(C):R6]A	0.000450968304592085	6.05556111894658e-06	0.000428611578722028	0.000534556158242109	0.00028282037488589	0.000227105308379798	0.000716170042788409	0.000188686467692824	4.82486059194097e-05	0.000747535188262259	0.000250210337436936	0.00243081282741229
G[Ins(C):R6]G	0.000126861264426682	1.45782026937603e-06	0.000330954336392481	8.72760385934796e-05	0.000345772209557709	9.039924520538e-05	0.000292971918869435	0.000152659388195856	1.46682020427877e-05	0.000328035859466973	0.000238565310768591	0.000259979981541421
G[Ins(C):R6]T	0.000369325744390087	0.000234092293255574	0.000165542810667559	0.000129030356442672	0.000232212037208546	0.000179854117892404	0.000412484295455582	0.000133573613938534	0.000376914119691473	0.000119414659259081	0.00025291242254137	0.000801604943086049
G[Ins(C):R7]A	0.00128581002943206	6.4480511914709e-06	0.000193330206526106	0.00013634167223061	0.000199193182748327	0.00029262522241194	0.00124999984328176	0.000377667799875578	0.000155150462407246	0.000732083909356432	0.000316267402731109	0.0011092479212434
G[Ins(C):R7]G	0.000439034965708726	2.52315046622774e-06	5.7611583827137e-05	0.000152618129823146	0.000148160537361798	9.78239670738334e-05	0.00035184098696882	0.000172763785236575	2.50141738836339e-05	0.000289697011994648	0.000169476972336958	0.000602286957237626
G[Ins(C):R7]T	0.000196586564078497	1.99609236883795e-05	1.63618548508348e-05	9.8303673847426e-05	0.000579681477602995	0.000390416624916175	0.000420373396449991	7.11159537987017e-05	0.000346267356223408	0.00027048418578965	0.000153264461710357	0.00131289890678418
G[Ins(C):R8]A	0.00153379580900817	1.10457920410415e-05	2.14857186120086e-05	9.36231546574186e-05	0.000414934366154872	7.72105945179957e-05	0.000601490286700644	0.000161652755138737	4.97936565345833e-05	0.00122270541708528	0.000238098961055135	0.00126523591016825
G[Ins(C):R8]G	0.000189087629485128	5.7752110671435e-06	1.87699957986193e-05	3.87020829613023e-05	7.8689793339773e-05	0.000222383445788019	0.000150761042937708	8.20125369947711e-05	6.80604574785349e-06	0.000268545542181615	0.000108316579034069	0.000255646981849064
G[Ins(C):R8]T	0.000172523730647029	1.10457920410415e-05	3.40440611247539e-05	3.32489269063688e-05	0.000508089195035044	0.000168717035089724	0.000177781166353185	3.40836544496982e-05	0.000260937535539831	0.000152284795657994	6.71817910736824e-05	0.000277311980310849
G[Ins(C):R(9,)]A	0	0	0	0	0	0	0	0	0	0	0	0
G[Ins(C):R(9,)]G	0	0	0	0	0	0	0	0	0	0	0	0
G[Ins(C):R(9,)]T	0	0	0	0	0	0	0	0	0	0	0	0
T[Ins(C):R0]A	0.000231849564400492	0.0047641005703105	0.000272303726019338	0.00045944436119974	0.00133321339568754	0.000649891115476862	1.32745094507422e-05	0.00146030298344963	0.000154113909462889	0.000362468484744003	0.000591674340862687	0.00146022089632432
T[Ins(C):R0]G	8.78198558082861e-05	0.000475361547837307	0.00124831725055901	0.000131418506752444	0.000450151906017231	0.000260288604800649	1.78677784621753e-05	0.000338879716518352	0.000255559194790809	0.000234952031302092	0.000897037389999761	0.000472296966466915
T[Ins(C):R0]T	0.00260530738253486	0.000441663471610576	0.00161872833871122	0.00111105819719248	0.0180054976392676	0.00066278668503786	0.000374003794891231	0.00134254482851646	0.000431714522523327	0.00220539518150421	0.00374108483367637	0.00167687088094217
T[Ins(C):R1]A	0.000223781456812685	0.00323882807847065	0.000446983968694378	0.00132182842560144	0.000734978099164723	0.00073240973483941	2.71796910734429e-05	0.0010536580459727	0.000527937927924015	0.000251416034480773	0.00096336877865479	0.000402968971389203
T[Ins(C):R1]G	7.21724219612294e-05	0.00024553057536914	0.000309363589826364	9.42042286632722e-05	7.59125065160163e-05	3.61466722543126e-05	5.41580229594533e-06	0.000211176586515707	7.52967704863102e-05	0.000181132969944716	0.000229018857810795	0.00036397197415799
T[Ins(C):R1]T	0.000585862304273587	0.00184195591035661	0.00105493828105421	0.00049473662526955	0.00187320281576768	0.000715606416926594	5.67414993265124e-05	0.00169138292303565	0.000231698919467874	0.00101330297243833	0.0038524326858479	0.000506960964005772
T[Ins(C):R2]A	0.000197181462406016	0.000468857426635475	0.000695708919016249	0.000441335285588743	0.000428512212848793	0.000312815255562997	1.36392355260917e-05	0.000270578378305351	0.000263069314236716	0.000131075455886512	0.000894486182743799	0.000580621958775841
T[Ins(C):R2]G	1.44158335257615e-05	3.53241065271884e-06	0.000210153434175348	7.94794302292245e-05	1.04533990171953e-05	7.31074587485872e-05	8.50837547651319e-06	0.000113227964133327	0.000114842243193666	0.000122539637015315	0.000143141929694763	1.73319987694281e-05
T[Ins(C):R2]T	0.000296989323430461	0.00159109868400321	0.000698169573941088	0.000595415678569476	0.000379331092011435	0.000134817318137707	4.61777404462066e-05	0.000562172552983932	0.000231327325016124	0.000513711621149919	0.00138093008238205	0.000753941946470122
T[Ins(C):R3]A	0.000175823004614781	0.00209561663722804	0.00142699605748692	0.000530252379341611	7.60282268003395e-05	0.00021958289280255	3.41759730292362e-05	0.000935819473451366	0.000133480638589368	0.000325807866066694	0.000358513200302963	0.00264746281203014
T[Ins(C):R3]G	4.86144481914928e-05	0.000256912787472345	0.000641889594532119	0.000108169161089665	0.00034847234952525	3.61466722543126e-05	1.66083337332339e-05	0.000213334458464745	1.14607551960981e-05	7.89346233241511e-05	0.000161850782905156	5.63289960006413e-05
T[Ins(C):R3]T	0.000260269626122705	0.00164986005486114	0.000798264965205308	0.000171404060869533	0.000203860567549363	0.000721109829188737	0.00010907969113917	0.00148421381299673	4.33396476357567e-05	3.67474236149824e-05	0.000889726672432944	0.00029031097938792
T[Ins(C):R4]A	0.000562950679497532	0.00113827728033088	0.00188198090568538	0.00050834397369234	0.000544271070600097	9.94521955537574e-05	0.00167781403159188	0.000311537736542974	5.43114627637619e-05	0.000158824100962707	0.000484455055272042	0.00316742277511298
T[Ins(C):R4]G	2.39213440995181e-05	0.000227419962022661	0.000254223913919149	6.64531558122872e-05	9.6819304550407e-06	1.57612516856642e-05	7.02876537187909e-05	0.000162363110500843	9.15295807469952e-06	7.69670447368922e-06	0.000237234842468438	0.000619618956007054
T[Ins(C):R4]T	0.000325267895820723	0.00113356739946058	0.000865771682708855	9.68222544039312e-05	0.000198846021895358	0.000150155230418591	0.0009302471524838	0.00104435641160853	8.45279589719045e-05	0.000176358698372691	0.000358650361983391	0.000901263936010261
T[Ins(C):R5]A	0.000272887901999369	6.05556111894658e-06	0.00112855162388952	0.000406068563233476	9.83236682466086e-05	0.000164385947333126	0.000500020453154444	0.000214567528149909	1.67804231369491e-05	0.000207724215851936	0.000562239444242817	0.000675947952007695
T[Ins(C):R5]G	5.90460707561974e-05	2.35494043514589e-06	0.000113463949422948	7.28577407339481e-05	8.33957515689163e-05	5.10612451304164e-05	8.10869648560934e-05	4.83845822113293e-05	7.76436828131562e-06	0.000101069882430814	0.000270770873333108	3.46639975388562e-05
T[Ins(C):R5]T	0.000407125905687282	1.65406530563819e-05	0.000681012507437714	0.000339704803422089	0.000661958599756787	0.000141232538348607	0.00058946762351894	0.000458943175645523	0.000610588357034442	0.000583589595976834	0.000527660984606893	0.000433299969235702
T[Ins(C):R6]A	0.000670251043782076	0.000225177161608236	0.000451241351834152	0.000141290379423319	0.000262376457988792	0.000199848763625871	0.000712121963275025	0.000393898749753118	8.1183608906149e-05	0.000560615222472664	0.000357991985917336	0.000961925931703259
T[Ins(C):R6]G	0.000104695674310003	5.94342109822535e-06	0.000113835298260691	3.01903065898428e-05	7.84583527711266e-05	0.000147973404255492	0.000212114807425411	9.709083477531e-05	4.25964587322555e-05	7.05434793490764e-05	0.000243557995936174	0.000385636972619775
T[Ins(C):R6]T	0.000302394859044292	5.4387910049798e-06	0.00034823518584177	9.85463201355846e-05	0.000330458558598939	9.81496127698182e-05	0.000377390808393045	0.000201017164544464	1.17736768396776e-05	0.000392618733095823	0.000185223133250104	0.00016032098861721
T[Ins(C):R7]A	0.00136223999401835	6.67233123291337e-06	8.63592352661094e-05	0.000117025750607455	0.000308780292002394	0.000205156788470423	0.00103621527429264	0.000521079165432703	8.90262075983594e-05	0.000844640978539331	0.000603826865748616	0.000554623960621699
T[Ins(C):R7]G	0.000387137321882657	2.47268745690319e-05	4.99407921788203e-05	4.50619698825128e-05	0.000106424088149232	0.000423762744185018	0.000302473792978281	0.000247940827237501	4.39459333201919e-05	0.000613913454204001	8.59317927882034e-05	0.000992256929549758
T[Ins(C):R7]T	0.000542405785365012	5.88735108786473e-06	0.000111989807067062	7.63250284831622e-05	0.000419331736959153	0.000309037765489574	0.000386125238051675	0.000200132571074673	2.23738975159322e-05	0.000344007967998839	0.000117218372093853	0.000316308977542063
T[Ins(C):R8]A	0.00109580593495589	1.18868421964507e-05	7.07363270923985e-05	0.000225814298274789	0.000310400375982918	0.00122934506691221	0.000581494939465596	0.00049887050816839	2.7224182991414e-05	0.00148902296586662	0.000436818803659364	0.000563289960006413
T[Ins(C):R8]G	0.000243477414953504	3.64455067344007e-06	4.12234719877749e-06	6.93138278411048e-05	4.35108269055216e-05	0.000241270896155137	0.000118119958808901	0.000116726129218412	7.48860608291121e-05	0.000250171830374124	0.000114776894182232	8.66599938471404e-06
T[Ins(C):R8]T	0.000536964877418193	4.37346080812809e-06	2.93328071832939e-05	0.000108290484233745	0.000161429796630858	0.000255534177639271	0.000119225534724804	0.00010155401091835	0.000300052740987265	0.00101333190741756	0.000185716915299645	0.000129989990770711
T[Ins(C):R(9,)]A	0	0	0	0	0	0	0	0	0	0	0	0
T[Ins(C):R(9,)]G	0	0	0	0	0	0	0	0	0	0	0	0
T[Ins(C):R(9,)]T	0	0	0	0	0	0	0	0	0	0	0	0
A[Ins(T):R0]A	0.00570926497452907	0.000870038350765686	0.00210480521232431	0.00191110132182332	0.0281219577619419	0.00443718312434967	0.000866625247715017	0.00214467006164705	0.00159144124883429	0.0074619549872417	0.00761215779189446	0.00132589790586125
A[Ins(T):R0]C	0.000144868997584002	0.000907324907655496	0.00133152939820021	0.000395449595412218	0.000275105689264344	0.000984557197240439	1.2700825728057e-05	0.00137713779435786	0.000310770307279862	0.000534544806191484	0.00137644489543205	0.00159454388678738
A[Ins(T):R0]G	0.000322344854849294	0.000439588881227233	0.00316705043818581	0.000853444464311641	0.00117907397696904	0.00181925224518867	0.000335747448894022	0.000657869482897752	0.00059721095677142	0.00157371565005643	0.00190265196622641	0.00145588789663196
A[Ins(T):R1]A	0.00266335659663413	0.00659893558935132	0.0014044525573371	0.0019601414137459	0.00607454345840562	0.00186901090753515	8.85790463205649e-05	0.00301296556690432	0.0010872658082196	0.00076452002106698	0.00698338121647597	0.00104425292585804
A[Ins(T):R1]C	0.000405009997041297	0.000671774794130546	0.000681455125244316	0.000733807073392163	0.00220420140236012	0.000209911215631801	2.3143009249913e-05	0.000502690343606126	0.000153605411792073	0.00424490612711495	0.00177935733168959	0.00184585786894409
A[Ins(T):R1]G	0.000875986179437819	0.00137035105321347	0.0094840392600344	0.00131114560349382	0.00212967753925598	0.000547833754355226	5.90495315220836e-05	0.000993773748654078	0.000646906825292385	0.00202009557455118	0.00220780927284284	0.000927261934164403
A[Ins(T):R2]A	0.00201143806833953	0.0181580485752442	0.000659421760871596	0.0020827288726951	0.00237280585661902	0.000160380505272513	0.000213995426251432	0.000811333046975237	0.000182433318206831	0.00107438471358103	0.0031490950209487	0.00161620888524917
A[Ins(T):R2]C	0.00039856258543765	0.000450578603257914	0.000562567232191311	0.000801607554646594	0.000735556700586339	0.000187506791748047	0.000126364287803781	0.000263474824684297	0.000356417752037017	0.00741536967069042	0.00123438654301267	0.000671614952315338
A[Ins(T):R2]G	0.000369136020058608	0.00346148208961266	0.0175891365025851	0.00130680989745014	0.000986168263002273	0.000306497729060892	0.000616702403426681	0.000269010235336174	0.000112377985250477	0.000543312104896476	0.000853310246279284	0.00142555689878546
A[Ins(T):R3]A	0.00190123074141674	0.00232808290018316	0.000800579331194066	0.00112829885450902	0.00104209973375848	0.000510221676468982	0.000349770406645221	0.00143231766276895	5.41550019419722e-05	0.00116055308171128	0.00186999377011648	0.000446298968312773
A[Ins(T):R3]C	0.000350034960245308	1.24475423000569e-05	0.000243038436806542	0.000733302624529938	0.000492736970648167	0.00176151526329057	0.000171136313167911	0.00011220934134993	4.50020438672726e-05	0.00323921305421264	0.000601426536341124	0.00386936872527482
A[Ins(T):R3]G	0.000931626859227302	0.000934855282742559	0.00834145515127624	0.000920402068986153	0.0002848647665756	0.000346031116553447	0.00030943588186451	0.000502489299635719	0.000297099542975984	0.000477224612347956	0.000281949550287998	0.000433299969235702
A[Ins(T):R4]A	0.00206089502118946	7.56945139868323e-06	0.000508597867772739	0.000632106351510516	0.00153761399123041	0.000677831516192358	0.000971708148945148	0.000812472296140878	0.000247149425619611	0.000162903933033347	0.000755445387293836	0.000337973976003848
A[Ins(T):R4]C	0.00178760194519405	8.57871158517433e-06	0.000279963264672571	0.000525061025860743	0.00043044088425418	0.000812453446912473	0.000817299845253945	0.00118849153545912	0.00102716529504961	0.00131596285512551	0.00105561000874269	0.00178086287355874
A[Ins(T):R4]G	0.00177572005697685	0.000906315647469005	0.0027226884173458	0.000628441115473593	0.00205935817981559	0.00114584951046171	0.00092741672616989	0.000888225664190305	0.000778294800390315	0.000326589110505753	0.000479078317399261	0.00119590791509054
A[Ins(T):R5]A	0.00650007136046614	7.17696132615891e-06	0.000395040143390765	0.00114805537070804	0.000955772401653381	0.0012618119428019	0.00303147586410189	0.000519350187287202	0.00112387764051839	0.00168673567890692	0.00112681063705291	0.000680280951700052
A[Ins(T):R5]C	0.00799370027753358	0.000219009460468568	0.000542784466835212	0.000401139012326674	0.000778218912073491	0.00253720331112636	0.00205792318901527	0.000618572088148828	0.000610490569020824	0.00146303935452311	0.00100892017272496	0.000528625962467557
A[Ins(T):R5]G	0.0066574493012612	0.000439420671196152	0.0030335599085133	0.000617522032506455	0.000897217937785844	0.00158931381925381	0.00259408761631385	0.0017699777125335	0.0010132207243076	0.00472227541435903	0.0024666470799787	0.00116124391755168
A[Ins(T):R6]A	0.0150771707416307	1.12140020721233e-05	0.000903840565075	0.00210511618549205	0.00178182236458046	0.00319731970145714	0.00537223652609081	0.000866298468484562	0.00308450775596829	0.000799704955803845	0.00151389461538905	0.0037307127351194
A[Ins(T):R6]C	0.017210241400448	0.000188955934915278	0.00126012164240119	0.00260015931133612	0.00208948402716773	0.00101406069729666	0.00389586336537544	0.00170387445506362	0.00232762853056045	0.000742124347147297	0.00365753965412762	0.00683314051484702
A[Ins(T):R6]G	0.0188599716386563	0.000858600068652121	0.00321128971285586	0.00182838447927577	0.000810080563690477	0.00269159193559275	0.00661021750542083	0.00305874998043172	0.0017247067537937	0.0032073845770658	0.00307176326552334	0.00382603872835125
A[Ins(T):R7]A	0.0231758882601378	5.83128107750412e-06	0.00105495328504766	0.00248677964047968	0.00678263587817925	0.00220530521777865	0.00901728422813931	0.00166977739768256	0.00116756932500318	0.00110682082529158	0.00140568776569932	0.0133933020490756
A[Ins(T):R7]C	0.0229942802712462	0.000626358085738447	0.000915378636033543	0.00222831664559028	0.00269389107218778	0.00348659077320044	0.00533130552220771	0.00299460355094047	0.0038362433318598	0.0009119726751945	0.00265033400240801	0.000580621958775841
A[Ins(T):R7]G	0.0222514709255067	6.50412120183152e-06	0.00273020541806131	0.00220107640703016	0.00142162369291046	0.00378130012806668	0.00752062317948262	0.00184625379490599	0.00344741863210958	0.00119588269134427	0.00177908300832873	0.00365705174034933
A[Ins(T):R8]A	0.028112338503554	0.000616321553883897	0.000855501449196341	0.00294268647421521	0.00484003946524577	0.00454168282819119	0.00856248600909825	0.00243543325458128	0.00314959545783282	0.00513697153660307	0.0024341260455492	0.00144722189724725
A[Ins(T):R8]C	0.0238877950495127	0.000643347298877714	0.000679414582135913	0.00220824085795947	0.000913534497875414	0.00294520480362571	0.00612311443410168	0.00177956080845624	0.00245768658867316	0.00180285175053441	0.00151470386930357	0.00247414282433586
A[Ins(T):R8]G	0.0260084725291179	6.61626122255275e-06	0.000650160545918201	0.00204425666516469	0.00755379585290903	0.00149126190019279	0.0068119908089181	0.000964314105523745	0.00214924363611742	0.0035749456181533	0.00409898080641741	0.00168986988001924
A[Ins(T):R(9,)]A	0	0	0	0	0	0	0	0	0	0	0	0
A[Ins(T):R(9,)]C	0	0	0	0	0	0	0	0	0	0	0	0
A[Ins(T):R(9,)]G	0	0	0	0	0	0	0	0	0	0	0	0
C[Ins(T):R0]A	0.000408695151005277	0.00136508047223957	0.00210875126260011	0.00108697236037842	0.000320005159581744	0.000348375765564537	1.10614580039599e-05	0.000508976318414191	0.00131929720693377	0.00110190187882343	0.00224484292655842	0.00406002071173853
C[Ins(T):R0]C	0.000528211832837082	0.000457979844625516	0.00160205890199478	0.000788313092226955	0.000405406729412262	0.00133436580386731	2.63989493183978e-05	0.00105404673098215	0.000133187274548512	0.00753663616861986	0.00205033394754334	0.0118507541585965
C[Ins(T):R0]G	0.000239377439993578	0.00045926945486381	0.00132904623728521	0.000122485292091025	0.000128372368742532	0.000187669614596039	1.96040265500371e-05	0.000221496843663276	7.90518302092638e-05	0.000650255788109842	0.000818814083651617	7.79939944624264e-05
C[Ins(T):R1]A	0.000434423699753798	0.014698192515932	0.00130051614375118	0.00309688819034002	0.000302647116933264	0.000921121415662601	3.71944612257487e-05	0.00128926817635856	0.000596311307046129	0.00134397191501473	0.00392776188073902	0.00122623891293704
C[Ins(T):R1]C	0.000432073047443441	0.000917417509520407	0.000972071225262227	0.00132383345019306	0.000464732661841954	0.00116411823400646	2.09926450973314e-05	0.000934385359795795	9.63016358115821e-05	0.00509735955004487	0.00239037146949264	0.00721444448777444
C[Ins(T):R1]G	0.00069117217091092	0.00739597078662748	0.0174401881086668	0.0017817772356634	0.000538215042387183	0.000952350837907543	5.80427355849209e-05	0.00156770067244115	0.00137182892784968	0.00166708882801355	0.00388034508781502	0.00425067269820224
C[Ins(T):R2]A	0.000454325460559271	0.00140085313884964	0.000553317270232999	0.000980093055873177	0.00079353256303226	0.000470785982685223	0.000155753231094054	0.000348436006578373	0.000107586372583167	0.0046425306116166	0.00209901262792727	0.000831935940932548
C[Ins(T):R2]C	0.000876690410430936	0.000453213893744863	0.000667884013174091	0.000992282839138831	0.00036598468588616	0.000338606394684993	0.000377804924457764	0.000681002942425939	0.000294381036197387	0.00925656026869716	0.00223718930479054	0.00393003072096782
C[Ins(T):R2]G	0.000453733777898388	0.000441831681641658	0.014722424752169	0.000916289852944728	0.000258827702602881	0.000247360470670053	0.00122877544515739	0.000644560372056797	0.000107997082240365	0.00925873039213899	0.000946662485978647	0.00737043247669929
C[Ins(T):R3]A	0.000697812522512681	0.00138414427576218	0.000798441262128276	0.000742414631193159	0.00112086667395447	0.000331995787056502	0.000265921401614345	0.000409687402895762	0.000583051252399449	0.00408009248545279	0.00131451639671876	0.00211883684956258
C[Ins(T):R3]C	0.00131020407652696	0.000217103080116307	0.000629515050939064	0.00102424190946078	0.000962291311003587	0.000406536086867422	0.000212082513970823	0.000465162135796785	0.00014054093317263	0.0108752698114475	0.00287202842648395	0.00215350084710144
C[Ins(T):R3]G	0.000786388059980248	0.000442672731797067	0.00858516876778777	0.000307943681387851	0.000175740538458826	0.000362313401352687	0.000427310790341535	0.00140000319525884	0.000156558609803354	0.00665759149978273	0.000711101016011432	0.00321075277203655
C[Ins(T):R4]A	0.000607079272732872	0.00115167801280706	0.000434373112204578	0.000676523393100818	0.000910255756486257	0.00134504698269561	0.000494864898110181	0.000278311869700347	0.000478828787484761	0.00382433620408836	0.000679060047463428	0.00162920788432624
C[Ins(T):R4]C	0.00105035570273347	6.4480511914709e-06	0.000577372422722316	0.000674735473082807	0.000761439470846627	0.00081574246844192	0.000456671239407172	0.000677987282869831	6.11566237170628e-05	0.00412936875507194	0.000322714001711229	0.00117857591632111
C[Ins(T):R4]G	0.000589743613902316	0.000229326342374922	0.00166827152506377	0.000440996857871048	0.000342107733887474	0.000436560620037221	0.000454211238013539	0.000584273986797362	9.10210830761786e-05	0.00384991472572273	0.00100830294516303	0.00144288889755489
C[Ins(T):R5]A	0.00292171933244214	0.000224560391494269	0.000595516001794643	0.000478683657679265	0.00170876429174441	0.0017029641671525	0.000923623195063259	0.000793654580510765	0.000696602693813349	0.00194521184831844	0.000900960214060005	0.000905596935702618
C[Ins(T):R5]C	0.00326935540537756	6.4480511914709e-06	0.000758654422512778	0.000599042602034584	0.000473103095741332	0.000385629633185198	0.000770081115801011	0.000687141484989039	0.00127934102456922	0.00455297685091709	0.000429713828613188	0.00428533669574109
C[Ins(T):R5]G	0.00222455959025641	2.36615443721802e-05	0.00133697209682207	0.000667947762443001	0.000225654554430232	0.000786206403816099	0.00083542407173785	0.000245876775807988	8.25135258913617e-05	0.00510326228580665	0.00100859098469193	0.00140822490001603
C[Ins(T):R6]A	0.00775012960824765	0.000218616970396044	0.000518553017422926	0.000883545374900584	0.00291522540266994	0.000446818459460742	0.00239101307655817	0.000996735796484744	0.00139932691727922	0.000583387051122263	0.000848537019800386	0.00045063196800513
C[Ins(T):R6]C	0.0123826671979677	0.000204935887868053	0.000879241517823332	0.000921545060711953	0.00352696139903046	0.00198301946569943	0.00262029660413467	0.00161289535698869	0.00262793552038312	0.000866197538061506	0.00122275523251237	0.00077127394523955
C[Ins(T):R6]G	0.0097479621910535	0.000210935378976639	0.00145305049210266	0.00123580393102056	0.000541223769779586	0.00286043922896087	0.00308641652843137	0.000338692075479305	0.00203291501511676	0.00120132246743846	0.00168036774692463	0.00204950885448487
C[Ins(T):R7]A	0.0107085364813312	0.000436841450719563	0.000401154270719252	0.000570844549179096	0.00446742014972508	0.00258705966718163	0.00436296539061462	0.000606536255787118	0.00134127995239523	0.000509024154515567	0.00171264189032936	0.0044759886822048
C[Ins(T):R7]C	0.00930330624006638	0.000205384447950938	0.000745803502127872	0.000934967231704307	0.00136650226414451	0.00152919962377501	0.00258856543557926	0.000744559642937331	0.00204930428619923	0.00135664543591501	0.00199337070166155	0.000987923929857401
C[Ins(T):R7]G	0.0118437375482354	0.00065758908150931	0.00118428395753778	0.000451922326266822	0.00154193421517847	0.00251444067697702	0.00449020350130726	0.00170155574793825	0.00125127586466069	0.000861307526572583	0.00233059640916207	0.00109624892216633
C[Ins(T):R8]A	0.0149550911734906	0.00111310184567896	0.000723998948655175	0.00172237997849362	0.00388411276987995	0.000654059380385468	0.00387832801953403	0.00164089408060073	0.00284649173082066	0.00424528228184487	0.00137632144991966	0.00126090291047589
C[Ins(T):R8]C	0.0131827604291473	0.000434262230242975	0.000526602659905707	0.00158211126765202	0.00299279656659459	0.00126907384182236	0.00418255705674993	0.000946407789226145	0.00125117807664707	0.00531804663658933	0.00190171926679949	0.00291177579326392
C[Ins(T):R8]G	0.0175535234607593	0.000194058305858094	0.000824188114878421	0.0021478985573516	0.00657792669521152	0.00271119580649104	0.00518585960197223	0.00136876096225756	0.00158598467767438	0.00287581865013345	0.00260475517600175	0.0039516957194296
C[Ins(T):R(9,)]A	0	0	0	0	0	0	0	0	0	0	0	0
C[Ins(T):R(9,)]C	0	0	0	0	0	0	0	0	0	0	0	0
C[Ins(T):R(9,)]G	0	0	0	0	0	0	0	0	0	0	0	0
G[Ins(T):R0]A	0.000355559475524643	0.00184655365120618	0.00133774855348281	0.00117973348217001	0.000686105565752227	0.00101738228339571	2.50274273058855e-05	0.000616561648444756	8.82634610921345e-05	0.000345252172105488	0.00245065402804079	0.00211017085017787
G[Ins(T):R0]C	6.44323123702171e-05	0.000241381394602454	0.000889016619552189	0.000240590180137922	0.00038843442104486	0.000861039784753405	1.80862341843898e-05	0.0005741547736202	0.000423637232598432	0.000273175138857519	0.000556410072824623	0.0011699099169364
G[Ins(T):R0]G	0.00132837902434931	0.00136244518175262	0.00521783752311285	0.000801052022355283	0.00104838720254004	0.00140809198943827	0.000182199670786847	0.00136487411216302	5.84772321439136e-05	0.00042676200858061	0.00150026074435449	0.00194984986156066
G[Ins(T):R1]A	0.00115383907072199	0.00312545451752149	0.00126143074082919	0.0023925562555305	0.00275105689264344	0.000925485067988797	1.61562253689986e-05	0.0046586578969321	0.00167530424931359	0.000574706557354945	0.00920513983221835	0.000281644980003206
G[Ins(T):R1]C	0.00016558432204819	0.000443569851962837	0.000566479523481871	0.00028060766139819	0.0006749964184572	0.000116060126048982	4.59326901143311e-06	0.000590948646614881	5.68735087205688e-05	0.00181402065251503	0.000903552569820096	0.00159454388678738
G[Ins(T):R1]G	0.000464599515458849	0.00135257685992915	0.00810573866327044	0.00168805829957645	0.000959321157039292	0.00114233253694507	0.000134604817568709	0.00108255476598589	0.0008951319190618	0.000265044409695463	0.00234080123818592	0.00153821489078674
G[Ins(T):R2]A	0.000156194575473302	0.00576511846527859	0.000746002305041007	0.000511440906580681	0.00102339162112623	0.00034596598741425	3.35832931567932e-05	0.000291205489669128	3.12921643579471e-05	0.000289031507472487	0.00139350780847731	0.000220982984310208
G[Ins(T):R2]C	0.000203268719346517	0.000229887042478528	0.000670288403123515	0.000805962416976178	0.000368337665000732	0.000118632727047262	0.000100297771106144	0.000171115224679236	0.000445991572511641	0.00120300069623347	0.000222942595367831	0.000710611949546552
G[Ins(T):R2]G	0.000874018191457055	0.00044923292300926	0.0140970883134041	0.000932381133106827	0.000672257705061551	0.00061309315183058	0.000667114385653898	0.000274237378566761	0.000780719943128056	0.000819004586946516	0.000927500999222842	0.00211450384987023
G[Ins(T):R3]A	0.000308864780314386	0.000699865869321215	0.000354896958930968	0.000546777868650941	0.00126578704335522	0.000186757806647282	0.000100584612967487	0.00024257965469331	4.36525692793362e-05	0.000134808068206459	0.00134129035673833	0.00123923791201411
G[Ins(T):R3]C	0.000247976132576199	0.00045562490419037	0.0003412433248968	0.000447388671935437	9.97894585147024e-05	7.89365167067151e-05	7.57110544746394e-05	0.000169453261190536	4.93242740692141e-05	0.000984367993213937	0.000287079397136009	0.00195418286125302
G[Ins(T):R3]G	0.000804537282469518	1.12140020721233e-05	0.00761236234684678	0.000589541084224583	0.000714572755695733	0.0010624190831504	0.000229615960197261	0.000370269381764593	5.79491768703732e-05	0.000922331397756833	0.000621822478220783	0.00196284886063773
G[Ins(T):R4]A	7.89253218952243e-05	0.000481753529018417	0.000227599327552522	0.000188121113037935	0.000780571891188062	5.56202848742036e-05	0.00017277948012196	0.000345313123571382	0.000108564252719353	7.74300044044825e-05	0.000490174697345894	0.00129989990770711
G[Ins(T):R4]C	0.000208326962963743	5.88735108786473e-06	6.96372845726152e-05	0.000260634040625553	0.000325791173797903	0.000324408242340056	0.00012614393246659	7.97206357321292e-05	4.03082192135806e-05	0.0010257160785256	0.00049962513712739	0.000719277948931266
G[Ins(T):R4]G	0.000361559909465993	0.000231961632861871	0.00185832335902233	0.000336346067959683	0.000141718774867807	9.33300564692432e-05	0.000819965005064962	0.000202478084062757	1.56069669735261e-05	0.000476530172846571	0.00066574164829386	0.000350972975080919
G[Ins(T):R5]A	0.00155517356079922	3.30813061127637e-06	0.000325320336854207	0.000309967862265385	0.000778373205785922	0.000302524851569878	0.0007034027305362	0.000272454788695818	0.000420038633697268	0.000156335692749409	0.000653355948551202	0.000285977979695563
G[Ins(T):R5]C	0.0017529724311992	6.67233123291337e-06	0.000189061570391248	0.000117306709467429	0.000370459203546657	0.000397711088506234	0.000498721116511011	0.000153852249086939	0.000391230284885233	0.00105456425281232	0.000661777675729488	0.00175486487540459
G[Ins(T):R5]G	0.00163368084603186	3.92490072524316e-06	0.00132495014707496	0.000349270175518448	0.00040170368031392	0.000784903821032159	0.000915718897149044	0.000656354951654018	0.000331794730207858	0.00270070415586741	0.00133509064878298	0.00487029165420929
G[Ins(T):R6]A	0.00645388474058425	0.000220186930686141	0.00042637223270049	0.000244153249316673	0.000596152331404996	0.000589125628606099	0.0024560824879385	0.000208951699909868	0.000595939712594378	0.00224943421988374	0.000314950650598999	0.00123490491232175
G[Ins(T):R6]C	0.0115387572932163	0.000436056470574515	0.000737337498827016	0.0010831474886256	0.00112534119161497	0.00057945395143535	0.00282533154654536	0.000754249962310957	0.00153589765709894	0.00328987820283455	0.00226725514514038	0.00199317985848423
G[Ins(T):R6]G	0.012546055219704	7.34517135724076e-06	0.00126064303117337	0.000781812725875758	0.0024245713971396	0.00100103486945727	0.00500821710751228	0.00193834533628384	0.00166795059068947	0.0162597511603361	0.000299094760341511	0.0124790391139882
G[Ins(T):R7]A	0.0120502958945497	0.000440261721351561	0.000570706898634757	0.000401432742043919	0.00344877306025609	0.00135559790324552	0.00418532289615466	0.00143070931100569	0.0011367465431106	0.00285359658608912	0.000778680575958356	0.00462331067174494
G[Ins(T):R7]C	0.0116195766427597	0.000918763189769062	0.000331340689223668	0.00112633852791784	0.00162266840020796	0.00142899844312049	0.00392787947617722	0.00101647831437873	8.67379680796846e-05	0.00566978024404109	0.00096727788654699	0.00527759362529085
G[Ins(T):R7]G	0.014790603393765	7.17696132615891e-06	0.00126003161844052	0.000460740603212798	0.00603816871570003	0.00107788725370968	0.0057268015609349	0.00160311121709554	0.000983493168167553	0.0171272797074419	0.00177773882386054	0.00347506575327033
G[Ins(T):R8]A	0.0146093652065365	0.000657645151519671	0.000334258965948553	0.00130892985975721	0.00297100257971372	0.000229156876264503	0.00468587904073228	0.00163190071365784	0.00152684248703786	0.00445202270840318	0.000749149666162186	0.00217516584556323
G[Ins(T):R8]C	0.0138937925571974	0.000208916858603657	0.000715908045190423	0.000965859935444083	0.00383377444619936	0.0018765333231124	0.00407897675096564	0.00148906567414922	0.00147661856324335	0.00588138174710909	0.000750919051839708	0.00271679080710785
G[Ins(T):R8]G	0.0188499966407539	7.17696132615891e-06	0.000629980174735833	0.00199642341925426	0.00141063026589975	0.00192391477187819	0.00604228771649727	0.000700825877908088	0.0010704462698772	0.017080491846036	0.00208100329928706	0.0034880647523474
G[Ins(T):R(9,)]A	0	0	0	0	0	0	0	0	0	0	0	0
G[Ins(T):R(9,)]C	0	0	0	0	0	0	0	0	0	0	0	0
G[Ins(T):R(9,)]G	0	0	0	0	0	0	0	0	0	0	0	0
Del2:U1:R1	0.00293037912269083	0.00450662708273455	0.00285488860358212	0.00656827538473836	0.00676809369578264	0.00205055838304668	0.000116043679640375	0.00373000899175859	0.0369240498686795	0.0031343237545242	0.00419591296597595	0.00131723190647653
Del3:U1:R1	0.000550348481954044	0.00478523896421646	8.85198103220656e-05	0.00436945941944526	0.000551407154800027	0.00117932588800895	0.000467639616277319	0.000475509198807075	0.00139983541495004	0.000784427286773364	0.00165156379403473	0.00390403272281368
Del4:U1:R1	0.000667530589808667	0.00527921575549349	0.000195884636409971	0.00423603588810119	0.000558658959284281	0.00108895920737317	0.000177289166074459	0.000416308450987839	0.000742680405830426	0.000184952387202336	0.00107721297341011	0.000216649984617851
Del5:U1:R1	0.000110988733915159	0.00457363074511549	0.000108028752797809	0.00379396627821933	0.000243436904787896	0.000675617125459661	8.0454393069159e-05	0.00553047837313718	0.00087745184619956	0.000164553226849138	0.000737093154452556	0.00108758292278161
Del6:U1:R1	8.47874821712589e-05	0.00248552748927577	4.60435048817049e-05	0.00328264669478273	0.000141603054583484	0.00101197656484236	1.26894280382023e-05	0.00437125883976935	0.000450509378740819	0.000129889121738312	0.00101532562320095	0.000138655990155425
Del7:U1:R1	0.000189106923484939	0.000643851928970959	0.000114750541860783	0.0026834699987468	0.000323361047827116	0.000487231090332455	1.19162847430603e-05	0.00392020999069515	0.000461950576334194	0.000276849881219017	0.000484221880415315	0.000368304973850347
Del8:U1:R1	0.000110307012588489	0.00130732836156813	8.82609914351541e-05	0.00184024222025236	0.000724640420431851	0.000737652630544765	2.49951338512973e-05	0.00480810058160144	0.000531243162784323	0.000649908568359149	0.000571086372630429	0.00114824491847461
Del9:U1:R1	0.000132540131704509	0.000421253987839312	4.27088673387448e-05	0.00187942321036134	0.00053350908415804	0.000535166136781418	1.28186018565553e-05	0.00387368841594293	0.000813146448443979	0.000513248661482329	0.000287792637874235	0.000151654989232496
Del(10,):U1:R1	0.00129230567603524	0.00488252043219213	0.00109257579860884	0.0160520033905604	0.00100221480909509	0.0084186576617382	1.03548012329702e-05	0.0157769255777039	0.00365023097235453	0.00465586963703904	0.00207979627649929	0.00545524661267749
Del2:U(2,):R1	0.00317286611232068	0.0235376296492832	0.00417008240392002	0.0164046131452554	0.00193110153135738	0.00409776261542471	0.00289810579626744	0.00585457465636492	0.0413480187199897	0.00559211875980281	0.00906590701041578	0.00566756359760298
Del3:U(2,):R1	0.000994087967950119	0.0144998168192762	0.000399391301489565	0.0115503783692124	0.00173179262832473	0.0020929248880943	0.000747101473439015	0.00201102943305171	0.00153924200716469	0.000314204939397711	0.00493205970483355	0.00331907776434548
Del4:U(2,):R1	0.000903650559500752	0.0153461936256697	0.000549423733934244	0.00976522962722928	0.00127134161700273	0.00475328740144211	0.000249647400116848	0.00184598573627878	0.00175116819027889	0.00160398163832514	0.00360218119990684	0.00555057260590935
Del5:U(2,):R1	0.000838147430141001	0.00975735927296485	0.000380047402941708	0.0081821797015678	0.00157819323759974	0.00233416321967984	6.63155588044375e-05	0.0170548950829255	0.00135371858772751	0.000723866375256704	0.00352937577993561	0.00126090291047589
Del6:U(2,):R1	0.000893916736595893	0.00765478995445209	0.000437205115967159	0.00810941135683475	0.000470557249486221	0.00161145772658077	5.28624855459721e-05	0.0146979493943912	0.000817253545015959	0.000725313124217924	0.00191780833191371	0.000944593932933831
Del7:U(2,):R1	0.00041050878698755	0.0033446882580315	0.000304119694117637	0.0066598488168037	0.000162085544908689	0.000544153957990598	4.16604560338046e-05	0.0124551832781168	0.000561616119814255	0.000680348166503213	0.00166647326869726	0.000311975977849706
Del8:U(2,):R1	0.000677917193040478	0.00406827174173525	0.000153689655846688	0.00523209890099238	0.000675227859025847	0.00297444778712515	8.21773438521904e-06	0.0120581750482881	0.000726212904337057	0.000533011252292591	0.00152515558935219	0.000272978980618492
Del9:U(2,):R1	0.000346825724943343	0.00292068683968451	0.00031887987266831	0.00457095162004646	0.000930545379670924	0.00252759676309481	9.62344946729534e-06	0.0109637452851168	0.000711935854348743	0.000612871794951923	0.000773454715934045	0.00286844579634035
Del(10,):U(2,):R1	0.00380118807884592	0.0104348532081522	0.00176509604575717	0.0385714562477007	0.00564471974900116	0.0282414601614336	3.22744584384816e-05	0.0503647580963892	0.0063813719623107	0.00712590413852957	0.0108475137936644	0.00199317985848423
Del2:U1:R3	0.00486075988215598	0.00297294408934061	0.00168373689130632	0.00631864982308084	0.00179771461696084	0.000389081477562637	0.00104667265473431	0.00175359933041099	0.0315900266474293	0.00319630248002286	0.00439098430788079	0.000827602941240191
Del2:U1:R4	0.00108203645042381	0.000829163313212797	0.00137776795499669	0.00350424022472929	0.00314188286623098	0.00124839534012732	0.000678010577154965	0.00125593508606505	0.0136529473277968	0.00215904134478672	0.00277088540333627	0.000350972975080919
Del2:U1:R(5,9)	0.00109089239633725	0.000389798712027006	0.0013688818398794	0.00262177398726814	0.00111693218428748	0.00171413381452478	0.0117787963099584	0.00191924615909515	0.0131907033874218	0.000134258303601195	0.00293350429165182	0.000896930936317904
Del2:U2:R2	0.0106209931728535	0.00821375188773707	0.010887479047814	0.0141073466412562	0.00104094253091525	0.00296669741956071	0.00347365684047383	0.00544102720923734	0.156892223390615	0.00806221113125179	0.0110021224398429	0.000597953957545269
Del2:U2:R3	0.00413485208025124	0.00272085332275928	0.0107283091833619	0.00325937819283404	0.00206444987232581	0.0018444246574883	0.00195303974735759	0.00278597352138325	0.0417018744260699	0.00145340400644139	0.00439845961946412	0.00081460394216312
Del2:U2:R4	0.00129926437863389	0.000806791379078911	0.00740447076468314	0.000776046683817673	0.00165140560414822	0.000447209234295924	0.00379493302248236	0.0030481080529315	0.0155269177055779	0.00889545172797671	0.00566782239098595	0.000420300970158631
Del2:U2:R(5,9)	0.00163320814303648	0.000960198927425558	0.00706790868574091	0.00199222180721193	0.000655632557547119	0.000846222905586097	0.0277116535524151	0.00831125155715257	0.0146084731240695	0.0995650899012698	0.0169760074045362	0.00529492562406028
Del3:U1:R4	0.000148361211549868	0.000448840432936735	7.30506930811571e-05	0.00103302825926357	0.000289609298232851	0.000367458603349246	1.15116667532195e-05	0.000447791936753604	0.0003288610897993	7.72274595499118e-05	0.000159203562472893	0.000506960964005772
Del3:U1:R(5,9)	0.000473246443040998	0.000208692578562215	4.87142157147619e-05	0.00128701506867931	0.000817872396168239	0.000614232911766527	0.000174823465835898	0.000154576007380405	0.00471676572168698	0.000238163813996	0.00120149517204601	0.000615285956314697
Del3:U3:R2	0.0110026606457897	0.00924067412749176	0.001242311902183	0.00872149938957218	0.000563249197229101	0.00621045419726529	0.00324878041964113	0.00502856539954996	0.0162223469432279	0.00691904797205437	0.0154161087615315	0.00216649984617851
Del3:U3:R3	0.00337123094004847	0.000199889586935598	0.000434376863202939	0.00121430419280398	0.00129471711443602	0.00113197700381276	0.00124026051730095	0.00141072554034722	0.00299864988001117	0.00180878342127542	0.00502564511938964	0.000714944949238909
Del3:U3:R4	0.00104957751140775	0.000222541871121287	8.67230821071298e-05	0.00019065612820633	0.00048162782335314	0.000227984551758957	0.000454163747639144	0.000526694993672744	0.000451937083739651	0.000837899128380047	0.00110801948683426	7.79939944624264e-05
Del3:U3:R(5,9)	0.000802672195821081	0.000683549496306276	0.000102057163407041	0.000642584839901788	0.000272559843009233	0.000411485901446391	0.0011794196488567	0.000650216409090919	0.00043662348080698	0.0035653392050508	0.00172788055302492	0.00186752286740588
Del4:U1:R(5,9)	0.000235004133369658	0.000210486818893754	2.02516401512281e-05	0.000678994553982854	0.000472215906894854	0.00121557025397206	1.8179315318203e-05	0.00135200729805696	0.00412573496737626	0.000299737449785514	0.00056757503361147	0.00122623891293704
Del4:U2:R3	9.53413000681024e-05	0.000268519279616992	4.11747090090815e-05	0.000275077880199627	4.65967011541401e-05	0.000631492133653721	1.72257086003621e-05	0.000313132685374871	0.000909096047406534	5.82171781994839e-05	0.000819760499246571	0.00127390190955296
Del4:U2:R4	0.00054258907836322	0.000217551640199192	8.13704074459328e-05	0.000170261069143733	0.000371462112677458	0.000728795067613979	0.000103268768928262	0.000481580726713372	0.00253224017025597	0.000360500906156744	0.00118798474652384	0.00029031097938792
Del4:U2:R(5,9)	0.00136702490597158	0.000409086795591058	5.85418314206736e-05	0.000504902227657669	0.000502766061956177	0.000317276601597989	0.00107835633291532	0.00161194374886209	0.00650972850898645	0.00178117945109534	0.00343194983832753	0.00194118386217595
Del4:U4:R2	0.00641122570700121	0.00296739315831491	0.00116420861430952	0.00439496920684509	0.00168099142350685	0.00414012912047233	0.00129556970693572	0.00520469332055802	0.0253580356547223	0.00164113415164927	0.0175378079314016	0.000983590930165044
Del4:U4:R3	0.00155862718676546	0.000182563953734167	0.000373194328936097	0.000522800584123687	0.00028860638910205	0.00052611318643304	0.000346693030384459	0.00310919861407256	0.00640902641256204	0.00140421454175992	0.00492487243277912	0.00024698098246435
Del4:U4:R4	0.000541055205378213	0.000214131369567194	0.000104652854272877	0.000267306813549915	0.000278731591506471	0.000491529613519455	0.000316794990280677	0.00201183360893334	0.00388814920948854	0.000384777353726012	0.00245608563058574	0.000142988989847782
Del4:U4:R(5,9)	0.000459425507842755	0.000228148872157349	7.27656172057185e-05	0.000312343241717885	0.000390363092450247	0.000195192030173288	0.00103048793514067	0.00121726762909007	0.00323222632934052	0.00174041006536817	0.00205780925912667	0.000498294964621058
Del5:U1:R(5,9)	2.67125427389027e-05	1.01486718752716e-05	3.33838854132117e-07	0.000106196063641217	0.000264035115397425	0.000120326084666383	2.58917521198649e-06	0.000133560211007173	0.000348438250125741	6.94439501385494e-05	0.000124611386668927	8.66599938471404e-06
Del5:U5:R2	0.000726866070562035	0.000854114467823271	0.000518875603281975	0.0010802357331677	0.00028162459861455	0.002510630622334	0.000158564661258207	0.00226116834103233	0.0109152349833255	0.000154715333912843	0.00437859860813813	0.000537291961852271
Del5:U5:R3	0.000384670905573432	5.21451096353734e-06	0.000137384065971269	0.000270895424443209	0.000251151590409442	0.000351176318550007	7.41305748147914e-05	0.00034973609092034	0.00191396567535111	0.000533503146939405	0.000934071043715348	8.66599938471404e-05
Del5:U5:R4	0.000141135608620494	4.03704074596439e-06	8.90186931040832e-05	5.20603996672987e-05	0.000114524508051856	4.24316341868192e-05	2.17087999432e-05	0.000265445055594287	0.00055559237817535	0.000197770582998744	0.000319943335766582	3.89969972312132e-05
Del5:U5:R(5,9)	5.98210464152891e-05	1.96245036262158e-06	1.86462128527051e-05	2.55034019711997e-05	0.000112518689790254	4.44832020715235e-05	6.06699030964229e-05	9.53618566298082e-05	0.000501320030617036	0.000751962240083592	0.000360172856636143	0.000121323991385997
Del(6,):U1:R(7,9)	3.06967536999597e-05	1.51389027973665e-06	2.06304909856926e-07	3.23038834682772e-05	0.000381606924269791	0.000113357266772308	1.1910585898133e-06	0.000201124387995348	5.30011033812729e-06	7.17298134972766e-05	2.0917156265285e-05	1.73319987694281e-05
Del(6,):U2:R(4,9)	7.42626052741325e-05	0.00045018611318539	6.33393583244374e-05	0.000211051187268926	0.000305231536616482	0.000171289636088004	9.8041028514919e-05	0.0010759739266879	0.000428585306087533	0.000112817483995918	0.00110083221477983	0.000784272944316621
Del(6,):U3:R(3,9)	0.000179967998907599	1.20550522275326e-05	4.63323317555046e-05	0.000199110435720067	0.000214699700847636	0.000430861820357487	8.96181357123159e-05	0.00047678247728632	0.00014312253673216	0.000189813463712035	0.000533654950041601	6.06619956929983e-05
Del(6,):U(4,):R(2,9)	0.00468454135054506	0.002044144367717	0.000471826830839513	0.000857199096349465	0.00106447232206097	0.00612347423186775	0.000206852873942504	0.00209198313846901	0.00328364326690118	0.000237266829640044	0.00731649207356365	0.000636950954776482
Ins(2,4):M	0.0169994480211751	0.0208741920171332	0.00757467606631346	0.00560279218958378	0.0396728865290866	0.00815680595759683	0.00221397845889047	0.0173774232231841	0.00429823302339944	0.0159374154917763	0.0302367438036525	0.0460424547309857
Ins(5,):M	0.0205533127477717	0.00367998691998798	0.00634210175587572	0.0109501863900233	0.0219211634733397	0.0178224261184	0.00360941092510288	0.0846879899441559	0.00806471438634374	0.0165959466839443	0.0626946838601576	0.0446905588269703
Ins2:U1:R0	0.000508827794359881	0.00135078261959761	0.000650618167718247	0.000737184965140476	0.000630328388708447	0.00253225349654739	5.32936981454739e-05	0.00251743238864469	0.000765308552181767	0.00188771804459957	0.00327802700055112	0.00513027163575071
Ins3:U1:R0	6.76865670050756e-05	2.91564053875206e-06	4.33915490404532e-05	0.000172489583737611	0.000186078217191699	0.000208022470595089	1.36829266705346e-05	0.000253382417369856	0.000106725838063323	0.000255727346385208	0.000394202669550354	0.000680280951700052
Ins4:U1:R0	1.51200645188781e-05	9.53190176130481e-07	3.45091849215222e-07	9.80737984165389e-05	0.000135045571805169	8.58402054615928e-05	6.19654405099041e-06	0.000292827244363746	0.000487473247888644	0.000299505969951719	3.973573882002e-05	1.29989990770711e-05
Ins2:U2:R0	0.00248340467605971	0.00759714998380137	0.00104603716194348	0.00109248298529108	0.00195702287504578	0.00281084338946239	0.00023100267912958	0.0084605602125083	0.000306154713037065	0.0020190539152991	0.00951865028517285	0.00660782453084446
Ins3:U3:R0	0.000948637735727699	0.00693703775182584	0.000139409605086228	0.00122939296067027	0.000994345829761112	0.00388159900243	5.99385513307481e-05	0.00399676753462621	0.000854295644574679	0.000522363179938013	0.0043534705882837	0.00326708176803719
Ins4:U2:R0	3.08929093647091e-05	0.00071208913157983	1.25658445094673e-06	3.19526848933108e-05	0.000134968424948954	6.79296921824289e-05	9.68803637647182e-07	8.67169659022993e-05	1.93229114910323e-05	7.29740176039256e-05	0.000362449740531249	2.59979981541421e-05
Ins4:U4:R0	0.00094012586614423	0.0034305314438936	0.000258267490152345	0.000903512610244585	0.000214082525997912	0.00358744324524693	7.07036693984865e-06	0.00251854483194761	8.86741707493325e-05	0.00038489309364291	0.003729110618975	0.00250880682187472
Ins(5,):R0	0.00466071969211124	0.00307067411739916	0.000858209670013009	0.00609070917707035	0.00187285565491471	0.00772666055777051	0.000320347270285383	0.247066178742779	0.00175550997808355	0.0013749034078056	0.0142258334149445	0.00338407275973083
Ins2:U1:R1	0.00129531875567246	0.00526205833232314	0.00311474651703954	0.00117679618499757	0.000577559939057069	0.00047019982043245	3.69589089687521e-05	0.00148893164483561	0.00129428303305014	0.00300064415050749	0.0048132091087426	0.0108584972290467
Ins2:U1:R2	0.000592560537874782	0.00584002799912037	0.00110841251368913	0.0017180187307354	0.00043877274472545	0.00038387114642688	2.71568956937336e-05	0.00077364400398957	0.000179714811428235	0.00079657997804761	0.00187718104217091	0.000641283954468839
Ins2:U1:R3	0.000499084324455117	0.00369641543302364	0.00178199804437199	0.00122462304547936	0.000929581043968231	0.000376674376545616	4.10164865570156e-05	0.00139293985043186	0.00138663403311153	0.00138546467522251	0.00247033672918222	0.00124790391139882
Ins2:U1:R4	0.000206600149980621	0.00295853409667793	0.000560736744991126	0.000545079344633831	0.000924952232595303	0.000293667288639091	2.28523681586188e-05	0.000934184315825388	1.07957967034917e-05	0.000803061413393875	0.000596872768550912	0.000242647982771993
Ins2:U1:R(5,9)	0.00184414622730803	0.000224896811556433	0.00094494025411686	0.000130390452742088	0.000455359318811775	0.00135348120622162	0.00229939274666139	0.000810555676956329	0.000555338129339942	0.00478905734640893	0.00144232365054167	0.00121757291355232
Ins2:U2:R1	0.00253613196187767	0.0462334802330225	0.000336850905816028	0.00421759477020113	0.00336329434356936	0.000794901143898893	0.000208256689409604	0.00564089172168481	0.00250992494554821	0.000866081798144608	0.00580955155537231	0.00173753287663517
Ins2:U2:R2	0.00210665395740886	0.0325014861356246	0.00017786859128192	0.00185758504442707	0.000463421165286291	0.000890999188784007	0.000402524614137574	0.00102138378725666	0.00063630660461613	0.000190450033254972	0.00296130696427459	0.000935927933549117
Ins2:U2:R3	0.000909557739109679	0.00945245055662381	0.00073246120095767	0.000995220136311278	0.00058758903036508	0.00028640538961863	0.000715681841739634	0.00277551923492208	0.000436017195122545	0.000559428888324464	0.00215726519360508	0.000563289960006413
Ins2:U2:R4	0.00460239393068133	0.0016023687560857	0.000328917544282439	0.000547518578372689	0.000460489584750103	0.000567958658367087	0.00325277341032022	0.00156046308950649	0.00102757600470681	0.00212403001992521	0.00154313748565632	0.00155987988924853
Ins2:U2:R(5,9)	0.039890736921428	0.00331082197177368	0.00135538949877476	0.00263427665653695	0.00148353404502337	0.00370428492096628	0.0229316048984885	0.00697299566667146	0.0053154630562654	0.0159701409532791	0.0063452227821162	0.00456264867605194
Ins3:U1:R1	0.000231978191065901	0.000704015050087901	8.63292272792211e-05	0.000190247460773641	0.000204477742399087	0.000776925501480532	8.07906249198719e-06	0.000138438878022388	4.68600161260257e-05	0.000340969795180277	0.000489804360808738	0.000103991992616569
Ins3:U1:R2	5.01290271766888e-05	0.000727956944511884	5.81779845796532e-05	4.7596985050907e-05	6.60762823485447e-05	6.81250796000198e-05	7.82831331518439e-06	0.000139511112531226	1.699555676691e-05	6.41777839197094e-05	0.000138162960695223	0.00061095295662234
Ins3:U1:R3	0.000151805190516205	0.000912651558639755	3.75324896005165e-05	0.000321499946381556	7.54110519506158e-05	4.07057119980998e-05	1.54628659028393e-06	0.000158771124896235	4.89331220147397e-05	0.000209604989501521	0.000274131334503597	0.00141255789970839
Ins3:U1:R4	4.02569306065153e-05	0.000927902601457843	0.000112604970798271	5.86565474480322e-05	0.000342493468168551	0.000270448750515375	6.17374867128106e-07	3.48476215372455e-05	3.87240533929595e-06	4.62959667590329e-07	5.74158794272018e-05	0.000346639975388562
Ins3:U1:R(5,9)	0.00022896189576205	0.000244240965130846	0.000117154931810207	9.02516483377408e-05	0.000976640626259663	0.00087292585265685	4.8810606802636e-05	0.000518653234856457	3.85871501738935e-05	0.000564174224917265	0.00053516372852631	0.000121323991385997
Ins3:U3:R1	0.00275396121974853	0.0782437930778881	0.000218844497377866	0.00328712288025639	0.000972899003733214	0.000392403063661682	3.12771605761978e-05	0.00249389684117569	0.000165985374316186	0.000592704114432519	0.00399471049695597	0.00318042177419005
Ins3:U3:R2	0.000525410987197791	0.0136142470756406	7.31632230319882e-05	0.000486850620904394	0.000620607884825298	0.000908258410671201	5.48798766502492e-05	0.000327500627793305	1.53918333435652e-05	0.000345049627250917	0.00100270674860157	0.000918595934779689
Ins3:U3:R3	5.05277698394581e-05	0.000676821095063002	1.59454940327599e-05	7.81257193584447e-05	0.000322551005836854	0.000194280222224531	5.66750128023601e-05	0.000179867338857628	8.42932677392199e-06	6.97043649515689e-05	0.000158558902574881	0.000225315984002565
Ins3:U3:R4	0.000166532943705585	8.57871158517433e-06	4.49482133602827e-05	5.61598448514525e-05	0.000900766693171755	0.000141558184044592	0.000183196968649131	3.31052404603832e-05	4.95980805073461e-05	0.000215102635554157	6.86494210542631e-05	0.000199317985848423
Ins3:U3:R(5,9)	0.00268381788343414	0.000450802883299357	6.96260315775321e-05	0.000304240132779114	0.00198483431671145	0.000350134252322855	0.00152878733712706	0.000191836156562536	0.000820108955013622	0.00207275723673958	0.000286942235455581	0.00122623891293704
Ins4:U1:R1	2.77383403955429e-05	1.28961023829418e-06	9.13368100912029e-06	3.50687740675585e-05	9.64335702693297e-06	2.17205679221861e-05	1.8179315318203e-06	0.00010855034108852	2.58160355953063e-06	0.000161775468843596	0.000122142476421221	4.33299969235702e-06
Ins4:U1:R2	1.76604411607143e-05	7.17696132615891e-06	1.55666431982954e-06	0.000141826755428722	2.08296511781752e-06	3.1424809662533e-05	1.10557591590325e-06	4.22326367168694e-05	1.56656397816973e-05	0.000785353206108544	5.77450674602293e-05	0.000389969972312132
Ins4:U1:R3	6.82911123324999e-05	2.41101044550651e-06	0.000118148946375881	0.000211115041555284	0.000262453604845008	6.44778478049901e-05	6.1528529065475e-06	0.000391915115911767	3.42062471637809e-05	0.00132099754151056	0.000984697419961359	0.00409035170958503
Ins4:U1:R4	4.57878772191207e-05	1.13261420928445e-05	1.64218708246113e-05	3.61926095074512e-05	0.000152287894169325	0.00011267341081074	1.28603933860224e-06	0.00011892420996153	2.44470034046462e-06	6.90967303878566e-05	7.81272931718447e-05	2.59979981541421e-05
Ins4:U1:R(5,9)	0.00023721008068143	1.2279332268975e-05	9.34148631832163e-05	0.000241522452718742	0.000225384540433477	0.000237265454094524	6.57076820121883e-06	0.000222180393162661	8.50755718481686e-06	0.000277139231011261	0.000374286793552194	0.000996589929242115
Ins4:U2:R1	1.38112881983372e-05	4.82202089101302e-06	4.17786197452081e-05	0.000104076101334147	0.000302762837217588	0.0001114033925964	7.9973790480287e-07	0.000113455813966455	1.40814739610762e-05	0.000110849905408659	0.000214616881365845	8.66599938471404e-05
Ins4:U2:R2	6.75257836733138e-05	0.00462925219539322	2.09230688578534e-05	0.000341684286299173	8.53244229743029e-05	0.000155788900959128	6.35421209398005e-06	0.00030273201063914	9.81009352621641e-05	5.94035123476841e-05	0.000456762111993609	0.000649949953853553
Ins4:U2:R3	6.62748893522071e-05	0.00216974119092478	1.92351195953876e-05	0.000135613733366134	0.000398540659209086	0.000233781045147487	2.64122466232283e-05	0.000207933077126472	1.3475188276641e-05	0.000133477059162137	0.000342424135188747	2.59979981541421e-05
Ins4:U2:R4	4.87623688567137e-05	0.00136872502291301	1.93964125249121e-05	0.000186013921588137	2.35297911457164e-05	0.000219159553397769	2.78882474594084e-05	0.000273728067175063	6.31710567976057e-06	7.77482891759509e-05	0.000334249299035232	4.33299969235702e-05
Ins4:U2:R(5,9)	0.000383857341914717	0.0007166868724294	3.82001673087807e-05	7.07888618559639e-05	0.000283977577729122	0.000126187707194109	0.000696604008537888	0.000578537532175077	2.98840169618395e-05	0.000325142361544533	0.000773729039294901	0.000710611949546552
Ins4:U4:R1	0.00346942453642202	0.12209513892074	0.000353786663416101	0.00215612937486309	0.000960864094163601	0.000820399201894503	3.13892378597687e-05	0.00127140206885504	0.00170917801723107	9.27076734349634e-05	0.00547077592088295	0.00103558692647333
Ins4:U4:R2	0.000234631116039971	0.00319240210989206	2.83650496061469e-05	9.25631735038835e-05	0.000475070340574826	0.000552653310655801	2.56865937024808e-05	0.000167402612692383	0.000315796611179857	5.24591173338292e-05	0.000952546722069013	0.000155987988924853
Ins4:U4:R3	0.000207860691301634	1.6821003108185e-06	4.96782222935479e-05	9.53025223886218e-05	0.00182436885578329	0.000359903623202399	6.93245489260711e-05	0.000182226254777073	0.000116152602576155	0.000153037105117828	0.000195770866475024	0.00119157491539818
Ins4:U4:R4	0.000722229079274026	6.33591117074967e-06	3.88640940186839e-05	0.000178274782081603	0.001022234418283	0.000258302166055142	0.000177925537091344	0.00022047822087988	8.68748712987506e-05	0.000372103832825727	0.000391651462294391	0.000433299969235702
Ins4:U4:R(5,9)	0.00213653714745011	5.21451096353734e-06	2.01503631954802e-05	0.00011447796458179	0.000758585037166655	0.00094020425344731	0.000447678462111835	0.000541465024031992	5.38616379011164e-05	0.000621378678843895	0.000190695884299185	0.000251313982156707
Ins(5,):U1:R1	3.85847839561928e-05	0.000243231704944354	7.42697675484935e-06	7.32344810234575e-05	0.000492621250363844	9.23856839508873e-05	1.30503548836003e-06	0.00143269294484704	0.000150417522548107	6.72448917174953e-05	0.000179064573798882	1.73319987694281e-05
Ins(5,):U1:R2	0.000122545839802196	0.000234204433276295	3.33838854132117e-07	2.19403327924492e-05	3.42532041596659e-05	3.40951043696084e-05	2.77343786463703e-06	0.000106164619306354	5.3822522695669e-05	0.000121092888054095	0.000172864865843532	0.000177652987386638
Ins(5,):U1:R3	1.14284792216276e-05	2.35494043514589e-06	6.15163731209744e-07	4.09305975551803e-05	3.39446167348041e-05	8.46678809560476e-05	7.82641370020861e-07	0.000214420095904943	0.000199859142233663	7.90792982202731e-05	0.000140714167951186	0.000645616954161196
Ins(5,):U1:R4	2.73588917325851e-05	2.85957052839144e-06	3.32901104541858e-05	2.49542551085249e-05	0.000224458778158892	5.88116126948546e-05	8.52927124124676e-07	7.37563312767161e-05	1.16954464287827e-05	9.63534808172372e-05	0.000267492709170877	0.000957592932010902
Ins(5,):U1:R(5,9)	0.000180070900239927	6.1116311293072e-06	2.02253831627009e-05	0.000196652045695302	0.000425927793165575	0.000371789691105844	3.06977780085852e-06	0.000139645141844831	0.000152607974053163	0.000102082606703668	0.000468750042863025	0.000580621958775841
Ins(5,):U2:R1	2.56867450822625e-05	1.45782026937603e-06	1.3709899009583e-05	4.03878361211412e-05	4.08878337941958e-06	2.37721358068903e-05	1.09417822604858e-06	0.000138760548375039	6.43445129610287e-06	0.000200664080921183	0.000140220385901645	0.00024698098246435
Ins(5,):U2:R2	1.08078555610271e-05	7.84980145048631e-07	4.10359220697232e-06	1.2100387264753e-05	3.6259022421268e-06	1.33189089657783e-05	7.80361832049926e-06	0.000140221467893332	7.23631300777526e-06	7.72853295083606e-05	6.83888138614497e-05	2.59979981541421e-05
Ins(5,):U2:R3	4.3745928905746e-05	3.25206060091576e-06	1.65794127557748e-06	6.38287446429925e-05	1.58536789522778e-05	7.73734173659881e-05	3.00348123820384e-05	8.21331633770155e-05	1.00917230054379e-05	8.57632784211085e-05	9.58485822831549e-05	2.16649984617851e-05
Ins(5,):U2:R4	2.16800244547589e-05	1.90638035226096e-06	2.10055908217961e-07	5.22072645259211e-05	3.30574278883262e-05	0.000131137521773078	2.86480934497199e-05	6.91993346141532e-05	0.000241262587199772	5.87958777839718e-05	7.23390702577789e-05	0.000311975977849706
Ins(5,):U2:R(5,9)	0.000225929522125023	5.66307104642227e-06	6.61676110886578e-06	0.000412230501866978	0.000854710020011123	0.000376967457672003	0.000265815023175702	0.00103634145865496	0.000467544050713177	0.000150577631883755	0.00243586799889064	0.000463630967082201
Ins(5,):U(3,):R1	0.0101003542349424	0.00464635354855321	0.00188193214270669	0.0118994186692999	0.0255509230582773	0.00447915885456211	4.28743100033273e-05	0.00850954792663085	0.00347444723907376	0.000164003462243874	0.0204998692849186	0.00295510579018749
Ins(5,):U(3,):R2	0.000437076624727867	0.0004893229804171	0.000110189327853765	0.000146967025480504	0.00054319101461308	0.000334926598320365	5.85537320134054e-05	0.00070480654852215	0.000335608462738982	6.3859499148241e-05	0.000887820125074993	0.000866599938471404
Ins(5,):U(3,):R3	0.000335316854055835	3.70062068380069e-06	8.35722434838604e-06	0.000213222233005083	0.000420218925805631	0.000113585218759498	8.15504709101834e-06	0.000286635090075204	0.000287751008874047	3.34777709626257e-05	0.000230664797975933	0.000428966969543345
Ins(5,):U(3,):R4	0.00021177094193008	1.03168819063534e-05	3.4700485837935e-05	6.69639901031475e-05	0.00018094795125337	0.000114138816442672	4.70002737307188e-05	0.000252873105978158	0.000146466886797916	5.68572341759373e-05	0.000434267596403401	0.000753941946470122
Ins(5,):U(3,):R(5,9)	0.000587875311587244	9.02727166805926e-06	3.37814912394814e-05	0.000186646079023076	0.000737871106272803	0.000529402207962487	0.000102279069525882	0.000805006863373091	7.27151669267795e-05	0.000115710981918358	0.000884816284273618	0.000372637973542704
Del2:M1	0.00858700041873446	0.0122068898155891	0.00805251949852408	0.0131120818069445	0.00129626005156033	0.00392142547104894	0.0029561067403229	0.007647551799113	0.188156068339818	0.00751154954163231	0.0113662867013795	0.0125440341093736
Del3:M1	0.0013727584395822	0.0143863311183063	0.000309202296896839	0.0125698822906254	0.00200867269528203	0.00129955427896653	0.000538964459772885	0.00203865287458566	0.0014046661428228	0.00060963107727879	0.00456371201204389	0.00175919787509695
Del3:M2	0.00803373211147562	0.00719681010982657	0.000734062877257832	0.0100200082297958	0.000748941680139722	0.00524859450503499	0.00248473817984812	0.00462862192775327	0.0173754631998182	0.0053869118871434	0.0111134154273423	0.00382170572865889
Del4:M1	0.00227376572110879	0.0239757046402307	0.00045804566286107	0.0114346616314752	0.0011259969398928	0.00487403682551327	0.00108295720038666	0.0024041240069232	0.00676585487425625	0.00529472504333447	0.00808008486467491	0.00182419287048231
Del4:M2	0.003633291692487	0.0149888594496414	0.00071521035949527	0.00691249468620593	0.0012018322995526	0.00777540971845943	0.000721156532099829	0.00416049774412582	0.0155922792138806	0.00221812657236294	0.0107517200760534	0.00072794394831598
Del4:M3	0.00455121016484829	0.00348682573429566	0.000683394391396971	0.00353202961015209	0.000968810220353794	0.00431125593371234	0.000833577645981393	0.00450993897055623	0.0215559203396154	0.000470598502105569	0.0133207720666397	0.000554623960621699
Del5:M1	0.00154881618786135	0.0077161305457866	0.000199969473625138	0.00954223768841149	0.000871142300385017	0.00408656040348283	4.5907995119646e-05	0.00586327315881787	0.000720423853930837	0.000765937835048975	0.00251027821052288	0.00127390190955296
Del5:M2	0.00128642422175939	0.00411346417008591	0.00031641546674511	0.0059196052313467	0.000715845678823288	0.00969359312608829	7.1841538768978e-05	0.00247851027597386	0.00544544288396723	0.000350257923511308	0.00223253952382402	0.000467963966774558
Del5:M3	0.000931855171558404	0.00197041230409279	0.00010908278333726	0.00333765077705111	0.000694823160504574	0.00584322354590323	0.000343269924198106	0.00166346461701177	0.0086181749858222	0.000335906173816008	0.00148053689470893	0.000251313982156707
Del5:M4	0.000573305126062991	0.00153648649391197	0.00015547138006818	0.00188940363531903	0.000334470195122143	0.00433274854964734	0.000100844860219169	0.00253923895796819	0.00663421265032291	0.00017734248766632	0.00268806718069378	0.000125656991078354
Del6:M1	0.00131188587017719	0.00850789516208887	0.00024813979457755	0.00826102058893345	0.000675189285597739	0.00169749331945996	0.000565285524877276	0.00923742092002439	0.00122590965392802	0.00253496459487007	0.00445507996114484	0.00101392192801154
Del6:M2	0.00068039968768288	0.00787464046507606	0.000154139775650012	0.00578631579400398	0.000370729217543411	0.00954519638242802	4.7325107891577e-05	0.002899737602771	0.00095885058873567	0.000924819805970131	0.0022360234305069	0.000948926932626188
Del6:M3	0.000404926389708781	0.00389994957063268	6.89771088610731e-05	0.00245094461497583	0.000401317946032842	0.0104286731556348	7.6641865812771e-05	0.00131037779325131	0.00121636554379885	0.00023553073088658	0.00114850961489664	0.000307642978157349
Del6:M4	0.000769132792815573	0.00203270608560343	7.20079155367894e-05	0.00122708143550412	0.00124831328042242	0.00447824704661335	0.000147757751661001	0.00153204887502228	0.000565449409948104	0.00017832627695995	0.00234594480120198	0.000480962965851629
Del6:M5	0.000288387415181205	0.000441214911527691	4.71538003965713e-05	0.000571463935756764	0.000192288539117043	0.00069600254602831	2.80687108821074e-05	0.00045524396659003	0.000773855224572031	1.02719176246604e-05	0.000365837634037823	0.000472296966466915
Del(7,):M1	0.0106210671331861	0.0381153277129503	0.00344177355814802	0.076122782801982	0.00615242320975513	0.0726895250623603	0.000500221812341877	0.032362584033699	0.00962658453985977	0.0135443191000434	0.01211551866455	0.00217949884525558
Del(7,):M2	0.00741751391416541	0.0418645610957336	0.00228911801879048	0.0528135354331713	0.00658903584250654	0.15658676547886	5.49862550888928e-05	0.0137700108445798	0.00817294615981679	0.00553306246720582	0.0105721068555328	0.0045973126735908
Del(7,):M3	0.00532176428231664	0.0232950147144528	0.00174626978498313	0.0236472153356439	0.00284552321807927	0.112387298502248	7.55210929770615e-05	0.00118952356117387	0.00395435169470832	0.00242252326560407	0.00804971726862813	0.00186752286740588
Del(7,):M4	0.00304927518086203	0.00887655548020992	0.0010543043623312	0.010550758672571	0.000459949556756595	0.0669287550066805	3.51523751267865e-05	0.00257326900069245	0.00275457099801919	0.000941225939190363	0.00289903556136024	0.00081460394216312
Del(7,):M5	0.00151110928089658	0.00617022429013404	0.000500945831116228	0.00464720640881463	0.00090952286135221	0.0312640383824253	2.32341907687504e-05	0.00131882164000841	0.000581447528976104	0.000385529663185847	0.00160705482873581	0.00045063196800513
Del(7,):M(6,)	0.00553331012758225	0.00404735762787074	0.000901800021966597	0.00434871316180769	0.00312097606819659	0.0319588686039481	0.000125342294946812	0.00468776906384706	0.00314233958722232	0.000250576920083266	0.0101443681551178	0.00103558692647333
Complex(0,1)	0	0	0	0	0	0	0	0	0	0	0	0
Complex(2,5)	0	0	0	0	0	0	0	0	0	0	0	0
Complex(6,10)	0	0	0	0	0	0	0	0	0	0	0	0
Complex(11,20)	0	0	0	0	0	0	0	0	0	0	0	0
Complex(21,)	0	0	0	0	0	0	0	0	0	0	0	0
