hdp.1	hdp.2	hdp.3	hdp.4	hdp.5	hdp.6	hdp.7	hdp.8	hdp.9	hdp.10	hdp.11	hdp.12	hdp.13	hdp.14	hdp.15
A[Del(C):R1]A	0.00173765878838137	0.00216875189342819	0.000199896348435354	0.00564888707244964	0.00164544162356295	0.000451324546682637	0.00440922734216854	0.0275895789124205	0.00226204268304345	0.00721413028818598	0.00942284495303952	0.00177889514091859	0.000786689383242465	0.00659010640727987	0.00694447946126276
A[Del(C):R1]G	6.38356271356105e-05	0.00020422746440355	1.67777409737606e-05	0.00128206353872641	8.81392127356862e-05	0.000152431405282361	0.000543012364813063	0.00254254049268261	0.000402631968853369	0.00017865473879939	0.0011928056624226	1.37154361803265e-05	0.000634670524961471	0.00157295226232483	0.000471354947445556
A[Del(C):R1]T	7.67737630075773e-05	0.000344923022172302	0.00019727623810558	0.00685430962163092	0.000403317674084698	2.44054121722959e-05	0.00363847802383266	0.00736204038367942	0.00132350739788587	0.00905919490162263	0.00081402160385152	0.00191371757173817	0.000569472680774313	0.0013379714524243	0.0043262181068707
A[Del(C):R2]A	0.000209013568081046	0.000545490327983996	6.15725927496921e-05	0.00219737365191128	0.000336487618878207	0.000104439947293674	0.00180843543910041	0.0249902005560216	0.00198378200418583	0.00213789571926653	0.00193613256058062	0.00429532482203071	0.000925246528371147	0.00139542030316072	0.001272438246679
A[Del(C):R2]G	3.66973073330214e-06	3.43538731422818e-05	1.64434510351342e-05	0.000177580837521899	1.70584016675597e-05	3.64618028377466e-05	5.17626920491513e-05	0.00437966070994458	0.000251981282847651	9.78281273798652e-05	0.000118389842727616	0.000116320399462232	1.1694961019663e-05	0.000696072654647257	1.7170129708713e-05
A[Del(C):R2]T	0.000120097161059711	0.000234846098777732	0.000125638807744273	0.00231998330150581	0.000211319472219354	0.000223804067498464	0.00177787844844731	0.0112247666944847	0.000822541269872439	0.00351658637519742	0.000908194901024758	0.000426099020662627	0.000577227628188421	0.002431955861816	0.00216334283190855
A[Del(C):R3]A	0.000266341322799785	0.000588051402891863	2.48187692272053e-05	0.00104736046679302	0.000296579017462073	0.000112955504778252	0.000627032281925691	0.0142167781506319	0.00134281210703632	0.00264908443161874	0.00135908484062503	0.000942437633733174	0.00101175484297248	0.00289536749388463	0.000593502401397653
A[Del(C):R3]G	5.24943407736839e-05	0.000157687140154793	1.40401774223069e-05	0.000157424735281863	2.93829202349424e-05	5.91114299616759e-06	6.72301023101888e-05	0.00206503216080819	0.0003681410585152	0.00031759027796809	0.000505194296899302	5.00137829394456e-06	0.00042291042863752	0.000724455934821072	7.03709170256971e-05
A[Del(C):R3]T	0.000196930033218409	0.000184645615937119	2.53608610195724e-05	0.000306324953015568	0.000155694913596904	0.000114535711321782	0.00115412856350831	0.00619060179434717	0.000389243630274782	0.00127401945920677	0.000555498166320063	0.000812984780836535	0.000628588519832262	0.000423020041052048	0.00069028668930328
A[Del(C):R4]A	0.000827334544496685	0.000745105054059604	6.87282044089374e-05	0.000990317900769836	0.000399368634047923	8.50385225092228e-05	0.000815120713573269	0.00628492988365283	0.00244848486084926	0.000791150274880706	0.00147827089695949	0.000651529243519134	0.00129967290069587	0.00212533456109214	0.00090970037447499
A[Del(C):R4]G	0.000216175702094289	0.000120165822077251	1.73288676293337e-05	0.000454109813313066	4.45069033545073e-05	0.00011831064917577	0.000171865361648596	0.00167426591951312	0.000329302125838652	0.000354516721374747	0.00103657949016669	1.04630061241417e-05	0.00102688949840969	0.000459863722046904	4.66046377807923e-05
A[Del(C):R4]T	0.000463860191454929	0.000311746969294836	8.10065835060513e-05	0.000402564366082618	0.000111854458488448	0.000109619513186355	0.000706541854977467	0.00300792717896512	0.000316194304830283	0.000994662177264763	0.00101141784553428	0.000244668653471865	0.00106214636618955	0.00095370550545573	0.000225434380004635
A[Del(C):R5]A	0.00224682140641373	0.000169244794785231	5.95216788019034e-05	0.000664992037144589	0.000353099175589962	0.000126299471145838	0.00108066426836009	0.00681576655780949	0.00114659006666883	0.00128646437290684	0.00348288430100971	0.000185848762738787	0.00180413535697852	0.00040568986517669	0.000614427373045179
A[Del(C):R5]G	0.000522596639072889	0.000100715363919245	2.49633270385032e-05	2.55735526444726e-05	9.07801810001254e-05	1.8143112166455e-05	6.53409529653292e-05	0.000960395199361847	0.000328690087503631	0.000109423781877312	0.00137702877654503	9.26022066940165e-05	0.0016322600809235	0.000303619223013164	4.29792731502136e-05
A[Del(C):R5]T	0.00237251814430859	0.000264488690860753	6.60990592159571e-05	4.56101523020579e-05	0.000126478128025017	0.000226086588061341	0.000685643140349958	0.00298623626700604	0.000550107705996165	0.00021956616769531	0.00589253739281266	0.000120155812264337	0.00085121492352074	0.000469142871334497	0.000214119501901658
A[Del(C):R6]A	0.00452395181969054	0.000249688511118811	0.000114806006760138	0.000183794971809341	0.000643775638528982	0.000350513221822254	0.000288213346925133	0.00237433999520623	0.000536846875404041	0.000854959038432147	0.00877059712356636	0.00037832511879961	0.00175851250102214	0.000132637251581481	0.000393057141882364
A[Del(C):R6]G	0.00110735309316489	0.000158494252049407	2.18553340955987e-05	1.93195841628804e-05	8.89469709250266e-05	0.000206597374024471	0.000105060317941001	0.000379782818870941	0.000118136149457721	5.04492630177635e-05	0.00263928627464069	9.33999725568543e-05	0.000814785432643982	2.67457832407101e-05	4.13679999810675e-05
A[Del(C):R6]T	0.00211826847823954	0.00027414118601902	5.85097741228182e-05	0.000457416051427538	0.000167564948833169	0.0003523275330389	0.00043660602796385	0.00102755683343909	0.000438550968639921	0.000195133633711958	0.005613959729639	8.1924417452957e-05	0.000828559845288799	0.00316801073324656	0.000216917650396292
A[Del(C):R7]A	0.00534983345222838	0.000196001492593904	8.72677437078909e-05	4.39371161477466e-05	0.000948944009030423	0.000369739068101869	9.51422838804884e-05	0.000584969102123713	0.000449121380717681	0.000102744031610473	0.01245551253571	0.000428829834577725	0.00179653675931067	0.000369801390726145	0.000131671229291157
A[Del(C):R7]G	0.00111071509534045	0.000187109184220099	1.0055802748409e-05	6.32168661164768e-05	9.01538342244666e-05	0.00010830267440008	0.000152784953265515	7.00955767503009e-05	0.000173066590025866	6.72874599006752e-05	0.00398264104156961	7.11852616070637e-06	0.00104443193993918	1.11895623762155e-05	1.10343439351343e-05
A[Del(C):R7]T	0.000953477082706867	0.00015223444235513	6.60629197631326e-05	3.16283501553135e-05	0.000118742363426866	0.000190210046906383	9.56381855835141e-05	0.000182296787806386	0.000236195794123565	0.000150743508466804	0.0012847715706533	0.00016854338017569	0.000574272617984255	0.000279739059405387	6.27964944939523e-05
A[Del(C):R8]A	0.00333565167696301	9.84113410107819e-05	7.55404912663501e-05	4.74425252329703e-05	0.00196414137593121	0.00014353542770397	0.000798425356238073	0.00014450907207087	0.00110710084326132	0.00038626595002691	0.00792863683738052	0.000178177937134577	0.000583325268292256	0.000465049129001735	0.000222585879223466
A[Del(C):R8]G	0.000270645010459227	9.88946696453475e-05	2.34996791991121e-05	1.81245583383724e-05	0.000231826600340693	0.000108010043558686	5.14320909138009e-05	2.04707712148129e-05	0.000290973225107955	6.35147892120694e-05	0.00142775340925396	9.04543755248379e-05	0.00044661305016935	2.92020286403672e-05	4.88057520207865e-05
A[Del(C):R8]T	0.00070212331382782	0.000121066784192169	1.34529113139093e-05	3.6886463783149e-05	0.00029179739451619	0.000104674051966789	0.000206129807890986	3.41143591485272e-05	0.000248449311622633	0.000174310451339783	0.00133981388202696	1.42370523214127e-05	0.000503680707551396	0.000355473292561479	0.000103423596544564
A[Del(C):R(9,)]A	0	0	0	0	0	0	0	0	0	0	0	0	0	0	0
A[Del(C):R(9,)]G	0	0	0	0	0	0	0	0	0	0	0	0	0	0	0
A[Del(C):R(9,)]T	0	0	0	0	0	0	0	0	0	0	0	0	0	0	0
G[Del(C):R1]A	2.87947296786437e-05	0.000152581688170255	2.15300790201785e-05	0.00141116616196743	4.76539139834268e-05	1.80260598298972e-05	0.00299078317094757	0.0154599032422785	0.000761452193558143	0.00243422185335338	0.000242256081482766	0.000277285003940963	0.000285119397265474	0.00645801498800943	0.00157921314899035
G[Del(C):R1]G	0.000174623322501299	0.000412190167575199	2.1647532241858e-05	0.000550389060574266	0.000135222158164473	0.000107161414118642	0.000424940530759342	0.00368302717246324	0.000412934614159558	0.00121584520382662	0.00127004485556743	0.000110091689071614	0.00061770657749311	0.00112250414764327	0.000243985601001188
G[Del(C):R1]T	6.59603980716882e-05	0.000373223556104976	0.000100241807271876	0.00368980156994526	0.000388567971355466	2.69805635765669e-05	0.00976307658550047	0.0097077156942981	0.000724946657033863	0.00491222955136543	0.000297991033961566	0.000847626229265145	0.000569566490622064	0.00145655352199663	0.00413844004401106
G[Del(C):R2]A	4.87063917381409e-05	0.000439983910318231	1.76631575679601e-05	0.000651846753075001	0.000170183001971669	2.63660388096386e-05	0.00341603068847545	0.0295973377529217	0.00211120073505804	0.00177148936905496	0.000255196170914255	7.89481371185237e-05	0.000495738140441785	0.00213829807847922	0.00145049831823723
G[Del(C):R2]G	3.82855837600746e-06	0.000108106068768186	1.28385406158933e-05	0.000286129016581382	3.54974396729281e-05	1.91965831954749e-05	0.000153210011868108	0.00626756551316681	0.00022468182294598	0.000640455762137131	7.96990400602771e-05	1.46666185552485e-05	3.802425828853e-05	0.00126196430311269	8.9835672363685e-05
G[Del(C):R2]T	4.93417023089621e-05	0.000238116778955327	5.54469554959443e-05	0.00150119144074703	0.000256890019336184	0.0001251582108644	0.00218990192056118	0.0186104791020383	0.00117529211442159	0.00232714986619105	0.000268356351911862	0.000167684247708019	0.000823666098231106	0.00349537366178975	0.00141333113759
G[Del(C):R3]A	9.10768239340429e-05	0.000589947177342004	1.9958012822314e-05	0.000520314243990813	5.61974367709184e-05	1.99866864672399e-05	0.00188560718983793	0.0204157269148762	0.00079406873649531	0.00182301653798375	0.000478284866300653	0.000179497319138501	0.00051115422542225	0.00164145421735971	0.00091532544419942
G[Del(C):R3]G	1.06635615910647e-05	0.000206029388633387	1.0516580771921e-05	0.000151887782294975	3.70938601133266e-05	1.93428986161722e-05	0.000174722700032696	0.00499751540756977	0.000262985222079385	0.000395705792702296	0.000110770790571106	1.69371829340945e-05	0.000190512165808281	0.000848632785581512	0.000129045717207503
G[Del(C):R3]T	6.82277529142854e-05	0.00058411438615011	1.60188124644467e-05	0.000552261267699328	0.000107731645413304	1.840647992371e-05	0.000142016801999816	0.0085285984100346	0.00116219704421186	0.00130108143033672	0.000697263028025722	0.00012012512896192	0.000492407890846614	0.00205383052834657	0.00048628080381153
G[Del(C):R4]A	0.00032183443775932	0.00646765039216253	2.50898151233889e-05	0.000145394808648482	8.02544998189333e-05	2.40249920784831e-05	0.00055559882232319	0.00649491696803191	0.00103948335804013	0.000716905422281563	0.00175330767523118	0.000170046861994115	0.00360181346943683	0.00114065307198518	0.000248992056919606
G[Del(C):R4]G	0.000151080734189388	0.00295526835719694	1.23235534131445e-05	0.000640653344518775	5.10625389668136e-05	2.14498406742121e-05	0.000157791199029393	0.00144227534294896	0.000232855084878241	0.000123763196875562	0.00133763238620984	2.35340929537146e-05	0.00134277852573759	0.000782723534024048	3.58364416459187e-05
G[Del(C):R4]T	0.000375880506553639	0.00172121773288651	2.41321196235404e-05	0.000272107380240487	4.66819307248588e-05	0.000114916131415595	0.000492548462938503	0.00386269181919409	0.000291279244275465	0.000734870520798734	0.00116581855244767	0.000189960325262643	0.000926559866239665	0.00114665722740657	7.86646579365249e-05
G[Del(C):R5]A	0.00138304223492469	0.00657950108472085	2.594812712797e-05	0.000707574790691227	0.000157871850561084	8.67943075575895e-05	0.000153469769903027	0.00552221904211963	0.00204937211242226	0.00046944435616141	0.00365141618112417	0.000191770640105236	0.005246143750771	0.00101975121509095	0.00013274301367599
G[Del(C):R5]G	0.000443637642333431	0.00141297137680901	1.27210873942137e-05	4.41761213126482e-05	6.54093173982897e-05	2.62197233889414e-05	6.49395087295466e-05	0.000843910561346638	0.000293510634038563	0.000164266328077911	0.0030661215007205	7.79355881387681e-06	0.00170819915267819	0.000552245840689561	9.93378681513724e-06
G[Del(C):R5]T	0.00155969376837474	0.00495521185936432	1.57477665682632e-05	0.00035850774735242	0.000107271433300701	0.000169521046419796	9.48589114787595e-05	0.00273080432921716	0.000464996125032291	0.000259416022587943	0.004042745458964	5.0136516149113e-05	0.00283801368904568	0.0015045867653677	8.50665915103642e-05
G[Del(C):R6]A	0.00233981408878791	0.0101619141540773	1.97411761053672e-05	0.000190248111261684	0.000284099821794603	0.000145583843593731	0.000205067161384503	0.00217952706400544	0.000863713598701255	0.000753358240363676	0.00736973372506698	0.000124052591671275	0.00620270713331646	0.00134929747287827	0.000154624678767697
G[Del(C):R6]G	0.00089983349759804	0.00185295997963826	1.5350232587194e-05	0.000412642417202636	6.53749447093816e-05	0.000347440597987613	5.32503971582282e-05	0.000530586609975852	0.00050243246985775	8.42236482300442e-05	0.00679878383614913	1.04630061241417e-05	0.00324017650635554	0.000374304507292183	2.42698021102629e-05
G[Del(C):R6]T	0.00168238902479439	0.00359716632398823	6.02715724480112e-05	0.000222274803358501	0.000159628676883053	0.000381736932599041	9.77870929632918e-05	0.000994261650055266	0.000146927452801006	0.000450940304688724	0.00322014028403386	5.22536640158748e-05	0.00120222010385688	0.000282058846727285	0.000175556843599015
G[Del(C):R7]A	0.00214374632723203	0.00415001920175507	2.81345640238505e-05	0.000230719652518358	0.000421044433592138	0.000207504529632794	0.00014690497592964	0.000366975652507503	0.000303902534935276	0.000291426561763992	0.00547533440939121	0.000388389241992333	0.00154506382743866	0.000443215836560339	0.000112530167223756
G[Del(C):R7]G	0.00081120406324932	0.0011754458542416	1.91358402705573e-05	0.000239204335872365	8.97986497724162e-05	0.000222077545534237	2.34962949766905e-05	9.48217504901813e-05	0.000205326110600937	0.000198383683352792	0.0025473786259422	0.000180663284630341	0.000900605808361803	0.000747244433806779	1.35591514457159e-05
G[Del(C):R7]T	0.000782705781756067	0.00169573270556295	2.04368605722382e-05	3.24250340383189e-05	0.000180336312356357	0.000229012896475285	0.000125463130865484	0.000157135157475794	0.000221621631270875	0.000236420696485965	0.00113033849733312	0.000169832078877197	0.00108810042406742	0.000312761914222998	6.0897493973173e-05
G[Del(C):R8]A	0.00155130748835394	0.00233293816133904	1.903645677529e-05	4.12682251396786e-05	0.00169232979042126	9.94066968216896e-05	8.39018452785742e-05	7.65131721490475e-05	0.000361319381239444	0.000415206090547298	0.00279514994314064	9.34920224641048e-05	0.00107101139680205	0.000613106143369952	0.000194971246650467
G[Del(C):R8]G	0.000313853799928272	0.000784935087556625	1.67687061105545e-05	5.80782550710921e-05	0.000108438195129749	0.000132298403394424	5.48561741013588e-05	1.47279179590988e-05	7.34318494038874e-05	7.05865052647374e-05	0.00102014382880273	1.46666185552485e-05	0.000676384637261553	1.85582985751866e-05	2.11695398964148e-05
G[Del(C):R8]T	0.000466731723040658	0.00140487679530779	1.64524858983403e-05	4.81993749218254e-05	0.000226273501488207	0.000265855119406844	0.000167284174487312	1.97421359293657e-05	0.000253893902644592	0.000142234584532762	0.00141823768566002	9.26635732988502e-06	0.000653338684663982	0.000805512033009755	9.96831409733323e-05
G[Del(C):R(9,)]A	0	0	0	0	0	0	0	0	0	0	0	0	0	0	0
G[Del(C):R(9,)]G	0	0	0	0	0	0	0	0	0	0	0	0	0	0	0
G[Del(C):R(9,)]T	0	0	0	0	0	0	0	0	0	0	0	0	0	0	0
T[Del(C):R1]A	0.000128095847486521	0.000318241404539873	0.000120073332009304	0.0100770154309701	0.000336741594857361	9.65096514918847e-05	0.00347015481720567	0.0179993545800379	0.00335138166379051	0.0036691100616082	0.00284718865196492	0.000575680119944711	0.000310072816767322	0.00844934771674251	0.00240271040891603
T[Del(C):R1]G	4.87957322871626e-05	0.000134618756004068	2.1647532241858e-05	0.00178166400175908	7.67255704243681e-05	1.95477402051483e-05	9.01596524834214e-05	0.00234943705195923	0.00141262272962467	0.000716627779849934	0.000606682402005298	0.000496731982826187	0.000556151682393627	0.000585405153584931	0.000328304101397305
T[Del(C):R1]T	0.00112373174260398	0.00150963710372214	0.000255027083719084	0.0198898504863357	0.00164509407748621	0.000298307879717487	0.0115803910265217	0.0211848359502769	0.00158458000016831	0.01129028048647	0.00952184731810465	0.00452023342874613	0.00137872333240097	0.009098342334563	0.00665055158520183
T[Del(C):R2]A	0.00018409973770612	0.000207118051188913	5.80851355521307e-05	0.00576715479488178	0.000312445832580818	0.000105903101500646	0.00335930897939604	0.0298853836647743	0.00176488904382526	0.00109371519772534	0.000412671686471951	0.00425868895894501	0.00077483807247655	0.0024944536614295	0.00138510508439478
T[Del(C):R2]G	1.25428716247797e-05	0.00010609767405368	9.45046691359912e-06	0.00261937710473923	5.21853801378116e-05	2.95557149808379e-05	0.000400783033511951	0.00512541461314842	0.00134260809425798	0.000298824915971518	0.000840562057412853	8.16175844287886e-06	6.421284078577e-05	0.00116385094520417	4.831661552301e-05
T[Del(C):R2]T	0.00021655021045635	0.000343285335827997	0.000119892634745182	0.0169659011331235	0.000227992135933612	0.000107219940286921	0.00387037110591417	0.0222397899015939	0.0033851075262099	0.00621028957876972	0.0018413184085531	0.0013056665677437	0.000521832913091274	0.00485586069704424	0.00335301630589026
T[Del(C):R3]A	0.000147152908536689	0.000549990446047573	2.57041858214049e-05	0.00313391539057826	0.000148711528967075	3.07847645146946e-05	0.000446831048792902	0.0506567449592682	0.00191366536242998	0.00236693439345271	0.000667097536904792	0.00159157357966379	0.000818053142340653	0.0052854307258287	0.000827345613253769
T[Del(C):R3]G	2.15725840844922e-05	2.23175823882929e-05	1.08328009841351e-05	0.000489721582883406	2.93848298287707e-05	1.14711289826619e-05	0.000365762927531617	0.00649064863115266	0.00102451392042941	0.000199575912618022	0.000823744472448867	9.23567402746818e-06	0.000285901145996735	0.000942515943079515	2.069478976622e-05
T[Del(C):R3]T	0.000337062940433481	0.000292127580740283	0.00010912307780349	0.00297226823071647	0.00042616023545796	9.51928127056097e-05	0.000886884774311121	0.0228127753245703	0.00199097345462233	0.00210082228869018	0.000989518734705497	0.000436960909718187	0.000570285699454824	0.00155753249953809	0.000704975170604157
T[Del(C):R4]A	0.00103864208909908	0.00155174300506153	9.21465698391944e-05	0.0014888030063663	0.000219320670359629	6.95290879153178e-05	0.000593830482189785	0.0136773379752201	0.00218478559404568	0.00100343241172269	0.00274636729483864	0.00124383971337377	0.00144349903227325	0.0026994136942231	0.000598904482424567
T[Del(C):R4]G	0.000259634464614638	0.000264164907600704	1.45461297618495e-05	0.000351496929181973	0.000174792761473011	2.38786766577859e-05	3.78302156308122e-05	0.00171352599589941	0.000727471315165825	0.000253895837770849	0.00186260903093437	2.00975630830288e-05	0.00053554478583759	0.00116780822945917	4.4748796362758e-05
T[Del(C):R4]T	0.000672177986169351	0.000368305804561046	6.0867873419615e-05	0.000890095068287759	0.000287155171919768	9.50464972849125e-05	0.000923156441732424	0.00761300781355066	0.000460686355089851	0.000472808729156444	0.0015559437999552	0.000254487310245253	0.000834360420874755	0.00048388034373244	0.00042938991320985
T[Del(C):R5]A	0.00267659005654877	0.000420082971102766	0.000130201413663362	0.00142379360151306	0.000318806689622645	5.44878626676438e-05	0.000333907146703923	0.00817251995092335	0.000991782620304423	0.00139512055512024	0.00710557205947408	0.000506151756668157	0.00194136352926406	0.0012073810720092	0.000208918830020888
T[Del(C):R5]G	0.000510266289663207	0.000160183556014879	2.4638071963083e-05	2.58125578093743e-05	0.00011661507590222	0.000112370243095463	5.96971192975614e-05	0.000966817106211986	0.000282825464772986	0.000225935611715034	0.00296765641800795	9.37681721858564e-05	0.00105135823369815	0.00045808976703604	4.95970022377779e-05
T[Del(C):R5]T	0.00316565601441508	0.000467463254823244	2.38881783169752e-05	0.00188579058526788	0.00013627052517617	0.000176836817454657	0.000100526359513338	0.0045253403410687	0.00104006989477786	0.000693044505069212	0.00797943267618437	0.000210548821184341	0.00118878966065382	0.000669736245639823	0.00012901694447234
T[Del(C):R6]A	0.00447968222400558	0.000499818118273051	0.000124572693885951	0.000372170875945963	0.00120146869687528	0.000150090358551206	0.000363236190282868	0.00357084536293842	0.00116674907932858	0.000156280025191641	0.0113003425310937	0.000500598078930709	0.00322759035178224	0.00109548544824705	0.000162659465062055
T[Del(C):R6]G	0.000924338527278958	0.000248567000986178	1.38052709789478e-05	0.000388502895547573	6.48822695016988e-05	9.15641902723188e-05	4.98026996038596e-05	0.000506882250216155	0.000167877014976833	5.21314495152804e-05	0.00371353378902041	6.20109541844292e-05	0.00136060239681034	0.000497662609586071	9.09218431161005e-06
T[Del(C):R6]T	0.00216382539001722	0.000500343679506753	9.58327940272905e-05	0.000394159351116911	0.00089238565902597	0.000334096631620027	0.000135758994794968	0.00187449403366374	0.000383314508904265	0.000638822571362842	0.00823135984001363	0.000723849787315621	0.00143901179455581	0.000433936687272746	0.000348063777270717
T[Del(C):R7]A	0.00448825350213294	0.000233757436222206	9.3266892876753e-05	5.38159962970133e-05	0.000484219526211401	0.000260529238093466	0.00018848987588336	0.000599675462825846	0.00117654169268892	0.000156476008084556	0.00946556860999191	0.000208493039922413	0.0011516409609443	0.000314535869233862	3.92532039465633e-05
T[Del(C):R7]G	0.000967384879386146	0.000171811598310546	1.15826946302429e-05	4.19852406343834e-05	0.000105694108798585	0.000100313852430012	6.41130058911705e-05	0.000124178423026336	0.000336825097039953	8.02876584640096e-05	0.00350880979284218	5.58436103986448e-06	0.000753715221757881	1.51468466312185e-05	9.0346388412834e-06
T[Del(C):R7]T	0.00189505292136829	0.000468429912092376	1.9958012822314e-05	5.10276027064945e-05	0.000344484997830826	0.000469643237353929	7.83524690780493e-05	0.000372923299704393	0.000922239764487649	0.00026109820908546	0.00375847778147805	0.000120278545474004	0.000756388802418793	0.000433390854961711	0.000406148736381676
T[Del(C):R8]A	0.00266019561458839	0.000121357719875112	3.7079078597907e-05	5.43338408209668e-05	0.00139706839270066	0.000122085587029758	0.000231656938413401	0.000138994725738995	0.000541054638957311	9.08544027736544e-05	0.00630094318687073	0.000216532065155624	0.000610092344850629	2.85197382515736e-05	9.446808272498e-05
T[Del(C):R8]G	0.00042594189661861	0.000153590578038523	1.54947903984919e-05	4.3698110982845e-05	0.000144563891172164	9.7914279530578e-05	5.20460644508803e-05	1.30184274817034e-05	8.37982487033075e-05	4.47820910309834e-05	0.00131126671124513	1.59246339543388e-05	0.000478320778709292	2.21062085969135e-05	2.04718010687043e-05
T[Del(C):R8]T	0.000714910743925175	0.000181679948975512	4.73336483368506e-05	3.60499457059934e-05	0.000511570638613109	7.74008575488281e-05	8.79871307368329e-05	2.3232255832144e-05	0.000203324235213473	8.15452153602115e-05	0.00226272902485622	0.000162376036389906	0.000676947496348061	2.86561963293323e-05	6.84503369535452e-05
T[Del(C):R(9,)]A	0	0	0	0	0	0	0	0	0	0	0	0	0	0	0
T[Del(C):R(9,)]G	0	0	0	0	0	0	0	0	0	0	0	0	0	0	0
T[Del(C):R(9,)]T	0	0	0	0	0	0	0	0	0	0	0	0	0	0	0
A[Del(T):R1]A	0.000709597688547745	0.00100238604800101	0.000176324390330593	0.01232438099654	0.001182995286181	0.000393120272329284	0.00372356058745177	0.0107311701817366	0.00142080874235558	0.00509968718843824	0.0075844848340663	0.00115436720352627	0.000943992862946783	0.000878926478843949	0.00604687082874016
A[Del(T):R1]C	6.21359006297272e-05	0.000250861638872611	2.25961928785004e-05	0.00245784944745989	0.000189204466094647	3.07555014305551e-05	0.0013831170784721	0.00115701247297068	0.000606300475630291	0.00352338044881846	0.000610508111286944	0.000394894102104703	0.000558934707876916	0.000883293137332228	0.00137474689973599
A[Del(T):R1]G	0.000130809002644439	0.000336509349922048	2.10693009966665e-05	0.00273513527293992	0.000111539375506791	0.00013355671601242	0.00148463524139149	0.00257964268764661	0.00107625666133598	0.00213320846174432	0.0011929545478938	0.000177901787412826	0.00035800964896824	0.00145286915389715	0.00113440824291675
A[Del(T):R2]A	0.00099658299518007	0.000693130802055245	0.000191168670578244	0.149558915968174	0.000576229485636905	0.000142745324432205	0.00097921694854113	0.00243924027302775	0.00136626082574682	0.00182959829680414	0.000991952688495512	0.00408959327932581	0.00113330113570892	0.000777947501302492	0.00345274979915012
A[Del(T):R2]C	0.000149477116455937	0.000779360384470566	7.28300323045148e-05	0.0036589300694788	0.000129791273316993	0.000130630407598476	0.000876825054049743	0.000735479714533888	0.00113492308590749	0.000330165846930109	0.000440500323023213	0.0013718197677544	0.000735437936421001	0.00144522750154266	0.00127272597403064
A[Del(T):R2]G	0.000258273149279292	0.000197338858233236	7.42756104174936e-05	0.00339231980803105	9.7312901486493e-05	0.000119598224877906	0.000255790821293981	0.00356940102672171	0.00043759465874145	0.000929971490695206	0.000348404949165386	0.0008843541422581	0.000782530479992157	0.00313498787842895	0.00142725714140905
A[Del(T):R3]A	0.00117013332866332	0.000632348706875354	0.000479055551777979	0.00638852838943183	0.000697148786027951	0.000182835749703243	0.00200611130367315	0.0029256431291263	0.00219869671536877	0.0050827999958321	0.00130535013208536	0.0115404809718114	0.00147414358253867	0.00075038296959523	0.00396059576796656
A[Del(T):R3]C	0.000229484285394271	0.00127878902432936	0.000351338725496299	0.00139144823586304	0.000273791834309829	0.000105054472060602	0.00128679407625107	0.00104585894460313	0.000836809413557618	0.00193441648069796	0.000546856335709239	0.00918535341150457	0.000764706608919409	0.00106055218034081	0.00151193530099471
A[Del(T):R3]G	0.00041946425559964	0.00033736807943783	0.000254846386454962	0.000800866473391157	0.000112572465767862	9.75631225209047e-05	0.00034935094259815	0.00244523750191566	0.000535431536754305	0.0021105397737972	0.000415882434024737	0.00387232481491218	0.000645224132833494	0.000557977079955427	0.00107314389657025
A[Del(T):R4]A	0.00282369333144712	0.00115327843220579	0.00131673192879639	0.016982990002414	0.000742944665216512	0.000185469427275793	0.00145377126396985	0.00272713959553296	0.0012304903217613	0.00470977922298466	0.00131418616113688	0.0189625877266299	0.00132092083121154	0.00124231433991543	0.00585021637708263
A[Del(T):R4]C	0.0016310628793814	0.00260217567334718	0.000912828369166896	0.00147780876878083	0.00022898512472429	0.000206451058603774	0.00112196579591208	0.0012590753060757	0.000799564330711854	0.00263268719624489	0.000726489893349971	0.012333889805706	0.00107360680258984	0.000441987713860511	0.00201662346212698
A[Del(T):R4]G	0.0014851769822672	0.000492122400208122	0.000366589574588226	0.00138842083710762	0.000131714234302018	0.000144471846396433	0.0023418367566215	0.00309442136108938	0.000371367010572707	0.00398604706326658	0.00063096368037324	0.00585735038146709	0.00112393578590842	0.0021982031746153	0.00167210592446514
A[Del(T):R5]A	0.013992355704068	0.00331504786924337	0.00244917975277759	0.0105781694275747	0.00165164589391086	0.00110734436692068	0.00268660651205837	0.00222109592261278	0.00286509170501894	0.00404709573440947	0.00317551348236268	0.0231340440568039	0.00159048342872492	0.00278852081899955	0.00823068546171741
A[Del(T):R5]C	0.00547301692316339	0.00750577929656632	0.000711224431585585	0.00106098376119241	0.00046950037698342	0.000885852083069234	0.00026842450753773	0.000806797587754155	0.00129554489645459	0.00199522017322471	0.00108875413789946	0.00950004136109166	0.00108969519147919	0.00387377191141469	0.00459577547624829
A[Del(T):R5]G	0.00813064692986422	0.000752950932477019	0.000562230502453498	0.000464068361850633	0.000370671257997315	0.000658097499211945	0.000817789137022883	0.00167888563968091	0.00109948861646949	0.00483488163629514	0.000732374106102959	0.00515040709378315	0.00221829019982592	0.000291337996014878	0.00342346634793765
A[Del(T):R6]A	0.0293080218153864	0.00215804358329151	0.00264064657384164	0.00508320168132167	0.00291879316091421	0.00395329635181812	0.00198934510323752	0.00148616807385721	0.00439673038920793	0.00553418126202988	0.00223442783876594	0.019599388984989	0.00142852072658229	0.00124831849533682	0.0167700879853697
A[Del(T):R6]C	0.00832875553638588	0.0147480694071181	0.000815757798880367	0.00108460543832352	0.00036589154464526	0.00320755591560854	0.000770702089602259	0.000703320598592168	0.00085976085112091	0.00253520203892762	0.00168641925897526	0.0101080003151789	0.00136258803858774	0.00291037788243809	0.0085818279216506
A[Del(T):R6]G	0.0150545002233534	0.00159063453635551	0.000776609736608259	0.00150911844538294	0.000578234559156544	0.00352558711403601	0.00132634814065907	0.00129979912020997	0.000562973261830255	0.0023646479263687	0.000945688146641159	0.00435825627528764	0.00170984082501383	0.00145791810277422	0.00628971990670239
A[Del(T):R7]A	0.0397585138676875	0.00364282445616613	0.00171334435381854	0.00265375401429092	0.00532295460430866	0.00475633390677273	0.000784776252221463	0.000715791471746937	0.0060450898842049	0.00369806653403633	0.00322281374923407	0.0186981590264016	0.00185790403471465	0.000681335182249315	0.021650022994091
A[Del(T):R7]C	0.021014028325653	0.0440897542212891	0.00143313710634401	0.000438813482759362	0.00228312565777988	0.00632202596056952	0.000890190785664625	0.000740675013462669	0.00550406074684488	0.00259391524726329	0.00426925852018794	0.0129856951989469	0.00197408753115464	0.00411734958021402	0.017529083966243
A[Del(T):R7]G	0.0330380520046995	0.0034936166834158	0.00121432175435504	0.00030066849744623	0.00146326064356852	0.00591705413916376	0.00121066135765323	0.000646206801986728	0.00129921712646472	0.00145587525192376	0.00224836481352632	0.00834067277927144	0.00186683160522565	0.0028190874284175	0.0126745121235682
A[Del(T):R8]A	0.0613673408861145	0.00402380473297923	0.00160063443532222	0.000293617845081632	0.00956374811494206	0.0076310222402951	0.00394161565058218	0.000604922499171344	0.0109624736345361	0.00483780504778112	0.00251659169981105	0.0271842092925241	0.00162966467513572	0.00139405572238314	0.0334104181283366
A[Del(T):R8]C	0.0361300426755121	0.0716104819809454	0.000882733239827318	0.000817915508487472	0.0033880682058259	0.0136063391799805	0.000347367335786047	0.000462426874901089	0.00175170471802501	0.00491257252142803	0.00368589287762848	0.0109910043921306	0.00203295321061859	0.00293903407876742	0.0252051317985846
A[Del(T):R8]G	0.0404479422504713	0.00182305460693838	0.00052550378352063	0.00038065555929997	0.00317449732248306	0.00531631228486512	0.000678558830306735	0.000268176588107114	0.00116506597390728	0.00337959433305013	0.00121634898671591	0.0025132999842656	0.00453537780430859	0.00179005706403896	0.0149208930691581
A[Del(T):R(9,)]A	0	0	0	0	0	0	0	0	0	0	0	0	0	0	0
A[Del(T):R(9,)]C	0	0	0	0	0	0	0	0	0	0	0	0	0	0	0
A[Del(T):R(9,)]G	0	0	0	0	0	0	0	0	0	0	0	0	0	0	0
C[Del(T):R1]A	8.7400776192224e-05	0.00039195136756664	9.44775645463728e-05	0.00787478200737251	0.000255471191121811	0.000136921970688456	0.00156102771802425	0.00809124046925914	0.00172865127407255	0.00247029903755741	0.000459389358021255	1.35927029706592e-05	0.000709233718949136	0.00153078671629738	0.00210958816943967
C[Del(T):R1]C	0.000302681719151614	0.000832155825902586	0.000175710019632577	0.00197824574989066	0.000258213367859146	9.88506982230402e-05	0.00539420619621149	0.00241434164123214	0.0014260493205992	0.00344720843110566	0.00262278588046317	0.000412935883925803	0.000797821485175621	0.0016553729412911	0.00181656663453639
C[Del(T):R1]G	7.93520049121744e-05	0.000485238486548823	3.01312687924025e-05	0.00161551557795831	0.000137870764804225	0.000138707018820962	0.000777573870344186	0.00477974399770031	0.00149175418602344	0.0010097201962037	0.000495587947366371	0.000221502760147152	0.000463686442460088	0.0011518426343614	0.00174986424124402
C[Del(T):R2]A	0.000105291897956169	0.000243320773671184	2.0418790845826e-05	0.020726288895103	7.00553591823681e-05	2.44932014247142e-05	0.00130306437498368	0.00777311140531066	0.000648875392310197	0.00251921310124734	0.000374032670055464	0.000181000800956926	0.00107163679578706	0.00063043631924531	0.00108767412782772
C[Del(T):R2]C	0.000157848506385232	0.000482155506811837	0.000131493399101837	0.00419187175301525	0.000103072236472428	3.27746542361767e-05	0.00064445968463202	0.00498218819786702	0.00102012764569509	0.00149113584074064	0.000784956570561181	0.00057607900287613	0.000491141457901971	0.00169753848731854	0.00087687787683743
C[Del(T):R2]G	8.71426812728279e-05	0.000223537147231099	1.77715759264335e-05	0.000780869707927722	2.91346730372728e-05	2.00159495513794e-05	0.0012393764276951	0.00863036375299349	0.00113148037027299	0.00177348186179959	0.000651438669303605	0.00010217539704807	0.000554103500717723	0.000738511116830221	0.000669886820072484
C[Del(T):R3]A	0.000235241787442338	0.00034077953494588	7.11856872010014e-05	0.00622353515726142	0.000158139193697036	2.34104673115548e-05	0.00301697150374068	0.00355103639951246	0.000763454068945608	0.00286089294313618	0.000779544907347212	0.000777116000311251	0.000532277076140919	0.00065513523131964	0.00168556437133778
C[Del(T):R3]C	0.00022360721139928	0.000647331894546889	7.56218050352052e-05	0.000858785391685648	9.9852661278036e-05	0.000115384340761826	0.0027950200700865	0.00227767294351976	0.00110814640875031	0.00119707984183005	0.000804454094006727	0.000414654148861146	0.00123517863036684	0.000584313488962861	0.00127266123537652
C[Del(T):R3]G	0.000118959648311813	0.000195283538408578	6.14551395280126e-05	0.0015112296576729	0.00014632453668179	2.68927743241486e-05	0.00141218636401613	0.00498135177629674	0.000826736282627062	0.00331580190140643	0.000553161311750395	8.02061525176141e-05	0.000598334843932465	0.000727048638298488	0.00151074123248543
C[Del(T):R4]A	0.00239199167670597	0.000708320460211448	0.000120543144896022	0.00855076828210258	0.000239052503386708	0.000362628138655984	0.00236611232570295	0.00437861087153034	0.000707261299311482	0.00203714418040069	0.00125012656883372	0.00115206595584501	0.00117917415125931	0.00127874864667701	0.00178564313741961
C[Del(T):R4]C	0.00277036424311944	0.0020314067885243	0.000136299946327492	0.00190789856302128	0.00010312379550579	0.000233080465170668	0.00095033657793159	0.00297545548279739	0.000651234290059758	0.00171872097513771	0.000737727509784721	0.00146598682287168	0.00154112381383311	0.00105877822532995	0.00177609778252918
C[Del(T):R4]G	0.00196280374013957	0.00041162237374236	6.63158959329039e-05	0.000575365100306484	0.00020667915921676	0.000162556432394609	0.00162584915491974	0.00627155576143119	0.000688772641274386	0.00332662995623996	0.00111042021059941	0.000178576820065996	0.00251859115745248	0.00177545604971877	0.00124444237536509
C[Del(T):R5]A	0.00604965241159229	0.0013833944798802	0.000174246371793186	0.00241984762624054	0.000147252599282309	0.000239313502092369	0.000378609143076662	0.00298524247745991	0.000645011900320377	0.00256120243605429	0.00214935597517983	0.00193323215207528	0.00133209983806857	0.00232415398038661	0.00139010434712941
C[Del(T):R5]C	0.0068485888443022	0.00632435049078034	0.00016550965907287	0.00164049161769053	0.000302666802586463	0.00030129271429971	0.000195219970424422	0.00183070046613753	0.000371711282136157	0.000890203295341287	0.000644466945282738	0.000894909198289492	0.00157151820450453	0.000384129488890811	0.00127497744055717
C[Del(T):R5]G	0.00502564683122638	0.000582960028440371	6.32621121692361e-05	0.000269796996979771	0.000181081053949366	0.000238786766577859	0.00101730692220686	0.00269381207626369	0.00072085365066841	0.00194909886575881	0.000760642925786457	0.000118652330445912	0.00157294098719542	0.00111704582453292	0.00142679677764644
C[Del(T):R6]A	0.0115707638790975	0.0016703086808826	0.000453450749451841	0.00146322945372183	0.000442777520951199	0.000736639617042212	0.00177362786242138	0.00171484745575142	0.00134152427637305	0.00182618492808587	0.00135366023084835	0.00911812629590928	0.00313659479946347	0.000766485022770759	0.00422267941938548
C[Del(T):R6]C	0.00519974719566548	0.0152437909632749	0.000184428662626481	0.000757009025631711	0.000930056216475421	0.00076879974651146	0.000544145854419979	0.00138111956066241	0.00135813856700914	0.000651969757095863	0.000744621554429311	0.00424448258992601	0.0023874762602454	0.00178691852825051	0.00313462405281684
C[Del(T):R6]G	0.00562429213097211	0.00052099542048465	0.000229593943793863	0.000768999118070942	0.000262492767628205	0.000440848362560717	0.000581503782714576	0.00142633159569698	0.000873225694491374	0.0012009831677806	0.000639579617858639	0.000957687235034342	0.00153283727728174	0.000590727018617521	0.00174761277471749
C[Del(T):R7]A	0.0282601632108615	0.00143807161822932	0.000704150133695195	0.000739641316982193	0.00390323460961756	0.00172614154413335	0.00282416019873095	0.000759093533814329	0.00422569117616682	0.000494072873037676	0.00365130613534111	0.0259463528231216	0.00313609448027546	0.000604099910237876	0.0124980129728926
C[Del(T):R7]C	0.0247422143996941	0.0772552489489714	0.000264712457076042	0.000470601169691277	0.00139589972127779	0.00567882337118455	0.00092462053247469	0.00065406873360219	0.00374947434832581	0.00171493197254136	0.00367866869563471	0.00816491882302779	0.00372270309323901	0.00126264659350148	0.0098483102121508
C[Del(T):R7]G	0.0320316767438888	0.00160161501213108	0.000389185767466726	0.000627667397225787	0.000883546149195103	0.00199278676681196	0.0008789267326959	0.000393553594620754	0.000832601650004348	0.00206064579564269	0.000996581084665354	0.00241112458721753	0.00484563824077142	0.000693479951169841	0.00875124897947604
C[Del(T):R8]A	0.0532905983435678	0.00139191607988381	0.000297490940787838	0.00118486810499975	0.00804801374256767	0.0021803631361458	0.00276170019851654	0.000294043140740491	0.005390400127712	0.00226223053291309	0.00584649294252442	0.00799757209164636	0.00162036186523371	0.00345689248386179	0.0172489382303253
C[Del(T):R8]C	0.043702798486076	0.0983172983975263	0.000173803663496086	0.000280392892623743	0.00354240157902328	0.00611709658234099	0.000519704984770859	0.000475923873487435	0.00684803317655801	0.00122296591560251	0.00661850942365411	0.00460022479814683	0.00916769245129354	0.00183631635239916	0.0149490184177802
C[Del(T):R8]G	0.0563466253824651	0.000579787890994095	0.000148316314391628	4.18259038577824e-05	0.00257081360637773	0.0025438984304101	0.000621128690223005	9.46169565490053e-05	0.00182780148434597	0.00157168480972854	0.00345762555715694	0.000196127669048427	0.00200396596766343	0.00376474190728547	0.0113177697628607
C[Del(T):R(9,)]A	0	0	0	0	0	0	0	0	0	0	0	0	0	0	0
C[Del(T):R(9,)]C	0	0	0	0	0	0	0	0	0	0	0	0	0	0	0
C[Del(T):R(9,)]G	0	0	0	0	0	0	0	0	0	0	0	0	0	0	0
G[Del(T):R1]A	2.06308986006116e-05	0.000100471353346455	1.95153045252142e-05	0.00133807041570168	3.06986303825915e-05	1.30220724420524e-05	0.000933050861426125	0.00339865461719765	0.000432341329699186	0.00140526266982857	0.000539088398081532	0.000210027205043255	0.00046060635245892	0.00223368227483257	0.0011405656082417
G[Del(T):R1]C	2.68545056342322e-05	0.000322347351678173	1.80968310018538e-05	0.00166463113934559	6.68968909904792e-05	3.76030631191849e-05	0.00367789040203979	0.00117509901156506	0.000275378998363563	0.00112303097212382	0.000241854738038667	0.000298701949027916	0.000336902433224196	0.000417152343708423	0.00121119547988387
G[Del(T):R1]G	0.000355543800063948	0.000473033265398287	6.92883659277167e-05	0.00197242995754472	0.000257653856867475	0.000102186689814937	0.000920369946448756	0.00239633917593992	0.000512875373949047	0.00271612691290328	0.00195263295475815	0.000365069932155536	0.00164207884498814	0.0012691965812339	0.00182721254654682
G[Del(T):R2]A	3.69526949630533e-05	0.000594954086595223	1.85937484781902e-05	0.0761371268233107	5.35889316015591e-05	1.0359131785363e-05	0.0067694360761688	0.00130683325315794	0.000365743908369701	0.00162095817538881	0.000256141269992293	8.42563484366367e-05	0.000787095892582721	0.000998327296882833	0.00237797304985936
G[Del(T):R2]C	3.65533697818197e-05	0.00053351973238422	2.11957890815521e-05	0.00143080441968351	5.78721505582742e-05	1.75578504836661e-05	0.000688146263231897	0.000564476773651934	0.000498568977867929	0.00161047309061788	0.000196969005113232	0.000215642249385536	0.000329647804998095	0.000336642077830775	0.00106307343926308
G[Del(T):R2]G	7.83846001793329e-05	0.000580214909496479	2.33731911142265e-05	0.00218008561165007	9.48094239776862e-05	2.45517275929931e-05	0.00275142794895386	0.00323599864621289	0.000368459828481357	0.00174599526106832	0.000384998408673244	0.000421772675021853	0.000494737502065771	0.00233643520738489	0.00105948404055146
G[Del(T):R3]A	0.000153330040436223	0.00203649816297579	0.000201567798128486	0.00200318195542872	0.000145320090328142	0.000129635462737735	0.00101456765565681	0.00126790946998032	0.00107291595209066	0.00254883918189293	0.000421132265204796	0.00291423869694642	0.000861455831900258	0.000585405153584931	0.00068456810818957
G[Del(T):R3]C	0.00013136850911306	0.00639303946702085	0.000139597671397725	0.00118606313082426	0.000102759063084599	0.000129664725821874	0.000344297468100651	0.000857670558467969	0.000696703638032368	0.000970409294266583	0.000551445892190943	0.00299803479584681	0.000803309361269072	0.00133988186551292	0.000704327784062982
G[Del(T):R3]G	0.000293612750996119	0.00236656938778498	0.000126849479413893	0.00138272454734413	9.81282980511463e-05	2.83266654469813e-05	0.00115797770529846	0.00229468377499155	0.0009350670679258	0.00179342312115365	0.000375592730862362	0.001149856758071	0.00064029911582655	0.00138941614773934	0.00089645052993228
G[Del(T):R4]A	0.00151483578846795	0.0132720259897538	0.000363490616508527	0.00538996481047289	0.0001701715444087	0.000141691853403185	0.000919307299942272	0.00158976362793251	0.000946338773929105	0.00160519788441693	0.000438940262216315	0.00374192077964062	0.00280585254624161	0.000556748957255599	0.00164016099525006
G[Del(T):R4]C	0.00154840121322137	0.0100333534297938	0.000251720323785645	0.00110440303281621	0.000102844994806869	9.15349271881793e-05	0.000812145303355115	0.000934970570496271	0.000752552136103045	0.00168542021524997	0.000552009067668952	0.00290889980232589	0.00226289678243167	0.000220106879424824	0.000851234176623118
G[Del(T):R4]G	0.00135736585137882	0.0125334998361375	0.000164786870016381	0.00118502744177635	0.000173587807767399	8.39850514802029e-05	0.00179029960538976	0.0023974278174167	0.000737123669741054	0.00345668093759653	0.000702357500453227	0.00122745482988318	0.00230667471138228	0.00111704582453292	0.00181484746361038
G[Del(T):R5]A	0.0049296594356004	0.0295803881570032	0.000446132510254886	0.0025550847153807	0.000391669151732508	0.000232524466572018	0.00191184275136466	0.00084107147060423	0.00204327723066934	0.00145775342131419	0.000749101065127956	0.00433377099995901	0.0044981196597767	0.000326817096232147	0.00258907860775266
G[Del(T):R5]C	0.00350542353692349	0.020025755315958	0.000216348834333694	0.000560307774917683	0.000277639665873708	0.000366315287257554	0.000721442520435046	0.000431983716613853	0.000582328974175298	0.000690888693247151	0.000505207243462015	0.00212616875767236	0.0017971152533718	0.000620201963413406	0.00141597822922503
G[Del(T):R5]G	0.00479846509543645	0.00969485445520135	5.45525040385387e-05	0.000795648193957471	0.000282209323904658	0.00038966722840083	0.00132313658677281	0.00123733912387699	0.000388631591939761	0.0023349401861844	0.000488512650843801	0.00129231933119238	0.00171557886070129	0.000461637677057767	0.00234971822392898
G[Del(T):R6]A	0.00836546412409125	0.0299545924479103	0.000393206281593448	0.00121482341900075	0.000676026768693922	0.0006741629324045	0.000498263139706703	0.000575524867846955	0.0013001224331686	0.000463809847990115	0.000991357146610721	0.0033502791075921	0.00706053565110366	0.00139364634814986	0.00242385836926107
G[Del(T):R6]C	0.00406595561699867	0.0154538512188704	0.000125864679324426	0.000539793164930294	0.000784084954651854	0.00109499534541384	0.000561478799659065	0.000521907658321383	0.000981505476595527	0.00111855602940227	0.000575630071338538	0.00140851699744494	0.0016176882845728	0.0004902938733871	0.00210176917865904
G[Del(T):R6]G	0.0043136784596253	0.0204509484315563	0.00018850338593244	0.000720879411537417	0.000490544100970492	0.000636589132369454	0.00112664144054061	0.000679685222054761	0.000612879887731768	0.00156221230323767	0.000544461221607363	0.00236463938405602	0.00214948067650034	0.0012721986589446	0.00187344313877049
G[Del(T):R7]A	0.0151822409647183	0.0354237656537475	0.000399883045502769	0.000573373390598971	0.00133929745061528	0.00240381604663459	0.000552340039703307	0.000260732867276791	0.00120530749443491	0.000723993470241974	0.00259436170202712	0.00409499354055117	0.00429813269934554	0.00185842256099608	0.0040842034382282
G[Del(T):R7]C	0.0130260239602445	0.0369983846500081	0.000195369881969089	0.000598070590972138	0.000824245622453314	0.00488301379801238	0.000301649921640447	0.000330569756943501	0.0018451425705049	0.000396146754211354	0.00401718247088749	0.00205344933094445	0.00153386918560701	0.000276464065539177	0.00530896526274158
G[Del(T):R7]G	0.0145143495200424	0.0312082718457973	0.000216122962753542	4.97529084936859e-05	0.00093615736875661	0.00406499354397838	0.000815427700341808	0.000291717112713871	0.00166782996452983	0.00052678568424667	0.00161885762145828	0.00125954956421119	0.00266233911415673	0.000735099664886253	0.00352936439970626
G[Del(T):R8]A	0.026982736394972	0.0424969517448445	0.000230199279628673	0.00076429868316121	0.00348326527735072	0.00312444875665252	0.000857957174967959	9.62962668666485e-05	0.00298623704295719	0.000791019619618763	0.00263729250398291	0.00647024934724342	0.00269084167289851	0.000515265701616946	0.00674642233876603
G[Del(T):R8]C	0.0168067837888807	0.0419409830397636	0.000126162829810228	0.000395314542747269	0.00324958255180898	0.00484274779423651	0.000243204363783855	0.000109694102070952	0.00189803288328964	0.000589434882348366	0.00242558383722111	0.00178757851550255	0.00182472661855993	0.00175416858958841	0.00660178899228379
G[Del(T):R8]G	0.0221559778696042	0.0245960639593005	0.00012019982009419	0.000754857979147596	0.00191904440808378	0.00356482890986701	0.000425908719798583	5.50054968741751e-05	0.000620759881295165	0.000651316480786148	0.00490730397036511	0.000592463886366721	0.00337138521341037	0.00167406769794404	0.00623781389246776
G[Del(T):R(9,)]A	0	0	0	0	0	0	0	0	0	0	0	0	0	0	0
G[Del(T):R(9,)]C	0	0	0	0	0	0	0	0	0	0	0	0	0	0	0
G[Del(T):R(9,)]G	0	0	0	0	0	0	0	0	0	0	0	0	0	0	0
A[Ins(C):R0]A	0.000170397695018528	0.00129146349658141	0.000564290451264493	0.00636865112655084	0.00126622684277814	0.000311242162907121	0.272922170683604	0.000809841472437739	0.000299720272979298	0.000954665335202444	0.00126473029157381	0.0517231804003901	0.00407386462332141	0.00137536096573019	0.00665416256346483
A[Ins(C):R0]G	5.60183290962081e-06	3.12005057400672e-05	6.41655984898479e-05	0.000748604010666004	2.47216017002382e-05	2.08645789914232e-05	0.0124102943337185	0.000619174001751497	0.000130810443312117	0.000398204574586957	0.000115114362361266	0.000449203547382506	8.76183977997213e-05	0.000155289292489429	6.21778806879409e-05
A[Ins(C):R0]T	1.37652127727589e-05	8.05187965098229e-05	0.000300842875037307	0.00131014664560234	0.000148971233727714	0.000131713141711635	0.170600103874877	0.00139080308049149	0.000245835397900147	0.000442464044570168	0.000200432210638918	0.0028556949559351	0.000722507812405946	0.00122593937058439	0.00186028680561706
A[Ins(C):R1]A	2.60152459313007e-05	0.00017975601945928	0.000192478725743131	0.00140981179936632	0.000304908665740803	0.000257456614258824	0.00539321439280544	0.000718524931930213	0.000213830893298002	0.000666031529662484	0.000378538073879534	0.000764014230179262	0.00043186926909777	0.000867736916467734	0.000711520967853813
A[Ins(C):R1]G	1.36898598854527e-06	1.25383894326154e-05	8.34821360245276e-06	6.37347106404303e-07	6.0400452786848e-06	1.22319691702874e-05	0.00013675079820102	0.000175504096136433	4.10320700437072e-05	6.70098174690462e-05	4.17461914675704e-05	1.44211521359138e-06	5.94129035758281e-07	0.000284788008282459	1.8954039288839e-05
A[Ins(C):R1]T	4.37046746376055e-06	4.99283172017318e-05	0.000130969377035882	0.000423397649623208	5.31058043630174e-05	0.000150236673971903	0.00503085193409457	0.000515440481231615	9.58987566186208e-05	0.000171974988532551	7.04875606900875e-05	0.000329170468327836	4.38561038237363e-05	2.82468220960561e-05	0.000378196024170507
A[Ins(C):R2]A	4.7084274194034e-06	0.000102188812378018	0.000106548141789746	0.000831737973857615	8.61856982494091e-05	0.000292074842795786	0.000792332849600901	0.000630140178370047	6.56793638269533e-05	0.000192814502812469	5.15273195971252e-05	0.000183332731940606	6.33060122575074e-05	0.000197181922361358	0.000235404132738727
A[Ins(C):R2]G	4.06995834432378e-07	4.56581321778995e-06	3.20737643817178e-06	2.23071487241506e-06	8.66191760484168e-06	6.53737299675168e-05	9.90386544042612e-05	0.000308691296848816	5.62310220300649e-05	3.04426760327327e-05	4.01990772233854e-06	1.28869870150719e-06	8.91193553637422e-07	1.77395501086343e-06	2.36727678556239e-05
A[Ins(C):R2]T	3.22799135202797e-06	8.63375101686714e-05	5.55644087176239e-05	0.000406348614526893	7.36052941090438e-05	0.000311534793748516	0.000724866603622604	0.000454168289757455	6.91093286628008e-05	0.000411172109334806	4.1571412870947e-05	0.000111871320611791	2.50003244257235e-05	3.82082617724431e-05	0.000139706015585514
A[Ins(C):R3]A	2.47716976833011e-05	0.000571740234603027	4.5056862808909e-05	2.25859880832025e-05	0.000214539047413746	0.000623332955254286	0.000281317951816396	0.000858793691555892	0.000146901951203714	0.000720547437708226	0.000186618228224312	1.06471059386427e-05	0.000284103123914835	0.000860231722191004	0.000357472461669124
A[Ins(C):R3]G	7.35344912831981e-06	9.59618502608473e-05	5.52933628214403e-06	3.74441425012528e-06	5.19027602512339e-05	3.47352808735194e-05	0.00018943445055579	0.000854786197485932	6.87395555020589e-05	7.90790972910363e-05	0.000119930483690445	1.46359352528316e-05	0.000224658950389756	0.000307303591112649	2.5837916176664e-05
A[Ins(C):R3]T	1.63132232794548e-05	0.000373448796633705	5.80128566464818e-05	0.000416426665646911	0.000400527757501657	0.000354463738181079	0.000239969195530783	0.000570409330768948	0.000139621245176692	0.000207055926364262	0.000160537377639285	7.61866399010083e-05	0.000311198534940338	0.000694298699636394	0.00015837232752272
A[Ins(C):R4]A	0.000267898014184255	0.000938140879691901	0.000199345221779781	0.000396708739542528	0.000433884542493142	0.0132674726656457	7.35587526154682e-05	0.00107506040488913	0.000153634372888946	0.000450254364563523	0.000593845885075512	0.000466110047014183	0.00173338709679941	0.000267048458173825	0.000233310916255595
A[Ins(C):R4]G	5.84323287793714e-05	0.00057498275971453	1.38233407053601e-05	7.84733624760298e-06	0.000207227212645462	0.000824750763386076	2.98957883824022e-05	0.000238183976490466	0.000107195964219219	0.000150612853204861	0.000387031019019161	4.29566233835729e-06	0.00142536246170799	4.77603272155538e-06	2.96431104020134e-05
A[Ins(C):R4]T	0.000116322297256096	0.000336926983402401	0.000138531557539403	4.60881626318611e-05	0.000126720646441202	0.0133789357531329	9.21668736623347e-05	0.000566770465793105	0.000238325177497493	7.75602298709482e-05	0.00043438954542275	0.000205056510051727	0.000954421391021803	1.86947566529454e-05	0.00026877331234439
A[Ins(C):R5]A	0.000317053815956869	0.000430664583442043	0.000525323086256508	8.46078283751712e-05	0.00031090288076761	0.0137475628240374	4.89525823986728e-05	0.000613638098162655	0.000309461883145051	0.00027968392009686	0.00070032489010731	0.000564296614748064	0.000725040678295231	0.000390270102389954	0.000312766824409111
A[Ins(C):R5]G	1.9167157484316e-05	0.000218023446788239	1.96417926100999e-05	7.44501088668526e-05	8.33251266947237e-05	0.000887432289612764	2.30240076404756e-05	0.000115941395139668	7.08816896746328e-05	4.26752749321515e-05	0.000305273475487541	0.000106286959571926	0.000428539019502598	0.000354927460250444	3.36065546707612e-05
A[Ins(C):R5]T	0.000144501118604362	0.000284779108490479	0.000460019095002689	0.000155313522991899	0.00031201235478181	0.00512142014449643	8.01471609556659e-05	0.00033515282977445	0.000107782500956947	0.000317214644090004	0.000442727131809822	0.000371237275941321	0.000528086902941361	0.000232388106423109	8.20670338695878e-05
A[Ins(C):R6]A	0.000201371341420535	0.0016667892976212	0.000856233986043774	0.00039694774470743	0.00130912395853545	0.00570328730952512	0.000331309566354741	0.000336153086497668	0.000155304727511608	0.000227291160057693	0.000396404330423261	0.000577521118089721	0.00156416976643068	1.76030920308755e-05	0.000160688532703368
A[Ins(C):R6]G	5.78037864319608e-05	0.000189281816820137	0.000153493291008734	1.60133460484081e-05	0.000311691543018668	0.00183131306853051	5.3274011525039e-05	6.31045583162615e-05	9.59880122091447e-05	0.000129854998463657	0.000254335224493851	4.60249536252567e-06	0.000516923531058955	1.58291370200121e-05	2.88087010822771e-05
A[Ins(C):R6]T	9.83698102665601e-05	0.000364317170198125	0.000693163740036556	5.33778201613604e-05	0.00062289423001731	0.00413730262488694	0.00018338917265224	0.000170429517846661	0.000115203465769078	6.17346112680952e-05	0.000265398062331977	0.000322266725284048	0.000791098446086777	3.38416032841638e-05	8.84905469947997e-05
A[Ins(C):R7]A	0.0010040799306447	0.00372308985708113	0.00120917188232756	0.000190965126756389	0.00475468621534164	0.0102169131964453	0.00041249575945008	0.000186140446723405	0.000253026848336646	0.000197632415596619	0.000705859545667052	0.000304286310067781	0.00355898927393836	0.000586906192440277	0.00107650311340056
A[Ins(C):R7]G	0.000149723028573194	0.000916841572193907	0.000267368706858641	2.89594591472455e-05	0.00147362400927432	0.00127262226614026	6.68758868080276e-05	3.41596293881556e-05	0.000163860513403257	0.000103054337857588	0.000342255331876785	0.000154643844180863	0.00123425616686395	2.36072474522595e-05	6.80619050288404e-05
A[Ins(C):R7]T	0.000206271986384804	0.000964193700848293	0.000466939800218575	0.000169255490944493	0.0011148113289503	0.00384499367741804	0.000166504900382557	2.68905223392562e-05	0.000122050644642127	0.000401340300873591	0.00040652206918335	0.000244668653471865	0.00106406946806846	2.7291615551745e-05	0.000236900314967219
A[Ins(C):R8]A	0.000392947258706156	0.00260305317290702	0.000511219664791758	0.000500317478527378	0.00390648282871938	0.000775939939041484	0.000197770322039983	0.000104395328308735	0.000353095116112598	9.67992171920636e-05	0.0011047172497244	0.000154429061063945	0.00107809404030728	0.00111499895336654	0.000939321905325631
A[Ins(C):R8]G	2.08718473540338e-05	0.000354537977242448	7.32637057384084e-05	0.000317837035124996	0.000545790560014953	0.000113189609451368	5.32503971582282e-05	2.07467041039764e-05	0.000152346542225672	3.49339506620253e-05	0.00029407469874093	0.000103464095749577	0.000224017916430123	3.04301513401957e-05	4.58925125855001e-05
A[Ins(C):R8]T	8.4621743659775e-05	0.000755606893711622	0.000203194073505587	9.32120143116293e-05	0.000999605533293309	0.000379571464372722	0.000313008432076415	7.21521390648472e-06	0.00011126346898738	0.000182933698628025	0.000443795223233632	0.000126844772191208	0.00055349373670734	0.000395182593189268	0.000125262102533526
A[Ins(C):R(9,)]A	0	0	0	0	0	0	0	0	0	0	0	0	0	0	0
A[Ins(C):R(9,)]G	0	0	0	0	0	0	0	0	0	0	0	0	0	0	0
A[Ins(C):R(9,)]T	0	0	0	0	0	0	0	0	0	0	0	0	0	0	0
G[Ins(C):R0]A	3.72883988442259e-06	0.000199375408013833	7.55043518135256e-05	0.00113901894753279	3.32307517988216e-05	4.67038822865518e-05	0.000149242798243903	0.000343003982761429	0.000321511387865779	0.000771927619467333	4.99413656648017e-05	0.00032205194216713	2.67670765583731e-05	0.000311260875367652	0.000117176963952633
G[Ins(C):R0]G	1.30482323061148e-05	0.000130963289923227	5.10198725249467e-05	0.000366912762318127	0.000113166349448441	0.000138326598727149	0.000314992038888517	0.000630840789221439	0.000381682406677542	0.000171697346100922	0.000234585243075405	6.71964322928748e-06	0.000184351985805945	0.00105304698606408	7.0119155593018e-05
G[Ins(C):R0]T	5.17678847942647e-06	2.92390361357134e-05	0.000313816938601292	0.000705344075818812	5.05851405097566e-05	0.000150558567897437	0.00134887624659652	0.000954152217744524	0.000154463174800954	0.000220742065052798	6.96201409883269e-05	0.00147908859300367	4.84215164142999e-05	0.000840581758993747	0.000151056859607445
G[Ins(C):R1]A	5.34825013916516e-06	7.47000828509745e-05	5.04597110061674e-05	0.000612211729895483	3.20296172808663e-05	0.000126153155725141	0.000448318753901979	0.000545681001303371	0.00034360852191977	0.000415157094824069	4.29437485185086e-05	7.67082560420945e-06	3.31148762562116e-05	0.000484289717965716	0.000288439476828522
G[Ins(C):R1]G	6.57420100629684e-07	4.86144141174757e-06	3.7765728201572e-06	2.50955423146694e-06	5.19409521277984e-06	1.11199719729885e-06	5.83274860225382e-06	0.000480278439394545	4.62726482873255e-05	2.65393500821838e-05	1.14771278449376e-05	8.59132467671459e-07	4.06509340255666e-07	0.000225155828301897	1.58465838912001e-05
G[Ins(C):R1]T	4.45664950852395e-06	4.10360088279271e-05	5.79947869200695e-05	0.000188455572524922	4.91262108249905e-05	0.00015251919453478	0.000627173968126556	0.000711579183735802	0.00018687570495978	0.000126833595531224	5.42590443295356e-05	0.000112638403172212	5.14547014915922e-05	0.000340599362085778	0.000209760432524415
G[Ins(C):R2]A	5.51384600528122e-07	7.29685462863656e-06	8.82706135237699e-06	0.000523739984687736	1.48432728268153e-05	0.000186318056715837	9.88025107361538e-05	0.000513461525042146	0.000194628190536714	0.00012119908735993	9.10143358713041e-06	5.64572764469816e-06	9.22463502887858e-07	0.00052659172207092	5.6732640558282e-05
G[Ins(C):R2]G	6.26737487834338e-07	2.03185726958175e-06	5.5112665557318e-06	1.07552324205726e-06	1.16714374781288e-05	7.22798178244255e-05	0.000167614775622662	0.000623571682172539	2.74652202840725e-05	5.10372116965073e-05	1.0564395173682e-05	1.44211521359138e-06	5.94129035758281e-07	0.000393408638178405	6.04946756808865e-05
G[Ins(C):R2]T	5.55626020532185e-06	2.97458273253551e-05	5.02428742892205e-05	0.00050657144700897	4.69225395472156e-05	0.000172681459506856	0.000105815977678945	0.000599438332999221	0.000166487177924389	0.000210012001665724	9.72545790988957e-05	4.35702894319097e-06	8.70868086624639e-05	0.000153924711711842	5.94156981122618e-05
G[Ins(C):R3]A	2.25165256428432e-05	0.000263536111124667	1.98405596006345e-05	3.62491166767447e-06	4.92923454880464e-05	0.000222692070301165	2.10640151951838e-05	0.000814607781952899	0.000197407864641602	5.85988849814618e-05	0.000174228367708119	8.56370970453944e-05	0.000387559751009902	0.000131272670803894	4.83885473609183e-05
G[Ins(C):R3]G	2.00465753128178e-05	8.6398512811869e-05	5.03241880580756e-05	0.000117909214684796	5.68906193305651e-05	5.38733379007155e-05	4.20335729231247e-06	0.000559740644296527	0.000192231040391215	3.67631243292281e-05	9.26585493358355e-05	1.3807486087577e-06	0.000426803537319199	0.000169890306809613	5.27979690246976e-06
G[Ins(C):R3]T	1.50516264356932e-05	0.000165162310202007	5.92958072217505e-05	2.3263169383757e-05	7.8467119995712e-05	0.000206538847856192	8.4846419951004e-05	0.000449123891627435	8.92683413225587e-05	0.000119712883755328	0.000157812126188231	0.000108035907809686	0.000247970697555956	3.13853578845068e-06	7.50824524086912e-05
G[Ins(C):R4]A	0.000332458743654603	0.00028491519130992	0.000172285806477458	9.66775892027027e-05	0.000214724278015084	0.012693360217914	0.000285993596444923	0.000709628251980388	0.000666394989650177	0.00015485914921801	0.000529423789016393	0.000273817790767861	0.0022740757892887	0.000346603517507162	0.000278894121938089
G[Ins(C):R4]G	2.23820636044165e-05	7.95380617076461e-05	4.16868588330271e-05	3.34607230862259e-06	6.52489115167186e-05	0.000632199669748538	1.29879017459093e-05	0.000253198605967211	0.000225370366072879	4.06337864642912e-05	0.000183323328013893	1.88088643815216e-05	0.000595411103677549	0.000239347468388804	2.79670985787499e-05
G[Ins(C):R4]T	0.00014695798370246	0.000303474072375037	0.000159257533734237	1.52963305537033e-05	8.28343610808691e-05	0.0155988040528669	0.00032712982342924	0.000385902924123558	0.000162967957498018	0.000163515060321738	0.000405622283074807	1.13835051966468e-05	0.000796617592129479	0.00019690900620584	5.30569236411675e-05
G[Ins(C):R5]A	0.000178553404228467	0.000277097467958596	0.000497233696548688	3.67271270065479e-05	0.000518829004754203	0.00560033977952256	0.000157248068592746	0.000539554428873664	0.000197191101064615	0.000239278780340969	0.000524212797524472	0.000164769333978419	0.000638407283896899	0.000435983558439127	0.000163608965322445
G[Ins(C):R5]G	4.69344708492097e-05	4.32133339389801e-05	0.000113974799345175	6.80766378028096e-05	0.000123443783431963	0.000941012996672085	1.48534367239581e-05	0.000225525555200093	8.44612902329137e-05	7.73969107935194e-05	0.000344255575815919	2.16624115062875e-05	0.000386949986999519	2.45624539965705e-06	2.16083241076555e-05
G[Ins(C):R5]T	0.00026176194284008	0.000491568683908329	0.000882046590223653	0.000205265602456336	0.000771071072712481	0.00324612466050433	0.000200792960991758	0.000298994842665556	0.00018937486149445	0.00016052632120479	0.000719485802922321	8.14334846142876e-05	0.000976529245141862	0.000242076629943978	0.000235569575965916
G[Ins(C):R6]A	0.000407442537177487	0.00186166928008247	0.00128683556644734	0.00038953858459548	0.00198831110501509	0.00836921280079671	0.000125156144096944	0.000346543684355229	0.000170210411129101	0.000164756285310197	0.000673370146539166	0.000271854059413183	0.000908298215877411	0.000257496392730714	0.000204207294637894
G[Ins(C):R6]G	0.000253751976040919	0.000333074431858921	0.00042615642770616	0.000180528567889019	0.000978789050971797	0.00165479814500139	0.000134932491956592	0.00013718391615386	0.000272433563876273	8.97275011393955e-05	0.000534582994257461	5.24684471327927e-05	0.00106009818451365	0.00062838944807893	2.26657221249076e-05
G[Ins(C):R6]T	0.000286747967598055	0.000679653910419589	0.00123808344458713	0.000405392593867287	0.00111365602468422	0.0049049903742011	4.45130814382528e-05	0.000105677985098206	0.000126258408195397	0.00010006559874064	0.000889033988209747	0.000258721605978776	0.00109080527467758	1.80124662641517e-05	7.39962816562757e-05
G[Ins(C):R7]A	0.000887437270813827	0.00239284275695909	0.00124550106727936	0.000348350027844102	0.00460029746392324	0.00642175455131674	0.000132689127109572	0.000110211476238133	0.000260486065544715	0.000390054952623259	0.000618813331267235	0.000221349343635068	0.00172406865192278	0.000617472801858231	0.000460183933018396
G[Ins(C):R7]G	0.000196122809772955	0.000817454188891963	0.000467111462619491	0.000159575781765977	0.00192956627007732	0.000976245749975975	3.27295123996915e-05	3.1395989045128e-05	8.74704787134342e-05	0.000116642485099666	0.000423048356486297	0.000113835051966468	0.00100029440657219	2.59270347741578e-05	5.62794699794596e-05
G[Ins(C):R7]T	0.000300405340011136	0.00048177072090859	0.000559465834312426	2.38208481018608e-05	0.00160712371380573	0.00320342982074488	0.000179020514792252	2.26351198141887e-05	0.000137389855413594	4.04541354791195e-05	0.000433463866188781	8.85213274725771e-05	0.00100131067992283	2.06051697415675e-05	0.000136073457771145
G[Ins(C):R8]A	0.000426911106211028	0.00108875640574679	0.000494857527525479	0.00019259832871655	0.00346867979969071	0.000869347703614588	0.000219117709636896	1.43743789448581e-05	0.000200009027565442	0.000247020104611095	0.000938781155433856	0.000129974469037725	0.000820883072747817	0.000346467059429403	0.000552256685541029
G[Ins(C):R8]G	4.72390409026929e-05	0.000303089286471791	0.00012178092115526	3.84798315491598e-05	0.000740851750380774	0.000186493635220674	8.09736637940419e-05	1.1477083608642e-05	9.79643859993171e-05	3.47706315845965e-05	0.000349725498562097	8.00527360055299e-05	0.000586092658800919	3.23405644288179e-05	0.000185915028257811
G[Ins(C):R8]T	0.000112743711931391	0.000559230000236503	0.000215011674579189	5.47321827624695e-05	0.000947462164219719	0.000524540783199525	0.000302240280810715	3.43859805862975e-05	0.000215692509900358	7.32976019500559e-05	0.000440228445206243	5.82369079871582e-05	0.000495941395111913	2.19697505191548e-05	4.79209904145143e-05
G[Ins(C):R(9,)]A	0	0	0	0	0	0	0	0	0	0	0	0	0	0	0
G[Ins(C):R(9,)]G	0	0	0	0	0	0	0	0	0	0	0	0	0	0	0
G[Ins(C):R(9,)]T	0	0	0	0	0	0	0	0	0	0	0	0	0	0	0
T[Ins(C):R0]A	1.33361074085181e-05	5.50806942964218e-05	0.00024549530303663	0.00145749332976419	0.000204465939969844	0.000124894843107145	0.00117016271857281	0.000298113150855651	0.00027470320603531	0.000420840598718592	0.00019454799788593	0.000496670616221354	0.000218326785666543	0.000539145865224723	0.000424599252805156
T[Ins(C):R0]G	6.77499163414873e-06	7.64269269045682e-05	0.000138115953831921	0.000544652936616627	4.30727983895081e-05	0.000148656467428373	0.00036838412224761	0.00116537884439914	0.000331316752024763	0.000231210817915985	7.02545225612563e-05	9.61307864719529e-05	8.0567024243748e-05	0.00213270329729112	0.000126276341448034
T[Ins(C):R0]T	0.000205271642964696	0.000870930044421186	0.000637635470771757	0.00941564830549321	0.00163539716002647	0.000676503979135655	0.0223786506099048	0.0014750531521656	0.00140091749646739	0.00082273618445544	0.0011877694495273	0.0023062797428592	0.00233447369626591	0.00147129099439458	0.00335027570286595
T[Ins(C):R1]A	9.54815837297512e-06	0.000146819284643589	0.000192081191762062	0.000593728663809758	8.57464916689167e-05	0.000494458332704177	0.000148132923003798	0.000320276166742287	0.000119946762865492	0.000630509630321715	7.69608420465103e-05	0.000264428700228308	0.000452491800628432	0.000544604188335072	0.00037466417092921
T[Ins(C):R1]G	8.82576332760235e-07	3.29883524368585e-06	1.0209395422913e-05	1.92797499687302e-05	5.95029436875809e-06	1.43389112283273e-06	5.66744803457861e-06	0.00023351036318026	3.2157514185901e-05	2.31259813639214e-05	8.06570857010277e-06	1.74587990751807e-05	5.47224111882628e-07	0.000772079803958867	4.68276264783081e-05
T[Ins(C):R1]T	4.08372039859228e-05	0.000131887714593221	0.000229702362152336	0.00197848475505556	0.000182446413536548	0.00137536495455385	0.00236018511963345	0.000946091959364976	0.00043999180888695	0.00114863940346466	0.000657212836273534	0.000204841726934809	0.000413091664572883	0.000951931550444867	0.000970173470604504
T[Ins(C):R2]A	7.58627601364919e-06	0.000189755760432672	0.000166611912384017	0.000244064107558698	4.57309529984014e-05	0.000247594954903832	0.000448460440102843	0.000550751268141749	0.000123669996070204	0.000307480827075246	7.49217584192371e-05	4.63011033470083e-05	6.54636387557875e-05	0.000185992359985142	9.85538111181719e-05
T[Ins(C):R2]G	1.03328210737267e-06	1.6254858156654e-05	4.90593072092191e-06	0.000299314134845121	1.58763630878866e-05	0.000182660171198406	1.95999244529177e-05	0.00020216611155185	3.10991978982604e-05	0.000136992042147297	1.47655547740003e-05	3.86609610452157e-06	3.39278949367229e-06	2.26520409079484e-05	2.9621530850641e-05
T[Ins(C):R2]T	1.27188454334588e-05	0.000152187517244978	0.000465277385388649	0.00142439111442532	0.000176284154252857	0.00045381190883449	0.00101487464242535	0.000825834801380736	0.000408369828244192	0.000242904463859889	8.78294814439441e-05	0.000330367117122093	0.000234118110038013	0.000152696589012013	0.000110681518989512
T[Ins(C):R3]A	2.8301551799448e-05	0.000310409603655504	0.0002786803555927	0.000167184112848679	0.000196476199392539	0.000579321276708563	0.000371831819801978	0.00145444441450621	0.0001832162257483	0.000163743707030138	0.000210873613466828	0.000183700931569608	0.000275050473606834	0.000533960458269892	0.000285375180533628
T[Ins(C):R3]G	8.42418207189856e-06	7.18282661096719e-05	5.31882396944149e-05	2.74855939636856e-06	3.93128081417274e-05	0.000231266153954022	7.21891193404451e-05	0.000650837300783002	8.34412263412119e-05	5.30787001643676e-05	0.000108712287099764	2.12328452724518e-05	0.000244796797707037	0.000352607672928546	2.69456664804519e-05
T[Ins(C):R3]T	2.43434947488484e-05	0.000627872051366853	0.000566341365212282	0.00056883229246584	0.000435734938912695	0.000693886251114485	0.000303680757186171	0.00091686247464492	6.72477120604449e-05	8.68694172843911e-05	0.000158206996350972	0.000173360658655134	0.000303646842196357	0.000119264359961126	0.000129772228770377
T[Ins(C):R4]A	0.000886785265291926	0.000749384624105467	0.000539218705867517	0.000165471242500217	0.00110177453188499	0.0409923720503835	0.000242401475312289	0.00167103233096824	0.000301237618018205	0.000277266797750913	0.000706364461612852	0.000253658861079998	0.00555355862185203	0.000701530977757606	0.000421355126915492
T[Ins(C):R4]G	3.34724744852518e-05	0.000114196948065916	8.4132646175368e-05	1.07552324205726e-06	8.82977090234291e-05	0.00116982105155839	8.90261628765057e-06	0.000305994484002382	0.00015317534413768	8.46482778313591e-05	0.000230481182695433	9.25408400891829e-05	0.00064281634674121	0.000222426666746722	1.72852206493662e-05
T[Ins(C):R4]T	0.000552052398571315	0.000595948898930445	0.000469370178421021	3.3181883727174e-05	0.000258358496990092	0.046607167793471	0.000309135675919453	0.00107347379077644	0.00015502420994139	7.51594394327445e-05	0.000480440468992341	5.4493545092304e-05	0.0014937498407187	0.000484426176043474	0.000549818196235938
T[Ins(C):R5]A	0.000281552679307972	0.000619960477795226	0.000697870903766944	2.71669204104834e-05	0.000654645046599255	0.0142551895446044	0.00014341004964165	0.000953285616014495	0.000162100903190071	0.00010997906674057	0.00062866566549171	0.000504464175035231	0.000920587305932832	0.00028901820869298	0.000307400709301151
T[Ins(C):R5]G	6.03576627322793e-05	0.000206597182466226	0.000110839701812652	4.59288258552601e-05	0.000125282722288547	0.00172113755674551	6.42074633584135e-05	0.000236802156318952	0.000223559752665108	0.000131177882990831	0.000183802350834268	5.79914415678235e-06	0.000422253759703261	1.50103885534598e-05	5.85309365059897e-05
T[Ins(C):R5]T	0.000268805858551082	0.000964174930804233	0.000864952629037678	3.55321011820399e-05	0.00097058543588573	0.0109684184602304	7.92970437504791e-05	0.000583938665240743	0.000524529603911741	0.000532077222355364	0.000661938331663723	7.8702670699189e-05	0.00121910587645212	0.000356292041028031	0.000371197056342029
T[Ins(C):R6]A	0.000361089231111813	0.00181711388799314	0.00128067378974077	0.000198772628809842	0.00146058530261518	0.0115853720631422	5.55409907388704e-05	0.000512549653072489	0.000408038307479389	0.00044904580339055	0.000445258184820184	0.000364026699873364	0.00122024722959976	0.000379216998091497	0.000358457927848468
T[Ins(C):R6]G	9.06978034230415e-05	0.000280095982497309	0.000219592350224691	1.44598124765476e-05	0.000432941203141998	0.00262805906039514	3.4524204277308e-05	7.78303205496637e-05	0.000155138967129206	0.000134411600723922	0.000328188891489278	5.70095758904847e-05	0.000734968887182245	1.32364335425963e-05	9.34754233618454e-05
T[Ins(C):R6]T	0.000191120641457525	0.000691300722759317	0.00106571632434082	0.000199808317857749	0.000987441420607498	0.00731480535308428	7.73606656719981e-05	0.000232544598068188	0.000201398864617885	0.000182329418041538	0.000484298544680769	8.36119990858831e-05	0.000549225388634655	0.000252720360009159	0.00032756320346685
T[Ins(C):R7]A	0.000697542580223433	0.00324285827978553	0.00111070994310729	0.000218849062661577	0.0043206870972188	0.00768223263753913	0.000136821641301452	0.00013922538838853	0.000116083270875671	0.000122374984717417	0.00059877205218775	0.000153447195386606	0.0014494872275547	0.000641352965466008	0.000500487341798421
T[Ins(C):R7]G	0.000147047324251482	0.00103199109999591	0.000285745618619885	4.98724110761367e-05	0.00145415188100788	0.00111237761739267	0.000105461762176784	5.9825699531749e-05	0.000193620877443659	9.55416602958617e-05	0.000387529461683605	0.000213893301147776	0.00107174624060944	1.86947566529454e-05	0.000106890711131745
T[Ins(C):R7]T	0.000274935161671846	0.000978013145788059	0.000566440748707549	5.56882034220759e-05	0.00130803549005336	0.00493943302423323	0.000193259977979131	4.83938861627354e-05	0.000133959890577746	0.000263450003800435	0.000490978971040598	0.000157313291491128	0.00103269007399564	3.39780613619226e-05	0.000239252486066821
T[Ins(C):R8]A	0.00035291863181037	0.00251197153410198	0.000609844231549739	0.000409933692000417	0.00324886454452957	0.000884944927460911	8.62868963264594e-05	3.53215655386173e-05	0.000218064158448564	0.000128319799135826	0.000872844311537333	0.000125341290372782	0.000640314750801175	0.000334731664742153	0.000676749117408937
T[Ins(C):R8]G	4.24408217193737e-05	0.00039697704686392	0.000175466078326012	0.000111734914591504	0.000466496585891618	0.000247975374997644	4.51506693421429e-05	6.21926863466042e-06	0.000112895571214103	8.3276397580957e-05	0.000438299407362029	5.06274489877824e-06	0.000416593898888932	4.65322045157253e-05	4.70218424406605e-05
T[Ins(C):R8]T	9.50375882740067e-05	0.000774649103411305	0.000201215438463447	3.42574069692313e-05	0.000931184786427904	0.000559451642577881	0.000248375910115408	6.15761487973796e-05	0.000180984835985202	9.62929280520342e-05	0.000557355998069357	7.84572042798543e-05	0.000419799068687101	0.000340599362085778	0.000209436739253828
T[Ins(C):R(9,)]A	0	0	0	0	0	0	0	0	0	0	0	0	0	0	0
T[Ins(C):R(9,)]G	0	0	0	0	0	0	0	0	0	0	0	0	0	0	0
T[Ins(C):R(9,)]T	0	0	0	0	0	0	0	0	0	0	0	0	0	0	0
A[Ins(T):R0]A	0.000717887408581217	0.000366264562269433	0.00267172650327068	0.0227494676159952	0.00459266481739182	0.000531973606570944	0.0335092587917823	0.0024427476387361	0.00101538434859867	0.00145130231775575	0.00121040004114935	0.00797017190258812	0.00173438773517543	0.00230354881064504	0.00623319586847404
A[Ins(T):R0]C	5.93573193121722e-06	1.48330273190483e-05	0.000272446299980479	0.000715023784997327	4.44954457915379e-05	0.000117023073473635	0.00122990706660399	0.00123357953826214	0.000463555284785263	0.000655530112983811	8.16992839994118e-05	2.16010449014538e-05	0.00010184622470867	0.000258860973508302	0.000103437982912146
A[Ins(T):R0]G	0.000140506964362239	9.36672123744143e-05	0.00603490012256876	0.00199868069148974	0.000243339541531079	7.17823453940549e-05	0.000971400593126774	0.00303789392187341	0.000355670777439145	0.00172453513429417	0.000832845906035997	0.00263262734736468	0.000671741049797863	0.00154811689217274	0.000305947686175404
A[Ins(T):R1]A	7.6725483013914e-05	0.000170244299631469	0.000626621972523499	0.00395139272293008	0.000403997489487548	0.000550145981821538	0.0114462850374035	0.00182844557705889	0.000785079423449688	0.000682853394637653	0.000745663752727695	0.000238102426754661	0.00057827517148831	0.000742331943007465	0.00214273436034782
A[Ins(T):R1]C	6.84673480230256e-06	2.94220440653062e-05	0.000549653972870583	0.00181233633125478	3.90588321625731e-05	0.000130249987504663	0.00178038157132925	0.000804473715453232	0.000155483238692656	0.00036768023901551	0.00013305829828127	0.000248780215995721	9.15896813545266e-05	0.000299116106447126	0.000364946179627797
A[Ins(T):R1]G	6.36781531375874e-05	0.000144463644113958	0.000832734306844662	0.00303405106584353	0.000240203988465129	0.000105142261313021	0.00291698827466399	0.010541847883885	0.000336672087456198	0.000955857564467674	0.000338487882127347	0.000600779061321684	0.000494893851812023	0.00144631916616473	0.000308896891529644
A[Ins(T):R2]A	0.000132663044644087	0.000204964188632936	0.000499826702288843	0.0023261576015991	0.00103167334245074	0.000598517859904038	0.00380739158962991	0.000984440163781605	0.000375855291696195	0.000391524824320118	0.000653827310124125	0.000527783484872027	0.000642441107350205	0.000449083533903965	0.00158210480887427
A[Ins(T):R2]C	4.92988368940275e-05	7.87262573020164e-05	0.000283414623912706	0.0051028797732319	0.000183588350645829	0.000237206560034329	0.000994589901334925	0.000440643266737053	0.000318438445392027	0.000546465633076843	0.000373540700672376	7.7567388509766e-05	0.000453289184334318	0.000713402830522615	0.00029864660462771
A[Ins(T):R2]G	0.000319785019710549	0.000205696220351308	0.00105014022017347	0.00102369895546776	0.0007642939242161	0.000227432689931755	0.000335536538013865	0.0173391872984401	0.000281958410465039	0.000318014907569405	0.000673739123576482	0.00046730669580844	0.00149654850117661	0.00118063528876849	0.00053771206791597
A[Ins(T):R3]A	0.000137474800274228	0.000140582937504388	0.000920652560703394	0.002532897069239	0.000993452821978759	0.000374889370910411	0.000645168115636343	0.000776179815685496	0.000788879161446277	0.000372024526475117	0.000455531282332827	0.00106259344599751	0.000753136727696748	0.000802509955299063	0.0015659201453449
A[Ins(T):R3]C	7.14841708046385e-05	0.000131099372742668	0.000442590843878088	0.00390199832218374	0.000343923577245327	0.000207797160474188	0.000906909757366632	0.000409697824362512	0.00038100661434929	0.000261049213362231	0.000440435590209649	0.000740817653552132	0.000470425116523557	0.000197181922361358	0.000390374084328384
A[Ins(T):R3]G	0.00019800211980667	0.000145486611515272	0.00107275448277839	0.000611654051177379	0.000359312993907015	0.000163873271180884	0.00021734663212609	0.00867109403430485	0.000870930550735045	0.000386592588181768	0.000462444746821486	0.000471203475215378	0.000801292449542419	0.00115661866708295	0.000509953571667154
A[Ins(T):R4]A	0.000583061239735058	0.000286496567522043	0.00608968753305066	0.00118602329663011	0.00121091545754352	0.0081999843852183	0.000401184477747733	0.000483009743852124	0.000410881735577508	0.00100529424920538	0.000560683264686558	0.00351201079463126	0.00278003920313538	0.000939513865368823	0.0016759830505284
A[Ins(T):R4]C	0.000424131622463685	0.000307908495284402	0.00536172149994414	0.00324867770392518	0.00122115851883814	0.0233676846825429	0.000756061182179598	0.000299964919229022	0.000401586403364375	0.000304018462633755	0.00140330382557075	0.00120484123600197	0.00104493225912719	0.00126633096160097	0.0018618261469483
A[Ins(T):R4]G	0.000365642891822557	0.000682155018790691	0.00465787855159795	0.000479444360792637	0.00172142245239431	0.00293011261488248	0.00104358971246722	0.00242925064014975	0.000965987754643012	0.000435294337071043	0.000509660861035234	0.0010933687983216	0.00172660151781207	0.000577627043152684	0.00133319907016015
A[Ins(T):R5]A	0.00132689124864963	0.000726701025857988	0.0302789165269169	0.00124159199746973	0.00689409011282761	0.011168958375838	0.00196813940184148	0.000401648344611447	0.000875367828663948	0.000522506724418035	0.00215796543938388	0.01486989543376	0.00375001739390927	0.00128816425404237	0.00438822335114766
A[Ins(T):R5]C	0.000751664904334846	0.00110443877755959	0.0218643057147624	0.00373879762875009	0.00662305955119339	0.0017057744375723	0.00134349217096367	0.000451738786897398	0.00132550927327333	0.000358338387786581	0.000943118253942659	0.00748991685315978	0.0020752458169798	0.00155357521528309	0.00568517596818581
A[Ins(T):R5]G	0.00101262187980394	0.000956333744897833	0.0216161360922168	0.000813693083907543	0.00682418561155767	0.00330195862504239	0.000728644902312324	0.00261603349313074	0.000762574263839016	0.000375241912300465	0.00137353320461257	0.00182559512719702	0.00232556176072954	0.000300890061457989	0.00465999622113283
A[Ins(T):R6]A	0.00302332253216173	0.000682896435531093	0.0517556537147265	0.00150800308794673	0.0155410689651511	0.00486024711855189	0.00228683889631928	0.00105021782196164	0.000468885118619405	0.000603643642084674	0.00153614850556726	0.0287430744718115	0.00460520360098482	0.00169903952617389	0.00969369991975068
A[Ins(T):R6]C	0.00166415588214075	0.00194860273915007	0.0361630157477124	0.00174716758962495	0.017524890615076	0.0006099889888867	0.0012631088663399	0.000984920890611944	0.000980727677878104	0.00109142873064134	0.00105271738058825	0.0163340105751843	0.00211186292755206	0.00231146337915505	0.0112798472979154
A[Ins(T):R6]G	0.00322024399229715	0.00229533707057424	0.0385139323282602	0.00163630902730475	0.0259685531029142	0.00611001491597925	0.000956145712167033	0.00264554753364275	0.00130282560248161	0.00105935286383432	0.000844931522328438	0.00162216483217338	0.00193623525758699	0.000413331517531179	0.0116478649670219
A[Ins(T):R7]A	0.0051659354075799	0.00100919018897305	0.0403114002933909	0.00057170035444466	0.025855495600314	0.0173300081105564	0.00291073046745914	0.00104287757596475	0.000483816303834191	0.00096047949435891	0.00229205298940082	0.0301846987525642	0.016198115141269	0.00263145757149926	0.0160513954132764
A[Ins(T):R7]C	0.00279982361233702	0.00151840740680955	0.0286879132557724	0.00169331175913378	0.0228319230260449	0.0150117865850297	0.00333090089612271	0.00116090571357872	0.00135908212610897	0.000523535634605836	0.00100199922116068	0.0189149979245814	0.00232176246189561	0.00104799803718701	0.0150183391299725
A[Ins(T):R7]G	0.00467056868493309	0.00123164336615964	0.0241256325917584	0.000715621297909581	0.0299598619990773	0.0165930173365045	0.00221656254069051	0.00216130255896648	0.00165020836080068	0.000982102940210486	0.0010956999687949	0.00121932375474272	0.00213664436233303	0.00077931208208008	0.013322927290025
A[Ins(T):R8]A	0.00473726727057145	0.00101994542421989	0.0365488134414768	0.00143450899973948	0.0377512454270694	0.0100890042556718	0.00552363654070118	0.00074063621040013	0.00148032947043638	0.00149115217264839	0.00219524506671551	0.0136053138079525	0.00311842695894897	0.00377074606270685	0.0174354934519405
A[Ins(T):R8]C	0.00343744440341583	0.0013800299494823	0.0320304060731917	0.00104114633250558	0.0300906500803726	0.0163068243736208	0.00248269645464759	0.000762279696393888	0.00138676410997003	0.00161785511291767	0.00104910528959137	0.0170455563582307	0.00164384559712079	0.00111895623762155	0.0147795254281169
A[Ins(T):R8]G	0.0040191398156666	0.000971448322877793	0.0273264135797897	0.00120494453885148	0.0373994791479715	0.00970975468522461	0.00307381128465414	0.000891696532862936	0.00174151682990664	0.00196498981199263	0.001520560844061	0.00115765031688487	0.00175494772680759	0.00180834244645863	0.0152243950728446
A[Ins(T):R(9,)]A	0	0	0	0	0	0	0	0	0	0	0	0	0	0	0
A[Ins(T):R(9,)]C	0	0	0	0	0	0	0	0	0	0	0	0	0	0	0
A[Ins(T):R(9,)]G	0	0	0	0	0	0	0	0	0	0	0	0	0	0	0
C[Ins(T):R0]A	1.24047998672006e-05	2.45042925213763e-05	0.000246850532517548	0.00311344061478502	0.000130430987249449	0.000133673768348978	0.00121550230284944	0.00219112702397879	0.000325872161002804	0.000338364464617036	0.000273638549498703	0.000201558613576208	0.000206084600534998	0.00123508206179422	0.000302811458042601
C[Ins(T):R0]C	2.51872666007204e-05	0.00015271307847868	0.000745746643896161	0.0154387776319846	0.000560561268276295	0.00022351143665707	9.29225334002785e-05	0.00202118901159095	0.000385341885889023	0.00033555537648526	0.000432479927422605	0.000150256131935255	0.000315013468748891	0.00108402296971531	0.000143813323530079
C[Ins(T):R0]G	6.65000510849711e-06	3.14632863569184e-05	0.000474628468806981	0.00112854255447127	0.000112169541470106	0.000122700111796687	8.61452101255949e-05	0.00154611880547937	0.000298355937524147	0.000239605418495827	0.000125814696443433	0.000239636591875503	8.89786405921153e-05	0.000927914928759331	8.7202967096241e-05
C[Ins(T):R1]A	1.06640128059588e-05	4.07450731449847e-05	0.000305297062597923	0.000876511608082517	8.18852929482399e-05	0.000886261766247186	9.32531345356289e-05	0.00178360217111844	0.000473819677695512	0.000665917206308284	0.000173988856297931	0.000192844555689826	9.06046779531379e-05	0.00135789433177707	0.000382087536601347
C[Ins(T):R1]C	2.43922259574057e-05	0.000154585390373745	0.000888163192614195	0.00527249377192375	0.000172906082770722	0.000276945828295693	0.0006765043803942	0.00149343933663181	0.000173143094817744	0.000723209538670316	0.000353525314718317	0.000303212394483191	0.000378006781513894	0.000971581513642123	0.000114975849712638
C[Ins(T):R1]G	1.93259851270213e-05	9.67642696444466e-05	0.00042922828119624	0.00126728505269666	0.000193844779097241	0.000125304526285097	0.000574938988741189	0.0195279559585068	0.000393374889036175	0.000296407793625572	0.000330150295740274	0.00023957522527067	0.000222579498764602	0.00127629240127736	0.000327534430731687
C[Ins(T):R2]A	7.7715899706352e-05	0.000136584918119437	0.000151713422957128	0.00177278097646357	0.000349035559923493	0.000263894492769502	0.00118617325927049	0.000751110881559858	0.000244649573626044	0.000812300095407739	0.000633779557763284	0.000200208548269867	0.000466406928044876	0.000294749447958846	0.000272139722358499
C[Ins(T):R2]C	0.000108444085205997	0.000155218879360797	0.000642008344563518	0.00605941827736231	0.000865443199703503	0.000229949315167747	0.000762082845716337	0.000739579904808801	0.000346923729567801	0.000134182954015521	0.00121735881860751	0.000423460256654779	0.00114615308485085	0.000606692613715292	0.000218478571278902
C[Ins(T):R2]G	0.000599199391635622	0.000227774484677825	0.0004340438632851	0.00114877832509961	0.00136627237303283	0.0006762406113784	0.000437385302068604	0.0160906642696492	0.000366929732643804	0.000502728784141404	0.00168452906081918	0.000185664662924286	0.00184328533344007	0.00166847291675593	8.64548759819946e-05
C[Ins(T):R3]A	4.55280340244583e-05	0.000155767903149576	0.00150154005567753	0.00135978005151358	0.000253830850023363	0.000209465156270137	0.000469382769097163	0.000887311786796073	0.000380050304450819	0.000470195623917582	0.000481353201663597	0.00228234676697406	0.000484731118305632	0.000288472376381945	0.000279750110809198
C[Ins(T):R3]C	7.77411677404188e-05	0.000241284223890587	0.00171015504710678	0.00369661321714496	0.000713166459059127	0.000108390463652499	0.000523955570796793	0.000784957930722008	0.000471205763973026	0.00100380804560078	0.00117732157341803	0.00162099886668154	0.000761251279527236	0.0010470428306427	0.000480670120454682
C[Ins(T):R3]G	0.000319573851140134	0.000159981778041226	0.00175018852597309	0.000677300803137022	0.000305326866789185	0.000221199653010053	0.000531701083110717	0.00881117309006923	0.000577062894334387	0.00118094391698008	0.000729389923397648	0.000894786465079824	0.00129248081236827	0.00161088760794175	0.00033907949071597
C[Ins(T):R4]A	0.000182698715460097	0.000118415515468581	0.00844232977247088	0.00144235633598709	0.000553679092119362	0.00178855970260279	9.83538377667497e-05	0.000299208259509519	0.000363920544163284	0.000319827749328865	0.000848291155352422	0.010928686604922	0.0014189208521624	1.07801881429393e-05	0.000433583539359904
C[Ins(T):R4]C	0.000249497019590035	0.000277247628311083	0.00958334264677149	0.00337941352912636	0.000554884045824974	0.00926583369882925	0.000771623049907878	0.000493240818008137	0.000613338916483034	0.000679685004535534	0.00116021916407437	0.0109937658893482	0.000870868086624639	0.000169480932576337	0.00112810701391598
C[Ins(T):R4]G	0.000137093072473862	0.000221233124322636	0.00702334126190766	0.000249322221186533	0.000946007053722609	0.00121140389412054	0.000162584915491974	0.00142983464995394	0.000368600087266466	8.48932564475024e-05	0.000598513120933493	0.00441704548271831	0.000822665459855092	0.000527956302848508	0.00032816743090528
C[Ins(T):R5]A	0.000338564583600877	0.000368784440684596	0.0189329172429479	0.000481914080829953	0.00198630985068311	0.00197979395745405	0.000918882241339679	0.000536818812964692	0.000507188517752809	0.000370277012346628	0.000594098343048412	0.0295470076784351	0.00213837984451643	0.000359430576816482	0.00175438875384845
C[Ins(T):R5]C	0.00022462244491089	0.000493624003732986	0.0171852675135357	0.00153907375938394	0.00260204501343839	0.00218285049829765	0.00118858192468519	0.000569598777907031	0.000850988301652274	0.000347461337229822	0.00075712793400992	0.0150149660875868	0.00183504570181258	0.000356701415261308	0.00221183208384254
C[Ins(T):R5]G	0.000357365354591224	0.000549647892743463	0.0121386278330417	0.00147649424037387	0.00209986575727251	0.0010632156360384	0.000706872456112817	0.00148690102059405	0.000463963310341943	0.000352181258567515	0.000946024757271693	0.00600410861692682	0.0012965302707962	0.000201412122771878	0.000930675698409053
C[Ins(T):R6]A	0.00109488737928699	0.000623634713920127	0.0165612837210684	0.00107269501427259	0.00612617750830701	0.00831372999326832	0.000573120682496762	0.000594963046453101	0.000268952595845841	0.000427340698000259	0.00109358320579135	0.0158018700613691	0.00258946449742859	0.00167666040142146	0.00586303463059789
C[Ins(T):R6]C	0.000993650549583644	0.0017334417240811	0.0186718910100599	0.00157098094889831	0.011580676393067	0.00481617691383789	0.000871913265753109	0.00056476995234667	0.000526607984091084	0.000862880013687445	0.00101078346396135	0.010136719886241	0.00220758024220765	0.00141165881441401	0.00954452048111265
C[Ins(T):R6]G	0.00132897180052609	0.00163412003593337	0.0132850435555396	0.000530113455751779	0.0105596127539259	0.00414058009031056	0.00100358697508982	0.00111614206948904	0.000911274077651854	0.000662765148113908	0.000739183998089916	0.00151845527000447	0.00221600749353064	0.00254385148557816	0.00659069710287833
C[Ins(T):R7]A	0.00249432270252739	0.000327438726129666	0.0131157663585098	0.000309671025324191	0.00965774596154275	0.0162683141548933	0.0020958931262876	0.000602389521477852	0.000366687467469525	0.000771437662235047	0.00129176271451823	0.010718598033274	0.00630777416279792	0.000505031345785042	0.00761246728081446
C[Ins(T):R7]C	0.00135567605160061	0.000918146090256132	0.0156301055447299	0.00123597537609454	0.0109252484129982	0.0178681562278808	0.000843245424444865	0.000691813334823773	0.000339579269547548	0.00126008834190209	0.000984670246969537	0.0070096004371266	0.00208259425505365	0.00353863087243926	0.00668354671925037
C[Ins(T):R7]G	0.00249910377554473	0.00114472398462508	0.0137071162250766	0.000903479357522249	0.0165578493853355	0.0176444106865506	0.00131043205742863	0.00106070327174985	0.000643163034516667	0.000754191167658563	0.000961075136425376	0.000918136458219038	0.00138982416438487	0.00252242756737004	0.00749564997605137
C[Ins(T):R8]A	0.00243734915150048	0.000637031832868525	0.0200961829853252	0.000547321827624695	0.0198506441358834	0.0064678731719205	0.00206436794659526	0.000594061953111927	0.000219122474736205	0.00197753271713916	0.0030518608618923	0.00519192160195313	0.00145239533283499	0.00154566064677308	0.00935421761074243
C[Ins(T):R8]C	0.00212650721098998	0.000648472174723583	0.0311495340151848	0.000256731381298483	0.0235867682799989	0.00726725284135768	0.00129002924450415	0.000418128867561873	0.000290552448752628	0.000758225148871055	0.0014438200935806	0.00298333749398914	0.00110922327478609	0.00190277143626766	0.0083580983262044
C[Ins(T):R8]G	0.00291541855118391	0.00158036732225425	0.0246400234935355	0.0012222325791127	0.030432238224366	0.0063797327624925	0.00160842175221341	0.000785382608684236	0.00109046105102793	0.000831016461681082	0.00193211265285829	0.000255530542527425	0.000730950698703563	0.00245488081887947	0.0104151834471548
C[Ins(T):R(9,)]A	0	0	0	0	0	0	0	0	0	0	0	0	0	0	0
C[Ins(T):R(9,)]C	0	0	0	0	0	0	0	0	0	0	0	0	0	0	0
C[Ins(T):R(9,)]G	0	0	0	0	0	0	0	0	0	0	0	0	0	0	0
G[Ins(T):R0]A	6.75604060859867e-06	6.03832317435982e-05	0.000127256048258168	0.00161045663530122	3.93185369232121e-05	0.000163639166507768	0.00130301714625006	0.00140938759172179	0.000151760005487944	0.000693371143224069	9.54485336004537e-05	0.00029584840190315	3.57884569171238e-05	0.00179073935442775	0.000248848193243789
G[Ins(T):R0]C	5.65958841605911e-06	3.02385409819511e-05	0.000212120518353231	0.000342335064527411	4.87385632778603e-05	0.000182162698768036	0.000531299638874934	0.00125232572891968	0.000118748187792742	0.000319893076959836	5.24012125802423e-05	0.000164094301325249	6.79339647465719e-05	0.000235799558367077	0.000189166347331267
G[Ins(T):R0]G	7.7844044736262e-05	0.000134956616797162	0.000825831671355188	0.000141969067951558	0.000963865575204196	0.000303370393273611	0.00159701601304382	0.00556410910385575	0.000245720640712331	0.00061053570715217	0.00120859399565091	0.000929458596810851	0.000829544848690188	0.00153610858132997	0.00141500714941327
G[Ins(T):R1]A	1.54951706765436e-05	4.91024352630565e-05	0.000127915593272214	0.00128951253303251	8.10240661317091e-05	0.000126475049650675	0.00229980318369838	0.00163264316776337	0.000312764339994436	0.00153312517554759	0.000467875829879525	0.000247614250503881	0.000107537355472249	0.000821750544263043	0.00154015416100614
G[Ins(T):R1]C	2.01422328703563e-06	6.43343260183969e-06	7.06526302718404e-05	0.000814888109732051	2.46032068828881e-05	0.000157435392670206	0.00114163656346543	0.000768365310035359	0.000118429417826586	0.000571241137122795	2.64563009036999e-05	0.000104077761797914	1.2054565436043e-05	0.000306621300723856	0.000130110308408546
G[Ins(T):R1]G	6.77760868053422e-05	0.000107894905772502	0.000587555224020246	0.000490597935154712	0.00038765900469323	0.000224096698339858	0.00341728224991642	0.0101893565523329	0.000420648847340553	0.000509571853485672	0.000467636318469337	0.000105366460499421	0.000289059410871029	0.00228908425440262	0.00105736924451695
G[Ins(T):R2]A	9.95741028187774e-06	3.9862881074127e-05	2.01387100864364e-05	0.000526209704725052	6.11490135675133e-05	0.000142101536581138	0.00124468966022752	0.00101441768531838	0.000147896513498123	0.00015848483273693	0.00013863179352915	0.000205117876656561	8.67897441445847e-05	0.000284924466360218	0.000311414505856435
G[Ins(T):R2]C	1.99112108446031e-05	3.71646872403868e-05	0.000130806749498172	0.0011253956531334	4.40906118999536e-05	0.000131888720216472	0.000560439767519392	0.000803956341286051	0.000129458858655612	0.00014051973421976	0.00025355843073108	0.000167684247708019	0.000332118130988879	0.000354518086017168	0.000129923285629985
G[Ins(T):R2]G	0.00030242272180243	7.04862079593246e-05	0.000342439385238273	0.000125716716738249	0.000750600226873878	0.000320401508242767	0.00109934323250739	0.015162066024312	0.000409734163699343	0.000757049251513568	0.00059229229754997	0.000118069347699992	0.00120781742477271	0.00349578303602302	0.000416593239245962
G[Ins(T):R3]A	1.80707052917764e-05	5.80745163241196e-05	0.000129162404394659	0.000185667178934403	5.6730213448994e-05	0.000158693705288202	0.000704936078034336	0.000639123087347735	0.000412118563046196	0.000284109867095181	0.000198399600293001	8.03902523321151e-05	0.000240043765420971	0.000391498225089783	0.000222643424693793
G[Ins(T):R3]C	5.15855939770688e-05	4.33212616923297e-05	0.000117254454688996	0.00156002654550698	5.57143095323767e-05	0.000141808905739743	0.000654779162928316	0.000402482610456027	0.000263329493642834	0.000304116454080212	0.000299945964931205	8.74167285855709e-05	0.000538390351219379	0.000466004335546047	0.000151891268927182
G[Ins(T):R3]G	0.000159595159240096	0.0001304611912446	0.000428604875635018	0.000552141765116878	0.000456643081737962	0.000201359281963511	0.00101803896757799	0.00757459924881453	0.000282391937619013	0.000623617565254219	0.000572898346606128	0.000124635574417195	0.000688251583002093	0.000989184605672999	0.000283584077769711
G[Ins(T):R4]A	0.00011193784213062	4.83328634565637e-05	0.000739051810260428	0.000415629981763906	0.00010439558499539	0.00277610100305659	0.000899754604222976	0.000304259124816628	7.28198110688663e-05	9.58682984507193e-05	0.000245784019822016	0.000204258744188889	0.00085840701184834	1.9377047041739e-05	0.000506853309453306
G[Ins(T):R4]C	3.62754214070854e-05	0.000173144271438863	0.00057097625003702	0.00189698399382411	0.000173318555037619	0.00446027928453398	0.000120008212132202	0.000283816378035871	0.000139544740384814	0.000527389964833156	0.000395187353528254	0.000215396782966201	0.000631027575873796	0.000246989120743293	0.000133649354833635
G[Ins(T):R4]G	0.000323082046941366	0.00013502700446239	0.000955608446447863	3.85594999374603e-05	0.00108921131408907	0.00349676297615866	0.00018624651103634	0.00176192419351354	0.000365756659168347	0.000734347899750961	0.000702383393578653	0.000304040843648446	0.00133705612502476	0.00040992006558721	0.000660010578727674
G[Ins(T):R5]A	0.000328462333338009	0.000368789133195611	0.00738042616040305	0.000332097676630792	0.00168441834319091	0.00132500318674986	0.0016196149620817	0.000279377738826593	0.000336582831865674	0.000399903092992217	0.00065901240849062	0.00727086875720597	0.00171010661958246	0.00049452407379762	0.00118266731296943
G[Ins(T):R5]C	0.000199124742463064	0.000403724877703778	0.0087817334436719	0.00359993562794225	0.00272763327073946	0.00224839980677	0.000728314301176973	0.000139609107562523	0.000357940419598182	0.000241254941177858	0.00037715279166926	0.00668125841796402	0.000801183004720043	0.000617063427624955	0.000763721902623871
G[Ins(T):R5]G	0.000358881887850124	0.000775029196803537	0.00797929303315735	0.000491992131949971	0.00353545638627001	0.000796745991864628	0.00120851245027346	0.00129467927168057	0.00157765631650338	0.000114813311432463	0.00117576151261114	0.00236783044750737	0.0011909472871521	0.000351925382539752	0.00047104564054255
G[Ins(T):R6]A	0.00111408882910326	0.00106356700661719	0.0196785916079384	0.000444071596387198	0.0101217467083009	0.000631146198719518	0.000828321144620475	0.000323818024061783	0.000740107356624282	0.00111060239033148	0.00168676234288715	0.0168518833533757	0.00364943760214524	0.000349878511373371	0.00331899973974342
G[Ins(T):R6]C	0.000934891541220981	0.00227703158510394	0.0228153244507016	0.000934271189600407	0.0175463181674225	0.000144384057144014	0.00130526051109708	0.000489399314816815	0.000856585902257988	0.000257194883134911	0.00109518857956774	0.0168614872270321	0.00243886842183849	0.000821750544263043	0.00520467129095832
G[Ins(T):R6]G	0.0021098849055081	0.00277117645755962	0.0221146437044775	0.00123585587351209	0.0313742962380518	0.000298132301212651	0.000703826202794231	0.00101441337386698	0.0020523302977082	0.000742366866452716	0.00241461162532197	0.00213442256602249	0.00638269696120197	0.000616926969547197	0.00395851693785101
G[Ins(T):R7]A	0.00210692222851378	0.000638078262824914	0.0163568428364404	0.00026362269688648	0.0186620250958783	0.00532529605169593	0.00231623878299866	0.000329690220859293	0.000449656914260825	0.00073825122570151	0.00215964201925519	0.0130369056306806	0.00650549405190843	0.00357247247572343	0.00637283714540544
G[Ins(T):R7]C	0.00159983790628341	0.00114947749828348	0.0170455794935059	0.00134209366931086	0.0205966384224436	0.00139707816298531	0.000695986233013064	0.000308618002175132	0.000508820619979532	0.00056299352371264	0.00208059030733055	0.0130843726995194	0.0029757265455446	0.000596048883650112	0.00658174158905875
G[Ins(T):R7]G	0.00325659747388091	0.00106949364802939	0.0181865923678065	0.000461797812784068	0.0360502231655421	0.00587945107604457	0.00160990945732249	0.000872950342205394	0.001230681583741	0.000480354070533655	0.00214974437206122	0.00079963754428521	0.00377964567082406	0.000985773153729031	0.00597893120783576
G[Ins(T):R8]A	0.00201872731410803	0.000552073920938322	0.0160325635262464	0.000427102229679183	0.0270702760757658	0.000935804167695264	0.00172469889438951	0.000354250403720536	0.00117147962562635	0.000701667752357454	0.00184764280443833	0.0061666073865264	0.00320645186608894	0.00321454293776229	0.00634579796753571
G[Ins(T):R8]C	0.00224299329925262	0.000758253469924195	0.0180155624073147	0.000834924709389637	0.0259061838588904	0.00143409596442171	0.00185663236176114	0.000432294141114162	0.00130639582610257	0.000401568947581991	0.001663730407821	0.00552511158289757	0.00162145631345748	0.0010063783234706	0.00680295357017816
G[Ins(T):R8]G	0.0031137523139377	0.000972964003935703	0.0197234677734832	0.000273342240259145	0.0421233044174552	0.000934370276572431	0.00174274027063292	0.00039608441658855	0.00134517100478588	0.000529464117116502	0.00522659857327066	0.000860912099211635	0.0011278288945901	0.00531913587103511	0.00824266211272915
G[Ins(T):R(9,)]A	0	0	0	0	0	0	0	0	0	0	0	0	0	0	0
G[Ins(T):R(9,)]C	0	0	0	0	0	0	0	0	0	0	0	0	0	0	0
G[Ins(T):R(9,)]G	0	0	0	0	0	0	0	0	0	0	0	0	0	0	0
Del2:U1:R1	0.000101075294771279	0.000188803180696586	1.92442586290307e-05	0.00524855342123943	0.000187296781860247	3.07262383464157e-05	0.00626453729938828	0.00341861879287376	0.00852608928160215	0.000655399457721868	0.000700104798541192	0.000357890039389996	0.000589501083269217	0.0402930682844409	0.00406596152413465
Del3:U1:R1	0.000289754412437104	0.000344669626577481	1.15465551774184e-05	0.00133500318275211	0.00013630298827125	0.000125304526285097	0.000630102149611088	0.000268769412673677	0.00178331394786912	0.00121045567427147	0.00140079866568582	1.1721021523232e-05	0.0148474096833965	0.000594002012483731	0.000747904091467835
Del4:U1:R1	6.14956266950714e-05	0.000205485057355624	1.43925370873455e-05	0.000501791343710938	8.23607818114686e-05	0.000157142761828812	0.00078753913313832	0.000390643364930358	0.00137051959249468	0.00154983271716856	0.000451187710542667	1.44211521359138e-05	0.007792830957625	0.00334172186623342	0.000606694700470036
Del5:U1:R1	2.46995033002532e-05	6.76378537730979e-05	1.6353102403073e-05	0.00113176912419744	4.12071252193295e-05	2.09231051597021e-05	0.000152596038331029	0.000256272670810548	0.000268786835463439	0.00151354321816388	0.000108686393974338	6.69509658735401e-05	0.00280841668208015	0.000766348564693001	0.000254293433373448
Del6:U1:R1	1.35233615895486e-05	2.9112338338303e-05	9.56792013527865e-06	0.00183257210188312	4.52077242894669e-05	2.1771734599746e-05	0.000204854632083206	0.000152920713738962	0.000204382551501113	0.000993665930892447	0.000161230018744422	1.65689833050924e-05	0.000601696363476887	0.00141165881441401	0.000607349280195002
Del7:U1:R1	7.90528494374198e-07	3.12521233612344e-06	1.01461513804702e-05	0.000318394713843099	1.07395556899536e-05	2.76536145117741e-05	0.000189528908023033	0.000184049392797713	0.000138575679687697	0.00151032583233853	1.49856463401187e-05	8.17096343360391e-05	1.59476741177223e-06	0.000554975002244735	0.000218622434954718
Del8:U1:R1	1.39966860134062e-06	4.08717709423951e-06	1.76179832519295e-05	0.000561223961383139	8.55116116280446e-06	1.4777857490419e-05	9.09153122213652e-06	0.000128459694259762	0.000113571363542355	0.000988505048045696	1.40017075739424e-05	8.61587131864806e-05	1.01940034556421e-05	0.000618564466480301	0.00010295603959816
Del9:U1:R1	9.57929220066451e-07	3.30822026571625e-06	1.48442802476514e-05	0.000700444469938329	4.89428898174807e-06	1.2934283189634e-05	0.000191465286101514	9.87408598065808e-05	0.000165530868025919	0.000779080995058716	8.59004435997301e-06	0.00011478623434139	2.11072157440442e-06	0.000591136392850798	0.000305329072369392
Del(10,):U1:R1	7.90032157990744e-06	2.03514202729239e-05	8.51806903072777e-05	0.00573313639307745	2.31748306993736e-05	1.09151303840124e-05	0.00160728826260649	0.00118273243625668	0.000750639516306104	0.0125860377148826	6.18975163301145e-05	0.000461845067978243	6.22897389068682e-05	0.00335086455744326	0.001010735834001
Del2:U(2,):R1	0.0028633203770872	0.00175650541572081	0.00025668949854901	0.00498289918045129	0.000711930951852263	0.000567616043052786	0.00539593004498867	0.00473796172224901	0.0129034384568677	0.00563467149037183	0.00989705812536698	0.00144039694865603	0.0205446068171304	0.0421475335611819	0.00441226297137662
Del3:U(2,):R1	0.000584307946487316	0.000300428632726172	0.000123732451607782	0.00122462263076172	0.000151375412357453	0.000114272343564527	0.000409449506131494	0.000760438706649	0.00485680470596276	0.00356523912836347	0.000892374201389661	0.000327114687065908	0.00593294128113295	0.000867873374545492	0.00148745689655451
Del4:U(2,):R1	0.000180897014388159	0.000142023538386054	0.000110487342147613	0.00135392442497349	0.000160934839061561	2.80340346055869e-05	0.00153044711300433	0.000633699281495116	0.00168634412416422	0.0038406440886317	0.000898426719457916	0.000261145586869707	0.00238683522628577	0.0015710418492362	0.00111518086264386
Del5:U(2,):R1	8.89204679553817e-05	7.79801480505995e-05	0.000109249565888375	0.00169120054684382	0.000159111176955604	3.09018168512524e-05	0.000786570944099079	0.000553497662679204	0.00078585722216711	0.00342202462936614	0.000710831025748784	0.000100948064951396	0.000828497305390298	0.00276382190692522	0.00126615140404582
Del6:U(2,):R1	2.53090946221137e-05	4.16694978149792e-05	2.057238352033e-05	0.00277504913547848	6.93106175893593e-05	3.92710589151332e-05	0.000449853687744677	0.000465416866442258	0.000865983240860291	0.00300832107433118	0.000319818938695423	0.000157405341398378	0.000831608665340717	0.00418325883177148	0.0010830632970178
Del7:U(2,):R1	1.08715716572214e-05	2.06517409778968e-05	1.55218949881102e-05	0.000506133270873317	4.13407967873055e-05	1.92258462796144e-05	0.000804659549076109	0.000377221816743393	0.000579574801667703	0.00188117446145616	0.000287323066286181	0.00011721021523232	0.000175502590168071	0.0018157111826576	0.000999169194465343
Del8:U(2,):R1	8.55774168053712e-06	3.51422149928355e-05	6.49335618623679e-05	0.00103636622920755	4.14744683552814e-05	2.16546822631882e-05	0.00106153663124338	0.000241161033677456	0.000174673190655297	0.00289750908029573	9.7901907234538e-05	0.000113344119127799	0.000125017257103243	0.000999964793815938	0.000723922016709205
Del9:U(2,):R1	8.72784969559367e-06	4.85111788751413e-05	1.35974691252071e-05	0.000646986981388668	3.08571266703344e-05	1.05347102901997e-05	0.000564973725947055	0.000237414382416784	0.000503261271769757	0.00374131342573948	0.000123542574687329	8.01447859127804e-05	6.19457694651134e-05	0.00142516816411213	0.000422585161343724
Del(10,):U(2,):R1	6.1483443892932e-05	0.000258242958699521	0.000109629030143032	0.0142392505435376	0.000194599068659391	2.90875056346069e-05	0.00278729817213938	0.00308428729458971	0.00221559152357508	0.0277420481002774	0.00108399627610249	0.000239974108202089	0.000561530113664702	0.00878735437535087	0.00382496828759045
Del2:U1:R3	0.000617353120467903	0.000729568150088276	6.08769082828211e-05	0.00213009369799148	0.000302592328427162	9.77094379416019e-05	0.00293557278134405	0.00211790133351704	0.0398093577091201	0.00211530869085812	0.00206851763760083	0.000434536928827257	0.000921056355171588	0.0360620491254538	0.00262973448253843
Del2:U1:R4	0.000422701271249549	0.000339822262698779	0.000110279540293873	0.000846755465052266	0.000213504047558847	2.27374163763476e-05	0.00128192951668806	0.00119185331167895	0.0203431469430088	0.000455856208919332	0.00123202080087981	0.000329047735118169	0.000571943006765097	0.0110353647483481	0.00121231042337145
Del2:U1:R(5,9)	0.00627766438278728	0.0131325833324261	0.000117326733594644	0.00295278930977698	0.000161505807616202	0.00248352868783043	0.00117403547472977	0.00121814885372595	0.0095477215215375	0.00237247091017755	0.00309435795399721	0.000873707036319457	0.261587415846703	0.0126911470638725	0.00104316989971385
Del2:U2:R2	0.00233057004925352	0.00105964406740848	0.000231762310963331	0.00278743756985922	0.00073803318989031	0.000110731510383654	0.00679529380782657	0.011343779998742	0.0860468010413832	0.0030590969755038	0.00922398574977021	0.000512963449804695	0.00163086856818186	0.110585489757593	0.010512946008056
Del2:U2:R3	0.0017595770030747	0.000739300417933801	0.000160161020054848	0.00151214584413836	0.000286335956167458	0.000149417307615999	0.000878855889595467	0.0118904612567686	0.0286829470563889	0.000731228505372071	0.00774320969292579	0.000333711597085528	0.00136610590787842	0.0279691299078171	0.00235990377217679
Del2:U2:R4	0.00314217479132876	0.00161812326588255	0.000292937369731954	0.00049776809010176	0.000795735386597872	0.00040646423869687	0.000145606185755049	0.00748942005936519	0.00926736971170189	0.00151012984944562	0.0307773650945832	0.000149857249003836	0.00203454797803036	0.0120525232599616	0.00120112502257671
Del2:U2:R(5,9)	0.0193195801316002	0.0123356635717367	0.000801256843434548	0.00051254657613151	0.00666077784848855	0.00218981511232284	0.000380994194124547	0.00665491708495847	0.0141962674332107	0.00332210601779518	0.297557731927411	0.000827835499206284	0.0227857397148837	0.00642253588779216	0.00298321472720365
Del3:U1:R4	9.15966234919875e-07	6.6211330424477e-06	8.79995676275864e-06	0.000653957965364965	6.7523237766138e-06	1.52168037525106e-06	0.000228162012125411	0.000123400206049867	0.000273823400928717	0.00063144054906306	1.08686393974338e-05	1.54337011156694e-05	1.25079797001743e-06	0.000961074241654702	0.000157444406813703
Del3:U1:R(5,9)	8.50016666005644e-05	0.000229815726969437	1.90997008177328e-05	0.000441801047320633	8.22710309015419e-05	1.95770032892877e-05	0.000690602157380215	0.000163656227707977	0.0021811516164315	0.000748899629549869	0.000679021321163323	0.000205946325821815	0.00262307969287281	0.00599665022710718	0.000477994256084493
Del3:U3:R2	0.00190039034235	0.0018066683584733	0.00012206100191465	0.00213742318971513	0.000179599209138661	0.000145876474435126	0.0038157274611141	0.00158156755883408	0.100755076794235	0.0019060969526718	0.0129179702290942	0.000998680127063237	0.00158113371389904	0.000859276515646693	0.00931112324665156
Del3:U3:R3	0.000827787564250311	0.000718127808233217	2.21986588974312e-05	0.000310069367265693	8.18012708197979e-05	9.16227164405976e-05	0.00036777014871053	0.0005968600850661	0.0321672175436708	0.000592897246789857	0.00587983034151	0.000230799800779454	0.00113294153129254	0.000246989120743293	0.00303405615023724
Del3:U3:R4	0.000357712338844748	0.000265952754297495	1.55218949881102e-05	0.000162125170191595	0.000138625054366375	0.000101396586543172	0.000201430548895648	8.73306036945331e-05	0.00739256878354576	0.000362535688076502	0.00322394657347144	1.73667491679302e-05	0.00116666617155914	0.000194316302728425	0.00056585899608949
Del3:U3:R(5,9)	0.000589930084067169	0.000658439068119868	5.32966580528883e-05	0.000214586803887499	0.00026669005486265	0.000235333722649405	0.000602378882975274	1.79550393268931e-05	0.00492707435730237	0.000370848629117629	0.0140865399261184	8.87667938919118e-05	0.00545566804572355	0.000124313308838199	0.000977855790893111
Del4:U1:R(5,9)	5.51249236059907e-06	1.92205251182607e-05	1.25765295829158e-05	9.67970917851535e-05	3.25623939589419e-05	1.63580640339489e-05	0.000571255147518713	7.98933500412997e-05	0.000762127985886396	0.000484159405037747	7.35947357411704e-05	2.77377053848214e-05	0.00012443876304211	0.00428614822240156	0.000202106884970971
Del4:U2:R3	1.41997327157283e-06	1.04549145418664e-05	9.37818800795017e-06	1.75270454261183e-06	8.08331067488863e-06	2.05134219817499e-05	0.000277704953694352	3.76475935652373e-05	0.001508495984646	0.000349159855635081	1.74519665369158e-05	1.07391558458932e-05	2.35775417348286e-05	0.0004731001555895	0.000158552157117491
Del4:U2:R4	6.63258821358681e-05	0.000103361940131818	1.72656235868909e-05	0.000166825605101326	9.32378282570546e-05	1.63873271180884e-05	0.000374358557050728	0.00011439789554091	0.0050210732449227	0.000331227420933397	0.000515791058479766	8.84599608677434e-05	0.00115057778266979	0.00046027309628018	0.000501997910394495
Del4:U2:R(5,9)	0.000430005537954417	0.000328090985160779	7.18994413942847e-05	2.44183610141148e-05	0.000207874564953231	0.000105844575332367	0.000120220741433499	0.000174995344872038	0.00885868111349154	0.000766456430373468	0.00897960643200254	0.000239176342339251	0.0191288598648169	0.00183863613972106	0.00103022216889036
Del4:U4:R2	0.000934397460911997	0.000736846234672851	0.000107578116195243	0.000634120536678131	0.000287019590757964	7.86884332509636e-05	0.00071076882663659	0.00110536990818318	0.0536265438985771	0.00489562000119092	0.00368703864842857	0.000232610115622048	0.00088780076414375	0.00598477837434217	0.00620531508810078
Del4:U4:R3	0.000296398100537085	0.000429852779036413	6.42378773954968e-05	0.0003258437081492	0.000226762357508233	0.000108887936082869	0.000472334564948506	0.000319012911484086	0.0133059046653387	0.000442268061677254	0.00243829088852376	0.000156423475721039	0.00203531409178699	0.00231405608263246	0.00207311872762016
Del4:U4:R4	0.000164993043017607	0.000315651138459482	5.99282476461787e-05	0.000792859800366953	0.000226328879709225	0.000114477185153503	0.000220770715313648	0.000134575488060986	0.00643354296496361	0.000757718859731026	0.00266053805733383	7.92549701426921e-05	0.00134667163441927	0.0034492508315073	0.00114257250651934
Del4:U4:R(5,9)	0.000510559579344339	0.000427497138506783	8.2515405661473e-05	0.000184631489886496	0.000419774553696366	0.000196062663734272	0.000335182322511703	5.92652108506358e-05	0.00872577953920144	0.000187686283781204	0.00907567640061321	1.65383000026756e-05	0.0049983294029613	0.000179715288408241	0.000770102256646338
Del5:U1:R(5,9)	5.56799179256712e-07	1.3749057274537e-06	8.31207414962828e-07	7.49679533908061e-05	2.19221371480561e-06	5.8526168278887e-07	8.41616033134924e-05	2.30662649535066e-06	2.32957091267412e-05	0.000252001336472674	3.72213677994309e-06	1.50348181842505e-06	2.50159594003487e-07	0.000804693284543202	2.27520403303976e-05
Del5:U5:R2	0.000100291083285422	0.000102479748060961	1.81420053178843e-05	1.62125170191594e-05	9.90582702454932e-05	2.03085803927738e-05	0.000742010633927205	0.000409038172299356	0.00738943208707877	0.00251313763156699	0.000320537472925986	7.49899911067516e-05	0.000566298780925393	0.00465717773582753	0.0010823583650063
Del5:U5:R3	3.77621744829775e-05	0.000126022075824221	1.5585139030553e-05	0.000172561729058965	0.000178107816358815	2.5400357033037e-05	0.000145582571388238	7.16800351372941e-05	0.00146664786348893	0.000484159405037747	0.000546895175397378	1.46973018576653e-05	0.00108988281117469	0.00216640844249752	0.000301005968911103
Del5:U5:R4	1.97645660040371e-05	8.95190326369772e-05	8.65539895146076e-06	0.000179851386588464	3.28049123751268e-05	8.51555748457806e-06	5.38879850621183e-05	1.7120773482313e-05	0.0015079732019015	0.000100375904987755	0.000568282896998998	2.1386261784536e-05	0.000736688734391018	0.000259543263897095	0.000170341785350663
Del5:U5:R(5,9)	3.50575924080466e-05	0.000112235478461562	2.25781231520881e-05	0.000178696194958106	7.97637342050787e-05	2.95264518966985e-05	8.86719473743445e-05	5.76009906128687e-06	0.000858230755283357	0.000129152726430713	0.00138955457596971	0.000103065212818158	0.000964943728944575	0.00027400782013952	0.000133721286671543
Del(6,):U1:R(7,9)	7.35480277300196e-08	1.81130925186734e-06	1.4817175658033e-06	1.59336776601076e-07	9.75802446224449e-07	5.55998598649427e-07	9.44574672429769e-05	7.32946736840396e-08	6.6176644974158e-06	9.1883312961456e-05	3.88396881385366e-08	4.60249536252567e-07	9.38098477513076e-08	2.45624539965705e-06	8.98428655474758e-06
Del(6,):U2:R(4,9)	4.99706958712667e-05	0.000159479679362599	1.59194289691794e-05	6.74392906964053e-05	5.88345858477011e-05	2.02500542244949e-05	0.000186317354136772	5.92070062568278e-05	0.000698884024600881	0.000157913215965929	0.000761762803461119	1.50041348818337e-05	0.00281438924238698	3.28863967398528e-05	0.000182534231876121
Del(6,):U3:R(3,9)	1.68221936799423e-05	5.01394801974158e-05	1.98405596006345e-05	0.000171685376787659	6.10096132180527e-05	4.24022089180537e-05	0.000149856771780983	8.67550249335438e-05	0.000868456895797668	0.000356786856551007	0.000281568319160321	0.000104231178309998	0.00112102768062813	0.000543921897946279	0.000258343195847686
Del(6,):U(4,):R(2,9)	0.00014413202482103	0.000371632794870823	0.00013507120493146	0.00296605409642902	0.000185576237821014	0.000257368825006406	0.000995369175439679	0.000825722703644514	0.00550320644333558	0.00446798532885129	0.00265387705081807	0.000373201007295998	0.00336610059198704	0.000362569112604933	0.0064571988049043
Ins(2,4):M	0.00106212060489603	0.00348362163495343	0.00411782863831547	0.0378343184329547	0.0131441639783039	0.00530721146569775	0.0315079884333053	0.00727056216374465	0.00363587748318616	0.0053725933668218	0.0173586088731935	0.0460170373332332	0.0148107456679003	0.00109725940325791	0.0143900792644975
Ins(5,):M	0.00293967721753268	0.00274469192538983	0.00471297314742886	0.062448185671959	0.0149499236421219	0.00756029336593007	0.0161350592538776	0.00876247524658328	0.00635388872582034	0.0126315874055775	0.00413472431375741	0.0488787155331396	0.00193889320327328	0.00189021729311386	0.0186242893574997
Ins2:U1:R0	2.10807598499786e-05	0.000221223739300606	0.000744635355721809	0.00179441094388716	0.000434451691860126	0.000285344333443714	0.000194747683088208	0.000655896788992897	0.000381835416261298	0.000949847422418294	0.000240236417699562	0.000979779212774465	0.000615830380538084	0.000904717055540348	0.000714685968721778
Ins3:U1:R0	1.41094897369185e-06	1.10743259958728e-05	0.000156529005045989	0.000390972615584889	1.82939088744231e-05	0.000149622149204975	0.000294235010461873	3.16913234655608e-05	5.02253958676702e-05	0.000114388681831148	3.24311395956781e-05	9.52409707018646e-05	5.70676573820455e-06	2.98843190291608e-05	6.67599387627e-05
Ins4:U1:R0	2.78850804522405e-07	4.17633480352832e-07	3.18027184855343e-06	2.75652623519861e-05	2.37171553465903e-06	8.77892524183305e-07	5.15265483810439e-05	3.82188608748335e-05	1.35158465650496e-05	2.9560753014617e-05	1.05320287668998e-05	3.22481508400965e-05	1.92310187890181e-06	1.40551820091487e-05	2.01481077981169e-05
Ins2:U2:R0	7.71162351121606e-05	0.000428412178154747	0.00151875147008518	0.00223278625051087	0.00184907689021751	0.00181922741478092	0.00275924430436822	0.00155566220313817	0.000955672358538177	0.0018030752786297	0.00197095234099682	0.00111478574340855	0.000969728031179892	0.00203308890052725	0.00185957468042177
Ins3:U3:R0	5.00054394181085e-05	0.000264582541081057	0.000425966695578831	0.0016216102096633	0.000525508763965344	0.000773774470815165	0.000550049446122665	0.000370375231931025	0.00109746123948474	0.000595543015844204	0.000934825980525081	0.000455861824006959	0.000807640249240258	0.000394090928567198	0.000808967028668197
Ins4:U2:R0	1.01974566055119e-06	1.8526033488011e-05	4.63036739313532e-05	0.000420768592809291	1.14671109385084e-05	4.22851565814959e-05	6.44672213933317e-06	1.78817446532091e-05	1.85651628289738e-05	5.39116274592546e-05	1.82999663946072e-05	0.000109416656418444	8.67741091699595e-06	3.54791002172686e-06	3.4973259591019e-05
Ins4:U4:R0	2.17878135889537e-05	0.000175363829149053	0.000320611155732293	0.00230882972714374	0.00019960029489552	0.000372958007357208	0.000863789923570213	0.000417585624686332	0.000171868014953117	0.00163431767592249	0.000391788880816132	0.00125706421671543	0.000400802574517462	0.000386176360057192	0.000946831589203258
Ins(5,):R0	0.000110643757814486	0.000658082437282713	0.000881585812200141	0.00553217288358935	0.00233632885142814	0.000552750396309948	0.00163078455758318	0.00219680089401221	0.00202250617967456	0.00449999586802734	0.00376821359663811	0.00373817741674577	0.000391155795173702	0.000512127165828496	0.010149107578732
Ins2:U1:R1	2.86571091359587e-05	0.000359230488257648	0.000352865617378133	0.00818170447330033	0.000580317926023141	0.000218390396932667	0.000169173323832172	0.0029136335812706	0.000279637765111418	0.000555154207996056	0.000686459121441853	0.00106201046325159	0.000593831971240402	0.00306457551030545	0.00126962571181679
Ins2:U1:R2	1.35626172853308e-05	0.000132722981553927	0.000210503277839336	0.000551703588981225	0.000175432475405467	0.00023240741423546	0.000765294399602599	0.00130915712545887	0.000388797352322163	0.000332582969276056	0.000274363557010623	8.37040489931336e-05	0.000182788488343423	0.000436938764983438	0.000583805989647613
Ins2:U1:R3	1.69291316098319e-05	6.55449938603186e-05	0.000228464585893098	0.00180110308850441	0.000250405038695522	0.00026447975445229	0.000264244764612228	0.00174009747083557	0.00019067544295637	0.000340471280715868	0.000299007339134524	0.000172777675909214	0.000197329014744876	0.0015459335629286	0.000818771338175099
Ins2:U1:R4	1.05670016037382e-05	0.000235869066179046	0.000292874125689511	0.000614960289291852	0.000171061415132654	0.000699797394110652	0.000152029293527571	0.000560132986373306	0.000237802394752995	0.000311367821118052	0.000144982082539801	0.000172409476280212	0.000118419297811401	0.000170299681042889	0.000304717651747171
Ins2:U1:R(5,9)	0.000224963112155898	0.00183495012236192	0.0242161890256733	0.00115260240773803	0.0104793983555773	0.0462120576314202	0.000689846497642271	0.000696478325231193	0.000788318126305841	0.00226209987765115	0.00145576977096456	0.000330551216936594	0.0505246862959604	0.000238392261844493	9.82804701341203e-05
Ins2:U2:R1	9.90344498054945e-05	0.000329235957848487	0.000379410045477707	0.00172812684482112	0.00085167502820198	0.00142692650880754	0.000955437281162711	0.000913208519589201	0.00152572231361711	0.0011737905413887	0.00122436290903516	0.000980055362496217	0.000806827230559746	0.00371111388272629	0.00255547924626569
Ins2:U2:R2	0.000316110325613412	0.000170633778045731	0.000367547270088074	0.000846675796663966	0.00100141391864864	0.000767629223145882	0.000773842800388088	0.000491074313683065	0.000956628668436648	0.000878117683611554	0.000542655176108921	0.000456137973728711	0.0011283292137781	0.000326953554309906	0.00146289217390883
Ins2:U2:R3	0.000529208290915392	0.00037836185566662	0.000907868229266737	0.00021781337361367	0.00114188745984074	0.0018218025661852	0.000951871511774289	0.00057621038861847	0.000849547461405245	0.000578492504160635	0.00111014185950108	0.000562332883393387	0.00110132761260035	0.000363387861071485	0.000781129407397682
Ins2:U2:R4	0.00277208156700619	0.000544838068952883	0.00361419825861685	0.000545688625664534	0.00750127984320157	0.0213574571175839	0.00166063311723197	0.000445161667797104	0.000557031389661091	0.00032048102563858	0.00144889514616404	0.0036569587152484	0.00157445757973407	0.000374713881525459	0.00247008176830095
Ins2:U2:R(5,9)	0.0185693013594199	0.00768983834862654	0.0171149582080657	0.00335105158289137	0.0794109482028766	0.124125223994278	0.00479038683686076	0.000964758388171743	0.0021770458592674	0.00574716567090481	0.00907925612520331	0.0106035970158156	0.00144759539562505	0.00454651023476521	0.0209600384185069
Ins3:U1:R1	6.33956926139126e-07	4.15756475946752e-06	5.62871977741133e-05	0.000386431517451759	6.61674261480962e-06	2.96435042332563e-05	3.83969604342701e-05	7.64053858642181e-05	3.69518144768998e-05	5.56101458645143e-05	1.08751126787903e-05	2.54057744011417e-05	1.32897284314352e-06	4.70780368267602e-05	0.000188317551643949
Ins3:U1:R2	2.12522215097173e-07	5.34946255732841e-07	4.73517180632629e-05	0.000948890338853556	1.43410496499914e-06	3.21893925533879e-07	0.000405623978708153	9.81997726567369e-05	2.44815334008446e-05	0.000174539098048184	1.83841190522407e-06	0.000104538011334166	2.65794568628705e-07	1.82853824196692e-05	1.45158448898964e-05
Ins3:U1:R3	4.9633638345412e-07	5.3025374471764e-07	5.40736562886144e-05	3.01146507776033e-05	4.96303435956427e-06	1.52168037525106e-06	3.41463744083361e-05	0.000139714738121656	5.05824182297658e-05	0.000174506434232698	9.87822734990115e-06	1.12607719869795e-05	1.56349746252179e-06	3.13853578845068e-06	2.72477801996668e-05
Ins3:U1:R4	4.19178636571707e-07	2.34156299658498e-06	3.08992321649225e-06	0.000589824912783032	3.52511020690867e-06	2.31178364701604e-05	0.000154485187675889	8.25513598251945e-05	1.84121532452185e-05	0.000329022613388107	1.17619522246202e-05	7.48672578970843e-06	1.90746690427659e-06	1.77395501086343e-06	2.73916438754834e-05
Ins3:U1:R(5,9)	1.89636595670998e-05	0.000184974091708183	0.00171558499989366	0.000190885458368089	0.000424668842678114	0.00723289798057797	6.39004765898738e-05	7.44070281434797e-05	9.91629610720667e-05	0.000458991935205965	0.000222609672566023	3.13890183724251e-05	0.00298984492763117	0.000327772302776458	0.000118514896137727
Ins3:U3:R1	4.17125608803783e-05	0.000106534077578094	8.0139236638264e-05	0.00412112622420437	0.000102505087105445	0.000292074842795786	0.001552573774706	0.000591218550918126	0.000708714890357158	0.000535882556859455	0.000327761654919754	0.000660580817732101	0.000374895421563476	0.000333640000120083	0.00285225562310778
Ins3:U3:R2	1.25500910630844e-05	3.07875647707295e-05	2.25419836992637e-05	0.000700165630579277	7.11610140089121e-05	0.000174495770723502	0.000117812076018803	0.00013772069185231	9.67658109265674e-05	0.00119650822505905	0.000105184348760514	0.000110153055676448	0.000132694029644225	0.000249308908065191	0.000324110475247251
Ins3:U3:R3	3.22474260479082e-05	8.44933533396976e-05	5.73713813588474e-05	4.06308780332743e-06	8.82767034913186e-05	0.000583505897740504	0.000280798435746559	1.37427513157574e-05	0.000129548114246136	0.000227176836703493	0.000193149769112943	2.62649068688132e-05	0.000424614640871669	3.07030674957132e-05	0.000238835281406953
Ins3:U3:R4	8.84417289527955e-05	0.000175335674082961	8.18377909210141e-05	1.64515221840611e-05	0.000651582058098777	0.00234575808770193	0.000199494170817167	8.57332109533604e-06	8.23574084562787e-05	0.00023537545439042	0.000576089674314844	0.000111503120982789	0.00123639815838761	2.34707893745007e-05	0.000116802918395509
Ins3:U3:R(5,9)	0.000700537293475237	0.000306481971935781	0.000467816181949568	2.82424436525407e-05	0.00567096280275257	0.006374172776506	0.00131272265100927	4.15623914302436e-05	0.00033238781911105	0.000220448090713426	0.00546636244143121	0.000381086616017126	0.00624451505546429	0.000636304016588936	0.00190734461397668
Ins4:U1:R1	3.11789491787997e-07	7.13261674310454e-07	2.24968093832331e-06	3.0512992719106e-05	1.93059936033839e-06	7.90103271764975e-07	1.84192061123805e-06	4.54728778438568e-05	7.0894440473279e-06	1.26735604084767e-05	3.02302239344943e-06	4.15758747748152e-05	1.71984720877397e-07	7.81904785557495e-05	6.94142235815166e-06
Ins4:U1:R2	4.19629851465756e-07	1.98493215942975e-06	1.21970653282589e-06	0.000267924789854709	2.24568234199599e-06	5.88187991202815e-06	2.12529301296698e-07	8.54960811267356e-06	1.922820435858e-05	4.39328318283535e-06	4.29825882066472e-06	5.18547810844559e-06	2.03254670127833e-07	6.82290388793626e-07	4.67556946403998e-07
Ins4:U1:R3	1.25527983524487e-06	1.04596070528816e-05	1.43292930449027e-05	0.00424469189445851	1.3508466740884e-05	2.54296201171764e-05	1.45464499554184e-05	0.000109381521844946	9.62047757861314e-05	8.67387620224481e-05	2.01772179879698e-05	0.000931084811838944	7.75494741410809e-06	0.000313034830378516	9.43889577032809e-05
Ins4:U1:R4	1.57473998023171e-07	2.6278061685122e-07	7.0923676168024e-06	0.000641051686460278	3.01142946711537e-06	1.55094345939051e-06	5.66744803457861e-05	2.60756580259454e-05	7.11494564462045e-06	6.300850007204e-05	6.538014169987e-07	2.94559703201643e-06	4.37779289506102e-07	5.45832311034901e-07	6.38682788787861e-05
Ins4:U1:R(5,9)	3.02539586459988e-06	3.85771330559621e-05	0.000202453214722685	0.000685944823267631	2.61728930096914e-05	0.00130094893158724	0.000313291804478143	6.23392756939722e-05	3.61102617662457e-05	0.00026002030317443	4.80576407900826e-05	6.86385475064662e-05	0.000296908168132889	2.59270347741578e-05	0.000117378373098776
Ins4:U2:R1	5.04909466441054e-07	2.25240528729617e-07	5.13993367796036e-05	0.000152644631983831	2.40226903591068e-06	9.07155608322749e-07	6.10195238389631e-05	6.0271934750943e-05	1.59002459119027e-05	1.70015159603405e-05	8.6418306108244e-06	8.71712621662362e-05	1.64167233564788e-06	3.41145194396813e-06	1.59185157291084e-05
Ins4:U2:R2	4.83792609399552e-06	1.14497268770889e-05	8.59215490901793e-06	0.00017622647492079	2.9747652656134e-05	0.00015093898799125	0.00029097622784199	5.96187498648764e-05	0.000142515676469396	9.54436688494044e-05	8.58098176607402e-05	0.000101132164765897	0.000153472910921139	1.89676728084628e-05	0.000169385091906482
Ins4:U2:R3	7.82181018834288e-06	1.40493779795099e-05	1.54947903984919e-05	1.78457189793205e-05	1.59145549644512e-05	0.000155299187528027	0.000133350329380273	1.17400821436259e-05	0.000114259906669254	0.000199592244525765	8.55055734369884e-05	8.56064137429775e-05	0.0004788836377958	1.33728916203551e-05	0.000153293939766394
Ins4:U2:R4	1.51220159591649e-05	2.10177568370824e-05	1.50069077853615e-05	1.07552324205726e-06	8.06727008673152e-05	0.000821678139551434	0.000108956688464774	1.41329376668401e-05	7.82261496948861e-05	3.14389224050485e-05	9.82579377091412e-05	8.66189627227332e-05	0.00071994367656741	2.37437055300182e-05	7.21404402382414e-05
Ins4:U2:R(5,9)	0.000262371082947046	0.000193542616821939	0.000658650562589186	3.68466295889988e-05	0.00208626372043404	0.0237458807819611	0.000214678208676476	7.31868873992101e-06	0.000153430360110606	0.000233072655398674	0.0011619216370711	0.000112147470333542	0.0129305617943447	3.75259713836494e-05	0.000170327398983081
Ins4:U4:R1	4.04739759962132e-05	0.000146922519885923	0.000137203432648103	0.00291259660787936	0.000204439205656249	0.000124953369275424	0.0012250897357746	0.000659951709028182	0.0010378767574107	0.00138875111110051	0.000353013925491159	0.000891810184745391	0.000815801705994621	0.000963939861287635	0.00364725348885419
Ins4:U4:R2	1.48467748737949e-05	3.26833392208705e-05	4.53369435682986e-05	0.000631730485029115	0.000168918850857382	0.000167297052025199	7.92262006500468e-05	6.92634666314174e-05	0.000174303417494555	0.000639328860502872	0.000115425079866374	2.00975630830288e-05	0.000462185484896067	3.75259713836494e-05	0.000359565678152256
Ins4:U4:R3	2.33566877755628e-05	3.4335103098221e-05	6.44456792492376e-05	1.18307556626299e-05	0.000179455989601544	0.000445998665369259	0.000457811729359898	3.27972107479111e-05	0.000409428144531833	0.000541435405492035	0.000219813215020048	8.4563181460805e-05	0.000830154612700571	0.00029652340296971	0.00032158566773667
Ins4:U4:R4	3.33113907680762e-05	0.000112793887272371	8.82615786605638e-05	2.5334547479571e-05	0.000693218841929458	0.000974109544833796	0.000208727388240168	2.32430344606269e-05	0.000623590558594638	0.000368366179140711	0.000328862112750346	0.000190113741774727	0.00124427818559872	2.49718282298467e-05	0.000696846872920518
Ins4:U4:R(5,9)	6.03445775003519e-05	0.000177893092586246	0.000224570559851262	0.000226935404074082	0.00211836781187421	0.00124236423714007	0.000848275284575554	3.78825676661655e-05	0.00103290394593865	0.000245729883899408	0.00140221631430287	0.000356539974083655	0.00456933696919457	1.44645562424249e-05	0.0021242406848216
Ins(5,):U1:R1	7.42699715604983e-07	5.11014449555319e-06	4.99627935298309e-06	0.000184591655692346	7.04067244467621e-06	1.17637598240563e-05	3.99082799101577e-05	1.94015312693046e-05	6.16246098574384e-05	0.000159530074832475	1.51215852486036e-05	1.70599161437618e-05	1.89183192965137e-06	5.18540695483156e-06	5.72217770560585e-05
Ins(5,):U1:R2	3.31642947126162e-07	1.19189779786089e-06	3.25255075420237e-06	3.07519978840076e-05	2.99042393500487e-06	8.19366355904418e-07	4.43713952373884e-05	2.88004953064344e-06	1.79403736953064e-05	5.29153810869388e-05	5.04268617665334e-06	1.23346875715688e-05	3.59604416380012e-07	6.82290388793626e-07	3.50451914289273e-05
Ins(5,):U1:R3	7.4450457518118e-08	1.50160352486411e-07	2.77370300427813e-06	1.59336776601076e-06	6.79815402849127e-07	2.63367757254992e-07	5.80913423544308e-06	1.73277231491856e-05	5.43566546290627e-05	1.25919008697623e-05	2.39511410187642e-07	2.34420430464641e-05	4.06509340255666e-07	4.36665848827921e-06	7.04212693122329e-05
Ins(5,):U1:R4	3.79020511001328e-07	1.06520000045048e-06	6.11660239054168e-06	0.000915270278990729	3.46209361057715e-06	1.49241729111162e-06	4.22697165912321e-06	5.34619972754171e-05	5.0263648263609e-05	0.000113980384137576	5.47639602753366e-06	0.000112761136381879	5.62859086507846e-07	0.000354791002172686	4.65470923104657e-05
Ins(5,):U1:R(5,9)	1.0793962695445e-05	3.87179083864181e-05	0.000122621163433429	0.000368705301054889	5.34858135348348e-05	0.000261173025944533	0.000164544907937266	3.14046119479144e-05	0.000233033596059289	0.000128760760644884	0.000259190185511168	0.00018232018296085	0.000432525938032029	1.56926789422534e-05	0.000133757252590497
Ins(5,):U2:R1	1.35860804598214e-06	6.80883348305572e-06	9.19749074382782e-06	0.000100939847976781	1.10049892320773e-05	1.75578504836661e-06	4.51034406085215e-06	1.04035322117404e-05	3.12777090793082e-05	2.20807392683769e-05	9.07554046170472e-06	2.37488760706325e-05	7.09827847984894e-06	6.57727934797055e-05	4.00012950608097e-05
Ins(5,):U2:R2	7.03444019822702e-07	1.80192422983694e-06	3.85788658901226e-06	2.78839359051882e-07	9.36273853980131e-06	6.32375248253374e-05	1.16182684708862e-05	5.17374167181456e-08	1.12717060033055e-05	1.484570413828e-05	7.48311324802472e-06	1.07391558458932e-06	2.03254670127833e-05	4.61228302824491e-05	1.35807309970884e-05
Ins(5,):U2:R3	4.42551568083455e-06	1.19565180667305e-05	2.95440026840049e-06	7.56849688855109e-07	2.4133446801144e-05	4.18462103194042e-05	5.2896181656067e-05	7.82744000431611e-06	1.58364919186713e-05	1.3049194286563e-05	3.04050025311177e-05	1.16596549183984e-06	0.000457401182660751	6.39988384688421e-05	9.36552529566161e-06
Ins(5,):U2:R4	5.71779513739146e-06	8.34328458502624e-06	1.22693442339078e-05	3.18673553202151e-07	2.46776810421889e-05	0.000172359565581322	3.82552742334056e-06	2.99645871825926e-07	2.92885844904896e-05	0.000143361486167021	2.51228049442768e-05	1.6262150280924e-06	0.000340920621702877	0.000388496147379091	8.73971830585934e-06
Ins(5,):U2:R(5,9)	8.57141349182681e-05	7.67600951866474e-05	0.000131240422932066	0.00026951815762072	0.000494248712997254	0.0087114445698075	5.74537544505407e-05	8.76668969032011e-05	0.000131307724459322	0.000512772907403277	0.000436040232168638	2.53137244938912e-05	0.00374337252969355	2.03322535860501e-05	0.000181930004437691
Ins(5,):U(3,):R1	0.000101488607614228	0.000150423133103263	0.000252650914695875	0.0182712676754278	0.000340866317526334	0.000224623433854368	0.014296586340194	0.00268607517673863	0.00236788706260617	0.0145805066203511	0.00110419291393453	0.00233582776308661	0.00183801634699137	0.000569848932720436	0.0115056629166609
Ins(5,):U(3,):R2	2.40001202144769e-05	8.23864158938727e-05	0.000126189934399846	0.000451918932634801	0.000143024758546612	0.000141545537982488	0.000292959834654093	0.000111220355864137	9.09514467438668e-05	0.00121383637917424	0.000232462006790498	0.000191985423222154	0.000534591052385452	0.000245760998043464	0.000568376610416281
Ins(5,):U(3,):R3	7.72840870527469e-06	2.65689973680644e-05	1.36516783044438e-05	1.49378228063508e-05	4.81217644713427e-05	0.000167062947352083	0.00012914697208796	3.01133322556573e-05	9.55672358538177e-05	5.34869978579396e-05	0.000212103536924548	0.000119941029147419	0.000258837004920483	2.30614151412246e-05	0.000519549278844122
Ins(5,):U(3,):R4	6.53945745945505e-06	2.12993074979944e-05	1.42479792760476e-05	3.10706714372098e-06	5.23839778959473e-05	0.000222253124039073	0.000150376287850819	3.59251687336623e-05	0.000488495846937373	0.000357276813783294	0.000204206133669713	2.0803279038616e-05	0.000197594809313504	0.000278374478627799	0.000482418064115854
Ins(5,):U(3,):R(5,9)	3.34129141192373e-05	4.81123154388493e-05	6.84571585127538e-05	0.000179453044646961	0.000191219087583427	0.000842337876953881	0.000119819297197716	2.34499841274995e-05	0.000290934972712016	9.57213112810334e-05	0.000420698555353916	7.63400564130925e-05	0.00189553741863755	2.77009897850212e-05	0.00111929536377222
Del2:M1	0.00198000721040498	0.00156632732929677	0.000500757293199074	0.00391123985522661	0.00129142775252927	0.00049852590139956	0.00463967994787459	0.00905071301802285	0.0509268683043962	0.00435336800031174	0.0138375904717131	0.000718694992509592	0.0147381837506647	0.217749975505775	0.00814128138038118
Del3:M1	0.000301982787280732	0.000294830467085038	6.03799908064846e-05	0.00138216686862603	0.000151444157735269	0.000121061379084878	0.00196591965136127	0.000890754480733526	0.00519254598511778	0.00356376925666661	0.00172204172627965	0.000350341946995454	0.00452541832547233	0.00152273568970961	0.00189531761067841
Del3:M2	0.00150408063025339	0.0010185611334704	0.000327721593075507	0.00314283825006792	0.000606028697326401	0.000206948531034145	0.00279383935174596	0.00125838978530419	0.0641494209989843	0.00333139887330088	0.0101724315142692	0.000872019454686531	0.00454357053101221	0.00127028824585597	0.00629707134053662
Del4:M1	0.000626310187329674	0.000438726317366157	0.000183362548768159	0.00204775641868287	0.000542649278167518	8.2346318768394e-05	0.00102094353469572	0.00081102927729656	0.0098161385838402	0.00371245494475781	0.00895621199318042	0.00011168722079729	0.00642864815162548	0.00272001886396467	0.00262888568685112
Del4:M2	0.000589275822470798	0.000462906826627485	9.70615354233225e-05	0.000540231341065947	0.000230180530460761	0.000100313852430012	0.00185590031639001	0.000801524682700298	0.0277826004131769	0.00728363888753969	0.00215136269240032	7.15534612360658e-05	0.00259704746012182	0.0033335343815679	0.00384769155518569
Del4:M3	0.000598976942692855	0.000362036609844738	0.000218535271229575	0.00130879228300124	0.000369861590214146	8.86964080266533e-05	0.00109957937617549	0.000905271137574359	0.0321211999113564	0.00350621561378069	0.00202511428610601	0.000615905929413186	0.00183396688856344	0.0108283578443881	0.00390433068435469
Del5:M1	8.18891862614131e-05	0.000139391039706527	6.02083284055684e-05	0.00264040955925058	0.000107804209978777	2.0454895813471e-05	0.000549081257083425	0.00056002304436278	0.00184521907529678	0.00422129186239505	0.000352062353131765	0.00023239533250513	0.00122614161503347	0.002744717776039	0.00124860722877998
Del5:M2	4.16020132313362e-05	0.000138978098737189	1.97140715157488e-05	0.000713271080454715	7.47796943134039e-05	2.47858322661087e-05	0.00130108076817157	0.000349755715643147	0.00238938490912378	0.00956901173372445	0.000259513849578989	0.000185572613017035	0.000763221286330013	0.00204864512139174	0.000915347023750792
Del5:M3	0.00024756536862861	0.000217127177184336	2.21896240342251e-05	0.000605917927219741	9.75802446224449e-05	2.96727673173957e-05	0.000885042853699882	0.000345153241280929	0.00353155044866235	0.00524476352491826	0.000673311887006958	0.000425117154985288	0.000820820532849316	0.00406576842682122	0.000868346760861504
Del5:M4	7.25206114162695e-05	6.89470643463388e-05	5.43627719112102e-05	0.00022805076151029	5.99459694557297e-05	1.16467074874985e-05	0.000622049650528624	0.00022375786012889	0.00427609508321554	0.00274364617745003	0.000344190843002355	1.19051213377331e-05	0.000701150437067898	0.00488902000993961	0.00107551764722122
Del6:M1	0.000399725860059457	0.000329648898817825	6.16810111081655e-05	0.00229373256756078	0.000322631606060586	0.000100723535607965	0.00072344974161396	0.000464317446336997	0.00174057327080682	0.00560527405643465	0.00510081624323401	0.000457917605268888	0.00587302805836911	0.00229317799673538	0.00137197033079273
Del6:M2	2.82095039610619e-05	9.56427595118137e-05	2.0418790845826e-05	0.000170131843215799	0.000102463076041224	3.40329668541728e-05	0.000590099412233687	0.000330069628581893	0.000400744850653721	0.00890743881487577	0.00029364098889005	0.000212635285748686	0.000569957364987695	0.000947019059645553	0.00079851533262012
Del6:M3	2.94476376303329e-05	5.27579013438976e-05	1.80245520962048e-05	0.00018363563503274	9.24396180368554e-05	2.86778224566546e-05	0.000322123577665362	0.000151760933314197	0.000197471618634833	0.00866072901651179	0.000445769574047341	8.65269128154826e-06	0.00123705482732187	0.000673420613739309	0.000272161301909872
Del6:M4	7.11426011298433e-05	9.09971736067653e-05	2.44212352461361e-05	0.000100103329899626	9.68908812504546e-05	0.000135019870219392	0.000713555321920258	0.000179940579620014	0.000589278159437516	0.00363355549845195	0.000620030308162242	0.000219569712094891	0.00195940628998156	0.000892026454308787	0.000467333957706482
Del6:M5	9.77421703489376e-06	6.28280299825176e-05	1.80516566858232e-05	3.10706714372098e-06	5.90083588860698e-05	2.70098266607064e-05	0.000274304484873605	0.00010853216592049	0.000236846084854525	0.0019231964600786	0.000218272574057219	8.57598302550617e-05	0.000825948804526388	5.45832311034901e-06	4.73311493436662e-05
Del(7,):M1	0.000348722333295712	0.000610312675147974	0.000341526864054455	0.0208228469817233	0.000401801456585085	0.000173120405768948	0.00630368991956049	0.00493768108513523	0.00506185029899348	0.0719345899255582	0.0086949503576352	0.000561166917901547	0.0124531009392398	0.0126420221558793	0.00731839554107772
Del(7,):M2	0.0001264899736786	0.000219365504938586	0.000113017103845326	0.00773329094975076	0.000318741763432485	0.000119305594036511	0.00298693402915741	0.00299658590607536	0.00236890712649787	0.138605634632294	0.00126215392559396	0.000499186647019535	0.000969837476002268	0.0032429262179361	0.0070943638319123
Del(7,):M3	0.000176441718524317	0.000154233452047605	0.000109538681510971	0.00127230416115959	0.000234078011464174	0.000119481172541348	0.00316555309971388	0.00184576683303099	0.00148949729466305	0.107905976031227	0.00103862504707532	0.000209444222297335	0.0018076532262692	0.00193729532994062	0.00412564337004718
Del(7,):M4	3.76913337446118e-05	0.000155129721651509	1.68590547426156e-05	0.000719246209577256	0.000125099401281037	3.0814027598834e-05	0.00383058089783806	0.00109652280992438	0.000905969745415004	0.0613028446230966	0.00066149167525013	7.83651543726038e-05	0.000643441745726219	0.00133647041356895	0.00191248774038712
Del(7,):M5	1.89262087308937e-05	6.66946590590427e-05	2.78454484012548e-05	0.00158874699948933	5.57410438459719e-05	2.99653981587902e-05	0.00194265950005268	0.000513830154136263	0.000533850437722167	0.025154616620388	0.000234164479787237	0.000415636014538485	0.00111736909656582	0.000658956057496884	0.000720454902122024
Del(7,):M(6,)	0.000118477750804969	0.000239787312876738	0.000142624350571774	0.0102594162059842	0.000181340758710005	0.000242473915179429	0.00193687398018405	0.00134732424891698	0.00135764128586194	0.0262637328071149	0.00137981876080965	0.000448037581890666	0.00308621891122102	0.000769350642403693	0.00595805658847477
Complex(0,1)	0	0	0	0	0	0	0	0	0	0	0	0	0	0	0
Complex(2,5)	0	0	0	0	0	0	0	0	0	0	0	0	0	0	0
Complex(6,10)	0	0	0	0	0	0	0	0	0	0	0	0	0	0	0
Complex(11,20)	0	0	0	0	0	0	0	0	0	0	0	0	0	0	0
Complex(21,)	0	0	0	0	0	0	0	0	0	0	0	0	0	0	0
