hdp.1	hdp.2	hdp.3	hdp.4	hdp.5	hdp.6	hdp.7	hdp.8	hdp.9	hdp.10	hdp.11	hdp.12	hdp.13	hdp.14	hdp.15	hdp.16	hdp.17	hdp.18	hdp.19
A[Del(C):R1]A	0.000779817724420609	0.00439670834378856	0.000583750902267651	0.000774316968725808	0.000217353253956117	0.00193788020222197	0.00198942765776048	0.000372570510748458	0.0288095737777911	0.000815009522923003	0.00695452124083728	0.00201966880688075	0.0129816714095396	0.00555186726349784	0.00303516951931071	0.00100569693191513	0.0107117841213423	0.00020692088949485	0.00579720456904062
A[Del(C):R1]G	7.47196259068267e-05	0.000604274579536091	3.63076086224629e-06	0.000157984066666978	3.73016006317309e-05	0.000125183580133327	0.000450701512171772	6.3263963715116e-05	0.00266815619286767	0.000534040918410677	0.000168802295098521	0.000194913924685383	0.000890203128042979	0.00136206013308879	0.000266915272475892	0.000454010448842611	0.000634469234442698	2.2747996759772e-05	0.00155373065429189
A[Del(C):R1]T	0.000112104644752183	0.00372350552838971	0.000197852890623188	3.64701929647261e-05	0.00102659119504162	0.00328363321308452	0.00201470997230599	0.000256811746751456	0.0075866877539272	0.000323923450731035	0.00913474002858094	0.000331189453666247	0.00086598142236533	0.00706838534439813	0.00432538648127611	0.00044281750776117	0.00611410307926404	0.000115070092265016	0.00119328180262605
A[Del(C):R2]A	7.91403792694192e-05	0.00180286867514118	7.45013267837551e-06	0.000128353704763769	0.000512072206048548	0.00383720149980853	0.00183876639644056	0.000104892171461541	0.025813844537318	0.000336286651425004	0.00214250703319258	0.000475228695974746	0.00228472242797419	0.00230019272968484	0.00175595617222251	0.00076419762249896	0.00217616425904732	6.17191274886447e-05	0.00129706052833437
A[Del(C):R2]G	3.09240285720812e-06	5.99308183220293e-05	6.78999433978527e-06	2.29508393821976e-05	3.61492447933406e-05	8.80344669958842e-05	0.00027221608780625	9.26225998539583e-06	0.00450135926546336	6.84341753868832e-05	0.000104568923018098	2.53805245894909e-05	0.000100806890890051	0.000185846624981595	0.000235732614642058	9.16411305131833e-06	2.7506732666507e-05	1.12797387248041e-05	0.000725756907879894
A[Del(C):R2]T	0.000121486637817455	0.00181534034301942	0.000395847239461787	0.000236081043982652	0.000468377398368214	0.000723975911401971	0.00110827998865201	0.00010876335445684	0.0115860740451791	0.000169838994999085	0.00348299751576122	0.000245565006253491	0.000749008745726054	0.00236369166281056	0.00135779088530222	0.000568690812918208	0.00303694355319768	0.000102030839978683	0.00222551568308268
A[Del(C):R3]A	0.000164460162990695	0.000662713251879831	0.000392075020384129	0.000127578880151331	0.000538544818938694	0.00105865746057564	0.00123637099699571	9.23449269126009e-05	0.0145978340315081	0.000930650371993461	0.00283910369980819	0.000665300380194687	0.00114287369996468	0.00104576809876938	0.00162339538233819	0.00093681993963824	0.00107840256678383	3.2802359968511e-05	0.00281903281004328
A[Del(C):R3]G	6.52108832134995e-05	6.19797351877397e-05	6.88429981672674e-06	6.06500644907899e-06	0.000100397029207706	1.08797521884743e-05	0.000382820540173899	1.94273629847959e-05	0.0021368488387458	0.000142132518111219	0.000272874824205642	0.000152118196120636	0.000296810299862858	0.000173780224179295	0.000198375514604401	0.000337559158605127	9.58798774308893e-05	1.27774199111058e-05	0.000723153762586208
A[Del(C):R3]T	0.000192634948920161	0.00118995301143231	7.63874363225843e-06	0.000112696903974516	0.000239768942867271	0.000527129160306705	0.000496863296539433	7.99584403823416e-05	0.0064846026612038	0.000214027630437509	0.00144409498313112	0.000188183906899954	0.000354622314527773	0.000311361245951692	0.00120556846381913	0.000638702573415334	0.000943847230448163	3.68136319569975e-05	0.000443055328985502
A[Del(C):R4]A	0.000820761815208286	0.00083259518504982	6.31846695507796e-06	9.90706780316516e-05	0.00111715373538197	0.000332474598085236	0.00202991567315473	0.000202957810493453	0.00652038703957471	0.0013925367659855	0.000819532164339856	0.000824944026486066	0.000799430173135206	0.000993854513922281	0.0033457888044807	0.000915912694853243	0.00119060333382113	5.25549943556795e-05	0.00216564334132788
A[Del(C):R4]G	0.000191943227228417	0.000153579681586293	5.13964849330969e-06	0.000126670465088474	9.77923892990153e-05	1.37952895795512e-05	0.000329203423375177	3.26046490614942e-05	0.00169886361927379	0.000492174337554999	0.000376068026956175	0.000144750366192144	0.000584473773973652	0.000475961384470767	0.000315517446024423	0.000992990966540035	6.17147010759745e-05	2.73038800887319e-05	0.000474293072509744
A[Del(C):R4]T	0.000441160722465894	0.000745471676586134	7.26152172449258e-06	0.000119483298855865	0.000410001893020714	0.000274215518014932	0.000369055976644407	8.6046135453388e-05	0.00310515383315991	0.00128097691202641	0.00103330774777289	0.000341669366982445	0.000646415646399493	0.000401839208113785	0.0013706226869772	0.000880408204326091	0.000270428667951552	8.11994562055765e-05	0.00093262018721821
A[Del(C):R5]A	0.00199606538547362	0.00131899023230107	6.60138338590235e-06	0.000165598722340932	0.00127371627243889	0.000333087229992728	0.00112045589686895	0.000255962489743679	0.0069262308594759	0.00395039061355433	0.0011916857707409	0.000211251446074083	0.00174392684486246	0.000720055452527913	0.000771770781387389	0.00199604010594127	0.000655779677609967	7.2003903187584e-05	0.000426915828164644
A[Del(C):R5]G	0.000449306186489288	5.8772734876193e-05	1.06093661559145e-05	2.82677393089232e-05	0.000102022955938585	3.35766571949591e-05	0.000279830285768566	4.65337630437392e-05	0.00096594668811552	0.00105314982370069	0.000101377819304674	0.000114523935550183	0.000757604124578256	4.18515695601348e-05	0.000305134724776653	0.00182398517291211	5.86764652027294e-05	2.79636976743053e-05	0.000300750052930621
A[Del(C):R5]T	0.0021197694216137	0.000753689614884472	6.27131421660723e-06	0.000278375780585701	0.000422251593439768	6.56180440675284e-05	0.000475518577661466	0.000104383916311571	0.00304137711712492	0.00376277239954294	0.000170348207564136	0.000421883407940248	0.00272130653498802	5.85280570476981e-05	0.000546627852536245	0.000940602500372367	0.000256255939483682	5.9812987796988e-05	0.000501365783564088
A[Del(C):R6]A	0.00433350460796922	0.000309341905051277	7.63874363225843e-06	0.000426821489092674	0.000879200147602576	0.000363918115264951	0.00044610575930331	0.000367978352396652	0.00241674148159481	0.0066086685764838	0.00066204765041161	0.000305347065111089	0.00426928391677005	0.00020452749798449	0.000891879204592488	0.00181635127761233	0.000235459000971046	0.000105790752886951	0.000133975211115083
A[Del(C):R6]G	0.000980619742414401	8.72794043121638e-05	6.31846695507796e-06	0.000237069613315762	0.000167849309994581	3.40342858487484e-05	0.000106507991168847	4.71280805673463e-05	0.000342550648858781	0.00117912919371995	4.35408373342683e-05	0.000190863451018227	0.00153534205498953	3.17895542731675e-05	0.000319898195520991	0.00117818170139135	5.20693719797849e-05	1.71866771099382e-05	6.76817776358582e-06
A[Del(C):R6]T	0.00204984323618605	0.00047056048321299	3.4893026468341e-06	0.000374106697356846	0.000472276465383041	0.000112960466412762	0.000396210634951145	0.000111549826780637	0.00101766961096666	0.0029656496567437	0.000183594833645636	0.000328033383234191	0.0029172200341402	0.000475239805685247	0.000388024024306192	0.000843253141842228	0.000160264802710955	8.55877668143907e-05	0.00325601413334351
A[Del(C):R7]A	0.0045389149831785	0.000119527574111606	0.000194882268099532	0.000579729118643683	0.000694081285728556	0.000184261963116061	0.000378031879160341	0.00030275768754507	0.00060914170657272	0.00378325330059021	9.55912845709994e-05	0.00020979620802353	0.00717588260409985	5.30360407356881e-05	0.000898502069973125	0.00248352621728091	0.00023707654063314	9.9223996916243e-05	0.000346738953119089
A[Del(C):R7]G	0.000842173500245333	0.000148234681067048	1.22597120023901e-05	0.000133002652438393	0.000100460171993371	1.63343904973499e-05	0.000123325042406033	4.41435024023467e-05	5.0774273141109e-05	0.00102785398113443	5.5964867791864e-05	0.000224542864641601	0.00292477845306114	7.34807729920757e-05	0.000340180720749192	0.00153119777863275	1.59699947590859e-05	1.92499162267315e-05	5.72691964611107e-06
A[Del(C):R7]T	0.000835570996893008	0.000104739739341696	4.33805193930726e-06	0.000230363372704666	0.000491550800707351	0.000101807613253478	0.000229515302512369	9.19665772322718e-05	0.000157420531040093	0.00102665815465993	0.000142436687084057	0.000177157821116421	0.000941991184725702	4.31343762899474e-05	0.000337662652140929	0.000821107968089699	6.6344801378582e-05	8.41424521031345e-05	0.000273850884895857
A[Del(C):R8]A	0.0020804748764116	0.00082063574638801	0.000199078861823427	0.000304960280219329	0.000330978696760687	8.28603107651376e-05	0.000730384279947029	0.000405624957498584	0.000117216633393717	0.000445290347205813	0.000242935180032144	9.01661097418107e-05	0.00935597397681321	6.11337582176298e-05	0.00103358092846571	0.000768203698185559	0.000842798072827301	0.000115813696210662	0.000494597605800502
A[Del(C):R8]G	8.64194807783226e-05	5.31159426599925e-05	4.2437464623658e-07	0.000138399706635371	3.87538847020311e-05	7.48444282165059e-06	0.000270105445748142	6.47903529833965e-05	2.01347315345498e-05	9.15598143512932e-05	8.97338364214708e-05	0.000128196575168727	0.00172252231356454	2.33310473984659e-05	0.000338593992585081	0.000715694877812714	0.000111498977342643	2.32297683301907e-05	1.00654951355892e-05
A[Del(C):R8]T	0.000411725281855119	0.000183155351126113	9.28908947873402e-06	0.000147216676363107	0.000111778516323862	8.94590207084864e-06	0.000172289668646559	0.000103451844566897	2.21693085584439e-05	0.000151142342977244	0.000142748706113814	0.000121814788151063	0.00231378727598976	4.53792880671193e-05	0.000167503303585285	0.000740023620716308	0.000197656499979147	2.13655218185704e-05	0.00034448289386456
A[Del(C):R(9,)]A	0	0	0	0	0	0	0	0	0	0	0	0	0	0	0	0	0	0	0
A[Del(C):R(9,)]G	0	0	0	0	0	0	0	0	0	0	0	0	0	0	0	0	0	0	0
A[Del(C):R(9,)]T	0	0	0	0	0	0	0	0	0	0	0	0	0	0	0	0	0	0	0
G[Del(C):R1]A	2.7058525000571e-05	0.00279458897981601	0.000396224461369553	3.77526612887604e-05	4.52733773219654e-05	0.000160900758450849	0.000856398688846458	4.37684003587586e-05	0.0161384739433134	6.5821073090768e-05	0.0027711686474202	0.00016061869244112	0.000229641669864409	0.0013778146032393	0.000421759244838813	0.000302604858730211	0.00229498923612939	2.20462859941621e-05	0.00556847486923534
G[Del(C):R1]G	4.35601022871659e-05	0.000380029536918286	7.16721624755112e-06	0.000131933928835031	2.12791187691804e-05	2.53171981047944e-05	0.000336443152585248	4.40817973042673e-05	0.00372907439579844	4.68270462313538e-05	0.00101542338429455	0.000342838689244728	0.00171601284255095	0.000552288384894614	0.000509132776136491	0.000578405116621763	0.000499725613067002	1.13216319048405e-05	0.00113861575145863
G[Del(C):R1]T	4.08483083982937e-05	0.00959443182789241	5.56402313954627e-06	4.21344280625444e-05	0.000364191802020594	0.00118904472136899	0.000824625582595364	0.000214850656239077	0.0102054485964504	0.000174021224097711	0.00588168635506744	0.000396081340842411	0.000478691873008756	0.00360448647222176	0.00132333128886859	0.000629641621111311	0.00580067695489788	0.000104659637025968	0.00109175913617227
G[Del(C):R2]A	3.67959211422364e-05	0.0034908198391186	6.60138338590235e-06	4.26153536840573e-05	3.37813903308947e-05	5.21696665319787e-05	0.0020817739215717	0.000116012079662802	0.0305209562949662	0.000223878962822622	0.00213201184764621	0.000437102925285073	0.000263525684265733	0.000679125900304831	0.000315138011028658	0.000624070940757413	0.00192375960447338	2.37534330806459e-05	0.00190185795156761
G[Del(C):R2]G	3.63144886061294e-06	0.000152666577330922	4.38520467777799e-06	1.76072213653879e-05	1.23602002939676e-05	4.58292953448013e-05	0.000216476981411473	2.25434704378069e-05	0.00648759203469611	1.58494461301907e-05	0.000589361399161406	7.34033802577348e-05	7.51945799866625e-05	0.000289593619255186	0.000152187927392561	4.08172690128137e-05	0.000147897898945211	1.31230386464062e-05	0.00113531843408663
G[Del(C):R2]T	7.8470262627912e-05	0.00228336195098577	6.03555052425358e-06	0.000133056088618561	0.000174037302989773	0.000125715019860309	0.00135024354029204	0.000149272751345982	0.0192651742135159	0.000241702471704357	0.00226479012749098	0.000275424878192543	0.000210928439197342	0.00160078244796485	0.000603957030987387	0.000665128918180581	0.00192878339167787	5.69851981445301e-05	0.0029427689830032
G[Del(C):R3]A	8.9488478164441e-05	0.00199041138086017	5.98839778578285e-06	1.72064500141272e-05	7.08619912127974e-05	0.000128541983963555	0.000804222709366983	3.48390231393176e-05	0.0211896996753684	0.000297773446397271	0.00170599241056258	0.000593949728673248	0.000349941009866985	0.000563713382332007	0.000422759573464014	0.000435733803113622	0.00142381147272271	2.08104371830879e-05	0.00146314119807159
G[Del(C):R3]G	9.32257917712136e-06	0.00017086184993185	4.99819027789749e-06	1.73400404645474e-05	1.73326946651039e-05	1.39502928332541e-06	0.000341583587275157	1.99096370408377e-05	0.00509979741677644	9.96964960772115e-05	0.000356439193447827	0.00020323480724144	0.000101346349813829	0.000175143206329721	0.00022245238979026	0.000153812674215936	0.000207096427213484	9.30028596808358e-06	0.00080784275614082
G[Del(C):R3]T	7.31474984179387e-05	0.000131509283608912	6.27131421660723e-06	2.23096052201804e-05	0.000111304945431373	2.19661753818858e-05	0.000974220175348284	5.30501461646006e-05	0.00881914968973663	0.000300032229737981	0.00128811383361897	0.000618054628976612	0.000417085663913266	0.000568604082989418	0.000349942548367527	0.000363160217392018	0.000749622653244146	2.03705587927056e-05	0.00180901243609278
G[Del(C):R4]A	0.000233499101021962	0.00057329584735997	5.23395397025115e-06	2.51684408591736e-05	0.000207802907624251	0.000276164130347196	0.000868892328125907	4.66782828787147e-05	0.00677704493574601	0.00171418877912741	0.000689136575267783	0.00637798946950158	0.000912392871774396	0.000165642418987047	0.000250668555839016	0.00265793665403996	0.000436367697096202	3.39544224195123e-05	0.0011238645947944
G[Del(C):R4]G	0.000137459251457422	0.000154938202551601	3.96083003154141e-06	1.76072213653879e-05	6.34742852899662e-05	1.3138371028144e-06	0.000213549316621194	2.40000355161554e-05	0.00147570555627536	0.000335078170702103	9.70237355712473e-05	0.00282166992415167	0.000572240044379967	0.000651986520427234	0.000158569334139529	0.0010833769746278	8.43260227016471e-05	1.45159868826169e-05	0.000791182626261224
G[Del(C):R4]T	0.000219573565891919	0.000475571421199782	6.03555052425358e-06	0.000111173972839726	0.000147659404278126	4.72907545939993e-05	0.000296023222418677	2.84022071186112e-05	0.00403896321954353	0.0010338394406311	0.000623428204137599	0.00178982183780804	0.000939084100525341	0.000302702300525458	0.000419034211687405	0.000895211771562836	0.000153161321655199	2.07999638880788e-05	0.00106555414021582
G[Del(C):R5]A	0.00111448139292325	0.00016527187022214	5.94124504731212e-06	9.73607202662725e-05	0.000388833274126448	0.000157859742235346	0.00163960575793593	7.3502138541189e-05	0.00571012749663602	0.00354644802301949	0.000461802346723488	0.00706151148281793	0.00209640930565924	0.000782993157709342	0.000355772049666109	0.00501130839515112	0.000210605375686809	3.14408316173276e-05	0.00104976172543412
G[Del(C):R5]G	0.000353842111513556	7.51863406373731e-05	8.44034018626086e-06	2.80807126783349e-05	6.60473538058241e-05	1.49836478579395e-06	0.000208998953904519	3.24081670386623e-05	0.000891398802478697	0.00089236494343706	0.000152520574818476	0.00153593228341146	0.00150794952963767	6.36191962566417e-05	0.000182508232963291	0.00211599886158677	1.70055624792624e-05	1.74066163051294e-05	0.000563667727592993
G[Del(C):R5]T	0.00128782339206624	9.21344464504776e-05	7.02575803213893e-06	0.000218153205536255	0.000270361622522072	1.96116021470667e-05	0.000416919891704091	7.22923938551582e-05	0.00273617622110457	0.00291677894939457	0.00025077820382558	0.00547242452189748	0.00216225326430041	0.000377425792537039	0.000302513173896818	0.00316973431482532	0.000126390612326999	2.37115399006095e-05	0.00146192639693454
G[Del(C):R6]A	0.00189542798121872	0.000230681314076395	6.08270326272431e-06	0.000181148650769848	0.000251529286697419	0.00010792655122108	0.000768296404227353	0.0001146740533255	0.00221565847685966	0.00448415313850005	0.000656629865440375	0.0108939816925921	0.004859511919264	0.000200278200691986	0.000459978697139574	0.00694146317048704	0.000269102114260417	3.7169723987307e-05	0.00136196561765696
G[Del(C):R6]G	0.00071434758060427	5.12006508072632e-05	1.34385304641584e-05	0.000369003542150793	5.28978686910412e-05	1.29907488817604e-06	0.000391558144392949	3.18820498866167e-05	0.000578567730388884	0.00124270413771841	8.95778269065923e-05	0.00220147092676304	0.00430919188915356	0.000426974202476049	0.000180818022527608	0.00355835804334117	4.64464960115537e-05	1.77627083354389e-05	0.000381621100054493
G[Del(C):R6]T	0.00140836985011423	0.00012487257463085	4.99819027789749e-06	0.000404805782863418	0.000117019367534076	4.19985006461458e-05	0.000148039980054206	7.35297434534877e-05	0.00103056346112917	0.00226231387601546	0.000406064401862356	0.00413753869027109	0.00244503163815699	0.000236116613706124	0.000431831519271866	0.00156047823740648	0.000212513901319862	7.36901036840496e-05	0.00027523922905249
G[Del(C):R7]A	0.00176391948076482	0.00015366876492828	3.72506633918775e-06	0.000277307056982339	0.000376599359403811	0.000214886177383347	0.000264658627533668	0.000147528770416053	0.000319252385677814	0.00133659233377666	0.000238198163853106	0.00436893986824414	0.00325725897576183	0.000238922753427589	0.00119273666214415	0.00210882918964981	0.000186085528428084	4.0416445440129e-05	0.00047325181439227
G[Del(C):R7]G	0.000602198645499102	2.200358547089e-05	8.25172923237794e-06	0.000246073609674086	7.01516348740636e-05	4.23675560121049e-05	0.000168408810668746	4.61976326410434e-05	8.74642739133877e-05	0.000373850787822187	0.000133331404488422	0.00132734571910753	0.00188381453778623	0.000244935909973586	0.000350666924268535	0.00136024322690806	2.21320506146818e-05	2.08523303631243e-05	0.000737037204152537
G[Del(C):R7]T	0.000678455830814438	0.000104561572657721	2.26333144659509e-06	0.000266192331507375	0.000103049026205645	3.05134976574986e-05	0.000197776238875115	0.000111562817327601	0.000131513993386399	0.00050293677582544	0.000203762609114473	0.0017939859446731	0.000996926085130466	3.33128872648199e-05	0.000544868653919513	0.00142265547902117	9.9097839933256e-05	2.72515136136863e-05	0.000282354492855234
G[Del(C):R8]A	0.00105739940986129	0.000102312218272539	5.51687040107554e-06	0.000161831471639081	0.000204882553787235	4.1762305211932e-05	0.000341379331592114	0.000549974291545176	5.22392505550912e-05	0.000310123992842833	0.000309097397023792	0.00236588350177928	0.00402110883587983	5.10717429306626e-05	0.000736793773595898	0.00150110922733855	0.000556057073680241	2.69477880584223e-05	0.000630308247111376
G[Del(C):R8]G	0.000114513967937742	5.28486926340303e-05	2.93761560672655e-05	0.000161617726918409	3.73963148102288e-05	1.03335502468549e-06	6.42838024687318e-05	4.5338632723043e-05	1.36109719735437e-05	7.3293406775301e-05	5.8134818316992e-05	0.000712234556515288	0.00161461254684474	6.74275287357727e-05	0.000164502317709683	0.000979253393691999	4.05925429487377e-05	1.63383402142009e-05	5.72691964611107e-06
G[Del(C):R8]T	0.000286183736192413	0.000159436911321965	2.82916430824386e-06	0.000313456632866056	5.2061226780977e-05	8.84994767569927e-06	0.000226451467266727	9.28613011544235e-05	1.8124741544177e-05	0.000177944041103985	0.000164987153325584	0.00144013949757998	0.00207034744565271	4.56198143289592e-05	0.000215450089413857	0.000884792536086102	0.000143926796282716	2.13969417035977e-05	0.000789794282104591
G[Del(C):R(9,)]A	0	0	0	0	0	0	0	0	0	0	0	0	0	0	0	0	0	0	0
G[Del(C):R(9,)]G	0	0	0	0	0	0	0	0	0	0	0	0	0	0	0	0	0	0	0
G[Del(C):R(9,)]T	0	0	0	0	0	0	0	0	0	0	0	0	0	0	0	0	0	0	0
T[Del(C):R1]A	7.73486004364584e-05	0.00345694589832789	0.000391084812876244	0.000121487155612168	0.000237132731565748	0.000893165653372261	0.00323577314061144	0.000196319640994803	0.0193000406759687	0.000385593930344196	0.00396119504423012	0.00025119534793019	0.00225235489254748	0.010193623239904	0.000541384750776574	0.000310582623187644	0.00313601571789821	9.57782828582481e-05	0.00680115093730585
T[Del(C):R1]G	1.67050248429901e-05	9.19562797665028e-05	0.000202190942562495	3.16609367495974e-05	0.000102291312777663	0.000919228343316293	0.00142312877652446	3.91470132762838e-05	0.00238791318479099	6.3087755434783e-05	0.000584014527606025	7.09511025352666e-05	0.000736181611316213	0.00172461338510207	0.000443387039597457	0.000421858682602526	0.000537947476193518	1.61079277240006e-05	0.000591781696764811
T[Del(C):R1]T	0.00035272477033215	0.0117217643053872	0.000195825322868946	0.000535377089104162	0.000425535018294359	0.00611793413700651	0.00138275423650968	0.000406581386518815	0.0219106078895709	0.000238133973653488	0.0121951503165859	0.00116428574570503	0.0117201946681882	0.0223706661226497	0.00226860734559246	0.00159734101110634	0.00934828377030625	0.000273876664488047	0.00798072284138515
T[Del(C):R2]A	0.000136436612412887	0.00353431478084395	5.37541218566334e-06	0.00011806724008141	0.00149460552239226	0.00597684427060034	0.00168001434056456	0.000115542796153724	0.0307343225718647	0.000251376644611767	0.00106032575921321	0.000238662705877695	0.00054753881965896	0.00596633410035822	0.000653249086346401	0.000936424490106945	0.00185529231718898	5.28691932059526e-05	0.00227063686817325
T[Del(C):R2]G	1.3718126647771e-05	0.000365174889641886	5.51687040107554e-06	2.5916547381527e-05	0.000158867248733703	5.45242397667978e-05	0.00135312581493053	3.64027602301199e-05	0.00520035428603996	2.90857899642661e-05	0.000290092601574959	5.46319090817118e-05	0.000689818113811483	0.00281732419264053	0.000225867304752151	6.42691455644051e-05	8.09112167483377e-05	2.17111405538708e-05	0.00125974877912486
T[Del(C):R2]T	0.000145205022051438	0.00394772830017202	0.000197900043361658	0.000115742766244098	0.000433617294859508	0.00178036737203062	0.00355549002226308	0.000128759053871314	0.0229052824774367	0.000239462669736258	0.00621309311271886	0.000325247537092075	0.0018043702202778	0.0182916614235282	0.000910781966199724	0.000516388314039952	0.0044706656657548	0.000103319055264802	0.00424087076945504
T[Del(C):R3]A	0.000102237258224927	0.000488288068268485	5.89409230884138e-06	4.27222260443934e-05	0.00106615015026089	0.00149691070765208	0.00171765412393416	9.53960816307914e-05	0.0522528328421923	0.000435331453709238	0.0022736117564232	0.000562799570099953	0.000571227060400872	0.00348137711387006	0.000673945540660892	0.00088384689590257	0.00124375962398656	3.4729446250186e-05	0.00539423767757789
T[Del(C):R3]G	3.2994512553095e-05	0.000339452074643021	6.88429981672674e-06	8.30932601613906e-06	0.000104801238507855	7.87933206322683e-05	0.000908483888022359	2.29104533895424e-05	0.00666029135815028	9.31669038990251e-05	0.000154974179007019	2.07252290625334e-05	0.000416911838260049	0.000566840223735925	0.000178024001195151	0.000225148330970007	3.49268749259537e-05	1.6862004964656e-05	0.000993533787090482
T[Del(C):R3]T	0.000253180221535052	0.000950385633992671	6.60138338590235e-06	0.000121540591792336	0.000325706274157641	0.00120060353543083	0.00173012506813771	0.000170505800358787	0.023519401009378	0.000486992422832195	0.00173428686348827	0.000291007288653249	0.000935068128537213	0.00327496549350116	0.000712027016599557	0.000609336147352198	0.00120881563223878	0.000100229433237117	0.00163980799200314
T[Del(C):R4]A	0.000669598840469917	0.000710417381514089	4.76242658554384e-06	9.62652785728265e-05	0.00152773969917009	0.001318221480562	0.0016061759111446	0.000165109851913578	0.0143379204023147	0.00268329541203077	0.000966819329068317	0.00183863279468754	0.00217436112014522	0.00157276113846051	0.000824960668975632	0.00179884833748805	0.000772447935142582	8.4592803788526e-05	0.00273833530593899
T[Del(C):R4]G	0.000186678076485742	4.05551914397679e-05	5.37541218566334e-06	2.47943875979969e-05	7.02463490525614e-05	1.86742015175306e-06	0.000701856569548725	5.67768093249238e-05	0.00176342302254255	0.00068430379112361	0.000255685412202667	0.000239850356075124	0.00115482571212039	0.000377345617116426	0.000212690562171925	0.000567005854045733	9.18060738374676e-05	1.75637157302659e-05	0.00115406108020117
T[Del(C):R4]T	0.000529872499074327	0.00104793189346888	7.40297993990478e-06	0.000106818924156026	0.000956155417632067	0.000577815224267528	0.000589334383268064	0.000115830212005304	0.00786544324647584	0.00166131932928156	0.000573037130831848	0.000371378949853303	0.00133504095659062	0.000954368119270238	0.000645211963254273	0.000914090188317709	0.000467708597850636	7.74814364773449e-05	0.000449129334670772
T[Del(C):R5]A	0.00223825943896333	0.000353839034373988	6.837147078256e-06	7.51312693163442e-05	0.00118506380136492	0.000817642163282391	0.000733720456103394	0.000124017504229422	0.00839364238977672	0.00432105253077787	0.00107945819881058	0.000542932088402229	0.00334891304691177	0.00156013350971391	0.000711233652517501	0.00203011753946419	0.000292389550348023	0.000129868858112879	0.00121757782536713
T[Del(C):R5]G	0.000470860104773727	6.57212355512109e-05	8.25172923237794e-06	0.000113765627577878	0.000131605351022743	8.12659915841943e-05	0.000226598985260036	4.70225323732631e-05	0.000998176191223129	0.00087929310483228	0.000176120559614639	0.000162191229276604	0.00131472733111634	3.61992024068982e-05	0.00031382723558874	0.000948700619034977	8.52160974363443e-05	2.16797206688435e-05	0.00047724330384259
T[Del(C):R5]T	0.00271867149653086	0.000110351989886903	5.70548135495846e-06	0.00022069142409424	0.000599951177998124	0.000435359853007314	0.00104204440965642	7.26041669822964e-05	0.00465914860200627	0.00537967531691474	0.000563676559939139	0.000602813118109613	0.00424877248969039	0.00202567208950495	0.000441144923713387	0.0013639226268949	0.000129368939323871	3.55777831459233e-05	0.000652521753617504
T[Del(C):R6]A	0.00375078255517431	0.00040695497703398	8.01596554002428e-06	0.000251898153312409	0.00152339863265561	0.000545449068672915	0.00103635929314507	0.000482140902935442	0.00359224960317143	0.00735156786485759	0.000157030668066781	0.000709756619683616	0.00602757835096913	0.00039233842077111	0.000732826953185621	0.0041906130700506	0.000251292061155563	0.000164284105512792	0.00113080631557757
T[Del(C):R6]G	0.000715141926284638	4.42744209677422e-05	6.50707790896089e-06	0.000104173833237705	0.000154320968165807	2.05416216692836e-05	0.000142116565245966	3.03865131673759e-05	0.000490054409711918	0.00148522280844504	4.91288145035522e-05	0.000323297444792594	0.00187327710680843	0.000400877103066425	0.000246494770885594	0.00208606505141351	1.44637144388291e-05	1.78360214005026e-05	0.000478978734038381
T[Del(C):R6]T	0.00204955516884956	0.000138101450915981	6.50707790896089e-06	0.000398901084954843	0.000854164033086315	0.000310648663742415	0.000376636131992882	0.000632318121113799	0.0018984427171252	0.00275803140312451	0.000516235484732909	0.000502559312863718	0.00420980557342946	0.000406288943957822	0.0013401988991349	0.0012756170272109	0.000430436718335191	8.9578092212859e-05	0.000408693811108836
T[Del(C):R7]A	0.00350058815158196	0.000190972414385508	4.33805193930726e-06	0.000417069386211996	0.00129658974654612	4.5777627593567e-05	0.000783695013221187	0.000149832968683809	0.000566862253513247	0.0037920353489849	0.000112397764128363	0.00027971361501659	0.00593432987900002	6.84698092037454e-05	0.000424070348903931	0.00227180597691706	6.42479907054973e-05	0.000107110388058098	0.000325740247750015
T[Del(C):R7]G	0.000692628743769691	6.67011523130724e-05	5.84693957037065e-06	0.000117265697378889	9.43353217838443e-05	1.11528531592841e-05	0.000221367770266552	3.43989683609091e-05	0.000121748843239491	0.000464550113281781	7.1665098061908e-05	0.00023497879091345	0.00259477944140982	4.74638490030647e-05	0.000189234580615501	0.00128319934213704	1.45920906024874e-05	2.38895859157642e-05	7.63589286148143e-06
T[Del(C):R7]T	0.00190828118568869	8.65890084117614e-05	7.07291077060966e-06	0.00048124623859388	0.000353583814028837	0.00013156823796442	0.000790492188451332	0.000213890979582105	0.000341716738638514	0.000607897439240104	0.000225206826068679	0.000469327100857894	0.00247154904125472	6.33786699948018e-05	0.000388748400207199	0.000796762031728223	0.000265978294278066	3.8793084713718e-05	0.000424833311929694
T[Del(C):R8]A	0.00180861780911529	0.000346133325292077	1.74465132341705e-06	0.00022854654257895	0.000325074846300988	9.52384277394059e-05	0.000464954019832977	0.000338772355184638	9.07568874857925e-05	0.000348763740354639	6.73961104275058e-05	0.000137441185656118	0.00611319048217276	6.83896337831321e-05	0.000818682744500236	0.000992543936635093	0.000285166251539519	5.82419935456225e-05	1.00654951355892e-05
T[Del(C):R8]G	0.0002096518066549	5.91736099151363e-05	3.77221907765849e-07	0.000106204408084093	5.41922957971783e-05	2.22909441039298e-06	7.8093756150011e-05	3.72731268767139e-05	9.73851419392644e-06	9.59002215550101e-05	5.03768906225801e-05	0.000155699474648067	0.00164823881976026	5.07911289585161e-05	0.000214760207603374	0.000715075913328948	4.00448046504625e-05	2.15016746536887e-05	6.07400568526932e-06
T[Del(C):R8]T	0.000453930387408276	9.18671964245154e-05	2.8763170467146e-06	0.000120845921450151	0.000165055241728895	3.43073868195581e-05	0.000150854169465017	0.000122182589470744	1.56230108833766e-05	0.000402506333340603	5.6645636584061e-05	0.000203117508456509	0.00248628226386191	4.75039367133714e-05	0.000416826589893859	0.000864040032422047	0.000233259489367035	5.36861102166626e-05	7.80943588106056e-06
T[Del(C):R(9,)]A	0	0	0	0	0	0	0	0	0	0	0	0	0	0	0	0	0	0	0
T[Del(C):R(9,)]G	0	0	0	0	0	0	0	0	0	0	0	0	0	0	0	0	0	0	0
T[Del(C):R(9,)]T	0	0	0	0	0	0	0	0	0	0	0	0	0	0	0	0	0	0	0
A[Del(T):R1]A	0.000316683225527343	0.00409097431408778	6.41277243201943e-06	0.000555362220487031	0.000178141584058013	0.0006018923963427	0.00175565702851805	0.000412233898266564	0.0110394264310594	0.000442936657002048	0.00541416838702614	0.000747196925598847	0.00824643284434998	0.0126346440958961	0.00410358947920581	0.00100449338986336	0.00880267651634779	0.000158890358583104	0.000854352285388025
A[Del(T):R1]C	5.00239732338057e-05	0.0013386331092093	5.611175878017e-06	3.42793095778341e-05	0.000268246339202287	0.000270015667950317	0.000917561918379815	7.55708831452203e-05	0.00115251309847575	0.000322746605629153	0.00365100558060217	0.000259813143035605	0.000706906973719174	0.00250624356066098	0.00113651129458978	0.000523042182240441	0.00185318694810499	2.18577666839982e-05	0.00082762666037284
A[Del(T):R1]G	0.000115194527020197	0.00160501457258714	6.2241614781365e-06	0.000135674461446798	2.74039689787071e-05	9.16807340115602e-05	0.00121361918341233	6.67779066689022e-05	0.00268468482615242	0.000238760358949651	0.00210322100080955	0.000276286291144382	0.00121571863663889	0.00291457697784444	0.00055438902290418	0.00035263782116799	0.00153594377247273	1.84539458060397e-05	0.00135675932706959
A[Del(T):R2]A	0.000708082836203978	0.000906423004721885	0.000196768377638361	0.000169098792141943	0.000756939928858286	0.00175285798505203	0.00174342438261138	0.000153756113866964	0.00243354876792613	0.000413230808865822	0.00161397516215062	0.000697513559006421	0.00237544743097762	0.155574350455823	0.00649830721975457	0.0015705192168098	0.00498540273155891	0.000114714000234707	0.000809578186336611
A[Del(T):R2]C	0.000113653006685811	0.000865890084117614	0.000201625109700846	0.000139735611139573	0.000276249687285354	0.00112670388895118	0.00130731580423922	8.07265064715933e-05	0.000784019031412992	0.000329776040619429	0.00048812540668844	0.000756569831632257	0.000504280207959977	0.00368490241909689	0.0010552777114054	0.000893733134184949	0.0018767996038072	6.47040165662391e-05	0.00139355044722036
A[Del(T):R2]G	0.000218927574889842	0.000249433357564745	0.000199173167300368	0.000117025234568132	0.000358935165113964	0.000636325261986684	0.0005265938459601	4.92666493613095e-05	0.00366576278448089	0.000355457837762121	0.000768389408826054	0.000220360429841397	0.000450376273498434	0.0033814384520756	0.00110149979270776	0.000907367546285691	0.00203116766140078	5.43249812122179e-05	0.00317184576884764
A[Del(T):R3]A	0.00110021197741027	0.00197455454598641	0.000194457893453295	0.000196725297288849	0.0114783797207599	0.00955403150287604	0.00251807540808895	0.000657095965629429	0.00302272375436003	0.000507821315710673	0.00530942927180999	0.000616478426554099	0.00142755816201861	0.00649481038533069	0.00193373871478399	0.00135432867739652	0.00516330641915651	0.000369759680296386	0.000687230357533329
A[Del(T):R3]C	0.000215853896409506	0.00128912504189979	5.42256492413407e-06	0.00012116653853116	0.00988711837921057	0.0092940467597725	0.00118197090007865	0.000220472315437786	0.000996110880407333	0.000532819783439369	0.00204704339277012	0.00126496109345927	0.000367904992028805	0.00131828435343394	0.00111743606252992	0.000818786851275575	0.00199636060422758	0.00027407565709322	0.00102789530496715
A[Del(T):R3]G	0.000433284241317947	0.000367713764888527	5.28110670872188e-06	0.00011047930249754	0.00811634209801503	0.00377530353382987	0.000743263735516669	0.000118863504721419	0.0024458381868479	0.000864234549227548	0.00202998162491568	0.000335742112756389	0.000344534432653118	0.000864050507949373	0.000682845016016124	0.000642966550970169	0.0011995811068663	0.000203674168042028	0.000533991871244963
A[Del(T):R4]A	0.00287475178070309	0.00144479818202279	0.000388444259521883	0.00017297291520413	0.04298494069819	0.0119078075781046	0.0016529277674855	0.0011754187894966	0.00260648371711821	0.00391086506865401	0.00446612693047592	0.00114607510934446	0.00127632984371941	0.0173579384750659	0.00409741503700198	0.00101130199918479	0.00650635216811636	0.0012234589030784	0.00130955562574407
A[Del(T):R4]C	0.00172169817142399	0.00112810690125755	0.000203605524716617	0.000202576559017255	0.0160700915229421	0.00980608155561147	0.00100347412817518	0.000463590401870722	0.00118569739805177	0.00439180243362329	0.00306516148686712	0.00252263133431767	0.000575380894113965	0.0013862330224037	0.00193080671708944	0.000829773470862428	0.00181440022985838	0.000891738230255077	0.000426395199105906
A[Del(T):R4]G	0.0015056908791578	0.00241629656806648	4.2437464623658e-06	0.000146228107029997	0.0136623623913486	0.00384501071135222	0.000438514256416888	0.00014272226803934	0.00303328593417692	0.00365497718448503	0.00367368369099224	0.000527360674702611	0.000662095919117317	0.0013548443452336	0.00209537802298017	0.00103172782714908	0.00174310010856259	0.000281553589729719	0.00236990347537251
A[Del(T):R5]A	0.013392539620957	0.0031434616178742	0.000569840844418785	0.000865398937822329	0.101684952606919	0.0121790780342992	0.00327368526489176	0.00189977006439586	0.00199082029990395	0.0259416204981159	0.00397414383396503	0.00463270451409711	0.00410467701716114	0.0108009520510496	0.00152808821021996	0.00150637042545057	0.00629544724804768	0.00263406511467446	0.00291899358932086
A[Del(T):R5]C	0.00557729294672726	0.000336178261824984	0.000577573893527985	0.00065296340356406	0.0161850745356385	0.0086641430611535	0.00146337849362183	0.000864105202957307	0.000751631761506955	0.0125634921377604	0.00226610911702586	0.00781683501486029	0.00121948286112925	0.000991649689855416	0.00137693510554312	0.00100454497023701	0.00330655917211273	0.000661482839479944	0.00384588685689296
A[Del(T):R5]G	0.00829585641800694	0.000892436920029862	4.76242658554384e-06	0.000530728141429538	0.0199034111121958	0.00362457394126485	0.00116612973710489	0.000415278557711273	0.00157193715655858	0.0151411372298384	0.00466916622274868	0.000923962528903154	0.000745867895992056	0.000456919722075111	0.0023057919751775	0.00245235447814013	0.00243141886445446	0.000471591527669896	0.000276801116228702
A[Del(T):R6]A	0.030621385028366	0.00254934253932467	0.000947581432307812	0.00239725391470116	0.0838938728892787	0.0132351152017766	0.00485036892491258	0.00385293939590599	0.00126991003678196	0.0489273540921343	0.00520117285116749	0.00282816167878021	0.0020605232992519	0.00512593534148977	0.00146137663914625	0.00139017703708132	0.00998910334564458	0.00252965683672871	0.00127779725316109
A[Del(T):R6]C	0.00874630659190626	0.000825513059361821	0.000577621046266456	0.00273163081210303	0.0203799970727005	0.00791191965204102	0.000972722300339304	0.000755283391039129	0.0005474876710984	0.0143188515140811	0.00252525510392219	0.0153780063312019	0.0023826821745443	0.000972648115170067	0.0026773968123942	0.00126942738237324	0.00749517384789946	0.000724992900415146	0.00301635122330474
A[Del(T):R6]G	0.0155712555414681	0.00172516573009266	0.00117334874410567	0.00278421201338843	0.028824807941746	0.00462726784614646	0.00067547354382237	0.000437263434629624	0.00117505735929539	0.0264776860962717	0.00226206705232219	0.00256379221106743	0.00138961022372482	0.00145907239203087	0.00199689739453371	0.0019603636808353	0.00279876297755708	0.000764163023749191	0.00154887144974368
A[Del(T):R7]A	0.0427257022839957	0.00103096151682028	0.000545227114937063	0.00258604393923505	0.0453801202011325	0.0138753303073204	0.00600334686553711	0.00517147666512433	0.000501989365567087	0.0413245614336459	0.00347662949101754	0.00468538266529232	0.00259636784824095	0.00253622916797035	0.00204425778082338	0.00177482907682634	0.0126145157102085	0.00154912601138646	0.000670743770673312
A[Del(T):R7]C	0.0220056597201743	0.000957623655529148	0.000180925057512195	0.00503032169248413	0.0239548416688335	0.0130697045867537	0.00612319956133142	0.00325591171943851	0.000606969851944998	0.0245825858547888	0.00280788761414933	0.0456324787139361	0.00545339625446357	0.000357021147990958	0.00150949589542744	0.00192286474919379	0.0136166970694229	0.00133749213913751	0.00387886003061299
A[Del(T):R7]G	0.0350312357624407	0.00162276442847814	4.8567320624853e-06	0.00436226256802259	0.0398561525256925	0.00696273877522349	0.00142829190629026	0.00147764224079777	0.000437362347956141	0.0339219526578373	0.00116723482495449	0.00494909599292688	0.00183408241900191	0.000280333358174351	0.00165430208744783	0.0019673958051092	0.00546446834068785	0.00124601838052801	0.00297418026954702
A[Del(T):R8]A	0.0674434194746551	0.00454233733710248	0.000725444881372197	0.00374576935742325	0.0317716186059563	0.0190491912937743	0.0106154401886424	0.00796675495594482	0.000374466667288992	0.00119586443723865	0.00500932369591647	0.00382460752559679	0.00386291550347584	0.000263015467321882	0.00598855354998865	0.00146089372935162	0.0173723502956559	0.00142919631023722	0.00125350123042001
A[Del(T):R8]C	0.0379437628932301	0.000411542769146332	0.000743362921991075	0.011515229645324	0.00557869668491535	0.00866577428587104	0.00189087429069235	0.00354977250613155	0.000252191251748251	0.000586467469562278	0.00605356629241402	0.0724329564132378	0.0126326834437713	0.000631301261909006	0.00513644603177051	0.00228107325071567	0.0168909995908138	0.000766320522521067	0.00248461541131431
A[Del(T):R8]G	0.0439632305594477	0.00105935683207877	0.000748549723222856	0.00311241703198089	0.00509472301848783	0.00246615343416315	0.00104445008770115	0.00286768597577995	0.000263624222335692	0.000998502451953606	0.00313147971337365	0.00180512932924156	0.00213466893133121	0.000379390090342065	0.00217964708613067	0.00402497129681157	0.00535676929778949	0.000396969300730036	0.00163356044329829
A[Del(T):R(9,)]A	0	0	0	0	0	0	0	0	0	0	0	0	0	0	0	0	0	0	0
A[Del(T):R(9,)]C	0	0	0	0	0	0	0	0	0	0	0	0	0	0	0	0	0	0	0
A[Del(T):R(9,)]G	0	0	0	0	0	0	0	0	0	0	0	0	0	0	0	0	0	0	0
C[Del(T):R1]A	8.09008307795369e-05	0.00175988596263226	0.000200682054931431	0.000148846479858234	7.63711992620881e-05	0.000157121631503428	0.00206827035141498	0.000167073048323526	0.00816834320594248	0.000378159559404885	0.00246961643784326	0.000380154365200969	0.000638054033080928	0.00814137299846572	0.000501578570311702	0.000768874243042972	0.00284888959026017	0.000115185298510116	0.00145376987501432
C[Del(T):R1]C	0.000203759749371191	0.00513289308197251	0.000198560181700249	0.000122475724945278	0.000125085858402808	0.000193244770723505	0.00138696417308795	0.000177411899888571	0.00247351089307621	0.000462753210007939	0.00349773332357565	0.000813881284832241	0.00240635243332208	0.00196068991109789	0.00174202055965075	0.000581190456798712	0.0029928249449538	0.000121511168695614	0.00163008958290671
C[Del(T):R1]G	8.72141865428613e-05	0.000796405077367435	0.00039924223663168	0.000158758891279416	2.71040407467973e-05	0.000107948694543037	0.00149750054022791	0.000145195343417629	0.00499646631056392	0.000257760712933269	0.00129804171183851	0.000422711830608825	0.000461848766610787	0.00167991558811016	0.00082809963121333	0.000484047419763161	0.0022598740761634	2.86863550299335e-05	0.00107978466782131
C[Del(T):R2]A	0.000107796597734992	0.00143929728565507	5.23395397025115e-06	2.99509789842183e-05	0.000547116452092748	0.000144248980338775	0.000643643699881542	5.48363463721629e-05	0.00816087079667144	0.000624683299752438	0.00229311294578301	0.000261499313068991	0.000417625122837045	0.0215950891913471	0.00080326388603594	0.000867083274467232	0.0014251893768793	1.83911060359851e-05	0.000608615369663986
C[Del(T):R2]C	0.000157500096056954	0.000658058647260989	5.51687040107554e-06	3.85809220813659e-05	0.000632990640597452	0.00039054915047256	0.00124919371487561	7.86090473164467e-05	0.00521940104134119	0.000591687347030304	0.00134796475659963	0.000436912314759559	0.000641668407870243	0.00437384980842685	0.00218792566785647	0.000450795272218603	0.00117158654477789	8.05920050950486e-05	0.00163408107235703
C[Del(T):R2]G	9.20947673913241e-05	0.0011892848863674	7.63874363225843e-06	3.1447192028925e-05	0.000566674929952551	0.000142455371260213	0.00131268318968807	3.26468683391275e-05	0.00906101848524483	0.000611042019969328	0.00168830660464863	0.00024080340870269	0.000460931686440364	0.000807566924127314	0.000567289812760213	0.00040769127330743	0.00105165753268836	2.86654084399153e-05	0.000740681607563699
C[Del(T):R3]A	0.00025220043250682	0.00310867457282812	0.000204972954132268	3.23021709116146e-05	0.00139594491979035	0.000495419923263499	0.00097865706268549	0.000113717624305269	0.00366890377801325	0.000458836720125868	0.00290143659234373	0.000333242182402543	0.000676655316071291	0.00628631420402584	0.00149207637971274	0.000498128861768845	0.00213611945439685	5.9509262241724e-05	0.000644018145658127
C[Del(T):R3]C	0.000191231700907289	0.00275405605921174	6.17700873966577e-06	0.000137571445842765	0.000962611767466336	0.000445590067751701	0.00136423505458047	0.00010593628667378	0.00234089662993973	0.000983848832297909	0.00123471603148102	0.000676546401199967	0.00079811149576597	0.000860883578835148	0.0011571042666327	0.00124576918432706	0.00161706894949383	5.6063548183729e-05	0.000535553758421175
C[Del(T):R3]G	0.000113801721448273	0.00145332791201808	0.000201625109700846	3.68175281358187e-05	0.000833658413441533	0.00020421309619981	0.00126408168466184	0.000157978041630293	0.00510915073411186	0.000685569215964344	0.00319243688564162	0.000163059973402501	0.000515417037741979	0.00160940130568078	0.000599231340585578	0.000501928615960855	0.00205563615819404	6.69138818131599e-05	0.000696254594551443
C[Del(T):R4]A	0.00243222309847305	0.00252847476646412	0.000195589559176592	0.000326121007565895	0.00810835453562838	0.000470767024817431	0.000833964606325596	0.00021219408938492	0.00449472691317097	0.00461430841049372	0.00209115153743122	0.00095380407290706	0.00102494797922673	0.00889674572377379	0.00129311446556943	0.000998716388014874	0.00175246301009873	0.000108744222079518	0.00121913971254334
C[Del(T):R4]C	0.00280764649466801	0.000959984364091814	5.79978683189992e-06	0.000231485532488196	0.00377118708815907	0.000966238615832164	0.00076263398279189	0.00015603108340405	0.00301070069496807	0.00663084514681766	0.00180737022986726	0.00209519822761536	0.000555786547204727	0.00191727492083579	0.00154464537367155	0.00143979735652992	0.00174072087032945	0.000114242701959297	0.0010449025208859
C[Del(T):R4]G	0.00196759857128179	0.00174645664882765	6.55423064743162e-06	0.000170595005186649	0.00267753825474098	0.000281065185607133	0.000841726322281221	0.000172347210390946	0.00633857002452303	0.00492833623897022	0.00342284875643397	0.000504370112856093	0.00121287149231895	0.000577423379256879	0.00125399816691504	0.00185228560458654	0.00140684014388709	8.28647101120239e-05	0.00179981465605509
C[Del(T):R5]A	0.00580577175424256	0.000461340357317293	0.000198088654315541	0.000221412812526509	0.0079703244061642	0.00170968588834214	0.000691632437858641	0.000122526838965292	0.00291805675265952	0.0139306065186956	0.00254187720859834	0.00163131452349568	0.00282921030771978	0.00248054733835443	0.000944344716279724	0.00172147777701725	0.000589469109875027	0.000173636757955921	0.00247541763127662
C[Del(T):R5]C	0.00687248186050335	0.000206784707588273	0.000198748792654131	0.00027361996055074	0.00302654421680909	0.00103441052303213	0.000410485837688244	0.000341925810460171	0.00182227823403435	0.0159327363932078	0.000858151610613866	0.00652067977578337	0.00080664094074971	0.00169238286601553	0.000970111801901266	0.001579700523319	0.000250838465377304	0.000134770360177139	0.00039203368122924
C[Del(T):R5]G	0.00507400870272668	0.0011652769257018	4.29089920083653e-06	0.000221760147697602	0.00216941247279651	0.000118260101467935	0.000750923323630772	0.000177082264759357	0.00265745878436641	0.00966529595215206	0.00170413447906721	0.000579826221850124	0.000840417063366278	0.000287108181216174	0.000604681406888394	0.00185897385970279	0.000802915877984139	5.92474298664964e-05	0.00119137282941068
C[Del(T):R6]A	0.012007586764626	0.00186847855651491	0.000192713242129878	0.000536739711698449	0.016000050387943	0.00676922828463649	0.00134168749668014	0.000540638959733107	0.00160383883255257	0.0216517606896621	0.00149333725910004	0.00158890734715602	0.0010212317066407	0.00145482309473836	0.00130256584637305	0.00280029848530622	0.00237811708130356	0.000370827956387314	0.000848798908761493
C[Del(T):R6]C	0.00567441376897197	0.000603895975332644	8.3460347093194e-06	0.00055621719936972	0.00652260240212837	0.00300252374083347	0.0014163769914461	0.000841373369588521	0.00130724339826471	0.00988413219698436	0.00078706800256196	0.0143988217337054	0.000588441794057444	0.000690470722321611	0.00311578220886565	0.00178163768614777	0.00184018672193186	0.000148197124378809	0.00183677931922544
C[Del(T):R6]G	0.00581880212012446	0.000637168603564942	6.55423064743162e-06	0.000344690080174309	0.0053446579498472	0.000655051131255449	0.000896614363329986	0.000175512032395073	0.00141157027933484	0.0117417505546847	0.00109043559558476	0.000507636150899022	0.000640871207460659	0.000763109653397247	0.00139859739439229	0.00175613978810817	0.000671210492481688	0.000214136989756123	0.00064141500036444
C[Del(T):R7]A	0.0293749173032944	0.00284946431848025	0.000751991873131219	0.00106372732051622	0.0131327522765816	0.0204384116456395	0.00418792235465316	0.00249505700757015	0.000542713688756332	0.0303801044541139	0.000431791789134136	0.00220630950164145	0.00370096394056954	0.000621479772883879	0.00230313593020714	0.00337892711688046	0.00836178141987991	0.000633686714525785	0.000633258478444222
C[Del(T):R7]C	0.0259097826790667	0.00108356523026385	0.000182245334189376	0.00455049151266471	0.00929599140550916	0.0059407727991315	0.00433596233470736	0.000925051977857704	0.000644040951736858	0.0265643613707378	0.00202077706353785	0.0772038498927449	0.00380687770927136	0.000432546394208673	0.0020434299226508	0.00294494704647084	0.00436214501540903	0.00024523220263815	0.00106833082852908
C[Del(T):R7]G	0.0341983218266426	0.00127734376992196	7.49728541684624e-06	0.00102183335526443	0.0101897775366004	0.00291513881128167	0.000778168762241086	0.000691732011472433	0.000318344714356983	0.0371131326568208	0.00161394679678428	0.00165230000923728	0.000756758972264337	0.000638917926867269	0.00148486711479319	0.00470101806074748	0.00173920603159829	0.000343723068903756	0.000701634428158396
C[Del(T):R8]A	0.0548610073030957	0.00325940358747081	0.000544849893029297	0.00124022702361144	0.00181234001985967	0.0072658439472857	0.00495531095584477	0.00449085319512457	0.000148604030603218	0.000912738283372874	0.00241729651962628	0.00218325295922841	0.0105456547293977	0.00112842895742168	0.0023282131340182	0.00190747660438904	0.00703118815879491	0.000335176860176327	0.00328031015608459
C[Del(T):R8]C	0.0439726024701562	0.00067814694087915	0.000354305676869073	0.00486092900135127	0.000519601983239126	0.00203533296215713	0.00625343525434706	0.00198789793500025	0.000316224082715764	0.000715414260833051	0.00089940903595764	0.098541345622336	0.0148537377307635	0.000260690380124096	0.00369704212828815	0.0108177110566159	0.00758471194284563	0.00014199693373342	0.00185673676647704
C[Del(T):R8]G	0.0584039111060712	0.00105260876892322	0.000170032774925456	0.00136438598823202	0.000517486699919341	0.000389264837799023	0.00132454136684249	0.00182582462343952	7.42016182480635e-05	0.00719498419506519	0.00110434880777529	0.000545798577458986	0.00524163465092839	4.69427087690784e-05	0.000602232326461179	0.00262501118219517	0.00136348323421424	0.000121437855630551	0.0037058376400926
C[Del(T):R(9,)]A	0	0	0	0	0	0	0	0	0	0	0	0	0	0	0	0	0	0	0
C[Del(T):R(9,)]C	0	0	0	0	0	0	0	0	0	0	0	0	0	0	0	0	0	0	0
C[Del(T):R(9,)]G	0	0	0	0	0	0	0	0	0	0	0	0	0	0	0	0	0	0	0
G[Del(T):R1]A	1.82616687125419e-05	0.000922970235496046	0.000199786152900488	2.03057484638768e-05	5.37818676903543e-05	0.000162472934309835	0.000410939739206117	3.03686511653003e-05	0.00361306867380565	9.1831880692051e-05	0.00153738867302845	8.80987186573981e-05	0.000592757465447671	0.00137152083272116	0.000298856800301258	0.000449901212408718	0.00152834390358416	2.59737716225758e-05	0.00200876045162835
G[Del(T):R1]C	2.26745002233809e-05	0.00355471486615907	4.80957932401457e-06	6.23867403462531e-05	5.0719442585591e-05	0.000229050522328857	0.000341016210377816	5.50994049481857e-05	0.00123756784310404	5.30086465783384e-05	0.00146054689560921	0.000335258255268548	0.000302738354036378	0.00167426322095692	0.000642486930102865	0.000285910011126402	0.00192505192452088	2.14597814736523e-05	0.000352986501823937
G[Del(T):R1]G	0.000154962582906657	0.000881947356510844	0.000197192752284597	0.000115021377811829	7.27720604791704e-05	0.000266672026334728	0.000421197913510042	6.98923903035427e-05	0.00247758414496292	0.000197823865351913	0.00271822469114371	0.000474301302456383	0.00276440930299791	0.00182976344923639	0.00123016275036285	0.00193844202203524	0.0027603271541578	6.10802564930894e-05	0.00125141871418506
G[Del(T):R2]A	4.53691651603161e-05	0.0069505273210481	6.27131421660723e-06	7.96199084504643e-06	0.000351026531209395	0.000187162738292499	0.000442928448678201	3.03670273469298e-05	0.00137461801687167	0.0002412595730101	0.00181698608905704	0.000655003746229944	0.000243607662002227	0.0809478306154734	0.0003500460306391	0.000735690869329944	0.00399901164047441	2.64764897830127e-05	0.000937305848746846
G[Del(T):R2]C	2.43406096807985e-05	0.000626812665058905	4.80957932401457e-06	3.42525914877501e-05	0.000247456577022012	0.000152080335204427	0.000452165344566912	5.49565089315807e-05	0.000557664654056791	0.000229674608593182	0.0017783808254662	0.000514006941155598	0.000204257130506616	0.00154181342610378	0.000387575601129378	0.000315637499805069	0.00186516872337976	3.29175662136111e-05	0.000297279192539038
G[Del(T):R2]G	4.36458023197713e-05	0.00271419126367237	5.09249575483896e-06	1.85957906984977e-05	3.26448201889207e-05	0.000133634948013791	0.000303172171325173	3.42365865238579e-05	0.00330345235634876	0.000274552900569806	0.0017475193068866	0.000647313344642891	0.000402508284995166	0.0022208992386983	0.000882117376974153	0.000537003270040948	0.00187543881647242	1.64954396393374e-05	0.00245337766779007
G[Del(T):R3]A	0.000125927555893602	0.000952857696732822	7.49728541684624e-06	0.000138266116184951	0.00591594230315331	0.00159386155228953	0.00112018355595822	0.000115177437020359	0.00130338938076023	0.00103146044193052	0.00278421671593731	0.00199597811791167	0.000363043867726758	0.00206475760705393	0.00165775149650025	0.000712909537635766	0.00108387994976658	0.000161801934595634	0.000562452926455939
G[Del(T):R3]C	0.000110240489000929	0.000348026346309309	6.36561969354869e-06	0.000130223971069652	0.00642296308634864	0.00181742791188024	0.000715019713567036	8.90761805327619e-05	0.000899895671479794	0.000959786778951356	0.00113464301902806	0.00588661386266365	0.000330178831292571	0.00127923892359527	0.00109756746638801	0.000606619581006779	0.000940723410465812	0.000115237664985162	0.00131441483029228
G[Del(T):R3]G	0.000217922579969667	0.0011984827414276	6.17700873966577e-06	4.33367421163266e-05	0.0037779907233145	0.000686413456254653	0.00107700617407057	0.000113365255718868	0.00229994487669041	0.00106862596950287	0.00184333751438833	0.00235873927265956	0.000385815028298247	0.00141986661135097	0.000947483678517422	0.00083279951944973	0.00115608726261889	0.000115750856440608	0.00144873712744652
G[Del(T):R4]A	0.00140650101326875	0.000910877171821255	6.69568886284381e-06	0.000153548863713026	0.0201705840240417	0.0017253707413954	0.000921215825598691	0.000239214427070227	0.00160655569975669	0.00415459854722775	0.00181541181122508	0.0128995416549979	0.000417966780155438	0.00548435955934146	0.00105241470189189	0.00230112082260655	0.0019253942609573	0.000396162857014335	0.000565229614769205
G[Del(T):R4]C	0.00151426952443844	0.000765092282658861	5.28110670872188e-06	9.97386302837528e-05	0.00980260176059766	0.001460787568432	0.000730565840554178	0.000100621529147096	0.000940079079931569	0.00429757257285805	0.00187480888834427	0.0100716072426135	0.000475545029286715	0.00106252476167756	0.00121167391784191	0.00184343097377711	0.000934527120966574	0.000244918003787877	0.000212069569925689
G[Del(T):R4]G	0.00136466859483218	0.00178739044447087	3.58360812377556e-06	9.97653483738368e-05	0.00870120215023917	0.000567466911806035	0.000765175831291977	0.00018411339830367	0.00243365121389914	0.00366025400607089	0.00365855076804902	0.0119368448679582	0.000532302102056242	0.00116017842398454	0.00112095445976339	0.00164010114085986	0.00231230290140143	0.000173081673320438	0.00115475525227949
G[Del(T):R5]A	0.00470364376896047	0.00208566374428021	0.000382644472689983	0.000208882028277091	0.0293710877519287	0.00202179601133375	0.00205548167614892	0.0003626343661393	0.000776884693852872	0.0130607218475542	0.00156141413831974	0.0289287798433768	0.000985040006843216	0.00258457494660016	0.00112992292329966	0.00406102597799096	0.00220125751983705	0.000515170908202774	0.000345524151982035
G[Del(T):R5]C	0.00337484279827869	0.000795336077263586	0.000381277043274331	0.000318319325261353	0.00815034448809575	0.00152542392522608	0.000618474860715497	0.000278197434691089	0.000448102783766064	0.00869287390616598	0.000975626775317366	0.0203084298238026	0.000640529550142266	0.000544391105964205	0.000849830908243546	0.00204039922727786	0.000692888947318111	0.000229365160699358	0.000574948023865636
G[Del(T):R5]G	0.00494453323750005	0.00143355141009688	0.000389340161552826	0.000308166451029415	0.00994457831416592	0.000574966116842324	0.000400851777971395	0.000272606628041419	0.00123655362797128	0.0102630636655421	0.00249747122759065	0.00983188151649734	0.00050909937434573	0.000780427544249717	0.00174805702549248	0.00152686502724639	0.00151999945294637	6.7332813613524e-05	0.000441319898789711
G[Del(T):R6]A	0.00841611012762422	0.000586881057013049	0.00019733421050001	0.000510208648244989	0.0180053231894027	0.00106177228786434	0.00129491294526335	0.000321628080828781	0.000531200810309946	0.0179003075153195	0.000391115853800363	0.0298958790004384	0.00138912471069342	0.00118334912054178	0.00167130767407624	0.00614224247428164	0.000996515691191686	0.000426545885835743	0.00142930030925366
G[Del(T):R6]C	0.00418426628312277	0.000613561517938278	7.16721624755112e-06	0.000934171301698669	0.00682325677607333	0.00135858137538329	0.000994838651797655	0.000535601875147782	0.00048581314642948	0.00901424119871873	0.00115174733493201	0.0157531571701082	0.000659614408067937	0.000512601551691038	0.00126841669675414	0.00153847061131701	0.00134634929557132	0.000138069448105007	0.000484011481606175
G[Del(T):R6]G	0.00427901631118818	0.00122505184817535	6.9786052936682e-06	0.000538984031265509	0.0125312698860311	0.00129846963737587	0.000600069154165756	0.000295335213773464	0.000631157346171655	0.0081440022086219	0.0017567380509476	0.0199050099777279	0.000674113865141491	0.000676720637686432	0.00181587240746296	0.00215564697546358	0.00133772241737349	0.000219604049750874	0.00130001075966721
G[Del(T):R7]A	0.0156624936686175	0.000673470065424811	6.837147078256e-06	0.00188301083485348	0.00732026942774072	0.00266407044581969	0.00110485303219207	0.000722764804351272	0.000177051228387455	0.0152668065707716	0.000679875283157269	0.0369020437847039	0.00326656164520298	0.000541144001429367	0.00261748057715374	0.00458644085741918	0.000962761318560478	0.000373498646614636	0.00193448403924849
G[Del(T):R7]C	0.0136448646425869	0.000372056577810413	7.63874363225843e-06	0.00421269469973208	0.00550785047939897	0.00164783959011471	0.00195139071056274	0.000758371893579841	0.000293401168849543	0.0152234531157281	0.000410702139259199	0.0376836385789839	0.00422133201243419	0.000568924784671871	0.00166834118229116	0.00141177202018161	0.00218118804625181	0.000165677053749002	0.000243827942508668
G[Del(T):R7]G	0.0151574828210189	0.000997198930207054	0.000377787740627497	0.00344772906253569	0.0083773112311694	0.000983562074710284	0.00149818139250472	0.0004155854593833	0.000246362075884224	0.015935476037988	0.000433777364778044	0.0316368532254966	0.00182166886976696	6.02117408805771e-05	0.00146410167229765	0.00229580804412089	0.000847821860031794	0.000219164171360492	0.000726103993919053
G[Del(T):R8]A	0.02771601997173	0.00108002416741985	0.000560646060416992	0.00227531255155756	0.00203892790621932	0.00444400971362581	0.00236130917135364	0.0018783145522663	0.000105175133726622	0.000615996158220801	0.000676428891146772	0.0435232559503474	0.00911422445110399	0.000769323248494777	0.00169735071242197	0.00327384070230324	0.00137552491836538	0.000199621002873506	0.000491647374467657
G[Del(T):R8]C	0.0175056201442233	0.000279142652117546	0.000184933040282207	0.00419393860049308	0.000986179812215881	0.00145181214193187	0.00181003443035921	0.00173953166759382	6.52048128986987e-05	0.00164663407400484	0.000583603229794073	0.0421615820087124	0.0066028873172266	0.000369287987344791	0.00208126993995579	0.00190159644179326	0.00329174456282657	0.000124873096393537	0.00165750938000021
G[Del(T):R8]G	0.0219706292917206	0.000490203360121214	0.000186819149821037	0.00299907889384435	0.000692250144944265	0.000387323606574078	0.00047903631442498	0.000899439490699631	2.98302184198138e-05	0.000428466523948257	0.000388208403750355	0.0245602761799891	0.0118508815894675	0.000728634222533534	0.00118007733092178	0.00446146161207202	0.00319132872761309	0.000103685620590121	0.00156900244001486
G[Del(T):R(9,)]A	0	0	0	0	0	0	0	0	0	0	0	0	0	0	0	0	0	0	0
G[Del(T):R(9,)]C	0	0	0	0	0	0	0	0	0	0	0	0	0	0	0	0	0	0	0
G[Del(T):R(9,)]G	0	0	0	0	0	0	0	0	0	0	0	0	0	0	0	0	0	0	0
A[Ins(C):R0]A	0.000176439443178586	0.281374523896863	0.000195825322868946	0.000432485724190492	0.00011960822174635	0.0467621934988727	0.000279455817016321	0.000666809647121827	0.000729921410907577	0.00015565358253446	0.000694767100486579	0.00106512795098084	0.00171676209105619	0.00600453768828045	0.00502033892306621	0.0039785489605291	0.0104741170503563	0.000349420541388708	0.00148118967210782
A[Ins(C):R0]G	5.45383484807571e-06	0.012487212921414	0.000202803928162614	1.39735611139573e-05	2.85563248170974e-05	0.00019951871194481	0.00010153776954814	1.1819773918951e-05	0.000603919010868887	2.58273209993766e-05	0.00029617697265522	2.74442500868744e-05	0.000114209448151923	0.000829013849141367	0.00088549779784552	0.000100959984685443	9.04024944481374e-05	3.45514002350312e-05	0.000165039411619746
A[Ins(C):R0]T	1.76851739553935e-05	0.169406695811321	8.01596554002428e-06	0.00016466358918799	0.000109473804647082	0.00162461862648856	0.000235506802548289	7.41175657036128e-05	0.00136915149975208	5.37172844891493e-05	0.000391328594047925	6.34989641051056e-05	0.000320258781083091	0.00120138859017977	0.00176875347980697	0.000710038230169405	0.002507622955202	0.000178642992970272	0.00118252213541215
A[Ins(C):R1]A	2.17829318169478e-05	0.00550278938873973	0.0404941116603253	0.000300979284796806	8.84472570205622e-05	0.000569836247255492	0.000199353546649723	0.00022140601100083	0.000672369312192407	5.56850201164903e-05	0.000597644086133137	0.000141601626934147	0.000445371293483379	0.00131227119688794	0.0021134184323243	0.000426294594736185	0.00107999443121319	0.000143777393884968	0.000936958762707688
A[Ins(C):R1]G	1.22824710595446e-06	0.000125384803847278	0.00601857553840411	6.41234162017162e-06	7.59291997624316e-06	1.99289897617915e-07	4.49022076555643e-05	3.65034369690916e-06	0.000167312714193528	2.6890277865593e-06	5.50288107025931e-05	8.0789538121372e-06	3.35843149992244e-05	1.56342070195906e-06	6.00197175120254e-05	3.09482241883171e-07	2.89958961649427e-05	4.3464174287778e-06	0.000310989091085789
A[Ins(C):R1]T	7.76881598093447e-06	0.00517997362821286	0.0357970387703018	0.000188362535092541	6.41846416287e-05	0.000354470297896398	0.000106905154996985	5.02360689285047e-05	0.000507117810975755	6.6700543355078e-05	0.000213747218066696	3.39579982375858e-05	5.52645697470728e-05	0.000460126738899643	0.000412204381763623	4.74023633817723e-05	0.000479870099754527	0.000109100314109827	1.33628125075925e-05
A[Ins(C):R2]A	7.55456589942086e-06	0.000826136642755733	0.0156666859678543	0.000241932305711059	7.77445548503068e-05	8.48827341705935e-05	7.12625383060257e-05	4.1063118953487e-05	0.000602130304180206	1.71275252193318e-05	0.000135331162815501	8.72812927499087e-05	4.9582269083274e-05	0.000789928331592391	0.00114071957363372	7.15935586223068e-05	0.000340727455170808	5.67547856543298e-05	0.000183087885655975
A[Ins(C):R2]G	6.07461995820924e-07	8.44732790395604e-05	0.00157197799513723	3.10464206776643e-05	2.98349662268182e-06	1.17359606374994e-06	6.13674852163992e-05	4.46225288216475e-06	0.000295622197544308	2.36634445217218e-06	4.53845861464685e-05	3.40166476300514e-06	3.59039883714714e-06	9.6210504735942e-07	0.000153222750108286	8.76866352002317e-07	3.11611741253118e-05	8.98608711781048e-06	1.73543019579123e-06
A[Ins(C):R2]T	4.22126673207392e-06	0.000768789241351338	0.0187518896459942	0.000290719538204531	7.13671334981192e-05	0.000108937762923808	7.79802807705428e-05	4.52428274391828e-05	0.00042130496614722	1.27238467735782e-05	0.000301410382745234	5.8363476677336e-05	4.71726858903973e-05	0.000386325264225114	0.00054359237257012	2.42943559878289e-05	0.000194498446353155	3.4729446250186e-05	1.50982427033837e-05
A[Ins(C):R3]A	3.187789154003e-05	0.000271058338832188	0.00469811025026976	0.000596107307865205	6.74838521797079e-05	0.000102582629521992	0.000177781877012819	0.000213645783008157	0.000841935837792062	0.00042155730431785	0.0006499214563006	0.000528900221254833	0.000159338184120004	3.84441141840702e-05	0.000494438293573202	0.000229601436561548	0.000491184318978274	5.51314249279189e-05	0.000834915467195163
A[Ins(C):R3]G	7.04612705051799e-06	0.000160706348945286	0.00116033458828775	4.26687898642253e-05	1.47438404528298e-05	4.79771975746833e-07	8.16001453755781e-05	3.36195355430637e-05	0.000831760903753131	7.09080809505178e-05	5.57237621779609e-05	8.37806571371179e-05	0.000111943720672053	2.08456093594541e-06	0.000343457659348987	0.000220815579583642	4.79527763318105e-05	5.52989976480645e-06	0.000347953754256143
A[Ins(C):R3]T	1.8939347121632e-05	0.000263864858966705	0.00515978271263669	0.000381106836958867	4.47682350366437e-05	6.24736923495568e-05	0.000157401698860332	0.00026212812809651	0.000559895927348856	5.2863122721654e-05	0.000156803745136049	0.000364876198463679	0.000172836645190547	0.000411219732325539	0.000743244168523915	0.000368627736998621	0.000255528474556285	4.0322185785047e-05	0.00075630047932582
A[Ins(C):R4]A	0.000284124054736517	9.03973212817231e-05	0.00213743363487824	0.013262966790082	0.000148780188723684	0.000438482061403328	0.000172369101412186	0.000361833823682638	0.0011014478787713	0.00121480151998023	0.000491883817728694	0.00102404405155868	0.000383477372961874	0.000391616841985591	0.000955831248424267	0.00137064526892692	0.000313417565955244	0.000105874539247024	0.000270206481484695
A[Ins(C):R4]G	5.27318061968012e-05	2.75044818386125e-05	0.000199833305638958	0.000893399496230411	7.62291279943414e-05	1.34557586428689e-05	0.000106417210865272	0.000197662538787216	0.000219592943137822	0.000411509831082424	0.000150861200887496	0.000619718805487824	0.000304033055453446	1.24672779053658e-05	0.000214829195784422	0.00125960991792239	4.49145404585653e-05	2.68849482883677e-05	2.08251623494948e-06
A[Ins(C):R4]T	9.49689592411419e-05	0.00010959478148001	0.0019409481736707	0.0129278685042478	0.000193264281224834	0.000274857674351701	0.000244981996733884	9.77457468129211e-05	0.000586406896243284	0.000625815854984895	9.58891209175856e-05	0.000358879298084071	0.000450268381713678	3.68406057718045e-05	0.000235008238741051	0.000955767130224643	0.000344099469069565	0.000110629415181156	1.00654951355892e-05
A[Ins(C):R5]A	0.000316953648739472	6.31823603045697e-05	0.00114585869757724	0.0141420453900273	0.00022712460003781	0.000536407212206917	0.000384148202113676	0.000403285035226677	0.000618197930586428	0.00112261532033278	0.000275186601562478	0.00041955209458974	0.00046863396107431	8.6910155944801e-05	0.000599783246033964	0.000702679430195739	0.00023380722766531	0.000339921262815451	0.000370687889821008
A[Ins(C):R5]G	2.10209937119347e-05	2.36293564621602e-05	7.68589637072916e-06	0.000925327613880849	1.40966268997612e-05	9.65448837349011e-06	8.12710667751204e-05	8.10642606926597e-05	0.000133024047028504	0.000211819464090429	5.69292902474765e-05	0.000186805646177013	0.000204748637526059	7.35208607023824e-05	0.000245252983626725	0.000468057503932531	4.71397272953083e-05	1.86529384112127e-05	0.000330425909278651
A[Ins(C):R5]T	0.0001187734035919	8.73684876541512e-05	0.000200021916592841	0.0053322093923438	0.00025456014040935	0.000120053710546496	0.000102593090577194	0.000379133984602064	0.000317209612976079	0.000607669662768772	0.000328017096373601	0.000276465904908808	0.000319024019546443	0.000147121896825378	0.000850555284144553	0.000535180763505414	8.88020716078646e-05	0.000371068842172524	0.00022178797902212
A[Ins(C):R6]A	0.000231517197746918	0.000307226175679076	0.000208698020471456	0.00596468002081339	0.000361650304897569	0.000182350256320392	0.000159432908152812	0.00138311490199521	0.000303121242768328	0.00111855330659402	0.00020830106772912	0.00162977497694346	0.000258988235317953	0.000395866139278095	0.00109211740008519	0.0014393331331671	0.000176320381579147	0.000773096744391956	9.71840909643091e-06
A[Ins(C):R6]G	5.51278062680475e-05	5.85500265212245e-05	9.05332578638037e-06	0.00198304336412816	7.33245598537411e-05	3.23587744872941e-05	8.53221378221349e-05	0.000285959286502132	6.73971567210217e-05	0.000462354601183108	0.000109149929682257	0.000189565833209925	0.000172375108111315	2.35715736603058e-05	0.000180473081622366	0.000463982654414402	3.41822931767359e-05	0.000124108545857872	3.64440341116159e-06
A[Ins(C):R6]T	0.000100477886967321	0.000190638351853055	5.56402313954627e-06	0.00428494041531935	0.000268688338701943	0.000173692217434992	0.000121066882354616	0.000645675651029624	0.000179321431149262	0.00076235519530007	0.000103122289334679	0.000358472417923841	0.000208692681657683	6.13341967691631e-05	0.000361532562783643	0.000802796935444944	7.86004458024893e-05	0.000645374911755944	1.38834415663299e-05
A[Ins(C):R7]A	0.00111032926235193	0.000380007266082789	1.05622134174438e-05	0.0105730696346902	0.000190785926887474	0.000100752114906835	0.000301322522639842	0.00437918807723962	0.000189656180906082	0.00134105928346445	0.000341816847098762	0.00387629230270711	0.000875853520670475	0.000190416623956552	0.000661458679891149	0.00299549581264509	0.000990824347936171	0.00117311377396964	0.000530173924814222
A[Ins(C):R7]G	0.000168750205799356	7.65894032736747e-05	1.27312393870974e-06	0.00135677133255806	9.11466111077505e-05	3.61452825420345e-05	0.0001798130863053	0.00115479792000948	2.46259629911218e-05	0.000381424355493978	0.000112000648999582	0.000892123239968388	0.00033325974114615	4.38960427857736e-05	0.000427554252046871	0.00113046985576769	8.04576209700786e-05	0.000241179037469627	7.11526380274406e-06
A[Ins(C):R7]T	0.000285703743992988	0.000146720264253262	3.4893026468341e-06	0.00397631975675851	8.16594075615506e-05	6.89543045757986e-05	0.000122258373839032	0.00100002042438746	3.23380958389945e-05	0.000401418067977572	0.000328300750037017	0.000897504321727107	0.000289515616415766	0.000176987241003827	0.000673566105665127	0.000855615238059672	0.000253200586788616	0.000310554143609926	9.19778003769354e-06
A[Ins(C):R8]A	0.000355996855190493	0.000179057517394692	5.42256492413407e-06	0.000968984973078184	9.71293900495305e-05	2.70000905735679e-05	0.000375558115887934	0.00269648842879533	7.0644694065304e-05	0.000281392521833972	0.000102824452988093	0.00242719044484098	0.00215253101569632	0.000479328752136525	0.00165537140425408	0.000871880249216421	0.00149494042580028	0.000341240897986598	0.00108637930256531
A[Ins(C):R8]G	1.37861825560165e-05	5.6211588794055e-05	1.47116544028681e-05	0.000148579298957393	2.05687624304466e-05	7.29991513867104e-06	0.000143183233812967	0.000240000355161554	1.62745672716932e-05	4.88770344733425e-05	2.92163273317891e-05	0.000268027723567819	0.000428336379468066	0.000326754926709443	0.000477812141940561	0.000168513080705386	0.00013730258623795	3.61852342564513e-05	1.2668640429276e-05
A[Ins(C):R8]T	6.36538792597771e-05	0.000279343089637017	4.00798277001214e-06	0.000462383266994542	8.80526146101545e-05	1.92942145323419e-05	0.00011391793344812	0.000605909962954175	6.08119295762122e-06	0.000197665687246821	0.000131104723230611	0.000639974839410632	0.00072915665733101	8.76718224406272e-05	0.00047398329789238	0.000498060087937316	0.00023925893541533	0.000141588475228065	0.000379712126839122
A[Ins(C):R(9,)]A	0	0	0	0	0	0	0	0	0	0	0	0	0	0	0	0	0	0	0
A[Ins(C):R(9,)]G	0	0	0	0	0	0	0	0	0	0	0	0	0	0	0	0	0	0	0
A[Ins(C):R(9,)]T	0	0	0	0	0	0	0	0	0	0	0	0	0	0	0	0	0	0	0
G[Ins(C):R0]A	3.71066737814738e-06	0.000137388784180081	6.31846695507796e-06	3.02983141553109e-05	4.27003088061076e-05	0.000488444776846872	0.000265736643638616	1.29564467783088e-05	0.000330709943298777	4.42265981836459e-06	0.000692724794109988	0.000134024858544997	6.70847141658611e-05	0.00112971176415149	0.00108087232657432	3.03636466203155e-05	0.000226840681184122	4.09191636005659e-05	0.000247125259880672
G[Ins(C):R0]G	6.18084478853952e-06	0.000308807404999353	5.611175878017e-06	0.000161457418377905	8.12963365439756e-06	8.63589556344299e-07	0.000293674282063686	3.30950422093886e-05	0.000643825815193546	8.4530379361017e-06	0.000152818411165062	6.38471948728701e-05	0.000295677436122924	0.000351368780837722	0.000444283885951085	0.000127008073377277	0.000100355926337107	3.23415349881105e-05	0.00106381871002003
G[Ins(C):R0]T	4.45316093794746e-06	0.00130638493940985	1.03736024635608e-05	0.00013252172681688	3.9937811933254e-05	0.00117536752950655	0.000118899502606773	2.04211398275487e-05	0.000975129945135756	8.32649545202832e-06	0.000147556635708706	2.3008889781663e-05	8.54742694786614e-05	0.000710233963502786	0.00178762174732368	5.50190652236748e-05	0.000271566936602655	0.000163404348732027	0.000840815929860853
G[Ins(C):R1]A	5.57518321357165e-06	0.000383704224775267	0.0250081149862908	0.000135380562455873	4.60310907499481e-05	3.97915495577104e-05	0.000393702829064898	2.29023342976898e-05	0.000523177241704136	2.16387647765478e-05	0.000415722809101652	4.9305811128429e-05	3.58440484910516e-05	0.00064713590748013	0.000239699435052336	3.43697223069143e-05	0.000431831739313611	4.14533016460302e-05	0.000422577252675166
G[Ins(C):R1]G	6.39509487005312e-07	5.85722973567213e-06	0.00392532401947295	1.28246832403432e-06	1.91006926637302e-06	2.80482078128918e-07	3.63688591195561e-05	2.78484850542669e-06	0.000473269661494656	1.34135033117781e-06	2.57983006876332e-05	2.79317731617448e-06	8.79917444562938e-06	9.22017337052778e-07	5.56044739249339e-05	7.56512146825528e-07	2.07284712253516e-05	1.75951356152933e-06	0.000214152086160638
G[Ins(C):R1]T	4.80532325680512e-06	0.000619240580989976	0.0383730400256964	0.000190713727019938	2.18474038401674e-05	4.45892693151787e-05	0.00018626983539704	3.72357790541921e-05	0.000680241260758169	1.62733634518365e-05	0.000185580409289544	2.9584952911869e-05	4.73704874957827e-05	0.000220562582107147	0.000293337745817393	5.18382755154311e-05	0.000293005755933583	5.74879163049671e-05	0.00036634931433153
G[Ins(C):R2]A	1.22356601173652e-06	8.47850707365164e-05	0.0133038622430859	0.000139789047319741	7.35613452999857e-06	5.60964156257835e-07	0.000223535150014395	7.92910510320615e-06	0.000484313337384675	3.29643171011152e-05	9.19179696297696e-05	4.89355868384898e-06	7.79817844261841e-06	0.000521821725061566	0.000272572303321853	1.0144140150615e-06	8.44629572762159e-05	6.05356451526161e-06	0.000492168003526394
G[Ins(C):R2]G	1.13678572661924e-06	0.000150973993833161	0.00191628729145051	3.79129698292647e-05	4.97249437113637e-06	1.77146575660369e-07	4.15206413474121e-05	8.11584421581493e-06	0.00061200199813904	3.58115229927662e-06	4.10163197298709e-05	1.30128339533063e-06	8.54143295982416e-06	1.00219275766606e-06	0.000154154090552438	5.67384110119146e-07	9.43308050560798e-05	3.3409811079039e-06	0.000427783543262539
G[Ins(C):R2]T	5.43331005035088e-06	9.81921137056214e-05	0.0175006445779349	0.000187614428570188	6.10432880418551e-05	1.43341104138515e-05	0.000154167650545488	3.75719094568879e-05	0.000593530989206104	1.6741570642908e-05	0.000201294822242759	1.99371278512769e-05	0.000102988702537332	0.000493319363033543	0.000238768094608184	8.32335296086905e-05	7.63923757875674e-05	3.8384626208363e-05	0.000167469013893854
G[Ins(C):R3]A	2.5557694177464e-05	2.38966064881224e-05	0.00348312563809443	0.000256333356266361	3.47443178122894e-05	8.47277309168907e-05	0.000200806031506916	6.82166097451751e-05	0.000796404749549387	0.000190275606176936	7.70119696172888e-05	0.000251393289629761	0.000150275274200527	1.47923651031511e-05	0.000233111063762223	0.000363899536080961	6.90235839935841e-05	2.26851569897174e-05	0.000140222759819932
G[Ins(C):R3]G	1.25975447088293e-05	5.96858391315639e-06	0.000796881280155355	6.68219433002051e-05	7.98756238665081e-06	7.30729624599022e-07	0.000157344961170598	3.01737929608389e-05	0.00059096574204204	0.000150781696897634	3.39817088771683e-05	9.81864141614823e-05	9.03893396730866e-05	0.000100539977449059	0.000179334776635069	0.000476774587078907	5.25486429907757e-06	3.59862416512783e-05	0.000166080669737221
G[Ins(C):R3]T	1.20419348335764e-05	8.39610498231328e-05	0.00493208213856153	0.000236027607802484	4.7467589123832e-05	4.66855037938264e-05	9.55122268983787e-05	7.48969985214582e-05	0.000421468879704029	0.000216982397440623	0.000104866759364684	0.000128970014031867	0.0001646488575252	2.83019234764896e-05	0.000611235284087983	0.000226351873021774	0.000106868877040035	4.20188595765217e-05	2.42960227410773e-06
G[Ins(C):R4]A	0.000336531425095598	0.000333461219894368	0.00273353855462522	0.0133393805277224	0.00010679023625631	0.000151622706550638	0.000639308940385857	0.000307880834504033	0.000693751835678167	0.00128487442053587	0.000176418395961226	0.000302949771194058	0.000369193699457831	0.000100660240579979	0.000609372603199679	0.00221578969113621	0.000358828494246621	0.000108356710164181	0.000349689184451934
G[Ins(C):R4]G	2.77286416420783e-05	1.400835552752e-05	0.000410464588387714	0.00068411669660206	1.0734273563088e-05	5.16677512342743e-07	0.00018277479370942	6.73478669169516e-05	0.000268861260475746	0.000123632006939691	4.19240114528003e-05	8.07308887289064e-05	0.000143717851282599	1.07435063621802e-05	0.000128180040387751	0.000569069068991621	3.73317883918182e-05	2.99431504310258e-05	0.000243827942508668
G[Ins(C):R4]T	0.000132670492072465	0.000355464805365258	0.00170857947848694	0.0155697799698486	0.00017913608293224	7.32796334648393e-05	0.000177191805039585	8.43557405296858e-05	0.000422788383836343	0.00077440836690806	0.000182332574843437	0.000292829085406712	0.000314996059582231	1.8841223844122e-05	0.000284265800009541	0.000742447898277726	7.08807591611734e-05	0.000111498698666912	0.000199227386476834
G[Ins(C):R5]A	0.000135036605157551	0.000170527787399397	0.000389811688937534	0.0059956462872208	0.000237211660047829	0.000318885979510622	0.000161271209300197	0.000629572244249264	0.000576647892854757	0.000953573542983353	0.000244069794685805	0.000272620704115281	0.000368702192438389	4.42568321785333e-05	0.000390507598823931	0.00068010441999615	0.000171947033603856	0.000395387833183661	0.000411123413382943
G[Ins(C):R5]G	2.88024126388406e-05	1.63022515836958e-05	8.72325661708525e-06	0.00106575789536261	1.53436969166494e-05	1.56479475166659e-06	7.37476491163791e-05	0.00011219448267373	0.000219521230956718	0.000305593771913006	9.38609972241652e-05	4.19819682442864e-05	0.000238416868357871	8.72709453375608e-05	0.00017402268669435	0.00043342987975738	2.92954405468119e-05	8.70435548206561e-05	2.08251623494948e-06
G[Ins(C):R5]T	0.000167312749790277	0.000219790875518434	0.000590729507561319	0.0034947796191737	0.000172632376008722	7.21650862596428e-05	0.000175682582492658	0.00109465331138412	0.000294476851566103	0.000830125022645568	0.000217236158126706	0.000461753998055773	0.000541754621198447	0.000228018896224183	0.000429037497939409	0.00114367443142137	0.000188807103097639	0.000887622225316499	0.000237059764745083
G[Ins(C):R6]A	0.000366850872345223	0.000132645096219252	5.98839778578285e-06	0.00862024443044713	0.000314419501219982	0.000363955020801547	0.000167103843804862	0.00215710955211774	0.000314281707067575	0.00191615691083273	0.000166986911652663	0.00173855493761904	0.000496751758979247	0.000386766229038487	0.000788293450748458	0.000905218364050391	0.000169721846767113	0.00123073784310973	0.000223176323178753
G[Ins(C):R6]G	0.000163369828122085	0.000129059491704259	2.16902596965363e-06	0.00197786005465185	8.76264008069143e-05	1.62015305656046e-05	0.000246094055452672	0.00104944296031234	0.000120550225355324	0.000471313809055503	0.000138408805063558	0.000350668383138886	0.000470342247666275	0.000200318288402293	0.000335799971252625	0.00148437999281898	2.48022748187733e-05	0.000362428373790014	0.000664322678948885
G[Ins(C):R6]T	0.000203285158434325	5.02207340454017e-05	3.91367729307068e-06	0.0053633626853818	0.000259927277190894	0.000129147234763728	0.00012583284829228	0.00142726002821592	7.51297787634956e-05	0.00109134667251824	9.98886375717431e-05	0.000582751360299347	0.000543205166304607	0.00043246621878806	0.00064452208144379	0.00135094156619369	5.08027271650236e-05	0.00113934787086029	6.76817776358582e-06
G[Ins(C):R7]A	0.00103566004822899	0.000119260324085644	9.14763126332183e-06	0.0065751883792339	0.000175237015917412	7.71694770220483e-05	0.000271047291397728	0.00417536152391795	7.97234561930734e-05	0.000842810906673925	0.00037762812210496	0.00242020383596351	0.000522813618985785	0.000362473076592662	0.000719926163329588	0.00149995726566043	0.000204152333860255	0.00114575752740586	0.000612259773075148
G[Ins(C):R7]G	0.000214403117286114	3.73481911282211e-05	1.33442249872169e-05	0.0011458320113445	0.000226619457752488	2.67491329247157e-05	8.74214323422965e-05	0.00152359142922813	2.61032339218647e-05	0.000369402819507007	0.000106511950612493	0.000790960369139276	0.000383051799810893	0.000162716016134662	0.000468291772955895	0.00104269725327805	7.69486724967532e-05	0.000282255300495329	8.1565219202188e-06
G[Ins(C):R7]T	0.000309114616345269	0.000176496371312554	3.15923347753898e-06	0.00335899828536657	0.000222546748077081	9.60798739737927e-05	0.000148754874944855	0.00144618563132423	1.81083501884961e-05	0.000348352477281401	6.83888982494598e-05	0.000470522082229381	0.000393481339003942	3.16692911422476e-05	0.000269226376541011	0.00105459512613267	0.000119038937354837	0.000593772987246093	9.19778003769354e-06
G[Ins(C):R8]A	0.000409343325066527	0.000213287791553354	7.16721624755112e-06	0.000974649208176003	0.000137935415285681	5.17637056294237e-05	0.000197810281488955	0.00264399200469507	1.15456611577478e-05	0.000143480195566601	0.000217931109602074	0.00102992365315336	0.0013987870194171	0.000196509955923162	0.000507063130705042	0.000781889690659948	0.000659613845697894	0.000352028391845974	0.0003366734579835
G[Ins(C):R8]G	3.49893788582805e-05	7.67898407931464e-05	1.25426284332145e-05	0.000238726134900973	3.79172427919669e-05	5.60964156257835e-06	0.000110820055588638	0.000425455027439267	9.99872696536104e-06	6.48720044602176e-05	3.7413918204495e-05	0.000263291785126221	0.000508242234055727	4.56599020392658e-05	0.000400959308252749	0.000553457409234403	0.00036052305960691	8.39958259730071e-05	1.4056984585909e-05
G[Ins(C):R8]T	6.84869289977192e-05	0.00033047692793779	1.03736024635608e-05	0.000618684093986225	3.33236051348218e-05	3.09120774527344e-05	0.000185157776678252	0.000696184521444374	2.86807746026893e-05	8.95414617303228e-05	5.18235243059988e-05	0.000455907386744358	0.000649112941018384	4.99492870420766e-05	0.000356910354653406	0.000513602973863004	7.80783827369457e-05	0.000154543941154326	7.63589286148143e-06
G[Ins(C):R(9,)]A	0	0	0	0	0	0	0	0	0	0	0	0	0	0	0	0	0	0	0
G[Ins(C):R(9,)]G	0	0	0	0	0	0	0	0	0	0	0	0	0	0	0	0	0	0	0
G[Ins(C):R(9,)]T	0	0	0	0	0	0	0	0	0	0	0	0	0	0	0	0	0	0	0
T[Ins(C):R0]A	7.95569966548163e-06	0.00125525110110908	2.49909513894875e-06	0.000132788907717721	5.12719419601617e-05	0.0001626131753489	0.000244074193698138	4.396325856322e-05	0.000270787244768254	8.32016832782465e-06	0.00036458005358785	3.8495994979612e-05	0.000303056035402603	0.00135436329270992	0.00203691053954173	0.000211995335689972	0.000664081336193201	0.00013954618270129	0.000549090113948347
T[Ins(C):R0]G	4.52517777206968e-06	0.00030090125839797	2.68770609283167e-06	0.000135727897626966	4.34580222340903e-05	2.2423804035675e-05	0.000277844466627872	1.57867621981098e-05	0.00110709060296446	1.08193823882739e-05	0.000214115967829136	5.65086896406112e-05	7.40317463065181e-05	0.000518253918844275	0.000822511588548417	7.97432576585636e-05	0.000275803350003378	7.44337076296959e-05	0.00231471679514635
T[Ins(C):R0]T	0.000437164148256282	0.0229133713717719	0.000200163374808253	0.000591832413451757	0.000155646966664777	0.00252132721137403	0.00128470016111121	0.00251623971821347	0.00141245336362215	0.000354863088086976	0.000779792286095354	0.000590973272005619	0.000605105080814154	0.00998352355018687	0.00244473417180879	0.000911941006082409	0.0040375416063937	0.00030267822576308	0.00149403185555667
T[Ins(C):R1]A	1.70291005965401e-05	0.000171864037529208	0.0306720547786566	0.000474486561802616	4.10743820752281e-05	0.000143599442894687	0.000169906685677727	6.52726270394383e-05	0.000259208800899145	4.82696305497903e-05	0.000593928223142395	0.000121561862646055	8.66910490511838e-05	0.000632223279246059	0.00151160003494941	0.000489669680490705	0.000488685262992393	0.000109781078285419	0.000551172630183296
T[Ins(C):R1]G	1.22788702178385e-06	5.72360472269102e-06	0.00454821169467131	1.46949495462266e-06	9.64506051036293e-06	2.06671004937097e-06	3.45192104342245e-05	3.65846278876171e-06	0.00023079233690681	7.58622192019906e-06	4.18530980369465e-05	2.24333926180942e-06	6.34163934841682e-06	2.18077144068135e-05	7.5990481424708e-05	4.47029904942357e-07	5.84111544645023e-05	1.13844716748951e-05	0.000715170783685568
T[Ins(C):R1]T	2.29506847822396e-05	0.00237616452250115	0.0380918210934569	0.00151446150023412	0.000115330298017531	0.000363490011040439	0.000403915613217036	0.000135247832079877	0.000887085827015155	0.000115406745474921	0.00131038064619708	9.71673809673924e-05	0.000706175707178052	0.00204014375292565	0.00107262823893905	0.000353050464157168	0.00147429753868404	0.000212094697229347	0.000992839615012165
T[Ins(C):R2]A	1.15493396881804e-05	0.000463500628360488	0.0194072655579989	0.000296891417013946	0.000123775645600255	4.20944550412952e-05	0.00013322009549566	5.08385055439644e-05	0.000545750187396223	3.37931703717958e-05	0.000369430531232254	0.000130681843174457	7.46371390987582e-05	0.000224370914586278	0.000404201752762019	7.37943212312538e-05	9.60339288272792e-05	0.00013954618270129	0.00018603811698882
T[Ins(C):R2]G	8.88327648897582e-07	1.68590224711171e-05	0.00213441585961611	0.000145560154777896	7.60870567265946e-06	1.65484426096061e-05	2.34667084740225e-05	7.75373271919094e-06	0.000211262036612994	2.34103595535751e-06	0.000105519162790539	1.22503918512534e-05	1.28331283978832e-05	0.00028714826892648	0.000164916246795973	3.1464027924789e-06	5.92755539664679e-05	8.35768941726429e-06	5.2062905873737e-06
T[Ins(C):R2]T	1.60316674439474e-05	0.00102338943275135	0.0241143348285781	0.000530647987159286	0.000188544357996358	0.000429853546947205	0.000429458921135326	0.000123080561029637	0.000773837950615681	0.00018160744601791	0.00021344938172011	0.000132188399443417	0.000100231468038021	0.00141657941910583	0.00133681847826353	0.000249631814994542	0.000186068411606263	0.000390570117479474	0.000155147459503736
T[Ins(C):R3]A	3.32688966911007e-05	0.000389049225294511	0.00925330055023474	0.000597737111360332	0.000175189658828163	0.000124585710440474	0.000198037232247892	0.000161517965678007	0.0014228536788017	0.00022842816512506	0.000148194856451391	0.00031593694603816	0.00017583963319958	0.000163076805527422	0.000927132165108172	0.000285084725148047	0.000362876622607311	0.000269268414684041	0.000589352094490703
T[Ins(C):R3]G	7.39288810681648e-06	6.54094438542549e-05	0.00139477800396422	0.000234184059586685	1.21076291513067e-05	1.50574589311314e-06	7.62214123887858e-05	2.72476722571778e-05	0.00063409754559692	4.19994504639544e-05	5.28304948111235e-05	8.30218806220941e-05	0.000101442253622501	1.28280672981256e-06	0.000144081816119385	0.000236805495414273	5.23261243071014e-05	4.36003271228963e-05	0.000408520268089257
T[Ins(C):R3]T	2.25913207799698e-05	0.000323283448072307	0.0106702403412802	0.000751072230352685	0.000142008124961088	0.000374414049872828	7.52114815115188e-05	0.000368454131179212	0.000915387551517724	0.000164309088445079	0.000102356424443457	0.000547539731297808	0.000197483924019177	0.00056499618906182	0.00106217652951023	0.000352328338926107	0.000203553245096516	0.000523476231144992	0.000133107496017188
T[Ins(C):R4]A	0.00106223101926255	0.000244311065400469	0.00214436508743344	0.0415264044865017	0.000142971052442483	0.000174267943805888	0.000286536680695136	0.00103310085223152	0.00169434780078369	0.00333715940861053	0.000272222420779787	0.000758091050249333	0.000494342175786371	0.000184684081382702	0.000943102929020855	0.00411442885817369	0.000328326317761422	0.000254029770445796	0.00069104830396407
T[Ins(C):R4]G	2.54071789941485e-05	2.15581687609529e-05	0.000610627963195967	0.00119186728055932	2.34733305710469e-05	2.50440971339847e-05	0.000143103801047339	7.10631633486812e-05	0.000294286302056313	0.000223024801055126	7.07148582894663e-05	0.000102860037623585	0.000230660647831546	8.0175420613285e-07	0.000295545367610939	0.000670080634050711	2.21149337928607e-05	4.7119354245955e-05	0.00023567142058845
T[Ins(C):R4]T	0.000598641373977635	0.000331300948851173	0.00254554058634242	0.0455911344033483	0.000218979180686996	0.000148633358086369	0.000141469755582997	0.000209708023459668	0.00108232326453059	0.00172583701478637	7.66006718053364e-05	0.000641353100133574	0.000403089701835239	4.5419375777426e-05	0.00047763967148794	0.00123008875073831	0.000508266907155731	0.000264304072849727	0.000492515089565552
T[Ins(C):R5]A	0.000246580958940263	0.000137789659219025	0.00117787540699886	0.0147589928081581	0.000467745970511561	0.000322635582028766	0.00018252514787459	0.000748637102448627	0.000966061427605287	0.00100372232942163	0.000151215767966765	0.000666817933224734	0.00051641803374499	3.27917470308336e-05	0.0010115736987113	0.000947840946140857	0.000379420030897404	0.000568364773554008	0.000308385945792102
T[Ins(C):R5]G	4.68761174143235e-05	5.63674846425329e-05	1.83895680035851e-06	0.00183764351789077	1.1349915723324e-05	1.27545534475466e-05	0.000199659930174287	0.000139002100152499	0.000225000041593065	0.00026966203356037	0.00013144510762671	0.000190298950615745	0.000169090402664308	5.95703375156708e-05	0.000230075583796097	0.000447184646063299	8.43688147561998e-05	8.86773888420762e-05	5.03274756779458e-06
T[Ins(C):R5]T	0.000265607446431183	8.9818279558805e-05	0.00078367851338355	0.0114161322492023	0.000198994489023953	0.000146345214817422	0.00052288320105149	0.00117315518668811	0.0005699417794618	0.00123430804390014	0.000685477443009724	0.000933577363680484	0.000389783048382039	4.80651646576644e-05	0.000409341372250118	0.00123476537128232	0.000329712780328931	0.000879191222834171	0.000340144318375082
T[Ins(C):R6]A	0.000364506004226203	5.97749224735513e-05	0.000198230112530953	0.0119005579405162	0.000380466855025806	0.000307629790848869	0.000408500018547551	0.00171029968928788	0.000513811630851951	0.00182822886577434	0.000498294390521883	0.00167152967879194	0.000360484434832832	0.000213948109906551	0.000948897936228912	0.00119790259758246	0.000278559158316575	0.00119355764582741	0.000382662358171967
T[Ins(C):R6]G	9.22269182819384e-05	3.48538575525737e-05	9.43054769414621e-07	0.00279166636052188	5.22348694415564e-05	6.45108779696511e-06	0.000145316570946969	0.000399920483562978	6.68459973862508e-05	0.000331199643565254	0.000172773446386337	0.000270472670116228	0.000186952487029414	1.74782416936961e-05	0.000274503972391206	0.000689320113421115	0.000130840986000485	0.000154533467859317	4.51211850905721e-06
T[Ins(C):R6]T	0.000184336809208428	8.93505920133711e-05	6.55423064743162e-06	0.00742442287255538	0.00022054196463221	7.7442577992858e-05	0.000199467022029191	0.00101061908689179	0.000231767622569825	0.000801735216343706	0.000205237608164233	0.000645689489589	0.000342832140049195	0.000200839428636279	0.000493231000404857	0.000593776067968628	0.000326041222048305	0.00114241654629796	0.000254934695761732
T[Ins(C):R7]A	0.000820378325566585	0.000140150367781691	7.7330491091999e-06	0.00782479345246484	0.000199941630808931	8.45727276631878e-05	0.000132380377687595	0.00401195668129341	0.000114567380531789	0.00181886472195291	0.000192827760389808	0.00329589791486747	0.000505850632826976	0.000230945299076568	0.000686673860064305	0.00122247204889641	0.000264874259270605	0.0011399343753808	0.00063742351091412
T[Ins(C):R7]G	0.000141749294266083	0.000101109593155709	7.7330491091999e-06	0.00123114287298287	0.00012909542529255	3.02994455452423e-05	0.000202406034357417	0.00114356109688554	5.24912676486853e-05	0.000207048812440862	0.000114596080019833	0.000986885995844691	0.000437788898610272	5.40783212036608e-05	0.000646315774151046	0.00115610530147035	0.000147290251770562	0.000171563045544118	7.98297890063968e-06
T[Ins(C):R7]T	0.000347546039790421	0.000195493393991369	1.36271414180413e-05	0.00495161019909653	0.000142607981424908	7.2416043908495e-05	0.000143693873020574	0.00126482135752184	4.15684780068125e-05	0.000463752895632119	0.000302119516903773	0.000866317507283521	0.000368618276605801	5.38377949418209e-05	0.000415757273087611	0.000855804366096379	0.000157680162615969	0.000513976952571736	1.4056984585909e-05
T[Ins(C):R8]A	0.000314935016879027	9.28025715153832e-05	1.07508243713267e-05	0.00103968103944058	0.000108621377040601	2.92365660912801e-05	0.000207682639502688	0.00248009514510426	2.30421482484529e-05	0.000434964480505425	0.000121829248436926	0.00225504714678037	0.00146845514242905	0.000423526659389678	0.000621100593977891	0.000605244104376187	0.000912001383450007	0.00043872632793133	0.000324004817554224
T[Ins(C):R8]G	2.16691452190347e-05	4.53656919070879e-05	2.20674816043021e-05	0.000327350039709761	8.99784695729439e-06	7.38110731918204e-07	9.59434333403578e-05	0.000264088076869717	6.44385170206157e-06	9.3704709456337e-05	7.72814405975335e-05	0.000306127835148288	0.000655274760725542	0.000110361466474187	0.000283851870923251	0.000356368801528471	0.000106432398083597	0.000109739185105383	1.61395008208585e-05
T[Ins(C):R8]T	5.49113956815102e-05	0.000218966854605051	1.10337408021511e-05	0.000669902672677346	3.65438872037483e-05	1.55519931215166e-05	0.000179654220774044	0.000688305754710654	4.53139027799026e-05	0.000165005072107482	9.8839119017106e-05	0.000624696672673342	0.000806575006881248	3.18697296937808e-05	0.000580466555340439	0.000397839421940816	0.000365221627196802	0.000157005165481465	0.00035038335653025
T[Ins(C):R(9,)]A	0	0	0	0	0	0	0	0	0	0	0	0	0	0	0	0	0	0	0
T[Ins(C):R(9,)]G	0	0	0	0	0	0	0	0	0	0	0	0	0	0	0	0	0	0	0
T[Ins(C):R(9,)]T	0	0	0	0	0	0	0	0	0	0	0	0	0	0	0	0	0	0	0
A[Ins(T):R0]A	0.000240460608292386	0.0335539311554579	0.000192241714745171	0.00089134220329394	0.00044754027909869	0.00528520499036371	0.00104610682824138	0.00287356582209957	0.00218067932383658	0.000150908239381708	0.000919420801911599	0.000255040548723716	0.00487874662689072	0.0220322857599513	0.0148538452615106	0.00265286458396466	0.00955329194525756	0.00216450540623633	0.00252609219299372
A[Ins(T):R0]C	5.59174708541976e-06	0.00120866051324967	8.3460347093194e-06	0.000131025513772174	7.29141317469172e-05	9.13116786456011e-05	0.00043026459632955	2.77510559520363e-05	0.00130232394264098	1.33059422003158e-05	0.000646857996735714	1.13449918550656e-05	8.76321051737749e-05	0.000715685892104489	0.00140287466161728	0.000112135732309002	0.000152930244560614	0.000197515870576676	0.000234109533412238
A[Ins(T):R0]G	0.000191529490516385	0.000946866841984168	8.9590203094389e-06	0.00010908996181317	0.00160859403621441	0.0037743144654491	0.000332993501049415	0.000309983679293845	0.00299197562002208	0.000564430095960899	0.00132106020662467	8.43818134098903e-05	0.000492819702823707	0.00186949037015027	0.0129718476825128	0.000392732964949743	0.000603539137411971	0.00504648388707128	0.00172883556104723
A[Ins(T):R1]A	5.67334215848023e-05	0.0116613880703553	0.0289874760440512	0.000624936127065893	0.000221883748827596	0.000324030611312092	0.000985272677308486	0.000348440569762662	0.00179895948165878	0.000125625051063847	0.000753327399298695	0.000140633911958465	0.000777833834219945	0.00398235322957217	0.00102299124267479	0.000606069390354542	0.00303957098534722	0.000558739815440643	0.000774869582420786
A[Ins(T):R1]C	9.47993595967841e-06	0.00183841292859416	0.0322385159033927	0.000147751038164788	0.000215443184689744	7.33534445380311e-05	0.000177520883640042	5.14165848838663e-05	0.000804311529745971	5.88232737215101e-05	0.000399455271504777	2.37236792523375e-05	0.000126173448283718	0.00194012491571058	0.00169876497013346	9.47187594741326e-05	0.000486845204646625	0.000443303157850308	0.000311162634105368
A[Ins(T):R1]G	7.49111906855919e-05	0.00309076882108865	0.0445117607417239	0.000109998376876027	0.000462142048283773	0.000674972739909921	0.000378043226698288	0.000444655055852191	0.0106026500740688	0.000399975483659136	0.000947658524104605	0.000117760648896878	0.000257381846522701	0.00313004842074265	0.00171625347402921	0.000371928880912041	0.000265139570008833	0.000783926131431369	0.00153030234664871
A[Ins(T):R2]A	0.000123773532385006	0.00390868752554604	0.0167724176849929	0.000645883109691787	0.000167344167709259	0.000477100014897289	0.00056276979693456	0.000845455648971986	0.000897547609778503	0.000249756900815628	0.000347419006951217	0.000177084509375839	0.000677644324098218	0.00212589136527156	0.00267663794240266	0.000684901394745339	0.00227829177644291	0.000407882474129521	0.000490259030311024
A[Ins(T):R2]C	6.11703787350723e-05	0.00101441428604612	0.0204583944039884	0.000250027887006525	0.000192727567546679	0.000227611206401617	0.000345589268170384	0.00021254321033458	0.00040811197374354	0.00026129757536312	0.000527383073705135	6.08230855738623e-05	0.000293567552332146	0.00551919577959793	0.000598886399680336	0.000401432854638237	0.000360591526894194	0.000270546156675152	0.00075439150611045
A[Ins(T):R2]G	0.000227305653287451	0.000413146269302105	0.0189263076255974	0.000235252783190046	0.000752740933611549	0.000988773136477627	0.000272136655040622	0.00109495534160103	0.0175563630902633	0.00169461265684126	0.000329917575918485	0.000202270757852787	0.000606189992649752	0.00104933590498667	0.0011681078815099	0.00120808112464884	0.000503362937703986	0.00109312921998512	0.00130313453401964
A[Ins(T):R3]A	0.000150987973831452	0.000674739503048131	0.0153334575650816	0.000393370440307445	0.00030557951122685	0.000953225723628446	0.000937998834222037	0.000999526783602829	0.000770223656688038	0.000466764606753065	0.000383315378056439	0.000136323181612242	0.000470725862900962	0.00244563094267734	0.00224608270448019	0.00062885072204872	0.00199337371881979	0.000816906537415035	0.000749011672503497
A[Ins(T):R3]C	6.26481641712603e-05	0.000893773170159673	0.0132660928995709	0.00021310348651037	0.000358635236882055	0.000493973226228939	0.000465237708281648	0.000538130160350668	0.000364316320283582	0.000257324141363216	0.000363814188696628	0.000103292576893019	0.000292027097405357	0.00397638016073648	0.00178255111601663	0.000467696441317	0.000434664573325003	0.000486694019073022	0.000194888810987356
A[Ins(T):R3]G	0.00016521093848642	0.000279209464624036	0.0125045290205301	0.000171743883060263	0.000737081522766573	0.00132629641196918	0.00078296877079259	0.000787810096818839	0.00877261872879742	0.000619811414115613	0.000450839132632482	0.000149233379128734	0.000349257695230199	0.000656556519402191	0.000496404456733079	0.000735364193630178	0.000381405582228651	0.00119866861379185	0.00126217838139897
A[Ins(T):R4]A	0.000591519629251289	0.000411498227475338	0.00760342623114386	0.00867963874470397	0.00273024669507503	0.00473540106837247	0.000387892889636127	0.00206493350231567	0.000452356340565262	0.00192988044323049	0.00106619739004591	0.00029662296798183	0.000367881016076637	0.0011852733306365	0.00150228663050789	0.00249776240040754	0.00181023228374494	0.00595640375746216	0.000956916209959287
A[Ins(T):R4]C	0.000355028228771549	0.000787986701549625	0.00561947475998785	0.0237808368506586	0.00207976550284831	0.00257138588121273	0.000416999324469718	0.00196211007545816	0.000270252476789164	0.00218587588851093	0.000421892276280937	0.000368149567680666	0.00101689805328635	0.00330314715384673	0.00179427910679484	0.000970553504003505	0.00180157117190346	0.00562369859490798	0.00126478152669265
A[Ins(T):R4]G	0.000280925066964808	0.00115160263270673	0.00582732403116683	0.00294411978254146	0.00180821995309501	0.00312848971834263	0.000864682391547637	0.00284510515751962	0.00253154039002559	0.00274249831320451	0.000640248866378134	0.000756624815437693	0.00046736323560941	0.000462451826097428	0.00171107936045059	0.00160261940267623	0.000870998036777563	0.00480982931304558	0.000557073092848986
A[Ins(T):R5]A	0.00113446534422382	0.00198399738023708	0.00409799734775277	0.0121486621250367	0.0110476985654338	0.0199732542623847	0.000908075376656274	0.00937567233184745	0.000354670007465361	0.00639670358853669	0.000592779425805562	0.00100140538606696	0.0020508430085641	0.00121678227093752	0.00219472100368973	0.00439150143194854	0.00373344414992005	0.031666845323624	0.001246906595676
A[Ins(T):R5]C	0.000514272212466772	0.00132324396188097	0.00394583546070772	0.00170715236592027	0.00609610445635261	0.0142218290093121	0.00137329038986203	0.00922636223267894	0.000382508676169943	0.00576357990509655	0.000557819111789611	0.00154824132465518	0.00120144695111093	0.00376660117270182	0.00176647686983238	0.00240608688297859	0.00519528064231832	0.0240138725076373	0.00157490290268055
A[Ins(T):R5]G	0.000697550014129433	0.000797652244155259	0.00353056129299599	0.00341451847656122	0.0090212887164726	0.00738355784681201	0.000827053955715983	0.00926757149528577	0.00259796840784198	0.00598735763393192	0.000559081370591809	0.00134877840646668	0.0018750872911971	0.000808889818567433	0.00149831981009761	0.00261421369064502	0.00366443768274828	0.0234491733873364	0.000280445519639864
A[Ins(T):R6]A	0.00309353388158801	0.0020751073682547	0.00311259941919143	0.00545118504748807	0.0145440724646814	0.0420542944363715	0.000472318571960463	0.0204421455419897	0.000919534564504996	0.0101648413894043	0.000685902923504847	0.000969100567579496	0.00146922836688647	0.00142086880410864	0.00292206339648201	0.00479798916320421	0.00844720291917811	0.0550603636212821	0.00177586571935317
A[Ins(T):R6]C	0.00141334261251037	0.00111844135865192	0.00172206516168957	0.000559396652089722	0.00729360738649358	0.0286337215320932	0.00105799904800965	0.0226871393919562	0.000889423644119147	0.0100255750585574	0.00160004776727692	0.00242920651770698	0.00155430103916632	0.00164592120977013	0.00113371727325732	0.00278511666199606	0.00994343566502589	0.0400614112126154	0.00233155046804552
A[Ins(T):R6]G	0.0028264637732558	0.000966398364714908	0.00169754573768479	0.00456157952004959	0.00366554920774115	0.0118409347457929	0.00147668915563345	0.0335313216100857	0.00244051919192944	0.014905958023188	0.00171472894339578	0.00294535049610055	0.00115685168007858	0.0015889966611347	0.00167234249679196	0.00283869147675762	0.00696881446007883	0.0424442533999065	0.000410255698285048
A[Ins(T):R7]A	0.00633541704020523	0.00244981417548924	0.00188412912381347	0.0164206175485752	0.0061361685538572	0.0366457732860262	0.000456420671296969	0.0321325466037253	0.000847185169448877	0.0138754276685154	0.000944694343321913	0.000755594785482516	0.00193826991914763	0.000482054716437376	0.00413566898339327	0.00970713403161812	0.0137146224070615	0.0425213787443535	0.00276280487169965
A[Ins(T):R7]C	0.00299323027535926	0.00307190542342281	0.00112761058778906	0.0137063267769367	0.00278674370254899	0.0259619230669103	0.00143663234668117	0.0283572744404808	0.00101716147894055	0.009834540197476	0.000774502145272656	0.00176153450270447	0.00116138912902636	0.00152609904366357	0.00244939087402955	0.00262714317097259	0.013303159685715	0.0310010998530754	0.00105930659151097
A[Ins(T):R7]G	0.00509182206664682	0.00216370075186118	0.00190299021920176	0.0149441224543505	0.00195311686050029	0.0073130977963431	0.00165615046826239	0.0353988962276494	0.00212863267171074	0.0129770835927059	0.00164153211555143	0.00154265497002283	0.000996824187333753	0.000667580639736518	0.0014053237420445	0.00241712508293909	0.00828586831510333	0.0249956391817906	0.000717253299920517
A[Ins(T):R8]A	0.00585690190604848	0.00521674277761816	0.00070564073121449	0.00853116631810692	0.00207084658437309	0.018466408584281	0.00145575294812156	0.0429272478284685	0.000542836623923939	0.000893586078408368	0.00177501952955473	0.000878307642455709	0.00212395168071215	0.00125983647180685	0.00523975583289034	0.00271668669962412	0.0134743878128023	0.0363333999609451	0.00384085410932516
A[Ins(T):R8]C	0.00434433413940035	0.00227694795036267	0.00111205018409372	0.0149005185313333	0.00333016630168032	0.0217853013470292	0.00138042799123058	0.0342280907061434	0.000581563250639572	0.00137993946169599	0.00220017382296494	0.00133420769802601	0.00103903984511343	0.00083530761965951	0.0051408612753576	0.00165947816789333	0.0115781263825845	0.0329729908907993	0.00108863536181984
A[Ins(T):R8]G	0.00500094294341547	0.00282349652429092	0.00132004091348812	0.00823916431157835	0.00155762202248616	0.00538342538546006	0.00168067249776547	0.0406726588357506	0.000865906146555947	0.000831055109903508	0.00220556324256983	0.000824016632967703	0.00107269009398112	0.00113263816700388	0.00279260707474487	0.00143221504160378	0.0117341205382511	0.0271730267408881	0.00171391086136342
A[Ins(T):R(9,)]A	0	0	0	0	0	0	0	0	0	0	0	0	0	0	0	0	0	0	0
A[Ins(T):R(9,)]C	0	0	0	0	0	0	0	0	0	0	0	0	0	0	0	0	0	0	0
A[Ins(T):R(9,)]G	0	0	0	0	0	0	0	0	0	0	0	0	0	0	0	0	0	0	0
C[Ins(T):R0]A	9.36254852005919e-06	0.00114155848589765	8.11027101696574e-06	0.000153842762703951	7.69394843330752e-05	0.000150419586057611	0.000278445886139054	4.66490541480455e-05	0.00217377856309491	4.13097939257545e-05	0.000326811568304086	1.8555201541306e-05	0.000308996077552207	0.00308490965893737	0.00139307833990842	0.000204877244126659	0.000518340156797448	0.000182245806453404	0.00128612731810088
C[Ins(T):R0]C	1.30868990966898e-05	7.65003199316873e-05	8.15742375543648e-06	0.000347281734912462	8.18646216149626e-05	3.12147028528209e-05	0.000315824676135877	0.000157804293064648	0.00195729792861701	2.11958660822909e-05	0.000235531819417001	7.41401632505839e-05	0.000666597404136846	0.0158894053834027	0.00372191236755606	0.000298684750333024	0.00039773503024598	0.000463663243348005	0.00113028568651883
C[Ins(T):R0]G	6.05445524465502e-06	7.34714863041154e-05	0.000197852890623188	0.000155338975748658	0.000108558234254936	1.13595241642212e-05	0.000265838771480138	6.09792512678067e-05	0.00151851772839447	1.3799457888202e-05	0.000199309246598851	2.13227197482768e-05	0.000131747857162761	0.00119621727555021	0.00162677580320956	8.92512398675299e-05	0.000123061390482795	0.000339900316225433	0.00104958818241454
C[Ins(T):R1]A	1.98780865544151e-05	0.000102646280804992	0.0107066422553796	0.000917899984837484	0.000175994729345395	0.000165196562910613	0.000452789459153987	7.80488299786204e-05	0.001759777994823	0.000145011359623888	0.000572554919604042	5.24215601031643e-05	0.000122295338020556	0.000898084973999712	0.00103941042976429	9.44264706901318e-05	0.000480905667474703	0.000241084777814545	0.00144786941234863
C[Ins(T):R1]C	2.1235603877619e-05	0.000630041936205949	0.0212032190608721	0.000339132717436827	0.000320275994590431	0.000417475429972936	0.000194394672566963	0.000119064858199363	0.00149952219607974	6.61121208041367e-05	0.000651963762677191	0.000126217158173013	0.000375996875885481	0.00530508731885015	0.00273393262676328	0.00035485577723482	0.000227807781617014	0.000760811569346278	0.00103136616535873
C[Ins(T):R1]G	2.70448418020878e-05	0.000705874131072731	0.0312604266492943	0.000139174531247808	0.000139071985427655	0.000138395762234663	0.000392726940801472	0.000227638225906852	0.0197068188031437	0.000169313843690181	0.000244764746161173	8.14053567422609e-05	0.000260780437742505	0.00138551144361818	0.00165202547747324	0.000231870973002024	0.000418831513140486	0.000380421494615653	0.00143016802435156
C[Ins(T):R2]A	9.08330324575028e-05	0.00122128807697638	0.00831208473762047	0.000284066733773603	0.000193895709081486	0.00017380293404478	0.000282939511165994	0.00025660065036329	0.000756733570962641	0.000316767473256685	0.000921236185357458	0.000122951120130084	0.000448146509946816	0.00174317399497404	0.000598506964684571	0.00045808529836074	0.000330979425143692	0.000162639798196362	0.000294328961206193
C[Ins(T):R2]C	9.96983047379481e-05	0.000787140409800744	0.0183577870578558	0.000268490087254603	0.00029408752423578	0.00039073367815554	0.000329464416747954	0.000839085409504471	0.000774553023507261	0.000708637910810921	0.000132679001062567	0.000130652518478224	0.000782617036677447	0.00619351115466596	0.000850348319601408	0.00092413116772103	0.000255528474556285	0.0006545285715939	0.000588657922412387
C[Ins(T):R2]G	0.00036254750642225	0.00051817552950526	0.018460580027722	0.000777549857625977	0.000508362567390717	0.000145909729485591	0.000345680048473959	0.00140120586246107	0.0161393467830034	0.00282884457721198	0.000475134068904013	0.00022417997152572	0.00134873122527851	0.00114767105836887	0.000529898218632031	0.00192566728282862	0.000101554103864584	0.000400959626128504	0.00185413362118336
C[Ins(T):R3]A	4.47955510765326e-05	0.000455839460949571	0.0091380121046738	0.000266993874209896	0.000321633564482234	0.0032015110130513	0.000360942487012431	0.000321712519384048	0.000915340426370141	0.000502145885299982	0.000430799001312182	0.000122261989768613	0.000309020053504375	0.00137673223506102	0.00128452543702892	0.000359119754789655	0.00045422910066652	0.00142320558549201	0.000306997601635469
C[Ins(T):R3]C	6.57117602948195e-05	0.000535546781192805	0.011187694493258	0.000155445848108994	0.000810311368441817	0.00232680550908431	0.00039405460274125	0.00065763832096518	0.000817727854370804	0.000547903647540915	0.000875653041646598	0.000196068584599549	0.000966968132896641	0.00387668202520387	0.00118276786998267	0.00057343620729375	0.000741107034388149	0.00152610570895645	0.00111015469624765
C[Ins(T):R3]G	0.000218636266795818	0.000582515973255666	0.0077686494267453	0.000256039457275436	0.000791510604009996	0.00220932780499221	0.000500494508682416	0.000728738832136383	0.00906116190960703	0.0011943902172992	0.00118004178785769	0.000160112841431104	0.000554198140373602	0.000706505806444268	0.000860213629491316	0.00120213218822153	0.000339854497257932	0.00179611772758614	0.00168840003748529
C[Ins(T):R4]A	0.000228954478704679	9.72567386147536e-05	0.00428816434200523	0.00239530349412503	0.00291703884076918	0.0157040882189356	0.000279943761148034	0.000687886809571062	0.000320098589414841	0.00121873066411071	0.000279200300899806	0.000110748380910209	0.000482300253810029	0.00144460072861017	0.00137338221421913	0.00105609095696844	0.000553617926570734	0.00811084432719474	5.72691964611107e-06
C[Ins(T):R4]C	0.000260965601387835	0.000763622407516068	0.00600994658726397	0.0101826649023821	0.00268563631700255	0.0140623897101105	0.000573288964611262	0.000740574844239039	0.000491068624844674	0.00123191639095116	0.000558074400086685	0.000271682313835832	0.000754864872043071	0.00335409863364647	0.00210793387193096	0.000826867776480302	0.00165879120268276	0.00920979669920493	0.000156535803660369
C[Ins(T):R4]G	0.000150958446929462	0.000176206850451095	0.00470362712067084	0.00156963435625768	0.00233874563825422	0.00796037662159145	0.000333061586277096	0.00119783722591988	0.0014506657115533	0.00121547219514582	9.3010036233919e-05	0.000224234955331156	0.000444939726344356	0.000252632750352461	0.000853314811386485	0.000670424503208359	0.000297404779141605	0.00684475911342929	0.000552734517359508
C[Ins(T):R5]A	0.000416224533566905	0.000844866415408585	0.00175573221695767	0.00302251065884806	0.00651141034336921	0.0341372670580656	0.000395756733433273	0.00231454848604902	0.000541494581677564	0.00155260035408991	0.000290262793773008	0.000353916093246669	0.000447163495907931	0.000428337184626475	0.00206702388056932	0.00174590968066814	0.00230590121004034	0.0185309873641267	0.000370861432840587
C[Ins(T):R5]C	0.000199631384355135	0.00115002140338645	0.00154477086503962	0.00280449104376223	0.00404142242510981	0.0252676044447168	0.000816012801293728	0.00339503722978716	0.000581854197202909	0.00222091550235085	0.000393200708226467	0.000552895153947324	0.0006148632933465	0.00157672982178086	0.00110125833407409	0.00163253601939161	0.00236862580360376	0.0177442334430428	0.000322269387358432
C[Ins(T):R5]G	0.00026648389130245	0.000722822236885835	0.00175111124858754	0.00144275014644853	0.00392385055820117	0.0118516373514057	0.00044389298940368	0.0029668947829447	0.0015325815115687	0.00254498447693857	0.000401455029831856	0.000645059008619994	0.000857937490412991	0.00150441159238768	0.00101391929686694	0.00147708996667684	0.00062080145221855	0.0123802097245906	0.000194368181928618
C[Ins(T):R6]A	0.00119398329669996	0.000496550548237817	0.00155047634639458	0.00845656941059225	0.00310802998171006	0.0234275608200106	0.000262616070703241	0.00787650962618529	0.000526000652720175	0.00476829163223841	0.000574455399148926	0.000676385115370686	0.000786117525693964	0.000932921194256185	0.00286400984212986	0.00228217363202015	0.00624971965855261	0.0178345341926113	0.00171599337759837
C[Ins(T):R6]C	0.000761731776783326	0.000806226515821547	0.0023024682195258	0.00433466278096577	0.000866950447183522	0.0210883476695228	0.000548812325259972	0.014653889073739	0.00058062894336576	0.00694609411026546	0.00150499542466641	0.00212219527608468	0.00143531438254494	0.0014520169550169	0.000976941631825048	0.00285469858604613	0.00949642986316787	0.0202425018146293	0.0012743263927695
C[Ins(T):R6]G	0.00113967468192005	0.000933237090660095	0.00156858299796734	0.00358407147623459	0.0010422506058866	0.00612005989591443	0.000985442890377688	0.0136723379594977	0.00101783967128185	0.00665769113481383	0.00101397675061113	0.00194764735293298	0.000806419163192157	0.000482215067278603	0.00100881417146937	0.00303218665176613	0.0051583510992393	0.0143451464944284	0.00254934695761732
C[Ins(T):R7]A	0.00291255449718636	0.00190849924790275	0.000944327893353331	0.0161165389653286	0.00123777224169897	0.0138593059233305	0.000385010614997635	0.0127947907880693	0.000461596967330381	0.00596047368319053	0.000862973722891929	0.00027612867090213	0.000903084208345198	0.00025980845049735	0.00367406906399906	0.00468480462996438	0.00669553584129406	0.0134011255754879	0.00050691916019062
C[Ins(T):R7]C	0.00147101477352795	0.000750482614572926	0.00134847401478597	0.0175424834331143	0.00184304319938938	0.0127406548224646	0.000354020488864871	0.0136715260503124	0.00055033157130904	0.00455418807631046	0.00149767716015029	0.00104881242311431	0.000873114268135289	0.00117489061366708	0.00183743121404056	0.00195558389954399	0.00579727070735549	0.0165698209804921	0.00367598824072499
C[Ins(T):R7]G	0.00274396632926378	0.00125387030930828	0.000947015599446163	0.0167420896084664	0.00105472130605548	0.0049688654928782	0.000714781415270153	0.0197272757425558	0.00101268049208128	0.00683243365107075	0.00114394685918808	0.00127590287074114	0.000728539276562686	0.00086886103318617	0.000979459700433311	0.00135114788768828	0.00484387229033115	0.0151508780260688	0.00246500505010187
C[Ins(T):R8]A	0.00293397446415933	0.00182023992682872	6.12985600119504e-06	0.00563719639065321	0.00233481499984656	0.00817899025817098	0.000227608916137303	0.0230714403666132	0.000497014589117928	0.000249573414213721	0.00196659921382551	0.000447989718761501	0.00188117118905972	0.000483337523167189	0.00352591694519782	0.00114609870898279	0.00781656785282334	0.0198357818762458	0.00158427422573782
C[Ins(T):R8]C	0.00271926239465483	0.00122151078533135	0.00016578902846309	0.00670287413174557	0.00597703294828442	0.0102374482295591	0.000294411872030229	0.0266917564142149	0.000302139810346933	0.000588941375125912	0.000843217245235044	0.000575354205674622	0.00107652624632799	0.00024417424347776	0.00296338731692994	0.000952517566684869	0.0051126748602097	0.0306742283158413	0.00195999486312662
C[Ins(T):R8]G	0.00367402305244097	0.00151791333495896	0.000749539930730741	0.0049648890898683	0.00285991040543856	0.00215420569553256	0.00106884729428681	0.034578319099932	0.000705879389962588	0.00115734490508671	0.00101742314262163	0.00120391074148961	0.00091367558521538	0.00122343683084842	0.00197827058565067	0.000652698048131607	0.00652307530303557	0.0250435649797522	0.00245112160853554
C[Ins(T):R(9,)]A	0	0	0	0	0	0	0	0	0	0	0	0	0	0	0	0	0	0	0
C[Ins(T):R(9,)]C	0	0	0	0	0	0	0	0	0	0	0	0	0	0	0	0	0	0	0
C[Ins(T):R(9,)]G	0	0	0	0	0	0	0	0	0	0	0	0	0	0	0	0	0	0	0
G[Ins(T):R0]A	6.85744294511777e-06	0.0012119343260677	0.000216572527796068	0.000143128808580247	3.2455391831925e-05	0.000117913189423933	0.00015084282192707	1.6035206408798e-05	0.00144513567793045	1.82917160728069e-05	0.000678371918741168	3.95333561088474e-05	0.000109072600399944	0.00153547956787533	0.00136179219980302	3.71550624838629e-05	0.000439200531107594	7.22552622678025e-05	0.00180675637683825
G[Ins(T):R0]C	5.9889199256038e-06	0.000497530464999678	3.14508765599776e-05	0.000166720882124462	2.20052608043305e-05	4.29063768464052e-05	0.000105134939077282	2.10804100859763e-05	0.00140713641762316	8.14300885012192e-06	0.00025040945406314	2.21841327001154e-05	6.24273854572412e-05	0.000296248179166088	0.0016726874376972	7.99495791531524e-05	0.000256598275920104	0.000145296021661288	0.000222655694120015
G[Ins(T):R0]G	5.75047218782513e-05	0.00156069560994841	7.16721624755112e-06	0.000429546734281247	0.000114904084214291	9.41681671781245e-05	0.0002868430642197	0.000524832711714551	0.00561459048004978	0.000159892755750918	0.000421977372379962	9.57781234833634e-05	0.0015018716257631	0.000122307604145566	0.00909084856945935	0.000548213404580272	0.00226678927217913	0.000487207210528468	0.00169777136054256
G[Ins(T):R1]A	2.29265591428087e-05	0.00227331780417669	0.0142065071156312	0.000159132944540592	2.83353250672692e-05	0.000138646719883516	0.000347552392235184	0.000117454030375815	0.00162821687628902	6.60741580589147e-05	0.00151127835331106	4.49584249119159e-05	0.000349701250345306	0.00125618849016895	0.00115741471344741	0.00012817722851328	0.00220119761096067	8.55563469293634e-05	0.000863376522406139
G[Ins(T):R1]C	2.51158709001242e-06	0.00112828506794153	0.0265420878742206	0.000187160221038759	5.86596478829929e-05	8.43217700143357e-05	0.000124891002642694	1.97034121077828e-05	0.000743825378363917	9.74377127365017e-06	0.00061296138395757	4.97786718551829e-06	1.69509981827247e-05	0.000847293845041196	0.000559908077388044	1.24996438805036e-05	0.000198187121455602	5.08373739741866e-05	0.000321401672260537
G[Ins(T):R1]G	5.98539110073181e-05	0.00345656729412444	0.0224327738692349	0.000257482234139975	0.000125780429045126	0.000117160316477377	0.00041588726575093	0.000334779385811551	0.0104391278608765	0.000102467776478418	0.000496081891947243	0.000109692691845828	0.000405217567590142	0.000482215067278603	0.000965282629227885	0.0002982205269702	0.00156291132525187	0.000548109421006403	0.0023716389055683
G[Ins(T):R2]A	1.35798543262564e-05	0.00116748173841599	0.0122483953451571	0.000166747600214546	4.45314495903991e-05	4.35337709685357e-05	0.000154144955469594	7.12385357326965e-05	0.00101279932940997	0.000245891027927186	0.000167185469217053	3.92584370816649e-05	9.98898107196278e-05	0.00051460593720637	0.000550594672946523	9.35324108802471e-05	0.000531819653981564	1.65478061143829e-05	0.000293808332147456
G[Ins(T):R2]C	2.01290652213311e-05	0.000564677034022688	0.0148665983014829	0.000171049212718078	8.39009764526661e-05	2.82917843544248e-05	0.000135841376761375	6.59075400223082e-05	0.000799265041115708	0.000146327401458252	0.000141131880232346	3.7253360976747e-05	0.0001700314587869	0.00112911044849689	0.000586744479815835	0.000275576742939081	0.000212128772828887	0.000141316169557828	0.000349342098412776
G[Ins(T):R2]G	0.000214062477660716	0.00116271577961966	0.0141367210626945	0.000344743516354477	0.000114035870911394	3.84998557768535e-05	0.000350888568391549	0.0010140599580189	0.0152409898500382	0.00114765175080669	0.000702099547685868	7.20361162958803e-05	0.000537492895700598	0.000133933040134493	0.0010094350650988	0.00110578005024857	0.000581920591451922	0.000265508501775773	0.00391669240888124
G[Ins(T):R3]A	1.77640323887574e-05	0.000675006753074094	0.00782424250540229	0.000206477400169526	0.000111636445056116	8.91711575230383e-05	0.000383841818589112	6.68055115812009e-05	0.000682765529533031	0.000119019533395216	0.000238098885070911	4.23045399028473e-05	0.000189637793672222	0.000189013554095819	0.000545489547548948	0.000236478819714507	0.000375953874478631	0.000105151881891395	0.000370861432840587
G[Ins(T):R3]C	3.977957857992e-05	0.000687968379333261	0.00532033778712953	0.000182751736174891	0.000124675430295984	9.99549553163632e-05	0.00027100190124594	9.30236829914746e-05	0.000437116477620927	0.000247042564532254	0.000314316624430636	3.91777941670247e-05	0.000222814517484592	0.00157135806859977	0.000407099256366048	0.000507791585098753	0.000233396423941603	0.00011571943655558	0.000448261619572876
G[Ins(T):R3]G	0.000143712113080084	0.00101051688983417	0.00996667433055843	0.000211340092564823	0.000242752439489953	0.000151541514370127	0.000328579308788102	0.000525347462138004	0.00763974042550796	0.000788789920222999	0.000658657989133795	0.00011661332015677	0.000444508159205333	0.000561468470554835	0.000778324658586978	0.000651185023837956	0.000287802242099968	0.000439742237547213	0.00106034784962844
G[Ins(T):R4]A	0.00011813065334736	0.000853841562113817	0.00452864330820595	0.00307971408971801	0.000280464468228508	0.000464552132454679	7.57221207191257e-05	0.000174537741372766	0.000284892006331686	0.000644335347529034	9.68819087395396e-05	4.90235609271882e-05	0.000178770693352109	0.000392779385584483	0.000576603217201734	0.000769699529021328	0.000731204952964642	0.000665295118863258	7.11526380274406e-06
G[Ins(T):R4]C	4.87517958590367e-05	0.000125607512202246	0.00573160397207124	0.00444968415877759	0.000212222902620817	0.00041879664818307	0.000129248457214273	0.000183428146951315	0.000258172047652326	0.000447352989696209	0.000576979916753323	0.00014656116618452	0.000281106051192866	0.00196513964694192	0.000840862444707266	0.000483720744063396	0.000211717969105181	0.000538295943582873	0.000228382613766126
G[Ins(T):R4]G	0.00029186226356295	0.000198989915164374	0.00239135113154313	0.00363133577759327	0.000634948066953074	0.000499088333601132	0.000325129657252269	0.00145815642035164	0.00176884856127293	0.00171615018763055	0.000672656297423347	0.000133878235063833	0.000518036410516325	4.54995511980393e-05	0.00149111054517807	0.000994710312328275	0.000651175252540091	0.000748243615335355	0.000429345430438751
G[Ins(T):R5]A	0.000327164195481321	0.0015635685477275	0.00237729961547885	0.00156014943427784	0.00238804436816235	0.00918175797412578	0.000304352315271643	0.00224448234717983	0.000263870092670906	0.00202298407588748	0.000398703589296726	0.000385561106068893	0.000487886650665156	0.000325432032269324	0.00113533849551196	0.00155676445050388	0.00133350312079458	0.00736304059024977	0.000509522305484306
G[Ins(T):R5]C	0.0001876906331735	0.000745761197447593	0.00154698704374774	0.00241002516176134	0.00225197166505379	0.00842819858458853	0.000325992070136227	0.00307444514507877	0.000158959269554639	0.00182202195693054	0.000257897910777307	0.000497684082115014	0.000377956909975209	0.0036644576868405	0.000860524076306033	0.00087466558939337	0.000555235466232828	0.00930210832141516	0.000593343583941023
G[Ins(T):R5]G	0.000275612025027441	0.00116182494619979	0.00158631242763233	0.000875284631153427	0.00245562293452055	0.00418246017577059	0.00154571622896395	0.00419796020418035	0.0013565137645221	0.00254516796354048	0.000124339583358153	0.000827579583559989	0.00105811271506302	0.000489711469105945	0.00120253298385301	0.00116989445469203	0.000194447095887691	0.00830854871708158	0.000333202597591917
G[Ins(T):R6]A	0.00122242022390563	0.000704849672639875	0.000757555896270765	0.000640913544936154	0.00502393995575711	0.0212482224540562	0.000752829710005838	0.0121365386637601	0.000301055931952533	0.00666717549399513	0.00110888726638993	0.00110337468604247	0.0011984439631019	0.000422163677239252	0.00183819008403209	0.00303287439008142	0.00237149287125879	0.02081284604094	0.000319145613006008
G[Ins(T):R6]C	0.000819789587947636	0.0012225797854352	0.000743975907591195	0.000143876915102601	0.00261155404372082	0.0233777088211769	0.000854219961560669	0.0205919005673917	0.000401147696498609	0.00793249277361745	0.000343334394198035	0.002470902570163	0.00134582414107815	0.000933121632807718	0.00144309477116845	0.00283258779920937	0.00312310107583419	0.0238625229214607	0.000830229805666527
G[Ins(T):R6]G	0.00203905871527625	0.000669238606680409	0.000734875429066344	0.000274207758532589	0.0014586299202595	0.00719621796194385	0.00215873292392702	0.0332281206201255	0.000907351689395153	0.0135429372916126	0.00102567746422702	0.00313454610502053	0.00197584623018282	0.00129347006075413	0.00150466672275406	0.00628328040929095	0.000619372197596488	0.023232344760763	0.000595252557156394
G[Ins(T):R7]A	0.00300092599425356	0.00203049888475451	0.000557722590631807	0.00445631024511844	0.00370769701717269	0.0141481655582667	0.000436222053751631	0.0210958769559554	0.000231935633965554	0.00717881839272481	0.00067418802720579	0.000486771629529383	0.000942021154665912	0.000247501523433211	0.00351401648396699	0.00262310270837022	0.0041755288655045	0.0161332835712176	0.00365325410516013
G[Ins(T):R7]C	0.00177610112825659	0.000656009730395279	0.000355012967946134	0.00101103924687048	0.00186140196432155	0.0160033035474406	0.000521827880022436	0.0227547113458083	0.000319992045602915	0.00715745169428902	0.000708694495360277	0.00124332313322649	0.00188670364002246	0.00134165548854271	0.00160573440798982	0.00282428335905217	0.00443729642161457	0.0178201019920888	0.000546313425635081
G[Ins(T):R7]G	0.00395177541777852	0.00151430545960847	0.00113194863972837	0.00467101681703385	0.00171975691037803	0.00419665404514538	0.00129764770190853	0.0372295370963759	0.000762097642109222	0.0110054441297312	0.000603969562827301	0.000989261296239548	0.00111977287005088	0.000504503834209096	0.00110432830813074	0.00255694228243876	0.00121645829318191	0.0185895121366375	0.000980518060622048
G[Ins(T):R8]A	0.00265421498965479	0.00160064948882976	6.837147078256e-06	0.000761412131215212	0.000812916008350507	0.00630159823042971	0.00126487601231812	0.0276252278903237	0.000246284216944739	0.000367403448258648	0.000660345728431117	0.000375282800039295	0.00135163231549083	0.000395946314698708	0.00451948472865551	0.00242176731656734	0.00379557821313064	0.0149298705547867	0.00327319489228185
G[Ins(T):R8]C	0.00282937145293349	0.00181583030140035	0.000172437564587464	0.00108216280267421	0.00173407453702762	0.00764848793181941	0.00134427473533201	0.027005523590312	0.000326157244258401	0.000276526963321351	0.000421339151637277	0.000664449964003935	0.00139002980288776	0.0007857592097205	0.00285493789632201	0.00154553712250667	0.00395760604848917	0.0171025451311301	0.00102945719214336
G[Ins(T):R8]G	0.00382490336110541	0.00162675090803207	0.000349307486591176	0.0007833744012643	0.000929619661956257	0.00240053539009562	0.00138702091077768	0.0408308690834079	0.000287211383160536	0.000511788422586373	0.000566201077543537	0.000554119460015044	0.00387071368191846	0.000270151079756464	0.00418116668879463	0.000894592807079069	0.00485120684848149	0.0184527623237037	0.00528594683336052
G[Ins(T):R(9,)]A	0	0	0	0	0	0	0	0	0	0	0	0	0	0	0	0	0	0	0
G[Ins(T):R(9,)]C	0	0	0	0	0	0	0	0	0	0	0	0	0	0	0	0	0	0	0
G[Ins(T):R(9,)]G	0	0	0	0	0	0	0	0	0	0	0	0	0	0	0	0	0	0	0
Del2:U1:R1	0.000102354285580376	0.00605813494268923	6.17700873966577e-06	4.16267843509475e-05	0.000155489109700614	0.000180755937139449	0.00939331035176993	0.000175065482343182	0.00347287340866675	0.000319823474247058	0.000995127964677177	0.000177176149051566	0.000582028226852523	0.00533475222447707	0.000676153162454438	0.000566111794235849	0.00575312642387887	2.84035760646877e-05	0.0394532700711179
Del3:U1:R1	6.89247913491823e-05	0.000691331275493286	8.58179840167306e-06	0.000126082667106625	2.42626153918622e-05	8.56872748683843e-05	0.00189564025663002	4.15356500993057e-05	0.000300152358470622	4.06011560149436e-05	0.00171424673216797	0.000287275721057625	0.00275673100431613	0.00130036514692687	0.000330039458135091	0.0155013637249021	0.00123158100526085	3.04039754114264e-05	0.000484011481606175
Del4:U1:R1	2.88045731438643e-05	0.000703312984990593	9.24193674026329e-06	0.000151491570776555	1.79799082181725e-05	1.30645599549522e-06	0.00166247104689877	3.16774487719323e-05	0.000350352934162899	6.39166087054636e-05	0.00156260548370608	0.000114278341219233	0.000873210171943961	0.000498450589952793	0.000393267126065863	0.00795400309863937	0.000912395070351892	1.24108545857872e-05	0.00340560821622072
Del5:U1:R1	1.41282625180971e-05	0.000123825845362498	9.05332578638037e-06	2.36722278144669e-05	1.1144701669912e-05	5.66869042113181e-06	0.000322190644924043	2.1978381644869e-05	0.00022722516812675	2.92249866967468e-05	0.00165267970452365	5.1131273468921e-05	0.000188504929932288	0.00109503589473625	0.00044000661872609	0.00301081518361831	0.000296069667039559	1.37933295269888e-05	0.000737904919250433
Del6:U1:R1	7.02884301032866e-06	0.000221550271522686	1.03736024635608e-06	1.98248228423639e-05	1.81851222715844e-05	1.17138173155419e-05	0.000205991856348612	1.94111248010908e-05	0.000125053750328657	1.52293879582311e-05	0.000903848215790092	2.30382144778958e-05	0.000225212112701385	0.00178546652934755	0.000258326243935378	0.00057773457176435	0.000830961790538011	8.62999508750098e-06	0.00148292510230361
Del7:U1:R1	1.51667452661395e-06	0.000169146995598593	5.23395397025115e-06	2.00118494729523e-05	6.20377869160824e-06	5.57273602598244e-06	0.000186042884638104	7.78783290497167e-06	0.000182472669278919	1.97596088880581e-05	0.00161397516215062	4.0614704282432e-06	1.13466193634717e-05	0.000352892113829374	0.000391059504272317	1.73653924612223e-06	0.000260329743077104	7.94923091190927e-06	0.000501712869603246
Del8:U1:R1	2.18679116812121e-06	1.36297513240736e-05	2.97062252365606e-06	9.4314857996691e-06	1.55015538808124e-05	6.44001613598633e-05	0.000128715122930772	5.75481230509166e-06	0.000120279767986589	6.85227551257346e-06	0.00107151589623495	4.13111658179611e-06	1.06573107386438e-05	0.000569365749485244	0.000268950423816817	9.80027099296707e-06	0.000126929792214364	1.56575760386092e-05	0.000599070503587134
Del9:U1:R1	2.57424173569875e-06	0.000164113786776304	9.47770043261695e-06	1.36262259428647e-05	1.23128432047186e-05	7.82397375833297e-06	0.000235484107472396	4.70257800100041e-06	8.73413387457808e-05	1.65074670473723e-05	0.000851840316602873	4.017483383894e-06	7.5044730285613e-06	0.00068594081105696	0.000199341349139078	2.40708410353577e-06	0.000391230637953963	1.12483188397768e-05	0.000592996497901865
Del(10,):U1:R1	1.4098735616107e-05	0.00166532399511262	0.000199833305638958	4.7985689790951e-05	1.95742635562194e-05	0.000145843299519718	0.000889000165367671	4.14804402747084e-05	0.00105810503651203	0.000151844653763851	0.0131351076437287	1.40538606695708e-05	4.2635236942617e-05	0.00632082972259986	0.000951381510746651	6.64355212575873e-05	0.00111700955840132	6.95531521554539e-05	0.00333879415368276
Del2:U(2,):R1	0.00171406906810125	0.00536981022998802	4.14944098542433e-06	0.000753663885090838	0.000352778743511605	0.000445435064497998	0.0114858644343911	0.000255377915130295	0.00491641502725723	0.000387492067605297	0.00572200352524773	0.00110454400830475	0.01438464223261	0.00481405295530409	0.00503855180286296	0.0225424629838177	0.00697437742717068	0.000193368445753071	0.0422065300767407
Del3:U(2,):R1	9.33849489746237e-05	0.000374305932195595	0.000191062896283402	0.000140911207103271	0.00011802965210472	0.000175847500772193	0.004959101033519	6.25007690809757e-05	0.000697530043162619	0.000117140377506727	0.00355325852818922	0.000328267980804054	0.00316507743366419	0.00120315244943326	0.000796572032474255	0.00834004780847286	0.00227765845403553	0.000103727513770157	0.000809404643317032
Del4:U(2,):R1	3.81743233473357e-05	0.00154526192094909	6.12985600119504e-06	2.36187916342988e-05	9.95761729940579e-05	0.000151201983433444	0.00205921501613342	4.93868119207274e-05	0.000568009648410912	8.70295934214662e-05	0.00403993730119424	0.000126807317684698	0.00161891023627084	0.00128601374663709	0.000918163701571892	0.00295283884363886	0.00150358442081994	0.00010451301089584	0.00150860946920132
Del5:U(2,):R1	1.98319957805769e-05	0.000680351753593338	0.0002057273979478	4.38978220080916e-05	3.95431695228464e-05	3.06832631258398e-05	0.000698667911385669	4.75616400722728e-05	0.000483639242882298	5.85638616291597e-05	0.00352616960333304	4.57721852323762e-05	0.00110711356730622	0.00159677367693418	0.000848382156441532	0.000766862608470732	0.00181915870632464	7.23390486278753e-05	0.00297192421029249
Del6:U(2,):R1	1.08280910944464e-05	0.000390207308740348	0.000399053625677797	3.21685804611943e-05	6.00172177747952e-05	3.73631652496995e-05	0.000889658322568586	2.70284567771588e-05	0.000381305960446856	2.23094399421367e-05	0.00298139856006054	2.61429666915438e-05	0.000520613825374377	0.00278124525336455	0.000993015878009303	0.000689492047999939	0.00150138490921593	1.25574807159146e-05	0.0042337555056523
Del7:U(2,):R1	1.1582107347706e-05	0.000706987672847573	5.23395397025115e-06	1.48285399966469e-05	5.9180575864731e-05	0.000102169287512118	0.00070469345403543	1.76655200527912e-05	0.000332267122088464	3.03322334323889e-05	0.00233590210090922	1.7679126241351e-05	0.000292206917046616	0.000484259540504242	0.00052382725869978	0.000157818749902535	0.00118729122879875	1.73123566500475e-05	0.00168475563407413
Del8:U(2,):R1	1.00265437306661e-05	0.000933370715673076	7.02575803213893e-06	1.41338696544616e-05	2.13896186440946e-05	5.22360964978513e-05	0.000197515245502338	1.62885220745978e-05	0.000181310931945034	2.26953945185605e-05	0.00293917671226116	2.36760266209592e-05	9.73004078854917e-05	0.00109287115837969	0.000753937336586402	0.00012681894534057	0.00087826412764062	4.2961456127341e-05	0.00096420501678161
Del9:U(2,):R1	7.66547182396908e-06	0.000489290255865843	1.50888763106339e-06	2.69852709848889e-05	1.75379087185159e-05	2.09254392498811e-05	0.000456397976221075	1.97245217465994e-05	0.000233679264426112	3.46093693940691e-05	0.00379808000508307	3.70077666457973e-05	0.000121360275886007	0.00073585001038873	0.000361705033236263	6.17760941714573e-05	0.000547421637071496	1.42436812123803e-05	0.00147424795132465
Del(10,):U(2,):R1	6.17800012359169e-05	0.00291609865828683	0.00039150918752248	4.24283270534689e-05	4.62520904997764e-05	0.000243842261396498	0.00294184921271292	0.00018490582166848	0.00282572834394782	0.000434926517760203	0.0288890193695741	0.000189639144950507	0.0009116795871974	0.0154471176755895	0.00140328859070357	0.000522543571961851	0.00469054835886865	7.23181020378571e-05	0.00850013709898547
Del2:U1:R3	0.000360244047982851	0.0028151672318151	0.000192713242129878	0.000125842204295868	0.000239358514760447	0.000346705372996619	0.0402585000917392	0.000207194352622116	0.00204057216223446	0.00124003409130446	0.00198537708634361	0.000686062265127511	0.00170074016101998	0.00215788135809626	0.000920371323365438	0.000925678578930446	0.00449757330965757	6.0828897412871e-05	0.0354303693342543
Del2:U1:R4	0.000235259192447909	0.00119587705367447	0.000199220320038839	3.36915115959851e-05	0.000132378850147142	0.000114259541300938	0.0210345906658807	0.000110057537698137	0.00122407775737864	0.00115793965476186	0.000478339355300608	0.000392665013731289	0.00110912155330028	0.000817107799180295	0.00128045513434707	0.000662240417256338	0.00202587000504715	0.000101685221243382	0.0103147029117048
Del2:U1:R(5,9)	0.00687467729369156	0.00112772829705411	7.26152172449258e-06	0.00250102697658761	0.00114695713021596	0.000213439480348787	0.00612318821379347	0.000115763635452113	0.00121360982785692	0.00424810078870957	0.00196028791981451	0.0136747803213693	0.00123828000762891	0.0029969973102349	0.00145506422058033	0.307018986752733	0.00145251638291669	0.000105487027331687	0.0142232387986658
Del2:U2:R2	0.00203380256663784	0.00647263973295665	0.00135597130020281	0.000113204547686113	0.000606849527332049	0.000571939862841459	0.087555957404656	0.000625837461997089	0.011579380225303	0.00586716758255902	0.00332091781248564	0.00079505849543781	0.00819003541086298	0.00265569054468415	0.00208254622130519	0.00132157514013055	0.0156188260426042	0.000174715507341858	0.109476316584118
Del2:U2:R3	0.00150163453097587	0.000837427956352637	0.000197569974192363	0.000165785748971521	0.000293882310182368	0.000241554118127552	0.0292078137376086	0.0001497728874041	0.0119809561459687	0.00150853193401136	0.000587177265953108	0.000653742784291933	0.00715350105275109	0.00149843852355199	0.00214956823919361	0.00130367675047497	0.00367449381556818	0.000131649318264426	0.0283499876784456
Del2:U2:R4	0.00274217959160921	0.00016562820359009	6.837147078256e-06	0.000533560258978447	0.000695928212209264	8.401176350693e-05	0.00934805637043802	0.000388730751171785	0.00742145469298569	0.00350267065065431	0.00122980882310393	0.00150903054020489	0.0236817072949466	0.000480531383445724	0.00139038780084754	0.00163759089600903	0.00181541012234582	0.00030653239832643	0.0121223270036409
Del2:U2:R(5,9)	0.0152443660902089	0.000324174281492181	5.94124504731212e-06	0.00354720051191861	0.00104899109825636	0.000116333632457628	0.0106458856329537	0.00307672173843423	0.00619831329180032	0.00112977762493133	0.0022331911093865	0.00773400374476371	0.245968807777737	0.00047604155989138	0.00398196331601765	0.00809464558411739	0.00469460504564025	0.000662111237180491	0.00685998202094317
Del3:U1:R4	1.29558284585873e-06	0.000228231522171741	9.90207507885352e-07	1.33590450420242e-06	4.35369507161718e-05	3.16428070773334e-05	0.000266213240232383	4.38106196363919e-06	0.000113985487405116	2.41063432159787e-06	0.000638731319278862	4.79825342109237e-06	8.42754718702651e-06	0.000661808009452361	7.34034246353966e-05	1.15196167812069e-06	0.000239515687742646	9.34217914811999e-06	0.0010141854064204
Del3:U1:R(5,9)	7.2905521855288e-05	0.000655230251152889	0.000205350176040034	1.71797319240431e-05	5.04037286572649e-05	7.47927604652716e-05	0.00218300530759527	4.09185991185115e-05	0.000160239844217211	0.000169611218527753	0.000677294034820189	0.000273518772937411	0.000616871279340564	0.000447178408470597	0.000611235284087983	0.0029472337763692	0.00077646182985963	1.53014840082997e-05	0.0062288060587339
Del3:U3:R2	0.00140314682921951	0.00323866943962324	0.000579082781159048	0.000199851313828682	0.000472560607918535	0.000624102148266118	0.101951353263688	0.000339863561129622	0.00127978377966025	0.00488900683492021	0.00190940045259779	0.00148358770063591	0.00718284761820464	0.00216774293483169	0.00120836248515159	0.00129262135705659	0.0156004596927902	9.81138276452781e-05	0.000763068657089406
Del3:U3:R3	0.000618245436478215	0.000333171699032909	0.000203746982932029	0.000128246832403432	0.000274939474482801	0.000194743135509299	0.0330608135097614	7.97294819920995e-05	0.000482057477059089	0.00116774037015334	0.00056552030875134	0.000654288956759269	0.00339667913761833	0.000307633088893175	0.00047439722697867	0.000997478459047341	0.00503182355233773	3.90025506139e-05	0.000232200560196867
Del3:U3:R4	0.000255703331318524	0.000191551456108426	0.000189412550436927	0.000118120676261578	7.760248358256e-05	1.11749964812416e-05	0.00698600960911783	6.23107823316259e-05	6.04943470598944e-05	0.000215565121619001	0.000304587303775487	0.000269340003724236	0.00250884962883997	0.000175022943198801	0.00023342151057694	0.00105435441772231	0.00100610966982241	2.4779815991538e-05	0.000194541724948197
Del3:U3:R(5,9)	0.000556853245894046	0.000595343974501853	1.3674294156512e-06	0.000261302921021994	0.000128590283007228	0.000102649059487865	0.0043627765668757	0.000176798096544517	1.32729002626248e-05	0.000633794358605721	0.000603458986233153	0.000400058502768984	0.0106168153554321	0.000199917411299226	0.000294269086261545	0.00299917521263192	0.00147648849187714	8.37758867778159e-05	0.000114364849902642
Del4:U1:R(5,9)	4.92235061225373e-06	0.00053013496816707	3.20638621600971e-06	1.36262259428647e-05	2.10739047157684e-05	2.28150027235917e-05	0.000630196867414561	1.21494090481647e-05	7.20236168619613e-05	9.75009839785383e-06	0.000436316065065612	2.01937189433139e-05	6.27390728354242e-05	9.64510309977819e-05	0.000288888008139777	0.00011254837529818	0.000333923518496921	6.49344290564394e-06	0.00448244265270918
Del4:U2:R3	1.75901117343522e-06	0.000202174644640424	2.90460868979703e-05	1.49888485371512e-05	8.42956188630737e-06	7.30729624599022e-07	0.00160524541303296	6.15914307934895e-06	3.57249597065646e-05	1.63872516875026e-05	0.000315593065916006	1.25069829432904e-05	1.44155412409664e-05	2.12464864625205e-06	9.45483021267021e-05	2.62716036443047e-05	0.000311936960867719	7.33130650637219e-06	0.000499977439407455
Del4:U2:R4	3.50754389750566e-05	0.000309965488445189	6.60138338590235e-07	1.01261561418544e-05	1.69380522546963e-05	2.64834130612252e-05	0.00480875750326159	3.08038344885973e-05	8.81957381606488e-05	0.000110832234675669	0.000303211583507922	0.00010756665136895	0.000501415081675909	0.000165882945248887	0.000574119642683995	0.000944213126527671	0.000891880559399304	1.21594955055687e-05	0.000454856254316883
Del4:U2:R(5,9)	8.31891656837704e-05	0.00011447209445382	7.45013267837551e-06	0.000130785050961417	0.000108321448808691	4.7357184559872e-05	0.00825262179474181	6.37105137670066e-05	0.000122879846781475	9.15471601028859e-05	0.00064770895772596	0.000279174773723313	0.0100202696895419	2.89032391310893e-05	0.00134830501040807	0.0181242429183199	0.00179084748303254	6.37614200154198e-05	0.0019601684061462
Del4:U4:R2	0.000575314761321277	0.00057258318062407	0.000385756553429051	0.000105483019651823	0.00035681988179418	0.000380584655591665	0.0545536858431623	0.000260187665143749	0.000958711953501855	0.00175544795605954	0.00537835711201994	0.00069564044403455	0.0031734450409708	0.000607248635725021	0.000706300997572547	0.000970450343256211	0.00984186444433948	0.000114745420119734	0.00530330113531843
Del4:U4:R3	0.000183690458122181	0.000441541584560592	6.55423064743162e-06	0.000130437715790324	6.86046366252656e-05	3.27499731752107e-05	0.01261870049516	0.000104502455052618	0.00028711508394591	0.000165213867206203	0.000313891143935513	0.00035655898149465	0.00240582496237439	0.00030947712356728	0.000816509616797215	0.0015335876692784	0.00340698356573712	5.59692885286471e-05	0.00248444186829473
Del4:U4:R4	0.000131554951311912	0.000171396349983775	2.52738678203119e-05	0.000120632176729479	0.000137524987178857	3.99539339187324e-05	0.00673458221083015	9.15411368191979e-05	0.00010229025512678	0.000122942350401491	0.000722706986332999	0.000228846263813765	0.00228321793697565	0.000756134391803891	0.000870872303463279	0.00105597060276326	0.00186400477949592	5.03660756987769e-05	0.00336309017642383
Del4:U4:R(5,9)	0.000339674239736691	0.000272795464000943	5.75263409342919e-06	0.000260581532589724	5.75230777410189e-05	1.05549834664303e-06	0.00770870025833691	0.000144665978628842	3.89683992119266e-05	0.000146972768127026	0.00015498836169019	0.000334928352435929	0.00786126516676027	0.000181356801427251	0.000234042404206375	0.00390972354862586	0.00138187525926101	7.32816451786946e-05	0.000186732289067137
Del5:U1:R(5,9)	9.00210426527748e-07	7.60771740572471e-05	2.82916430824386e-07	5.0764371159692e-07	3.07821080117966e-06	2.95244292767282e-07	3.12511195055406e-05	1.72287129111237e-06	3.4360379346128e-06	1.64821585505576e-05	0.000257699353212917	7.88101211256578e-07	3.92606216749812e-06	6.88305985965052e-05	5.10167598852216e-05	4.12642989177561e-07	2.67535925063786e-05	8.16917010710044e-07	0.000841857187978328
Del5:U5:R2	6.89604396820728e-05	0.000578017264485302	0.000204878648655326	1.55766465190002e-05	7.760248358256e-05	6.04291256221434e-05	0.00738546563992176	4.54165760048275e-05	0.000363007060748569	0.000124555767073427	0.00241892752819092	0.000116338401129587	0.000319905135788614	2.68587659054505e-05	0.000335110089442142	0.000629882329521664	0.00175833407998337	1.99411536973324e-05	0.00474501324133239
Del5:U5:R3	2.94340002740925e-05	0.000116120136280587	8.86471483249744e-06	2.36455097243829e-05	1.02449169741826e-05	1.5205081077515e-06	0.00148364519639485	6.52028028495063e-05	6.10721423476468e-05	4.2771359616802e-05	0.000446187212552469	0.000124454010812016	0.00060182636935519	0.000166965313427166	0.000217864675750547	0.000904960462182156	0.000602691854731827	1.17196171151864e-05	0.002229507172533
Del5:U5:R4	3.10453769375771e-05	4.95526089804962e-05	2.02285248039436e-05	3.45464904786746e-05	1.45070550065852e-05	1.41717260528295e-06	0.00146230047751688	3.83399755461397e-05	1.42871153953817e-05	0.000169845322123289	7.47569229931361e-05	7.63578434031896e-05	0.000378502362887029	0.00019330293909863	7.54040818857974e-05	0.000635263881838855	0.000279688868556767	9.21649960801075e-06	0.000265520819956059
Del5:U5:R(5,9)	4.48189565476223e-05	8.36715289616737e-05	9.43054769414621e-07	2.32447383731221e-05	1.23128432047186e-05	2.75758169444641e-05	0.000821788698108659	3.71675786826306e-05	5.06902674432443e-06	4.65613070147997e-05	9.10386432731817e-05	7.76371332763457e-05	0.0010467601017115	0.000201801533683638	0.000183612043860064	0.000663443959308106	0.000206933817406183	1.51024914031267e-05	0.000282180949835655
Del(6,):U1:R(7,9)	1.72840401893328e-07	8.79698002125662e-05	8.9590203094389e-07	1.22903214386623e-06	3.94642410407649e-07	2.14052112256279e-07	5.96880496002699e-06	7.48580268805659e-07	9.62992146254035e-08	7.59254904440273e-08	7.59199030131394e-05	1.08501376061371e-06	2.21777557553329e-07	1.6035084122657e-07	6.13994811329915e-06	2.0632149458878e-07	1.50884784352993e-05	4.92244865427847e-07	1.21480113705386e-06
Del(6,):U2:R(4,9)	7.88872400974796e-06	0.000154604140019148	2.26333144659509e-06	1.55232103388321e-05	1.4191341078259e-05	8.78351770982663e-07	0.000458792306727854	1.20308703071174e-05	4.54429847058899e-05	5.64379478967269e-06	0.000116780213228132	6.87040976864281e-05	0.00127478339480458	5.35170932593678e-05	0.000452321009043212	0.00186454454005669	0.000369038678462907	7.88639114185465e-06	9.89195211601004e-06
Del(6,):U3:R(3,9)	6.650754631187e-06	0.000111688240016714	2.92346978518533e-06	2.92028724618649e-05	1.47596261492461e-05	5.73512038700445e-06	0.000860438412355526	1.97115311996353e-05	6.08652014821752e-05	9.49701342970708e-06	0.000298772403675471	3.35071310330064e-05	0.000483672877071643	0.000152613913137388	0.000778290164496454	0.000909688663099815	0.000414937436176186	9.34217914811999e-06	0.000587443121275333
Del(6,):U(4,):R(2,9)	0.000113977802607702	0.000818030058634878	0.000406739522048526	0.000271856566605193	0.000104722310025774	0.000101290935741135	0.00556327799642151	0.000174810542859012	0.000650896636250403	0.000293692451285905	0.00466301093825257	0.000297345088626563	0.00263043168228353	0.00298088205069163	0.00237650486075201	0.00314124475511418	0.0099982865205516	0.000110168590200756	0.000376414809467119
Ins(2,4):M	0.000273134285849466	0.0298131434587227	0.000376231700257963	0.00850856281389581	0.000333851693508454	0.00994921598874505	0.00289400799272913	0.00226196437575675	0.00463904665318308	0.000120329248105376	0.00112077235488704	0.000832931340622475	0.0255365229185857	0.0304594039574828	0.172526160576959	0.00436062198159176	0.0284741240853701	0.00118437256610443	0.00257069274902556
Ins(5,):M	5.49834125156324e-05	0.013212908096079	0.000575499173035273	0.0116612172895433	0.000145102121458684	0.00192812237834601	0.00682863060533339	0.000257360597360689	0.00473639286565261	3.62038046933937e-05	0.00409502284262952	0.000666073819057827	0.028782567142721	0.0495298092414279	0.229335582072083	0.00316492014661824	0.0366148674266633	0.000828531894875139	0.00550617292520643
Ins2:U1:R0	9.16774298375859e-06	0.000141375263734018	7.30867446296332e-06	0.00039155361018173	5.21717266558911e-05	3.55400317418615e-05	0.000385657424660603	6.95351502620302e-05	0.000594860737935718	9.71846277683549e-06	0.000672088990096516	9.32378716721968e-05	0.000569524767796949	0.0015883953454801	0.00576906765198346	0.000378668716401942	0.00132506452763678	0.00036772786106462	0.00096420501678161
Ins3:U1:R0	2.4460517709612e-06	0.000260145629438731	4.8567320624853e-06	0.000123143677197379	1.31179137219502e-05	7.47706171433141e-06	4.59007909948844e-05	1.02121937321449e-05	2.77136846175151e-05	2.2208205954878e-06	0.00011601434833691	8.25490198953402e-06	3.02996095522183e-05	0.000385403246888061	0.000630345010238363	6.08648409036902e-06	0.000102178867861054	8.91277405274676e-05	1.8222017055808e-05
Ins4:U1:R0	4.86113630324984e-07	4.76373171277669e-05	3.64019140994044e-05	4.80925621512872e-07	6.69313528051372e-06	9.44781736855302e-07	1.32425767839382e-05	1.64168037258681e-06	3.689079487937e-05	7.33946407625597e-07	2.36283501625052e-05	2.0160728660052e-07	1.03156534202508e-05	3.45155185740192e-05	0.00012883542810771	1.94286074071102e-06	2.98774124887293e-05	1.69667379147471e-06	4.68566152863633e-06
Ins2:U2:R0	2.46340782798465e-05	0.0026927889907599	1.01378387712072e-05	0.00241026562457209	0.000121644576584054	0.000390320336145666	0.000777896421330362	0.000367760760735004	0.00132097320756694	0.000100848032682279	0.00118276486302648	0.000200027418590978	0.00295658854759993	0.00186263537168784	0.0119341619572747	0.000568536071797267	0.00357227215565257	0.000959919380764338	0.00245702207120123
Ins3:U3:R0	9.9890949769225e-06	0.000461050836455834	8.48749292473159e-06	0.000927224598276817	2.86510389955953e-05	2.07851982108166e-05	0.00088721860191002	4.69218556342914e-05	0.00027481337150738	1.04334278118501e-05	0.000577547224080154	0.000116803930682283	0.00141913660881963	0.00132341558035319	0.00517307875590716	0.000392268741586919	0.00156728467322716	0.000235827183719975	0.000428824801380014
Ins4:U2:R0	1.35103580813284e-06	5.5899797097099e-06	1.55604036953413e-06	2.51951589492577e-05	1.29916281506198e-05	1.03556935688124e-05	1.60908088085899e-05	6.38160619610898e-06	1.17116236340172e-05	1.63239804454659e-06	3.80379562640089e-05	1.16785602747138e-05	2.00738659525973e-05	0.000396627805773921	0.000298270400762347	8.25285978355121e-06	5.47909466493398e-05	2.58166721974392e-05	5.2062905873737e-07
Ins4:U4:R0	7.98270597827746e-06	0.000721775507617483	5.18680123178042e-06	0.00038845431173198	7.31509171931617e-05	0.000252249342633046	0.000135761943995747	3.0466080267531e-05	0.000297957965728839	4.12591769321251e-05	0.00124579270703739	8.27872830522317e-05	0.000574295982278367	0.00207730506037991	0.00496459647277918	0.000232421163654261	0.00164223923598176	0.000135524437417794	0.000431427946673701
Ins(5,):R0	9.98081304099845e-06	0.00106376645750715	0.000191345812714227	0.00108868201665472	3.60387449184265e-05	7.51913402605075e-05	0.00153313180938093	4.82647534267041e-05	0.00129364676872739	1.18064137640462e-05	0.00270899176439954	0.000168030509413961	0.00477330638324422	0.00412442407489892	0.0281717376601617	0.000212201657184561	0.0145740152386443	0.000239880348888498	0.000861641092210348
Ins2:U1:R1	2.01657938067334e-05	0.000171062287451322	7.54443815531697e-06	0.00030800614248891	4.17215956282966e-05	0.000279692299645765	0.000301492735709044	0.000190993516739526	0.00272295249490899	1.68301503817594e-05	0.000380989418016433	0.000174009081858423	0.00107877998583177	0.00815620545127918	0.00635988243448115	0.000376244438840523	0.00194695289804097	0.000163687127697273	0.00346669535911257
Ins2:U1:R2	1.34606664657841e-05	0.000765203636836345	7.92166006308282e-06	0.00026365411294939	6.243242932649e-05	0.000101962616507181	0.000496216486876465	8.04098618893437e-05	0.00128756967360869	4.18033096136407e-05	0.000240283018279209	7.34510328891131e-05	0.000319221821151828	0.000513443393607477	0.000689157434582044	0.0002249592029333	0.000881713167237571	0.000146039625606934	0.000411296956402523
Ins2:U1:R3	1.60201447504878e-05	0.000313506551289189	9.38339495567548e-06	0.000291387490456632	2.17053325724207e-05	6.59870994334875e-05	0.000190752112886034	0.000154925263093732	0.00176448026498397	0.000113755366057764	0.000303878169616948	5.64060532037964e-05	0.000278318846753344	0.00169955856616042	0.00104137659292417	0.000182972778784483	0.00126598581712126	0.000186204711966844	0.00160596710318521
Ins2:U1:R4	1.43479138621699e-05	0.000126943762332058	8.77040935555598e-06	0.000665761368714319	3.70806008819027e-05	2.49629049534737e-05	0.000239319575298421	0.000121161207715693	0.000539904620176515	4.19488334703251e-05	0.000284532989772016	0.000203337443678255	0.000127090528454142	0.000569967065139843	0.00119035656989798	0.000137410115396128	0.000503816533482245	0.000185932406296608	0.000175625535814073
Ins2:U1:R(5,9)	0.000376779833265653	0.000566659138381908	0.000571066815619024	0.0500368108486133	0.0016240798043988	0.000300662025539561	0.000439501492218261	0.00847346423082609	0.000628770355000621	0.000705284534982977	0.0016855551641135	0.00163539065627204	0.00222897833918376	0.00117428929801248	0.00422580204193288	0.0570408783229818	0.000246079988911038	0.0221337484807831	0.000265694362975638
Ins2:U2:R1	8.07337517243733e-05	0.000903550066942791	5.13964849330969e-06	0.0015737756602207	8.25118351680312e-05	0.000405503273901223	0.00193000060153299	0.000470363348294124	0.000807173870231752	0.000108744283688458	0.000964252263414407	0.00022650028811514	0.00140068111963836	0.00144736678062133	0.0066040316072111	0.000726165693663095	0.00397144499893153	0.000233701104833127	0.00377785799321794
Ins2:U2:R2	0.000207663781948956	0.000739681259356952	1.34385304641584e-05	0.000929709380654633	9.61348911753032e-05	0.000380695372201452	0.000989584741728277	0.000644264552865649	0.000452245698914416	0.000158677947903813	0.000804966548723473	0.000151080834991401	0.00118642002308968	0.000782472017475355	0.00270440568527461	0.00112983369782604	0.00227726476713364	0.000251558072823648	0.000318277897908112
Ins2:U2:R3	0.000292276000274982	0.000931099090452397	7.68589637072916e-06	0.00210749622773966	0.000807343657515551	0.00114545928264922	0.000682055115831525	0.000708899019285477	0.000526039582189917	0.000136893659270581	0.00048113334388525	0.000251004737404676	0.00230746361860547	0.000217916793226909	0.00245311623580616	0.00125068651328142	0.0015157202474911	0.000716614264407863	0.000354201302960991
Ins2:U2:R4	0.00232422233301332	0.00160911240631857	0.000595209017716038	0.0223650185390148	0.00161135653308726	0.00305219859309156	0.000538270462507377	0.00705463831522661	0.000360036127531402	0.00163906683345725	0.000256422911727547	0.000551597536139023	0.00312968293427629	0.000485582434944361	0.00300950591596074	0.00207327311874901	0.00301355341617915	0.00291797519578123	0.000396719342757876
Ins2:U2:R(5,9)	0.0115984260022339	0.0033422288246836	0.00089198835365082	0.133225267564973	0.00328419835371604	0.0057648072006422	0.00277017231111549	0.0593780267061029	0.000421171786382312	0.00254009993705334	0.00355006742447579	0.00762951252091217	0.0423187663619765	0.00272259693318593	0.0126132816115142	0.00491774159735511	0.0357721035874796	0.0119154886784466	0.00520646413039328
Ins3:U1:R1	2.0794860852791e-06	3.41189199811776e-05	1.08451298482681e-06	1.73934766447155e-05	8.60320454688674e-06	1.38026706868704e-06	5.86894662609498e-05	5.52585391484958e-06	6.2393695399421e-05	6.18792747118822e-06	4.43917983245145e-05	4.18610038723261e-06	1.17182466220746e-05	0.000385042457495301	0.000419758587588412	1.35828317270947e-06	0.000282461793691785	3.01107231511715e-05	2.22135065061278e-05
Ins3:U1:R2	2.69703043787713e-07	0.000331568198877136	9.80776960191206e-06	1.22903214386623e-06	6.67734958409741e-06	8.06755029986597e-06	3.59263051396302e-05	1.64817564606886e-06	9.32586181465929e-05	1.54381830569522e-06	0.000157285956363855	3.22571658560832e-07	9.2906814650719e-07	0.000936489000473476	0.000403201424136819	4.81416820707154e-07	2.49991182697159e-05	2.3659173425564e-05	6.42109172442757e-06
Ins3:U1:R3	8.54479736860138e-07	2.79721693840464e-05	6.60138338590235e-07	2.99242608941342e-06	1.70485521296104e-06	1.24740713694177e-06	4.87603705574829e-05	3.41976148829657e-06	0.000126742059963792	1.63872516875026e-06	0.000180261903100505	6.59805665238065e-07	1.01358337789913e-05	3.77225353985506e-05	0.00016871059675363	2.0804084037702e-06	4.69000917898129e-05	4.20607527565582e-05	1.04125811747474e-06
Ins3:U1:R4	6.70116641507256e-07	0.000133201867106673	2.8763170467146e-06	1.4347614375134e-05	6.1090645131104e-06	7.2334851727984e-07	4.82724264257696e-05	2.73126249919982e-06	7.8094565222282e-05	1.30212216111507e-05	0.000367218032657614	1.59453035765866e-06	1.01777916952852e-05	0.000581031273184477	0.000150704681500022	1.68495887247504e-06	5.54841779330943e-05	5.81267873005223e-06	1.38834415663299e-06
Ins3:U1:R(5,9)	1.54296067106856e-05	5.82827764952622e-05	6.31846695507796e-06	0.00744999208476581	5.33082967978652e-05	4.65747871840387e-06	9.16767590723538e-05	0.000155168835849308	7.82031579536681e-05	3.60013367188763e-05	0.000300843075418403	0.000147396920027155	0.000364308599203616	0.000189775220591646	0.000751729714792856	0.00333857407123047	0.000357544732610039	0.00132270384658466	0.000322616473397591
Ins3:U3:R1	6.37532624908657e-05	0.00139976655264815	0.000209829686194753	0.000312200882632106	8.71844013072577e-05	0.000498269030688703	0.000738758762951782	0.000145844870765833	0.000580891205056655	0.000167700427018245	0.000652942367815975	8.88574951724219e-05	0.000273685493996892	0.00421758791365155	0.00157255109290559	0.000318371259608371	0.00420707516812078	7.03491225761457e-05	0.000328343393043702
Ins3:U3:R2	1.33825282007615e-05	0.000124605324604888	0.000212658850502997	0.000207038480061291	2.36627589280426e-05	2.97827680328995e-05	0.000108357639854178	4.27746235160058e-05	0.000128120982760449	1.80259768562528e-05	0.00124112660427421	2.64582071760464e-05	0.000118878764836626	0.000674074848806194	0.000617720173106524	0.000130102895796108	0.000459946119154767	2.16483007838162e-05	0.000232200560196867
Ins3:U3:R3	2.62036851795403e-05	0.000253620274638153	8.01596554002428e-07	0.000713666904235018	1.60382675589668e-05	1.38764817600622e-06	0.000119330709048753	9.51671232405494e-05	1.55164670714507e-05	8.48277541985895e-05	0.000369813463677865	8.07602134251392e-05	0.000164505001812192	3.36736766575797e-06	0.000230972430149725	0.00038188389302595	0.00036861075791738	4.133809540093e-05	1.2668640429276e-05
Ins3:U3:R4	0.000122252536848345	0.000167298516252354	9.43054769414621e-07	0.00246191169270456	4.26055946276097e-05	3.2801640926445e-05	8.49476690698899e-05	0.000582312634393907	6.26559570903157e-06	0.000273129297623981	0.000196884007776649	0.000154321213925125	0.000346985973762288	3.01860458609018e-05	0.000150290752413733	0.000990549495520735	0.000177955038063062	5.48905391427095e-05	6.24754870484844e-06
Ins3:U3:R(5,9)	0.000801598495732534	0.00113792833971166	0.000187290677205744	0.00710727914325772	0.000184045434517711	0.000135258791624011	0.000283756533898165	0.00472170008613155	2.35912586637637e-05	0.000619273608558301	0.00017796430842684	0.000222886019304448	0.00290653874744939	3.7562184557324e-05	0.000554871940171518	0.00460557717604229	0.00315308974766475	0.000249610039951955	0.000672132114829945
Ins4:U1:R1	5.63171642835759e-07	4.81050046732008e-06	9.43054769414621e-08	1.06872360336194e-06	9.20306101070636e-06	1.01121170272794e-06	7.53476519668807e-06	1.22923050647697e-06	3.84910009777198e-05	1.51850980888055e-07	1.00980704175893e-05	3.84886638055538e-07	2.85313830798337e-06	3.45155185740192e-05	0.000103309801119837	3.09482241883171e-07	1.24182542312077e-05	1.71762038149291e-06	3.31467167396126e-05
Ins4:U1:R2	4.01493850231376e-07	7.5498132334329e-06	4.71527384707311e-08	4.32833059361585e-06	3.31499624742425e-07	2.40919342898102e-05	1.55347794491957e-05	1.41759343745627e-06	7.03803834549491e-06	8.22526146476962e-08	3.26201712927743e-06	1.67150768526977e-06	3.65633270560894e-06	0.000305388177116003	3.24589391832275e-05	2.40708410353577e-07	6.24763996470135e-07	5.83362532007044e-06	3.47086039158247e-07
Ins4:U1:R3	1.74964898499933e-06	1.38524596790421e-05	2.68770609283167e-06	9.93912951126602e-06	1.43176266495895e-05	4.03746570359258e-05	7.15008366029089e-05	6.46117329626403e-06	8.35754247780895e-05	2.22714771969147e-06	5.73547707425996e-05	6.92429389797058e-06	1.71308178239842e-05	0.00427892211042072	0.00143322946127854	7.84021679437365e-06	0.000155215340273731	4.22073788866856e-06	0.000347780211236563
Ins4:U1:R4	5.78655262172036e-07	5.15124425042192e-05	1.88610953882924e-07	1.44277686453862e-06	5.17770842454835e-06	7.01205195322294e-07	7.59150288642216e-06	2.01191096106337e-06	1.924754940832e-05	1.34135033117781e-06	4.92990067016014e-05	1.09967610873011e-07	5.4545291182035e-07	0.000632263366956366	0.00012393726725328	3.43869157647967e-07	8.8947564593344e-05	3.58186689311327e-06	6.94172078316494e-07
Ins4:U1:R(5,9)	3.12012933834517e-06	0.000265134296590026	1.08922825867389e-05	0.00115042752283896	4.68835183564286e-06	2.13018757231594e-05	3.96596451241337e-05	1.61342593293992e-05	4.69735275425957e-05	7.54193205077337e-06	0.000184162140972467	2.62346063672713e-05	6.92725198011844e-05	0.00067435546277834	0.000814715924089959	0.000301040254062913	0.000239960725109995	0.000124496057773209	1.61395008208585e-05
Ins4:U2:R1	6.16104015915591e-07	7.52531531438636e-05	7.07291077060966e-07	2.24431956706007e-06	1.10026304021652e-05	5.54173537524188e-05	1.58411629737598e-05	2.14831170418631e-06	5.02067224506572e-05	9.5539575475401e-07	1.50478268441885e-05	1.06302023843911e-07	9.11086182381244e-06	0.000145959353226485	0.000322174805495585	2.114795319535e-06	3.19143142854402e-05	3.62061808464695e-05	5.2062905873737e-07
Ins4:U2:R2	4.91298842381784e-06	0.000261660046252517	3.15923347753898e-06	0.000124132246530489	8.35063340422584e-06	2.61217388025853e-05	0.000147642816226067	1.1314766405722e-05	4.34063587625356e-05	2.80607958432717e-05	6.82896194672644e-05	8.69110684599696e-06	9.28288928061732e-05	0.000159428823889517	0.000711337134789074	0.000153296870479464	0.000309694657209155	7.83402466680914e-06	8.50360795937705e-06
Ins4:U2:R3	9.02082864214926e-06	0.000109015739757092	5.28110670872188e-06	0.000133296551429318	1.13814871161566e-05	7.55825389484241e-06	9.43661255657499e-05	7.07660045868777e-06	8.64439120222505e-06	2.49921406044923e-06	0.000155002544373361	1.03259586609757e-05	0.000147218340299117	1.59949964123504e-05	0.000428589074762595	0.000396910975215166	0.000204982499718578	5.87551850010685e-06	6.07400568526932e-06
Ins4:U2:R4	6.15563889659674e-06	9.69672177532945e-05	2.06528994501802e-05	0.000728816061312673	9.09256113579222e-06	6.67990212385975e-06	6.76880638527776e-05	1.82517184845458e-05	1.19882277611327e-05	9.68682715581714e-06	4.69730466615949e-05	1.54357869795416e-05	0.000138449135793697	1.12245588858599e-06	0.000560253018293286	0.000537776975645656	0.000157286475714084	1.23689614057508e-05	7.98297890063968e-06
Ins4:U2:R(5,9)	5.70366124564569e-05	0.000178166683974818	7.87450732461209e-06	0.0239911616558002	7.36244880856509e-05	2.60848332659893e-05	0.000129736401345986	0.000544409465989434	4.30477978570155e-06	3.80007079672356e-05	0.000156009514878486	0.000121114661028505	0.00289624107599326	2.83019234764896e-05	0.000438454384652503	0.0127180523759837	0.000813767943018716	0.00043732290640011	1.23215543901178e-05
Ins4:U4:R1	6.76576551528019e-05	0.00104089430945188	0.000395139948384726	0.000136556158419572	4.9377658390205e-05	0.00023417301080837	0.00131438532038009	0.000152299548788615	0.000540664769296217	8.75800532271854e-05	0.00153856583573163	0.000145003291697152	0.000391527298902256	0.00279619796930893	0.00424801623623043	0.000605398845497129	0.00535214775589779	6.78878982490065e-05	0.00100325219618691
Ins4:U4:R2	9.35606700498819e-06	7.20906945033106e-05	2.16902596965363e-06	0.00018967172150666	1.74589802364344e-05	1.96189832543859e-05	0.000151262680831102	5.59681477764092e-05	5.98038612018357e-05	1.30655114805764e-05	0.000598424133707529	2.14656776424117e-05	0.000168203292434095	0.000650944239959261	0.00101084932281029	0.000388211085526673	0.000642454231822241	2.46122432713923e-05	1.35363555271716e-05
Ins4:U4:R3	2.7077969545784e-05	0.000371076661048551	4.05513550848287e-06	0.000469516997046983	1.5533125273645e-05	2.5420533607263e-05	0.000395677300667645	0.0001697231199042	2.21303790887018e-05	5.83613936546423e-05	0.000471673494210345	3.63699545027338e-05	0.000229821489505669	2.55358714653313e-05	0.000523551305975587	0.000740814519778898	0.000517133420859061	3.11894725371091e-05	0.000286345982305554
Ins4:U4:R4	4.4438707663457e-05	0.000187542705718992	9.90207507885352e-07	0.00102268833414712	4.73255178560852e-05	6.53006564528035e-05	0.000649873498214346	0.000684941203046955	1.43158002678233e-05	0.000195242398676816	0.000297793798536687	8.64675324294484e-05	0.00027894222150971	3.07472738051948e-05	0.000500267794871784	0.00115641478371223	0.00102682958263685	5.57284027434377e-05	6.94172078316494e-06
Ins4:U4:R(5,9)	0.000155467780998025	0.000752442448096649	3.72506633918775e-06	0.00133398080171637	8.12489794547267e-05	6.14034317882754e-05	0.000957425819186991	0.00206198951960993	2.84349042674755e-05	0.000212958346447089	0.000247785657676547	0.000116631648091915	0.00109399872147036	0.000224130388324438	0.000954796425708542	0.00345787947547643	0.00326569276001486	7.45698604648143e-05	8.33006493979793e-06
Ins(5,):U1:R1	1.09069495278102e-06	3.65018993793408e-05	2.43308130508972e-05	7.40091095328142e-06	5.0514228532179e-06	1.32121821013359e-06	5.22894548589437e-05	4.11800338761638e-06	1.65839541101705e-05	8.09871898069624e-07	0.000127303764140844	3.44198622032524e-06	1.54644891483132e-05	0.000184523730541476	0.000145565062011924	1.90847382494622e-06	9.27560574485386e-05	2.36696467205731e-06	1.56188717621211e-06
Ins(5,):U1:R2	3.72327032411877e-07	3.8884878777504e-05	6.60138338590235e-07	1.41605877445457e-06	6.56684970918327e-06	8.93113985621027e-07	1.36397406120769e-05	2.11745915514659e-06	2.00179431253232e-06	3.16356210183447e-06	3.68891589271765e-05	7.77104450169277e-07	5.31666739323792e-06	3.92859561005097e-05	9.1581810341625e-05	3.78256073412764e-07	5.41918578856013e-05	1.23584881107417e-06	3.47086039158247e-07
Ins(5,):U1:R3	2.83386242270935e-07	6.63670897806196e-06	2.4189354835485e-05	2.67180900840484e-07	5.49342235287447e-06	3.69055365959102e-07	4.92596622271429e-05	6.47903529833965e-07	1.53115751254392e-05	1.26542484073379e-07	8.60888868465825e-06	8.43085016693083e-08	4.73525055316568e-07	1.36298215042585e-06	5.32933698598157e-05	1.30670279906228e-06	0.000127391946403534	1.83282662659305e-06	8.67715097895617e-07
Ins(5,):U1:R4	8.47638137618527e-07	4.25372957989877e-06	1.44287379720437e-05	1.46949495462266e-06	1.54857681843961e-05	1.0503315715196e-05	5.71121584863419e-05	2.64520012556273e-06	4.49328037603212e-05	1.07624382704409e-05	8.44862436482853e-05	5.71831576539657e-07	4.59139484015811e-06	0.000897924623158486	0.000269847270170445	6.3615794164874e-07	9.51952045580453e-05	2.18891865690255e-06	0.000376935438525856
Ins(5,):U1:R(5,9)	4.43659706609935e-06	0.000145762618326898	3.4893026468341e-06	0.000245726274502993	1.52331970417352e-05	1.22009703986079e-05	0.000162996035068114	1.3560507212139e-05	3.51205284658307e-05	4.01772386932978e-06	0.000183424641447587	2.1623297884663e-05	0.000333133867397268	0.000334411679378012	0.000681844687390923	0.000270126416790361	0.000234859912207307	5.96035218968059e-05	6.42109172442757e-06
Ins(5,):U2:R1	2.73339893910885e-06	4.92185464480434e-06	1.13166572329755e-05	1.7099577653791e-06	1.67328382012843e-05	1.24002602962258e-06	2.17078400922655e-05	5.68985957027121e-06	7.33513166721158e-06	2.51186830885657e-06	1.8238930557612e-05	4.0358113190395e-06	6.73724255918762e-06	0.000103506468011751	0.000179472752997166	8.13250557837443e-06	4.34168185492191e-05	3.42476746797672e-06	3.88736363857237e-05
Ins(5,):U2:R2	1.09573613116957e-06	1.16476469648537e-05	7.07291077060966e-07	3.28098146232115e-05	1.91006926637302e-06	5.90488585534563e-08	1.15631411678089e-05	5.22057606119348e-06	5.53208254231041e-08	2.6890277865593e-06	1.15163387346664e-05	1.15099432713751e-06	9.06290991947658e-06	2.40526261839855e-07	0.000154154090552438	2.41911952405345e-05	2.12933263454479e-05	2.05276582178421e-06	2.88081412501345e-05
Ins(5,):U2:R3	3.27100460583122e-06	5.33831926859547e-05	8.9590203094389e-07	2.65844996336282e-05	4.23056663956999e-06	5.09296405023561e-07	1.54666942215148e-05	8.14507294648413e-06	9.67704661012299e-06	2.57513955089326e-06	3.30598344710682e-05	8.44184692801814e-06	4.15922830233122e-05	1.08236817827935e-06	0.000212966514896118	0.000444244564765409	1.72623148065789e-05	2.94299589755798e-06	3.50556899549829e-05
Ins(5,):U2:R4	3.74595562686726e-06	3.74150036347117e-06	1.32027667718047e-06	0.00014908694266899	4.48313778223089e-06	2.80482078128918e-07	2.11404631949245e-05	9.45062291637513e-06	3.03240080097015e-07	5.12497060497184e-06	0.00011619872321813	6.78500159086477e-06	3.07012067510311e-05	2.80613972146498e-07	0.000178955341639303	0.000331816543672406	1.61668382100286e-05	5.48800658477004e-06	0.000413553015657051
Ins(5,):U2:R(5,9)	9.03451184063248e-06	6.19574643522428e-05	1.74465132341705e-06	0.00824498885521667	1.75536944149322e-05	9.30019522216937e-07	8.46980232350598e-05	4.12108864252035e-05	6.47376592617925e-05	2.87694337540827e-05	0.000360155056438569	3.98962492247283e-05	0.00119286356023481	0.00021659389878679	0.000850796742778222	0.00286838457852052	0.000471397272953083	7.27789270182576e-05	5.72691964611107e-06
Ins(5,):U(3,):R1	0.000178593466687181	0.0136193953855675	0.00136304421097342	0.00021211491717726	0.000102338669866911	0.00137583102318821	0.00258376630526309	0.000381766194180663	0.00251070492803568	0.000149598524671548	0.0152663110784342	0.00012406912417396	0.0010780127553624	0.0192199725310991	0.00505783399946596	0.00132351800087126	0.0172280811629367	0.000116106948470917	0.000544230909400131
Ins(5,):U(3,):R2	1.10279378091355e-05	0.000229857293163012	0.000383493221982456	0.000161751317368829	1.72537661830224e-05	2.95244292767282e-05	0.000100221455146309	6.11237711027822e-05	8.25243290950506e-05	2.77824023783103e-05	0.00128063955958798	5.91149220183015e-05	0.000347861096016418	0.000399874910308759	0.00120629283972014	0.000406780020039663	0.000919746745324054	9.70246049643314e-05	0.000242960227410773
Ins(5,):U(3,):R3	5.88089467442047e-06	0.000103982530934803	1.3674294156512e-05	0.00017674016590598	2.0174120020039e-05	9.07138089527473e-06	9.14271132375237e-05	2.54062622250181e-05	2.2704076537534e-05	2.71623442063508e-05	5.30432350586851e-05	1.71219570129278e-05	0.000279781379835588	1.33892952424186e-05	0.000411652476315236	0.000191431960062623	0.000864065723940018	1.09969597595583e-05	1.09332102334848e-05
Ins(5,):U(3,):R4	1.00024180912351e-05	0.000126097470583177	1.11751990175633e-05	0.000277761264513768	7.65606276190838e-06	8.04540697790843e-07	0.000499734223639979	6.96877891888583e-05	2.56176400098174e-05	2.37899870057952e-05	0.000296801010714733	2.01130760286737e-05	0.000210946421161468	2.00839428636279e-05	0.000357289789649172	0.000147880931246508	0.000760551743976918	1.12378455447677e-05	0.000285998896266396
Ins(5,):U(3,):R(5,9)	2.39232721270602e-05	0.000109193906441066	9.57200590955841e-06	0.000928159731429758	1.16182725624012e-05	2.05268594546453e-05	0.00024049971924489	0.000169628938438711	1.46784590122636e-05	2.7826692247736e-05	6.5211977219207e-05	4.56878767307069e-05	0.000600477722045744	0.00015020865051899	0.000562460640086831	0.00164850874176436	0.00171048400458248	3.49703320353953e-05	8.67715097895617e-06
Del2:M1	0.00129213720043016	0.00451305118842412	0.000188233731975158	0.000602813548476301	0.000314845715023222	0.000565503537259132	0.0512286189264473	0.000976642311307215	0.00918758228921559	0.00265406409820982	0.00480784449879249	0.000972890784567585	0.0149797013894658	0.00371240258836724	0.0036469912029376	0.0125093237972914	0.0126261123569923	0.00042179100990161	0.220062093692405
Del3:M1	9.14563381568306e-05	0.00185908026393523	0.000193750602376234	0.000124132246530489	0.000139119342516904	0.000101283554633816	0.00544159834701776	5.08255149970003e-05	0.00082763847779938	0.000147624461920004	0.00365038154254266	0.000277547253082392	0.00279351011494173	0.00137701284903317	0.00146227348549987	0.00452947893145479	0.00291347991740209	5.71841907497031e-05	0.0014539434180339
Del3:M2	0.00110875677477887	0.00243275471549865	0.000191817340098934	0.000267127464660316	0.000284395106636168	0.000427941840151536	0.0638617648374137	0.00063235546893632	0.00113655611372037	0.00176551441066758	0.0029418714220636	0.000852773163210996	0.00707385293964924	0.00319442928349512	0.00241299960852657	0.00388830050010439	0.0107888868452355	0.000228652976638739	0.00120438855587912
Del4:M1	0.000134578578092533	0.000962545510173952	7.30867446296332e-06	0.000114780915001072	0.000145954549065165	0.000118201052609381	0.0102001316473267	0.000136015898169129	0.000722094538569938	0.000104979644787275	0.00347332492583875	0.000307513427045288	0.00963512598790438	0.00200278200691986	0.00145747880691702	0.00550703017281643	0.00424244708041408	0.000192698154872488	0.00264913419387532
Del4:M2	0.00033881327848476	0.00170643595743981	0.000385662247952109	0.000126563592728137	0.000181251366252025	0.000176998953513985	0.0282381893151288	0.00018249120375153	0.000684687415986619	0.000753503548539138	0.00795693910466423	0.000512155819705903	0.00220355783589771	0.000524427426231497	0.000768286878244449	0.00269866795576336	0.00632678814880211	0.000120662831799877	0.00307188498957006
Del4:M3	0.000352698844271866	0.000963859489468267	0.000389528772506709	0.000109998376876027	0.000155110252986622	0.000367099372519519	0.0325456806771276	0.000321610218826705	0.000791559055026215	0.00111046091473753	0.00389636599945652	0.000353102332926209	0.00202249743911356	0.00121108981607398	0.00188765460984372	0.00184396397097146	0.00643678940423541	0.000177250044734061	0.0105609604564876
Del5:M1	2.90033396060416e-05	0.000531293051612906	0.000196202544776712	2.72791699758134e-05	3.25185346175902e-05	6.03110279050365e-05	0.0018983750132752	5.51724767748587e-05	0.00048190585701904	0.000105840133678974	0.00451386584202874	9.33038522387206e-05	0.000730079731489476	0.00257599617659454	0.000903814159913845	0.00104818196634253	0.00171151101389175	4.90045473475935e-05	0.00283447813878582
Del5:M2	2.51922087442937e-05	0.00116271577961966	0.000202285248039436	2.1534780607743e-05	4.22109522172021e-05	8.05574052815528e-05	0.00263703164838546	3.91372703660607e-05	0.000331521315404982	9.48499189372011e-05	0.00964916012986799	0.000107537326672717	0.000346662298408021	0.000671990287870249	0.000585916621643255	0.000896518474361898	0.00126664481476137	1.40027954271709e-05	0.00196329218049862
Del5:M3	7.31233727785077e-05	0.000732420966984979	0.000397921959954499	2.59967016517791e-05	5.28505116017923e-05	3.19528135847391e-05	0.0035148998790273	4.21202247126898e-05	0.000287838352515331	7.3350350893134e-05	0.00520979592253532	0.000203791976469864	0.00148295459950261	0.000532926020816506	0.00155651134081186	0.00134619617181814	0.00142812491182162	1.40237420171891e-05	0.00392901396327136
Del5:M4	3.90356446834374e-05	0.000549109720010388	1.15524209253291e-05	2.54623398500982e-05	3.75068146851429e-05	7.09250602300202e-05	0.00455678542315247	4.04834157952145e-05	0.000209084035226892	0.000125903444528808	0.00299473028224107	6.92282766315894e-05	0.00040735742132113	0.000212264426073672	0.000254117964891432	0.00083567082691609	0.00162881964767402	5.53618374181191e-05	0.00477104469426926
Del6:M1	1.66420101131332e-05	0.000629373811141043	5.89409230884138e-06	0.000128861348475366	3.21870349928478e-05	4.96379467214992e-05	0.00146746360728268	3.15361765736978e-05	0.000393958038113065	3.95571805213382e-05	0.00513065655044241	0.000150289068193115	0.00729350263144766	0.00222715292150614	0.00305455519818528	0.003584698420817	0.00221101410827508	3.05820214265811e-05	0.00236139986741313
Del6:M2	1.14971274834418e-05	0.000526371196968102	1.05622134174438e-05	2.5382185579846e-05	5.47763665645816e-05	5.8140982353197e-05	0.000334139602382043	2.59307555586932e-05	0.000319844523401787	1.92724203243756e-05	0.0094933491725539	8.88758231075674e-05	0.000431699006759618	0.000185084958485769	0.000672772741583071	0.000438759851700924	0.00115934801717581	1.54585834334362e-05	0.000868235726954355
Del6:M3	1.07081830656329e-05	0.000272416859797496	8.58179840167306e-06	2.3698945904551e-05	1.87849787354041e-05	1.82018106491029e-05	0.000137520812377504	2.36298049276788e-05	0.000123529354250331	3.59633739736542e-05	0.00862813458572099	4.85323722652888e-05	0.000634847249478468	0.000177267854975973	0.000386609766594702	0.0010751756952179	0.000447801734072697	1.31544585314335e-05	0.000618333778760417
Del6:M4	1.11190391043001e-05	0.000595767120376293	2.38121329277192e-05	0.00013925468551806	2.21946891613262e-05	1.19721560717133e-05	0.000419609258197487	2.26928617278939e-05	0.000157883586838079	9.39577944244837e-06	0.00345776652240041	6.22306709930369e-05	0.00107708968120393	9.33241895938638e-05	0.000909850625755572	0.00178832594126402	0.000791901203142262	1.15206245100134e-05	0.000876045162835415
Del6:M5	5.16288683822194e-06	0.000250012399287663	6.12985600119504e-07	1.99049771126161e-05	9.26620379637159e-06	2.65129374905019e-05	0.000188425867606936	1.71117979884469e-05	8.87059191062174e-05	3.4324648804904e-05	0.00191259155631121	4.21982378790034e-05	0.000317651396284829	3.44754308637126e-06	0.000484435007321198	0.000674688480763194	9.80793890349006e-05	1.64849663443283e-05	2.08251623494948e-06
Del(7,):M1	0.000126566705296436	0.00612788719946538	0.000388821481429648	0.000212034762907008	0.000121044720120234	0.000234379681813307	0.00541850610729599	0.000300170944880846	0.00454921587729326	0.000228965970682372	0.0756071323011744	0.00026842727255399	0.00995868146241057	0.0220801504860575	0.00389690088878508	0.00834695957854158	0.00971755352586375	0.000261675275802442	0.0120098711269537
Del(7,):M2	0.000115466390569008	0.0032290707095241	0.000582713542021295	0.000126991082169482	0.000155757466539691	0.00054007562254455	0.00246225686892855	0.000310011284206144	0.00279750652730419	0.000217210173911955	0.142280890309426	0.00018714288018369	0.00144486879948386	0.00853078501638445	0.00103723730206127	0.000727953813282864	0.00971736524082371	0.000102931543349466	0.00270796527751264
Del(7,):M3	7.7264700824706e-05	0.00297090718444459	0.000392923769676602	0.000149995357731848	4.1690024235464e-05	6.2562265637387e-05	0.00156043398568097	0.00017658375251961	0.00163163447394849	0.000131351098468167	0.107851320663091	0.000130920106331349	0.00171850034758837	0.00149110247256588	0.00147365653537284	0.00166056135573992	0.00613105729127784	5.98758275670426e-05	0.00198029939641738
Del(7,):M4	1.98770063019033e-05	0.0038509615199382	0.000197475668715422	2.7573068966738e-05	5.20296553881444e-05	5.01767675557995e-05	0.00089071364359764	4.04704252482504e-05	0.00101788269859051	9.11865140232767e-05	0.0612947059447567	0.000107163436795749	0.000803488103039627	0.000839196127559255	0.000715165978837255	0.000583408412865541	0.00287084191424573	1.56785226286274e-05	0.00141298726541322
Del(7,):M5	2.05345199974392e-05	0.00187540478635443	0.000202096637085553	5.80851278427213e-05	2.49414003377634e-05	0.000144285885875371	0.000567649238251693	5.17007530987058e-05	0.000452214965122514	5.44385766483675e-05	0.0261727660713911	4.96320483740189e-05	0.000305381702762892	0.00158823499463887	0.00130232438773938	0.00109986550073702	0.00104183247696305	2.36905933105913e-05	0.000663975592909726
Del(7,):M(6,)	7.49079499280563e-05	0.00166073620300027	0.000599264153224521	0.000281688823756123	3.17450354931913e-05	0.000118488915794829	0.00116710562536832	0.000126940377296342	0.0011555721352297	0.000131066377879002	0.0272297021693265	0.000187392140101669	0.00192189434381694	0.0112717421208908	0.0030283051952964	0.00247171431171571	0.00868379163038935	6.65263698978231e-05	0.000776778555636157
Complex(0,1)	0	0	0	0	0	0	0	0	0	0	0	0	0	0	0	0	0	0	0
Complex(2,5)	0	0	0	0	0	0	0	0	0	0	0	0	0	0	0	0	0	0	0
Complex(6,10)	0	0	0	0	0	0	0	0	0	0	0	0	0	0	0	0	0	0	0
Complex(11,20)	0	0	0	0	0	0	0	0	0	0	0	0	0	0	0	0	0	0	0
Complex(21,)	0	0	0	0	0	0	0	0	0	0	0	0	0	0	0	0	0	0	0
