hdp.1	hdp.2	hdp.3	hdp.4	hdp.5	hdp.6	hdp.7	hdp.8	hdp.9	hdp.10	hdp.11	hdp.12	hdp.13	hdp.14	hdp.15	hdp.16	hdp.17	hdp.18	hdp.19	hdp.20	hdp.21	hdp.22	hdp.23	hdp.24	hdp.25	hdp.26	hdp.27	hdp.28	hdp.29	hdp.30	hdp.31	hdp.32	hdp.33
A[Del(C):R1]A	0.00202985535259115	0.00152074334395528	0.00724286725888925	0.00983138306727774	0.000784038695590416	0.0218383255332941	0.00314325692420335	0.0037863021691421	0.00345827888432369	0.00857036046487635	0.00156372068721801	0.00444420733859539	0.0321860751589622	0.00120333497800896	0.00793237588826503	0.00616054977929733	0.0203423412565349	0.00362844628319841	0.00990119909959456	0.00221510515864156	0.00188432391750307	0.00634979237782084	0.00267041956316048	0.00097837628285761	0.00105171687490847	0.00622068408960616	0.000579825866192273	0.000823945300584783	0.00135967591336768	0.0156637933331454	0.00262021240432912	0.00226190917826872	0.000291854530549813
A[Del(C):R1]G	5.73880912324404e-05	0.000112512180724994	0.00198082218451938	0.00188520430861593	0.000138149896513448	0.00219760048700528	0.000463575719074252	0.000210234179176267	0.00101565385287239	0.0012183689488634	0.000623264730259216	0.000504256396411418	0.00260607506349705	1.78004371126196e-05	0.00186755895913197	0.00308239663728134	0.00115754577317131	0.00054267458615076	0.000895187786475005	0.000880014215628419	0.00035837956083402	0.000734866627539498	0.000153051223010795	0.000122328213146085	0.00100625345600507	0.00229581093880568	6.76256188077411e-05	7.91754309110899e-05	0.00034410483074383	0.00108885214321666	3.15506099714532e-05	0.00220233982639269	4.49325527699961e-05
A[Del(C):R1]T	0.000733961390054194	0.000804897148865338	0.00394211175145556	0.00715629076627993	0.000997143543821701	0.0339134641164569	0.00302085663373454	0.00456985301183757	0.0098330207085896	0.00775277729616739	0.00212940595368036	0.00292591183814334	0.00720126260544259	0.00152023361700534	0.00706725383867062	0.00120643856301456	0.0153515130196947	0.00323509031954786	0.0094095386761965	0.00112158394676385	0.00018581255881156	0.0045539754651325	0.0016663467670683	0.000142976543236084	0.00325952483913057	0.00223319712969681	0.000682419876667163	2.50473928635976e-05	0.00201186802344808	0.0127160151081452	0.00186426677243939	0.00133299763586881	5.9892815155398e-05
A[Del(C):R2]A	0.000201767447202827	0.000570037686010525	0.00293709770837197	0.00355753553269374	0.000562005176805758	0.00487692494191853	0.00190454111031604	0.00100081676193203	0.00192119813187451	0.00580094163113052	0.00132352615705506	0.00208609113224894	0.0270019252863645	0.00321124971350832	0.00161733352909957	0.0249164052864521	0.00986008822042594	0.00059253010207083	0.00566321663759884	0.000743324064143705	0.000805074544963009	0.00131574567455491	0.00053691653000478	0.000273654647903417	0.000750050587369804	0.00256497706024814	0.000337198204602017	0.000150566983495524	0.00106620708285309	0.00418833140013591	0.000485776163579723	0.00189670950575579	0.000132985861827327
A[Del(C):R2]G	1.26596000794587e-05	1.33861919028282e-05	0.000613732084617295	0.0003401468074023	0.000247932096657525	0.000578889838809054	0.000440302331231354	0.000110143248017118	9.91510080330654e-05	0.000609972465309714	0.000365359408582634	0.000152229140118959	0.00437751720861278	0.000110057559747739	0.000400780515359325	0.00576724712927935	0.000425158563894127	0.000347204300857153	0.000691903273166142	0.000145866366518029	2.00498613819105e-05	0.000496964812207701	5.9274286022635e-05	1.03989917383196e-05	0.000316455207645648	0.000505374884862556	2.91266215277281e-05	2.50575907202861e-07	0.000239672084594112	0.000168790818952997	6.30745486619384e-06	0.000349318696723014	1.84803241231436e-05
A[Del(C):R2]T	0.000255306134229756	0.000397440821748375	0.00250656446528537	0.00367937457779267	0.000330777361028005	0.0116759883044456	0.000797090379310707	0.00196712267117877	0.00189522065508909	0.00670409477222256	0.00130173024866675	0.00197955157074029	0.0113736382383679	0.000429829697878012	0.00182813696608997	0.00947474101332719	0.0119967721077139	0.00130346705445182	0.00759680601699476	0.00111448423598544	0.000935937366856389	0.00227458095574092	0.000939579502267631	0.000144219817525093	0.00189636757397774	0.000610064484208125	0.000141277585996805	6.60617156280286e-05	0.00107960821745614	0.00622917069684697	0.000486149864596014	0.00156521767513688	0.000176106618114662
A[Del(C):R3]A	0.0002290262588845	0.000277582896526999	0.00144832354036604	0.00160502450335728	0.000176744210812106	0.00406654396045694	0.000739879390662219	0.00151607122700713	0.000453710821435322	0.00401251478757587	0.000607544786842738	0.00079752861802163	0.0145699458676048	0.000709754286071893	0.000497413900338031	0.0160831782743018	0.00415301549109103	0.000376158966070527	0.00459811886213214	0.000278776451498805	0.00040590429067502	0.00165610082669401	0.00025771027088887	0.000298566180879494	0.0018312068892731	0.000654751696903175	0.000321541420841107	0.000180590930423104	0.00217804209252598	0.00141442492179839	0.000344533242807126	0.000618196798684026	0.000154054466639987
A[Del(C):R3]G	3.37822030276002e-05	3.06029734024498e-05	0.000395367321215813	0.00051086395909519	8.04908482002188e-05	0.000396612328171288	9.27627755352793e-05	0.000216584509655947	0.000623852379473567	0.000587395983015238	0.000334772742362745	9.2068919690581e-05	0.0021857468730188	1.3248611050964e-05	9.93215329624434e-05	0.00259976821709332	0.000372598988699964	0.00030234109812709	0.00102712209062385	0.000232817104553223	0.000151919860891438	0.000233695722924593	7.28778128256001e-05	5.60509491961748e-05	0.000661817483750954	0.000205785260852404	6.15765261880799e-05	1.76692435494761e-05	0.000456428762926742	0.000243371102985124	1.3211982726785e-05	0.00103555888574805	1.96709332403209e-05
A[Del(C):R3]T	0.000189361191686465	0.000217547216078592	0.00142516585539513	0.00174912915556325	0.000467870788747105	0.00356389051661831	0.000419423760443354	0.000937164970868408	0.000471218330999945	0.00297412249744984	0.000705587591834979	0.000786508841417937	0.00623724931634437	0.000586804124015442	0.000554082232076003	0.00683848614066263	0.00298165840774254	0.00041696145355725	0.00533540865292057	0.000328129110275572	0.000133802375168415	0.00119040873444992	0.000166198219859678	0.000144522961564697	0.00131501075923218	0.000345423104648971	0.000235629434409158	8.50413837619755e-05	0.0012787672305889	0.00289250813341839	0.00024232859105501	0.000925459156358627	0.000130967002889505
A[Del(C):R4]A	0.000351307311723507	0.000396309031891196	0.00121339908802575	0.00108835760581949	9.71709812218347e-05	0.00292447724336166	0.000459222709068389	0.000677776752228108	0.00169975651463818	0.00191986738441996	0.000134110767271822	0.00103308763368029	0.0064210717514912	0.000664236025455337	0.000507406207994751	0.0104472340067866	0.00197376787458806	0.000448970107200629	0.00284105337147514	0.00039994116540583	0.000216718857986129	0.00258616243733566	0.000474828456249591	0.000466930078115845	0.00366600187507323	0.000733240886105455	0.00039815188857098	0.000452541545245036	0.000580210398240396	0.00111985780443699	0.000408581293224397	0.000597513867763948	0.000118180896283296
A[Del(C):R4]G	8.46388125311676e-05	5.24028141505422e-05	0.000288173866116807	0.000358877112006853	9.23474465550699e-05	0.000633495064840742	0.000306840896796272	0.000120313540265164	0.000368880170352871	0.000506494441701762	0.000174393122276546	9.22475189015574e-05	0.00151163706235054	1.4443783257097e-05	0.000469905812579043	0.00269175152975277	0.000224494828231632	0.000172308055700241	0.000775375027072363	0.000181351107743194	7.02096489395755e-05	0.000747392632167169	4.66211231318646e-05	8.85103850317634e-05	0.00048499991988004	0.000194081261847606	3.57950572529165e-05	0.000128352409536321	0.000305951640356004	0.000160729347035711	4.43822238617059e-05	0.000784162411287017	0.000139508329164907
A[Del(C):R4]T	0.000195713066913945	0.000124740810775821	0.000897680246181976	0.000851944165675833	0.000161289581591933	0.00207575404650952	0.0016834902344256	0.000418786192014707	0.0004708253943763	0.00151469357663107	0.000278175775029408	0.000509037517817902	0.00279497398788607	0.000227286152732277	0.000455980495867641	0.0052007931166688	0.000907807604016208	0.000188122682133597	0.00245040582096212	0.000189182889866459	0.000286038442985853	0.00100535604729859	0.000228536763356211	0.000217116365884081	0.00175662345849597	0.0011123194518102	0.000105353936319436	0.000247708124218391	0.000552489804272638	0.000868798631046047	0.000223419562096913	0.000909892033845184	0.000181593773176436
A[Del(C):R5]A	0.000679162683671939	0.000278642815187346	0.000842240727760984	0.000922046834769734	0.000174921047521288	0.00219544164368375	0.000193702329744186	0.000710632898364647	0.000755442488769762	0.000756086689612999	0.000290379415313252	0.000355807606258127	0.00635879017221884	0.000208646552155777	0.000663262396338554	0.00959870835641635	0.00143958373773903	0.000878211374014563	0.00101766200147583	0.000147215403650373	0.000147001086486998	0.00166119119812649	0.000239292751184881	0.000174127471255153	0.000605653658290662	0.000912851592482475	0.000314319250390214	0.00110657307135956	0.000733036723689758	0.00109411310379791	0.000468032184667546	0.00111938909589605	0.00019039392752079
A[Del(C):R5]G	0.000123842959055103	2.03972634523463e-05	0.00016242567966476	9.40509442189603e-05	5.64758032635601e-05	0.00026396202106583	0.000279201267914059	0.000108532273725027	4.34849863500366e-05	0.000179571504386141	0.000172428129349486	0.000113467979175845	0.000902047182140666	9.70123822637767e-05	7.77056483597279e-05	0.00111711084449959	7.03682663064945e-05	0.000133368764106853	0.00041705804008498	0.000135916642139207	5.90370042209174e-05	0.00037241218915122	5.41814012819585e-05	7.78082492538397e-05	0.000229595589047532	0.000543839500148575	6.87899488549963e-05	0.000335028000531909	0.000320623480152498	7.09596229476886e-05	1.44646236840662e-05	0.000448810185367394	4.20336783977383e-05
A[Del(C):R5]T	0.000581644212645193	0.000121122567896939	0.000560138897801344	0.00062991980330574	0.000313650492630493	0.00135321979108724	0.000223802930848559	0.000340575627598005	0.000621451100106848	0.000574489413470738	0.000485585949514574	0.000341534039431473	0.00267288675844345	9.07568000784847e-05	0.00020568405027079	0.0046134742781645	0.000549249715056155	0.000321686781293784	0.000890358930797268	0.000229529689834816	0.000346059202087659	0.00033446508489244	0.000241609152197034	0.000242860585652489	0.00114944725479473	0.00163870637612319	9.33607244878299e-05	0.00116164878166075	0.000712577302255928	0.000396085653292483	0.00026131096603577	0.000406816616974277	0.00026043280297909
A[Del(C):R6]A	0.00117837560256112	0.000364732530458935	0.000304358237299079	0.000511695378393653	0.000114291812654807	0.00112051274817315	0.000712596999683223	0.000194135623576834	0.00231937391050135	0.000343150856937104	0.000116193134397449	0.000279331218831583	0.00271623721688446	0.000469931539773157	0.000234963349754882	0.00335501490542325	0.000128102893944859	0.000328114055837126	0.000157756223233401	0.000238365192418323	0.00022997612614286	0.00139612279326151	8.00792619845477e-05	0.000304870809449996	0.000839412291083213	0.000629930255714796	0.000195198051648764	0.00217232266555844	0.000322823188302482	0.000334574422161828	0.00047448178533799	0.000666592973917349	0.000425668642197786
A[Del(C):R6]G	0.000208982681867502	3.07517975979094e-05	4.93597570269839e-05	0.000109488148535735	5.36142820720125e-05	9.45934560620138e-05	6.60096258943815e-05	2.06853574033016e-05	0.000835033984870281	0.000143784014531838	0.000120640223653427	1.68704404115408e-05	0.00037172486762082	0.000103623973191321	4.38709092854803e-05	0.000576133390240592	8.28822229106973e-05	0.00020449701862362	9.86113334510116e-05	6.87548515265847e-05	3.13864652473832e-06	0.00041950196959312	1.95295343003132e-05	0.000124987438708688	0.000294255856729116	0.000117763948749309	3.97604277294059e-05	0.000575867139852267	0.000307820324464	3.69667496355935e-05	2.71143879313552e-05	0.000525610082122221	0.00014157895371652
A[Del(C):R6]T	0.000578177367976109	0.000173343526140347	0.000245490001260076	0.000199695017838122	0.000152487687293882	0.000188752662030617	6.21726261931647e-05	0.00020063952546946	0.00102534628958897	0.000179754624996864	0.000115676030995592	0.000113921662229015	0.00101163736808605	6.12843620591617e-05	0.000121052295684122	0.00214464847902258	0.000231991712716016	0.000306893907447096	0.00032183420903779	0.000169361712887825	0.000361541630094017	0.000254272511373731	0.000222958926563144	0.000312514643967609	0.000333171265649944	0.000418241284024184	7.16154830793644e-05	0.00102660293604511	0.000504897089590707	0.000328786698734033	0.000301967696878627	0.000666279120640868	0.000354594454463679
A[Del(C):R7]A	0.00124914148872479	0.000401946927998218	0.000322768120461348	0.000212885832023104	0.000113156863321451	0.000468135386413551	0.000622639203239867	4.42936567986918e-05	0.000649262281135938	6.08109213095611e-05	0.000108617569560233	6.8078118781665e-05	0.000674796394154112	0.000425608451362734	4.23002120952937e-05	0.00148904404728602	7.1373595643481e-05	0.000146790536136872	7.84474240885038e-05	0.000340781513141376	0.000187042252412671	0.000454811615541716	3.86878049414699e-05	0.000229641203165953	0.000569559749606228	0.00048999938101531	0.000243205890111094	0.00269519227261897	0.000270638849812331	0.00039333848502952	0.000446958841875443	0.000682097325775495	0.000429861656914801
A[Del(C):R7]G	0.000255172296180457	2.68718419265245e-05	1.60620549322871e-05	4.06843065230779e-05	2.6586791830328e-05	1.64284392481603e-05	8.71660483848838e-05	1.00411295364962e-05	0.000545265054744585	3.98230103131044e-05	4.25576099728976e-05	2.1540707135349e-05	9.06985687019408e-05	1.1468567339702e-05	2.04775468784445e-05	0.000356554916225649	6.12772167306027e-05	4.6685077746732e-05	1.16489699022989e-05	7.45976096185445e-05	3.17378062762718e-06	8.41449162925711e-05	4.50063926717059e-05	0.000134676536177049	0.00043023087378189	0.000148876935794464	3.06391133772428e-05	0.000604465572098464	7.42988801339199e-05	8.72759354221289e-05	2.66958306698006e-05	0.000410425929653805	0.000153692107343454
A[Del(C):R7]T	0.000267196223314191	9.06931017272448e-05	0.00013128782503691	4.85976619242907e-05	0.000121433541704598	5.09106538083881e-05	0.000333990977440744	2.98793015955356e-05	0.000701173575081915	3.26275148155189e-05	0.000120588513313241	7.41443333613806e-05	0.00023006889605447	0.000170528187538896	1.24131029272334e-05	0.000446184628205325	0.000228066141019212	4.54041305700636e-05	2.47521814833469e-05	0.000156460682018108	0.000106034722518585	0.000214341546345191	5.53360490257463e-05	0.000233812311660254	0.000142544321376756	0.000106637392994379	3.90194904266072e-05	0.000408569115622609	0.000209730426086565	0.000249678921375324	8.23124223910618e-05	0.000612076659792652	0.000221660358250142
A[Del(C):R8]A	0.00120762441729361	0.000567864852756815	0.000682609652523521	0.000241737639705708	0.000124150175747206	0.000246965610266924	0.000478566479975903	3.9518704588234e-05	0.000552861829468387	9.73961303243246e-05	0.000126871319645813	7.70912203424912e-05	0.000164503511487562	0.000238195277762725	1.13123616782595e-05	0.000631883332170171	0.000334286366395666	4.49233058233962e-05	4.45981768599539e-05	0.000544371014567916	0.000335577528059149	0.00057104432637773	0.000409320848791646	0.000137400995267162	0.000399396667424923	0.000263676101290717	6.68479408122417e-05	0.00153057445782519	0.000277387468990922	0.00169935027870289	0.000645683222457894	0.00016712686972597	0.000198883488182402
A[Del(C):R8]G	0.000120067986372691	5.33055599410497e-05	1.6678786340108e-05	3.73104721637278e-05	3.13197720290059e-05	2.15829189283543e-05	3.0206449371993e-05	3.93997121689318e-06	0.00021227309601795	2.72472023717223e-05	5.70106500548233e-05	1.79861722640198e-05	1.165967871101e-05	0.000108836958345731	8.31508711985799e-06	3.85207276818939e-05	6.0927745103936e-05	5.46900584900766e-05	6.17784205034329e-06	9.75404493129778e-05	2.30713942303526e-06	3.67860074516732e-05	2.62815590297556e-05	5.93356491696071e-05	0.00011588380593551	4.87810267799391e-05	2.33819517904446e-05	0.000168769429266141	9.33808144252846e-05	0.000682511284126998	3.74816360767123e-05	0.00026793654213157	0.000127032816241441
A[Del(C):R8]T	0.000306034684528985	0.000176384621529519	0.000167923473216733	5.10409298797394e-05	3.87754232348313e-05	4.2690230611545e-05	9.23129203978953e-05	3.64299868325023e-05	0.000646904661394068	3.76667651218445e-05	5.70623603950091e-05	4.44824942878404e-05	2.84581621831809e-05	2.53783374834205e-05	8.72238226890906e-06	0.000140117174243644	0.00013726096547655	4.37137310700612e-05	7.90059216313026e-06	0.00025918088141261	7.85130085889765e-05	0.000234741478989273	0.000136649895905575	9.49109452603675e-05	7.93427160815345e-05	0.000179731366160574	3.99205121761735e-05	0.000309133457144832	0.000174567130271533	0.00029378030703366	0.00018782613147964	0.000205165886835431	0.000154416825936519
A[Del(C):R(9,)]A	0.000683242779368299	0.000820862355179729	0.000672702036274707	0.000559263326808604	0.000228577588345075	0.000202468072123757	0.000368351971316813	0.000113455712202307	0.000505054540258256	6.52756306997442e-05	0.000136205036049347	0.000127616321268366	5.55426010061078e-05	9.20791182639936e-05	1.46396497420459e-05	0.000201979074229877	0.00016047928587838	0.000196578436076942	4.02741170382081e-05	0.000495695176468468	8.44975174477126e-05	0.00103712857714607	0.000268324148225996	0.000125332792677857	0.000190999595247806	0.000375898318552481	0.000154980989595792	0.000356838302315246	0.000387789326091325	0.00222922035924799	0.000768810281798453	0.00045034806642215	0.000164511120625631
A[Del(C):R(9,)]G	0.000104086937363371	4.71083026506059e-05	4.21121973304834e-05	3.09409788329145e-05	0.000106323019463156	3.56347005224215e-05	5.37973820177501e-05	2.95986015294895e-05	0.000339540902454051	7.73455679540048e-06	0.000123639423384202	3.27986160203441e-05	2.04472796635626e-06	1.89701801228774e-05	9.6915358543434e-07	1.36111377060195e-05	5.72558993826569e-05	9.36856967334645e-06	1.12236525427829e-05	5.6493807555829e-05	7.78454606340881e-05	5.75550304715247e-05	1.68720681084568e-05	4.07901410252166e-05	0.000130417193945614	5.78132734345992e-05	1.5513320103698e-05	4.49193734577872e-05	7.08925359599159e-05	0.000138938701687745	4.56606268517402e-05	0.000141485057037498	1.06119508270152e-05
A[Del(C):R(9,)]T	8.69401797484899e-05	8.1485965830091e-05	8.22686222006746e-05	3.65215444818814e-05	0.000279632197452496	8.0115695804887e-05	4.25906966835065e-05	1.83390709816773e-05	0.000323430500884609	2.6011138249344e-05	9.88960256053057e-05	2.57100749226256e-05	1.28119594234791e-05	1.6528977318861e-05	5.24261961086249e-06	7.71583560598028e-05	6.73714274257635e-05	8.09626231634467e-05	9.50519856494056e-06	0.000115400227594075	1.08330150573991e-05	5.53251094512519e-05	3.39004577576111e-05	5.23863598566563e-05	6.48519167542441e-05	0.000140542792173227	4.15869650236723e-05	5.49307550525434e-05	0.000137300230060641	0.000327946545333224	0.000121207939441816	0.000278356470910729	7.94602171681383e-05
G[Del(C):R1]A	0.00016808140415538	0.000213813906687611	0.00249377533569479	0.00229114938434888	0.000471897444094705	0.00819387466256097	0.000820615156789202	0.00211834474661497	0.00160684883295858	0.00644331728850762	0.0017008565093907	0.00177145782914661	0.0182362493814969	0.000233846885268071	0.000923741220661682	0.00598264835175669	0.02614085108271	0.00191455023014601	0.00492019365472683	0.000800499296599147	0.000407063716070353	0.00262998423007544	0.000948729641541864	7.38174922767724e-05	0.00538201702450654	0.000663775325001867	0.000134482307403959	4.47248857623711e-06	0.000672138978158895	0.00380472135805703	0.000399527302583975	0.00185408823080971	3.55112110601582e-05
G[Del(C):R1]G	0.000118221529830709	0.000142756161129128	0.000896710085188672	0.00162816685415384	0.000187985038783966	0.00132296979172311	0.000698783800758842	0.000391434208042811	0.00160427291509246	0.00105869693234373	0.000384207827580351	0.000532282102483255	0.00392269014533075	8.07122677077922e-05	0.000498934468894488	0.00472582948544951	0.000627512210299272	0.000629061513487547	0.000556048745880342	0.000163924126357798	0.000265508415531129	0.000733505606778849	8.44331721692e-05	0.000235278147396061	0.000454719366399648	0.000762225089826469	6.03439634258091e-05	0.000119234068820143	0.000460742753667487	0.000480614420451649	0.000117360607162182	0.000852362728266273	0.000161198121343051
G[Del(C):R1]T	0.000537480199068015	0.000354029166918648	0.00251914372594175	0.00466001168632768	0.00017796367764901	0.027899327787059	0.00217965398889329	0.0058820892075509	0.00176428544016564	0.00647321516171955	0.000578354299807865	0.00125118908968213	0.0101775486032825	0.000605520012179568	0.00375376785870434	0.0050472654842473	0.076932018462136	0.0041443749928158	0.00648485459382219	0.000945546111548722	0.000296520117014364	0.00175373292046781	0.00235591128156412	0.000228225251892359	0.0139049707008495	0.00464238517226399	0.000319490940277045	2.72450309799669e-05	0.00174375990582772	0.00557242411701145	0.00118219755800364	0.00204133309555809	5.72010032383015e-05
G[Del(C):R2]A	8.12205101597572e-05	0.000365250148270461	0.00388177765172595	0.00249525928115346	0.00016686169986155	0.00587982897907893	0.00104521194964491	0.00160653292546583	0.00301434781885464	0.00559482107170104	0.00108534833015935	0.00201711591168341	0.032842226416006	1.8309021030123e-05	0.00121659896498783	0.0316051611189688	0.0303723061984988	0.00193632257570604	0.00478353145407144	0.00111770258736942	0.000648809766680981	0.00396910562842908	0.000960064729623572	0.000269928662302713	0.00811888290097924	0.00500134802833898	0.000365115007605813	2.67708306439521e-05	0.00110036662834725	0.00240480575213293	0.00035390092408166	0.00228739406431896	3.60806328118517e-05
G[Del(C):R2]G	1.51026645752281e-05	5.82399894851423e-05	0.000893547888241682	0.000824546987668735	7.66815235760278e-05	0.00129833195785191	0.000630260278508491	0.000247581526369543	0.0024430616276998	0.000996788431873649	0.000614422262087447	0.000332348497253152	0.00656517416356587	2.43357404525385e-05	0.000207396778589877	0.00597651496190576	0.00294079895111788	0.000704847757737653	0.00091065816841053	0.000209031692178862	5.07102218362572e-05	0.000756881330577571	6.46549445086864e-05	1.93206359418594e-05	0.000327773150103333	0.00060890097915242	2.43363350222668e-05	7.39344609915417e-07	0.000250318244912238	0.000124916141355196	1.86189787775705e-05	0.000500313508037877	2.1482729722982e-05
G[Del(C):R2]T	0.000136548789894251	0.000222018112701704	0.00206718775732482	0.00260730684139673	0.000732694312185116	0.00765125228869616	0.000569106441891167	0.00111100475923504	0.000664979746081734	0.00703710761434853	0.000633839494827208	0.00148139526117273	0.0202325042199193	6.69550727393248e-05	0.00202534092248821	0.0152324061822232	0.0243362274754286	0.00264302601645037	0.0064945251935825	0.000730344761494977	0.000455689314468537	0.00178347545324856	0.000681366515514928	0.000164910357544657	0.00542722491131306	0.00061721788566172	0.000184402411443523	5.83018751064237e-05	0.000548901930785286	0.00374342349921864	0.00031082134982905	0.00189225278922976	0.000226371029105061
G[Del(C):R3]A	0.000153047161104492	0.000219528029821575	0.00177403755114282	0.00179065762886978	0.000497482099811537	0.00347918004125362	0.000694152939050477	0.00196054147506506	0.000650921346880216	0.00363589177200629	0.000274038947814545	0.000823715983939107	0.0227514994659235	0.000172943961147037	0.000273006805369324	0.0208040316867909	0.0127914131393634	0.000328166646043793	0.00267439985277146	0.000408781272211632	0.000106409486282733	0.00116308066787734	0.000223383481656629	0.000376063611561082	0.00324512986433961	0.000522129357664712	0.000173469431029854	6.28748854128759e-05	0.00228544337685869	0.000774368055948775	0.000248757582099251	0.00249645173178275	3.0593477750078e-05
G[Del(C):R3]G	1.36290591101387e-05	4.68200918915939e-05	0.000595687218895772	0.000352153521870902	7.42003311504454e-05	0.00084993496139851	0.000155888036137022	0.000365568103768354	0.00130441861162655	0.000896889271701508	0.000136799704961483	0.000256733286481833	0.00525579936609305	9.56137764906423e-06	0.00022774064911171	0.0057453555256056	0.0015370575978837	0.00049513679576736	0.000816272083677539	8.98329811916691e-05	0.000111176012907988	0.000638826236011196	0.000104092382293046	9.93583369300031e-05	0.000805330697661716	0.000424067427858679	4.04724973450826e-05	3.01783716145771e-06	0.000229356948317974	0.000223114070987841	1.44982658680144e-05	0.000791004412714297	2.29839325229012e-05
G[Del(C):R3]T	8.61972514402864e-05	9.27047692668477e-05	0.0011114755319919	0.000941981068511755	0.000222093888430049	0.00290677776098294	0.00125330964378539	0.000809202353803488	0.000257679105861361	0.00261926679997611	0.000592109250297283	0.000855592863801653	0.00859539318538371	1.63509729477348e-05	0.000440730947748554	0.00806816651038992	0.00839465794416125	0.000913221425881278	0.00383124373804768	0.000306521495046598	0.000289868060200739	0.000791175977992802	0.00012857979636707	0.000362153521136208	0.00153728109483579	0.000433203097184957	0.000133973186376534	7.64620726136171e-05	0.00082911912142546	0.00204470666950843	7.4499252481129e-05	0.00113875384305491	4.85043801215281e-05
G[Del(C):R4]A	0.000123504781047977	0.000125274762950262	0.00105948468805076	0.000822167457138211	0.000198030547777078	0.00163837459528322	0.000518722666504154	0.000584965716260111	0.00134209686787161	0.00152576779556453	0.00031460570969029	0.000411600357475559	0.00660234537063426	0.000182708772363102	0.000121221479822959	0.00917264623468508	0.00337850498259411	0.000228703539463654	0.00132246418352573	0.000395415214890151	0.000592208726927025	0.000630990754908927	0.000248894091269763	0.00356758324684519	0.00113993933135662	0.00199198098525918	0.000306395507664416	0.000354433064973432	0.00082384409314346	0.000255620006138187	0.000136158101672595	0.00256377325958786	4.23960376942705e-05
G[Del(C):R4]G	5.76405111803428e-05	6.98617072071676e-05	0.000172772346874047	0.000421148576158333	0.000112335836144129	0.000681170210810292	0.000189468399039395	0.000135806963475838	0.000171145729409783	0.000391057497709799	0.000371590504575021	9.25595543046426e-05	0.00143683228931851	3.47362815654833e-05	0.000157439417692423	0.00216399944090294	0.000355527539101423	0.000365543257210512	0.000572371910602372	0.00012574591509024	6.82421391777992e-05	0.00105246889588898	2.97685952159949e-05	0.00153972229887801	0.000813411900225576	0.0010580828791024	4.63037701437321e-05	0.000165755234196357	0.000167754441923524	0.000140098913526958	1.84180349220957e-05	0.000717186122086037	7.42836557891065e-05
G[Del(C):R4]T	0.000118705334730856	0.000121741821744388	0.000676099209175616	0.00102316696760646	0.000183904050755514	0.00183046202231688	0.000523591686814664	0.000216353644021916	0.000566047036172916	0.00140366068332699	0.000518964974104496	0.000285027917802382	0.00382870554578002	0.000204730455991	0.00040604611059398	0.0052957320685925	0.00301084168221049	0.000302235917713756	0.0021909600835899	8.31154208637184e-05	0.000401711621063616	0.000457187634835731	6.56994566215283e-05	0.00100887487560158	0.00171574897016572	0.00042448973710112	0.00012733274356007	0.000225831536366578	0.00057713507810838	0.000347563460453699	8.72772207267074e-05	0.000771859362848974	5.6476284645237e-05
G[Del(C):R5]A	0.000306749874381375	9.04371967082228e-05	0.000540538684395797	0.000961994619938126	0.000100654309760913	0.0020102663752798	0.000333144191299786	0.00059416067748157	0.00164797619956675	0.000740421865869488	0.000230990089609883	0.000134184461216861	0.00568824736862331	0.000167374967250374	0.000397446961216322	0.00703968003188428	0.000982800385272841	0.000689442583627632	0.000834101043697653	0.000709708637170183	0.000306767563690282	0.000894974956795088	0.000238951686005178	0.00374219421365718	0.00205947158198271	0.000897958727769448	0.000257684347370387	0.000920167177369017	0.000513567783851808	0.000666841756413498	0.000140435811440577	0.00107507301325697	0.000141371891261359
G[Del(C):R5]G	0.000109942294231791	1.89856115105354e-05	9.84291739026868e-05	0.000178095112724735	6.65816819020635e-05	0.000502827143875996	0.000302739276426006	0.000132486363056851	0.000500775897023012	0.000224091558364283	0.000109832762554598	6.65384704111788e-05	0.000875656559854894	2.25048383495262e-05	0.000105834077961116	0.00122917964507936	0.000209410100894278	8.86295240067908e-05	9.27191843744846e-05	0.000193395753266099	0.000218569254071609	0.000354480548395095	1.69964147885571e-05	0.000758224639311163	0.000435671578011314	0.000734378535493256	3.208774640373e-05	0.000332305901214417	0.00055430509740612	6.92593124936705e-05	5.70947262358174e-06	0.000483051577831438	4.11536629633029e-05
G[Del(C):R5]T	0.000316134718598258	0.000137992697916893	0.000462076672648614	0.000402530166144204	0.000214970270273876	0.00125479114848597	0.000355451713700653	0.00027281707252462	0.000494576230294392	0.000479703896353029	0.000110324010786363	0.000334623071112483	0.00273493966201673	7.58807204915097e-05	0.000147564076847739	0.0044436623787881	0.000817758819117565	0.00026428832716037	0.000685141156763333	0.00018295798132404	0.000849929082984456	0.000233626518479136	0.00010900585253815	0.00284809964834217	0.000240327937116532	0.000700567940430058	0.000135404323835069	0.000921962728564526	0.000408013827237292	0.000242244230566578	0.000105674949105339	0.000871790246080428	0.000119319739786683
G[Del(C):R6]A	0.000522297555278524	0.000108636217897878	0.000398056991176017	0.000387058968534136	0.000166831515038854	0.00067032085133366	0.000256668817944499	0.000208051634459836	0.000279246960536982	0.000205762329734757	0.000156682330762916	0.000196485819312461	0.00216622152920293	8.61286864292036e-05	0.000127007159632556	0.00335278599881922	0.000341496013926626	0.000240923249627004	0.000460622996490756	0.000232062012096894	0.000391487597122957	0.000758311555783677	0.000199112786082209	0.00530298694192084	0.00029363832082832	0.000224883980877906	9.32706223128732e-05	0.00153106031285457	0.00135174201455487	0.000558535314434612	0.000208345742108918	0.000342194227346902	0.000253392679503607
G[Del(C):R6]G	0.000190074994616064	4.17299414210326e-05	0.00014250551270004	0.000366229578068728	9.2166337618896e-05	0.000303458100990291	5.70786783139631e-05	5.42320663834827e-05	0.000469340967131419	0.000107222840097232	0.000100654177171622	7.58471844591383e-05	0.000534456837926102	9.00193533981047e-06	0.000207793630273568	0.000816473427867809	5.67532347141637e-05	0.000193377946356937	9.43259388437672e-05	0.00033635685551618	0.000139540945306929	0.000337679246914764	3.11044338365002e-05	0.000979078502594921	0.00025130517011171	0.000173439820303798	4.12921647036686e-05	0.000740166994215511	0.000430886520719163	0.00017414512991212	1.15807914294011e-05	0.000355595762252628	0.000259656318772236
G[Del(C):R6]T	0.000452158327062441	3.75022453124518e-05	0.000179188156070647	7.17329307847542e-05	0.000112933495633503	0.00063937605182007	0.000103770995367736	8.51060225608773e-05	0.000248161307644185	7.04831230671712e-05	9.17341434895751e-05	6.03562689875531e-05	0.00103502571768979	7.2498637440112e-05	6.60695392552997e-05	0.00167235408036229	0.000296864178646985	0.000162834305613561	0.000242259049526327	0.000116468407166443	0.000482871398736887	0.000800903047270888	0.000157577442166443	0.00213396519909495	0.000230319596655362	0.000238242742628596	3.9834783893205e-05	0.000856268864195617	0.000361969450816272	0.000167990672856988	0.000195659911015775	0.000966008999679932	0.000402891772130046
G[Del(C):R7]A	0.000539756832828903	0.000136513530608361	0.000183012148307032	0.00011302911658711	0.000208371868032607	0.000138055686839621	0.000106721515827637	1.44662236936212e-05	0.000714184143287047	9.50075508582102e-05	8.15989168131621e-05	6.43295882156545e-05	0.000451063094658254	0.000293325774420095	2.833312152245e-05	0.000879909590560378	0.000335277333884981	2.98674809433751e-05	1.96891864511289e-05	0.000115740940043882	0.000187545841220744	0.000455272978511428	6.65236974724784e-05	0.00264066086812748	0.000451493273676526	0.000205742168072563	7.16644706696321e-05	0.00114087501916796	0.000308567798107198	0.000231902342275668	0.000148051068322417	0.000259180035717758	0.000273840096950783
G[Del(C):R7]G	0.00019455706676792	3.79686821201728e-05	3.95203803702674e-05	6.17190731354657e-05	4.98411792350563e-05	7.76328881279602e-05	0.000189045005968916	9.84789398378335e-06	0.000240608192545233	1.86256551181337e-05	0.000131085712370954	2.7008511715069e-05	0.000131896359795505	0.000132816690056017	2.31343644661008e-05	0.000150790207789818	6.69884448211972e-05	3.51265016100492e-05	3.97865057219953e-05	5.97950349411207e-05	5.53245006823277e-05	0.000101530610867871	3.04915823417205e-05	0.000456565621774442	0.000304711378359828	0.000158598666926579	2.85343965525277e-05	0.000445472245304909	9.07219438944788e-05	4.03940420801633e-05	1.62976680851396e-05	0.000118699309164999	0.000162026371163696
G[Del(C):R7]T	0.00027007200772065	8.32566107702178e-05	7.98158595035999e-05	6.95403633673428e-05	0.000109087949222077	4.4068802336657e-05	0.000143609637093128	3.13326363577814e-05	0.000178349567509939	1.68722752704637e-05	6.79990973443017e-05	2.990407708383e-05	0.000197679848678825	0.000159746208487823	3.39287302624901e-05	0.000338610659387338	6.97794305519739e-05	8.78106193601229e-05	1.47013737804414e-05	0.000121519239023716	0.000445851765659656	0.0003809781616222	2.60612877678638e-05	0.00104798045671052	0.000381796894252247	7.35938494123498e-05	2.09220749362888e-05	0.000389062801032535	0.000313639940686044	0.000190281409514959	8.36229521513531e-05	0.000234479782858728	0.000267731754523525
G[Del(C):R8]A	0.00060896474239105	0.000396185253718875	0.000190689746187691	8.30498646769486e-05	0.000177444498698645	0.000205653951380491	8.7311589752861e-05	0.000104985892818134	0.000703007279325591	3.13662716091663e-05	5.32616503913542e-05	8.21443462944269e-05	8.85453449659411e-05	0.000123560462757455	1.16173108667797e-05	0.000113362501615665	8.76551436201044e-05	8.53163409867861e-05	3.80358307320684e-05	0.000694418014929522	0.000123109896522572	0.00028617576072929	7.51071711616828e-05	0.00181586733262577	0.000557432622175086	0.000167027614663466	9.47936115031596e-05	0.000774423780087148	0.000207189015699691	0.000958094935360598	0.000398158277855197	0.000406659690336037	0.00025054557074514
G[Del(C):R8]G	7.95844035743607e-05	4.7794708878933e-05	3.01863629569115e-05	9.23045387760222e-05	3.88056080575269e-05	3.62729792311484e-05	4.35433310920845e-05	1.11059591348667e-05	3.51459980037946e-05	2.40094010733814e-05	0.000132326760535413	1.89633357631551e-05	1.56517666453246e-05	1.19517220613303e-05	1.30752186310754e-05	8.83048374248382e-05	4.27408586695954e-05	0.000139454202306862	1.56615599405608e-05	2.73905184311024e-05	1.8738188207393e-06	0.000213672570039109	6.15373956004592e-05	0.000395457155563099	0.000214796021769844	0.000143748894993393	1.46122983541317e-05	0.000197606782726182	5.7939885542778e-05	6.88592394456663e-05	4.61158571246259e-05	0.000160379024281635	5.12997232662052e-05
G[Del(C):R8]T	0.000256139443673152	0.000142149611786169	0.00011970383239356	6.26553050882493e-05	8.22234570229491e-05	2.89031347886993e-05	7.57476665154007e-05	2.38442501755448e-05	0.000264402688088174	2.42257122947976e-05	4.33849754158701e-05	6.28669222636927e-05	1.94001563893633e-05	1.54609510921039e-05	5.54339141323866e-06	0.000105317785384896	3.65700514535214e-05	5.9299214460083e-05	9.59971353372189e-06	6.29673441021611e-05	5.89081791769916e-05	0.000154379739048337	5.50589335672373e-05	0.000861853853659893	0.000122367932893864	8.06610653062632e-05	5.62543744168552e-05	0.00023249802096751	0.000133082343074022	0.000426924617409477	0.0001798877883988	0.000159123611175713	0.00021798499967103
G[Del(C):R(9,)]A	0.000794313104136503	0.000647367826928867	0.000370929822008213	0.000304887263933929	0.000253262736345577	0.000218090046912727	0.000487629737890846	0.000102147364251704	0.00104695780388944	4.74534172611564e-05	0.000153424579331212	8.01581998964997e-05	1.43509301867284e-05	0.000160153075621826	1.08152527271099e-05	8.20993588113724e-05	9.41849970279592e-05	7.94450200567779e-05	1.38099257794357e-05	0.000802115378624583	2.70883933273124e-05	0.000661763664988692	0.000222898529604238	0.000900149771574443	0.00069504730351618	0.000368727679986949	7.67154411375893e-05	0.000319038489662693	0.000211075878644322	0.00183242791023737	0.000618164825236421	0.000340624960964499	0.000103272399511685
G[Del(C):R(9,)]G	0.000175948723685469	0.000167634484808179	5.31959808883666e-05	2.46267246037026e-05	0.000112275466498738	2.9613099227132e-05	4.99206892161758e-05	2.4415820599885e-05	0.000127093167936703	2.34508832106771e-05	6.83869248956951e-05	4.03418666034795e-05	4.43998072694501e-06	5.04260954204637e-05	8.56364159543275e-06	2.34327445162176e-05	7.60603452668606e-05	3.05549100733761e-05	9.86822196775976e-06	0.000156930312692166	2.40434377436111e-05	0.000146544257946068	3.95333623661515e-05	0.000385111885553317	9.15337265368965e-05	0.000110084815381654	2.96654850206726e-05	8.59380667322276e-05	9.92431434269405e-05	0.000436086290208775	0.000109484092959951	0.000105643012863402	3.50970861498357e-05
G[Del(C):R(9,)]T	0.000139384122385982	0.000113851598484131	7.48993900239255e-05	7.41181268641603e-05	5.53589648238211e-05	4.30004092496952e-05	5.5477723266214e-05	1.37848141130021e-05	0.000359406031760543	1.39354784759983e-05	0.000140574559795045	4.71101608401368e-05	5.3346535350813e-06	2.20216836278979e-05	7.8409537925011e-06	3.84798124382886e-05	7.88800546929798e-05	2.97698134167083e-05	6.92107339576011e-06	0.00025983928520075	5.25489065541076e-05	8.71745331270108e-05	2.22935833608268e-05	0.00026612976864185	0.000112199884872143	0.000234071361539994	3.56472197037158e-05	5.57509540976318e-05	0.000275668279611566	0.000359905713984631	0.000126397322086522	0.000170265402490777	4.09466005081416e-05
T[Del(C):R1]A	0.000283646745688154	0.000430462732805807	0.00727697546708253	0.00486725604805133	0.000472712434307488	0.00627958307221174	0.00319635306144812	0.00201062609626979	0.000900829039518378	0.0110867935968935	0.0016215845578859	0.0031397084373013	0.0195413032653951	0.000408494602538744	0.00678801019578814	0.0151792475390553	0.0245459296005589	0.00117166848365831	0.00688215900543187	0.00197743980801203	0.000855515405343785	0.151218433843576	0.000783938315548463	0.000230024929798364	0.00738034190513978	0.000919479262022011	0.000521374048440553	7.47677715666582e-05	0.00577200215097287	0.00535113037839202	0.000684863940365363	0.00315146351979796	0.000158609840653535
T[Del(C):R1]G	4.30872991840194e-05	9.14521051240889e-05	0.0015663709532269	0.00165785857945823	0.000147235528144839	0.00161907321255993	0.000472837442490982	0.00020584671510046	0.00224851433937072	0.00101422723653354	0.000287328505242291	0.000693673176838854	0.00234696435365758	0.000438221332516819	0.00191389243754941	0.00626145066671779	0.000602240145680455	0.000298295408657084	0.0011439404439701	0.000453856608476633	0.000229378846393749	0.00453403689545813	5.56327046768426e-05	8.57820886753261e-05	0.00108820472890893	0.00109634064904518	6.61244990773957e-05	4.78920486824816e-05	0.000590600281880853	0.000600989732711997	6.52415902405884e-05	0.00301405855535471	2.74357753088686e-05
T[Del(C):R1]T	0.00153830772481222	0.0012412921592965	0.00981950670379122	0.0122585523655777	0.00217476214254069	0.0514406071080992	0.00655982730643441	0.00874411928530745	0.00155646562588233	0.0102440782688667	0.000289086656808607	0.00520692861268931	0.0211120070939052	0.00352110446524728	0.0159455695775672	0.00853915941463457	0.0658399517993413	0.0123623535860473	0.0103233587999263	0.00222108604340236	0.000940001211423868	0.149601748793261	0.00574611693162821	0.000881872872072739	0.0176415739648568	0.00800757791704636	0.000465725020674863	0.000686108155909833	0.00547038585774742	0.0135063660823618	0.00252380784693933	0.00466188241286131	0.000257482162993042
T[Del(C):R2]A	0.000152690028485894	0.000489973535725837	0.00452570511207647	0.00435514991736372	0.000459684664832045	0.0048088565844194	0.00123593729686229	0.00116155212873706	0.00286555581736777	0.00778663171907475	0.000873801328459324	0.00221767461415193	0.0324698238671163	0.00332166328199831	0.00495749420828909	0.0328292341519772	0.0265547930435729	0.00186569017170928	0.0060649589566063	0.000883522633016972	8.65938522534147e-05	0.022213573546167	0.000995357870198306	0.000173620952100371	0.00572416385505943	0.00128007964373096	0.00064828952270495	8.04792997305467e-05	0.00288748000548048	0.00299521355272521	0.000588491812828567	0.00213950640044125	4.93843955559635e-05
T[Del(C):R2]G	3.06045317603714e-05	7.12842487242559e-05	0.00112011942824744	0.000668903028776937	0.000109281132087329	0.00113047844317399	0.000596084519100757	6.57194114776512e-05	0.000597569285314208	0.000888590474524318	0.000105747645679922	0.000216011639946967	0.00516077932742792	1.35791905973412e-05	0.00193317107460449	0.00599780842368491	0.0023635005475598	0.000346182548270485	0.00100273937674574	0.000482338327591577	9.23207110242992e-05	0.00218355404181682	7.24443758263936e-05	1.89560956410696e-05	0.000393157425392746	0.0006800213030019	6.34275572774802e-05	2.72064248082176e-06	0.000396321203818689	0.000541552213546831	3.22564896688904e-05	0.000807136471125404	1.98779956954821e-05
T[Del(C):R2]T	0.00041433047025445	0.000765392310659348	0.00602688279160065	0.0080166596031436	0.000954250910771183	0.0234572898386877	0.00294297877083329	0.00385213548789293	0.00220598986476737	0.0090026029324415	0.000311528944449236	0.0033522979521368	0.0231403071315718	0.000979024041194077	0.0141094830456449	0.0175961694291665	0.0315835461328303	0.00609047559051853	0.00862867748479987	0.00269011816856229	0.00089978437498375	0.0301176747007978	0.00201251193703704	0.000256521253766296	0.00535161935214841	0.00312291651796067	0.000390818621263587	8.993635497245e-05	0.00112489444203906	0.0100906957598365	0.00120431683932552	0.000661602706821306	0.000137127110930553
T[Del(C):R3]A	0.000116260421004699	0.000276065615704997	0.00256605329535061	0.00229282355404357	0.000604113004466189	0.00427294509771244	0.00278597932788626	0.00157271161859495	0.00373438235187152	0.00558181836383591	0.000288595408576842	0.00142416242551277	0.0563755369393741	0.0011429660670013	0.00243123664718101	0.0390782154111201	0.0109370640281616	0.00106035755480482	0.00573040389199753	0.00094187194215756	0.00052103874584182	0.0062560049754613	0.00055849067900217	0.000374056721273576	0.00539858402212099	0.0014870197910831	0.000209673009794467	8.14619360643161e-05	0.00430779738770135	0.00100256305464627	0.000340542855475027	0.00119687946985913	5.95822214726561e-05
T[Del(C):R3]G	3.30475962561407e-05	2.18894982512108e-05	0.000410891828417901	0.00041271823942162	6.17641841998379e-05	0.000720029390597751	0.000164117738944459	0.000248730769393572	0.00130891555298604	0.000703407467923343	0.000261654321340051	0.000132201394115674	0.00717580782871857	2.32422850299061e-05	0.000315039664751394	0.00581933613107872	0.000863223641562138	0.000361869455630507	0.000835535952769152	0.000163597226574875	6.71295592529853e-05	0.00129170097445011	9.70223853387761e-05	1.33229886772862e-05	0.00025591539502627	0.000485931422598326	5.82217510331413e-05	3.25457312029762e-06	0.000240035143220809	0.000390364608706022	1.71387226838465e-05	0.000183290313464726	1.33555283579021e-05
T[Del(C):R3]T	0.00016248332146463	0.000280113996807341	0.00234315188661414	0.00235606665982835	0.000417908870221266	0.00428976505133053	0.000409738643956145	0.000832354007076941	0.00159724371549171	0.00520828779757991	0.000960700555141528	0.00105724163731648	0.0239374917613807	0.000387591803529354	0.00320126258989774	0.0181815983730852	0.0080167259226927	0.000545585829734097	0.00615344429999287	0.00121426233733363	0.000223593430784716	0.00529207163345998	0.000797632437789787	0.000218539991690323	0.00250915483663966	0.000892580748845299	0.000171608777378079	0.000181657334865386	0.000549499909699845	0.00201125389481114	0.000301314856660388	0.000782938383508743	0.000194742239079177
T[Del(C):R4]A	0.0003487211630265	0.000225540527318144	0.00118493416534495	0.00131692567714853	0.000275430470133262	0.0028179577633057	0.000596256522535639	0.000592564958627851	0.00243948153846214	0.00254098044988451	0.000126638623114977	0.000328714927098804	0.0149921168170013	0.00109971100481764	0.00158570444990942	0.0168833635385248	0.00203852544573766	0.00064982337579091	0.00258181170051278	0.000725151198746569	0.000276751328455564	0.00369933132127303	0.000370805352821172	0.00103287697645885	0.00204141398046979	0.00220541952381134	0.000603098470683013	0.000549197559356865	0.000615768787266833	0.000687958945463989	0.00031593284021002	0.00201330599796837	0.000112176085083619
T[Del(C):R4]G	0.000104997683329245	4.05077680890508e-05	0.00014049373227265	0.000328443199798896	7.5715609249767e-05	0.000298314649883898	0.000640739257002849	0.000130017016099025	6.7454120392376e-05	0.000156188146900668	0.000124570209507546	0.000293319437493574	0.00185017112667747	4.87731976885776e-05	0.000418150086946549	0.0025656955608948	0.000195876453105417	8.39903164901176e-05	0.000489686349391015	0.000110303353513855	5.07922014096645e-05	0.000198970470070965	3.89578148754018e-05	0.000132048008745038	0.000764679799916239	0.000803981993492335	8.04936090369843e-05	0.00016226392511722	0.000407842976118847	7.8767715267905e-05	2.13473295875016e-05	0.00112654495059981	3.64429921083839e-05
T[Del(C):R4]T	0.000247433267008505	0.000216278217572917	0.00086200832129809	0.000699454501124201	0.000255267008572568	0.00227549943947618	0.000659527324505358	0.000449013317605126	0.000746404946425929	0.00219613572729822	0.000329420722153516	0.000419625004782533	0.00767571126776178	0.000292868048894342	0.00101710580098262	0.00982367400417265	0.00191196884405873	0.00074018462017437	0.00275741836444102	0.00023042751318228	0.000107885118604065	0.000914159966952263	0.000160828219660492	0.000242791514858655	0.00200035849023758	0.000645848728588038	0.000316810619266685	0.000336122084870916	0.00127295829256176	0.000428204851163091	0.0002725110855459	0.00140910705541538	0.000152346201384906
T[Del(C):R5]A	0.000617002191116795	0.000286924700171752	0.000592537897343517	0.000577683442611857	0.000453931437626254	0.0014960756646737	0.000336319639328379	0.000425759961409192	0.0026090991810022	0.00116712836847173	0.000114331562150761	0.000272272444269027	0.00863711732005719	0.000671737638238512	0.000751747789643167	0.00967686426508215	0.000288764096560408	0.000240731671017004	0.00102310735251812	0.000445136211450493	0.000383910342266593	0.00208261551342674	6.46425098406764e-05	0.000428565089407461	0.00117361633229138	0.000623621472746083	0.000239365612945466	0.00137722273103538	0.00105485616167137	0.000992914626305235	0.00024726277803409	0.00149403575203105	0.000106585398794265
T[Del(C):R5]G	0.000142555552500653	2.76315712950537e-05	8.28550964308676e-05	0.000172466389910269	5.07286130223084e-05	0.000136952829459532	0.000120283325116421	4.95110167219396e-05	0.000446201365961219	0.000126229614986432	0.000182796052556735	4.22202376154727e-05	0.00087631365474694	0.000120330954881308	7.03952226075292e-05	0.00130607887126299	8.72242881899673e-05	0.000322460608620451	0.000246507926986542	0.000144664664499115	0.000318174435761532	0.000499294695204745	3.563953489787e-05	0.000114845543814083	0.000210356151586538	0.00018231693295103	3.17203394767224e-05	0.000317220357498803	0.000174834085144103	0.000155195003204985	2.48573307794382e-05	0.000351609825641323	7.00906410720907e-05
T[Del(C):R5]T	0.000712691310982645	0.000276234767107641	0.000602957310533059	0.000332828334633718	0.000159792414386229	0.000785365418937711	0.000405345940849924	0.000197942363965278	0.00126503763001236	0.000524750422086999	0.000130310057268168	0.000343320031541237	0.00459676879823953	0.000328087485181454	0.00101077079489507	0.00758997057492581	0.000659658812670053	0.000589408497660825	0.000977568322105295	0.000214874450270822	6.37332626403953e-05	0.00117811341130711	0.000147034620075088	0.0004425173897619	0.000598456170895182	0.000309690571604868	0.000240310373614914	0.00156257678895034	0.00131239286633793	0.000352144296853348	0.000230158606782407	0.00041604390330281	0.000157263934694986
T[Del(C):R6]A	0.00107390263835434	0.000397896005994975	0.000222220944124705	0.000470757538558097	0.000215942221564676	0.000759406913353851	0.000610651886931928	7.10577978786507e-05	0.00186666726043756	0.000307793700518	0.000158647323689975	0.000355446302107186	0.00369616989552646	0.000594687174736745	0.000481120005682916	0.00461846398953941	0.000731602094937826	0.000496462820264028	0.000215360948638149	0.000761321969093642	0.000239919077260408	0.0015883342958262	0.000172136662025036	0.000663463347437436	0.00106138450590713	0.000171543737990796	0.000290584762905522	0.00234187077402458	0.000667985160341692	0.00245620847091734	0.000475579551016014	0.00138798472990823	0.000247957290055624
T[Del(C):R6]G	0.00017771496985939	2.34354549547778e-05	3.98068579031279e-05	2.66663222012946e-05	0.000130199214215414	0.000111922102646672	6.80736671129671e-05	6.12160060702162e-05	6.96807612596972e-05	3.74664769538666e-05	8.6795806001833e-05	6.71122460372466e-05	0.000524540324580696	0.000111049298386871	8.40176788234835e-05	0.000368093014922335	8.989080457426e-05	9.63490150568016e-05	5.71514831680924e-05	0.000222245810164618	5.07570673067757e-05	0.0001904352551313	1.43425013589893e-05	0.000164300232199125	3.69456823407038e-05	8.86763223566772e-05	6.64394193005451e-05	0.000542692783626279	0.000118987125802281	0.000299261307791319	1.12070904131108e-05	0.000183541396085911	0.000138162423206359
T[Del(C):R6]T	0.00071129722242422	0.000263703406864099	0.000294768643300228	0.000155189298594001	0.000133435027208388	0.000657757927202714	0.000183236582283281	0.000109001124197662	0.000675589034920147	8.20574901686636e-05	0.000129948084886867	0.000215576432674243	0.00188356445540802	0.000545710543481166	0.000234698085734731	0.00224540324057302	9.04557039159952e-05	0.000347681369160487	0.000366389424548298	0.000448584773949214	3.31900158623448e-05	0.000442846935860528	0.000124661099562768	0.000414378715807252	0.000205309392673139	0.000191306086825849	0.000132435325953488	0.00119458057458122	0.000359278545700757	0.000795611934797802	0.000280650978647691	0.00234617878300379	0.000437367670914398
T[Del(C):R7]A	0.00094976981243599	0.000233300801646756	0.000179381286991677	9.99686100264182e-05	0.000187133826783948	7.37742658693716e-05	0.000225668506565358	6.45355894599786e-05	0.000443931065469048	4.59770073372045e-05	0.000133257546658757	2.78799526927642e-05	0.000714136960226807	0.000252639061019822	9.18231248337596e-05	0.00124432413024811	8.93354797976389e-05	0.000101311276700142	6.60702593130942e-05	0.000405130123931944	3.3119747656567e-05	0.000324568849192125	3.74017049930047e-05	0.000338454564318547	0.000705215351537901	0.000142326833258642	6.27041155426343e-05	0.00216397426302224	0.00031851987575664	0.000550547189242793	0.000287016625399633	0.000452011488787498	0.000218450890195142
T[Del(C):R7]G	0.000221882219589747	1.26769175664182e-05	2.31750667538037e-05	1.64060131756305e-05	3.46099177028316e-05	2.62521413613088e-05	2.64752979383959e-05	1.56683522373403e-05	0.000126831210187607	1.35852603079911e-05	7.25496072806504e-05	8.82115873063895e-06	0.000175681914092205	2.19453960402724e-05	3.60988823643571e-05	0.00024758788078015	1.81581627389981e-05	4.47505094300627e-05	4.83701833413179e-05	0.000201374870502795	3.71250353858973e-06	0.000312088980861426	2.37093591328252e-05	0.000190577831986583	8.59120204055156e-05	0.000115850629324371	1.35389452602309e-05	0.000508573668819936	0.000139681467523973	0.000221833837234228	2.14149170381365e-05	0.000298191997984309	0.000139249501095956
T[Del(C):R7]T	0.000626373628413368	0.000138559318817167	0.000178103404064198	8.44535044125136e-05	8.92987794628093e-05	5.3307990038358e-05	8.75232862881005e-05	7.9531685379723e-05	0.000266672988580345	2.63384663410108e-05	0.00015332115865084	5.05333123838512e-05	0.000328057267699322	9.02990745527316e-05	8.76123196004932e-05	0.00058160629115903	0.000147788199819565	0.000163089743760228	2.63353072104342e-05	0.000589008949714922	0.000163010526036689	0.000181892350808807	6.83178424282103e-05	0.000658969908571911	0.000189668698909884	0.000531282264102927	6.11093945237417e-05	0.000849010175488418	0.000221220163802015	0.000183866904978624	0.000316500514178805	0.000816081289505104	0.000323276258120537
T[Del(C):R8]A	0.000816595867999042	0.000197759768841788	9.21215180218632e-05	8.9947670441027e-05	5.79005268947947e-05	4.79053674476439e-05	0.000414091653962008	1.36963325704441e-05	0.000920999786198817	7.05414927618391e-05	6.15353048210791e-05	2.4883796963798e-05	0.000180705546420975	0.000342810989593178	9.91711470612553e-06	0.000213749025973659	0.000408024879622344	0.000161110098123559	1.62844995075287e-05	0.000341030141145289	7.84778744860876e-05	0.000231335082396235	7.23981899166421e-05	0.000103955381986279	9.56435344283984e-05	0.000306062159542261	0.000172828218464386	0.0012383599733449	0.000153349556999601	0.00114226189512522	0.000356431664946237	0.000144654975129953	0.000228389888042883
T[Del(C):R8]G	0.000115610647677269	2.60057577061181e-05	1.77410064057703e-05	1.14274120953973e-05	2.45342238870239e-05	2.91471419840441e-05	4.38608758949438e-05	1.28959305705229e-06	7.50508951161776e-05	4.16484939012465e-06	0.000141738042449225	1.21047154887625e-05	2.67233426460112e-05	8.21363026768018e-06	7.07858082120039e-06	4.02489096379831e-05	6.27804234535253e-05	9.22206838334624e-06	2.82685679355069e-06	3.80631057101906e-05	4.74544616352227e-05	5.33412486814919e-05	2.37413339934224e-05	7.32610886597775e-05	3.41987122992336e-05	9.22271674155703e-05	1.32747621841445e-05	0.000220495143645159	4.74752545380006e-05	0.00018129310170313	1.07545878848696e-05	8.92598718311098e-05	0.00014313192213023
T[Del(C):R8]T	0.000280086977192095	0.000111330661807382	0.000112520005900999	4.43201725182297e-05	0.000163813032769289	5.72424337418278e-05	0.000128499796890405	1.26325200012985e-05	0.000224410471726092	2.51241477911559e-05	5.65711121632442e-05	6.36336671521948e-05	2.53134540292093e-05	0.000141055749519573	4.13352358960034e-06	0.000113426796998473	0.000335756062140689	4.78345494067336e-05	1.50278800362315e-05	0.000157846552928809	4.75130184733708e-05	8.85970689502883e-05	3.71388005836499e-05	0.000186437421622876	0.000158610901968145	0.000178972933235374	2.86279978410749e-05	0.000374011492978661	0.000142831535020309	0.000412188593474654	0.000191239752360805	0.000512114391233551	0.00013666122040644
T[Del(C):R(9,)]A	0.000757495389427718	0.000535138775161089	0.000346845752386097	0.000153458473410488	0.000180179243634871	3.95015942113608e-05	0.000159751497905144	2.60888336746887e-05	0.000625817062591792	4.55089052760446e-05	0.000149520448647185	7.04471244077197e-05	4.79885134961162e-05	0.000128773447911865	1.31566776608856e-05	5.37353532682532e-05	0.000125584783319836	5.0922345826738e-05	1.04546443876985e-05	0.000359295090988319	5.74559695909186e-05	0.000229343532243647	0.000221059975119899	0.000104270037824855	0.000154820509197745	0.000248490205674771	7.46693344655159e-05	0.000418077160147954	0.000136862424069625	0.001603439433328	0.000542915139895329	0.000156518628980923	8.83121371262827e-05
T[Del(C):R(9,)]G	8.74910192501853e-05	2.73328339466067e-05	3.92017143505688e-05	5.50663023605424e-05	2.38822317167978e-05	3.39790358805619e-05	8.06431488928152e-05	4.52272896270624e-06	6.30008386577337e-05	1.01918064905359e-05	0.000116503396438564	3.01617115778247e-05	7.41165203804944e-06	7.22189162854851e-06	7.3772639305045e-06	1.7961791942713e-05	6.48437422356261e-05	2.31434473766991e-05	1.02591702477189e-05	8.83366089458953e-05	5.32867227147737e-06	0.000112718662883378	2.28638017081436e-05	9.00875014909698e-05	0.000224740479206794	3.56549660403901e-05	1.51844034261865e-05	0.000102022271984979	0.0001352606948342	0.000147540272219837	2.37444109645007e-05	8.34535862162169e-05	2.11721360402401e-05
T[Del(C):R(9,)]T	0.000190714366022564	0.00020800468126289	8.22705535098849e-05	6.95035372996085e-05	0.00020307745013179	4.32209807257131e-05	9.45225029844581e-05	3.65072810535874e-05	0.00130415665387745	1.45374874837492e-05	4.78062095017543e-05	3.2803748181579e-05	4.38434187071763e-06	2.31151390505303e-05	8.87067947702509e-06	2.33781908580772e-05	0.000163246335196371	3.72789436400522e-05	2.22904961600877e-05	0.000258025221616643	3.35179341559742e-05	5.29798476885511e-05	4.92501672254123e-05	0.000140678020707946	0.000217745288054678	9.32010642399755e-05	5.12305220792248e-05	7.57649762671254e-05	0.000156371486157103	0.000810894725231564	0.000140264266610714	0.00036027217607219	3.20946805499972e-05
A[Del(T):R1]A	0.00118168896110803	0.00168115767736862	0.00602354742059447	0.00954088488111738	0.0506955063087758	0.0132015971111864	0.00449954370134932	0.00269578953175765	0.0101207376363474	0.0090170831947344	0.00361093305517307	0.0049032350244754	0.0107507245212573	0.000608368082117587	0.0104298658796917	0.00847900231646522	0.00317148852297837	0.00307339045982097	0.014009455470803	0.0014544047595577	0.000909598501057373	0.00183793166244018	0.00404082300797138	0.000498042633471673	0.00100673257868672	0.00217694381489245	0.000676777556002403	0.000418737107159367	0.00424608809935787	0.0127568692342306	0.00229701133697258	0.00424150733434306	0.0003010170441907
A[Del(T):R1]C	0.000230418267058738	0.000367057817766531	0.00249628281881949	0.00215408417662904	0.023520394173216	0.00645123041627717	0.000363231561370706	0.00133683508157369	0.000711389927296683	0.00591619888802321	0.00144395953934774	0.00119091801457108	0.00106054002798998	0.000212613506712303	0.00173945314694352	0.0022426872477356	0.00152105849957794	0.00103737187804812	0.00771502491033295	0.000734041951997612	0.000200545459289623	0.000875982181208626	0.001334197244328	0.000125785590104102	0.00471289558165307	0.00328715172049044	0.000300067360735909	5.49598917859391e-05	0.00156352265406278	0.00215404663352799	0.00048354304996413	0.00419828973817167	6.24293302311236e-05
A[Del(T):R1]G	0.000137595454293611	0.00045669390472017	0.00350755494751418	0.00388615436450799	0.00549584122266498	0.00559754160407118	0.00118198114244311	0.00101506940948844	0.00214486638997816	0.00830544216635143	0.00138552685493781	0.00249811232694577	0.00226108132796211	6.29881181827981e-05	0.00285604548764127	0.00252729368225385	0.00137377775170943	0.000616916932190864	0.0100501332097192	0.00109522016990446	0.00115787949480533	0.00136796427334344	0.000970866903361993	0.000222477026938853	0.000612563672077151	0.00115252501540179	0.000352500703111885	6.29040221462716e-05	0.00129800933780381	0.00658696269156131	0.000387538258706121	0.00417801481651102	0.000153122685591761
A[Del(T):R2]A	0.000484738530338125	0.000862555635030661	0.00474658508383949	0.00487771890044954	0.0774592415697458	0.00545494903768422	0.00108606938094614	0.0011047052802166	0.00259931942503592	0.00813995607044132	0.00317835020434892	0.00272796335287891	0.00174928786534311	0.00297572450131249	0.162996604923403	0.00476466584501064	0.00162640265224645	0.00113725194983826	0.0121900960234492	0.000840003523887575	0.00174883510539598	0.0039347187084199	0.00295013742004595	0.000606714015770274	0.00203021315688984	0.00128506978763654	0.000572383251585175	0.000457958792401628	0.00300597593431723	0.00384371514446918	0.00109993090110606	0.00234169068115012	0.000209391907781837
A[Del(T):R2]C	0.000154327521994081	0.000302213300875565	0.00201454477464034	0.00177778975097108	0.0261290993637939	0.00310273759599245	0.00148487919127055	0.000470536707089666	0.000946191389736941	0.00662327220167246	0.000609070241878219	0.00123540769388465	0.000405098166363128	0.00112175811764141	0.00232897214568003	0.00159899499692298	0.0006593524265864	0.00115672535207829	0.0129392538870221	0.000704736077091919	0.00035096626512447	0.000526853443262186	0.000448264452617894	0.000440226541766411	0.000816307930656894	0.00134060776229554	0.000296632105968388	8.30185660459803e-05	0.00285217789313171	0.00140396967947721	0.000373482493635985	0.00156835620790168	4.13607254184642e-05
A[Del(T):R2]G	0.000209300056032767	0.000416039490350715	0.0017824509778326	0.0014667440354022	0.0205332135647864	0.00241045196136258	0.0012129682227888	0.00046211061996216	0.000620359609485612	0.00573751322959144	0.000712335791229223	0.00154154624371089	0.00343108134697391	0.000549296060099565	0.00141737458653929	0.00405926561346154	0.000862481612765791	0.000846788725531185	0.00868831213396595	0.000350091250621236	0.00017842268583727	0.000271973470645001	0.00046267623284151	0.000116583825458902	0.000703384038176921	0.000610874628469135	0.000250510289731364	0.000101234123346626	0.000365269013041247	0.00206204316825528	0.000455591850592404	0.00096946138572122	4.37937092666091e-05
A[Del(T):R3]A	0.000927288025152989	0.000893304528741829	0.00364008717945226	0.00300656656944868	0.0467941179753632	0.00924262585958341	0.000878037841972929	0.00289167037748425	0.00107607877366401	0.0071215193488688	0.000757013525149738	0.00170115132595672	0.0026845842715767	0.00854685445042841	0.00680429364697789	0.00469031700234507	0.00186038587450621	0.000736886462927698	0.016308905850149	0.000829063891715395	0.000784556228875913	0.000662132755364461	0.00185789216947583	0.000440564221202932	0.000750082528881915	0.00116117804559385	0.000454461374026886	0.000558776260460696	0.00589938233796878	0.00308005571043865	0.00180466252113067	0.00357846090244994	0.000151259123495309
A[Del(T):R3]C	0.000177159276127928	0.000403416294688999	0.00215439216209727	0.00114618161409845	0.0300568390474199	0.00320262476747889	0.000625073713395122	0.000445185219602961	0.0006483454290141	0.00556601734413817	0.00123642008901211	0.000655907655175321	0.000757699959098597	0.00705995850921543	0.00139786619324628	0.00261449575644628	0.000664723757615442	0.000206713320190289	0.0140651763410345	0.000342692265393672	0.000221789880169755	0.000674435767890105	0.00096365479591618	0.000877793857970218	0.00040854258705912	0.00159332967895069	0.000557092125194477	0.000105922223749991	0.00181203628403644	0.000684564992440086	0.00044145667784484	0.00206543702719181	0.000137644767068456
A[Del(T):R3]G	0.000288025723245903	0.000338334748042826	0.00173209917164127	0.0012580351292925	0.0179635554608477	0.00531334628579588	0.000320521785386128	0.00113334685724555	0.00177240613038764	0.00464644744029484	0.000193862065356492	0.00091609796546502	0.00211900194469987	0.00310704086881187	0.00134673289814926	0.003827324890843	0.000941151027026259	0.000382710203243869	0.0114471611113435	0.000253688044215047	0.000296145353250216	0.000486315016990191	0.000385970318649968	0.000334421597411914	0.000490440624109464	0.00106854580604778	0.000393503316165936	0.00016101760134622	0.00172514781211208	0.00216251484637742	0.000490761268458833	0.00185816832340396	0.000142148375468213
A[Del(T):R4]A	0.00153039070721546	0.00164637927781892	0.00267192637871951	0.00219745678609672	0.0892365262844818	0.00948088165369108	0.00183876964302381	0.00182883415639441	0.0029596423089183	0.00460643673135574	0.000128965588423337	0.00133182150127674	0.00231826138050699	0.0145277504618768	0.0182577319214033	0.00428618545118622	0.000717144501615449	0.000565889405950792	0.0126809809944897	0.0013144087764654	0.00119931431347893	0.00158797289483326	0.00369763505280047	0.000967221349653442	0.00190010473089462	0.00139505979890254	0.0015746203608717	0.00114400211907966	0.0056929835086919	0.00169803003764447	0.0028670244983314	0.00407707960279483	0.000166115854653131
A[Del(T):R4]C	0.00091987422937545	0.000521469454301045	0.00122721824919515	0.00071899922838057	0.0896267918940784	0.00433037501720888	0.00157383142917151	0.00130383044917033	0.0010074458434007	0.003369562300275	0.000427256685785014	0.0008801872068718	0.00092180231443276	0.00898204970863609	0.00128844582928044	0.00330314606660137	0.00139222793868441	0.00025974303072703	0.00947110014188523	0.000547552532173546	0.000773524120568811	0.00111147721971509	0.0022144385108518	0.00175703820261095	0.00196642595720593	0.00150951422216007	0.00104868784220106	0.000653685527405453	0.00252273422398947	0.000389917860469084	0.000954648493597762	0.00194027234053131	0.00014163071933031
A[Del(T):R4]G	0.000702936620688249	0.000305314651914606	0.00103838384738881	0.00142612204991683	0.0426664823219175	0.00688108148731264	0.000921660559265728	0.00173252453989308	0.00282648045312753	0.00307345398372874	0.000105023700917321	0.000889416885636741	0.00324580673767954	0.00461628907319914	0.00148290733167507	0.0043483512929821	0.000938498872489638	0.000874830575014558	0.0089894883781226	0.000173721911400895	0.000833802529758468	0.000871614611762023	0.00133855470727494	0.000507278933513789	0.000410672021199795	0.00150142139810594	0.000287332336823107	0.000610196039139059	0.00147438108301392	0.00134064478386227	0.000934206775232219	0.000989767692709521	0.000200747050278854
A[Del(T):R5]A	0.0055747363882613	0.00150920003117526	0.00159583693784837	0.00144526877236422	0.0257257456150765	0.0100038097518909	0.000892062737432549	0.00232713271023356	0.00325172519916102	0.00372648153813082	0.000236316254649018	0.00115448274909965	0.00163087391318863	0.0205130965826034	0.0100313286206917	0.00587983224126651	0.00191778060508303	0.000748347371537714	0.00992115679447972	0.00164967903552004	0.00196953582837618	0.000376910478105909	0.00256534661847579	0.00302151338806104	0.000631664696319002	0.000747995853922992	0.00179655951335784	0.00571630221765534	0.00244610749736673	0.00329010739640915	0.00468366545544409	0.00194978209480867	0.000592095090533658
A[Del(T):R5]C	0.00283139039485248	0.000525609670821563	0.00104823738697974	0.000330835477814405	0.0196827018526557	0.00357344815438851	0.000451932409636077	0.00101038802396667	0.0011040645931925	0.00167797192467816	0.000243891819486235	0.000944077482085742	0.000662524131636039	0.0077224144909595	0.00117213277817682	0.00240649045133683	0.000321135701211372	0.000481962948997341	0.00518914459066399	0.000470800146521087	0.000601577821030721	0.00156778826490837	0.00145954580339361	0.00522295307819902	0.000278849400721335	0.00102501347985246	0.00115377672066601	0.00218666886466414	0.00126486422082541	0.00129078234631267	0.00206260805644066	0.000656612439725263	0.000430327547438914
A[Del(T):R5]G	0.00244236086360687	0.000525452497951724	0.00123381817653646	0.00147576500560988	0.0349900291380734	0.00778205806683342	0.000847024299560335	0.00237058019871722	0.00163614444123255	0.00205025269276598	0.000218346911434459	0.00107042513309683	0.00156115731355859	0.00507116652901419	0.000747031520686463	0.00332548773795478	0.00135114347977956	0.000258668687933695	0.00619561516060913	0.000427842752511642	0.000375173662014896	0.00139616892955848	0.00142459372799858	0.00120639815963479	0.00120515325191477	0.00222440620260925	0.000217897676289052	0.0033617999412854	0.00289572357194546	0.00164229319417335	0.0016407381005567	0.00145970020358407	0.000525058620675196
A[Del(T):R6]A	0.012308181813912	0.00149161518203125	0.00127451665552501	0.00076872858369408	0.0115638659443487	0.00726399770539493	0.00182545922337062	0.00122987411800098	0.00159261579525767	0.00136795101973224	0.000287095808711455	0.00103578509762538	0.000914799051599419	0.0205298289934893	0.00575903644077009	0.003706198234667	0.00311057035243955	0.000977805956111369	0.00420908021415588	0.00211218697768839	0.00140135882782514	0.00112307280902051	0.00310242302278356	0.00363739847034592	0.000605291654486747	0.00163241483026642	0.00120492151446227	0.011453490374227	0.0022941567838994	0.00239957146308821	0.00917930292630485	0.00225403146102906	0.0017146841911905
A[Del(T):R6]C	0.00473711777575505	0.000764935674469377	0.00114166060740934	0.000490181872900719	0.0100764423994106	0.00341163416243831	0.00045879931599791	0.000497541884095904	0.00120120725848249	0.00116643823267007	0.00015430365511437	0.000237064791764996	0.000607448340633679	0.00859534792696237	0.00095589038442678	0.00139588393428669	0.000805005498385508	0.000665277383664265	0.00259993064964166	0.000237637725295762	0.000839388852117797	0.00305913637511836	0.0015703262606949	0.00884571621478481	0.000583986665909298	0.00302565611385967	0.000610935610347444	0.00330056399712603	0.00270413539899881	0.000694813530353129	0.0038402759073216	0.00128064690935183	0.00182893090082573
A[Del(T):R6]G	0.00503984950365805	0.000654829726894875	0.00103442401973797	0.00217520817563632	0.0115446804710433	0.00544807961477798	0.00066130028298799	0.000691896168956071	0.00143028931006747	0.00114146859289421	0.000113116369156395	0.0014611458058041	0.000998649033488332	0.00565713148956575	0.00044013775891609	0.00221670801639119	0.00151714728972881	0.000815294704624475	0.00312791274592889	0.000254599680229395	0.0011986701882593	0.00110785552040286	0.00115494084667665	0.002795790033812	0.00120133091763226	0.00149280284213775	0.000740816583379832	0.00602218037326154	0.00396753670712254	0.000817242550926565	0.00344966257115297	0.00162626213741237	0.00226681622787803
A[Del(T):R7]A	0.0164530412569048	0.00150694080729101	0.00133269541417594	0.000237149961498346	0.00649902776799035	0.0047602012739533	0.000384639373496806	0.00098632714656624	0.00181628405336132	0.000553221099039113	0.000896812429841996	0.000995352904984168	0.000312827799972764	0.020054837043737	0.00184773308449201	0.00231760500712179	0.00333038321833036	0.000981423411041374	0.00145831656274406	0.00346606775188616	0.0012335817751632	0.000941257352039992	0.00415723104073778	0.00488457142194063	0.00115229004937253	0.00102948651039995	0.00151795134149437	0.0157647282552508	0.0032406079109172	0.00163038435311109	0.0118928696633458	0.00117039025332416	0.00223715453117618
A[Del(T):R7]C	0.0106284578936717	0.00181014868937526	0.00203472438080897	0.000570329560162761	0.00553177323560188	0.00472138620846104	0.00074079233197044	0.00072852651054586	0.00130660159286902	0.000671150772344538	0.000294671373548672	0.000714747883734069	0.000408348588343931	0.0124286212007732	0.000820568137674366	0.00225907867366185	0.000995070190466632	0.00115566603505828	0.00187241241778473	0.00202585780966298	0.00125057496959378	0.00242182494752438	0.00169792549467032	0.0269971064095594	0.00190155274611028	0.00286349798331823	0.00157995825865408	0.00858793197935186	0.00138022076036073	0.00341180294972791	0.00882994703096632	0.00209575525369984	0.00308787062820627
A[Del(T):R7]G	0.0110271505783075	0.00113634750741771	0.000850506731181047	0.000628383023171443	0.0050873258692666	0.00342979133062976	0.000889641458310747	0.00056068210945945	0.00302290510532513	0.000671067223565896	0.000304211931312948	0.000334996692450388	0.000442489703302177	0.0103023081292791	0.000330959683346611	0.000948579007744554	0.000425402715304538	0.000489723760924019	0.00105224803584738	0.000747850014659383	0.000681929514337548	0.000978735403946233	0.00209037072259122	0.00471834871931313	0.00134144768408865	0.00110614856573698	0.000995222261315874	0.0132266827689464	0.000736987655803807	0.000656173141800051	0.00654902665965138	0.00167208471577855	0.00313746208621739
A[Del(T):R8]A	0.0269030014939556	0.00245979824531061	0.00127862326267583	0.000319004395361151	0.00426820033577476	0.00266812355964672	0.00106270337586908	0.000605355118158994	0.00138016806074032	0.000266208154326689	0.000130051505567239	0.000471297656960544	0.000465910323442531	0.0291122588889471	0.00104681119385341	0.000735819740997156	0.00155932803633923	0.00108040193643151	0.000565626978739341	0.00586744132768164	0.000455033477881279	0.000946186246433078	0.0056687342162207	0.00499993499670847	0.00138205599315131	0.000413923387484123	0.0018886115693628	0.0236650763031463	0.002918083712072	0.00533634101138413	0.017754125516089	0.000700206659828431	0.00249090956997632
A[Del(T):R8]C	0.0177005450209676	0.00148890186285794	0.00130238222858088	0.000791334123734058	0.0014998959136759	0.00304696747685304	0.001950069096426	0.000553415435648221	0.0019294934605959	0.000439011063138992	0.000519611353356818	0.000324981793016499	0.000192312368218569	0.0124552201396587	0.00046389037653152	0.000812257209431533	0.00290553582780244	0.000558173671344115	0.000578066437471447	0.00272835623471968	0.000852037129157787	0.00294595634926527	0.00348928508476796	0.0441539884538498	0.00145519140871278	0.00222041581119598	0.00129360742319313	0.014383415455265	0.00162323511995943	0.00431982207524665	0.0117686142269706	0.00169345812390689	0.00834399575563379
A[Del(T):R8]G	0.0139685724927579	0.00121662146351941	0.000417782739680234	0.000186379561577732	0.00176739984936928	0.00164428177512533	0.000599061501627563	0.000512833935520066	0.00127787355971809	0.000229475304319531	0.000111771900311565	0.000232270326739302	0.000179830903601081	0.00410770515569572	0.000121240278060607	0.000635731313414	0.000565804138138532	0.0011181804870349	0.000279457133944197	0.00165131813865695	0.00056796619593371	0.000890146024378773	0.00172435094057277	0.0036999612604941	0.000991869128384809	0.00112828101746328	0.000829738682278051	0.0163900892357039	0.000634092569720097	0.00147580946313051	0.00804493879530362	0.00183105140031603	0.00259086897020542
A[Del(T):R(9,)]A	0.0892521959901528	0.00439135626139845	0.00320140381149821	0.00165394793434229	0.0032533986706761	0.00445292866499962	0.00138065834076543	0.00100787392772295	0.00179257687706807	0.000510227813152871	0.000854901199121421	0.000283864970066541	0.000363748481192063	0.0142114621235815	0.00227001251764202	0.00175875148809715	0.00827408544567868	0.0026901731367271	0.000292104955221117	0.0199429632625512	0.00128657571368723	0.00497677617995906	0.00790044625731956	0.0077511705312313	0.00670700418268777	0.0034435612742011	0.00053433301562315	0.0601763664537215	0.00151509704017843	0.00528416481804024	0.0472032410065329	0.00340866627987389	0.00179000315925541
A[Del(T):R(9,)]C	0.0767149437669808	0.00666952909558431	0.00377031471573272	0.000334787198159739	0.00306355424681409	0.00580475747721622	0.000793690003713422	0.0012515236191094	0.00148307379651043	0.000387729280609914	0.000648059838378298	0.000257918815727108	0.000344364460071005	0.00336560493247061	0.000765006813264584	0.00135165260760446	0.00545824414386565	0.00175165206499579	0.000318292045775962	0.0151571780658938	0.000898472701809233	0.00716069931215164	0.00738469353226784	0.0456048933863901	0.00854119227975782	0.00967194173428685	0.00220683233140648	0.0442431382839885	0.00340402700571018	0.00178776642231183	0.0458916610645535	0.00269182539639198	0.00662724093989168
A[Del(T):R(9,)]G	0.0463930462986604	0.00351825951749914	0.00193727759952459	0.00105272980167378	0.000876295587677399	0.00119369560677245	0.00169383690258543	0.000500695691722023	0.00200096426647442	0.000190403088510389	0.000468676668273824	0.000314073897527728	0.000124297204811969	0.00129765186550997	0.000141099571789723	0.000731447654966193	0.00512311042845738	0.00119429354185501	0.000436919071933893	0.00512243211817808	0.000999295865732637	0.000979304418275544	0.00297244699083708	0.0043925686456631	0.00360495099826009	0.000665421469191791	0.000616612047369712	0.0389922363804441	0.00201360856921724	0.000601289787498	0.0215308025416115	0.00214371203434609	0.00160633876152736
C[Del(T):R1]A	0.000258978474625658	0.000327368219766665	0.00409613816736475	0.00516549054121034	0.000354852775610055	0.00552811397485109	0.00157600131865772	0.00142404533760068	0.0034424741001282	0.00709296741214568	0.0044796409151241	0.00287338622076808	0.00785384462985936	2.11570909681421e-05	0.00919323425944975	0.0100740032062744	0.00346340265146134	0.00213159376950298	0.00751363069639972	0.000672013869243568	9.64665351651849e-05	0.00213433430233142	0.00191090115920256	0.000286079716260863	0.00276281303147682	0.00293246366817567	0.000435936191900123	4.72728930978234e-05	0.00152869038228974	0.0025739299652926	0.000560005369341051	0.00101760647833336	7.93566859405577e-05
C[Del(T):R1]C	0.000389452542696764	0.000339035673704856	0.00290066356011975	0.00512796761096353	0.000504364239386146	0.00781016852288018	0.0036121779807924	0.00131909300674697	0.00170233243250429	0.00815248152021475	0.000806733017238366	0.00329897890263461	0.0021905813332364	0.000404247926827591	0.00205943257081032	0.003328238801001	0.00781375950412025	0.00263113311685702	0.00673611189798999	0.00136615102661311	0.000965695952003255	0.000632467116412004	0.0020081988836187	0.000556319197135828	0.000967476460303382	0.00120253849568518	0.000322509800527291	0.000186424832867254	0.00220543166245175	0.0047538679929106	0.000510461646446561	0.00244912265768946	0.000163216980280873
C[Del(T):R1]G	0.000128196047387426	0.000440590763785597	0.00442703709960144	0.00510166246750347	0.000245535421735491	0.00634652513661146	0.00179842822202722	0.000750899119433112	0.00306145655406718	0.0107498894417897	0.00196972442318667	0.00325355003781505	0.00412494517715715	0.000100241890139923	0.00249802260816002	0.00992765912162298	0.00523727275559603	0.00161347505342226	0.0090282975131447	0.000833714156233031	0.00021760892192598	0.00111811315709611	0.000549878783214657	0.000257802900718547	0.00210983269940966	0.00188888581876773	0.000590548025012112	5.92102127700341e-05	0.00170998477535005	0.00575610432123433	0.000197190478844052	0.00428315566413205	5.00573485352376e-05
C[Del(T):R2]A	0.000179064908042312	0.000154707107010377	0.00277040254781298	0.00197986996488861	0.000898095066628197	0.00373683096096189	0.00160137844081956	0.000583143199889261	0.00650179133257776	0.00601794527735602	0.000267368313930579	0.00104520569278826	0.00795109968137914	0.000180623578301338	0.0223515974956445	0.00689297940011005	0.00216223840157767	0.00153115635421548	0.00538322248678657	0.000346937358349374	8.16399437460852e-05	0.00158683486617463	0.00139669388574637	0.000119592242256999	0.00163622525218223	0.00075622657487261	9.24553288462753e-05	6.94335641002438e-05	0.00321748961895257	0.00148533786955714	0.000433464386036588	0.00158009432044206	6.49658453068492e-05
C[Del(T):R2]C	0.000145900116810359	0.000224388047267938	0.00263968639030232	0.00301622633029283	0.00134142559452374	0.00379724824538665	0.00263596587060213	0.000548817446522879	0.000607174402781083	0.00700349353724274	0.000998992062049099	0.00111045496429722	0.00486426484010103	0.00064910565390961	0.00256466444931706	0.00486413275055998	0.00186351675729854	0.00175568272869246	0.00767086923537229	0.000248526711022701	0.000169123859939351	0.000934775202315544	0.000708745878091854	0.000314444788928633	0.00223329729088597	0.00101926490302168	0.000353786627356412	8.10015756766643e-05	0.00136596537016545	0.00191796352790068	0.000159220879558721	0.00150734313095384	6.1342252341527e-05
C[Del(T):R2]G	0.000104295438089568	0.000127207662562024	0.00213361706892213	0.00219151645809373	0.000171492051663063	0.0034696430820593	0.00123629453476551	0.000517244791268044	0.00118295753529542	0.00571310210767829	0.000778628447347394	0.00153521213031471	0.00897864252929491	0.000117279451376288	0.000808733602728092	0.00590920159279536	0.00368396712071361	0.00132762098508519	0.00546677586725673	0.000832332889544624	0.000432606208870555	0.000513758424305204	0.000810102633422695	0.00015116526957172	0.00111357693669506	0.001044103581322	0.000183765572770044	8.39902761047263e-05	0.00226731180191368	0.000704168571792295	0.00015761726879052	0.000419967069258819	4.07913036667707e-05
C[Del(T):R3]A	0.000329023160938178	0.000189188584140842	0.00224483665995487	0.00213776173029942	0.00144872056527769	0.00798959376861869	0.00123077719381583	0.0017158828906876	0.00235220594838812	0.00426753999510649	0.000565866252652999	0.00103483154206793	0.00380552751105281	0.000607656064633082	0.00603180095774306	0.00325628642260373	0.0016125003837007	0.00145788692699871	0.0076358600317087	0.000758504185049293	0.00065964278173838	0.00106446433310148	0.0018166588103546	0.000267676186970464	0.00354350617613093	0.000752417173134672	0.00024061917038928	0.000101166380441481	0.00432903631736309	0.00286621666628037	0.0006324727551448	0.00117760887868322	5.24385667695922e-05
C[Del(T):R3]C	0.000216220569604424	0.000357987890517874	0.00297767193980132	0.00368717603860346	0.00107276256163884	0.00606851822681019	0.00128744571009276	0.000713370741037821	0.000678208612411113	0.00517029484887021	0.000245779246903016	0.0012090920239363	0.0022123878701576	0.000456988079072695	0.000967708209828477	0.00270669143870349	0.00089689259978607	0.00177896516447249	0.00884417805782372	0.00116985461330136	0.000140243627364707	0.000999389086223656	0.00123638614576116	0.000409789345283624	0.00192483810843856	0.00235645971715382	0.000222736075606383	0.00015052619206877	0.00101325391432993	0.00178210538868257	0.000376634554114021	0.00157284430975536	0.000160991058887889
C[Del(T):R3]G	0.00022538188809821	0.00022725781333941	0.00154823917859091	0.00185424066758749	0.000858154509237313	0.00951972291204611	0.00145766295545881	0.00151486401331729	0.00168596007318576	0.00435691429817734	0.000528324545678122	0.00127003130644014	0.0048254189034602	0.000115346832489775	0.00112798407271275	0.00418824604806481	0.00257910539208294	0.00214852405960634	0.00791230557505673	0.000373204446540573	9.10324605850409e-05	0.000580171623795192	0.000375379534267717	0.000213198516967171	0.00276104560114006	0.00173013201783372	0.000184890537789405	6.11951527326149e-05	0.00150208032059187	0.00264270252224453	0.000410422823942142	0.000597325555798059	3.73230075428194e-05
C[Del(T):R4]A	0.000726799783070759	0.00034893103075955	0.00145851634660824	0.00151530203848432	0.000302168186077068	0.0112769924257616	0.000998784253260186	0.00144100633398275	0.00270715869841402	0.00287724139384318	0.000139824759862351	0.0011658730677445	0.00462042143241035	0.00125597341347056	0.0112373504439627	0.00449554875271439	0.0015087503961237	0.000829993667387829	0.00575830514039527	0.000622790128691052	0.000289165378142962	0.000463108459613697	0.00193349672735792	0.000911891806526198	0.000929700298647815	0.00096631249515314	0.000500367994778091	0.00104080855041217	0.00275897860801977	0.00218872629890583	0.000969348612569466	0.00234495475522552	0.000396524601633837
C[Del(T):R4]C	0.000912978680414026	0.000256682171710989	0.00193775913928769	0.00232216259893004	0.000622398970055213	0.00743793209995232	0.0010596073140412	0.00106288605552186	0.00196573094922093	0.00272555343595102	0.000392559047520355	0.0011978187185676	0.00345342646802339	0.00132552226418915	0.00108003185716447	0.00345901755797797	0.00171443599118857	0.00092178611668129	0.00669068027095079	0.000521773491545584	0.000568458073374154	0.0020896128518007	0.00105009172601614	0.00166831676793136	0.00177465976566748	0.00113962303711741	0.000357144901624941	0.00118138964695466	0.0023510288499519	0.00159581804176352	0.000462964944366364	0.000757108258854382	0.000176210149342243
C[Del(T):R4]G	0.000681905092336695	0.000188857541052405	0.00107974283412728	0.00171880147239684	0.000864445026287087	0.0123510059496467	0.00130809935331207	0.00194049786310261	0.00108131792864594	0.00205803417421787	0.000125242443929961	0.000968663613697913	0.00652602165682723	0.000294622663409729	0.000901845451187311	0.00556403864939638	0.00317055021559718	0.00142184385321532	0.00511537350946269	0.000560260185706886	0.000871876185922365	0.000625692770140072	0.000889855041276694	0.000435092279424761	0.000536723875157026	0.000783323314836591	0.000388168042718746	0.000932373283406802	0.000705497659035349	0.00283403745745256	0.000695602464865104	0.00234906623314741	0.000169480619549501
C[Del(T):R5]A	0.00152484602105216	0.000348804711686331	0.0011839633605819	0.00154610421136962	0.000671491565687417	0.0058361241196777	0.00208314683089096	0.000924911802767962	0.0023150952672661	0.00172492290476364	0.000321457329764906	0.00111711856244469	0.00276250871527739	0.00236468635362801	0.00364116223780362	0.00478489940714591	0.000484745869882081	0.000640635115397564	0.00327114373691458	0.00016685241173722	0.000398116231201323	0.000514704218393113	0.00146342186705044	0.00162804082059357	0.00198643199095757	0.000738954988712363	0.000443940414238503	0.00250532566311935	0.00280006830200588	0.00218860627699143	0.00112681100608073	0.00140857350484536	0.000358373344270372
C[Del(T):R5]C	0.00165623245316572	0.000242601950877139	0.00105588408391303	0.000922903749038167	0.000461079203640584	0.00345453393595207	0.000254168152621982	0.000522441810606796	0.00115999257262462	0.00144586998409857	0.00014106580802681	0.000317560687870755	0.00180225327452877	0.00146845977420349	0.000910079079277359	0.00479550814530928	0.000660276372119916	0.000286729319633735	0.00386180644204361	0.00033133825321497	0.000639522652150692	0.000319663022947525	0.000305171622301983	0.00473504850235563	0.000739882539348083	0.000781177294400512	0.000526649836956703	0.00289068591375562	0.000827357219266492	0.00128668159757063	0.000737352718227649	0.00334250600919176	0.000374058325248839
C[Del(T):R5]G	0.00144929894972144	6.79788996416822e-05	0.000929188912178203	0.000686381247078524	0.000294362390927973	0.0048300190389716	0.000374795484608167	0.000900722779685208	0.00127796087896779	0.00110922448685739	0.000127414278217764	0.00045208489816137	0.00258905291182285	0.000149371096570753	0.00027983683171495	0.00422349355625828	0.00090832941781493	0.00049547487566736	0.00285584496408941	0.000388693050339905	0.000525008899468262	0.000202215389624603	0.000558694962833763	0.000704387792783996	0.00159991840008373	0.000885780708186399	0.000226873777427207	0.00204524935861819	0.000777618187409091	0.00147365573655542	0.000667928586198897	0.00134837644641636	0.000305675949431828
C[Del(T):R6]A	0.00337463002196256	0.000545347751983776	0.0010116313522078	0.000434847873355493	0.000422074375753266	0.00446815223256003	0.000804049902906707	0.000289737387737695	0.0021802306861062	0.000467912073526304	0.000125164878419682	0.000550922112088608	0.0012769234345782	0.00902512676644863	0.00197417629699511	0.00396734854452983	0.00115872344468036	0.000604306551920846	0.00146278239501898	0.000923648430315183	0.000146509209046554	0.000663932070946337	0.00165052098745383	0.00256056177087815	0.00226247053861322	0.000685649220049126	0.000562305804444395	0.00480461601495947	0.00192753164010549	0.00123031797299096	0.00261282567183194	0.00178039548149204	0.0005159478726481
C[Del(T):R6]C	0.00236594812130098	0.000373404988209962	0.00077435778409806	0.000133939241124089	0.00081668659981803	0.00397786595566738	0.000592168133198825	0.000302380078031242	0.00265620791621473	0.000849374051234233	0.000119916278890826	0.000588864180098623	0.0011713258929557	0.00379009449921484	0.000524134550808853	0.00348841613468082	0.000655407705759367	0.000720204098084342	0.00159817938393317	0.000409223277551922	0.000613699086527379	0.000454957713815458	0.000512450432504488	0.00920609308161296	0.000959139725642641	0.000410165697081993	0.000233743412183852	0.00223361105583792	0.00126051819549996	0.000986373431970365	0.00143798211338975	0.000922603091542652	0.000572320626065757
C[Del(T):R6]G	0.00169807059722295	0.000250504878641887	0.000416331038923829	0.000779908128025881	0.000211414498160329	0.00388716558615708	0.000162199239093851	0.000388611951943978	0.00092235323456915	0.000611281777676382	0.000530961773027597	0.000505311568761325	0.00104575567111324	0.00133897430880712	0.000367942082880448	0.00309312422448565	0.000568087671918258	0.00050207870304737	0.0014560718322355	0.000812930696794807	8.31507101703062e-05	0.000458802405229721	0.000653276600480286	0.000808247243112172	0.00044073963126612	0.00061141759749513	0.000221304063369451	0.00229493441019747	0.00102321667017428	0.000920614758646732	0.00104684565641485	0.00100489542063589	0.000439075936169478
C[Del(T):R7]A	0.00971686682950969	0.00140691933239519	0.000493960656401375	8.53500775231217e-05	0.00036640148877341	0.0016008677943581	0.000575960117219547	0.000217093024268349	0.0079957363756757	0.000290116839064173	0.0003054788346475	0.000154117775453422	0.000534681062516698	0.0239356629138344	0.000399184753852273	0.00219293041482173	0.00149511621540114	0.000334500009503802	0.000619485474472393	0.00181070250183218	0.000708045864151602	0.000583670292982172	0.0027521100028429	0.00305300199551663	0.00212019239650404	0.000955927135211474	0.00114526075296502	0.0115460650604085	0.000742369466034835	0.00181933218579936	0.00777877729312454	0.00161722316304973	0.00116146507661337
C[Del(T):R7]C	0.00834139794070411	0.000573254829533351	0.000677037181682083	0.0011433389249468	0.000601028115586693	0.00337576096900744	0.000600027367069593	0.000306484807982553	0.000962170812431834	0.00039337855145071	0.000128577760871944	0.000149274041679872	0.000544812898235705	0.00916564850285482	0.000545111295331519	0.00220868668029963	0.0019356850418465	0.000667396017704268	0.000906602617022823	0.0039104718919918	0.000518122615302045	0.00138366599307929	0.00118155281259924	0.0464373652918064	0.00197062094246306	0.000962546186195042	0.00045183878839077	0.0106935205991592	0.000460358338650985	0.00676002762424382	0.00487344040893082	0.00134869029969284	0.0034710397014822
C[Del(T):R7]G	0.00911981575389052	0.000445437713741627	0.000527780455752588	0.00030622999901901	0.000189868571720174	0.00315043893482478	0.00105213178014055	0.000255256028899919	0.00155257991927073	0.000294558658378016	0.000197171527128382	0.000465844222432282	0.000456557431710708	0.0044881004967924	0.000193118472749297	0.00160961542515595	0.00053329848957597	0.000828983184131161	0.000787745747645356	0.0010809701019024	0.000155304446136399	0.00034584537147866	0.000757013706544475	0.00394376965092864	0.00159576600350941	0.000354300217296204	0.000284911824996844	0.01318630799748	0.000692470261253891	0.000625387520756123	0.00480686282997993	0.00108668558448676	0.00108578374925192
C[Del(T):R8]A	0.01763336872214	0.0016647754003211	0.000379240889309849	0.000159966772688916	0.00060930479396984	0.000381967760735422	0.00107737659196787	9.59678946817908e-05	0.0017907431728244	0.000124858499413646	0.000321871012486392	0.000131870882932143	0.000249163595123145	0.012723650731317	0.000542512961149881	0.000244772522351121	0.00341526173806736	0.000331862986283798	0.000387429745439505	0.0039258085564554	0.000936136460106093	0.000726969631374601	0.00383227408525071	0.00436876224538836	0.000483338961250314	0.000596076567871757	0.00102528489572907	0.0211427508129272	0.00119147298725823	0.00555521430806313	0.0123278506754047	0.00108084791354422	0.00155809320947478
C[Del(T):R8]C	0.014393811110761	0.00109726300681743	0.000190786311648206	0.000194012472309276	0.000774675363590225	0.0012783054464012	0.00042925441829854	0.000126032295596241	0.00250536391235994	0.000138760787278951	0.000190785300115438	0.000192055737734449	0.000411707506094378	0.00573156274589238	0.000240224767603393	0.000950311086390511	0.000625884534229865	0.000522021660704064	0.000460558554466587	0.00371560739181369	7.34185636700915e-05	0.00068385526185505	0.0015795634426452	0.0583085664652977	0.000835568662459295	0.000675263860107461	0.0005456806409973	0.0188719918788465	0.000736742057321041	0.00690384054923308	0.00736850207047593	0.000672775883464019	0.00315413061385787
C[Del(T):R8]G	0.0154290091259499	0.000660253098368929	0.000267453493369288	0.00010929693626096	0.000280157413367401	0.00050540093728678	0.000935010672019272	0.000170680895594389	0.00156366946398249	0.000138719585141538	0.000269385017197825	0.000255093047751142	0.000223419496346736	0.000628406288467221	5.54276480531704e-05	0.0001884400252864	0.000604652936089223	0.000777835451704422	0.000313306381172747	0.00103728524077039	0.000273144227225641	0.000498564203836035	0.000685263895745498	0.0020357618793285	0.00047145671874535	0.000328134281376788	0.000304096590035426	0.0225432785601692	0.00123180452940624	0.000765779821184951	0.00678800073095919	0.000545445609195801	0.00148779550594753
C[Del(T):R(9,)]A	0.0475752916469613	0.004090069663379	0.00136382618733668	0.00198937109036406	0.00196418074548676	0.000899300236303047	0.00228485393587389	0.000639323894267469	0.00171132631522328	0.00055594616262743	0.000879954858941431	0.00100173115496697	0.000480156652579552	0.0113382681400377	0.000570167257423912	0.000260094306908827	0.00569240449558003	0.00130865470269517	0.000292654860494027	0.008769187969797	0.00218675827517039	0.00213202748748286	0.0075422514342417	0.00521431539170346	0.000741362496075852	0.000599704979934364	0.00265068964169721	0.0378460548337064	0.00133815935063847	0.00670668455117658	0.0274211685821176	0.00171577309186467	0.000884208449152424
C[Del(T):R(9,)]C	0.0687548423383491	0.00412374894179736	0.000236210060504609	0.000184434861923917	0.000825838638059351	0.00148318188332873	0.000633806195473753	0.000393931014789706	0.00755062650033572	0.000374454180836334	0.00032533560527884	0.000217667275161363	0.000617801062611908	0.00081060647691282	0.000467311655783549	0.000381598942001941	0.00285457041769979	0.00182113875377588	0.000204594834466967	0.0151666535553763	0.000962006871199925	0.00302283479878488	0.00527119432717798	0.117042739487667	0.00575413564058942	0.00558522933951576	0.0019810957658962	0.0525613449665316	0.00265702320308751	0.00358974877359608	0.032955529698173	0.00159933352629033	0.00268446119993832
C[Del(T):R(9,)]G	0.0416922018704188	0.00186357113075762	0.0014576910338057	0.00207424384539386	0.000471710298193992	0.000416538203886057	0.00244607407849226	0.000244840632608694	0.00950762552458677	0.000329019668308396	0.000496522686463867	0.00122402456026552	0.000175335284017908	0.000436593863980808	0.000106966149606171	0.000376527400139821	0.00103896478423248	0.00128356166122846	0.00021455971947098	0.00721192488417595	0.00186084262540568	0.000824555588851438	0.00195455217306118	0.00517839857890986	0.00092485583597778	0.000957254392830575	0.0011207958255183	0.044331380337914	0.000625432553653898	0.000782682907463131	0.0153341747279909	0.000735860392036638	0.000858273876643474
G[Del(T):R1]A	0.000113339792761341	0.000236586912479673	0.00173367511995687	0.00226757220267561	0.000736111234114264	0.00430333019710563	0.00116808855731801	0.000835104054100813	0.089755194807718	0.00485486158537362	0.00213103482939621	0.000919347649958993	0.00330124306847026	0.000159542774920822	0.00223978912888935	0.00290319371532506	0.00131084892249663	0.00140382795098863	0.00466973543165872	0.000336122040179151	7.29501089649067e-05	0.000381877819413137	0.000812962607065001	1.57097683308783e-05	0.000788550756633201	0.00047654581514897	0.000256204222321585	6.2840649751136e-06	0.000723138037014831	0.00219827470898486	0.000412487120472517	0.00088622749679854	2.30356981366916e-05
G[Del(T):R1]C	0.000143297093886065	0.00015983391905104	0.00112411852585223	0.00120346597884637	0.00070116928336178	0.00551277874298094	0.000501535554049393	0.00144886898691972	0.00113549952308409	0.00469254004251756	0.000530030986904253	0.000557044780441908	0.00109820809004448	0.000205544190259006	0.000987933024845203	0.00206606393447139	0.00159406934585595	0.00199556919995946	0.00526179223257728	0.000215178328942271	8.38416808604539e-05	0.000380116950745405	0.000936676895477863	0.000177412171228585	0.00233693685051261	0.000957831836080444	5.79094551451848e-05	5.20017849279425e-06	0.000796678765310649	0.00134714597089234	0.000358459288465282	0.00259054494407166	6.4448189168946e-05
G[Del(T):R1]G	0.00023698858262575	0.000579209249295106	0.00241637361270406	0.00458671364766422	0.00026427415966495	0.00578520381586723	0.00103969460869523	0.00123275434476563	0.271722791769305	0.00602690445323562	0.00125544949420048	0.00120604557302723	0.00228430609932855	0.000215080138712195	0.00130733388073105	0.00243582862934674	0.00320053296625217	0.00190349126097266	0.0054809402241691	0.000396225558014016	0.000160551138834469	0.000547460989242638	0.000749609749935078	0.00037504289871887	0.00111436482732711	0.00123745226591231	0.000218815318828173	0.000217091973184544	0.000890059579735934	0.00344442890679266	0.000590381836784436	0.00192956994380332	4.3120756287335e-05
G[Del(T):R2]A	0.000405203593676632	2.932490025071e-05	0.00177234186165618	0.000784912224076084	0.00185600437791009	0.00306262943022204	0.000502514650524876	0.000412773515237662	0.00247943009519938	0.00409608073377537	0.00188375598262781	0.00132763878987025	0.00111007752724347	8.77815841610897e-05	0.0825284678161169	0.00273709536139207	0.00299928996940026	0.000505617272667375	0.00387287328566091	0.000346306579895002	0.00054943881234365	0.000639210705152622	0.00192571973070822	0.000417206781088116	0.00156748711812126	0.000449156044282072	0.000275578814272453	1.59851403592057e-05	0.0011035700868181	0.000808480951175272	0.000484864187620261	0.00186253088394704	3.39582426464487e-05
G[Del(T):R2]C	0.00015096284730391	5.43204683569157e-05	0.000773735258762608	0.000840098919350373	0.000567227151132105	0.00272669080081638	0.000910123098095173	0.000334128679341968	0.00277264813568818	0.00450535758774826	0.000138170028976406	0.000586090760167254	0.000546353538164641	0.000204501593228124	0.00116392421440363	0.000542181531427953	0.000904446931661139	0.00139939534785529	0.00461895941274843	0.000334188266815382	0.00017966409080601	0.00159659269298404	0.00034257865643842	0.000439501298431155	0.000603832992100385	0.000992642183635951	0.000207884087971299	7.1902173837193e-06	0.000970605203888012	0.0010800972113495	0.000228279493805116	0.00221388962696718	4.84526145077377e-05
G[Del(T):R2]G	0.00020519730726416	6.4439061704799e-05	0.00137243596379618	0.0013437350544591	0.000726095909943847	0.00347826466962815	0.000325695119466044	0.000541493819075061	0.00212709692266444	0.00431910790358982	0.000964708106505926	0.00112811370467445	0.00343893477153041	0.000273897868771465	0.00143102628445825	0.00224787179360387	0.00122584114613059	0.000363834075493843	0.00383049835863479	9.27981003494485e-05	0.000336900912601296	0.000667000134694919	0.000582448731495196	0.000463077462726445	0.000994605451255576	0.00063499796662409	0.000216066765102797	4.61955623805181e-05	0.000539708004973946	0.000895870240627669	0.00025491501101	0.00168294403914478	4.19301471701577e-05
G[Del(T):R3]A	0.000175676655664699	0.000263739342462515	0.0014210907929614	0.00119703558086507	0.00120870896609551	0.0046206153724988	0.000899591195467006	0.0014396018166233	0.000797835984498563	0.00368890061079525	0.000108876121261161	0.000768338937781706	0.00141111990469015	0.00243082769209933	0.00348987193251533	0.00291522669363488	0.000777402027161394	0.000512010739220717	0.00519304762926117	0.000256740643596425	6.75043230171331e-05	0.000714274460324703	0.000864740564658736	0.00123883073460611	0.000932798625322496	0.00266509882493057	0.000386324884634925	0.00010940333497244	0.00206271758757537	0.00152653205773331	0.00033831913742432	0.00130644564867854	5.85986748106401e-05
G[Del(T):R3]C	0.000139751425771712	9.35585119686062e-05	0.00111318989080091	0.000614137000507152	0.000679967463900356	0.00332383155069419	0.000932443851529493	0.000452878028659383	0.00341448828059971	0.00326620559407165	0.000441425318995918	0.000881880820079334	0.000755923966807819	0.00236722927321553	0.00128642188569362	0.00172390533896	0.000636474003246122	0.000539530443080755	0.0066445333374433	0.000489309120145735	0.000283930396812522	0.000756865951811914	0.000538730215153099	0.00371282761447882	0.00245095740157503	0.00109995182399585	0.000213857949648763	0.00013034754735559	0.00286217268356076	0.00128828188976265	0.000197356568184626	0.00161954567729568	4.92808643283828e-05
G[Del(T):R3]G	0.000265801441294371	0.000197006573218425	0.00104724147519696	0.00179388132618375	0.00111995955040576	0.00514338493495027	0.000572916979525479	0.000956687863867758	0.00144923758725212	0.00335584427752423	0.000157225289334866	0.000842606443012725	0.00182548194061514	0.000937498164329923	0.00106512903209535	0.0024181142772106	0.000540675691996428	0.000931793281721304	0.00490463735009241	0.000219764134347781	6.80781800309845e-05	0.000285768223439378	0.000450293079884672	0.00138838435232171	0.000717076299701459	0.00105712621938993	0.000237952845833282	0.000144930482420129	0.00119056534069149	0.000954694314452562	0.00032761031503293	0.00116467812369221	5.38362383419308e-05
G[Del(T):R4]A	0.00052067901638181	0.000279560080411557	0.00140245044023337	0.00154992704047788	0.000375034348064366	0.00837278570104601	0.000599908287768521	0.00169094533409539	0.00222471984382778	0.0020400986549014	0.000142720538912755	0.000798505781520766	0.0013442041650826	0.00332786800579186	0.00616863750697271	0.00190927282428614	0.000507662591482815	0.000334567625483802	0.00466149114870002	0.00125523070731177	0.000197277987720959	0.00140118240716268	0.000957913532057838	0.00734174572624847	0.000662978025357621	0.000589940156022408	0.00054556604502721	0.000857310502414513	0.00490500747222706	0.00205004764469929	0.000889002590984317	0.00129856793143888	0.000225180419987884
G[Del(T):R4]C	0.000567639066304983	0.000167846105554406	0.000999595433209246	0.000995184821677274	0.000462974810505871	0.00545271850863299	0.000232151712957069	0.00129133319405593	0.00418839879068078	0.00214511260263179	9.33113088652414e-05	0.00052818047922428	0.000649600338111543	0.00240928916319306	0.00115164269913994	0.00214262609698152	0.00082627060750405	0.000339950608780476	0.00427120662158983	0.00050985776424693	0.000118284813059168	0.000789169049074556	0.000569315945695467	0.00585772134806481	0.00126904692330571	0.000742945380125634	0.000495078209807579	0.000789944189548693	0.00106039814482594	0.00139827530642728	0.000424094886265625	0.00549980789040947	0.000127239878696602
G[Del(T):R4]G	0.00063549102768545	0.000158141679052911	0.00114576914586937	0.00135556613691235	0.00046887896182514	0.010273643109934	0.000702409103924819	0.00194901955097724	0.00404327419768126	0.00180675836119181	0.000134369318972751	0.0011095763382938	0.00202258982185194	0.00128275035672712	0.00131903473932071	0.00326128587570331	0.000566196695308212	0.000600110604717507	0.00430919519483751	0.000406944187516051	0.000305455890515764	0.000333096374748962	0.00126098369546613	0.0069344813022061	0.00148737780574908	0.000483225196024315	0.000367564387119197	0.000755503842256662	0.00159258870058829	0.00179894846400355	0.000678420098266946	0.00247558048889678	0.000129983456227489
G[Del(T):R5]A	0.0014832813319385	0.000434316190510683	0.00135109950341057	0.00118216918059818	0.00133139215945971	0.00802119338970171	0.000696508063005017	0.00107957245401323	0.00204401265657597	0.00160477060504557	0.000205057354006714	0.0011141634640056	0.000525265855265901	0.00407281629895498	0.00286075549051876	0.00266071439496077	0.000938695151074478	0.000308576794060432	0.00298170453342659	0.000724267188065988	0.000382516689518668	0.000656804013064292	0.00193041825883487	0.0169160014880612	0.00139637643774735	0.00219633556582087	0.000481756209589962	0.00250451930402262	0.00300786597481503	0.00112311839977822	0.00154170369424692	0.00087304565918635	0.000165649964129018
G[Del(T):R5]C	0.00118523809652936	0.000134401315990362	0.00087610365968456	0.000766883031145703	0.000485100285541782	0.00383760731121103	0.00043540684885394	0.000654018949536672	0.000686329302633108	0.00117138935618249	0.000166119467846821	0.000194464774218136	0.000404187914675248	0.00207232688865117	0.000825401373443105	0.0020780384624332	0.00122536241787489	0.000342080512150479	0.00293246008662404	0.000732098970189254	0.000224424937886419	0.000721087253510778	0.000227049932338442	0.0117787192178141	0.000882458802236949	0.00156449199068113	0.000403835323820428	0.00164473363610614	0.00241657161026549	0.00183706875759422	0.000659717468653612	0.00108420614360256	0.000213895516181594
G[Del(T):R5]G	0.00162822886394546	0.000381498483542067	0.00112120804287231	0.00144331274161264	0.000361734915184663	0.00677442552865589	0.000279320347215131	0.00176526779578567	0.00105267721474471	0.00082007818703005	0.000285570353675974	0.000682275673168268	0.00106850194831612	0.00171041857295574	0.000624049272603761	0.00278378160269062	0.000447160914526459	0.000398753972720558	0.00207443386741988	0.000311774912684838	0.000568832837138302	0.000798688505016273	0.00079104028736333	0.00612555486295457	0.000864188257309961	0.00261649878782596	0.000218373555737366	0.00206536972986457	0.0029331720014697	0.0011460092460082	0.00114214850805102	0.0011137397369194	0.000276738971323041
G[Del(T):R6]A	0.00231000058054045	0.000351413490936985	0.000498299020657434	0.000716660773079442	0.00027301568431761	0.00283843231056706	0.000154445853490703	0.000222862631060666	0.00164553126057518	0.000542643594762242	0.000181787700923112	0.000493764205982678	0.000457635156355832	0.00348756335588793	0.00152649417870275	0.001193283338023	0.00034057206839311	0.000975510769234699	0.000903868127130581	0.000522864692229426	0.00155183819049814	0.000541701641504071	0.000604196965844726	0.0167812443692913	0.000584007960250705	0.000500272699729389	0.000235597942386843	0.00402347403256962	0.0009377804327567	0.00117996877989963	0.00148145387670568	0.000851075929832702	0.000533962306247131
G[Del(T):R6]C	0.00174923279204806	0.000510734873978296	0.000535222433909591	0.000975351151427912	0.000154817955605986	0.0023628085225427	0.000353228900080638	0.000322809144069893	0.000598005881562702	0.000276224851733222	0.00026871278277541	0.00038686334032308	0.000215801980540645	0.00160094588471313	0.000458585096128496	0.00162410331808208	0.000122176238139196	0.000395553483000554	0.00110774765512927	0.000858024449948987	0.000132326742847083	0.000683278558142911	0.000390905105468802	0.00942835905890399	0.000471158597965656	0.000793949994345365	0.000269262914241513	0.00177994920319382	0.000411633735309353	0.000959301822388744	0.00111146713937293	0.00124172910306822	0.000767735818124208
G[Del(T):R6]G	0.001594158643285	0.000294484243329415	0.000725749306353881	0.000986965526636422	0.000599114397827789	0.00509358403138059	0.000874584542241834	0.000162762306050061	0.000590933022337094	0.000831686889246053	0.000375598055939419	0.000758787985723457	0.0004994405237594	0.00231255650208391	0.000498934468894488	0.00211366979457859	0.000433306518806275	0.000508137846144045	0.00121980374288943	0.000463824749744634	0.000654267263996384	0.00119907466889767	0.00063236681803086	0.0122211138150536	0.000859929389028612	0.000647270790322789	0.000274050576411781	0.00198449708423319	0.00034482026980232	0.000747203095989286	0.00115906567725319	0.000698731549428972	0.000454916213989315
G[Del(T):R7]A	0.00462681696198187	0.0003664719586166	0.000434782123349251	0.000371582105375187	0.000395324585880381	0.00110555524495569	0.000418881288071803	0.000147891304724967	0.00118548979353669	0.000246914108979418	0.000120200685761847	0.000187203792502923	0.000241920528819464	0.00468977944927838	0.000539400808472516	0.000996445946072852	0.00108951370075267	0.000393419823187217	0.000786141141243545	0.00122243022768441	0.000736434219285802	0.000623347508377371	0.000671326409287407	0.0199868774701155	0.000768576664393673	0.000523206677160735	0.000111428397512629	0.00679459007665271	0.00208359345861041	0.000443154247390183	0.00257681398703585	0.00167632173501104	0.00168828372815743
G[Del(T):R7]C	0.0046557028652508	0.000545425793939931	0.000613050332466061	0.000712461184970511	0.000392034440206556	0.00212272749947099	0.00124248665842126	0.00048886662480832	0.00199782077348527	0.000323986140521155	0.000166300454037471	0.000396588785863318	0.000286046592916276	0.00303670371302115	0.000504569762802897	0.00119556290159529	0.000261634566309445	0.000159663867440224	0.000583260464619476	0.00071581383593294	0.000165950079311724	0.00101501391213122	0.000592069611772665	0.0228094285992718	0.0013498270074322	0.000929700869400281	0.000161472720084657	0.00552530728815498	0.00141786139739322	0.00232097044492364	0.00277259664656062	0.00138261783888041	0.00337082147318414
G[Del(T):R7]G	0.00415175383618527	0.000570080155354107	0.000431974643527218	0.000410621986335206	0.00023006871858624	0.00221212925441623	0.00017766631719979	0.000168350881640362	0.00187195007504435	0.000203592350497692	0.000286165022588111	0.000262829267596712	0.000250459980473243	0.00200463436923147	0.000193346140294151	0.000421263348159849	0.000591396950688673	0.00051932829083406	0.000506989032880415	0.00072121458868461	0.000616884578522635	0.000649322243572135	0.000634679666280725	0.0179766602727065	0.000342902779672826	0.000641504976380072	0.000335518630078554	0.00636213685224733	0.000433705564173511	0.00166118330992328	0.00234456501860757	0.00199011224083644	0.0032304331285848
G[Del(T):R8]A	0.00839781403021409	0.000709703748661732	0.000156601494856247	0.000105077518730942	0.00036251972057475	0.000826632963528941	0.000457423288518853	8.23824182968504e-05	0.00139173786132542	9.65034173470514e-05	0.000146185131705202	0.000154644335196128	7.25352640865122e-05	0.00821800408937071	0.000430932888547536	0.000334057377277552	0.0010046543301459	0.000113395754903492	0.000111325744819573	0.00217281077264255	0.000281787216536301	0.000288451818046534	0.00120742580396581	0.0257091433169395	0.000225922315154869	0.000474261897817401	0.000292871433636945	0.0113388941449452	0.00191186672818304	0.002323537580315	0.00485061827873888	0.00133714049911835	0.00204846886891047
G[Del(T):R8]C	0.00663786818422328	0.000449538001819461	0.000307123872088222	0.000455224019910325	0.00031873965373698	0.00029231510573621	0.000421130563758723	0.0001242921585926	0.00120727594633656	0.000142661256287345	0.000103239694180911	0.000177330540719119	9.70987063337764e-05	0.00270551386594292	0.000170794521195154	0.000551149763157242	0.00027276978553721	0.000500651254580701	0.000169147425039024	0.00174118334940468	0.000601847182486202	0.00019680206411332	0.000653500424504467	0.0266959347248458	0.000518559801937072	0.000524042677089649	0.000297910157207336	0.00693760554727041	0.000848158342937213	0.00251435908844476	0.00354730825235598	0.00106741499331085	0.00357757333466267
G[Del(T):R8]G	0.00653009388146711	0.000555122597738731	0.000449879167446127	0.000240049306138812	0.000180396574358279	0.000563216856866255	0.000884362275963211	6.15445065098281e-05	0.00188085663851363	0.00011036221406731	0.000164981840362734	0.000143947884750237	0.000105548579429029	0.000741667926895232	6.5457552185187e-05	0.000161073572349276	0.00106249906528308	0.000182709647290256	7.51694731257695e-05	0.000861256613999858	0.000257345592293283	0.00065613503675821	0.00036923858465191	0.015376490238831	0.000802072663426484	0.000166484645637471	0.000271068456854236	0.00941450104277892	0.00048656262894254	0.00204389318764415	0.0032597281961459	0.00220409740474098	0.00263083202405155
G[Del(T):R(9,)]A	0.0458269779224159	0.00266335997986027	0.000522501543911115	0.000134769244035331	0.00126295109247959	0.00140731218843719	0.000530035200106018	0.000250867547794887	0.00217080020713872	0.000191032565609749	0.000302841607298025	0.000131779530462161	0.000240568504613139	0.00634939048887553	0.000712027113491864	0.000452785620840308	0.00334559720229675	0.000428016666287266	5.25181016303349e-05	0.00878851189076781	0.000853360513699934	0.00105382991664963	0.00403784046403012	0.0581179387488489	0.00271331433487684	0.00248699636584798	0.000834800150086779	0.030650627802056	0.00120745824502778	0.00400279752412394	0.0214975364833414	0.00080264836927173	0.00200954112734015
G[Del(T):R(9,)]C	0.0488180562958484	0.00326732232271873	0.000364438047982674	0.000502616336309928	0.00062769338795603	0.00133776186633356	0.000611088511035859	0.000385732742208556	0.00220690671688921	0.000128633073002168	0.000123458437193552	0.000164637679552831	0.000442351718938733	0.00119168840629813	0.000696541543055635	0.000271831136788739	0.00226351815135522	0.0022597523467065	6.72065870059425e-05	0.00859494117705451	0.0015871713866367	0.00201012770150222	0.00318473519586648	0.0762928321998586	0.00648938666068154	0.00434647567165225	0.00050465178459132	0.027831286093693	0.00124195949275883	0.00313454565957683	0.0227357473683707	0.00123617390007452	0.00552592750650267
G[Del(T):R(9,)]G	0.0270028490706554	0.00262241844368933	0.000537292797383028	0.000256085642249879	0.00094920400841647	0.000602591622478905	0.000607965987141076	0.00011450630339153	0.00104625924989184	0.000225889573860816	0.000322181274527507	0.000275982996841899	6.63265241200988e-05	0.000263039602132767	9.6510152087455e-05	0.000164405242185705	0.000647604435191329	0.000789566824234439	3.58039886283456e-05	0.00328750219863125	0.000696158826007537	0.0013660649957848	0.00205298855779081	0.0318444755344878	0.000923067111299613	0.00119626418694034	0.000495978356778747	0.0222026497510603	0.000597348901059445	0.000368493948748455	0.0113268571941322	0.00072657033505281	0.0017462094499888
A[Ins(C):R0]A	0.00111021412624453	0.00136272181321627	0.00107923489980497	0.00150385054780617	0.00269252240623916	0.00118617549801197	0.00290335182564313	0.00127346195651766	0.00427087182202136	0.000430174349167804	0.000129741243526124	0.000683936440543899	0.000711071259248678	0.032519974569787	0.00444911049193662	0.000611770567420781	0.00947076725375411	0.0021647894592397	0.000797493677834666	0.000254871329344782	0.000764002778685929	0.000559233434353113	0.271358239195302	0.000728700712213514	0.0016951466948547	0.000369149989229391	0.000572564330713486	0.000194225464815613	0.00199181437342055	0.000306449286887128	0.00531975277532553	0.00134856475838225	0.000363498140035614
A[Ins(C):R0]G	1.43625101126059e-05	0.000120885175155889	0.000513840265872678	0.000963643294662846	0.00043106341595203	0.000543249623999732	0.00661117694726346	0.000163141657950913	0.000678339591285661	8.51751185662177e-05	0.000156061806680686	0.000399880554079418	0.000608356923155872	8.82393096868428e-05	0.000579148637633756	0.000145403034048458	0.000411050442198417	0.000426908515503931	0.000110309708905174	6.31423045493593e-05	0.00022720053201464	0.000534196803863429	0.00988694486887963	1.58594217175184e-05	0.000180884783079601	0.000478002351107594	3.44846392132559e-05	1.08315806398446e-06	0.00020605712703999	0.000206644397178333	0.000168750407015492	0.000529596018733525	4.19301471701577e-05
A[Ins(C):R0]T	0.000213281911364787	0.000147889143929114	0.000383792985118514	0.00131588888170308	0.0013813782258437	0.0010048698804404	0.000203360984164491	0.000674533446030206	0.00134423618948923	0.000163423700031849	0.000135093263735352	0.000706976765192102	0.0013607339128792	0.00129304918105656	0.00088634734859265	0.0012698961575014	0.00457711127825749	0.000501041924687368	0.000334533583934045	0.000111514263977358	0.000225256444988123	0.000406614563972509	0.189254433844227	3.66458933951852e-05	0.000541323452900883	0.000711961671420001	0.000109575616866433	1.48830434185141e-05	0.00041569144937243	0.000188987839993078	0.00156734419082205	0.00145646751483632	0.000197071691699741
A[Ins(C):R1]A	8.75871792303386e-05	0.000380837849308563	0.00104709340815751	0.00127444680801701	0.000190321344060609	0.000760018999199801	0.000496587147538169	0.000199758778160779	0.00150734854792672	0.00112767159938007	0.000565969673333371	0.000577568293220489	0.000545585721948703	0.000414317888394158	0.000856687906969444	0.000258500560753155	0.000264435126605336	0.000320815286440449	0.00119341903012713	0.000234552896358321	0.000436107907791812	0.000253057588886824	0.0069164447917767	8.05135220123325e-05	0.000779617780413071	0.00108405058823454	0.000154738675979646	2.6994455072764e-05	0.000607311656903789	0.000311263499231446	0.000360899710673854	0.000713200185474732	0.00036122045302884
A[Ins(C):R1]G	4.78049170564914e-06	9.48191617999019e-06	0.00021894029354615	0.000103355191870753	5.62645095046905e-05	0.00012795075609455	0.000187073581984498	5.66780216691379e-05	0.000177127098014155	0.000102651691852066	0.000182744342216549	0.00012301379907286	0.000201681395218698	1.25620227623344e-05	1.26533026305199e-05	0.000234740494288096	0.000247081227335927	5.22333445500731e-05	6.09449703241794e-05	2.79568377733491e-05	1.80355061496157e-05	0.000163345559426399	0.000768883485350614	4.53181152876583e-06	0.000157801716994689	0.000433832251770635	2.63352036608678e-05	5.31745384471187e-08	0.000232998212779841	4.19409911991131e-05	8.0262370749385e-06	0.00111574839788887	2.15344953367723e-05
A[Ins(C):R1]T	5.04014676744285e-05	9.43650665108288e-05	0.000523364839128117	0.000725782306779784	0.000219347069564745	0.000410203666809167	0.000179915592886711	0.000195142482509391	0.00103674145167467	0.000459984095585827	0.000873335935397652	0.000470804969481988	0.000524431828811053	0.000312397671326474	0.000312255436886343	0.000303898946050602	0.000343339117711101	0.000124695136450175	0.000868435754174944	6.97309466530587e-05	0.000713175443173376	0.000474980866700942	0.00531974460023254	2.28240600957656e-05	0.000748921987275247	0.0010567556214833	6.82309654589061e-05	6.14056656313987e-07	0.00139537311892785	0.000180833017697925	0.000117719760207036	0.000509603565021705	0.00025551506966901
A[Ins(C):R2]A	2.77077123582537e-05	8.07523714422279e-05	0.000495366649506469	0.000501069641465087	0.000406529192065007	0.000523912398411585	0.000308799089747238	8.83839077524226e-05	0.00127136827561553	0.000694475760135343	0.00295488396923607	0.000471374639379068	0.000608742500429528	0.000203433567001367	0.000543221028101308	0.000288869413232933	8.8794516868689e-05	0.000159960626463557	0.00103777006108406	0.000128158527572657	2.5835276990943e-05	0.000223384260551538	0.000822002610708287	9.77735459381485e-06	0.000216925455910519	0.000798267890885427	2.33705796712754e-05	1.90845603741714e-07	0.00114280177489112	0.000259167320497159	8.61682409873675e-05	0.000549400160479457	0.000254479757393204
A[Ins(C):R2]G	5.7605838110576e-06	8.526537442308e-06	0.000121447804610457	0.000105115761185897	0.000123564590186911	9.29584699960309e-05	0.0008800224969908	2.47789000331403e-05	6.47035640268617e-05	7.31646955104419e-05	0.00173162416180124	4.55109793993252e-05	0.00023415779559862	6.00129022654031e-06	1.81737184199659e-05	0.000286250837642196	7.45284148485956e-05	7.60379259534398e-05	7.06112739495426e-05	5.14337672539662e-05	1.91246633391704e-05	0.000458771647698407	5.81960226680516e-05	3.38446889785899e-06	8.10036747112607e-05	0.000561257601760281	1.70887959978426e-05	7.13849968194196e-08	0.000108074010611584	3.86803958578784e-05	4.65807860451363e-06	0.000328039444577623	3.88242103427386e-06
A[Ins(C):R2]T	2.8286521469561e-05	4.95744284651244e-05	0.000494444771243422	0.000845955680507348	4.61163721144132e-05	0.000165394142720319	0.000480709907395203	0.000178730681908718	0.000533651594534636	0.000435592430237562	0.00183424333189992	0.000314530659877639	0.000474414166228324	0.000129790615746872	0.000413168553969693	0.000255422175758092	0.000156142007881667	0.000127651457353512	0.000992503835240218	0.000109884369285038	5.51019846973649e-05	0.000537118769338269	0.000830944913388638	1.49231287344372e-05	0.000845151116092331	0.000881195636411324	2.92149741458895e-05	2.30180193825884e-07	0.000495350783347573	0.000497777554211032	6.36737432355036e-05	0.000607463016628386	0.000336165895954326
A[Ins(C):R3]A	7.08812319090932e-05	0.000157787404870549	0.000268558202237577	0.00100322990109	0.000143245094584474	0.000310688709688504	0.00977647677319863	5.861953045929e-05	0.000564344310803788	0.000386415390227978	0.00702104900423466	0.000589471827988842	0.000816687718082304	2.40560192979116e-05	0.000187593879573707	0.000606521726169705	0.000113678811600382	0.000122944633856839	0.000387822841786937	9.32401056897386e-05	0.000166840143251575	0.000294503362332585	0.000329472516355856	0.000427003322013551	0.000513406571316639	0.00181886005152621	0.000115881894334999	9.87152527445688e-06	0.000647878119339656	0.000456136617797922	0.000168414591341486	0.0012226468238582	0.000830838101334606
A[Ins(C):R3]G	1.11841453839818e-05	3.74699395724618e-05	7.05970768731249e-05	0.000276878206647553	8.93953708954354e-05	0.000105005808301785	0.00135168237750451	9.990278075256e-06	0.000543213052376662	6.0869291004229e-05	0.000828968463518252	0.000112602696791632	0.00079104265646998	1.70884196281148e-05	2.2261290761981e-05	0.000454843073090173	2.90923160993651e-05	9.51056323134665e-05	8.37746314198151e-05	8.37554077626801e-05	2.39263240673149e-05	0.000141599984787325	1.69111484936312e-05	6.02757794190124e-05	7.81502329627568e-05	0.000198287117160081	1.41066764402974e-05	2.60992289391817e-06	0.000360677389233029	3.47596799874366e-05	5.45336770974128e-06	0.000271859708087578	0.000120769176972812
A[Ins(C):R3]T	5.66756752256317e-05	0.000193623908151381	0.000227516593979334	0.00041959338299017	0.00012808023966218	0.000184772725460219	0.000637153646937229	5.05280459467442e-05	0.000810671914204297	0.000209465944086623	0.00262062833027518	0.000252804103840353	0.000461743529499662	6.41832903889312e-05	0.00017977799009807	0.000694555743648775	0.000123947532685315	0.000143492378890201	0.000287722897577619	0.00011864620431183	4.45851765659656e-05	0.00070024902604547	0.000144473078465024	0.000226137779012047	0.000535818865647239	0.00100182094574207	0.000149307176908717	6.88428168306464e-06	0.000283591500229469	0.000441460604820299	7.87184672806237e-05	0.00129291857246222	0.000795482187115818
A[Ins(C):R4]A	0.000176938524250412	0.000295571022942113	0.000418506336864358	0.000786195470897903	9.87707768247041e-05	0.000187112161677734	0.00409304666058904	5.73533290744082e-05	0.000215853185255603	0.000170655819651579	0.00145264687649895	0.000540211291591259	0.00102316184437643	0.000250986163287936	0.000242806392240455	0.000853186091451337	0.000107067574389057	0.00010485360276348	0.000141781045441884	0.000145157316284647	5.91892520001025e-05	0.000310812543311891	8.40139462191478e-05	0.00062431939366526	0.00011935478358481	0.00212925734472047	9.27982419781491e-05	0.000189175340499806	0.000988021339774534	0.000443507645249254	0.000242388904519926	0.000802114818701713	0.0128655150577629
A[Ins(C):R4]G	5.71391385915147e-05	0.000100743816722565	8.69835917527416e-05	0.000145783071062328	5.87758867529686e-05	7.21516869489147e-05	0.000459487329737438	2.60400162718981e-05	0.000145342891123767	7.70342629157762e-05	0.000309744937712827	2.46764576499059e-05	0.000335243582369651	9.07822292743598e-06	2.83393876016662e-05	0.000292468006325263	6.709855232001e-05	0.0001189177266035	6.52454014037299e-05	6.47629907970897e-05	5.43875912719581e-05	0.000240846848955123	1.39694613186886e-05	0.000374256259122429	0.000150753289989056	0.000285894738576703	7.06094879220816e-05	0.000106204121645594	0.000265000762903635	3.93738558077524e-05	1.52286952672517e-05	0.000464565619846725	0.000799623436219044
A[Ins(C):R4]T	7.7982970058731e-05	0.000113797876579428	0.000279032335854744	0.000347398709971516	3.73386256745183e-05	4.096839452688e-05	0.000726013267604029	3.27473240094847e-05	0.000766008117983325	7.97352919239362e-05	0.00121552911157706	0.000292817512124795	0.000478540900194709	0.000203789575743619	6.4939556303317e-05	0.00061369942890503	6.24405263919728e-05	0.000188765033943598	6.97176778810646e-05	9.7595699980514e-05	9.82583744125168e-06	0.000178808908294567	6.99947462284191e-05	0.000329425476657932	0.000184174758826944	0.00138520878943091	0.000101575768420041	8.8459122589289e-05	0.000202351793408707	0.000172764877896506	8.00953721605968e-05	0.000299604337728472	0.0119559414578532
A[Ins(C):R5]A	0.000187470353615181	0.000271977669145811	0.000276130221881407	0.000641874111447182	0.000161506912315342	0.000120211454429771	0.00526072505587002	2.13108303765565e-05	0.00293344653400864	5.52955574153565e-05	0.000266204831276399	0.000454940432672498	0.000647278528641174	0.000407553722291363	0.000175001149042276	0.000667136685398445	7.430819985097e-05	0.000211468977450296	9.56448522717613e-05	0.000159918452961419	4.99958284108503e-05	0.000229943304104272	4.56210205476299e-05	0.000312606738359388	0.000260514972770127	0.00174574022269211	0.000355472325328658	0.000150271974069892	0.000867464519321537	6.67588559436439e-05	9.90668361627785e-05	0.000390810099873762	0.0114661352201692
A[Ins(C):R5]G	1.65039189014041e-05	2.25083891128172e-05	9.6883482764714e-05	6.85715545084866e-05	1.49958199151986e-05	1.94295898937293e-05	0.00045398321982121	9.56312580083805e-06	0.000290598462997835	2.60031267226249e-05	0.000117485892902094	4.95920740133606e-05	0.000145264707781258	0.000100572469686301	1.12121044108007e-05	0.000308421054641451	1.90581718597289e-05	1.907146280336e-05	5.01165621963002e-05	4.10972882023903e-05	6.75980139581701e-05	0.000273903505734961	1.15553593435999e-05	0.000123410322249482	0.000296491762576824	0.000577417394200632	4.30487197261241e-05	6.31393012684418e-06	0.000109398106779536	5.56768325139259e-05	8.53541607523669e-06	0.000267465762216849	0.000884467277221375
A[Ins(C):R5]T	0.000116203326016483	0.000189770450446505	0.000129587629162113	8.68004580369649e-05	2.90196885395974e-05	8.58340113206518e-05	8.51946244004655e-05	2.70438241167802e-05	0.000907945558368836	3.50241058083524e-05	0.000599012580712084	8.034911629444e-05	0.000216309406909439	0.000331494997428727	0.000108482540776484	0.000404719951328785	7.10241240168142e-05	5.05542143800708e-05	9.03133488055053e-05	3.49874852173386e-05	0.000223687121725753	0.000383777096971783	1.98084261399665e-05	0.000166663988254772	0.000249282207678069	0.000523172202936863	0.000412454515372348	8.52992438525273e-05	0.000538469334365217	5.21428539232217e-05	7.62059113803428e-05	0.000442282037216596	0.00462846706021992
A[Ins(C):R6]A	0.000163632155842903	0.000514032237372332	0.000479916175824109	0.000497072596728695	8.25796379307577e-05	0.000106079715675647	0.00161282328475595	2.8127977270422e-05	0.000691131861366545	3.33840318385671e-05	7.7358668917928e-05	0.000311686416121227	0.000371912926954869	0.000563866989336038	0.000286696099763584	0.000301050465757701	0.000261452649572276	6.64702647834264e-05	2.09458059224261e-05	6.06237949541646e-05	2.84586233399781e-05	0.000143937557167197	7.94717396332008e-05	0.00100361782073756	0.000708015557432888	0.00273004826270682	0.000540887730156646	0.000191027708325437	0.000336566025142429	8.6502460862654e-05	0.00026228477087384	0.000655639494568173	0.00506086523221045
A[Ins(C):R6]G	2.62972118801399e-05	0.00014527056406071	0.000168909084683721	4.95962149147784e-05	7.43512552639237e-05	3.64770078464649e-05	0.000126012362601341	1.38336315157927e-05	0.000129232489554326	1.32659437430434e-05	6.5336014824734e-05	5.76002984043828e-05	9.45710330953665e-05	9.51051925731389e-06	8.93146044542194e-05	8.82444387318971e-05	6.00468851134336e-05	2.66632347800373e-05	2.89817263363114e-05	6.34231621093353e-05	5.27479998038112e-05	6.73513041950681e-05	5.34601905373772e-05	0.000167412255187973	0.00014366227430061	0.00132276735144139	0.000171796854733571	7.6186002064693e-05	0.00011386159224892	0.000141299132670971	1.65452866823085e-05	0.000295398703823631	0.00148810609963027
A[Ins(C):R6]T	5.54383089425535e-05	0.000362178199084669	5.71191136642126e-05	0.000118419886348523	0.000221158158926484	2.69055843590119e-05	0.000130775534644231	4.58547966587669e-05	0.000521121282202848	3.90676377938733e-05	0.000260335707665313	8.06898918004409e-05	0.000105367196757728	0.000186421434960877	7.2005604966085e-05	0.00020557377063234	8.57115069019306e-05	7.33595818567694e-05	3.78639853342841e-05	5.73732140141145e-05	9.09153469087447e-05	0.000121523006222041	0.000162789344443787	0.000267192691413627	0.000448331063977624	0.000376863596820918	0.000564802421991252	8.20942031790023e-05	0.000408024505432195	0.000179112703591506	4.96488926046711e-05	0.00108674835514206	0.00341440811999559
A[Ins(C):R7]A	0.000755593455974109	0.0020388540902549	0.000797644866786061	0.000615975471119426	0.000133018476655188	0.000111815952623839	0.00181373652773173	6.08834375137051e-05	0.00151023008316678	0.000237326600504267	0.00014590072483418	0.000711676798451073	9.0375863335822e-05	0.000199975196362343	0.000159918696368954	0.000328572786289512	0.000407297212673668	0.000327986336763793	9.89421358417463e-05	0.000208875148620843	0.000190801601421779	0.000407460396083647	8.24791529104821e-05	0.00259783697595049	0.00110052350541273	0.0048878847390178	0.00137533971844117	0.000661462121548761	0.00145528847052765	0.000103912306334973	0.000844091790827064	0.00134382557390739	0.00970776085093972
A[Ins(C):R7]G	0.000118791786251474	0.00050710755645335	0.000188580112760312	0.000169102470261463	6.71491565687417e-05	4.07299016184356e-05	0.00013928308915417	1.9069297965087e-05	0.000245672709027767	5.40652158120632e-05	0.000144763097350093	9.04409981468536e-05	1.77003893316168e-05	5.35030281213594e-05	0.000164369701305507	5.35073969110238e-05	8.06274128263134e-05	4.82440017300675e-05	1.2585527320223e-05	0.00011318559667033	9.31522181260022e-05	7.00656563335382e-05	2.72035008436416e-05	0.00059672177426231	0.000673039601672308	0.00196849542024587	0.000381102457601031	0.000153004271244072	0.00041327817732439	7.70874084662872e-05	0.000128402820565673	0.000490113276552254	0.00163636281752575
A[Ins(C):R7]T	0.000178890618078284	0.00050020864752919	0.000152332013962021	3.90894545127386e-05	7.73637005689495e-05	3.70849579772394e-05	0.000152395043305569	2.86629346426692e-05	0.000299723324591367	1.09414564906819e-05	5.45544088959987e-05	0.000121859062794995	1.60495844673504e-05	0.000138995984653684	3.98292881910505e-05	7.28310819623122e-05	0.000238813590359853	3.85260828267206e-05	2.45910764229242e-05	6.15124098570395e-05	0.000137491455971746	0.000369105754534954	4.37291746289621e-05	0.000481427270288306	0.000134186292374608	0.000886030646309477	0.000448742072863134	0.000140492957923967	0.000291941848643485	5.43832629920455e-05	0.000203422769191154	0.000252777428877552	0.00370688383791089
A[Ins(C):R8]A	0.000520003816136551	0.00198041482154217	0.000434469251257183	0.000228337200212084	0.000133018476655188	6.80118360584032e-05	0.000434163131709407	2.62698648767039e-05	0.00204086916358681	0.000168569389193157	0.000182873618067014	8.34027522292376e-05	7.53984396279733e-05	9.79024041194077e-05	4.87793380048137e-05	8.88757024903784e-05	0.000280544332409905	8.00798589801121e-05	4.54831806585427e-05	0.000283776636910836	0.000472014960944229	0.000444753902802003	0.000127577917401691	0.00176938268837559	0.00040677515672236	0.00381516755188142	0.00104585006107913	0.000307810649448668	0.000588720919577955	0.000123849279893852	0.000677148666179892	0.000567791962481226	0.000734605825298404
A[Ins(C):R8]G	4.78580824301338e-05	0.000268236737052136	8.09559757074108e-05	2.57810801884509e-05	3.76223630078575e-05	2.55697483573784e-05	7.90554248785186e-05	8.74441727487031e-06	0.000217293952875635	8.2827741237516e-06	0.000214520346260712	2.80195474783549e-05	6.9748870166645e-06	1.94533348445057e-05	4.49006349700043e-05	2.38380002624031e-05	3.84179425205537e-05	4.22111537367258e-05	3.49103925598676e-05	9.04269258676839e-05	6.69421773709113e-05	0.000274626307720842	2.89710000822091e-05	0.000301743437395852	5.37895063934397e-05	0.000243448350433382	0.000110229076329468	3.38816504291682e-05	0.000326250888866291	6.90926153903354e-05	3.58440800418247e-05	0.000172211292804958	0.000184855006845226
A[Ins(C):R8]T	0.000141532003481136	0.000552595853288501	0.000128914246017457	7.14694827617319e-05	6.80728121432286e-05	3.20669568978315e-05	8.04314523575757e-05	1.85892601709793e-05	0.00180091586541432	3.1080145654912e-05	0.000131757946793369	3.53934367407368e-05	6.21096552066255e-06	0.000110795006428119	1.88525436683844e-05	2.72846224499136e-05	9.78089699236675e-05	2.06980027666956e-05	2.40454672849592e-05	4.48819589286244e-05	6.00090477341759e-05	0.000203960879526679	0.000114505528560868	0.000527712376689639	9.47704664307218e-05	0.000548898592501901	0.000292126997220556	7.55406234199787e-05	0.000340100507655267	0.000154081466554707	0.000165961439657906	0.000551691289397766	0.000423805080101334
A[Ins(C):R(9,)]A	0.000130104915454989	0.00055940764561044	9.48459515478527e-05	0.000197465624352977	7.45625490227932e-05	6.39753780472751e-05	0.000168999990288421	2.13250687857037e-05	0.00090532598087787	4.62722893219949e-05	0.000225457083210004	5.49397860201827e-05	3.72557781298544e-06	1.78512955043699e-05	3.66774503453168e-05	1.95302096142484e-05	0.000215264947461585	5.69326551600797e-05	2.25740410664317e-05	0.00010807951414552	0.000191094385612519	0.000130112046841506	6.7086810295218e-05	0.000168966348049234	0.000218554473028135	0.000929812910627867	0.000181992396958033	2.36226066005488e-05	0.000161646514439103	0.000100765065024006	0.000151685939602522	0.000503577582113276	0.000111296069649184
A[Ins(C):R(9,)]G	5.54907808548007e-06	1.88894202622506e-05	7.79154512406696e-06	3.46037561852568e-05	1.29915476882075e-05	1.7298318006706e-05	9.43372685161235e-06	2.28424763891123e-06	0.000316139343534754	6.58776397074951e-06	2.09685429453341e-05	5.95125416805267e-06	9.3862750455592e-07	0.000100953907624428	1.33049748690016e-06	6.90493444462252e-06	1.15995856358008e-05	1.25202256300175e-05	2.96433311177807e-06	1.04331677197643e-05	8.90063939851165e-07	2.17225064905888e-05	9.34554120010438e-06	4.46274073493197e-06	5.81229048697124e-05	0.000193762375276783	5.58808440410641e-06	1.07805913564021e-07	4.28088833654621e-05	1.18755016415931e-05	5.65491773069264e-06	9.53486253948353e-05	0.000106999523704588
A[Ins(C):R(9,)]T	1.90738868325199e-05	7.70147062211362e-05	1.01625490645725e-05	2.06721714839271e-05	3.96990788093181e-05	4.00654300469316e-05	1.44350574966467e-05	6.35033047968019e-06	0.000217337612500484	1.47091630563017e-05	3.19569902348125e-05	1.73251498969577e-05	1.94791635652061e-06	1.11379877933248e-05	1.07713901725968e-05	9.72224121858532e-06	2.50518496211909e-05	1.664104396669e-05	9.98851374620873e-06	3.30951498542216e-05	7.71779126791997e-06	3.14111288545329e-05	6.06811798889119e-05	4.02452492071939e-05	6.29034845155269e-05	0.000244585999821182	1.37961301091362e-05	3.12491465668684e-07	7.09672833242357e-05	0.000122215648281167	2.45812224048717e-05	9.15510007494189e-05	4.56572713630606e-05
G[Ins(C):R0]A	1.90549322210474e-05	6.67403919467842e-05	0.000910814436351456	0.00301831691783036	0.000485311579300652	0.00060172450086381	0.195865312630929	0.000308962291174177	0.000422406870418277	8.47333400928492e-05	0.000684748324740109	1.35427470667966e-05	0.000396397918414852	0.00032979124130509	0.00148104212876172	0.000404172466402448	0.000225830480065056	0.000367601788157181	0.000388026908196805	0.000208732417729707	7.42617821394242e-05	0.00111424539753336	0.000164539079870912	5.52604723334096e-05	0.000621358235078137	0.000939491548980141	7.43824071510909e-05	7.35702518240957e-07	0.00110276922220039	0.000139498803954951	3.73816187730823e-05	0.000743424255999823	3.74265387704e-05
G[Ins(C):R0]G	2.99466680499958e-05	0.000106476089148658	0.000222196480874708	0.000767102571164889	5.29502159727082e-05	0.000570918937094456	0.00128404533449548	0.000163035886911533	0.00111406264728302	8.95791692540989e-05	0.000464152013507568	0.000314865276790157	0.000724871364758755	1.23077308035827e-05	0.000251484911954851	0.000510289073210113	0.000161628233692079	0.000103058022850144	0.000213081849050036	0.000135009610347153	0.000319954563641235	0.000219085895550392	3.26321216205888e-05	2.56943353061947e-05	0.000497158988823292	0.000758924182890653	5.11570406938233e-05	1.40905242701516e-05	0.000446220408599633	0.000175718750567604	3.42113733307495e-05	0.00070949671681226	0.000238743010800947
G[Ins(C):R0]T	2.02086208290883e-05	9.38528934869422e-05	0.000468691406693874	0.000842019540421439	0.00025435542692716	0.000727163499275206	0.00605483845265392	0.000395947783742494	0.000400096802120216	6.02455364239547e-05	0.000519456222336261	0.000447707164627954	0.0009052514238708	0.0012540916529758	0.000383607280920874	0.00224652548725477	0.000107900561553989	0.000379186659397198	0.000303801182607807	9.61591826245712e-05	6.40963150369135e-05	0.00032976687198421	0.000966250088767986	2.77165746589971e-05	0.00128945754954408	0.00104447417922863	9.35418036161407e-05	2.12552470121496e-06	0.000624631689036186	0.000248098632835707	3.62405122634854e-05	0.00224066131145098	0.000160680465205147
G[Ins(C):R1]A	2.9359306248146e-05	0.000103350418058164	0.00118865386688397	0.0011798887971731	0.000275327841736097	0.000780234374976844	0.0424687991723089	0.000308149684823559	0.000676811504415931	0.000475973958413371	0.0020405417340711	0.000249889036258899	0.000558956851877267	1.71901364116155e-05	0.000130470212746026	0.000486176356312075	0.000605179537170501	0.000194595033996939	0.00066124175806649	0.000199164843801344	0.000109466153234064	0.000410482323535258	0.000326250160960116	9.94235704575128e-06	0.000423139858093444	0.00127185754133731	5.9922320238148e-05	5.15720181103562e-07	0.000356491536831118	0.000968536841913509	0.000142585880385884	0.000735420997449566	0.000187132693852
G[Ins(C):R1]G	4.69288441603834e-06	2.20103725367914e-05	0.000379974143040024	0.000352007633987186	2.92611671211626e-05	6.50354997038862e-05	0.00573725395669424	1.30281443697475e-05	3.77655754947607e-05	8.07481778019962e-05	0.000141350214897832	0.000109579853824244	0.00045312729622429	8.06105509242915e-06	3.29407784394073e-05	0.000312697671770668	6.84342041534349e-05	0.000118662288456833	9.4295865899155e-05	6.51911834704957e-05	3.47124936541955e-05	0.000102007352603239	1.32482505741073e-05	6.46579375611382e-06	7.6244389406853e-05	0.000538271912993126	1.49193455717024e-05	4.66187734330904e-08	0.000248887366795258	8.49088365547704e-05	3.1478173197006e-06	0.000459512582095386	2.82122595157234e-05
G[Ins(C):R1]T	2.20629366002173e-05	5.60359394489697e-05	0.000467860299963711	0.000740562307426223	7.65064516043931e-05	0.000687426169298851	0.0135910763347804	0.000381950410521507	0.000439434124109557	0.000592109049733714	0.000132533601896156	0.000349543290254742	0.000641054766183579	2.55054834627963e-05	0.000377600199645639	0.000433797051117596	0.000253247247269444	0.000230089667053655	0.000619335109749332	0.000135387156575318	8.32444011113432e-05	0.000963633456071006	0.000444811167673396	6.91859118235799e-06	0.0011487338943576	0.00103181352051136	3.91647036406149e-05	5.04065487745289e-07	0.000524256656949545	0.000318511489284457	6.81745218988536e-05	0.000395612055003917	0.000186563272100306
G[Ins(C):R2]A	1.26441127749629e-05	6.05398677837571e-05	0.000322225422573256	0.000799634152846481	1.93243234897548e-05	0.000139832665793291	0.00467670723927792	8.75041774729666e-05	0.000313083169795294	0.000570930006599816	0.00176257280040243	0.000562445866925574	0.000579807513248478	1.42657788859708e-05	0.000160622585934237	0.000105824355067628	0.000188733827530256	0.000228448101316987	0.000921598276046969	6.20603123101075e-05	8.21786666570477e-05	0.000136048250385129	1.80640198562747e-05	9.87712351824153e-06	0.000241701422137267	0.000472443382508113	6.3999662349535e-05	1.07805913564021e-07	0.00058154517260325	0.000266441982086703	3.45071820833037e-05	0.000643807226044851	7.64578115682998e-05
G[Ins(C):R2]G	5.76959880919697e-06	1.27560484801017e-05	0.000144931237068171	0.000358460694164012	3.88056080575269e-05	0.000164721399718464	0.00222691524038552	2.97135258318924e-05	0.000249383777139969	1.99246669504479e-05	0.000785350791571545	0.000143659457288833	0.000524349483303836	7.04388725742232e-06	1.92285084213546e-05	0.000174975013450399	9.73733272109734e-05	6.40961925967564e-05	0.000144092366042082	3.49276303275076e-05	0.000202571525889547	0.000119808273851279	3.26587673377531e-05	5.51798897406034e-06	0.000242893905256045	0.000225504516907616	2.39015701586411e-05	2.29451775490992e-07	0.000132035879973544	0.000159055708118226	5.02329330413227e-06	0.000123658190933394	7.82178424371707e-05
G[Ins(C):R2]T	1.84187969677257e-05	5.4904512577634e-05	0.000392149760071461	0.000552926410383863	2.49930331919977e-05	0.000290888284000719	0.00264387802860671	0.000108339038172315	0.000444149363593295	0.000503814013762308	0.00047963926039321	0.000195220228351922	0.000524141950370108	3.17864948439635e-05	0.00031803067323058	0.000412454880715114	4.65754719978152e-05	0.000197089312370276	0.000844849973329057	0.000145801907405904	5.02300557634427e-05	0.000185960034325097	8.88208335955938e-05	1.49845249956228e-05	0.000518623684961292	0.000638936646701552	6.37888407557044e-05	5.13534926098886e-07	0.000595950057527173	0.000481641274608193	1.74739321923761e-05	0.00075648055230142	0.000183767928955629
G[Ins(C):R3]A	2.11209848715523e-05	9.59941469723477e-05	0.000294305129089757	0.000286392079607987	0.000168099277592072	0.000230945228249397	0.00081327193322308	3.19255643958425e-05	0.000151848175226333	0.000251504713789473	0.00300186281329485	0.000464141371334524	0.00068947503720402	8.77052965734642e-05	8.23049505043969e-05	0.000714993882002074	0.00019175939010633	0.000133748164883521	0.000282833896010657	5.53749815382197e-05	0.000133099693110638	0.000242830709724883	6.54933964087908e-05	7.4991695771948e-05	0.00027744397418849	0.000916445530321209	6.4848197395243e-05	3.36092219719186e-06	0.000470192956156496	0.000200776659140937	4.15544619136213e-05	0.000235609654654058	0.000174553649700953
G[Ins(C):R3]G	1.91755945038359e-05	4.18003606744939e-05	0.00019869180401568	0.000267330340393825	2.61098716317368e-05	8.10779388690152e-05	0.000949842660519493	2.23715918580277e-05	6.89822072621062e-05	7.76683180304036e-05	0.000879282624519016	0.00013284086140555	0.000604668066987997	3.58297369881157e-05	4.01446808449311e-05	0.000355376167540831	5.29329832336152e-05	0.000112520503606824	8.65112693795291e-05	8.55924924582609e-05	0.00015064332181981	8.85816901846312e-05	1.73250453002505e-05	4.05714168447427e-05	0.000115138503986274	0.00068667482820934	2.39951714471883e-05	9.5590338087882e-06	0.000157236419944233	0.000144493049170871	8.48358892699206e-06	0.000221674569178315	2.7332244081288e-05
G[Ins(C):R3]T	2.1173225630001e-05	8.15030261646925e-05	0.000190832019299516	0.000180134710322327	0.000132764924144544	0.000310687331116778	0.000444258410233643	2.45429492529856e-05	0.000319151857649365	0.000150789522395799	0.00148757721129445	0.000191503517185568	0.000460924525535995	8.1424285192297e-05	4.52745110299025e-05	0.00044467660922673	0.000110227180876729	0.000240040485443669	0.000157427568910139	7.11720682312962e-05	0.000133802375168415	0.00090138790207408	2.0057119500167e-05	6.11353270756115e-05	0.00117917415539854	0.000278439687664221	8.49226120642214e-05	5.95409146940751e-06	0.000402162176430539	0.000225041089502395	2.38356388687208e-05	0.00105442146766454	0.000229787559615222
G[Ins(C):R4]A	0.000151338241072585	0.000182984793105231	0.000307815924555244	0.000481271380896239	5.97780228664641e-05	0.000155278183401446	0.00136253182493554	3.84396365807163e-05	0.0014238713452146	7.30697016936295e-05	0.000965173499567598	0.000349436541301055	0.000629728920609934	0.000231303965680554	5.29713450004317e-05	0.000726313766066198	9.59562915740782e-05	0.000114879550020161	5.09478643080814e-05	9.02980076434326e-05	5.52073870060315e-05	0.000112933965602576	2.75108147816036e-05	0.000202676732706481	0.000973854115554702	0.00091254132446762	8.05863355471339e-05	0.000213143945809429	0.00039251976643328	9.17567535597766e-05	0.000107077009852589	0.000618008486718137	0.0105357518435159
G[Ins(C):R4]G	2.44528357223442e-05	5.33473033129469e-05	0.000198552105982802	0.000357137788500018	2.7703630270067e-05	5.97128342732286e-05	0.00136712299354355	9.80517875634156e-06	0.000217381272125334	4.07225903132798e-05	0.000200636119920829	0.000187027246156441	0.000235747397721037	1.91227552981285e-05	4.73569380227431e-05	0.000270028917725173	7.67832249329795e-05	4.36799230800612e-05	0.000123084266162959	9.27704750156804e-05	1.83400017079859e-05	0.00034678347618374	3.3543405147609e-05	4.6423247989e-05	8.96704716638062e-05	0.000951997073689981	2.08608404484542e-05	1.51511013657544e-05	0.000137022596993168	0.000205497521107387	6.11196650000792e-06	0.000781023878522211	0.000660011575826556
G[Ins(C):R4]T	8.02935834279911e-05	9.99713828495452e-05	0.0001817806168006	0.000318736698176467	0.000159194754896855	9.65289707640711e-05	0.000135128544650094	2.21417432532219e-05	0.000541946923256028	0.000163892946596826	0.00107966019273892	0.000157367459947395	0.000363367355026905	2.01399231331353e-05	3.36718210146272e-05	0.000480017637977015	0.000168067128731349	7.16165921501003e-05	0.000125399882898102	0.000146796419421556	0.000128766487087678	0.000511543882050588	3.03690120427646e-05	0.000205355144600705	0.000220417727901225	0.00108781689719264	0.000167010067341701	0.000100939842339329	0.000322887257471899	0.000108506478502888	6.44572121139386e-05	0.000259274191700702	0.0127426752562385
G[Ins(C):R5]A	0.000100131202410575	0.00025481860239516	0.000308108196015736	0.000252649486852825	6.27783942424117e-05	0.000102183871980481	0.00203679852070695	2.03466866714417e-05	0.00113366581884041	9.7763516049587e-05	0.000318070302482738	9.40181145276165e-05	0.000586303906101587	0.000239187016401857	3.66043460877949e-05	0.00105079697634012	0.000150210564793447	3.58101742967168e-05	0.000111583512916249	0.000162156104996637	1.03528489845846e-05	0.000214057039180535	5.32967634721026e-05	0.000231410182941365	0.000917062107022911	0.00158356485503873	0.00026080030802277	0.000104790990075903	0.000194642136688861	0.000321545376565156	8.57845382407142e-05	0.00045295304861694	0.0055235980538821
G[Ins(C):R5]G	2.90590374639655e-05	4.44900857680445e-05	0.000132086743280235	0.000250979566319796	1.73985318017723e-05	5.10126681160464e-05	0.000587404961155935	8.77594518083926e-06	0.000143421867630392	7.91470169619895e-05	0.00045745552445351	4.85738532243457e-05	0.000180730583906278	1.02479659376938e-05	0.000127784153455361	0.000177589692351269	6.19234998758083e-05	5.10387955700715e-05	0.000203237255824472	2.45865470536371e-05	9.26720520531878e-05	0.000184191476274536	1.05836788576738e-05	3.41516702845181e-05	0.000154639507295787	0.00145636358750426	4.14592473776173e-05	2.02733390967152e-05	0.000147070778396735	3.29326797348839e-05	7.95986195525677e-06	0.000173811944515009	0.00067372946348099
G[Ins(C):R5]T	0.000139655265791558	0.000213991043778793	0.000264403956126232	0.000360134863858702	3.55335732773185e-05	4.05630944396971e-05	0.000312636089448455	4.80780225441899e-05	0.000322208031388825	3.89989675648522e-05	0.000100757597851994	0.000167323852743206	0.000317456952810882	0.000110032130551864	0.000131550067064279	0.000388616880452711	0.000164773478332079	4.70231576467325e-05	0.000168483672190082	0.000143043978251385	2.6268597593239e-05	0.000144783389278335	2.46330773278554e-05	0.000215930650589933	0.000405646556627803	0.00106885607406263	0.000577607428175865	0.000189111239686336	0.000183696986913456	0.000130983915916594	0.000100052158144903	0.000366517856274156	0.00335099524310245
G[Ins(C):R6]A	0.000195370265830851	0.000638779218907477	0.000551504658091852	0.000225606405650864	7.97845233491406e-05	5.79730767561372e-05	0.00197143721545174	1.48740524127679e-05	0.00051789046996399	9.62790945989161e-05	8.43654200131013e-05	8.93386099135854e-05	0.000371327606187357	0.000390719594622	0.000361300038911308	0.000497244903879767	0.000613365790343105	9.47750653001327e-05	0.000187554215209188	0.000108871440380206	5.37786001552178e-05	0.000181961555254263	2.77293096623511e-05	0.00104796894491154	0.000398896250401864	0.00355338753290371	0.000792294667745588	0.000295093922158122	0.00073941160604675	0.000488015771839728	0.000190671472226544	0.000514939070721877	0.00830128912425678
G[Ins(C):R6]G	9.4853267730671e-05	0.000229007405100667	0.00014169565037119	0.000193727778477945	6.81150708950025e-05	8.69589258483432e-05	0.00013104015531328	2.61427362236033e-05	0.000261390173973563	3.32192232889167e-05	0.000199808754477857	9.36075416288202e-05	0.000115274807886137	6.06232029664072e-05	0.00032777024902558	0.000371814353745481	5.63032301537983e-05	0.00013543480794019	0.000449397195880501	0.000103659460742619	8.32444011113432e-05	0.00010315307064469	3.70251121904154e-05	0.000177673105338624	0.000622486835172694	0.00289117216653208	0.000317556805239869	0.000183264954130492	0.000334611915475211	0.000393445171175654	2.73235150207634e-05	0.000737178575797857	0.00175319780785049
G[Ins(C):R6]T	0.000109110602864984	0.000409157641761157	0.000127448382326843	6.23125393808762e-05	0.000124784057023815	3.29878428102063e-05	4.93782168446245e-05	2.33926891997316e-05	0.000627257830211823	4.05532037483612e-05	0.000368617160014338	4.2186365351322e-05	0.000117816947227166	0.000272422975410705	0.000212321916853787	0.000357560262211379	5.99032666367213e-05	0.000106698016440149	0.000170343898621096	7.55691005227238e-05	0.000407052004702723	0.000116863240227954	2.97899117897264e-05	0.000467260083019717	0.000313985064042466	0.00123530624547623	0.000678928636082193	0.000196458795430392	0.000216713965553019	4.44147762126061e-05	0.000145275133522578	0.000350919348433066	0.00435447166642777
G[Ins(C):R7]A	0.000540763045313536	0.0014878539227304	0.000596293006218068	0.000434303980662802	0.00011697826187472	7.0691779492021e-05	0.0036945808571344	4.98517215122492e-05	0.000705626856816558	0.000143313623463044	0.000103213839010818	9.17168534298631e-05	9.65489944342499e-05	0.000150108543251133	0.000227968316656564	7.98665555174849e-05	0.000162260154989613	0.000109969878583487	0.000110593253811518	8.12691277235483e-05	0.000152435161067142	0.000146821075727895	0.000129949386229317	0.00176633973618057	0.000264603486320222	0.00232038244187099	0.00135784852438041	0.000559141926464811	0.000318327668248389	0.000199543100576257	0.000506345479778079	0.00100037593345457	0.00661678428590604
G[Ins(C):R7]G	0.000204048241732088	0.000601313635165126	9.56403634030208e-05	0.000262058547158938	7.15259558596109e-05	6.85853218960498e-05	0.00193600450786602	2.13047282012076e-05	0.000646642703644972	6.2022950851782e-05	7.67640000057916e-05	0.000100510298489833	1.38774435202334e-05	0.00011832204840717	0.000139543495451041	9.10305719869225e-05	0.00016229845325007	6.3093222226755e-05	5.56993895568156e-05	6.28015920995523e-05	6.62863407836526e-06	0.000129666062637451	5.191651532299e-05	0.000416270488105035	9.48024079428319e-05	0.0018838267264144	0.000394449826392179	0.000177211069349205	0.000379172022804737	0.000157028671341671	0.000118295617409754	0.000365858764393547	0.0013377269915694
G[Ins(C):R7]T	0.000155154127977322	0.000532535077712231	0.000308777716541971	7.3429762674973e-05	5.58781437741862e-05	3.19814854508745e-05	0.000136967658299987	6.8802027058034e-06	0.000233273375570528	5.57007117665805e-05	3.16984385338836e-05	2.9569460171311e-05	6.96542841110584e-06	4.19327439981567e-05	7.02218610825485e-06	3.10663599660006e-05	4.97159293552585e-05	3.90444720067213e-05	2.87583273191919e-05	5.3478041952808e-05	0.000143148046536853	0.00032136237655263	2.51020419499477e-05	0.000316593658070131	0.000119152487341446	0.000290841789702442	0.000590614508170332	0.000203160972529733	0.000109269968440702	7.34667473818486e-05	0.000150316611791006	0.000353398789317263	0.00332521596743487
G[Ins(C):R8]A	0.000429709825926417	0.0014503197346638	0.000430798476218149	0.000206983746475073	0.000186306762642087	9.18845626221686e-05	0.000720734085256493	4.26511546006323e-05	0.000612413557763015	6.98902700899565e-05	0.000164723288661805	0.000148403627134424	1.21481878686864e-05	0.000102276225809937	8.43476923288684e-05	4.79195436415042e-05	0.000259197839487893	7.16654259134337e-05	3.88370598992374e-05	7.85158027913245e-05	4.48076925509284e-05	0.0016426213385956	5.04545536412402e-05	0.000844482549010678	0.000437258006446117	0.00142631068284319	0.000692074805841885	0.000277783788847748	0.000532521579804339	7.00194512848786e-05	0.000472583578148188	0.000394482183208586	0.00112698917782902
G[Ins(C):R8]G	8.61013226139316e-05	0.000278187630940745	5.86087968350869e-05	4.31360728018499e-05	3.66926704688314e-05	1.98086971181351e-05	4.84520445029515e-05	1.11629127714558e-05	6.20403269110462e-05	7.54228015414164e-06	5.58213122305503e-05	2.37896201885058e-05	6.06908643728273e-06	6.72602230898268e-05	8.01473305609623e-05	2.78769193097232e-05	0.000190021606538111	4.26393882767264e-05	2.46512223121487e-05	3.12902947147037e-05	1.71688649450238e-05	0.0001112961270601	1.52147045008352e-05	0.000261636329776326	5.41195686852442e-05	0.000682244890441692	0.000120181430159386	7.82940447258706e-05	0.000248310744270505	5.96042162685011e-05	6.31785060411659e-05	0.000474828621987644	0.000326485726175536
G[Ins(C):R8]T	0.000113230919322273	0.000363738675221939	4.59561464287073e-05	5.9260224920591e-05	0.000115185283406598	3.54734076305834e-05	8.75894414553629e-05	8.96511261665292e-06	0.000158266140079199	8.6947954978777e-06	0.000144633821499629	3.69618252141388e-05	2.47220129875123e-05	4.83154721628246e-05	1.85099980045671e-05	4.20121618028768e-05	5.54127955981818e-05	2.73093430333716e-05	5.17469454077781e-05	4.62586213947362e-05	0.000105507710975252	5.64477593442168e-05	4.14003389487992e-05	0.000301754949194824	5.56208197544198e-05	0.000273113420075882	0.00022936077241169	9.00339630293255e-05	0.000227296056701727	5.25495948553593e-05	0.00012891927355169	0.000315328386880155	0.000424063908170286
G[Ins(C):R(9,)]A	0.000100712785367463	0.000339788143356534	5.74364921444378e-05	8.22326092506912e-05	6.28629117459595e-05	2.15360474897005e-05	4.3530100058632e-05	1.25074254066475e-05	0.00028090602628126	6.25242435236354e-05	0.000355973981838915	7.69126211315148e-05	4.64918282635997e-06	2.37254397515344e-05	1.13666676981329e-05	4.11626834118341e-05	5.02377431539801e-05	2.28504447966987e-05	1.02763547874973e-05	2.57283941827198e-05	0.000136648237502413	0.000123514556374629	4.78414969779911e-05	7.80653460975546e-05	8.99366509313905e-05	0.000320446529453165	7.01003668946568e-05	1.57564170020497e-05	0.000343357357100632	6.61654142557709e-05	8.64140410881067e-05	0.000448056937503841	0.000115644381207571
G[Ins(C):R(9,)]G	8.78083934154508e-06	5.00800677438445e-05	1.41919038469847e-05	0.000105489687412122	5.75624568806035e-05	2.4101569470134e-05	4.45091965341149e-05	1.80868477339258e-05	0.000373988346460254	1.77260751179584e-05	4.17819548701109e-05	2.24727076156166e-05	4.29198136938018e-06	3.46345647819827e-05	6.55014147397002e-06	2.34132610668817e-05	3.72450582940695e-05	2.33725904200327e-05	2.36867400170847e-05	2.04703723221855e-05	3.94673089118214e-06	6.42832404464859e-05	2.19667292302777e-05	6.64614527334667e-06	0.000110538926242417	0.000152229554066089	1.48729823166276e-05	8.95954551917205e-08	0.000181838981000363	4.18809802419124e-05	1.71214469677649e-05	0.000391626118392612	2.00850581506434e-05
G[Ins(C):R(9,)]T	1.84465354235391e-05	8.42486510780011e-05	2.54765435627387e-05	6.93845607730823e-05	2.71542664970062e-05	1.05653737012588e-05	7.31411529252637e-05	5.44008932348003e-06	0.000539720282388707	1.30496325216272e-05	6.88264627872742e-05	1.85312077871719e-05	1.8271800385072e-06	1.48760795869749e-05	2.76751832047522e-06	3.7564090319504e-06	6.10522144504201e-05	1.65884537600232e-05	5.3809090181189e-06	4.13597288731876e-05	2.13146890859095e-05	3.02192745161112e-05	8.71936684674251e-05	1.79123592009135e-05	9.60055382323131e-05	0.000111231083325423	5.92050019520855e-05	1.64039809017687e-06	5.29424903282517e-05	2.39577076913217e-05	4.10513445680885e-05	8.45206873562513e-05	4.03771787564481e-05
T[Ins(C):R0]A	5.13092086409235e-05	0.000142676304243759	0.000603167179467244	0.00169261388907609	7.06566329659762e-05	0.000338042329858177	0.00045746298161921	0.000379025434470969	0.000749504779790239	0.000394865261909015	0.00418455585885394	0.000450381020631365	0.000268253843083322	0.000578743068923013	0.00124451643658894	0.000305671939940163	0.000330049621332652	0.00029068485446374	0.00044019057869421	0.000135852183027082	0.000164814076651651	0.000377525628732191	0.00141320712486368	1.65808277864497e-05	0.00023157596279836	0.000425851468944094	0.000164294755195435	1.4633924347981e-06	0.00116777807276884	0.0004008198510272	0.000143317219033336	0.00191987187756006	0.000164821714308373
T[Ins(C):R0]G	2.23578888470336e-05	6.53944404424812e-05	0.000340272219603989	0.000514938905128713	4.97204399442737e-05	0.000500609021970291	0.000310664665464036	0.000135738822517776	0.000972692782020547	0.000137432018347394	0.000542881006440419	0.0004688568010772	0.00130557911470099	0.000115957133190779	0.000409490365469801	0.00049554010206288	0.00026808303591383	0.000121682468896837	0.000134413174011885	5.87959187031733e-05	0.000393642488766808	0.000155164056096847	0.000247082182502589	1.47581262825007e-05	0.00109500827098838	0.0014991030065505	7.78150375834192e-05	1.07805913564021e-06	0.00048927489044786	7.9327817535111e-05	5.24930210206225e-05	0.000285732022908025	0.000166529979563453
T[Ins(C):R0]T	0.00065546595202431	0.00116121494152148	0.00188500864705716	0.00403478154110918	0.00100173767383598	0.00256451148735902	0.000764555268051079	0.000621790310431837	0.00113672199257987	0.000490456509713903	0.000494454272856436	0.00127093559324974	0.00149582672496496	0.00127687621247995	0.00856440187971098	0.00343950878015799	0.000782797294603222	0.00136985092103858	0.000505625010035503	0.000525931104277688	0.000396628887512361	0.000486876341936674	0.0254991164271306	0.000447455951521021	0.000478185730629882	0.00124634661567148	0.000613154048363852	0.000173886568068757	0.0019196404540723	0.000852028902450535	0.0013817345034074	0.00192844007200798	0.000632316972448736
T[Ins(C):R1]A	4.33591360509912e-05	0.000146461157624387	0.000920295877034531	0.000851437099050876	0.000431425633824378	0.000817672247315712	0.000326621291807717	6.72876705422999e-05	0.000504312326635816	0.00118629880740677	0.0029209619860742	0.000502449875656715	0.000280181144692785	0.000289180815492443	0.000634887500954663	0.000434588079160631	9.90919616489645e-05	0.000183817798073591	0.00185341705712716	0.000192898497258273	0.000429104509949299	0.000425845710426655	0.000472981019859531	5.09281986534971e-05	0.000760719052414584	0.00130923621857134	0.000158580702702069	1.10209694069165e-06	0.00258739069412613	0.00133738418852103	7.44104492388151e-05	0.00266947904310655	0.000510823076882859
T[Ins(C):R1]G	5.68291613477995e-06	1.35825672436664e-05	0.000195787114963397	0.00022165751807997	4.45467613342394e-05	9.85720140606872e-05	0.000155266177564756	1.49920278028452e-05	0.000126045336940317	0.000132786477354122	0.000468986930314939	0.000163653331027966	0.000261733525522035	8.84936016455945e-06	3.71724706033943e-05	0.000109584660789445	0.000115493191689515	4.92544849867356e-05	0.000183311781951389	5.17054163693528e-05	9.12783993052629e-05	0.000137824497818518	4.34911395556273e-05	4.81576923674946e-06	0.0001777225733807	0.000575443744883917	4.25133553467701e-05	6.77429051449594e-08	0.000503263325770573	2.95920697840483e-05	7.93197834333568e-06	0.00021216481490095	3.31817584395939e-05
T[Ins(C):R1]T	0.000112438292947404	0.000375360392943964	0.00170977709978868	0.00263733991602127	0.000223911014756327	0.00152944123613659	0.001380499568364	0.000275652550003376	0.000496628232662315	0.000655726294402601	0.00239677426761094	0.00107406178254792	0.000998055366892385	0.000234787765515452	0.00206998673690343	0.00173099731451824	0.000358945658847177	0.000700227332437647	0.00158320735365122	0.000439146118245103	0.000251981785918917	0.000396210829005512	0.00216377612061668	0.000133076396119898	0.00194889006705748	0.00284267555209909	0.000130595666983257	3.07152159273925e-05	0.00136741760467223	0.00133897114494478	0.000371433048159784	0.00208806584842607	0.00117295704287482
T[Ins(C):R2]A	5.01245454238909e-05	5.04296231102533e-05	0.000754992546646432	0.000623588552429882	0.000233207940146588	0.000361291942002192	0.000626211582272035	0.000126587593552984	0.000193543116957542	0.000783617728931342	0.000626186364479712	0.000246634219603691	0.000476598547723811	4.41959424310469e-05	0.000276670373017711	0.000200952296449878	9.35961612734386e-05	0.000227524016256985	0.00133710970755189	0.000312838488034911	9.90898815142199e-05	0.000392742917349846	0.000201679656835706	8.09931803028453e-05	0.000177892928111954	0.00170984393708461	0.000129281749830006	2.1772424029923e-06	0.000270564102448011	0.0003695408065574	5.38550748464201e-05	0.000480446595636649	0.000316080837803682
T[Ins(C):R2]G	7.6086584296285e-06	1.19625614282121e-05	0.000176240334446	0.000218425322442675	7.34336366539759e-05	0.000174747751875204	9.05267308818116e-05	1.13866592009128e-05	0.000812287320323726	0.000102524651928378	0.000210667925916871	6.80401407885263e-05	0.000181225213338139	3.65417544726205e-05	5.76855252640638e-05	9.57182898971262e-05	0.000158329796010252	4.93483960700691e-05	0.000142313766175015	0.000116684805614293	2.85054688104965e-05	8.43448402461128e-05	9.10572974562536e-06	5.9554373350081e-06	0.000175124663729077	0.000454301322195079	2.57622238104155e-05	1.15818515247834e-07	0.000424458247387657	9.00564431057585e-05	7.86196623079468e-06	0.00069129322677638	0.000182577319838452
T[Ins(C):R2]T	4.06012400817392e-05	0.000154309637512747	0.000653361262073076	0.000950207445488709	4.65148117739958e-05	0.000619826526186256	0.000161524456387775	0.00012671167111841	0.000280556749282465	0.000772445082669622	0.00193520777111266	0.000541957252843391	0.00063268890776123	0.00041983602389907	0.000786219580104392	0.000386658793794459	0.000421611187519332	0.000249025897897015	0.00145467344031103	0.000194984209957767	0.000183411728447488	0.000487137780952844	0.000457109054335309	0.000110992928424684	0.00161905136583769	0.00155007314654636	0.000209480558546987	4.99257926735002e-06	0.00074027653983388	0.000460870815532639	9.61126887128341e-05	0.00133532015011477	0.000641427720475832
T[Ins(C):R3]A	7.58739228017153e-05	9.11889403882151e-05	0.000365441041232554	0.000788072183965131	9.87345550374693e-05	0.000198161414054507	0.00292342330339053	3.7639234580795e-05	0.00251654077632139	0.000498392499181099	0.00232983523224045	0.000763919120526164	0.00135071168570696	0.000219352243619224	0.000197329277982563	0.00127820779698807	4.63265333048471e-05	0.000191931715673602	0.000750983720924363	0.000162123875440575	6.5162049491209e-05	0.000298240402387249	8.66145682143869e-05	0.00031364663753322	0.000723496543635593	0.00232261464786675	0.000200912978920528	5.59935174031509e-06	0.000469883288504313	0.000205877590502991	9.885073817039e-05	0.000596917546538635	0.000931522220156774
T[Ins(C):R3]G	1.46870500456233e-05	3.57664470132131e-05	0.000221194131394565	0.000176547001492674	7.01978236610023e-05	6.29317992513652e-05	0.000183540896052688	1.1656171945486e-05	0.000477330678478865	0.000143103034760713	0.000451482980162052	0.000133886795865233	0.000606827410998181	1.15702841232027e-05	4.96043717682762e-05	0.000479012291991285	2.61050517837482e-05	8.95498526234587e-05	7.95321981620168e-05	3.60510605674116e-05	0.000224296112842494	0.000172088387702435	1.77513767748799e-05	3.85453402256162e-05	0.000258193889556792	0.000299279355995298	3.83494101740171e-05	1.86766461066318e-06	0.00022858811828497	4.42347433410042e-05	1.60279244480769e-05	0.000577082019465055	0.000187753881217484
T[Ins(C):R3]T	9.00191483437825e-05	0.00022324645679301	0.000444270001729693	0.000983530787626589	0.000106473943576634	0.000407285230467105	8.79069862582222e-05	9.21865800239672e-05	0.0052097283947836	0.000353856545641481	0.00274504340876217	0.00133729957017893	0.000845482495345661	0.000239441308360608	0.000430638382824376	0.000993408476321394	0.000110969209673076	5.79243562000811e-05	0.000575967775551007	7.6232108533159e-05	8.8561362015191e-05	0.00088666273395745	0.000158808474299436	0.000511806907776231	0.000236494955663318	0.00241567781521123	0.000334090116955212	1.63398800882982e-05	0.000327745836152688	0.00104751792947368	5.54614133592656e-05	0.000346996182477057	0.000710741877341068
T[Ins(C):R4]A	0.000484420462711464	0.000388654386442776	0.000570663245457979	0.000714693411230098	0.000280121191580166	7.0212036531682e-05	0.00327126717285602	8.12799586171622e-05	0.00250754689360241	0.000274864036694788	0.00150384011328288	0.000258143604389199	0.00163085332681182	0.000321501323449785	4.89255465198577e-05	0.00106293906196621	0.000380301726334303	6.96519722867642e-05	0.000185206377461961	9.91703440052975e-05	6.06765956890643e-05	0.00107690575451804	0.00016515548412798	0.000606453081660235	0.000657004962593029	0.00198335381073503	0.000258891541559126	0.000564799551671918	0.000889130576779387	7.45669482638603e-05	0.000457335182502948	0.000775405904873206	0.0348989791458601
T[Ins(C):R4]G	2.02647912021106e-05	5.26049972648617e-05	0.000110551358045972	0.000151003874357275	8.94617775053658e-05	7.09923081280954e-05	0.000721461792096379	2.32065728515923e-05	0.000278111810290897	3.54532947397338e-05	0.000199007244204977	0.000198650564921365	0.000233464535450027	9.36048700165038e-05	2.04754581853725e-05	0.000249282940872368	3.87051794739784e-05	7.51175973367718e-05	9.05410439575694e-05	5.67562482266262e-05	2.72991979446456e-05	0.000140408130448903	2.25920153930674e-05	0.000160409244146484	0.000157407771678664	0.00101616222287313	3.38136841822682e-05	1.20932011958776e-05	0.00018446581694646	7.17997763484976e-05	6.74450017478312e-06	0.000365795993738251	0.00125262432249812
T[Ins(C):R4]T	0.000300314552632656	0.000179510292620013	0.000417794327535495	0.000776755250072937	0.000172717555464506	0.000211893367008348	0.0004643695810814	1.68928554240051e-05	0.00169351318828471	7.96998123056087e-05	0.00144882031132521	0.000751142091915622	0.000862010017588004	7.29563629658651e-05	0.000121666371447307	0.000648294241545751	0.000245803022893187	4.050572846339e-05	0.000134237032479156	7.56519765240282e-05	0.000214774770959612	0.000215687188340183	0.000452092553983837	0.000370699113239986	0.0007623480695322	0.00131671712515172	0.000286863455601973	0.000278629482534558	0.000552286918569485	0.000479140818058167	0.000221951126229981	0.0021102238897456	0.0422871228428557
T[Ins(C):R5]A	0.000178224432831164	0.000290224604466687	0.000416950345410597	0.000372218063237214	9.05484311224092e-05	9.7229285200428e-05	0.00851641930235248	6.8484713939895e-05	0.00449008679839037	4.43506674132235e-05	0.000245107012480601	0.000299175233462656	0.000955838828341298	0.000358933099778036	0.000168091752359912	0.00156506262155968	6.82953729592796e-05	9.67659802668021e-05	0.000134121036835652	8.32213179764962e-05	2.10687503656875e-05	0.000334749592057095	0.000128153464892441	0.000556852577154878	0.000178691465914707	0.00209762724431722	0.00028056330158219	0.000179281962675303	0.000454997884809763	0.000171364622228491	0.000157604842398251	0.000622465203244163	0.0129330174181455
T[Ins(C):R5]G	3.73472880610234e-05	6.43599307911156e-05	0.000100186021514319	0.000205934203544645	4.05623647384137e-05	4.76461959633228e-05	0.00167205862152266	1.63497618179594e-05	0.000223406300354555	7.89570293283647e-05	9.84047773735408e-05	4.19389951797972e-05	0.000211096602469495	3.74572055241266e-05	9.73623388608542e-05	0.000217037832221549	9.56068199474115e-05	0.000184407559676925	5.61912970079729e-05	0.000209105359735577	6.95303896170575e-05	0.000136609575331611	1.6117106122134e-05	0.000137293551810087	0.000205373275697359	0.00125751626420625	2.85728868020238e-05	1.34378614420883e-05	0.000154342629125565	0.000188394398305205	1.19008468010171e-05	0.000423576381938347	0.00173999757633396
T[Ins(C):R5]T	0.000136073537684647	0.000442786102161548	0.00040427709437264	0.000470076256305012	0.000250473658728499	9.53723490867021e-05	0.000139216933986908	4.19819493707108e-05	0.00103460213005705	0.000110156203380246	0.000273263292711759	0.00084691643201784	0.000570740605237664	5.83854337293922e-05	0.000130426350191513	0.000459657433421059	0.000103907967901385	0.000121524698276837	6.38405652768437e-05	0.000169200565107511	0.000424466808367969	0.000215864044145239	3.01718337357485e-05	0.000588306649213552	0.000837485153185902	0.00172175478143264	0.000700737736313686	0.000191718977325249	0.000581118044807137	6.57186660188328e-05	0.000248697874799812	0.00100737486152009	0.0126786411919799
T[Ins(C):R6]A	0.000236458084658318	0.00058417053979155	0.00041106113985867	0.000278120378239975	0.000210074292032642	0.000111924859790123	0.00345437144480477	6.50502062477297e-05	0.000702396044577699	6.38690355086304e-05	0.000312071903021187	9.20114394847495e-05	0.000449761145422534	0.000221869734010865	0.00014312769276269	0.00104672103873906	0.000254817475948166	9.03912959301266e-05	3.54259287532203e-05	0.000242043966031779	5.70694944591412e-05	0.00048454645893963	2.66421644020463e-05	0.00118505528434013	0.000533689431506565	0.000594111537111011	0.000826622721625667	0.000242081820999685	0.000306869965117648	4.80954482542452e-05	0.00027941227949637	0.000921975384989691	0.0099073172921014
T[Ins(C):R6]G	5.24843945522199e-05	0.000118961350190192	0.000202298845850775	0.00015366951510635	6.95216836326198e-05	4.27991377778288e-05	0.00160790134031163	9.40141815409411e-06	0.000161496952318058	3.27385316857696e-05	5.14517884848519e-05	6.95397583013799e-05	9.54974200515524e-05	6.54038917909394e-05	0.00012194416762589	4.73759554050342e-05	7.45715003916093e-05	3.12536085333771e-05	0.000123095006500321	3.83347548255772e-05	8.51416426673417e-06	6.33066888272629e-05	6.74101116634786e-05	0.000149925832549034	0.000122570229137228	0.00172333197717482	0.000208269865244657	8.87169826798407e-05	0.000477454128690423	7.36334444851837e-05	2.7071956347997e-05	0.000613959779451536	0.00219915857065408
T[Ins(C):R6]T	0.000193021743238646	0.000319324816480837	0.000218657034861974	0.000149073338575666	9.78471212502172e-05	3.35296214981754e-05	6.9502618725834e-05	5.0826035509612e-05	0.00103503872630554	7.28739915409196e-05	0.000114279851810576	7.79677934814213e-05	0.000157200911607718	9.37320159958797e-05	7.43574733652209e-05	0.000553797563921983	5.36319264869486e-05	0.000164355665163563	3.17699179153607e-05	5.36760235114796e-05	9.15126266578553e-05	0.000376787447980652	5.34584141562329e-05	0.000375699071260292	0.000150295461648811	0.000445734477562701	0.000489575853686441	0.000139655276838841	0.00017448170471231	8.08014199285934e-05	0.000169685720345802	0.000515912015878967	0.00680805822886127
T[Ins(C):R7]A	0.000509086884543572	0.00150300712971492	0.000396737906985385	0.000132042698635773	0.000269592725423923	0.000137341586686013	0.00249666955041451	2.31140231921351e-05	0.00121775425630042	9.62985511638054e-05	0.000128293354000922	0.000201817108403332	0.000125957468281794	0.000106116034387088	0.00019030918056738	0.00014795341756652	0.000519937183959164	0.000147181206243539	6.72087350734148e-05	9.14398547725154e-05	5.49497369181798e-05	0.000135163971359848	7.08278689850906e-05	0.00213426066860191	0.00146317678674031	0.0031767652556499	0.00147146561744393	0.000476526904176361	0.000445942775532159	0.000138892026498812	0.000609580915923061	0.000978782828032697	0.00781189701148311
T[Ins(C):R7]G	0.000154989084165232	0.000467979497551962	0.0003004975501877	0.00010533105204342	5.96935053629163e-05	4.1386101759589e-05	0.000169833545395927	2.52416483304264e-05	0.000284617094393462	3.65771974880444e-05	9.48884742409077e-05	0.000131075397940725	3.25364903446479e-05	0.000114863677768147	4.84326149548523e-05	0.000119151034413344	7.43321362637554e-05	4.18017014133919e-05	2.76155554239268e-05	7.16048651269969e-05	3.6176414607898e-05	0.000225875620587981	5.25648944406555e-05	0.000685159251233915	0.000123879831133743	0.000893830439460686	0.000372479766935521	0.000144945779205162	0.000296319908553647	5.87640628676921e-05	9.98324231596554e-05	0.000707174202566303	0.00117725358881941
T[Ins(C):R7]T	0.000181895386304275	0.000709183952935151	0.000200663670719392	0.000126714249912064	5.10485721428823e-05	7.22688655455492e-05	6.83912119158264e-05	6.65096431853244e-05	0.000327927442244101	4.98419967272707e-05	0.000122656926920672	7.67186254368335e-05	4.37877798509489e-05	0.000153821205848908	2.10937113347013e-05	7.77720847138819e-05	0.000196450927012267	8.73185252834556e-05	0.000105727880986751	5.25664059384596e-05	2.05066047194657e-05	0.000140015971924648	5.23517287033408e-05	0.000728858040132802	0.000370393774428935	0.00104844733352996	0.00055766510504493	0.000179324210938726	0.000199191047717468	6.92459767254037e-05	0.000273493376700642	0.000673748828621109	0.00458431099165678
T[Ins(C):R8]A	0.000525800922247763	0.00148536529179364	0.000218410471052793	0.000186440466228215	0.000318546470871728	9.67205922338617e-05	0.00012750746938147	3.83236952490885e-05	0.00191137471628339	0.000121469623611459	8.89934954597287e-05	0.000206786066911014	4.18993970705916e-05	6.11317868839107e-05	9.27337950131764e-05	8.90491051894674e-05	0.000291215185229632	0.000120626908320169	4.61190086303444e-05	0.000379102455300069	3.41269252727144e-05	0.000483992823375976	9.68678401792229e-05	0.00152091201935726	0.000226667617104105	0.00189660804491523	0.000882719635930947	0.000246072096638223	0.000246452738357412	0.000170724505351684	0.000562594605174115	0.000534335203208384	0.00117792654179869
T[Ins(C):R8]G	8.50976528210817e-05	0.000226735476711931	0.000119152121729153	0.000136260699778571	6.69559737034896e-05	4.13282017471343e-05	0.000154300312122725	3.49176643752178e-05	0.00012499750594393	2.84798329826495e-05	0.0001996536234573	6.16752344249363e-05	3.42846632073123e-06	9.81566960781594e-06	1.61435087539268e-05	2.8173067739628e-05	5.88787881695065e-05	6.48512377067575e-05	1.45338245176018e-05	3.45915220999954e-05	6.00910273075833e-05	8.582120174919e-05	3.47211458462726e-05	0.000189679911666743	0.000107717426006023	0.000609013020380006	0.000101499662699446	6.00449801818204e-05	0.000283442005500829	0.000109613347269033	4.71481569311828e-05	0.000601845042979381	0.000206803627092321
T[Ins(C):R8]T	0.000149079868461774	0.000549775090305778	0.000137611575161153	5.44841672128964e-05	0.000185183887237809	6.4638471047054e-05	0.00011481890830055	8.5450795468086e-06	0.0004090906848392	4.70082052763368e-05	9.3880122607285e-05	2.69489786447435e-05	2.23657074262827e-05	1.16974301025786e-05	2.03062740465359e-05	6.18735900558345e-05	5.41154420252135e-05	9.55902135034672e-05	1.78439964924206e-05	7.23737702502099e-05	0.000223862792240198	0.000211934769519862	0.000146006095392545	0.000446442913211458	0.000372331559496949	0.000516139461266822	0.000300121596996562	7.53009737877992e-05	0.00034960410111879	0.000113280683542406	0.00021866480009889	0.000190100929564357	0.000552546161597855
T[Ins(C):R(9,)]A	0.000154606062321208	0.000676578386639163	5.47835170592291e-05	9.94728744992257e-05	0.000104632669392199	3.12715210124418e-05	0.000383329501185011	2.13596477793471e-05	0.000286057862013494	8.9921375895387e-05	0.00016539552308422	0.000152018721508326	4.19016226248407e-06	1.75207159579927e-05	7.27617118581696e-05	4.21972545715673e-05	0.000110294202832528	2.07768880766958e-05	3.82570816817156e-05	4.99604161196659e-05	0.000157178264957138	0.000161177153468755	0.000145355939893735	0.000170723816025674	0.00012759569370922	0.000369606772695705	0.000280254504807824	2.19945916220651e-05	0.000196126405780355	0.000119161757348068	0.000226012131840098	0.000312032927477107	0.00021161782917482
T[Ins(C):R(9,)]G	1.50263838217411e-05	5.75252703610935e-05	1.72395097808303e-05	1.5044865056682e-05	1.63179151492681e-05	6.36486565484235e-06	4.86108169043811e-05	2.39103570751571e-06	0.00010879978512479	8.80695687194536e-06	2.03997292032905e-05	1.31085662263195e-05	1.86612723786636e-06	6.15386540179134e-06	1.14293284902946e-05	8.40516004348238e-06	6.65288656957177e-05	1.07960181400151e-05	2.19639899042977e-05	1.53827066865546e-05	2.21344848199829e-06	7.21187215487549e-05	2.27216912166005e-05	1.93590086051004e-05	5.10105948398594e-05	0.000164640274660279	6.11391369892613e-05	1.48451656650997e-06	5.9167877956604e-05	3.07456137391272e-05	7.31793271559513e-06	0.000118950391786184	5.21279730868503e-05
T[Ins(C):R(9,)]T	6.30490477563681e-05	0.000162922928571433	7.20841849650521e-05	0.00014285114951579	4.54281581569524e-05	2.38451551292632e-05	4.98809961158184e-05	1.23447007306787e-05	4.80255873343778e-05	3.1750824891684e-05	0.000143651325036099	7.87458291246404e-05	2.2116445350384e-06	4.22124651527836e-05	7.36264307900011e-06	3.14696673672525e-05	4.24871326940703e-05	3.9739414023389e-05	1.37497798902112e-05	5.70140846751288e-05	3.84132858251556e-05	3.15572271282749e-05	3.42575103676132e-05	0.000111687473629347	4.98181117210816e-05	0.000382172627297321	4.14898646215346e-05	6.13401079812584e-06	0.000232667188737853	0.000108106405454884	6.35406899134018e-05	0.00039897028506226	8.34979350437831e-05
A[Ins(T):R0]A	0.00117487385366847	0.0048130968073928	0.00471292236430405	0.00755550941910249	0.00173133502321252	0.00463862089780049	0.000980565120196133	0.00200234747837988	0.00238564922102279	0.00113428797594625	0.000749308684462056	0.00165643788441331	0.00226440519323314	0.00469466185488641	0.0167725646238242	0.00126645148365882	0.000867000807499673	0.00179319457181918	0.00286539097593633	0.00165938934033954	0.00112620024536721	0.000816643213920883	0.0332631135196139	0.000224153912322486	0.00134219298603789	0.00286885010657448	0.00332781360994507	0.000350613967643593	0.00155861068440748	0.00243018371914467	0.00381703885686097	0.00128406791006547	0.000289214484246507
A[Ins(T):R0]C	3.05118390871948e-05	0.000129118420037389	0.000490139883013674	0.00160520580092151	0.000261448860260637	0.000872131344744539	0.00064583320488205	0.000411411713105648	0.000777446939693877	0.000328733542354142	0.0010589760566646	0.000888229303526973	0.00123666482737776	6.12589328632865e-05	0.00070498612914596	0.00123686781418728	0.000357198300713843	8.95160446334587e-05	0.00128376674801219	0.000115584396485862	0.000238689383659297	0.000219116653081706	0.00113513952606126	1.6887809092378e-05	0.00252250638870169	0.00133728961824779	8.84540924554828e-05	1.97328526922253e-06	0.00120351799110863	0.000224721031063992	0.000130999633467194	0.000322484241583915	0.000163475808349825
A[Ins(T):R0]G	0.000188670735290508	0.000390948819953752	0.00102934853913331	0.00136870312838295	0.00017512026735108	0.000901616236801235	0.0165723060233248	0.000871596079716028	0.00176489667491353	0.000430503966267105	0.000481526687809991	0.000463264798195594	0.00372390197063587	0.0040077684159063	0.00121253854565575	0.00140615950546641	0.000654407163704938	0.000683984471464291	0.00102971695613039	0.000196218141532744	0.000475294143880522	0.000244514684564331	0.00130789436872451	0.000112965283315273	0.00204416095051126	0.000562050508909355	0.00116328031317794	0.000102910942353547	0.00126153262401573	0.000234476145551162	0.000254738313773587	0.00127879517502059	0.00013831772004773
A[Ins(T):R1]A	8.75425665472386e-05	0.00102884852416465	0.00573673512747092	0.00609068033922247	0.00157473012610295	0.00161014144635293	0.00287370107967615	0.000336499374464988	0.00211792840144606	0.00169321099300174	0.00754577968126987	0.00317800154513978	0.00130530092041986	0.000116567433891783	0.00309712035332499	0.00151316845425366	0.00122635817264676	0.001428624233432	0.00707345945031276	0.00093270953979113	0.0012147616073824	0.00117419182606456	0.00974253218737351	0.000160570409332097	0.00177599066200541	0.00923608412186369	0.000691924343957491	3.90337533118596e-05	0.00327692445178174	0.00401483972286887	0.000738056476345919	0.00220080194533793	0.000294391045625539
A[Ins(T):R1]C	3.69436935289378e-05	9.41755879009997e-05	0.000796919338292727	0.00163328001202003	0.000538738715471951	0.000677352945703457	0.00592662973849947	0.000486702386617936	0.00175005240246473	0.000522801332086619	0.000879515321049852	0.000568911363649369	0.000847307449829919	0.000384057145302705	0.00209769533919733	0.000496607795086485	0.000529564409181449	0.000464867375387317	0.00187986621191362	0.000323161154419603	0.00011358855463969	0.00059093675975513	0.00168302165686974	1.94204048662861e-05	0.00205980164427451	0.00231262574149962	9.5484686437293e-05	1.12832000074777e-06	0.00142264522870969	0.00102030629432526	0.000178821240242818	0.00056138935564102	0.000194276348555064
A[Ins(T):R1]G	5.33528393729792e-05	0.000334392358806517	0.00133683227850439	0.0012142546003053	0.000251668977707247	0.000552872054641014	0.00074084525610425	0.000606084328113179	0.00384178502900112	0.00144854011150367	0.00178563561212529	0.000833815050817249	0.0113881354987465	0.000526002916677909	0.00171770149729112	0.00128228373458913	0.000429347436131571	0.000344375699027149	0.00461327992235166	0.000277685250814963	0.000670019053458224	0.00206048546964624	0.0027092494785935	8.00300264554955e-05	0.00291435421209792	0.00273414207679171	0.000735680759407304	4.61860929421645e-05	0.00130169331504529	0.000301828443182679	0.000154193343096253	0.00128893263585092	0.000117870302600554
A[Ins(T):R2]A	0.000230535924342147	0.00107863566233353	0.00259741968823501	0.0015520232935643	0.000725932911901291	0.00074960388981658	0.00205978082581389	0.000201817245311784	0.000845643273708693	0.00151542491457014	0.0169814947308198	0.00139865147844606	0.000835640538067599	0.000364298660107697	0.00140910127328087	0.000430323152101015	0.000851576183100766	0.000250543501003684	0.0104219443565676	0.000351509351088	0.000413141915870126	0.00251339011824648	0.00351768941926514	0.000128556096390104	0.00112533141315159	0.00359149878739503	0.000751181832613435	8.48010057114611e-05	0.00242949222609792	0.000842487160255634	0.000774082406030707	0.00120667169208533	0.000378406636807225
A[Ins(T):R2]C	7.60502931499291e-05	0.000351848347976401	0.00101198027540513	0.000689764996148418	0.000381016979922644	0.000420025990350591	0.00211382959746724	0.000317290743496103	0.00042528840565834	0.000480291026811159	0.000612276282969737	0.000577812584095273	0.000465121920849789	0.000117482884943289	0.00241898228492725	0.000350437113134195	0.000469732951783084	0.000256831787143693	0.00416588257728787	0.000161488492763908	0.000374295309442674	0.00275978101222097	0.000927935323866817	6.47653810182131e-05	0.000514077343070952	0.000736446988925621	0.000237262645677546	2.5759785995122e-05	0.000673334935988012	0.000192481811278982	0.00012419209208285	0.000670359213235117	0.000191377474182806
A[Ins(T):R2]G	0.000299746607749875	0.000430986158390814	0.000885853552347866	0.000505517097337614	0.000147320045648387	0.000886387154953923	0.000543226540458132	0.000184346717288089	0.00241856857815926	0.000838464640850428	0.00352287034583669	0.000187198660341689	0.0198540131109927	0.000314559152975863	0.000674670837898129	0.000701351570777117	0.000482400101429113	0.000946548591134659	0.00721152004289261	0.000157708426259968	9.87853859558497e-05	0.00101489088200597	0.00098224284821002	0.000156878959128309	0.00116498147685095	0.000794648097378789	0.00124467756829969	0.000212135814833938	0.00193731286663649	0.00030280862215029	0.000333369493225588	0.00287323259019782	0.000223161561050061
A[Ins(T):R3]A	0.000272635965653006	0.00127471081387988	0.00174987043522466	0.00148334126085261	0.00113203951644856	0.000434638850636778	0.000642062360348096	0.000223177910120356	0.00215870649105543	0.000799259662598512	0.00286273614302501	0.000597081796668032	0.000650188997210428	0.000741388205740605	0.0024289725038909	0.000499793339052895	0.000306922259299406	0.000218343268750306	0.00525601393107678	0.000450500130423805	0.000173761561520681	0.000626530912868381	0.00116422243815556	0.000140087081694034	0.000653171981139815	0.000745677462367549	0.000936494888368899	7.52915043494456e-05	0.00125122816593449	0.000128816853573238	0.00097679656777978	0.00160840388598062	0.000245627837435059
A[Ins(T):R3]C	0.000108082430769499	0.000347271822473097	0.000677520652754393	0.000491844711497645	0.000800332462881527	0.000258256112695592	0.000111497918903979	0.000145337544341483	0.000733525357095346	0.00035974616228385	0.000177780149558714	0.00015903028018752	0.000305802837985494	0.000794764087882589	0.00267576412251284	0.000296008149069585	0.000159574489475092	0.000363146646363842	0.00286938638143481	0.000379779275977388	6.30071578473588e-05	0.00283772828595375	0.000536753102939506	0.000113705875715825	0.000549787953610064	0.000394367883992306	0.000363110890296826	5.83783590315874e-05	0.000781494372158819	0.000188747796164276	0.000174679614624322	0.00176203506481792	0.000150534404902245
A[Ins(T):R3]G	0.000197767561874528	0.00034758544224109	0.000597771745303417	0.000470899177280152	0.000462582407810828	0.000528917992345467	0.000472586052855385	0.00018332663697561	0.000896288438534037	0.000639118399513868	0.00122726735879923	0.000105467966242799	0.00979169814284269	0.000487426826535274	0.000779500254491586	0.00392939088853374	0.000508873773969756	0.000168904718040236	0.00339211860081973	0.000370073575380185	0.000406794354614871	0.000277901984805795	0.000387593931015848	0.000113721224781121	0.000363962883324098	0.00104940399324243	0.00112550825674637	9.71280291928391e-05	0.00182993293869359	0.000161302785071184	0.000295533553427835	0.00171715404628118	0.000201368237644337
A[Ins(T):R4]A	0.000409837533874066	0.000988961461866416	0.00102598162341003	0.000544837422967302	0.00324324449632129	0.000251525925533595	0.00065203855957126	0.000246363125358227	0.000584034801610883	0.000317559751588605	0.000145952435174366	0.000619249653906292	0.000457896658980101	0.0038327392606975	0.0013565664651325	0.000591051867397047	0.00050550831433213	0.000371579861647187	0.00290494119423637	0.000104962455652016	0.000497229535450802	0.00052020212711551	0.000893466424143034	0.000181752119441146	0.000626053637358324	0.00189014412793908	0.00286043263376348	0.000343773391060622	0.00460424543459383	0.000127516616167224	0.00102942779452905	0.000688656859253942	0.00717222932187615
A[Ins(T):R4]C	0.000452414445471118	0.00122101068832794	0.00114227862635663	0.00057300511562238	0.00248651099134136	0.000184636246859433	0.000251111783894461	0.000246301086575514	0.000907465302495493	0.00019090552568606	0.000245236288331065	0.000306713351884557	0.000227391554292808	0.00154011924817972	0.0017974812178714	8.26234635985066e-05	0.00039371090477668	0.000144213616010202	0.00182896560508993	0.000189334829202184	0.000908790416690929	0.00245519686900019	0.000394436551183649	0.000194806499475745	0.000552162272676916	0.0010458359110716	0.00381872437546631	0.000204967450000266	0.00156569032762806	0.000230408736229786	0.000948325884594654	0.00137756480112907	0.018622420732998
A[Ins(T):R4]G	0.000352161193854965	0.00112564523283495	0.00104560823137479	0.000566400502012955	0.00128054884411115	0.000421870519318791	0.00066579883436183	0.000326893533436708	0.000427515046525661	0.000268120620204925	0.00119487083067284	0.000404089952724327	0.0028158140778746	0.00134454330270378	0.000683349357612524	0.00251117502461831	0.00119292857855068	0.000227591632236985	0.00181020223571937	0.000832503245769528	0.000418166092583233	0.000267598211815569	0.000509038004326309	0.000500045686492855	0.000833854467976052	0.0019680817295594	0.00371307563882687	0.000229893925420271	0.000660008548749275	0.000432632326227671	0.000764452861270306	0.000853084590802178	0.00216074848522167
A[Ins(T):R5]A	0.000965809574510115	0.00401890701491201	0.00173793623184451	0.000549970410254576	0.00106246953709963	0.000567362222043667	0.000340884345869482	0.00010609648873162	0.00102984323094846	0.00047130896085521	0.000137084111832505	0.000717356048073673	0.000427743737236234	0.0170695003063837	0.00180812310907353	0.000451885485480992	0.000450851909377967	0.000459679727143977	0.00191640913575244	0.000228990995826337	0.00070101904357383	0.00180258356957745	0.000965292619331215	0.000599254370036218	0.00227844129466827	0.00287923546651614	0.0108512909825631	0.000819040859935955	0.0032341796375857	0.000303722122276566	0.00283072336952026	0.00234373072744724	0.0106770202035496
A[Ins(T):R5]C	0.000886414023589085	0.00512941428616782	0.00206474078855538	0.000360998860063237	0.000207067883692155	0.000586986190550637	0.0018783304330467	0.000258815631186735	0.0018870999648671	8.3504142993373e-05	0.00035780969891551	0.000204529968832128	0.000336876582799924	0.0078597575778813	0.00253413193398974	0.00055517699213496	0.00103616422393659	0.00100099072436473	0.00101279448058359	0.000680365928486133	0.000241301018640703	0.0016101952112077	0.00173961183098335	0.000815568747258561	0.00253193978194488	0.00200013413920509	0.014518911386292	0.000408574942969288	0.00110989157820058	0.000202336944028154	0.00314994950676435	0.00121159918852608	0.0012800083321932
A[Ins(T):R5]G	0.000920080649717462	0.00403677608197076	0.00197343363925052	0.000384175204153097	0.000519909423074405	0.00104512279624195	0.00157336834300068	0.000123582272193686	0.00304001967826611	0.00031809881288642	0.000578923113549909	0.00178953124815162	0.00267689386886895	0.00459040215179821	0.00156125003142178	0.00474501288966558	0.00027040965523657	0.000608878143457519	0.00218610545110249	0.000436365167979111	0.00057321288863178	0.000895213327662772	0.00076706802382115	0.000506457758520431	0.00303943717352115	0.00298035698369088	0.0113631343203614	0.000640208331373281	0.00166560619733387	0.000824970628637181	0.00247694549703034	0.00141387762521788	0.00315599417595432
A[Ins(T):R6]A	0.00208082568976355	0.0115853171387451	0.00410540072633733	0.00152881578895558	0.00112859844666125	0.000541485052191588	0.00180844411435074	0.000591268246366225	0.00183016781406344	0.000598217266605134	0.000152597213888239	0.000827396769976816	0.00060769815909814	0.0302317283789597	0.00139247736512037	0.00135778015242058	0.00221320381168033	0.000917725401437951	0.000976528657448701	0.000345229191878045	0.00233055044692687	0.00236456211360034	0.00171317927955633	0.00070460651696447	0.00121646054720176	0.00471933163994797	0.0217406077072932	0.0015719828549088	0.00199901147678507	0.000793411533033778	0.00741798123674717	0.00401788687485057	0.00446970192272502
A[Ins(T):R6]C	0.00186319415737342	0.0127334722126363	0.00438752058184959	0.00100315058340565	0.00264461909262117	0.00207626549661954	0.00246729665615002	0.000292405055394358	0.00206200042201393	0.000571050179500602	0.000268971334476339	0.0008992716616401	0.00054938752499472	0.014537693277464	0.00219870035877585	0.00068990504429231	0.000995898390349007	0.00047395045536733	0.00090077061383552	0.000781115520738508	0.00108449606523813	0.00655550643663242	0.00171533402988435	0.00141432427267265	0.0028514507275824	0.0095166956856319	0.0284761975457329	0.000888071608697004	0.00189876458303726	0.000344676266623935	0.00761211694467217	0.00214069904289188	0.000367380561069888
A[Ins(T):R6]G	0.00250835920267761	0.0147224966953787	0.00437826252926518	0.000618903143504302	0.000702449119844075	0.0015778608108377	0.000876992590330184	0.000338853797120411	0.0024854551234286	0.000221256622409532	0.00096527692024797	0.00162187175206365	0.00220548197532266	0.00398371239660839	0.00138602956960693	0.00376821795059286	0.00268368357954232	0.000485726905217347	0.00105214278054124	0.000428648491413213	0.00112290935106328	0.00198894345180963	0.00128232513853361	0.00164973672439005	0.00247154902971535	0.00581894734026106	0.0313329893518054	0.0017633521914333	0.00260821317418666	0.00109696695820701	0.00800626483173454	0.0013795420767709	0.00352094175317607
A[Ins(T):R7]A	0.00359347095102616	0.0186430301911202	0.00483185045416481	0.00147910343028872	0.00126508817792644	0.000889745355676296	0.000693120918441184	0.000704122894296672	0.00223725015615956	0.000499253166051496	0.000157018447974123	0.00106194988203342	0.000438678441650601	0.0253534423006587	0.000786971509610333	0.000901988235347754	0.00246704946926941	0.000961634467561346	0.000649872036935591	0.000325619809124966	0.00031455562316398	0.00366004626440209	0.00324603810915589	0.00116237704036468	0.00198333366428289	0.0020118898495457	0.0254658016512625	0.0029828439446495	0.00360637879911888	0.000470992663647146	0.0115331095437678	0.0025158792495969	0.0129496341801722
A[Ins(T):R7]C	0.00237578279080964	0.0177572336615464	0.00462711172101169	0.00153030299553716	0.00173456479924096	0.00176510945111622	0.00283105745885883	0.000478331219068569	0.00213478101663794	0.000449068962682937	0.000753885049568498	0.00161822894401908	0.000410499586525682	0.0137302908792315	0.00145324371266572	0.000655206969370108	0.000763729548178379	0.0006668701156376	0.000644684453989979	0.000734502374227081	0.00248471889040319	0.00546196854705628	0.00308223622745986	0.0013562395723247	0.00202038581833063	0.000893399511662277	0.0295066961207119	0.00143089696446023	0.00538764052544535	0.00164836763661888	0.0100566459243478	0.00159848612244383	0.00809955852731591
A[Ins(T):R7]G	0.0030137843799	0.0180439289546657	0.00433962540097375	0.000971709619883878	0.00166194011583522	0.00139295849963532	0.00143956290169583	0.000426480018100354	0.001725035437426	0.000451851251462105	0.000159500544303041	0.00133945405146536	0.00172088367285047	0.00143512209841114	0.00104115919040043	0.00375863988689936	0.00209986968442406	0.000680806520404286	0.000790005514626218	0.000553828087161206	0.00201154450406363	0.00172625106623866	0.00216474957748375	0.00108177142396057	0.00230937132556157	0.00174934277908681	0.0278516250149447	0.00244319959175474	0.00220228159495542	0.000473706492489442	0.00973773590239974	0.000635929508805185	0.0114371982420605
A[Ins(T):R8]A	0.00349103237139951	0.0242877671293308	0.00520351932383083	0.0011102620341853	0.00122042067730142	0.00138989531326212	0.000950610060459737	0.000259392286757199	0.00293139453164072	0.000629849063099848	0.000908136994342682	0.00137700915451826	0.000154153015063582	0.0108818395032742	0.000722384942436193	0.00140111329208843	0.00152224095836954	0.0012840499988618	0.000463881614846239	0.00172968200211255	0.00202028118431533	0.00212958995312621	0.00411433321248435	0.00112800280863336	0.00206160101612338	0.00239494156955177	0.0312348558363801	0.00274945652489508	0.00600016314146173	0.00170181072794811	0.0138088744777048	0.00138550528902403	0.00560890778540855
A[Ins(T):R8]C	0.00287876721507425	0.0206454176346716	0.00460764991809955	0.0010894538895282	0.00181940226190935	0.00125096699052051	0.00230737315481	0.000567131091773937	0.00407261346558008	0.000459891390776649	0.000675311187656204	0.000905983502103172	0.000160428521657468	0.0139356570651194	0.000436520142515288	0.000893945467461919	0.00287045940850673	0.000212772463286965	0.00037925420063992	0.00135973734495661	0.000839060933824168	0.00195271876930444	0.00219227815607679	0.00119312889268604	0.00410195027952283	0.00294306449201654	0.0274817485885206	0.00188832328305906	0.00155354922002353	0.00290246328442956	0.0110628672797728	0.000704192596439736	0.0109705829993545
A[Ins(T):R8]G	0.00320569126836875	0.0235461765263414	0.00554931186892758	0.0012733845176016	0.00275079118797085	0.00117088989472392	0.000666116379164689	0.000819224159784713	0.00158060939842407	0.000357864598008674	0.000116425830928285	0.000718418405449308	0.000367013369275485	0.000970988415297523	0.000420533285741765	0.000930843223814137	0.00176525778281451	0.00153748220478882	0.000580092065097829	0.000936996070747485	0.000439937525006698	0.00298482617946347	0.00229209656533668	0.000742200215141709	0.00186212627299569	0.00174466290319609	0.0284397848949313	0.00238357782262549	0.0067611447012122	0.000855509537968172	0.0112546143926375	0.00175400042094001	0.00469068932799588
A[Ins(T):R(9,)]A	0.00657782136200112	0.058772451965686	0.00865645427179892	0.0102321030905541	0.00557544463707795	0.0036942317160842	0.00494065312562128	0.00110015509146482	0.00162715055851357	0.00181725575020148	0.000623833544001259	0.0025961171043207	0.00015011752882141	0.0157500301908128	0.00130918446279289	0.0018779726629281	0.00581160783125128	0.00261520579712366	0.000681650547120841	0.00139799382800318	0.00383464139159904	0.00212397670366139	0.00567697840111134	0.00220027699844178	0.00272215148656064	0.0044514152091209	0.0462179438855831	0.00142793885760224	0.00779938559161476	0.00551131295892879	0.0266868263847292	0.00121658945562212	0.00905820592909881
A[Ins(T):R(9,)]C	0.00549065373176919	0.0525413469713929	0.00877218733245611	0.00937118327906162	0.00579265462119584	0.00391536013507908	0.00335085183907263	0.00185629394546413	0.0034730358375228	0.0010540880154726	0.00146588472358651	0.00327255751016482	0.000218018632572744	0.0207875284644883	0.00128554463460336	0.00299208500457491	0.00651811020374234	0.0021647669205797	0.000505315688319491	0.00126636371682033	0.00105982021364252	0.00540437506967061	0.00556280505582446	0.00193903974436316	0.00166997678331192	0.016370533370885	0.0477723787349294	0.00125685888537782	0.00241689195611258	0.00597703799411055	0.0238232188411891	0.00282160372621675	0.00292812194404934
A[Ins(T):R(9,)]G	0.00523385249477109	0.0471640100878673	0.00896201764604522	0.00739079350006307	0.0041375000535026	0.00200124775905412	0.00271418774037315	0.00152504752694526	0.0013620493164278	0.00040133170847516	0.00132818008767178	0.00160389789698659	0.000269014982636512	0.000830339532911953	0.000493764953541148	0.00156546203227106	0.00334753605173237	0.00168289788266569	0.000775916340075383	0.000768661099431376	0.00199278289312098	0.00249555843946713	0.00447507891888541	0.0011161955401541	0.00178278355691416	0.00355842076958913	0.030935448058556	0.00114228013813597	0.00216344500009381	0.00326347586718034	0.0198611279197009	0.00223143402512245	0.00547571486112606
C[Ins(T):R0]A	3.97004337291975e-05	0.00014275216828486	0.000887399243485839	0.00219722733136699	0.000194637773706087	0.00103498202263203	0.00119574141723368	0.000579281539922678	0.00178214222672906	0.000844335945431724	0.00162693657809513	0.000894658875122123	0.00248087484004851	8.98922074187289e-05	0.00205848848154175	0.000695765665852531	0.000482395314146556	0.000596421777364168	0.00131965451127196	0.000113125741780499	0.00146276152830724	0.00144553476731762	0.000723061733733679	9.81956452337998e-06	0.00107372457675234	0.00269630661609137	0.000230924876186665	2.41397836183221e-06	0.000693420620600243	0.000190114712411624	0.000108532110079036	0.00121489464792912	0.000222488608070787
C[Ins(T):R0]C	7.11063757087791e-05	0.000670301635449193	0.00103780445462572	0.00280046239943757	0.000680408162311712	0.00105285934076328	0.000477044911128868	0.000315357370939749	0.000684539258014281	0.000321912299604721	0.000670450415678741	0.000935545777248755	0.00208824923608588	0.000121754989850318	0.0136166768022239	0.000703578529036204	0.00032390753781192	0.000208430014793625	0.000695127522442069	0.000458359537880838	9.22387314508918e-05	0.00136421954390595	6.71898404015868e-05	4.44585676310592e-05	0.00186953670380524	0.00142270812644849	0.000292525021391481	2.84512917425481e-05	0.000615993029359793	0.000440927174089626	0.000163164592149126	0.00163388877203085	0.000171603009714905
C[Ins(T):R0]G	2.46014676147446e-05	0.000119176237809002	0.000637829673403883	0.001362448362417	0.00010497677637093	0.000210647138168847	0.000227481158148346	0.00011695124164796	0.00217948847248376	0.000100402741851628	0.000685756676373732	0.000508205081265592	0.00168837889665387	0.000386523777302597	0.000644472513462332	0.000369610775625597	6.31681933406487e-05	0.000299587625163753	0.000190353147125598	0.000279177018838443	0.000261631952845724	0.000873721502657039	0.000107648697343913	1.17727330823485e-05	0.000277774036480295	0.00141033188007817	7.62176922293337e-05	1.43134202806285e-06	0.000337025187523251	0.000272196366093831	8.69274632467407e-05	0.000576391542256797	3.3854711418868e-05
C[Ins(T):R1]A	2.58580196630937e-05	0.000234546932044348	0.00323554227686912	0.00272694057159326	0.000211649939777355	0.00065389516922895	0.000867400091077142	0.000143695042143423	0.000215198290882862	0.00122045652382564	0.0158350506337309	0.0014093510081887	0.0017359189609688	0.000190947831826658	0.00120610119360768	0.000277395609919055	0.000240125305780492	0.000683086681507623	0.00458149926409893	0.000128913620028986	0.00100373447406426	0.00261096838634049	0.000267848078079327	1.24289056237701e-05	0.000887462972467535	0.0044874752472918	0.000277116674695499	6.22797676332691e-07	0.0015997751257579	0.000326099541428271	0.000138765219387218	0.00243675683859612	0.000786992626454206
C[Ins(T):R1]C	3.74813572641218e-05	0.000381402655279625	0.00133112139716955	0.00236382987818418	0.000307184903609085	0.000870004208572691	0.00980386501244524	0.000375191234293456	0.00117575369719527	0.000912816186819116	0.0012346360822757	0.00092451265702585	0.00151289338772415	0.000339581481717031	0.0034401067313805	0.000597346969877457	0.000232810338033277	0.000536371274237418	0.00167029860124827	0.000105284751212644	0.000286003308882965	0.00566329196827278	0.000412079568708727	3.97540791177087e-05	0.00137574222092421	0.00356014448078277	0.000269171937288158	1.36949931143052e-05	0.000801355814678091	0.000251045837622672	5.19047374256351e-05	0.000721266214680286	0.000228027528746351
C[Ins(T):R1]G	7.24921427304592e-05	0.000243070928585758	0.00279100317938946	0.00287200695072199	0.000287190477055487	0.00090413626591474	0.00047523225954588	0.000432814076112437	0.00764654669612993	0.0015206072278536	0.00882219771841569	0.00133786410791478	0.020550660553153	0.000290859142420204	0.00124984051522962	0.00356351509014583	0.00101600976437129	0.000789841044597772	0.00339021756110675	0.000229433001166627	0.00169681321038521	0.000907562476485387	0.000403913544588431	3.27126954129794e-05	0.00341161967262825	0.00445159619879623	0.000519903545954125	4.74855912516119e-06	0.00259638173423432	0.000507772712527005	0.000173072973028738	0.00123724100121455	0.000150793232971197
C[Ins(T):R2]A	0.000115234098139601	0.000260288073071222	0.00180360847023139	0.00108796385017218	0.000281883985225592	0.000481375189261527	0.000398730424123688	0.00012429419265105	0.000939074870886483	0.00109782866235136	0.00239258573005589	0.000504225603444009	0.000662057878020853	0.000168417564281256	0.00118244256718049	0.000333689140085105	0.000925908319364522	0.000661937905540927	0.00296987082972167	0.000158012304931418	0.000170131037555498	0.00210955142147507	0.000506934769051471	9.07053013691504e-05	0.000679417256923629	0.000516372162277963	0.000237486588947341	7.98965650626331e-05	0.00344226562165722	0.000142439340857783	0.000212594659016764	0.000459324270129498	0.000412002520157142
C[Ins(T):R2]C	0.000187731095099828	0.000562630596906747	0.00142626798918447	0.00229524840896515	0.000356639717113637	0.000885092676104042	0.00845781905519148	0.000384856063016774	0.00273894290530441	0.000829957543978541	0.000497970575989069	0.000632906334952505	0.000817137280040622	0.00036017913037592	0.00391898348070403	0.0004082016437251	0.00124948553468	0.000303809867470425	0.00234954546086761	0.000176254233662974	0.000231662563081525	0.00331580028455176	0.000277694558762121	8.97191239238559e-05	0.000923503645298452	0.0021636540015895	0.000287951679928634	0.000138958908910684	0.000978656562844749	0.00014752693645157	0.000241209912668046	0.00169920163886648	0.000232220543463367
C[Ins(T):R2]G	0.000418043724872676	0.000566031411265921	0.000906693666266423	0.0004473304939302	0.000239619196487143	0.000338539994250942	0.000973473286265608	0.000321737195266949	0.0017830590788509	0.00087599406551423	0.000613517331134196	0.000380479958179045	0.0189397003429967	0.000104463136655202	0.00110298241664023	0.0012442481447957	0.0010282556331523	0.00027589949350372	0.00220026980801486	0.000119115834985888	0.000371871056343343	0.000962472359263898	0.000347058689684317	0.000159802956067276	0.00288439307373863	0.0018720710160738	0.000631207724934289	0.000431642494798649	0.000460166131142734	0.000211965368716789	0.000208902202016387	0.00132860368999808	0.000750549634345822
C[Ins(T):R3]A	8.05277422258163e-05	0.000508919581779531	0.00114698329559291	0.00046651687521977	0.000495067313995885	0.00023540904349531	0.000549339277913174	7.93099730087156e-05	0.00119382878188293	0.000534416901325524	0.00162541112305965	0.000574360692448643	0.00078790073025882	0.00187433516956709	0.00121043314303912	0.000619667209436598	0.000676237172165215	0.000783000561287763	0.00283762720385681	0.000627836356326031	0.000545890267951875	0.000596934478361381	0.000374688522002588	6.7401582982872e-05	0.00145200790467247	0.000345647187104144	0.00075633340259712	4.45784736770578e-05	0.00149339894813587	0.000147606951061171	0.000325182622299365	0.000751866909137154	0.000130656409206763
C[Ins(T):R3]C	0.000164701011006915	0.000676412502109102	0.00172120336884652	0.00307007312325648	0.00012329292678265	0.000725660856094833	0.00114936664498277	0.000405896363619533	0.00128678012318738	0.000316078763649385	0.000394239633576393	0.000942197058209255	0.000675501894851076	0.00146456910723459	0.00306713716427562	0.000729171988083767	0.000575153700972506	0.000277807766717056	0.00144279677525667	0.00037575518569183	0.00032781289132071	0.00305501486592227	0.000230258076685027	0.00022094979494186	0.000551502148093307	0.00125585288290439	0.000750958764122038	8.72499481533682e-05	0.0022741778812362	0.000926235784971192	0.000424837438974393	0.00158750125776701	0.000207321283230224
C[Ins(T):R3]G	0.000256941778507556	0.00012453281988802	0.00122782532405692	0.000554403702254897	0.000112806719378181	0.000295966942236032	0.000357687758354121	0.000415232691903239	0.00147700510865636	0.000510211790099433	0.000528350400848215	0.000589667876548017	0.00968173573294914	0.000879621314518034	0.000747541161796045	0.0019431448009565	0.00120759681230557	0.000409719030810574	0.00204945828691941	0.000212825571349685	0.000136812196649228	0.00111675213633546	0.000172427988532699	0.000101729767518299	0.000926271909681329	0.00162395140830566	0.00112923918661229	0.000204385443750687	0.00225275742226111	0.000301635074542811	0.000276890024948465	0.000635019334303391	0.000409931895605529
C[Ins(T):R4]A	0.000222976963979184	0.000530165143145997	0.00054066936965236	0.000460886736018084	0.000372571266532401	0.000353992404717723	0.000244615346469297	7.49235259621332e-05	0.00104464384377242	0.000346339444571313	0.00140615928067194	7.84173708056033e-05	0.000389676744582585	0.0101384678202554	0.000978732331862792	0.000544601375835465	0.000157190422761667	0.000123831154483507	0.00116121735064984	0.000177009326119303	0.000408316832406722	0.000327652291706365	0.000131922945680622	0.000127370381095956	0.000782375397625244	0.00084298957780435	0.00128364807113603	0.00011105320250097	0.00195208081018711	9.30503230816571e-05	0.000446369042866764	0.000557434804357363	0.00207642230035724
C[Ins(T):R4]C	0.000286505424713528	0.000688139848711319	0.000390660720670324	0.000808167885850295	0.000198646318160069	0.000332540450103255	0.000598122098252437	0.000232385075692512	0.00209762667589107	0.000182714311867669	0.000263334907396089	0.000180792696688219	0.000496684731210458	0.00951751228617956	0.00243494198869083	0.000289060351036424	0.0002777341975489	0.000146621496186872	0.000700484802717993	0.000224032248414957	0.000122688287287905	0.0028915155188393	0.000165326016717832	0.000188513382704216	0.000751157893122955	0.00143461897079652	0.00226547660040568	0.000124430605221262	0.00111880787094445	0.000128923539719372	0.000540690815679145	0.000875430944087604	0.00790600689735391
C[Ins(T):R4]G	0.000178404039332556	0.000508613584714232	0.000393869912808097	0.000227157349657366	0.000224454341564849	0.000575883173876584	0.000326647753874622	0.000148176072907912	0.000427122109902016	0.000104519522081438	0.000249967784458064	0.000258472062708236	0.00162664035261828	0.00465311054882638	0.000606228543312972	0.00142553384748597	0.000223479924329531	0.000137902791210193	0.00118338755503147	0.000127495519562222	0.000119432527086871	0.000774736077505411	7.50823018256628e-05	0.000115325202104596	0.000948439319085751	0.00131648442414058	0.00173059422394881	0.00011213417530995	0.00115854143417789	0.000146666779398361	0.000265354695929805	0.000832715513158581	0.00145316431032181
C[Ins(T):R5]A	0.000431012146426858	0.00183789206030983	0.00112598481431911	0.000543675985446451	0.000397473745256312	0.00015476673329143	0.000460611967580898	0.000150778650694187	0.00210788668773069	0.000239552660428365	0.000285053250274116	0.000192596667528613	0.000569465362652933	0.0252284323737363	0.000858198032060541	0.000902800695185059	0.000623883450121006	0.000256767927607026	0.000547276038323457	0.000439951857146673	0.000292339158770589	0.000326391232922486	0.000501754841634724	0.000225615910791969	0.00209964335704653	0.000582510960777831	0.00462835890060986	0.000210719769590908	0.000863780542080059	6.8112436422725e-05	0.00160679101537372	0.000499560260174323	0.0028342708862475
C[Ins(T):R5]C	0.00043051077383803	0.00212590644398102	0.00111732482382015	0.000383774366569681	0.000589135295444607	0.000308663587824314	0.000985685530142239	8.92809275287003e-05	0.00108585852963028	0.000349119444342847	0.000157096013484402	0.000100412787426369	0.000630873411882531	0.0137717658977039	0.0018368280179628	0.00106922831941182	0.000286935354623604	0.000264987025620371	0.000671030501537775	0.00020677101903217	0.000911624567657297	0.00238460064525148	0.000622364015807369	0.000265435223437188	0.00039866201264639	0.00067911635462524	0.00620336678831172	0.000148415964152587	0.000562922400692707	0.000223447465194512	0.00141742916365926	0.00226153255433695	0.00240575513529124
C[Ins(T):R5]G	0.00033907419040218	0.00156228380676649	0.000745272911160754	0.000509464568521287	0.000410996545823963	0.000309605152312565	0.000228870416660856	5.29302689757328e-05	0.00102403650084348	0.000167847207284619	0.000152726489738704	0.000353576142553169	0.00149200155359933	0.00637448910520432	0.00093538777323147	0.0022284156210971	0.000679147839959919	0.000195466528850274	0.000598520335942716	0.000101702666267376	0.000105999588415696	0.000226360051706178	0.000226525899900876	0.000335123817149225	0.000498362119112773	0.00273489189116095	0.0045214601056402	0.000207343550608683	0.00169891148723581	8.39553291236936e-05	0.000879665521066349	0.00123435355107093	0.00135972737743029
C[Ins(T):R6]A	0.00103367794781027	0.00493537040339657	0.00183968918889812	0.000670438392524014	0.000916284440784595	0.000206592758725292	0.000464356350047948	7.90191026504215e-05	0.00105861492372423	0.000416443736875052	0.000385397165404624	0.000215793009878358	0.000419891425456864	0.0135256112816322	0.000266053546132447	0.000353242729838556	0.00087673814022077	0.000512442730204051	0.000269926158569589	0.000114925992697722	0.000701229848191163	0.00104373375699577	0.000609321825445999	0.000536553438300372	0.00290896674372202	0.00211176167610505	0.0100840560915747	0.000580710393360965	0.0024553975269322	0.000329353468885372	0.00381319061533312	0.00276966100895919	0.00631944260029445
C[Ins(T):R6]C	0.00119414722622905	0.00902640633508853	0.00351887499456546	0.000418737885108957	0.000634243494480986	0.000262156092105934	0.00301995692345977	0.000317020213722305	0.00157323092182452	0.000170088145758339	0.000322051998677043	0.000301888093891453	0.0004911698077812	0.00711104576372864	0.00125716765052639	0.000730594279885283	0.000492003390238612	0.000805231192934461	0.000463280155953995	0.000467006267350264	0.00139142758807522	0.00158443577873213	0.00128065356387684	0.00120914180505653	0.000721771701981646	0.00106777875456661	0.0202507043855622	0.000552096664329736	0.00289653511475808	0.000568670498317386	0.00536035010195168	0.00193443466958877	0.00202320724938079
C[Ins(T):R6]G	0.00120931068425327	0.00738526929880822	0.0024960710185761	0.000685994573367314	0.000495683084378877	0.000203723950965334	0.00122679465274663	0.000237529209511574	0.00107734490278464	0.000310968554106405	0.000307366262064281	0.000542131746325379	0.00091452030092972	0.00134131379482764	0.000224171072651565	0.0011857471398199	0.00106368631135724	0.000464762194973984	0.000525739513846148	0.000579630148900641	0.0012332655682372	0.000833752090714356	0.00071746258036688	0.00107037474297798	0.00222522673549282	0.00115741173663575	0.0157464494214468	0.000702378107837981	0.00156228398345405	0.00106626801965682	0.00406404704539491	0.00157202829123651	0.00189079080930516
C[Ins(T):R7]A	0.00183815557792581	0.00754325670887803	0.0023701766963938	0.0011768704760061	0.00155223035926562	0.000469035593750049	0.000536372865129752	0.000147109209251092	0.00188242838500821	0.000125719166284043	0.00058644696804694	0.000483982306668856	0.000323135454477448	0.0084401535445362	8.90305421964197e-05	0.000351610016784212	0.00162933246917138	0.0003335308471238	0.00031057618741545	0.000243259480717577	0.000911811949539371	0.00151762273133506	0.0022664154231337	0.000294567749369779	0.00294525230147911	0.000803740673925226	0.0104812597203626	0.00129082066182382	0.00306417209653767	0.000397465905308097	0.00538400207268101	0.00256339663565608	0.0131925184400764
C[Ins(T):R7]C	0.00115014594492597	0.00791792343587682	0.00236465186451289	0.000689086546669775	0.000609129721998206	0.000648831675282614	0.0007092627792532	0.000245780367612414	0.00439150336548035	9.64450476523835e-05	0.000262766093654045	0.000271095126481729	0.000520857588687006	0.00542966733246235	0.000573168709368458	0.000160292286030908	0.000789772365288885	0.000471516280087327	0.000501354651900564	0.000233493925230542	0.00147482423696575	0.00239824929977212	0.000635260542914907	0.000799421530566735	0.00157745286989961	0.000445415590991878	0.0133404790364886	0.000770828307186121	0.00160626746825883	0.00115316388568334	0.00449238842390647	0.00149482038522226	0.0134378356838287
C[Ins(T):R7]G	0.00145781488680997	0.0102305443524956	0.0027518400912231	0.000738933462122591	0.000357219265709394	0.000386115883056284	0.00110566454148925	0.000153114766823564	0.00182278933746388	0.000234522566152575	0.000841689207203954	0.000677897939634852	0.000835637199736226	0.000826092857200799	0.000443331370623265	0.00187841298888309	0.000978759918794666	0.000261069055223699	0.000421661348678125	0.000561839433953964	0.000619929534106337	0.000679133980798335	0.00134919700671037	0.00100132313547575	0.000827679108968096	0.000874593822539692	0.0148332262627902	0.00137805458477383	0.000947700475821433	0.0013028645523624	0.00557866362915692	0.00551189124155397	0.0140548300345955
C[Ins(T):R8]A	0.00203381917792689	0.0130141194356464	0.00274127067968489	0.000733139022003321	0.00113845077278911	0.000734883500935833	0.000698677952491222	0.000233796712256541	0.00196730269571551	0.000425480739014218	0.00127763323014018	0.00104864629368018	0.000215443109917978	0.00447902227386496	0.000203271609772565	0.000425485411630926	0.00190615229575188	0.000529312917214074	0.000128725091345227	0.000409941536229893	0.0016434327967294	0.00205307290459954	0.00234401485704082	0.000490529266009079	0.000905488632468345	0.00287816676557609	0.0159510364696374	0.00137636465423688	0.00144700219128305	0.00128357436356446	0.00709115742142006	0.00153973278908664	0.0036095127183713
C[Ins(T):R8]C	0.00194842241209062	0.0130888865335302	0.00235830558244786	0.000255810863129092	0.000449319196718359	0.000993182349354903	0.000946190895286611	0.000300921658122872	0.00160134772022755	0.000326019923803995	0.000593996677714064	0.00108862788256496	0.000221284633433291	0.00545130757815212	0.00016438223346394	0.000603117967570734	0.000954296904927996	0.000258349390250362	0.00044074048396712	0.000268223573999378	0.00029570032128029	0.00230060951661548	0.00173852646210419	0.000533295599191209	0.000481326645987377	0.00133656565954646	0.0182725391272981	0.00131890774439893	0.000819530102402715	0.000783929801796077	0.0063924732112722	0.00102896796694196	0.0059149978597507
C[Ins(T):R8]G	0.00279286745857257	0.017391024141694	0.00387638350510159	0.00138815720685721	0.00158111119762081	0.000650352239895412	0.00145816573473	0.000554666381594731	0.0018599873378356	0.000124517437276175	0.000297489587088797	0.000538172797148735	0.000315925215098942	0.000298589617966256	0.000165716908336984	0.000662215166096211	0.00142345538280423	0.00034743720034382	0.000275079372435644	0.000579588710899989	0.000540397636533583	0.000965202090168025	0.00148326937357559	0.000930134170630985	0.00104060122869415	0.00144285831030211	0.0205622707083351	0.0016235097110824	0.00215071659176963	0.00133876444053665	0.00818203918120951	0.00174292140028025	0.00435985529026196
C[Ins(T):R(9,)]A	0.00508256857484114	0.0356697581113381	0.00612220899537213	0.00735958907320713	0.00189572156761303	0.00130024955112154	0.00257391232371004	0.000768317778966341	0.0024117140170579	0.0010104183278305	0.000929622640689874	0.00161019505882188	0.000247462158899712	0.00387708777830379	0.00028250827015411	0.0015051588082317	0.00350279241234098	0.00138933934905194	0.000771890861632287	0.000832116491096774	0.00190878896448134	0.00145734565934224	0.0038657926210623	0.000841692856393055	0.00325634133509026	0.00235798520156019	0.0257021011659242	0.00087352218087587	0.00145871617109146	0.00199591109342018	0.0162009452908747	0.00293063635446614	0.00589403278616562
C[Ins(T):R(9,)]C	0.00424607914864029	0.0382330879046423	0.00601384967327984	0.00860459344007057	0.00312606097765224	0.00237499371802097	0.00151426531656848	0.00105928475503683	0.00178515474084367	0.00105838219379405	0.00252134447711848	0.00306231647231044	0.000192328503486875	0.0113708683691496	0.000850937734942071	0.00228529755143309	0.00266201633868898	0.00100844350793808	0.000424200364430387	0.000824570170755779	0.00145746799013865	0.00130810242802336	0.00347256045629448	0.00049056763867232	0.0013984419888638	0.00223852339728514	0.0308889999499767	0.000586496220195012	0.00445423815259882	0.00559246110883233	0.0162201167894841	0.00447062022617397	0.00424265794064068
C[Ins(T):R(9,)]G	0.00527857566938671	0.0361092958531943	0.00661171540896483	0.00671105794182337	0.00204079586245286	0.00135594109167261	0.000761816444126417	0.00098567523083314	0.00283250548135675	0.000765496799996512	0.000679473870041159	0.00280916030220937	6.79111187454546e-05	0.000387362940766477	0.00089326301135423	0.000512381595668782	0.0042876195147484	0.00101497596289475	0.000241200052262482	0.000720717332676784	0.00215813569268359	0.00134944823949235	0.00218845893661657	0.00113380475531541	0.00130008342590605	0.00463822240973136	0.0218260490629472	0.0011174651107212	0.00243397706795711	0.00152178452423033	0.0146806489365974	0.00257252976600167	0.0122002233893298
G[Ins(T):R0]A	2.61633738308401e-05	0.000109860569144915	0.00102956355822539	0.00278092617050452	0.000315087290190806	0.00161671447633826	0.0707414800810893	0.00114966915927444	0.00063210404857011	0.00026861733486151	0.00169501324094971	6.40976145278346e-05	0.0015151284005788	0.000258080908937109	0.000913711316529665	0.000352278299096432	0.000616214223464567	0.00124352924462507	0.0010873947158292	6.93303793134208e-05	0.000509397646417977	0.00125219292547714	0.00072054815441451	3.61240251751071e-05	0.00846585289986075	0.00250282003460557	0.000177785587643796	1.14143153077582e-06	0.00066831618438368	0.000275850366598936	8.67713756365302e-05	0.000591864508787295	0.000159903980998293
G[Ins(T):R0]C	3.08248213302898e-05	8.8634246028106e-05	0.000314631514758376	0.000554736553251726	0.000350687270078055	0.000801199693772348	0.000429611656201757	0.000338976857656612	0.00135990999481018	7.29884419226213e-05	0.000306952579342795	0.000363119909585689	0.00122276178998366	0.000234406327577325	0.000348556922478689	0.000743428027962802	0.00131263936617298	0.000391259868270548	0.000589788441667805	7.97911723669532e-05	0.000229882435201823	0.00036802924093896	9.914871356849e-05	2.34418599739462e-05	0.0241105393521292	0.000284041749043543	0.000122943105560727	6.13328237979095e-07	0.000338285214521786	7.23398749633033e-05	5.07045297820751e-05	0.00112648217994451	7.09706565065261e-05
G[Ins(T):R0]G	0.000243044812145019	0.00122496505609706	0.00109534201861883	0.002406618936117	0.000408666277511859	0.00103219592917557	0.000568378735051281	0.000618543953146261	0.0039551690747351	0.000674548804177261	0.0016877737933237	0.00105038609633883	0.0064956940290748	0.000786118161285031	0.000206452689321307	0.000901555702772499	0.00325404042339263	0.00077633663081442	0.000663086948025198	9.98563731272061e-05	0.000260718466170614	0.000423892607188209	0.00087542372086049	7.20676988329814e-05	0.01086041223822	0.00111633569889137	0.000358647770912081	8.2879438144016e-05	0.000399204316442454	0.0003319739473498	0.000930596150571176	0.000679523728908354	0.000261053990344574
G[Ins(T):R1]A	6.66599012418835e-05	0.000695875440002636	0.00660139191746606	0.00444839210447975	0.00135071044598492	0.0023434078826552	0.00306572306817187	0.000223580653693378	0.00281831610328068	0.000873513925742754	0.00366098866447291	0.00323768242170882	0.00131764161873109	0.000210274020691788	0.000670175970407062	0.000110260736481399	0.0042750720471663	0.000556776274424113	0.0039837092710968	0.000901612622412803	0.00146675510466894	0.00200702119083949	0.00102965446095109	2.40558225858027e-05	0.049552911993202	0.00158503862810929	0.000474923315526018	1.18732188587402e-06	0.00303167834944835	0.00442703498422765	0.000912774279395263	0.000754566047314888	0.000148670842805794
G[Ins(T):R1]C	1.46960650437626e-05	9.21414152391567e-05	0.000755336963455601	0.000814445314011772	0.000157872659662786	0.000774425073727222	0.000684560439797435	0.000324668273492836	0.000376302306577274	0.000336236909378505	0.000733769727236229	0.000212959030444417	0.000680447076392565	8.53149521611981e-05	0.000980875330954723	0.000253033504869518	0.00283957186144846	5.66959992300794e-05	0.000599957393081687	5.78888869111196e-05	5.72568763412151e-05	0.00258573952128009	0.000319453726702066	4.80425743777715e-06	0.0217032885862916	0.00122193886516957	7.81045892330371e-05	1.36942646959703e-07	0.000504544709158913	0.000757291604683127	0.000115595150211744	0.000322955021498636	2.23627451574174e-05
G[Ins(T):R1]G	0.000131928025463327	0.000347278719204106	0.00161589873415518	0.00205678687290058	0.000526375012095813	0.00132683806398377	0.000657899907390704	0.000479736753457249	0.00231937391050135	0.000832050841459865	0.0015870161954717	0.00123324397470799	0.00972612329967022	0.000142734076447334	0.000524949141106955	0.00124461443364321	0.00729400902418081	0.000206702050860289	0.00206478045219935	0.000690265006419713	0.000803833139994269	0.000864002122761781	0.000605856105833492	5.53679157904845e-05	0.0951636345032853	0.00366840216229916	0.000321996305607878	2.95410055715466e-05	0.00255499305079093	0.00125640273572084	0.000397489374251829	0.000596038757364489	0.000194949301534338
G[Ins(T):R2]A	3.11167685777264e-05	0.000143551463110231	0.000992669114611391	0.000960466338127153	0.00010150552176093	0.000397418792630478	0.00188775092886486	0.000134032247478554	0.000817482815680808	0.000699070942960666	0.00476867586159252	0.000154213233652392	0.000865014515824283	8.51623769859471e-05	0.000309769892130595	0.000105526258292789	0.00131570801429207	0.000237189344953665	0.00201885476964151	0.000109741638393903	0.000178504665410677	0.000722732781436083	0.00066410897269816	3.10089491650776e-05	0.0268357572238525	0.000738187937231195	8.12616644701098e-05	3.08339481159799e-06	0.0011370782624232	0.000505365606354846	0.000210644927761455	0.000610067998823176	0.000237397104842399
G[Ins(T):R2]C	4.49799864856903e-05	0.000119653927177843	0.000453144367550999	0.000318674377138762	0.000146173022385952	0.000602712936790715	0.000911684360042565	0.000100094999276048	0.00021070134952337	0.000628411566305674	0.000339685224680394	7.84953796563746e-05	0.000583120807136819	0.000197152555620199	0.000677782990575493	0.000398015696412322	0.00252177289617937	0.000269581155817044	0.000889282748993644	9.77200139824706e-05	0.000285183513148891	0.00173832339727945	0.00026315665547726	3.38677125765345e-05	0.0427868160131105	0.00034818966111476	9.14300885642445e-05	3.74479865967996e-06	0.000740650276655479	0.000130977248032461	0.00010065104963573	0.000762161296605721	0.000131018768503295
G[Ins(T):R2]G	0.000235494635626397	0.000653228959329078	0.000879474438026262	0.000765878812606333	0.000125200607577015	0.000365835714408161	0.00141499287257459	0.000164501426024476	0.00183632382116721	0.000809284371531764	0.000596452918872888	0.000302880653874293	0.0175912932187147	0.000140954032736072	0.000220198378428513	0.000963616333941957	0.00391327795519766	0.000302957154833757	0.0020978542470704	0.000152215589062405	0.000392857827135623	0.00019127339785961	0.00037829279934435	7.67261401504426e-05	0.0635986489379208	0.0013485023595624	0.000326143629991076	0.000196964317754807	0.000959019362418437	8.9222957589083e-05	0.000404321768420712	0.000892190709051673	0.000270578863281993
G[Ins(T):R3]A	4.72170929470448e-05	0.000207688883579842	0.000821273147434547	0.000557018353064032	0.000200982623436712	0.000240813044657749	0.000280881609162522	3.33890694503364e-05	0.000787968909282591	0.000259198068447461	0.00101879712234025	0.000274499802244997	0.000529696377387287	8.26448865943052e-05	0.00054101954560336	0.000190826747830041	0.000993030808097317	0.000239552147810335	0.00159034967799663	0.000300282773837295	0.000153571163727215	0.000490259670381226	0.000393505727464041	3.33496816227805e-05	0.0158447680841263	0.000267089049454119	0.000279412967989297	5.41214822824783e-06	0.00171952040339828	0.000103905638450839	0.000206852756540187	0.000383560089187058	0.000150896764198777
G[Ins(T):R3]C	6.01295752820028e-05	0.000128943460861263	0.00055257975355225	0.000494249736998139	9.4212868597661e-05	0.000321772426358404	0.000381159611698806	0.000170442910755785	0.000460434403662134	0.000344182054876236	0.000593634705332763	0.000250244181816358	0.000414427133386773	7.8449069274902e-05	0.000873660626872977	0.000162924500036181	0.0010947079023271	0.000261809074560367	0.000901872572448811	0.000159471843398834	0.000105835629268881	0.00259423628930562	0.000186043950003675	4.95429455104959e-05	0.0173142905846058	0.000749633379556947	0.000169788363532596	1.89148389021415e-05	0.00125608674461528	0.000439633604567746	0.000124827656585008	0.000629966296552052	0.000234032339946028
G[Ins(T):R3]G	0.000174045865616667	0.000383706163436665	0.000811227120692329	0.000604549475411249	0.000288675570332113	0.000452094325820147	0.000342339759549254	0.000188261262774363	0.000897074311781327	0.000439457419627629	0.000192491741341569	0.000365682910906425	0.00838603696633701	0.000138105962798053	0.000136523245268846	0.0025947083653008	0.00116214635170867	0.000175797791556913	0.00134485778692449	0.000102950410509237	0.000147633500338997	0.000355518615076947	0.000805700760947147	5.15766966622705e-05	0.024416006679609	0.00234362668731719	0.000310512214803697	9.85018261724455e-05	0.00164023480624474	0.000128610149165102	0.000368821384204088	0.000356913946013847	0.000133762346034182
G[Ins(T):R4]A	9.72847745365181e-05	0.000219614057466268	0.000317003806238355	0.000120591207957626	0.000159188717932316	0.00015987434153297	0.000289878711910203	7.98551006732109e-05	0.000234452185441462	0.000162841147588987	0.000683403855895279	0.000305187047133281	0.000209913163997539	0.000329943816480341	0.000412700686721553	0.000291271722536042	0.000527151618772681	6.15455675734195e-05	0.000874688778586818	8.77841022705326e-05	2.98288533526437e-05	0.000342892648472505	0.000125702058913322	3.86297600847465e-05	0.00670283049177205	0.00169586463930421	0.00010255726978219	8.83323777990177e-05	0.00185508008768976	0.000353644570783364	0.000262530570974579	0.00029329588687121	0.00257420044256494
G[Ins(T):R4]C	6.58062502642247e-05	0.000229253146516097	0.000200288996732594	0.00019940465845791	0.000228251592259962	0.000218671804180724	0.000114726291066382	0.000115725721432071	0.00048545136870086	0.000132755575751063	0.000431600354360619	0.000112588326740174	0.000184329861515627	0.000177216066054065	0.00162119761128288	7.59562272357813e-05	0.000706219922820197	8.21459028134483e-05	0.000668388378546842	0.00017239129115773	7.50932892411273e-05	0.00191302617514358	0.000239665791225182	0.000107090428573071	0.00796639412216553	0.000415853944020997	0.000152577973337482	4.85862313556338e-05	0.000957011861776704	0.000144359691488203	0.000164275693467633	0.00101785756095454	0.00390928738783103
G[Ins(T):R4]G	0.000203335825725279	0.000587546308127585	0.000424475369863643	0.00055067718747763	0.000205612975238225	0.000238182729806235	0.000297274859610135	0.000109642869638514	0.00141889414798177	0.00017195597598771	0.000363937374227525	7.63039468090492e-05	0.00190973474782314	0.000397916057054673	0.000191067376152537	0.00174487927217003	0.000848335192809624	9.40951490567984e-05	0.000929638492595799	0.000182271952202132	3.77925833407857e-05	0.00022655997565972	0.000190118968348673	0.00012082784201336	0.00937268307583772	0.000580537311461116	0.00117450896869002	0.000206529178910274	0.0010085982213523	0.000347076704911961	0.000337498995534554	0.00169957826279826	0.00291807941497402
G[Ins(T):R5]A	0.000270384065348551	0.00120306357931304	0.000668251656084451	0.000133488829987954	0.000307124533963694	0.000277058452454395	0.000463483101840085	0.000111783716156728	0.000648782025262594	0.000208998986529281	7.96856342262882e-05	0.000139435688592466	0.000179536574051638	0.00683473212134904	0.000768359165645235	0.000695640971776782	0.000333726254336488	0.000290455711420407	0.000357792858524141	9.11221634341819e-05	0.000379471733934967	0.00046283164183187	0.000336464352539778	0.000319291256295976	0.0059160152239635	0.000393523265507424	0.00213190406253526	0.000235782459239538	0.000466904072126423	0.000256846896818734	0.00104161929767608	0.000736393942606656	0.00149711331642979
G[Ins(T):R5]C	0.000342080345550963	0.0013202397651294	0.000399696672695557	0.000166748434700909	0.000200348742160104	0.000124588419657002	0.000450212375287256	7.83621017711977e-05	0.00108620780662908	0.000137367926133641	0.000124751195698196	0.000210142500358674	0.000131365565107096	0.0062897081661565	0.00334096064863611	0.000433949022022416	0.000339844401444434	0.00010509025869348	0.000326018644473836	0.000129972591156764	0.000289774369259702	0.00142465040355534	0.000149040154386991	0.000330868288795795	0.00288263629057257	0.00105456650826738	0.00322402027828702	0.000142501935691599	0.0013514643814874	0.0002912131716423	0.000732989236044737	0.00163630544225975	0.00233814924368109
G[Ins(T):R5]G	0.000281012054693473	0.00163393140431917	0.000518280345747146	0.000569359334916684	0.000141657372910683	0.000207251716009896	0.000467227484307134	7.18195527680294e-05	0.00160815862170406	0.000118199776206242	0.000194430879098536	0.000363608491335257	0.00150374413420612	0.00302030188168166	0.00106441052167856	0.0024986783402143	0.000791945791569798	0.000543966802657428	0.000364561419129368	0.000117228103845066	0.000284960997163928	0.000653036215478314	0.000638365657155124	0.00039945174980649	0.00755978932017442	0.000826476424569304	0.00315604212378503	0.000307416575129491	0.000694157416048539	0.000171017892253554	0.000769162767023064	0.00101820279955867	0.00133115275861803
G[Ins(T):R6]A	0.000998814869621141	0.00508079850331296	0.00121067722957871	0.000244032187002999	0.000362912123269793	0.000682432982510495	0.000540937571670854	0.00023499680674181	0.000990636887833665	0.000253199723942475	0.000249683377587042	0.00012117853821524	0.000217426635142485	0.0153750766976334	0.000531958795056778	0.000479750714721114	0.00108998285444327	0.000216709215900303	5.35019165326496e-05	0.000839455621434507	0.000242460444036035	0.00177502482152001	0.00159520447862067	0.00083459007642714	0.00215576459382401	0.00349727211499484	0.0078297145453925	0.000853511800798051	0.000804708767877581	0.00140554330013269	0.00339588902556314	0.00283174118704707	0.00116886755938538
G[Ins(T):R6]C	0.00110196424717802	0.00851389174152404	0.00257746089508609	0.001163312817531	0.00133226148235334	0.00083683715143822	0.0010098057041261	7.12795102496582e-05	0.00480238409493838	0.000292639325476878	0.000464384710038404	0.000477707726343001	0.000172714137501036	0.0149058826045406	0.000973021845003789	0.000693546500973179	0.00151060307447328	0.000736191520911031	0.000420550797794944	0.0010119620181496	0.000770326917205924	0.00318768747724567	0.00198380206498304	0.00183394469427862	0.00202711483021516	0.00572735794598713	0.0152767310373867	0.000868368621156509	0.0033381852559393	0.00195313661670439	0.00467527188209036	0.00164214311320229	0.000194794004692967
G[Ins(T):R6]G	0.00165251041470316	0.0106596520591511	0.00207019995592315	0.00065600823952105	0.00157808667838671	0.000304962122742388	0.0003755099604146	0.000103160325359609	0.00130193001301013	0.000405706002063799	0.000128112367810272	0.000555758660836429	0.00107988732746593	0.00339535709164456	0.000937238355293313	0.00126590789542235	0.00132168733020586	0.00077408652125775	0.000300475974160682	0.00110571779673635	0.000721104039058629	0.00229899474622149	0.00108318215397195	0.0015195804879428	0.00502863742886159	0.00708407378938721	0.017403969031949	0.00212947855593676	0.0033652971927976	0.00230805475335723	0.00510296739128667	0.00106035329459003	0.000855789127181539
G[Ins(T):R7]A	0.00172360823772139	0.00950198312632579	0.00176922923497892	0.000932730643574343	0.00188512065788232	0.000343884716829202	0.000307277520900204	0.00016302673364851	0.00087908654634336	0.000204244717673392	0.000572278334836036	0.000298878594543276	0.000210849565947846	0.0116807231208886	0.00025718077796235	0.000199346860224604	0.00184622509270238	0.000322227709133784	0.000125756462098504	0.000594994438698017	0.000509374223682718	0.00107771313971503	0.00278555925978986	0.000528552738014617	0.00160459250802251	0.00364975160718401	0.0110841534929006	0.00157644368879168	0.00211735791089318	0.00223057393972707	0.00575560909033256	0.00200545966605635	0.00561791500220806
G[Ins(T):R7]C	0.00142079583714274	0.0102310474508734	0.00180946098090832	0.00100810368951591	0.000630995607558934	0.000554049354894259	0.000413403640222479	0.000145374157393576	0.00206964085636258	0.00017291507018637	0.00102792399738304	0.000379148675554697	0.000213391705288875	0.00972722686456209	0.000791756705438415	0.000381030025281334	0.00256675899036824	0.000396387413420555	0.00025517108310234	0.000633356818857362	0.000159321445233359	0.00162104493037875	0.00230530573552561	0.000844029751584434	0.00148719680384712	0.00102911591249332	0.0142741667609794	0.00127743816017519	0.00253744877656557	0.00269253162037346	0.00554141506370594	0.001092460484774	0.00126370216384925
G[Ins(T):R7]G	0.00218798142495508	0.0143308346082443	0.00200648864015446	0.00068469574628607	0.000634937745402986	0.000401438707780905	0.00192510213630118	0.000295276128895981	0.00320824021281098	0.000211310884239655	0.000113142224326488	0.00139825424916648	0.000740506439747212	0.00128661559450014	0.000776469560844031	0.000958338267516878	0.00289288304000408	0.000434319978200608	0.000333285556732637	0.000899255260597923	0.000319708624921013	0.00144771855204092	0.0022686536633755	0.000601821501207043	0.000663318734820129	0.00130419436332995	0.0159640829146597	0.00260130861868973	0.00252643955762075	0.00279252321083799	0.00694425988599951	0.00432461568195515	0.00742106662736621
G[Ins(T):R8]A	0.00175694223353381	0.012802714665996	0.00265573492607013	0.000904315083155669	0.00109723037891594	0.000891570584640344	0.00264771502830793	0.000173438061822835	0.00167526346509764	0.000541068757510027	0.000722160755864521	0.000639731082962746	0.000103677444694102	0.00504243153767525	0.000161019437617928	0.000435051785254824	0.000761307183204497	0.000331949384480465	0.000228872293038935	0.000427455997838889	0.000678685465504143	0.00102676328909321	0.00230345296999212	0.000343136029233953	0.00150599970730928	0.00142375097172064	0.0141381973302995	0.00167659319723765	0.0010790636295161	0.00236756561924787	0.00714592507839142	0.000684513996004397	0.0012500360418086
G[Ins(T):R8]C	0.00205099020669061	0.0126828563777888	0.00219465352143456	0.000552876836831144	0.00122073459945745	0.000686502526243026	0.000502316185023089	0.00019233751590738	0.00123761938560691	0.000312307623572315	0.000453603104109669	0.000733206214831705	0.00014045695421465	0.00525730824282044	0.00014925174084996	0.000788639372146624	0.000574469119566844	0.000354161233910496	0.000296398942098251	0.000543790882558785	0.000652006970043868	0.00246202504095192	0.00173662040513637	0.000565390494726007	0.00101021420350672	0.00259861528419197	0.013853094803612	0.00156415964199206	0.00309729585712626	0.00247780574762544	0.00651284191461174	0.00104852102606671	0.00150586170516035
G[Ins(T):R8]G	0.00270246436376957	0.0202115642511102	0.00382593127083132	0.00130263008093152	0.00131878094053746	0.00060363382270309	0.00124285712735793	0.000364227659250062	0.0018101717058824	0.000579754131029016	0.000136515298090461	0.000912831858055095	0.000130141510270094	0.000772513541491814	8.2012533474309e-05	0.000596464369622544	0.000962689011250554	0.000653072699274248	0.000223300206015781	0.000601537038578769	0.000327543529865229	0.00249575067403784	0.00149568450139302	0.000523809876838026	0.000429517513344765	0.00115976460241507	0.0166569327741619	0.00242735066562416	0.00101963947488183	0.00247530529107541	0.0090739731884384	0.000815328041641551	0.00148355072561673
G[Ins(T):R(9,)]A	0.00331350856573143	0.0234146014181214	0.00453504814226614	0.00920472237096649	0.00426027983829942	0.0021366827810443	0.000870469690838115	0.000379892960399728	0.00237565116693227	0.000670982530283436	0.00131005561343666	0.00240187506590016	0.000211652434643207	0.00408967585582022	0.000181536669664742	0.00033795406714472	0.00338404865579521	0.00159811871307557	0.00109490650777984	0.000990920722262878	0.00232357047181962	0.00115144663165778	0.00214472443284418	0.000288643010165364	0.00182494635289951	0.00469757840468426	0.0182367064545741	0.000876363740800284	0.00234794285162498	0.00410362926798928	0.0115042806167861	0.00195700072016773	0.000631954613152203
G[Ins(T):R(9,)]C	0.00288784832319998	0.0263154779172042	0.0057212730659333	0.0130302992704388	0.00175580284048961	0.00313783465354208	0.00138323839228866	0.00039554910828637	0.001987167825022	0.000595183186986222	0.00151860341540592	0.00481985177445886	9.31149642278959e-05	0.00820673895559801	0.000566532931478534	0.00116087651674269	0.00209855796900342	0.000466125783903986	0.000823367150538555	0.00114287387065449	0.00133735620372926	0.00163353248809228	0.00292917079339991	0.000428787650854259	0.00294559301094162	0.00504665577706374	0.0204692196554	0.000658595066982626	0.00156195295941206	0.00605415207411337	0.011538570488546	0.00324841279690285	0.000361738109166743
G[Ins(T):R(9,)]G	0.00250043201431372	0.0202997923159804	0.00460678597911281	0.00573962310106028	0.00124999576657862	0.000859402992006579	0.000946548133189828	0.00088071984889175	0.00190692143454874	0.000366658965338632	0.00102187388758131	0.00267884959629265	4.97005211022327e-05	0.000385303175900588	0.000544033529706338	0.000757463904864343	0.00157965005079403	0.00155609538150551	0.000397446184062854	0.000329883318969848	0.00121877860647936	0.00133866772476675	0.00238202053162288	0.000256571138228509	0.000868436478420607	0.00202974749751178	0.0117694111506897	0.000901881691908222	0.00189720556658144	0.00105297892657894	0.00827519681322418	0.00102542142491773	0.00100818709418024
Del2:U1:R1	0.000551250493149003	0.000577982720133013	0.00814751373739276	0.00383831022058503	0.00359632844132138	0.00491239007811877	0.0012183135603036	0.00166960806095899	0.00241105912268516	0.00743004553182969	0.00511655717519236	0.00387303679757039	0.00323572052582264	0.000147057039746113	0.00515956899693137	0.000608201199502455	0.0596754398598299	0.00122744791071505	0.00550008165341479	0.0114291116485507	0.0333313018014285	0.00206562966675853	0.00225440886297945	0.000116384287610049	0.00422397750295419	0.000430626148950469	0.000316660157382291	3.44323346903466e-05	0.000688252374267272	0.012430202922651	0.00189933950691231	0.00173934347292837	7.73378270027352e-05
Del3:U1:R1	6.77516406319411e-05	0.000358934194609492	0.00210910424865533	0.00229333486983019	0.00154016246715189	0.000588338569412972	0.000620151768950803	0.00190038826453476	0.000555044810710859	0.00649906835844215	0.00442968872650463	0.00122209486764118	0.000202055288332546	3.275280428722e-05	0.00121727361285011	0.000372696954000394	0.00294131597763405	0.000947059467427993	0.00318073802120776	0.00174374329700053	0.00100480020851856	0.000907362552531845	0.000291640927125934	0.000181333857411819	0.00058099481094165	0.000905508582797579	4.8780267787443e-05	0.000582942995557409	0.000725134859461661	0.00121612871555508	0.000224100589009812	0.0020744446162268	0.000161974605549905
Del4:U1:R1	6.82782089847997e-05	0.000121849991525478	0.00222029551381965	0.00146888844565411	0.00300627552726682	0.00106450827184048	0.00132514092439885	0.00158237034514292	0.00124434296783373	0.00531139614645496	0.00617899782464941	0.000993136837762915	0.000108207560368135	2.99810219368264e-05	0.00112945033524934	0.000471766397183286	0.000229650731545605	0.00150448936299211	0.00250212054535781	0.00214479407997937	0.000747548307166312	0.00122604902386015	0.000226856306793714	9.7385982039414e-05	0.000883736462721354	0.000571384405022901	5.59272072961389e-05	0.000234453824196695	0.00038275989629209	0.00237529369695848	0.00013921923732915	0.000948715684145846	7.69237020924127e-05
Del5:U1:R1	3.29946620362967e-05	2.71676753882308e-05	0.00112942447602265	0.00113239591728083	0.00186738405606635	0.000757259098606127	0.000284017364090758	0.00159560087832841	0.00120531126321833	0.00478941771261278	0.00421139352541036	0.00711351111499102	0.000133456473324121	4.98412239153348e-05	0.00109988697350745	0.000202043369612685	0.000183846012039479	0.000814813879877807	0.00181998453498823	0.000172451146047561	0.000673907227511258	0.000260562426527466	7.13607833283773e-05	2.76628529304597e-05	0.000820268678158548	0.000646064192487243	7.87466765769028e-05	7.06558500661927e-05	0.00227345176398281	0.000684558324555953	5.42251388698511e-05	0.00119609483666793	3.93936320944321e-05
Del6:U1:R1	3.03405541225467e-05	4.26628150364745e-05	0.00115347635715792	0.00128793364713109	0.000568193065458366	0.000699860886259361	9.72216338087623e-05	0.00156595040830845	0.0012269227775188	0.00436147285688052	0.00261380256537066	0.00501799014968898	0.000124963758309573	1.32231818550888e-05	0.0013094831459022	0.000153299676064275	0.000113793706381752	0.00193069166714937	0.00193796284476953	0.000195412402631173	0.000444095060515213	0.000463346830481381	0.000132347500774107	1.84726000842326e-05	0.00028467340309608	0.00115704975728509	5.09278487536423e-05	5.01661707240146e-06	0.00106914358645137	0.000516667669960966	5.32264812472425e-05	0.0015705217955094	6.20152053208011e-05
Del7:U1:R1	1.81004981872664e-05	3.34346259604508e-05	0.000676676026859758	0.000725929611050721	0.000981851912644085	0.000756886884240347	0.000402937892761574	0.00131247214649349	0.000850926088315475	0.00414582659218201	0.000786617694906097	0.00556844215580846	6.45950429143027e-05	7.60587248626359e-05	0.00119718038549692	0.000407180710979902	0.000129864613925864	0.0014049398582153	0.00138410297964346	0.00015701318869347	0.000132315031479453	0.000237786474589369	6.16866116165795e-05	9.17490378093065e-06	0.00041112984954004	0.000612598339662772	6.24565532561029e-05	2.02500297099986e-07	0.00214674430326578	0.000406400870046859	6.7805973289114e-05	0.00166932280694552	3.69606482462871e-05
Del8:U1:R1	1.42293655247014e-05	2.14833170933588e-05	0.000586663498495536	0.000769780959398949	0.000971069893977199	0.00044505120287655	0.00020142925328043	0.00124489563965135	0.000838657733732784	0.00312915126198387	0.00123861777847001	0.0043564063241878	0.000103532227279349	6.85316828835854e-05	0.00101200730119373	0.000231757578194778	0.00014660095374541	0.00168527195485236	0.00145222679146008	8.13335868356739e-05	0.000506750877333683	0.00042315442643667	9.03431922362495e-05	7.09894269959084e-06	0.000390910872374335	0.00086704396751156	4.3130948895502e-05	2.20710755472287e-07	0.000750580997915115	0.000213485646299206	3.02291692325841e-05	0.000652940356390439	4.45701934734639e-05
Del9:U1:R1	1.79132636105256e-05	3.33286340944162e-05	0.000551216249249781	0.000194195186260727	0.000417619095923388	0.000224839534078875	0.000367783036878357	0.00108797209838089	0.000462966661903402	0.00252586956598844	0.000355612009457614	0.00436086411943648	0.000107104798237709	7.7711622594522e-05	0.00110595671557484	0.000432670907745984	9.20450817249452e-05	0.0018552810672326	0.000891190232909049	0.000118024634302047	0.000663179614762526	0.000310281975896722	0.000101568144687012	7.16033896077649e-06	0.000432445485288192	0.000697172229378592	6.49522960245619e-05	1.52239431992436e-07	0.000940385912312991	0.00072000479660913	2.684858436989e-05	0.00133720326977365	3.68571170187065e-05
Del(10,):U1:R1	6.39438441101502e-05	0.000194047875615519	0.00527439965938813	0.0043780245709756	0.00203725216426839	0.00172405834228584	0.000532469710261272	0.0128074266533219	0.00129599230403061	0.0156426295254913	0.00269051485503627	0.0198998566510385	0.000842702221699979	0.000325747999160938	0.00949262125831915	0.00345655874667179	0.00153351500879146	0.048302504578541	0.00629640033834211	0.000387859686104567	0.00321477041433085	0.00147139416176996	0.000915280384594902	2.1910790710629e-05	0.000733398412389729	0.000669834169847503	0.000227164203855223	9.74623732085545e-07	0.0103999211436663	0.000829738165792565	0.000118973916578008	0.014992394393551	3.45276643981422e-05
Del2:U(2,):R1	0.00119083201845174	0.00116000075387804	0.0116986113385925	0.0121708326722346	0.00385653972385149	0.0073560959466345	0.00523832491623499	0.0047171239287354	0.00193918589731247	0.0214020439801251	0.0240501172480253	0.00689303141547291	0.00428417023035442	0.00092513957513459	0.00512716710130455	0.00190192366719666	0.0323793026013155	0.00323674691105786	0.0147596487028975	0.0113802194120034	0.0517819993562495	0.00738891250511949	0.00168410880213004	0.000868365694611896	0.00201167643269527	0.00659241102707004	0.000560347175612085	0.00218578966373392	0.00355497396885664	0.00863691698588273	0.00188823607079569	0.000953988419190722	0.000442337169838268
Del3:U(2,):R1	0.000151713172533664	0.000424408854923184	0.00584608521118809	0.00545778328997914	0.00177864671430568	0.00192296004935673	0.00154776629327014	0.00381205334911416	0.00238128325853785	0.0151836823503637	0.0142447508316574	0.00347618729791634	0.000471481442116579	0.000260242390586498	0.00141366297895025	0.00139972412215078	0.00404771921124809	0.00384589927487872	0.00756843648988805	0.00375121644704081	0.00166642221138634	0.00267379833343239	0.000272866354811943	0.000213052700846856	0.000765414454694771	0.00193717558785748	0.000167146532771732	0.00045271927931875	0.00297599156303007	0.00263701481707873	0.000409603591300591	0.0013713191209271	0.000153485044888293
Del4:U(2,):R1	0.000141716926519893	0.000238498395926722	0.00499934131411843	0.00597692036682956	0.00256947699500262	0.000868156922461041	0.00211405452503593	0.00372550314505406	0.000711171629172436	0.012271423717735	0.0154060357963796	0.0033783395646752	0.000269813400223375	0.000289791116193447	0.00178464202155746	0.00169007817422311	0.000580946312866571	0.00472298747233661	0.00501264218259981	0.00224722421336931	0.00136070867078273	0.00402699899174506	0.000322075665271037	9.24205594160245e-05	0.00058721275863242	0.000762811151632305	0.000270007350657902	0.000159820810021992	0.00157981757948451	0.00232811174883051	0.000137218588173812	0.00149842969790178	5.68386439417693e-05
Del5:U(2,):R1	8.11086317213096e-05	0.000287878989951907	0.00354987830131832	0.003743192736789	0.00158998553549333	0.00164639650415165	0.000317134640822295	0.00397136182391678	0.00159357630700435	0.0125222417292343	0.00953952355747284	0.018217295039507	0.000289017151450256	7.56009993368829e-05	0.00131900758631078	0.000923457048170919	0.000256564834081499	0.00442038342317619	0.00518761301855624	0.000740856200993751	0.00109623085560301	0.00117500690064438	0.000651594367536645	4.05637423120945e-05	0.000264560897637409	0.00247794688208138	0.000186535121176963	7.04060025773247e-05	0.0014618662385878	0.00225078429653542	0.000189634323096175	0.0024891075651131	6.72435323136232e-05
Del6:U(2,):R1	6.32954577055108e-05	0.000149776670310553	0.00244270701378643	0.00272344067877128	0.00137584232936132	0.00173538744472281	0.000547513395296733	0.00356645401270376	0.00123473785036685	0.0109727151789323	0.00791850781332898	0.0165166302424353	0.000318659864882518	4.81120385958232e-05	0.00175045011596789	0.000670659293038365	0.000703567768283575	0.00409338127456573	0.00405137984067676	0.00067937141647048	0.000906963443340708	0.00127419993913238	0.000177657654621486	4.88292139742127e-05	0.000538054771494947	0.00141034911719011	0.000147660843964364	7.05764524676894e-06	0.00266447658312969	0.00127991369517522	0.000141487811625121	0.000765864765268193	5.05750046731408e-05
Del7:U(2,):R1	4.01971832420567e-05	9.0042268111491e-05	0.00218946988751413	0.00171169120854968	0.00179970968358271	0.00132876392868376	0.000307158441599131	0.00293231289936589	0.000603157717294935	0.00852775402128026	0.00317617837006112	0.0140883348104976	0.00029430840667748	7.47364066771271e-05	0.00161522603778987	0.00056516810495438	0.000105741497120746	0.00580597008533813	0.00376470090389068	0.000594022947793838	0.000420906552608564	0.000250512403170582	0.00022830405742631	1.3652993581159e-05	0.000362514868108439	0.00110154625684996	0.000124325255428994	1.51001120823119e-06	0.00301757245398171	0.000439026827111606	7.97986541598278e-05	0.00194745958056271	3.34405865085455e-05
Del8:U(2,):R1	4.45465731136051e-05	0.000123675447327835	0.00186668438526989	0.00161688249716772	0.000340810796092039	0.00130381729474613	0.000717611561361709	0.00292829461689869	0.000460958319160328	0.00737311562296363	0.00374930992551022	0.0132329595503323	0.000191919001505042	8.11954224294204e-05	0.00141449010140678	0.000805307463053438	0.000183544413238384	0.00461197705894979	0.00319646617123997	0.000174762465639495	0.000421421852784268	0.000287129244200027	0.00033936873571069	1.72561866594919e-05	0.00192314520829672	0.000522387914343758	5.63759686141268e-05	1.35922861290854e-06	0.0021528842653349	0.000710089652902758	7.19294139433145e-05	0.00167892671720583	3.15252587983037e-05
Del9:U(2,):R1	3.73768757472244e-05	4.73823569617571e-05	0.00166963548162243	0.00159540298496808	0.000810390045803718	0.00071553111105871	0.000427732849451506	0.00296651457516685	0.0008258654636519	0.00685259185347288	0.00250714998873749	0.011097649965408	0.000222706762598463	5.33504529461084e-05	0.00174369737126594	0.000696671646246648	0.000246023237890813	0.00541578080341758	0.0024633436313478	0.000207889845049779	0.000539648109005288	0.00166847304366511	0.000140417600312612	1.78394511407556e-05	0.000200113573369893	0.00134825242143932	8.30243429413487e-05	9.97204700467198e-07	0.000976574314838696	0.00116354578127905	1.82507332505691e-05	0.0027337561941298	3.41135394878196e-05
Del(10,):U(2,):R1	0.000236256056238476	0.000845116706195377	0.0146063756789088	0.0123311804530858	0.00363598526137892	0.0072940133475658	0.00410831527319319	0.0299420238218877	0.00122500175402543	0.0404692097577342	0.00547240188118081	0.0513282769741198	0.00206521029849924	0.00014965081772538	0.0163523926819839	0.00888113486572221	0.00260786738568587	0.118620606961606	0.0152269586334295	0.00105328491324443	0.00524538102489551	0.00332828015288246	0.00197286488627765	0.000119584567724351	0.00217848565610501	0.00287012565285777	0.000397486182210378	2.77083050409582e-05	0.0146649203261971	0.00187738278506478	0.000384633513742515	0.0172971445440594	5.56998004383823e-05
Del2:U1:R3	0.0005806618090018	0.00112744273872743	0.0082742301535289	0.00661338246270702	0.00437866471291176	0.00303748703909944	0.00289121896796722	0.00129482770647236	0.00130096950126344	0.00766899732775412	0.00360382288339753	0.00260475350524688	0.0019878366794752	0.00033190186456273	0.00252114444046769	0.000648637150254062	0.00948439185991155	0.00134936703554189	0.00709759084029661	0.031661823224329	0.0304653310492107	0.00294927816264719	0.00145745855554907	0.000351501269820497	0.00162555678713745	0.00325528891907605	0.000428139292041983	0.000301728356352319	0.00147671960769764	0.00646275334592425	0.00187177291953545	0.00108586956596791	0.00014815318666789
Del2:U1:R4	0.00039008359256652	0.000596039450872375	0.0039249855451484	0.00174722411475161	0.00811779151344172	0.00154907485464564	0.00160828504028175	0.00110632642480094	0.000516056765720314	0.00417754994898208	0.000962898244599424	0.00103611458237667	0.00145060179345766	0.000212232068774176	0.00147441052825794	0.000480530052694547	0.00260195509172788	0.00092622998914463	0.00420740686959496	0.0164129014249911	0.0126706691748981	0.00157490094402476	0.000634486040735997	0.000285577034372405	0.00126182814156883	0.00051320053368167	0.000252391063286284	0.000184719605545272	0.00348418821484575	0.00138429942128367	0.0010656189043062	0.00156801096929755	3.34923521223358e-05
Del2:U1:R(5,9)	0.0164547404684772	0.0017382600692231	0.00155588330044526	0.0028713667436983	0.00525404268197921	0.00508352045778728	0.00130203953999084	0.00310510514763098	0.0026819670948759	0.00266820349418412	0.000347053948156868	0.00103274788460654	0.00107286347825579	0.00230073192600196	0.00371744966356742	0.00321544716445087	0.00229120779366536	0.000250453346363684	0.00397018289022371	0.00727656816519338	0.0144666776691062	0.000606707683936439	0.000871000531811211	0.00582767939001341	0.0004570936854665	0.00257276823484338	0.000147135976925781	0.133972020047366	0.00716850715856042	0.00206799758878641	0.00359468644908551	0.00149199570573393	0.0136420510302315
Del2:U2:R2	0.00288748633635161	0.0031921504956204	0.0244884748266662	0.011528557723204	0.00514559465099828	0.00653507377002676	0.00606126873491183	0.00398231624569715	0.00335214233631472	0.015183060884791	0.00977599494314241	0.0076176987404419	0.0106718136006356	0.000233541734917569	0.00282794629974289	0.00675734536755858	0.0111424384498603	0.00612781088080858	0.012280847578019	0.0888847968607455	0.193507512912603	0.0121481406660939	0.00260255647430521	0.000603490712058028	0.00320323324762183	0.00900140084284996	0.00152849592029949	0.00104048731792648	0.00606192582077972	0.0231190478965586	0.00702002481199566	0.00270437952745121	0.000112383147538781
Del2:U2:R3	0.00117595634690659	0.00103876856425664	0.00733755484308185	0.00446175288513119	0.000915312489493795	0.00268398678448759	0.00209565015750355	0.000923145223004476	0.00205929352527327	0.00312938130725109	0.0031009656802609	0.00280905252682343	0.00971475405578872	0.000244959443865521	0.000994088403328554	0.0152369964828867	0.00113918175728236	0.00196990142266276	0.00364779018364312	0.0264417861977258	0.052696750859064	0.00568602947329673	0.000746936296312923	0.000475813349656143	0.00368351647088028	0.0013103307751793	0.000398991675832711	0.000917512092538335	0.00121096069295591	0.00871769840215892	0.00209018646404431	0.00290191877966816	0.000184492647548694
Del2:U2:R4	0.00111927674206638	0.000812501702267482	0.0035403698223063	0.00484478506479731	0.000819318716357091	0.00114960612585992	0.00217188737225669	0.000408751164653559	0.00077722864156963	0.000276983657763904	0.000844998668975844	0.0022172414597437	0.00596318121278529	0.000167705546796752	0.000463130092253291	0.0127678297233814	0.000451110422636049	0.000536514019084084	0.00132037626194265	0.00835963779246216	0.0198969577661381	0.00197239589996264	0.00012293445709052	0.000735435114612315	0.00119772152676382	0.00446644597072942	0.000227312916182821	0.00221595638065514	0.0019283004701385	0.00998006889417916	0.000985615063132563	0.00211207562407684	0.000492860408897619
Del2:U2:R(5,9)	0.00683313073238406	0.00288546339423498	0.00592965424825703	0.0244606347890593	0.00108595332915684	0.00706469621252376	0.00213329244767583	0.000538802759746228	0.00187513722765835	0.00118061977946673	0.00110181807350852	0.00486091111720299	0.00551097473963156	0.000752017609616427	0.000447383435183055	0.0141610444251091	0.00162282655217631	0.000981348282174707	0.00235419817501262	0.0140267079701012	0.0153927774871537	0.00163670051381763	0.000184670807379139	0.00703755027567152	0.00115158733610611	0.0106930165340619	0.000251709610914525	0.0175960316794728	0.000863353414283946	0.0462452104254876	0.00219136881772024	0.00201879843030678	0.00200783286208507
Del3:U1:R4	1.05641908965513e-05	4.02188313583536e-05	0.000549137516769767	0.000296999403502686	0.00128747324243754	0.000494871406450374	0.000220071779414962	0.000294255031554278	0.000453536182935924	0.0018964851714383	0.000564392507957704	0.000431372521849342	8.09523102565904e-05	1.93770472568802e-05	0.000329602032849774	9.04090499531092e-05	0.000300124318068355	0.000194403455386939	0.00107281148575974	0.000111376137308517	0.00068064126389829	0.000516511223357817	9.94133943589891e-05	4.63925498584072e-06	0.000189019221496978	0.000392049492436864	2.25631592102562e-05	1.13633260243158e-07	0.00136443838829434	0.000378169048626025	3.23922707356366e-05	0.000520243191094401	2.10168391988691e-05
Del3:U1:R(5,9)	0.000251989077222065	0.000361690709098078	0.00152060085625212	0.00161184865698589	0.00296633496987594	0.000437707551296878	0.000254538621558651	0.00171851292826295	0.000866512574386723	0.00208951146269729	0.00028195062986297	0.000471716441317316	9.37520291316995e-05	0.000149727105313006	0.000429297441872116	8.96959557074174e-05	0.000197044550049344	0.000613851674430859	0.00107302199637202	0.00259313022592468	0.00448517272932158	0.000400985935742027	0.000372174942683419	0.000155290330870131	0.000531347053951823	0.00109939161785792	0.000109131229440433	0.0217367293462583	0.00227478653834566	0.00264981715461487	0.000321948426399257	0.00211163622948977	0.00138017479487746
Del3:U3:R2	0.00232817712832741	0.00249990854390203	0.0241444146659311	0.00990967953644252	0.00174954250826254	0.00626333936157475	0.00311871335714902	0.00454088903654436	0.00864373252769101	0.00730303307623242	0.00843780890464469	0.0065019648350984	0.00091144458495747	0.00035059232353098	0.00118276840329973	0.00106293321693141	0.00366037060498977	0.00290296438223073	0.00633333635852836	0.094345026956018	0.0105505837156431	0.00690964096280023	0.00189852155900801	0.000884996406860559	0.0044913918423401	0.00301447784676894	0.00186746117726473	0.00102422902069169	0.00349635067884008	0.0257301513158949	0.00662468338510997	0.00261552766487952	9.21427925467662e-05
Del3:U3:R3	0.000954523952608616	0.000680414421023595	0.00704766146799815	0.00208649559485161	0.00126916916595489	0.00141194281086184	0.00135141775683546	0.000452886164893182	0.00199437166312216	0.000588510729733013	0.000265455031343706	0.00171889936593944	0.000325744916834512	9.37574451917548e-05	7.94998357086247e-05	0.000192418545640779	0.000639566587777995	0.000797244994407783	0.00107282867029951	0.0308095080100254	0.00126264938961992	0.00314516519020392	0.000580322403265482	0.000415955832266458	0.000881724147458417	0.00280934759617011	0.000465508075632249	0.000469422640156159	0.00350941011120625	0.00933653806069604	0.00179219127261623	0.000764389654868734	0.000100684118822169
Del3:U3:R4	0.00028391349717156	0.000302043060515393	0.00183345878538571	0.000864715729243532	0.000246326264090117	0.000578527274445349	0.000458309767760168	0.00024785815831869	0.00083276368437811	6.53408674173141e-05	0.000610259579702492	0.000678256164489052	4.35585477632921e-05	2.35982937721585e-05	3.60550198098439e-05	0.000112051265475363	0.0003985939329849	0.000209609538000293	0.000446621892706285	0.00865265049929614	6.62863407836526e-05	0.000402108585634992	9.78377442840047e-05	0.00017544365360432	0.00031055667507598	0.000469323465247629	9.9967050946786e-05	0.000264933761001918	0.00104379355175204	0.0035513684325242	0.000548315468125872	0.000318090295713185	4.1981912783948e-05
Del3:U3:R(5,9)	0.000425300798374869	0.000416992328187499	0.00177942268499086	0.00169216206155273	0.000225957545735093	0.000667151514937628	0.000722507043739124	0.000109895092886266	0.000926631877804394	0.000176416107362625	0.000809939058329884	0.000447855997303768	1.80130797036146e-05	2.34202894010323e-05	0.000324261244664525	7.25018116685365e-05	0.000622949930022376	0.000139491766740195	0.000417461876769773	0.00605533963952789	0.000337404501409369	0.000418679205630468	0.000170727991777615	0.000303681256889524	0.00117485140409297	0.000844833948781542	5.88463428090542e-05	0.000832490376071402	0.000744291541117345	0.00363471031630762	0.000420166024729395	0.00083208780660562	0.000134849423923779
Del4:U1:R(5,9)	4.14109718376934e-05	0.000187558051735953	0.000742102988976923	0.0010934863439451	0.00163471944272829	0.000265390221373047	0.000411458678304966	0.00100526524776133	0.00047309569486847	0.00111045826197214	0.000343666920874699	0.000610290953254556	4.37338101604084e-05	1.37317657725922e-05	0.000302987905725627	0.000102229658665165	0.000284666182691549	0.000163878596860229	0.000712657901083534	0.00126430102523231	0.00515494584405958	0.000717573205558141	0.000142556363210336	5.26703175646399e-05	0.00128045004312903	0.000529015583883293	5.04773378788592e-05	0.00308238959429584	0.00271583870061232	0.00230244039491691	0.000166655196045813	0.000618385110649914	0.000231236996801351
Del4:U2:R3	2.26003691816028e-05	3.17953818953396e-05	0.000901635567444661	0.000381165381309428	0.000164682355662924	0.000412252224392684	0.000247010163524195	0.000427877416255235	0.000196250013698207	0.000432813574969845	0.000339323252299093	0.000345452957750483	1.36109333989042e-05	1.18245760819544e-05	3.68006832365682e-05	8.77417657390324e-05	0.000108417588070153	7.9257197890111e-05	0.000221472200596851	0.00173176771481204	0.000801842207497233	0.000104829356101309	8.25004694842136e-05	8.04674748164432e-06	0.000602299799519099	0.000211551074795121	2.45664017408454e-05	8.95954551917205e-07	0.000746469892877523	0.00149984718543143	6.35125032187425e-05	0.000370409636902517	5.66833471003983e-05
Del4:U2:R4	0.000152339137019854	0.000135388637482192	0.00166587651012946	0.00102071661771491	0.000224158530302432	0.000244291181120207	0.000819794832715149	0.00026813466997362	0.000499029512029034	0.000292666793568487	0.000340641865973831	0.00075783853589499	3.67055098417656e-05	7.90085115841557e-05	2.22988872372781e-05	0.000199179302560316	0.000436777298660156	8.93695433434584e-05	0.000281048851941174	0.0052103175133391	0.00190006399559728	0.00102121155469102	0.000136944775175527	9.81073881083454e-05	0.000551065614094469	0.000382284668524908	5.30972991797826e-05	6.00966978835977e-05	0.000956307100913117	0.00247657218906076	0.000231740092510714	0.000571401275160754	2.81087282881427e-05
Del4:U2:R(5,9)	0.000687057048196446	0.000698206172097871	0.00403909179968079	0.00395898074622701	0.000564124151358992	0.00137971318250045	0.00131165850131079	0.000490603710724287	0.000868782874878894	0.000392282116794007	0.000867570232466937	0.00119092827889355	3.57490779032169e-05	0.000182937635125979	0.000111763877592686	0.000300306197993072	0.00039484070346015	0.00035269246456716	0.000520019210167405	0.0123409594571246	0.00431219582943208	0.00168958039952941	8.38096623875546e-05	0.000148083944713465	0.000242042131599775	0.00113492592411475	0.000126747516812051	0.00271457621292878	0.00101094742423092	0.00675323305031188	0.000924714830034993	0.00312629248702421	0.000102651212146201
Del4:U4:R2	0.00144011058623324	0.000960938954818899	0.0209019010065825	0.00758591075440438	0.00222997622021557	0.0035840700495305	0.00122766790095449	0.00406983669563771	0.00178781797795949	0.00295282557042279	0.00298544478028587	0.0045919684191432	0.000401084935663447	0.000106294038758214	0.000122946740300477	0.000541836674374709	0.00100135110518152	0.00159690162543557	0.00486519238709851	0.0551583298581431	0.0175081666879892	0.00398818298722665	0.00116876109197922	0.000391132556415835	0.00129856088049546	0.000640643120783253	0.00145554115149334	0.000379050691019444	0.00127803043514061	0.0567095410727393	0.00299425863185829	0.00143612982252037	0.000104980664766765
Del4:U4:R3	0.000351709057025205	0.000636477888665492	0.00590774740788465	0.00261648503058589	0.000824172435846551	0.00119991710096788	0.00094441793680398	0.000655967577531397	0.00203283579261451	0.000257830386386125	0.000320267991940633	0.0014242743066277	0.000120019133156646	5.41133288223635e-05	5.39948046057395e-05	9.42200126431999e-05	0.000411572255997139	0.000429898644397269	0.0010964531163599	0.0159523732984095	0.00393818159281252	0.00233042125384168	0.000234325989505449	0.000199004468834314	0.000481901593205359	0.000651390460075582	0.00017470724246251	0.000257747914128208	0.000615459119614651	0.0182122786525849	0.000915027396471582	0.00169289318800922	0.000150741467357406
Del4:U4:R4	0.00027894577088917	0.000255149645483597	0.0030014927076011	0.00184902694622864	0.000260567463437924	0.000414616474901251	0.000457754064355165	0.0002096697279565	0.000858348224539879	0.000322182402505537	0.000312020192681001	0.000471903251986268	3.26110464119926e-05	7.17103323679817e-05	7.00819186467207e-05	0.000374452412785554	0.00015574466342943	0.000374787864253858	0.000675872245620345	0.00708663018287059	0.00281771991758383	0.00046820652042901	0.000123728499462017	0.000272054507846266	0.000634156134263591	0.000220402331774449	0.000187143966941718	0.000171391735271752	0.000511656386964201	0.00928782916710152	0.000404809125463854	0.00105690090854874	0.000132157612006682
Del4:U4:R(5,9)	0.000320427706942986	0.000405199281147774	0.00166389048049154	0.00178512238761187	0.000375408639865792	0.0006828010611611	0.000313178561820006	0.000111109425780682	0.00151092863716437	6.99108711586628e-05	0.000230292000017375	0.000519612849258648	2.29877498389048e-05	1.49015087828501e-05	2.71655420951703e-05	5.68098415734491e-05	0.000185732201366968	0.000372443843613855	0.000570200214387874	0.00748117980396934	0.00131899277928602	0.000619687362150992	6.97993443025473e-05	0.000174257938310173	0.000287548139185991	0.000541331500361833	7.18919130530178e-05	0.000658638043664384	0.000596708209365275	0.00742435558833902	0.000372156203573303	0.000977904038858551	0.000142717797219907
Del5:U1:R(5,9)	1.53130145318134e-05	8.35920096887658e-06	0.000127539153859727	0.000202696342358468	0.000235574430245926	7.64817807374916e-05	0.000819477287912289	0.000418722119173544	0.000163941891309626	0.000346322277014058	0.00010815217649856	0.000175531204990144	9.97715969869398e-06	1.21805848242068e-05	7.65401576255202e-05	7.54301741037136e-05	0.000170757581528427	9.45759738034657e-05	0.000247216789252402	0.000368498931355401	0.000665592156494227	0.000214810598697731	5.25116030063268e-05	1.57596527930917e-05	0.000163093360834265	0.00029375486161969	1.21051834665035e-05	0.000263136752969739	0.000988523214934968	0.000510373187339032	1.80864624064253e-05	0.000462839426826082	2.59345725089494e-05
Del5:U5:R2	0.000231344038021512	0.000156703892130434	0.00513264349466168	0.00195000119118165	0.000500784319414442	0.00141933057673672	0.000416989250288099	0.00259140266915293	0.00116475147173321	0.00102564595111591	0.000827184456781842	0.00139192424149929	0.000175602906916362	8.01019670067881e-05	1.98948015113407e-05	9.35575753657813e-05	0.000242595543579945	0.000238782076927001	0.00124233482260641	0.00899934383386389	0.00753967307764107	0.00103032347334282	9.78857065749005e-05	8.49762627472644e-05	0.000500012430571796	0.000497816411278456	0.000170491685364297	5.05981227966056e-05	0.00228518710018102	0.0155931804401726	0.000420773099454156	0.00103151017848145	4.44148966320929e-05
Del5:U5:R3	4.44090366035301e-05	0.000272547919904511	0.000923924163270939	0.000725064198458965	0.000335588821765691	0.000381770624978731	0.000181543010001365	0.00023786279509731	0.000308629888060651	9.09411287963491e-05	0.000114098865619925	0.000169186827271494	1.70794596961192e-05	1.05531162881959e-05	2.32784842880727e-05	6.98286824196589e-05	0.000129433758495727	0.00024046871998367	0.000192043676226301	0.00214128105836853	0.00137807662897746	0.000389505687179036	8.47120640088534e-05	0.000138249031124789	0.00024142459569898	0.000412578892753085	5.43954703218762e-05	6.38101745548773e-05	0.000394794221947584	0.00339370631218985	9.25205520988257e-05	0.00109666611867885	4.65890524112863e-05
Del5:U5:R4	5.6327557605173e-05	7.79646401711796e-05	0.00043285789560606	0.000302247118154824	6.12329313203944e-05	7.27017370672344e-05	2.50860394258864e-05	0.000121001052021132	0.000245978326401713	2.80163089367577e-05	8.6097716409325e-05	0.000126337386688616	1.18605349819908e-05	2.41577360814123e-05	3.0354976416201e-05	7.31057985979476e-05	4.61781275455777e-05	8.65071335234544e-05	9.47727368780063e-05	0.00136536830882302	0.000641607275588764	0.000128066671009117	6.55537933676966e-05	3.97540791177087e-05	6.19452391522233e-05	0.000131820813533422	1.83108614193418e-05	5.73002998959472e-05	0.000152730221695237	0.00101513201623774	6.52949328025244e-05	0.000791820431233146	2.93511030191104e-05
Del5:U5:R(5,9)	0.000102411996939835	2.46739626496759e-05	0.000152567633685677	0.000251441308553696	0.000103872011860269	0.00017525644484177	0.000156126194739166	2.91175467061569e-05	0.000248947180891475	1.66284959574391e-05	5.87688016211398e-05	3.3810678215877e-05	7.40497537530215e-06	9.37320159958797e-05	2.43792255370466e-05	6.94448584677428e-05	0.00014024344250961	7.58651295601062e-05	2.77036261902912e-05	0.00139452224439299	0.000198613083630736	0.000122822511920062	1.7893487266423e-05	5.13618097481208e-05	5.04675891339874e-05	0.000408519552892069	2.20382921716739e-05	9.16911147412049e-05	7.76945461130212e-05	0.000649925334367051	3.1478173197006e-05	0.00161637575920323	5.44056600936243e-05
Del(6,):U1:R(7,9)	4.39908793821424e-06	1.06576273241211e-05	3.85096618835464e-05	8.56007780611591e-05	8.16499453917317e-05	3.02858422289867e-05	7.99815972201916e-05	0.000320789324029431	0.000201139891681344	0.000143634084531809	0.000112573410584445	0.000136717696002434	1.51560244363386e-06	1.05022578964455e-05	0.000132579792748803	1.85073285241166e-05	0.000188437016011718	6.39421784200895e-05	0.000103240418853824	2.8711930229678e-05	0.000288275314203111	0.000137301619786178	0.000113684840472207	5.60240883319061e-06	3.91283523348953e-05	0.000196572024522412	8.97522635975764e-06	1.02182524018655e-05	0.000469819219334896	6.05243842789109e-05	6.13318229168702e-06	0.000212729750798615	5.59068628935435e-06
Del(6,):U2:R(4,9)	0.000416898588955178	0.000927599068163363	0.00328554902248156	0.00539735171282715	0.000581420054763599	0.000996245535728102	0.00110357403820376	0.000419115709483543	0.000554258937463569	0.000312702477389185	0.000478811894950237	0.00226059898428884	5.14231000910325e-05	8.99430658104792e-05	0.000330191044296094	0.000473338711544688	0.000267848459068533	0.00176023553801246	0.000584083174461368	0.00328882821465212	0.000562637523662233	0.00128854063810759	0.000217093316024702	9.29462649024267e-05	0.000664032095257255	0.00410551808389368	0.00028050031753756	0.00170689394313249	0.00265486620771714	0.00241670125742692	0.00083333265670112	0.0222950696600486	0.000100011165842895
Del(6,):U3:R(3,9)	0.000186042747755983	0.000108256171720692	0.00106922943055617	0.000388439946074173	0.000169077265847411	0.000485481954430636	0.000169132300622946	0.000448792622263343	0.000428213600523252	0.00025157109501086	0.000242443929961033	0.000254212368883224	5.09217939964238e-05	0.000100369036119299	5.17369273948461e-05	5.8276945308438e-05	0.000186502953858658	0.000124845394183508	0.000236381936922106	0.00137579687232049	0.000703361317099754	0.000498648787047148	0.000131306541423554	3.40634131590637e-05	0.000110666692290857	0.000289100841396869	3.7886652401667e-05	8.21546619007984e-05	0.000735183040865228	0.00117246074236541	0.000271405136633943	0.00593932801879303	3.77371324531419e-05
Del(6,):U(4,):R(2,9)	0.00121418710478527	0.00130830406465354	0.00771840000657572	0.00795015172481545	0.000595250740522746	0.00375729447964945	0.00115102052416433	0.0044981178724952	0.00124809769557078	0.000806919826645807	0.00168984220693113	0.0026544430903237	0.000179650077318342	0.000171799647332654	0.0028854939712642	0.00192288980702696	0.00174804271473926	0.0035982595045717	0.000904671504365222	0.00617031627867085	0.00105236007246245	0.00292233456521604	0.00140012940687943	0.000152715525166657	0.00281652800767533	0.00876763113076885	0.000557932787234607	0.000232248173478642	0.00804957569818817	0.00362637546114086	0.00245639466887902	0.0975635193522872	0.000123823348186441
Ins(2,4):M	0.00349889784169921	0.0117212658633824	0.0143559074062743	0.0421670302391023	0.00347119424035429	0.0116674714883279	0.0108010747727246	0.00407926760763933	0.00386806812316048	0.00136270919225031	0.0219493329676378	0.011853153367941	0.00647182551614182	0.0330068165248171	0.0364927660151925	0.0108073368591363	0.00771439945464809	0.00848023092810521	0.00559703897491213	0.00201317317724111	0.00303117130400129	0.0299880317063089	0.0433147893175281	0.00121244569136158	0.00345216409866669	0.0279137445955406	0.00124349749224128	0.00172302403874034	0.0147958456739007	0.00999283122441049	0.00946301443444361	0.0060138681719572	0.00470052479461605
Ins(5,):M	0.00367140052455745	0.0125085371457036	0.0300223233465167	0.0779260867393834	0.00751644947569899	0.0214907600299588	0.0186967336785875	0.0116507552478347	0.00429580146781039	0.00380017842791617	0.00248144994966515	0.0763499053129083	0.0061739384182318	0.0349113615790839	0.0526219400685657	0.00995844491991854	0.00737944765597699	0.00976373624268367	0.010265597265596	0.004193926233342	0.0054510911973098	0.0388360584288212	0.0220633590353835	0.001194395190573	0.00865487212135773	0.0337131105766419	0.00216417026373211	0.00149798939203213	0.0294386407802591	0.0181274831700604	0.0082057566178103	0.00519822627703917	0.00727146400351219
Ins2:U1:R0	7.20471716684518e-05	0.000557148421726195	0.0014889557110717	0.00380100541397018	0.000311833366304215	0.000557874891431445	0.0474431517401336	0.00145834871632412	0.000535179681404366	0.000132523241476209	0.00148610346659915	0.0019506205514266	0.000706428753085065	0.000817065492665114	0.00200066092514879	0.000604150590385533	0.000486608122796785	0.000634482061217555	0.000408757907372001	0.000223097591289136	0.000523369308000115	0.00129694513353917	0.000412663998105198	0.000149411638861605	0.00109646693337474	0.00209409363637026	0.000136657006500485	3.64901164864166e-05	0.000963301318574473	0.000402300121304815	0.000241405401034231	0.000847184149204341	0.000270527097668202
Ins3:U1:R0	1.3856514447809e-05	7.73490161821564e-05	0.000338023531913469	0.000937733323237325	9.15203824132091e-05	0.000324666048409415	0.0049241672579395	0.000364177824818046	0.000940471978881665	4.67701484823973e-05	0.000105773500850015	0.000190977983875109	4.4011448052983e-05	0.000131545230262259	0.000407944732596479	9.33237739737512e-05	8.50221382137113e-05	8.07785574401131e-05	9.34881925295691e-05	6.7138769501149e-05	0.000123707176271682	0.000124421903548396	3.7053534288724e-05	4.8579791663146e-06	0.000142448496840425	0.000451638188400909	5.76566441882676e-05	1.86475093732361e-07	0.000400806045677879	8.48955007865036e-05	5.79506318886996e-05	0.000594908885569158	1.62544027301599e-05
Ins4:U1:R0	6.57909941135273e-06	1.12714363839314e-05	3.36105741867646e-05	0.000373950304807946	7.01133061574545e-05	4.86429033205788e-05	0.000513985956528169	9.7278845352564e-05	3.48403806298486e-05	2.5337025501121e-05	0.000181063756160511	0.000273666339260441	1.59588931316997e-05	7.95933830892847e-06	0.000467090254317911	2.78165206167821e-05	6.12820040131598e-05	0.000141783197173532	1.71974281832574e-05	4.55035289384073e-05	0.000336807221660259	3.70551358506717e-05	4.9445569151284e-05	6.12811431959274e-06	0.000218671591905872	0.000180791448544661	1.04203602726543e-05	1.1071958690359e-07	0.000113423786257904	5.28629854096293e-05	1.56899871949028e-05	0.000324681214519279	1.48567311578213e-05
Ins2:U2:R0	0.000214583538403833	0.00182604710629461	0.00388855976590277	0.0109558741274807	0.000751306273859254	0.00284161681125207	0.0396825287616867	0.00264982998108873	0.0016208199129104	0.000790754854734259	0.00768464779983879	0.00586014290964853	0.00111983936456856	0.000861337722683786	0.0027916030402891	0.00159982888855455	0.000801113437666603	0.00117995144120832	0.00229905943106607	0.000496606812482817	0.00048276599642822	0.00360991917774292	0.00290144858926213	0.000203355928845847	0.00157324723747178	0.006882571950851	0.000712541996011402	0.000140763929544547	0.00120261034454189	0.00288584691716912	0.000927679888463516	0.000749575780218845	0.0017494189180438
Ins3:U3:R0	0.000127923748212858	0.000703651322722479	0.00219577368077653	0.00605306676019355	0.000404072147497581	0.001255523170072	0.0134782288504643	0.0027001871661257	0.000760899941875941	0.000276006251504171	0.00696964892609	0.00235446826614064	0.000181197393910025	0.000339886632067533	0.00095714986634923	0.000567726281852176	0.000325382020839501	0.000297675595507083	0.00108659133859456	0.000571305714991844	0.00082849728022225	0.00266597823109577	0.000876278160190893	0.00013137648713832	0.00101688997953773	0.000627163699249008	0.000222143850631183	5.10009381358009e-05	0.00237413646372163	0.0014564459276071	0.000431648011186119	0.000771514124244845	0.000637182940145026
Ins4:U2:R0	5.31746197943778e-06	2.23003982250164e-05	0.000253420600647284	0.000389186382139402	3.41390344687795e-05	0.00016473656400744	0.000429399959666518	6.3627382362228e-05	0.000170228877287944	1.31881174834862e-05	0.000665098395469512	0.000142738747563282	2.10242546026405e-05	9.89195719544145e-06	0.000404830491226043	2.44127620178104e-05	5.28372375824736e-05	3.45930866567151e-05	2.83953039163727e-05	3.27866669604774e-05	1.22149564376943e-05	0.000330066757914522	2.05633881262894e-05	6.73056513247694e-06	9.28220341920046e-05	0.000227831527019026	9.6750490778674e-06	6.70144868100674e-08	0.000267371322172064	0.000104179021700309	1.41985170398627e-05	0.000693207731762912	1.79626679852404e-05
Ins4:U4:R0	8.86525670873734e-05	0.000518262474381811	0.00198238718874945	0.00537181141846619	0.000205395644514816	0.000860474142236991	0.00778531208686925	0.0017744332631596	0.00131048729948062	0.0004099028975608	0.00354487309558574	0.00337593771321724	0.000277400314658541	0.000912780985939257	0.0018849953688975	0.000645769186511826	0.000201903641844779	0.00015510354523355	0.000418349028635834	0.00029525956731379	0.000215254937032427	0.00252190226503766	0.000626074876017789	7.28428266304502e-05	0.000881628322922086	0.00188511089125366	9.91386358042235e-05	1.6017190765941e-05	0.00146235743555333	0.00152829237914453	0.000391512582653091	0.000725691545878664	0.000368208810890533
Ins(5,):R0	0.000696301813211471	0.00181257125688867	0.00903283939855648	0.0205286843765493	0.00329682255660607	0.00991575624009285	0.0130324488713836	0.00983433800124593	0.00198616365365047	0.00256182529790384	0.00254037388230685	0.263239370389539	0.000550550933478434	0.00147865688174943	0.00589210081031161	0.000651787624011668	0.001280224675979	0.00246192788335011	0.00317596071914936	0.00268710700718156	0.000837585301502835	0.00602057914140028	0.00130316031297498	0.000358036134370445	0.00219363658001591	0.00573300310014629	0.000456308031224298	7.70557335565541e-05	0.00361325555663631	0.0136467383791382	0.00132753391423935	0.00251478076312922	0.000653540874102766
Ins2:U1:R1	0.000125165158782211	0.000727098030238377	0.00190069280915397	0.0046466834825823	0.000657739360467279	0.00227390029627505	0.0244406163830414	0.00070119486715846	0.00335856030116758	0.000609262872943164	0.00522261508291339	0.00152148154614671	0.00330732940295297	0.000701286363845461	0.00618137853471226	0.000992597964829023	0.00142020003066542	0.00109152476514153	0.00412429169488914	0.000199556202696393	0.00137326325688168	0.00541833129950439	0.00106938855438655	0.000154492179474717	0.00267397303912787	0.00249298626224587	0.000174184124980723	2.60649932774418e-05	0.00115378963744613	0.00177195686903153	0.00063035663146618	0.000685800794437968	0.00033197288123731
Ins2:U1:R2	5.86097390572243e-05	0.000218911316875024	0.00132224381249956	0.00187836315834068	0.000131503198555866	0.000154218061744835	0.00267146473335512	0.000100289251857986	0.000600800097553066	0.00140171159332661	0.00767820986248566	0.000651182987542423	0.00139041112240232	9.36811576041293e-05	0.0013579867764215	0.000288208924300448	0.00131752718166376	0.00018366002745359	0.00524122019039503	0.000469469526277922	0.000131331276598565	0.00263133756145326	0.000297035796661139	3.34379387482349e-05	0.00107384169563008	0.00346245314888337	9.97912204888609e-05	5.46240909335538e-06	0.00327166010169464	0.000456003260115254	0.000264338156425638	0.00179043878633942	0.000365516998973436
Ins2:U1:R3	7.61573173586093e-05	0.000286636126426897	0.00146744350154796	0.00223910990147865	0.000598335629402241	0.00070409172288373	0.00146116917932372	8.70119353281612e-05	0.00170656741611469	0.000744927777397084	0.00490384669083815	0.000589495435930523	0.00191433552484458	0.000200280346712845	0.0012326422164743	0.000712897462853537	0.000298032275590912	0.000589652666477492	0.00302669795470145	0.0001958221784154	0.00167643543070967	0.000783071368491534	0.000356962014563728	7.04406979115617e-05	0.00193481450738762	0.00254764514419611	0.000218181104489886	7.44370696426172e-06	0.00365715361588186	0.000398386073318507	0.000329304547539875	0.000520400117732641	0.000249147899172801
Ins2:U1:R4	4.23388231846532e-05	0.000234103000358867	0.000584192066476096	0.000545588108194194	0.00316582042610695	0.000434200464828193	0.000507185205333599	0.000197050429335124	0.000381017546061013	0.000221523291798897	0.00386550305990767	0.000607197286462126	0.000510358536516899	0.000231380253268179	0.000650291612361082	0.000695011656363234	0.000205182930396378	0.000347869191327154	0.00164889740502172	0.000196379289313058	2.52731313447212e-05	0.00167071065406821	0.000291422432245186	0.000103072810731735	0.000127872520147508	0.0012376160184757	6.41938631538104e-05	3.22470796856705e-06	0.00225469017553853	0.000309016422278489	0.000214432249658911	0.000796873468984486	0.000651987905689056
Ins2:U1:R(5,9)	0.00118004591990868	0.00399137925756794	0.000160004461684787	0.00290494786831032	0.00264066488084804	0.000812400589038884	0.000372599133055056	0.00106693281480736	0.00117226092720731	0.000213548389201923	0.000395480681740851	0.000711496146375602	0.000746700713611006	0.0033537294979969	0.00176496026673947	0.00148193258827844	0.00168195427903879	0.000277176684237055	0.00144565370499483	0.000408307037315279	0.000922984594258029	0.000637280670062662	0.000488979108444998	0.000360864199651309	0.000335321994132025	0.00214804579673112	0.000895578878376214	0.00289890611466488	0.00448023955718722	0.000791917926987896	0.00186456500585385	0.00192539569522612	0.077705725219943
Ins2:U2:R1	0.000390631889376433	0.00103659899787551	0.00531791205589607	0.00791826743209365	0.00347561329839694	0.00191139658972649	0.00219280563614505	0.00021412126487347	0.00153463581345762	0.00367501091247193	0.0517605250709311	0.00360520161990511	0.000571650300536982	0.000657319284177291	0.00212106154859443	0.000731472983450329	0.00569590878641181	0.00121968709878837	0.00788079557330551	0.00128474837644302	0.00227363320024691	0.00463798197253415	0.00101925374935128	0.000190451202197888	0.00322625243068253	0.0101797901447123	0.000522716833280926	8.31569655296098e-05	0.0122162287056639	0.000889709115688403	0.00126186224959315	0.0059479275985686	0.00135672497183045
Ins2:U2:R2	0.000407459192441862	0.000763525111485094	0.00299483097836505	0.00278031995677413	0.00308652489688548	0.000946173053528582	0.000400847389476084	0.000240212132606608	0.00107948422440226	0.00174956063843257	0.0352961337419691	0.0012163571113805	0.000381067744358522	0.000410249217054131	0.000759987683812431	0.000599034236589941	0.00119649031677315	0.000925737895067963	0.00386066581821582	0.000472365582101281	0.000306029747529616	0.0029259101282313	0.000169452550116015	0.000105969946806433	0.0014723014120331	0.00812981489634316	0.000218356934947811	0.000174876488585876	0.00530898494179108	0.000743262376466444	0.000811312180351915	0.00268928318485249	0.000866918734146457
Ins2:U2:R3	0.000400099717806957	0.00064150161272686	0.00185565725344884	0.00293842418026802	0.00152855942130769	0.00111973661229191	0.000938450740716915	0.00021276658194603	0.000641971123786082	0.000586115283243996	0.00941319519639897	0.00137010126549602	0.00048692456305105	0.000714000961783046	0.000655847535932753	0.000860784636692315	0.00205779904531245	0.000423013083767259	0.00104928585080307	0.000577401705310012	0.000410670817300276	0.000464415654694546	0.000526968795596762	0.000183271676905491	0.000538076065836354	0.00395234910722706	0.000180365309138428	0.0003139322771351	0.0011521772300158	0.000484281756725021	0.000551635436440912	0.00172117136822013	0.00181806012192976
Ins2:U2:R4	0.00151763725869384	0.00335308716566121	0.00156940310868706	0.00248698191423656	0.000841558893719245	0.000995120621200411	0.00172592215870768	0.00019504077958691	0.00103115301969394	0.000279652640665187	0.00180626803785942	0.00151549128755327	0.000225583291465419	0.00322719381932205	0.000435743148692483	0.000933876796875728	0.000941577095173839	0.00029016646528374	0.000431868965306509	0.000238309941750787	0.000538160765316326	0.000746439148696432	0.000736080831140173	0.000454274773778952	0.00142899936878248	0.0116126681672032	0.00153644765593401	0.00141854736001047	0.00179165160996693	0.00131284637491011	0.00250818544719506	0.0011624497654292	0.0198905747396332
Ins2:U2:R(5,9)	0.0120820905148063	0.0340639327008102	0.0100911710950087	0.0129224541310789	0.00344621931805591	0.00632377732457539	0.002529522206477	0.000894671455797621	0.00231230105127574	0.00190521315754687	0.00358409538861665	0.00326782155177721	5.26705232476503e-05	0.00587350851726758	0.00894199790197047	0.00310408950977187	0.00405223361869942	0.00233192864891326	0.00039683613290072	0.00117878680455306	0.00357940384547909	0.0041756655193518	0.0031399224287395	0.00522192469082416	0.00461402595450155	0.167120832964818	0.0139112868121796	0.0104116605813094	0.00227702895927525	0.00384065458565195	0.0220706289653211	0.00354949224503078	0.124456700471165
Ins3:U1:R1	1.5407787589176e-05	3.17652540704051e-05	0.000338208937597657	0.000750526591522792	4.51625317172307e-05	4.14922517824226e-05	0.00374775638057988	0.000114926336461374	0.00114567221567401	5.50987027588295e-05	0.000748429608678898	0.000233959834217849	6.2108542429501e-05	2.80738322461886e-05	0.000177875190709426	6.03090690741664e-05	0.000162853778026691	7.73752197801083e-05	0.000671152941383696	3.63181054605036e-05	3.2288240554864e-05	0.000235187463193327	3.57532232911045e-05	5.49880264243983e-06	0.000479729570381871	0.000351964588628825	7.39905064289494e-05	3.13948302338468e-07	0.000147796895650127	0.000129563656596179	3.38476740448222e-05	0.000537850359904968	9.47310732362821e-06
Ins3:U1:R2	8.43179710589254e-06	3.93233452846979e-05	0.000123386195287856	0.000200646830050332	0.000158289210215986	0.000100113257249362	0.000387695742224327	4.8452289298918e-05	0.000954661356957731	4.97618814600795e-05	0.000955038272891185	0.000104781283069562	9.83722797528212e-05	0.00012200928180907	0.000486124514283564	3.67789073112696e-05	0.000196355181361125	6.66505740634266e-05	0.00115545623368912	3.10646878222639e-05	7.42500707717946e-06	0.00147103276077702	0.000221113266554228	6.16648698283377e-06	8.58055486984819e-05	0.000343664919231461	2.07882338414503e-05	6.55576501402833e-08	0.00029512395072453	8.90562604857479e-05	3.87879226786678e-05	0.000276002571337124	1.45979030888697e-05
Ins3:U1:R3	1.18071048707921e-05	4.6336957735114e-05	0.00028186685400572	0.000439325073359651	0.000124941018101832	4.46174738832516e-05	0.000206364428758202	2.28201017461666e-05	9.93693061573125e-05	0.0001487248375099	0.000957908196771496	0.000168545307117125	0.000117417460239454	1.44183540612219e-05	0.000221474569895539	2.7502837082475e-05	0.00018579443604021	8.27469337467825e-05	0.00057740698075745	3.56504932277737e-05	6.38737990519507e-05	0.000620540883644959	2.10092597935059e-05	3.8833135199924e-06	7.64466856502171e-05	0.000265925544398414	2.65399018059149e-05	1.28201626940998e-07	0.00040649752356109	0.000148673812522516	3.51066797396072e-05	0.000152124683110193	2.4899260233143e-05
Ins3:U1:R4	1.44568208623717e-05	3.68702869605124e-05	6.05021236309128e-05	0.000175031467166685	0.000130078474924632	0.000132658578535808	0.000137602747905706	7.23606123156255e-05	0.000128010020058541	7.90646126871643e-05	0.00155860136353962	5.51183852311591e-05	5.95018620152482e-05	9.94281558719179e-06	0.000117240430827618	6.95851393029609e-05	0.000215427715068525	7.08577905967659e-05	0.000430307320254144	3.64055856841027e-05	8.37362785517873e-06	0.000245237486550212	6.72662247907912e-05	1.03068973465411e-05	0.000131875856331976	0.000252385792972392	2.18362183618197e-05	8.66817818521524e-08	0.00105426886095172	0.000179926185455782	5.26072832129513e-05	0.000325403077055185	6.0048111996769e-05
Ins3:U1:R(5,9)	8.2535544119113e-05	0.000345790840235352	0.000313211358719072	0.000813149319704969	0.000735350576582333	0.000224818855502999	0.000702065097055055	0.000464319607438435	0.000217774208748978	7.08470752809826e-05	0.00034868282387272	8.16188129839676e-05	8.62847382374227e-05	6.103007010041e-05	0.000309765714744451	0.000284953239916428	0.000476463871058336	0.000134563313086855	0.000462019240347753	4.53561938249773e-05	4.29221623625595e-05	0.000176271411961153	0.000190765571085195	0.000100831847198459	0.000203946554823107	0.000505607585873697	6.65417683730687e-05	0.000188757956793913	0.0037296478810772	7.41535394475893e-05	0.000221883841862085	0.0010510004669509	0.0112946357416819
Ins3:U3:R1	0.000318334378144264	0.000819019476056928	0.00397882722708275	0.00427671889141299	0.000545795927018194	0.00208476852702003	0.00238117585940789	0.000106710774383402	0.000824948611530062	0.00196183405038233	0.0772313063500505	0.00210127822377542	0.00030639873013569	0.00029251204015209	0.00320301082599905	0.000874195094870175	0.000976179573496401	0.00205290755099954	0.00419090111913778	0.000791875588241196	0.000134341098079378	0.00596670732530362	0.00105482933452796	3.03988238195452e-05	0.00104630811219115	0.00811612862946568	0.000248264733584629	8.53706288493467e-06	0.0213368380308012	0.000473133054453969	0.00131808591603917	0.00471545716715656	0.00021311903197474
Ins3:U3:R2	5.82727168190909e-05	0.000206918627621878	0.000806941545554685	0.000740131725711176	0.00016325763203169	0.000618634061644034	0.000604221604674027	0.000404967815937286	0.000299941622715614	0.000399841564505404	0.013971022145884	0.000177341831473836	3.07482575054999e-05	1.38589117519681e-05	0.000479599437126459	0.000287016537201094	0.000714774796749696	0.000156861560713553	0.000992783084011617	0.00014318670914252	4.01934137048579e-05	0.000909761639974345	0.000392592667555877	2.2094979494186e-05	0.0007857079620554	0.00072523424761101	5.62954890015442e-05	3.47819754910948e-06	0.00396259270288253	0.000125909656091073	0.000285042041359786	0.00041328199446978	0.00010580891458741
Ins3:U3:R3	5.06372445488428e-05	7.17956957764574e-05	0.000126747317083506	0.000235093367254108	0.000116090828087468	8.48607396827227e-05	9.86108923212718e-05	0.000207458706421775	0.000314480277790475	2.39018177145818e-05	0.000477053743383921	6.26883230527163e-05	1.57997660028894e-05	1.6528977318861e-05	4.99155870360126e-05	7.55003145213226e-05	7.80614293757194e-05	6.68722042200936e-05	7.81488427098537e-05	8.82721498337696e-05	5.9236097470621e-05	0.000196571382628465	0.000204795429362789	2.09207759990104e-05	8.67212053789719e-05	0.000514312327401566	1.94375759954985e-05	4.23939470907165e-06	0.00068779321188645	0.000102231999533355	9.15285622964591e-05	0.000359424772225692	0.000745890729104694
Ins3:U3:R4	9.0487003631836e-05	0.000234510270474247	4.39746231789446e-05	7.80004442356879e-05	0.000900455519762997	3.30498785378364e-05	0.000181728244469699	0.000115150082890831	0.00169993115313757	1.35932718347102e-05	6.64736423088212e-05	9.84635925893337e-05	5.44648763609834e-06	3.15322028852118e-05	1.94311116493441e-05	5.88633971334469e-05	0.000278500162758032	9.69462895468024e-05	2.55491145155713e-05	6.11440720734645e-05	7.94264952640869e-05	0.000171096457317555	0.000686727633808392	6.10892798797223e-05	0.000292445837709542	0.000737015813619521	4.81766706930733e-05	0.000106378942045968	0.000637584339453324	3.3692818526092e-05	0.000308641881858131	0.000318592460955554	0.00237345339228608
Ins3:U3:R(5,9)	0.000737972370764819	0.00184553654215466	0.000662384982473311	0.000868059819471251	0.000325664052063362	0.000198257914075265	0.000526065890070276	0.000144846319225902	0.00221223319112084	5.65842687133175e-05	0.000665770629891927	0.000114395873927125	1.3435671001788e-05	0.00020846854778465	0.000348502616458816	7.26459891936217e-05	0.00060598380064009	0.000246080846323678	0.000144777599565747	0.000291857047038015	0.000799394531662643	0.000350159115245463	0.0014975248322585	0.00018314888438312	0.000467059437244857	0.00871855707308599	0.000408646605007433	0.000855332846635281	0.00100290674346909	0.00133387021358273	0.00188161856228824	0.00336306339880124	0.00801347231158261
Ins4:U1:R1	7.15374775428797e-06	7.24193054540174e-06	3.80461476730756e-05	0.00023190649600787	2.13829283975981e-05	2.28415549133816e-05	0.000152011343335448	2.04494066231469e-05	9.76229211633352e-05	3.48203841289234e-05	0.000189414976100515	6.4616989244812e-05	3.25904600351885e-05	8.44249303055671e-06	0.000225491126673105	5.27183172129222e-05	3.19981966115116e-05	7.95915213467781e-05	0.000145000998582866	3.86708630530895e-05	6.01847182486202e-05	0.000256064137572778	1.627698042512e-05	7.64383451761349e-06	8.50708939199491e-05	0.000108559330975285	6.59845345337738e-06	8.08544351730161e-08	0.000107935194077847	5.24495765933583e-05	8.06139467257814e-06	0.00015184221516136	1.55296841370954e-05
Ins4:U1:R2	2.1118211025971e-06	5.46801873269169e-06	2.96121203517171e-05	1.99625614864315e-05	2.5608803574989e-05	1.61458320445124e-05	5.67479024776513e-05	1.80583709156312e-05	0.000122290609203266	1.36356184759398e-05	0.000193784499846213	1.31167776842955e-05	3.96259934051408e-06	5.59442309253758e-06	0.000330000973226537	7.76960992614721e-05	3.37647038750735e-05	4.25041563167262e-05	0.000334958901293561	1.97567178665087e-05	4.11069003799683e-06	0.000104075796584113	3.37690055529337e-06	3.41516702845181e-06	0.000122666053673559	9.8846218399138e-05	4.96174307139818e-06	1.1800377025251e-07	0.000193243293156589	1.26289725486678e-05	1.95548982733567e-06	0.000175757834829189	4.14124910322545e-06
Ins4:U1:R3	1.13487268884749e-05	8.89957799273201e-05	0.000271839496585868	0.00106247171297672	9.25527033494003e-05	0.000186227118630212	0.000404287458173726	1.98778361988067e-05	0.000160405461696822	6.04961827598814e-05	5.85619602603967e-05	0.000197409608334753	7.45727590015589e-05	0.000508736492678667	0.00285652588704784	0.000126533313366694	4.23626633475862e-05	6.71877454600941e-05	0.00044340838376772	5.67240186705634e-05	0.000108095923221398	0.000562755171688578	9.48178963387134e-05	6.16264971650967e-06	3.99801259911651e-05	0.000299641335345962	1.99309510117659e-05	7.95432821702104e-07	0.000622132991428923	0.000341722393952837	2.69055639246853e-05	0.00119804072698211	1.63579339577405e-05
Ins4:U1:R4	7.7441145555175e-06	1.25371680170232e-05	7.67173957605499e-05	9.37818306470558e-05	0.000129704183123206	2.7299855872394e-05	0.000133434972368177	3.07488615827436e-05	0.000398612374875335	3.4053566571522e-05	0.000229593910424867	0.000109760505899714	1.08317725303466e-05	3.11507649470843e-05	0.000231477321017619	5.69910376522724e-05	8.13694416226605e-05	5.92240855934162e-05	0.000151284095939352	2.51897001742413e-05	6.97177714991314e-05	0.00035346554986173	2.08937950191271e-05	4.72367484497099e-06	5.04143532804705e-05	0.000216782538267811	1.29834609777313e-05	5.68166301215789e-08	0.000715332276540859	8.13615221957993e-05	9.54862166928244e-06	0.000107683059160527	2.91958061777394e-05
Ins4:U1:R(5,9)	1.84446861931516e-05	0.000285890553506229	0.000353690312227382	0.000343022073460017	9.01801762855223e-05	9.77393567387195e-05	0.000273485461462591	0.0002045937350955	0.000407038682471276	3.54464277168317e-05	0.000155932530830222	0.00013485677433864	5.74643671002015e-05	7.85253568625275e-05	0.00061644225243533	0.000108392273690092	0.000132827941828696	5.26578226467404e-05	0.000137255067277742	5.1097659026454e-05	6.64620112980969e-05	0.000578779845503229	9.25672214288993e-05	1.68532736954611e-05	0.000274750240000537	0.000528558800416979	3.74825047819586e-05	6.98407499494485e-06	0.00147193577638117	0.000109113255959028	0.000127977898566614	0.000191481883980872	0.00209133079712885
Ins4:U2:R1	6.10338489415211e-06	1.48835085034889e-05	0.000113425789920628	0.000313899735818288	4.96902551215781e-05	6.19020061727065e-05	0.000118960221771173	4.45896123031099e-05	0.000178174929010541	1.96270959580235e-05	6.52843044845482e-05	4.35658902912776e-05	1.46558311188545e-05	0.000100241890139923	6.74480766828571e-05	3.90156072950243e-05	0.00019734614885044	1.90789756900267e-05	7.75087186031074e-05	1.95771531970159e-05	5.74208354880298e-05	9.69323599364116e-05	1.8895366231802e-05	2.65922556260349e-06	8.30905201691218e-05	0.000197899282141513	1.06967902463076e-05	7.57555068287718e-08	0.000250179428378501	7.5847182017474e-05	1.4188818392238e-05	0.000190446168168486	1.68755900956437e-05
Ins4:U2:R2	3.6980678136689e-05	0.000107057592468478	0.000403889544991108	0.000693094922503931	0.000100829381732547	0.000330618721118448	0.000112953332583751	2.22739570524465e-05	0.000536533129774698	0.000199036080802148	0.00620524082229369	0.000224942626928034	3.32759307439098e-05	9.378287438763e-05	0.000195677121762566	0.000105762008029753	8.67503472168166e-05	0.000104053480333479	0.000588845440047464	0.000176558112334423	2.92784190740515e-05	0.000418963712795123	4.82376299731675e-05	6.37753663065945e-06	0.000233226274257382	0.00160322378120217	1.23956098945191e-05	1.32499295116862e-06	0.000735834410754301	0.000331080450875924	6.00634216571988e-05	0.000202215666036512	5.36809415005599e-05
Ins4:U2:R3	3.27813070803316e-05	3.6739612057182e-05	0.000191328365766562	0.00046971082840211	0.000128514901108997	0.000204178879634621	0.000203175749696156	1.50184705626902e-05	3.8202171743255e-05	5.96824405459824e-05	0.00197228408502586	0.00019362104691111	8.06985970721936e-06	0.000100547040490425	3.09627861001695e-05	7.08184416459197e-05	0.000107809603185404	4.23388728100593e-05	0.000158830256969553	0.000140327487097519	4.8988650794703e-05	0.000137670710161948	2.19915985662977e-05	7.9009313613284e-06	0.000151179176817191	0.000290221253672733	1.29537185122116e-05	1.05569669275903e-05	0.000288503469884773	0.000319318303264599	3.2301648996893e-05	0.000266775285008591	0.000280051970605621
Ins4:U2:R4	2.5296084779073e-05	6.22655024794035e-05	0.000151656699508155	0.000216838968755659	6.17158884835248e-05	9.56039491365209e-05	0.000154816322427372	9.92112008796928e-06	0.000292912423114855	4.17778228325694e-05	0.00103107832813438	0.000108069971988921	1.3850180480682e-05	0.000103776548366572	5.48010401315534e-05	5.14207194871551e-05	4.03424301084992e-05	4.40743496300617e-05	5.81374461378794e-05	2.62716924134931e-05	3.73475513708601e-05	5.15726906309307e-05	3.2793772304719e-05	1.13544710530212e-05	0.000241967601404852	0.000403443223426807	1.79382058219484e-05	2.82029010903499e-05	6.98460728594381e-05	7.27999589685082e-05	2.82951982796658e-05	0.000232753589838084	0.0006688634957847
Ins4:U2:R(5,9)	0.000471875283762236	0.00108408153892982	0.000630822883588933	0.00220935302236212	0.000927259642316733	0.000225721819982947	0.000266499475799686	6.38155327688169e-05	0.0023346984388235	0.00012646080475747	0.00103237108663902	0.000328296142742032	1.59160512124046e-05	0.000125238789685216	0.000359416037760312	0.00017754682876273	0.000528693123756061	0.000381038585960533	5.62578870996143e-05	0.000478355675306671	7.00574011603904e-05	0.00065843416222394	0.000146528351448966	0.000209560788491922	0.000319085058809381	0.00743029841974122	4.84592241155102e-05	0.00109271782621158	0.0005120301237858	0.000727899571423081	0.000678593764675977	0.00121753101545156	0.0273102436954271
Ins4:U4:R1	0.000460363593445857	0.000975132064249792	0.00547927229664649	0.00492014961241555	0.000228004076713858	0.00167468341737922	0.00109490771129239	0.000270296874105555	0.000895677203786145	0.00140489445844173	0.135924300612478	0.00238388889363614	0.000323953345663991	0.000555602500676607	0.00431325353975776	0.00140950871040724	0.00121433730614593	0.00282579576683396	0.00197306011919949	0.000621671302673443	0.00159458468234625	0.00527116420154921	0.000456753778106451	5.14347178082787e-05	0.00311512791005142	0.00882096275509999	0.000291463915195147	1.48662897968116e-05	0.0225823640406576	0.000333974312589821	0.0017365416448765	0.00137229206608419	0.000163682870804986
Ins4:U4:R2	8.13781570502969e-05	0.000229976214314525	0.000515467071997483	0.000811235780570006	0.000116453045959816	0.000282039232097225	0.000134705151579615	0.000541231425535062	0.000342160479945017	0.000113426050785464	0.0039574181895879	0.000149346918369409	4.6809526132658e-05	2.79975446585631e-05	0.00035167534123527	0.000128469968230677	0.00020742337863309	6.85287957300959e-05	0.000315392154688353	0.0003736142223248	0.000200217540995994	0.000254918419531328	5.89083515069115e-05	1.48732442722238e-05	0.00042467305067473	0.000467832455065133	5.48109900607539e-05	7.25286136052001e-06	0.00203443104927777	0.000238596897945606	0.0002289105120662	0.000655576723912877	0.000116576162255796
Ins4:U4:R3	7.36513790296628e-05	0.000244843388455098	7.47442415173652e-05	0.00029675153573909	0.000171624864882924	0.000153975433121215	0.000283302888284325	0.00014506396348001	0.000821586820416655	2.22388536684562e-05	0.000149753145178021	0.000202212284818423	1.40693975742179e-05	7.14306112133548e-05	7.97609223426318e-05	0.00013915858853632	0.000226232611799851	3.54533121800496e-05	2.99440605639032e-05	0.000241565126913131	7.0748371850538e-05	0.000390751367197257	0.000227138751395656	1.44780058408412e-05	0.000227615215296705	0.000532687088725741	4.04987406970117e-05	2.63010008179468e-05	0.000437528357948726	0.000148320414663445	0.000269440554324459	0.0011738112540378	0.000422355642915205
Ins4:U4:R4	0.000160683557989934	0.00070123565194008	0.000228946406564689	0.000469060706667878	0.000129680035265049	0.000119764797190835	7.33660804939558e-05	0.000105306257023947	0.000787139376410451	3.43980622204441e-05	0.000136618718770833	0.000161894026156624	1.68046037463559e-05	0.000152117449725272	0.000177037624787532	7.0489171352144e-05	0.000254506302581956	0.000214673223613634	4.21687125487793e-05	0.000636160790234828	0.000109501287336953	0.000233411215759938	0.000696131795586258	5.17110009836142e-05	0.000435522517621467	0.000925874230550406	0.00010617797757001	8.70736709163243e-05	0.000419781198020216	0.000443154247390183	0.000619610226815243	0.00165695698785218	0.000771825301613643
Ins4:U4:R(5,9)	0.0003804218260991	0.00182068834630054	0.000865009575810889	0.00137088011554094	0.000342181187042421	0.00016473656400744	0.00083912537258921	0.000170218147297103	0.000599577628057282	5.51547834458634e-05	9.73964257399181e-05	0.000323029518882722	1.72280154422463e-05	0.000128544585148989	0.000116246212925319	6.89343920951438e-05	0.00040821158364207	0.000267898269203708	6.74600589676742e-05	0.00106897149860244	5.09678719241088e-05	0.000654566402661191	0.00119807493362228	7.14537362211249e-05	0.000694238118542724	0.00356905606765387	0.000119669684796769	0.000254686371866656	0.000475574766387524	0.000928382843662148	0.00168113690798929	0.00383079893674042	0.00129403681353037
Ins(5,):U1:R1	6.41914098282852e-06	1.28271937052482e-05	0.000168733335545584	0.000345755700795678	3.857620340504e-05	2.83392989531285e-05	0.00130305832956668	3.47162925887065e-05	6.76287588917738e-05	2.94480832118459e-05	0.000253484087590697	0.00122034480066006	4.47392042924372e-06	1.08074082469476e-05	4.78749339046132e-05	2.54590232471452e-05	0.000200314264035829	2.86842012933735e-05	8.4468457213369e-05	2.46740272772361e-05	0.000171688649450238	0.000215610294511898	2.86317112836499e-05	4.88100276425922e-06	8.7179033719217e-05	0.000251980720841887	1.09041127265477e-05	8.81386185219365e-08	0.000309283237165688	0.000305922524040589	9.87837568852317e-06	0.000161697208042854	2.28804012953206e-05
Ins(5,):U1:R2	7.73671763396725e-06	2.90432232368645e-05	3.15608113449048e-05	0.000260626579678962	0.00010393238150566	2.79312417224953e-05	0.000660427034780127	2.69065251714316e-05	6.714850301843e-05	2.57593474096003e-05	0.000156216937701244	0.000380275698161893	3.74894613260094e-06	7.57790037080091e-06	4.58572563970063e-05	3.79693460656895e-05	5.85341038253969e-05	5.04340081934039e-05	0.00022936205242262	3.23400573978926e-05	6.02784091896572e-05	0.000125767545543388	8.46623253368133e-06	4.71983757864688e-06	0.000137178147342256	0.00027820698665308	7.51522121410116e-06	8.95954551917205e-08	8.63759185690254e-05	5.46833177780487e-05	2.09930258664608e-05	0.000367867425363023	6.05657681346722e-06
Ins(5,):U1:R3	7.18541582467499e-06	1.16583792921264e-05	3.56938130549362e-05	0.000224350070186236	6.59296897318375e-05	3.83008582387882e-05	0.000168007662779486	4.19677109615636e-05	0.000293479998237898	1.82067667211055e-05	6.14318841407076e-05	0.000262215461113011	5.69908804337065e-06	5.46473419357421e-05	0.000142722486306711	5.93719151611123e-05	0.000100930278150883	7.06887506467656e-05	0.000220973848943277	0.000103963339414068	0.000170013923879202	0.000124168153915054	3.82685789914177e-05	2.88178700940147e-06	6.21581825662907e-05	0.000127089226306887	1.43524891700335e-05	1.15090096912942e-07	0.000112676312614706	8.53622526758419e-05	1.97855442371823e-05	0.000258709255803037	3.43723675567712e-05
Ins(5,):U1:R4	8.30535597814291e-06	4.34319820369109e-05	0.000115288859538826	0.000249972515005985	3.81656898163791e-05	5.20204040471033e-05	6.03467435767236e-05	9.12773558969918e-05	0.000422101253044331	2.3107532065572e-05	5.59505880810148e-05	0.000106283979879157	4.77498228029008e-05	1.89193217311271e-05	0.000701930371181541	2.62110843915087e-05	0.000192118436298111	5.12078355200717e-05	0.000245807656990571	8.24109748526311e-05	6.07819979977309e-05	0.000113133889556118	4.44397270866777e-05	4.48576433287659e-06	6.92704925961438e-05	0.000300348056935353	9.09157188664339e-06	6.19155584658231e-08	0.000149249130156913	7.29599881877099e-05	1.34944558388551e-05	0.000169355227988983	9.00721679951535e-06
Ins(5,):U1:R(5,9)	4.12126418786273e-05	0.000149803531262905	0.00043591258300701	0.000778678703918444	7.57880528242366e-05	0.000125159148351198	0.00032529818846247	0.00034630048510443	0.000585475569230914	0.000137228296667965	6.82835042153235e-05	0.000154452392365941	2.28792540692614e-05	0.000196949122053198	0.00051171100441626	7.92995871418119e-05	0.000184884852354365	5.08922942800713e-05	0.000340906900124368	0.000171171172249638	0.000207408320720581	0.000434473197960262	3.43871861911463e-05	2.00804146740318e-05	0.000443401423941963	0.000653708851631025	5.28541107852394e-05	3.58695040650886e-05	0.000554262384626509	0.000129090236822707	9.02292465974838e-05	0.00044855910274621	0.00032539864828594
Ins(5,):U2:R1	1.07186016339128e-05	2.62819899323249e-05	6.61138644262934e-05	0.000236403525433116	0.00013821026615884	2.94476706201186e-05	6.69887223698644e-05	2.83364682615069e-05	9.36935549268861e-05	2.21701834394352e-05	6.90850144882031e-05	0.000153554264149824	7.09784888892701e-06	2.79466862668127e-05	4.45643553854032e-05	5.14791698351626e-05	3.57992989618318e-05	0.000134792456130189	4.93411098387988e-05	3.64516279070496e-05	0.000119783868115759	5.19033340925574e-05	3.67799715925035e-05	9.76200552851843e-06	3.77655144848635e-05	0.000151643492260252	1.81324066262238e-05	1.46484927146789e-06	0.000100011973459945	0.000179579455480845	7.43128565970913e-06	0.00028629695880569	1.34590595854827e-05
Ins(5,):U2:R2	5.59577115276603e-06	7.05027402051717e-06	4.40080992052563e-05	4.58852803969374e-05	6.27663203133334e-05	2.42931909399246e-05	5.30961372447691e-05	1.13734378209903e-05	4.64101812149487e-05	1.19669319107291e-05	4.42123408588426e-05	5.47755568606642e-05	3.0061674019654e-06	6.35729896879271e-06	7.87437288165401e-06	1.08289011408612e-05	2.92550837063057e-05	6.19136990200867e-05	0.000133633425519439	2.56731435151836e-05	1.41121979936928e-05	2.68128779230737e-05	2.47858461062643e-05	4.8579791663146e-06	1.53958088370772e-05	0.000166165759066648	6.98685506192829e-06	6.55576501402833e-08	7.27291854832033e-05	0.000121628874477428	5.97254844040247e-06	4.94005057180615e-05	6.97800473893488e-05
Ins(5,):U2:R3	1.44736950896582e-05	2.00371814965025e-05	0.000104042846007278	0.000131767919514986	4.76557980718913e-05	6.6509192878031e-05	0.000170495097068551	1.26243837675e-05	3.20461646394848e-05	4.58156322990051e-05	9.10360538970671e-05	7.80201415260179e-05	4.17569615986495e-06	2.13605245351435e-05	1.06272703506248e-05	6.46655683456607e-06	2.23518222589988e-05	2.35791948033663e-05	0.000100561778715863	4.60652440583593e-05	3.00982148081249e-06	8.09922693328751e-05	3.73075567923574e-05	5.951600068684e-06	5.85807332099575e-05	9.82170638134604e-05	9.8045162807177e-06	2.11022791618223e-06	8.23288827008512e-05	0.000177565754472557	6.36534366920393e-06	0.000203722161763619	6.66741105619297e-05
Ins(5,):U2:R4	6.65168170406458e-06	1.52602878080916e-05	7.75085887670341e-05	0.00011900485427061	9.58911447395391e-05	6.21032776445729e-05	4.40725724301833e-05	2.22729400232217e-05	0.000519593195333118	8.39608000163627e-06	5.53817743389712e-05	5.47067859001158e-05	4.34094356286028e-06	5.42404748017394e-05	3.77426838120658e-05	6.5990442900498e-06	4.79589966568108e-05	4.28196975567266e-05	6.95608689555865e-05	2.96281704663211e-05	0.00017626779419342	5.27260980552098e-05	2.3179997551827e-05	4.78507110615664e-06	0.000160037622842397	8.59183844468574e-05	1.35774355097269e-05	2.570588303834e-06	0.000315252348116372	0.000118668333922196	1.08940059444751e-05	7.94048789496159e-05	0.000280931986040056
Ins(5,):U2:R(5,9)	0.000287862528664201	0.00111723303593306	0.00200068698728673	0.00509715835614212	0.000387585197341217	0.000524312184211867	0.000240169719229267	0.000136738562245759	0.000375691071829382	0.00030943949700687	0.000421568548364578	0.0022257516095035	5.63632741354616e-05	5.36301741007353e-05	0.000356698648073567	0.000157714625683777	0.00019982117393245	0.000224992173450315	0.000251908168611912	0.000247964995902749	0.000404873690323614	0.000657457610604717	9.20467417536226e-05	0.000192408208023181	0.00105077992388657	0.00425936792648179	8.39708531675922e-05	0.000709117434272403	0.00106665556703901	0.00174385173740923	0.000500980006062437	0.00211907455214236	0.0168383706193285
Ins(5,):U(3,):R1	0.000974024087045469	0.00340039619948276	0.0157603406572969	0.0161976966087809	0.000421663862164605	0.00738164639498772	0.00227456019184787	0.00837170148971003	0.00329045128640247	0.00389672419190445	0.00452912771068189	0.00758306691642843	0.00131365398190527	0.00117526114576277	0.0178061167940562	0.00630356414245721	0.00457225697374461	0.0113294819271125	0.008744303660699	0.00146037643587392	0.00275952613183224	0.0114005481099732	0.0107907089745161	6.88252087891142e-05	0.00448133026602542	0.0175485865490645	0.00141474761047632	2.401886617473e-05	0.177737902787785	0.00435215464540952	0.00601533341823348	0.00646145432954632	0.000268404707502799
Ins(5,):U(3,):R2	8.11375259461153e-05	0.000410545336637357	0.000817681556073135	0.00135629132716927	0.000105019035122704	0.000483336896826362	0.000658561459063328	0.00116963751107425	0.00225794481833819	0.000138719585141538	0.000556558391419559	0.000432132081712116	4.93377557596302e-05	7.59061496873849e-05	0.000330777967049342	0.000237475970574848	0.000264554808669263	0.000122681682823505	0.000301979621391294	8.44828748852409e-05	0.000242448732668406	0.000136317378784127	0.000326797286352557	3.59743717884671e-05	0.000261781986083828	0.00128443201449489	6.40503994965979e-05	6.6227795008384e-06	0.00415073181887556	0.000258940612436623	0.000361771982794603	0.00288500208806585	0.000140129516530391
Ins(5,):U(3,):R3	6.75181752955112e-05	0.000192296105939207	0.000324931830546616	0.000481784113070078	8.74695792074529e-05	0.000104814186831995	0.000112384398145295	0.000115210087615095	0.000119845670211697	3.9654768252003e-05	0.000127853816109343	0.00014591144963873	2.30912381114877e-05	2.84806993801913e-05	0.000184999722778212	6.0671461231813e-05	0.000100834532499741	0.00026900266354371	0.000120457179644333	8.39441808767623e-05	0.000152470295170031	0.000162022985579893	0.000257882579859866	8.64152376188031e-06	0.000721952703883603	0.000407045779821509	7.30781125602138e-05	1.37962432628552e-06	0.000214749177690897	0.000235776382957176	0.000295949686027484	0.00227132477656314	0.000242936025517963
Ins(5,):U(3,):R4	3.85028258994519e-05	0.000261487015309279	0.000258841141830846	0.000632003308907169	0.000132626073960144	0.00015975578436461	0.000175178882910726	7.41139706991887e-05	0.00124207266734156	5.4319295659441e-05	7.99183307571242e-05	9.46637404109737e-05	2.25176015037834e-05	2.91672876688209e-05	4.72399712107079e-05	0.000108176007402464	0.000170317151533176	0.000105822765143481	6.37030889586163e-05	0.000382274764461109	0.000148863193940107	0.000234303184168047	9.84044098690329e-05	4.79274563880484e-06	0.000154298797833279	0.000396944832226794	3.02787046774163e-05	7.77950781664695e-07	0.00110895189704913	0.000265068397955221	0.000234187182539528	0.00127236118285274	0.000207010689547482
Ins(5,):U(3,):R(5,9)	0.000133669075873218	0.000820447462361655	0.001000288129446	0.00229940125629581	0.000287105959551939	0.000246929767402071	0.000326502212506645	7.83549825666241e-05	0.000448035070204895	8.92072055135684e-05	8.48566682448663e-05	0.000476515012071998	1.81327032445035e-05	5.16212676265968e-05	0.000131949007441042	0.000171793366173856	0.000377156481694303	0.000523373980304066	0.000185945312672433	0.000749756162689384	3.53800416090838e-05	0.000350843470317202	7.00444849004592e-05	4.20564389121706e-05	0.000375951597536096	0.00140673794223944	0.000196530339148366	0.000193217333840122	0.00209882056454186	0.000191494964427238	0.000514687529066298	0.00216025210201663	0.00100135403315991
Del2:M1	0.0020083626724117	0.00262922261330857	0.0210606668552938	0.0137352266917832	0.00327299465757012	0.00818588859655739	0.0057835890358448	0.00336623146921647	0.00379393408016614	0.0179682361025857	0.0141525771502762	0.00675713178597132	0.00853817196008523	0.000360789431076924	0.00355514985709632	0.0027854630243683	0.0318713527728793	0.00467244452728654	0.0143875239381982	0.0481118346810153	0.221250536556308	0.0119462097836339	0.00129278269433004	0.000758477898888554	0.00431392480105628	0.00833969397128045	0.0010371582629202	0.00167943257190706	0.00905209802664075	0.0265837271674644	0.00450818206539787	0.00503276282967854	0.000288541531267233
Del3:M1	0.000216306558817445	0.000472169443132914	0.00649016009480833	0.00464236916710851	0.00243960377687232	0.00299952530950503	0.00126050732598353	0.00332249921254987	0.00192338111311698	0.0171040155478371	0.0135537455557548	0.00324629316182882	0.00061238406356961	0.000212969515454556	0.00145178162751528	0.00107942790513914	0.00430695056171388	0.00293714801656411	0.00717679223606789	0.00572255105629009	0.000942519155464236	0.00144242056727207	0.00033218682674433	0.000229495387045638	0.00104652105560522	0.000780117212016425	0.00013021338882349	0.00029156764899891	0.00426849095226402	0.00344906975414951	0.000646817661147248	0.00229291788198502	0.000145616671592165
Del3:M2	0.00145903237386638	0.0021576851285276	0.0177961414211058	0.00914912067423658	0.00384542567213496	0.00430529879752909	0.00245946388434616	0.00556918592813061	0.00369788290549739	0.0110710646809362	0.00702539267281027	0.00513246505889912	0.00062202015707963	0.000409003186456248	0.00170416467749112	0.000980890360123115	0.0031271726483475	0.00219457429842974	0.0073208201600858	0.0611646759682332	0.011508386205864	0.00826720150117668	0.00157985832191516	0.000525578856613437	0.00154626730690943	0.0032168587780139	0.000798528338607151	0.000994880317560558	0.00320816755480239	0.0191288593413309	0.00421931511988108	0.00416451912562235	0.000201523534485708
Del4:M1	0.000592224815461434	0.000685355747298697	0.00842665937672117	0.00753288546602865	0.00370993204001872	0.0033045136251102	0.00323682679277923	0.0046909649200442	0.00191687582901441	0.0161284794073417	0.0213143558453265	0.00451000575135649	0.000388886672824156	0.000108302945232353	0.00157640767704569	0.000959201384322455	0.000968720987272473	0.00408847160312906	0.00561998677971874	0.0100152102325194	0.00380265764660255	0.00422044848494514	0.000728273636011023	0.000150340257312038	0.000713317848443168	0.00222781053221669	0.000313608055552935	0.00068315951849019	0.000947593693872404	0.0107938441453564	0.000911451323242702	0.00176787273576046	0.000105187727221926
Del4:M2	0.000702118336241752	0.000771494465659035	0.0137161766808378	0.00704507604172235	0.00329510805867695	0.00411962448616065	0.00100837675251323	0.00835104054100813	0.00117579735682012	0.00882783147706393	0.0141259204699105	0.00450501421133937	0.000277891605759029	6.53784625950642e-05	0.0005588214766565	0.000289151923248302	0.00104879307532217	0.00358417659851502	0.00578674125759362	0.0297558547589974	0.0112980383318684	0.00432850738183443	0.000847870272931424	0.000325707165589876	0.000468443569436296	0.00144075538264587	0.000565739309655121	0.000340754097062495	0.000892056402182764	0.0303060601491691	0.00176464196095545	0.00380672639043435	0.000146289624571439
Del4:M3	0.000836817202287045	0.000904720433491109	0.0155609973583076	0.00702960909327394	0.00137343961747474	0.00329135653656573	0.00123943028969374	0.00504758113257583	0.00221847651747431	0.0039959984529925	0.00344920896624204	0.00392548645895938	0.000414773207072507	0.000324069672233177	0.000128421204842338	0.000271751254646462	0.000870438076375655	0.00101605030568809	0.00390504059605865	0.0366434950585138	0.0166976932025489	0.00269865810811701	0.000920078390065627	0.000277914013523171	0.000517878383012056	0.000727905999961148	0.000786332178187293	0.000297720598673743	0.000857298877774039	0.0446847188338628	0.00208103942700324	0.00100034454812692	0.000142510734764746
Del5:M1	0.000147434284570641	0.000182328151715996	0.00380382872445897	0.00354455009465574	0.00249337502002235	0.00186123863608001	0.00141390792783149	0.00562104221424495	0.000946977262984231	0.0150386290810987	0.00726142452058827	0.00704032649578058	0.000398449879432518	0.000217216191165709	0.00190707076597607	0.000429089849758056	0.000230517229688436	0.00554101311126442	0.00501098602257866	0.00122525261595105	0.000613382879601379	0.00112394939866297	0.000138580822209417	0.000126372691851689	0.000656451309716454	0.00108140469155231	0.000177616755413052	5.84315335700345e-05	0.0028883129046829	0.00146390728995238	0.000256338893714406	0.00240458687775685	3.28193991430617e-05
Del5:M2	0.00012009040829114	0.000145380185785171	0.00440250239116359	0.00256976691450327	0.00114459036572541	0.00185359169872081	0.000924108300454436	0.0104598994560433	0.000436945525493139	0.00879637021163795	0.00330126568297052	0.00307802191212164	0.000328677084557695	0.000176529477765436	0.00108318369501021	0.00119029457689488	0.00063865700409215	0.00271280195136713	0.00259174651257218	0.0037510506950382	0.00379476418482018	0.000823609794763529	0.000463573305319376	9.64381772573606e-05	0.0011531524701995	0.00116367742682462	0.000159899868525706	1.93424204647231e-05	0.00235672032783511	0.00570656194212314	0.000404870651259724	0.0030905759841607	6.3309345665559e-05
Del5:M3	0.000222871326693295	0.000197182984337921	0.0037251008358105	0.00114425674386572	0.000988631423821528	0.0006932644205547	0.00120488406134934	0.00698884176759704	0.00203357800623695	0.00379053483875399	0.00173751914058242	0.00189536154497761	0.000191462762883977	0.000268405162462428	0.000693477430318928	0.000294131892898544	0.000562941343169399	0.00050242805227737	0.00156445902075296	0.00488210092283993	0.00595597996719037	0.000521393981453931	0.000224955578969325	0.00014677927416327	0.0015631963083278	0.00124963890405132	0.000287772350357118	0.000101609258789095	0.00147852422263622	0.00771862265091442	0.000407029812687179	0.00185967481913106	5.93233934037045e-05
Del5:M4	0.000164256964560101	0.000228496684020151	0.00405960037218492	0.00234580776718991	0.000389945650476017	0.00103814308759771	0.000717201399324683	0.00374235023416294	0.000610798151643586	0.00179114961813533	0.00138917243392091	0.00146618764100132	0.000137761251630433	1.94024764527553e-05	0.000134662219741644	0.000173412440813665	0.000319814411225618	0.000529170172367407	0.00147711430119418	0.00536277252196083	0.00505207319080099	0.00141400060833783	0.000282469471277969	5.00110920020365e-05	0.00024158430325953	0.000585406795583142	0.000161659047883354	3.49232886480638e-05	0.00111066040823358	0.00904001725328355	0.000415893164285226	0.00147206602267741	3.4010008260239e-05
Del6:M1	0.000312642215857547	0.000505492269453849	0.00459967682990972	0.00535907101541735	0.00190864670869131	0.00197882115422999	0.000869861063299302	0.00503372614344631	0.000739725023823966	0.0128991428592314	0.00759994626261448	0.00965285317243392	0.000285628188717446	0.000351126336644359	0.00252649358342523	0.000739246879735331	0.000632701624591144	0.00655629334606918	0.00435442275546685	0.0013560217375648	0.00125415864808844	0.000759534167653413	0.000477727510277071	0.000138133913135065	0.000299653972275726	0.00221640818267078	0.000294997145143204	0.000465998345563832	0.00377821231149529	0.0024743451157602	0.000451064400648086	0.00256116827739307	4.84526145077377e-05
Del6:M2	6.97058148439984e-05	0.000136109164379722	0.00342748994912245	0.00237065403181279	0.0020536847817439	0.000931352028911902	0.000809699554190913	0.0122663945655149	0.000421533677921288	0.00812137276196442	0.00684970679202908	0.00303531719848559	0.000197818945819393	7.99748210274122e-05	0.000944450612471125	0.000706760176312747	0.000205714318760213	0.00264674865179371	0.00241280389985946	0.000238613820422236	0.000951138722039637	0.000941695646861218	0.000120214817558613	2.13658988926064e-05	0.000933458749906105	0.00157748877308116	0.000127801624781204	1.25251532684686e-05	0.000831863417515488	0.000931143347693378	0.000249516804358625	0.0011811868060351	3.60288671980614e-05
Del6:M3	6.13678661802747e-05	6.8221011198686e-05	0.00178362843268115	0.00125284407012918	0.00023076296950824	0.00122102854836625	0.00026673763440183	0.00879151183015412	0.00119234435463805	0.00368974182110076	0.00371321610806055	0.00135584617444981	6.09334497859787e-05	2.40051609061613e-05	0.000230681528957166	0.000496432444042462	0.000298113659394382	0.00139215292510862	0.0011532780932722	0.0003359931219549	0.000945341595062975	0.000751975504332971	0.000247250938711296	2.93742737110097e-05	0.000877497220689178	0.00113439157364472	0.000121134938612811	4.37254958068992e-05	0.00172757176235502	0.000825657420702921	0.000149030328649777	0.000420186766552355	3.12664307293521e-05
Del6:M4	9.23413194029649e-05	0.00016155592388826	0.00163520216971208	0.0023601161108919	0.000575781529884052	0.000882500961260832	0.000386081556143125	0.00502940987141624	0.000628742257456704	0.00178644799645502	0.00128246814694755	0.00158665075594041	7.55798222992745e-05	0.000197025409640824	0.000170984592264711	0.000283546534874381	0.000228477847319121	0.000797515458327783	0.0007667634245759	0.000674150228388303	0.000420871418505675	0.000740649043426551	0.000339825265664772	6.60393534378153e-05	0.000753361857458553	0.00116347058148139	0.00017363388936861	0.000106354175822582	0.0013160448089947	0.00178083849069722	0.000145876752758049	0.000855720958324616	0.000173052446901033
Del6:M5	2.208928813324e-05	7.1847602751947e-05	0.000850365101838958	0.000481275630057901	0.000220053394415823	0.000263614620991102	0.000131714938019356	0.00234474460531951	0.000259600129354737	0.000794448168551773	0.000524394559824003	0.000229594417871397	5.06753138633365e-05	0.000116084279170155	0.000104885811306403	5.14129261074208e-05	8.78035493793738e-05	0.000286094480710401	0.000524405563945847	0.000286000476279171	0.000484581258410811	0.000493466143020721	3.25219859896428e-05	1.65731532538015e-05	0.000140244532504827	0.000853866195436202	3.42257048075553e-05	9.65664186566373e-06	0.000437720565456977	0.0010180592173723	4.66695892874502e-05	0.00106854486510618	2.49510258469333e-05
Del(7,):M1	0.000760335807303015	0.00182303069394274	0.0271600406943331	0.0212775962866406	0.0113526084072664	0.0144190661873584	0.00222483796813348	0.0847878175081081	0.00274400742178695	0.0831963790499542	0.0231715327130988	0.041973578761495	0.00362214295370449	0.000294215796275726	0.0271930731585531	0.0144727601310332	0.00240645683394447	0.217154286819324	0.0277995803642789	0.00213487198093432	0.00808852632160324	0.00824818565744173	0.00439938376556497	0.000251586529273499	0.00648909918707255	0.00434713068190584	0.000833719798765697	0.000602833915028306	0.0254515095854899	0.000796492095503411	0.00176881086402039	0.00436830405804126	0.0001106748822837
Del(7,):M2	0.000664764344720574	0.000996601587881133	0.0202451399965296	0.0133280946835594	0.00695099115517685	0.015489622253357	0.00316512782250029	0.187451785822668	0.0038203918128249	0.0505015948780863	0.0169170895021184	0.0177752342786697	0.00235120681644491	0.000299606785801263	0.0167658077017361	0.0117399784053241	0.00150640462767073	0.138606778742407	0.0165482607124528	0.000788169189293971	0.00740192397158148	0.00784167874482882	0.00336460977415604	0.000101449647076639	0.00972063261442395	0.00175416055187303	0.000928495914700904	2.43306292220638e-05	0.0194199418728189	0.000318218102382587	0.00193763613247224	0.00450476746265507	0.000191066880500064
Del(7,):M3	0.000648201712754365	0.000761039384435076	0.0112358928275163	0.00584475160973116	0.00434467660255646	0.00802640576939436	0.00199058252085747	0.142594809757737	0.00337563121448371	0.0216623144486492	0.00654117704731062	0.00597813027000788	0.00127110639215963	6.8480824491835e-05	0.00717277461267093	0.00709931497361142	0.0015834559404269	0.0634855864893655	0.0072857959199499	0.00185674472477907	0.00334626565007623	0.00184094590050897	0.0021909067898334	0.000102593152441222	0.00610852671745119	0.00346910667409081	0.000376240439266963	7.46461257047313e-05	0.0129555014951769	0.000413548841837868	0.00149353627006692	0.00418350724884943	0.000154365060322729
Del(7,):M4	0.000309907204114341	0.000499437665599541	0.00597708913377109	0.00439718120813354	0.0016325763203169	0.00534624176430051	0.00116763870218063	0.0836879543040308	0.00191028322566215	0.00951490802002226	0.00128396774681294	0.00336710321086739	0.000682856795255773	6.36238480796774e-05	0.00382073553598063	0.00372466854463738	0.00110152499268838	0.0260630753415565	0.00326312070490553	0.00104856558539238	0.0025268681025022	0.00254530105698487	0.00146136837044765	0.000120850865611305	0.00400275059007951	0.00198109574907136	0.000269958363067634	1.43352728306753e-05	0.00975838587209891	0.000237550040136662	0.000854744542911874	0.0135100967540604	5.3370347817818e-05
Del(7,):M5	0.000182699801522865	0.000278117937658969	0.00330299646988736	0.00146496788582763	0.00148351762888124	0.00254833532673656	0.00124765999250118	0.0400537992594266	0.00105852760447454	0.00381439888784261	0.00173547658214508	0.000826299513904783	0.00043121727103051	0.000143725815086466	0.00239036301245393	0.000989934577304813	0.000571041425255976	0.0090705822930427	0.00160211893967738	0.00075210892028197	0.000611462215310121	0.000490697965202452	0.000841798602180244	3.43895807966125e-05	0.00100042945363032	0.00138407975859907	8.4036461547415e-05	2.05690769406813e-05	0.00363369362168033	0.000253439608026564	0.000484333186662807	0.021403851896154	4.71584741629798e-05
Del(7,):M(6,)	0.000837425367930754	0.00150013373378503	0.00917464642109213	0.00942853704678336	0.00241413382348173	0.0043212957438273	0.00155410395829388	0.0332822010364232	0.00195795953599773	0.00327707151331041	0.000791090639332167	0.00465893799109811	0.000811141080504997	0.000238729290876104	0.0122877876089892	0.00405502601488606	0.00426612461606712	0.0124713317635908	0.00248474697564183	0.00131784813051954	0.00224324220124805	0.00277446004404063	0.00212615059159949	0.000131794749167647	0.00328227784292367	0.0105234636824997	0.000799788894278146	8.02666015767582e-05	0.0142222450783052	0.000409581450778493	0.00246074451233871	0.206519630172875	0.000140388344599343
Complex(0,1)	0	0	0	0	0	0	0	0	0	0	0	0	0	0	0	0	0	0	0	0	0	0	0	0	0	0	0	0	0	0	0	0	0
Complex(2,5)	0	0	0	0	0	0	0	0	0	0	0	0	0	0	0	0	0	0	0	0	0	0	0	0	0	0	0	0	0	0	0	0	0
Complex(6,10)	0	0	0	0	0	0	0	0	0	0	0	0	0	0	0	0	0	0	0	0	0	0	0	0	0	0	0	0	0	0	0	0	0
Complex(11,20)	0	0	0	0	0	0	0	0	0	0	0	0	0	0	0	0	0	0	0	0	0	0	0	0	0	0	0	0	0	0	0	0	0
Complex(21,)	0	0	0	0	0	0	0	0	0	0	0	0	0	0	0	0	0	0	0	0	0	0	0	0	0	0	0	0	0	0	0	0	0
